0.00000000
0.69555415
5.83886968
1.77343750
14.21093750
1.86718750
1.96093750
6.52164672
7.12288453
4.36230469
1.74153314
0.45524421
4.85937500
1.61425781
1.77246094
8.27050532
3.49121343
2.96679688
4.51774047
0.07069947
15.18618629
7.74545434
7.21875000
0.04840088
6.20377438
3.47640015
0.74121218
6.01171875
0.94482422
0.28861418
4.37422761
2.17773438
1.35937500
0.91650391
1.90234375
6.22778258
0.19238344
14.50781250
3.64274047
9.55468750
3.92757203
5.92187500
19.01562500
13.82063719
9.10514406
14.34383055
3.56412843
9.16275876
15.48372562
5.10318595
1.58626717
9.05467753
9.89454122
2.54492188
26.61702391
11.82631428
6.58090979
6.88818484
10.15739140
18.61246454
1.33187140
2.80468750
11.89062500
12.08235594
7.83170656
15.13215814
10.02213874
14.16406250
11.27945922
1.43147828
4.48339096
2.54785904
4.62109375
2.97753657
5.60724956
2.83708887
7.04882314
4.79312113
4.93767730
6.79719969
1.61360843
2.35937500
7.57852837
0.34383491
4.93164062
1.91210938
6.89062500
1.28320312
2.87890625
1.41015625
3.30468750
3.61328125
1.26757812
1.99055657
5.64713874
3.91048094
2.63248781
12.62646484
11.01562500
1.43908691
0.69124266
0.14823488
3.19531250
6.26594969
3.84147218
19.60660018
0.65902482
2.07812500
2.94498283
1.99837655
1.76025391
2.68196532
11.55045656
7.87890625
1.12890625
0.22273680
8.32096188
3.09082280
4.18359375
0.68457031
6.09276845
3.67773936
9.22298094
4.85123781
13.19954344
6.09342531
18.00781250
0.54951653
6.89713874
1.29980469
2.55664062
0.04547119
1.20214844
10.33918440
5.45378435
5.76517731
16.87348959
3.94727061
2.35400391
0.79687500
4.96875000
4.69531250
2.11523438
1.93863891
9.75667110
0.81543218
6.11328125
5.25000000
0.38671875
6.08300532
4.93864140
2.93929078
9.34960938
13.00781250
2.12304688
0.14862061
0.80957031
11.73079344
7.02559809
3.03710938
4.52734375
1.15136719
3.23828125
6.56054189
9.10742686
4.94140625
2.01562500
1.36425781
14.68916497
1.68034186
3.75585938
5.69921875
12.69954344
1.22135500
3.41210938
7.64094969
0.91764406
1.16894531
6.24609375
6.19530253
8.26954122
1.73404694
9.52539062
13.94531250
7.13012633
3.23510804
1.92578125
13.69173094
12.75122008
3.24064273
11.16064453
1.94140625
5.85090315
11.19597185
7.35546875
6.38378906
7.13616943
3.01562500
1.15182921
13.63460328
9.10335328
0.77343750
6.67187500
3.57617188
1.11328125
7.73893063
4.74153812
2.45344969
4.19108156
0.46289062
5.95718861
1.09163951
1.78255125
3.69498781
10.89485594
4.12760500
7.10188719
6.05436281
3.42578125
3.77539062
1.81445312
1.27343750
6.16406250
14.64062500
0.31713743
15.17431516
13.23014406
1.31966312
3.33862305
5.67643063
4.96028812
3.34798094
0.58805422
0.13635254
11.50000000
3.24804688
5.21093750
0.07604980
0.98681641
9.44433594
9.44344367
5.62011968
17.77538564
5.34961436
2.06445312
2.77343750
0.00324631
0.71191406
3.28531860
0.38704469
2.61132812
8.95768063
8.81673343
1.59667969
13.17968750
6.29296875
1.08300781
4.12109375
0.01007843
1.15625000
11.86718750
5.24609375
2.38867188
1.14583250
2.59927222
2.47982934
8.71451906
3.25195312
4.92578125
8.44531250
5.45703125
1.40071532
3.51920656
2.04882812
11.05468750
12.42968750
2.93359375
9.17968750
0.05218506
0.65673828
3.89468861
6.61703014
1.32031250
7.31932846
1.22949966
10.05468750
5.05078125
10.06444814
5.07969906
11.51991530
0.91308594
1.71240234
2.55468750
4.63020501
1.38249030
7.32031250
4.26953125
7.81250000
0.70703125
0.46707572
4.72558843
3.14453125
11.86718750
11.03906250
6.14453125
0.92366453
1.30338625
0.85107422
12.44417110
4.95230829
1.82812998
2.09179688
2.61979001
0.53841312
8.82226064
2.01953623
8.76757812
4.68750000
1.23925781
4.74609375
5.10611813
0.41390140
0.50618282
5.40739140
1.83984375
2.66015625
5.99218750
5.15625000
5.66503657
8.10449468
14.00594169
1.44661874
1.87988032
11.22215426
6.85532136
6.75781250
6.64420656
22.47656250
7.89062500
2.73242188
2.00976562
0.39770508
2.30446427
7.95247562
2.46875000
15.85579344
9.80891844
11.73372562
10.85937500
12.80078125
2.06250000
2.83984375
9.67968750
0.80859375
3.41601562
1.78643594
8.74870124
1.54980469
8.17968750
11.19623228
3.02897218
9.62141844
7.30436281
9.78254876
6.58073249
12.14843750
1.78125000
0.02874756
0.04412842
1.70507812
8.59700438
8.01041750
4.53515625
0.93994141
2.25618407
20.43249086
2.11132812
2.92968750
8.65625000
14.99950798
1.54443733
0.09484863
1.50788879
1.55989500
5.13248781
6.42578125
8.84798094
1.81998781
2.11946532
3.67350343
6.73242188
7.62890625
5.76171875
0.03378296
1.24511719
3.09548187
6.88802000
3.14225343
4.29105040
9.78304078
1.61995484
3.65363679
17.72510638
1.31835938
6.76171875
3.08789062
3.81445312
0.84667969
5.17578125
0.06134033
0.36840820
7.04492188
4.70442376
1.14420905
4.48860594
2.40201906
0.65185547
5.85286126
8.49870124
1.50292969
1.17610033
5.51603834
2.15429688
10.71516844
4.37272218
7.22656250
15.50390625
0.49145508
2.26586914
11.55468750
16.57965088
3.09765625
7.64592743
12.87141844
0.97900391
1.28385500
4.58740234
4.54687500
3.62304688
6.18750000
13.70005264
0.51332627
1.33105469
5.30957031
8.32031250
8.49218750
0.28515625
3.90917969
8.08593750
1.23339844
2.72265625
2.69128844
2.20865968
4.03466797
1.98535156
2.35450833
10.70013428
3.17317874
1.39062500
4.65772468
0.79360580
11.20182624
10.02522828
0.57796265
9.25845759
4.28451116
2.96679688
9.71093750
6.92177638
9.34318927
7.32487810
3.64747810
7.55631095
1.50618905
9.91048094
1.16048094
7.37825687
0.33203125
3.98242188
1.17773438
0.67041016
3.29981422
1.90039062
0.87272094
0.93880250
3.40039062
3.48828125
1.46394836
0.59464539
8.92968750
2.13867188
2.39150077
8.72558843
1.99935062
10.41650266
2.17529421
5.96875000
5.58121454
1.88558233
1.35156250
9.30468750
6.48392852
0.34329621
2.25650128
7.34147717
1.36686530
0.81201172
1.73697751
1.78670414
2.90039062
2.80859375
10.51029205
4.37532469
1.97363281
7.06608156
13.41041613
3.62304688
4.04508422
0.07747437
4.01623535
10.32812500
8.85937500
6.66048094
6.89062500
2.09537843
0.33837891
1.61440894
2.41732934
4.98828125
3.63736813
2.55794437
0.59033203
0.75262928
3.29101562
5.64062500
14.70735594
10.73925532
10.28776374
1.48242188
5.62612152
1.81851674
1.28662483
6.77278812
3.59000610
1.82015015
3.61718750
8.34375000
6.68359375
2.16601562
1.13703846
5.86491467
2.92968750
8.94042969
2.96679688
7.85546875
4.10579344
3.90006593
0.58056641
3.29101562
0.92984237
5.85433732
4.25390625
0.07611084
0.57031250
1.92991544
1.38429354
5.86718750
5.00781250
6.66796875
5.76171875
4.49609375
1.99609375
1.29199219
2.23632563
7.07324468
3.75976562
9.16829344
5.43478540
7.31640625
3.44335938
10.33202128
1.44922872
1.04492188
2.50067127
3.92803966
5.07812500
4.73828125
2.40625000
4.04003906
2.75227782
7.22298094
1.90755374
1.58178711
7.83984375
1.40722656
13.91227172
11.60022237
1.45687389
0.13659668
1.69184399
1.36621094
1.67986004
10.20707630
3.59082779
1.35351562
6.62890625
3.95507812
3.45507812
2.59916168
0.64019620
6.23372562
6.70703125
9.82519282
1.37207280
0.49487305
0.36279297
0.85808578
0.15772232
6.97656250
9.65625000
0.01766968
17.35937500
8.29785156
8.86132812
6.30078125
3.06640625
9.42968750
2.40615512
1.06578900
0.47873947
0.83178711
5.34765625
2.83203125
0.02166748
6.93750000
1.96777344
0.69140625
3.31234213
1.39875970
1.05989999
2.58734638
0.02878826
7.18347075
0.36901949
4.94074690
5.41472185
0.29907227
16.77928192
4.94728058
5.46069149
1.21085633
1.86849124
7.86783688
3.26106937
1.59472656
0.14367613
4.61987367
12.67610594
2.70475343
1.77832031
8.42024158
16.28198803
1.08585633
1.35351562
0.34139340
10.30403812
2.21817930
0.35018007
3.31574690
1.64160904
6.40625000
0.88102297
11.49283688
4.47981937
17.49609375
10.42578125
17.40445922
0.44368531
6.17512190
2.17839372
19.48828125
1.07519531
7.43587157
9.38476562
4.44498781
4.44531250
4.78123505
11.56641622
2.90820811
5.49430297
0.94661500
3.06155630
9.24576906
3.36523438
1.64148964
10.23155724
1.73730469
7.54687500
0.03981399
3.66691209
4.13084941
1.59180684
6.11930297
0.87581422
3.87622643
14.43750000
3.22493407
11.23111813
3.46777593
3.97070312
2.96679688
7.10742188
5.97265625
2.75585938
7.32454344
8.28808345
9.90299811
4.87622008
0.28759828
10.19173094
1.25553468
3.73305630
1.88413120
3.81445312
9.54492188
0.99755859
0.29614258
1.37401534
0.33277177
0.02670288
0.87832260
9.19531250
11.86718750
5.46093750
1.43652344
0.55411618
7.39388187
8.12597407
5.63965093
4.43359375
0.85742188
8.27343750
4.45474845
6.52962655
1.53808594
3.63476562
0.00105286
0.33764648
1.89598656
12.31673094
4.96647218
2.64062500
1.33024047
7.17789672
1.93522218
10.80175532
3.38183843
0.09912109
1.32663749
0.09880139
6.11360594
7.75423094
10.09798343
3.98510067
2.03060062
5.73111813
3.42155031
5.29184592
4.75783244
3.17187500
5.84472656
4.69140625
4.37500000
1.79785156
0.66455078
5.56371307
20.08984375
6.86669922
7.48893063
4.58138187
7.17219969
1.37011719
0.68033937
1.61816406
3.31445312
4.44726562
9.92187500
5.05468750
1.09570312
1.11425781
0.59619141
4.46542740
3.15234375
2.36495488
10.34439938
10.50781250
3.12956061
0.83715322
9.22119639
2.54623413
4.67578125
5.71484375
3.31835938
5.14648438
5.00781250
4.12109375
8.76562500
13.65266844
4.64030031
15.87141844
6.33070757
9.71388962
5.12890625
3.31525488
0.88982324
1.18750000
11.96785461
1.11808289
7.85465204
9.41443151
6.67899380
3.24821171
1.69921875
6.79079178
0.50315625
16.56510749
6.69335938
17.71695922
0.36458375
18.79230940
1.61003435
5.40820312
0.56201172
3.24902344
3.83821532
1.12662843
2.43900543
0.65853890
2.91045137
8.17189494
9.17968750
1.32617188
0.91357422
12.79719969
6.11295656
0.51513672
3.81282469
0.89323000
0.78320312
7.52147939
1.62142342
8.10514406
2.99283688
3.24544437
1.27734375
6.47460938
5.24804688
11.64908688
1.76985843
10.64062500
5.88281250
1.82128906
0.25244141
1.25052264
0.32906721
0.01843262
0.86611601
3.90446047
5.66471188
9.26920656
3.06803468
6.81250000
5.45703125
1.76106688
1.60514406
5.41365623
2.50512695
7.86360594
7.07780031
1.11621094
7.69140625
1.85864258
3.60742188
3.82617188
0.05583572
9.32177734
10.65234375
8.65689938
4.51052005
0.43896484
7.42187500
3.15039062
1.02734375
1.85390282
1.99332142
10.77328014
0.75390625
7.34765625
1.48356078
2.59554078
7.16894282
5.53124003
0.70150903
13.61295656
5.43782469
0.98502687
0.24987793
12.97306824
1.28515625
7.54068595
2.99837655
0.80859375
4.67707503
1.30534685
4.78906250
1.67773438
0.27905273
1.85334206
5.01140403
9.01871454
0.99105108
1.04492188
3.59643555
16.43318571
0.70666597
1.70206726
3.35546875
0.51123047
0.26472961
0.40055359
0.00545502
0.09561583
9.85079011
0.48775238
7.29719969
5.59342531
6.20006943
4.53515625
9.50781250
4.26171875
2.12695312
2.91371787
1.90496619
7.34375000
3.35319093
8.97656250
3.13802000
1.77799562
8.42348848
4.85385527
0.92724609
7.15331782
0.75000249
1.95963126
0.57845467
5.51562500
3.70507812
1.00642821
11.01920656
4.89843750
1.17285156
1.40364500
7.19108156
2.91829344
1.06608156
3.53125000
0.24958508
1.80794437
12.87500000
5.89485594
2.70084718
10.10937500
0.06658936
13.41193706
1.06462544
6.06250000
1.00488281
5.62500000
4.74039672
1.00100437
0.30761968
3.16796875
4.58203125
4.17219969
14.40754876
0.18294686
3.64160156
2.58203125
0.99739500
11.00781250
2.03483156
2.01562500
0.49622521
2.86002936
8.90266844
0.14640383
5.80078125
1.10351562
8.30047374
0.36557145
4.95149158
1.37402842
5.55501219
12.22721188
2.30729499
4.62109375
0.18740698
3.05240968
4.09375000
2.76987120
2.47037843
1.28743407
10.44108156
6.15234375
0.31713867
0.50602047
4.49544437
2.41796875
8.73437500
12.07031250
4.59765625
3.60742188
13.37851183
1.78060062
1.74511719
9.78125000
10.16796875
3.63867188
4.60517971
5.73795656
1.35807375
11.14843750
2.02929688
5.60579344
15.68750000
0.52897218
0.19753354
9.67903812
9.25000000
3.42578125
0.40836422
1.70345218
6.59765625
0.01625061
6.90266844
7.00358156
2.82617188
1.36914062
6.99609375
9.33504211
12.14152039
0.20117188
11.93293440
8.99577654
6.76171875
9.17187500
3.46679688
9.67968750
12.23828125
2.19335938
3.92187500
1.09375000
2.31054688
9.03125000
0.79199219
7.03983489
0.09834871
3.28906250
0.23859150
0.39238995
13.69531250
9.64485594
5.78856322
0.54101064
11.81478280
4.65592531
17.72836304
6.43586658
10.85742686
2.31444316
4.71875997
10.97656250
4.78873781
0.64160156
7.92219969
3.54492188
6.61295656
12.76690658
5.52606217
0.05764220
0.30281617
9.81673094
8.56021720
11.65625498
12.52408688
3.37825687
15.53125000
6.69954344
8.14159907
2.50472296
0.96272828
7.34798094
6.51562500
5.71842531
6.20670158
6.38509530
2.56054688
3.08821532
3.59765625
2.45084718
11.59081782
3.16113530
7.11913564
2.81836436
15.96289062
1.46712157
4.62858156
4.73828125
2.03515625
10.67968750
11.88102172
0.11873414
2.48437500
7.28840315
4.30144060
2.31054688
9.19173094
8.03125000
1.41862062
0.83642080
2.17594858
0.81722047
6.00976562
8.24414062
9.14664672
3.62288453
1.01953125
5.84016844
3.27506593
16.31250000
2.13476562
3.02343750
3.02539062
2.47298094
2.45116689
7.02116467
4.55078125
6.15478516
4.17415032
6.18620124
4.46191406
10.07031250
2.44918823
1.53808594
4.35937500
14.38281250
1.04492188
9.89843750
6.24608378
4.40235372
5.82291002
8.51302748
8.31802970
1.87369127
2.16960715
2.33398438
9.15689938
2.67545656
4.44693097
10.68425310
10.68750000
17.72363032
9.17415780
2.86914062
2.59645844
4.03906250
8.89843750
8.43879876
4.86230718
12.55468750
0.96256593
4.14453125
8.26171875
0.80957031
9.50781250
2.94042720
2.73340093
2.30859375
9.16829344
2.16193706
4.29655031
2.02946919
8.02115470
3.30338874
2.86490968
6.01171875
0.27148438
5.30468750
1.61718750
10.50976064
6.15462655
6.80826906
0.77978516
3.14257812
14.17187500
20.93066406
6.96093750
8.82812500
0.04309082
8.29687500
2.32031250
4.04296875
2.26171875
13.78351286
2.75554964
5.50650876
9.13216312
7.40625000
12.18554688
9.93750000
5.08626219
4.59733156
6.40234375
3.24023438
7.03710938
2.43750000
3.24674313
7.83349734
1.32991578
13.17968750
7.35937500
2.38085938
11.80370346
12.43067154
20.77766844
4.78483156
7.54035129
9.95574246
3.20312500
6.05500222
13.31999778
3.43164062
3.25227782
2.35514406
1.63183594
3.67446754
3.71029809
0.35449219
17.10221188
4.07356937
5.48534907
14.19954344
7.91894780
7.65233378
16.41569592
3.44141123
3.94140625
5.39746094
4.40234375
1.21289062
13.74093673
1.26889184
11.89843750
5.75000000
16.66113032
1.86621343
5.83203125
7.45703125
8.55078125
5.42578125
1.72851562
5.93847407
5.70215093
4.62500000
2.64257812
16.59079347
3.99088874
1.50878906
12.21614251
4.74902593
0.74235109
5.29296875
4.91406250
5.68733267
1.20915170
6.53580563
8.03645999
6.93945312
3.30501219
5.69889406
1.49316406
3.44335938
2.40657469
4.27311281
3.08593750
9.47004876
2.07096686
11.21875000
7.55223737
6.86214982
18.27827794
3.38155362
6.67252438
3.44075687
0.98925781
2.71158688
3.18847656
12.47656250
0.78987796
1.79361813
1.80924562
18.34375000
1.45084718
7.12890625
1.24479001
9.05826906
5.46451906
4.07031250
4.10058594
7.19140625
2.94368407
2.01139406
4.52261581
4.15121232
2.63281250
2.35351562
2.27343750
2.51789783
6.56478280
2.04752438
1.00358405
2.10156250
4.74868629
14.30502216
5.30371343
8.86197252
8.23958998
7.79101562
4.38281250
2.33593750
10.04329344
2.10905031
8.64062500
9.90396720
1.94173592
5.72558594
7.62890625
1.43847656
0.20800781
18.84732907
14.53060062
8.80175532
4.41699468
3.65657469
1.39355469
7.62467531
8.57454344
3.67155031
0.40502930
3.32844969
5.31998781
2.73665282
6.29850343
6.40266844
6.02311281
4.84765625
8.13704344
8.36539672
14.49755984
2.18164062
7.71875000
5.83121454
1.96370733
1.89355469
19.95514918
5.08195257
7.08203125
2.85709220
11.66634530
4.59667221
2.53223404
15.12109375
15.44954344
4.03906250
0.41780516
1.97786624
11.73925781
2.18750000
8.33593750
4.71093750
0.77978516
15.27441406
4.84049313
5.56966312
0.90527344
2.87500000
2.28710938
8.80468750
7.20735594
5.09342531
0.14013672
1.98266602
5.91796875
2.71289062
8.90689938
6.80013187
10.30578232
3.40625000
10.99218750
8.50781250
2.98469969
2.46061281
0.67822266
7.07161126
4.42350593
8.40625000
2.48632812
5.54719969
11.77701906
2.65104001
6.17814273
0.22477234
13.12320922
2.37288453
0.08160400
0.11138916
5.19433594
4.68033688
7.23763187
1.43457031
0.77636470
3.59472905
4.05078125
9.89843750
11.38679743
1.21574163
2.69335938
2.16113032
0.15014898
4.15885251
5.12435062
3.25195312
4.76953125
9.23437500
3.58789062
12.14143174
3.08317763
0.18493652
1.09826660
1.31640625
5.93359375
0.40087891
7.01627438
6.65592531
0.68522218
1.99134827
2.83821532
7.36002438
1.16894780
6.26562500
10.40689938
3.44856937
1.26367188
10.34781735
11.62076906
2.26334718
2.90087891
9.74706782
2.86816655
1.48730469
9.60937500
8.78547097
2.16765403
3.98266602
8.75000000
1.72265625
1.12500000
7.43489251
9.25358156
3.88574468
0.68212891
8.47949219
0.57080078
8.44954344
8.46221908
0.15537615
6.76171875
5.89518063
7.41471188
4.70182624
1.80859375
5.08691157
6.55924313
2.43782967
17.95042419
1.84375000
6.14843750
2.44140625
4.12890625
5.08593750
6.30078125
0.50634766
3.50715814
5.94108156
1.04883062
1.01171875
3.66894531
10.74414062
2.78320312
2.05794188
6.13639406
12.41316711
0.27921570
1.59748518
0.47136247
13.44824219
5.63476562
13.23437500
0.16247559
3.02539062
4.51562500
1.83398438
10.32176862
0.46143450
1.35485840
4.17187500
3.41992188
11.03548094
9.42968750
3.57194093
9.47656250
0.68131469
1.67366578
11.14908688
6.40950687
8.18944814
2.32227061
9.73860594
0.50292969
1.72721437
8.48860594
9.49576906
13.30271942
1.68556183
10.17120568
4.52020057
1.55664062
8.88476562
4.28515625
2.91601562
1.40820312
5.30468750
2.66015625
12.22656250
0.70228504
1.23991467
6.15445922
1.58479859
3.53417969
11.24641844
2.30631593
1.63134766
10.44531250
4.46093750
4.35156250
0.40861688
5.36621343
9.87076906
1.55859375
15.45524047
5.54085328
6.88834469
4.76888187
13.34456173
1.72184452
8.89843750
0.69384766
5.65234375
1.80175781
5.52734375
2.75781250
7.62890625
6.64453125
7.04296875
12.51953125
3.16947418
1.43859708
9.45833499
9.59472656
15.23828125
1.37109375
7.96875000
5.91015625
0.61376953
8.63304901
7.74218750
1.93457031
1.87207031
8.16829344
4.53873781
3.58789062
8.11718750
4.94921875
12.96484375
8.00781250
3.15429688
3.73860594
2.38867188
4.64420656
15.65154266
1.79459469
10.06185062
4.05078125
9.64843750
6.95377438
1.91731937
8.90820312
11.11271055
1.23299257
7.60611813
1.99522052
4.16623947
8.59927970
12.46224374
4.60546875
7.47265625
13.00445982
3.50748781
12.18945312
9.16796875
11.09375000
3.58789062
2.92122064
0.46012702
8.75000000
2.39485594
2.69889406
9.62402344
3.62304688
6.69921875
1.83007812
7.01594969
2.52018063
2.15332280
7.51171875
1.35351562
14.06451842
9.36360594
4.69856937
3.41601562
6.82421875
6.96012079
3.46207890
3.00358156
9.36718750
8.79687500
0.02046204
5.57812500
3.38509032
3.11295656
19.60968972
5.72135749
4.58333998
1.48112062
5.25781250
3.03710938
0.94531250
6.58593750
9.82096188
2.13997562
3.00000000
3.67382812
3.74251219
4.34342531
8.16048094
7.29655031
8.52766844
8.96744875
3.93554688
6.27343750
7.95344969
9.62923094
8.14778812
12.16607373
3.58333001
1.59961436
2.30487061
2.54492188
9.33593750
16.78662109
3.43750000
0.58398438
10.48632812
2.19140625
13.85579344
4.82031250
3.42155031
5.63085439
1.54883311
2.66502037
1.76645666
4.30045656
9.83658688
0.32747562
13.25781250
6.60888672
5.76562500
6.41796875
16.99641844
14.88923759
8.27059397
9.26204344
4.41764406
1.24381344
10.49576906
7.72623781
7.02376219
6.18326906
9.31314938
4.36295656
9.99576906
3.74609375
7.10203458
14.62159574
6.97168218
3.85156250
1.70507812
0.52343750
3.59179688
10.72656250
8.15625000
2.10546875
5.86637079
2.89046515
3.73111813
10.19466312
5.01171875
4.32258533
6.85319592
14.55073693
1.95121620
3.08984375
1.70312500
6.32649657
1.75260500
8.32812500
1.15234375
4.56445312
3.85546875
1.66699219
10.59798094
1.77897218
3.55078125
4.01041501
1.22493407
0.37239749
2.90006593
13.92096373
6.38895722
0.76306183
1.52864500
6.37890625
12.46272828
13.50308954
3.73909796
2.13655640
7.75032469
6.02733378
3.43327903
7.64876219
1.46549562
1.13516768
3.96061281
9.55304411
8.23211214
5.32063719
9.65201906
1.65820312
4.82844969
11.20641415
3.04785405
3.24609375
2.83203125
1.74023438
5.94140625
0.99316406
5.92187500
11.36490470
15.21581782
4.58040780
0.89811281
11.89420656
10.71939938
3.37207280
6.14453125
5.61539672
4.21663453
7.88313719
7.56705563
3.02051030
1.57421377
2.03906748
6.14843750
0.36425781
7.41536126
5.38737311
3.52734375
5.01953125
9.23437500
7.29899047
3.34944703
2.80143063
7.60373088
6.30968224
13.34798094
6.67155031
11.69955444
7.07812500
1.77506344
5.34700687
20.12500000
11.39245503
4.71028812
10.32812500
8.80468750
3.81184564
5.61198249
0.45581055
7.81835439
1.04687998
5.06250000
1.67943090
1.42677027
1.53161621
4.12500000
4.73828125
1.59667969
12.91829344
7.06738032
5.80338874
8.04687500
1.10644531
0.18542480
3.39794922
0.57861328
5.25390625
7.78906250
5.67593861
1.72640514
7.35937500
4.78906250
4.10807126
8.21028812
5.25000000
1.73176751
8.69401374
2.16634032
2.89420656
3.28548094
9.19710328
3.36214234
3.35351562
0.84228516
7.14485594
7.25781250
5.99186281
3.85546875
11.92187500
4.74039672
0.43391969
2.71500397
7.39843750
4.23828125
14.51953125
12.58007314
3.81836436
11.85416002
1.41927748
8.27343750
12.26627438
0.84700687
8.48046875
4.33593750
6.76953125
1.45117188
4.66438719
7.06608156
10.35233489
0.62471590
4.16015625
10.80533688
6.88216312
1.01269531
5.07877438
5.96419437
0.63525391
2.02766844
10.53483156
9.98258422
3.75374390
5.15754876
3.25456061
1.54980469
2.36193817
10.43493683
4.14062500
2.57421875
4.41015625
6.97265625
5.64863381
12.72868171
1.36750970
5.58073249
5.55371094
16.03125000
4.41992188
9.29329344
10.06608156
3.71093750
2.23118373
2.22365026
12.45312500
4.75781250
2.88102172
1.29475953
1.72265625
5.57812500
6.06152344
19.81250000
1.45703125
7.31131334
6.49740248
14.79767353
1.43795269
4.65266844
0.56705812
9.00781250
4.03125000
4.50390625
0.02833557
4.08820535
1.02898215
0.66503906
0.91161985
0.49609500
2.31640625
18.41748047
7.49641844
4.75748781
6.35156250
0.01020050
7.69921875
14.96516844
11.56412843
8.17187500
4.67187500
3.90234375
6.98860594
2.95963376
1.67773687
1.05468750
5.32812500
2.76367188
3.12141844
5.50260500
6.13281250
2.52929688
3.54101562
6.16438719
6.49918329
0.57422249
10.26562500
4.26953125
11.43750000
0.82617188
1.97656250
9.21679688
2.97525876
5.65169437
6.22656250
11.61718750
1.01171875
5.70312500
3.24533827
0.41384141
2.21484375
3.31640625
5.55078125
7.64798981
1.46260590
8.28125000
2.66796875
1.19726562
8.20410156
2.41829344
5.85937500
10.48014406
0.55273438
2.46121216
7.01562500
7.47949219
3.88281250
1.58496094
1.81054688
17.19140625
6.26374993
2.17578125
2.30729499
0.32250977
3.34375000
5.11328125
1.45874023
10.19531250
1.09277344
9.87141844
2.13118407
6.23519046
9.51562500
4.49609375
8.82812500
2.08203125
7.00520501
2.90299811
0.62890625
6.83202128
6.80469747
3.12760251
2.10872562
6.75000000
2.02929688
6.50813719
10.17774263
22.96164700
0.78729526
1.32031250
3.32974347
2.17025653
8.96875000
17.18651596
4.21973404
2.56087157
8.08951906
0.89794922
3.10742188
17.18322754
11.84977172
0.41145875
11.07371676
1.27784574
1.30566406
4.18814440
1.39779310
2.72362035
6.76466090
4.17968750
0.28928889
4.26855718
2.20117188
6.69531250
3.87661348
6.45446088
0.25925767
1.83072751
1.17218972
1.92383809
11.44367908
1.21712904
10.94531250
4.79784409
6.16895279
1.16210938
7.11328125
6.67138298
0.67724983
2.01562500
10.01383422
4.36409547
1.50292969
2.50781250
5.21516844
1.54459718
2.31900876
6.24021942
2.12436557
8.35709469
5.24153812
5.69921875
4.93456782
12.27636968
6.35546875
20.68750000
2.14062500
0.66552734
20.87923094
4.04329344
11.83437259
3.86523438
0.22192383
4.99966534
3.49252216
1.84863281
9.53254876
4.22916002
0.86915059
8.72656250
3.26757812
5.73860594
4.67936281
10.76562500
0.47753906
1.56347656
12.30370346
4.18620373
12.90950687
6.62727283
2.80273936
2.85514406
10.03125000
1.75097656
3.87695312
0.00276184
7.70901593
9.29720966
2.25227782
0.89127687
9.45312500
1.57226562
1.87115935
3.17351839
0.43286133
6.16015625
4.79882812
0.88134766
3.69140625
0.79541016
7.33203125
6.76171875
9.63537567
2.59899933
0.24810775
0.27435318
2.34570312
15.36002438
12.65143057
2.94433843
8.48360106
15.90201906
3.06835938
2.56640625
1.92415282
1.45670656
4.50423094
7.06070922
1.43017703
3.89648438
15.09712645
1.92936281
5.46549313
2.47395999
7.80468750
4.32909907
7.53027593
4.01822751
5.80967365
0.25950119
3.61131068
2.79005651
6.63281250
9.41406250
10.69628657
3.16699468
1.15332031
7.78906250
4.62988032
3.11426030
2.53710938
5.95703125
4.14534173
6.70182624
2.04101562
1.06738281
3.74040648
4.21061281
5.99609375
1.69628906
5.75195312
1.56835938
7.03125000
8.62564938
11.43685062
6.10156250
3.80468750
6.29296875
6.69335439
1.96875498
1.91894531
4.00064938
4.39778812
1.43293939
3.35807624
0.98144531
12.08560284
1.91049091
2.48437500
3.22070312
9.98240692
7.37257106
5.74935062
6.39811281
3.74446532
8.54264406
4.01611328
6.27343750
1.62402344
6.48828125
9.63361924
1.58545545
8.75877660
3.39714871
1.86718750
4.68286133
2.99804688
1.59472656
0.53336422
4.23763187
8.25390625
9.84016844
2.96451906
1.05859375
4.21093750
2.08593750
4.32812500
3.79915282
7.29264406
6.05924064
2.92220467
10.07031250
5.43359375
1.49934813
12.56501822
8.18734264
1.07324219
8.42789672
2.27913453
0.52636719
4.75552970
5.32650155
1.64843750
6.50812722
1.59099387
1.95377438
4.66731937
3.68554688
9.94954344
6.20280031
5.92838376
17.25846188
7.80500222
2.06869902
1.86425781
5.85025876
7.69856937
8.00846188
2.13216312
9.03906250
1.48746454
0.43734015
1.14355469
5.73762938
6.27734375
16.37629876
5.78062263
3.41178468
11.66406250
2.66210938
8.70312500
5.88281250
18.33984375
5.46484375
2.89453125
2.07552000
3.32780031
8.73502438
10.83170656
4.19173094
13.78807846
5.42220966
2.62109375
8.49901596
2.52832779
4.35937500
6.27766844
15.83430159
7.40658466
4.91015625
0.44897461
1.40429688
1.33765500
8.10091312
2.65820312
10.81250000
2.08984375
6.58984375
8.75000000
8.62500000
0.08508301
5.39615719
7.37825687
3.16406250
13.74804688
11.22363032
6.46582280
3.06054688
4.25781250
4.46093750
5.39908688
4.28841312
1.13183594
2.96582031
4.62532469
10.56211046
9.06250000
14.61328125
5.59765625
2.13476562
3.51171875
0.07006836
4.89257314
2.94708833
3.59588541
0.72558594
10.03666012
11.22070312
2.54622562
2.94726562
10.00000000
5.52147939
1.85937998
9.94531250
0.01048279
9.70735594
4.33170656
1.37890625
14.39062500
2.17024657
5.07194093
4.55078125
0.90722656
13.92968750
6.12677002
0.54589844
1.90722656
6.66861813
9.78060062
5.73567376
9.65885749
5.14062500
14.73079344
5.19140625
3.08170656
4.24218750
2.45410156
4.64453125
2.84960938
19.32844969
1.52408937
0.09295654
6.01953125
6.52018063
8.92122562
4.99430297
7.15022828
0.84179688
3.15966797
0.94970703
2.80859375
11.73567376
4.88151374
2.51074219
15.39089966
0.95654297
8.77343750
6.80078125
0.36360594
3.11100343
1.99804688
3.20205369
9.84091506
1.66406250
5.38281250
10.92024657
2.33170656
7.24218750
4.44921875
7.59765625
9.33414672
0.61498899
5.08138187
6.31250000
0.47094727
8.75080674
2.90153701
3.57527649
4.99503601
3.95930907
2.88053468
1.75781250
0.41210938
4.98046875
5.30468750
0.28344727
2.51269531
3.21484375
9.73046875
2.80468750
10.42968750
4.75781250
11.29687500
1.81347656
10.69531250
7.47283268
8.97656250
0.30875485
4.80794437
8.73828125
1.79492188
1.45800781
3.06640625
11.05468750
6.85937500
2.06567383
5.26171875
4.63411126
1.73502936
4.25390625
12.75064938
3.20638187
15.09368868
7.06771498
0.11011168
4.16373781
1.77701657
1.25976562
4.14062500
2.26888187
9.53906250
1.94823720
16.32389655
2.49153812
4.52343750
9.70312500
5.99609375
3.45166016
5.96093750
1.32617188
7.39843750
1.28906250
6.16406250
0.68749502
2.77344248
0.59765625
8.64843750
7.46484375
7.50000000
1.62011719
1.51562500
3.58398438
7.28125000
4.12109375
1.29426502
9.85775155
8.91878421
4.06250000
0.76562500
7.75000000
6.05859375
4.44921875
6.41406250
1.78263243
0.30989687
7.30957031
4.51562500
5.59765625
1.26953125
4.91796875
3.78125000
18.53157469
2.56119127
2.87989029
7.47867797
5.87874390
2.54296875
5.92871094
7.28125000
4.75813719
3.13639406
6.99218750
6.75552970
5.63117908
9.39454122
2.92968750
6.17578125
4.67968750
7.20312500
12.28906250
2.97851562
3.89453125
2.33984375
2.70898438
2.16406250
9.05436032
30.08138187
12.19173094
1.98014406
9.88964096
3.98926529
1.66992188
5.14062500
1.23437251
3.93099124
9.41406250
3.94889406
13.07893548
3.85807624
0.81494141
10.93359375
3.69335938
7.65234375
2.83593750
11.74609375
16.48803711
10.85937500
2.10383284
3.32487810
7.95703125
1.62011719
9.53125000
3.75585938
1.11621094
6.78644504
3.46778590
1.34049562
6.60546875
4.29296875
5.12109375
2.38085938
3.17936032
9.67252438
4.06120124
7.12890625
0.82714844
9.11539672
0.85579469
4.89062500
10.54687500
4.30956782
2.13476812
6.58984375
10.33235594
7.87076906
5.07031250
3.49673815
10.84505873
2.84765625
3.98242188
0.68554688
7.82812500
1.36751219
1.84244875
2.08333250
1.80436281
7.29296875
6.68359375
1.24316406
8.23079344
10.13639406
4.56445312
3.94726562
12.20735594
3.67968750
8.97427970
1.63281748
2.19726562
6.76953125
14.83203125
7.07812500
5.27343750
5.38411126
6.19596686
3.16406250
3.32291501
4.42903812
8.50911126
4.74479499
7.58593750
2.15852782
11.90983156
3.99218750
8.89062500
3.94986315
2.10482435
3.29882812
7.37564938
13.16764406
1.05761719
0.74235109
8.32193595
4.71322030
1.80664062
1.99609375
4.26472961
4.62101258
7.19173094
0.77848266
1.91943484
4.31250000
6.07421875
0.66601562
0.63525391
3.61328125
1.09332275
3.31054688
1.64941406
3.70507812
12.41601562
13.14450924
5.01625943
1.88185338
4.37467531
3.27734375
0.74804688
13.45735594
13.95670656
2.94938110
2.67203735
11.57389406
2.37890625
9.45377438
1.17415531
3.21516844
6.83365968
1.50878906
15.05889850
0.31414837
1.20893669
2.30859375
3.99902095
2.51074468
13.27343750
4.78906250
1.47753906
13.09081782
12.05175532
1.62695811
2.09570312
8.82812500
5.89127438
6.94238281
2.38411624
7.57421875
1.62695312
5.18001219
12.51912103
1.59993905
6.35546875
4.50390625
8.64062500
0.10766602
10.21756386
5.18897606
21.54099590
5.45134419
10.46606383
0.41626039
1.36181641
5.39843750
5.15234375
9.27408688
9.11295656
10.80826906
5.84439938
2.34912234
1.77913453
6.66698471
1.91895279
10.90859222
3.97590315
3.27409685
0.20996094
12.45556641
1.89648438
2.81900876
3.49739749
11.19140625
3.19335938
0.15502930
6.33984375
7.11751219
10.85774158
2.99577404
6.15331782
6.49870124
7.13313719
0.83463625
1.59863281
5.94433594
1.86523438
5.86718750
1.34960938
6.50813719
3.39615968
2.72070312
0.62076781
5.27425172
2.74414062
1.08561032
5.07356937
1.49804438
1.70996343
7.03125000
5.10579344
7.53092531
6.88577904
2.06051003
2.16601562
3.22656250
5.01171875
1.03906250
9.04687500
0.18896484
0.00315094
1.26009032
4.98046875
1.55924562
9.87141844
2.58951906
2.32324219
0.93359375
4.02734375
7.56020451
3.84570312
10.07584220
1.46810311
11.23305630
8.24480496
3.27634974
2.98358197
1.57128906
0.32104492
7.19531250
1.48925781
12.77734375
9.59375000
3.35221188
8.00325687
1.68652344
1.63574219
4.17187500
20.10725880
4.79687500
0.72363281
9.13556738
7.11443262
3.23242188
4.75781250
10.81250000
8.83706893
1.53988419
6.91471188
2.50325687
2.58626219
2.40592531
10.07062722
13.10124778
8.16406250
2.32633422
2.87093140
0.89941406
5.93879876
7.46272828
0.42122687
4.90234375
15.57974845
2.49056405
10.36718750
5.82031250
0.32641602
2.73046875
1.10839844
4.52734375
0.86230469
3.92773438
6.80891844
7.20377687
4.40234375
2.25195312
0.69580078
0.96289062
7.39408356
0.41760098
7.17903812
2.84912109
1.84375000
4.23046875
2.42968750
0.49340820
8.42187500
2.61555907
8.51139406
0.03378296
6.58300532
3.77246343
9.62304688
7.50781250
1.46386719
7.86718750
0.28816649
2.29850343
7.15234375
6.38671875
6.44531250
3.17578125
5.45703125
7.50813719
4.41796875
7.53092531
4.94335938
4.12890625
1.00292969
3.36914062
7.02766844
14.17951020
4.10922761
3.72015888
1.99077862
0.09631348
10.23437500
10.21516844
0.60331269
0.27795441
2.78820369
2.80782413
4.15201906
5.22265625
11.15266844
4.07747064
9.01522163
1.79646789
5.51920656
4.89843750
0.80810298
9.53418218
2.84375000
12.76025266
14.29052859
12.31673094
7.76530031
1.66406250
13.88476562
2.71289062
2.44921875
10.23144282
3.60351562
5.49640847
5.88933621
5.63704344
9.13932375
1.82617188
1.31412594
7.20247562
0.47875977
8.54687500
6.62890625
3.32421875
14.59179688
6.35156250
0.39697266
0.84179688
9.34960938
13.46516595
9.63932624
2.01432126
3.40364749
3.84069824
2.10383782
5.26041999
3.01497064
2.56185062
5.68098626
2.94791501
4.93490248
2.91992188
7.23437500
5.59699690
3.16765154
2.64843750
4.17838376
9.22591312
1.23730469
12.21695922
1.77913453
7.75000000
12.34081782
0.87695562
3.28759766
7.54687500
2.25455563
0.07234867
4.48437500
1.91894531
1.09521235
7.99414312
3.41796875
4.92643063
7.43326906
2.12858156
6.47688719
15.65657469
4.76106937
1.82128906
5.56770501
1.56803718
2.88476562
4.21484375
0.12780762
1.16015625
9.25781250
1.11914062
5.31250000
0.80077876
5.07324468
5.80468750
7.73111813
5.51530031
10.00552970
3.64258311
2.24218750
2.90852283
2.97819592
2.12695312
2.16568844
3.60872562
1.70507812
4.14533799
0.87809951
0.88281250
5.49820922
2.87947633
2.23242188
5.58658688
7.85872562
5.11328125
1.46484375
1.60644531
1.35123532
3.81486148
0.18192566
2.06466675
1.36230469
3.78906250
4.16796875
6.58984375
8.40819814
3.49805186
12.52310284
1.15267841
6.53025599
13.17677526
1.34993407
1.05338625
7.32226562
4.82031250
5.42578125
0.78759766
6.36718750
7.69262633
0.04034486
6.20117188
2.26171875
3.74218750
3.39453125
1.08593750
4.12890625
5.76008533
1.32292248
9.31054688
6.41406250
1.08593750
8.91357048
1.91846077
2.09570312
3.50031971
4.88444592
8.68750000
1.43750000
9.40689938
1.44376773
5.87198914
7.05468750
19.03235054
1.27636719
3.38215315
2.12956560
7.34765625
2.06054688
10.33365470
2.59113753
11.28028590
1.87500000
0.54785156
3.41796875
12.89127438
3.67903812
12.62531472
7.58692403
9.21126219
10.69889406
0.36344484
9.27343750
3.10449219
1.73339844
17.32031250
13.60221188
4.40169437
8.23437500
3.61328125
4.94986813
13.27343750
5.39778812
2.55370845
14.28319814
9.41927748
0.89469484
11.27766844
4.48795656
6.25357159
6.35189716
7.50000000
3.29882812
9.92187500
22.30090870
2.97235150
0.61931792
7.31542969
20.67675781
5.79296875
2.28336547
1.06266235
9.09733156
7.88602301
13.27701906
4.13671875
0.94970703
3.60156250
2.41422485
4.82991578
4.49218750
1.45410156
5.75781250
8.43391844
2.08561281
1.22753906
8.32812500
9.74283688
4.49302361
0.74460826
0.49243164
2.07572418
0.43790617
10.21451906
2.80468750
12.07031250
2.25781250
2.12271969
1.78255374
4.47265625
3.46093252
1.83203623
17.56054688
1.92871094
4.99641844
0.30192140
21.21875000
7.73828125
12.63704344
2.95507812
2.72037843
2.89062500
5.74023438
11.19531250
14.99218750
1.98339844
11.45377438
1.01790531
1.11328125
8.46613254
5.52996121
1.34375000
8.44726562
8.62500000
11.74820922
0.16036499
4.38631040
0.00000000
12.08593750
0.01107529
1.79187054
3.85666874
11.47298094
7.62858156
7.00000000
5.98437500
0.29711914
4.20140002
1.56910780
2.65429688
3.51171875
8.32812500
4.69531250
14.58398438
1.15917969
4.18001219
7.80436281
3.71679688
3.91015625
4.44954344
5.65983156
0.90218016
11.46646720
19.28971686
7.02880984
11.38460328
2.30468750
2.99218750
0.54394531
2.94368407
1.70377687
4.75991800
2.12484762
10.72656250
2.38867188
10.45735594
3.38639406
7.69270501
8.19401374
1.79785156
9.97656250
2.02929688
8.08593750
1.39648438
4.80695535
3.09734153
3.75000000
4.94140625
0.02769470
13.36718750
8.41406250
7.34407469
4.91926751
7.11165780
13.68164062
14.04593373
2.07992076
26.19140625
3.34375000
12.80273438
3.88867188
11.70312500
8.20312500
3.16796875
4.43359375
14.30594638
0.74483487
1.40429688
10.80598626
23.54101562
6.59635749
4.19140625
1.70637938
4.06640625
13.54589096
2.83659685
3.31835938
8.42187500
9.83137190
3.01237810
1.49218750
7.80468750
5.73828125
1.44726562
2.96679688
3.53320312
15.82779034
6.41178967
6.60416999
7.90201657
2.38020999
11.50423094
9.75064938
5.17480718
16.73828125
1.91438719
2.58170656
16.90478516
3.60351562
12.76855469
3.25195312
6.71289062
3.90039062
11.24511719
2.94140625
4.26171875
12.63069534
3.98242188
2.12695312
7.53515625
4.56640625
7.95133422
5.83382203
4.90625000
10.74324025
1.90519725
3.63867188
1.28417969
6.19921875
2.06445312
7.57273272
2.68898603
0.44799805
1.37500000
2.45507812
13.86419678
1.81640625
2.08789062
9.25000000
10.39062500
10.81834442
3.27841644
5.74698914
10.74885860
10.26318484
6.64030031
0.72509766
4.39453125
0.96752930
13.21875000
13.35579344
5.22233156
0.45190430
2.95312500
7.75390625
9.64062500
4.09765127
1.57845467
3.11686281
6.88671875
7.95279034
4.68783466
1.87841797
7.46295166
2.20117188
7.71093750
8.01562500
4.26171875
14.08733177
1.12890625
7.92902815
1.07097185
2.86424784
5.61892675
0.86496994
2.08609860
7.21842531
9.43147828
2.95642121
0.28999848
6.82031250
4.53287345
2.20540780
9.59634752
2.51107435
1.20996094
1.61082987
5.85938497
1.28515625
2.15835425
2.45053246
5.91015625
0.99267578
2.06494141
8.89843750
1.33593750
10.07031250
5.26480829
1.13558233
4.28645501
3.34245124
9.33593750
8.30143063
5.47054078
1.54964234
20.31803468
10.05651855
1.98632812
12.11523438
3.39062500
12.62564938
4.09310062
1.26660156
4.45524047
0.95719360
1.81705812
5.54719969
3.07389406
5.85937500
4.55859375
3.66601562
5.20344969
4.17936281
0.70784422
11.33463376
2.15136968
9.21093750
3.82323970
9.37011968
7.60318595
7.19279366
0.49357117
7.61912567
6.58009308
4.71337891
1.37760251
3.72591312
1.11295407
6.10437167
0.19966644
6.90754876
4.10026374
4.16275377
14.29427748
8.61718750
2.05078125
2.93179051
9.78207668
6.79687500
2.64257812
14.51562500
1.43164062
1.77343750
0.00994110
3.58740234
14.04687500
0.83593750
5.07909907
7.92480718
2.28710938
5.23437500
8.81314938
6.70247562
1.12304688
1.14973875
5.36587877
8.59473404
1.04687500
9.59375000
0.54785156
2.01043701
1.71875000
9.96516844
0.91080812
3.53320312
0.07928467
9.30761719
1.90722656
4.78906250
3.27343750
2.02929688
0.89111328
3.97851562
8.96093750
0.81835938
1.61914062
10.14973626
5.86800421
0.94466187
6.78548094
10.17545656
1.13671875
2.33398438
1.20800781
3.88346188
8.23766591
1.46810560
6.36653314
7.19791999
14.45800532
6.37402593
1.10742188
6.12109375
1.68261719
2.74804688
3.62019836
4.66951352
7.03450687
11.85937500
8.11718750
4.79117797
9.09554078
4.98893063
7.89680408
2.95801529
6.20930907
1.69889406
12.41752106
0.69917816
2.21093750
11.27343750
5.07421875
10.24218750
5.31250000
13.91406250
2.27734375
7.25455563
3.51870956
2.13103169
1.10302734
8.29687500
3.57812500
1.97525876
7.47981937
12.08495346
3.25489029
12.66015625
9.84195922
5.64888519
0.65728791
12.81673094
6.26139406
10.00000000
2.13867188
2.38638409
6.04720966
7.37064606
0.50972504
1.68261719
3.10221188
7.16406250
3.45442874
0.46997070
6.58593750
2.36914062
6.48828125
0.98990719
8.07747562
5.83235594
7.62467531
5.22265625
1.17455674
2.33236591
7.60091312
1.96093750
1.19303219
3.91731937
4.00325189
0.85221686
10.19140625
7.82844969
3.30045656
2.39062500
1.98262356
0.18803074
3.56444814
7.75228280
4.07584718
4.84375000
12.73860594
1.39518312
7.71516844
3.17350343
7.78513631
2.06642619
1.28320312
2.35937500
7.93587157
3.87109375
2.76920656
5.66406250
11.51562500
8.50000000
9.40266844
2.74804688
6.20686890
6.91584830
7.44922373
2.89274047
3.93514039
5.05411680
0.44539492
6.10025377
0.67416029
5.52734375
3.03515625
9.24218750
2.84071733
7.03062056
7.42187500
0.92138672
8.56892509
7.78784242
5.78776374
0.94612547
0.16642336
5.41243407
18.62174313
11.36816655
2.22656250
6.08203125
16.41809082
5.01444333
4.10091312
2.17773438
8.74218750
0.83203125
0.87988281
6.10188719
1.98405031
4.28515625
0.87695312
11.88281250
2.44954344
5.26204344
6.08561281
2.67740968
1.00488281
10.58642578
3.73730469
8.77587766
1.24365359
0.85742188
7.51774348
6.85351064
4.24317154
1.12011719
9.71126219
5.44889406
19.17681282
1.75824578
7.29296875
13.26896055
5.37947695
0.34521484
1.74084473
1.30794188
1.12174562
9.78189938
4.93294437
1.05663564
3.86133311
4.48860594
5.10123781
0.53417969
4.16015625
0.38956508
0.99776402
9.52604125
1.13362672
4.87890625
1.09033203
15.92252438
1.48958499
0.22690670
1.34700687
11.52539062
3.60969969
1.37076906
1.85644531
11.06673094
3.00358156
3.25537109
1.55664062
2.74088376
18.05045656
1.12272218
0.40095946
10.03873781
0.91210938
9.80533688
2.87607990
2.79188387
13.43814938
13.82300615
2.86169371
0.91373781
4.66210938
1.54117797
0.12422730
1.59871336
3.00944093
3.64713376
16.47412234
7.68538453
2.25781250
1.49023438
0.46412835
4.79166999
4.51562500
10.20312500
1.81770750
5.19107159
4.28125997
2.69140625
7.51170878
2.44336934
4.75000000
3.38085938
2.09179688
10.20222961
2.43839539
4.16015625
2.52962157
2.65279144
0.46797761
3.07096188
4.80078125
4.67187500
8.02880984
3.52636594
2.40950687
6.00813719
12.62564938
5.96297429
3.76261414
2.87109375
4.51562500
9.03548094
0.71305422
3.79589844
14.07812500
7.79296875
4.59765625
3.31054688
5.27441406
10.53125000
6.85974121
4.57031250
4.46875000
5.52929688
15.47345801
3.09099512
2.70507812
3.80517329
3.37597905
5.08984375
4.99478502
6.20443373
9.69531250
7.17968750
0.83951657
2.56770999
0.75097656
3.87695312
6.73046875
3.91601562
2.02148438
3.81250000
4.92968750
7.10742188
8.21875000
3.52148438
10.74218750
16.29882314
3.28906748
6.58984375
3.81250000
5.77864251
1.84049811
3.03572508
2.42545656
5.60969969
7.89030031
0.16760254
0.11970946
5.67936281
9.03727172
0.87483765
11.63281250
2.14876219
2.10937002
2.66374279
5.91259766
6.68733641
3.30859375
9.70670656
9.39843750
4.34375000
4.81640625
5.07031250
2.24852020
0.74024933
11.80468750
3.52539062
5.45312500
16.56250000
3.90494626
5.65234375
2.09912234
3.33382203
5.05859375
1.50488281
4.87109375
1.05273438
3.04296875
6.67399047
1.88069703
4.39485594
1.60905031
3.40429688
6.06250000
4.24706782
4.45084220
0.52865248
5.82031250
5.31640625
9.99055408
5.05977947
0.63610684
7.46093750
1.28743656
7.23046875
1.69628906
2.92578125
14.89453125
3.13883422
1.42171016
1.51269780
7.08984375
2.33789062
2.66048094
3.64875721
8.03288342
2.78678468
7.70312500
5.82812500
9.96223626
2.18034186
0.11914062
4.72656250
4.82844969
2.12858156
3.01562500
0.28914305
6.29866578
10.03304078
3.07617188
0.11450195
7.60253657
3.24121343
5.46516844
7.86328125
3.63834718
7.29296875
1.29615784
21.46679688
2.17187500
16.55468750
7.22741699
6.51562500
4.75000000
1.00309079
8.26497562
1.57519531
0.63476562
1.82812500
0.88916016
1.15136719
4.67187500
2.25097656
9.29687500
5.71875000
9.10221188
18.02408937
0.97233156
4.15234375
8.30468750
3.53320312
3.15625000
6.71093750
17.90234375
0.68457031
8.70312500
3.61328125
1.17805657
2.85221686
3.66406250
8.59375000
14.20735594
7.42936281
1.47753906
3.82377106
0.28226653
6.65112367
0.58390320
7.84439938
3.84830563
2.27995124
1.00781250
9.00488281
9.71777344
6.63671875
2.73828125
2.25390625
10.40625000
12.81265736
0.72933483
0.02439880
1.21953671
2.23958499
17.41080563
2.85481937
0.32698485
6.44889406
3.53906250
9.03906250
7.10457336
0.37076844
14.43521720
6.93587655
2.75390625
16.03758644
6.38046099
24.68351507
5.53125000
1.18945312
12.78125000
3.83854001
15.33821781
3.20794678
0.89892578
2.86230469
0.49072266
0.03265381
0.78206297
8.24576906
3.13671875
1.14550781
9.92187500
0.37451172
3.78369141
10.75195312
10.14344276
3.51671349
9.72656250
0.70996094
10.18660461
0.15043152
8.36718750
10.75781250
15.81994629
2.65429688
1.55957031
9.35802122
3.61864362
5.57732075
7.94531250
4.33984375
4.26634309
1.05201628
0.67114258
8.65075929
0.98644774
2.52539062
3.61751219
3.45084718
10.75781250
5.03515625
6.00552970
5.27572030
2.64876219
3.31217531
6.36279297
6.64062500
3.07649657
6.33561281
7.42252438
3.63411624
1.51074219
5.60709220
4.49056405
1.53255125
7.22166224
2.37957557
6.64453125
4.07031250
2.65234375
8.97656250
2.59000610
0.96077515
2.50781250
0.57112298
1.45573249
1.01757812
6.21142578
1.22321760
7.50456560
5.00781250
6.23469969
9.04264406
4.42252438
13.59130984
13.14616610
1.05957031
11.91406250
2.56054688
11.32454344
6.98828125
4.10253657
5.15494127
12.09331227
0.10872406
1.15975952
3.45540282
5.05826906
0.66113281
1.88053219
4.20312500
3.44661126
2.33040780
7.60839844
6.64843750
2.03678468
2.17578125
6.47656250
4.08105469
3.59602782
2.49576906
5.47298094
16.51562500
10.00358156
0.62988281
5.55680297
1.25765015
9.50781250
2.13899657
14.14420656
3.89062500
5.65625000
4.83984375
14.07754433
0.71444786
12.85691520
5.52818040
1.54394531
2.22851562
7.42187500
4.72656250
6.95019282
9.59668218
1.19921875
0.78808594
7.49609375
1.78189938
7.50585938
6.31086658
11.51660904
7.52734375
2.26952627
2.52539561
3.87923094
7.36686281
1.60156250
1.09896851
0.50683594
5.53352782
2.86295656
0.48925781
3.24695839
1.33230552
0.45112817
0.24182472
5.53189938
13.49039547
3.30534186
0.24755859
1.81041380
2.96061281
8.91406250
1.39746094
2.58593750
0.73449302
1.18347573
7.57031250
3.32226562
7.56250000
7.05078125
3.45133422
9.91780640
0.72070312
8.05468750
1.00390625
1.28710938
9.88704344
1.01456789
3.57649657
1.43424562
3.14094969
0.32136961
15.23795656
6.61686281
0.56054688
2.01236813
11.86528404
5.58984375
1.58496094
5.05859375
0.73193359
1.26855469
1.12890625
6.50585938
8.73860594
0.76513672
13.32991578
1.84798219
0.42553711
8.50000000
5.52343750
1.75585938
3.73958001
0.98307624
5.25390625
3.56380125
4.39030031
8.94352172
0.56868531
11.49121094
4.21874751
0.51758062
7.73990844
5.76562500
3.89436890
1.67187500
2.02896969
2.48177249
2.24137079
1.84146097
5.90496121
0.56445312
5.17773438
0.18017578
9.92187500
0.47192383
0.10742188
2.25231934
9.73437500
4.46484375
2.34781860
2.53792359
1.29589844
2.82259032
17.80045656
5.96093750
0.90869141
0.62255859
0.39782466
8.29199468
4.70312500
5.87109375
0.50537109
6.92187500
2.48827627
7.57617686
7.79946255
5.98569370
0.53377258
4.15714539
4.96875000
5.00000000
9.67187500
4.72656250
6.05814606
2.10194916
0.08612061
0.00658035
0.88419430
3.93294437
9.37564938
3.81608156
8.37076906
3.21484375
11.15429688
14.99218750
6.55859375
11.97298094
9.40201906
2.99609375
8.92968750
0.22192383
0.96435547
5.05979888
7.07496675
5.12109375
5.03906250
2.92968750
5.41145501
5.85026374
2.73610428
2.44358322
0.82373047
0.08929443
9.12174313
4.66731937
3.06640625
1.48339844
0.43058102
7.22591312
5.66406250
5.74865692
0.29797394
4.47460938
3.10742188
1.31347656
5.08593750
3.05110594
2.25358156
5.60156250
0.30684324
5.81608156
8.07812500
0.55322016
1.61718999
2.14062500
7.78482907
3.10286624
19.80379211
3.86808289
0.56591797
2.36328125
0.21309324
3.80696532
3.93685062
4.76562500
4.20409907
1.14160405
1.66178925
0.62892120
1.17317625
6.61735109
4.98696255
8.52475620
2.61979001
2.59310062
6.97265625
3.92805907
3.23502687
2.28515625
12.93750000
2.31835938
0.83398438
15.15283203
2.71289062
3.95703125
1.60449219
5.61328125
6.10156250
7.85546875
3.00781250
0.85107422
9.40689938
7.40928302
2.37685104
0.34383180
1.81933594
0.27026367
0.08020995
5.54866578
4.28125000
2.78710938
2.31640625
0.29654782
6.32356937
13.44531250
7.16796875
3.52001953
7.90612793
1.77978516
6.85937500
32.43750000
2.32828735
3.51686646
0.00000000
14.56135860
5.21720523
0.91186586
2.68196532
6.53873781
3.49609375
8.89062500
0.10839844
2.42773438
3.78710938
1.28433829
2.27767342
8.02376219
17.32812500
3.88551903
5.18717531
3.13281250
6.93782469
6.17545656
3.18945312
0.00605011
0.65673828
10.56250000
4.33894836
1.91399440
2.01140901
3.48209718
5.28483156
1.41308594
1.75781250
10.44352172
0.90498809
1.12707613
2.45117188
1.69107907
-0.02677243
1.91886227
1.73470218
1.62597656
8.00813719
2.78873781
6.22102283
2.37468029
2.62109375
3.72851562
15.58984375
7.43359375
3.30141568
0.08758089
3.11100343
1.64591305
4.76106937
7.57421875
0.16052246
0.52832031
4.51985594
8.87076906
19.70361593
2.68164561
1.81933594
1.86132812
14.89062500
9.17968750
4.30468750
2.69531250
3.93554688
8.60156250
10.50000000
3.98697751
5.92903812
2.56054688
8.72979062
8.92122562
0.93635555
0.57585148
7.75000000
4.04133782
6.52995124
6.66796875
5.69693595
7.83901266
2.00846686
4.98778923
2.80908577
2.36328125
7.14550532
7.47168218
6.36718750
11.76383422
1.26546265
8.03125000
13.10579344
19.01204344
44.47011478
3.06087157
1.47526125
6.14843750
0.05828857
1.23046875
8.13704344
5.99186281
6.35156250
4.60742188
3.31445312
1.71180214
0.40269857
0.83886843
5.42578125
4.21093750
1.24820922
4.51774047
1.40885500
2.48111564
2.57064217
3.46093750
0.39257563
0.94466312
2.15787843
0.35351562
6.00781250
7.26953125
5.85546875
8.56250000
6.88281250
0.92822266
3.90039062
15.54719969
3.11002687
4.50000000
4.41406250
2.82617188
0.40551758
5.63931627
2.26888685
3.76920407
9.98372562
4.79296875
6.03677970
3.45150155
0.24475098
0.63330078
5.84407469
10.00911126
4.66243905
1.10058594
13.32870836
5.04037123
14.62873892
2.52555795
3.31640625
7.99251219
10.36116578
1.83674424
5.47364029
2.53320312
13.28254128
6.87110372
5.13590204
1.70003546
4.53483156
1.75390625
5.96907469
3.67936281
0.10107422
20.62141844
13.83561281
1.91844582
1.19092918
4.88281250
2.95312500
6.09765625
5.07031250
0.00455093
18.22721188
4.51920656
2.47915504
2.36036402
3.66406250
9.24479001
5.18782469
4.22298094
2.62565436
1.75000000
4.19140625
6.86328125
7.56282469
6.10123781
4.54687500
11.17187500
0.17736816
1.91015625
0.25878906
2.24218750
0.01390076
0.83755493
7.89062500
4.86328125
6.05859375
11.64485594
1.88932375
4.15625000
7.58626219
3.76041750
2.43945312
9.90820312
6.86360594
11.87076906
2.86718750
2.78710938
0.02346802
5.62206782
2.17871343
2.95117188
1.53125000
0.02565002
3.67773438
3.51367188
12.94009752
1.24251967
1.59863281
3.06982422
1.81868407
5.87076906
1.84277344
9.09798094
2.87467531
9.61685284
6.51986591
3.28189938
6.96061281
1.70573000
10.27343750
1.13256587
4.40527593
6.81250000
0.37060547
1.10449219
1.83007812
5.58593750
5.16796875
0.33219360
3.71785523
8.00781250
5.01562500
2.40234375
11.26204344
2.94726562
0.94889406
5.85546875
1.36914062
5.24218750
7.30322141
0.36865359
1.32714844
3.46277870
6.38780724
1.22753906
12.70312500
18.56745001
1.77799562
5.26953125
9.83593750
5.04687500
2.31835938
7.58158200
2.70149137
5.35825354
12.88281250
11.35205078
6.34016844
1.96093750
1.68522218
0.85742188
0.08074951
7.44954344
7.98014406
0.28588867
3.51756816
4.09505428
1.90170434
3.07194093
1.03645750
1.90104250
8.82812500
1.97265625
10.28189938
5.01106937
4.25000000
0.18277984
4.83915005
3.10674757
1.94940602
1.26757812
0.75081422
0.86669797
2.80045656
10.40396720
1.02246592
0.98599845
6.93587655
3.12615967
3.11328125
0.16613770
4.66544430
4.24544437
7.83644280
11.13281250
3.61588874
8.43196033
10.81413342
7.59798094
3.27897218
3.54947751
3.13606937
5.56640625
3.90071532
1.76768524
0.66049589
4.23144282
10.74251717
5.89062500
0.75927734
1.99804688
5.18359375
3.15039062
6.78548094
0.09702514
1.46533328
0.78271484
2.97070312
12.09081782
5.14746343
0.02012634
0.06372070
1.46456190
9.10514406
5.00585938
4.55501219
11.94343992
9.47233156
5.62076906
1.42317625
1.77278563
6.29443484
7.78086381
0.98264572
5.30468750
14.68456782
1.91894780
2.12695312
3.45849609
4.09407469
3.16764406
2.15039062
3.54492188
2.01204344
3.59733156
10.52945922
4.47867797
7.80078125
13.11486142
2.12824690
6.68327903
0.84830563
3.63232546
0.75227906
9.22298094
3.75389130
2.75164339
7.18359375
3.33984375
2.70540282
5.42936281
4.84765625
0.29321289
3.18945312
10.76757812
1.85123532
2.71614749
7.75390625
9.36718750
5.16080563
0.45003421
3.05566157
4.47078679
0.42944274
2.50553468
3.26728249
1.16374778
10.21875000
7.47688719
5.86116578
2.91390015
7.55891844
3.14453125
9.07389406
0.76074219
6.03515625
6.88867188
6.93359375
1.06738281
1.66113281
6.87500000
3.53548094
4.74967531
0.05942245
1.64536576
5.19400377
0.88900404
4.31250000
8.38281250
7.83593750
5.24169922
0.34594727
2.97460938
6.90461658
1.02409436
9.10286126
0.87663093
4.75781250
4.12158203
7.86718750
9.32812500
4.15445922
1.02327515
0.84814453
21.25000000
15.85646571
13.98913823
2.92773438
6.63671875
4.08984375
5.23046875
1.43049299
2.92448747
8.58477616
6.79445478
2.86881593
1.43945312
6.63818359
9.07031250
0.93489500
2.36328125
1.00846437
7.48828125
0.00543976
17.03125000
9.27766844
4.34342531
1.83300781
9.33007812
3.21484375
8.35937500
3.18945312
3.35066711
0.47892273
5.68750000
0.11242676
0.19934082
7.29035628
3.40690436
0.64551280
11.32031250
2.79882812
3.40429688
1.73730469
10.72134752
9.17708998
4.13476562
8.69596188
6.34764766
1.43685921
14.31648493
6.04679632
5.09375000
4.25390625
5.87597407
3.36946532
9.52311530
1.60351562
5.09765625
2.33007812
2.27343750
5.23144282
2.90169437
2.33251953
9.08170656
1.69628906
10.64835570
2.13702849
0.72609042
0.02760315
0.23480225
8.60872064
2.46159186
7.91406250
1.72330563
4.35628421
6.38525266
1.12418578
4.73763187
5.84375000
1.68814938
2.57552249
6.07373047
4.44205563
9.52278812
2.64648438
7.60879517
2.17984985
1.37679078
3.06250000
12.50761590
4.66308843
1.38224367
10.01090204
5.34407469
0.89795296
0.92089522
0.56901872
2.98048815
2.53741466
1.13671875
2.76659907
5.55288675
2.60597074
1.24755859
1.81933594
3.60742188
4.22265625
3.31217033
3.89111702
1.82405640
6.20344969
2.93912843
1.31689329
0.39306765
2.11657715
3.44140625
7.52343750
1.55078125
2.86132812
3.49316157
0.72363530
4.68359375
3.33984375
10.03582764
1.06835938
2.23632812
1.83300781
3.23665282
2.17773188
5.03385749
3.87109375
5.10937500
4.88972961
8.46183289
8.38281250
0.42163086
3.37011719
10.87347412
2.39062500
3.75390625
0.06475830
5.54687500
4.19937611
1.42953014
4.44921875
3.57633422
0.76090453
3.91373781
1.79101562
8.98502438
2.71061281
2.58365968
0.75634766
0.79588120
18.70231826
6.22265625
5.25781250
2.95868984
0.10490117
7.20768063
0.57503421
2.25942993
7.49674313
1.75553468
0.80289797
9.17187500
7.24804688
11.40625000
7.89453125
5.36621094
1.65136719
5.23996823
6.33919437
0.72745664
0.77498476
6.04687500
5.07031250
8.02050532
3.32519780
2.60546875
5.32421875
4.80110594
1.06216783
3.77442154
16.34568963
2.71159186
1.61425781
8.62629876
3.44075189
3.31771498
5.16518396
2.17856604
6.91080563
1.56770999
1.85498047
5.50244016
0.55029421
3.44531250
4.43359375
2.29637550
1.32797262
8.73860594
6.17122562
1.23821975
2.75396775
4.44322640
3.79733266
0.93522218
0.64160156
5.20897939
1.97461436
1.22460938
6.70133422
1.60432984
1.08720823
1.79459718
7.77734375
0.49389648
1.20898438
1.50699828
3.41585328
5.40364251
3.22721686
1.04687500
1.39070617
0.34733094
0.83329025
5.06739029
2.44400377
1.15690686
1.59309813
1.81868656
8.68750000
1.54882812
4.17968750
0.29428952
7.05013187
2.15625000
3.90234375
0.12036133
7.85351562
10.96092753
3.49415059
0.67285156
10.08869238
10.53044824
3.08203125
14.01985594
1.13861598
7.70215093
7.87923094
2.59114749
9.98627307
15.76557347
1.19905640
7.43164062
1.92057126
10.13216312
3.50781250
6.16406250
1.42187500
2.45507812
0.66276000
0.90169312
0.43945312
9.51562500
1.89355469
2.06802970
6.04134530
5.66894282
5.42871343
6.12109375
2.54231439
5.22135749
11.23437500
1.96777344
0.93994141
1.43017578
5.94921875
8.11997986
5.80859375
1.21732574
3.99263519
0.68945312
1.56380125
7.98925532
9.69645390
1.26691753
1.30827903
5.37500000
2.64222761
1.83170656
4.30379211
1.49263364
4.99544437
3.15625000
3.96239362
6.97225288
5.10653147
5.08382203
2.08593750
3.09930035
1.69806293
7.05078125
1.94824219
11.78125000
11.27343750
3.47882287
2.55145057
2.02343750
12.34168495
3.25108849
1.45609283
5.09765625
0.42895508
1.81054688
11.34146720
1.77572030
2.28515625
0.14055265
0.98734652
2.45898438
8.39013298
2.76221077
3.55273438
12.75602172
7.11587877
2.16130263
5.93359375
4.01953125
0.92578125
8.16829344
0.99161867
1.51562500
9.85937500
1.36425781
0.86035156
1.11816032
4.45914672
0.31136483
5.08203125
0.18021543
1.69588320
0.80517578
2.57226562
4.85546875
8.35351562
9.09993407
6.23405031
5.86132812
6.36722809
0.74312348
2.50097656
4.37500000
2.87500000
7.58593750
2.85044326
0.47279892
4.07031250
8.80460134
1.67179757
5.24576408
5.51823249
2.80045656
5.83170656
5.94628906
0.11340332
3.12402344
2.71679688
1.06347656
9.17968750
2.07812500
5.17187500
4.46484375
0.12127686
4.67415282
2.61295656
5.13281250
5.75390625
0.91308594
1.94042969
0.61621094
4.52018063
1.25032718
11.45312500
7.03906250
1.24218750
5.00846188
1.70149906
1.18652344
6.86393063
1.05696781
0.39916992
13.36425532
4.84310062
11.08170656
0.17297239
1.28206422
5.44108156
7.14094969
1.18522218
9.67751053
0.21885178
5.52343750
1.89453125
7.61328125
2.27734375
1.45800781
7.98046875
1.79459469
5.21028812
0.19604492
3.39208984
9.34375000
3.92578125
1.88964844
10.35579344
7.52115968
4.37500000
3.37500000
19.20705478
4.44856937
0.48193359
3.56380125
3.10319093
5.09574978
3.75325687
7.85221188
1.35677249
0.52518302
18.90853280
0.10754820
6.49396831
13.56039450
5.46484375
2.38740202
16.76204344
4.12435062
2.56835938
14.98636217
5.70491578
1.54194246
4.55425518
3.93033688
3.24935062
6.62923094
3.10514406
11.05468750
10.65625000
11.34798094
3.22428468
9.13346188
2.79214706
0.92985981
2.01610082
7.19434840
1.99218750
2.11132812
0.00157356
0.01148987
2.27490234
11.75781250
3.83007812
8.17968750
1.15625000
10.52343750
5.08203125
7.80078125
0.03378296
0.34887695
1.32136961
8.93326906
8.48437500
6.21484375
5.32812500
4.13281250
4.78906250
12.28906250
1.61328125
6.99316157
1.40039312
1.19921875
5.32649158
9.39225842
4.30468750
3.42382812
8.87336658
5.93522717
1.49218750
6.72753657
9.03200521
0.74729416
7.31640625
2.96984863
8.46939938
0.80354984
1.79150391
2.64257812
10.67968750
7.68750000
5.50976064
9.89648936
11.13769282
1.44563968
7.89062500
2.12858156
3.54719969
1.88346437
9.83300532
0.28222905
3.92187500
10.68442764
0.28440291
2.22233156
3.72825726
2.61752216
9.26204344
4.20280031
10.49218750
2.63671875
5.24836658
2.58757092
10.14062500
1.94433594
7.34798094
2.77897218
4.50423094
10.44889406
5.79735705
1.12256482
0.96533203
3.43750000
6.47656250
10.40747070
1.22460938
0.23840332
0.06652832
10.45312500
0.02716064
1.35384032
9.81429078
5.20882203
5.66796875
19.87710550
15.45297262
4.84798094
1.06022218
2.81835938
12.06111259
4.12638741
4.98079344
0.91031610
0.67529671
1.30859375
2.11718750
3.51367188
8.25423094
3.07421875
5.00423094
3.23958499
2.52962157
6.45312500
1.29069093
9.12205785
8.18653590
0.88449948
1.85872562
5.84375000
4.89062500
2.93391844
1.16471437
0.72900391
2.16933706
4.91992686
3.41601562
10.60221188
7.83951906
3.38711714
3.34107380
5.93066406
4.60685180
0.25374390
2.04492188
5.85937500
3.70735594
6.78971481
4.47623781
13.50000000
15.26627563
0.00000000
1.10351562
2.70507812
6.98828125
2.43164062
4.49609375
10.57865387
18.98579677
3.91699468
6.36783688
20.93538578
15.76593972
3.25749279
18.85156748
5.89094969
9.09733156
9.14257812
3.01838985
4.33071255
4.33839760
0.85302734
8.47163391
2.86328125
1.70214844
4.50000000
9.95442376
9.94938359
5.81949579
6.22168218
3.15787843
4.26985594
5.25716312
6.41406250
5.37500000
4.52734375
15.85937500
4.19140625
17.17415282
2.39238910
2.50911126
8.91014628
6.28386746
3.52734375
5.54687500
4.10546875
6.78515625
8.54687500
9.67610594
0.92643312
6.59375000
7.76204344
4.03352532
13.97298592
5.88867188
1.31933594
7.43750000
2.04492188
2.81250000
5.38671875
1.64257812
0.05450439
3.53454590
4.03515625
6.07454344
0.61051515
14.21051419
0.43206393
8.11718750
2.27343750
0.71777344
0.23689696
4.14988864
7.68767730
1.41699219
1.99518278
5.31804964
15.68750000
2.04597961
0.37516297
3.22427472
3.16830341
2.54882812
9.05814606
3.23119110
4.41406250
8.52343750
5.80078125
5.44954095
7.21354499
1.65234375
2.33072751
6.18326906
1.55826906
9.74641844
14.79866578
0.08052613
1.66666002
2.55208998
1.47753906
6.94140625
0.65136719
2.64680907
0.93717531
5.18359375
5.95768063
5.06217531
5.49576906
8.92187500
5.55468750
2.21484375
2.27604001
-0.08384030
4.94921875
8.88318283
3.14291777
1.25000000
1.32682375
10.69531250
0.40421508
1.55550172
6.82454344
10.41764406
0.52490234
7.11132812
9.28906250
2.50390625
0.00979614
0.96777344
10.44791501
6.57747562
14.85716091
4.32643284
1.60046387
8.23144531
14.95377438
-0.06119626
0.81738281
4.33813477
8.73079344
15.10188719
1.30013187
2.57421875
8.12141844
7.03873781
6.13671875
10.44822884
2.61348343
2.27929688
10.82877438
2.48763187
11.21093750
0.08966064
0.77783203
10.04687500
0.00268936
10.03547845
4.07291999
5.26171875
8.73860594
6.35546875
5.39973626
0.56185311
4.84765625
11.89843750
3.94726562
1.51855469
6.15234375
3.89453125
1.64843750
0.48852539
12.80468750
5.30468750
6.13704344
2.36490968
6.87109375
5.60937500
7.88639157
7.26530031
5.34073976
1.67350094
8.17903812
1.04926044
0.44658916
1.47183954
1.30062140
4.82812500
2.70829868
0.09746977
5.15413453
0.21004273
0.59960938
12.00552970
12.03921986
3.17009419
10.71276855
4.96744127
1.87435560
0.85498047
10.85756428
12.98390541
10.52489362
6.00180075
9.74218750
1.81575438
4.38183594
3.02311281
6.91015625
0.93603516
9.51562500
1.95800781
2.36914062
1.35253906
0.82910156
0.00919342
0.65722656
2.91015625
6.23828125
7.64062500
3.65234375
0.67138672
9.04752438
6.55794437
1.31086409
2.67448747
15.34285461
7.04386414
4.38191711
0.60473571
3.93945312
1.04296875
1.39713625
7.02734375
4.15657469
10.74296144
4.68814938
7.05403812
0.80810547
1.88834469
1.90950687
0.89746094
5.38671875
3.65465971
4.31608156
4.78938719
3.45475343
4.69238032
9.79199468
5.56640625
1.78994481
7.26645168
8.86751219
10.46061281
6.07421875
7.81508755
6.88413120
3.65576172
5.83203125
0.08197021
2.10742188
18.11299590
0.25960172
4.18685062
1.72216797
2.29882812
0.33081055
7.79588099
12.89194370
3.23405031
7.96875000
5.31250000
4.32454344
3.01985594
14.71875000
2.25716312
1.14160156
3.08836246
1.41894531
5.40625000
1.10644531
2.69140625
4.76562500
2.58657940
3.76986591
3.38036736
3.96947734
1.37792969
8.81786237
4.51856341
15.77441157
9.77246343
8.03906250
9.08788564
7.06673592
2.92155031
6.03125000
5.14843750
2.96093750
5.30761719
11.50976064
3.57227061
0.69537354
4.58593750
1.12207031
3.03074801
5.93409574
12.47477172
0.55006959
6.89127438
10.65983156
10.96451906
7.53515625
0.09808350
5.25097407
4.96386968
3.85742188
6.13704344
11.14225343
5.96093750
7.63671875
6.87109375
11.07031250
4.69531250
4.55859375
4.27734375
3.49646831
5.25976064
5.25358156
6.34603280
2.33398438
10.85156250
1.91308095
3.68555186
1.47656250
3.05468750
9.13102172
1.58382203
1.74804688
4.93130098
2.74057402
3.91601562
3.84960938
5.34765625
1.65722656
6.55924313
3.76692874
7.80468750
2.51399657
1.24088625
6.20344969
3.66959718
10.22949219
10.63704344
0.51383547
3.78906250
3.28352782
9.87076906
2.20117188
3.08235594
1.37760500
3.26562500
8.94286237
0.31885638
18.08333001
2.00456061
4.68457031
7.37500000
0.24792480
3.44531250
11.22656250
0.02183533
0.80708313
9.55468750
1.11718750
3.17773438
13.20703125
10.88281250
4.58203125
4.94708833
4.21111480
10.22656250
3.64257812
1.24316406
5.78515625
4.73828125
7.40657469
7.72623781
1.96093750
10.14062500
10.99609375
10.21516844
20.20214844
14.37076906
3.75857544
0.83427811
1.33333250
1.51106189
13.28514628
3.90073027
3.60449468
0.60498047
3.62890625
1.69188581
0.97217669
0.90283203
7.44531250
0.72363281
9.11523438
2.46907469
2.61783937
7.48828125
2.32356439
0.95475593
6.97047928
6.66087362
6.77734375
3.94009254
8.67514184
13.52766844
10.30663564
7.54850842
4.54492188
11.33593750
1.80924313
3.70052249
2.25244016
0.18066531
0.74724579
2.70572751
5.03450687
7.64876219
9.99397828
4.85855829
1.93034186
0.49462891
4.13671875
6.16406250
5.98437500
0.58349609
0.88427734
2.44921875
0.15466309
3.43164062
8.05468750
2.22939295
3.81528479
1.94661375
0.70573000
8.03677970
5.90462655
4.08984375
0.60058594
0.70485428
2.92746994
2.48046875
4.04557126
5.59700687
7.98242188
5.37890625
1.79394531
4.55533688
4.65169437
7.22656250
3.53320312
1.83300781
3.34146720
12.36165780
2.93945312
4.45312500
9.66242908
6.25163342
5.61718750
5.78906250
12.67968750
1.92761230
5.70735594
3.06144289
1.37760251
3.16341312
6.09157303
0.24143478
1.86816406
2.58015681
2.25382757
4.76594969
3.21256593
3.39093972
3.62728778
3.54427249
2.49039672
3.81819703
6.81738032
3.08301030
6.34375000
9.18750000
0.86279297
5.63671875
3.32226562
3.75000000
0.62500000
3.44896698
0.97297096
5.12109375
13.07138062
0.42317625
2.77897218
9.69531250
7.07812500
1.07235821
6.51628435
0.64615968
1.76642676
6.40349512
5.00000000
1.35481688
0.32780031
8.06444814
6.40820811
8.58398438
2.22688719
5.34573892
0.00764179
0.83349609
2.52148438
4.61718750
0.12683105
0.00077200
1.91137695
2.38671875
4.28906250
6.01171875
14.53125000
0.06149292
2.21320784
10.62175310
2.20117188
11.12141844
1.46647218
3.93684813
6.68538453
1.10432984
14.38623047
9.78125000
0.06457520
11.42448970
4.52472905
16.53417969
6.80859375
2.10611813
3.35546875
6.73860594
5.38965093
4.50781250
5.62500000
13.30207004
5.12761746
0.43505859
1.91503906
4.32030752
5.81055186
0.85302734
7.16420989
3.12485261
8.73437500
2.01953125
9.10156250
0.08575439
0.34423828
4.57421875
2.53710938
11.83658688
1.98958499
11.76367188
9.14843750
7.06445312
3.00976562
4.24707031
4.40234375
6.91406250
1.35937500
3.38582274
10.24772218
6.96093750
6.69921875
6.35156250
0.02536011
0.60205078
5.47753906
2.35351562
9.78906250
1.25097656
10.22004876
4.13151374
0.46608573
1.75032967
3.54522912
12.68773587
9.62515861
2.99251717
4.82812500
0.54523468
7.70312500
3.02148438
4.22753906
5.38964844
7.81250000
0.78906250
19.82940658
0.21978775
2.95524047
6.30647828
8.67805408
2.26615636
5.51216894
1.77213625
5.71484375
3.87109375
6.51953125
12.75129876
1.05631843
4.21875000
4.79687500
5.75162345
6.63900155
3.18066406
10.95117188
19.98632812
2.94823970
3.62207280
4.65648031
0.84560776
0.99560547
3.30793440
7.93860758
7.92578125
0.69189453
11.52343750
11.45996094
10.06046321
0.32527898
3.60937500
1.99917581
10.74008200
1.90119238
0.70460106
2.65885251
1.62207280
1.77343750
2.98437500
14.36328125
2.04882812
8.33593750
3.82815552
0.11928412
1.33854250
3.43554688
4.20946144
3.76319481
2.28515625
4.94140625
0.05828857
4.05696532
9.49967531
2.85338764
0.14710065
7.01171875
8.42773438
14.51006539
3.21259086
3.25366211
6.08203125
4.51366191
3.57422872
5.36718750
4.20441878
1.79753435
8.26204344
10.57682126
16.13965093
0.91634032
3.89615968
8.50000000
4.09765625
4.28515625
4.94921875
15.37109375
12.81250000
11.71736908
0.61926534
11.30182403
3.62982158
14.25177002
5.81141151
0.58263145
1.15356445
4.64453125
5.02343750
2.76757812
1.15039062
3.76757812
2.57356439
5.50651374
4.84375000
3.10546875
0.83669320
0.25583610
8.88281250
3.40039062
6.42293274
2.86808289
2.24804688
9.44726064
3.65820811
8.50781250
0.84130859
5.36718750
2.83113586
0.24894226
5.35156250
4.58203125
14.46223626
7.86588874
3.26367188
4.05468750
7.18359375
2.55273438
9.51204344
4.06250000
3.00358156
5.33056516
0.43794551
1.97331061
16.09375000
0.53466797
0.63769531
14.39202881
8.24609375
2.33626219
1.58756593
10.49218750
10.45572252
5.86068373
8.78906250
13.70312500
0.02574158
1.78320312
7.17219969
5.67399172
6.40016678
0.31589768
5.67578125
3.95654297
0.51660156
4.10937500
0.72412109
4.20897939
4.68945811
2.40722407
7.15136968
5.35912899
1.21508976
2.70703125
5.86490470
0.63997811
5.03906250
5.35546875
0.00201607
2.32031250
9.55468750
1.44726562
13.54687500
7.71093750
15.99039672
0.11153199
10.48437500
10.57942376
3.35807624
4.46875000
5.96875000
4.73079344
1.58658937
5.49609375
3.53613032
10.02896720
5.49349623
2.95898438
0.05685425
11.00781250
0.86914062
4.80866059
6.94613918
6.19393070
9.94140625
1.24511719
5.54296875
7.28125000
9.23437500
10.50488032
8.07747562
9.55110594
12.28189938
4.23046875
2.51432624
14.00781250
7.45798538
2.19077681
18.93033688
4.88720952
2.19921875
2.73242188
4.27734375
6.89159907
1.76465093
3.23828125
8.81250000
0.29858398
14.99218750
0.50244141
3.38476562
1.08789062
1.36621094
4.28149486
6.97656250
0.71765137
4.39127438
11.16341312
2.90461658
7.41178967
9.59439938
9.00716312
5.44140625
10.97070312
1.03613281
5.58658688
1.34798343
4.18750000
7.11718750
1.64940409
1.87891622
1.18554688
0.67974854
8.01334469
1.03157718
2.51562500
13.21270752
3.11307016
2.09890493
9.09375000
6.14452128
2.49610372
7.82812500
4.87923094
0.61198000
2.79882812
1.94824219
8.03125000
1.38671875
7.31379876
5.02995124
12.14062500
4.00063941
6.84701684
5.32226562
14.97239010
3.66080563
2.94987311
8.36914062
4.69531250
8.24218750
2.58056516
2.04638796
1.36660870
4.29720966
10.01684570
2.70507812
1.38378906
8.49934065
13.70769060
0.69433594
9.46581782
10.88190901
4.51531028
3.91992188
10.69920878
22.64942403
2.93814938
5.90560062
0.75634766
11.88671875
6.36328125
1.47818844
4.78060062
7.46394730
6.74609375
4.69531250
9.76692376
15.02995124
8.70312500
8.10156250
2.87500000
6.63866689
7.76953623
7.53515625
4.60847961
1.43122978
1.20833749
2.69954344
1.61198000
2.21484375
8.50976562
1.61067625
3.79264406
3.43790007
5.32421875
5.20295767
5.04118295
1.84570312
0.36914062
1.88085938
6.10741689
13.05611038
1.13281748
6.20149158
2.27116467
2.57617188
18.01481628
16.74837157
3.13769282
1.76041999
0.61035156
6.15363254
5.04558621
0.71826172
11.66829344
7.52115968
7.47656250
2.48274657
11.40242243
0.50985054
8.08593750
0.90006344
7.39724548
6.44531250
6.54784907
3.60709718
12.14583499
13.28805104
7.37698802
17.65625000
2.53906250
3.25390625
13.76204344
0.60074953
1.23730469
18.19238281
11.00781250
8.07942376
12.00651374
5.43359375
15.64640071
4.80704898
11.38444093
8.80468750
3.78386497
1.72811127
13.55110594
1.39908937
2.27099609
15.73437500
6.28254876
6.45702128
8.03386746
1.94824219
2.11241150
2.77148438
2.10448471
2.99317154
3.69465315
3.22038591
6.64843750
10.41308594
6.62629876
0.75813968
5.51139406
6.89030031
7.57031250
0.47908196
3.14127936
7.44921875
2.93359375
0.02093506
6.00264991
0.96909463
9.78221410
4.97169215
7.70312500
5.02376219
4.67366578
3.26936890
1.39648438
1.07242797
6.20491578
4.30078125
1.77246094
0.21199799
7.28222656
11.23437500
0.01411438
4.02571532
5.19889406
10.12271720
4.46158688
1.91178967
17.52734375
8.16449833
0.51562251
1.00781499
6.59375000
1.97900391
6.76953125
3.71875000
4.13703846
1.77702404
11.56250000
2.10546875
8.94993591
3.31045324
6.56786237
9.10605939
7.26953125
3.11328125
1.04882812
11.93945312
1.61035156
1.52050781
4.77343750
3.82031250
4.12500000
0.21875000
9.21223875
25.10350566
8.17546653
2.39843750
2.68164062
7.10156250
4.43391844
0.51627687
8.69042221
3.86426529
0.73828125
10.39941406
5.72948720
4.74512217
12.49218750
2.66796875
7.31640625
5.11328125
2.34960938
8.86914062
8.92154283
8.66146498
8.35937500
6.14127438
17.94856937
7.98079344
2.50358156
2.36328125
3.56217282
4.11653314
10.05664561
6.86328125
7.06640625
7.44531250
1.93001219
4.73079344
5.41731937
7.25910129
3.24122340
5.65625000
7.05240968
10.35709220
2.54720467
8.34375000
2.19360352
3.61132812
0.33227539
6.94140625
1.43277953
1.70969604
9.82031250
4.29264406
7.22341919
6.95442376
3.64713874
10.74218750
6.67187500
1.56152344
4.41406250
8.17187500
13.45149657
0.00000000
11.15266844
7.22656250
5.47883533
2.67155529
14.97900266
19.28287345
1.85303357
4.64453125
18.11685284
3.96127216
2.63215814
1.69987311
1.30859375
15.36328125
5.34375000
3.83007812
11.50343785
0.44480434
8.21875000
8.11718750
5.08203125
1.48623761
7.78939716
3.05175532
3.89645224
0.67874556
1.22753906
3.44921875
1.67869972
4.43897606
9.12401596
2.82910904
2.27180907
2.18326906
10.98079344
5.17936281
6.45703125
1.15364500
1.93964079
5.33758089
3.16178468
1.70507812
11.82543883
1.59936586
5.62938705
3.67285904
11.41406250
0.69677734
3.25195312
0.27075195
8.01204344
1.22460938
1.03613281
4.63889572
15.61859209
2.55078125
8.11718750
2.21484375
1.57226562
2.51757812
4.96646720
10.45736092
2.28710938
3.00032469
1.19987062
2.54492188
0.02938843
1.86523438
6.43455785
6.36296653
12.77212877
10.75847185
4.39453125
2.10742188
7.91406250
9.59375000
5.71484375
1.41764157
5.25716312
1.27929688
1.82714844
1.31152344
14.25000000
2.80273438
9.34016844
8.29394282
3.82291999
6.48828125
4.05859375
2.37109375
3.13718834
2.66261635
10.65551509
1.46093999
9.56250000
7.63671875
3.49446532
2.42936281
6.88704344
2.17411347
2.28063996
6.63281250
5.88281250
10.21158688
5.29622562
7.46875000
2.17187500
12.06444814
7.91992686
3.20117188
3.79915282
0.45620354
7.58032351
18.43082890
2.50732546
7.91796875
3.18475593
0.30840813
1.31672845
4.21842780
7.12500000
4.25390625
3.92919922
8.64843750
1.65722656
9.03189938
3.51692874
2.89648438
3.18619626
11.52278812
4.15625000
3.22509766
4.23843363
0.87255859
21.61931294
6.90201906
6.59765625
7.40526596
18.48639145
7.69022551
2.40200909
5.10157247
3.81314440
3.77603502
4.38184840
16.72484449
1.15625000
12.14062500
1.35172111
2.51522225
5.67578125
13.27734375
6.32299805
5.46484375
2.51087320
0.87914145
1.13671875
3.91406250
1.20800781
0.34790039
1.82063719
0.83907105
8.41390015
1.76562500
3.54492188
9.93879876
7.70963874
0.07452393
0.69017792
8.26204344
13.70735594
8.54622562
4.85156250
7.58984375
3.72265625
4.58593750
2.03125000
0.90820312
0.63384511
5.54134530
3.29459718
4.51594969
10.18750000
3.02115968
6.41796875
11.32096188
10.27278812
10.02502441
6.61328125
12.44335938
5.97298094
9.34733156
5.60969969
0.05082277
7.94531250
1.61066628
5.14421653
6.45703125
2.47851562
10.09375000
4.46875000
9.58007812
5.37500000
3.03710938
2.07226562
3.08789062
5.87109375
0.15795898
1.91503906
11.25781250
2.11523438
5.04491689
2.85156748
2.67951519
6.89275044
2.11718750
3.56250000
0.81738281
2.49023438
1.27294922
2.11914062
7.69921875
9.78010860
4.94645390
7.29947252
5.66927748
3.22070312
3.26985096
0.46843029
7.96875000
8.60424805
1.20646096
5.89876219
14.59504876
4.24415558
0.41430664
9.35546875
2.90901360
6.57682624
4.61751219
0.03293947
5.08203125
1.75585938
2.29622064
2.75714567
8.37436807
7.76074219
4.23242188
5.34570312
1.76497064
5.53385749
3.86523438
2.21484375
1.26919534
9.48226950
2.11328125
21.69726562
3.39453125
1.08300781
5.42578125
1.69628906
7.73828125
2.67187500
4.71173926
1.58904199
1.53693706
4.22771138
4.61718750
2.28710938
1.14778563
7.02343750
2.44889406
7.04036126
9.93131843
3.79198970
6.91308843
0.79541016
2.54687500
5.78125000
5.07031250
0.91910641
1.35677249
3.12304688
3.67968750
2.15234375
3.71712157
2.01896242
3.89062500
1.76660156
2.04101562
0.01835632
1.23242188
2.58203125
3.86523438
3.08789062
3.61718750
4.57096188
9.28841312
0.92773438
11.10156250
1.45996094
2.49215698
6.73469969
1.67350343
0.00763702
2.40625000
13.18750000
5.47265625
0.87711547
4.21297242
1.16186523
2.56640625
2.80273438
5.65625000
10.95312500
3.63509032
7.08951906
7.44563719
9.51237062
7.19140625
2.64062500
4.36718750
1.13964844
15.74901596
0.70606216
8.48101044
4.47330563
7.48795656
2.76953125
3.96451906
5.68782469
3.73405031
3.00000000
11.17968750
0.23034668
6.25000000
2.14875970
2.80533190
5.48829122
5.58203125
0.02088928
6.77342753
1.44727559
3.95898438
1.50878906
4.85937500
6.59798094
2.29996828
6.62109375
3.75976562
6.44140625
2.52734375
1.88118407
5.12744016
2.05192265
6.54394531
8.41406250
6.94140625
1.61718750
1.83984375
6.03157469
13.56738032
5.35416999
0.22424316
7.17215398
1.19503352
4.66796875
12.17187500
2.94628906
1.79459469
4.74153812
2.67187500
7.78736877
14.60579344
4.44498781
0.40551758
2.69124266
23.49609375
2.03483156
15.40820312
1.75097656
7.50781250
0.18298340
3.19726562
0.36132812
3.31445312
3.29784409
2.43262466
3.72851562
6.25000000
11.06693512
2.11958832
14.40665054
4.18750000
0.66341063
0.79752687
0.17797852
0.98257799
0.77083998
3.16796875
5.01171875
0.32714844
2.86718750
3.83984375
0.64306641
15.31997784
0.38998310
11.95914672
2.91390015
9.98437500
6.14664672
1.49886109
1.16308594
0.23316281
1.36849124
4.76953125
8.32031250
1.33105469
7.93359375
9.21093750
6.73828125
4.84274292
4.40266844
8.01920656
3.08520508
2.32812500
1.97070312
7.32812500
3.21484375
6.74609375
7.02376219
1.34342531
3.17219969
8.81314938
7.76855718
3.20996094
8.16406250
4.44921875
2.89648438
16.25781250
9.80468750
5.49641844
1.79459718
2.48046875
8.60937500
1.94531250
0.00711060
8.84375000
7.28548094
2.09733156
0.09027100
3.76367188
1.87988281
10.44432846
2.85645279
3.24414062
9.00585938
11.65266844
10.08951906
2.76009032
6.94791750
4.19140625
3.27148438
11.55468750
5.27945922
0.15108277
7.29413454
5.34649046
0.93994141
2.45117188
0.32564207
2.82975343
1.13476562
0.16835403
2.70117188
12.69352172
8.57991578
1.85448720
8.79492686
0.98779297
14.65625000
3.13085938
0.40820312
1.20996094
9.45312500
2.34179688
4.12923094
3.14811281
0.28027344
12.05012190
0.97331560
1.15429688
2.71777344
12.90657469
11.62858156
3.40039062
2.58918939
8.14624335
0.48722351
2.90820312
7.40625000
3.12280273
8.96875000
2.98502438
3.10872562
3.75000000
1.84179688
2.98632812
2.02294922
7.11718750
0.81152344
4.73437500
10.87401596
12.75879654
3.26953125
13.05859375
6.76171875
5.16796875
7.20312500
1.38671875
8.07812500
1.09472656
1.84602782
3.39225343
3.23242188
10.26562500
5.84570312
5.24218750
1.99218750
4.30468750
7.34765625
3.51367188
3.05761719
7.53548094
8.90983156
2.76708984
4.66796875
5.54296875
13.82031250
4.79687500
2.87109375
3.92480220
5.19433843
9.26269282
5.43261968
1.00488281
0.15997252
0.56860414
1.84667969
15.09406472
1.32781028
10.12050997
3.30307402
4.63281250
7.81494141
2.70507812
3.08203125
5.29101562
8.20312500
2.25292720
0.53662359
0.55035400
10.04687500
1.56835938
0.93212891
11.60937500
6.48242188
4.26236813
1.75228031
5.00781250
4.94628657
4.12011968
13.37596083
1.73046875
10.26562500
3.90234375
4.61328125
5.42871094
3.23469969
0.83805422
5.69140625
2.55468750
6.45312500
3.61840758
0.15844789
6.22656250
3.74218750
6.46875000
6.55761719
6.57486813
16.27278812
13.70312500
0.57179260
6.10546875
10.72753906
1.63281250
14.75252196
13.44889406
4.26171875
2.33007812
2.72299194
3.24414062
0.94042969
5.99609375
6.64843750
7.15299313
3.87044437
11.71093750
3.06087157
2.46451906
6.18367243
0.49308538
7.85741689
2.54102061
1.74511719
2.16259766
7.74707031
3.88174438
2.64094969
2.51334718
4.06250000
2.92553524
11.04353945
6.15592531
5.87109375
3.57617188
7.55078125
6.91015625
0.45507812
2.86034159
3.76384419
4.61149047
1.64323000
13.90176817
14.37213965
1.27621730
3.89355469
3.52734375
3.25976562
6.82031250
3.41210938
12.28906250
8.84570312
17.11425532
6.36230718
2.42382812
6.44497784
2.39877216
2.84960938
4.02197266
2.94368407
7.75000000
9.61799424
3.27230607
0.31347656
3.14713376
4.80859375
2.68294437
0.10644531
11.27254211
0.66300476
0.05899048
2.12207031
6.36718750
5.45222961
1.12524352
6.40592531
1.04003906
3.28906250
8.55175532
1.09472905
13.16438719
2.46061281
7.60156250
2.06640625
5.42643063
4.39517565
1.71550310
8.55468750
1.73535156
5.27343750
4.37500000
0.00619125
5.96939938
13.62443117
0.50309328
1.64550781
6.45312500
3.74739251
0.16569343
0.20996094
15.07031250
4.23974609
5.12890625
3.64648438
10.03125000
5.06250000
0.06420898
11.20849609
2.39453125
10.68750000
2.98469969
8.30826906
1.81054688
8.07812500
3.70083722
4.50424091
2.65234375
13.94628906
3.40429688
12.16227172
0.20613648
5.72265625
0.58105469
11.17187500
10.72119016
1.92517214
2.58463376
7.10123781
3.16959718
1.03976544
1.16276872
1.75944093
4.16015625
3.38085938
6.98046875
2.94938110
1.49593140
3.16666002
4.29850842
3.49381593
9.82324219
8.28906250
1.69954344
5.94498781
0.67248535
2.00000000
2.45507812
10.12923094
1.50813719
0.80159671
6.71875000
3.34179688
8.16406250
1.67480469
11.97298094
4.38590578
4.32031250
5.31673094
7.26920656
5.00846188
1.52864749
1.22704580
2.25814217
4.79719969
3.80208499
7.51057735
0.38688359
6.50911126
4.99511968
3.59342531
4.48828125
7.55859375
1.44824219
2.04296875
3.22656250
12.72656250
5.24495235
6.70036015
6.66015625
8.99641844
11.95084220
12.56543218
5.95817265
2.29378297
3.29492188
9.10937500
0.14868164
0.46386345
0.43896858
10.54150266
8.75358156
3.16097047
8.40625000
1.86914062
8.20605469
6.05078125
11.50976064
2.99023936
8.00781250
0.07794189
3.88867188
4.04052734
2.35351562
7.91690603
2.23446116
1.54589844
1.63476562
8.38281250
2.93554688
5.63671875
0.34790039
1.24121094
3.90039062
1.29101562
5.57812500
3.25813221
2.28320811
3.06022218
4.84765625
2.42968750
3.53320312
0.90087891
5.05468750
9.19954344
4.62108378
2.46062278
2.79101562
2.37109375
4.67469276
0.10661827
7.83984375
2.69726562
0.75258299
3.27115968
7.12500000
0.41455078
4.89648438
2.91601562
6.71875000
2.40429688
9.17252438
1.70638187
6.57063719
3.22623781
6.09765625
5.79329344
0.73698000
5.87890625
1.75520750
6.60079011
0.51737395
7.53873781
6.58723626
5.67252936
3.26562500
6.08235594
2.71647218
6.10937500
11.72460938
4.83984375
3.20898438
0.56738281
2.79882812
4.21907469
6.54655031
1.04697335
0.23330009
5.84375000
13.83587646
1.55232664
3.67219969
3.31380374
5.08203125
2.21679688
6.24251219
0.06644777
1.38476562
6.55239473
2.10971464
3.52539062
5.83658688
-0.03598366
0.81060284
7.03839318
17.12566932
6.47884032
6.09342531
2.11328125
4.90625000
5.08693596
1.96775154
1.46777344
8.14843750
3.85742188
9.66894282
2.67334234
1.74023438
5.92187500
0.08148193
3.12174988
8.67968750
5.97265625
2.65625000
6.94140625
4.56738032
7.36051640
3.55843140
1.02310533
2.25130873
4.50390625
9.73079344
3.08577515
0.12471558
5.33592753
4.92579122
11.88312722
1.44499778
6.69921875
5.51171875
6.48046875
0.79882812
3.82649657
4.34375000
12.18326906
0.88769531
0.55126953
9.70312500
1.18847656
9.07031250
0.08160400
7.00943595
2.37728280
12.26269282
1.08398687
2.65234375
0.69726562
6.27343750
1.46484375
1.57910156
2.44726562
2.97867797
-0.01877807
0.47242737
7.17024158
1.13542248
4.98046875
3.47688719
4.67155031
2.41227172
1.43538453
9.52766844
6.23795656
11.13142888
2.12973293
3.07566739
5.19093417
1.46972656
5.57519531
1.94726562
7.99804688
1.17708250
1.04850343
11.45858515
3.21191655
1.54344706
3.15625997
5.97101286
6.84148714
1.91796875
11.56347656
2.90039062
4.85546875
2.85384032
9.67545656
3.28352782
9.03548094
1.91095925
0.78614527
9.34375000
0.21862668
3.73974734
1.86718750
2.27604001
2.45247562
1.86949489
1.48976229
8.52701906
0.23354080
3.50803635
0.64477539
4.34375000
4.53125000
4.10546875
5.39062500
9.25000000
15.60098884
11.46420434
5.63346188
14.43685062
4.01562500
10.34439938
10.97233156
3.66959718
16.53925816
9.48520168
1.56640625
7.12792969
0.00000000
17.72656250
3.94759032
3.88541002
3.59082779
3.33007812
10.99218750
9.19352172
0.12190797
13.51151276
9.66015625
4.17578125
4.10156250
6.68554688
1.46777344
3.94531250
7.85156250
3.00423094
2.57389406
2.88476562
0.52960038
0.05084229
1.81357646
1.19140625
14.57031250
0.20141602
1.89355469
27.50555420
20.21288564
10.76367437
6.60058843
1.82421875
8.74218750
2.14476978
4.81557644
3.92187500
5.55516955
2.58154920
1.27539062
3.49023438
0.36352539
0.00396347
4.31640625
5.13670878
1.40821309
5.78125000
4.01953125
0.01191711
5.98437500
1.36628152
5.71062278
4.22265625
2.34375000
3.80078125
1.81054688
0.17419434
0.66992188
5.11831893
1.89730607
3.46923330
2.28711436
7.10546875
0.06445312
4.88346188
7.32568484
4.43147828
6.34375000
3.00390625
2.74641844
3.75374390
1.84847047
6.28906250
12.44705749
8.16406250
6.90917221
2.39551529
11.65625000
0.00651169
4.55078125
8.05501219
3.60872064
6.64290780
27.01285641
6.77651126
5.48437500
4.23893063
6.18326906
8.57991578
7.27229859
3.92578125
2.90977478
6.01171875
5.37923094
2.00944093
2.37174313
6.54231937
5.55289672
0.64876344
4.92187500
2.11914062
1.59505125
1.64518312
6.47688719
8.99576906
9.75000000
0.43945312
1.35742188
3.73569232
2.21712655
5.78938719
2.14615968
10.52343750
1.06250000
0.65478516
9.12988032
5.11263187
12.41242908
0.15560560
2.50634766
8.13281250
4.04296875
9.46093750
18.69781854
13.61523936
0.08935547
5.31607408
4.37061170
12.65804078
1.27539062
0.66406250
0.00630188
0.13769531
0.83593750
6.40266844
3.56412843
3.18359375
10.25000000
0.83186766
6.34146471
6.57520279
3.52734375
9.24877930
4.30859375
2.68969727
2.76367188
9.09195922
2.16780640
9.33593750
10.32154362
6.90169437
1.48391983
1.24719830
6.42936281
15.08056516
1.05338625
11.33772828
1.77799562
0.64990234
19.27343750
14.51708112
6.67888076
1.69661624
2.49609375
2.32812500
4.08203125
14.18359375
5.68066406
3.35351562
2.21289062
8.34439938
2.33724124
2.21511195
11.46272828
5.49609375
4.16796875
3.43131344
7.60196587
3.98722850
3.82421875
0.67553711
2.16210938
9.89184570
0.47867735
0.31917422
0.34326172
10.22656250
0.43115234
0.78641100
2.78320811
4.65657718
3.69140625
0.60641479
2.86132812
14.42968750
0.48250242
0.98893312
2.38281250
2.73372064
5.47135749
1.70312500
5.53647804
5.30468750
0.70609216
2.87585107
6.02279310
11.98437500
0.01779175
2.18359375
5.19726562
9.73331730
5.68685062
6.20312500
4.55859375
0.81233641
1.28678468
15.61328125
16.85579344
12.56673094
1.28450687
1.20703125
2.94140625
3.69627660
3.57716090
12.46875000
1.76367188
9.69352172
0.38754999
10.71207765
2.26855718
7.80078125
2.24218750
6.40234375
7.63541002
2.03678967
8.35514406
2.60546875
5.93164062
5.76562500
1.73339844
4.71907469
5.00944093
4.74218750
5.48828125
0.01678467
3.19563719
0.85286375
8.53353031
2.78515625
9.75781250
9.60913086
13.49218750
2.18782469
3.32194093
4.32096188
8.67122562
0.26926510
11.52278812
12.10156250
6.47086547
2.92171265
5.85546875
2.34375000
5.14062500
0.07025146
0.27661133
10.96875000
1.29785156
3.24938202
5.23925532
4.91308843
7.90625000
0.69970703
1.30468750
2.35447723
0.80095855
9.25960328
6.34993407
9.23616578
0.66780640
1.09082031
1.88769531
2.92456055
2.98437500
10.99218750
7.51953125
7.16406250
2.80468750
3.85774657
16.80045656
11.30408991
6.62793218
1.50195312
7.10579344
3.13281250
1.16080812
8.67879211
0.70353211
0.55908203
1.78743407
1.69238281
2.19547485
1.72314578
0.63004516
0.78749385
7.40527593
2.16406250
5.33984375
2.45344969
5.88460878
7.22363032
6.24576906
5.07389406
10.15625000
5.92936281
6.59407469
2.67414783
2.52474623
9.13085938
4.25781250
3.17578125
3.71875000
0.33052489
0.82170945
3.69426224
4.44921875
5.54296875
1.81640625
0.95166016
8.04133533
3.68132092
2.73143287
3.74096589
8.23437500
1.07055664
11.00094604
10.09375000
0.20117188
6.66861813
3.28255374
12.49641844
2.54069093
14.55200133
0.65112367
0.05068420
0.57576414
2.82080203
4.17187500
7.53515625
5.72265625
12.06250000
19.54687500
12.35156250
14.46126219
6.46875000
9.60579344
1.43880374
4.39762079
8.37972296
1.52766844
1.78776125
4.46126219
1.90071532
4.74365359
4.79963985
2.80371343
1.83593750
6.00206228
8.57877687
4.87890625
13.00390625
7.73828125
13.28613032
9.53418218
6.99072266
1.90039062
9.19628906
0.44059203
0.36442016
4.33561281
8.46875000
4.49846363
5.11328125
8.42968750
4.74609375
0.93554688
0.98144531
1.62271969
1.95442874
8.78125000
1.83984375
1.86754271
9.46093750
8.04850343
20.48242188
17.73567376
10.92268174
5.35938497
9.19352172
5.41796875
17.84240723
1.24332267
10.16992686
2.87890625
17.40266844
0.54929689
1.44173094
14.06444814
5.90788342
17.13671875
8.08626219
4.03906250
4.94921875
2.22233156
8.78970191
2.02116965
5.58372072
15.51204344
12.54264406
8.96875000
18.61328125
10.79573360
1.88427859
7.20670656
9.56070922
11.67415157
16.05403812
18.37141844
16.98307375
9.87141844
2.64225343
6.12141844
2.00716312
6.40689938
5.00324690
1.54916278
12.84798094
3.76106937
4.66438719
1.15299562
4.94563719
4.33951906
2.28106221
4.84213652
3.73421265
6.28938719
4.49186281
3.17447321
1.35970648
1.37890625
6.80924313
8.38216312
1.31445312
3.56461547
8.78788876
3.02866245
16.07991578
13.26971098
5.58593750
6.94921875
8.53906250
4.21906971
5.50163342
3.66015625
8.67456117
16.00870789
0.80664062
0.26839110
3.56412843
3.31054688
5.82096188
2.56966312
4.84765625
1.68874022
4.90022828
3.00048704
10.52343750
4.16943484
1.64827515
1.68977034
5.23535904
3.00944093
6.59407469
4.20280031
6.08203125
8.31314938
3.54231937
3.96530973
0.64192999
1.23632189
0.81983045
5.39453125
8.58398438
4.96484375
7.58984375
9.04687500
4.55175532
3.53027593
15.93391844
13.60709718
12.23079344
6.10188719
4.61653812
8.71939938
1.59212406
3.12695312
8.87988032
8.22770390
1.71695922
4.45019531
8.90201906
3.06640625
8.69954344
0.15079836
3.72981439
3.52799811
5.03125000
8.66406250
6.87923094
3.86686281
6.11360594
12.35514406
11.33593750
10.78125000
8.08056516
17.23616578
11.03189938
5.00325687
11.04718972
18.51205590
2.72102782
4.42757203
0.95882203
0.35498047
7.25390625
1.26660156
8.55533688
5.48014406
8.05436281
7.18033688
1.21907718
3.34407469
10.30554749
1.68635860
1.65429937
14.61718750
2.44335938
4.88883422
1.08089234
4.94140625
3.52539062
6.35156250
4.86816157
6.53841312
2.31998781
18.09454096
13.89599980
2.48828623
6.96516844
5.62858156
1.86132812
5.99218750
4.31640625
1.36328125
10.94531250
7.65331782
5.47168218
6.00781250
1.51790282
3.01530031
0.43294250
0.24259461
1.07519531
4.81494141
14.58593750
10.20312500
5.61718750
6.21158688
-0.01676266
7.43489251
2.06347905
6.22428468
5.21484375
13.52766844
11.16674867
0.47306336
3.29492188
13.30289672
0.20686890
16.77774048
2.90332031
3.62890625
13.89843750
11.20735594
3.21744127
2.52442154
7.97557846
8.06348404
11.08544922
0.72216797
5.44531250
34.83013916
4.03515625
0.63631164
15.11091977
21.61458499
14.55273438
7.21907469
13.33658688
2.57715093
14.64485594
5.80436281
11.48860594
4.77734375
5.31998781
6.31673094
11.43326906
5.18391844
1.44987062
4.62890625
4.39062500
6.76985594
4.66992188
9.62858156
0.03271484
4.62890625
3.56933594
6.16438719
6.80078125
2.90006095
5.53385749
5.50146609
11.29508422
12.79085328
0.06868531
10.02734375
0.61246703
8.28727172
2.57194093
5.51724845
3.62728280
9.72102782
2.20930907
5.97981937
4.61149047
1.29239120
3.71940935
9.91048094
8.08951906
2.95117188
10.43456782
1.97770390
6.83024047
1.86490968
5.65234375
8.59016844
1.98014406
5.41406250
14.50781250
10.59375000
9.68561060
6.08392065
11.98860594
4.73209718
3.50032469
2.87076906
3.85742188
8.42968750
0.06719971
10.15461658
4.50944592
3.88313719
4.44628159
8.47331560
3.64876219
5.46451906
0.27636719
4.51953125
7.66406250
1.74645996
9.24283688
5.29052859
6.16975953
6.49609375
0.11431885
6.53710439
2.43750498
3.01562500
11.52766844
7.40900626
0.26913585
1.99218750
11.52648926
0.20214844
3.74218750
3.06787109
4.48176751
1.37760749
3.99609375
1.86230469
2.05468750
3.84049313
1.44714511
0.80509162
1.12044686
5.50390625
8.27766844
11.86198000
4.23046875
2.43977782
11.01920656
0.14538574
1.71158688
1.97591312
9.03906250
5.74804688
3.90071532
12.73860594
3.48763187
0.29145564
13.36653812
5.18717531
7.86034907
4.55371343
12.59798094
3.61295656
12.57812500
0.05816650
4.39062500
5.01953125
0.18151855
2.79296875
1.48054992
0.34797907
2.50114140
9.19531250
2.77311281
7.05078125
2.42854735
3.14811281
4.74194149
1.39917054
11.92366578
1.53873781
6.22265625
6.50195312
3.56445312
11.90234375
9.34016844
1.14518312
8.50781250
8.46118164
9.98681516
3.08186890
2.77506593
9.96875000
10.11360594
4.55859375
5.83170656
4.68750000
0.28191038
1.37402344
7.07780031
5.50129876
1.03874030
1.72753906
10.87500000
4.37890625
4.49641346
3.49984264
1.37679078
10.01074219
2.68359375
4.38313719
8.91177970
5.21712655
4.95116689
9.42350842
0.21557617
4.89453125
12.15038564
3.74414062
7.14648936
0.45654297
10.99641844
6.43147828
4.12679078
2.04979098
2.54347074
9.85156250
2.04736328
2.73828125
11.44531250
7.04134032
6.55826906
6.36328125
1.23925781
1.12158203
6.70703125
4.47656250
8.26928711
3.34818263
0.43453222
10.10758422
0.79524781
6.08203125
3.20344969
4.18001219
1.88606937
5.21126219
5.91764406
7.11360594
0.05948976
19.27376219
13.89420656
9.74527704
2.08480108
7.71875000
10.73990470
5.95150155
11.91406250
4.05078125
3.31640625
4.58593750
15.63252746
1.92472351
1.66699219
0.33300781
4.98046875
8.34375000
0.31005859
16.39355469
13.55907705
4.45508311
5.81640625
11.84829566
15.99740248
10.49511968
1.90918218
1.28515625
3.37906860
4.01918008
0.86311766
10.79166501
4.51465093
11.37141844
5.17187500
4.12858156
6.86360594
5.35123781
11.49739500
3.51334718
12.32812500
3.48860594
0.76367188
12.43033688
10.14062500
5.82324468
17.63346188
4.13216312
9.53548094
8.33951906
2.34407220
8.82324468
2.96451906
8.22721188
4.95247562
2.11132812
10.19238032
4.93082890
7.65738891
5.11718750
10.86002438
8.23730718
7.06038328
17.96875000
18.34928468
5.05078125
0.05010986
0.62646484
7.76171875
2.24446532
14.40813109
4.00716312
8.71679688
14.03515625
0.22473145
3.52148438
4.28238143
8.69808732
8.39754211
0.43351258
5.50781250
8.66992188
9.94531250
1.47070312
0.96435547
8.87695312
0.63736938
0.77718140
0.39121210
8.52034796
9.70312500
4.62207031
1.86230469
7.89485594
6.79264406
0.18417784
4.93326906
11.84822508
7.14094969
0.82454593
3.29101562
12.36718750
1.13639157
-0.07737057
4.23647185
5.22788120
5.20280031
4.01953125
12.61221853
0.63875803
8.46093750
10.41774098
4.98552637
3.88069703
1.77376769
3.96972407
5.13541999
4.96679688
4.41040039
7.76985594
7.01139406
3.85937500
5.98046875
5.00000000
0.03558350
6.19173094
4.71842531
16.76953125
10.78906250
6.30468750
6.64876219
5.80436281
3.97656250
2.00585938
17.56867908
2.31836436
3.67923981
3.22814697
7.73828125
7.17578125
9.05045656
6.71158688
2.60514406
4.47004876
2.93709725
8.91406250
12.25585938
11.26383422
14.21337766
14.24901596
8.01986591
6.43750000
15.11104278
0.52714082
3.58133758
15.12435062
3.22623781
5.28364182
1.15722656
6.88068706
16.19027482
8.49576906
4.11328125
4.45670656
12.22656250
9.47656250
13.40262443
2.99284186
20.61718750
14.54459220
13.66536126
4.36426529
3.62890625
7.34195922
2.68929078
1.74511719
11.23860594
6.13639406
0.38091792
5.39746343
1.10351562
18.60024380
6.44663120
2.45898438
8.61360594
5.83170656
3.48046875
15.35937500
3.16796875
1.71064208
16.64241578
10.26562500
0.06573486
2.89825522
2.13527260
6.97623781
5.69531250
5.03173579
6.19824468
1.39355469
3.54182735
0.31852421
2.91164538
1.71283387
2.18673758
8.64908688
17.02278812
27.17694205
3.02252084
9.21093750
6.85969969
4.90592531
4.69531250
0.10046387
6.76953125
0.09149170
1.34667969
7.92968750
5.97900266
0.38574343
3.50195312
8.89843750
4.96054253
4.56152593
3.23209718
6.67968750
4.05283092
3.69521595
4.63671875
9.18750000
7.03906250
5.70214096
2.76074966
11.87887573
8.15625000
2.94531250
1.48632812
0.98486328
2.58203125
5.54194897
9.58320361
1.61457383
4.13907302
4.33203125
8.26562500
0.74340820
4.37500000
6.57812500
0.73827876
2.04785405
1.63574219
5.43750000
13.99696040
5.84016844
10.86295656
1.65820312
1.28320312
1.29199219
2.41796875
3.02066891
6.76774172
7.65234375
3.44694093
0.85791016
2.75000000
0.45741507
3.83756593
6.30078125
3.24055907
1.22721437
0.41674805
4.91796875
1.85937500
7.34375000
3.65820312
11.35937500
17.78906250
6.80859375
1.58105469
10.99148560
9.26594969
6.58203125
4.78483156
23.91532223
3.33333499
7.01562500
4.18359375
3.22656250
5.80289672
2.46272828
0.96875000
1.73046875
0.06677246
5.06591174
3.42529920
7.37500000
1.58593750
2.85211182
6.83007812
3.20898438
4.89062500
8.44531250
5.03906250
3.20312500
0.00788879
0.11236572
5.67968750
2.38476562
1.36523438
0.70861567
13.24902593
2.76757812
5.04687500
5.58593750
9.56673094
0.20475343
5.04899047
2.00243767
5.81478280
8.30468750
19.75000000
8.23958001
7.11198249
1.36523438
3.00650377
3.55990248
9.56640625
3.65657469
2.84928468
10.45312500
0.03640747
9.88281250
2.07617188
10.09016844
3.34960938
1.04752687
1.44726562
7.84375000
3.39713376
2.83756593
1.60026125
11.39843750
1.78645750
3.25390625
1.75651125
10.98469969
2.45475343
0.31738281
5.12174313
2.34114749
6.46386470
2.55761968
7.85611813
12.55403812
3.21289062
3.06250000
10.21093750
6.67252438
2.04947003
1.55079122
4.44108156
9.39843750
2.78369904
2.57617188
5.34765625
14.16406250
0.03369141
7.81673094
16.02408688
4.84277593
2.36914062
12.29687500
3.71093750
18.35156250
25.25063941
4.46826296
5.96273825
8.55664062
2.92968750
3.04882812
4.02896222
2.66276872
5.27817764
0.23346056
36.66015625
6.75813719
5.98014406
0.88769531
3.39843750
10.33536192
25.98402040
15.91037787
8.99980828
15.87352394
10.43962544
5.89989362
14.27523825
34.20009919
13.40072217
-0.33885846
21.30142440
-0.61319198
4.50992797
1.20558717
9.99804688
6.67187500
1.85253906
0.56884766
0.53967285
3.95540282
36.41910018
10.38341374
12.16376726
0.45966366
6.15818817
2.58009308
4.80924313
1.86889773
2.47054078
2.63085938
2.53125000
2.83984375
4.06021969
6.11263187
12.42252438
5.35872562
4.33203125
4.24200058
5.69938110
2.32665891
5.10091312
5.45703125
12.53125000
4.84407469
8.67187500
3.33268312
14.32666016
0.69042969
16.18846410
5.20216090
2.62890625
6.86494446
6.79687500
4.67968750
4.50976562
8.29752438
4.19075687
6.24609375
6.60595703
8.75000000
11.39843750
9.60579344
0.83268312
16.50671387
7.50633644
5.40381981
0.17980957
4.29687500
10.26559111
22.62679078
3.59423704
2.97200687
5.01985594
8.25358156
0.22477047
16.10937500
11.03060062
2.13867188
7.04296875
5.81705563
6.87435062
14.90266844
4.54459718
7.50781250
9.38281250
10.31941711
1.55851258
18.17399047
0.67643188
29.91178468
8.45735594
9.18237367
0.15128601
2.01171875
18.13378906
4.28548094
23.41959718
4.42578125
5.44531250
7.56216534
2.29330341
10.50000000
0.64306641
0.07525635
0.31689453
1.48925781
4.86164783
0.50846936
11.64062500
4.96126219
4.50390625
9.41666002
7.37419326
8.05647828
3.06054688
8.78125000
0.49902344
14.89908688
4.37923343
1.64160156
0.09508940
12.37450798
19.82550505
4.64455119
11.94026734
1.99820922
4.75341672
1.22200687
5.82039686
8.51562500
1.74674562
1.88769531
1.81477782
7.03483156
5.51953125
7.59016844
1.97697023
4.44205563
10.87076906
23.63932375
5.58137938
4.64811281
5.10156250
2.56250000
8.67838376
7.69596437
6.55891844
4.12435062
10.59375000
2.72265625
6.59375000
1.54394531
9.26897137
4.87825687
8.34375000
4.93782469
0.05851320
9.98372313
6.68359375
5.75358156
3.42578125
4.34881254
4.40201906
7.24609375
1.85253906
8.25781250
4.56411847
8.04720966
25.10937500
7.87109375
5.96875000
3.31640625
2.63671875
5.53677970
3.05127327
4.71663453
5.90234375
2.87304688
10.81673094
2.33007812
2.50553468
8.53515625
2.76171875
3.72851562
7.99251219
9.37500000
11.34733156
7.85066711
4.70402039
3.58886719
5.09375000
8.60937500
7.80078125
9.04492188
14.22949219
6.74348875
3.99967531
6.60579344
2.21061281
5.80078125
6.20279034
3.77377216
3.42382812
1.83198973
2.87467531
14.56487539
19.81299327
14.10156250
2.42968750
9.39062500
6.56504822
3.84375000
6.66357422
9.45312500
5.81640625
2.17382812
5.97460938
2.52571532
3.92155031
1.43457031
5.08984375
15.46093750
4.13671875
8.47298094
12.21451906
3.74479001
7.17513187
6.49609375
13.29182860
1.40201906
13.78125000
8.82633422
0.85318969
0.72281984
2.08789062
13.06673094
6.24226805
8.29622562
2.28125000
5.78807846
3.62240248
15.47786126
8.03776374
5.76530031
2.87109375
3.33430907
1.97265625
3.78092531
11.95735594
3.55305907
7.44466312
8.60937500
3.69075438
9.65991211
3.78483156
1.46386719
11.08314670
2.32129155
7.51301751
5.01692376
6.65365248
15.14062500
0.92822266
3.34765625
3.00585938
8.73860594
15.68750000
11.14843750
13.98860594
5.10481937
7.12500000
5.72200438
6.01139406
3.06054688
5.53515625
5.18260971
3.47103280
7.49048101
17.48795656
1.65527344
13.70312500
7.11328125
6.49218750
0.10467529
1.68301121
1.78435449
4.05695535
6.23764184
3.92773438
7.28710938
5.15625000
14.58365470
15.74349374
5.76953125
10.14890958
5.29070589
0.42830445
1.46256344
-0.00650876
8.92024158
2.19694592
2.02343750
9.62890625
12.62678953
4.24532136
0.38716644
9.74218750
0.71435547
4.71191406
4.17187500
14.45019282
17.33301030
2.38867188
3.35351562
10.75423094
1.40201906
11.00000000
0.17871094
13.71516844
15.64485594
9.21028812
3.39843750
12.14843750
4.17219969
0.55631593
3.71289062
5.61718750
2.27604001
7.12239251
3.75586436
2.69596188
4.95751330
4.04997451
4.85905031
5.60937500
0.02326965
1.12304688
5.03792235
12.37955812
10.70312500
7.90625000
14.93258169
3.93197030
13.05110594
3.85091312
11.60758422
0.27937867
2.99055907
3.62662843
4.37662345
8.50228280
15.55175781
8.70312500
3.68359375
9.02766844
5.10188719
3.65755374
7.03426086
1.56925476
0.00723648
2.12377930
15.27343750
0.27880859
11.11816406
1.03083728
3.52116467
2.93945312
2.72460938
7.90429688
8.54687500
2.99023438
6.09798094
4.60905031
0.95898438
5.58853502
8.23600842
6.64420656
4.15234375
14.30468750
2.91015625
0.05218506
1.48990719
7.33138187
2.43945312
1.49071144
4.45492575
4.48405031
4.32128657
0.07226812
2.21679688
2.51953125
4.23860594
7.86067376
10.14713874
3.95829347
9.39680907
9.57031250
5.01139406
8.32812500
0.05621338
6.15234375
8.68750000
4.61912567
5.83399933
0.05062866
0.59065672
14.86295656
6.98046875
2.15517357
0.94687721
3.70898438
2.05761719
5.01953125
6.47656250
12.40689938
5.35481937
0.36309814
2.39453125
6.85937500
0.66699219
3.41796875
13.70898438
1.34375000
6.15234375
4.93587157
2.98405031
12.83593750
3.22102782
4.21842531
7.16796875
2.61132812
6.97688719
6.69108156
14.01269282
3.14160405
4.98046875
6.15982658
3.26009530
4.42219969
7.05045656
8.97900266
0.86035281
5.94563719
0.00608400
3.33593750
6.19921875
0.88623047
5.71875000
2.78335571
6.58203125
5.83984375
7.16829344
3.18912843
3.90039062
8.07031250
0.07312012
3.88313719
8.91829344
1.97591312
4.94921875
2.80273438
0.08966064
2.99023438
3.18652095
1.43261968
1.75781250
2.27278563
3.01530031
10.58235594
2.79069093
12.72086547
1.99593140
11.88281250
8.05923565
3.93783466
2.65071532
6.79182735
15.85703740
1.93294188
2.66713771
3.17913674
4.56640625
14.88539284
0.21568138
10.82043457
9.07812500
9.51562500
7.10546875
5.77831782
9.47949468
9.09676024
5.07031250
7.86686281
20.64550532
1.79394780
1.31770750
11.34733156
11.98079344
9.68149155
5.22070811
5.91015625
5.00000000
10.28254876
0.66341437
1.36897828
2.61458250
2.07194093
8.10156250
9.85713621
2.89420656
8.15753158
0.42401139
0.75781250
6.96093750
11.50911375
8.84733156
0.00428391
3.26520538
7.82812500
3.15039062
1.28254876
14.33528812
10.43391844
1.24023687
5.57877438
3.43717531
7.62109375
5.93326906
4.68359375
23.61783688
6.16471188
14.03776374
4.34830563
7.01139406
1.17382812
5.41764406
9.32812500
9.85221188
11.04622562
10.60937500
3.45703125
8.08268063
1.37044437
1.74006331
1.46159685
12.95898438
1.99121094
18.55891844
11.86718750
13.38704344
3.91731937
4.33593750
7.22167969
4.36328125
9.79198456
3.08398438
3.02343750
13.75423094
2.82291750
8.40218016
8.37076906
7.34260860
6.01286015
2.66601562
9.73762190
3.98894060
2.82421875
2.84667969
3.59765625
9.19173094
1.22330812
6.93359375
2.45507812
8.08593750
1.63281250
4.55859375
3.53710938
11.65625000
1.75683594
2.39290282
3.56412843
4.91796875
3.90234375
6.54329344
3.59733156
13.85156250
4.28906250
5.26740581
5.20915669
6.27921321
0.56209538
1.39257812
7.52955508
1.31810117
2.91748047
13.81811523
9.67187500
2.89648438
2.18180297
0.49788453
9.10156250
1.47363281
2.41048094
7.88248781
3.72460938
3.95898438
0.02276611
6.09375000
3.08854001
2.59505374
12.15136719
3.40039062
8.83675047
7.85123781
4.80664062
10.93910599
3.15356445
3.22265625
11.73437500
12.98437500
2.59765625
2.98632812
7.15526596
4.44239029
8.24966534
5.91260638
2.68538453
4.70051751
-0.05452142
1.48046875
10.58479735
8.46875000
11.99576906
6.00781250
16.28125000
9.14908688
2.56575687
3.37304688
10.79101562
8.64485594
16.57812500
11.80045656
3.15039062
9.50423094
0.28702883
16.48632314
8.65430186
15.64648438
1.38183594
3.90039062
5.57812500
12.68919652
3.22950465
4.12532469
7.95703125
7.86245397
2.30273438
2.71679688
3.99804688
5.53807846
6.35254654
4.59375000
17.21875000
0.44970703
5.82031250
6.55121804
1.82732200
5.55468750
3.32259032
1.50846437
13.30859375
5.08203125
8.02376219
5.06673094
7.16943484
4.07600953
4.11651611
1.86132812
4.32063719
5.23795656
12.94173094
0.25773195
4.38273430
7.87207031
7.49609375
5.22265625
14.92008422
0.67317750
2.74804688
4.73469969
8.97233156
7.17968750
3.35937500
0.50390625
12.50000000
1.66699219
5.89746094
12.13704344
4.28483156
1.75000000
4.16719481
2.77306982
2.66992188
6.04655031
10.68750000
2.96061281
1.04492188
9.00781250
5.11002438
5.70247562
2.22460938
13.33593750
12.47023010
6.34753418
6.07031250
8.42187500
5.97330563
3.91341312
11.04329344
14.53644504
5.47494902
9.35937500
0.08483887
5.01171875
5.21126219
7.32506136
4.43750000
1.95507812
6.92610594
1.91569093
0.61010493
3.29590093
1.44799805
6.73437500
1.70697021
10.60156250
16.10937500
1.28320312
0.00408936
3.24055907
10.91257719
9.72378768
7.70589982
8.78548094
2.06217282
4.03027593
3.84375000
15.11393063
14.13411624
3.87695312
6.99218750
5.14712877
8.04427748
3.48828125
8.43750000
0.77083250
5.73014406
5.37890625
0.83496094
1.71484375
5.62801086
0.63126648
10.04573360
0.97086796
3.44921875
18.34375000
8.85286126
2.43034186
11.80468750
4.94095856
1.29146332
7.58085559
3.62305186
5.42936281
7.64876219
11.38248781
9.42610594
6.41764406
1.39062500
7.39550532
3.54004155
17.62500000
9.51562500
4.08854001
11.33489917
3.92617020
5.04687500
2.68750000
6.75781250
13.78125000
5.85546875
5.72656250
4.28906250
1.53466797
2.77734375
9.08235594
5.87305113
0.42999179
2.11523438
1.32812500
6.68750000
1.15364002
14.62998464
1.83952903
2.94726562
0.04071045
7.62500000
7.28613032
7.24153812
4.87272218
7.55859375
19.23079344
0.41862062
13.79927489
0.91959718
10.34375000
3.26399657
14.50618407
5.06217531
2.74023438
3.71875000
0.67366453
1.53385500
0.00510025
4.19042969
3.54524657
4.37076906
3.90820312
7.08984375
2.67187500
6.26530457
11.85693359
18.38492797
8.05647828
0.15380859
1.41213179
3.48242188
7.86718750
3.53320312
1.28920842
0.44906139
1.45410156
0.87353516
1.51855469
1.67773188
0.28125249
9.50000000
24.38941002
5.10969969
20.01464595
5.38997562
1.28255374
9.42968750
3.27929688
9.58674424
4.56444316
5.65935948
3.66015625
11.08235594
0.97526125
2.07421875
0.50196934
9.10937500
2.52734375
4.49121094
5.34765625
3.47656250
6.57812500
5.91796875
14.05468750
2.20117188
0.12152100
0.00540543
4.28906250
0.06774902
3.96450909
3.89811779
4.50683843
1.21842531
5.56551086
0.39778500
8.18977283
3.74919326
0.93880250
3.48242188
1.67675781
4.17578125
12.26562500
1.12304688
0.78905876
0.14990608
3.27107906
2.26367188
5.27343750
0.13574219
0.05380249
3.03279477
2.31876773
6.87109375
0.84553953
3.57584718
13.84375000
11.14453125
5.88281250
2.59570312
9.22298094
3.11880347
4.78028590
2.66210938
10.29329344
7.81250000
2.76334718
7.66015625
2.74525640
5.78818705
13.21093750
6.20723968
3.79672761
15.28450189
7.01432624
3.64648438
4.70474845
0.10921639
4.71955674
5.19863302
0.31765008
3.48828125
1.20776367
4.79296325
1.49039672
3.31608156
2.05468750
8.67252438
3.24413066
5.36654809
5.35318595
4.88900155
4.08203125
2.02351805
9.56183068
1.44297096
0.14904847
1.90527344
4.59798094
7.21842531
5.18391844
7.17545656
2.49609375
3.36523438
3.73046875
3.77734375
4.48046875
11.21875000
5.09375000
2.91992188
1.51269531
2.69954344
1.19945728
0.44279615
9.16406250
2.02734375
1.95186028
6.70475593
11.29687500
4.92399047
0.84602906
0.18542480
3.34375000
3.51009032
5.64062500
3.37662843
10.16048094
9.32389406
9.78906250
5.01399158
2.58040780
5.66341312
3.91992188
3.50943844
3.99007203
0.48095828
3.06054688
5.36949607
0.79391456
9.65022828
0.49056031
3.23437500
2.20703125
2.18554688
6.32421875
1.96777344
0.33548856
0.14937472
1.64265472
3.45899933
4.63671875
9.28125000
0.26035397
2.32942874
0.67625427
1.02832031
7.98486079
3.39551030
8.66406250
0.68652344
0.83837891
1.84309813
11.08316268
1.56299700
7.40625000
2.92187002
4.72070811
13.02766844
0.19458008
8.35514406
13.33365470
3.92415780
8.59927970
10.83822030
0.03540039
2.24084473
10.12206782
5.07747562
6.74967531
2.88476562
9.16568595
2.92838874
1.86002687
1.93196532
6.30078125
11.92057136
12.57812500
0.02008057
2.09765625
6.07454344
8.49967531
0.91650391
5.73828125
0.89111328
0.00481796
6.92578125
5.10562985
5.56575687
1.76885986
9.39062500
0.55615234
9.93391844
2.55631593
15.24641844
6.31673094
0.73665531
8.86718750
0.05480957
9.62206782
2.47069316
3.36622340
2.02343750
11.99470946
1.09049562
4.20703125
0.03836060
15.42968750
7.19791501
5.89298648
1.62263852
2.70084718
8.01139406
1.11523438
3.10156250
11.57136837
10.43082890
13.19140625
3.93164062
1.55249023
8.38281250
2.69873047
1.90234375
11.10156250
12.09375000
4.96093750
1.71419188
1.92350343
6.05568505
7.64812278
3.00146484
12.98958001
1.94401374
10.67187500
1.42708250
4.28906250
8.16227172
1.64306765
1.89355469
2.25406860
12.73616578
0.47256558
1.16438968
12.29296875
8.49121094
6.57128657
0.90755125
1.88346686
6.27734375
4.30078125
6.73437500
1.52441406
0.02595520
3.99039672
3.31526734
6.23828125
2.95507812
2.01562500
2.98046875
0.80566406
4.27555297
0.99740601
5.26806516
4.99397828
1.14990359
6.51953125
9.47546387
9.15625000
4.83793259
2.45133422
11.21093750
6.89241578
3.31835938
5.60156250
5.75813719
19.46647218
4.25781250
14.31673094
0.31116104
5.76920656
10.65971565
14.49283688
2.61490968
11.96875000
19.91227297
12.44921875
4.01953125
12.34584047
5.24334759
1.84261109
1.77249784
1.41145999
14.46679688
8.61490470
7.88419991
0.39200867
3.61425532
0.90332280
2.77539062
5.39453125
1.16113281
1.45822144
5.97867797
3.39632203
0.06447220
6.27343750
0.10150146
8.11360594
12.82960146
13.05081116
0.09720274
4.02311281
7.46126219
7.31382315
2.54587654
2.60481937
7.30891844
4.52473875
8.76497562
5.24039672
4.02087433
0.22751036
3.38639406
10.89062500
8.72656250
19.87231445
8.21875000
9.79997533
1.45020777
7.66275377
7.28548842
12.99511719
5.68395996
8.98925781
2.69140625
5.34570312
4.99251219
11.72029477
0.27056353
8.03304078
13.38052970
7.15820811
22.88281250
10.34016844
2.21061281
0.58593750
7.14453125
4.08984375
7.14453125
5.61181516
5.06787234
11.04329344
7.63736813
1.72265874
7.28125000
0.33251953
15.90572850
3.42270168
0.00374794
7.02017066
7.23519171
1.53760638
0.01161194
2.19726562
2.24023438
17.93781472
2.73163392
8.13851950
20.96176573
7.04264406
4.53515625
7.00142332
12.50781250
2.60081056
2.82421875
13.90930176
0.41381836
0.98632812
6.42968750
3.61328125
2.55793939
4.31510749
1.02213376
3.26497562
4.12540524
5.68758304
1.76953125
3.57812500
10.82812500
3.86914062
13.07714096
7.81348404
13.69074690
4.48535904
14.21451906
9.03125000
12.80664062
7.73599845
5.62435311
11.53906250
8.76204344
9.53254876
3.77572030
9.75781250
6.39453125
5.69531250
9.62280273
4.56250000
0.55075073
15.85968972
11.61081680
1.90104499
2.84179688
16.30891844
4.24067262
2.78906250
14.83593750
9.55468750
1.26708735
17.44188830
2.09034075
27.93098626
4.02604499
1.79492188
4.64843750
11.60156250
0.04376221
9.67968750
4.24902344
4.35756346
9.55045656
2.06445312
1.03369244
4.22689716
2.21044922
11.09375000
1.85644531
11.03125000
2.64685059
7.93054199
3.54134032
14.17415282
4.71028812
7.24218750
3.66634032
15.68513063
4.54687500
3.63118407
5.54655031
2.65625000
2.41406250
2.41015625
12.66567598
1.62566433
4.85107048
3.28727670
7.66406250
1.96712157
1.06510500
9.35156250
1.13867188
6.25390625
16.87629876
3.86979499
1.39648438
10.13044105
1.42652426
4.10886720
3.70898438
3.95540282
2.85514406
1.02519655
3.06054688
11.42968750
4.90657469
5.94409242
1.54581726
3.80664062
5.17789672
0.31160523
2.82421875
9.32031250
11.37109375
13.11816406
0.40917969
6.54687500
5.14664672
2.79085328
2.78768526
4.03354277
3.50195312
0.98779297
0.05331421
4.55468750
2.51399657
4.37596909
0.35905779
12.92895508
7.65948486
8.09375000
10.07812500
1.60351562
0.84478760
3.06835938
4.58203125
4.90234375
10.74641844
8.55929604
4.20209802
6.76334220
6.25618905
16.18391844
2.95280031
3.15855937
4.62110372
5.23046875
0.21191406
2.10156250
0.86914062
7.36718750
3.84960938
5.44742797
4.57991578
3.48274657
9.14420656
1.29850094
11.93294437
5.11397215
7.06608156
9.75781250
0.02845764
8.34375000
6.29329344
2.00032469
2.94270999
7.53515625
3.04687500
1.50716063
9.41860816
2.03223902
11.91349792
1.83593750
3.70898438
2.74511719
6.26594969
1.92740968
2.05183899
0.25166977
10.86718750
10.71093750
15.63304901
4.89257314
3.39258311
3.57096188
9.59114749
7.52469638
0.79170987
3.17321777
6.26204344
1.04166750
0.21913338
4.89876219
7.34765625
3.68912843
9.74641844
0.86002687
11.36469305
3.46733820
2.51544770
8.18767730
5.69140625
2.14290032
0.01237311
4.26594969
10.11913564
15.81696011
10.45735594
4.65592531
9.34375000
0.05572510
0.00191212
9.67187500
2.05615234
5.04279327
2.25781250
2.46484375
8.21939938
13.46810062
2.73697751
4.90169437
11.19173094
1.59765625
1.92773438
1.57486813
1.71777593
3.94759032
8.53906250
8.55968224
1.00037636
6.28483156
0.91469501
2.92546154
1.21289062
0.18299572
2.95638187
1.63883297
3.38606937
10.94531250
0.06506348
8.19531250
5.94921875
5.39453125
1.36621094
1.29654782
3.67513187
2.36914062
7.39843750
3.29492188
6.36328125
3.13671875
4.46158688
0.83626468
2.70871251
9.84733156
5.33170656
8.57031250
2.30436032
16.80403812
4.26204344
15.47656250
1.85026125
4.98860594
4.14632203
0.48909547
7.03906250
12.20814984
12.94889406
4.79264406
4.58442688
16.68162962
5.82844969
12.59310062
22.43872070
14.52766844
7.37858156
0.00855255
12.91406250
2.00976562
4.73502438
3.30013187
6.70084220
2.31282967
7.33593750
11.20312500
7.68879876
3.06315436
6.72265625
5.04597961
0.65323914
4.94921875
9.26985594
3.56217531
8.58593750
0.25618407
13.51757314
2.02702404
2.59944578
5.05344728
16.18128293
6.92708499
3.33398438
5.09765625
5.83984375
0.00966644
2.19116211
10.49102783
2.47229004
0.82373047
9.91173935
7.10546875
0.03573608
0.01042175
9.19531250
7.76171875
1.73647925
1.74154809
1.74707031
4.27555297
1.98616578
6.15234375
0.11041260
1.31054688
4.11652815
1.95769060
11.21420618
4.58561281
1.96419188
9.44889406
1.01668211
5.19498781
8.65625000
0.00313187
4.23828125
8.77945922
0.82991578
11.43395280
0.82288314
3.83984375
4.74682617
12.13605940
5.96940935
11.46875000
4.34375000
2.71679688
1.16722636
10.51954122
1.62695312
3.90914154
0.97753906
4.55110594
5.40592531
4.28775876
7.25358156
11.13281250
8.77701906
5.54296875
14.77343750
7.03125000
2.39167786
0.86995360
6.50846188
0.20385991
1.83830167
15.37875886
4.50358156
5.68489500
7.98046875
2.86100343
1.17968750
10.34195922
5.07991578
10.85579344
0.99772218
9.17740470
1.85026374
6.50748781
0.25447508
3.75195312
7.48405031
4.50390625
4.08203125
0.33349609
3.03515625
4.17578125
5.16080563
2.11458499
5.45703125
13.25781250
6.34082031
9.52180907
5.22233156
1.69449828
1.58675172
7.28515625
10.06673094
9.14420656
14.10937500
4.43424313
4.24755984
15.98616578
3.36783688
3.44075687
7.29687500
1.04492188
0.89326622
6.14278479
3.93147828
13.11718750
0.13549805
3.27687924
11.12076906
3.92936281
4.83984375
3.49430297
1.30061890
7.20703125
7.74820922
0.43538453
13.18570922
0.19576048
0.77671435
0.12297484
4.33561281
6.28233638
0.01912484
0.12416502
3.43522218
11.41406250
3.17333611
0.21680061
3.50002480
2.15234375
5.13793883
1.15307679
7.20312500
2.46549313
1.87044437
6.73828125
1.37792969
6.27407691
3.97982934
0.76567078
0.11212158
4.33203125
13.35354614
7.02313720
4.43389405
12.30410429
10.00358156
6.75528805
0.49454836
9.01985594
4.42903812
7.60156250
4.67187500
1.55519104
15.88834220
4.28385749
1.92545656
14.35937500
1.36425781
4.42578125
11.81314938
2.93880374
0.56689453
6.00390625
5.64062500
9.07458496
11.08593750
9.63191711
1.36558552
5.94390362
9.57454344
4.63248781
4.46093750
1.47762024
0.46110047
3.69759032
7.05480957
4.37858156
15.74641844
4.92936281
1.04003906
6.13281250
4.60546875
2.37422140
3.09627382
0.84472656
0.25903320
0.11199951
1.06250000
9.91951033
4.08073000
12.03906250
12.87500000
0.45288086
1.92773438
5.29296875
0.30594723
6.67903812
0.48665282
2.52115968
4.02376219
2.19531250
4.59765625
13.06445312
0.16862062
3.50152779
4.59375000
0.96728516
0.02720642
4.75032469
5.10123781
0.48217773
9.22656250
2.99186032
3.76692874
8.92879211
1.45109070
9.95735594
5.21093750
8.54687500
7.43326906
0.46166992
2.19726562
5.71875000
2.70897690
1.93653091
13.48079344
4.25975566
1.44695090
4.35227101
