0.00000000
0.78572259
5.74870124
1.77343750
14.21093750
1.86718750
1.96093750
6.52164672
7.12288453
4.36230469
2.33886470
0.43017827
5.19531250
2.10156250
2.40625000
8.48502438
4.01139406
2.49967531
5.82812500
0.16516113
11.41519019
8.03451684
6.28906250
0.04721069
7.07275391
3.81494016
0.66845828
5.82812500
0.66308594
0.57163405
4.78131150
2.59749390
1.29589844
0.81298828
1.79199219
7.55078125
0.09332275
9.63216063
3.68326906
9.73258422
3.56233765
5.75032469
18.58170656
12.92219969
9.32389406
13.70324707
4.07812500
8.74218750
12.44173094
6.65038564
4.20866467
8.51073471
2.38965591
1.07812500
23.84602782
8.82713099
4.07846464
6.95426640
8.89957890
19.04996454
1.02262577
2.27311281
12.00000000
11.72298094
8.38639406
11.96614251
2.80338874
15.21875000
7.47131317
1.02966340
4.12987534
2.05567154
4.17578125
2.86897330
6.17837877
3.28272606
7.12336658
4.05467753
3.24773714
7.17252438
1.20247562
2.43164062
7.75980926
0.20015168
5.39843750
1.81868407
6.69889406
1.02050781
2.77734375
1.76953125
3.93945312
3.31640625
1.48535156
2.54394282
5.36621343
4.32454344
1.90104250
12.23388672
10.66406250
1.42822266
0.46240234
0.22680664
3.01009032
6.73437500
3.80631593
20.66218307
0.51164505
2.04687500
3.32161126
2.00260749
1.92382812
2.87695312
12.02343750
7.37109375
1.88509032
0.08536867
8.95800532
2.75293218
3.90250610
0.56966187
5.57128408
3.78320811
9.51562500
4.68359375
12.67610594
6.49218750
16.64115480
0.55452142
6.74088874
1.28417969
2.82421875
0.03750610
1.01855469
10.71418440
6.89160904
6.26139406
19.20214096
3.66895279
2.34924316
0.78076172
4.95312500
5.36718750
1.96582031
1.60156250
8.90510860
0.89502078
5.90201906
4.94140625
0.34106445
5.69140376
5.19433843
2.97460938
9.02050781
12.53125000
1.86425781
0.11117554
0.70361328
11.51985594
6.81641725
3.35579344
4.22233156
1.14062500
3.04882812
6.11099845
9.14290780
4.65234375
1.93750000
1.30761719
14.55330196
1.71012577
4.15429688
5.57812500
12.20312500
1.32812500
3.62304688
7.64697141
0.89892703
1.09863281
5.93359375
6.76081339
8.36418661
1.37353941
9.73990968
14.08593750
7.24039672
1.06819703
1.25000000
8.37500000
12.58562070
2.92423648
8.65698242
1.13085938
5.32388409
10.69174091
7.39453125
6.33203125
7.07897949
2.87890625
0.97548764
13.09310062
9.61539672
0.47493531
7.18359375
3.82421875
1.52832031
7.07909907
5.53418218
2.26953125
4.65625000
0.60839844
5.47883533
1.08464123
2.16048094
4.06217531
10.16406250
4.03808594
5.04296875
3.67415282
3.22428468
3.95703125
1.42968750
1.54524657
6.17545656
14.49820922
0.26204344
0.64599734
5.98649047
0.62239625
2.83561032
5.78125000
4.55403812
3.67728668
0.41524262
0.17834473
12.55468750
3.05664062
3.73046875
0.05557251
0.77343750
10.95605469
9.13095797
2.20410405
17.35351064
5.05664561
2.00390625
2.74804688
0.00163746
0.99121094
2.27481993
0.33894961
2.06640625
8.25195312
8.51660156
1.40429688
12.65625000
7.44921875
1.06054688
3.31445312
0.00526810
1.35351562
11.80891844
4.92545656
2.57812500
1.12402344
2.13931129
2.58757590
9.21451906
2.66992188
5.67578125
8.46875000
5.69921875
1.18164062
3.92187500
2.35742188
1.69921875
8.25781250
1.83398438
8.70312500
0.07232666
0.20336914
3.66357048
6.75830452
0.54842102
4.83096853
0.37207530
6.58805297
4.14241578
14.15754876
10.70963874
10.64843750
1.05664062
1.17749023
2.48828125
6.36816157
1.22754155
5.54687500
1.02343750
7.67968750
0.34423828
0.87559788
4.69856937
3.71875000
10.47656250
13.21875000
6.81250000
1.64387938
1.07389406
0.77294922
5.07942376
5.51236813
1.41895030
2.44921875
3.99853391
0.35424929
8.63232048
1.83057014
9.71582031
5.03125000
1.22460938
4.76953125
5.64647939
0.48383574
1.10243019
5.00504765
1.80468750
2.97851562
6.38671875
5.00000000
5.64697141
4.09977172
13.63470547
1.23991218
1.38964844
11.58372341
6.27207003
6.64811281
6.26171875
3.25195312
3.12304688
1.11621094
2.71484375
0.11114502
1.01108977
8.43326906
2.33984375
15.37500000
11.09798094
12.63281250
9.45670656
12.53320312
1.31445312
2.85351562
9.28727172
0.46614625
3.52148438
1.86173234
8.89713874
0.89892578
7.15234375
10.15980192
2.90006593
10.48860594
7.16373781
9.68033688
10.95247562
6.58984375
3.80664062
0.13671875
0.00612640
2.23242188
8.40307617
6.25402832
3.97851562
1.16601562
1.39257812
19.76901245
2.32226562
3.13671875
6.92578125
15.29101064
1.09082530
0.05953979
1.39187622
0.68212891
4.87019836
5.96183289
7.47298094
1.92936281
1.10742188
2.68359375
5.78125000
7.81640625
5.59765625
0.01805115
0.96582031
2.80472946
6.30468750
2.66992188
4.19022458
9.59912234
1.60921265
3.42609069
16.97819592
1.35628297
8.02343750
2.32812500
3.98632812
0.93603516
4.94921875
0.03146362
0.28955078
8.18554688
5.13769282
1.11328374
4.07812500
2.33984375
0.51123047
5.93635860
7.60180851
1.89770446
1.21020072
5.47160350
1.93457031
10.30468750
6.02180907
7.14030031
14.83691406
0.32006836
2.68362515
9.71810062
15.03573608
2.21679688
7.15838146
13.05468750
0.74023438
1.29980469
4.80322266
2.93554688
4.71533203
6.96484375
12.95222961
0.44108094
0.93554688
4.56835938
8.24218750
8.80468750
0.21752930
4.40917969
7.95312500
1.50585938
1.96679688
2.47648665
2.10709718
2.60180664
1.61718750
1.80120461
9.57131107
3.03710938
1.17382812
3.60351562
0.87906486
1.10482186
10.28906250
0.29125977
9.77164672
10.61897828
2.38085938
10.81673094
6.07680630
9.16667996
4.34993905
3.78603172
7.96191157
1.52343999
11.46875000
1.00113766
6.37281444
0.43179251
4.32389406
1.62564938
0.09871585
3.97749615
2.35937500
0.44335938
0.91699219
3.25976562
2.74609375
1.87086990
0.34568283
8.92968750
1.50585938
2.01328256
10.12109873
1.88964844
11.54150266
2.41552859
4.03125000
3.06046321
2.05086491
1.27441406
9.59016844
5.19439448
0.45866218
1.29344955
4.90950687
3.21843029
0.87890625
1.13720579
2.37695437
2.90462157
2.28483156
12.17276382
3.85937500
1.96582031
7.17968750
12.18090487
3.92187500
3.81250000
0.06207275
3.73870850
10.78125000
9.80468750
7.16048094
6.15592531
1.88236481
0.27193207
2.03815153
1.74383089
5.65625000
3.26041501
2.66731937
0.53125000
0.80498791
2.51757812
5.46875000
15.91406250
4.92578125
11.86718750
3.46875000
7.47856140
1.46646720
0.97591561
6.78515625
4.21875000
1.33398438
4.50292969
7.92968750
7.41015625
1.53417969
0.87914665
6.67236702
2.42968750
12.12695312
3.40429688
7.32031250
2.84602782
3.87076906
0.65429688
1.37988281
0.67003896
6.34993905
3.49381593
0.06469727
0.72265625
1.48863500
1.22364527
6.99218750
5.01171875
6.14843750
5.70703125
4.60546875
2.08789062
1.27832031
3.54947751
0.23104007
3.80468750
8.34375000
6.36713028
7.56250000
3.97070312
10.42218972
1.25359153
0.91015625
2.53887897
3.76922650
5.36328125
4.30078125
2.31445312
4.12792969
2.54492188
7.62923094
1.93326906
1.34667969
7.39843750
1.01953125
14.60937500
12.33787207
1.07340952
0.11932373
1.15587997
0.90966797
1.22525978
10.51030233
3.69336436
1.25292969
6.68359375
3.60058594
2.97460938
3.07963043
0.64482863
5.86621343
6.09765625
8.93033688
1.30306156
0.55175781
0.30224609
0.86473862
4.95801529
5.28515625
3.10546875
0.00675964
16.17187500
10.70117188
9.09570312
6.48046875
2.41601562
11.10579344
2.19839207
0.70558011
0.34448242
0.93237305
5.45703125
2.16601562
0.00744629
7.90189606
0.86128754
0.68847656
3.01614094
2.28547845
0.93717780
1.45117188
0.05261230
7.31070922
0.23396851
6.97590315
5.34440935
0.29614258
16.35740692
5.74415558
4.03971188
1.17057375
1.81217531
6.85253657
3.37207280
1.42968750
0.31343504
4.14420656
12.10156250
2.65234375
1.62695312
10.00682846
3.72709884
0.80367035
1.21386719
0.12500000
9.34375000
2.96065215
0.28104707
2.04800394
1.21078512
5.33593750
1.22070312
11.91471188
3.67513187
19.70703125
8.62500000
18.46695922
0.31355836
17.67447252
1.76888685
8.69742797
1.26741578
5.34993407
8.24772218
4.02962157
5.62467531
5.10480940
1.02409685
1.35742188
4.61718750
0.83740234
4.06088301
9.76920656
3.43554688
1.91072570
10.57902039
1.66796875
7.43359375
0.02105713
3.34375000
4.27733378
1.69141622
6.10937500
0.64013672
2.60619164
13.10937500
3.98648922
10.53710938
3.85872562
3.94531250
3.27148438
8.81640625
7.04296875
2.57617188
8.48274657
7.47916501
9.14941655
4.91528258
0.27197328
10.22656250
1.29785156
5.76365692
1.64259308
3.56445312
9.05078125
1.13574219
0.29492188
1.39435956
0.52385333
0.02452087
1.03116608
9.73437500
12.07031250
7.56941711
0.74943055
0.43733641
7.39420656
7.65299313
6.00748781
4.81608156
0.69775391
7.74218750
4.00357658
6.38509530
1.12109375
3.83007812
0.00070715
0.27270508
2.14430809
12.51204344
4.67350343
2.33593750
0.77848266
5.53125000
2.32015015
11.94661126
3.08268561
0.10229492
1.45763229
1.77311779
5.07680630
1.71062776
12.44498781
4.30281492
2.38053468
5.37890625
3.49609375
5.87547068
5.47657247
2.73242188
1.84387207
4.96875000
4.50390625
1.89062500
0.32226562
7.08384323
20.34232574
6.79366059
7.47688719
4.64420656
7.21158688
1.07552249
0.87158203
1.50895141
3.49983765
4.13964844
10.24218750
4.68750000
1.02734375
1.39648438
0.40869141
5.77744675
3.06640625
2.77088253
10.51627438
10.87435062
2.69466312
0.70743400
9.73323983
2.49411862
4.55403812
5.72265625
2.88281250
5.58398438
4.90234375
4.24641844
8.70670656
13.78548094
4.68326906
15.82812500
5.53904256
10.57033244
5.16406250
3.12303691
0.77344747
1.34838867
12.10156250
1.54882812
6.01838985
5.50504765
6.98738586
3.68448914
2.18164062
6.23828125
0.18843842
14.23469969
5.33170656
13.14062500
0.01609802
0.37247680
0.33504273
1.16361481
0.38033051
3.89746094
4.76143309
1.44401125
2.47025543
0.69087738
2.51726592
8.43393838
10.75000000
1.13582336
0.55802430
14.25813719
6.69889406
0.41845703
4.15234375
0.83544922
0.58789062
6.30240470
1.69987311
8.64420656
2.62369626
3.30013187
1.05761719
3.68066406
4.63671875
13.75423094
2.09342531
10.12500000
7.05664062
2.12500000
0.16101074
0.93383228
0.23267162
0.01143646
0.76694489
3.81250000
5.55891844
9.85937500
3.00162843
6.57844969
5.44498781
1.54101562
1.71875000
5.73830986
2.96289062
7.45735594
7.01530031
0.94335938
9.03125000
1.76293945
3.51953125
3.18359375
0.05813265
10.01611328
9.63476562
9.02408688
5.47194583
0.40502930
7.73046875
3.50000000
1.00097656
1.81078339
1.63964345
12.32259530
0.51969484
8.40625000
1.73339844
2.08789062
7.94140625
5.91990692
0.94955839
13.19889406
5.66048094
1.47135500
0.28686523
12.41195297
0.92724609
7.15006095
2.76986092
0.78808594
4.97427472
1.69955341
7.02343750
5.53515625
0.46997070
1.75764143
5.45679521
8.34114251
0.78768257
1.23632812
1.95898438
16.30232442
0.70460307
1.27050781
3.88769531
0.47436523
0.26668274
0.41031922
0.00345802
0.00766754
9.62845856
0.42793793
6.70703125
5.51953125
7.96654510
1.97851562
3.18945312
7.89094969
0.26237062
1.98773525
0.76319979
5.36686281
3.21289062
9.64062500
3.40966797
1.31933594
8.35708223
5.25619902
0.28125000
6.40689938
0.52718265
3.56225399
0.27343937
5.31250000
3.67187500
0.73901367
11.23437500
4.52685547
1.21386719
1.41422485
7.49397828
2.04687500
0.94970703
3.33593750
0.26480657
1.87345523
12.70133422
6.48616578
2.47460938
9.89062500
0.06085205
14.13491800
1.13461325
6.76985594
0.85319093
5.05468750
4.07722961
0.89534455
0.22127445
2.97070312
4.96875000
3.63704344
13.79817376
0.16683358
2.80550047
2.56217531
0.88427734
10.90625000
2.27343750
2.14453125
0.56697494
2.95931405
9.14843750
0.22607422
6.23437500
1.13769531
7.78792110
0.32907280
4.93196033
1.16764904
5.71549313
11.42610594
2.16308843
4.38671875
0.25813763
2.53645999
3.59765625
2.44718933
2.18359375
1.58398438
11.03189938
5.79231937
0.34790039
0.48014157
4.39388187
2.51757812
8.58593750
11.29687500
4.62890625
3.99218750
13.78104731
1.65787843
1.72753906
9.38281250
10.71484375
3.63867188
5.22850462
4.27311281
1.33398438
11.19531250
2.24804688
4.48079344
15.76562500
0.30948976
0.18760006
8.87435062
9.53906250
3.05664062
0.34244750
1.67757203
6.50390625
0.00873566
6.26594969
7.08951906
2.60937500
1.34082031
7.01757812
8.69531250
11.72298094
0.04484133
12.27912456
8.93335833
6.44889406
8.89062500
3.47656250
9.85156250
12.47460938
1.82128906
4.10969969
0.98014406
2.23242188
9.28906250
0.82356688
6.98181183
0.08780976
3.19726562
0.27685547
0.41040039
13.74218750
9.70735594
5.44779293
0.54101064
11.81478280
4.65592531
17.72836304
6.43586658
10.85742686
2.40461160
4.53842309
10.97656250
4.87890625
0.64160156
7.83203125
3.54492188
6.70312500
12.76127106
5.51997894
0.05804656
0.30232789
9.82454344
8.55240470
11.72461436
12.41829344
3.52311281
15.53906250
6.64453125
8.29068595
2.40462655
1.10286375
7.16764406
6.59798094
5.73795656
6.16731439
6.47916999
2.54101562
3.08626219
3.50162843
2.53515625
11.51627438
3.25716312
7.08788564
2.82617686
15.95019531
1.48469969
4.57780031
4.70703125
2.02539062
10.67968750
11.94352172
0.12129762
2.53515625
7.38638409
4.24252216
2.31054688
9.15266844
8.03906250
1.40201906
0.83495595
2.15234873
0.87548828
6.04492188
8.33789062
9.07633422
3.62679078
1.05468750
5.84016844
3.22037843
16.38720703
2.13671875
2.99023438
2.95507812
2.38085938
2.59114002
7.02116467
4.55078125
6.15356445
4.24836907
6.28385749
4.50976562
10.08593750
2.48229980
1.57617188
4.36328125
14.30078125
1.12532469
9.82389406
6.26561503
4.42579122
5.86197252
8.52083998
8.22786126
2.06184065
2.03646996
2.34375000
9.10221188
2.64811281
4.54474956
1.03695700
4.05859375
12.93879876
9.11588874
2.88281250
2.71052551
4.19140625
9.06673094
8.52473626
4.45963874
12.71093750
0.86735109
3.89453125
8.65234375
0.89892578
8.96875000
2.70963376
2.82552249
2.44531250
9.12500000
2.43781472
4.57478945
1.75888020
8.16959220
3.38346686
2.97233156
6.53125000
0.23815918
5.26953125
1.66210938
10.72069814
3.10775155
6.53873781
0.20007324
1.33886719
12.71875000
21.30615234
8.54882812
8.50064938
-0.00235836
7.71093750
1.72558594
4.44531250
2.50585938
2.07226562
1.33886719
4.34537594
8.74935062
8.20312500
10.96679688
9.66829344
4.60937500
4.62076906
6.04687500
3.32812500
6.73144531
2.27539062
2.81640625
7.05680297
1.23909547
12.30468750
7.65234375
1.98535156
12.13899158
1.11979748
18.48079344
4.48014406
8.97362035
9.45997340
3.31087157
6.39631206
13.25570700
3.54101562
3.70540282
2.27311281
1.65136719
3.79328347
12.85906028
1.48046875
8.73185055
4.01888187
2.46028314
13.66829344
6.35946053
7.68537456
13.22868794
3.41210938
2.05468750
5.02441406
3.76757812
0.74169922
13.06357392
0.95931903
11.68750000
5.34375000
16.72004876
1.89909186
5.84375000
7.42610594
11.73405031
5.57812500
1.62630125
4.01822751
5.39746343
5.34375000
2.96093750
16.89116038
3.21191655
1.10449219
11.82877438
5.05403812
0.97656250
4.92968750
5.19921875
5.08788564
1.35254405
7.24609375
8.29687500
6.06298828
4.16015625
5.88281250
1.57324219
3.10546875
1.79817625
4.24186281
2.95312500
9.66471188
1.83138187
11.96939938
6.35562611
4.44450576
8.69107159
2.97299091
5.69596188
3.35872562
1.12988281
2.06054688
3.15104001
12.55289672
0.81950077
1.84798094
1.64160156
16.46875000
1.39762453
7.05468750
1.10367672
8.62076906
5.36686281
4.05078125
4.70410156
7.29296875
3.41438719
2.30045656
4.34862534
4.01367935
2.48046875
1.95410156
2.34765625
2.39908439
6.57682624
2.01236813
0.89762577
1.86800172
4.57290504
13.48829122
1.30696781
6.75502771
2.76092198
6.67350343
4.12890625
2.45507812
9.46516844
2.12662843
8.68750000
10.39371454
1.52620733
5.70214844
7.67578125
1.30192016
0.16267945
17.46582031
14.95312500
8.41894282
4.38574468
5.69563719
1.21679688
7.15592531
9.33593750
3.84960938
0.41186523
3.37532469
5.54655031
2.56445312
7.41406250
6.82063719
5.93326906
5.36328125
8.20312500
8.78189938
0.77474124
1.32128906
6.32812500
5.51838985
2.06754765
1.62304688
21.01210855
5.02514960
7.25390625
1.63573970
12.52278812
4.81867908
2.54818373
16.89127438
15.19108156
4.25358156
0.43424313
2.82356937
11.33593750
2.35742188
8.22656250
4.99218750
0.81152344
15.81835938
4.31738032
5.72168218
0.90722656
2.34765625
2.26757812
9.45312500
7.15266844
4.47623781
0.03472900
1.81384277
4.84765625
2.10156250
9.06250000
7.22656250
9.62639618
3.75650876
10.78841312
8.57812500
2.87760251
2.23372562
0.60302734
7.51301751
4.24088874
8.44173094
2.02115968
5.92187500
11.66406250
3.38150876
5.43595523
0.30607117
13.01562500
1.74186032
-0.08145993
0.14196777
4.63476562
4.11328125
7.24609375
1.43261719
0.71996821
3.91308843
4.54687500
9.45312500
12.11054646
1.11601604
2.55078125
1.35644282
0.07861577
3.78938719
5.43717531
3.21240234
4.84765625
9.17968750
3.85156250
12.46353502
2.71029310
0.13818359
1.11859131
1.29296875
5.79296875
0.50439453
7.21158688
6.35514406
0.68326906
2.22206116
2.66015625
7.12988032
1.16894780
6.76953125
10.26562500
3.59871399
0.79532898
9.97167969
12.29329344
2.82584718
3.19873047
9.93456782
2.63183843
1.33496094
9.82031250
9.08137190
2.40300310
4.22412109
8.37500000
1.92594360
0.93880250
7.55598626
9.89355718
3.91764406
0.72216797
7.85644531
0.36303711
7.98469969
8.12858156
0.11840820
6.84570312
6.35644282
6.37923094
4.44791999
1.70898438
5.00878657
6.70019282
2.58984873
19.25451660
1.70019531
5.10188719
1.89030031
4.09798094
4.70280031
5.91015625
0.43774414
3.42838376
5.44173094
0.58886968
0.93603516
3.36425781
10.70068359
2.47460938
1.90332031
6.66015625
11.80468750
0.19653320
1.90917221
0.46485123
13.49316406
6.17675781
13.49218750
0.19128418
3.23437500
3.90234375
1.92187500
12.33560284
0.48861591
1.36511230
4.20703125
3.15039062
11.21158688
9.52701906
4.47233156
9.19531250
0.65641235
1.68636109
11.42968750
6.88671875
7.93521720
2.61165780
9.55468750
0.56819578
1.53678468
8.14485594
9.83951906
13.46140958
1.42335604
10.01918662
4.40659463
1.56542969
9.48828125
3.93554688
3.11132812
1.28808594
6.36718750
2.47265625
10.61718750
0.56031301
1.66602061
5.44921875
1.21679688
3.92740719
11.30826906
2.77115968
1.69482422
10.66406250
4.37500000
4.63671875
0.29914607
5.23340093
10.00781250
1.46386719
16.05110594
5.64811281
6.60318844
5.21419437
13.83088985
1.59879765
8.96785461
0.54288758
5.22851562
1.82031250
5.80859375
2.63085938
6.72721188
6.14778812
6.31640625
12.39843750
3.02148438
1.23665282
9.57780031
9.74609375
13.80078125
1.36523438
8.10156250
5.65625000
0.62695312
9.15037291
7.17513187
1.65234375
1.87792969
8.34016844
4.48795656
3.57031250
8.21875000
4.62500000
14.13281250
8.03906250
2.75292969
3.29101562
2.30664062
4.75000000
16.12435913
1.76660156
9.94531250
3.82031250
8.00000000
6.82063719
1.56510500
9.99218750
11.32960183
1.14403099
7.38736813
1.96614749
3.51171875
7.93066157
11.43567144
4.51953125
7.42578125
12.72501799
3.58365968
12.34439938
9.35677249
11.03125000
3.57226562
2.76692376
0.45036140
8.60156250
2.13704344
2.92155031
9.07519531
3.80696532
6.46451906
1.81738281
7.05501219
2.24641844
0.88899906
5.41015625
1.49023438
13.65749022
8.96289062
4.96451906
3.32226562
6.73046875
8.05793440
7.68067154
3.16764406
9.67968750
8.83593750
0.02221680
5.79296875
4.50390625
3.31835938
19.67577128
4.89323249
3.92708998
1.49804688
4.84765625
2.87109375
1.01367188
6.79101562
9.71337766
1.74853640
3.44604492
3.74218750
3.57031250
6.32421875
8.77766844
7.41764406
8.23860594
8.85612062
3.82063719
6.12076906
8.16406250
9.85644282
8.18685062
12.28201338
3.33886470
1.60579842
2.34893799
2.45507812
9.21875000
16.41418457
3.30273438
0.55029297
10.14257812
2.30273438
13.97298094
4.62500000
3.50748781
5.34146720
1.58822030
2.61781943
1.91245400
5.38281250
8.53971188
0.29695804
13.84016844
6.51627687
5.77734375
6.87532469
17.04687500
10.73347961
0.76228945
2.20312500
3.69921875
1.18651845
3.52539561
6.83593750
5.49218750
6.03125000
7.37109375
4.12500000
8.81250000
4.31250000
6.13834220
10.89843750
4.89681405
3.18200684
1.80891844
0.62272218
3.60937500
11.39843750
7.90625000
2.01562500
6.65518728
4.34578928
3.61751219
10.05826906
5.05501219
5.14615470
7.17383311
14.17701421
2.11025751
2.75276734
1.52441406
6.32324219
1.56835938
8.56673094
0.93229250
4.73706055
4.04296875
1.50195312
10.86718750
1.56347656
3.13671875
3.76399657
0.77783079
0.23209843
2.72265625
14.06142088
5.72751939
0.72576920
1.30664062
6.31673094
12.42366578
13.27652704
3.62671210
2.05558289
7.68782469
6.15656472
3.33529809
7.57486813
1.20247562
1.09803905
3.94889406
9.51902926
8.08025293
5.13281250
10.08528812
1.75292969
4.77376219
10.46072476
2.76660405
3.08789062
2.97216797
1.81640625
6.23437500
0.95263672
5.83203125
11.01155142
15.27229610
4.08642952
0.51400030
12.17610594
10.60221188
3.27441655
6.16015625
5.49218750
4.09765625
8.15266844
7.70344969
3.00911624
1.45604970
1.84570811
5.94531250
0.33544922
7.05175532
5.38769780
3.61328125
5.18001219
8.55045656
7.09586547
3.28499390
2.79361813
6.84700687
6.47656250
12.92968750
7.10156250
12.40087891
7.01562500
1.64029782
5.09310062
19.65625000
10.92360203
4.41341312
10.10156250
9.16048094
3.61816157
5.58073249
0.65966797
7.67585993
0.69035101
6.08593750
1.70710058
1.39763574
1.61779785
4.14062500
5.11328125
1.84179688
12.74641844
7.32128657
5.56901374
8.07812500
1.17675781
0.19384766
3.50146484
0.62500000
5.22656250
8.10156250
5.85953236
1.81299202
7.04622562
4.81054688
3.94205563
7.95247562
5.40657469
2.01562251
8.44401374
2.15039062
3.33007812
3.29915282
9.62076906
3.53515625
2.95117188
0.92724609
7.28515625
7.01171875
6.22265625
4.20019531
13.11783688
4.62825687
0.41699219
2.61197662
7.36718750
4.35156250
13.38281250
12.37336658
5.02507092
14.33893839
0.83977255
4.43359375
10.39143174
0.50700576
12.45410156
3.62109375
5.72656250
0.95605469
4.59407469
0.66373781
7.01774047
0.49690797
3.54101562
11.31314938
6.72005374
1.01285641
3.67903812
7.05078125
0.83984375
5.19921875
10.24218750
9.65445922
2.06038453
4.82942376
5.55729499
1.04964110
3.34204933
8.12930567
4.21907469
1.65104250
3.95703125
6.23437500
7.10619619
12.84741709
1.34553704
3.94010749
4.76171875
16.07226562
4.14404297
8.77408688
9.70638187
3.40429688
2.47678795
2.41652260
13.37500000
4.61718750
2.83654754
0.99841340
1.48925781
5.80078125
6.28222656
20.43750000
1.35351562
8.81637075
5.87695811
14.65616852
1.13430924
5.21093750
0.44165039
9.21875000
4.18750000
5.73437500
0.02186584
5.64080314
0.99982186
0.47998047
0.80611051
0.21097933
2.03906250
19.33007812
5.53157469
3.44108156
5.06640625
0.01492310
7.34375000
15.03548094
10.69889406
8.54687500
4.78515625
3.81445312
6.35278258
2.67716368
1.88411624
1.13574219
5.73437500
2.54882812
3.16243407
5.83333250
5.77669437
2.20735594
2.95507812
5.95735594
6.30598626
0.37256358
10.73860594
4.06217531
11.35156250
0.88183594
1.66992188
9.67187500
2.92415282
6.01139406
5.96875000
11.07031250
1.05957031
5.58984375
3.35759129
0.57290918
1.87565187
3.26953125
5.75032469
7.32171709
1.20447800
8.75602172
2.58772828
1.35644531
8.75390625
1.94726562
6.27343750
10.50781250
0.40966797
2.33267212
7.05468750
7.18115234
4.37500000
1.83691406
2.08203125
16.47265625
5.64744744
1.97786624
2.12239749
0.30639648
3.30468750
4.31250000
1.21533203
9.92187500
1.18750000
9.08235594
1.75520750
5.40560062
8.08593750
3.31054688
12.04687500
1.48730469
5.24218750
3.37500000
0.48193359
7.51740581
5.86540669
1.67219969
1.33658937
4.90625000
1.54101562
5.31640625
9.94319153
24.12573527
0.72192098
1.41406250
2.34113753
2.07683122
8.76562500
9.59977172
2.01546265
2.19954344
8.37858156
0.32324219
1.37988281
14.86002594
11.38537567
0.31599976
12.51837988
1.58708887
0.32128906
5.07323471
1.33496841
1.82339332
8.23764184
4.70703125
0.10157438
4.80045656
1.92285156
5.97265625
5.15395723
5.56088652
0.20715332
1.59000485
1.17218972
1.83366965
11.53384752
1.21712904
10.94531250
4.79784409
6.16895279
1.16210938
7.11328125
6.62629876
0.72233405
2.01562500
10.01383422
4.36409547
1.50292969
2.50781250
5.28580563
1.44856937
2.31900876
6.04848848
2.20672151
8.28189938
5.16341312
5.68359375
4.90299313
12.46630984
6.29085328
20.91471188
1.90755374
0.66845703
20.76757812
4.10807126
11.78658207
3.83593750
0.22290039
5.04263409
3.50033466
1.82031250
9.56379876
4.23697252
0.88575216
8.75000000
3.25195312
5.64843750
4.72265625
10.84798094
0.40714601
1.56152344
12.31151596
4.27832530
12.94043218
6.72167221
2.67871841
3.08007812
9.57812500
1.66113281
4.00781250
0.00232887
7.62950788
9.56885638
2.31445312
0.94238281
9.28906250
1.81363891
1.88556364
3.37452792
0.44165039
6.22265625
4.85058594
1.03841063
3.81835938
0.70573000
7.16796875
6.77343750
9.91944343
2.64500970
0.25238022
0.25579850
2.17187500
14.73144282
12.23806000
3.00683843
8.39990234
15.95914672
2.90804078
2.68945312
1.97818844
1.32454593
4.33593750
7.13915891
1.42334109
3.77343750
14.81967163
1.81152344
4.50390625
2.70703125
7.79296875
4.43066157
7.37793218
3.95377438
5.79123088
0.26793419
3.58006068
2.70802526
6.63671875
9.42968750
10.64631829
3.02409186
1.11816406
7.99283688
4.47298094
3.11621343
2.54492188
5.98437500
4.22395501
6.23307624
0.94091797
0.88525391
6.04970213
5.38248781
4.94140625
1.63834469
6.37728031
1.39453125
7.31640625
8.56314938
11.55403812
5.88281250
3.53320312
4.46289062
6.90787345
1.87337655
1.80371094
3.91406250
4.92187500
1.03759516
3.53418218
0.94091797
12.19920878
1.91407247
2.20898438
3.41015625
9.55060395
5.12566309
5.49935062
6.15983156
3.56640625
9.42610594
4.08903078
6.44531250
1.53417969
6.39453125
9.44791002
1.54037123
8.75063941
3.55404809
1.82714844
4.51367188
2.78320312
1.09863281
0.78580563
3.96419437
9.12500000
9.73437500
2.84765625
1.16894531
3.76236813
2.07747562
4.56640625
3.91406250
6.52734375
6.10676751
2.95573249
9.96093750
5.43750000
1.48469969
12.59073478
8.43197030
0.92350343
8.35758422
2.18343140
0.53271484
4.76301751
5.21745124
1.54003906
6.55825909
1.63070575
0.98193359
5.30468750
3.87500000
8.80468750
5.80078125
3.95930907
17.47363032
6.12499003
2.01238308
1.67675781
6.23307126
7.49544437
7.13346188
2.07161624
8.06250000
1.37336907
0.43375983
1.11035156
5.81673094
6.75000000
16.65396720
5.03213999
2.33984375
7.84375000
0.81738281
8.17789672
0.69856812
7.82063719
5.24967531
3.38671875
2.13867188
3.04101562
9.20735594
11.21451906
3.72851562
12.45572252
5.23958998
2.24804688
8.56477283
2.27897717
4.60937500
5.85546875
14.43065783
7.11279920
5.32421875
0.34887695
1.51464844
1.26505368
7.62467531
2.28499390
11.01350953
2.28320312
6.91406250
8.87500000
7.80468750
0.03323364
5.44205563
7.37825687
2.89453125
13.38671875
11.71939938
6.58138187
2.79296875
4.30468750
4.43359375
5.69205563
4.20247562
1.17285156
3.16861938
4.25179078
10.84817930
8.90201906
14.84960938
5.50781250
2.22265625
3.45507812
0.07763672
4.90429189
2.66405004
3.53224401
0.75000000
9.51249020
11.81575687
2.88281250
2.70312500
9.86718750
5.36099845
1.79525155
10.07812500
0.00598907
9.91406250
4.23046875
1.45410156
14.46093750
1.95247313
5.11295656
5.03157469
0.77213625
13.60156250
6.73074341
0.58251953
1.80859375
6.96158688
9.76497562
5.17284907
9.67871343
5.17187500
14.33593750
5.42578125
3.08593750
4.13671875
2.64257812
4.92968750
2.85937500
19.58593750
1.44726562
0.07403564
5.54296875
6.50846188
9.21028812
5.09586547
7.33772828
0.88183594
3.14892578
0.93359375
2.65039062
11.68456782
5.09668218
2.37597656
15.41073608
0.97412109
8.41406250
6.78515625
0.35603758
3.00358156
2.21484375
3.22952045
10.09860455
1.57128906
5.19140625
13.22688719
2.19498781
6.93750000
3.91601562
7.67187500
8.77945922
0.34383180
5.47688719
5.91764406
0.38134766
9.03742908
3.06022717
3.52539062
5.07421875
4.06640625
3.13281250
1.73144531
0.43945312
5.26171875
5.30468750
0.25610352
2.50390625
3.13085938
9.87500000
2.57617188
10.62500000
5.20703125
12.18391844
1.67936281
10.35937500
7.48194361
9.16406250
0.10241699
4.75000000
8.43750000
1.88183594
1.42480469
2.93945312
11.21875000
7.05468750
2.69498532
4.94856937
4.93847407
1.70508062
4.07421875
12.78971188
3.25520999
15.09349413
6.93880873
0.01617432
4.07031250
1.63053219
0.90071781
4.37564938
2.07942874
9.35156250
1.90950189
16.21354499
2.60351562
4.87500000
9.80891844
6.01139406
3.65087891
5.93359375
1.41406250
7.40625000
1.51562500
5.82242797
0.47989618
3.03190436
0.64697266
8.71516844
7.65006593
7.05078125
1.19433594
1.19433594
2.99609375
7.76562500
4.16015625
1.42837877
8.82796889
9.52844238
4.48437500
0.62646484
7.51953125
6.27343750
5.53548094
6.09342531
2.54524657
0.37345461
7.51074219
4.43359375
5.99609375
1.00292969
4.78906250
3.92187500
18.00781250
2.89322252
1.99935560
3.17024657
4.89680907
2.44270999
6.59179688
6.63281250
5.88736813
1.99935062
7.61328125
3.88834220
6.29459220
10.37175310
1.95312500
8.30033356
4.73091644
6.65625000
12.04687500
2.97070312
3.94140625
2.18359375
2.98046875
1.81933594
8.78548094
30.11100343
12.29329344
2.01725343
8.72916002
3.90755873
1.78808594
5.19140625
1.30566157
4.18847905
9.66406250
4.29296875
13.29817376
3.82291999
0.81982422
11.82454344
3.92155031
7.85156250
2.65429688
10.81250000
16.01806641
10.39843750
2.15135971
3.17090591
7.54687500
1.17871094
9.81250000
4.19921875
1.21972656
6.82908910
3.41700465
1.56542969
6.01953125
4.47265625
4.86751219
2.47534242
3.13566101
9.94661126
3.75260749
6.88704344
0.71940187
7.91361481
0.39522309
2.06445312
9.38281250
2.95377438
1.87190921
6.42578125
10.07877438
8.65560062
5.51953125
3.60741689
11.17578623
3.44335938
3.83007812
0.77490234
8.87500000
0.82063719
1.53873781
2.12532469
1.85026125
7.73046875
6.67187500
1.65527344
8.11360594
9.90983156
4.58300781
4.14094969
12.02343750
3.80045656
9.12694814
1.67969248
1.95996094
6.87923094
15.87923094
8.27278812
4.92968750
7.45735594
6.12500000
2.74967531
2.13671875
4.82031250
7.38378657
4.93261968
7.91796875
3.43391844
11.27701906
3.29207336
9.54777039
3.59569814
2.02344248
3.10546875
8.01562500
13.46093750
1.18261719
0.81298828
8.69661126
4.86588874
1.89453125
2.01562500
3.87695312
5.19531250
6.87500000
0.80566282
1.86865359
4.72265625
6.06250000
0.64648438
2.80891844
3.30045656
1.02401733
3.73437500
1.82421875
3.41210938
11.60156250
12.28751461
4.51577239
1.81788729
4.35123781
4.17187500
0.40795898
13.35937500
16.29687500
3.23543274
2.40128601
12.44140625
2.42578125
9.77766844
1.10709718
3.50000000
7.19335938
1.92578125
14.89711880
0.20249057
1.02685165
2.23046875
3.53645501
2.66081061
12.78971188
4.78841312
1.13964844
13.59863032
11.48860594
1.53288093
1.90527344
8.57421875
5.64908688
6.46321781
2.48828125
7.66438719
1.54850343
5.94954344
2.67106805
1.19368905
5.41796875
4.34375000
7.87141844
-0.04280516
8.33918455
1.66391012
13.31237526
4.73935394
10.41227172
0.25765015
1.07666016
5.47265625
5.30468750
10.26204344
8.15983156
11.39843750
6.82063719
2.03678468
1.95019531
6.56119127
1.69694592
10.06067804
4.86197252
2.85748192
0.21572622
11.24218750
1.85937500
1.85514157
3.71028812
11.15429688
2.79642731
0.10176605
5.53515625
6.53125000
11.66177970
3.28353280
6.17284907
6.56933843
6.46875000
1.13867188
1.53417969
6.50683594
1.82844969
5.46451906
1.21289062
6.43424313
3.21810062
2.90234375
0.58496094
5.21386719
2.83984375
1.34505125
5.59733156
1.23437251
1.80566655
7.06640625
5.40055297
8.27522828
6.13736813
1.99959476
1.90722656
2.90234375
7.52734375
1.35351562
7.87890625
0.12658691
0.00258446
1.17488524
5.33805297
1.39013796
10.62141844
2.64225343
2.43383789
0.99121094
4.34765625
7.45027733
3.95117188
10.29817376
1.30924811
10.98175754
8.61085106
2.59422457
2.36427277
1.39030031
0.32641602
6.74609375
1.53027344
11.83203125
9.56445312
4.52799313
9.45670656
1.57389406
1.57682126
3.79036624
20.14492460
4.72623781
0.39843750
9.44920878
7.50391622
3.09960938
4.91406250
10.71093750
8.49836658
2.80436779
9.22298094
1.78092531
2.35937500
1.89941406
6.03807846
13.99707779
7.48828125
1.97851562
4.50390625
0.80859375
5.04036126
6.33349734
0.43375859
5.78857422
15.52083001
2.62956061
9.23828125
4.85156250
0.15417480
2.48437500
1.05255127
4.87500000
0.95263672
4.96875000
7.03157469
8.03222656
4.05826906
2.59570312
0.72998047
1.29589844
7.77689606
0.36844817
7.67936281
3.12792969
2.14257812
4.11718750
3.18705231
0.49515715
9.06608156
2.28157469
8.09733156
0.03656006
6.40299313
3.76692874
9.13281250
7.86718750
1.66406250
7.63671875
0.25024414
2.11132812
7.16406250
5.82031250
5.99218750
2.96386719
5.18750000
8.34375000
4.86751219
7.50748781
4.91015625
4.30468750
1.12434813
2.94108156
7.14062500
14.56525488
3.81755762
3.29101562
1.49609375
0.07641602
10.09375000
10.77766844
0.45434633
0.27360047
2.49106706
2.48854720
4.30078125
5.96875000
11.41406250
3.77050532
9.90739140
1.89078735
5.85905031
4.91406250
0.58634274
9.90560062
2.92773438
12.34195922
14.35725953
12.29329344
7.48405031
1.46289062
14.99414062
2.72851562
2.52539062
9.91471188
3.79557126
5.38670878
6.26824246
4.49609375
8.87695312
1.59863281
1.23242188
7.67968750
0.44873047
8.35156250
6.60546875
3.74414062
14.00000000
6.63281250
0.28100586
0.76171875
9.88037109
13.43293939
10.01432624
1.88346188
3.19856937
3.97575378
2.09114251
5.32682624
2.85611813
2.58528812
5.79101064
2.67838376
4.95833998
2.65429688
7.01204344
6.03677970
3.06348155
2.61132812
4.19140625
9.79508422
0.93880250
12.64843750
1.57910156
8.46875000
11.95735594
0.64860109
4.15429688
7.68750000
1.72070312
0.22924805
4.55078125
1.89355469
0.88639157
9.49869875
3.10319093
4.69986813
7.87435062
2.11718750
6.41438719
14.91829344
4.21419437
1.84277344
5.66894282
1.51465093
2.84960938
3.74414062
0.10137939
1.02246094
9.54296875
0.95654297
5.15234375
0.74633540
5.18261968
5.66015625
7.22298094
5.45670656
10.11848626
3.59635749
2.11132812
2.50683095
3.08203623
2.40429688
2.41666501
3.40169437
1.84277344
4.50585439
0.64551280
0.90039062
5.70524047
2.55257203
1.97070312
5.98502438
7.48372562
5.07421875
1.36230469
1.47243240
0.97711104
3.78784242
0.12345398
1.97659302
1.51464844
4.10937500
4.36718750
6.10156250
8.54459220
3.48861092
12.25503768
1.13168107
6.52455896
13.41294104
1.18359375
0.95019531
7.69140625
4.64843750
5.36328125
0.81152344
6.14453125
7.71695922
0.05013062
6.33789062
2.14648438
3.75000000
3.62109375
0.89062500
4.10937500
5.65071033
1.31413342
9.19140625
6.10969969
0.91764406
8.58634087
1.75740913
1.84375000
3.55305408
5.25163342
8.90625000
1.44824219
9.15266844
1.38541750
6.34765625
7.24218750
19.15782166
1.23242188
3.31737534
2.06543716
7.32812500
1.98339844
10.08723626
2.60383284
11.62826684
1.80761719
0.56152344
3.73437500
12.51985594
3.64615968
12.84048316
7.60499044
9.41015625
10.51139406
0.35367922
9.92187500
3.66015625
1.60742188
17.74218750
11.81250000
5.58593750
5.87890625
2.23502438
4.33528812
10.73502438
4.99153812
2.49706782
4.23372562
7.98046875
0.40934328
5.44596188
4.76888187
4.59568817
6.24024933
7.61783688
3.01725343
8.89420656
23.23963875
2.77222739
0.69907136
7.50113766
19.40486820
5.32031250
2.10546875
1.25423094
8.94889406
7.81182333
13.51139406
4.07633422
1.08089234
3.68554688
1.80305907
4.42545656
4.27539062
1.67089844
5.26953125
8.75064938
1.86979250
1.22526125
8.25000000
10.02408688
4.48671654
0.75872783
0.42724609
1.99804688
0.35742188
9.76985594
2.37662843
10.20312500
2.00390625
1.78515376
1.93652593
4.55891844
3.82030752
2.03093029
17.60546875
1.43457031
3.88085938
0.13256836
10.10937500
5.14062500
12.92968750
4.36328125
2.64062500
1.91015625
5.90234375
3.93164062
14.23437500
0.94726562
10.06314938
0.82942874
0.85498047
8.13768285
5.44434840
1.28027344
8.00390625
7.59765625
11.60758422
0.13252289
4.61730801
0.00000000
12.08593750
0.00543976
1.79891495
3.85525986
11.47298094
7.62858156
7.00000000
5.98437500
0.29711914
4.20280890
1.56769891
2.65429688
3.51171875
8.32812500
4.69531250
14.56445312
1.43066406
4.30859375
6.46516844
3.32584718
3.94726562
4.43391844
5.15592531
1.25878906
4.80370346
13.00846936
6.57568484
11.10335328
2.36523438
2.73242188
0.50878906
2.98665282
1.52701906
4.69204566
2.08725121
10.40625000
2.64257812
10.53125000
3.41992188
9.63411126
8.12370124
1.33203125
10.77343750
2.05078125
8.07812500
1.43750000
4.58413675
6.67367575
2.23437500
7.58593750
0.03219604
6.41210938
8.17968750
6.62923094
2.82682126
2.51074468
10.63281250
15.76623037
1.00195811
8.86914062
3.15039062
13.38281250
5.38671875
11.57812500
9.40625000
1.83984375
3.47070312
14.64920436
0.77657689
2.10205078
9.62988032
21.37142093
5.49837157
4.69466312
1.28222656
3.86523438
13.38964096
1.96192154
3.35351562
7.68750000
9.15884752
2.67318373
1.40136719
5.42187500
5.78938719
1.50162843
2.95312500
3.05468750
15.40835550
6.13558732
6.72168218
8.36783688
2.21614749
11.47721188
9.87923094
4.47233156
7.66145999
1.91015625
2.93359375
16.21777344
3.33398438
11.13403320
1.02832031
7.40356445
0.94628906
8.28417969
1.87943512
0.79878754
9.70746613
3.46907469
2.73990968
7.18359375
4.73828125
8.86539672
5.24788453
4.90234375
9.48835993
1.82804632
3.55664062
1.51123047
3.33984375
2.31835938
8.00371898
2.36346852
0.16760254
0.86653563
2.11686281
13.61557007
2.10156250
2.23242188
8.64062500
10.04687500
9.31102394
2.70850731
5.46484375
10.38346188
9.66764406
6.24967531
0.52148438
4.54687500
1.05102539
2.41796875
7.69173094
4.78125000
0.62516359
2.07031250
8.58593750
6.44563719
4.31917110
1.32894171
3.44335938
5.98046875
7.73697252
4.57552748
1.52551270
10.13476562
6.44531250
8.05468750
10.13077571
1.88875554
18.71907447
0.78597047
6.96174424
0.81755263
1.93456034
5.41016622
0.66748047
1.82616938
7.44824468
10.34375000
3.09656776
0.31529747
7.15625000
4.53548094
3.04850343
8.11360594
3.20084718
0.69091797
0.71069087
5.61230718
1.48046875
0.86425532
1.60058843
6.58203125
1.05761719
1.69311523
9.03470856
1.42818207
9.51562500
4.73534907
1.13379155
3.08691157
3.14941655
9.83593750
9.17447751
5.29052859
1.58121703
20.28873781
11.23986816
1.97363281
11.96289062
3.27734375
11.94596188
4.52669437
1.09375000
2.94547485
0.68636109
1.54980469
5.68750000
3.12695312
5.51562500
6.69921875
2.64257812
5.78580563
2.76106937
1.38671875
2.05924313
1.66927249
5.00781250
2.53027095
10.54980718
6.37271720
6.76746010
0.34663910
8.93065160
6.53028590
3.74926758
0.95166016
3.60937500
1.01074219
6.67968750
0.23266602
7.24739251
3.28776374
3.72427970
13.80761968
7.92686115
1.44553635
2.23973488
9.04835106
6.65625000
2.38476562
14.10937500
1.66113281
1.92187500
0.00490952
4.24544188
14.23795656
0.58691406
4.59863032
8.08886968
2.16796875
5.80859375
8.54752438
6.67903812
0.74951172
1.71223875
5.65526596
9.10523271
0.72892273
9.37500000
0.58886719
2.21419188
1.38932375
9.86539672
0.91634156
3.91601562
0.07995605
9.20898438
2.25000000
4.91796875
3.32572418
1.79341644
0.90039062
3.99023438
9.14062500
0.72998047
4.51562500
5.56705563
2.38757480
0.50435394
5.29980469
10.67187500
0.97216797
2.08137938
0.93522218
3.82877438
6.51387200
1.56641123
6.02701657
7.71028812
13.17610594
5.19108156
0.92919922
6.08203125
1.99641844
1.90885500
3.31054688
3.53157469
6.21451906
12.60156250
7.38281250
4.56160461
10.76652039
2.95768063
9.43586658
2.26074966
6.10579344
1.62565187
12.34977172
0.38362672
1.84863281
9.37500000
5.61360594
8.86295656
3.99218750
8.41796875
2.08984375
7.23046875
3.12873394
2.07439106
1.40063477
8.58593750
2.75390625
9.74283688
6.92513187
10.93163564
4.11914561
14.22656250
9.56250000
4.36718750
0.53338623
12.75000000
4.93750000
10.33414672
1.12093140
2.44758035
5.39421653
6.61718750
0.56542969
1.89941406
2.87500000
6.60937500
3.56445312
0.30566406
6.19791501
1.97200687
6.98828125
0.89762204
8.66341312
5.61751219
7.39811281
5.35546875
0.81283394
2.72168716
7.46875000
1.72558594
2.01953125
6.04296875
4.46614251
0.94401374
11.64078735
9.01774047
3.11686281
2.39257812
1.85514157
0.12532718
3.73372064
7.68620124
3.38867188
4.67578125
11.85937500
1.45019531
7.62532469
2.94108156
6.76951131
2.17189494
1.32389157
2.17903812
8.58398438
4.11751219
2.34147218
6.59830563
10.48372562
9.05891844
8.81608156
2.60579344
4.39030031
6.52017814
7.70150155
3.08789062
3.38439941
5.29874446
0.34188054
8.06265736
0.72933483
5.57812500
3.55273438
9.13281250
3.05466507
6.69826462
7.25992797
0.64925172
2.56640625
4.56250000
6.04296875
0.40787594
0.21492679
3.04549071
19.16438719
7.41764406
2.08756593
5.16406250
16.76354980
4.65169188
4.88053468
2.03125000
9.19531250
0.68261719
0.65478516
5.43033688
2.13411624
2.60156250
0.89371579
10.85872562
1.18652344
0.19838377
5.72656250
2.64225343
1.09082031
10.59179688
3.66210938
8.26985594
0.71354250
0.83105469
7.83913084
6.91568595
4.38477061
1.19921875
10.57063719
5.08984375
19.85421627
2.03901373
7.31640625
13.21170989
4.57344636
0.39062500
1.61053467
1.04785156
1.09375000
9.90689938
5.01106937
0.85123283
4.01400155
4.04296875
4.92968750
0.49169922
4.12109375
0.28893918
0.99853640
8.91406250
0.84814453
3.51453651
1.15278036
15.57454344
1.73567874
0.23105709
1.46907718
12.00390625
3.25813719
1.44401125
1.71191406
11.19954344
2.99772218
3.45214844
1.60449219
2.37727782
18.78483156
1.03222656
0.42024657
10.25553468
0.77539062
9.63281250
2.84179688
3.24446033
13.87808954
13.44458880
2.70601317
1.02311281
5.39453125
1.57340453
0.12788941
1.64351317
2.77115968
3.63736813
16.94466312
7.52343750
2.16601562
1.66699219
0.49043450
4.79166999
4.47656250
9.83593750
1.34375000
5.06932846
4.15723404
2.68554688
7.16437722
2.31023215
5.06673094
3.10319093
2.06250000
10.74910461
2.75089539
3.80664062
2.14062500
2.47778258
0.52221742
3.47460938
4.37109375
4.50813719
8.71451906
3.40917969
2.41015625
5.86718750
11.69596188
4.91731937
4.73469969
2.90983156
4.75781250
9.13281250
0.65429688
3.72949219
14.39648438
8.21093750
3.55664062
3.00976562
4.26953125
10.92968750
7.51977539
4.79687500
3.72265625
5.70312500
15.32144019
3.00326684
2.65250610
3.54443235
3.13606937
5.19921875
5.01757314
6.22852061
9.84375000
6.55468750
0.81559079
2.23372562
0.65722656
3.92187500
6.49609375
3.83007812
2.04101562
3.85937500
5.21484375
7.87792969
8.42187500
3.87500000
10.50781250
16.43586658
3.02116467
7.02929688
3.77539062
6.02831782
1.55957280
3.33251953
2.43750000
5.29329344
6.10905031
0.13232422
0.12105223
5.45670656
9.48258422
0.79866578
11.58593750
2.10546875
2.57226064
2.65625498
6.35807126
6.44380863
3.09407469
9.44889406
9.36718750
4.80078125
4.70703125
4.94531250
2.09096895
0.58823027
11.89843750
3.42382812
5.31282469
17.15983156
3.51660156
6.04719969
2.30843140
3.17757203
5.40234375
1.55078125
4.92968750
1.30078125
3.28515625
6.78515625
2.22908446
4.03125000
1.23795656
2.70312500
6.33984375
4.05143063
4.52685173
0.47835826
6.07031250
5.37500000
9.97786126
4.73698249
0.45043945
7.11718750
1.39941406
6.70703125
1.57519531
3.09765625
14.68750000
3.09375000
1.51480829
1.50895390
8.29264406
2.60546875
3.02343750
4.64192376
7.70963874
2.58789062
7.85546875
5.46484375
9.38769282
2.05761968
0.14294434
5.09277344
4.04719969
1.96451906
4.63671875
0.69937985
5.44287234
10.15022828
3.30468750
0.07812500
7.18424313
3.29622562
5.98437500
9.29329344
3.61490968
7.51953125
1.65364075
21.69140625
2.08789062
16.48046875
7.24346924
6.98046875
4.49218750
0.78417969
9.98437500
1.39062500
0.40869141
1.93298340
0.92342102
1.16105164
4.76953125
3.09537594
9.19889406
5.39420656
9.48502438
18.04199219
0.89778812
4.03906250
8.55859375
4.63671875
2.72656250
6.64876219
17.23600343
0.87402344
9.24641844
3.49186281
1.55940174
2.90007092
3.91601562
10.41829344
16.04687500
6.03483156
2.38281250
5.23046875
0.37068602
7.22444703
0.50911500
7.40657469
3.93619626
2.12793218
1.01660156
9.46093750
9.68164062
6.46875000
2.73632812
2.28320312
10.27343750
12.65396720
0.63802499
0.01615906
1.06924057
2.96093750
17.68033688
3.29427249
0.37955563
7.23763187
3.79296875
9.28125000
7.32633422
0.36531617
14.32161126
6.95963874
2.96093750
16.48110816
6.40178302
24.45304632
5.55078125
1.27376219
12.63639406
4.21549313
15.52962406
3.17119261
0.74967531
1.75732422
0.41699219
0.03579712
0.47793579
7.69921875
3.68554688
0.76660156
9.65625000
0.35205078
3.32112547
9.70084718
9.90625000
2.96777344
9.66406250
0.59082031
10.12845856
0.15083832
8.42187500
10.46093750
15.07830811
2.03906250
1.68457031
7.52219244
3.17089096
5.42644060
8.11718750
4.13281250
4.06427583
1.00408355
0.65625000
8.65287262
0.83003754
2.46907469
3.30468750
3.46061281
10.59375000
4.83984375
5.92349845
5.33040780
2.92415282
3.45670656
6.68212891
7.14257812
3.10221188
6.74544437
7.37174313
3.51888187
1.48046875
5.01399158
4.48633311
1.39908937
7.35479943
2.68426307
6.72851562
4.06282469
3.04655031
8.94531250
2.42415282
1.44987062
1.82128906
0.64070306
1.51041999
0.87890625
7.86230469
1.32518534
7.45704122
4.99218750
5.44531250
9.00000000
4.70377438
14.02099734
13.29680623
0.96728516
11.67529297
2.48828125
11.50423094
7.23795656
4.13020501
4.90494127
12.28862477
0.11165375
1.25673676
3.45149657
4.99967531
0.47656250
1.81705563
3.84310062
3.92577627
2.32422373
8.68261719
6.76953125
2.05078125
2.13867188
6.32421875
4.19238281
3.66015625
2.59570312
5.99251219
16.44108156
10.38281250
0.63378906
5.55501219
1.29166750
9.64062500
2.06282469
14.55045656
3.97851562
5.03548094
4.96061281
13.86058511
0.65894614
12.87713863
5.67149157
1.49511719
2.21451906
7.50000000
4.76953125
7.09081782
9.97168218
1.22558594
0.73681641
7.36523438
1.48339844
7.97525876
6.16666002
11.44206560
7.51171875
2.26301502
2.34343029
3.79524657
7.26920656
1.59667969
1.00607300
0.47656250
5.40852782
2.77701906
0.50488281
3.13085938
1.37890625
0.47291741
0.23063483
5.50423094
13.64343012
3.19596686
0.26879883
1.75442505
2.83984375
8.78125000
1.45117188
2.69742797
0.76212150
1.14372202
7.35969969
3.36165282
7.49935062
7.14453125
3.66243407
10.26334718
0.70361328
7.71484375
1.00000000
1.34863281
10.12564938
1.11865234
3.12825687
1.43261719
3.48079344
0.31103516
14.73437500
7.12467531
0.68611633
2.14347351
12.21356297
5.51660156
1.55859375
5.03906250
0.88964844
1.20019531
1.10253906
6.40234375
8.79687500
0.89094969
13.29085328
1.84212281
0.42553711
8.61718750
5.32031250
1.74707031
4.02310783
0.89193124
4.88671875
3.47298094
4.61686281
8.96875000
0.64257812
11.49804688
4.43749751
0.60937749
8.27994750
5.72477172
3.78092531
1.51171875
2.01887938
2.86490968
2.20458611
1.90786722
5.99448027
0.58398438
4.95621703
0.15340211
10.18750000
0.59375000
0.14428711
2.22814941
9.71093750
4.52766844
2.24381593
3.00976562
1.41406250
2.51399657
17.26920656
6.05078125
0.96484375
0.69775391
0.38030757
8.79980718
4.84798094
5.49967531
0.43286133
6.94140625
2.48339345
7.43164561
7.71564052
5.86639073
0.57080078
4.33203125
5.62500000
5.94531250
9.45312500
5.50390625
6.93096908
2.10888687
0.11370850
0.00431061
0.98001950
3.67513187
8.57096188
3.55599124
8.67968750
3.39453125
11.06835938
15.24218750
6.68359375
12.09375000
9.31250000
2.69921875
9.24023438
0.18383789
0.81347656
5.05809176
7.09815824
5.18359375
5.03906250
2.88476562
4.55566157
5.82324468
2.47070312
2.46093750
0.83593750
0.21736571
8.26725343
4.96158688
2.90169437
1.84375000
0.52628415
7.24186281
5.49576906
5.82678192
0.28649933
5.52343750
2.79687500
1.36816406
4.96484375
2.49023438
1.94824219
5.60066711
0.39843688
6.53092531
9.31813553
0.63889323
1.39160405
1.74804688
7.55338376
3.22981937
21.11136102
3.97848273
0.59179688
2.74609375
0.22220824
4.04475953
4.23437500
4.77734375
4.97721188
1.26692874
1.38100988
0.50399988
0.89697266
7.89517074
5.24652649
8.75196808
2.14811032
2.80989749
6.85156250
4.75455563
3.31835938
2.62239749
12.72656250
2.44921875
0.85791016
15.28808594
2.77343750
3.23242188
1.72558594
5.67968750
6.98046875
7.62890625
2.81152344
1.00390625
9.51985594
8.06368074
2.59973113
0.39900758
1.47558594
0.24707031
0.02415466
0.48127747
4.74218750
2.75000000
3.08789062
0.33255856
5.96810062
14.45312500
6.92187500
3.43945312
8.23785400
2.10888672
6.45703125
29.42578125
2.15039062
2.70571899
0.00000000
14.56135860
5.21720523
0.91186586
2.68196532
6.53873781
3.49609375
8.89062500
0.10839844
2.42773438
3.78710938
1.28433829
2.27767342
7.93359375
17.37320922
3.93055175
5.21061281
3.26790282
6.79655031
6.27734375
3.18945312
0.00599289
0.64892578
10.46093750
4.22566711
1.91402492
2.01043245
3.37825687
5.37890625
1.41015625
1.75292969
10.39843750
0.93542387
1.12316988
2.44726562
1.65396969
-0.02787106
1.74169922
1.96289062
1.60351562
8.04329344
2.78483156
6.28742908
2.34928967
2.61718750
3.73437500
15.68001219
7.39811281
3.28676724
0.08855745
3.11100343
1.66849606
4.92155031
7.54655031
0.18367492
0.50284851
4.51594969
8.87858156
19.76136281
2.69141123
1.90364500
1.74186281
14.95735594
9.16373781
4.43359375
2.84375000
3.94531250
8.57812500
10.50781250
3.98111813
5.83919437
2.56054688
8.67863890
10.51421182
1.10362755
0.61718750
5.80468750
2.36799798
6.66666999
7.05468750
5.62092642
7.49989209
2.51074468
4.97607048
2.61621468
2.32617188
8.67968750
8.72656250
5.35546875
11.71875000
1.86230469
0.69726562
5.51562500
16.21158688
39.94010500
3.24023438
1.04362062
5.85156250
0.04623413
0.96582031
7.14485594
6.90201906
6.26562500
3.10644531
2.64257812
3.09375000
0.30440122
0.57365054
6.55859375
4.24609375
0.82185852
4.61808289
1.63476562
1.91169915
2.32487311
3.38085938
0.34057368
0.73828374
2.27148438
0.41210938
5.92968750
7.38281250
5.75390625
8.51953125
6.78613281
0.95882078
4.14030031
15.08040282
3.43717531
4.44531250
3.00585938
1.92285156
0.61865234
6.03677970
1.76204842
5.83756344
9.23372562
3.70312500
5.28759641
2.95654421
0.00251579
0.54707762
4.92936281
4.28189938
5.58528812
0.64257812
2.86049271
5.07844969
7.64843750
1.38346437
3.15039062
7.12500000
8.19006317
1.61380389
9.80208998
2.43164062
17.46213764
13.84645611
4.99430297
0.91390015
3.50781250
2.14648438
5.70312500
1.99804688
0.38110352
17.73437500
14.47070312
1.72574081
0.85238419
4.82812500
2.86914062
6.55859375
5.25781250
0.00300789
18.10579344
4.57812500
2.69806489
2.63266511
3.19335938
8.09000485
6.45703125
4.77343750
1.41341312
1.52018063
4.39388187
7.95312500
7.85221188
6.66341312
4.21093750
11.13191711
0.12613953
1.69042969
0.21032715
2.10546875
0.01411438
0.93879025
5.32747562
4.07812500
3.33398438
12.39843750
1.47656250
4.29296875
7.48469969
2.49479250
1.69726562
11.12500000
8.09798094
12.75000000
2.02701906
1.49804688
0.01195526
7.02213376
1.65657718
3.93554688
0.98046875
0.01178741
3.93554688
3.67382812
12.33007314
1.29590342
2.07617188
3.00634766
1.59179688
6.18750000
1.90917969
9.28125000
3.05078125
9.49901596
7.32910904
3.75813719
7.16406250
1.50846437
10.61718750
1.00882809
4.53450687
7.73828125
0.28466797
1.04492188
1.79785156
5.80078125
5.07812500
0.40348266
3.95821168
6.46484375
3.08007812
3.78938719
10.45670656
5.07063719
0.73453859
6.63671875
1.35644531
2.45898438
9.59619016
0.57519656
1.26464844
3.92961121
4.80078125
1.33398438
11.96875000
19.63611031
1.67382812
4.82421875
10.44921875
5.76171875
2.09765625
7.17992915
8.53439569
5.84210216
12.57031250
11.99023438
0.87011719
0.83593750
1.21777344
0.96630859
0.06378174
7.51953125
6.46484375
0.29492188
2.54556129
3.80815495
1.74057402
3.92773438
1.06135985
2.11686281
10.09375000
2.08007812
9.20312500
5.31640625
4.19140625
0.15429688
4.78413786
3.42721806
2.88393948
1.45865968
0.81315063
0.72493531
2.84960938
10.77180408
1.05339123
0.94367908
6.35710217
3.79412842
3.02929688
0.16564941
5.26065915
3.69661624
5.39558499
11.03254876
3.15039561
7.31054189
10.38086436
8.23079344
3.53287843
3.50585938
3.22070312
5.30078125
3.48828125
1.88497281
0.38999057
4.28677970
9.27767342
5.12890625
1.09863281
1.65527344
6.16406250
3.69726562
5.76562500
0.16233701
1.54557375
0.60628297
3.38671875
11.94596188
5.26497562
0.08192382
0.00940004
1.54709625
9.86718750
5.99023438
5.84375000
12.28037350
9.57389406
5.29264406
1.19433594
1.43945312
6.87109375
7.74782303
1.40647385
4.80468750
14.60644282
1.62988530
1.99316406
3.23486328
3.16210938
3.26953125
2.16601562
3.40039062
2.01594969
3.72550539
10.58593750
4.04687500
7.94140625
12.99476374
1.75975815
6.60938497
0.67382812
3.69921875
0.46289062
8.18391844
4.07257536
2.91961214
7.12467531
3.29687500
2.48632812
5.95703125
4.42578125
0.39754149
2.84537843
11.01855469
1.82714844
2.95507812
8.24218750
9.17187500
3.69140625
0.40795898
3.40201408
4.92716866
0.32950867
2.40234375
2.78951624
1.33773825
10.17968750
7.25781250
5.65836547
3.65413453
6.49251219
3.00748781
9.96093750
1.23828125
1.14160156
5.99804688
7.98079344
1.20963625
1.90917969
6.87109375
4.08593750
4.99609375
0.01503754
1.90783691
5.30859375
0.82128906
4.66406250
9.12141844
8.36490968
4.74125152
0.35249848
3.07421875
7.15038564
0.77441905
8.80533688
0.97103031
4.57031250
3.73160641
7.72591312
8.57031250
3.24234985
0.76692750
0.63867188
20.46679688
16.54168026
13.68755252
2.84765625
6.70703125
3.88281250
5.92968750
0.98827627
3.21484873
7.97019615
6.59262854
3.04264406
1.39160156
7.90332031
9.17187500
0.53759766
2.47688719
1.02604250
7.10546875
0.00382423
17.00000000
8.95735594
4.32780031
2.12076657
9.51888187
2.91015625
7.78125000
3.24609375
2.81589491
0.41164416
5.76953125
0.10699463
0.11590576
6.39777815
2.85384530
0.60189217
9.39062500
2.88346188
3.38216312
1.47363281
11.32355940
9.36394060
2.76922607
8.01236813
5.88389240
1.39573166
13.33479610
5.87223515
5.00000000
4.57812500
4.72363032
3.46907469
9.05143561
1.89257812
4.36718750
2.41406250
1.15332031
5.13313719
4.01920656
2.64038086
8.42187500
1.83691406
10.65006469
2.24436732
0.81919104
0.02609253
0.26202393
10.20832503
3.61784685
7.92968750
0.34354551
4.22249453
5.78938719
0.96158937
4.85546875
5.65625000
1.59928219
3.00325687
5.86539672
4.33382203
10.12019836
2.33292664
5.97786713
1.84863281
1.62695312
3.17773438
12.26351005
4.58040780
1.93334961
8.92073360
3.57893673
1.37044686
0.81947342
0.54981216
3.49346383
3.99025930
1.21256593
3.24934564
5.40900488
2.89047761
1.25268555
2.15396969
3.43489749
4.30468750
2.85644282
4.28629765
2.20296265
6.13313719
2.70475343
1.12825438
0.36075929
2.38433838
3.02376219
7.49967531
1.28808594
3.09179688
3.27994626
0.72542484
4.63769531
3.11132812
14.16336823
0.81640625
1.95996094
1.66210938
2.93359375
1.99771969
5.58138187
3.43554688
4.92968750
4.73828125
8.65625000
9.36783688
0.23909671
3.16308594
11.11603546
2.05468750
4.05859375
0.05590820
6.03125000
4.24381095
1.57064217
4.27734375
3.48258422
0.93033813
4.19498781
1.92578125
8.66113032
2.87630374
2.70084718
1.10058594
0.63425648
3.46167553
5.46093750
4.95312500
2.54341977
0.20809085
6.41438719
0.63883547
2.52474976
8.99641844
1.33007812
1.15885500
8.29687500
8.61328125
8.93798828
7.69140625
5.68239334
1.34592697
5.64415550
6.08203125
0.67944274
0.65063539
5.09765625
6.18750000
8.39908688
2.92513187
2.81390888
5.43609112
5.77734375
0.58072501
4.05306405
16.03543942
2.71028812
1.52343750
8.17643063
3.33918939
3.22070811
4.07811005
2.02931183
6.77018063
1.56478031
2.44812012
6.25390625
0.42700195
3.09960938
4.97656250
1.84992410
0.90040059
9.26139406
6.54687500
1.20275848
2.91735871
4.81877494
4.08747506
1.23339844
0.58300781
5.36816157
1.80957280
1.28222656
6.97656250
0.89941406
1.06861877
1.69042969
7.91796875
1.08235165
0.96842960
1.18981934
1.89062500
4.47298094
1.82344636
0.78706879
0.64062500
0.05651855
0.10090300
6.84342531
0.82291501
1.36360843
1.52278563
1.88932375
8.78906250
0.18908691
3.43164062
0.07373047
7.85546875
1.71191406
3.80078125
0.18823242
7.19661375
10.05402815
4.20638935
0.32446289
8.70262301
9.57781277
3.12483765
13.38704344
0.86828232
7.52734375
7.86539672
2.55029421
11.57096533
16.83011026
1.81624390
6.65039062
1.69335938
10.24218750
3.43750000
6.09960938
1.24804688
2.33789062
0.59098266
0.83479859
0.47900391
9.37500000
2.01367188
2.08918939
6.18229499
5.94986813
5.71028812
6.26171875
2.50715814
5.27409186
11.05468750
2.07226562
0.85791016
1.36181641
6.44140625
8.31364632
5.93359375
1.47762024
5.49503601
0.50488281
1.50000000
8.02115470
8.84155585
0.96292405
1.22917497
5.64843750
1.61257172
1.85937500
4.39798981
1.34212250
5.48046875
3.27929688
3.95832503
7.07241079
5.14130153
4.89632203
2.02539062
3.11008312
1.63210438
7.21875000
1.82128906
12.67968750
11.87141844
3.38311974
2.59800088
2.12500000
12.57714844
3.27148438
1.10929871
4.96875000
0.16894531
1.58886719
11.95084220
1.50228280
2.37890625
0.09416125
0.82545545
2.27148438
8.08723626
2.57291999
3.84960938
12.85758422
7.71532580
1.77279310
2.98632812
3.11132812
1.11621094
5.42789672
0.79557250
1.53385500
9.10937500
1.06835938
0.83837891
2.70727228
5.45613586
0.31120124
5.18359375
0.15668638
1.60213320
0.73876953
2.28906250
4.77734375
4.58691406
8.85156250
5.69531250
5.03125000
7.06250000
0.73876953
2.80322266
4.39062500
2.97851562
8.14843750
2.79793274
0.33805359
4.88281250
9.56056701
1.64213925
4.11393063
5.99121343
2.88053468
5.43750000
6.29101562
0.11987305
3.30078125
3.13085938
0.95312500
8.50000000
2.04296875
3.63476562
0.56982422
0.03298950
0.94990965
2.25748781
4.86328125
5.82031250
0.82405516
1.85416750
0.52246094
4.62564938
1.40755374
12.28906250
6.47656250
0.97363281
5.78938719
1.47819093
1.00195312
6.51594969
1.06901125
0.20043945
14.95377438
5.70280031
17.01562500
4.28189938
6.51578859
5.30013187
7.84407469
1.16959718
10.26027804
0.20566434
4.98437500
2.07031250
4.56542969
2.41210938
1.21777344
8.69531250
1.76009032
5.49967531
0.12213135
3.64892578
8.60937500
3.72243240
1.60080978
9.68391844
7.48698000
0.62988281
2.29492188
19.74379957
3.97265625
0.55664062
4.86165282
3.07780031
3.87338257
3.60156250
7.66048094
1.50455812
0.41636834
19.82682624
0.01641846
6.36986370
14.68482380
5.57031250
2.71188780
16.65266844
4.37825687
2.34765625
14.10638824
5.77816046
1.95329233
5.09472656
4.02131829
3.25651374
6.40234375
2.70507812
11.30110594
10.22428468
11.25130125
3.81608156
9.03189938
2.83584636
1.18010582
2.34861910
7.47226285
1.49210633
1.75292969
0.00120354
0.01305389
1.93652344
9.25781250
3.50585938
7.98046875
0.68847656
11.07617188
5.48437500
7.03906250
0.02978516
0.36938477
1.19809811
8.71028812
9.31250000
6.43750000
5.67187500
1.89941406
4.85156250
11.10937500
1.78320312
6.30533688
2.37044437
0.63916016
5.31054189
0.81836436
5.09765625
3.15234375
7.20962877
6.63802748
1.40917969
6.36360594
7.82389406
0.69091797
7.65445922
2.60951783
7.22509641
0.48095828
1.52962157
2.61555907
10.94889406
7.10514406
6.09114251
10.08463874
13.44661126
1.23795905
8.64843750
2.10546875
3.51367188
2.21289062
9.78010860
0.19230351
3.96484375
11.41316711
0.18790711
2.52539062
6.19542035
2.94369403
9.75781250
3.89648438
10.03906250
2.18359375
4.55891346
2.82975842
8.63281250
1.52539062
8.77571532
2.95084718
4.45703125
11.24218750
5.69074690
1.31901872
0.75665283
3.49414062
6.81250000
10.65087891
1.18180297
0.12849976
0.07891846
10.50781250
0.01239014
1.20214844
9.91662567
15.03511193
5.25919991
20.07127660
14.54428246
5.23014406
0.85302734
2.99023438
11.84415337
3.86678413
5.19921875
1.02799064
0.63021249
1.41210938
2.02766844
3.46061281
8.03125000
3.24414062
4.26594969
3.40983156
2.39843750
6.73258422
1.31233765
9.29425754
8.76042996
0.80637448
1.99153812
6.10937500
4.91796875
2.99055907
1.01334718
0.51757812
3.66783194
4.76969858
3.34179688
9.50846188
6.96028812
2.61078929
0.60340259
4.41569093
4.60607910
0.26586914
1.99511719
5.76171875
3.35384032
6.12316513
4.34733156
12.46875000
15.80240844
0.00000000
1.10351562
2.70507812
7.07844969
2.34147218
4.49609375
10.56738281
18.99706782
3.91699468
6.36783688
20.93538578
15.76593972
3.25749279
18.83398936
5.82812500
9.21289062
9.18945312
3.02034298
4.33071255
4.41652260
0.85253906
8.51046753
2.87500000
1.70507812
4.51562500
9.87629876
9.96207890
5.81168329
6.22558843
3.17350343
4.27376219
5.18685062
6.46907469
5.28092531
4.53515625
15.89062500
4.17968750
17.21028563
2.51966846
2.43652095
8.87108378
6.28777371
3.60937500
5.47265625
4.10156250
6.76367188
8.55468750
9.64485594
0.90739015
6.59375000
7.76204344
4.00520501
14.05013436
5.85156250
1.30273438
7.36718750
2.08593750
2.81835938
5.41796875
1.63964844
0.05877686
3.52282715
4.08984375
6.09016844
0.62711672
14.22613919
0.43206393
8.09375000
2.25976562
0.73974609
0.32804196
4.07941379
7.60353058
1.37109375
1.99567106
1.81219026
12.63281250
2.07421875
0.42187500
3.61978004
2.83920434
1.73437500
8.99635050
3.50797200
4.04655031
8.83593750
5.98046875
5.48111564
7.04915780
1.55761719
2.14843750
6.10156250
1.67382812
9.55468750
14.96695922
0.06673219
1.70262924
2.74512466
1.55859375
6.91796875
0.63623047
2.64680907
0.88395265
5.11718750
6.05143063
5.10514406
5.48014406
8.46093750
5.51953125
2.17578125
1.99316406
0.08862305
5.09375000
9.03580359
3.04461214
1.36555907
1.34049562
10.54687500
0.34423828
1.57617188
6.72688719
10.42545656
0.53076172
6.89453125
9.37500000
2.59375000
0.00949860
0.99658203
10.12532469
6.71842531
14.51674646
3.86997229
1.61486816
8.24804688
15.05533688
-0.07614987
0.85302734
4.24145508
8.57031250
15.07975094
1.29231937
2.49218750
8.14485594
7.06608156
6.10937500
10.59534168
2.60663700
2.26204344
10.87141844
2.51692874
11.14062500
0.08288574
0.79101562
10.09375000
0.00228882
9.94010251
4.30045656
5.15201906
8.59375000
6.14453125
5.58365470
0.52181405
4.95703125
12.01204344
3.85709718
1.56835938
6.05078125
3.89453125
1.60156250
0.56111571
12.29264406
5.28515625
6.14127438
2.44498781
6.80045656
5.69531250
7.75976562
7.48893063
5.20516117
1.69303219
8.07747562
1.03515625
0.45849609
1.51952876
1.49869875
4.60091312
2.77035475
0.18629639
5.08740359
0.20686890
0.64453125
11.92740470
12.03921986
3.18213763
10.54056886
4.84602283
1.81608654
0.86279297
10.89662678
12.93458900
10.45458112
6.06820700
9.91796875
1.80468750
4.47981688
3.04069093
6.83203125
0.98291016
9.48437500
1.92871094
2.34391235
1.25569703
0.78955078
0.00767136
0.63281250
3.01757812
6.22265625
7.58593750
3.64257812
0.66552734
9.10221188
6.54231937
1.30329573
2.76465591
15.44018617
7.05167664
4.30379211
0.69490415
3.73600343
0.92740968
1.54003906
6.96093750
4.31314938
10.72182376
4.58203125
7.19531250
0.78662109
1.96126219
1.96842531
0.87353516
5.39062500
3.58804556
4.24186281
4.78906250
3.57031250
4.77831782
9.76855718
4.80078125
1.84463231
7.62582668
9.09602782
10.24967531
6.08203125
8.08559287
6.67612588
3.52343750
5.76953125
0.08258057
2.06054688
18.10518340
0.16259734
4.31998781
1.68994141
2.26757812
0.33911133
7.88393396
13.15154698
3.24967531
7.93359375
5.35546875
4.18001219
3.03548094
14.79475828
2.15332280
1.28189938
2.96659262
1.38281250
5.55891844
1.03190187
2.64843750
4.79687500
2.59634503
3.67611591
3.36458001
4.04190841
1.33398438
8.81395612
4.47168841
15.60644282
9.85840093
8.28906250
1.42057126
4.58658937
4.68717531
6.33007812
4.56445312
2.71093750
6.06445312
11.58430408
3.32780529
0.65115356
4.42578125
0.74169922
3.18520723
6.03744902
12.37500000
0.55279541
0.86979001
11.25716312
8.76562500
4.02600067
0.38415558
2.21321532
4.37076906
2.96679688
6.01953125
10.93945312
7.89453125
5.91048094
5.67155031
9.40039062
3.52734375
4.53906250
1.39648438
4.08235216
6.26659907
6.33626219
5.29166999
2.54882812
10.24641844
1.23274407
3.12532967
1.62760251
2.84114749
9.71875000
1.45703125
1.61328125
5.08364473
2.58823027
3.61328125
3.93945312
5.21875000
1.48925781
5.78857422
4.10156250
8.30078125
2.26953125
1.29492188
6.22265625
3.50585938
9.52832031
9.42789672
0.53499390
3.57812500
4.13281250
8.52343750
2.27929688
3.11132812
1.68457031
3.27734375
9.32612257
0.33012743
18.04817376
2.19987311
4.29980469
7.20312500
0.18896484
3.28320312
11.45312500
0.01334381
0.71911621
9.31160461
1.39054383
2.38012695
13.34765625
10.66969803
4.39280197
4.63019504
4.24089871
10.03906250
3.08789062
1.26464844
7.21777344
4.85546875
8.19531250
7.80468750
2.03515625
10.02343750
10.48046875
10.50781250
20.73535156
15.17382812
4.62432098
0.79358292
1.33203125
1.71955549
13.46125222
2.95802526
4.29231937
0.53662109
3.47070312
1.48485456
0.88721575
0.87890625
6.84472656
0.62060547
9.47460938
2.42578125
2.23486328
7.89518063
2.13053219
1.08756843
6.37768170
6.27648333
6.84375000
4.31834442
8.84571808
13.81673094
10.13476064
7.76725842
5.26171875
11.28548094
1.40787843
3.71289062
2.48290891
0.12426882
0.77657318
2.74804688
5.22265625
7.66438719
10.01741578
4.10074579
2.23502936
0.45214844
2.96679688
4.78515625
5.14843750
0.53173828
1.06835938
1.54980469
0.18945312
3.84960938
9.63834220
11.91193706
2.74659574
2.10579344
0.68766359
7.14583001
5.78776374
4.41406250
0.72509766
0.91064453
3.86938477
2.58984375
3.84960938
5.57812500
7.87695312
5.30468750
2.69140625
4.76594969
4.61295656
7.30501219
3.44108156
1.75390625
3.45084220
2.71126717
2.01757812
2.04101562
9.81509752
5.77474623
5.89453125
5.96093750
12.59798094
1.61619142
5.66015625
2.55517578
1.53417969
3.68554688
6.39626053
0.21995041
1.83398438
2.45198360
2.11832890
4.32421875
3.02148438
3.73241191
3.47803731
3.40625000
2.24625610
3.53108765
6.76236813
3.07942874
6.02343750
9.26953125
0.69970703
5.24251219
3.55826906
4.07421875
0.68066406
3.50564194
0.93095016
5.00000000
12.51597595
0.40584227
2.63834718
9.65625000
6.09375000
1.18472393
6.52019060
0.61686281
1.61457191
6.93987145
4.48437500
0.88818359
0.33959961
7.93977283
6.49382092
9.05664062
1.77766844
5.77021745
0.05528091
0.67415406
3.94531250
1.70507812
0.10833740
0.00061655
1.71215820
2.09960938
4.10546875
6.29329344
14.75000000
-0.03618284
2.41730940
3.95378435
0.15246582
9.38281250
1.25488281
3.21313477
6.84765625
1.22753906
13.30859375
11.14843750
0.02410889
3.23404034
0.55502216
2.89379883
4.55468750
1.48274657
1.93131593
5.80745235
6.59489140
4.51953125
5.11718750
11.43244238
4.08708887
0.57470703
2.02539062
1.99381095
4.89681405
0.88330078
5.17934287
2.99643838
9.89843750
1.92968750
8.35156250
0.09916168
0.38472504
2.85351562
2.41992188
12.31673094
1.14298586
11.60156250
8.60156250
5.66210938
3.01985594
4.14518312
4.79687500
7.42578125
1.54882812
3.62670898
10.75195312
7.01171875
7.39843750
6.12109375
0.01275635
0.82714844
5.01684570
2.53710938
9.41406250
0.85595703
9.93879876
3.98307624
0.46526176
1.70150155
3.71991080
11.93561369
9.66621326
2.81999279
5.16406250
0.40557098
7.34765625
2.73242188
4.17675781
5.34472656
7.44140625
0.46240234
19.93750000
0.21752930
2.45222961
0.19791687
8.46695922
0.21008176
1.06917484
1.76367188
5.47265625
3.83203125
6.60579344
11.51936392
0.89925670
3.76171875
4.96093750
6.15038564
6.24805186
3.80273438
11.94335938
19.49218750
4.08495845
3.59619390
4.99632835
0.91017151
1.77050781
3.03677472
8.60394063
8.52132203
0.63964844
11.90266844
11.76823000
10.17073360
0.16349492
3.74804688
2.30939551
11.21599512
1.96832918
0.47014738
2.72558345
1.80566655
1.80078125
3.00000000
14.89062500
1.62207031
8.96516844
3.73260835
0.12344023
1.41276125
3.70507812
5.63133644
3.47803856
2.09179688
4.58593750
0.04306030
3.80566406
9.79296875
2.84081284
0.10156998
7.28515625
8.77246094
14.41338321
2.73505429
3.57643890
6.60546875
4.45246565
3.78190935
5.31250000
4.41275377
1.75716810
6.66796875
10.85253657
16.85058843
1.16894531
4.13671875
8.28906250
3.92773438
4.17968750
4.85156250
15.69140625
12.81250000
12.94809723
0.50758964
11.22218862
3.78790668
13.67187500
5.76953125
0.49389648
1.08789062
4.69531250
4.72688719
2.66373781
1.05371094
4.98079344
2.16275876
4.90136968
4.68180297
3.36702515
0.72506083
0.21079122
7.30273438
2.95898438
7.37890625
2.75195312
2.13281250
10.31021720
3.44368905
9.32812500
0.66064453
5.04296875
2.77734375
0.20690918
5.58593750
4.51562500
14.92675532
7.41211187
3.08203125
4.18359375
7.25781250
2.45507812
8.73437500
2.84960938
4.59765625
3.62869099
0.28048620
2.02051030
16.03125000
0.39916992
0.62402344
13.77893066
8.90234375
2.67968750
1.80859375
10.33593750
10.69611924
6.05388076
8.92187500
15.02343750
0.01464844
1.87695312
7.27734375
6.48388672
6.56992845
0.34437819
4.87109375
4.72851562
0.39331055
4.07031250
0.66455078
3.86897330
4.51969858
2.70019282
7.26855718
5.49072141
1.13916140
2.47656250
3.80419548
0.64209358
5.08203125
5.35937500
0.00134659
2.21468016
10.68326906
1.30403563
14.93326906
7.74218750
16.10937500
0.13000488
10.42187500
11.22786126
3.20768561
4.29687500
6.30468750
4.91048094
1.68912843
5.45703125
3.41243407
9.80663564
5.41960217
3.06640625
0.04373169
11.13281250
0.86572266
4.37230052
6.68653590
6.77946047
10.69954344
1.09049562
5.65625000
7.96126219
9.35156250
10.95800532
8.15136968
9.32454344
13.06314938
4.35481937
2.77278812
14.45312500
8.49346632
2.10418993
19.67675532
4.98047124
2.00390625
2.91259766
4.22656250
6.79784907
1.84668218
3.17382812
8.67968750
0.30664062
14.96695922
0.54475953
3.19140625
1.07324219
1.60709469
4.28083773
6.86360594
0.69363403
4.10905031
11.74218750
2.69661126
5.71745124
9.64908688
8.87435062
6.09375000
10.89453125
1.04492188
5.77799313
1.51985843
3.91015625
7.19140625
1.63980206
2.02963153
1.40234375
0.72656250
7.83886719
1.25292969
2.22460938
13.18182373
3.10870361
2.30468750
9.05468750
6.30109597
2.18718528
7.76562500
5.08235594
0.56510500
2.69335938
2.08056641
8.20312500
1.34375000
7.61425532
4.88183843
12.26562500
3.74413066
6.25000997
5.36718750
14.50857544
3.83495845
2.98926030
17.27148438
4.96875000
8.30468750
2.62548704
1.64111453
1.50007245
4.49553302
9.79956055
2.61132812
1.60449219
6.84846299
13.87419326
0.79101562
10.00064938
10.69115214
1.11850121
4.77343750
10.56444814
10.59814952
3.17252438
5.88216312
0.72119141
11.19531250
6.55468750
1.19238281
4.96093750
7.15502071
6.67187500
4.44531250
9.06802970
15.87337655
8.70312500
7.89453125
1.97558594
6.58756095
7.44857186
7.39843750
4.55468750
1.09423579
1.38737062
2.44661624
1.63671875
2.18359375
9.75390625
1.74121094
3.75000000
3.27762866
5.20312500
5.05240470
5.56673592
1.87801086
0.30729187
1.78125000
6.19726064
12.45451832
1.08105967
6.91666002
2.32552748
2.56054688
18.20005655
16.64469235
3.16080563
1.75276983
0.46663453
4.34585052
4.33188386
0.68994141
11.60579344
7.71110109
7.88281250
3.28906250
10.81007702
0.56980579
7.35937500
1.06721922
9.48113016
5.98046875
6.97298094
3.50227782
12.41341312
13.34306573
7.34052802
17.16406250
2.56640625
3.27343750
13.44352172
0.45540406
1.19433594
18.16796875
11.85579344
4.29296875
7.44889406
5.20312500
12.66804743
3.71899601
12.08756593
6.79687500
4.79674149
1.41514397
14.45735594
1.40983156
2.46858641
15.57975343
6.18879876
6.41763409
7.57716090
1.90234375
2.11770630
2.37304688
2.27440409
2.44922872
3.87661847
4.41927997
6.66015625
10.81868407
7.13313719
0.64339359
5.49251219
6.90201906
8.72656250
0.63297111
3.39486092
7.60937500
3.01171875
0.01684570
6.12076636
1.23325852
9.68000222
5.05437278
7.47265625
4.93001219
4.07780031
3.26367188
1.41992188
0.94840453
6.33382203
4.66796875
1.48242188
0.18816757
7.15625000
11.14062500
0.01574707
4.02376219
5.05826906
7.64876219
1.41242908
2.16732435
17.43750000
8.21922183
0.45715083
0.88216312
5.88248781
2.78125000
6.93750000
3.69921875
4.22916002
2.16992686
10.56185062
2.44335938
7.98239136
4.10976840
9.45995346
9.63340314
7.41015625
4.05859375
1.03417969
12.94970703
2.69531250
1.29492188
4.75781250
3.72493407
4.74186281
0.26391602
9.38118407
25.26203347
7.97787621
3.39843750
3.02636719
7.52734375
3.06087157
0.51823000
8.48274158
4.37183178
0.64054383
9.87207031
5.59439440
4.68197279
12.19531250
2.50781250
6.62109375
5.41015625
2.41406250
7.14062500
9.35383533
8.27507092
8.55078125
6.00846188
18.28841312
7.93001219
2.51530031
2.52929688
3.51871579
4.09700189
10.33594248
7.00000000
7.06250000
7.61751219
1.28808594
2.92284409
5.91114029
5.63703347
3.17123559
6.00000000
5.77539062
11.03971188
2.61263187
8.60156250
1.88305664
2.96582031
0.37963867
7.66406250
0.88541625
1.97914674
9.57812500
3.76757812
7.39441681
6.67349845
3.38900155
11.09375000
6.55859375
0.98535156
3.79296875
7.97265625
11.95507812
0.00000000
11.15266844
7.22656250
5.47883533
2.67155529
14.93391844
19.32795767
1.85303357
4.64453125
18.11685284
3.43783466
2.07356439
1.32877936
2.28125000
12.02929688
4.30859375
2.16601562
10.91320147
0.32703291
8.52343750
9.14843750
5.89062500
1.68390847
7.86329122
3.08821532
4.40333001
0.73664561
1.30566406
3.52148438
1.46393901
4.81462544
9.81997784
2.80111591
2.33040282
2.05826906
11.05891844
5.26920656
6.48046875
1.03417969
2.01894497
5.21225620
3.29687500
1.63606688
10.56250000
1.98990968
5.93163315
3.56739029
11.50000000
0.67431641
3.42578125
0.24194336
7.94173094
2.57649657
1.45931156
2.29895972
16.13268091
2.44531250
7.88281250
1.11067625
1.62467531
2.20898438
5.40429189
9.42969248
2.67610594
4.15234375
1.07877687
2.28906250
0.03756714
1.18847656
6.85220191
7.68360372
12.68260971
10.42220966
3.98242188
2.29296875
8.28125000
9.36718750
6.25000000
1.67480220
4.93261968
1.20214844
1.73828125
1.33715820
14.74218750
2.68359375
9.43391844
8.60221188
2.17871343
5.83203125
3.37890625
2.08007812
2.63214318
2.71941932
7.00455563
1.54036624
9.51562500
8.37500000
4.07421875
2.36132812
6.37890625
2.21980774
2.34659851
6.98079344
5.56608156
10.27050532
4.80761968
7.84375000
1.64453125
11.42382314
8.10742686
2.95898438
2.93554688
0.50372916
7.68693117
18.32145390
2.35498171
8.10156250
3.45258866
0.30327072
0.92870845
5.22786624
6.83561281
4.58593750
4.07324219
8.85579344
1.38737062
8.75064938
3.36458499
3.00781250
3.17057126
11.83170656
3.98014406
3.25268555
3.92154034
12.20345966
17.71026818
3.11395057
1.23144531
7.03775377
16.28946333
7.92285156
2.63084941
5.13282247
3.33625721
4.11896831
5.05877105
17.18969110
1.19921875
12.09375000
1.71728142
2.64844124
5.71875000
13.15234375
6.24206543
4.89062500
2.55919736
0.91077335
1.14843750
3.83007812
1.22460938
0.34008789
1.68098875
0.93790773
8.27050781
1.72558594
3.32812500
9.87629876
7.48307624
0.04815674
0.67715073
8.40266844
13.85579344
8.58528812
4.91406250
7.79296875
3.64843750
5.06640625
2.07617188
0.94531250
0.57395011
5.66243905
3.48828125
4.14843750
10.02766844
1.98600343
6.19921875
8.11425532
9.77636968
9.42864990
6.44116211
13.58203125
8.19173094
5.95670656
3.36914062
0.07214355
8.55814606
1.17166584
2.41764904
6.13281250
1.58398438
10.52343750
4.10546875
9.41015625
5.01171875
3.19335938
2.15625000
3.01562500
5.07421875
0.19421387
2.04882812
11.25781250
2.11132812
4.85741689
2.73828623
2.31770003
6.95378435
1.96289062
3.61718750
0.72607422
2.26322418
1.36617035
2.24609375
7.62890625
9.28971188
4.32356937
6.78710439
5.21289561
3.13867188
3.70312002
7.09570811
7.94140625
10.86233521
1.32961890
7.51057735
13.07405142
3.37957557
0.40966797
9.79492188
2.82893548
6.37760749
4.10579344
0.20161864
4.69466312
2.20117188
2.41470939
2.75844942
8.45281776
7.85546875
4.32910156
5.39843750
1.75032220
5.44791999
3.37695312
2.34375000
1.24270609
9.63493794
2.39615968
20.55078125
2.62304688
1.01074219
5.36328125
1.60937500
7.41796875
2.54492188
4.72053081
1.42790669
1.43065534
4.29395404
5.10546875
2.23828125
1.01074219
7.14485594
2.48990968
6.98144282
10.31543218
3.70019282
6.90527593
0.68164062
2.37109375
5.60546875
5.35546875
0.79247798
1.22949468
3.47460938
3.99218750
2.47851562
3.57812500
2.28010985
4.01139406
1.81640625
2.02929688
0.01340485
1.13671875
2.56640625
3.84570312
2.76757812
3.50781250
4.79752438
9.33919437
0.93994141
10.91406250
1.52050781
2.54544067
6.13281250
1.72753906
0.09561583
2.32975343
13.46875000
5.68750000
1.12516235
4.00874879
1.07934570
2.86523438
2.53515625
5.98046875
10.48437500
3.36165282
2.17155031
0.65193353
6.36230718
4.65201906
2.29296875
1.57617188
1.22167969
9.87043440
1.06511247
6.03139305
4.12760251
7.51106937
2.92578125
3.56250000
5.23469969
3.87662843
2.74804688
10.02343750
0.19763184
6.61629211
1.96541196
2.39810533
5.53581560
5.41015625
0.01144409
6.30012190
1.34050310
3.49023438
1.30566406
4.76562500
6.92219969
1.69401125
6.53906250
3.73046875
8.45312500
2.47851562
1.49544188
4.89876219
1.69954593
7.11523438
8.16406250
7.23437500
1.57617188
1.86230469
5.67578125
13.52831782
5.30761968
0.20556641
7.36637800
1.09260638
4.66796875
12.08593750
2.80651855
1.45084469
4.92122562
2.41992188
8.01290894
0.93896484
0.32324219
0.01637268
1.18237305
23.69417110
1.48942265
15.21484375
1.70214844
8.30468750
0.17456055
3.38476562
0.36767578
3.20898438
2.64094471
2.47428967
3.62109375
5.76562500
11.07958984
1.23632812
14.23686171
4.13671875
0.48754883
0.64404297
0.22326660
0.90168689
0.74772717
2.95507812
4.61328125
0.23474121
3.26594969
4.25358156
0.65820312
14.93704234
0.26119985
12.29508422
2.91390015
9.56250000
6.31852172
1.20296265
1.06738281
0.31161250
1.08105718
4.84375000
7.74218750
1.44140625
7.91406250
9.07031250
7.07421875
4.45362854
4.42219969
8.07389406
2.88916016
2.07812500
2.13476562
7.34765625
3.27148438
6.74609375
7.33626219
1.08097414
2.90852782
8.84439938
7.70215093
2.93847656
8.19531250
4.48437500
2.93945312
16.32421875
9.71516844
5.59765625
1.88248781
2.33789062
8.26562500
1.94531250
0.00573349
8.74023438
7.35546875
1.72265625
0.04064941
4.39062500
1.53710938
8.45164894
2.84131981
3.34179688
9.83007812
2.63443595
6.57650155
0.86311641
3.34257206
3.60937500
2.92773438
13.61718750
3.79296875
0.15917969
7.84300200
4.58277925
0.85156250
2.75000000
0.24829102
2.65234375
1.19433594
0.13170624
2.51953125
12.50781250
8.82812500
1.57356439
7.99870124
1.89257812
15.35156250
2.59570312
0.61669922
1.22949219
9.93391844
2.73632812
3.53320312
3.59749390
0.17061402
10.95751330
0.65967420
0.73632812
2.66406250
12.91227172
13.00960328
3.56445312
2.53254876
8.18530585
0.50284851
2.72460938
7.34765625
2.83178711
9.14062500
2.94791501
2.98763187
3.49414062
1.64843750
2.88476562
2.29052734
8.43750000
0.73779297
3.25195312
10.56509752
12.23958998
2.99218750
7.36035156
4.22265625
4.85156250
7.82242797
1.26546265
4.75000000
1.17675781
2.09993407
2.98209718
3.06835938
10.52343750
7.29882812
5.44140625
1.83886719
4.77343750
7.63671875
3.40039062
3.30322266
8.04719969
8.99576906
2.46533203
4.72656250
5.79296875
14.03125000
5.55468750
2.66406250
3.31900876
6.05403812
9.28808345
5.53418218
0.93896484
0.17653319
0.57633547
1.88378906
14.49608378
1.51368184
9.72337870
3.23047872
5.14062500
8.13427734
3.81054688
3.33398438
6.26953125
8.14062500
2.08821282
0.52750983
0.52159119
10.05468750
1.64746094
0.86279297
11.84375000
7.38085938
2.96516844
1.74967531
4.66796875
5.04068595
4.37728280
12.64942265
1.47265625
10.19531250
3.80468750
5.57844969
4.58463625
2.40852782
0.69156984
5.82812500
2.46484375
6.18359375
3.36344360
0.13521363
6.38671875
2.97851562
7.29687500
7.16910641
6.17578125
16.32529865
14.40842697
0.49971008
5.78320312
9.39892578
2.30468750
13.76734353
8.49968528
4.06250000
1.96582031
2.20909119
3.40625000
1.54296875
4.55468750
6.36328125
6.82454344
1.00358156
3.56640625
2.20117188
1.54882812
6.50846188
0.41976078
7.91959220
2.42806405
2.38671875
2.33048336
7.05208499
3.26989746
2.16243407
2.68326906
3.87500000
2.41003325
0.03649996
0.00914764
7.32031250
3.13085938
5.07421875
6.69531250
0.31762695
2.59797346
4.87956560
2.91275876
1.59798343
13.75461241
14.13878398
1.29656028
4.01171875
3.82421875
3.64843750
6.85156250
3.21875000
13.17578125
9.06835938
17.06738032
4.80761968
2.53125000
5.99575909
2.10970966
1.93554688
4.06933594
2.60156250
8.37923094
8.79947252
4.20711990
0.22794617
2.61523438
4.91438719
2.33951906
0.09948730
11.29597961
0.81095398
0.07360840
2.25561523
5.85969969
5.84342531
1.10937500
6.88281250
0.93554688
3.07617188
8.65331782
0.88379155
14.06250000
2.77929688
7.58984375
2.27343750
4.95344969
4.97622784
1.78158466
8.64420656
1.95312500
4.86718750
4.03906250
0.00299644
5.68814938
11.89883547
0.11714723
1.33886719
6.30501219
5.95768063
0.09839116
0.07849121
15.21516844
3.78580812
4.30078125
3.17187500
8.90625000
4.61718750
0.04864502
10.59863281
3.02343750
10.55289672
2.45296265
8.06250000
2.30273438
2.05468750
2.53530613
5.22348293
1.76953125
13.58691406
1.88802000
10.04264406
0.16625977
6.04687500
0.53173828
10.76562500
11.99836658
2.57096936
2.70312500
7.92219969
2.66569093
0.93915999
0.81446060
1.96647218
4.17968750
3.80664062
7.22656250
2.62109375
1.49804688
2.41893784
4.73958998
3.38671875
9.44596437
8.47656250
2.12532469
5.47233156
0.43981934
1.91796875
2.56445312
9.42610594
0.83919188
0.51790531
6.68750000
3.21484375
7.85156250
1.26074219
11.54329344
4.50114015
4.41015625
4.44173094
7.33593750
5.45344969
1.49349124
1.46435048
2.59017342
4.33626219
4.06575687
7.19563719
0.29581789
5.64518063
5.12858156
3.48014406
4.83984375
4.71875000
0.82568359
2.12695312
4.17187500
7.47687722
3.46386470
2.91700465
3.64615968
8.44173094
10.93098626
4.78743905
0.99466949
3.00606293
3.29492188
8.07812500
0.05746460
0.43549736
0.48242561
10.96939938
8.67814273
2.85148133
9.01383422
2.15022828
7.66992188
6.45703125
10.15754876
2.87370124
8.20312500
0.04995728
4.49609375
3.97802734
1.86523438
12.83504211
2.35782898
1.46891235
1.08284547
8.70312500
5.84375000
5.62109375
0.29663086
1.68164062
4.24609375
0.84033203
5.45312500
4.16177970
2.09603280
3.08007812
3.88867188
2.31445312
3.63867188
0.85595703
5.18359375
9.76204344
4.72232159
2.16407247
3.00585938
2.26757812
4.93359375
0.09210205
9.08593750
1.67089844
0.79724547
3.46061281
7.26953125
0.38745117
4.17089844
3.26822751
6.68294437
2.49609375
8.28548094
1.67643312
5.74218750
3.11718750
6.18750000
8.93750000
0.82421875
6.12109375
1.58203125
7.53906250
0.48828125
6.88281250
8.35156250
2.99853516
3.16992188
6.06314938
2.97591312
6.17187500
10.45117188
6.07421875
4.12890625
0.42512938
2.06998781
3.94563719
7.23014406
0.93375360
0.16976202
5.74218750
14.08566284
1.47058105
4.52408688
3.44694093
5.03092531
2.47070312
6.18961547
0.04897096
1.73828125
6.33722629
4.64747340
3.11295656
3.95117188
0.05908203
0.22265625
7.33104721
13.57129654
3.21370360
6.14420656
1.57324219
2.33235594
4.74541584
2.03941572
1.19726562
7.02734375
2.14648438
8.01232381
2.40515666
1.89648438
5.39453125
0.03048706
4.00914001
8.62500000
5.86718750
2.73242188
6.40234375
4.06542720
7.11621343
3.35546875
0.77827381
2.14225842
4.34765625
12.05110594
4.46451906
0.11376953
4.74869127
1.54427748
2.09406472
1.62077903
6.50781250
3.28515625
4.50781250
0.80175781
3.18798828
5.77799313
11.71028812
0.92626953
0.65722656
9.78906250
0.70800781
8.85156250
0.03836060
6.93033688
2.60872562
12.20735594
0.61637453
2.30501219
0.61979250
7.24218750
1.11816406
1.50195312
2.11328125
2.45898438
0.02703857
0.34716797
7.21353502
1.36458998
4.68001219
3.71875000
8.43522218
2.41813110
1.32405640
8.68391844
5.63639406
10.71243052
1.96485372
2.44155489
5.17416777
1.22558594
4.55078125
1.97851562
9.82226562
0.93180297
0.88265015
11.13084837
3.39225343
1.26586166
2.70801529
5.52830785
6.69434840
1.88476562
10.75097656
2.53125000
4.55859375
3.16210938
9.14843750
3.05110594
8.61295656
1.55394449
0.81617270
8.78125000
0.10627196
3.43538453
1.94042969
2.26399657
2.27506593
1.47373630
1.30820035
8.19531250
0.15590408
3.49436447
0.68281981
4.15234375
5.54264406
4.73437500
5.08593750
9.06250000
14.66127598
2.65690935
6.57812500
8.38281250
3.23437500
3.91048094
11.98014406
3.31835938
17.01937471
8.83432402
1.04882812
3.32633297
0.00000000
17.77164672
3.90250610
3.88541002
3.59082779
3.33007812
10.99218750
9.19352172
0.12190797
13.51151276
9.66015625
4.17578125
4.07031250
6.62207031
1.46777344
3.91406250
7.84375000
2.92773438
2.66406250
2.83984375
0.53143156
0.05068970
1.78232700
1.18554688
14.45312500
0.20251465
1.96289062
27.61419678
20.13476064
10.76701179
6.71028812
1.81347656
8.74641844
2.02139822
4.83526791
2.64062500
7.15708389
0.12074814
1.06250000
2.49609375
0.25317383
0.00295067
4.20312500
5.77440160
1.49903590
5.85156250
4.30078125
0.00502014
6.54296875
1.69668184
5.59604277
4.37890625
2.14843750
3.67382812
1.90917969
0.17004395
0.55126953
5.04768174
1.81169326
3.30403314
2.38346686
7.00000000
0.10288451
4.65478391
7.07267398
4.61027039
6.64843750
2.97102782
2.76920656
3.86914062
1.92480469
6.09375000
12.28201699
8.14485594
6.72134752
2.43262466
11.81250000
0.05146239
4.48225953
7.78125000
3.67903314
6.88151374
27.42545407
4.75505741
6.03125000
4.03743407
6.22656250
3.31127992
7.48282898
3.56640625
1.73649597
6.05078125
5.10156250
4.53125000
2.31282469
7.03125000
4.30257203
0.63411500
4.98193359
2.03548094
1.17740968
1.38085938
6.70768063
9.51497562
9.63281250
0.15893555
1.32714844
3.21721723
2.35352061
6.04719969
2.26920656
10.71875000
1.07324219
0.63916016
9.29036126
4.98340093
11.98632314
0.07829358
2.31689453
8.11718750
3.97851562
9.44531250
2.39367481
4.19889406
0.04864502
6.27115221
4.76335217
12.48795656
1.34906513
0.67437237
0.00544739
0.10504150
0.75781250
6.37923094
3.41764406
2.99804688
10.60937500
0.73046875
6.50096909
6.70020279
3.58203125
8.56726074
3.78906250
2.46154785
2.72265625
9.04687500
2.08203125
9.58593750
10.86056559
7.62435062
1.43260971
1.06413342
5.65950687
3.65827038
0.64104478
9.70849734
1.81852172
0.96858765
12.89062500
12.24852394
6.06853169
1.39485843
2.12109375
2.31835938
4.60156250
12.38281250
5.25000000
3.50781250
2.24804688
9.60221188
2.44466312
2.61752796
14.06250000
5.61718750
3.57031250
2.86067625
7.66458888
4.30383643
2.95312500
0.50854492
2.15625000
11.02929688
0.31439100
0.23712267
0.46533203
9.62500000
0.52050781
0.88884750
3.98389295
4.97216921
3.75390625
0.65096283
3.48828125
13.82031250
0.21590086
1.59049562
2.63867188
2.50292720
4.93652593
2.07031250
2.45983315
1.84179688
0.06207275
0.46264399
6.67090093
10.37500000
0.00686264
2.04687500
5.07568359
10.17539641
5.44498781
5.40234375
2.61132812
2.95377438
3.35872562
9.17382812
7.62500000
15.53125000
2.44921875
0.76171875
2.96321532
2.79507674
4.08838763
9.99820922
1.20589234
9.73437500
0.50156242
10.37711921
2.21061281
8.25423094
2.47623781
5.45703125
7.87222518
2.06169326
8.26920656
2.82031250
5.76171875
5.94531250
1.62597656
3.48046875
7.27734375
5.16796875
4.98828125
0.00673676
2.48046875
0.65445797
8.27669437
1.54296875
13.46093750
6.26818848
13.89485594
1.35221437
3.26367188
3.10774657
9.00358156
0.46010003
7.51823249
11.08593750
6.32128906
2.49804688
6.17578125
2.48242188
4.23046875
0.03198242
0.22753906
10.91406250
1.40071532
1.39574293
3.75846188
4.88427859
9.32556183
0.91451019
1.50781250
1.95587863
0.63542996
8.47656250
6.41243407
8.05045656
0.58642578
1.05859375
2.87500000
1.23559570
3.11328125
11.20735594
8.61295656
5.46093750
1.91601562
4.44563719
13.30826906
5.76148422
6.73877327
0.90576172
5.85156250
2.42789672
1.30354859
8.07812500
0.44946289
0.47835203
1.96842531
1.46679688
1.95426391
1.60335328
0.76741453
0.41052246
7.22623781
1.22167969
3.04101562
2.09993407
2.13359979
3.43391844
2.29882812
1.89323000
9.65625000
4.57421875
2.57031250
2.65364251
1.34147468
9.62988281
2.87500000
3.14648438
3.82096188
-0.07297604
1.39088720
3.13038356
4.47265625
5.47656250
1.92578125
0.62939453
8.43879876
3.00651374
2.67686083
4.22585438
6.87141844
2.50632814
10.95593262
5.00000000
0.35253906
4.91503657
2.25683843
4.43391844
3.78678468
10.62500000
0.06768799
0.00201225
0.47965453
2.66170289
4.74609375
7.10546875
7.23046875
12.99218750
16.23437500
11.52343750
10.88899657
9.89420656
4.88736813
1.45149906
3.07698360
6.50895390
0.55273438
3.23242188
4.98079344
0.70214844
2.01920656
0.97770016
2.70442874
1.53027344
6.03210449
7.76578735
3.93570922
13.87076906
6.94921875
7.20703125
9.28906250
1.02209473
1.97363281
11.88769531
0.33919188
0.04593996
3.55273438
7.41796875
5.43164730
5.10937500
9.14843750
3.78125000
0.54687500
0.84228516
2.00195312
1.63020750
9.18890459
1.00608322
1.17385864
8.94531250
6.88671875
2.21765137
5.23828125
6.91729943
0.06902869
5.08984375
2.26953125
12.88485718
0.81591548
10.22949468
1.60351562
17.47363032
1.31598150
1.53531860
14.33851784
1.13397606
4.90625000
8.55468750
3.57649657
4.12467531
0.69677734
4.85024380
2.92351839
2.16002420
14.55468750
11.26383422
3.85530640
18.51562500
6.78125000
0.00273323
4.69531250
11.25781250
10.18237305
10.38834220
12.80582890
1.62199101
3.37500000
0.84472656
3.06054688
1.10188719
2.99877992
4.97533245
1.98845356
12.48079344
3.23405031
3.65429688
0.85644531
3.78141235
2.78694703
2.23111620
2.81886635
6.72265625
8.30468750
2.25976562
1.72493407
1.59765625
0.94108156
5.17757078
7.58951906
1.20800781
3.32421875
8.15316612
0.89063995
4.97265625
0.35914803
4.20312500
4.94140625
9.20312500
3.04524158
5.63086436
3.99186281
7.71484375
17.64062500
0.10400391
0.03533936
4.03125000
3.55664062
6.18750000
2.18359375
4.86539672
3.16103150
4.12109375
2.72916501
10.50358156
4.82780031
1.26074219
2.52180408
2.83561779
2.62500000
10.76562500
3.97851562
5.10156250
7.36067376
2.36784186
3.20344094
0.87907358
0.86897330
0.63981577
3.68033688
7.41731937
5.59375000
7.71907469
7.05045656
3.46907469
3.52701906
5.70703125
3.49121094
13.25781250
7.26562500
5.27343750
9.39664672
0.71858765
2.15039062
7.24641844
8.52701906
0.54052734
6.89648438
9.76562500
2.67578125
5.50781250
0.08367920
2.09928219
4.48763187
6.13281250
9.00000000
5.45703125
1.97656250
4.79687500
11.99218750
8.52343750
10.76562500
5.40234375
19.46875000
12.27766844
4.19889406
11.70800532
16.04227315
1.83333250
3.87963929
0.71866883
0.20336914
7.14453125
0.97705078
8.07486813
4.55794437
9.97070312
6.09016844
0.97330812
1.42773438
9.09842300
1.88639157
1.42252687
15.05045656
2.25390625
5.25992797
0.89534547
5.49414062
3.81835938
5.83203125
5.00813719
7.38281250
2.49772218
14.46609923
16.39206645
1.98470467
7.66015625
5.96093750
1.65185547
5.88281250
5.91015625
0.81933594
9.59375000
12.28727172
5.77522828
5.96875000
0.61669922
1.82421875
0.30566406
0.14184570
1.07031250
3.28710938
12.08593750
9.50423094
3.67155031
5.12500000
0.01312256
5.68944814
0.61523936
4.40332031
6.16048094
1.98209718
4.43750000
0.07214355
2.46289062
8.25846188
-0.08292477
15.81198120
2.66210938
0.88964844
9.78125000
7.36718750
1.80696033
1.60710217
4.77115470
7.87728280
10.46582031
0.76416016
5.25390625
37.60902786
3.44238281
0.57666016
8.92968750
21.09179688
14.54052734
4.66406250
6.40754876
3.29362311
8.98860594
4.37467531
11.58853502
4.74349623
3.70605469
5.19140625
9.39062500
1.57747313
1.52994875
4.78515625
4.22656250
6.73046875
4.10522461
5.66406250
0.00269127
3.50585938
0.91442871
2.96093750
0.37239500
0.99186281
3.52766844
5.60123781
12.42187500
11.74218750
0.01394653
10.25000000
0.14709473
0.27101639
0.19687912
4.02180408
3.53678967
4.94335938
1.69921875
5.92187500
2.31640625
0.57551751
3.81120124
11.43750000
6.91406250
0.19409180
4.27140071
0.06185124
0.70043883
0.53100648
3.86283200
8.29264406
1.28483156
5.14062500
11.93750000
13.28906250
6.37205785
7.54591090
9.67968750
2.45800781
3.93554688
4.08593750
1.80208250
6.53873781
0.01496124
9.53254876
4.83463874
4.28157469
5.64680408
8.16146498
2.47265625
5.18570922
0.24178101
4.22265625
8.39062500
2.34625244
10.09375000
4.38492797
6.43147828
6.84765625
0.04336548
7.63801751
2.07877936
3.10156250
12.45735594
5.98405031
0.05111694
1.19238281
10.49763489
0.11175537
3.95898438
2.73095703
4.54687500
1.19042969
3.19531250
0.26831055
1.28450438
4.21191157
1.67773687
1.34868744
0.12459601
3.27929688
6.31250000
8.47753906
3.93164062
1.48339844
10.29687500
0.05856323
2.20149657
1.84440187
8.68750000
6.38899657
2.94694093
10.75781250
1.37988281
0.27602900
10.83886968
2.36718750
4.44173094
5.85123781
11.35937500
2.52734375
6.21484375
0.01501465
4.56250000
4.26953125
0.14526367
3.50195312
2.44921875
0.16541410
0.28487277
2.20703125
2.12890625
5.37890625
3.07617188
1.86523438
5.03548094
1.57397523
11.92277039
1.06347656
4.84375000
5.80208250
1.33365968
2.57177734
4.56640625
0.52490234
6.37890625
5.42651367
3.42024657
0.21887207
1.99381593
8.44531250
12.34375000
5.33235594
6.38671875
7.53906250
5.89365724
1.06054688
6.40234375
6.79003657
1.20898687
1.85937500
10.12141844
4.87890625
3.44888908
2.66211436
1.09570312
10.25622559
2.22298094
3.35905031
8.84650488
4.16553856
4.98567376
9.94759530
0.11614990
4.24218750
11.79036126
3.05468750
6.29557624
0.30493164
10.22656250
6.45344969
4.45670656
2.01715544
2.45086214
9.23437500
1.72412109
1.05078125
1.75670421
0.76233876
0.97070312
6.48046875
0.30371094
0.49468994
7.28125000
0.27343750
6.49807739
1.93750000
0.21781371
10.16149933
0.50630707
5.41015625
2.57617188
3.26204344
1.91569093
3.40429688
5.45703125
4.92968750
0.00956726
17.90754627
14.51725842
7.04394282
2.22168218
7.52376219
9.39794548
6.42985483
10.71093750
3.04101562
3.53125000
4.16064453
16.11195784
1.27671404
1.96777344
0.11102295
6.02343750
8.20312500
0.12609863
13.86165282
14.83397939
4.27116467
4.70735594
12.74559176
16.82243794
13.40072030
1.51725343
1.01269531
2.30143063
3.39154322
0.26700805
8.77587517
4.98665780
11.36360594
4.90592531
4.33203125
6.23828125
5.09765625
11.79199219
2.29101562
11.28906250
2.75172928
0.21030686
11.26204344
9.17968750
3.22428468
7.45768063
8.56966312
8.85156250
2.55078125
1.75130125
13.53906250
2.09537843
6.70800532
6.32324468
1.75585938
9.77473626
4.53776374
5.82128906
3.86523438
9.31314938
3.37630374
4.12866211
14.10156250
17.22998047
5.62890625
0.02157593
0.26757812
7.68750000
1.65429688
12.96057980
3.63997562
10.78771942
14.09313996
0.13159180
2.62890625
4.01822252
2.37240248
6.67187500
0.03732300
2.62158203
6.13769531
11.09375000
1.75789367
0.99015320
8.69921875
0.56058746
0.81099457
0.10128722
9.87768617
9.55468750
5.42675781
0.67285156
7.20344969
7.78873781
0.66638184
4.10937500
13.79302979
8.12923094
1.89323000
1.66796875
12.63281250
0.61474609
0.04995728
5.72558806
3.58514073
6.14843750
1.30468750
7.76090204
0.45247687
7.43359375
10.45777380
1.99479997
9.77766844
5.43658447
4.59733156
5.82031250
4.20800781
3.70031738
10.76562500
5.62500000
5.33626219
6.26530031
3.93554688
0.03762817
7.30501219
4.65592531
14.95214844
11.12923094
5.53483156
6.05078125
6.10156250
4.54687500
1.96777344
17.29947252
1.63021498
3.76943900
2.86152382
6.17545656
6.51985594
11.48795656
2.18420379
3.76501496
4.02376219
1.66251711
11.25000000
10.05468750
8.39062500
9.16113032
13.69188830
2.66797747
3.23242188
11.73437500
0.29663086
0.41923301
5.11263187
3.72265625
4.13969421
0.42871094
3.82875943
10.00913120
6.80078125
1.81054688
6.30664062
7.26953125
10.04687500
13.47503039
1.54443982
18.38671875
14.54459220
13.66536126
4.36426529
3.62890625
7.31941711
2.71183289
1.74511719
11.14843750
6.22656250
0.38091792
5.39746343
1.10351562
18.60024380
6.44663120
2.48046875
8.61360594
5.81608156
3.47460938
15.46516844
3.02115968
1.68915771
16.73616578
10.25781250
0.06469727
2.83608115
2.06284463
6.98046875
5.67187500
4.95523922
6.29622562
1.40917969
3.50471798
0.32096562
2.90969226
1.71343521
2.17546653
8.55110594
17.12858156
27.14133811
10.70088601
8.38281250
6.07421875
0.59960938
3.80468750
0.01084137
3.63492797
1.42757203
1.29980469
6.02343750
5.13492797
0.27229859
3.36132812
10.30468750
4.86294306
5.62435062
2.11100343
6.86328125
4.82594803
4.46702072
4.89453125
8.24218750
6.24609375
6.06835190
2.64356216
13.59020996
8.25000000
2.75195312
1.46386719
0.97412109
3.30859375
5.52489722
7.56702935
1.53803133
3.75530363
4.30859375
8.57812500
0.78592895
4.24218750
7.03694703
0.59952633
1.92317874
1.84863281
5.36718750
14.52899456
6.04296875
11.52343750
1.79101562
1.30859375
1.09179688
2.14257812
3.06119626
6.18481570
7.62320922
3.45475343
0.74511719
2.69726562
0.42096754
4.67155031
7.37500000
3.51367188
0.32397461
0.33129883
3.46679688
1.08886719
7.20703125
2.86914062
8.64843750
17.05468750
5.72406513
2.10405987
11.80700684
9.19881102
6.60937500
4.56998781
23.53458493
3.06575687
7.03125000
3.50195312
3.20117188
6.24039672
2.46077515
1.02148438
1.62890625
0.04727173
4.74551620
2.90316544
5.13281250
1.39160156
2.62438965
6.78027344
2.82421875
5.17187500
8.20312500
4.38281250
3.42968750
0.00918579
0.07922363
5.28125000
2.73242188
0.97363281
0.46480223
9.69108156
1.64257812
4.15234375
6.36718750
10.59375000
0.03497314
4.92496703
3.04312611
5.16960217
8.46875000
20.49218750
8.26269282
7.19043218
1.42968750
2.99413564
3.63867686
9.40234375
2.98665282
2.94498781
10.51562500
0.03546143
9.00000000
2.25585938
9.34016844
3.26350953
0.73030640
1.28906250
7.12500000
2.69075438
4.80826906
1.31770750
7.51139406
1.84423704
0.34668093
1.62988281
9.13704344
2.59147218
0.24780273
4.59798094
2.10319093
7.84407469
2.61490968
7.04817376
12.87370124
2.34960938
2.54492188
8.96875000
6.07096188
1.54182361
1.63021498
4.33951906
9.58593750
2.52576447
2.57421875
5.30468750
13.20410156
0.02355957
7.20735594
10.42089844
7.71061281
1.25390625
11.24039672
3.80452515
15.88671875
22.87140847
4.89306391
6.08464871
7.59082031
2.37011719
2.93945312
3.85480940
3.22331560
4.51838126
0.21159921
36.60937500
7.04296875
6.67968750
0.61962891
2.82421875
9.09700438
26.13310728
11.50034463
4.01107934
6.60659021
8.13527260
6.50258755
9.84311557
29.76317487
5.40386823
0.96679937
10.83373613
0.67220717
0.64583250
0.33040437
8.98872894
5.31640625
0.94677734
0.21191406
0.47952271
4.21093750
30.83967642
7.39323374
9.22458445
0.25393117
3.79614196
0.23095765
5.22086547
2.36055543
1.12304688
1.93457031
3.25976562
0.94238281
2.72151610
4.99576906
12.87923094
6.05826906
4.16829344
4.56756929
5.80468750
2.60774657
5.24218750
5.89030031
12.69954344
4.24186281
8.26985594
3.12076906
13.95735594
0.57226562
16.21841534
4.78516622
2.02929688
6.54205322
5.44531250
7.98079344
8.96256593
5.85937500
2.31835938
7.34765625
8.05175781
0.54687500
6.49609375
9.33593750
0.75585938
17.24670410
7.85773161
4.98211214
0.08911133
4.16015625
11.23709745
22.41162234
3.46223875
2.36686281
7.02343750
8.19531250
0.22199337
15.65201906
10.59733156
1.59375000
7.05110594
3.91015625
7.51920656
14.94531250
5.28417969
7.30859375
9.12141844
8.69018617
3.71378601
14.99951172
0.37158203
24.78710938
8.69954344
9.74576906
0.05560303
1.19921875
19.70019531
4.84602782
17.89323000
2.80078125
6.59375000
8.24478502
2.10677748
10.20312500
0.64404297
0.05148315
0.21557617
1.74804688
3.47241024
0.23852726
11.13281250
3.21581782
2.68294437
8.29101064
8.37663342
7.04296875
2.98437500
8.64843750
0.48144531
13.56738032
4.37304937
1.17382812
0.05461646
13.54253823
9.32519033
4.85612810
12.60677125
2.29988586
3.57230528
1.08545046
6.87434475
7.14420656
1.50358156
1.33593750
2.22102782
5.25748781
5.02343750
4.74251219
1.09879640
3.88509032
12.35514406
22.41357422
6.59114500
3.37076906
6.10156250
2.43359375
8.74706782
6.92708499
6.76139406
4.39062500
10.98046875
3.25390625
5.51985594
1.45670656
8.18087482
5.55468750
7.79296875
5.52734375
0.12841797
10.07747313
5.15234375
5.80436281
3.98437500
4.49750519
5.03125000
7.07844969
1.66959718
8.42187500
4.68065659
8.04004654
25.24820922
10.05875610
5.83951906
3.81835938
3.23274657
5.47330563
2.83691655
4.57421875
5.86621094
2.80078125
10.03906250
2.68196532
2.17155031
8.14941406
2.82812500
3.48242188
8.03125000
9.04329344
10.58723626
3.46517342
1.16406250
2.45417023
6.55859375
5.65625000
6.57812500
8.29329344
13.37858156
6.41015625
3.51953125
6.41406250
2.04101562
5.75000000
6.88508533
4.57975842
3.49023438
2.73537108
2.76139406
13.26006457
4.55518201
3.86645508
2.18359375
10.40625000
7.27670288
4.56640625
8.39160156
8.11718750
4.78906250
1.90234375
6.38867188
3.19531250
3.75683594
1.31347656
5.50781250
14.59375000
3.57812500
8.50781250
12.06250000
2.38899657
7.58170656
6.37825438
12.98023561
1.82324219
11.65625000
6.67399047
2.32600953
0.81103516
1.15234375
12.31835938
6.65852782
9.39062500
2.26334718
6.03059065
0.85515154
2.86000943
5.78256870
4.28906250
3.07617188
3.65429688
1.88085938
4.19140625
11.71875000
2.73274657
4.63248781
6.29296875
1.57690430
9.45943114
3.92936281
1.56640625
10.65703158
2.38997562
7.59765625
4.49706782
6.92480718
12.34977172
0.70247437
3.29003906
3.04915282
9.78125000
15.29264406
15.50000000
10.89062500
2.73828125
3.35546875
1.92000242
5.95280031
3.01562500
5.61718750
6.88085439
3.48633311
6.78076172
14.19173094
0.95296141
8.38639406
6.14811281
9.14062500
0.12597656
0.42734491
0.57405890
4.30597629
6.09636746
4.17187500
8.75032469
4.91764406
16.22069814
16.08594248
6.08626219
10.16048094
4.83138187
0.15625000
0.69726562
0.04043579
9.08174092
1.79325908
2.49218750
9.56640625
12.20391846
2.39062500
1.22851562
7.37500000
0.22802734
3.24837157
3.74967531
11.32877438
5.00386722
2.25390625
4.41015625
10.00000000
1.82714844
8.75781250
0.08734131
14.30533688
14.90983156
10.39420656
3.52539062
13.56673094
4.49141511
0.27339691
3.92187500
7.07812500
2.44531250
11.54394282
2.74511968
2.99251219
3.36587877
3.82520279
4.66796875
5.18359375
0.00352859
1.00683594
4.35351562
7.02960205
11.06250000
2.90234375
7.58666193
1.48942265
15.51920656
4.76171875
4.85937500
0.04437256
3.54492188
2.28320312
2.84472407
8.01074468
12.35156250
9.78906250
3.48242188
10.34375000
0.56054688
2.90039062
6.85847961
1.81339539
0.00773621
1.76708984
13.69531250
0.14270020
10.37670898
0.93261719
4.35546875
2.35156250
2.75097656
7.52145386
7.42578125
3.71679688
3.88085938
4.50781250
1.38183594
4.21777095
8.83105718
7.80143063
3.61849124
14.51562500
3.30273438
0.02551270
1.31477782
7.77311281
1.82910156
1.71247043
4.52605496
4.77343750
4.48502438
-0.09586422
0.93603516
1.46240234
3.40625000
8.16145501
5.92448249
2.17602539
7.36653563
6.02343750
8.80045656
2.61914062
0.00441360
5.04687500
8.57031250
3.49054910
3.82390403
0.00981903
0.36816406
14.89062500
6.48046875
2.14933433
0.79933510
5.09765625
0.69177246
4.98469969
6.76920656
11.57812500
4.98046875
0.21844482
2.53710938
7.27734375
0.37792969
2.37597656
8.64648438
0.70003172
3.78678468
5.69270750
2.92545656
11.16406250
3.15625000
4.05794188
7.35514406
7.91796875
4.71126219
2.37304688
10.82877438
2.22168218
3.55859375
4.69742423
2.76400155
4.06250000
7.52734375
7.45556516
1.22509890
5.33593750
0.02630615
3.27148438
6.83984375
0.43505859
4.16796875
2.79003906
3.94726562
0.72574704
5.74153812
1.98925781
3.48632812
5.77734375
0.01922607
2.15039062
9.47656250
1.79394531
4.91406250
2.47070312
0.03472900
2.81445312
3.22884032
1.55436281
1.83300781
2.44970703
2.83203125
10.91829344
2.59928468
13.12703430
1.98331726
9.63281250
6.29914783
0.63151623
2.07031250
6.18847407
17.01733648
1.82161126
3.13031026
2.35117907
2.88281250
5.51171875
0.16674805
5.13995361
10.87923094
10.05045656
6.83593750
5.06021720
8.93197030
8.63305664
6.56445312
9.00781250
20.91829344
3.89615968
1.39485594
8.12076906
5.15234375
4.60449633
4.64713874
5.45312500
5.25781250
7.12174313
0.35685367
0.96280945
2.04296875
1.63281250
11.65413328
8.99707031
2.04069093
5.82812500
0.29296875
0.66943359
6.77343750
9.10742188
7.67578125
0.00280762
2.06267548
7.70312500
3.93554688
1.95377438
8.24576906
10.18672761
0.43892426
3.13671875
1.59472656
5.72656250
0.63623047
6.71093750
22.96614251
5.32747562
8.67708499
5.71875000
8.13102172
0.73649047
6.23405031
9.13281250
10.57812500
11.88281250
10.46875000
3.04296875
7.97509641
1.96240359
1.42708001
3.85026374
11.45312500
1.65527344
20.02766844
11.58593750
7.19596188
5.00293218
3.36914062
7.64453125
3.86328125
13.83404541
2.94726562
2.57617188
12.38704344
4.86875490
5.64491698
6.78483156
6.97867797
0.36043336
1.74316406
6.30467753
2.87500997
2.21289062
2.17431641
1.86262938
5.90983156
0.59814453
6.88671875
2.14062500
6.27734375
1.45507812
3.99218750
3.99804688
9.06250000
1.45507812
1.94140625
1.06835938
4.35546875
1.84179688
6.73469969
3.27115968
13.97656250
3.46679688
5.90071033
4.77897717
5.71824080
0.39089006
1.32617188
7.40538897
1.21765791
3.98795407
11.28719242
11.68750000
3.02539062
2.95312500
0.45800781
5.85066711
0.58487976
1.90039062
8.43750000
2.39843750
3.29101562
0.00598907
4.19140625
1.36262938
2.10709718
3.59179688
2.54492188
9.92840576
7.26953125
5.67675781
13.54865639
3.26155765
2.82812500
11.13281250
13.17968750
1.45019531
3.13867188
2.30956533
2.97852061
8.40982159
5.05502216
2.00976562
2.02343750
0.00476837
0.20007324
16.03710688
8.63574468
10.77343750
6.45312500
4.54687500
5.43904477
0.29386539
2.95507812
10.57421875
7.08203125
10.71093750
9.49218750
2.10937500
9.10937500
1.91503906
10.88052970
8.51790780
12.17382812
1.21386719
5.19140625
4.01171875
4.09880360
2.40447417
3.16568844
6.33919437
6.36908913
1.98372313
3.20475343
3.86328125
3.43456782
6.57715093
5.35937500
17.10937500
0.68277829
5.15169437
6.23331041
1.40951185
4.83593750
4.24218750
1.97949219
15.40266844
5.10123781
7.80501219
3.15266844
2.45788730
3.42036957
5.89673277
1.38541750
3.93164062
4.58203125
12.79597961
0.17289246
2.85837746
7.03808594
7.11718750
5.27376219
3.27701906
0.24035645
1.88476562
5.52734375
9.00781250
7.16406250
3.28906250
0.23352051
10.03125000
1.25195312
4.75195312
10.91406250
3.81054688
1.35937500
3.25347900
2.53451964
2.86100343
5.60530142
2.60010139
2.10123781
0.69091797
5.98046875
4.27799313
6.99544437
1.67675781
11.79150266
8.05699473
3.64904785
4.48046875
5.84375000
6.51985594
2.10905031
5.47477172
12.76170878
6.41586325
10.07812500
0.01387024
4.75781250
3.78710938
6.17691422
2.76367188
0.82617188
4.97721188
1.63606937
0.13366699
1.33007812
1.71484375
5.31640625
0.50706482
10.91406250
17.59375000
0.80371094
0.00185299
3.14453125
10.96098208
5.83984375
3.62141844
5.04687500
2.49413564
6.83757092
0.24707031
20.16829344
10.58561281
4.05859375
7.73046875
4.99771720
8.15202155
3.28515625
7.37500000
1.52343750
4.05045656
3.45117188
0.55810547
1.43359375
4.94921875
0.21557617
9.57633422
1.06722047
3.22851562
17.81250000
10.33658688
1.98567874
12.11718750
4.57562763
0.89654034
3.63491406
3.76009530
4.46451906
5.78125000
12.32617188
6.42968750
4.82031250
0.64892578
5.24251219
4.48795656
5.38802000
8.67545656
2.19726562
13.13279256
2.53126994
4.84765625
1.45117188
7.60156250
15.28125000
4.69140625
5.06640625
2.39648438
0.95068359
2.72656250
5.84407469
6.24183402
0.14391011
2.34179688
1.81933594
5.13281250
0.57299680
14.19513563
1.13932873
3.39257812
0.02719116
6.08203125
7.76431627
5.38802748
6.60351562
8.70312500
15.64062500
0.19738770
12.72572327
1.14778563
10.26920656
3.62271720
14.55126829
5.01709109
2.74023438
3.71875000
0.67366453
1.53385500
0.00510025
4.19042969
3.54524657
4.37076906
3.90820312
7.18001219
2.57194093
6.26548767
11.83349609
18.35074828
8.05647828
0.15307617
1.41410327
3.49023438
7.85546875
3.53320312
1.28823185
0.43148326
1.49023438
0.87060547
1.51074219
1.66406001
0.27978765
9.47656250
24.50918146
4.98046875
20.01464595
5.46810062
1.38932375
9.42545656
3.20703125
9.64143174
4.56143230
5.69362034
3.59570312
11.16048094
0.96744875
2.08007812
0.50038338
3.82421875
3.19531250
3.37890625
5.23437500
3.20898438
8.07031250
5.28515625
4.57812500
2.38281250
0.18591309
0.00248718
3.89453125
0.08520508
4.69769338
1.88075382
4.27213874
0.86669922
3.85546875
0.09069824
8.51675643
3.76058732
0.89746094
3.01594969
1.70377687
3.03710938
11.74218750
1.09375000
0.65519040
0.08260257
3.18755436
2.48046875
5.22656250
0.10278320
0.02500916
2.91404034
1.92189716
7.65234375
0.85302734
3.34798094
9.85514406
6.84765625
7.39485594
2.60514406
9.64062500
4.52976397
3.94679853
4.28515625
10.16048094
7.75000000
3.11718750
7.65983156
2.25067661
3.95232823
12.59016844
6.21703457
3.98927526
14.83902579
6.88118905
4.17968750
3.64908688
0.04842289
3.47240526
3.94067819
0.12182866
5.98046875
1.07788086
2.94079971
2.04101562
3.36914062
1.80371094
6.57096188
2.87727034
4.45313497
5.36360594
2.83951906
4.43359375
1.01247069
8.57775545
0.99239471
0.53938844
0.99609375
4.67968750
8.35937500
4.73828125
5.93359375
2.70703125
2.98632812
2.42578125
3.93554688
3.98437500
11.00781250
4.47656250
3.14453125
1.46679688
2.79719969
0.78238766
0.62500249
8.98437500
2.01757812
1.25614005
5.75164193
8.01562500
4.94051086
0.29508484
0.08728027
3.87109375
4.42578125
3.16210938
2.57031250
7.48893063
5.49935062
7.75390625
6.25097407
2.80957280
4.83203125
3.81445312
2.72786126
5.17448249
0.55094235
4.09310062
2.42838376
0.09310062
6.62109375
0.36743164
3.83203125
2.48828125
1.62402344
6.12109375
2.05664062
0.21291014
0.14774660
1.26783988
3.67123559
4.39453125
8.88281250
0.16304442
1.63737062
0.38545631
0.97737672
7.70735345
2.98307624
9.50000000
0.45117188
1.15722656
2.35156250
7.30539562
0.54030750
8.42968750
0.98355829
3.46956671
5.34765625
0.02487183
9.17187500
11.69173094
4.14420656
6.82974845
9.42415780
0.01107025
1.84139824
9.70767066
4.13998559
7.21484375
2.86718750
6.96012079
2.93082890
1.74674562
2.00585938
5.27734375
10.18992805
13.25781250
0.01215363
1.53125000
4.76594969
7.74186281
0.37329102
5.38281250
0.32763672
0.00278854
7.58593750
5.79068844
4.28092531
1.96039919
6.68782469
1.05240968
5.19742797
0.85823609
15.74283688
5.29296875
1.11067874
9.61718750
0.04763794
9.28548094
1.72704455
2.02458388
2.45898438
11.17415282
1.48209718
2.41992188
0.00265503
11.93750000
2.44889157
6.39689273
1.53116883
2.97070312
8.25423094
1.07210203
2.72395999
11.53142210
10.83170656
15.39453125
3.55273438
0.97119141
10.54687500
2.19775391
0.89306641
2.89908688
10.17122562
4.23046875
0.61816406
0.96289062
4.91033320
7.44922872
4.77050781
9.33870360
2.83561281
10.45312500
1.21191406
3.74804688
7.29150266
1.19189578
2.63509032
1.68619875
12.49039672
0.35535306
1.50716312
13.21777344
8.27734375
6.76301751
0.71224124
1.63704593
6.21484375
4.12890625
6.61751219
1.63248781
0.01728821
4.65625000
4.38281250
6.26562500
3.20117188
1.45019531
2.65429688
0.65429688
3.08219360
1.07187865
1.38281001
4.97981937
1.03377445
7.65234375
8.58129883
10.05468750
4.81432152
2.06445312
6.49641844
7.34733156
3.91438719
5.49375490
6.04597961
21.35441101
4.26171875
15.73567376
0.48063483
4.80078125
10.37687683
9.85156250
0.35628172
8.58593750
13.93021730
8.11016846
2.53125000
11.04193106
3.83360344
1.54573609
1.06376523
2.32552249
14.77734375
9.43521720
7.33341866
0.31852234
3.66275876
1.02474124
3.15820312
5.27343750
1.71289062
1.98163693
3.01692874
3.96199524
0.28196228
5.94921875
0.33650633
6.65592531
4.72937924
11.67516178
0.00275993
4.78906250
6.66804743
8.41860816
3.33586879
3.55403812
4.19262633
4.82299867
7.85156250
2.11328125
3.61043274
0.18595824
3.56998781
13.98437500
8.30468750
19.44970703
5.79296875
8.71871501
1.72087544
11.25911126
7.73112311
11.80468750
5.37670898
10.15234375
2.33984375
5.87500000
3.81250000
7.46673955
2.75059989
3.07194093
9.94238032
2.20377936
8.22265625
11.00000000
0.88427734
0.27197266
6.92578125
3.60156250
5.30078125
6.19189329
5.46240359
7.42610594
7.23046875
1.11490968
5.85937500
0.14318848
14.95180153
4.34913231
0.00222969
6.38166113
6.64437389
1.07455092
0.00821686
1.92041016
5.71484375
11.50161348
1.30610502
8.90022828
20.64369202
5.50390625
2.03906250
7.40454102
10.16406250
3.38461304
3.41601562
14.07543945
0.47485352
0.72851562
6.68359375
3.47070312
2.47135251
3.58333499
0.34732907
3.42317874
3.36612790
5.41097171
2.51953125
3.04882812
11.28125000
4.03125000
14.09992908
1.78288342
8.04035129
2.50457058
12.06250000
7.26562500
9.40234375
7.60709220
6.07519780
9.51497562
8.33235594
10.52538564
2.32780529
3.87500000
5.54687500
4.05859375
1.84594727
2.21679688
0.09932709
13.18586658
11.45014440
3.63932624
5.15625000
10.59016844
4.31539491
3.68359375
8.53125000
11.23502438
0.79264157
10.64257314
2.20378435
18.56477782
3.25162843
1.69726562
6.22265625
7.66015625
0.02375793
11.39062500
2.56347656
4.33227539
10.53906250
2.17968750
0.36385522
3.38151374
1.95312500
11.65625000
1.35839844
11.99609375
2.98901367
7.71563721
0.87255859
2.55313961
3.78645999
7.38281250
3.97070312
20.92249870
5.49609375
2.39453125
4.76953125
2.70312500
3.25195312
3.46289062
13.66193706
1.44418107
2.68603391
3.95296515
7.08203125
2.46875000
1.35546875
9.35937500
0.47656250
4.60937500
7.64876219
3.34537843
0.26367188
8.58619501
0.57493780
3.40022850
3.05078125
4.36328125
2.75976562
1.76741600
2.60546875
10.40332031
5.76953125
5.69095856
0.99458832
2.90039062
6.33504211
0.34513367
3.25390625
9.31250000
11.25000000
11.29193115
0.20593262
6.99218750
4.69140625
2.28320312
2.37374483
4.65463652
2.56054688
0.88769531
0.02423096
4.92968750
2.09570312
3.34659353
0.23397288
10.95523922
6.49777896
5.68750000
8.83593750
0.57226562
0.23278046
2.41796875
4.44531250
5.18750000
9.09798094
9.94108156
5.13281250
4.63980829
7.14534796
14.48502438
2.13216312
2.53255207
4.41977947
2.78125000
0.31176758
1.64550781
1.35709469
5.98372562
2.73046875
7.18359375
4.33984375
4.28255125
8.60156250
1.15494875
11.00553219
4.66495851
6.52701906
8.18750000
0.05462646
8.22298094
6.13248781
2.25097407
2.88183843
7.43359375
3.12304688
1.01464844
8.20523050
1.76156637
12.30619812
1.41015625
4.11328125
4.74316406
6.07031250
1.61067625
1.01421182
0.31248079
3.55859375
10.16406250
14.93485686
4.92414783
3.13672373
4.39811281
10.53004030
7.92736233
1.31384861
5.00577633
4.63216312
0.43774414
0.23799845
3.38639406
5.62532469
1.52701906
4.74609375
0.65576172
9.32257536
5.08367464
2.86830896
5.10141760
4.42968750
0.05050659
0.01298523
4.67968750
6.49739251
21.48427596
10.76204344
3.25358156
8.11718750
0.04949951
0.00071287
8.34375000
1.99283688
4.71245700
2.59944703
1.92285156
7.80501219
16.15983156
4.04915282
5.06608156
11.56250000
1.42480469
1.59179688
2.67512689
1.56803718
4.57063719
9.37076906
6.67700133
0.62426820
2.18554688
0.81819505
2.55599623
0.78662109
0.00094128
3.01757812
1.52921383
3.14225343
10.25358156
0.07037354
6.31282469
3.99804688
3.40397218
1.06445312
1.88671626
4.01855718
1.63281250
4.70703125
2.01562500
7.14453125
2.48242188
2.99506539
0.64067680
1.22184387
13.00507050
5.89420656
9.09375000
3.11051266
15.42513187
3.62890625
16.32812500
2.06445312
3.69173094
9.86295656
0.79443359
5.62890625
11.07011934
11.98014406
4.99194336
4.53355026
17.21609923
4.25064938
4.12011968
8.04238129
6.15266844
5.76920656
0.00390244
12.37500000
2.16243407
3.51725343
3.43554688
8.27896720
3.03548592
6.30078125
11.57812500
6.80305408
4.60319592
3.75097407
5.99511968
0.80371094
3.32226562
9.16406250
2.61328125
7.76562500
0.21463988
8.88525266
1.65364749
3.58561032
4.72695072
12.52047392
6.63053468
3.41601562
4.56250000
4.50390625
0.00587845
3.21071287
9.33558229
3.13381958
1.25292969
9.92836380
8.12500000
0.03121948
0.00234604
8.71158688
7.72591312
1.42870221
4.62745013
0.45605469
4.89159907
0.72754155
4.25781250
0.03195190
1.84863281
4.15005597
1.76791278
18.48051548
4.29296875
2.21289062
9.89843750
0.86836668
4.72233156
8.78906250
0.00109005
4.64843750
7.86283356
0.43501801
10.64257314
0.85547373
3.32812500
5.36181641
8.07031250
3.85742188
4.66015625
3.36914062
2.80305907
-0.04524657
1.60742188
0.44335938
2.27309895
1.66210938
5.40625000
2.05468750
2.69921875
5.82031250
9.42187500
7.73828125
1.22949219
5.34765625
4.64843750
4.05544769
0.24377379
6.94710328
0.10262086
1.87278653
11.19484042
10.67968750
5.12670898
3.69921875
0.37410399
1.14420656
13.19531250
5.45703125
10.37923094
0.83463625
0.80517578
3.17773438
5.40625000
0.18139648
1.53710938
6.19921875
3.48046875
5.17968750
0.18688965
2.68750000
5.80468750
1.80664062
1.62011719
4.60937500
11.43750000
6.63281250
8.84375000
6.04296875
0.41166168
0.63277191
4.76562500
1.79329344
7.94889406
6.53125000
0.54231688
6.28971188
9.86230718
2.49609375
2.64648438
3.12695312
1.06445312
1.88560921
0.35462516
1.57812500
3.08789062
0.21716309
1.23660374
4.41015625
2.39843750
3.64843750
2.11283356
0.59810394
4.69531250
6.59375000
0.01570129
11.83414672
0.18342169
0.38615054
0.06156371
4.69319703
6.87741753
-0.00025984
0.20818417
2.02669437
6.60937500
3.39517565
0.26058607
3.07239246
2.23632812
4.21907469
0.97037843
6.67968750
1.66503906
2.34375000
4.62500000
2.98437500
5.05891844
1.63444093
0.41363525
0.24458739
2.95280031
7.94918346
6.23683955
4.04441045
9.67355919
10.27343750
7.50189209
0.71024411
7.60905031
3.27115968
5.93570922
5.46272828
1.15003109
14.29036126
2.69629155
1.37662843
4.53515625
0.05847168
1.76367188
12.34375000
6.32421875
0.46044922
9.16406250
4.17219969
6.94514040
3.91406250
11.49218750
0.66064453
6.61718750
10.24218750
3.11718750
0.71093750
0.24597168
0.22473145
1.54589844
5.41629506
1.07633920
8.72054078
6.84554078
1.28222656
6.08203125
4.72656250
3.34593948
3.16082779
0.25854492
0.05606079
0.01467133
0.66064453
8.45566772
1.97485227
10.68685062
8.82812500
0.57234617
1.29362062
5.99218750
0.06707764
7.59765625
0.12054443
0.89550781
2.91601562
2.19921875
5.43001219
14.61751219
-0.08908932
2.80286026
3.79296875
0.26147461
0.00518799
5.63281250
4.29296875
0.37768555
8.64843750
3.48665032
3.56120124
8.61718750
0.20251465
0.35620117
3.10742188
2.41992188
6.88671875
0.05526733
2.37304688
4.83203125
2.93912345
1.03450936
2.78906250
2.66568346
0.70345717
2.19459886
