0.00000000
0.78572259
5.74870124
1.77343750
14.21093750
1.86718750
1.96093750
6.52164672
7.12288453
4.36230469
2.33886470
0.43017827
5.19531250
2.10156250
2.40625000
8.39485594
4.07389406
2.55859375
5.82031250
0.16601562
11.40953406
8.01197473
6.40266844
-0.04170653
7.10253906
3.91454954
0.68066531
5.85156250
0.66943359
0.57212233
4.74013353
2.63281250
1.28613281
0.81591797
1.79101562
7.55078125
0.09375000
9.57421875
3.87141844
9.71272828
3.54280640
5.61718750
18.75000000
12.85644531
9.43750000
13.71203613
4.07421875
8.88541501
12.26139406
6.59537345
4.36523936
8.57355940
2.29558122
1.15169188
23.81510500
8.86440271
4.18393215
6.80338874
9.04264406
19.05354610
1.02457890
2.28873781
12.01562500
11.77766844
8.45670656
11.97102532
2.82682624
15.21875000
7.48347961
1.03507508
4.12987534
2.07910904
4.21875000
2.90217642
6.13150377
3.26319481
7.12727283
4.00959331
3.24985261
7.07844969
1.28385500
2.43750000
7.75519857
0.20158854
5.36523438
1.70996094
6.80859375
1.02050781
2.78515625
1.75390625
3.85156250
3.47070312
1.50292969
2.56152095
5.40918218
4.21516844
1.90787843
12.30346680
10.62500000
1.44628906
0.55940672
0.13029054
2.91992188
6.71305297
3.87483765
20.59968307
0.51164505
2.06250000
3.38638908
1.88314217
1.88842773
2.85546875
12.06250000
7.28515625
1.88899657
0.08878664
8.86783688
2.89583499
3.86914062
0.61523438
5.56444814
3.86344858
9.54085328
4.68750000
12.60156250
6.54296875
16.68444824
0.55000481
6.74479499
1.33451324
2.81294769
0.03756714
1.00976562
10.80435284
6.77800310
6.27701906
19.20214096
3.67676529
2.34790039
0.76367188
4.89062500
5.50000000
1.94531250
1.69726562
8.95890071
0.80184148
5.92187500
4.62500000
0.35156250
5.54410641
5.05403812
2.90429688
9.33789062
12.06250000
1.79394531
0.07537079
0.68115234
11.73079344
6.51968912
3.49641844
4.28483156
1.17675781
3.19726562
5.79817376
9.37370124
4.64453125
1.93847656
1.53417969
14.24596919
1.44140874
5.46191406
5.35546875
12.19531250
1.22265625
3.34179688
7.24641844
0.84391359
1.01855469
5.89062500
7.45734597
8.10906028
1.17917296
9.74772218
14.30468750
7.20133422
1.08577515
1.18847656
8.34375000
12.45464901
2.91040226
8.40209961
1.16210938
5.49217753
10.61719747
7.41015625
6.26562500
6.94989014
2.76953125
0.92692991
13.27701906
9.78125000
0.51074219
7.15625000
4.14876219
1.50162843
6.29003657
6.01465093
2.25195312
4.89453125
0.74316406
6.01789783
1.18913342
1.76985594
3.51334718
11.02343750
4.14843750
5.22265625
3.85546875
3.32812500
4.15234375
1.76367188
1.15071532
6.53873781
14.35156250
0.31237668
0.67285281
5.98649047
0.66536500
3.24641595
6.60514406
7.11621343
5.09375000
0.95019531
0.07049561
12.54687500
3.29101562
3.88867188
0.05450439
0.82226562
9.92578125
9.07165520
3.02864749
15.61978502
4.94271498
2.02929688
2.91992188
0.00173187
1.05859375
3.12564938
0.47395999
3.26367188
7.32909907
8.27051030
1.34667969
13.32031250
7.44531250
0.83349609
3.66015625
0.00435638
1.58398438
11.76562500
5.09016844
2.79069093
1.98828125
1.97370152
2.54745567
9.46028812
3.84298191
5.16873684
7.84375000
6.13281250
1.30110594
3.33496094
2.30826906
1.98079344
7.72233156
1.70996094
8.88281250
0.07006836
0.16735840
3.38964595
6.80761968
0.80371094
4.26106439
0.25309577
6.60937500
4.01953125
13.77115470
10.91634530
10.35156250
0.90087891
1.12337157
2.96451906
6.64941157
1.36133062
5.53906250
1.13085938
4.88102172
0.30691060
0.60068049
5.22623781
3.72460938
9.60937500
14.48258422
5.21272828
4.99641844
1.22037843
0.94970703
5.61393063
5.90625000
1.43685062
2.28906250
3.75846188
0.42952640
7.47395501
1.71745124
10.73469969
5.40592531
0.98046875
4.53515625
6.10416002
0.82455092
0.88248532
5.01888187
1.69726562
3.06835938
7.06640625
5.31250000
5.02766844
3.19303468
12.76994500
1.31413093
1.63867188
12.61537678
5.21274822
7.41796875
6.54687500
2.57861328
3.43750000
1.04003906
2.90039062
0.18310547
1.62445861
7.86947030
2.25781250
15.94954344
11.38281250
12.62076906
8.64843750
13.35156250
1.45410156
2.75585938
9.54687500
0.55810547
3.44531250
2.70176110
9.35807624
1.25976562
7.05468750
9.41893240
3.09928468
10.57454344
7.19498781
9.18814938
10.28060062
6.71093750
3.16406250
0.10345459
0.00508118
2.00390625
8.72371087
6.32145515
4.60937500
1.20410156
1.30664062
20.74061584
3.29882812
3.11132812
5.86718750
15.03921986
1.12874889
0.07305908
1.58780670
0.46777344
4.98437500
5.66796875
6.85156250
2.03710938
1.50781250
2.97070312
6.91992188
7.43750000
6.05859375
0.01380157
0.95605469
4.23187256
6.30436032
2.72981937
4.50911801
9.18685062
1.55957031
2.99951246
17.02148936
1.90625000
8.56250000
2.24804688
3.95703125
1.16210938
4.68359375
0.06579590
0.32397461
7.98469969
5.46581782
0.89030280
4.96875000
2.25390625
0.77929688
9.08788564
6.93728114
0.67698166
8.75373892
5.42594858
1.63867188
10.65266844
5.77701906
7.05468750
14.64160156
0.22827148
2.78686612
9.81966312
15.81423950
2.52539062
7.68273544
13.46875000
0.72119141
1.87402344
6.05322266
3.20898438
4.74804688
6.82421875
11.52254211
0.43278016
0.96728516
4.46289062
7.89062500
8.35156250
0.25512695
4.43554688
8.21875000
1.61718750
2.02734375
2.25754591
2.56608156
2.87385985
1.91764406
1.78715603
9.41610718
3.12239749
0.68310547
4.45613586
1.20694260
1.46843029
10.77842365
0.26047775
11.13704344
10.37076906
1.89648438
10.78125000
7.30905586
8.67791666
6.29427748
3.51936865
8.32519282
1.28027593
13.85579344
0.90331782
7.54590093
1.09147218
3.39257812
1.99633727
0.65747133
4.22867199
2.70686890
0.35530640
0.64111328
3.89453125
2.30859375
3.74173981
0.41597504
8.25781250
2.19140625
1.24871526
8.50488530
1.97037843
12.79573360
2.97770390
4.06250000
3.88313221
1.70475842
1.41308594
8.09375000
8.81041857
0.26611951
1.65298565
6.43750000
3.40267841
1.37695312
18.07973848
6.85776152
3.00976562
2.11328125
13.70733643
5.06250000
2.09179688
7.36718750
12.67412186
3.92578125
4.50390625
0.08081055
3.95904541
9.72656250
8.53906250
5.83430907
6.72233156
1.65309647
0.32078049
1.74957981
2.27019558
7.95312500
4.52799313
7.81748615
0.95579025
1.03054707
3.24935062
6.25390625
14.93391844
4.32780031
12.07031250
3.04882812
7.85853577
1.91633533
1.21484873
5.85123781
4.62109375
1.57324219
5.56445312
7.94140625
7.90625000
1.75097656
1.34114251
6.97135749
2.63085938
15.74674313
3.69921875
7.37044437
3.60969969
3.74186281
1.02050781
2.18391844
1.16918198
5.43815935
3.69726562
0.06329346
0.65283203
2.32004842
1.27345744
7.07812500
4.39453125
6.12109375
5.72656250
4.93359375
2.19335938
1.28125000
1.87955563
0.33203250
3.81819703
8.17187500
6.51236916
7.71484375
4.70703125
9.79678635
0.96493240
0.87255859
2.75144241
3.06935837
5.30078125
3.35351562
2.64648438
4.17285156
2.48242188
6.86360594
1.97037843
1.76057860
8.06608156
1.52148438
14.15445922
11.97388847
1.28939217
0.23156738
1.35474110
1.43750000
2.62373440
10.99865224
3.80990248
1.35058594
6.97656250
2.54264157
3.54817874
3.41422485
0.91635198
6.38606937
5.97265625
11.40689938
1.34407718
0.49731445
0.62207031
0.98756087
7.98894060
5.76171875
4.03515625
0.01509857
17.73437500
11.32519531
7.16699219
6.04296875
2.66796875
11.40266844
2.20929785
0.81137355
0.59082031
0.78637695
5.42187500
2.00390625
0.00893402
8.24129211
1.01749695
0.99023438
3.84435749
4.90331782
0.79785405
3.21289062
0.05914307
6.11411514
0.27797471
8.56639628
6.38954648
0.51964317
16.08202128
5.42579122
3.94173094
1.43017329
2.32682624
7.69205563
2.98763187
1.60058594
0.35709469
2.94270999
11.45312500
2.79101562
1.68457031
10.33251330
4.16659131
1.15128601
1.99804688
0.17667961
9.66406250
2.85323028
0.27982637
1.75471174
0.99772966
5.27343750
1.41699219
11.77766844
4.01139406
20.50064938
11.24153812
18.63883422
0.33455445
16.93293440
1.86394060
9.44563719
1.22721437
5.93977782
8.23535156
4.13248781
5.61718750
5.31818706
1.38526263
1.56705812
5.16829344
1.47526125
7.03544580
10.62581671
3.44921875
1.90917969
10.65625000
1.65429688
7.45703125
0.01779175
2.85742188
4.91389019
1.72868794
6.18180297
0.47005250
3.56285000
14.21093750
4.39827142
10.13053468
4.39388187
3.17545656
3.38476562
8.57421875
7.39453125
2.62109375
8.25878657
7.43359375
8.25390874
4.82153258
0.36279359
10.46875000
1.17871094
7.10740692
1.25763543
3.31464515
8.31738281
1.33691406
0.47338867
1.38183345
0.18310796
0.00972748
1.10699676
9.55647828
12.34016844
8.96451906
0.94628906
0.62190672
7.43750000
7.66829344
5.76106937
5.12109375
0.66455078
8.03906250
5.02538564
6.29492686
1.49316406
2.50000000
0.00062418
0.67041016
4.46836853
12.56673094
5.55729250
2.60156250
1.89355469
9.84285461
2.27237976
12.52050532
2.05371343
0.35969969
2.62736857
2.55306903
6.82648161
1.59962433
13.09342531
4.61275145
2.32975343
5.14453125
4.01171875
6.54454569
5.05079122
3.19335938
1.80902100
5.16406250
4.78515625
1.78808594
0.49829102
10.92794037
19.05371094
6.70971680
7.42252438
4.53483156
7.04329344
1.34798343
1.26269531
1.23510742
2.42187500
3.86189758
10.34464539
4.79687500
0.99316406
1.84960938
0.69580078
4.88983917
3.49609375
3.11412899
10.69596188
10.58707890
1.48779421
0.70515618
10.71989265
2.42977905
4.26953125
5.82617188
3.27734375
5.96679688
5.66406250
4.04687500
8.76562500
15.04687500
4.33203125
16.87500000
4.47523882
11.50718306
5.42789672
3.24282691
0.89958887
1.21321532
11.83170656
1.80468750
7.78433954
6.08675421
7.10066711
3.39640320
2.17578125
8.94173094
7.49722716
15.10905031
6.38541750
17.91316711
0.33756531
18.33072252
1.70443373
9.40625000
1.28906250
2.68750000
4.11328125
2.10156250
5.83203125
1.76269531
3.85531808
7.49968528
11.09375000
1.82714844
1.64811032
11.74381593
7.23014406
1.16894531
3.03710938
0.79052734
0.84667969
5.61881095
1.69954842
9.17187500
3.13867188
3.24023438
1.32128906
2.53808594
5.60449219
13.68391844
1.88541750
10.38281250
5.75976562
2.44531250
0.56152344
2.57241052
4.17465979
1.75976562
6.69677734
4.11035156
5.69205563
9.51497562
2.99055907
6.72233156
5.53125000
2.05273438
2.15039062
7.52755737
7.38313719
9.21875000
7.44531250
0.88004640
7.67968750
2.54382324
3.55273438
5.79296875
0.05123520
9.38281250
14.98046875
8.09439938
6.10176761
0.47338867
6.73046875
3.78710938
1.26757812
1.73819923
2.61213487
11.81592420
0.41031984
7.88313719
1.77425172
2.47444703
8.72721188
6.64288786
1.01303745
12.74576906
5.79117797
1.70589234
0.36596680
12.15270996
1.12402344
8.56086658
2.97233654
1.03515625
7.21906472
1.95281028
6.46484375
5.97867797
0.38435914
3.25943097
5.08448138
9.03254876
0.65381233
1.50195312
2.57796141
16.79595947
0.68473390
1.66113281
2.93359375
1.02929688
0.89904754
0.39270051
0.01213837
0.00707245
9.91406250
0.46606445
7.97265625
5.69921875
8.60960814
1.89615968
3.70853668
7.85021942
0.39900758
2.16864220
0.67254432
5.85156250
3.36132812
10.82812500
3.90893555
1.47753906
8.21287567
5.18946808
0.19702148
6.33268063
0.62972171
4.02082142
0.26409069
5.91015625
3.75000000
0.95869871
11.48795656
5.25390625
1.62597656
1.26562500
9.83593750
1.78125000
1.19628906
4.99218750
0.33065194
2.19091921
13.00781250
6.69954344
2.44498781
10.19531250
0.07415771
14.20099956
1.02946919
6.55468750
1.12109375
5.17578125
3.92984985
0.88879057
0.20678836
2.93945312
5.13281250
3.58203125
14.13142509
0.18937569
18.44563719
2.60709718
0.80045531
10.29866578
2.99609375
2.43359375
0.66740968
3.52539561
8.99641844
0.12491945
5.92789672
1.15706422
8.93456782
0.33188306
6.27896720
1.47526374
5.18359375
11.30110594
2.56770999
4.64453125
0.26769726
2.93294437
3.55859375
3.25224818
2.04980718
1.12825438
10.43326906
6.34375000
0.46411133
0.52351805
5.17155031
2.65820312
8.53906250
11.77766844
4.55826906
4.06250000
14.87041517
1.88639406
1.60058594
8.66406250
11.16308345
3.17871343
7.03413817
4.38248781
1.30175781
10.26562500
1.96777344
5.65657469
16.26204344
0.35042484
0.18291180
9.36653812
9.89843750
4.85156250
0.69059203
1.62288453
6.10937500
0.00733566
7.35969969
7.07780031
2.55859375
1.39257812
7.52929688
8.66406250
13.03125000
0.08227539
11.79230940
9.91227546
6.67773936
8.92968750
3.94140625
10.11718750
12.28320312
1.63574219
3.80468750
1.05566406
2.29101562
8.82031250
0.60742188
6.95524047
0.06636598
3.31835938
0.30981445
0.71777344
14.23860594
10.36490470
16.74934564
0.54101064
11.81478280
4.65592531
17.72836304
6.43586658
10.85742686
2.40461160
4.53842309
10.97656250
4.87890625
0.64160156
7.83203125
3.54492188
6.70312500
12.76127106
5.53169769
0.05764220
0.30281617
9.81673094
8.56021720
11.65625498
12.52408688
3.37825687
15.53125000
6.60937500
8.32193595
2.41455452
0.96272828
7.25781250
6.55891844
5.67155031
6.26529533
6.38900155
2.51757812
3.08626219
3.54459718
2.56640625
11.51627438
3.21419437
7.08788564
2.81250498
16.00683594
1.47786375
4.56608156
4.72656250
2.03906250
10.70312500
11.94352172
0.11775758
2.49609375
7.37075909
4.21908466
2.31054688
9.14485594
8.01139406
1.50000000
0.83324697
2.17204233
0.82063844
6.03125000
8.30273438
9.07633422
3.66390015
1.05468750
5.84016844
3.22037843
16.40087891
2.14648438
2.93945312
3.02343750
2.50618407
2.45312002
7.02116467
4.56250000
6.21850586
4.22004876
6.18229499
4.47265625
10.16048094
2.32245973
1.59082031
4.35546875
14.33593750
1.04492188
9.90625000
6.14029034
4.48861591
5.85806627
8.49740248
8.23176751
1.93260971
2.16960715
2.38281250
9.08658688
2.71256593
4.44302472
1.04883809
4.05078125
12.99348626
9.10807624
2.80859375
2.71252441
4.17187500
8.92968750
8.46223626
4.54590093
12.75602172
0.81982546
3.80664062
8.58007812
1.06559079
8.85091312
2.79980220
2.74707280
2.44531250
9.17187500
2.44269753
4.55961214
1.76624501
8.22069814
3.22298592
2.93912843
6.55859375
0.23596191
5.24609375
1.67773438
10.68163564
3.10775155
6.58951906
0.19653320
1.33886719
12.65625000
21.26513672
8.52929688
8.48502438
-0.01676266
7.71484375
1.81738281
4.44140625
2.65625000
2.11523438
1.27050781
4.31900876
8.60872562
8.21875000
10.88899657
9.64420656
4.37141844
4.37858156
5.91796875
3.29687500
6.72265625
2.43424313
2.65950687
7.35367797
1.32796265
12.34375000
7.20703125
2.15039062
11.79166002
1.28646498
19.23079344
4.35514406
9.11847629
9.04167996
3.04101562
6.01292886
13.79566489
3.82617188
3.46289062
2.25390625
1.67187500
3.82453347
13.03874778
1.61751219
8.50854243
3.84245124
2.66340814
13.69173094
6.94320077
8.47687722
12.81218528
3.41210938
2.10351562
4.99462891
3.88281250
0.85498047
12.81393052
1.09734153
11.56250000
5.55468750
16.79459220
1.97493905
7.26562500
7.71484375
14.03515625
5.45703125
1.70019531
4.37564938
5.23763187
4.64453125
2.98632812
17.08930676
3.81770999
1.08105469
11.87239251
5.15918218
1.06119875
4.62500000
5.03515625
4.89827017
1.21891733
6.90266844
8.03678468
6.70947266
5.05078125
6.33984375
2.07031250
3.22656250
2.24837157
4.01920656
2.34179688
9.61783688
2.16341312
12.96158688
5.35774158
4.48145279
8.82030253
3.53549091
4.30891844
2.95247562
1.30859375
2.12564938
3.10709469
12.99706782
1.48600842
2.36555907
1.61132812
16.04687500
1.57389406
6.42578125
1.25357907
8.65983156
5.38639406
3.90625000
4.84277344
8.07031250
3.10579344
3.14225343
5.01675643
4.21468888
2.56477782
1.52018312
2.59179688
2.89322252
6.58105718
2.53906250
0.63509530
1.53613281
4.26935395
14.25505762
1.34570562
6.35219194
2.36655806
6.73095703
4.37141844
2.58951906
8.63704344
2.20084718
9.25000000
10.46825798
1.51611702
6.23828125
8.67610594
2.07975343
0.23681641
15.53027344
15.70312500
9.53254876
4.51823249
6.54296875
6.21126219
7.28092531
14.25846188
3.21810062
0.82714844
7.37141844
6.26530031
3.02539062
8.94726562
6.22656250
6.19173094
5.61686281
8.00000000
9.53971188
0.85970218
1.64941406
6.60937500
5.18021388
2.06392675
1.81152344
19.98589233
5.37510583
7.28515625
2.85448970
11.88216312
5.08137190
3.14486591
13.57812500
15.69954344
4.76920656
0.59879391
3.60677249
11.16308594
2.38281250
8.24218750
4.52343750
0.74316406
16.96289062
5.89908688
5.80013187
3.71679688
2.90071532
2.05045656
7.97265625
7.47330563
5.99153812
0.00726318
1.99487305
4.85937500
2.76367188
8.84375000
7.69140625
8.81792538
3.18685062
11.70312500
8.15266844
2.99837157
2.31770999
0.80029297
7.19693595
4.39583749
8.61360594
1.84830812
5.80468750
11.63281250
2.97265625
5.61718750
0.48120117
12.55468750
2.12532469
0.13138918
0.24157715
4.40039062
4.99218750
7.41015625
1.27148438
0.76448485
4.25358156
3.92578125
9.96093750
12.69367908
1.28678967
2.76953125
2.90527095
0.09009038
3.68587157
6.03483156
3.51920407
4.97200687
8.51562500
3.32421875
11.54589096
3.17090591
0.16784668
0.91986084
0.94628906
5.58203125
0.32446289
7.02018063
7.33170656
0.79801515
2.09300995
2.27343750
7.64908688
0.93880374
6.28906250
10.68033688
3.23779421
0.54085328
10.34993157
12.87370124
4.00000000
6.64257812
9.30175532
2.47754155
1.34570312
10.51985594
10.20896942
1.58367464
2.71118164
8.85156250
2.97281860
1.24593140
7.63476064
9.55403812
3.83073249
1.41015625
7.91992188
0.40039062
8.26985594
9.37500000
0.08365968
5.35611813
5.40625000
7.71484375
4.82747562
1.73046875
5.60611813
6.17252438
3.24088874
18.47018858
0.59586672
7.01594969
2.03873781
4.37500000
5.34375000
6.70703125
0.75846188
3.17024657
5.78971188
0.72982186
1.26953125
5.43326657
10.96712406
2.60156250
2.15852782
6.51920656
12.75781250
0.24088500
1.98859722
0.51954122
13.35644531
6.09326172
14.30468750
0.28141235
3.87679078
4.89843750
1.14453125
10.56806406
0.39873282
1.49450684
4.28125000
3.12695312
11.67610594
9.89843750
4.54492188
9.13639406
0.49698852
1.32991578
11.08593750
7.00064938
8.51692376
2.75586436
10.22656250
0.45955321
1.58170656
8.60579344
9.70280031
13.63165116
1.63788009
9.55857381
5.23048869
1.53808594
9.16406250
4.69704178
3.59218307
1.71858765
5.78906250
2.94531250
10.48437500
0.53842765
1.39779061
6.14453125
1.58496094
4.18879876
11.93261968
2.70507812
1.49186281
10.34439938
4.29622562
4.07031250
0.37858758
5.54590093
10.15983156
1.56835938
16.09106383
5.57299867
6.18831173
5.15739140
13.66503657
1.28320562
9.21004211
0.48087586
5.15234375
1.68261719
5.41048094
2.65787843
6.96484375
7.26953125
7.11328125
13.89453125
2.28384392
1.60222296
9.60742188
11.73893312
14.97656250
1.27311032
7.68294437
5.81640625
0.43505859
9.16025389
7.42871343
1.63183594
1.56250000
11.26204344
5.95670656
4.39062500
9.10937500
4.42578125
13.85546875
8.50781250
4.23437500
3.11165282
1.46940187
5.01953125
16.54800034
1.93750000
9.83593750
3.52734375
8.93391844
6.48046875
1.65006593
9.41536126
11.43300587
1.23952349
7.89127438
1.91101230
3.84810394
7.90754876
10.89582648
4.30468750
7.57421875
12.67034575
3.64811281
12.53189938
9.19661624
10.54752438
3.37630374
2.81786736
0.45703499
8.56314938
1.80436281
2.93912843
8.42382812
4.48079344
6.63248781
1.77539062
7.11751219
2.53548094
0.87044437
5.71875000
1.67480469
14.10418701
9.12337157
5.73405031
3.62890625
6.88671875
9.12563941
7.66374778
3.01530031
8.38281250
9.37500000
0.02487183
5.89062500
5.30859375
3.55273438
19.51593972
4.24056405
4.29037123
1.43066406
4.87109375
2.79882812
0.99560547
6.69921875
10.47721188
1.82747562
3.31103516
3.56640625
4.22688719
5.72623781
7.33203125
6.78515625
8.41048094
8.78385500
3.48046875
6.25390625
8.73860594
10.71516844
8.36653812
12.44413083
2.82128657
1.60579842
2.56363766
2.13802249
9.02343750
16.90869141
3.29492188
0.53857422
10.45312500
2.26367188
14.48079344
5.15234375
3.21451906
5.81086658
1.64030529
2.53424154
2.31496010
5.24186281
7.01025266
0.32885867
13.69531250
6.50943844
5.97233156
7.07389406
17.29329344
10.69441711
1.02010195
1.91308594
3.81618240
1.08403965
2.72428967
6.88671875
5.70703125
5.94921875
7.79296875
4.20312500
9.07454344
4.17740719
5.92187500
10.80533688
4.86165780
2.71331787
1.65234375
0.64827391
4.01530031
10.74218750
8.48437500
2.12109375
6.08544548
3.18310921
4.15689938
9.74935062
5.08805297
5.55093861
7.21257092
13.86067376
2.06510749
2.92871094
1.61035156
6.58284422
1.50748781
8.28906250
1.53417969
4.60587399
3.99576906
1.26139406
11.51204344
1.48307375
3.11914062
3.72298094
0.63183469
0.26237187
2.59375000
15.74495360
6.13895722
1.66084746
1.46061281
6.18782469
12.12679078
13.86604610
3.84232823
3.35396332
8.34375000
5.74185284
3.44206560
6.68750000
1.33268312
1.35581371
4.29655031
9.75275488
8.05518450
17.88346188
14.68555186
1.49023438
4.16015625
11.41524256
3.02441655
3.12304688
3.29882812
1.72167969
5.46093750
0.96435547
7.38671875
11.53319814
13.75846188
4.50016733
0.40446171
12.14127438
9.48079344
3.01269780
5.16406250
5.58984375
4.19140625
7.85969969
7.42643063
3.12011968
1.48599845
1.97689217
5.80110594
0.32657961
7.22363032
6.11035405
3.75390625
5.03125000
8.52343750
7.02376219
3.54459718
3.18066157
6.62793218
6.48046875
12.95312500
6.81250000
12.16645138
6.74544437
1.77506344
4.63997562
19.31250000
11.59568398
4.47591312
10.58593750
9.04752438
4.27831782
5.46712655
0.50537109
8.28613032
0.75781499
6.59765625
1.77896097
1.63656637
2.17968750
4.20344969
5.32780031
1.82617188
12.42187500
7.61458001
5.30729499
8.10847961
1.15909851
0.19165039
3.91796875
0.75146484
5.40234375
7.96875000
5.28498892
1.92008920
7.53515625
4.86100094
3.03483156
7.23014406
5.44140625
2.69856439
7.40104499
1.49316406
3.63476562
2.99837157
9.44889406
3.34570312
2.83203125
0.94482422
7.43359375
7.37500000
6.50390625
5.82226562
14.43814938
5.34912234
0.58479859
3.20051575
7.30468750
4.66015625
13.48828125
11.20149158
5.10319592
14.97980940
1.12370622
5.12109375
10.37694814
0.81543467
13.24609375
3.50000000
5.88281250
1.49609375
6.99348626
0.99577155
7.11360594
0.69645265
3.27148438
11.88346188
7.29231937
1.24609375
2.91992188
8.17968750
0.64941406
4.77734375
10.18750000
9.72656250
2.02929688
4.88378657
5.42871343
0.95507812
3.86065658
8.22918717
4.78548094
1.40592531
4.96093750
6.35156250
10.78626941
13.90593029
2.01496814
5.00553967
7.96125970
19.93424811
4.74414062
8.14518063
9.36849124
5.23828125
2.41974582
2.98699246
12.11718750
4.44140625
5.01204344
9.18326906
1.41210938
5.58203125
8.29687500
20.84375000
1.17675781
11.13549306
3.94727061
14.70684814
1.20684903
5.53060062
0.75781250
9.37500000
4.04687500
8.06250000
0.02343750
6.18423316
1.31576684
1.08691406
0.64302457
0.15311800
2.18750000
19.54199219
5.02376219
3.06608156
5.85546875
0.00634384
7.38346188
14.19889406
9.32389406
8.18750000
4.71484375
3.78515625
5.49039672
3.14111204
1.70442874
1.16699219
5.64843750
2.68554688
3.65462157
5.29491938
5.90495124
2.68750000
3.67219969
4.78906250
6.42952017
0.56820201
10.00000000
4.07812500
11.43750000
0.96923828
1.62304688
9.73730469
3.59570312
6.52734375
5.76953125
10.52343750
1.04296875
6.12500000
3.47016900
0.67859319
1.72037843
3.66406250
5.03125000
7.57594803
1.35029950
8.98014406
2.57584718
1.61425781
9.65527344
1.76269531
6.22656250
10.51562500
0.36376953
2.50134028
6.84700687
6.25699953
4.46484375
1.32128906
1.99804688
16.91406250
6.31639275
2.04036624
2.40560062
0.35864258
4.20312500
5.05078125
1.37288079
9.38932624
1.23437500
9.41048094
1.68098875
5.90706546
8.47656250
3.93945312
12.22656250
1.62304688
4.20312500
3.26562500
0.41601562
7.68749003
5.86036153
1.66308345
1.36523687
4.87890625
1.37402344
5.57812500
9.85305023
24.15271997
0.62657690
1.25195312
2.18684065
1.88737810
8.79687500
7.92399047
2.33382203
2.15852782
8.98014406
0.35351562
1.42089844
15.05303309
11.47166539
0.30159547
11.24673316
1.56186059
0.55908203
5.36685284
12.29980718
8.81509752
8.97917996
7.98437500
0.21265500
4.49153812
1.93847656
7.69921875
4.07875943
5.86850620
0.17932129
1.58577142
1.17218972
1.83366965
11.53384752
1.21712904
10.94531250
4.79784409
6.16895279
1.16210938
7.11328125
6.62629876
0.72233405
2.01562500
10.01383422
4.36409547
1.50292969
2.50781250
5.21516844
1.54459718
2.31900876
6.24021942
2.12436557
8.35709469
5.24153812
5.69921875
4.93456782
12.27636968
6.35546875
20.86783688
1.96028812
0.66552734
20.89485594
4.02180907
11.84169681
3.83203125
0.22204590
5.06216534
3.52377216
1.84277344
9.61067376
4.29361315
0.86231466
8.84016844
3.15885500
5.66015625
4.76953125
10.80110594
0.38175539
1.56347656
12.31932846
4.19499279
13.09310062
6.66666002
2.76888685
3.07226562
9.65625000
1.63476562
4.01562500
0.00261116
7.64769635
9.56885638
2.34765625
0.95166016
9.28906250
1.81168578
1.88556364
3.37452792
0.44262695
6.30501219
4.80924562
0.94726562
3.74218750
0.76367188
7.17578125
6.75781250
9.95069343
2.65432763
0.24269607
0.25653092
2.21289062
14.54752438
12.34485289
2.97754155
8.40319824
15.98437500
2.95312500
2.68750000
1.97818844
1.32161624
4.31640625
7.12353391
1.41552859
3.80468750
14.91249510
1.72330812
4.58593750
2.73828125
7.79296875
4.35253657
7.46777593
3.78125000
5.80750526
0.26744591
3.51332974
2.82163120
6.62890625
9.42968750
10.63655267
3.02018561
1.10839844
7.86718750
4.62206782
3.04004155
2.56640625
5.98046875
4.17708001
6.25472296
0.89388062
0.88525391
6.03804442
5.33951906
4.90234375
1.49902344
6.46777344
1.40429688
7.26953125
8.51204344
11.62858156
5.87890625
3.61328125
4.49804688
6.89615470
1.86947030
1.89094969
3.82975343
4.93359375
1.03222407
3.48926030
0.92089844
12.12466534
2.04525653
2.25781250
3.36718750
9.47215426
5.26140528
5.56640625
6.03450687
3.48828125
9.19531250
4.00146484
6.74609375
1.61425781
6.78515625
9.24478502
1.55404310
8.84829566
3.49545434
2.41992188
6.61523438
3.41210938
1.39062500
0.70312500
4.29296875
9.57812500
9.74641844
2.68326906
1.10742188
3.47460938
2.68554688
4.53938719
3.81250000
5.83951906
6.35937002
2.58984873
10.79687500
5.86718750
1.65917969
12.88736439
7.50016733
0.98990968
8.42187500
2.06054688
0.46142578
5.68489251
5.49870124
1.54003906
5.95246565
1.57194841
1.13964844
5.01171875
3.89453125
8.21093750
5.65234375
4.16243407
17.85221188
6.99250222
2.11003933
1.98339844
6.41894282
7.47168218
7.59863032
2.33105718
7.85156250
1.10383782
0.53874030
1.55859375
5.26757812
7.20344969
15.54036126
6.63896003
2.54264406
7.64843750
0.88134766
8.17968750
0.76806641
7.84993407
5.61686281
3.35937500
2.18359375
3.28320312
8.53548094
11.57389406
3.68001219
12.44009752
5.39942154
2.14648438
8.56542221
2.48535904
4.28515625
7.03906250
14.72476424
7.56527482
4.74218750
0.45922852
1.74511719
1.26999752
7.58528812
3.19531250
11.80273438
2.25195312
7.11328125
8.89062500
8.04687500
0.08728027
5.50064938
7.39388187
2.91992188
14.48828125
12.65689938
7.33528812
3.52148438
4.29687500
4.50390625
5.33300532
4.14746343
1.12109375
2.97753906
4.52343750
13.02217484
9.03125000
15.09960938
5.67578125
2.19726562
3.82421875
0.10205078
4.99055408
2.82550754
3.54331338
0.77929688
9.25144284
12.10677249
2.95507812
3.01627438
9.63997562
5.72851064
1.82227061
10.20312500
0.01213074
9.44531250
3.96695922
1.46663453
14.36718750
1.68880125
5.26725343
5.15234375
0.94824219
14.25691711
7.00120057
0.92268797
2.00162843
6.15299313
9.90983156
3.98372064
9.52181405
5.26171875
15.19173094
5.39420656
2.78710938
5.31250000
2.97900391
5.34375000
2.94531250
18.83593750
1.42968750
0.09509277
5.42968750
6.87532469
8.82389406
5.12923094
7.56998781
0.76367188
4.77734375
0.94677734
2.86718750
11.00976064
5.68555186
1.44189453
14.69922851
0.80940797
8.19531250
6.89062500
0.76529782
3.18099124
2.42382812
3.34539991
9.19952197
1.16308594
6.00000000
11.22688719
2.33756593
6.78125000
3.77539062
7.56673094
9.12679078
0.48860719
5.83235594
5.84342531
0.48535156
9.04703236
3.37093639
3.21484375
5.36328125
3.91406250
2.73046875
1.89648438
0.54785156
5.26562500
5.58805297
0.30647828
2.72786375
3.43522218
10.14453125
2.33593750
10.17968750
4.72656250
11.33593750
2.03320312
11.36718750
8.16084909
9.59375000
0.17016602
5.43359375
8.48469969
1.76139406
1.44238281
2.83593750
11.82633422
10.22054078
12.88541501
5.37435062
4.90722407
1.46093999
3.52734375
13.66894282
2.95801030
13.64393249
6.97754654
0.10667845
4.10123781
2.11327876
1.15429937
5.02018063
2.30989749
8.38281250
2.49185783
16.79069343
3.18717531
4.99218750
9.16406250
6.59375000
4.04296875
6.13281250
1.56250000
7.64843750
2.03157469
6.02311281
0.73925283
2.87109873
0.83496094
7.89062500
9.10058594
7.86328125
1.48242188
1.65722656
3.71289062
7.44921875
5.33984375
1.99869127
9.56055186
9.35781009
4.50781250
0.69091797
7.52343750
5.92968750
7.58984375
6.15234375
2.91666501
0.34358890
6.93261719
4.58626219
6.12467531
1.41048094
4.40201906
4.49609375
18.37500000
3.08300034
2.12207779
2.85009641
4.52197141
3.20019780
6.40234375
7.95703125
6.45735594
2.41569093
8.03125000
4.16536126
7.18944814
10.47152482
2.01350953
8.21157829
4.45639046
6.51562500
11.87141844
3.51367188
3.73600343
1.96679688
4.10937500
1.60156250
9.34684079
30.63216312
13.42187500
2.66210938
11.17447252
3.80208998
1.75585938
5.33593750
1.44498283
4.10807624
10.50358156
4.70703125
13.45377438
4.03450687
1.08203125
13.23437500
4.08203125
8.07031250
2.64648438
11.28710938
16.82600828
10.61718750
2.07356189
3.02279310
7.80468750
0.99771969
9.47591312
3.82421875
1.16796875
6.49640847
3.43718528
1.86425781
5.50992797
4.39632203
4.34016844
3.48795656
2.74593016
9.88704344
3.91341312
7.35546875
0.49169922
8.29687500
0.43750000
3.77929688
9.67187500
2.77050532
2.19987062
6.48763187
10.16829344
9.19889406
6.03515625
2.92187002
10.84375498
3.61718750
4.17488586
0.88566101
9.63281250
0.79768797
1.34049562
2.13671875
1.99511719
8.00000000
6.98828125
1.93750000
8.04719969
10.11295656
6.01953125
4.30078125
12.00000000
4.03157469
9.11067376
1.70150155
2.11718750
6.98828125
16.15625000
8.34375000
4.98828125
7.38313719
5.93717531
2.92187500
1.85839844
4.69140625
6.90364251
4.75260749
6.85156250
3.36946532
10.82389406
2.94531250
9.67968750
3.63508533
2.00163342
3.00000000
8.68750000
14.55468750
1.18684813
0.77848390
9.43098626
4.63541999
2.30859375
1.96582031
4.63883422
5.22932984
7.60937500
0.98567625
1.80338625
4.40234375
5.92078651
0.56798302
3.10156250
3.28320312
1.24834105
3.94889406
1.99055907
2.90787843
11.52734375
12.64664547
3.48241191
1.88021996
4.30859375
4.25390625
0.31567383
13.71875000
16.93391844
3.44409242
2.08292664
12.01399657
2.57780031
9.89908688
1.15267093
3.27929688
6.95312500
2.20149657
14.38496094
0.39987061
1.41965675
2.46679688
3.22363032
2.97754155
12.09375000
4.57421875
1.06054688
13.78971188
12.69238032
1.65072030
1.92578125
7.86132812
5.93456782
6.35026125
2.59310062
7.75390625
1.52734375
5.51236813
3.72609975
0.85091810
5.47656250
4.18750000
7.31640625
0.05819702
9.42626763
1.43132590
13.97407298
5.06235261
10.20312500
0.20971680
1.27913328
5.42155031
4.95703125
10.30891844
8.08170656
11.40266844
6.38671875
1.97428468
1.76074219
6.24152815
1.04265154
10.89311790
4.36392565
3.05404310
0.23498535
11.16145750
1.85123781
1.84960938
3.78906250
10.82812500
3.05423981
0.15657562
5.75390625
6.33984375
11.62336658
3.45117686
5.70377438
6.26074468
6.82031250
1.14843750
1.64257812
5.37207031
2.00781250
5.51562500
1.08593750
6.31282469
3.13834718
2.96679688
0.63037109
5.29296875
2.80859375
0.86946532
5.06217531
1.11864985
1.52734624
7.02734375
5.10367797
8.70491578
6.27620235
1.82291874
2.02929688
2.98632812
6.22688719
1.19303468
8.14062500
0.11816406
0.00189590
0.92407227
4.95165891
1.11279421
9.78548094
1.42057375
2.20544434
0.56787109
4.91796875
6.67251253
3.81054688
9.93879876
1.36393561
11.27634974
8.72853058
3.47133755
2.86980994
1.51334718
0.27832031
7.53906250
1.56933594
13.33984375
9.97070312
5.36783688
8.43196532
1.90136968
1.55371094
4.26171875
20.34225082
4.16188553
0.28147385
9.33299535
7.84278590
3.52148438
4.31250000
10.53906250
8.51431627
2.90788342
8.76562500
2.13639406
2.11132812
1.88378906
6.08853502
14.68490248
7.27734375
1.67187500
5.49218750
0.76904297
5.32161126
6.49186281
0.30224859
5.92561766
20.36848626
2.41634530
8.14168274
5.71964539
0.52734375
5.87391151
1.32172568
5.69889406
0.85791016
4.74609375
7.02766844
7.34830812
4.05859375
3.05965149
0.67748961
1.58951906
7.75345856
0.35404387
8.01139406
3.25781250
2.13671875
4.36718750
2.37477615
0.41241377
9.38639406
3.46907469
7.87858156
0.02976990
6.37923094
3.71647218
9.03125000
7.21484375
1.68066406
7.44531250
0.20336914
2.35156250
6.57031250
6.02343750
4.84765625
2.77734375
5.28906250
8.41048094
4.71875000
7.58951906
5.09179688
4.96126219
0.88688234
3.08789062
6.64876219
14.90786348
3.74415558
4.38281250
1.65722656
0.16101074
9.23437500
15.82812500
4.40926086
2.29972351
5.02212379
2.75717309
5.71484375
6.32812500
11.53189938
3.20963376
9.72168218
2.42431641
5.39420656
4.83984375
0.54557126
9.84310062
2.53906250
12.12923094
13.39420656
12.61360594
7.37858156
1.32421875
15.12109375
2.61914062
2.60156250
9.73502438
3.80305907
5.19139628
6.20606715
4.81640625
8.34765625
1.85644531
1.27832031
7.23046875
0.43920898
8.61718750
6.76953125
3.15332031
13.98535156
5.80078125
0.48291016
0.87207031
9.05135070
13.05199884
10.04557624
1.61490719
3.31575687
3.91664549
1.90657469
5.32747562
2.77864251
1.97135749
5.65429189
2.84244626
5.10677748
2.86523438
7.85188719
12.87401596
4.59278091
2.95670656
5.01562500
10.22477172
0.95784547
12.81673094
1.57975343
7.71093750
10.39550532
1.30176030
4.74804688
7.62109375
1.84863281
0.23229980
4.41015625
1.93554688
1.20898188
9.13118656
3.15397218
5.03971188
7.29622562
2.12304688
6.93359375
15.57942376
4.30729499
2.01367188
5.68912345
1.67415780
3.16796875
4.21875000
0.13610840
1.01562500
9.33007812
1.00374266
4.85514406
1.05175532
5.65136968
5.85546875
7.28189938
4.48372562
10.16177970
3.61556405
2.10546875
2.72688221
2.79460217
2.29296875
2.40266844
3.54264406
1.63671875
4.06867908
0.73893811
0.97656250
5.69140625
3.29085203
2.00748781
6.11002438
7.22591312
4.91796875
1.45507812
1.29296875
0.75846188
3.87825687
0.15881348
1.78673216
1.33365968
4.80468750
4.85937500
7.00390625
8.29133533
3.20475842
12.29654034
1.43783466
6.31036459
13.16229166
1.24544188
1.15006593
8.01562500
5.87923094
5.44498781
0.91308594
6.02343750
8.71785461
0.05692566
6.07812500
2.27343750
3.57617188
4.73828125
0.95930907
4.35514406
5.89615470
1.49935311
10.35709220
5.90462655
1.12597656
8.70352837
1.49096991
1.69515015
3.14647939
4.96680186
9.45312500
1.53710938
8.79687500
1.53417969
6.88671875
7.43750000
19.20826054
1.19856688
3.25096909
2.26042497
8.47298094
2.01139406
9.82519282
3.31102145
11.63234042
2.35937500
0.66259766
7.16796875
13.24641844
3.50162843
12.85968972
7.86556654
10.85807624
11.45491578
0.35603883
9.53125000
3.58789062
0.94531250
16.56673094
12.64420656
5.55468750
6.57812500
2.06412594
4.39388187
10.85221188
4.98763187
2.37597407
4.41308843
7.99251219
0.62076906
5.02408688
5.09310062
4.94464318
5.51238807
7.50000000
3.55078125
8.30468750
24.20585994
3.17172761
0.71225620
7.04605954
18.86702640
5.49218750
2.25195312
1.17903563
9.42968750
7.71273804
13.33170656
3.40641235
1.34358765
3.54687500
1.83528563
4.44498781
4.03515625
2.08984375
5.35546875
8.48144282
2.34668218
1.33496094
8.33593750
9.57698360
5.44061393
0.84568372
0.54779560
2.08452862
0.67057126
9.35872562
2.92187500
10.39843750
2.99218750
2.86799923
2.03043827
4.97298094
3.44563221
2.38607435
16.62890625
1.48925781
3.80696532
0.14542726
9.66406250
4.98437500
13.44531250
4.79687500
2.68750000
2.25976562
6.36914062
3.53710938
14.23437500
0.52490234
10.60221188
0.95247562
1.04101562
8.03042332
5.79379543
1.48632812
12.73828125
7.75390625
11.78816711
0.18982697
5.15323665
0.00000000
12.08593750
0.00543976
1.79891495
3.85525986
11.47298094
7.62858156
7.00000000
5.98437500
0.29711914
4.20280890
1.56769891
2.65429688
3.51171875
8.32812500
4.69531250
14.58398438
1.42675781
4.30078125
6.36328125
3.39257812
3.94726562
4.38883422
5.18147828
1.28808594
4.82714096
12.92936779
6.71240359
11.13460328
2.36328125
2.79101562
0.53417969
2.98665282
1.52408937
4.69399879
2.16732934
10.32031250
2.61914062
10.53906250
3.41210938
9.65754876
8.10807624
1.35644531
10.80468750
1.98925781
8.12141844
1.35416750
4.59390238
6.68930075
2.26171875
7.58984375
0.02923584
6.48828125
8.21875000
6.54296875
2.87402095
2.52246343
10.60156250
15.81107045
0.95785045
9.01822751
2.94270999
13.39257812
5.44563719
11.48795656
9.39062500
1.84179688
3.47070312
14.59630764
0.82166111
2.10107422
9.53189938
21.43131593
5.49218750
4.83561281
1.28906250
3.89062500
13.38182846
2.02083998
3.26920656
7.66015625
9.14322252
2.69076185
1.37988281
5.39941406
5.78938719
1.49088625
2.90820312
3.11946532
15.35122784
6.13770279
6.72168218
8.36100094
2.24544437
11.38704344
9.89908688
4.27636968
7.90625000
1.93261719
2.91406250
16.14697266
3.35937500
11.14892578
1.12141844
7.29972414
0.98388672
8.25683594
1.87845856
0.79439301
9.70760345
3.36718750
2.77734375
7.16796875
4.66796875
8.88883422
5.24788453
4.82812500
9.52652704
1.78987921
3.49023438
1.52880859
3.28320312
2.30273438
7.98028148
2.37909352
0.16760254
0.95353024
2.06185062
13.61134338
2.10156250
2.24414062
8.58593750
10.06250000
9.25633644
2.97714317
5.54386414
10.33056516
9.60335328
6.18717531
0.61962891
5.19140625
1.02636719
2.41275876
7.40983156
4.67187500
0.65153078
2.35156250
8.11718750
6.30110594
4.04947751
1.48177249
3.29655031
6.01171875
7.67024158
4.48210217
1.65222168
9.95068359
6.58984375
7.98046875
10.00565271
1.91426917
17.29897881
0.82617188
7.22313830
0.71826795
1.95978862
5.34978169
0.84814453
3.06526360
7.10058843
10.60514406
2.97633865
0.31418869
7.61328125
4.61360594
3.08756593
7.45768063
3.45833499
0.89257812
0.94270501
5.61979499
1.57910156
1.34098017
1.52816046
6.67187500
1.00488281
1.90039062
7.78861481
1.20161957
9.42968750
5.03824579
0.99886358
2.98339595
3.19238530
9.18750000
8.04784907
4.75683843
1.55957031
20.26367188
10.59356689
1.99511719
12.25195312
3.40625000
12.39973626
4.29948249
1.12207031
4.06852172
0.87972047
1.61621094
6.00813719
2.33365968
5.35937500
7.42610594
2.35905031
5.80924313
3.61263187
1.60937500
3.37988032
1.77051030
5.51774047
2.01936641
10.06543218
7.09602283
6.97819592
0.32080078
13.15607270
5.92205230
5.21704102
0.95800781
3.80468750
1.39518063
6.40950687
0.37866211
7.26269282
2.66894780
3.45670158
13.29134530
7.05468750
2.11914062
2.51512550
9.06820700
6.54264406
2.35937500
14.13281250
1.89062500
2.22460938
0.00485992
4.13631102
14.50358156
0.53613281
4.66177970
7.70540780
1.94726562
6.41406250
9.04280142
6.97672983
1.20996094
1.51985594
6.07649158
9.37240248
0.72509766
9.38281250
0.67041016
2.00575682
1.54655031
9.90266844
0.91080812
3.84375000
0.06167603
9.34179688
2.28320312
4.86718750
3.33007812
1.89355469
0.74804688
4.12890625
9.27343750
0.82910156
5.04687500
5.83658688
2.36804355
0.46114105
4.46175047
10.59016844
0.68489749
2.11132812
0.98828125
4.01790282
5.54410392
1.52148936
5.72940915
7.37825687
13.52766844
5.12076906
0.90966797
6.37890625
2.02229735
2.10709718
4.50736481
3.59842864
6.21451906
12.88281250
7.26953125
4.82332336
10.40714539
2.76432126
9.98274158
1.98535904
6.97688719
2.02506593
11.64062500
0.25878906
1.74707031
9.68750000
5.55078125
8.86718750
4.15234375
8.26562500
2.16992188
6.71875000
3.01463847
2.59571309
1.46899414
9.03906250
2.76953125
8.07812500
6.98046875
11.21353502
3.74349623
14.86718750
9.71093750
4.59195922
0.48993896
12.77343750
5.49186281
10.07031250
1.38183594
2.51724097
4.99936059
7.01562500
0.47485352
2.42578125
2.98307126
6.66796875
3.37239749
0.31762695
6.25699704
2.13802249
7.54687500
1.89746094
8.64843750
5.13671875
7.77734375
4.95312500
1.08358531
1.91797872
8.94531250
1.66992188
1.45410156
5.80078125
4.54459220
0.96614999
12.30664062
8.04557126
2.96224124
2.85742188
1.93762051
0.16565097
3.32616689
7.93555186
4.42871094
4.63281250
11.74641844
1.36198000
7.44921875
3.69140625
6.09845302
2.24920323
1.46256344
2.46614749
13.39908688
3.80045656
2.59733156
5.80859375
10.93033688
8.57747562
8.35937500
2.57812500
5.24324524
5.92211603
7.80176030
2.67350343
3.05725098
5.28580563
0.34603031
8.06509752
0.86361342
5.27343750
3.37500000
10.72656250
3.61098350
7.11362588
6.83593750
0.83837891
1.88476562
4.70703125
5.91015625
0.63932126
0.15486820
3.55655758
19.25748781
6.76530031
2.39257812
5.76953125
16.80065918
5.37257811
4.98307375
2.45898438
8.78125000
0.77636719
0.71907469
5.53938719
1.83919437
5.67187500
2.57063719
10.35937500
3.07389406
5.60579344
6.27343750
2.73014406
0.77001953
12.48388672
7.72656250
9.24552305
1.54939882
0.70361328
7.55976618
7.12271720
3.95443373
0.92138672
11.87141844
5.87858156
18.75265938
1.76125664
7.07812500
13.11648735
5.86007515
0.68115234
1.69335938
1.31835938
1.25488281
9.03189938
5.01888187
1.16796377
4.13867686
4.34375000
4.85156250
0.55029297
4.71484375
0.26961149
1.02445589
9.29589844
1.31250000
5.80078125
1.45084469
16.21516844
2.27636968
0.19478270
1.67643312
11.46484375
3.36165282
1.24674562
1.88183594
10.71516844
2.92740968
2.93969727
1.49902344
2.61002438
18.63216312
0.81201172
0.44148680
9.25944093
0.71337891
9.24218750
3.18750000
3.60383533
13.39973626
13.68734638
3.10139891
1.13834718
6.51562500
1.94531250
0.18530273
1.65848629
3.90560062
6.69628657
16.87011968
7.66015625
2.27734375
4.08984375
0.52685298
5.20247562
4.55826906
10.76562500
1.70605469
5.44465315
3.79362810
2.93359375
8.56053192
2.33595245
5.28157469
2.66764406
2.22070312
10.44352172
2.49397828
4.60937500
2.39062500
3.41025709
0.53993822
3.18977782
4.75813719
4.43717531
8.79264406
3.92984860
2.77864749
6.11360594
12.84863032
6.62671210
3.84073914
3.06054688
5.05078125
9.34439938
0.81233890
4.78613281
14.16015625
8.40625000
4.27376219
3.11295656
6.02539062
11.96093750
7.54296875
5.60546875
4.10937500
5.17578125
14.51952128
2.87891622
2.96402953
3.58040157
3.15527593
5.12109375
4.66633533
6.61100842
9.78906250
7.35937500
1.54947751
2.75911624
0.85498047
4.06738281
6.69921875
4.13313719
1.73405031
4.19531250
4.98860594
7.83854250
8.56673094
3.37858156
10.59375000
16.20507314
3.38672373
6.33789062
4.14094969
5.94173094
1.60579593
3.63167235
2.34342531
4.16048094
11.35514406
3.45117188
7.21516844
6.97623781
8.87320922
0.75179078
11.63281250
1.98925781
2.79230940
2.49284685
5.85742188
6.89558836
3.25781250
9.89420656
9.27343750
4.37109375
4.67578125
5.57421875
2.20262176
0.68751495
12.11718750
3.26562500
5.21875000
17.29329344
3.54557375
5.53971188
2.43522218
3.32194093
5.11360594
1.89323000
4.73046875
1.91503906
3.30273438
7.24609375
2.17569821
3.96842531
1.22916750
2.33203125
6.83203125
3.68261470
4.32747064
0.42155529
5.84586547
5.49788453
10.38411126
4.74780585
0.51310242
6.42610594
1.49772218
6.73046875
1.59472656
3.12304688
15.20312500
3.16992188
1.35432735
1.30224734
7.89453125
2.81217531
2.84179688
5.89941157
7.34310062
3.88248781
7.90625000
7.43750000
10.23144282
2.07324468
0.44897461
5.45572751
3.36686281
2.04459718
9.48437500
1.94563719
5.07389406
9.67187500
6.04296875
0.36889648
6.59830563
3.86653812
6.26562500
10.04329344
3.34537843
8.27343750
1.49589715
22.54166999
2.38476562
16.82031250
7.02636719
6.25390625
4.43359375
0.74169922
9.23437500
1.44824219
0.54687500
1.15539551
0.76562500
0.95654297
4.41406250
2.83105220
9.46028812
5.85514406
10.84439938
17.49414062
0.90267093
4.90625000
9.77343750
4.75781250
3.08203125
6.92610594
17.18522218
0.81103516
9.18033688
3.59505374
1.63931627
2.69076185
4.08593750
9.65625000
15.95377438
6.58138187
2.48242188
4.79687500
0.39827391
6.69319703
0.53255250
8.42610594
3.77050532
2.22331061
0.99804688
9.25488281
9.91894531
5.66796875
2.88867188
2.46484375
9.74218750
12.88541002
0.83431654
0.03649902
1.04996579
2.99544437
17.22688719
5.44498781
0.85514157
7.27669437
3.39257812
9.73079344
6.81819703
0.26521851
14.67740470
6.43978280
3.14648438
16.56037456
6.36336990
24.77938054
5.54492188
1.14746094
14.12500000
4.30566157
15.79004155
4.55452142
1.60612311
5.83203125
2.59993407
0.58667054
1.30200133
7.59733156
3.95703125
0.83349609
9.42968750
0.46362305
2.65380859
15.75781250
11.30110594
8.97428468
11.55110594
1.15983156
10.44531250
0.37166258
8.48795656
11.74218750
15.04022217
3.09179688
2.04687500
13.73434111
3.95571754
6.25294215
9.32031250
5.41048094
6.53188941
0.72950465
0.72005125
8.84688386
0.70503754
2.60774657
3.32226562
4.06608156
11.71093750
4.25000000
7.29133533
4.83366467
3.08235594
3.62760500
7.46777344
6.47851562
3.61197751
5.74153812
6.93814938
4.02490359
1.68343140
7.78384752
2.95052748
1.74446532
6.52113476
2.07619680
5.44954344
4.81608156
2.56640625
8.79687500
1.95410156
1.55371094
3.72806793
1.61063193
1.33325631
0.87540711
8.58789062
1.89406829
6.65219636
4.95312500
5.41015625
8.67610594
3.44596188
12.63484929
12.69932223
0.71972656
10.72686768
1.78808594
11.01204344
7.72233156
5.15787345
5.42902815
11.76094775
0.10759499
1.64954553
2.95052249
4.85872562
0.28540039
1.99511719
3.64062500
4.47948471
2.12207779
9.02148438
5.68750000
2.08007812
2.04687500
5.75000000
4.05761719
3.96484375
2.66601562
2.93391844
17.22233156
9.98437500
0.98828125
6.64485594
1.21940187
10.11718750
2.79296875
16.01562500
4.14062500
6.50390625
6.09765625
13.80833777
0.51881067
11.78752021
6.36859485
1.59082031
2.25976562
8.76562500
5.42968750
6.62597407
10.60091312
1.01627687
0.69580078
4.20703125
1.95694821
7.90820312
6.24869127
11.31706560
7.58984375
2.52571033
2.93913342
4.02376219
7.31390459
1.54026291
0.74374390
0.45751953
5.82454344
3.07780031
0.41210938
2.73242188
1.55289672
0.44901239
0.23893561
5.57844969
13.47611325
3.14551030
0.39965820
1.77130127
2.90852782
8.76139406
1.43847656
2.17594360
0.52628415
1.20328984
6.85937500
3.14648438
7.39843750
7.25781250
3.92984985
9.88265015
0.71484375
8.13281250
1.00195312
1.57324219
9.46516844
1.25960203
2.81185062
1.24707031
4.02343750
0.71240234
15.11718750
7.75000000
0.65869141
1.94400876
11.18327148
5.44921875
1.24121094
4.53906250
1.08105469
0.92480469
0.96728516
7.10546875
9.23437500
0.55061766
13.22054078
1.81697633
0.43994141
8.70312500
5.30078125
1.74511719
4.66747673
0.91455452
3.65820312
3.57714595
5.10840093
9.05468750
0.69189453
12.59960938
6.04198720
2.84570811
19.90356383
5.75268617
2.91015625
1.42187500
1.82486813
2.99544437
2.16812860
1.90640113
5.99236480
0.39916992
5.57031250
0.18530273
10.05891844
0.52360109
0.07580566
2.23319333
9.74153812
4.53938719
2.08756593
3.08886719
1.54980469
1.41341063
16.97233156
7.02734375
0.97412109
2.83398438
0.69547360
8.21028812
4.88671875
5.84375000
0.46142578
7.66406250
2.34862783
7.79492686
7.37205785
6.31153590
0.70458984
4.48046875
6.36328125
5.98437500
10.15625000
5.21093750
7.48347961
2.07810486
0.14770508
0.00436020
1.32738759
3.28743905
7.83170656
3.48632812
8.64843750
3.36132812
11.26464844
15.73437500
6.66796875
11.32454344
9.44889406
2.80273438
7.17773438
0.20874023
1.03515625
10.11392066
7.06576684
5.85937500
5.35156250
3.67382812
4.55208001
5.86588874
1.31738281
3.44335938
1.87500000
0.24816895
8.49885735
5.22526374
3.33398438
2.44921875
0.62052243
6.94108156
5.29655031
5.98565658
0.29193131
5.06640625
3.48046875
1.29101562
4.71093750
2.62532469
1.75944093
7.50781250
1.44759032
6.17545656
10.79687500
0.75789056
1.36100593
1.80468750
9.55956533
3.29687998
21.86065658
3.75262467
0.58984375
4.78125000
0.39998289
4.83951906
4.08984375
5.51562500
4.93814938
1.29329593
1.15697245
0.40430684
0.67285156
16.22298094
4.55711271
8.04217198
2.47525876
3.35091312
8.03906250
3.13899657
3.60611813
2.87402593
10.73437500
2.36718750
1.05468750
13.01904297
3.53710938
3.51171875
1.96386719
5.91796875
6.68750000
8.20312500
2.00390625
1.26562500
9.19173094
8.70670656
3.40527344
0.73828125
3.03727172
1.72347047
0.76871703
2.63028930
4.38248781
2.76562500
3.15797928
0.34498944
6.41731937
12.76985594
6.61686281
4.24609375
8.72070312
2.37207031
6.10156250
28.72070312
2.09375000
3.22901242
0.00000000
14.56135860
5.21720523
0.91186586
2.68196532
6.62890625
3.40592531
8.89062500
0.10839844
2.42773438
3.78710938
1.28433829
2.27767342
7.93359375
17.37320922
3.84043481
5.27734375
3.13281250
6.84765625
6.26562500
3.18945312
0.00605011
0.65673828
10.56250000
4.33894836
1.91399440
2.01140901
3.39192874
5.37500000
1.41308594
1.74414062
10.38281250
0.93542387
1.12707613
2.44921875
1.71158688
-0.02530758
1.75488281
1.91210938
1.63574219
8.04719969
2.78287843
6.30728502
2.26302748
2.56054688
3.69140625
15.67578125
7.50000000
3.32875943
0.08758089
3.11295656
1.67752926
4.83919437
7.64062500
0.16052246
0.52490234
4.50423094
8.86295656
19.60793143
2.81282967
1.81445312
1.85644531
15.01204344
9.15201906
4.37500000
2.76757812
3.98437500
8.64062500
10.48437500
3.88509032
5.99186281
2.56250000
8.60832640
10.54405294
1.10698956
0.58984375
5.77734375
2.36653314
6.61198249
7.08984375
5.73030142
7.49566731
2.50683843
5.03677970
2.58382577
2.23242188
8.64062500
8.67968750
5.33984375
11.70312500
1.86230469
0.68896484
5.62500000
16.14127438
39.83162601
3.29134032
1.06119875
5.85156250
0.05139160
0.96435547
7.14485594
6.91373781
6.16015625
3.14941406
2.68164062
3.07617188
0.28246946
0.59863406
6.54687500
4.24609375
0.85652649
4.70825133
1.50846437
1.83691157
2.39160405
3.29101562
0.25022213
0.81770999
2.29296875
0.50056883
5.81998781
7.38671875
5.82812500
8.54687500
6.79003906
0.85888672
4.16796875
15.14094969
3.44694093
4.43750000
3.00000000
1.92871094
0.62255859
5.92317376
1.85221686
5.89127438
9.23372562
3.97265625
4.26716977
2.58048648
0.00195312
0.61376953
5.08203125
3.90820312
5.81640625
0.59667969
3.06090546
5.05859375
7.50813719
1.45670656
2.87304688
6.96516844
7.98616578
1.70637315
9.55567154
2.40234375
17.79424757
13.53420212
5.05045656
1.05468750
3.69759032
2.01725343
5.60937500
2.10742188
0.38720703
17.82454344
14.77897218
2.12352643
0.86377825
4.79296875
2.84765625
6.42578125
5.17968750
0.00380325
18.12141844
4.77343750
2.71092255
2.58758089
3.12500000
8.02832031
6.81347407
5.35937500
1.60058843
1.57617188
4.11328125
7.65234375
8.20735594
7.55826906
3.95312500
11.35937500
0.19494629
1.72762024
0.22440613
2.33203125
0.01207733
0.86015320
5.42578125
3.99804688
4.95312500
9.99218750
1.51464844
4.03125000
7.05110594
4.00065187
2.01562500
10.09179688
6.87532469
12.74641844
1.95833499
1.58593750
0.01498413
7.86783688
1.98958499
4.23046875
1.03808594
0.01469421
4.24218750
3.80468750
11.66242908
1.37272717
1.73730469
2.75024414
1.84667969
6.38671875
2.08593750
8.96516844
2.83756593
9.57355940
7.33269060
3.55273438
7.00390625
1.82552000
10.07389406
1.04772700
4.45996343
7.67187500
0.19055176
1.24804688
1.93750000
5.45703125
5.21484375
0.57763672
3.80126953
6.77766844
2.81217531
3.60156250
10.50781250
5.48860594
0.81315187
6.38671875
1.08593750
2.40820312
9.68391844
0.56168703
1.38378906
3.64179993
5.79296875
1.43554688
12.90625000
19.95816128
1.73177249
5.62890625
10.26367188
6.97656250
1.61132812
7.12812981
8.11928314
5.33033909
11.62435062
13.22656250
1.04199219
0.79589844
1.31445312
1.28906250
0.06109619
7.67187500
6.62109375
0.38330078
2.85594332
8.96181510
1.96323027
3.69954344
1.01464844
2.34928468
10.19173094
1.85123781
10.17968750
4.86718750
5.06640625
0.23368316
3.93347075
3.09169078
2.74774711
1.54394531
0.89127563
0.84456422
2.90820312
10.54524158
1.03678967
0.98339345
6.88477061
3.78948975
3.45703125
0.14746094
5.72704580
4.14258311
5.85423748
10.63834220
3.41960217
7.51041002
9.92708998
8.63704344
3.15397218
3.60156250
3.36132812
4.72656250
2.71679688
1.73206085
0.46575409
5.05337877
9.68099623
5.36718750
0.91308594
2.91992188
5.22265625
6.56640625
18.99641844
4.62141844
7.16829593
0.98632812
3.23242188
11.57161126
5.25651374
0.08271224
0.00697892
1.77609767
9.43261968
5.40136719
4.69205563
12.53526732
9.60872562
5.25553468
1.50781250
1.40917969
6.94140625
7.71004211
1.06339539
5.01171875
13.75129876
1.98893561
2.36523438
3.29833984
3.59765625
3.35025876
2.30403812
3.11132812
1.88216063
3.53361086
10.22477172
4.43538453
8.34798094
12.64966246
2.09797097
6.72559840
0.91520016
3.40950687
0.65771484
8.52766844
4.33543053
2.79119791
6.64843750
3.51171875
1.11816406
6.27766844
4.11686281
0.32295653
2.75162843
11.14583001
1.80143561
3.15039062
8.32812500
8.96875000
5.46549313
0.37728031
3.61588376
3.73388796
0.32234742
2.50976562
2.42048499
1.25912621
9.41406250
6.83984375
5.31640625
4.07421875
6.62141844
2.89615968
11.16406250
1.61425781
2.42773438
6.71484375
8.53125000
1.41503906
1.89453125
6.81250000
4.45312500
5.63671875
0.05392440
1.73805429
5.27604499
0.73632812
4.32031250
9.37500000
14.12500000
7.23437500
1.44433594
3.12500000
7.08495346
0.73145279
8.48079344
1.03776125
3.91992188
2.95702876
7.55761968
8.01562500
5.17008422
0.62776734
0.79833984
21.97656250
15.88964550
14.51148136
2.70703125
6.37500000
3.79882812
6.01171875
1.01163072
3.15951185
7.73077350
6.09376994
2.67155031
1.55566406
6.70914547
8.46810062
0.72021484
2.38704344
1.12467531
7.50000000
0.00269890
16.54687500
9.09798094
4.66373781
1.61328125
9.52929688
2.74414062
7.75455563
3.29427249
3.33677139
0.41982041
5.82242797
0.07405640
0.19763184
6.68789839
2.42733100
0.64355967
8.70312500
2.96777095
2.97558843
1.62988281
11.42154034
9.45345966
2.43035889
8.21191157
5.64170060
1.26748158
13.17765071
6.15828679
4.60546875
4.54687500
4.91959220
3.31575687
9.67203859
1.83528812
4.14062500
2.70898438
1.35058594
4.37141844
4.38248781
3.77026367
8.48437500
1.71289062
10.90006469
2.56158405
0.84328290
0.02342224
0.33801270
10.37629378
4.09831560
8.14062500
12.06379876
6.04752936
5.62532469
1.10416750
4.35156250
6.24609375
1.62760251
3.96028812
9.38508907
4.30973515
9.85864196
2.51049867
6.38816452
1.85546875
1.65917969
3.48046875
12.38832694
4.40462655
1.77001953
8.28792110
4.22379267
1.67578623
0.78507798
0.60856826
3.95261055
3.94485039
1.59732907
2.88476562
5.67951020
2.49562167
1.18717282
1.90755374
3.76953125
3.94531250
3.10286126
4.21175421
1.71077515
6.35188719
2.72037843
1.18001219
0.37980226
2.34844971
2.38476562
7.66015625
1.28417969
2.82226562
3.61604610
0.80289921
4.61230469
3.11718750
20.65722656
1.15559813
2.38444093
1.69921875
3.42968750
2.92252438
5.81966312
3.92578125
4.12500000
5.53125000
8.50781250
8.94531250
0.33520508
2.60839844
11.54684830
1.91015625
4.10156250
0.05441284
6.10156250
4.88866689
1.72070811
4.76171875
2.72851562
0.82844969
4.42285156
2.01530031
8.30956782
2.86653812
2.63639406
1.30957031
0.58743276
4.37394725
5.07031250
4.87109375
3.23160854
0.16373906
6.69596188
0.61263187
2.71667480
10.29687500
1.40429688
1.29785156
8.33593750
8.82031250
7.44124266
7.67936281
5.31884766
1.61621094
3.72908680
5.62825687
0.73860594
0.71158937
5.75781250
6.10937500
7.86816157
3.48926030
2.75195312
5.25390625
5.43782469
1.04597400
4.72396498
16.38140869
2.95507812
1.29101562
7.48893063
3.43131095
2.95085217
4.53025599
1.84474401
6.53189938
1.42317874
2.80118649
6.17122562
0.51953125
3.51171875
5.80078125
1.77407816
0.95297262
8.66406250
6.33984375
1.27254211
2.84464539
5.08739362
4.22510638
1.06347656
0.57080078
5.98079344
1.78190187
1.29199219
6.71093750
0.84765625
1.22263424
1.97200687
7.24609375
0.86061600
0.71995041
1.16674805
1.81933594
4.41080563
2.05967365
1.01682541
0.62988281
0.05816650
0.18835537
7.15169437
0.74300047
1.26334718
1.35839844
1.83691406
8.76562500
0.18933105
4.01562500
0.15209961
9.06250000
1.45996094
8.60156250
18.38704344
5.84407469
13.10480940
4.43750997
0.39941406
9.42886082
10.42969872
3.51888187
13.96516844
1.97864532
7.39420656
7.40087766
2.63818484
11.37391548
15.78708000
1.33593750
7.62304688
1.96386719
10.37500000
3.53125000
6.33789062
1.39453125
2.49023438
0.48242188
1.14648438
0.49145508
9.35937500
2.65250610
2.28987423
6.57715093
5.80924313
6.46810062
6.00000000
3.05989251
5.68066655
10.24576906
2.16210938
0.83203125
1.44433594
6.42968750
8.28239250
6.21093750
2.34525543
9.36372894
0.61474609
1.44042969
7.75520501
8.16609929
0.98465256
1.60808122
5.86718750
2.45216370
2.24218750
4.36283356
1.58748134
5.61230718
3.21289062
4.80663066
6.35711935
5.61855773
5.29386414
2.07812500
3.01291578
1.89504321
7.09375000
2.25585938
11.71875000
11.89062500
3.62616080
2.90313607
2.28125000
13.00781250
3.58203125
1.08169556
4.98437500
0.17358398
1.28320312
12.16177970
1.55111092
2.35546875
0.05824493
0.95393922
2.35351562
8.13052970
2.78157967
3.90234375
12.28727172
7.50145612
1.62924091
3.29101562
3.52180907
1.04655031
5.84798094
0.91194578
1.64583499
9.85937500
0.98339844
0.91162109
2.62947197
5.91829344
0.34041819
4.71093750
0.08347533
1.95719360
0.58951906
2.42643063
4.02278812
4.19661375
8.82975343
6.27734375
4.61523438
7.57177734
0.55175781
2.57617188
5.13281250
2.84960938
8.07812500
2.62996399
0.36588562
4.17187500
9.00532583
1.83480108
3.08430657
5.28743905
3.01139406
5.65657469
7.60514406
0.18981934
2.88574219
3.25976562
1.07812500
8.03906250
2.06250000
4.68359375
0.54296875
0.04901123
0.89729735
2.68717531
6.59375000
5.94531250
0.76513672
1.80371094
0.42626953
4.24674313
1.62630374
11.36718750
6.75000000
1.08105469
4.93814938
1.92903812
0.99316406
5.99251219
1.14030031
0.25317383
15.11783688
6.08528812
17.69596188
4.73079344
6.45410156
5.42480718
7.86751219
1.23307375
9.88281250
0.33789062
5.03125000
1.65429688
4.95507812
1.99804688
1.09179688
9.00781250
1.78938719
5.71842531
0.11853027
3.41625977
7.91406250
3.89203388
1.35113018
9.81314938
8.33740359
0.59895875
2.49609375
19.16069806
4.60156250
0.56103516
4.87109126
3.37207280
17.51334469
3.77864749
8.62988032
1.56347905
0.71620105
19.10319592
0.10325285
6.66169105
12.83830895
5.95280031
4.07344481
17.21875000
5.29655031
2.53515625
15.05147098
5.94628657
1.78776872
6.82617188
4.21565423
3.10026374
6.32812500
2.37304688
10.92968750
10.33789062
10.84342282
3.51888187
9.38769282
3.62983101
1.08403867
5.04872951
6.83212987
1.33886719
1.61718750
0.00163174
0.01606750
2.08646637
10.55904144
4.51171875
7.89062500
0.71875000
12.16992188
5.99609375
6.63281250
0.04089355
0.53458617
1.20473018
9.08886968
9.25000000
6.71875000
6.22265625
2.62695312
3.21289062
7.73828125
1.98242188
6.84081782
1.93457280
0.79101562
6.40379987
0.90772357
5.91015625
4.16796875
8.30858378
7.20704122
1.61425781
6.15299313
7.46028812
0.56298828
7.50813719
2.42911867
7.27018063
0.57991703
1.51497313
2.45865968
10.64062500
7.71093750
6.11490470
9.20540780
14.39615470
1.36947030
8.52343750
3.07226562
3.67773438
2.17187500
9.53498892
0.28239389
4.59765625
12.44352172
0.41487672
2.71484375
7.99083725
3.92285904
9.58235594
3.51920656
10.52343750
2.99218750
6.15135971
3.14746841
7.85546875
1.64746094
8.22428219
2.73567874
4.42968750
10.46484375
6.47622784
1.38705341
0.80529785
3.32226562
6.13671875
10.42492676
1.17594360
0.19307496
0.07495117
10.57031250
0.01925659
1.41992188
9.56852172
13.85465204
4.82682624
19.53221410
13.98959496
5.29264406
0.93847656
3.04687500
11.56379876
4.02995124
4.92968750
1.46679189
1.07910655
1.61718750
2.00911375
4.36295656
8.21093750
3.86914062
4.15657469
3.64030031
2.38671875
6.45735594
1.82194093
17.41535628
10.35612810
1.05676020
2.04850343
7.26562500
4.35481937
3.05338376
1.04134281
0.85302734
4.04709464
5.21322030
3.28320312
10.28971188
7.05403812
4.50593307
0.69719193
4.99023438
4.47290039
0.25683594
2.06445312
5.08984375
3.71679688
5.30203196
4.13639406
12.06250000
17.11197751
0.00000000
1.10351562
2.70507812
7.07844969
2.34147218
4.49609375
10.56738281
18.99706782
3.91699468
6.36783688
20.93538578
15.76593972
3.25749279
18.85156748
5.89094969
9.14241578
9.09749390
3.01838985
4.33071255
4.33839760
0.85302734
8.47163391
2.86328125
1.70214844
4.53515625
9.93879876
9.97379765
5.81168329
6.21777593
3.17350343
4.24251219
5.26888187
6.40234375
5.36328125
4.53515625
15.80468750
4.19140625
17.22200438
2.42950026
2.50911126
8.91014628
6.28386746
3.55664062
5.55859375
4.10546875
6.79296875
8.60156250
9.66048094
0.90446047
6.65657469
7.64843750
4.03157220
13.97298592
5.90429688
1.41048094
7.34733156
2.11523438
2.79296875
5.35937500
1.69335938
0.05877686
3.50903320
4.04296875
6.07454344
0.60221437
14.18707669
0.43206393
8.07812500
2.24804688
0.74267578
0.32865231
4.09503879
7.60353058
1.42382812
1.99713591
1.77508089
12.63281250
2.07031250
0.41113281
3.54523660
2.92937278
1.71875000
8.99705494
3.41716015
4.15625000
8.82812500
5.98046875
5.38118157
7.14713874
1.55468750
2.19335938
6.10969969
1.60514406
9.57031250
14.95914672
0.06783082
1.70262924
2.72754654
1.56835938
6.92968750
0.63916016
2.64680907
0.90397218
5.15234375
6.12174313
5.10123781
5.55045656
8.40625000
5.64518063
1.98177249
2.00390625
0.08825684
5.07031250
9.09246160
2.97999667
1.38509032
1.33951906
10.57031250
0.34472656
1.57617188
6.75846188
10.30403812
0.53125000
6.92773438
9.37500000
2.65234375
0.00897217
0.99560547
10.19107907
6.62044437
14.43080896
3.86997229
1.61157227
8.29394531
15.02408688
-0.08701413
0.78125000
4.64013672
8.60156250
14.73648922
1.20345218
2.39453125
8.35579344
7.21451906
6.08593750
13.36451202
3.86118454
2.17773438
11.25846188
1.60286624
11.55468750
0.06848145
0.80859375
10.33593750
0.00221825
10.53547845
3.98340093
5.18717531
8.46875000
6.09016844
5.81200798
0.44303842
4.92187500
11.86718750
4.96875000
1.27636719
6.91471188
3.81185062
1.74316406
0.38875242
14.05436281
5.37923094
6.16015625
2.42740968
7.14453125
5.60937500
9.13671875
7.32454344
4.72184328
1.83300781
8.55468750
1.22753906
0.44775391
1.77766595
1.18815436
4.48046875
2.91497326
0.12205359
5.33170656
0.22998047
0.63037109
12.40819814
12.39078236
3.17758200
10.36592528
4.76008533
1.76302748
0.93212891
10.37921100
12.79657025
17.43895612
6.42432513
9.92187500
3.24609375
4.33658688
2.76692874
6.54687500
1.06347656
9.52343750
1.69531250
2.63671875
1.27343750
0.80224609
0.05356048
0.57747437
3.17187500
6.80859375
7.99218750
3.36523438
0.66650391
8.28971188
6.77278812
1.29938948
2.79167497
15.34977172
6.67757203
4.12109375
0.74690672
4.16373781
1.23079344
1.47623781
6.73828125
4.49283688
10.52876957
4.78189938
7.59700687
1.48242188
5.07519282
2.28222905
1.05582516
5.26497562
4.45177122
4.39420656
5.58593750
3.16992188
4.73111813
10.31185062
5.63172401
1.85418267
7.00798980
9.70182126
11.08919437
6.16015625
7.44041224
6.93458776
3.87597656
6.10937500
0.09887695
1.91894531
17.67264739
0.26159575
4.27669437
1.96435547
2.86328125
0.90576172
8.21564052
13.17921542
3.13248781
7.57421875
4.83984375
3.97102782
3.53157469
14.00203367
2.45410405
1.04687500
2.74838829
1.24023438
6.40625000
0.95800781
2.98437500
4.87500000
2.91730940
3.49284685
3.64712877
3.59526723
1.12207031
9.71776596
4.06258803
16.10807126
9.62793218
7.89062500
1.95963376
3.94759281
5.52734375
6.49804688
4.86767578
3.22070312
6.83398438
11.50617908
3.27507092
0.71587034
4.67936281
1.51074219
3.36196754
7.14389184
13.92008422
1.00569703
1.13085938
11.60937500
9.43750000
3.61539672
0.53645875
1.94661375
4.65592531
2.83789062
6.03515625
11.62304688
7.87109375
5.73046875
5.83203125
8.62304688
4.55859375
4.39062500
0.85644531
3.78156328
6.67284907
8.01562500
5.38574468
2.63671875
9.08593750
1.39354970
3.54720467
1.25846437
2.98437500
10.13281250
1.10156250
1.70898438
4.99380098
2.70932402
3.56445312
4.03906250
5.45703125
1.46093750
6.00471922
4.03092531
7.78222656
2.43945312
1.17773438
6.80859375
3.25781250
9.82324219
9.74820922
0.58284547
3.69335938
3.38671875
7.58626219
2.31022218
3.59602782
1.29362062
3.09765625
8.61787124
0.24541001
18.63443595
1.74056405
4.39355469
6.48046875
0.18627930
3.36914062
11.63281250
0.01235962
1.09196223
9.59668218
1.48242188
2.47973633
12.52343750
14.50781250
5.56250000
5.38287623
3.90423315
9.13704344
3.39030031
1.59179688
14.18554688
4.37500000
7.23046875
8.24218750
2.35546875
9.98437500
10.68359375
10.68750000
19.62890625
16.02734375
9.07031250
16.36425781
1.86848875
1.64045393
14.20473848
2.58921431
4.42513187
0.63964844
2.88085938
1.52228862
0.76677388
1.27001953
7.91813110
0.75520875
11.14062500
2.67968750
2.83968016
7.71451906
2.41861564
1.54297124
6.14414630
6.34869883
6.76367188
3.39712379
8.46420434
13.36360594
10.30728502
7.67285904
5.79524657
10.89420656
1.45410156
3.21875000
2.57861204
0.13281375
1.08315365
2.77343750
5.59700687
7.63704344
10.15804078
4.53824579
2.84049811
0.57861328
2.96875000
4.68750000
5.84375000
0.48608398
1.21484375
1.47070312
0.19177246
3.98632812
8.71223626
13.55012190
3.00717309
2.49446532
0.63346437
7.08365470
6.03743905
4.43359375
0.55175781
0.86718750
3.11751219
2.44108156
3.61523438
5.53125000
8.53743407
5.30436281
4.48469969
4.32063719
4.47200687
7.26562500
3.37304688
1.80175781
3.69335439
3.00586436
2.05273438
2.16617797
11.94970080
6.20443373
5.70703125
5.46484375
11.80468750
1.64508908
5.81217531
3.29801515
1.79785156
3.00585938
6.60457336
0.21146668
1.75097656
2.61051142
2.25081671
4.53515625
2.79687500
2.46938941
2.67025903
3.50585938
1.61433899
4.45466977
6.22688719
3.42285405
5.89453125
8.98828125
0.73242188
6.10188719
3.33382203
2.71858765
0.82568359
6.35122681
1.13035055
5.65266844
12.25053318
0.37377930
2.75585938
9.79687500
6.17578125
1.61786594
6.40919215
0.59830812
2.58286736
6.80189826
4.22265625
1.14355469
0.29663086
9.86555408
5.98600842
9.36328125
1.65234375
5.87281799
0.10464331
0.63395265
3.91015625
2.13281250
0.11828613
0.00057220
1.56835938
2.18750000
4.37500000
5.93359375
14.32812500
0.06878662
2.03172831
3.61329122
0.11676025
8.60937500
1.16601562
2.74926758
6.93359375
1.37695312
14.55664062
10.82812500
0.02755737
2.89928358
0.46888048
2.99267578
4.53125000
1.00292969
2.32812500
6.10432735
7.41162234
4.94889406
5.33203125
11.44448582
4.65317043
0.51171875
2.73046875
2.12141595
5.15885749
0.93554688
4.90671710
3.01320478
10.00781250
1.67773438
8.82812500
0.10638428
0.44702148
2.97265625
2.32812500
12.54329344
0.94946289
19.83561281
8.22656250
4.47363281
6.12141844
4.44694093
4.71093750
6.31640625
1.37109375
3.77274411
10.78060062
7.40625000
7.40625000
6.16015625
0.01719666
0.50488281
5.13037109
2.93359375
9.25781250
0.84228516
9.69661126
4.40495124
0.55211141
1.51172373
3.99021444
11.42418024
9.82738759
2.92773936
4.78906250
0.46656418
7.82812500
2.67382812
4.16699219
5.38085938
7.11328125
0.38769531
20.18750000
0.25439453
2.41121399
0.21341980
7.51383422
0.01753785
1.31087157
1.89030031
5.51562500
4.10546875
5.94563719
12.78319814
0.98503186
3.00976562
4.19531250
7.41633533
5.66960217
4.06347656
13.30891844
20.14615968
6.50846188
3.38020999
4.12914801
1.02364775
1.55826906
3.29881816
8.82520433
7.62500000
1.44107907
12.03841312
12.72460938
10.42675532
0.21264898
3.85546875
2.30972020
10.59457668
2.13414001
0.59901429
3.46777095
2.38965093
2.09830563
2.39388187
16.98046875
2.05078125
9.31250000
11.55908203
16.49104610
1.94450077
3.91015625
8.15835550
3.33383200
2.61132812
6.03515625
0.07751465
6.14290282
9.75358156
3.09797596
0.10759045
6.18750000
5.44433594
14.75387634
3.08987366
3.07945251
7.18391844
4.48534409
3.49675310
5.29296875
4.63215315
2.04558122
9.06640625
10.63476313
17.54785405
1.91927000
3.83854250
8.48437500
4.58593750
4.04296875
4.86718750
14.60546875
13.16829344
13.54221681
0.79074787
11.44618795
3.48122672
13.59933472
5.27734375
0.46850586
1.15608641
4.60123781
4.53515625
3.12215149
0.82413758
3.36132812
2.32128657
5.29801640
5.08382203
4.49609375
0.72363173
0.28244127
13.69140625
3.82421875
6.49820922
2.49593140
2.17187500
9.54947252
4.03646498
9.49218750
0.80175781
5.01953125
3.57527649
0.26896180
5.47656250
4.08203125
15.34081782
7.18652593
3.27148438
4.24609375
7.43359375
2.18750000
10.01562500
3.14257812
3.97070312
3.32861204
0.29015989
2.11263187
16.11295656
0.43774414
0.65380859
13.75506592
9.32421875
2.96679688
1.83398438
10.03125000
10.73095080
6.72217420
8.58593750
13.92968750
0.00453568
2.13671875
7.83203125
15.01757812
6.01735428
0.31833908
5.62890625
4.46777344
0.82470703
4.00781250
0.83203125
3.83967642
4.25016733
3.27213376
7.33919437
5.16560727
1.14298648
2.68750000
2.79263908
0.57064217
4.84375000
5.10156250
0.00184917
3.00585938
11.83984375
1.55501219
15.56608156
7.64062500
15.72656250
0.16357422
10.06250000
12.03971188
3.77181156
4.33593750
6.40234375
5.12109375
2.14648438
5.45703125
3.42675532
8.95865470
5.30208998
3.69140625
0.04418945
11.10156250
0.90673828
6.50235140
7.73520168
6.48730469
11.48437500
1.05957031
5.58561281
6.92578125
9.59375000
11.07519282
8.28418218
9.30533688
12.36718750
4.44921875
4.27278812
13.92968750
7.90850289
2.04462211
19.49283688
5.72688968
1.41894531
2.82617188
4.19921875
6.28222407
1.74707280
3.50097656
8.09375000
0.27465820
14.73258422
0.72086547
3.88932375
1.43554688
2.41080563
3.94096310
7.47688719
0.64526367
4.23405031
12.09016844
3.66796377
9.91960217
9.99462766
8.02880984
5.94921875
10.02636719
1.29915282
6.34016844
1.61458499
3.67968750
7.71875000
1.55003886
2.09375997
1.31835938
0.87198727
9.39778812
1.79329344
2.18912843
13.95037842
3.65867096
2.71724457
8.89062500
6.02342753
3.73829122
8.81250000
4.80891844
0.55192140
2.29101562
2.35855954
8.43685062
1.41601562
7.94661126
4.80729499
12.07377106
3.19347241
5.76986591
5.51562500
14.51084900
3.77278314
3.26237311
16.08007812
4.57812500
7.96484375
2.83642454
2.02295046
1.60716714
4.34644614
9.84497070
2.62695312
1.63281250
6.76854721
13.80567154
0.75439453
10.07877438
10.53571636
1.30811668
5.10546875
10.66601064
10.58919686
2.52962157
6.06966312
0.84130859
11.53515625
6.62109375
1.20214844
5.05468750
8.45425987
7.20703125
5.19173094
8.97363032
20.00260749
8.99218750
7.73046875
1.12109375
5.93098626
7.25944343
7.66015625
4.54687500
1.09814204
1.17773687
2.62141844
1.60026125
2.41796875
11.87500000
1.95117188
3.94531250
3.10777998
5.18359375
4.97472740
5.15222573
2.25195312
0.33837891
1.52148438
6.03580563
12.39159232
0.95378186
7.43260971
2.54395279
2.77539062
18.50896168
15.91280028
3.35872064
1.69564217
0.48852539
4.49802694
4.25001994
0.60498047
11.56673094
7.62646484
7.41764406
3.59179688
10.92457835
0.53245290
7.41796875
0.93261719
7.86211872
5.23828125
6.22721188
10.14485594
12.60840093
13.56100649
8.13560726
16.19498781
2.74218750
3.04296875
13.43570922
0.42122437
1.30078125
17.03515625
12.14843750
4.32063719
7.16373781
5.23437500
12.06892509
3.30216866
12.98828125
6.73437500
9.17732727
5.84934510
14.52766844
1.40299562
2.13045164
16.28678468
6.44270501
6.65168440
7.90951684
1.84667969
3.31768799
5.24218750
2.89289285
1.95085715
3.65559065
7.05567154
5.86686281
10.48469969
6.86360594
0.73958499
5.96158688
6.50716312
8.94954344
0.92838126
4.14258311
7.84375000
3.53906250
0.03555298
8.19049063
1.44363031
9.26887190
5.09440935
7.65234375
5.32421875
5.22265625
3.14648438
0.94531250
0.97916625
5.87679078
4.03906250
0.74511719
0.40805905
7.38313968
10.67968750
0.00862885
4.01009032
5.18717531
10.09992908
14.15396720
2.55274434
15.61718750
8.09862753
0.32267086
0.79248296
5.90625000
4.18245360
7.22623781
4.75781250
4.12824690
1.86784685
10.28125000
2.45507812
7.68356323
6.00698582
10.97980940
10.20070478
7.71484375
4.23046875
1.00488281
13.52832031
2.79101562
1.30761719
4.41015625
3.82421875
4.91796875
0.24035645
9.34765625
24.86978004
8.37826684
4.55110594
3.14713625
7.48437500
4.29899047
0.54475953
8.68586658
3.98600842
0.58837891
9.50878906
5.26203596
4.39681654
12.24153812
2.40185547
6.73437500
5.63281250
2.15625000
7.28352782
8.95930408
7.20736342
7.99023438
5.74316157
18.06543218
7.92219969
2.47623781
2.60546875
3.48486328
4.40884752
9.95248060
6.96093750
6.94921875
7.28125000
1.37239500
3.44823471
5.80534685
6.20018285
3.07716090
6.49641844
5.65006593
11.11002438
3.04882812
8.99064273
1.37076844
2.58789062
0.36059570
7.76953125
0.89469360
1.78244994
9.87076906
3.87109375
7.32255554
8.61587877
5.45898936
10.85872562
6.36328125
0.76367188
3.07421875
8.10937500
11.62239500
0.00000000
11.15266844
7.22656250
5.47883533
2.67155529
14.93391844
19.30541556
1.87557568
4.64453125
18.11685284
3.43783466
2.07356439
1.32877936
2.28125000
12.02929688
4.30468750
2.10546875
10.92101397
0.32605635
8.52343750
9.19531250
5.81640625
1.68146706
7.86329122
3.13313719
4.34278314
0.73469248
1.30468750
3.46289062
1.46100933
4.81853169
9.82193097
2.79525653
2.43033688
2.02864749
10.97656250
5.35937500
6.48046875
1.03515625
1.97276212
5.29640292
3.25195312
1.66829344
10.62500000
2.00358156
5.88280502
3.57520279
11.49218750
0.67919922
3.40039062
0.24121094
7.94563719
2.70182126
1.45638187
2.19956990
16.11846479
2.48437500
7.75000000
1.08186766
1.63834718
2.23242188
5.40038564
9.44336436
2.59765625
4.17219969
1.08756593
2.28710938
0.03521729
1.17480469
6.79751441
7.68360372
12.59634752
10.48894060
4.00781250
2.35546875
8.31250000
9.35156250
6.26171875
1.58365719
4.98763187
1.20214844
1.74121094
1.34130859
14.79687500
2.67968750
9.51204344
8.58658688
2.15722905
5.87890625
3.40039062
2.06054688
2.64776818
2.68035682
7.00577633
1.49349124
9.43750000
8.37500000
4.08984375
2.35156250
6.41406250
2.23107879
2.32751496
6.90234375
5.59765625
10.18033688
4.85481937
7.84375000
1.65722656
11.37873892
8.19157358
2.99609375
2.93554688
0.45629509
7.72981812
18.28239140
2.45100953
7.98014406
3.45108323
0.31258865
0.93066157
5.16927249
6.83561281
4.73860594
3.94840578
8.80468750
1.47753906
8.55468750
3.48046875
3.05859375
3.09993407
11.87076906
4.01953125
3.25866699
3.96271831
12.09587544
17.72589318
3.11785682
1.41764157
6.89257314
16.31738692
7.90136719
2.56411847
5.25065935
3.13850455
4.13581339
5.39560394
17.17402033
1.18750000
12.32812500
1.56282220
2.66276374
5.94921875
13.46679688
6.41705322
4.98437500
2.49383440
0.99456892
1.14746094
3.83007812
1.27343750
0.37182617
1.76009032
1.03397707
8.50097656
1.72070312
3.09863281
10.04036126
7.40885749
0.04806519
0.76358032
8.94954344
13.26985594
9.10872562
5.34375000
7.75390625
4.00000000
6.47656250
2.36914062
1.11914062
0.40624751
6.23340093
3.86914062
4.52343750
9.83658688
2.04459718
6.09733156
9.28971188
9.55403812
10.08526611
6.83532715
13.06835938
8.21875000
5.83984375
3.29492188
0.06115723
8.46875000
1.16780017
2.68311045
5.86100343
1.66992188
10.16406250
4.01171875
9.43554688
5.30078125
3.89713376
1.90950687
3.24023438
5.00781250
0.21240234
1.76269531
10.85156250
1.85546875
4.47265127
2.79297373
2.82486065
7.08627216
2.45507812
3.57226562
0.74511719
2.11132812
2.08203125
2.47265625
7.02734375
9.09863032
3.88965093
7.12727283
4.98600842
3.19531250
3.60188221
6.10710217
7.92187500
11.00830078
1.23056985
8.15331782
12.89794548
3.57342198
0.45092773
9.89062500
2.78401360
6.14713874
4.39306516
0.15390990
4.30403812
2.61718750
2.61278923
2.81167083
11.89975869
8.16699219
4.31542969
5.35742188
1.71711907
5.73698249
4.42187500
1.98242188
0.99482405
9.44206560
2.65234375
20.64453125
2.53906250
1.22265625
5.35156250
1.60286375
7.34342531
2.47851562
4.88622175
1.39502825
1.54784409
4.47705826
5.80078125
2.46679688
1.11360594
7.68750000
2.69694093
6.96581782
10.19629155
3.16763908
6.87728280
0.73193359
2.33789062
5.51171875
5.26953125
0.70556391
1.14453374
3.45507812
4.56640625
2.54296875
3.28515625
2.26708984
3.95703125
2.00357907
1.91341312
0.01470184
1.14941406
2.69921875
4.20344969
2.69498781
3.18359375
5.26236813
9.91341312
0.93212891
10.72656250
1.36035156
2.58056641
6.32812500
2.07812500
0.00495148
2.40234375
13.79752438
5.60872562
1.17399047
3.88265015
1.28596922
2.79459718
2.45117188
6.51953125
10.55468750
2.78906250
2.71679688
0.68790275
6.44857186
4.87890625
2.71679688
1.37207031
1.32421875
10.67756206
1.14665669
6.31690407
3.01594969
7.74186281
2.90234375
3.80078125
5.44954344
3.94498781
2.34960938
9.99218750
0.19958496
6.38671875
1.98534907
2.67284409
5.60547872
5.28125000
0.00480652
6.08137190
1.36589372
3.68554688
1.19628906
4.51171875
7.53938719
2.40625000
6.22233156
4.12890625
12.97298094
2.15201906
0.96272703
4.33658688
2.28613530
6.98339844
9.37500000
7.37500000
1.76074219
1.93261719
5.63671875
13.92317376
5.26823249
0.23950195
7.55842504
1.06266871
4.74609375
12.10156250
2.91027832
0.75439453
5.01171875
2.27343750
7.81845093
0.85498047
0.39453125
0.02839661
1.31445312
23.44986813
1.69075687
19.93945312
2.79492188
8.76985594
0.05228761
4.27734375
0.44018555
2.79882812
5.89322252
2.45052748
3.56640625
6.81250000
10.51757812
1.36523438
13.87681770
3.24609375
0.59179688
0.69921875
0.28149414
0.92463611
0.74284436
2.91992188
4.63281250
0.25341797
2.93782469
4.21842531
0.55517578
14.16771277
0.39967004
12.28727172
2.99007203
9.50423094
6.43147828
1.46663453
1.52343750
0.16331357
0.96533328
4.82812500
6.88281250
1.42968750
9.02343750
9.67968750
6.66015625
4.53515625
4.37532469
8.84733156
2.44555664
1.45996094
1.96093750
7.21484375
3.03125000
6.41796875
7.21875000
1.57080078
2.74641844
8.39908688
7.54590093
2.37158203
7.76953125
4.76171875
3.22656250
15.86718750
8.89843750
5.54719969
1.81998781
2.32812500
7.94531250
2.16015625
0.00449753
8.92578125
8.03906250
1.55566406
0.02545166
4.61718750
1.52441406
8.63524269
2.97413231
3.62109375
9.70898438
2.46451408
6.92415780
0.75085231
3.28096652
3.50553468
3.24414062
14.14843750
4.30289672
0.14461305
8.47487479
4.19700021
1.02050781
2.79101562
0.28540039
2.03710938
1.07714844
0.06970787
2.08333250
12.08170656
8.67187500
1.76106439
8.04557624
1.37695312
14.68750000
2.08593750
0.63037109
1.22949219
9.45312500
3.12500000
4.82844969
3.98616578
0.19832398
10.13182846
0.60645279
0.70751953
2.73469969
18.58170656
12.42968750
4.17968750
2.32616689
7.68376108
0.55599000
2.97265625
7.24609375
3.04370117
9.67968750
2.93619626
3.39778812
3.29101562
1.68066406
2.98632812
3.46484375
7.19140625
0.25219727
1.64453125
10.76952128
11.28081227
3.39302582
9.07031250
4.12109375
4.96484375
7.47086547
1.56917359
4.03125000
1.21638914
2.52929688
2.42936281
3.23437500
10.67187500
6.89257812
6.41406250
2.94726562
5.98437500
8.01562500
3.60937500
3.44677734
7.78125000
9.08593750
2.54541016
4.29296875
6.07454344
15.03483156
3.18164062
3.27343750
3.65559564
5.99153812
9.59049313
5.85416999
0.92626953
0.25528836
0.36031222
2.04101562
14.26529034
1.74642841
10.28225313
3.21713652
5.93359375
8.24483153
4.29264406
2.83593750
7.10742188
8.83593750
3.09504876
0.65885749
0.46783447
9.98437500
1.87500000
0.94970703
11.32454344
7.33756593
4.20768063
1.17317874
5.08268063
5.35676751
4.27930186
12.65691566
1.47949219
9.75781250
3.25781250
8.31673094
5.89225343
3.29882812
0.58593750
5.98437500
2.57031250
6.14453125
3.51896055
0.16369722
6.29374114
2.90006593
7.30501219
7.48535156
6.33626219
17.48718417
14.73091644
0.68045469
6.65592531
9.13061523
1.81445312
13.47449436
7.84441433
4.10937500
1.79101562
2.26742554
3.37500000
1.62011719
5.09375000
6.14453125
6.19205563
0.78743656
3.83203125
2.09765625
1.63281250
6.02050532
0.29150640
6.54621565
2.90886247
2.05859375
2.23526852
7.73763187
4.72584534
3.65136470
2.18847905
4.24218750
2.98339595
0.05395757
0.01570129
6.84765625
2.81445312
5.73079344
7.49967531
0.50732422
2.66242410
6.49789450
15.08072252
2.71273326
13.02142334
14.56350562
1.58269558
4.65689938
3.41536624
3.50455563
5.91341312
3.47102782
13.43391844
8.88997562
16.08658688
5.33919437
3.11718750
7.10724956
2.45329731
1.97265625
3.62158203
2.56282469
8.19531250
8.38003768
5.04842974
0.24259461
3.34960938
4.90331782
2.60254155
0.10858154
11.21785461
0.90958680
0.11700439
2.59643555
6.86328125
5.61718750
1.04785156
6.48046875
0.91357422
2.96093750
9.16113032
0.89160405
13.25423094
2.56608156
7.82812500
2.01171875
4.52408688
4.99592144
1.47999168
8.55468750
2.24837157
4.86295656
4.15234375
0.00336838
5.53971188
12.41809207
0.18526246
1.36914062
6.46484375
5.97786126
0.08732429
0.08264160
16.23437500
3.99348875
4.54655031
3.46679688
8.39062500
4.94140625
0.05194092
10.73779297
2.54882812
10.72477172
2.57015015
7.88281250
2.06835938
2.31250000
2.20596355
5.45614583
1.95117188
13.83203125
2.70540282
10.03483156
0.17333984
6.05078125
0.65169188
10.72656250
11.39973626
2.91911140
2.84212157
7.86686281
2.37076906
0.94163191
1.01563248
1.97819093
4.30078125
4.38671875
7.45703125
2.47070312
1.55867492
1.97973072
3.97461436
3.59179688
9.37174562
7.84375000
1.83593750
6.33593750
0.52807617
1.89257812
2.44921875
10.49641844
1.04296875
0.76774172
6.67968750
3.12304688
8.07812500
1.28613281
12.68750000
5.58268063
4.54622562
4.23111813
7.37825687
5.66829344
1.61881593
1.26220454
2.30566655
5.03580563
3.88997562
6.77799313
0.16121585
6.10221188
5.43685062
3.53320312
6.05859375
5.28515625
0.46948242
2.48437500
4.27343750
6.90168440
4.12564938
2.00977559
4.00000000
8.86360594
10.59863032
4.65885749
0.96289062
3.75895016
2.28060062
7.57421875
0.06976318
0.32159662
0.44523382
10.38346188
8.12255984
3.43147828
9.19531250
2.30468750
7.08105469
6.60937500
10.50488032
3.38769780
8.59375000
0.05596924
4.87500000
3.83496094
2.37695312
15.11132314
4.87109873
2.10953735
1.28597047
8.75781250
5.72265625
5.93359375
0.44311523
2.21923579
4.42480718
0.90462157
4.81608156
3.53254876
1.72721686
3.66015625
3.83496094
2.49055907
3.50162843
0.90087891
5.39062500
9.39664672
3.70718363
2.28288840
3.28515625
2.34765625
4.30468750
0.09167480
8.37923094
1.79362062
1.32808950
2.33594248
7.61328125
0.29321289
7.66796875
3.14648438
6.63281250
2.32226562
8.18391844
1.59440187
6.19921875
3.16406250
6.04687500
11.42968750
1.41406250
5.26171875
2.05468750
6.87109375
0.45996094
6.96939938
8.00716312
3.51594720
2.98112311
5.07421875
2.97265625
6.13671875
10.15625000
6.66796875
4.47656250
0.34790039
2.84570312
4.47298094
7.35905031
0.95924632
0.16306814
5.48828125
13.99353027
1.80505122
5.33138187
3.35514406
5.02734375
3.22851562
7.27465758
0.05835023
2.30468750
5.75128879
4.50261746
2.78320312
4.43750000
0.05392456
0.55468750
5.54686503
12.73829122
3.34130361
6.29883311
1.83886719
2.29492188
3.93342144
3.14665669
1.66992188
6.75000000
2.36328125
7.46199025
3.04875194
1.52343750
4.83984375
0.03793335
4.08136163
9.41276374
6.03157469
2.49576906
6.64843750
6.30143063
7.31966312
3.18164062
1.11685533
1.97396498
3.78906250
11.01204344
4.05859375
0.04410890
5.40461658
1.52702404
2.14370706
1.57601950
7.03906250
3.50000000
5.25000000
1.11328125
3.26578610
5.88248781
11.74576906
0.77197266
0.43603516
9.69531250
0.81298828
9.27343750
0.05957031
7.28222407
2.69629155
10.74641844
0.72330812
2.29329344
0.58414797
7.00000000
1.17968750
1.50585938
2.30859375
2.80468750
0.02656555
0.49402707
7.25878657
1.10775155
4.78515625
4.04329344
6.60514406
2.91992188
1.38867188
9.12500000
5.53515625
11.28761021
2.16098293
2.59112880
5.16717198
1.19921875
5.76562500
2.19173094
17.49772218
0.92008422
0.79182984
11.42284056
4.07389406
1.44319080
3.30436779
5.71344637
6.94280363
2.20117188
16.03580563
2.44661624
4.62500000
2.98632812
9.07812500
3.24251219
8.50781250
1.78465551
0.57878933
9.03125000
0.18428465
2.99576906
1.97265625
2.43391844
2.69889406
1.67768340
1.79477448
8.06250000
0.17163086
3.66601562
0.73656977
4.13183843
5.99218750
3.83821532
5.19498781
10.67187500
14.82419979
2.77604997
5.83984375
8.22656250
2.92187500
4.78580563
11.50716312
2.83007812
16.24871813
8.88901152
1.00195312
3.07274892
0.00000000
17.77164672
3.90250610
3.88541002
3.59082779
3.33007812
10.99218750
9.19352172
0.12190797
13.51151276
9.66015625
4.17578125
4.10156250
6.68554688
1.46777344
3.94531250
7.85156250
3.00423094
2.61897828
2.83968140
0.52960026
0.05084229
1.81357634
1.19140625
14.63281250
0.20129395
1.95800781
27.50476074
20.13476064
10.76465093
6.59277593
1.90950438
8.67187500
2.01749197
4.81099880
2.63671875
7.16880264
0.12050400
1.07812500
2.54101562
0.25244141
0.00312233
4.16015625
5.74705785
1.52052027
5.94173094
4.21061281
0.00526428
6.47656250
1.69253145
5.59994902
4.38281250
2.17578125
3.70312500
1.90527344
0.17077637
0.55468750
5.05549424
1.80974013
3.31184564
2.37174811
7.00000000
0.10218261
4.63134641
7.06876773
4.61027039
6.58203125
2.87890625
2.90820312
3.84375000
1.91601562
6.19173094
12.19087056
8.11718750
6.82323471
2.49707779
11.80468750
0.00646210
4.52734375
7.81250000
3.65950189
6.84245124
27.58105220
4.62958013
6.03125000
4.03743407
6.22656250
3.30542054
7.47257508
3.58984375
1.72373962
6.05078125
5.10156250
4.57421875
2.27376219
7.02343750
4.26139406
0.67822266
4.92285156
1.94531250
1.24218750
1.37304688
6.66861813
9.48372562
9.64062500
0.15869141
1.33398438
3.22613313
2.34961436
6.09016844
2.25553468
10.71875000
1.09667969
0.63623047
9.13769282
5.07356937
12.04101064
0.07682873
2.28710938
8.11718750
3.97070312
9.46093750
2.40939852
4.21842531
0.05029297
6.24380846
4.67708998
12.65625000
1.42480469
0.72900391
0.00554657
0.11553955
0.74267578
6.27376219
3.60709718
3.01171875
11.21093750
0.81982422
6.22004627
6.62663342
3.34179688
8.58825684
4.22265625
3.53778076
2.62890625
9.35937500
1.89062500
9.75000000
11.81387370
7.21419437
1.26783633
0.60846492
5.62890625
4.12554355
0.80056239
10.21810062
2.01953125
0.96435547
12.21875000
11.82420878
5.98861591
1.42057375
2.38313719
2.00944093
4.20703125
11.93750000
4.99169922
3.68750000
2.32812500
8.78971188
2.56185062
3.30590940
17.89062500
5.64843750
3.44531250
2.82324219
8.30208001
4.15104499
2.77539062
0.84594727
2.19140625
11.35400391
0.31542844
0.32641726
0.52832031
9.50781250
0.60839844
0.87419907
4.06592420
4.76562625
3.75000000
0.56371307
2.92968750
12.47656250
0.10546875
1.38085938
2.30078125
2.34081782
4.46386968
2.11132812
4.52024031
1.87207031
0.25125973
0.37894528
6.08659186
10.81250000
0.01045227
1.37890625
5.16406250
8.59884732
5.43685062
5.82031250
2.79882812
3.26367188
3.67773438
8.62695312
7.85156250
15.90266844
1.82780031
0.81201172
2.34765625
5.63280253
4.68360372
8.50781250
1.46679688
8.75000000
0.42195306
10.01985843
2.16927249
7.78125000
2.52148438
5.37109375
6.84341534
1.98894060
8.05045656
2.85546875
5.84960938
5.70703125
1.82421875
3.09049313
5.50520999
5.36328125
5.29687500
0.02053833
3.00585938
0.85249505
8.37467780
1.25976562
15.32031250
6.75646973
13.36718750
1.51562500
3.34179688
3.44368407
8.94108156
0.32364743
7.26888187
11.27343750
7.25976562
2.59570312
6.04296875
2.80273438
4.14843750
0.03207397
0.23828125
11.10937500
1.95410156
1.82953763
4.03157469
5.38639406
10.27254211
1.13663758
2.19531250
1.79686378
0.82374168
8.46875000
5.47851562
8.65445922
0.66243531
1.05273438
2.94726562
1.25903320
3.41210938
11.17610594
7.90983156
5.42187500
2.27929688
3.86914062
13.64062500
8.16763647
6.87939827
0.93750000
6.01204344
3.90022828
1.21484375
7.65413453
0.45483398
0.58544922
2.67382812
1.20117188
1.84293578
1.53890015
0.67512938
0.71587886
7.25260749
1.42089844
2.98632812
3.13346188
2.43711956
3.08626219
1.44987062
1.94238281
9.77343750
5.14843750
1.45996094
2.83528314
1.55566655
9.40104250
3.00976562
3.27408688
4.03906250
0.03391603
1.27757668
3.00322656
4.14062500
6.17187500
1.67382812
0.81005859
7.70409907
3.49707280
2.61070961
4.13831919
11.12564938
11.36653812
11.80656433
5.06640625
0.35913086
4.75455563
2.16927249
4.58235594
3.98795656
10.24218750
0.10125732
0.01530952
0.59300712
2.77132203
5.08203125
6.41406250
7.19140625
12.96093750
16.39062500
11.55468750
11.87532469
9.76139406
4.71972407
1.22461187
3.60204954
6.40771609
0.48535156
3.26204344
4.67545656
1.59049313
1.82552249
1.84798094
2.84537843
1.59863281
6.31734514
8.27343750
3.68359375
12.85937500
6.41406250
7.46093750
9.74218750
1.02563477
2.19368407
12.82291750
0.46638914
0.06083254
4.06250000
7.03938719
6.96155504
4.97656250
9.29687500
3.49023438
0.56347656
1.18554688
2.65625000
1.42675781
10.55468750
0.87207031
1.54813473
10.08528812
7.69921875
2.35327148
5.59977172
7.36244460
0.25262743
5.24609375
2.27929688
12.78601074
0.75243891
9.65136968
2.06445312
18.22826463
2.35755080
2.25016235
14.24527704
1.41569343
5.88085938
8.53906250
3.12500000
4.28906250
0.80224609
4.84438443
2.83886247
1.76216312
14.33593750
11.13281250
4.05468750
18.36718750
7.33203125
0.00313377
4.76562500
10.98079344
10.19010500
10.51822252
12.76188608
1.73942265
2.75390625
0.78076172
2.55078125
1.01269531
2.24218750
3.47541113
1.72217918
12.49576906
3.04296875
3.50195312
0.88525391
4.79117797
3.44319703
2.43339549
1.96498669
6.73046875
5.83626219
2.02311281
1.86653563
1.60742188
1.10416750
5.10725330
8.04069592
1.10058594
3.12304688
8.00580371
1.54628850
5.60156250
0.50726424
4.23437500
5.26594969
10.32389406
3.30696033
5.00553967
3.73632812
8.17533356
17.61372894
0.13415527
0.03945923
4.12890625
3.33398438
6.26204344
2.06624390
5.46663453
6.65182495
2.98437500
2.57259032
10.65625000
4.81608156
1.42968750
1.99315908
3.35352061
2.62695312
10.72656250
4.05859375
5.15625000
6.70019282
2.54305241
2.35715243
0.79346077
0.77953728
0.72705452
3.91601562
8.82421875
5.86718750
7.71875000
7.26562500
4.88704344
3.80045656
6.30468750
3.55957031
14.08593750
7.17578125
5.10156250
9.81852172
0.94026734
1.81738281
7.17219969
8.17545656
0.60400391
6.92805907
9.86295656
2.66796875
7.44531250
0.05142212
2.58495845
4.02246343
6.74609375
9.76562500
7.14062500
4.45166016
4.82031250
12.42968750
8.81250000
11.18359375
5.00390625
19.64062500
12.15266844
3.71647218
11.13769282
18.18738424
2.01790282
4.34643617
0.93693055
0.26733398
7.33203125
1.21321532
9.28906250
4.99186281
9.60156250
6.17219969
0.84440187
1.22949219
9.46244049
1.44954344
1.46679688
14.62858156
2.55273438
4.99218750
0.74169922
5.27929688
3.56250000
5.90234375
4.37532469
7.06217531
2.41406250
13.90018126
16.38074094
2.04883311
7.23046875
5.99609375
1.42024657
5.71451906
6.92187500
0.83984375
9.97298094
9.26741578
5.82210328
6.54687500
0.74609375
2.41015625
0.30957031
0.16955566
0.82421875
3.63085938
13.19531250
9.72656250
4.05859375
5.30468750
0.00935364
5.35741689
0.47168467
4.15429688
5.60546875
1.55305907
4.76920656
0.10516357
2.04492188
8.27343750
0.10467529
15.66314697
2.90820312
0.71972656
9.60937500
7.86328125
1.41226798
1.61361092
5.20833001
7.84245124
9.93896484
0.81445312
5.35937500
37.76293182
3.82617188
0.70654297
8.51562500
21.14973875
14.05786133
4.62076906
6.23958001
3.57291999
9.23860594
4.54655031
11.47851064
4.97852061
4.24723141
5.38606937
9.39062500
1.37923094
1.58170656
4.25390625
4.12890625
7.39274047
4.15657594
5.90625000
0.00343323
3.15234375
1.60559082
2.20117188
0.33154297
0.98193359
3.38085938
6.09676086
12.52433289
11.60937500
0.01355743
12.58398438
0.22399902
0.39843750
0.53710938
2.76562002
3.48633311
2.74511719
1.50000000
6.02343750
2.43554688
0.56807122
3.45377936
10.64062500
6.82031250
0.16699219
4.31526485
0.14607914
0.83256012
0.46122285
4.01358883
8.42545656
1.12955812
4.57421875
12.21875000
13.46875000
6.37140847
7.65593528
8.18750000
2.08496094
3.94531250
4.37109375
1.74121094
6.68359375
0.01221466
9.63769282
4.74121343
4.32844969
4.95930408
7.66927748
2.42578125
5.28906250
0.23352051
4.37500000
8.24218750
2.40386288
9.99935062
4.50390625
7.34375000
7.09375000
0.04711914
7.85221188
2.04231937
3.51562500
12.90625000
6.50390625
0.05139160
1.45800781
10.03496552
0.10736084
4.01171875
1.51513672
4.35156250
1.16210938
3.16992188
0.36181641
1.29394531
6.68161570
7.90871010
3.54001621
0.22746038
3.63281250
8.33235594
7.74511719
3.56217531
1.37988281
9.43750000
0.06988525
11.37141844
2.31217531
8.28125000
6.77180907
3.03287843
10.61360594
1.83951906
0.27800120
10.58797429
2.38956726
4.35188719
5.59765625
11.93326906
2.42382812
5.54687500
0.01488495
4.44531250
4.25390625
0.19067383
3.68554688
3.05468750
0.10046049
0.30851320
2.16210938
2.26367188
5.61328125
3.14485594
1.97428468
4.51025266
1.17732851
11.65535461
0.99202515
5.27734375
5.90055297
1.41292359
2.03710938
4.21093750
0.39331055
12.26562500
5.46887207
2.93196532
0.22473145
1.85514406
7.83984375
13.94531250
6.85156250
7.10156250
7.94563719
8.82487062
1.63671875
6.05078125
9.69954344
1.01334718
2.39062500
9.96093750
6.66048094
2.63834220
3.27344248
1.46679688
11.07153320
2.10156250
3.15039062
8.98892066
3.50359153
5.28613032
9.56901374
0.11401367
4.58593750
11.35286126
2.58756593
6.20996343
0.29858398
9.25000000
6.50781250
4.61328125
2.29799646
2.26450354
9.29687500
1.60791016
0.91308594
1.81338417
0.96859825
0.98291016
6.46484375
0.46850586
0.45251465
7.98437500
0.55322266
6.78292847
1.46126219
0.11153199
10.07991578
0.45166016
5.50781250
2.59570312
3.43391844
1.95475343
3.00390625
5.30468750
5.96093750
0.00686264
18.40071532
13.70670656
9.33479610
2.41325077
7.71875000
9.91357048
6.53174202
10.44531250
3.34375000
3.33007812
4.34179688
16.59842926
1.25142426
1.93164062
0.10766602
5.73828125
8.10579344
0.06339601
13.66601562
14.81770252
3.95866467
4.10156250
12.29311614
17.96306294
13.43197030
1.55989749
1.07519531
3.24316157
2.59522008
0.17211914
8.59268790
4.96712655
11.44173094
7.38281250
3.76530031
7.25390625
5.83203125
10.94823970
2.00293218
11.88281250
1.94433594
0.29980469
11.59016844
7.90625000
3.09928468
7.87923094
9.37076906
10.14062500
3.57617188
1.69954344
13.23014406
2.00976562
6.81200798
6.34033577
1.23828125
11.09927970
4.34212655
7.07193844
3.86263187
8.02018063
2.49739749
4.03738403
13.61360594
17.29166750
5.56250000
0.02866108
0.46953838
8.34375000
1.87207031
13.76164671
3.49674562
9.34781860
16.49007203
0.11492920
2.48828125
4.12206284
2.59278091
6.09375000
0.04223633
2.68261719
6.13378906
11.32812500
1.60599762
1.09322113
8.58789062
0.52644836
0.69083680
0.11902281
9.94108156
9.09375000
6.15039062
0.70410156
7.14453125
8.47656250
0.73921629
3.87076906
13.37837219
8.05891844
1.86686281
1.82617188
12.35156250
0.55468750
0.04602051
5.73145963
3.40577792
6.29296875
1.38378906
7.69327571
0.39217351
7.75000000
10.40373121
2.02588763
11.18391844
12.27880610
4.94791999
5.68750000
3.95019531
3.80725098
10.73860594
6.08203125
5.33561281
6.37890625
4.01171875
0.02272034
7.20735594
4.33951906
14.89160156
11.03906250
5.79719969
6.28873781
6.43750000
4.73828125
1.97363281
17.32893174
2.14372451
4.78124003
15.77344498
6.91308843
6.69531250
11.81250000
2.46891235
3.69710328
4.27766844
3.41410402
11.45312500
9.59375000
8.17968750
9.70865470
12.68228502
3.28484153
3.27148438
11.16406250
0.36938477
0.55611579
5.46810062
3.43164062
4.16619682
0.47412109
4.39907193
9.46225620
6.39062500
1.70231078
5.78694703
7.58984375
10.27343750
14.25050281
1.75553967
17.54361813
14.54459220
13.66536126
4.45443373
3.53873781
7.31941711
2.71183289
1.74511719
11.23860594
6.13639406
0.38091792
5.39746343
1.10351562
18.60024380
6.44663120
2.45898438
8.70377438
5.74153812
3.48046875
15.44954344
3.07780031
1.71064208
16.64241578
10.26562500
0.06573486
2.89825522
2.13527260
6.97623781
5.69531250
5.00829829
6.21777593
1.39453125
3.53987423
0.32145390
2.90969226
1.71433882
2.16765403
8.66471188
17.02278812
27.19309592
10.67744851
8.42187500
6.06250000
0.67708250
3.65983156
0.01118469
3.56941711
1.44718445
1.30566406
5.95703125
5.10758422
0.26790406
3.35937500
10.38281250
5.02351556
5.45963874
2.14453125
6.97265625
4.95094803
4.46702072
4.89453125
8.23437500
6.25390625
6.06037705
2.71403701
13.63713837
8.28906250
2.75195312
1.50895141
0.90804078
3.30859375
5.45567321
7.56989289
1.52636355
3.77438718
4.32031250
8.54687500
0.74328613
4.26171875
7.05468750
0.49885985
2.04655031
1.79199219
5.35546875
14.48633552
6.05078125
11.50781250
1.79785156
1.26269531
1.06933594
2.14062500
3.05631344
6.21036867
7.64843750
3.41569093
0.74169922
2.70117188
0.42103239
4.73014406
7.36718750
3.54687500
0.32128906
0.33154297
3.40625000
1.10839844
7.21484375
2.87304688
8.64843750
17.05175781
5.69140625
2.10742188
11.89787718
9.04541016
6.64453125
4.58170656
23.39226195
3.13834718
7.11328125
3.45117188
3.20898438
6.19531250
2.49609375
1.03027344
1.57812500
0.04727173
4.88459456
2.77604997
5.28125000
1.42187500
2.69873047
6.85839844
2.86132812
5.23437500
8.36629211
4.43448914
3.44335938
0.00933838
0.08868408
5.03125000
2.85351562
0.89599609
0.50602047
9.31380374
1.41015625
4.19140625
6.41406250
10.77343750
0.03582764
4.59000610
4.65494127
5.13981826
8.66406250
20.78906250
8.35286126
6.90495124
1.52441406
3.38931627
3.88021498
9.88281250
2.90234375
3.10579344
10.07389406
0.02940369
9.27343750
2.24218750
9.40625000
3.51578735
0.68001344
1.30273438
6.93750000
2.74641844
4.96061281
1.27343750
7.81250000
1.78775876
0.34407718
1.56542969
7.40266844
2.27897218
0.24145508
4.23860594
1.78971437
7.98144282
2.70215093
7.65364251
12.51432624
2.15625000
2.55110594
9.07389406
5.94986813
1.76740706
1.93783466
3.70280031
8.86718750
2.19320679
2.46321532
5.29264406
12.93359375
0.02804565
6.37923094
9.83137938
7.31575687
1.45410156
11.41406250
3.79492188
14.79296875
22.47687722
5.07828610
6.06934840
7.38964844
2.22729492
2.94531250
3.91145003
3.14128435
4.35278258
0.25537172
35.53320312
6.73828125
6.86328125
0.66601562
2.83789062
8.99240112
25.23173760
11.63039228
3.86443262
6.40346521
7.84954565
6.82558622
9.17726229
30.21227062
5.37298750
0.93245733
10.59537140
0.70606216
0.74055907
0.31158525
9.02952072
5.33984375
1.50292969
0.22509766
0.40888977
4.38671875
30.43944814
7.42676280
9.22393507
0.13153368
3.71891235
0.24422242
5.63883422
2.46211793
0.85107422
1.85546875
3.23828125
0.87646484
3.19237783
5.06836436
13.23079344
6.06998781
5.06673094
3.89728884
6.99218750
4.18001219
4.71875000
5.63639406
12.09375000
4.10546875
7.98469969
3.04557375
13.87500000
0.59667969
15.58983378
4.82422872
2.07421875
6.49421692
5.25781250
8.28125000
8.53125000
6.64843750
3.40039062
6.61718750
8.98588043
0.78755707
6.04296875
9.66227172
0.64241578
16.13378906
7.96743130
5.64259308
-0.09415524
4.20703125
11.29540341
23.08170656
3.44075189
2.68587655
12.28548094
12.71093750
7.34375000
14.74218750
9.12858156
2.17382812
7.49609375
3.82063719
7.64811281
15.37500000
5.86295407
6.97591312
9.13704344
9.22835328
2.79475953
15.13871246
0.40572113
26.21875000
8.42968750
9.39062500
0.05984497
1.42089844
18.53466797
4.92187251
17.52929937
2.46093750
6.44531250
7.33039783
2.53874279
10.02343750
0.82714844
0.09571288
0.21028687
2.09570312
3.98518673
0.24064335
10.42187500
6.18782469
3.15689938
8.30956782
8.67684397
7.51261414
2.47070312
8.53906250
0.54150391
13.04036126
3.51530280
1.46972656
0.05594523
13.99962669
9.06863631
5.22445700
12.05517578
2.55619293
3.41743864
1.24853640
6.01057610
6.88151374
1.69726562
1.23535156
2.68750000
5.13281250
4.89876219
4.90201906
1.80993652
4.14876219
11.92545656
21.38818359
7.38216063
3.68326906
5.59765625
2.44531250
8.35644033
8.79329842
6.96451906
3.74414062
11.05273438
3.36360594
4.99576906
1.62890625
8.20427036
5.42187500
8.07031250
5.94954344
0.04825929
9.87516110
6.18326906
5.54687500
4.17155031
4.09914442
4.47623781
6.51562500
1.86523438
7.76171875
5.38605940
7.67285904
24.97428468
9.02864500
5.94108156
3.75585938
3.60351562
5.08365470
2.69564217
4.61328125
5.29101562
2.47070312
10.17968750
2.84993407
2.36295656
8.59765625
3.27734375
3.41601562
8.01562500
8.85156250
10.69302970
3.29720467
1.45410156
2.95663878
6.45670656
5.70703125
6.73437500
7.00716063
13.09440187
7.19042969
3.51562500
5.69921875
1.90625000
5.92187500
6.93163564
4.31868905
3.36100343
2.75135128
2.80013187
13.93443952
17.23975482
14.22460938
2.47851562
10.10156250
7.36964417
3.71679688
7.17871094
9.19173094
4.57780031
2.14453125
6.33300781
2.78125000
4.26660156
1.25292969
5.60937500
15.93750000
3.58203125
8.42187500
13.06250000
2.09993407
7.58561281
6.17675532
12.76275884
1.91210938
12.14062500
6.51953125
2.48274657
0.58805422
1.34570312
11.65722407
5.67952640
10.72233156
2.19726562
5.52668440
0.79753435
2.68259974
6.05177526
4.05859375
3.03710938
3.99316406
1.98632812
4.58593750
11.16406250
2.86165282
4.24576906
6.49218750
1.96004149
10.31876711
4.19140625
1.68750000
10.42203200
2.64062500
7.87955563
4.80143063
7.06120124
11.52164672
0.60579469
3.42089844
3.04134032
9.84375000
15.19108156
15.96875000
12.04687500
2.60546875
3.76953125
2.28954829
6.36621343
3.15234375
5.43750000
7.88508533
3.41211436
7.18937258
13.03906250
1.02636719
8.63281250
6.07031250
9.77343750
0.13586426
0.45108759
0.71956671
5.44237035
6.63184840
4.14062500
7.00260251
5.45247562
16.29036126
15.87565436
6.42578125
9.18391844
4.56998781
0.14636230
0.55712891
0.03976440
9.00784256
2.10153244
2.61328125
10.73828125
11.99220701
2.42545656
1.15625000
7.43750000
0.43359375
2.98079344
3.68912843
11.41406250
5.83801270
2.34570312
8.19173094
10.01139406
1.67480469
9.64062500
0.07562256
14.93033688
13.35872562
10.33984375
3.21289062
13.60579344
4.49173551
0.31091831
4.26171875
7.60156250
2.35351562
10.55175532
3.02636968
3.20149657
3.13117908
3.29427748
4.57421875
5.57812500
0.00388908
1.13769531
3.16292235
8.45341066
10.82454344
2.78483156
8.20775568
1.41780890
15.65689938
4.62044437
4.93359375
0.05142212
3.51367188
2.19726562
2.66698970
8.21386968
12.20605469
10.00000000
3.48632812
9.77343750
0.63867188
2.66210938
6.68750000
1.97265625
0.03298950
2.21557617
13.75000000
0.16894531
10.65803953
0.93147703
4.15169437
2.17187500
2.24446532
7.50767092
7.75390625
3.79882812
3.76757812
4.92578125
0.95898438
4.58333001
8.37370124
7.42578125
4.03906250
14.53906250
3.12304688
0.03091431
1.56347656
7.81640625
2.05859375
1.45246316
4.17546653
4.82031250
4.54296875
0.07031250
0.69726562
1.57844969
3.23405031
7.34244127
5.46179853
2.39954132
9.74234860
7.19466312
9.53906250
3.07617188
0.00369835
4.70703125
8.65266844
3.14908190
4.33301529
0.01768494
0.47998047
14.69531250
6.40625000
1.74681122
0.89845245
4.68359375
0.80684324
4.75358156
7.50000000
9.76562500
4.71875000
0.21002197
2.45703125
5.79296875
0.31469727
3.77262204
7.99544437
1.36132812
4.05078125
5.71158688
2.80989749
9.99218750
2.98046875
4.29654533
7.82259530
7.53515625
4.20312500
2.02929688
10.71939938
2.79036624
3.56445312
5.00268056
2.58984873
4.55078125
7.81250000
7.12141844
0.79801515
4.96093750
0.03018188
3.47656250
6.53906250
0.47265625
4.29296875
2.86578369
3.32226562
0.46313477
5.82031250
1.75292969
3.54492188
6.33984375
0.02183533
2.53125000
9.46093750
1.79394531
5.01562500
2.91992188
0.03756714
2.69531250
3.49446532
1.53125000
1.79752687
2.87662594
2.75325687
10.85156250
2.59960938
14.59765625
2.21093750
13.96223626
9.45654172
0.81364389
2.20898438
6.07608821
19.36354802
0.69580078
3.03895703
2.05308399
2.54101562
5.03906250
0.17541504
4.37326050
10.27343750
10.32812500
7.30891844
4.65754876
8.33822030
7.88742065
7.50781001
8.77636968
20.62141844
3.59537843
1.30794188
7.98795656
5.37500000
4.85943142
5.00651374
5.33593750
5.12109375
6.95947141
0.34790164
0.99804688
2.12207031
1.82324219
13.61441891
7.48240236
1.73405031
4.90234375
0.31469727
0.64794922
6.12500000
8.31900876
7.83528812
0.00290298
2.14406490
8.13281250
4.14062500
1.10969969
9.50358156
10.26127106
0.40181488
2.95507812
1.74414062
5.48046875
0.58349609
6.42968750
22.25308954
5.54834109
7.30208499
5.46484375
7.29117797
0.65120484
6.45703125
9.16406250
10.72656250
11.83593750
10.54687500
2.82226562
8.06583555
1.14998476
1.83690908
3.68164561
11.18359375
1.62630125
19.84375000
12.04687500
7.86783688
4.54590093
3.74414062
7.57584469
3.99153812
12.73924637
3.54589844
2.16406250
12.19531250
5.95979735
7.05344728
7.12500000
7.02555297
0.39339234
1.91210938
6.16795878
2.63672872
2.49414062
2.78743407
1.74186281
6.48828125
0.56835938
7.29687500
2.00000000
6.49609375
1.55273438
3.93164062
4.12109375
14.50423094
3.17936281
3.00390625
1.13899657
4.56998781
1.93554688
6.25423094
3.31608156
13.35937500
2.82226562
5.63508533
5.40397717
6.38518686
0.49616079
1.69042969
8.24446033
1.22038342
4.76725094
12.46736820
11.41406250
3.08789062
2.54101562
0.42626953
5.98437500
0.57470703
2.23079344
8.20670656
2.39843750
3.31835938
0.00563431
4.30078125
1.73469969
2.05045656
5.26497064
2.68620124
8.98852539
7.70312500
4.88281250
6.11130707
2.82906253
2.89648438
12.08593750
12.65625000
1.33593750
1.99121094
4.24543939
3.61230718
8.77180408
5.89583998
0.72509766
3.79882812
0.02835083
0.79443359
11.47736799
8.33269060
10.53125000
6.90234375
5.07421875
6.13557735
0.44450077
3.35546875
10.23632812
7.39453125
10.82454344
9.76920656
1.86230469
9.00781250
1.52343750
10.91959220
8.51009530
13.77929688
1.60872313
5.14420656
4.07812500
4.14525759
2.27198636
3.51423572
6.75163342
6.45732307
4.10969969
1.91959718
3.72851562
6.14908688
7.16764406
6.59733156
16.15625000
0.47167969
6.14453125
6.11343736
1.46444350
4.31640625
3.87711547
1.80940797
17.36393063
5.84310062
7.92968750
3.06510251
2.56140292
3.24068207
8.55830809
1.58463625
4.32063719
4.37467531
12.99910461
0.20536316
3.06521797
8.07617188
6.71093750
5.61328125
2.98437500
0.34252930
1.87500000
6.12500000
8.75423094
6.96061281
3.57617188
0.22802734
9.55468750
1.53320312
9.15071532
10.86718750
3.75358156
1.14355469
9.66153805
2.42002106
3.27148438
5.81200798
2.73063608
2.11100343
0.81005859
5.98046875
4.05729001
6.46810062
1.67089844
15.10709220
16.14920821
4.03852419
4.62500000
5.87890625
6.11360594
2.29459718
5.42879211
13.27708777
6.51091699
10.60156250
0.01146698
4.57812500
6.49218750
7.91319275
2.89453125
0.96386719
4.76025266
1.79931765
0.16040039
1.82324219
2.23225828
5.27701906
0.54058838
10.76985594
18.87858156
0.87646484
0.00137520
3.05664062
10.44304752
5.56640625
4.06640625
4.59765625
2.02278064
7.36491467
1.11816406
19.67968750
10.05859375
3.83593750
7.87890625
5.41536126
8.96028812
3.34147218
7.10156250
1.50455812
3.56656860
3.48811890
0.62402344
1.42773438
4.60937500
0.17126465
9.32633422
1.01448609
3.22656250
17.89062500
10.33300532
2.21614749
11.92545656
4.57421875
1.09082031
7.08026185
4.03711436
5.90625000
5.72656250
11.93750000
5.68750000
4.41406250
0.75146484
6.02856383
4.62768617
5.55126704
8.37793218
2.32226562
13.45440382
2.41668993
4.83984375
1.35449219
8.35937500
15.68750000
5.12109375
4.96394836
2.89347351
0.55810547
3.10156250
7.50000000
10.25424877
0.13511166
2.46093750
2.57031250
5.04296875
0.55582516
14.33803397
1.16471936
3.24609375
0.02619934
6.43750000
7.39322252
5.89974623
6.18359375
8.68750000
14.74218750
0.22969481
12.75200228
0.98193359
10.50000000
4.31949205
14.55126829
5.01709109
2.74023438
3.71875000
0.67366453
1.53385500
0.00510025
4.19042969
3.54524657
4.37076906
3.90820312
7.08984375
2.67187500
6.26530457
11.85693359
18.38492797
8.05647828
0.15380859
1.41213131
3.48242188
7.86718750
3.53320312
1.29802800
0.45101451
1.43359375
0.92968750
1.52050781
1.67773188
0.27978765
9.47656250
24.42314243
5.10969969
19.95702876
5.40560062
1.28450687
9.50000000
3.27929688
9.60839096
4.53693706
5.63592198
3.66796875
11.08235594
0.99479250
2.07617188
0.57098337
3.73600343
3.23437500
3.35937500
5.30859375
3.15234375
8.09375000
5.29296875
4.53515625
2.37695312
0.18542480
0.00253105
3.89453125
0.08276367
4.69769338
1.88368350
4.29557624
0.83203125
3.82421875
0.27121823
8.39712877
3.74675310
0.90820312
3.07063719
1.70377687
3.03515625
11.76562500
1.08007812
0.65128415
0.07015140
3.13311386
2.50585938
5.27343750
0.10345459
0.02507019
2.83092060
1.92689190
7.62890625
0.94173094
3.18717531
9.89062500
6.87109375
7.28125000
2.66796875
9.56250000
4.51039507
3.90171431
4.30468750
10.00781250
7.86751219
3.18359375
7.74186281
2.22520481
3.96315159
12.59798094
6.12846280
4.03435948
14.93505361
6.84180186
4.12890625
3.64908688
0.04793460
3.50800920
3.94413674
0.12158452
5.97265625
1.09118652
2.91941261
2.00976562
3.28906250
1.82324219
6.50455563
2.92902815
4.44532247
5.42219969
2.84342531
4.44921875
1.10117428
8.66401764
0.76697361
0.57763672
1.01757812
4.62500000
8.32031250
4.80468750
5.90234375
2.73046875
3.02539062
2.34765625
4.09960938
4.03515625
11.06314938
4.39388187
3.14453125
1.40136719
2.81445312
0.80313899
0.66854070
8.64062500
2.07226562
1.33572990
5.91417855
8.32031250
4.92488586
0.33658875
0.08575439
3.96679688
4.66015625
3.24804688
2.61132812
7.41048094
5.52701906
8.07812500
6.04003657
2.99772218
4.44075687
3.71875000
2.85481439
4.91666999
0.32080078
4.38281250
1.70800781
0.27954102
6.50301086
0.34171570
3.83007812
2.42382812
1.60351562
6.19531250
1.85937500
0.22114989
0.14847902
1.08693461
3.83594747
4.64453125
9.24218750
0.20312375
1.78955203
0.36127494
0.76595094
7.59936025
2.97266123
9.25000000
0.45654297
1.18164062
2.37695312
6.86704456
0.71889294
8.41406250
1.03987298
3.47916999
5.41015625
0.11825987
9.20670656
11.59016844
4.22233156
7.63085439
9.49805186
0.00833130
1.74764824
9.96678192
4.23243683
7.47656250
2.23242188
7.59439938
2.51139406
1.64811281
1.91992188
5.48437500
10.95992422
12.85937500
0.01390076
1.58496094
4.78515625
7.52539062
0.52400633
5.00358156
0.35717773
0.00270081
7.67968750
5.90559564
3.81901374
2.06219482
6.49641844
0.90983156
5.07633422
1.01155640
15.37564938
4.46093750
1.09505374
9.21093750
0.04641724
9.38704344
1.75292470
2.27897717
2.49218750
11.42903563
1.55729250
2.02539062
0.00259399
11.60937500
2.46939938
6.50716312
1.82161375
2.56608156
8.62923094
0.94889406
2.92773438
11.81480833
10.17545656
16.14453125
3.30273438
1.10083008
10.10156250
2.46411133
0.99755859
2.83984375
9.65625000
4.39062500
0.71289062
0.82226562
4.99580465
8.61573138
4.71451657
9.77506593
2.26920656
9.77164672
1.25113891
4.06217531
8.17431516
1.33154421
2.21077391
1.84252992
13.85245789
0.23854490
1.49869875
13.76953125
6.86425781
7.91210439
1.57226812
1.80566655
6.26594969
4.11295656
6.01985594
1.30143312
0.09613037
4.43359375
4.05078125
6.38671875
3.22070312
1.90917969
3.54101562
0.49267578
2.51757812
2.14042113
1.50504267
4.43082890
1.01220828
7.69140625
8.41793823
10.00000000
5.18723679
2.07812500
6.19531250
7.52343750
4.00781250
5.50183105
5.30078125
19.73437500
5.26171875
14.47363032
0.61054479
5.21484375
10.02404690
8.75781250
0.45686766
8.94531250
13.52177004
7.68688965
2.56054688
11.55078527
3.16701960
1.52132203
2.12002776
2.74381593
14.76562500
8.57519282
7.18953679
0.35367859
3.79003657
0.90136968
2.97265625
5.14843750
1.32714844
1.44750977
3.50000000
2.30859375
0.11236382
5.60156250
0.55745360
5.79264406
4.84127869
12.07424866
0.00227928
4.74218750
6.68367243
8.42910683
3.15349512
3.44856937
4.62231383
4.79435118
7.36653812
2.29687500
2.47460938
0.17308470
4.34342531
13.27343750
8.47656250
19.04760742
5.80078125
10.03067120
1.82650653
11.18456782
7.40527593
11.13281250
5.52453613
9.79492188
2.35351562
5.95442376
3.45963874
7.73707879
5.54852466
2.89583499
9.70019282
2.20996343
7.80468501
11.31543218
0.96582031
0.39160156
8.20312500
4.30078125
8.00000000
6.13232297
5.97802859
6.06494016
7.64209109
1.09082031
5.82031250
0.26733398
13.43608435
5.29713098
0.00251198
7.32241800
5.21859264
0.90039561
0.00468445
2.17968750
5.43359375
12.61651818
1.72110754
8.85335328
19.75125122
4.73828125
2.19921875
7.88626099
10.32812500
3.31805420
3.58398438
14.17443848
0.60595703
0.68945312
7.00000000
3.69140625
2.61588376
3.65169437
0.35306637
3.59310062
4.22387197
7.87044686
3.15397218
3.17578125
10.23079344
4.17155031
14.52603502
1.93294935
7.77895723
2.83823027
11.25781250
6.96093750
9.11132812
7.31347407
6.46744626
9.56478280
7.70312500
10.45507314
2.17773936
3.69921875
5.75000000
4.18359375
2.96500485
2.59700687
0.26280212
13.29166002
11.61072701
3.99902593
4.57844969
9.46875000
3.45668749
3.61523438
8.74218750
13.28971188
0.67276852
11.25617908
2.31088153
24.91048094
5.08561281
1.68066406
6.36718750
7.41015625
0.02403259
11.18750000
2.83918939
3.91410651
10.11718750
2.51953125
0.63579105
3.46647717
1.50659180
11.83593750
1.57519531
12.22656250
2.88000488
8.38122559
0.99804688
3.06200923
4.19824468
7.58984375
3.86523438
23.84277344
8.67187500
4.28548094
5.39420656
3.22656250
3.39453125
3.18750000
13.56281472
1.45508809
3.11409298
3.84456671
6.55468750
2.42578125
1.15625000
10.02343750
0.45483398
4.29296875
8.04068595
3.09017342
0.20214844
8.47771111
0.58283577
3.79020735
2.98600343
3.75585938
2.82226562
2.39691591
2.37109375
10.25585938
6.04687500
6.15881317
1.10778840
3.29687500
6.68487533
0.42401139
3.38932126
8.92122562
11.56250000
11.68737793
0.21472168
7.09375000
4.87109375
2.55273438
2.78809050
4.45867464
2.71875000
0.79931641
0.02055359
5.13671875
2.47460938
3.44839061
0.24155079
12.41031735
6.66775425
5.42187500
8.39062500
0.55664062
0.48418188
2.26562500
4.33203125
5.17187500
9.55468750
10.03189938
4.78060062
4.22590814
6.78385749
14.30533688
2.08919437
2.67194537
4.77882978
2.66796875
0.33618164
1.68945312
1.38736813
6.12044437
2.83398438
7.02734375
4.17968750
3.78938719
8.72233156
1.09863281
10.95377438
4.82877687
6.69889406
7.46093750
0.04782104
8.22656250
6.14453125
2.29166501
2.61653812
7.72688719
2.77311281
1.37402344
8.72476175
1.90414450
13.20153809
1.35156250
4.30078125
4.64811032
6.23763187
1.38183594
1.08789062
0.19023800
3.51953125
9.45312500
14.97781372
5.32681627
2.94466810
5.21939938
10.21767337
7.12796787
1.23344081
4.49120845
4.60026374
0.40185547
0.08331871
3.37304688
4.80859375
1.76269531
5.17578125
0.70214844
9.59568817
5.25196808
2.80418053
5.76906166
3.96234638
0.05974834
0.02746582
4.78515625
6.82974845
21.50673785
11.01139406
3.14453125
8.80468750
0.02624512
0.00073195
8.40625000
2.56086658
4.53603649
2.58577515
1.90234375
7.80501219
16.50358156
4.52343750
5.73046875
11.67968750
1.30761719
1.58789062
3.99934564
1.67643561
4.66796875
9.03906250
9.58056516
0.87434937
5.80468750
0.68636161
2.99023936
0.85644531
0.00093365
2.96484375
1.80077876
3.31347905
9.97656250
0.06671143
6.93359375
4.24218750
3.72265625
0.98193359
1.78482907
4.42903812
1.44824219
5.03906250
2.10937500
7.25781250
2.48632812
2.92918800
0.66944481
0.67138905
13.87471963
5.74218750
8.64420656
3.53336173
15.53743905
3.76399657
15.81608156
1.88378906
4.32421875
9.59375000
0.61962891
5.67187500
10.70305061
12.17187500
5.55631344
4.66185672
17.59729429
4.40266844
4.14388187
7.87960815
6.22688719
5.66373781
0.00424957
12.48079344
1.82291750
4.56250000
3.65234375
7.87304189
2.78125498
6.96093750
11.66406250
6.57616689
4.73242686
3.78970939
5.78743905
0.91210938
3.42382812
9.47656250
2.76757812
8.04687500
0.17053223
9.29752438
1.63020999
3.87011470
5.00860845
13.31265494
6.67838625
3.42578125
4.51953125
4.44531250
0.00565720
3.29638672
9.47875977
3.23419189
1.77832031
10.67274857
7.92187500
0.04513550
0.00308418
8.69531250
8.15266844
1.13736315
4.49317154
0.36108398
4.93066157
0.88086187
4.37109375
0.05291748
1.95703125
3.96223128
2.05144060
15.70620155
3.66406250
2.21679688
9.85156250
1.09732658
4.68587655
9.23437500
0.00131989
4.23437500
8.17968750
0.32421875
11.01399158
0.69987561
3.39062500
4.74438477
7.90234375
3.60351562
4.49218750
3.28515625
2.47070312
0.14574095
1.66524324
0.49947113
2.47803402
1.49804688
5.39453125
2.19531250
2.75032469
5.30045656
9.56673094
7.61295656
0.94189453
5.35546875
4.51953125
4.07194519
0.14001465
6.59497008
0.07128969
1.65845307
11.32830230
10.85156250
5.49536133
4.01171875
0.35742188
1.23437500
13.47656250
5.37890625
10.86962766
0.53173953
0.85156250
3.50781250
5.69921875
0.20214844
1.58675047
5.83170656
3.41601562
5.17187500
0.15405273
2.81835938
6.12109375
1.80468750
1.81933594
4.44531250
11.03125000
6.47265625
10.01367188
6.16406250
0.49686676
0.55513519
4.57421875
1.29785156
8.03125000
6.71875000
0.52156492
6.32486813
9.95605718
2.22688719
2.45670656
2.90820312
1.06835938
1.72211617
0.32817680
1.55273438
3.40104001
0.10042484
1.36776528
3.95963874
2.31054688
3.55273438
2.11718750
0.71972656
5.38671875
6.64843750
0.01248932
12.31070922
0.13082739
0.33689242
0.11015745
4.97623781
7.39705497
-0.00805884
0.11552855
1.95280031
6.41796875
3.86253824
0.40699301
2.56229305
2.38476562
3.87727782
1.00455812
6.78125000
1.71321532
2.10709718
4.71484375
2.78125000
5.10790891
1.41064578
0.67833130
-0.08182614
2.86132812
11.65529633
8.03058068
4.54786901
15.52083067
10.13281250
5.25164795
1.41423813
7.55990248
2.68717531
6.18750000
5.92968750
0.66758537
12.27050532
1.48763187
1.62272218
6.71093750
0.05627441
1.89062500
12.51204344
5.27701906
0.38134766
10.71744626
3.67513187
6.69467163
4.12923094
11.38639406
0.66699219
6.65625000
9.35156250
2.63476562
0.71484375
0.33276367
0.16528320
1.81152344
9.50813221
0.79199717
13.01741578
7.42366578
1.31738281
6.08203125
4.61718750
2.85291015
3.29386414
0.24548340
0.07800293
0.00832367
0.84375000
8.04812930
2.53067743
10.37370124
9.58593750
0.47338867
1.82128906
5.67968750
0.06408691
8.56250000
0.19545408
0.83463625
2.79915282
1.68619875
5.56673094
15.18717531
0.06756592
2.46181107
4.44531250
0.50488281
0.00672913
4.87890625
4.14062500
0.41992188
8.86718750
4.09634752
3.47396498
8.63281250
0.15490723
0.20776367
2.72851562
2.80696532
7.35514406
0.05062866
2.40039062
4.78157469
2.72183954
1.13232796
3.00390625
2.65526596
0.58887466
2.92413478
