0.18033688
4.88346188
5.67448249
2.39843750
14.32812500
2.40039062
2.46484375
6.67219969
6.41373781
4.70214844
2.07519282
0.76172124
5.82454344
2.13248781
3.11328125
9.79752438
4.56185062
2.58789062
7.62890625
0.19543457
14.42178448
7.80502216
6.28906250
0.05252075
8.67057126
3.62662843
1.67252687
5.90625000
2.79296875
6.89159907
5.03808843
1.79492188
4.07031250
1.81152344
2.02343750
8.54036126
0.85905280
11.28320312
1.75309203
10.11897828
5.31640625
6.10156250
16.37500000
20.57344481
8.31608156
14.66503906
3.09765625
12.19173094
15.05468750
15.55370346
5.28581560
14.32908910
5.96778590
1.74414062
24.96972407
10.59178192
7.14487089
6.02278812
9.30403812
19.25322696
6.32131648
2.69921875
12.61295656
12.59081782
7.34277593
13.82779533
2.14876717
12.89062500
8.47298094
1.04655031
5.22264628
4.19564716
4.50390625
2.91829344
8.90949690
3.73047872
6.91536126
7.82779034
4.24545434
7.60253657
1.23112311
2.86523438
11.36555408
0.28727795
13.89648438
1.19824219
6.07031250
2.18164062
3.39453125
0.79541016
2.77571532
4.74576906
1.91308594
6.27864251
5.39355718
4.99218750
2.35514406
13.91796875
12.01269282
6.68652593
0.63916016
0.25048828
4.01204344
6.64453125
5.55826906
18.60709220
0.25911874
2.71484375
9.57714096
1.40918716
13.97363281
2.90462157
12.43326906
8.13281250
12.99346632
3.88934618
11.05240470
3.93978280
6.98828125
1.90722656
9.15754876
2.92448249
11.26562500
5.19140625
15.12923094
8.85156250
19.83398438
3.56640127
13.97819592
2.79687500
4.92879211
0.04661072
2.04134032
7.83462877
6.01693373
7.73795656
15.47557846
4.97787123
2.28751711
0.72216797
4.82844969
7.17545656
3.59765625
1.98828125
16.89908688
1.33821781
3.90234375
8.35719803
0.15281174
9.98697751
4.25325687
3.27343750
9.66406250
15.67610594
6.13248781
8.97460938
1.98535156
15.69173094
13.69620851
2.86328125
6.42968750
2.04492188
2.64257812
8.68293440
14.14519060
5.89062500
2.77766844
1.11393312
13.03189190
3.19564716
12.75488281
5.68359375
13.44954344
1.00651125
4.94921875
8.96158688
1.91536624
2.14062500
9.52766844
7.35806627
7.91146498
16.15982907
8.08301030
16.84375000
15.47721188
1.40364749
1.70996094
14.88704344
12.30560054
3.99479499
12.17602539
3.26562500
6.84797097
11.85515403
9.14062500
8.62500000
11.32556152
4.14843750
16.09244626
13.67122562
14.49641844
1.58073000
5.31250000
2.91601562
2.48046875
12.83430408
4.85710217
2.17187500
5.13671875
1.73730469
11.01529034
2.42090591
7.70280031
4.59342531
10.11360594
4.67350343
4.54296875
1.42024657
3.96842531
3.88867188
3.73828125
11.89908688
4.67513187
15.76985594
1.76269282
2.52213874
8.33235594
3.76530031
12.29817376
5.33919437
4.91731937
4.68359375
3.14257812
11.98502438
11.50716312
3.22656250
3.31746399
0.09885682
2.23632812
11.85742188
12.44461236
1.64713874
16.58072252
5.57943373
2.84960938
2.56054688
0.00212669
1.64550781
2.83039783
2.17936779
2.27148438
6.98502438
13.36360843
3.58984375
12.95312500
8.59375000
1.61718750
10.54687500
0.10705566
1.31250000
13.48860594
7.58658688
4.29590093
1.28027344
6.12922097
4.13314716
10.04622562
3.40429688
4.24609375
8.53906250
4.99251219
3.14387689
6.23535405
3.85091312
8.20312500
7.26953125
3.12304688
15.42571975
0.47711228
1.77929688
5.90494127
8.21615248
3.64680907
6.13280253
0.77214622
10.02766844
5.23405031
12.37271720
8.24447030
12.75602172
2.46077515
1.33691406
3.47525876
4.81314938
2.42871343
8.79264406
3.17773438
9.29329344
2.09733156
11.95084469
3.63411624
4.94140625
9.98079344
15.33170656
6.59765625
7.71581782
2.80176030
1.35839844
15.90331782
6.72330563
1.82259530
2.10546875
3.83202627
0.72363780
11.12336658
1.71843029
8.23828125
5.82909907
1.85481937
4.00781250
7.72721188
1.22168218
11.72004876
6.08463874
2.33789062
3.56119626
2.08398438
6.50748781
5.66959220
3.91211436
14.70642222
1.78027593
5.32942376
14.33495346
5.30437278
9.78125000
8.84016844
6.11686281
3.71158688
2.04036624
9.26204344
2.34342531
13.96842282
8.71451906
2.38639406
15.13704344
11.74218750
7.93359375
10.00000000
15.65592531
2.80533688
4.08528812
7.21484375
1.68261719
3.52734375
13.04427000
7.49007203
1.59163453
9.82812500
11.36427733
2.16959718
11.33658688
5.57356937
12.85286126
8.29557624
7.12500000
2.97460938
0.00430298
0.02377319
1.82324219
9.60514157
8.95296390
5.10156250
1.03222656
2.56640625
23.07748413
2.85937500
3.01171875
6.97656250
14.34927970
9.43197030
1.36132812
3.89941406
1.61035156
6.57031250
5.59375000
6.02376219
1.18424562
4.24218750
4.12890625
10.31054688
7.55859375
4.23437500
0.10908934
1.21451906
15.39453125
10.16992188
3.31835938
12.79337150
10.85026374
2.61100343
15.40787345
18.04915780
1.26464844
5.91015625
5.23079344
4.47623781
2.09960938
3.80875610
0.05995728
0.76074219
6.72265625
6.09049313
1.26399906
3.18033688
1.97005374
1.83398438
11.06509752
7.05990248
1.39941406
5.51757314
4.20508311
2.49609375
9.44173094
14.63053468
5.80078125
13.73144531
0.10388184
1.96096420
10.89062500
19.32958984
3.49023438
18.42236328
16.60579344
3.01725343
1.86132812
6.71630859
9.91406250
5.60546875
6.12109375
15.38793883
0.53344789
1.71191406
7.49804688
7.08203125
10.49218750
0.51123047
5.89453125
8.68750000
1.88671875
3.46289062
13.92740719
1.06770999
6.85937500
3.81477782
14.69563719
11.56207275
3.49153812
4.12500000
7.23502438
1.09407220
1.13379405
8.79687500
0.67773438
11.54194821
9.91898929
3.29882812
12.00423094
12.15526596
12.99576906
8.42285904
15.41992188
8.68098626
3.50260749
8.59016844
1.38639406
7.51594969
1.73893312
6.46484375
8.17740470
3.39876717
14.06372070
1.43750000
1.20637938
1.06901125
7.33593750
2.48632812
1.95735594
1.74251219
6.85091312
4.45312500
12.67512689
5.73893561
3.61523438
9.23502438
1.61067874
7.76953125
6.38443595
1.30697030
4.07031250
6.75000000
12.74592517
0.63346936
1.10400141
6.65461658
4.08269060
1.56933594
13.73892066
8.70639184
2.11914062
4.69921875
17.00390625
2.37890625
2.30078125
8.36718750
16.66688506
2.99548371
5.73258422
0.12666871
5.09423828
14.04394282
5.23535405
11.03743407
7.21484375
1.68229250
0.38647461
1.73639621
1.52214871
9.21093750
4.37955563
8.48372562
4.61718750
11.66308594
3.92187500
6.32812500
13.30110594
4.25748781
12.71516844
4.07389406
17.33593750
2.20442127
1.14811779
9.05110594
5.92968750
1.85123781
8.22460938
8.50781250
7.31673094
5.57780031
6.14402926
5.98097074
4.21875000
16.44596188
1.98177249
8.48437500
3.22916501
3.67903812
1.17871094
15.55728502
7.64159907
5.61752216
4.39062500
0.04531860
0.79541016
1.66408907
1.41440214
4.59765625
5.08203125
6.58984375
6.43750000
9.72656250
2.81445312
1.16113281
3.42901818
3.18247229
4.88460328
8.15266844
20.17945436
7.61328125
6.16406250
12.11197252
1.17057873
4.59342531
6.79101064
11.79134530
5.30436281
3.30859375
3.42578125
6.49267578
4.00000000
6.35546875
2.02148438
2.49511719
9.07812500
2.61718750
15.02343750
7.53309133
2.26172373
1.69921875
11.62744141
4.68750000
12.47839106
11.35464228
2.90820811
2.27539062
8.59375000
1.75341797
3.91015625
7.44921875
20.51728997
4.41666999
7.76953125
13.14192376
1.64323249
1.86718750
16.20930408
8.94954344
4.16927748
7.12500000
4.02343750
0.33862305
15.68750000
11.01367188
8.83007812
6.36718750
3.23437500
12.29687500
2.69139379
0.89552027
3.77929688
9.24121094
5.35156250
4.19531250
0.04077148
8.07812500
2.84765625
1.51855469
16.76220703
3.95897939
3.40039561
3.87109375
0.24881833
5.99609375
0.80452640
9.05109597
10.71062278
0.72705078
14.06281472
5.53874778
4.55891844
1.20930907
3.53645999
12.68033688
2.57177859
0.88606812
7.79394282
3.44043218
13.36360594
2.65983156
2.94140625
11.78026596
6.04037123
2.30468750
7.56998781
18.09525387
10.02278812
2.83268063
0.54964359
1.98208722
1.16406998
6.41373781
0.71500734
11.74706782
5.15527593
12.82226562
12.55501219
19.12500000
0.44156984
20.30305408
13.20117686
14.76725343
1.02083250
9.54459718
9.82812500
5.35937500
4.86718750
3.85090814
1.21159186
2.53906250
7.86328125
2.26367188
15.08968016
8.03092531
4.14453125
3.74316406
8.68750000
1.68652344
7.25390625
0.01419830
2.93554688
9.58690160
10.39877216
9.96386968
2.06022218
19.54492188
13.27343750
3.86230469
10.63736813
4.42903812
2.97330563
2.94661624
10.25000000
5.64062500
2.66015625
9.26790282
7.79915282
9.49642093
3.54524657
1.12174562
9.81250000
1.79492188
10.59699690
0.64519060
3.63281250
7.53125000
1.09570312
1.83593750
8.19237035
2.15919215
0.87646484
8.04882812
9.35156250
12.54687500
11.41406250
3.64843750
8.86067376
5.67448249
7.16242908
5.58008311
4.00748781
1.16699219
8.41406250
6.79459220
8.29915780
3.31445312
0.06579590
0.01210785
1.59667969
10.67309570
13.11002438
6.15267093
4.58593750
11.43391844
6.58984375
2.76530031
14.62988032
1.90918218
0.88964844
12.65921373
3.59115248
8.46320036
1.99448027
12.45882328
4.35994383
2.77115968
5.39518063
4.51497562
13.30516332
5.85450465
5.24218750
4.28352782
3.42936281
4.01171875
1.61328125
2.20507812
19.21719360
20.04040527
7.48648922
5.46972407
5.42122562
5.62435062
2.98600343
1.19140625
0.97534180
1.04980469
4.66894531
9.17187500
5.62109375
1.45019531
1.57910156
2.56250000
17.88787842
4.32812500
14.80077876
11.78841312
11.26920656
2.55273438
10.97427970
9.49234929
3.10262391
5.44921875
8.17513187
6.02343750
8.02571532
3.34407469
3.90169437
8.46093750
14.04329344
3.94889406
17.81250000
6.22084553
11.21274822
8.82454344
6.24217753
1.10906028
1.75878906
11.83593750
2.16992188
7.24316157
6.36621343
6.56640625
3.14648438
3.80664062
7.57031250
17.31943600
18.44466312
5.72460938
5.39453125
0.02815247
23.92447252
-0.54642076
0.71166992
0.36181641
4.09228516
5.79117672
1.84700687
2.34676086
3.73917664
2.18067023
8.64389184
11.78125000
2.01757812
15.86067376
14.92676030
7.33170656
1.84179688
3.27343750
0.91064453
3.33593750
5.62336658
2.08984873
7.74218750
2.80859375
2.87076906
1.67187500
2.99121094
6.80468750
13.73079344
1.10709718
8.57812500
18.02343750
2.18314606
5.29341644
8.77635971
1.89160904
1.03222656
7.32031250
5.05126953
8.61360594
8.08593750
2.49381593
8.45312500
5.39453125
3.59016844
2.56022218
9.48841858
6.68945312
6.42643063
6.46875000
1.36067874
6.37890625
3.49072266
7.89062500
7.34407469
17.86602358
8.00000000
9.67187500
8.84081782
3.62787114
0.66992188
7.33593750
3.48828125
2.21679688
6.97689819
3.85220690
11.33757092
6.36751219
6.42513187
2.00032469
1.98600343
14.63346188
10.19497784
0.85938497
14.66406250
5.68750000
1.77636719
0.31217531
13.18957520
1.98046875
7.03840315
3.60222185
1.32128906
10.43293440
4.23926529
7.44889406
5.92187500
0.77685547
6.11392066
4.30437278
9.01423759
0.55672678
1.77343750
4.04931641
15.65639158
0.60319093
2.94140625
6.27734375
3.50585938
10.73079344
3.28287843
0.89746094
7.57909907
9.34015126
0.32220475
7.34798094
4.83170656
16.99617430
1.66373781
7.06640625
7.27376219
0.62418703
3.58005819
1.46323525
5.42578125
3.08561281
8.96516844
7.44335938
1.18684813
7.56184065
5.35938497
2.26367188
7.23502438
0.51595218
2.18635611
0.58317514
5.56640625
2.76562500
2.46972656
11.13281250
6.11523438
3.07617188
10.86360594
4.47623781
1.69238281
1.97363281
8.89062500
6.14133542
1.34928468
14.21451906
6.07031250
2.52929688
9.84195922
0.15743043
10.42870346
1.15137466
7.89453125
0.91845703
5.68359375
4.03515625
13.64372679
0.24576906
3.25781250
4.90625000
3.92187500
12.66666002
0.34310560
20.86490719
3.60709718
11.03125000
9.65625000
4.00748781
10.21093750
8.96911372
0.72412359
10.22477172
0.48616578
7.43359375
1.58496094
9.09798094
10.47405580
5.53026596
2.11491467
6.05436281
12.40983156
4.23046875
7.94140625
8.76631341
6.35026374
3.68782469
3.65141634
3.41992188
11.34439938
10.04264406
6.39030031
0.51562500
0.56485836
4.27669437
1.29199219
10.16406250
11.92187500
3.91406250
3.86523438
14.62906203
1.54166999
2.01953125
9.13281250
9.98828125
4.23437500
6.39599360
4.19466312
1.80729250
10.03125000
1.69531250
3.78385251
15.26139406
0.53043703
0.34612788
10.83886968
7.98046875
3.51562500
3.68587157
2.21061281
7.29687500
0.01238251
8.61425532
8.15918218
2.96109985
1.54671265
6.03515625
9.10719803
14.42315658
0.22001160
15.01235816
11.12680200
5.83984375
11.15689938
2.65950687
8.93750000
12.72460938
1.95963376
3.00911624
0.86865234
2.35937500
9.03906250
1.12890625
9.11002438
0.20328859
4.44173094
1.26009281
1.79589844
13.64843750
18.40754876
9.70805183
0.72134752
12.32975842
3.83170656
15.80957031
7.03254876
10.74870124
5.26953125
11.19531250
15.84798094
7.76139406
1.14941406
10.47900266
2.75374390
8.69010500
12.34977172
5.25569703
0.18275921
0.25846437
17.20312500
5.62532469
11.66927249
16.89452128
2.90430684
11.86718750
3.64062500
4.25455563
3.34505374
1.67480469
15.02539062
10.83658688
5.76106937
7.05729001
7.42936281
1.22526125
7.03125000
0.66162109
2.79492188
12.87988032
5.20605718
14.01235816
7.64210106
19.53108765
1.96419188
5.95703125
4.84733156
1.80859375
10.83658688
14.19173094
0.27343999
1.97656250
11.98468972
5.10515403
2.01367188
11.98079344
6.61718750
1.43424562
0.68675159
3.61100842
0.73681641
6.79882812
7.70898438
9.69173094
4.81998781
0.93066406
6.71093750
3.58203125
15.84472656
1.74251219
4.02311281
4.50390625
3.41471188
6.86587877
6.06315935
4.43750000
7.23767090
6.62825189
6.52213874
10.47070312
7.38313719
1.20646242
4.61328125
4.10937500
18.39453125
4.76953125
11.40266844
9.57648161
6.75196808
4.17187500
8.07389406
11.52180408
6.89159907
2.43718029
2.11979499
12.25064938
6.55403812
12.77440160
1.02084496
8.21451906
15.85172360
10.15560062
5.96875000
2.13000488
4.52343750
12.28548094
12.23144282
13.95377438
15.44466312
1.62174811
5.82063719
10.01334718
1.66699219
11.24641844
4.17219969
3.18099124
2.51953125
12.39485594
1.61083237
6.04590093
2.74382092
8.83300532
2.31412843
3.23567874
5.46907469
0.68326906
5.04687500
2.51953125
14.95572252
4.08398936
6.59733156
0.51090578
2.00976562
14.27734375
22.47884032
10.62858156
10.81762633
0.02533021
10.64843750
1.95019531
4.44531250
1.46386719
2.05273438
2.36523438
6.81770501
7.98909796
5.70491578
10.54589844
10.03906250
17.16601064
3.54883311
6.53189938
2.97591312
9.46289062
3.34765625
2.47916501
8.31608156
1.48893312
11.73437500
9.66406250
3.58203125
8.33983378
1.51954122
18.57454344
4.23795656
9.37009974
11.41896276
2.75781250
8.27700909
15.58269060
2.43522218
5.66438719
1.54850343
1.23437500
5.59471410
11.88966090
1.51757812
9.50536611
3.96289561
7.52831782
10.23795656
22.49349124
10.29230940
8.03581560
1.08789062
3.81835938
7.41796875
5.71484375
0.86197751
11.36712706
1.46094747
11.50000000
5.13281250
15.97363032
3.66113530
8.59375000
7.27734375
17.33593750
5.52343750
2.16048094
17.49641844
5.35481937
3.18750000
2.19531250
18.48454461
2.96745124
1.27050781
8.38411126
3.91666999
1.09879391
5.67122562
5.14453125
9.17382314
2.10742686
10.46158688
8.07747562
6.16516113
6.63671875
6.68359375
1.80371094
4.19954344
14.35579344
2.65950687
3.71093750
12.90396720
3.10579842
11.69173094
8.63280253
8.24187278
11.82291002
7.71615248
17.34504876
3.13346686
2.07486813
4.05859375
5.92643063
11.89355718
0.93131593
2.35416501
1.58756593
17.99283688
3.84863530
6.92578125
1.69531250
13.05956782
4.92090093
2.98632812
5.51953125
8.00781250
2.34993407
2.14420656
6.20018285
5.82423121
2.21875000
2.92773438
2.92968750
3.63996565
7.74447030
3.30045656
1.03874030
2.76367188
5.17023161
14.10970966
0.90169935
7.78839318
4.07488807
11.85937500
5.82812500
3.91406250
9.87141844
0.88395265
10.12500000
11.85839096
3.47364029
6.75195312
9.39062500
5.56250000
0.27632567
20.02897218
14.31250000
15.96776596
4.21973404
5.52376219
8.82454344
8.73795656
15.51985594
3.31380374
1.62304688
9.42512190
4.18425310
3.80729001
5.60872562
6.68782469
6.08170656
3.36718750
5.98046875
10.28254876
0.96842780
2.25423094
6.86295656
6.60920767
1.89665170
3.10742188
18.70073964
5.28711436
5.37890625
4.59472407
15.20670656
2.54101064
3.78255873
13.05468750
16.19596188
3.30794437
1.05696282
1.88151374
11.15527344
1.67382812
7.49609375
2.98437500
1.14160156
15.60546875
20.66471188
7.03841312
3.71875000
4.16406250
2.09765625
7.01171875
10.79817376
6.14323249
0.48754883
2.10986328
4.91015625
2.39648438
9.18033688
7.96810062
13.63708496
3.12304688
10.92968750
8.57031250
4.34049313
1.98177249
1.63867188
6.03059065
9.86101091
7.63671875
3.57812500
4.67187500
11.99218750
1.64583001
5.30761968
0.30704836
11.76562500
2.91747673
0.31543343
0.35229492
5.95312500
4.96875000
7.22656250
1.94238281
0.90608641
3.96061281
4.78515625
10.44596188
14.23274158
4.03614029
3.95703125
3.43521720
0.14925546
4.31770501
3.81901374
6.68180172
5.37435062
8.71093750
2.99804688
12.52180408
2.38639904
2.12890625
3.00195312
0.99609375
7.00390625
0.42114258
8.89550532
9.87076906
0.43440921
2.42541504
3.84602782
6.59407469
0.75667484
6.93359375
11.36002438
5.48828125
0.94173343
13.72070312
10.61360594
2.75162843
18.23144531
13.06574690
2.55339372
2.77148438
11.93750000
11.65249114
1.83188386
7.15332031
10.11360594
1.89908937
2.03515625
7.32616689
9.50000000
3.10579842
1.51139406
7.34765625
1.43912594
10.24935062
10.85774158
1.04069592
8.64453125
5.15266844
19.05533688
6.01888187
1.89323000
4.79036126
5.74283688
2.89453623
17.21132323
1.42057375
7.71093750
3.29492188
2.88867188
4.76562500
6.77343750
1.65104001
5.02766844
4.66080563
1.23861092
1.10351562
6.90006344
11.58040531
3.83984375
2.10774657
6.37858156
10.87410461
0.25187195
1.28889143
0.81315935
13.52734375
6.94140625
13.66406250
0.20874023
5.18359375
4.55468750
1.55566406
10.43358378
0.44629903
1.41552734
5.31250000
2.64648438
11.44954344
8.04687500
3.72428468
9.11718750
0.53718992
1.04362062
12.83593750
7.73046875
8.06477283
1.82975842
8.55468750
0.95784422
1.48893312
7.41210439
9.24023936
13.13312722
1.56609153
10.63637412
3.44175088
1.83398438
10.08398438
3.17578125
2.61132812
1.69921875
5.78125000
2.92773438
11.15625000
1.23461166
1.46582779
5.99609375
1.72460938
9.49674313
11.75358156
2.08756593
2.56835938
11.88281250
4.01204344
5.51139406
0.57436635
6.70540780
10.13639406
2.67187500
15.27376219
3.85709718
7.62825438
4.32389406
14.42643063
1.94270999
9.18033688
1.89388187
3.26074219
1.37695312
5.81640625
2.61523438
6.91406250
6.63281250
8.90625000
13.10579344
4.53515625
1.58886719
10.59733156
10.08886719
14.19140625
1.04394531
8.50000000
5.48437500
1.12402344
12.95434623
7.90201906
1.68326906
2.74218750
12.77343750
6.09765625
3.29101562
8.61718750
6.26562500
13.23242188
8.21875000
17.94335938
3.35384032
2.91373781
7.25390625
16.06097412
1.13574219
10.12923094
4.19498781
10.32812500
5.53222407
2.25097905
9.14648438
11.64485594
0.45133547
8.56250000
2.45898438
2.79101562
7.81477283
12.59855725
6.68391844
7.64811281
14.30623289
3.20475343
11.57682126
8.20247562
13.21875000
3.39453125
6.03677970
0.79134530
9.41406250
2.08756344
2.57942874
9.15039062
4.57812500
7.81250000
1.29296875
9.08235594
3.47493407
0.45052249
6.22265625
1.51562500
15.23583984
11.53189938
7.23372562
3.06250000
7.03938719
8.74348626
9.63932624
3.80436281
8.00000000
6.93570922
0.01949098
4.96875000
1.48535156
3.28743407
18.05077128
3.33301030
4.37565935
1.63281250
5.50781250
2.06054688
1.28906250
9.20507812
10.49283688
1.60579593
13.78417969
4.14843750
6.80110594
13.46093750
1.97623781
5.98437500
6.52734375
8.08496094
7.50813719
7.36686281
10.08235594
11.82096188
8.80045656
13.10847429
4.86913564
2.26921154
2.97489254
3.15364749
14.86718750
20.28938719
3.81803468
0.87841797
15.27734375
3.39257812
11.99283688
8.98795656
2.84537843
10.50194814
3.52148936
4.74542942
1.06316433
5.65625000
7.25455563
0.58968265
13.12923094
10.40494875
5.82096188
6.82421875
17.40983156
10.66471188
1.45117437
4.72688719
4.44498781
2.06493144
6.20313497
7.26953125
7.23437500
4.70703125
7.92187500
4.80078125
9.53548094
3.74593016
6.60025377
12.79199468
5.09147717
1.93225098
3.02148438
0.84375000
5.71907469
9.51920656
7.80501219
2.43912843
14.77798316
14.53451684
6.82454344
9.94108156
5.43391844
4.39517565
6.61035904
13.52652704
2.00667608
3.46875000
1.39941406
6.22232907
2.05078125
6.07421875
1.81770999
4.43872070
3.52148438
0.98291016
11.96223626
3.22916999
4.01953125
7.52864251
2.64436890
1.13590702
2.73600343
17.27864500
7.51139406
1.19238281
2.21126219
7.68750000
10.85156250
16.30045656
3.69726562
2.72265625
8.91048094
8.42121565
4.37924091
12.88346188
1.60091312
3.40942808
4.03125000
9.41567598
8.95769558
19.57942376
9.78711436
1.34570312
6.03157469
11.91939765
3.89258311
4.49609375
12.89062500
1.84146969
4.95247562
1.39941406
3.49414062
10.50747784
17.77995124
6.22069814
3.49577903
7.62890625
11.70572252
10.33333998
16.12564938
5.05794437
5.84375000
6.26562500
6.15006095
4.74056405
2.09406721
2.52214372
10.44377632
0.64167290
8.23925532
7.22754155
3.96679688
5.73437500
15.24218750
7.39453125
4.62109375
3.95670158
7.91634530
6.64843750
12.98437500
8.24218750
11.12329102
7.06250000
8.37206782
3.42871343
21.85937500
12.76214600
6.42578125
9.24218750
9.77766844
19.44009752
4.84864029
0.90820312
9.78319814
1.22266123
8.05468750
10.49803192
2.83790558
2.53320312
4.66015625
5.83984375
0.85791016
12.69954344
6.56705563
4.37793218
9.21093750
2.34960938
0.86523438
2.84716797
0.44409180
5.18750000
10.66406250
5.29882314
2.42578623
8.42968750
3.10253906
19.32942376
8.53597296
6.28792110
14.11067376
4.80241467
1.50292969
1.22949219
5.26236813
6.89778812
3.37109375
5.80468750
1.69042969
7.79296875
6.98079344
5.99576906
3.20442625
11.34733156
4.25032469
1.48893312
3.19934082
7.32031250
3.94140625
19.36751219
7.93619127
5.61426529
12.54589096
1.95020279
4.57812500
10.00209553
1.50181072
15.65332031
4.56640625
6.01953125
1.60058594
5.01594969
0.82340578
9.55533688
1.47200687
4.17968750
12.46581782
9.08691655
0.96109860
3.68294437
9.21093750
1.08789062
7.05501219
19.04687500
8.40201906
2.00390625
7.74446033
5.55241467
1.34375000
3.66796875
8.16601562
5.14094969
2.51530031
5.89453125
7.35937500
12.39521717
13.14714123
2.50488032
4.40527593
6.32324219
15.43164062
5.22656250
9.46939938
5.63802249
3.34179688
18.57208334
4.23683510
13.75358156
4.17187500
4.80468750
9.10937500
1.07128906
4.05859375
8.57812500
20.60937500
1.62011719
18.28742908
5.84928967
15.93945312
1.88257687
4.72591312
0.60156250
9.39062500
3.41829344
7.84342531
0.10083008
16.32226064
2.91602061
1.37695312
7.71972407
6.54980718
2.33789062
19.79394531
7.15657469
1.41862062
5.22867797
-0.01429198
6.45833001
15.15689938
13.05078623
6.31640625
4.77734375
3.74804688
6.52050532
3.87368629
2.24285183
1.67350343
4.55468750
2.22265625
3.89485594
10.74837157
6.22200687
3.29882812
5.98437500
7.51627438
10.16894282
1.10189217
7.26562500
4.57812500
8.80468750
0.92919922
2.34960938
11.22656250
18.93033688
7.49935062
5.93359375
9.35221188
9.61653812
8.00781250
6.81737035
2.66309840
2.45117188
4.50781250
6.39485594
6.55436281
2.06852047
11.30826906
2.77311281
0.97021484
10.94042969
1.60644531
5.50781250
10.85644282
1.18750249
2.18424313
7.50716312
7.33300781
5.32812500
0.82714844
2.32812500
15.54687500
9.53413567
1.58040531
2.55599124
0.57861328
5.07031250
10.86360594
1.26460692
12.24935062
1.11523438
10.59439938
3.17187500
8.27864749
7.34765625
3.55664062
7.87890625
1.45214844
5.63769282
3.93261968
0.81103516
7.22948471
12.43848404
1.82975094
2.17903812
4.76171875
2.05664062
7.80110594
12.06371645
26.50127882
0.44208055
2.23632812
4.78254378
4.28190935
8.51562500
5.88736813
3.48014406
1.07552000
6.99890292
0.92069426
2.02115968
18.11376953
9.84439938
0.58235843
17.54230940
3.08269060
5.34765625
7.49087877
12.53613032
7.75943595
10.33855496
6.60969540
0.13794375
4.51139406
2.75781250
7.58626219
6.10155253
6.56942708
0.59725039
2.63492672
0.45084220
4.81868905
11.91666002
1.22103529
11.79329344
5.28807846
5.33269060
1.04687500
8.40625000
6.98794659
1.58431903
2.42578125
10.78906250
5.08203125
1.43945312
2.50000000
5.67219969
1.60026125
3.47135251
6.39777815
2.01172872
7.64941406
4.73828125
5.66796875
4.82519282
13.53418218
6.07421875
18.01562500
2.61328125
0.77148438
26.85969969
7.34830563
19.59668218
4.98046875
0.42114258
4.38085439
2.89062998
2.40429688
10.27831782
5.51496565
0.90788840
9.92610594
5.00455812
6.55859375
4.74609375
11.88883422
0.40437867
1.88183594
13.39875222
10.76433372
13.26171875
7.51968861
2.40055795
2.87662843
11.08235594
1.85221437
5.57953388
0.00496548
7.82181139
6.52083998
5.85937500
2.46875000
7.44921875
8.05501219
2.29231439
4.19368905
0.45393797
6.40201906
5.29882812
0.68701172
4.86328125
1.00976562
7.69921875
6.01953125
11.75423094
1.40983156
0.24731445
0.55322266
3.21484375
14.18033688
13.34645462
3.49349124
8.58968016
15.46451906
5.08203125
2.04817625
4.88313719
1.90560062
4.88281250
6.30533688
0.98014406
3.99186281
15.28897520
4.94108156
5.56673094
3.48795656
8.50000000
2.16113032
7.02636968
7.91861813
5.36263187
0.69140625
5.30630098
4.71713652
7.71875000
11.50000000
10.87385486
3.46257092
1.87792969
8.63281250
4.44107658
5.03743905
2.26367188
8.10156250
3.83235345
7.14713874
1.48339844
1.49902344
3.71138426
4.94954344
8.38216312
2.08984375
8.12695312
2.57617188
5.95703125
9.35221188
11.13639406
5.81217531
2.89062500
3.93164062
8.92186503
2.26758809
3.59570312
4.66406250
7.32812500
1.69172845
4.06901374
1.18066406
10.53091534
2.08041278
2.32031250
4.57812500
9.27537567
9.52621606
7.21354499
7.48437500
3.54752438
8.89778812
4.30859375
7.41015625
1.98828125
7.11718750
11.42691268
1.31136857
8.11098848
4.44760527
2.97460938
6.00976562
4.10937500
3.83007812
5.95703125
15.04687500
9.20312500
9.05468750
2.70507812
2.00976562
4.08984375
2.95507812
6.54329344
3.03548094
8.18326906
5.35839595
2.75651374
10.71875000
6.73046875
1.56087157
13.35579095
4.82682624
0.50944093
6.14876219
2.60709718
0.42822266
2.80989251
6.51432624
1.55566406
3.77831284
2.06104263
0.90396969
3.35677249
3.88476562
7.95312500
4.07421875
5.74414062
16.40754876
9.98632314
3.27800310
2.92773438
12.05533688
7.63997562
8.88346188
1.77278812
7.89062500
2.09895003
1.17839372
2.27343750
9.52311032
6.97591312
17.63346188
7.23229980
3.13606937
8.42187500
0.27026367
9.88281250
1.22949219
11.23307126
5.42122562
3.16406250
2.95117188
3.22656250
8.41536126
10.18620124
4.42643063
16.64192376
4.84180186
1.29296875
8.11522939
2.82812998
4.27343750
6.68750000
13.13988261
7.68360372
5.78125000
1.35156250
5.27734375
3.08854001
8.71810062
3.06835938
9.49316406
6.64876219
9.65625000
8.73795656
11.13769282
2.40787096
13.69043716
7.65169437
3.01562500
10.55859375
10.82877438
4.47591312
6.13281250
5.59375000
3.72851562
7.21223626
4.96745124
1.03320312
3.64648438
4.92968750
15.77732849
8.07812500
15.33203125
4.79687500
2.16601562
4.50000000
0.04565430
5.94954344
2.99347878
3.99154809
1.74511719
12.00243393
11.45085217
2.07552249
3.23437500
10.51562500
7.50715315
1.92644060
11.47656250
0.03062439
6.98828125
7.41796875
1.27343750
13.69531250
3.08821532
4.73307375
4.77734375
0.77050781
14.20312500
7.38647461
0.83837891
2.60937500
9.50423094
10.23014406
5.11522939
9.13867686
4.61718750
15.21875000
5.60579344
4.03092531
6.92187500
3.03125000
5.10156250
2.25781250
19.87109375
3.05078125
0.26660156
9.71875000
8.88411126
12.88151374
4.59114251
5.62370124
0.80712891
5.36425781
1.44238281
3.14257812
9.70930408
4.79460217
3.65592282
15.08309085
0.35229492
9.05468750
7.52734375
1.57779533
3.53353280
2.84375000
4.09179189
9.42773936
1.31640625
6.68750000
12.96093750
2.32812500
6.98828125
4.39453125
7.86718750
8.35937500
0.35400391
5.34407469
7.15592531
1.40169188
10.86002438
2.93652593
4.11718750
6.03808594
4.31705563
3.26562500
2.42122562
0.30688477
5.52343750
8.94531250
1.96972656
6.37890625
3.15820312
13.36328125
2.25390625
10.87500000
7.97265625
11.41048094
2.39811281
8.91406250
9.52482605
18.79329344
1.23502687
3.87174313
9.44075687
4.18750000
1.78515625
2.59375000
11.17187500
8.16406250
4.08007812
4.52734375
7.65331782
2.27246343
4.13671875
12.54394282
3.24902593
14.99066515
7.76302748
0.09705397
5.35905031
5.19205563
0.52669437
6.16080563
1.88997562
6.78125000
3.88866689
11.30566905
2.81445312
5.44531250
9.10937500
7.58593750
3.70959473
6.26562500
1.73828125
8.63704344
1.94954344
8.13216312
0.47908196
2.73112311
1.56152344
9.16406250
7.59570312
7.41048094
2.36295656
2.05078125
3.39453125
9.53906250
3.28189938
3.07486315
10.58806169
8.84960938
4.79687500
0.70361328
7.11328125
3.44531250
6.51953125
6.96093750
3.70279533
1.63314217
11.50781250
5.92187500
5.89485594
2.04459718
5.66406250
4.35156250
16.57454344
5.47525377
4.37989029
2.57160628
5.44792497
3.83007812
13.25781250
6.03515625
8.39485594
1.52994875
8.04687500
8.74478502
11.11002438
7.58269060
1.90234375
8.96875000
4.21093750
6.49218750
12.39062500
6.91048094
3.94498781
0.82568359
7.92968750
3.91406250
16.20312500
34.32031250
14.90266844
1.75651125
15.87043440
5.18457779
0.32755617
7.49641844
6.68391844
4.05013187
9.44531250
5.92187500
15.05729001
6.10872562
1.23828125
21.70703125
4.05468750
8.57031250
2.57617188
9.97656250
16.86962891
11.71158688
3.32161126
2.84375498
6.88671875
7.21875000
12.51204344
3.35123781
1.54882812
7.28286348
3.78354277
1.64257812
7.65234375
3.80664062
3.99641346
5.47384197
2.73286957
9.57877438
4.36653812
6.43750000
0.87255859
9.64062500
0.94238281
5.10579344
10.35937500
2.59407469
2.34700687
6.26171875
11.39485594
13.12467531
2.26041501
2.81445312
13.95638187
2.92968750
5.80468750
1.79101562
7.37109375
5.63704344
1.71484375
2.46451906
2.25195312
9.23079344
7.05045656
3.28906250
7.95344969
8.19108156
6.13183594
4.37109375
13.28548094
4.89843750
9.34569814
5.03678967
2.83007812
11.80468750
14.48242188
7.82063719
5.06998781
4.23469969
9.20865968
4.43750000
9.63346188
4.28060062
9.97363032
5.08496343
8.32031250
3.66829344
12.07389406
4.99218750
8.54687500
6.39745346
1.10156998
4.20312500
11.50423094
13.86718750
1.48209718
0.43920898
8.98567376
15.47656250
2.18815436
2.00390625
6.42578125
9.46875000
7.04329344
4.77766844
2.05599124
4.57031250
5.00000000
1.06640625
8.72656250
5.14843750
3.49479001
2.95638187
1.80859375
3.40039062
11.96679688
10.95768063
11.29002660
2.21713652
6.67968750
4.86718750
3.85546875
11.39843750
15.82812500
3.27408688
2.29231937
11.81054688
2.18554688
9.26692376
2.25065436
3.84375000
6.15234375
1.60156250
13.69562722
0.02214622
1.18204474
2.40234375
9.22721188
1.82161624
11.99283688
4.81185062
2.06835938
14.82096188
10.19596188
10.98730718
3.30045656
11.41406250
9.25846188
9.45638187
2.54492188
7.06673094
1.75651125
10.89550532
5.81101315
1.65267342
5.32031250
4.28125000
9.95556516
0.29028445
11.76770879
1.18913840
12.72119332
4.71843528
9.56070922
0.13277223
4.45361328
5.34375000
4.80859375
10.84016844
13.67545656
8.64843750
9.68879876
2.81510749
1.38085938
5.20604721
2.16764904
12.69850833
3.97525377
3.17904310
0.37255859
13.20312500
3.57617188
8.59375000
3.37500000
12.80664062
5.85937500
0.52880859
8.40625000
5.71093750
14.38507536
8.32651152
1.53515376
5.48275155
2.23860594
1.65397218
1.22949219
3.93847656
2.49218750
6.42610594
1.15885500
8.34081782
2.34668218
3.71679688
1.10156250
3.61914062
3.60156250
11.06997784
5.23080341
2.37955314
2.23079842
7.02376219
6.45703125
5.82780031
7.96875000
2.31506348
2.20703125
4.45312500
10.99218750
1.44726562
7.32551751
0.89766761
0.00722260
0.90869141
5.91471188
3.58333499
10.58235594
3.67936281
5.92382812
1.14843750
4.56314938
8.53981693
7.14485594
10.71646720
3.97852061
11.57420878
9.53939716
3.15232630
3.10581089
1.82356937
0.98193359
6.13281250
2.84960938
12.36328125
11.17578125
5.61034907
13.76074468
3.92578125
9.03189938
3.80208499
20.87236639
4.23405031
1.19433594
6.91340315
8.02800310
4.28125000
4.37890625
10.57812500
7.81639628
1.66993184
7.66048094
2.33365968
2.23079344
2.36881593
7.93325909
11.64095966
6.82421875
3.25781250
4.52376219
1.53873781
5.45377438
9.70222961
0.34692570
6.47265625
16.67772939
4.27148936
10.01171875
5.63671875
4.58984375
4.76171875
3.08821532
3.19726562
1.36393312
4.68066157
6.69466312
10.29655031
3.88281250
3.14485594
0.98307375
1.58496094
9.80891844
1.40396969
4.53418218
2.85302734
2.10351562
4.08203125
0.17395020
0.35351562
9.85937500
6.67187500
9.66406250
0.39038086
9.55956782
3.03222905
10.47070312
5.12890625
1.44238281
6.87500000
0.10180664
2.45507812
6.77343750
5.70735594
8.89062500
10.14323000
5.85937500
7.15234375
8.35579344
7.77701906
6.16178219
2.82356937
1.28222656
3.27603004
6.41797872
9.68488254
4.80274933
5.96093750
7.83203125
2.12500000
10.85156250
16.30533688
3.97281860
2.13786015
9.04101064
2.77344248
5.37500000
7.02766844
10.72656250
3.24609375
7.98437500
1.91145750
5.74153812
7.50781250
10.65331782
11.46386968
4.23046875
12.89485594
13.64811281
12.84016844
7.25358156
2.27343750
16.56640625
3.83789062
4.37955563
9.78906250
3.91764406
11.39745346
3.42644060
5.49609375
10.14453125
1.90332031
1.41796875
9.23502438
0.85774906
8.89843750
7.17968750
5.16178219
19.38216312
5.46484375
3.10742188
5.99609375
4.72949219
14.23656977
13.86230718
4.04557126
4.68685062
5.11319821
2.15039062
5.64778812
2.12043939
2.85481937
5.47656250
4.19205065
5.44206560
3.93554688
11.43750000
9.48827128
6.31283466
4.29655031
6.32421875
9.34798094
1.13834718
12.17252438
1.85481937
6.76171875
11.82584220
1.75423592
6.85742188
7.49609375
2.08398438
0.44384766
5.03125000
2.70703125
12.63834220
12.27962655
3.95344969
8.20735594
6.16373781
2.44694093
8.80891844
15.76594969
4.31966312
2.71289062
4.15136470
1.70312749
3.11132812
5.86149047
0.09944703
1.54687500
12.04296875
1.00488281
5.36328125
11.17252438
5.51888187
5.76171875
13.23437500
1.40429688
9.09146720
3.86165780
0.64648438
4.09341534
1.51400653
1.68684813
1.93587157
2.41145999
1.44238281
7.39192376
0.42741218
1.28027344
10.25000000
6.39453125
3.82421875
14.64127438
6.43685062
4.12890625
2.54882812
5.10546875
7.48893063
8.02880984
0.44490601
2.30303955
1.94693844
4.93685062
7.71484375
8.53971188
10.27538564
3.23177748
14.92283910
1.85645777
8.77374225
12.03908244
2.99804688
1.09635500
7.07031250
5.39485594
4.52311281
0.75878906
7.64062500
8.67789672
0.03401734
10.22070312
2.32649657
3.44108156
6.57812500
7.60937500
6.25000000
7.43196033
1.36393811
8.88443844
6.15560062
1.44140625
10.50064938
2.33919437
0.69580078
4.15819814
4.76367686
6.61718750
2.56054688
9.76985594
2.63834718
9.23177000
7.83170656
18.15894890
1.01074219
4.79946754
2.24545434
7.60156250
1.66699219
8.91048094
3.03058317
12.76694370
2.73046875
0.50048828
4.29492188
14.61002438
3.94856937
13.82843972
9.18034934
9.19530752
11.72526374
0.80159671
10.07812500
5.02343750
1.39453125
17.83203125
14.05468750
5.78906250
5.85156250
1.38476562
3.16210938
11.16048094
7.45670656
6.78710439
5.08789561
8.85156250
0.53271484
10.00000000
6.22656250
2.19367659
4.17644060
7.69140625
3.25097407
9.46810062
22.55954788
2.81023215
0.95411402
8.80371094
23.27343750
7.50813719
3.38444093
0.68896484
9.33593750
9.19213867
7.75000000
2.33789062
1.17578125
3.08007812
3.88899657
6.57780031
3.35058594
1.12402344
5.69921875
8.20735594
3.52539062
1.39030031
7.94531250
10.99706782
5.43585661
0.89520057
6.71875000
13.78548094
4.09977297
11.85937500
2.91015625
12.34375000
3.48046875
3.89192376
1.68620124
5.63736813
3.51431627
2.22526872
17.55859375
1.22363281
4.66796875
0.07427979
13.05468750
5.29296875
12.85937500
2.59375000
1.90234375
2.00585938
5.70898438
4.96875000
14.58593750
2.38476562
11.06673094
0.80875734
0.85400391
9.87726286
6.20509308
2.50064938
12.54590093
8.93750000
11.78125000
0.48427244
3.02897218
0.22542110
11.38395390
1.32714844
3.34488143
3.07894669
11.74218750
7.64843750
5.55501219
6.28873781
0.68603516
5.21728391
0.89697390
2.90266844
3.03678468
7.68750000
5.21484375
14.01953125
2.43359375
3.20312500
6.89843750
2.97070312
3.48632812
10.37923094
6.10905031
1.47363281
5.87694814
13.67155280
6.53841312
9.70735594
1.74186281
4.02343750
1.88476562
13.22363032
0.63818609
8.95735594
8.95670656
12.18750000
2.08007812
10.29329344
3.19889406
15.98209220
7.87728280
2.92578125
10.02343750
2.05664062
10.64843750
3.15852782
4.24640847
6.48764184
3.18164062
8.37500000
0.05581665
8.35742188
8.78125000
8.90689938
4.10937500
3.83919437
10.37890625
15.04243396
1.10221936
9.19400876
3.63997562
12.78515625
3.13867188
11.21875000
7.98046875
4.18750000
3.82421875
15.80122342
0.72612033
3.94091797
9.89485594
21.89469235
5.98209718
5.20638187
0.46679688
3.33007812
16.38605940
3.11394060
3.41210938
8.23437500
8.07193595
2.84017342
1.94140625
9.11718750
8.84798094
1.13834718
1.82910156
3.49414062
14.49413564
6.18391844
5.88444592
10.73762689
3.53385749
10.38704344
11.23079344
6.40234375
11.28060062
2.17187500
3.22265625
19.49609375
3.07617188
13.62011719
0.80371094
8.11718750
0.76904297
11.96484375
2.63688110
0.84554078
10.31881714
4.10937500
2.95312500
7.10156250
3.06054688
7.98649047
4.97444703
4.07031250
9.87629876
2.99870124
3.62109375
3.67578125
2.28125000
2.09570312
8.68976286
2.27898714
1.29101562
7.12141595
2.78971686
14.77111816
2.67187500
1.76269531
7.66015625
9.59439938
9.32714096
7.02377216
4.56640625
11.22298094
10.07812500
8.89420656
1.32714844
5.96907469
1.86027101
3.29882812
5.47656250
4.25390625
0.36376953
2.86914062
7.82812500
7.55078125
2.75031971
2.13477061
2.47623781
7.19531250
6.99901596
4.95801529
1.62805176
11.63671875
3.48079344
6.18326906
9.27229610
2.96435671
16.93089250
1.12304688
8.19546986
0.47835826
1.88703347
5.30827903
1.41992188
4.39566891
6.92122562
9.80468750
3.90039062
0.37695312
8.92968750
5.65689938
2.90755374
12.14127438
4.39778812
1.35742188
2.89875721
5.71257092
1.70898438
8.98274158
0.77311779
6.91406250
0.82128906
2.68603516
7.88281250
1.53417969
9.72656250
5.49316157
0.91211187
3.65787345
2.97916999
8.88639406
10.89127438
5.40169437
1.47363281
23.67773438
11.60131836
1.44726562
13.07031250
4.53515625
11.91471188
3.85091312
0.93603516
8.12141844
0.91666750
2.02539062
5.57454344
4.66373781
6.40234375
7.89908688
6.40950687
8.41048094
4.87890625
1.30436281
5.18863766
2.22395999
5.68750000
1.49348626
8.10026374
6.88476064
8.77930186
0.68212891
10.85610816
5.60873559
4.96923828
1.88183594
3.70898438
9.75488032
5.95605718
0.30419922
6.88052970
3.86165780
5.80760971
17.02507092
8.85091312
1.47070312
1.89045144
11.69141622
4.38248781
3.54492188
13.85156250
2.80273438
3.06250000
0.01203918
3.62744141
14.83593750
0.98681641
5.54784907
9.28418218
2.47070312
6.54687500
7.10644282
7.68652593
1.76367188
1.50032469
6.56086658
8.48958998
1.68261719
10.46875000
1.61425781
2.43505859
2.27929688
9.70735594
0.94010500
11.79329344
0.21207765
12.12988281
1.73535156
3.85156250
4.66796875
3.61523438
0.77978516
3.95117188
7.48469969
2.52701906
4.98437500
7.43750000
2.25618407
1.71158937
7.09179688
10.71875000
1.23144531
2.31445312
1.30371094
3.45182126
7.56231440
1.98470467
7.20295892
6.52213874
14.39127438
4.01497562
1.32910156
7.96484375
2.09179688
2.35546875
6.34375000
4.05143063
5.44075687
11.23437500
6.82031250
5.20735594
9.68750000
3.48274657
8.79459220
2.04655529
10.05468750
2.50976562
10.63191711
0.19498719
2.38867188
10.30468750
2.37727782
10.28483156
4.43001219
10.68717531
2.02539062
7.50000000
6.34178192
2.47071808
1.13704344
6.76139406
2.60742188
6.61002438
8.14062500
15.02473626
7.76367686
14.51953125
9.31250000
5.50000000
1.28778076
12.80289672
6.05257203
8.41406250
3.13671875
6.16991689
9.30273936
7.75390625
0.72509766
1.42578125
6.64518063
8.42903812
5.42578125
0.82714844
15.04068595
2.90267342
6.50781250
0.85514157
7.43294437
7.99283688
7.08951906
6.46451906
1.18419839
2.68523215
8.10937500
2.21484375
6.25390625
4.00781250
7.03319814
1.97070811
10.99609375
7.26236813
3.00716312
3.90039062
7.94173094
0.28239015
3.69596188
7.64811281
5.06673094
5.25325687
16.02408688
1.36067874
5.84375000
3.20117188
10.69334442
4.03321808
3.43814938
2.28450687
12.53938719
5.05436281
2.23632812
3.75390625
13.59016844
6.99967531
8.53125000
5.18001219
7.92740968
7.28352532
7.70377936
3.36132812
3.87023926
5.63346188
0.55745609
5.99185284
1.40267841
6.12109375
3.78515625
6.88281250
4.55888853
6.72626772
7.10188719
0.71158937
1.99218750
3.94531250
7.07421875
0.89273922
0.17244632
3.01187985
18.60123781
8.14843750
4.74967531
5.44140625
18.96957397
8.38659668
3.31591797
2.26171875
10.00000000
1.12792969
1.36425781
4.47330563
2.27864749
5.16015625
1.74446532
12.09375000
1.92936281
1.07291501
5.18750000
4.11653812
0.78759766
11.00781250
7.62500000
8.82161126
2.11393561
1.85644531
9.88114254
9.17252438
3.51432624
1.05566406
11.63150876
5.49153812
18.14224845
2.01400155
6.56640625
15.26269282
7.26855718
2.03710938
1.90686035
1.09863281
1.25292969
9.21158688
5.72200687
1.04873761
4.18783466
4.63281250
6.46516844
0.40885500
3.99804688
0.53971188
0.83724124
15.03515625
2.06054688
4.68782469
2.25423094
14.27701906
3.94498781
0.50007806
2.55566655
13.47233156
7.79329344
1.31901125
2.24218750
9.85286126
4.15104499
7.43945312
1.47721188
2.90169437
19.29687500
1.02929688
2.78580563
11.06770999
1.54980469
11.05110594
2.89615968
7.42154034
15.23730718
17.58968764
4.70377438
1.62337406
4.26953125
1.71777344
0.27266356
2.57161375
3.21810062
3.91634032
17.81608156
9.14843750
1.96289062
7.15625000
3.18749502
6.89648936
5.43750000
12.42187500
2.14648438
7.07779034
4.67611591
2.09375000
11.51544770
2.18572417
6.48046875
4.18750000
3.53320312
9.59375000
1.54882812
5.05859375
3.71875000
4.06347407
0.21777593
4.49283688
6.23893063
6.23763187
7.40560062
3.02392578
3.12695312
4.17578125
11.88346188
4.25325687
5.80468750
3.81835938
3.87500000
7.64908688
2.91341312
9.38346188
15.44466312
7.97265625
7.10546875
3.85937500
6.80664062
9.55468750
7.80501219
5.31998781
4.69531250
5.99218750
15.10839096
4.22364029
5.05012938
4.23014157
2.98340093
4.75000000
3.96646720
6.15853280
7.55859375
9.18750000
1.83691157
3.57519780
1.30273438
6.80468750
7.11328125
3.58398438
3.02343750
1.83984375
5.05078125
10.04687500
7.98502438
4.41731937
11.32454344
18.88476064
3.04850842
8.35546875
4.41406250
8.99478502
2.50716810
3.51562500
3.67773438
3.69205563
11.50716312
3.22265625
5.55110594
9.22233156
11.32454344
1.40201906
11.46875000
1.85156250
4.03515127
1.65039561
10.40136719
7.17630856
3.60091312
9.76562500
9.64843750
5.29687500
4.76953125
8.38704344
5.33234597
0.95443871
12.11718750
2.99609375
6.76171875
16.60221188
5.04720218
5.19205563
2.38411624
3.82031250
7.57421875
3.20149657
3.99186281
1.93261719
3.78125000
9.10937500
4.00618407
4.85546875
1.86002687
3.21875000
7.94531250
3.41861813
6.91991689
0.63705092
7.74283688
5.23763187
10.04654034
6.31283466
0.46166992
8.65396720
1.99837655
8.21093750
1.80859375
4.22656250
15.08593750
3.51562500
2.44368407
3.55078125
4.80045656
0.83349609
2.03906250
4.56542221
6.33366467
3.38216312
6.62890625
7.41015625
12.23925532
4.12793218
0.42065430
7.18750000
5.53938719
2.85709718
9.32031250
2.46321532
6.14420656
9.71093750
6.89843750
1.76660156
10.75846188
0.92398922
8.28776374
10.00781250
1.23144531
6.35156250
2.12101071
19.88411624
2.45507812
15.79687500
9.06738281
5.26953125
4.69921875
1.21875000
9.84375000
2.41406250
1.45117188
1.56738281
1.37695312
1.56640625
4.50781250
3.64518063
9.33170656
6.14811281
10.93456782
18.19108156
1.42415531
2.87304688
9.92187500
3.06640625
2.52539062
8.39485594
17.44140625
0.60172609
8.85579344
4.24967531
1.13687985
4.17122562
3.94531250
8.46516844
21.37923094
6.00748781
2.40787843
5.79296875
3.80338376
7.21451906
1.26139406
6.22656250
4.04817376
1.86588874
0.94824219
7.20507812
9.39111328
5.48437500
1.67675781
2.38476562
10.91406250
15.72557846
1.87403091
0.94628906
3.55371094
3.73046875
14.61914062
6.60546875
2.85611813
6.30013187
2.82226562
8.62500000
7.87410461
0.42399109
14.22363032
12.27636968
3.98242188
14.12271720
6.08626219
26.99056405
13.98014406
1.68326657
14.99153812
5.47786126
14.79022928
4.50599634
1.38053468
1.63468508
0.40681945
0.02849343
0.74156700
7.15689938
2.79036624
2.30078125
9.14062500
0.58251953
2.85009766
10.51757812
4.46093750
4.16357422
9.59375000
1.72558594
11.07454344
2.65039062
8.03125000
12.10514406
17.65136719
5.16048094
1.73990968
14.24084898
3.01854721
2.35222185
9.28125000
2.18587157
6.59437944
1.67482712
1.29907227
6.78710938
0.83105469
3.24641844
2.14257812
6.10905031
11.97298094
4.92155031
6.97004876
5.13151374
2.23860594
3.80826906
6.88574219
7.60351562
3.23469969
7.03483156
8.18033688
3.09114749
1.73535156
5.45897939
5.00977061
1.57128906
5.90558068
4.30535682
6.20507812
4.33984375
1.13867188
10.75000000
1.93717282
1.55794437
7.86328125
7.99804189
3.49414561
1.08300781
18.00781250
5.88541002
8.98177748
5.36718750
11.54329344
9.05826906
4.80989251
12.47526374
17.22484475
1.04589844
11.27734375
2.75781250
8.24218750
8.26985594
7.80598626
6.35090315
13.92872340
0.08831787
0.97265625
3.04134032
7.36686281
2.16406250
2.41992188
3.98242188
6.53352283
2.45085217
6.98535156
7.90234375
2.46093750
2.82421875
5.22265625
4.82812500
3.40039062
3.90039062
7.05501219
15.87076906
7.93359375
1.24218750
7.53515625
1.48730469
8.06250000
2.93001219
6.72233156
4.23828125
9.42187500
2.94140625
14.71613254
1.05535183
21.52819107
6.23732712
1.27636719
1.82714844
8.53125000
5.40234375
7.74413564
8.95117686
0.38354492
0.87500000
11.36718750
8.36295407
7.68945312
5.61197252
12.80144060
8.53548094
5.62271720
1.60352061
4.09798094
7.53483156
3.32421875
2.50488281
0.31640625
4.49479001
4.53483156
1.20182375
3.20898438
3.26513298
3.37841921
0.52767093
5.94140625
14.86514282
7.07389406
1.55957031
1.76879883
5.21875000
8.19531250
0.87353516
4.09375000
0.79540517
1.12402842
9.68391844
3.39811281
7.26953125
6.98860594
4.42219969
9.88020999
1.35546875
9.98437500
1.62304688
1.88964844
14.41632536
1.24643339
3.62076906
3.08756593
4.84375000
0.58398438
16.39062500
6.66015625
13.39062500
6.22330563
16.18261719
4.99544437
0.94091797
5.06250000
0.81005859
2.85156250
2.23828125
10.96875000
9.52408688
1.91145750
13.25423094
4.56217780
0.44409180
9.71093750
6.75000000
1.88183594
1.98111564
1.25814217
6.00781250
4.24088376
3.31966312
9.06250000
0.54736328
13.50195312
5.11588376
0.78694828
7.71309324
5.81998781
2.42187500
3.15625000
4.39876219
2.89030031
3.53971188
2.05028051
4.88119902
1.06054688
6.33789062
0.58984375
9.64485594
7.63639406
0.15258789
1.95776367
9.78906250
3.18391844
2.66992188
3.25651125
3.96093750
4.21939938
15.20247562
6.45703125
1.89355469
4.96875000
1.47590814
7.08854499
4.07812500
8.56250000
0.20654297
7.62890625
2.66536126
7.89713874
8.76464096
6.42318373
2.28845246
7.26395722
4.58593750
8.58593750
8.69531250
5.84375000
9.29752438
5.22753906
0.79744570
0.08276429
1.95947266
2.18750000
8.90625000
5.00813719
8.37076906
4.76562500
12.21679688
14.76204344
7.02311281
10.84375000
9.59375000
2.43945312
7.85351562
1.15136719
5.65625000
11.21060284
10.59050310
10.48014406
6.26171875
4.07421875
6.53580563
6.74153812
6.57031250
3.67773438
6.42008422
0.68538453
10.90527344
5.32096188
5.18685062
6.03515625
1.17203610
8.49935062
5.38281250
6.71093750
0.53613281
5.55468750
4.05110594
1.62858156
5.91015625
2.03515625
2.12304688
6.40234375
1.61458250
6.43717531
10.07031250
0.44933833
1.63281499
3.01171875
8.98600094
4.71028812
20.48437500
5.80078125
1.26464844
3.49023438
0.61075680
5.66341312
4.78125000
6.12500000
7.13443595
0.76204842
1.66054903
2.22299589
2.60156250
15.68782469
5.45278536
7.99415558
3.85774657
3.39225343
8.92187500
4.67284907
4.98698000
3.18099124
10.32031250
2.80273438
1.01269531
13.79199219
1.78320312
3.95898438
1.21386719
7.03906250
8.07031250
7.06250000
3.94140625
1.10156250
10.03971188
8.93099124
2.83235594
1.08365968
2.71044922
1.72005125
0.23990968
3.20166016
4.08984375
3.44140625
4.82031250
0.49283688
7.38997562
13.50423094
7.38639406
5.22123199
9.44742766
3.83024172
7.28515625
24.69531250
2.92968750
3.55915158
0.33813165
13.03214539
1.66292359
21.24121343
4.69140625
4.84375000
3.94726562
8.08593750
0.25777098
2.10123781
3.40625000
1.78026347
2.84375997
6.96484375
18.40266844
4.82724615
6.90983156
2.60123781
9.37500000
6.29296875
7.76953125
0.06109619
1.22851562
13.03906250
5.00423094
0.72427970
5.52962406
2.82877936
5.77734375
0.99462891
1.71191406
10.33593750
3.71370235
0.74479374
2.57812500
4.35723004
0.12763324
2.00943844
1.98763187
2.04101562
7.26562500
2.11523438
3.73339595
1.97005374
2.36718750
4.33561281
14.10546875
9.50000000
5.36438055
0.31367852
4.01920656
1.54541016
4.50000000
6.59330231
0.61275238
0.43457031
3.97298094
10.85514406
21.97486306
2.03093528
1.69628906
1.99511719
11.39062500
9.01562500
4.67219969
2.16569093
2.77929688
9.47656250
14.15266844
4.57063719
5.16341312
3.03515625
7.25348751
12.78060062
2.28531860
1.11344360
7.42155031
4.77701657
7.66341312
8.26562500
6.31347407
3.60677763
5.72526374
5.75488032
2.62109624
2.73242188
11.98860594
7.92545656
5.79719969
11.94954344
1.73177249
2.22656250
6.42578125
15.59081782
42.33301030
2.66210938
1.27246094
6.65625000
0.05014038
0.68847656
8.68750000
6.46484375
8.32812500
6.21093750
6.14908688
7.16731937
0.81176259
0.98730967
4.97265625
6.69921875
20.02408688
8.99153812
2.22102782
5.64387938
2.41536624
3.63867188
0.25968258
1.53157718
3.41601562
0.38037109
6.40625000
8.71516844
5.99576906
21.99251219
7.90006593
1.23925781
3.52539062
17.75423094
3.24381593
3.12304688
2.71289062
2.57031250
1.08496094
6.58397939
1.79102061
5.73144531
11.20312500
4.70703125
4.58447141
1.77392703
0.01733398
1.53027344
4.58984375
7.23437500
5.96093750
0.65673828
10.19943237
5.81282469
9.59016844
1.94661624
3.24414062
8.85156250
8.51204344
0.87239002
9.17708998
1.39160156
22.29165005
13.66179964
6.79264406
0.93994141
3.79296875
2.02929688
5.93033688
2.97005374
0.45092773
15.58788564
13.18945811
6.87514739
4.35141511
3.67382812
2.89453125
6.00000000
6.05891844
0.05680422
18.91113032
7.79329344
4.59568817
6.93035682
6.09375000
16.27050781
6.41438719
4.60969969
2.04817874
1.44140625
4.11718750
6.21484375
7.00064938
9.19075687
5.03906250
11.85937500
0.63809806
2.99447030
0.34619141
2.67040891
0.02697879
0.71640015
7.07812500
5.11328125
17.80891844
10.54687500
1.39713625
4.39453125
9.01204344
8.01530031
3.09765625
23.23046875
12.39908688
12.75716312
3.96484375
2.00976562
0.04055786
6.29361813
2.05013187
2.97265625
1.88964844
0.04812622
3.88476562
4.71907469
8.58788564
3.52930186
1.37467531
3.08789062
5.79296875
3.75390625
1.53125000
10.43391844
2.27115968
11.44334442
6.15854277
2.06608156
4.70312500
2.04492188
11.71093750
2.22656250
4.44921875
7.05033356
0.38350434
2.14843750
2.12109375
5.82812500
6.71875000
14.67252438
9.56575687
7.16406250
3.00000000
3.32812500
9.97298094
3.38092088
0.24326615
5.99609375
1.25976562
2.96484375
10.63411126
0.63493171
2.80664062
14.61724854
6.01953125
0.72753906
11.36718750
18.89447014
1.38899906
5.61328125
10.09179688
8.69531250
2.16210938
17.71646720
15.72102034
5.78874778
13.09310062
16.55664062
0.93554688
1.33593750
1.62695312
0.90873199
0.09242768
8.71875000
9.10937500
0.18579102
13.63735816
5.63983433
1.47332058
2.36523438
1.53125000
2.35546875
9.51562500
2.27734375
8.52473626
4.59798094
7.17806405
0.62402344
4.05729001
2.56410974
1.49041666
1.48242188
1.10872313
0.66715578
2.11132812
10.69139628
1.06836934
2.89094221
9.60612810
2.97692871
4.97656250
0.16149902
6.39957516
6.72981937
16.88996316
7.17318373
4.83431405
6.75243019
2.13656637
5.15266844
1.64388187
3.05664062
2.77148438
6.83658688
5.15169437
2.25112022
2.11427526
6.72134752
8.00163591
5.76562500
1.33398438
3.11328125
6.18359375
8.84016844
22.18521720
9.86653812
7.82975593
2.01367188
3.44335938
11.74771720
7.87728280
0.35357650
0.00682083
1.63314056
10.12500000
16.78320312
5.95768063
15.89062500
11.80045656
7.05631593
1.42187500
2.03320312
8.09375000
8.72656250
0.33764648
4.77343750
15.86913564
3.82227061
2.83398438
8.11328125
4.52766844
2.74576906
2.55078125
3.53125000
0.95165766
3.28711187
12.06250000
5.09016844
7.91406250
14.66004871
4.83625222
5.56349401
1.70865470
3.82259530
1.35742188
15.16113032
5.31899380
3.23081338
5.91015625
3.71679688
11.73079344
5.30826906
6.67968750
7.20344969
1.68359375
11.58854250
2.06445312
3.27148438
8.90625000
7.89062500
4.22989805
0.22322695
3.37629876
4.41699468
0.86295656
2.25781250
15.65859840
2.23373559
12.83723626
7.98307624
6.80078125
4.01953125
6.00911126
2.67448249
11.04329344
1.55826906
3.11914062
10.68945312
9.10937500
2.19400876
2.07812500
7.48372562
6.12532469
20.05175532
7.46061281
9.44205812
4.14811281
0.78336672
4.41406250
7.56250000
12.57812500
6.72753906
1.05371094
2.80078125
5.83723626
0.43815436
11.58918440
1.86198747
4.86328125
8.65478516
6.31640625
8.32031250
5.62923094
0.62711672
1.02539062
21.37304688
18.37162825
15.71268801
1.84179688
4.93359375
7.55859375
4.67578125
1.56363268
5.20052748
9.15786348
7.68230496
2.64225343
1.41406250
15.17041016
10.21875000
1.07324219
2.85742188
1.56640625
8.32031250
0.00296402
14.79752438
9.21158688
5.02995124
3.69335938
8.83007812
2.14453125
9.59375000
6.98046875
3.45930907
0.81852297
7.16796875
0.24462891
0.39477539
14.39257314
6.75000000
0.49023936
9.39062500
2.62239251
3.89323249
2.72265625
10.34341534
8.11752216
17.19205563
8.55826906
8.05647828
1.43147828
13.83788564
4.74414561
5.01171875
4.76171875
4.77441157
3.38476064
8.78809341
1.81640625
5.17187500
2.16210938
2.95898438
6.22818595
1.30208749
2.46378539
7.18147828
1.19433594
13.41243407
3.30856883
2.14368724
0.22405499
0.29109680
9.83292166
4.79492686
10.52343750
11.59634752
7.54623060
7.46581782
1.01530031
5.21028812
6.57812500
3.90494626
6.75716312
23.03710938
3.34765625
8.09472656
5.62109375
6.92877197
1.52734375
1.36035156
4.37923094
13.23823973
4.71810062
1.50219727
16.58983378
6.62629876
1.38152371
1.51423800
0.78956449
3.94750140
4.01278423
1.52408937
3.00260251
6.48209220
5.09538342
2.93066406
1.59179688
3.66015625
3.88476562
3.12694814
4.32617686
1.30273438
7.27050532
1.90722905
9.48079344
2.88248781
3.25048828
2.68554688
7.92187500
2.71679688
2.49609375
3.41698970
0.60595952
5.26953125
3.74414062
21.00390625
2.81250000
2.40039062
2.04687500
5.28548094
1.87987783
4.44303967
4.94921875
5.18359375
5.24218750
8.66406250
12.37320922
0.16695191
4.09082031
11.52698517
3.91406250
3.31461547
0.10078980
3.04296875
2.71256095
1.77572030
5.96875000
3.85937500
0.99104485
4.76823249
3.82682126
9.26204344
3.49153812
3.69639669
1.31402081
0.72340320
2.81413342
7.70312500
4.08203125
3.37561980
0.02785310
6.21223626
0.98795905
2.86517334
7.69954344
1.91048094
0.62288578
8.85156250
4.83203125
11.72753906
7.60937500
7.05078125
5.25390625
12.38053219
6.55013187
1.05940672
0.74479250
7.24609375
5.92187500
8.11425532
3.20605718
2.97460938
6.05078125
5.37564938
1.45344720
3.86133311
15.69428767
4.97168218
2.51171875
7.27408688
3.75878657
3.31087655
5.94692598
-0.95571504
8.88346188
1.29622562
2.93078613
6.46516844
0.49088625
4.50781250
8.67610594
7.87988032
1.87565436
10.06314938
5.87825687
0.81770750
2.33365968
4.68292942
3.33920434
1.59505374
3.57031250
5.92740470
1.63281499
1.19368656
10.46939938
3.77864749
2.53710938
5.16015625
5.21484375
2.32226562
0.56689453
1.52099609
4.72656250
6.27376219
3.79459718
2.65234375
9.73079344
2.43522218
1.55142814
7.97103280
0.67561766
1.42448000
0.92480469
1.99804688
8.90625000
0.16491699
6.77945922
0.21370484
7.77734375
1.09082031
6.69531250
14.00911126
10.99088874
12.50650377
5.31722670
0.48461914
9.98892066
9.96811059
5.41796875
15.26204344
6.44978758
6.83170656
5.48860594
2.27864749
20.47232159
5.25065935
0.76009032
7.65169437
1.79785156
9.78906250
3.12500000
6.11425781
1.31250000
2.50976562
1.75390625
1.30175781
0.48876953
8.83593750
2.98437500
1.39680657
10.26432624
1.90982408
3.91927748
5.79296875
4.77147939
7.74805186
10.42968750
1.57910156
0.84179688
1.97314453
4.72656250
9.14245796
7.28125000
18.52050532
5.23828374
1.68359375
5.08203125
7.96939938
12.66959220
6.90885749
3.08496343
7.49609375
2.46142578
1.61621094
5.64843750
1.64990234
6.89062500
2.21484375
4.55663066
9.96566046
4.34294326
5.12410461
5.24698914
2.12400973
2.84425199
7.62890625
3.41796875
15.27343750
13.00846188
4.53611537
4.65659463
2.65266844
12.41910890
5.22265625
4.66345215
6.87250263
0.25811260
1.51269531
13.13052970
1.76986092
4.27343750
0.12266966
2.07552000
2.74935062
9.02180408
2.92155529
4.50000000
13.12923094
9.75324690
2.12142841
4.25390625
6.72265625
1.33691406
7.89127438
1.25960453
1.40917969
9.51562500
1.56152344
1.41699219
14.63769282
3.71386470
0.70117686
4.62109375
0.07812500
1.65852782
1.14518312
2.30664062
4.80078125
10.47330563
9.46614749
5.59765625
4.29687500
7.84082031
0.51757812
2.30078125
5.33593750
1.90234375
8.27343750
3.90869016
0.37744265
3.84570312
10.90444551
0.52625758
3.91178219
5.20573249
2.64648438
5.99609375
10.91406250
0.15063477
2.79687500
2.96093750
0.86132812
9.50000000
2.42968750
4.38281250
0.55419922
0.04324341
0.98364258
2.52539062
5.78125000
4.29296875
1.12337157
1.73307375
0.65136719
5.32128657
0.68408452
9.88281250
7.40625000
0.95605469
6.65722407
2.60091312
0.83951906
5.47298094
1.58170656
1.00683594
15.02408688
5.42122562
21.56021720
6.48795656
9.08040531
5.47591312
5.59765625
0.85904782
8.28060062
1.27539062
5.72265625
3.07421875
16.44726562
3.21516844
1.50065187
7.20312500
2.04980220
6.07606244
0.82970177
7.23437500
9.23437500
4.48046875
1.78613281
10.30110594
7.95670656
0.75585938
3.54492188
20.27743368
3.70052249
0.57666016
6.52262204
3.90169437
17.42480220
3.20410405
8.25129876
1.23112311
0.92961899
17.10081941
0.18230815
6.79002660
17.55307402
5.45703125
18.20377438
19.79687500
8.07747562
2.44140625
20.15168440
3.77930186
3.76855718
3.36539797
3.16096673
3.16471686
6.45312500
2.40234375
11.80468750
9.29980469
13.07063719
3.60123781
12.57519282
2.95474347
1.87045434
2.23175754
6.57292996
2.04296875
4.30289672
0.06416871
0.06713867
1.57470703
7.63671875
5.85937500
8.33593750
0.78417969
11.92773438
7.24609375
5.09765625
0.03713989
0.35180664
1.68363278
8.81185062
9.64062500
6.01171875
7.92431641
6.22265625
4.01953125
8.21875000
4.00390625
5.61458001
2.59440436
1.45703125
5.85122784
0.98763935
6.17578125
5.12109375
7.99608378
8.08985372
1.27832031
5.77050532
10.02636968
0.74316406
7.71516844
2.39176515
7.85221188
1.14485843
1.68668454
2.17708499
11.91471188
8.42903812
7.73599845
11.43978280
17.51822252
-0.21052478
7.82031250
3.79850343
2.71875000
3.51367188
9.45133422
0.65364625
3.99609375
9.53906250
0.27758789
2.59375000
16.81443817
3.83399933
4.70344969
1.65690187
10.68750000
2.72656250
6.18228502
2.07748060
9.11718750
2.33984375
13.22265625
2.47265625
4.69140625
9.83203125
6.79524158
1.40983654
0.92852783
3.13671875
5.61328125
10.37768555
1.09895750
0.36149172
0.02671814
12.72656250
0.03991699
1.74511719
14.45735594
15.75976064
4.86882092
18.65753879
12.77312527
4.88281250
0.54394531
3.09960938
11.87271720
2.50228280
6.21093750
1.00284166
0.94857435
1.84863281
2.54101562
3.27734375
10.17968750
4.81640625
11.21223626
3.92838874
3.71289062
8.18750000
1.54980469
21.32322973
12.64747340
0.63107300
2.18945312
7.51953125
4.79296875
2.57909907
1.13688359
2.36507203
20.32649158
5.31803967
3.05078125
10.25064938
7.13639406
5.18358378
0.67448997
7.27201324
4.25695770
0.02565553
2.82259032
4.85156250
14.30468750
6.70772978
4.01920656
12.85937500
14.89542726
0.22542110
4.29834109
2.54069093
7.81640625
2.47070312
4.74609375
10.98193359
20.20442376
3.61198249
6.16015625
21.30761719
15.55370346
4.34472905
17.93750498
6.86328125
11.91601562
20.28906250
3.53971188
3.60072834
4.10663009
1.28027344
10.08169556
2.92578125
2.69531250
7.72688719
10.39973626
16.96126468
17.37500000
4.24153812
3.48828125
2.36132812
5.33170656
6.30468750
6.78548094
4.83561281
16.56250000
5.34375000
16.86718750
1.33430457
4.66145501
7.85448471
6.36687278
3.16796875
4.60937500
5.17968750
7.65234375
8.39062500
5.66438719
1.05826906
7.39453125
8.94531250
5.12336907
14.54557624
19.79296875
5.90234375
7.41796875
2.39453125
4.18359375
4.10156250
9.62564938
0.49104984
2.67254639
3.69954344
4.70703125
0.64030031
20.90884752
1.67318373
8.99283688
2.66015625
0.61067874
0.76977041
9.62303192
8.74220744
1.78906250
2.40248989
1.21811557
13.35937500
2.74251219
0.61198000
3.75551973
4.14682402
1.85644531
18.84894504
5.21550808
3.11328125
9.28125000
6.91048094
7.62727782
7.18685062
3.21826172
1.10351562
6.08203125
2.13085938
11.67968750
18.35758422
0.09505250
6.99510971
5.84473404
2.24023438
16.83105469
0.52636719
3.87923094
1.00260500
7.78125000
4.46061032
4.92155031
5.85514406
5.02343750
7.67187500
2.14062500
2.14200743
0.13777773
5.00000000
23.80565160
4.97592309
1.59049562
1.19921875
12.88281250
0.38891602
3.31640625
9.88052970
10.11947030
1.70996094
10.82031250
10.18750000
2.39453125
0.03558350
2.17578125
15.06933594
6.76953125
12.14109708
7.77296542
3.55761719
11.83984375
16.35579344
0.46256593
2.44335938
7.93676758
9.55110594
16.65933829
2.42578623
2.70312500
7.86751219
7.61295656
7.01171875
9.36983215
20.22745789
2.32259032
12.15983156
3.11132812
12.77164672
0.42171265
1.16699219
10.38281250
0.00962830
13.00553219
3.77278812
5.45312500
7.90625000
5.46093750
9.15526596
0.79492935
3.25878906
11.92610594
4.99186281
1.95996094
5.34439938
5.33138187
3.14648438
0.70849609
16.07031250
7.33626219
8.62500000
2.09570312
8.11295656
4.82031250
4.89908688
7.16373781
4.66373781
9.64550532
12.06966312
5.85367797
0.77441531
1.24527330
1.56380873
5.25813719
3.90851167
0.73924373
5.61491467
0.37573242
0.72363281
13.72622784
17.79329344
3.90625997
11.29858398
5.14680408
1.85319592
1.16699219
7.15525599
15.25847933
10.24673815
8.09050310
13.35351562
4.82031250
6.06152344
3.90234375
7.62890625
0.62890625
6.39453125
2.24804688
2.31477782
2.86507203
1.18050172
0.09968992
0.56705812
3.23437500
6.76953125
8.68750000
1.86914062
0.93847656
6.78645501
6.42057624
1.51675768
9.63802748
7.39843750
6.78906250
5.25813719
0.69970703
5.71061281
2.01953125
0.83919188
6.49186281
5.42187500
13.40332031
6.30143063
6.56575687
1.79492188
8.33300532
3.91731937
2.15852782
6.13216312
8.85725828
3.75358156
6.83203125
3.63281250
4.24706782
10.27636968
4.26953125
1.72997050
6.39454122
10.16015625
10.40039062
5.63281250
8.41340315
6.62175310
4.07519531
6.37500000
0.40360348
2.07161624
17.98242188
0.74718740
5.77539561
3.44140625
7.19140625
9.22298094
12.59910240
13.13950354
3.17903812
9.28125000
8.41048094
4.22005125
5.33951906
14.90071532
1.52604250
1.57975343
4.06721115
2.08593750
2.66992188
0.67675781
2.99023438
4.12141844
3.64908190
3.13574966
6.08462877
3.68164187
1.81933594
10.82843972
6.27702903
17.15494127
9.04818373
6.02343750
1.80598875
3.38639406
7.20703125
9.49414062
5.18457031
1.38085938
6.47656250
9.78613032
5.40527593
0.86224365
4.83984375
4.46875000
2.73875582
6.55128324
16.03125000
1.49707031
4.23079344
11.00358156
8.42187500
7.28157469
0.34366945
3.33528314
5.35807624
2.51171875
6.19986813
11.61458499
5.75000000
7.47688719
6.30436281
11.05468750
7.78906250
5.03125000
2.70703125
2.84850168
7.46256095
16.21516844
9.32617686
3.49609375
14.84016844
7.86751219
5.25748781
1.43587157
2.69075687
8.08626219
1.32389406
2.11132812
11.64029034
3.05176529
3.20442874
3.32844969
6.85905031
2.56054688
5.46777344
4.06640625
9.55859375
2.46484375
1.41699219
6.08593750
4.62500000
9.56054688
15.33658688
3.16145999
3.96679688
9.92610594
24.90625000
8.19108156
4.69531250
2.69173094
5.28483156
11.07779034
0.84994403
19.38085439
2.49414561
8.83398438
8.90625000
0.44726562
3.84960938
13.80891844
0.30997804
1.21218872
11.43750000
1.67187500
3.79687500
17.19531250
10.23860594
1.79362062
7.67071366
9.68084884
9.64062500
4.80859375
0.91601562
8.16764157
4.61653812
10.67187500
7.94140625
2.30859375
8.00000000
13.00781250
9.28548094
32.56087157
15.06803468
4.37752320
1.22380616
5.25032469
1.25015611
12.73632314
5.51205341
6.21745124
0.97509766
4.54687500
4.14159409
1.08529310
2.01969484
9.37792969
0.82405516
8.89225343
13.55533688
3.33431156
6.89843750
2.20312251
0.95410405
8.63997313
8.54362062
6.62695312
3.58592753
7.98470966
14.19173094
8.97916002
7.85254654
6.10123781
10.22298094
1.34147218
3.21484375
7.01496565
1.23894060
0.94525191
3.52148438
4.71842531
7.58658688
9.06966312
8.39257314
1.89258311
0.98144531
11.90234375
5.08203125
5.38281250
0.74511719
1.97851562
4.02164672
0.22469117
3.81054688
7.00552970
19.62988032
3.56413342
2.46842531
1.56250000
8.84699690
5.52409685
3.93945312
0.58935547
1.79394531
2.66503906
2.13085938
3.75585938
5.41796875
10.17610594
5.65983156
7.50488032
5.46093750
3.80371343
11.75423094
3.20084718
3.10742188
3.33137689
4.53776374
2.93945312
2.96093750
11.76269282
7.64355718
5.60546875
7.58593750
15.40625000
2.05639648
6.70768063
5.31819828
9.68228502
6.30990248
7.80110594
0.86018797
3.40397218
4.98925532
5.03776374
4.08918939
3.76041999
10.02733378
7.61329122
4.04329344
2.76334718
4.46093750
10.46158688
4.17903812
3.73437500
11.39453125
2.06966063
6.91406250
4.06217531
3.20898438
1.87109375
14.51611328
19.05664062
6.40689938
14.97325809
0.57242672
2.60286624
8.14843750
4.28515625
0.88922347
6.35108045
1.36653812
12.74315160
5.25294215
6.44531250
5.96907469
0.79899172
9.98567376
7.49088874
8.95117188
2.46289062
12.45312500
17.03222407
1.25390874
2.17578125
9.12027704
0.79476202
0.01153564
3.19824219
5.48534907
4.40918218
6.44173094
14.56250000
0.27897218
4.93749003
4.17188497
0.60986328
12.12923094
2.47819093
2.48876953
7.38281250
1.57324219
12.45800781
11.63281250
0.02575684
5.38003768
0.93571670
4.18082765
5.01953125
8.83658688
3.80989749
8.87141844
6.53092531
4.82454344
5.13639406
11.93618130
5.05600620
0.69482422
1.79785156
6.24348626
9.22526374
1.23535156
6.67217975
3.23407025
10.46093750
3.74414062
6.19173094
0.06132082
0.24890137
4.05859375
2.33007812
13.36783688
3.18587406
13.93750000
8.42968750
3.77148438
12.97298094
4.00846437
4.03125000
7.15689938
1.16048343
3.42858887
9.03710938
6.16406250
8.22656250
7.33658688
-0.07437985
0.54199219
7.47631836
0.47802734
8.03125000
0.99316406
12.31086658
3.43522717
0.73475574
1.43132092
4.29523161
14.25227388
10.73742364
2.92252936
3.81835938
1.07722473
6.80924313
3.48567874
6.52148438
6.74414062
7.44791501
1.12044437
22.40266844
0.62418703
5.62890625
0.30712891
8.74641844
0.60017758
2.86043523
4.11979001
5.06575687
4.26953125
7.35937500
12.21646720
1.28646249
4.02734375
3.08789062
8.44758533
4.90397717
3.59765625
10.82812500
24.38671875
4.92968750
3.31697508
2.87906984
0.83676147
1.18066406
3.20734597
10.20049094
9.53906250
11.43130098
12.28744902
11.52343750
9.71492243
0.27482366
3.13085938
2.19155738
7.69076684
2.88165365
1.28566322
3.34732658
2.45150155
1.43001219
2.60286624
15.96484375
1.94531250
8.84375000
11.48632812
18.74283688
1.22395999
3.80078125
6.55402815
5.27019060
2.25585938
6.87532469
0.39436766
5.26644046
11.52734375
3.14232713
0.15357131
8.35937500
3.39550781
13.03936725
2.05828900
3.70091248
4.88281250
5.21580785
4.48731715
6.64518063
5.10676751
1.44238780
10.40234375
10.11555907
19.81640625
4.18717531
3.45996094
8.48860594
6.13248781
4.70703125
4.74609375
15.18750000
14.71875000
14.58056641
17.95865470
13.69562722
3.61134308
14.30694580
6.32421875
1.33105469
2.80208250
4.40983156
5.62141844
3.44303468
0.51708984
6.16048094
2.53677970
5.70508311
3.58789062
3.16210938
1.10635542
0.47160599
18.51139406
3.41796875
11.35351562
1.95312500
2.60546875
8.38052970
4.24447030
7.71439606
1.27974457
4.92578125
3.28320312
0.41992188
7.29296875
2.18164062
16.25259752
11.05404310
2.25390625
3.36132812
8.02343750
2.27343750
9.09439938
3.63997562
3.40039062
4.66617797
0.60896353
1.58984873
14.75000000
0.65722656
0.66845703
18.55566406
10.98046875
6.33984375
1.99902344
12.26204344
11.09276596
4.78581560
9.14062500
10.20312500
0.01073456
1.75292969
7.20344969
17.46744875
6.94742797
0.42342164
7.28515625
8.18945312
1.17285156
3.38671875
1.41699219
5.65331782
6.41699468
14.33658688
8.50781250
4.64030031
0.61051515
1.50000000
6.10741689
0.84766123
4.83984375
5.60156250
0.00325012
2.20312500
18.20312500
1.87988281
20.74641844
8.08170656
16.21516844
0.22184328
7.95703125
13.89387190
4.80095232
4.38281250
7.30468750
4.82063719
2.31608156
5.80501219
2.57551751
14.17675532
5.15755873
6.66015625
0.10089111
9.89664672
0.62776734
8.95162994
7.75261746
7.87386234
10.08040282
1.06901125
4.44531250
7.67187500
9.78125000
10.79524158
10.46257092
12.81265736
10.38525266
4.38574468
4.36947030
15.19531250
10.48207226
3.22495899
19.87629876
4.50358405
0.33837891
3.65576172
3.44335938
8.98567376
2.47916999
6.39648438
6.46484375
0.38354492
16.65266844
1.51432375
9.27734375
1.25097656
7.07877438
4.14580448
8.14485594
1.46158937
6.97688719
11.46451906
3.28287345
14.46322030
10.49706782
6.83105718
7.07421875
9.15820312
1.70605469
5.34439938
1.12435062
4.47265625
6.55468750
2.17902317
3.46746121
4.89876219
1.14937254
9.02278812
1.46093750
2.89453125
15.87353516
1.90347290
5.92219969
11.20670656
9.38377660
2.63380152
10.26562500
4.77506095
1.20443124
1.93684813
6.72111086
8.06250000
1.17089844
6.92740470
4.51400155
11.46875000
3.90282580
7.27686170
5.31835938
11.87206782
4.63378657
3.94336436
17.55859375
4.14062500
9.10937500
3.26041501
2.87630374
2.28156472
3.26140403
9.92675781
3.62890625
4.24609375
7.93619127
13.23177748
0.91210938
8.95735594
11.71872903
3.18295434
2.82617188
11.96125222
14.99675559
4.11360594
6.66764406
0.49096680
11.99218750
5.91796875
1.27929688
4.35156250
15.92848206
4.76562500
5.17187500
10.03319814
22.13477061
8.92968750
9.87500000
2.70312500
7.72721188
8.24609375
7.62435062
5.00390625
1.38736813
0.80013187
3.65657469
1.64680907
3.05208499
8.73828125
1.98535156
3.82617188
3.73423576
6.58203125
6.17837877
4.53646498
2.58593750
0.64583250
2.28287843
5.89257314
9.90748171
0.95345467
9.05728502
3.03451185
3.19335938
19.38286203
14.74206543
2.52408688
2.52083499
0.93847656
5.93943817
3.65040558
0.70507812
12.48079344
7.23551515
6.62109375
2.52539062
11.97900266
0.38134890
9.30110594
2.00976562
8.36912111
6.10156250
4.83658688
13.11718750
15.51106937
12.22458196
7.81545710
17.53906250
3.46321532
3.68522218
13.34439938
1.41731937
4.80078125
15.34960938
14.92187500
6.72688719
9.09733156
4.03125000
13.61425532
5.08203125
9.92285405
7.23437500
4.42778015
2.06034088
14.35579344
1.93522218
2.43261719
13.96875000
6.11262190
6.49087877
8.15821808
4.81282469
10.24137453
5.23437500
2.40721659
3.19141622
5.29882314
11.84473155
6.15234375
9.54882812
5.59798094
0.65983156
8.24641844
7.17578125
9.76754308
0.89976881
1.79623060
8.24218750
2.35546875
0.04595947
22.51138409
2.54395279
6.49087877
7.34473404
9.15983156
8.12500000
9.10156250
3.03125000
1.14355469
4.18782469
7.93326906
4.08984375
1.16210938
0.34266663
9.01367188
12.29687500
0.08270264
4.46516844
5.23014406
9.02896720
2.30891595
1.73763685
18.58170656
7.32538649
0.61262938
1.10237796
8.54687500
14.19270750
5.82780031
3.84439938
7.71972407
1.58431405
9.13281250
2.41406250
10.58575439
4.41795380
5.93603391
7.22023104
6.73046875
4.21093750
0.91357422
14.83789062
3.38476562
1.23339844
4.97265625
3.42968750
4.05078125
0.30029297
10.40429688
24.50617908
9.38835217
14.50846188
2.82063968
7.22656250
4.89876219
1.49088625
9.48274158
5.41960217
0.83056641
12.53515625
5.26626940
5.36556654
12.48860594
3.34147218
6.73437500
5.23046875
1.69628906
5.88671875
9.54914285
8.91960715
6.33203125
7.86783688
17.66731937
8.18750000
3.11914062
3.88867188
4.98437500
4.38476064
9.75000498
7.87109375
6.71875000
9.42610594
1.41015625
5.45604721
8.12175310
5.48533412
4.72820589
5.46451906
6.16959718
10.69596188
3.16210938
4.87825687
0.75677490
3.57128906
1.03808594
6.22298094
4.79329344
2.62174562
9.36295656
3.17578125
14.84716797
9.08300532
16.47591312
11.75358156
6.34375000
1.03027344
3.25390625
6.22265625
10.57421875
0.11271055
11.75870789
9.13281250
8.60221188
2.35254155
16.00846188
20.39192376
1.82617686
5.56640625
15.46125721
4.94694592
0.73388672
1.60058594
1.38281250
12.84960938
6.84765625
2.86718750
10.15298316
0.73991965
7.44921875
6.47623781
7.14453125
1.14426261
7.93978280
3.32486813
4.99542942
1.41407745
2.18945312
3.96093750
3.21613005
5.27508089
16.72167221
3.35254654
0.70670531
2.10953735
8.10156250
7.71875000
4.63639406
0.59694412
3.05505500
4.54331338
2.17610594
1.94238281
10.32519282
1.49870124
10.13085439
4.47852061
10.29687500
7.59016844
3.15592531
0.89404297
7.01627438
4.63378657
2.18034186
13.96093750
14.54264406
3.84570312
9.00781250
2.82128657
2.55371343
1.72753906
5.58853502
11.52083998
2.71875000
3.40722407
1.61035405
4.32421875
0.27050781
1.38085938
7.55142066
7.21745124
15.83854499
18.22070811
5.05110594
2.88444093
8.17610594
10.51920656
8.20312500
1.93293939
6.27604499
1.58203125
2.11523438
2.54492188
20.60221188
4.21419437
10.97298094
8.32258533
3.06771498
6.04296875
4.25000000
5.41145501
6.78091534
3.84278590
6.66080314
2.59212655
8.79687500
9.74218750
3.50195312
1.86914062
7.60156250
4.32722961
3.31339539
9.97721188
6.03060062
11.49706782
5.81543218
11.73079344
3.54264406
12.81314938
8.25716312
6.54719969
2.28515625
2.53677970
8.08431156
19.15201906
2.53027593
9.21093750
5.65949690
0.45183122
0.87337157
9.07617188
6.92545656
5.98079344
4.28678468
9.39127438
2.44661624
10.81379876
2.04362311
2.40836422
13.61295656
11.91048094
5.09700687
12.11132812
6.17935284
6.40658466
13.54882314
6.57617686
3.37500000
9.88605940
16.83931291
7.78759766
4.76854223
3.48731715
4.12499502
3.31575189
4.57389904
16.77114354
0.69433594
11.57812500
1.68798080
2.70003920
2.84537843
16.35156250
19.65429688
9.35937500
2.11196504
3.03777371
1.50455812
3.96093750
2.64648438
0.68212891
4.25032469
1.34269289
10.50878906
16.96516844
3.41569093
11.97298094
9.23014406
0.53271484
1.40307617
7.94596188
18.57812500
6.29296875
4.48763187
7.90234375
3.33984375
9.19531250
4.34375000
3.37500000
1.22769518
3.70117686
4.17155031
4.82780031
12.45735594
2.67350343
6.51562500
12.70377438
9.03060062
19.75048828
15.96289062
16.54296875
6.88281250
6.54687500
4.71093750
0.11499023
10.85156250
1.90217019
9.62728778
18.90560062
11.09863032
10.28418218
2.02343750
9.81835938
6.57031250
2.30859375
1.62988281
3.04882812
5.10546875
0.70247313
1.94694093
10.54687500
2.25195312
4.27538564
4.05664561
15.82843972
7.82781028
3.11718750
4.19140625
0.55615234
2.50992797
2.10921265
1.96679688
8.75000000
9.86002438
4.45638187
8.49869127
5.65365248
2.16406250
6.29394282
7.76497562
8.01562500
15.43339113
1.42912572
8.04557624
10.53563830
4.51547761
0.54052734
10.71093750
3.08821282
5.77604499
6.14908688
0.14611816
6.75325687
3.73632812
1.84146969
6.97037345
23.04102061
8.83463625
5.44140625
5.99609375
1.77766595
7.22526374
5.02734375
1.32242797
14.37303192
11.61736480
2.25358156
23.60156250
3.61523438
5.10937500
6.22265625
2.02929688
8.26562500
4.71516844
4.24087877
1.34864029
1.78335176
9.31674589
4.07031250
3.04101562
1.29231688
6.58626219
2.42903812
8.96288564
9.40625498
14.61783688
5.65950687
0.56347656
3.01757812
5.50390625
3.33593750
0.71085197
2.39095467
2.90039062
5.08203125
2.30110594
2.38444093
6.64843750
3.33398438
2.14062500
2.57421875
0.03552246
0.79199219
2.88476562
3.74414062
2.53906250
4.45312500
4.57128657
14.18261968
2.75390625
9.27343750
1.18066406
2.19372559
8.82942376
7.38932624
1.54507300
2.31055684
13.05403812
5.94921875
3.43489251
17.69499030
2.77929688
2.62955563
2.99153812
7.75000000
12.54687500
5.60611813
1.80501468
0.76696279
7.88672373
5.57812500
2.41210938
1.54296875
1.87792969
11.55793440
1.35612810
7.86640930
15.35221188
7.28060062
2.66015625
3.85156250
6.49218750
3.16471188
3.17903812
12.08593750
0.52376219
4.91373781
3.51171875
2.68163564
4.63086436
6.24609375
0.02032471
8.62271720
1.69173592
6.27734375
2.00976562
6.37500000
7.67610594
1.66471437
7.36751219
4.69498781
8.40625000
13.59375000
6.14159907
8.65266844
2.34635749
9.34570312
8.66406250
6.87109375
1.88085938
1.50195312
5.19954344
11.39973626
4.96322030
0.32543945
7.90851286
1.59734651
3.70507812
16.74641844
3.46647218
13.28548094
3.49967531
2.80078125
7.08379027
1.71451906
0.67529297
0.03610229
1.59484863
19.37174313
1.94075687
21.34375000
3.98242188
6.85937500
0.30126953
3.85937500
0.46484375
3.20703125
8.66601064
2.13086436
3.67382812
6.08203125
12.71679688
15.18391844
12.91375772
5.93359375
1.75536985
0.62988406
0.34716797
2.17414534
1.23503435
4.53906250
5.69531250
0.54052734
10.98600094
3.62044437
0.94677734
21.19806738
3.75505762
9.93750000
2.32421875
8.34375000
8.43033688
2.70442874
1.84407469
0.04760742
1.92936281
5.52734375
8.61539672
0.78352906
8.49641844
9.68326906
6.97298094
6.68253664
6.43456782
13.62793218
5.23632812
4.40266844
1.66959718
7.51953125
3.22851562
7.19726064
6.43978280
2.07844969
16.15625000
8.87564938
7.86230718
19.69694093
6.86328125
3.93359375
2.25195312
17.23828125
11.85579344
5.81673094
2.85091312
2.82421875
11.00781250
4.61718750
0.02017212
18.98828125
7.36718750
2.26562500
0.13916016
4.76953125
1.71289062
11.21678192
4.02149933
5.10937500
12.53320312
4.13052472
8.05502216
2.18538204
6.37337281
4.33919437
4.95703125
14.50423094
5.63167110
1.03304327
9.03221410
5.65137965
3.88281250
13.43456782
3.31738530
9.49218750
7.43750000
9.34960938
9.67447252
11.44271498
4.63671875
7.81249003
8.08985372
14.96516844
15.82389406
3.82454344
1.11783937
0.61230469
11.50000000
2.90266844
5.95735594
6.40592531
0.59489015
15.84325798
0.38183968
1.96386719
9.97265625
13.55859375
12.78125000
2.46484375
10.07291002
5.56380873
0.65917969
3.52148438
6.54296875
6.78157469
6.14811281
3.88899158
4.69694592
7.21484375
0.90087891
4.12141844
7.19596437
8.30891844
3.55273438
6.94889406
12.58918440
11.56706560
4.50390625
9.19433594
5.13281250
3.97265625
12.27766844
1.27311281
6.44531250
5.84375000
14.75064938
1.78645999
2.84375000
9.37500000
4.67773438
5.56640625
2.10937500
5.48828125
9.17187500
4.24609375
11.56705563
6.58951906
9.42545656
3.90527344
6.54296875
5.64094969
13.75064938
6.10969969
3.34245124
7.29719969
11.97233156
10.90071532
6.09342531
0.99121094
1.11449448
0.77930435
1.38671875
16.53221410
0.97559840
10.18781597
4.68181294
6.25390625
8.98089600
8.39843750
1.51757812
5.28515625
7.71484375
9.15591534
2.22689716
2.31347656
10.24218750
1.69042969
0.96630859
11.57812500
8.38281250
17.91860816
0.53354028
5.03906250
5.47362035
3.01107934
10.64411691
1.75650876
9.24153812
5.08203125
11.82031250
7.25195312
14.55891844
1.01920656
5.94531250
2.27343750
6.13313719
5.84464539
0.24389711
4.46093750
4.25000000
5.65625000
9.63671875
6.12564938
20.66341312
13.37500000
1.92871094
12.34765625
13.60677000
1.27897218
14.84736311
8.85222185
4.01171875
2.69335938
1.37306213
3.13671875
1.13183594
4.04687500
6.35156250
9.08267066
1.27670434
2.66992188
0.81152344
1.64257812
6.74739251
0.44254890
8.12694814
4.04492686
1.89355469
1.42968750
8.76269531
4.77868652
5.76594969
2.49381593
5.55468750
3.09472407
0.13135015
0.01422119
5.64062500
3.17773438
2.73046875
5.89453125
1.26269531
5.90265847
2.71094747
7.12141844
1.49869875
15.88374754
19.06159651
2.13868184
4.11865234
2.34635251
3.35351562
6.84310062
3.31087157
18.99186281
10.55078125
19.21158688
4.83528812
3.01790282
6.76854721
7.67285904
1.73990968
4.49755859
2.21289062
8.52343750
13.44855940
4.86003435
1.06250000
3.08268063
4.55712766
5.14054632
0.28556336
12.06070922
0.74056031
0.37451172
5.05273438
6.46875000
5.72656250
0.57714844
3.13085938
1.15136719
3.11132812
15.23990470
2.38900155
12.72688719
3.14453125
7.00358156
2.09375000
9.27408688
10.34992908
2.82357435
10.58593750
2.01562500
4.49186281
5.52343750
0.01360321
6.35676751
11.96383916
0.32535890
2.51562500
5.78938719
3.41470260
0.26612505
0.83105469
11.48860594
5.46272703
4.36653812
4.30078125
11.27343750
4.82812500
0.65332031
13.69824219
1.47753906
13.20735594
2.30436281
9.02343750
1.74414062
1.39062500
5.15574801
4.31690824
2.16015625
17.08984375
4.61393063
12.25358156
0.28556398
7.69140625
0.71679688
10.06250000
12.09276596
3.66341810
6.86002438
6.56966312
3.54264406
1.28867957
1.68913840
1.53710938
4.42936281
3.15625000
6.71875000
4.57454344
0.76660156
3.61848128
4.29330341
3.48469969
5.99772218
10.68750000
2.27441157
6.08496343
1.28442383
2.24804688
2.19531250
9.89973626
1.33544797
0.54215952
7.51953125
4.53125000
7.62890625
2.22656250
8.87141844
6.87125734
4.77343750
6.05143063
8.03841312
11.01985594
1.21842531
1.03449939
2.69141123
8.48306627
3.37207779
7.84651485
0.25089726
7.92902815
7.06706560
2.57812500
6.30078125
10.20312500
2.21875000
1.50585938
5.51171875
7.95604721
6.03547097
2.66896276
6.10514406
6.82844969
10.29329344
6.90950687
1.84293578
1.00349976
2.44726562
7.16406250
0.16174316
0.42234979
2.61393561
8.46093750
11.09798094
6.87272218
9.69531250
1.72070312
9.55468750
6.66796875
10.36360594
4.72623781
8.62500000
0.20568848
5.69531250
6.34179688
4.52343750
13.45377438
8.16731937
3.36914062
3.11718750
6.00000000
2.74218750
6.36718750
1.00748532
1.85253906
3.74739749
1.32877438
5.94466312
5.17056627
3.49740248
3.55078125
8.46289062
4.81250000
2.76562002
1.41016123
4.95312500
9.32454344
4.27668440
1.80111591
2.44140625
2.31250000
4.22265625
0.11016846
8.06282469
1.92350343
1.23963253
1.92903812
7.06640625
0.34887695
7.82031250
2.93554688
7.53515625
2.75781250
8.33235594
1.93912843
5.72688719
2.41764406
6.23437500
9.67968750
1.12890625
3.12304688
5.89876219
9.62076906
0.75211422
8.06250000
7.97591312
4.47753906
3.67187500
5.57031250
2.27343750
4.13281250
15.30664062
6.88671875
4.65625000
0.68408203
4.22265625
8.20735594
8.66406250
2.75325189
0.24593514
4.31250000
16.84439087
2.02172852
6.16503657
2.79427249
5.80468750
2.56412843
7.63492797
0.05092408
2.35937500
5.81346410
7.17091090
3.30273438
5.16015625
0.08178711
2.10742188
3.78384254
14.81576684
3.74511719
7.01562500
2.99804688
4.33984375
8.38475067
4.29493683
2.85351562
5.37500000
2.80696532
9.88411126
4.29964608
1.55338376
6.35693484
0.51546265
3.76480954
8.60872562
5.93359375
2.78515625
6.94173094
9.60579344
6.42936281
4.53873781
2.69921127
2.50716810
3.67936281
13.18651596
7.88379654
7.33203125
11.54459220
0.56673592
4.87759254
4.37826684
5.60156250
4.28906250
4.57421875
1.78125000
3.19693844
5.52734375
10.31966312
0.90287262
0.49458832
7.44531250
1.42285156
8.78125000
0.09472656
9.57096188
2.17317874
11.96158688
1.33561281
2.81998781
0.69921875
7.85156250
3.50455563
2.25325687
2.56054688
3.93164062
0.02012634
0.85859005
7.27050532
0.80404061
5.88281250
3.91113032
7.66894780
2.70312500
1.18457031
10.69954344
5.76139406
11.53189440
2.91927748
2.85643784
5.36035904
1.36132812
6.30273438
2.07031250
22.59765625
5.58984375
1.24023438
12.04709713
2.46810062
1.05500471
1.74479997
5.59797097
7.64031028
1.50585938
13.95605469
1.79199219
4.71875000
2.56835938
11.26562500
2.71158688
12.16406250
3.75128879
2.11915558
9.81250000
0.29866453
6.61686281
1.25585938
2.86197751
2.54231937
1.45494785
1.40691433
7.33593750
0.14929199
3.90820312
0.85237298
4.18229499
6.28515625
3.48828125
6.34375000
7.26562500
19.16046070
3.90788342
1.77929688
13.03906250
3.40039062
7.09895501
10.99088874
1.55371094
17.27902325
9.21127216
1.37988281
5.45865719
0.11271055
16.88761414
4.79687500
4.67740470
4.72852061
4.34375000
13.67187500
13.85156250
0.44165039
17.03499266
12.94498781
4.78515625
7.34765625
9.58154297
2.48828125
4.38281250
6.10156250
2.53906250
5.82812500
4.29296875
8.09088135
1.00097656
1.60600567
1.82128906
13.77343750
0.41772461
3.41015625
25.29443359
12.74641844
16.33105220
11.03776374
3.39062500
7.31640625
9.92038897
5.34456464
2.97265625
13.52766844
1.25748781
1.00390625
2.92578125
4.26953125
0.02285767
6.29296875
6.69953347
3.78484153
5.26204344
11.29687500
0.98209718
10.37141844
1.00284166
5.68457779
5.96093750
3.13867188
5.24609375
1.57324219
0.13793945
1.42187500
12.19367908
5.13053967
18.39908688
3.79622562
8.58593750
0.26912352
6.87109375
13.50358156
3.38476562
17.89908688
13.58528812
8.66113032
9.32324468
6.23437500
9.95735594
19.29796175
11.49218750
8.37304189
2.57259530
13.09733156
0.18420410
2.82421875
11.71875000
5.33821033
10.92773936
28.47200438
8.83797367
8.57454344
9.36360594
6.61686281
7.14453125
6.49625734
3.44140625
1.56680298
7.20703125
12.46516844
8.69889406
3.38509032
9.29085328
18.56429078
3.03157469
20.21061281
3.43750000
2.13313719
2.43326906
9.91048094
8.51920656
13.36718750
0.29248047
1.98339844
12.82350335
2.94987311
10.10937500
3.47656250
9.19531250
4.27644836
0.98722351
11.01692376
6.11621343
14.03221410
1.80144558
3.13183594
10.85156250
4.20735594
7.44889406
17.15494127
13.80453014
0.50170649
10.71923704
2.57064217
12.51139406
3.36914062
1.35253906
0.04321289
0.17333984
1.51757812
12.19531250
3.13118407
4.38281250
11.64420656
4.26985594
8.37792720
8.85026374
6.70703125
22.12597656
9.68944814
12.87549327
5.70312500
11.95019282
1.77636968
6.52734375
20.20572751
13.83951906
6.14876219
6.16438719
8.37076906
10.57226064
1.01676889
15.35270390
3.88085938
1.22070312
17.29687500
13.98567376
8.24153812
1.19075687
4.52376219
3.71451906
10.40625000
12.02734375
8.85449219
5.94531250
2.38085938
12.88346188
4.04231937
10.03869629
17.54687500
7.37109375
5.30859375
3.97395501
8.84081782
3.75553967
2.66406250
3.46289062
5.17187500
19.98828125
2.01448360
0.38102421
0.63916016
11.64062500
1.15950438
1.14265120
4.34717420
3.78939093
2.76367188
0.81408691
7.74218750
10.49641844
0.22867922
1.59472656
0.73242188
3.82388908
2.94173592
2.15039062
9.87555357
7.76724845
4.00260749
5.92708001
10.13477061
9.09977172
0.37654664
5.88281250
12.18359375
3.73291867
6.18685062
7.81250000
3.45703125
6.71093750
3.25781250
9.71289062
11.98437500
16.75846188
1.18489749
1.21582031
8.26562500
9.59536348
4.03744902
10.76204344
2.10156250
12.26204344
5.12988032
11.87500249
2.57747562
9.34798094
1.34635500
9.13281250
7.53449690
3.16081560
8.07031250
3.87500000
6.62109375
5.38671875
1.45996094
7.45735594
12.77701906
5.06250000
4.78906250
0.03436279
4.87320922
0.84726679
9.23600593
1.43750000
13.65819814
9.19287608
15.11360594
2.19531250
3.70280031
4.86393063
12.80403812
2.56542720
9.49935062
14.17545656
17.08398438
6.68359375
5.33593750
2.22460938
6.79252106
0.13997406
0.34619141
12.29687500
3.55664062
10.95507857
11.46516844
6.89388187
8.95133422
0.43912719
1.22330812
4.09373505
1.80112089
12.41764406
4.40136719
9.93391844
1.49479250
1.06445312
3.37304688
2.40120360
3.73600343
13.50000000
5.02343750
7.26594969
2.56282469
3.13248781
14.72233156
16.26648375
5.39030031
2.09993407
12.72656250
9.72656250
1.52034547
9.93929078
1.10351562
1.18554688
3.27962157
6.16080563
5.94498781
2.14778812
1.14904629
0.63537753
7.06250000
1.81445312
4.18359375
3.40982658
2.38993806
12.35579344
3.68750000
1.37955812
8.91829344
5.55826906
3.46289062
2.37564440
2.24935560
7.09179688
3.63281250
4.19205563
7.38204011
0.44250582
1.07968243
2.67204607
3.85123781
6.97086547
1.54573609
3.31087157
12.26627438
5.22168218
3.37734840
3.68654587
3.79589595
10.50260500
12.30452640
9.28906250
0.41674805
7.16113032
1.96972905
6.00911126
3.03385749
10.67008422
0.14510133
0.07084106
0.47932984
3.03320312
5.69921875
6.02343750
5.64062500
8.60156250
15.81250000
10.10937500
12.38671875
7.62500000
6.00488032
12.77278812
11.16406250
8.71451906
0.63427734
2.77539062
12.24283688
9.38704344
1.51204593
6.17578125
2.66373781
1.91894531
7.60271975
5.16764406
3.96484375
11.49218750
7.94238032
11.12564938
8.94043218
2.38606937
2.83203125
12.25781250
0.84521484
0.38997313
4.41373781
7.90625000
10.30702730
3.85123781
8.52343750
8.87923094
1.61783937
2.13085938
3.90266844
2.21256593
9.09375000
1.49218750
1.04772949
9.73437500
10.73828125
3.11914062
8.56673094
9.35767870
0.44896193
4.27311281
3.35937500
17.50184631
1.91764157
12.69466312
2.77734375
19.74185284
12.03548842
9.50716312
13.70473848
0.72071808
4.68945312
7.17578125
2.41243407
5.34342531
0.59570312
3.58071754
3.55925310
1.94800773
15.48925532
9.49935062
4.03092531
16.57226562
8.75000000
0.02401733
5.94140625
13.32062722
8.50358904
12.25064938
12.90560062
5.28320562
8.96875000
1.79101562
9.03548094
1.74674562
6.73046875
7.42382314
7.06055186
15.44954344
6.59375000
5.63704344
1.57389406
7.12500000
5.21842531
4.34672001
2.68133089
6.41406250
6.99251219
1.14420656
10.09016844
1.22884032
2.16341312
5.05175781
8.78548094
1.24088625
3.14729610
6.27933725
0.89792109
3.50455563
0.87334354
4.66406250
5.33593750
8.64062500
8.76204344
11.99218750
3.33984375
7.34342531
16.40625000
1.40708389
0.03719101
2.99804688
3.47460938
6.54914783
2.11296154
12.08593750
10.91031735
6.05826906
11.00423094
11.66764406
4.87467531
1.45507812
2.26268784
3.13574966
3.27148438
10.38281250
4.73828125
4.38671875
6.18814938
5.45638187
9.23142331
0.35481937
1.26041251
1.27474374
5.35188719
7.75585938
7.08561281
7.36718750
8.11718750
7.23437500
3.58203125
6.26204344
4.75260500
14.45312500
6.69661126
3.89323249
8.21939938
1.30208499
2.47070312
8.49348626
7.47135749
1.83300781
10.37304688
8.39843750
2.40429688
5.00813719
0.64762453
4.49348626
4.08919437
4.43685062
9.11002438
7.73372562
2.99414062
4.88281250
12.89062500
11.01562500
11.74414062
5.20312500
15.85579344
11.33658688
3.67350343
13.46581782
18.48253793
2.49479001
4.22021609
1.05550172
0.46150633
7.11295656
1.57812500
13.11783688
4.78450687
10.97460938
6.19954344
1.41178468
4.26204344
11.21870378
2.66113032
1.84700687
16.81608156
2.36914062
5.81705563
1.94075687
6.60156250
3.94531250
5.50000000
4.85969969
5.53873781
1.77050781
17.58202876
16.98946806
6.89713874
6.94140625
9.23079344
10.80305907
6.11263187
4.39843750
1.08886719
12.10156250
7.95344969
6.47623781
4.68359375
1.38867188
3.83203125
0.81933594
0.32958984
3.97656250
7.41113281
13.36002438
10.55826906
4.35514406
7.21439606
0.01065582
8.47557846
1.59668716
6.91113281
6.83626219
3.95930907
5.74755984
0.20951293
2.02506593
8.56852172
0.22127320
18.41011473
4.11686281
1.30566406
10.99218750
10.25781250
2.74119848
2.20606715
7.68000222
8.40593528
15.14680907
0.23828125
5.13248781
35.29284668
3.75976562
0.98828125
10.36718750
22.43782469
20.99528078
4.19921875
7.85579344
5.25748781
11.13704344
4.94889406
14.22786126
5.90495124
4.16210938
6.03125000
10.43750000
3.20377438
2.34310062
4.35156250
4.49609375
8.20735594
4.63444093
5.52343750
0.00303841
2.76367188
8.38818359
4.31070922
0.63981078
0.71158937
8.09375000
8.81250000
10.94173094
14.03483156
0.40917969
12.73242188
0.30647703
2.15787843
1.09082031
4.05696532
3.53678468
3.41992188
1.88183594
5.92968750
3.57226562
0.90966548
3.65527593
17.60937500
6.97265625
1.08300781
4.21223626
0.92187749
1.58235594
2.80013187
5.41674805
8.64843750
1.34667969
6.32421875
13.92968750
11.90266844
5.49673316
7.47982934
9.70735594
7.52327640
2.81250000
2.90885251
4.13216312
8.35758422
0.02431275
12.53254876
2.97916999
3.36132812
11.20702128
8.66016622
6.59439938
5.37044437
0.16918945
3.20312500
5.56640625
1.60382080
9.85937500
4.75000000
5.58593750
6.00000000
0.03961182
10.73990470
2.41829842
3.67187500
10.61718750
6.77799313
0.17391117
2.11523438
10.29335998
0.08162476
3.05468750
2.20458984
4.60156250
1.19921875
3.69335938
1.29101562
1.79101562
6.42283910
2.84229388
4.16329787
0.63704842
4.66406250
7.10546875
12.34814453
4.74641844
1.89257812
10.62076906
0.10009766
0.58984375
1.95507812
10.68750000
8.54345703
2.89062500
12.71516844
3.84537843
0.28099574
11.31543218
1.73144531
4.25715814
4.43229499
11.65625000
2.19726562
7.40445922
0.65852906
2.75976562
4.92610594
0.39200929
2.05859375
6.69531250
0.26103511
12.00114140
4.48437500
2.05468750
4.95703125
3.03906250
2.35546875
7.78971188
1.72200687
13.62923094
1.64127687
5.59375000
8.55859375
1.35058594
2.59106445
6.26562500
0.62792969
7.73893063
7.36922367
7.05566157
0.27978765
2.10742188
9.32031250
17.37500000
6.48469969
10.62858156
15.98079344
9.46289062
1.65299562
8.28906250
15.74218750
1.35742188
2.41015625
10.07812500
7.18391844
4.37206782
5.97526374
4.03515625
18.27600098
1.63118407
5.14420656
10.42348848
5.34994902
6.07974845
8.84603280
0.33569336
9.12500000
12.73502438
1.64518063
7.19791999
0.45336914
6.88281250
7.05468750
4.00390625
3.19790005
2.09702182
10.71875000
2.18164062
1.62207031
1.36896956
2.34929216
1.74414062
5.71875000
0.35986328
0.44531250
7.06250000
14.07877438
8.06331546
2.04321227
0.78523742
16.10937500
2.58561281
16.18391844
11.43750000
4.00390625
1.74576906
3.82323970
8.07747562
9.02164672
0.06762820
20.88118407
15.78906250
10.16959220
1.99805186
11.48860594
9.58430408
6.94271498
9.88704344
4.10123781
2.79296875
5.89648438
17.05124664
2.63671875
3.63191711
0.10355652
3.13671875
12.02343750
0.38452148
17.68945312
12.83495346
4.39942154
7.66438719
14.64158910
18.52148936
11.64648936
1.96354499
1.60058594
4.19986813
7.33200939
0.47509766
12.56607907
3.99576906
10.36718750
5.25358156
4.85937500
13.36783688
7.76497562
15.60709469
2.00520999
12.80468750
4.60969969
0.62076906
11.83300532
11.69108156
2.83724124
10.62564938
6.77278812
7.66829344
7.12858156
3.83691157
13.36653812
2.84342531
8.30858378
5.10547872
1.38378906
12.88411126
5.53385749
3.63834469
4.12435062
9.36783688
11.38834220
10.99870373
16.61783688
23.26595218
6.83203125
0.02888489
0.23315430
8.25781250
2.32421875
21.46297117
5.25553468
8.49414062
19.81032303
0.51096603
3.06835938
5.15917221
2.57520279
7.96439606
0.17720551
3.15625000
7.79199219
9.78125000
1.81754516
1.42464234
14.71875000
1.08007563
3.19043218
1.51919659
7.08627216
13.88704344
9.28483156
2.25000000
6.70735594
13.06250000
1.10221437
4.12109375
14.45540282
6.64876219
2.51692874
2.16796875
10.89062500
0.54207274
0.21720461
11.12958718
4.23015403
5.40234375
2.24218750
13.70865470
0.88802499
9.68391844
11.71519999
3.49577903
9.94173094
14.62662843
3.87532469
4.21126219
4.29675449
4.50581879
11.90266844
6.88639406
3.74804688
5.14062500
13.31250000
0.18945312
8.97656250
5.50813719
17.95865968
8.07031250
8.75423094
7.23144282
10.79622562
8.16341312
2.03906250
11.97363032
0.88216063
10.31021720
24.20508560
7.91406250
7.55078125
11.60156250
3.03442321
3.73901429
2.86848626
3.43144050
10.92968750
10.56835938
8.16406250
10.96223626
11.88769282
10.97233654
2.86718750
12.24820922
0.82161500
12.91552485
16.18261968
4.60188719
13.59830812
1.71321532
20.26593972
10.88607934
6.93782469
2.51725343
6.25781250
11.64485594
10.53483156
14.95165517
1.91211436
18.05143063
15.54718474
16.49936059
4.81868905
2.71679688
10.17968750
4.06282469
3.15397218
12.34439938
13.15560062
0.78857173
7.09668218
0.24251219
16.57812500
8.51139406
4.20312500
14.98079344
7.25748781
4.19140625
14.98144282
2.55761968
15.20141602
19.54687500
12.44531250
0.24361082
2.87172818
1.95249057
6.93717531
6.89843750
6.06314938
8.33170656
2.10709718
8.58479610
0.20646367
21.29459220
16.04980718
8.33170656
10.19791002
18.19108156
16.63021498
20.40429438
18.26204344
8.26855718
2.14030031
6.08593750
0.16735840
4.14843750
3.25423094
1.76920656
8.94173094
7.05533688
0.64534671
2.84928468
13.69173094
6.50746580
4.11295656
4.17936281
10.32812500
3.79899047
2.96695922
5.27311281
8.26562500
8.29687500
9.88997064
3.92448249
12.02453613
12.39062500
4.48046875
5.43001219
1.43522218
1.96386719
5.93195036
5.52752230
1.60093844
6.98097074
2.76562500
9.41406250
1.86083984
13.26269282
6.77278812
3.09016346
1.88802748
1.72558594
3.47070312
17.40879059
5.36751219
8.33951906
4.23828125
3.15104001
1.35807375
1.80240968
6.20279782
10.78247070
10.08951906
4.87890625
2.04069093
4.89235428
14.74709330
3.76074468
8.68750000
6.62320922
0.77718140
0.82568359
6.40625000
1.73144531
7.33333001
5.26823249
8.22395501
19.56999030
6.07421875
1.77539062
15.27058836
10.64745845
6.91487921
5.53304078
31.47977037
0.73666029
6.21126219
3.00748781
3.36132812
7.81738032
2.31152593
1.62695312
7.11913564
0.32178233
13.05630098
2.54916777
6.25000000
2.26953125
9.97387695
5.55078125
3.43750000
4.47656250
10.64485594
3.83170656
3.97851562
0.07159424
0.20336914
5.30501219
2.76530031
1.28808594
1.20703125
11.07031250
2.74837157
7.71451906
4.07454344
9.46939938
0.41748296
4.27669188
3.96971909
6.33269060
7.11718750
16.55468750
11.51627438
4.90592531
1.04655031
3.42414783
4.63867686
12.05664062
3.38085938
4.23014406
9.03125000
0.06707764
10.22656250
1.91601562
13.70735594
3.34667720
1.15006843
1.48730469
9.03906250
6.62662594
3.71028812
1.56217282
10.91341312
5.44596188
0.68978031
2.43359375
7.90657469
2.23405031
0.83886719
3.41829344
2.88834718
10.62369626
3.09114749
7.36425532
10.37793218
1.70898438
2.19140625
12.97656250
7.92772939
5.43359375
5.36556405
6.97265625
14.03125000
6.53678468
4.72656250
6.25000000
14.72208617
0.03969361
7.62043440
11.16634779
4.78841312
2.42578125
11.66829344
3.95280031
16.33984375
24.07355940
6.76870956
4.77296542
8.18457031
5.24975586
4.02734375
6.00014739
-0.45424895
5.95133422
0.52970336
35.32975343
5.51953125
4.38281250
1.11718750
3.89453125
17.51090329
21.93812944
14.88607934
4.90202903
8.25177084
8.01743572
5.44562722
6.05925559
29.50764517
5.87195976
1.62956560
12.57138165
0.84506122
10.17348848
8.87550199
8.74983765
5.92187500
1.34765625
1.24218750
0.64379883
2.47070312
31.24657580
8.34717420
6.32420878
0.48633809
5.15559065
1.08366716
7.29394282
2.97981937
1.14323000
4.05078125
2.52148438
1.78125000
2.57096188
5.33170656
15.54329344
4.69466312
5.89876219
8.77038149
7.25878906
0.54312985
6.94108156
2.76920656
9.92252438
5.42513187
10.30891844
3.89811281
16.78808594
1.30664062
14.05565160
4.35450465
2.62109375
11.57185789
4.77701906
6.08203125
9.41992188
5.51562500
2.04882812
7.59798094
5.15690187
0.68017578
9.70312500
12.37577239
0.54219636
20.80403563
7.65167443
7.21518838
0.20446777
3.83203125
12.61497674
22.29329344
2.04492437
3.04817874
9.45735594
15.07031250
5.57909907
13.76497562
9.96810062
2.88476562
6.42610594
3.04329344
8.52278812
15.95735594
4.63997313
7.39811281
8.53483156
8.30110594
2.25553468
14.01871703
1.11930297
24.53629640
8.39062500
12.70133422
0.23181152
2.79280640
23.28515625
7.27832031
15.08203125
1.97363281
9.08235594
10.43651596
3.09473404
9.91764406
0.75439453
0.74804688
0.56689453
1.67773438
5.19563719
0.25797609
12.39843750
3.60448970
3.45215093
9.22851064
8.00228280
7.06282469
3.55013187
8.11718750
0.77490234
13.57877438
4.15364749
2.16601562
0.05190871
11.86962766
12.77949202
3.19922872
11.61132812
1.83723875
8.39859985
0.88623171
9.23967831
7.69108156
1.24088625
1.79231688
3.03548094
5.72591312
4.27734375
6.87629876
2.43522468
4.90689938
13.03060062
24.06542969
9.86946532
5.97444703
4.76741578
2.63867188
7.88443844
12.66992188
8.13997562
5.42968750
12.69531250
2.92838376
6.38606937
1.14453125
7.85868161
5.19075687
8.90625000
8.92354278
0.06772920
12.94628906
11.69954344
6.00358156
6.18359375
5.24882933
6.28873781
8.42968750
2.88281250
9.37500000
8.18912345
7.58822030
27.76627438
6.69531250
5.99544437
4.40625000
9.55891844
4.65819814
5.22038342
3.32421875
5.62109375
2.88281250
7.71093750
8.04719969
1.72135500
12.16992188
3.01757812
6.51594969
10.90983156
17.55891844
10.50488032
3.16666999
3.57617188
3.72656250
5.15234375
7.76953125
6.94921875
13.61132812
15.40592282
6.18001468
3.68359375
9.59375000
2.37304688
4.77766844
9.70084220
1.80664561
6.83203125
3.07437985
3.17317874
15.15022454
17.33366218
14.70117188
2.21679688
9.39062500
7.36335754
2.62890625
8.18164062
20.01204344
9.36295656
3.29101562
12.57324219
8.00781250
13.50976562
1.64746094
6.67187500
16.91829344
3.80631593
8.84798094
12.22656250
1.88411375
6.77278812
6.32779782
14.35644531
2.03450687
11.78906250
9.60286126
2.71321532
1.41341561
1.70898438
13.80664062
10.28010985
8.40201906
2.37109375
9.22980940
1.18425310
2.28400114
6.52898714
5.23828125
3.16210938
5.70800781
1.69238281
5.30859375
10.51562500
6.46907469
6.73469969
8.30403812
3.55143063
14.37321047
4.12076906
1.24609375
10.21376500
2.25260749
6.95377438
3.86002438
6.88151374
13.27766844
4.44498781
17.05078125
2.17187500
9.32812500
15.11718750
15.22656250
13.73697252
5.06771498
4.91829344
3.36783937
6.91015625
3.33593750
3.21289062
6.01399158
3.90430186
8.22330812
14.91048094
1.71451906
9.35937500
8.52766844
6.44108156
0.37255859
1.52489736
3.19531748
10.22622784
4.84017841
3.85937500
18.32975094
6.47591312
13.17382314
17.01953623
6.21516844
9.04817376
5.86165780
0.56445312
3.02799313
-0.01773922
10.92382314
2.57227061
2.43750000
11.19726562
15.49609375
3.05664062
0.63671875
9.23437500
1.13671875
3.61035156
4.11328125
9.75846188
9.24495609
2.51171875
9.37564938
8.92903812
1.58496094
9.59977172
0.45223023
14.34504876
18.36295656
9.65722905
2.87923094
12.79264406
5.02945922
0.67903687
2.58626219
5.55826906
3.54198970
10.65983156
3.62630374
3.86620845
4.78319814
3.85645279
3.61523438
6.50813719
-0.01643797
1.17871094
5.49576657
8.91207035
11.70735594
3.75944093
12.23451835
1.53288093
13.12858156
3.76171875
6.70703125
0.07281494
2.35188719
2.95898438
3.40917720
10.18620124
9.40429688
8.70377438
3.84375000
10.35091312
5.95768063
3.61458499
8.20312500
5.80468750
0.56640625
1.91601562
13.05379211
0.22330750
14.49527829
5.07291002
3.12565935
2.46093750
10.62304688
6.82135010
7.58984375
2.54101562
4.30078125
6.57812500
0.92187500
7.19238032
9.41699468
8.80533688
3.67513187
14.22656250
3.38509032
-0.01033446
1.99088376
9.02278812
6.87109375
2.30792942
4.82357934
6.89778812
5.89307375
0.12352781
1.45507812
2.99462891
3.76953125
7.54101064
5.88900155
2.72196535
10.87271969
5.60872562
9.62500000
3.86914062
0.01479340
6.58203125
6.53125000
4.28840315
6.48112810
0.03002930
1.49576657
16.91341312
6.25000000
1.71149387
1.54949246
2.64062500
2.56762695
9.62923094
6.97623781
14.65625000
12.34375000
3.85253906
2.32421875
7.61328125
1.12109375
3.39916992
11.00292969
0.82080078
6.07031250
13.22656250
2.81445312
10.61718750
5.98437500
5.49414062
12.20377438
6.18294437
6.63704344
9.21093750
10.17740470
3.67383311
4.91861813
5.95092026
3.57064716
5.44173094
9.46451906
8.32795767
1.52946420
5.47119016
0.12862183
2.08170656
6.88704344
1.58658937
5.92187500
2.49639893
3.90039062
0.38826414
8.71451906
3.19335938
2.80273438
6.93603391
0.26977664
10.10709220
9.74153812
7.37825687
3.60709718
6.58414672
0.10286500
2.44531250
3.99006206
1.76189106
1.94433594
4.50748532
3.08919437
13.02766844
2.23600343
17.31070922
2.04475953
7.69628657
10.90347269
2.39747340
2.07796265
9.05712766
25.31070922
10.69269504
16.99216756
3.79886302
5.79296875
9.61539672
0.13326051
14.47908446
6.49609375
5.56998781
9.16406250
7.33691157
13.99935062
14.54622064
7.84798592
7.41829344
16.39062500
2.81022218
1.86979001
7.65169437
9.82031250
8.78407655
5.21354499
3.63476562
4.57421875
11.77766844
0.45768312
1.76562500
4.59375000
1.61165282
19.93196532
8.89835695
1.53873781
6.60546875
0.56689453
0.41210938
6.23469969
14.12467531
9.29687500
0.00695801
5.14741135
7.66048094
3.94889406
3.35839595
10.36653812
12.54687500
1.01725343
3.37923094
1.13639406
6.92610594
2.19694093
3.66406250
22.61946532
10.09504876
7.68099374
4.68359375
8.56852172
1.32177610
7.93326906
6.88248781
10.26562500
12.06250000
9.84016844
3.08170656
6.65657469
5.23795656
2.70442376
4.23730718
14.59928468
1.32617188
20.86783688
13.64778812
9.71223626
4.50651374
4.38671875
8.75976562
3.89648438
17.14549255
6.22656250
3.14648438
17.57454344
12.41015625
18.14225343
7.81705563
8.61425532
0.66862311
1.84537843
8.26723848
3.26791777
2.87890625
2.92480469
3.44921875
8.98860594
0.99674562
7.64876219
1.53385500
8.91829344
0.67887453
3.84960938
4.91015625
10.54687500
4.73437500
4.82031250
3.20312500
4.14062500
2.55273438
5.50813719
2.83170656
15.78906250
3.43554688
5.16177970
14.99120346
8.39454122
0.67220218
3.39453125
8.67479721
3.11458998
5.71061281
12.86621094
9.73079344
3.17350343
1.86653563
0.81022218
8.06250000
1.13183594
3.21549313
8.28060062
3.17773438
3.91992188
0.02577209
5.25911126
3.64974124
1.49349124
3.43847656
2.61132812
19.57454344
9.70670656
9.86718750
19.00334358
2.13140869
3.01171875
13.95735594
15.17968750
1.99186281
1.73535156
3.92870346
4.54785904
7.58918440
4.48503435
1.89746094
5.11393063
0.07381351
1.41601562
16.79117672
8.12435062
10.87141844
4.37467531
6.38313719
9.80240470
0.89844248
3.77929688
6.78320312
6.73437500
13.00846188
9.25716312
2.88085938
8.10579344
1.23307375
11.72557846
8.13379654
12.53125000
1.36197751
5.24576906
5.38639406
8.76073222
2.11329122
3.37915039
8.48437500
12.14621735
4.16015625
3.10546875
4.59375000
7.52734375
10.00064938
7.37044437
17.56250000
0.84765625
9.02600067
19.29821808
12.41308594
7.03906250
5.97753657
1.68066655
17.26367188
7.10546875
11.62923094
4.43001219
2.47005374
3.80664062
18.56282469
2.25000000
5.13248781
7.05501219
12.38704344
0.40022953
5.43791331
9.63769780
7.25390625
3.74804688
4.84765625
0.54182860
2.43522218
6.93359375
13.31250000
6.47656250
4.91015625
0.35034180
10.24218750
1.73046875
15.34732907
14.23372562
4.01953125
1.45996094
14.12434813
8.65625000
3.78157469
6.28270612
3.48226950
2.21679688
1.04785156
6.68359375
6.79817376
7.07324468
1.83854250
12.35644282
11.43551885
5.64147949
5.30468750
7.23046875
6.55924313
2.48372562
7.02343750
11.44302970
4.09993905
10.07031250
0.29390379
5.21451906
8.57031250
15.95483398
2.20117188
1.19726562
6.92130430
2.76424257
0.23775145
3.38639406
5.51660156
5.21093750
1.73803711
10.82031250
21.18750000
2.66796875
0.00415802
3.00000000
11.63621235
7.96484375
5.15625000
7.08203125
2.57095191
5.92937278
2.21061281
14.27734375
17.16210938
4.38281250
8.59375000
5.38736813
14.68489749
3.10546875
9.71158688
3.90983156
3.74186281
3.72265625
0.30330321
1.39030031
8.90625000
2.00390625
11.92675532
1.27832280
3.43554688
15.50781250
10.68228502
2.89193373
13.33593750
4.55891844
1.43326906
6.71736620
4.87272717
4.27734375
6.92187500
10.05078125
6.52734375
6.90234375
0.73535156
6.57716811
4.82908189
8.92447751
10.08528812
2.63509032
12.93056295
4.06129986
5.53515625
1.70019531
8.98437500
17.40625000
6.26562500
4.10937500
7.00390625
7.65185547
3.08593750
8.12500000
43.21808567
10.19939480
8.36718750
4.85937500
9.03125000
5.28157469
12.23790756
2.23112810
3.79492188
0.04269409
6.13281250
6.82877438
6.21028812
5.49804688
6.93359375
16.77766844
0.43082765
13.85205078
0.38720703
15.90266844
6.05598875
17.14713376
7.33333499
7.14485594
15.20670656
1.94107658
4.34993905
0.02175903
11.15234375
4.96126219
3.15983156
9.70019282
11.23372562
3.65413453
8.16634156
12.01562500
12.80956533
4.22672983
4.35335328
11.14941406
4.64453125
12.95312500
6.77376219
9.98500663
2.21517342
4.76139406
3.80110594
1.44791750
5.04784907
0.87695562
8.30468750
23.26764679
6.33984375
21.03905752
3.48372562
3.29394780
8.77701906
6.16406250
5.98437500
14.12336658
3.11296154
2.86328125
11.82031250
12.88281250
0.74023438
11.32936522
1.84733156
6.42610594
4.53483156
7.26562500
1.98535156
11.14843750
9.48437500
8.00000000
3.29101562
3.01171875
0.03265381
5.43391844
0.25455812
4.10350067
1.94207058
2.71256593
1.04687500
10.64241578
0.38614867
8.97004876
4.27604499
2.64420656
6.92219969
2.52701906
3.83984375
10.94531250
1.78222656
2.15372618
0.06563418
13.18674469
5.57812500
8.74641844
4.06998781
2.23632812
4.11197751
1.30013187
4.41406250
1.88248532
5.12369127
14.37175310
15.39876219
5.44498781
1.61914062
8.96093750
1.47801987
5.81771498
8.01139406
9.28548094
11.51562500
3.03678468
8.17610594
8.36855372
3.67946143
11.51985594
6.48745582
2.62598902
13.71223626
7.24870124
3.34960938
5.74706782
0.12597905
2.77261581
8.33423537
0.26863711
3.53125000
3.08642578
15.55450439
1.10449219
3.93945312
3.64648438
6.45703125
4.40330785
5.91700465
4.49283688
2.59310062
3.42968750
5.84749017
11.22833334
0.78403977
0.48461914
1.19824219
4.99609375
8.17968750
6.22688719
9.85514406
3.59179688
1.47656250
2.84960938
9.24804688
4.73437500
12.71158688
5.16341312
2.76757812
1.49023438
1.78515625
1.63785143
1.18197279
8.61360594
3.89225343
2.42390618
8.92155280
12.57031250
6.22330563
1.37931460
0.31486023
2.81835938
6.69531250
2.92187500
3.20117188
7.61328125
3.66796875
6.13671875
11.33837766
4.31787234
3.34212157
6.30436281
2.81428704
3.54394780
0.77115968
3.44010251
2.86820589
0.80301972
5.00000000
0.68652344
2.84765625
4.61002438
1.80794437
6.16015625
2.75390625
0.34008664
0.42529421
1.17873956
3.41374778
4.94531250
13.15625000
0.57156974
2.48275155
13.89886651
2.71549811
7.49788079
7.49479499
11.57812500
1.03027344
1.65950438
1.61588625
6.44073693
0.57293494
8.46093750
2.62857658
3.24056405
4.33203125
0.12791868
8.07389406
12.07096188
4.20247562
9.42740470
9.88330452
-0.01728271
13.50994873
10.82291002
5.07585217
7.02701906
5.09798094
10.80891844
1.67057375
2.67740968
1.65722656
6.51594969
16.20444731
12.99218750
0.05590820
2.12500000
7.39453125
8.74023438
1.29101562
4.37500000
2.87109375
0.01184082
8.94173094
5.51790282
4.44466312
3.26074219
8.32031250
1.96582031
5.82812500
1.65559813
15.30468750
8.92968750
0.76725343
7.11328125
0.06555176
14.06314938
2.48762439
1.50098404
4.76953125
19.37255859
3.11914062
5.52164672
0.04140260
14.38281250
3.66796875
6.67968750
1.68229001
2.47591312
10.27343750
1.23828125
3.24414062
11.89645386
13.25423094
17.56608156
6.40234375
5.16455078
7.39453125
3.74267578
2.13281250
3.18814440
10.97819592
4.21842531
2.68782469
1.87272218
15.59181265
6.22672983
4.52734375
13.20377438
4.12890625
16.38216312
0.61230469
6.58984375
10.99283688
1.18099124
2.93326657
8.83951906
14.92545656
1.19773190
2.03060062
16.52148438
9.79785156
11.29067598
5.34375997
1.82845467
8.42187500
3.42968750
8.48437500
1.85156250
0.02296448
6.23860594
5.54264406
5.57844969
2.51920656
1.89355469
3.43554688
2.34830563
9.42122562
2.53987547
8.34439938
10.11295656
12.22835453
16.55533688
20.58821781
11.49641844
8.48731378
3.42968750
8.64127438
8.00716312
14.05110594
6.64518312
11.68033688
24.85286624
5.38671875
16.99283688
1.35890873
7.53515625
17.16623688
7.59765625
4.04557126
10.10156250
22.26546390
9.72204590
2.94531250
11.77380152
6.41310338
1.93879876
4.06396484
1.61295905
14.73046875
16.07291002
7.49479499
0.92838874
4.48860096
1.72233654
8.85156250
6.07421875
7.73828125
2.89273922
6.31705563
10.37793218
2.07401115
5.35352061
0.63720703
8.85937500
6.10191126
12.36427526
0.10190245
3.64030031
8.84146720
10.45995346
3.05827903
2.38053468
7.89485594
7.21842531
7.03125000
3.39485594
2.81835938
0.41719481
2.40169437
12.50000000
8.40625000
23.04394531
5.93359375
8.64193829
2.05502216
12.67805408
9.09245373
13.84765625
6.85546875
8.71728516
2.66210938
6.42545407
5.59733156
7.82744571
1.08031065
4.47298094
9.81021720
2.90820811
6.36523438
10.00781250
2.61914062
0.81494141
9.13281250
4.36328125
7.74251219
7.73046875
3.96679688
10.35514406
7.95116689
2.17578623
7.94140625
0.42944336
16.01374246
7.21062278
0.09472319
9.81444814
9.24511968
0.94378989
0.02157089
2.63183594
3.83007812
8.90331782
1.83569585
8.26562500
31.74609375
5.19954344
5.64811281
8.12316895
11.84798094
2.79349855
3.31835938
13.05133057
0.14489746
0.77441406
7.69921875
3.13085938
3.24674313
4.31575687
0.69978509
4.67838874
4.64713376
11.82747562
1.32910156
7.37109375
11.36067376
6.67057624
18.08072252
1.79460217
6.57811503
3.56609153
9.98437500
7.17578125
14.02539062
8.52147939
8.80176280
9.97656250
7.71484375
11.89973626
4.06510749
5.48437500
6.42968750
4.16015625
3.47949219
3.79492188
0.21057129
12.53677970
11.91941408
2.51432624
4.35156250
11.66406250
10.50195312
3.66601562
10.93750000
13.00488032
0.94905516
10.23079344
2.96712655
24.18961173
3.84993905
2.90641235
3.46077515
12.45312500
0.06829834
9.10937500
5.40429688
9.30859375
10.07454344
1.94303468
1.09360270
4.71094747
2.11010742
10.17968750
1.70996094
11.33105469
3.32006836
8.63159180
0.98388672
4.72436523
3.97851562
7.54687500
5.27343750
22.79768797
8.33170656
3.29329344
6.23795656
3.83593750
2.21289062
3.19335938
10.09943706
4.05713763
11.07031250
12.66178468
7.46158688
2.32552249
1.40722656
10.99283688
2.57552249
9.25000000
11.42089096
6.37207779
0.63281250
8.74575909
1.00814716
7.86768429
4.05045656
5.54655031
2.04687500
13.92223402
3.07975343
13.08496094
5.20312500
5.29508422
1.49886109
3.35611813
7.05013187
0.76090329
3.60091312
7.69921875
18.01171875
17.07942625
0.49821047
5.92187500
7.32454344
3.26530031
1.53119000
4.57845966
4.26171875
0.93457031
0.03829956
5.40625000
2.57844969
4.86408301
0.43246730
12.40201657
7.24956424
6.63281250
8.88281250
0.75927734
14.89157104
3.79296875
9.82031250
4.52343750
10.02343750
10.47349014
3.05190049
7.28677970
5.13118905
12.39680408
3.41960217
2.61996418
5.76141400
3.27148438
0.31420898
1.96679688
0.76220703
8.62500000
3.79492188
6.59375000
3.34375000
7.07259032
6.61686281
0.38818359
12.86718750
9.54589844
6.40234375
7.22957336
0.18351258
6.24609375
10.25000000
4.89876219
4.01920656
8.80468750
2.50195312
0.75244141
12.36685284
1.28549091
15.45587158
1.92480469
4.71875000
3.85742188
6.16015625
1.31835938
2.57812500
13.20676041
5.18001219
10.01139406
17.41763306
4.15689440
2.94662123
5.34407469
12.38407472
8.81783869
1.78844303
4.98966554
6.55468750
0.43701172
15.84406662
3.66601562
5.94531250
1.52539062
5.99609375
0.68505859
8.98143285
2.77670434
3.28644006
6.38218057
4.79296875
0.43546508
-0.00712035
4.27343750
8.61490470
21.72001472
1.92675283
1.11979748
7.62109375
0.02445984
0.00436020
8.70312500
2.56009762
14.08191593
1.07519531
5.48046875
8.08626219
16.51920656
4.31314938
6.25716312
11.44954344
1.85026125
1.70019531
3.77018063
1.46517093
4.37890625
8.28125000
11.24462766
0.59472781
3.23437500
1.11848128
2.16667497
1.36718750
0.00039792
3.85546875
1.78678219
3.58333499
10.89843750
0.15893555
5.27343750
4.32454344
3.59537843
1.74804688
2.42643063
4.23763187
2.62500000
6.03938719
9.97656250
10.30826906
3.83984375
6.63703347
1.62891622
15.27219860
9.12011968
5.67968750
8.14062500
4.17887204
22.35091312
6.54296875
16.95312500
2.41015625
7.56705563
8.60091312
0.28588867
4.96484375
14.85680052
9.83170656
5.82931519
4.51289368
17.21914673
3.79329344
11.22233156
10.51672363
9.44531250
9.42187500
0.03125000
12.42252438
0.69319828
3.14973626
5.52995124
8.98567376
2.67057624
7.62109375
12.39485594
5.99869127
4.94239029
3.50943844
5.54622562
1.21679688
4.95312500
13.48079344
3.88248781
5.50781250
0.31099364
7.69205563
1.94629155
3.49479001
5.21720035
14.49580809
7.39811281
3.06640625
5.75781250
6.16015625
0.00822449
1.79547119
12.95507812
2.96140289
1.17285156
12.54971290
8.22656250
0.02746582
0.00364685
9.03906250
8.73079344
1.43196033
4.87630873
2.13671875
3.33886470
0.47607671
6.44531250
0.17836424
2.90201906
4.45767565
2.08333998
24.66821289
2.99023438
1.72070312
10.05468750
0.99576657
4.96028812
9.25000000
0.00237274
3.72460938
8.06250000
0.90820312
9.66242908
1.08952404
2.46679688
6.56738281
10.92968750
3.41796875
11.51204344
4.42155031
4.91796875
0.54801266
2.31575687
0.49731445
16.64654541
1.75423094
5.05045656
5.51171875
5.20182126
6.39030031
9.57812500
9.32031250
1.91373781
4.92578125
6.31640625
7.60660766
0.73811890
7.95263298
0.62451546
2.71027566
11.56641622
5.34342531
8.52050781
6.69531250
0.44873047
0.81445312
10.46093750
5.30859375
9.15266844
1.68815187
5.38411126
6.51432624
5.12500000
0.79833984
3.94628906
6.43750000
3.81054688
3.66361481
0.21748871
2.51562500
5.94531250
3.25813719
2.13834718
4.31250000
11.01562500
6.55664062
10.12304688
6.31640625
1.23632812
0.54687500
4.88704344
3.63704344
6.48763187
8.60579344
1.15950438
5.62858156
11.83170656
2.69921875
2.59179688
4.27734375
0.77343750
1.66877300
0.57439106
2.91601562
2.59993407
0.24039797
18.83598797
6.06966312
2.03710938
4.70703125
2.42399047
0.48421265
4.16406250
6.94140625
0.10424805
16.42675532
0.62165407
0.01800067
0.12297484
5.10123781
9.03230176
0.17151751
0.15974852
10.05045656
9.17968750
4.22719693
1.93295932
15.42355728
2.07812500
4.23079344
1.17545656
7.50781250
1.74023438
2.57031250
4.30859375
3.84375000
4.64744848
2.02637965
14.03747221
1.29557375
6.05078125
7.08232880
4.81459553
3.12681072
11.31301022
10.60156250
12.08184768
1.03617231
7.97233156
4.44108156
5.30814606
4.91451019
2.66496798
13.46516844
10.81250000
1.33040531
6.98828125
0.17919922
1.98046875
10.40510860
1.33121952
0.66357422
7.71484375
4.15625000
7.29882812
6.43750000
10.37500000
0.82226562
4.28906250
10.12500000
1.95117188
1.03417969
0.45678711
0.18933105
1.65722656
12.95507314
5.42806405
2.97037843
5.94921875
2.24804688
5.78125000
5.51562500
1.52591133
4.69531250
0.61767578
0.37678953
0.04117922
0.52880859
17.44722629
6.97216797
10.28125000
12.88281250
0.65169188
0.79166750
16.69441711
1.09366883
9.80891844
0.33219484
1.62988281
3.71679688
2.78035461
4.68448914
18.20133422
0.34065797
3.89175463
3.61328125
0.23657227
0.01064301
3.58789062
5.67968750
0.32080078
9.58593750
4.13736813
3.57942874
10.28906250
0.28767883
0.45898375
3.30826906
3.62337157
9.23014406
0.21508789
1.83040282
5.52701906
3.05793939
1.43945562
3.51334718
3.74283190
0.63216810
3.14962230
