13.60607879
2.96964539
12.34569814
4.48678080
1.68119293
6.78637633
0.07002840
0.14794922
13.26757812
10.12629876
8.15356383
1.29586159
5.33247894
7.37771056
4.72385194
2.56957946
1.79962677
8.81715425
3.89693207
5.53951019
3.35502106
1.45259613
4.53906250
2.72089983
5.24785017
4.56250000
14.15856716
3.83422789
2.66805241
16.03304078
4.73091644
3.30468750
8.98193359
12.87500000
2.09960938
13.05200133
6.36840758
6.42622894
1.40629183
13.25235151
5.40345079
11.03381317
3.43574358
4.59339095
4.76940825
10.18762300
1.79252106
6.12154144
1.05476867
0.02830018
1.82865387
10.13821411
3.61949469
2.30282801
20.45002798
1.73816323
5.60184785
1.48490387
5.58024047
3.16630097
8.43750000
0.62333036
6.72457003
4.55078125
2.92455619
0.25171335
0.16699219
0.07508183
0.92272949
14.36230469
0.32666016
4.95658356
1.50044769
8.72220856
5.79341644
2.73632812
11.62988032
4.12943512
4.39595800
1.00122008
3.12573304
1.54687500
8.22977505
3.07735261
0.74816988
11.52087433
1.69168911
4.77669437
5.63806183
0.32185852
6.07120789
8.15970856
2.98392731
3.40909851
9.64473294
20.09041445
1.09154837
12.27584330
5.55468750
0.44458008
5.09403037
9.10767038
9.99855830
10.28000553
14.77612367
4.36763519
10.83504211
1.81925476
0.92142731
11.12320922
1.24637910
8.53262246
2.73886192
6.62695312
4.51171875
5.44647217
6.58984375
1.72436337
7.68550753
1.56083222
6.59407469
2.73405031
8.40189606
5.50484223
5.93830674
0.06319869
2.50825147
3.63916888
5.09619016
3.23974734
7.58593750
7.76562500
3.69893340
5.35253657
3.40165503
4.13627106
9.90264861
8.52208445
3.94064383
8.05664062
8.11517334
1.08789062
0.04834902
4.25390625
3.52734375
2.35367797
1.30798371
5.66650266
3.86641511
2.77612367
5.26627438
2.65710605
46.91393950
3.63488863
1.50435394
2.80423981
15.06533481
11.83651817
2.84594913
2.89180574
6.13102172
1.17036957
11.42682860
8.09989472
0.52189148
2.70660669
2.86472295
10.29991025
2.73980163
2.48315492
2.19738863
8.86221853
5.40450354
0.17952640
11.87392731
14.36829205
3.92778368
2.15807763
7.50830452
0.83353668
3.77021997
10.66290595
6.62109375
7.08203125
9.22428219
6.65983156
6.83414672
1.42692172
0.23701996
3.29861647
9.17208665
4.80895965
2.72903452
1.21725454
5.08158356
9.77659824
12.39759640
6.84720856
5.58377771
11.44389073
9.37947695
5.85111481
2.51265348
11.73103945
2.87019836
0.50817902
4.65135722
3.10152814
8.93017952
0.12595580
0.80212433
14.15279144
1.06738281
16.46625804
5.81206227
8.31256871
8.78374445
5.39978058
6.47611481
2.82076019
9.26930963
6.56215092
7.48880763
4.32682624
7.06827073
4.63721077
4.23051307
1.98107879
1.99442597
15.65625000
7.47220856
0.73335785
0.65283203
1.18526153
2.52567597
9.97517509
9.46578346
4.00499834
1.31140791
10.99218750
5.79732269
2.23632812
1.47342864
1.36108461
13.90970856
3.38175476
16.31837951
8.22907137
11.89917553
1.46053911
5.65156140
9.79631427
6.22220856
11.32377106
14.10019990
8.79182756
6.56502881
1.18457031
7.09643617
1.32303427
0.40584788
4.10156250
1.67789672
2.84358267
11.95630319
17.43476951
2.53666666
8.66406250
2.92533356
3.01171875
2.00240082
4.99385528
10.52766844
4.93550753
3.92578125
1.96154754
18.24564606
3.25675476
1.00240082
2.84810394
9.42875152
2.42578125
1.00337738
4.26863586
3.61222351
8.80033356
10.42341977
5.23673648
5.93404144
0.05645752
3.03710938
3.29975372
2.91902150
5.91630347
4.07287567
4.00683843
8.39843750
7.16451019
2.80859375
7.83447141
5.72021609
3.73319426
2.56368074
5.05069260
9.68172927
6.09631317
5.67968750
4.99308289
1.69335938
8.21529144
1.24240870
7.02592198
9.79752438
2.25822085
11.30212433
17.00984680
12.25000000
0.18884308
0.83105469
2.91292110
2.88501163
10.66613365
8.95540780
3.72310394
3.70300200
4.33036347
7.12910794
11.17814273
9.34869903
6.99749113
3.23807956
5.51249114
14.12512300
8.07377106
4.77779144
2.35351562
3.50321255
3.35962101
3.25199247
0.96659363
5.96325466
4.24768409
5.40580231
2.08007812
29.73543274
4.50244016
1.29577792
10.03470856
8.03186004
1.51399407
1.93799202
8.50736481
3.27779144
1.45365387
3.53560394
11.75423094
4.25358156
9.87320922
1.50081422
11.54591857
1.05236785
0.96610566
5.37109375
3.22896145
3.22823028
2.67859042
1.95581117
2.08593750
7.71350067
0.15307648
8.75781250
1.50435394
0.89155661
1.44023049
12.05033356
5.83203125
1.82693429
7.87468528
0.87019836
1.23872894
9.91406250
1.85191905
5.60458084
15.64701573
0.04076142
0.32421875
8.45121122
8.17289339
2.86328125
3.50240082
0.51855469
2.00435394
2.73124114
9.16329011
0.23706024
12.40100067
2.74983765
6.58638519
5.57421875
0.00678009
0.92724609
3.42594235
4.45581117
2.75057070
9.43660461
0.23470062
9.51702118
0.42207731
10.02880984
7.52079254
8.95812833
3.32702792
1.96679688
6.12154144
10.08504211
0.16593445
3.71439606
11.59106383
11.73974672
1.95707059
6.29878878
6.00826019
0.02761322
0.74023438
6.17427457
4.45715425
9.44425476
22.22412109
2.51171875
13.31941711
25.68001281
2.61551972
24.20586688
3.93996562
3.72265625
2.51725343
1.88378906
9.61644947
5.60620678
14.10937500
1.21675504
5.47725977
3.07369736
5.48437500
2.28560394
5.12455231
0.92333735
0.17720800
0.89457184
12.62154144
5.45654235
11.81623892
2.50000498
6.38370789
8.80102539
2.58398438
5.67247040
2.43812499
13.01586852
8.26139406
0.75504516
3.51395722
6.65970856
1.55859375
0.76021332
5.32421875
2.24023438
3.95027649
5.21093750
6.77388519
2.65100067
1.08968140
0.55175781
1.24971465
2.43538453
3.95312500
10.09077879
7.65604738
12.62154144
4.88165283
5.51562500
1.93900543
0.04155487
0.12561035
21.99145508
5.46785461
1.25577820
1.36669922
0.48691772
3.17570008
5.32400507
7.18995428
2.64497894
7.27164672
8.25327714
0.95662290
2.31726230
1.96154256
3.61267619
6.32320036
3.68656527
3.86283356
2.77444758
15.52955784
5.95190492
1.34964996
3.64888519
1.91894531
4.58593750
13.35888298
10.32327904
8.69796431
6.31774933
4.56623892
5.47371653
2.08593750
7.14754211
3.21817930
1.83597933
4.15855719
4.63974114
8.74576906
5.92349845
4.99251717
2.34029144
4.52054840
4.58641955
0.10641096
4.84033203
7.65958555
6.55346742
0.88561918
23.54610261
4.14925172
7.21378601
4.23046875
3.65180959
8.00309764
3.59330231
0.15612793
7.45949745
0.07857269
1.03906250
2.93671266
13.43751371
4.00093473
12.99935062
4.98609924
4.59240692
0.04199250
1.80033356
5.22921753
0.36889648
1.13630323
0.75830950
0.31294738
2.00162096
1.16915447
2.12406527
7.12500000
9.30891844
19.25264558
0.14611816
0.70947266
3.60351562
0.75829517
4.17216533
19.60452904
7.02905585
5.43282136
1.29296875
1.37784851
9.83068817
0.90665711
5.45747894
2.91902649
10.53560394
0.55810547
1.07759613
1.61771637
0.01927704
3.04687500
1.05626912
2.94470744
3.15820312
4.35251830
1.87251801
2.44156860
2.48376496
1.31551086
10.29113365
9.73063608
0.23657227
2.49564606
6.67667664
9.55033356
10.55740803
18.97567209
8.43456703
2.04504488
3.28472413
7.88537567
3.79040558
1.85449219
6.09753325
11.22891900
3.99312223
3.36747783
0.94531250
6.34631317
2.80452515
2.10676253
1.57443040
6.81717864
0.88675684
2.57922706
4.91015625
0.05691528
3.62823257
4.32928634
3.46821864
1.86605108
8.05904144
3.41227172
2.76892121
0.15486633
0.82963043
0.05837037
1.63287903
5.67339538
1.46386719
5.18359375
0.00341988
0.03305054
3.55566654
9.22589870
8.11079926
7.61328125
0.99125152
6.70279034
3.93392841
7.64843750
6.02388519
1.73027007
1.85336823
13.51652039
5.78624336
1.10242852
3.67927915
0.11686343
3.16766233
5.86592310
3.95097268
1.88476562
5.48258422
13.28470856
1.60042359
0.89302582
4.11596680
0.72155668
0.84102449
9.69185394
14.08059505
1.25125817
8.67940713
7.17500886
5.82774103
10.64991356
0.56824385
2.14798981
6.58430907
3.30285738
4.35790891
11.52099734
0.32914153
0.28820770
12.64766511
0.33292664
2.17984985
17.27945922
8.95670656
2.30834774
5.56307070
1.28039644
3.95287401
2.68596021
2.22192321
9.94543550
6.04589844
0.23262543
4.50345856
4.09981106
1.58821781
19.54182922
0.72989930
5.41451019
1.59199981
6.58667054
3.58626219
7.95011414
3.56925476
7.99519836
8.12845856
1.59057679
3.76488697
2.61987865
9.20389739
19.61069565
6.67226395
1.52193207
5.30680297
1.04280640
0.90531309
18.48270722
11.46781465
1.39558899
3.02433289
1.71333832
2.95027649
2.95792664
1.27644836
1.68741883
6.44307403
1.44892156
2.37314051
8.31250000
11.39241578
0.52140320
0.41210938
2.55078125
3.29492188
1.02050719
0.68753436
10.39022163
5.00818151
1.60013824
8.25000000
1.04341644
0.18469238
7.94591756
2.69381205
0.09794129
3.26209121
8.86706450
5.34988476
0.62138907
3.30468750
7.90721410
4.10059840
2.00581754
1.76418766
5.39413785
1.14152039
7.82690492
4.34375000
9.26452294
2.84847296
17.24397828
4.06294769
3.25976562
8.55419922
18.09375000
0.99902344
11.21170989
6.84688386
5.41752106
1.82490996
3.53304078
0.54484070
5.10892731
2.40669769
7.68314606
0.94978820
0.01760895
1.48925781
9.49263488
3.47875416
6.91308843
2.89669104
8.50435394
1.40234375
2.83353668
10.45735594
1.64839567
4.63786015
2.20312500
3.46309231
0.28593113
0.17211914
0.20323896
1.79349139
1.96631482
3.08617853
7.06075354
0.08801270
6.76127106
6.57812500
0.28511566
11.11283356
6.55354610
6.48010472
2.83398438
0.00598907
11.79906915
4.27270695
6.61112582
0.89803039
1.31339539
2.85786957
9.83723626
1.66569093
0.94096105
9.67622894
6.17732602
5.25191378
4.03560394
0.27128082
5.46138519
9.93900543
2.65429688
4.09029144
20.76639739
1.50019545
12.56360704
1.23527039
4.43385916
13.39266179
10.09942264
12.22054078
3.43794769
10.03035461
2.38761414
0.92093902
9.92097961
0.82560242
7.77066268
2.60433732
4.23559508
2.92456117
7.81640625
8.17187500
3.87471465
5.07295435
3.72225288
4.25044769
10.13492797
6.62507370
2.96416001
7.86088043
9.60758484
1.06347656
0.27025068
3.35672817
2.36218417
2.05603058
5.95735594
3.39811281
6.75044769
6.97656250
0.78613281
2.60180353
3.31571753
6.04508422
1.11364777
3.41752106
4.70446808
0.31839996
8.44185394
0.89306641
2.11616163
3.18559618
8.35102616
2.60405197
4.69140625
0.05645752
11.02343750
1.94095856
5.09362700
0.09859316
4.83018618
14.73295323
6.94206498
13.43453346
1.86816406
1.40820312
3.91743988
1.09863281
2.95666473
41.37634308
6.44140625
5.52644836
9.06738281
6.67687833
6.24397828
1.47505832
9.13516401
15.00053634
9.21887300
3.41695160
2.63959664
2.32239860
4.00362090
8.27518645
12.07222628
6.90189606
5.02538564
16.18978280
7.97322695
4.50736481
1.22941101
1.09497070
1.91039977
8.75179078
3.50903258
0.29195222
4.00911375
2.17171265
8.61897828
2.73152649
4.63236481
18.22940354
5.26310616
4.73307624
0.73779297
2.14241578
10.75000000
1.71777344
0.82373047
3.04658965
2.06038453
9.17610594
7.42155031
6.13150876
4.69332003
2.88553801
0.43282136
2.56233765
1.15808012
1.50996980
8.16841644
3.82572418
14.23465537
8.28096963
1.96671570
8.08755098
5.11077238
7.54642731
10.95825133
17.00138429
8.45287899
16.17896079
7.76379986
0.84586547
10.36462433
3.56660295
0.94833084
4.31294769
1.27262328
1.96227311
10.07821365
8.79691434
3.35001773
6.21516844
3.66569093
2.75240082
5.59753325
8.19095856
5.80436281
4.98917664
1.10526457
4.06127992
11.83536680
4.52856383
5.88216312
6.60457336
4.00480164
2.04732269
7.11035156
4.41316711
2.03951019
4.62109375
3.01411957
5.37154144
1.48921536
6.14811281
14.00704011
0.38956726
0.08986389
10.27689606
15.29150266
0.72546542
0.78324371
7.83756095
8.84078346
2.12829621
3.16711270
2.30794437
8.24503103
1.52360483
13.05859375
4.22611481
2.30423981
5.84810394
12.89152039
6.43750000
5.85156250
6.75000000
4.34907802
3.80717198
4.96862700
0.79068969
4.89102837
7.00586436
3.89408356
1.43750000
15.70222961
8.50577571
1.43261968
8.94698028
7.83394379
2.85159686
2.03931349
10.53426086
3.34224457
2.24910461
15.97106716
2.25053136
7.52209442
1.42472351
10.75165802
1.77632536
0.47013492
4.38427610
3.01517731
2.48555574
4.30558289
4.46272828
0.27197266
8.75000000
1.55957031
1.71154505
1.14933538
12.02343750
0.96524837
3.20999280
8.49712211
2.26171875
4.02388519
11.84362700
3.50768950
3.92020722
3.08545046
7.63582336
3.06099457
7.97414154
0.32230621
1.50870789
4.31250000
7.58390071
8.51766179
8.15356383
0.87780668
3.33048648
18.68314606
4.09635251
4.52958222
15.34130984
25.95937279
3.23024268
1.08150238
10.49352062
5.91061391
14.81250000
0.78808345
1.98107630
0.37610331
14.86462433
1.25895141
3.39286347
8.85937500
17.87788786
17.49181849
3.33146553
7.04252106
9.34234619
7.52716645
2.07093749
36.70828569
7.85767287
0.49804688
2.98917664
12.07031250
1.25976562
0.76806641
4.23046875
1.71431488
4.95267731
9.39229278
1.65405336
0.82568359
1.44502715
1.42614777
7.11372894
14.72147520
8.41072695
3.82905973
4.34423953
3.61238586
4.64644379
13.11994238
0.73011469
5.32519531
2.05859375
6.18750000
0.12583404
5.24173981
7.95300200
1.55916445
2.91601562
1.75976562
9.97236592
0.89286846
4.59492139
8.27912456
3.63604498
1.20747894
2.28169769
2.18750000
8.50954899
7.46302485
3.46228058
13.26485261
3.94914765
5.77420989
0.08658906
1.39994293
6.50724305
0.63464200
1.88276070
1.30071254
0.55627441
2.23302942
0.28275792
2.49983765
6.67622894
10.15791778
4.59208222
0.13688141
1.25240082
4.06640625
1.83256012
1.22544777
6.86687278
15.06000555
3.99122340
7.86763519
3.65189606
11.39754211
10.19710328
2.32377106
1.11621094
2.77929688
0.08220366
5.77176972
5.89371454
2.70980108
2.69576019
1.11783750
2.41418550
1.09122618
0.16565035
3.67773438
2.75044769
11.51293883
8.17456117
0.13240570
3.30468750
5.68750000
5.54642731
3.16634032
1.90515106
5.45201226
8.21447723
4.11318056
7.90010528
3.41585328
1.56009918
5.15356383
10.26664090
5.07011081
2.38883422
0.78487215
7.56294769
2.90881317
3.11071808
0.10023986
0.76383422
0.04730287
1.65766418
5.80274933
1.77779144
5.54687500
0.00447845
0.04547119
1.55799982
8.61373891
7.92525238
7.16796875
1.48925781
6.39899823
3.96383532
8.08939606
6.62243683
2.09525719
1.59140846
6.25044769
6.89062500
0.10609955
0.58247583
6.65047429
3.41271942
4.86731050
5.63626981
6.21415005
3.98132667
2.07031250
4.86149047
10.81685394
2.07902039
0.83199066
4.95331054
1.26774047
0.86844941
6.29117797
14.71327697
1.79348889
3.68136524
4.59765625
2.88258433
11.04726395
0.12109562
2.18208832
4.45739653
3.02160738
2.72794493
2.08170656
0.18627930
11.88716644
0.26831055
2.55619293
10.62154144
2.89888519
0.14518156
3.12422761
1.31542969
1.00723682
3.18718029
1.30521637
5.92321808
6.97851562
0.11987305
5.78080231
0.93550629
0.69140625
0.04751587
0.72363281
7.11767454
0.68753436
17.50944592
2.77783079
14.41776706
0.00558472
2.42533356
48.54971853
17.44311835
15.68276899
6.96155252
7.33369903
9.81070922
2.53377382
2.20210411
6.17057624
2.37243683
7.08548981
7.15580231
2.27522330
4.37215647
16.26090204
4.03161901
7.92303580
15.10971963
0.82755555
6.28213542
2.69052083
6.74084442
1.36071808
1.24829039
2.27807679
2.70808899
5.87154144
6.42879211
6.20446808
0.07781982
1.74414062
6.04239805
6.91027925
7.25345856
6.30802305
0.77343875
4.76953125
2.45214844
5.18705231
10.46875000
1.06791168
2.82120789
6.41796875
4.86840758
1.28100648
8.82031250
0.50614410
2.07388160
1.18144891
9.76210218
1.37266344
4.47651008
1.85332391
6.79675200
4.46496675
0.09545898
3.54817376
3.85372229
6.78125000
10.46529144
0.11541748
9.21738918
4.63728945
8.30468750
2.07812500
9.79252106
0.13997406
13.60502106
2.74568540
3.11609042
5.19921875
3.75585938
2.34330231
0.45503754
2.11328125
2.04296875
0.21191406
1.34784984
4.62802083
1.03658051
4.46740692
0.20800812
0.68945312
1.05932368
50.12910794
4.50297464
10.53625333
3.79821808
7.37601839
2.26623504
1.08968140
1.13732879
2.01607269
5.97745789
11.14920989
1.57983461
12.47896332
10.48437500
1.26171875
5.72432403
0.08610078
6.04272274
0.31811710
2.39603668
1.48364258
4.10982269
8.55981383
1.48143254
0.74045101
2.11372894
10.44751952
25.00484098
1.45788730
10.34029144
11.95743132
5.46830231
0.01826996
0.35913086
5.02600067
8.25524933
4.04162567
0.10131867
6.72765958
1.83296723
9.64241578
1.90291445
1.15136719
2.46679688
0.52246031
9.85424867
0.44165039
5.74218750
0.03417969
1.96354001
0.28279789
1.93192348
4.04349886
3.08170656
1.75655059
3.00179078
9.17085661
5.31005984
3.49414062
1.22216797
1.65722656
5.08984375
2.97460938
0.02417236
2.75240082
2.13085938
0.69738738
1.94298164
0.26392785
1.77282621
9.05623227
0.87333409
2.84122618
1.20955507
0.32202148
5.30423981
1.02253650
0.60071393
1.78125000
11.35758422
3.54813442
3.90092198
0.01121521
1.50178953
5.81998781
2.75781250
1.03275418
3.45263796
6.40625000
1.56685394
3.49613309
5.43070589
0.55774296
4.58822030
0.40185547
2.14843750
0.70833126
0.21134648
3.50585938
3.62996399
5.31935481
2.14766511
0.00791931
2.77215253
7.57338762
1.44742797
5.51049867
0.45434570
3.83593750
0.06022125
0.00998444
3.66059896
1.42338541
6.71952239
10.44018617
6.96138519
1.31152344
6.45703125
13.49129211
5.50089539
4.36328125
0.20528106
1.36161347
4.35156250
2.75781250
3.76643673
2.91325077
14.45222961
9.83683289
2.00781250
3.17170269
7.65056294
9.63627106
5.08174590
2.85921265
4.97327390
1.27209691
5.18286080
3.29097628
2.64078735
4.34944703
4.04134032
4.36641511
8.12500000
3.05078125
10.20552582
2.42956450
4.90637300
7.31595856
5.65580231
2.76066101
4.06986481
3.52148438
11.78035461
0.90808137
5.15234375
4.31986481
4.71919769
0.11405426
0.05299896
4.56941711
3.12410461
6.72595246
1.97408051
0.50248137
13.77925691
4.02750610
2.72505707
0.53658051
1.65372876
7.28047761
1.76562500
1.48282525
3.71789893
10.06685394
0.88675934
2.56490082
0.56693512
9.39107269
4.24609375
3.49324524
-0.00232421
5.60892731
5.21333832
1.53861481
11.80879544
5.80493351
0.81152344
4.42053192
11.82432587
1.74023438
0.27586790
2.82584718
5.89664672
4.80647828
2.00000000
4.90144836
0.47135437
1.97265625
3.95413841
0.34566628
11.37500000
0.62109375
0.20373535
0.02421570
6.64518063
6.63850953
4.71630984
4.98002106
0.11568207
3.62617576
1.79569924
1.40278272
8.05668993
0.31542969
6.41406250
0.07159424
3.74971465
0.38260957
14.41579899
4.54123226
7.70312500
10.04854278
0.07340547
2.92370014
9.87317486
8.76562500
0.74251281
1.91495789
4.30680297
2.26546265
7.33203125
10.92968750
0.12717682
1.42525238
1.37109375
4.78336547
11.14706929
1.53560394
4.51598405
1.75700576
16.42688682
7.03748337
0.79882812
0.25728332
1.44266754
1.76013215
4.55334442
1.28161652
1.00447570
15.84866468
5.29228501
0.77205507
0.11224365
6.58569336
0.12774627
14.03214539
5.28906250
9.76472961
6.00134308
4.65970856
15.30895778
0.74817113
3.68467116
9.64497894
1.82031250
2.97538176
5.55391511
1.82324219
5.67789672
10.15804078
2.00638824
0.04424042
3.74279256
1.67517619
2.11718750
0.74515777
0.28096527
7.51171875
3.63476562
16.43819059
9.89086976
2.42020722
4.54361813
5.87825687
0.20556641
0.22277832
4.98437500
0.32495117
0.00364113
0.40014648
0.59724914
4.77823914
0.00349236
0.00210381
0.01632690
0.00224113
0.00191116
2.90037940
5.61025597
0.34423828
1.41406250
0.45338941
7.81685519
7.11328125
3.25691711
0.70011414
3.83512328
1.45800781
6.39196808
0.49055969
1.21610796
2.45491578
9.18404144
10.48002106
7.62544769
3.08548981
3.56746399
2.31248124
0.37939453
1.07617188
3.47305464
6.01327349
7.65143590
4.60495234
3.60103363
1.92187500
10.53470856
3.49324524
14.23234070
0.84442753
6.36718750
3.36238586
6.07661864
4.03918550
9.91881982
0.54166999
3.73323360
3.08602116
1.88183594
0.53906250
0.11120605
7.03906250
2.16037189
1.87687195
0.18627930
0.65791653
0.32450535
4.17968750
1.45658356
3.97912567
1.49495484
0.00872040
3.00290414
9.12575797
20.39754211
2.62784851
11.57812500
4.56170234
3.93819370
10.86515071
7.41996371
5.88831511
3.58670612
3.83984375
6.67923981
9.79687500
3.91695036
4.74365359
1.56347656
14.10156250
0.27982574
2.31839872
3.26031639
4.75526927
2.61372894
1.19750416
7.81323803
4.85937500
7.76585328
6.31921542
2.54553005
5.71862700
1.72782690
2.43013519
9.88627106
1.91166168
4.82665891
3.62345523
11.58792997
3.84944703
3.16959718
14.27779144
0.09592682
10.05468750
5.55423981
1.06925476
1.27441406
9.80793440
4.82882369
4.06668662
5.56413342
3.10502106
9.17585744
8.31287151
2.98046875
2.53749681
6.72747927
1.19380707
3.63281250
2.55228668
6.61763519
3.57384475
3.56482712
11.63281250
10.19095856
0.23445648
2.25390625
2.83731993
2.66268007
13.34375000
4.72554411
1.29008089
0.34692383
0.46317255
5.21175421
0.15051270
0.37141906
5.47919438
3.54513851
4.63804190
9.36195810
2.73414407
4.25749030
1.80859375
8.92968750
0.40853137
1.60742188
0.03442383
0.30078125
0.57568359
0.05081177
5.66707336
0.07895935
4.06042387
0.91670777
6.75870789
12.11462433
3.13297485
2.36021211
2.74804688
12.44006317
3.37461642
14.40201906
0.27298762
9.04891179
0.10221344
5.10546875
8.93367243
1.76404089
2.46289062
1.81860289
4.38549867
4.69225981
9.33516511
6.12589539
0.86767578
1.90242492
5.76171875
2.78560394
2.93152068
11.48270722
5.30859375
6.30033356
1.34908051
3.95117188
0.32202148
1.63532137
7.64938718
5.06294769
4.83203125
14.83158356
1.25012051
1.90852937
11.01220797
6.92966489
9.16585328
8.51997894
12.48783356
3.54732269
3.87500000
1.61477599
3.55798371
4.47778258
4.15246675
0.24845367
10.82377106
6.89135306
6.16422983
10.04597961
2.91841644
4.62890625
4.37935394
1.20560699
2.51953125
2.29146332
0.49759918
5.20662290
11.91611880
1.67329926
4.78906250
2.85644469
4.90067597
2.49820922
4.74833222
3.78906250
1.87695312
0.33666992
9.33390071
6.75549534
5.02343750
4.62154144
0.57132965
7.29235373
5.18420877
11.40970856
11.78125000
10.40770612
2.03520556
7.13370789
1.32670074
1.74804688
14.78836880
11.72245456
4.86853058
1.62837738
9.89281915
1.70874335
4.05078125
8.16752106
7.20641623
0.83797678
1.93700549
10.48351397
5.35194148
2.04056793
1.21244293
7.31685394
1.27025339
0.50863669
4.15234375
6.19709331
8.57589649
17.86272497
4.75747339
10.44620789
4.29028258
4.77807679
0.66548676
6.60892731
0.54669951
26.21842531
2.78503511
5.13671875
3.46919769
3.11104278
0.55594941
3.47070312
0.10815399
0.44059266
10.66617797
14.51892121
0.02672333
3.80395446
0.67610750
2.19950793
3.75374390
3.03515625
3.49023438
7.06070922
0.37365754
3.43794769
11.39754211
0.88175476
4.94380209
7.42729166
13.15625000
0.39969879
12.32812500
4.73213653
0.31547090
3.41796875
7.36149047
9.44710328
0.05122894
8.11498338
10.79972850
19.41695316
2.82963043
3.09765625
2.89453125
5.35201019
1.38085938
1.01367188
7.90580231
8.64229278
6.99833222
0.42309570
0.96386719
4.79760555
18.36861363
5.30468750
0.62406402
2.43013519
0.89689024
7.71407136
1.05558289
6.13724513
4.70695257
15.21875000
1.87268035
7.07120789
0.54394531
0.39424652
0.45214844
5.03125000
2.49023438
9.95340537
0.13525266
11.77510528
5.56652925
2.14933289
5.03393617
16.17443817
1.75150543
1.46370484
2.11132812
51.08303968
20.13123337
15.39968408
3.54455784
2.24414062
6.62320922
2.47640015
1.02156181
9.93709663
1.55114777
8.21719526
1.60161181
1.91894531
2.42572945
14.92005485
0.92277039
12.42097961
1.52416805
2.69600620
1.78808594
2.16015625
6.96126219
5.30481050
2.56445312
6.06245568
6.28910682
7.59106383
0.39038148
10.29837545
5.04793772
2.49654144
5.41495789
5.47342864
1.61694398
1.82124474
0.69287483
6.28339983
3.24980330
3.56656860
4.66438719
7.21454307
4.78438386
2.60111481
7.96919769
11.88256649
4.29321476
3.64843750
4.29642731
0.68359375
3.04536957
1.92045074
0.60107422
1.43915843
6.23784352
2.40625000
1.57999290
37.50191378
4.45040136
7.70991911
5.39119570
0.31221527
3.79492188
10.36465869
2.16809674
16.86108212
13.84967228
2.30680297
3.04130097
2.19140625
1.81445312
7.01428192
0.05139191
4.06270169
0.28666355
2.23828125
8.05961090
6.14664672
0.33890840
0.07940674
2.55619293
6.38448028
1.71389282
0.89137300
2.05318207
24.13858821
2.25895390
10.93404144
12.66419115
5.26920656
6.65958555
1.93534176
8.40214206
1.58170656
1.59322113
3.91857879
2.10831726
14.57198028
0.94799867
2.77127771
1.57938940
4.79048551
2.82873504
2.41882480
6.31945147
3.62630873
3.16796875
2.08561188
1.39160156
10.65625000
5.66361481
0.80851258
1.63740996
2.84393922
0.54990081
1.40824247
8.03804411
2.01147710
2.39229278
1.39774629
0.41284180
5.40625000
1.50454815
0.60189716
2.27734375
10.18660461
2.50581505
2.44039284
2.63431793
0.82877500
6.37211214
3.73828125
2.20540282
3.57584718
6.57812500
1.36132812
5.29931516
4.63549867
3.86052491
1.70650238
4.53169769
1.59330231
3.19230164
3.08593750
5.09330231
1.20255430
0.16438906
4.49263519
0.57621246
0.74007078
3.08606050
0.00844574
3.72359979
6.62238806
0.58398438
8.43404144
2.27929688
0.07696533
0.18558746
0.02794403
3.95556018
1.65967420
6.13207946
6.33894836
7.16764406
2.06835938
11.39408356
2.07617188
7.06453430
6.28995789
6.28951019
0.17362426
1.20491578
5.13236481
4.14888519
4.48412899
3.05493351
8.77689606
3.60685118
2.44393007
2.48091644
1.46093750
5.32266401
3.32967974
6.17187500
4.39489653
4.50179078
4.87495932
1.84411652
4.87067058
3.47444703
2.11299590
4.76005097
4.60790891
6.60949800
5.84899933
3.50781250
9.33451324
1.84330231
4.02388519
8.12064606
6.13716644
2.91841644
4.30859375
4.58715758
0.02587953
8.03112700
1.18859957
5.87109375
3.83744293
6.44576019
0.07313019
0.05275482
2.93798704
2.04430934
7.46460272
2.57165558
0.42268766
7.16463320
9.19185394
9.54597961
5.64062500
2.66515958
4.92948581
4.86629211
0.12202973
3.68534021
2.36739417
2.41650391
1.58638519
3.15820312
0.89941406
3.88085938
3.86104910
1.35677249
0.85107422
1.39757148
8.94422539
2.32421875
6.50256317
0.87156189
6.61372894
2.18164062
3.73588043
4.07812500
0.90718598
0.72444080
3.77116467
0.96240234
4.37500000
0.03192139
4.12744016
0.33886843
13.28990360
4.47572140
5.64843750
6.66752106
0.03539032
3.67419216
13.61487034
4.63671875
0.62080871
1.77628601
3.95072418
0.60738129
0.77933746
7.25781250
3.05513519
0.01070404
0.13598633
8.37173462
0.13266967
9.20491578
3.35502106
2.88557735
3.76721409
15.84044224
2.46333832
2.43359375
0.75585938
5.14127438
2.61653812
3.69335938
5.70434508
2.14526429
3.68314606
0.06477875
7.70873338
2.14087599
1.79492188
0.16979980
0.18542480
1.21484375
0.26350891
8.16495789
0.28588867
0.01577759
2.45117188
19.03922485
14.69246461
4.12365692
3.89737976
0.41923004
1.05745427
2.52567597
9.99564606
12.54687500
0.41239410
16.63211880
5.21989140
1.43945312
4.84765625
8.45747894
2.50000000
2.66137633
3.35260835
0.96240234
1.53470856
3.60041612
5.19104720
10.15629059
0.52783203
2.95651093
3.66914949
1.22318512
2.10591644
4.17097961
3.60681183
3.69335938
0.75101715
0.07625336
7.29687500
1.76363217
2.15714539
0.22802734
0.65030696
0.34090398
4.82812500
0.60449219
4.29463653
1.41337129
0.00704575
3.87297233
2.53612587
4.74609375
8.76562500
1.99263519
2.84375000
10.26562500
4.24129395
12.60355746
6.28654999
3.52930513
4.25781250
7.17968750
0.20145660
5.48828125
5.93208944
5.18876440
2.06709653
2.90604333
1.83069315
11.44250333
0.30749667
5.69742797
3.40954621
6.23258422
3.60921265
12.99995817
6.31787234
0.79394531
2.75976562
1.37402344
4.90941822
8.03646249
3.53710938
5.45939273
2.55664062
4.90043121
0.87544769
1.57889146
7.88150149
1.10058594
3.76757812
2.43900543
5.97310394
5.74072266
0.33129883
8.61283356
0.41965908
2.83247894
0.03515625
0.33276367
0.82470703
0.02928162
5.73994903
0.09989472
3.45991911
0.79081301
7.24743683
7.33593750
5.28426086
6.53214539
4.95088653
1.87919160
0.49023438
0.60945617
1.63331032
3.25480164
0.12152100
2.50691711
1.62198914
1.57332087
3.28312444
4.39408356
13.62886193
2.34977546
4.22745789
2.75630707
6.18359375
2.25630707
3.01863586
6.32767731
2.40128601
2.21145206
11.71183289
5.91796875
6.05078125
1.10839844
3.09871399
0.30192078
2.02736720
4.26136967
4.76562500
6.46919769
14.14843750
1.13480497
1.26363160
10.64207033
5.09912258
9.55904144
8.99654144
13.82722961
3.70597351
7.01562500
2.86466212
4.79455784
1.65376801
2.85681183
2.81250000
4.87064606
0.31929535
1.94820036
1.00134308
2.69303468
0.23474121
2.95157774
6.55047701
2.59720856
4.28995789
3.23437500
1.99218750
0.18241363
9.87169881
5.65999889
4.38627106
4.95747894
0.54300934
9.17401486
6.11940159
6.13264517
0.73169381
1.33483076
13.48781362
0.39154033
3.10502106
1.76066101
0.67639129
3.44525178
0.20593262
6.04642731
0.32890135
25.19364472
2.34098390
4.27823914
3.80664062
2.95344969
0.49576906
3.02343750
0.10819457
0.31911256
3.65783660
13.13661713
0.00280274
3.99369293
0.78857422
1.52856207
3.32857269
6.14843750
11.72566711
0.94376648
7.24597075
19.86847017
2.69726562
4.81986481
2.42818207
6.73828125
0.96875000
0.68554688
10.36283356
6.70169327
3.71281693
0.46215820
0.35815430
24.56204981
3.23775487
0.68774352
8.06766816
3.57812500
6.69921875
3.17773438
5.15941548
0.17012543
4.24218750
0.35937500
5.82767731
1.20666099
0.20247811
0.50549316
1.34570312
0.66796875
1.15429688
7.07812500
1.24511719
11.20658356
4.57466644
2.58203125
0.50321255
0.94014683
2.99263395
0.22542110
8.99332890
3.67789672
2.41975953
10.78356716
0.45153964
0.12894746
1.86958832
11.92968750
3.48588043
2.13085938
0.62622008
5.79956117
6.53560394
11.51908356
0.06624359
8.51953125
10.73002106
7.57857269
5.65144836
0.02280701
2.28727172
6.54793336
5.05078125
3.35111481
4.17968750
0.21162934
3.47070312
1.34887633
0.64058441
1.61726057
6.94259509
20.00668552
8.42551958
8.63175975
2.69335938
0.82914215
5.32889739
0.56266359
12.56673094
1.71167054
7.53995789
9.52343750
5.57377106
11.65702239
0.14799074
5.31546155
6.54887743
12.10591644
4.54169936
3.12867021
6.05395508
5.91161497
6.94197695
18.99768066
5.42187500
4.31896942
3.60485871
8.26908356
6.76171875
3.27779144
0.04153442
0.20288086
2.80431101
42.93494680
6.16573028
0.50175019
1.61425781
0.33546749
22.94531375
0.59200105
5.36097851
1.95933399
1.36861176
0.42610407
8.29289007
6.62462102
1.72454066
7.24263519
0.46386719
1.10900536
9.74088874
7.61917997
7.41597628
14.42675781
7.83437467
6.44332003
2.39843750
12.52408688
10.48372562
3.19771332
3.76171875
0.64705860
2.59253490
12.38627106
2.09752577
1.88436724
5.96777095
3.06604222
14.86722809
2.21663453
1.09700313
1.27547180
0.76819066
11.77510528
8.40600648
13.11718750
17.49564606
3.14350787
8.63623670
7.86282359
4.35157247
14.40791778
5.80932181
6.12651041
3.01997894
13.92879211
12.31542720
4.90598541
8.23039007
9.42959885
7.74663009
3.52539062
3.72196441
7.20357269
4.74129211
1.70096770
1.88977144
7.75577571
13.00719748
10.44181959
4.49564606
2.24247285
5.17232269
6.14459996
4.03073359
14.04258977
15.50916805
0.61470551
1.03511317
15.31971715
7.91060394
5.50122008
1.30790254
16.25000000
7.50263686
5.37777482
10.22656250
0.42472351
2.92187500
8.40100067
1.64798981
6.53649933
6.99784021
2.56706061
0.01313019
8.03275169
4.74312721
7.19820036
7.70640657
12.39011840
1.87911043
1.66011442
1.83020113
9.15010528
1.19995179
0.38643402
12.85066711
5.40279144
14.51562500
3.25467864
8.81278535
2.10876496
1.18957239
3.76029698
7.27087433
14.55501219
4.86469788
13.13204011
4.07857269
2.60546875
4.55423981
9.55379211
2.96304300
2.73556571
3.40970856
7.22566711
10.38410628
4.13212876
13.76306183
5.00125942
3.52457890
1.75443512
7.02868683
5.50736481
0.34716797
4.96093750
4.37154144
4.08630153
0.98942265
2.58609985
2.64888519
1.46362118
6.48054743
4.19828651
5.75972628
2.02099609
3.67187500
11.03125000
20.39789825
5.02286680
4.67244570
1.35546875
9.57722961
5.49743683
2.12215149
0.92374446
0.24463140
10.05859375
8.85391401
0.15735704
6.85286375
2.94919342
3.31998781
9.30712766
18.39827515
6.74967531
1.10644531
6.99930630
0.12227574
3.77697754
0.40608703
7.84029144
7.73303192
4.55212433
0.51753754
3.84330231
3.40039062
5.14318817
4.78942902
12.94185394
6.34720856
2.37548454
7.20797096
1.40917969
2.22957336
1.19230164
3.01757812
10.85847961
14.78470856
5.44620789
1.29581633
8.47002992
2.72176086
9.07120789
0.14900727
1.40287262
3.06835938
12.19221922
31.68770293
6.01753878
2.82661957
3.38247846
11.62884200
3.52579898
5.64741911
1.40771609
5.23144282
1.19629155
6.35156250
4.31640625
4.08203125
10.07812500
2.64257812
0.21617490
1.09318179
10.96439606
4.92622894
1.23535156
5.86283356
0.68517568
2.11959330
3.25976562
1.10449219
0.83418731
1.11210051
2.40067597
4.17456117
3.69637024
2.26802582
2.10831726
3.85134586
4.31031582
1.35005707
6.23803524
8.00370456
8.12547178
4.78316378
8.04349513
3.73047124
14.54341644
4.15580231
0.03636688
4.90144836
0.54912925
0.41288674
1.75292969
0.89115387
7.15144836
0.44030793
9.23595413
10.99060837
0.03425079
6.50781250
1.10359617
3.01674133
5.24737398
6.97220856
18.71056849
4.70740026
3.32466644
11.75691711
4.28708944
9.33249888
0.12129730
12.33881040
5.60320589
2.45047817
2.56535367
6.69576019
6.78125000
4.36157227
0.15148926
0.57523496
7.07088320
9.38671875
2.24609375
1.20959473
1.38138824
5.12109375
2.67036957
11.21972532
0.07751589
1.84667969
6.59330231
9.30675865
1.70931405
1.66992188
7.72131317
3.73380430
4.02490359
11.39115138
13.63574468
3.05167664
13.73433898
2.12923094
2.00146609
2.11718750
9.16308594
8.03470856
0.78462738
7.82377106
6.87274627
1.52815797
8.14933289
5.14135306
0.42704690
5.23091644
2.27600067
1.10066711
2.76892121
10.83780945
0.91027676
0.31945957
1.10058594
1.58455196
8.01676640
2.96679688
9.47566711
8.15100067
5.47355164
8.40714539
2.94380707
9.43481383
6.33292664
1.99788453
9.31401306
2.74532074
4.03816711
3.76869959
2.27833776
3.84029144
4.34944703
3.89741911
1.21569731
10.76753878
3.38444093
5.10396057
0.80834649
4.79468085
6.40331782
4.84277593
3.22115082
6.98860594
1.70796598
5.21118351
9.53202239
11.52266511
0.11897797
7.65998892
0.28727670
6.11990738
1.67480469
2.44047027
13.78125000
0.20686859
0.82470703
13.77229610
6.57837101
8.04239805
4.66943484
0.00956726
1.81054688
9.27757658
5.31638287
3.65466589
19.70568817
1.76501496
6.71923205
2.71436170
3.38085938
9.71919769
11.77600067
1.69559754
6.35201019
9.40189606
16.34570312
2.18178252
6.71164003
5.21472075
4.24967531
3.69689661
3.41443151
7.69921875
3.88085938
8.31506317
5.53665955
5.89216977
3.10758422
5.36128878
1.21964539
5.86958334
4.82761839
10.98181183
6.22989307
2.55098792
9.08195257
2.27298981
10.30802430
0.19759125
0.64786742
4.33263929
6.30220302
1.19625221
1.68261719
6.74519836
0.17570008
7.76953125
5.93558622
0.75109957
3.78499390
3.86673981
4.83203125
2.29251607
0.21427928
8.70607160
1.61635637
5.55098294
2.09895999
5.76358821
5.17525487
7.54439052
0.29004155
4.66581145
4.65938386
5.61718750
5.80214447
0.56510375
4.36702515
3.99218750
13.90625000
0.22473145
11.04100400
6.73449800
9.58426972
7.21178857
2.44836768
7.44636525
7.67863475
15.04357381
1.98136912
2.35201019
16.10323028
2.99759918
6.05605285
0.42496828
8.85937500
0.34053559
14.35847961
6.95312500
1.42678781
14.48309734
3.64408356
6.52522828
10.46875000
2.64782746
5.51403591
2.16369847
22.72835235
13.00691711
5.52420989
7.21378103
1.66553357
8.48437500
7.37052305
2.27386775
2.89564826
5.75746234
7.26329343
4.25781250
8.61283356
4.61359099
2.46213319
1.43155945
7.53458555
17.24389648
0.22542110
8.99332890
3.67789672
2.41975953
10.78356716
0.45153964
0.12894746
1.86958832
11.29890431
2.56400543
2.92428080
2.42277039
3.80033356
1.77262328
7.81083222
6.41406250
6.93859708
3.17273105
11.23437500
7.34285461
0.72208680
0.96101867
7.19091423
2.13961159
5.12935394
2.99613309
5.02880984
2.14981993
0.90942289
20.93050866
7.53156277
8.77442154
3.53125000
3.13582336
0.65958680
14.36091977
1.67769503
6.71919769
10.08593750
4.07377106
14.94596188
0.51200535
3.68216700
8.56425632
4.17635195
7.60156250
9.02254211
4.01261414
4.75000000
12.40038813
1.70878269
6.88159242
2.84810394
4.23347961
7.24218750
2.57316101
7.46289062
5.89062500
0.56498199
0.86083984
8.88679743
9.40661901
0.34106445
2.89517066
0.79232934
7.88281250
0.08969085
1.31481965
1.39716510
42.74817486
8.98950133
0.72928926
3.30318207
3.15844727
22.81498012
1.59737339
4.01507619
2.19053080
2.59419769
0.48298852
8.08720190
6.60297430
1.90679133
3.91406250
6.59330231
2.81453181
9.98384862
8.69429411
0.49019503
3.15917969
3.05898404
3.53121066
0.47241211
13.00732048
1.50362339
3.04276706
12.03816711
1.86766706
2.28459552
3.43623809
2.07991578
4.91015625
2.04536957
0.22001129
0.17415375
11.71427305
9.26216644
3.72233156
4.72310394
1.74316406
0.10141998
0.37764496
3.16406250
1.11816406
14.99129211
5.25690714
9.18539450
8.81834442
2.81402038
14.84773493
5.81415781
4.03386746
4.19140625
10.29597961
10.33597684
3.22066378
4.78369016
2.49186281
7.06127992
2.45613586
0.59537719
7.47573152
2.89062500
3.90775543
4.10652586
8.05481050
1.04199219
2.33548981
0.33761353
1.18802887
4.35201019
3.95312500
10.62064606
1.85156250
12.48872894
7.27539062
5.08158356
6.67622894
6.71589650
9.92082225
1.94230039
3.45760195
4.88928192
10.72232468
0.44095856
0.31876555
21.58403160
7.57349069
4.29976286
1.72269808
8.71427305
2.50252382
0.33247894
6.16361481
2.07079954
5.38818484
7.51127106
1.41743988
8.00000000
3.86328125
0.70300106
2.20442874
7.47745789
13.27705840
1.51981660
7.80468750
0.27681488
4.95703125
0.54545074
3.76216644
2.92984985
9.40368683
0.96892501
6.23849290
2.41992188
4.48437500
12.82633422
4.22835328
3.42399047
5.05098294
2.98608585
6.97204621
1.41699219
9.74731383
2.78499390
0.21040863
4.73482269
3.73893063
3.65560062
2.04101562
4.56616149
6.27970180
3.71431737
9.23681516
6.28271609
1.97363281
6.40002161
8.69568151
2.09960938
6.68782469
0.08809480
2.85308838
0.24975586
10.47912567
1.35876496
0.07545990
3.98392731
3.35351562
7.21740692
1.42142232
10.37830119
4.58203125
6.22745789
0.77978516
1.77489861
7.48832557
1.66939301
4.08894836
0.64302582
3.24849457
10.62845856
16.10066711
5.62544769
1.26747619
6.03605164
4.33707703
0.69584137
5.35201019
4.22611481
2.94262633
0.13106355
1.93241301
31.55798246
7.07702792
4.01953125
6.84850981
8.08751678
4.10168550
5.80578458
1.18294437
5.85664451
1.10722268
4.17403106
1.50292969
4.81083222
3.61193817
2.59615082
0.64591492
14.33203125
7.40384918
3.97310394
5.85502106
0.06134033
3.80626164
3.41098293
11.06669248
0.73124238
5.14676972
8.24873560
4.13523657
10.42187500
2.49023438
12.80033356
0.68351258
10.95658356
0.00932831
6.98738586
1.00556842
0.55465314
1.79056793
0.57226562
8.40535461
0.33361848
7.06616024
3.95800906
7.17020722
8.87833555
5.06351839
8.14493462
2.79842475
0.49855187
5.15194038
8.34285461
0.88199828
12.50308954
3.00740913
15.24073729
3.04633616
7.38941489
0.59814453
0.10522461
0.45183745
7.97253325
6.98347961
5.61698581
3.69771332
0.99393645
0.26733398
7.27132203
5.80558289
2.26790282
1.08268312
6.54687500
0.48750824
6.62080342
0.24784893
6.60111481
3.51383422
1.12980164
5.95011414
5.89453125
6.55964650
3.12830119
2.16992188
1.91430602
4.75480164
11.93782562
5.15616883
12.77075133
0.17378816
1.85656583
13.60168550
2.87137910
12.04766721
3.12254489
2.28036956
13.86132314
5.29236369
0.06157897
2.22204621
10.89665679
5.97769559
4.64497894
2.11145113
6.46362367
0.48193359
3.06880707
0.32987457
5.38716644
6.07934508
0.77905336
1.34512308
1.92953512
0.97753906
4.44577960
3.72357158
1.62768617
5.56313941
8.05884973
1.73010223
5.96964539
1.36869293
11.48002106
4.54130097
1.28087849
3.68689494
3.78710938
5.67687833
5.50626773
0.31445312
0.70361328
5.62935394
4.73363697
5.53474291
11.03430353
6.34753325
1.20438691
3.16963653
6.83561281
3.11372894
3.13871122
3.76123171
4.15144836
2.01375305
7.22375333
5.04970856
5.99094303
7.70257869
4.46884862
12.22327572
1.11567264
2.21618683
12.21427305
5.98128297
0.05635528
7.73136414
4.22566711
2.35380097
2.91401818
0.34871772
3.31294769
5.31372008
1.63993379
9.50345856
7.69620789
7.61803857
5.86633643
15.46492243
2.82955175
4.55078125
1.18599457
0.27451568
9.11718750
4.08865304
0.95281028
1.18939193
14.59884197
3.47139683
6.71830231
7.14542664
15.10655586
16.58395500
7.77555297
16.38114472
6.65669769
0.79268340
7.91740724
10.06250000
2.35351562
0.91312652
0.00662750
15.43359375
1.11474609
3.11328125
5.74218750
0.02400208
10.35502106
6.78189190
13.57410571
8.71189393
3.06909180
5.01449554
0.53796418
2.82812500
1.87109375
0.47570801
1.97949219
3.64648438
5.83203125
1.36616911
8.21560617
0.48894309
6.08260195
0.62520169
4.46419437
2.91646332
5.66361481
8.91841644
0.57617188
0.00497818
7.31986481
0.99849457
7.66316711
3.53120568
6.49613807
7.10310353
4.19470744
9.72310394
1.78666168
2.21508478
2.83206161
5.49519836
9.66841644
3.99654144
8.92879211
5.72745789
2.18164062
5.29553192
0.73474152
0.02047729
3.98978668
0.96809813
0.76916597
5.84773493
4.62361508
5.21444038
2.94213929
6.32934508
4.67411347
5.18013519
1.02006012
0.06972260
0.02105713
1.01526226
1.04330341
13.22482049
4.11880650
14.81339539
10.90356383
5.24558372
41.96414506
5.33077681
4.92031029
5.04425256
3.02567153
7.45658356
7.38236481
9.43058289
0.01658630
8.32604887
3.51892121
1.32087385
12.18054853
7.53629765
4.63024933
2.45540282
14.65983156
0.49772094
6.50960328
2.90820312
8.01562500
2.23351895
6.07605136
4.40580231
5.10591644
3.47070312
0.12597656
16.74599513
3.17197362
2.28095967
3.12724346
13.61079895
6.06294769
2.94453949
3.83809231
9.14432956
0.11265045
10.00000000
0.43603516
10.00781250
9.26127106
4.24238919
1.55903397
5.62232380
8.12923094
2.41569093
10.09495014
2.14288341
7.48936870
15.78939716
15.42626953
6.96195465
4.10457336
3.76501496
2.93554688
13.24157248
5.12170877
1.78547845
1.77799811
23.18066406
4.68713099
1.57613253
13.64937472
2.34615082
14.64621799
1.10892731
3.05798371
3.17036957
6.57812500
3.66601562
4.95658356
13.20747894
8.22656250
8.97041778
12.94006317
0.74528078
7.72060607
13.54675200
3.21240359
10.17622894
10.04056793
12.30033356
9.34708555
11.53906250
2.40332156
6.13057403
2.19900959
7.00065063
3.80497783
5.41072695
13.36515071
3.35905031
6.63171542
3.23242188
8.94095856
11.03470856
2.28670102
13.33528812
7.43705231
7.91752106
4.75577820
1.75097656
4.55045158
44.70691323
2.70117188
16.93750000
1.36763519
9.19441711
8.09029144
5.40279144
17.71279388
4.98559508
4.86206117
7.70524047
16.59527619
7.45206726
0.97949219
0.54492188
0.12951660
0.88134766
0.86669922
5.06250000
7.46191157
-0.10261805
7.17399047
2.94169160
5.41137633
17.47729554
3.35217254
0.61478668
8.33683289
7.65714539
5.20222961
26.47839262
0.89750277
0.85693017
8.35017384
1.26327349
6.25435394
0.00593185
0.05539947
9.34032580
6.16012189
0.05212402
2.12300805
3.34051307
4.71964539
8.31070922
2.63655640
0.79833984
0.02424866
1.92631012
0.02860535
12.03568263
9.44209995
4.12446864
1.65263159
0.23807707
18.08556849
3.56950077
4.83829898
13.22041778
1.70270082
6.29304743
2.83036347
8.39176640
6.86665863
7.78771942
7.09313996
16.74540005
7.40388852
3.61551972
10.56230582
1.96081450
9.32299867
3.22070312
2.92129932
2.52624917
4.01587101
15.90433622
6.78963320
4.17321808
19.28458555
6.60347628
3.12544769
0.19772183
3.79480136
2.35546875
0.04370117
5.02343750
7.63671875
14.83504211
8.53189938
3.36352726
1.73588043
1.03637508
7.58178275
8.91313275
3.18933012
4.08548482
24.61722746
2.55493849
5.95636949
3.15866133
2.92728668
3.74548371
8.51248864
7.93530585
8.14497894
2.94644892
0.84375249
10.93147828
5.92093529
2.52579898
0.38383214
2.97851562
1.93179425
4.34876329
13.03739472
2.81144226
5.53682403
2.52042664
1.31978363
6.06896942
3.82991578
5.02542997
7.05968356
1.86262689
2.74719581
4.26517731
12.01527760
9.20600600
6.95076420
0.40356445
1.31639587
9.80167664
5.08158356
4.89888519
3.18158882
1.92680961
18.16962656
1.65068594
2.65820312
6.62158203
3.38041168
18.94657379
7.58959774
13.28487277
16.34278169
9.85591644
0.93896484
1.65970856
2.75195312
1.33593750
2.15865082
6.37320922
2.63806183
3.49430297
2.05061890
6.27644836
12.12076844
2.69966644
5.63809608
6.37487700
4.34521609
3.51562500
0.72701019
0.88134766
7.23124114
2.29866578
11.56339539
4.01997894
2.50496399
0.74796570
6.21004211
7.76065603
4.73197916
7.24605316
10.72220856
2.95015473
4.54466590
1.95053246
2.41691101
1.21842375
9.65109071
6.04597961
4.26216644
13.44352172
7.06257868
5.95650487
1.76066101
10.78304078
1.06542969
6.30098294
1.36698581
4.61718750
2.25695396
1.63961159
8.02628601
9.90618515
3.75061004
2.22493407
1.85111481
1.70767440
1.34168384
5.29207336
2.94470246
5.85156250
5.78108267
2.64229776
4.70568817
5.55558289
5.17492551
5.86667178
2.36751219
10.11666112
10.84631317
5.27796252
4.49255651
7.54207336
4.09330231
1.39872036
1.55676363
10.50089539
14.23706117
1.88265015
20.22675422
5.87871453
5.82076019
5.62711547
6.80680297
3.72579011
2.40429688
9.95096458
5.04346077
6.25488032
4.67479970
5.56047318
2.10912899
3.23417331
1.38378906
7.85758422
0.90405087
2.29996952
4.95312500
6.97745789
2.00826019
9.43509918
2.94197197
1.21826546
4.55802305
5.93896609
4.05399380
15.86779505
5.41020057
5.56351839
2.49849457
19.80867492
8.41511525
4.29582225
16.86629211
7.86547536
3.12259918
2.50284851
8.80122894
4.89203181
4.91000917
5.86991550
7.74865692
9.23376496
2.17578125
2.47599273
3.94531250
5.43404144
4.24475067
3.05212433
14.50345856
5.28861481
3.45552582
9.54687500
2.44225981
5.14508669
9.53291778
1.90608765
6.69257204
3.27662566
11.39920989
5.61869355
0.04893006
1.09720856
4.79764739
0.17789734
5.83200987
8.76062167
0.38989258
8.37410461
7.93058289
1.08443207
3.41210938
2.39329871
3.30103723
15.35143950
5.89856050
0.28198149
4.02453707
4.12109375
4.12500000
4.24820922
7.47081118
1.00514128
1.94576019
3.99369293
16.94807953
0.68371551
2.06970246
0.01814270
10.45658356
6.93705231
10.63716644
0.04574585
6.29988586
9.17277039
9.28035461
3.21423371
7.44852505
1.25415226
3.39139739
14.03351930
6.28906250
1.03333526
2.26322418
24.35188750
5.48360261
0.33689174
8.17993351
0.00870270
0.08455458
28.99287778
2.14807347
1.83149117
8.31014974
5.39544802
15.41817044
4.06628325
4.63708776
7.82108489
3.46529144
4.80257203
14.29544856
3.16904943
4.19966644
0.51293883
10.68147828
12.80635528
11.36055574
10.50781250
2.80078125
0.16094971
6.81036049
4.17784243
1.01987089
10.43842975
3.32213764
1.93279199
7.84631317
6.43493683
0.22473145
10.12320922
2.83267565
1.01144088
0.50240082
4.22029477
13.10656583
0.16728003
4.65042997
3.43692930
7.78194370
5.49303857
9.21683622
4.10083444
2.38008699
9.17187500
3.88393895
5.49150875
7.39758301
16.75256317
2.15039062
8.51037567
12.43347075
5.92945499
1.55916196
7.49019503
9.31034021
7.81571753
11.84798094
10.03857546
7.23095579
7.95703250
6.98347961
5.99173981
11.19864805
5.73238253
7.84085218
5.70903368
3.25528369
2.53076795
1.00683594
5.08805297
2.28507259
1.20890569
0.75537109
14.36136871
2.06880707
0.20652221
5.09482650
3.89221285
6.08593750
11.48693817
6.66637966
9.43172429
12.51130541
0.46159436
0.27872804
23.70677527
6.00558399
13.28662234
0.26005160
0.27087215
4.67366578
6.29488253
2.15429688
1.81152344
1.98905364
4.11987367
6.68404144
3.17073360
5.78629765
2.44335938
11.86975067
8.76344694
12.11885528
0.15665898
0.74511719
7.22558594
8.21875000
3.46325652
2.27404754
18.43834110
13.01913785
7.52726258
8.34594376
9.71093750
6.53926543
5.32255097
10.03893950
3.12858156
1.77974457
7.67142731
2.52172291
18.24134287
0.13525266
7.26078402
19.22573582
8.32716090
6.78080231
5.19942044
2.17195866
3.84419769
8.85184287
8.18286569
9.28560394
3.47460938
3.04996080
6.68445478
1.99775903
6.42269171
5.34562195
2.29194537
0.85702100
1.29927582
5.92910870
9.59754321
7.49116911
2.45804964
4.83638519
0.41748047
1.94851632
5.52466755
4.36865359
5.13281250
10.55814606
3.24894226
6.92142731
2.47729056
14.47583444
10.36263031
1.98356078
1.17757203
0.15722656
11.30814606
9.83158356
5.02900654
7.28027593
5.51900487
2.22399933
4.08850067
2.01981660
2.30122894
3.89664672
8.05993683
0.54439301
0.00990295
2.61523438
6.85156250
0.09088135
3.42834442
2.51361211
16.57377106
3.89640071
1.39461491
5.89107269
2.52355427
2.97595744
1.94527067
3.23148714
9.73002106
5.31294769
1.41316711
1.43253601
2.72656250
4.70312500
0.92972684
2.97021609
4.61393063
4.04858087
5.04195036
3.05916943
8.08068817
3.77628601
5.58638519
1.64408356
0.20027680
0.04687500
1.09333323
1.20268727
11.54041003
1.97631204
15.93160128
11.06481716
8.11046903
15.58902704
4.29123173
5.83653811
6.04296875
7.99865692
10.33337433
0.03234863
7.80964899
2.70320866
1.46422249
5.57983959
5.22782690
3.41984319
2.18436614
5.51261414
8.05301972
1.74414062
8.31660794
3.69767398
5.69051086
0.67264863
4.17345911
3.22139683
3.50268617
1.68058289
11.68660461
1.90909851
0.41455078
7.62064606
9.61718750
5.71170989
1.89330369
5.16940048
8.64062500
2.61568207
7.44448582
2.56918605
9.11277606
17.06018284
15.01391602
8.24121094
3.13281250
4.52388519
3.41601562
14.60502106
1.34391235
23.26493379
4.14989861
0.87821753
10.24922761
0.83699524
2.78409851
7.51953125
5.73237257
4.17387743
2.76517731
1.23677582
7.98046875
1.60742188
5.04252106
8.38716644
8.83955840
10.88333888
1.96610815
8.68750000
13.88911957
5.53125000
9.30756539
13.98662344
3.27612367
5.90747008
2.00450881
5.16419111
3.20882203
8.08439273
13.12052305
2.70479278
7.58484042
2.38236481
8.22912567
13.44966644
7.02286680
7.16943484
6.33247894
6.83984375
5.03027344
2.01367188
1.54699551
47.77234042
2.46289062
12.79597961
0.96923828
6.27734375
6.11027039
6.91662567
1.05212433
8.92789672
8.41247590
1.94917816
1.11523438
0.15844727
1.76908356
6.35156250
4.61372894
7.73635750
6.11866356
2.89107269
8.23197418
3.68314606
3.98091644
6.26607269
1.04101562
3.58789062
2.21439606
9.98799092
1.52372783
27.75244016
0.60595828
0.76871547
6.04765019
4.58280364
2.89917054
3.25826019
0.85009766
8.42443817
21.47285794
8.92814273
5.01391290
1.59228889
0.06304932
7.07242797
1.65856965
4.03906250
12.53381317
2.56277550
4.50345357
2.69942542
3.49890292
1.52583832
1.24300172
0.39827453
14.06929411
5.20380874
2.95317431
12.59760103
1.72855497
8.47233156
3.98225953
2.35965537
1.84497382
3.66613863
17.56506317
7.50480164
1.02026429
1.85502106
11.49913897
8.37150709
6.94620789
5.79296875
0.18229156
3.81880707
8.77689606
12.28906250
6.45295767
2.80139627
1.98392731
1.38708278
9.14811032
8.87984596
3.05261137
5.98661347
1.95003297
8.63972961
1.21423371
4.66560985
1.97916554
3.21500610
3.70296265
6.97000942
7.71028812
8.05558289
1.39322751
0.49133394
10.45670656
14.72285794
6.21081450
0.40665960
3.76953125
1.89610414
3.19491910
13.77433289
4.01696808
5.71260528
3.16499723
1.40027011
6.80725067
6.48181183
5.73868711
14.06502382
4.75826019
1.10359680
6.51652039
1.92834442
1.59627133
1.76086270
1.65450354
8.17622894
3.42560894
2.51836048
11.72329566
1.69601617
2.78320312
4.25000000
3.71875000
18.38476064
1.94368905
7.94685727
12.53837253
11.33417630
8.01587101
1.29687500
11.79252106
0.36104340
1.09765625
3.93578790
5.18530585
3.96209717
2.71289062
20.07934508
5.39062500
4.59252992
3.70853668
0.77046723
1.12890625
7.08972075
1.56217531
1.87695312
4.39107269
3.61299590
0.47733613
7.44921875
14.27254211
6.01066101
8.29108932
0.13957474
6.37890625
0.59290495
4.23574154
3.57478945
3.62105441
5.04207336
4.45511747
4.39774380
4.78865913
6.22656250
1.62975233
1.73308122
6.75122008
1.76928773
10.00000000
10.29736235
5.55909740
2.03552028
9.32336768
11.51188110
3.78322383
6.44722628
2.36881593
10.76216644
6.35201019
2.43839539
16.67728170
6.44682291
5.76652039
3.66617797
2.47176086
2.36161347
2.68208832
8.93090384
3.89335549
6.48534907
4.31261553
4.79676196
2.19201629
3.56970246
1.49458832
8.73746454
1.84183871
2.08874667
5.43750000
7.47355164
1.90332031
8.99182098
2.96655087
1.40934452
5.10969969
7.41027925
4.07429743
5.26643673
4.85083444
5.36071808
2.26216644
21.59427887
10.13121842
3.42497451
16.82377106
3.80468750
2.82857269
7.28560394
5.55715205
4.17362063
6.96382785
8.29162567
7.67126496
1.97363281
2.86022949
1.96289062
3.91601562
5.39709442
5.96138519
3.33683289
2.69034727
5.36238192
9.88972961
1.76501496
4.49222809
0.06630463
1.17142731
4.24421931
0.67179632
5.27328367
8.54097628
0.38505035
9.57377106
0.89054383
6.73046875
1.51269531
1.53177887
8.48777926
2.79347074
16.45389739
7.21842531
0.28621305
0.33178773
8.13895722
2.59179688
7.69417110
8.29357381
1.14213791
3.92578125
5.83369903
0.31058808
3.30419922
1.49812805
7.56843307
2.73519669
3.69726562
3.74564606
14.49654144
8.03066933
10.72714317
7.42264739
5.07287567
8.43831422
13.64338746
1.94974762
0.66097016
1.69531250
3.79508422
5.15926086
3.85900848
11.63131807
16.77844083
6.94042720
2.91980385
0.71520965
2.99743683
7.88570036
11.91304411
3.05086491
6.52899834
10.13131050
4.05033356
0.35640410
14.46939938
0.10823796
0.89257812
2.94669493
2.06893007
2.79890681
2.81738530
10.61718750
6.94339872
10.61104278
5.24589206
1.84171570
9.13979832
8.14055629
18.34810394
3.37784851
9.58068817
9.86014739
5.83851473
1.48799590
4.06774933
1.81437195
6.09195922
2.72652191
13.76985594
4.35559175
3.68644226
8.18818872
26.31136358
6.63281250
5.72220856
6.74641844
7.84138582
15.01179743
3.00720246
2.29980718
0.49076324
4.46048981
12.14229340
2.00826019
0.23130248
4.68540436
7.86071808
3.28755707
7.35502106
2.61584442
6.27132203
0.32259032
0.60465578
8.69596188
9.99295054
6.43449911
9.46028812
1.02734375
6.44775266
2.35668883
4.90604831
2.11690215
4.38460328
6.28515625
2.38760666
3.92676529
2.97851562
6.92533356
6.35778746
13.01025266
0.17232456
0.71972656
8.11523438
9.07979278
4.60616059
4.69921875
13.51127106
3.72159851
8.46964539
10.74475067
4.82332398
8.77689606
7.00476043
4.97444703
2.50061004
5.09464539
0.63867188
6.19486481
3.10192155
16.64150648
7.73591977
9.99116911
2.18847905
1.96431488
10.26562500
0.01541901
41.86885528
24.34370925
4.07699357
13.07804134
5.28808843
6.90234375
0.26049805
15.23783356
7.04028258
3.10469636
3.98706055
3.94225732
2.07772163
2.02563414
2.16870179
4.56447751
2.74570035
5.59757757
11.47310394
9.80200133
9.24051972
8.06031539
4.78312943
4.62544769
3.17293274
1.51066101
14.98950133
0.23217836
0.47994476
6.12567276
1.67842559
2.02567597
9.81595856
0.13704437
0.46679688
7.16406250
1.25976562
1.11206055
9.25000000
2.29882812
11.66316711
5.12544769
0.07936615
4.58462877
7.23100011
2.19324135
5.43660461
9.01741578
0.16731750
0.02738465
8.64754211
5.08735927
14.26818817
8.54289007
2.87776485
1.19051335
7.88582336
0.31095398
4.20568817
5.58634087
2.97359596
4.42154533
2.72689217
2.14961326
0.62870706
1.57628927
11.40133096
13.19083555
13.61295656
5.60201019
6.57165558
8.58475178
0.85335826
5.63281250
4.90226258
3.85262024
2.32946808
3.44938110
6.36047342
2.05197196
3.22163786
2.61328250
6.49857574
0.51411957
2.02750360
5.51021986
1.24907524
10.54202904
1.28511940
3.89335051
2.12902925
5.96695922
5.65112367
5.04819732
1.33617603
2.04956615
3.59810394
0.18131500
0.02950043
2.00403309
3.35258089
0.48275155
12.01326352
5.47892398
6.91060394
0.13757324
9.25000000
1.10742188
0.54296875
0.28950957
0.47635957
2.86478668
0.88423676
1.09081159
0.40324662
4.27998341
6.84282025
2.50768950
6.02356050
3.52734375
9.93135528
1.80647828
6.07063719
5.67590425
11.71875000
3.40669769
0.04794799
0.16593445
0.11866911
2.14119570
3.02929688
4.17295837
2.21830231
3.01997894
4.01953125
0.31176758
11.29597961
0.14416504
0.36881531
2.61860989
10.50667621
10.54585661
0.45072543
1.06054688
13.98437500
0.00782776
0.02711975
1.65083832
2.98876829
12.02266511
3.62573304
3.52254211
8.74654144
3.49068207
12.78974624
1.18681626
13.54539894
5.13819481
4.83878103
2.62561502
6.96138519
0.52343750
1.57910156
0.14807129
0.86376953
12.64843750
21.33242642
9.74064273
16.30716202
0.66451767
4.40669769
7.58533191
7.52554852
4.48046875
9.52779144
0.02715545
1.95023465
6.16642398
2.58548981
3.34224457
11.50345856
0.22224945
3.27734375
0.83740234
1.44909076
1.42004986
2.56923607
1.96596076
5.23392731
2.22438837
0.55897772
3.36862608
2.63399324
9.91166168
3.19184250
9.74564606
3.67488586
7.18578790
2.49914893
18.03926419
0.83520695
9.25414728
11.65689938
0.13440409
8.65633117
3.44665558
5.67354278
2.58622285
0.56835938
5.06205231
1.84712738
3.62442930
3.71691988
7.70357269
9.51908356
0.50195312
2.20312500
1.29365996
0.51391664
1.71174860
4.97231262
3.18441046
7.01216644
3.51562500
2.15039062
10.77689606
5.55814606
0.01902283
2.33984375
13.34439938
5.48913730
4.14288786
6.07630983
3.76367188
10.42533356
0.27925629
12.57812500
23.08140045
6.49654144
0.05560303
0.10559082
6.13236481
2.59322113
2.59960938
7.68750000
8.12585107
7.16866245
3.57262966
11.17327217
8.16841644
5.02856383
6.85380097
6.84619016
6.48628878
0.31494141
0.05291748
5.90239072
3.52630918
4.75191378
0.39550781
5.07857269
0.80318207
6.92578125
7.57031250
0.13106293
5.55619293
4.11283356
6.31730164
2.65580231
9.00901794
4.75044769
14.79764739
5.72013398
7.71282633
6.49906527
8.43418640
10.21366363
1.71883117
12.59899933
1.85156250
1.06844055
1.87003601
10.51908356
6.89888519
2.57767731
1.94388824
1.41300476
6.77929688
6.16967088
4.78926419
0.15487505
4.65612700
7.10123781
0.32621277
2.99597075
17.76920656
0.45975738
3.17622894
3.99564606
3.27237976
9.99218750
3.88281250
0.08276367
9.02241973
2.65262910
2.66393950
7.96740692
4.28662234
0.65917969
6.69877106
4.47900266
0.65376925
1.14896637
1.57076019
6.97176086
3.99698914
6.56640625
0.12939453
2.48388672
10.73347961
2.54386414
10.86360594
0.82487062
1.23152649
8.83683289
3.36761824
0.99788453
4.87162262
7.56309509
6.94877106
1.89611785
1.78890015
9.01830868
1.45235386
12.97717223
17.24487367
0.07281494
0.24021646
16.87211214
4.26619570
12.83548981
3.71431488
12.72173309
14.81498199
5.96582031
14.84870476
1.67240387
1.83121703
4.61273362
3.03441822
3.89571697
1.39746094
0.89794922
2.74908343
1.29986646
11.80993683
9.00443512
16.26654976
3.17098958
0.92814273
3.76460661
6.90991024
3.47196753
4.57812500
10.11914062
2.70865470
0.01473397
2.12650543
5.64798981
0.91153992
1.27225624
1.60588707
0.13439941
1.82706602
2.99275820
12.51908356
0.20784516
5.49609375
0.73909422
23.06571255
8.06543218
4.64196808
0.47485352
10.83958408
8.01037816
11.80289672
4.66933622
2.22307956
1.58886719
2.39536736
8.01975287
6.35457367
4.30122894
6.52347809
4.03951019
5.90189606
2.79012024
0.06567414
4.10502106
4.17676164
6.16719192
0.24096680
0.44333893
14.05667000
0.35934563
4.86584442
2.25390625
0.25447633
12.53125000
8.83003741
10.10937500
-0.00478225
7.87373560
0.16801245
2.42142731
3.49410004
6.54374114
0.02069154
3.32661957
5.37487700
0.00573824
7.30622791
0.06022717
6.34003547
0.03691766
5.24295989
8.05391511
5.33367410
5.36119008
5.94356168
3.90649601
4.19742797
16.22009308
0.10970062
6.50736481
0.43216949
9.45402039
3.82617188
1.95222961
11.58683289
0.34155273
2.57767731
11.62154144
5.16689269
5.70446808
2.47025543
8.42842621
3.77539062
0.36258879
13.69454011
6.83203125
0.78800383
7.28908352
5.04051862
2.51710106
0.96382660
1.70804840
2.78818268
10.78470856
4.05904144
8.73535156
0.47631836
0.00093365
6.01647607
2.98938331
0.18029785
8.72029477
5.09611148
2.17578125
7.16406250
0.04943848
7.26593547
3.75513630
2.24585272
10.58593750
5.94573527
1.79539449
4.27734375
1.79589844
0.01567078
0.44063262
1.98856660
2.59570312
10.96875000
2.34720856
1.19478363
9.69531250
15.67585993
0.92667913
6.39453125
2.82259094
7.84419769
6.29508422
5.73661347
10.54943817
0.27189148
1.08691406
10.33247894
0.03143311
0.83158231
1.81982546
8.47308350
11.57812500
0.17049164
3.34179688
7.94787567
9.89587433
0.24914551
0.53197962
8.23039007
5.37713161
1.62125859
4.52388519
3.39603668
4.85099180
0.17997347
3.42578125
6.39318817
6.61462433
6.97656250
0.12817383
1.49902344
14.10888672
1.05566406
6.76127106
1.00150169
1.33883034
0.62255859
1.43457031
4.06101346
0.98858305
1.25354222
1.52290863
6.00000000
5.41015625
0.41479492
3.45792166
1.26090952
4.32511414
11.06494016
9.49755984
10.79252106
10.24910461
18.06384308
12.08068817
0.38610871
6.28087102
3.10938497
5.27771276
19.60481262
7.96830231
3.64107269
5.57031250
7.24218750
0.07888794
8.91406250
1.76127106
6.87109375
1.49165863
3.80664062
11.03906250
1.04101562
0.29020078
1.01131289
1.27636719
11.67443817
3.51306183
1.00195312
7.51171875
7.05468750
0.02330261
8.97953215
7.73591977
9.99116911
2.18847905
11.99564606
2.50480164
1.51074219
3.76940326
1.90442486
13.82421875
7.30334442
3.67517121
0.67724609
10.72220856
11.07466644
3.67968750
4.63627106
1.38326019
3.97220856
2.59676086
4.88024933
1.55566406
1.00488281
0.67651305
0.35156312
4.46679688
9.38281250
9.30635528
9.44710328
9.44290591
4.59380429
3.31835938
3.66015625
1.15625000
1.58353668
8.19404810
15.01420323
0.17476472
0.32928276
5.38052368
1.64025848
1.98962433
9.32377106
0.15743012
0.57324219
7.46093750
1.07812500
0.88171387
11.50781250
3.67728668
5.80606494
6.72261691
2.79854776
9.07666047
8.22566711
4.77075133
14.50475732
11.70886635
3.88777150
0.81234264
5.15535461
0.26505555
3.32527649
5.18277704
3.11889960
3.88634974
3.53357214
2.48270224
0.54073526
1.87300068
37.09314494
10.98693817
2.36311890
4.84810394
12.87413897
1.04248670
4.94185394
6.05558289
4.33504211
3.76188110
3.58728058
1.95166047
0.17154938
0.12573242
4.25781250
16.46907282
1.76554632
2.89875970
5.27213064
0.89925919
10.53971188
1.04036624
4.85323028
2.68042054
5.93827239
5.76965425
4.94195557
1.36237963
2.20353834
12.62157331
3.57931072
0.43249792
9.58052333
5.62056737
0.62357574
2.94185394
0.32666016
0.09924316
0.11053467
0.21801758
0.11307738
0.57893922
2.91406250
0.26318359
0.12756317
0.15248565
4.42475818
7.66492353
2.69038786
5.64554964
3.33638519
9.77420989
2.34163453
5.11405364
5.79353945
13.72656250
2.76367188
0.02416992
0.16284180
0.14879727
2.23824191
4.49218750
0.19435971
1.85677249
0.98490387
1.86718750
3.44546488
0.48076407
12.38627106
0.89922909
10.23877278
10.72989805
0.42635195
1.01367188
14.17968750
0.01904297
0.01602417
1.65722656
2.64530364
11.18839539
3.81518617
3.62996399
8.78995789
3.72851562
11.56586991
5.47709884
5.73298759
1.90959053
6.77343750
0.42899566
2.19531250
0.08974213
0.99462891
12.62064606
24.78438231
10.51574800
13.43277704
0.52962530
2.73828125
6.04156140
7.01072528
6.62154144
1.54142149
7.55045656
2.40690125
3.52539062
10.30814606
0.33467621
3.25976562
3.85712656
1.40654532
3.97384767
5.59064604
6.63191711
1.94704774
0.33115081
6.25821805
2.41988253
11.12727782
5.07160524
3.03442321
2.75854554
0.56835938
8.82812500
1.62890625
4.62622008
3.53934785
9.69531250
8.90576172
1.05566406
1.77681488
2.34602782
0.56168703
2.93407860
5.02481554
3.70756261
6.85201019
4.33203125
2.01171875
10.58939606
3.79357879
0.03072144
2.58744293
14.31123560
7.20829565
2.95677527
6.27369348
3.84029144
9.74564606
0.26025391
13.01997894
22.14245605
6.41406250
0.08420807
0.12068695
6.73002106
3.14404172
3.34988919
5.35962101
0.27343750
5.18359375
0.77140320
1.57910156
6.07421875
7.25390625
0.10162354
6.74218750
4.59285461
6.32857269
2.14062500
6.96919769
1.47619598
0.01623566
2.54942291
6.54948517
6.82828859
5.44817077
14.85770722
2.01367188
1.18322723
1.60485871
3.00585938
7.94051086
3.46529144
1.50781250
2.16361481
1.61612976
6.28710938
6.48742022
5.45910240
0.25171958
4.64184508
6.61596742
0.28552246
2.93399961
17.99231050
0.55912262
4.34061614
4.70670656
2.74263519
2.87337157
3.13053468
10.35937500
3.07963043
0.05022186
8.63842711
2.57885804
2.64920989
7.56852172
4.06697695
0.54781098
6.44095856
5.13871122
0.73917789
1.10502106
1.61035156
9.19966644
2.47635334
1.17501385
0.20605469
1.61446074
16.86551972
0.07293701
0.23113456
8.91597628
3.35860261
5.69531250
2.66406250
13.85756927
14.25935883
6.02937805
11.46306885
0.37516235
0.51403840
3.43208832
5.53291778
4.29040558
5.05757598
12.81172761
8.61283356
3.90250610
0.03031465
3.93074524
2.24912775
6.52666998
0.41528320
1.26664215
15.71119793
0.73020832
3.81746399
1.86132812
0.23132355
11.65625000
6.45595645
12.05999113
0.00969696
8.30208001
0.22965827
3.26517731
3.08105469
7.29809508
0.02181062
3.42826324
5.83670989
0.00852541
7.58694842
0.06051252
6.36115581
0.03044575
5.14139739
8.46797761
5.69076630
5.01610011
15.53434452
0.07281494
7.28080231
0.27612305
8.75435394
4.03906250
2.23543274
5.09855164
0.44657317
0.64229402
4.01487183
13.49263519
3.13281250
7.69201660
2.24263519
0.25199340
4.17757203
9.84285461
4.80468750
1.71154256
4.53544658
1.28592552
9.65508883
4.72370900
2.34697251
0.74609375
1.71252410
3.22879059
10.93314606
4.20357269
1.55664062
0.88427734
0.00105572
2.78320312
0.57474762
3.50826019
4.64481162
7.08520944
10.81334974
0.71594332
8.92968750
4.96004211
9.57722961
1.73954316
7.08837766
6.50146609
0.86620658
2.11706948
1.86364777
2.30273438
10.98437500
1.75834137
4.10201019
13.00345856
12.72285794
1.34790226
6.35546875
5.07295684
8.82210328
4.21529144
14.96875000
0.02056885
1.11962891
5.58325133
5.36942597
2.66406250
12.19877106
10.86808289
0.26318359
1.69034602
9.24422429
6.73812461
0.54578042
6.83548981
2.37304688
4.98713985
0.23645238
2.18750000
6.17834442
4.18884308
17.26660156
5.17187500
5.80033356
1.90376801
7.33593750
3.11454067
6.22924992
6.27884918
6.61967069
1.18570891
1.41414616
1.57076019
5.86238586
1.56534851
0.03436279
3.14590869
1.13977643
4.74654144
9.06929411
9.79789339
11.82031250
9.95568817
18.63806183
11.24820922
0.73811890
6.32843723
2.71721520
6.05839206
21.58149475
7.12801086
4.15714539
4.65625000
6.34375000
0.10947662
3.75630707
2.99218750
3.62019836
0.86808289
8.82543883
8.25000000
3.22924867
1.88403258
2.75955896
4.55953346
4.41406250
2.72719319
2.78696697
0.41674805
3.53690457
0.42830009
12.87113807
0.34513367
1.71040863
16.41752106
2.68354943
0.97021858
1.54154449
9.02420989
6.61697045
7.42851174
5.83984375
1.94291168
3.53560394
2.64754211
2.01456726
1.35546875
7.58056516
3.44057957
7.11903257
2.71138519
5.79296875
0.03226715
7.42933789
0.41681293
14.84703521
5.49007203
1.78755707
0.40039062
1.78222656
7.19128325
3.31848238
4.79079162
0.11637391
0.20587402
1.22408051
5.19531250
4.90490692
4.18058289
0.00455231
12.80382647
4.60197584
4.72701019
12.21439606
1.40865082
0.73575493
-0.00113579
5.71158688
2.85677249
3.99609375
0.01537323
10.68314606
2.48872894
0.40283203
6.63972961
5.30787321
4.25358156
0.96427430
8.65970856
12.08593470
20.17267152
5.10705784
2.94816101
12.61283356
57.98828125
12.63537598
8.59118652
2.12250679
15.18026817
4.34073914
8.85912899
2.10962101
14.83593750
16.10489805
2.45715425
2.22208555
8.33695589
1.05078125
7.67968750
3.37304688
12.36209553
4.91524822
1.17968750
57.14318817
10.38370789
2.01448235
3.30774268
11.66316711
0.26725281
4.42553524
5.79321476
9.47220856
5.44576019
2.33593750
4.32031250
9.52689606
0.71919769
1.29768049
1.61410294
8.78560394
10.95837433
7.30769836
7.10201019
7.15824247
4.37345523
0.69617114
4.40877881
5.46484375
0.12864166
3.97716257
4.27869680
6.23872894
4.79207336
9.07031250
2.11352290
5.06889073
5.73571808
8.39062500
1.82617188
8.01833344
0.72363281
4.49507536
6.61731050
0.77868434
4.96732823
5.62890625
1.29199219
2.12109375
1.56152344
2.15277100
4.01277649
10.63370789
1.55371094
2.31250000
11.15383911
3.05725067
3.98571808
1.86433899
1.71875000
10.28214539
4.61718750
6.12756317
1.24503601
9.69966644
1.61869293
2.22115082
1.36701363
4.34087211
9.05814606
9.78560394
8.36718750
6.20141415
7.77323581
12.10502106
4.10367797
4.58426972
5.24194149
3.28909686
6.39831948
47.19324135
3.94185394
7.15132536
2.94982879
5.43103183
3.19457946
3.10229554
5.61673981
5.75768950
4.03572695
1.65580231
3.11120512
2.84627382
1.21004211
-0.01054107
82.58425976
3.52633532
10.90405336
1.36200239
3.25162843
1.39790863
0.05917358
2.95152843
1.44007313
0.37866211
4.31250000
0.19543457
3.75256348
0.59008540
0.71484624
1.92203485
15.11303898
1.51912539
6.81205231
1.24145446
10.61641511
0.08330261
0.20035828
0.05863434
5.82076019
7.53193311
3.77889849
6.90535461
3.81616024
9.21207890
5.16841644
1.73693817
5.69665558
3.70898438
6.13281250
0.38525391
17.86592559
7.17020722
2.05619293
7.48437500
7.57922208
2.34505374
1.41406250
9.32198028
8.00614472
9.61718750
0.87361508
4.10982269
12.40816378
2.53125000
0.34277344
0.40869141
14.02148438
2.38833971
2.21224623
7.43359375
2.91898994
3.28603722
6.20970994
1.97530806
7.64664672
4.00329621
1.91646332
5.23046875
0.01210785
3.33398438
3.94863808
4.56308067
0.04458618
3.24910461
3.21747345
1.63326019
1.27343750
12.00000000
0.60676876
1.43163003
3.58196254
1.15482574
12.04829677
6.96980275
2.15617630
0.25830078
3.11295158
12.10372229
0.25142426
12.05826906
2.27539062
5.96907469
3.03483156
2.46484375
4.21917693
0.14086914
2.21081481
11.60770722
10.49104610
2.66308843
7.05033356
4.99654144
2.18972851
4.65792774
1.13085938
4.35156250
1.43111809
2.44145057
13.02600067
40.38197752
5.90682070
9.07466644
10.05610927
1.96191655
2.80859375
0.29980469
3.58755347
5.87045434
13.55773926
15.52118896
7.16730940
3.44731493
2.99849457
12.11920166
7.31640625
5.96260528
2.07255097
2.62695312
12.37426758
7.67943651
9.30208998
2.42818207
0.01881928
3.19291168
41.65022111
15.90226258
17.22563275
10.50614472
0.14074707
12.53202239
7.38114472
1.94425476
8.71544881
0.87341838
1.50488281
6.62841423
12.67228460
5.72000444
3.56572251
2.39994293
0.07763672
11.74670130
0.77327765
5.09240692
3.33767897
13.48934397
1.21684120
1.60607131
4.88469193
3.64538232
2.82381538
1.42923981
4.68391844
5.37269726
4.29539449
8.99808622
4.65892620
4.84119680
8.45837433
2.39888519
3.74458832
14.09708555
0.79549257
2.40970856
3.33686310
13.37642692
1.16718236
2.56177692
0.95312500
2.45806687
2.92002548
7.79341644
9.59801530
7.51310928
1.12126022
0.52331450
3.29443484
4.85502106
0.48238004
6.70459109
2.20373504
0.21854676
4.49263519
0.58837891
6.37756317
0.53747590
0.71337891
3.70093625
2.88802249
4.51562500
0.12546783
2.24731383
1.99225746
5.80628656
5.61673981
4.37006539
5.13819481
1.16992188
2.68314606
2.99759918
6.17232269
3.51367188
1.45703063
1.75561586
1.35892731
0.88338195
1.26057984
6.47656250
6.00211547
10.75960328
0.40869141
1.81603973
2.18493683
3.45507812
2.22656250
0.08380127
4.28470856
1.64302582
0.61621094
5.25691711
2.60587586
5.00000000
4.34529477
8.94761969
0.08013242
2.66536375
0.23669216
2.90588597
8.17187500
7.77644836
1.38175476
2.31054688
7.47464872
0.59517550
0.92191559
9.08158356
6.54091520
1.23335910
5.12109375
2.79296875
5.78906250
4.04899047
11.99475067
0.88403383
2.30948914
0.27855189
3.89656804
0.88769531
4.32466644
9.53449441
2.90984153
16.46496795
6.84944703
1.16699219
0.20397949
1.39843750
7.40657469
3.24967531
3.98130798
0.02482605
0.13405037
2.85156250
7.21830231
6.30513519
1.23339844
0.00367355
13.98721853
2.28414377
4.26171875
12.05033356
1.46138519
1.16999806
-0.00154103
7.60790891
2.96834289
7.94185394
2.05810671
8.64497894
15.25834043
20.42028116
3.39636635
7.66406250
0.88671875
3.37935394
7.39504444
2.54588348
10.39543661
3.56055186
10.79252106
0.12679047
3.82336270
12.44030917
10.14408356
7.22656250
3.53710938
9.82466644
0.10288451
7.56339539
11.11718750
8.49308289
6.58984375
8.66662567
1.87837738
0.67590778
5.40051861
65.07198028
8.30768839
3.93628989
3.29882812
4.74397330
5.65161569
2.75134308
9.39754211
3.98917664
14.66796875
3.65234375
0.93668578
4.67366578
3.24023438
3.56205231
3.45747894
4.29585661
0.73392855
3.81835938
3.67852865
5.18874002
12.40714539
2.04056793
2.24849457
13.91764313
1.08984375
3.34375000
1.48339844
8.70222961
9.38024933
0.21191406
6.87064606
1.52974457
4.12890625
4.69531250
1.41796875
0.25638824
6.65405087
7.29366245
2.78906250
2.42097961
1.09293578
7.97143617
13.27498227
1.23380679
2.27465758
4.85810561
5.09623698
41.58118018
3.42277039
4.97265625
8.74987700
5.88631289
3.89229278
3.31669160
5.64798981
4.52722075
4.51228945
1.38334137
3.29719969
3.34191988
1.57226562
0.01245880
52.53547502
4.61279920
10.00179078
1.58371397
2.71993074
1.69816101
0.05978394
2.85041362
1.39079731
0.38354492
4.59720856
0.14522309
3.66699219
0.52266200
0.77449773
2.17427333
15.20711429
1.48112062
6.78515625
1.56709746
8.67801972
0.09517395
0.19718445
0.05967193
5.31640625
7.70767378
3.78325243
8.31941711
3.96427305
9.18070589
5.57466644
1.53035461
5.85591644
3.91060394
5.69486481
0.47163910
10.79190603
3.18046487
2.39436890
7.14062500
5.69685727
2.69226230
1.86816406
9.62756317
1.15425504
16.74540005
5.35718085
0.31652863
0.65527344
13.60538727
2.98038010
1.96928634
8.06250000
1.82917660
4.69618350
6.65680824
2.73869957
7.72823028
1.87821504
4.96093750
0.00791168
2.94726562
3.88288121
4.58586879
0.06228638
3.59525543
3.34595733
1.58487976
1.88769531
9.74564606
2.04178801
1.45038734
3.40829676
0.92333984
11.99515404
9.18473017
12.95040447
0.26859590
7.18929078
3.90279144
6.06404477
6.79097628
7.37154144
3.71242248
0.06593842
12.81843307
6.96717087
2.13867188
3.48632812
3.15820312
2.94510085
7.75972628
0.50611037
3.68662401
5.53407911
1.66947418
1.55423981
1.15838581
10.95386303
7.49340758
1.67651429
4.79296875
1.72896332
2.11132812
7.86344360
12.29866578
16.63493191
7.92186503
3.49846520
1.89790863
14.10847961
3.51066101
1.16068512
10.51192230
7.56697072
5.81490580
6.83670989
3.44258699
4.10058345
2.60298925
9.69237035
2.40276207
3.36145113
6.96093750
1.06896942
4.80647828
17.89501330
2.67440381
4.88370789
4.15234375
0.85400391
3.36478668
11.14979034
2.65115553
2.36198747
4.21919769
2.13627106
1.85432423
11.70757548
5.43407580
4.12931959
2.49564606
0.10040283
10.97477172
0.52860566
4.04642731
2.82063221
12.29533023
1.75557901
2.95800034
3.73926529
3.77571532
4.26139406
1.59472656
2.64078735
5.83013687
4.52516954
9.80200133
4.05703403
5.19670988
8.65714539
2.51127106
3.98872894
7.56986481
1.19673676
2.21289062
3.17085754
11.52393481
2.17033521
0.69335938
2.11334342
3.05547982
7.64017731
5.52563477
1.73486286
0.67427333
3.82759862
4.45658356
0.35538695
7.44364472
0.60058594
13.50365505
6.54366245
1.47469055
1.58466686
5.80591755
4.73828125
4.51423261
6.36316821
1.57377106
2.49609375
1.61328125
8.04341644
3.31986481
1.17069364
1.42964816
1.20703125
1.08789062
1.46386719
6.46875000
5.77298981
3.33097351
7.92187500
2.56640625
0.12705475
0.10559082
2.40474457
2.62845856
0.62642426
4.19531250
2.42578125
0.50878906
4.76908356
2.81697570
4.13806183
5.67386747
7.73847297
0.12281582
2.35766477
0.47338431
11.48527164
4.39534796
10.01562500
1.91210938
12.72566711
2.13118407
0.43367617
2.67382812
8.27343750
2.31503916
0.46964788
5.53515625
3.80015626
4.17249999
7.02343750
2.32421875
0.44458008
0.89794922
3.78564453
12.02689606
4.41451019
1.56347656
15.63850455
7.09354831
0.25769323
7.32063719
0.56119875
0.31323242
6.62420207
6.37128102
10.04431183
1.94042969
0.00273323
9.64062500
0.41787899
22.19156361
8.65173869
1.56490082
8.34977172
8.70491578
0.04136139
0.86365966
0.43481508
6.73437500
3.96484375
15.70210661
1.14359652
1.63450902
2.21778590
4.63671875
10.24564606
0.94527191
0.89697266
0.67647246
0.89335176
4.89843750
4.00000000
17.09375000
14.43724028
10.12440491
7.66540558
2.85518340
5.23527039
1.51501496
5.54687500
0.00885773
0.71728516
0.69152832
13.10937500
2.47851562
6.33947474
2.19958776
13.51977539
2.14442185
10.89893457
4.81640625
0.70023590
1.67195617
0.08136017
6.11328125
8.65254544
4.68632175
11.80981383
0.93432679
10.17443817
0.12817414
0.47558594
3.19359542
0.58773576
13.10591644
5.80513519
0.58886719
7.01680076
1.50761331
0.17822266
6.30952350
15.32861702
19.94486730
9.08593750
3.06551086
0.38077820
1.62890625
2.23242188
1.66416072
2.06581116
0.08447266
2.34573938
4.56577681
12.25490284
4.53450438
39.85103394
1.19372590
8.28125000
7.75044769
1.76337033
6.71223626
2.87028971
1.19380707
5.88167110
2.42692265
12.23913232
2.75651374
13.50630707
5.00781250
12.62695312
6.63671875
5.45395904
1.46447723
2.92809841
1.53816836
8.65275210
2.93513852
4.38126773
6.58247894
0.35913086
4.67565825
12.08015930
1.65230192
4.79411015
7.29386414
0.09826660
2.95328735
5.40804078
4.04292443
5.68754432
0.26196289
4.32816434
6.23457980
6.06250000
2.63085938
18.20778930
8.50632202
6.16048094
3.14135804
9.68750000
15.52334133
15.19299534
5.53125000
0.16890473
6.02396388
1.03572321
6.20898936
4.20837433
7.28861481
1.76118988
7.53637633
6.31909242
0.03552246
1.53954704
14.13151374
2.28214539
7.18599457
13.04341644
11.72947474
3.49318151
2.82031250
0.10635376
12.90625000
3.85546875
3.25190506
2.76766677
3.87740082
5.30078125
0.61279297
0.32739258
1.98375873
3.17200299
5.98142362
1.93701296
8.18827239
0.18965730
10.74169548
4.15283577
12.07377106
4.59464539
1.33886719
9.26704677
1.01225011
12.10931396
1.86840260
6.71048981
0.33203125
4.56294769
0.29724059
0.00726381
0.70556641
4.20256233
0.98535156
0.66014338
10.95170323
9.32120789
1.97521942
0.73950008
7.55192265
1.13175476
12.93750000
9.73701600
9.45926972
4.55814606
4.77734375
5.00256317
5.98921100
6.54728834
1.23677582
4.16955286
0.45447058
6.42968750
1.95878082
4.42488586
7.05993683
9.71785461
0.67618836
4.38411126
3.69401374
0.71728516
9.69612423
10.04215702
2.91076629
6.45402039
3.69152427
3.22298592
3.49023438
2.44884226
8.43885305
7.72611481
3.69669493
0.68803011
2.87748199
4.74129211
2.98331726
4.67789672
15.80558289
2.00675476
4.66868119
2.34925033
3.85441101
6.58203125
14.25781250
2.08593750
1.17671598
0.50350039
2.45835572
5.96643222
6.63492797
4.79475953
1.66369598
3.25675476
1.56978363
6.97265625
11.83373837
4.01883755
7.43408577
6.22265625
0.71728516
7.92456854
2.36382756
2.56083222
4.41406250
1.88679992
1.52042664
1.58593750
0.68652344
0.25000000
12.48679522
18.08349216
22.01851286
17.33508893
15.25345856
7.24641844
0.46057222
0.10251861
0.87349457
2.33112335
2.40659908
2.92408909
1.74255402
9.25000000
5.87064606
2.26729743
1.28890015
3.36088043
1.96093750
10.90852782
3.63197140
9.60539007
3.45552582
9.80814606
0.05049652
4.60355497
3.86656749
8.14031028
4.61800141
0.88618988
0.61584442
3.11072566
3.58931737
3.53320312
5.15947936
4.94665558
9.59044881
8.38867686
2.46875000
20.60278258
6.44323637
7.88501163
5.30122894
9.79943817
7.77555297
2.38159242
8.99039672
6.99963099
2.51432624
8.95979610
0.39278355
7.51594969
5.67186943
4.48112810
13.18391844
1.16125582
5.48286770
9.71708222
7.05120912
4.06127992
3.27148438
10.22330065
4.09058178
2.88879488
6.38627106
0.03102112
7.59798094
3.17049257
10.03906250
1.95800781
2.14239833
1.23915225
6.15413453
2.80859375
10.26985594
8.53393617
1.75536985
7.25801419
6.82291999
0.22192383
0.00498581
14.04853904
4.65975288
1.91186586
4.09375000
11.60937500
0.04082245
1.34765625
6.49173981
5.59431073
1.12594470
4.50948028
0.09517488
5.01171875
4.61254571
9.13407690
1.18457031
16.08068817
4.10982269
5.43103058
10.58593750
4.89403923
0.50781624
5.14257812
5.48437500
0.54252043
2.75899324
3.25931793
2.12154144
1.23437500
6.77555297
2.78649933
4.05513519
0.01519775
8.89843750
9.37845856
3.38069205
12.93126663
2.79981715
5.31205231
14.00976562
6.08593750
3.55529754
0.77962281
2.77929688
5.30126829
8.41752106
8.06787234
0.95992035
10.18314606
22.73579926
1.48392731
7.47656250
0.07338471
0.94730621
6.91015625
7.01171875
7.49955231
0.13319823
1.52303164
10.53125000
0.94238281
9.67048759
8.00049202
2.81009918
1.21032746
5.82714096
1.66699966
0.18334961
2.82661708
8.19612423
2.33520944
7.81640625
1.29048676
0.62255859
3.49023438
0.18588864
6.84611148
6.65669769
0.00747299
1.41113281
12.89232713
3.52954787
1.79882812
5.64274047
4.54247175
1.39893450
4.09554078
1.47546293
10.58337433
0.85815492
1.70507812
13.75788848
9.11751219
3.60709718
1.71769226
16.77795254
2.28015292
32.88446968
13.74443096
3.06759197
1.40232268
2.21836547
3.09716921
2.51517731
7.01997894
3.76517731
0.78613281
7.38199579
3.15918218
11.41406250
0.86503144
10.99697917
5.57365802
2.00765015
5.49674012
4.76953125
2.65234375
0.23071289
5.01912290
8.17814273
0.02820831
1.65902710
1.78648866
8.23103945
1.83984375
1.98722351
4.02734375
4.73437500
1.10742188
0.02604675
0.30814606
9.91406250
0.89172208
0.61999667
2.16601562
6.62109375
18.81945115
6.88253400
2.27857040
1.96353149
2.09973238
3.18074524
11.41810617
3.91091422
5.64145373
0.58468805
4.80000886
11.59720856
6.24315160
8.70727103
4.94349733
3.20369570
9.96695922
4.99330565
20.20487332
6.66129765
2.07515099
1.06478280
6.23774491
2.55522384
1.89626036
0.43841034
14.32423285
4.79264406
5.01953125
11.31144040
3.90950687
2.69189329
2.52054964
4.71529144
3.19877106
0.21077484
11.94531250
3.57812500
2.61079677
5.71297429
1.83052582
0.39725583
0.03023441
1.41263824
3.80938304
3.18032246
14.39260384
2.96460771
3.60905031
19.42178853
5.70150155
3.64660738
4.90926086
2.63130707
16.55337151
5.22293662
0.78732103
4.41662567
7.83957947
1.15332031
9.14152039
4.30305782
10.26497562
2.78499390
1.22387633
2.12528535
3.35937500
7.00435394
1.17053192
0.04699738
7.38671875
6.68102062
1.18616688
0.39515602
7.76652039
6.22265625
5.92834442
15.12243683
5.98392731
2.78897884
3.48223767
2.11177582
4.60591644
1.34570312
11.69877106
0.03046692
5.01953125
3.24608877
4.46171362
0.47338431
11.48527164
4.39534796
14.66573028
0.71268769
2.32812500
8.10156250
2.12237056
0.64022038
5.74654144
6.46821366
3.40959053
6.75260749
1.22603363
1.76074219
4.48193359
12.92533356
1.34224457
1.06347656
14.39428399
7.38948360
0.30998241
7.87841423
0.72412483
0.27783203
5.08352858
21.44425975
10.40572362
2.82946808
7.71484375
9.58247894
0.04410797
1.72043547
0.35302797
4.65535461
5.27823914
10.63627106
3.35831726
2.47070312
6.85937500
2.06445312
3.33939606
0.37084961
14.51537401
11.31425642
2.29581726
0.07135010
0.68277953
6.31819703
10.23046875
3.43554688
1.79199219
6.46875000
0.00873566
0.55761719
0.28342682
13.09810394
8.17195368
2.32804632
10.64951038
5.26562500
1.55273438
11.44486481
8.62785427
9.73181183
5.28861481
1.25187195
10.15356383
0.27905336
0.42382812
2.96817432
0.93079205
9.50781250
5.79296875
0.32393402
8.71048482
14.40316046
20.20959691
8.71093750
3.10998504
0.44982941
1.74414062
2.03710938
1.46512122
1.91322140
0.11236572
2.17711606
5.07859263
12.46153641
5.12308622
37.51257418
1.10140015
9.00256317
0.18737824
1.43164062
2.71679688
0.01131439
6.20857602
7.76204344
2.53750585
1.64461242
7.21325466
2.28975620
12.50015736
2.20821697
10.48632812
5.43660461
12.33337433
5.24865692
6.86422729
4.64196808
0.74759918
3.12845856
5.62121426
8.06380374
3.22570645
4.13037234
7.32210328
0.36059570
5.10969969
10.93668578
1.61743102
4.61218417
6.42321808
0.09832764
2.03397551
5.30391511
4.34309564
5.54166999
0.25952148
4.37699247
5.87276339
4.81551086
18.17902379
8.34803523
9.81673094
3.00313386
9.47041778
15.62082931
12.46911901
0.57368988
10.17626330
2.65535461
6.48210217
4.66284242
8.81595856
2.75044769
7.17354278
6.28348847
0.07007843
1.53970690
0.81531416
1.38521332
9.13671875
3.46260528
10.67777372
1.71871066
15.31994349
0.29114112
7.84842864
8.64754211
12.46875000
0.28995851
9.57275266
5.53316378
6.08682541
3.75309951
3.74263519
5.37154144
0.81201172
0.27494293
2.32022385
3.62163009
4.37296477
1.69649324
8.02420989
0.20341035
10.62540337
2.99809120
9.70825133
2.87422761
23.73779297
2.40054613
9.06685394
0.99609375
9.15869016
6.71268396
0.18091256
1.97993988
5.85551315
0.95503754
1.08866872
3.29390846
3.71390902
7.33203125
5.17744903
0.40112305
2.35055489
5.91841644
3.13700410
4.20703125
2.78275543
6.15742576
4.81958444
0.41703277
4.63704344
0.09777925
7.67578125
2.46923797
2.49458832
5.39888519
9.38627106
0.51802582
4.20136858
3.23267287
0.46997070
10.21544881
9.57031780
2.86629211
6.76383422
3.63773216
2.77315713
4.69531250
2.86465371
8.08997672
7.94576019
3.03897884
0.74963597
4.11079926
5.30379211
2.86372894
4.40535461
14.37011719
2.34899933
5.18205884
2.22946032
3.87740082
5.98872894
11.71439606
4.72701019
0.49780273
2.68022869
6.35761692
6.36930297
5.03694703
1.92443817
3.06925476
1.71431488
16.84680020
4.18757868
7.73417581
6.54252106
1.27246094
8.43585709
1.97483100
3.87483765
4.57767731
2.69291168
2.19380707
2.85937500
1.21333832
0.29935699
10.69834775
20.96807031
21.42643063
19.15507611
2.55904144
7.70479278
0.51835176
0.09722900
1.16601562
2.52507072
2.41998809
3.07618683
2.23962433
9.96093750
5.44832336
2.94924927
2.13521332
3.03755707
12.27933622
3.87834593
9.63305851
11.84558012
5.59732159
6.64934286
4.56563324
1.02290863
0.61234496
3.02339017
3.42842808
3.52689606
6.66377684
4.98405031
9.59813830
6.69087987
3.03174202
10.95377438
13.28568263
7.92460549
4.78080231
8.74129211
7.86104278
1.81030336
8.72477172
6.08158356
3.48360261
6.57262966
0.31119999
5.49299424
8.73253439
3.87826684
12.88525266
1.24365359
6.31282344
9.49141511
6.96174196
4.30647828
4.60591644
12.92158467
1.84993905
3.90881317
10.67635195
2.76005097
5.39798981
0.38102234
2.26707364
1.49338319
5.75256317
7.91841644
1.80509087
7.15217642
8.24854388
0.52486176
0.01099396
14.07913592
2.98901928
2.08081117
5.73347961
1.53584746
6.09072917
0.96229055
6.27734375
0.06193055
4.94531250
4.52798815
9.38802748
1.04634613
16.37320922
3.89107269
5.14933289
10.66060394
3.66283744
0.50513131
5.79492188
5.87845856
0.42528991
13.68147828
9.00870789
3.54186669
14.97168218
7.30382647
6.12163009
8.92097961
13.45267731
6.13627106
8.25858489
1.12894808
2.06880707
4.60156250
1.47086485
7.87813386
1.72885708
5.02502659
0.24108887
3.04349762
22.02235932
7.60156250
4.03125000
10.18314606
0.10581389
8.36295656
12.59273161
2.34672152
11.96520778
8.24145446
2.67029089
7.84330231
1.27929688
0.64986176
4.46875000
0.20385682
8.33874667
1.22851562
0.68053607
3.28333111
1.55566406
6.22867797
4.67109265
1.37277149
4.10636414
1.19278868
1.54549257
1.79882812
7.95312500
12.30305907
6.19063355
5.02514462
3.46445678
9.13228612
4.82031250
0.95019531
9.39371454
3.36124944
13.20747894
0.81437195
10.77770280
6.70789228
2.17171265
6.97588486
5.58593750
2.82857269
2.45312500
8.14151914
7.85603945
0.01605225
2.05456787
1.57766821
10.29264406
1.94584137
1.90661652
3.71048981
4.77779144
1.46679688
0.02221680
0.30419922
10.76127106
0.63456145
0.24165926
2.48828125
6.37500000
25.15555661
7.82259281
2.12714293
2.44367249
2.22489472
2.57767731
6.49344194
1.04704482
6.09855164
10.43314606
6.78892953
8.48941517
4.66179964
3.11596742
9.49820922
4.86062497
20.63789824
5.81575687
1.77335384
1.20011663
6.13048538
1.73129044
2.40413029
0.48529033
13.33582000
5.05391511
4.69877106
11.21667325
3.72981937
2.61767454
2.61429964
4.74654144
3.36673981
0.23921723
10.28125000
5.14115138
6.56543218
3.60201019
0.57584532
0.01936953
1.38671875
4.15801586
4.25051196
4.49576906
3.59480774
9.54597961
6.46964539
20.77681120
13.70870058
2.72823028
3.66153868
7.73014406
0.66133699
3.80948914
3.29056793
2.65474457
2.75487783
4.72070811
1.43880125
2.40006593
4.23002106
5.07857269
0.12854004
5.44954344
2.80355438
6.86288286
2.95898438
6.03560394
7.93660461
14.61027039
5.16361481
1.45723294
4.15275645
3.78348847
1.59187805
6.81294769
4.70747894
4.27237727
0.23669216
1.02067265
3.85937500
5.79732269
4.62186614
13.48289894
2.30795434
9.59467975
4.05420545
11.34810394
9.60156250
5.36372894
6.15266844
7.20217532
16.50453124
7.77313720
4.66045655
0.39601135
5.78080231
9.15665337
5.44926307
1.27539062
3.77286680
1.96854208
4.93486065
8.40535461
2.80904144
11.51562500
0.76717102
2.10636414
13.04460388
9.98608336
8.05045656
5.82633422
4.54854278
3.21813996
1.91141816
7.00646942
2.96618683
14.00031472
10.30872672
7.32812500
0.05120850
1.61132812
6.38496108
7.60168550
7.86894392
3.07751496
1.56355774
0.22110930
11.55561725
6.35242353
10.00614472
1.33256012
8.88716644
8.75768950
1.53731355
11.80155083
1.26807014
11.43660461
1.49140203
2.41745234
1.19921875
4.31290088
23.86799869
5.58285348
8.04158539
1.11608793
15.37512300
1.83007812
7.53617096
6.54381982
0.26432624
1.66691101
9.16625665
0.68725897
1.37109375
2.88232048
1.47217171
0.53369141
1.99121094
1.96634918
12.04597961
1.12124737
0.19015431
0.03131104
3.08676147
8.40970856
2.96484375
5.69185394
6.50736481
3.44576019
1.44824219
8.98827128
1.72657247
4.92716243
10.91609929
11.55033356
19.15884155
4.12890625
5.67142731
4.86372894
0.88627106
7.82076019
0.10424805
5.10457336
3.10441101
2.21004211
2.99491301
0.27404879
12.18314606
1.84389988
2.45981105
3.86372894
0.06946808
1.04732269
6.46785461
0.34785918
11.87011781
0.54349699
9.26139406
41.51749446
8.95772495
7.07165558
11.40655113
1.30163979
0.91800934
5.19701962
4.06319370
5.04829677
6.75203679
19.06054688
5.14664672
0.35896851
0.63899594
1.51700992
2.27193207
4.92533356
0.08203125
6.16710772
2.85091810
7.82377106
10.76012966
1.19339872
0.71684120
6.03157469
6.08561281
2.97460938
4.14754211
8.23527039
7.19058954
0.05526007
3.50153480
2.45940270
6.53035461
2.77193207
3.65815880
0.25688026
5.25699828
7.68827363
11.82344543
0.54459251
0.03284096
11.72440582
2.63334074
1.93326906
2.25154477
4.23449800
0.45072356
6.60648714
3.30957031
7.73201352
0.25818027
0.11191772
7.86808289
4.34855164
36.85148070
4.96744127
2.37614638
2.95072418
8.95735594
0.09550051
8.61885528
1.99780336
4.36673981
1.29552818
0.04675698
7.62019836
0.04986603
11.45703125
9.46439606
0.73140473
0.04332458
8.05904144
4.70747894
4.91796875
9.70568817
1.17240387
0.19075562
5.46781402
6.81250000
6.50781250
11.69966644
6.74173981
0.78609223
4.44820036
24.24186281
4.26696808
3.04931516
7.91149933
10.41393950
4.58964206
1.70357269
6.85111481
7.07153258
9.36206117
15.03906250
6.46830231
1.15669769
14.62186614
9.67041078
0.54488067
1.97684785
5.20011414
2.73757018
9.40489695
5.89865912
2.58203125
2.96634918
2.09419769
3.79492188
2.58100538
0.77889849
5.26146277
4.99801750
2.55843140
3.41495789
7.06058622
4.01770113
5.62243683
0.08473725
0.30249023
1.41690852
1.00549534
9.37935394
3.15234375
10.42578125
12.57031250
5.90287013
4.09712987
5.95983046
2.92855607
7.83382203
4.22566711
1.07360871
7.17382812
5.80859375
11.18621566
3.92617020
14.41227172
5.18119293
3.02612367
8.54687500
2.91992188
6.72265625
5.26517731
0.67134613
4.80904144
6.02343750
1.61132812
5.44486481
7.96170989
7.32735261
0.59375000
0.45479340
1.46093750
0.26289793
1.39180574
12.16060394
6.58984375
3.04402649
19.88091034
1.18855805
9.56070922
1.73474152
0.39705383
4.84509308
3.62019836
0.54484070
0.24182129
1.96773161
8.63293550
2.96724457
5.10982269
5.32421875
8.44531250
6.30106598
3.34179688
8.91011566
0.37182399
0.12247929
8.84375000
6.12428803
2.35742188
1.42622645
0.28471105
0.63525391
4.16361481
5.98091644
0.33959961
0.05120850
0.21443633
0.57596894
0.08959961
6.57718840
4.12679078
9.31774933
9.78549194
1.97265625
3.19335938
9.92187500
24.06147911
2.34920600
2.31730261
9.27701906
8.67443817
4.15625000
9.21183289
8.69185394
2.60306793
10.87935394
1.02343750
12.24369293
2.23838930
11.28700132
2.68599457
2.08593750
7.28548094
7.66133699
18.89516080
10.95849734
6.73828125
1.31905059
6.52522828
9.84810394
5.95613586
0.15812195
12.91752106
1.95125305
9.63003768
8.92464982
14.33850067
0.59204164
11.06595856
1.61425781
7.10457336
12.19335875
3.15246675
5.73327543
2.44543550
3.65429688
0.81693512
0.34444184
0.08410645
0.33426910
5.85591644
0.03776031
0.01810211
1.81445312
1.22521942
4.36071808
5.31721984
4.77433289
14.07377106
3.83833832
3.82031250
2.22416168
12.33247894
0.00745010
1.83451324
1.20943207
10.59667969
6.28861481
0.74410004
0.23474121
8.28023161
1.87707613
2.69230164
6.94921875
3.14750152
9.96952239
3.73600343
2.92187500
12.55334442
6.24507536
4.47367464
8.98962433
5.05078125
4.27722075
9.13281250
0.25988863
4.89590869
10.01192044
3.52820478
10.49666445
11.64062500
15.49503996
6.82187693
1.34456328
3.16479554
3.97041778
7.66585328
0.21081543
4.55814606
0.52188961
3.89375886
0.77933871
0.30786133
1.89257812
5.85412567
1.26704926
0.40494812
0.25048828
5.21093750
0.14818236
8.92891511
2.79146332
11.16048094
35.99874130
6.27310627
7.26824246
5.27644836
1.66682984
7.98616578
11.62935394
0.17211914
3.20072418
3.89693207
10.25345856
1.34321366
6.14160904
9.81689453
1.88545684
5.63895722
3.05468750
0.04220581
1.33601867
4.29931516
3.92293274
4.22981937
11.73693817
8.66210813
3.05749667
7.13448028
4.72054078
1.12870207
9.33496156
5.57014984
7.18404144
9.74564606
12.01216644
0.59912109
2.73018340
5.30399629
12.97656250
0.32958984
0.61971008
0.00847901
13.04296875
5.94921875
8.37064606
0.58821282
4.87760749
3.72701019
6.05078125
0.46341949
2.63118407
12.49922761
12.23673523
4.67968750
0.08957916
0.14558930
0.81103516
11.22220856
1.65091949
1.68477387
2.11558968
1.87753379
13.22220856
0.13484711
4.51953125
6.36673981
0.63899750
12.95312500
0.12744141
1.88545684
4.95145722
1.34647551
3.82885804
1.57466644
19.58321625
3.75826019
2.93513509
0.62944010
2.26757812
5.83984375
5.65885375
8.40805998
6.86820589
6.21093750
3.58789062
9.66951477
6.63769282
8.86682347
4.74442597
10.89408356
0.92968750
3.78519559
12.45361453
2.09464539
9.97656250
0.97330688
2.86071808
3.97310394
6.63671875
14.27982574
5.00540670
0.06006358
5.98127798
2.50513131
3.76696808
1.69921875
0.40087891
0.03566498
4.55814606
4.61763519
9.04252106
0.24702973
5.31595856
1.97894961
4.15150265
5.14351286
1.01115054
3.68325411
3.72885527
2.92728668
2.20336603
6.92383124
0.42793793
0.39308592
11.19608489
2.86893396
8.27315713
2.12589539
4.58593750
3.51562500
6.21529144
15.47656250
1.27689606
0.32324219
0.00656647
4.11283356
14.19368407
5.46797761
9.43058289
12.49898161
1.61641511
7.45446808
6.14408356
2.43794769
12.65625000
0.33496094
1.29154200
4.48763187
6.01802582
15.92110261
18.38741059
6.94921875
2.50390625
0.02370209
4.73143784
13.54151138
1.33906140
5.49793384
3.95011414
2.03125000
8.64843750
9.71439606
0.94331879
0.20800781
5.95703125
6.89798981
1.73872894
15.30468750
0.38679992
1.10441101
16.36432403
10.17717863
0.72216921
15.47904449
5.62715668
1.74804688
5.23392731
14.93225067
1.35921265
0.73876953
0.24536133
9.64062500
2.21679688
8.70312500
1.31176696
0.04711976
9.83414672
2.69624848
2.71423371
1.96146637
10.76637787
0.26786285
20.14888519
7.17822141
6.52738558
4.57698360
1.91760472
6.16092864
3.36718750
0.76094636
3.51953125
0.10046387
4.57421875
0.99267578
13.54947252
4.97742353
12.57812500
7.37845856
8.38159180
6.47355164
3.67716368
4.27791445
1.11478668
0.89868102
11.51973294
1.64258062
0.74617492
1.61861176
8.15535461
0.66149933
0.37866211
2.74369293
14.53930477
0.23669216
1.02067265
3.85937500
5.79732269
4.62186614
0.13293519
2.40429688
7.65165005
0.52457890
6.69531250
8.76037567
8.34118683
1.78125000
1.91568844
2.71181794
9.09612643
6.93911348
4.51401152
0.31500488
6.89062500
4.33638519
5.44531250
12.07031250
2.83373587
5.74097116
9.23783356
2.42232269
4.13671875
1.91219055
1.33256012
2.98962433
0.52693602
1.50899324
9.30033356
3.00284851
11.44587323
2.02047595
9.75870540
6.89612034
9.26216644
4.16451019
2.17533356
0.13118469
15.92968750
1.63806183
0.63183594
1.76098571
2.00073304
0.50231902
1.21085633
12.89680564
1.34790475
13.33068817
1.48354957
2.94210992
1.66699219
3.74572224
6.93644725
0.48116059
0.40429688
1.73311309
0.60970094
0.15301483
5.10290558
12.03917832
8.10973405
0.11149795
2.00826019
9.19494349
0.50036901
3.35351562
0.24088531
0.15096039
4.47656250
1.76855469
12.01472961
1.17398144
0.23108876
0.04843140
0.92245961
3.39543162
3.56250000
10.60245789
8.88392597
0.58007563
0.02852636
0.33203125
0.13727720
1.75838320
1.72070312
6.71875000
4.52054840
0.65625000
5.74938498
0.32137522
5.97163412
11.34827127
12.67968750
18.59586713
3.42220966
11.24385528
1.69327571
4.63228612
5.36027039
2.10742188
1.05440090
0.30196261
2.02132203
0.35424805
0.25097656
3.85937500
4.47688719
5.57735261
37.80545989
9.24487367
7.84029144
10.46654619
1.26400404
2.19140625
4.03763575
4.46431737
7.23994903
8.14676972
19.35990387
4.99340758
0.31905183
0.71044610
2.50561835
2.00976562
6.50390625
0.10644531
6.23896499
4.15947251
7.77644836
11.77587766
1.06363766
0.56372382
3.01187985
5.63171542
3.60396332
4.45133422
7.81038453
7.67988919
0.06083347
3.92934786
3.10385527
6.73392731
2.90865082
8.44547485
7.03572633
15.14522277
0.41532130
0.05045843
13.98950195
3.03320188
1.92769503
2.09407469
1.41434785
0.22627746
6.48270722
2.83447266
7.51338653
0.35843965
0.17443817
8.07902039
4.38326019
10.77689606
2.25719498
1.92391677
2.23242188
9.43033688
0.13708652
6.48286957
6.86238586
1.19050837
0.02868933
6.98758755
0.09635624
12.43705231
9.28560394
0.84521484
0.06177765
9.07031250
3.26802582
3.89062500
9.72477172
1.25211547
0.32438234
1.41544430
11.90368683
6.64856050
0.92614777
4.64497894
3.55468604
8.20895500
0.60245789
1.61861176
2.60742188
3.17923981
3.05158301
0.60564356
6.12693817
2.21982269
3.97115082
3.18448914
9.78023161
2.94319703
4.28438386
0.07989502
0.10485840
0.89444883
0.70373629
9.60591644
1.71191406
3.07714595
9.25639073
2.29536957
7.37845856
4.80008755
4.48551640
5.17780807
2.16459884
7.68058289
4.00414728
1.12715979
9.12845856
6.08638519
10.45389739
1.46077515
11.16060394
1.40421446
2.73388796
9.98783356
2.72505707
6.28861481
2.44291168
0.48966492
2.46048981
5.62935394
2.01953125
4.23437500
7.58581450
8.15637300
0.66308594
0.42553711
1.20312500
0.41251586
1.43546570
11.26997894
6.49609375
3.14326934
20.10640504
1.34940613
8.45568817
2.04777039
0.40657531
4.40368683
3.15686004
0.68835480
0.12347412
2.47884032
8.79520722
2.59269226
5.00826019
5.65625000
8.91015625
6.44787598
2.23242188
8.86914062
0.38272884
0.11926488
8.64843750
5.85207123
2.60937500
1.10737880
0.29545323
0.60742188
3.52734375
5.96093750
0.30493164
0.03677368
0.21988860
0.55586824
0.07037354
6.84968930
4.34566378
1.98535156
3.25435394
2.62109375
10.60156250
21.56017911
2.32853335
3.95150717
8.09476839
9.51037567
4.91105164
12.67187500
3.24414062
11.00435394
0.97904449
20.64884977
3.77737918
1.62397288
6.84017841
22.63063194
10.55005319
7.10111481
1.19295102
5.11173648
10.13716644
5.16361481
0.12141937
10.66406250
1.92736785
1.14676723
0.44295476
4.76171875
5.26977539
5.23002106
12.93640043
3.55676363
2.50122008
3.16674867
5.74393707
4.23136414
12.81250000
3.80078125
3.95703125
2.50585938
10.38281250
0.01641846
5.32722961
1.03507508
7.90580231
5.10839844
2.84720856
0.57316101
0.10955811
6.38659575
1.42252687
3.32857269
5.13671875
3.56359832
4.68884308
0.12522369
1.96529144
0.36669922
0.04071045
8.51285766
3.07796265
5.74385528
7.76005097
0.12316895
3.34134918
0.35213133
3.14481660
0.48518922
0.16894531
1.72558594
6.58113586
2.13671875
0.43033875
0.64697266
4.11283356
0.16518096
10.89331117
1.73046875
11.41227172
35.68979546
4.37893500
5.72686280
9.17097961
7.98706117
0.62361633
0.92256372
2.45499944
3.45491578
5.01607269
10.57812500
1.00312608
8.11397994
9.76851410
2.32002715
4.64632203
3.46529144
0.05304962
2.00826019
4.16817044
1.29374363
11.40132536
6.11893645
3.58227726
7.04597961
1.71573914
0.17236328
0.34163297
4.62166445
0.54650848
2.35095246
8.13716644
3.11328125
1.17240387
1.48775238
8.26383422
3.90775543
0.78885957
0.23474121
6.19173094
5.72623781
3.67923981
7.61372894
0.61826101
10.28967752
1.74263519
3.60741689
2.41206256
15.99712211
0.32568359
0.35355559
0.03243074
11.92606535
12.77958222
12.65230316
5.42232269
0.08481842
0.11006684
0.76517731
11.38972961
1.55070008
1.63505035
2.64654935
2.83334995
12.80033356
0.17842621
4.15234375
6.54687500
0.99039703
13.75435394
0.20556641
2.56070922
5.02478058
1.38981078
3.11702515
1.66353363
17.69654327
3.94185394
2.31912958
0.40364874
2.14062500
6.06250000
5.63891539
6.92814636
6.86596742
5.57031250
4.05078125
10.14811188
6.69897274
4.06966312
6.31294769
3.23722351
6.73828125
13.38041168
5.12682514
0.03524365
6.36453818
2.68241799
6.81294769
1.70943207
0.16569000
0.05965180
4.48303192
6.25134308
9.23693817
0.40466340
6.89843750
1.20828382
3.97030474
3.40173371
2.98649047
0.34236695
6.22068817
3.68165558
2.31400543
2.16275876
6.09008914
0.45438691
0.44480315
12.40612700
3.22932735
8.58207557
2.93404144
3.97220856
3.64888519
6.13671875
10.85156250
0.04864502
3.10502106
12.76586852
6.63114472
3.83292664
8.37064606
7.34810394
0.18050109
2.84073914
9.25000000
0.23563629
1.02136137
5.89453125
4.29581726
15.86206117
18.51017273
7.29296875
2.42578125
0.04981476
5.38521332
1.80837960
2.20073415
2.63053468
7.64843750
8.04252106
1.10005707
0.56640625
6.53906250
0.71350067
1.72745789
10.18135528
1.27710023
9.22159353
6.35653147
21.27937805
8.65669769
3.25736481
2.39062500
2.70161957
4.40234375
11.44877106
8.97745789
11.10502106
5.96919769
4.59765625
10.72566711
6.41121399
3.06384308
1.97460938
9.35844421
11.26908356
2.06396484
3.56913176
1.59777925
4.69095856
1.72725371
0.93042054
5.34765625
1.82031250
16.08124890
3.27242907
4.15100067
2.83733186
4.10502106
2.17008422
11.51472961
2.65502992
1.36283356
1.32609070
1.75150543
0.04494232
7.21875000
2.98197418
13.77131954
0.05635528
0.18477418
7.51338653
5.98962433
6.41747673
2.86902260
18.54475784
1.37357574
11.35502106
2.85050476
2.13387024
2.60396332
8.94531250
4.16734376
2.64169769
1.55664062
13.52343750
0.58178649
7.16406250
8.76049867
3.40734708
11.22671986
4.91236037
2.41255707
11.84977172
1.95393922
0.93066406
7.24609375
3.87109375
1.83776855
7.88842773
7.02555297
16.07360871
8.11372894
5.56250000
4.11930297
0.63167359
0.79740387
3.84826629
2.58577515
1.29810643
2.02539062
3.65555630
0.42501011
10.68737700
0.56591890
11.46439606
2.18750000
11.52677305
0.40385043
12.23783356
2.63130707
4.26171875
1.25430464
2.39999224
9.09720856
2.60396332
1.65136719
4.00390625
4.46875000
2.77469692
0.64327183
6.38671875
2.18443858
6.01798648
3.03251939
7.77823914
7.41707336
1.96329773
20.65782913
2.38477061
12.34411901
15.49609375
4.94322142
17.56722296
4.47528813
6.04161125
1.21777344
0.95312500
3.34765625
7.46777344
4.33227539
12.01695812
9.64620899
8.16202571
7.33105718
2.57812500
3.73990096
2.95309064
14.13024933
3.38623171
14.55078125
1.79785156
0.77636719
7.59814453
2.56205231
1.33691406
4.17879211
7.69173094
5.73303316
5.09464539
5.90490692
1.99698914
11.46695922
9.47001191
2.44531250
4.63671875
13.00594055
1.52689606
1.22888215
3.75390625
21.59570312
3.73437500
4.72729492
7.44921875
3.71875000
0.14969879
6.21289062
5.53417969
1.44868988
1.77355957
14.36873227
12.06750333
4.73954565
5.63671875
1.20507812
0.07084137
1.87837738
7.61828458
3.02014129
8.00024601
2.46093750
1.20703125
3.14949524
4.32710661
5.73014406
0.51053926
4.91145252
3.75944592
11.15970856
7.27677305
4.00838320
0.75223536
6.87703679
3.69319703
12.59542389
4.78463984
1.57686558
22.88280262
3.45630871
2.51724414
6.72909131
4.07857269
5.33805297
5.06184937
2.84614584
5.32137522
1.00240082
5.10502106
5.57987146
0.17448249
1.92578125
4.76171875
2.26322418
0.21093750
2.19966644
6.04015054
3.25570700
5.55122894
6.43911847
41.72844193
10.86177707
6.73604278
9.28792110
4.30896276
8.82812500
34.81766567
2.21720523
4.77176972
0.83837891
0.83211242
7.43404144
2.57544141
0.62461657
2.31685394
1.88110289
8.70153840
4.95837433
2.84134918
0.17895508
1.54243988
9.41453033
5.89562833
0.79378421
2.18945312
10.71544881
2.65955119
5.90625000
14.11502241
6.75021165
6.36181516
5.45788730
2.80468750
5.57421875
3.56986481
0.10449219
10.77022261
3.94156860
1.67614777
2.90686004
2.15999390
3.00724180
5.38667692
7.42144993
9.40039062
1.40580231
6.00244016
1.12451296
9.24218750
0.22945160
2.35937500
8.88627106
7.04341644
0.01491791
16.49556488
4.41406250
1.20536223
4.13461885
12.94046654
7.01214730
5.93359375
14.94531250
6.29618130
5.26542331
20.63403258
0.71801696
1.45841617
12.80175532
1.24662511
9.44531250
10.29687500
1.98535156
1.04536957
10.06591797
3.68095571
2.55493849
0.24145508
5.91303160
5.52132203
10.47310394
0.42171265
0.52246094
2.03547845
3.86544104
3.48286957
2.27884918
2.31822391
9.45228390
2.66060394
3.32167541
3.81298704
5.32169742
5.44486481
10.49910461
25.00781250
4.99292023
1.97851562
7.41796875
0.94482422
22.28747341
6.13806183
3.55411182
5.57013731
2.54638796
10.08699025
1.49264018
6.09375000
1.44412553
0.19792373
2.06445312
3.19335938
1.67565825
3.89453125
2.20991911
3.34444370
10.84362700
4.14017731
5.35213320
1.15962738
4.99173981
12.47415670
2.69035350
6.05078125
3.61433899
4.83426848
15.71909670
1.77681488
7.48392731
6.51033134
8.67236702
6.60290558
3.53315880
2.09965370
7.99218750
1.07963043
0.65238434
0.44453949
2.72672485
10.84330293
7.06143728
6.25496897
12.29906417
5.52368974
6.02343750
1.13574219
5.35803192
4.80300477
4.98845855
5.17622894
4.35937500
2.80318207
6.65132536
0.07120882
11.65625000
5.86651818
7.64129432
4.42789610
1.40002535
4.55513519
4.50390625
0.63630728
1.20719858
0.44262695
2.78077344
6.86884531
5.53236701
12.35502106
5.96061281
2.89168274
7.10343445
3.19531250
6.74188720
7.83969636
4.52148438
8.48347961
14.03286348
3.94759655
4.96037677
12.53185724
4.72046210
12.67548978
9.90637300
8.34297761
1.40730774
9.94457447
1.48014904
2.16601562
0.06811523
5.06909055
4.69018617
5.59208222
1.69185394
8.63236481
3.09375000
4.73120117
2.91841644
8.39408356
11.43584664
0.39077293
0.64518188
3.01696808
2.75781250
11.44921875
2.19530502
3.22831892
12.54687500
1.71744875
19.98632812
10.17533356
0.82466644
2.70930907
4.12032136
1.14595551
10.31546097
1.11834884
12.16296987
7.48624001
14.57054854
2.04497118
10.36104278
1.19010500
9.08658657
7.63305851
6.72265625
9.84285461
5.00870789
9.51562500
1.63867188
3.73242188
5.73368223
7.94620789
8.05826906
4.04732269
0.32519531
2.70994275
1.80163730
3.51960993
8.90226507
2.11523438
2.24654144
5.81762695
8.90189606
7.69921875
2.58638519
0.21203613
4.26134885
10.10937500
4.57434175
6.66425484
3.46062278
6.76395722
10.69006317
11.39640071
5.67090093
9.06237700
9.92199800
9.61104278
0.18680879
9.09810394
1.66357297
2.01709109
9.50484036
4.42545656
2.16129267
3.61311890
17.55684729
8.52164672
4.54866578
5.51652039
19.54961120
5.03169769
9.88050976
5.92071918
12.44441711
3.13634974
1.19755347
2.58076685
3.61816655
15.63895722
15.41560727
14.66153369
0.09135666
3.72737423
8.31966312
13.28421654
5.80786569
6.01338653
15.07103079
6.33492907
2.04927582
2.66612118
3.38836214
3.80151429
2.84224457
7.45430076
1.92525487
4.83829898
4.03214539
3.34183622
6.28316378
11.11840758
3.67081726
7.68536459
1.85849955
5.20121122
2.89343417
5.48046875
0.16850675
8.67874965
6.63883422
4.70438940
6.43538453
0.28047699
6.45703125
3.06411847
4.64877216
13.75145612
3.33793993
1.45283965
3.86942597
7.30033356
3.52823914
1.41548551
4.29015958
3.15332280
13.52779144
1.50728363
1.09871399
0.23225922
11.75272053
0.98343778
7.27263076
9.09887633
15.36372894
1.28198304
5.41479056
3.42851174
18.80765404
4.45695257
6.94197695
8.42968750
0.65999266
5.34777925
1.19380707
1.01379239
5.63562167
10.84436004
6.54777039
0.81644684
6.12681580
5.22701019
1.04329344
3.85559175
4.60066711
6.26077405
6.13615802
12.24953237
8.03371010
10.50191378
6.90234375
7.54687500
0.37007660
5.51908356
1.90039062
10.79036126
5.17704565
1.05017121
8.47220856
0.44954406
9.94429411
2.06530917
6.30078125
2.06400169
7.74238919
8.76982158
13.84403037
7.51969858
10.75972286
5.77311406
4.48982602
8.79353945
6.57153258
25.20955009
13.22359596
11.65458222
5.34014737
5.22591312
17.53641069
5.68791334
5.65185173
3.38208444
4.47790558
9.53637633
1.59102449
4.54252106
10.60224624
1.41683732
11.78706007
2.75635638
4.16828846
7.32629986
2.53816711
8.74654144
2.44486481
8.36977754
2.49366356
6.21610815
17.27229735
6.88444093
6.27990723
1.88606688
3.80663066
1.96143450
8.03239140
3.13521332
5.70735594
1.64127687
3.46093750
5.79252106
0.17057250
6.74007203
1.59948637
5.87943263
4.10115913
1.95161957
1.23982602
1.66642398
0.09623199
0.23494477
2.48750637
0.04508422
2.06188996
4.10713653
5.14632203
7.45409907
4.63021093
4.96919769
3.49023438
1.93334961
1.44291168
10.66316711
2.14107269
5.37756317
1.03544160
0.93701172
6.53189938
9.62601839
10.99833222
6.57039118
13.31461547
5.87191046
3.00675476
10.71606383
2.48315492
1.01074219
7.71048981
3.58052582
1.88952637
11.12772613
7.25903258
15.01436060
6.73486702
8.71516844
0.73526914
8.24580342
15.21448470
2.21769226
12.76127106
3.87740082
3.76757812
1.29699053
1.98132978
8.43314606
3.43404144
1.41210938
5.06205231
3.92834442
0.12984254
5.41796875
2.52745803
4.83647384
2.48722351
7.02823914
7.47131317
3.46324967
10.36381759
3.95222992
3.83767897
18.47242021
0.03694672
0.77669063
7.35962101
6.49654144
12.51855469
6.53999848
15.75796986
12.67863475
4.52779144
3.57918274
4.00670795
6.97740277
0.54744258
3.77888852
8.83118018
5.67622894
5.65970856
1.97257508
9.58850067
9.68200715
3.31054688
6.34720856
7.37227356
1.67525238
0.97847504
4.43359375
19.78169769
4.40189606
12.61372894
8.03906250
4.68705231
0.15681977
7.66459137
5.54536957
2.65970856
16.33894836
8.34899933
6.78906250
1.04740387
4.87097075
5.80045656
4.77823914
10.53666168
8.10323028
8.34195922
3.34236757
6.35066711
6.14338985
1.25647191
5.71875000
5.90234375
9.58491911
7.53832447
4.04517287
9.44877106
5.33850067
4.14587433
0.37170317
7.76094636
3.12829621
14.12742926
3.30136192
1.37459414
0.59814453
9.48773576
2.99141067
2.49728658
6.43945811
4.30859375
4.52209442
4.32751496
2.42325743
5.79353945
0.67480469
6.48681516
0.38773714
1.96777344
4.94576019
1.42338043
1.29101562
2.00630707
5.71202710
3.19084552
5.37154144
5.38207322
40.61613475
11.02730441
4.78009246
1.75150543
4.51920656
4.67578125
26.48579614
3.62056737
5.86734985
7.02771027
4.01395722
5.02689606
3.06835938
4.11372894
14.47176024
3.17195368
1.74764350
2.14213043
9.02163675
2.66240469
7.73783356
14.97864942
4.37220079
3.04585661
3.43550753
8.75077239
0.99096742
3.63521332
0.98189301
7.53470856
3.70524047
1.06473847
3.36914062
0.48217773
0.43949309
4.91438719
7.20495761
15.59765625
0.96390777
3.41153868
0.53479097
12.67187500
0.19193543
3.75976562
8.30468750
7.38671875
0.00555420
15.79886871
3.38716644
0.90364376
3.87408146
13.95442376
4.86979499
14.57198028
1.29821808
13.01997894
2.60396332
6.01953125
6.61673981
0.05928559
0.27197266
0.18239256
2.59794160
3.14196808
4.05468750
2.93948748
8.47703458
10.96734817
2.96769226
3.66245514
6.53021291
4.47808787
6.01472961
11.20165891
25.64164339
4.69067414
0.87650543
8.65279144
0.54736328
16.26061669
5.66796875
3.47765958
5.41415561
3.95662788
9.16511525
1.18795268
6.85937500
2.54292193
0.18262342
2.61718750
4.54687500
1.73380430
4.10245789
1.19209746
3.19722628
10.48950133
5.21394836
3.62422761
1.03027344
3.76171875
14.03125000
0.46557617
5.03125000
1.64107269
2.77001829
15.18554812
1.73828125
7.53470856
6.77453458
11.23014406
5.96061281
3.48559010
2.15698803
7.29687500
1.02734375
0.65142791
0.70153840
1.95206602
13.16369722
10.09634752
3.99003767
16.06472851
4.29798204
11.15893617
5.70056183
1.68652344
4.69877106
8.03595364
6.70790225
7.17252438
8.96464206
2.17968750
7.72253325
0.08825777
11.93750000
5.94232104
6.74322583
4.89733606
3.03239140
1.97338929
4.13326019
4.39453125
0.35703210
2.76147772
0.49263519
3.80524190
5.03986924
5.11308953
12.57108489
5.32869570
3.00585938
7.93554688
2.71138519
7.02806184
7.09994902
4.66300476
7.56852172
11.31334110
2.55970204
4.62728280
13.16783474
5.09745456
13.60865690
9.38985261
7.80904144
2.43090758
7.73941268
1.64848681
1.85937500
0.09466553
6.94010251
5.60241855
6.99218750
12.15881317
4.68493683
9.79687500
1.57324219
4.21639008
6.99047665
6.71195589
7.78214539
5.27958222
0.89257812
4.40676693
1.42114445
6.48746454
8.78597296
2.19726562
2.00585938
5.84379059
14.49336326
5.00317819
0.52441406
3.78506916
7.06535350
1.78747590
5.98473093
1.63343251
5.60860261
10.34285461
12.58235594
11.19197695
11.28922422
5.45145722
1.55704400
3.42004488
16.78686835
8.54073028
5.55248338
4.29684064
23.53102382
13.27995124
6.90968114
5.77969081
13.28035461
3.56766567
1.79024324
0.46354187
13.16943484
15.45959442
10.62528037
0.11047831
2.92533356
4.99218750
13.91695036
6.71480441
6.36238586
8.20083223
4.12761746
4.66268007
2.57031250
8.28543662
1.65991522
3.64404421
3.88521332
4.46638852
6.61564273
10.12410461
3.34541778
9.15757315
1.43105052
5.37117243
3.36515569
6.68404144
0.17348112
8.58414547
6.70536347
4.27803745
6.90323914
0.24971527
5.12064606
3.35680187
11.05848071
16.49564606
1.65840730
2.27343750
2.32226562
7.28397551
8.38639406
0.85453122
4.56449247
3.59021276
5.90490692
4.87333222
6.35066711
0.17806000
11.17305076
1.03897759
11.56604720
5.16975953
1.68351258
15.15958555
1.62015902
5.70987478
6.63211880
2.82658521
4.84509308
8.72477172
4.72835328
3.24804688
4.93827239
9.88553801
7.43896609
8.88716644
0.66398008
5.01664339
1.01171875
1.11075743
6.38338320
11.67533356
5.64062500
0.76879883
7.56382995
5.45747894
1.06730039
3.50883089
4.23347961
4.57108489
7.44949912
5.95642619
12.66697225
8.45558510
10.78662234
6.24263519
7.32031250
0.35253906
5.38627106
1.88085938
9.95967310
5.35193151
1.00870789
7.99173981
0.39949524
10.28189938
2.08903202
6.47656250
1.74531731
4.09435506
7.90043993
4.02408190
7.45833998
15.17919735
4.40869328
4.22253325
9.18672761
6.27990692
25.12348959
14.22717752
12.10262024
5.71422271
5.53438386
17.46801197
5.84269725
5.86669548
3.30155862
4.97489472
8.42175200
3.10799257
11.11351786
4.02299977
1.82779533
6.60038674
3.85953735
9.03304078
3.32242797
7.68455536
2.50457058
5.75895390
17.53006926
6.16471437
7.58386230
1.77901153
3.09020280
1.92949080
7.99576906
3.59570312
4.73213653
1.47338929
3.65429688
5.99564606
0.17728637
7.01696808
1.58056516
7.17317376
3.18616190
2.19576019
0.06748443
0.30074066
2.44925809
14.73913232
16.60729513
4.71761857
10.99731383
13.12076906
2.33939606
11.19053525
4.49741245
1.59765625
16.87845856
4.90279144
9.71146388
3.06002050
7.05468750
0.59765625
0.37231445
10.86014739
4.65460661
10.62106936
6.82511414
15.93916778
2.68599457
5.95178192
7.14375886
12.72477172
11.15933954
4.79122229
6.76931960
4.69687736
2.15039062
3.49173981
8.03458555
5.62211214
18.91876000
3.65065711
1.22180020
6.58919437
0.81982422
6.83027732
11.56120124
7.77018063
3.82804632
8.95658356
0.09554047
4.86718750
2.69433594
13.13972961
1.95943207
4.43794769
10.72643950
10.38806183
3.99096742
0.43627930
6.76127106
0.41365444
11.86808289
12.29341644
3.73958001
2.96460272
6.41752106
4.22399933
6.24266955
16.28397053
3.06710992
11.61962766
1.65518043
2.27922816
4.79732269
8.37500000
8.68314606
13.52600067
9.34208222
5.92476286
4.11385195
15.25858489
3.76830619
6.74504100
5.94985816
5.26453789
7.25122008
3.01786347
3.32857269
8.31250000
12.21875000
6.84029144
2.12080840
0.22416230
0.33430201
1.07947058
1.55371094
2.45312500
8.19787567
14.68391844
4.00590121
9.60835661
5.86189384
0.09277842
9.40958555
6.98343342
8.88892287
6.93359375
3.23783356
3.72749723
8.73193484
9.12410461
0.64835633
6.91996246
2.65083832
11.72566711
1.53995789
6.27107602
12.57466644
3.31441378
2.55619293
15.99100178
8.62138408
2.56384308
2.75150543
3.79536957
0.27539062
6.54296875
18.16332946
3.35660517
0.19926183
0.96248476
1.81783051
3.14453125
5.72220856
6.47960772
5.42708998
7.00390625
3.92423150
3.57291999
13.19877106
10.96606383
8.51831117
1.62748199
4.49206574
1.81294769
13.68212766
2.20731660
3.69156860
4.25101839
12.42235705
46.98633311
4.54655031
2.27522828
10.53023161
8.80859375
5.46195589
19.57006524
2.60087378
11.65791778
8.30993683
29.35709220
6.00362588
2.25195312
12.09016844
1.93672761
1.12251801
5.26541335
3.57007646
2.48543274
7.47790558
4.24604141
9.43058289
0.20837402
4.00781250
4.69563719
1.44750665
9.25814186
5.36673981
10.84464539
2.15693872
4.59066046
4.53906250
3.36718750
6.16772274
4.13606937
2.26892121
6.55859375
1.62695312
8.03710439
3.79102061
0.36694336
0.90669676
12.58512941
14.21215010
15.54768507
4.34354831
22.38281250
0.70454926
1.91320645
3.57072085
7.59810394
8.85937500
5.33113586
2.29072778
15.38843085
11.58593750
6.18359375
7.40018396
8.94401374
7.04266845
2.94068816
4.28995789
5.69018617
5.31294769
3.58902704
7.83374335
7.60769726
5.36349290
2.59108697
1.09108377
4.24475067
14.83453015
6.88601063
8.24218750
0.15287231
2.29296875
3.56144226
13.25547303
2.36132812
11.09541778
2.35335328
6.74450466
0.14168523
4.96830231
3.99084442
0.08532746
13.00463431
7.35746101
2.32629488
8.10156250
1.26269531
16.52615803
3.57406139
13.94205563
9.28149601
15.42700133
2.51005097
1.40083832
6.25679411
11.32979278
2.60567044
6.00691711
4.75594304
3.15665835
10.56250000
3.45703125
7.18029256
3.31144725
3.61193817
3.75056603
5.24947362
3.70967372
6.97526374
11.57417443
5.54077460
8.66922319
6.82308732
1.82047485
13.90804078
9.68635860
2.50744847
14.75168219
9.82517840
19.22896581
1.43884308
1.25728363
5.16210439
4.66211436
10.88972961
1.19283051
13.77168108
8.91313275
5.01428192
0.95227144
6.65669769
6.35111481
1.78222656
5.92476286
4.74124779
7.69592752
2.27132203
3.31957946
2.36010804
5.22086547
1.38175476
1.52628601
8.63627106
6.68404144
9.69193512
5.28727172
3.97086547
1.33899019
11.85973903
17.77457890
4.09810394
3.16406250
7.82720967
2.96315159
4.99507536
4.68331338
2.62320922
1.65413453
9.72542110
10.44555851
3.29271210
6.42578125
11.76729278
8.38460328
0.08693389
19.25614472
5.12544769
8.65779477
0.78312320
5.83524380
3.39327183
7.93660461
5.12109375
8.56250000
4.70402039
3.18750000
0.23364258
5.46381539
2.84778922
4.26216644
6.12064606
4.28995789
6.42512938
16.10921265
16.35758422
2.52311281
0.02078491
6.63332723
15.83757092
2.89904754
9.36116578
1.76660156
1.30281555
4.89184508
1.04707918
3.98482269
1.31933594
5.08504211
1.52335633
0.53181945
0.05564393
5.28454123
1.05627909
10.11095413
11.63904587
3.57617188
14.18050410
0.66107819
2.03254876
9.27995124
0.83203125
5.24218750
1.61132812
1.67752895
6.55142399
2.09525543
4.25044769
1.13163176
4.48258422
3.92334109
3.16470690
4.05164228
10.16108600
9.30811170
7.21426308
2.20565879
1.12137162
3.50500333
8.87521165
2.04817625
2.87561004
8.03316378
7.25454566
4.84746453
1.72558594
6.14652496
5.48872894
2.88313413
13.64152039
11.15291445
16.90266844
6.59297761
6.70703125
7.89497894
4.99987700
0.83992617
5.21048981
2.07722961
3.31091215
8.76652039
1.68514101
2.51127106
14.99271388
4.71867132
0.54658529
5.91032358
10.73437500
10.63806183
11.96341202
5.68022384
6.59464539
0.49171593
9.40194038
5.66015625
4.01997894
5.77954102
3.46289062
5.78080231
4.96830231
10.25557403
3.61836824
3.36217919
0.11247077
7.70357269
2.39843750
0.87357574
12.62361259
4.11173773
6.90442782
0.94873047
5.34810394
7.06551086
4.10305796
15.04094193
4.18306737
11.27362922
5.99199578
3.17435699
4.52779144
10.95214096
8.54789339
7.51034131
2.21423371
0.04824829
0.69240741
8.18326906
3.17041389
3.89990359
1.77193207
5.48134420
2.11496896
11.53995789
16.18778286
3.51391788
1.44718445
5.60502106
3.55122894
16.83959961
2.12500000
26.76244681
10.98690132
2.05045656
10.68174712
4.55012938
7.53572695
5.00285277
1.58492687
3.19626218
3.42968750
10.64843750
14.00691711
2.83785004
11.30662537
2.02583832
13.08939606
3.01021332
0.60546875
4.25646942
1.34366883
8.01997894
9.13110289
5.00870789
5.08337433
12.39754211
0.83190949
14.00781250
5.66080563
4.63952792
4.66165670
5.29191600
6.83068817
0.48510742
2.37349457
3.03169769
12.93750000
2.68013519
14.05394947
2.24683178
3.37650543
5.48927991
4.83683289
7.49458832
3.18945312
3.40641235
6.63850953
11.62845856
4.40279144
4.22310394
13.18570922
2.90218140
6.23437500
12.12109375
11.76460661
6.99666445
13.43750000
14.99963099
2.30941046
8.44095856
4.98107381
2.77478557
12.59798094
2.46887300
8.90625000
11.56595856
9.75691711
9.21032746
9.14754211
3.47745789
10.28189938
8.29252106
17.44543550
8.96161470
10.74132647
8.80375775
6.57511414
4.41495789
4.61372894
2.65584165
3.09016844
3.51375554
6.48649047
1.09471722
6.90491688
4.42622894
7.00301086
3.60274262
13.63627106
1.44816101
4.29968262
0.84765625
34.10236924
11.16280806
1.85982269
10.08158356
1.26004474
2.78678967
4.34554124
1.01393782
6.66105164
0.03509521
10.04687500
9.30699583
0.65006593
1.93175865
2.94128823
0.34277344
8.24503103
2.25692209
20.30456450
3.88660210
2.16387078
8.42712433
6.31852172
4.11733489
2.79672761
9.26741578
5.81762633
4.95491578
1.94966644
7.93404144
3.75478419
1.38697971
0.44449859
8.86021693
2.72107214
12.93750000
0.04248047
13.65791778
9.38159242
6.53291778
7.81819703
6.42622894
2.17578125
3.42923981
0.01216644
2.08161542
4.19385638
1.00240082
3.78430020
2.95398105
4.55958431
11.72103280
6.47306460
6.18058289
6.95043883
13.35750056
8.77950354
4.59330231
15.33683289
15.32633422
6.83593750
7.67586605
1.82881870
2.98872894
11.12271720
2.16154366
0.72969512
0.41353426
2.73050311
7.82963541
1.45528230
1.64038148
5.76908356
7.55757536
1.59175753
2.28710938
7.44051086
6.01774047
0.12939515
4.85066711
6.08808733
3.04562056
13.83958777
5.33308400
2.33249390
10.81530917
4.06205231
7.41817044
0.31209538
7.28247008
5.07600953
3.13049285
2.56791168
1.91727754
5.39497894
5.37455231
5.64819336
12.02729943
6.43754432
14.41210938
11.52343750
2.43554688
12.58939606
0.07596863
0.30651824
4.85636414
6.65669769
0.26456602
5.58606050
0.00742096
14.30004821
7.21752992
18.48111813
3.88472628
3.32739196
2.98901429
3.63024933
5.67354278
3.52567597
1.80322141
12.33455507
7.26818817
9.25960328
6.86328125
1.50585938
4.87292387
5.62078995
2.51379488
3.74414062
6.70556516
9.43021388
5.54390846
5.15625000
1.05586014
6.71102615
6.22509766
1.87231383
3.67216035
2.25227782
6.18916933
0.59818512
10.18466456
7.35840093
5.06473785
11.86564024
8.96577112
5.88358489
0.85514406
5.87109375
1.52022246
2.85831726
4.30513519
12.01472961
3.47054078
7.72199690
1.03585494
7.72688719
3.32580784
8.46093750
1.91169853
10.92057624
6.29475953
9.24654144
2.24955231
1.03116852
7.33683289
4.18066157
11.54545323
0.34289520
0.94559785
5.92902067
12.34929964
6.29597961
10.11798521
2.11836824
2.52478058
12.01562500
1.65820312
12.81802970
3.91589760
5.17533356
0.19669617
7.60937500
8.18163564
3.74023936
0.46850586
1.77423583
4.03936280
4.41707336
6.20357269
2.18465149
10.81774933
1.87064606
2.54430685
0.71688303
8.59415586
9.79610261
2.72867797
0.96024629
5.57902039
0.04855347
0.31839996
5.64428524
2.99288120
7.93714386
0.18766447
1.77799562
12.31685394
10.66483489
9.89766511
3.00976562
10.17521055
4.97713320
5.94229167
1.00692708
4.14176142
5.05761968
4.16060394
7.20276580
5.88159242
2.22521942
2.45971742
18.77285683
0.14323997
2.33487976
9.01472961
0.92541473
10.74397828
3.63688110
16.41230608
6.64828014
1.74959414
7.13452086
6.04834109
2.61161316
7.19805908
2.47717254
7.22009308
0.24430328
8.43481383
1.08321199
4.70287899
1.67407413
9.87845856
0.85591644
17.11450133
2.80981383
5.41463320
3.93644226
6.35066711
5.03995789
4.41406250
7.67110012
5.44324543
9.26818817
0.78997180
4.85632978
2.89274047
4.47670533
6.57499114
4.25569703
0.30924406
0.17854922
2.54296875
5.11961769
5.60303856
2.19486481
4.20038952
8.54021655
2.73677582
2.96500610
8.68210052
4.48726286
5.19209995
8.71093750
6.50390625
0.93603516
8.88704344
4.15983156
6.83158356
3.28250942
2.02262577
2.76562500
13.15702239
0.32857332
9.90624502
5.11523936
4.53861481
5.12438747
25.68160128
0.81848238
6.64408356
5.74853391
3.28466921
3.46333832
16.00105493
0.01127106
11.57287567
6.36718750
0.12117555
11.65970856
14.21139609
1.61015237
9.34029144
10.00903258
2.37629876
3.12248116
3.43119293
9.74462766
1.49898410
1.45019531
20.75000000
3.72460938
7.36152483
0.59505873
4.79732269
1.15917969
0.30883789
9.39831450
2.90970731
2.97778258
6.77717055
1.70463043
1.58638519
4.10111481
8.93102062
2.23153645
13.06209289
2.29406583
10.25626773
1.46911652
5.76171875
1.43842601
3.34721852
3.34472656
2.97611481
4.41316711
2.41886414
3.08203125
11.36104278
0.54052734
7.47924867
0.16528320
7.35367797
0.51435882
6.96573914
9.10937500
4.57857020
3.79590093
8.47220856
12.37320922
9.81429078
2.62727782
2.88834718
10.37500000
13.16560727
6.08093417
7.24588210
2.64669603
8.09887633
10.82299867
6.59375000
12.84887633
2.25854554
7.79418883
4.96479943
0.03056253
7.37231383
6.04564994
2.53922983
3.74983765
5.87886193
9.15238807
10.81250000
6.38671875
5.45343972
6.62199911
3.37573304
14.34720856
0.72261566
0.72705078
8.05033356
1.24137328
8.17801972
5.90234375
3.08593750
7.98437500
12.23046377
11.23934397
2.09631317
3.47489472
3.64062500
5.10111481
18.84240692
3.42093529
0.21000526
0.79467836
1.70507812
1.96244293
5.59765625
6.51981162
3.12126108
8.86283356
6.35884364
11.29801640
10.30379211
8.55725067
2.79040558
3.64363160
3.02539062
3.28080231
2.63936060
5.63452460
11.82327904
45.17496952
7.29130097
3.14795046
13.27689606
8.30904144
5.52180907
7.04264406
18.49771845
2.20154089
9.39664672
8.82120789
29.20584553
5.37752881
2.64648438
12.62564938
1.34114749
1.29785156
4.75508201
4.76009530
2.57137024
7.65759308
0.83151572
4.05786569
8.92175200
2.62902925
5.55859375
4.72131317
3.22122950
11.44797033
5.99609375
10.53906250
3.09456173
5.60661015
4.47701019
2.06250000
6.68684564
4.50606604
2.55122894
7.02298981
1.60201019
7.96321033
5.32975842
0.55175781
0.86230375
12.58909181
14.29499557
12.11152234
4.80057956
5.51517731
1.63618988
2.78112700
4.07434175
8.06250000
7.84330231
5.92879211
2.12894559
2.80989749
9.80468750
3.23828125
4.50132170
4.52221742
6.89408356
7.25870789
10.14575133
3.37450860
4.21264960
10.36283356
1.45821199
3.05664062
2.34077848
5.37092642
4.27071697
1.00000000
2.81220334
1.67077792
7.27945922
6.70056183
2.81925476
6.23738586
6.64933289
6.84708555
2.12394226
2.39430838
1.81776927
3.55671931
4.85884551
4.75438420
2.32389406
8.51908356
1.71333832
15.90270280
2.46599013
13.78629267
5.77816046
11.45568817
3.52433289
4.41495789
8.37890376
3.88741245
4.79374114
1.01611453
6.16406250
6.45658356
1.33789062
7.48298759
16.22798427
10.92440381
3.43147828
5.40254544
2.11698581
4.46248227
1.62845856
0.94181460
11.45914672
8.16239472
9.39831450
4.31673094
1.49491550
13.12385860
3.91520390
10.31941711
0.21114074
7.49475067
3.11055574
8.42533356
2.73286957
3.00390625
5.75858489
4.91329011
2.88459830
5.38667443
4.89038896
12.38716644
0.04971313
3.20418274
0.89445008
21.60688138
12.73795656
4.57210328
3.02583832
6.47086547
1.29378297
3.75830078
2.92187500
0.01732498
8.07084793
14.07377106
2.44531250
8.37935394
1.51269531
0.58459442
0.46537262
0.78548219
4.03125000
7.97265625
5.82031250
1.80236785
1.28356965
5.34928219
11.08138187
4.99218750
5.69609215
0.52739814
2.24963099
1.49593390
2.55078125
8.77510528
1.11409547
2.78145169
6.78769108
2.86869293
4.47310394
2.20210661
3.95642121
4.61295656
1.84980483
4.22933732
10.74991384
1.51062417
1.50219664
7.37300753
7.82964983
4.33486036
1.13378906
5.62113434
4.61763519
1.96358028
13.32389406
11.57568484
17.92521055
6.32389406
6.57767731
7.80603058
5.22586880
0.84985538
4.60546875
2.62849790
0.79211457
7.48539339
4.79687500
8.20015473
2.56445312
5.49640847
2.12663840
4.82031250
6.03470856
6.18660461
10.71170989
9.13911459
3.03243572
6.09741024
5.39790116
12.92765071
12.18331962
7.29324053
1.11816406
5.71138519
6.76127106
2.74026624
15.09473404
4.61173648
11.15042000
10.02312278
10.37483765
3.82617188
2.82421875
3.72183954
3.71566046
2.43338210
10.52877548
2.42110261
0.08933502
1.20512919
4.42623891
14.86346736
7.81237700
2.73768616
6.40706671
2.67036957
6.80302417
2.39574688
7.47643950
6.50358156
5.81640625
6.18009461
2.11132812
29.09793662
10.53060311
2.18688996
12.46436629
4.79711852
12.97668550
2.00134308
5.65970856
5.94128325
1.21541445
1.56640625
5.60943374
3.09369126
8.87993866
4.51997894
6.89754211
8.59375000
11.75259752
3.33032912
0.28665862
0.59271134
8.70402039
10.14843750
2.21573914
8.32889739
3.20039949
12.75886525
6.69381205
5.47772829
12.03541223
0.27152745
3.84419769
6.28515625
3.50195312
0.64501953
0.67382812
1.36344360
2.49938996
9.21093750
14.75423094
4.07824800
8.44531250
8.67890708
5.91886414
9.03588867
2.79536957
10.20658356
4.18794769
16.21048981
8.28804411
11.45353275
3.19474678
6.63671875
5.98437500
6.07377106
4.58593750
3.53844249
1.63192708
14.43045989
7.07344636
2.08601867
5.13024933
8.35453277
2.38716644
13.00423094
9.26127106
18.38761414
8.70031038
7.98367133
7.49276817
5.77746675
4.39497894
6.49719083
2.34081782
3.56779366
6.62801086
2.17952567
8.22088541
4.34029144
6.53125000
3.01000977
4.93827239
4.82690492
2.71183289
4.24955231
0.91841644
33.23164451
10.95036233
1.83886719
10.50256317
1.63585647
2.16187333
1.42644820
5.89005461
2.28121066
16.10579344
9.25118074
7.61283356
3.95597351
0.41141754
3.64900322
1.74357491
6.11459896
8.71599512
9.21183289
8.71016511
6.14709442
17.73038010
5.32722961
1.03402482
10.77945922
18.34375000
4.53568512
6.75045226
2.09147218
2.92232269
12.17585993
2.39746343
0.53218473
0.42915988
3.04885750
8.01685505
1.72269808
6.96016511
2.96138519
2.67578125
2.30399380
2.75850620
8.32889739
6.99283688
0.36478917
3.28506760
6.38435727
4.26571365
14.52517399
6.56495511
4.56806904
3.75916332
1.70768312
6.69307403
7.24833222
5.41996122
0.25700015
7.85111481
5.60502106
1.62076781
3.03967254
1.60754488
6.24955231
6.62890625
6.59936523
14.19880541
8.29338209
11.90705674
14.80644392
26.39737976
7.64107269
5.28125000
1.56197113
12.87064606
0.03896088
0.68078582
0.08233674
14.09964872
5.92363123
2.04280640
5.08984375
7.76973294
9.17996787
4.62496564
4.35502106
1.64183231
2.13034297
3.99356993
1.30163730
3.47159851
3.12487700
6.61491000
0.74462891
11.67649379
6.10075077
5.54203277
11.69999114
7.06172761
10.64062500
6.74523272
7.43978529
7.45524047
11.44274933
0.38659637
0.98376496
11.11453070
12.92693262
6.62097075
8.04002899
9.06583555
3.97399933
1.14396304
7.37109375
0.29829926
0.19970703
5.55545989
3.34053621
5.93236786
0.17776365
2.95894503
4.48828125
2.43554688
4.09720856
0.67573942
4.01709109
2.76741080
8.16723072
5.46574911
5.02892911
4.53926419
12.08933401
5.94620789
2.86897828
12.00345856
3.09330231
2.05753601
0.56404602
0.45853668
9.45763631
5.05497783
1.73844173
5.09623448
3.61478668
4.09285492
2.40340149
7.23136414
0.19616699
9.56506317
1.23527039
6.37910794
1.86548038
9.90625000
0.95654297
17.65010528
2.54963985
5.22514073
3.71573914
6.80814606
8.89062500
5.01997894
6.86433649
5.84870100
3.56717864
5.99419221
5.82486813
5.01741578
0.72192321
5.34354831
2.96679688
3.53339235
4.50318816
3.33984375
3.45709996
5.43253417
2.85351562
3.99153563
7.92790435
4.68147828
5.52657136
9.18404144
6.52689606
1.15376801
10.20556516
4.11084109
7.17578125
3.27156306
1.79679632
3.49414062
11.80366911
0.35013949
10.41979389
3.86145611
3.27689606
5.57645504
27.98225953
0.79199343
8.10156250
6.79015958
4.14734042
8.47310394
16.89753962
0.33813165
1.26058233
9.82902039
7.71144592
15.65625000
11.44966644
2.98693817
9.47054078
0.08514404
2.08007812
5.90160572
1.31128490
1.07519531
2.37455231
2.76411957
0.00745010
1.60599762
13.35937500
0.46529144
19.13531370
3.04956179
10.05761719
6.49218750
8.21875000
2.50390625
0.00130844
12.39062500
6.26562500
0.01165771
0.71545410
2.38867188
8.29687500
0.39017731
2.48872894
5.38928192
0.78894074
4.93223571
7.20252991
1.60864196
14.90112367
0.11114502
0.79447418
3.79536957
3.87373560
2.82548315
3.76367188
2.96276264
5.75932291
4.68782469
1.98177249
3.35005707
10.16406250
3.02001829
2.66011691
4.70703125
8.09631317
4.44665558
0.18652344
9.28906250
5.97220856
3.01362443
48.61889265
2.26200410
6.55033356
1.59322113
1.50931793
1.86238586
4.02734375
4.25134308
2.75390625
6.67923981
0.03099579
10.73783356
6.45357269
0.35550934
0.68208832
7.78125000
0.47375395
7.33215425
4.75781250
7.49584774
7.27010195
11.06083222
6.33031915
3.30489417
2.95304383
0.61136871
22.68123227
10.88472628
5.87890625
16.82739196
7.71407136
0.13122559
22.13399075
2.94360538
4.07421875
6.03515625
0.01003265
8.14643097
5.15234375
0.89948963
3.31608654
0.29052734
2.41539811
12.45203353
5.97823028
4.65458222
0.68900543
11.89318817
3.45686890
2.38822418
2.39107269
1.99519836
12.26114805
6.10925200
2.43518284
6.97643950
15.64086104
5.27154313
13.96541445
6.29341644
10.94698028
4.27164672
0.50109957
3.63236481
6.17574388
1.38904338
15.44274933
1.65665586
4.07824800
1.31107574
1.82279449
5.55993683
3.83203125
4.06949579
0.29427374
0.38452148
0.09564209
6.14716313
18.86011303
8.94796431
7.85754426
1.11275238
14.06494016
14.05921322
0.94225287
10.80635528
1.21618683
3.11840758
27.10257591
8.03700724
9.08748227
3.70609652
10.70837433
2.29838043
5.52779144
0.01066589
6.13236481
0.50272613
6.84029144
6.73303192
2.98421265
2.92773438
3.60228931
9.65698803
6.54296875
2.91556793
2.21138519
0.76708984
14.15535461
11.20747894
1.66824912
1.74040170
5.25736481
3.63777649
0.02008088
1.47753906
7.37337032
6.92692265
9.42203735
4.04085328
3.37500000
1.50594055
4.15714539
2.92142731
1.86665863
0.00611877
12.49673939
2.34359264
4.84414589
5.37814383
2.81339539
2.44771332
7.03081756
0.78706879
2.74218750
14.19111592
5.26790780
14.05570589
7.77652704
3.35103612
13.52522828
0.62300629
3.78906250
8.34887633
15.02069704
10.62216644
9.40266844
4.27176972
5.51741578
7.89062500
0.02606201
2.97762024
7.01652039
1.94238281
0.23974609
4.51471679
0.24328489
1.61999667
2.47122452
10.85352310
13.97900266
10.05660128
4.74483184
1.37776734
6.73828125
2.59419769
3.01659907
4.96386968
1.99511719
3.11673981
1.72841919
13.88567597
0.83349609
1.23925781
19.88650710
3.26974290
10.42578125
11.62320922
2.97640015
5.57031250
0.19596707
6.85347628
6.62198914
4.33186704
0.97306460
4.14721244
11.26566964
2.77282746
6.63716644
12.46785461
9.57120789
2.76713043
0.70410156
1.41939052
3.28328679
1.85929383
5.59789728
12.92697455
10.35502106
5.26607269
7.00000000
5.31481529
0.26501870
3.17269617
3.30851507
1.11693900
3.87471963
1.55423981
3.35171176
8.67538785
8.10156250
1.63716644
5.57693928
5.22245456
4.05480054
4.70049312
2.98437500
11.47607422
0.18859863
13.69787567
1.80505402
8.62596237
2.87980164
0.50520848
0.82296182
11.03132868
0.48380804
3.58398438
1.66503906
11.16406250
5.09375000
1.11132812
7.58984375
9.59647613
2.52070451
4.00220412
6.27917262
5.22424534
11.57979278
5.87333222
8.73437500
1.85937500
0.65185547
13.30033356
0.03020233
1.71191406
7.50231716
7.31018284
3.69921875
9.05033356
0.03416962
2.36180768
1.74675310
4.01350953
3.22566711
5.98620014
6.42485150
0.03219604
11.48534907
6.90808355
4.17968750
4.75781250
1.52148438
18.26109874
5.36585438
0.26771815
5.63094304
4.38134641
3.87300753
1.30175781
6.89408356
6.60358932
1.52141068
2.59810394
8.50345856
3.21767731
11.74564855
10.16228169
9.89534796
3.96373172
7.22431728
1.63232048
1.75049202
8.13806183
6.17142731
3.66121399
0.27779144
2.36851438
4.96892730
4.10905031
8.36987367
4.57128844
10.24564606
3.68042054
12.67453003
3.45402039
0.24806670
8.95812833
2.81168827
10.24843322
10.39152039
5.86238586
4.28605164
14.89836084
2.24361425
2.23767121
1.37455231
1.19380707
2.29153078
2.56344968
10.51562500
0.04612213
1.24820922
3.42940215
2.59143035
6.57568484
5.29073028
1.54423066
5.49654144
9.82702419
2.40979222
1.05474190
0.26880070
1.89065364
1.29522218
7.37666778
5.07893590
0.24194336
6.19486481
0.67085785
8.23823817
1.03173953
2.10440603
5.22473736
2.37064606
2.10196836
9.44536959
2.73828125
11.97688719
3.07487062
8.54597961
0.26920594
4.62923094
4.36335245
5.59550642
3.02823914
2.73600136
4.60982269
0.41113281
3.46394836
0.96545130
4.23608710
4.84419022
7.88725509
0.71846465
0.88248532
2.46057347
4.50994488
10.66257202
6.64877216
3.74414062
3.95312500
3.53743407
6.22556849
11.56316932
0.47641593
0.56185311
4.10156250
0.08911133
2.17203735
4.37284021
1.79256538
1.86682098
3.94515015
8.45108821
0.57967351
5.02941801
4.55513519
8.33951906
0.20311737
5.95703125
2.08593750
5.31225399
0.56225773
9.06595856
0.58833832
2.15625000
0.96915586
4.02433289
1.46211824
4.02779144
20.00691711
0.22744021
3.65816378
4.26139406
18.35323028
3.24593140
1.02014067
3.00737851
5.44779698
4.83267066
5.47246453
0.71085633
6.40836547
3.27327515
3.28320312
10.99058844
6.09791223
10.45658356
9.05647828
1.86771637
7.89453125
0.90380361
1.56641123
8.40625000
8.55064828
9.52747672
2.50044769
1.36088043
6.38012633
3.27144005
4.54614694
1.13525266
15.65625000
2.24491301
0.65938511
3.18119293
1.73082406
1.05107657
3.03519559
2.99996066
3.02517897
2.33838763
5.06250000
0.02357483
7.06241135
8.48446365
2.73094831
4.03780806
4.94856937
5.92036957
5.55859375
4.59375000
4.14062500
3.08593750
3.52693540
1.35294742
4.47611481
13.89274047
0.49955293
1.17240387
0.82710785
0.04565430
0.15270996
5.59285461
6.80637966
8.88166810
6.78300144
14.66752106
0.23437469
4.30647828
0.05154419
7.11912537
1.30192016
3.89392121
10.66060394
6.10156250
9.91406250
0.23083403
2.75793550
2.62695312
3.81172637
2.62109375
8.12333222
8.70507812
8.72656250
1.33601867
12.14152039
0.04531860
3.55664062
8.08504211
5.31249003
9.72177083
4.28423843
1.94557845
6.34944703
4.71016511
2.74654144
0.35327148
2.20703125
6.98828125
4.21484375
0.04974365
12.32861204
11.74828946
7.54980718
4.16381649
5.86487034
1.87109375
14.18900543
21.61783688
4.67167331
3.80664062
7.27473626
12.63843085
20.47912567
2.26427942
3.64083167
8.38281250
5.50435394
8.33760528
3.75960328
14.24388963
4.96358931
3.75976562
10.02233887
0.16223145
16.80468750
1.07421875
7.84295951
7.65323914
2.78710938
3.11034604
12.31632570
6.36718750
2.48152649
4.87801086
11.79085328
4.61328125
0.02084351
3.75390625
9.13281250
0.25854492
5.73184744
1.39657053
17.28861481
1.81294769
6.48478086
14.13131314
13.27714206
7.00659242
2.62349457
2.79492188
8.93750000
0.05661011
5.80891844
1.47819093
4.27343750
13.57352505
6.47680851
2.49458832
7.28548094
6.67312944
5.59217087
2.40820312
4.85721022
0.61597490
5.01198334
0.24255371
4.73418120
7.86618592
1.97993988
9.24812805
9.06730164
2.85697418
6.83390071
1.68607823
3.60941309
8.98116245
10.79548759
1.14132120
8.64390626
4.83701019
0.02154022
4.21138519
7.98530475
6.33456006
3.69001386
1.39982989
1.15572113
3.52152372
2.95836686
4.80216866
3.75870325
11.98872894
7.62890625
4.90100067
5.62556073
4.47543107
2.06400543
1.31622714
2.08593750
0.60233426
1.09379183
1.69221174
6.11438829
4.21817930
3.17799409
15.96940187
0.87255859
6.54310492
14.43839539
10.57071961
3.10201019
12.19531250
7.74218750
4.52030364
8.91752106
1.22037843
3.48197418
15.92443817
15.17472351
5.82641290
4.19356604
3.01997894
1.65917969
0.50534109
16.40596963
6.09029144
9.51507529
4.73320921
15.31762633
2.48624695
8.83862367
1.35103363
16.48258422
34.71386033
18.93624463
0.85522523
3.15502992
7.34720856
11.65454039
1.70092836
2.29732269
9.43660461
12.83984375
5.87072474
1.17118628
8.19095856
0.26615387
3.37349457
8.23783356
5.34106383
9.59826629
18.06864472
11.90946255
5.49552305
4.02694038
7.70233631
17.06575469
1.66551737
3.09632313
15.82083888
1.74832973
1.53109264
9.97656250
1.43981809
6.33927305
8.90482823
2.31250000
5.79296875
1.08609985
0.06445344
0.86523438
1.76713043
3.09813830
6.87105939
2.24564606
3.42675532
8.42737034
1.08089234
3.00044769
2.76188110
8.05647828
2.49271512
8.80277372
2.57893673
1.43380042
8.90470523
5.37455231
6.94441711
1.86116578
2.90039062
0.30086242
8.47220856
5.81551086
4.31485151
18.13571032
8.76127106
0.95519739
1.11356909
6.19518950
2.77160738
1.74458832
4.59330231
0.12471527
1.00976562
0.79085079
0.45528355
11.94531250
11.72363032
1.03072362
6.36828458
11.05660128
0.24674469
7.72745789
9.47912567
0.11470582
4.89062500
6.19531250
0.00878906
9.92527926
6.08163785
28.01205444
6.62056364
27.91886414
3.76078402
1.35331207
2.10998504
8.72310394
12.21431488
4.15279144
8.07377106
3.80635029
7.62138408
8.32758866
3.21928634
3.71836603
10.29139959
19.11027039
5.94486481
0.15535492
0.01994324
13.41406250
7.64318817
5.58011747
2.68245484
0.33813165
1.26058233
7.46573914
7.31329071
15.63281250
11.66841644
3.01774047
11.46875000
7.24331893
4.24239915
1.14054383
12.10502106
12.35591644
0.02298218
1.47212738
17.30635528
8.20837433
17.99405634
5.35448970
17.55172096
6.92598294
14.95618018
0.37935394
0.39847809
3.98242188
5.88814052
3.44629155
2.85351562
3.50211049
6.12394725
3.08630153
1.50594304
4.79252106
12.52600067
5.66983821
2.47062444
3.96484375
7.26908356
5.41495789
0.13916016
5.56717864
5.73706117
1.62080310
3.91915447
11.07812500
1.86124695
7.42879211
3.86088043
1.69620789
9.98233821
7.69299534
11.64575133
2.35380097
0.67224152
7.48828125
1.99511719
4.69136193
45.63883734
1.33170656
7.91406250
7.38671875
6.44217864
2.14766511
10.51908356
5.27823914
7.10457336
4.04777039
10.06595856
1.48221770
7.15592531
4.16015625
7.89993795
2.50000498
6.96138519
2.10261276
3.89986923
2.95064301
0.29764801
20.61454067
5.26196476
8.12923094
17.80619293
7.55737367
0.22908570
20.55635528
2.48706117
3.65429688
5.55859375
0.02709961
8.00154358
15.41060394
2.85118944
11.37538313
6.86975067
4.22835328
1.32031250
2.76293883
4.47098847
7.53906250
3.28560394
5.10892731
1.36372894
11.41804743
2.04093694
6.30187833
17.15473709
4.92599322
14.50524933
6.35546875
9.76383422
4.16271942
1.63151125
8.21093750
7.39400577
1.76591533
15.42187500
0.84834622
4.38305851
1.53177887
1.07865387
6.01216644
4.55078125
3.59297263
0.32060159
0.95357269
0.80029297
5.21194094
10.02438718
4.68705231
7.05078125
1.25337738
14.61527372
14.37517178
0.93142951
10.88793883
2.41182403
3.13671875
28.12043939
10.30864389
8.41849762
5.72131317
9.89062500
7.98616578
0.05293793
6.17097961
0.62223266
8.66227172
11.57299867
3.69710328
2.61718750
4.42434827
9.99073138
5.89062500
2.61914062
12.01729278
8.10912899
13.73641179
8.69966644
2.20653674
1.96285627
5.74218750
8.99641844
0.16105226
2.69335938
6.89062251
8.00639073
6.89648438
4.35201019
2.67578125
1.91512024
3.71919769
2.40234375
1.85982269
0.01310730
13.20853045
5.72608045
2.70193928
8.45040447
8.87666778
2.48856660
3.25781250
12.57775599
11.52816046
0.25406860
5.57165558
14.98002106
3.50044769
2.55786071
5.52657136
1.97851562
4.38627106
0.21988828
3.59777925
2.12784851
6.33593750
0.28092219
9.27803745
7.43839539
7.38761196
0.71452031
5.23803399
15.98999335
0.24405883
2.09899933
6.08203125
18.27510528
10.17456117
1.74564606
0.47094727
2.96333334
3.11674479
1.36275238
4.08772579
12.32206394
7.42321808
5.78906250
7.20267731
7.74218750
8.57059287
0.62667276
4.25601611
3.83065381
6.25117576
5.12817819
5.34676086
4.71510916
7.56508310
9.29764739
3.61250886
7.32689495
5.90511857
6.90823250
4.93743129
1.41841644
12.16141754
0.30537934
12.96093750
0.20431119
12.15747008
8.43548283
4.49564606
7.23437500
1.95259613
10.87845856
11.11217421
4.41952349
0.09018126
5.33426972
3.79178303
3.94303967
2.02539062
4.10937500
7.78216978
1.12798647
3.13326019
8.83158356
3.97141623
12.75545600
4.22775819
11.30122894
6.80680297
10.10339262
1.64868102
1.31176945
7.55904144
6.54687500
4.15970856
0.18811035
2.55568720
6.36659241
3.43803136
7.63236481
4.59480649
9.80224734
4.34765625
12.46394867
6.87634308
0.25547272
5.09273161
2.58304964
10.35172422
1.39518312
4.20402039
3.54687500
14.71493406
4.87300753
1.04254132
0.41300601
1.20637948
4.11251883
8.58402372
5.47723163
0.36181641
5.08158356
0.66792816
8.05635278
0.93013769
1.83857436
5.19206560
2.50044769
2.20055997
10.00422305
2.56880707
12.65535461
3.47993988
11.83325133
0.58028230
2.90331782
4.15783754
3.55660128
8.13460328
1.78080231
8.32193595
1.10767038
9.80379211
1.35148133
2.50585938
1.06318997
5.21419437
0.51399719
2.62003601
5.42578125
3.00434896
5.20898936
2.22460938
1.22204935
1.13489860
4.38716644
18.06327239
1.07832918
4.68265653
3.56890838
5.40470523
4.67434952
7.56437943
0.74023438
6.59375000
3.97656250
3.29732269
10.40721410
5.58061945
10.14754211
8.66931183
1.07474762
8.66316711
1.12007162
2.69576518
7.68013519
8.47484043
3.26319481
6.39042331
5.59810394
5.77734375
4.23046875
3.97851562
3.79296875
3.53315880
1.13578651
5.30468750
11.33626219
0.81534914
1.95800781
1.31347656
0.09061676
0.68160004
9.96004211
6.79901486
10.82264679
9.72591312
1.57360871
7.50067383
1.79447418
5.02945922
12.99475067
2.90787843
5.44185394
0.67911275
3.81055186
0.94380707
3.39371703
2.47204621
9.75781250
12.07617188
8.15279144
2.25451629
10.24743683
10.00345856
6.12409464
8.38404255
3.11783813
6.80179964
5.24263519
3.31294769
0.69091797
2.37695312
7.71439606
5.07421875
0.09334320
15.00227782
12.63301668
4.58593750
2.27779144
6.08715758
6.35034242
7.02298981
11.70198360
5.30989749
0.83821656
1.25919493
17.97955810
10.04443484
6.78560394
6.54252106
5.85937500
2.83849568
9.05453014
3.43164062
8.24707031
0.20739746
21.47566711
2.73136414
12.60998654
5.94677859
3.47896332
0.97600546
12.85371980
6.03515625
4.68269836
9.48002106
10.20056183
7.25736481
12.71036182
6.81938275
5.68750000
4.15018645
15.49761932
11.15804078
6.53784242
3.67142731
3.35591644
7.82031250
0.08341461
5.94461880
2.61983433
4.08203125
13.48246122
8.40470523
4.99609375
4.80740304
0.63843833
7.62788910
0.55029297
5.89168969
8.70376649
1.55220551
9.59623199
10.30904144
1.63334137
11.92125998
1.74910959
4.03608724
9.03084663
5.43057292
2.28769004
2.90429688
11.51720413
4.65076462
3.70612589
2.24895223
3.30708832
5.64774380
5.78611786
5.45533909
8.00845690
5.12895057
3.83146460
12.87500000
7.25781250
6.18391844
7.92251441
4.92648492
2.09871399
1.26020822
2.24849457
0.74092434
0.83972324
2.00926613
6.04143395
3.85701352
4.02732361
17.71045046
1.16210938
7.30803928
11.38940617
3.56250000
7.38281250
7.31685394
9.50667110
2.94197695
8.60168550
3.51411957
7.47176086
15.70312500
8.65559065
5.83659685
3.59224457
3.83443207
0.76829087
15.74483931
7.14017731
7.27370790
3.03923980
0.99344692
0.81648929
2.03861481
2.81819703
8.88281250
24.47363032
10.95210661
3.20902870
9.51034927
0.89550127
2.29293439
17.87320922
1.51684010
2.01318982
8.53470856
1.31412719
10.33968140
6.57686060
4.51554632
0.75085480
3.77534630
4.93078956
9.47452571
2.95812833
1.26273964
7.45100953
6.74519836
1.83044465
3.11088043
0.23181152
8.32031250
6.48828125
3.88646776
16.94515514
10.28751773
2.29605829
1.53153784
7.95332669
3.07792331
2.56835938
5.19095856
0.08534760
1.60449219
4.31237700
1.67395113
11.55468750
13.45544216
1.48205784
4.92891387
8.52132203
1.91617797
8.44710328
8.25435394
1.14851867
3.26847351
6.09375000
0.02377563
12.16406250
9.17187500
2.41015625
1.64790863
13.92069426
3.54431183
3.14196808
4.70947141
11.96976839
4.81294769
7.58068817
2.45751081
8.25379321
11.76590537
3.12712045
5.07119294
5.76087765
2.03002992
4.67456117
13.90625000
6.52722075
6.02921321
2.91207128
0.10143950
42.15444925
15.46151817
13.94315271
12.03430518
7.06250000
16.81960883
2.15507424
1.92224900
4.27343750
8.90535461
10.12219083
7.34989597
2.62890625
13.12731716
8.98116245
6.68750000
1.58711326
2.14229776
0.16601562
1.96292663
66.33430408
8.78862477
15.58005124
18.11660683
16.09498005
3.17029089
6.73437500
10.61444704
1.24057402
3.25134308
14.33504211
2.65954621
5.87109375
14.75333555
11.30481050
2.80318207
8.94006317
7.53800476
5.11584442
5.10725953
3.31640625
11.05814606
9.13492610
4.74544437
3.47932735
1.08541112
11.42277039
8.82381040
5.79341644
1.11767703
4.04252106
7.33247894
1.84029144
7.57002559
11.38191711
0.83504460
6.27986508
3.55900210
4.30423981
3.54732269
3.00948028
1.27860566
8.28906250
0.82032101
10.34989472
1.57381289
13.12923094
10.07824800
0.06006866
3.28755707
6.24955231
4.59179688
1.53951019
12.49067272
9.71037677
1.80362976
10.79780475
1.55766400
10.91751618
5.62801086
8.20914672
6.91240914
13.72927235
14.06046695
8.05737367
10.24023438
3.82990581
0.02263325
2.65234375
3.28503325
1.17232269
15.03393617
5.84810394
2.95389739
10.08523383
5.72694148
7.97566711
4.95389739
3.28320312
12.94917443
4.57784463
8.75000000
5.54207336
12.84029144
4.88859070
25.92011443
8.20723294
3.07084386
11.05200133
1.25866357
3.56824135
10.19966644
2.96394836
2.31294769
3.86523438
11.05814606
1.12959746
4.22969636
3.57767731
1.14034027
5.18277704
6.54154698
1.20003297
12.89668108
5.28136304
2.99293550
2.91691101
8.06250000
0.03291840
8.86975067
5.85591644
0.81778992
7.77018063
7.74935062
2.62500000
2.12650543
4.94698028
9.36210176
42.14973626
9.01652039
2.18485815
3.96378601
7.63057403
7.73392481
13.00818151
5.55212433
0.40205840
5.65987090
5.90592531
7.24894226
8.10208888
3.45666722
8.82405142
8.05530252
12.61605347
4.37455231
9.92088847
0.46192403
2.09570312
2.98286832
3.73315492
10.49051972
1.12170130
7.06767065
13.99857574
2.20758824
3.83631648
1.74804688
5.45095524
1.47197750
7.65714539
6.11629211
2.71183289
13.85073582
1.75863918
0.27001953
5.63002273
2.01166001
3.73465910
5.64811281
8.10156250
10.33763963
5.93526900
8.46785461
2.83939606
8.78458555
18.02627688
10.73937833
1.68782718
2.31372008
7.73571808
8.79329344
0.87125610
11.19108156
0.46997133
2.34615082
2.59085218
6.35791888
16.67169770
1.26987089
30.33947474
7.77118125
3.52298981
10.74910461
0.01840241
1.07812500
8.89550781
2.43705231
11.90412456
0.96937001
9.31205231
11.48347961
1.24731445
7.88795941
5.24678745
6.26818817
12.04943817
1.53588929
3.23197418
30.12307126
19.28972683
7.77054964
4.94165226
4.99084442
4.45491578
0.73490387
5.52734375
18.07198028
4.45926972
0.02226776
3.81140381
6.00826019
4.07377106
6.82844969
7.90580231
5.30635528
2.85738253
3.00736481
7.82795767
0.33110026
6.04854278
15.08439024
14.17357059
3.72059507
14.33862367
3.36808289
1.21333832
4.92170767
18.39840128
0.58981832
2.32921460
3.47450132
8.68302305
10.77010195
7.20402039
2.73046875
9.47131317
1.61462433
6.52510528
3.41299480
4.04432180
5.02254211
3.27982512
7.11181516
1.10046542
3.67712433
21.05430084
6.80150364
4.42175200
8.77547429
13.08862367
9.43045989
8.84297761
3.74698914
14.93302305
1.04309175
16.69058954
9.97273493
2.16870678
9.70312500
2.58052582
7.06680962
4.68306737
1.10786708
1.01973792
5.70991911
9.52701906
9.19319703
5.36572141
13.54056918
6.76082336
2.12394226
17.40266844
4.81209289
16.60251280
4.56949579
15.97103280
1.76289949
7.12296321
1.72200687
5.39331117
15.54422391
2.31111757
2.76338715
8.66393950
4.57434175
9.80981383
0.32373109
1.81012980
8.21797761
6.46998005
6.70482713
2.58423537
3.24076075
4.07491245
3.39180574
14.86539672
0.34309937
3.69999114
0.42301391
2.36039339
2.49609375
7.99564606
13.94786888
4.14774380
7.75024601
3.33923371
0.70369445
0.66544617
7.93511858
1.34193982
13.31392177
2.40120733
2.53661736
1.02881233
4.32613067
5.98392731
1.15360566
1.74173981
17.72310394
3.31404477
1.28503574
9.79687500
0.84375000
2.03125000
3.44140625
6.45703125
4.28487090
3.07645722
10.76192044
12.58068941
1.35709718
3.81615526
9.45923537
0.44067383
5.33203125
12.45825133
4.30151429
3.35111481
1.88911957
2.23197418
0.47973633
14.17008422
8.15368683
0.80338500
3.41239472
5.18750000
2.26476895
8.10091312
7.54463653
1.81180879
6.60412567
1.21179106
0.55175906
1.81490020
5.20193993
12.19901706
7.51863586
5.38069703
14.67475128
9.44966644
3.11417602
2.76066101
3.73917664
6.56986481
10.75435394
1.68359375
7.00000000
0.01221466
11.15477394
14.25439453
9.56006981
4.46875000
7.69095856
7.39318817
0.26106812
6.00781250
0.39801025
6.63236481
5.16451019
3.39453125
10.32421875
16.98950133
1.32885804
7.17956450
8.30200133
8.31160461
22.08785128
5.64632203
7.46593086
3.72893395
5.03515625
5.27779144
9.81416778
0.36381074
3.67923981
17.92162899
4.37557070
16.56774933
9.43058289
12.91955535
3.26831117
14.25781250
0.45992035
5.95867920
1.82478696
3.18896609
1.44283051
4.32364805
0.30110781
1.88911957
4.44024658
12.57576964
15.62503436
4.85685865
3.70056183
6.66723633
11.36283356
2.01607269
13.86629211
12.33519638
2.88867188
4.86816157
2.77592198
5.24263519
2.14949524
10.44411225
13.89843750
4.79695368
3.14974124
5.02836214
14.56595856
12.51371122
10.08439273
5.23156583
0.47009433
4.89575133
3.79520722
7.95071920
1.40767924
0.36885590
1.17578125
0.53820396
0.10193276
1.72310332
2.59989472
4.14570701
2.80741799
0.32763672
5.51627438
1.12923343
0.23315430
3.31009918
4.93498749
5.07031250
2.78906250
0.75976313
12.28328679
22.72745789
12.09569814
4.23108377
9.08704791
2.28858045
5.57242797
2.13089996
19.13761414
2.44515015
3.28906250
1.18806945
13.87178559
4.47798427
1.62695562
8.06941711
1.61275238
16.92061309
4.96362367
12.07006836
4.25390625
0.53710938
5.00390625
0.06669098
3.28491024
1.37622008
0.46187597
2.02795379
14.91149933
0.29809570
1.23242188
8.83424377
4.74865692
8.43750000
5.75915558
2.15039062
8.19925311
1.56006482
0.95601410
5.92586242
4.80904144
7.08203125
4.81685394
5.24251219
1.62174562
2.39709442
1.65856965
1.98078222
11.21164117
5.50826019
9.05627441
3.55334442
4.38326019
0.65425629
28.11779754
3.83783757
2.59871399
2.47229222
13.51127106
1.43306488
7.23002106
10.92232269
6.97086547
10.95312500
2.40999390
1.02539062
11.95301641
3.81427636
6.53694703
6.08801238
13.52689606
1.95731660
13.55768839
8.47356161
10.13544438
0.72844691
8.45312500
8.33683289
4.21093750
1.47785191
1.54920711
9.23437500
7.12695312
22.07380541
0.49703596
3.22493469
5.03995789
8.96785461
7.67419465
6.40926086
7.87589539
18.54943817
2.62829621
6.33475178
4.55147869
1.68314606
12.27062833
0.23909671
2.93233184
5.00921746
12.86283356
4.24556488
2.91271443
0.94417339
9.69531250
2.80859375
2.56009918
0.18086762
6.88281250
2.39017731
8.48490387
7.46740692
1.73722351
14.95392365
6.14152039
0.83744168
0.39892703
2.31708375
1.31735593
3.39017731
2.01245179
11.85508977
0.75819148
6.69132445
11.72054078
1.22070312
1.58931239
8.09195922
1.55709081
2.12935394
4.63679992
4.15490692
1.31774933
2.80423981
4.88850953
1.42976867
5.30859375
1.59871399
7.78906250
6.70491578
1.64941406
6.26659907
0.69161167
2.65909851
0.73767121
2.93554688
7.35367797
9.93147828
1.26900176
8.57120789
11.40356383
6.53092531
0.86279297
3.63476562
2.52388519
4.92789672
9.72656250
9.97823028
11.77766844
4.14786182
0.27674119
7.69807860
3.04911347
4.25915558
2.89213043
15.78125000
7.69441711
4.61348294
0.18693242
11.28979430
0.10143950
42.15444925
22.39417220
12.59167885
7.37845856
17.08303968
2.60587710
1.75533798
3.91015625
10.05252771
5.29565741
3.95943207
12.33414672
7.18448914
4.92578125
1.88402760
1.68132092
0.05868530
1.61927073
65.68989584
9.02377216
4.12750389
8.69276616
7.17581561
1.69088486
8.33158356
8.27262079
1.98246620
2.21500610
2.53304078
7.41682735
3.98852726
13.97745789
5.91997741
5.02522828
4.95658356
5.05122894
5.52298981
3.60355372
5.13786015
3.75305020
0.93082890
8.57466644
8.90782913
1.27185837
2.05012689
7.12325354
12.02498227
5.46451906
1.28829011
4.32377106
4.47310394
9.92850645
1.56286652
0.65645418
4.94986813
3.24349124
4.54252106
3.53951019
3.18420379
1.39099152
7.71484375
0.73622463
2.77518894
8.52343750
4.44531250
11.60567044
3.37675144
3.09134918
12.71132903
5.55018616
1.59952820
11.31699335
3.73820257
12.98810852
6.14363586
8.53470856
7.26336659
12.02565408
11.33349734
7.80948914
9.46093750
3.82843972
0.01531028
2.71484375
3.03006926
1.48661347
9.31290337
5.44783134
2.08781693
6.17533356
5.64965758
3.34749390
8.47285794
4.42301640
8.17187500
8.51504433
10.52568594
2.98466035
7.35546875
6.04687500
1.46642288
8.54529587
1.01269531
14.29060727
0.91625852
3.03703069
7.99674313
5.27075133
7.25370456
5.20524047
8.63204011
4.75044769
0.53560394
4.47631649
3.25972628
6.99833222
2.64648438
3.16992188
6.63500914
9.07065889
7.74161680
6.10213320
8.51204344
2.41809175
5.65824247
1.60302859
4.01216644
6.71305297
5.82050422
1.60316156
5.86254322
3.85230053
0.77933310
5.42448000
6.03084663
9.32661957
5.82889739
1.88549867
7.56250000
6.15401153
11.09529420
3.68013519
6.44685727
4.99861259
10.29236369
3.99609375
2.64261747
4.18416445
8.92366578
1.10677000
7.34342531
6.85847961
3.69359542
5.09440935
1.69531250
6.72130320
3.79387411
7.47701019
6.26517731
2.43208832
12.48456672
2.97592309
0.49605316
6.18784908
2.58123448
16.29736204
5.83740359
8.89062500
11.26411459
5.08887217
6.90234375
0.96488434
7.21740692
1.66780640
7.18090758
3.62377992
6.30107074
15.26397716
9.02518645
7.52356050
1.24361176
4.84151153
2.98075410
0.97363281
1.23229887
6.24231050
4.82031250
2.87064606
16.84346216
8.73571379
3.43013519
10.34106383
0.04526826
1.58540863
8.20267731
8.01802582
4.73425200
11.42545656
8.46529144
0.92439727
9.71064421
5.45894503
4.01472961
3.22550476
0.98291016
6.08203125
3.51953125
9.82543883
1.89074302
14.48499002
0.26123047
0.00246811
3.80191288
4.88350620
4.07421875
5.95043883
4.63940492
3.29039427
3.06323304
3.72550476
7.12336658
0.53776623
6.30033356
4.90234375
5.45914672
14.11116578
2.79146332
1.48046875
3.29736204
14.93162142
1.03347882
2.85765792
2.80478612
6.03951019
9.83158356
0.12044281
10.46223626
11.95528479
7.66060394
2.00976562
11.44877106
2.02388519
7.10457336
2.23632065
4.04484818
9.43835356
5.50310858
3.60050476
8.92557956
3.28515625
12.33939606
1.22408051
5.25345856
11.07006649
4.81665226
11.85591644
2.63671875
6.94673427
6.40169437
0.78873656
4.88383089
2.73242188
6.22851562
5.37186614
12.49194398
5.32857269
2.31250000
18.61450133
3.41532254
16.29405794
4.50199247
14.39701573
2.20402039
5.20584802
3.26839483
8.34810394
1.21236176
3.27616301
0.14668855
11.13289452
6.59375000
6.33247894
11.76806516
1.47509890
6.06497452
11.17777372
7.16350177
13.44599624
1.28447251
10.89908688
6.04431246
3.14180574
15.40881317
0.34118683
3.91422485
0.38785766
2.28483156
2.83398438
8.44095856
14.39534760
3.82726895
10.63908023
12.32698360
1.09533909
7.96914340
2.90585660
3.22851562
2.88911957
6.14453125
1.56791168
4.26882758
1.58904199
6.24702786
5.99755984
1.18733765
3.13671875
8.47338431
3.15808510
4.93538453
7.67187500
2.33939606
1.54243988
7.65234375
7.41752106
7.54205342
4.81732158
3.00976562
2.07482879
9.84128990
8.36097406
0.48462599
4.99226743
3.44616855
6.32767731
1.74544188
8.71451906
9.11104278
1.08622285
7.52420989
5.87076906
2.60156250
0.37186676
2.96919769
5.12890625
9.22220856
1.12538573
4.31878017
6.93160128
14.93212766
2.30420046
5.86718750
2.86132812
10.02343750
3.87914977
3.01786347
4.69576019
3.68750000
0.88972961
1.36124695
5.36718750
9.92944149
7.74446033
3.62252548
3.23392731
7.31685394
10.82910156
18.78486592
1.93237865
8.59631317
8.92175200
10.10363365
21.94478612
5.80481050
4.99885860
4.80891844
0.07145639
6.73006164
2.79191101
5.19185394
19.40584165
7.44384641
16.65425753
10.91214872
9.25284338
2.22460938
5.51037567
6.58728058
13.97261193
2.41561225
7.63152816
1.28013352
5.99609375
3.59269226
3.18981716
6.93648410
4.82389406
9.72172027
8.75000000
2.67427582
16.10066711
8.03670102
16.12630374
6.98982602
2.26558566
4.14107269
2.63688110
11.06274414
14.48437500
6.13736813
4.67635195
9.59733156
8.72220856
6.66202571
3.32519780
0.45357269
1.00390625
1.02498486
1.18995013
8.54526597
0.16656692
3.88582336
6.86238586
2.46663453
5.36629211
10.63627106
12.10847961
5.83609985
3.16223238
9.16752106
7.19576019
4.10461270
0.84700687
2.18892177
3.65828679
5.32076019
10.45959442
12.85507286
5.28458555
1.39994418
8.87320922
1.97054078
4.15234375
6.18705231
0.01886505
1.76660156
5.54975289
2.15337211
1.28071989
4.52791445
11.15498871
4.29252106
1.73685699
7.48392731
5.25089539
3.43981716
2.44257702
4.44768395
9.99161742
3.46542553
2.25765015
2.78751773
8.86116578
4.52075133
1.61836824
6.44531250
8.23067044
3.18940382
6.70748891
2.81880707
1.37784851
2.32963043
6.38928192
2.10009766
14.55122894
8.29777039
3.51411957
11.19531250
0.93151388
10.53878213
15.90421570
20.57766734
0.26465841
21.56232270
1.75453124
6.23738586
3.30273438
1.54288758
6.76953125
5.27034422
5.10469636
1.76240996
9.48075410
6.16060394
4.13268950
5.01583574
3.56205231
4.17061309
6.07598039
12.50781250
3.86665863
4.32010085
1.23511552
3.07617188
2.45943207
7.33768645
6.77388519
1.47489472
14.55108124
2.07568235
0.39347476
2.06008360
1.40069093
2.57572418
3.40368683
2.81835938
2.33113586
0.42447937
4.54919216
6.83947972
2.68314606
3.82665891
0.52779269
8.51293883
4.31664977
6.45369570
3.69128325
4.58626219
4.62178745
2.43945312
7.92377882
1.36935228
4.87589539
0.80220551
3.49414062
5.39453125
11.19531250
1.27115750
8.47847628
5.91707336
6.17712433
0.62646484
4.65490692
3.00720246
3.01867022
2.92965314
10.41227172
10.09029144
2.74507037
0.34408217
6.86519254
2.63053468
4.15759308
2.64257812
4.18269836
3.34765625
4.69921875
0.08632416
10.63863067
9.82621778
14.23335661
2.77502659
3.66015625
3.78365082
1.69921875
0.96927887
10.97310394
0.07604980
0.17206724
0.68416445
2.27929688
13.11002438
5.23283023
9.46529144
3.03560394
7.06876373
2.60412567
5.88806183
12.13102172
9.96735761
3.75123005
10.01127106
0.02287811
2.49505234
0.86234527
6.67622894
1.34720856
1.78560394
8.94010375
11.30251099
9.03906250
2.87500000
4.44396942
5.83203125
4.60591644
9.82710661
4.77880984
1.01778106
2.03560394
7.06864472
1.53613281
5.45116689
7.70117686
0.01580811
5.46484375
45.79897053
0.08970134
5.91361481
12.84204039
6.78080231
0.06388429
5.60892731
1.67516623
8.17159463
4.29296875
2.79235871
0.19181305
3.66841644
10.03369016
0.15283328
5.34667221
3.64844498
12.95312500
5.10188719
0.32291750
8.98518174
2.47156416
4.54341644
1.45251496
11.48828125
2.39155973
0.23925906
8.14404297
3.97025543
4.47509766
10.13281250
6.38326019
2.54642731
0.73970551
11.15417075
6.25484596
5.21529144
4.85066711
3.47399933
2.20328735
0.84944703
8.25018175
1.79970411
2.10473197
4.78801245
7.36686281
4.41373781
4.30513519
6.72420102
1.02286929
0.54980469
8.63448028
9.09944703
2.13476562
9.09029144
5.18904477
0.51607394
1.63618988
9.80814606
3.30273438
5.68794769
0.62646484
0.02183777
9.42622894
8.46875000
6.52644836
1.44425476
3.12625693
10.50065436
9.19197695
5.79988586
0.96577973
2.34073914
13.10066711
2.80383145
9.26843417
0.33467621
5.35355497
1.85001773
9.78906250
8.65958555
4.08215425
4.07665891
5.29878878
4.89408356
2.79146332
17.35074828
0.47448762
1.56623892
7.25239511
13.07275266
2.84810394
7.22566711
3.42618960
0.29801297
1.56058871
4.74564606
2.70031583
0.49194523
7.44921875
0.83500152
4.45934841
5.61922429
1.55423981
2.98392731
5.15714539
1.32283009
0.84074412
15.10050445
6.16060394
13.27689606
12.75504547
12.75781250
0.08689393
17.64778314
3.65840979
6.12752289
4.09330231
6.15490692
4.98628692
8.89103273
2.16752106
6.65330018
1.86230469
1.94140625
6.82633422
2.73811890
4.76863586
7.03780059
8.11354646
0.73339844
4.98986536
2.38513464
9.22220856
0.20039887
3.60758422
3.59899933
6.19531250
21.63914894
6.23194481
8.16828846
8.53638256
2.14782746
12.35156250
6.46645723
9.90976285
9.54866578
3.04386414
5.15309246
7.41380207
5.67533356
8.92271859
8.81006482
6.21545877
2.04101562
6.41796875
-0.00268799
10.30438232
7.38068706
3.27946919
11.42183317
3.82364805
2.67692265
2.98677582
10.65970856
5.87063609
4.82858266
3.52974457
8.80033356
2.52539062
10.30558040
3.72709386
8.65632993
7.33003878
8.58504211
0.14005555
5.36673981
2.15323914
16.59631317
5.02990692
4.86274491
0.54130845
8.96223875
5.31217531
9.31250000
2.91406250
1.59375000
1.63590453
11.70629821
10.58658688
6.01241245
12.08337433
10.37679078
7.77119903
6.32515348
11.41511525
5.21224623
1.87642426
0.94331879
0.52006012
1.17329926
2.31656860
0.11958863
3.00585938
2.42187500
8.81595856
1.97762024
1.53845246
5.35156250
2.70120125
2.79265403
9.18929078
0.12202973
10.39575133
1.46069398
11.24218750
13.63309692
3.68884308
2.44871551
9.86569702
4.32381422
4.21162676
3.00585938
14.42215973
11.43013519
4.96830231
4.02779144
1.94868988
2.98632812
0.51123047
1.50195312
2.80859375
0.84244376
3.09407967
1.69335938
6.10477567
3.15035128
10.08158356
14.77730316
0.14530395
1.99007203
0.73319426
6.41719636
0.11651611
8.66752106
6.73741025
0.22983432
3.59806211
8.02176972
6.32979278
1.78595925
8.28451684
9.42187500
10.52038232
5.49088874
1.37491883
8.42187500
2.35937500
1.43786621
1.67232269
8.94531250
5.09676086
5.31896942
8.32355940
3.50610538
0.90304244
0.49951172
4.81192930
7.44454011
11.67712433
1.25431211
1.12947695
1.04492188
6.96484375
0.63236481
2.96856689
0.26948973
8.03047761
1.09073914
3.45418274
4.94966644
0.16573090
4.51851286
2.32523714
1.05391262
17.67033023
10.08379212
1.52212432
2.34501238
12.48039007
0.15316171
0.76507568
3.48604278
8.52075133
2.69437777
11.32633422
0.56188996
3.12699247
1.61979250
1.75577820
11.28470856
3.57511414
14.98361703
1.84104941
2.83683289
5.68310547
3.63476562
0.49924713
14.29508422
6.17801972
5.97432403
0.95829316
5.08459442
6.49698914
5.58638519
2.14363586
3.41495789
2.78906250
0.07696533
0.01722717
4.20479278
12.13806183
3.80362976
9.33939606
2.94856750
9.08593750
9.51997894
6.62072474
1.95890569
9.93404144
5.36405364
5.66813234
5.09594664
6.70056183
6.66105164
3.84106383
0.41080812
3.50256317
5.06070922
5.52221742
2.31115692
0.71765168
13.44531250
7.86328125
5.97334746
2.21362367
1.01293945
7.88244349
7.40661901
0.95035766
2.33968140
1.91894531
0.01449585
0.02511597
5.77901153
4.50134308
0.90812195
5.77030364
0.56616273
5.89607602
8.53316378
6.81250000
1.15917969
4.28951019
3.78755707
0.77709899
0.29443422
6.90970856
0.94624848
3.08542803
4.61476728
1.64025848
8.28995789
8.26562500
0.41573090
0.19632965
0.12776703
4.76953125
0.85998504
6.44620789
1.81054688
11.23437500
0.40112305
0.88911957
0.05052154
8.34899933
0.04247009
1.94283051
3.78588805
7.20926972
13.08593750
3.19201629
0.83182832
2.34570312
4.76940825
0.72717379
3.71439606
0.95686766
7.02266511
1.32519531
4.00826019
10.49987700
0.35603945
15.24430297
5.68379544
5.42805408
3.33480607
4.60074828
6.14107269
15.14754211
11.11808289
1.82287317
6.15014960
4.76171875
7.85400266
2.29597961
2.41251773
2.89062500
9.24218750
7.78169769
0.96923828
0.37186676
5.34657638
5.03694703
4.94921875
1.87503062
0.72559591
6.30078125
0.59468598
12.38972961
2.07706726
4.63191711
8.26224513
8.53727172
7.94311835
13.80484486
4.00419658
12.87109375
1.02762412
1.13403756
4.16617797
4.37357574
3.11596742
7.31929411
1.89074800
10.51562500
0.41255707
9.93750000
8.98423248
12.33800865
8.63756982
4.20455673
9.14497894
0.04760742
0.43530273
2.66471188
1.27632785
4.83203125
1.10485871
15.40791778
2.52522828
3.55273438
3.58092421
8.22421099
3.12422637
8.97630341
3.40999204
2.61234652
6.51562500
7.34163453
1.74955231
0.70699066
1.82564301
5.00345856
0.11138916
8.24093751
11.16966643
3.67923981
7.61359597
7.66028922
10.10229492
1.15527344
0.76053695
6.66080963
1.49194398
4.22265625
3.77359985
0.49011262
5.56339539
3.57767731
9.37935394
0.51013152
9.27473626
6.84261358
3.75118074
3.85697418
4.09033203
3.27148438
5.22566711
0.59509308
6.95479278
8.36551972
0.52103668
8.75560340
2.58139184
4.28470856
7.01127106
4.25223847
3.46244293
0.18990082
0.19503628
0.16735996
1.89216977
8.60347628
5.81640625
3.06736910
4.17424645
0.90348515
3.16646332
4.74698914
3.25674480
0.80335438
5.15222075
3.65412456
2.61207114
7.04329344
6.76357824
15.56873774
9.82621778
14.23335661
2.77502659
3.43404144
3.08744293
9.85591644
0.05291748
0.25250057
0.49198581
1.92329926
12.72635085
0.90353197
10.27302915
5.03572695
8.44710328
3.98242188
9.38415527
2.57287567
4.89542664
8.30862686
4.05656693
9.74564606
0.02129120
2.48385620
0.94384766
7.13281250
1.20996094
1.99316406
9.00651000
11.29842164
4.60579344
2.65201906
5.63224180
6.45165891
6.98897495
11.29150266
5.01408023
1.12666778
8.38114472
8.07377106
8.99218750
1.77140320
5.48828125
46.14882093
0.11875719
6.66015625
13.92744903
4.32120789
0.01922639
3.38085938
1.28320312
0.00843811
4.45694509
6.94189827
4.07389406
0.44673676
3.03169769
8.45121122
0.12032199
4.79007093
5.47848376
10.16512024
11.68058289
5.47387633
0.24755922
12.75000000
2.29931516
3.71378601
1.39615968
11.10644531
1.78970939
0.30005319
0.83984375
0.78129059
0.03398651
3.35111481
2.00826019
6.07519531
4.62312805
10.45747894
6.92232269
1.86816406
0.98246246
10.53494896
3.69920386
1.61564024
4.10962101
2.87740082
11.80956782
1.41548925
0.60502106
3.91482492
1.03048758
4.88521332
2.29402649
8.46183289
1.90152953
2.32405640
8.39408356
2.55904144
8.91406250
0.88818359
0.00840759
9.53125000
8.68750000
6.94832336
1.93448914
5.43363060
11.86405675
9.58003878
4.94095856
1.52014129
2.65067597
12.33158356
2.63740747
3.48022772
1.07226562
6.89037899
1.86157413
5.96875000
10.45312500
5.89396055
1.24764101
1.79073998
4.99178413
9.82031250
1.02929688
16.28328430
0.49410004
1.08772392
7.26008492
13.35900599
3.15905917
7.03381317
3.60481937
0.33394192
1.74694980
4.65100067
6.76114805
1.24214816
5.35201019
1.70996094
6.32397274
4.50805851
1.57324219
4.50736481
5.10982269
1.70393174
0.97229720
14.84525543
6.53560394
13.03816711
11.22021484
11.56250000
0.06473816
17.63960411
3.67973182
7.05487061
4.00736481
6.17822141
4.84094269
5.79176043
0.33101410
5.00024103
6.93050421
1.44576019
11.60591644
9.31606162
8.90256537
8.63114472
3.46272828
2.38744245
9.41940048
4.91853945
15.35212323
2.97600177
7.53840315
2.95813829
9.06201047
3.50195312
3.05179964
3.83443207
4.23046875
4.48437500
7.29988586
2.14497894
12.29980220
4.87748448
4.84810394
5.19441711
5.29341644
0.91353363
4.92232269
5.32767731
5.49654144
3.73828125
0.01187897
4.43359375
1.21958342
10.88488365
6.12126108
1.45499695
0.61185699
0.38989258
1.07661957
2.43961547
0.10518433
2.77148438
1.71191406
13.89754211
1.54313110
1.70874086
5.32664894
3.24488364
5.03426086
8.21875000
0.29410890
7.35937500
8.72041778
2.58923371
5.00246455
6.05311834
7.59864474
4.47512632
3.10591644
14.65287262
7.31620207
7.47143617
5.39497894
10.59016844
5.21016511
2.51733212
1.23995152
6.60273840
3.31307070
11.68168121
0.23156707
1.65120484
0.66259641
0.94047152
8.34375000
6.79299314
0.20159518
3.20849485
6.57645722
9.35681183
10.09696255
4.94645390
1.23872894
9.22220856
1.99353058
1.29484039
1.88814301
8.23002106
6.03381317
6.03426086
8.04678635
3.80928745
0.83704205
0.40161133
4.07897856
7.29911347
5.52254211
1.52868683
2.19816101
6.07466644
6.32684326
2.61376829
7.62902925
3.61462433
2.55228668
0.30147309
1.52742492
3.66060394
1.33670989
4.91329011
10.73080786
2.24921320
3.32219234
2.70141290
0.63778147
8.71004211
13.24051972
8.26652039
6.06237700
8.35949800
0.83251953
13.23091644
0.04904175
1.84667969
6.24926696
9.58154359
4.51562500
1.47294098
6.62577239
7.47188386
0.77644836
3.51696808
2.33007812
0.02383423
0.02549225
3.87650543
0.77535004
0.49458832
3.07137024
0.31929535
4.15104001
8.15214206
6.07332336
1.17675781
5.07076019
2.73482269
4.54162567
3.37243683
5.26171875
0.92089844
2.76104694
5.87424755
2.16617797
4.27087433
10.80122894
0.42134613
2.53320312
3.66015625
2.23498504
1.00170836
0.11328218
2.21219817
7.33036347
4.00061004
1.29423066
1.31933594
1.27119903
0.44901582
3.31400543
1.25174895
7.62032136
0.24865723
2.02929688
9.92622894
0.05877686
14.80749481
5.25801419
4.90071033
2.27425919
1.35652649
5.23046875
14.22611481
9.28995789
0.68855524
8.66443151
10.59696255
8.18245235
8.23576241
14.86925865
5.03699135
11.98872894
1.35652275
1.23576241
4.06506317
1.61930328
10.50089539
8.31148285
6.32326995
10.60245789
5.10591644
10.99092310
5.98563940
5.21439606
8.59863032
1.90767675
7.34765625
9.88655142
1.18038370
7.57031250
6.28861481
3.67781555
9.07082642
3.85290434
2.44889406
6.98347961
7.87288453
2.36043274
0.58585633
2.00044769
3.64408356
0.48604340
5.46557617
0.98339844
1.41243331
9.26967133
0.69325744
3.31144226
1.20703125
3.21830231
2.58113586
0.49601258
4.88761414
2.46785461
9.16495789
0.34586547
6.56921044
3.52490608
3.27388519
4.31640625
3.34228516
4.70658356
5.43090758
5.99487367
0.25508637
6.51203347
1.55604055
5.29431183
7.55814606
4.59855164
3.59029144
0.26538086
0.25649806
0.16565159
1.70617520
2.35620179
0.02254211
6.75826019
0.27461762
12.13537567
0.36096223
1.70800781
10.32254028
18.48738586
7.13390958
11.14396055
10.78304078
6.06319370
1.88948609
9.91662567
13.54934952
1.33480607
8.18334774
5.22944039
2.37253047
2.43526153
14.36808289
10.37833555
4.83365470
2.96497174
1.89794610
18.27657136
2.29891179
9.88191711
2.39978058
6.69433594
16.56831007
0.05424853
2.24804688
1.90848785
0.81835938
8.23538343
4.56584552
13.43302305
1.60754488
3.74849457
1.54935699
1.39595551
0.66162109
7.06250000
0.11218262
0.17077637
0.04165649
0.58837223
1.08870983
8.84863281
0.84179688
6.60937500
5.78612035
0.77247340
3.18615692
0.30651887
12.37852477
2.23182679
3.46634918
5.22945160
4.17187500
17.93758117
9.87112852
1.64796542
5.30814606
2.43717469
13.23002106
0.75288910
3.41796875
2.59367371
6.57543883
2.45046820
3.70907801
12.52087433
10.60298427
5.31844304
9.91060394
0.01018524
0.16227203
7.72574579
0.05355108
4.23183747
2.79448913
15.85351562
5.80859375
0.26733398
0.28881836
0.01608276
0.00509644
0.00114632
0.16124845
4.05712199
2.85351562
5.68750000
5.83939606
0.85640473
7.80468750
5.60546875
11.36535090
21.77408688
0.02286960
7.97241211
11.78906250
0.59326172
6.21353502
2.77279310
7.63236481
6.25195312
10.05465759
3.00829010
14.03131104
0.23046875
8.89575133
10.90112367
0.12695312
0.74462891
8.72224042
2.21188220
6.93001219
3.43176363
3.57377106
0.76965176
9.39689273
1.80611176
7.57857269
0.26586914
0.00442886
11.88191711
0.72952966
3.51282081
5.80859375
1.22318512
12.57979278
18.18308624
6.69805849
15.43777787
7.33077681
28.90303559
3.50974518
3.80805180
0.52568844
5.80529647
0.26901235
3.72566711
9.69620789
1.75000000
4.97220856
5.20943207
15.11092102
3.74894226
2.77396637
3.90865082
1.89920490
2.61837322
9.15970856
1.66768340
2.59598847
1.34810394
0.65039062
0.24060059
0.56372907
8.99231050
0.20849609
2.42968750
3.55078125
8.25781250
1.49063837
9.19435197
6.64343417
3.50195312
6.10201019
15.71048981
0.42561766
2.62902925
2.03767758
5.52970523
0.47680664
5.52343750
0.15466309
0.66406250
0.04800415
0.14613981
0.80175906
1.14265151
3.07353501
7.16796875
0.27276468
0.03909302
0.19700010
0.59432070
0.63366481
1.39807347
7.38671875
13.39843750
2.19095856
0.42769379
7.24173981
0.94824219
4.20145224
0.41130014
7.31595856
2.66451019
2.87002355
0.02353113
1.38403009
2.11694647
12.96081450
12.50012300
9.85412567
0.98962433
0.81835938
0.51643735
2.87345523
7.28125000
4.53470856
3.26562500
4.90669769
6.83984375
0.44409180
8.71695922
0.36775758
1.61621094
5.00722685
0.93613253
2.48681641
7.96830231
3.25195312
1.24023438
3.40865082
3.00345856
2.04536957
1.18021637
8.83127363
4.72969636
3.65999390
1.60843653
5.90416889
13.19462876
7.38289118
16.89773383
11.81446808
1.08292664
2.50000000
6.67968750
0.42923918
0.16646394
7.23002106
1.67915863
1.45752680
12.11307956
5.36325358
0.53581280
7.27644836
1.86088043
6.24987700
4.03271609
5.23412899
4.55794437
13.57013946
13.35290558
12.34517426
6.92533356
10.51000665
7.92313940
19.91495789
2.80139129
5.22009308
16.39774380
8.06274601
8.89497894
4.70544216
0.06189183
0.15667693
0.50280793
11.32710661
9.08260195
0.56147942
0.65539893
5.76696777
6.07377106
10.34029144
27.82347823
1.68921708
20.60773660
6.88107352
4.30513519
1.55371094
11.52197992
13.96350067
2.13887854
6.61973953
7.28515625
0.21335690
4.30403812
12.64655807
0.21139267
4.90279144
18.18750000
0.03265869
5.57343640
4.18527149
3.15039062
2.33422852
4.60937500
2.11523438
4.29252106
0.28710938
1.82315977
17.93762300
4.77897156
4.06986481
2.43794769
0.12548828
3.19482048
2.95557014
9.72800565
2.93314107
6.19727061
0.52372160
8.86295656
5.08593750
0.12925201
43.82543883
3.79614196
1.73531222
18.16219055
1.84407469
0.35262148
5.73046875
6.69944482
2.85044104
30.26512800
16.33732491
18.06177256
7.16707336
0.12174500
0.66113281
12.78568512
0.60791016
3.10217254
0.63411500
1.91668868
2.23807707
5.40962801
9.37410461
3.33699524
1.70642121
6.68359375
0.14265961
2.94531250
8.82812500
6.92488586
6.58638519
9.02420989
17.45491578
5.79475953
8.49880431
11.62184175
0.95113129
0.64013672
7.99173981
3.53381067
2.53011358
6.49251219
2.12866024
3.83931737
8.29341644
0.01141357
1.29492188
12.83593750
7.82767731
2.77318651
0.67647994
22.14069091
20.43794769
25.92670103
-0.06244321
40.57181793
9.02343750
3.93404144
20.86633145
10.05289672
0.97868046
8.97119141
4.45019531
3.31445312
1.27050781
3.81807403
0.56034394
2.84643368
8.61755433
3.09672152
3.49654144
7.47656250
11.97220856
0.73677582
1.95113004
0.71586214
1.40722656
3.89813720
14.44276429
2.07706726
15.45059619
10.99996533
6.14798981
0.39302582
2.08113586
0.29435242
7.94563719
1.76546203
6.52777765
0.92919922
17.09708555
4.05312248
7.65626994
3.93660461
10.67622894
0.08357758
6.90490692
19.43493683
1.56440859
10.03219968
3.27779144
8.69966644
1.77636719
11.77668440
11.98446365
5.44588320
5.93961547
10.96618683
6.05047845
7.71852393
1.79365996
8.02176972
1.32315478
2.61971506
9.20926972
0.89750152
0.83418855
4.48482269
3.43480885
6.69995678
11.10156250
0.01690536
10.13627106
5.54750943
2.48959995
10.04073028
3.95235261
2.05273438
6.11637079
2.65706671
2.43945312
6.40625000
3.03827173
5.49435726
6.17114694
8.89843750
0.60835785
12.63627106
7.69966644
3.63930630
2.37631870
10.05725067
4.71228058
7.56717864
2.27026429
4.28125000
2.91271942
13.20894254
11.58337433
0.18457156
7.47176086
2.58687348
0.94482422
3.60697418
6.89933289
8.98002106
19.40820312
5.27677305
1.44437777
1.40287262
3.35599762
7.85982269
5.49701289
6.58081117
9.05033356
2.08833832
11.77496338
5.61942535
4.45658356
0.35249848
2.75630707
3.79492188
4.75345856
0.43452973
1.14550781
4.58450577
5.03658798
5.28515625
3.64485594
6.09061614
7.15905917
3.81551086
8.76652039
4.24519836
0.35640473
9.34029144
4.10502106
2.74462828
5.47880097
12.11665863
2.60982269
7.09106383
25.16959220
7.73499002
2.65661403
1.89852116
17.64920288
6.40234375
9.17622894
6.10359680
4.35201019
2.38431793
0.73042816
13.38191711
3.96769226
9.36079178
5.14116134
7.11328125
8.85567044
1.35917331
5.40156950
10.34912234
0.11991363
6.36149047
9.15527344
8.40022828
11.26908356
2.04146332
4.09468598
4.51562500
4.12109375
1.98632812
8.42097961
1.94112090
15.40547761
17.11169216
5.39757782
1.91805241
6.59285461
2.89289783
2.77356549
8.06250000
1.43404144
12.90535461
9.62154144
7.26699227
2.45805961
7.76607269
8.33504211
1.48624695
2.10546875
5.39798981
0.88704406
15.51477315
2.20793162
1.57528028
2.60420933
6.07076019
0.02735901
0.93701172
11.92968750
5.57767731
7.41990080
7.01139406
0.57670074
5.27298981
17.80280558
4.11508200
1.31347656
5.30423981
12.03560394
6.67142731
5.73258422
3.52779144
2.94079621
7.36450133
1.59346590
1.06905484
5.82767731
1.03267426
1.28808594
7.14754211
2.64835633
9.76908356
7.19140625
26.07767731
2.20841492
17.25585938
22.40143839
-0.08450327
18.45703063
3.96443540
1.54366245
8.05468750
0.07175721
4.10859763
3.51444924
1.83995024
1.84856659
7.43493683
1.92187500
4.76953125
2.75044769
5.10892731
1.32324219
3.30513519
15.02754544
0.96659519
7.69164977
13.88627106
19.84932527
8.04508422
0.04146363
0.73535156
2.72184999
8.05712766
0.91369847
7.75044769
0.41943359
1.79349762
1.01521789
18.85867462
3.82430740
2.60140015
1.83984375
1.96244293
6.47277801
10.85681183
7.94775391
1.59472656
5.89497894
5.04553192
0.13346375
3.98842864
6.80409241
2.45206726
0.81693512
4.26428192
1.94026734
13.51017149
4.28189938
3.11653812
14.41316711
3.54732269
0.34228516
0.05162536
9.22745789
3.40669769
1.70853668
4.50211547
7.65242243
10.78731604
6.25097656
5.42578125
3.70312500
10.46875000
7.77269947
0.01196850
2.08593750
1.54012024
0.30244965
3.95117188
23.95819704
2.64727171
4.68827239
2.80000886
6.37475399
7.10571476
1.27388519
2.65970856
0.01852936
0.16418457
0.22546387
5.17751742
3.30640957
1.21337766
3.16341312
1.08548981
2.66255707
1.67089844
0.75781250
2.69742797
2.38265015
9.96439606
0.60493988
6.17533356
6.38210883
0.45525293
3.28576629
0.15502961
12.97487852
1.89963319
3.00000000
4.91381836
4.61283356
9.05904144
7.73840332
15.09375000
0.52832031
8.34541778
1.87622008
0.40482699
0.66162109
0.04562378
1.94627071
1.97433399
9.04687500
0.40966797
0.15991211
0.01361847
0.00583267
0.00084972
0.12659658
1.56967424
4.32421875
2.82617188
5.17187500
3.42293274
0.93599457
8.39497894
6.24564606
5.82441794
5.12764582
8.06262300
0.78662109
1.95019531
0.58548731
2.42525487
7.91316711
6.75089539
7.45167333
8.57567042
7.87109375
9.93827239
12.11641511
0.15332031
0.50390625
7.59915794
1.85640846
5.18570922
4.74397828
3.07617188
1.04325285
10.26049867
2.93359375
9.96439606
2.02237976
14.48514739
1.07417318
0.64722240
1.99511719
4.45703125
2.17533356
5.21093750
5.53515625
6.40279144
10.36230469
7.13834594
2.42517121
1.90234375
3.51367188
1.17044825
3.22257757
7.51127106
0.67004363
3.54972351
3.24112976
0.56937652
0.36568207
0.41008598
1.54594027
2.26216644
3.68652344
7.43359375
1.15124418
8.32289494
3.08190825
1.88277316
6.27087433
18.25931793
0.65702239
3.11881593
1.48815825
5.24231050
0.54492188
5.26171875
0.25223785
0.91841644
0.07537842
0.13869871
1.27836214
1.68171463
3.61772384
8.20312500
0.55895644
0.03191132
0.24210508
0.72469179
0.92394739
3.43396276
2.20853668
5.26171875
2.85941559
3.13507785
0.02402066
1.20609465
3.90352449
10.91393950
2.49503601
8.69364472
6.60982269
0.84370941
1.82401457
2.02657136
1.91796875
8.10448471
4.63895722
4.37980164
1.14297713
4.41683732
9.07812500
7.35384032
1.96842531
11.95568817
5.25813719
13.97724624
12.14095966
0.53613281
1.87695312
7.19140625
0.22098754
0.15791871
7.84330231
1.74165863
1.53204221
12.58862367
4.76888228
0.69039502
6.74129211
1.87410461
5.37186614
3.97758089
4.29003657
2.78418218
13.36028746
13.14436890
18.40279144
7.84370568
9.21532580
4.24866688
19.48286957
4.20043883
5.29956117
14.76985594
5.50704011
7.89737976
8.81416778
10.83850067
1.96602449
13.41048094
1.39473294
26.65061919
2.80010748
7.99308289
4.70658356
9.23091644
1.76997894
23.78014856
13.10567044
2.27511026
18.23637909
9.42187500
0.16955535
1.03747590
10.69848571
5.43916778
3.21154754
2.84957003
6.06294769
14.87410461
0.66609431
25.21185852
-0.78229029
0.21081543
1.85054535
0.25992828
5.34375000
21.73693817
2.03461827
7.17370014
1.86039838
2.45898438
1.51631621
2.15458222
5.99731383
2.45190492
1.43802887
14.13448028
16.85286500
6.12101258
3.24910461
4.06730164
0.11773682
2.98119681
2.88013131
7.57780170
2.09765127
8.01713541
0.77221617
9.70235261
8.21875000
0.10388184
41.16271942
3.79508422
1.53243074
15.60230499
3.30851009
6.45359708
2.08705451
26.72537678
15.46618683
21.17857049
1.79873004
7.19608819
6.82702543
17.25078557
8.13370789
0.18139648
4.99519836
4.16105164
8.59375000
0.13442381
9.21451906
6.51333223
12.16334441
0.13916016
0.62988281
5.03515625
2.71683590
3.31140292
6.14408356
3.85986204
3.75582003
10.17968750
7.87845856
4.47147053
0.47376080
3.49414062
10.62320922
19.05236848
16.99350796
6.78540226
32.45784298
4.67346409
1.55078125
23.37036071
11.80277372
1.09977421
9.91748047
4.36328125
3.64408356
3.13822418
2.47355164
0.85400391
0.85713528
21.73823693
10.85657268
5.96875000
0.55660004
1.46545379
0.25109894
7.90222075
0.64384035
7.81164395
5.33892978
0.66064453
4.82812500
10.89590869
4.09928967
10.58646388
3.37274408
3.64076794
5.12801086
13.81685394
2.33398438
1.94673676
12.00345856
8.50498339
5.61220411
1.32625305
6.04821808
4.07368241
2.88798752
9.00500333
0.70947266
0.79040683
2.31640625
4.02734375
3.72806793
1.23701934
0.70874086
6.68750000
0.01477104
5.67622894
2.93711603
1.38274877
7.73258422
4.05301972
1.62890625
7.36592310
2.60282690
1.21582031
9.10502106
4.77591387
9.30814161
6.20402039
6.40055297
11.61116578
1.09570312
13.94432846
1.10645279
5.01953125
4.07108489
6.64599672
2.69144559
7.85783023
9.37845856
0.40645355
12.21439606
8.22843196
0.23392980
5.51004942
7.75358156
6.82031250
4.98872894
6.15234375
6.23937833
0.40560062
1.87988281
1.67699635
10.08276928
7.46093750
1.56205231
0.60493988
13.08939606
19.04349762
6.54349513
1.18493933
2.43750000
2.35713653
7.58426972
5.87578785
6.70011414
9.03906250
1.61425781
12.11181641
3.61454254
1.93705231
0.71769226
9.01908356
1.57954926
6.13577904
9.53335550
2.83778257
3.08247894
0.70996094
10.45865470
0.31327737
1.89062500
2.44868864
7.06103391
9.60359929
2.39994293
5.33292664
5.09631317
0.31778992
3.63716644
9.21875000
7.14993795
2.20162455
0.61425781
2.45259489
5.14945589
10.46671539
10.96350067
4.32076019
2.72790558
5.16316711
19.85610816
3.26978723
15.96632873
5.86584442
9.21708222
7.72957336
4.59151153
2.37723847
0.81783051
5.86246454
0.63265265
11.95507812
6.92187500
5.59765625
12.14757647
1.93445478
6.18664488
1.34590730
5.13236481
5.07466644
0.91031860
0.32922394
6.78906250
9.05342559
8.06083222
8.31506317
2.03499390
3.24466949
5.13281250
5.39497894
2.17968750
8.17533356
2.52901153
17.14676972
17.39192376
11.95639176
2.26041999
5.40189606
1.28343730
2.55770833
7.21529144
1.53995789
2.70312500
4.89843750
9.59205155
1.67586990
8.23437500
7.44262633
1.31962129
1.88326019
3.85937500
0.63273070
19.52717642
3.81055186
3.13826352
5.11128878
9.99654144
14.53336547
17.40909353
8.94771830
0.81103516
3.41451019
15.79710793
8.01966422
1.61853058
4.98347961
2.51261414
7.36718750
4.30680297
4.83251953
3.24007203
7.60758422
1.96468140
17.44681793
5.12845856
1.17960633
1.39213043
8.94441711
14.32633422
20.12813386
9.55187833
0.06775058
0.85888672
3.56098603
7.74373227
1.30346991
10.52779144
0.47583008
2.40462219
2.22420227
3.43320566
4.84981604
0.82763672
2.64798981
3.88073637
2.45882203
9.83862367
1.99076324
3.76802582
4.82377106
15.00000000
1.94754848
0.21598515
4.19921875
2.02539062
1.38427672
0.10143950
5.48449800
8.57377106
1.74723266
6.98270722
0.08715820
0.31473723
12.38204011
4.36673981
8.33247894
5.23002106
0.29137177
15.85758422
1.20739777
19.60265459
4.78646498
12.48591977
2.55019560
2.70367131
7.12890625
6.68558622
6.78856051
5.51189605
14.09350648
13.17231273
3.99431294
22.45877771
3.81555518
2.87325250
1.56250249
15.77164672
2.38098238
1.38867188
15.73730469
6.59765625
8.75345856
8.81250000
6.14806849
7.33284796
2.03125000
12.06327239
12.47387633
6.10854131
2.80896276
1.07100371
2.64481660
9.05379211
6.49914239
3.26074468
2.94649324
11.36885528
10.02176972
6.73828125
0.74117035
12.75349042
8.20166888
4.38326019
5.43212766
2.49605441
1.80859375
4.39184508
1.32397523
6.78906250
2.55078125
6.59570312
16.21439606
1.51314301
5.07767731
8.34375000
2.87154144
7.86718750
0.01387024
5.45658356
8.06250000
1.12544769
6.27734375
7.45601286
3.23946199
4.54341644
2.35485871
8.43314606
1.70080535
1.91878297
5.76517731
0.82206020
2.96403202
0.05737305
1.23180436
0.70276595
1.82421875
2.61595683
11.31987477
0.09405518
3.64257812
0.09572357
10.17431516
16.47119265
15.17252438
6.56966312
1.88972213
0.58443955
9.37475399
6.37569370
5.21002716
7.90475952
9.65625000
13.26562500
0.57564301
18.59134918
0.42163086
0.19746918
3.92175200
3.21496675
1.78613281
2.98978668
1.84737090
4.09252992
8.87410461
16.93310547
7.46101618
4.75081671
8.20658356
3.72505707
8.87577239
0.32198152
12.11283356
0.20906586
10.98758755
7.17781056
2.73792220
6.88270870
1.73567874
7.66931183
1.76489196
1.16914949
2.00000000
3.09923538
4.64250443
3.99609375
5.06640625
4.18794769
3.70303137
2.50460992
6.05212433
6.23168883
4.84907802
6.72782690
3.10546875
5.91978392
0.79896608
6.06577129
3.48924090
3.36446199
8.71875000
0.93457031
3.20121122
0.86271304
4.52400322
5.98384862
4.83650820
0.46354187
1.43404144
4.36718750
0.04812622
8.54585661
2.14510195
2.89107269
9.31250000
5.92968750
3.26562500
4.25264185
9.45003546
12.20312500
10.68094692
9.02022495
4.82027191
1.51269531
1.75931793
1.32356688
7.22668550
0.62988281
1.69388824
2.06644559
4.45939273
10.71439606
2.82637356
0.52563663
9.68184231
2.74979831
9.89843750
4.49039672
0.79093445
0.93465149
14.63627593
13.63199579
3.71333832
2.44791999
6.33984375
3.77042664
9.33939606
0.03004975
6.18705231
18.50801543
6.10790891
12.02701906
13.82824800
2.80273438
9.64062500
6.10156250
1.31835938
10.95735594
6.73449800
7.11283356
14.48413086
3.28877715
0.49877992
5.01517731
7.61328125
9.30122894
1.19966520
8.06697695
1.49361176
0.18383789
7.53857048
2.04496620
11.50077239
5.36149172
3.14465301
49.01411957
0.99503601
9.52075133
2.52868683
8.37589539
3.94681793
2.94425476
11.96683622
5.90425753
7.48002106
11.49290559
4.07785460
2.03172956
10.05579454
8.31046321
3.53377382
0.24939121
23.62849291
4.85543439
1.91064079
2.29781471
4.31986481
5.65917969
7.05513519
2.08524566
9.83593750
1.69380707
7.85502106
6.18359375
0.28588867
4.07857269
3.35359431
5.45304632
6.45658356
3.04634613
1.74511719
8.24475067
5.56384308
7.29687500
8.34375000
7.40490692
0.30896027
5.51086270
6.37288453
2.17643312
5.19311555
12.99910461
3.06205231
2.13370789
8.57031250
14.89920989
4.32600953
2.83801558
1.91653951
1.43311170
5.95568817
2.15519226
4.02868683
3.10078513
15.93265051
2.44181460
7.14306485
4.01798648
5.30814606
1.09855164
9.00833888
4.00337987
14.63012633
4.06083222
15.92187500
9.37935394
0.14408356
4.31250000
2.55904144
3.02343750
2.92008422
5.42321808
11.27457641
3.19006317
10.50268617
7.98091644
0.18172211
13.25585938
3.41512024
1.19388855
8.11498338
0.63261580
3.75349291
4.64148603
8.75691711
2.39693207
5.67622894
5.05379211
11.91060394
3.52795379
8.81774933
14.82108489
8.06518617
13.40189606
3.39587433
7.86104278
2.05301972
24.63703156
2.82812500
7.32198028
5.95536347
0.06725524
28.02868683
1.94433594
7.36000580
1.67533356
4.52343750
1.46679688
1.90181488
10.53792110
3.81364140
3.27734375
3.27393554
1.72017426
6.34224457
4.60636414
8.28816711
7.75000000
0.08744324
1.98535156
6.25020169
2.12479831
2.68269836
0.03235901
10.84638188
2.99301418
10.53885832
2.45084718
8.99527704
7.98128546
0.07219909
1.46272828
4.32869072
0.74357491
0.74755859
1.26574551
2.92273105
9.53125000
6.81156029
2.43799202
10.30712766
2.28316378
11.61718750
2.48522949
7.92187500
0.79052734
6.16361481
0.73872894
4.61718750
2.53710938
6.88281250
0.55322266
0.53564079
1.05766151
1.28658051
1.18945312
1.36193817
2.64782746
0.84130859
7.06205231
8.13281250
10.21447474
2.93636358
2.83398438
4.36623283
1.22556404
0.29663086
17.82523590
5.41841644
8.01562500
5.04553192
6.24068207
8.41752106
1.15759308
8.31327239
5.55000886
5.46484375
8.29317044
0.83735927
20.42675532
14.97787123
2.31791168
2.85937500
3.08406306
2.24646276
6.68314606
7.24263519
3.60937500
1.14949524
9.75723183
1.93808067
4.75077239
5.04797457
8.37064606
6.66060394
3.93164062
5.24955231
15.20584553
3.36642010
1.10335266
2.13610871
6.97521942
5.63492797
3.63700410
2.61417664
13.26293883
11.46032248
2.84509807
8.75036403
5.68038120
0.85738129
2.54357879
0.70491578
8.71093750
2.26757812
0.73649047
1.42614777
1.67622894
17.67126854
5.10400266
5.13477061
9.12320922
10.96183289
1.17162774
4.45874335
9.15677638
0.80212683
3.27494293
17.80574555
3.02254211
13.86027039
6.74609375
14.50317352
30.94531250
13.18493683
1.77408844
21.81395363
4.14254875
0.54248047
12.79348609
1.16146996
8.02343750
5.46093750
2.11767454
0.18412386
7.31504323
8.41587322
0.10520416
2.01997894
12.83939606
12.05110594
6.19498781
0.93355316
9.97566711
17.25292969
3.60982269
5.49564606
5.90999266
5.23091644
1.84403535
7.67426087
7.71004211
7.41784575
9.42981050
1.83150238
1.96919769
7.46830231
0.59273285
0.00483322
9.31250000
9.25691711
2.24385528
3.68627992
4.76908356
8.44698028
5.40112367
7.21205148
0.88194203
9.13985261
0.80004821
1.04927582
4.59767466
17.75691711
0.63102297
3.04976286
2.17423150
13.15027260
6.38358613
3.74458832
1.91992188
5.50781250
9.55814606
1.07857269
16.24934875
3.12799341
4.86862920
5.96394836
2.49743683
3.56091091
3.00398991
3.18599457
7.67968750
2.69588174
3.50660239
17.89733046
16.32682624
3.18901041
9.41841644
2.04492188
9.64497894
12.84631317
4.75044769
7.68867077
4.95187056
7.70215093
0.30257110
0.40360566
7.65881317
6.63821920
0.88753795
3.83470247
8.69024046
5.20601036
0.51123421
0.17114258
1.48410979
2.20430574
8.90189606
0.08056641
22.85892731
12.22810727
6.69103724
14.07377106
6.91333444
6.81250000
5.51562500
3.52974457
8.57627007
7.44535682
2.01179992
5.58068817
1.70491578
10.61718750
5.05814606
8.26729278
4.10079011
0.29345703
0.78967254
4.15714539
2.98677582
2.18359375
0.72119141
12.32332274
1.66121399
8.69799867
3.01847351
3.59269226
10.75199371
3.35107048
7.98140846
8.29304743
4.02388769
6.51997894
0.09244781
3.61568207
10.01065603
5.63472628
8.63012633
6.28955452
0.46179230
1.87718667
3.04175864
1.75097656
1.22252951
4.85152565
0.10143950
5.48449800
8.57377106
1.74723266
6.98270722
0.08715820
0.31473723
12.38204011
4.36673981
8.33247894
5.23002106
0.29137177
10.89318817
2.27087433
20.37951660
5.97265625
7.56403364
1.27860629
1.75781250
7.55033356
8.41841644
4.63743684
3.14592863
19.08210993
8.19702460
7.51566559
12.78906250
4.38716644
5.09798094
2.20821199
1.97798676
3.90205840
1.14579316
4.47611481
0.66011566
1.98115996
7.81038453
2.43570922
2.93538453
16.29406583
14.10046542
11.72896332
6.88671875
8.12402344
0.01548767
0.01482391
1.50318234
13.44617353
9.72477172
4.15246675
0.15881348
0.74385528
9.53649933
11.68839539
2.66601562
2.89754211
3.14257812
1.72058012
6.35258089
7.34330231
2.26290841
3.70309064
6.41023034
16.17622894
11.67422651
4.35401263
1.65722656
7.51322418
15.39720745
8.37623005
2.04055671
0.29293938
10.47607048
7.19188830
5.59030141
4.12890625
7.50736481
3.10786957
4.64363586
0.65572113
1.68619439
3.60355995
2.44531250
1.46219692
8.49243351
6.10188719
0.99772218
0.31123871
8.54687500
1.94848633
4.01818817
4.21919769
6.69531250
3.82857269
2.97505707
0.82629363
0.50577820
9.35937500
8.92618213
3.21977338
5.70568723
1.84725039
9.03560394
1.03869598
2.77327515
3.78125000
4.48465537
4.73409463
4.63671875
3.02773964
4.09644614
7.49397828
1.98535156
2.94900710
5.03447251
12.02257647
9.79659463
5.21944370
6.28951019
1.81437195
4.77754544
0.84647800
4.25129751
8.54224069
1.58805297
5.60111481
2.21317597
6.02254211
1.64737976
1.92016539
1.05196199
6.36799673
3.05530252
11.00781250
1.84977172
3.34163453
1.25000000
0.67923981
0.94311461
1.42862976
9.39216977
17.63911075
16.02180408
3.97119016
2.20952072
4.57979278
9.94274933
20.41707336
5.06160461
13.59285461
6.30090425
3.22701019
4.94531250
2.97851562
1.52441406
8.90523161
5.79398714
7.20267731
13.02673340
3.73018340
0.43046113
5.32857269
10.02343750
6.11376579
2.77543495
2.74218750
0.98766996
1.56368074
10.56070922
1.43676820
8.59377439
3.45354831
4.47611481
6.72029539
2.11100343
4.14497894
9.34928344
1.61641138
5.27649268
6.40189606
3.88863129
2.00781250
10.31250000
0.20292145
3.98482269
0.65039062
1.02929688
0.39583313
5.02388519
6.87064606
2.54972351
4.45645806
15.83772828
7.19950659
4.32466644
0.01745605
0.11395264
7.75948028
1.75760957
2.31156278
44.53779810
3.73185616
3.13115687
1.74645529
1.78178634
6.58414672
3.17533356
7.12813386
4.67622894
16.58116772
3.59709552
5.72165862
4.21016511
5.75736481
1.32316101
9.23978170
4.25631205
15.43302305
4.04309175
15.63911957
9.31250000
0.07989502
4.94698028
2.38114472
3.50585938
3.52811614
5.55000886
11.07425809
3.16210938
9.24320589
8.83158356
0.17236359
15.40039062
4.40144836
1.08986420
8.87633312
0.90687001
4.20225898
6.38998559
5.82031250
0.46028625
2.12935394
6.28381317
0.32649781
1.53071989
4.91508089
10.27685547
2.84570312
1.40180419
1.05550172
7.07812500
9.74827793
6.83765957
1.11328125
16.65124512
3.39213043
11.30981383
10.20235261
0.10140929
4.69051086
0.92472351
5.72489472
1.84277344
1.38130707
11.89306516
2.93896609
2.26367188
1.38248169
1.32804383
1.36783750
3.32238863
7.71606383
5.79219636
3.23437500
0.05953979
9.63781583
7.61925865
3.77808178
5.18859708
1.26456477
2.21578346
12.40860899
3.52986757
7.42008422
16.80379211
1.44506898
0.42431641
1.11869293
4.64965758
4.47924867
10.53470856
7.35005209
2.06490580
10.86604610
2.65543827
13.12064606
1.71768157
6.76741578
1.00585938
2.05468750
3.00646942
2.36267121
3.30725067
1.59509308
6.27343750
0.88281250
0.59968712
2.58463874
10.68493683
11.66752106
2.47318512
2.49112976
4.58894836
9.91841644
7.30379211
0.73815949
1.56835938
2.41967587
5.12133976
6.07031250
9.38936060
2.07840786
2.97611979
12.82571920
9.91088431
9.15402149
2.39453125
3.44990249
3.32007646
6.85156250
5.39017731
10.12410461
9.65689938
2.65258976
5.41182403
3.08231660
2.57857269
8.13972961
3.09045379
4.96272828
2.86568207
13.00948028
10.69367908
4.12496564
10.62966867
8.18779532
5.71964539
2.28816711
4.16105164
0.67773438
8.40625000
1.81640625
0.64855926
2.04626496
1.78613281
15.28854697
7.30351174
11.32722961
8.69274933
1.41463071
4.23840425
7.07698360
1.15474706
2.45027649
2.26847351
9.53125000
20.49011137
5.70703125
3.12121675
9.53767509
15.65122872
0.03152466
0.01898193
0.69617125
12.27176972
9.27433289
4.80122894
1.80228668
1.83833832
3.02298981
4.05102228
2.39278479
2.97435838
0.92114943
6.50585938
6.75781250
9.08158356
1.00533051
0.30419922
0.36596680
4.56250000
0.05438232
1.68634520
0.46709718
1.46207641
15.43845643
3.50618407
2.15096132
7.52334885
3.17542220
2.74804688
1.10742188
2.79146332
6.13091356
4.13066267
1.55086242
2.49698914
3.58459442
1.43050172
8.01171875
2.91707336
8.76114805
1.20752078
0.18310547
0.39872223
6.98091644
3.06054688
3.07226562
0.84232574
5.84228391
2.59326172
7.45414339
3.45507812
4.87198914
8.95804840
3.05179466
8.66544991
8.72106716
3.03141484
6.55904144
0.06897980
2.79146332
8.72940603
6.46573914
8.97643950
6.66781139
0.43330902
1.78282539
2.92078789
1.63041168
1.03047263
4.73010597
11.04206339
4.58639516
2.89693207
6.01367188
6.81213099
2.74377659
2.02807679
2.02750111
2.73910045
21.13448028
0.48225953
0.52632660
4.52057403
1.95313995
11.21573914
2.17972435
0.05566780
2.33247894
0.04306518
9.31339539
0.95263672
2.39062500
1.73535156
3.77917387
1.48600343
0.16328949
0.12699371
14.39453125
2.74263519
0.01609665
9.44877106
4.89700078
5.56243129
5.80423981
0.00940979
3.70020911
17.65847406
3.00919493
14.50358156
0.77917512
4.54190603
3.94637522
2.16556793
14.83044216
20.95414339
2.94828402
0.08154297
1.29056793
7.45552582
4.67578125
4.40869016
15.31787234
0.15820312
8.95117188
5.24560547
11.37908479
1.00599733
6.38386525
2.12590037
1.17480469
0.32010895
8.83112464
7.09473404
5.18933510
12.72985840
2.77840149
1.41007508
11.35156250
6.01171875
9.26127106
0.33231442
1.46757175
11.50052887
8.08593750
2.59960938
0.05999756
4.59943208
5.38298980
13.29634613
10.49039672
10.06290337
2.31148659
0.55855316
1.70312500
5.63452148
13.41458888
0.30806737
2.36328125
1.84675120
3.12020833
3.28910184
8.69376773
10.14782248
1.53772440
0.77836090
5.17232269
15.13085938
3.33447266
19.58971078
-0.27326394
9.12385860
16.32340702
2.41361481
8.55122894
7.00390625
1.08007812
7.40881317
2.64050200
1.28804660
5.17142731
4.68404144
1.82047485
1.67561890
6.14729610
7.14158910
2.90943816
16.09659353
4.85653147
6.73425200
2.50659242
0.93489625
0.22627777
1.71150322
10.18346701
24.08758348
10.61897828
27.77148438
11.02343750
5.21963542
1.63147938
2.19771332
4.25390625
1.48750637
3.59745456
3.25390625
1.97583008
7.01428192
4.26753629
5.72501773
17.76171875
8.29508422
9.11808289
2.29740138
5.23083776
3.20898438
6.10265958
2.91284242
0.22062258
10.79418883
0.22456941
8.18395934
6.48225953
3.55558289
15.24218750
5.14530364
9.54956117
8.99218750
8.53962323
7.69910571
5.17187500
2.92980801
38.85502106
5.65950687
0.72265625
2.93945312
27.97666004
3.53025707
21.19198608
2.20487146
6.79602393
2.08984375
5.52298981
10.33279367
10.34343528
4.32242797
4.96199586
0.22794524
0.28609285
0.50683594
2.38028868
4.32661957
6.20581117
6.72790558
6.06461547
0.50915558
6.58939606
9.21781029
13.55998116
0.50728363
18.33094341
10.03133865
12.34053745
3.84855164
0.35400391
1.82726895
8.74499667
3.21875000
12.02343750
0.24556488
7.36244565
5.33003878
7.15234375
2.81302638
2.31828069
6.36328125
2.42101532
19.09810394
10.62206128
1.44324634
0.42822266
8.81359583
13.03304078
2.38065769
13.48270722
7.71529144
1.71585965
0.99463015
1.67329926
6.80957031
7.81205231
0.25634766
1.86523438
8.75435394
3.90234375
10.02343750
2.26850164
0.50985926
5.33276305
3.61250886
8.01000665
2.57023382
1.55187833
1.52706089
0.48217773
8.26712545
1.40002909
3.60725953
0.96044922
3.14453125
15.13183594
7.91621233
1.06388990
12.26660094
14.58426972
4.78890015
8.34375000
0.02645874
2.07718902
12.70121122
5.52632785
6.16060394
3.06595856
6.54836548
1.23919159
0.78125000
6.58003629
10.11442078
4.37117098
9.17789672
0.86702515
10.69877106
5.45658356
1.25458780
2.01937887
0.28173610
11.01330784
19.39408356
1.19576019
3.29040953
7.65864926
8.58797429
1.47904449
11.65189606
2.95552582
3.18094692
6.71207890
3.31640625
7.30757536
10.53918550
7.95238697
0.19360788
7.43941378
12.86828458
2.19616855
3.22147053
8.38444592
0.92635070
6.20742714
4.89210106
8.83744168
14.64212680
8.40535461
31.15588099
7.46867007
0.65466464
0.92317688
0.24125152
2.97550476
13.67968750
7.11153168
1.22949219
9.43827239
22.44661531
10.96260528
3.86824524
0.20381746
8.40775543
1.80716949
8.42277039
0.95263672
2.63553801
0.87227449
4.83158356
1.00803588
5.67273499
13.14396055
1.35648714
2.44335938
0.92830383
0.32535641
12.58182956
11.24654144
2.49576408
1.52474374
0.94335938
7.91926751
1.23405280
10.59211658
6.89225842
0.11834717
3.00000000
0.51533685
0.79069343
9.58939606
4.06304869
10.54610261
0.01250458
1.45703125
7.13928192
1.56994660
7.47676419
3.46569980
5.91886414
0.03955078
0.06757599
3.19291168
11.86629211
2.01936890
9.23514739
0.24804750
3.81017786
0.74495733
0.28027344
1.44040924
8.96004211
6.18404144
5.20011414
5.67845745
1.88990192
3.69681793
0.00667328
9.42824580
3.85992131
11.48136414
9.34285461
10.77433289
7.20133422
2.39001496
5.49084442
17.66931183
6.17512938
8.72517509
8.08309397
3.61234154
1.43746315
10.53035461
6.16149933
8.32006649
0.54077335
4.25000000
0.72998047
4.29343414
6.68957115
4.07560616
0.38647461
-0.00334411
2.45312364
5.75193372
4.91585328
14.11386474
5.01375554
6.18404144
1.85001524
1.06945894
4.09586547
2.65519226
10.62906860
8.02918269
1.13167608
4.19966644
11.83300532
2.42285405
5.27399325
12.50094968
4.77644836
0.34216277
12.89733949
3.50659180
0.31689453
1.84971694
4.74016114
2.58203125
3.89078735
9.66755541
9.42708998
6.46390404
2.91394448
4.66271942
4.45495637
1.91992188
7.95173207
6.48141399
5.72912567
3.40714539
6.15791778
6.09208222
11.99308289
4.79252106
2.98091644
8.33158356
6.21529144
1.99987700
11.04206339
4.58639516
2.89693207
6.01367188
6.81213099
2.74377659
2.02807679
2.02750111
2.73910045
21.13448028
0.48225953
0.52632660
4.52057403
1.95313995
11.21573914
2.17972435
0.05566780
2.33247894
0.04306518
0.57857269
6.08203125
6.07076019
0.22314453
0.18644195
13.90279144
4.49218750
5.75781250
2.67728668
4.31659797
4.01933953
6.12109375
0.00810761
4.26364446
17.64313441
2.32844969
8.38627106
6.15913786
1.61291722
3.02539062
17.12841423
19.30863807
0.37373871
0.01468658
0.82474762
7.85742188
6.08203125
8.19966644
9.32226562
6.30468750
10.05381287
0.73406028
5.88537567
3.97444703
0.62841797
0.12207031
8.67618462
6.59952571
9.75944592
9.54687500
0.31630276
0.80009128
9.99893728
8.80005319
4.81819703
11.10156250
2.78275543
1.57226562
1.70747894
15.50781250
0.39282102
2.86234652
1.85298676
6.83471244
7.34830563
2.47083111
6.65669769
4.65478391
5.98888631
1.47937666
12.84309750
2.07962794
3.59904366
4.10579344
3.58215425
0.06439209
3.74414062
9.42431641
4.31250000
2.55179840
14.93626995
2.83130817
6.34720856
14.99206200
11.51664339
9.65112367
8.68774601
3.83203125
6.15466091
2.14221409
1.21191406
0.84618891
2.56543218
4.98002106
1.40279144
2.30981383
3.59643617
7.49674313
5.14036902
1.83660183
14.93391844
2.42981050
10.20389739
1.99849457
1.00419160
0.39835633
1.73973862
3.99707779
2.75980310
17.27124335
27.70747894
12.56669098
3.55904144
3.97070312
2.90563747
0.95935090
5.61132314
2.20113752
3.24833222
4.10156250
2.28425837
4.78898382
5.55468750
2.52490234
5.34631317
3.74369168
8.30403812
5.42732602
2.07950992
9.91361481
9.03202239
3.07344636
5.47656250
6.37353391
1.14644503
7.86149047
8.52868683
6.59993407
6.92065492
6.22009308
3.25663176
1.95039949
9.85847961
0.73124114
0.14160250
1.98094934
5.16639959
0.33447266
1.15767426
3.09330231
1.15539457
37.76639739
6.43685062
0.69091797
1.53169769
13.00454566
5.95354332
1.67569260
6.04004654
2.81986481
3.78710938
9.19826907
9.97405363
4.46260528
6.25687715
0.26334532
0.28381441
0.56783051
2.30187833
2.07975343
5.91060394
6.48706117
6.94698028
1.95393922
6.29597961
20.21504544
39.33528812
5.87679078
20.21316601
7.10010638
8.95145722
9.91573028
1.09590730
2.21008145
9.52010195
7.91194703
12.26322293
4.45068484
7.90669769
2.32490498
2.66870678
6.17578125
2.85865265
3.82572418
10.41495789
14.66035202
0.90910599
0.61621094
3.26305997
13.14318817
1.99275820
4.36596742
8.28625333
0.43827488
1.76074219
7.02734375
8.00345856
0.13464355
1.02193207
16.47131317
0.32556183
10.63281250
2.17369141
0.66033355
4.30484985
4.26786347
7.42297208
5.90759308
6.70068484
9.47131317
4.85029810
1.59892065
4.22790558
1.58227539
5.96875000
7.91380424
12.78068428
6.76252549
1.47876662
16.34147094
9.98594178
4.85281541
9.75512633
1.29520722
10.51562500
4.94486481
1.42996039
2.43128656
0.13969847
2.72534242
18.83683289
2.38281250
2.09503112
7.88951080
8.81608156
1.62304688
12.83939606
2.67081726
3.18789340
8.42795101
3.31579621
7.85644282
4.61283356
8.03853612
6.76802084
0.53739472
5.07349069
10.11314828
1.68132590
4.36429466
9.30607491
0.48319488
12.52257148
7.82703789
7.01887938
17.80004213
10.77062833
1.64982242
4.44787567
16.93920930
0.90429688
9.15791778
22.79455629
10.68225067
4.71651153
0.23307375
7.72326629
1.62198914
7.64107269
0.81738281
3.16426419
1.00175144
4.29296875
0.66745452
5.40403291
14.09798094
1.09147218
0.45898438
0.36254883
0.40030758
13.43249667
6.22310394
2.07047485
2.83772828
9.82633422
1.31624390
10.75349291
5.68791334
2.48197418
0.09560150
3.40580231
0.60575161
0.92203984
10.78906250
4.55074004
18.57865138
4.11666112
10.52961658
6.30029920
4.26814384
5.16980385
0.96289062
5.87948608
6.69905142
3.71501108
0.36596680
0.01314545
2.11580590
5.79799201
5.45747894
14.72451465
5.12455231
7.83772828
1.99251219
0.58467683
6.61193817
3.63716644
8.91121399
8.04336517
1.26680574
4.06640625
11.60554743
7.64355718
3.86824025
11.82015514
4.22265625
0.38264891
13.89011720
4.22652191
0.37967926
2.61406158
6.70428445
2.83638519
3.45959442
9.61706450
4.62646609
3.19201629
4.09989441
2.59419769
3.08028074
9.05796876
18.06205729
3.95223958
10.66752106
1.35253906
2.28755707
2.77367853
1.63257147
12.54329344
6.60567293
6.85982269
2.22656250
0.09287506
0.00737381
10.73246122
3.89298648
0.22682300
1.30827031
6.23693817
5.80948914
4.69461880
5.65816378
0.71443197
0.77808178
0.70055234
6.58349734
5.67622894
0.01362122
3.32181793
14.19957780
2.24768783
15.07287567
2.81819703
4.37019836
10.04753450
8.79366245
3.10591644
11.02254211
11.44371344
4.27548426
6.24873560
11.46285128
2.93847407
7.61868013
2.49023438
3.62890625
8.80033356
0.01117462
12.10879433
3.81698692
4.45166016
7.50781250
10.75781250
3.35937500
0.00991058
0.64990234
4.73783356
13.35937500
11.20312500
3.68599457
0.32433802
8.66353612
5.92232269
10.66727505
2.29748255
4.84871897
10.60233489
3.02798067
11.43076019
6.97701019
2.45711273
5.78080231
2.96724457
15.59928095
2.67029089
5.78506760
0.60014572
7.20178192
0.59997590
4.01953125
0.35964966
4.56693263
3.78824454
37.71053413
15.38753546
9.70402039
7.00630209
28.92476784
1.61633394
4.02589208
3.24062831
1.49369293
13.89754211
3.65173371
4.88378657
1.48881261
15.18163564
7.62955937
12.53210730
2.36417664
1.70756012
14.59810394
0.59903805
10.06697695
3.62137910
7.52119903
3.08622285
0.90722656
1.66153868
0.50667359
5.83471742
3.12845856
3.21573914
6.05635528
0.87923219
7.84375000
4.54341644
7.65779477
6.01875886
2.22839262
4.69425476
7.19677859
1.08939606
0.02813752
10.28804411
7.03727172
2.20113253
8.55122894
7.75308954
9.64266179
5.86250886
4.19140625
21.57112173
7.89620401
5.14396055
10.44046654
12.26009530
15.14115449
4.42752771
9.94095856
13.89457308
7.78486083
1.23722601
13.41079566
4.71811059
4.93794769
6.20245568
3.91127326
2.41992188
3.46289062
4.40490967
0.76509613
1.04549071
5.32110915
0.80863558
3.51066101
6.90433622
0.81164644
2.36238586
2.61206117
3.33113586
7.77140071
4.75728612
3.40913786
0.32967226
0.33670989
1.25854554
6.32742631
8.13111037
7.99702973
2.32409575
0.48657289
2.59554078
16.92910683
7.02568594
9.38460328
3.72505707
1.74511719
4.98152399
5.47029477
10.47449135
3.16849762
6.43404144
0.69632965
12.78120692
4.70837433
7.07267398
19.93224568
0.64209607
0.43182487
3.38375221
11.12410461
2.97204621
5.34676086
1.80082059
18.01118044
8.71199025
0.52995373
3.17826075
0.11124944
5.03096185
18.56498448
10.47187390
12.21871564
3.69971077
7.54117797
10.53535794
6.86877659
0.57515473
1.58886719
2.17539853
2.60410128
2.80497285
13.09631317
1.88903840
4.96048981
0.81245349
4.85274822
2.14693207
3.39302582
9.99039672
2.01863586
0.18151918
10.74564606
0.74609375
0.23183073
0.07800418
1.89339503
1.00701573
1.47941101
2.79882812
0.06579590
2.37015078
14.25978058
2.54414451
2.96386968
5.51926915
10.07812500
0.58105469
0.07540862
0.95926723
3.10465702
2.52628601
4.07377106
8.93618130
3.60019503
8.30045656
2.40625000
6.64798981
2.24930630
0.48405156
1.36400246
0.52544243
5.10847961
2.09662134
7.42050753
2.06591921
17.65547761
0.46150695
0.79825867
3.13443720
1.59615331
9.91495789
0.69754973
16.69494349
0.35799507
9.63358489
12.71016511
3.01472961
11.08158356
35.05265320
1.43013519
4.54117797
5.26045435
1.68664893
4.25390625
0.10017914
2.34916168
2.95413841
12.77828346
7.88260832
4.99186281
12.11600676
5.22098847
0.69449859
3.53560394
9.28470856
4.59509308
0.91898154
0.39180948
8.93314606
1.72408051
1.80875610
13.47467041
2.38326019
1.33768645
4.69152925
0.72216797
6.24348626
5.18184729
7.76607269
15.24092559
12.59746493
4.66219304
6.25960328
7.20678524
2.21643284
8.42252438
1.50618656
3.38627106
4.84081533
6.26668772
5.00960328
4.12666778
15.49833222
0.36307770
8.74218750
4.85880430
1.81209414
0.44726438
3.45699191
2.56250000
5.61975067
1.53019226
7.29239805
6.67065492
13.68583222
2.01456477
0.95825382
1.40173371
0.04051696
13.17484154
14.26636054
7.60748152
5.41662567
11.56090257
3.31011413
3.49173981
3.00044769
4.51171875
0.03869629
4.82616440
14.96538009
8.36104278
1.73608461
4.33613919
4.51883755
2.01912788
15.03951019
1.97656250
8.45312500
14.21614594
4.11283356
3.20747894
1.13378906
6.59964872
7.74576906
7.66070243
2.61861425
3.41166168
10.04073028
4.50313386
0.01727295
3.08308899
0.32706726
3.29637800
4.25493212
3.00976562
8.58921876
0.93633421
1.23864777
0.04325379
2.50764019
15.07048450
3.92517121
9.16316711
0.58878601
1.19974762
0.06494141
8.53906250
1.22688221
1.48405529
2.30078125
0.10046387
0.24263519
0.81302887
0.01930237
2.76171875
0.10300689
1.70514933
4.17713430
5.80468750
2.92187500
5.37154144
0.94640708
0.39001870
4.22028979
26.74687112
4.12614140
8.40378990
13.29933510
1.85111481
24.30330009
7.94490913
5.19169160
4.19209497
3.03886019
2.76631870
1.82617188
7.44864805
0.01888125
4.05204098
4.14209109
2.13610871
0.20072418
6.85245789
5.62500000
3.82377106
0.11079926
5.78906250
8.44006317
8.59871399
8.43058289
2.53259308
1.95930969
15.18229657
10.17468417
0.85534668
1.95161957
2.58760528
4.92411347
0.14770508
10.68750000
0.47737609
1.71040863
2.70072418
1.19262384
13.73039007
5.61987367
5.53413786
0.82279574
15.48471266
4.52185837
4.14933289
3.60591644
0.06404633
3.62455231
3.48799590
6.24442597
0.99959289
8.18713099
2.93093944
1.22710383
4.28995789
1.55436156
6.08728058
2.92818207
7.62723785
8.27689606
2.50284851
1.77343750
4.62064606
1.50805664
3.31685394
6.89798981
0.11999512
9.55468750
0.41170227
1.83158356
4.59163453
2.68465149
15.75459746
5.42110261
0.01207733
7.19238032
2.69629155
16.01100584
0.53723207
4.72745789
7.36869293
2.57271332
5.58984375
0.07110596
5.82767731
2.81009918
1.05362976
7.44392758
0.53947085
0.07311981
1.95935090
1.72867797
5.77823914
7.25435394
4.44966644
2.89648438
0.01933289
1.42675781
2.76367188
2.39697141
11.33516511
12.46875000
4.41975953
14.66761105
7.02624667
25.35489805
3.47172152
5.24458832
8.50833888
3.39327183
4.11507203
9.66804992
15.52555297
4.90067597
7.57787899
0.92834691
0.34138821
11.15035128
11.27245658
5.63029366
23.11828458
6.49654144
2.19600620
2.87036071
9.39229278
21.72952405
4.58293661
1.84240692
9.42968750
1.40511109
4.79854278
1.09012910
0.69433594
1.90873199
7.87890625
3.98933899
2.77868683
8.09761193
4.24210882
2.45910738
10.50602172
9.27526855
4.88806183
3.00103904
2.81239693
0.68554688
9.13334137
7.29039245
0.60331207
3.69079621
10.76562500
5.94547485
8.87410461
11.18916778
4.89465425
5.58683289
6.93872008
1.78108765
10.51781915
2.16577460
3.70258866
1.75879654
6.60982269
9.33821532
12.70648225
5.71671321
4.58016179
2.04475953
6.91015625
3.64302582
3.77949358
5.18657025
3.62109375
4.68143769
3.45507812
8.86539672
3.40413453
2.34826006
11.49320589
9.59359264
2.00000000
0.03154511
5.64050200
4.92590425
11.29027261
2.06474844
3.27396388
5.27681737
3.81835938
12.23551142
7.63139073
2.30207752
2.18648659
1.31303136
15.68033875
2.01953125
6.06525676
8.66251892
4.76652039
5.41752106
2.48872894
2.54850219
2.59163453
3.19474180
0.94348238
2.01562500
1.02486176
4.52298981
0.01800537
5.88635223
7.25345856
10.58491911
2.98913730
5.90669769
0.85449219
8.12500000
1.43457031
1.58894836
5.06717864
6.71189393
1.43237367
3.10591644
0.44828277
0.04155487
1.88207946
3.76261414
2.14392121
5.43167997
1.45548648
1.59768624
3.11943594
0.78328430
2.37483765
6.06372008
0.82548066
9.16406250
13.05273438
1.82714844
2.52968132
6.91658433
12.43456782
5.19946476
7.70914672
0.50598238
4.73482269
14.35066711
2.24564606
3.28454621
3.73437500
0.28857422
4.31250000
1.69449704
5.69376773
8.48091644
8.20222961
4.31774933
10.20149407
6.08764960
4.55321643
6.72140119
8.47387633
7.57954677
6.00024601
0.91906832
5.64408356
2.06038453
0.63964844
0.39306641
3.59480275
10.69326274
1.12544769
0.41719543
13.89552091
1.16757036
7.80078125
7.30904144
0.09212250
5.26908356
6.69051086
4.80159866
7.36662421
2.28971188
2.02173038
6.32434175
6.68314606
6.84330231
4.64933289
3.55619293
4.37154144
3.16406250
4.75000000
0.11472564
0.35693297
1.47977754
15.42622894
8.37154144
2.64469360
7.66540558
5.57824676
4.87471496
4.01037660
1.64017731
4.49804688
5.96898604
1.56075853
15.72131317
4.63806183
10.79389850
4.73299756
0.76082336
1.95695008
9.03906250
0.01856995
1.08540863
0.90510985
1.91337129
8.43839539
0.74951172
5.95090593
2.07749556
4.47701019
1.20845551
11.97854500
6.81051750
4.99592268
7.34050310
5.00000000
1.04260223
8.73783356
1.48727355
3.18060396
2.08638519
5.05379211
13.08906140
4.24821919
10.76009032
5.24833222
2.37784851
4.39017731
7.90625000
0.16923035
1.76562500
4.85925044
12.30570589
1.02490359
2.45117188
2.41646332
2.49564606
1.08674923
0.95479527
2.01562500
4.86222351
4.73437500
0.30285613
6.99780549
7.63089872
0.86234652
6.74068145
9.05796876
18.06205729
3.95223958
10.66752106
1.35253906
2.28755707
2.77367853
11.03686835
1.25052887
10.36283356
1.09224457
0.51855095
2.21968971
3.58849942
6.58349734
5.67622894
0.01362122
3.32181793
14.19957780
2.24768783
15.07287567
2.81819703
4.37019836
10.04753450
8.79366245
3.10591644
11.02254211
11.44371344
4.27548426
6.24873560
11.46285128
2.93847407
5.09458826
2.42403479
2.27388519
4.91796875
9.26127106
0.02688599
11.48054743
0.82234929
4.53348847
0.89310699
1.79732269
8.06424646
1.39628269
7.31095523
11.02689606
3.30513519
0.01061249
0.45800781
4.71439606
4.57454344
5.10905031
2.63521332
0.90903532
5.02019060
8.53906250
10.49938498
2.87772053
2.54236868
7.45133422
2.42238642
8.55791998
5.39107269
2.21051025
3.13387024
1.03409851
9.94531250
0.68847656
6.65144836
0.40604676
7.45466977
3.36807791
42.85754986
1.63610871
1.17826324
15.71529144
2.50244016
9.48795656
3.18929078
6.90063414
3.00463929
0.99560547
1.14286223
0.39282289
6.80078125
2.65820312
3.68013519
6.13102172
0.80993683
7.85201019
4.41406250
7.78576629
6.51863586
2.00040586
28.96667387
3.94779698
1.66507840
9.52339816
5.25154477
8.30631095
17.83588321
16.66485482
3.36527434
17.19339872
9.00743404
1.16492104
13.76146277
3.99110039
1.96260528
1.90832613
12.69921875
0.70849609
6.07576414
5.73449826
0.57491245
3.34704621
6.73982602
0.64473543
2.39965758
2.55135195
3.96138519
7.27953790
6.38427859
0.96932070
1.71647218
6.77485927
8.21134585
8.00903383
2.73575743
0.45369570
2.58036347
15.92373449
6.42904809
9.95145722
3.90234375
1.59615082
2.54488004
7.82780031
1.17240387
15.31436821
17.00126440
5.41411626
4.96299423
10.74471631
3.43766235
7.54040558
10.84619016
7.10001773
0.89103211
1.66113281
1.49731258
7.81787234
7.70837433
7.39453125
0.94185394
3.24654144
8.97477172
0.20515992
3.55513519
0.08355713
1.22312356
5.98670212
8.03674534
2.19694093
15.69262633
0.61401429
0.35162104
0.19340245
1.10194791
16.91780609
0.22074496
0.63721668
6.47640514
5.37935394
8.23783356
1.92439633
0.44612796
0.93562026
0.44222794
2.04296875
4.50495900
0.35246287
0.77339691
0.01425171
2.44020401
6.16843638
2.87630374
1.99157746
12.28363587
6.89605163
1.26554383
8.47806793
3.68570922
13.04943817
35.49877961
1.53544160
9.09631317
8.00398742
5.64676972
12.61002438
6.13171542
1.00187164
7.78169769
2.80318207
2.58504211
16.73031585
2.67728668
1.28006926
5.36084109
0.46777344
7.99682181
5.20060616
6.97054078
15.55094360
12.46966060
6.01932956
6.40938386
7.16727505
2.50354222
8.47375333
1.27909519
2.87756317
3.69547235
6.21130651
5.33772828
4.17264739
9.32299867
1.31506317
10.46183289
5.83825466
1.07865636
0.71325247
1.76099069
2.50390625
7.19006317
1.18306488
7.66349180
6.34554078
12.35514406
1.47314079
1.01538397
1.01298066
0.10368804
9.06774933
4.40889371
7.91127330
5.43180297
12.00178771
3.14707003
3.38972961
3.01997894
4.37154144
0.04798370
4.43322224
14.47986369
10.01639739
1.48946199
5.05399380
3.01587101
1.02026305
11.03609285
1.94824219
7.18404144
15.17777496
4.30122894
3.90775543
1.47896332
6.12162013
6.44889531
8.01238480
2.93025820
3.54447418
9.51639739
4.54699800
0.01766968
1.32377106
0.08744324
2.84321490
4.30241467
3.01997894
8.96466645
0.96323027
0.97880097
0.05032349
2.02212877
3.86238586
4.04224318
9.98950133
0.65010652
2.08984375
0.10467498
7.33728058
2.55695535
1.67457114
1.96573914
0.13859039
0.44209809
0.10565186
0.03036224
1.41451019
1.44734119
6.21558178
3.86093415
9.51025266
3.23824191
0.97355039
4.31046321
29.35917082
1.82951241
9.53201242
13.71753989
3.47896332
24.94738365
6.39066932
4.73962433
3.01643673
3.07662019
3.26603335
1.57466644
7.69954344
0.02925691
3.32027036
4.52054964
2.10335328
0.21663391
5.99698914
5.40970856
3.51411957
0.13574219
5.80468750
8.78727172
9.01818817
9.55558289
2.50028535
2.66190582
13.55052633
2.58349734
2.43794769
2.74820922
12.57556183
0.70609527
1.98189301
3.37890625
0.89875907
12.37259420
2.92387743
10.20568817
3.23957503
1.82365802
4.82902039
1.25317321
6.54956117
2.73978668
9.23046875
7.87801086
2.18884308
1.59330231
4.06205231
0.31020111
3.42036957
7.21484375
0.10540771
7.34330231
1.16414367
1.23295074
4.39978058
9.37036071
3.94844636
9.14127594
2.98091644
8.46093750
0.05938721
8.39408356
4.89062500
1.13085938
5.69803303
0.21920268
0.37935457
0.07079528
5.52433289
9.27433289
3.04882812
7.98437500
0.02262878
1.73828125
6.46875000
0.54317106
12.43326906
14.29215204
4.11889960
12.95655086
5.68518284
16.01996399
3.28264738
6.09586547
5.27356050
8.87418578
0.82922457
4.74475067
13.55021055
8.92292027
5.87867021
4.76111369
22.10428427
10.14034463
16.06235955
2.19141123
5.29827238
2.45918731
9.17277039
1.44124390
5.39229278
1.29760804
0.60819488
1.62056488
5.32377106
1.06197113
1.54101562
1.10546875
0.03781128
0.65429688
0.32242797
0.38781769
2.89863420
5.38098736
3.17785738
10.51818817
9.52223725
4.00480164
2.81003866
3.87892619
0.47949219
8.62125641
6.69262462
0.86629211
3.49202515
10.89062500
6.40588348
9.29597961
11.15356383
4.45324800
4.70402039
6.66573028
1.69905640
10.94571587
2.55383643
3.87173815
2.10136580
7.09375000
3.42622894
7.96561614
12.18392456
5.71504544
5.00024601
2.01110871
7.45658356
3.63761414
3.82091756
5.03621897
3.53080231
4.12723847
3.39453125
8.57889739
2.65787843
1.90685506
11.54520722
9.31311502
1.38423676
0.05991607
5.46862700
4.50793550
12.76683511
1.69845633
4.12064606
4.77741745
7.83167220
2.13170795
1.95870401
1.26977726
14.83394379
1.96386719
6.79850696
7.78995789
8.68212766
10.84655917
1.96439606
1.50655059
4.27433289
7.47657257
1.16975953
2.96724457
0.36621094
0.04833984
1.42895446
8.73156583
1.75940159
1.92438512
3.23642176
0.91455078
2.47399933
3.78413786
0.70707308
9.13716644
12.84672027
0.73144531
2.84128605
5.90700944
11.92866911
5.64286347
6.53861481
0.44751039
1.55708832
8.96117977
5.09310062
8.13627106
3.64652527
4.29732269
2.35351562
1.29935699
0.16878266
9.14249664
0.96138519
0.20197509
8.22149458
2.59317930
1.66003574
4.81429078
1.53267426
1.36958832
7.73693817
7.52396388
2.55310339
3.50781250
3.99654144
2.88281250
3.64062500
0.21647125
2.26487451
2.09743018
5.81673094
11.62858156
3.33052582
1.67834442
7.25915558
0.88159117
5.83889070
1.09586547
1.80940797
8.50781250
0.03418976
0.61665863
1.22298032
1.76717226
10.05212433
1.46236176
8.67040642
5.11889960
1.65360566
5.03906250
8.61283356
0.16056336
2.26171875
4.39587184
11.98974734
1.47676668
2.33487976
2.11132812
2.78906250
5.95507812
0.69921875
0.20916717
8.94073136
4.52376219
0.75036652
9.82490996
0.12398161
7.12512300
7.23136414
16.24902344
6.38627106
4.55122894
9.82812500
0.01808167
2.62109375
3.02456892
5.65490692
13.07466644
0.28731293
1.67675781
12.07979278
4.18839539
0.18794801
11.22822436
1.27971021
11.59362700
7.38826352
8.02535128
1.19152925
31.79820313
23.12422761
10.30567652
8.57682126
5.15226507
3.06233765
3.22115082
2.95117188
5.76082336
0.02378357
1.60644531
12.86816406
7.04296875
8.30468750
6.94921875
0.80175781
1.92634697
7.37203346
2.37935394
6.36718750
13.43554688
11.34258615
10.66097296
0.07159424
9.38602505
1.82319163
7.35035364
5.34375000
1.38574219
9.77689606
8.33158356
2.63987244
4.29508422
6.21116638
3.32124879
5.67187500
1.22318512
4.02734375
10.16939238
2.65458222
9.25581007
6.81840868
17.23620014
4.81262799
4.26081339
0.86080923
7.39476729
5.54357879
19.12752881
12.40047429
8.91983821
4.17187749
14.34224457
5.15875887
9.11014739
1.74207945
16.34000111
14.11230718
9.19611924
11.52133200
13.97601619
2.67677526
5.57031250
2.79536957
6.66515334
3.17029587
5.53320312
2.05664062
3.09179688
45.58239030
4.61898326
3.07613253
28.00878657
8.35193151
1.09224457
12.33715820
1.24369293
24.04687500
7.99129211
9.87157580
4.82072584
1.33833832
8.06025156
4.32992575
1.89221160
28.11720328
7.81421272
4.66552859
1.53125000
6.32279449
4.23046875
7.63922534
1.76825055
5.19189453
8.64050200
14.12328354
8.25415849
0.50205101
0.87390542
19.32076019
0.42260742
4.32829428
8.47932290
3.72408354
0.12228197
5.41752106
20.70780364
11.32474762
10.05442766
7.22091093
5.98405031
5.48783356
2.96623697
1.59013907
4.38659699
4.39843750
6.72131317
3.54275959
4.00126440
8.66878546
1.06783051
5.78861481
6.09375000
0.05356842
3.09337294
9.55579454
6.28515625
11.91421986
2.76697307
12.81144226
4.33805297
7.13484119
13.17227837
0.82528645
7.47638160
0.14551854
3.49125152
4.32902039
1.96817681
7.75203679
9.74320589
5.02734375
11.03291778
5.52766844
13.66918447
6.76926064
8.12708776
4.45703125
2.76757812
6.76175311
12.37305186
1.57120789
5.41508089
12.40189606
2.50044769
2.48806960
5.54273271
0.95727352
2.00130374
3.97399933
13.30830342
3.29130596
2.08789062
3.46995762
1.97563774
5.30883976
7.41015625
9.69998117
4.14376883
1.61332059
3.65682070
4.66105164
5.29642731
2.80603058
0.47908508
0.52775086
1.11914062
9.82377106
2.06099457
4.16015625
10.25950148
15.26379488
3.73588043
2.91015625
22.69356293
4.90244682
0.90179299
2.18554688
5.98482269
13.47273742
2.41548427
0.06246191
1.21679688
1.53088379
0.35464668
1.00394684
3.73677582
6.38627106
0.47656250
1.65376801
8.21875000
8.90100067
0.14416535
3.26969360
6.65886688
0.50273362
3.52978889
4.35156250
1.28951019
3.74295989
0.57495179
19.30228170
4.07946808
3.14994791
2.48002106
11.65625000
1.14826830
1.19617353
3.33353668
8.18382979
1.94702958
6.03735289
6.00774446
6.92142731
19.22387633
3.24713902
6.86097531
26.88659575
26.52644961
1.33300781
6.32199447
12.36808289
1.41011566
2.11535613
6.89414628
1.20007231
6.57735261
2.55379211
3.21545379
3.47651319
2.11601673
8.76423759
0.54187417
4.25781250
3.21744688
9.00447695
8.21606383
8.07210328
6.75870789
8.88858821
3.18640292
5.04040558
2.62093140
1.68185526
3.15706941
3.67255429
6.35591644
0.58884238
1.58402839
8.73014406
1.51696808
0.64257812
11.10668883
1.43725648
5.77689606
2.71706353
1.52382147
2.44364472
9.16739805
6.38684175
2.50044769
2.81250000
15.15702239
1.79219636
5.96875000
13.72920684
4.42411347
11.58121454
5.27144503
11.34220523
13.16202571
1.85600011
10.25370207
7.41834321
0.38622321
5.48730718
3.45943207
2.75390625
3.23828125
16.17008422
1.42325493
13.75439827
22.71308733
34.06816267
2.39558899
8.09554078
18.60066711
26.45150600
2.06847295
14.18949371
18.76652039
8.95676910
0.05192078
10.66458888
8.18725399
2.76790780
1.68471833
1.93015015
17.10253906
1.24414062
0.71095520
2.95658356
10.21529144
1.57661957
2.09097767
0.82601451
1.88153937
3.68686059
5.75781250
3.43794769
3.01174563
1.87009031
5.83487914
11.71693664
3.22812440
6.57367742
11.18563576
16.13435976
6.50390625
4.94877106
3.38956726
7.32812500
3.09960938
12.02945922
12.19274933
3.83007812
3.28181073
8.74943927
12.58158356
17.45710993
16.06111259
8.37240248
11.61811725
12.13306287
2.80875610
0.59431977
9.07991578
1.31347656
6.39550781
5.35918164
1.91207003
1.31855902
10.49833222
1.76216644
2.27534132
5.39262743
10.67138298
0.16113655
9.67968750
8.79811947
9.53167331
10.64676972
14.00117576
0.61263436
1.92622894
5.14257812
3.34676086
3.70161957
4.98482269
8.98867465
4.22136746
9.71055084
4.05078125
6.82421875
0.92146789
7.13505097
11.72220856
5.71919769
1.65295379
14.76127106
1.13460328
10.95658356
0.21675473
9.52624667
2.78470856
13.65702239
2.34493074
1.01045123
0.31836561
1.87988281
13.33398438
2.24865692
4.57902039
11.09029144
0.45023590
9.21875000
2.43794769
5.13838653
7.02535004
9.66060394
8.42354278
0.06477906
1.25524933
11.16406250
3.96415005
0.64713749
1.56095367
35.53836880
5.04756870
17.11966762
2.04996952
1.26074219
4.05818041
0.76896803
3.69921875
3.30672180
3.55221708
2.64074800
1.94274933
6.21605885
3.10745623
11.39478723
1.36958832
0.47591125
0.05790223
7.15278148
1.29989583
16.01460661
3.27197390
6.31443817
15.01580230
14.56339539
6.49308289
4.82287567
1.16503906
0.14638182
0.83455507
2.37349457
7.21875000
0.00803375
8.03515625
41.11742416
5.93457779
15.53740630
1.99755735
7.24589206
6.42923981
4.77823914
3.35367797
6.85725953
1.68750000
6.42968750
0.09439056
9.92622894
8.27779144
39.20853170
23.00541666
10.70120270
1.22814910
5.19620789
0.48632812
5.00000000
16.67232269
9.04807632
2.65909851
4.35201019
3.57572418
3.06099457
5.41162387
10.14750775
0.01498413
0.51933776
4.23917664
15.51704677
3.43518284
19.32620187
1.24533133
7.10522406
8.97222849
8.88627106
17.49898161
0.51367312
1.04492188
2.55033356
2.28169769
12.67187500
0.11358643
7.83984375
3.16992188
0.56298828
6.51646749
0.85722019
0.06451416
0.13724593
0.46122285
1.26013152
6.39709442
8.39587433
0.50524933
33.44482048
22.35318346
1.63762411
19.28678406
5.94095856
27.79296875
16.69689751
5.08736176
9.57185727
9.25617908
2.00655806
5.20747894
15.24885860
6.65124667
6.83987811
2.32687056
1.35201019
5.56848113
8.91252243
0.86698457
3.69205563
2.48132480
13.93513852
9.68416445
10.03804411
12.05021055
0.89363835
3.54723903
5.81738530
4.17187500
0.67985016
7.11966599
8.74609375
18.16542115
4.52361480
1.85489556
4.24295490
5.05591755
0.37870270
9.36786127
5.46237920
8.57360871
7.75826019
5.78956894
0.70367630
16.70757994
3.53137300
12.21695922
8.32387449
5.23937833
7.99601507
6.39497894
2.18990082
3.09590481
3.77864749
11.32673759
8.62292885
7.24910461
21.40136719
18.67443817
17.42768025
4.05478221
17.52229610
5.64746343
3.20402039
7.16796875
0.32958984
0.23193328
0.10815461
4.94051086
1.77388519
4.52811614
7.15157136
10.24218750
0.74751801
10.72131317
18.87933969
0.52079673
4.57320160
6.15279144
4.55423981
2.49458832
11.20479278
7.03456572
3.07434175
4.89355469
1.18208832
3.21830231
1.76411957
4.15189606
1.12642426
4.78906250
0.00920868
4.05859375
0.50732422
1.02587891
6.90970856
1.25923676
2.24051910
5.07913343
0.02238849
9.69531250
2.11132812
5.72424316
9.07065630
1.50585938
0.67020598
3.14766511
8.10705348
4.35249910
6.64945589
4.82946808
2.16393950
1.20129488
5.50736481
12.03717809
10.50530114
8.86112395
21.81810713
9.62456227
3.21183289
12.42879211
1.16984070
4.70320368
2.55896276
5.91227172
0.09309937
5.53515625
5.14408356
3.74414062
1.57519531
9.38614805
1.84587669
1.46211824
7.89978058
1.92134613
2.57617188
0.06774871
0.32609070
16.34340537
4.18551750
2.75232712
10.69156860
0.12398161
7.12512300
7.23136414
16.24902344
6.38627106
4.55122894
1.71191406
11.36134868
5.53861481
2.24112976
3.73844360
1.74300172
3.31054688
12.40791778
4.24743683
0.18876160
10.96715966
0.75891456
12.03498892
8.16699468
9.05916445
1.22420351
32.15501497
23.10982269
10.65618129
8.69132259
4.48596409
2.76648105
3.78755707
2.41015625
6.33894836
0.01963318
6.36283356
5.03169769
1.98925781
11.55468750
1.89453125
1.17923981
1.48482269
0.35498047
1.24141262
3.42994357
3.86554963
5.80468750
11.59789229
9.32414007
3.69209746
9.10702100
5.58593750
1.62890625
9.45222961
7.69185394
2.17683930
4.73604278
6.17747010
2.57385285
6.34720856
1.13574219
1.91308594
5.49649712
0.48189425
2.80627659
8.86461437
7.89559895
13.55867243
0.83565527
4.51939828
0.84974235
6.36149047
3.92691268
18.72986369
11.11499335
14.68586658
2.75749279
17.78861481
6.44871676
9.09094083
1.24309784
18.38426987
4.54606826
4.89920989
2.93115359
0.69726562
10.33735927
6.05410683
4.53040890
12.88288869
3.65173869
5.10892731
1.98775238
3.48632812
46.07522718
4.59949385
2.94360538
29.34069482
7.22314827
0.53316254
1.63476562
7.96154785
1.20170074
10.05904144
4.41015625
0.01096344
8.22566711
5.98893250
6.36759087
1.19641456
4.88378657
1.49018320
3.28297207
2.08024047
2.71272828
10.51655475
1.28377881
4.77734375
22.06306665
11.90279394
3.64046265
6.53846061
1.33903367
4.80277496
8.74295989
13.94221299
10.45589432
0.75597553
0.94820783
15.93286133
0.46679688
4.71098129
9.01362809
3.87126841
0.08097975
14.69104168
9.77245898
0.82576477
0.68666533
9.82746790
8.47592833
5.98929964
5.29117797
3.44581510
1.74456393
4.45792664
4.50000000
7.37019836
3.80931932
3.94625221
8.78686835
0.91992188
5.85546875
6.59330231
0.06113709
3.26749425
9.34713984
6.63281250
11.79524158
2.17651928
12.76066101
4.48303192
6.85216631
3.72095412
2.42272607
8.21386968
10.13293550
4.79296875
11.69954344
6.82909907
16.27998560
6.36887490
7.86100011
4.34330231
2.64888519
5.05919881
11.96968971
1.69755097
5.65637300
11.83158356
2.14693207
2.27069258
4.56360704
1.07498989
1.53833195
3.69425476
12.07022385
2.83407302
1.91015625
3.40566559
1.95500941
5.05582890
6.59765625
8.15286016
3.98686945
1.58544797
3.26078402
4.44230164
5.36193817
2.66780640
0.48327606
0.43713410
1.12597656
9.94681793
2.09419769
4.33984375
10.68973035
14.03433954
3.22839760
24.21484375
4.79922153
5.31466976
5.19665558
24.29447418
16.86580009
1.55892342
1.69584137
3.09419769
1.59146544
3.01399158
0.74996564
2.91345246
6.64798981
0.31958008
1.53027344
7.17578125
7.52241911
0.20145785
2.67744903
5.94678285
0.37038543
3.39896886
5.34720856
1.26066101
9.19441711
1.27229610
0.35266331
4.80875111
4.01066600
2.95642121
0.07647705
13.82031250
0.94632404
0.77755291
3.50797485
8.49307292
1.67863973
5.62666778
6.40719529
4.96952239
1.15698304
18.78125000
2.82323222
10.65748067
27.43436614
26.99772218
1.29101562
6.37932037
2.24548371
1.49519836
6.79006035
1.56807403
6.64241578
2.79943817
3.03771942
3.65172374
2.31971243
8.45865470
0.47001565
4.08203125
3.06026090
9.16508089
7.29854278
7.87288453
7.47310394
8.45694759
2.69315769
5.00781250
2.48616578
2.14759346
3.21152865
4.06407468
6.91451019
0.87006944
1.78528424
8.84041445
1.05708832
0.58251953
12.61104278
3.00435394
7.93884308
11.62410461
15.40709110
1.25937222
4.94230164
11.84415337
8.39713874
0.87443055
17.28307514
16.52730815
4.74967531
16.91471188
6.57556183
10.19722628
18.90091202
2.00248947
19.00353724
6.51167578
0.27626603
5.40604831
3.25195312
2.12740082
17.56701629
23.17291778
33.28411347
1.34728973
8.22924867
17.78381317
26.33200134
2.32123780
13.92285156
19.34908051
9.30271637
0.05629486
10.48490138
8.59504876
3.15938885
1.63692842
2.19699523
16.14843750
0.98388672
1.37768142
4.19274933
4.63102172
4.08040282
9.29789339
1.85005707
3.08605552
3.31433510
7.03906250
3.78710938
3.39769947
2.79325908
8.83553039
8.27087433
1.29785156
5.41210938
7.01456083
1.68656527
0.46824668
9.30212433
1.88326019
2.32803386
4.80726063
12.68855275
0.20789104
10.42187500
10.13787457
8.87897051
9.27612367
13.82213764
0.55632092
2.17232269
4.93021637
3.68750000
3.39257812
4.47310394
8.36633270
6.20011414
8.66841644
1.10791016
1.60359680
7.30513519
4.41841644
0.57531707
0.55261262
1.78080231
9.75707447
10.90743572
1.41023742
10.39933289
2.31327239
8.52266511
6.37845856
1.11470551
3.38442598
5.97885527
2.23246215
14.23771055
0.30432067
1.45434757
11.37515736
0.93823803
4.47184203
14.22399933
6.23482269
4.80033356
1.83414672
0.07820648
1.28365082
2.52900654
5.66524822
-0.00461059
0.90869141
2.47825623
1.40690063
4.52132203
14.25522307
1.60624114
9.61039339
7.22611481
8.03613281
2.57226562
7.17232269
1.43697113
5.56640625
0.12399230
19.23437500
7.00659242
36.80688165
22.59944952
13.16266907
1.13777649
4.82120789
0.54300934
3.01127106
16.80753601
9.21203582
3.46228058
8.40946255
2.20967808
15.44506151
0.99048537
2.57910647
7.12509862
7.67443817
2.59944703
11.37564938
0.32796390
1.34960938
3.79207336
2.31801361
5.22310394
7.85156250
3.13085938
0.51957184
3.27693867
0.84220523
1.02844207
0.39192750
1.37337219
4.58459442
9.94274933
0.85587586
6.78841094
0.64496031
1.83553164
13.22892273
3.05664062
26.98933899
18.97725434
5.84029144
10.74039672
11.51602837
0.37834053
4.98002106
17.28458555
7.27356050
8.71341202
2.29094193
1.05806488
2.40002410
7.82534302
8.94576019
7.93713218
4.40937888
4.77845079
0.09051514
9.00413232
5.92376440
10.26892121
7.24263519
4.51263105
0.77500719
15.80822754
3.78951019
0.62296539
6.36763519
7.21017775
0.88207946
1.48779421
4.83939606
2.03755707
16.60221188
5.82747562
13.94661375
9.74169548
4.69938608
7.25736481
21.83113586
18.08683289
3.59399414
3.31685394
9.35937500
0.36987305
0.22733489
0.10860261
4.14017731
1.94380707
4.64184508
6.47143617
4.22656250
3.22851562
8.57377106
10.62141844
8.44889406
0.99654144
0.50846344
6.50826019
3.90189606
3.18404144
10.96350067
4.03719055
2.63895722
1.73685450
3.91744237
1.46679688
2.39213043
0.94478363
5.39843750
2.63183594
0.62357574
1.17134613
2.86914062
4.57559121
0.04159629
9.23437500
2.56445312
6.48290953
4.64069930
7.16463320
4.61462433
2.66198637
1.30338625
5.05122894
13.58440465
19.84315491
9.88351617
3.07661957
13.19006317
0.98376496
4.19075189
6.47090979
3.42639160
0.80712891
4.20389739
0.65608998
0.68753436
8.73779920
8.23091644
13.69685727
4.93595523
18.12674957
0.91979762
0.80965398
3.71634918
13.83939606
1.48742271
4.71712655
14.61616911
5.02490359
0.89062500
10.05008755
1.77563663
19.42915863
3.08203125
12.27689606
6.26774047
0.07777955
18.54687500
1.47793486
2.25105898
3.64257812
6.55468750
1.52343750
0.43505859
2.78311572
6.83052084
1.66179465
12.76216644
1.25292969
6.36629211
4.62109375
0.50089539
0.46875000
6.42923981
2.87349457
0.03481643
0.12341340
0.09036446
1.73542023
4.72265625
9.67187500
6.27689606
2.65083832
2.29882812
3.32287567
2.56188996
2.94095856
3.29732269
1.58203125
2.69637024
0.12504090
5.68750000
4.05859375
3.60082073
5.31408909
7.66325576
4.49173981
0.30912262
1.74255402
5.80354610
3.23551640
6.42830009
9.57951241
0.03483063
1.76411957
11.21695922
3.27669312
7.24609375
0.57324219
4.84423828
0.31693512
8.81587738
2.09375000
0.05816650
40.18814938
9.90124667
6.49263519
9.23437500
10.69945882
8.10718085
8.99820922
20.47480381
0.94133754
9.87935394
2.13236481
2.46893386
15.59156820
3.04130596
1.25061004
3.59742715
14.85923758
1.43823304
2.31054688
1.17382812
5.47611481
12.56869486
11.84510305
2.48677582
11.57096188
3.17513187
14.70054966
0.80472321
0.45165891
1.46968722
4.97834580
2.87614638
9.63358489
15.30611238
5.52734375
6.53844748
8.68030252
10.30814606
5.16406250
0.05040497
2.58789062
2.06009918
4.34508312
14.55335438
0.76997894
4.29003906
2.61690215
17.95491578
4.75500333
3.52819980
9.32466644
4.07031250
3.74564606
1.49442234
5.07683621
12.07466644
1.84375000
2.06835938
0.06063843
3.01517731
3.33951158
19.91927748
5.69779396
12.81852172
2.25374390
18.96650156
1.70537344
17.16194641
0.90075715
11.44787567
5.29784637
11.29341644
0.02008088
9.31250000
0.86210051
1.07735261
0.71435547
10.32108489
0.11922273
0.00229263
2.43218659
2.95276595
4.85546875
2.36344360
11.71162373
4.27844643
3.25520999
1.05468750
8.30904144
3.02571532
2.31608156
3.96679688
7.14107269
6.51082336
0.25846375
1.91796875
2.20853668
0.04320282
0.19455044
1.74845523
4.68782469
2.63533632
8.52319149
0.29297062
3.74218750
6.99799757
1.08944536
0.79683441
5.56383312
11.18225503
8.27889537
2.03560394
9.50781250
5.40669769
0.07386780
0.02738953
0.43367637
3.69076881
0.88948609
4.54687500
7.59061614
0.04659090
0.29296875
8.58593750
1.32332336
4.28145355
1.54882812
8.74654144
0.27970305
0.07710847
10.69531250
1.24218750
5.54687500
0.05361938
0.40258789
6.06250000
0.67777496
0.34273285
2.49795823
6.09249556
6.94274933
0.02395111
3.21723959
14.38419991
5.66463320
1.81640625
9.07910156
2.75585938
1.17065430
7.01220703
5.48535156
4.29296875
3.98737589
1.70748891
7.94038786
0.36698519
10.14062500
1.03308105
14.26879322
2.86251385
9.69726562
10.30712766
2.30224734
0.19632965
9.43660461
3.09313996
13.62500000
0.76025391
2.53592926
9.09375000
0.58447266
2.74678247
1.29590093
3.23466035
23.87973754
4.20056183
2.53503325
0.56799410
6.77005763
7.32011081
0.38293550
1.50781250
3.46562683
0.78120568
2.41109596
6.56355774
1.59322113
3.53080231
9.37353391
4.39005679
5.38281250
0.56567321
2.57059785
11.42097961
2.63956726
0.98404906
1.54130097
14.54162567
6.43013519
3.99654144
0.07967133
10.39062500
0.07244873
3.24564002
3.90185173
7.99357491
12.66841644
7.99654144
1.72424285
0.30680359
1.75240082
15.28470856
0.12202973
0.66694133
12.19185394
1.24015320
1.98242188
5.68660461
7.60651153
8.44036347
3.64872223
1.71280945
5.71048981
4.43359375
8.99218750
6.47355164
4.53767509
5.54435616
1.65820312
2.29882812
0.01083374
1.31205231
8.14062500
8.57812500
0.31001801
4.77734375
1.18945312
3.93164062
3.07181793
2.44338002
0.67490580
2.78605164
7.25870789
0.84525543
4.33247894
3.63647461
4.62609708
0.20011539
7.21248227
13.10774594
1.76058233
11.08158356
0.88956726
1.23535156
6.27254211
4.57511414
6.22176086
5.98496521
4.02343750
0.54524657
0.15494875
1.29394531
0.19899421
5.99206450
3.40051363
10.59720856
2.23917664
8.13239916
2.63668439
2.01769864
3.56770999
7.91361481
4.38326019
7.96767731
1.85654144
4.40580231
9.19531250
2.50976562
0.11220307
0.24536133
4.84907802
3.78975620
3.56664728
4.74133643
6.00826019
13.44441711
0.26289824
0.18453035
5.21048981
1.17818207
6.76554134
8.15739140
14.15970856
0.44055207
6.83132758
4.01543328
7.43269836
0.78564329
3.14388187
7.31986481
0.22139496
1.11621094
5.48046875
6.06676903
3.79993018
7.07519531
0.84167387
10.42199800
8.16406250
0.60937500
1.97395750
2.57389406
0.53125000
6.19286237
1.31104388
0.25000000
2.07262966
9.31709995
6.74193152
2.94601617
25.87088833
0.96749058
0.74751801
3.72672485
1.82458527
6.27734375
3.27734375
3.47643451
2.02551861
1.38671875
5.61405364
1.34147218
1.72558594
4.99731383
0.16442933
0.74065168
1.26424071
2.28735538
8.07979278
3.03739472
5.77734375
1.77787262
3.17818207
0.28662109
0.55131551
1.20072916
0.73144531
6.05423981
0.02461243
6.42431516
8.23474183
6.29489695
0.01984152
5.00826019
4.30122894
7.35310727
1.92529421
5.41841644
1.00948028
2.05346742
9.02254211
3.90323914
13.49259087
13.05969083
2.42969248
6.64408356
0.38427734
1.57511414
5.44787567
4.14152039
3.48482269
0.08984375
16.44083617
1.45109070
0.16886414
6.68750000
16.75182514
0.65983654
5.69901333
4.54712101
11.65100067
1.01411957
8.84943270
9.08997672
9.07682624
0.47578949
1.05273438
1.31759529
3.20805961
1.45996094
3.53605164
1.67683899
1.78462738
0.76269531
5.07783467
4.31669658
14.97656250
1.68261719
7.23783356
9.93827239
11.22233156
5.67659360
2.75671542
5.67386747
11.18737700
3.38395390
10.85156250
1.03169769
5.32759613
3.69681793
3.23677582
0.27567535
9.39229278
1.54520722
1.72070312
8.92239141
8.10047539
8.60860261
0.24353027
1.59391235
5.15279144
6.60591644
2.61551972
6.83459442
8.00301086
3.74833222
0.24755859
8.08939606
1.24157310
6.72343362
20.12994841
7.37679078
2.70943207
4.81616024
11.05057956
1.73339844
4.46919769
3.85847961
10.90714539
8.38191711
5.09464539
2.39408356
15.01472961
2.24218750
1.34802277
1.69388824
2.54252106
1.52396637
0.29972351
0.90181488
0.38102110
11.39152039
7.00992797
4.92496579
6.60103612
2.04927582
11.24910461
0.41886414
2.39888519
3.05191767
2.34110815
2.58731993
1.58357851
16.59375000
3.07678192
4.52478058
1.17634946
0.66984195
10.77343750
13.55814606
5.81115692
0.80940797
1.38041168
2.58959899
1.97171903
24.93330840
21.72471349
5.27388519
0.59521484
5.80904144
6.93359375
3.75000000
9.56852172
1.13393168
4.27479055
4.48437500
1.23185211
10.28906250
0.87833680
24.27376281
5.21537013
1.31579870
1.43823242
10.71870692
8.42472570
7.24731383
1.34891816
11.41752106
7.56563324
0.39770508
0.96805692
2.43559115
11.23872894
4.85681183
8.24641844
2.55436281
13.88627106
8.65754876
4.63843085
9.07902039
9.05904144
5.10111481
4.05261137
2.13924257
1.04980469
13.93569302
5.46136081
1.09712738
2.39888519
11.46438110
5.39169769
2.10396332
11.92097961
2.46228058
4.57909907
3.11621343
10.15356383
2.43868074
7.72611481
4.38223183
6.99085438
5.12679078
3.87076906
4.36629211
7.07759613
8.68507748
2.76151706
7.24039672
2.37874390
7.72611481
4.02859603
3.57617188
4.68391844
9.49231050
0.17773438
2.43404144
12.90477394
6.95268727
8.98628878
0.13228363
0.59330231
2.13679494
4.40519725
2.70943207
1.32336270
0.49499667
1.57767731
12.78369016
3.69246399
0.97794742
18.88627106
1.64302582
6.18705231
0.78629516
2.94425476
2.62198914
5.67232269
5.58638519
0.12963867
12.91752106
6.93473141
5.58093417
5.54777039
2.32682126
4.98718417
16.68652344
2.18208832
10.94531250
0.02803040
0.46289062
15.56551086
12.16060394
13.25067821
24.44341358
14.68750000
2.63671875
3.31892509
0.29289132
1.33691406
11.82198028
0.32959047
0.40061689
1.82473640
16.46306294
4.48218085
12.28523493
13.86141179
11.37532469
6.60816343
3.66955784
7.88326019
7.87381926
3.81696044
4.94409242
0.76416016
1.73181183
22.89363586
20.54232144
2.76212710
0.15051270
1.74587875
0.62483641
1.66516207
15.55366911
8.85591644
2.07869570
14.06250000
18.29800643
1.17224900
8.55289672
16.09680176
3.10034242
13.30814606
7.32466644
0.30185309
1.51179992
2.30843140
10.89180076
2.12126108
14.62784353
1.76127604
4.23225704
3.39612034
9.76204344
3.99922761
1.18554688
13.30814606
0.43644226
4.10156250
6.05423981
0.05690521
2.61991301
3.39904256
2.07674756
2.11914062
4.04479887
8.84733156
7.26818817
5.07332336
0.18192597
8.99564606
2.35441101
12.29551941
8.39396055
0.19783632
1.39941406
3.29056793
6.86696588
2.83314826
6.41752106
2.50048704
0.68753436
8.62227947
11.31429078
14.88602505
4.94254765
10.04317044
9.12666778
2.56693761
11.07340204
2.13948858
20.73828125
2.87650543
12.58593750
5.92476286
0.13427859
18.17879211
2.02563383
2.59476839
3.97851562
4.29252106
0.79296875
0.52632660
2.57246233
4.57507978
7.04341644
3.49654144
3.13671875
4.57377106
2.99173981
0.07474793
6.05423981
6.87711547
8.38129710
5.52706338
2.03288342
9.93404144
2.86914062
8.37064606
6.19441711
0.54968293
0.49389648
8.35156250
4.41271942
0.34069855
11.56445312
5.03125000
8.01562500
1.20658356
7.52779144
3.08789062
2.89172208
4.96890985
2.69849069
5.28983489
2.65352449
4.33443207
2.28861481
2.68286071
0.17012605
5.61328125
5.09765625
5.58458943
5.55834774
7.75611037
2.77734375
2.05212433
8.39485594
2.82389406
8.41406250
2.27148438
11.43660461
2.67472351
7.05468750
0.74365234
5.68750000
0.63627106
5.10233489
4.74096742
2.48527039
41.19775266
9.60693484
6.33984375
8.74218750
28.48485027
6.63502659
3.60306793
-0.00419479
1.12695312
7.47387633
4.82236121
0.68235925
11.24564606
2.13370789
3.94533233
14.48909048
3.22355662
1.49226867
2.41266387
14.74761413
1.52567597
2.80033356
1.77539062
5.64062500
13.11359722
12.23995899
2.79386414
10.80712766
3.46045046
12.32413208
0.89725113
0.44042782
1.50895390
3.79252106
0.04610199
2.37949086
3.04085826
7.97867797
7.56819703
9.64065936
9.39404920
10.62935394
13.61283356
5.12271595
7.64828014
3.81490082
10.13281250
5.28125000
3.84407469
7.79764739
1.34574496
16.75179078
1.48632812
2.47070312
0.07043457
2.25195312
0.91137633
1.96708222
4.72701019
3.90730774
2.22237090
0.08138094
1.16080974
21.07194592
5.97465759
13.68225067
2.32165558
6.66796875
11.46830231
1.16398133
11.72041778
5.00099213
5.49308289
1.06400543
12.83532248
0.93953928
0.00356102
2.10246879
5.53015324
3.31950077
0.88671875
9.59810394
2.62487700
1.89856050
5.08272309
2.25390625
0.42382812
9.62845856
3.06294769
2.44156860
0.80306031
0.36400049
3.46883366
6.55379211
0.78674410
12.77140071
0.22542546
1.43359375
6.16368352
11.51542955
5.41544991
2.73164949
10.79732269
7.28515625
0.13819885
0.13008606
0.36067407
5.00683845
1.30652011
13.14497894
8.29687500
0.49938934
9.73893250
3.48258422
3.94791002
7.80823470
12.51127106
5.77734375
0.96390777
8.17968002
9.62598404
3.69612423
9.37524601
1.50329621
1.30806488
4.41943359
2.58203125
1.16528320
6.59863281
5.32519531
4.44531250
1.96397898
0.33000692
7.59541778
14.75345856
12.17187500
2.75496399
2.22444703
1.00683594
6.53649933
4.44653258
5.98962433
1.58675172
5.44787567
2.23274407
1.50394434
3.64449689
11.65742576
8.76009530
1.64790863
3.91682735
1.18978031
1.93155945
24.02357940
0.78975496
9.57018950
8.80033356
0.24861757
1.45117188
3.35876922
1.29288135
2.71570478
5.14371703
3.06579621
2.60306793
12.85400266
5.70786685
5.61328125
0.36621031
2.31473847
8.67097961
1.26472961
2.53739472
4.24519836
2.71138519
3.04927582
0.11816406
4.87064606
3.16401366
5.71532580
8.30298537
13.72912567
9.25524933
1.39033965
0.35603883
10.64843750
3.79184323
20.38472628
2.49503601
8.80891844
6.86514573
3.37476396
5.36104278
4.28649933
5.28995789
1.13138824
3.46093750
0.75317321
1.29317293
3.81497950
1.01509862
6.08158356
3.12455231
4.13622735
2.48458167
10.26472961
0.66544617
1.93111176
1.30582641
4.47399933
6.33984375
5.93440766
4.69335938
0.72798551
0.44295351
0.83984375
0.18849129
7.03759641
4.33349734
9.50166778
1.86259004
8.25043773
6.05770833
2.20121122
3.44136691
7.26953125
4.33247894
6.33881539
4.83607047
3.17488586
9.86372894
0.94470246
3.80260888
5.20573249
8.16743988
1.32401457
8.61206117
1.10982269
1.94880790
0.73873144
0.89599734
4.33247894
0.10111481
0.86718750
0.84370941
3.38671875
2.76908356
0.01718659
0.95996094
5.75051641
7.26901484
1.66023493
2.63814550
3.86523438
3.52990692
4.44217864
0.05887972
0.69238281
4.63593141
7.56149656
2.03454621
5.31294769
2.42382812
2.71454345
6.79282136
0.86669922
5.38716644
0.56693512
0.20869934
0.64351410
3.05078125
2.92895446
1.12962310
0.98628567
2.17029089
4.78381317
2.42712433
5.69185394
4.01277649
4.22355164
1.19726562
2.59676086
0.03227753
5.95646055
7.63753297
6.18078458
2.35661015
3.59855164
5.53861481
0.63130707
11.48771055
1.19445894
6.68750000
0.66235289
2.32149324
5.49173981
6.83548981
0.73042816
5.22558345
12.72823028
4.76855718
1.66780640
2.58683289
2.59871399
3.49894226
2.97460938
0.14587402
2.72806793
5.46529144
5.25064938
3.41447085
9.17700133
0.85428926
12.52799438
9.06518617
8.35937500
0.50581879
0.86132812
6.84032580
4.43657025
2.70312500
3.28906250
2.76953125
1.22408051
0.75004059
4.98953569
3.38937056
14.42968750
1.78267426
4.99218750
10.09798094
7.16483613
4.04300840
2.59566378
5.89575133
9.79854278
2.30135195
9.72656250
0.84228516
1.03169769
4.01249114
4.48225953
2.11657746
6.47611481
2.88130707
4.60074579
2.85193151
2.24193900
0.66544991
2.34944703
2.27298981
4.12365692
1.45784547
5.02689606
9.91495789
3.00345856
0.46944184
2.90543329
9.73669714
14.21093750
6.72265625
2.69921875
9.78690271
10.47872229
1.45214844
4.68404144
4.21394836
11.87589539
8.68314606
4.67232269
2.62890625
15.64318817
1.36177582
1.33585633
2.21048981
1.47371399
1.84411652
0.41235289
11.54341644
1.49051972
3.89933040
7.16911015
5.26472961
8.51306183
0.57767731
2.01066101
6.00097407
2.11035405
5.08670989
1.81030336
10.49654144
5.25345856
0.33467559
1.66141816
0.85396332
2.48002106
9.75781250
3.63916016
2.90262661
24.53727297
23.31726580
2.73392731
0.63130707
5.25390625
7.58548981
3.85201019
10.12320922
1.03270581
5.01730274
4.75736481
1.30708801
3.12824690
11.79016954
3.20943207
11.43939385
1.49855385
3.88102172
2.37386109
1.30224360
10.09091436
8.95133422
0.85730012
3.03710938
11.26216644
13.06327301
0.37792969
0.68294188
4.42590425
4.19595690
7.04167248
9.79520722
2.46769226
0.11665863
0.14746094
4.79252106
2.94771332
3.96830231
4.58638519
4.09968307
4.30656693
5.45914672
12.57812500
3.02327515
5.11328125
5.27331450
6.53002992
7.66886414
2.55468750
1.52840149
4.37837738
7.62625942
2.85705784
7.67053192
2.44079621
7.69877106
3.35966736
4.19877106
4.71529144
10.94966644
0.12683105
2.57466644
13.63707780
6.40865580
1.34098515
0.48559570
6.30554106
15.22579011
0.73282898
8.26692376
9.92199925
4.13505097
4.42846742
5.70133422
1.77132203
3.75976562
5.31986481
0.12316895
3.69185394
4.37646360
2.66658632
2.57181793
9.36852062
2.78667165
7.87801086
0.82979547
2.14464927
1.30672927
1.84598723
8.22489472
2.82902039
2.18652344
11.43225067
3.80167664
2.68208832
13.54638298
2.82426307
1.74165863
4.48049314
1.90292940
7.05167664
7.32722961
7.57946808
6.54683068
0.46977089
1.37109375
4.35595080
1.03565076
1.22949219
1.24096555
12.87801086
10.15961991
0.42233017
10.30512523
4.84677083
9.30663564
3.38717143
5.94640958
6.55570589
3.87438996
5.48575244
5.82719525
5.87580674
17.30778389
4.97827460
6.06506317
0.66345246
10.72631649
1.70239445
4.67740470
6.85339760
8.58504211
4.22009308
2.88867188
3.51713043
0.01032013
6.31175200
3.40610261
0.08561219
3.17054695
6.84975730
3.95267731
3.22302028
2.92980552
0.93416943
12.83670989
10.61027039
2.54113863
0.50016110
0.34607089
3.01757812
9.76207904
13.12817819
8.89473294
5.69836768
10.77164672
4.82210328
13.96606383
4.13505097
11.50000000
3.18404144
16.04109431
1.49328707
3.09159519
6.88281250
4.58894836
11.95747894
2.64453125
2.27388519
16.53816711
16.73482269
2.67853862
0.30538868
3.39062500
1.80460633
6.48046875
2.05878796
6.25456560
11.95227144
4.52498227
1.49064273
0.15140777
3.22115082
14.53051197
5.61401928
9.91992188
26.56371011
9.43012523
2.23618572
3.17232269
16.58756469
5.54256164
9.87052305
9.51843417
2.76329538
6.03952016
3.15368683
17.66752106
0.07057709
16.63300993
9.19543550
10.69698028
0.63260957
0.06176758
1.85310104
4.02470190
1.17790170
6.62064606
2.53409851
10.16364501
65.79671203
6.41971521
7.64547096
2.54687500
15.42956450
4.44531250
4.59830812
4.59419769
16.99820922
9.44787567
2.72534242
1.49751801
10.46170989
7.57287567
8.47591250
4.94486481
8.72310394
12.67700133
0.80590883
1.42480469
5.40640736
3.67171764
2.33593750
16.15869016
17.43611757
3.05521388
1.67081976
11.38266136
4.77913453
0.41276374
2.09528979
1.96330396
4.95482962
5.08085549
8.60253906
4.82857269
10.03202239
2.85066711
0.12780855
6.61795989
9.32942376
8.12370124
13.95863476
14.50928856
20.31422207
7.38671875
3.46512910
2.79748504
22.36681741
3.74992239
11.20750490
4.51608266
20.62988281
12.21361900
10.32047983
11.07377106
3.23437500
1.84712738
14.75540202
4.41272938
22.11990803
1.43327404
13.15270280
4.11638076
1.56392426
9.02636719
1.53112700
1.74967531
1.66699219
12.19441711
7.88915891
5.94050588
9.32463209
9.40791778
8.65279144
4.94140625
0.49043855
1.37162262
7.31115692
9.01997894
4.30155364
0.87019961
8.09138852
1.77144503
8.45637617
3.81356272
12.20117188
0.65873199
0.04036469
0.07025146
2.35534575
2.58174888
2.13671875
5.14497894
8.49564606
5.16406250
3.02974457
7.43468086
13.40080895
4.60546875
6.54732269
1.87792969
7.06595856
6.93750000
5.03560394
0.02665710
2.07405142
1.46403452
13.28283691
0.62325520
7.23588541
14.47444703
10.78381317
9.00870789
2.84029144
5.51806516
1.08109652
2.40836547
6.65458222
1.20853668
6.10451907
3.42628324
12.71089318
2.99213819
4.51856715
1.22656250
9.09285461
0.72701019
-0.00310760
0.19287109
1.23945825
4.59066046
6.03853363
1.81054688
0.60977292
4.81050753
0.74365234
7.54642731
0.06654877
22.45557647
4.66796875
3.05069759
0.94975011
5.51342088
9.63111037
4.95312500
13.63793883
0.32718965
1.53755707
7.64575133
3.08374086
10.98693817
6.39152039
5.72656250
3.26021332
2.47403868
1.89367769
47.40331782
11.26330784
4.66104167
13.96790392
7.26888187
5.34301446
10.14355718
0.92598543
1.49316406
9.15535461
0.85078949
3.55273438
15.89107269
8.81595856
0.43330840
2.23466035
3.42012356
2.76932956
5.14798981
1.86836575
9.89053635
6.50322251
2.53527925
1.82145141
8.80891844
1.92228335
6.53560394
0.53080168
4.03584746
3.74711214
11.73258422
2.96468140
6.78336547
2.59659851
7.66393950
0.46093875
9.42533356
2.91939301
6.03320312
4.48632812
5.65892620
0.21916583
5.91262080
10.97153479
3.82031250
0.92281098
0.05986511
14.62886193
1.48193733
4.59532913
6.05689162
3.12557070
8.53369016
0.52490359
8.37361259
2.13285682
13.58923371
5.21484375
4.91752106
1.39302582
4.40580231
0.00707245
12.66906583
6.33129322
3.17843306
2.13041168
0.59895875
1.06445312
0.02382141
2.03560394
4.45869903
0.36381074
14.07621122
2.44437777
2.08443207
4.77705342
3.94214428
8.41556295
5.27104166
4.61417664
1.37748199
14.52513963
0.62134474
4.23364196
5.11372894
1.13806183
6.43705231
2.36507203
3.74129211
0.20686859
12.28897385
18.71956858
1.14400487
12.27209442
3.20987976
12.75948028
7.23002106
17.96797761
3.79838043
7.17578125
0.02763367
11.23425200
0.98083527
1.75878969
1.77689606
12.66537568
2.53083221
13.19832336
1.22550476
1.48339844
5.31982235
10.56425144
8.01698822
0.05953979
1.42382812
1.06515503
1.49757572
0.51095883
9.24064148
0.04493194
4.19966644
2.40580231
1.03135131
16.07482879
0.67232083
8.04109929
11.37487700
8.85648714
13.10591644
22.38582336
3.22701019
18.73082780
1.54126662
19.13806183
2.73921723
2.45674590
7.39453125
3.13700410
7.67488586
24.13692168
3.83032289
15.12410461
5.89978058
9.76818817
0.33703644
0.92626953
5.85021942
8.89497894
0.26652039
12.67187500
3.56070922
14.33927305
1.82267398
18.12450798
1.90283577
5.16503906
4.55814606
6.62923094
3.02941988
6.53637633
1.78605164
0.11987336
8.02901153
3.64363586
5.82556183
10.72054078
0.97359223
0.25614348
3.99218750
13.11604610
15.95238697
13.39160904
14.71109486
1.65772107
12.15668773
2.49911458
8.50667110
3.48885195
7.96106050
7.61914062
13.42728170
0.67391428
6.85156250
15.59554078
17.21875000
1.32718778
9.55570589
17.65620817
3.73885195
20.45238697
2.82105053
4.30692597
9.31673094
35.14859486
12.70650643
4.71878436
1.96460771
26.06355275
8.87561502
8.26472961
15.39420656
15.03333433
2.13773714
2.68794769
9.86336122
3.63075132
7.32006649
5.73506870
12.80332428
9.65055297
7.92757203
3.09090149
10.55024491
3.84866468
3.26995456
1.94283051
6.40970856
9.46955674
3.16476119
7.62943263
23.58585882
5.06294769
8.66035794
4.32401706
3.14213043
8.07722961
3.04972351
13.51951599
7.90702239
6.13639406
1.00394684
8.69185394
2.54056793
0.46944184
4.24161680
1.61633394
11.38567108
0.53640762
6.16903147
18.10273826
6.32515846
0.15035035
33.61283356
8.92187500
6.68404144
8.64841705
3.93599457
4.74609375
6.18481383
6.19319703
8.34977172
2.89917054
44.73632563
16.35783023
2.86088043
17.78918550
12.99385528
6.29956117
9.27331450
0.73108004
12.47428157
0.87162511
19.34345356
3.83227726
4.00907192
3.38200077
3.04101562
3.04508422
0.56437195
1.60972719
2.40073027
4.28605164
0.03245025
0.01154083
9.22493407
0.11271055
2.35949800
9.92818207
10.40535461
8.82812500
2.00284851
9.72656250
8.04028258
12.54284575
3.61535738
3.33276429
3.73046875
2.91316711
0.01636780
1.06054688
1.00390625
5.21004211
1.49361176
7.46875000
1.60058594
2.27453458
7.08785128
6.02388519
14.11030475
14.10391401
2.53789671
7.50659242
0.18046051
5.54341644
10.23693817
0.27819855
8.76127106
5.49910461
1.75728363
4.59464539
0.27563445
0.46496613
1.91894531
9.08804799
3.49068705
4.98693817
7.97054078
9.44966644
3.02539062
1.46289062
0.01633209
8.13972961
3.87190548
1.85359929
6.93720967
4.68164561
12.88212129
2.43660461
0.89200867
0.15458160
3.60982269
13.59044881
3.66300975
11.53169769
28.73077350
7.98016400
1.99324524
3.40384918
0.35827668
0.04700714
2.31685394
12.10400266
1.46488558
2.25826019
8.25654810
0.55355108
4.88716644
1.62275779
4.76835549
3.16528258
1.48173066
6.45222961
2.96183289
7.21756428
8.13444592
1.53125000
15.52254211
5.06461547
5.69995179
4.08203125
17.16316711
12.71581782
9.92916112
2.41406250
8.87410461
7.69295102
9.52787449
3.49369293
9.66060394
17.76562500
3.28621399
4.70690825
0.92781430
0.77095800
23.70964922
8.93428745
0.78825327
2.78677222
2.20639184
4.69758533
4.27071697
13.31294769
6.26562500
12.60066711
3.28832946
0.73698000
9.67264739
4.11596742
7.29374114
9.67931849
5.44791999
13.67843109
8.77954429
2.39694204
22.79862395
11.87991966
10.23499002
12.36193817
4.23091644
2.94380707
10.84764628
3.43616688
3.15909851
1.44132508
4.91271942
5.38582336
6.35009392
10.73922096
9.48604278
10.01306183
1.30708832
4.71317597
8.31595856
2.36718750
1.35005707
2.98604278
0.49641969
2.08007812
4.94051086
1.85025626
0.23751260
2.26171875
3.14908314
4.43343639
15.56250000
1.11621094
0.05667114
0.08770752
0.73941891
3.16115309
10.25000000
10.51818817
6.47444703
15.20275599
2.14835882
7.73046875
5.49910461
6.70703125
0.99414062
1.63671875
6.86808289
12.34541778
3.31533356
2.74985261
15.19433594
1.86863614
0.78468417
2.31790794
4.11377327
8.91752106
8.07998449
11.25941156
6.88256649
3.78629765
0.95104887
5.92199800
0.59273285
2.46063470
1.85194647
15.44327571
6.81889073
1.43990082
8.64754211
3.29101562
0.00901307
1.15775543
1.38427423
3.65796210
11.42256684
2.78906250
2.42201647
6.15458222
1.00142426
6.15311614
0.18233308
22.47481262
5.39497894
3.82747064
0.84973487
6.36526375
2.39210106
13.28906250
5.80468750
5.85982269
4.62109375
2.02567348
2.17061558
45.35119349
12.45695257
3.16527261
16.19568650
5.85583776
4.12796654
3.27633034
2.75390625
6.35546875
7.27600067
0.75061066
3.56099457
15.51171875
8.78906250
0.20519988
1.36755402
3.86409298
2.56754765
4.71048981
1.67783475
8.65677638
6.73474401
1.55525820
1.15543578
6.40926086
1.08170656
7.51953125
0.86425657
2.24495484
3.80045656
10.51383422
2.78259308
9.79687500
4.15625000
1.61128629
3.29638796
13.51037567
4.62438996
17.47025543
7.07958984
20.93577793
2.79424312
22.63911957
2.50931793
6.22912567
10.13130209
3.93644725
6.47704455
7.33549479
3.61023105
10.52420989
0.53780183
7.90287013
1.35795323
10.87348959
10.89648936
2.87036071
13.07466644
3.72501275
5.35151818
10.09074662
1.35306793
7.34452239
8.32315603
4.29370678
1.10786957
13.42700133
6.22143617
0.82560118
0.23641054
10.97871233
3.15019392
3.83984375
14.91511525
8.91211436
1.86124695
6.35758422
6.71162124
2.87761247
17.06644559
11.41166199
7.44588320
7.10591644
10.25655059
3.60620179
10.33414672
2.16390015
5.95507812
7.32457780
0.15198470
2.19551419
5.58573581
7.63102172
6.72220856
1.91886165
0.14148230
5.31205231
2.39292720
6.86683842
18.67008422
0.50321504
1.39798981
5.09008789
4.45898438
22.21366301
0.50504640
7.31595856
13.65966797
0.64371236
1.82662455
30.65087766
0.65576296
1.45019531
6.58312833
3.66471437
16.38647523
0.53360836
5.21464206
14.38525266
10.33980441
14.23347961
16.97753906
2.75435394
17.62454234
0.39844747
20.67879211
2.57434113
0.81009918
6.13281250
3.96744626
6.68774601
7.38972961
6.99495235
11.83349734
4.89632203
8.98616578
2.30948914
2.61718750
9.17700133
0.29687562
1.17187500
6.62686946
2.29305241
9.83658688
5.90810949
0.80022550
3.18314606
4.22701019
7.74942930
3.08866301
0.39921238
7.74401762
7.06172761
1.90897551
6.49922761
2.49649712
4.10941932
7.43225067
8.59134918
14.15856716
0.59517675
6.42879211
12.44506649
9.75370456
17.73950133
3.36401429
21.77640404
0.32947182
3.66951352
14.76278445
2.13558732
24.74157248
0.10612436
7.82332336
7.74263519
14.43922806
9.59684203
8.52868683
6.75646942
9.13346188
1.61841007
8.97399933
12.63497494
2.60571476
8.27793163
3.72265625
4.91015625
2.84960938
10.77245346
4.53268173
17.06640625
6.96093750
3.83296598
2.84086214
3.14798981
3.51578735
1.28568512
1.21821147
3.82858266
5.17622894
0.02088928
7.76639739
0.01127106
16.07108489
8.24910461
0.49519961
9.01464562
2.45048315
10.23783356
2.11523438
9.75948028
13.22778258
3.90592033
1.13806682
7.07857269
0.42016602
4.08984375
0.01251221
0.52294922
1.24983267
3.13951796
6.76645168
7.26997894
2.98046875
5.65881317
0.03293885
6.68697113
85.97590814
11.80851507
2.12434688
10.43742132
3.39453125
16.33504211
5.31551086
3.49353058
4.26607269
9.32454344
2.67740968
3.14257812
8.66829344
1.40006593
7.48347961
10.42533356
10.59452239
19.08345644
7.87109375
9.79687500
11.15711548
1.52647827
2.64115387
2.75976562
6.19966644
6.21484375
7.53515625
2.86914062
0.48242188
1.51960754
1.46166307
5.78736037
2.69177028
0.29260472
6.41630044
15.87862144
5.51684508
0.59790101
0.10923004
6.92578125
10.46875000
11.89062500
6.42394615
0.79382729
3.28766201
2.14133366
4.44921377
1.17383311
3.70747894
5.87711547
5.18929078
1.11328125
2.27887726
6.26082336
0.18827332
9.03906250
2.48632812
11.50512633
1.10913148
3.21244293
0.78902191
4.28906250
3.96651153
5.40367063
8.01169436
2.53365082
9.91137633
7.73950133
1.18798953
3.78710938
1.51269531
0.21508789
2.10111481
0.92574066
1.58113586
6.39453125
0.05999756
0.57466644
0.59326172
0.35249848
0.10821533
2.54782944
1.69020611
1.84655917
2.98437500
14.38671875
6.10156250
11.38442910
2.49069297
1.04785156
8.55468750
3.03816711
0.96280945
7.05674868
4.03935097
2.31820700
16.40681073
5.29183732
4.84432070
0.67927915
1.14156222
8.86372894
13.07442044
2.92138796
2.13700410
1.16918758
0.18066593
2.27539062
6.71018725
1.94681793
1.77823914
2.36763519
3.21289062
11.01012966
3.62072972
5.49970967
10.69169658
0.72119141
3.37724760
0.00922483
2.41430851
2.46919769
4.89107269
2.58638519
2.18465149
0.25480164
1.63183594
2.41210938
0.00846100
10.07812500
2.98437500
1.52990692
2.25329621
3.84375000
0.67333984
2.36930297
1.72835328
1.67044140
6.29029255
11.70222961
5.86853058
3.44531250
0.88281250
0.05677245
5.00960328
15.75314513
0.70967683
8.24218750
13.72261792
19.40386081
2.88911957
4.78067930
19.69160794
8.70349401
0.37158203
3.08751663
11.01281583
2.79615192
14.63096743
13.11032468
15.42968750
1.47550476
5.85961104
3.34742021
0.33959961
6.35502106
1.31001801
0.29809570
8.39746094
14.98907865
9.11246454
9.21667885
2.41992188
3.03514130
6.36134308
10.32031250
10.63883422
13.13370789
9.50781250
11.14599236
5.97359596
2.40490692
1.22835328
2.39624023
2.05619293
5.89530364
2.82421875
8.75358156
1.23245056
0.18880312
11.38627106
2.82421875
4.28951019
6.71875000
1.23685699
0.06209320
10.82914215
2.74661016
4.03508754
1.62238103
3.73063110
7.79866578
13.32303303
9.62640692
5.81876898
0.34033203
3.57519531
6.78515625
0.44409180
0.82617188
4.19140625
2.72220856
1.84756822
2.43730330
10.09977172
2.34944703
3.69982879
1.03816711
7.90804078
1.71626801
1.68399961
5.44889406
2.12154144
8.44095856
1.84171570
9.19490415
4.26408023
1.53320312
7.34330231
4.25044769
0.90332031
12.25044823
2.62845856
4.44656694
0.40641982
0.55273438
1.89453125
12.64485594
14.28393617
2.28169769
24.42175200
15.21613254
14.88083000
1.13537816
2.32780031
5.48685699
5.13403258
9.83081117
4.51997894
1.97957336
6.22355164
2.04296875
10.38627106
1.33536680
0.36527621
5.07421875
4.76953125
11.85156250
8.38627106
0.36539579
14.72131317
3.70292331
4.42968750
0.96406887
3.08333499
11.99458832
8.74804688
2.82767731
2.32226562
15.30468750
4.79341644
0.69445645
4.45113253
7.41105164
0.17439633
1.12247867
2.32031250
11.25500333
3.82983212
3.77950354
0.69433594
1.37198914
7.53218473
13.50358156
10.62935394
3.04256040
8.00537234
2.98213653
0.23750886
6.27823914
4.57377106
3.17036957
1.97566711
0.04862488
2.42817307
5.38627106
0.64884274
3.72505707
4.59700687
4.94877106
4.45357269
8.41125333
1.10827792
1.80362727
7.13875554
3.46830231
8.75781250
6.43353946
19.21945367
45.15881317
2.33077183
5.75256317
2.75813719
0.73730593
2.30143063
25.03129183
10.58475801
5.81205231
0.68450928
13.21093750
23.22339935
3.46963347
7.81477875
2.28723238
1.85420435
0.86499335
3.06835938
2.70312500
1.21109985
3.86027039
2.41406250
0.60196961
0.22399902
8.03853052
17.24902593
4.42991856
5.22535239
3.38993628
8.08556335
6.47912567
5.06473847
1.51623504
3.75036652
5.72310394
0.34497070
4.46350067
0.83874543
4.13232422
10.12923094
11.07645722
4.65588099
2.82548315
6.58247894
0.00936127
6.09375000
2.43260722
8.22958333
15.51652039
2.64257812
6.29508422
0.41394074
13.68590399
3.51428192
4.66511525
2.31291334
1.15820312
4.07395779
2.88234042
3.38745179
7.82377106
4.70987790
8.31185062
6.89888519
3.64017731
2.77974457
4.86673981
1.42195617
1.04919465
0.84228516
1.96215758
11.69162156
0.34928406
13.44367908
1.56714428
11.08247894
17.78504425
9.83683289
1.29870574
7.17875152
1.55114777
7.23091644
8.07096188
0.43644351
11.22264628
11.03248005
13.34622452
7.59497008
5.14441821
10.03470856
1.45161957
8.21785461
11.89794548
0.59220772
4.03461492
2.38156305
15.15818485
5.38632535
2.93599457
6.67354278
5.49641969
3.80664062
7.50602172
17.23221894
7.31941711
0.25191254
0.83736176
6.63236481
5.48392731
0.19657410
8.06070922
4.59240692
6.67255874
3.24451462
3.11014739
2.91145999
7.98632812
6.93705231
6.97041778
1.34448304
6.74609375
2.30273438
9.57481384
3.90956116
5.65100067
4.86763519
7.28214539
0.48612457
1.98091644
4.67533356
0.81489957
11.71106050
3.88252715
8.56429078
1.40315797
5.31021720
2.15027260
0.20039887
0.00291061
3.39857663
1.72866355
18.05017619
3.67728668
3.07198028
5.94710328
4.95792664
24.28727172
1.04748130
8.61690713
11.39229278
6.13671875
7.70731660
8.80122894
0.00946045
2.56835938
4.83369903
6.39196808
4.70747894
7.46291003
21.97837322
15.23014406
2.39168274
15.91804743
3.07157690
15.43179300
2.14771442
14.00870789
5.58369903
17.38756982
7.87215647
0.30904144
4.61221853
10.37817819
5.08728058
3.73828125
11.34484708
4.94218050
6.11629211
1.18037871
8.92289339
4.52575466
0.46940312
2.75557403
5.45800532
1.92554022
3.19977948
9.17338541
8.01453042
0.93070465
6.92667664
2.34179688
0.03548675
4.25390625
2.04146332
14.44473432
5.68201462
10.63539186
4.60591644
4.31770325
4.02298981
10.19954344
17.18768404
3.55228668
2.56084061
4.66829344
17.18077150
1.19059203
2.06172761
1.37259918
0.00671906
1.39994293
16.36560452
3.02072694
2.34493074
6.07466644
9.14408356
3.79597961
2.46228058
6.65970856
12.87979167
2.15190602
9.60052417
8.24322583
5.86576324
10.85156250
7.62158079
11.85530142
2.47489971
11.11283356
16.17366578
8.66406250
2.18900543
1.93204400
4.86800421
0.99186281
4.94140625
2.49218750
0.01013184
10.88242915
3.59730717
10.16227172
2.00765015
2.24038924
1.78943650
9.86014739
5.64766511
2.17036957
2.28436279
2.84171321
1.53869847
8.76037567
0.10469605
8.59375000
4.08760528
2.49593140
5.24609375
1.38423676
2.81205231
2.30866121
4.30653257
16.11929300
9.93120290
6.19307403
9.45369570
7.24218750
0.38181549
4.87845856
3.54191101
10.62845856
0.06359863
12.36348294
0.63061710
8.12141844
3.24043855
4.96093750
2.80708832
4.17097961
1.70511747
1.98014406
5.88159242
5.98091644
9.45658356
0.25069184
4.75967199
5.21298426
2.79492188
3.11283356
2.32068478
13.32222628
3.50240082
9.84029144
0.31160461
1.05505402
0.79687500
15.93660461
14.08850067
1.74450715
8.02029367
3.67546653
7.90490692
1.76993711
4.39689273
3.67923981
7.08805297
5.01696808
0.46675629
7.11238586
0.38415558
0.15625000
4.35502106
2.27247577
1.24281748
2.43896609
7.02184841
0.86527683
5.75855987
1.63114472
7.54732269
0.67041016
20.45158869
0.88655890
5.98893219
8.16003799
2.94954375
0.01127106
16.07108489
8.24910461
0.49519961
9.01464562
2.45048315
6.35156250
0.55908203
3.08548981
-0.00424820
0.68945312
0.96138270
3.27579898
4.13313221
1.55794935
5.94531250
2.10982269
6.19877106
3.79536957
11.20568817
12.97656250
8.95568817
19.72175837
2.07487311
7.20703125
9.01179743
0.69087987
12.41756983
2.42272162
3.17358398
2.30468750
7.24218750
7.62890625
5.94140625
13.19531250
0.50992828
7.10591644
3.58203125
0.71337891
0.77978516
1.30211810
10.81848736
8.10156250
0.85001275
9.78776374
5.74258589
2.18364306
4.70621454
1.25517065
4.09330231
5.75992797
1.47098847
0.07763672
2.34333801
5.48738586
0.31095398
7.87890625
3.40625000
9.72823028
1.21219941
4.82767731
0.91060394
5.31595856
3.98738586
5.24913211
8.40630429
2.69576019
9.96170989
9.49218750
0.84053621
3.79345703
1.48099762
0.15633148
2.27884918
1.03365082
1.32181793
6.20658356
0.04540009
0.53808594
0.44730621
0.33170594
0.09722900
2.09638156
2.18035183
4.94877106
5.21484375
5.15279144
11.46031936
2.15943162
2.01757812
1.87109375
5.99609375
1.55078125
7.37226951
4.34264919
2.00431959
16.66446587
5.28943151
5.99096742
0.51810637
1.90494875
8.82812500
8.55110594
0.36637453
1.46777344
6.22131317
2.78637633
2.91418550
6.96997008
5.63940492
3.36120512
2.99816988
5.34594415
3.50171210
0.41674805
0.47558594
2.43219263
10.77744237
2.50630707
1.06188996
1.86914062
4.24218750
0.01670837
1.92773438
4.73783356
6.55904144
6.71093750
1.08300781
1.91422485
1.42268922
1.37932695
6.20007978
6.67748504
3.28828949
4.38627106
2.43404144
11.13851410
21.75927734
2.78365082
7.26009032
2.45084718
14.29129101
14.51685505
0.26680512
1.44795684
10.89676972
1.12597656
3.47330065
3.78646498
0.24658203
2.32177610
3.60603945
18.74372729
10.52535128
8.79582225
4.06250000
2.68680630
3.82926640
3.81506317
1.89099152
5.28784180
1.61185699
8.84541778
2.54536957
8.36116578
1.50110071
0.18615754
2.38521332
8.24218750
1.76224762
0.05244965
11.09822570
4.12153148
3.77096548
2.70245105
1.47656250
9.16406250
15.65575798
10.45084718
0.30351050
5.14941406
15.20287899
3.05688663
3.59570312
4.07031250
3.15388416
10.76636303
4.44620789
12.12410461
2.19230164
5.22220856
0.17504821
6.77913453
2.44816101
7.77856383
1.67793855
3.03515625
8.01908356
2.42899380
1.55973515
4.60925200
2.51306183
1.91450957
4.42635195
9.76729340
2.27343750
14.61014739
3.85095246
23.06941711
14.36859930
6.45788232
2.20867464
2.29760804
9.72851562
4.03442321
10.47143617
6.05814606
2.24145446
5.91284242
2.29732269
7.10156250
1.40242243
0.65519476
4.69531250
9.30700466
2.54455784
4.63191711
2.19425476
3.75573637
1.75500582
0.60839844
2.74118851
2.12795212
2.78320312
4.28125000
0.99942930
4.98482269
2.73645113
8.17789672
1.03552277
8.34375000
12.02689606
3.57661957
0.80688290
4.35962101
7.71529144
0.11631256
1.08247894
5.63236481
0.64469360
0.66483613
1.73970426
12.80045656
5.88448028
1.12483765
6.46964539
1.82971160
3.49983765
4.44576019
4.66361481
3.88911957
1.92631012
0.05769867
2.27874756
7.01171875
0.63606407
4.86104278
6.81433510
3.73669278
13.93929078
3.49170046
0.99169797
2.70564882
2.79972351
0.46610504
0.83052582
4.28291778
8.96895293
41.48091644
2.28678468
5.31160461
2.80261137
0.76513796
2.58552915
20.71875000
11.62955875
7.53861481
1.18438721
12.99173981
22.44281057
2.11089912
7.71828279
2.41630097
2.18709165
0.68343265
3.04101562
2.92187500
0.98742645
4.14843750
2.88236481
0.57942750
0.31420898
6.22253138
2.90271276
8.90854614
5.06852172
4.37032136
1.72326629
4.03068055
2.17622894
1.19726562
5.77152372
0.88570285
5.01037567
0.84415711
4.88814301
0.83548981
9.93750000
3.65148770
2.72981937
5.47265625
0.00919342
5.74564606
2.12174438
5.33772828
1.84570312
5.60111481
0.66902649
5.22009308
6.51607269
0.10205078
5.59720856
2.48347961
3.89693207
7.75301278
1.51905418
0.98193359
4.32269837
2.90687499
3.62394226
4.29296875
0.01427460
1.15429688
6.90161008
7.28456728
1.73331726
7.04252106
9.72912567
0.34163453
15.04857713
10.92378878
5.41435283
5.71093750
7.46081450
2.66764406
1.45943207
7.11665116
1.44584884
3.25877660
1.94390070
28.34643555
5.43359375
8.39318817
17.60046418
7.35502106
0.23575867
0.80078125
7.94531250
5.43359375
0.15104156
8.41137633
4.24572723
5.88460328
4.07600953
2.84240692
3.79325410
3.87080840
2.77567597
6.02343750
4.50352727
8.87838984
6.21183289
5.84375000
2.56445312
0.15702301
2.12695312
6.29642731
0.82675596
17.51530031
2.70117188
0.85921141
6.43025820
6.05859375
18.19974762
0.99149255
9.00651374
8.50781250
2.37500000
3.70133422
8.07210328
0.02435547
2.48482269
3.55379211
6.93794769
2.93404144
7.77931628
23.17067486
7.27709774
1.82369237
8.12500000
4.55334442
7.34899933
10.61465869
4.91614361
3.48197418
6.87154144
0.76021332
1.93420379
8.53010860
12.18163564
7.20756759
0.34228516
6.31986481
7.59378965
5.04871706
6.09029144
0.72261566
9.77193207
3.23266290
0.48661597
1.36043274
3.16621731
2.06168827
4.16669936
13.11499335
6.44686350
0.84379059
2.04191101
0.01875305
4.07377106
1.56099457
19.85357686
3.98874888
10.90416474
4.48046875
3.68629699
3.87935394
10.95450743
17.25000093
3.59810394
5.21117401
5.54085172
10.93070589
5.98950133
2.99694887
2.41406250
4.37845856
1.79740387
2.00089539
1.13183594
2.44112090
2.55887910
3.21195340
6.04789339
8.88627106
7.57946808
0.09466978
3.86100343
4.59720856
0.62650543
1.23722351
10.53906250
4.38704344
0.99576906
9.80969083
2.21285004
14.69722628
2.60351562
8.03381317
8.70056183
1.63618988
3.76367188
4.39062500
6.51293883
6.39676972
0.42549528
8.24743683
0.44006441
0.15979004
4.70267731
1.77083250
0.84929964
4.42366578
0.78312283
4.67967837
1.63460328
7.78906250
0.45092773
5.01301751
0.34391608
9.62626129
7.28378487
2.95389676
13.86608046
2.30489915
7.29386414
9.53714872
2.88472628
13.48913232
0.41760597
7.22656250
0.21325684
1.07084137
1.34029144
1.09375000
6.58213287
6.61763519
4.45267731
6.04687500
3.96138519
3.75878906
8.76562500
13.69958496
2.65234375
0.80175781
1.20800781
9.74039672
6.19905640
5.15234375
0.91064453
0.61376953
2.23632812
5.40266844
6.46451906
9.00874225
1.39611287
1.79729332
13.99910461
0.06051911
5.22265625
0.74755859
6.51859100
1.84273713
4.92578125
0.09307861
3.73844360
15.33772828
13.31077057
0.29829801
1.34228640
0.62434813
1.17936281
4.33203125
3.20703125
10.97134752
5.49349623
2.65039062
20.38476562
3.16349180
2.73689882
4.62500000
1.92029109
0.35210881
4.98437500
4.31416778
9.74308289
3.48754073
47.21550310
1.02681488
6.97521942
23.35502106
0.59651734
15.54634764
9.16528414
4.75781250
3.24699890
2.13716644
5.32857269
4.29296875
0.03369141
5.07031250
0.60995961
0.16829967
1.26695749
2.26660904
4.20695257
5.86470302
4.83105718
3.81054688
0.02172852
3.57812500
10.82812500
0.02261353
11.51114805
5.73885195
6.19531250
0.00179100
5.40913786
4.86450133
3.14432956
2.38041168
7.27734375
3.90279144
0.79023701
4.27328014
4.87154144
4.91015625
5.69942044
7.64823581
0.21447754
7.44360040
8.56294925
2.75822085
3.96830231
1.50166778
6.41284242
0.69873047
0.11492920
2.79785156
0.76078277
8.47310394
2.33593750
12.45993999
13.85143950
12.04968417
1.83838015
6.89123006
1.19177776
6.82421875
4.85502106
6.41271942
1.32893922
2.52103668
4.15900987
0.85128463
4.43839539
8.99129211
0.26692656
4.96407136
1.25878906
0.15441895
3.07226562
4.87874266
10.13639406
13.79418883
9.76831117
9.83593750
3.72460938
10.11425781
24.54687500
0.35652649
0.64347351
2.07767731
1.69478363
6.95947141
2.70849734
12.62487700
3.87707613
2.62711547
1.11897828
10.78906250
3.58984375
10.73153687
0.31958008
7.88281250
18.47566711
2.96183289
1.97363281
4.90970856
1.21419188
3.43957613
5.27494293
0.95361328
2.70117188
12.26562500
5.79207336
0.82348571
0.83829742
8.12947695
10.09720856
5.60265958
0.48616703
17.98184619
2.73885693
11.98437500
1.61083860
0.48197543
9.04190603
7.60867133
5.53301639
0.03029389
1.33691406
1.36755278
12.58667001
3.76066155
11.88716644
1.49218750
5.35502106
0.67720551
2.75105774
0.54679383
2.17578125
9.46093750
6.96093750
0.26391602
8.50000000
2.63531494
12.39062500
5.17720413
10.21557181
0.49878366
3.63281250
4.41438719
0.26021394
3.62410461
5.08811171
1.98354387
5.04785156
2.65625000
10.84720856
4.14107269
10.29833984
0.01296234
0.07434082
4.26285703
3.51875886
3.10485871
2.90189606
6.57840537
1.93526651
0.85152191
1.56152344
0.53633450
0.07230808
1.41308594
1.33593750
7.67170767
2.07198526
8.18407580
5.83980939
3.67382812
4.51127106
10.97067820
7.52586324
3.90039062
5.64798981
0.17545563
5.46964539
6.24609375
2.28084165
0.20963687
6.53261747
1.31503878
10.87910794
0.50126316
1.63980985
7.94197695
2.80993683
3.80468750
0.07830811
1.13378906
2.06445312
3.63889545
4.15895611
0.20764160
3.05285645
1.95666473
1.75720246
7.16092864
0.25899324
7.21268396
1.93184729
4.69795684
11.32556183
1.39094969
1.50447695
0.12864166
1.06001801
7.94441711
3.78214539
3.23002106
9.96529144
12.12500000
0.08505706
0.85721894
6.35223627
7.74541998
2.95117188
4.32421875
0.75390625
3.79199219
12.78125000
0.38818359
0.50569578
10.38258912
3.91390015
2.08398438
10.22656250
5.93314606
22.15086769
3.64645500
3.06298704
2.66552859
5.46484375
8.42008422
6.30220302
1.98039007
8.73119681
3.02421487
2.37906860
5.52958222
1.49316406
9.16060394
0.10803223
0.00479507
5.37890625
1.10351562
1.36132812
5.20853170
1.90625498
4.96919769
17.05379211
32.01118988
5.98482269
5.82153258
7.90848847
7.97336936
3.13840646
8.21899414
3.19531250
11.76810699
2.43750000
28.21484126
7.84232823
5.78861481
14.36808289
1.77388519
1.41662567
1.58337433
2.69128568
6.90291445
1.81640625
2.31250000
3.46679688
4.98054992
8.06339539
1.29785156
8.51367987
1.35751551
1.28320312
9.93314606
2.40083832
1.35839844
6.44014185
3.58134253
9.52490110
12.03662234
0.12695312
3.95133422
7.97054078
0.25851780
2.08789062
2.58972075
2.89119570
13.49707031
2.94351674
-0.00015736
1.64786742
2.27868683
5.16060394
0.40214020
2.63521332
9.92968750
1.90722656
2.76367188
9.10814111
6.34456671
13.14107269
1.89355220
3.47949468
4.29296875
4.58772579
8.97874442
5.80896276
0.47255089
3.86332557
4.10156250
0.38215845
2.27860815
3.49414062
1.50781250
1.29545074
0.00986237
10.93660461
5.19771332
5.30904144
19.18422265
9.06382422
0.03427124
13.33337184
1.09143284
0.29503138
20.25541417
3.20312500
16.77994626
24.78381317
6.33272495
3.04019892
15.79797457
10.68623636
0.65043121
3.19889406
5.45056183
12.65970856
1.12463348
1.10042359
19.46875000
2.30273438
11.71353502
1.26498060
5.17187500
7.04252106
6.90279144
6.69531250
1.04846160
6.10290558
0.54154449
3.48486204
3.89729610
3.88196143
5.33504086
7.39188629
2.61954898
7.07076019
2.35351562
3.81835938
2.79687500
5.88602505
5.23506870
11.50376331
6.30828900
8.38716644
0.40824371
12.01444426
6.97579011
1.93955900
2.28903811
9.34375000
11.13281250
4.36328125
2.28978526
0.81409657
13.68802887
2.53169769
10.72391754
0.66451019
3.46209561
5.20576685
1.60368295
9.25000000
0.29882812
4.77734375
1.54296875
9.14843750
4.94006317
0.34875519
1.19205563
17.55716202
4.12968860
2.46634918
5.56969748
8.46936502
11.75475732
2.91951850
4.78189938
9.99935062
1.40039062
3.71875000
14.58593750
5.92968750
6.81941711
3.67472351
1.25931043
16.84852019
25.77734562
4.65669769
2.63431793
3.77388519
8.72656250
0.14562988
0.60911549
4.95829565
8.01952128
1.76136469
4.26171875
4.59159021
5.81319495
0.70857602
8.41508089
5.02600067
2.68237367
6.49609375
2.82649657
1.18717531
12.50488281
4.26562500
18.67819977
4.17923981
5.76607269
0.62996399
2.57706726
13.20658356
7.91817168
5.61987367
3.34134918
15.91715204
6.94267065
0.12622070
12.18314606
7.95703125
13.22387633
8.15856716
3.52034796
6.59452239
4.08931488
6.72880097
14.64497894
4.77400695
6.27388519
11.64497894
5.02844083
9.71272828
2.00101839
4.74609375
2.35021942
0.12243683
0.34741211
9.15100067
1.98946074
10.54520722
4.14741911
1.64005679
6.76127106
2.44380707
0.34634088
3.51343085
5.42578125
0.35205078
1.16503906
0.82568359
9.03344415
4.13452460
6.28336547
2.62438996
1.20214844
3.01745512
1.39998476
9.48777926
1.83208554
15.37463379
8.42968750
0.04802460
1.47993490
4.47762522
10.91662567
5.02992799
2.25334655
0.56982360
0.00000000
0.00996399
3.13281250
4.22265625
5.94335938
6.95365138
1.11763769
2.63822418
15.38627106
0.93550629
6.28336547
0.12113496
5.69921875
0.05035400
0.64111328
1.38236481
1.55025238
5.18677930
2.24028368
3.57767731
0.53072113
6.98738586
0.16499785
2.04219636
3.91406250
8.17956450
2.74231050
11.04752438
1.49291805
2.11678413
12.46785461
1.24389161
1.75931793
8.60933441
5.91015625
5.19140625
1.54545074
8.73156583
1.36556156
6.77343750
5.56329926
2.76189605
4.87500000
0.16796875
4.46093750
18.90625000
14.40002441
0.12740995
1.49719332
0.70528106
1.19657441
2.45658356
3.88911957
11.57803635
6.64026595
2.84375000
18.75044769
0.32714657
2.58032413
5.31250000
3.54180751
1.28632756
6.11372894
4.43827239
4.84500194
45.35983266
0.96289062
7.33939606
2.02901153
21.29903074
0.75382632
15.39601042
9.55737398
5.25044769
3.68409698
1.94567902
6.55273438
4.05078125
0.02960205
4.75781250
0.71547839
0.18945936
1.28441355
2.59159893
3.51278147
3.43709165
7.70548648
0.08447266
12.51293883
5.10424867
6.59765625
0.00508499
5.16662567
5.37174313
3.62569370
6.23828125
5.01127106
0.81994099
3.65609264
6.58158356
5.46484375
5.34826380
7.44568151
0.35689301
7.73713985
9.91605683
2.63562167
3.86869293
1.45426391
6.25614472
0.76806641
0.16528320
2.72611481
0.74117035
8.25345856
2.33833832
13.38396173
7.53943151
14.02945922
3.21695922
7.76139406
7.80635528
11.19339872
8.24589206
11.21093750
0.21742643
0.91259890
3.40429688
0.68847656
0.46484375
2.68164062
1.43762020
10.91430851
13.69352172
8.73616578
8.90189606
5.80904144
9.07177734
4.83548981
9.71875000
3.91601562
0.39229340
0.06151306
0.28780121
2.58939606
2.93839539
7.17004239
2.68835605
11.41483489
5.43672761
1.93758117
0.81095398
5.08158356
10.37154144
2.28515625
4.01774047
1.84163453
4.45898438
0.83837891
3.27343750
8.45312500
14.69441711
9.23665282
7.56307070
6.42923981
9.15869016
0.45845675
0.70955383
6.45792664
13.07812500
2.06656860
9.84029144
2.03649933
8.36229721
11.69104720
2.20402039
4.06551086
0.04907258
1.70214844
2.53515625
15.72273493
0.51896429
3.49995817
12.59090095
3.40576350
4.09765625
0.75146484
5.81205231
2.33683289
3.77298981
4.60457336
0.96525086
2.79732269
11.61885528
1.95341035
10.30468750
15.46439606
0.89839006
8.44556349
1.45703125
2.90039062
4.42097961
1.68058289
3.88281250
4.79642731
5.14920989
0.32120851
3.97566711
4.09430076
1.80112588
5.20117188
2.81640625
9.04687500
5.21093750
11.25292969
0.02546692
0.07794189
3.63150938
3.31563386
3.86808289
2.99023438
7.77697474
4.28161901
1.56099457
0.51521602
0.12467656
1.32128906
1.43945312
7.35025377
2.23373060
9.10175422
3.55840203
13.08593750
7.14963764
9.04176861
3.41210938
2.77884918
0.14294434
5.59419769
6.30468750
1.41727505
0.20040074
6.18680630
2.58678607
2.22933732
14.84671654
0.89156471
0.68985836
2.96224124
4.83984375
0.02296448
1.37357574
2.66060394
2.81026153
7.85725953
13.87845856
1.77921570
5.52119903
1.72196504
5.20764129
3.89379821
11.49922761
1.17639129
1.40458222
0.17753082
1.02734375
7.59765625
4.86763519
1.56355774
9.57902039
13.09375000
0.08524016
0.91288301
6.99692488
5.50307512
1.63476562
3.59570312
0.59082031
2.25789367
14.16841644
0.38741059
0.68713285
11.33288637
4.83728058
7.12500000
3.94486481
5.15783660
8.41219117
3.27990692
2.41540558
5.30468750
10.44095856
7.96744127
2.64042830
6.36470302
2.11291722
2.88525266
4.56876773
1.92578125
4.46830231
2.77583832
1.54394531
1.05273438
4.34504378
1.90690935
6.31888824
16.70312500
32.28951019
5.89453125
8.28816711
3.81241883
2.45312500
5.84375000
5.02490234
1.51151395
11.93111300
2.24414062
2.69441711
2.67862976
6.22867797
4.09163453
3.18750000
2.24804688
3.62109375
5.23588043
8.53560394
1.17187500
9.29434200
1.34050808
0.95947266
9.89062500
2.47265625
1.17382812
6.50341423
3.47900764
10.87337157
11.97233156
0.08624268
3.83459442
8.86462433
0.03280640
1.42968750
0.08679199
1.68750000
3.25756649
2.81274601
12.67045074
16.26548206
0.51621564
1.20800750
1.52433289
5.53951019
0.25992828
2.94771332
9.36885528
4.38114472
2.59179688
9.41857817
5.72668550
12.37780762
1.97082115
1.20788979
7.07377106
6.54296875
0.93668547
17.03820645
1.34818761
0.71465473
1.55872174
5.27343750
0.45186091
3.78117132
8.31595856
5.87935394
14.68314606
5.85644531
8.85591644
23.13986649
12.44021163
0.03149414
24.70641498
3.58801861
0.72826525
22.61430463
1.00248199
21.06494016
26.91739805
10.85449468
3.28853114
9.07670199
12.22228303
1.06229582
1.63720828
4.83984375
3.53365082
1.57670074
8.50435394
7.69095856
1.11470551
2.76928026
2.47486037
4.40234375
2.76713043
7.90279144
6.30468750
1.63964844
8.70658356
3.27779144
5.71695922
5.63976397
3.02022994
6.21268551
7.30489105
3.78947085
5.59765625
2.38326019
3.54687500
2.64648438
6.20019282
7.58105718
13.33141124
6.65491688
8.17533356
0.34566254
10.60998411
5.34086214
2.38873311
2.43105052
9.64062500
10.65189606
3.66841644
2.61612229
1.18075271
8.82364805
1.40291445
8.87695312
0.55371094
3.47868679
5.31359708
8.58028479
0.98628754
2.76562500
8.12500000
1.59179688
8.17187500
5.18872008
0.48559633
1.35982020
16.44238032
3.74369791
2.87064606
7.07965980
4.98328789
13.02754544
5.50761081
6.84695258
8.36007867
17.67341977
16.90032866
27.89109708
3.40065159
8.02278812
8.77689606
1.80167664
8.02677305
1.13924257
12.29101562
2.95312500
8.02689606
0.37963867
4.32076019
0.49369231
3.08862367
14.76216644
8.46655211
6.04130097
3.55904144
15.43904477
5.45158023
0.03466797
12.63627106
5.40279144
12.22823028
6.63488365
3.73063608
7.49564606
3.25406860
6.26005097
5.56986481
7.69924927
7.93013519
8.32722961
9.92663232
4.71399268
4.14152039
5.03433954
0.46224249
0.13159180
9.12064606
1.71109985
8.91149933
3.74776153
0.83760652
6.32377106
4.35591644
0.38985863
4.12414893
5.50000000
0.20458984
1.18652344
0.52978516
0.69150725
9.72184997
0.65580231
5.52701906
5.91906583
4.88606937
3.17773438
1.22806793
0.13476562
0.08519439
3.02026429
1.92338043
2.83315770
3.28988918
9.87633312
11.90707294
0.13525266
12.48002106
21.19437777
11.93404144
4.70967310
2.43921210
25.72321182
7.23693817
19.03771487
9.65696809
7.57989015
6.12500000
8.33158356
0.06311035
3.33402372
10.49002771
3.27991190
2.36328125
8.96174424
2.50703513
11.26274711
0.08691406
1.57902039
9.98848294
7.42122562
7.24489806
1.95822694
1.20845551
16.84452239
4.87233822
20.68503545
4.17142731
1.22310394
1.34517426
11.94840079
5.53263741
1.40572113
26.31891886
11.01307180
2.72460938
7.55802305
0.41609804
13.26684570
10.91752106
16.89669218
1.84870713
5.44930740
9.26049867
4.57108489
6.13883422
8.35424867
3.05257203
4.94531250
2.14896014
7.76469525
3.19291168
2.56038453
9.15612700
1.31901125
1.36275238
7.62385860
4.00504765
5.21666503
6.65417885
0.98339844
13.22164071
9.11387189
18.92110261
7.86718750
13.89497894
11.99617243
10.57316351
11.20312500
0.16857910
1.70312500
21.61112280
5.68039117
6.58203125
20.94095856
1.28609223
4.08247894
8.86019897
7.41564163
2.16053025
7.94051086
5.51359070
9.76127106
14.96593231
5.19140625
3.82377106
14.86440292
3.64205673
24.89712877
4.09603529
11.50000000
1.48339844
10.02441406
0.69006244
1.56547650
4.50000000
8.46077017
3.48063608
6.93347075
10.80737367
1.67419465
9.30712766
0.33471804
6.59330231
1.92036957
10.19531250
0.64013205
8.75228280
4.87492308
2.64359652
14.82328153
10.52388644
2.58548981
4.25390625
0.28755707
11.24910461
2.82706726
12.93660461
2.09737090
3.10860261
15.16722075
1.72747284
19.54434619
4.56201795
9.04239805
4.97412234
10.69877106
5.91060394
7.72688719
11.93326906
0.01893616
13.55001976
1.28084663
8.14955009
8.78865913
9.89587433
8.90677638
0.79146581
1.65865082
10.25345856
0.08955902
2.86328125
9.57812500
0.56542969
2.94114280
68.92370512
1.69582346
2.90039062
2.32076019
2.44844387
9.49593265
6.98091644
20.26761248
3.39474104
2.65970856
13.17411098
1.42582402
0.64408356
17.02408688
9.44229915
11.14447045
9.30902100
1.95312500
8.56595856
0.63765473
2.91992188
0.02391052
2.03125000
4.76293945
3.63236481
1.71986008
1.49003051
3.94364472
16.93314606
1.59879516
3.41239472
21.91135125
8.72229720
6.19921875
9.28217975
1.65759807
3.09582613
11.13281250
8.59720856
7.61405364
14.32735261
12.68981690
2.84680176
8.98437500
0.09155273
9.37313983
12.97659686
0.83733488
10.52973959
1.62944010
13.59375000
8.31148223
4.51786347
4.73046875
11.33850067
4.21964539
16.71875000
0.53381317
5.23090648
5.31189993
2.19291168
6.83203125
3.04642731
0.94376648
6.85030059
8.47489472
0.06098388
5.85957669
2.92452183
17.11149047
3.35815492
11.77945922
11.99722518
13.35384530
16.11422096
2.19832336
5.45882203
6.60351562
0.03078217
1.75585938
1.80878671
2.39153036
4.76863586
6.79821808
6.07421875
1.33878601
12.77029367
6.15992021
4.87837987
2.43945312
6.92533356
2.63704344
3.57043550
23.08203125
2.39860535
3.79492188
1.95710754
0.27791133
2.93456211
14.84448242
1.88814301
2.28023161
7.07869570
1.72603363
3.20027649
1.67968750
9.34029144
9.91841644
0.30208313
0.99015320
7.11718750
3.20703125
1.19363616
17.84033203
2.23527039
3.62740082
7.38281250
2.97310394
9.26192044
2.20007480
1.79386414
8.38281250
6.02901153
3.80647828
19.30346923
9.91741799
0.08040406
1.01216644
6.30513519
4.08203125
8.53369016
5.17334109
18.03489304
3.10278258
3.13570036
5.73148714
0.90885375
0.84444246
12.18302305
8.99410128
1.00781250
1.21968099
15.51195479
1.21807125
8.93827239
17.29329344
13.43493808
12.98168883
6.24487367
3.13598072
1.26831615
1.13867188
6.67203956
6.89888519
1.03669323
1.01872669
10.11283356
2.63130707
6.48219681
0.28641754
6.05882979
2.55489915
6.70998107
2.44494598
6.45314358
10.72078679
0.10233551
4.66060394
0.73339844
11.89127438
0.43794894
12.82800200
9.58426972
1.65555879
2.16841644
9.62837738
1.09187805
3.48201477
2.83420532
5.54207336
4.60514406
9.07076019
6.64326685
3.20609777
5.28458555
4.55794437
3.49475067
7.73571808
3.21244293
13.49129211
0.80655945
6.05904144
10.16270945
2.20598348
1.16841644
5.30392456
9.46093750
12.36578369
0.07006836
10.49975399
10.33532248
1.66793439
10.57466644
4.09029144
7.52851951
2.36405862
3.51428192
9.97595246
16.46048981
5.85517842
0.03198803
7.40926086
1.51240124
5.93873005
10.49654144
4.15234375
14.03433954
10.36666112
10.96890736
1.82896859
1.93658022
12.71708222
1.56152344
8.46325466
0.47424534
6.21048981
9.30243906
2.11357657
0.27925629
1.21992918
7.34688386
5.69217864
4.16373781
3.63867188
15.93543425
9.08772828
2.55993683
0.66406250
15.28857297
0.25325625
7.23091644
3.40039062
4.11177909
2.43880374
0.14421476
2.89660738
3.49068207
10.22041778
1.01049867
4.17968750
11.40881317
0.12408447
2.85323028
4.79898860
7.27124335
1.98828125
0.41214996
0.04214478
3.33609985
2.30122894
3.19302970
2.79899545
1.21048981
1.50337738
6.47232159
9.88497821
6.58984375
7.97265625
7.88928192
5.45446808
0.12316895
27.06738032
6.24482935
4.88700908
10.65010528
3.39960971
3.78283909
3.71321532
13.51053303
2.05103224
23.11554910
6.11296653
2.78076172
16.60839096
11.70719858
2.72392065
3.98242188
5.52734375
14.44603059
5.07350066
3.00378325
3.44543550
7.20592421
9.85266954
2.96394836
13.17842310
13.63318089
3.52978391
7.13952792
1.06978363
8.84823178
7.76420323
1.27396637
2.11568207
0.93407642
0.57105053
13.13102172
0.09554078
2.25195312
13.76037567
6.90127106
2.56792663
8.44531250
2.68253601
7.85432735
3.07145390
3.22265625
9.41406250
2.34932403
4.88059582
2.10588209
8.59590979
2.45043883
4.90413453
4.40279144
3.87154144
5.43737700
1.56518617
8.29866578
1.55224547
6.93147828
20.76879821
7.08907136
12.79162567
14.57722961
10.56083222
4.26171875
5.73046875
5.52689606
0.08994537
2.53605164
13.50585938
3.08638519
0.01679993
1.36230469
14.04162567
0.77294953
2.61132812
6.95312500
4.68359375
2.28960549
9.93249667
0.24267547
3.40173371
1.71720025
0.99764350
6.25390625
2.78710938
0.04101562
0.59094176
7.90588595
3.98083776
12.45735594
9.37227449
3.38989196
2.90157136
7.50826019
12.75416565
0.80289672
37.05084260
4.35156250
1.62117492
3.91691101
6.21484375
3.28365082
6.13146942
7.05513519
1.89027861
0.43086824
0.75439453
3.07835107
1.56093084
8.23091644
1.98722351
13.47521942
5.91705085
2.03169769
8.57299805
9.28734064
0.92089844
14.65543173
9.59603280
2.81970246
2.94486481
27.49625610
5.41239472
4.10522274
2.85249972
3.03544160
15.40602218
1.89452876
3.16353612
6.27343750
1.60449219
8.87108378
4.06596852
14.48527039
3.06205231
8.08201080
2.77274380
1.11194066
3.03512573
11.21427305
2.30135195
0.97998047
1.70898438
7.23783356
9.81685394
0.01190948
7.40625000
1.87650543
4.97769103
4.71903867
2.66040226
18.63525266
0.73140597
4.16015625
14.11021610
1.61366023
6.99788453
3.10245789
10.35654631
1.25268617
1.70800781
2.46875000
10.14041335
8.05925310
4.56445250
9.75842347
7.99227647
7.26343085
6.31445312
19.37694814
7.52803745
2.15958306
3.17468916
6.25463431
5.85128213
1.38236481
6.03951019
0.03519684
1.06017911
1.34741336
9.49397828
20.20099084
3.55790503
5.18872008
10.14995256
1.41992188
9.03906250
0.71263231
0.04094068
5.21134087
10.72180518
6.36417664
11.41406250
1.27050781
0.84330231
0.06977325
1.18542387
0.83207308
5.11328125
4.46191406
4.89453125
8.53906250
0.01428986
6.20869903
5.03157469
12.16943484
7.48809690
12.41983821
1.78129432
10.73347805
0.26591160
11.10937500
2.68123352
3.03800476
6.37540337
6.48743018
2.01411957
3.56791168
5.67968750
7.92879211
0.37886504
0.23844484
9.83939606
11.94966644
17.10156250
2.76232879
5.59118683
5.95178192
0.35437043
3.99804688
1.66422235
13.48193484
6.16266242
1.61260250
3.80122894
6.89062500
0.62500000
0.11812348
10.05523650
0.95719360
0.30855379
0.18664551
0.66345121
3.43176363
23.83402372
2.56246066
0.36897548
0.99564855
16.64935239
1.81641123
3.20117188
8.55122894
1.42285156
7.01562500
9.21160889
1.18400024
12.57946808
4.69820036
2.36670046
8.26562500
2.16601562
7.90087766
1.17920046
8.22477172
8.78474914
3.17216035
11.44046654
2.60400764
16.70914672
15.67687833
8.38760070
9.02291112
18.47823028
7.02000333
12.89796542
10.21708222
4.21138519
5.11238586
1.83337184
0.50248448
8.90780089
14.40140404
2.97253823
4.83638519
8.39497894
1.01367188
3.19299285
18.47721188
3.12959995
0.01929718
10.58523061
6.41211436
9.25781250
19.24385528
2.54325410
20.46199524
9.52748352
13.30944855
5.85720825
4.59577117
3.38118407
8.46195589
1.67224152
9.30033356
0.53409851
8.51729278
2.50284851
8.48527039
5.66483489
0.13525266
2.22562777
8.77652704
1.30648077
5.04732269
4.95658356
8.21875000
26.63097138
8.11629211
17.92364302
8.39007869
11.19402869
4.52734375
6.80859375
0.08343506
4.62007536
3.72758089
6.59863032
3.68066655
2.05078125
5.43997452
3.58613919
7.14185505
0.02113342
1.05859375
11.60733821
7.61487034
4.26826809
3.71744626
1.85897163
9.56135860
3.74784519
2.78454621
1.50150543
11.21841534
3.88314716
6.41796875
0.95361328
31.70710609
14.72982934
2.78169769
8.54162567
0.37170441
11.69604492
7.77689606
14.93639296
5.91907579
18.52561432
2.75599235
4.75736481
3.07466644
2.44771332
2.90144836
6.72912567
1.13513215
14.23693817
6.69620789
4.38326019
2.56160461
15.02343750
1.02425172
1.57128906
8.15299313
5.31575687
5.97820766
5.41064827
1.20605469
8.29939693
6.56718860
5.34944703
3.71289062
3.57006649
6.19477616
2.91049091
14.95402039
1.57910156
13.61283356
6.80509087
10.91264198
2.30273438
11.00760651
8.07477948
2.04045489
8.30379211
4.42228211
9.91752106
14.53575653
7.40535461
1.84952820
5.69140625
6.85705286
3.82068151
7.38313719
8.97579011
9.84720856
2.94547485
4.74051972
8.31250000
3.24263519
10.29687500
0.35271999
6.56620456
6.92129379
4.30594021
2.84598847
1.93432430
1.55615110
7.03609534
1.77661071
4.97880097
0.40547699
6.64843750
2.80273438
9.73002106
1.06180754
2.32194093
5.53080231
2.07466644
8.37539340
2.97047207
19.54947252
10.36247451
4.79003906
5.49173981
5.56294769
10.19738365
10.57605385
0.01389313
15.31460498
1.24968029
5.99777099
8.90979720
9.22554411
8.41817044
1.18042304
2.58683289
9.65189606
0.06667084
2.40820312
10.92968750
0.18774414
2.62444845
4.15130523
3.37015902
3.90625000
9.54341644
3.29597961
0.27384461
0.97753906
5.09033203
6.76953125
5.45061355
1.59761442
3.81787234
10.34977172
9.31160461
3.13354554
22.67186669
9.61153479
6.36673981
9.92215537
1.87337655
2.09554078
10.82812500
9.53470856
11.81294769
7.94140625
7.77270446
0.68188539
2.50894144
1.36508200
3.21624756
9.83593750
17.54252106
0.32002715
3.52449025
1.58407053
3.36665614
1.96745124
2.81490082
3.68359375
3.46260528
1.14676972
6.17704067
6.79756870
0.04382812
5.09452239
2.86295656
16.11722684
2.98478335
13.33068817
11.17907248
12.56632757
13.18864140
2.03470856
10.66495789
7.02876801
0.04830933
1.20507812
1.83605303
2.95895002
3.24263519
7.89530364
7.35591644
0.84545961
14.82099624
5.55050088
6.02348182
2.55664062
6.70568817
1.82629239
3.27173038
6.99218750
6.32633209
0.21954159
3.74036075
7.38326019
2.35351562
7.80936614
4.86250886
0.34700500
0.05881744
1.07718778
10.74935062
0.17138672
1.26127106
1.75585938
9.64497894
9.14062500
0.49792387
0.99426363
5.91361481
2.77148438
1.09905975
2.63655640
11.04252106
4.93750000
2.77583832
9.64843750
3.50781250
8.74283688
2.32312167
0.64497894
8.90189606
2.69689910
4.03259308
13.67744768
7.35735815
0.06106567
3.13126648
3.09753325
1.78690520
5.48628878
0.45182188
0.79301058
11.95043883
9.87858156
0.82958984
0.83788626
15.98184619
1.15023825
8.52368102
16.11450133
13.80029421
12.66918883
6.64331117
2.44030419
1.44401374
1.39009613
4.44548851
5.10982269
0.67333984
9.88627106
2.74654144
7.24609375
0.30297852
4.87560506
2.01697307
9.70374023
1.92390930
44.59362700
10.95849734
5.95658356
3.45117188
21.75773133
0.94970703
8.98774491
8.54696365
2.68599457
1.62597656
25.09704372
2.69360538
2.18945250
3.63769562
5.29296875
4.04911347
8.45259613
3.83841700
1.21334081
6.42185268
4.77970523
5.43583222
3.86283356
8.19185394
2.95658356
18.42008422
5.34163453
8.00207115
1.91829842
1.58203125
3.12066473
15.26889184
7.27510528
11.84643617
7.19531250
0.06284607
8.13378657
10.02490359
9.32478945
2.09659851
3.77539062
7.53983489
0.81587801
7.84285461
2.77823914
0.98925781
16.39111204
0.14725863
5.10502106
1.28462738
1.17525238
2.13025975
1.03707003
0.28924311
3.33406804
4.03080231
9.30289672
0.59252992
7.99865692
8.35156250
0.16935211
1.40283141
9.35242737
1.42395113
0.06579590
0.91133574
5.22701019
2.18704981
2.27274878
0.91654449
1.26704926
6.08495346
11.96143326
7.04252106
8.39843750
4.25333555
1.99727449
3.56819703
2.30033356
3.91451019
3.45267731
15.80529754
1.06697570
3.70704620
3.51289949
4.41662567
11.65294881
2.34989971
21.71735761
6.48080341
3.32031250
14.16357048
3.67973182
7.97363032
1.32902288
2.92187500
6.24609375
14.73493573
3.66818040
15.52164672
3.07511414
7.12512300
6.44128325
16.75846188
14.77616426
2.94783632
7.43866579
1.69593749
10.89095332
7.16443151
1.30513519
3.58744293
0.93224568
0.59652233
8.54687500
2.94246399
0.01218689
1.91894531
3.32454344
5.66878297
4.87589539
2.37935394
5.82633422
3.59094207
3.38175476
4.42321808
2.56774933
7.75500333
2.59265292
3.05484985
8.13968373
2.28739971
4.81384308
4.94441711
2.54252106
5.89017731
5.50569703
3.06009918
5.14351286
1.10762605
7.27132203
1.84362700
6.86295656
5.11328125
24.43088775
8.27087433
13.35656583
15.11206117
5.80757536
3.00655308
6.85937500
4.77388519
2.79967345
10.32324468
0.14687072
3.78214539
1.84407220
0.92252936
5.74609375
2.84375000
0.03775024
0.61124602
7.02207609
4.18640292
7.99609375
6.13777649
2.79178801
2.94454011
6.09029144
14.52663178
1.34285461
33.25097438
2.72273991
7.78344415
5.47090979
3.59765625
4.64798981
4.12801086
7.32466644
1.57756468
0.46834414
0.89794922
4.87455231
4.02734375
12.34106383
8.95950791
2.13956726
9.14884430
8.16639304
5.73783356
31.08850067
6.08036347
3.34423704
4.77905336
3.18432679
17.24702529
2.22058012
3.25386691
4.90625000
1.73437500
1.20454926
6.74050976
5.33236591
12.62589539
9.28693008
1.24275571
0.66443027
2.37504961
6.39345411
6.39688276
1.63778147
8.54736702
0.08376068
1.29980469
1.59667969
2.55228668
6.17622894
4.53080231
9.28470856
0.03505463
5.76997894
2.39453125
2.80524107
3.84312831
3.96887300
2.43945312
9.39199767
1.51831117
1.87792969
2.32076019
9.89806849
9.50382757
4.14774504
9.07157472
7.37251795
2.96146886
13.01322418
18.38988946
7.93941378
2.15299313
3.62504432
4.30912013
6.73295323
0.70117188
5.79732269
0.10406494
1.52639905
2.76530779
23.96677025
5.72583444
7.44779449
0.60672755
10.16789007
8.93075562
0.33011871
12.71529144
0.77368486
0.03292525
4.33979943
6.49178413
6.94140625
15.14843750
20.24641844
12.02522828
0.20361328
2.73770557
4.76603834
1.69868988
4.48673461
6.17277039
6.19230164
0.03890991
7.29117797
5.64139739
9.27868683
7.26005097
8.03649933
11.20914641
11.90083832
3.21557679
5.34773493
2.16744237
4.06986481
5.30558289
4.41259641
0.53080355
9.67968750
19.15625000
3.89994293
1.43013519
5.29195036
1.30713015
8.06924978
13.72705452
6.53120058
2.01429687
6.12064606
1.40856965
0.93701172
11.76505492
1.20361204
0.31038578
0.27075195
0.58439086
9.57751496
5.51774047
3.72880097
3.50736481
3.52974457
0.46073395
6.12967864
0.89469484
1.43554688
2.00052887
1.36057494
4.00960328
11.51025266
4.88728945
17.73514739
15.79418883
5.29886747
5.47392065
3.77306849
1.71085882
10.64139739
4.54264406
4.14318817
2.28503075
0.75146858
8.14275596
13.88793883
3.12015902
4.65144836
3.56970246
8.68135528
1.72880097
3.09195922
17.60143950
3.73433566
0.00859833
8.80749076
5.59603280
10.47310394
18.30379211
13.12935394
21.30769836
11.94281525
5.94762966
6.07852710
3.51395722
6.34118683
8.18314606
1.61442078
5.37756317
2.62394226
7.16451019
0.03286224
4.75736481
1.46085633
7.60384032
0.01127106
14.77420989
19.38142509
6.14099401
5.34106383
1.39302831
7.89541667
2.87883255
15.11193817
3.63139073
8.90189606
2.77494293
8.24910461
1.45003297
1.83398438
5.11319260
1.13876052
7.19925934
10.59720856
4.63370789
0.60628172
6.15938386
3.80626663
1.24842087
2.05904144
5.16816794
6.18933510
1.13814301
1.95650238
7.32242797
12.49743683
6.47131317
6.67712433
8.52677305
3.05146997
10.92415780
3.62353391
0.96338015
6.00842005
7.66638464
4.84765625
8.02998560
0.26444800
10.35684619
7.33407178
2.19531250
6.07031250
0.49829102
11.81250000
4.51562500
2.08203125
1.24861508
1.40621066
8.33247894
6.45312500
2.99039672
4.94710328
3.97851562
0.58740234
3.33866301
0.77120027
10.35054411
0.18973910
13.15625000
12.07377106
0.17159027
8.74552590
3.41810172
1.86718750
3.32563553
11.14266677
7.30513519
8.71350067
0.09558137
10.50256317
10.48872894
7.82916642
0.21318630
0.27466007
14.08593750
7.38236481
1.03658051
2.55936614
0.43969789
5.62072474
2.22737921
1.19238281
3.28271484
4.65234375
12.89383755
3.14717808
9.56839996
11.04597961
4.68757868
0.63456519
7.78864947
4.94828900
6.10216756
3.91345744
1.72851562
7.16992188
1.96687805
2.31925476
6.30078125
5.79296875
2.28515625
3.52734375
5.28125000
1.29825493
1.05233100
3.84090149
0.12650574
2.23046875
3.19726562
0.00356293
4.87455231
4.07954926
2.52734375
3.66804743
1.39445257
1.67933934
7.68999445
4.70255430
2.23494570
4.76997894
2.73978668
0.03194184
5.15625000
1.85449219
16.05822723
2.28088410
0.94970703
1.34692071
0.79175116
2.73178766
3.10008199
7.04341644
5.15055297
20.18493683
0.18929047
1.72265625
8.10937500
0.42964442
15.84578679
5.32466644
3.68554688
3.89994293
0.42476410
6.48803524
3.68164249
6.44877106
3.30004821
0.02099672
8.53983489
12.88553926
7.75870789
2.09508903
4.51265846
7.74430328
8.21439606
10.56941711
4.39241578
0.81284898
0.09001357
5.96875000
4.53906250
2.44051086
8.07511414
12.25345856
8.22310394
5.64843750
7.33223294
5.07011081
3.82031250
11.44261901
11.05667000
9.51160447
6.79000221
3.66601562
11.76383422
1.08264129
13.21797761
6.28906250
8.83174590
7.24051972
0.99959289
0.06254090
3.08593750
8.62435013
0.46309418
5.26774047
3.70491578
1.49792387
4.55436281
6.50435394
0.11395264
3.66601562
6.46484375
19.91369286
5.70349401
0.15653535
4.76216644
9.85156250
0.01075745
9.07308479
3.30517952
12.69726562
5.11673981
2.66841644
5.40625000
1.34082031
2.89453125
7.29296875
4.25736481
0.54390473
4.83158356
2.48482269
9.41918883
6.19409242
8.41406250
1.93314606
0.07545990
14.90254544
3.37825687
1.50630707
1.98013284
3.74354055
4.50435394
1.37597656
3.63374723
8.09041445
3.36763519
1.09924285
0.00814850
2.17187500
5.10510254
4.27343750
0.76859527
4.92488586
9.47009308
3.88236481
5.14229340
2.95117188
2.58654754
0.73034699
8.10937500
4.53125000
3.17053192
5.94665558
12.05814606
1.73872894
2.69051086
2.28214539
0.13745117
9.26293883
3.35620179
0.43225004
7.78918550
6.14453125
0.53466797
0.18591309
5.87027704
1.91585577
0.55423981
7.39888519
4.43754059
2.68900543
5.93448914
1.49609375
5.25732422
0.37943512
2.25781250
2.47310394
0.10217285
0.07623291
6.35615747
8.33036597
16.24484222
1.59720856
0.43713223
6.86352726
2.85786957
5.58203125
6.87109375
2.44531250
0.09313965
3.74804688
2.90039062
3.76123047
9.84375000
8.47131317
16.29011525
0.74735691
14.02278812
4.27848515
1.42480469
6.54296875
0.00556946
0.06262207
1.40282019
1.42754266
0.53413910
6.11836326
0.71126717
2.66646332
4.74023438
1.86983184
6.07600953
3.83593750
7.38716644
2.27734375
7.86718750
2.15039062
9.01127106
0.01131195
7.57812500
0.77582638
6.73079593
8.71044548
5.62564938
0.44682042
11.25818151
20.75435394
0.79585785
10.15535461
6.34464539
1.06286403
1.76985843
10.69710328
7.69352172
9.09208222
1.00585938
4.96048981
0.00797272
5.52901153
15.62333222
2.24430297
1.33817597
11.65625000
3.53173704
8.64856050
9.61539672
1.50765015
13.71529144
8.31912678
4.32629986
5.63671875
5.57934508
5.36059633
10.56229221
0.04233826
17.81451416
6.64274047
8.21272828
1.18151731
8.06787234
10.66048094
16.51306183
2.13867188
12.35156250
3.83744293
6.47534242
1.63671875
2.65791778
8.54866578
15.96952239
9.88549867
8.26127106
0.61071808
4.11673981
0.31982328
7.12902925
0.41430664
3.62154144
4.08158356
2.85982269
2.39453125
0.86112457
11.25581879
3.27119903
1.90519226
4.67622894
16.76562500
4.20792664
6.69006317
4.74427909
0.59745706
1.70365387
10.80790005
5.59012412
0.95984541
0.48295074
4.03738341
10.76049867
9.78853363
0.09368896
1.00443512
6.61629211
4.75154477
1.86307956
13.42175200
0.17273012
8.25870789
9.02095551
15.15625000
2.48002106
18.68404144
0.72025543
6.55033356
1.59561572
4.85018506
22.11027039
5.69877106
7.02106605
1.61414727
4.95214844
8.75000000
0.02578979
6.99328458
1.00325687
0.73193359
4.08984375
4.39326934
4.71228058
16.62500000
9.83646388
1.37357823
8.55122894
2.90262412
8.06746897
4.03798483
2.73996896
9.07556183
5.78291778
9.97220856
1.62475648
10.85847961
6.19966644
1.15962738
23.44474180
12.63113382
4.45504875
4.51562500
7.70357269
6.18359375
6.58894836
2.00838195
4.25569703
7.73259367
16.57991578
3.22985871
2.38976895
8.28149601
13.08760528
4.23315492
1.37890625
6.42610594
2.09875333
2.01615636
0.43436676
3.90763243
5.77054964
10.64798981
11.76729278
6.04565492
6.14184508
13.34273161
4.94856937
14.82250665
4.32601202
47.18135528
5.23994903
8.11910128
5.57767731
8.22139185
22.02758976
5.58527103
2.63964844
3.76501496
13.13024933
2.30273438
7.47025543
11.60054411
4.82523714
3.77929688
6.63671875
1.15909104
5.10120345
3.50240082
12.93750000
15.18395280
3.03284408
8.30891844
3.16373781
5.28369016
4.19722628
1.20898438
1.93968138
22.55601065
22.74407939
2.10396332
10.64920989
6.48706117
1.46015764
6.22876662
10.30444149
0.83618351
3.04223571
1.57841035
7.41796875
10.94095856
11.39933289
2.77734375
9.15909353
0.52608682
3.15368683
0.51774047
6.25960328
12.13627106
10.08247894
2.06009918
17.82377106
4.70434508
1.90885500
10.96606383
5.69366517
6.41361481
16.06327239
1.57096437
1.31759612
6.08121267
0.93306987
2.66406250
10.88163238
2.63459331
0.40687001
1.63822418
6.46484375
9.18111176
0.99376159
0.50223785
2.96614588
12.63186282
8.02731936
4.11417664
2.43232935
8.74345190
8.40625000
0.21594238
0.60461395
0.07025178
13.64139739
15.34810394
7.17952017
14.92057624
2.46118351
4.66752106
10.07573605
6.85929632
0.61405083
1.40930518
9.20747894
9.89717310
1.46415503
3.80122894
4.98002106
0.06276459
11.37356567
7.07066158
11.03090092
1.44188830
0.36288037
6.46020196
9.22526374
0.02605682
6.89843750
2.91113281
8.53560394
10.27712213
4.41729498
12.31929411
6.20503878
2.91072197
4.39892952
10.00691711
3.19616606
17.45263298
2.23633311
10.25423094
9.41834742
14.05361481
7.86439826
0.79931641
0.08962006
12.96170989
2.98867964
5.85352435
3.82450410
8.96093750
1.78790283
0.55419922
0.13752556
3.22070312
5.18705231
7.69185394
0.54443359
4.29687500
6.40132536
3.33357851
6.20844305
6.85059840
1.58312833
1.90275210
6.92053192
2.17097712
1.36987616
1.89453125
12.03727172
3.67508755
8.21297429
3.60111481
0.11185730
0.98632812
3.76458417
5.17193926
3.00150543
4.12064606
0.31119812
3.81835938
2.55996371
1.00937222
1.80175781
9.84720856
8.02632536
8.89314882
5.13191711
9.36263062
5.52075133
4.82397523
10.52945922
2.21524463
3.72823713
21.05358762
18.21346132
6.94787567
11.01159699
4.95267731
8.10591644
9.36975067
3.24955231
5.57165558
2.08443207
10.81103391
3.05322390
7.79553192
3.44274933
8.78816711
1.23872894
3.88301419
0.89087101
1.65136719
1.19238219
7.24788453
0.72696961
2.19726562
3.83988309
3.98584109
8.16841644
8.93570922
3.92321808
7.19225732
1.65779975
4.74218750
2.08052239
7.62520667
4.47310394
9.77408688
0.07918460
12.42678968
6.40206775
9.21093750
1.00256192
4.14811281
2.52689606
5.90592531
8.58593750
1.11388880
4.24646276
1.78926419
0.68339206
1.12768555
11.73347961
10.11425532
5.25370456
1.84264794
3.17505319
18.19127701
0.76624252
0.47314453
3.47745291
5.68819370
8.60095495
3.89603668
3.00602172
1.20926972
3.41015625
0.07086182
6.55423981
0.51615387
0.30460633
11.60624176
7.04329344
0.12186769
6.78941999
4.20650487
2.86865857
0.57865387
2.84810394
5.63057403
4.52176972
7.03470856
0.06020111
4.72521942
4.65759308
3.20072418
4.75150045
6.66691600
14.54939384
9.09859596
5.26729278
2.28544160
6.09810394
6.88281250
3.42923981
0.17517090
11.43896484
7.62642426
2.77734375
5.51244681
1.32056100
1.98123932
17.04073028
1.22196504
4.38281250
10.96439606
2.84130486
9.90405585
5.11596742
5.37109375
2.10066462
4.43786901
5.97176086
0.17561859
6.96427305
5.61385195
4.03169769
8.10937500
10.48425200
7.37833555
15.92334109
10.38204011
1.37973780
3.50602172
10.21476507
0.17712402
3.90234375
8.05558289
7.31986481
8.26318235
7.62300753
3.64107269
9.74218750
9.31917110
1.45283965
2.84322362
7.83007812
8.56250000
0.01565552
1.03027344
6.63191711
1.81876461
7.35046542
15.30814606
1.24853391
6.93672761
1.28275543
7.24275820
10.05108611
7.03214539
1.59924285
1.22106965
6.82031250
1.72265127
13.36922429
10.42122562
1.20609652
1.80208001
5.20426640
1.34342531
8.35335328
24.09073789
4.87634308
0.74532136
3.25390625
5.26127106
19.80085461
9.46028812
10.96870941
4.03125000
1.53426086
5.67968750
2.70898438
2.94230164
10.01037567
0.74108918
3.56791168
3.05468750
2.24670379
8.93493683
1.12447113
3.68648161
0.17899691
2.97566711
3.07076019
0.78967254
2.31970246
7.11372894
2.84375000
0.27075195
6.18961547
5.91975953
4.74609375
7.63671875
4.09305816
2.44335938
7.86885528
0.98022523
5.57470703
0.54394531
0.34281402
2.13716644
0.02035522
0.03835541
8.21805630
9.98311558
7.60400266
1.48539339
12.90897053
3.32975842
5.20014850
1.58936170
0.90332031
4.65970856
-0.00452286
0.06378174
3.55631343
3.57974400
1.77539062
8.30793440
0.88587267
2.34375000
2.40409270
3.90600399
2.81994847
8.04431183
4.50736481
3.93359375
3.21040614
1.59863530
6.57596521
1.22221105
19.79854278
4.01062021
2.46077515
5.35196587
0.68994514
10.19352172
10.14595551
5.74646027
6.52461326
3.06913674
3.33638519
11.34619016
5.62650045
2.54608517
2.29771165
3.12394226
10.32543883
1.42028840
12.83223294
9.41341312
7.07722961
2.23466035
8.28881649
12.05947917
4.68730828
7.85594083
6.39617464
6.31640625
2.33890404
11.30697030
12.73474028
5.66329011
2.66768340
11.46529144
0.39306703
2.91149435
6.07625803
6.53336547
14.84606716
1.16646581
5.40535461
0.68806945
11.52087433
3.88598571
7.07344636
0.53637633
5.60770722
0.31518555
5.55904144
3.48242188
2.19877106
3.13911957
0.69006254
10.38985261
11.35396332
0.50288910
1.14754211
4.18001219
5.70210661
1.34826878
14.79150266
0.49055907
7.06709995
9.60982269
14.26127106
2.49173981
17.53169769
1.32368988
6.44608489
2.47809481
4.48019835
21.69576019
4.68359375
7.33742798
1.15716034
6.22220856
8.08247894
0.05515533
9.74632979
1.50562333
0.70259613
4.36629211
2.62642363
44.91752106
6.72432403
9.08260195
4.50781250
5.15217642
20.99353058
4.01400155
14.89428524
13.11526645
2.01094636
12.25540862
7.36014739
2.14766511
8.47924867
7.47765958
0.58736300
0.62154144
0.25346707
4.37133976
4.35716590
1.97006371
13.00435394
8.61718750
6.88838653
3.46362367
3.62064606
4.84586547
1.16304411
3.57312167
3.26216644
2.29356882
2.14393118
8.39017731
8.69441711
1.38024933
2.21394836
1.12935394
6.67130430
3.43400086
21.15757315
22.84450298
4.21004211
1.47257508
2.28515625
2.65234375
9.61795989
6.15205965
8.19173094
0.33695527
2.51562500
4.44230164
16.76794216
2.15409519
0.66727754
0.85623989
6.95381870
12.81461547
8.57380635
0.61198498
2.74804688
11.14701324
2.62303441
0.60255152
1.64790863
6.71875000
6.73632812
9.18131500
4.01236938
3.24414639
16.54660905
8.95017840
4.91239472
0.74112852
3.59582613
3.30334442
3.51892121
6.84029144
0.43676633
0.41308718
6.51082336
1.05781451
4.87842420
5.17578125
11.20377438
9.89766511
2.56066988
9.58288232
3.55294104
4.46228058
6.13883422
0.84749390
4.44441711
1.87117492
0.44881226
4.00736481
3.24283688
0.61755278
1.63049285
6.26554632
0.82364930
5.49654144
1.55545989
4.51875886
5.40580231
5.58638519
0.21695953
12.97566742
6.25244016
12.96541445
2.23212905
0.39571947
5.06953762
9.43685062
9.61200688
2.16444148
11.13871122
8.63997562
2.17646499
5.04920212
9.79162567
2.92792858
0.83265126
3.77134143
5.01576794
5.19291168
10.46875000
0.21097840
6.03637633
2.18533771
1.32809064
6.82287567
0.86454192
4.38338320
9.01127106
2.84409576
1.81632508
0.15113693
2.92968750
5.79732269
7.31595856
0.58105469
4.32857269
7.43314606
1.08353668
3.11633145
7.30794437
1.65844664
2.28979554
3.31282469
0.46020570
7.89933289
14.99218750
7.37154144
1.02021997
0.54960425
1.59037262
3.08355608
1.14105329
1.81888824
9.12154144
3.89648438
5.66060394
0.31994598
1.17614777
0.32055664
0.61511168
0.68753436
15.50330119
7.00447695
1.60046044
8.29993018
1.26269531
1.05957031
15.08442709
3.27494791
1.11328125
2.74152566
3.28048758
4.48482269
8.87500000
7.14062500
0.14855957
9.23002106
11.01269531
8.11795989
10.98270722
10.73181183
5.91796875
2.24609375
9.85847961
0.49898161
8.14253878
2.95117188
11.26562500
0.32743316
6.18794769
0.99658203
8.59720856
15.68903833
0.55212683
5.55120527
11.76845411
11.10705784
9.94787567
1.94958527
12.40625000
1.25470215
8.41406250
10.66451019
4.03080231
4.17187500
9.09810394
1.48925781
6.14453125
0.36669922
5.86673981
0.00642914
0.82763672
2.45898438
0.99658203
2.41731645
1.69814161
5.68208832
2.82226562
7.73905364
0.83475551
6.97257757
10.07812500
0.12731934
7.34765625
3.58158356
11.60847961
12.60082447
9.24036236
11.37500000
0.00912476
1.74316406
0.03485107
0.26078215
4.71016511
1.89115387
5.00854056
9.90942819
2.23060005
5.48515735
1.26977726
3.97851562
9.34029144
7.09887633
2.22534242
0.93412262
1.87935394
7.19140625
6.77811614
1.84688386
3.93945312
4.93705231
6.03901818
2.61572639
1.45072418
2.21715592
10.53955452
12.45312500
0.39372077
4.74609375
2.06152095
3.50728612
7.43404144
3.48242188
1.91068512
7.49396831
9.10804188
0.36596680
10.54190105
1.89124501
8.30444149
2.93383976
8.23091644
9.79838043
2.31250000
3.06294769
4.87756317
3.80078125
11.40368683
0.07761627
3.50195312
14.53153037
7.97628213
3.51712545
1.26261912
2.11088043
11.93404144
6.35082447
3.46033244
14.98331726
3.27779144
14.29142624
14.80456543
6.60982269
0.56542969
0.01704407
15.53470856
17.66300201
0.13293457
7.56685394
2.47460938
8.90100067
0.05969269
1.02539062
2.12811548
3.45456670
14.30610927
12.38325770
9.09871897
6.92533356
1.26810450
0.69031042
8.48002106
10.16450023
3.57422872
11.13164245
4.17341479
6.13757978
4.27343750
6.33706893
1.18681626
16.44555664
12.33939606
0.51216644
4.44503407
9.65214206
8.89843750
7.36523438
2.17036957
7.29874446
2.51961491
16.73548889
0.58837891
0.86718750
1.29223477
14.98283023
1.16255707
9.21069149
2.14477726
1.99804688
4.79988586
7.91300476
7.89404297
0.68233184
14.85770722
4.67187500
2.20267731
0.28495207
5.23750886
0.69331879
0.97119141
12.72554411
1.33109652
0.13769531
1.17935346
8.85702349
2.86914062
2.51513423
2.66308843
19.47900266
11.43635860
12.05249335
13.93058289
3.77884918
1.40083832
4.88976397
4.40576795
16.91060394
3.41495789
8.63154810
9.77034796
18.04792775
5.01758311
17.48376496
8.97912567
13.35591644
7.82857269
2.84179688
8.49344194
3.55388076
1.90234375
10.22468307
14.48625443
0.74609375
13.11328125
2.51818817
10.35591644
11.32902039
5.80423981
0.08882660
5.72656250
3.11677665
1.99357491
9.44335938
16.05352378
13.66699468
45.95402039
7.66975953
9.35559175
4.23819260
7.08993240
18.41698845
7.05684729
7.80603058
11.06595856
0.22198517
3.38387024
10.14558899
9.35457336
2.53836880
10.33886968
5.98872894
5.90189606
6.91573028
6.61596742
10.23257924
18.63297983
2.95625886
11.85835661
8.85681183
12.88204011
5.46875000
19.19771332
10.05008755
9.38133644
0.47047207
5.61124446
1.11043523
4.31294769
7.16662567
3.12744016
2.23958499
5.16499474
8.39301918
4.58076685
9.49601507
14.08333126
0.47221105
4.33450078
6.97995234
2.34960938
1.16189897
0.29269088
2.85723461
3.55743793
4.81774933
7.76973294
12.25370456
3.07482879
0.55802430
11.99039672
1.12837738
7.67630763
2.36503269
8.61385195
1.69095856
9.50524933
3.77668440
7.32654587
4.64241578
2.31054688
6.03125000
18.70996094
4.05859375
9.14408356
11.75040711
3.71679688
0.02295929
3.85493739
1.00293218
1.01074219
0.66715499
3.29065159
5.42988919
7.29968417
2.90519226
16.13464262
5.26159575
21.50719748
3.77429853
11.53267177
2.32453846
17.02283369
3.12239749
21.13289367
7.16361481
2.14485594
20.19966644
2.50057070
4.34606716
12.91687167
6.33096978
1.93587655
5.04211270
2.71960605
11.67585993
9.50716312
1.71496675
2.55468750
3.59570312
1.76660156
10.71093750
0.77632349
7.07743628
4.95703125
2.10005707
5.23437500
0.01261001
1.55716949
1.17720551
4.69238281
3.53320312
1.84810394
13.33658688
5.05359042
5.52241911
1.26566683
6.68314606
0.87788910
7.78125000
0.21944184
0.99951172
5.07930076
3.08581948
1.44230164
8.08158356
4.31294769
0.18385709
3.37146027
2.76920656
0.22399871
0.60240568
7.34175753
8.01863586
0.92472351
6.19173094
6.41194703
1.29646851
6.27734375
0.16560727
2.96960605
16.85690308
0.21203613
4.91349180
1.45076601
4.94095856
8.88627106
3.67622894
3.53759143
13.97538674
0.15499058
4.09029144
4.72260196
3.45574246
1.68396027
7.80387079
5.60701352
5.85474069
7.25690714
1.25045766
3.83805297
2.31988545
5.69801861
1.53169769
0.68766110
13.48370361
7.02779144
4.86128878
0.33296723
1.92720551
6.17081228
8.69145057
2.17049257
4.28727172
1.77806932
6.58133755
4.85970966
5.18404144
12.04943817
16.11657746
5.89497894
0.01620483
3.38854887
6.87032136
8.42891449
1.89204926
3.32844969
16.83170656
0.09249350
6.06998781
6.48002106
12.04768859
0.62927277
1.61425781
3.55936614
5.57690492
2.09419769
13.01871454
9.47693151
6.74476125
3.95508311
2.49458832
6.81205231
1.85562860
5.20349401
11.59109819
5.53825576
6.46875000
1.00781250
0.04156494
6.89798981
2.00811768
14.69531250
3.70072418
9.70402039
0.50728363
8.28470856
5.77394773
8.27356050
6.31273189
3.10872562
5.87243683
15.16483582
0.06131988
14.12111814
0.46722018
1.65506677
1.30001136
1.35464643
3.29016954
0.91939301
8.80033356
2.17207170
0.92656111
6.81685394
9.14062500
0.02046448
1.17525238
21.98323360
0.06006046
21.52644836
4.91105164
12.17444231
7.66821476
3.75407358
14.22566711
2.29821808
0.19044920
4.29642232
9.45129986
0.91943359
10.97980940
2.32683122
5.13480621
5.36328125
7.22188324
11.28637633
4.20499446
1.67374944
2.98644116
2.88554798
3.65372493
6.47412234
1.26936517
7.69999612
4.94921875
1.36568207
11.67773438
3.63281250
0.23806354
2.80627659
10.26562500
0.42333984
2.57031250
3.96439606
4.65588099
5.55550421
1.87500000
4.86283356
4.83939606
1.54040434
6.42610781
5.93013519
0.76717102
15.17406915
14.37131941
1.84372063
9.70402039
6.40669769
0.15393066
1.00994001
1.88330950
7.48318928
3.24414561
3.13914396
6.48313053
4.21838379
0.94091797
0.73530942
8.44300692
6.85868254
3.14232713
7.23847489
6.65970856
4.81294769
4.20267731
4.70011165
7.89852116
0.51265473
2.24218750
0.03597503
1.26855469
10.05268008
9.66834773
7.86686281
7.58984375
6.42467421
1.46444536
2.73242188
6.43789340
4.56601285
4.26171875
1.81338667
0.55135943
2.74712843
1.28253434
9.40714539
5.33178524
5.01977726
7.91796875
6.85803192
8.84053372
0.01127106
11.76448360
10.17456117
18.87605275
9.00960328
4.01514295
3.35005707
14.74206450
5.32389406
13.03254876
3.89368018
3.63960661
2.72953402
1.07519531
10.35579344
4.20280031
0.87003477
4.63415558
6.24532136
3.48588043
1.92036957
12.59431821
2.67769503
8.57857269
1.66699219
11.56160461
4.16271942
3.18660461
8.60079011
3.40384918
2.53365082
5.74609375
5.54687500
0.35038238
3.47896332
2.80017090
9.69531250
0.10296631
4.69531250
9.73437500
0.01480103
0.49637848
0.01802582
0.26096432
5.83919437
1.39160156
6.91556295
13.30273936
1.45071888
6.08232158
0.17395627
6.81832003
3.84855164
9.82031250
8.54943817
9.70056183
8.37845856
3.78951019
11.49039672
1.08870484
5.60847961
1.37845357
3.86222850
4.96093750
2.23482269
9.87861592
7.54671764
0.72701019
8.06989916
2.53902814
10.92097961
0.63224180
2.12841921
7.84419769
8.83185146
0.10031803
2.31835938
3.29732269
5.04195036
3.32975343
4.88370789
3.45747894
7.82678192
3.28605164
3.27779144
11.13627106
6.29011525
0.50383006
13.90279144
2.77734375
13.83203083
14.07325672
3.71846963
3.40079898
1.08789062
9.24218750
13.14062500
6.19531250
5.33984375
0.34086090
1.73286957
7.76171875
0.03323364
0.32495117
0.82016313
7.23523603
13.79239805
5.83439273
1.00781250
3.16731189
8.38355053
7.59810394
1.30236287
0.83089733
8.76908356
9.52452461
4.65561059
11.83670989
4.27184342
7.59998337
4.56640625
14.57291002
10.45488142
31.84765625
9.99283688
6.75626773
13.62130114
3.73824689
8.65010528
9.18823304
6.25646942
12.13614805
7.98616578
8.16764406
4.91060394
5.91707336
7.98136414
8.71634918
0.62752258
8.25089539
4.42968750
3.94531250
0.41979825
7.35481937
2.24218750
2.13085938
6.73303192
6.30212433
2.96349568
4.66736369
0.86865234
2.06077295
9.01885748
3.29732269
3.93521845
2.59802526
7.54573360
10.96989140
7.21484375
0.09667969
9.54341644
0.77494293
1.39400238
3.50088542
3.21998005
7.40022828
7.25715315
14.07487810
19.47492908
3.91870678
20.65490692
7.01591035
2.21695922
15.20837433
5.79988586
5.72745789
9.44701463
4.46749556
2.39017731
9.26720413
15.64339982
0.77197266
10.79878629
5.58426972
8.66931183
7.74743683
4.86673981
0.08380127
6.32857269
2.74661888
2.27633034
7.81009918
3.54752438
4.33829898
47.56506317
7.29252106
9.16524324
3.99050976
6.95480274
13.71861640
5.40036125
1.26802582
9.15970856
0.05080170
12.03906250
0.29838043
8.55769836
10.18721496
2.25406860
9.90291445
6.40234375
4.27343750
5.43135528
7.21272828
4.47240775
20.20105385
0.63708527
12.55712766
7.00480164
13.11731050
6.10156250
20.60786957
9.54394282
9.43309176
0.69484042
8.04695368
0.63904089
3.62109375
6.77555297
2.08683289
2.52237976
4.72900017
15.42057624
12.53694703
6.83593750
0.00780487
3.66654200
0.90377050
0.19055176
0.38875818
2.63609126
2.34462100
6.25524933
13.87243683
1.54394531
8.77241911
5.21976839
1.17484154
2.49463264
4.49263519
4.44608489
7.03438386
5.92187500
2.01509364
0.89213292
7.77754544
2.22204621
6.15425753
1.04341644
10.48783356
7.03982492
6.60291555
5.11897828
1.73872894
5.60546875
12.67313442
3.98897495
5.12097075
8.30045656
3.35005707
16.23844360
5.16650266
21.67780807
3.96216755
10.43469083
1.76744764
13.69052083
0.26725281
13.28035461
1.27213376
16.98437500
2.71704288
3.32307735
10.57658023
6.35959110
1.11521497
2.19975509
3.68021388
2.59863530
12.92765071
12.75716312
5.72188386
9.87064606
3.67187500
2.26802582
11.05033356
0.93774227
6.86788120
5.08939606
2.25044769
3.77343750
0.00099564
1.37605774
1.67525238
4.50488281
3.84419769
2.63867188
13.61783688
3.96329898
4.77966091
1.12313054
6.55033356
1.14790863
7.77779144
0.21887207
1.25931793
5.08141623
3.96545877
1.36275238
9.33593750
5.34375000
0.12500945
3.36311890
2.23376496
0.18135559
0.63137630
7.61307956
7.55322141
1.09753574
6.79252106
5.62109375
0.89204926
6.07421875
0.16309338
11.64253878
4.25826019
8.37756317
2.39518063
3.39868351
3.50084608
2.71399767
11.69185394
0.93977034
8.59831560
3.61523438
7.02888852
18.86964831
7.52626661
2.33568900
8.72807291
4.95190492
6.89229278
8.54780973
6.58728058
4.23238253
0.33980316
1.85156250
5.74149380
12.02522828
2.72546542
1.56485899
2.01781417
5.80028923
4.96522273
4.14107269
9.61629211
6.28560394
6.77779144
4.27254086
6.24410128
6.47603363
2.66210938
0.06985984
4.34643617
5.60937500
13.06215537
2.31150154
0.67810090
1.54838043
3.30590758
5.50659242
3.23286957
9.98583029
3.17895944
1.37109375
8.59810394
3.41694537
5.99593639
6.16581145
3.18733765
5.67635195
11.40909353
0.78577127
1.50569205
0.93518534
1.87954441
5.64535793
1.25488281
8.39843750
2.50040088
0.54940381
4.47378768
5.56136857
4.24955231
0.10829682
2.72070312
18.37170379
0.02020295
1.26127106
1.91841644
14.81806089
4.96569482
4.45976174
14.41316711
2.34073914
0.51240996
4.08198194
10.89531360
1.89648438
11.31293773
1.83940602
5.53006988
4.73437500
8.21138519
5.69372341
1.36275238
1.82295933
2.84358267
1.54553690
2.35212946
5.59912234
1.83813165
1.00858987
5.67321808
4.74555741
2.40092697
0.04583476
5.24007203
0.16752106
12.49654144
5.24564606
20.59354458
9.53998228
2.26930518
1.94868988
10.05565160
4.42481715
6.66796875
1.97040656
0.47734735
3.26620762
1.92287898
6.62634308
1.62605774
7.35330896
5.33854499
8.90625000
7.88582336
10.74210384
0.01127106
14.43045989
20.56591423
7.44547983
4.58984375
1.52050781
13.97387633
5.11965703
9.84201351
2.32812500
0.00504684
0.22365570
0.31787109
12.99776153
36.76338653
2.25057070
2.16796875
0.75537109
0.76859527
15.79341644
3.10892731
3.01411957
2.69457447
4.23901928
3.57031250
1.52050781
3.87170379
6.46228058
4.56896942
2.87980164
11.68842538
6.65308676
2.53906250
5.89062500
1.36836575
6.23372562
4.96875000
19.42028341
12.96065713
7.48380430
3.83545046
2.40820312
5.48828125
0.05293793
7.43314606
9.21323151
10.17431516
2.59883699
0.69437528
3.43969913
3.58203125
3.57332336
2.78169769
0.37837738
5.03426086
12.82038838
15.60705784
5.60897163
1.12845856
2.45869903
2.19799867
2.56250000
10.33223294
11.73063709
1.91467254
2.45642121
4.05078125
4.72119016
0.17289339
17.47529810
5.28784491
4.21484375
13.23311060
1.34359015
4.81941711
0.28063996
5.78071620
0.22322820
0.53759766
0.94706207
4.26953125
7.18892426
7.90234375
0.44140625
0.90475910
12.84078346
4.23071476
0.17260742
0.89953458
5.99527766
19.74917581
5.13408687
5.79398714
4.57686371
10.39890958
0.10552554
3.13169164
4.58394503
4.08593750
2.21305297
7.52761415
3.42896941
5.81669160
13.40970856
4.17187500
2.61149047
6.18103058
4.62980164
0.54288695
3.61507203
1.49043045
9.88316574
6.23828125
1.07421875
2.24646845
0.13659886
10.65949690
8.73849290
2.79173183
3.46219567
7.57527864
0.97986868
5.09720856
11.89383755
8.55224734
0.51139406
9.61917498
7.55092864
4.16001509
7.93404144
6.71048981
10.39497894
12.01220080
3.97608045
5.97823028
2.08142121
6.71919769
8.26744982
3.55465314
0.04464722
0.00297546
0.00946045
2.81896942
1.37410461
9.61551972
13.95229832
1.82309230
8.49982177
0.85099305
0.14054352
0.48018402
5.43705231
4.78951019
8.01562500
0.03953033
11.05289672
9.56376191
5.26517731
2.29137966
1.34969304
10.34375000
2.45914672
1.12581422
7.11706450
5.07320036
2.40844913
6.48758755
1.22033909
8.99218750
0.11578369
1.88891602
5.13260832
7.81954011
8.33414672
0.35970094
3.34765625
5.20384309
0.49688109
12.11763519
10.44071255
14.98116245
4.30981383
11.18929078
7.43180297
3.65112367
3.12304688
0.52489985
4.44299534
17.21569482
10.04736702
7.12801086
5.20011414
6.22656250
7.85107297
9.56697695
0.45918731
1.15555879
10.91344748
1.80965647
6.94957780
4.69540115
7.30786818
1.95951324
5.75435394
0.19091797
8.19637024
11.26261414
1.20897939
1.46635416
10.81815271
1.52755042
3.13431793
1.11027039
7.37784602
3.57820866
14.33670989
2.24096742
0.67403106
0.11413637
11.23712988
0.63156305
3.32271332
1.06595856
0.59281340
11.38204011
1.58638519
1.83522459
5.35424867
1.91788758
0.83500152
0.28169769
5.76517731
2.44777829
2.20700686
1.08931488
16.13219748
15.58323618
3.57661957
3.26879821
4.76371122
2.91825410
4.88781583
2.42727671
4.10629543
9.79162567
3.99265958
7.97698581
3.14782746
13.31250000
1.52832031
2.65429688
3.81054688
4.83459442
0.02395661
2.96175047
7.16329011
11.46806473
14.70129356
4.12176414
2.19185394
5.42968750
14.92533356
1.38663758
6.56551086
1.11730147
2.59021775
2.59981106
8.36682347
7.35982269
2.94502715
0.13338258
6.59395293
8.03739472
11.31250000
3.65669769
3.29435118
0.55342683
6.29341644
6.01261414
0.16918945
0.11675994
3.36417664
11.31685394
15.17187500
7.74751552
0.05599187
2.49068207
0.94234129
8.58324707
1.68245484
5.65234375
0.60441101
3.69877106
3.72896332
3.52148438
2.59570312
1.53515625
7.73828125
3.49955231
4.07767731
6.45620240
5.49609375
0.51410888
13.11238586
6.40067597
8.96093750
3.99804688
13.09375000
4.19140625
0.24649992
5.64360575
6.72220856
10.87154144
4.91796875
0.32674133
9.48677582
20.84810394
1.40722656
0.05148315
1.00148010
2.05619293
9.57466644
4.52705840
6.04732269
6.17474059
3.19799867
12.92700133
0.25602297
22.90641235
5.69715362
1.31473847
5.43359375
13.01074219
7.48482269
13.82389281
1.19584137
6.39632203
0.46285004
4.01953125
0.28247070
0.01118469
7.23242156
22.17731605
17.05067071
3.15519226
3.18045989
3.01485261
8.56135860
0.20963749
12.19010406
4.64497894
4.95703125
4.27103668
2.29841977
10.76664339
5.79386414
12.95402039
0.37182617
1.24076324
4.66451019
0.01407623
5.99821887
1.04940381
0.75097656
8.01204344
4.81445213
3.45570810
1.39257812
4.65926086
1.85766539
18.04794099
1.19323637
5.78963320
2.54841977
1.12728031
5.57031250
2.18872008
3.41524324
8.84631317
1.50329621
1.66992188
6.13236481
0.12972016
3.21881498
3.80330507
1.48258173
3.69661624
9.54878878
3.79492188
5.18428496
9.04591889
9.17126496
11.13068706
2.14515126
7.58329254
3.13281250
13.39416473
11.29046930
0.82902164
2.20357269
7.26545518
7.71989638
0.86083984
4.89501579
0.70060585
0.64013672
2.10156250
6.42563831
0.90220134
3.54062543
1.60040668
12.37756317
5.09814515
3.74804688
10.17175200
25.02893160
2.32076019
3.03426086
1.42862976
1.68314606
0.03799438
11.22039795
3.67232269
2.71712157
9.20832627
4.86214982
8.04703735
13.10582780
1.92953014
1.34293827
5.00197116
0.85401014
4.65901782
2.13277316
12.96451906
1.19673676
13.08939606
6.24475067
8.39152039
2.81693263
13.52918768
8.93611259
3.12683510
7.68635860
4.95105136
6.16149933
1.70597351
4.83636475
16.81070922
4.16361481
1.70926972
17.74265958
2.35064272
16.67879211
3.69079621
2.43269836
0.10380066
2.14205608
10.33740359
12.02945922
3.73885195
2.13012695
7.03169769
4.17187500
5.17655364
6.05212433
14.30033356
1.73807832
6.74173981
6.05078125
2.13252715
1.20365449
9.98347961
8.27075133
5.12076906
3.12259918
2.75826019
5.43477324
6.64286347
3.08052582
4.39229278
8.08426972
0.14800994
15.09285461
2.44364472
5.00374328
2.35636414
1.16015625
0.02676636
6.97074247
3.59326296
6.06294769
3.32421875
4.29732269
15.25730377
2.75000000
5.06327239
5.37813386
17.55314024
2.57328402
8.28877715
7.87988032
0.84985538
7.41117464
10.62320922
2.88024933
6.31928414
5.63729942
2.00061004
6.33278370
0.73451794
4.47399933
7.70312500
12.64729610
0.68912968
12.41015625
13.02700795
0.09371440
8.37727844
7.95747894
2.35636414
8.42187500
7.85099180
2.62121675
33.30560022
7.16443151
1.96980986
1.65341644
3.54984652
0.41597504
14.42635303
2.26216644
6.21773161
2.49080507
0.29593902
2.34659851
4.12890625
4.06070953
1.52290863
11.08283997
7.86572141
0.33916811
7.28459962
7.16451019
1.70629821
2.23937833
9.26676640
1.03869598
4.62788786
4.93941378
10.78906250
1.70597351
18.59671996
5.48780045
3.07426307
8.77779144
8.75000000
5.38582336
1.08674923
2.07971409
3.67232269
4.84211658
1.44259197
3.38606439
2.19987311
4.50345856
12.46260528
1.70874086
13.92879211
4.28571698
3.67220966
8.26997894
1.68984777
0.37073969
7.60697418
2.03308074
24.12044312
3.44531250
7.80468750
10.79854278
1.28438137
1.11771886
12.60257965
8.09029144
2.00976562
0.33939606
6.87154144
0.46289000
12.68123227
13.22378768
1.17627950
2.04315735
1.45615081
4.89843750
13.22094415
0.29952308
3.87058179
2.10508532
13.55904144
0.18770355
5.68001219
2.75358156
6.41792443
6.81990913
1.17447501
1.10624612
6.67187500
5.56327239
14.59810394
9.65458222
7.73278591
7.88830784
2.83647939
3.47070811
0.35546875
6.04207336
10.28995789
6.52818983
8.40300310
3.75630707
7.02734375
2.46093750
1.66492280
10.33867796
11.42622894
6.95792664
4.28202239
3.23650116
14.55688414
1.30224734
3.40125407
1.54838292
5.48814511
5.60892731
4.07568484
2.04284575
7.22086547
0.64396304
7.97554411
4.38468196
1.42590675
2.75410046
3.01160571
18.39593537
8.27095551
4.10546875
6.69828277
3.23286957
4.35892731
0.06612152
18.18945312
1.80859375
8.41048094
1.11286916
2.82674756
0.05789185
4.35156250
4.11227976
1.56569813
3.42020722
11.57938141
9.11283356
0.54601583
0.46834788
2.68023344
6.56924771
4.87357823
2.88566101
10.88016069
4.88501662
4.42578125
0.65331907
0.02840304
18.24505096
4.17968750
11.99794006
5.21439606
5.49251219
6.64607789
8.53088285
2.57462710
7.99609375
7.79805076
4.79614694
5.06630955
2.65662898
6.26562500
2.61037689
10.46623707
9.30122894
9.00353942
1.59871461
11.63428688
17.89497894
0.17516752
1.47375582
3.48002106
4.59765625
5.60746122
2.62496066
5.62686697
5.70268229
6.86840758
1.58044465
4.52087433
0.79935699
0.15547699
4.26472961
0.85245664
1.51859652
6.13582336
7.67712433
3.72696875
3.36495401
8.65025765
10.07947805
0.03269502
7.50889037
9.57220246
26.22208555
16.48925532
10.08118018
5.88370789
4.03906250
11.10412567
0.98941580
3.34375498
2.01411957
15.73693817
2.22736924
2.24378158
9.70646055
6.04573609
8.97859374
1.45231078
7.11352726
6.13179411
10.01444613
2.54492188
1.99516933
3.05816269
0.32739258
3.06384308
19.59040448
2.05217364
14.17747341
2.23313053
2.58984375
15.07245485
14.39253049
0.01127106
14.43045989
20.56591423
7.44547983
4.58984375
1.52050781
13.97387633
5.11965703
9.84201351
2.32812500
0.00504684
0.22365570
0.31787109
12.99776153
36.76338653
2.25057070
2.16796875
0.75537109
0.76859527
20.03560394
3.06205231
4.19555353
3.58764960
3.47115082
1.73828125
3.06896942
7.11853058
4.95222961
2.53560394
11.49860605
6.77568594
2.35201019
4.56205231
1.35025876
7.93685062
1.61185699
5.80948914
3.67907248
7.98844858
8.28035461
6.13057403
4.77701906
1.18750000
2.72102782
6.60546875
2.93086824
12.74910461
15.00761036
11.16715009
3.53536292
10.08939606
0.21712250
17.04256040
4.69380832
3.75044769
12.84761193
0.52401069
4.07421875
0.16866059
2.07351560
0.22265750
0.45214844
4.12141595
2.11816655
5.16674867
1.03417969
12.25089539
3.93554688
6.61238586
9.21529144
3.95645557
10.56938275
4.35489805
5.22277925
3.79927582
5.86661680
16.94888908
20.70323430
7.68625553
7.93762300
4.05049652
10.79506428
0.10923259
2.70759865
4.39420656
3.66406250
1.91512024
1.55300726
2.93775598
3.31701629
8.27176972
1.07910156
2.74849457
3.13281250
2.31054688
4.15234375
0.03164154
8.75752217
3.44214428
5.96740692
2.01501496
10.33992243
1.02238226
2.71875000
1.24958604
7.47575576
0.04595947
0.00374794
0.00741196
2.89558899
1.24251157
10.31185062
14.22536681
0.73902925
7.72866058
1.01216644
0.11370850
0.30371094
5.93261719
7.76562500
0.49658203
0.51517731
13.04943817
11.33772828
4.83158356
7.35982269
8.30468750
3.57377106
3.60070645
0.90560062
4.91121274
5.26664339
2.09899933
8.00174646
2.02364417
5.80033356
2.71529144
0.01222992
5.17382812
6.71272579
10.10270390
9.51834553
1.33419354
2.49804688
7.44558290
2.09889128
28.85937500
17.88781583
15.77624667
3.98441434
8.43941378
3.96080951
3.65442486
17.79381982
8.67930852
10.96725952
7.14990359
6.42578125
6.96447505
7.96732823
0.36560027
1.04919465
8.47427970
1.19466561
6.08828901
4.54887743
7.85951132
2.36718750
4.72656250
15.46484375
7.07153258
12.90600399
5.44779698
0.43461090
1.08051897
4.81079787
15.38435727
5.16296542
0.60522399
0.26151582
11.54345080
0.50484846
3.11132812
0.87556945
1.25634641
12.00626773
0.92626953
2.73787352
6.60469636
2.17232269
0.53515625
0.31787109
3.46634918
2.25820279
2.72006870
0.96236176
12.26550200
9.45930408
11.72127881
5.58662996
4.06250000
4.43045989
7.17456117
5.15824247
0.99560547
4.61694149
3.10768729
4.73431626
10.84362700
3.59741149
7.86653812
12.09334290
3.60758422
2.13183345
9.25036901
3.04341644
14.75365344
3.61206117
9.44877106
4.01260417
1.32032247
4.41035794
8.39449191
8.36116578
4.20869903
0.17155000
6.22359098
8.29353945
11.75630707
3.69921875
2.71154754
0.36006684
5.77779144
5.62544769
0.17590332
0.12611877
5.00044769
8.46093750
15.79341644
6.09435506
0.06873088
3.43164062
5.15466091
7.36432072
1.66495789
7.42142731
0.36832703
3.05228668
3.35826796
3.85702349
0.42749023
2.13397217
4.46093750
2.83593750
2.95703063
10.18737700
7.59598847
3.56730164
5.46511911
4.97705452
10.44620789
3.77494293
0.86914062
7.97524380
2.28557956
1.92980801
2.90454288
1.05619293
5.03951019
6.90694121
6.28304078
5.70867370
14.50870789
6.96618683
10.78922485
8.30054230
1.63610871
4.24173981
3.92293274
8.01306183
11.80187833
4.89644503
6.46394836
0.75915558
6.91451019
8.98205535
5.01550200
5.28271609
2.58654754
5.61462433
0.07136017
6.02779445
3.14929355
3.55061890
10.53893950
5.40849153
4.06971741
1.66992188
2.59676086
2.38891539
3.71993074
6.85758422
6.46004211
2.13789949
3.47647884
0.21590398
5.36425200
5.34375000
7.13415558
1.74548371
2.17036957
6.56640625
0.14440918
1.39911261
3.82360871
1.83174590
3.62951629
10.54353945
0.03632630
4.86795989
3.52880859
9.56867524
11.00870789
12.59020280
2.13831283
10.39355469
4.07767731
14.15738891
13.34875734
0.91544742
2.35786957
6.64363586
5.44034851
0.94384766
4.35697418
0.92492676
0.69335938
1.97115082
7.03725178
0.75046763
3.00722435
1.22076240
13.15100067
7.46325715
2.11417664
10.18994016
25.84940707
3.50826019
2.75345856
0.11348480
11.26683532
3.86222351
2.52315215
9.60692362
4.59599844
9.16670684
13.26985594
3.00927859
1.38924164
8.54252106
7.04553192
1.50036652
10.67968750
8.38089872
3.13781084
5.24541001
9.64754211
5.89453125
7.35982269
2.37349457
3.18945312
5.58573332
7.35860261
3.15384918
4.43225067
8.43929078
0.19051086
16.49641844
1.51184175
4.43115234
2.50044769
1.16894531
0.03123474
3.11104278
5.91585328
7.77779144
3.65429688
4.89843750
17.21445709
3.75826019
4.95434508
5.72098847
19.17468231
3.67126496
7.78096465
7.46317597
0.51875762
6.13114472
6.26127106
2.86372894
6.73725289
5.83997672
2.08984375
6.32590593
0.68190657
3.94771332
5.98917664
3.98808670
1.80468750
0.37308746
4.50390625
0.07436127
11.21484375
13.31160461
2.07641041
11.65263408
20.34684203
8.08862367
2.48872894
8.86283356
6.28291778
2.38940492
33.64778500
2.70815276
1.75599733
4.03092531
0.43017578
5.07812500
3.80078125
14.01127106
1.32934508
2.22416168
1.18432679
1.86222351
2.56640625
3.97904449
0.42480469
8.22521347
5.87955563
0.36561434
8.62429109
7.58158356
2.08353668
2.54947751
9.21464206
0.98925781
4.79764739
5.46842531
10.63627106
1.34517426
16.35481688
4.87754657
3.01493628
9.13716644
8.54687500
5.44787567
1.38142758
3.57206394
3.91015625
6.00016235
23.57661334
2.98478834
9.62744016
1.83858184
0.37133976
9.15889434
3.53149103
5.68709663
2.78169769
0.68847656
6.60111481
0.79614196
0.39229402
13.81948582
2.09067043
2.31122189
5.14629764
14.72345302
2.06906803
13.16841644
0.12939453
2.99218750
9.70955009
4.68843971
1.41198637
0.61389254
6.40279144
10.40604582
14.13281250
8.83862367
7.74853391
5.48584109
2.98167977
3.81164893
0.47631836
6.28470856
9.43750000
6.86657248
7.88778147
3.22265625
6.49173981
1.86568207
1.49146244
10.75082668
9.69531250
6.27734375
5.92264739
4.18062379
3.58626219
8.41162234
11.85502106
11.62311301
7.37007536
1.84439689
9.32006649
1.34457169
7.92533356
4.64497894
0.03473907
12.64762328
24.62410461
1.24292054
2.71332882
1.51444675
2.47879866
5.40242243
5.08329565
1.76493130
10.00883089
0.46158937
8.26985594
3.85432735
1.31128241
3.03951019
12.43498993
4.83593750
23.44219305
8.90700797
4.04533023
7.00301086
0.88016255
1.13566600
3.75897452
2.30990746
6.62524352
23.78029035
11.46413563
2.12740082
13.29227505
4.93383976
5.54386414
3.09114251
0.05733558
18.67609162
4.99609375
11.70571624
6.55468750
3.84720856
4.90718566
16.21948792
5.59029144
0.16768659
5.54174867
1.82751496
2.85896164
1.15714539
3.75044769
3.33080619
2.15747506
7.35937500
2.07206176
6.92227186
4.14939662
16.50568955
0.31192349
2.03255374
7.68013519
4.58235594
12.47521443
2.43807568
8.84452239
4.32389406
2.81009918
0.79536957
6.95267731
0.41332821
1.15108433
7.12365692
9.83247894
5.39150233
2.61560339
8.81473349
8.42761635
0.06648773
7.82503234
6.53714872
1.96224124
7.36027039
1.00390625
13.95479278
1.05053275
4.51713541
1.64550781
16.99129211
1.79060229
2.14193373
14.49478502
7.83679853
1.48677582
2.88163176
7.72957961
1.17293274
4.65726839
6.33927305
13.46586214
1.23632812
0.82122878
3.30527539
0.36376953
2.66345246
19.25894393
2.13558732
14.95738033
3.06263921
2.47896332
15.20946019
14.83596948
3.34814329
17.81627328
3.89568262
32.56490082
14.20121122
4.09130984
8.13911957
11.83072252
1.48177748
0.43920898
2.99218750
13.37135667
1.21120345
4.56127494
11.65405710
14.03548094
20.19828340
16.79431183
8.68110927
11.12780917
13.63627106
8.43762300
23.21728391
15.31692266
4.87077903
16.21386968
7.18045989
4.58785128
12.48693817
2.17712433
10.36897766
17.03816711
10.56038453
2.61043274
10.57543883
3.80391511
7.46446975
9.46969620
13.36958832
10.81595856
12.38911957
2.72070312
6.74365234
0.34448242
8.75781250
1.13529449
4.76985594
0.78772066
0.34769621
0.14143953
7.13972961
8.94620789
1.06986481
10.89062500
4.29588099
2.79441045
8.01127106
5.06239640
6.26422317
2.40234375
0.01104736
1.04003906
11.84285461
4.28909935
7.44038786
9.86678413
4.95780364
15.10335328
1.47485538
2.67427582
13.53279477
2.90861148
6.44877106
14.55004711
8.77905964
4.46407467
7.52901153
0.78686586
2.94531250
7.89709442
0.69323762
5.02298981
4.51070036
10.87475399
5.32157690
0.82222504
2.56693512
6.61539672
7.06976619
7.57647093
4.44836768
14.94404810
11.07157690
5.18186094
1.43851839
16.34960938
14.54056793
20.84792665
15.03866910
7.62902925
0.29300934
15.91841644
1.61335993
15.77762443
24.45187056
1.23323360
14.43078021
25.70492326
17.26358821
3.08739861
14.74744244
4.40445922
0.91019684
22.04943817
13.36539672
2.26378491
10.15800642
9.01835176
10.50781562
3.61450133
17.06338776
8.90218140
16.07183838
5.64843750
13.20507812
19.06347656
10.66992188
6.28609223
11.00000000
1.84667969
2.35721240
52.02112034
7.23474401
8.05045656
10.28816711
0.04650910
2.30818290
5.67672096
10.84631317
3.86657746
0.20113129
7.29296875
0.62727719
0.15173496
2.64310450
4.49820922
8.30159796
0.43880188
5.75000000
1.96085633
3.44893340
1.44364472
2.85314661
5.74768284
14.52973959
0.45829815
4.59619016
5.36820589
4.22745789
14.08850067
5.41149933
4.61368462
2.71114417
0.19763121
7.11588625
1.75533051
10.58939606
6.52766844
2.94738863
2.52298233
0.75684341
1.65527344
40.13670878
7.92360127
2.61116578
3.24519836
6.08787567
7.75798980
3.39526429
16.29951840
3.66686669
1.55229166
2.16601562
6.45507812
3.15700743
6.86134308
9.36372894
2.37483765
15.57153009
3.82670323
8.49576906
13.00345856
4.91841644
6.10692487
8.54541888
16.39184508
10.97554411
4.25370456
7.98437500
6.28906250
0.49462891
2.42142731
19.21594083
14.94250333
0.45776679
18.27351867
3.90558567
1.29843472
6.57857269
8.14326685
5.94657690
24.88305103
1.55196697
2.41311032
17.11617907
2.44043716
4.08943540
2.36843446
2.40789339
15.14285226
8.07256094
10.69441711
1.59794160
8.25858489
6.60867133
0.96282191
7.66951352
0.91499972
5.41564661
3.67419714
12.99271388
3.91654698
7.98982602
1.95682956
1.42683899
1.46695922
9.44018617
0.68066406
5.00846188
1.85286624
0.57421875
2.96056849
3.20711491
6.85335328
12.41821289
0.79048676
1.97220856
9.61193817
1.73323609
1.77396637
9.83056516
2.33349734
6.19396942
18.51313055
6.35059840
3.73046875
2.96455840
3.12813386
3.13915891
5.80570589
2.66255707
0.97652191
9.79793274
9.81250000
2.27974457
16.53974125
17.61951961
1.32714844
16.96594083
4.06379876
11.06343847
4.03072362
14.39664672
16.41727505
7.63985261
9.25429331
4.53958888
10.61845190
12.57726895
10.91239472
5.96842531
2.40563996
6.70982049
12.50306515
7.57784463
0.93550629
0.36706574
3.56258117
2.37198914
16.77766844
3.94753084
5.19653258
4.13940492
2.79732269
0.03221649
13.36885528
1.75276734
2.77201075
4.46476507
2.33984375
7.65319482
4.54683068
3.63802748
12.12500000
9.03995789
5.65926086
15.22094415
7.46309729
3.41300476
18.38134641
5.59777925
19.27006012
8.58968140
12.41048094
0.46846590
5.04833112
10.60791888
4.01774047
9.73848294
1.70231327
7.25345856
2.05448332
11.72277925
21.63834220
20.09366135
41.95700188
19.80330009
8.17440194
23.54361813
4.07413509
13.65885811
27.64993130
19.63480497
7.13246422
6.57851698
9.84195922
5.22375333
15.82343640
8.32089317
9.50512633
2.33471742
6.58190825
0.64949648
1.30049465
10.73807956
1.14107269
4.54056793
2.05203961
13.72880222
8.62577239
1.70165891
1.91475620
15.00541168
9.83451200
4.61368960
12.82722961
3.50329621
2.82409575
18.04431183
7.22529810
0.81893257
1.52424424
11.15890181
0.80708832
2.77095551
15.28458555
16.41418550
2.02103668
1.01725094
10.71028812
3.86523438
8.87231383
12.94132259
5.22001440
0.26391602
1.44977823
6.21229055
2.76757812
6.71594083
4.10392398
16.06594360
15.05319702
12.14127438
2.50609043
-0.05780641
15.33728058
2.96207392
27.05085993
7.50509197
2.86734985
4.71272828
3.87154144
5.93391844
10.69616730
11.90279144
1.09439564
11.55632092
7.14453125
14.49445036
17.65687624
4.62801086
2.86372894
2.90360317
5.00805851
1.45011414
5.85969969
5.01391539
12.86039339
5.99027372
3.49153812
7.77147939
2.55831338
11.26683511
3.67245567
5.78503325
10.39037899
15.44612921
1.23978668
14.68997452
5.66105912
0.55965149
17.35968972
7.81474844
17.28336547
13.10079011
6.87740082
4.69921875
3.84090149
17.04230940
5.76327349
2.83833832
3.74564606
4.09419769
3.45071421
3.02645833
5.78125000
20.12003601
6.73002106
13.19531250
0.13362641
18.62040005
6.87435062
16.82131594
2.15329343
6.31250000
5.26973294
6.31075105
9.99552305
7.82230497
5.39697639
5.80513519
0.06600952
14.36197252
4.16358045
24.25526820
9.44435392
8.14774380
8.94027233
3.50032594
8.52510528
8.51981660
9.80814606
0.04561371
5.42113697
16.50024975
8.56585994
17.62342087
4.13884419
0.05322234
10.90816254
1.73931916
4.61661680
9.48181183
2.59688386
6.25838071
11.61039339
0.05940766
7.18705231
3.26521665
16.25307345
12.43472518
4.14685837
4.23917664
7.60636414
6.86335993
7.97590315
6.86597739
7.98437500
3.48030640
7.82767731
12.60323028
22.44692049
13.92203236
1.05212932
4.00110533
6.07018950
2.86189882
8.99141511
0.90230316
6.45357269
1.56661195
12.73885195
2.04296875
1.62447113
50.75211547
11.46760860
26.45711118
16.50683843
4.10001773
7.76428192
8.28906250
3.79866578
2.63631040
1.77649019
1.86409547
10.62207031
15.72566711
1.88273133
1.74511719
34.08984375
2.57271332
13.62744016
9.39167775
4.47473736
9.40804078
12.61283356
11.76513298
0.48092018
0.66353363
1.93412262
2.95286902
1.18506981
3.34688386
9.80228668
11.45222961
1.54679383
3.08203125
5.53279477
20.31392177
10.38814550
3.20068484
11.55623227
5.27880984
2.99282186
7.33028479
13.39229278
2.07950743
2.38037234
10.25077239
0.53768007
3.35323028
5.40254544
0.72127507
11.04252106
1.67195368
2.53597296
1.32714844
26.88417890
0.36179185
11.99898316
28.15961991
17.09457169
6.23738586
3.92187500
2.93086326
27.16553108
16.50663301
0.40995270
4.08084677
9.74626108
1.29642731
10.18126663
14.40902233
6.21751373
6.29679632
12.94058954
6.75171210
11.47529810
9.00728612
8.77689606
26.76896024
3.54170933
5.74169548
5.71972905
6.37512300
4.05875672
9.74706782
7.90918218
22.13346188
6.50671293
2.97200687
8.39139739
4.70682956
5.33715758
2.24112976
9.67712433
16.58943041
0.96187971
0.34757445
13.34582488
7.08996675
4.10546875
0.73937988
1.13252715
15.12365235
2.95251496
3.67797540
7.28552526
4.68977283
3.23735150
7.46170989
2.04716035
2.53051696
4.13895722
4.82511414
4.46138519
29.91439601
2.97607546
8.05301972
21.65485761
5.19084552
4.88313719
5.52221742
9.36283356
1.29728086
10.40983156
3.77274380
1.12545019
4.01261414
12.29675200
5.11441268
12.71684618
21.48748686
7.03182070
11.54943817
10.07327904
6.43632424
4.91662567
10.21723335
17.53240043
0.06809510
13.94501220
11.75129732
9.01818817
25.72619660
7.01171875
8.19787567
13.49975399
4.95426640
16.95646055
6.62763188
2.66891843
25.08972199
0.87707488
13.06199137
1.00090536
4.45499695
13.40728744
9.84640181
7.41796875
3.89510195
7.56994349
3.70695257
1.82271332
9.46756833
6.15470523
2.07316101
0.92760701
0.11365276
0.37748199
2.00610352
5.53405615
7.13639406
4.08984375
1.73189301
11.30228170
8.76676640
4.21956671
18.90745832
2.16809175
5.23998338
1.14653119
24.59653016
4.18908660
6.57165558
10.04687500
30.31018035
8.53458555
3.73360261
18.24833254
11.45237846
0.17838874
2.30236069
1.48865525
23.81200798
12.38843085
3.12752382
9.20658356
1.18172180
0.42468293
1.47363281
6.84574247
7.81689303
11.56933594
15.29318481
3.81311004
9.17712433
7.48811392
8.19246897
3.31294769
5.17183068
0.38525764
7.07332336
9.10321045
24.72013243
0.06978457
15.81435877
15.41007757
2.36853058
6.55468750
0.02618652
11.73514739
7.65287262
5.85778591
6.14896388
6.51457775
1.09712738
3.53059813
10.16223145
7.34965821
3.36958832
8.34101951
9.11953901
3.32850398
23.59641872
2.88990691
0.25643132
12.26216644
0.14847840
4.86584442
2.46756926
5.29207336
5.43371675
12.10579344
6.45760195
2.60636414
4.51908356
0.74129211
5.05610927
2.75834386
5.86751219
10.23706117
5.12454234
3.50570700
2.64111204
14.48539339
5.18493683
3.36673981
7.63003768
5.96672318
2.18811004
3.46228058
0.35884613
6.23347961
12.60904034
1.21066212
8.53523742
14.81160461
2.31188996
2.20312500
1.59232574
7.45402039
6.65010528
0.85380097
9.83158356
7.01212399
9.04276706
0.00755829
2.51958953
14.37679348
16.30342621
2.04756870
5.48783356
3.73575743
3.58109652
1.49816490
5.79390846
6.56058622
2.50675476
8.45068484
3.61478668
3.25373394
4.48003102
1.93900543
4.09195922
3.58772828
6.59830563
2.12105441
2.15368683
17.36372894
1.81643562
0.67921043
3.18404144
4.04642731
2.27974457
3.60789468
3.33177082
7.17936281
2.16540558
1.14692958
2.60840093
2.89648438
12.53637633
3.84136153
5.14698138
0.95507812
9.60472075
1.14678468
11.89778563
2.89587433
10.19702211
4.50325638
16.53502328
1.69394004
7.23783356
5.95222961
6.52433289
13.65933954
1.47782690
5.85156250
5.16752106
3.62890625
5.39260750
2.97144614
7.24353058
8.08683289
1.82120789
3.26607269
2.67122064
8.54557624
3.43741696
5.25611784
5.23872894
1.71419437
7.88460328
2.03019226
5.46830231
9.28649933
3.47525876
5.14102837
1.91121897
16.17321808
2.21980774
4.65881317
8.41381649
8.00397382
1.90247672
3.02823914
12.87910980
1.42845589
8.60560172
10.17443817
2.97009308
12.21000152
0.53658051
3.72887841
4.60416999
7.23002106
2.48197418
0.96651153
2.18721465
2.48042941
4.31595856
4.36328125
1.97428219
0.24117160
11.00524933
2.26411957
3.13810118
6.95914672
2.98868960
5.92968750
7.02123338
1.56275099
4.97912567
10.86771637
10.73604278
0.21842531
8.08845634
2.04630928
15.53906250
0.03787231
3.04882812
14.17097961
0.71545379
4.96097186
7.99551070
9.44266571
10.74224148
1.11011303
8.61413232
4.42191932
6.37845856
1.14693207
0.02427154
12.44185394
4.12495568
5.61982935
3.35108045
5.38582336
1.57255097
9.30122894
1.00683594
3.05162484
12.61316821
3.99109042
9.66540558
10.98002106
15.19302970
1.75858987
4.81250000
11.93281140
3.21127216
1.42545251
3.34814329
17.81627328
3.89568262
32.56490082
14.20121122
4.09130984
8.13911957
9.39843750
8.14408356
14.17068928
4.00163342
6.60786459
13.44734929
20.35590337
15.05212433
8.79496122
11.27868683
15.28369016
12.41955784
8.93404144
16.22147053
5.32466644
17.13599069
6.67065492
4.03002992
5.15580231
12.42264801
5.61027039
2.65189606
10.05725067
4.61462433
8.49169174
9.53527573
13.41894531
16.09375000
3.58203125
5.22210693
0.44238281
10.42187500
0.98343902
4.63704344
0.75744722
0.30163543
0.14017762
6.77298981
10.31339539
1.01517731
8.88378906
3.66290615
2.68715092
8.64843750
4.92722242
6.15676196
2.08007812
0.01023102
1.08451324
11.51908356
4.71378103
2.10128213
7.29911347
3.04296875
2.06941711
1.16202820
5.73828125
13.62410461
3.28019226
6.55423981
15.76466507
5.90359259
0.13705099
4.98392731
4.29296875
3.76367188
7.36494903
3.07495179
8.26908356
5.55472186
7.46720523
7.49805186
1.75585938
7.55590820
1.11630102
4.67891511
0.78755707
6.58984375
0.39453125
1.63476562
10.35644531
9.26660156
15.55654699
15.46074578
7.16194703
0.13037109
13.20747894
5.37455231
7.12886193
17.74853889
4.01517731
10.65625000
0.92158840
30.18685062
0.54500305
5.37288453
6.18257536
14.41650266
3.41508089
8.45710993
18.26904297
5.55070257
3.66027925
13.71516844
1.12512300
4.30948914
7.73978668
15.28271484
5.25044769
12.09228516
20.59179688
2.99804688
3.02929688
3.57080078
4.59720856
2.09871399
4.56144746
0.78955078
0.15555816
1.48677582
2.88476562
1.88101611
41.17236702
7.11141179
0.19543457
2.99324524
0.81591797
2.46337766
0.65079898
0.21061094
0.11446230
5.85021942
5.85636414
4.34810394
3.61238586
3.29972351
1.75447197
4.49389960
0.17875152
24.48535032
4.22615429
2.72322197
3.66589760
4.37198914
7.29687500
7.50736481
10.27041667
2.53817708
15.89229278
15.18570922
3.34432070
6.06551086
1.39542664
0.17126465
1.47001129
10.48002106
13.62923094
5.59395169
10.44389073
0.12524445
13.27073150
2.32818935
4.45668217
7.68090758
4.98315492
1.76830868
4.85437167
5.88806183
20.88553676
0.73453984
2.22029684
17.94198692
2.71338763
2.80590758
2.41937494
1.47076240
13.39940191
11.44169658
10.18132092
1.74381593
8.99039672
2.89488780
0.59323110
6.69522385
0.67391677
4.22025169
3.45361702
10.49873560
10.95695257
12.19815603
2.70597850
1.94539367
1.43713348
10.00614472
0.95361328
4.16682735
2.09489140
0.35791016
1.61624779
8.77995124
7.07210328
11.70184326
0.32759613
1.50292969
6.27298981
3.93990082
1.39160156
6.48124114
1.48466035
3.38716644
0.49658203
4.49076075
10.08439273
11.23193484
0.74951172
0.22819000
0.63752923
5.62414893
2.27929688
9.75541168
11.92187500
1.02876801
14.99367922
17.76238308
0.78104707
15.77152372
5.76916224
13.86191896
4.11979499
15.24129211
18.95442376
6.63139073
9.15945803
3.86095911
10.10539007
7.85477505
10.16520390
4.39453125
6.69936614
13.78723736
7.95602282
0.95784547
0.13309754
2.25736481
2.75931793
1.81046570
0.27958160
14.13627106
1.32609070
1.94132259
4.71297429
1.82617188
7.15832115
5.92118628
5.74666445
20.33695465
5.38521332
4.06205231
1.61132812
5.76220703
1.95703125
6.64050200
1.22473238
7.99218750
2.50948028
13.02132203
19.29365747
7.49478128
39.78236203
14.91523826
7.23132760
11.18676727
2.27392454
13.82531894
16.27349516
11.25254209
5.90735050
9.04508422
3.98136414
7.25344859
10.18360372
7.63671875
2.45642121
7.84330231
0.21134461
0.68937008
8.95247562
0.80322266
1.81787109
1.44410803
7.51139406
8.10758422
5.99495235
3.66264073
5.97094727
4.77309786
2.12835050
10.61283356
2.86942597
3.59875333
18.12601839
8.16055962
0.84709053
1.40807202
9.98035571
0.51074219
1.79341520
1.51770113
16.03560394
0.94868988
0.29565274
2.11999667
3.51367188
4.08552478
6.55241467
0.43896484
2.93911597
1.03467918
13.81144226
4.22310394
6.73757758
7.34445367
3.40429688
5.09029144
3.04687500
6.92504852
6.86328125
1.58223418
3.87662843
3.94441711
0.36698270
11.16508089
8.40368683
2.49654144
5.76053303
2.97054576
7.03727172
9.29174867
6.42834442
6.48591977
6.26497562
1.45499695
5.75858489
4.44860871
12.73962433
4.83044216
5.14266179
7.93419881
2.32511912
3.00630707
5.80353613
9.04668328
4.55078125
11.61246454
12.46505042
1.91752106
16.10684619
6.37850537
0.81160461
19.76492133
7.15695367
16.61173399
5.74800753
2.88966742
9.61116578
5.72985871
8.34720856
3.02689606
15.34187057
4.63168107
3.22851562
2.47460938
4.54687500
3.41428359
1.58722184
5.74173981
15.76114930
1.18750000
11.74564606
0.13570160
1.78458555
12.10310727
6.34143284
17.68691684
1.87940824
8.30468750
7.44494349
8.13049534
10.15242243
8.68045989
7.13997811
5.92187500
0.05613708
14.05586326
4.78263741
26.00247950
10.49515404
8.69271498
3.09222412
3.21980774
3.17622894
10.30747674
17.09038009
5.39210106
0.03719055
8.38310761
1.65531921
3.59240692
9.71875000
1.06917359
4.89493711
2.84928468
6.08504211
1.45117188
5.71228058
3.57812500
14.24310303
11.93676197
5.34404033
4.44185394
8.92187500
5.41698471
7.57812500
4.61292220
2.41886414
12.10323028
1.44710328
2.85095246
5.85937500
14.19006317
24.60833771
3.30394947
0.58374584
3.21215133
2.12801086
2.51440492
2.28666168
1.40714539
0.25195312
0.93705137
7.04309175
1.95853668
4.98091644
6.30078125
8.36681849
26.30273438
19.71508976
5.80871675
10.33467310
1.56506566
10.21350067
1.55961214
2.42818207
33.81250000
2.27929688
12.10644282
3.08211491
6.72701019
13.61450133
12.85029810
0.50000374
0.77197266
1.72851562
3.20974430
1.15076961
4.59554078
11.84134918
3.12801086
2.19816101
12.25166778
0.99682679
3.36523438
5.64050200
20.80317833
10.09424202
3.35079011
12.26627438
5.27624667
3.78655566
8.03072362
12.94877106
3.67081726
9.60567044
4.96464206
2.33203125
8.77254211
13.71925873
27.87637744
23.21586713
7.18705231
4.07031250
3.13004267
14.20170323
13.95190492
0.15934234
5.01919908
10.05990248
0.87988281
10.78282913
15.97713818
5.96812714
6.05809176
6.37094636
9.34977172
1.36621094
7.65804078
26.53803435
3.86641511
5.56827571
12.84501191
2.37780917
4.42765071
4.60840093
8.34977172
1.24796570
6.58683289
18.61478170
1.17232768
0.20699035
3.26737395
1.82637605
6.78560394
6.03080231
5.45792664
2.63480497
10.31005984
2.28779810
1.16186835
5.45825133
2.58862367
2.83158356
6.01908356
4.63716644
3.55859375
2.13716644
6.34106383
18.96793329
3.37475897
8.15368683
6.89050200
1.21394338
6.43087322
4.11551972
13.59016844
4.57780031
0.21449674
22.56481716
2.99043606
1.75496897
4.54821808
14.95914672
2.76692376
14.52604499
20.66166075
5.75582003
1.66939301
8.30725067
1.29357879
9.54162567
4.99186281
5.49955231
8.81696698
8.76852282
24.52771027
6.68750000
11.98002106
20.34887633
3.19506649
4.94824468
27.72845215
0.99613434
13.69306406
0.73271719
2.78816711
13.83758480
10.21383532
7.31083222
5.01741578
7.02831782
4.05025487
1.79589844
8.23661098
6.67647495
1.13085938
0.56750208
0.09729284
0.22473145
1.73632812
5.45384535
5.52868683
6.33984375
5.04812944
2.12329787
14.31506317
7.09643617
9.57722961
36.32216369
13.71927638
9.01112241
3.88118905
14.72239197
16.74120326
0.27002202
2.18138870
1.41594193
18.13741328
7.87793218
6.26818817
2.43298371
10.59321864
10.27921788
12.86494903
19.09176370
3.43286071
10.01216644
5.58088985
0.31054937
2.28861481
7.37605805
29.73087461
0.07588808
16.57880116
16.93644725
2.63806183
7.12890625
0.02488952
11.22041778
6.68928953
10.51603579
9.77630615
4.75000000
7.85965537
9.66169105
3.90008089
23.97630652
2.33895833
0.38444218
10.99910461
0.17993195
4.75646942
1.62019836
5.25345856
5.13505097
4.81115692
0.85778840
3.03409851
5.85546875
0.58846008
6.81424646
1.95573249
5.81416778
10.42020722
14.33644892
1.79245733
2.95780364
4.43884308
3.62919160
6.47086547
4.79866578
3.75105774
4.33579705
5.07187721
2.10111481
3.71679688
0.38647461
5.55814606
10.51337656
1.36491965
8.73010223
1.51163758
1.45072418
8.34810394
5.49149380
4.45348509
6.77921819
9.27893905
15.58233456
1.76945257
6.22265625
2.88765348
3.46826296
1.50259877
5.42863475
5.53157469
2.49609375
8.64856050
3.24519836
3.27933123
4.35677748
1.80912262
0.35144012
3.86853058
6.92118130
2.55688663
1.87687195
17.65625000
2.56163149
0.73967863
3.03125000
3.57661957
2.38867188
2.67128685
2.91985815
6.57690492
2.11417664
1.21390528
3.32519780
2.72115082
12.18570922
3.59690773
8.15080895
0.62451172
10.40057736
1.11895389
13.60654339
9.28957446
7.70747894
6.76171875
5.89359154
8.02917885
0.78426086
8.17956450
4.67936281
1.43688996
2.85599637
4.43504759
6.39798981
1.86592808
8.30904144
1.68253601
5.60021942
10.12243683
3.54154200
5.37707115
1.64494459
18.13867188
2.09570312
4.16841644
9.09427638
6.17515834
1.47852061
3.07466644
12.84696441
1.61920902
9.05986812
10.68314606
2.56490082
12.31542969
0.47896332
1.29638423
4.43261968
7.07377106
3.65490692
1.12544769
1.96508727
2.50012300
4.05468750
1.89310699
2.21683622
0.22640078
12.09118683
2.53365082
2.41214872
1.02632785
8.38972961
16.20895355
10.71695922
0.21281008
7.58621787
1.95524545
15.09195922
0.04720094
3.30033356
14.74129211
0.86246703
4.74356494
8.51213240
8.47829419
6.87676811
1.06535101
8.99080009
5.06779366
6.85937500
1.28072113
0.02245575
11.40970856
4.29674701
3.08171154
4.78169769
1.83878601
9.58504211
0.59611023
3.89463930
12.96253656
4.09700687
10.88566101
10.31160461
14.75451131
2.27523326
5.00826019
11.51427195
4.02043661
1.42136378
8.61836326
56.92549092
4.35458333
14.35306793
3.80318207
2.91601562
7.29764739
1.15938386
5.60546875
14.42055770
1.74223182
4.87064606
9.57633422
5.37511304
2.78878712
6.09810394
8.06160461
1.65128601
10.71313165
7.27025931
1.90137466
4.43359375
18.62398161
3.48998338
8.54619126
3.58504211
13.31339539
20.22815831
6.09224955
0.73144531
7.67386747
2.23018340
0.52710148
3.58910572
3.09058178
6.05859375
1.45711242
2.84810394
4.08459442
13.19608489
1.80615110
10.26766179
1.26900238
0.07843018
9.21004211
3.45074857
2.05706393
8.53560394
1.47212738
9.85795074
0.03056854
9.05252771
2.63052970
7.23881759
2.15234375
5.26789783
1.42065492
37.05684729
6.15194889
6.26729278
1.80594941
1.71138519
1.51269531
20.97649046
2.60664949
3.15640329
7.66746314
0.90470398
1.39941406
4.00451629
2.66722823
1.39714372
2.98889129
2.48811890
8.30468750
0.00561905
7.98046875
3.15339650
6.91646830
4.64107269
0.96101867
0.88321961
9.82633422
9.23091644
0.85392273
2.86958832
8.29357381
9.79345579
8.27942486
3.56083222
4.57076019
8.60937500
2.89440825
5.75012300
1.43457031
8.54675200
2.76238440
0.03955078
2.14453125
14.98893063
9.55622729
1.58525376
8.44531250
2.66841644
2.15437556
3.17570257
2.52539062
6.40234375
0.00236893
9.86331218
6.55380208
3.64017731
9.96907220
14.31120124
12.23872894
2.62109375
7.96875000
0.18505859
2.89994293
5.74564606
5.87980164
8.70312500
22.34873036
0.22992351
8.13972961
1.63317902
7.05732935
12.95951573
1.99096742
5.28238143
10.28569259
10.21272828
6.07031250
3.67232269
5.60310727
0.33170718
8.88102172
11.93419881
13.23397163
5.36877659
0.63183594
10.29597961
1.41576463
13.65108931
5.62500000
1.08443207
9.60156250
9.50357658
6.19446143
1.85966035
2.66886414
11.24218750
6.62841423
3.89022163
4.79646727
9.45670656
0.91642273
1.12137661
14.79712101
1.23970551
2.70703125
0.77494293
0.37084961
5.90580231
0.25577820
18.30878578
3.86866356
5.89408356
4.16373283
2.82544381
8.36286791
11.02596631
10.65128103
0.53064494
6.04028258
4.20703125
9.07120789
0.59651734
4.78735289
6.31127992
0.03092438
3.89107269
5.24430297
2.41390015
0.76806641
2.87695312
2.67338043
0.01289887
1.03826655
3.12011968
8.13012633
5.43192597
10.27665005
10.02368351
14.86051864
3.60591644
4.45222961
0.81270169
3.12764683
8.51729278
0.57466333
2.55190770
5.80901706
9.78125000
3.95055685
0.42541971
1.26562500
7.62200928
3.84082031
5.83939606
17.46260528
8.20491578
5.01171875
15.51216644
5.36718750
11.17354278
3.11942597
1.42773438
10.89575133
0.12911043
16.55578458
15.55314273
4.92923981
1.80912262
3.60485871
1.34570312
9.35156250
11.64062500
12.66426849
0.07855225
4.51908356
13.57185727
3.58650820
0.69364472
11.86629211
9.16300476
13.98950133
3.20581117
12.62231383
0.74589082
4.67158903
11.49487367
9.88114472
1.74417997
3.92814273
1.14115387
6.48502438
0.92948581
17.05200133
0.60180726
1.48734403
2.49605441
9.27254211
0.63989196
2.52657136
4.33504211
2.14196808
4.55423981
0.03291840
0.88675311
6.84672650
9.08247894
3.83833832
10.83939606
8.75996731
18.21331780
22.22313278
3.80734484
5.80904144
3.55350676
1.58223543
1.58886719
10.99462766
2.07137024
1.33146304
2.57226562
6.08613919
12.29943817
1.62418827
1.74707031
5.72220856
0.04643769
1.04296875
1.07848654
0.81124307
1.89542664
4.90519164
3.89168274
11.57903928
3.39282413
7.89709442
2.16735871
12.63842587
4.05102726
0.45694945
3.63850953
9.20568817
1.64392121
1.21004211
0.05594910
3.25390625
6.06852172
3.47086547
3.42039146
2.58371896
2.69531250
2.64843750
1.59720856
5.03214539
4.86271055
0.30989687
9.31250000
15.57377106
7.32477948
3.16394946
0.45971680
7.32865387
1.42427582
0.92399016
10.71167054
4.80468750
2.53125000
1.21822113
1.61820465
5.56250000
1.26607269
5.74662013
6.74947362
4.96606383
4.38749114
10.31893921
1.06689578
18.09375000
13.27075133
5.37422761
0.02741485
2.59810394
8.96260528
0.07157441
5.77734375
1.45170074
5.21093750
4.53906250
6.87154144
6.83621787
0.75655557
1.32812500
5.89949399
6.36865359
11.00333555
1.15922152
8.34810394
0.02592468
5.71606383
3.42171265
3.99947113
4.81685394
2.33821532
19.29687500
1.93912843
3.91922910
1.18611757
7.00646942
0.60632355
1.62011719
10.92968750
6.10892731
1.14497894
12.84619016
6.15848847
1.69799867
1.43599457
3.29492188
1.58780821
11.66764406
2.29882812
4.71573914
0.28344727
7.70312500
5.73303192
0.80509461
10.46484375
2.24849457
0.01267242
6.96093750
10.38960661
2.20853668
5.59476839
4.59220625
6.03724360
11.95121122
1.64298648
6.62365692
0.56237824
1.22806419
2.09273659
4.71093750
6.15234375
13.06506317
9.25089539
1.50142426
4.41015625
1.73908176
5.73145777
7.97233156
5.16369349
6.13004765
0.82539949
3.49609375
0.94335938
3.47155668
4.99967531
12.89497894
0.68847656
0.03274536
18.93904477
1.43310671
5.19087738
5.25044769
6.00736481
7.21178857
4.83944038
3.00000000
1.12353516
5.13281250
3.82617188
0.59716797
6.44567155
3.42542220
1.37120788
5.24906402
11.42061060
3.11564273
5.83272495
8.79687500
9.70646055
2.33020113
8.05122894
1.47656250
3.32668330
2.19630651
4.10546875
2.02779144
1.89453125
1.37125610
1.66833527
6.13716644
2.56152095
11.33016179
0.15799988
10.86844817
7.53648927
1.18448914
3.11372894
0.34423828
0.02542114
9.64436392
5.45329233
1.28906250
3.60566545
4.42753767
8.40160572
4.08187389
2.23917664
6.51082336
5.81155032
0.33778257
7.36673981
2.11568207
0.25760863
11.53635819
1.38326019
0.40606627
10.89331117
5.86629211
3.71378601
5.32421875
0.02629089
6.98917633
10.35591644
2.12365692
0.32897980
4.05786071
1.52905336
0.88623047
2.82966479
2.49455396
11.20890258
5.24654144
9.42692016
2.39766511
8.09375000
3.07482879
0.61612976
0.72408051
1.63419493
4.30135195
1.70507812
1.57808317
1.22269808
8.99218750
11.40625000
0.20605469
9.12064606
2.28365082
0.01583862
5.56595856
0.42236328
6.50100487
15.35840841
2.38232546
3.91316524
13.05122894
0.72384719
10.14701573
7.72701019
0.01097870
2.51562500
2.56400543
1.80432098
15.22745789
1.57511414
0.64504963
1.71318096
2.76713043
0.03615326
2.48242188
5.03125000
1.34232574
4.10111481
2.47941101
0.59557825
23.47745789
24.49149380
2.80200631
11.00691711
11.53304078
9.98783356
10.14754211
11.17354278
5.95703125
8.29956117
2.91992188
2.10636414
6.57633422
2.73783356
1.46077515
5.95791667
2.75542165
10.73347961
0.45182312
0.20764160
3.93790586
15.96578035
4.63024933
5.23828125
5.95568848
2.97424316
5.39917355
3.71134585
0.80468750
8.30033356
3.19185394
1.73103696
0.89982242
0.26318359
6.75077239
8.87333222
5.04777039
4.31551086
5.56974180
1.00374390
2.69108156
3.45507812
5.12455231
2.60066711
2.15563996
1.34427887
1.38618988
1.88846770
1.90307679
15.04687500
5.69966644
9.12064606
8.49552305
5.50781250
3.64017232
1.41899213
10.41060394
5.33890404
6.52047096
4.82031250
0.26684570
0.18151855
4.83984375
0.00758362
6.31900377
2.94483045
2.88460328
19.72012298
6.06896942
0.42114320
3.44659424
6.91015625
7.05033356
2.25240082
1.85546875
0.13656574
2.62426696
3.24336824
0.53173828
6.08203125
1.72070312
3.61112021
0.98950631
11.90535461
6.11990803
1.51815381
1.04589844
3.87500000
3.17446136
9.89408356
9.24218750
0.20198578
0.51757812
4.29329344
9.44108156
3.26367188
12.66662567
13.27575466
8.62915226
8.33491578
2.19095856
1.10396332
3.49652151
12.21929631
7.04891179
0.55924500
1.19238281
8.49861259
3.40763741
7.60111481
3.75345856
5.31612152
2.86065887
1.56388367
6.12154144
7.12935394
3.55513519
0.01287079
7.47656250
5.89664672
0.05812623
0.27880859
7.12365692
19.15714539
5.51684508
5.80346742
8.89062500
13.21679688
0.06160492
2.37992278
2.83125886
0.40433590
8.12435062
5.57722961
3.40042498
9.69617353
2.89062500
1.32324219
1.21284505
0.41215495
0.25439453
5.83622160
11.88114472
0.73966492
0.44586296
5.42326241
3.12500000
4.19140625
3.33361816
0.29858398
0.11603862
3.53861481
9.55187833
2.83724124
0.38500977
4.57812500
2.78710938
5.64786680
9.08260195
0.58056641
0.68513977
2.12394226
1.96582031
4.03906250
0.01170349
0.67138672
8.57031250
0.20256805
2.13982085
7.89213105
10.44173094
1.06954011
8.76562500
0.82857269
4.28906250
16.59195922
7.99604943
3.63375221
3.84269226
2.35937500
7.34167480
2.06291114
2.54246178
3.06585549
5.23437500
8.25000000
0.87613642
0.37044562
7.89322875
8.61836326
56.92549092
4.35458333
14.35306793
3.80318207
2.91601562
7.29764739
1.15938386
5.60546875
14.42055770
1.74223182
2.21484375
8.10066711
7.88582336
6.94505652
3.38876551
7.15625000
1.99316406
9.92227837
5.88512966
1.79761303
10.57466644
14.33878103
10.45809397
3.71980774
17.63909351
6.25163342
0.68412262
7.61873227
1.89746094
0.54089511
4.24999502
2.29687998
6.21484375
1.66849762
2.96724457
3.21785461
13.27766844
1.99238919
3.96911901
0.24670410
7.17264739
2.46287692
1.69654753
8.02779144
11.92610594
1.80908079
6.52457890
2.25390625
6.02131206
1.84615518
36.59411901
6.30068181
6.43090758
1.83577515
1.79341644
1.55806488
21.83636350
2.80179964
3.11568778
7.89362008
0.91695160
1.25488281
3.14168274
2.17675034
1.46627548
3.23107879
8.25960328
0.04724121
9.42187500
3.41706713
8.75777814
6.00044769
1.21793578
0.60823609
8.92008422
9.20658356
0.73421265
2.52974457
7.04031694
10.28283660
6.50354720
5.14204926
2.96394836
0.51188110
1.62963929
18.63761289
9.37442681
1.36788370
3.14453125
3.33052582
3.16226674
3.33142619
18.34810394
0.05511475
2.76362755
9.83207557
12.40413391
2.80423981
1.91735871
18.42496454
9.33541112
0.76696808
6.14965758
0.90181488
0.69510957
6.54687500
0.13696289
3.15908605
9.84791223
5.60725953
0.72363281
0.13832580
1.00284851
6.30765404
3.77437721
2.74218750
3.18090446
4.87459663
0.90181488
4.01607269
7.14623587
3.82304299
4.80777953
9.06429078
0.75386566
2.56750333
2.58484042
2.20117188
1.49902344
0.14554840
6.36328125
0.08943695
10.16625914
2.37483765
0.24503601
1.52140444
0.71339261
5.03951019
2.43945312
3.24665448
8.28414782
9.20087656
0.40113364
5.83760528
1.39807098
6.52221742
0.40861023
1.78291591
2.73100011
9.49129211
5.21964539
9.19738365
9.96578346
13.93857039
2.72265625
5.18225067
0.97932610
3.11918495
8.59195922
0.52457392
2.73553829
8.40281138
8.16406250
3.27510029
0.28105205
1.73535156
5.30123901
3.46565548
17.23026706
2.49849457
3.98392731
9.92712433
4.60546875
10.31058622
4.62300753
1.56347656
6.08548981
2.39843750
0.02281708
12.08597684
5.48974734
10.87410461
11.12589539
3.58443207
11.81416778
1.00765015
5.54072965
12.00435394
9.57478945
2.25650876
4.98807956
0.60449219
5.73848294
0.75028660
17.53381317
0.53601105
0.93200528
6.06832003
5.27823914
1.36283356
1.97505707
7.29642731
0.72379329
5.89310948
4.00781250
0.02574158
4.74613309
6.27144503
2.85742188
13.50000000
14.48709926
17.97364084
22.10952684
3.44528367
5.07812500
3.75874723
1.74808871
1.56347656
10.70556516
2.88224180
1.70516179
2.80273438
5.22965204
13.13448028
1.72375831
1.75683594
5.47176086
0.03855408
1.02441406
1.17683275
0.56344221
1.65572113
3.92631012
2.41695098
11.65403073
3.24813054
7.52990692
2.17907746
12.61783688
3.72786624
0.44348113
3.75524933
8.83850067
1.55700715
1.24324524
0.06569428
3.53951019
5.04553192
3.62365692
3.24098682
2.76320478
2.55468750
2.66992188
1.67488586
6.77839650
3.57060283
0.32763672
7.20804840
1.50488281
0.71529051
10.57389406
4.61763519
2.29838043
1.18794769
1.31791168
2.55904144
9.41499225
7.04960549
6.57837101
4.89530364
5.09073914
11.64666686
1.10018007
5.09077848
3.74231050
4.54073028
0.85371980
7.51127106
0.34712738
7.30379211
3.68900543
16.22224790
10.41776706
7.21305297
0.84550019
2.85042235
6.63985261
3.85262024
0.46862824
8.86795989
4.74649712
2.31718362
4.73046875
4.51716977
3.28361148
9.24564606
9.33850067
4.98872894
1.51554383
2.22505707
11.87064606
2.69531250
5.96138519
0.45829254
7.22656250
4.97701019
2.90429688
17.31436946
6.38440159
4.93637795
13.68648161
10.85258089
15.40702239
3.01517731
11.36413232
3.94023049
5.95613586
2.02433289
5.96695922
1.30940797
4.67142731
3.28338736
8.14825202
8.30660128
5.52978391
6.80346742
1.88895722
10.34985289
6.37288453
6.82999695
6.21093750
9.48091644
5.33776264
5.45520611
1.63183594
0.70789581
11.08121454
6.49345190
0.71484375
4.47150987
5.51046431
5.50099670
4.38732879
2.85396332
3.25536736
7.39290780
2.02193207
1.97265625
10.41137633
5.35034242
6.41796875
3.43554688
4.22823028
4.32934508
1.46976839
1.82714844
1.99462268
5.52250775
0.79300934
1.62003601
5.57153258
7.40357239
1.09855164
3.51411957
0.18204742
0.03645844
9.74401264
5.29069592
1.10201019
2.61457503
5.00847185
11.07718902
1.27388519
0.29921416
7.60725953
0.38350434
9.10181671
8.69185394
1.33618102
0.65649476
5.88313719
1.63248781
3.09846299
2.13005263
10.78381317
6.71875000
1.37438996
10.63793883
2.89676972
10.68750000
3.52449524
0.72839387
0.84375000
1.54170684
3.99051972
2.43359375
1.04663024
2.47729554
8.07812500
2.60697418
0.03680420
4.12500000
1.02547180
7.46659269
11.67616023
0.77339878
2.25280917
3.38281188
8.66674867
7.46830231
3.58984375
1.74519836
15.76652039
1.49369293
0.94335127
9.25086103
9.76121676
12.21469636
10.01093640
10.94414173
23.22778258
3.47176086
6.57722961
10.14856050
3.16166168
3.39782746
9.89318817
3.08833832
2.99308289
2.17968750
11.91890348
4.48840425
2.24414062
7.96183289
0.02691650
6.35631982
4.33508643
0.57958984
7.44531250
3.14453125
2.01208029
2.72148049
0.40511109
5.31363891
10.16931183
5.87109375
4.69531250
6.01684508
1.09623199
3.19303468
3.59765625
4.68750000
2.84061614
3.73706117
0.47163910
1.32226562
7.66361481
2.32527649
9.27868683
8.76562500
0.77490234
2.61637328
2.92757203
16.28649871
6.27811614
0.49178164
4.43383789
7.21875000
7.05033356
1.92378754
1.90527344
0.20560360
2.09956754
3.26619570
0.34102387
6.31595856
1.18111176
4.37768492
3.35575410
1.31860289
1.73262605
0.45463043
0.99849457
9.26550200
2.54698804
2.32813497
0.52490234
2.71679688
1.03178100
5.46272828
2.58459442
4.47009308
12.54341644
6.70222961
0.26481141
4.30480739
10.27893284
5.82661459
3.59309065
10.88888851
2.49804688
0.87646484
0.78177638
0.96822362
0.40966797
5.90144774
10.81172761
1.02876801
0.22424373
5.21163120
2.83984375
3.88281250
3.50634766
0.34423828
0.20376801
3.41015625
13.96606383
3.33862367
0.37158203
6.53373199
2.62109375
5.95825133
9.71797761
0.72216797
1.65234375
3.28320312
0.01153564
0.49560547
7.60156250
0.93920898
2.30900480
9.02356050
0.03470856
1.89400238
0.10120722
1.56001801
2.04174867
3.75345856
10.25870789
8.74129211
0.83003754
2.66060394
6.41406250
4.79508422
0.65950562
8.31327239
0.01127106
11.49373227
8.56429078
3.34476839
7.58158356
1.15625000
2.69185394
5.06250000
0.24975586
0.61279297
9.17297208
8.09655917
12.30813536
4.14933289
2.16243407
4.14945589
11.25691711
2.12784851
14.42533356
11.54345080
7.71871564
15.07108489
11.67048759
3.04553690
1.66503906
1.93265154
10.99996564
3.78515625
9.98412899
0.74532261
13.45458611
10.31299202
4.06250000
13.39318817
8.04943817
0.58422914
9.48685481
10.27457890
2.61417664
15.45365138
4.01119237
2.00000000
4.99771720
4.44714760
10.74654144
5.19095856
1.19966644
7.87117243
0.68595648
1.66947418
5.10973405
1.67737533
8.81205231
0.52921570
3.64777815
7.25802415
3.82071587
6.72123448
0.36283480
9.92756705
3.19788065
10.37398161
5.00057070
8.91406250
3.82466644
2.30033356
34.41112738
5.40116907
2.31372008
2.49532136
5.28951019
6.49609375
3.19372559
11.08101161
2.33121952
3.09073914
12.54764739
13.63883422
1.83447390
2.12455231
5.09288897
17.49585272
6.53821143
11.96659021
1.53385749
42.17968750
3.69335938
11.97220856
8.29138703
1.44583015
4.71736122
8.63716644
0.21927887
1.07173676
10.55468750
1.08898770
1.83484042
4.55357547
3.06902371
21.87577239
0.91813234
2.46875000
3.04642731
2.94848571
3.23120179
14.28865415
1.61206117
1.63879488
5.63595138
5.91659131
4.97265625
12.19262633
3.38956726
4.86853058
4.26089706
4.00822584
10.09655917
0.21948242
3.51729278
5.79866578
0.67134613
7.06115692
3.35953236
4.46558178
3.69771332
14.38167110
3.61006870
3.22660184
3.93790835
4.39798981
14.83452352
2.78170268
12.09016844
1.31848238
6.31115692
0.40295441
10.08068817
13.01908356
8.17622894
2.22521942
2.84794160
1.77748733
1.83833832
1.59517426
0.12289579
3.56502382
1.00195312
10.02412622
2.58720190
5.29239805
10.69978945
1.03035461
0.57902039
6.95869903
1.57067155
5.60690048
5.89965758
3.31563386
7.67968750
0.30029297
8.44095856
0.13069578
1.37219332
1.62207031
5.04085079
8.99243351
1.35021942
2.10966035
1.72289977
4.70402039
0.18739869
2.49609375
0.98063110
4.67321808
7.31685394
5.86502771
4.31856604
5.30468750
7.30468750
5.98392731
5.34663786
0.26489382
3.18164062
6.39440575
25.39563331
10.07153320
4.37455231
7.65279144
0.01344299
1.21537262
0.60396332
1.51464844
4.18359375
0.91349273
8.22656250
2.71533079
0.23238253
0.85595703
1.64839567
4.15336214
3.31294271
1.97957834
1.15181488
8.04943817
6.41112035
1.58151484
1.48527039
0.21799619
2.55916445
9.44015503
5.66182403
1.08072875
4.23795656
2.52779144
4.98046875
5.75105275
4.14303080
8.30122894
5.59765625
1.53417969
3.30095677
1.08873226
9.39497894
0.04891968
7.35892731
2.60322747
5.44836768
7.71328901
24.13638409
5.92745899
2.30119459
3.91776706
0.06689453
13.71862700
3.09387300
2.91246094
5.33265624
1.44824219
5.38692044
36.29085328
6.09175753
22.82189661
1.26261663
1.17114133
7.75102267
5.26241245
3.81054688
10.38191711
1.49503601
4.58902704
2.60433233
9.93957115
5.44324135
11.61718750
2.42533356
2.10228059
2.16725066
10.00000000
10.54508422
0.93204213
0.62708111
15.86718750
9.83068817
1.04650785
16.11722933
9.76460661
1.61722933
1.04634613
8.31595856
1.18452848
0.87744265
6.93314606
8.09375000
10.98205566
0.93208832
4.17959123
6.89888519
2.77001953
9.41996122
18.83227601
11.70748338
9.46004211
3.17862976
1.76269531
4.07543883
11.00268617
4.26562500
9.07287567
5.05993683
3.57477948
3.17867907
9.00345357
9.34961436
3.32181793
3.74226618
7.55253207
0.69319828
9.44185394
5.99654144
3.33939606
1.60758422
0.06833955
6.07421875
5.81114695
9.04387411
12.32198028
1.82202211
10.00520626
5.72696587
1.01148022
4.94921875
3.35502106
4.77709774
0.94600620
7.94095856
2.71830231
4.36372894
1.55708832
1.51207281
5.05494348
3.94425476
11.09566254
0.23067199
0.88468445
2.85066711
9.40856716
7.88920323
6.06250000
2.28295462
14.35932320
30.67475787
18.43912345
23.94303967
3.85217752
6.44095856
3.25435394
3.51615387
3.48872894
2.88867188
0.24951172
2.05664062
1.96582031
7.41485927
19.20972739
10.10498670
1.04581726
22.83789062
2.83593750
9.73693817
7.26953125
8.68404144
14.52254211
8.03987672
6.39062500
5.70703125
7.92879211
0.05277527
7.63003768
2.41488419
6.93705231
0.10109467
1.83036423
0.74584961
0.55639586
5.89286347
5.01953125
0.52388519
3.36914062
8.52742243
3.29199468
0.99363127
4.61340425
4.18814938
8.30855441
11.36014739
1.43957613
4.25435394
3.24967033
7.54134530
6.98347961
5.17842310
7.91683233
3.25166778
1.99833222
8.38806183
10.51818817
3.80603058
3.89062500
1.93338957
0.05757722
1.61039090
0.24727511
0.84761473
6.32735261
8.96712250
2.58201929
4.53829011
19.23824035
0.51603149
3.15352449
9.09285461
9.28560394
0.86759087
1.29158882
26.76098633
15.70312500
0.27062957
6.01306183
5.91015625
4.70703125
6.31160461
0.20434601
8.94441711
5.24015071
1.98535405
4.37500000
1.78487028
8.46195589
11.54931516
6.88728945
0.97082488
2.56473847
9.03125000
3.98242188
8.17968750
4.62007536
2.98929964
4.64029782
3.39778812
6.61527372
2.63277316
2.03125000
3.46244293
17.61283356
1.36193817
2.46618683
2.08097351
4.76684508
0.62426820
2.99564606
1.68578541
2.29415447
12.56595856
2.93404144
1.29419837
22.18837545
16.18118350
12.53291778
4.88505097
0.07196045
16.65189606
13.23370568
3.20814826
1.32311918
2.71887300
12.99552305
9.37947695
0.72509766
5.23783356
4.58638519
0.22424316
0.01218414
0.10980225
0.81595170
2.97921431
5.70163399
4.07953235
6.70247562
5.32255097
1.98872894
2.13146879
2.77160738
12.81595856
6.56494016
3.08740359
2.76012966
12.32031250
12.87268284
2.12650543
1.33097351
1.84570312
0.01050568
0.01235962
2.90791778
0.23518922
1.22582946
14.47579011
5.66796875
0.00763702
1.83007812
6.24355497
3.69016085
1.65161133
1.63747644
14.25797485
0.09236695
0.27197234
5.09855164
9.74218750
1.99804688
1.79048676
8.49116911
1.07674257
4.19576019
4.27644836
2.30528757
3.30034352
17.80354859
0.05332459
17.76562500
4.58369903
1.23759004
2.10880430
5.55847075
2.45967808
2.83398438
10.09216215
0.01127106
11.49373227
8.13024933
8.24755984
1.28808594
1.15429688
8.71097684
2.87886691
11.26204344
2.48600343
0.07055664
0.89103086
8.66072695
14.80187833
4.19421542
2.39843750
1.28560021
7.49959663
6.38671875
9.92585993
0.80167913
14.60770473
10.49288120
4.25271554
2.07903036
8.47387633
0.25492464
9.81457115
10.46667885
5.08166224
0.94710577
4.27343750
8.69339872
11.06205106
3.51660405
21.29740138
3.40617132
1.17036957
2.69981384
3.02194702
9.76436060
2.86934729
8.79547762
0.58733488
4.81314813
6.47790808
4.20703125
9.55098294
6.11307956
9.86975067
4.13460328
2.29447418
21.96339652
15.14215340
0.83174465
2.53344913
9.76692625
1.49381593
3.20011414
12.50756649
14.67187500
1.94360538
2.07963043
4.95458112
17.19540115
6.89599734
11.75244016
1.63464511
42.70658356
4.56640625
7.71144623
1.57575293
5.05465631
2.87500000
6.51358821
3.99813054
13.45523860
2.50008366
7.16391650
5.99081006
8.79341644
10.59452239
3.02974457
1.05639711
4.09321615
3.97449135
13.79264406
6.35111481
0.19795746
2.89408356
3.09391235
1.31917359
5.73872894
9.84285461
3.47253075
3.48246620
11.63358489
1.09004793
6.86795989
0.45821199
11.06070922
9.34631317
2.84643617
2.47198730
2.29296875
1.54093445
0.14133604
0.84676211
9.87948634
2.71297429
9.75256317
7.02868683
1.58203125
2.28141235
5.61462433
1.93322723
8.92277039
6.93705231
3.16947293
7.09700687
1.00740539
2.72745789
3.30033356
1.25630707
2.79882812
1.01383422
4.50179078
6.02254211
2.53694205
3.67639627
2.13716644
3.89683345
4.61639073
2.44576019
10.94783383
25.68986148
12.02008201
0.39804908
0.21162965
8.53125000
0.01724243
1.48347961
0.86372894
1.32564301
7.60892731
1.25297027
1.57466644
5.67187500
2.45552582
0.12408447
7.69742797
0.20381715
0.47192383
2.08715758
4.62723847
4.54764739
2.48014406
5.15103502
2.10828291
6.85152191
6.13671875
2.03710938
3.11846196
0.85692042
4.85937500
5.87935394
2.70658356
0.61629149
5.00012300
7.65860151
16.26642177
5.05608488
3.14287344
4.75447695
0.06905121
12.74975399
3.04126163
2.83327821
5.23410460
2.12890625
3.88106231
37.25903258
7.00447695
22.61917997
0.95939273
0.98665282
7.82986525
4.22066378
3.33593750
10.45568817
0.93835480
8.57148826
1.98710549
11.26773050
4.22836325
9.31941711
5.69921875
2.01867645
8.34465961
5.85160682
0.95402288
4.52343750
3.44953846
2.32434674
8.39139739
1.86282608
0.98503435
3.13627106
0.39522309
4.01601135
1.48091644
4.59123898
6.74173981
3.06197113
7.60188719
21.13020875
5.34590043
2.53259308
3.07617188
7.51908356
3.18404144
2.20438380
9.50293218
3.43164062
7.70332669
1.94209746
0.72571019
8.14933289
6.67968750
1.79589844
1.30350676
0.08955965
6.90234375
4.73700688
8.84457668
13.36706450
1.37609957
11.54972102
5.46939938
0.88712960
5.22701019
1.83032164
1.55444398
4.75345856
5.16796875
1.45853668
4.57466644
1.46431488
2.07700923
6.39283909
11.43493683
0.02514648
9.18750000
0.40006469
4.50333192
8.99194149
3.87239500
16.03066228
29.66015127
13.77485927
23.42611092
3.57621620
6.61673981
3.95552582
2.04873698
4.50123005
6.51562500
4.85725953
0.62316739
17.62992464
3.48030640
0.74023438
9.35449219
1.11621094
10.92533356
3.38130707
7.07377106
10.67089844
4.90209961
2.06070922
7.78348847
0.11596680
3.62304688
6.40495376
0.67634883
3.57084386
3.42431516
4.91943484
2.35201019
0.14465332
0.69986938
4.56473847
3.55305907
11.06608156
5.58984375
1.24694232
10.19348736
4.14798981
5.88822418
2.48140348
1.97322695
5.63415558
4.97656250
2.76277649
0.08579529
2.32873504
0.23645051
1.02604094
6.42846742
8.86372894
8.05768523
6.89286347
26.28552246
0.64627833
1.17960882
8.37231383
6.99833222
1.58482921
0.84774739
11.57377106
29.10546875
8.95658356
0.60432797
6.72937167
6.54341644
0.58500152
6.12109375
12.06250000
5.75000000
7.08857935
2.30009253
0.65035004
1.68509918
0.05107636
0.49582823
8.75447695
10.60310727
5.80269503
0.72965453
2.62874390
10.07812500
2.04732269
4.10457336
2.89058068
2.43453346
8.69124204
3.62150210
15.54162567
5.82018950
3.89990359
0.64961575
13.37666778
8.83797429
0.44462066
7.80513519
2.21004211
9.62589539
0.02571106
4.76948693
-0.26533653
3.44591756
5.38900155
17.87584136
8.85412567
9.02128269
4.19185394
6.17907715
17.09098017
0.90901983
0.39807098
11.17712433
0.01428986
3.73258422
2.72399933
10.64285351
2.58326130
21.02449524
0.11914094
0.48010223
9.22054078
4.12923094
0.40254793
3.16528258
4.67846742
5.20312500
0.59993438
6.48579677
15.16979139
12.35124778
6.20088653
2.87093140
9.81860040
4.14534796
2.21378601
1.21529144
9.40722656
10.13281250
1.05078125
18.02152372
2.41943484
0.41841644
1.09451989
9.31075354
6.62109375
8.89866357
13.86472295
5.03739472
7.10485840
1.30920379
12.30814606
3.07210328
10.43225067
6.03503325
1.75931793
1.50146609
7.02734375
1.37935394
4.93347075
5.42590425
3.80468750
8.85937500
19.20902372
0.39648562
2.17187500
3.34195922
2.14481660
16.36376953
0.85001275
1.73006538
0.50830078
9.95556516
2.29230566
13.78606161
6.53251440
0.52490234
2.49458832
5.87915039
2.20914672
15.15884752
3.23808455
1.65661652
3.80521637
2.07381040
1.92618960
9.32377106
0.84025086
5.93298338
1.64229776
3.20312500
9.92024158
6.38009197
6.21048981
1.69185394
12.89497894
2.90094263
1.44524877
6.11628276
34.08993240
1.27502659
6.11539672
31.83789062
7.03259308
8.00885063
9.82222504
5.91963653
3.36702515
2.67834442
1.54431183
4.08728058
2.39981993
1.41170351
0.85400391
3.25211298
9.94887548
5.21740692
11.13114472
3.27779144
8.17187500
3.07063221
12.29850842
7.53080231
0.33579280
3.16145999
1.63008699
20.85090760
7.11002990
3.46093750
2.39233025
2.75590370
8.09810394
3.33007812
0.14105162
2.54821808
6.90759308
5.97957336
2.23527039
0.84033203
0.07587127
1.95731660
0.93701172
2.25862423
4.39522495
2.06595856
3.52433289
7.99173981
7.62890625
1.75728363
1.67675781
1.25292969
10.46260528
0.56046570
5.57466644
0.12394226
1.75292969
7.81164115
7.79224069
15.00475732
2.25411292
2.40323914
19.30356842
1.89757896
1.85551307
2.51981660
10.19877106
0.15466309
3.55513519
5.63671875
3.17032026
2.54798204
8.07668330
3.29831670
4.51216644
8.31494016
1.56787234
6.16406250
0.18212891
5.69921875
10.01908356
8.51216644
0.82523060
0.68538951
4.75390625
7.85111481
2.50496399
0.95226770
0.10962226
1.79902981
2.77909519
14.23400599
10.22603612
2.59798187
2.17622894
2.75195312
1.24023438
4.09765625
1.82617188
7.12186614
0.89180574
12.19840204
0.24353308
1.40429688
4.55423981
1.89054383
1.66796875
18.59234265
0.76703235
18.17471853
12.04358377
0.92915863
8.94921875
2.01570617
1.69523133
2.48197418
5.98046875
3.51607269
0.35937500
2.76472961
0.52278500
6.38997562
0.60986328
4.60892731
5.55078125
0.02290863
6.89762297
16.20731660
6.94185394
16.82002777
4.27990692
5.95056183
11.61762523
2.66362477
9.67944149
1.53149601
0.10656738
1.09606934
1.21915586
7.57344636
12.56685394
0.96415129
1.63879488
2.50390625
1.42053192
6.52555297
0.50606355
5.09765625
0.79796751
7.12063630
1.62475648
10.70043883
2.24532136
4.20312500
0.41699219
1.45857602
11.63472628
1.91158051
2.32835855
6.04521719
3.37349457
3.73123615
4.75029033
4.66451019
4.17232269
1.79492188
10.74682617
0.63671875
2.23262481
9.11524213
7.28060062
1.95312500
3.22749225
5.25297650
0.79443359
11.09048441
4.81385305
1.29199219
7.39843750
0.55074066
1.75853807
9.77083998
1.36905945
3.47606799
4.72782690
1.38948858
5.91105164
8.76997894
0.14916992
4.09814266
13.24499667
10.33758534
8.60160107
3.35843902
9.18045989
14.14908937
15.20658356
1.64400238
0.91764281
3.06774933
0.76509613
1.87219083
5.21765292
4.44531250
0.84867340
10.78088099
3.43786901
3.09029144
16.26460661
11.55135195
0.86152732
3.59692819
7.07763547
3.62992464
2.41406250
8.79317044
0.65942570
13.89387190
6.32878435
0.52734375
1.41571958
13.54610261
1.12731965
0.80078125
11.68041805
0.84407718
20.73059188
8.41060394
2.34704621
9.15791778
4.67020722
9.74975399
3.77954288
0.19042969
5.20479278
1.80301972
0.12561035
3.76249114
1.42411347
10.26464187
5.27913453
4.72656250
0.63476562
10.04793274
17.51639739
4.08597684
1.82820866
2.36328125
7.97566711
0.53702820
2.82633422
5.21663453
4.12109375
15.50248095
0.71684369
2.53365082
7.91088431
4.49532386
5.27673952
7.48482269
8.87845856
6.71919769
8.07034686
3.49215314
4.87890625
2.87649048
4.29058288
2.26066101
5.35502106
3.04101562
0.45971680
2.68778099
7.25171210
4.31998781
11.66878172
3.47774324
3.03755707
12.27343750
3.44140625
11.18705231
5.51745809
0.60066773
4.81098209
2.69466810
2.94970579
1.28820894
6.20446808
1.93253601
3.10156250
5.71830231
7.06685394
4.43099363
3.53829011
3.23771055
1.53173953
2.43990082
8.10489805
1.09334414
0.98828125
12.04931516
0.21655398
0.82373047
6.21740692
6.32767731
1.02229859
3.26953125
2.26127106
3.78710938
2.31445312
1.63926945
7.37838984
1.40128601
8.85689301
5.54642731
1.64009613
0.28906250
0.02655029
7.97973633
11.38627106
0.63618988
0.40429688
0.13671875
0.00525284
0.08462493
8.69376861
6.29341644
7.73917664
0.46748809
0.28442445
1.48384613
3.85642350
1.78574689
1.17403230
6.05859375
1.17175200
2.38159242
0.52331574
0.98339844
1.10058594
8.85411570
2.99264516
2.84269226
2.72806793
15.97219921
2.48800587
9.93404144
0.39351410
5.64391623
2.53337045
4.39754211
3.75931793
0.96956422
11.34720856
2.62109375
3.86230469
1.27246094
0.27718016
3.01249407
4.81160461
6.68839539
0.15572082
3.55558289
1.76269531
7.56713431
2.21952737
10.45556516
14.94454011
2.06127992
7.09330231
2.81432514
3.02551861
10.49654144
8.22643700
5.25907690
0.65319855
7.55215869
6.41781139
4.15067597
3.82706726
2.56400543
6.71138519
3.24804688
11.21785461
3.25781250
3.41694029
9.47668550
2.96199025
1.82035869
3.09046855
5.27608433
0.65527344
5.07857269
7.48828125
13.46931073
3.13180407
17.66573028
5.99084442
1.63977144
2.67118223
2.63879488
7.41451019
3.56941711
0.11979187
9.69937103
7.55489043
8.06063386
5.77478058
7.53861481
9.50435394
5.80078125
2.36364528
5.65739140
2.68741634
8.31453679
3.93100815
2.68084884
3.20914672
3.60424867
11.37564938
6.69030917
2.96138519
1.83398438
9.01212555
0.27852387
0.26495299
11.54174867
2.20507812
11.06444814
1.58008311
6.51517731
0.55171723
10.95312500
0.75683594
1.03177887
2.71349070
3.28952016
0.87491883
7.81640625
8.27945922
0.71415254
3.01757812
9.05814606
3.42427582
2.12695312
0.19221984
1.14550781
2.61354542
2.71409130
3.55948914
10.59541778
9.42801972
2.01302000
2.72428468
0.40161133
1.40030821
12.47605927
5.76440492
6.81305076
2.59576240
5.02734375
5.53279477
0.16215183
6.33593750
0.35103301
13.54873449
2.80762965
16.95921543
10.58061945
10.73347961
10.99900392
1.73282525
4.96643284
3.12950632
8.77715235
0.19881195
0.39937254
5.29655031
4.75109708
7.45202792
0.88281250
0.75638700
5.94677859
1.04439301
1.74316406
0.36360656
0.94669617
7.99707031
2.36328125
0.36892389
1.10425116
3.50000000
7.07421875
0.00468063
6.47735927
7.04864139
8.72745789
4.00724180
11.79699800
0.51456726
13.04252106
0.04311127
4.63236481
2.56099457
9.47619349
0.08777136
0.63818359
5.98835993
5.23071476
1.55692597
3.03800476
3.18029754
3.45267731
3.74247285
8.40189606
1.31790919
0.53605413
0.75781250
2.56254059
1.78035461
3.41664931
4.61385195
1.95125305
0.39982117
5.10713653
4.76049867
0.28641754
2.07869321
6.15119446
5.16943484
0.50634766
4.26216644
4.10937500
8.30814606
10.02742243
5.53361148
0.76314425
13.55033356
9.74654144
1.94238281
6.67190936
2.42680463
6.64888519
2.15189606
2.82120789
11.70697446
2.00119569
12.30468750
0.69620789
2.52270446
3.61295656
12.34977172
4.88512966
0.85307042
3.71378601
3.25781250
0.59024619
2.62667276
0.08795166
7.32739258
0.13696289
0.32105312
6.48579677
15.16979139
12.35124778
6.20088653
2.87093140
9.81860040
4.14534796
2.21378601
1.21529144
9.40722656
10.13281250
1.05078125
18.02152372
2.41943484
0.41841644
1.09451989
9.31075354
6.62109375
8.89866357
8.39385748
7.25118012
6.66992188
4.04390348
11.09208222
3.15502992
11.10758422
5.69518950
1.63859070
1.14270113
6.86808289
1.45800781
5.07198028
5.09989472
3.83007812
9.51322418
19.94596188
0.48519046
2.13281250
3.18029754
11.07991578
0.91690665
3.15853280
0.35986328
10.68827239
1.79837295
3.83614915
13.49271388
4.35103612
14.37845856
2.06490082
7.62630219
2.50308954
14.11132314
3.46236923
1.39099152
1.40797383
2.94661624
1.83057014
8.53470856
0.94185394
7.96803242
1.25366772
2.96679688
8.36177084
6.37215647
5.26171875
2.28710938
12.98091644
3.64927361
1.34877326
5.83589068
35.27758976
1.60925698
6.08068817
31.53922485
6.96016511
5.71811295
10.61714691
6.55021055
4.23539339
1.48242188
10.28470856
3.10998504
1.77388519
3.55603058
2.14335051
1.24585023
0.58882660
1.91926876
10.65991398
5.30680297
2.31038453
0.86857117
3.30273438
7.33621787
11.05005319
3.80904144
0.43257380
3.53434452
1.35424867
21.49539452
7.28931403
4.25044769
2.48758568
10.13330452
2.22265625
3.43554688
0.33766444
2.35030308
7.20402039
1.44567902
4.24218750
3.88476562
4.52945922
0.53743531
0.99951172
0.56890433
3.28548592
2.48303192
11.66585328
1.79243988
13.06135860
1.98266788
5.74698914
0.34665924
9.08141623
7.12952127
13.35709220
2.11902260
2.20987976
26.81160461
3.32978779
1.85050975
5.07645722
5.50691711
5.78951019
6.21373671
4.65389849
9.43660461
6.47355164
5.06250000
8.92443817
0.23571808
3.09765625
3.39814717
2.04671764
2.71138519
6.31640625
2.87491634
0.08626531
4.73966305
2.40169437
13.60119349
9.90918218
0.39465114
1.72461187
4.57767731
1.69185394
11.26960993
6.99992132
13.18534021
1.88509281
5.92814273
9.41918883
3.25508699
1.32002715
1.55497285
1.88476562
8.71170989
1.39655807
4.10657579
0.57470703
5.91796875
5.55769836
0.02433289
6.13419493
16.86100343
7.34810394
17.10420746
2.61718750
4.80725067
0.86511262
0.12369781
3.34712738
1.56697446
7.12768617
12.76049867
0.82344512
1.93086824
2.93554688
1.86246703
6.51338653
0.78873781
0.64107269
1.01163633
7.57101440
1.71932070
11.20646055
12.53572695
3.65234375
3.84223460
3.19487477
3.58939606
4.08767897
4.56572251
5.10412567
1.19852754
3.47505707
2.26953125
10.81351715
1.12642426
0.47265532
5.85349717
6.77478058
1.54394531
2.01467469
4.32394835
0.71484375
6.84712115
4.40141400
1.09720856
8.31595856
0.40445984
1.41954912
9.99215314
1.24015320
2.49287497
4.51497562
1.16902898
4.92712433
6.27298981
0.18257660
4.94657223
13.85001773
8.88748117
2.05347739
8.90069283
3.45996094
9.24462766
13.89205050
12.84720856
1.38911957
0.75309203
1.73128297
0.21923828
1.28633325
3.48759253
0.55664062
1.91796875
5.82767731
1.14595551
11.56457115
3.45646553
6.92378629
3.46826296
2.28906250
9.06392177
0.49857823
13.00772385
6.08167220
0.74947113
1.09123624
6.94197695
5.83247894
0.13732910
3.34179688
7.30200133
4.56909242
0.16320801
13.48071227
1.03153535
10.46260528
0.83129945
13.24731383
2.20117188
2.23510804
10.70479278
4.40458222
9.89127438
3.53841312
0.11621094
6.04809508
1.42749086
0.08349609
5.93001219
0.97676668
9.13225981
6.11730394
10.42224401
2.78169769
6.38671875
0.59179688
1.10449219
1.29308926
1.12194980
3.84570312
3.90820312
11.01513298
1.01957557
2.21724457
5.46768728
6.99243600
5.82746399
7.24698914
7.58548981
7.07421875
6.75247452
3.41984818
5.11328125
2.38365110
3.40789339
2.37890625
5.16015625
2.50826019
0.41992188
4.50083923
3.09303191
4.41418550
11.24704924
4.00313386
4.08984375
2.36328125
0.52738434
5.45902372
0.98673648
6.68314606
4.40596434
0.42333984
6.22041978
2.20700188
2.65523161
0.58239777
7.11731050
1.95650238
2.85546875
7.37500000
6.42578125
4.98495252
2.90592531
2.41784575
1.77205507
2.65234375
7.65356383
1.11206117
1.06685394
12.29329344
0.13456301
0.88623047
7.50211547
2.79341644
2.33878601
2.98677582
0.02639771
1.44246399
3.46769226
1.91315216
6.35308288
1.46130402
8.69388824
6.23828125
1.60201019
0.27978516
0.03433228
8.14648438
12.02689606
0.60888672
0.51855469
0.20043945
-0.00440841
0.10016273
7.70808029
6.59375000
7.82076019
0.43330840
0.22306398
1.61621094
2.63764850
4.29503990
1.35743184
5.64497894
0.90079649
2.08321199
0.82507355
1.15429688
1.17329926
9.56855857
1.44413674
1.80716949
4.03035461
16.05602248
2.91443650
0.79821808
6.49218750
0.46704102
5.84525045
3.75151041
4.08357602
8.21630984
1.28515625
10.62243683
2.95312500
4.43402100
1.27388519
0.28183866
2.98172885
4.22265625
6.59810394
0.20601379
4.18794769
1.69380707
7.95340537
2.58671487
11.29137966
13.36564273
3.18131593
3.50240082
2.65534963
2.61178080
9.74218750
8.39505763
5.31844304
0.71907594
7.49632979
5.87163009
4.11987367
3.94531250
2.54101562
6.58638519
3.76953125
11.08158356
3.40865082
3.76687466
4.84757743
1.34957003
1.22676668
5.74654144
6.59330231
17.48697252
3.81771498
18.54508422
5.63838653
1.93416445
3.65018707
9.01562500
3.43013519
1.09090149
1.92895383
2.52535128
7.29341644
4.43660461
0.15743012
15.67843324
2.38728056
8.08280426
2.00598238
3.54687500
4.47176086
3.08870235
1.41414616
6.68359375
0.69921875
11.51127106
3.74129211
3.45251496
3.03133117
2.95658356
0.82263215
8.13627106
7.76997894
0.55236785
0.82214387
2.62695312
6.34720856
7.23437500
4.31294769
0.22652160
2.06061247
1.91269503
1.29589844
12.60847961
9.73527039
1.28238891
1.36071808
0.02898163
0.91332883
11.85935198
5.42187500
10.21564052
1.97877659
4.73091644
5.66247341
0.21932195
7.88576907
2.68320035
16.16298981
10.84559507
5.57255097
8.47778351
0.62296570
11.24552305
5.45657359
4.18266899
0.32246918
0.34507139
5.01965425
3.72493407
7.67590425
0.81298828
0.46728453
4.56909242
0.93359375
1.27148438
0.35970031
1.14445008
8.91015625
8.15625000
0.47324241
1.41500221
3.45703125
7.01171875
0.00526047
6.45974181
3.96286063
8.44531748
12.02254211
0.45650238
10.84029144
0.20585113
8.74218750
1.57466644
9.73579677
0.08695714
0.38208008
6.62003352
4.92557956
1.40022828
3.18164062
3.57242797
3.09118683
4.60636414
1.13708029
1.52014627
0.59086090
1.65925027
2.68718528
4.41947418
1.18509918
3.15123474
4.26696808
2.06339539
0.37304688
3.78487090
3.90848847
0.28344727
1.62499813
6.10865389
5.08471742
0.44897461
4.91015625
3.17818207
10.89754211
11.67162899
4.33707890
3.46244293
5.97265625
1.59517426
3.05349679
1.16285239
5.33247894
3.53275543
4.45357269
13.44553608
1.78367076
14.95747894
0.84265168
3.63012633
4.03047761
12.33850067
4.42687833
0.64432956
4.03951019
3.11718750
0.50097345
0.72632147
0.05834961
8.10087066
0.18648285
0.35576136
