0.01127106
1.34248560
5.70438940
1.64107269
14.59285461
1.41353363
1.32661957
6.49629544
5.37479831
4.69681793
8.03523493
5.51900487
8.76127106
2.14347351
3.54732269
13.87373560
4.89099401
2.36763519
6.37890625
0.12703461
16.79743573
7.10100177
9.83068817
0.24723328
14.93326408
4.58785128
1.59900183
6.17578125
2.41255707
13.25142177
6.38484929
3.69217864
6.85860261
4.84720856
2.65519226
10.04666335
1.97091478
14.98632812
8.63012633
12.03470856
3.23946199
8.23693817
17.50000000
11.61962112
4.55009751
17.52799313
2.90214206
7.85326962
20.36116578
12.25284353
3.61670545
15.83368906
4.21709219
1.85937500
27.53120817
19.59571256
11.63788507
7.47355164
9.30440713
17.45747894
5.95178192
3.51920656
10.42968750
12.33813165
7.59546210
20.14668108
2.84310560
11.18058289
9.92777372
0.98877078
6.06533356
1.60263519
3.98482269
2.62801086
9.76390293
2.58029476
8.69550422
8.00215979
7.09485704
10.23067044
1.44458195
2.68013519
10.09159021
0.34839179
14.55957031
1.93164062
8.76562500
2.95064052
5.14355718
1.90384918
4.98002106
4.09073914
1.90917969
7.16096299
6.46358931
11.65600399
2.02999058
16.57633422
11.92622894
3.08439148
8.37194482
4.99133643
4.01562500
9.10143950
6.87902925
18.41808179
0.49349872
2.47851562
9.37015404
1.82080452
17.90482574
5.01216644
14.66406250
7.23046875
15.47276929
3.93168993
10.58491911
9.31185062
12.23258422
3.62679078
7.25056322
5.21899601
8.00317819
4.33292664
15.42175200
7.12422761
21.50870789
1.34703873
10.43323470
0.96879059
4.04960051
0.08052644
2.69185394
10.80015626
9.04269835
7.90714539
15.16999557
3.36906693
2.25146484
0.93265777
3.74849457
9.29252106
2.97460938
2.02644836
16.25386193
3.47750221
4.76216644
9.89062500
0.22595215
13.13838403
6.33382203
2.40828679
13.31774933
16.24564606
6.58638519
16.24218750
7.68660461
14.45133422
15.22196504
4.57332336
9.39587433
1.17285156
2.79296875
10.46388410
8.93455340
5.69921875
2.23783356
1.16743988
13.83092421
3.69206560
16.93265404
5.63977393
10.33337433
6.37198914
4.83203125
9.86335993
2.94087987
1.69673676
9.73783356
10.03644504
8.40886746
16.88667443
8.53625831
14.77868683
11.75948028
0.70296265
1.17134613
11.22912567
16.46341700
2.06482214
15.86629211
1.75720246
5.31761636
14.38822916
8.02417553
8.26973480
8.87342834
4.17187500
18.29137966
12.22770390
15.72131317
2.80843140
6.51472961
2.13537567
2.00569703
13.04011525
6.53532358
3.53979554
6.03470856
1.15226258
13.65709110
3.20964871
14.59838431
6.30440713
9.43049424
5.33468306
6.17142731
2.96634918
2.12438996
8.36539672
2.69319703
13.89908688
6.77278812
14.07966977
0.36163112
1.21879432
10.17354278
1.77665254
14.85351064
7.22298094
6.91524822
7.40490692
2.04085328
13.86002438
11.35347628
2.52478058
0.46915649
0.01550324
0.86226410
16.91406250
15.02118220
4.51962987
16.45294770
4.94158355
2.01607269
3.54101562
0.00562286
1.05078125
5.34553081
2.46501606
1.90527344
10.36571643
12.18555311
2.06054688
10.58158356
7.10201019
1.50781250
8.49564606
0.05629486
1.83300781
17.81327239
9.71918773
2.16871176
1.29101562
6.85782026
5.69373337
9.30391511
7.69877106
5.83203125
10.62500000
7.59183622
2.75044769
8.71386470
4.03218971
11.80021055
7.92199800
2.57076019
11.18225067
0.12915070
1.00781250
4.02005264
8.02442154
8.67533356
10.86197252
1.81380873
13.25435394
4.09810394
14.42329677
6.43607823
7.12455231
1.05025238
4.55838210
4.87687943
4.01281583
2.62089206
11.73091644
7.57031250
6.71919769
2.76997894
13.21764420
3.14372451
6.32466644
11.76562500
11.23937833
7.72155917
11.26207780
6.65499556
2.11027039
18.13476064
2.99816490
11.29196032
1.58398438
13.00833888
0.96183538
13.66292110
2.42301640
12.40726341
5.25569703
2.02409186
3.45402039
10.89729610
2.14176640
12.82942376
6.02559729
2.30273438
5.67622894
2.73978668
6.51953125
4.30553358
8.55925310
15.15005794
2.72469304
4.83076685
11.04743573
6.80449578
9.42175200
7.38895722
5.63806183
5.47566711
2.32255097
8.57377106
2.50585938
21.16556295
9.15865580
2.36763519
16.80891844
15.12296321
10.98730718
12.25345856
19.92456117
3.73632812
4.13281250
5.18013519
0.78959137
4.30122894
15.51008533
6.41134197
3.95357269
9.75691711
11.99693391
1.98019835
12.05394947
6.27808178
14.20017288
14.16704897
11.99471631
3.95882203
0.07975250
0.01585388
5.59765625
13.39961076
6.98887801
5.42866911
3.38969027
3.91406250
24.66999817
3.65148770
3.92903812
8.30468750
12.98669216
4.48205784
0.15820312
2.68241363
9.61873227
10.90380984
5.30603058
11.20825133
2.28002992
1.81648742
4.00826019
14.97070312
7.67187500
5.73872894
0.01181793
1.42285156
23.21093750
14.70987478
3.12801584
17.98152399
11.34232823
3.00329621
14.76769490
18.51457225
1.58736176
8.86283356
3.37365692
4.35335328
1.91894531
5.84875333
0.35241855
0.85644531
8.18521720
6.16129765
5.97835328
4.96630984
1.72692902
1.83833832
13.60175422
8.90170434
1.27583832
11.67975621
2.52487422
5.00781250
9.77856383
14.63985261
6.08158356
16.52315215
2.09448304
2.92314106
12.57015514
14.59895462
2.55078125
19.86869293
17.37320922
2.46272828
1.87109375
7.18794769
11.60156250
9.81250000
6.77298981
16.11962766
0.64400363
4.23046875
5.16947418
9.75000000
11.30122894
1.06400543
9.28141235
8.59208222
2.79447418
2.55904144
16.52559231
1.94075687
9.14228779
3.07886303
19.14753962
14.95499882
3.18042054
2.26517731
7.63627106
0.91641775
2.98153147
10.98091644
1.75781250
9.08813165
7.65059729
5.00345856
13.17956450
14.31630763
11.26046431
8.83395500
17.45670158
7.70235261
3.15930518
8.39318817
2.77042664
7.77779144
0.33959961
8.78816711
8.22900266
2.74259585
15.04369681
4.46163120
2.67391179
8.54687500
7.84330231
2.30362976
2.13387024
0.21171082
9.47220856
3.22851562
19.99791889
8.89135804
3.69515514
8.63948360
2.11006870
6.91060394
7.86831893
1.36214982
3.16796875
7.83158356
18.84842053
-0.07913343
3.34288398
8.03695700
1.65088015
1.80468750
16.33226729
4.15556626
3.58984375
3.99804688
22.26269531
2.95267731
3.08052582
9.61718750
13.54024361
1.52128269
9.46674757
5.20122118
6.01953125
14.10835661
10.65096132
6.31868407
6.61596742
2.06624390
1.64843750
2.36082364
0.74366854
7.19486481
4.97325632
12.53260305
3.53560394
24.84122244
5.22762522
6.01908356
12.83837766
5.99621675
9.65279144
2.96378601
23.30415863
1.93546072
2.62410959
8.40535461
5.35111481
5.87634308
6.08353668
9.87935394
8.68314606
4.35591644
6.72733489
6.67846742
2.35786957
13.32388908
3.38692542
10.37858156
3.03531860
3.56083222
1.90722656
14.52485927
3.61453569
4.16529255
7.91361481
0.05978394
4.82857269
2.73423704
3.19996675
5.15234375
4.62589539
8.77343750
4.19185394
7.38671875
2.14257812
1.04785156
5.74718086
5.25973625
4.65714539
8.66573028
21.10921265
7.39453125
7.00301086
10.90844415
1.12467780
3.97656250
5.79503990
13.23014406
6.34110815
2.36267121
4.95690825
15.65592531
12.23872894
6.64965758
2.29716035
5.21097435
12.44234596
2.33833832
13.61539672
13.81872278
1.06368323
2.02343750
12.62023895
3.47355164
12.68806135
12.78967752
2.09770057
2.56099457
7.60156250
2.59826255
3.62248116
7.94999114
20.71988704
7.02636968
5.97534242
12.36234154
0.84521858
2.65669769
14.85159686
4.12536403
6.53536790
6.85201019
9.34029144
0.04897064
20.27254211
11.28169769
10.65039062
8.09029144
3.89062500
11.23514739
4.71600954
0.65581726
3.84419769
10.19531250
7.61238586
8.28214539
0.01950073
8.32377106
0.73535156
2.31294769
23.01127106
2.41641650
2.21541943
11.76997894
2.18029754
5.34676086
0.75565644
13.50315825
10.48467530
0.94234223
13.85277261
5.57422872
8.50691711
4.13882924
3.62842420
9.66471188
3.91687167
1.02779144
8.81457115
2.32365303
8.94160794
2.23673648
4.91975953
11.39171211
5.61129875
2.07120789
8.94608489
19.63476531
11.94543550
2.49853391
0.19698214
3.61172651
1.13782579
6.54296875
1.47505707
10.23311060
5.80595190
13.93220634
14.57080452
17.51562500
0.28556336
17.81892509
13.26611702
29.89834885
5.51616134
11.13235982
10.00639323
5.56384308
5.23392731
6.20918108
0.55127576
5.91239472
12.13012633
3.12227449
25.93602830
9.25566267
5.91841644
3.94580078
10.45658356
2.54687500
13.45568817
-0.00943969
4.56986481
10.47894837
15.82289008
12.67370566
3.14164339
16.13326019
15.70222961
7.18354943
17.17212101
4.00154477
3.71354499
2.91406250
11.01037567
4.85290558
5.89562833
19.22667554
10.06975177
11.91581394
3.28380818
0.79529338
10.69877106
1.13671875
11.86567709
0.80619791
4.58203125
17.08894836
3.27087433
2.49804688
9.51044438
1.82549312
1.30228668
11.97578513
7.77572030
10.44185394
13.69531250
1.59029144
11.73913232
3.83463874
9.76464096
12.50098404
4.75736481
1.38077820
8.84375000
13.79697807
5.15224068
1.70658356
4.96875000
0.00938416
1.00923676
23.09415275
11.43200466
6.45211408
2.95312500
12.36795989
5.71317597
2.38175476
14.68981716
3.19885472
1.14257812
12.63463390
3.35413563
12.12380431
2.72340425
19.92142731
8.82128657
2.40617132
5.39802915
3.76363253
15.36038343
4.61662677
5.19486481
20.74759420
4.93075022
5.72009308
1.11132812
3.06490082
18.62402344
21.68387443
15.31946143
5.53548094
6.23148714
10.33927305
4.97111148
5.92142731
28.00630209
6.43510416
8.48746080
9.77775709
5.34855164
1.69185394
0.56498199
2.13326019
20.49027122
4.16890846
15.97281704
12.98372562
10.01306183
1.13041168
9.94954344
16.11263062
5.33728058
7.09138852
9.09265292
7.17968750
14.26451796
3.44418107
3.58231660
11.48437500
13.23258422
5.26005097
17.11885528
5.37555575
8.47930296
5.07421875
6.79393285
0.11809535
6.02456893
11.70154587
2.39648438
10.71532580
6.23824689
7.28125000
6.80619293
4.49263519
6.79207336
17.46533079
21.27294548
13.11178080
18.02254211
0.26062043
17.81892509
13.26611702
29.89834885
5.51616134
4.74840841
3.91093113
4.21956671
12.96004211
3.17321808
11.91413370
7.62545766
9.64754211
2.29386414
13.87564938
31.37759752
9.63904587
6.88069703
1.59517426
0.95943207
1.93021637
6.42842310
2.74528202
8.25793550
7.98002106
2.63370789
1.02929688
6.91617299
13.42472850
14.09171321
3.29455784
10.10245789
25.28035461
3.30558289
1.92622894
7.67995790
2.16725066
1.29101562
11.97578513
13.19023049
7.10473072
9.31132424
4.65816378
8.54687500
5.63326019
5.40197474
2.63664007
22.15429688
14.74575909
10.44763962
7.02018063
1.35815741
11.27689606
20.69022053
6.88053967
7.44307403
16.41301452
9.53112700
13.73718417
8.16519393
10.29871384
3.67232269
9.96093750
5.20267731
1.66105164
18.09765625
12.34378436
9.32027814
3.53336547
7.94665558
2.49295989
1.54512605
15.22566711
11.89517066
1.79473016
14.33939606
8.18314606
9.25691711
3.39286347
14.71085602
2.20792664
10.39297651
3.79407579
1.51997894
13.49399270
4.00555961
8.87845856
6.57031250
7.62980164
11.56716867
5.54566489
11.61860927
1.03959386
3.36763519
11.01724596
14.87252424
0.13635285
2.14453125
13.38671875
3.11914062
9.66650266
2.82328402
0.47481293
10.06139296
8.50456560
0.22347016
13.24039672
5.50915558
17.33931364
3.06005984
10.14062500
3.64062002
3.83008311
4.75091978
2.70566378
7.22521942
4.19710328
10.46004211
19.31396484
4.87365692
7.00666113
5.63620234
0.83496094
6.35644282
0.73144780
5.03857048
0.75342171
5.41406250
1.89746094
5.98758256
12.57642287
8.59712738
2.01367188
12.00064938
5.97937167
2.85111481
1.80753601
9.84541778
20.76009000
1.65124667
10.65625000
3.98058677
2.84798592
8.86193817
0.14233430
10.46251663
2.31242630
7.99189717
2.90804576
4.42622894
4.27734375
21.80846950
0.09025273
4.03951019
5.28951019
10.68314606
8.28804411
0.45703250
19.22602616
3.43022384
12.52587766
11.89074800
2.80798371
9.71683622
21.39013610
1.87569370
10.23258422
0.25911500
6.40881317
2.21228058
9.28804411
24.15250765
10.72712323
4.49854388
8.36539672
15.25244016
3.02563663
7.03682403
20.22891681
6.50733045
10.80033356
13.07527057
3.18311170
10.23246122
12.52087433
6.88684175
0.48872894
0.79959926
5.26888187
2.75227782
9.48539339
13.38627106
4.08203125
1.59224457
17.14147300
3.26310616
5.73783356
12.21529144
13.96361869
4.12817819
20.27982325
8.31543218
3.27974457
11.32377106
2.00390625
12.50935727
15.32043550
0.02093568
1.81564694
12.24248780
6.82523714
7.76171875
5.09028148
5.78907247
7.87845856
0.04187012
5.94526818
8.25830452
2.57181793
1.64009613
7.41947418
10.83247894
17.10502106
0.24532074
15.51658910
17.69450576
7.80798869
10.73258422
2.97640015
10.14497894
12.38964844
2.25496399
3.66662567
3.04280640
3.71936004
8.62679078
0.77294922
14.54984154
0.35494362
5.72074247
0.85005832
1.85111481
16.76383422
17.14245014
22.53165835
0.68753436
11.50419658
4.06998781
15.05751525
7.35416002
8.63188275
2.05130264
5.23458665
11.42956450
5.25057070
0.64550781
11.47619349
2.00683843
7.41300476
15.10156250
5.41451019
0.02906906
0.23624695
16.61783688
6.82421875
9.76692874
16.20458112
2.64112200
12.42968750
2.70898438
3.84647551
2.98360261
1.48242188
14.91992188
20.44083555
7.11340425
7.52851951
7.03743905
1.70011414
4.63928192
0.97013367
2.41992188
13.53421654
4.49703346
10.03669105
7.85047539
18.40970856
1.98132231
14.38204011
4.72355164
1.37935394
10.94685727
10.36897828
0.10884707
1.88769531
14.75157913
6.29875443
1.40136719
13.07633422
8.42187500
3.14091035
0.77660821
2.77514960
1.25781250
11.45072418
10.42187500
9.22887966
2.36922429
0.98783356
6.83748227
5.48795656
20.17997285
4.63191711
10.07991578
5.04854278
6.23213653
11.04064163
7.90479388
4.50435394
8.72672516
7.19176779
5.62996897
5.35351562
9.21084885
2.51986404
6.67097961
3.76411957
17.44335938
5.28080231
12.52254211
10.81309509
11.31999778
8.07734265
7.06434507
9.48814828
3.40641235
6.71062278
1.63114472
10.57966977
4.80916445
3.53127937
1.49199578
5.35546875
14.80228232
9.01534463
8.39497894
5.14746094
2.42533356
12.83760528
14.68305741
10.42313940
14.66544991
1.02701906
6.57076019
13.53755707
2.55619293
10.85591644
6.58190825
2.37858156
1.72408051
11.79854278
2.08609237
4.35725953
6.93148576
13.93904477
2.98872894
4.10693484
6.19531250
0.54634613
4.27600067
2.51155640
17.09984043
2.04290004
5.99084442
2.15743074
0.96386719
18.62109375
20.32027067
12.08650820
10.82364805
0.39851992
12.27343750
5.50435394
6.69531250
0.82478820
2.05558289
1.85697418
12.12731466
8.58309397
4.56595856
15.83691406
9.36283356
21.44339872
3.98673648
8.46093750
1.79048676
12.67533356
2.52539062
5.19640958
7.38908023
0.79097504
11.65625000
7.23437500
2.32661957
5.05089429
1.47990802
18.17187500
4.34419769
6.82351508
6.87916223
2.78755707
13.60508977
10.76209773
11.65177305
5.77132203
2.15112367
1.16406250
7.21169992
11.44756094
1.88085938
12.05769338
3.27328014
11.57519282
10.44555851
20.91381898
13.82954677
8.91264073
1.48115996
4.68973847
11.85351562
5.57377106
2.45914672
15.53004102
2.00529864
9.59375000
5.98091644
16.30944482
3.45227393
3.93554688
7.42187500
16.93359375
4.69921875
4.58972075
17.44083555
6.50459995
3.49023438
2.15083832
20.41826894
4.68119791
1.32954926
10.22810229
5.14900820
2.16736369
5.80904144
4.69140625
12.74926197
1.30302471
10.36348294
9.58919437
9.23604340
6.87500000
6.34419769
1.84863281
7.10111481
15.78307514
4.40487256
3.54687500
9.63899158
4.95821697
12.27408688
9.93883312
4.65426750
5.92361149
9.74826351
15.60273826
5.45150155
3.75301086
4.94396942
7.20743462
11.13765846
1.31351590
2.76709109
1.86104278
19.02025931
3.18095190
6.31063054
1.82022884
14.77522828
5.31709995
1.98535156
7.18705231
8.46093750
3.41568595
2.77917885
7.82677195
6.32646719
3.89786680
4.52746675
4.13236481
5.21581782
8.78417221
5.66773271
1.55973515
3.63822418
2.88210633
16.20818262
1.24218999
7.37091645
4.63209441
13.21793329
6.03686835
2.67187500
8.74373227
3.79292941
10.59810394
8.13724513
1.43599706
10.44095856
6.95377438
9.48372562
1.39656555
24.69750665
15.52995124
18.67166335
3.37130540
7.29329344
7.92329677
7.71745124
13.63704344
2.70430574
0.72554535
11.24864695
7.76697805
2.54447418
12.54687500
7.39754211
5.80993683
7.42142731
5.12109375
14.14590869
1.74577404
4.23437500
7.93660461
5.73555076
2.14351784
1.89074800
19.35539648
2.94832834
6.27734375
3.98355829
17.45263298
4.01343085
4.50171210
19.49771720
14.86934729
7.03361148
1.11921931
7.39009862
10.79199219
2.19291168
8.93058289
4.47220856
1.71484375
16.17871094
20.94673427
7.67090093
5.78125000
4.72387633
3.25720246
8.09236259
13.86243018
1.72428468
0.00342560
1.85167694
5.07767731
3.96142454
11.07043550
8.45056183
15.90404256
5.91121897
12.59118683
9.16406250
5.76037567
2.23181183
1.64790863
6.58821033
9.33126385
6.73482269
1.98925781
10.14562833
14.11910128
6.43611259
3.33040780
0.32373047
10.86795989
2.49719083
0.56307195
0.45800781
6.93074524
4.19576019
8.66841644
2.81250000
2.90726341
3.14506261
8.74755984
12.93058289
12.85774158
6.00553967
1.89746094
10.28254876
1.39571448
5.28401485
3.44645390
10.28857048
4.39144171
9.89856050
4.23392731
10.35184287
1.07926889
0.18847656
2.68119293
2.62890625
10.03125000
1.08833832
9.93534021
6.90197474
1.58260693
2.86926270
3.19441711
8.82519282
3.38094304
7.78214539
11.01748449
3.17957446
0.64270362
15.70840869
12.85050975
3.79805574
18.28365082
15.44355608
1.82402205
1.10449219
9.59375000
10.84048316
1.86459496
8.30033356
17.35937500
4.33927305
1.51770113
6.56029588
10.69706892
2.84118683
2.03710938
11.88651457
2.05196199
13.07108489
8.43570922
0.42484652
12.05618795
8.17391179
20.06172761
8.50024601
2.09855164
9.84863032
4.29788841
2.05465314
21.54337461
0.82926515
8.97912567
2.74442597
10.32275266
4.23929964
6.34419769
3.22843196
6.32454344
6.07633422
0.97811225
1.62162262
15.37409963
11.84855662
2.60396332
10.40510860
10.10270390
10.32722961
0.17622894
3.58661625
0.34795406
17.71138519
5.25000000
13.93981716
0.27258519
5.92142731
3.70507812
4.33247894
8.04332780
1.22282607
2.46419281
12.63281250
3.51171875
12.91727505
10.37166445
7.83410738
9.99564606
2.47867797
3.48767121
10.26216644
5.60546875
7.90221078
3.24276817
8.02343750
1.36157164
1.28588929
8.22318263
12.16744237
12.20489584
2.79075021
6.08335440
4.12021830
3.03710938
13.52412871
5.89978058
4.49039672
4.67846742
4.93314606
3.22656250
9.41841644
0.60096455
2.24984264
7.66406250
1.03222656
13.84077350
13.60437167
8.32784463
2.78169769
10.65100067
3.85233489
6.76228945
0.90327318
6.43746564
12.83850067
2.08382203
16.30399380
4.71508976
12.35233239
5.11499335
13.53669604
10.84013408
14.31522053
2.80103224
3.73881012
3.33398438
7.39843750
2.33638519
5.92700133
3.66239472
7.85546875
20.16406250
5.86616911
2.77250277
26.15657469
11.89611910
15.47265625
3.16361481
11.13716644
5.24218750
5.65234375
15.73926987
7.43746564
2.34659851
1.12890625
14.07800200
5.59387300
3.40039062
7.57377106
3.08247894
15.98978668
9.69095856
21.29341644
13.11706450
4.68762300
3.74849457
16.80898529
3.29447418
10.48258422
2.23510804
12.58068817
6.85749557
7.04305740
13.47517509
12.92406915
0.79484818
11.25691711
1.64685090
2.69140625
9.89216977
14.36128878
6.85457336
9.48181183
20.24475067
6.02478058
14.19945978
13.64188940
8.97041778
2.72835328
5.61510639
0.21928510
7.53080231
3.73588043
1.68546570
10.01562500
9.24910461
8.96529144
1.32173676
11.45019282
4.00703513
7.39583998
7.58939606
1.64152039
13.42312591
15.95178192
5.98449302
3.10217752
8.95658356
11.38154810
7.44824468
3.08036347
7.73091644
10.34375000
0.01882034
5.77734375
5.67879211
3.00720246
18.52822917
8.09322362
4.84806959
4.03438386
9.99129211
3.27237976
0.92822266
12.59850732
11.03446255
0.91878795
15.90625000
3.10892731
9.56327239
8.58683289
6.70536347
6.41406250
8.52689606
13.99068207
6.40234375
6.78951019
13.11014739
11.80456450
9.72412234
11.76124023
7.46850399
3.26945257
3.54620019
3.45422706
18.63281250
20.19441649
2.90787843
1.71582031
17.97611481
11.80379211
13.42354278
10.48783356
3.33606050
8.34248560
2.80595190
1.42800851
1.71212821
4.59765625
7.84350399
9.63651706
15.97977505
10.01338653
6.44209995
5.62410461
18.09631317
9.05175532
0.43607948
6.43660461
2.77103668
3.99832226
8.40837544
9.16316711
8.42712433
8.45312500
10.48681516
7.29744570
15.02343750
17.65921654
6.80960218
13.45818262
11.59631317
3.85876247
4.89570701
2.37012466
3.75541168
9.01306183
12.12666778
1.56917359
13.79715537
12.86690713
9.75064938
15.67468417
5.98872894
7.28519061
6.87105939
13.72619349
4.43396276
4.18359375
2.81595856
20.06115692
5.22355164
6.17097961
4.06473847
4.06709372
4.24283688
2.08171154
12.33146055
3.09476839
3.94726562
12.79459220
13.68595523
0.77974706
2.81294769
19.26806516
12.44454011
3.05212433
2.83805297
9.42552527
9.35751551
24.04764739
3.29699800
3.36523438
9.83927305
8.43626995
5.23528036
10.30944482
1.30473182
0.99620866
4.62500000
9.28125000
12.31163897
20.35730385
10.22603612
1.53169769
5.28727172
10.49465711
4.49019503
5.99609375
17.71830231
2.40279144
4.84541778
3.17020722
8.36283356
8.49734819
18.27766844
12.86397495
5.95776928
6.14318817
12.97375333
5.75984929
12.08325133
4.15067597
3.36177582
9.34452239
6.54446920
4.55241467
6.43472518
3.14445755
14.91060394
1.08150238
11.68635860
11.06319370
2.87890625
6.52119903
16.75614472
8.57377106
3.84269226
5.91702904
7.39937721
4.70267731
14.55379211
10.28649933
11.28450126
7.11031471
8.19962212
4.57381538
18.01562500
15.45802085
5.78649933
7.03125000
7.76985594
18.88219748
3.95386303
0.28983551
6.51985594
0.58947847
11.22823028
10.94074690
2.97555407
9.89994293
5.07421875
6.18794769
4.43570922
11.66316711
9.13000333
6.77457890
7.97265625
0.62691254
0.31620270
8.55273438
3.99564606
3.90279144
9.32466644
6.94465315
2.47482103
9.59810394
9.60249225
18.49715647
10.88037234
6.33011747
16.77615803
6.90890181
1.72867797
3.38114472
6.74527704
7.41052526
6.94034851
4.94095856
4.76134974
7.92570257
6.59419769
6.00000000
5.70507812
16.10066711
4.41752106
1.69612672
4.36474609
7.76562500
3.46289062
22.73046875
10.80012190
4.38302415
16.38976397
4.60588209
4.16495789
15.99706782
7.58105718
16.05814606
3.92728668
8.77779144
2.81685394
6.34415337
3.50757147
11.54597961
0.24560609
2.71484375
10.85774158
8.58907635
2.54838043
5.58024047
7.33862367
1.51855469
7.52331450
22.55021055
11.28714872
4.00260749
6.72423538
6.06873337
2.65625000
5.36840758
7.84403535
8.70312500
3.49369293
7.92232269
7.15010528
18.49295490
11.80005319
2.28311946
3.55697030
9.41641900
21.09574745
5.13867188
9.24987700
15.24865193
9.70654920
19.88946366
4.99155806
13.16149933
3.76997894
8.89318817
11.48347961
1.84163453
6.43750000
11.71484375
18.15625000
1.99849457
24.04967421
6.19987810
14.03044647
2.57323751
4.48462101
2.95499944
9.67187500
4.59765625
7.29732269
0.04276520
17.77257647
4.52039228
1.37056488
8.40208777
14.41952349
5.04948249
19.83902953
12.48937833
1.41972019
9.55558289
0.02949005
8.22554411
12.41853945
11.11568207
7.27538564
5.69336436
5.90625000
6.18090758
1.75145363
4.63652703
0.48828125
5.90714539
1.92435699
5.49173981
17.25984431
7.40617132
2.40714539
5.40010528
7.37259420
9.67320812
0.87245179
9.94352172
2.29235871
8.72310394
2.42923981
1.27388519
15.69877106
19.76871454
8.85693484
4.82356937
9.19877106
12.46875000
9.46964539
10.20196366
2.05930739
4.10412567
3.11116578
7.42879211
8.43750000
2.12977527
8.00509197
0.83679230
1.69238281
12.89066559
3.81839872
7.98628878
10.38346188
0.09428074
2.33463396
6.80900709
6.76436371
4.02343750
2.39843750
2.65429688
17.17187500
9.93736625
4.35539007
2.10542941
0.31982422
4.05033356
5.30423981
2.30037134
9.94311835
1.19087738
11.13948360
3.55615359
8.69303468
8.31250000
1.69482048
7.63330452
2.29882812
7.81481716
3.73551640
0.35493988
11.38247784
16.69279864
6.00276485
3.25984929
7.10066711
1.99698914
11.01293883
13.94938172
22.75645945
3.71408133
5.80468750
9.41116468
2.75830950
8.94531250
10.31506317
3.07617188
3.68485317
8.46207890
1.05423981
3.46663453
20.25630582
11.53906250
1.32133089
18.50976064
1.26758311
8.09375000
6.97179522
14.59887633
11.21118351
15.12394725
10.02343750
0.31359739
3.90425753
2.09570312
11.81506317
8.12491135
7.94283798
0.22839355
2.96963916
0.80024491
2.29891677
11.16922319
1.29562056
11.65279144
5.23070479
6.36650376
1.26802582
8.66227172
7.53401485
1.03027593
1.20214844
9.84977172
6.13077820
2.74023438
2.98136414
11.39640071
3.93953679
3.99466700
6.27512966
0.62038064
6.03466423
5.81990913
6.94966644
4.22452571
11.74511968
6.21695922
18.98209220
3.22628213
1.53560394
21.83674923
6.99739251
25.29032690
4.92346409
0.55216492
4.63585772
5.19226728
2.82963043
10.26537899
7.37531472
1.29530086
8.01204344
5.82539949
10.12500000
5.73828125
12.46260528
0.58182832
2.67232269
8.97619349
8.92765071
6.50435893
9.40257979
9.55261635
4.22794991
11.35937500
2.72310394
5.49039672
-0.00012176
9.65359694
10.69552415
2.51533965
2.63460328
7.84855164
7.47176086
3.50610040
10.13497229
0.82617188
7.14985927
7.66459386
4.02343750
5.96260528
2.79174867
9.03906250
4.78906250
13.08504211
0.83195008
5.54764739
0.64864168
1.19042969
14.65600399
13.46965711
3.59135416
16.41092864
15.74922761
0.12266022
6.40926086
5.47349735
10.65284574
8.56852172
6.13301419
0.94360538
3.51306183
18.88850828
8.53483156
5.46243795
6.79537455
6.98783356
9.90115803
8.50163342
7.66983821
6.82580784
0.76851410
5.21149823
3.82756427
5.99173981
11.27945922
17.92195368
5.77169104
2.68750000
9.96427305
4.04300809
4.31498448
2.53125000
11.56160461
4.52481743
7.33118018
2.24548371
0.63525391
19.28804411
5.46663453
8.56083222
2.93705231
7.79777039
2.76908356
6.73872894
11.66560727
12.90816378
3.12784851
1.71484375
14.30814606
9.27220745
1.55892841
3.05786071
5.52701906
6.94185394
4.34708555
2.90291445
0.71289062
9.84338099
2.85388464
5.62890625
8.18314606
8.79613697
10.59179688
6.86934729
8.04980718
7.10445036
10.62923094
9.02217808
4.75736481
2.68990082
7.92187500
12.86148050
1.72400930
8.20510750
3.88518395
3.52539062
16.04492188
4.45312500
10.79252106
4.37821255
17.88908023
7.16194703
10.18135528
3.05977449
4.26851286
3.35799257
3.90279144
3.34781860
4.45584553
12.04069592
8.90954123
6.32739694
11.61808289
8.41585328
3.93330840
15.89871911
9.33606050
2.21281194
7.10188719
2.28287843
0.86910004
11.13911459
8.69246897
2.52539062
5.03653369
9.64706006
2.78169769
9.65189606
3.68208832
10.13012633
5.66630097
6.04211021
16.32478945
3.97613919
1.47629709
2.30318207
14.75284353
5.87952127
9.82340204
3.34847296
9.00781250
4.80248338
1.09444869
2.42773438
8.89375388
8.37959995
15.65229943
5.93782843
8.52470190
8.23002106
3.53861481
11.32031250
3.54386414
11.45906056
5.03231272
7.19596188
4.48897495
3.96138519
9.57161126
9.28251440
5.19185394
12.66076131
6.01937389
7.70255430
13.17227837
3.39815713
1.90714539
9.91829344
15.88842088
11.86804853
6.51440492
2.52974457
6.46228058
8.28604666
13.09603280
3.89766511
11.00443512
7.79516290
7.74601507
7.17801972
8.24475067
0.06365998
12.83853751
7.44324135
7.21484375
13.33247894
11.61348294
4.41386081
5.65836547
12.46618683
3.92232269
8.96313165
2.41772772
3.55664062
6.68998199
4.68794769
14.54595503
9.32299867
14.24564606
3.66406250
5.83894836
5.44576019
0.99186156
8.13077571
6.63272385
4.31340536
4.20658356
14.35041612
15.82491245
2.75647440
3.27958222
12.09631317
7.31867908
1.39901318
10.88716644
0.02182007
7.02856383
9.73937833
3.37524601
12.29777039
4.45108821
4.75801169
5.19991245
3.07438608
13.47220856
6.93480438
1.75931793
3.11612976
12.02665005
8.24755984
10.46251663
7.85657579
5.24218750
18.14318817
7.01472961
3.69409242
6.31250000
6.77494293
2.21244293
3.51066101
19.89697141
6.32824800
0.54044617
7.69441711
9.61978502
19.53736037
5.43904477
6.03405917
1.36914062
11.78125000
6.78503325
3.85664949
13.12117243
9.53597296
8.63244099
17.88713084
3.02148438
7.23091644
8.28381317
1.50093224
3.16740303
3.50541168
5.31994349
7.94222296
1.32421875
11.59720856
14.02323083
5.15136968
8.31954011
3.31445312
11.71350067
12.37373560
1.00989112
5.13236481
9.22220856
4.01171875
12.19704899
5.34290890
6.58158356
6.26997894
3.31595856
2.60082946
5.96752992
1.32198028
6.42846742
9.84798094
1.30489168
11.85574912
3.73454233
13.41015625
1.99519836
8.28214539
10.94531250
14.13102172
4.72399933
12.09375000
15.83097076
17.88627106
2.13521332
5.77465758
8.59012910
4.83984375
5.19921875
2.59855164
9.96439606
8.32031250
14.41735373
8.79224069
5.50955896
3.87805518
3.96183289
15.92944149
3.40649601
12.01601513
7.41350177
1.13390708
4.66679299
5.25341423
4.11723182
7.28202239
1.71842531
7.49564606
2.85790891
19.92830009
5.90596963
6.01440492
8.33683289
11.75781250
8.97265625
5.23046875
3.75858489
5.66239472
3.11885528
6.97188386
0.24407834
2.55375277
0.67378754
9.50345856
12.49902344
8.60937500
6.16906583
3.19856937
5.22957336
9.64497894
4.62967864
3.05806239
12.84122618
12.02620858
4.38691545
2.92798537
7.62064606
4.09029144
11.99987700
6.97233156
6.20564384
2.32560616
18.27734375
7.58158356
6.19921875
5.26216644
6.91451019
3.75976562
14.76818817
11.66128768
4.54318040
6.22086547
8.28242576
3.12561502
13.97460938
10.07377106
4.62756317
2.81429078
9.12500000
9.16715204
5.85460772
8.91529255
5.22566711
9.39152039
5.11629211
5.64587433
14.15881317
9.05379211
5.57600953
0.36641449
7.29296875
3.79296875
14.61990803
35.03052194
13.71541445
6.31774933
14.32599956
4.17745899
2.87349457
7.21439606
5.23624446
4.41947169
9.47103280
6.15836547
19.59818263
6.32471077
2.02583832
20.36799424
4.32585217
8.04443484
3.79296875
10.37259918
21.80228668
11.00052638
3.88366357
3.21782025
6.61763519
10.81750333
9.79699800
4.68192597
2.01997894
8.21674757
4.68514849
5.91752106
9.45402039
2.59330231
4.64786680
3.17484652
6.61042775
10.46720523
8.43799202
6.13057403
0.20239289
9.58247894
0.34932465
5.14786680
10.82389406
6.22721188
16.84805962
7.00337987
12.88139073
16.27042664
6.34956007
3.01538896
16.99629544
3.34554078
6.98071476
2.45792664
8.90625000
7.09439938
0.64445132
3.68660461
1.37972047
10.64754211
6.09061614
2.88488863
6.39139739
9.78816711
7.97668550
5.24218750
14.04508422
4.35546875
10.19408245
4.92009419
4.61372894
13.75858489
14.48217587
10.78930851
4.81998781
10.64884087
18.95727726
4.07747562
10.30354610
3.25655308
12.65986592
3.94214428
6.40625000
10.12975732
11.54993018
7.26953125
8.38972961
8.05940049
3.14958388
3.47115082
9.34439938
11.85347628
1.36389129
1.35664949
7.94526818
15.04796211
1.17669159
2.42187500
12.04597961
5.97701019
8.39318817
10.02587766
2.45202792
10.20133422
2.43929078
2.71679688
9.85221188
7.09957003
5.52534381
4.80139627
1.11405613
2.46138519
11.45507812
11.66806632
13.91910018
4.76754875
6.28784242
10.14062500
3.58447141
10.28662234
25.57812500
7.18404144
2.80859375
11.04406333
4.17435948
15.87333222
1.75980746
4.34375000
7.94095856
1.92728668
14.02252217
-0.05287678
0.90294700
3.02388519
8.29239805
2.47277925
12.81762633
3.95581117
3.39497894
17.32625056
10.24295989
13.48039007
2.34297761
10.76953125
7.24584774
13.43859708
6.45951573
7.97233156
1.97355164
7.41804743
2.83544154
2.18254100
12.55574025
3.38957225
10.84016844
0.09155367
19.14234723
1.37191544
12.82213971
6.06930407
11.68546321
0.91361730
4.52628103
5.51188608
6.74698914
14.21069149
14.28841312
7.18013519
11.65128103
4.13387522
1.94868988
8.12779921
2.52800310
16.74173981
3.85232990
3.29895611
0.24377441
14.07441794
3.04569924
9.55008755
3.75264683
13.87500000
3.60892731
1.44576019
8.38627106
8.29252106
14.53051197
6.45797096
2.65392786
5.35262522
4.06070922
2.73408965
3.87939329
6.92301640
2.92578125
6.75122008
5.07511414
9.21146388
1.98173315
4.45747894
3.75585938
5.68192099
3.90596963
14.45263298
7.89111702
2.18399712
3.07727393
7.75000000
6.05635528
10.57645722
11.94877106
2.43253601
4.64408356
3.38716644
10.84106383
2.23120179
8.82812500
3.68359375
0.00548553
2.01716479
8.16968085
3.24284186
12.10900599
6.84322362
10.38761414
1.30521637
4.77152372
4.97612315
4.58683289
15.60696920
5.91121897
12.43212766
8.31685394
6.91633533
4.68709414
4.67350842
1.05017121
5.41451019
4.58984375
17.10156250
12.78710938
6.58223294
12.82560118
3.14490026
9.62910794
6.14432956
18.33915435
5.06730164
0.91162109
10.23061614
6.10833222
4.26953125
6.92622894
9.51127106
8.55614362
2.52242907
10.43481383
6.23392731
4.16630097
2.35681183
11.01464096
13.71928634
8.98091644
4.33984375
7.19083555
1.30916445
9.53869349
10.02958222
0.75398991
9.67439384
21.26318484
4.05806737
10.80078125
12.87410461
2.95837433
6.87064606
4.36506705
6.00830452
1.00553468
5.62967864
10.40804078
12.73616578
3.75585938
3.46260528
1.07039367
3.46211824
10.84977172
2.54955619
7.04403147
4.54980469
1.83451324
4.39062500
6.29597961
3.85111481
10.68493683
9.57979278
8.15279144
0.41023805
8.40832115
5.68197030
8.05814606
10.61450133
6.53002992
8.95747894
4.22086547
2.27823914
7.71573914
5.82812500
10.99898161
6.49515902
4.43705231
11.06852172
8.09826131
3.94694592
8.81530419
4.52176972
3.95349401
8.74475067
5.87410461
9.96622119
8.10242353
5.53125000
11.46875000
3.53263243
9.75883089
17.12756317
5.06205231
2.81038453
9.19880541
3.07463209
4.05468750
8.01550200
11.46479943
5.41142065
8.85245789
7.88891290
5.04614694
10.80456450
10.05265071
11.58976507
6.23706117
16.94518950
22.76485261
16.00154477
6.97111148
4.32902039
15.82596521
4.30684729
6.51314052
12.60347628
4.03002992
12.27940493
2.93722960
6.27734375
12.22265625
4.27298981
6.60367797
10.29943817
0.54174867
6.94966644
9.69531250
12.32193595
30.43632424
10.52343750
2.22460938
4.12064606
4.39896637
8.17952391
12.48449800
3.00744349
4.65661901
6.49490927
3.35111481
4.43017952
2.59101951
4.97216423
7.31450243
7.68074025
6.14872783
2.99804688
11.56070922
17.51383422
19.77648272
4.75834884
7.36136747
10.65547761
0.76835176
10.89680408
2.41809674
7.27734375
11.13871122
1.44970828
14.49804688
7.02343750
4.21683622
0.08634585
5.47656250
6.09285461
13.39257314
10.69763215
4.07182291
6.71069149
8.76497562
2.73527039
15.24002771
19.56530917
2.95247562
2.73828125
5.31705563
2.30554355
3.46333832
5.34977172
0.22395875
0.94726562
13.22131317
1.95304383
9.28560394
10.09594415
4.38061835
5.81205231
10.08158356
5.36372894
10.22122452
3.10539505
0.96630859
8.43541889
4.10710217
6.12666778
7.08784132
3.66049091
1.58736176
11.45340537
1.10909463
1.72167969
12.10143950
17.55854943
3.52706338
16.15319482
6.48743018
6.33247894
2.64843750
9.62845856
1.21667387
8.10233489
4.91731937
2.34301758
2.81445312
5.80379211
4.13761414
9.70568817
11.40473959
3.80798869
16.06985484
1.43946309
13.88698915
12.83867796
5.00345856
1.85140015
9.51647856
5.71317597
4.55122894
3.24353058
6.25000000
10.69787567
0.08758576
7.38972961
3.24609375
3.77628601
9.78035461
5.42240138
9.29634862
7.93061725
1.98975232
12.40925588
5.24504100
2.44771332
13.15038564
0.43457530
1.05761719
11.08214429
7.85869126
10.98527039
2.78047761
9.11885528
5.99442597
11.38537567
7.56384308
20.34265137
2.59179688
7.10545878
4.81686391
8.90625000
1.01615387
14.03279477
3.28957891
11.42807402
2.12500000
0.98779297
4.41210938
12.32161126
4.11979499
11.63560174
8.85654144
17.84208222
8.91443151
0.17614777
13.50345856
22.76953125
3.02929688
15.55496787
14.19389073
4.57145390
7.41796875
5.46830231
2.60201019
9.22119016
7.46285128
5.61604610
6.66731937
9.44877106
0.40128601
9.83402372
5.53450687
7.43382979
4.32654587
9.19966644
5.54284575
10.54789339
22.10930077
3.02781138
1.76718472
11.57161126
20.99821234
5.52567597
3.94771332
4.95389739
8.70581117
10.18829584
24.59757757
6.18737700
1.03942902
4.23962433
9.25129876
5.37158577
12.50931793
1.60742188
8.18404144
10.54150266
3.95369570
2.85636414
6.97265625
11.84362700
1.07690243
0.65519476
0.77339691
1.33593750
2.86172869
9.49215314
6.42521055
13.16674867
3.67952515
8.08044216
2.17151097
7.56750333
2.78910184
3.59802526
17.96875000
4.44531250
7.25211547
2.19726562
12.15022828
5.78125000
15.17175200
2.41613863
5.05545989
3.71858765
5.25960328
10.39408356
13.98437500
3.55574524
12.96479943
6.08642952
3.05484985
11.66193706
4.66997118
2.22383699
11.10664949
8.82812500
10.90535461
0.32645172
9.25186448
0.06762633
10.33862367
0.00841522
1.81915677
3.89886081
11.81416778
7.74397828
4.59240692
5.70882203
1.31054688
0.88354430
0.88460328
2.68680630
4.98551640
6.04687500
5.23482269
18.07377106
4.39453125
5.46716091
6.89689273
2.32389406
5.40234375
7.21728391
7.09432070
1.90039062
8.81213099
21.91454954
6.37504432
10.32210328
3.06339539
5.88191711
1.47648133
14.20365138
6.10840093
9.13102172
7.91149933
12.35591644
3.35351562
9.15356383
2.47924867
14.82111924
7.70142287
2.53649933
10.27689606
1.52193207
9.50781250
6.34977172
6.48489141
7.73520168
1.61869293
8.30904144
0.03356934
15.58593750
10.16406250
13.52510528
7.73803524
4.60840093
8.89770446
17.03396803
1.62549700
9.08483544
2.95813331
18.35156250
5.97912567
9.53304078
9.26472961
5.24654144
3.41255707
10.82750998
0.05334940
8.94531250
12.89575133
19.14622041
3.58678857
4.97322695
2.27742741
3.16646332
19.19241468
3.89307513
3.78995789
10.08939606
8.57633422
1.35021942
1.33951906
11.92187500
5.92488586
3.15852782
2.64856050
4.99263519
12.97375333
1.94014185
3.78922983
17.53909686
3.76559064
10.67687833
9.49385528
8.36307956
14.17712433
1.86771637
3.19576019
22.51127106
3.12740082
13.10457336
1.72745789
10.43066406
0.98490387
12.87935394
2.25105774
3.68253601
19.07181793
6.01774047
4.24051972
7.65234375
4.05078125
10.49129211
5.98527039
2.93554688
3.65368185
1.03967752
4.29642731
14.39648438
10.03906250
6.09720856
10.06306073
1.55457446
0.42378754
6.84378436
3.12842420
23.78515625
5.31896942
4.08337433
10.59810394
9.77945922
7.93501552
7.21822362
5.91060394
12.50231716
13.15393284
7.57421875
1.84517426
4.99776153
16.56038453
11.80468750
12.17199302
5.26509862
1.09122867
4.00826019
7.62064606
11.44698028
11.25308954
2.99300421
3.66870179
5.23783356
6.22073250
5.50627770
2.56713867
10.09082031
5.56115692
8.84464539
9.30289672
0.99788453
15.66305161
1.44824219
10.40433622
0.19010562
0.87096825
5.76477393
1.10351562
17.25898826
6.63773714
8.50126440
5.52779144
0.25655090
9.36372894
8.71235927
2.77201573
10.42780807
8.32654587
1.12597656
11.61827461
6.42424645
1.87935394
8.80667000
2.44259696
5.42456117
3.46545379
8.69958527
4.53125000
1.29980469
7.55078125
5.12353391
0.77197390
10.70198360
2.84639683
3.90279144
18.04023826
5.69690159
3.53975620
22.49458832
13.75878906
2.24218750
16.28230774
5.50044769
10.68725399
4.72924867
2.68701296
4.96997008
0.90604707
2.10245789
12.37219083
7.26408023
8.00736481
2.90738642
5.35718085
7.50764517
13.06042885
2.46964539
14.90921654
3.76009530
10.74564606
8.08019615
14.27828346
8.43021388
9.68005651
1.11718750
16.44232603
5.47609042
5.49121094
1.56107574
3.97310394
15.57519282
7.37268284
0.70495512
8.79919216
1.21399268
5.82539451
13.22359596
5.36897828
3.61869293
4.79515792
10.23690381
4.09533909
3.27148438
13.28983489
3.65938386
2.90189606
1.29048676
6.64875721
14.75163342
1.03808594
7.70519615
9.73832557
3.62093140
8.20222961
16.81318374
9.83179521
3.73632812
7.26371122
8.92533356
9.62780917
3.11718750
9.25691711
1.05708832
9.04866080
2.69592752
11.19661126
1.24239417
10.93045989
0.16471437
11.72460938
2.15775543
4.51781915
7.03296210
3.64107269
0.81839996
5.36328125
8.53112700
3.14811281
4.60201019
8.71439606
4.43750000
1.00089539
9.91299978
6.87492132
4.98551640
7.34720856
1.37740082
8.83902704
3.55578239
2.03601728
8.03767509
6.88810616
17.28869349
5.89099401
3.33593750
13.66406250
3.81404228
3.45105385
9.89408356
11.00768950
4.71887300
12.62064606
7.64062500
6.59317930
16.64241578
5.36661680
11.53307514
2.62342087
10.46544881
3.64738475
7.75044769
0.45463043
2.75240082
12.36795989
8.19710328
11.36027039
5.85912899
8.65454288
2.66646332
13.52689606
5.07265903
1.32036679
2.56620270
5.04296875
3.12154144
15.96056849
13.15136968
14.85480940
2.66606493
14.15926086
15.99385528
5.53694703
2.65677388
11.46142952
6.84765625
7.49109042
3.82661957
15.39553968
11.08269060
13.01652039
1.20695008
2.01188110
4.66271942
7.36462433
3.64046265
1.15279144
11.18029256
4.48767619
8.00646942
11.27665005
9.73205784
7.05545989
7.98437500
3.17545656
1.70951292
2.56670655
8.28995789
3.07226562
15.44083555
8.01139406
5.33584885
5.52698470
10.22220856
7.35685118
3.54488253
2.53515625
6.08670989
0.04374269
12.61258755
13.47245456
18.15897053
6.14225842
15.51204344
2.46647218
5.92879211
1.95987976
6.69269504
2.10222683
4.99669881
4.79281139
25.39501330
5.03109264
2.88444093
10.05545989
12.73347961
8.81762633
9.13908023
6.72432403
13.05647828
17.23799092
9.45040447
2.66406250
4.14003229
6.43858711
2.53309507
10.06969748
0.95959940
4.36372894
4.04296875
9.86372894
10.91351619
6.33123448
7.29431183
0.96443664
3.44034851
10.82303303
6.16134197
2.40779477
0.03633761
25.23530475
16.83655252
12.16508089
2.95491578
5.57421875
16.02408844
5.66174036
7.91894780
2.43884308
10.60412567
0.94026734
2.02929688
5.74754987
4.98291888
9.77689606
6.69429411
12.20324800
2.60876496
5.73631317
14.07382535
2.79488253
0.55611176
20.13085938
9.95267731
8.04252106
2.82543883
4.69108156
9.91733670
6.82275266
1.47754155
1.18599457
19.19575521
7.73934397
18.25140681
3.27007756
6.08247894
12.88000333
3.14734042
1.27441406
2.76185089
2.38867188
3.85473571
8.85236924
5.49060837
1.73802278
4.13209441
3.57377106
5.68794769
0.50052887
6.44576019
0.49800504
0.82963168
14.92744903
2.05301972
6.17252438
15.21508478
14.41711768
7.04878878
2.21943872
6.35571476
12.43416445
4.92354278
1.30301972
2.31685394
10.23913232
1.77649268
7.65580231
2.24564606
5.07633422
17.59118683
5.31384308
6.94250333
5.83243960
3.65535461
12.15189606
3.09749390
8.94798870
14.78934287
17.66680234
10.66540060
3.20959940
14.60005707
2.11734985
0.54178926
10.20189994
4.66679299
11.79919216
15.66955784
10.91406250
2.19380707
9.39754211
5.59699690
9.55144060
6.16361481
13.51472961
1.84305879
6.93663897
5.63367353
2.93359375
16.31964318
1.17795600
8.20735594
7.55871675
4.99173981
10.21875000
2.69608489
6.49039672
3.12255984
12.87040005
0.48262730
6.31372008
6.92622894
2.54496122
8.86307956
6.62511802
4.45931405
11.94954344
12.92622894
4.46016511
5.52978391
3.24906527
6.67142731
10.21952239
1.60656832
5.35920767
20.18376108
5.93359375
7.58939606
3.40625000
17.55468750
9.21529144
20.83609486
6.82361369
11.19006317
8.90218140
24.36660683
1.32284629
4.23404533
10.31172761
4.10071143
6.07031250
4.32747064
6.97046210
7.92968750
8.62589539
2.82531583
2.47546542
0.35058594
2.98645020
5.15580231
4.69347740
4.44324135
3.83007812
4.64062500
14.29642731
8.96785461
2.59704621
11.05468750
19.23697252
2.36068373
11.14497894
6.14798981
15.38858821
2.19885472
15.88463764
4.29549756
12.59785794
13.48807956
2.29732269
3.95096521
9.81376440
13.30122894
0.52339691
12.18314606
1.93404144
5.49734819
1.78585494
11.50000000
12.40222075
4.15811946
9.04813940
8.71875000
5.06685394
2.60591644
1.63183594
1.77618958
0.91122894
12.85758422
2.23661347
4.73258422
14.83337433
4.62023521
9.42097961
4.06889073
4.62870456
7.98392731
5.05545989
4.93371675
1.66210938
3.75630707
9.84285461
19.33316268
6.38501662
2.86865359
11.68827239
9.48181183
2.67895446
5.95552084
1.59102947
7.83203125
6.53169769
9.60733821
2.56693761
1.18802887
5.71126219
2.92199800
8.71093750
2.87304688
4.90144836
14.25630707
4.80814606
4.43404144
6.31551086
2.97566711
5.94710328
2.85982269
12.89093972
8.95447805
4.87243683
7.67533356
6.25134308
12.50821587
4.33162788
1.02246094
9.59512993
6.47546542
3.31860538
10.49218750
6.69461880
7.24320589
11.05045656
6.88281250
2.97611481
14.05515958
4.47999667
9.92187500
10.48400599
3.05985815
8.42533356
2.14675612
21.07202958
3.78771942
17.48527039
5.40089936
7.33113586
7.21919769
4.57633422
9.83593750
5.00569703
0.48754883
2.37060547
4.08809231
4.63952792
3.86071808
14.14562334
8.37227947
6.27266511
14.54239805
21.79406583
0.78703069
1.63867188
9.19095856
3.08203125
3.36177582
13.94074690
23.69763962
0.77958222
11.31506317
3.73331726
3.65238309
3.91642398
2.63867188
6.79207336
24.57766734
7.63237477
3.08337433
6.01171875
12.35579344
9.53739472
0.85384156
8.28275045
4.34842864
2.06022717
1.10937500
12.46244293
12.56490082
8.72220856
4.02571532
3.41809175
10.78906250
11.40091202
0.89986923
0.46362305
2.40018271
3.55440713
17.50032469
8.96451906
7.29784907
4.27067265
3.86853058
8.85591644
8.98693817
0.44763215
16.99108046
12.03915115
7.34476839
13.44738365
11.42008422
22.22583444
18.44787567
2.51847351
16.76562500
4.46537013
23.19991245
8.32743130
2.87146276
13.36478668
2.11734985
0.54178926
10.20189994
7.97705452
4.59497008
1.83748476
8.77779144
2.98482269
5.98762689
22.25606604
9.75781250
14.78511193
11.56465979
1.68094941
12.41752106
10.06762633
7.78259308
11.45491578
17.89949524
9.49462766
6.91597628
15.23539215
23.96263963
12.96818678
9.40458222
2.97806793
7.83494349
1.28704565
4.41755541
13.99907025
0.88712586
2.94787567
4.54125665
5.93575354
12.91931183
6.08203125
13.76578236
4.69470744
4.71305297
11.33922873
7.85787455
9.57499114
4.28555962
9.93978280
7.82641290
2.90450354
2.13867188
11.45612589
4.86418661
4.75211547
7.94203569
4.21991134
14.62120928
5.68477947
3.21993074
10.43404144
2.85729887
3.52746675
7.60892731
9.71637855
3.74936059
1.86816406
17.71484375
9.85305298
4.36256316
5.39766511
4.27331450
12.12679078
5.06424646
8.26957557
24.12847900
3.45658356
18.94185394
3.09029144
13.82889739
10.32442044
5.43379544
8.32970413
13.67168328
0.85437043
2.13719322
8.73014406
7.52335882
2.02388519
9.28637633
5.14632203
5.24120346
2.15227005
11.85697418
8.47220856
5.80859375
3.23677582
6.16060394
11.61869293
3.43554688
4.50826019
14.65612700
16.14420656
5.68404144
1.02734375
10.37784353
1.03231272
10.49475067
6.18367243
17.39009862
7.42712433
9.66137633
5.01485261
15.61212988
0.75070367
16.44069500
8.00607601
5.24161680
3.73584109
7.07421875
8.23002106
8.72427970
8.48922096
0.65604707
1.10351562
18.45703125
14.62064107
11.93025820
5.60749557
9.96420434
8.29073028
3.09423205
1.18730330
7.59016844
7.32043550
3.03515625
20.73693817
2.66495789
10.35741689
7.98140846
1.08455507
9.46964539
7.94051086
2.35542193
0.71533826
5.58894836
12.29118285
7.39856050
3.96679688
10.33939606
3.91601562
9.96093750
3.89363586
5.70747894
1.70062992
1.37598902
12.28816711
1.65690187
7.80468750
6.53336547
5.47074247
11.82792331
2.91601562
9.18750000
8.34195922
3.21512910
15.70366579
2.43833665
7.14066932
2.73641179
7.62500000
7.41247341
18.45772495
7.88806183
12.94698028
10.70946144
22.73214649
7.55822972
2.52103668
7.10636414
3.16227172
4.85725953
2.13085938
16.91210938
10.07889739
2.98307126
16.81148161
3.04451850
5.78291778
9.76741578
6.55904144
1.20507812
11.30317709
1.75692209
6.45312500
5.15860400
3.96602947
7.72790558
0.43111176
13.89558899
7.30411182
2.83500775
15.50007868
9.18261968
3.18888243
3.40425753
14.73156583
3.35001773
10.36014739
5.88215315
5.37098071
0.93359375
14.81160461
4.16495789
10.61975067
6.38415558
0.01935333
1.73904990
9.77661569
5.48514739
5.91259641
2.04215702
2.16796875
16.10465204
17.41878546
8.46093750
1.19628906
8.98002106
5.49115914
10.88428856
5.62801086
11.45747894
0.62447113
6.79252106
4.77025931
7.36645944
10.90925089
6.30994680
8.01127106
6.35156250
9.85066711
10.92277039
12.86283356
2.58683289
8.55033356
1.20322556
0.02388000
0.04531860
6.73563193
2.87776983
12.79443484
7.71638852
11.71028812
4.72701019
11.27246094
19.58939606
5.87109375
12.64229278
10.62679078
3.35396332
17.12695312
0.42020660
2.48722351
13.91715204
13.11576573
11.81429078
7.16796875
2.67232269
12.86120014
6.66614361
1.66699219
1.89257812
10.69531250
7.05098294
15.53649684
4.99178413
3.47204621
6.05859375
7.02262079
9.01164007
11.65714539
9.00333555
2.92289339
5.89017731
7.97611481
4.38627106
11.21093750
2.13777649
2.36942597
8.28637633
12.92968750
9.92456117
13.84195922
3.37731217
1.36426529
2.08443207
17.45279533
3.86902260
15.83504211
5.01696808
1.54003906
7.73738586
13.49206450
6.61686281
4.27042664
10.88972961
1.75256067
0.49536444
1.77362729
1.60694979
2.64257812
17.02933622
10.40103502
8.47933732
9.54650599
5.31632757
9.16841644
7.04011525
10.69832336
3.96289561
13.08760528
2.40291445
0.95263672
16.29740387
2.64994293
6.77779144
3.49385528
9.19274933
8.65714539
9.09810394
6.64648438
4.88736813
15.46248227
10.29484319
8.19351674
2.88159740
14.43599457
2.11734985
0.54178926
10.20189994
3.51160073
3.27087433
5.57889739
13.50512633
4.78316378
20.66344748
15.91622229
7.93025820
14.83239777
5.52046723
6.73437500
41.81009918
4.04732269
46.32470080
0.10143950
12.80533688
3.36474734
20.51664339
4.93245235
5.69645390
2.90865082
7.80513519
0.19966613
2.60546875
4.09810394
3.31839373
2.08936170
8.21964539
17.19954344
3.76546108
9.36629211
2.78963320
6.63749114
9.61987367
6.25480164
0.02751679
3.16422485
14.54341644
7.64302084
2.03133366
7.36450133
5.44401374
8.72656250
1.04243988
1.75923676
10.03470856
3.02001829
1.68746066
1.96777344
6.46939938
0.09187992
5.71508228
6.00740913
3.66280308
9.59375000
2.84810394
4.66682735
1.85722019
2.44425476
3.45943207
17.64408356
6.11328125
3.03339235
0.33521941
2.34765625
2.19648950
3.85994570
8.46464206
2.53995789
0.55712891
5.51249114
7.96362367
21.81082942
6.43685062
5.06705563
3.98026706
12.26216644
10.67366578
7.95613586
3.17248504
4.20536347
10.32466644
16.20133422
5.86189384
4.74145944
1.98925781
8.15784682
16.57219193
2.36673981
3.14737976
6.40234375
2.83418357
7.83130319
8.09375000
8.47029477
1.56969535
2.95626385
4.77436725
3.79985150
6.06327239
9.77522828
6.57165558
4.73347961
6.96138519
2.11958832
0.44873047
7.74385528
14.69698028
42.33020113
4.61629211
4.83683289
6.44140625
0.03285736
0.60546875
12.27600067
5.50089539
9.72131317
11.52327515
9.88268950
6.37845856
4.39888519
3.94152925
3.74414062
5.13236481
19.73591977
9.13692044
3.50757147
9.04776291
3.05147495
7.93388408
1.01517606
1.67395113
4.97733489
0.88338320
4.72176086
10.35156250
7.02042664
18.95703125
7.81685394
3.10306793
4.67232269
18.26672208
4.36706699
2.95072418
4.25000000
6.87544769
2.50423094
8.69225732
3.73319924
5.80211935
11.83655252
2.93705231
4.79324912
3.81266733
0.09753387
2.59899933
3.00585938
9.67354278
6.53739472
1.12207031
12.26808519
9.34461103
13.98783356
3.00630707
2.30318207
8.38883422
8.13024933
1.70490830
7.39763076
1.37544769
17.72512578
13.05974512
9.47989805
1.99170046
2.77148438
2.20402039
7.34375000
3.54732269
0.22696930
16.34671654
12.87789284
5.63678746
4.56588984
3.27734375
2.96724457
5.40970856
7.92264739
0.49869875
18.89396055
5.00166778
4.20678026
2.60266954
2.89107269
14.13162678
7.70947141
2.97367963
7.08471742
2.13326019
5.28951019
6.66528258
8.36885528
12.34041445
5.45658356
12.87935394
3.85457336
3.05362976
0.18892426
1.26525848
0.00808747
4.86278923
5.47314827
3.82031250
20.80891844
9.94364472
3.43509918
4.74007203
10.34362700
10.27551363
6.09569814
20.49760416
13.29125665
14.60591644
4.18306737
4.32556183
0.39233398
8.65461907
3.28239140
4.85738253
5.50781250
0.34350586
4.74654144
5.68750000
9.26989030
0.00403549
5.44921875
2.93754059
2.79492188
7.25345856
1.60636414
7.22566711
1.78072113
13.68256539
7.44756094
5.22835328
7.80545989
4.81954011
9.78649933
2.36645165
4.50260749
6.31640625
0.51269531
4.27156306
2.76945257
7.56685394
6.41796875
15.18212766
8.52445589
7.78125000
4.10982269
3.02148438
10.38358489
5.61071808
0.41149933
4.75186946
4.91219304
7.94185394
7.02319149
0.35091312
1.58345551
17.50659180
12.53560394
4.10502106
11.37154144
23.46249047
4.79923648
7.02022495
13.93750000
6.23437500
2.15234375
19.14851120
18.69030668
8.81144725
15.28430518
15.84916168
6.41271942
2.78580563
3.44555851
3.19034851
0.14457184
8.31595856
10.03995789
0.30179840
15.72085550
3.35219848
2.03818206
8.55777704
6.36295656
3.46944370
8.92700133
2.67846742
9.48771055
4.10534575
8.89957890
2.42578125
5.73034575
2.44103724
7.17973182
4.83890404
3.96822362
3.96976839
3.22310394
12.56586991
2.28809341
3.35802195
8.20012411
1.75349945
7.33939606
3.10742188
10.16548177
4.41602061
19.21435173
9.80839206
8.10180851
10.95263298
1.84228889
7.39408356
2.78169769
5.13838653
3.40893617
4.21305297
2.91149933
2.12714983
5.49394392
8.03710439
10.99426363
5.59212655
2.55619293
4.70747894
5.15234375
6.83158356
18.90498560
6.08227726
10.49906527
6.38948360
3.97379765
12.15717975
4.70264295
0.11716124
-0.01369139
1.55532285
8.91903147
16.93750000
8.06636193
16.48990968
12.11576573
5.52913453
1.94140625
3.72794493
7.60603945
9.23002106
0.52925629
2.10982269
12.71199025
3.70943705
4.46529144
8.71830231
5.17533356
3.15266844
3.58996675
4.24218750
2.31091091
3.18957738
11.85591644
2.73828125
9.13883422
16.98457762
3.24348626
8.28174202
3.81762633
4.20894503
1.83052582
14.88130209
5.23627882
4.85027371
5.08292664
3.64062500
12.46415005
4.39477726
5.17232269
7.23144282
4.39266179
14.32885306
4.90694370
4.48730718
10.13281250
8.01997894
4.48213653
0.17045137
4.74087877
4.88489361
0.92407289
2.47896332
14.29049848
3.04061724
11.90063165
8.52905585
9.83158356
3.68208832
8.67496454
1.60457585
12.25435394
2.25028535
8.03035461
7.28409851
9.81595856
4.91259641
3.72802859
6.87935394
8.87231383
18.64908688
6.17155031
9.72623532
6.20967310
1.94784131
3.51411957
8.89920989
16.43432679
7.85298676
5.52799313
5.40612700
8.28764073
0.87056488
10.18635860
3.07385472
8.61975067
11.54825493
7.23628878
8.47168218
8.07543883
0.61792054
0.89257812
22.64062500
17.46087169
21.97470052
3.91166168
4.17399047
10.27433289
9.52087433
6.06126995
5.66183399
7.70339540
5.12338652
2.26366938
4.87101507
16.52831782
7.76074468
2.26562500
4.75813719
3.82629488
6.90234375
0.01669937
15.06941711
10.71952239
5.29353945
3.30859375
8.57812500
5.77697474
10.33362034
7.36942597
5.06070922
0.90804078
7.73124114
0.30778078
0.94681793
17.05452017
14.82238365
2.13827349
9.73527039
2.88582336
3.12784851
0.67041016
10.66592199
7.58753656
19.40632868
10.83105718
9.40714539
1.73872894
10.93944814
5.27104166
4.71919769
9.74129211
8.00813719
3.89729112
11.63147440
2.25085605
7.53060062
1.79484070
1.41308594
7.70206228
0.92053690
2.11962891
11.62935394
1.19433594
11.37117492
2.29568304
2.41716699
5.04341644
2.46443664
11.74173482
4.26111369
7.85156250
12.89525931
9.63985261
7.46777593
1.38895722
6.73315492
7.21875000
6.68481383
8.84989472
38.51301751
3.40755374
5.74145196
6.07137522
18.02974457
2.72912567
2.48962433
4.70658356
17.27787013
6.03117132
2.58447266
14.47965204
6.37475399
0.49617991
4.48676087
1.65146331
5.17629766
3.39523492
3.51623504
3.69063386
6.44576019
5.36027039
5.62784104
4.13265514
4.66430851
5.26127106
2.98490138
3.20109319
3.78515625
6.73258422
2.61507203
10.57442044
7.35481937
4.34224457
3.51908356
8.41060394
4.42533356
4.44563719
7.15067597
0.90022828
15.09720856
4.69966644
22.10502106
5.99430297
2.20296265
2.43794769
7.94608489
7.36637079
4.63977393
5.60201019
3.14648438
5.07096188
8.35872562
12.53637633
0.41744051
6.14168274
25.87064606
4.59073914
4.40042997
-0.04994565
4.14664672
5.44840204
1.76627936
7.94486481
5.31884641
2.19954095
4.66007508
2.77812112
11.00976064
2.42537788
3.33528812
1.59863281
1.63674501
3.78879210
6.29296875
3.53906250
18.33434841
0.03088597
9.43676197
1.03003490
3.94095856
8.38012633
1.92329677
0.87182929
8.25345856
8.23002106
20.24458334
7.04447916
6.78116883
2.35937500
19.25280419
10.04557624
3.92309508
0.51827058
5.30078125
8.14408356
6.87040005
5.73116245
1.94576019
5.18359375
2.44315271
1.98665032
5.68779033
14.93806821
8.08105718
2.40429688
5.85689052
5.18379544
1.40462655
6.40164008
1.63502160
11.72977505
1.66084995
6.05663564
5.21667885
1.03723238
3.80318207
9.63191711
7.84537345
1.28210854
11.16752106
6.58728058
3.61511137
2.32824800
6.01447363
4.88583333
1.71199773
1.77095551
11.11530807
2.86247451
3.66825410
11.76562500
4.35201019
3.47806544
4.67916112
5.68314606
3.82617188
1.33593750
2.73286957
3.69335938
7.88960661
2.85681183
3.10860261
12.84720856
4.34073914
1.47232408
8.02865248
0.42403043
1.91727754
4.45133422
2.04895113
8.34029144
0.55912262
6.35546875
0.22631836
7.94140625
7.47265625
4.95747894
16.22643950
13.93322474
15.13639406
6.05643894
3.23254488
12.35085883
11.08822528
5.22392065
15.37577239
13.82938442
9.61743351
1.79508422
3.08349734
24.65542332
12.95907801
0.51204469
11.44966644
2.09179688
9.37154144
4.32421875
10.94921875
3.05936614
3.58516511
2.29313110
1.85974152
3.46305297
11.29866578
2.54691434
1.52453707
10.60335328
3.67069426
6.74487367
8.40010528
4.04687500
11.49649712
11.20194924
1.77832031
1.17480469
2.29052734
5.23771055
8.23920694
6.69319703
16.01973294
11.60526706
3.25691711
6.36372894
7.66914451
8.78739472
6.86271055
4.25618905
8.03393617
13.40689938
4.53796542
6.82511414
7.87613642
6.22302526
4.09330231
8.30126330
11.72004876
5.68616688
5.66060394
9.06595856
3.97879101
2.50753712
9.23091644
3.62890625
8.69006317
11.77075133
3.14198749
6.12180739
7.84842864
17.08667054
5.62109375
14.85119349
10.33630651
4.42622894
1.04785156
12.20393174
1.39868849
4.34464539
0.13279143
2.29911347
3.17923981
7.85672319
3.53915115
3.25195312
13.30289672
6.99254655
2.48340591
8.13281250
8.66841644
0.81738281
11.11885528
3.21174798
2.31815769
11.24332890
2.46048981
1.86958832
14.88809619
5.47432403
1.76213209
4.24654144
0.65218016
3.21468140
3.97493407
1.95459109
4.43660461
13.90152704
15.82397772
5.15144836
5.10591644
16.57767731
2.26216644
2.51562500
5.54341644
6.19877106
8.44441711
3.68090758
0.31457613
7.57812500
14.73282525
8.84720856
11.18766235
4.04000221
3.31160461
2.81579621
19.38627106
4.02315215
3.48510804
6.87154144
1.64949524
8.84464539
1.93261719
3.95027649
0.67862976
0.24658203
2.12320517
1.86588874
8.02791445
7.79296875
1.53145169
3.03149601
0.74902344
3.84870900
1.90084330
11.29687500
5.78893950
1.25154726
7.61938165
2.80399878
2.36568207
7.59574247
1.85738253
4.82812500
15.00154477
1.31734347
19.81046321
7.10034242
8.72635583
8.41557291
8.98168883
2.53393617
8.32031250
3.00585938
6.37500000
1.81197113
14.23197418
3.11132812
5.78267177
6.67871343
5.48278591
5.41129765
0.34859223
4.24511719
10.70312500
3.53686337
5.35962101
11.01269282
8.46146886
2.03080231
8.85937500
16.83123319
6.27958222
1.29882812
8.03649435
3.81311502
14.87141719
3.52803745
8.36152483
2.36939162
2.58857187
16.33549977
0.31205012
7.20640626
11.83912566
4.81421210
16.26314052
17.02457890
5.97835328
1.46093750
23.42995790
12.19706892
3.27141068
5.46500610
6.74780087
3.29651097
6.63326019
2.29101562
8.91316711
11.92427582
19.27628103
4.26957557
9.86478170
4.40123671
1.29990081
3.22060201
6.56162455
1.23242188
6.21415005
0.17403355
7.76517731
5.70898438
8.77343750
9.92187500
7.44921875
0.83687348
11.80078125
6.69877106
11.69966644
0.06866455
5.75736481
3.08678732
8.56657358
7.91886414
5.77298981
9.80611176
3.71679688
5.51249114
9.39676972
2.16255707
5.97020612
3.59664782
1.20214844
8.07990581
2.40402149
5.31551086
8.34029144
8.84597851
5.90446919
1.94238281
7.56225399
7.18038120
0.82470703
13.24641844
3.35469636
14.71862700
1.25740664
3.18782095
4.63452460
11.80993683
8.31351839
6.16381649
9.71118351
16.95621454
0.42183691
7.14709442
2.91735871
4.02868683
1.67382812
8.32722961
0.52091492
2.44486481
12.10489805
4.49320589
1.24414062
20.30781140
3.18392841
6.84720856
6.59183622
11.57222628
5.95658356
8.65193041
2.39042830
7.73002106
1.60201019
13.56867908
3.57662455
7.74141511
8.81250000
9.29934952
2.87598404
3.55025238
4.65535461
4.81294769
11.49068207
3.34781860
0.17366578
0.06866455
9.60900599
0.06067175
3.17773438
14.81034021
11.35681183
2.17977116
16.19359043
15.03203235
4.91015625
2.08716256
2.62109375
10.61079677
2.32519780
7.84375000
2.10777718
1.64873282
1.21158688
4.38305851
4.42578125
11.20312500
5.09240692
14.08556849
4.37626440
6.06294769
11.23872894
3.04296875
19.06025654
16.37728280
1.79389787
5.02014627
11.33553413
6.17187500
3.23168883
2.14721742
1.11771637
15.41519393
5.45589982
5.53169769
11.19429411
9.63549867
6.91925754
1.40329343
8.25504516
9.18147828
0.33959961
2.59090149
6.37198914
14.69518950
2.67319606
5.59521609
14.26037567
30.18342642
0.03381317
1.78116883
2.26607269
6.59330231
2.20161957
4.20959442
11.01749695
21.19469748
4.04012522
6.44583888
20.74585210
14.67715869
2.15442113
16.49748116
6.16483489
12.52372285
21.55948914
4.00430962
4.05262454
5.05195256
0.50390625
10.02374268
3.11132812
1.32324219
8.77420989
10.73221521
17.97147551
16.62370124
5.69608489
3.13562167
4.84285461
4.67456117
11.50256317
6.44274933
7.91707336
15.39933289
5.50345856
13.46740692
1.98850772
8.95605718
9.08047651
6.36711879
4.73905364
6.36295656
5.96875000
7.18750000
9.26818817
6.11372894
2.89107269
7.28560394
11.03100399
6.26944759
12.81478280
23.74609375
6.24898161
7.92289339
5.23726286
3.46781527
3.16210938
1.79349762
0.01543183
1.89477539
5.30423981
3.67915614
1.72025792
20.99515404
1.03662483
9.17097961
3.44608489
0.64506136
3.17826075
9.41421986
8.98714982
0.63911957
2.78485595
1.65024323
13.61283356
2.15189606
0.89587433
6.62063609
3.82077016
4.24609375
15.14627771
3.01876136
4.80033356
7.96875000
7.04597961
16.45881705
6.87996897
5.30513519
4.98649047
7.03259308
4.96093750
12.96350067
14.09899933
0.01329560
0.35603571
0.33248144
2.41060394
17.88777649
3.20747894
7.12967864
5.21183289
9.02612367
6.76891623
5.19368905
5.30692597
5.90580231
16.87654477
1.94616855
2.77949856
0.46122410
4.65055297
22.63341756
6.83578014
1.91312528
2.01648105
14.41406250
0.35249848
1.80175781
9.67549092
9.44169658
0.50927734
7.64843750
7.81180630
2.82686558
0.01892090
1.00097656
17.70938775
6.91321143
13.54474956
9.45435505
6.06872590
20.93314606
16.33504211
0.38785828
2.16060394
9.50195312
11.88781583
14.55102383
2.33960272
1.52734375
11.09350399
6.47636081
9.58939606
11.00683594
20.05948914
3.71455840
11.14473294
5.17737034
10.02343750
0.15209961
1.01464844
8.14497894
0.02893066
16.46720025
4.79289007
9.27701906
8.95658356
5.59720856
13.28857048
0.94820534
8.69531250
10.75000000
2.56099457
1.73339844
6.52766844
4.21797761
4.82857269
2.65424757
19.49418993
7.81115692
16.25768950
2.39554964
7.50000000
6.26082336
11.07169243
6.99417997
13.79533397
24.82510417
10.07296431
5.41207003
0.85880679
5.28307514
1.49186779
5.67578125
10.79443359
19.60094748
10.00496897
0.15783691
1.40429688
16.03026596
14.28369016
2.50440325
18.08024047
8.67675532
1.60095495
1.08398438
6.17597297
14.61035904
17.91185838
7.07178856
11.22004876
18.71541445
10.44966146
4.59941267
7.80948914
0.39591492
8.39408356
1.75781250
1.59728973
3.60636414
1.24796570
0.12724211
0.59631441
3.11088043
6.43404144
10.88191711
3.08866301
1.06376067
7.75597740
9.16480053
3.99758921
2.75090536
12.83850067
6.53259308
7.58369903
0.61478668
5.33638519
3.45674590
0.94108156
7.53951019
8.04597961
15.65876884
18.47412234
7.00517065
4.68225067
6.91951352
4.15124667
1.72477172
6.69364472
21.68302305
3.29984652
9.04675200
3.39465425
2.95006982
9.49088874
6.86328125
3.13796571
4.83611480
10.12467033
16.32169991
5.34419769
5.94883977
6.84803523
7.65820312
4.26997894
0.09094238
2.56205231
18.22509641
0.39383755
5.74434729
18.72220856
9.68839539
5.17085661
11.81609598
12.89549090
3.57218694
10.40189606
6.39497894
9.81973682
15.29313608
15.93709165
4.55159796
1.58227477
3.26414171
2.55904144
5.07543883
0.51761871
4.04174867
4.84765625
5.81843307
5.27576462
9.37951131
6.73143397
1.71927887
16.24108046
4.62325354
21.92777372
9.85331892
7.25736481
1.55594692
2.66227421
6.74955231
12.19726562
18.96121787
6.71366799
4.85095246
10.55472186
2.74410627
3.39957142
4.30453014
6.58158356
2.93740637
6.38530695
15.09529477
2.82658023
16.40523161
9.25101839
9.63972961
7.64351286
0.30635714
3.32287068
4.77673869
4.08593750
7.99039672
8.88415558
7.01607269
11.93481383
6.29911347
13.27929688
7.36975067
3.85725953
12.54239805
4.93338563
8.02937057
18.70646055
7.84498005
2.32421875
14.60579344
10.90254544
6.77547429
2.15689938
3.02954288
12.14229278
1.08862367
1.30566406
14.30500222
2.47189383
5.41841644
4.51114805
5.54655031
1.62980164
9.03315880
3.89848182
15.29687500
2.52689606
2.10982269
11.60937500
4.68750000
11.01757812
18.49898161
3.05542054
2.16239472
14.49385528
28.21492243
8.46476507
7.00378325
6.38590204
8.75395057
12.62682514
1.36023603
17.91483489
5.37198914
20.77612367
8.83593750
0.81982422
2.97265625
11.21350067
0.17175324
2.99307666
11.54915780
5.42212101
4.29956055
16.38822418
14.72823028
3.49487367
18.01850289
9.85381094
11.68481383
4.29052859
1.30371094
11.14453125
9.65189606
11.99039672
8.22835328
1.53755707
8.66662567
13.02433289
6.44877106
32.14302084
17.15474955
9.61869293
32.59980608
18.68465647
4.14456062
14.17092532
5.78241134
5.41691600
1.63724762
5.04597961
3.92809342
1.55762466
6.36954400
18.57324468
1.27303164
14.18750000
15.14000998
7.42113946
7.85600509
3.30041224
1.56962378
6.61718750
11.55242432
6.36283356
2.67581062
8.54924645
13.59439938
9.27986259
6.78544658
5.70161957
9.44877106
0.94868988
2.89603668
2.29748504
0.11470582
9.35475044
17.31193927
5.03373448
8.61181516
9.30570589
4.01293385
2.77026928
1.32661957
14.77689606
3.51562500
5.74592642
2.59827127
1.64017731
4.42187500
0.31978363
2.42773438
10.39578569
18.39115138
5.19129321
7.50512633
2.97322695
6.77819482
5.27694038
9.83504211
0.48140473
6.54687500
2.95409782
6.18864140
2.88216312
6.92097961
10.02819482
4.94580452
6.77453458
3.57950743
6.34712987
10.84785794
3.25761081
2.01757812
4.09671654
4.51265846
2.05468750
7.85758422
10.15437057
5.72587876
7.17232269
6.00646942
13.41495789
4.35831103
7.31998781
9.82410198
23.91169105
8.82219193
9.24511968
0.23950320
3.43180297
4.71813498
4.19381205
5.10143950
3.13293550
13.36632647
8.63403507
4.18030252
10.94954344
7.84297761
11.80200133
6.47534242
7.63671875
12.02343750
2.98046875
16.91393950
4.19152925
2.38822418
4.94352172
11.32104554
25.52729943
17.00203679
15.65983156
1.44055020
2.78043827
8.64062500
8.59977172
4.44111592
5.89001994
1.26831117
12.26785351
6.61137743
9.40893617
7.89607602
2.48209718
13.68660461
10.54956117
13.32751496
4.78515625
10.35742188
20.73298759
2.87638741
4.17187500
10.84631317
0.73128297
0.00325203
2.14224596
17.49536569
3.12463597
3.65474457
12.51127106
0.01602692
4.55304910
4.74968528
4.62410461
10.63590204
1.26929022
3.09935963
6.44515514
1.34562195
10.32767731
18.05122894
0.11657715
11.37605275
1.02140819
6.90429688
10.62410461
9.70031583
3.85481937
8.22566711
8.43839539
4.48303192
8.30212433
16.39122009
4.35141511
2.26171875
2.80619293
16.30073693
6.71879432
1.14355469
7.68512855
2.15622063
10.51216644
4.79162567
9.11527372
5.26497562
4.17488586
3.88521332
2.25480164
10.65970856
2.45165361
20.28211103
7.90580231
8.16992188
14.59582115
3.97148049
4.00150543
6.49271388
3.58736425
5.69673053
9.35693982
6.57812500
5.20267731
6.87711547
0.06742402
0.42016602
9.07226562
7.57979278
8.88895722
0.66361481
12.49913897
3.70443373
1.03244153
1.70016345
7.74168551
14.33164166
13.56143728
2.90430186
7.25736481
1.03120941
10.06070922
2.38220246
8.52929688
27.40287013
7.43156194
3.11088043
18.81506317
0.09432008
6.27677305
0.77889101
12.00256317
1.09988849
14.57571670
17.12903922
4.80806737
2.34419769
9.93469083
5.98518174
0.21249224
7.92264739
3.13399324
8.51167443
6.64892952
2.86746787
16.86690713
21.90100067
9.47721188
3.92846867
17.11534119
8.97586630
5.82003213
4.29929522
12.05836269
20.51974290
10.51065603
17.52917885
18.54467836
8.27921321
0.16142003
2.82812500
3.46275765
3.68193594
10.77687612
2.01308177
8.27152372
1.86910128
4.77990692
2.40022828
18.65669769
3.07332336
9.26997894
11.28686523
21.30419548
2.36767952
4.59765625
8.34492576
4.97103280
3.18990082
7.96875000
0.31148285
5.92801474
18.45435006
4.64940659
0.20801529
6.37935394
22.00976064
15.63866689
3.29688497
3.84525543
4.42789672
3.75976064
6.47685283
6.56640625
7.15844415
2.15796210
17.64915559
16.08786125
19.50907690
16.82454344
1.94600496
10.66829344
4.16809175
4.53906250
3.80664062
15.48002106
11.90010528
14.49926820
20.57535018
16.17218972
3.59140846
15.47017426
7.06294769
0.51220703
8.40307181
3.08520944
11.00858489
3.32539949
0.31762695
6.97823028
4.71500111
4.52026928
5.43493683
5.18359375
2.33868864
1.66330507
19.96484375
4.48783356
11.38655142
2.58459940
2.81054688
8.82152261
1.52072196
7.41752106
1.07031250
4.25781250
5.46439606
0.44026672
9.05647828
5.14062500
15.82352505
13.39436392
4.70431072
3.99922761
8.81685394
3.02689606
9.24820922
2.10380097
2.85351562
3.65425255
5.94970080
3.78382313
13.89408356
9.63972961
0.35111543
29.95853170
20.26803080
6.49776153
2.64046265
14.50256317
11.34097518
6.25456560
8.35156250
10.49564606
0.02256775
1.38671875
10.52600067
18.13220246
14.73002106
0.32145203
9.81506317
7.13024933
1.26420074
4.60330896
2.96940436
5.98937833
8.04533023
14.21443041
7.51034131
7.47318263
0.56714179
1.60937500
6.46174424
0.72575576
5.90490692
6.11853058
0.01582336
5.02086935
17.37170877
6.67354278
22.93314606
8.91239472
18.75000000
0.24385590
9.11104278
13.82856273
11.96469137
10.50345856
8.68225067
4.67142731
2.29716035
6.35111481
4.57087323
15.31904810
4.60617242
6.87442930
0.13924257
9.69698028
0.79809633
22.19201131
9.87651041
7.22842698
16.11292220
1.16487672
6.18404144
7.42923981
9.65625000
12.67752771
6.42313940
10.27600067
12.54137966
3.54223571
5.19401374
14.74129211
7.14114141
3.14881648
20.03869349
20.75382757
2.98331726
3.16901091
5.31971741
10.63642842
2.51965924
17.38671875
7.56685394
0.24340820
14.73002106
0.51379363
3.65755250
3.31009918
16.96773161
5.09227699
11.51529034
6.19539866
16.30351174
11.71106050
4.50467864
11.99080507
11.12577239
3.11055574
5.59720856
11.69140625
3.10502106
7.25423094
6.53080231
5.39510195
5.82857269
4.26528037
1.43979775
5.83203125
7.11437583
15.98425698
2.50976562
2.02539062
16.17089844
12.42317688
18.49129211
12.80647828
6.68297873
4.35518838
7.68750000
6.41165670
0.88318401
4.87890625
8.73481771
7.66121897
1.23384613
9.37438498
7.33219858
9.35502106
4.60618684
10.39938718
12.00073304
13.46826141
3.97257259
2.16789007
14.36478668
5.62935394
7.57377106
3.32800200
0.82625429
2.12743268
2.94145556
17.65429688
2.30859375
0.96626801
9.14896388
13.64791112
0.81494141
9.57262966
18.77074821
3.34147717
4.86763519
11.64436392
15.42834442
18.52380651
7.69946476
0.80464691
17.94185394
5.17968750
4.80155364
3.06518617
30.64888519
8.11629211
5.87410461
12.89130874
19.64173204
10.36783688
9.79968417
5.66841644
7.34776929
6.05900460
7.85742686
5.87154144
1.37539776
5.14608599
7.55603058
1.50305020
3.54667331
8.27343750
2.32421875
4.38793883
3.54346963
3.97505707
12.73953569
23.21085882
3.90294881
2.35368794
2.87349457
8.00789118
14.36743195
1.16609929
2.80032857
3.92639627
3.56233765
16.70129055
23.16479305
4.54675200
2.47888464
1.41353363
4.11359597
4.20671653
1.27246094
11.67866911
7.24446282
5.19177526
4.10783023
10.32710661
0.55025363
8.17879211
1.46484375
3.65333546
8.54597961
8.92341977
13.62336658
11.89042830
14.03585440
9.38036291
21.31889073
2.98453735
3.55692597
12.69136193
2.79301307
3.22851562
20.90580231
14.47220856
7.45666224
7.89188940
2.16601562
12.16165670
6.98865026
14.67541722
10.75077239
17.05977449
23.18164062
13.69071255
1.80538120
8.23717670
23.49426861
5.57258533
5.40445922
8.66313275
3.59269226
15.35371887
16.08760528
4.17473544
3.67312499
3.86539672
10.09899933
6.55904144
15.32864888
6.79244237
3.46883366
7.02343750
7.33894836
11.85900599
15.09350399
0.72168467
9.12666778
2.99877992
0.04398590
21.62259420
2.86523936
7.44986813
6.90214206
8.39497894
6.16662567
8.53995789
2.01802582
0.57080078
6.20612589
9.69577016
4.08984375
6.85156250
6.60200521
16.31055186
11.07377106
0.04843140
5.79508422
3.83426972
16.52998560
15.71195589
3.31079288
16.88671875
10.68976074
2.75532802
7.94762966
11.14469858
14.09842365
8.32540447
5.64497894
7.16845080
1.33350232
10.69095856
3.13911957
20.17285156
5.16225178
12.14754211
7.46559673
8.28125000
4.22346798
2.39371952
20.52734375
3.48498504
0.63273133
3.28365082
4.44877106
1.72701019
0.44580078
15.75764517
29.26928524
8.31291334
16.24151818
1.65496619
8.07812500
16.35323028
1.18876191
10.41499225
5.04985150
1.78080231
12.25504267
12.36030973
4.94486854
11.17712433
2.98527039
7.05033356
5.19140625
1.80025238
17.40327350
15.64603170
6.80376274
8.21919769
6.51314052
16.12935394
6.83016179
7.47656250
3.89603668
1.99914021
5.87972296
13.07279698
7.33203125
5.85591644
9.98168883
1.29085328
7.11501774
11.62236812
5.42751275
3.21986701
5.35009641
5.87609708
9.35872562
3.14510195
7.28125000
0.68420441
7.84960938
2.49369293
8.26908356
8.49385528
8.98992421
8.95732158
6.35591644
10.09615082
10.65384420
18.36857491
12.29353945
6.98828125
1.33736176
4.02689606
7.50781250
16.84541279
0.01127106
12.02331450
6.42923981
9.76037567
2.70459109
18.98054743
21.42280475
0.80022052
4.85937500
13.90738642
4.36307956
9.68481383
7.63517398
2.33728058
17.90527344
5.45357269
3.08593750
9.95844305
1.30478113
6.75044769
7.63448028
12.65458222
5.32433677
7.24357491
3.22139185
5.39509198
1.66867242
3.09419769
4.91015625
7.01723848
3.38465757
20.05228170
5.28788674
9.09956007
1.64921985
10.68058289
7.75826019
9.17533356
1.86718750
2.75726619
4.86158909
7.41605497
4.51843417
9.39998227
0.85376163
8.34004045
3.91581892
10.38627106
8.09541778
1.30151429
0.54589844
9.04150266
8.37393728
2.04447916
16.47208555
14.61051640
2.60937500
6.92187500
2.88317653
2.61141179
2.18750000
8.63813055
11.29892176
7.19787567
2.51151208
3.21789893
6.62198914
0.21484375
1.02884918
9.93309176
4.55204565
12.55338874
19.37207779
5.45857602
2.90470523
7.70312500
9.73437500
9.32377106
4.86644947
4.98946697
1.38281250
3.45703125
2.87650543
17.89062500
3.46919769
11.46516844
9.74295989
2.31726230
6.41796875
2.63085938
7.66963653
11.54706672
3.60706781
6.69347490
8.93567486
8.91329011
8.72220856
4.36328125
1.60164367
6.64587433
2.44954344
3.78092531
11.04854278
8.94531250
8.86848626
5.60205452
12.85758422
2.07841035
7.56957447
9.57450908
9.15010528
4.82299867
0.70926536
9.43041805
18.25919991
2.45593417
8.71093750
4.48343030
0.09168384
1.52457641
26.91421986
11.90352947
5.45869903
6.62919160
10.67598294
3.12435062
9.83149491
1.26900986
5.61026042
15.32654587
11.54968417
5.09118683
7.49263519
7.12226951
11.59603280
10.82331339
5.83338430
4.47176086
9.76155142
19.88337381
11.73767121
5.56212102
3.35238918
3.42138298
5.36208556
19.69930740
16.96829920
0.90730774
13.93314606
3.50292221
13.72135749
8.01188608
14.25541168
23.52388519
8.57377106
2.54604334
4.80824467
2.47188386
9.27343750
2.45943207
0.60546875
5.33235594
3.08135519
20.59404033
15.21350067
5.19132508
12.11694149
8.12959995
0.04028320
2.65070905
7.43949247
17.58219858
6.46464206
4.54988586
8.97835328
3.09960938
13.89754211
4.10982269
4.45312500
5.85867133
2.93429742
5.56648493
4.61365026
14.42956450
2.38248781
7.86763519
14.03446255
15.36307956
19.37935394
15.17521055
16.26184175
7.22310394
5.67622894
3.45117188
0.03945923
13.06595856
4.10871565
7.38553801
16.38269946
7.78881649
9.69991245
2.35937500
9.60937500
7.34720856
3.19877106
2.02583832
3.58984375
5.29296875
2.83203125
1.32421875
9.09285461
1.83532746
9.78604167
3.32967974
21.61685284
7.73572805
4.48482269
3.51713043
0.42451996
2.96394836
3.59700189
6.03450687
7.16776706
8.58414672
5.34598847
12.11400931
4.39770944
2.09179688
9.35758422
7.32076019
7.95792664
13.95589203
3.18216202
9.30326573
11.31355275
5.27088430
1.28914367
13.07316101
11.16328513
6.70585549
7.60131649
-0.01716946
6.60982269
3.11914062
2.51851286
9.33467310
33.03921986
9.55335438
4.92338043
7.44278868
3.79337212
5.91858377
14.93855774
3.42667664
12.16209442
14.90642730
2.24458832
21.13956726
3.67382812
13.37666778
8.13549867
1.54553192
8.80212433
7.02298981
5.83511082
0.90947750
6.37722851
11.49955729
4.55244903
6.05318705
1.23783356
9.44787567
1.62341340
6.22460439
13.88374972
14.56095523
6.81185062
2.12874390
3.97086547
4.98616578
4.73527039
1.63735598
2.55128324
3.41601562
7.84375000
4.16752106
6.06339539
6.88671875
2.14994293
3.52811614
6.10957669
0.71346257
3.94832336
3.03214539
6.01953125
3.93884308
5.36328125
7.82840537
11.19112588
3.49369293
14.28125000
1.92036957
2.90917969
9.58748227
10.38908023
0.16072570
3.66646332
15.74910461
6.53560394
2.89396055
15.32474886
3.62528037
2.70032081
3.07088320
9.70747894
11.88281250
7.07844969
5.67936281
0.90555505
11.26485511
7.78426086
2.79191101
3.64408356
4.75044769
15.35505541
1.51904920
9.74767661
16.38472628
10.29020390
2.91674867
3.68599457
7.79508422
3.24414062
3.99051972
15.05814606
4.45446310
10.75663674
2.72835328
12.11437833
7.88126773
6.89843750
0.12634277
9.18790337
8.20707557
7.16361481
2.06339539
3.93164062
16.69596188
8.28726674
6.35812056
3.42427582
13.03023161
14.41508089
3.76131040
7.72163786
1.07759862
8.78080231
5.75390625
12.21529144
1.61035156
1.36718750
6.51371122
10.88577904
3.49113475
0.78955078
9.07827239
1.26547761
4.09375000
13.67533356
5.87544769
15.02587766
7.89164339
2.58398438
7.79925169
1.81005984
0.60791016
2.15429688
2.36152701
23.59814827
1.46647218
20.89257812
4.66963653
7.97054078
1.22017426
2.80859375
0.30688477
1.58886719
11.17805408
2.38639904
8.29329344
5.05782136
9.79536957
14.09094083
17.67511905
7.10546875
3.50740415
0.69181460
0.72216797
3.72545546
1.89714372
4.80078125
6.22701019
0.78906250
9.13492299
4.05273936
1.20349152
18.77131206
2.44804798
10.38716644
4.06774933
8.76127106
3.61193817
0.84016969
1.95515930
1.62511994
8.17384308
6.56640625
8.12833555
0.70857851
8.70747894
8.61283356
5.52209442
4.26234467
10.34439938
9.69812167
3.31241883
3.27494293
5.63647274
7.69209995
4.61673981
7.49662013
4.84924534
2.32881247
16.45516179
16.09545213
8.66696032
17.15608765
6.35546875
4.22656250
2.18404144
16.71875000
11.35233489
9.14155475
3.72697584
4.90022828
9.35937500
3.31640625
0.04007965
18.77929688
7.37500000
4.72656250
0.15096039
5.41406250
6.09285461
13.46511415
5.43421874
3.10502106
8.40718473
4.63785018
7.44564716
1.98693567
5.24141262
6.24927194
2.76021332
12.45825133
7.74161680
0.49345066
8.36843197
4.75221409
2.52974457
12.46581782
4.86128878
7.59822695
6.73303192
10.44274933
21.56334110
12.38632535
6.22656250
8.12153148
7.46049977
13.58491911
16.22668550
3.32767731
1.11938414
1.71887300
9.93916778
3.60636414
3.95291833
8.43864140
0.60209137
11.90612700
0.18750249
1.70463043
9.68566240
18.74125775
13.55993683
3.56144226
8.06379876
5.87146276
0.41003449
3.49894226
6.62064606
11.08638519
6.61629211
6.05944482
3.86723182
9.41406250
1.12890625
6.45825133
17.14632203
10.62154144
2.19445645
8.60437167
11.77533135
10.64218971
3.42862976
10.77734375
5.67142731
2.57466644
14.45043883
0.85575410
5.67622894
6.77168108
16.27584330
4.66296542
2.75240082
10.48002106
7.17818207
6.96439606
9.78035461
5.25044769
8.17533356
4.23962433
6.98929466
6.91292110
10.99036236
3.96777344
6.42968750
5.38102172
13.13191711
1.53951019
7.61808289
6.35233489
8.27855885
14.96948803
5.44978945
1.80761719
1.64904006
0.21814744
1.03959137
14.82294438
1.23805019
8.61166049
4.58554410
1.75150543
21.58435110
8.95222961
5.96936502
9.17427582
9.87154144
18.43778037
6.00362588
5.99006705
8.26880319
1.37882508
0.83056641
11.81595856
13.30664062
12.83800865
4.51746010
6.30513519
5.60624114
3.31880707
13.54349485
2.72416168
9.29341644
3.28320312
15.32889739
12.10860261
13.48335661
4.28182070
8.09375000
1.51900238
7.01517731
7.05379211
0.31062805
5.67801972
2.35351562
7.95613586
6.63276818
5.52905585
17.27127771
8.50484596
1.46822113
19.05468750
15.91227110
5.34432070
12.09760756
9.55009751
3.12304688
2.23437500
4.38070679
3.51619072
7.14982491
6.49218750
5.78861481
8.77867687
0.63290364
1.74466949
5.06160461
2.60245789
5.83959774
0.19161167
8.75512633
5.04565492
2.06445312
9.80704150
10.20715924
6.17796845
16.71235927
4.57234929
3.39302582
4.96191157
0.10254155
0.02312713
5.51863586
6.71875000
7.63671875
6.87634308
0.83740234
9.71959110
4.00216976
17.18240803
3.23409463
16.23417207
17.77155932
3.53569259
9.78966756
3.39034463
3.36250886
5.29341644
3.18766235
20.28088099
16.95093085
17.45133422
4.77176972
3.76757812
8.00861924
11.13355053
1.50626773
11.66947418
8.12500000
8.57633422
17.79206339
4.62814383
2.50000000
4.77420989
4.38256649
5.89400487
0.23107910
11.33414672
0.46032746
0.46065277
8.56835938
6.66752106
5.35273826
2.53398049
6.33280364
2.35079011
2.88867188
14.85619681
2.40552194
19.17484154
3.39205175
8.28226839
2.09073914
12.88012633
14.67861481
1.99549866
10.05122894
4.52298981
4.11372894
3.79882812
0.02105713
9.25540670
21.87126108
0.21809937
1.30078125
8.10945368
2.40555630
0.98446116
0.21948242
15.02766844
11.26676142
6.72270057
3.65234375
6.54296875
6.82287567
0.63069703
12.72070312
7.30379211
10.90970856
2.53063996
11.08939606
1.75789367
0.88907898
16.37729722
5.27940048
1.34375000
13.77148438
6.35099180
13.14241578
4.04732269
7.26395722
0.99169922
9.83068817
12.97684287
2.41157677
16.26892619
8.63139073
5.06954011
1.48855476
1.44589317
2.12320922
3.77807679
2.88777649
5.59631317
4.22790558
0.71573914
5.57327904
5.95797096
6.36164783
15.92350842
7.90234375
3.09887633
7.15112367
2.14355469
2.88476562
2.95898438
12.58670989
3.98225953
0.88118531
6.59765625
10.76562500
8.00781250
1.87988281
16.11014739
9.51509115
4.16089428
7.53592864
7.16284242
9.83146055
2.04984652
4.16275377
1.73088209
16.06892509
3.38464760
8.17809841
0.59533909
7.62406029
7.98486702
2.32706726
6.58158356
13.54687500
1.21333832
1.69921875
6.76183179
8.93363807
6.95605718
6.04679632
6.35201019
9.58414672
9.84223959
5.07015514
0.51025391
7.34565880
2.25411292
8.42366578
0.23034668
0.59376546
1.88192209
8.79687500
8.51204344
7.02506593
6.37500000
1.51216644
15.71484375
4.61673981
16.44713764
3.51379986
10.03906250
0.39058441
6.17187500
7.30619293
4.28951019
12.78893950
11.30871675
2.21830231
3.19726562
8.48091644
2.59529477
8.16251773
6.49129211
4.20580619
4.15617132
0.94368656
5.35502106
9.52050532
3.42615026
3.08007812
12.68705231
3.56160461
4.06265736
4.31580119
3.00179078
11.49425865
3.81583057
3.60503102
4.28560394
2.94140625
6.26607269
0.75288786
12.71004211
5.59957003
1.92362146
2.83980441
8.35180851
1.77929688
10.79402649
2.34765625
6.39497894
2.00435394
11.28279477
1.84025210
6.33434841
2.49979831
4.38850953
13.98347961
4.15100067
3.36808289
13.18419881
14.83309397
8.46671321
10.26688940
15.69095856
4.20279533
4.13989694
10.03291778
2.40999390
5.30033356
14.80558289
6.56551086
4.46529144
3.53906250
2.84615082
11.26818817
10.57902039
6.55186836
3.35694481
6.59484708
16.58093449
5.41316213
14.24691046
3.13875554
5.82812500
2.38911957
11.00602172
0.03273560
1.33300781
15.32103059
6.17070921
2.60982269
6.88647274
0.09301945
0.69437652
4.22854001
12.69048647
4.14220662
6.41435283
2.44771332
9.61104278
11.22647385
5.84217087
2.67382812
7.91752106
4.49430297
10.52384087
5.07125221
6.40234375
8.55558289
1.62207031
4.23249806
8.47115580
5.69051086
2.92712433
6.99820922
13.10595080
6.26648603
4.88716644
7.00324690
2.61003435
4.88671875
13.46829234
12.21485372
3.45552582
13.69676862
0.89698138
2.96853336
8.30205562
6.21484375
6.64933289
16.55200133
2.14917054
2.95218404
12.64278479
10.72245456
1.57519531
1.15083832
7.41752106
0.96724457
10.40625000
0.04455566
6.07340204
2.21566046
8.79959553
2.65413951
7.16227172
3.44515015
4.64062500
7.68660461
4.91975953
2.17232269
3.63732879
0.01960267
1.87507712
8.39432956
5.27893284
6.07511414
4.47957336
6.43298371
3.01517731
1.71280945
14.47477172
4.63460328
12.34199295
4.45366134
4.60765792
6.85824357
1.64835633
14.12500000
2.81400543
22.07031250
2.35233489
3.38789949
13.60591271
3.63285682
4.21023881
4.04171431
7.59222962
7.47071808
1.59765625
15.63956228
6.02437721
7.98270722
3.49340758
10.03572695
5.78043329
10.65458222
2.66791072
1.43662455
12.88627106
7.52331450
5.90502992
2.46354001
2.61145113
6.16508089
1.43838718
3.29424312
7.81551086
7.24218750
4.65323914
3.91849263
4.24894725
6.35111481
3.54748504
8.91585328
6.76908356
12.81284096
11.07247229
5.03995789
13.37845856
3.07360871
12.63858821
10.50972628
2.35799257
17.40657525
9.22889959
3.13387024
7.20796100
0.01127106
17.36344360
3.87817321
3.65620069
2.03968251
3.82466644
9.66316711
10.63716644
0.17395020
15.96773285
14.48197418
5.00781250
10.31070922
9.45882203
6.49218750
5.82857269
8.96952239
2.76562500
12.74731383
5.95068484
9.57629395
0.83638519
1.39555221
5.29732269
9.06250000
0.96582031
3.10306793
16.21781402
11.10823360
11.63720392
8.97550975
2.28995789
7.76729278
10.83517953
4.46782356
3.47701019
12.73693817
4.37198914
2.00781250
5.48482269
4.58158356
-0.00380188
4.85847961
5.71288564
7.06099955
5.88326019
9.55814606
0.25948090
9.67789672
3.46284132
5.71818927
5.14843750
2.15474457
5.20312500
1.54740387
0.10133881
1.22513824
9.33418108
4.79818373
18.53925920
2.82101119
10.92968750
0.32010801
5.58292664
14.71797761
3.30513519
18.19160794
8.68941378
5.72399933
10.34029144
4.38281250
10.42879211
16.38544857
9.48079344
7.80330009
4.12651041
12.35681183
0.02597290
2.81685394
15.28470856
7.33092421
12.90300310
25.07344138
7.45154245
7.50781250
15.02050532
6.69946476
6.49877992
7.09863281
3.16646332
4.32587677
5.90234375
17.75948028
7.35982269
4.41393950
11.47066378
17.16214872
3.92814273
15.90580231
3.13281250
4.11539672
2.28348847
9.96170989
10.72924867
11.71875000
0.56738281
1.92134613
14.77506822
3.13981826
9.56673094
4.76920656
9.43750000
1.72904449
0.64107269
12.31738032
5.00940159
9.92866911
1.15523410
5.18404144
9.18314606
3.44576019
8.87410461
16.71638852
16.31530917
0.31131833
18.07710411
4.98649047
13.04415447
2.78169769
1.12597656
0.01200867
0.28588867
2.28230774
12.36629211
3.89978058
3.96093750
12.62154144
8.04117797
8.18720967
7.04460217
4.55513519
18.46219879
11.85977837
12.88013038
5.24263519
12.49910461
0.73531098
6.80078125
21.62475399
8.02457890
0.95018970
0.90360815
10.07055851
16.83146055
1.04911347
10.94978945
3.23527039
0.80961090
18.51216644
19.06102394
8.86153479
6.51058732
10.09631317
3.84704621
8.19095856
17.90189606
5.15380797
6.85168550
3.44095856
14.51794216
5.11877659
11.42622894
13.62500000
7.14453125
5.71484375
4.26012467
11.05647828
4.50175642
3.40039062
2.64599609
5.09720856
17.63326019
1.96809564
0.53874030
0.40189606
9.69531250
5.23091644
1.18324746
10.12471963
5.38444592
3.82556183
5.56416321
5.91361481
15.24873560
5.08194260
5.74699911
1.99812805
13.78369016
3.32161624
1.70605469
16.17150848
5.03605164
0.76615075
0.84012661
17.55949412
11.89062500
0.03102631
4.46484375
22.60131649
7.79555807
5.76123670
9.23962433
8.37845856
3.43481383
3.31368074
8.22265625
11.37064606
19.48156583
0.75960453
0.96728516
7.82377106
8.52029367
4.75660239
11.77779144
1.59908051
10.07018950
7.85171986
15.71744626
3.11064439
12.07198028
4.13895722
10.07812500
7.11347297
2.60002770
10.04431183
4.33984375
8.35306793
6.31294769
2.20312500
15.77819482
14.17102393
7.44486481
6.76953125
1.03658051
7.60803192
1.85184411
10.55428413
2.28275543
15.59557514
11.58655377
17.97208555
6.63236481
3.04789339
4.67073360
11.78674534
1.19983896
9.61072805
11.53202239
12.32975343
4.57466644
7.47265625
3.10742188
6.37890625
0.10675049
0.35986328
11.50000000
2.17187500
14.24234985
4.61958334
6.50720744
8.17187500
2.33504211
2.38521332
11.04181738
3.17302637
13.61283356
6.69848072
10.51803080
0.67110261
2.20703125
2.20117188
2.33764648
3.58744293
14.74564606
8.20210661
5.45894503
4.21093750
7.99072141
19.43851839
22.43513852
6.70158023
3.43554688
15.77600067
11.51102505
7.85359929
12.85156250
3.91406250
1.75000000
4.33068817
10.77945922
4.78291778
1.92378878
1.55427915
2.23392294
8.55632092
1.93111176
6.32332336
10.69708334
6.34906580
16.34236259
3.78430518
4.02132203
14.12500000
5.65625000
4.22265625
2.51358821
3.14131870
12.60335328
4.58548981
3.66556793
9.87654477
0.73742769
1.59448304
15.89497894
5.22176086
10.69262633
2.21602449
1.73286957
12.16227172
5.53694703
12.34654422
2.67884640
19.71365803
11.10327335
12.58046852
12.94877106
0.10400391
9.77331450
2.85994570
5.82531583
1.14636386
9.41406250
0.03125000
0.09482787
0.47269621
3.20955507
5.64497894
10.21439606
5.60937500
5.58984375
18.75435394
12.28906250
13.30130264
9.95410904
10.15242243
13.56978612
11.39754211
9.69274933
2.04463653
2.68644226
12.69877106
8.62154144
5.49788453
3.87129544
2.07597019
1.13085938
15.88260832
6.32539949
6.97778258
21.54130097
10.22566711
13.60489805
8.02356050
4.76208527
5.49218750
14.14888519
1.91902649
5.29553192
5.07645722
9.63191711
11.50304244
2.59448304
8.43750000
8.89920989
2.43823304
1.58247894
8.28303081
5.47734485
9.66841644
3.58459442
7.48705120
12.72177083
12.55122894
3.83837891
8.24295989
6.92296211
0.31995844
5.57812500
2.03951019
14.12469908
2.45173759
11.85653147
3.05468750
20.01341091
13.73617980
13.19994681
18.96492243
3.50513630
7.86718750
6.72220856
3.98799590
7.01049867
1.45845551
11.32057293
9.35312721
6.10480954
15.33133755
8.71553745
2.00826019
15.13627106
7.76997894
0.16251617
4.12890625
17.85993573
16.30497659
17.87805518
12.31583555
9.78959386
14.71004211
1.99609375
16.23002106
3.37634308
1.82137024
4.18810506
7.69950908
16.76818817
6.40279144
11.85847961
5.24007203
5.24841091
5.41174534
5.96243566
2.48251551
4.66495789
11.24206450
2.23254488
14.77254211
3.59195922
1.81713929
12.15294881
9.90955119
1.06445312
15.18167000
5.95075508
2.64966755
5.43013519
6.43488556
6.01127106
5.88281250
10.70222961
14.51769615
12.12382424
5.00089539
7.95658356
16.28560394
0.35917145
0.09547943
5.15189606
5.29687500
7.97497341
2.31063054
18.08735927
13.38130551
5.12895057
13.79675200
14.38114472
5.08471742
1.88476562
2.39790365
4.54057291
2.59179688
6.72220856
3.71919769
5.85502106
8.10066711
8.06774933
19.48794659
4.85791888
2.71292997
0.90560062
14.93456782
13.87793218
7.07377106
7.72656250
10.65970856
11.11527372
4.87435062
9.74027372
10.84175753
12.78470856
8.31839872
3.82417941
8.93314606
0.65323914
1.81738281
12.07454344
7.72233156
1.34916168
12.17096964
7.97356161
4.29732269
7.88928192
0.16398133
8.81827571
3.76029698
4.40234375
11.07031250
11.94352172
13.25765015
6.47656250
11.69095856
10.35937500
8.80708832
6.16015625
15.38191711
13.31160461
3.20642121
12.53291778
21.76816803
3.84643617
6.19531250
1.55513519
1.47611481
10.55122894
2.94486481
15.74462766
5.51318484
16.82132591
8.47359596
1.55415863
2.81595856
10.55572510
12.82482381
4.01412455
14.87845856
2.23225953
6.69653258
1.04716035
8.84419769
2.91556793
6.45703125
11.18827239
5.37813386
1.23730469
14.56756976
11.00575993
6.87728280
5.80423981
7.38716644
3.90010029
6.54236369
4.73136414
1.36230469
13.19877106
10.17008422
6.31864472
7.68705231
1.33789062
6.40625000
1.16158051
2.15039062
3.09720856
12.55318207
17.30379211
14.23872894
3.98872894
8.06250000
0.01907593
6.88801751
1.39465675
9.26057486
7.05485483
5.01383422
11.63024933
0.10070801
2.91451019
11.49910461
0.19352234
14.15726715
10.17968750
7.55859375
14.88972961
13.65946255
3.37506871
2.98980163
11.84532913
11.57565048
15.14933289
1.04545074
5.56730164
30.47350638
14.43827737
7.94185394
14.41752106
20.28771942
17.55546051
6.40804078
10.52677305
4.70804964
14.02856383
3.47338929
13.32262966
4.51631870
11.67427084
5.70463541
10.63281250
7.63146942
1.37528535
5.50736481
3.93164062
16.61527372
5.77189273
8.02343750
0.01941162
1.74707031
16.57368988
3.24369293
3.83699524
2.66800809
7.46810062
10.01908356
8.10156250
13.77343750
0.30806488
15.84248809
4.84231827
6.19853501
1.20605469
7.36584442
3.01501496
6.02539062
3.20898438
5.73828125
5.72265625
1.62108877
7.21289561
17.04943817
8.50524933
0.62495941
8.91035794
0.33866550
5.68314606
1.20845551
7.35916584
8.73332225
1.99442597
3.90039062
15.17443817
11.26306183
8.19954344
7.10079011
14.25000000
10.47896332
6.95300200
3.85709718
5.25345856
7.90714539
0.01511383
13.61836326
2.21952737
3.77103668
15.60110484
8.87199911
12.29508422
4.05647828
1.63293301
2.99605441
6.44852505
5.98196982
9.54248670
5.01985594
8.50537234
6.27734375
0.01676941
14.12401596
2.16415115
3.64693207
10.60847961
6.10387966
0.14233648
1.15136719
16.79879486
0.11014832
5.25000000
9.26953125
5.40588099
3.80070257
4.97220856
4.07511414
2.27148438
7.07989584
9.10198581
5.82029755
4.47499334
5.81774933
10.03112700
15.04467836
2.34659851
1.89941406
11.12064606
0.16573090
11.09378436
6.88233045
10.75435394
8.24999502
2.93599955
12.20825133
3.53002992
0.26524241
10.77201573
1.53027344
3.63553801
6.10770722
11.39933289
2.19921875
11.65625000
0.11779785
2.08007812
4.08068817
0.56774933
3.01171875
4.40625000
0.61884510
12.32861702
7.04443484
3.36206117
6.36283356
4.11160101
2.20382867
8.23937833
2.62736148
15.78906250
1.23234070
7.19531250
9.14684841
1.68473515
3.47021484
6.83638519
0.80517578
15.75565271
11.22583319
13.50064938
1.03031527
1.86694398
11.71875000
16.56250000
5.47867797
11.65625000
18.57787899
17.97585976
3.98219082
8.75435394
18.35579344
0.43908785
1.89941406
14.53035461
5.06250000
4.28002494
2.69307901
5.01908356
13.44252533
2.81400543
11.61808289
11.02041667
5.99630540
7.83943041
11.30746232
0.45821137
8.15189606
11.80085993
1.69620540
6.25977061
0.49214691
15.64575133
5.64286347
4.26953125
1.87352893
3.36279920
10.22656250
5.71756178
2.68815935
8.24641844
12.30782136
4.33638519
7.44486481
3.03560394
5.73392731
3.86372894
15.87120679
9.04069904
16.17663232
0.88806433
13.85424867
0.69482422
15.10591644
8.19095856
1.53743407
2.41764406
8.62845856
5.44620789
8.39408356
0.05495209
22.74747618
15.96618683
10.42675532
2.62085272
11.63537567
12.75617908
6.21045545
12.81595856
3.19185394
1.53470856
12.81640625
24.45365138
13.88830784
15.80265071
1.67081976
2.74609375
15.39485594
2.06457613
20.97521942
16.50719748
3.85352061
12.93045989
14.06318374
15.87394725
15.17033023
2.16866245
1.26562500
13.60163121
6.82998695
3.21785461
20.80960093
3.64153036
13.79239805
11.94454011
4.18103058
15.28446255
10.37691378
23.34614584
2.98075908
12.56595856
3.90580231
0.58874543
10.38858821
7.35603945
3.82719027
15.16922319
4.76046431
7.30379211
11.31685394
13.57232935
16.28167331
2.50822085
8.87600843
4.91305407
1.30912262
12.90689938
3.77323581
7.17060810
4.38656139
7.95084220
16.03405917
9.58443456
18.43370679
16.32215259
7.49609375
0.11590576
0.66890473
7.14017731
5.91316711
26.93355192
7.51949191
12.37455231
18.00870789
0.05566406
3.52539062
5.02741246
1.22063441
6.97656250
5.10156250
5.79447418
11.82857269
9.73002106
8.72656250
0.84517426
9.64843750
2.07645473
1.12382175
5.62845856
9.70747894
13.23437500
7.73527039
5.67834442
7.83292664
15.44006317
3.65238434
4.81473847
13.71569170
17.71334330
4.35424867
1.75260500
10.80725067
3.53999723
0.04349918
14.82570923
6.16468749
5.12288453
1.35644531
17.12145280
1.76331283
8.14652372
6.40397016
3.21965536
16.74592642
22.18904290
3.82251662
4.97668550
6.36474609
6.83247894
16.40010528
7.84509308
3.53365082
4.04732269
4.03906250
0.00706482
10.06327239
5.87198914
15.28597047
9.45825133
7.42846742
10.00768950
10.24922761
8.36462433
1.56250000
12.29585661
6.44319703
7.65242243
25.87967552
9.21794326
7.49698914
11.13627106
5.11014739
5.21451906
4.48298759
7.09123116
12.65970856
9.61958832
9.63281250
10.31086658
15.88395390
3.40088264
3.57226562
9.35323028
1.13798066
13.59752951
12.91813608
1.93111176
6.93119018
2.84960938
19.72749225
10.92184064
4.75435394
0.58109527
14.17187500
9.55033356
10.48872894
8.33638021
2.15190104
20.61958334
13.42850178
13.68110927
2.22001939
3.57661957
8.72566711
4.02823914
2.38281250
12.88358489
8.57299867
2.24738503
7.26185172
3.89754211
16.00577571
6.56453679
4.11417664
15.60233489
8.40547761
2.79882812
12.80456450
2.90547761
19.43241301
20.57043550
16.10937500
0.37015777
3.27477560
4.52706338
6.41361481
6.72477172
13.26769615
7.05184397
1.72408051
9.67777372
0.21382785
19.55004197
18.24275820
6.97160350
14.13630541
16.62679078
13.56100080
20.47871606
16.50256317
6.66622229
2.36702515
3.90039062
0.09271240
9.57287567
1.72017426
1.34659851
6.03080231
4.37532469
0.45275972
1.88964844
9.21785461
9.60141624
4.81396609
1.56978612
8.68058289
3.96830231
3.81054688
4.73738586
8.69274933
13.10502106
10.29011525
2.62244182
21.20682770
10.43404144
2.44921875
5.02689606
1.45943207
1.37988281
6.54563000
10.15442280
1.60913698
7.55742796
1.54003906
9.33158356
3.27433289
8.95658356
8.14843750
3.98233821
2.24662511
1.17968750
4.11328125
17.76311731
5.10937500
7.84016844
5.60905031
2.22237090
3.86311890
1.40572113
14.17406666
18.43237492
12.28251440
4.81954011
2.02148438
4.38671875
15.48811361
1.00489029
9.88281250
7.44531250
0.65474457
1.75976562
5.22176086
1.93990082
7.85713653
6.27612367
12.46350067
21.61222351
7.50000000
2.98046875
18.67468199
15.70678586
7.38261081
8.87154144
28.78141587
8.83077681
6.81250000
4.64542664
3.03515625
6.23124114
2.08907136
1.44824219
6.15970856
0.03073120
13.63121842
2.90003158
12.78125000
2.61958832
14.43066406
4.16214996
4.89798981
2.20987976
9.76908356
5.12935394
3.57617188
0.02340698
0.21325684
9.82633422
5.78259308
0.85152191
3.77172291
13.47339428
2.93872008
11.80301972
3.39497894
11.21081450
0.85660890
14.76489196
1.56102643
3.35970966
5.95792664
15.09375000
12.35477505
7.35917331
2.20642121
5.64334553
4.88009197
10.52884918
5.44921875
8.76562500
8.63716644
0.01901245
11.74564606
2.01997894
11.42879211
3.56156029
1.93738198
1.68652344
9.26037567
11.90425255
4.55761968
2.96240359
12.03995789
2.66544493
0.36706636
2.35351562
18.99234985
4.22835328
1.75826019
6.89928857
1.82532081
8.03751275
3.39022163
12.97119016
12.74755984
1.61576324
1.92134613
13.03816711
7.37507868
1.78437514
7.71318594
6.39587433
9.00435394
3.09485870
4.96484375
6.47611481
14.43839539
0.02631622
11.42996787
18.51721409
6.32234929
2.45808899
10.69966644
4.21964539
13.52286680
25.16573028
15.83275433
6.75794547
9.18750000
3.76322418
3.04341644
3.62462600
9.71281693
9.55366911
1.99861757
40.70943207
4.48046875
4.70385306
2.26925088
4.37500000
20.65213957
19.89817155
16.33219858
4.63950354
6.94981384
7.22161347
8.02366357
11.73805518
35.24600884
19.19517984
7.15028257
13.27548533
5.52586324
8.61913564
14.07483377
10.92126496
5.62890625
1.67915863
0.33593750
1.13720703
2.77539062
42.37475399
24.46464206
8.72316269
3.22650376
8.05059398
4.97674977
9.58955342
8.72294160
6.47974069
5.77221742
6.32812500
3.76953125
7.92622396
6.83744791
15.63435727
5.77579898
6.46907469
8.45045622
19.45092836
2.21023881
7.51148271
5.46113919
9.98286459
5.09505873
10.16048094
4.31555269
14.14404297
0.82132965
14.77810617
5.06218528
0.70361328
18.91166168
5.76607269
5.30468750
5.65625000
4.79797208
1.94030917
5.96830231
12.89497894
8.26908356
7.20703125
10.76192044
1.25520999
35.39062500
10.87157580
9.45744459
0.22245270
3.97115082
23.48762689
19.48181183
28.14550532
3.19906139
12.10323028
15.10066711
9.32633422
18.73437500
10.89164339
5.08638519
5.25256317
5.56372008
4.02746675
18.17879211
7.75634392
7.00439827
11.17187500
8.93404144
4.23437500
13.67236328
0.91845703
29.08984375
11.71875000
9.63281250
0.14233398
2.30468750
22.80175781
12.98359763
20.44075936
3.22070312
9.07031250
15.75809287
2.00993295
8.91841644
0.46166992
0.06109619
0.43851715
1.23775238
13.19698028
0.44340058
14.41406250
8.18334774
16.18241301
12.27294548
7.66748670
8.51908356
3.41451019
7.72701019
1.30521637
12.23848294
11.60722019
3.70747894
0.05866973
13.91752106
25.95913800
4.66228169
13.03816711
5.87935394
19.51598405
8.20321365
18.05672263
9.84692819
1.40767426
3.02058899
10.81070922
3.82104554
8.12845856
8.11603613
9.53480219
7.37853724
11.94914007
24.04634613
18.81302139
11.27173537
6.01831117
2.03560394
17.21300366
24.45744459
10.93941378
6.02445589
15.33789062
2.08593750
8.19787567
2.31819703
14.71823683
3.00073304
7.17923981
11.06506317
0.86458375
20.78828513
18.59066046
5.57658023
5.02298981
12.03147213
4.92903812
9.27677305
3.66312777
11.77600067
8.49771720
8.73319924
27.21744626
5.86889462
6.73832557
5.93794769
15.91560727
13.16739805
4.62402593
3.80468750
12.32617188
3.52539062
9.62320922
15.22643950
3.35542941
12.29252106
3.14648438
5.35201019
11.39664672
19.71695922
12.38346188
2.56889073
5.80513519
8.93359375
5.20613586
8.69185394
7.05078125
21.33935173
16.45927222
13.04610261
4.02388519
10.17443817
3.36071808
5.52689606
18.61530807
3.59217087
4.55468750
2.40840045
3.15532025
28.88532636
17.32609818
16.26078402
2.39062500
10.93404144
18.47173034
3.86027039
11.41015625
21.49771720
10.17672096
3.32165558
19.59916168
4.94576019
22.10697418
2.90039062
5.19051086
18.32120789
2.77779144
7.85502106
10.74385528
10.82262966
14.40661901
12.94213431
15.47900764
2.74051972
10.44531250
7.83735927
2.79894615
1.62000166
1.50000000
12.86913315
24.33789561
17.50976064
2.21192154
11.90819814
0.64355967
2.91404755
6.52540558
7.61328125
2.32031250
3.92382812
2.57181793
3.73286957
13.66137633
19.25870789
7.52990692
9.61450133
5.17366204
20.41968085
5.91117464
1.40466340
16.79124871
1.95467475
5.18578790
7.41214872
6.01143838
16.79764739
3.81713929
19.65234375
3.22896332
8.93391844
14.47399933
9.30814606
11.36941601
4.96920766
6.05859375
5.18204150
7.48165447
3.36462433
12.40100067
8.59785794
4.46207890
4.19482422
15.33158356
13.03727172
13.13114472
8.31595856
8.34375000
0.82084137
1.82283134
4.67371010
17.10122784
6.53203235
3.47460938
17.26097823
8.28056626
18.54536459
16.94287608
5.88281250
8.30509087
6.49178413
0.34521484
1.45951324
0.03078217
13.87450798
2.42041389
2.11478668
12.51757812
22.68692930
5.96976839
1.27832031
7.61975067
0.34655793
4.66584830
5.44849069
17.24385528
16.63545808
4.70658356
12.14859486
12.72294658
1.39648438
8.41573028
0.08475801
12.66727505
17.41162234
12.02612367
3.96484375
15.58504211
6.99308289
0.31441254
3.75646942
6.82511414
2.50573637
11.33174092
4.34025709
4.06461547
16.67011858
4.37073470
2.99849457
4.69217864
0.07735261
0.89404297
7.51301253
21.12687943
12.62333222
3.50044769
17.00691337
1.45939522
20.92348848
6.37293882
8.59285461
0.06402619
3.28621399
2.01652039
3.44116024
12.06966312
14.27485677
10.09526041
5.86027039
10.17097961
16.21146388
3.67179632
6.81941711
5.96228058
0.14587402
11.69095856
18.90625000
0.25703949
15.54467711
4.61636581
3.01477892
2.32271332
5.17610096
6.74880535
8.84029144
2.16210938
8.16662567
6.31730164
3.92578125
10.92780807
7.62687943
7.95613586
3.75329621
12.39843750
3.24955231
0.06109619
3.21789395
9.79968417
4.25781250
1.25532552
5.91858377
6.20056183
9.81416778
0.18839570
1.47558594
19.38300920
4.60677748
9.43957115
17.15495124
15.80399629
20.48062860
17.24051972
7.46041112
8.08247894
0.11621094
7.13627106
7.87109375
9.52257647
6.48568373
0.03323364
0.98396789
14.75435394
5.49654144
1.13419368
0.56795476
3.54101562
16.98302444
5.80266068
7.34765625
13.91841644
13.79487257
4.00424029
2.16406250
11.82377106
0.67427582
15.38895598
14.01334718
2.24173981
14.05122894
16.21768728
2.88778147
14.83504211
3.42399047
7.42061060
11.84720856
6.67191932
5.74955231
8.07902039
14.58300532
3.52832280
7.37801086
18.48083029
4.61825022
7.52343750
11.75256317
11.09273161
0.38513339
5.91190271
0.20288397
5.64107269
7.46048981
1.44087738
10.75602172
3.01452668
6.48828125
5.26428192
10.25524933
4.49654144
2.79838043
7.44999114
0.01530000
19.47183954
12.14806849
7.30331006
4.66406250
6.52734375
0.03004456
1.91210938
2.77029865
5.20028147
5.83170656
5.71532580
3.17770002
11.60835661
1.36775820
18.78080231
2.31144226
18.50080674
14.14135244
6.81320367
1.78755707
11.12645612
26.25419658
6.11397495
0.64962831
0.16235414
0.72607422
4.33504211
0.15372742
19.35091125
7.88012633
6.54655031
8.46695922
7.78938719
20.99308289
12.06705065
10.16329011
7.98755319
18.39961326
2.24829787
2.42309508
7.40502992
7.40970856
8.39502084
11.55054521
3.83292664
8.21093750
11.66906583
0.33724124
1.65677887
5.36763519
3.27449524
23.29931516
7.42056689
2.48881759
5.72701019
0.38647461
0.45996094
8.54252106
14.15925588
9.36613475
-0.00358825
19.03617340
8.30468750
4.90669769
1.24604943
17.62268284
11.01627438
1.29370429
2.08540365
6.10697916
8.85143950
1.72277925
5.85502106
22.81705563
7.47375333
17.82588653
7.06811835
9.10335328
1.28320312
8.33247894
9.14933289
11.41573028
16.41239472
5.88281250
1.48632812
8.23591977
0.95841617
5.05940049
8.03390181
18.24458832
2.31986481
17.19596188
13.98539339
7.86848626
2.54435616
4.04642731
10.57173427
5.83317265
22.79866578
7.29394531
3.17187500
16.41752106
16.46004086
24.71594083
9.92724734
10.06237700
0.37781042
1.47949219
5.84423205
4.30029920
3.08593750
9.10111481
4.56160461
13.12935394
2.86808289
6.09676086
2.40429688
8.75870789
0.72806793
6.10982269
8.15970856
14.62064606
3.96964539
8.78470856
16.45186060
3.58960272
2.20507812
5.59140792
7.87103501
16.23437500
4.46138519
5.22463875
17.83919882
13.88220300
1.20487893
2.40279144
12.68244238
2.04908410
7.00255818
15.69657940
10.42968750
4.71875000
2.16902649
1.34562195
12.65535461
1.57413758
5.64842753
6.91016622
2.09570312
2.04296875
0.02360535
3.99511470
3.78230275
11.46192154
16.39952959
2.51542830
21.27075133
11.11551972
10.37544769
18.19897274
9.05253269
6.02388519
13.77241911
12.90804078
4.57299867
2.24654144
17.96007647
4.62874889
11.99604943
6.15340647
1.29199219
4.56929411
0.01896273
1.27148438
16.65709608
7.81181626
12.27254211
7.78739472
8.19531250
12.52587766
0.64888644
4.12109375
12.48738586
11.51562500
13.90970856
16.25870789
2.21875000
13.10502106
1.20109070
12.33325133
6.28393617
16.54296875
3.56941711
6.99295989
6.48840425
11.34134264
1.96810560
5.94384143
8.76815381
23.23136414
7.38358489
1.30489168
3.90234375
6.75630209
5.00273049
6.56038453
18.42622894
0.74959289
8.02868683
17.54696105
13.50960328
11.73437500
7.94051086
2.47505707
20.45279533
8.07605385
11.53202239
5.41227172
3.04353945
3.12980164
20.83850067
1.48616578
4.81717864
7.67500886
11.02075133
0.43070527
21.35358932
14.09953568
6.27734375
6.17622894
13.16316711
0.57027191
1.98677582
9.35412567
11.47656250
6.97790558
3.41015625
3.85502106
12.66060394
1.38281250
19.55850759
14.99011635
3.45821199
1.66556793
14.63024809
6.03616686
1.36516068
10.58146055
6.71752992
3.09358765
0.98144531
7.15234375
6.27306849
7.10539007
1.45117188
16.37219083
17.16764281
8.82059941
6.89798981
10.00077239
9.98347961
2.50447695
5.06986481
11.93534021
12.26432624
7.31986481
0.02425141
4.78515625
11.82287567
14.79484070
6.16361481
2.71573914
11.13191711
4.00044769
0.36657684
5.68147828
8.43118795
6.26668772
2.10656769
10.98437500
17.39257812
2.47460938
0.03536712
2.70402039
20.57783633
9.57275266
9.30224734
8.97387633
9.24246787
4.34090647
2.05061890
26.64843750
15.64994293
4.92578125
8.89062500
10.36629211
15.10818928
2.73059674
10.67138298
5.65885749
7.75960328
4.14888519
3.21875000
3.41601562
6.01863586
0.51704926
11.60746122
1.54097628
3.34810394
12.89754211
15.13927195
3.29822805
14.86718750
5.68794769
1.06392426
7.33207565
5.24992132
3.46333832
9.32722961
11.20161957
10.17533356
6.78605164
0.83691406
5.69864805
5.64119570
15.86274241
9.75737477
4.62109375
14.33697031
4.63177969
4.90970856
2.25044769
12.88627106
15.85591644
7.85546875
3.54447418
7.84285461
9.88175476
4.22701019
10.69877106
37.04429688
12.14100398
4.00805851
6.75044769
10.40970856
1.81725981
14.38079917
1.37048869
2.70507812
0.06699615
6.35156250
9.87910794
10.28751773
11.46468140
8.48347961
9.29687500
0.39619965
15.63643340
0.28418031
17.64318817
4.96553247
15.20943082
4.44100039
2.66646332
4.42968750
0.68497618
3.38924257
0.01349640
9.32572418
5.64005430
3.74568789
10.17533356
11.45312500
4.57466644
8.18404144
11.39355344
13.99462049
2.81853169
1.20357269
6.60313903
4.57466644
14.13716644
8.22566711
9.14973751
3.85661015
4.84464539
2.41166168
1.24165863
7.02851951
1.98665780
5.37154144
25.37166227
10.37756317
20.94571587
5.42468417
1.94942542
8.45402039
4.33504211
5.69095856
14.01732713
8.01046431
3.22310394
11.76818817
11.50435394
1.09509308
12.74696633
4.07068151
11.18737700
8.48718417
7.07857269
2.25000000
11.16406250
15.85847961
6.27042664
3.37304688
3.94140625
0.03216553
6.37845856
0.14644379
5.20534852
4.22299091
4.91878546
2.10705784
6.31640625
0.16064453
9.10709220
5.15507424
1.74271637
5.07722961
2.68343140
8.44531250
7.61283356
4.31986481
4.23649047
0.20947328
17.90616608
3.39603668
7.80033356
6.73482269
1.79927582
6.09651485
3.20036015
5.74218750
2.23197169
5.19718196
14.06746897
14.41752106
8.52343750
2.29341644
9.26472961
13.93985151
4.85791888
7.15612700
6.60949800
14.12308622
3.16418550
7.48962433
5.39789835
6.26697805
14.85758422
5.79220684
5.15491688
12.37226951
7.07996010
3.52823914
7.48335661
0.06380312
4.68952682
7.73971298
0.10636414
4.26562500
5.66015625
17.39054258
2.66809175
3.71394836
3.77237976
13.24731383
4.40350954
5.45509308
5.53747341
6.10270390
4.64497894
9.93029006
11.69710328
5.12752881
1.44287234
2.30122894
10.07889739
9.65547761
7.52209442
12.38370789
3.12740082
1.45507812
3.62996399
9.24308289
6.65580231
16.23437500
4.71093750
2.58443207
1.90722656
7.63614805
6.61437833
0.93697362
13.69095856
2.29732269
2.93997701
5.96820567
11.85591644
8.69352172
1.81722047
0.21927887
5.70703125
7.81680962
4.84770057
4.43359375
12.16227172
6.57600953
8.92533356
12.35298427
5.51330784
9.05558289
8.80122894
8.00162220
4.55143063
2.14673537
3.74564606
7.19051086
0.62430879
13.49910461
0.64249695
2.68554688
4.24251219
4.26139406
5.79252106
4.96093750
0.44693782
0.50736730
1.55482607
4.71233488
4.65279144
9.89408356
8.68635860
2.08317265
10.93636304
5.45939273
18.80561725
3.23779920
12.47566711
0.74015320
2.28336547
1.31595856
5.41925754
0.81344968
9.44531250
4.12796654
3.37008034
9.30814606
0.15799957
9.30122894
12.14050200
5.32478945
12.28230275
14.76367686
0.02225769
18.04479461
18.05431849
5.38753546
9.79255541
9.63419991
18.05305408
7.56103391
5.43136524
1.44673676
7.60164118
19.84429502
11.38972961
0.34586609
3.37890625
13.31160461
6.50675476
5.40535461
4.59464539
10.60937500
0.16210938
7.67040891
11.28466423
4.46289561
0.93383789
11.71350067
3.36657746
6.97733489
1.55106660
15.36437833
11.65816378
1.36124695
11.24129211
0.16027863
14.53974624
5.06636193
3.53797539
7.35591644
19.69885223
4.27087433
7.48002106
0.05714936
11.80033356
10.73685201
6.26790780
1.26717226
3.15820312
10.98693817
1.32751496
2.57226562
15.31072905
10.00012300
17.48437500
4.01997894
4.19238281
8.78906250
2.61181641
2.26127106
3.13203015
14.56962876
5.26709109
4.65165005
2.33081117
19.13211755
5.03922983
7.19498283
22.59130984
2.44177526
13.33158356
0.84269226
6.21484375
9.12744016
0.85933566
2.82067528
10.41084995
14.99206450
16.21516844
2.16097296
17.93688996
8.86771637
13.15384420
6.75768950
2.68026318
7.43750000
3.62740082
8.53470856
1.56099457
0.02001953
14.67443817
4.28397302
7.49524268
2.29341644
1.06152344
5.05423981
4.34375000
14.33414672
17.27827350
7.14636635
6.59765625
5.55635839
9.89843750
17.19242340
11.44238032
6.68640142
3.58699524
11.85990138
14.64383755
17.10783023
21.54418883
13.80916445
18.36019171
5.60111481
19.03310949
12.99321586
8.55224734
19.53266769
13.22131317
9.10286126
14.58195257
22.41723726
14.74072266
4.60982269
10.69783509
7.98027205
16.24768284
13.94469748
3.80599623
13.13911957
14.25988365
7.64457557
0.67073609
6.80940049
3.53780806
8.68750000
8.58593750
8.44966644
2.59622794
13.04968417
10.01855718
13.34985102
8.15136968
7.14672540
8.80505651
13.78139739
12.96213319
0.00722260
2.13085938
10.58161791
11.56107823
2.55261635
2.58789062
9.51985594
8.47997673
11.21846963
15.87833555
9.69108156
12.61763333
4.55192265
7.80078125
8.98258422
19.12190797
9.50602172
18.20491391
7.43383976
3.94779200
10.68457280
18.79882812
4.55318207
9.45117188
4.75390625
6.79324912
15.25818151
15.41857381
9.05425361
8.02893284
11.15112367
6.09643617
5.48315118
10.06543218
2.66239472
1.88326019
8.13537567
5.14152039
15.23002106
16.87381428
10.61743351
10.81274601
6.72505209
2.63937056
6.60937500
0.31587738
15.72496468
9.26185172
0.08671051
9.28116135
11.21667885
0.67448249
0.06274414
4.03519684
4.76127106
17.77598073
9.46830916
10.47303523
16.79574678
4.59330231
5.96875000
13.40299469
10.02945922
2.28507539
4.56640625
26.81494141
4.61673981
6.53214539
9.70222961
1.53409851
6.60009641
6.43505984
1.57132840
3.36084109
7.82808068
22.79878878
2.46553745
6.08728058
12.40612700
7.71887300
15.81074358
4.43189162
7.12616579
4.29436613
12.51127106
12.50960328
17.12500000
7.44083555
9.42296958
12.20553080
8.33414672
10.44071255
2.95080784
3.72159851
5.67968750
6.90970856
19.02587268
5.44483045
1.12727875
16.02896720
11.72916968
4.88773714
9.89062500
12.12577239
18.83276429
5.18314606
11.17175200
11.23962433
3.05915947
15.95149158
3.38550864
25.99828292
11.09306626
10.10937500
2.96919769
9.80033356
0.07692475
10.42097961
13.36010306
20.66866245
8.27636968
6.52779144
1.30004135
7.27006759
3.51021332
14.66406250
3.56250000
11.20267731
7.22017426
8.28275543
1.59090149
12.93236869
2.81462045
6.38972961
9.66752106
24.41788758
8.10591644
4.15697806
12.12817819
5.28470856
1.99894226
1.27343750
11.22789562
8.91875110
15.96223626
21.90434120
9.89859486
5.12907358
4.73449800
13.63537567
2.98917664
7.99218750
15.12438498
3.48543772
0.46289062
7.28116135
0.92737533
8.57329980
2.67733100
9.78727172
2.01892121
13.17190467
1.50211547
16.09297761
3.67382812
5.83935173
1.11182014
3.50496399
6.04296875
0.70605469
6.00662678
10.27071697
21.27042664
14.31738281
1.87500000
2.89648438
12.61975067
4.38415558
21.79820812
2.64079731
4.35201019
6.31551086
0.00619019
8.31595856
5.12935394
3.85989639
0.67233017
18.05187334
5.88519941
8.13972961
9.82902039
0.24072266
12.89603938
10.91955784
12.27779144
4.42277039
10.59720856
12.80635528
2.93823304
10.43367243
9.10103612
16.59631317
6.33382203
14.35252660
5.22905695
3.27388519
2.52343750
1.52254211
2.75109708
9.34745456
5.12500000
4.08158356
3.09960938
20.67341977
8.56095523
0.44632965
16.36217919
22.50191378
5.33797429
6.36283356
0.06286621
5.68750000
6.34375000
12.89325688
5.46611812
10.64050200
3.10018007
1.27006012
17.13479500
4.02536125
15.87402344
4.40970856
6.41451019
9.47802361
8.07426307
3.64274047
5.78739472
10.74212234
7.02087433
11.56595856
18.30577331
7.31542221
4.58000443
6.23693817
12.98299195
6.27146693
0.94512577
5.95539970
8.63688608
1.26704926
11.92487029
3.22684785
6.87455231
3.57617188
6.35689052
0.39017980
13.69599624
6.15210771
2.16372784
7.52918384
4.91451019
0.59480774
0.03673310
4.36718750
12.45775931
29.91288674
4.04915282
3.04549257
9.72656250
0.00429153
0.01366668
11.12154144
15.13732381
19.81120249
1.59908051
3.52762910
12.93994016
11.11039339
4.49597075
4.68070589
10.87064606
2.09765625
1.41353363
10.45287899
2.66821476
5.64798981
9.38537567
12.12756317
1.23030640
6.07421875
10.91417304
6.62916223
9.35412567
0.06530793
4.12410461
5.75951463
2.87224013
12.80468750
0.08347564
7.89363586
13.79341644
6.03995789
1.55957031
3.17804660
5.67013851
3.98872894
6.74393396
8.01688940
10.29777039
3.78906250
13.69636525
1.68840037
10.76007062
5.47066378
4.46529144
10.91406250
5.88573720
22.88407690
10.88818484
12.42277039
2.74788453
5.93188165
10.15405585
0.31522613
8.47310394
17.20585051
10.61551972
20.02916889
7.26158246
19.16409271
7.49385528
12.87333222
14.04955681
12.51831117
8.46834663
0.08528625
11.93660461
1.22692902
4.30361980
4.46786458
9.98123117
6.37814383
8.11718750
13.30122894
9.21137523
4.83114583
10.77359486
6.50895390
1.31563636
3.80753601
12.05305408
4.77897717
17.12064606
3.03401485
7.42218972
1.08135250
6.86644947
6.39600170
21.60168701
4.44868988
4.10892731
6.91015625
12.75781250
0.07517486
1.94169129
11.65820312
1.66379791
3.43750000
17.08467102
6.32812500
2.15836547
0.04756715
9.16060394
14.32612257
3.41149933
7.46550310
2.27298981
5.01436060
0.63403632
9.31595856
1.97656250
4.89363586
9.42858046
1.93364306
27.62890625
4.37890625
2.04207336
11.38191711
8.55224236
4.84167885
7.85591644
-0.00344330
3.15625000
9.32889739
0.54854402
11.65152704
0.41487921
2.64648438
14.62259918
14.05468750
5.04687500
13.72566711
1.99548371
2.03666168
0.64997947
6.56478280
0.39090973
18.19630951
1.61621094
6.50870789
10.31160461
7.48192986
9.72436835
12.56864472
9.85591644
4.12064606
3.21228058
4.52734375
11.14284240
0.45926910
5.60579344
0.53763949
1.32840287
14.30644392
3.89737976
13.98002106
9.30814606
10.30033356
3.30468750
12.23002106
4.71618683
10.42944149
1.05538120
10.35746122
5.96195589
7.85201019
1.24316406
8.87479333
8.30249335
4.41874114
5.49621675
0.25708008
2.79882812
3.68855774
13.06160461
1.13513215
4.41060394
12.01127106
8.23632812
8.82271332
5.31640625
4.33158356
1.31302887
7.58984375
12.21439606
6.39587433
10.96785461
1.94449828
5.09509308
13.06685394
4.12706616
4.44218860
3.86914062
0.26782227
0.78026908
0.29028756
1.92578125
4.53816711
0.16414398
21.10916615
15.93005651
5.08317265
5.96752992
2.46830231
0.26175934
5.75870789
6.86283356
0.09828705
16.04036126
0.26383268
0.23606447
0.52430777
3.98710549
8.99982730
0.03726056
0.88553178
8.33858931
11.49910461
5.24299424
0.93120041
15.65679932
3.26367188
5.79471521
2.12370124
9.28035461
5.14709442
2.72249390
3.00630707
7.29252106
5.23445368
0.29187292
13.55869018
1.70792664
4.08203125
13.96358978
5.10680187
3.76083333
20.71914673
12.59810394
14.60209043
11.58422540
8.42493018
6.47534242
7.37666778
2.16284242
19.21720149
12.12707115
9.99548869
6.54264406
14.25000000
3.67622894
2.44185394
14.18163564
4.63477061
0.40258789
8.90880818
4.42863475
6.89912934
12.04943817
11.92712433
0.62109375
3.27343750
7.08536680
2.43176363
4.00044769
0.73193359
0.10819488
3.71724457
17.49136581
4.88033798
15.46439606
5.48136414
3.33247894
4.10546875
6.94921875
1.48060832
12.39676972
4.78560394
1.38289367
0.07739289
3.94681793
14.38945877
9.69787068
12.05107158
11.87935394
1.08414672
1.96423371
13.00781250
0.21093750
6.50345856
0.31099457
1.11035156
6.83548981
1.73579926
6.21093750
17.88358489
2.74967531
15.04693847
5.27343750
2.75874723
0.03129183
6.44140625
8.10156250
1.55566406
12.73783356
11.82742880
3.22672983
11.15535461
0.30143250
0.29650848
3.33923371
7.08850067
8.96272828
0.33231598
6.55379211
12.09029144
3.30549424
1.11345107
4.44966644
5.38394393
0.74248033
16.56683787
