0.01127106
1.36921931
5.54724401
2.12259918
15.74564606
1.92570008
1.37500000
5.86238586
6.63761414
3.35253906
1.50256067
0.56193304
5.61763519
2.10697418
1.49654144
7.56892509
3.58207557
2.63024933
4.37890625
0.13488770
17.29779976
7.85649711
6.85111481
0.08821625
3.56282469
3.04239805
0.54614445
6.01171875
1.41210938
0.35896727
4.89766511
2.93029754
1.87776734
0.84814453
1.21679688
7.18045989
0.24340883
12.80806488
3.92248504
9.47566711
3.01155640
5.28125000
18.13012633
4.21256562
10.56339539
12.72823059
2.69620789
7.58972075
14.49576906
3.75911126
2.89172706
8.74205453
12.04656028
2.09029144
24.60221281
9.52582337
5.54200465
7.34810394
10.52291112
13.47032913
1.93368240
2.83170656
11.68750000
12.43212766
7.05660128
8.15563373
10.20911236
13.03906250
9.11539672
1.02380402
6.35891734
2.66647329
3.62740082
4.71776596
4.20357269
3.54350509
6.77412124
4.32494681
6.78284906
7.19026485
1.46688054
2.86673981
7.47708888
0.34220648
2.97412109
2.17338043
6.62154144
1.70605469
1.97851562
0.70560699
3.79536957
3.42968750
1.09375000
3.25789118
4.53853612
4.44461880
1.91129765
12.82767731
9.05468750
1.41817230
0.75736481
0.16109223
2.70072418
6.06327239
2.20084718
17.41625665
0.39331366
1.71777344
2.96655087
1.15161320
2.16479492
2.83158356
13.04341644
5.89062500
1.23754821
0.11442078
9.72183954
3.55924811
5.14754211
0.59025086
6.76061544
3.39636635
9.01395722
1.90376801
12.60221188
2.09069980
16.78267426
0.52276237
6.48096077
0.92919922
1.47664367
0.04350800
0.59175629
11.34943706
7.04029255
6.73917664
17.05997119
3.35799756
1.66064453
0.63968902
4.37935394
3.99804688
1.23242188
2.40580231
8.48425200
0.63879488
5.32031250
6.00044769
0.34716797
9.73982477
4.47603612
2.98677582
8.14550781
10.26908356
1.02486176
0.07765961
0.27323395
9.52254211
5.68383301
2.94832336
4.49743683
0.68750000
3.48046875
6.43741135
9.24227615
4.88281250
1.50931793
1.72017426
15.15494439
1.02987007
1.71732574
5.93794769
13.82722961
1.67667664
2.60546875
7.39306516
0.95166140
0.72851562
4.29296875
9.80580896
6.54575354
0.27971990
8.65389101
19.54687500
5.81026153
3.83426972
1.19921875
14.28816711
14.35701477
3.72249390
13.64550781
1.46386719
6.96080453
7.98165946
8.21964539
5.83007812
7.25357056
2.07421875
0.79858402
12.88651706
7.03125000
0.81933594
6.49609375
3.32271332
0.70117188
5.86681849
5.38708776
2.17578125
3.87064606
0.37959809
4.87779921
0.73165697
2.01293883
3.64811281
8.44173094
2.66862062
7.17008422
3.20463043
2.74637910
4.03771942
2.01696808
1.28442321
3.16674867
16.21439606
0.12715637
15.01127106
17.65625000
1.59163453
4.77136199
6.82877438
3.68233433
3.08353668
0.81294769
0.29467711
12.20581117
2.52884918
1.65279144
0.04891968
0.66992188
6.74735504
9.65553243
6.23315492
16.50003436
5.93970412
1.99121094
2.51171875
0.00977325
0.36254883
6.39709442
0.43420441
0.67919922
10.59977172
10.03304078
1.29101562
13.54687500
5.64062500
0.81103516
1.22460938
0.01009369
0.63480621
12.60066711
3.97326629
2.12377992
1.20019531
4.44941047
3.44577016
9.62780917
2.62500000
4.54642731
8.35245789
4.38883422
0.93212891
3.84366883
1.82999695
7.45959442
11.69620789
2.28755707
8.39062500
0.06103516
0.24377441
2.91824912
4.80440713
1.47949219
5.85428303
2.14197307
9.15279144
4.04821808
9.59724291
3.71090314
9.82466644
0.98388672
1.50834137
2.92728668
3.62450798
1.59237007
7.74788453
2.66015625
4.83203125
0.35180664
0.40632147
2.97798925
3.08007812
14.52689606
6.06852172
4.41585328
2.68831173
1.60901097
1.10351562
14.06314938
2.46158688
1.42989417
1.39693207
2.53543662
0.75948526
5.51814384
1.77677803
9.07238738
4.78560394
0.98535156
3.83487976
4.59004544
0.57987644
0.38053250
6.62300753
1.43457031
3.71634918
5.00044769
5.33593750
6.40356383
7.85725953
15.14580375
2.02466256
2.07913841
11.64541667
6.80551418
6.61161347
7.24654144
23.12845856
7.23046875
3.02974457
1.15279144
0.24951172
1.88391168
8.78918550
2.05904144
15.51639739
9.65612700
9.99410128
10.26216644
8.06925476
1.38138824
2.90474457
10.96439606
0.40620941
2.76562500
3.28497113
7.20597850
1.99218750
8.20914672
8.08724319
3.19018617
8.95991911
8.17289339
9.98400599
6.97693151
13.15625000
1.90527344
0.01171875
0.01544189
2.95312500
6.71402953
7.68807008
4.16015625
0.72416168
1.18277953
18.49016877
1.65409270
2.47729554
8.87500000
16.29740138
0.18888616
0.04605103
0.87355042
0.95373504
4.79777039
6.50435394
7.54207336
0.98527039
3.45117188
4.40625000
6.84960938
8.12500000
3.31835938
0.02725220
0.87792969
6.25883346
2.85697418
3.11027039
2.31274227
10.26843417
1.09118683
0.97985204
18.99459330
1.13529449
5.89888519
3.64648438
3.55664062
0.26269531
4.73828125
0.01380157
0.08837891
6.82181793
3.51680076
0.84062112
3.62890625
2.11958832
0.56494141
3.76932458
8.55249335
1.10982269
0.87214712
5.79704233
1.26269531
9.41137633
5.75028535
6.42968750
14.36376953
0.23616547
1.66359955
11.98091644
14.79148346
2.16255707
7.06235504
13.40075466
2.21643284
1.28808594
4.41162109
3.10265958
4.35827792
5.81640625
11.92443817
0.41589387
1.05859375
2.17871094
8.87845856
9.78560394
0.22733551
3.83540863
7.56250000
2.59960938
2.21679688
0.65969267
3.19258699
3.68070465
1.67915863
1.03130704
8.80680422
3.02372285
0.97896332
2.48933899
0.84268635
11.82707225
10.16674867
0.39693207
10.68570922
4.72444703
1.36673981
9.49475067
4.98378935
7.09880762
3.84302194
2.93768268
8.27685173
1.24508034
10.00948028
1.01688317
7.48832557
0.77758602
3.79366245
0.61824524
0.26407898
2.56003099
2.42773438
0.25944000
0.43717469
4.27343750
3.81054688
2.56205231
0.27144379
7.14062500
2.00390625
5.08021503
7.03472351
1.72196504
8.49360927
1.34871648
8.28125000
1.77620235
1.45276097
1.61035156
9.06595856
3.82859335
0.42830881
1.72382827
5.95854166
0.82983710
0.39599609
1.25895141
1.96620728
2.40775543
2.18599457
10.17217499
4.17923981
1.55362976
6.12064606
11.94897157
4.55167664
4.65535461
0.04728211
5.63775635
9.40189606
8.76802582
7.27811614
5.46529144
1.45634004
0.29488129
1.70388866
2.13839649
4.33548981
3.76220579
2.83980441
0.66894531
0.66440980
3.18884308
4.20312500
13.84362700
12.15100067
10.64164339
0.88423676
4.22103882
3.96145889
1.08647384
7.93058289
3.98347961
2.22745789
2.80371094
8.92968750
6.62052305
1.65682070
1.58446643
6.60889295
1.26269531
3.08894836
2.63761414
7.23046875
3.80411680
3.25643007
0.51855469
1.60013824
0.77198625
5.40064162
3.71093750
0.02026367
0.52494293
2.06740564
1.29607823
5.52612367
4.93058289
4.75044769
6.10156250
3.32181793
1.50630707
0.95166016
0.50126067
7.45536347
4.00089539
8.98604278
5.30351045
5.88326019
2.50541168
9.14797984
0.70988973
0.87548828
3.10408756
2.62523159
4.57857269
2.87109375
1.45951324
5.07564301
2.67683899
6.08536680
0.89306765
1.01835113
9.45747894
1.60644531
13.99564606
8.48425007
0.94657940
0.30371094
1.03283358
1.32181793
2.00916441
10.26389183
3.61523936
0.97509766
4.54687500
2.82670074
3.69966644
4.06160461
0.74826839
5.68518284
6.37243683
9.59517177
1.54935948
0.37866211
0.53763824
1.13433848
-0.25837198
6.78515625
10.71875000
0.07849121
13.73002106
7.03222656
8.66060394
5.47656250
1.94726562
7.86283356
2.58461506
1.30108654
0.21093750
0.44525146
4.88671875
1.63964844
0.02420044
5.65625000
1.29199219
0.32763672
3.82062626
1.89672291
0.62101756
2.46077515
0.16701170
7.11027039
0.19189515
3.79609265
4.99687610
0.24694824
16.57915781
4.83099844
5.22676419
1.65612949
1.77237976
13.41292110
1.82536015
0.39160156
0.07597839
7.50826019
9.90881317
1.63167359
0.60843902
6.92198804
15.07321032
0.97399933
1.96439606
0.30133482
7.28483156
2.36930297
0.24540254
3.01597906
1.20069481
6.39465425
0.62841797
11.84708555
5.32478945
13.66902649
7.33292664
19.10323028
0.24222871
20.38711215
1.00351285
19.88476562
1.00781250
9.23881012
8.99511719
3.17622894
3.76713043
5.56207171
11.22596741
4.10063275
4.21350067
0.74153687
2.16497909
8.32511414
3.47416168
1.37666840
10.05033356
1.66353363
8.05033356
0.01118988
2.73828125
4.23016845
1.10141511
5.87109375
0.35860199
2.56997633
14.11975067
1.64982055
10.53250942
3.56933843
3.56685394
2.45943207
5.85742188
5.83939606
2.13431793
6.60697418
6.72692653
11.74511968
4.80289672
0.47497590
8.12500000
1.51171875
4.63222685
2.13775210
3.00345856
8.45747894
0.92138672
0.16455078
2.02742243
-0.02205134
0.02890015
0.86295700
9.20658356
13.14408356
4.16451019
1.02974457
0.72680602
7.15112367
8.17264739
6.18237367
5.86718750
0.82466644
8.21875000
8.42132869
2.62164006
0.38256836
3.62695312
0.00357819
0.11907959
3.08451324
12.92419216
4.64266179
1.91308594
2.49173981
9.80802305
1.77933871
9.44750665
2.89038397
0.11560059
1.27540372
0.01412393
5.86201685
6.45369570
9.32320347
3.39314540
3.10795323
3.08398438
3.85111481
6.21426723
5.52308842
2.40820312
12.07279449
5.62109375
4.19140625
1.62837738
0.42480469
3.37551880
18.97930908
6.99210570
8.54252106
5.09586547
6.15266844
1.34843113
0.34985352
0.59594727
3.02148438
3.44726562
11.44877106
5.61328125
0.79048676
1.28808594
0.39648438
1.54029327
3.22896332
0.69898831
12.64920989
11.15047429
1.25292969
2.02286431
10.84285835
1.78208373
4.75915558
4.17871094
2.23091644
5.13769531
5.66752106
4.08939606
9.36372894
11.94787567
5.02913453
17.58837766
7.04929522
12.64703567
5.06250000
5.80219305
1.23731715
0.82983398
13.10937500
0.80712891
7.06770501
15.10026374
2.85892731
3.26704926
1.90527344
5.39453125
0.29945950
17.39477726
5.96875000
19.24129211
0.17045105
21.19550422
1.74740746
5.67427582
0.20654297
2.85209137
3.65926086
0.64147980
0.49320465
0.49605316
2.73779498
8.14858044
10.07377106
1.84419769
0.84379059
11.56347656
5.70357269
1.11771637
3.13521332
0.57714844
0.70458984
5.81721299
1.32552748
6.18103058
1.77539062
2.73677582
0.60742188
5.09375000
5.21386719
9.27229610
1.17798038
9.12935394
5.37597656
2.55513519
0.16442871
2.53624834
0.13611494
0.12152100
0.59901428
3.92728668
5.45613586
9.64229278
1.96451906
6.28906250
5.80859375
1.58467559
1.53251191
4.17787075
2.25065094
6.48290891
6.96586214
0.41959656
5.73828125
0.57214355
2.87500000
2.66992188
0.10516167
10.29545074
9.41646332
6.37483267
7.22941538
0.65917969
6.60546875
3.26367188
2.20117188
1.96621990
1.09512744
10.87317486
0.46870941
7.83984375
1.22220856
1.00826019
12.69441711
5.50698582
1.20098016
16.60168550
2.90747008
1.34733156
0.19852723
11.03116852
0.66451019
6.32258533
2.76139904
0.75000000
7.62571809
0.73471464
3.93599457
5.56685394
0.19641113
1.40098976
5.19678856
4.94962212
0.63729194
1.04101562
1.55863434
16.82855038
0.47432652
1.36621094
3.18212891
0.30371094
0.40299438
0.65071656
0.11102295
0.08409300
10.16674867
0.37080902
6.20658356
5.37109375
5.02229278
1.90856965
8.76562500
3.37337157
0.82580660
2.72177777
2.38621231
6.30615359
3.40714539
9.44877106
3.53845215
2.63688110
8.97874668
3.93755429
0.33304840
6.59529477
0.79235996
3.81750333
0.15881503
5.75390625
2.94531250
0.58341461
12.68314606
5.28922547
0.71093750
1.31070922
6.84163453
2.88387024
1.02433289
5.90189606
0.41603483
2.24755984
14.85502106
4.53470856
2.36417664
10.53470856
0.00987763
6.67410351
1.67611591
7.21183289
0.82128906
5.16841644
2.13085938
0.39334163
0.48266788
1.36275238
3.11914062
3.73933899
11.88052970
0.14282663
1.11604797
2.11612976
1.00712004
9.87589539
1.29227754
3.03125000
0.50944758
2.57804632
8.00000000
0.06530762
6.67968750
0.85791016
6.04324912
0.68237741
4.47826463
1.27047346
4.78592864
11.47566711
2.40275210
2.24804688
0.28325072
2.02506593
2.79296875
5.42732452
1.89632203
1.96801696
10.48527039
6.33382203
0.27124023
0.38500914
4.17366578
2.15625000
10.36027039
11.44877106
6.32857269
3.89648438
14.34101301
2.08240026
1.50000000
9.98437500
7.83744293
3.35591644
4.80602903
2.82328402
0.71826172
10.07466644
1.83886719
4.11616911
18.24666445
0.03618378
0.22000179
7.61352726
9.63716644
3.06250000
0.83288481
1.09289644
6.70703125
0.02051788
5.63692044
6.59399601
1.00878906
1.90527344
6.60351562
8.38281250
11.17187500
0.09495025
12.63649713
8.91371342
7.10603945
8.18660461
3.58728058
9.64408356
12.26171875
1.95312500
3.46679688
1.07661957
1.98925781
8.16406250
0.80322266
8.37756317
0.15600617
3.43554688
0.17541504
0.57275391
14.28381317
8.24206450
4.10061126
0.74388963
10.96782025
4.47534242
15.61869293
5.14525931
10.73844858
1.64041085
4.78305075
11.33593750
3.33532746
0.31571441
9.28023161
1.36828707
9.10095246
10.29252106
4.34029144
0.03986327
0.21695984
11.74820922
9.99938498
11.19621287
13.60737257
1.71098681
15.23002106
3.56685394
5.60611813
2.45247562
0.62060547
6.33353668
6.87353391
7.32222628
6.12947197
7.05172096
2.44185394
3.12577239
3.74487367
1.61470551
11.79227505
1.26827183
4.57124225
3.55286236
16.51847351
0.97896207
6.13293550
5.55468750
1.72843445
12.43212766
11.71106050
0.04492219
1.46244293
6.69005320
4.06820700
1.70019531
8.00211547
6.94877106
1.05594941
0.48338432
1.67912178
0.21203613
6.88476562
8.21582031
9.53804411
2.97758089
0.86572266
3.46545379
2.32946808
15.39941406
1.26810699
1.92134613
2.25390625
1.52669188
2.86600178
5.25867353
4.53515625
5.30065918
2.70914298
5.43197030
3.37500000
9.44006317
4.24321015
1.03275543
3.02974457
10.84179688
0.78975371
10.62243683
5.47211991
3.74317154
7.39268618
7.40463652
8.46683622
3.17335800
1.96625110
1.99369293
9.65869016
1.66284242
2.39521499
11.60999002
6.59200354
13.82714595
9.00818151
2.98466035
1.31838989
4.04687500
8.87410461
7.04919216
4.47367464
10.87512300
0.39099152
1.64843750
7.15429688
1.17647122
8.17903812
3.11576075
2.22648382
0.71093750
8.15445922
2.78510445
4.21944370
0.93156880
7.93354943
2.41203069
0.32434175
3.68750000
0.17395020
4.79296875
0.91796875
9.59520612
6.36918993
6.90445922
0.53934785
3.44335938
12.63281250
21.43676696
4.45288148
8.87642177
0.00736730
12.05033356
1.01900238
4.90580231
2.02689606
12.53100399
0.82340702
5.17069426
9.05391511
8.44531250
7.44531250
10.39843750
0.66609493
5.68473515
6.92187500
1.90039062
6.26517731
1.37508117
3.44380707
7.19787567
1.40653535
14.11283356
6.92622894
3.68554688
14.55114030
13.50265181
20.41137633
5.04264406
10.88544438
12.70049312
1.63281250
5.10492244
15.36773381
1.14050200
2.58235594
2.14823581
0.91796875
2.05593944
2.29269337
0.34985352
17.72029477
3.69376773
5.91560727
16.34964872
5.19324011
6.40648604
16.10575908
4.43652593
5.03291778
7.08764711
4.01550200
0.99922761
15.20122507
0.96379598
11.04252106
4.79130097
16.27587766
0.98486453
2.43660461
4.87198914
10.01953125
4.65970856
1.16520141
5.69071255
5.40873448
5.41060394
1.80175781
13.18375243
4.26449357
1.04349762
12.91369349
5.39445257
0.63911957
6.36372894
4.15234375
5.30191268
1.30550919
5.39709442
7.04972351
5.45967621
2.38537567
5.38415558
1.11718750
1.66796875
2.07710661
3.14164339
3.44140625
8.23880763
1.56392675
9.49385528
6.24819925
7.99968528
15.89490471
3.03824134
8.01448360
3.91609929
0.76025391
2.40222075
2.91430602
12.74666445
0.48763062
2.13175227
1.45817265
16.51127106
1.22163910
6.31339539
0.49108856
10.51127106
5.42020722
3.09179688
4.19140625
8.60156250
2.92008422
2.10725953
6.48476840
5.58554410
1.89461242
1.27681488
3.58353668
2.78165337
7.04512854
1.38984763
0.86727366
1.54980469
2.56216036
15.49968528
3.85807624
9.71353502
8.18490248
5.85554992
4.51997894
2.24458832
5.96048981
1.93892426
8.35937500
7.51871454
2.06917608
4.39160156
6.62890625
1.39941406
0.08524566
14.48156707
13.50179078
8.39692709
4.92684397
2.53682403
2.14648438
7.38114472
6.15234375
2.84224457
0.14953613
3.47448637
4.01139406
3.09480774
3.81579621
8.36885528
5.56083222
4.38281250
6.99519836
7.48233821
12.36576573
2.10892731
8.37589539
5.61490470
2.21126717
0.63134766
17.00848552
5.07971409
8.20312500
3.08987811
9.78467420
6.48587545
2.71965037
16.07287567
15.32722961
1.85087129
0.18777829
1.08536929
8.70019531
2.28531860
7.45491578
4.39843750
0.39721680
17.03470856
4.92521055
6.09086214
1.20996094
2.78877715
2.22249390
10.26562500
5.41784575
4.03182070
0.09265137
2.01831055
5.25301086
1.66202820
7.65234375
6.38627106
6.47045814
3.23962433
11.51127106
7.49609375
2.37068540
3.32507480
0.31083160
5.01244681
2.89522745
7.77298981
2.56685394
6.69006317
11.92712433
3.70031583
5.33048648
0.06520600
13.18660461
3.63476562
0.01075257
0.06396484
3.45507812
1.35359680
7.73917664
0.89453125
1.05179217
3.99605939
2.92968750
10.68750000
9.09195922
0.87487824
2.26757812
2.14652372
0.15983218
3.36450133
4.19799867
2.96687805
6.13146942
10.02522828
2.97070312
11.20149158
1.86145611
0.19641113
0.93241363
0.83898895
5.35725953
0.29565430
7.15095634
6.01253546
0.47713320
2.20075989
2.28967254
7.82083888
0.81429327
6.82332336
8.95312500
2.53100399
0.82633671
7.91328887
9.74743683
1.21964539
2.45336914
9.82942376
2.84635749
1.71191406
11.44877106
11.79323915
0.98455230
3.76708984
7.64843750
1.17533356
2.15625000
8.06444814
12.00061502
1.97054078
0.24096680
5.14990234
0.12469482
6.53035461
7.77075133
0.13326082
6.01713043
5.08703458
9.29585661
6.48039007
1.83390320
2.65238309
5.15274712
2.77254709
18.79122894
1.37048371
8.42879211
1.95251496
4.55379211
5.84810394
5.38326019
0.54626371
3.85986204
6.62666778
0.73039007
1.09082031
3.59086090
10.63814301
2.24609375
0.75008117
3.71183289
11.64318817
0.16569031
1.27399885
0.12858904
12.88521332
4.20511871
14.28125000
0.05812592
3.48046875
4.52298981
2.01216644
11.01223516
0.38327266
1.09521484
4.80859375
2.99023438
11.25768950
9.97143617
3.36169465
10.56250000
0.25463836
2.21769226
9.82812500
4.14062500
9.47517509
1.52820229
10.36718750
0.40893492
1.12377992
8.22643950
10.67155031
12.31056628
1.95550642
11.42856052
3.89956448
0.83398438
6.08548981
3.25826019
3.29642731
1.29439301
5.73828125
1.62695312
12.32812500
0.63742605
2.71590647
4.93314606
1.75435394
4.53059813
10.39497894
1.27319398
2.24068207
11.65612700
4.10725953
5.67366578
0.57208760
5.67338541
11.20056183
1.08841949
13.67923981
3.82902039
6.49194242
5.70324800
11.74312223
1.08109652
7.80078125
0.46313477
4.39603668
1.33105469
5.35982269
2.37890625
6.14965758
6.16630097
8.23091644
12.17187500
5.85457336
0.83227352
10.35030308
7.86470551
15.46093750
0.79833984
8.46093750
6.05078125
0.23498535
6.29038624
7.24308289
1.47204621
1.77396637
7.33894836
6.86853058
3.73632812
7.34375000
3.50585938
13.22265625
9.33593750
2.29882812
3.09720856
1.58736176
3.58398438
18.27967834
0.84867340
11.29252106
4.45792664
10.97566711
5.04207336
2.09554078
7.52315215
11.25781250
1.66239472
7.77844083
1.77917636
5.08984375
9.26179743
10.12002134
4.14619903
7.56473847
10.36378967
3.33878601
9.65978973
8.60290558
10.04597961
1.61861176
2.58560783
0.36503518
6.55814606
2.53186004
2.94515015
9.09570312
3.04268340
6.02958222
1.48730469
5.90100067
1.80623227
0.76200535
10.01127106
1.14986176
14.15989898
11.05277372
4.72501773
3.56925476
7.43404144
6.74490803
5.30485483
2.92289339
10.35502106
7.33158356
-0.00832092
5.35546875
3.15295379
1.90661652
20.35663454
3.42733100
3.78048758
1.08789062
4.93225067
3.07165558
1.00976562
5.86149047
8.44685727
1.65649601
2.79864502
3.00000000
1.73889129
1.23339844
3.74849457
5.64542664
7.42354278
9.08817597
3.33654754
3.96423371
9.44698028
5.87845856
6.43627992
14.24369148
2.68204400
0.39290905
1.69389068
2.42667664
9.76171875
14.58064758
1.26359070
0.41137695
8.00781250
1.41503906
12.84106383
3.20446808
2.47985871
4.84329234
2.09030141
3.75444704
2.23338651
3.74263519
9.48425200
0.15734957
12.15010528
4.49072266
5.19185394
6.29866578
18.17341977
15.72477172
7.52714206
5.72945036
3.65970856
1.29008089
13.18391844
6.88684175
6.59419769
7.41015625
7.55859375
3.81835938
11.57377106
2.76672332
7.94792444
14.06366134
6.03708000
3.54744445
1.21529144
0.06525665
4.20011414
9.04687500
6.93269836
1.32609070
5.28324247
5.28121066
2.95092587
11.28060062
4.78515625
3.45527981
6.82881870
10.88577904
1.00635139
2.30220551
1.50887024
6.25630707
2.24564606
7.16707336
0.30281617
3.42589263
3.73437500
1.00960328
10.24898161
1.12451296
2.74023438
2.21952239
0.75190818
0.53674784
2.23376496
12.99055281
10.49487367
0.58736176
1.74731383
5.50915558
11.19966644
14.25000000
2.02433289
1.78613281
7.70524047
6.04625001
3.39214538
7.87866024
1.03141484
1.10661111
2.17171265
6.44758533
7.84188303
5.74450466
9.76778479
1.59179688
4.05033356
8.88745849
1.92757203
3.73828125
1.48291016
1.30086242
5.76517731
0.73185242
5.15279144
8.84146720
11.85974401
1.48246122
0.67822515
11.18212766
11.66113032
3.01701241
7.28861481
4.92232269
3.87109375
6.25646942
9.24719083
2.74243351
1.10339013
2.39172706
5.17187500
0.49487305
3.11307458
5.17208167
3.56791168
3.53397551
10.71016511
8.95658356
4.25870789
3.41206505
8.08207557
6.59765625
16.12500000
8.12845856
9.23812347
7.64933289
0.62923094
5.11250886
21.66060394
12.82618620
4.03829011
9.37935394
7.69653258
4.88752549
5.43201462
0.51224762
7.31046321
0.63627355
5.05379211
2.43370055
1.12334718
1.34594727
4.12064606
3.66841644
2.18945312
11.68660461
5.00866357
4.23051307
5.69095856
0.26045746
0.06420898
1.23193359
0.40820312
2.84960938
6.98392731
6.52765847
0.45183372
7.44966644
8.40987090
2.41426419
6.87703679
5.15055297
2.29752438
8.37614140
1.13236481
1.38911957
2.18408079
5.03271609
2.92724609
3.54252106
0.62202973
4.94877106
6.77779144
5.09330231
4.02290863
14.40535461
5.18404144
0.11183686
3.99342346
8.32377106
3.61328125
13.48828125
13.46084885
2.98491134
11.73005541
1.61564771
7.13281250
14.24629544
0.24369480
7.53808594
4.78125000
7.37109375
0.90332031
4.05488919
7.53060062
10.20389739
0.56461672
3.62304688
12.50846188
5.36849124
0.81205231
3.93119293
4.64933289
0.59472656
2.57633422
8.28304078
10.98002106
4.75435394
5.72139185
4.61409796
1.82076019
0.72969512
11.11063691
3.92488586
1.50187195
5.87845856
5.31506317
4.09795672
11.53650463
1.57401457
5.09041445
3.79695617
18.33443207
4.92720551
7.72611481
15.30904144
3.50781250
1.83978759
0.94561280
14.50781250
3.84960938
1.92879211
0.89306641
1.76847351
5.93359375
6.46875000
20.68314606
1.57324219
4.63538428
9.74724512
16.30269379
1.08182770
3.90820312
1.47070312
10.48091644
3.27929688
2.87890625
0.01295471
5.84829566
0.81186059
0.24584961
0.56664852
0.69950535
0.98042816
20.14261871
3.15808012
3.59822695
6.29642731
0.01126618
7.26045435
14.87882757
8.46964539
8.51127106
5.06730164
4.44877106
8.45133422
1.19177028
1.71627050
1.75240082
5.15189606
2.53951019
3.07137024
3.04561309
6.58125886
2.78125000
3.44547485
6.25455563
6.58609486
0.48242935
12.75874225
3.29940381
11.40279144
1.02494293
0.84468598
6.50781250
1.20759946
8.25972628
5.27388519
9.96695922
1.03694703
4.80859375
3.87509310
0.43695921
1.15820312
5.35937500
6.51562500
6.31115692
1.42789703
8.84554078
2.26021332
0.74023438
8.61035156
1.56640625
5.54296875
11.10758422
0.43929078
2.24767942
7.10648714
6.23384613
3.66796875
0.92484527
1.50142426
16.74218750
6.93801688
1.16906832
1.68514350
0.23461914
1.97851562
3.71590149
1.21040739
10.23193484
0.81441254
8.74552305
1.69901457
4.87089206
9.50345856
5.46785461
9.34118683
1.65722656
7.00532802
2.96102116
0.46944184
6.42601729
3.73560380
1.59313747
2.20231327
8.92533356
1.47745789
6.81372008
8.65464295
16.12622008
0.15682070
0.68945312
2.93484569
1.58566212
9.97656250
18.17626330
4.41614361
2.10302610
9.29443484
1.52140320
2.57857269
15.72578887
8.70491578
0.09413666
7.26536902
0.40845910
0.37060547
5.78986924
1.72351728
2.06134863
6.78809840
2.14843750
0.16115202
4.59912234
1.11914062
6.66617797
3.77944427
5.33233155
0.11523469
1.39192314
0.77770280
2.31364638
11.49120346
1.31002548
11.14408356
4.12735151
6.29887743
0.59082031
7.27734375
5.32153258
0.61547914
1.45703125
9.05289672
3.90661652
0.93216949
2.01456726
6.12776485
2.07145390
1.31559203
5.21299369
2.11496896
7.69173094
4.60860261
5.43404144
4.92887079
9.91878546
8.51562500
19.71748560
3.39253878
1.11165531
20.71069274
5.79772607
12.72013741
3.89497894
0.21960449
3.82592088
3.84595412
1.33398438
9.67215537
2.78189938
0.31401166
7.30814606
1.65767426
5.01171875
4.87109375
9.14318817
0.81237824
1.78515625
7.44417110
1.20621828
12.54008089
6.22139185
2.27726507
2.13220246
6.78560394
0.76220703
5.03906250
0.00534058
7.44619424
9.59778922
1.06648742
0.35856141
8.53906250
1.42435699
1.88903133
2.81125553
0.25443512
7.73783356
2.27087433
0.54789215
2.30859375
0.56490082
7.23002106
5.84029144
9.26127106
1.50044769
0.03726196
0.87207031
1.36523438
13.13154810
11.11481173
3.02531194
6.69026641
15.52779144
1.89925172
2.65445922
1.95527981
1.23161015
5.36238586
6.14876219
1.17590425
3.30753601
14.73331939
1.61612976
3.26924590
1.85966035
8.04687500
3.90872950
6.78462987
3.98095579
5.48148714
0.38916016
3.86151984
2.23658410
6.37845856
9.19531250
9.16070214
1.67102393
1.37109375
7.71439606
4.86136747
2.24304355
1.28027344
5.89408356
2.84606591
7.49914893
1.51021332
0.89404297
2.90484557
7.75569703
5.83292664
1.39213043
4.65474457
1.00154602
6.26607269
7.00948028
13.14331117
6.04687500
4.19140625
4.74609375
7.02693041
2.22652814
1.75992797
2.98421265
6.37500000
0.72835079
3.55627659
0.31835938
13.91845080
0.69287732
1.99218750
4.28125000
7.63150377
6.67501260
4.60046542
6.25659242
4.94140625
7.83939606
3.98409027
5.50691711
1.47941101
6.27734375
6.55387079
1.12386358
7.68810506
1.92126994
2.79101562
2.35571289
2.54296875
1.27539062
0.35095184
3.90323914
9.02388519
7.83850067
3.05212433
1.69193512
3.59765625
2.01171875
6.71048981
4.38326019
5.88281250
2.58247271
2.55375775
10.07812500
4.57466644
1.21020446
13.74174395
5.23568373
1.38033051
10.42533356
3.72505707
0.23522949
4.14745845
3.84623448
1.67525238
3.27265515
1.90214954
2.14424590
5.26696808
3.42667664
8.25166778
5.34598847
7.37084899
15.58532248
5.49835163
1.74518394
2.47070312
6.19518950
7.62858156
10.37744016
2.12105441
9.68314606
1.28621399
0.09252961
0.84130859
5.08239528
6.77368351
18.18293440
4.49577623
3.36792054
10.42187500
0.71341949
7.41451019
4.83593750
16.25366024
5.53841312
2.85546875
1.65572113
3.25826019
8.49987700
13.60514406
3.37304688
11.51606273
3.65625997
2.36718750
10.53885085
1.34005540
4.63281250
7.56896942
12.30921069
7.62150709
6.84765625
0.18505859
0.82279449
1.30249875
7.77624667
1.36417664
8.44238281
1.35599762
7.06640625
8.97656250
3.98872894
0.01551819
2.39672665
7.93685062
2.52193207
10.20845551
10.18253103
4.43075022
2.52884918
3.20943207
3.13281250
4.99584774
4.05102726
0.58300781
2.07861328
4.57421875
9.14111238
8.41060394
9.02343750
5.49564606
1.52290863
2.07421875
0.05737305
4.24629544
3.32940258
3.42186058
0.39135742
9.13252528
8.42671847
2.25012300
2.43013519
10.28470856
5.08743795
2.14889018
9.30122894
0.00883484
7.37019836
5.95011414
1.13334137
10.79687500
1.78373199
3.90441801
4.73840425
0.60245789
14.35937500
6.31106048
0.65917969
2.19380707
7.53535794
9.73372562
2.54829677
7.49902593
4.45312500
14.37064606
7.52420989
4.53092531
2.74023438
2.00878906
4.51517731
2.79146332
19.21634918
0.91939301
0.03480011
3.85937500
5.68225067
10.72054078
4.08113586
6.80948914
0.40429688
5.09960938
1.36673981
2.80318207
11.25833888
4.22212987
2.19962524
14.88285233
0.92480469
6.35546875
6.56640625
0.15702239
2.97579011
1.20019531
2.55989251
9.72526374
2.14213043
7.67578125
8.82918274
2.54821808
7.26562500
5.05078125
6.75736481
10.36718750
0.45654297
2.98392731
5.27042664
0.30249023
8.43749003
1.70508809
4.99564606
4.59615082
3.17923981
2.84224457
2.22265625
0.43920898
3.25976562
7.50000000
0.26074219
1.60896789
3.09615082
11.43013519
2.07181793
11.01562500
4.16841644
16.10502106
1.67525238
9.53906250
9.45633507
9.69877106
0.23970551
4.20703125
8.17968750
2.82137024
1.10982269
2.95943207
11.29687500
3.73437500
2.20812957
5.06774933
5.35164118
2.10103612
3.85786957
14.75667110
2.97184452
13.22231933
4.25143173
0.02685272
4.23917664
1.22953153
1.27685671
3.52982325
1.97257757
9.79687500
2.34964872
15.53662234
1.96679688
3.04927582
8.12500000
4.14843750
2.79895020
4.87500000
0.75000000
11.00781250
2.36494903
5.96317597
0.41639948
3.15031194
0.24108887
10.19095856
7.11861176
8.42879211
1.13956726
1.05131012
2.47115082
8.71093750
5.40490692
0.76964865
13.48645487
8.31945832
3.98978668
0.57027191
7.32031250
6.49609375
2.38041168
6.61763519
0.31925290
0.17342289
4.30761719
4.55423981
5.52779144
0.91455078
5.10156250
1.63041168
13.38236481
4.79800643
2.11890458
4.96394836
4.01863586
2.42561890
6.38281250
6.01908356
5.01281583
2.97546542
7.48437500
5.69974513
7.56366579
9.30498780
4.59611148
6.22176086
4.90144836
7.20100953
10.41752106
1.60172485
3.29475953
2.22265625
3.24263519
0.37011719
8.77652953
34.12634308
12.69429411
4.13818484
7.39387190
2.18425310
1.54154449
6.72310394
0.34358579
3.29834109
9.34720856
4.31339539
10.71872457
3.56144725
0.44311523
8.43855774
3.01021332
5.84375000
2.97505707
11.02148438
13.58890777
11.47733489
2.90823250
2.90740137
6.93013519
1.21065215
9.18058289
5.20446808
1.59525543
5.44998117
2.93718528
1.85502106
6.60937500
4.17622894
4.18872008
1.23022523
2.83943664
9.98937833
2.99784519
6.53861481
0.19954437
9.65625000
1.47363281
5.51953125
11.12064606
2.91617797
1.11881531
6.25480164
11.34708555
6.76664339
3.59179688
3.03075050
10.23300254
2.90714539
4.32767731
0.74507660
6.23437500
0.81864348
1.10966035
1.67818207
1.78072113
7.07767731
5.50435394
1.08300781
7.43469083
10.53226839
3.24788453
3.18750000
11.69173094
3.78694703
8.81818706
1.27299977
1.43261719
4.10111481
15.03169769
6.25390625
5.54341644
3.90010528
3.54968293
2.93839539
2.01159575
3.52311281
8.40262412
3.89034463
6.78125000
2.65250610
11.27958222
2.13281250
6.88627106
3.09378436
2.14645002
3.40474457
7.54406583
11.60783023
0.79740387
0.53263367
8.57096188
6.79231937
2.73632812
1.55078125
2.96980774
3.29679383
5.79463653
1.61022856
1.88322085
4.55423981
5.17232269
0.38110352
0.58406555
3.25089539
0.88763397
3.81774933
1.25390625
3.19726562
10.98783356
10.08942533
5.24481439
2.04420877
3.53951019
5.45703125
0.38924133
14.00870789
14.87666778
3.25765015
2.16060394
6.60945617
2.46919769
9.36360594
0.50842379
3.16406250
4.03125000
1.30326324
16.32215205
0.52595189
0.94381714
2.27539062
2.78893950
2.42545656
11.41650266
4.41988253
1.46146637
14.18623560
12.32043550
2.23746952
1.94380707
6.75000000
4.88411126
6.54691808
2.56803468
7.58984375
1.23970551
2.58447141
10.25667048
2.15763741
5.51908356
3.43404144
8.26037567
0.05261262
12.06608538
6.99993129
21.78659737
4.08696586
10.43916778
0.55013062
1.90726715
5.20792664
5.36238586
6.78625333
10.86218417
11.57466644
3.61572141
1.92964816
1.88671875
5.73575244
1.33606549
12.59071350
3.70653425
3.39352282
0.38500977
7.44242340
2.39693207
2.62923094
3.00118074
10.65279144
2.46048981
0.05757660
7.27689606
8.18314606
11.86913564
1.82572916
6.93802638
6.64490026
2.51594969
0.76920656
1.00781250
3.39302582
1.56791168
5.78035461
1.08435090
7.03849180
4.66975953
3.91088929
0.53271484
2.97318512
2.76607269
1.78096216
4.21956671
1.91613614
1.79044742
6.75044769
5.49706782
7.25293218
5.78637633
2.26253328
2.73783356
2.93013519
3.28470856
0.64156098
8.10233489
0.15157136
0.00397491
1.16263824
4.81807403
1.29858461
10.98425200
2.39465425
2.73046875
0.68066406
5.30423981
7.92074150
3.57031250
10.68981716
1.59924534
9.12849291
9.93746564
1.85895917
2.25680407
1.33976258
0.14689117
4.41451019
2.13085938
11.88281250
6.36328125
4.43322474
6.56648991
2.23075410
1.54561309
4.82210328
16.76759520
5.56998781
0.53763824
9.28412789
6.79399711
1.28658051
4.12064606
10.19095856
6.88267953
0.89315879
7.17443817
2.14827515
3.84346465
2.12528535
10.16270945
12.38416555
7.37500000
3.13281250
2.14949524
0.35758484
5.37694814
6.09834995
0.35917456
6.33943664
16.60811060
2.99044104
9.94291168
4.48482269
0.43017578
2.27734375
0.87202941
4.80904144
0.70853668
4.97159353
6.58732491
5.94783632
3.58984375
2.06791168
1.23836242
0.95788605
6.01908356
0.50919337
6.07023382
2.97827148
1.58939606
3.65474457
3.62650543
0.79300934
10.25089539
1.98107879
7.27087433
0.02233887
6.02095302
3.06889073
9.29492188
4.80769836
1.31632508
8.35937500
0.19457977
2.62980164
5.71138519
5.71875000
1.77343750
3.34472656
4.43750000
3.97806793
2.72253325
4.38728945
4.72566711
4.21484375
0.55362976
2.83821532
7.15714539
11.97333002
1.36724678
2.65234375
1.80371094
0.05585724
9.64497894
6.39184508
0.50805726
0.09606934
2.65325605
1.74526262
2.69034851
6.19441711
10.93058289
2.83414174
11.30876108
2.28621399
6.18025820
4.73828125
0.21675473
10.18160128
1.52050781
13.05366911
13.82177859
11.63960661
8.53572695
1.93705231
12.27058899
1.75276734
1.81274352
9.49629544
4.17402981
7.41474624
6.21644281
3.69877106
9.23970551
2.07767731
0.92085785
7.60156250
0.46728516
10.25256317
6.93839539
6.71297180
10.68444855
5.71093750
0.26831055
0.71728516
6.57792145
13.35672724
7.52860815
1.00524809
1.70520113
3.15294891
1.87353142
5.63721077
2.14566767
2.30115026
4.13122341
2.09179189
5.34819259
1.68652344
3.34525543
4.16426419
3.44881289
2.05631593
5.88435727
10.66508089
0.92517121
9.01127106
1.67329926
9.74564606
9.28023161
0.57959109
2.66455078
7.12500000
2.23242188
0.23522949
3.72851562
1.98339844
0.53234521
7.82637854
3.06339539
3.87516235
8.08337433
2.08052582
4.11421598
15.04284575
4.50459995
1.34517426
5.17785240
1.76160073
1.58593750
4.42533356
0.12972016
0.84521484
9.70312500
0.65673828
5.52734375
0.43802669
6.09924534
5.01953125
6.31595856
2.06986481
9.46378103
3.93990580
1.05566406
2.89382259
2.66672428
1.53417969
1.48168883
3.13549867
1.35156250
2.73920850
0.28715868
0.42578125
8.14062500
1.75101684
1.55257203
5.91304411
7.44588320
4.45747894
1.44726562
1.25488281
0.50199247
3.11714816
0.02629089
1.95190430
0.85457336
3.09073914
2.73978668
6.46875000
6.80178968
3.55803302
15.42145169
1.33050143
7.95033024
11.72142175
2.06038453
0.20121308
5.17773438
3.24955231
4.80904144
0.80957031
6.75781250
7.99808622
0.13374972
7.71875000
1.93412262
2.85396332
4.00781250
0.57474699
4.15502992
6.60074579
1.13993628
6.85424618
5.67948581
0.72993988
9.90921654
1.31441628
0.99316406
4.10623615
5.00509197
7.97611481
0.63667816
8.34977172
1.61995484
7.43945312
7.65234375
16.88476181
2.16796875
3.22032913
3.22498337
6.87109375
1.96582031
11.18469083
3.19537373
12.72593306
2.51411957
1.15429688
5.39257812
13.53804411
2.69047152
12.42478724
5.44549105
9.10156250
9.13549867
0.31921480
7.69140625
3.17622894
2.26953125
15.94051086
13.00577571
4.20560948
8.25000000
5.80635528
4.72924867
12.87206782
3.89355718
1.62332724
16.78995789
10.10730385
0.33951844
13.66227172
2.39587433
5.25829455
5.12842420
10.01562500
2.79252106
9.40279144
21.44455453
4.14795545
0.66184396
8.92256621
21.50834137
4.31518617
0.95996094
1.71073332
10.55301972
7.28266263
13.16687167
2.65384918
0.83394379
3.96679688
2.67219969
4.85905031
4.40722656
1.08007812
5.97265625
7.81717864
2.11401429
1.37056488
8.22220856
10.53600732
3.32074773
1.04115358
0.91210938
0.26782227
0.51075039
9.75459995
1.95292082
12.54520722
2.11417664
1.36002438
2.32116855
6.53023161
3.34504876
1.71501108
14.67187500
1.68652344
4.47912567
0.20133484
22.15189606
6.54341644
11.61193817
2.14436890
1.80619293
1.93457031
4.59908051
11.94531250
16.73002106
2.38716644
10.95300200
1.15983156
1.05806488
6.96292000
3.89645500
1.21289062
5.45312500
9.03125000
14.64062500
0.16246521
5.20845302
0.05635528
11.56083222
0.01438904
1.82518887
4.40712100
12.86193817
7.77087433
5.87365692
6.10725953
0.04534912
0.80916320
2.19726562
2.10546875
4.18794769
6.98091644
4.25345856
15.11177582
1.46057098
4.12455231
7.36462433
1.99849457
2.93554688
2.12788786
6.27791445
0.53279602
11.37426197
20.33504709
7.28047761
9.20837433
2.32812500
3.86372894
0.29809570
1.12552762
1.58882785
3.59747895
1.69369902
12.86897828
2.22070312
11.34720856
2.84224457
5.18892177
8.61141179
2.31835938
9.70747894
1.44531250
6.62064606
2.41015625
5.89195812
4.72132313
4.10982269
4.49955231
0.01408905
13.64453125
8.81595856
5.56070922
6.10286126
8.03609596
10.37320922
13.57455953
1.99007701
25.22823028
2.79716035
11.62349457
4.23392731
11.10591644
6.91361481
1.46529144
3.04296875
11.34150156
0.22197501
1.72998047
10.76025266
19.69515015
3.56844055
5.10213320
1.24369293
3.18404144
12.21430741
2.24288619
3.22009308
7.28169769
8.93289008
2.75460992
1.02929688
10.02832031
4.80334442
1.59659851
2.70703125
1.68599457
14.91446587
8.95186060
7.09070478
6.95239196
2.10380097
9.70735594
10.77152372
5.35827792
14.21016511
1.73445617
2.62980164
13.80480957
2.31054688
10.61560059
3.86328125
8.39453125
3.33353668
8.52510590
3.68509918
4.33638519
10.20449066
3.15295379
2.96618683
7.39453125
4.39453125
7.28023161
5.28617464
4.16361481
7.83320701
2.11841256
1.94140625
1.28714996
4.36718750
1.65820312
9.40993463
1.95770057
0.34887695
2.17012481
1.86356660
13.03369141
1.23160766
1.49353058
9.09810394
8.25256317
10.53030032
2.93543882
8.75000000
9.39318817
7.78637633
5.02746675
0.79541016
2.52343750
0.33056641
13.28637633
11.04475953
4.90714539
0.27636719
2.68990082
8.75000000
8.06506317
3.94278369
1.64616467
2.27567597
6.86328125
6.26858157
3.80954343
1.55371094
8.16503906
1.65091949
6.94921875
8.35937500
1.36621094
16.83584160
0.71337891
8.54275710
0.71603197
2.67454497
5.96949800
0.55908203
1.23359981
7.03137300
9.92801972
3.31323304
0.19742828
7.82857269
5.36893396
2.28296210
10.67984486
3.29130596
0.98388672
0.97700459
4.62529033
0.33154297
1.54983780
1.27006759
5.69230164
0.51171875
1.60611969
9.85591644
1.28906250
8.70658356
4.62007536
1.00146609
3.49393396
3.51387854
8.87845856
7.10986204
5.88773714
1.00012176
22.85335328
10.86159271
2.02929688
14.43164062
3.30814606
11.57006649
3.33077183
0.95316559
3.22448637
0.59688386
1.59899933
3.95088653
2.16630097
5.22265625
3.30830840
1.12723847
3.71415005
3.01782413
0.49072266
8.12780668
2.26033632
7.31941711
3.20637689
11.51086768
9.13744681
8.47192819
0.39912934
7.50629212
6.25933288
3.64160156
1.01863586
3.51456726
1.24035489
5.18640292
0.08353668
6.92585993
3.93005651
7.78213542
14.90837544
8.89152039
1.34863281
2.61692778
8.20342530
4.15279144
1.78320312
12.58939606
1.10201019
1.47558594
0.01591492
3.64489684
14.72924867
0.43701172
4.45979610
7.69991245
1.23384613
5.67097961
9.65856716
8.34232823
1.16406250
0.91227172
3.49941933
8.81051750
0.93208832
8.96875000
0.40673828
1.40332000
1.54138215
10.87410461
0.97408051
2.22265625
0.02306122
10.15873199
1.37056488
4.17578125
3.49609375
1.21289062
0.71048981
3.81880707
8.01383422
1.02823914
2.18839539
11.47004876
5.51733710
0.84171570
6.36336242
10.41841644
0.79833984
2.44380707
1.00195312
2.96036680
8.51859091
1.29378795
6.68655966
6.92985483
16.50512633
6.77958222
1.16894531
2.82466644
0.77970336
1.94710328
2.47656250
5.49072141
6.26709109
13.14062500
5.86283356
5.06070922
8.58504211
4.88525266
9.16959220
3.50297650
6.66467254
1.58923371
10.84720856
0.25728363
1.81738281
10.66316711
4.49430297
10.93583222
7.03861481
12.52823914
2.33353668
6.49263519
3.85671820
3.54757867
1.29150391
9.37845856
2.84615082
2.17777372
6.95804964
8.07490249
3.09200853
12.35546875
12.30814606
6.32722961
0.66225158
12.72745789
6.78515625
8.78649933
1.99609375
3.20452932
5.88193705
8.84029144
0.55712891
1.40820312
3.55574524
5.20568817
2.87723847
0.27734375
4.26818754
2.53332613
5.23828125
0.26253172
8.10514406
8.04080896
5.58329565
0.94474305
1.75295682
1.59283022
6.49173981
1.08931488
2.40205840
6.17801972
5.30696033
1.85274822
9.70747894
8.75288786
3.01859652
2.69140625
3.18452848
0.15311800
4.56558954
5.62447362
3.10058594
4.42277039
12.15970856
1.17277039
6.65535461
2.52237976
5.57651597
1.53631759
1.65014462
2.05538120
7.29719969
4.40234375
2.26530031
5.23649047
11.96004211
8.06774933
10.41931183
2.14062500
7.23632812
7.07584220
7.20736092
1.59667969
3.27643798
5.87393728
0.26994334
4.76635306
1.13794381
6.51562500
2.62304688
6.75000000
3.20403605
4.73545766
7.57857269
0.34716797
10.35338764
9.76265846
6.43082890
0.23563629
0.05818695
5.99731383
17.52888852
9.88004765
2.67773438
7.92968750
15.75653076
3.40336754
3.91410682
2.34916168
6.77343750
0.87984223
0.54052734
6.59484708
1.95007480
1.76517731
0.39505949
12.96451906
1.06347656
6.66605497
5.76530031
4.19755097
0.57128906
7.03857422
2.75292969
9.43570922
1.47355164
0.51163758
5.16793932
6.83418108
3.38949357
0.56250000
9.36832641
5.13460328
24.14443708
1.03870898
6.23872894
14.32543883
3.37573304
1.38183594
1.67170715
1.17285156
1.09134918
9.97631649
5.98506870
1.93680131
3.18429244
4.80859375
4.18359375
0.31250000
5.21093750
0.59867153
1.36495152
6.07128906
0.57763672
3.53320312
0.79829863
15.13537567
0.64030031
0.08145079
0.65063539
13.49316406
2.61824524
1.45695008
1.09179688
11.03035461
1.21866883
3.35546875
1.35111481
2.43090758
18.22924867
0.37471527
0.30879512
9.60075077
0.55082184
8.42443817
2.38460328
3.16377217
12.35582780
12.76999141
2.84517301
1.26318484
4.69140625
0.68465149
0.02106751
1.83825559
2.72216921
2.26806516
18.34476839
8.44185394
1.12792969
0.57324219
0.31121608
4.97033909
3.89062500
9.76562500
1.88964844
6.15400156
4.00615469
1.59667969
2.62063609
2.34135915
3.84134918
2.12829621
1.47753906
11.74564606
3.23828125
3.45943207
1.99121094
1.70487395
0.28096590
2.97281860
3.17036957
4.58044216
6.55371343
3.07238738
2.26110871
6.40356383
13.88858821
5.96175421
2.57588653
2.59163453
3.70312500
9.89318817
0.50813844
3.63049285
14.02628601
8.76997894
3.81595856
1.68599457
1.39501953
9.49218750
8.58475738
6.51562500
1.41601562
3.85591644
14.11746662
1.92696697
1.71252410
3.27599568
2.94800365
6.16406250
3.11006372
4.95048315
11.21093750
8.87500000
1.54463403
2.26884253
0.44238281
3.85209137
6.38326019
2.75602172
1.51741578
2.86132812
5.40625000
5.13330078
7.28125000
1.77103668
9.23091644
17.51362257
1.58163286
3.80904144
3.97265625
6.19864805
0.16756289
1.09358672
2.03348847
4.70466977
7.85001773
0.03909302
0.11766203
7.52791445
8.51729278
0.66141816
11.99218750
2.54687500
1.52542747
2.35205452
8.03072113
8.42787627
2.20117188
7.57991578
8.76562500
4.14888519
2.72070312
4.25691711
3.36411985
0.42876772
11.31250000
2.48588043
3.44832336
15.82722961
4.35140015
6.98290891
2.43672761
3.40112367
2.73738586
0.81783051
4.69576019
0.66796875
3.00000000
8.08939606
1.19856750
4.27388519
1.55851258
1.59053496
5.16060394
3.04239805
4.57999446
0.59045753
5.90055297
4.81172761
10.84044881
5.91736369
0.55668121
5.41361481
0.88618988
8.48437500
0.67964691
3.27449524
15.41060394
3.47806793
1.68603142
1.27535378
6.52990692
2.88069703
2.83593750
3.38333888
5.27201573
1.75089539
7.75390625
5.40234375
9.04792775
2.54386912
0.43505859
3.64798981
3.31115692
2.30843140
4.12109375
0.22536100
5.36820589
12.50781250
3.16406250
0.03179932
8.52062833
3.67814273
4.05468750
10.99129211
4.75524933
10.91406250
1.81325256
20.85005707
1.37154144
17.47220856
7.23283905
3.52494293
4.71919769
0.62064606
7.35546875
0.52095551
0.84619141
1.67724609
0.70174133
1.83878601
4.80814606
3.10066711
9.70479278
4.55045656
12.64473294
17.72155793
0.59171695
2.06835938
11.14213043
2.99609375
2.03951019
5.87756317
13.29248047
0.90466340
7.45959442
3.65759308
1.04345454
3.04004155
4.01953125
6.76338653
17.23527039
7.24308289
1.16646332
2.45312500
0.26224699
5.32377106
0.44254640
8.96939938
2.70409907
1.85189217
0.48876953
9.96386719
9.40625000
6.85847961
2.64347351
1.97363281
10.15970856
14.41227172
0.17484590
0.01154327
1.19692474
2.25240082
20.36238586
5.70402039
0.23789303
10.22937167
3.23286957
10.01127106
8.12500000
0.24434418
10.12629876
7.16276374
1.94531250
16.72299536
6.87498558
26.54565492
3.43937195
1.17000305
10.52433289
2.71683123
13.39254377
2.11226317
0.39546785
1.06734223
0.17854797
-0.00826751
0.43943268
8.94531250
3.76997894
0.93754059
7.91060394
0.16247559
4.11283356
10.12154144
9.72656250
2.90380859
6.23437500
1.26757812
12.06250000
0.07032257
11.34720856
10.72745789
13.07617188
0.37923156
0.69718445
9.28246489
3.68834110
6.41440214
7.35502106
3.51607269
3.65680575
0.55022550
0.56937652
9.44584137
0.55875610
2.87349457
4.18045989
4.57133089
12.36372894
4.54296875
6.30638963
5.70142287
2.37577239
2.77958222
4.51945008
5.70463043
2.34497008
4.76094636
6.09586547
3.31038453
1.72070312
7.67736038
5.68201462
1.98754821
7.39300090
1.74640402
5.86043274
3.44592254
3.42366578
9.27779144
5.02990692
0.60782898
2.50435394
0.74153314
1.23014655
0.60599762
4.47603363
1.24154611
8.35470633
5.64798981
6.93180297
9.90714539
4.35522274
13.34143284
11.71549743
0.79789215
10.91963715
1.25150543
12.71606383
7.57556183
4.89680408
4.98428635
10.26478390
0.09511322
1.08463500
4.12320922
5.52657136
0.28096527
1.11344360
3.81233765
3.80199635
1.86987865
6.66361481
5.74955231
1.28019226
1.75638824
5.13281250
4.12740082
3.08007812
0.53662109
2.93676696
16.13549867
13.21093750
2.12500000
3.31746399
1.42862976
7.76171875
1.09346465
12.36116578
4.98872894
6.73392731
4.74263519
14.16002328
0.94349235
12.84823378
4.52610925
1.71866883
2.07572418
8.84810394
5.44396942
7.39204677
7.68172429
0.58772828
0.38720703
7.65234375
1.48644988
7.92024657
6.02651707
10.94715757
10.08939606
1.16564412
1.43734264
2.99251219
8.69889406
0.57080078
1.25143433
0.27441406
3.29793274
2.82287567
0.48514863
2.43359375
1.63972961
0.76089861
0.38420240
5.62341091
11.09132204
7.38952792
0.18371582
1.83545929
2.98482269
8.47656250
1.55131012
2.79146332
0.76907982
1.47066628
10.83939606
2.58443207
5.75390625
7.99564606
2.63085938
4.16939301
0.47151672
10.00089539
0.74617492
0.81925476
9.73555076
3.60205452
3.66556793
1.12475648
2.48046875
0.39046079
16.65470523
3.02343750
0.19958496
3.67476286
8.46228121
5.55265320
0.90299438
4.45882203
0.81835938
0.53613281
0.94095856
4.60689301
7.96394836
0.22810852
12.09464539
1.44278992
0.29345703
9.65189606
6.14107269
1.39648438
2.02583334
0.78276041
3.11132812
3.13785766
4.16194703
7.36673981
0.17378754
12.18554688
2.88403133
0.48417331
8.57849028
5.85603945
1.93900543
1.17036957
1.68225067
3.60485871
1.85135583
3.07008589
6.20746453
0.24072266
3.76757812
0.21085602
10.47220856
0.32686371
0.05348725
2.12718657
9.31864472
5.12455231
1.18766235
2.92899629
0.67089844
0.52518645
17.38549867
6.65669769
0.24511719
0.35331207
0.27858303
7.93774601
3.82377106
4.89062500
0.18514008
8.50000000
2.34419271
5.89604166
2.73769560
4.67050753
0.74755859
2.45703125
4.58894836
1.88663758
9.53906250
6.25390625
6.37500000
0.72363281
0.01097870
0.00427628
1.17189233
4.01990026
9.98091644
2.96154754
7.48571808
1.42036957
10.94433594
16.33939606
4.53906250
11.12935394
10.10937500
1.33886719
8.52148438
0.15185547
0.43457031
4.49790892
3.23646608
2.41556793
4.85982269
3.31640625
3.87361259
6.89201241
0.32080078
2.30814606
1.28853363
0.11419678
8.52498227
4.42724734
2.42667664
2.37304688
0.51834771
7.23429632
7.85469636
6.55468750
0.35323090
4.77050781
2.17142731
0.98779297
3.88627106
1.89115387
1.17667664
8.19531250
0.39583250
7.53918550
6.81250000
0.28590725
1.03983738
1.93164062
5.36950466
3.58362034
22.77254211
4.27823914
0.38110352
5.32812500
0.21077422
3.51110871
3.24308289
3.33353668
2.32889739
1.47330812
1.90440368
0.20545960
0.13098145
20.65535461
5.66411626
9.58091976
1.17850551
2.27999058
8.42187500
6.06282469
5.01110871
1.99442597
11.81160461
1.89497894
0.96773285
16.22460938
2.02689606
3.89888519
1.62988281
5.87109375
6.17187500
8.74218750
1.73535156
0.45267731
8.91560727
7.22741855
1.93607512
0.46264711
4.31392426
1.31551086
0.18098969
2.66963653
3.47684785
2.43794769
1.47363281
0.16126402
6.93807070
12.47477172
5.48181183
2.78658051
7.62814331
3.11206055
4.23437500
32.98392731
0.64595551
4.84426786
0.13525266
13.14396055
3.47518007
0.81005984
2.06416778
6.01306183
2.64737976
8.24218750
0.15726715
2.21875000
4.44140625
0.97700770
1.51562749
9.38281250
16.14575133
3.41913999
2.31685394
4.01472961
3.13895722
7.05468750
1.76269531
0.00204086
1.27787262
6.67142731
5.20653923
2.08177278
1.76710729
3.12227449
4.53906250
0.94331879
1.82279449
11.31941711
1.07678192
0.91235414
1.58203125
1.05940672
0.02854494
1.95243192
2.12646609
1.60742188
8.52343750
2.05122894
5.72427970
1.32951241
2.58443207
2.71138519
17.47611481
8.79341644
3.18960052
0.05356355
2.02058899
1.20797543
4.83919437
8.37243683
0.26607269
0.45902496
4.04268340
9.07299867
19.58550984
2.90263408
2.67248504
2.45600538
10.81706560
6.06127992
1.66707336
2.13521332
3.40039062
9.64062500
10.55033356
2.66784575
6.21976839
1.95019531
9.43282012
8.17366578
1.83256012
1.74601258
5.54252106
4.62231134
6.71700354
6.57031250
6.76090204
5.98346285
2.79606327
3.79064661
2.22986120
2.65686004
7.14204677
7.87447362
6.18615692
11.81250000
1.36905945
8.42622894
12.91573028
17.89139739
40.56982546
3.52209442
1.21423371
5.23482269
0.05816650
0.81591797
8.23693817
5.47745789
7.69921875
3.51314301
3.72025543
2.11132812
0.28808469
0.52490359
2.35201019
3.92578125
1.55680297
1.86132812
1.98421265
1.28877466
3.91308843
4.35380097
0.68460903
0.87284519
2.38130707
0.18908691
5.25390625
6.18359375
6.91451019
9.01171875
7.20507812
0.91459137
4.78906250
17.01672208
3.64974124
2.82963043
4.66451019
3.38431793
0.58203125
6.44448582
1.20830562
1.97639766
10.99678745
3.62349457
7.31860040
1.84936835
0.01178741
0.77343750
6.24955231
11.61181516
5.04097628
0.77636719
13.99419979
4.42557956
17.54764739
1.55436281
2.45312500
6.70658356
7.90625000
1.39359029
6.19381205
2.21724457
15.41685610
8.63722074
5.68778037
1.92354776
4.37845856
1.36755402
4.98046875
3.80122894
0.09564209
20.15702239
12.24629793
1.58068193
0.98621260
5.31595856
1.96822113
5.26472961
4.75044769
-0.00229889
19.46952239
2.58760528
3.47707891
2.12745511
2.07857269
8.30659879
5.33402372
3.37259918
3.43847905
2.39213043
5.40323914
7.75301086
6.58670989
6.40051363
4.94832336
12.96964539
0.15120422
1.56392426
0.15535492
2.61433899
-0.00380432
1.16164061
7.13594636
4.35201019
5.54162567
12.15100067
1.10868379
3.54732269
8.65791778
4.21805879
1.63041168
10.09375000
2.85099180
11.22489472
2.62438996
1.59509308
0.06406647
5.35176419
1.74251468
2.47896332
1.00142426
0.03628540
4.02343750
3.33939606
14.16730940
0.78235704
0.35400391
3.16821289
2.07767731
5.91841644
0.88427734
10.74987700
2.12316988
9.76337656
6.85336325
5.04792775
5.46065713
0.82930574
10.43404144
1.29056606
4.12959995
6.67923981
0.37133789
1.08247894
1.65234375
6.39798981
5.87935394
0.28417969
3.79391479
8.08939606
6.69576019
1.60013824
11.53291778
3.13655640
0.60982269
5.70613586
0.90466340
4.90625000
7.26985594
0.30070070
0.76273590
2.20116944
6.18314606
0.80639586
14.61116578
19.51054701
1.72770141
5.39990359
8.42622894
4.82031250
2.06009918
6.50182950
2.59336915
6.04160128
15.00524933
10.62304688
5.46472075
2.28967254
1.76220828
0.47591125
0.13273133
7.99609375
4.76953125
0.13126617
1.89326186
2.53677921
1.70399600
2.42683899
0.96785461
2.21272828
9.88281250
2.03800476
8.12410461
6.27254211
3.32796265
0.08605957
2.85021942
3.33078251
1.61306515
1.60156250
0.49877930
0.76513672
2.35831726
9.11144615
0.77376717
0.79646353
6.41768838
3.00250763
2.73828125
0.08715820
2.96476133
3.98885195
8.90701138
10.49540005
3.55819038
5.96077017
5.85429299
7.28560394
2.67622894
3.20658356
2.97896332
6.18961547
4.63114472
1.76349364
0.41391511
4.59805962
10.46016761
5.92321808
1.08247894
1.95703125
4.96093750
3.77644836
3.95597351
0.05073028
1.69726562
1.31542969
3.54732269
11.10900599
3.00427526
0.06565307
-0.00071166
1.02935421
9.50435394
5.05415863
4.18135528
12.35664606
8.42659796
8.48917664
1.39160156
1.50887024
6.38370789
7.60982269
0.35375977
4.28125000
14.68391844
1.59102449
4.12154144
3.77347809
4.76082336
2.96724457
2.49218750
3.13956726
1.09183622
3.52266574
10.35156250
7.69921875
8.78470856
13.71630704
2.02448776
4.47388630
0.78991357
2.19446143
0.38208008
3.92309508
2.56207669
2.99484928
6.00044769
2.76757812
3.71740692
4.50480164
2.13326019
0.57881621
2.24983765
11.72273742
1.56506317
2.63505097
8.26472961
8.24743683
4.91515958
0.32019199
2.32490747
5.20605718
0.47782441
1.18457031
1.95625735
1.51673703
10.21081450
5.75838320
4.50691711
4.21529144
4.98848294
2.08768894
10.67187500
0.79878754
5.89408356
6.32031250
8.29252106
1.09082031
1.61470551
6.36763519
2.16707336
2.47355164
0.02714539
1.14510039
5.06558954
0.74825354
4.02042664
8.54162567
8.25134308
4.62683105
0.18937164
3.10786957
7.57974845
1.01888436
9.07018950
1.24088625
4.69832336
1.59525543
8.63716644
8.77087433
4.85066711
1.12003601
0.52246094
19.18998199
14.12264265
12.51736193
2.78816711
4.99263519
5.67968750
5.25435394
1.42471168
2.90170434
6.91427860
5.74319148
2.35335328
1.14888519
5.82963043
9.08683289
0.98881012
2.23242188
0.78466797
5.85546875
-0.00451141
19.88883422
11.32120789
5.18013519
1.88130707
7.66601562
2.62845856
6.45703125
3.82466644
4.66528258
0.53588929
6.00301086
0.09641541
0.15454102
5.63898660
1.78992353
0.64140237
11.70312500
1.87064606
3.94576019
0.74369293
11.44302970
8.96757424
1.24068176
7.85066711
5.20056183
0.62642426
15.22464872
6.18115359
4.55904144
4.16361481
4.95897939
4.33247894
5.94828776
1.46785461
4.67277039
2.74068207
1.99218750
5.23632314
1.73934397
1.70772309
8.98872894
1.70996094
9.43644164
1.74937625
0.39548093
0.01185608
0.30948883
8.02290365
1.44682291
7.82076019
0.09605345
3.45536347
4.65926086
0.77136262
3.83203125
6.85156250
1.16174285
1.83728058
3.17411285
2.60892731
11.66015625
2.57316101
5.27046204
2.27689606
1.24707031
2.39888519
12.59001305
5.33553413
1.46773285
8.41369349
5.72066378
0.43204898
0.66385303
0.27551861
3.60731453
2.56024711
0.81355774
2.53352782
3.49494238
1.35267453
0.87243621
1.68103058
3.39062500
3.57767731
2.53217975
4.41703900
1.74556488
3.95914672
1.88655640
1.60766539
0.52710023
2.36688232
3.65144836
6.13761414
1.00292969
2.53515625
4.74035240
0.67537788
6.11747285
2.41992188
6.73036194
1.14017731
1.84517426
1.17578125
2.39310450
3.45658356
6.38664007
3.13671875
6.10937500
3.96439606
8.67622894
9.12064606
0.33418793
2.33007812
12.01608520
1.28755707
1.01912414
0.03312195
7.89709442
3.67398549
1.19454510
5.03906250
2.37455231
0.45739528
3.49524144
2.50826019
8.38346188
1.55074191
2.34704621
0.31274414
0.83668289
18.72665115
5.65279144
5.20312500
0.60815474
0.04081301
8.98848294
0.94608738
2.91347748
7.80566157
1.46981023
0.62784851
9.86372894
7.88476562
10.66414367
7.53560394
5.77242035
0.81787109
2.47506092
5.32210328
1.01729278
0.47196504
4.92968750
4.97566711
7.14741911
2.34761691
2.69726562
4.87890625
4.59517177
1.78665919
4.57182291
15.48098599
2.42122562
2.22460938
7.49470634
5.21467642
2.83553911
3.51946449
2.53335105
6.91963653
1.18086824
1.16859924
5.08203125
0.58203125
2.93058289
5.62064606
1.15888935
0.94523631
10.44620789
5.32120789
0.75305145
2.88326019
5.02098239
2.25953457
1.17545656
0.54296875
4.90466091
2.11202183
1.06827820
6.33548981
0.45479340
0.59861236
1.43697113
8.51562500
0.50858551
0.20833344
0.85729980
3.30859375
3.59329234
1.47657247
0.65962738
0.76920531
0.56819703
2.73329722
5.79840535
3.75792055
1.46188718
2.60624114
2.08711824
7.35591644
1.74458832
4.74609375
0.08262115
6.21138519
2.36177582
3.82421875
0.07733123
5.57857269
12.67841313
1.19577328
0.11096191
10.36212988
10.93625055
2.41841644
13.77600067
0.63960736
9.34220523
10.99218750
1.67899629
4.60561656
14.87623005
1.84944703
4.44966644
1.21830231
10.59810394
3.60351562
3.92578125
1.00736481
1.93306488
0.27006012
0.52978516
0.50292969
9.89843750
2.24414062
1.69624100
7.25098404
5.49677749
5.36650376
5.64754211
2.52815548
2.65356632
10.97054078
1.41406250
0.96630859
1.25756836
6.01171875
9.73949295
4.78951019
0.06668060
6.15271027
0.94974762
1.23535156
6.59435506
6.12691378
1.77639780
1.26551695
5.42622894
0.80391143
1.93884308
3.14469360
0.89115324
5.05224734
2.70507812
3.70693762
5.10726950
4.86352726
4.80859375
1.90625000
3.16416307
1.59808454
8.05904144
1.91015625
10.54597961
12.47656250
3.72259946
4.08981936
3.07421875
12.79199219
3.21484375
1.37125228
5.23225953
0.18876129
0.88911957
12.33019615
0.96427803
2.05664062
0.05169647
0.53792359
1.81087157
5.73473405
2.98759751
3.80664062
13.40445922
6.37018839
3.12334219
7.00000000
2.81490082
0.98388672
6.26774047
0.75172850
1.22953402
9.24654144
1.00195312
1.23925781
0.70238946
6.42431516
0.36357034
3.49068207
0.16863889
1.40734957
0.69246399
2.82841035
3.36523438
9.97403868
9.10408632
5.37500000
2.64965820
7.58203125
0.49829102
2.34521484
5.14062500
2.13671875
8.01562500
2.84391235
0.33992555
4.69531250
4.90283110
1.47969605
3.42122064
5.83195257
3.77311281
3.58923371
2.86425781
0.06155396
2.98828125
2.82226562
0.79447418
7.74263519
1.54394531
7.64843750
5.99609375
0.20922852
6.06538786
2.80090425
4.26261414
6.74564606
1.41271942
1.58772828
0.58691406
5.34920102
0.92529421
13.21183289
6.88281250
0.66308594
4.33837766
1.33740359
1.56542969
6.35143950
1.21203707
0.53662109
13.80969083
2.03422152
18.56762633
1.26375305
5.11128754
5.45804964
6.90881317
0.73966492
8.87154144
0.26049805
5.23002106
2.18013519
5.30957031
2.76908356
1.54589844
7.48872894
1.96585965
6.88082003
0.20939117
3.91841644
8.78470856
3.94185394
1.85697418
8.22029477
8.38269199
2.09179688
3.49173981
17.33767700
6.15279144
0.51611328
2.55895903
2.65246675
4.99690397
3.17830507
8.27319149
1.21899601
0.62314351
15.95028147
0.18814450
5.87088210
8.11825520
5.35245789
1.30093259
18.39676972
5.60815492
2.00435394
12.81143037
7.81925975
2.00574634
1.46805816
3.70430325
3.59790226
6.07421875
3.59330231
6.92053192
7.99788453
9.21598266
2.98767121
9.20991911
3.42218972
0.77263574
2.84775371
7.26625996
1.58398438
1.91210938
0.00505829
0.02024841
1.20898438
10.56250000
3.38085938
7.31640625
2.02539062
10.83158356
4.84419769
10.80468750
0.03466797
0.62015777
1.26259338
9.38806183
7.33593750
5.45703125
4.61572266
2.46484375
3.74234985
12.41149933
1.55513519
8.22151485
1.94209995
1.19576019
4.57083389
9.75444259
3.91015625
2.96724457
8.80736370
5.21953235
1.32271332
5.82710661
9.41508089
0.46675629
5.57377106
2.64760346
6.77831782
0.51074468
1.37365692
2.25480164
10.89920989
7.50748781
5.44840204
10.01253546
8.79483821
1.19690159
8.11283356
1.99458832
4.44966644
2.48828125
8.77856383
0.31567445
3.03515625
10.61975067
0.07592805
1.49218750
2.27641732
2.11837821
8.24385528
3.03198304
11.70222961
1.51599152
6.61453569
2.50460494
9.34375000
1.63867188
9.89237395
2.75659242
4.12154144
11.21830231
5.02501663
1.37777482
0.83074951
4.30468750
6.41406250
9.42142731
1.28230774
0.21484406
0.24548340
6.29463653
0.11897828
0.37154144
8.65266844
4.73014406
5.07421875
20.88357492
14.92668661
5.16105164
0.82702668
2.43164062
11.56738032
4.19433843
3.69681793
0.85237236
0.58785378
1.47656250
2.30122894
2.95267731
7.98482269
3.78169769
5.42016290
4.68530585
2.16752106
6.45312500
1.91841644
9.52847020
11.59880762
0.95703063
1.87211214
6.07902039
4.40279144
2.65913786
0.88090121
0.59814453
2.16543049
5.18254100
2.65625000
9.71325466
9.18249667
5.06074358
2.02006759
5.54048676
4.09985352
0.32275391
2.58955840
5.46708222
3.62141844
5.77515083
2.85709718
10.57377106
16.21301238
0.02254211
1.96431488
2.20117188
6.64017731
2.14737976
3.74475067
11.35636414
20.93944814
5.51021830
6.37308622
20.59106570
13.19469748
3.13228363
18.25016733
6.12666778
7.01200410
11.03755707
3.23758755
3.93711603
3.30381205
0.68802887
7.93010468
2.38476562
1.50000000
2.79614196
9.48209220
10.60551307
5.98030142
5.64144171
2.78764073
3.93875942
5.43953679
5.95133422
5.43538453
4.69486481
16.18058289
4.28080231
16.48632812
2.43191783
3.18757868
12.18040559
6.08693151
3.24369293
5.34464539
3.81250000
7.08398438
9.42443817
6.10457336
0.73421265
7.29296875
8.40445922
2.87068290
14.07393838
5.12109375
1.15934203
6.56384308
1.87508117
3.93688996
3.41210938
1.68359375
0.00379753
3.08444214
2.13236481
5.32767731
0.40885437
13.11179522
0.38775708
9.87154144
1.30912262
0.19795746
0.31852016
3.36229223
6.51144835
0.58593750
2.21966760
4.53582557
13.23002106
2.00240082
0.30566406
3.58783633
3.12505429
2.01953125
12.82722961
3.48462952
3.23002106
9.53906250
6.01171875
5.55570340
7.66988253
1.95943207
3.05814606
5.66451019
1.89896637
9.33939606
16.75435394
0.00955719
0.69634418
0.80481549
0.74023438
6.94726562
0.80961090
2.42415282
0.85461519
5.69531250
5.84204039
3.94169160
5.33984375
7.39453125
6.17040891
2.11519503
1.96419188
0.09366945
4.64798981
8.45110348
2.30506648
1.26554383
1.27681488
13.19966644
0.45336914
0.72216797
4.58109154
9.50484596
0.24845367
4.98828125
8.22656250
2.55708832
0.00918579
0.64310699
8.02709899
7.13594636
13.35345635
2.47076240
0.86071777
8.60302734
13.30033356
0.09828705
0.49194336
3.31693512
7.69877106
15.23010160
2.43656527
1.91601562
6.98950133
7.72143617
7.00345856
11.38227081
2.52034611
2.29703735
11.46785461
1.52469941
11.68750000
0.07497162
0.41674805
5.40625000
0.00424957
7.64680907
5.88895722
5.29386414
9.75691711
5.99654144
5.14359154
0.48962807
4.52539062
12.10156250
5.47656250
1.60892731
4.29642731
5.21573914
1.53417969
0.25252258
9.63956726
2.23543274
5.28446255
2.35705784
8.48783356
4.86718750
3.80293731
6.09073914
3.60408570
2.03832696
7.33764960
1.17285156
0.36987305
2.30472684
1.67484652
4.64152039
2.69215065
0.31306505
5.19914007
0.24532074
0.21276855
15.36055076
14.17512190
3.37749445
12.79282623
5.77086437
1.72852559
0.29711914
11.89255320
11.14707875
9.84430575
5.38856382
9.99458832
2.09977172
5.05753601
2.36222351
6.01171875
0.57816559
11.88281250
1.76562500
2.03515625
3.64843750
0.81636566
0.02050262
0.48653168
2.17187500
9.85937500
9.13281250
1.41068512
1.05025238
6.72420102
3.96329898
1.81545906
2.36671043
11.77689606
6.59464539
3.94726562
0.64648313
4.76318484
0.99617492
1.15128601
4.69095856
3.70540282
5.96336064
4.62263852
7.27669437
0.71386719
1.55960965
2.37060671
0.62182555
5.85079011
4.36770980
4.72790558
6.58235594
2.23014406
2.59293329
8.83284796
2.67578125
1.79307867
6.34144281
8.77742492
9.86222351
5.33203125
8.93258977
7.10602503
3.25923676
5.22220856
0.03944916
2.42533356
13.73006164
0.55610802
4.88029366
3.44409180
1.89062500
0.28369141
7.47922873
12.91652260
1.92899629
5.30468750
4.24654144
4.45967559
3.65449856
13.62666902
3.47111148
1.56506317
3.03239228
0.56835938
6.24955231
0.84273285
2.48197418
5.07076019
1.10623428
3.95065048
2.80146997
2.69898159
1.10742188
7.82686060
1.15279394
15.33247396
8.38611369
9.76127106
10.57494681
7.40063913
2.06009918
6.28409851
7.95902496
3.16646332
4.52201324
10.56713431
3.20284463
0.94293182
4.65759308
1.28027344
2.77077572
5.58859928
8.31941711
0.16645325
7.32531583
10.75626773
11.02600067
7.11027039
0.07676209
6.10253657
6.42045323
2.89302582
6.53336547
12.26546265
5.52734375
4.76037567
5.89978058
9.39062500
4.60847961
4.93839539
2.92549590
3.85300656
9.56062057
5.03226839
4.53992353
2.51953125
5.60502106
2.08792498
2.84867963
1.30761719
2.74503601
11.07377106
1.54288758
1.44824219
3.44131262
2.54652094
4.21919769
4.05033356
5.68794769
0.84130859
5.39229278
3.41825410
8.13476562
2.97220856
1.28658051
6.46875000
3.64648438
7.81542969
10.15523161
0.39510195
3.09419769
1.67045074
10.02779144
1.38183594
1.16467254
1.10831726
2.26171875
7.13056406
0.21709219
15.45153591
1.77742741
6.20312500
7.07812500
0.13366699
4.56250000
10.94877106
0.01877350
0.64129545
8.63639406
0.97505707
2.48022461
14.14017731
9.98437500
4.46138519
5.43928081
3.89275044
8.59720856
4.04732269
1.12890625
10.23099762
4.24263519
6.80814606
8.40279144
1.47656250
7.37064606
8.94185394
9.92443817
20.11055512
14.54972351
4.15691589
0.55767800
2.23933899
1.54369120
14.36966202
2.05209995
3.76469027
0.24271637
2.91451019
2.07066905
0.60999501
0.65854889
8.28853363
0.53857422
11.91406250
0.93558746
2.62109375
9.33670989
2.88061337
1.06730413
5.21830231
4.93032074
5.93794769
3.20445812
8.46741688
14.85579344
12.57852837
7.92069924
4.83789062
11.78906250
1.37837738
3.04687500
1.20918606
0.09721042
0.83349791
3.27343750
4.61206117
7.85099180
11.05135195
8.22542110
1.18030003
0.51123047
3.62011719
5.69877106
5.12500000
0.38183594
0.92134613
0.79300934
0.06532807
2.95312500
8.54381982
13.22329566
3.09181183
2.38012633
0.85180726
9.33121454
4.79423315
2.95507812
0.94681793
0.73531098
1.57014953
2.62500000
3.21289062
4.66796875
6.91617797
5.57255097
2.08235594
4.43090758
5.47937167
5.92700133
2.01981660
2.46138519
3.06188498
13.37561502
2.95898438
6.45178192
11.90140404
5.59993905
6.82421875
3.67968750
11.98437500
0.78393524
5.33837766
3.75915683
1.35640348
3.21976839
5.60937500
0.23107910
1.08691406
2.87536403
1.42541722
5.72220856
2.86763519
2.57957863
2.85645653
3.86328125
1.71146637
2.87740082
8.28189938
2.85437167
7.05513519
5.93164062
1.07039367
4.72912567
3.78694703
4.61763519
1.37064606
3.12916534
1.42526848
4.71260528
13.44019624
0.55200071
2.13277316
9.74218750
5.86283356
0.98271864
4.58313829
0.21712250
2.21047734
6.23341090
5.33247894
0.77986633
0.93062348
7.69347740
7.76790780
7.61283356
1.82324219
5.47156006
0.05931388
0.38191773
3.21244293
3.26607269
0.08435059
0.00401306
1.51194244
2.96065215
3.03739472
5.17488586
14.63024933
0.01144409
2.08161168
12.05807734
2.38867188
10.95914672
1.98466035
3.11039215
7.25390625
1.02583832
15.45605469
10.66752106
0.12080902
13.24364362
4.58838763
17.37939453
7.34720856
2.32449912
3.27421487
6.94775266
6.38517398
4.87019836
5.32511414
15.60830231
5.31357269
0.62300629
1.75931793
2.57644975
4.67062056
0.35298676
10.50428968
3.08901262
8.91406250
1.02539062
6.06506317
0.16821320
0.44478363
4.17142731
2.12154144
12.10579344
2.21358308
11.97993988
8.82108489
3.81616273
2.67533356
2.70597351
3.68359375
6.72464872
0.81734347
3.79024168
9.20084718
6.19921875
5.75000000
8.15189606
0.02007050
0.21630859
8.98486328
3.36914062
11.61718750
1.08105469
9.93892177
1.64994542
0.56603505
1.71875498
3.60105303
11.22454807
10.74815306
2.30677858
4.70312500
0.63571930
6.28470856
2.37154144
4.08691406
3.80859375
7.98437500
1.28710938
21.18314606
0.45284027
3.66573028
6.86462433
8.96170989
1.71508727
5.55961214
3.35518340
4.44152925
3.77343750
7.89619903
10.33662124
0.90300310
4.31339539
3.66361481
6.46520280
6.07430740
4.01908356
11.15083832
21.16182403
6.44148493
6.56811835
4.55634827
0.87950134
0.85009766
3.65237312
7.25734444
10.04296875
0.96565672
8.97924867
15.04532898
10.86437833
0.29504550
1.73535156
2.50328624
12.77991688
2.43105497
0.51185671
2.56616024
1.91536624
1.75150543
2.50569703
12.76953125
1.72611481
9.55122894
3.59670639
0.08552817
0.92020722
2.62259918
3.72276929
3.73816821
2.47265625
3.55273438
0.05263275
1.78422027
10.91255707
3.97948970
0.05444585
6.76171875
10.36328125
14.02413565
2.78836435
2.05905151
4.90055297
4.59915171
3.36552969
4.34330231
4.48562445
1.43279199
4.77298981
12.22289977
13.79414949
0.49271637
3.48970551
9.32198028
3.59598847
4.60156250
4.48828125
14.20703125
13.39139739
6.32646242
0.12761679
12.68883312
5.20101950
12.57234711
6.71093750
0.54882812
0.83459379
4.41418550
5.69051086
3.98527039
1.08300781
3.64363586
3.94445645
6.69421542
4.27433289
2.16796875
0.54752158
0.27417428
11.55859375
3.73632812
8.86372894
2.13431793
1.74804688
9.33992243
2.28357214
7.49609375
1.23925781
5.76953125
3.42293274
0.37467469
7.72611481
3.06490082
8.94559287
4.95333292
2.98347961
3.57271332
7.79341644
3.96679688
7.86584442
1.70739777
3.29101562
3.93957115
0.22330937
1.55005070
14.69966644
0.64115387
0.70699066
14.80945831
9.72896332
3.48002106
1.67525238
9.05814606
11.32535018
5.31962876
10.66406250
10.48002106
0.01195282
2.30273438
7.36629211
12.15519226
6.53906250
0.19067383
5.16406250
4.28857422
0.33597809
4.05904144
0.57470703
3.83307902
2.89889516
3.40014462
9.23116245
4.46817930
0.88387148
3.55078125
3.01033134
0.59814827
3.66060394
4.39497894
0.00511551
1.67041016
12.14453125
1.67053192
9.78470856
6.45882203
17.12500000
0.13317871
11.20658356
11.93570922
1.62870332
5.74609375
7.97265625
5.49564606
1.97993988
4.96093750
4.55822474
15.52794881
5.21460771
3.91166168
0.04424042
7.72566711
0.61661805
4.19308497
7.28692264
5.40010652
9.73303192
0.97737672
5.07031250
7.07722961
10.75089539
12.64717310
9.25036901
6.37792221
7.81848736
5.87564938
3.35071143
11.87064606
7.79139407
1.11876218
18.34529477
3.01408023
1.29732269
3.40917969
4.05423981
6.79797208
1.57259281
2.99365234
7.41015625
0.23681641
13.96439606
0.54296875
2.49818939
1.75834137
2.52526762
3.31229632
5.23258422
0.41177399
6.26761747
10.95849734
3.33268063
6.01932956
9.21785461
8.40368683
6.10156250
11.28906250
1.17045074
6.14851618
1.77156804
2.09012910
7.41796875
1.53111952
1.06653673
0.75439453
0.62274170
7.86718750
0.95263672
2.40820312
11.73301178
2.29268402
3.18314606
8.89497894
10.45307071
1.27499722
6.63716644
5.05924313
0.38753421
2.14062500
1.83658813
8.38460328
0.76074219
7.78311946
4.89266179
11.89062500
4.88040171
3.76172872
5.53560394
14.09613387
2.86677915
2.42948581
16.14843750
3.39603668
9.30904144
3.01118739
1.42435948
1.95759198
4.65914782
9.07194000
1.65812195
0.98046875
8.53840315
12.37175310
0.70947266
9.88167110
11.51767185
5.18991577
3.39302582
12.18398715
25.10658078
3.54211270
6.13562167
0.43404144
15.26171875
4.43359375
0.50683594
4.82421875
4.33640289
6.61718750
5.96048981
9.69046654
11.25724678
10.33158356
2.16210938
2.36372894
4.53091534
5.28361896
6.66060394
5.29341644
1.62695063
1.61771886
3.37516235
1.37251801
1.20296265
10.31250000
1.57377106
3.60396332
3.84530370
4.78259308
4.65836547
1.88948609
1.55566406
0.19706176
1.52868683
5.79996454
10.04341600
0.43229374
5.02835218
2.93364306
2.76021332
16.72048110
16.37801055
3.04381982
1.19865303
0.26220703
4.12294826
4.21494237
0.64453125
10.78291778
6.74886109
7.29296875
2.06490082
12.05867243
0.61027288
6.22611481
0.70853668
4.37384165
4.86539672
4.12821255
5.08125886
11.63216312
11.13278197
5.36510194
17.48136414
2.99218750
2.75585938
12.54329344
1.63444093
0.70068359
17.08105469
12.30623227
4.65921654
12.11267619
3.54492188
14.58621787
3.08476174
10.01847351
8.72220856
8.27071381
3.51507706
10.51281583
0.66589511
1.08756469
14.93493683
6.36771388
4.92638631
7.71371232
3.50044769
1.73990250
4.04252106
2.25377328
2.12167442
2.12446864
2.40482823
6.18750000
10.38244598
6.59293329
0.68087073
4.41048094
8.27689606
6.39766511
0.72244740
4.16044658
6.51997894
2.41406250
0.03309112
5.86853732
0.82550309
9.97150488
5.72425531
8.29341644
6.61673981
5.76127106
3.36462433
0.68408203
1.16760223
7.53649933
3.34765625
0.27905273
0.16639190
7.45218902
9.17622894
-0.00432449
3.37337157
3.94498781
11.03384752
2.29870512
2.05567154
17.74218750
6.81102890
0.63402853
0.83223917
8.75435394
2.71879059
6.31339539
3.02343750
4.78295213
2.06035017
10.22656250
3.51607269
10.46796661
3.66547430
4.34023715
7.72520500
7.26908356
2.56640625
1.04146332
12.59570312
1.97558594
0.68603516
3.96093750
2.37695312
5.17187500
0.21081543
3.91662567
23.67691767
3.29761054
3.26021332
2.53710938
6.91406250
2.17956450
0.46057222
8.79625001
4.05921874
0.38382965
8.63822418
4.86563525
3.83704205
12.62154144
2.63907898
5.99218750
5.83984375
1.49804688
7.04357879
10.13573471
9.20740525
8.04296875
6.36714318
18.09334663
7.98079344
1.84244875
2.56099457
3.78505307
4.14237146
9.94788065
6.75736481
6.67622894
7.25211547
1.90759308
5.86380763
5.20650487
8.35655586
1.94617852
5.89664672
5.53206422
10.43802638
2.74813054
5.89933289
1.63901795
1.58841949
0.28076172
6.02298981
2.45613586
1.35723908
10.06250000
4.84029144
5.21600342
9.43676197
4.76591533
10.72656250
6.25435394
0.98388672
3.37894559
4.59387300
9.33683289
0.02254211
11.96952239
5.94576019
5.04992022
2.56755263
16.03702571
16.30964650
1.98279587
4.53906250
16.85546377
4.51579233
3.51175809
2.16402316
0.88411500
17.35058594
4.64843750
2.41406250
9.97882536
0.34299257
6.85201019
6.79597961
5.37589539
0.94717916
7.68990580
3.71089318
3.00609542
0.34258172
1.00878906
2.92187500
1.15392537
3.23767619
8.05032857
3.12020334
2.59045379
2.31970246
8.96964539
5.49654144
5.35156250
0.64306641
2.18341271
4.32879432
3.84090149
4.00435394
11.75948028
0.92700258
4.75886338
4.18278701
11.07031250
1.18518035
4.30993683
0.22473145
6.68001219
1.87333222
1.11177582
4.82320036
13.44722628
3.36914062
6.19921875
1.54524657
1.45573000
1.30566406
4.20942709
10.40580729
2.91556793
2.46891235
1.24886109
2.29536957
0.03186035
1.60892731
8.83131761
7.77972517
11.93977283
7.96916334
3.36238586
2.09855164
8.86718750
9.22656250
4.07421875
2.14200743
3.79549257
0.94482422
1.21289062
1.18802887
15.66406250
2.11372894
10.40689938
5.76212212
3.90129100
7.13281250
5.67187500
3.00000000
4.48194926
3.06101949
9.62112935
1.69141123
9.69966644
6.31205231
3.21529144
3.14257812
5.99609375
1.10209137
2.34029144
7.23649047
6.14152039
8.42240138
3.13904089
5.80033356
2.54927582
14.29239805
9.51228945
2.22025543
1.71138519
1.12472606
5.55989625
19.54338209
2.52006261
8.84029144
3.00040337
0.22807167
1.96109985
4.34676086
8.61206117
4.78080231
3.48677582
8.88102172
1.21956422
7.40689938
3.19270999
2.52644836
3.56221465
11.64062500
4.32735261
3.19897461
3.77667942
0.26355261
22.85677748
6.48096077
2.44726562
7.06163897
18.99292646
7.45703125
3.02334636
6.15581227
5.01558068
4.10175920
3.43315602
13.24397966
0.57910156
12.91406250
1.94172596
2.50163342
4.69531250
14.95312500
6.35485840
6.09720856
2.97853066
1.10667441
0.68794769
2.65234375
1.31347656
0.07055664
0.83972075
0.56396578
8.24609375
0.90580231
3.53755707
13.63695479
2.27124833
0.02571106
0.49576950
8.40523161
14.49540005
8.69657690
5.89453125
7.94576019
3.69335938
6.80379211
2.66886414
0.73779297
0.62648000
4.31099955
3.63281250
4.17187500
8.61629211
2.92277039
7.03169769
12.71248227
8.46720523
10.70545959
9.76151520
13.93404144
5.18660461
8.36372894
6.00736481
0.16145844
7.34240692
2.44627162
8.60487616
5.43404144
1.68115110
10.58349734
4.01562500
7.19726562
5.01562500
2.53035461
2.07661957
3.06835938
3.47115082
0.31791168
1.43306488
9.73002106
2.03515625
3.29955619
2.59542276
1.71849527
6.49097739
1.09082031
3.44335938
0.60498047
2.21093750
0.81884766
1.96687805
7.70402039
8.98567376
5.00651374
9.46711658
5.16915447
2.48482269
4.44379710
0.42827321
8.95312500
10.48101807
1.23802683
9.02677305
14.19315271
3.66423980
0.55033356
8.87154144
2.65282829
6.49223182
4.75602172
0.28515625
4.17020722
2.74023438
1.05391262
3.63359930
7.44733487
8.92570008
3.28417969
5.42773438
1.55366661
5.80473182
2.63427734
2.73632812
1.80627866
10.28769503
2.17578125
26.06294769
2.61914062
0.51501434
2.83337433
1.12890625
8.75000000
2.48046875
6.82388409
0.82748310
0.76041314
2.48718604
4.07031250
2.08638519
1.57910156
8.40970856
1.98384613
3.04378048
8.59391484
3.23795158
5.96667885
0.48535156
2.81835938
5.94921875
5.35201019
0.96024504
0.85225496
3.27494293
2.43208832
2.60156250
2.24609375
1.84960938
4.75736481
1.50630707
2.14648438
0.02296448
3.21875000
3.24910461
3.76216644
3.74458832
4.25390625
3.95426142
7.05941046
0.52006012
9.52779144
0.56201172
1.45063263
6.63403258
1.67110261
0.06641845
3.00374390
13.38972961
5.75524933
0.82580535
2.50158723
1.11649566
2.87304688
2.88326019
5.74955231
10.72656250
3.56957946
6.45235261
7.17399047
9.55257203
8.28470856
2.54341644
3.79793274
1.55708832
18.99669881
0.99007701
8.56778198
2.46174923
7.67647495
2.95206726
3.23197418
4.77164672
3.24833222
1.08256012
9.15279144
0.20235168
7.54777039
1.13260832
3.31025156
4.60303856
7.45178192
0.00808747
6.85012080
1.73581670
3.75000000
1.89648438
7.70267731
6.52465758
1.66186586
6.69531250
2.98091644
5.34375000
4.10546875
1.32332336
5.35111481
1.84313996
4.71289062
8.42968750
8.42968750
2.17338043
1.42915863
4.67822141
14.70800532
3.04346077
0.08152252
6.04539894
0.44137688
6.23437500
8.23693817
3.18762238
0.93733516
4.25895390
2.22265625
6.66374175
15.08158356
5.56294769
0.35367859
3.44087738
23.61091977
1.68497867
15.12500000
2.69486481
6.17187500
0.11617035
1.15625000
1.05468750
2.61718750
2.06213099
2.45935339
2.70312500
4.16015625
10.83544922
0.76725219
13.13035800
3.50585938
0.51920469
0.59334414
0.17236328
1.10480847
0.58724872
3.10201019
4.62500000
0.17468262
1.95076477
4.23527039
0.37451172
17.31664229
0.21220689
11.78125000
2.32857269
10.67533356
6.17655364
1.15494875
0.65686004
0.35853784
2.17643561
5.08984375
7.18705231
1.98189301
7.01562500
8.68750000
6.59765625
5.06244903
3.70780364
6.23795656
3.21598297
2.08443207
1.95853668
7.10591644
2.84720856
7.73091644
3.90189606
0.27318329
4.40567930
10.36551972
8.36551972
3.60546875
8.82812500
4.03125000
3.50781250
14.30814606
7.04374114
5.80078125
1.52604250
3.57031250
8.52343750
1.02539062
0.00846100
11.21875000
7.19531250
3.09765625
0.15209961
4.30078125
2.36914062
12.19099291
2.41988752
2.82271332
10.36869293
13.71350067
9.50524933
4.74084442
4.99157746
3.58052582
3.45507812
12.21439606
4.08939606
0.09195984
8.30170103
4.09283022
0.49267578
3.99218750
0.34065734
1.59366883
1.77832031
0.11175156
3.81868407
12.89420656
9.67968750
3.73404034
9.07064716
0.55444274
13.58426972
1.87349457
0.71097809
1.23872894
10.45312500
2.98046875
2.50842254
2.43404144
0.11698426
12.50874225
0.59139600
0.45406098
2.87792969
15.14408356
13.91841644
4.16406250
3.42650931
5.44458444
0.26692688
1.87687195
6.54296875
3.24173981
7.19185394
3.04797208
2.98913730
2.99609375
0.93408203
3.23783356
1.40889496
7.82812500
0.17952453
1.24405945
13.98533910
10.81934840
3.78515625
11.52929688
7.42187500
5.18359375
9.14408356
1.36275238
3.63281250
1.33451324
2.17610594
1.58365968
2.87154144
11.77689606
4.87935394
6.41406250
2.90429688
3.76367188
3.46875000
2.83007812
3.23205566
7.50211547
8.47054078
3.67480469
4.88671875
6.42578125
15.16752106
1.81302887
1.39445008
2.05020557
4.31120373
8.39770446
4.98405031
0.66699219
0.51529719
0.44832585
1.28027344
18.18655032
1.19430906
8.26368142
1.99577903
3.54101562
9.25030518
3.20898438
2.17187500
4.79296875
9.97220856
3.61791556
0.67745401
0.45269775
9.98002106
1.39302582
0.65625000
11.83158356
6.07076019
4.66996122
1.98824191
4.21484375
4.58581450
2.75162843
12.44752640
0.91459137
9.81941711
3.33532746
4.24540005
4.19502964
5.25691711
0.31778992
6.09765625
2.52103668
7.23091644
3.93872008
0.19165101
4.42968750
3.77929688
3.41813110
6.51013215
4.50301086
15.09464539
13.97310394
0.50143814
11.47656250
6.84505188
1.50480164
13.77152496
15.56294769
3.33007812
2.55273438
1.56417847
4.01953125
0.69730621
6.26216644
7.18359375
7.82091756
3.65564494
10.02343750
0.91772399
0.83764711
4.70051751
0.12003913
8.04893618
2.37293882
0.57421875
1.85965973
6.61372894
4.32530975
2.69156860
2.80843140
3.04296875
3.29683068
13.56864472
6.84155585
7.42187500
2.95072418
3.52148438
7.61763519
0.24072266
2.79283328
2.99826351
3.64831450
1.13452211
13.86909973
21.99127809
0.95118683
0.98441559
3.72806793
3.31294769
6.34029144
4.05379211
11.79101562
9.11612976
16.27485927
4.16264073
2.50691711
6.35456339
2.47445700
1.89453125
2.34379059
2.20117188
9.12064606
8.68891180
4.38184840
0.36572266
3.04402649
4.12398161
1.71427554
0.07958984
11.53816711
0.73380555
0.04376221
2.24060059
4.30033356
5.93013519
1.20703125
8.88627106
0.70650238
1.40136719
5.48465537
0.93872506
11.63326019
2.28230774
8.36372894
1.70650238
3.99552305
4.13671377
1.77913951
9.16674867
1.87402344
5.05078125
5.68359375
0.00235176
5.39216977
13.26005191
0.48315430
2.18509918
7.78125000
2.72884032
0.04235933
0.06982422
14.07543883
4.13212129
5.29732269
2.90820312
9.23437500
5.08203125
0.06817627
7.00732422
2.29838043
11.09810394
1.77832031
6.31160461
2.02779144
9.03560394
4.28490027
4.50371453
3.50240082
11.59667969
4.19787567
13.33414672
0.23120117
5.42891511
0.45532227
12.09452239
9.69583888
1.87589851
2.31298704
8.00614472
3.43672761
0.87607559
1.00354720
1.71919769
4.41194703
4.96919769
6.83203125
2.97070312
0.49780273
2.69611675
4.76071032
3.69771332
10.51395722
8.26997894
1.24662262
6.43013519
0.26135254
1.84330231
1.44087738
7.41792443
3.01993960
0.56164769
6.07031250
1.29101562
7.81640625
1.51757812
14.39127438
3.74548496
4.75044769
5.72843196
7.32190159
5.12487700
1.27596132
1.71764545
1.71680186
5.48002106
3.59582613
9.06673094
0.31335543
6.30337877
4.58891400
3.74247285
4.86718750
3.81205231
1.14009613
1.42089844
3.52840149
13.42097961
5.82641290
6.90885749
4.91060394
8.91227172
10.74747119
10.41646830
7.54097628
1.36401367
2.65083832
8.56250000
0.01910400
0.36952905
0.62679327
10.10591644
8.38370789
2.78784180
7.36673981
1.84863281
6.85884613
5.03906250
8.73468972
3.65984153
6.10892731
0.11250824
3.07617188
3.16210938
3.06250000
9.89831450
1.32922457
1.75256317
1.84704621
7.62455231
4.52990692
4.79475953
0.26757812
1.05594879
4.26472961
1.23970551
4.98091644
2.32067155
1.46643783
2.88476562
6.48677582
2.04207336
3.29341644
0.89306641
4.01607269
10.72977505
6.66604500
2.27320644
3.27237976
2.39213043
6.15279144
0.28885895
7.63582336
4.25134308
0.63070648
2.35201019
7.28515625
0.23136414
3.35742188
2.61824524
6.49308289
2.05859375
8.08870235
1.27360234
5.96170989
3.41524324
6.50736481
7.37500000
0.38741059
3.69486481
2.90596465
8.49487367
0.69844512
7.31384308
5.60208888
6.62101507
2.61958832
5.44563719
2.30977449
5.18794769
7.19238281
6.09330231
3.54687500
0.33028168
1.71582031
5.20947141
4.08304964
0.83243711
0.07303988
5.41406250
12.94769287
1.36918121
5.14607602
2.66642398
4.33894836
2.38024933
6.71561614
0.08528719
1.95703125
3.97386636
2.18433676
1.72851562
6.17809841
0.07336644
1.10546875
5.55109099
20.06369569
7.56640625
4.87935394
1.60742188
1.85795074
6.33388077
0.76031692
1.17773438
7.76562500
1.73588043
10.66560727
2.15319980
1.60449219
3.76171875
0.04312134
2.67044311
7.84419769
4.37455231
1.97212738
7.05078125
1.48172817
7.12959995
0.95800781
0.75414509
1.96228557
5.34765625
9.11539672
3.34509308
0.17061371
4.64827017
5.02616799
8.77347186
0.66109846
5.89062500
5.08337433
3.55273438
1.43945312
1.37626129
4.81717864
11.37858156
0.64896637
0.57466644
9.19531250
0.89941406
9.37500000
0.03292847
6.57584220
1.91980385
9.64037899
0.77466007
2.07812500
1.96301114
5.71419437
1.79349762
1.24165863
1.48339844
2.13944426
0.03725252
0.41598480
7.25752217
1.05684979
4.69531250
3.85099180
6.74906527
2.88537567
1.33487976
9.39652372
6.18160128
9.22406377
1.27275376
3.10756677
5.31528479
1.04003906
6.48339844
1.53568512
6.91060394
0.89656555
0.79976410
9.11232628
2.17326241
1.42158030
2.53667165
6.99387966
6.86158909
2.02298981
6.52685547
3.22416168
4.77990692
3.19274933
9.83683289
2.54963985
8.30790005
1.87787913
1.15374113
11.02343750
0.13652464
4.78483156
2.39994293
1.57539700
2.66190769
1.46158542
1.08855496
7.37154144
0.17517090
3.97265625
0.38142883
4.78214539
6.28515625
5.57633422
6.31819703
8.19877106
12.81484924
10.98841422
4.98661347
15.13627106
5.63370789
9.14485594
10.41674867
1.62980164
16.30088882
9.82960106
1.10103363
2.32495055
0.02254211
17.94486481
3.48649047
2.91380901
4.44922872
3.10591644
8.38627106
5.00736481
0.17875184
10.95777893
8.28515625
2.34765625
3.52494293
6.38692230
1.57910156
3.60306793
9.56595856
1.14152039
0.39530426
2.95357269
0.33223033
0.14880371
1.57724571
2.67187500
5.18359375
0.50244141
0.29915344
14.35550965
14.60835661
10.47517789
7.13830784
1.59517426
6.38627106
3.47878353
4.07391026
5.09330231
2.93090758
0.33809480
1.58646637
1.61470551
0.29321289
0.01390076
3.91467254
4.82485816
0.75025598
5.30122894
1.47656250
0.02291870
7.54988586
1.83474181
5.51771608
1.78515625
2.18750000
3.83593750
0.61189758
0.20389832
0.13879395
4.26285018
3.35779587
3.30024740
2.07572916
7.97310394
0.02614074
4.26704677
7.16174534
5.22790558
5.09586547
2.85786957
1.36771637
3.67171265
2.29296875
4.22957336
6.54488277
9.87154144
1.60277386
1.96607380
12.87154144
0.00643539
4.46484375
7.68705231
3.59012412
6.92204233
31.31454187
6.24902624
3.98738586
4.01732713
6.34493572
6.90983156
7.01936890
3.31054688
2.92217011
6.26562500
5.39754211
3.44620789
1.93672512
6.25101839
3.29386414
0.96866883
4.37980164
1.58068817
1.07625305
1.10575410
5.49507536
9.14420656
8.28214539
0.40620941
1.05175781
3.82169957
1.94035350
3.60127715
1.38798066
10.69531250
1.45800781
0.87349457
8.64884087
3.78987921
9.39884087
0.21472573
2.70259613
8.46093750
3.11328125
7.92879211
19.00512863
13.34571808
0.04588837
5.96772288
3.74821919
11.19441711
1.78055879
0.56640625
0.02756744
0.05983490
0.58943664
6.34586547
2.07450410
3.46679688
9.35591644
0.67545531
5.15400156
6.59734153
2.10847961
10.23571808
2.38732879
1.36812867
2.05122894
9.59977172
2.14497894
7.99308289
8.87405630
2.17981050
0.15513030
0.44872860
4.08964206
15.76871454
0.93795019
10.25447695
1.34810394
0.55029297
18.31205231
17.44724070
6.37461657
5.98673648
2.35351562
2.14107269
4.50423094
7.90104250
2.15144836
2.03755707
1.80904144
1.76826934
1.88505097
1.72461271
13.80468750
5.27689606
3.82421875
2.88285184
7.94046654
3.63611369
1.33398438
0.94535309
1.67622894
9.96508789
1.19144559
0.27588015
0.20747894
5.05468750
0.16137695
0.90192610
2.41805740
5.11389254
1.80468750
0.28231812
2.62845856
6.61763519
0.07861785
0.43782594
1.25488281
1.70844678
5.60010638
1.21972656
6.13607852
3.16691101
0.22355039
1.79584664
7.18759363
8.82812500
0.04868561
0.97701019
3.55493164
5.86507473
5.65995456
5.89453125
4.75480164
1.60139766
1.67806156
15.21618683
17.70133422
10.55289672
1.32975343
1.32714844
4.32722961
4.43891180
3.47169215
11.68750000
1.31241883
5.37109375
0.22818844
9.62129668
2.13590702
7.71695922
2.39782746
6.93013519
5.70401042
2.32260028
8.91329011
3.77884918
6.70357269
5.57421875
1.84375000
3.66357048
3.49027870
3.83247894
5.15234375
0.02833557
2.86917997
0.70800688
9.49227116
1.40332031
9.75602172
8.24422242
15.77856383
3.36144615
1.82092752
7.33654256
2.01111369
0.40329675
11.91007757
12.89676972
0.61389923
3.44095856
5.08638519
2.40384918
4.84419769
0.10620117
0.19018555
11.57377106
0.70601410
5.65238243
4.69148493
4.52771276
7.54988586
0.22151703
1.17578125
2.43765238
0.62724844
5.77734375
3.68867949
9.74743683
0.63907898
1.41210938
1.83886719
1.89624023
2.55859375
11.12320922
7.40323914
7.32120789
3.28621399
1.94714262
15.86731050
9.82319430
2.93282136
1.25488281
5.20646055
2.06982297
1.08264378
8.36539672
0.34794160
0.58699524
2.37666778
1.47106965
1.72005125
1.69384890
1.05016996
0.71191250
7.50639073
1.50923676
4.89754211
3.40604333
2.81340751
9.78653369
5.21968971
3.33964206
13.79777039
5.75826019
6.18404144
2.30166916
2.66280806
8.48278840
4.37064606
3.53320312
1.45316434
0.26660156
2.17641412
3.93617685
4.22656250
2.98152649
1.15767426
0.37935394
6.52127771
2.24239417
2.79753692
3.39728168
3.94522884
1.81647953
11.19887330
11.08850067
0.10510285
5.76883755
4.51932956
12.88358489
2.24381593
12.98437500
0.10048432
0.04868561
0.38740934
3.28662234
4.60111481
6.39709442
5.60681183
10.55033356
19.57018950
12.62679078
13.71964539
6.79085328
8.68546321
1.32755679
3.62287955
8.24984264
1.42887328
2.06294769
4.02343750
3.65747008
4.15279144
6.89224845
1.70117686
2.25435394
6.49422435
9.19169160
3.38387024
12.56294769
8.06250000
13.29805076
9.17761635
6.10339387
2.33113586
7.20499695
0.40319793
0.28621399
3.97835328
8.18314606
0.56982094
3.62634308
8.45658356
5.06205231
0.34248871
0.95943207
1.76387356
2.43880374
8.74654144
0.87219207
1.20865813
9.88293550
6.29536957
20.94531250
16.06982048
7.92939717
7.09229388
8.00870789
6.51306183
18.20960480
0.48665157
12.74678745
3.06099457
18.89729610
2.18565005
2.05603058
11.54999890
5.32935505
16.31188996
7.81225399
2.72127382
8.05391511
2.51411957
7.44082558
2.77527759
5.39861813
15.09977172
11.65189606
8.85156250
19.16239472
9.90356383
1.91743988
5.53649933
12.30725067
12.42455743
14.92224401
19.65087766
12.96207890
10.37744016
1.54512605
6.61437833
2.10046542
5.35591644
3.14647441
1.89169270
12.76716977
2.69706394
5.19006317
0.99149629
3.23575743
3.96150820
1.78239479
6.02560726
3.95357269
3.76444426
5.37813386
1.95560699
2.51037567
1.65165254
4.85408383
8.51753878
1.15917969
3.63252715
6.62236932
4.17730163
13.37935394
8.05026764
5.15970856
5.21048981
9.72477172
3.73038010
5.17932845
2.86238586
7.89375886
14.93058289
0.09859191
0.21712250
3.86914062
3.89453125
5.75244016
2.17484652
5.02779144
1.11015808
4.42968750
2.31555020
10.51831117
4.32914339
1.27681488
2.61250139
5.66882978
2.62154144
5.50992797
4.36897828
4.83548981
9.93981716
2.81303136
1.89659616
1.31168827
1.62503311
0.79928330
4.48828125
7.88716644
4.61673981
8.68225067
5.56339539
4.45857602
4.33048648
14.95914672
12.47294160
13.95568817
7.55566157
5.54679632
8.74617243
1.86320257
3.04341644
8.39115138
8.06632757
2.04101562
5.13793883
9.05301972
2.96919769
8.78804411
0.22786562
3.13366357
3.09049811
4.69185394
9.18404144
4.19038786
3.66268007
4.59676086
12.08593750
10.49129211
11.44559785
6.39159907
16.42724734
12.53535794
4.32279698
11.47700023
16.20358785
4.10278258
4.18672761
0.44913758
0.19303375
5.59375000
1.13688110
8.53023161
5.92423648
7.67382812
6.14985927
1.15181737
4.62430630
8.86047031
1.59016595
0.99076573
13.42366578
2.04219636
6.30244903
0.77327515
3.49121094
3.86043274
5.61763519
4.90409021
6.71610815
1.95987976
18.19728358
12.27236579
1.60657579
7.69095856
1.73189301
2.24230926
6.07902039
3.68013519
1.31347656
11.42700133
7.13268950
5.08093417
5.53816711
1.08646637
2.31730164
0.35180664
0.21834320
1.97131317
3.57071961
14.98168883
10.83426972
5.37935394
5.54642731
0.02817810
3.84374502
3.65731272
8.17976867
5.33850067
12.51281583
11.79020390
0.33858246
2.88521332
14.22041778
0.34261109
13.30904113
2.92907746
2.82137024
13.37487700
10.18827239
3.55968086
4.25607601
9.24543440
8.77454454
11.55932617
0.57039367
4.45837433
29.74887848
4.36132812
0.85945617
16.35143950
18.26346894
10.22932984
6.00378325
14.38537567
2.06982546
14.92008422
5.82645722
11.56917110
4.02368351
5.18412262
5.63716644
11.76562500
4.95690825
1.57621371
4.76953125
4.05078125
7.97912567
3.51302125
10.50602172
0.08931519
4.10111481
2.75728363
7.13972961
6.40702239
2.99780087
4.84969304
4.76741578
12.20723294
13.95247562
0.26489258
11.37650543
0.25996918
8.76908356
1.99548371
5.70763631
3.54236369
5.11230469
2.02058899
5.82031250
4.63236481
1.32815686
3.43303302
10.12833555
8.35514406
3.85140015
7.94583888
2.47440769
8.12154144
1.38887605
3.21992949
7.63537567
1.77807679
6.10982269
15.12231383
10.68839539
7.61428968
6.90223071
10.04943817
3.37235566
3.07966977
2.24080507
3.37845856
7.61897828
0.06227631
8.21040116
3.37553634
4.25557403
5.48737589
8.53439383
2.08520446
3.69213929
0.16821289
3.50435394
4.06986481
1.50819854
8.45658356
5.02176972
4.91796875
6.68794769
0.13128631
6.93106494
2.68551252
4.18750000
11.35847961
6.34439938
0.25191441
1.74173981
9.53734314
0.09080018
3.53275543
2.92203797
4.32621122
0.92627078
2.79882812
0.76904297
1.55078125
4.58915005
0.45593417
0.97464932
0.99646276
4.79386414
8.59452239
15.41194703
3.00329621
1.88041168
10.01908356
0.07053650
0.84403410
2.21663453
7.63716644
8.29064910
3.71032746
14.98860594
1.19295351
0.33514612
15.71822362
4.91585328
6.64025599
4.35014073
12.05904144
3.71378601
10.21529144
0.04925537
4.96093750
2.39408356
0.07814545
3.71093750
1.53417969
0.28335841
1.64123753
10.09631317
3.12137910
7.53035461
2.49125152
3.12980164
4.94640958
1.42484652
12.18225067
1.66284242
6.67879211
4.51216644
2.93253601
12.22701019
11.00256317
0.84952820
4.60937500
8.98742676
11.01025266
0.74971590
2.17020722
10.06250000
9.64497894
5.25890958
5.81441378
4.60982269
0.94736600
0.93229250
6.83728058
9.13871122
0.72933109
1.45214844
10.16316711
4.87109375
3.72598682
3.52942486
1.13708527
3.62397247
1.94051086
4.86718750
10.14606605
4.07825797
6.00438830
11.44015181
0.21240234
4.18269836
13.36616911
1.20442376
5.85653147
0.28100586
6.50301086
5.48091644
4.04732269
2.59027275
2.68381537
11.17366578
1.14514129
2.50870789
10.20133422
7.13265015
5.50000000
6.21529144
1.13627106
0.80379242
4.78470856
4.08203125
10.49629730
2.21305297
0.20320648
9.80558289
0.65576172
3.47701019
1.71732574
2.13659575
1.60176668
3.11372894
5.20011414
5.52298981
0.04345703
19.09480774
12.08593750
10.09248560
1.34440436
8.34631317
10.84211658
6.06502881
12.45222961
2.82946808
2.80228668
5.90865082
13.16169983
2.58203125
0.37776672
0.22888215
4.69531250
8.91752106
0.20532227
15.64957641
11.52908896
3.87695811
5.43660461
9.93883312
17.72461436
10.62024268
1.44669742
1.07324219
6.51985594
2.27625231
0.81656860
11.16999557
5.60043107
11.67789672
6.42622894
4.59944703
8.69750665
6.16443151
11.67203735
3.15893617
13.14408356
3.13972961
0.56331422
12.26346521
9.46195589
7.21765292
16.69775266
3.86743351
8.03804411
8.94454011
2.07502798
10.04569924
2.26635804
7.98604278
5.14286347
1.05220551
11.56135860
4.13395390
9.32242797
4.70357269
11.35900599
3.49931128
10.15014648
17.74719083
5.06948001
5.25390625
0.04586792
0.45214844
7.52298981
2.78861481
14.96256313
3.19201878
7.17097961
11.18253601
0.34037262
4.05904144
5.23306627
9.73958998
10.31595856
0.21138519
3.55521637
7.20161957
9.04687500
1.89461242
0.63521332
8.11177582
0.14068572
0.37170441
0.40704003
7.98743018
8.60502106
3.90625000
0.30741363
6.57722961
6.18147828
0.67171110
2.73929964
7.96034210
12.68123227
1.41483738
3.04296875
10.75000000
1.41910766
0.14546754
4.59317149
5.15223071
5.00870789
6.18750000
12.88346188
0.30110843
1.29500305
2.59844120
3.94609485
4.62622008
2.48710113
4.22444205
4.86613475
3.81929535
4.49438477
8.16829344
6.31127992
4.04252106
5.02087433
4.28125000
0.04582733
6.19909575
5.29475953
14.49202515
11.01127106
4.67232269
2.92142731
6.13326019
5.06250000
1.69185394
13.89998227
0.26534090
4.23315492
2.25266829
8.34464539
6.20056183
9.99564606
7.38224180
3.04878878
5.70890071
0.91874425
9.76472961
13.31144226
11.30814606
15.45609154
15.38460328
2.40487007
5.87064606
15.71260528
0.65210023
8.46028295
14.90072030
4.47534242
5.02436554
2.79146332
4.39350289
16.69743794
8.43595523
4.74564606
5.13024933
13.52254211
12.08593750
6.55061392
3.72672983
22.28682403
14.85005209
7.30024802
4.98035571
2.97896332
7.44832336
2.51261414
1.44238281
8.08068817
1.91149933
0.26559230
4.97770390
0.97021484
20.62071477
5.32069148
2.25630707
12.03381317
3.73962433
3.19726562
14.56327239
1.34155336
1.77123442
12.98795656
9.02343750
0.07270294
3.47832836
2.69806293
6.03649933
5.91796875
3.49385403
6.26542331
1.13521332
3.57043052
0.38269448
3.85468412
1.32809057
1.64283410
6.58280364
16.12577239
14.22839511
2.66223051
5.84297761
6.52779144
0.73681641
3.55859375
0.07393402
3.91361481
0.05501312
1.15873199
7.10156250
2.73933899
0.15405305
1.66699219
5.62890625
5.07314783
4.89868351
2.60123781
5.64497894
4.46048981
3.38130707
3.65775543
6.24263519
8.43750000
3.60538010
2.58016677
10.13070679
5.13671875
3.64648438
2.57421875
0.66699219
0.87207031
6.08112589
7.36952581
1.75985136
4.88579897
1.25195312
5.67879211
0.55086273
4.20312500
5.88326019
0.28637602
1.77063082
1.09082031
8.27343750
7.01131678
4.37410461
10.58593750
1.07120789
1.50931793
0.68941254
1.18652344
1.13354430
4.79500305
7.88806183
3.86356660
0.46069336
3.88281250
0.11102823
4.09208222
6.79687500
3.99564606
1.60591644
0.37817383
6.35156250
2.82421875
10.44877106
3.40474457
12.59977172
21.07796265
6.55468750
1.62304688
11.22271666
8.67299284
8.31876773
4.25134308
21.16801203
3.90918218
6.33593750
4.07377106
4.28169769
8.00345856
2.11958832
0.19864898
1.93013519
0.04824829
2.48571061
3.10270888
7.32076019
1.13867188
5.82843018
5.96972656
3.55965149
4.27433289
9.37064606
4.71529144
4.65625000
0.01860046
0.08905029
4.24475067
1.21618683
0.54150391
0.75716000
11.92423648
3.65820312
4.58548981
6.16451019
8.38268950
0.48547457
2.94238281
0.54508079
5.60115913
7.65759308
11.28515625
7.40038564
4.82963541
1.32271332
1.70014850
2.27446088
7.98783356
3.33068817
3.19034851
10.40625000
0.02134217
7.61328125
2.34765625
8.00301086
3.92293274
0.75520875
1.12207031
5.40580231
2.06046446
3.01814882
2.29943817
9.68493683
2.68029754
1.43448914
1.72550476
7.45674590
2.15653535
0.21752930
4.29503990
1.91589760
8.85677000
2.67740968
7.11873227
10.10783023
3.81250000
2.19726562
10.17443817
4.53043329
2.71902787
1.70915669
3.99096742
4.64062500
3.00270081
2.12951629
5.43884308
12.72070312
0.10003662
7.38793883
21.04943817
3.88248781
1.96244293
12.34285461
3.86897828
14.94051086
21.31134863
3.12016214
6.67900376
5.67871094
2.46093750
2.99609375
2.20641124
1.66228169
3.79540891
0.19531375
30.27095551
6.84330231
6.10892731
0.85103363
1.53951019
8.72629591
22.83749669
12.87432623
9.97702016
16.08705896
10.74069702
10.93015958
13.67401041
29.56391180
13.11647885
-0.84092836
18.27358988
-0.71231058
3.04044493
0.87365816
9.57421875
7.06640625
3.82857269
0.42753082
0.69984955
3.67533356
33.96313165
8.92114569
11.69035795
0.49323580
8.71201464
2.43296431
5.40396720
2.45300698
1.03417969
1.38671875
2.85005707
0.69140625
3.32702543
5.44799867
14.16971521
4.60852393
4.69909575
4.45257662
4.58504211
0.47835203
6.25402925
5.49173981
11.40445922
5.60079011
8.21081450
2.63049410
13.14501953
0.32836914
13.41450023
5.22567708
2.79146332
4.14080811
6.74173981
5.45703125
4.20454926
6.82425311
4.28377881
4.99654144
8.19669617
8.29252106
8.10591644
8.09195922
0.91975953
19.00602172
6.23354832
8.11199246
0.16141754
3.63521332
8.49663933
21.16264073
2.05253144
3.16959718
5.96773161
6.85258089
0.19130307
18.55814606
11.67468417
2.66210938
4.76037567
7.60835661
7.27579898
12.99475067
4.69185394
7.46004211
9.02433289
9.80635528
1.89587433
18.28666168
0.80509461
26.87048371
7.64709442
9.31685394
0.22082520
1.84269226
17.48242188
5.65055297
24.15759308
2.60005707
5.42866911
7.76972297
2.76209773
10.61372894
1.30273438
0.13981109
0.44726562
0.90035004
4.90347020
0.48031887
14.36718750
5.37963431
3.16650764
9.58828901
5.76115802
9.08068817
1.88895722
6.74564606
0.38208008
15.37398161
2.75048953
1.25781250
0.10603758
13.92113697
19.49970593
5.16871675
10.29225647
1.58504211
4.55794188
0.85107546
3.74127272
7.75480164
1.64827515
1.75520750
4.19999114
8.11039339
5.73347961
6.99218750
1.67395082
4.61450133
11.04597961
21.60274324
3.60436918
5.53527925
5.86763519
2.33789062
6.64359403
6.71415254
7.80000886
4.85591644
4.82031250
2.39709442
6.91451019
1.13175476
6.09737073
5.77823914
7.74218750
2.00158660
0.11706574
10.09627258
4.20088653
5.94454011
3.48588043
4.64639389
4.91886414
6.92533356
1.55948914
9.15535461
2.14757647
6.58378767
21.30228668
6.59871399
5.50480164
3.07076019
1.07963043
6.35786459
3.09180186
4.83158356
3.92525238
2.52539062
9.67187500
1.23852477
3.68627992
9.61718750
2.59330231
4.07076019
6.98860594
5.12109375
9.63985261
6.97701019
3.35937500
4.35266113
2.50691711
9.84810394
8.19095856
8.43554688
15.33589567
4.17696261
2.68314606
1.44396942
1.69905640
5.09330231
5.26285018
2.37041001
1.14213043
0.96844451
2.65804078
15.66783048
20.01421694
17.67187500
1.78808594
9.10937500
6.10459137
3.45507812
7.93115234
8.23437500
5.96919769
1.63041168
6.22408051
3.18164062
4.00976562
1.43660461
4.51249114
13.58516511
3.59073914
10.09631317
11.83504211
4.24820922
8.17199800
8.13305602
12.42679840
1.04919465
13.83772828
9.38704344
1.19474180
0.77075382
1.60990387
9.91768340
4.06131988
8.09106383
2.13277316
6.95572252
3.65833111
17.31302638
9.14278479
4.09810394
1.81445312
3.04199219
1.66076629
3.76261414
12.26127106
3.11075743
10.28829011
11.58683289
3.63289367
9.09090149
3.49637910
0.73042816
11.79119265
1.25574135
5.44437279
4.92125998
6.68950243
14.93481383
0.67358461
3.48925781
2.16752106
9.19518950
15.27356050
12.73693817
15.40869016
4.89734042
6.27779144
1.61002563
6.29475953
1.91796875
4.67142731
3.94758533
1.88013131
8.50451816
18.78381317
1.81445312
15.04341644
8.89062500
5.12980164
0.04302979
2.95428580
2.52378213
5.49404201
6.66371342
3.24849457
10.67488586
5.64978058
12.81392177
16.54740636
6.64318817
11.58205564
6.02866245
0.79691559
0.67932098
0.02224763
8.63528702
1.92180130
1.52689606
7.95552582
14.91237334
5.24788453
0.26582855
9.85937500
0.86425781
4.30973266
4.12589539
12.10400266
14.56783175
2.47505707
2.45178192
12.04777039
1.14009613
12.19441711
0.05269379
11.66292110
16.06709995
9.17862976
3.43420379
13.66406250
3.66829344
0.50687777
5.20568817
3.85485871
0.43725461
7.81616024
3.25712378
2.31282469
5.35818928
2.00236646
3.57511414
4.22656250
0.01553345
0.67138672
2.42439758
11.17447875
11.84375000
7.42020722
16.45061176
2.60050975
16.84016844
3.70536347
14.01000665
1.08170905
3.77884918
4.09342531
3.90246177
7.29871010
14.56844055
9.82031250
3.37544769
9.32031250
5.35188719
3.68912843
7.60937500
0.47237152
0.00929260
2.22314453
13.25345856
0.25264496
10.06839996
0.60847556
2.78593362
2.20552582
1.60355621
7.44201660
8.94531250
2.87935394
6.01338653
3.64827515
0.62109375
5.07994515
7.82089317
7.22086547
3.12679078
12.97656250
2.94726562
0.03460693
1.27262328
6.89196808
4.73872894
1.19807050
6.04541888
3.13956726
7.47855497
0.06319308
1.47363281
1.61775695
4.21919769
7.87458666
5.30855939
3.02190155
4.37268035
9.65625000
4.74698914
7.75870789
0.07025146
6.72265625
8.60502106
2.97378768
4.06962876
0.03795868
0.30228668
14.67277039
6.69095856
1.16768381
0.34359762
4.12845856
1.51078277
4.87544769
6.47656250
11.70747894
3.74173981
0.14001984
1.81986481
6.00000000
0.52290863
1.55676238
12.70837433
0.85746246
4.48437500
3.85510223
2.83968140
10.58158356
1.94982879
3.06400543
7.40368683
2.87890625
6.87935394
3.57812500
11.85656583
3.94466312
3.39603668
4.71756552
1.79268838
3.92533356
8.61372894
8.41650266
0.63667941
4.82275266
0.05692660
4.47656250
6.25435394
1.03125000
1.51908356
2.55432129
6.82031250
5.27555297
8.04085328
2.38716644
4.43750000
4.83548981
0.03936768
3.37471465
6.10815492
0.78470856
3.76802582
2.08744293
0.04732269
2.69726562
2.15628934
0.93514101
1.60050476
1.50471984
2.91105164
10.69262633
2.18583222
17.92097961
1.64729859
13.89920989
7.46276170
1.15084580
2.08007812
4.41491357
14.48712501
0.01826477
0.02107340
8.20312500
2.36718750
10.09375000
0.11971039
2.78235626
8.73783356
8.35591644
9.12410461
6.10746122
12.00626773
7.86111694
4.79182860
7.43929078
17.57889739
1.24214816
1.46622618
10.64856050
12.40970856
8.46515582
5.13452460
4.96964539
6.58939606
6.83613919
0.27685734
1.84570312
2.22509766
2.43314606
9.30155052
4.70728857
1.68387910
3.84615082
0.81237824
1.01269531
7.12455231
4.89261747
9.74845523
0.00997925
3.97149521
7.41451019
3.26562500
0.54142024
15.16072695
13.07389406
0.71419312
4.32889739
2.95056183
10.77433289
6.87935394
4.71529144
23.05139129
0.70161708
12.20951573
4.78560394
6.44006317
1.09082031
4.82511414
7.72790558
7.34151153
11.15458222
12.01562500
2.81445312
6.38358489
3.73555574
0.95658231
2.41898714
11.98482269
1.71875000
18.42085661
12.97143617
13.82902039
3.86116578
5.96830231
6.39477477
4.26049867
6.86638260
3.12154144
2.58593750
10.65535461
3.77711912
6.14823457
8.71708222
8.86437833
6.08484042
2.66796875
7.32144393
5.22933732
2.12695312
1.81005859
2.93375610
6.84029144
0.74743683
5.93314606
2.66947418
6.66105164
1.25390625
3.96830231
3.92773438
10.14408356
2.65909851
1.39257812
4.48213653
4.86116578
1.98339844
7.14184508
3.37768617
12.41841644
2.94726562
4.96385971
3.61035904
7.05521388
0.75142675
1.57128906
7.01578236
0.80160045
4.51232879
13.49597199
10.11283356
2.39453125
1.18074524
0.38000519
8.64408356
0.81441254
1.90771360
6.91508089
3.60982269
2.42578125
0.01152802
1.44832336
1.19864805
2.20564882
12.31266235
3.49487367
7.83983275
7.44454011
3.68599457
12.43753074
3.61433961
3.97265625
11.05635528
12.95056183
1.70597351
2.85156250
10.14013298
1.07104804
7.23595413
3.51237810
2.17818207
4.74494737
0.19743545
1.16699219
9.66125333
8.68672761
12.87935394
6.03739472
17.66752106
9.65177305
1.28369265
3.69380707
8.33789062
9.12756317
15.86885528
12.55826906
2.93945312
11.13537567
0.19531281
17.29023826
11.20451241
15.69470246
1.15242492
4.36405364
5.46887300
10.33202502
3.14209607
6.60290309
8.20503878
6.03720049
3.22717254
1.94958527
3.21830231
6.65494127
6.37931959
3.78995789
17.16060394
0.18050109
6.58683289
11.48383180
2.29733671
5.32076019
2.32678192
1.41202820
9.82287567
4.98437500
5.96830231
3.47989805
5.40682070
4.05301972
2.77887939
1.40759308
3.90625000
3.51411957
10.60323028
0.10807344
2.23652343
6.94950410
7.38281250
4.07722961
15.75781250
0.46732574
2.27087433
4.08158356
10.02689606
7.30904144
3.25976562
0.38667816
12.39843750
1.44531250
2.90079649
11.84810394
4.05481050
1.48685699
4.44777342
1.52439690
2.28002992
6.62019836
9.89843750
2.75614472
0.73193359
7.91752106
3.51989528
6.31063054
1.07226562
13.60233489
23.36595673
5.23771211
6.26517731
6.95613586
4.04284575
4.87691378
10.31941711
13.79771610
4.24028867
9.39408356
0.09887695
4.34419769
5.50301086
11.47122849
2.29838043
1.50337738
5.71606383
2.00268617
0.41039914
4.07568484
2.21085508
6.24231050
1.57263184
10.87935394
19.15234375
1.22070312
0.02111297
4.30078125
8.63352150
8.75015736
8.70207225
9.78381317
3.33316767
3.93620124
3.11568207
19.15657469
10.88346437
4.76037567
9.24129211
4.68081893
6.58142869
3.78348847
6.40926086
0.50923613
4.91329011
5.41406250
0.90718598
0.96101867
6.61718750
0.21004242
8.03690271
0.83366218
2.50585938
17.46439606
7.09012412
1.98169381
13.96529144
5.05904144
2.06835938
5.98558182
3.49548869
5.20312500
5.94051086
8.58683289
9.69083555
9.35949800
1.19868988
7.28132868
4.45560948
17.57348571
9.24576906
4.64619903
8.37224957
3.37608266
5.05078125
1.97701019
7.29296875
12.40189606
1.62740082
6.25390625
3.60937500
0.29813629
2.47656250
9.18558622
4.30385696
0.19872535
1.78755707
0.91312652
5.44966644
0.81741841
14.00016930
0.87256732
2.68945312
0.04804474
5.12935394
6.00577571
6.01721409
4.50240082
6.72220856
17.03816711
0.91011566
11.19624816
0.91101105
6.78125000
3.57657525
15.75561337
3.77128269
4.23482269
1.49609375
0.56351528
2.32295933
0.00585938
5.62109375
1.27673122
4.78043827
6.21529144
6.19877106
1.82466644
4.40629578
8.99924713
8.45317451
1.94076684
0.10424805
1.52016449
3.88476562
7.85156250
1.34082031
0.88379269
0.29264468
0.65722656
0.52392578
1.29101562
2.19404810
0.21269019
10.05468750
24.97001510
5.35367797
15.26623255
5.26753878
1.07251163
9.44185394
2.21289062
7.41511525
6.13244349
0.66923814
2.14257812
8.87320922
1.15075715
1.66841644
0.50473129
10.64933289
1.24759918
3.55415863
5.70267731
2.77779144
6.31250000
2.28710938
13.85156250
1.22851562
0.02476501
0.01916748
4.74654144
0.08819580
3.60619681
9.82987644
3.92212101
0.78877840
5.66752106
0.12011719
7.23087212
4.62069038
1.69335938
1.38883422
1.29716035
1.58886719
9.21875000
4.01953125
0.56607844
0.05306218
2.79150391
3.39603668
4.99654144
0.25219727
0.03369141
2.83402372
1.83687472
3.94140625
0.61092102
3.27148438
9.92622894
12.73701934
6.75223847
1.45674590
8.59208222
2.47667554
4.51115802
3.93090758
9.73181183
4.97265625
3.89436890
0.50386566
2.09480155
4.78069924
14.19954344
3.46056350
3.25289782
18.75113642
7.25818151
2.96138519
4.15319482
0.22131690
3.37942764
6.83968639
0.16198949
2.85742188
1.11474609
8.30557189
1.86356660
3.95117188
1.04439301
9.48656915
3.55105663
5.58542109
4.50333555
5.03963320
3.25390625
3.02071074
9.30580896
1.29111424
0.20792726
1.80948914
4.65055297
7.06083222
6.10412567
9.54777039
1.67525238
2.22806793
2.91121399
4.54093445
4.22265625
13.83158356
5.07857269
2.55859375
1.06640625
2.13716644
1.37772053
0.39278729
8.62845856
1.31001801
1.57645411
6.91125738
9.94185394
4.17879211
0.52677430
0.09472656
2.28906250
3.23453735
5.66931183
2.41646332
10.80021055
8.51920656
9.38627106
5.60660018
2.16728501
6.03951019
2.96919769
2.49442224
4.11877659
0.45328859
3.53080231
3.04073028
0.49967531
11.06506317
0.47058137
2.60156250
3.11975067
3.35681183
6.92187500
1.82865387
0.42284969
0.31368199
1.46526279
2.00412289
3.22310394
6.57812500
0.16105527
3.52880984
0.27985595
0.63850953
6.93542138
3.28821143
8.15970856
0.39375824
0.86433899
1.37898742
10.05651264
2.57027814
10.55468750
1.66487173
3.84782358
11.28816711
0.20821106
8.71618683
14.86950466
4.78283909
5.63423427
9.96386968
0.02815247
2.12909317
12.37185617
4.93148825
5.03649933
3.02014129
8.69563719
3.46948304
1.39241578
1.12154144
6.76818817
13.56222809
11.67622894
0.03317261
2.36328125
5.79207336
4.94425476
0.58939606
4.57076019
1.11621094
0.01988464
5.49910461
4.54475704
4.75895390
2.07548035
11.42008422
0.38859070
10.44787567
2.73075410
16.14216977
2.79866578
0.55424105
9.53125000
0.02482605
13.55602062
4.23021776
2.45700686
1.64302582
11.48969938
0.76375429
6.64843750
0.03518677
16.50000000
3.25703887
6.67712433
1.44966644
1.88627106
8.86975067
0.77539062
2.92561890
10.53410453
8.56824135
12.28515625
5.06807403
1.70145722
8.35937500
2.98588043
2.54101562
11.25077239
9.52612367
4.41495789
0.91703277
1.20454926
5.01523468
5.22364029
3.78165586
10.03417969
1.44881289
8.75000000
1.78523742
0.97355164
6.79227505
0.71012577
0.84816467
0.55566406
10.24218750
0.50649243
0.76696933
10.67622894
5.13378906
5.15287013
0.86165282
2.33508643
4.80859375
5.37890625
4.89408356
1.08984375
0.00835175
3.04056793
1.12847900
7.09330231
1.92134613
1.38085938
2.77388519
0.32938629
2.20552582
2.26464325
4.33792997
3.21586214
0.56579621
5.44051086
4.37674988
9.01472961
2.25223244
2.41076629
7.89453125
7.53649933
4.85111481
4.31054688
3.93554688
23.02539062
4.30513519
15.12577239
0.27668549
6.30558289
8.53732819
12.64318817
3.02103668
6.20914672
12.40433840
11.84857178
4.14062500
9.65863171
3.59536090
0.83740234
4.29279722
0.72758089
14.46484375
9.77473626
7.60372229
0.13041199
3.61714318
0.99418495
1.64701324
5.94531250
1.49165863
1.50303131
4.28080231
2.34269226
0.10096297
4.67846742
0.17871094
6.66182403
8.18784129
12.45734152
0.01938873
5.11328125
7.52799313
8.73586548
2.40878878
4.42936281
8.78470856
1.91178344
7.85725953
8.04687500
2.35937500
0.34930845
3.53873781
12.50781250
6.32857269
14.20465088
6.79162567
12.37616503
1.42913175
7.92830009
7.38660073
15.37455231
5.97420258
9.34472656
2.29252106
5.02502410
4.17667664
12.39497894
0.09310988
6.06384308
11.11172651
5.94385638
21.38537567
11.19966644
0.99548371
0.38285309
7.16707336
3.13610871
6.70658356
4.73649047
5.63370789
11.37064606
4.94083555
1.80367160
6.60591644
0.31420898
11.33291200
2.84738585
0.01064301
4.65139905
5.22228724
2.03256371
0.03399658
3.36718750
2.89754211
22.63682626
3.82434930
5.98532468
18.72914124
5.03906250
4.34375000
5.38252746
13.15189606
2.98663361
2.57181793
9.85538186
0.55179840
0.53466797
2.71529144
3.44291168
2.33235594
4.43371675
2.28308012
2.14074800
2.25366149
4.90412934
1.38859070
3.54687500
11.00781250
4.51953125
8.93077461
3.54969414
16.71128658
2.84340092
14.56250000
11.17879211
15.32946808
8.53971188
5.12422824
10.63370789
7.16316711
10.78421654
3.05998116
11.23872894
5.35546875
3.62695312
8.05727111
4.62243683
0.63083893
16.69726064
12.54105964
2.00130374
2.66015625
14.13525266
4.02425265
1.88627106
15.21350067
9.61372894
0.73941891
21.21320036
1.28749334
21.46426807
3.36581006
1.54296875
5.87845856
7.68314606
0.06722016
11.75512633
3.68343140
3.44491577
9.67712433
2.55664062
1.36918920
4.15137965
2.86966949
12.55379211
0.78210480
11.00000000
2.53942871
7.03686523
4.42443817
7.37198914
4.92097961
7.26562500
4.30423981
14.18988037
3.65999390
1.85856078
5.11853058
3.35546875
1.50337738
1.23535156
13.40449358
0.31869154
1.24722767
4.20732158
8.29418883
1.48779172
1.29179050
9.12666778
0.86796113
9.35937500
16.70825133
3.12182679
1.64746094
8.64354721
1.07190658
4.97378052
3.35786957
4.91752106
2.34615082
0.80304962
3.04854278
9.00313386
4.25691711
5.98437500
1.59517426
3.73152649
5.48738586
0.30509461
2.98693817
11.65804078
11.78995789
15.36645508
0.24271637
5.37544769
4.32377106
3.74430297
2.26377162
4.14251440
4.71093750
0.72705078
0.01970429
6.71004211
1.45800781
4.42919050
0.35881427
8.24674438
6.98610474
8.23783356
9.55904144
0.62646484
0.83311431
3.23527039
5.33593750
4.57812500
11.12845856
12.67968750
4.46919769
7.02819482
8.08899268
17.15010528
2.95914672
2.81801693
4.95200354
5.16451019
0.23181152
2.31009918
0.49129211
9.93839539
3.55814606
4.41886414
4.20703125
5.18375610
8.92712433
0.64156098
12.42740844
4.51317353
7.51216644
8.42277039
0.04953491
7.14497894
5.12109375
2.60631982
3.35221686
6.93269836
2.15218140
0.91459137
8.17247009
2.48377991
11.82504029
2.74173981
4.27689606
2.27298981
6.45792664
1.60599762
1.44523133
0.33842819
13.25781250
13.34631317
15.63873322
5.00406361
3.53980053
5.09350399
8.58736363
6.37300762
0.83976062
2.83093231
6.33426972
1.19087738
0.43798172
4.92399047
7.59509308
4.85591644
11.44531250
1.07474762
12.48505874
3.06901872
2.12295823
10.53915115
5.72912567
2.80598626
0.10770972
5.34765625
13.64167775
16.59507030
8.94046654
3.94368905
10.03906250
0.08703613
0.00553131
13.53906250
1.26778043
6.39582918
2.03755707
1.86665863
9.74295989
14.52612367
1.50581754
3.54248171
12.40970856
1.68359375
1.71431488
1.65832364
0.87841921
5.26997894
8.66662567
3.28454621
0.36665863
0.64013672
1.09436107
1.41032856
0.62500000
0.00231743
3.72416168
0.87699309
3.33561281
11.80033356
0.08876557
6.09195922
4.25390625
3.72835328
0.61181641
1.58251829
3.09973238
2.86267121
9.12064606
3.98091644
6.88281250
2.88476562
5.57051419
0.63411624
5.79372201
9.78161901
5.25569703
8.32812500
3.28185879
17.78873781
4.81384308
14.85770722
0.95166016
6.38883422
5.02254211
0.81925476
7.70882203
9.02428312
11.92635195
4.16149778
4.52005161
15.85913574
6.01838985
11.73205784
18.27173095
13.38256649
8.96207890
0.04242431
11.16841644
3.87740082
2.70658356
2.08443207
5.22806295
1.62862588
9.40458222
13.92187500
8.95637190
4.71985704
4.21939876
5.14221409
0.74613434
3.91105164
6.60066711
5.40323914
10.44531250
0.30297727
16.31176197
0.84062361
5.85477505
5.02471104
14.13689391
6.39978058
3.46333832
5.90580231
5.37154144
0.10278320
3.10302734
9.83471680
0.84313965
0.55033356
10.21870941
7.25390625
0.01765442
0.02108246
10.24218750
7.25390625
1.83698059
0.98455230
1.91149933
4.99340758
1.47534242
3.41601562
0.09027100
0.90148895
2.75674480
1.37936391
10.79259491
4.21093750
2.00781250
6.77779144
0.99185969
5.56408909
9.90625000
-0.00449615
3.64408356
7.76562500
0.70605469
10.95751330
0.65186170
3.20161957
6.05267334
11.91385085
6.68291001
7.97566711
2.73811890
0.95458984
0.38240352
12.23283023
1.51884004
4.37034607
1.04304992
4.16060394
4.59887633
2.53226715
7.04341644
10.84118683
6.59989472
1.73543274
15.62064606
7.56250000
3.49734191
0.64204926
5.65677638
0.20182624
2.26361197
15.21429299
2.80362976
7.39497894
7.40970856
1.23384613
2.01472961
8.95747894
4.35937500
8.73693817
1.71565797
9.79215204
1.27966589
7.22656250
0.31550961
3.34200105
7.55647828
4.15759308
4.76607269
0.26558410
2.74308289
7.02555297
3.45719360
1.19205812
4.97656250
14.34720856
3.74947113
10.92879211
3.78637633
1.54956117
1.50630707
7.74430297
12.95312500
8.79520722
11.55033356
0.65885375
4.30904144
14.31774933
3.02616301
2.61250886
7.32466644
0.37060547
0.63830286
5.20715425
2.71073581
6.52600067
0.05336549
1.59681196
10.41060394
2.94694093
4.71529144
3.67728668
0.74519836
6.22054078
7.28125000
0.26440430
13.43558622
0.12457613
0.40094056
0.21909420
4.23283023
7.27647938
0.04930710
0.18684844
3.04927582
9.83683289
2.99462766
0.06270480
4.01023239
1.87259918
4.02453458
0.82653964
8.23437500
1.27062833
1.24153812
7.71439606
0.70357269
5.55943485
3.37761746
1.24085808
0.07928467
4.33984375
11.24177170
7.50555409
4.42458111
6.21937042
6.63326019
2.90059356
0.64190580
9.15547761
4.69409242
7.54687500
3.23002106
2.07322143
14.62654477
7.66373781
2.09598847
14.50512633
2.48388796
3.69938110
13.55956782
2.06962378
0.37821441
3.94698028
5.57991578
7.89914978
11.80289672
8.69710328
0.53373199
4.39408356
8.47733489
4.41060394
5.68237367
1.01704926
0.18420410
3.56205231
4.43955443
4.39587433
14.96516844
7.15682070
0.80468750
5.53035461
5.66105164
2.35618192
2.42094027
1.06384308
0.14965820
0.07873535
0.70703125
10.57506011
3.72220856
11.80301972
13.92187500
0.29886871
2.38956726
5.90234375
0.10345459
6.81205231
0.22713195
1.49751801
3.19909575
2.25614472
5.20536347
13.68078458
0.15120609
3.53470188
4.17232269
0.45324676
0.04520691
3.36437833
4.99845523
0.25630707
8.90189606
2.87963680
3.82446476
9.53125000
1.46838348
8.25589872
6.00325687
3.11328125
8.81685394
0.28641754
2.64648438
5.90625000
2.35680436
3.29517287
11.31774933
2.78641069
0.78630263
4.60673252
