0.02254211
1.56218570
5.02930615
2.01280724
11.74001053
1.64659630
1.61914062
6.47131317
5.36680131
4.84395847
1.53877680
0.76330140
4.11686710
1.15056835
1.67667664
7.03977768
2.72101493
1.70036874
5.84789601
0.17442256
8.52259882
7.30589178
4.70949679
0.10718404
5.59064689
3.34644798
0.45916566
6.45466118
0.71766151
1.20618218
4.60009192
2.03362007
1.02697293
0.41586803
1.62890625
7.63671875
0.13269043
10.13998421
3.98347961
9.19582599
4.31352269
3.93705231
12.74026942
7.40075207
10.52023354
10.89726230
3.31134572
5.07150183
10.89100690
3.78065714
2.56629252
10.53772662
1.46813275
1.00297027
23.81618178
7.02632397
3.07584607
6.24935491
9.95375291
18.98036078
1.37320527
2.31236841
12.41905724
12.25999806
7.70702266
5.58649845
3.85019794
10.12935394
7.48405675
0.94097178
3.09327945
4.65172581
2.98469540
2.54039063
9.85485940
3.94296099
6.29147551
3.88656499
1.94475177
8.57230711
1.19477290
2.42187500
7.90773756
0.37719484
11.65560921
2.21567764
6.86449704
4.61251316
2.98981743
3.87858585
4.12320707
2.89577993
1.86219276
5.12270002
3.97213846
4.46740692
1.81177804
12.64359527
7.30904144
2.23210148
1.47911458
0.61056128
2.77462253
7.46618898
4.54520937
18.46196096
1.94470599
2.64257812
3.91959220
0.66919381
1.62209061
3.16784145
13.45184342
8.75140888
14.03102976
2.19764821
9.68983863
3.12640528
5.35079441
1.35721340
7.93945458
3.87414249
8.42237990
2.17590855
14.76743296
4.42000554
15.63456269
0.53608849
6.94644531
0.87505596
1.95199414
0.10042998
0.75514725
11.49917332
6.22745498
6.20094588
18.72565929
3.34503726
1.74580764
0.79514680
3.81490082
6.84695181
1.27631891
2.17923981
7.17431516
0.87094249
6.10438026
6.49827072
0.19342548
7.72384863
5.97104139
3.16236397
8.56695049
4.60047401
1.14920559
0.02451576
0.26406853
10.46785461
5.26883851
3.61712600
3.93224637
0.81999210
1.38281250
6.69619363
10.92912677
5.49718224
2.04501842
1.05122894
13.09702737
1.13860892
16.67616744
5.30820756
12.53083413
0.63839099
2.02321365
8.27473197
0.99350233
0.54713943
3.81272385
7.78330121
7.31826129
1.91973323
6.90349374
18.90906776
8.04873372
0.75796286
0.94275917
8.56378158
12.97732825
3.09178399
11.04767107
1.03238676
4.92834518
6.94427118
7.58028479
6.30686447
6.54596970
3.66361481
2.52353050
13.52093369
9.00064079
0.55312611
6.80302402
3.40996315
1.44846603
8.14496039
5.94161790
1.89182541
4.95203651
0.63476562
8.51324496
2.76387494
1.71072224
3.81620456
7.92950299
2.61645141
3.86424244
1.92142731
2.26933815
5.17597435
2.67581200
17.29201186
3.82408716
16.85893375
0.18344593
0.33762520
9.14037040
1.10418717
4.06044964
6.42716437
6.67776083
3.45437368
0.34259295
0.34175075
12.53790822
2.36827599
2.18088845
0.08688293
1.21972656
15.28179424
8.61032487
1.72420351
15.25332420
5.24257645
0.77328499
9.14062500
0.01001480
1.37845856
4.52894573
0.18028279
4.10373947
8.27021014
12.24916860
1.83582558
10.71875000
7.77126053
0.86729942
2.97928372
0.01509853
1.15309647
15.75423094
4.93627992
3.43253601
2.26562500
2.68866329
3.29250526
10.84988614
3.80609638
2.77334095
9.29188026
6.32204178
0.91200729
4.24515653
2.90582447
2.40395002
7.51120096
1.43381760
10.57154527
0.08738013
0.13977051
2.57262751
8.31972677
1.41481522
3.65200763
0.23154221
6.65919506
3.05708832
12.74297706
8.89271685
3.76453651
1.46983849
1.22976244
3.27345966
3.76637952
1.84786292
4.45779934
1.61557015
10.28688553
0.69151817
12.25635749
4.97508782
1.35710148
10.04188026
3.85979194
4.99231480
3.12174313
2.13693401
0.85595703
16.69775266
3.49222255
1.19544659
1.29926044
2.63228866
0.73880509
6.29639372
1.39424444
10.62487880
5.67121274
0.97729000
4.82248947
11.45509032
1.03589677
14.54403185
4.93253065
2.19358322
4.75749210
6.28976694
7.05993898
4.47266484
1.32757217
12.26431253
2.29382051
2.74076934
11.11072529
7.83354305
8.35258948
8.34387300
4.13942459
3.00585938
1.42059342
13.26754737
1.90647385
12.08482672
7.44562998
1.63596603
18.28637633
8.32184868
13.86961907
8.53906250
14.47473667
1.33374515
2.80404671
7.73053240
0.24846136
2.20030724
7.07273487
7.64969761
1.87792969
9.56595856
2.59002490
3.05663633
13.07505693
4.84963583
8.09721714
9.88933483
4.22406513
3.41655987
0.03754677
0.00426613
4.31922401
8.34727148
6.40627870
4.52094013
1.40299992
2.18814079
15.03713226
3.00147897
2.75655737
6.72765099
11.90846524
0.46615840
0.01745605
1.15580238
2.09394310
5.97131102
6.46100115
8.37974014
1.68482491
1.52148438
3.36718750
6.74891151
7.61923717
1.82282524
0.00918957
1.37695312
13.20361328
8.28838722
3.31952294
2.16887281
10.91418550
2.22227006
2.54558954
19.31811835
2.49327599
6.81390888
2.35774227
3.19303898
0.49774677
4.14203388
0.01120506
0.20061749
6.03826795
4.31986910
1.28508186
5.38358059
2.15266415
1.30055740
9.29998601
6.48062320
2.08289589
9.19816032
5.67011566
1.65809120
11.33735068
5.37912580
5.62250263
14.52174327
2.39817861
1.57843674
11.39880222
13.80621845
2.70680740
10.16439827
16.18289146
1.31602006
1.98685699
9.10022496
1.95451851
7.92677319
6.62423191
12.45328627
0.43262380
1.47352089
4.50565090
4.62749737
6.74609375
0.22596230
4.85210674
8.39843750
2.02113323
1.75803635
10.33839304
1.52837752
2.78166507
2.39131870
4.89845546
9.51645631
3.02715065
0.65765888
8.07506982
0.83904179
0.66401277
13.06659505
0.21173603
11.43372320
11.65720904
1.73035683
12.86232436
7.78383755
8.87542331
4.29264406
9.09135792
7.59394310
1.87306904
13.80238323
1.13598571
8.12499571
0.27638748
3.34061184
2.04875125
0.48293107
3.54110412
2.51645459
0.17027271
0.37018852
4.77375790
2.60015362
1.09903331
0.50258515
5.66047665
1.92285156
2.45088441
8.54597033
3.00899822
11.04637439
1.61607075
4.06358849
1.05184169
2.06906880
1.52756760
7.67142731
14.10425719
0.26406984
1.71884891
4.87350814
2.79950895
0.89554840
14.45108039
3.82834379
3.19713833
2.33833832
16.09490951
3.69521595
1.23491924
6.91342171
12.38681105
3.83887514
4.40935633
0.15156690
5.40831505
7.94332862
11.55263783
4.64487132
4.54642301
1.67688511
0.82297775
1.08319405
3.51110511
7.03810131
3.88629038
9.63247278
1.57519531
7.16014462
4.37338084
5.28451546
14.81122271
4.25800130
13.56211810
3.21023091
5.50736496
2.48710661
1.38370179
6.27817334
2.39062500
2.02984112
2.45673115
7.96625263
9.46996793
1.48663100
2.43873726
8.60205452
1.54839581
12.77553940
3.40446850
9.79764309
3.15080757
4.52952072
1.73437500
14.60542443
3.97557486
6.02859957
5.80186974
0.03170269
0.46030163
1.67968425
2.48043079
7.41662137
4.30654408
5.23014835
4.63530987
1.21250658
1.15468092
1.16406250
0.63368090
0.25456358
3.76389572
8.69787567
15.30848725
7.01171875
3.97396858
8.31401548
0.55478938
2.00217697
2.40775516
3.12924229
4.94640099
3.19694523
1.44379169
8.09893291
1.80153397
7.58715758
1.77644407
3.27740027
8.07220911
1.70800781
11.11629211
12.53382812
1.40410447
0.90087891
5.80425903
3.28211464
2.55493078
12.07902095
2.70988475
0.85503643
7.15234375
2.36127583
3.65707530
5.61123587
4.37399449
7.90072030
6.38966381
9.48644615
1.74206948
0.79958084
16.93998740
3.81765210
10.75234998
5.72233585
2.76503673
0.03091767
11.42533356
9.01162220
7.63726299
6.86219276
2.05945839
12.61104278
2.38571310
0.46684687
0.85156250
2.37415565
4.45952862
2.21039326
0.00847374
7.79860428
1.66503906
1.06618240
14.67042030
3.57089608
1.72999709
2.75372165
0.15169353
5.07408930
0.22935782
7.31064634
6.28137439
0.53053787
17.51496427
4.28863474
3.31165254
2.01979070
3.07356577
12.19890265
0.96211824
0.96439606
4.41106452
2.50363877
8.98283882
2.15749654
1.51474499
5.73634247
2.34133484
1.65159103
8.44595329
6.64280619
6.89190014
1.86360218
0.09211935
1.74978031
1.55731784
5.13121052
1.17827862
12.90445922
3.91998338
11.69872673
10.15975288
20.68820444
0.34668738
17.22200119
1.79211838
9.71868850
1.09403535
7.81721548
8.59452737
5.37198914
3.21647648
2.31645169
0.26398188
1.27764448
2.64517204
0.87992340
11.57245275
8.31445949
3.26844276
1.97571815
9.89344276
1.69358322
9.13140362
0.01151272
2.83789062
7.71521997
1.56907164
5.98162303
1.26240567
3.60480499
10.36603751
4.03608350
11.88976105
3.90796639
2.59019060
2.84243767
8.92882286
6.60373947
2.77526333
7.87610428
10.33227864
8.07862990
5.13211021
0.87900834
9.09234112
1.29557804
5.45160891
1.36502119
2.43791694
6.83833832
1.34547928
2.06250000
7.62656195
0.69668024
1.54109680
8.03357699
9.27790586
16.06506317
4.84694966
1.23243725
0.57922547
8.59291397
7.34574032
7.58843057
5.70927187
1.02332558
9.58811447
6.61385486
3.93647869
2.49263519
0.71946213
0.01300770
1.08841949
12.81548823
12.00665392
5.99206699
2.55446365
3.50714096
8.98271152
1.98302762
12.53562542
4.24953083
0.43750000
8.99475459
2.05778272
6.12350109
1.00774448
11.75521858
6.78712226
3.43508415
2.70266962
4.29796349
2.47172080
2.60305505
1.50922138
2.92896040
3.42902094
5.29079178
1.20280460
0.52625526
6.59215294
19.57361418
6.49642342
7.67514905
3.98039866
5.96266678
1.39809743
0.36938477
1.43317300
2.03923911
4.87178303
10.91556003
5.71714802
1.49013783
1.42294811
1.04026291
3.33692056
3.60940215
1.69289281
16.53612173
10.65431904
2.10636414
7.25878657
14.28698457
3.06518001
5.52580327
3.80632023
2.32639572
5.09206616
4.39110843
3.33071892
9.20811974
12.77587337
4.87723847
19.27548717
5.04582309
10.08939023
6.03867845
5.91625312
1.05092780
1.49173544
12.06503740
1.72265625
6.17534214
6.39605884
8.25781250
3.80066933
2.73046875
8.47912567
2.17798308
16.94193263
6.95550864
21.43983824
0.40682115
17.87478835
2.12175310
8.21581782
0.42405446
2.34613849
5.13889572
1.69112339
4.20549507
1.02374252
8.33231724
8.59037151
8.12666348
2.15352878
1.66146858
10.34553725
8.05072328
5.44780987
1.05175996
0.89826747
1.82444260
4.86389060
1.11750859
6.59899933
2.00951103
3.12038716
0.63916016
4.89473903
6.66915447
10.26960993
1.95717642
8.18826809
7.17328388
2.72784408
2.21093750
7.77062833
2.35091312
2.20658356
3.77259004
3.86315215
3.63691185
11.29496122
3.38129848
5.66655987
5.85687763
3.90858932
1.73181183
16.56154373
7.07024394
9.65664325
7.25768305
0.32935401
6.85438026
8.21192359
5.92801972
9.75563553
10.89626587
6.90515043
12.96605524
6.85867485
1.16537300
0.21606445
4.06640625
3.25080099
1.38385271
4.30587518
1.46085117
10.87323851
0.30288197
7.19044506
1.31616703
0.86357643
10.75855559
4.15852927
0.73823900
15.37525460
2.44666417
1.39551675
0.14690409
13.12367500
1.89073692
6.33909713
2.48035073
0.91177360
5.95862326
2.05338514
4.94742368
4.33344013
0.71478779
2.12182292
4.80493489
6.43100735
0.58033504
0.60426834
6.10108953
13.81454126
0.57240633
2.39648438
2.92386871
2.45635971
8.71221908
1.64316849
1.23197418
5.02446448
9.53035032
0.38181564
8.55391941
5.60610954
15.66919882
1.73340952
1.39518742
7.15439342
0.16280121
2.63587133
1.01152841
5.94813026
3.16342171
8.48219803
5.15850522
1.38424999
8.22836049
1.98670711
0.12755333
6.07361408
0.69498120
3.85832800
0.26565485
4.75140888
3.39312237
1.18559075
12.57411860
6.84492520
2.57204178
3.02721645
7.99577335
2.50390625
2.11395279
6.06800823
0.96746824
2.70125983
13.63038093
3.49033092
2.23584538
8.62487270
0.02031979
1.61468103
1.21233488
6.44057236
1.80055740
4.72483322
2.12247188
1.19729872
0.27903493
3.30167664
4.49327599
4.35675033
10.56209310
0.29848231
20.35940936
2.47479887
1.13568069
9.72182236
2.73831200
1.02679951
0.58471251
4.42428510
8.00140888
0.08299259
4.72611481
1.64288315
6.00765552
0.43229619
6.73115678
1.31940062
4.78253158
12.93058289
2.57748421
2.64110559
0.48588121
2.15671986
1.51897163
6.96543343
2.00004432
2.18286071
10.91137204
7.58247680
0.46340689
0.47686198
3.06352269
2.49833652
7.88645986
12.37781776
4.45280460
2.55804951
13.50063293
1.24630257
1.93967697
8.74641415
13.64106342
3.87401734
5.92426533
5.70893859
1.58737713
9.13780724
1.86219276
6.72650529
13.31299006
0.03134617
0.32410406
11.99742395
8.93545033
3.68500263
0.53696670
1.35354638
6.83171085
0.01925907
6.88538425
7.66757397
1.92349235
0.81441254
5.60297138
10.40125526
8.25140888
0.04268387
12.50271776
10.65647910
5.59590979
8.83132896
3.99180131
10.40625000
7.79135140
2.85284408
3.53044901
1.09184515
2.20703125
9.62295033
1.58789062
5.06884212
0.10066773
2.73717685
0.30337079
2.30078125
12.74820922
16.95623172
16.57752106
0.72134752
12.91390514
3.23561724
14.23956283
8.02416556
6.85691766
1.84879253
5.07395694
10.69825756
3.11408009
0.36165344
8.37731716
3.47703236
5.76453651
11.02945493
2.38671397
0.03938645
0.18689103
8.61078818
9.06012426
10.04892605
14.85375665
4.27982394
15.62640888
3.96375526
4.19986813
2.53124141
0.70639046
4.93750000
5.86354014
5.90317334
4.10003366
6.84802526
2.23363766
3.79184951
3.78201809
2.78409851
12.82403424
1.70992160
5.96538516
3.10620893
12.93633034
0.88620186
6.07248733
4.41310131
1.03299465
10.24667304
12.64946019
0.02764401
2.68750000
5.97753519
3.32151678
1.02527870
8.98322501
6.50621052
0.43426037
0.54802231
1.90638443
0.16333008
7.54524227
8.65332031
9.30181038
3.35552811
0.61750790
3.77926612
2.35332253
12.34419769
1.86565132
1.21767689
2.54991661
1.22173011
4.06439093
5.53473570
5.10719803
4.89708458
4.08530031
4.60024656
5.38063553
9.17891941
2.38551342
1.04773964
3.57812500
12.33897911
0.94456962
11.48629737
6.47168509
3.17367575
4.96143029
6.96326248
5.42505610
2.88613662
2.83279428
4.43359375
7.71325466
1.46553745
3.17335972
1.08241848
2.46634918
10.71992825
10.62806377
5.95139572
2.11804191
4.11545822
12.26857436
9.19122174
16.00511774
14.04367104
0.39631219
6.77625526
4.91151686
0.43219193
8.81224111
2.16261788
3.55472324
1.35948692
6.17181350
3.09837718
5.40104284
1.61660828
9.14499612
1.87917872
2.94934605
2.79991661
0.19067383
4.55750526
1.37304688
5.34431073
2.73820326
7.07521176
0.09787934
1.35415642
13.89280197
21.38598571
3.67369653
7.34555366
0.06400238
9.47092697
1.52875263
4.44921875
0.66600025
2.20443733
1.90320839
9.91148202
8.52391234
6.69531250
8.79958084
11.83786846
18.66060394
3.29363170
6.09483849
1.82745346
6.83020542
2.66415905
3.92402552
7.78732893
1.30862450
11.26063026
3.77929688
2.25694786
11.25619626
1.90069453
15.62256843
3.83164506
9.18327412
8.50986141
3.21484375
7.90879323
15.46838375
1.66840536
3.44079836
1.03055664
0.33997597
3.32802887
13.55576019
1.01530460
6.59344554
3.51012605
1.92143589
12.20543357
6.08297955
5.96345205
14.43107920
0.59510292
2.31835938
3.24967960
3.22774753
0.88194786
9.61014139
1.39193373
9.33247894
5.97547401
18.86479887
1.89941725
4.65938816
5.54687500
19.07748421
5.10860691
1.66774490
2.96568193
6.37211214
4.16764835
2.29882812
12.35371569
3.79389558
1.79047138
7.29526984
5.88437153
0.71564259
5.52452599
4.88390099
9.66704192
0.77121080
9.99667304
8.00073304
8.22075909
1.55129474
7.12090065
1.60231522
3.86523438
4.85194869
2.76350953
2.97460938
9.49014642
1.59872077
9.65689938
6.18298731
4.52621232
4.10186434
3.83518797
11.52971811
3.01587530
1.74945576
1.33315478
4.03073582
14.72758089
1.48598196
2.75109708
1.55943442
10.84778570
3.26444641
8.27278812
0.99813788
7.99461907
6.03464276
2.41156513
4.29058331
8.97656250
2.51543620
2.68519143
4.92498816
5.75280218
2.62067895
2.79088618
2.86673981
3.85722379
6.88023216
1.60331789
0.52474803
0.72829947
2.82615263
14.21650861
0.46997811
6.86595178
1.60398326
4.68576948
4.41873040
3.26741793
3.30955494
2.55763256
10.59016415
9.14652801
1.91510735
6.56130728
6.78336332
2.16905724
0.38709511
16.28817999
14.28853612
11.62514018
4.20157594
5.91150363
7.04739708
9.51548482
17.64766941
2.76139835
0.77279671
8.99246787
10.09270154
2.47601826
11.61866003
7.95684030
4.78605164
4.50000000
6.86609901
8.06301779
0.51228945
2.06118767
8.71810921
2.90216139
1.91478910
0.41595966
13.76311320
4.66718778
7.43468224
5.06372437
11.78751773
9.18356231
1.95174756
13.10439744
15.03482297
1.98382646
0.23222738
1.56667193
6.41558331
2.20104458
8.70530197
4.70888783
0.69488018
17.29274490
21.53741190
5.06587987
4.66841644
2.99202945
1.82903577
9.01344803
7.97977075
2.98052596
0.06261192
2.66419472
5.55488060
2.49090592
8.40125526
7.26280724
8.11593917
3.11012162
10.96951809
5.84234112
1.84938982
2.66428205
0.46217850
4.73753463
2.70133366
7.63486217
2.88867188
6.28131580
11.94351743
3.46981203
4.73103945
0.13336689
11.76960564
3.98930179
0.03087735
0.17958572
6.51280724
4.44768257
7.61091118
0.69151817
0.93023479
3.94568581
4.61718750
12.18609112
12.15714968
1.24301709
3.06813553
2.66164684
0.03618855
4.71516415
8.21452335
2.21715841
6.68523576
8.86321545
4.54501842
13.29075175
0.74529989
0.02392578
1.63222755
0.92206810
4.44652829
0.44523624
10.94749377
5.34109136
0.38011604
2.52083839
2.22659755
7.42360857
0.50414672
5.21766151
9.60079441
2.03373995
0.15518431
8.34742804
8.78699135
3.80340592
20.64324967
8.98732865
3.65134322
1.45973709
11.80686447
13.03531223
2.14155751
4.28125000
11.69095856
3.02363060
1.91995263
11.43369390
13.49242063
5.18498975
1.17589317
10.82515473
0.15705868
6.83862796
8.01909429
0.12353488
4.88351840
5.80422263
5.73833416
4.92372728
2.46919769
6.95268589
5.38718362
1.99149019
21.99319396
0.69307527
6.53816711
2.45619736
2.96775806
5.24199440
5.80609638
1.55808885
3.56569966
6.10086665
0.43084213
1.33571365
7.39146498
11.92432077
1.54296875
0.61223335
3.89997368
13.54258470
0.09107214
1.38496267
0.18956110
13.75202446
5.41192120
14.71645529
0.07420934
4.63249210
3.69758602
1.79796349
8.46859985
0.11343140
0.95922344
3.57226562
2.47688290
12.23439218
6.16277233
4.79739528
10.90125526
0.28792266
1.33198083
9.47515362
4.40765888
8.79473238
2.35066351
10.09810394
0.46670954
0.75727934
9.74245069
12.49474208
9.41746247
2.44191253
8.36058595
4.53871618
1.16481522
6.91103626
3.73469540
2.79361384
1.66830023
7.45280460
1.73882549
10.56531776
0.77379709
2.56380873
6.09938553
1.47829178
10.44294604
10.63137356
0.89671930
1.67664589
9.17803261
3.02929043
3.09954143
0.63811683
5.46263672
12.12090065
1.22765099
14.16246482
3.51635804
5.92628827
3.61967628
9.32113835
1.89560256
10.36946209
0.64578655
6.77516678
1.80889877
5.80622368
2.85937500
7.47067237
6.95229111
8.02471908
15.45043454
6.12275938
0.85937161
10.39234998
10.54906735
11.36206439
0.52225354
9.40074177
5.99750263
0.46484375
5.58202092
7.07880153
1.80790468
1.46000921
6.48565658
5.34746315
4.47265625
6.26171875
3.05228668
12.23341381
11.45517467
18.68577072
2.51616924
0.67501316
4.24263519
17.65805561
1.99119556
10.54674770
3.42581200
9.24423717
6.17496025
2.51548482
6.74622715
11.53126288
0.67509073
8.03003636
1.36840114
2.03515625
8.13332599
9.42998858
2.93679771
8.17507466
8.46120319
3.05404671
9.00988754
8.19489556
6.13537567
1.14587433
1.82984500
0.25218625
6.89843750
2.78480510
2.06198651
8.39930214
3.84669936
7.07696857
1.85660551
4.43916778
2.42629904
1.04143936
5.37160724
0.78886940
14.54298614
12.45384018
5.21463279
3.63560450
6.19921875
10.53748491
10.29141248
3.18131593
12.41188553
8.17304173
0.01886306
4.60405987
0.45941115
2.46490525
20.49046973
3.10517980
4.26737713
1.00686669
6.73207073
1.70803856
1.53851826
7.38651208
9.07120789
0.89145709
2.98238621
3.08507286
3.24907386
3.30820756
2.79415378
4.60168980
9.08132896
9.51991315
2.51709968
4.96196019
10.17943290
7.84797665
8.31634045
14.63982841
4.40112727
0.72296875
1.25249363
2.49440880
7.82812500
14.18178791
1.80623906
0.72075909
9.98437500
2.50813290
14.21324607
4.79130527
2.02974028
4.69532899
1.69443137
3.72051087
1.87580229
3.35377022
4.97560346
0.07792944
9.27869113
2.40384669
5.93569204
5.96791611
16.50167207
11.03445396
0.49974235
2.96641498
4.94671923
1.55834881
1.17788491
7.09041874
4.52170822
6.12435921
8.59208652
4.36776249
9.32940658
9.78976660
5.68756580
4.50243157
6.03360289
2.49075239
1.87931890
0.29912823
4.12435921
8.38563026
6.01716977
2.46307513
12.60633699
12.32379820
6.13461187
12.20901083
6.78739687
5.51480614
6.90604402
5.17074648
1.28253871
2.88075514
1.34144573
7.74738302
1.16488316
7.27228322
0.72113115
2.94530845
3.96962607
0.80655176
11.96632272
1.87288024
4.19704178
3.30088639
2.13634222
0.28558015
2.62262993
12.61421660
9.70926972
1.36566669
2.16479984
3.95773569
14.23661562
9.83017467
0.80254128
2.63671875
9.20581976
6.76482976
3.64064785
5.48348390
1.34662497
0.59344004
1.90746579
8.85466784
6.04196836
16.61193817
9.83090841
1.59190880
4.09849014
8.77270422
1.91149504
4.33203125
2.94476826
1.56487007
4.94422401
0.98395806
6.62109375
10.38516401
12.55158937
13.18828527
0.68907870
11.02407829
11.39160122
3.27335667
7.84547928
3.84093224
3.58984375
7.44851646
7.68705660
1.65251288
1.33962170
2.86057361
4.78976694
0.45863600
7.14321393
6.15061946
3.85393257
3.34263076
8.03867631
7.64369951
3.44028487
4.45736453
5.17512758
5.16937763
12.87410461
6.95574967
11.54854965
5.46296570
1.10741079
5.76997465
18.31250000
11.80063803
3.49195936
8.64843750
7.53503325
18.04432901
6.24030945
2.31967600
7.62359541
0.42842254
9.06442237
2.37542415
3.04148686
2.14378868
4.19051086
6.03560394
1.85979194
12.67033882
7.28256594
3.47377188
6.48114137
0.41957734
0.20952093
5.00890099
0.32388298
3.64389046
6.99077862
5.95410198
1.13410904
9.04405724
3.58875028
4.90065880
11.11692431
4.48387439
11.95620595
7.13304992
1.33441669
2.67959095
4.22464872
4.32965474
4.63406118
3.15797928
0.66965744
4.36296300
5.28406562
5.70626316
5.10373947
12.67892370
7.77983682
0.10128792
2.54780067
8.18750000
3.99023438
13.07204178
13.31460274
4.04054561
17.41220884
0.66124182
3.18772385
7.63052403
0.64573124
9.13455715
5.47252895
6.20357269
0.62961838
3.43479167
0.34531388
5.15311614
0.39557977
2.75813290
10.78319385
7.21507688
0.42049625
2.61798634
5.37781776
1.84690353
5.56307929
12.12115525
10.84874474
2.78342697
5.85625831
5.89444613
0.78114576
3.09282279
10.86323190
3.81266235
1.22932984
3.64907829
5.86782829
11.22840472
10.60522882
1.26992174
2.18874224
6.36953541
16.34940769
4.76961028
7.39587648
13.88800033
3.21551529
19.52806905
3.22538951
14.27215592
3.35546875
4.04745214
14.31474062
1.47483322
7.41297401
9.24913536
19.92469276
0.94249474
8.31583946
5.17947861
11.52612305
1.19031340
5.64399629
1.22516899
10.29905197
3.01866661
6.47624210
0.01483913
3.46504260
2.01129605
5.09202072
6.45461256
0.33449052
1.71311447
19.39927139
6.14754211
1.64883477
4.63281250
0.01290894
8.24719083
13.74538287
9.06602006
7.70152732
4.73975163
4.19435131
5.81301349
1.64425380
2.30000097
2.05132549
5.48828125
2.56358849
6.18596382
3.08315658
6.15827820
2.60546875
3.37019836
3.66355261
5.69320347
1.03900633
11.00807569
3.07840606
9.53906250
2.04806003
0.86144005
7.84352615
19.25231716
8.45080784
6.63889572
6.72297665
1.65224720
3.36132812
4.87809523
0.18812775
1.51698776
2.91770986
4.39376316
6.04334538
1.14500792
6.96397765
3.34131628
1.11989334
8.23395806
0.97474097
5.20581117
10.07839248
0.50386262
1.76711846
5.97671695
7.16986591
3.17296349
0.75292969
2.59375000
12.27061974
8.23909188
0.84249058
2.00069800
0.13299053
3.57508339
1.55544022
1.05917649
11.00726036
1.23242188
9.96980275
2.89678330
4.65955729
9.06531776
3.55923454
12.86091118
1.26964317
2.30571448
2.51242104
0.18381760
10.29373117
4.73252410
1.46285738
2.35311655
3.80628948
1.60298676
6.43180297
8.79158247
16.03418022
0.08983637
0.26245117
1.54031943
2.39703790
11.48168454
8.76498850
1.90067597
2.84596631
10.59585473
0.39916223
1.25965370
12.16066482
9.29905197
0.15586350
19.23695534
3.69836768
4.89453125
7.67626330
11.62854368
10.88569821
8.31666652
2.89008076
0.05417865
3.97854638
2.16883339
9.02126053
5.77994556
7.49957516
0.20202637
2.04070313
0.97283294
2.48906575
10.31662941
1.55772980
10.43890888
1.53192334
5.85967822
1.05348709
6.35623684
4.99692764
0.50496953
1.90091949
6.76255264
2.62882508
1.78922485
2.13214096
5.36014739
1.49650210
2.58335217
4.70266089
2.33671341
6.13703790
4.92007563
6.16342171
6.43821518
10.31498663
6.30398306
22.28644427
1.26280079
0.12476109
20.92241308
4.71734541
14.39339882
3.96061710
0.30006912
3.51511297
3.52026713
1.00477089
11.18676197
5.02637612
0.76385673
8.61782829
2.00696324
5.37173454
5.54514572
12.90317764
0.75821961
1.84461464
5.48739015
1.20235504
11.21610815
5.91654131
3.02759045
2.60415212
5.00640362
0.78417969
4.23546349
0.00970962
7.47419354
8.96037677
1.50451629
0.50633782
6.67328388
1.76074219
1.58667143
3.43518423
0.41199960
6.01408667
3.59800740
0.58982837
2.02548932
0.68969020
6.97547401
6.92046612
5.85053766
2.72422533
0.20672100
0.37580868
1.14464317
12.24962240
5.55491057
3.66243046
5.27013099
16.94351743
1.32172138
3.19313553
1.74062701
1.23495893
5.34310921
5.40580875
1.26408238
4.56384308
16.71720320
3.86964982
5.44384212
1.79661611
9.42328388
6.19960924
8.67289339
3.48492354
4.96234209
0.53921501
6.17543156
1.13804500
5.69748947
9.93750000
9.26234348
2.57629986
1.56077072
6.96766151
4.03967683
1.45816157
2.63031513
6.12250263
4.38576366
5.76938248
0.97625748
1.10633339
17.84145002
3.77717926
8.44409457
2.64930214
4.91015625
1.33601867
6.83965065
9.43764018
12.50626344
5.35438026
1.74663799
3.48394268
5.38504530
2.30981950
1.65504959
3.91527829
6.56855140
0.59545265
2.22827782
0.42205933
14.11940742
0.88938165
1.97949219
5.63108322
6.79531167
5.43354520
5.75523216
6.27227892
4.53080231
12.94685298
3.40200368
6.24391678
1.46908577
6.21702072
6.45333098
2.05057527
8.68528085
2.21901603
2.12695312
2.20024605
4.34029144
2.35351562
2.01026374
4.25524933
10.43250526
10.43045989
2.88572252
1.87532040
2.15996315
2.08734638
4.55084705
4.76959705
6.41476479
3.10950466
2.15511857
10.65266415
6.33139046
1.51868628
12.31018184
7.71136158
1.17650107
8.99346908
1.14520279
0.29330944
3.04721257
5.81542789
1.22667442
2.51107512
2.74619314
1.75712558
4.96074440
3.37631233
6.32300296
4.27465329
3.23894109
17.38386954
5.05375791
1.15976561
2.43750000
10.12575022
7.29135389
10.00256746
1.71640639
8.13140362
1.90327599
0.97129169
1.62890625
8.37442681
6.48775487
15.01847712
5.38128778
3.93096264
8.39414720
0.49639770
8.31214778
0.73600004
7.63117049
4.84296044
2.74100676
1.68080244
2.85937500
7.56917539
10.63318151
5.43577072
13.55160732
4.75026242
2.65119376
10.75687493
1.00529732
4.48387107
7.15696088
13.07081235
8.51308683
2.36065658
0.55427056
3.16851299
1.56576477
10.29492686
3.83772828
10.18948388
0.95250942
8.19403092
8.74859112
3.72156776
0.01381943
4.01524241
8.82578637
2.53765362
10.75272122
8.84146720
2.80327252
2.72329704
3.79255181
2.59570312
6.44461450
4.57600524
1.93445839
1.22854606
4.54796349
10.43560701
6.93621842
7.98687237
5.65567501
2.16191628
2.88803108
0.09063721
4.72704884
3.84654104
3.41012895
0.43719990
9.25222428
15.78081089
2.19566863
2.39203388
10.75422665
8.45600718
1.93276124
10.57261677
0.00505066
4.89127009
3.56182631
1.48147392
11.88422138
2.42607519
2.14195327
4.80094429
0.90435284
12.67187500
6.55558273
1.17751053
2.95094803
11.19954344
11.57415725
2.29037913
8.21371163
4.99641415
15.94454441
4.76114376
2.99407483
3.81250000
2.22716270
5.27516678
2.44813026
17.31618240
1.56544506
0.03761791
3.58062237
3.47880527
11.56352269
4.04437978
6.56640410
0.91808067
8.23865761
1.04177818
3.69406167
12.12918447
6.71956027
2.14129218
16.20335298
0.60378006
8.43967697
4.46907040
0.52414624
3.12983024
1.53417969
5.05777275
9.15316475
1.81021110
7.06250000
9.96383394
1.92243711
6.47777829
3.92719013
10.80737796
7.61087759
1.04072882
2.93525938
6.89715592
0.29204815
9.35389683
2.21180498
4.91156513
5.19921875
3.15743503
2.62608849
2.82585148
1.90375263
4.07280987
9.67469276
0.33856709
6.32712378
3.02248559
11.49346908
2.40951546
9.95811974
5.34701546
15.28265888
0.90592960
13.43750000
8.30038697
11.83734638
0.90722656
4.61219276
7.43327335
3.12336727
2.76226299
2.35405987
10.73002106
6.49673454
12.36244487
4.84623448
3.74995997
2.17169118
4.18186447
11.25142177
2.84319287
10.35231830
4.68013658
0.12097582
2.66418550
1.22712822
1.21829621
4.63832932
1.60851715
8.31032303
1.56562278
10.41706228
3.39465425
4.00960328
11.20811974
6.76626579
3.43978890
6.03797401
0.93288162
12.85796612
2.37205494
6.75994066
0.60931892
2.63932624
0.51367188
8.90618635
7.83545691
6.73706546
1.47062625
1.36988905
4.15375263
9.92827862
4.44704178
3.05197917
10.79641622
8.58640892
4.72919146
1.29619916
7.05327862
5.33702599
6.27968199
7.34563840
4.15828913
0.11800180
7.72613018
6.15080757
4.55609638
1.17915863
5.13249210
2.45876053
19.36846908
8.52576324
3.87107228
2.57938013
3.61321726
3.49034020
11.28038536
7.20517467
5.79118012
0.85032490
7.33203125
1.77269019
9.97122881
7.29664893
2.09224457
9.50064079
4.48661777
5.01555920
12.85950659
4.48373206
2.71253733
2.06445312
4.71343487
1.63140362
11.00934619
28.04193318
13.46657303
4.49461907
5.87638603
3.41831200
1.92709358
6.20613586
0.62097075
5.08949690
9.84822695
4.49884142
10.05364310
4.44654508
1.29850773
9.27559231
4.07184009
6.75845329
1.23861702
14.39366661
15.35859153
12.26800151
2.68709920
3.51984444
7.55404671
7.27126482
10.59246842
3.69473751
1.76770113
6.30570666
3.30117097
0.62370304
7.33311974
3.36946102
2.77676876
1.80049161
2.59390182
8.99677887
3.40697446
5.52510528
0.19313615
9.48796085
0.60113018
6.27907303
11.40842697
2.50200105
11.69610456
6.35166833
11.62961713
6.02839290
4.87890625
2.36263728
12.64997437
2.99758630
5.03157040
0.92795822
9.64062500
1.60246755
1.06775934
2.03819786
2.29255181
5.66438290
5.91764835
1.25585938
7.39063359
10.00665392
3.09121759
3.68196102
11.64113849
1.87420116
9.64965191
1.16313344
1.41254169
3.95021498
13.58869376
7.57805491
4.97124737
5.86059937
4.44889406
3.44604554
2.20716284
3.26831117
9.06303926
3.76463805
5.83247894
4.86520362
13.15010098
1.99007418
9.90605905
3.54857284
1.41367700
2.89997368
5.58178095
10.25911947
0.59169371
1.40046965
5.20800103
7.48872036
1.76882681
1.46457163
1.23980206
3.50933331
8.60579344
3.14558899
1.71323748
5.35892731
6.33465592
0.24280800
6.71587073
3.07428025
1.55178963
4.39572771
0.99185942
2.94444786
10.24186710
9.30359332
1.88108309
2.76159713
4.79104638
4.70703125
0.36832641
12.88818913
19.09362270
3.83654539
1.35639704
8.22225648
3.65946753
8.77764931
0.25919563
2.66188553
5.71506760
1.84556045
15.09967448
0.04499944
0.54753365
1.57508339
7.48842143
2.04759946
9.40170940
5.03406132
2.62727352
13.31779297
11.50229998
2.10427942
1.61046349
6.88867188
2.21747701
9.25604998
2.29262688
8.93967697
2.12218224
1.84042304
3.35016159
0.79838327
6.16905724
5.25281776
3.35333951
0.05239169
8.63011097
0.97474020
12.45162415
5.74500450
7.73002106
0.18526215
1.75742257
5.19574302
5.34310921
9.96273257
11.29796134
12.04617056
7.11828243
1.22112900
1.58734638
6.67814741
0.72860071
9.16370045
3.83014323
3.28278580
0.20146813
5.79073637
2.99799036
7.74859541
3.45779505
13.81835938
3.30728142
0.51547249
6.14274047
6.42212960
13.99439453
3.09048738
4.66708839
5.14854762
2.16038224
0.38253054
1.00124868
4.88406118
2.42978405
3.96698997
1.19143700
7.83337863
2.75364736
4.06890362
0.46465557
2.87730607
3.25235289
2.88775543
5.34714843
1.30738531
1.77156375
8.29956546
5.84766054
6.51901346
10.07729326
1.76327277
2.56509392
3.18967697
5.26095066
0.48720814
6.75791227
0.13210238
0.00205612
1.12668511
4.10532857
1.43810145
18.37990609
4.17337253
2.05615742
0.65640251
4.06141151
6.43770355
5.08203125
14.40869445
1.45545143
11.33299673
12.52266511
3.69370232
3.23586828
1.52401748
0.08700046
5.00390625
1.62045296
13.16297401
9.41210938
5.82313885
10.89546100
2.90726479
8.34554937
5.56915392
15.72996134
4.34176398
0.45934044
8.40628297
6.62093348
1.39834095
2.97742714
9.81608585
7.98636394
1.97204544
8.65791778
2.01702959
3.73408965
3.07341561
6.34192348
8.41806599
8.42469276
3.29101562
3.31173191
0.34476223
5.22836187
4.36297374
0.76033882
4.97415794
17.06141581
1.71491453
8.62086990
7.39235428
1.39302582
4.04687500
1.62829309
6.57913481
0.69910683
4.78016151
8.96593224
8.50390625
4.09592697
1.51757812
0.90719581
1.11049424
7.12173454
0.68584449
6.69760389
3.25249737
1.81900017
4.21702072
0.90238434
0.72961395
10.09618157
4.47374688
7.24545081
0.02442932
5.43750429
2.40429258
6.18945312
4.67533356
1.67904671
7.53906250
0.34243704
1.80443290
4.74339899
3.55295822
9.65868587
4.28510583
3.70149227
6.65970856
4.99585203
3.73083776
4.86678954
5.12022980
0.64348889
4.56506317
5.87352532
15.29669341
4.56985330
4.81858322
6.57204178
1.17530280
11.66085854
13.11744639
2.52404325
2.15625000
7.29403009
4.72614195
4.57184868
6.19153784
10.57927499
4.10740401
9.77073845
4.04047069
5.36612616
8.60066711
4.79214345
8.38626247
1.04221603
15.59605857
10.39331117
13.01357962
6.63767564
1.08938068
16.32823873
2.88218528
5.09273161
9.83017467
4.03007355
4.27266442
5.83794423
4.99218750
9.45030724
2.57040905
1.35601299
8.19166300
0.40963507
10.27792304
5.43051709
3.57969124
12.34077488
8.63345329
0.91939301
3.89626053
4.69830199
11.28690502
10.79660752
1.45373933
1.93624487
2.42818699
1.70452710
6.32312167
2.06506961
1.34364701
3.08870235
2.70808151
5.38512674
3.12868240
14.82743344
10.75340779
8.02258076
3.23078623
5.64345565
12.57010867
0.71146422
13.06818277
1.15056723
11.33376053
6.60227553
1.34217233
5.42882286
5.94281513
1.67288446
0.28981799
5.31032303
1.93289146
9.56864902
11.32025529
2.86093334
5.55187833
6.78662234
2.42017647
6.53893950
17.04393853
5.10180422
1.42394005
5.03574842
2.74527773
1.96116135
4.32926230
0.12698057
0.76508076
8.67827862
1.10057056
5.02638256
0.60324503
6.00979208
5.53976694
8.22701234
1.88100205
10.11133602
2.78162615
0.66080473
4.06496025
2.48050587
1.22406513
0.73943553
2.76805657
1.42762245
3.72350877
0.21410315
0.46728516
7.54565921
4.91344131
2.67677388
4.88333029
9.06262300
4.21702072
1.75401817
3.33875526
3.69475468
1.89281555
0.05905151
2.07343037
0.96557555
4.12768617
4.54360954
9.66598487
8.96494390
3.30593043
14.67605165
1.31395888
5.93913856
10.08279566
1.28542837
0.30139191
5.62109375
3.51703818
4.27522613
0.90304819
3.91710411
5.89229492
0.06252892
3.44910683
1.69888298
3.34202072
2.97765099
0.32176626
5.35610525
6.03164478
0.76069855
11.31956949
6.17911818
1.73264572
9.47172083
1.85749266
1.91894531
2.54014600
5.26182028
8.26613849
2.19034851
10.69301252
2.42026873
9.33236702
6.69531250
17.19879406
1.77657566
3.99875277
3.46436170
5.80468750
1.60644531
9.67624183
2.73986398
12.71155176
1.32828520
0.95008339
6.47147122
14.05059674
3.31018714
12.10844249
2.86697611
13.00472725
10.42724305
0.20833375
9.68285748
4.10782237
1.01464844
17.17297208
13.74308289
5.46739833
4.52798454
1.51399657
4.84931544
11.09351258
4.39867492
2.26696310
3.12184037
5.61584442
0.18181959
6.77908591
4.07215619
5.25285503
2.71813774
8.26549770
2.58929951
8.41226743
22.49729389
2.58908778
0.26529276
8.16498490
16.59143347
5.01459802
1.85242714
1.15607657
7.89036611
9.74793394
15.57478945
1.65681391
0.81937223
4.09874474
2.91530298
3.99648600
3.38812763
1.95583084
5.29264835
7.23930823
0.63204995
1.44455978
8.71157829
10.78267606
0.84904009
0.09195233
0.39201359
0.02639771
1.05864378
9.79721395
2.66630956
12.73847005
2.89676972
1.10886456
3.37806377
4.47951615
4.26135403
2.36674479
14.37269358
0.88312521
3.50563553
0.07064827
9.62781776
4.80859375
15.63640265
3.63268091
1.69901457
2.15669340
5.40636192
5.86251316
14.54693865
0.87504827
12.24014212
1.20830854
0.60738129
6.97239889
4.71151526
1.55641678
15.03538010
8.08452862
9.05609638
0.21196480
8.08872562
0.11411943
3.44252119
0.00886787
1.78791738
4.98255983
13.52587337
7.61193387
6.50102698
3.73020986
0.05822731
0.83885843
4.01873133
1.13433760
2.95843584
3.81272385
3.86587517
17.65657040
1.32660419
4.54668620
4.56601791
3.32786825
1.62304688
1.43182264
6.63408764
1.14371489
3.53748092
14.15039419
5.86212267
9.32543454
2.62544769
4.51312763
0.18298340
0.65248625
0.69571424
2.81479181
1.53912538
13.59605427
2.50694786
10.01703388
2.91710411
7.05508658
4.71444467
1.79589844
10.33875526
1.41872147
9.09951283
0.65705868
5.65752376
4.01044499
1.80870567
8.47656250
0.01719666
5.23486328
7.87423191
5.28394046
3.40086194
1.28873386
8.69598834
15.82749675
0.65695513
6.80518312
2.74732740
13.79232796
3.13812763
10.43538668
8.77977747
3.24772648
3.31195576
15.06690272
-0.24441324
6.60492451
9.29265265
13.60867380
2.59941808
4.97853135
1.32253775
2.96138519
12.78063498
2.23191766
5.43807499
6.17155460
6.36550546
2.19699454
0.88270058
7.29405724
5.52913882
1.97544326
2.29597532
2.04123947
14.18202183
6.94910863
6.92138007
9.45633505
2.70979250
9.56212669
12.53176349
8.04123088
12.78784242
2.78947944
3.13521332
18.12462364
4.13281250
6.13653057
1.03754169
10.12755333
1.09852089
7.03982290
1.54788446
0.57184868
7.62644451
3.96923274
4.13178552
8.19889835
3.24446102
9.00628061
4.14497465
1.77354942
4.91632889
1.42362679
3.14430740
9.85124210
4.49891151
2.33452862
9.89055353
2.78631621
1.09656776
8.24361785
2.62942902
11.90886437
2.15708389
2.19989029
7.72982796
10.01261629
13.23464325
2.50293356
4.54277565
6.67444246
6.68403715
7.17405197
1.03365082
3.75521858
0.66143291
4.84651056
5.74369168
5.24038169
0.97007002
3.30318207
7.21593224
8.97349014
3.05787359
1.47221105
1.76714151
9.27843224
5.52516969
3.68262965
1.86646522
13.48351036
4.05315132
7.59202072
7.35316448
0.20042439
16.98467588
0.97569786
5.34271052
0.74529203
3.09539063
6.00226562
0.53162636
4.36718002
4.42593570
12.23398881
3.59192417
0.31879169
9.00204967
4.85061420
2.13789090
11.09223100
3.49274532
0.39094540
1.51808234
5.69394365
1.39930214
7.63667872
2.57704579
6.06774933
0.27191669
1.87695312
5.00531513
0.90809120
6.02343750
3.68219346
0.92229873
2.21435173
2.88916389
8.44531250
8.11323693
5.42153743
3.43394919
22.52259932
9.05797325
1.85306793
9.39107269
2.99888076
12.17047900
4.25197099
2.01399227
2.81746399
1.00052887
1.61473626
6.59005402
6.78385749
5.12359112
4.70895362
1.46943692
4.47855926
5.02566739
0.49419659
14.22199080
3.07477227
8.15970856
3.13675809
10.34284602
7.72196684
8.72270487
0.31250000
15.05993837
7.82005637
3.85802208
1.44464096
3.85700493
0.65323789
5.78036779
0.05318528
5.60133796
4.10428441
3.08598474
13.73279158
6.92449967
0.95800781
1.80485643
10.18447764
7.07280987
2.41492714
12.32031250
1.43522648
1.74175518
0.00980377
5.43404879
14.26023119
0.32356258
3.03142308
9.03552741
0.96001690
5.47086547
9.74259087
9.40187458
1.73123684
0.93496634
3.64374460
10.25456131
1.55513519
9.59362270
0.93909214
1.97988603
1.74364500
9.57570202
1.07534477
2.54492188
0.04935200
11.22352089
1.99466949
4.61801924
4.42680609
1.92991135
0.43952938
3.29905197
6.31442237
0.39589955
3.65528881
4.79111217
1.89245083
0.43031846
5.30449191
8.84565949
0.91082779
2.01376842
0.74669395
2.66404463
4.78658449
2.03628906
5.96984815
7.10100859
13.51025266
4.50108204
1.17453257
5.51280724
1.22538910
2.69295600
9.08376053
5.06685824
4.53688123
14.73437500
5.53515625
4.39219515
10.63828676
6.39786680
12.72722906
2.02183621
5.51280904
2.53340979
13.23437500
0.33398438
2.17578125
10.18519573
4.82908619
9.55571019
4.38114902
6.74580411
2.83821102
5.41655987
3.67731390
1.56400896
4.33740234
8.24141941
4.66515099
13.81929411
6.42776083
10.39218695
1.56606009
9.01844276
9.77190132
3.99087517
1.67433109
12.49484790
6.23168454
8.35322598
2.12413536
2.18064980
4.92720440
8.30574416
0.51186250
2.37336727
2.76777122
4.70658356
3.37048371
0.43468224
1.97784769
3.26606909
7.59157303
0.95881095
8.82863420
6.17226119
7.40311184
2.66985608
1.77966910
1.13787940
7.50608322
1.35689301
1.09143035
5.66886414
5.11447418
1.44738503
11.13367714
8.09023853
3.29615982
2.76203915
3.43068803
0.09394988
3.50481023
7.96752777
8.05270148
4.88614161
16.34362270
1.28664416
6.08267204
2.98655197
3.75010307
1.18185795
1.92137439
2.36900044
15.17912968
3.78911112
2.98683732
7.47739639
10.46311447
7.01607699
10.42193436
1.23671217
5.59715259
6.32080383
5.12362866
2.31085399
3.16373478
4.90998033
0.20802139
6.65068671
0.74259585
5.77772780
5.08203125
9.05750526
3.25229840
6.87114513
6.77798454
0.51309473
2.97108717
8.82121648
3.56214026
1.15393089
0.11871823
2.96517391
16.28532358
7.03243074
3.21138519
4.08030197
16.83163460
5.34392265
2.39075753
1.16456062
5.91822335
0.91439827
0.44018555
6.08133755
4.32619404
4.25345856
4.22791417
13.33516082
1.43738808
2.13150446
5.59720856
2.72886248
0.89051308
13.89019268
4.69390362
6.84022994
1.29804681
0.22134239
4.52123872
5.23407608
3.81842586
0.62532040
6.28647219
4.45289755
22.02976232
0.86574549
6.12391151
16.66253061
3.70747465
0.44174202
1.25185646
1.10100288
1.55686447
9.08120595
4.48065326
1.42807285
2.73441288
4.81422928
3.35678108
0.25786846
1.91655987
0.93500838
0.45550469
7.72258491
1.75998947
7.24686614
7.10879869
16.09185692
2.25428600
0.27432103
0.80519240
9.78706879
2.15164146
0.91215550
1.20475773
10.07947023
1.83263914
4.45464581
1.99487796
2.12574163
18.38059726
0.58770629
0.80334989
5.91895030
0.41075645
6.54239376
2.87362187
5.70066199
15.39369736
11.63002770
6.92749481
1.81715287
15.16233322
1.10844671
0.05392718
2.49731261
4.13524545
8.07198457
19.27305131
3.37784422
1.54394531
7.58984375
4.48413328
4.68556474
4.63217171
11.86347435
1.53139267
6.82542671
2.83450569
2.54188026
7.39968197
1.91406887
3.49170905
2.38421709
1.44433594
11.58593750
3.62672928
5.78125000
1.98655197
2.28935429
1.66583576
4.68187306
5.44076116
2.75176218
9.79334850
3.18378435
2.10734319
7.92764212
13.55481480
3.57700147
4.76063456
2.37499571
4.80186974
9.87503397
0.65980188
5.37712835
18.15226507
8.29123947
8.46375526
3.21766151
9.44651291
13.13498947
7.52146221
3.87262134
3.56944786
4.77854416
14.73464179
1.71761857
2.07352193
3.68008048
3.04986439
4.65375263
2.46561974
7.45462253
6.74718224
9.39344276
2.61572570
1.49192002
0.32181793
3.44260666
6.45703125
3.00099623
1.98392301
2.89203388
4.88390099
6.95398964
7.84189342
2.33279934
11.90842697
18.98235539
1.46881649
7.45952862
3.51367188
9.06839872
0.54542678
3.78000693
4.29748711
11.70391027
13.84033792
1.55929819
3.44800726
6.55436281
8.97489902
0.69802388
12.69172665
1.69303898
3.09081284
2.43650016
3.61791500
8.47488700
3.93307596
9.12166445
8.68596382
4.44620789
3.75108849
1.93999737
1.86127688
0.74098237
12.54969276
2.15951546
3.67488586
14.15164146
3.88493905
5.38922471
2.21962537
1.76963922
5.21753421
2.00025889
4.50095689
1.33398438
2.63780724
9.47003158
10.60356716
4.93258532
2.74945146
10.96285987
8.10758422
3.29646665
3.97808296
0.39794652
7.50883948
4.86443124
13.54143978
8.59425414
0.62217455
5.16771845
1.48310450
7.38671875
1.47276817
2.44486481
19.68990082
3.27971382
1.65831256
0.87639600
6.12179819
0.98456595
2.49218750
3.77392814
5.38642121
4.20574967
8.03624474
3.54850773
9.19852505
0.86451920
0.32692459
7.30579746
3.37469318
2.48552499
7.64235428
3.51399657
5.54795919
11.12359112
4.83529671
7.47156776
11.13807472
3.13209732
4.35828651
13.50801204
3.85962316
10.91547138
1.82239715
19.78570118
1.60167442
16.22374474
5.32024639
2.77439869
4.89280197
0.62565617
6.85796612
0.49278770
0.30305861
1.09049607
0.98758325
1.53247687
5.36686710
10.84694828
8.61073664
5.34559369
13.26012107
21.30065887
0.18963209
2.01421612
10.88258865
4.19704178
2.91905724
6.66784575
15.20091191
0.56554823
9.02216451
4.04424174
2.06881497
3.20766414
4.17751053
11.66023493
25.16203000
6.94995678
2.49730954
5.37109375
1.60886580
6.72006126
0.29116983
8.27109320
4.99726092
2.32024095
0.49356840
8.84722393
9.34250132
7.10028306
1.88042706
2.30894490
13.03624474
10.85029810
0.74063414
0.02117920
1.65064898
3.14120068
19.41444869
4.89632203
3.40225579
5.32190589
2.86350510
10.27279671
8.42416443
0.11297538
2.95639905
8.21233779
1.49175518
15.64294798
9.01868295
21.38306710
5.10678108
1.51439384
14.23450230
2.32768770
14.91490137
8.53439606
2.93047844
13.65973931
1.18553150
0.07020581
2.13339421
6.39438677
4.46247368
0.63829552
6.83311974
0.29576622
3.24207308
17.36121869
12.07031250
4.49955231
13.53483585
1.28690090
12.24782303
7.63627106
11.34669936
12.60860261
18.14051308
4.47829178
0.95439675
12.02034360
4.26381996
9.82415863
7.05891415
3.88258865
5.02060333
0.68296937
1.18324441
7.79732089
0.65954067
2.68647516
2.97289513
3.28075438
13.20389309
4.67610165
8.90678496
5.70758477
1.95572321
2.13573789
5.38134766
5.72851562
2.99081796
3.50463500
6.65785198
3.51879391
1.72340897
9.46072155
4.77973667
1.49908923
6.09739030
2.64972614
6.93575078
6.48977587
4.95337960
7.95267731
4.38735954
1.03658051
5.36328125
6.88879419
1.28103114
1.45648701
12.82855732
2.59012523
6.10475495
6.22547401
1.59330231
10.11232006
5.56033162
13.76267135
9.92801876
0.88599125
11.24407975
2.24913536
7.37301612
8.50154048
3.37188761
7.13084580
7.99380374
0.08917236
2.25722714
4.45892786
7.63261511
1.52473446
2.66749030
4.97540822
3.87864881
1.33208021
3.05913799
4.57018520
1.71192944
1.52061974
2.93250526
3.20014704
3.86049638
0.97088639
0.69474734
19.26472532
9.95440658
3.53320312
7.68903833
0.71987693
7.49013783
0.61817390
12.52433289
4.40029408
5.14344276
6.87576809
12.31025156
0.78164187
12.41442056
4.76087903
1.76836159
2.30718487
8.70811974
4.67270889
7.15517869
7.15885749
0.88315596
0.41482290
18.06141151
4.96472005
12.12229236
5.31439523
11.95031506
9.82601168
1.10862570
0.93063005
4.61494903
8.10277614
1.06960806
1.10314941
0.43140632
5.59944454
5.12313483
0.31161077
2.85905460
1.01008602
0.41690082
0.16217015
4.91919098
13.27210870
3.08349090
0.18249512
2.69360859
3.31823208
8.44684868
1.04023216
2.52420559
1.09294984
1.10219969
8.73949704
2.54223141
5.03125000
8.31250000
1.52995412
5.75777960
0.73632920
9.32296899
0.81814429
1.29039021
11.51840565
5.19812486
3.62048869
3.63475704
6.35546875
6.52715924
19.25255458
5.70466118
0.98925781
6.69672568
8.86105226
4.24156208
1.32244335
6.33292664
1.92893478
1.70876053
1.80295822
6.91124474
8.08657829
0.66654879
13.34156873
1.08773320
0.39509579
8.17686974
5.98046875
1.25184120
6.88136359
0.82512342
1.53802229
3.22416923
4.21241785
8.05609638
0.22629807
12.91633602
7.33660835
3.08731632
15.10918835
6.65156922
1.98676044
1.87988281
1.53301432
2.19838272
1.49520016
2.31353634
5.58942888
0.72254433
5.60905460
0.44337967
8.38038093
1.25585830
0.03204492
1.31076496
9.11728474
5.03221119
3.31980545
1.57121128
2.90602615
2.17834442
15.27087433
9.38409408
2.01066101
8.41969803
3.92156319
7.33311115
4.84125263
4.69531250
0.47165939
6.72406513
2.90291376
6.50279200
2.95954871
5.44561280
0.31556190
4.63172401
6.07514811
6.87733610
9.51421612
5.52266941
6.36014309
0.09896851
0.01032257
0.00526302
1.26666605
3.54133242
7.77158092
2.79755084
7.41309702
0.92681377
12.73724873
16.02478273
5.39459490
12.76831546
10.57396200
1.77588659
5.89241793
0.19158674
0.94407150
12.06805117
7.37726133
4.51953125
5.13140362
3.33235165
6.72876953
6.57418869
0.17751053
1.62120567
6.82594803
2.47653175
9.46727034
3.96565187
3.36507203
3.84944918
0.62226798
8.65456934
8.93352795
5.39690132
0.07800309
4.67979942
3.54943817
2.57152829
6.42251579
2.98793010
1.74397828
7.50371745
2.42094886
9.35245360
10.38631030
0.45020246
0.46645054
1.71223446
9.43262294
3.50085889
20.55555321
5.09787902
0.59863281
1.37174992
0.15924486
4.26504571
3.08273354
5.07191448
4.82397489
1.28879287
2.72521603
0.64225620
1.36545822
16.27728225
5.10963543
10.54341062
10.70595994
1.71332114
9.10655724
4.27600067
6.88392675
2.57592226
9.67405197
2.26002022
0.88829552
13.97840370
3.74759918
4.11545822
1.31743323
7.21881150
7.17795822
8.44531250
1.83644607
0.82854194
9.64166487
5.99556737
7.94539977
1.55668066
14.20792664
1.18000790
0.05460110
2.30069142
3.56670947
3.03800476
5.58613060
0.69445216
6.68339636
16.48258422
6.06813767
2.46375866
6.45896916
2.96790565
5.94531250
26.62608849
1.00206505
1.98203870
0.21415005
12.27074704
4.08791493
1.02586138
2.82482879
6.77196282
3.52734375
7.36795559
0.06514988
2.20312500
4.31147516
1.38661327
2.00492464
10.76562500
16.23053884
1.61641181
5.68359160
3.60268388
3.53694703
3.85373947
2.23069260
0.00471878
0.48077377
9.02625526
4.24065132
1.84858055
0.70154906
2.85898666
4.49756628
1.10330715
1.61489860
11.87346382
2.06634475
0.83103502
1.47276817
0.80542591
0.01119396
1.77439760
1.79083361
2.07886234
7.28874210
2.22691365
4.57443547
1.22044028
1.94329358
3.30772911
15.61686710
7.95984901
3.72744723
0.10306321
1.74870304
1.60496322
5.35309009
7.81406801
0.59579860
0.42897537
5.52830494
8.78778092
18.27011878
4.27251420
4.16201712
1.95144365
9.97129599
6.70225607
3.20472698
1.99228405
2.94870526
9.84592697
14.83785987
3.25610684
5.49651783
1.36621094
6.92989066
8.39023881
0.49126690
0.46459961
1.60894268
1.38171817
6.81803967
9.10514835
6.75552541
3.47715087
3.54682278
4.69326712
3.01386068
4.38569606
10.38819343
8.88844373
4.73476119
11.40714968
2.73222448
0.57384239
5.41099014
13.11296515
39.07005915
2.88230330
1.18864999
5.49245908
0.03552561
0.69715370
5.98110954
5.90669769
8.63627106
8.73114029
4.45485428
5.34765625
1.79038093
2.53567902
3.54991661
6.51953125
16.76614279
6.61186807
1.06339539
2.91990643
2.64367160
2.30353322
0.22878389
1.03766470
3.40183026
0.43192043
5.23514309
8.21657303
4.96029671
6.27343750
8.52788799
1.52146900
3.34701546
18.29515431
3.14093681
3.87054951
2.04905197
0.71619667
0.52114860
4.48065188
2.85909532
5.00225136
12.60462627
3.54796349
6.36822951
2.71521062
0.03015133
3.05299881
4.00781250
7.63345329
4.75435394
0.76427208
17.09631816
4.87941974
7.68320970
0.51971236
2.18945312
7.48872894
7.87077550
1.14211222
10.53582848
0.43665565
20.12589014
14.27829481
4.45152732
1.75809785
3.22182666
2.06649850
4.81499737
2.71814211
0.78039305
15.97874806
12.46320243
3.16569565
1.04480953
5.59048454
2.73328651
3.42101036
3.63553372
0.00352734
15.00256317
0.63833610
2.72681323
3.06825132
1.56967171
6.12688913
6.70503878
4.41735373
3.83110150
2.73037220
5.28169769
8.28061350
7.23790365
7.96928565
4.06871052
11.93404144
0.21590671
1.15701809
0.22924805
1.36761982
0.00582638
1.18962273
5.34418052
5.27126053
13.72887107
7.65573651
2.43788190
3.75976562
6.56973751
6.68238350
1.74521374
13.69748947
5.60828866
12.27580972
2.84550573
0.67296349
0.08233643
11.32705369
1.87162511
3.43944883
0.68316143
0.02334084
4.20594276
2.82140099
11.25945957
0.87737110
0.52343750
2.52430214
2.19877106
5.54373684
2.36382549
8.47656679
2.22265196
10.64583645
6.41570666
4.33056087
5.57864708
0.68736536
7.34957648
1.05135582
4.80505651
7.39171349
0.73062126
1.63249640
1.52994875
5.13953651
7.37109375
9.36846908
3.93498757
6.47438553
4.69358322
3.88758339
9.23757896
6.80590758
0.39976091
5.56621960
0.52097428
3.84211727
3.30235462
0.13589809
1.66699219
14.27191170
5.18500263
1.76492056
11.28976694
11.72318989
2.01429549
3.37787927
10.92904671
2.57636497
2.42427582
7.47660637
8.06239117
6.78087086
13.13856674
12.14550781
1.28189079
0.93671099
1.51712614
1.36773174
0.29633076
8.02061974
10.14878972
0.37970340
9.42300858
2.78028603
2.49599927
2.70844013
1.19142592
2.88834718
9.87858585
1.20421349
9.75973487
4.39286777
6.03099111
0.21415191
4.71093223
2.90315986
2.67764059
1.48035683
0.94315520
0.62978197
2.44390362
8.15047467
0.68178042
1.58577339
5.59196098
3.34824600
5.13697335
0.15016678
3.32321753
5.09366273
15.53095357
12.06493587
3.10062348
10.18707592
7.51886684
7.61609901
2.83789062
3.28925560
3.30471825
7.02926612
4.64119999
1.39263548
0.35580805
5.66926751
11.45497728
5.35308580
0.94129433
3.98210148
5.87141415
6.69486481
17.98310201
1.52327515
7.29582835
1.35663841
3.69284588
11.19967933
3.21492741
0.09819309
0.00327786
1.29497300
8.79147689
7.48546349
3.74459476
13.07797460
9.49454254
7.33942036
1.12125395
1.66987575
6.97227006
7.77772780
0.43364971
3.82242582
14.62584033
1.27314141
2.46343487
3.34852089
4.48674507
3.21536154
3.41203928
2.64062500
2.27749018
3.11270250
8.95171612
5.57031250
7.96221908
12.02780498
2.39474977
3.25948595
1.30651083
2.95192279
0.57714844
6.37833126
4.19315673
3.70574384
5.50858059
2.58875526
1.67696628
7.09560658
3.55718487
0.39869425
1.07471472
12.41081422
2.20045240
2.69146775
7.97438553
8.19467171
6.51910269
0.28759390
2.70771568
2.12070112
0.41140556
2.61891678
8.19583289
1.61583291
11.50973487
5.88133782
8.55251053
2.97288010
11.06417207
2.27919603
11.40874522
1.37581636
2.59461464
6.45421349
9.08158356
1.66853266
2.24695409
7.46875000
5.32159408
16.67931849
2.70884419
5.42171626
5.63578686
0.86555262
4.21593224
8.93635001
12.53239999
3.76153057
0.73182167
3.38950576
8.71104195
0.73116315
8.68276416
1.02415517
3.81832862
2.44685602
8.23538910
8.98526610
5.50160413
0.50782573
0.88889572
21.57617188
17.63920367
12.58093236
2.28400626
6.30423981
3.90522302
6.47918717
0.83301727
4.71538868
5.70798968
6.16291527
3.43897575
1.28114808
15.38494639
8.04045850
1.67957558
2.15519656
1.41902219
7.90810658
0.00521530
19.76267994
9.87807666
5.08939176
1.50433857
4.66145321
4.27535987
5.92417927
5.03125000
4.80917089
0.52573408
7.42885791
0.19140687
0.44416805
5.99272358
1.03088881
0.72736418
6.56499737
1.80864168
3.06514146
2.62285485
11.95869335
8.43334053
3.66397579
9.18621842
6.01357533
1.21495567
11.30472615
3.77871398
5.61859638
6.31320444
5.35978052
2.08589064
4.84672779
1.54698942
4.89043190
2.71939079
1.12924202
4.82647011
3.90604831
3.63504543
9.36436974
1.53417969
11.55585716
2.80344374
0.65887743
0.03500366
0.28030126
7.29809224
4.30266927
8.19313553
9.13986120
4.53321421
4.61008159
0.71126344
4.72233585
6.94031776
0.38995346
2.59170033
4.71024955
2.24838368
8.32009655
2.81578831
9.99774162
1.96606168
1.24585238
2.44358322
10.71557399
4.79846409
1.65123497
7.40587884
3.84184695
1.45258145
1.14885954
0.52684023
3.55580148
2.67365995
1.04105282
2.70187632
4.82192598
1.86726396
1.16940800
2.35873919
3.57271332
4.37717697
3.48663495
4.38356341
1.30633560
6.04527732
2.08439702
1.83568720
0.55011095
2.85516865
2.93119293
7.13326019
0.97412109
1.70719145
4.43097552
0.36014434
5.31304424
3.43836464
20.51453651
1.45202114
1.86276776
1.32476299
2.71424659
2.96412359
4.54742423
4.65311184
4.03265888
5.38880025
6.48869712
7.23930609
0.10513052
2.07756046
11.59233852
2.98155724
1.04641086
0.03677499
6.13518257
2.58529602
1.27588728
3.45914457
0.59336595
0.65551079
2.49392627
3.13704413
7.03759212
0.74762993
3.91172318
0.51682541
0.92770559
2.78104471
4.42795822
4.47047928
15.00743490
0.07981494
8.48969228
0.41325168
3.16762283
8.50896678
1.05707509
1.39023666
6.45267731
8.50771595
10.98943055
7.39386469
5.43955521
3.87522385
14.60674971
5.43608682
1.37162691
0.52332128
5.27106743
6.79815658
5.96196878
3.63440589
2.16124474
5.17578125
4.46056419
2.38776721
5.42465841
10.28719946
3.67387674
3.12445576
5.70294908
5.39968335
2.66635458
4.06017510
2.89618461
7.17905100
0.66987699
2.04359534
6.15661257
0.78058615
2.96465065
5.54687500
0.61221946
0.62423011
6.09317071
4.06967171
0.66953890
2.85367475
5.40833618
1.81329738
0.29874203
2.70094803
2.87788356
2.75054424
1.56515542
11.48347961
9.07338486
1.31777143
2.60727740
6.39273832
1.02841901
0.21618192
1.80018105
2.81445312
2.00954178
1.22824350
0.53044901
0.21447754
0.07848614
0.04691280
6.87493420
0.52310602
2.28601659
1.94608489
1.63605829
8.82248947
0.09961952
4.99010600
0.15326435
7.34128446
0.56863150
8.04873372
10.43314606
4.53729568
14.34601424
1.23386774
0.07510891
12.50706741
8.66907911
5.00153189
11.35950659
5.09330254
9.19224873
10.23270293
3.18557333
18.84520114
16.64631912
3.28038107
6.36340855
1.98556003
9.08388783
3.42219540
6.71007286
0.73144531
2.02007549
0.82582842
2.05811316
1.10902385
8.21541874
2.63387024
2.81594360
5.59347531
6.71389545
5.86531804
4.67110691
2.61816981
9.56112097
11.54928080
1.64400238
1.10422007
1.91264593
6.44531250
10.06656891
7.02638256
17.26319772
12.83218501
0.83609001
1.48208610
7.39519781
5.49803936
1.50494311
1.71374806
8.60655724
2.95821597
1.85682721
3.91883339
3.92714151
5.23192625
2.44256053
3.62426557
6.79902191
4.22767813
4.73840855
1.67398832
2.78120824
1.91914727
7.84093224
1.55968224
7.82614112
9.08158356
4.49504253
2.99131634
2.86328125
12.35129807
5.47265625
3.19864898
5.75262467
0.14026894
0.73193359
11.48908155
1.08318408
1.91222130
0.10510192
0.37836263
2.04489112
7.65018825
3.31110040
2.12672928
10.59720856
6.63497736
1.53334254
1.83441669
2.09874474
0.46093750
4.25922568
1.07944468
1.58929770
8.26869736
0.82329815
1.48535156
1.07500277
7.42809196
0.30288972
3.16623947
0.07225751
3.20613371
0.99533979
2.20017135
4.26453651
4.99093847
14.39784533
7.62506580
4.36123158
7.74710106
0.17363995
2.00781250
5.05078125
3.07649227
7.14030460
3.26718461
0.34075353
4.03618109
19.46331616
1.04049597
2.24523770
4.87286735
4.70869473
2.78854901
9.68599457
0.11340839
2.44433594
3.37727352
1.28429161
6.14171349
1.70887245
4.70626316
0.40750637
0.26769005
2.64739016
2.80450368
7.07729111
4.43282566
1.13369681
1.55413896
0.55804951
4.75667539
1.69600191
11.30904144
4.99218750
0.54150391
4.30577813
1.37390937
0.77001953
9.92354278
1.09164991
0.92724609
13.16035364
5.59406610
18.10451186
1.16132591
3.67786098
4.72005873
5.50032040
1.15572113
9.03406776
0.16765850
4.11219276
0.97862755
3.14480337
1.26208742
0.94183857
8.95888783
3.13807042
5.33567431
0.05560303
3.49939980
5.75954178
3.13108322
0.75585938
9.06431225
4.70869293
0.41560360
3.82453915
16.47896086
6.74859112
0.50000000
3.04828132
3.95782219
11.78423378
2.58477463
8.40012245
1.53151817
1.14898808
15.69680144
0.03585536
9.79198333
7.90324551
5.59777067
14.10899954
17.16297187
3.98020556
2.23351036
9.19911368
6.78794395
3.57053918
2.58922048
5.61377473
4.94228876
5.21311447
2.75150543
7.41380790
6.12352532
6.10323886
3.79769600
8.31135431
3.07285067
0.60929486
2.76019425
6.81467544
1.48232533
4.47406513
0.00785069
0.02210487
1.94062171
12.43426637
4.73546349
9.83593750
0.76014198
12.02929688
6.21484375
8.31608585
0.02491507
0.56362907
2.19521983
9.01455507
8.35117631
6.78060921
4.96255485
5.33811447
1.80228668
7.58657829
1.59171570
4.06206519
1.64941655
0.84320576
5.77128062
1.17358419
3.03666168
4.77215592
9.54426613
5.28059341
0.94868988
4.13742963
6.66658525
0.30284245
6.60352099
2.42327851
6.79767315
0.72099346
1.16173880
5.97033051
10.53278618
7.61084538
7.20166320
10.56927693
19.17291057
1.64251911
8.96913619
3.67994210
3.92959095
2.20062763
7.60758851
0.16840232
3.12836201
13.60297568
0.53590467
2.08484901
7.48276804
4.46059134
5.78490165
4.04373684
11.04917927
3.05404671
6.03480227
2.57956747
5.29578651
3.42686974
8.93734555
2.50057139
4.22169506
10.91265362
6.01238746
2.44182603
1.77515663
4.15797928
4.98655197
8.15728760
1.30222303
0.09486155
0.11685434
8.64120214
0.03839127
0.90869141
6.74302353
14.95267945
2.39151610
5.96676020
2.44922124
5.16468611
0.82348695
2.24545296
13.30585896
3.51250041
3.55132549
0.71218968
0.82316458
1.38539104
2.90739999
3.93782040
9.89280197
4.44921875
4.49385957
7.17193221
3.82117714
8.49935921
2.50736481
12.20702308
11.88043522
1.11926356
2.24655502
10.45952432
5.73828125
3.40119376
1.11127770
1.22483322
11.15972109
5.58040136
3.59483849
10.07185727
8.98654768
7.83277005
0.38898652
4.03992714
8.54764309
0.61621094
3.25637287
5.07293717
3.02773424
4.74890921
2.36013880
10.60912040
19.41353779
0.02254211
2.29559342
1.79785156
5.41611217
2.20107533
4.01255264
12.05051682
16.98464678
6.50312098
6.04822667
23.52120581
15.24812057
2.76599401
21.39005499
5.98617007
7.30433206
8.89062500
1.96414146
3.19141097
3.32893450
0.59119667
6.83809664
2.93766020
1.82128906
3.31131926
10.76051155
11.96583569
4.64346424
6.18038120
2.79448346
2.85668883
5.66482630
5.79040988
5.02176972
4.72163356
16.84835854
2.63009128
15.30673717
2.51955841
3.03327966
11.91943990
6.25767370
2.75390625
4.99967960
2.71538799
5.31813553
7.94768257
7.15330494
1.23202031
6.99967960
8.28150889
3.39839068
13.53601728
8.62826546
7.96472075
6.47668550
2.39613323
4.20152302
2.78570049
2.41007669
0.00642215
2.71691383
3.67360428
6.17578125
0.49425255
10.17477006
0.57984277
9.45555657
1.26997894
0.02282208
0.28647179
4.02959373
7.68472794
1.57226562
3.10104805
1.26926223
11.77215592
0.61962891
0.16857910
3.23730940
2.77245622
2.12413536
19.34627175
3.90654601
3.34784935
7.17014572
6.35719803
7.78507259
7.07388547
3.97840370
2.09307846
5.34823124
1.95941669
6.82050560
13.37871315
0.00222652
0.14501622
0.07713646
1.33278397
15.96810921
0.95390293
2.73771484
0.99496163
4.94953915
6.86345218
4.41193844
4.58593750
5.00781250
17.06289049
1.62624224
1.91183154
0.13851739
4.33766678
23.61115581
5.09017841
1.43679556
1.16362803
9.28835806
0.23581186
0.81933594
8.04657608
8.12920517
0.30566406
7.67155460
7.85297138
3.36436974
0.00802353
0.87841797
11.95831034
7.37101507
12.05229028
6.63476202
2.62890625
9.46199524
13.24654144
0.09446213
1.97821060
2.70119217
8.85950659
14.98985185
2.09972809
1.94715370
10.95735594
7.59842005
5.29360954
8.91123443
18.55699177
1.66777995
12.74667304
2.35735178
13.43103273
0.12648268
0.93896484
7.91201283
0.01656078
8.46395446
6.70809826
5.20939917
7.92161825
5.66944343
6.09905263
0.39132442
5.00771595
12.09861744
6.53419506
1.29535419
4.27158092
5.16092434
1.92014572
0.57559688
11.02987187
4.97739639
17.27651416
2.50627202
8.46311447
4.65906776
9.01621288
7.95895362
10.84612256
2.61277205
9.15893617
2.93359375
0.51611328
4.11412373
1.69477504
4.38889572
7.98433426
16.61156915
11.86300733
0.13094332
0.93457031
20.37122396
10.17301211
3.33031624
8.77357979
4.28555962
1.47771069
0.31762695
9.81231411
8.62814813
17.09029006
5.03597434
7.71305297
2.86811364
3.84653203
2.90324412
6.14280197
0.36840820
7.97547401
2.18750000
1.55084597
3.24244317
0.85037747
0.09897791
0.36102373
3.62141415
4.50390625
5.57421875
1.74888076
0.79018174
6.75327834
4.43249238
1.64470579
2.63859389
13.57517994
5.36199967
4.95168429
0.63726282
3.48910655
0.90732311
1.48016802
4.87294603
4.41624806
5.24064274
5.73280446
8.76113946
2.57332336
5.97336284
1.58263700
0.95222407
5.42968321
20.04713819
2.69245540
8.32722961
3.44902565
4.84292470
11.06300490
9.63921612
2.21556738
6.44094705
5.83591285
16.35506109
5.25531513
3.71740124
7.04540600
4.45714317
4.49085925
0.13305226
1.68261719
16.56743323
0.39954580
4.95295299
6.34254959
3.84029144
1.50715633
11.80494793
14.91536402
2.32554036
6.08728058
5.92187500
6.19677970
12.74407122
14.34429418
4.89738046
1.13239985
3.12285696
0.87965897
7.38730233
1.13872908
3.90138256
6.75922138
2.11702197
4.70404324
5.86812154
2.48665999
1.72015888
8.79785551
1.78204545
15.97860358
10.98179895
6.60265099
1.24914663
3.09577302
5.07761151
8.30757106
9.04310893
2.51413959
5.53502680
10.23210938
4.91306266
1.97641969
5.75487311
5.98187763
2.38696158
6.81464262
7.74033092
1.22575382
11.35323028
10.57299867
7.25691711
5.47233585
0.17897045
2.78168842
5.75433247
1.94042969
7.56327239
12.79296446
6.45453388
3.17062846
5.70632466
7.22124737
3.71276333
4.21637993
1.20216811
4.21193891
8.39225704
10.34009620
3.32179002
2.31141151
7.79591596
1.74781216
2.34226313
1.25006580
1.64741052
14.95792879
0.68601763
1.55371094
4.58657622
1.74968168
4.05046085
4.47080182
4.45107318
0.99750263
4.95047568
3.46065713
6.90760292
2.91242977
1.37174992
5.52452599
3.96766151
7.33127853
9.81162608
0.95929867
3.59919243
1.88052360
11.21657303
1.01900238
1.16702509
0.94766505
2.68064869
7.81435734
0.11371280
17.21449797
3.87752275
6.47656250
6.45421349
0.11334736
3.43695576
8.26203915
0.01178494
0.93374619
10.87586962
1.69502286
2.59082031
14.12801086
12.34592697
4.63281250
4.93593529
2.89481438
9.71708652
2.64119999
1.17469276
15.11632286
3.89062500
6.14613323
7.51466381
1.96713265
6.79770889
9.34041874
9.19621218
18.66740246
16.75496648
12.25172928
15.94745872
4.87570444
2.54584200
14.15776041
1.01758740
2.73787359
0.70783993
2.68013519
3.14241225
1.03673100
2.59431322
7.90752798
1.17664589
13.73002106
8.70158882
3.29550975
6.34098515
3.14169991
1.39055740
3.85608433
6.24098076
4.54362492
3.84814620
8.26273423
15.68674050
12.25245304
9.22486896
4.93918869
11.83638734
2.07095114
3.09960938
1.04625603
0.09460297
2.05669705
14.34764475
6.60905031
7.65793066
9.85782594
2.56580695
0.56991557
1.38855995
13.30273438
2.63844803
2.87061316
0.33658982
0.41064560
0.82060768
0.05173729
2.15256760
8.06969748
16.90505431
3.90024822
2.96197307
0.76173108
9.79266553
5.04186309
3.56304424
0.04813129
1.17578125
2.18897337
2.17622534
3.72179161
6.82517994
11.28605095
5.29479527
9.13294839
4.79841548
4.94971936
6.49674313
2.14942085
1.71343487
4.26245110
4.87990317
1.32519531
2.36619556
14.06470703
4.88572750
4.83094276
3.98437500
10.95312500
2.11411843
6.39585286
6.48299936
11.06570396
3.54824884
5.52266941
0.30403133
1.71029671
3.98291965
1.60692410
4.18045989
3.52548288
11.32125513
3.16394143
3.15591672
1.71754959
2.61264046
7.05181682
3.72312611
6.49686184
4.74686184
1.10870346
5.03925560
3.35149670
3.77202862
3.71939079
11.83350624
20.41741523
4.71514267
14.47271115
1.01923052
2.62694883
7.85015362
4.62500000
1.02401884
3.64621329
0.18843075
2.92005569
7.83276207
7.87608849
4.39850330
0.74760472
9.25027178
5.97910849
7.43967697
1.40005485
3.64447697
0.09868436
0.48618884
4.50032040
2.99699343
0.51049867
0.00113297
2.56869797
2.30554853
3.57040475
5.69659408
9.94608059
0.05958569
1.66132023
2.10028659
0.12976074
10.19448076
0.55454268
3.34918994
7.13440159
1.41972878
11.05972282
13.35732533
0.03225704
4.89118144
0.42620138
2.86794022
5.20639046
8.29886532
1.23031963
5.15202765
7.67212960
4.60713223
6.64792401
14.69670144
4.45282454
1.00406645
0.75352220
2.91303164
5.02848653
0.10753380
5.78985638
1.91308536
10.27497368
0.37893423
7.01319772
0.21224831
0.73411057
4.26082336
1.86492935
9.29687500
1.77095163
21.28056588
8.18324368
3.60951767
6.83920296
2.24246731
2.99010708
5.54698551
0.62929940
4.14253560
9.80429770
5.28144310
6.87266176
6.70133207
0.00566995
0.14525353
5.53835037
2.43987007
11.00793980
1.74382023
11.09351687
2.21898313
0.83540178
1.38998060
3.86201048
13.66831661
8.53484008
3.41787289
4.84765625
0.71518448
7.93878158
2.89737976
5.51104721
13.63055435
6.27311710
1.57367451
15.12359112
0.80322266
0.90121682
0.40866566
5.71393137
0.10493957
4.13527511
4.73399157
5.57036971
4.09451809
7.23220662
4.86120872
0.79184840
3.27106743
2.71269753
6.51826255
6.32657594
4.33622895
11.00958610
20.87259918
8.42123850
3.88810796
5.17683266
3.08357556
1.57847392
3.85673967
6.20066704
13.00001856
10.31045892
12.82376247
16.42014572
6.53721666
0.16102553
2.05468750
3.87547638
11.41781277
3.25518632
0.88807318
2.51514655
2.17299424
2.03397980
2.50143104
15.71093750
2.07159408
10.57966118
11.90797928
17.87149712
2.47833610
2.96093750
7.87203423
3.12761462
3.14401776
6.27330542
0.06988512
4.04635223
19.15568428
4.10183857
0.03794208
6.56358849
3.03001884
17.08445508
2.21712502
2.64965557
3.78189079
3.62906361
1.89418079
6.34407040
2.35368621
0.86701691
5.62260098
12.00168135
13.64741052
14.53125000
3.51015736
8.09900363
5.79584802
3.80468750
3.54101562
11.94640099
8.48361120
20.36468584
15.49808483
14.55604362
2.05652813
14.15284233
5.69576019
0.13953651
3.01282428
5.11352864
4.04002369
5.83997105
0.84108475
4.86718750
5.61618628
4.80319135
1.89357006
2.35937500
1.47686205
0.37686689
14.99417138
4.53080231
3.51581187
1.63386663
2.01738503
9.92252867
1.59320825
8.82453915
0.64475510
4.13095592
3.47039347
0.76007528
6.22092697
3.03429161
12.36047422
4.10447397
2.20558372
4.09573388
6.62890625
2.80209358
7.94576449
2.31877202
0.84831242
6.13473487
0.38032731
1.69692805
14.11372894
0.37015777
0.61951698
24.77202793
18.32367520
2.53035461
1.62840813
13.94377632
7.62267502
6.25104339
8.73578388
9.09375000
0.02485134
2.97896332
6.76735428
14.09517426
7.93532303
0.42014572
5.59157303
5.26389572
0.62823471
3.42693339
0.58143873
3.71807991
3.19076400
9.87411749
8.35462198
5.34349755
1.31459365
1.98058067
5.42695486
0.69564432
3.75390625
4.79559342
0.01235634
2.74014323
11.45051030
1.90345191
16.61974637
7.77042664
18.07777278
0.24052049
15.31378158
10.93032829
3.01370263
4.17360428
7.21593224
4.58753948
1.83335896
6.02753685
3.96231993
10.60845890
5.11956969
5.62000526
0.03902437
11.56384523
0.73214207
20.21430741
11.59422484
5.15980566
15.58053080
0.92964691
4.75435394
5.01517731
8.70952862
12.99229409
7.83288584
6.27640404
8.44940755
5.22315686
5.33599471
11.25422665
4.51788357
0.71530640
20.63935201
6.29619487
1.05748435
3.87537262
4.08866799
6.98419908
1.71133727
15.24740608
7.89523569
0.29134371
11.34720856
0.56533314
2.62703960
1.45431003
1.87524352
3.46254350
2.99020362
0.94664928
5.22390777
11.12410032
4.25854485
12.82764724
7.82870429
6.28348847
6.92046612
9.65983585
2.05792221
6.62648327
1.81996814
4.09317071
6.41515099
0.91283744
0.45093210
0.15826923
1.32878472
15.28158466
1.46668495
1.64441933
17.48201754
2.08364614
3.20453388
9.04264835
9.35187155
4.57711366
6.99180131
4.48429026
0.42087125
3.18922928
2.45267076
6.97332419
1.39648438
6.65210203
3.30297609
13.26844276
6.67350704
2.32399559
7.56064342
12.10067749
6.06686683
2.28709649
13.66796875
3.99705494
10.06967171
3.02780003
2.04023895
3.25179799
3.98885333
8.26629654
1.06988018
0.79231258
7.53311808
11.42500166
0.15405273
9.61053358
11.65474612
1.00480087
2.02820839
13.82380970
5.28173648
13.52623809
7.02733946
0.38431301
12.58203125
4.06813553
1.01207204
3.19255839
19.32282524
6.86219276
4.85284408
8.24611522
17.71072293
11.32517994
4.32434605
2.44867451
3.43983150
6.63876946
7.06332100
6.00032040
2.26402663
1.00691351
3.18177222
1.20145722
0.96371468
7.37458306
2.46961464
2.21682870
4.55396368
5.16886414
4.66656416
2.29949718
1.53561913
0.21483137
1.82143174
6.54874446
13.89403575
1.33554521
6.04576151
2.53473355
2.93663536
15.87204495
11.80168250
4.73758755
1.19453153
0.19270321
3.57246524
3.48331075
0.48011269
9.54611120
8.58415406
8.52687458
2.26619999
12.48034360
0.44896754
4.92033882
1.22536209
5.49885895
3.57479804
3.34439938
15.20237838
10.84054673
16.32260765
4.41683648
18.04788910
2.81000263
3.15039062
10.33575085
0.82831165
1.56129959
13.07053635
11.53624474
2.53767080
6.80076407
4.78157040
17.57864861
4.09534186
10.16053815
6.32345066
11.91894531
17.92514046
11.13757177
0.51336310
2.54021055
17.17228834
6.95499446
4.34184051
7.41877687
4.67719013
3.66496277
16.80942764
3.23940091
1.69020542
4.73573028
12.19874349
5.51703388
10.99078402
5.22562417
0.59890957
6.42962600
7.59073914
12.47697446
17.08029768
5.15001371
8.69390362
2.87890625
0.02535747
8.70269016
1.01451351
9.06753768
7.49713929
7.57575493
6.04207336
6.97841908
3.07239292
0.55690506
0.48255409
6.34080494
1.56968708
0.42933144
1.57515132
8.05711186
9.91905724
0.00628662
3.71962323
4.19376773
7.48060034
14.75563982
1.62162940
15.88755264
5.64818093
0.81100801
1.16561960
7.17831006
10.79679743
7.26706532
4.20600427
2.48428601
1.67636836
9.76664769
1.60590107
17.43134544
6.54971286
7.10392689
9.82272965
7.38345329
2.66134128
0.67189038
12.18044022
2.53592434
1.21668495
3.66819260
2.79633076
3.48882549
0.31843563
5.52986869
25.47722829
2.91770771
2.28429161
2.37505596
6.25704441
1.76229447
0.48548797
6.48676945
3.55799222
0.41037241
9.94474360
5.24511220
4.11898700
13.80379211
2.18884308
6.55577599
4.85156250
1.34960938
8.34725081
14.02117755
9.58815519
7.14465855
9.32419590
16.29440048
6.47650100
0.67768395
1.89952599
3.13905822
3.98796016
10.79114361
6.05577599
6.38671875
7.05014475
1.54315755
3.78611245
5.35300712
2.70107249
3.38886781
6.70383159
4.39448083
11.63947501
3.07120789
6.33273999
1.22791912
1.45429359
0.47199624
6.84266151
2.97948111
5.27652622
10.35926764
5.71093750
14.78387467
12.39684273
16.29514281
9.31339539
4.81384308
0.90191143
3.46806059
2.16507231
10.73853945
0.02817764
11.19531679
6.51338223
6.69561004
2.69725343
15.05687306
19.19327571
1.91090287
3.97352089
14.82812251
3.07052346
1.74795462
2.51280724
1.69041002
9.72744251
6.26280724
1.56499737
9.22839914
0.45420267
7.90951546
5.72316974
4.25307236
0.90267801
8.02852518
3.22623283
3.21522496
0.34088070
1.19486481
2.55459095
1.69737402
4.69627721
6.73440506
3.05638672
2.00863101
2.43785115
7.95760624
4.09240477
3.90625000
0.19950102
1.47466302
3.06358557
2.66675296
3.88793454
12.21709081
0.73067847
4.11612783
4.56925116
12.26895626
6.92162040
1.68941808
0.34166466
4.76953554
4.49124779
2.19295171
3.39619903
10.92046182
3.51063026
6.60892731
1.61453208
1.17475427
1.28245041
5.02186558
5.44992603
2.98066185
4.31743109
1.14786036
2.91841644
0.03114319
0.23917633
8.33582170
5.02766123
12.76538758
7.24244708
3.80039935
1.74549909
8.13780724
9.98719276
3.76671349
5.18469083
3.57952529
1.08159893
1.74164326
2.28167217
15.13627106
2.70139572
11.17008422
6.17790531
2.95778646
5.35937500
3.50195312
4.03816711
5.76185188
3.26312180
4.50023729
2.39519919
9.86667401
6.12877895
4.01857006
2.73187763
4.17405197
0.57217784
0.65487294
8.76831546
4.63466908
6.79049715
2.52417982
7.86052928
1.72736134
12.60572979
9.87365047
3.00102484
1.14470682
0.74910884
9.17510652
18.23801515
2.02439439
8.65496842
2.92280260
0.66899428
2.92226119
7.15001663
8.04426889
7.43301876
2.54793828
11.12066323
1.77342032
11.15294022
2.87376274
3.87024366
10.35224900
13.54829677
6.26797789
3.20022606
3.81378879
8.90592240
14.82910198
3.90949966
1.42405197
9.86289368
16.23222454
6.28915920
3.82966340
4.28416209
2.10527746
3.99628117
10.77227463
16.31406347
0.73176571
10.77843224
1.38058334
4.45562656
1.70036015
14.62480690
23.50976562
6.72121554
3.45822804
2.26648880
1.31409768
4.97624210
4.10924770
0.59051529
6.67671276
0.95159220
6.72981875
4.45773784
3.42888436
12.72057943
2.21746481
0.03133137
0.93050321
8.27317002
10.48014835
4.49058123
6.36539457
10.01632944
3.51389572
17.29969276
3.52420559
1.73187763
0.60808476
5.19151637
2.83244819
4.93275986
9.48540198
2.65628075
7.18903618
10.96670462
5.84816545
16.23547890
23.13551834
10.72396858
8.10066711
7.65714539
2.93196102
0.04894512
8.59349540
1.46806239
1.93799936
5.77827488
2.03487519
13.32145819
4.21875000
7.78288273
5.52049244
2.51581810
1.85365830
2.91406250
2.65256760
0.42552173
1.06435658
8.77907303
1.01964317
6.76778556
2.78863122
2.45435658
7.44062236
2.79296875
3.79988479
0.39933396
1.70062763
2.51453956
2.95097019
6.86244736
7.94518950
5.43871149
9.19405239
4.24626537
2.23069260
3.20280821
7.07994722
8.10092171
9.66688789
1.63903792
10.80117388
10.78103758
4.46728314
0.65037525
13.17568470
9.01578915
6.52034367
5.41978510
0.04485509
4.10168980
3.29188026
1.73255347
2.49112340
10.80923094
13.10456366
4.43918869
4.63172401
1.97522981
5.73972587
6.28373199
4.42795822
1.98104236
11.12224941
1.92435699
22.21258560
3.69467171
0.74450929
3.50451414
1.10903923
9.26780197
2.36686710
5.36877452
1.20554077
2.06409201
3.03553330
4.84872112
1.70807146
1.30989071
9.80891844
4.13466478
7.13917179
10.81920005
3.70353765
6.73103730
0.89795691
3.16079704
6.47086547
4.57754571
0.92094083
2.39028743
4.99980690
6.92251579
2.43500263
2.03028881
4.33680214
3.73306267
1.24566143
1.99404408
0.01551815
1.51215107
2.73152649
4.05654408
2.36449704
3.98133339
3.03707862
4.46205674
1.13811226
8.51997894
0.72325645
1.97711689
2.66627452
1.73954316
0.20392736
2.11756510
15.97899837
7.06505887
1.18079566
4.15330572
2.90906707
2.39722240
2.90887467
6.39030460
11.01844276
3.96241218
1.23746274
0.94384018
3.05751274
4.22547401
2.70725510
2.12932319
1.78233849
9.83656617
1.07781672
8.62765265
4.26785703
6.79482318
3.51597615
3.36372894
3.37103654
3.26661264
1.30961644
7.71484375
0.25116966
6.06480427
1.38454392
2.91878124
4.62505000
8.08952335
0.00462092
7.93280787
1.79445907
4.22905987
1.51019794
4.10687763
4.87359541
2.51221375
6.74011635
3.80644753
13.41252632
2.81121842
1.55109486
3.36251745
1.70335134
4.75000000
10.08593750
6.22124737
1.67198692
1.24836727
5.20416057
14.11815083
2.70916244
0.15113319
6.13954733
0.82193442
4.90266415
7.15484112
2.93465671
10.06980330
4.62377992
1.73557541
6.14904707
2.12249834
1.14257812
0.04803467
1.18600004
23.34514170
1.97988517
18.81663010
3.18615692
8.68159074
0.35990333
2.85351562
0.44268291
1.81347656
4.02323190
2.87334902
2.95639046
1.82594803
7.57566330
1.27190132
15.99819321
4.49436447
1.93915025
0.95429251
0.33143105
3.62844000
0.93718279
3.38879917
2.78896595
0.17262772
7.79644074
4.48388866
0.48433933
15.85753851
0.33156346
12.63563456
2.66962794
9.70158882
2.43356300
1.68527261
1.38724762
0.14794544
1.51910786
4.81704704
6.53451546
1.86523438
10.42751053
7.17296349
5.76063026
5.21057129
4.74340758
5.87371627
2.64810450
1.45256538
1.87069648
6.47988946
2.97505707
4.98142994
9.57325756
0.80466285
12.18376967
11.64074800
5.51556350
6.63748255
6.58984375
2.81835938
2.10156250
14.04405724
7.79527732
4.97624640
1.84119792
3.16950493
7.99077862
2.19726562
0.01783230
12.78951019
7.89171349
3.19974098
0.02328659
3.29773964
3.17437237
9.39697432
2.63177831
2.27430214
11.13335674
3.79935879
6.14368018
0.38608655
1.39861578
4.40013242
3.01171875
10.68942237
6.19684868
0.18918869
9.03020308
4.73151567
1.43629959
11.13063982
0.46055685
2.18926003
1.15570576
0.20723201
3.68221991
12.82146249
7.14292927
3.87598197
7.70089649
8.76690658
14.42801972
2.37672928
0.75745367
1.30934432
7.80456020
3.53701283
2.55276727
2.99595054
0.12875213
12.16997410
0.42469650
0.41270958
4.18550006
18.57489098
9.88793454
3.46804556
5.46076588
3.91103232
0.24037674
1.47103890
5.46484375
3.75248199
7.01985165
2.15901056
1.69940326
3.44851431
0.82345835
3.17011497
3.34528618
3.30014046
0.05581911
1.40924334
10.70117701
12.27288812
4.02984112
12.28710938
2.83949260
3.29168717
10.30033356
0.56268326
4.06250000
1.37829247
11.88523548
1.44170268
3.03233849
9.94031776
6.99490872
5.06346119
4.03378671
6.19440852
3.10665378
3.03387467
2.68726414
7.81281610
6.63523978
3.52571102
5.60937500
4.76863586
13.59797665
1.98450230
1.79656998
2.22912747
3.95200147
11.39170490
5.13299701
1.15636192
2.50488676
0.23540358
0.53596493
14.41897718
0.85836657
7.36994882
2.91475973
1.92307541
6.87954951
2.72974928
3.41601562
6.99859112
11.53829441
13.67383173
1.46810560
0.63446826
10.06876344
2.01639309
1.25694786
11.91252632
6.19358322
3.31570396
1.43810575
6.55859375
5.33462877
2.47457717
11.50130344
1.14874252
10.30507369
3.58990525
15.30469179
7.75803205
5.26146415
0.69203721
5.25890099
3.03211464
6.84906513
5.53711045
0.20428867
4.34048454
1.98253380
7.32159408
6.09663536
4.63676307
17.86097913
11.65272350
0.59773766
6.02430214
8.65892017
1.61134350
12.07570083
7.96605233
3.41579178
1.83616135
0.97767128
4.09938553
1.42947903
3.51203915
7.71875000
4.87641747
0.24123802
2.47938026
0.54980469
1.22949219
4.91079919
0.14719436
9.59299050
2.46733253
1.88130707
3.64229887
6.48063608
5.69189453
5.22317404
2.64097185
4.65842697
3.44422547
0.22471984
0.01392105
6.57921349
3.09515888
2.40823602
8.11661036
0.33911133
2.30151291
4.56616162
11.89920989
1.58255153
12.67779377
15.27165741
1.30805158
1.77713210
3.00126939
3.32162483
7.41169243
2.59307846
10.96173565
8.94214428
17.83915005
2.89131870
4.24609375
8.09378436
4.12105939
1.41428635
2.49402870
2.80587253
9.65484112
7.33394365
2.69644171
0.26074219
4.22752369
4.27043523
1.90265556
0.04450478
10.84461571
0.56858215
0.06965126
2.70618690
5.89491744
6.32348034
0.44954299
5.65888111
1.27509669
1.96679688
6.85800047
1.23454912
13.71171847
1.94321919
10.98783356
1.53714013
2.72967420
4.38524982
1.45667006
8.46106480
1.77777607
4.85655724
5.78624474
0.00790657
6.30118462
12.77529493
0.15283972
1.57269794
8.40471382
4.60470281
0.01242381
0.09089657
11.32774310
3.82866855
5.36452848
1.65245567
5.85937500
4.76671349
0.02832539
2.35556530
1.25326546
11.68250526
1.23936974
7.66678479
2.56454860
1.38800033
12.94706616
5.87977725
0.54405724
3.99804688
1.79673233
8.52650986
0.20130300
5.04148978
0.17219540
10.71030100
8.47773258
4.05951629
10.57219193
6.51370263
4.50857630
1.12350462
0.58988413
1.99665766
3.72614126
3.26280724
7.23296612
1.84581505
0.31865948
1.94960855
3.88456892
3.51027912
10.72172581
7.11891678
3.49495235
8.19081837
0.48533127
2.01969145
0.99137114
11.07812929
1.79090370
0.57242922
6.80078125
1.50195312
8.07594803
2.50694786
15.28970329
8.52616911
5.12651041
8.99180990
6.75319537
5.36732339
1.52254890
1.07695036
2.22801141
15.91265791
4.73648188
8.32102124
0.46120533
6.65672346
6.94977227
3.48616578
5.09048454
7.05263783
0.42474873
1.32324219
3.87996399
6.74111911
5.56844733
2.30739721
4.62807236
8.45005264
8.53695347
3.99986626
0.57866924
3.84524061
1.64991716
6.06012993
0.01110077
0.26418964
0.35492039
11.64408356
6.45113898
3.35996752
5.69486481
0.94185394
10.26183067
2.44531250
13.05243476
3.01006524
6.29469803
0.15048226
5.25531513
2.58392841
1.35156250
14.19827474
8.25289713
2.63191711
0.89689148
8.77190132
5.21888159
4.04437334
0.15270996
2.71938581
4.78778698
0.62004478
4.76235954
2.29396928
0.15356078
2.07293717
5.09288536
1.54240913
4.01786562
0.86441801
4.82530724
7.95703554
3.78279193
1.81895937
3.06903092
2.49327599
5.38921612
0.10028829
8.77849589
0.81792706
1.50868113
2.57537372
8.54892038
0.34985352
7.80728142
1.16969803
6.82325756
1.84038799
5.25512633
1.68932153
4.93084178
3.94588749
7.30859375
13.85297138
1.73807278
2.75672401
6.78182929
4.71208749
0.56206152
5.45837004
7.21202599
3.38239736
3.33374335
4.65740428
3.72931447
5.22265625
8.03483585
6.37704967
6.29514572
0.33813477
1.27061974
3.96033175
5.30974374
0.55277533
0.10048903
3.77625526
11.96290085
2.46374044
15.42352560
2.98311558
4.81422928
3.66841644
8.73469754
0.04791552
1.90234375
12.98230539
5.54286139
2.04905197
5.05171061
0.00281415
0.74158730
3.64794839
8.33892397
2.69679632
6.80074689
2.44207779
1.97763561
5.02061406
2.38118545
1.60080978
5.86436974
2.16102089
3.79195894
1.09866606
2.38041168
7.24871842
0.17035419
3.01298918
8.99164395
5.08465592
2.58683289
7.08267204
6.31788952
5.52739666
1.30784103
0.74943915
2.19409311
4.79296875
8.99270099
3.39497894
0.10432446
6.76572945
1.07617935
2.47092989
1.70526831
7.80904144
3.43750000
12.78035461
2.41268437
2.10934356
7.49958804
11.78419077
0.60611723
1.18511456
6.23149359
0.75803635
8.32031250
0.02877296
4.17309010
2.31669658
6.85746766
0.94462593
3.52712420
1.64137342
4.48059605
2.04838043
2.30372631
2.04047138
2.12445576
0.00699871
0.99432753
6.98877327
1.10516622
3.87365692
4.09682236
4.97491440
3.19063816
1.42190575
10.44467600
4.96080591
13.53676368
0.89966828
2.98458999
5.79459496
0.58946739
5.12391151
1.12823471
19.49199440
0.97577903
0.79656998
7.54036219
3.67218251
1.52783134
3.46615677
6.09429217
6.11382756
2.53320312
9.58853502
2.94095495
5.33286514
2.36017814
8.73014406
3.65964705
9.90912789
2.83650322
0.62337793
9.89062500
0.13074698
4.77522828
2.10666237
1.16684522
2.56764849
1.59289616
3.14925559
6.32966118
0.22699482
3.58099050
1.51914885
4.47689716
7.02311710
3.04216991
5.38024933
6.19816209
10.39980218
2.37605413
4.50524933
10.05596908
2.23136414
4.61239874
9.33003449
1.60572335
14.18117615
6.45914089
0.85802208
2.60527303
0.02817764
19.60457336
1.17045074
4.00602034
4.53483294
2.63130707
7.11987796
6.00288141
0.21147928
10.92320724
11.50742631
4.34612007
4.40599540
5.61041306
1.16894531
3.37564079
7.50973487
3.02932763
1.78043364
2.76287089
0.53181969
0.09521484
1.41487885
1.74402870
4.57140099
0.95224499
0.62221728
13.45785454
13.84589729
6.21128124
7.49684896
2.03538010
8.26690658
2.85635916
3.75223780
2.71484375
9.54008948
0.53592219
1.06711069
1.85308331
0.37695312
0.01247406
4.34752895
6.47707891
1.39846534
5.38044243
1.09082031
0.03302002
5.39907829
1.52490772
5.18160481
1.75976562
1.94238281
4.85438026
1.97387311
0.15881732
0.45654297
10.84782435
2.62070181
12.69930602
2.43501191
9.36808289
0.12721217
5.60272108
5.67295704
4.48488634
7.45319080
6.72873947
4.27855954
3.37653618
2.45789589
7.91143783
8.19681772
5.83388353
3.21763437
2.50860774
10.35591644
0.01616665
3.73264572
9.45005264
2.72239237
5.52046667
24.71660004
5.63195144
6.58094276
7.35688193
6.22431973
4.20677236
8.21810921
3.30273438
1.90780891
5.87282303
5.59720856
2.41668717
4.15638159
6.09964013
6.78125000
1.69862409
6.04503380
1.87280765
1.86358627
1.67212960
7.22797568
7.19108156
10.80968224
0.14930214
1.34776817
3.49494371
2.90432402
8.26357962
3.49314439
11.47873947
1.11893215
0.60991924
8.77972670
4.00773811
11.34667436
0.16976486
3.76879391
8.42392467
2.89475510
7.61846908
9.96918646
5.80557381
0.07021059
6.82900793
4.62795074
10.78886296
1.03928635
0.78347525
0.00957741
0.10472618
0.64328471
6.29700230
3.79082253
2.05100510
10.05750526
0.83170531
5.13856106
6.49604222
2.41002895
15.22471638
17.27639545
10.80089535
1.94411209
8.90913571
2.78422367
8.25998947
6.51467206
4.41194274
0.33247645
0.40415545
6.20203222
3.53642748
0.27494345
7.47944177
1.96127327
0.60329178
11.53297928
12.47704746
3.20892494
2.05599124
3.89670822
1.31542969
2.91835494
10.03011109
2.14079289
1.50640362
2.03297928
5.94044721
1.68748248
3.55036682
17.95594276
7.20030724
4.70844013
2.23478266
8.06768569
3.57394053
1.22054293
1.34246565
2.35655724
10.66894531
1.49809480
0.61199232
0.42555740
4.62500000
0.27599083
1.25197219
7.27018201
6.33781070
3.72419243
4.67900589
4.62282303
3.72483322
0.08720732
0.70218580
1.01042179
5.06054618
4.07572487
1.30544022
6.10394171
1.74112976
0.15392565
0.54108894
8.49495733
8.64984638
0.03063953
2.05772911
10.64062500
2.72923443
5.60550449
5.26498421
6.15874737
3.64530364
3.81499307
9.55936184
8.31724014
15.13076712
1.71887300
0.67664589
5.87064606
4.95341756
2.89670531
10.29495263
1.42959095
6.12813816
0.16316618
9.99734638
2.30815104
7.77106958
0.91996031
5.99859112
6.46363517
2.36430103
9.70933337
4.44070181
6.76421612
5.26562500
1.71982311
4.31053330
4.24601078
5.11187237
4.25000000
0.01374817
4.74013997
1.24049855
4.58088998
0.55181377
16.87551779
5.81560358
15.29252106
0.45672561
4.19582170
4.26902205
8.50050920
1.17913093
9.02598778
13.06595856
1.48391747
2.45376579
5.24263519
2.77494293
5.15543310
0.12833979
0.09533691
10.76255264
2.23069260
4.95142089
6.98752175
5.85757134
11.51844276
0.38502514
2.39984638
2.42442244
0.52983163
6.67315658
3.20269698
9.47028189
1.24317944
2.32812500
3.34765625
1.89637245
3.88649490
12.12704967
5.54764309
4.23482269
2.89766941
1.61781292
18.23309342
7.38008636
2.00072016
1.10546875
7.67616744
3.56429293
0.80592635
9.03406776
0.33238731
0.75447570
2.26498421
0.60074614
4.31576761
1.09587655
0.91910212
1.35583545
5.94442278
1.27734375
3.45789589
10.48626885
4.11853615
7.04581228
2.82544381
1.69905640
10.35220329
7.00608322
1.68261719
2.74504460
0.70849180
9.80932679
3.65234375
6.82562763
1.32574009
0.08674564
2.00877579
1.72847804
4.74077862
12.35719803
1.00161735
1.52907303
8.72087191
4.04520078
2.85023387
1.20811820
14.42623753
7.74782303
11.42023876
6.06363730
0.22505899
6.18731549
2.14330688
5.74257799
2.05071116
9.34720856
0.02338677
0.02253965
0.82914984
2.64580300
4.74468487
3.39626053
5.46516415
6.44953915
17.79392994
9.63870263
8.65831685
9.34590979
7.26327211
1.29763021
2.50326546
7.70536347
0.68956505
2.70872978
2.40055297
3.89875790
2.09134489
3.03176779
1.62459414
1.00368240
10.05035247
7.86528050
2.68196102
11.00499474
6.22938026
6.85892731
7.82076019
1.23508713
2.59852089
10.25890099
0.50020078
0.21111799
3.72841908
7.79335494
3.13497887
3.27519753
6.72765099
5.63454178
0.29003906
2.31250000
2.78262813
1.82978848
7.53624474
1.16547138
1.77166601
9.81400183
7.35341908
2.82034048
6.12340017
5.77436157
0.06029435
4.21093750
1.88964844
8.69573845
0.24297003
11.99858682
1.85828651
17.84447239
11.88483654
2.77196389
13.06595464
1.20647447
6.69130970
7.68564342
2.85284408
3.34557368
0.75857290
5.84193069
2.10771359
5.44834812
15.36949607
6.67270459
1.96822113
12.16265362
7.63031513
0.01180012
3.72742714
11.60540725
5.36961907
6.25719103
14.63852456
3.53708485
5.27363060
0.74658203
11.27337385
1.22925082
0.52607969
2.24341763
1.82356577
12.16662996
2.53748698
4.34624737
0.86487339
3.02837073
3.27631677
1.84234232
1.99793882
5.85982269
3.95293835
2.59905869
1.78879038
1.69854935
0.69739846
5.20347241
8.30569301
0.89746094
4.88300560
3.83923896
2.83127313
6.26985165
1.01185352
4.07639572
5.51581810
10.34234112
2.27064121
3.95668938
3.70312500
8.55968224
16.02420559
0.25984572
0.04936852
5.59906513
3.37804161
6.45485857
2.34092794
13.32940658
9.45517897
2.63837794
1.65863974
10.68237367
4.73597483
1.99441275
2.89241080
3.83283937
2.04905197
8.52100593
3.61267121
4.29079178
7.18558192
3.10152745
14.90596680
0.89960072
0.77811240
0.89186544
5.89946234
9.68256891
6.63985691
7.12749737
5.71266678
4.45773784
3.31201726
5.51063026
6.51248684
14.58581020
6.05942764
3.89913979
6.29636366
0.61285662
1.07857269
6.47125166
8.94953485
0.65895584
8.73877687
8.30941046
2.39453125
5.40095185
0.19622626
3.63171044
5.32119071
4.71484375
7.58420822
6.55552139
2.79652939
4.43327335
10.98078915
7.01383207
13.08382418
5.41579178
18.04264835
10.24898590
3.99416279
10.20775072
13.38941912
4.93743635
6.34887204
0.51026928
0.22610220
3.46875000
1.27374252
15.84682666
4.58612630
14.27463542
4.69280440
1.22332565
2.50419589
7.53728703
0.68353439
0.98294860
13.41149933
2.53854901
3.83673000
0.14063103
3.72288010
2.86888603
4.85854111
3.66201497
5.95971957
2.05209358
10.19375470
5.06226250
2.17355489
6.95594276
5.48936974
1.54023701
5.80062389
3.39843750
0.91721603
11.92751053
7.30718487
4.81563816
7.29341644
1.04794811
3.95693470
0.27683518
0.34906513
1.06192501
10.93535378
13.78688553
11.57748421
3.58398438
5.72233585
0.00450897
2.72454898
0.73975052
4.04708777
6.00857630
5.16393950
3.27778715
0.03072613
1.81651817
6.47100761
0.11932442
12.25134523
3.32173676
0.64545185
11.95165247
6.47233585
1.73691961
1.83979651
4.82759939
9.96146311
14.74951172
0.67469276
6.46311447
23.94434673
3.61781184
0.27007165
8.75128158
15.45605469
9.85867825
4.78765362
7.17213604
4.31832218
9.71478225
3.64654588
11.68694510
3.41352892
4.33279006
5.90481965
9.32031250
3.11632501
1.40008346
4.15516151
3.97960411
7.78618753
6.03575770
6.80078125
0.01801731
2.48482269
7.38950607
0.27948505
0.26509059
0.85816475
3.89712517
6.33494449
10.46692525
11.69755312
0.03467558
13.54652278
0.18260320
0.23047890
0.10027062
3.71300865
1.95191849
2.44083664
1.67650321
4.79322335
2.78297928
0.58376787
4.35801474
10.68609112
6.04373684
0.02709961
3.92556492
0.03166466
1.03618199
0.49615650
3.94242458
7.73038578
1.84001718
3.38976036
10.91329441
8.42264309
6.47808304
9.14333111
7.29155987
2.55327862
2.85175774
4.62531825
2.08299244
5.79572072
0.01297001
10.94481619
3.54237658
3.55712337
7.25439689
9.79004225
3.71711727
2.42123421
0.05499268
4.47406513
4.15874737
1.88989941
9.86717032
5.04457073
7.30641463
6.29866793
0.02330013
7.21653300
2.33815450
4.81749474
13.18673191
7.78013398
0.07100634
0.99658203
13.12192570
0.05578579
5.15842697
1.40198769
4.03938290
0.94461575
3.36241661
0.96863808
1.73339844
7.91040379
7.17844733
4.92474473
0.39154148
3.48850510
8.01991744
8.11281603
3.57527434
1.32790115
10.85215448
0.06978155
6.15458652
2.91367631
10.28906250
7.44154089
2.53485372
12.57787040
4.40618420
0.32769499
10.65303316
1.34527081
3.09973990
6.53256341
13.69364472
2.20421349
5.36959681
0.02394773
4.11609901
3.80494425
0.06363692
5.39453125
1.44422401
0.06695373
0.16556225
3.01562500
1.40179951
4.87813816
2.76648285
1.86221493
5.80581425
0.62256091
10.75070444
0.73840086
6.69313553
5.57640431
1.09385333
1.50135292
4.85265099
0.51025391
18.24820922
7.36812379
2.24862616
0.21237190
1.79367104
10.58311974
19.93314606
5.10675033
6.14715592
9.26709753
9.50832845
1.07585148
6.22073388
10.19871170
0.52600960
1.82053635
11.31199080
5.30775986
3.74665088
3.84431211
2.25931793
7.78532936
1.37268035
4.95901513
12.36156639
2.90572639
4.06897800
10.75933580
0.05444843
5.88127632
14.85835661
0.79300809
5.32657379
0.21649923
4.77734375
5.88191711
5.00806710
1.82136636
3.45324080
8.33183815
2.07116357
1.98048232
10.07172568
9.29948000
4.20030724
5.73828125
2.71289062
0.97449745
8.79188026
15.53202239
5.82459081
5.18430034
0.28999848
11.75060682
0.38944873
14.76127106
4.89581283
2.64744556
1.64705937
6.17046612
3.97496052
8.60796612
0.01772556
20.50557403
12.73898354
12.22862076
1.31306641
7.26581810
7.66043017
6.92704351
10.49001053
3.96833306
3.55945839
4.56944786
15.80005005
2.00694786
0.93630728
0.09420015
4.51626579
7.17898306
0.25532282
16.26059951
13.04626212
2.89235711
5.33850067
11.66406756
23.29506781
13.44711463
2.13220246
1.12120567
11.84165033
3.93324694
1.11054466
17.06093244
4.33900557
11.17162470
10.66623518
4.33228585
12.03791681
7.39945589
12.87605275
2.81070991
10.40189606
4.13025148
0.40790579
8.31199939
6.39292927
2.69328499
10.41432569
7.52535128
9.33824607
5.18519143
2.37596978
14.49422858
1.84855164
8.77828385
5.82110168
1.50499474
11.18635001
4.80865525
6.03929120
4.20815547
8.65074607
14.66130839
9.40716354
12.88333029
10.05086367
5.60687763
0.02467854
0.29174805
7.71875000
2.51540115
19.84511705
4.15826033
9.00122008
15.60424867
0.11207069
2.15874737
5.09993982
2.15982581
4.26030987
0.07281494
1.68226112
7.58702599
9.07313026
1.83007812
0.34250132
7.12058133
0.11863835
0.15996807
0.10440493
8.78547235
6.25032040
4.37235012
0.81199634
10.54790198
4.12160295
0.49231418
4.55679868
11.21078468
8.02376219
1.87958887
1.81933594
9.85591644
2.22045067
0.07514243
3.78786286
3.63945921
8.17148881
0.96435547
12.00487603
0.12724464
2.04333957
3.80336653
2.06613585
14.95800103
16.74916349
3.62697237
4.54123947
5.88995292
4.44698143
11.11386054
5.40490262
4.07172138
5.44511940
3.35951929
0.02061270
8.92726022
5.51260985
13.36027039
9.47067237
4.83183815
8.65689079
7.02170822
4.00000000
1.25379433
15.84010985
6.68153687
9.51850289
22.21365803
10.20405751
8.34899933
11.69313553
3.78054771
4.35226479
3.60336187
4.34328326
13.11155197
9.76562500
7.05359901
9.97715759
9.09496717
1.74402721
2.22915642
9.01575659
1.09264184
14.64375637
7.62870456
2.92968750
2.29923969
0.79789215
2.90322045
8.78371010
5.20920822
0.51102691
5.39997368
6.90362533
10.53560394
6.61063989
1.34896498
17.89488600
12.68260542
7.29815129
4.89209676
2.86632286
6.40304819
2.94764967
1.44933067
8.29533882
3.54809079
0.31292967
5.24454254
1.54365782
19.96645002
7.82389406
2.44079621
8.02780003
5.69376773
3.02843224
14.04879737
0.81008934
0.43941699
10.36974637
9.27684724
0.08887664
2.93111346
2.32659587
6.88095592
5.27823914
2.58038744
6.46509405
0.76714581
3.23220554
0.17331204
2.73247669
0.97648685
1.47501627
7.68487748
17.14107484
18.42170282
6.31511421
8.62487270
6.21868420
0.75775654
3.98459885
0.04803974
4.39408356
1.03853363
1.41460674
7.07018520
2.85140230
0.20971434
2.73850510
6.61910987
4.46564580
5.64477941
3.15144621
7.91950493
5.85246004
4.13972746
3.68314606
5.73546349
6.76997894
2.24405384
2.44297817
12.56676231
9.75640362
2.32844540
1.67389392
0.98137952
2.23546349
7.27049757
3.61724092
1.99716901
4.18394267
2.15039062
2.16796875
0.58268742
3.61805214
5.56217960
1.08841021
2.01803510
2.08744293
10.73091644
10.61511519
3.98793010
11.43890888
1.52471694
1.01697023
0.17733772
1.29601036
1.25983572
9.41041300
8.31102317
3.65739999
0.78053787
4.02702335
0.23685269
4.78752202
7.13607796
3.53781382
0.23427076
0.26196289
3.39680477
0.93462627
10.90189606
3.75544243
12.61975067
16.79886656
5.42930345
1.26487228
9.26613295
5.78771957
9.28739472
1.72310394
6.71711080
2.99217891
5.84874474
1.95507812
3.80164589
2.00406645
1.69026949
0.89821365
2.40560921
0.02434288
4.02904824
1.96172484
6.56102532
1.66537483
1.63476562
4.30634052
2.82700576
5.06557236
10.26485691
4.29908380
3.46698890
0.00696564
0.16980995
3.81311004
1.12254876
1.04437763
0.69605843
7.96941295
1.87402344
5.72003158
4.10809342
4.78836880
0.14047436
11.05990823
1.47123061
4.55052588
9.20056183
18.93096908
10.41509807
4.73494141
1.52130665
3.31503172
3.28502535
7.71180214
2.88114902
3.13684605
11.59170033
0.01058457
9.22797138
1.02539062
10.96439606
2.69659838
0.90334677
1.16188553
6.57441185
3.41377466
5.51881178
0.76788869
10.60386677
4.33684363
0.27886857
2.47768174
6.33640487
3.17542581
0.22765099
4.37322210
1.73765833
11.00845690
2.70248060
7.44090564
9.54532594
1.21722919
1.41265362
8.82018520
6.34389877
2.49854250
2.60671598
3.73456380
4.76812237
3.12222797
2.15112796
5.56403618
10.05008957
0.02837624
4.38146942
9.23837960
6.45425781
1.13334137
10.86283356
3.96042401
12.68532732
21.35613247
3.34351674
6.97997811
6.36974083
2.38110352
2.75922138
2.18677416
4.62908784
4.29669889
0.07715159
42.19422401
7.02875263
6.55103800
0.69229395
2.93577072
7.91398955
21.83936477
10.57724096
5.35189854
4.84150585
3.73661915
6.32409436
7.03028590
26.24528736
6.08908485
1.55714802
6.63697432
0.13795472
1.29545989
0.52999986
10.17698166
5.65580231
2.56490082
0.29451369
0.46945313
1.40429688
28.98732865
9.40785876
8.70530780
0.91719483
3.18439903
0.11620803
6.38874733
2.74600399
7.42341118
3.23341381
5.07639572
2.38031513
5.34953859
4.82374529
15.19352172
5.60617104
4.86193817
5.66201432
13.81599360
2.09186052
7.14465640
6.22547401
13.64818290
4.95100953
7.54310034
3.87791002
18.00390625
0.84829704
13.54379052
4.16932395
2.17859901
7.79917912
4.39594013
7.17578125
6.27734375
5.39773521
2.25124654
6.41828915
10.88498947
0.40234375
7.43641151
4.88063553
0.95616661
16.93275955
4.40272925
10.41889558
0.09717796
3.97896332
9.08231395
14.43148687
3.00247091
2.69176668
10.12320922
13.33325133
2.38329095
14.25935727
10.32721673
4.29828388
3.37932319
6.19352172
6.49692334
18.75525363
8.84826629
7.87852006
8.44185394
9.88102172
2.07712877
14.26588943
0.76167816
21.90565748
10.89414720
8.15325613
0.04888216
1.79492188
19.01812237
3.69202917
15.78680685
1.63976036
4.61744639
7.85341340
2.43798412
6.82216908
1.14898174
0.07320145
1.09776817
1.24522911
4.13570358
0.13897492
13.10373947
5.51576518
11.22428219
8.53902032
6.72363814
11.30379211
2.13143437
8.40484112
0.73110954
17.48586041
2.30451442
1.00195312
0.01655823
16.64447834
16.14659883
2.64800974
19.70442625
2.32165344
5.21285891
0.09063095
2.24009632
7.32855122
1.06393963
0.92474319
5.51511580
3.60450327
3.70270806
5.61821663
1.07452225
4.92443817
11.72861217
25.10735608
16.88970315
4.66761009
5.31182738
2.37022911
10.41367742
6.71688123
7.48456380
4.10764572
4.99273174
3.41143783
5.38217171
0.51492825
4.35084913
5.01639309
8.34375000
3.55507262
0.11241800
10.47157511
5.39720883
6.87595689
4.03406776
2.26069991
6.10201019
7.53995789
1.44933067
11.88563026
3.71708583
4.46564328
26.73687237
4.78720343
5.68838251
3.77539062
2.50682056
6.16010763
3.64220980
7.16047665
7.28776554
1.64246620
9.66547138
4.24308718
3.37128255
10.44851431
3.02891283
3.75445049
8.27811399
7.84714491
8.98773202
3.29434757
0.19665527
3.78961689
6.53906250
5.51312763
4.75954178
9.51707752
15.31975475
6.21276395
2.58539326
2.41403175
1.07218445
5.99218750
5.64500471
3.24389101
2.03515625
1.77184041
3.02280169
23.03274844
14.60445859
16.81358849
1.47340897
11.20094803
7.84595749
4.57140099
8.52691143
9.48219803
3.94108585
3.58203125
7.06163536
1.62054951
7.44195049
1.41827377
3.31096382
17.47182236
4.14952599
7.29924507
13.57133948
4.30097220
8.43000575
7.78600732
13.69791429
1.81366536
10.54482533
6.95985760
2.89655125
0.48875003
1.74414062
7.53376884
14.53984846
7.60418717
2.14836741
5.82361661
0.76902953
3.14204109
6.27746384
3.57975773
1.51019794
2.81347656
2.28032171
3.96718092
14.76127106
4.81250429
5.42897876
8.33311974
3.01816877
12.14664367
3.85236134
0.87620041
13.20932958
1.82782677
6.21299361
5.97035842
6.63696047
9.50051349
0.93123906
3.66308594
2.66502369
10.87730857
16.57158979
15.02766415
11.48219803
3.48434210
6.30398306
2.43267433
6.12734860
2.83843487
5.95767204
7.64352789
2.71328824
6.98298703
11.08376053
0.96666958
9.99449177
6.20203651
7.25998947
0.04486084
0.42920795
0.49463032
3.77638118
5.41502507
3.63867188
19.10397191
3.74032233
17.07518853
11.31038578
5.92078651
9.11655100
4.42968321
0.09582520
0.34987596
0.02208243
8.45628893
1.58559134
1.82617188
11.19020584
15.09330738
3.88425213
1.01855469
8.78688553
0.26489258
2.48943983
4.33823748
6.70856743
4.11670937
2.02343750
8.36309674
10.35283549
1.21277870
10.70024359
0.12141169
13.17060201
9.88895293
10.99437985
3.52609721
13.81519046
4.84064152
0.29140351
5.11001579
5.10514835
0.68341049
5.04976715
3.18777676
2.81682319
15.43431752
2.42518478
3.09375000
2.25390625
0.00469463
0.59515888
2.20980718
8.96643160
8.95184342
2.40147911
11.51847048
1.40433012
13.74462337
5.30378782
5.62604446
0.02254059
3.56227615
1.60362755
2.93443623
7.11775391
9.06073318
8.73244404
4.20530197
11.81314079
2.26623504
3.42561890
7.97963701
2.31442023
0.06451923
2.34118652
12.53125000
0.06798809
10.09016276
0.66099551
3.14026526
1.46929424
2.04675075
6.73255627
9.41905724
3.05750526
4.58645099
3.47073388
0.92963154
3.63472130
9.02879696
7.12173454
2.00489819
13.33734638
1.92187500
0.02270000
1.57678192
6.92853322
2.20594276
1.21606662
5.31647987
5.16418765
9.75226405
0.02931019
0.57028068
15.25508201
4.05869958
9.91163952
16.23257563
17.70875132
14.35916528
8.61564702
8.58426972
3.88303635
0.00856270
5.26671349
9.59157303
1.62092857
4.11312604
0.01183575
0.19755035
15.70248421
4.03515625
0.78850711
0.38567708
6.16406250
1.51143215
5.03668384
8.27343750
9.43609112
2.75499474
0.21635433
1.97558594
5.62608849
0.13476562
1.84676086
5.76706463
1.29111217
1.59342960
3.29919645
3.03142592
10.87000526
1.48810782
5.53131511
7.16882978
7.01997894
3.47316974
3.89497894
12.12526319
2.84361411
2.84439079
4.11366461
2.34554362
3.61469013
8.23860165
9.50000429
0.45871565
6.39300795
0.03673551
4.16156513
4.58984375
0.76769005
5.40625000
2.93717953
3.75445049
0.70062209
5.59912663
0.80115761
3.53624474
3.40625000
0.01550800
9.17802402
6.98322072
1.23197418
3.68458569
3.36088043
0.01338207
2.09070839
3.50506483
1.56989341
1.25371101
2.55571629
2.84683594
12.20031153
2.09307416
13.69358322
1.23264572
17.23419770
11.30907236
0.46610906
1.58105469
6.48207502
20.31223619
2.24375443
0.03717269
0.07253037
0.02745056
0.00637817
0.00576401
1.68662830
9.46580494
9.48437500
7.43186447
3.95957225
7.23769337
1.51049758
6.53744695
6.67569828
16.06224540
4.00082959
1.12229845
6.92392038
3.46657303
4.35016842
5.11330840
3.72252466
5.55283092
2.62552530
0.27503321
1.34690353
1.75409443
2.43519573
24.89916058
0.05959160
1.15706207
4.61555370
0.45402146
0.88465370
7.76953125
3.16557403
6.83649102
0.01516777
0.95276421
9.20671085
4.22624210
0.98978973
14.74025654
9.93480954
0.40406811
2.82348356
1.40416743
3.56579836
0.61980448
3.97492977
26.78418578
0.51131289
9.38667941
5.00607463
7.67238849
0.86131275
7.77586907
7.09983322
10.23412040
11.55212433
8.36219276
1.41481522
8.37666778
2.35120706
2.54424715
4.01205770
12.64248158
1.38995346
17.61770958
15.35936641
3.60324745
3.80261635
3.81390888
6.98844415
4.29620844
21.66071587
5.22915642
1.78049728
13.59938553
10.90768269
7.13968012
6.78239999
7.25057714
0.36845156
1.45996094
5.14584435
2.59656700
1.67968750
3.11643478
1.56818595
5.98757466
0.72293606
6.02907303
3.40621925
8.76869736
1.56847130
2.34093224
1.50888561
12.88140362
1.76389572
4.40298454
5.52190132
2.95901513
1.83864334
4.74897731
3.38274670
11.15701809
1.84640757
4.58154138
3.07736619
10.97871409
0.66484060
1.83680214
10.21214332
1.31465619
6.09032400
12.69429570
11.65836332
4.08773043
0.76512903
0.59896858
6.54296875
0.35413612
3.73226382
8.22758519
1.46929424
0.78385929
0.01076508
2.34547928
0.93395903
2.03178995
3.39835259
2.07816932
20.80033356
7.49090592
8.18023174
21.97948540
10.10159727
3.44829046
15.86411514
15.41425345
3.73053240
2.73242188
19.12834414
3.82414436
10.44737076
5.76029698
0.65625000
4.05149955
0.02460621
1.30609638
17.25534270
7.33294949
10.80366481
3.36183732
6.99782303
7.62432562
1.52628885
2.97547401
12.09061184
6.31691974
8.52343750
7.46465065
1.68468224
9.99423717
0.42508450
11.52907732
6.90061018
10.16319786
2.05683372
5.91905724
3.05254128
3.36614205
2.61370456
1.48956924
8.78955452
19.98504654
7.41522967
4.12946836
3.67795822
5.54534741
7.93966838
5.96702072
14.50998947
0.38663204
6.23494999
10.70729707
1.91936102
4.58702599
7.40650675
3.02577467
13.48634530
6.38670157
6.91816185
1.85809771
2.97015459
3.36904408
19.33568290
2.45923897
4.59547928
4.43295296
8.88884906
0.19635602
2.13098565
6.32789256
6.40938816
3.95616661
3.40125526
1.05510444
1.94185394
7.92975330
9.01146200
5.22150197
3.66636785
0.19040555
10.14344276
0.88758339
6.29952543
11.78878213
3.90865082
1.24522911
8.89375423
1.34501826
3.24154241
7.53192085
1.37343376
2.54354374
0.62244667
6.35687763
3.17547159
5.19421328
1.46082558
14.38911029
10.81460337
3.86249934
5.60546875
9.34413619
4.04188456
2.22530737
6.69102220
9.92964103
8.38519614
8.01404001
0.04289557
4.98828125
5.21894310
9.34985631
0.37573242
0.50666805
5.52670511
2.96196019
0.43178929
3.16486242
4.16050920
4.12952986
0.55044548
11.49859112
21.98373421
1.14898174
0.00878075
2.60133865
8.85444077
5.39062500
4.52484638
4.78272468
1.02086076
7.80415683
0.84266151
22.72982796
5.37093355
5.32761366
4.97278355
1.93013270
7.78976909
3.07154615
6.63460757
0.83882660
5.56912639
3.83401620
1.32894136
0.74674223
5.09903331
0.09536367
7.96043260
1.13331740
3.32421875
18.39766941
12.18546321
2.28860192
17.25563553
5.18903618
1.04448956
8.42885989
3.63562597
5.49001053
6.77612796
10.43221562
5.45203651
4.96875000
0.90380859
4.97643735
4.11731265
7.38464747
8.41466894
3.62586464
14.58296820
3.29312028
5.84266151
1.80761719
11.63780724
17.12218224
4.18250526
3.57313026
6.04252106
4.28438324
1.72167969
8.46439606
18.73485900
0.28718023
5.39594013
3.00890099
4.71927833
0.58273436
10.57405867
0.31555448
1.27636719
0.03497822
4.54969276
6.68514711
6.31767065
4.61057541
9.43007369
15.21618683
0.33723938
12.36923499
1.26187895
8.85642994
4.35140376
13.60568366
5.75091416
3.34202072
3.09211727
0.87157185
1.37279262
0.02304584
9.00976562
0.73963292
1.96783065
4.89632418
7.67469276
2.49679819
4.75303146
8.71650607
2.18147335
0.09985383
0.01879883
1.50766561
4.08555345
8.22656250
2.92510971
1.34728797
0.37649308
0.89204926
0.32852934
0.80941011
2.61022821
0.49719366
10.41406250
21.09107712
6.34753325
9.83709359
4.65168578
1.37656264
9.50012730
2.18922928
6.65381843
4.95581370
0.73434172
1.62413536
9.96990858
1.39945804
0.73696677
1.17073291
3.59573388
1.63129169
3.62749737
4.37000526
1.85503643
9.00569918
3.66086069
4.32742056
0.95730337
0.17114258
0.00807953
3.54242451
0.05889385
5.11212352
1.13992921
4.11881057
0.56618902
3.75662747
0.08849575
7.63469055
5.31606438
1.03288273
2.73476119
1.68809037
2.72851562
10.54828388
3.53547665
0.42061416
0.04591828
3.47008514
2.84189342
5.90669769
0.08583257
0.09745600
2.89456630
3.18551183
4.78906250
0.99238060
4.92968750
7.99590065
8.56615165
6.65125526
2.72697944
7.86257466
4.09819773
3.24564882
6.60329178
6.38211021
3.92065921
1.37954275
0.38563026
1.92191921
3.79691212
13.02216021
3.05876860
4.09536624
12.21364514
7.10807624
3.34679161
4.53216042
0.09015403
1.76148098
7.27910662
0.14620027
6.94921875
1.82489014
6.39291366
3.50176003
2.99804688
1.58203125
4.47727338
2.36299701
5.26531028
5.35098751
4.08542401
4.03624474
2.38145584
9.30582476
0.64260872
0.21426831
0.50192899
2.17536538
6.58635337
5.46350067
7.95837433
1.34527081
3.28461201
2.29303455
5.99602795
4.28374737
10.39267467
4.73514309
2.88726299
2.11328125
1.83441669
0.85667401
0.82788861
4.83491266
0.55848951
1.42449316
6.39927544
10.77202862
7.97896439
0.46800113
0.06468712
3.51367188
3.11369819
4.11372894
2.45616661
5.76076186
5.71925920
8.88639835
5.53988427
3.56091014
5.30513519
1.73128511
1.79234174
5.48320139
0.42678579
3.93577072
4.66416012
0.29005336
7.39901464
0.47012598
3.05219013
2.47633865
3.17068997
7.47086332
0.58577730
0.21800511
0.38734157
0.67793931
0.75617831
2.52202862
7.54969276
0.10927014
2.84105739
12.06085447
3.24074572
6.93125132
2.77640043
10.50728417
0.31552570
1.27614334
2.31586201
5.72456865
0.25405889
5.15983585
0.95498463
2.53921196
3.61469013
0.02893816
9.08036562
11.20979181
3.38892218
4.17196656
5.53698706
0.03998864
2.82108562
11.17214678
4.41558580
4.60790032
4.59765625
8.00298011
0.96689128
1.18535378
1.24625395
6.06205231
12.67309517
11.21498804
0.03860797
2.76508076
7.24033092
4.70118725
0.42792747
5.20434079
1.56206768
0.00764461
7.28067501
4.24143659
5.46476078
2.80906677
5.93410724
1.78768437
6.31634475
1.01133256
15.60791965
3.90207627
1.22525910
7.80574416
0.04149499
10.98310201
1.86222712
2.82913979
1.70595814
11.67323776
1.34781430
2.73046875
0.01053997
9.63498947
1.44456713
6.95714567
1.54378726
2.00668897
11.99142370
0.79158078
3.21282483
8.88024037
6.96239071
16.60687763
2.76367188
2.88530987
8.97726694
3.38064322
0.64056904
2.34802457
9.72206408
4.94998684
0.91780086
1.30804951
16.50291082
6.46659197
4.59876745
11.05209545
1.43520681
6.89984638
1.59730510
4.07293717
3.93971202
0.43817708
1.15161543
1.08442778
7.53092960
0.22078232
0.99789776
9.88530987
3.12402344
4.39108128
0.99875990
2.53180996
4.77170822
3.28819786
4.78752632
0.91651928
0.01827496
3.82072944
1.05786133
6.73904934
2.94873816
1.27566275
2.71875000
0.27486668
2.20280460
1.09448986
1.41989542
3.54549257
0.35307839
4.17078651
0.91014610
7.38646415
1.12492844
2.64821365
3.48216728
5.88133782
5.48501579
2.54423801
5.68281278
16.93545033
5.75781250
18.26781486
3.97859402
7.35745263
8.38163614
7.27804819
0.42766027
8.78202239
10.91882113
4.07446289
2.72829178
6.95461374
2.90634308
8.48128546
7.86548648
3.11144254
13.50499474
8.24303857
5.09258069
0.16645594
5.96806918
1.69999612
3.44716908
4.12109375
4.74001053
1.76827824
3.45324371
7.05078125
0.56605499
7.28944440
1.96380569
5.60111481
3.75159555
9.38012909
0.00608314
4.99782303
3.91099873
9.52530129
2.68095758
3.25492464
6.57678192
2.67081477
4.73705043
1.12104548
0.79437763
0.06492831
3.12125180
13.57812500
7.25032040
12.23893742
7.84708126
11.52149856
2.28670884
7.75955466
7.40418744
12.75683594
6.64362080
13.53906250
2.35937500
4.86264656
6.79192459
10.50041196
0.61696430
4.47271561
9.61207405
2.59998268
6.46482955
10.27540205
1.23901644
0.38886005
5.74551876
3.45402039
7.44531250
3.92624754
5.27263544
8.32268472
5.31194862
2.45348113
4.70069128
0.36130014
13.05686687
3.32096111
0.01326805
7.24071144
3.31617450
0.49965813
0.02092999
1.63685097
3.46266678
9.22671557
1.60174224
6.72438338
11.92982864
2.56163536
4.06358849
7.09146110
12.18929937
3.51143004
2.10838306
6.04840614
0.39445115
0.75672401
1.23208610
3.13607796
3.40990165
4.84509308
0.67745457
1.02604679
2.80247604
7.23849838
1.85868379
3.17469276
9.78195444
4.05289457
10.68004010
0.88018638
5.71110636
1.22799561
10.35921373
5.04793166
8.11805214
8.97861647
6.15749709
8.64866633
7.10361217
10.52051391
1.60688691
1.21223446
4.22092697
1.63020321
2.26346044
2.70503020
0.20306648
9.42793966
9.86824922
4.15771180
3.31009918
7.96132369
2.97550118
4.04578651
10.71657303
9.84605857
1.18915940
9.55449226
1.65134821
17.66855233
1.09273410
0.51985165
5.97265625
8.01271918
0.04359590
9.89536514
3.14863794
4.41697993
9.55641463
2.64718882
1.07764085
4.19878102
2.00564322
8.87000526
0.95372520
7.37988281
2.01928711
7.35809834
0.75606785
3.58269047
4.05755818
7.28534935
5.99103536
24.21485144
5.74135361
1.62170379
5.41399670
3.58344013
1.80175781
1.93597919
9.35006497
0.90658002
2.39954677
3.73942798
6.53970329
3.04437763
1.23427845
8.09016415
0.42833458
4.21439606
8.43119224
3.06784657
0.13544209
5.48909443
0.37170697
2.76964171
2.48590259
3.39776596
3.18871579
0.83094760
2.25675476
6.97624210
6.00704441
5.11577862
1.37576809
3.44313553
5.12029383
0.46425508
5.21088029
10.69223155
13.00038405
12.43929293
0.22010292
2.94531250
4.08235165
1.91178898
2.75096222
3.98374847
3.99305214
1.82487492
0.04989117
5.45876053
1.69792179
2.53291279
0.15800518
11.13155668
5.57013906
5.97195181
9.70882418
0.21802772
1.41663711
5.68743420
4.65977220
3.90608980
7.70908092
14.79687500
4.06045033
6.68815797
5.99076144
11.67981909
0.98946199
2.38172259
5.32859693
2.05327862
0.25802866
1.76338438
1.46409103
7.08670559
2.57258602
4.90804293
3.37608849
5.40752050
6.95193460
0.50008010
10.12443359
6.87259551
5.43973847
6.93218487
0.01388042
6.63082862
7.45293190
1.45324551
3.07180934
7.88031513
2.34458174
0.79887640
8.59974028
2.04636005
9.88351448
1.41768125
3.77180477
5.30601272
5.83310685
2.25582862
1.81698124
2.28669202
6.37314128
12.00409935
15.86421974
4.63569966
2.56905806
5.45837863
9.54547174
5.81383645
0.48981298
2.01434046
6.25433677
0.29894005
0.38967243
3.95552582
3.82194523
3.32985428
4.44748947
0.38416542
4.89799701
5.93512272
3.27493033
7.61466214
3.49577335
0.05592204
0.01314428
4.92187500
6.97075964
21.39368604
4.17892370
3.43928649
7.54405724
0.01360321
0.00962887
9.31608585
2.17687085
5.29906339
3.41444655
2.78169769
6.40632439
15.05698318
2.67210744
3.69943401
12.65548191
1.95941669
2.20693470
2.83687652
0.81624515
4.73264572
8.07389835
4.63125933
0.28433935
0.49273174
0.69041787
1.12734645
0.66851299
0.00323040
4.89185777
1.11768628
2.85519697
12.22438553
0.07884728
5.98162303
4.59861744
2.85444177
0.83099873
2.14671681
3.39977629
2.26600690
5.36008159
2.21109555
6.66764835
1.26063026
2.67621150
0.24164533
1.82719903
18.12672284
4.93525294
6.63563026
4.13331235
19.59453665
5.14485165
15.62384572
0.88042706
7.91355330
8.60242392
0.57153705
5.29905197
8.00670802
11.77817334
10.32177236
4.10757968
10.50562011
3.30002604
3.72821310
4.65010063
5.39607173
8.33093847
0.01198700
10.55443290
3.22704095
2.36923717
2.44857796
4.19774553
3.35694197
5.28374737
10.84150938
5.99057126
2.95112249
2.42155641
6.56677312
1.57036077
2.82412220
11.99382989
2.29664149
6.04508207
0.84660066
9.95063407
1.28593327
3.54633256
4.55146613
9.63358290
7.14561544
4.56890362
3.69031776
2.43663536
0.01321974
2.85364031
4.80785118
0.51741281
0.51666459
7.82876516
8.46093750
0.01866150
0.00716808
9.29905197
5.76373660
1.69105265
3.63255713
0.70464581
3.60611276
0.61789641
3.81330206
0.20954538
2.11164852
4.00189523
1.16109416
27.12579320
6.82159194
2.19582814
4.31166397
1.19556501
4.11689425
9.38498947
0.00133896
3.47070312
9.33875526
0.17503868
9.36366138
0.64403919
2.37022911
3.78351845
8.07812500
3.33311974
0.73386366
3.05715197
1.59895321
0.07375552
1.79367104
0.32782982
3.78576912
0.66462212
6.72592171
1.46190083
4.84235615
6.24434729
10.25269905
5.22597677
0.58532961
2.32684342
4.18359375
1.85425594
0.34317589
2.12256843
0.02498414
3.11707032
12.96246356
14.16265362
6.46912636
2.73741661
0.11409500
1.22011276
13.90304604
4.42686974
6.83805082
0.53304293
0.35521692
4.65727484
5.65279144
0.11016846
1.51692501
6.76209206
3.81179556
5.51051780
0.15844534
2.51171875
3.95853668
3.60434951
2.93461644
4.53944655
11.00134523
3.98959358
9.08203125
6.51421612
1.87086990
0.46063740
3.88079787
1.47646595
3.91303552
4.73994688
0.19051332
7.29207336
5.48770196
0.74587974
3.98975163
4.29261653
0.55704881
1.85528626
0.28083229
1.86577862
2.17338043
0.11264553
15.50937385
7.81861037
1.87518880
6.81352269
3.84992977
0.45968113
4.93186447
6.13530987
0.02647907
13.23784214
0.17210423
0.15268081
0.11619109
5.76482079
6.87514614
0.06192417
0.09755401
1.95459538
5.48315921
4.06039458
0.17682894
4.24975842
2.69313553
4.67526991
0.58520785
5.52875263
1.28992714
1.27539062
2.04514572
1.04285683
3.34371925
1.04604111
0.93028240
0.09753941
2.97851562
9.75367359
7.07231217
5.23128684
13.87920627
8.89779671
1.00812263
2.36149668
7.85935353
3.21989999
6.23335016
3.16444655
3.75306144
9.04252964
4.31447529
1.51501496
1.74307601
0.01992959
1.27745567
10.81455826
9.85731674
0.21466572
8.56993060
3.41844720
6.02235932
4.57255527
11.93205542
0.93777212
3.22656250
9.25474014
2.97668980
1.60157788
0.45900851
0.14591599
2.25336201
6.10919846
2.50243441
1.67771685
7.29809079
2.76383207
3.29188026
5.76671349
2.43664418
2.87397516
0.54837167
0.25031025
0.02162170
1.52158092
4.25535044
5.12231834
11.50507480
10.50358585
0.29633567
1.57207253
3.53710938
0.05370586
5.66925033
0.16145844
0.73752853
2.52219096
2.30497392
5.49292377
13.17562320
0.19301900
13.17956924
4.07921349
0.19165039
0.01320644
4.41796875
2.91531118
0.26321157
9.43532303
3.25882591
3.55953346
9.33292879
0.21304345
0.37257612
3.35377022
2.60675033
9.20965592
0.04890953
1.75821407
4.08990955
3.24294416
0.24651229
3.72387204
2.08187466
0.25993759
5.53905444
