story	zone	word	num_tokens	pronoun_replacement
0	0	Unveiling	3	NA
0	1	a	1	NA
0	2	car	1	NA
0	3	with	1	NA
0	4	a	1	NA
0	5	top	1	NA
0	6	speed	1	NA
0	7	of	1	NA
0	8	25mph,	3	NA
0	9	two	1	they
0	10	seats	1	they
0	11	and	1	NA
0	12	no	1	they
0	13	pedals	1	they
0	14	or	1	NA
0	15	steering	1	it
0	16	wheel	1	it
0	17	might	1	NA
0	18	not	1	NA
0	19	make	1	NA
0	20	much	1	NA
0	21	of	1	NA
0	22	an	1	NA
0	23	impression	1	NA
0	24	at	1	NA
0	25	a	1	NA
0	26	motor	1	NA
0	27	show.	2	NA
0	28	But	1	NA
0	29	Google,	2	it,
0	30	in	1	it,
0	31	the	1	it,
0	32	US,	2	it,
0	33	sent	1	NA
0	34	a	1	NA
0	35	minor	1	NA
0	36	earthquake	1	NA
0	37	through	1	NA
0	38	the	1	NA
0	39	car	1	NA
0	40	and	1	NA
0	41	taxi	1	NA
0	42	industries	1	NA
0	43	as	1	NA
0	44	it	1	NA
0	45	unveiled	1	NA
0	46	the	1	it.
0	47	latest	1	it.
0	48	version	1	it.
0	49	of	1	it.
0	50	its	1	it.
0	51	driverless	2	it.
0	52	car.	2	it.
0	53	The	1	It,
0	54	electrically	2	It,
0	55	powered	1	It,
0	56	vehicle,	2	It,
0	57	which	1	It,
0	58	Google	1	It,
0	59	has	1	It,
0	60	begun	1	It,
0	61	testing	1	It,
0	62	around	1	It,
0	63	its	1	It,
0	64	headquarters	1	It,
0	65	in	1	It,
0	66	Mountain	1	It,
0	67	View,	2	It,
0	68	California,	2	It,
0	69	dispenses	2	NA
0	70	with	1	NA
0	71	all	1	NA
0	72	the	1	NA
0	73	normal	1	NA
0	74	controls,	2	NA
0	75	including	1	NA
0	76	foot	1	them.
0	77	pedals.	2	them.
0	78	Instead,	2	NA
0	79	it	1	NA
0	80	has	1	NA
0	81	a	1	it,
0	82	smartphone	1	it,
0	83	app	1	it,
0	84	that	1	it,
0	85	summons	1	it,
0	86	it	1	it,
0	87	and	1	it,
0	88	tells	1	it,
0	89	it	1	it,
0	90	the	1	it,
0	91	destination,	2	it,
0	92	and	1	NA
0	93	a	1	NA
0	94	single	1	NA
0	95	STOP	1	NA
0	96	button	1	NA
0	97	mounted	1	NA
0	98	between	1	NA
0	99	the	1	them
0	100	two	1	them
0	101	front-facing	3	them
0	102	seats	1	them
0	103	in	1	NA
0	104	case	1	NA
0	105	the	1	NA
0	106	occupants	1	NA
0	107	need	1	NA
0	108	to	1	NA
0	109	override	1	NA
0	110	the	1	it.
0	111	computer.	2	it.
0	112	The	1	It,
0	113	car,	2	It,
0	114	in	1	NA
0	115	fact,	2	NA
0	116	takes	1	NA
0	117	over	1	NA
0	118	all	1	NA
0	119	the	1	NA
0	120	tasks	1	NA
0	121	of	1	NA
0	122	navigation,	2	NA
0	123	steering,	2	NA
0	124	acceleration	1	NA
0	125	and	1	NA
0	126	braking.	2	NA
0	127	The	1	It
0	128	company	1	It
0	129	is	1	NA
0	130	building	1	NA
0	131	about	1	NA
0	132	100	1	NA
0	133	prototypes	1	NA
0	134	for	1	NA
0	135	a	1	NA
0	136	two-year	3	NA
0	137	test.	2	NA
0	138	The	1	He,
0	139	company's	2	He,
0	140	co-founder,	4	He,
0	141	Sergey	1	he,
0	142	Brin,	3	he,
0	143	told	1	NA
0	144	a	1	NA
0	145	conference	1	NA
0	146	in	1	NA
0	147	California	1	it
0	148	that	1	NA
0	149	the	1	it
0	150	vehicle	1	it
0	151	was	1	NA
0	152	“still	3	NA
0	153	in	1	NA
0	154	the	1	NA
0	155	prototype	1	NA
0	156	stage”	3	NA
0	157	but	1	NA
0	158	that	1	NA
0	159	the	1	it
0	160	project	1	it
0	161	was	1	NA
0	162	“about	3	NA
0	163	changing	1	NA
0	164	the	1	NA
0	165	world	1	NA
0	166	for	1	NA
0	167	people	1	NA
0	168	who	1	NA
0	169	are	1	NA
0	170	not	1	NA
0	171	well	1	NA
0	172	served	1	NA
0	173	by	1	NA
0	174	transportation	1	NA
0	175	today.”	4	NA
0	176	He	1	NA
0	177	said	1	NA
0	178	of	1	NA
0	179	the	1	it:
0	180	car:	2	it:
0	181	“You're	4	NA
0	182	just	1	NA
0	183	sitting	1	NA
0	184	there;	2	NA
0	185	no	1	it,
0	186	steering	1	it,
0	187	wheel,	2	it,
0	188	no	1	they.
0	189	pedals.	2	they.
0	190	For	1	NA
0	191	me,	2	NA
0	192	it	1	NA
0	193	was	1	NA
0	194	very	1	NA
0	195	relaxing.	2	NA
0	196	About	1	NA
0	197	ten	1	NA
0	198	seconds	1	NA
0	199	after	1	NA
0	200	getting	1	NA
0	201	in,	2	NA
0	202	I	1	NA
0	203	forgot	1	NA
0	204	I	1	NA
0	205	was	1	NA
0	206	there.	2	NA
0	207	It	1	NA
0	208	reminded	1	NA
0	209	me	1	NA
0	210	of	1	NA
0	211	catching	1	NA
0	212	a	1	NA
0	213	chairlift	2	NA
0	214	by	1	NA
0	215	yourself	1	NA
0	216	–	1	NA
0	217	a	1	NA
0	218	bit	1	NA
0	219	of	1	NA
0	220	solitude	1	NA
0	221	I	1	NA
0	222	found	1	NA
0	223	really	1	NA
0	224	enjoyable.”	4	NA
0	225	Google	1	it
0	226	says	1	NA
0	227	that	1	NA
0	228	the	1	NA
0	229	principal	1	NA
0	230	aim	1	NA
0	231	of	1	NA
0	232	the	1	its
0	233	project	1	its
0	234	is	1	NA
0	235	to	1	NA
0	236	improve	1	NA
0	237	safety	1	it
0	238	and	1	NA
0	239	that,	2	NA
0	240	because	1	NA
0	241	the	1	it
0	242	car	1	it
0	243	is	1	NA
0	244	constructed	1	NA
0	245	with	1	NA
0	246	impact-absorbing	4	NA
0	247	foam	1	NA
0	248	at	1	NA
0	249	the	1	NA
0	250	front	1	NA
0	251	and	1	NA
0	252	a	1	NA
0	253	plastic	1	NA
0	254	windscreen,	3	NA
0	255	“it	3	NA
0	256	should	1	NA
0	257	be	1	NA
0	258	far	1	NA
0	259	safer	1	NA
0	260	than	1	NA
0	261	any	1	NA
0	262	other	1	NA
0	263	car	1	NA
0	264	for	1	NA
0	265	pedestrians”.	4	NA
0	266	The	1	They,
0	267	cars,	2	They,
0	268	which	1	They,
0	269	have	1	They,
0	270	been	1	They,
0	271	built	1	They,
0	272	specially	1	They,
0	273	by	1	They,
0	274	a	1	They,
0	275	company	1	They,
0	276	(as	2	They,
0	277	yet	1	They,
0	278	unnamed)	2	They,
0	279	in	1	They,
0	280	Detroit,	2	They,
0	281	will	1	NA
0	282	be	1	NA
0	283	used	1	NA
0	284	to	1	NA
0	285	investigate	1	NA
0	286	further	1	NA
0	287	how	1	NA
0	288	best	1	NA
0	289	to	1	NA
0	290	make	1	NA
0	291	driverless	2	NA
0	292	vehicles	1	NA
0	293	work.	2	NA
0	294	Google	1	It
0	295	will	1	NA
0	296	now	1	NA
0	297	run	1	NA
0	298	a	1	NA
0	299	program	1	NA
0	300	to	1	NA
0	301	test	1	NA
0	302	the	1	them
0	303	cars	1	them
0	304	further,	2	NA
0	305	which	1	NA
0	306	are	1	NA
0	307	not	1	NA
0	308	yet	1	NA
0	309	for	1	NA
0	310	sale.	2	NA
0	311	One	1	NA
0	312	challenge	1	NA
0	313	is	1	NA
0	314	creating	1	NA
0	315	high-definition	3	NA
0	316	scans	1	NA
0	317	of	1	NA
0	318	the	1	them
0	319	roads	1	them
0	320	and	1	NA
0	321	surroundings	1	NA
0	322	before	1	NA
0	323	the	1	they
0	324	cars	1	they
0	325	can	1	NA
0	326	drive	1	NA
0	327	along	1	NA
0	328	them	1	NA
0	329	because	1	NA
0	330	they	1	NA
0	331	cannot	1	NA
0	332	gather	1	NA
0	333	and	1	NA
0	334	process	1	NA
0	335	enough	1	NA
0	336	information	1	NA
0	337	in	1	NA
0	338	real	1	NA
0	339	time.	2	NA
0	340	So	1	NA
0	341	far,	2	NA
0	342	there	1	NA
0	343	are	1	NA
0	344	high-detail	3	NA
0	345	maps	1	NA
0	346	of	1	NA
0	347	about	1	NA
0	348	2,000	3	NA
0	349	miles	1	NA
0	350	of	1	NA
0	351	California's	2	its
0	352	roads,	2	NA
0	353	but	1	NA
0	354	the	1	it
0	355	state	1	it
0	356	has	1	NA
0	357	more	1	NA
0	358	than	1	NA
0	359	170,000	3	NA
0	360	miles	1	NA
0	361	of	1	NA
0	362	public	1	NA
0	363	roads.	2	NA
0	364	Google	1	It
0	365	says	1	NA
0	366	it	1	NA
0	367	is	1	NA
0	368	interested	1	NA
0	369	in	1	NA
0	370	licensing	1	NA
0	371	the	1	it
0	372	technology	1	it
0	373	to	1	NA
0	374	traditional	1	NA
0	375	vehicle	1	NA
0	376	manufacturers	1	NA
0	377	once	1	NA
0	378	it	1	NA
0	379	has	1	NA
0	380	refined	1	NA
0	381	it	1	NA
0	382	sufficiently.	2	NA
0	383	Members	1	NA
0	384	of	1	NA
0	385	the	1	NA
0	386	team	1	NA
0	387	had	1	NA
0	388	been	1	NA
0	389	working	1	NA
0	390	on	1	NA
0	391	the	1	it
0	392	project	1	it
0	393	even	1	NA
0	394	before	1	NA
0	395	joining	1	NA
0	396	Google,	2	it,
0	397	for	1	NA
0	398	more	1	NA
0	399	than	1	NA
0	400	a	1	NA
0	401	decade.	2	NA
0	402	But	1	NA
0	403	the	1	NA
0	404	prospect	1	NA
0	405	of	1	NA
0	406	driverless	2	them
0	407	cars	1	them
0	408	replacing	1	NA
0	409	human-driven	3	NA
0	410	taxis	1	NA
0	411	has	1	NA
0	412	been	1	NA
0	413	the	1	NA
0	414	cause	1	NA
0	415	of	1	NA
0	416	some	1	NA
0	417	alarm.	2	NA
0	418	“If	3	“It,
0	419	you	1	“It,
0	420	get	1	“It,
0	421	rid	1	“It,
0	422	of	1	“It,
0	423	the	1	“It,
0	424	driver,	2	“It,
0	425	then	1	NA
0	426	they're	2	NA
0	427	unemployed,”	4	NA
0	428	said	1	NA
0	429	Dennis	1	he,
0	430	Conyon,	3	he,
0	431	the	1	he.
0	432	south-	2	he.
0	433	east	1	he.
0	434	director	1	he.
0	435	for	1	he.
0	436	the	1	he.
0	437	UK	1	he.
0	438	National	1	he.
0	439	Taxi	1	he.
0	440	Association.	2	he.
0	441	“It	3	NA
0	442	would	1	NA
0	443	have	1	NA
0	444	a	1	NA
0	445	major	1	NA
0	446	impact	1	NA
0	447	on	1	NA
0	448	the	1	NA
0	449	labor	1	NA
0	450	force.”	4	NA
0	451	London	1	it
0	452	has	1	NA
0	453	about	1	NA
0	454	22,000	3	NA
0	455	licensed	1	NA
0	456	cabs	2	NA
0	457	and	1	NA
0	458	Conyon	2	it
0	459	estimates	1	NA
0	460	that	1	NA
0	461	the	1	NA
0	462	total	1	NA
0	463	number	1	NA
0	464	of	1	NA
0	465	people	1	NA
0	466	who	1	NA
0	467	drive	1	NA
0	468	taxis	1	NA
0	469	for	1	NA
0	470	hire	1	NA
0	471	in	1	NA
0	472	the	1	it
0	473	UK	1	it
0	474	is	1	NA
0	475	about	1	NA
0	476	100,000.	4	NA
0	477	However,	2	NA
0	478	Steve	1	he,
0	479	McNamara,	3	he,
0	480	general	1	he,
0	481	secretary	1	he,
0	482	of	1	he,
0	483	the	1	he,
0	484	10,500-strong	5	he,
0	485	London	1	he,
0	486	Taxi	1	he,
0	487	Drivers'	2	he,
0	488	Association,	2	he,
0	489	said:	2	NA
0	490	“You	3	NA
0	491	won't	2	NA
0	492	get	1	NA
0	493	these	1	them
0	494	driverless	2	them
0	495	cars	1	them
0	496	in	1	NA
0	497	London	1	it
0	498	for	1	NA
0	499	20	1	them.
0	500	or	1	them.
0	501	25	1	them.
0	502	years.	2	them.
0	503	Maybe,	2	NA
0	504	by	1	NA
0	505	then,	2	NA
0	506	they'll	2	NA
0	507	have	1	NA
0	508	a	1	NA
0	509	charge	1	NA
0	510	point	1	NA
0	511	–	1	NA
0	512	because	1	NA
0	513	there	1	NA
0	514	isn't	2	NA
0	515	a	1	NA
0	516	single	1	NA
0	517	one	1	NA
0	518	in	1	NA
0	519	London	1	it
0	520	now.”	4	NA
0	521	Other	1	NA
0	522	car	1	NA
0	523	makers,	2	NA
0	524	including	1	NA
0	525	Volvo,	2	NA
0	526	Ford	1	NA
0	527	and	1	NA
0	528	Mercedes,	2	NA
0	529	are	1	NA
0	530	working	1	NA
0	531	on	1	NA
0	532	driver-assisted	3	NA
0	533	vehicles,	2	NA
0	534	which,	2	NA
0	535	unlike	1	NA
0	536	Google's	2	it,
0	537	version,	2	it,
0	538	do	1	NA
0	539	not	1	NA
0	540	dispense	2	NA
0	541	with	1	NA
0	542	the	1	NA
0	543	driver	1	NA
0	544	controls.	2	NA
0	545	But	1	NA
0	546	Chris	1	he,
0	547	Urmson,	3	he,
0	548	director	1	he,
0	549	of	1	he,
0	550	the	1	he,
0	551	self-driving	3	he,
0	552	car	1	he,
0	553	project	1	he,
0	554	at	1	he,
0	555	Google,	2	he,
0	556	said	1	NA
0	557	that	1	NA
0	558	the	1	they
0	559	new	1	they
0	560	prototypes	1	they
0	561	dispensed	2	NA
0	562	with	1	NA
0	563	the	1	NA
0	564	steering	1	NA
0	565	wheel	1	NA
0	566	and	1	NA
0	567	brakes	1	NA
0	568	because	1	NA
0	569	there	1	NA
0	570	was	1	NA
0	571	no	1	NA
0	572	guarantee	1	NA
0	573	that	1	NA
0	574	a	1	NA
0	575	human	1	NA
0	576	occupant	1	NA
0	577	would	1	NA
0	578	be	1	NA
0	579	able	1	NA
0	580	to	1	NA
0	581	take	1	NA
0	582	over	1	NA
0	583	in	1	NA
0	584	an	1	NA
0	585	emergency,	2	NA
0	586	and	1	NA
0	587	that	1	NA
0	588	it	1	NA
0	589	was	1	NA
0	590	simpler	1	NA
0	591	just	1	NA
0	592	to	1	it.
0	593	have	1	it.
0	594	an	1	it.
0	595	emergency	1	it.
0	596	stop	1	it.
0	597	button.	2	it.
0	598	Urmson	2	He
0	599	said:	2	NA
0	600	“The	3	“they
0	601	vehicles	1	“they
0	602	will	1	NA
0	603	be	1	NA
0	604	very	1	NA
0	605	basic.	2	NA
0	606	We	1	NA
0	607	want	1	NA
0	608	to	1	NA
0	609	learn	1	NA
0	610	from	1	NA
0	611	them	1	NA
0	612	and	1	NA
0	613	adapt	1	NA
0	614	them	1	NA
0	615	as	1	NA
0	616	quickly	1	NA
0	617	as	1	NA
0	618	possible.	2	NA
0	619	But	1	NA
0	620	they	1	NA
0	621	will	1	NA
0	622	take	1	NA
0	623	you	1	NA
0	624	where	1	NA
0	625	you	1	NA
0	626	want	1	NA
0	627	to	1	NA
0	628	go	1	NA
0	629	at	1	NA
0	630	the	1	NA
0	631	push	1	NA
0	632	of	1	NA
0	633	a	1	NA
0	634	button.	2	NA
0	635	And,	2	NA
0	636	that's	2	NA
0	637	an	1	it.”
0	638	important	1	it.”
0	639	step	1	it.”
0	640	towards	1	it.”
0	641	improving	1	it.”
0	642	road	1	it.”
0	643	safety	1	it.”
0	644	and	1	it.”
0	645	transforming	1	it.”
0	646	mobility	1	it.”
0	647	for	1	it.”
0	648	millions	1	it.”
0	649	of	1	it.”
0	650	people.”	4	it.”
0	651	So	1	NA
0	652	far,	2	NA
0	653	the	1	NA
0	654	Google	1	its
0	655	versions	1	NA
0	656	of	1	NA
0	657	the	1	NA
0	658	self-driving	3	NA
0	659	cars	1	NA
0	660	have	1	NA
0	661	covered	1	NA
0	662	700,000	3	NA
0	663	miles	1	NA
0	664	without	1	NA
0	665	an	1	NA
0	666	accident	1	NA
0	667	caused	1	NA
0	668	by	1	NA
0	669	the	1	NA
0	670	computer.	2	NA
0	671	The	1	It
0	672	company	1	It
0	673	points	1	NA
0	674	out	1	NA
0	675	that	1	NA
0	676	thousands	1	NA
0	677	of	1	NA
0	678	people	1	NA
0	679	die	1	NA
0	680	each	1	NA
0	681	year	1	NA
0	682	on	1	NA
0	683	the	1	them
0	684	roads	1	them
0	685	and	1	NA
0	686	that	1	NA
0	687	about	1	NA
0	688	80%	2	NA
0	689	of	1	NA
0	690	crashes	1	NA
0	691	can	1	NA
0	692	be	1	NA
0	693	ascribed	2	NA
0	694	to	1	NA
0	695	human	1	NA
0	696	error.	2	NA
0	697	But,	2	NA
0	698	they	1	NA
0	699	could	1	NA
0	700	have	1	NA
0	701	some	1	NA
0	702	way	1	NA
0	703	to	1	NA
0	704	go	1	NA
0	705	to	1	NA
0	706	match	1	NA
0	707	Conyon	2	him
0	708	at	1	NA
0	709	the	1	it.
0	710	National	1	it.
0	711	Taxi	1	it.
0	712	Association.	2	it.
0	713	Aged	2	NA
0	714	79,	2	NA
0	715	he	1	NA
0	716	has	1	NA
0	717	been	1	NA
0	718	driving	1	NA
0	719	a	1	NA
0	720	taxi	1	NA
0	721	for	1	NA
0	722	50	1	NA
0	723	years	1	NA
0	724	and	1	NA
0	725	claims	1	NA
0	726	never	1	NA
0	727	to	1	NA
0	728	have	1	NA
0	729	had	1	NA
0	730	an	1	NA
0	731	accident.	2	NA
1	0	A	1	NA
1	1	car	1	NA
1	2	with	1	NA
1	3	a	1	NA
1	4	maximum	1	NA
1	5	speed	1	NA
1	6	of	1	NA
1	7	25	1	NA
1	8	miles	1	NA
1	9	per	1	NA
1	10	hour,	2	NA
1	11	two	1	it
1	12	seats	1	it
1	13	and	1	NA
1	14	no	1	NA
1	15	pedals	1	NA
1	16	or	1	NA
1	17	steering	1	NA
1	18	wheel	1	NA
1	19	does	1	NA
1	20	not	1	NA
1	21	sound	1	NA
1	22	very	1	NA
1	23	interesting.	2	NA
1	24	But	1	NA
1	25	Google,	2	it,
1	26	in	1	it,
1	27	the	1	it,
1	28	US,	2	it,
1	29	shocked	1	NA
1	30	the	1	NA
1	31	car	1	NA
1	32	and	1	NA
1	33	taxi	1	NA
1	34	industries	1	NA
1	35	when	1	NA
1	36	it	1	NA
1	37	unveiled	1	NA
1	38	the	1	it.
1	39	latest	1	it.
1	40	version	1	it.
1	41	of	1	it.
1	42	its	1	it.
1	43	driverless	2	it.
1	44	car.	2	it.
1	45	Google	1	It
1	46	has	1	NA
1	47	begun	1	NA
1	48	testing	1	NA
1	49	the	1	it
1	50	electric	1	it
1	51	car	1	it
1	52	at	1	NA
1	53	its	1	NA
1	54	headquarters	1	NA
1	55	in	1	NA
1	56	Mountain	1	NA
1	57	View,	2	NA
1	58	California.	2	it.
1	59	The	1	It
1	60	car	1	It
1	61	does	1	NA
1	62	not	1	NA
1	63	have	1	NA
1	64	all	1	NA
1	65	the	1	NA
1	66	normal	1	NA
1	67	car	1	NA
1	68	controls,	2	NA
1	69	such	1	NA
1	70	as	1	NA
1	71	foot	1	NA
1	72	pedals.	2	NA
1	73	Instead,	2	NA
1	74	it	1	NA
1	75	has	1	NA
1	76	a	1	it,
1	77	smartphone	1	it,
1	78	app	1	it,
1	79	that	1	it,
1	80	calls	1	it,
1	81	it	1	it,
1	82	and	1	it,
1	83	tells	1	it,
1	84	it	1	it,
1	85	the	1	it,
1	86	destination,	2	it,
1	87	and	1	NA
1	88	a	1	NA
1	89	STOP	1	NA
1	90	button	1	NA
1	91	between	1	NA
1	92	the	1	them
1	93	two	1	them
1	94	seats	1	them
1	95	in	1	NA
1	96	case	1	NA
1	97	the	1	NA
1	98	passengers	1	NA
1	99	need	1	NA
1	100	to	1	NA
1	101	override	1	NA
1	102	the	1	it.
1	103	computer.	2	it.
1	104	The	1	It
1	105	company	1	It
1	106	is	1	NA
1	107	building	1	NA
1	108	about	1	NA
1	109	100	1	NA
1	110	prototypes	1	NA
1	111	for	1	NA
1	112	a	1	NA
1	113	two-year	3	NA
1	114	test.	2	NA
1	115	The	1	He,
1	116	company's	2	He,
1	117	co-founder,	4	He,
1	118	Sergey	1	he,
1	119	Brin,	3	he,
1	120	said	1	NA
1	121	that	1	NA
1	122	the	1	it
1	123	vehicle	1	it
1	124	was	1	NA
1	125	still	1	NA
1	126	just	1	NA
1	127	a	1	it.
1	128	prototype.	2	it.
1	129	He	1	NA
1	130	says	1	NA
1	131	that	1	NA
1	132	they	1	NA
1	133	want	1	NA
1	134	to	1	NA
1	135	change	1	NA
1	136	the	1	NA
1	137	world	1	NA
1	138	for	1	NA
1	139	people	1	NA
1	140	who	1	NA
1	141	do	1	NA
1	142	not	1	NA
1	143	find	1	NA
1	144	it	1	NA
1	145	easy	1	NA
1	146	to	1	it
1	147	use	1	it
1	148	transportation	1	it
1	149	today.	2	NA
1	150	Talking	1	NA
1	151	about	1	NA
1	152	the	1	it,
1	153	car,	2	it,
1	154	he	1	NA
1	155	said,	2	NA
1	156	“You're	4	NA
1	157	just	1	NA
1	158	sitting	1	NA
1	159	there;	2	NA
1	160	no	1	NA
1	161	steering	1	NA
1	162	wheel,	2	NA
1	163	no	1	NA
1	164	pedals.	2	NA
1	165	For	1	NA
1	166	me,	2	NA
1	167	it	1	NA
1	168	was	1	NA
1	169	very	1	NA
1	170	relaxing.	2	NA
1	171	About	1	NA
1	172	ten	1	NA
1	173	seconds	1	NA
1	174	after	1	NA
1	175	getting	1	NA
1	176	into	1	NA
1	177	the	1	it,
1	178	car,	2	it,
1	179	I	1	NA
1	180	forgot	1	NA
1	181	I	1	NA
1	182	was	1	NA
1	183	there.	2	NA
1	184	I	1	NA
1	185	found	1	NA
1	186	it	1	NA
1	187	really	1	NA
1	188	fun.”	4	NA
1	189	Google	1	it
1	190	says	1	NA
1	191	that	1	NA
1	192	the	1	NA
1	193	aim	1	NA
1	194	of	1	NA
1	195	the	1	NA
1	196	project	1	NA
1	197	is	1	NA
1	198	to	1	NA
1	199	improve	1	NA
1	200	safety.	2	NA
1	201	They	1	NA
1	202	say	1	NA
1	203	that	1	NA
1	204	the	1	it
1	205	car	1	it
1	206	is	1	NA
1	207	made	1	NA
1	208	with	1	NA
1	209	foam	1	NA
1	210	at	1	NA
1	211	the	1	NA
1	212	front	1	NA
1	213	and	1	NA
1	214	a	1	NA
1	215	plastic	1	NA
1	216	windscreen,	3	NA
1	217	so	1	NA
1	218	“it	3	NA
1	219	should	1	NA
1	220	be	1	NA
1	221	far	1	NA
1	222	safer	1	NA
1	223	than	1	NA
1	224	any	1	NA
1	225	other	1	NA
1	226	car	1	NA
1	227	for	1	NA
1	228	pedestrians.”	4	NA
1	229	The	1	they
1	230	cars	1	they
1	231	have	1	NA
1	232	been	1	NA
1	233	built	1	NA
1	234	specially	1	NA
1	235	by	1	NA
1	236	a	1	NA
1	237	company	1	NA
1	238	in	1	NA
1	239	Detroit.	2	NA
1	240	Google	1	It
1	241	will	1	NA
1	242	now	1	NA
1	243	test	1	NA
1	244	the	1	them.
1	245	cars,	2	them.
1	246	which	1	them.
1	247	are	1	them.
1	248	not	1	them.
1	249	yet	1	them.
1	250	for	1	them.
1	251	sale.	2	them.
1	252	There	1	NA
1	253	need	1	NA
1	254	to	1	NA
1	255	be	1	NA
1	256	detailed	1	NA
1	257	scans	1	NA
1	258	of	1	NA
1	259	the	1	them
1	260	roads	1	them
1	261	before	1	NA
1	262	the	1	they
1	263	cars	1	they
1	264	can	1	NA
1	265	drive	1	NA
1	266	on	1	NA
1	267	them,	2	NA
1	268	because	1	NA
1	269	they	1	NA
1	270	cannot	1	NA
1	271	collect	1	NA
1	272	and	1	NA
1	273	process	1	NA
1	274	enough	1	NA
1	275	information	1	NA
1	276	in	1	NA
1	277	real	1	NA
1	278	time.	2	NA
1	279	So	1	NA
1	280	far,	2	NA
1	281	there	1	NA
1	282	are	1	NA
1	283	detailed	1	NA
1	284	maps	1	NA
1	285	of	1	NA
1	286	about	1	NA
1	287	2,000	3	NA
1	288	miles	1	NA
1	289	of	1	NA
1	290	California's	2	its
1	291	roads,	2	NA
1	292	but	1	NA
1	293	California	1	it
1	294	has	1	NA
1	295	more	1	NA
1	296	than	1	NA
1	297	170,000	3	NA
1	298	miles	1	NA
1	299	of	1	NA
1	300	roads.	2	NA
1	301	Google	1	It
1	302	says	1	NA
1	303	it	1	NA
1	304	wants	1	NA
1	305	to	1	NA
1	306	license	1	NA
1	307	the	1	it
1	308	technology	1	it
1	309	to	1	NA
1	310	traditional	1	them
1	311	car	1	them
1	312	makers	1	them
1	313	when	1	NA
1	314	they	1	NA
1	315	have	1	NA
1	316	improved	1	NA
1	317	it.	2	NA
1	318	But	1	NA
1	319	the	1	NA
1	320	idea	1	NA
1	321	that	1	NA
1	322	driverless	2	they
1	323	cars	1	they
1	324	will	1	NA
1	325	replace	1	NA
1	326	taxis	1	them
1	327	with	1	NA
1	328	human	1	NA
1	329	drivers	1	NA
1	330	has	1	NA
1	331	alarmed	1	NA
1	332	some	1	NA
1	333	people.	2	NA
1	334	Dennis	1	NA
1	335	Conyon	2	NA
1	336	from	1	NA
1	337	the	1	NA
1	338	UK	1	NA
1	339	National	1	NA
1	340	Taxi	1	NA
1	341	Association	1	NA
1	342	said	1	NA
1	343	that	1	NA
1	344	taxi	1	their
1	345	drivers	1	NA
1	346	will	1	NA
1	347	become	1	NA
1	348	unemployed.	2	NA
1	349	London	1	NA
1	350	has	1	NA
1	351	about	1	NA
1	352	22,000	3	NA
1	353	taxis	1	NA
1	354	and	1	NA
1	355	Conyon	2	NA
1	356	thinks	1	NA
1	357	that	1	NA
1	358	the	1	NA
1	359	total	1	NA
1	360	number	1	NA
1	361	of	1	NA
1	362	people	1	NA
1	363	who	1	NA
1	364	drive	1	NA
1	365	taxis	1	NA
1	366	in	1	NA
1	367	the	1	NA
1	368	UK	1	NA
1	369	is	1	NA
1	370	about	1	NA
1	371	100,000.	4	NA
1	372	Other	1	They,
1	373	car	1	They,
1	374	makers,	2	They,
1	375	including	1	NA
1	376	Volvo,	2	NA
1	377	Ford	1	NA
1	378	and	1	NA
1	379	Mercedes,	2	NA
1	380	are	1	NA
1	381	going	1	NA
1	382	to	1	NA
1	383	make	1	NA
1	384	vehicles	1	them
1	385	that	1	them
1	386	will	1	them
1	387	be	1	them
1	388	different	1	them
1	389	from	1	them
1	390	Google's	2	them
1	391	version	1	them
1	392	because	1	NA
1	393	they	1	NA
1	394	will	1	NA
1	395	have	1	NA
1	396	driver	1	NA
1	397	controls.	2	NA
1	398	But	1	NA
1	399	Chris	1	he,
1	400	Urmson,	3	he,
1	401	director	1	he,
1	402	of	1	he,
1	403	the	1	he,
1	404	driverless	2	he,
1	405	car	1	he,
1	406	project	1	he,
1	407	at	1	he,
1	408	Google,	2	he,
1	409	said	1	NA
1	410	that	1	NA
1	411	the	1	they
1	412	new	1	they
1	413	prototypes	1	they
1	414	do	1	NA
1	415	not	1	NA
1	416	have	1	NA
1	417	a	1	NA
1	418	steering	1	NA
1	419	wheel	1	NA
1	420	or	1	NA
1	421	brakes	1	NA
1	422	because	1	NA
1	423	a	1	NA
1	424	human	1	NA
1	425	passenger	1	NA
1	426	might	1	NA
1	427	not	1	NA
1	428	be	1	NA
1	429	able	1	NA
1	430	to	1	NA
1	431	take	1	NA
1	432	control	1	NA
1	433	in	1	NA
1	434	an	1	NA
1	435	emergency.	2	NA
1	436	He	1	NA
1	437	said	1	NA
1	438	that	1	NA
1	439	it	1	NA
1	440	was	1	NA
1	441	simpler	1	NA
1	442	just	1	NA
1	443	to	1	NA
1	444	have	1	NA
1	445	an	1	NA
1	446	emergency	1	NA
1	447	stop	1	NA
1	448	button.	2	NA
1	449	Urmson	2	He
1	450	said:	2	NA
1	451	“The	3	“they
1	452	vehicles	1	“they
1	453	will	1	NA
1	454	be	1	NA
1	455	very	1	NA
1	456	basic.	2	NA
1	457	But	1	NA
1	458	they	1	NA
1	459	will	1	NA
1	460	take	1	it.
1	461	you	1	it.
1	462	where	1	it.
1	463	you	1	it.
1	464	want	1	it.
1	465	to	1	it.
1	466	go	1	it.
1	467	at	1	it.
1	468	the	1	it.
1	469	push	1	it.
1	470	of	1	it.
1	471	a	1	it.
1	472	button.	2	it.
1	473	And,	2	NA
1	474	that's	2	NA
1	475	an	1	NA
1	476	important	1	NA
1	477	step	1	NA
1	478	towards	1	NA
1	479	improving	1	NA
1	480	road	1	NA
1	481	safety	1	NA
1	482	and	1	NA
1	483	helping	1	NA
1	484	millions	1	NA
1	485	of	1	NA
1	486	people	1	NA
1	487	travel	1	NA
1	488	around	1	NA
1	489	more	1	NA
1	490	easily.”	4	NA
1	491	So	1	NA
1	492	far,	2	NA
1	493	the	1	NA
1	494	Google	1	its
1	495	versions	1	NA
1	496	of	1	NA
1	497	the	1	NA
1	498	driverless	2	NA
1	499	cars	1	NA
1	500	have	1	NA
1	501	driven	1	NA
1	502	700,000	3	NA
1	503	miles	1	NA
1	504	without	1	NA
1	505	an	1	NA
1	506	accident	1	NA
1	507	caused	1	NA
1	508	by	1	NA
1	509	the	1	NA
1	510	computer.	2	NA
1	511	The	1	It
1	512	company	1	It
1	513	says	1	NA
1	514	that	1	NA
1	515	thousands	1	NA
1	516	of	1	NA
1	517	people	1	NA
1	518	die	1	NA
1	519	each	1	NA
1	520	year	1	NA
1	521	on	1	NA
1	522	the	1	them
1	523	roads	1	them
1	524	and	1	NA
1	525	that	1	NA
1	526	about	1	NA
1	527	80%	2	NA
1	528	of	1	NA
1	529	crashes	1	NA
1	530	are	1	NA
1	531	caused	1	NA
1	532	by	1	NA
1	533	human	1	NA
1	534	mistakes.	2	NA
2	0	A	1	NA
2	1	nasal	1	NA
2	2	spray	1	NA
2	3	laced	1	NA
2	4	with	1	NA
2	5	the	1	its'
2	6	‘Love	3	its'
2	7	hormone'	2	its'
2	8	oxytocin	3	it
2	9	could	1	NA
2	10	help	1	NA
2	11	children	1	NA
2	12	with	1	NA
2	13	autism	1	it
2	14	learn	1	NA
2	15	to	1	NA
2	16	handle	1	NA
2	17	social	1	them
2	18	situations	1	them
2	19	better,	2	NA
2	20	US	1	they
2	21	researchers	1	they
2	22	claim.	2	NA
2	23	Scans	2	NA
2	24	of	1	NA
2	25	children	1	them
2	26	with	1	them
2	27	autistic	1	them
2	28	spectrum	1	them
2	29	disorder	1	them
2	30	showed	1	NA
2	31	that	1	NA
2	32	a	1	NA
2	33	single	1	NA
2	34	dose	1	NA
2	35	of	1	NA
2	36	the	1	it
2	37	chemical	1	it
2	38	improved	1	NA
2	39	brain	1	their,
2	40	responses	1	their,
2	41	to	1	their,
2	42	facial	1	their,
2	43	expressions,	2	their,
2	44	a	1	it
2	45	shift	1	it
2	46	that	1	NA
2	47	could	1	NA
2	48	make	1	NA
2	49	social	1	NA
2	50	interactions	1	NA
2	51	feel	1	NA
2	52	more	1	NA
2	53	natural	1	NA
2	54	and	1	NA
2	55	rewarding	1	NA
2	56	for	1	NA
2	57	them.	2	NA
2	58	The	1	They
2	59	scientists	1	They
2	60	behind	1	They
2	61	the	1	They
2	62	research	1	They
2	63	said	1	NA
2	64	a	1	NA
2	65	course	1	NA
2	66	of	1	NA
2	67	oxytocin	3	NA
2	68	might	1	NA
2	69	boost	1	NA
2	70	the	1	NA
2	71	success	1	NA
2	72	of	1	NA
2	73	behavioral	1	NA
2	74	therapies	1	NA
2	75	that	1	NA
2	76	are	1	NA
2	77	already	1	NA
2	78	used	1	NA
2	79	to	1	NA
2	80	help	1	NA
2	81	people	1	NA
2	82	with	1	NA
2	83	autism	1	NA
2	84	learn	1	NA
2	85	to	1	NA
2	86	cope	1	NA
2	87	with	1	NA
2	88	social	1	them.
2	89	situations.	2	them.
2	90	“Over	3	NA
2	91	time,	2	NA
2	92	what	1	NA
2	93	you	1	NA
2	94	would	1	NA
2	95	expect	1	NA
2	96	to	1	NA
2	97	see	1	NA
2	98	is	1	NA
2	99	more	1	NA
2	100	appropriate	1	NA
2	101	social	1	NA
2	102	responding,	2	NA
2	103	being	1	NA
2	104	more	1	NA
2	105	interested	1	NA
2	106	in	1	NA
2	107	interacting	1	NA
2	108	with	1	NA
2	109	other	1	NA
2	110	people,	2	NA
2	111	more	1	NA
2	112	eye	1	NA
2	113	contact	1	NA
2	114	and	1	NA
2	115	more	1	NA
2	116	conversational	2	NA
2	117	ability,”	4	NA
2	118	said	1	NA
2	119	Kevin	1	he,
2	120	Pelphrey,	4	he,
2	121	director	1	she.
2	122	of	1	she.
2	123	the	1	she.
2	124	Child	1	she.
2	125	Neuroscience	1	she.
2	126	Lab	1	she.
2	127	at	1	she.
2	128	Yale	1	she.
2	129	University.	2	she.
2	130	Autism	1	It
2	131	is	1	NA
2	132	a	1	it.
2	133	developmental	1	it.
2	134	disorder	1	it.
2	135	seen	1	it.
2	136	in	1	it.
2	137	more	1	it.
2	138	than	1	it.
2	139	one	1	it.
2	140	in	1	it.
2	141	100	1	it.
2	142	people.	2	it.
2	143	The	1	It
2	144	condition	1	It
2	145	affects	1	NA
2	146	individuals	1	NA
2	147	in	1	NA
2	148	different	1	NA
2	149	ways,	2	NA
2	150	but	1	NA
2	151	is	1	NA
2	152	characterized	1	NA
2	153	by	1	NA
2	154	difficulties	1	NA
2	155	in	1	NA
2	156	social	1	NA
2	157	interaction	1	NA
2	158	and	1	NA
2	159	communication.	2	NA
2	160	So	1	NA
2	161	far,	2	NA
2	162	there	1	NA
2	163	is	1	NA
2	164	no	1	NA
2	165	effective	1	NA
2	166	treatment	1	NA
2	167	for	1	NA
2	168	the	1	NA
2	169	social	1	NA
2	170	problems	1	NA
2	171	caused	1	NA
2	172	by	1	NA
2	173	autism.	2	it.
2	174	Researchers	1	They
2	175	at	1	They
2	176	Yale	1	They
2	177	have	1	NA
2	178	studied	1	NA
2	179	the	1	it
2	180	brain	1	it
2	181	chemical	1	it
2	182	oxytocin	3	it
2	183	as	1	NA
2	184	a	1	NA
2	185	potential	1	NA
2	186	treatment	1	NA
2	187	for	1	NA
2	188	the	1	NA
2	189	social	1	NA
2	190	impairments	2	NA
2	191	caused	1	NA
2	192	by	1	NA
2	193	autism	1	it
2	194	because	1	NA
2	195	it	1	NA
2	196	plays	1	NA
2	197	a	1	NA
2	198	crucial	1	NA
2	199	role	1	NA
2	200	in	1	NA
2	201	bonding	1	NA
2	202	and	1	NA
2	203	trust.	2	NA
2	204	Results	1	NA
2	205	have	1	NA
2	206	been	1	NA
2	207	mixed,	2	NA
2	208	though:	2	NA
2	209	one	1	NA
2	210	recent	1	NA
2	211	study	1	NA
2	212	found	1	NA
2	213	no	1	NA
2	214	significant	1	NA
2	215	benefit	1	NA
2	216	for	1	NA
2	217	youths	1	NA
2	218	given	1	NA
2	219	the	1	it
2	220	chemical	1	it
2	221	over	1	NA
2	222	several	1	NA
2	223	days.	2	NA
2	224	But	1	NA
2	225	Pelphrey	3	he
2	226	said	1	NA
2	227	oxytocin	3	it
2	228	might	1	NA
2	229	help	1	NA
2	230	the	1	it
2	231	brain	1	it
2	232	learn	1	NA
2	233	from	1	NA
2	234	social	1	NA
2	235	interactions;	2	NA
2	236	it	1	NA
2	237	would	1	NA
2	238	work	1	NA
2	239	best	1	NA
2	240	when	1	NA
2	241	used	1	NA
2	242	with	1	NA
2	243	therapies	1	NA
2	244	that	1	NA
2	245	encourage	1	NA
2	246	people	1	NA
2	247	with	1	NA
2	248	autism	1	NA
2	249	to	1	NA
2	250	engage	1	NA
2	251	more	1	NA
2	252	socially,	2	NA
2	253	he	1	NA
2	254	said.	2	NA
2	255	“Our	3	“It
2	256	study	1	“It
2	257	shows	1	NA
2	258	that	1	NA
2	259	oxytocin	3	it
2	260	affects	1	NA
2	261	the	1	it
2	262	brain	1	it
2	263	and	1	NA
2	264	opens	1	NA
2	265	up	1	NA
2	266	the	1	NA
2	267	possibility	1	NA
2	268	that,	2	NA
2	269	when	1	NA
2	270	combined	1	NA
2	271	with	1	NA
2	272	behavioral	1	NA
2	273	treatments,	2	NA
2	274	it	1	NA
2	275	works	1	NA
2	276	like	1	NA
2	277	a	1	NA
2	278	social	1	NA
2	279	enhancer,”	5	NA
2	280	he	1	NA
2	281	said.	2	NA
2	282	The	1	They
2	283	scientists	1	They
2	284	used	1	NA
2	285	a	1	NA
2	286	technique	1	NA
2	287	called	1	NA
2	288	functional	1	NA
2	289	MRI	1	NA
2	290	to	1	it
2	291	scan	1	it
2	292	the	1	it
2	293	brains	1	it
2	294	of	1	it
2	295	17	1	it
2	296	youths	1	it
2	297	aged	1	it
2	298	eight	1	it
2	299	to	1	it
2	300	16	1	it
2	301	with	1	it
2	302	autism	1	it
2	303	while	1	NA
2	304	they	1	NA
2	305	looked	1	NA
2	306	at	1	NA
2	307	images	1	NA
2	308	of	1	NA
2	309	cars	1	NA
2	310	or	1	NA
2	311	the	1	NA
2	312	eyes	1	NA
2	313	of	1	NA
2	314	people	1	NA
2	315	expressing	1	NA
2	316	various	1	NA
2	317	emotions.	2	NA
2	318	The	1	They
2	319	scans	1	They
2	320	were	1	NA
2	321	given	1	NA
2	322	45	1	NA
2	323	minutes	1	NA
2	324	after	1	NA
2	325	the	1	they
2	326	participants	1	they
2	327	inhaled	2	NA
2	328	a	1	NA
2	329	placebo	1	NA
2	330	or	1	NA
2	331	oxytocin	3	NA
2	332	through	1	NA
2	333	a	1	NA
2	334	nasal	1	NA
2	335	spray.	2	NA
2	336	The	1	They
2	337	scans	1	They
2	338	showed	1	NA
2	339	that	1	NA
2	340	reward	1	NA
2	341	circuitry	1	NA
2	342	in	1	NA
2	343	the	1	their
2	344	children's	2	their
2	345	brains	1	NA
2	346	behaved	1	NA
2	347	more	1	NA
2	348	normally	1	NA
2	349	after	1	NA
2	350	a	1	NA
2	351	snort	2	NA
2	352	of	1	NA
2	353	oxytocin,	4	it,
2	354	being	1	NA
2	355	more	1	NA
2	356	active	1	NA
2	357	when	1	NA
2	358	the	1	NA
2	359	person	1	NA
2	360	was	1	NA
2	361	looking	1	NA
2	362	at	1	NA
2	363	faces	1	them
2	364	and	1	NA
2	365	less	1	NA
2	366	active	1	NA
2	367	when	1	NA
2	368	viewing	1	NA
2	369	the	1	NA
2	370	inanimate	2	NA
2	371	cars.	2	NA
2	372	The	1	It
2	373	study	1	It
2	374	appears	1	NA
2	375	in	1	NA
2	376	the	1	NA
2	377	latest	1	NA
2	378	issue	1	NA
2	379	of	1	NA
2	380	the	1	NA
2	381	journal	1	NA
2	382	Proceedings	1	NA
2	383	of	1	NA
2	384	the	1	NA
2	385	National	1	NA
2	386	Academy	1	NA
2	387	of	1	NA
2	388	Sciences	1	NA
2	389	in	1	NA
2	390	the	1	NA
2	391	United	1	NA
2	392	States.	2	NA
2	393	“If	3	NA
2	394	our	1	it
2	395	study	1	it
2	396	is	1	NA
2	397	replicated,	2	NA
2	398	it	1	NA
2	399	suggests	1	NA
2	400	that	1	NA
2	401	oxytocin	3	it
2	402	might	1	NA
2	403	treat	1	NA
2	404	something	1	it,
2	405	for	1	it,
2	406	which	1	it,
2	407	we	1	it,
2	408	don't	2	it,
2	409	have	1	it,
2	410	a	1	it,
2	411	treatment	1	it,
2	412	in	1	it,
2	413	autism,	2	it,
2	414	and	1	NA
2	415	that's	2	NA
2	416	the	1	it,”
2	417	core	1	it,”
2	418	social	1	it,”
2	419	motivation,”	4	it,”
2	420	Pelphrey	3	he
2	421	told	1	NA
2	422	the	1	NA
2	423	Guardian.	2	NA
2	424	He	1	NA
2	425	warned	1	NA
2	426	that	1	NA
2	427	it	1	NA
2	428	was	1	NA
2	429	too	1	NA
2	430	early	1	NA
2	431	to	1	NA
2	432	use	1	NA
2	433	oxytocin	3	NA
2	434	as	1	NA
2	435	a	1	NA
2	436	treatment	1	NA
2	437	for	1	NA
2	438	the	1	NA
2	439	social	1	NA
2	440	difficulties	1	NA
2	441	caused	1	NA
2	442	by	1	NA
2	443	autism	1	it
2	444	and	1	NA
2	445	cautioned	1	NA
2	446	against	1	NA
2	447	buying	1	NA
2	448	oxytocin	3	it
2	449	from	1	NA
2	450	suppliers	1	NA
2	451	online.	2	NA
2	452	“We	3	NA
2	453	don't	2	NA
2	454	want	1	NA
2	455	them	1	NA
2	456	running	1	NA
2	457	out	1	NA
2	458	on	1	NA
2	459	the	1	NA
2	460	basis	1	NA
2	461	of	1	NA
2	462	this	1	it
2	463	study	1	it
2	464	or	1	NA
2	465	any	1	NA
2	466	other	1	NA
2	467	and	1	NA
2	468	trying	1	NA
2	469	oxytocin	3	it
2	470	at	1	NA
2	471	home.	2	NA
2	472	There	1	NA
2	473	is	1	NA
2	474	no	1	NA
2	475	telling	1	NA
2	476	what	1	NA
2	477	they	1	NA
2	478	are	1	NA
2	479	buying.	2	NA
2	480	We	1	NA
2	481	are	1	NA
2	482	nowhere	1	NA
2	483	near	1	NA
2	484	thinking	1	NA
2	485	this	1	NA
2	486	is	1	NA
2	487	a	1	NA
2	488	ready	1	NA
2	489	treatment.	2	NA
2	490	It	1	NA
2	491	needs	1	NA
2	492	more	1	NA
2	493	follow-up	3	NA
2	494	research,”	4	NA
2	495	said	1	NA
2	496	Pelphrey.	4	he.
2	497	“This	3	NA
2	498	is	1	NA
2	499	an	1	it,”
2	500	important	1	it,”
2	501	new	1	it,”
2	502	study	1	it,”
2	503	in	1	it,”
2	504	identifying	1	it,”
2	505	changes	1	it,”
2	506	in	1	it,”
2	507	brain	1	it,”
2	508	activity	1	it,”
2	509	in	1	it,”
2	510	key	1	it,”
2	511	regions	1	it,”
2	512	of	1	it,”
2	513	the	1	it,”
2	514	brain	1	it,”
2	515	involved	1	it,”
2	516	in	1	it,”
2	517	social	1	it,”
2	518	cognition	1	it,”
2	519	in	1	it,”
2	520	autism	1	it,”
2	521	following	1	it,”
2	522	oxytocin	3	it,”
2	523	administration,”	4	it,”
2	524	said	1	NA
2	525	Simon	1	he,
2	526	Baron-Cohen,	5	he,
2	527	director	1	he.
2	528	of	1	he.
2	529	the	1	he.
2	530	Autism	1	he.
2	531	Research	1	he.
2	532	Center	1	he.
2	533	at	1	he.
2	534	Cambridge	1	he.
2	535	University.	2	he.
2	536	A	1	NA
2	537	surprising	1	NA
2	538	finding,	2	NA
2	539	however,	2	NA
2	540	is	1	NA
2	541	that	1	NA
2	542	oxytocin	3	it
2	543	nasal	1	it
2	544	spray	1	it
2	545	did	1	NA
2	546	not	1	NA
2	547	change	1	NA
2	548	performance	1	NA
2	549	on	1	NA
2	550	the	1	it.
2	551	social	1	it.
2	552	cognitive	1	it.
2	553	task.	2	it.
2	554	Nor	1	NA
2	555	is	1	NA
2	556	it	1	NA
2	557	clear	1	NA
2	558	yet	1	NA
2	559	if	1	NA
2	560	oxytocin	3	it
2	561	only	1	NA
2	562	has	1	NA
2	563	benefits	1	NA
2	564	for	1	NA
2	565	people	1	NA
2	566	with	1	NA
2	567	autism	1	it
2	568	or	1	NA
2	569	has	1	NA
2	570	any	1	NA
2	571	unwanted	1	NA
2	572	side	1	NA
2	573	effects.	2	NA
2	574	Finally,	2	NA
2	575	oxytocin	3	its
2	576	effects	1	NA
2	577	only	1	NA
2	578	last	1	NA
2	579	about	1	NA
2	580	45	1	NA
2	581	minutes,	2	NA
2	582	so	1	NA
2	583	there	1	NA
2	584	may	1	NA
2	585	be	1	NA
2	586	practical	1	NA
2	587	considerations	1	NA
2	588	as	1	NA
2	589	to	1	NA
2	590	whether	1	NA
2	591	this	1	NA
2	592	could	1	NA
2	593	be	1	NA
2	594	used	1	NA
2	595	as	1	NA
2	596	a	1	NA
2	597	treatment.	2	NA
2	598	“From	3	NA
2	599	a	1	NA
2	600	scientific	1	NA
2	601	perspective,	2	NA
2	602	this	1	it
2	603	study	1	it
2	604	has	1	NA
2	605	a	1	NA
2	606	lot	1	NA
2	607	of	1	NA
2	608	evidence	1	NA
2	609	from	1	NA
2	610	animal	1	NA
2	611	and	1	NA
2	612	human	1	NA
2	613	work	1	NA
2	614	to	1	NA
2	615	justify	1	NA
2	616	serious	1	NA
2	617	attention,	2	NA
2	618	but	1	NA
2	619	more	1	NA
2	620	research	1	NA
2	621	is	1	NA
2	622	needed.	2	NA
2	623	Doctors	1	NA
2	624	should	1	NA
2	625	be	1	NA
2	626	cautious	1	NA
2	627	about	1	NA
2	628	the	1	NA
2	629	clinical	1	NA
2	630	potential	1	NA
2	631	of	1	NA
2	632	this	1	it
2	633	hormone	1	it
2	634	until	1	NA
2	635	we	1	NA
2	636	know	1	NA
2	637	much	1	NA
2	638	more	1	NA
2	639	about	1	NA
2	640	its	1	NA
2	641	benefits	1	NA
2	642	and	1	NA
2	643	risks,	2	NA
2	644	in	1	NA
2	645	much	1	NA
2	646	larger	1	NA
2	647	studies,”	4	NA
2	648	said	1	NA
2	649	Simon	1	he.
2	650	Baron-Cohen.	5	he.
2	651	Uta	2	NA
2	652	Frith,	3	NA
2	653	who	1	NA
2	654	studies	1	NA
2	655	autism	1	it
2	656	at	1	NA
2	657	University	1	NA
2	658	College	1	NA
2	659	London,	2	NA
2	660	said:	2	NA
2	661	“According	3	NA
2	662	to	1	NA
2	663	this	1	it,
2	664	study,	2	it,
2	665	oxytocin	3	it
2	666	may	1	NA
2	667	have	1	NA
2	668	the	1	it
2	669	effect	1	it
2	670	of	1	it
2	671	making	1	it
2	672	faces	1	it
2	673	more	1	it
2	674	interesting	1	it
2	675	as	1	NA
2	676	assessed	1	NA
2	677	by	1	NA
2	678	greater	1	it.
2	679	activity	1	it.
2	680	in	1	it.
2	681	brain	1	it.
2	682	structures	1	it.
2	683	concerned	1	it.
2	684	with	1	it.
2	685	reward	1	it.
2	686	evaluation.	2	it.
2	687	Disappointingly,	4	NA
2	688	this	1	it
2	689	effect	1	it
2	690	is	1	NA
2	691	seen	1	NA
2	692	only	1	NA
2	693	in	1	NA
2	694	brain	1	it
2	695	activity	1	it
2	696	and	1	NA
2	697	not	1	NA
2	698	in	1	NA
2	699	behavior.	2	it.
2	700	Demonstrating	3	NA
2	701	an	1	NA
2	702	effect	1	NA
2	703	on	1	NA
2	704	behavior	1	it
2	705	will	1	NA
2	706	be	1	NA
2	707	critical	1	NA
2	708	if	1	NA
2	709	nasal	1	it
2	710	spray	1	it
2	711	treatment	1	NA
2	712	is	1	NA
2	713	to	1	NA
2	714	be	1	NA
2	715	of	1	NA
2	716	any	1	NA
2	717	value.”	4	NA
3	0	American	1	They
3	1	researchers	1	They
3	2	say	1	NA
3	3	that	1	NA
3	4	a	1	NA
3	5	nasal	1	NA
3	6	spray	1	NA
3	7	containing	1	NA
3	8	the	1	NA
3	9	‘Love	3	NA
3	10	hormone'	2	NA
3	11	oxytocin	3	it
3	12	could	1	NA
3	13	help	1	NA
3	14	children	1	NA
3	15	with	1	NA
3	16	autism	1	NA
3	17	behave	1	NA
3	18	more	1	NA
3	19	normally	1	NA
3	20	in	1	NA
3	21	social	1	their.
3	22	situations.	2	their.
3	23	Scans	2	NA
3	24	of	1	NA
3	25	autistic	1	them
3	26	children	1	them
3	27	showed	1	NA
3	28	that	1	NA
3	29	the	1	it
3	30	chemical	1	it
3	31	made	1	NA
3	32	the	1	it.
3	33	brain	1	it.
3	34	respond	1	it.
3	35	better	1	it.
3	36	to	1	it.
3	37	faces.	2	it.
3	38	This	1	NA
3	39	could	1	NA
3	40	make	1	NA
3	41	social	1	NA
3	42	interactions	1	NA
3	43	easier	1	NA
3	44	for	1	NA
3	45	them.	2	NA
3	46	The	1	They
3	47	researchers	1	They
3	48	said	1	NA
3	49	oxytocin	3	it
3	50	might	1	NA
3	51	help	1	NA
3	52	other	1	NA
3	53	treatments	1	NA
3	54	that	1	NA
3	55	are	1	NA
3	56	used	1	NA
3	57	to	1	NA
3	58	help	1	NA
3	59	people	1	NA
3	60	with	1	NA
3	61	autism	1	NA
3	62	in	1	NA
3	63	social	1	their.
3	64	situations.	2	their.
3	65	“Over	3	NA
3	66	time,	2	NA
3	67	there	1	NA
3	68	would	1	NA
3	69	be	1	NA
3	70	more	1	NA
3	71	normal	1	NA
3	72	social	1	NA
3	73	responding.	2	NA
3	74	Autistic	2	NA
3	75	people	1	NA
3	76	would	1	NA
3	77	be	1	NA
3	78	more	1	NA
3	79	interested	1	NA
3	80	in	1	NA
3	81	interacting	1	NA
3	82	with	1	NA
3	83	other	1	NA
3	84	people;	2	NA
3	85	there	1	NA
3	86	would	1	NA
3	87	be	1	NA
3	88	more	1	NA
3	89	eye	1	NA
3	90	contact	1	NA
3	91	and	1	NA
3	92	more	1	NA
3	93	conversation,”	4	NA
3	94	said	1	NA
3	95	Kevin	1	he,
3	96	Pelphrey,	4	he,
3	97	of	1	NA
3	98	Yale	1	NA
3	99	University.	2	NA
3	100	Autism	1	It
3	101	is	1	NA
3	102	a	1	it.
3	103	disorder	1	it.
3	104	that	1	it.
3	105	one	1	it.
3	106	in	1	it.
3	107	100	1	it.
3	108	people	1	it.
3	109	have.	2	it.
3	110	It	1	NA
3	111	affects	1	NA
3	112	people	1	NA
3	113	in	1	NA
3	114	different	1	NA
3	115	ways,	2	NA
3	116	but	1	NA
3	117	causes	1	NA
3	118	difficulties	1	NA
3	119	in	1	NA
3	120	social	1	NA
3	121	interaction	1	NA
3	122	and	1	NA
3	123	communication.	2	NA
3	124	So	1	NA
3	125	far,	2	NA
3	126	there	1	NA
3	127	is	1	NA
3	128	no	1	NA
3	129	effective	1	NA
3	130	treatment	1	NA
3	131	for	1	NA
3	132	the	1	them.
3	133	social	1	them.
3	134	problems	1	them.
3	135	that	1	them.
3	136	autism	1	them.
3	137	causes.	2	them.
3	138	Researchers	1	They
3	139	at	1	They
3	140	Yale	1	They
3	141	have	1	NA
3	142	studied	1	NA
3	143	the	1	it.
3	144	brain	1	it.
3	145	chemical	1	it.
3	146	oxytocin.	4	it.
3	147	They	1	NA
3	148	say	1	NA
3	149	it	1	NA
3	150	is	1	NA
3	151	a	1	NA
3	152	possible	1	NA
3	153	treatment	1	NA
3	154	for	1	NA
3	155	the	1	them
3	156	social	1	them
3	157	problems	1	them
3	158	caused	1	them
3	159	by	1	them
3	160	autism	1	them
3	161	because	1	NA
3	162	it	1	NA
3	163	plays	1	NA
3	164	an	1	NA
3	165	important	1	NA
3	166	role	1	NA
3	167	in	1	NA
3	168	bonding	1	NA
3	169	and	1	NA
3	170	trust.	2	NA
3	171	But	1	NA
3	172	not	1	NA
3	173	all	1	NA
3	174	results	1	NA
3	175	are	1	NA
3	176	positive:	2	NA
3	177	one	1	NA
3	178	recent	1	NA
3	179	study	1	NA
3	180	found	1	NA
3	181	no	1	NA
3	182	significant	1	NA
3	183	benefit	1	NA
3	184	for	1	NA
3	185	young	1	NA
3	186	people	1	NA
3	187	who	1	NA
3	188	took	1	NA
3	189	the	1	it
3	190	chemical	1	it
3	191	for	1	NA
3	192	several	1	NA
3	193	days.	2	NA
3	194	But	1	NA
3	195	Pelphrey	3	he
3	196	said	1	NA
3	197	oxytocin	3	it
3	198	might	1	NA
3	199	help	1	NA
3	200	the	1	NA
3	201	brain	1	NA
3	202	learn	1	NA
3	203	from	1	NA
3	204	social	1	NA
3	205	interactions;	2	NA
3	206	it	1	NA
3	207	would	1	NA
3	208	work	1	NA
3	209	best	1	NA
3	210	when	1	NA
3	211	used	1	NA
3	212	together	1	NA
3	213	with	1	NA
3	214	therapies	1	NA
3	215	that	1	NA
3	216	encourage	1	NA
3	217	people	1	NA
3	218	with	1	NA
3	219	autism	1	NA
3	220	to	1	NA
3	221	interact	1	NA
3	222	more	1	NA
3	223	socially,	2	NA
3	224	he	1	NA
3	225	said.	2	NA
3	226	Scientists	1	They
3	227	tested	1	NA
3	228	17	1	them.
3	229	young	1	them.
3	230	people	1	them.
3	231	aged	1	them.
3	232	eight	1	them.
3	233	to	1	them.
3	234	16	1	them.
3	235	with	1	them.
3	236	autism.	2	them.
3	237	They	1	NA
3	238	gave	1	NA
3	239	them	1	NA
3	240	either	1	NA
3	241	oxytocin	3	NA
3	242	or	1	NA
3	243	a	1	NA
3	244	placebo	1	NA
3	245	through	1	NA
3	246	a	1	NA
3	247	nose	1	NA
3	248	spray.	2	NA
3	249	Then,	2	NA
3	250	the	1	they
3	251	scientists	1	they
3	252	scanned	1	they
3	253	their	1	they
3	254	brains	1	they
3	255	while	1	NA
3	256	they	1	NA
3	257	looked	1	NA
3	258	at	1	NA
3	259	images	1	NA
3	260	of	1	NA
3	261	cars	1	NA
3	262	or	1	NA
3	263	the	1	NA
3	264	eyes	1	NA
3	265	of	1	NA
3	266	people	1	NA
3	267	expressing	1	NA
3	268	different	1	NA
3	269	emotions.	2	NA
3	270	The	1	They
3	271	scans	1	They
3	272	showed	1	NA
3	273	that	1	NA
3	274	some	1	they
3	275	parts	1	they
3	276	of	1	they
3	277	the	1	they
3	278	children's	2	they
3	279	brains	1	they
3	280	behaved	1	NA
3	281	more	1	NA
3	282	normally	1	NA
3	283	after	1	NA
3	284	oxytocin:	4	it:
3	285	they	1	NA
3	286	were	1	NA
3	287	more	1	NA
3	288	active	1	NA
3	289	when	1	NA
3	290	the	1	NA
3	291	person	1	NA
3	292	was	1	NA
3	293	looking	1	NA
3	294	at	1	NA
3	295	faces	1	NA
3	296	and	1	NA
3	297	less	1	NA
3	298	active	1	NA
3	299	when	1	NA
3	300	the	1	NA
3	301	person	1	NA
3	302	was	1	NA
3	303	looking	1	NA
3	304	at	1	NA
3	305	the	1	NA
3	306	cars.	2	NA
3	307	“Our	3	“It
3	308	study	1	“It
3	309	suggests	1	NA
3	310	that	1	NA
3	311	oxytocin	3	it
3	312	might	1	NA
3	313	treat	1	NA
3	314	basic	1	it.
3	315	social	1	it.
3	316	motivation.	2	it.
3	317	This	1	NA
3	318	is	1	NA
3	319	something	1	it,”
3	320	for	1	it,”
3	321	which	1	it,”
3	322	we	1	it,”
3	323	don't	2	it,”
3	324	have	1	it,”
3	325	a	1	it,”
3	326	treatment	1	it,”
3	327	in	1	it,”
3	328	autism,”	4	it,”
3	329	said	1	NA
3	330	Pelphrey.	4	he.
3	331	He	1	NA
3	332	said	1	NA
3	333	that	1	NA
3	334	it	1	NA
3	335	was	1	NA
3	336	too	1	NA
3	337	early	1	NA
3	338	to	1	NA
3	339	use	1	NA
3	340	oxytocin	3	NA
3	341	as	1	NA
3	342	a	1	NA
3	343	treatment	1	NA
3	344	for	1	NA
3	345	the	1	them
3	346	social	1	them
3	347	difficulties	1	them
3	348	caused	1	them
3	349	by	1	them
3	350	autism	1	them
3	351	and	1	NA
3	352	said	1	NA
3	353	people	1	NA
3	354	should	1	NA
3	355	not	1	NA
3	356	buy	1	NA
3	357	oxytocin	3	it
3	358	online.	2	NA
3	359	“We	3	NA
3	360	don't	2	NA
3	361	want	1	NA
3	362	them	1	NA
3	363	to	1	NA
3	364	try	1	NA
3	365	oxytocin	3	it
3	366	at	1	NA
3	367	home.	2	NA
3	368	It	1	NA
3	369	is	1	NA
3	370	impossible	1	NA
3	371	to	1	it.
3	372	say	1	it.
3	373	what	1	it.
3	374	they	1	it.
3	375	are	1	it.
3	376	buying.	2	it.
3	377	This	1	NA
3	378	is	1	NA
3	379	not	1	NA
3	380	a	1	NA
3	381	treatment	1	NA
3	382	yet.	2	NA
3	383	It	1	NA
3	384	needs	1	NA
3	385	more	1	it,”
3	386	research,”	4	it,”
3	387	said	1	NA
3	388	Pelphrey.	4	he.
3	389	“This	3	NA
3	390	is	1	NA
3	391	an	1	it,”
3	392	important	1	it,”
3	393	new	1	it,”
3	394	study,”	4	it,”
3	395	said	1	NA
3	396	Simon	1	he,
3	397	Baron-Cohen,	5	he,
3	398	director	1	he.
3	399	of	1	he.
3	400	the	1	he.
3	401	Autism	1	he.
3	402	Research	1	he.
3	403	Center	1	he.
3	404	at	1	he.
3	405	Cambridge	1	he.
3	406	University.	2	he.
3	407	But,	2	NA
3	408	the	1	they
3	409	scientists	1	they
3	410	were	1	NA
3	411	surprised	1	NA
3	412	to	1	NA
3	413	find	1	NA
3	414	that	1	NA
3	415	oxytocin	3	it
3	416	did	1	NA
3	417	not	1	NA
3	418	help	1	NA
3	419	the	1	them
3	420	children	1	them
3	421	in	1	NA
3	422	social	1	NA
3	423	recognition	1	NA
3	424	tasks.	2	NA
3	425	It	1	NA
3	426	is	1	NA
3	427	also	1	NA
3	428	not	1	NA
3	429	known	1	NA
3	430	yet	1	NA
3	431	if	1	NA
3	432	oxytocin	3	it
3	433	only	1	NA
3	434	has	1	NA
3	435	benefits	1	NA
3	436	for	1	NA
3	437	people	1	NA
3	438	with	1	NA
3	439	autism	1	it
3	440	or	1	NA
3	441	has	1	NA
3	442	any	1	NA
3	443	bad	1	NA
3	444	side	1	NA
3	445	effects.	2	NA
3	446	Finally,	2	NA
3	447	oxytocin	3	its
3	448	effects	1	NA
3	449	only	1	NA
3	450	last	1	NA
3	451	about	1	NA
3	452	45	1	NA
3	453	minutes,	2	NA
3	454	so	1	NA
3	455	it	1	NA
3	456	might	1	NA
3	457	be	1	NA
3	458	difficult	1	NA
3	459	to	1	it.
3	460	use	1	it.
3	461	it	1	it.
3	462	as	1	it.
3	463	a	1	it.
3	464	treatment.	2	it.
3	465	“This	3	“It
3	466	study	1	“It
3	467	has	1	NA
3	468	a	1	NA
3	469	lot	1	NA
3	470	of	1	NA
3	471	evidence	1	NA
3	472	from	1	NA
3	473	animal	1	NA
3	474	and	1	NA
3	475	human	1	NA
3	476	work	1	NA
3	477	to	1	NA
3	478	show	1	NA
3	479	that	1	NA
3	480	oxytocin	3	it
3	481	helps,	2	NA
3	482	but	1	NA
3	483	we	1	NA
3	484	need	1	NA
3	485	more	1	it,”
3	486	research,”	4	it,”
3	487	said	1	NA
3	488	Simon	1	he.
3	489	Baron-Cohen.	5	he.
3	490	Uta	2	She,
3	491	Frith,	3	She,
3	492	who	1	She,
3	493	studies	1	She,
3	494	autism	1	She,
3	495	at	1	She,
3	496	University	1	She,
3	497	College	1	She,
3	498	London,	2	She,
3	499	said:	2	NA
3	500	“According	3	NA
3	501	to	1	NA
3	502	this	1	it,
3	503	study,	2	it,
3	504	oxytocin	3	it.
3	505	may	1	it.
3	506	make	1	it.
3	507	faces	1	it.
3	508	more	1	it.
3	509	interesting.	2	it.
3	510	Disappointingly,	4	NA
3	511	this	1	it
3	512	effect	1	it
3	513	is	1	NA
3	514	seen	1	NA
3	515	only	1	NA
3	516	in	1	NA
3	517	brain	1	its
3	518	activity	1	NA
3	519	and	1	NA
3	520	not	1	NA
3	521	in	1	NA
3	522	behavior.”	4	its.”
3	523	She	1	NA
3	524	said	1	NA
3	525	that,	2	NA
3	526	if	1	NA
3	527	we	1	NA
3	528	want	1	NA
3	529	oxytocin	3	it
3	530	to	1	NA
3	531	become	1	NA
3	532	a	1	NA
3	533	useful	1	NA
3	534	treatment	1	NA
3	535	for	1	NA
3	536	autism,	2	it,
3	537	we	1	NA
3	538	need	1	NA
3	539	to	1	NA
3	540	show	1	NA
3	541	that	1	NA
3	542	is	1	it
3	543	has	1	NA
3	544	an	1	NA
3	545	effect	1	NA
3	546	on	1	NA
3	547	behavior.	2	it.
4	0	They	1	NA
4	1	call	1	NA
4	2	him	1	him,
4	3	the	1	him,
4	4	Robin	1	him,
4	5	Hood	1	him,
4	6	of	1	him,
4	7	the	1	him,
4	8	banks,	2	him,
4	9	a	1	he.
4	10	man	1	he.
4	11	who	1	he.
4	12	took	1	he.
4	13	out	1	he.
4	14	dozens	1	he.
4	15	of	1	he.
4	16	loans,	2	he.
4	17	worth	1	he.
4	18	almost	1	he.
4	19	half	1	he.
4	20	a	1	he.
4	21	million	1	he.
4	22	euros,	2	he.
4	23	with	1	he.
4	24	no	1	he.
4	25	intention	1	he.
4	26	of	1	he.
4	27	ever	1	he.
4	28	paying	1	he.
4	29	them	1	he.
4	30	back.	2	he.
4	31	Instead,	2	NA
4	32	Enric	2	he
4	33	Duran	2	he
4	34	handed	1	NA
4	35	the	1	it
4	36	money	1	it
4	37	out	1	NA
4	38	to	1	NA
4	39	projects	1	NA
4	40	that	1	NA
4	41	created	1	NA
4	42	and	1	NA
4	43	promoted	1	NA
4	44	alternatives	1	them.
4	45	to	1	them.
4	46	capitalism.	2	them.
4	47	After	1	NA
4	48	14	1	NA
4	49	months	1	NA
4	50	in	1	NA
4	51	hiding,	2	NA
4	52	Duran	2	he
4	53	is	1	NA
4	54	unapologetic,	4	NA
4	55	even	1	NA
4	56	though	1	NA
4	57	his	1	they
4	58	activities	1	they
4	59	could	1	NA
4	60	land	1	NA
4	61	him	1	NA
4	62	in	1	NA
4	63	jail.	2	NA
4	64	“I'm	4	NA
4	65	proud	1	NA
4	66	of	1	NA
4	67	what	1	NA
4	68	I	1	NA
4	69	did,”	4	NA
4	70	he	1	NA
4	71	said	1	NA
4	72	in	1	NA
4	73	an	1	NA
4	74	interview	1	NA
4	75	by	1	NA
4	76	Skype	1	NA
4	77	from	1	NA
4	78	an	1	NA
4	79	undisclosed	1	NA
4	80	location.	2	NA
4	81	From	1	NA
4	82	2006	1	NA
4	83	to	1	NA
4	84	2008,	2	NA
4	85	Duran	2	he
4	86	took	1	NA
4	87	out	1	NA
4	88	68	1	them
4	89	commercial	1	them
4	90	and	1	them
4	91	personal	1	them
4	92	loans	1	them
4	93	from	1	NA
4	94	39	1	them.
4	95	banks	1	them.
4	96	in	1	them.
4	97	Spain.	2	them.
4	98	He	1	NA
4	99	farmed	2	NA
4	100	the	1	it
4	101	money	1	it
4	102	out	1	NA
4	103	to	1	NA
4	104	social	1	them,
4	105	activists,	2	them,
4	106	funding	1	NA
4	107	speaking	1	NA
4	108	tours	1	NA
4	109	against	1	NA
4	110	capitalism	1	it
4	111	and	1	NA
4	112	TV	1	NA
4	113	cameras	1	NA
4	114	for	1	NA
4	115	a	1	NA
4	116	media	1	NA
4	117	network.	2	NA
4	118	“I	3	NA
4	119	saw	1	NA
4	120	that,	2	NA
4	121	on	1	NA
4	122	one	1	NA
4	123	side,	2	NA
4	124	these	1	they
4	125	social	1	they
4	126	movements	1	they
4	127	were	1	NA
4	128	building	1	NA
4	129	alternatives	1	them
4	130	but	1	NA
4	131	that	1	NA
4	132	they	1	NA
4	133	lacked	1	NA
4	134	resources	1	NA
4	135	and	1	NA
4	136	communication	1	NA
4	137	capacities,”	4	NA
4	138	he	1	NA
4	139	said.	2	NA
4	140	“Meanwhile,	4	NA
4	141	our	1	it
4	142	economy	1	it
4	143	was	1	NA
4	144	perpetually	1	NA
4	145	growing,	2	NA
4	146	which	1	NA
4	147	lead	1	NA
4	148	to	1	NA
4	149	a	1	it.”
4	150	system	1	it.”
4	151	that	1	it.”
4	152	created	1	it.”
4	153	money	1	it.”
4	154	out	1	it.”
4	155	of	1	it.”
4	156	nothing.”	4	it.”
4	157	The	1	they
4	158	loans	1	they
4	159	Duran	2	they
4	160	swindled	3	they
4	161	from	1	they
4	162	banks	1	they
4	163	were	1	NA
4	164	his	1	them,
4	165	way	1	them,
4	166	of	1	them,
4	167	regulating	1	them,
4	168	and	1	them,
4	169	denouncing	1	them,
4	170	this	1	them,
4	171	situation,	2	them,
4	172	he	1	NA
4	173	said.	2	NA
4	174	He	1	NA
4	175	started	1	NA
4	176	slowly.	2	NA
4	177	“I	3	NA
4	178	filled	1	NA
4	179	out	1	NA
4	180	a	1	NA
4	181	few	1	NA
4	182	credit	1	NA
4	183	applications	1	NA
4	184	with	1	NA
4	185	my	1	NA
4	186	real	1	NA
4	187	details.	2	NA
4	188	They	1	NA
4	189	denied	1	NA
4	190	me,	2	NA
4	191	but	1	NA
4	192	I	1	NA
4	193	just	1	NA
4	194	wanted	1	NA
4	195	to	1	NA
4	196	get	1	NA
4	197	a	1	NA
4	198	feel	1	NA
4	199	for	1	NA
4	200	what	1	NA
4	201	they	1	NA
4	202	were	1	NA
4	203	asking	1	NA
4	204	for.”	4	NA
4	205	From	1	NA
4	206	there,	2	NA
4	207	the	1	he
4	208	former	1	he
4	209	table-tennis	4	he
4	210	coach	1	he
4	211	began	1	NA
4	212	to	1	NA
4	213	weave	1	NA
4	214	an	1	NA
4	215	intricate	1	NA
4	216	web	1	NA
4	217	of	1	NA
4	218	accounts,	2	NA
4	219	payments	1	NA
4	220	and	1	NA
4	221	transfers.	2	NA
4	222	“I	3	NA
4	223	was	1	NA
4	224	learning	1	NA
4	225	constantly.”	4	NA
4	226	By	1	NA
4	227	the	1	NA
4	228	summer	1	NA
4	229	of	1	NA
4	230	2007,	2	NA
4	231	he	1	NA
4	232	had	1	NA
4	233	discovered	1	NA
4	234	how	1	NA
4	235	to	1	NA
4	236	make	1	NA
4	237	the	1	it
4	238	system	1	it
4	239	work,	2	NA
4	240	applying	1	NA
4	241	for	1	NA
4	242	loans	1	NA
4	243	under	1	NA
4	244	the	1	NA
4	245	name	1	NA
4	246	of	1	NA
4	247	a	1	NA
4	248	false	1	NA
4	249	television	1	NA
4	250	production	1	NA
4	251	company.	2	NA
4	252	“Then,	4	NA
4	253	I	1	NA
4	254	managed	1	NA
4	255	to	1	NA
4	256	get	1	NA
4	257	a	1	NA
4	258	lot.”	4	NA
4	259	€492,000,	5	NA
4	260	to	1	NA
4	261	be	1	NA
4	262	exact.	2	NA
4	263	Duran	2	He
4	264	was	1	NA
4	265	arrested	1	NA
4	266	in	1	NA
4	267	Spain	1	it
4	268	in	1	NA
4	269	2009,	2	NA
4	270	on	1	NA
4	271	charges	1	NA
4	272	brought	1	NA
4	273	against	1	NA
4	274	him	1	NA
4	275	by	1	NA
4	276	six	1	NA
4	277	of	1	NA
4	278	the	1	them.
4	279	39	1	them.
4	280	banks	1	them.
4	281	that	1	them.
4	282	had	1	them.
4	283	lent	1	them.
4	284	him	1	them.
4	285	money.	2	them.
4	286	He	1	NA
4	287	spent	1	NA
4	288	two	1	NA
4	289	months	1	NA
4	290	in	1	NA
4	291	prison	1	it
4	292	before	1	NA
4	293	being	1	NA
4	294	bailed	1	NA
4	295	for	1	NA
4	296	€50,000.	5	NA
4	297	In	1	NA
4	298	February	1	NA
4	299	2013,	2	NA
4	300	facing	1	NA
4	301	up	1	NA
4	302	to	1	NA
4	303	eight	1	NA
4	304	years	1	NA
4	305	in	1	NA
4	306	prison,	2	it,
4	307	he	1	NA
4	308	decided	1	NA
4	309	to	1	NA
4	310	flee	1	NA
4	311	rather	1	NA
4	312	than	1	NA
4	313	stand	1	NA
4	314	trial.	2	NA
4	315	“I	3	NA
4	316	don't	2	NA
4	317	see	1	NA
4	318	legitimacy	1	NA
4	319	in	1	NA
4	320	a	1	it,
4	321	judicial	1	it,
4	322	system	1	it,
4	323	based	1	it,
4	324	on	1	it,
4	325	authority,	2	it,
4	326	because	1	NA
4	327	I	1	NA
4	328	don't	2	NA
4	329	recognize	1	NA
4	330	its	1	its,”
4	331	authority,”	4	its,”
4	332	he	1	NA
4	333	said.	2	NA
4	334	His	1	They,
4	335	actions,	2	They,
4	336	he	1	NA
4	337	said,	2	NA
4	338	were	1	NA
4	339	in	1	NA
4	340	the	1	NA
4	341	vanguard	2	NA
4	342	of	1	NA
4	343	a	1	NA
4	344	worldwide	1	NA
4	345	debate	1	NA
4	346	on	1	NA
4	347	the	1	NA
4	348	economic	1	NA
4	349	crisis.	2	NA
4	350	The	1	NA
4	351	timing	1	NA
4	352	pushed	1	NA
4	353	the	1	it
4	354	anti-capitalist	3	it
4	355	movement	1	it
4	356	into	1	NA
4	357	the	1	NA
4	358	light,	2	NA
4	359	just	1	NA
4	360	as	1	NA
4	361	many	1	they
4	362	Spaniards	2	they
4	363	were	1	NA
4	364	seeking	1	NA
4	365	alternatives	1	NA
4	366	to	1	NA
4	367	a	1	it.
4	368	system	1	it.
4	369	that	1	it.
4	370	had	1	it.
4	371	wreaked	2	it.
4	372	havoc	1	it.
4	373	on	1	it.
4	374	their	1	it.
4	375	lives.	2	it.
4	376	While	1	NA
4	377	the	1	they
4	378	same	1	they
4	379	actions	1	they
4	380	would	1	NA
4	381	probably	1	NA
4	382	be	1	NA
4	383	better	1	NA
4	384	understood	1	NA
4	385	in	1	NA
4	386	today's	2	NA
4	387	Spain,	2	NA
4	388	he	1	NA
4	389	said	1	NA
4	390	that	1	NA
4	391	they	1	NA
4	392	would	1	NA
4	393	not	1	NA
4	394	be	1	NA
4	395	needed.	2	NA
4	396	The	1	It
4	397	anti-capitalist	3	It
4	398	movement	1	It
4	399	has	1	NA
4	400	grown	1	NA
4	401	from	1	NA
4	402	a	1	NA
4	403	fringe	1	NA
4	404	movement	1	NA
4	405	to	1	NA
4	406	one	1	NA
4	407	supported	1	NA
4	408	by	1	NA
4	409	thousands	1	NA
4	410	of	1	NA
4	411	Spaniards,	3	NA
4	412	he	1	NA
4	413	said,	2	NA
4	414	evidenced	1	NA
4	415	by	1	NA
4	416	the	1	NA
4	417	widely	1	NA
4	418	supported	1	NA
4	419	movements	1	NA
4	420	such	1	NA
4	421	as	1	NA
4	422	the	1	NA
4	423	Indignados.	4	NA
4	424	Duran	2	He
4	425	is	1	NA
4	426	widening	1	NA
4	427	his	1	NA
4	428	focus	1	NA
4	429	to	1	NA
4	430	include	1	NA
4	431	Spain's	2	its
4	432	justice	1	NA
4	433	system,	2	NA
4	434	by	1	NA
4	435	promoting	1	NA
4	436	restorative	2	NA
4	437	justice.	2	NA
4	438	“The	3	“They,
4	439	people	1	“They,
4	440	in	1	“They,
4	441	Spain	1	“They,
4	442	who	1	“They,
4	443	believe	1	“They,
4	444	that	1	“They,
4	445	banks	1	“They,
4	446	don't	2	“They,
4	447	work,	2	“They,
4	448	they	1	NA
4	449	think	1	NA
4	450	that	1	NA
4	451	I	1	I.
4	452	don't	2	I.
4	453	owe	1	I.
4	454	anything.	2	I.
4	455	I	1	NA
4	456	also	1	NA
4	457	think	1	NA
4	458	that,”	4	NA
4	459	he	1	NA
4	460	said.	2	NA
4	461	“But	3	NA
4	462	there	1	NA
4	463	is	1	NA
4	464	a	1	them
4	465	part	1	them
4	466	of	1	them
4	467	a	1	them
4	468	population	1	them
4	469	that	1	them
4	470	is	1	them
4	471	not	1	them
4	472	in	1	them
4	473	agreement	1	them
4	474	with	1	them
4	475	us	1	them
4	476	and	1	NA
4	477	I	1	NA
4	478	think	1	NA
4	479	I	1	NA
4	480	should	1	NA
4	481	respond	1	NA
4	482	to	1	NA
4	483	that.”	4	NA
4	484	In	1	NA
4	485	his	1	NA
4	486	case,	2	NA
4	487	he	1	NA
4	488	said,	2	NA
4	489	the	1	NA
4	490	element	1	NA
4	491	of	1	NA
4	492	reciprocity	2	NA
4	493	he	1	NA
4	494	could	1	NA
4	495	offer	1	NA
4	496	to	1	NA
4	497	banks	1	them
4	498	might	1	NA
4	499	lie	1	NA
4	500	in	1	NA
4	501	the	1	NA
4	502	insight	1	NA
4	503	he	1	NA
4	504	gleaned	2	NA
4	505	from	1	NA
4	506	years	1	NA
4	507	of	1	NA
4	508	obtaining	1	NA
4	509	bank	1	its
4	510	loans	1	NA
4	511	fraudulently.	4	NA
4	512	He	1	NA
4	513	could	1	NA
4	514	share	1	NA
4	515	his	1	NA
4	516	thoughts	1	NA
4	517	on	1	NA
4	518	“which	3	NA
4	519	best	1	NA
4	520	practices	1	NA
4	521	work	1	NA
4	522	and	1	NA
4	523	the	1	NA
4	524	bad	1	NA
4	525	ones	1	NA
4	526	that	1	NA
4	527	don't,	3	NA
4	528	for	1	NA
4	529	the	1	NA
4	530	general	1	NA
4	531	population	1	NA
4	532	and	1	NA
4	533	for	1	NA
4	534	bank	1	its
4	535	workers”.	4	NA
5	0	They	1	NA
5	1	call	1	NA
5	2	him	1	him.
5	3	the	1	him.
5	4	Robin	1	him.
5	5	Hood	1	him.
5	6	of	1	him.
5	7	the	1	him.
5	8	banks.	2	him.
5	9	He	1	NA
5	10	is	1	NA
5	11	a	1	him.
5	12	man	1	him.
5	13	who	1	him.
5	14	took	1	him.
5	15	out	1	him.
5	16	loans	1	him.
5	17	for	1	him.
5	18	almost	1	him.
5	19	half	1	him.
5	20	a	1	him.
5	21	million	1	him.
5	22	euros	1	him.
5	23	and	1	him.
5	24	never	1	him.
5	25	paid	1	him.
5	26	the	1	him.
5	27	money	1	him.
5	28	back.	2	him.
5	29	Enric	2	He
5	30	Duran	2	He
5	31	gave	1	NA
5	32	the	1	it
5	33	money	1	it
5	34	to	1	NA
5	35	projects	1	NA
5	36	that	1	NA
5	37	created	1	NA
5	38	and	1	NA
5	39	supported	1	NA
5	40	alternatives	1	them.
5	41	to	1	them.
5	42	capitalism.	2	them.
5	43	Duran	2	He
5	44	has	1	NA
5	45	spent	1	NA
5	46	14	1	NA
5	47	months	1	NA
5	48	in	1	NA
5	49	hiding.	2	NA
5	50	He	1	NA
5	51	will	1	NA
5	52	not	1	NA
5	53	say	1	NA
5	54	he	1	NA
5	55	is	1	NA
5	56	sorry,	2	NA
5	57	even	1	NA
5	58	though	1	NA
5	59	he	1	NA
5	60	might	1	NA
5	61	go	1	NA
5	62	to	1	NA
5	63	prison	1	it
5	64	for	1	NA
5	65	what	1	NA
5	66	he	1	NA
5	67	has	1	NA
5	68	done.	2	NA
5	69	“I'm	4	NA
5	70	proud	1	NA
5	71	of	1	NA
5	72	what	1	NA
5	73	I've	2	NA
5	74	done,”	4	NA
5	75	he	1	NA
5	76	said	1	NA
5	77	in	1	NA
5	78	an	1	NA
5	79	interview	1	NA
5	80	by	1	NA
5	81	Skype	1	NA
5	82	from	1	NA
5	83	a	1	NA
5	84	secret	1	NA
5	85	location.	2	NA
5	86	From	1	NA
5	87	2006	1	it
5	88	to	1	NA
5	89	2008,	2	it,
5	90	Duran	2	he
5	91	took	1	NA
5	92	out	1	NA
5	93	68	1	them
5	94	loans	1	them
5	95	from	1	NA
5	96	39	1	NA
5	97	banks	1	NA
5	98	in	1	NA
5	99	Spain.	2	it.
5	100	He	1	NA
5	101	gave	1	NA
5	102	the	1	it
5	103	money	1	it
5	104	to	1	NA
5	105	social	1	them.
5	106	activists.	2	them.
5	107	They	1	NA
5	108	used	1	NA
5	109	the	1	it
5	110	money	1	it
5	111	to	1	NA
5	112	pay	1	NA
5	113	for	1	NA
5	114	speaking	1	NA
5	115	tours	1	NA
5	116	against	1	NA
5	117	capitalism	1	it
5	118	and	1	NA
5	119	TV	1	NA
5	120	cameras	1	NA
5	121	for	1	NA
5	122	a	1	NA
5	123	media	1	NA
5	124	network.	2	NA
5	125	He	1	NA
5	126	said	1	NA
5	127	that	1	NA
5	128	these	1	they
5	129	social	1	they
5	130	activists	1	they
5	131	didn't	2	NA
5	132	have	1	NA
5	133	enough	1	NA
5	134	money.	2	NA
5	135	At	1	NA
5	136	the	1	NA
5	137	same	1	NA
5	138	time,	2	NA
5	139	he	1	NA
5	140	said,	2	NA
5	141	the	1	it
5	142	economy	1	it
5	143	was	1	NA
5	144	constantly	1	NA
5	145	growing,	2	NA
5	146	which	1	NA
5	147	created	1	NA
5	148	money	1	NA
5	149	from	1	NA
5	150	nothing.	2	NA
5	151	The	1	They
5	152	loans	1	They
5	153	Duran	2	They
5	154	took	1	They
5	155	out	1	They
5	156	dishonestly	2	They
5	157	from	1	They
5	158	banks	1	They
5	159	were	1	NA
5	160	his	1	it,
5	161	way	1	it,
5	162	of	1	it,
5	163	showing	1	it,
5	164	that	1	it,
5	165	this	1	it,
5	166	situation	1	it,
5	167	was	1	it,
5	168	wrong,	2	it,
5	169	he	1	NA
5	170	said.	2	NA
5	171	He	1	NA
5	172	started	1	NA
5	173	slowly.	2	NA
5	174	He	1	NA
5	175	tried	1	NA
5	176	to	1	NA
5	177	take	1	NA
5	178	out	1	NA
5	179	a	1	NA
5	180	few	1	NA
5	181	bank	1	NA
5	182	loans	1	NA
5	183	using	1	NA
5	184	his	1	NA
5	185	real	1	NA
5	186	details.	2	NA
5	187	The	1	They
5	188	banks	1	They
5	189	said	1	NA
5	190	no.	2	NA
5	191	Then,	2	NA
5	192	he	1	NA
5	193	learned	1	NA
5	194	how	1	NA
5	195	to	1	NA
5	196	get	1	NA
5	197	money	1	NA
5	198	from	1	NA
5	199	the	1	them.
5	200	banks.	2	them.
5	201	“I	3	NA
5	202	was	1	NA
5	203	learning	1	NA
5	204	all	1	NA
5	205	the	1	NA
5	206	time.”	4	NA
5	207	By	1	NA
5	208	the	1	NA
5	209	summer	1	NA
5	210	of	1	NA
5	211	2007,	2	NA
5	212	he	1	NA
5	213	learned	1	NA
5	214	how	1	NA
5	215	to	1	NA
5	216	make	1	NA
5	217	the	1	it
5	218	system	1	it
5	219	work	1	NA
5	220	–	1	NA
5	221	he	1	NA
5	222	took	1	NA
5	223	out	1	NA
5	224	loans	1	NA
5	225	under	1	NA
5	226	the	1	NA
5	227	name	1	NA
5	228	of	1	NA
5	229	a	1	NA
5	230	false	1	NA
5	231	television	1	NA
5	232	production	1	NA
5	233	company.	2	NA
5	234	This	1	NA
5	235	way,	2	NA
5	236	he	1	NA
5	237	got	1	NA
5	238	a	1	NA
5	239	lot	1	NA
5	240	of	1	NA
5	241	money.	2	NA
5	242	€492,000,	5	NA
5	243	to	1	NA
5	244	be	1	NA
5	245	exact.	2	NA
5	246	Duran	2	He
5	247	was	1	NA
5	248	arrested	1	NA
5	249	in	1	NA
5	250	Spain	1	it
5	251	in	1	NA
5	252	2009.	2	NA
5	253	He	1	NA
5	254	spent	1	NA
5	255	two	1	NA
5	256	months	1	NA
5	257	in	1	NA
5	258	prison;	2	it;
5	259	then,	2	NA
5	260	they	1	NA
5	261	let	1	NA
5	262	him	1	NA
5	263	out	1	NA
5	264	on	1	NA
5	265	€50,000	4	NA
5	266	bail.	2	NA
5	267	In	1	NA
5	268	February	1	NA
5	269	2013,	2	NA
5	270	with	1	NA
5	271	the	1	NA
5	272	possibility	1	NA
5	273	of	1	NA
5	274	up	1	NA
5	275	to	1	NA
5	276	eight	1	NA
5	277	years	1	NA
5	278	in	1	NA
5	279	prison,	2	NA
5	280	he	1	NA
5	281	decided	1	NA
5	282	to	1	NA
5	283	run	1	NA
5	284	away.	2	NA
5	285	His	1	NA
5	286	actions	1	NA
5	287	in	1	NA
5	288	2006	1	it
5	289	to	1	NA
5	290	2008	1	it
5	291	made	1	NA
5	292	many	1	NA
5	293	people	1	NA
5	294	notice	1	NA
5	295	the	1	it
5	296	anti-capitalist	3	it
5	297	movement	1	it
5	298	for	1	NA
5	299	the	1	NA
5	300	first	1	NA
5	301	time.	2	NA
5	302	This	1	NA
5	303	happened	1	NA
5	304	at	1	NA
5	305	a	1	NA
5	306	time	1	NA
5	307	when	1	NA
5	308	many	1	they
5	309	Spanish	1	they
5	310	people	1	they
5	311	were	1	NA
5	312	looking	1	NA
5	313	for	1	NA
5	314	alternatives	1	them.
5	315	to	1	them.
5	316	a	1	them.
5	317	system	1	them.
5	318	that	1	them.
5	319	has	1	them.
5	320	caused	1	them.
5	321	problems	1	them.
5	322	in	1	them.
5	323	their	1	them.
5	324	lives.	2	them.
5	325	In	1	NA
5	326	today's	2	NA
5	327	Spain,	2	NA
5	328	thousands	1	NA
5	329	of	1	NA
5	330	people	1	NA
5	331	support	1	NA
5	332	the	1	it
5	333	anti-capitalist	3	it
5	334	movement	1	it
5	335	and	1	NA
5	336	groups	1	NA
5	337	such	1	NA
5	338	as	1	NA
5	339	the	1	NA
5	340	Indignados.	4	NA
5	341	Duran	2	He
5	342	says	1	NA
5	343	he	1	NA
5	344	does	1	NA
5	345	not	1	NA
5	346	want	1	NA
5	347	to	1	NA
5	348	give	1	NA
5	349	back	1	NA
5	350	the	1	it
5	351	money	1	it
5	352	to	1	NA
5	353	the	1	them
5	354	banks	1	them
5	355	but	1	NA
5	356	he	1	NA
5	357	can	1	NA
5	358	offer	1	NA
5	359	them	1	NA
5	360	something.	2	NA
5	361	He	1	NA
5	362	learned	1	NA
5	363	a	1	NA
5	364	lot	1	NA
5	365	in	1	NA
5	366	the	1	NA
5	367	years	1	NA
5	368	when	1	NA
5	369	he	1	NA
5	370	was	1	NA
5	371	taking	1	NA
5	372	loans	1	NA
5	373	out	1	NA
5	374	dishonestly,	3	NA
5	375	so	1	NA
5	376	he	1	NA
5	377	can	1	NA
5	378	show	1	NA
5	379	the	1	them
5	380	banks	1	them
5	381	how	1	NA
5	382	they	1	NA
5	383	can	1	NA
5	384	improve	1	NA
5	385	things	1	NA
5	386	for	1	NA
5	387	people	1	NA
5	388	in	1	NA
5	389	general	1	NA
5	390	and	1	NA
5	391	for	1	NA
5	392	bank	1	NA
5	393	workers.	2	NA
6	0	How	1	NA
6	1	far	1	NA
6	2	away	1	NA
6	3	are	1	NA
6	4	we	1	NA
6	5	from	1	NA
6	6	a	1	NA
6	7	world	1	NA
6	8	where	1	NA
6	9	drones	1	they
6	10	deliver	1	NA
6	11	packages?	2	NA
6	12	If	1	NA
6	13	Amazon	1	it
6	14	is	1	NA
6	15	to	1	NA
6	16	be	1	NA
6	17	believed,	2	NA
6	18	not	1	NA
6	19	far	1	NA
6	20	at	1	NA
6	21	all.	2	NA
6	22	Others	1	NA
6	23	are	1	NA
6	24	not	1	NA
6	25	so	1	NA
6	26	sure:	2	NA
6	27	technical	1	it
6	28	progress	1	it
6	29	past	1	it
6	30	this	1	it
6	31	point	1	it
6	32	isn't	2	NA
6	33	merely	1	NA
6	34	a	1	NA
6	35	matter	1	NA
6	36	of	1	NA
6	37	invention;	2	NA
6	38	it's	2	NA
6	39	a	1	it.
6	40	matter	1	it.
6	41	of	1	it.
6	42	public	1	it.
6	43	safety.	2	it.
6	44	Paul	1	He,
6	45	Misener,	3	He,
6	46	Amazon's	2	he,
6	47	vice-president	3	he,
6	48	of	1	he,
6	49	global	1	he,
6	50	public	1	he,
6	51	policy,	2	he,
6	52	told	1	NA
6	53	a	1	NA
6	54	congressional	1	NA
6	55	hearing	1	NA
6	56	recently	1	NA
6	57	that	1	NA
6	58	his	1	his
6	59	company	1	his
6	60	would	1	NA
6	61	be	1	NA
6	62	ready	1	NA
6	63	as	1	NA
6	64	soon	1	NA
6	65	as	1	NA
6	66	all	1	NA
6	67	the	1	NA
6	68	rules	1	NA
6	69	were	1	NA
6	70	in	1	NA
6	71	place.	2	NA
6	72	The	1	It
6	73	Federal	1	It
6	74	Aviation	1	It
6	75	Authority	1	It
6	76	(FAA)	4	(it)
6	77	will	1	NA
6	78	finally	1	NA
6	79	have	1	NA
6	80	regulations	1	them
6	81	governing	1	them
6	82	the	1	them
6	83	commercial	1	them
6	84	use	1	them
6	85	of	1	them
6	86	unmanned	1	them
6	87	aircraft	1	them
6	88	by	1	NA
6	89	June	1	NA
6	90	2016.	2	NA
6	91	But	1	NA
6	92	the	1	NA
6	93	technology	1	NA
6	94	has	1	NA
6	95	a	1	NA
6	96	long	1	NA
6	97	way	1	NA
6	98	to	1	NA
6	99	go	1	NA
6	100	before	1	NA
6	101	then	1	NA
6	102	and	1	NA
6	103	larger	1	NA
6	104	machines	1	NA
6	105	aren't	2	NA
6	106	airway-legal	4	NA
6	107	at	1	NA
6	108	all	1	NA
6	109	yet	1	NA
6	110	–	1	NA
6	111	only	1	NA
6	112	drones	1	NA
6	113	up	1	NA
6	114	to	1	NA
6	115	25kg	2	NA
6	116	will	1	NA
6	117	be	1	NA
6	118	covered	1	NA
6	119	and	1	NA
6	120	the	1	it
6	121	FAA	1	it
6	122	points	1	NA
6	123	out	1	NA
6	124	in	1	NA
6	125	the	1	its
6	126	proposed	1	its
6	127	rules	1	its
6	128	that,	2	NA
6	129	if	1	NA
6	130	you're	2	NA
6	131	going	1	NA
6	132	to	1	NA
6	133	crowd	1	NA
6	134	the	1	NA
6	135	skies	1	NA
6	136	with	1	NA
6	137	radio-controlled	3	them,
6	138	flying	1	them,
6	139	robots,	2	them,
6	140	they	1	NA
6	141	had	1	NA
6	142	better	1	NA
6	143	all	1	NA
6	144	be	1	NA
6	145	using	1	NA
6	146	different	1	NA
6	147	radio	1	NA
6	148	frequencies	1	NA
6	149	that	1	NA
6	150	nobody	1	NA
6	151	can	1	NA
6	152	jam	1	NA
6	153	or	1	NA
6	154	hijack.	3	NA
6	155	Professor	1	He,
6	156	Sanjiv	3	He,
6	157	Singh,	2	He,
6	158	who	1	He,
6	159	runs	1	He,
6	160	a	1	He,
6	161	cargo	1	He,
6	162	delivery	1	He,
6	163	company	1	He,
6	164	called	1	He,
6	165	NearEarth,	3	He,
6	166	said	1	NA
6	167	that	1	NA
6	168	piloting	2	NA
6	169	a	1	it
6	170	state-of-the-art	7	it
6	171	drone	1	it
6	172	was	1	NA
6	173	a	1	NA
6	174	little	1	NA
6	175	more	1	NA
6	176	like	1	NA
6	177	leaving	1	NA
6	178	it	1	NA
6	179	a	1	NA
6	180	trail	1	NA
6	181	of	1	NA
6	182	breadcrumbs:	4	NA
6	183	go	1	NA
6	184	to	1	NA
6	185	this	1	NA
6	186	altitude,	2	NA
6	187	perform	1	NA
6	188	this	1	NA
6	189	short	1	NA
6	190	task,	2	NA
6	191	go	1	NA
6	192	back	1	NA
6	193	home.	2	NA
6	194	But	1	NA
6	195	even	1	NA
6	196	short	1	NA
6	197	flights	1	NA
6	198	from	1	NA
6	199	a	1	NA
6	200	mobile	1	NA
6	201	landing	1	NA
6	202	pad	1	NA
6	203	pose	1	NA
6	204	serious	1	NA
6	205	logistical	1	NA
6	206	problems,	2	NA
6	207	he	1	NA
6	208	said.	2	NA
6	209	“They're	4	NA
6	210	not	1	NA
6	211	proposing	1	NA
6	212	to	1	NA
6	213	deliver	1	NA
6	214	from	1	NA
6	215	one	1	NA
6	216	uninhabited	3	NA
6	217	place	1	NA
6	218	to	1	NA
6	219	another	1	NA
6	220	uninhabited	3	NA
6	221	place;	2	NA
6	222	they're	2	NA
6	223	proposing	1	NA
6	224	to	1	NA
6	225	deliver	1	NA
6	226	from	1	NA
6	227	a	1	NA
6	228	warehouse	1	NA
6	229	to	1	NA
6	230	where	1	NA
6	231	the	1	NA
6	232	consumer	1	NA
6	233	is,	2	NA
6	234	which	1	NA
6	235	is	1	NA
6	236	likely	1	NA
6	237	an	1	NA
6	238	urban	1	NA
6	239	area,”	4	NA
6	240	he	1	NA
6	241	said.	2	NA
6	242	“There	3	NA
6	243	are	1	NA
6	244	going	1	NA
6	245	to	1	NA
6	246	be	1	NA
6	247	hazards	1	NA
6	248	along	1	NA
6	249	the	1	NA
6	250	way	1	NA
6	251	that	1	NA
6	252	the	1	it
6	253	vehicle	1	it
6	254	is	1	NA
6	255	going	1	NA
6	256	to	1	NA
6	257	have	1	NA
6	258	to	1	NA
6	259	detect.	2	NA
6	260	Maybe	1	NA
6	261	there	1	NA
6	262	will	1	NA
6	263	be	1	NA
6	264	terrain	1	NA
6	265	that	1	NA
6	266	the	1	NA
6	267	map	1	NA
6	268	doesn't	2	NA
6	269	know	1	NA
6	270	about.	2	NA
6	271	Even	1	NA
6	272	then,	2	NA
6	273	maybe	1	NA
6	274	there's	2	NA
6	275	construction	1	it.
6	276	equipment	1	it.
6	277	that	1	it.
6	278	wasn't	2	it.
6	279	there	1	it.
6	280	but	1	it.
6	281	is	1	it.
6	282	there	1	it.
6	283	now.	2	it.
6	284	Maybe	1	NA
6	285	GPS	1	NA
6	286	signals	1	NA
6	287	are	1	NA
6	288	blocked,	2	NA
6	289	in	1	NA
6	290	which	1	NA
6	291	case	1	NA
6	292	it's	2	NA
6	293	going	1	NA
6	294	to	1	NA
6	295	have	1	NA
6	296	an	1	NA
6	297	incorrect	1	NA
6	298	idea	1	NA
6	299	about	1	NA
6	300	where	1	NA
6	301	it	1	NA
6	302	is.”	4	NA
6	303	All	1	NA
6	304	this	1	NA
6	305	is	1	NA
6	306	surmountable,	4	NA
6	307	he	1	NA
6	308	said	1	NA
6	309	–	1	NA
6	310	but	1	NA
6	311	it's	2	NA
6	312	difficult.	2	NA
6	313	One	1	It
6	314	major	1	It
6	315	problem	1	It
6	316	is	1	NA
6	317	maintaining	1	it
6	318	radio	1	it
6	319	contact	1	it
6	320	with	1	it
6	321	a	1	it
6	322	drone	1	it
6	323	and	1	NA
6	324	planning	1	NA
6	325	for	1	NA
6	326	what	1	NA
6	327	happens	1	NA
6	328	if	1	NA
6	329	that	1	it
6	330	contact	1	it
6	331	breaks.	2	NA
6	332	“If	3	NA
6	333	you	1	NA
6	334	have	1	NA
6	335	an	1	it
6	336	off-the-shelf	6	it
6	337	UAV	2	it
6	338	(unmanned	4	(it),
6	339	aerial	1	(it),
6	340	vehicle),	2	(it),
6	341	it'll	2	NA
6	342	just	1	NA
6	343	keep	1	NA
6	344	going	1	NA
6	345	and	1	NA
6	346	crash	1	NA
6	347	into	1	NA
6	348	the	1	NA
6	349	ground,”	4	NA
6	350	said	1	NA
6	351	roboticist	2	he.
6	352	Daniel	1	he.
6	353	Huber.	3	he.
6	354	“Technologically,	5	NA
6	355	most	1	NA
6	356	of	1	NA
6	357	the	1	NA
6	358	things	1	NA
6	359	that	1	NA
6	360	are	1	NA
6	361	needed	1	NA
6	362	for	1	NA
6	363	this	1	NA
6	364	are	1	NA
6	365	in	1	NA
6	366	place,”	4	NA
6	367	said	1	NA
6	368	Huber.	3	he.
6	369	He	1	NA
6	370	is	1	NA
6	371	working	1	NA
6	372	on	1	NA
6	373	a	1	NA
6	374	program	1	NA
6	375	that	1	NA
6	376	proposes	1	NA
6	377	using	1	NA
6	378	drones	1	them
6	379	to	1	NA
6	380	inspect	1	NA
6	381	infrastructure	1	NA
6	382	–	1	NA
6	383	pipelines,	2	NA
6	384	telephone	1	NA
6	385	lines,	2	NA
6	386	bridges	1	NA
6	387	and	1	NA
6	388	so	1	NA
6	389	on.	2	NA
6	390	“We've	4	NA
6	391	developed	1	NA
6	392	an	1	NA
6	393	exploration	1	NA
6	394	algorithm	1	NA
6	395	where	1	NA
6	396	you	1	NA
6	397	draw	1	NA
6	398	a	1	it
6	399	box	1	it
6	400	around	1	NA
6	401	an	1	it
6	402	area	1	it
6	403	and	1	NA
6	404	it'll	2	NA
6	405	autonomously	2	NA
6	406	fly	1	NA
6	407	around	1	NA
6	408	that	1	it
6	409	area	1	it
6	410	and	1	NA
6	411	look	1	NA
6	412	at	1	NA
6	413	every	1	NA
6	414	surface	1	NA
6	415	and	1	NA
6	416	then	1	NA
6	417	report	1	NA
6	418	back.”	4	NA
6	419	Huber	2	he
6	420	said	1	NA
6	421	about	1	NA
6	422	Amazon:	2	them:
6	423	“I	3	NA
6	424	have	1	NA
6	425	heard	1	NA
6	426	them	1	NA
6	427	say	1	NA
6	428	that	1	NA
6	429	many	1	NA
6	430	packages	1	NA
6	431	are	1	NA
6	432	lightweight	1	NA
6	433	–	1	NA
6	434	a	1	NA
6	435	drone	1	NA
6	436	can	1	NA
6	437	carry	1	NA
6	438	a	1	NA
6	439	kilogram	2	NA
6	440	for	1	NA
6	441	15	1	NA
6	442	minutes.	2	NA
6	443	If	1	NA
6	444	you	1	NA
6	445	have	1	NA
6	446	a	1	it,
6	447	vehicle	1	it,
6	448	that	1	it,
6	449	can	1	it,
6	450	go	1	it,
6	451	into	1	it,
6	452	a	1	it,
6	453	neighborhood,	2	it,
6	454	it	1	NA
6	455	can	1	NA
6	456	deliver	1	NA
6	457	from	1	NA
6	458	that	1	it.
6	459	base.	2	it.
6	460	You	1	NA
6	461	need	1	NA
6	462	a	1	it
6	463	15-minute	3	it
6	464	distance	1	it
6	465	and	1	NA
6	466	typical	1	NA
6	467	off-the-shelf	6	NA
6	468	drones	1	NA
6	469	have	1	NA
6	470	about	1	it.”
6	471	that	1	it.”
6	472	distance.”	4	it.”
6	473	It's	2	NA
6	474	one	1	it,
6	475	way,	2	it,
6	476	he	1	NA
6	477	said,	2	NA
6	478	of	1	NA
6	479	making	1	NA
6	480	sure	1	NA
6	481	the	1	NA
6	482	surrounding	1	NA
6	483	population	1	NA
6	484	is	1	NA
6	485	relatively	1	NA
6	486	safe.	2	NA
6	487	“The	3	NA
6	488	larger	1	NA
6	489	the	1	NA
6	490	distance	1	NA
6	491	the	1	it
6	492	drone	1	it
6	493	travels,	2	NA
6	494	the	1	NA
6	495	more	1	NA
6	496	dangerous	1	NA
6	497	it	1	NA
6	498	becomes.”	4	NA
6	499	Of	1	NA
6	500	course,	2	NA
6	501	safety	1	it
6	502	remains	1	NA
6	503	a	1	it
6	504	major	1	it
6	505	concern	1	it
6	506	–	1	NA
6	507	Singh	1	he
6	508	points	1	NA
6	509	out	1	NA
6	510	that,	2	NA
6	511	for	1	NA
6	512	a	1	it
6	513	commercial	1	it
6	514	aircraft	1	it
6	515	to	1	NA
6	516	be	1	NA
6	517	considered	1	NA
6	518	skyworthy,	3	NA
6	519	it	1	NA
6	520	has	1	NA
6	521	to	1	NA
6	522	prove	1	NA
6	523	a	1	it.
6	524	rate	1	it.
6	525	of	1	it.
6	526	one	1	it.
6	527	serious	1	it.
6	528	failure	1	it.
6	529	every	1	it.
6	530	one	1	it.
6	531	million	1	it.
6	532	hours.	2	it.
6	533	Drones,	3	NA
6	534	he	1	NA
6	535	said,	2	NA
6	536	are	1	NA
6	537	“one	3	NA
6	538	or	1	NA
6	539	two	1	NA
6	540	orders	1	NA
6	541	of	1	NA
6	542	magnitude	1	NA
6	543	away”	3	NA
6	544	from	1	NA
6	545	that	1	it.
6	546	benchmark.	2	it.
6	547	“The	3	NA
6	548	Reaper	1	NA
6	549	drone	1	NA
6	550	has	1	NA
6	551	one	1	NA
6	552	failure	1	NA
6	553	in	1	NA
6	554	10,000	3	NA
6	555	hours,”	4	NA
6	556	Singh	1	he
6	557	said.	2	NA
6	558	An	1	It.
6	559	oil	1	It.
6	560	leak,	2	It.
6	561	by	1	It.
6	562	the	1	It.
6	563	way,	2	It.
6	564	doesn't	2	It.
6	565	count	1	It.
6	566	as	1	It.
6	567	catastrophic	1	It.
6	568	failure	1	It.
6	569	–	1	It.
6	570	something	1	It.
6	571	has	1	It.
6	572	to	1	It.
6	573	fall	1	It.
6	574	out	1	It.
6	575	of	1	It.
6	576	the	1	It.
6	577	sky.	2	It.
6	578	Part	1	NA
6	579	of	1	NA
6	580	this	1	NA
6	581	is	1	NA
6	582	simply	1	NA
6	583	that	1	NA
6	584	air	1	NA
6	585	travel	1	NA
6	586	is	1	NA
6	587	inherently	1	NA
6	588	dangerous	1	NA
6	589	and,	2	NA
6	590	thus,	2	NA
6	591	standards	1	NA
6	592	are	1	NA
6	593	much	1	NA
6	594	higher.	2	NA
6	595	“If	3	NA
6	596	you	1	NA
6	597	fly	1	NA
6	598	commercial	1	them,
6	599	airlines,	2	them,
6	600	often	1	NA
6	601	they'll	2	NA
6	602	say,	2	NA
6	603	'Oh,	3	NA
6	604	a	1	NA
6	605	small	1	NA
6	606	component	1	NA
6	607	has	1	NA
6	608	failed	1	NA
6	609	–	1	NA
6	610	we	1	NA
6	611	have	1	NA
6	612	to	1	NA
6	613	go	1	NA
6	614	back	1	NA
6	615	to	1	NA
6	616	the	1	NA
6	617	gate,'”	4	NA
6	618	Singh	1	he
6	619	said.	2	NA
6	620	“And	3	NA
6	621	that's	2	NA
6	622	an	1	it!
6	623	established	1	it!
6	624	industry	1	it!
6	625	with	1	it!
6	626	60	1	it!
6	627	years	1	it!
6	628	of	1	it!
6	629	legacy!	2	it!
6	630	I	1	NA
6	631	shudder	1	NA
6	632	to	1	NA
6	633	think	1	NA
6	634	that	1	NA
6	635	one	1	NA
6	636	of	1	NA
6	637	these	1	NA
6	638	things	1	NA
6	639	might	1	NA
6	640	come	1	NA
6	641	down	1	NA
6	642	on	1	NA
6	643	a	1	NA
6	644	crowded	1	NA
6	645	highway.”	4	NA
6	646	Part	1	NA
6	647	of	1	NA
6	648	the	1	NA
6	649	solution,	2	NA
6	650	Singh	1	he
6	651	said,	2	NA
6	652	is	1	NA
6	653	comprehensive	1	NA
6	654	contingency	1	NA
6	655	planning:	2	NA
6	656	“If	3	NA
6	657	things	1	NA
6	658	fail,	2	NA
6	659	the	1	it
6	660	vehicle	1	it
6	661	has	1	NA
6	662	to	1	NA
6	663	do	1	NA
6	664	something	1	NA
6	665	reasonable.”	4	NA
7	0	One	1	NA
7	1	day,	2	NA
7	2	drones	1	they.
7	3	could	1	they.
7	4	deliver	1	they.
7	5	packages	1	they.
7	6	to	1	they.
7	7	your	1	they.
7	8	home.	2	they.
7	9	When	1	NA
7	10	will	1	NA
7	11	this	1	NA
7	12	happen?	2	NA
7	13	If	1	NA
7	14	you	1	NA
7	15	believe	1	NA
7	16	Amazon,	2	it,
7	17	it	1	NA
7	18	will	1	NA
7	19	be	1	NA
7	20	soon.	2	NA
7	21	Other	1	They
7	22	people	1	They
7	23	are	1	NA
7	24	not	1	NA
7	25	so	1	NA
7	26	sure.	2	NA
7	27	They	1	NA
7	28	have	1	NA
7	29	to	1	NA
7	30	invent	1	NA
7	31	the	1	NA
7	32	right	1	NA
7	33	technology	1	NA
7	34	but,	2	NA
7	35	also,	2	NA
7	36	they	1	NA
7	37	have	1	NA
7	38	to	1	NA
7	39	consider	1	NA
7	40	public	1	NA
7	41	safety.	2	NA
7	42	Amazon	1	It
7	43	says	1	NA
7	44	that	1	NA
7	45	they	1	NA
7	46	will	1	NA
7	47	be	1	NA
7	48	ready	1	NA
7	49	as	1	NA
7	50	soon	1	NA
7	51	as	1	NA
7	52	the	1	it
7	53	Federal	1	it
7	54	Aviation	1	it
7	55	Authority	1	it
7	56	(FAA)	4	(it)
7	57	introduce	1	NA
7	58	rules	1	them.
7	59	for	1	them.
7	60	using	1	them.
7	61	drones.	2	them.
7	62	The	1	It
7	63	FAA	1	It
7	64	will	1	NA
7	65	finally	1	NA
7	66	introduce	1	NA
7	67	rules	1	them
7	68	for	1	them
7	69	using	1	them
7	70	unmanned	1	them
7	71	aircraft	1	them
7	72	by	1	NA
7	73	June	1	NA
7	74	2016.	2	NA
7	75	But	1	NA
7	76	the	1	NA
7	77	technology	1	NA
7	78	has	1	NA
7	79	a	1	NA
7	80	long	1	NA
7	81	way	1	NA
7	82	to	1	NA
7	83	go	1	NA
7	84	before	1	NA
7	85	then	1	NA
7	86	and	1	NA
7	87	larger	1	NA
7	88	machines	1	NA
7	89	aren't	2	NA
7	90	legal	1	NA
7	91	yet	1	NA
7	92	–	1	NA
7	93	only	1	NA
7	94	drones	1	NA
7	95	up	1	NA
7	96	to	1	NA
7	97	25kg	2	NA
7	98	will	1	NA
7	99	be	1	NA
7	100	legal.	2	NA
7	101	And	1	NA
7	102	the	1	it
7	103	FAA	1	it
7	104	says	1	NA
7	105	in	1	NA
7	106	the	1	them
7	107	rules	1	them
7	108	they	1	them
7	109	want	1	them
7	110	to	1	them
7	111	introduce	1	them
7	112	that	1	NA
7	113	drones	1	they
7	114	will	1	NA
7	115	all	1	NA
7	116	have	1	NA
7	117	to	1	NA
7	118	use	1	NA
7	119	different	1	NA
7	120	radio	1	NA
7	121	frequencies	1	NA
7	122	that	1	NA
7	123	nobody	1	NA
7	124	can	1	NA
7	125	block	1	NA
7	126	or	1	NA
7	127	hijack.	3	NA
7	128	Professor	1	He,
7	129	Sanjiv	3	He,
7	130	Singh,	2	He,
7	131	who	1	He,
7	132	works	1	He,
7	133	for	1	He,
7	134	delivery	1	He,
7	135	company	1	He,
7	136	NearEarth,	3	He,
7	137	said	1	NA
7	138	that	1	NA
7	139	flying	1	NA
7	140	drones	1	them
7	141	is	1	NA
7	142	quite	1	NA
7	143	simple	1	NA
7	144	–	1	NA
7	145	you	1	NA
7	146	just	1	NA
7	147	give	1	NA
7	148	it	1	NA
7	149	some	1	NA
7	150	basic	1	NA
7	151	instructions:	2	NA
7	152	go	1	NA
7	153	to	1	NA
7	154	this	1	NA
7	155	height,	2	NA
7	156	do	1	NA
7	157	this	1	NA
7	158	short	1	NA
7	159	task,	2	NA
7	160	go	1	NA
7	161	back	1	NA
7	162	home.	2	NA
7	163	But	1	NA
7	164	even	1	NA
7	165	short	1	NA
7	166	flights	1	NA
7	167	from	1	NA
7	168	a	1	NA
7	169	mobile	1	NA
7	170	landing	1	NA
7	171	place	1	NA
7	172	could	1	NA
7	173	cause	1	NA
7	174	serious	1	NA
7	175	problems,	2	NA
7	176	he	1	NA
7	177	said.	2	NA
7	178	“They're	4	NA
7	179	not	1	NA
7	180	planning	1	NA
7	181	to	1	NA
7	182	deliver	1	NA
7	183	in	1	NA
7	184	areas	1	NA
7	185	where	1	NA
7	186	nobody	1	NA
7	187	lives;	2	NA
7	188	they're	2	NA
7	189	planning	1	NA
7	190	to	1	NA
7	191	deliver	1	NA
7	192	from	1	NA
7	193	a	1	NA
7	194	warehouse	1	NA
7	195	to	1	NA
7	196	the	1	NA
7	197	consumer,	2	NA
7	198	which	1	NA
7	199	will	1	NA
7	200	probably	1	NA
7	201	be	1	NA
7	202	in	1	NA
7	203	a	1	NA
7	204	town	1	NA
7	205	or	1	NA
7	206	city,”	4	NA
7	207	he	1	NA
7	208	said.	2	NA
7	209	“The	3	“It
7	210	drone	1	“It
7	211	will	1	NA
7	212	have	1	NA
7	213	to	1	NA
7	214	see	1	NA
7	215	hazards.	2	NA
7	216	Maybe	1	NA
7	217	there	1	NA
7	218	will	1	NA
7	219	be	1	NA
7	220	things	1	NA
7	221	that	1	NA
7	222	the	1	NA
7	223	map	1	NA
7	224	doesn't	2	NA
7	225	know	1	NA
7	226	about.	2	NA
7	227	Maybe	1	NA
7	228	there	1	NA
7	229	will	1	NA
7	230	be	1	NA
7	231	construction	1	NA
7	232	equipment	1	NA
7	233	that	1	NA
7	234	wasn't	2	NA
7	235	there	1	NA
7	236	but	1	NA
7	237	is	1	NA
7	238	there	1	NA
7	239	now.	2	NA
7	240	Maybe	1	NA
7	241	GPS	1	NA
7	242	signals	1	NA
7	243	will	1	NA
7	244	be	1	NA
7	245	blocked	1	NA
7	246	so	1	NA
7	247	it's	2	NA
7	248	going	1	NA
7	249	to	1	NA
7	250	have	1	NA
7	251	an	1	NA
7	252	incorrect	1	NA
7	253	idea	1	NA
7	254	about	1	NA
7	255	where	1	NA
7	256	it	1	NA
7	257	is.”	4	NA
7	258	All	1	it,
7	259	this	1	it,
7	260	can	1	it,
7	261	be	1	it,
7	262	solved,	2	it,
7	263	he	1	NA
7	264	said	1	NA
7	265	–	1	NA
7	266	but	1	NA
7	267	it's	2	NA
7	268	difficult.	2	NA
7	269	One	1	It
7	270	big	1	It
7	271	problem	1	It
7	272	is	1	NA
7	273	keeping	1	it
7	274	radio	1	it
7	275	contact	1	it
7	276	with	1	it
7	277	a	1	it
7	278	drone	1	it
7	279	and	1	NA
7	280	planning	1	NA
7	281	for	1	NA
7	282	what	1	NA
7	283	happens	1	NA
7	284	if	1	NA
7	285	that	1	it
7	286	contact	1	it
7	287	breaks.	2	NA
7	288	”If	3	NA
7	289	a	1	it
7	290	drone	1	it
7	291	loses	1	NA
7	292	radio	1	it,
7	293	contact,	2	it,
7	294	it	1	NA
7	295	will	1	NA
7	296	keep	1	NA
7	297	going	1	NA
7	298	and	1	NA
7	299	crash	1	NA
7	300	into	1	NA
7	301	the	1	NA
7	302	ground,”	4	NA
7	303	said	1	NA
7	304	robot	1	his
7	305	expert	1	his
7	306	Daniel	1	NA
7	307	Huber.	3	NA
7	308	“We	3	NA
7	309	already	1	NA
7	310	have	1	NA
7	311	most	1	NA
7	312	of	1	NA
7	313	the	1	NA
7	314	technology	1	NA
7	315	we	1	NA
7	316	need,”	4	NA
7	317	said	1	NA
7	318	Huber.	3	he.
7	319	He	1	NA
7	320	is	1	NA
7	321	working	1	NA
7	322	on	1	NA
7	323	a	1	NA
7	324	program	1	NA
7	325	that	1	NA
7	326	will	1	NA
7	327	use	1	NA
7	328	drones	1	them
7	329	to	1	NA
7	330	check	1	NA
7	331	telephone	1	NA
7	332	lines,	2	NA
7	333	bridges	1	NA
7	334	and	1	NA
7	335	so	1	NA
7	336	on.	2	NA
7	337	“We	3	NA
7	338	can	1	NA
7	339	make	1	NA
7	340	drones	1	them
7	341	fly	1	NA
7	342	around	1	NA
7	343	a	1	NA
7	344	certain	1	NA
7	345	area	1	NA
7	346	and	1	NA
7	347	look	1	NA
7	348	at	1	NA
7	349	every	1	NA
7	350	surface.”	4	NA
7	351	Huber	2	he
7	352	said	1	NA
7	353	about	1	NA
7	354	Amazon:	2	it:
7	355	“They	3	NA
7	356	say	1	NA
7	357	that	1	NA
7	358	many	1	NA
7	359	packages	1	NA
7	360	are	1	NA
7	361	light	1	NA
7	362	–	1	NA
7	363	a	1	it
7	364	drone	1	it
7	365	can	1	NA
7	366	carry	1	NA
7	367	a	1	NA
7	368	kilogram	2	NA
7	369	for	1	NA
7	370	15	1	NA
7	371	minutes.	2	NA
7	372	If	1	NA
7	373	you	1	NA
7	374	have	1	NA
7	375	a	1	it,
7	376	vehicle	1	it,
7	377	that	1	it,
7	378	can	1	it,
7	379	go	1	it,
7	380	into	1	it,
7	381	a	1	it,
7	382	neighborhood,	2	it,
7	383	it	1	NA
7	384	can	1	NA
7	385	deliver	1	NA
7	386	from	1	NA
7	387	that	1	it.
7	388	vehicle.	2	it.
7	389	You	1	NA
7	390	need	1	NA
7	391	a	1	it,
7	392	15-minute	3	it,
7	393	distance,	2	it,
7	394	and	1	NA
7	395	typical	1	NA
7	396	drones	1	NA
7	397	have	1	NA
7	398	about	1	it.”
7	399	that	1	it.”
7	400	distance.”	4	it.”
7	401	It's	2	NA
7	402	one	1	it,
7	403	way,	2	it,
7	404	he	1	NA
7	405	said,	2	NA
7	406	to	1	NA
7	407	make	1	NA
7	408	sure	1	NA
7	409	people	1	NA
7	410	are	1	NA
7	411	safe.	2	NA
7	412	“The	3	NA
7	413	larger	1	NA
7	414	the	1	NA
7	415	distance,	2	NA
7	416	the	1	NA
7	417	more	1	NA
7	418	dangerous	1	NA
7	419	it	1	NA
7	420	becomes.”	4	NA
7	421	Of	1	NA
7	422	course,	2	NA
7	423	safety	1	it
7	424	is	1	NA
7	425	still	1	NA
7	426	a	1	it
7	427	big	1	it
7	428	worry	1	it
7	429	–	1	NA
7	430	Singh	1	he
7	431	points	1	NA
7	432	out	1	NA
7	433	that	1	NA
7	434	for	1	NA
7	435	a	1	it
7	436	passenger	1	it
7	437	airplane	1	it
7	438	to	1	NA
7	439	be	1	NA
7	440	allowed	1	NA
7	441	to	1	NA
7	442	fly,	2	NA
7	443	it	1	NA
7	444	can	1	NA
7	445	only	1	NA
7	446	have	1	NA
7	447	one	1	NA
7	448	serious	1	NA
7	449	failure	1	NA
7	450	every	1	NA
7	451	one	1	NA
7	452	million	1	NA
7	453	hours.	2	NA
7	454	Drones,	3	They,
7	455	he	1	NA
7	456	said,	2	NA
7	457	are	1	NA
7	458	much	1	NA
7	459	less	1	NA
7	460	safe.	2	NA
7	461	“The	3	“It,”
7	462	Reaper	1	“It,”
7	463	drone,	2	“It,”
7	464	for	1	“It,”
7	465	example,	2	“It,”
7	466	has	1	“It,”
7	467	one	1	“It,”
7	468	failure	1	“It,”
7	469	in	1	“It,”
7	470	10,000	3	“It,”
7	471	hours,”	4	“It,”
7	472	Singh	1	he
7	473	said.	2	NA
7	474	Part	1	NA
7	475	of	1	NA
7	476	the	1	NA
7	477	reason	1	NA
7	478	for	1	NA
7	479	this	1	NA
7	480	is	1	NA
7	481	simply	1	NA
7	482	that	1	NA
7	483	air	1	NA
7	484	travel	1	NA
7	485	is	1	NA
7	486	dangerous	1	NA
7	487	so	1	NA
7	488	standards	1	NA
7	489	are	1	NA
7	490	much	1	NA
7	491	higher.	2	NA
7	492	“If	3	NA
7	493	you	1	NA
7	494	fly	1	NA
7	495	a	1	it,
7	496	passenger	1	it,
7	497	airplane,	2	it,
7	498	often	1	NA
7	499	they	1	NA
7	500	will	1	NA
7	501	say,	2	NA
7	502	‘Oh,	4	NA
7	503	a	1	NA
7	504	small	1	NA
7	505	part	1	NA
7	506	isn't	2	NA
7	507	working;	2	NA
7	508	we	1	NA
7	509	have	1	NA
7	510	to	1	NA
7	511	go	1	NA
7	512	back,'”	4	NA
7	513	Singh	1	he
7	514	said.	2	NA
7	515	“And	3	NA
7	516	people	1	NA
7	517	have	1	NA
7	518	been	1	NA
7	519	flying	1	NA
7	520	passenger	1	NA
7	521	airplanes	1	NA
7	522	for	1	NA
7	523	60	1	NA
7	524	years!	2	NA
7	525	I	1	NA
7	526	hate	1	NA
7	527	to	1	NA
7	528	think	1	NA
7	529	that	1	NA
7	530	a	1	NA
7	531	drone	1	NA
7	532	might	1	NA
7	533	come	1	NA
7	534	down	1	NA
7	535	on	1	NA
7	536	a	1	NA
7	537	busy	1	NA
7	538	road.”	4	NA
7	539	Part	1	NA
7	540	of	1	NA
7	541	the	1	NA
7	542	solution,	2	NA
7	543	Singh	1	he
7	544	said,	2	NA
7	545	is	1	NA
7	546	planning	1	NA
7	547	for	1	NA
7	548	every	1	NA
7	549	situation:	2	NA
7	550	“If	3	NA
7	551	things	1	NA
7	552	fail,	2	NA
7	553	the	1	it
7	554	drone	1	it
7	555	has	1	NA
7	556	to	1	NA
7	557	do	1	NA
7	558	something	1	NA
7	559	sensible.”	4	NA
8	0	Illegal	2	NA
8	1	downloading	1	NA
8	2	is	1	NA
8	3	a	1	NA
8	4	kind	1	NA
8	5	of	1	NA
8	6	“moral	3	NA
8	7	squalor”	5	NA
8	8	and	1	NA
8	9	theft,	2	NA
8	10	as	1	NA
8	11	much	1	NA
8	12	as	1	NA
8	13	reaching	1	NA
8	14	in	1	NA
8	15	to	1	NA
8	16	someone's	2	their
8	17	pocket	1	NA
8	18	and	1	NA
8	19	stealing	1	NA
8	20	their	1	NA
8	21	wallet	1	NA
8	22	is	1	NA
8	23	theft,	2	NA
8	24	says	1	NA
8	25	author	1	he.
8	26	Philip	1	he.
8	27	Pullman.	3	he.
8	28	In	1	NA
8	29	an	1	it,
8	30	article	1	it,
8	31	for	1	it,
8	32	Index	1	it,
8	33	on	1	it,
8	34	Censorship,	4	it,
8	35	Pullman,	3	he,
8	36	who	1	NA
8	37	is	1	NA
8	38	president	1	NA
8	39	of	1	NA
8	40	the	1	NA
8	41	Society	1	NA
8	42	of	1	NA
8	43	Authors,	2	NA
8	44	makes	1	NA
8	45	a	1	NA
8	46	robust	1	NA
8	47	defence	1	NA
8	48	of	1	NA
8	49	copyright	1	their
8	50	laws.	2	NA
8	51	He	1	NA
8	52	is	1	NA
8	53	highly	1	NA
8	54	critical	1	NA
8	55	of	1	NA
8	56	Internet	1	NA
8	57	users	1	NA
8	58	who	1	NA
8	59	think	1	NA
8	60	it	1	NA
8	61	is	1	NA
8	62	OK	1	NA
8	63	to	1	NA
8	64	download	1	NA
8	65	music	1	it
8	66	or	1	NA
8	67	books	1	NA
8	68	without	1	NA
8	69	paying	1	NA
8	70	for	1	NA
8	71	them.	2	NA
8	72	“The	3	NA
8	73	technical	1	NA
8	74	brilliance	1	NA
8	75	is	1	NA
8	76	so	1	NA
8	77	dazzling	1	NA
8	78	that	1	NA
8	79	people	1	they
8	80	can't	2	NA
8	81	see	1	NA
8	82	the	1	NA
8	83	moral	1	NA
8	84	squalor	3	NA
8	85	of	1	NA
8	86	what	1	NA
8	87	they're	2	NA
8	88	doing,”	4	NA
8	89	he	1	NA
8	90	writes.	2	NA
8	91	“It	3	NA
8	92	is	1	NA
8	93	outrageous	1	NA
8	94	that	1	NA
8	95	anyone	1	NA
8	96	can	1	NA
8	97	steal	1	it
8	98	an	1	it
8	99	artist's	2	it
8	100	work	1	it
8	101	and	1	NA
8	102	get	1	NA
8	103	away	1	NA
8	104	with	1	NA
8	105	it.	2	NA
8	106	It	1	NA
8	107	is	1	NA
8	108	theft,	2	NA
8	109	as	1	NA
8	110	surely	1	NA
8	111	as	1	NA
8	112	reaching	1	NA
8	113	into	1	NA
8	114	someone's	2	their
8	115	pocket	1	NA
8	116	and	1	NA
8	117	taking	1	NA
8	118	their	1	NA
8	119	wallet	1	NA
8	120	is	1	NA
8	121	theft.”	4	NA
8	122	His	1	it
8	123	article	1	it
8	124	comes	1	NA
8	125	after	1	NA
8	126	music	1	NA
8	127	industry	1	NA
8	128	leaders	1	NA
8	129	met	1	NA
8	130	British	1	NA
8	131	Prime	1	NA
8	132	Minister	1	NA
8	133	David	1	NA
8	134	Cameron	1	NA
8	135	in	1	NA
8	136	Downing	1	NA
8	137	Street,	2	NA
8	138	where	1	NA
8	139	the	1	NA
8	140	issue	1	NA
8	141	of	1	NA
8	142	web	1	NA
8	143	piracy	1	NA
8	144	was	1	NA
8	145	discussed.	2	NA
8	146	Pullman,	3	He,
8	147	writer	1	NA
8	148	of	1	NA
8	149	the	1	NA
8	150	His	1	NA
8	151	Dark	1	NA
8	152	Materials	1	NA
8	153	trilogy,	2	NA
8	154	says	1	NA
8	155	authors	1	they
8	156	and	1	NA
8	157	musicians	1	NA
8	158	work	1	NA
8	159	in	1	NA
8	160	poverty	1	NA
8	161	and	1	NA
8	162	obscurity	1	NA
8	163	for	1	NA
8	164	years	1	NA
8	165	to	1	NA
8	166	bring	1	NA
8	167	their	1	their
8	168	work	1	their
8	169	to	1	NA
8	170	the	1	it
8	171	level	1	it
8	172	“that	3	it
8	173	gives	1	it
8	174	delight	1	it
8	175	to	1	it
8	176	their	1	it
8	177	audiences	1	it
8	178	and,	2	NA
8	179	as	1	NA
8	180	soon	1	NA
8	181	as	1	NA
8	182	they	1	NA
8	183	achieve	1	NA
8	184	that,	2	NA
8	185	the	1	NA
8	186	possibility	1	NA
8	187	of	1	NA
8	188	making	1	NA
8	189	a	1	NA
8	190	living	1	NA
8	191	from	1	NA
8	192	it	1	NA
8	193	is	1	NA
8	194	taken	1	NA
8	195	away	1	NA
8	196	from	1	NA
8	197	them”.	4	NA
8	198	He	1	NA
8	199	concludes:	2	NA
8	200	“The	3	NA
8	201	principle	1	NA
8	202	is	1	NA
8	203	simple,	2	NA
8	204	and	1	NA
8	205	unaltered	3	NA
8	206	by	1	NA
8	207	technology,	2	NA
8	208	science	1	NA
8	209	or	1	NA
8	210	magic:	2	NA
8	211	if	1	NA
8	212	we	1	NA
8	213	want	1	NA
8	214	to	1	NA
8	215	enjoy	1	NA
8	216	the	1	it,
8	217	work	1	it,
8	218	that	1	it,
8	219	someone	1	it,
8	220	does,	2	it,
8	221	we	1	NA
8	222	should	1	NA
8	223	pay	1	NA
8	224	for	1	NA
8	225	it.”	4	NA
8	226	Pullman	2	he
8	227	is	1	NA
8	228	writing	1	NA
8	229	in	1	NA
8	230	the	1	NA
8	231	next	1	NA
8	232	issue	1	NA
8	233	of	1	NA
8	234	the	1	NA
8	235	campaign	1	NA
8	236	group's	2	NA
8	237	magazine	1	NA
8	238	in	1	NA
8	239	a	1	NA
8	240	dialogue	1	NA
8	241	with	1	NA
8	242	Cathy	1	her,
8	243	Casserly,	4	her,
8	244	chief	1	NA
8	245	executive	1	NA
8	246	of	1	NA
8	247	Creative	1	NA
8	248	Commons,	2	NA
8	249	which	1	NA
8	250	offers	1	NA
8	251	open	1	they
8	252	content	1	they
8	253	licenses	1	they
8	254	“that	3	NA
8	255	lets	1	NA
8	256	creators	1	they
8	257	take	1	NA
8	258	copyright	1	it
8	259	into	1	NA
8	260	their	1	NA
8	261	own	1	NA
8	262	hands”.	4	NA
8	263	Casserly	3	He
8	264	argues	1	NA
8	265	that	1	NA
8	266	there	1	NA
8	267	is	1	NA
8	268	much	1	NA
8	269	wrong	1	NA
8	270	with	1	NA
8	271	copyright,	2	it,
8	272	which	1	NA
8	273	was	1	NA
8	274	created	1	NA
8	275	“in	3	NA
8	276	an	1	NA
8	277	analog	1	NA
8	278	age”.	4	NA
8	279	Casserly	3	He
8	280	writes:	2	NA
8	281	“By	3	NA
8	282	default,	2	NA
8	283	copyright	1	it
8	284	closes	1	NA
8	285	the	1	NA
8	286	door	1	NA
8	287	on	1	NA
8	288	countless	1	them,
8	289	ways	1	them,
8	290	that	1	them,
8	291	people	1	them,
8	292	can	1	them,
8	293	share,	2	them,
8	294	build	1	them,
8	295	upon	1	them,
8	296	and	1	them,
8	297	remix	1	them,
8	298	each	1	them,
8	299	other's	2	them,
8	300	work,	2	them,
8	301	possibilities	1	them.”
8	302	that	1	them.”
8	303	were	1	them.”
8	304	unimaginable	1	them.”
8	305	when	1	them.”
8	306	those	1	them.”
8	307	laws	1	them.”
8	308	were	1	them.”
8	309	established.”	4	them.”
8	310	She	1	NA
8	311	says	1	NA
8	312	artists	1	they
8	313	need	1	NA
8	314	to	1	NA
8	315	think	1	NA
8	316	creatively	1	NA
8	317	about	1	NA
8	318	how	1	NA
8	319	they	1	NA
8	320	distribute	1	NA
8	321	and	1	NA
8	322	monetize	2	NA
8	323	their	1	NA
8	324	work,	2	NA
8	325	quoting	1	NA
8	326	the	1	him,
8	327	science	1	him,
8	328	fiction	1	him,
8	329	writer	1	him,
8	330	Cory	1	him,
8	331	Doctorow,	3	him,
8	332	who	1	NA
8	333	said:	2	NA
8	334	“My	3	“my
8	335	problem	1	“my
8	336	is	1	NA
8	337	not	1	NA
8	338	piracy,	2	NA
8	339	it's	2	NA
8	340	obscurity.”	4	NA
8	341	Index	1	NA
8	342	on	1	NA
8	343	Censorship	3	NA
8	344	agrees.	2	NA
8	345	The	1	She,
8	346	magazine's	2	She,
8	347	editor,	2	She,
8	348	Rachael	3	she,
8	349	Jolley,	3	she,
8	350	said:	2	NA
8	351	“Existing	4	NA
8	352	copyright	1	they
8	353	laws	1	NA
8	354	don't	2	NA
8	355	work	1	NA
8	356	in	1	NA
8	357	the	1	NA
8	358	digital	1	NA
8	359	age	1	NA
8	360	and	1	NA
8	361	risk	1	NA
8	362	criminalizing	2	NA
8	363	consumers.	2	NA
8	364	We	1	NA
8	365	need	1	NA
8	366	new	1	NA
8	367	models	1	NA
8	368	for	1	NA
8	369	how	1	NA
8	370	artists,	2	they,
8	371	writers	1	NA
8	372	and	1	NA
8	373	musicians	1	NA
8	374	earn	1	NA
8	375	a	1	NA
8	376	living	1	NA
8	377	from	1	NA
8	378	their	1	NA
8	379	work.”	4	NA
8	380	The	1	NA
8	381	scale	1	NA
8	382	of	1	NA
8	383	illegal	1	NA
8	384	downloading	1	NA
8	385	vast.	2	NA
8	386	Data	1	NA
8	387	collected	1	NA
8	388	by	1	NA
8	389	Ofcom	2	it
8	390	(the	2	(it)
8	391	competition	1	(it)
8	392	authority	1	(it)
8	393	for	1	(it)
8	394	the	1	(it)
8	395	UK	1	(it)
8	396	communications	1	(it)
8	397	industries)	2	(it)
8	398	suggests	1	NA
8	399	that,	2	NA
8	400	between	1	NA
8	401	November	1	NA
8	402	2012	1	NA
8	403	and	1	NA
8	404	January	1	NA
8	405	2013	1	NA
8	406	in	1	NA
8	407	the	1	NA
8	408	UK,	2	NA
8	409	280	1	NA
8	410	million	1	NA
8	411	music	1	NA
8	412	tracks	1	NA
8	413	were	1	NA
8	414	digitally	1	NA
8	415	pirated,	3	NA
8	416	along	1	NA
8	417	with	1	NA
8	418	52	1	NA
8	419	million	1	NA
8	420	TV	1	NA
8	421	shows,	2	NA
8	422	29	1	NA
8	423	million	1	NA
8	424	films,	2	NA
8	425	18	1	NA
8	426	million	1	NA
8	427	ebooks	2	NA
8	428	and	1	NA
8	429	7	1	NA
8	430	million	1	NA
8	431	software	1	NA
8	432	or	1	NA
8	433	games	1	NA
8	434	files.	2	NA
8	435	Ofcom	2	It
8	436	has	1	NA
8	437	said	1	NA
8	438	18%	2	NA
8	439	of	1	NA
8	440	Internet	1	NA
8	441	users	1	NA
8	442	aged	1	NA
8	443	over	1	NA
8	444	12	1	NA
8	445	admit	1	NA
8	446	to	1	NA
8	447	having	1	NA
8	448	recently	1	NA
8	449	pirated	2	NA
8	450	content,	2	NA
8	451	and	1	NA
8	452	9%	2	they%
8	453	say	1	NA
8	454	they	1	NA
8	455	fear	1	NA
8	456	getting	1	NA
8	457	caught.	2	NA
8	458	Pullman	2	He
8	459	writes	1	NA
8	460	in	1	NA
8	461	his	1	NA
8	462	article:	2	NA
8	463	“The	3	NA
8	464	ease	1	NA
8	465	and	1	NA
8	466	swiftness	2	NA
8	467	with	1	NA
8	468	which	1	NA
8	469	music	1	NA
8	470	can	1	NA
8	471	be	1	NA
8	472	acquired	1	NA
8	473	in	1	NA
8	474	the	1	NA
8	475	form	1	NA
8	476	of	1	NA
8	477	MP3	2	NA
8	478	downloads	1	NA
8	479	is	1	NA
8	480	still	1	NA
8	481	astonishing	1	NA
8	482	to	1	NA
8	483	those	1	us
8	484	of	1	us
8	485	us	1	us
8	486	who	1	NA
8	487	have	1	NA
8	488	been	1	NA
8	489	building	1	NA
8	490	up	1	NA
8	491	our	1	NA
8	492	iTunes	1	NA
8	493	list	1	NA
8	494	for	1	NA
8	495	some	1	NA
8	496	time.”	4	NA
8	497	One	1	NA
8	498	thing	1	NA
8	499	to	1	NA
8	500	emerge	1	NA
8	501	from	1	NA
8	502	the	1	NA
8	503	Downing	1	NA
8	504	Street	1	NA
8	505	meeting	1	NA
8	506	was	1	NA
8	507	Cameron's	2	his
8	508	appointment	1	NA
8	509	of	1	NA
8	510	the	1	his
8	511	Conservative	1	his
8	512	Member	1	his
8	513	of	1	his
8	514	Parliament	1	his
8	515	Mike	1	NA
8	516	Weatherley	2	NA
8	517	to	1	NA
8	518	be	1	NA
8	519	his	1	NA
8	520	adviser	1	NA
8	521	on	1	NA
8	522	the	1	NA
8	523	subject.	2	NA
8	524	A	1	NA
8	525	spokesman	1	NA
8	526	for	1	NA
8	527	the	1	its,
8	528	BPI,	3	its,
8	529	the	1	its,
8	530	record	1	its,
8	531	industry	1	its,
8	532	trade	1	its,
8	533	body,	2	its,
8	534	said:	2	NA
8	535	“Mike	3	“he
8	536	Weatherley	2	“he
8	537	is	1	NA
8	538	a	1	NA
8	539	strong	1	NA
8	540	champion	1	NA
8	541	of	1	NA
8	542	copyright	1	it
8	543	and	1	NA
8	544	the	1	NA
8	545	artists	1	NA
8	546	and	1	NA
8	547	creative	1	NA
8	548	producers	1	NA
8	549	it's	2	NA
8	550	there	1	NA
8	551	to	1	NA
8	552	protect.	2	NA
8	553	We	1	NA
8	554	hope	1	NA
8	555	Weatherley's	3	his
8	556	influence	1	NA
8	557	and	1	NA
8	558	the	1	his
8	559	prime	1	his
8	560	minister's	2	his
8	561	endorsement	1	NA
8	562	of	1	NA
8	563	copyright	1	it
8	564	will	1	NA
8	565	be	1	NA
8	566	brought	1	NA
8	567	to	1	NA
8	568	bear	1	NA
8	569	on	1	NA
8	570	the	1	NA
8	571	approach	1	NA
8	572	of	1	NA
8	573	the	1	NA
8	574	UK's	2	NA
8	575	intellectual	1	NA
8	576	property	1	NA
8	577	office.”	4	NA
9	0	Illegal	2	It
9	1	downloading	1	It
9	2	is	1	NA
9	3	morally	1	NA
9	4	wrong,	2	NA
9	5	and	1	NA
9	6	it	1	NA
9	7	is	1	NA
9	8	theft,	2	NA
9	9	the	1	NA
9	10	same	1	NA
9	11	as	1	NA
9	12	how	1	NA
9	13	putting	1	NA
9	14	your	1	NA
9	15	hand	1	NA
9	16	in	1	NA
9	17	someone's	2	their
9	18	pocket	1	NA
9	19	and	1	NA
9	20	stealing	1	NA
9	21	their	1	NA
9	22	wallet	1	NA
9	23	is	1	NA
9	24	theft,	2	NA
9	25	says	1	NA
9	26	author	1	he.
9	27	Philip	1	he.
9	28	Pullman.	3	he.
9	29	In	1	NA
9	30	an	1	it,
9	31	article	1	it,
9	32	for	1	it,
9	33	the	1	it,
9	34	magazine	1	it,
9	35	Index	1	it,
9	36	on	1	it,
9	37	Censorship,	4	it,
9	38	Pullman,	3	he,
9	39	who	1	he,
9	40	is	1	he,
9	41	president	1	he,
9	42	of	1	he,
9	43	the	1	he,
9	44	Society	1	he,
9	45	of	1	he,
9	46	Authors,	2	he,
9	47	strongly	1	NA
9	48	defends	1	NA
9	49	copyright	1	its
9	50	laws.	2	NA
9	51	He	1	NA
9	52	criticizes	2	NA
9	53	Internet	1	NA
9	54	users	1	NA
9	55	who	1	NA
9	56	think	1	NA
9	57	it	1	NA
9	58	is	1	NA
9	59	OK	1	NA
9	60	to	1	NA
9	61	download	1	NA
9	62	music	1	it
9	63	or	1	NA
9	64	books	1	NA
9	65	without	1	NA
9	66	paying	1	NA
9	67	for	1	NA
9	68	them.	2	NA
9	69	“The	3	NA
9	70	technology	1	NA
9	71	is	1	NA
9	72	so	1	NA
9	73	dazzling	1	NA
9	74	that	1	NA
9	75	people	1	they
9	76	can't	2	NA
9	77	see	1	NA
9	78	that	1	NA
9	79	what	1	NA
9	80	they're	2	NA
9	81	doing	1	NA
9	82	is	1	NA
9	83	morally	1	NA
9	84	wrong,”	4	NA
9	85	he	1	NA
9	86	writes.	2	NA
9	87	“It	3	NA
9	88	is	1	NA
9	89	outrageous	1	NA
9	90	that	1	NA
9	91	anyone	1	it
9	92	can	1	it
9	93	steal	1	it
9	94	an	1	it
9	95	artist's	2	it
9	96	work	1	it
9	97	without	1	NA
9	98	punishment.	2	NA
9	99	It	1	NA
9	100	is	1	NA
9	101	theft,	2	NA
9	102	just	1	NA
9	103	as	1	NA
9	104	putting	1	NA
9	105	your	1	NA
9	106	hand	1	NA
9	107	in	1	NA
9	108	someone's	2	their
9	109	pocket	1	NA
9	110	and	1	NA
9	111	taking	1	NA
9	112	their	1	NA
9	113	wallet	1	NA
9	114	is	1	NA
9	115	theft.”	4	NA
9	116	His	1	it
9	117	article	1	it
9	118	comes	1	NA
9	119	after	1	NA
9	120	music	1	NA
9	121	industry	1	NA
9	122	leaders	1	NA
9	123	met	1	NA
9	124	British	1	him
9	125	Prime	1	him
9	126	Minister	1	him
9	127	David	1	him
9	128	Cameron	1	him
9	129	in	1	NA
9	130	Downing	1	NA
9	131	Street	1	NA
9	132	to	1	NA
9	133	discuss	1	NA
9	134	the	1	NA
9	135	issue	1	NA
9	136	of	1	NA
9	137	web	1	NA
9	138	piracy.	2	NA
9	139	Pullman,	3	He,
9	140	writer	1	he,
9	141	of	1	he,
9	142	the	1	he,
9	143	His	1	he,
9	144	Dark	1	he,
9	145	Materials	1	he,
9	146	trilogy,	2	he,
9	147	says	1	NA
9	148	authors	1	they
9	149	and	1	NA
9	150	musicians	1	NA
9	151	work	1	NA
9	152	in	1	NA
9	153	poverty	1	NA
9	154	for	1	NA
9	155	years	1	NA
9	156	to	1	NA
9	157	bring	1	NA
9	158	their	1	it
9	159	work	1	it
9	160	to	1	NA
9	161	the	1	it
9	162	level	1	it
9	163	“that	3	it
9	164	gives	1	it
9	165	happiness	1	it
9	166	to	1	it
9	167	their	1	it
9	168	audiences	1	it
9	169	and,	2	NA
9	170	when	1	NA
9	171	they	1	NA
9	172	achieve	1	NA
9	173	that,	2	NA
9	174	the	1	NA
9	175	possibility	1	NA
9	176	of	1	NA
9	177	making	1	NA
9	178	money	1	NA
9	179	from	1	NA
9	180	it	1	NA
9	181	is	1	NA
9	182	taken	1	NA
9	183	away	1	NA
9	184	from	1	NA
9	185	them”.	4	NA
9	186	He	1	NA
9	187	concludes:	2	NA
9	188	“If	3	NA
9	189	we	1	NA
9	190	want	1	NA
9	191	to	1	NA
9	192	enjoy	1	NA
9	193	the	1	it,
9	194	work	1	it,
9	195	that	1	it,
9	196	someone	1	it,
9	197	does,	2	it,
9	198	we	1	NA
9	199	should	1	NA
9	200	pay	1	NA
9	201	for	1	NA
9	202	it.”	4	NA
9	203	Pullman	2	he
9	204	is	1	NA
9	205	writing	1	NA
9	206	in	1	NA
9	207	the	1	NA
9	208	next	1	NA
9	209	issue	1	NA
9	210	of	1	NA
9	211	the	1	NA
9	212	campaign	1	NA
9	213	group's	2	NA
9	214	magazine	1	NA
9	215	in	1	NA
9	216	a	1	NA
9	217	dialogue	1	NA
9	218	with	1	NA
9	219	Cathy	1	she,
9	220	Casserly,	4	she,
9	221	chief	1	NA
9	222	executive	1	NA
9	223	of	1	NA
9	224	Creative	1	NA
9	225	Commons.	2	NA
9	226	Casserly	3	He
9	227	argues	1	NA
9	228	that	1	NA
9	229	there	1	NA
9	230	is	1	NA
9	231	a	1	NA
9	232	lot	1	NA
9	233	wrong	1	NA
9	234	with	1	NA
9	235	copyright,	2	it,
9	236	which	1	NA
9	237	was	1	NA
9	238	created	1	NA
9	239	a	1	NA
9	240	long	1	NA
9	241	time	1	NA
9	242	ago.	2	NA
9	243	Casserly	3	He
9	244	writes:	2	NA
9	245	“Copyright	3	“it
9	246	closes	1	NA
9	247	the	1	NA
9	248	door	1	NA
9	249	on	1	NA
9	250	the	1	them,
9	251	many	1	them,
9	252	ways	1	them,
9	253	that	1	them,
9	254	people	1	them,
9	255	can	1	them,
9	256	share,	2	them,
9	257	build	1	them,
9	258	upon	1	them,
9	259	and	1	them,
9	260	remix	1	them,
9	261	each	1	them,
9	262	other's	2	them,
9	263	work,	2	them,
9	264	possibilities	1	them.”
9	265	that	1	them.”
9	266	we	1	them.”
9	267	could	1	them.”
9	268	not	1	them.”
9	269	imagine	1	them.”
9	270	when	1	them.”
9	271	those	1	them.”
9	272	laws	1	them.”
9	273	were	1	them.”
9	274	made.”	4	them.”
9	275	She	1	NA
9	276	says	1	NA
9	277	artists	1	they
9	278	need	1	NA
9	279	to	1	NA
9	280	think	1	NA
9	281	creatively	1	NA
9	282	about	1	NA
9	283	how	1	NA
9	284	they	1	NA
9	285	earn	1	NA
9	286	money	1	NA
9	287	from	1	NA
9	288	their	1	NA
9	289	work.	2	NA
9	290	Index	1	It
9	291	on	1	It
9	292	Censorship	3	It
9	293	agrees.	2	NA
9	294	The	1	He,
9	295	magazine's	2	He,
9	296	editor,	2	He,
9	297	Rachael	3	she,
9	298	Jolley,	3	she,
9	299	said:	2	NA
9	300	“Illegal	4	“it
9	301	downloading	1	“it
9	302	is	1	NA
9	303	a	1	it.”
9	304	very	1	it.”
9	305	big	1	it.”
9	306	problem.”	4	it.”
9	307	Between	1	NA
9	308	November	1	NA
9	309	2012	1	NA
9	310	and	1	NA
9	311	January	1	NA
9	312	2013	1	NA
9	313	in	1	NA
9	314	the	1	it,
9	315	UK,	2	it,
9	316	280	1	NA
9	317	million	1	NA
9	318	music	1	NA
9	319	tracks	1	NA
9	320	were	1	NA
9	321	digitally	1	NA
9	322	pirated	2	NA
9	323	along	1	NA
9	324	with	1	NA
9	325	52	1	NA
9	326	million	1	NA
9	327	TV	1	NA
9	328	shows,	2	NA
9	329	29	1	NA
9	330	million	1	NA
9	331	films,	2	NA
9	332	18	1	NA
9	333	million	1	NA
9	334	ebooks	2	NA
9	335	and	1	NA
9	336	7	1	NA
9	337	million	1	NA
9	338	software	1	NA
9	339	or	1	NA
9	340	games	1	NA
9	341	files.	2	NA
9	342	18%	2	They
9	343	of	1	They
9	344	Internet	1	They
9	345	users	1	They
9	346	aged	1	They
9	347	over	1	They
9	348	12	1	They
9	349	say	1	NA
9	350	they	1	NA
9	351	have	1	NA
9	352	pirated	2	NA
9	353	items,	2	NA
9	354	and	1	NA
9	355	9%	2	they%
9	356	say	1	NA
9	357	they	1	NA
9	358	are	1	NA
9	359	afraid	1	NA
9	360	they	1	NA
9	361	will	1	NA
9	362	get	1	NA
9	363	caught.	2	NA
9	364	Pullman	2	He
9	365	writes	1	NA
9	366	in	1	NA
9	367	his	1	his:
9	368	article:	2	his:
9	369	“The	3	NA
9	370	ease	1	NA
9	371	and	1	NA
9	372	speed	1	NA
9	373	with	1	NA
9	374	which	1	NA
9	375	people	1	NA
9	376	can	1	NA
9	377	get	1	NA
9	378	music	1	NA
9	379	in	1	NA
9	380	MP3	2	NA
9	381	is	1	NA
9	382	still	1	NA
9	383	very	1	NA
9	384	surprising	1	NA
9	385	to	1	NA
9	386	people	1	us
9	387	like	1	us
9	388	me	1	us
9	389	who	1	NA
9	390	have	1	NA
9	391	been	1	NA
9	392	building	1	NA
9	393	up	1	NA
9	394	their	1	NA
9	395	iTunes	1	NA
9	396	list	1	NA
9	397	for	1	NA
9	398	some	1	NA
9	399	time.”	4	NA
9	400	After	1	NA
9	401	the	1	NA
9	402	Downing	1	NA
9	403	Street	1	NA
9	404	meeting,	2	NA
9	405	Cameron	1	he
9	406	asked	1	NA
9	407	the	1	he
9	408	Conservative	1	he
9	409	member	1	he
9	410	of	1	he
9	411	parliament	1	he
9	412	Mike	1	NA
9	413	Weatherley	2	NA
9	414	to	1	NA
9	415	be	1	NA
9	416	his	1	NA
9	417	adviser	1	NA
9	418	on	1	NA
9	419	the	1	NA
9	420	subject.	2	NA
9	421	The	1	It,
9	422	BPI,	3	It,
9	423	an	1	it,
9	424	organization	1	it,
9	425	that	1	it,
9	426	supports	1	it,
9	427	music	1	it,
9	428	companies,	2	it,
9	429	said:	2	NA
9	430	“Mike	3	“he
9	431	Weatherley	2	“he
9	432	is	1	NA
9	433	a	1	NA
9	434	strong	1	NA
9	435	supporter	1	NA
9	436	of	1	NA
9	437	copyright	1	it
9	438	and	1	NA
9	439	the	1	NA
9	440	artists	1	NA
9	441	and	1	NA
9	442	creative	1	NA
9	443	producers	1	NA
9	444	it's	2	NA
9	445	there	1	NA
9	446	to	1	NA
9	447	protect.	2	NA
9	448	We	1	NA
9	449	hope	1	NA
9	450	Weatherley's	3	his
9	451	influence	1	NA
9	452	and	1	NA
9	453	the	1	his
9	454	prime	1	his
9	455	minister's	2	his
9	456	support	1	NA
9	457	for	1	NA
9	458	copyright	1	it
9	459	will	1	NA
9	460	change	1	NA
9	461	what	1	NA
9	462	the	1	NA
9	463	government	1	NA
9	464	does	1	NA
9	465	about	1	NA
9	466	illegal	1	NA
9	467	downloading	1	NA
9	468	in	1	NA
9	469	the	1	it.”
9	470	UK.”	4	it.”
10	0	DNA	1	It
10	1	taken	1	It
10	2	from	1	It
10	3	the	1	It
10	4	wisdom	1	It
10	5	tooth	1	It
10	6	of	1	It
10	7	a	1	It
10	8	European	1	It
10	9	hunter-gatherer	4	It
10	10	has	1	NA
10	11	given	1	NA
10	12	scientists	1	them
10	13	an	1	NA
10	14	unprecedented	1	NA
10	15	glimpse	1	NA
10	16	of	1	NA
10	17	modern	1	them
10	18	humans	1	them
10	19	before	1	NA
10	20	the	1	it.
10	21	rise	1	it.
10	22	of	1	it.
10	23	farming.	2	it.
10	24	The	1	He,
10	25	Mesolithic	2	He,
10	26	man,	2	He,
10	27	who	1	He,
10	28	lived	1	He,
10	29	in	1	He,
10	30	Spain	1	He,
10	31	around	1	He,
10	32	7,000	3	He,
10	33	years	1	He,
10	34	ago,	2	He,
10	35	had	1	NA
10	36	an	1	NA
10	37	unusual	1	NA
10	38	mix	1	NA
10	39	of	1	NA
10	40	blue	1	NA
10	41	eyes,	2	NA
10	42	black	1	NA
10	43	or	1	NA
10	44	brown	1	NA
10	45	hair	1	NA
10	46	and	1	NA
10	47	dark	1	NA
10	48	skin,	2	NA
10	49	according	1	NA
10	50	to	1	NA
10	51	analyses	1	it.
10	52	of	1	it.
10	53	his	1	it.
10	54	genetic	1	it.
10	55	make-up.	4	it.
10	56	He	1	NA
10	57	was	1	NA
10	58	probably	1	NA
10	59	lactose	2	NA
10	60	intolerant	2	NA
10	61	and	1	NA
10	62	had	1	NA
10	63	more	1	NA
10	64	difﬁculty	7	NA
10	65	digesting	2	NA
10	66	starchy	2	NA
10	67	foods	1	NA
10	68	than	1	NA
10	69	the	1	NA
10	70	farmers	1	NA
10	71	who	1	NA
10	72	transformed	1	NA
10	73	diets	1	NA
10	74	and	1	NA
10	75	lifestyles	1	NA
10	76	when	1	NA
10	77	they	1	NA
10	78	took	1	NA
10	79	up	1	NA
10	80	tools	1	NA
10	81	in	1	NA
10	82	the	1	it.
10	83	ﬁrst	5	it.
10	84	agricultural	1	it.
10	85	revolution.	2	it.
10	86	The	1	It
10	87	invention	1	It
10	88	of	1	It
10	89	farming	1	It
10	90	brought	1	NA
10	91	humans	1	NA
10	92	and	1	NA
10	93	animals	1	them
10	94	into	1	NA
10	95	much	1	NA
10	96	closer	1	NA
10	97	contact	1	NA
10	98	and	1	NA
10	99	humans	1	them
10	100	likely	1	NA
10	101	evolved	1	NA
10	102	more	1	them
10	103	robust	1	them
10	104	immune	1	them
10	105	systems	1	them
10	106	to	1	NA
10	107	fend	1	NA
10	108	off	1	NA
10	109	infections	1	NA
10	110	that	1	NA
10	111	the	1	they
10	112	animals	1	they
10	113	passed	1	NA
10	114	on.	2	NA
10	115	But	1	NA
10	116	scientists	1	they
10	117	may	1	NA
10	118	have	1	NA
10	119	overestimated	2	NA
10	120	the	1	NA
10	121	impact	1	NA
10	122	farming	1	it
10	123	had	1	NA
10	124	in	1	NA
10	125	shaping	1	NA
10	126	the	1	it,
10	127	human	1	it,
10	128	immune	1	it,
10	129	system,	2	it,
10	130	because	1	NA
10	131	tests	1	they
10	132	on	1	they
10	133	the	1	they
10	134	hunter-gatherer's	5	they
10	135	DNA	1	they
10	136	found	1	NA
10	137	that	1	NA
10	138	he	1	NA
10	139	already	1	NA
10	140	carried	1	NA
10	141	mutations	1	NA
10	142	that	1	NA
10	143	boost	1	NA
10	144	the	1	it
10	145	immune	1	it
10	146	system	1	it
10	147	to	1	NA
10	148	tackle	1	NA
10	149	various	1	NA
10	150	nasty	1	NA
10	151	bugs.	2	NA
10	152	Some	1	NA
10	153	live	1	NA
10	154	on	1	NA
10	155	in	1	NA
10	156	modern	1	them
10	157	Europeans	1	them
10	158	today.	2	NA
10	159	“Before	3	NA
10	160	we	1	NA
10	161	started	1	NA
10	162	this	1	it,
10	163	work,	2	it,
10	164	I	1	NA
10	165	had	1	NA
10	166	some	1	them,”
10	167	ideas	1	them,”
10	168	of	1	them,”
10	169	what	1	them,”
10	170	we	1	them,”
10	171	were	1	them,”
10	172	going	1	them,”
10	173	to	1	them,”
10	174	ﬁnd,”	7	them,”
10	175	said	1	NA
10	176	Carles	2	he.
10	177	Lalueza-Fox,	6	he.
10	178	who	1	he.
10	179	led	1	he.
10	180	the	1	he.
10	181	study	1	he.
10	182	at	1	he.
10	183	the	1	he.
10	184	Institute	1	he.
10	185	of	1	he.
10	186	Evolutionary	2	he.
10	187	Biology	1	he.
10	188	in	1	he.
10	189	Barcelona.	2	he.
10	190	“Most	3	NA
10	191	of	1	NA
10	192	those	1	them
10	193	ideas	1	them
10	194	turned	1	NA
10	195	out	1	NA
10	196	to	1	NA
10	197	be	1	NA
10	198	completely	1	NA
10	199	wrong.”	4	NA
10	200	The	1	they
10	201	Spanish	1	they
10	202	team	1	they
10	203	started	1	NA
10	204	their	1	it
10	205	work	1	it
10	206	after	1	NA
10	207	a	1	NA
10	208	group	1	NA
10	209	of	1	NA
10	210	cavers	2	NA
10	211	stumbled	1	NA
10	212	upon	1	NA
10	213	two	1	them
10	214	skeletons	1	them
10	215	in	1	NA
10	216	a	1	it
10	217	deep	1	it
10	218	and	1	it
10	219	complex	1	it
10	220	cave	1	it
10	221	system	1	it
10	222	high	1	it
10	223	up	1	it
10	224	in	1	it
10	225	the	1	it
10	226	Cantabrian	3	it
10	227	Mountains	1	it
10	228	of	1	it
10	229	northwest	1	it
10	230	Spain	1	it
10	231	in	1	NA
10	232	2006.	2	NA
10	233	The	1	They,
10	234	human	1	They,
10	235	remains,	2	They,
10	236	which	1	They,
10	237	belonged	1	They,
10	238	to	1	They,
10	239	two	1	They,
10	240	men	1	They,
10	241	in	1	They,
10	242	their	1	They,
10	243	early	1	They,
10	244	30s,	3	They,
10	245	had	1	NA
10	246	been	1	NA
10	247	extremely	1	NA
10	248	well	1	NA
10	249	preserved	1	NA
10	250	by	1	NA
10	251	the	1	NA
10	252	cool	1	NA
10	253	environment	1	NA
10	254	of	1	NA
10	255	the	1	it.
10	256	cave.	2	it.
10	257	Carbon	1	NA
10	258	dating	1	NA
10	259	put	1	NA
10	260	the	1	them
10	261	remains	1	them
10	262	at	1	NA
10	263	around	1	it
10	264	7,000	3	it
10	265	years	1	it
10	266	old,	2	NA
10	267	before	1	NA
10	268	farming	1	it
10	269	had	1	NA
10	270	swept	1	NA
10	271	into	1	NA
10	272	Europe	1	NA
10	273	from	1	NA
10	274	the	1	NA
10	275	Middle	1	NA
10	276	East.	2	NA
10	277	The	1	It
10	278	timing	1	It
10	279	ﬁtted	4	NA
10	280	with	1	NA
10	281	ancient	1	NA
10	282	artifacts	1	NA
10	283	found	1	NA
10	284	at	1	NA
10	285	the	1	it,
10	286	site,	2	it,
10	287	including	1	NA
10	288	perforated	3	NA
10	289	reindeer	3	NA
10	290	teeth	1	NA
10	291	that	1	NA
10	292	were	1	NA
10	293	strung	2	NA
10	294	and	1	NA
10	295	hung	1	NA
10	296	from	1	NA
10	297	the	1	their
10	298	people's	2	their
10	299	clothing.	2	NA
10	300	On	1	NA
10	301	top	1	NA
10	302	of	1	NA
10	303	the	1	NA
10	304	scientiﬁc	6	NA
10	305	impact,	2	NA
10	306	artists	1	they
10	307	might	1	NA
10	308	have	1	NA
10	309	to	1	NA
10	310	rethink	1	NA
10	311	their	1	NA
10	312	drawings	1	NA
10	313	of	1	NA
10	314	the	1	them.
10	315	people.	2	them.
10	316	“You	3	NA
10	317	see	1	NA
10	318	a	1	NA
10	319	lot	1	NA
10	320	of	1	NA
10	321	reconstructions	2	NA
10	322	of	1	NA
10	323	these	1	them
10	324	people	1	them
10	325	hunting	1	them
10	326	and	1	them
10	327	gathering	1	them
10	328	and	1	NA
10	329	they	1	NA
10	330	look	1	NA
10	331	like	1	NA
10	332	modern	1	us.
10	333	Europeans	1	us.
10	334	with	1	us.
10	335	light	1	us.
10	336	skin.	2	us.
10	337	You	1	NA
10	338	never	1	NA
10	339	see	1	NA
10	340	a	1	NA
10	341	reconstruction	1	NA
10	342	of	1	NA
10	343	a	1	NA
10	344	Mesolithic	2	NA
10	345	hunter-	2	NA
10	346	gatherer	3	NA
10	347	with	1	NA
10	348	dark	1	NA
10	349	skin	1	NA
10	350	and	1	NA
10	351	blue	1	NA
10	352	eye	1	NA
10	353	color,”	4	NA
10	354	Lalueza-Fox	5	NA
10	355	said.	2	NA
10	356	The	1	It
10	357	Spanish	1	It
10	358	team	1	It
10	359	went	1	NA
10	360	on	1	NA
10	361	to	1	NA
10	362	compare	1	NA
10	363	the	1	it
10	364	genome	1	it
10	365	of	1	it
10	366	the	1	it
10	367	hunter-gatherer	4	it
10	368	to	1	NA
10	369	those	1	them
10	370	of	1	them
10	371	modern	1	them
10	372	Europeans	1	them
10	373	from	1	them
10	374	different	1	them
10	375	regions	1	them
10	376	to	1	NA
10	377	see	1	NA
10	378	how	1	NA
10	379	they	1	NA
10	380	might	1	NA
10	381	be	1	NA
10	382	related.	2	NA
10	383	They	1	NA
10	384	found	1	NA
10	385	that	1	NA
10	386	the	1	it
10	387	ancient	1	it
10	388	DNA	1	it
10	389	most	1	NA
10	390	closely	1	NA
10	391	matched	1	NA
10	392	the	1	NA
10	393	genetic	1	NA
10	394	makeup	1	NA
10	395	of	1	NA
10	396	people	1	NA
10	397	living	1	NA
10	398	in	1	NA
10	399	northern	1	NA
10	400	Europe,	2	NA
10	401	in	1	NA
10	402	particular	1	NA
10	403	Sweden	1	NA
10	404	and	1	NA
10	405	Finland.	2	NA
11	0	Scientists	1	They
11	1	have	1	NA
11	2	taken	1	NA
11	3	DNA	1	it
11	4	from	1	NA
11	5	the	1	NA
11	6	tooth	1	NA
11	7	of	1	NA
11	8	a	1	it
11	9	European	1	it
11	10	hunter-gatherer	4	it
11	11	and	1	NA
11	12	have	1	NA
11	13	found	1	NA
11	14	out	1	NA
11	15	what	1	NA
11	16	modern	1	they
11	17	humans	1	they
11	18	looked	1	NA
11	19	like	1	NA
11	20	before	1	NA
11	21	they	1	NA
11	22	started	1	NA
11	23	farming.	2	it.
11	24	The	1	He,
11	25	Mesolithic	2	He,
11	26	man,	2	He,
11	27	who	1	He,
11	28	lived	1	He,
11	29	in	1	He,
11	30	Spain	1	He,
11	31	about	1	He,
11	32	7,000	3	He,
11	33	years	1	He,
11	34	ago,	2	He,
11	35	had	1	NA
11	36	an	1	NA
11	37	unusual	1	NA
11	38	mix	1	NA
11	39	of	1	NA
11	40	blue	1	NA
11	41	eyes,	2	NA
11	42	black	1	NA
11	43	or	1	NA
11	44	brown	1	NA
11	45	hair	1	NA
11	46	and	1	NA
11	47	dark	1	NA
11	48	skin.	2	NA
11	49	He	1	NA
11	50	was	1	NA
11	51	probably	1	NA
11	52	lactose	2	NA
11	53	intolerant	2	NA
11	54	and	1	NA
11	55	could	1	NA
11	56	not	1	NA
11	57	digest	1	NA
11	58	starchy	2	NA
11	59	foods	1	NA
11	60	easily.	2	NA
11	61	The	1	NA
11	62	invention	1	NA
11	63	of	1	NA
11	64	farming	1	it
11	65	brought	1	NA
11	66	humans	1	them
11	67	and	1	NA
11	68	animals	1	them
11	69	much	1	NA
11	70	closer	1	NA
11	71	and	1	NA
11	72	humans	1	they.
11	73	probably	1	they.
11	74	developed	1	they.
11	75	stronger	1	they.
11	76	immune	1	they.
11	77	systems	1	they.
11	78	to	1	they.
11	79	ﬁght	5	they.
11	80	infections	1	they.
11	81	from	1	they.
11	82	the	1	they.
11	83	animals.	2	they.
11	84	But	1	NA
11	85	the	1	it
11	86	change	1	it
11	87	to	1	it
11	88	humans'	2	it
11	89	immune	1	it
11	90	systems	1	it
11	91	may	1	NA
11	92	not	1	NA
11	93	be	1	NA
11	94	as	1	NA
11	95	big	1	NA
11	96	as	1	NA
11	97	scientists	1	they
11	98	thought	1	NA
11	99	–	1	NA
11	100	tests	1	NA
11	101	on	1	NA
11	102	the	1	it
11	103	hunter-gatherer's	5	it
11	104	DNA	1	it
11	105	found	1	NA
11	106	that	1	NA
11	107	he	1	NA
11	108	already	1	NA
11	109	had	1	NA
11	110	genes	1	them.
11	111	that	1	them.
11	112	made	1	them.
11	113	his	1	them.
11	114	immune	1	them.
11	115	system	1	them.
11	116	strong.	2	them.
11	117	Some	1	NA
11	118	of	1	NA
11	119	these	1	them
11	120	genes	1	them
11	121	still	1	NA
11	122	exist	1	NA
11	123	in	1	NA
11	124	modern	1	them
11	125	Europeans	1	them
11	126	today.	2	NA
11	127	“Before	3	NA
11	128	we	1	NA
11	129	started	1	NA
11	130	this	1	it,
11	131	work,	2	it,
11	132	I	1	NA
11	133	had	1	NA
11	134	some	1	them,”
11	135	ideas	1	them,”
11	136	of	1	them,”
11	137	what	1	them,”
11	138	we	1	them,”
11	139	were	1	them,”
11	140	going	1	them,”
11	141	to	1	them,”
11	142	ﬁnd,”	7	them,”
11	143	said	1	NA
11	144	Carles	2	he.
11	145	Lalueza-Fox,	6	he.
11	146	who	1	he.
11	147	led	1	he.
11	148	the	1	he.
11	149	study	1	he.
11	150	at	1	he.
11	151	the	1	he.
11	152	Institute	1	he.
11	153	of	1	he.
11	154	Evolutionary	2	he.
11	155	Biology	1	he.
11	156	in	1	he.
11	157	Barcelona.	2	he.
11	158	“Most	3	NA
11	159	of	1	NA
11	160	those	1	them
11	161	ideas	1	them
11	162	turned	1	NA
11	163	out	1	NA
11	164	to	1	NA
11	165	be	1	NA
11	166	completely	1	NA
11	167	wrong.”	4	NA
11	168	The	1	they
11	169	Spanish	1	they
11	170	team	1	they
11	171	started	1	NA
11	172	their	1	their
11	173	work	1	their
11	174	after	1	NA
11	175	a	1	NA
11	176	group	1	NA
11	177	of	1	NA
11	178	cave	1	NA
11	179	explorers	1	NA
11	180	found	1	NA
11	181	two	1	them
11	182	skeletons	1	them
11	183	in	1	NA
11	184	a	1	it
11	185	deep	1	it
11	186	cave	1	it
11	187	high	1	it
11	188	up	1	it
11	189	in	1	it
11	190	the	1	it
11	191	Cantabrian	3	it
11	192	Mountains	1	it
11	193	of	1	it
11	194	northwest	1	it
11	195	Spain	1	it
11	196	in	1	NA
11	197	2006.	2	NA
11	198	The	1	They,
11	199	skeletons,	2	They,
11	200	which	1	They,
11	201	belonged	1	They,
11	202	to	1	They,
11	203	two	1	They,
11	204	men	1	They,
11	205	in	1	They,
11	206	their	1	They,
11	207	early	1	They,
11	208	30s,	3	They,
11	209	had	1	NA
11	210	been	1	NA
11	211	very	1	NA
11	212	well	1	NA
11	213	preserved	1	NA
11	214	in	1	NA
11	215	the	1	it.
11	216	cool	1	it.
11	217	cave.	2	it.
11	218	Carbon	1	NA
11	219	dating	1	NA
11	220	showed	1	NA
11	221	the	1	they
11	222	skeletons	1	they
11	223	are	1	NA
11	224	around	1	NA
11	225	7,000	3	NA
11	226	years	1	NA
11	227	old,	2	NA
11	228	from	1	NA
11	229	the	1	NA
11	230	time	1	NA
11	231	before	1	NA
11	232	farming	1	it
11	233	arrived	1	NA
11	234	in	1	NA
11	235	Europe	1	NA
11	236	from	1	NA
11	237	the	1	NA
11	238	Middle	1	NA
11	239	East.	2	NA
11	240	Other	1	NA
11	241	things	1	NA
11	242	were	1	NA
11	243	found	1	NA
11	244	in	1	NA
11	245	the	1	it,
11	246	cave,	2	it,
11	247	including	1	NA
11	248	reindeer	3	NA
11	249	teeth	1	NA
11	250	that	1	NA
11	251	were	1	NA
11	252	hung	1	NA
11	253	from	1	NA
11	254	the	1	their
11	255	people's	2	their
11	256	clothing.	2	NA
11	257	This	1	It
11	258	discovery	1	It
11	259	is	1	NA
11	260	important	1	NA
11	261	for	1	NA
11	262	science.	2	NA
11	263	It	1	NA
11	264	is	1	NA
11	265	also	1	NA
11	266	important	1	NA
11	267	to	1	NA
11	268	artists	1	NA
11	269	who	1	NA
11	270	will	1	NA
11	271	have	1	NA
11	272	to	1	NA
11	273	draw	1	NA
11	274	Mesolithic	2	them
11	275	people	1	them
11	276	in	1	NA
11	277	a	1	NA
11	278	new	1	NA
11	279	way.	2	NA
11	280	“You	3	NA
11	281	see	1	NA
11	282	a	1	NA
11	283	lot	1	NA
11	284	of	1	NA
11	285	pictures	1	NA
11	286	of	1	NA
11	287	these	1	them
11	288	people	1	them
11	289	hunting	1	NA
11	290	and	1	NA
11	291	gathering	1	NA
11	292	and	1	NA
11	293	they	1	NA
11	294	look	1	NA
11	295	like	1	NA
11	296	modern	1	them.
11	297	Europeans	1	them.
11	298	with	1	them.
11	299	light	1	them.
11	300	skin.	2	them.
11	301	You	1	NA
11	302	never	1	NA
11	303	see	1	NA
11	304	a	1	NA
11	305	picture	1	NA
11	306	of	1	NA
11	307	a	1	NA
11	308	Mesolithic	2	NA
11	309	hunter-gatherer	4	NA
11	310	with	1	NA
11	311	dark	1	NA
11	312	skin	1	NA
11	313	and	1	NA
11	314	blue	1	NA
11	315	eyes,”	4	NA
11	316	Lalueza-Fox	5	he
11	317	said.	2	NA
11	318	The	1	It
11	319	Spanish	1	It
11	320	team	1	It
11	321	compared	1	NA
11	322	the	1	him
11	323	hunter-gatherer	4	him
11	324	to	1	NA
11	325	modern	1	them
11	326	Europeans	1	them
11	327	from	1	them
11	328	different	1	them
11	329	regions	1	them
11	330	to	1	NA
11	331	see	1	NA
11	332	how	1	NA
11	333	they	1	NA
11	334	might	1	NA
11	335	be	1	NA
11	336	related.	2	NA
11	337	They	1	NA
11	338	found	1	NA
11	339	that	1	NA
11	340	the	1	it
11	341	ancient	1	it
11	342	DNA	1	it
11	343	was	1	NA
11	344	most	1	NA
11	345	closely	1	NA
11	346	related	1	NA
11	347	to	1	NA
11	348	the	1	NA
11	349	DNA	1	NA
11	350	of	1	NA
11	351	people	1	NA
11	352	living	1	NA
11	353	in	1	NA
11	354	northern	1	NA
11	355	Europe,	2	NA
11	356	in	1	NA
11	357	particular	1	NA
11	358	Sweden	1	NA
11	359	and	1	NA
11	360	Finland.	2	NA
12	0	An	1	It
12	1	octopus	2	It
12	2	has	1	NA
12	3	made	1	NA
12	4	a	1	its
12	5	brazen	1	its
12	6	escape	1	its
12	7	from	1	its
12	8	the	1	its
12	9	National	1	its
12	10	Aquarium	2	its
12	11	in	1	its
12	12	New	1	its
12	13	Zealand	1	its
12	14	by	1	NA
12	15	breaking	1	NA
12	16	out	1	NA
12	17	of	1	NA
12	18	its	1	its,
12	19	tank,	2	its,
12	20	slithering	2	NA
12	21	down	1	NA
12	22	a	1	it
12	23	50-meter	3	it
12	24	drainpipe	2	it
12	25	and	1	NA
12	26	disappearing	1	NA
12	27	into	1	NA
12	28	the	1	it.
12	29	sea.	2	it.
12	30	In	1	NA
12	31	scenes	1	NA
12	32	reminiscent	1	NA
12	33	of	1	NA
12	34	Finding	1	NA
12	35	Nemo,	3	NA
12	36	Inky	2	he
12	37	–	1	NA
12	38	a	1	it
12	39	common	1	it
12	40	New	1	it
12	41	Zealand	1	it
12	42	octopus	2	it
12	43	–	1	NA
12	44	made	1	NA
12	45	his	1	his
12	46	dash	1	his
12	47	for	1	his
12	48	freedom	1	his
12	49	after	1	NA
12	50	the	1	NA
12	51	lid	1	NA
12	52	of	1	NA
12	53	his	1	his
12	54	tank	1	his
12	55	was	1	NA
12	56	accidentally	1	NA
12	57	left	1	NA
12	58	slightly	1	NA
12	59	ajar.	3	NA
12	60	Staff	1	They
12	61	believe	1	NA
12	62	that	1	NA
12	63	in	1	NA
12	64	the	1	NA
12	65	middle	1	NA
12	66	of	1	NA
12	67	the	1	NA
12	68	night,	2	NA
12	69	while	1	NA
12	70	the	1	it
12	71	aquarium	1	it
12	72	was	1	NA
12	73	deserted,	2	NA
12	74	Inky	2	he
12	75	clambered	3	NA
12	76	to	1	NA
12	77	the	1	NA
12	78	top	1	NA
12	79	of	1	NA
12	80	his	1	his,
12	81	glass	1	his,
12	82	enclosure,	2	his,
12	83	down	1	NA
12	84	the	1	NA
12	85	side	1	NA
12	86	of	1	NA
12	87	the	1	it
12	88	tank	1	it
12	89	and	1	NA
12	90	traveled	1	NA
12	91	across	1	NA
12	92	the	1	it.
12	93	floor	1	it.
12	94	of	1	it.
12	95	the	1	it.
12	96	aquarium.	2	it.
12	97	Rob	1	He,
12	98	Yarrell,	3	He,
12	99	national	1	he,
12	100	manager	1	he,
12	101	of	1	he,
12	102	the	1	he,
12	103	National	1	he,
12	104	Aquarium	2	he,
12	105	of	1	he,
12	106	New	1	he,
12	107	Zealand	1	he,
12	108	in	1	he,
12	109	Napier,	3	he,
12	110	said:	2	NA
12	111	“Octopuses	5	“they
12	112	are	1	NA
12	113	famous	1	they.
12	114	escape	1	they.
12	115	artists.	2	they.
12	116	I	1	NA
12	117	don't	2	NA
12	118	think	1	NA
12	119	he	1	NA
12	120	was	1	NA
12	121	unhappy	1	NA
12	122	with	1	NA
12	123	us,	2	NA
12	124	or	1	NA
12	125	lonely,	2	NA
12	126	as	1	NA
12	127	octopuses	3	they
12	128	are	1	NA
12	129	solitary	1	they.
12	130	creatures.	2	they.
12	131	But,	2	NA
12	132	he	1	NA
12	133	is	1	NA
12	134	such	1	he.
12	135	a	1	he.
12	136	curious	1	he.
12	137	boy.	2	he.
12	138	He	1	He.
12	139	would	1	He.
12	140	want	1	He.
12	141	to	1	He.
12	142	know	1	He.
12	143	what's	2	He.
12	144	happening	1	He.
12	145	on	1	He.
12	146	the	1	He.
12	147	outside.	2	He.
12	148	That's	2	NA
12	149	just	1	NA
12	150	his	1	it.”
12	151	personality.”	4	it.”
12	152	One	1	NA
12	153	theory	1	NA
12	154	is	1	NA
12	155	that	1	NA
12	156	Inky	2	it
12	157	slid	1	NA
12	158	across	1	NA
12	159	the	1	it
12	160	aquarium	1	it
12	161	floor	1	it
12	162	–	1	NA
12	163	a	1	NA
12	164	journey	1	NA
12	165	of	1	NA
12	166	three	1	NA
12	167	or	1	NA
12	168	four	1	NA
12	169	meters	1	NA
12	170	–	1	NA
12	171	and	1	NA
12	172	then,	2	NA
12	173	sensing	1	NA
12	174	freedom	1	it
12	175	was	1	NA
12	176	at	1	NA
12	177	hand,	2	NA
12	178	into	1	NA
12	179	a	1	it.
12	180	drainpipe	2	it.
12	181	that	1	it.
12	182	led	1	it.
12	183	directly	1	it.
12	184	to	1	it.
12	185	the	1	it.
12	186	sea.	2	it.
12	187	The	1	It
12	188	drainpipe	2	It
12	189	was	1	NA
12	190	50	1	NA
12	191	meters	1	NA
12	192	long	1	NA
12	193	and	1	NA
12	194	opened	1	NA
12	195	onto	1	NA
12	196	the	1	NA
12	197	waters	1	NA
12	198	of	1	NA
12	199	Hawke's	3	NA
12	200	Bay,	2	NA
12	201	on	1	NA
12	202	the	1	NA
12	203	east	1	NA
12	204	coast	1	NA
12	205	of	1	NA
12	206	New	1	its
12	207	Zealand's	2	its
12	208	North	1	NA
12	209	Island.	2	NA
12	210	Another	1	NA
12	211	possible	1	NA
12	212	escape	1	NA
12	213	route	1	NA
12	214	could	1	NA
12	215	have	1	NA
12	216	involved	1	NA
12	217	Inky	2	him
12	218	squeezing	1	NA
12	219	into	1	NA
12	220	an	1	NA
12	221	open	1	NA
12	222	pipe	1	NA
12	223	at	1	NA
12	224	the	1	NA
12	225	top	1	NA
12	226	of	1	NA
12	227	his	1	his,
12	228	tank,	2	his,
12	229	which	1	NA
12	230	led	1	NA
12	231	under	1	NA
12	232	the	1	it
12	233	floor	1	it
12	234	to	1	NA
12	235	the	1	it.
12	236	drain.	2	it.
12	237	“When	3	NA
12	238	we	1	NA
12	239	came	1	NA
12	240	in	1	NA
12	241	the	1	NA
12	242	next	1	NA
12	243	morning	1	NA
12	244	and	1	NA
12	245	his	1	it
12	246	tank	1	it
12	247	was	1	NA
12	248	empty,	2	NA
12	249	I	1	NA
12	250	was	1	NA
12	251	really	1	NA
12	252	surprised,”	4	NA
12	253	said	1	NA
12	254	Yarrell,	3	he.
12	255	who	1	he.
12	256	has	1	he.
12	257	not	1	he.
12	258	launched	1	he.
12	259	a	1	he.
12	260	search	1	he.
12	261	for	1	he.
12	262	Inky.	3	he.
12	263	“The	3	“They
12	264	staff	1	“They
12	265	and	1	NA
12	266	I	1	NA
12	267	have	1	NA
12	268	been	1	NA
12	269	pretty	1	NA
12	270	sad.	2	NA
12	271	But	1	NA
12	272	then,	2	NA
12	273	this	1	NA
12	274	is	1	NA
12	275	Inky	2	he
12	276	and	1	NA
12	277	he's	2	NA
12	278	always	1	NA
12	279	been	1	NA
12	280	a	1	NA
12	281	bit	1	NA
12	282	of	1	NA
12	283	a	1	NA
12	284	surprise	1	NA
12	285	octopus.”	5	NA
12	286	Reiss	2	he,
12	287	Jenkinson,	3	he,
12	288	exhibits	1	he,
12	289	keeper	1	he,
12	290	at	1	he,
12	291	the	1	he,
12	292	National	1	he,
12	293	Aquarium,	3	he,
12	294	said	1	NA
12	295	he	1	NA
12	296	was	1	NA
12	297	absolutely	1	NA
12	298	certain	1	NA
12	299	Inky	2	he
12	300	had	1	NA
12	301	not	1	NA
12	302	been	1	NA
12	303	taken.	2	NA
12	304	“I	3	NA
12	305	understand	1	NA
12	306	the	1	NA
12	307	nature	1	NA
12	308	of	1	NA
12	309	octopus	2	its
12	310	behavior	1	NA
12	311	very	1	NA
12	312	well,”	4	NA
12	313	he	1	NA
12	314	said.	2	NA
12	315	“I	3	NA
12	316	have	1	NA
12	317	seen	1	NA
12	318	octopuses	3	NA
12	319	on	1	NA
12	320	boats	1	NA
12	321	slip	1	NA
12	322	through	1	NA
12	323	bilge	2	NA
12	324	pumps.	2	NA
12	325	And,	2	NA
12	326	the	1	NA
12	327	security	1	NA
12	328	here	1	NA
12	329	is	1	NA
12	330	too	1	NA
12	331	tight	1	NA
12	332	for	1	NA
12	333	anyone	1	NA
12	334	to	1	NA
12	335	take	1	NA
12	336	Inky	2	him
12	337	and	1	NA
12	338	why	1	NA
12	339	would	1	NA
12	340	they?”	4	NA
12	341	Because	1	NA
12	342	octopuses	3	they
12	343	have	1	NA
12	344	no	1	NA
12	345	bones,	2	NA
12	346	they	1	NA
12	347	are	1	NA
12	348	able	1	NA
12	349	to	1	NA
12	350	fit	1	NA
12	351	into	1	NA
12	352	extremely	1	NA
12	353	small	1	NA
12	354	spaces	1	NA
12	355	and	1	NA
12	356	have	1	NA
12	357	been	1	NA
12	358	filmed	1	NA
12	359	squeezing	1	NA
12	360	through	1	NA
12	361	gaps	1	NA
12	362	the	1	NA
12	363	size	1	NA
12	364	of	1	NA
12	365	coins.	2	NA
12	366	They	1	NA
12	367	are	1	NA
12	368	also	1	NA
12	369	understood	1	NA
12	370	to	1	NA
12	371	be	1	NA
12	372	extremely	1	NA
12	373	intelligent	1	NA
12	374	and	1	NA
12	375	capable	1	NA
12	376	of	1	NA
12	377	using	1	NA
12	378	tools.	2	NA
12	379	At	1	NA
12	380	the	1	it,
12	381	Island	1	it,
12	382	Bay	1	it,
12	383	Marine	1	it,
12	384	Education	1	it,
12	385	Center	1	it,
12	386	in	1	it,
12	387	Wellington,	2	it,
12	388	an	1	it
12	389	octopus	2	it
12	390	was	1	NA
12	391	found	1	NA
12	392	to	1	NA
12	393	be	1	NA
12	394	in	1	NA
12	395	the	1	NA
12	396	habit	1	NA
12	397	of	1	NA
12	398	visiting	1	NA
12	399	another	1	NA
12	400	tank	1	NA
12	401	overnight	1	NA
12	402	to	1	NA
12	403	steal	1	NA
12	404	crabs,	2	NA
12	405	then	1	NA
12	406	returning	1	NA
12	407	to	1	NA
12	408	its	1	NA
12	409	own.	2	NA
12	410	Another	1	It,
12	411	at	1	It,
12	412	the	1	It,
12	413	center,	2	It,
12	414	Ozymandias,	5	it,
12	415	was	1	NA
12	416	thought	1	NA
12	417	to	1	NA
12	418	have	1	NA
12	419	broken	1	NA
12	420	a	1	NA
12	421	world	1	NA
12	422	record	1	NA
12	423	for	1	NA
12	424	opening	1	NA
12	425	a	1	its
12	426	jar	1	its
12	427	before	1	NA
12	428	it	1	NA
12	429	was	1	NA
12	430	released	1	NA
12	431	into	1	NA
12	432	the	1	it.
12	433	ocean.	2	it.
12	434	Inky	2	He
12	435	was	1	NA
12	436	brought	1	NA
12	437	to	1	NA
12	438	the	1	it
12	439	National	1	it
12	440	Aquarium	2	it
12	441	a	1	NA
12	442	number	1	NA
12	443	of	1	NA
12	444	years	1	NA
12	445	ago	1	NA
12	446	by	1	NA
12	447	a	1	NA
12	448	local	1	NA
12	449	fisherman	1	NA
12	450	who	1	NA
12	451	found	1	NA
12	452	him	1	NA
12	453	caught	1	NA
12	454	in	1	NA
12	455	a	1	NA
12	456	crayfish	3	NA
12	457	pot.	2	NA
12	458	He	1	NA
12	459	was	1	NA
12	460	scarred	2	NA
12	461	and	1	NA
12	462	“rough	3	NA
12	463	looking”,	4	NA
12	464	said	1	NA
12	465	Yarrell.	3	he.
12	466	“He	3	NA
12	467	had	1	NA
12	468	been	1	NA
12	469	living	1	NA
12	470	on	1	NA
12	471	the	1	NA
12	472	reef	1	NA
12	473	and	1	NA
12	474	fighting	1	NA
12	475	with	1	NA
12	476	fish	1	NA
12	477	so	1	NA
12	478	he	1	NA
12	479	wasn't	2	NA
12	480	in	1	NA
12	481	the	1	NA
12	482	best	1	NA
12	483	shape.”	4	NA
12	484	According	1	NA
12	485	to	1	NA
12	486	Yarrell,	3	he,
12	487	Inky	2	it
12	488	–	1	it
12	489	who	1	it
12	490	is	1	it
12	491	about	1	it
12	492	the	1	it
12	493	size	1	it
12	494	of	1	it
12	495	a	1	it
12	496	rugby	1	it
12	497	ball	1	it
12	498	–	1	NA
12	499	was	1	NA
12	500	an	1	it.
12	501	“unusually	4	it.
12	502	intelligent”	3	it.
12	503	octopus.	3	it.
12	504	“He	3	NA
12	505	was	1	NA
12	506	very	1	NA
12	507	friendly,	2	NA
12	508	very	1	NA
12	509	inquisitive	3	NA
12	510	and	1	NA
12	511	a	1	it
12	512	popular	1	it
12	513	attraction	1	it
12	514	here.	2	NA
12	515	We	1	NA
12	516	have	1	NA
12	517	another	1	it,
12	518	octopus,	3	it,
12	519	Blotchy,	4	he,
12	520	but	1	NA
12	521	he	1	NA
12	522	is	1	NA
12	523	smaller	1	NA
12	524	than	1	NA
12	525	Inky	2	NA
12	526	and	1	NA
12	527	Inky	2	he
12	528	had	1	NA
12	529	the	1	NA
12	530	personality.”	4	NA
12	531	The	1	it
12	532	aquarium	1	it
12	533	has	1	NA
12	534	no	1	NA
12	535	plans	1	NA
12	536	to	1	NA
12	537	step	1	NA
12	538	up	1	NA
12	539	security	1	NA
12	540	as	1	NA
12	541	a	1	NA
12	542	result	1	NA
12	543	of	1	NA
12	544	the	1	it
12	545	escape	1	it
12	546	as	1	NA
12	547	Inky	2	he
12	548	was	1	NA
12	549	a	1	NA
12	550	“one-off”	7	NA
12	551	but	1	NA
12	552	the	1	they
12	553	staff	1	they
12	554	are	1	NA
12	555	“increasingly	4	NA
12	556	aware	1	NA
12	557	of	1	NA
12	558	what	1	NA
12	559	octopuses	3	they
12	560	can	1	NA
12	561	actually	1	NA
12	562	do”.	4	NA
12	563	Although	1	NA
12	564	the	1	it
12	565	aquarium	1	it
12	566	is	1	NA
12	567	not	1	NA
12	568	actively	1	NA
12	569	searching	1	NA
12	570	for	1	NA
12	571	a	1	NA
12	572	replacement	1	NA
12	573	for	1	NA
12	574	Inky,	3	him,
12	575	if	1	NA
12	576	a	1	NA
12	577	fisherman	1	NA
12	578	brought	1	NA
12	579	in	1	NA
12	580	another	1	it,
12	581	octopus,	3	it,
12	582	it	1	NA
12	583	might	1	NA
12	584	be	1	NA
12	585	willing	1	NA
12	586	to	1	NA
12	587	take	1	NA
12	588	it	1	NA
12	589	on.	2	NA
13	0	An	1	It
13	1	octopus	2	It
13	2	has	1	NA
13	3	escaped	1	NA
13	4	from	1	NA
13	5	the	1	it.
13	6	National	1	it.
13	7	Aquarium	2	it.
13	8	in	1	it.
13	9	New	1	it.
13	10	Zealand.	2	it.
13	11	It	1	NA
13	12	escaped	1	NA
13	13	from	1	NA
13	14	its	1	its,
13	15	tank,	2	its,
13	16	slid	1	NA
13	17	down	1	NA
13	18	a	1	it
13	19	50-meter	3	it
13	20	drainpipe	2	it
13	21	and	1	NA
13	22	disappeared	1	NA
13	23	into	1	NA
13	24	the	1	it.
13	25	sea.	2	it.
13	26	Inky	2	He
13	27	–	1	NA
13	28	a	1	it
13	29	common	1	it
13	30	New	1	it
13	31	Zealand	1	it
13	32	octopus	2	it
13	33	–	1	NA
13	34	escaped	1	NA
13	35	after	1	NA
13	36	someone	1	NA
13	37	left	1	NA
13	38	the	1	NA
13	39	lid	1	NA
13	40	of	1	NA
13	41	his	1	his
13	42	tank	1	his
13	43	open.	2	NA
13	44	Staff	1	They
13	45	at	1	They
13	46	the	1	They
13	47	aquarium	1	They
13	48	believe	1	NA
13	49	that,	2	NA
13	50	in	1	NA
13	51	the	1	NA
13	52	middle	1	NA
13	53	of	1	NA
13	54	the	1	NA
13	55	night,	2	NA
13	56	when	1	NA
13	57	there	1	NA
13	58	was	1	NA
13	59	no-one	3	NA
13	60	in	1	NA
13	61	the	1	it,
13	62	building,	2	it,
13	63	Inky	2	he
13	64	climbed	1	NA
13	65	down	1	NA
13	66	the	1	NA
13	67	side	1	NA
13	68	of	1	NA
13	69	the	1	his
13	70	tank	1	his
13	71	and	1	NA
13	72	traveled	1	NA
13	73	across	1	NA
13	74	the	1	it.
13	75	floor.	2	it.
13	76	Rob	1	He,
13	77	Yarrell,	3	He,
13	78	national	1	he,
13	79	manager	1	he,
13	80	of	1	he,
13	81	the	1	he,
13	82	National	1	he,
13	83	Aquarium	2	he,
13	84	of	1	he,
13	85	New	1	he,
13	86	Zealand	1	he,
13	87	in	1	he,
13	88	Napier,	3	he,
13	89	said:	2	NA
13	90	“Octopuses	5	“they
13	91	are	1	NA
13	92	famous	1	NA
13	93	for	1	NA
13	94	their	1	NA
13	95	ability	1	NA
13	96	to	1	NA
13	97	escape.	2	NA
13	98	I	1	NA
13	99	don't	2	NA
13	100	think	1	NA
13	101	he	1	NA
13	102	was	1	NA
13	103	unhappy	1	NA
13	104	with	1	NA
13	105	us,	2	NA
13	106	or	1	NA
13	107	lonely,	2	NA
13	108	because	1	NA
13	109	octopuses	3	they
13	110	like	1	NA
13	111	to	1	NA
13	112	live	1	NA
13	113	alone.	2	NA
13	114	But,	2	NA
13	115	he	1	NA
13	116	is	1	NA
13	117	such	1	he.
13	118	a	1	he.
13	119	curious	1	he.
13	120	boy.	2	he.
13	121	He	1	He.
13	122	would	1	He.
13	123	want	1	He.
13	124	to	1	He.
13	125	know	1	He.
13	126	what's	2	He.
13	127	happening	1	He.
13	128	on	1	He.
13	129	the	1	He.
13	130	outside.	2	He.
13	131	That's	2	NA
13	132	his	1	his.”
13	133	personality.”	4	his.”
13	134	One	1	NA
13	135	idea	1	NA
13	136	is	1	NA
13	137	that	1	NA
13	138	Inky	2	he
13	139	crossed	1	he
13	140	the	1	he
13	141	aquarium	1	he
13	142	floor	1	he
13	143	–	1	NA
13	144	a	1	it
13	145	journey	1	it
13	146	of	1	it
13	147	three	1	it
13	148	or	1	it
13	149	four	1	it
13	150	meters	1	it
13	151	–	1	NA
13	152	and	1	NA
13	153	then,	2	NA
13	154	he	1	NA
13	155	realized	1	NA
13	156	that	1	NA
13	157	freedom	1	NA
13	158	was	1	NA
13	159	very	1	NA
13	160	near	1	NA
13	161	so	1	NA
13	162	he	1	NA
13	163	entered	1	NA
13	164	a	1	it.
13	165	drainpipe	2	it.
13	166	that	1	it.
13	167	led	1	it.
13	168	directly	1	it.
13	169	to	1	it.
13	170	the	1	it.
13	171	sea.	2	it.
13	172	The	1	It
13	173	drainpipe	2	It
13	174	was	1	NA
13	175	50	1	NA
13	176	meters	1	NA
13	177	long	1	NA
13	178	and	1	NA
13	179	opened	1	NA
13	180	into	1	NA
13	181	Hawke's	3	NA
13	182	Bay,	2	NA
13	183	on	1	NA
13	184	the	1	NA
13	185	east	1	NA
13	186	coast	1	NA
13	187	of	1	NA
13	188	New	1	its
13	189	Zealand's	2	its
13	190	North	1	NA
13	191	Island.	2	NA
13	192	It	1	NA
13	193	is	1	NA
13	194	also	1	NA
13	195	possible	1	NA
13	196	that	1	NA
13	197	Inky	2	he
13	198	escaped	1	NA
13	199	through	1	NA
13	200	an	1	NA
13	201	open	1	NA
13	202	pipe	1	NA
13	203	at	1	NA
13	204	the	1	NA
13	205	top	1	NA
13	206	of	1	NA
13	207	his	1	it,
13	208	tank,	2	it,
13	209	which	1	NA
13	210	led	1	NA
13	211	under	1	NA
13	212	the	1	it
13	213	floor	1	it
13	214	to	1	NA
13	215	the	1	NA
13	216	drain.	2	NA
13	217	“When	3	NA
13	218	we	1	NA
13	219	came	1	NA
13	220	in	1	NA
13	221	the	1	NA
13	222	next	1	NA
13	223	morning	1	NA
13	224	and	1	NA
13	225	his	1	it
13	226	tank	1	it
13	227	was	1	NA
13	228	empty,	2	NA
13	229	I	1	NA
13	230	was	1	NA
13	231	really	1	NA
13	232	surprised,”	4	NA
13	233	said	1	NA
13	234	Yarrell,	3	he.
13	235	who	1	he.
13	236	has	1	he.
13	237	not	1	he.
13	238	started	1	he.
13	239	looking	1	he.
13	240	for	1	he.
13	241	Inky.	3	he.
13	242	“The	3	“They
13	243	staff	1	“They
13	244	and	1	NA
13	245	I	1	NA
13	246	have	1	NA
13	247	been	1	NA
13	248	sad.	2	NA
13	249	But	1	NA
13	250	then,	2	NA
13	251	this	1	NA
13	252	is	1	NA
13	253	Inky	2	he
13	254	and	1	NA
13	255	he's	2	NA
13	256	always	1	NA
13	257	been	1	NA
13	258	a	1	NA
13	259	bit	1	NA
13	260	of	1	NA
13	261	a	1	NA
13	262	surprise	1	NA
13	263	octopus.”	5	NA
13	264	Reiss	2	he,
13	265	Jenkinson,	3	he,
13	266	a	1	he,
13	267	keeper	1	he,
13	268	at	1	he,
13	269	the	1	he,
13	270	National	1	he,
13	271	Aquarium,	3	he,
13	272	said	1	NA
13	273	he	1	NA
13	274	was	1	NA
13	275	absolutely	1	NA
13	276	certain	1	NA
13	277	Inky	2	he
13	278	was	1	NA
13	279	not	1	NA
13	280	stolen.	2	NA
13	281	“I	3	NA
13	282	understand	1	NA
13	283	octopus	2	NA
13	284	behavior	1	NA
13	285	very	1	NA
13	286	well,”	4	NA
13	287	he	1	NA
13	288	said.	2	NA
13	289	“I	3	NA
13	290	have	1	NA
13	291	seen	1	NA
13	292	octopuses	3	NA
13	293	on	1	NA
13	294	boats	1	NA
13	295	escape	1	NA
13	296	through	1	NA
13	297	waste	1	NA
13	298	pumps.	2	NA
13	299	And,	2	NA
13	300	the	1	NA
13	301	security	1	NA
13	302	here	1	NA
13	303	is	1	NA
13	304	too	1	NA
13	305	good	1	NA
13	306	for	1	NA
13	307	anyone	1	NA
13	308	to	1	NA
13	309	take	1	NA
13	310	Inky	2	him
13	311	and	1	NA
13	312	why	1	NA
13	313	would	1	NA
13	314	they?”	4	NA
13	315	Because	1	NA
13	316	octopuses	3	they
13	317	have	1	NA
13	318	no	1	NA
13	319	bones,	2	NA
13	320	they	1	NA
13	321	can	1	NA
13	322	fit	1	NA
13	323	into	1	NA
13	324	very	1	NA
13	325	small	1	NA
13	326	spaces	1	NA
13	327	and	1	NA
13	328	can	1	NA
13	329	squeeze	1	NA
13	330	through	1	NA
13	331	gaps	1	NA
13	332	the	1	NA
13	333	size	1	NA
13	334	of	1	NA
13	335	coins.	2	NA
13	336	They	1	NA
13	337	are	1	NA
13	338	also	1	NA
13	339	very	1	NA
13	340	intelligent	1	NA
13	341	and	1	NA
13	342	able	1	NA
13	343	to	1	NA
13	344	use	1	NA
13	345	tools.	2	NA
13	346	At	1	NA
13	347	the	1	it,
13	348	Island	1	it,
13	349	Bay	1	it,
13	350	Marine	1	it,
13	351	Education	1	it,
13	352	Center	1	it,
13	353	in	1	it,
13	354	Wellington,	2	it,
13	355	an	1	it
13	356	octopus	2	it
13	357	visited	1	NA
13	358	another	1	NA
13	359	tank	1	NA
13	360	every	1	NA
13	361	night	1	NA
13	362	to	1	NA
13	363	steal	1	NA
13	364	crabs,	2	NA
13	365	then	1	NA
13	366	return	1	NA
13	367	to	1	NA
13	368	its	1	NA
13	369	own	1	NA
13	370	tank.	2	NA
13	371	Another	1	It,
13	372	octopus	2	It,
13	373	at	1	It,
13	374	the	1	It,
13	375	center,	2	It,
13	376	Ozymandias,	5	he,
13	377	broke	1	NA
13	378	a	1	NA
13	379	world	1	NA
13	380	record	1	NA
13	381	for	1	NA
13	382	opening	1	NA
13	383	a	1	NA
13	384	jar.	2	NA
13	385	Inky	2	He
13	386	was	1	NA
13	387	brought	1	NA
13	388	to	1	NA
13	389	the	1	it
13	390	National	1	it
13	391	Aquarium	2	it
13	392	several	1	NA
13	393	years	1	NA
13	394	ago	1	NA
13	395	by	1	NA
13	396	a	1	NA
13	397	local	1	NA
13	398	fisherman	1	NA
13	399	who	1	NA
13	400	found	1	NA
13	401	him	1	NA
13	402	in	1	NA
13	403	a	1	NA
13	404	fishing	1	NA
13	405	pot.	2	NA
13	406	Yarrell	2	He
13	407	said,	2	NA
13	408	“He	3	NA
13	409	lived	1	NA
13	410	on	1	NA
13	411	the	1	NA
13	412	reef	1	NA
13	413	and	1	NA
13	414	fought	1	NA
13	415	with	1	NA
13	416	fish	1	NA
13	417	so	1	NA
13	418	he	1	NA
13	419	wasn't	2	NA
13	420	in	1	NA
13	421	a	1	NA
13	422	good	1	NA
13	423	shape.”	4	NA
13	424	According	1	NA
13	425	to	1	NA
13	426	Yarrell,	3	he,
13	427	Inky	2	he
13	428	–	1	he
13	429	who	1	he
13	430	is	1	he
13	431	about	1	he
13	432	the	1	he
13	433	size	1	he
13	434	of	1	he
13	435	a	1	he
13	436	rugby	1	he
13	437	ball	1	he
13	438	–	1	NA
13	439	was	1	NA
13	440	an	1	NA
13	441	“unusually	4	NA
13	442	intelligent”	3	NA
13	443	octopus.	3	NA
13	444	“He	3	NA
13	445	was	1	NA
13	446	very	1	NA
13	447	friendly	1	NA
13	448	and	1	NA
13	449	a	1	it
13	450	popular	1	it
13	451	attraction	1	it
13	452	here.	2	NA
13	453	We	1	NA
13	454	have	1	NA
13	455	another	1	it,
13	456	octopus,	3	it,
13	457	Blotchy,	4	he,
13	458	but	1	NA
13	459	he	1	NA
13	460	is	1	NA
13	461	smaller	1	NA
13	462	than	1	NA
13	463	Inky	2	NA
13	464	and	1	NA
13	465	Inky	2	he
13	466	had	1	NA
13	467	the	1	NA
13	468	personality.”	4	NA
13	469	The	1	it
13	470	aquarium	1	it
13	471	has	1	NA
13	472	no	1	NA
13	473	plans	1	NA
13	474	to	1	NA
13	475	increase	1	NA
13	476	security	1	NA
13	477	as	1	NA
13	478	a	1	NA
13	479	result	1	NA
13	480	of	1	NA
13	481	the	1	NA
13	482	escape	1	NA
13	483	but	1	NA
13	484	the	1	they
13	485	staff	1	they
13	486	now	1	NA
13	487	know	1	NA
13	488	“what	3	NA
13	489	octopuses	3	NA
13	490	can	1	NA
13	491	do”	3	NA
13	492	so	1	NA
13	493	they	1	NA
13	494	will	1	NA
13	495	be	1	NA
13	496	more	1	NA
13	497	careful.	2	NA
13	498	The	1	It
13	499	aquarium	1	It
13	500	is	1	NA
13	501	not	1	NA
13	502	looking	1	NA
13	503	for	1	NA
13	504	another	1	NA
13	505	octopus	2	NA
13	506	but,	2	NA
13	507	if	1	NA
13	508	a	1	NA
13	509	fisherman	1	NA
13	510	brought	1	NA
13	511	in	1	NA
13	512	another	1	it,
13	513	octopus,	3	it,
13	514	the	1	it
13	515	aquarium	1	it
13	516	might	1	NA
13	517	take	1	NA
13	518	it.	2	NA
14	0	Do	1	NA
14	1	you	1	NA
14	2	want	1	NA
14	3	your	1	NA
14	4	child	1	NA
14	5	to	1	NA
14	6	be	1	NA
14	7	good	1	NA
14	8	at	1	NA
14	9	sports,	2	it,
14	10	make	1	NA
14	11	the	1	NA
14	12	school	1	NA
14	13	team	1	NA
14	14	and,	2	NA
14	15	maybe	1	NA
14	16	one	1	NA
14	17	day,	2	NA
14	18	even	1	NA
14	19	compete	1	NA
14	20	on	1	NA
14	21	the	1	NA
14	22	world	1	NA
14	23	stage?	2	NA
14	24	Well,	2	NA
14	25	try	1	NA
14	26	to	1	NA
14	27	ensure	1	NA
14	28	that	1	NA
14	29	your	1	NA
14	30	would-be	3	NA
14	31	Olympian	2	NA
14	32	or	1	NA
14	33	World	1	NA
14	34	Cup	1	NA
14	35	winner	1	NA
14	36	is	1	NA
14	37	born	1	NA
14	38	in	1	NA
14	39	November	1	it
14	40	or,	2	NA
14	41	failing	1	NA
14	42	that,	2	NA
14	43	in	1	NA
14	44	October.	2	it.
14	45	A	1	It
14	46	study	1	It
14	47	has	1	NA
14	48	found	1	NA
14	49	that	1	NA
14	50	school	1	they
14	51	pupils	1	they
14	52	born	1	they
14	53	in	1	they
14	54	those	1	they
14	55	months	1	they
14	56	are	1	NA
14	57	fitter	2	NA
14	58	than	1	NA
14	59	everyone	1	NA
14	60	else	1	NA
14	61	in	1	NA
14	62	their	1	their.
14	63	class.	2	their.
14	64	November-	2	They
14	65	and	1	They
14	66	October-born	3	They
14	67	children	1	They
14	68	emerged	1	NA
14	69	as	1	NA
14	70	fitter,	3	NA
14	71	stronger	1	NA
14	72	and	1	NA
14	73	more	1	NA
14	74	powerful	1	NA
14	75	than	1	NA
14	76	their	1	their,
14	77	peers	1	their,
14	78	born	1	their,
14	79	in	1	their,
14	80	the	1	their,
14	81	other	1	their,
14	82	ten	1	their,
14	83	months	1	their,
14	84	of	1	their,
14	85	the	1	their,
14	86	year,	2	their,
14	87	especially	1	NA
14	88	those	1	NA
14	89	whose	1	NA
14	90	birthdays	2	NA
14	91	fell	1	NA
14	92	in	1	NA
14	93	April	1	it
14	94	or	1	NA
14	95	June.	2	it.
14	96	Dr.	2	He,
14	97	Gavin	1	He,
14	98	Sandercock,	4	He,
14	99	who	1	He,
14	100	is	1	He,
14	101	from	1	He,
14	102	the	1	He,
14	103	Center	1	He,
14	104	for	1	He,
14	105	Sports	1	He,
14	106	and	1	He,
14	107	Exercise	1	He,
14	108	Science	1	He,
14	109	at	1	He,
14	110	Essex	1	He,
14	111	University	1	He,
14	112	and	1	He,
14	113	led	1	He,
14	114	the	1	He,
14	115	study,	2	He,
14	116	found	1	NA
14	117	that	1	NA
14	118	autumn-born	3	they
14	119	children	1	they
14	120	enjoyed	1	NA
14	121	“a	3	NA
14	122	clear	1	NA
14	123	physical	1	NA
14	124	advantage”	3	NA
14	125	over	1	NA
14	126	their	1	their.
14	127	classmates.	2	their.
14	128	The	1	It
14	129	research	1	It
14	130	involved	1	NA
14	131	8,550	3	them.
14	132	boys	1	them.
14	133	and	1	them.
14	134	girls	1	them.
14	135	aged	1	them.
14	136	between	1	them.
14	137	ten	1	them.
14	138	and	1	them.
14	139	16	1	them.
14	140	from	1	them.
14	141	26	1	them.
14	142	state	1	them.
14	143	schools	1	them.
14	144	in	1	them.
14	145	Essex.	2	them.
14	146	All	1	They.
14	147	were	1	They.
14	148	tested	1	They.
14	149	between	1	They.
14	150	2007	1	They.
14	151	and	1	They.
14	152	2010	1	They.
14	153	on	1	They.
14	154	three	1	They.
14	155	different	1	They.
14	156	measures	1	They.
14	157	of	1	They.
14	158	fitness:	2	They.
14	159	stamina,	2	They.
14	160	handgrip	3	They.
14	161	strength	1	They.
14	162	and	1	They.
14	163	lower-body	3	They.
14	164	power.	2	They.
14	165	The	1	They
14	166	results	1	They
14	167	revealed	1	NA
14	168	that	1	NA
14	169	a	1	its
14	170	child's	2	its
14	171	month	1	NA
14	172	of	1	NA
14	173	birth	1	NA
14	174	could	1	NA
14	175	make	1	NA
14	176	“significant”	5	NA
14	177	differences	1	NA
14	178	to	1	NA
14	179	their	1	NA
14	180	levels	1	NA
14	181	of	1	NA
14	182	cardiovascular	1	NA
14	183	fitness,	2	NA
14	184	muscle	1	NA
14	185	strength	1	NA
14	186	and	1	NA
14	187	ability	1	NA
14	188	to	1	NA
14	189	accelerate,	2	NA
14	190	all	1	NA
14	191	of	1	NA
14	192	which	1	NA
14	193	predict	1	NA
14	194	how	1	NA
14	195	good	1	NA
14	196	someone	1	NA
14	197	is	1	NA
14	198	at	1	NA
14	199	sports,	2	it.
14	200	in	1	it.
14	201	which	1	it.
14	202	such	1	it.
14	203	attributes	1	it.
14	204	are	1	it.
14	205	vital.	2	it.
14	206	Performances	2	NA
14	207	at	1	NA
14	208	school	1	NA
14	209	sports	1	NA
14	210	days	1	NA
14	211	in	1	NA
14	212	the	1	NA
14	213	weeks	1	NA
14	214	ahead	1	NA
14	215	may	1	NA
14	216	bear	1	NA
14	217	out	1	NA
14	218	the	1	NA
14	219	findings.	2	NA
14	220	November-born	3	They
14	221	children	1	They
14	222	were	1	NA
14	223	the	1	NA
14	224	fittest	2	NA
14	225	overall	1	NA
14	226	as	1	NA
14	227	they	1	NA
14	228	had	1	NA
14	229	the	1	NA
14	230	most	1	NA
14	231	stamina	1	NA
14	232	and	1	NA
14	233	power	1	it
14	234	and	1	NA
14	235	were	1	NA
14	236	the	1	NA
14	237	second	1	NA
14	238	strongest.	2	NA
14	239	Those	1	NA
14	240	born	1	NA
14	241	in	1	NA
14	242	October	1	it
14	243	were	1	NA
14	244	almost	1	NA
14	245	as	1	NA
14	246	fit,	2	NA
14	247	scoring	1	NA
14	248	highest	1	NA
14	249	for	1	NA
14	250	strength	1	NA
14	251	and	1	NA
14	252	coming	1	NA
14	253	third	1	NA
14	254	for	1	NA
14	255	power,	2	it,
14	256	with	1	NA
14	257	December	1	NA
14	258	children	1	NA
14	259	close	1	NA
14	260	behind.	2	NA
14	261	The	1	It
14	262	gap	1	It
14	263	in	1	It
14	264	physical	1	It
14	265	prowess	1	It
14	266	between	1	It
14	267	children	1	It
14	268	in	1	It
14	269	the	1	It
14	270	same	1	It
14	271	class	1	It
14	272	but	1	It
14	273	born	1	It
14	274	in	1	It
14	275	different	1	It
14	276	months	1	It
14	277	was	1	NA
14	278	sometimes	1	NA
14	279	very	1	NA
14	280	wide.	2	NA
14	281	“For	3	NA
14	282	example,	2	NA
14	283	we	1	NA
14	284	found	1	NA
14	285	that	1	NA
14	286	a	1	he.
14	287	boy	1	he.
14	288	born	1	he.
14	289	in	1	he.
14	290	November	1	he.
14	291	can	1	he.
14	292	run	1	he.
14	293	at	1	he.
14	294	least	1	he.
14	295	10%	2	he.
14	296	faster,	2	he.
14	297	jump	1	he.
14	298	12%	2	he.
14	299	higher	1	he.
14	300	and	1	he.
14	301	is	1	he.
14	302	15%	2	he.
14	303	more	1	he.
14	304	powerful	1	he.
14	305	than	1	he.
14	306	a	1	he.
14	307	child	1	he.
14	308	of	1	he.
14	309	the	1	he.
14	310	same	1	he.
14	311	age	1	he.
14	312	born	1	he.
14	313	in	1	he.
14	314	April.	2	he.
14	315	This	1	NA
14	316	is,	2	NA
14	317	potentially,	2	NA
14	318	a	1	it,”
14	319	huge	1	it,”
14	320	physical	1	it,”
14	321	advantage,”	4	it,”
14	322	said	1	NA
14	323	Sandercock.	4	he.
14	324	Such	1	They
14	325	gaps	1	They
14	326	could	1	NA
14	327	ultimately	1	NA
14	328	decide	1	NA
14	329	who	1	NA
14	330	became	1	NA
14	331	a	1	NA
14	332	top-level	3	NA
14	333	athlete	1	NA
14	334	because,	2	NA
14	335	as	1	NA
14	336	the	1	NA
14	337	paper	1	NA
14	338	says,	2	NA
14	339	“selection	3	NA
14	340	into	1	NA
14	341	elite	1	NA
14	342	sports	1	NA
14	343	may	1	NA
14	344	often	1	NA
14	345	depend	1	NA
14	346	on	1	NA
14	347	very	1	NA
14	348	small	1	NA
14	349	margins	1	NA
14	350	or	1	NA
14	351	differences	1	NA
14	352	in	1	NA
14	353	an	1	NA
14	354	individual's	2	NA
14	355	physical	1	NA
14	356	performance”.	4	NA
14	357	The	1	It,
14	358	study,	2	It,
14	359	which	1	It,
14	360	has	1	It,
14	361	been	1	It,
14	362	published	1	It,
14	363	in	1	It,
14	364	the	1	It,
14	365	International	1	It,
14	366	Journal	1	It,
14	367	of	1	It,
14	368	Sports	1	It,
14	369	Medicine,	2	It,
14	370	found	1	NA
14	371	that,	2	NA
14	372	when	1	NA
14	373	scores	1	NA
14	374	for	1	NA
14	375	the	1	them
14	376	three	1	them
14	377	kinds	1	them
14	378	of	1	them
14	379	fitness	1	them
14	380	were	1	NA
14	381	combined,	2	NA
14	382	those	1	they,
14	383	born	1	they,
14	384	in	1	they,
14	385	April	1	they,
14	386	were	1	they,
14	387	the	1	they,
14	388	least	1	they,
14	389	fit,	2	they,
14	390	then	1	NA
14	391	those	1	they.
14	392	in	1	they.
14	393	June.	2	they.
14	394	That	1	NA
14	395	could	1	NA
14	396	see	1	NA
14	397	those	1	them
14	398	children	1	them
14	399	excluded	1	NA
14	400	from	1	NA
14	401	school	1	their
14	402	teams	1	NA
14	403	and	1	NA
14	404	becoming	1	NA
14	405	sporting	1	NA
14	406	underachievers,	4	NA
14	407	Sandercock	3	he
14	408	said.	2	NA
14	409	The	1	They
14	410	findings	1	They
14	411	seem	1	NA
14	412	to	1	NA
14	413	show	1	NA
14	414	that	1	NA
14	415	children	1	they
14	416	born	1	they
14	417	in	1	they
14	418	the	1	they
14	419	early	1	they
14	420	months	1	they
14	421	of	1	they
14	422	the	1	they
14	423	school	1	they
14	424	year	1	they
14	425	enjoy	1	NA
14	426	a	1	NA
14	427	double	1	NA
14	428	“autumn	4	NA
14	429	advantage”	3	NA
14	430	–	1	NA
14	431	they	1	NA
14	432	are	1	NA
14	433	already	1	NA
14	434	known	1	NA
14	435	to	1	NA
14	436	have	1	NA
14	437	an	1	NA
14	438	academic	1	NA
14	439	advantage	1	NA
14	440	and,	2	NA
14	441	now,	2	NA
14	442	they	1	NA
14	443	also	1	NA
14	444	appear	1	NA
14	445	to	1	NA
14	446	be	1	NA
14	447	better	1	NA
14	448	equipped	1	NA
14	449	for	1	NA
14	450	sports,	2	it,
14	451	too.	2	NA
14	452	The	1	They
14	453	authors	1	They
14	454	believe	1	NA
14	455	that	1	NA
14	456	autumn-born	3	their,
14	457	children's	2	their,
14	458	greater	1	their,
14	459	exposure	1	their,
14	460	over	1	their,
14	461	the	1	their,
14	462	summer	1	their,
14	463	months,	2	their,
14	464	towards	1	their,
14	465	the	1	their,
14	466	end	1	their,
14	467	of	1	their,
14	468	pregnancy,	2	their,
14	469	to	1	NA
14	470	vitamin	1	NA
14	471	D	1	NA
14	472	is	1	NA
14	473	the	1	it.
14	474	most	1	it.
14	475	likely	1	it.
14	476	explanation.	2	it.
14	477	John	1	He,
14	478	Steele,	2	He,
14	479	chief	1	he,
14	480	executive	1	he,
14	481	of	1	he,
14	482	the	1	he,
14	483	Youth	1	he,
14	484	Sport	1	he,
14	485	Trust,	2	he,
14	486	said	1	NA
14	487	the	1	it
14	488	quality	1	it
14	489	of	1	it
14	490	a	1	it
14	491	young	1	it
14	492	person's	2	it
14	493	introduction	1	it
14	494	to	1	it
14	495	sports	1	it
14	496	at	1	it
14	497	school	1	it
14	498	can	1	NA
14	499	be	1	NA
14	500	“a	3	“it.
14	501	major	1	“it.
14	502	factor”	3	“it.
14	503	in	1	“it.
14	504	their	1	“it.
14	505	sporting	1	“it.
14	506	development.	2	“it.
14	507	“Children	3	“They,
14	508	that	1	“They,
14	509	get	1	“They,
14	510	a	1	“They,
14	511	high-quality	3	“They,
14	512	first	1	“They,
14	513	experience,	2	“They,
14	514	which	1	“They,
14	515	develops	1	“They,
14	516	their	1	“They,
14	517	physical	1	“They,
14	518	literacy,	2	“They,
14	519	are	1	NA
14	520	those	1	they,
14	521	that	1	they,
14	522	will	1	they,
14	523	have	1	they,
14	524	greater	1	they,
14	525	agility,	2	they,
14	526	balance	1	they,
14	527	and	1	they,
14	528	coordination,	2	they,
14	529	and	1	NA
14	530	are	1	NA
14	531	more	1	NA
14	532	likely	1	NA
14	533	to	1	NA
14	534	develop	1	NA
14	535	an	1	NA
14	536	enjoyment	1	NA
14	537	of	1	NA
14	538	physical	1	NA
14	539	activity	1	NA
14	540	and	1	NA
14	541	excel	1	NA
14	542	in	1	NA
14	543	sports	1	them
14	544	as	1	NA
14	545	they	1	NA
14	546	grow	1	NA
14	547	up”,	4	NA
14	548	he	1	NA
14	549	said.	2	NA
14	550	UK	1	It
14	551	Sport	1	It
14	552	could	1	NA
14	553	not	1	NA
14	554	say	1	NA
14	555	if	1	NA
14	556	a	1	NA
14	557	disproportionately	1	NA
14	558	high	1	NA
14	559	number	1	NA
14	560	of	1	NA
14	561	the	1	NA
14	562	1,300	3	NA
14	563	athletes	1	NA
14	564	across	1	NA
14	565	47	1	NA
14	566	sports	1	NA
14	567	it	1	NA
14	568	funds	1	NA
14	569	were	1	NA
14	570	born	1	NA
14	571	in	1	NA
14	572	November	1	it
14	573	and	1	NA
14	574	October.	2	it.
14	575	Natalie	1	She,
14	576	Dunman,	3	She,
14	577	its	1	she,
14	578	head	1	she,
14	579	of	1	she,
14	580	performance	1	she,
14	581	pathways,	2	she,
14	582	said	1	NA
14	583	that,	2	NA
14	584	while	1	NA
14	585	the	1	they
14	586	differences	1	they
14	587	highlighted	1	they
14	588	in	1	they
14	589	the	1	they
14	590	new	1	they
14	591	findings	1	they
14	592	were	1	NA
14	593	borne	1	NA
14	594	out	1	NA
14	595	by	1	NA
14	596	teenagers	1	NA
14	597	competing	1	NA
14	598	in	1	NA
14	599	junior-level	3	NA
14	600	competitions,	2	NA
14	601	they	1	NA
14	602	had	1	NA
14	603	disappeared	1	NA
14	604	by	1	NA
14	605	the	1	NA
14	606	time	1	NA
14	607	athletes	1	NA
14	608	were	1	NA
14	609	taking	1	NA
14	610	part	1	NA
14	611	in	1	NA
14	612	adult	1	NA
14	613	competitions.	2	NA
14	614	She	1	NA
14	615	said:	2	NA
14	616	“Looking	3	NA
14	617	at	1	NA
14	618	elite,	2	NA
14	619	senior	1	NA
14	620	athletes,	2	NA
14	621	there	1	NA
14	622	are	1	NA
14	623	many	1	NA
14	624	factors	1	NA
14	625	that	1	NA
14	626	go	1	NA
14	627	into	1	NA
14	628	making	1	NA
14	629	a	1	NA
14	630	champion	1	NA
14	631	and	1	NA
14	632	our	1	it
14	633	work	1	it
14	634	hasn't	2	NA
14	635	uncovered	1	NA
14	636	anything	1	NA
14	637	to	1	NA
14	638	suggest	1	NA
14	639	that	1	NA
14	640	month	1	it
14	641	of	1	it
14	642	birth	1	it
14	643	is	1	NA
14	644	one	1	it.”
14	645	of	1	it.”
14	646	the	1	it.”
14	647	key	1	it.”
14	648	ingredients.”	4	it.”
15	0	Do	1	NA
15	1	you	1	NA
15	2	want	1	NA
15	3	your	1	NA
15	4	child	1	NA
15	5	to	1	NA
15	6	be	1	NA
15	7	good	1	NA
15	8	at	1	NA
15	9	sports,	2	it,
15	10	play	1	NA
15	11	for	1	NA
15	12	the	1	NA
15	13	school	1	NA
15	14	team	1	NA
15	15	and,	2	NA
15	16	maybe	1	NA
15	17	one	1	NA
15	18	day,	2	NA
15	19	even	1	NA
15	20	be	1	NA
15	21	in	1	NA
15	22	international	1	NA
15	23	competitions?	2	NA
15	24	Well,	2	NA
15	25	try	1	NA
15	26	to	1	NA
15	27	make	1	NA
15	28	sure	1	NA
15	29	that	1	NA
15	30	your	1	they
15	31	child	1	they
15	32	is	1	NA
15	33	born	1	NA
15	34	in	1	NA
15	35	November	1	it
15	36	or	1	NA
15	37	October.	2	it.
15	38	A	1	It
15	39	study	1	It
15	40	has	1	NA
15	41	found	1	NA
15	42	that	1	NA
15	43	schoolchildren	2	they
15	44	born	1	they
15	45	in	1	they
15	46	November	1	they
15	47	or	1	they
15	48	October	1	they
15	49	are	1	NA
15	50	fitter	2	NA
15	51	than	1	NA
15	52	everyone	1	NA
15	53	else	1	NA
15	54	in	1	NA
15	55	their	1	NA
15	56	class.	2	NA
15	57	Children	1	They
15	58	born	1	They
15	59	in	1	They
15	60	November	1	They
15	61	or	1	They
15	62	October	1	They
15	63	were	1	NA
15	64	fitter,	3	NA
15	65	stronger	1	NA
15	66	and	1	NA
15	67	more	1	NA
15	68	powerful	1	NA
15	69	than	1	NA
15	70	children	1	NA
15	71	born	1	NA
15	72	in	1	NA
15	73	the	1	NA
15	74	other	1	NA
15	75	ten	1	NA
15	76	months	1	NA
15	77	of	1	NA
15	78	the	1	it.
15	79	year.	2	it.
15	80	They	1	NA
15	81	are	1	NA
15	82	especially	1	NA
15	83	fitter,	3	NA
15	84	stronger	1	NA
15	85	and	1	NA
15	86	more	1	NA
15	87	powerful	1	NA
15	88	than	1	NA
15	89	children	1	NA
15	90	with	1	NA
15	91	birthdays	2	NA
15	92	in	1	NA
15	93	April	1	it
15	94	or	1	NA
15	95	June.	2	it.
15	96	Dr.	2	He
15	97	Gavin	1	He
15	98	Sandercock	3	He
15	99	of	1	He
15	100	Essex	1	He
15	101	University	1	He
15	102	found	1	NA
15	103	in	1	NA
15	104	his	1	his
15	105	study	1	his
15	106	that	1	NA
15	107	children	1	they
15	108	born	1	they
15	109	in	1	they
15	110	the	1	they
15	111	autumn	1	they
15	112	had	1	NA
15	113	“a	3	NA
15	114	clear	1	NA
15	115	physical	1	NA
15	116	advantage”	3	NA
15	117	over	1	NA
15	118	their	1	NA
15	119	classmates.	2	NA
15	120	The	1	It
15	121	research	1	It
15	122	involved	1	NA
15	123	8,550	3	them.
15	124	boys	1	them.
15	125	and	1	them.
15	126	girls	1	them.
15	127	aged	1	them.
15	128	between	1	them.
15	129	ten	1	them.
15	130	and	1	them.
15	131	16	1	them.
15	132	from	1	them.
15	133	26	1	them.
15	134	state	1	them.
15	135	schools	1	them.
15	136	in	1	them.
15	137	Essex.	2	them.
15	138	All	1	They.
15	139	were	1	They.
15	140	tested	1	They.
15	141	between	1	They.
15	142	2007	1	They.
15	143	and	1	They.
15	144	2010	1	They.
15	145	on	1	They.
15	146	three	1	They.
15	147	different	1	They.
15	148	things:	2	They.
15	149	stamina,	2	They.
15	150	handgrip	3	They.
15	151	strength	1	They.
15	152	and	1	They.
15	153	lower-body	3	They.
15	154	power.	2	They.
15	155	The	1	It
15	156	results	1	It
15	157	showed	1	NA
15	158	that	1	NA
15	159	a	1	their
15	160	child's	2	their
15	161	month	1	NA
15	162	of	1	NA
15	163	birth	1	NA
15	164	could	1	NA
15	165	make	1	NA
15	166	big	1	NA
15	167	differences	1	NA
15	168	to	1	NA
15	169	their	1	NA
15	170	levels	1	NA
15	171	of	1	NA
15	172	fitness,	2	NA
15	173	muscle	1	NA
15	174	strength	1	NA
15	175	and	1	NA
15	176	ability	1	NA
15	177	to	1	NA
15	178	accelerate,	2	NA
15	179	all	1	NA
15	180	of	1	NA
15	181	which	1	NA
15	182	predict	1	NA
15	183	how	1	NA
15	184	good	1	NA
15	185	someone	1	NA
15	186	is	1	NA
15	187	at	1	NA
15	188	sports.	2	them.
15	189	November	1	They
15	190	children	1	They
15	191	were	1	NA
15	192	the	1	NA
15	193	fittest	2	NA
15	194	because	1	NA
15	195	they	1	NA
15	196	had	1	NA
15	197	the	1	NA
15	198	most	1	NA
15	199	stamina	1	NA
15	200	and	1	NA
15	201	power	1	it
15	202	and	1	NA
15	203	were	1	NA
15	204	the	1	NA
15	205	second	1	NA
15	206	strongest.	2	NA
15	207	Children	1	They
15	208	born	1	They
15	209	in	1	They
15	210	October	1	They
15	211	were	1	NA
15	212	almost	1	NA
15	213	as	1	NA
15	214	fit	1	NA
15	215	–	1	NA
15	216	they	1	NA
15	217	scored	1	NA
15	218	highest	1	NA
15	219	for	1	NA
15	220	strength	1	NA
15	221	and	1	NA
15	222	came	1	NA
15	223	third	1	NA
15	224	for	1	NA
15	225	power,	2	it,
15	226	with	1	NA
15	227	December	1	NA
15	228	children	1	NA
15	229	close	1	NA
15	230	behind.	2	NA
15	231	The	1	It
15	232	gap	1	It
15	233	in	1	It
15	234	physical	1	It
15	235	ability	1	It
15	236	between	1	It
15	237	children	1	It
15	238	in	1	It
15	239	the	1	It
15	240	same	1	It
15	241	class	1	It
15	242	but	1	It
15	243	born	1	It
15	244	in	1	It
15	245	different	1	It
15	246	months	1	It
15	247	was	1	NA
15	248	sometimes	1	NA
15	249	very	1	NA
15	250	wide.	2	NA
15	251	“For	3	NA
15	252	example,	2	NA
15	253	we	1	NA
15	254	found	1	NA
15	255	that	1	NA
15	256	a	1	he.
15	257	boy	1	he.
15	258	born	1	he.
15	259	in	1	he.
15	260	November	1	he.
15	261	can	1	he.
15	262	run	1	he.
15	263	at	1	he.
15	264	least	1	he.
15	265	10%	2	he.
15	266	faster,	2	he.
15	267	jump	1	he.
15	268	12%	2	he.
15	269	higher	1	he.
15	270	and	1	he.
15	271	is	1	he.
15	272	15%	2	he.
15	273	more	1	he.
15	274	powerful	1	he.
15	275	than	1	he.
15	276	a	1	he.
15	277	child	1	he.
15	278	of	1	he.
15	279	the	1	he.
15	280	same	1	he.
15	281	age	1	he.
15	282	born	1	he.
15	283	in	1	he.
15	284	April.	2	he.
15	285	This	1	NA
15	286	is	1	NA
15	287	a	1	it,”
15	288	huge	1	it,”
15	289	physical	1	it,”
15	290	advantage,”	4	it,”
15	291	said	1	NA
15	292	Sandercock.	4	he.
15	293	These	1	They
15	294	gaps	1	They
15	295	could	1	NA
15	296	decide	1	NA
15	297	who	1	NA
15	298	became	1	NA
15	299	a	1	NA
15	300	top-	2	NA
15	301	level	1	NA
15	302	athlete	1	NA
15	303	because	1	NA
15	304	“selection	3	NA
15	305	into	1	NA
15	306	elite	1	NA
15	307	sports	1	NA
15	308	may	1	NA
15	309	often	1	NA
15	310	depend	1	NA
15	311	on	1	NA
15	312	very	1	NA
15	313	small	1	NA
15	314	differences	1	NA
15	315	in	1	NA
15	316	a	1	NA
15	317	person's	2	NA
15	318	physical	1	NA
15	319	performance”.	4	NA
15	320	The	1	It
15	321	study	1	It
15	322	found	1	NA
15	323	that,	2	NA
15	324	when	1	NA
15	325	scores	1	NA
15	326	for	1	NA
15	327	the	1	them
15	328	three	1	them
15	329	kinds	1	them
15	330	of	1	them
15	331	fitness	1	them
15	332	were	1	NA
15	333	put	1	NA
15	334	together,	2	NA
15	335	children	1	they
15	336	born	1	they
15	337	in	1	they
15	338	April	1	they
15	339	were	1	NA
15	340	the	1	they,
15	341	least	1	they,
15	342	fit,	2	they,
15	343	followed	1	NA
15	344	by	1	NA
15	345	children	1	NA
15	346	born	1	NA
15	347	in	1	NA
15	348	June.	2	it.
15	349	The	1	NA
15	350	findings	1	NA
15	351	seem	1	NA
15	352	to	1	NA
15	353	show	1	NA
15	354	that	1	NA
15	355	children	1	they
15	356	born	1	they
15	357	in	1	they
15	358	the	1	they
15	359	early	1	they
15	360	months	1	they
15	361	of	1	they
15	362	the	1	they
15	363	school	1	they
15	364	year	1	they
15	365	enjoy	1	NA
15	366	a	1	NA
15	367	double	1	NA
15	368	“autumn	4	NA
15	369	advantage”	3	NA
15	370	–	1	NA
15	371	we	1	NA
15	372	already	1	NA
15	373	know	1	NA
15	374	that	1	NA
15	375	they	1	NA
15	376	have	1	NA
15	377	an	1	NA
15	378	academic	1	NA
15	379	advantage	1	NA
15	380	and,	2	NA
15	381	now,	2	NA
15	382	they	1	NA
15	383	also	1	NA
15	384	seem	1	NA
15	385	to	1	NA
15	386	be	1	NA
15	387	better	1	NA
15	388	at	1	NA
15	389	sports,	2	it,
15	390	too.	2	NA
15	391	The	1	They
15	392	authors	1	They
15	393	of	1	They
15	394	the	1	They
15	395	study	1	They
15	396	believe	1	NA
15	397	that	1	NA
15	398	the	1	NA
15	399	most	1	NA
15	400	likely	1	NA
15	401	explanation	1	NA
15	402	is	1	NA
15	403	that	1	NA
15	404	children	1	they
15	405	born	1	they
15	406	in	1	they
15	407	autumn	1	they
15	408	get	1	NA
15	409	more	1	NA
15	410	vitamin	1	NA
15	411	D	1	NA
15	412	over	1	NA
15	413	the	1	NA
15	414	summer	1	NA
15	415	months	1	NA
15	416	towards	1	NA
15	417	the	1	NA
15	418	end	1	NA
15	419	of	1	NA
15	420	pregnancy.	2	NA
15	421	John	1	He,
15	422	Steele,	2	He,
15	423	chief	1	he,
15	424	executive	1	he,
15	425	of	1	he,
15	426	the	1	he,
15	427	Youth	1	he,
15	428	Sport	1	he,
15	429	Trust,	2	he,
15	430	said	1	NA
15	431	the	1	it
15	432	quality	1	it
15	433	of	1	it
15	434	a	1	it
15	435	young	1	it
15	436	person's	2	it
15	437	introduction	1	it
15	438	to	1	it
15	439	sports	1	it
15	440	at	1	it
15	441	school	1	it
15	442	can	1	NA
15	443	be	1	NA
15	444	“a	3	“it.
15	445	major	1	“it.
15	446	factor”	3	“it.
15	447	in	1	“it.
15	448	their	1	“it.
15	449	sporting	1	“it.
15	450	development.	2	“it.
15	451	“Children	3	“They
15	452	that	1	“They
15	453	get	1	“They
15	454	a	1	“They
15	455	high-quality	3	“They
15	456	first	1	“They
15	457	experience	1	“They
15	458	will	1	NA
15	459	have	1	NA
15	460	greater	1	NA
15	461	agility,	2	NA
15	462	balance	1	NA
15	463	and	1	NA
15	464	coordination,	2	NA
15	465	and	1	NA
15	466	are	1	NA
15	467	more	1	NA
15	468	likely	1	NA
15	469	to	1	NA
15	470	develop	1	NA
15	471	an	1	NA
15	472	enjoyment	1	NA
15	473	of	1	NA
15	474	physical	1	NA
15	475	activity	1	NA
15	476	and	1	NA
15	477	be	1	NA
15	478	good	1	NA
15	479	at	1	NA
15	480	sports	1	them
15	481	as	1	NA
15	482	they	1	NA
15	483	grow	1	NA
15	484	up”,	4	NA
15	485	he	1	NA
15	486	said.	2	NA
15	487	UK	1	It
15	488	Sport	1	It
15	489	could	1	NA
15	490	not	1	NA
15	491	say	1	NA
15	492	if	1	NA
15	493	a	1	NA
15	494	majority	1	NA
15	495	of	1	NA
15	496	the	1	NA
15	497	1,300	3	NA
15	498	athletes	1	NA
15	499	it	1	NA
15	500	gives	1	NA
15	501	money	1	NA
15	502	to	1	NA
15	503	were	1	NA
15	504	born	1	NA
15	505	in	1	NA
15	506	November	1	it
15	507	and	1	NA
15	508	October.	2	it.
15	509	Natalie	1	She,
15	510	Dunman,	3	She,
15	511	its	1	she,
15	512	head	1	she,
15	513	of	1	she,
15	514	performance,	2	she,
15	515	said	1	NA
15	516	that	1	NA
15	517	the	1	they
15	518	differences	1	they
15	519	shown	1	they
15	520	in	1	they
15	521	the	1	they
15	522	new	1	they
15	523	study	1	they
15	524	were	1	NA
15	525	true	1	NA
15	526	for	1	NA
15	527	teenagers	1	NA
15	528	in	1	NA
15	529	junior-level	3	NA
15	530	competitions,	2	NA
15	531	but	1	NA
15	532	that	1	NA
15	533	the	1	they
15	534	differences	1	they
15	535	disappear	1	NA
15	536	before	1	NA
15	537	athletes	1	they
15	538	were	1	NA
15	539	in	1	NA
15	540	adult	1	NA
15	541	competitions.	2	NA
15	542	She	1	NA
15	543	said:	2	NA
15	544	“With	3	NA
15	545	adult	1	them,
15	546	athletes,	2	them,
15	547	there	1	NA
15	548	are	1	NA
15	549	many	1	they
15	550	factors	1	they
15	551	that	1	they
15	552	make	1	they
15	553	a	1	they
15	554	champion	1	they
15	555	and	1	NA
15	556	we	1	NA
15	557	don't	2	NA
15	558	think	1	NA
15	559	that	1	NA
15	560	month	1	it
15	561	of	1	it
15	562	birth	1	it
15	563	is	1	NA
15	564	one	1	it.”
15	565	of	1	it.”
15	566	the	1	it.”
15	567	key	1	it.”
15	568	ingredients.”	4	it.”
16	0	Lots	1	We
16	1	of	1	We
16	2	us	1	We
16	3	know	1	NA
16	4	we	1	NA
16	5	are	1	NA
16	6	sleep-deprived,	5	we,
16	7	but	1	NA
16	8	imagine	1	NA
16	9	if	1	NA
16	10	we	1	NA
16	11	could	1	NA
16	12	fix	1	NA
16	13	it	1	NA
16	14	with	1	NA
16	15	a	1	it:
16	16	fairly	1	it:
16	17	simple	1	it:
16	18	solution:	2	it:
16	19	getting	1	it.
16	20	up	1	it.
16	21	later.	2	it.
16	22	In	1	NA
16	23	a	1	NA
16	24	speech	1	NA
16	25	at	1	NA
16	26	the	1	NA
16	27	British	1	NA
16	28	Science	1	NA
16	29	Festival,	2	NA
16	30	Dr.	2	he,
16	31	Paul	1	he,
16	32	Kelley,	2	he,
16	33	clinical	1	she,
16	34	research	1	she,
16	35	associate	1	she,
16	36	at	1	she,
16	37	the	1	she,
16	38	Sleep	1	she,
16	39	and	1	she,
16	40	Circadian	2	she,
16	41	Neuroscience	1	she,
16	42	Institute	1	she,
16	43	at	1	she,
16	44	Oxford	1	she,
16	45	University,	2	she,
16	46	called	1	NA
16	47	for	1	NA
16	48	schools	1	them
16	49	to	1	them.
16	50	stagger	1	them.
16	51	their	1	them.
16	52	starting	1	them.
16	53	times	1	them.
16	54	to	1	them.
16	55	work	1	them.
16	56	with	1	them.
16	57	the	1	them.
16	58	natural	1	them.
16	59	biological	1	them.
16	60	rhythms	1	them.
16	61	of	1	them.
16	62	their	1	them.
16	63	students.	2	them.
16	64	It	1	NA
16	65	would	1	NA
16	66	improve	1	NA
16	67	cognitive	1	NA
16	68	performance,	2	NA
16	69	exam	1	NA
16	70	results	1	NA
16	71	and	1	NA
16	72	students'	2	their'
16	73	health	1	NA
16	74	(sleep	2	(it
16	75	deprivation	1	(it
16	76	has	1	NA
16	77	been	1	NA
16	78	linked	1	NA
16	79	with	1	NA
16	80	diabetes,	2	NA
16	81	depression,	2	NA
16	82	obesity	1	NA
16	83	and	1	NA
16	84	an	1	NA
16	85	impaired	1	NA
16	86	immune	1	NA
16	87	system).	2	NA
16	88	It	1	NA
16	89	follows	1	NA
16	90	a	1	it.
16	91	paper,	2	it.
16	92	published	1	it.
16	93	in	1	it.
16	94	2014,	2	it.
16	95	in	1	it.
16	96	which	1	it.
16	97	he	1	it.
16	98	noted	1	it.
16	99	that,	2	it.
16	100	when	1	it.
16	101	children	1	it.
16	102	are	1	it.
16	103	around	1	it.
16	104	ten,	2	it.
16	105	their	1	it.
16	106	biological	1	it.
16	107	wake-up	3	it.
16	108	time	1	it.
16	109	is	1	it.
16	110	about	1	it.
16	111	6.30am;	5	it.
16	112	at	1	it.
16	113	16,	2	it.
16	114	this	1	it.
16	115	rises	1	it.
16	116	to	1	it.
16	117	8am;	3	it.
16	118	and,	2	it.
16	119	at	1	it.
16	120	18,	2	it.
16	121	someone	1	it.
16	122	you	1	it.
16	123	may	1	it.
16	124	think	1	it.
16	125	of	1	it.
16	126	as	1	it.
16	127	a	1	it.
16	128	lazy	1	it.
16	129	teenager	1	it.
16	130	actually	1	it.
16	131	has	1	it.
16	132	a	1	it.
16	133	natural	1	it.
16	134	waking	1	it.
16	135	hour	1	it.
16	136	of	1	it.
16	137	9am.	3	it.
16	138	The	1	It
16	139	conventional	1	It
16	140	school	1	It
16	141	starting	1	It
16	142	time	1	It
16	143	works	1	NA
16	144	for	1	NA
16	145	10-year-olds	5	NA
16	146	but	1	NA
16	147	not	1	NA
16	148	16-	2	they.
16	149	to	1	they.
16	150	18-year-olds.	6	they.
16	151	For	1	NA
16	152	the	1	them,
16	153	older	1	them,
16	154	teenagers,	2	them,
16	155	it	1	NA
16	156	might	1	NA
16	157	be	1	NA
16	158	more	1	NA
16	159	sensible	1	NA
16	160	to	1	it.
16	161	start	1	it.
16	162	the	1	it.
16	163	school	1	it.
16	164	day	1	it.
16	165	at	1	it.
16	166	11am	2	it.
16	167	or	1	it.
16	168	even	1	it.
16	169	later.	2	it.
16	170	“A	3	“It,”
16	171	7am	2	“It,”
16	172	alarm	1	“It,”
16	173	call	1	“It,”
16	174	for	1	“It,”
16	175	older	1	“It,”
16	176	adolescents,”	4	“It,”
16	177	Kelley	1	he
16	178	and	1	NA
16	179	his	1	NA
16	180	colleagues	1	NA
16	181	pointed	1	NA
16	182	out	1	NA
16	183	in	1	NA
16	184	the	1	it,
16	185	paper,	2	it,
16	186	“is	3	NA
16	187	the	1	it.”
16	188	equivalent	1	it.”
16	189	of	1	it.”
16	190	a	1	it.”
16	191	4.30am	4	it.”
16	192	start	1	it.”
16	193	for	1	it.”
16	194	a	1	it.”
16	195	teacher	1	it.”
16	196	in	1	it.”
16	197	their	1	it.”
16	198	50s.”	5	it.”
16	199	He	1	NA
16	200	says	1	NA
16	201	it's	2	NA
16	202	not	1	NA
16	203	as	1	NA
16	204	simple	1	NA
16	205	as	1	NA
16	206	persuading	2	NA
16	207	teenagers	1	NA
16	208	to	1	NA
16	209	go	1	NA
16	210	to	1	NA
16	211	bed	1	NA
16	212	earlier.	2	NA
16	213	“The	3	“It
16	214	body's	2	“It
16	215	natural	1	“It
16	216	rhythm	1	“It
16	217	is	1	NA
16	218	controlled	1	NA
16	219	by	1	NA
16	220	a	1	NA
16	221	particular	1	NA
16	222	kind	1	NA
16	223	of	1	NA
16	224	light,”	4	NA
16	225	says	1	NA
16	226	Kelley.	2	she.
16	227	“The	3	“It
16	228	eye	1	“It
16	229	doesn't	2	NA
16	230	just	1	NA
16	231	contain	1	NA
16	232	rods	1	NA
16	233	and	1	NA
16	234	cones;	2	NA
16	235	it	1	NA
16	236	contains	1	NA
16	237	cells	1	NA
16	238	that	1	NA
16	239	then	1	NA
16	240	report	1	NA
16	241	to	1	NA
16	242	the	1	NA
16	243	suprachiasmatic	5	NA
16	244	nuclei	2	NA
16	245	in	1	NA
16	246	the	1	it.”
16	247	hypothalamus.”	5	it.”
16	248	This	1	it.
16	249	part	1	it.
16	250	of	1	it.
16	251	the	1	it.
16	252	brain	1	it.
16	253	controls	1	it.
16	254	our	1	it.
16	255	circadian	1	it.
16	256	rhythms	1	it.
16	257	over	1	it.
16	258	a	1	it.
16	259	24-hour	3	it.
16	260	cycle.	2	it.
16	261	It's	2	NA
16	262	like	1	NA
16	263	saying:	2	NA
16	264	‘Why	3	NA
16	265	can't	2	NA
16	266	you	1	NA
16	267	control	1	NA
16	268	your	1	NA
16	269	heartbeat?'”	4	NA
16	270	But	1	NA
16	271	it	1	NA
16	272	isn't	2	NA
16	273	just	1	NA
16	274	students	1	NA
16	275	who	1	NA
16	276	would	1	NA
16	277	benefit	1	NA
16	278	from	1	NA
16	279	a	1	NA
16	280	later	1	NA
16	281	start.	2	NA
16	282	Kelley	1	He
16	283	says	1	NA
16	284	the	1	it
16	285	working	1	it
16	286	day	1	it
16	287	should	1	NA
16	288	be	1	NA
16	289	more	1	NA
16	290	forgiving	1	NA
16	291	of	1	NA
16	292	our	1	them.
16	293	natural	1	them.
16	294	rhythms.	2	them.
16	295	Describing	2	NA
16	296	the	1	it,
16	297	average	1	it,
16	298	sleep	1	it,
16	299	loss	1	it,
16	300	per	1	it,
16	301	night	1	it,
16	302	for	1	it,
16	303	different	1	it,
16	304	age	1	it,
16	305	groups,	2	it,
16	306	he	1	NA
16	307	says:	2	NA
16	308	“Between	3	NA
16	309	14	1	NA
16	310	and	1	NA
16	311	24,	2	NA
16	312	it's	2	NA
16	313	more	1	NA
16	314	than	1	NA
16	315	two	1	NA
16	316	hours.	2	NA
16	317	For	1	NA
16	318	people	1	NA
16	319	aged	1	NA
16	320	between	1	NA
16	321	24	1	NA
16	322	and	1	NA
16	323	about	1	NA
16	324	30	1	NA
16	325	or	1	NA
16	326	35,	2	NA
16	327	it's	2	NA
16	328	about	1	it.
16	329	an	1	it.
16	330	hour	1	it.
16	331	and	1	it.
16	332	a	1	it.
16	333	half.	2	it.
16	334	That	1	NA
16	335	can	1	NA
16	336	continue	1	NA
16	337	up	1	NA
16	338	until	1	NA
16	339	you're	2	NA
16	340	about	1	NA
16	341	55	1	NA
16	342	when	1	NA
16	343	it's	2	NA
16	344	in	1	NA
16	345	balance	1	NA
16	346	again.	2	NA
16	347	The	1	They.”
16	348	10-year-old	5	They.”
16	349	and	1	They.”
16	350	55-year-old	5	They.”
16	351	wake	1	They.”
16	352	and	1	They.”
16	353	sleep	1	They.”
16	354	naturally	1	They.”
16	355	at	1	They.”
16	356	the	1	They.”
16	357	same	1	They.”
16	358	time.”	4	They.”
16	359	This	1	NA
16	360	might	1	NA
16	361	be	1	NA
16	362	why,	2	NA
16	363	he	1	NA
16	364	adds,	2	NA
16	365	the	1	it
16	366	traditional	1	it
16	367	nine	1	it
16	368	to	1	it
16	369	five	1	it
16	370	is	1	NA
16	371	so	1	NA
16	372	ingrained;	2	NA
16	373	it	1	NA
16	374	is	1	NA
16	375	maintained	1	NA
16	376	by	1	NA
16	377	bosses,	2	they
16	378	many	1	they
16	379	of	1	they
16	380	them	1	they
16	381	in	1	they
16	382	their	1	they
16	383	mid-50s	4	they
16	384	and	1	they
16	385	upwards	1	they
16	386	because	1	NA
16	387	“it	3	NA
16	388	is	1	NA
16	389	best	1	NA
16	390	for	1	NA
16	391	them”.	4	NA
16	392	So,	2	NA
16	393	should	1	NA
16	394	workplaces	1	NA
16	395	have	1	NA
16	396	staggered	1	them,
16	397	starting	1	them,
16	398	times,	2	them,
16	399	too?	2	NA
16	400	Should	1	NA
16	401	those	1	NA
16	402	in	1	NA
16	403	their	1	NA
16	404	50s	2	NA
16	405	and	1	NA
16	406	above	1	NA
16	407	come	1	NA
16	408	in	1	NA
16	409	at	1	NA
16	410	8am,	3	NA
16	411	while	1	NA
16	412	those	1	NA
16	413	in	1	NA
16	414	their	1	NA
16	415	30s	2	NA
16	416	start	1	NA
16	417	at	1	NA
16	418	10am	2	NA
16	419	and	1	NA
16	420	the	1	NA
16	421	teenage	1	NA
16	422	intern	1	NA
16	423	or	1	NA
16	424	apprentice	1	NA
16	425	be	1	NA
16	426	encouraged	1	NA
16	427	to	1	NA
16	428	turn	1	NA
16	429	up	1	NA
16	430	at	1	NA
16	431	11am?	3	NA
16	432	Kelley	1	he
16	433	says	1	NA
16	434	that	1	NA
16	435	synchronized	1	they
16	436	hours	1	they
16	437	could	1	NA
16	438	have	1	NA
16	439	“many	3	NA
16	440	positive	1	NA
16	441	consequences.	2	NA
16	442	The	1	NA
16	443	positive	1	NA
16	444	side	1	NA
16	445	of	1	NA
16	446	this	1	NA
16	447	is	1	NA
16	448	people's	2	their
16	449	performance,	2	NA
16	450	mood	1	NA
16	451	and	1	NA
16	452	health	1	NA
16	453	will	1	NA
16	454	improve.	2	NA
16	455	It's	2	NA
16	456	very	1	NA
16	457	uplifting	2	NA
16	458	in	1	NA
16	459	a	1	NA
16	460	way	1	NA
16	461	because	1	NA
16	462	it's	2	NA
16	463	a	1	it.”
16	464	solution	1	it.”
16	465	that	1	it.”
16	466	will	1	it.”
16	467	make	1	it.”
16	468	people	1	it.”
16	469	less	1	it.”
16	470	ill,	2	it.”
16	471	and	1	it.”
16	472	happier	1	it.”
16	473	and	1	it.”
16	474	better	1	it.”
16	475	at	1	it.”
16	476	what	1	it.”
16	477	they	1	it.”
16	478	do.”	4	it.”
16	479	There	1	NA
16	480	would	1	NA
16	481	probably	1	NA
16	482	be	1	NA
16	483	fewer	1	NA
16	484	accidents	1	NA
16	485	as	1	NA
16	486	drivers	1	NA
16	487	would	1	NA
16	488	be	1	NA
16	489	more	1	NA
16	490	alert,	2	NA
16	491	he	1	NA
16	492	says.	2	NA
16	493	It	1	NA
16	494	could	1	NA
16	495	spell	1	NA
16	496	the	1	NA
16	497	end	1	NA
16	498	of	1	NA
16	499	rush	1	NA
16	500	hour	1	NA
16	501	as	1	NA
16	502	people	1	they
16	503	stagger	1	NA
16	504	their	1	NA
16	505	work	1	NA
16	506	and	1	NA
16	507	school-run	3	NA
16	508	times.	2	NA
16	509	A	1	It,
16	510	later	1	It,
16	511	start	1	It,
16	512	to	1	It,
16	513	the	1	It,
16	514	day	1	It,
16	515	for	1	It,
16	516	many,	2	It,
16	517	says	1	NA
16	518	Kelley,	2	she,
16	519	“is	3	NA
16	520	something	1	it.
16	521	that	1	it.
16	522	would	1	it.
16	523	benefit	1	it.
16	524	everyone,	2	it.
16	525	particularly	1	it.
16	526	families.	2	it.
16	527	Parents	1	NA
16	528	go	1	NA
16	529	and	1	NA
16	530	try	1	NA
16	531	to	1	NA
16	532	wake	1	NA
16	533	up	1	NA
16	534	teenagers	1	NA
16	535	who	1	NA
16	536	are	1	NA
16	537	waking	1	NA
16	538	up	1	NA
16	539	three	1	NA
16	540	hours	1	NA
16	541	too	1	NA
16	542	early.	2	NA
16	543	It	1	NA
16	544	creates	1	NA
16	545	tensions	1	NA
16	546	for	1	NA
16	547	everybody.”	4	NA
16	548	So,	2	NA
16	549	what	1	NA
16	550	time	1	NA
16	551	does	1	NA
16	552	Kelley	1	she
16	553	start	1	NA
16	554	work?	2	NA
16	555	“I	3	NA
16	556	am	1	NA
16	557	67	1	it
16	558	so	1	NA
16	559	that	1	NA
16	560	means	1	NA
16	561	I'm	2	NA
16	562	back	1	NA
16	563	to	1	NA
16	564	being	1	NA
16	565	ten	1	NA
16	566	years	1	NA
16	567	old	1	NA
16	568	and	1	NA
16	569	I	1	NA
16	570	get	1	NA
16	571	up	1	NA
16	572	just	1	NA
16	573	after	1	NA
16	574	six.	2	NA
16	575	I	1	NA
16	576	wake	1	NA
16	577	naturally.”	4	NA
16	578	And,	2	NA
16	579	yes,	2	NA
16	580	he	1	NA
16	581	says	1	NA
16	582	he	1	NA
16	583	finds	1	NA
16	584	the	1	NA
16	585	start	1	NA
16	586	of	1	NA
16	587	his	1	it
16	588	working	1	it
16	589	day	1	it
16	590	much	1	NA
16	591	easier	1	NA
16	592	now	1	NA
16	593	than	1	NA
16	594	he	1	NA
16	595	did	1	NA
16	596	when	1	NA
16	597	he	1	NA
16	598	was	1	NA
16	599	younger.	2	NA
17	0	Many	1	We
17	1	of	1	We
17	2	us	1	We
17	3	know	1	NA
17	4	we	1	NA
17	5	don't	2	NA
17	6	get	1	NA
17	7	enough	1	NA
17	8	sleep,	2	NA
17	9	but	1	NA
17	10	imagine	1	NA
17	11	if	1	NA
17	12	there	1	NA
17	13	was	1	NA
17	14	a	1	it:
17	15	simple	1	it:
17	16	solution:	2	it:
17	17	getting	1	NA
17	18	up	1	NA
17	19	later.	2	NA
17	20	In	1	NA
17	21	a	1	NA
17	22	speech	1	NA
17	23	at	1	NA
17	24	the	1	NA
17	25	British	1	NA
17	26	Science	1	NA
17	27	Festival,	2	NA
17	28	Dr.	2	he
17	29	Paul	1	he
17	30	Kelley	1	he
17	31	from	1	he
17	32	Oxford	1	he
17	33	University	1	he
17	34	said	1	NA
17	35	schools	1	they
17	36	should	1	NA
17	37	stagger	1	they.
17	38	their	1	they.
17	39	starting	1	they.
17	40	times	1	they.
17	41	to	1	they.
17	42	work	1	they.
17	43	with	1	they.
17	44	the	1	they.
17	45	natural	1	they.
17	46	rhythms	1	they.
17	47	of	1	they.
17	48	their	1	they.
17	49	students.	2	they.
17	50	This	1	NA
17	51	would	1	NA
17	52	improve	1	NA
17	53	exam	1	NA
17	54	results	1	NA
17	55	and	1	NA
17	56	students'	2	their
17	57	health	1	their
17	58	(lack	3	NA
17	59	of	1	NA
17	60	sleep	1	NA
17	61	can	1	NA
17	62	cause	1	NA
17	63	diabetes,	2	NA
17	64	depression,	2	NA
17	65	obesity	1	NA
17	66	and	1	NA
17	67	other	1	NA
17	68	health	1	it
17	69	problems).	2	NA
17	70	Dr.	2	He
17	71	Kelley	1	He
17	72	said	1	NA
17	73	that,	2	NA
17	74	when	1	NA
17	75	children	1	they
17	76	are	1	NA
17	77	around	1	NA
17	78	ten,	2	NA
17	79	their	1	their
17	80	natural	1	their
17	81	wake-up	3	their
17	82	time	1	their
17	83	is	1	NA
17	84	about	1	it;
17	85	6.30am;	5	it;
17	86	at	1	NA
17	87	16,	2	NA
17	88	this	1	NA
17	89	rises	1	NA
17	90	to	1	NA
17	91	8am;	3	NA
17	92	and,	2	NA
17	93	at	1	NA
17	94	18,	2	NA
17	95	a	1	their
17	96	person's	2	their
17	97	natural	1	NA
17	98	waking	1	NA
17	99	hour	1	NA
17	100	is	1	NA
17	101	9am,	3	NA
17	102	although	1	NA
17	103	you	1	NA
17	104	may	1	NA
17	105	think	1	NA
17	106	they	1	NA
17	107	are	1	NA
17	108	just	1	NA
17	109	a	1	it.
17	110	lazy	1	it.
17	111	teenager.	2	it.
17	112	The	1	It
17	113	normal	1	It
17	114	school	1	It
17	115	starting	1	It
17	116	time	1	It
17	117	works	1	NA
17	118	for	1	NA
17	119	10-year-olds	5	them
17	120	but	1	NA
17	121	not	1	NA
17	122	for	1	NA
17	123	16-	2	them.
17	124	to	1	them.
17	125	18-year-olds.	6	them.
17	126	For	1	NA
17	127	the	1	them,
17	128	older	1	them,
17	129	teenagers,	2	them,
17	130	it	1	NA
17	131	might	1	NA
17	132	be	1	NA
17	133	better	1	NA
17	134	to	1	it.
17	135	start	1	it.
17	136	the	1	it.
17	137	school	1	it.
17	138	day	1	it.
17	139	at	1	it.
17	140	11am	2	it.
17	141	or	1	it.
17	142	even	1	it.
17	143	later.	2	it.
17	144	“A	3	NA
17	145	7am	2	NA
17	146	wake-up	3	NA
17	147	time	1	NA
17	148	for	1	NA
17	149	older	1	them,”
17	150	teenagers,”	4	them,”
17	151	says	1	NA
17	152	Kelley,	2	he,
17	153	“is	3	NA
17	154	the	1	NA
17	155	same	1	NA
17	156	as	1	NA
17	157	a	1	NA
17	158	4.30am	4	NA
17	159	start	1	NA
17	160	for	1	NA
17	161	a	1	NA
17	162	teacher	1	NA
17	163	in	1	NA
17	164	their	1	NA
17	165	50s.”	5	NA
17	166	He	1	NA
17	167	says	1	NA
17	168	the	1	it
17	169	solution	1	it
17	170	is	1	NA
17	171	not	1	NA
17	172	to	1	NA
17	173	tell	1	NA
17	174	teenagers	1	them
17	175	to	1	NA
17	176	go	1	NA
17	177	to	1	NA
17	178	bed	1	NA
17	179	earlier.	2	NA
17	180	“The	3	“It
17	181	body's	2	“It
17	182	natural	1	“It
17	183	rhythm	1	“It
17	184	is	1	NA
17	185	controlled	1	NA
17	186	by	1	NA
17	187	a	1	NA
17	188	particular	1	NA
17	189	kind	1	NA
17	190	of	1	NA
17	191	light,”	4	NA
17	192	says	1	NA
17	193	Kelley.	2	he.
17	194	“The	3	NA
17	195	eye	1	NA
17	196	has	1	NA
17	197	cells	1	NA
17	198	that	1	NA
17	199	report	1	NA
17	200	to	1	NA
17	201	a	1	NA
17	202	part	1	NA
17	203	of	1	NA
17	204	the	1	NA
17	205	brain	1	NA
17	206	that	1	NA
17	207	controls	1	NA
17	208	our	1	NA
17	209	sleep	1	NA
17	210	rhythms	1	NA
17	211	over	1	NA
17	212	a	1	NA
17	213	24-hour	3	NA
17	214	cycle.	2	NA
17	215	It's	2	NA
17	216	like	1	NA
17	217	saying:	2	NA
17	218	‘Why	3	NA
17	219	can't	2	NA
17	220	you	1	NA
17	221	control	1	NA
17	222	your	1	NA
17	223	heartbeat?'”	4	NA
17	224	But	1	NA
17	225	it	1	NA
17	226	isn't	2	NA
17	227	just	1	NA
17	228	students	1	NA
17	229	who	1	NA
17	230	would	1	NA
17	231	benefit	1	NA
17	232	from	1	NA
17	233	a	1	NA
17	234	later	1	NA
17	235	start.	2	NA
17	236	Kelley	1	She
17	237	says	1	NA
17	238	the	1	it
17	239	working	1	it
17	240	day	1	it
17	241	should	1	NA
17	242	be	1	NA
17	243	more	1	NA
17	244	linked	1	NA
17	245	to	1	NA
17	246	our	1	our.
17	247	natural	1	our.
17	248	rhythms.	2	our.
17	249	Describing	2	NA
17	250	the	1	NA
17	251	average	1	NA
17	252	sleep	1	NA
17	253	loss	1	NA
17	254	per	1	NA
17	255	night	1	NA
17	256	for	1	NA
17	257	different	1	NA
17	258	age	1	NA
17	259	groups,	2	NA
17	260	he	1	NA
17	261	says:	2	NA
17	262	“Between	3	NA
17	263	14	1	NA
17	264	and	1	NA
17	265	24,	2	NA
17	266	people	1	NA
17	267	lose	1	NA
17	268	more	1	NA
17	269	than	1	NA
17	270	two	1	NA
17	271	hours.	2	NA
17	272	For	1	NA
17	273	people	1	them,
17	274	aged	1	them,
17	275	between	1	them,
17	276	24	1	them,
17	277	and	1	them,
17	278	about	1	them,
17	279	30	1	them,
17	280	or	1	them,
17	281	35,	2	them,
17	282	they	1	they.
17	283	lose	1	they.
17	284	about	1	they.
17	285	an	1	they.
17	286	hour	1	they.
17	287	and	1	they.
17	288	a	1	they.
17	289	half.	2	they.
17	290	That	1	NA
17	291	can	1	NA
17	292	continue	1	NA
17	293	up	1	NA
17	294	until	1	NA
17	295	you're	2	NA
17	296	about	1	NA
17	297	55	1	NA
17	298	when	1	NA
17	299	it's	2	NA
17	300	in	1	NA
17	301	balance	1	NA
17	302	again.	2	NA
17	303	The	1	They
17	304	10-year-old	5	They
17	305	and	1	NA
17	306	55-year-old	5	NA
17	307	wake	1	NA
17	308	and	1	NA
17	309	sleep	1	NA
17	310	naturally	1	NA
17	311	at	1	NA
17	312	the	1	NA
17	313	same	1	NA
17	314	time.”	4	NA
17	315	So,	2	NA
17	316	should	1	NA
17	317	workplaces	1	NA
17	318	have	1	NA
17	319	staggered	1	them,
17	320	starting	1	them,
17	321	times,	2	them,
17	322	too?	2	NA
17	323	Should	1	NA
17	324	people	1	NA
17	325	in	1	NA
17	326	their	1	NA
17	327	50s	2	NA
17	328	and	1	NA
17	329	above	1	NA
17	330	come	1	NA
17	331	in	1	NA
17	332	at	1	NA
17	333	8am,	3	NA
17	334	people	1	NA
17	335	in	1	NA
17	336	their	1	NA
17	337	30s	2	NA
17	338	start	1	NA
17	339	at	1	NA
17	340	10am	2	NA
17	341	and	1	NA
17	342	the	1	NA
17	343	teenage	1	NA
17	344	apprentice	1	NA
17	345	at	1	NA
17	346	11am?	3	NA
17	347	Kelley	1	she
17	348	says	1	NA
17	349	that	1	NA
17	350	synchronized	1	NA
17	351	hours	1	NA
17	352	could	1	NA
17	353	have	1	NA
17	354	“many	3	NA
17	355	positive	1	NA
17	356	effects.	2	NA
17	357	The	1	It
17	358	positive	1	It
17	359	side	1	It
17	360	is	1	NA
17	361	that	1	NA
17	362	people's	2	their
17	363	performance,	2	NA
17	364	mood	1	NA
17	365	and	1	NA
17	366	health	1	NA
17	367	will	1	NA
17	368	improve.	2	NA
17	369	It's	2	NA
17	370	very	1	NA
17	371	positive	1	NA
17	372	because	1	NA
17	373	it's	2	NA
17	374	a	1	it.”
17	375	solution	1	it.”
17	376	that	1	it.”
17	377	will	1	it.”
17	378	make	1	it.”
17	379	people	1	it.”
17	380	less	1	it.”
17	381	ill,	2	it.”
17	382	and	1	it.”
17	383	happier	1	it.”
17	384	and	1	it.”
17	385	better	1	it.”
17	386	at	1	it.”
17	387	what	1	it.”
17	388	they	1	it.”
17	389	do.”	4	it.”
17	390	There	1	NA
17	391	would	1	NA
17	392	probably	1	NA
17	393	be	1	NA
17	394	fewer	1	NA
17	395	accidents	1	NA
17	396	because	1	NA
17	397	drivers	1	NA
17	398	would	1	NA
17	399	be	1	NA
17	400	more	1	NA
17	401	awake,	2	NA
17	402	he	1	NA
17	403	says.	2	NA
17	404	It	1	NA
17	405	could	1	NA
17	406	mean	1	NA
17	407	the	1	NA
17	408	end	1	NA
17	409	of	1	NA
17	410	rush	1	NA
17	411	hour	1	NA
17	412	because	1	NA
17	413	people	1	they
17	414	would	1	NA
17	415	stagger	1	NA
17	416	their	1	NA
17	417	work	1	NA
17	418	times	1	NA
17	419	and	1	NA
17	420	the	1	NA
17	421	times	1	NA
17	422	of	1	NA
17	423	their	1	NA
17	424	school	1	NA
17	425	run.	2	NA
17	426	A	1	It,
17	427	later	1	It,
17	428	start	1	It,
17	429	to	1	It,
17	430	the	1	It,
17	431	day	1	It,
17	432	for	1	It,
17	433	many,	2	It,
17	434	says	1	NA
17	435	Kelley,	2	she,
17	436	“is	3	NA
17	437	something	1	it.
17	438	that	1	it.
17	439	would	1	it.
17	440	benefit	1	it.
17	441	all	1	it.
17	442	people,	2	it.
17	443	particularly	1	it.
17	444	families.	2	it.
17	445	Parents	1	They.
17	446	go	1	They.
17	447	and	1	They.
17	448	try	1	They.
17	449	to	1	They.
17	450	wake	1	They.
17	451	up	1	They.
17	452	teenagers	1	They.
17	453	who	1	They.
17	454	are	1	They.
17	455	waking	1	They.
17	456	up	1	They.
17	457	three	1	They.
17	458	hours	1	They.
17	459	too	1	They.
17	460	early.	2	They.
17	461	It	1	NA
17	462	creates	1	NA
17	463	problems	1	NA
17	464	for	1	NA
17	465	everybody.”	4	NA
17	466	So,	2	NA
17	467	what	1	NA
17	468	time	1	NA
17	469	does	1	NA
17	470	Kelley	1	she
17	471	start	1	NA
17	472	work?	2	NA
17	473	“I	3	NA
17	474	am	1	NA
17	475	67	1	it
17	476	so	1	NA
17	477	that	1	NA
17	478	means	1	NA
17	479	I'm	2	NA
17	480	like	1	NA
17	481	a	1	NA
17	482	10-year-old	5	NA
17	483	and	1	NA
17	484	I	1	NA
17	485	get	1	NA
17	486	up	1	NA
17	487	just	1	NA
17	488	after	1	NA
17	489	six.	2	NA
17	490	I	1	NA
17	491	wake	1	NA
17	492	naturally.”	4	NA
17	493	And,	2	NA
17	494	yes,	2	NA
17	495	he	1	NA
17	496	says	1	NA
17	497	he	1	NA
17	498	finds	1	NA
17	499	the	1	NA
17	500	start	1	NA
17	501	of	1	NA
17	502	his	1	it
17	503	working	1	it
17	504	day	1	it
17	505	much	1	NA
17	506	easier	1	NA
17	507	now	1	NA
17	508	than	1	NA
17	509	when	1	NA
17	510	he	1	NA
17	511	was	1	NA
17	512	younger.	2	NA
18	0	Agios	2	It
18	1	Efstratios	5	It
18	2	is	1	NA
18	3	so	1	NA
18	4	remote,	2	NA
18	5	so	1	NA
18	6	forgotten	1	NA
18	7	by	1	NA
18	8	the	1	them,
18	9	banks,	2	them,
18	10	the	1	it
18	11	government	1	it
18	12	and	1	NA
18	13	most	1	NA
18	14	of	1	NA
18	15	the	1	NA
18	16	modern	1	NA
18	17	world	1	NA
18	18	that	1	NA
18	19	the	1	NA
18	20	mobile	1	NA
18	21	phone	1	NA
18	22	network	1	NA
18	23	can't	2	NA
18	24	process	1	NA
18	25	data	1	NA
18	26	and	1	NA
18	27	there	1	NA
18	28	isn't	2	NA
18	29	a	1	NA
18	30	single	1	NA
18	31	ATM	1	NA
18	32	or	1	NA
18	33	credit-	2	NA
18	34	card	1	NA
18	35	machine	1	NA
18	36	on	1	NA
18	37	the	1	it.
18	38	island.	2	it.
18	39	Before	1	NA
18	40	Greece	1	it
18	41	was	1	NA
18	42	plunged	1	NA
18	43	into	1	NA
18	44	financial	1	NA
18	45	chaos,	2	NA
18	46	residents	1	they
18	47	of	1	they
18	48	this	1	they
18	49	tranquil	1	they
18	50	outpost	1	they
18	51	in	1	they
18	52	the	1	they
18	53	northern	1	they
18	54	Aegean	3	they
18	55	managed	1	NA
18	56	quite	1	NA
18	57	well.	2	NA
18	58	They	1	NA
18	59	did	1	NA
18	60	their	1	NA
18	61	banking	1	NA
18	62	at	1	NA
18	63	the	1	NA
18	64	post	1	NA
18	65	office	1	NA
18	66	and	1	NA
18	67	the	1	NA
18	68	few	1	NA
18	69	dozen	1	NA
18	70	rooms	1	NA
18	71	to	1	NA
18	72	rent	1	NA
18	73	were	1	NA
18	74	booked	1	NA
18	75	out	1	NA
18	76	every	1	NA
18	77	summer	1	NA
18	78	with	1	NA
18	79	people	1	NA
18	80	who	1	NA
18	81	had	1	NA
18	82	heard	1	NA
18	83	–	1	NA
18	84	by	1	NA
18	85	word	1	NA
18	86	of	1	NA
18	87	mouth	1	NA
18	88	–	1	NA
18	89	of	1	NA
18	90	its	1	NA
18	91	spectacular	1	NA
18	92	empty	1	NA
18	93	beaches,	2	NA
18	94	clear	1	NA
18	95	seas	1	NA
18	96	and	1	NA
18	97	fresh	1	NA
18	98	seafood.	2	NA
18	99	But,	2	NA
18	100	because	1	NA
18	101	the	1	it
18	102	island	1	it
18	103	still	1	NA
18	104	runs	1	NA
18	105	on	1	NA
18	106	cash,	2	it,
18	107	the	1	NA
18	108	closure	1	NA
18	109	of	1	NA
18	110	banks	1	they
18	111	nationwide	1	they
18	112	has	1	NA
18	113	been	1	NA
18	114	devastating.	2	NA
18	115	Residents	1	NA
18	116	have	1	NA
18	117	been	1	NA
18	118	forced	1	NA
18	119	to	1	NA
18	120	make	1	NA
18	121	nine-hour	3	NA
18	122	round	1	NA
18	123	trips	1	NA
18	124	to	1	NA
18	125	the	1	NA
18	126	nearest	1	NA
18	127	big	1	NA
18	128	island	1	NA
18	129	to	1	NA
18	130	get	1	NA
18	131	cash	1	NA
18	132	and	1	NA
18	133	Greek	1	they
18	134	visitors	1	they
18	135	say	1	NA
18	136	they	1	NA
18	137	can't	2	NA
18	138	get	1	NA
18	139	together	1	NA
18	140	enough	1	NA
18	141	cash	1	it
18	142	to	1	NA
18	143	come.	2	NA
18	144	“Tourist	4	NA
18	145	numbers	1	NA
18	146	are	1	NA
18	147	down	1	NA
18	148	80%	2	NA
18	149	this	1	NA
18	150	year,”	4	NA
18	151	said	1	NA
18	152	Mayor	1	she,
18	153	Maria	1	she,
18	154	Kakali,	3	she,
18	155	in	1	NA
18	156	an	1	NA
18	157	office	1	NA
18	158	in	1	NA
18	159	the	1	it.
18	160	village	1	it.
18	161	where	1	it.
18	162	she	1	it.
18	163	grew	1	it.
18	164	up,	2	it.
18	165	home	1	it.
18	166	to	1	it.
18	167	around	1	it.
18	168	200	1	it.
18	169	people.	2	it.
18	170	“Even	3	NA
18	171	people	1	NA
18	172	born	1	NA
18	173	here	1	NA
18	174	and	1	NA
18	175	living	1	NA
18	176	in	1	NA
18	177	Athens,	2	it,
18	178	who	1	NA
18	179	have	1	NA
18	180	their	1	NA
18	181	own	1	NA
18	182	places	1	NA
18	183	on	1	NA
18	184	the	1	it,
18	185	island,	2	it,
18	186	aren't	2	NA
18	187	coming.”	4	NA
18	188	Kakali	2	she
18	189	has	1	NA
18	190	badgered	2	NA
18	191	the	1	it
18	192	government	1	it
18	193	and	1	NA
18	194	a	1	NA
18	195	major	1	NA
18	196	Greek	1	NA
18	197	bank	1	NA
18	198	into	1	NA
18	199	promising	1	NA
18	200	an	1	it
18	201	ATM	1	it
18	202	within	1	NA
18	203	weeks	1	NA
18	204	but	1	NA
18	205	she	1	NA
18	206	still	1	NA
18	207	feels	1	NA
18	208	it	1	NA
18	209	may	1	NA
18	210	come	1	NA
18	211	too	1	NA
18	212	late	1	NA
18	213	for	1	NA
18	214	this	1	it
18	215	season	1	it
18	216	on	1	NA
18	217	an	1	it:
18	218	island	1	it:
18	219	where	1	it:
18	220	tourism	1	it:
18	221	dwarfs	2	it:
18	222	the	1	it:
18	223	two	1	it:
18	224	other	1	it:
18	225	sources	1	it:
18	226	of	1	it:
18	227	income:	2	it:
18	228	fishing	1	it:
18	229	and	1	it:
18	230	agriculture:	2	it:
18	231	“We	3	NA
18	232	have	1	NA
18	233	almost	1	NA
18	234	no	1	NA
18	235	reservations	1	NA
18	236	in	1	NA
18	237	August,	2	NA
18	238	when	1	NA
18	239	usually	1	NA
18	240	we	1	NA
18	241	have	1	NA
18	242	people	1	them
18	243	calling	1	them
18	244	us	1	them
18	245	up	1	them
18	246	asking	1	them
18	247	to	1	them
18	248	find	1	them
18	249	a	1	them
18	250	room	1	them
18	251	and	1	NA
18	252	we	1	NA
18	253	can't	2	NA
18	254	help	1	NA
18	255	them.”	4	NA
18	256	A	1	NA
18	257	hard	1	NA
18	258	winter	1	NA
18	259	ahead	1	NA
18	260	may	1	NA
18	261	be	1	NA
18	262	slightly	1	NA
18	263	improved	1	NA
18	264	by	1	NA
18	265	50	1	NA
18	266	workers	1	NA
18	267	billeted	3	NA
18	268	in	1	NA
18	269	the	1	it
18	270	village	1	it
18	271	to	1	NA
18	272	expand	1	NA
18	273	the	1	NA
18	274	harbor	1	NA
18	275	but	1	NA
18	276	there	1	NA
18	277	is	1	NA
18	278	an	1	it
18	279	even	1	it
18	280	bigger	1	it
18	281	crisis	1	it
18	282	looming	1	NA
18	283	because	1	NA
18	284	the	1	it
18	285	government	1	it
18	286	has	1	NA
18	287	said	1	NA
18	288	it	1	NA
18	289	will	1	NA
18	290	end	1	NA
18	291	a	1	it.
18	292	decades-old	3	it.
18	293	tax	1	it.
18	294	break	1	it.
18	295	for	1	it.
18	296	islands.	2	it.
18	297	Created	1	NA
18	298	to	1	NA
18	299	help	1	NA
18	300	island	1	they
18	301	communities	1	they
18	302	survive	1	NA
18	303	when	1	NA
18	304	they	1	NA
18	305	were	1	NA
18	306	suffering	1	NA
18	307	mass	1	NA
18	308	emigration,	3	NA
18	309	a	1	it
18	310	lower	1	it
18	311	sales	1	it
18	312	tax	1	it
18	313	contained	1	NA
18	314	the	1	NA
18	315	costs	1	NA
18	316	of	1	NA
18	317	living	1	NA
18	318	in	1	NA
18	319	places	1	NA
18	320	where	1	NA
18	321	everything	1	NA
18	322	had	1	NA
18	323	to	1	NA
18	324	be	1	NA
18	325	imported	1	NA
18	326	and	1	NA
18	327	made	1	NA
18	328	tourism	1	it
18	329	more	1	NA
18	330	affordable.	2	NA
18	331	Tourist	2	They
18	332	favorites	1	They
18	333	such	1	They
18	334	as	1	They
18	335	Mykonos	4	They
18	336	fear	1	NA
18	337	that	1	NA
18	338	losing	1	it
18	339	the	1	it
18	340	tax	1	it
18	341	breaks	1	it
18	342	will	1	NA
18	343	make	1	NA
18	344	it	1	NA
18	345	hard	1	NA
18	346	for	1	NA
18	347	them	1	NA
18	348	to	1	them
18	349	compete	1	them
18	350	with	1	them
18	351	Turkey	1	them
18	352	but,	2	NA
18	353	for	1	NA
18	354	Agios	2	it,
18	355	Efstratios,	6	it,
18	356	it	1	NA
18	357	poses	1	NA
18	358	a	1	NA
18	359	far	1	NA
18	360	greater	1	NA
18	361	threat.	2	NA
18	362	“If	3	“It%,
18	363	we	1	“It%,
18	364	have	1	“It%,
18	365	to	1	“It%,
18	366	pay	1	“It%,
18	367	a	1	“It%,
18	368	tax	1	“It%,
18	369	of	1	“It%,
18	370	23%,	2	“It%,
18	371	I'm	2	NA
18	372	sorry	1	NA
18	373	to	1	NA
18	374	say	1	NA
18	375	it	1	NA
18	376	but	1	NA
18	377	we	1	NA
18	378	will	1	NA
18	379	all	1	NA
18	380	die	1	NA
18	381	on	1	NA
18	382	the	1	it,”
18	383	island,”	4	it,”
18	384	says	1	NA
18	385	Kakali.	3	he.
18	386	Food	1	NA
18	387	and	1	NA
18	388	fuel	1	NA
18	389	are	1	NA
18	390	already	1	NA
18	391	more	1	NA
18	392	expensive	1	NA
18	393	than	1	NA
18	394	on	1	NA
18	395	mainland	1	it,
18	396	Greece,	2	it,
18	397	there	1	NA
18	398	are	1	NA
18	399	no	1	NA
18	400	economies	1	NA
18	401	of	1	NA
18	402	scale	1	NA
18	403	and	1	NA
18	404	little	1	NA
18	405	economic	1	NA
18	406	flexibility	1	NA
18	407	on	1	NA
18	408	an	1	it.
18	409	island	1	it.
18	410	which,	2	it.
18	411	even	1	it.
18	412	in	1	it.
18	413	summer,	2	it.
18	414	has	1	it.
18	415	only	1	it.
18	416	three	1	it.
18	417	shops,	2	it.
18	418	two	1	it.
18	419	restaurants	1	it.
18	420	and	1	it.
18	421	not	1	it.
18	422	a	1	it.
18	423	single	1	it.
18	424	official	1	it.
18	425	hotel.	2	it.
18	426	“This	3	NA
18	427	is	1	NA
18	428	an	1	it.
18	429	expensive	1	it.
18	430	island.	2	it.
18	431	Everything,	2	NA
18	432	even	1	NA
18	433	milk	1	it
18	434	or	1	NA
18	435	bread,	2	NA
18	436	has	1	NA
18	437	changed	1	NA
18	438	hands	1	NA
18	439	three	1	NA
18	440	or	1	NA
18	441	four	1	NA
18	442	times	1	NA
18	443	before	1	NA
18	444	it	1	NA
18	445	gets	1	NA
18	446	to	1	NA
18	447	us	1	NA
18	448	and	1	NA
18	449	each	1	NA
18	450	middleman	2	NA
18	451	has	1	NA
18	452	to	1	NA
18	453	take	1	NA
18	454	a	1	NA
18	455	profit,”	4	NA
18	456	said	1	NA
18	457	Provatas	3	he,
18	458	Costas,	3	he,
18	459	a	1	he.
18	460	58-year-old	5	he.
18	461	fisherman.	2	he.
18	462	For	1	NA
18	463	Agios	2	it
18	464	Efstratios	5	it
18	465	and	1	NA
18	466	its	1	its,
18	467	closest	1	its,
18	468	large	1	its,
18	469	neighbor,	2	its,
18	470	Lemnos,	3	it,
18	471	the	1	NA
18	472	timing	1	NA
18	473	of	1	NA
18	474	the	1	it
18	475	crisis	1	it
18	476	is	1	NA
18	477	particularly	1	NA
18	478	cruel.	2	NA
18	479	They	1	NA
18	480	were	1	NA
18	481	condemned	1	NA
18	482	to	1	NA
18	483	relative	1	NA
18	484	obscurity	1	NA
18	485	for	1	NA
18	486	years	1	NA
18	487	in	1	NA
18	488	part	1	NA
18	489	because	1	NA
18	490	they	1	NA
18	491	are	1	NA
18	492	served	1	NA
18	493	by	1	NA
18	494	slow	1	NA
18	495	and	1	NA
18	496	unreliable	1	NA
18	497	ferries.	3	NA
18	498	In	1	NA
18	499	2015,	2	NA
18	500	the	1	it
18	501	government	1	it
18	502	had	1	NA
18	503	finally	1	NA
18	504	given	1	NA
18	505	the	1	NA
18	506	contract	1	NA
18	507	to	1	NA
18	508	a	1	NA
18	509	new,	2	NA
18	510	efficient	1	NA
18	511	company,	2	NA
18	512	drawing	1	NA
18	513	floods	1	NA
18	514	of	1	NA
18	515	new	1	NA
18	516	visitors	1	NA
18	517	to	1	NA
18	518	explore	1	NA
18	519	the	1	their'
18	520	islands'	2	their'
18	521	largely	1	NA
18	522	overlooked	1	NA
18	523	charms,	2	NA
18	524	before	1	NA
18	525	the	1	NA
18	526	bank	1	NA
18	527	controls	1	NA
18	528	hit.	2	NA
18	529	“This	3	“It
18	530	season	1	“It
18	531	started	1	NA
18	532	out	1	NA
18	533	as	1	NA
18	534	the	1	it
18	535	best	1	it
18	536	season	1	it
18	537	in	1	it
18	538	30	1	it
18	539	years	1	it
18	540	and,	2	NA
18	541	in	1	NA
18	542	one	1	NA
18	543	week,	2	NA
18	544	became	1	NA
18	545	the	1	NA
18	546	worst,”	4	NA
18	547	said	1	NA
18	548	Atzamis	4	he,
18	549	Konstantinos,	4	he,
18	550	a	1	he.
18	551	travel	1	he.
18	552	agent	1	he.
18	553	in	1	he.
18	554	Lemnos	2	he.
18	555	who	1	he.
18	556	used	1	he.
18	557	to	1	he.
18	558	earn	1	he.
18	559	€15,000	4	he.
18	560	a	1	he.
18	561	month	1	he.
18	562	as	1	he.
18	563	a	1	he.
18	564	captain	1	he.
18	565	of	1	he.
18	566	petroleum	1	he.
18	567	tankers	2	he.
18	568	and	1	he.
18	569	other	1	he.
18	570	large	1	he.
18	571	ships	1	he.
18	572	but	1	he.
18	573	came	1	he.
18	574	home	1	he.
18	575	because	1	he.
18	576	he	1	he.
18	577	missed	1	he.
18	578	it	1	he.
18	579	so	1	he.
18	580	much.	2	he.
18	581	Lemnos	2	It
18	582	has	1	NA
18	583	dozens	1	NA
18	584	of	1	NA
18	585	wild	1	NA
18	586	beaches,	2	NA
18	587	where	1	NA
18	588	even	1	NA
18	589	at	1	NA
18	590	the	1	NA
18	591	height	1	NA
18	592	of	1	NA
18	593	summer	1	NA
18	594	you	1	NA
18	595	can	1	NA
18	596	swim	1	NA
18	597	and	1	NA
18	598	sunbathe	3	NA
18	599	virtually	1	NA
18	600	alone,	2	NA
18	601	a	1	NA
18	602	small	1	NA
18	603	nightlife	2	NA
18	604	scene,	2	NA
18	605	and	1	NA
18	606	numerous	1	NA
18	607	cultural	1	NA
18	608	sites.	2	NA
18	609	Lemnos	2	It
18	610	is	1	NA
18	611	the	1	it
18	612	eighth	1	it
18	613	largest	1	it
18	614	island	1	it
18	615	in	1	it
18	616	Greece	1	it
18	617	so	1	NA
18	618	it	1	NA
18	619	is	1	NA
18	620	in	1	NA
18	621	line	1	NA
18	622	for	1	NA
18	623	the	1	NA
18	624	first	1	NA
18	625	round	1	NA
18	626	of	1	NA
18	627	tax	1	NA
18	628	increases	1	NA
18	629	in	1	NA
18	630	autumn	1	NA
18	631	2015	1	NA
18	632	but	1	NA
18	633	far	1	NA
18	634	less	1	NA
18	635	wealthy	1	NA
18	636	than	1	NA
18	637	many	1	NA
18	638	smaller	1	NA
18	639	ones.	2	NA
18	640	It	1	NA
18	641	has	1	NA
18	642	just	1	NA
18	643	over	1	NA
18	644	3,000	3	NA
18	645	beds	1	NA
18	646	for	1	NA
18	647	visitors,	2	NA
18	648	compared	1	NA
18	649	with	1	NA
18	650	tens	1	NA
18	651	of	1	NA
18	652	thousands	1	NA
18	653	on	1	NA
18	654	an	1	NA
18	655	island	1	NA
18	656	such	1	NA
18	657	as	1	NA
18	658	Rhodes.	2	NA
18	659	Its	1	They
18	660	councilors	2	They
18	661	say	1	NA
18	662	that	1	NA
18	663	they	1	NA
18	664	will	1	NA
18	665	fight	1	NA
18	666	the	1	it,
18	667	tax	1	it,
18	668	rise,	2	it,
18	669	although	1	NA
18	670	none	1	NA
18	671	can	1	NA
18	672	say	1	NA
18	673	how.	2	NA
18	674	“We	3	NA
18	675	have	1	NA
18	676	been	1	NA
18	677	suffering	1	NA
18	678	economically	1	NA
18	679	in	1	NA
18	680	recent	1	NA
18	681	years	1	NA
18	682	and,	2	NA
18	683	now,	2	NA
18	684	we	1	NA
18	685	will	1	NA
18	686	suffer	1	NA
18	687	more,”	4	NA
18	688	said	1	NA
18	689	Lemnos	2	he,
18	690	Mayor,	2	he,
18	691	Dimitris	3	he.
18	692	Marinakis.	3	he.
18	693	“When	3	NA
18	694	there	1	NA
18	695	is	1	NA
18	696	not	1	NA
18	697	enough	1	NA
18	698	money,	2	NA
18	699	you	1	NA
18	700	reduce	1	NA
18	701	your	1	NA
18	702	consumption	1	NA
18	703	and	1	NA
18	704	therefore	1	NA
18	705	the	1	NA
18	706	whole	1	NA
18	707	economy	1	NA
18	708	declines.”	4	NA
18	709	If	1	NA
18	710	taxes	1	NA
18	711	go	1	NA
18	712	up,	2	NA
18	713	even	1	NA
18	714	more	1	NA
18	715	young	1	NA
18	716	people	1	NA
18	717	will	1	NA
18	718	leave,	2	NA
18	719	warns	1	NA
18	720	Mayor	1	she,
18	721	Kakali,	3	she,
18	722	who	1	NA
18	723	has	1	NA
18	724	devoted	1	NA
18	725	her	1	NA
18	726	year	1	NA
18	727	in	1	NA
18	728	office	1	NA
18	729	to	1	NA
18	730	improving	1	NA
18	731	education	1	NA
18	732	on	1	NA
18	733	the	1	it
18	734	island	1	it
18	735	to	1	NA
18	736	help	1	NA
18	737	keep	1	NA
18	738	it	1	NA
18	739	an	1	NA
18	740	attractive	1	NA
18	741	place	1	NA
18	742	for	1	NA
18	743	families.	2	NA
18	744	Because	1	NA
18	745	it	1	NA
18	746	is	1	NA
18	747	one	1	it,
18	748	of	1	it,
18	749	the	1	it,
18	750	smallest	1	it,
18	751	islands,	2	it,
18	752	Agios	2	it
18	753	Efstratios	5	it
18	754	has	1	NA
18	755	until	1	NA
18	756	2017	1	NA
18	757	before	1	NA
18	758	the	1	it
18	759	rise	1	it
18	760	is	1	NA
18	761	due	1	NA
18	762	to	1	NA
18	763	come	1	NA
18	764	in,	2	NA
18	765	so	1	NA
18	766	Kakali	2	she
18	767	hopes	1	NA
18	768	that	1	NA
18	769	the	1	NA
18	770	roller	1	NA
18	771	coaster	1	NA
18	772	of	1	NA
18	773	Greek	1	NA
18	774	politics	1	NA
18	775	means	1	NA
18	776	it	1	NA
18	777	yet	1	NA
18	778	may	1	NA
18	779	be	1	NA
18	780	spared.	2	NA
18	781	If	1	NA
18	782	not,	2	NA
18	783	though,	2	NA
18	784	she	1	NA
18	785	plans	1	NA
18	786	to	1	NA
18	787	travel	1	NA
18	788	to	1	NA
18	789	Athens	1	it
18	790	to	1	NA
18	791	remind	1	NA
18	792	the	1	it
18	793	distant	1	it
18	794	government	1	it
18	795	what	1	NA
18	796	the	1	it
18	797	tax	1	it
18	798	rise	1	it
18	799	would	1	NA
18	800	cost.	2	NA
18	801	“The	3	NA
18	802	truth	1	NA
18	803	is	1	NA
18	804	the	1	it
18	805	government	1	it
18	806	doesn't	2	NA
18	807	pay	1	NA
18	808	much	1	NA
18	809	attention	1	NA
18	810	to	1	NA
18	811	the	1	them,”
18	812	islands	1	them,”
18	813	of	1	them,”
18	814	the	1	them,”
18	815	north	1	them,”
18	816	Aegean,”	6	them,”
18	817	she	1	NA
18	818	said,	2	NA
18	819	“so	3	NA
18	820	I	1	NA
18	821	would	1	NA
18	822	take	1	NA
18	823	all	1	them
18	824	the	1	them
18	825	kids	1	them
18	826	from	1	them
18	827	our	1	them
18	828	school	1	them
18	829	to	1	NA
18	830	the	1	NA
18	831	gates	1	NA
18	832	of	1	NA
18	833	parliament,	2	NA
18	834	to	1	NA
18	835	tell	1	NA
18	836	them:	2	NA
18	837	‘There	3	NA
18	838	is	1	NA
18	839	still	1	NA
18	840	life	1	NA
18	841	in	1	NA
18	842	these	1	them'.”
18	843	islands'.”	4	them'.”
19	0	The	1	It
19	1	Greek	1	It
19	2	island	1	It
19	3	of	1	It
19	4	Agios	2	It
19	5	Efstratios	5	It
19	6	is	1	NA
19	7	very	1	NA
19	8	remote.	2	NA
19	9	It	1	NA
19	10	has	1	NA
19	11	been	1	NA
19	12	forgotten	1	NA
19	13	by	1	NA
19	14	the	1	they,
19	15	banks,	2	they,
19	16	the	1	it
19	17	government	1	it
19	18	and	1	NA
19	19	most	1	NA
19	20	of	1	NA
19	21	the	1	NA
19	22	modern	1	NA
19	23	world.	2	NA
19	24	It	1	NA
19	25	doesn't	2	NA
19	26	have	1	NA
19	27	a	1	it.
19	28	single	1	it.
19	29	ATM	1	it.
19	30	or	1	it.
19	31	credit-card	3	it.
19	32	machine.	2	it.
19	33	Before	1	NA
19	34	the	1	NA
19	35	economic	1	NA
19	36	crisis	1	NA
19	37	in	1	NA
19	38	Greece,	2	it,
19	39	the	1	they
19	40	people	1	they
19	41	of	1	they
19	42	this	1	they
19	43	peaceful	1	they
19	44	island	1	they
19	45	in	1	they
19	46	the	1	they
19	47	northern	1	they
19	48	Aegean	3	they
19	49	lived	1	NA
19	50	quite	1	NA
19	51	well.	2	NA
19	52	The	1	NA
19	53	few	1	NA
19	54	rooms	1	NA
19	55	to	1	NA
19	56	rent	1	NA
19	57	were	1	NA
19	58	fully	1	NA
19	59	booked	1	NA
19	60	every	1	NA
19	61	summer	1	NA
19	62	with	1	NA
19	63	people	1	NA
19	64	enjoying	1	NA
19	65	its	1	NA
19	66	empty	1	NA
19	67	beaches,	2	NA
19	68	clear	1	NA
19	69	seas	1	NA
19	70	and	1	NA
19	71	fresh	1	NA
19	72	seafood.	2	NA
19	73	But	1	NA
19	74	the	1	it
19	75	island	1	it
19	76	still	1	NA
19	77	uses	1	NA
19	78	only	1	NA
19	79	cash	1	it
19	80	so	1	NA
19	81	the	1	NA
19	82	closure	1	NA
19	83	of	1	NA
19	84	the	1	they
19	85	Greek	1	they
19	86	banks	1	they
19	87	has	1	NA
19	88	had	1	NA
19	89	a	1	NA
19	90	serious	1	NA
19	91	effect.	2	NA
19	92	Local	1	They
19	93	people	1	They
19	94	have	1	NA
19	95	to	1	NA
19	96	make	1	NA
19	97	nine-hour	3	NA
19	98	round	1	NA
19	99	trips	1	NA
19	100	to	1	NA
19	101	the	1	NA
19	102	nearest	1	NA
19	103	big	1	NA
19	104	island	1	NA
19	105	to	1	NA
19	106	get	1	NA
19	107	cash.	2	it.
19	108	Greek	1	They
19	109	visitors	1	They
19	110	say	1	NA
19	111	they	1	NA
19	112	don't	2	NA
19	113	have	1	NA
19	114	enough	1	NA
19	115	cash	1	NA
19	116	to	1	NA
19	117	come.	2	NA
19	118	“Tourist	4	NA
19	119	numbers	1	NA
19	120	have	1	NA
19	121	reduced	1	NA
19	122	by	1	NA
19	123	80%	2	NA
19	124	this	1	it,”
19	125	year,”	4	it,”
19	126	said	1	NA
19	127	Mayor	1	she,
19	128	Maria	1	she,
19	129	Kakali,	3	she,
19	130	in	1	NA
19	131	an	1	NA
19	132	office	1	NA
19	133	in	1	NA
19	134	the	1	it.
19	135	village	1	it.
19	136	where	1	it.
19	137	she	1	it.
19	138	grew	1	it.
19	139	up.	2	it.
19	140	The	1	It
19	141	village	1	It
19	142	has	1	NA
19	143	about	1	NA
19	144	200	1	NA
19	145	people.	2	NA
19	146	“Even	3	NA
19	147	people	1	NA
19	148	born	1	NA
19	149	here	1	NA
19	150	and	1	NA
19	151	living	1	NA
19	152	in	1	NA
19	153	Athens,	2	it,
19	154	who	1	NA
19	155	have	1	NA
19	156	their	1	NA
19	157	own	1	NA
19	158	places	1	NA
19	159	on	1	NA
19	160	the	1	it,
19	161	island,	2	it,
19	162	aren't	2	NA
19	163	coming.”	4	NA
19	164	Kakali	2	she
19	165	has	1	NA
19	166	asked	1	NA
19	167	the	1	it
19	168	government	1	it
19	169	and	1	NA
19	170	a	1	NA
19	171	major	1	NA
19	172	Greek	1	NA
19	173	bank	1	NA
19	174	to	1	NA
19	175	install	1	NA
19	176	an	1	it,
19	177	ATM,	2	it,
19	178	and	1	NA
19	179	this	1	NA
19	180	should	1	NA
19	181	arrive	1	NA
19	182	soon.	2	NA
19	183	But	1	NA
19	184	tourism	1	it
19	185	is	1	NA
19	186	the	1	it,
19	187	main	1	it,
19	188	business	1	it,
19	189	on	1	it,
19	190	the	1	it,
19	191	island,	2	it,
19	192	and	1	NA
19	193	she	1	NA
19	194	feels	1	NA
19	195	the	1	it
19	196	ATM	1	it
19	197	may	1	NA
19	198	come	1	NA
19	199	too	1	NA
19	200	late	1	NA
19	201	for	1	NA
19	202	this	1	it.
19	203	season.	2	it.
19	204	“We	3	NA
19	205	have	1	NA
19	206	almost	1	NA
19	207	no	1	NA
19	208	reservations	1	NA
19	209	in	1	NA
19	210	August,	2	NA
19	211	when	1	NA
19	212	usually	1	NA
19	213	we	1	NA
19	214	are	1	NA
19	215	full.”	4	NA
19	216	But	1	NA
19	217	there	1	NA
19	218	is	1	NA
19	219	an	1	NA
19	220	even	1	NA
19	221	bigger	1	NA
19	222	crisis	1	NA
19	223	ahead	1	NA
19	224	–	1	NA
19	225	the	1	it
19	226	government	1	it
19	227	has	1	NA
19	228	said	1	NA
19	229	it	1	NA
19	230	will	1	NA
19	231	end	1	NA
19	232	a	1	it.
19	233	tax	1	it.
19	234	break	1	it.
19	235	for	1	it.
19	236	islands.	2	it.
19	237	The	1	It
19	238	sales	1	It
19	239	tax	1	It
19	240	break	1	It
19	241	was	1	NA
19	242	created	1	NA
19	243	to	1	NA
19	244	help	1	NA
19	245	people	1	NA
19	246	on	1	NA
19	247	islands	1	them
19	248	survive	1	NA
19	249	when	1	NA
19	250	lots	1	NA
19	251	of	1	NA
19	252	people	1	NA
19	253	were	1	NA
19	254	emigrating.	4	NA
19	255	Islands	1	They,
19	256	that	1	They,
19	257	are	1	They,
19	258	popular	1	They,
19	259	with	1	They,
19	260	tourists,	2	They,
19	261	such	1	They,
19	262	as	1	They,
19	263	Mykonos,	5	They,
19	264	fear	1	NA
19	265	that	1	NA
19	266	losing	1	NA
19	267	the	1	it
19	268	tax	1	it
19	269	break	1	it
19	270	will	1	NA
19	271	make	1	NA
19	272	things	1	NA
19	273	very	1	NA
19	274	hard	1	NA
19	275	for	1	NA
19	276	them.	2	NA
19	277	But,	2	NA
19	278	for	1	NA
19	279	Agios	2	it,
19	280	Efstratios,	6	it,
19	281	it	1	NA
19	282	is	1	NA
19	283	a	1	it.
19	284	much	1	it.
19	285	bigger	1	it.
19	286	problem.	2	it.
19	287	“If	3	NA
19	288	we	1	NA
19	289	have	1	NA
19	290	to	1	NA
19	291	pay	1	NA
19	292	a	1	NA
19	293	tax	1	NA
19	294	of	1	NA
19	295	23%,	2	NA
19	296	we	1	NA
19	297	will	1	NA
19	298	all	1	NA
19	299	die	1	NA
19	300	on	1	NA
19	301	the	1	it,”
19	302	island,”	4	it,”
19	303	says	1	NA
19	304	Kakali.	3	she.
19	305	Food	1	NA
19	306	and	1	NA
19	307	fuel	1	NA
19	308	are	1	NA
19	309	already	1	NA
19	310	more	1	NA
19	311	expensive	1	NA
19	312	than	1	NA
19	313	on	1	NA
19	314	mainland	1	it.
19	315	Greece.	2	it.
19	316	Even	1	NA
19	317	in	1	NA
19	318	summer,	2	NA
19	319	the	1	it
19	320	island	1	it
19	321	has	1	NA
19	322	only	1	NA
19	323	three	1	NA
19	324	shops,	2	NA
19	325	two	1	NA
19	326	restaurants	1	NA
19	327	and	1	NA
19	328	not	1	NA
19	329	one	1	NA
19	330	official	1	NA
19	331	hotel.	2	NA
19	332	“This	3	NA
19	333	is	1	NA
19	334	an	1	it.
19	335	expensive	1	it.
19	336	island.	2	it.
19	337	Everything,	2	NA
19	338	even	1	NA
19	339	milk	1	NA
19	340	or	1	NA
19	341	bread,	2	NA
19	342	has	1	NA
19	343	been	1	NA
19	344	bought	1	NA
19	345	and	1	NA
19	346	sold	1	NA
19	347	three	1	NA
19	348	or	1	NA
19	349	four	1	NA
19	350	times	1	NA
19	351	by	1	NA
19	352	middlemen	2	NA
19	353	before	1	NA
19	354	it	1	NA
19	355	gets	1	NA
19	356	to	1	NA
19	357	us	1	NA
19	358	and	1	NA
19	359	so	1	NA
19	360	is	1	NA
19	361	very	1	NA
19	362	expensive,”	4	NA
19	363	said	1	NA
19	364	Provatas	3	he,
19	365	Costas,	3	he,
19	366	a	1	he.
19	367	58-year-old	5	he.
19	368	fisherman.	2	he.
19	369	Things	1	NA
19	370	are	1	NA
19	371	also	1	NA
19	372	difficult	1	NA
19	373	for	1	NA
19	374	the	1	it,
19	375	island	1	it,
19	376	of	1	it,
19	377	Lemnos,	3	it,
19	378	the	1	it.
19	379	closest	1	it.
19	380	large	1	it.
19	381	neighbor	1	it.
19	382	of	1	it.
19	383	Agios	2	it.
19	384	Efstratios.	6	it.
19	385	People	1	NA
19	386	saw	1	NA
19	387	the	1	them
19	388	islands	1	them
19	389	as	1	NA
19	390	remote	1	NA
19	391	for	1	NA
19	392	years	1	NA
19	393	partly	1	NA
19	394	because	1	NA
19	395	the	1	NA
19	396	only	1	NA
19	397	way	1	NA
19	398	to	1	NA
19	399	get	1	NA
19	400	there	1	NA
19	401	was	1	NA
19	402	by	1	NA
19	403	slow	1	NA
19	404	and	1	NA
19	405	unreliable	1	NA
19	406	ferries.	3	NA
19	407	In	1	NA
19	408	2015,	2	it,
19	409	they	1	they
19	410	finally	1	they
19	411	had	1	they
19	412	new,	2	they
19	413	efficient	1	they
19	414	ferries	2	they
19	415	and	1	NA
19	416	this	1	NA
19	417	brought	1	NA
19	418	many	1	NA
19	419	new	1	NA
19	420	visitors	1	NA
19	421	to	1	NA
19	422	explore	1	NA
19	423	these	1	them.
19	424	islands.	2	them.
19	425	But,	2	NA
19	426	then,	2	NA
19	427	the	1	NA
19	428	bank	1	NA
19	429	controls	1	NA
19	430	began.	2	NA
19	431	“This	3	“It
19	432	season	1	“It
19	433	started	1	NA
19	434	as	1	NA
19	435	the	1	it
19	436	best	1	it
19	437	season	1	it
19	438	in	1	it
19	439	30	1	it
19	440	years	1	it
19	441	and,	2	NA
19	442	in	1	NA
19	443	one	1	NA
19	444	week,	2	NA
19	445	it	1	NA
19	446	became	1	NA
19	447	the	1	NA
19	448	worst,”	4	NA
19	449	said	1	NA
19	450	Atzamis	4	he,
19	451	Konstantinos,	4	he,
19	452	a	1	he.
19	453	travel	1	he.
19	454	agent	1	he.
19	455	in	1	he.
19	456	Lemnos.	3	he.
19	457	Lemnos	2	It
19	458	has	1	NA
19	459	wild	1	NA
19	460	beaches,	2	NA
19	461	where	1	NA
19	462	you	1	NA
19	463	can	1	NA
19	464	swim	1	NA
19	465	and	1	NA
19	466	sunbathe	3	NA
19	467	almost	1	NA
19	468	alone,	2	NA
19	469	a	1	NA
19	470	small	1	NA
19	471	nightlife	2	NA
19	472	scene	1	NA
19	473	and	1	NA
19	474	many	1	NA
19	475	cultural	1	NA
19	476	sites.	2	NA
19	477	Lemnos	2	It
19	478	is	1	NA
19	479	the	1	it
19	480	eighth	1	it
19	481	largest	1	it
19	482	island	1	it
19	483	in	1	it
19	484	Greece	1	it
19	485	so	1	NA
19	486	it	1	NA
19	487	will	1	NA
19	488	have	1	NA
19	489	to	1	NA
19	490	pay	1	NA
19	491	the	1	NA
19	492	first	1	NA
19	493	round	1	NA
19	494	of	1	NA
19	495	tax	1	NA
19	496	increases	1	NA
19	497	in	1	NA
19	498	autumn	1	NA
19	499	2015.	2	it.
19	500	But	1	NA
19	501	Lemnos	2	it
19	502	is	1	NA
19	503	far	1	NA
19	504	less	1	NA
19	505	wealthy	1	NA
19	506	than	1	NA
19	507	many	1	NA
19	508	smaller	1	NA
19	509	islands.	2	NA
19	510	It	1	NA
19	511	has	1	NA
19	512	just	1	NA
19	513	over	1	NA
19	514	3,000	3	NA
19	515	beds	1	NA
19	516	for	1	NA
19	517	visitors	1	NA
19	518	–	1	NA
19	519	Rhodes,	2	NA
19	520	for	1	NA
19	521	example,	2	NA
19	522	has	1	NA
19	523	tens	1	NA
19	524	of	1	NA
19	525	thousands	1	NA
19	526	of	1	NA
19	527	beds.	2	NA
19	528	“We	3	NA
19	529	have	1	NA
19	530	been	1	NA
19	531	suffering	1	NA
19	532	economically	1	NA
19	533	in	1	NA
19	534	recent	1	NA
19	535	years	1	NA
19	536	and	1	NA
19	537	now	1	NA
19	538	we	1	NA
19	539	will	1	NA
19	540	suffer	1	NA
19	541	more,”	4	NA
19	542	said	1	NA
19	543	Lemnos	2	he,
19	544	Mayor,	2	he,
19	545	Dimitris	3	he.
19	546	Marinakis.	3	he.
19	547	If	1	NA
19	548	taxes	1	NA
19	549	go	1	NA
19	550	up,	2	NA
19	551	more	1	NA
19	552	young	1	NA
19	553	people	1	NA
19	554	will	1	NA
19	555	leave,	2	NA
19	556	warns	1	NA
19	557	Mayor	1	he.
19	558	Kakali.	3	he.
19	559	Because	1	NA
19	560	it	1	NA
19	561	is	1	NA
19	562	one	1	it,
19	563	of	1	it,
19	564	the	1	it,
19	565	smallest	1	it,
19	566	islands,	2	it,
19	567	Agios	2	it
19	568	Efstratios	5	it
19	569	will	1	NA
19	570	not	1	NA
19	571	have	1	NA
19	572	to	1	NA
19	573	pay	1	NA
19	574	the	1	it
19	575	tax	1	it
19	576	increase	1	it
19	577	until	1	NA
19	578	2017.	2	it.
19	579	And	1	NA
19	580	Kakali	2	he
19	581	hopes	1	NA
19	582	the	1	NA
19	583	political	1	NA
19	584	situation	1	NA
19	585	in	1	NA
19	586	Greece	1	it
19	587	will	1	NA
19	588	change	1	NA
19	589	before	1	NA
19	590	then.	2	NA
19	591	But,	2	NA
19	592	if	1	NA
19	593	not,	2	NA
19	594	she	1	NA
19	595	plans	1	NA
19	596	to	1	NA
19	597	travel	1	NA
19	598	to	1	NA
19	599	Athens	1	it
19	600	to	1	NA
19	601	remind	1	NA
19	602	the	1	it
19	603	distant	1	it
19	604	government	1	it
19	605	what	1	NA
19	606	the	1	it
19	607	tax	1	it
19	608	rise	1	it
19	609	would	1	NA
19	610	cost.	2	NA
19	611	“The	3	“It
19	612	government	1	“It
19	613	doesn't	2	NA
19	614	pay	1	NA
19	615	much	1	NA
19	616	attention	1	NA
19	617	to	1	NA
19	618	the	1	them,”
19	619	islands	1	them,”
19	620	of	1	them,”
19	621	the	1	them,”
19	622	north	1	them,”
19	623	Aegean,”	6	them,”
19	624	she	1	NA
19	625	said,	2	NA
19	626	“so	3	NA
19	627	I	1	NA
19	628	would	1	NA
19	629	take	1	NA
19	630	all	1	them
19	631	the	1	them
19	632	kids	1	them
19	633	from	1	them
19	634	our	1	them
19	635	school	1	them
19	636	to	1	NA
19	637	the	1	NA
19	638	gates	1	NA
19	639	of	1	NA
19	640	parliament,	2	NA
19	641	to	1	NA
19	642	tell	1	NA
19	643	them:	2	NA
19	644	‘There	3	NA
19	645	is	1	NA
19	646	still	1	NA
19	647	life	1	NA
19	648	in	1	NA
19	649	these	1	them'.”
19	650	islands'.”	4	them'.”
20	0	There	1	NA
20	1	are	1	NA
20	2	approximately	1	NA
20	3	50,000	3	NA
20	4	mystery	1	NA
20	5	shopping	1	NA
20	6	trips	1	NA
20	7	carried	1	NA
20	8	out	1	NA
20	9	every	1	NA
20	10	month	1	NA
20	11	in	1	NA
20	12	the	1	it,
20	13	UK,	2	it,
20	14	according	1	NA
20	15	to	1	NA
20	16	the	1	NA
20	17	Mystery	1	NA
20	18	Shopping	1	NA
20	19	Providers	2	NA
20	20	Association,	2	NA
20	21	and,	2	NA
20	22	because	1	NA
20	23	more	1	NA
20	24	and	1	NA
20	25	more	1	NA
20	26	spending	1	NA
20	27	takes	1	NA
20	28	place	1	NA
20	29	online,	2	NA
20	30	the	1	NA
20	31	demand	1	NA
20	32	for	1	NA
20	33	mystery	1	them
20	34	shoppers	1	them
20	35	is	1	NA
20	36	growing.	2	NA
20	37	Mystery	1	They
20	38	shoppers	1	They
20	39	pretend	1	NA
20	40	to	1	NA
20	41	be	1	NA
20	42	a	1	NA
20	43	customer	1	NA
20	44	in	1	NA
20	45	a	1	it
20	46	store	1	it
20	47	but	1	NA
20	48	they	1	NA
20	49	are	1	NA
20	50	really	1	NA
20	51	collecting	1	NA
20	52	information	1	NA
20	53	on	1	NA
20	54	how	1	NA
20	55	good	1	NA
20	56	or	1	NA
20	57	bad	1	NA
20	58	its	1	NA
20	59	service	1	NA
20	60	is.	2	NA
20	61	“Retailers	5	NA
20	62	are	1	NA
20	63	becoming	1	NA
20	64	increasingly	1	NA
20	65	aware	1	NA
20	66	that	1	NA
20	67	shoppers	1	they
20	68	who	1	they
20	69	are	1	they
20	70	prepared	1	they
20	71	to	1	they
20	72	set	1	they
20	73	foot	1	they
20	74	in	1	they
20	75	a	1	they
20	76	physical	1	they
20	77	store	1	they
20	78	want	1	NA
20	79	a	1	NA
20	80	service	1	NA
20	81	and	1	NA
20	82	an	1	NA
20	83	experience	1	NA
20	84	they	1	NA
20	85	can't	2	NA
20	86	get	1	NA
20	87	online,”	4	NA
20	88	says	1	NA
20	89	Simon	1	NA
20	90	Boydell,	3	NA
20	91	spokesman	1	NA
20	92	for	1	NA
20	93	Marketforce,	3	it.
20	94	which	1	it.
20	95	has	1	it.
20	96	more	1	it.
20	97	than	1	it.
20	98	300,000	3	it.
20	99	mystery	1	it.
20	100	shoppers	1	it.
20	101	on	1	it.
20	102	its	1	it.
20	103	books.	2	it.
20	104	“Our	3	“They
20	105	clients	1	“They
20	106	want	1	NA
20	107	to	1	NA
20	108	measure	1	NA
20	109	how	1	NA
20	110	well	1	NA
20	111	their	1	NA
20	112	stores	1	NA
20	113	are	1	NA
20	114	delivering	1	NA
20	115	on	1	NA
20	116	that	1	NA
20	117	experience.”	4	NA
20	118	“We	3	NA
20	119	assign	1	NA
20	120	different	1	NA
20	121	store	1	NA
20	122	locations	1	NA
20	123	to	1	NA
20	124	each	1	them
20	125	shopper	2	them
20	126	and	1	NA
20	127	rotate	1	NA
20	128	them	1	NA
20	129	so	1	NA
20	130	that	1	NA
20	131	they	1	NA
20	132	never	1	NA
20	133	go	1	NA
20	134	back	1	NA
20	135	to	1	NA
20	136	the	1	NA
20	137	same	1	NA
20	138	shop	1	NA
20	139	within	1	NA
20	140	three	1	NA
20	141	months,”	4	NA
20	142	says	1	NA
20	143	Jill	1	NA
20	144	Spencer	1	NA
20	145	of	1	NA
20	146	mystery	1	it.
20	147	shopping	1	it.
20	148	company	1	it.
20	149	ABa.	3	it.
20	150	“Each	3	NA
20	151	day,	2	NA
20	152	they	1	they.”
20	153	typically	1	they.”
20	154	spend	1	they.”
20	155	up	1	they.”
20	156	to	1	they.”
20	157	eight	1	they.”
20	158	hours	1	they.”
20	159	visiting	1	they.”
20	160	five	1	they.”
20	161	to	1	they.”
20	162	ten	1	they.”
20	163	stores,	2	they.”
20	164	plus	1	they.”
20	165	another	1	they.”
20	166	hour	1	they.”
20	167	or	1	they.”
20	168	two	1	they.”
20	169	filing	1	they.”
20	170	detailed	1	they.”
20	171	reports	1	they.”
20	172	on	1	they.”
20	173	every	1	they.”
20	174	aspect	1	they.”
20	175	of	1	they.”
20	176	their	1	they.”
20	177	visit.”	4	they.”
20	178	For	1	NA
20	179	that,	2	NA
20	180	the	1	they
20	181	mystery	1	they
20	182	shoppers	1	they
20	183	can	1	NA
20	184	earn	1	NA
20	185	up	1	NA
20	186	to	1	NA
20	187	£155	2	NA
20	188	a	1	NA
20	189	day.	2	NA
20	190	They	1	NA
20	191	are	1	NA
20	192	also	1	NA
20	193	reimbursed	2	NA
20	194	for	1	NA
20	195	their	1	NA
20	196	gasoline	1	NA
20	197	and	1	NA
20	198	hotel	1	NA
20	199	stays,	2	NA
20	200	and	1	NA
20	201	compensated	1	NA
20	202	for	1	NA
20	203	their	1	NA
20	204	car	1	NA
20	205	depreciation	1	NA
20	206	(the	2	(they
20	207	shoppers	1	(they
20	208	can	1	NA
20	209	be	1	NA
20	210	expected	1	NA
20	211	to	1	NA
20	212	drive	1	NA
20	213	as	1	NA
20	214	many	1	NA
20	215	as	1	NA
20	216	20,000	3	NA
20	217	miles	1	NA
20	218	a	1	NA
20	219	year).	2	NA
20	220	Meanwhile,	2	NA
20	221	video	1	NA
20	222	mystery	1	NA
20	223	shoppers,	2	NA
20	224	who	1	NA
20	225	film	1	NA
20	226	their	1	NA
20	227	visits	1	NA
20	228	with	1	NA
20	229	a	1	NA
20	230	hidden	1	NA
20	231	camera	1	NA
20	232	planted	1	NA
20	233	in	1	NA
20	234	a	1	NA
20	235	buttonhole	2	NA
20	236	or	1	NA
20	237	handbag,	3	NA
20	238	can	1	NA
20	239	earn	1	NA
20	240	even	1	NA
20	241	more	1	NA
20	242	–	1	NA
20	243	around	1	NA
20	244	£300	2	NA
20	245	a	1	NA
20	246	day.	2	NA
20	247	Shoppers	2	They
20	248	are	1	NA
20	249	usually	1	NA
20	250	repaid	1	NA
20	251	any	1	NA
20	252	money	1	NA
20	253	they	1	NA
20	254	spend	1	NA
20	255	in	1	NA
20	256	the	1	NA
20	257	stores.	2	NA
20	258	“I'm	4	NA
20	259	typically	1	NA
20	260	given	1	NA
20	261	between	1	NA
20	262	£5	2	NA
20	263	and	1	NA
20	264	£20	2	NA
20	265	to	1	NA
20	266	spend	1	NA
20	267	at	1	NA
20	268	each	1	NA
20	269	store,	2	NA
20	270	to	1	NA
20	271	assess	1	NA
20	272	the	1	NA
20	273	service	1	NA
20	274	I	1	NA
20	275	receive	1	NA
20	276	at	1	NA
20	277	the	1	NA
20	278	counter,”	4	NA
20	279	says	1	NA
20	280	Laura,	2	she,
20	281	a	1	she,
20	282	50-year-old	5	she,
20	283	mystery	1	she,
20	284	shopper	2	she,
20	285	from	1	she,
20	286	Devon,	2	she,
20	287	who	1	NA
20	288	has	1	NA
20	289	been	1	NA
20	290	paid	1	NA
20	291	to	1	NA
20	292	visit	1	NA
20	293	around	1	NA
20	294	7,000	3	NA
20	295	shops	1	NA
20	296	since	1	NA
20	297	2001.	2	NA
20	298	The	1	NA
20	299	purchase	1	NA
20	300	usually	1	NA
20	301	has	1	NA
20	302	to	1	NA
20	303	be	1	NA
20	304	related	1	NA
20	305	to	1	NA
20	306	a	1	NA
20	307	service	1	NA
20	308	or	1	NA
20	309	a	1	NA
20	310	type	1	NA
20	311	of	1	NA
20	312	product	1	NA
20	313	that	1	NA
20	314	the	1	NA
20	315	retailer	1	NA
20	316	wants	1	NA
20	317	her	1	NA
20	318	to	1	NA
20	319	check.	2	NA
20	320	“I'm	4	NA
20	321	always	1	NA
20	322	given	1	NA
20	323	a	1	it,
20	324	scenario,	2	it,
20	325	such	1	it,
20	326	as	1	it,
20	327	buying	1	it,
20	328	something	1	it,
20	329	from	1	it,
20	330	a	1	it,
20	331	specific	1	it,
20	332	department	1	it,
20	333	or	1	it,
20	334	a	1	it,
20	335	new	1	it,
20	336	product	1	it,
20	337	range,	2	it,
20	338	but,	2	NA
20	339	within	1	NA
20	340	that	1	it,
20	341	framework,	2	it,
20	342	I	1	NA
20	343	can	1	NA
20	344	often	1	NA
20	345	buy	1	NA
20	346	whatever	1	it
20	347	I	1	it
20	348	want	1	it
20	349	–	1	NA
20	350	and	1	NA
20	351	keep	1	NA
20	352	it.”	4	NA
20	353	Like	1	NA
20	354	most	1	NA
20	355	full-time	3	NA
20	356	mystery	1	NA
20	357	shoppers,	2	NA
20	358	Laura	1	she
20	359	is	1	NA
20	360	self-employed,	4	NA
20	361	taking	1	NA
20	362	jobs	1	them
20	363	from	1	NA
20	364	ABa	2	it
20	365	and	1	NA
20	366	other	1	NA
20	367	mystery	1	NA
20	368	shopping	1	NA
20	369	companies	1	NA
20	370	as	1	NA
20	371	and	1	NA
20	372	when	1	NA
20	373	they	1	NA
20	374	come	1	NA
20	375	up.	2	NA
20	376	Her	1	It
20	377	income	1	It
20	378	is	1	NA
20	379	typically	1	NA
20	380	£30,000	4	£it
20	381	to	1	£it
20	382	£40,000	4	£it
20	383	a	1	NA
20	384	year	1	NA
20	385	and	1	NA
20	386	that	1	NA
20	387	doesn't	2	NA
20	388	include	1	NA
20	389	all	1	them.
20	390	the	1	them.
20	391	freebies	2	them.
20	392	she	1	them.
20	393	gets	1	them.
20	394	on	1	them.
20	395	the	1	them.
20	396	job.	2	them.
20	397	“With	3	NA
20	398	the	1	them,
20	399	perks,	2	them,
20	400	it's	2	NA
20	401	enough	1	NA
20	402	to	1	NA
20	403	live	1	NA
20	404	on.	2	NA
20	405	But	1	NA
20	406	I	1	NA
20	407	don't	2	NA
20	408	do	1	NA
20	409	it	1	NA
20	410	because	1	NA
20	411	I	1	NA
20	412	love	1	NA
20	413	shopping.	2	NA
20	414	In	1	NA
20	415	fact,	2	NA
20	416	I	1	NA
20	417	hate	1	NA
20	418	shopping	1	NA
20	419	now.	2	NA
20	420	When	1	NA
20	421	I'm	2	NA
20	422	not	1	NA
20	423	working,	2	NA
20	424	it	1	NA
20	425	pains	1	NA
20	426	me	1	NA
20	427	to	1	it.”
20	428	have	1	it.”
20	429	to	1	it.”
20	430	go	1	it.”
20	431	out	1	it.”
20	432	and	1	it.”
20	433	buy	1	it.”
20	434	a	1	it.”
20	435	pint	1	it.”
20	436	of	1	it.”
20	437	milk.”	4	it.”
20	438	She	1	NA
20	439	does,	2	NA
20	440	however,	2	NA
20	441	find	1	NA
20	442	it	1	NA
20	443	satisfying	1	NA
20	444	to	1	it.
20	445	return	1	it.
20	446	to	1	it.
20	447	a	1	it.
20	448	store	1	it.
20	449	she	1	it.
20	450	has	1	it.
20	451	previously	1	it.
20	452	mystery	1	it.
20	453	shopped	2	it.
20	454	and	1	it.
20	455	see	1	it.
20	456	standards	1	it.
20	457	have	1	it.
20	458	improved.	2	it.
20	459	“I	3	NA
20	460	know	1	NA
20	461	it	1	NA
20	462	must	1	NA
20	463	be	1	NA
20	464	because	1	NA
20	465	of	1	NA
20	466	my	1	my
20	467	feedback	1	my
20	468	or	1	NA
20	469	why	1	NA
20	470	would	1	NA
20	471	they	1	NA
20	472	pay	1	NA
20	473	me	1	NA
20	474	to	1	NA
20	475	give	1	NA
20	476	it?	2	NA
20	477	Some	1	it
20	478	of	1	it
20	479	the	1	it
20	480	retailers	1	it
20	481	I	1	it
20	482	shop	1	it
20	483	at	1	it
20	484	win	1	it
20	485	awards	1	it
20	486	for	1	it
20	487	customer	1	it
20	488	service	1	it
20	489	and	1	NA
20	490	I	1	NA
20	491	think	1	NA
20	492	that	1	NA
20	493	is	1	NA
20	494	down	1	NA
20	495	to	1	NA
20	496	us	1	NA
20	497	mystery	1	NA
20	498	shoppers.	2	NA
20	499	I	1	NA
20	500	feel	1	NA
20	501	I'm	2	NA
20	502	not	1	NA
20	503	just	1	NA
20	504	doing	1	NA
20	505	a	1	NA
20	506	service	1	NA
20	507	to	1	NA
20	508	my	1	NA
20	509	company;	2	NA
20	510	I'm	2	NA
20	511	doing	1	NA
20	512	a	1	it
20	513	service	1	it
20	514	to	1	NA
20	515	all	1	NA
20	516	shoppers	1	NA
20	517	everywhere.”	4	NA
20	518	It's	2	NA
20	519	estimated	1	NA
20	520	that	1	NA
20	521	more	1	NA
20	522	than	1	NA
20	523	500,000	3	NA
20	524	people	1	NA
20	525	have	1	NA
20	526	registered	1	NA
20	527	as	1	NA
20	528	mystery	1	NA
20	529	shoppers	1	NA
20	530	in	1	NA
20	531	the	1	it,
20	532	UK,	2	it,
20	533	but	1	NA
20	534	just	1	they
20	535	10%	2	they
20	536	or	1	they
20	537	less	1	they
20	538	manage	1	they
20	539	to	1	they
20	540	get	1	they
20	541	regular	1	they
20	542	work	1	they
20	543	each	1	they
20	544	month	1	they
20	545	and	1	NA
20	546	this	1	NA
20	547	has	1	NA
20	548	led	1	NA
20	549	to	1	NA
20	550	a	1	NA
20	551	dramatic	1	NA
20	552	reduction	1	NA
20	553	in	1	NA
20	554	compensation.	2	NA
20	555	“Where	3	NA
20	556	once	1	NA
20	557	you	1	NA
20	558	got	1	NA
20	559	a	1	NA
20	560	fee,	2	NA
20	561	reimbursement	1	NA
20	562	for	1	NA
20	563	your	1	NA
20	564	purchase	1	NA
20	565	and	1	NA
20	566	mileage,	2	NA
20	567	you	1	NA
20	568	now	1	NA
20	569	often	1	NA
20	570	just	1	NA
20	571	receive	1	NA
20	572	a	1	NA
20	573	contribution	1	NA
20	574	towards	1	NA
20	575	a	1	NA
20	576	purchase,”	4	NA
20	577	says	1	NA
20	578	Val,	2	she,
20	579	a	1	she.
20	580	51-year-old	5	she.
20	581	former	1	she.
20	582	mystery	1	she.
20	583	shopper.	3	she.
20	584	Nowadays,	3	NA
20	585	mystery	1	they
20	586	shopping	1	they
20	587	companies	1	they
20	588	mostly	1	NA
20	589	rely	1	NA
20	590	on	1	NA
20	591	the	1	NA
20	592	promise	1	NA
20	593	of	1	NA
20	594	freebies	2	NA
20	595	to	1	NA
20	596	incentivize	2	NA
20	597	their	1	NA
20	598	workers.	2	NA
20	599	“Marketforce	4	“They
20	600	shoppers	1	“They
20	601	typically	1	NA
20	602	get	1	NA
20	603	a	1	NA
20	604	couple	1	NA
20	605	of	1	NA
20	606	pounds	1	NA
20	607	for	1	NA
20	608	a	1	NA
20	609	visit	1	NA
20	610	as	1	NA
20	611	a	1	NA
20	612	token	1	NA
20	613	gesture	1	NA
20	614	for	1	NA
20	615	their	1	NA
20	616	time	1	NA
20	617	and	1	NA
20	618	effort,”	4	NA
20	619	says	1	NA
20	620	Boydell.	3	NA
20	621	“At	3	NA
20	622	the	1	NA
20	623	most,	2	NA
20	624	we'll	2	NA
20	625	pay	1	NA
20	626	£15	2	NA
20	627	to	1	NA
20	628	£25	2	NA
20	629	plus	1	NA
20	630	reimbursement	1	NA
20	631	for	1	NA
20	632	expenses,	2	NA
20	633	such	1	NA
20	634	as	1	NA
20	635	a	1	NA
20	636	meal	1	NA
20	637	for	1	NA
20	638	two	1	NA
20	639	or	1	NA
20	640	a	1	NA
20	641	hotel	1	NA
20	642	stay.	2	NA
20	643	We	1	NA
20	644	don't	2	NA
20	645	directly	1	NA
20	646	employ	1	NA
20	647	any	1	them
20	648	shoppers	1	them
20	649	so	1	NA
20	650	we	1	NA
20	651	don't	2	NA
20	652	have	1	NA
20	653	to	1	NA
20	654	pay	1	NA
20	655	them	1	NA
20	656	the	1	NA
20	657	minimum	1	NA
20	658	wage.”	4	NA
20	659	Hannah,	2	she,
20	660	a	1	she,
20	661	41-year-old	5	she,
20	662	City	1	she,
20	663	lawyer,	2	she,
20	664	has	1	NA
20	665	conducted	1	NA
20	666	nearly	1	NA
20	667	500	1	NA
20	668	visits	1	NA
20	669	for	1	NA
20	670	the	1	NA
20	671	Mystery	1	NA
20	672	Dining	2	NA
20	673	Company	1	NA
20	674	in	1	NA
20	675	her	1	NA
20	676	spare	1	NA
20	677	time	1	NA
20	678	without	1	NA
20	679	receiving	1	NA
20	680	remuneration	3	NA
20	681	or	1	NA
20	682	travel	1	NA
20	683	expenses.	2	NA
20	684	As	1	NA
20	685	a	1	it”,
20	686	prestigious	1	it”,
20	687	“platinum	4	it”,
20	688	diner”,	4	it”,
20	689	she	1	NA
20	690	is	1	NA
20	691	regularly	1	NA
20	692	hand-picked	3	NA
20	693	by	1	NA
20	694	the	1	it
20	695	Mystery	1	it
20	696	Dining	2	it
20	697	Company	1	it
20	698	to	1	NA
20	699	carry	1	NA
20	700	out	1	NA
20	701	their	1	NA
20	702	most	1	NA
20	703	exclusive	1	NA
20	704	assignments,	2	NA
20	705	enjoying	1	NA
20	706	£200	2	NA
20	707	meals	1	NA
20	708	at	1	NA
20	709	Michelin-starred	5	NA
20	710	Mayfair	2	NA
20	711	restaurants	1	NA
20	712	and	1	NA
20	713	overnight	1	NA
20	714	stays	1	NA
20	715	at	1	NA
20	716	boutique	1	NA
20	717	hotels.	2	NA
20	718	But	1	NA
20	719	there's	2	NA
20	720	no	1	NA
20	721	such	1	NA
20	722	thing	1	NA
20	723	as	1	NA
20	724	a	1	NA
20	725	free	1	NA
20	726	lunch,	2	NA
20	727	even	1	NA
20	728	if	1	NA
20	729	you	1	NA
20	730	work	1	NA
20	731	for	1	NA
20	732	a	1	it.
20	733	mystery	1	it.
20	734	dining	1	it.
20	735	company.	2	it.
20	736	Hannah	1	She
20	737	says	1	NA
20	738	she	1	NA
20	739	typically	1	NA
20	740	spends	1	NA
20	741	two	1	NA
20	742	to	1	NA
20	743	four	1	NA
20	744	hours	1	NA
20	745	after	1	NA
20	746	each	1	NA
20	747	visit	1	NA
20	748	writing	1	NA
20	749	detailed	1	NA
20	750	reports	1	NA
20	751	on	1	NA
20	752	everything	1	it.
20	753	from	1	it.
20	754	the	1	it.
20	755	quality	1	it.
20	756	of	1	it.
20	757	the	1	it.
20	758	food	1	it.
20	759	to	1	it.
20	760	specific	1	it.
20	761	interactions	1	it.
20	762	with	1	it.
20	763	staff,	2	it.
20	764	whom	1	it.
20	765	she	1	it.
20	766	always	1	it.
20	767	needs	1	it.
20	768	to	1	it.
20	769	be	1	it.
20	770	able	1	it.
20	771	to	1	it.
20	772	name	1	it.
20	773	or	1	it.
20	774	“subtly”	7	it.
20	775	describe.	2	it.
20	776	Trickiest	2	NA
20	777	of	1	NA
20	778	all,	2	NA
20	779	she	1	NA
20	780	must	1	NA
20	781	memorize	2	NA
20	782	all	1	them
20	783	these	1	them
20	784	details	1	them
20	785	while	1	NA
20	786	eating	1	NA
20	787	her	1	NA
20	788	meal	1	NA
20	789	–	1	NA
20	790	unable,	2	NA
20	791	of	1	NA
20	792	course,	2	NA
20	793	to	1	NA
20	794	openly	1	NA
20	795	write	1	NA
20	796	anything	1	NA
20	797	down.	2	NA
21	0	There	1	NA
21	1	are	1	NA
21	2	about	1	NA
21	3	50,000	3	NA
21	4	mystery	1	its
21	5	shopping	1	its
21	6	trips	1	NA
21	7	every	1	NA
21	8	month	1	NA
21	9	in	1	NA
21	10	the	1	its,
21	11	UK,	2	its,
21	12	according	1	NA
21	13	to	1	NA
21	14	the	1	NA
21	15	Mystery	1	its
21	16	Shopping	1	its
21	17	Providers	2	NA
21	18	Association.	2	NA
21	19	Mystery	1	They
21	20	shoppers	1	They
21	21	pretend	1	NA
21	22	to	1	NA
21	23	be	1	NA
21	24	a	1	NA
21	25	customer	1	NA
21	26	in	1	NA
21	27	a	1	it
21	28	store	1	it
21	29	but	1	NA
21	30	they	1	NA
21	31	are	1	NA
21	32	really	1	NA
21	33	collecting	1	NA
21	34	information	1	NA
21	35	on	1	NA
21	36	how	1	NA
21	37	good	1	NA
21	38	or	1	NA
21	39	bad	1	NA
21	40	its	1	NA
21	41	service	1	NA
21	42	is.	2	NA
21	43	The	1	NA
21	44	demand	1	NA
21	45	for	1	NA
21	46	mystery	1	them
21	47	shoppers	1	them
21	48	is	1	NA
21	49	growing	1	NA
21	50	because	1	NA
21	51	online	1	NA
21	52	shopping	1	NA
21	53	is	1	NA
21	54	becoming	1	NA
21	55	more	1	NA
21	56	popular.	2	NA
21	57	“Retailers	5	NA
21	58	are	1	NA
21	59	becoming	1	NA
21	60	increasingly	1	NA
21	61	aware	1	NA
21	62	that	1	NA
21	63	shoppers	1	they
21	64	who	1	they
21	65	visit	1	they
21	66	a	1	they
21	67	physical	1	they
21	68	store	1	they
21	69	want	1	NA
21	70	a	1	NA
21	71	service	1	NA
21	72	and	1	NA
21	73	an	1	it,”
21	74	experience	1	it,”
21	75	they	1	it,”
21	76	can't	2	it,”
21	77	get	1	it,”
21	78	online,”	4	it,”
21	79	says	1	NA
21	80	Simon	1	he,
21	81	Boydell,	3	he,
21	82	spokesman	1	he.
21	83	for	1	he.
21	84	Marketforce,	3	he.
21	85	which	1	he.
21	86	has	1	he.
21	87	more	1	he.
21	88	than	1	he.
21	89	300,000	3	he.
21	90	mystery	1	he.
21	91	shoppers.	2	he.
21	92	“Our	3	“Our
21	93	clients	1	“Our
21	94	want	1	NA
21	95	to	1	NA
21	96	know	1	NA
21	97	how	1	NA
21	98	well	1	NA
21	99	their	1	NA
21	100	stores	1	NA
21	101	are	1	NA
21	102	delivering	1	NA
21	103	on	1	NA
21	104	that	1	it.”
21	105	experience.”	4	it.”
21	106	“We	3	NA
21	107	assign	1	NA
21	108	different	1	NA
21	109	store	1	NA
21	110	locations	1	NA
21	111	to	1	NA
21	112	each	1	them
21	113	shopper	2	them
21	114	and	1	NA
21	115	rotate	1	NA
21	116	them	1	NA
21	117	so	1	NA
21	118	that	1	NA
21	119	they	1	NA
21	120	never	1	NA
21	121	go	1	NA
21	122	back	1	NA
21	123	to	1	NA
21	124	the	1	NA
21	125	same	1	NA
21	126	shop	1	NA
21	127	within	1	NA
21	128	three	1	NA
21	129	months,”	4	NA
21	130	says	1	NA
21	131	Jill	1	NA
21	132	Spencer	1	NA
21	133	of	1	NA
21	134	mystery	1	NA
21	135	shopping	1	NA
21	136	company	1	NA
21	137	ABa.	3	NA
21	138	“Each	3	NA
21	139	day,	2	NA
21	140	they	1	they,
21	141	spend	1	they,
21	142	up	1	they,
21	143	to	1	they,
21	144	eight	1	they,
21	145	hours	1	they,
21	146	visiting	1	they,
21	147	five	1	they,
21	148	to	1	they,
21	149	ten	1	they,
21	150	stores,	2	they,
21	151	plus	1	NA
21	152	another	1	NA
21	153	hour	1	NA
21	154	or	1	NA
21	155	two	1	NA
21	156	writing	1	NA
21	157	detailed	1	NA
21	158	reports	1	NA
21	159	on	1	NA
21	160	every	1	NA
21	161	part	1	NA
21	162	of	1	NA
21	163	their	1	NA
21	164	visit.”	4	NA
21	165	For	1	NA
21	166	that,	2	NA
21	167	the	1	they
21	168	mystery	1	they
21	169	shoppers	1	they
21	170	can	1	NA
21	171	earn	1	NA
21	172	up	1	NA
21	173	to	1	NA
21	174	£155	2	NA
21	175	a	1	NA
21	176	day.	2	NA
21	177	Their	1	NA
21	178	expenses	1	NA
21	179	are	1	NA
21	180	also	1	NA
21	181	paid.	2	NA
21	182	Mystery	1	NA
21	183	shoppers	1	NA
21	184	who	1	NA
21	185	film	1	NA
21	186	their	1	NA
21	187	visits	1	NA
21	188	with	1	NA
21	189	a	1	NA
21	190	hidden	1	NA
21	191	camera	1	NA
21	192	can	1	NA
21	193	earn	1	NA
21	194	even	1	NA
21	195	more	1	NA
21	196	–	1	NA
21	197	around	1	NA
21	198	£300	2	NA
21	199	a	1	NA
21	200	day.	2	NA
21	201	Mystery	1	They
21	202	shoppers	1	They
21	203	are	1	NA
21	204	usually	1	NA
21	205	repaid	1	NA
21	206	any	1	NA
21	207	money	1	NA
21	208	they	1	NA
21	209	spend	1	NA
21	210	in	1	NA
21	211	the	1	NA
21	212	stores.	2	NA
21	213	”They	3	NA
21	214	usually	1	NA
21	215	give	1	NA
21	216	me	1	NA
21	217	between	1	NA
21	218	£5	2	NA
21	219	and	1	NA
21	220	£20	2	NA
21	221	to	1	NA
21	222	spend	1	NA
21	223	at	1	NA
21	224	each	1	NA
21	225	store,	2	NA
21	226	to	1	NA
21	227	check	1	NA
21	228	the	1	NA
21	229	service	1	NA
21	230	I	1	NA
21	231	receive	1	NA
21	232	at	1	NA
21	233	the	1	NA
21	234	counter,”	4	NA
21	235	says	1	NA
21	236	mystery	1	NA
21	237	shopper	2	NA
21	238	Laura.	2	NA
21	239	“I'm	4	NA
21	240	always	1	NA
21	241	given	1	NA
21	242	a	1	it,
21	243	specific	1	it,
21	244	task,	2	it,
21	245	such	1	it,
21	246	as	1	it,
21	247	buying	1	it,
21	248	something	1	it,
21	249	from	1	it,
21	250	a	1	it,
21	251	specific	1	it,
21	252	department	1	it,
21	253	or	1	it,
21	254	a	1	it,
21	255	new	1	it,
21	256	product	1	it,
21	257	range,	2	it,
21	258	but	1	NA
21	259	within	1	NA
21	260	these	1	them,
21	261	limitations,	2	them,
21	262	I	1	NA
21	263	can	1	NA
21	264	often	1	NA
21	265	buy	1	NA
21	266	whatever	1	it
21	267	I	1	it
21	268	want	1	it
21	269	–	1	NA
21	270	and	1	NA
21	271	keep	1	NA
21	272	it.”	4	NA
21	273	Like	1	NA
21	274	most	1	NA
21	275	full-time	3	NA
21	276	mystery	1	NA
21	277	shoppers,	2	NA
21	278	Laura	1	she
21	279	is	1	NA
21	280	self-employed.	4	NA
21	281	She	1	NA
21	282	earns	1	NA
21	283	around	1	NA
21	284	£30,000	4	£it
21	285	to	1	£it
21	286	£40,000	4	£it
21	287	a	1	NA
21	288	year	1	NA
21	289	and	1	NA
21	290	that	1	NA
21	291	doesn't	2	NA
21	292	include	1	NA
21	293	all	1	NA
21	294	the	1	NA
21	295	freebies	2	NA
21	296	she	1	NA
21	297	gets	1	NA
21	298	on	1	NA
21	299	the	1	NA
21	300	job.	2	NA
21	301	“With	3	NA
21	302	the	1	NA
21	303	perks,	2	NA
21	304	it's	2	NA
21	305	enough	1	NA
21	306	to	1	NA
21	307	live	1	NA
21	308	on.”	4	NA
21	309	She	1	NA
21	310	finds	1	NA
21	311	it	1	NA
21	312	satisfying	1	NA
21	313	to	1	it
21	314	return	1	it
21	315	to	1	it
21	316	a	1	it
21	317	store	1	it
21	318	where	1	it
21	319	she	1	it
21	320	has	1	it
21	321	previously	1	it
21	322	been	1	it
21	323	a	1	it
21	324	mystery	1	it
21	325	shopper	2	it
21	326	and	1	NA
21	327	see	1	NA
21	328	standards	1	NA
21	329	have	1	NA
21	330	improved.	2	NA
21	331	“I	3	NA
21	332	know	1	NA
21	333	it	1	NA
21	334	must	1	NA
21	335	be	1	NA
21	336	because	1	NA
21	337	of	1	NA
21	338	my	1	it
21	339	feedback	1	it
21	340	or	1	NA
21	341	why	1	NA
21	342	would	1	NA
21	343	they	1	NA
21	344	pay	1	NA
21	345	me	1	NA
21	346	to	1	NA
21	347	give	1	NA
21	348	it?	2	NA
21	349	I	1	NA
21	350	feel	1	NA
21	351	I'm	2	NA
21	352	not	1	NA
21	353	just	1	NA
21	354	doing	1	NA
21	355	a	1	NA
21	356	service	1	NA
21	357	for	1	NA
21	358	my	1	NA
21	359	company;	2	NA
21	360	I'm	2	NA
21	361	doing	1	NA
21	362	a	1	NA
21	363	service	1	NA
21	364	for	1	NA
21	365	all	1	NA
21	366	shoppers	1	NA
21	367	everywhere.”	4	NA
21	368	More	1	NA
21	369	than	1	NA
21	370	500,000	3	NA
21	371	people	1	NA
21	372	have	1	NA
21	373	registered	1	NA
21	374	as	1	NA
21	375	mystery	1	NA
21	376	shoppers	1	NA
21	377	in	1	NA
21	378	the	1	it,
21	379	UK,	2	it,
21	380	but	1	NA
21	381	just	1	they.
21	382	10%	2	they.
21	383	or	1	they.
21	384	less	1	they.
21	385	get	1	they.
21	386	regular	1	they.
21	387	work	1	they.
21	388	each	1	they.
21	389	month.	2	they.
21	390	This	1	NA
21	391	has	1	NA
21	392	led	1	NA
21	393	to	1	NA
21	394	a	1	NA
21	395	dramatic	1	NA
21	396	reduction	1	NA
21	397	in	1	NA
21	398	payment.	2	it.
21	399	Before,	2	NA
21	400	people	1	NA
21	401	were	1	NA
21	402	paid	1	NA
21	403	and	1	NA
21	404	got	1	NA
21	405	travel	1	their,
21	406	expenses,	2	their,
21	407	but	1	NA
21	408	now	1	NA
21	409	“you	3	NA
21	410	often	1	NA
21	411	just	1	NA
21	412	receive	1	NA
21	413	some	1	NA
21	414	money	1	NA
21	415	towards	1	NA
21	416	a	1	NA
21	417	purchase,”	4	NA
21	418	says	1	NA
21	419	Val,	2	she,
21	420	a	1	she.
21	421	51-year-old	5	she.
21	422	former	1	she.
21	423	mystery	1	she.
21	424	shopper.	3	she.
21	425	Nowadays,	3	NA
21	426	mystery	1	NA
21	427	shopping	1	NA
21	428	companies	1	NA
21	429	mostly	1	NA
21	430	give	1	NA
21	431	freebies	2	NA
21	432	as	1	NA
21	433	an	1	NA
21	434	incentive.	2	NA
21	435	“Marketforce	4	“They
21	436	shoppers	1	“They
21	437	usually	1	NA
21	438	get	1	NA
21	439	a	1	NA
21	440	couple	1	NA
21	441	of	1	NA
21	442	pounds	1	NA
21	443	for	1	NA
21	444	a	1	NA
21	445	visit,	2	NA
21	446	for	1	NA
21	447	their	1	NA
21	448	time	1	NA
21	449	and	1	NA
21	450	effort,”	4	NA
21	451	says	1	NA
21	452	Boydell.	3	NA
21	453	“At	3	NA
21	454	the	1	NA
21	455	most,	2	NA
21	456	we'll	2	NA
21	457	pay	1	NA
21	458	£15	2	NA
21	459	to	1	NA
21	460	£25	2	NA
21	461	plus	1	NA
21	462	expenses	1	NA
21	463	for	1	NA
21	464	a	1	NA
21	465	meal	1	NA
21	466	for	1	NA
21	467	two	1	NA
21	468	or	1	NA
21	469	a	1	NA
21	470	hotel	1	NA
21	471	stay,	2	NA
21	472	for	1	NA
21	473	example.	2	NA
21	474	We	1	NA
21	475	don't	2	NA
21	476	directly	1	NA
21	477	employ	1	NA
21	478	any	1	them
21	479	shoppers	1	them
21	480	so	1	NA
21	481	we	1	NA
21	482	don't	2	NA
21	483	have	1	NA
21	484	to	1	NA
21	485	pay	1	NA
21	486	them	1	NA
21	487	the	1	NA
21	488	minimum	1	NA
21	489	wage.”	4	NA
21	490	Hannah,	2	she,
21	491	a	1	she,
21	492	41-year-old	5	she,
21	493	lawyer,	2	she,
21	494	has	1	NA
21	495	made	1	NA
21	496	nearly	1	NA
21	497	500	1	NA
21	498	visits	1	NA
21	499	for	1	NA
21	500	the	1	NA
21	501	Mystery	1	NA
21	502	Dining	2	NA
21	503	Company	1	NA
21	504	in	1	NA
21	505	her	1	NA
21	506	spare	1	NA
21	507	time	1	NA
21	508	without	1	NA
21	509	receiving	1	NA
21	510	pay	1	it
21	511	or	1	NA
21	512	travel	1	them.
21	513	expenses.	2	them.
21	514	She	1	NA
21	515	has	1	NA
21	516	enjoyed	1	NA
21	517	£200	2	NA
21	518	meals	1	NA
21	519	at	1	NA
21	520	Michelin-starred	5	NA
21	521	restaurants	1	NA
21	522	and	1	NA
21	523	overnight	1	NA
21	524	stays	1	NA
21	525	at	1	NA
21	526	expensive	1	NA
21	527	hotels.	2	NA
21	528	But,	2	NA
21	529	it	1	NA
21	530	can	1	NA
21	531	be	1	NA
21	532	hard	1	NA
21	533	work.	2	NA
21	534	Hannah	1	She
21	535	says	1	NA
21	536	she	1	NA
21	537	spends	1	NA
21	538	two	1	NA
21	539	to	1	NA
21	540	four	1	NA
21	541	hours	1	NA
21	542	after	1	NA
21	543	each	1	NA
21	544	visit	1	NA
21	545	writing	1	NA
21	546	detailed	1	NA
21	547	reports	1	NA
21	548	on	1	NA
21	549	everything	1	it.
21	550	from	1	it.
21	551	the	1	it.
21	552	quality	1	it.
21	553	of	1	it.
21	554	the	1	it.
21	555	food	1	it.
21	556	to	1	it.
21	557	specific	1	it.
21	558	conversations	1	it.
21	559	with	1	it.
21	560	staff.	2	it.
21	561	And,	2	NA
21	562	she	1	NA
21	563	always	1	NA
21	564	needs	1	NA
21	565	to	1	NA
21	566	be	1	NA
21	567	able	1	NA
21	568	to	1	NA
21	569	name	1	NA
21	570	or	1	NA
21	571	describe	1	NA
21	572	the	1	them.
21	573	staff.	2	them.
21	574	She	1	NA
21	575	has	1	NA
21	576	to	1	NA
21	577	memorize	2	NA
21	578	all	1	them
21	579	these	1	them
21	580	details	1	them
21	581	while	1	NA
21	582	eating	1	NA
21	583	her	1	NA
21	584	meal	1	NA
21	585	because	1	NA
21	586	she	1	NA
21	587	cannot	1	NA
21	588	openly	1	NA
21	589	write	1	NA
21	590	anything	1	NA
21	591	down.	2	NA
22	0	Robert	1	He
22	1	Myslajek	5	He
22	2	stops	1	NA
22	3	dead.	2	NA
22	4	Between	1	NA
22	5	two	1	NA
22	6	paw	1	NA
22	7	prints	1	NA
22	8	on	1	NA
22	9	a	1	NA
22	10	muddy	1	NA
22	11	mountain	1	NA
22	12	track,	2	NA
22	13	the	1	he
22	14	scientist	1	he
22	15	finds	1	NA
22	16	what	1	NA
22	17	he	1	NA
22	18	is	1	NA
22	19	looking	1	NA
22	20	for.	2	NA
22	21	“Droppings!”	7	NA
22	22	he	1	NA
22	23	enthuses.	4	NA
22	24	Wolf	1	It
22	25	sightings	1	NA
22	26	are	1	NA
22	27	so	1	NA
22	28	rare	1	NA
22	29	that	1	NA
22	30	the	1	NA
22	31	sighting	1	NA
22	32	of	1	NA
22	33	their	1	NA
22	34	feces	1	NA
22	35	marks	1	NA
22	36	a	1	NA
22	37	good	1	NA
22	38	day,	2	NA
22	39	even	1	NA
22	40	for	1	NA
22	41	a	1	NA
22	42	seasoned	1	NA
22	43	tracker.	2	NA
22	44	But	1	NA
22	45	it	1	NA
22	46	is	1	NA
22	47	getting	1	NA
22	48	easier.	2	NA
22	49	There	1	NA
22	50	are	1	NA
22	51	now	1	NA
22	52	an	1	they
22	53	estimated	1	they
22	54	1,500	3	they
22	55	wolves	1	they
22	56	in	1	NA
22	57	Poland.	2	it.
22	58	The	1	It
22	59	number	1	It
22	60	has	1	NA
22	61	doubled	1	NA
22	62	in	1	NA
22	63	15	1	NA
22	64	years.	2	NA
22	65	Wolves	1	They
22	66	are	1	NA
22	67	–	1	NA
22	68	along	1	NA
22	69	with	1	NA
22	70	the	1	NA
22	71	brown	1	NA
22	72	bear,	2	NA
22	73	the	1	NA
22	74	lynx	2	NA
22	75	and	1	NA
22	76	the	1	NA
22	77	wolverine	3	NA
22	78	–	1	NA
22	79	Europe's	2	its
22	80	last	1	NA
22	81	large	1	NA
22	82	predator	1	NA
22	83	carnivores.	3	NA
22	84	Conservationists	2	NA
22	85	from	1	NA
22	86	Britain,	2	NA
22	87	Germany	1	NA
22	88	and	1	NA
22	89	the	1	NA
22	90	Netherlands	1	NA
22	91	are	1	NA
22	92	beating	1	NA
22	93	a	1	NA
22	94	path	1	NA
22	95	here	1	NA
22	96	to	1	NA
22	97	find	1	NA
22	98	out	1	NA
22	99	how	1	NA
22	100	Poland	1	it
22	101	has	1	NA
22	102	saved	1	NA
22	103	this	1	it.
22	104	protected	1	it.
22	105	species,	2	it.
22	106	slandered	3	it.
22	107	even	1	it.
22	108	in	1	it.
22	109	fairy	1	it.
22	110	tales.	2	it.
22	111	The	1	He,
22	112	scientist,	2	He,
22	113	who	1	He,
22	114	is	1	He,
22	115	a	1	He,
22	116	familiar	1	He,
22	117	face	1	He,
22	118	on	1	He,
22	119	Polish	1	He,
22	120	television,	2	He,
22	121	says	1	NA
22	122	wolves	1	they
22	123	are	1	NA
22	124	exceptional	1	they.
22	125	animals	1	they.
22	126	that	1	they.
22	127	are	1	they.
22	128	capable	1	they.
22	129	of	1	they.
22	130	moving	1	they.
22	131	up	1	they.
22	132	to	1	they.
22	133	30km	2	they.
22	134	during	1	they.
22	135	a	1	they.
22	136	single	1	they.
22	137	hunt.	2	they.
22	138	“The	3	“It
22	139	Beskidy	3	“It
22	140	pack	1	“It
22	141	is	1	NA
22	142	a	1	it,
22	143	strong	1	it,
22	144	unit,	2	it,
22	145	eight	1	they.
22	146	or	1	they.
22	147	nine	1	they.
22	148	individuals.	2	they.
22	149	This	1	NA
22	150	year,	2	NA
22	151	we	1	NA
22	152	have	1	NA
22	153	recorded	1	NA
22	154	five	1	them,
22	155	cubs,	3	them,
22	156	two	1	them
22	157	yearlings	2	them
22	158	and	1	NA
22	159	two	1	NA
22	160	adults.	2	NA
22	161	We	1	NA
22	162	track	1	NA
22	163	them	1	NA
22	164	using	1	NA
22	165	motion-activated	3	NA
22	166	cameras	1	NA
22	167	in	1	NA
22	168	the	1	it
22	169	forest	1	it
22	170	and	1	NA
22	171	by	1	NA
22	172	following	1	NA
22	173	their	1	NA
22	174	prints	1	NA
22	175	in	1	NA
22	176	the	1	NA
22	177	mud	1	NA
22	178	and	1	NA
22	179	snow.	2	NA
22	180	In	1	NA
22	181	each	1	NA
22	182	family	1	NA
22	183	group,	2	NA
22	184	only	1	NA
22	185	one	1	NA
22	186	pair	1	NA
22	187	reproduces,	3	NA
22	188	once	1	NA
22	189	a	1	NA
22	190	year.	2	NA
22	191	All	1	NA
22	192	pack	1	its
22	193	members	1	NA
22	194	care	1	NA
22	195	for	1	NA
22	196	the	1	them
22	197	young	1	them
22	198	with	1	NA
22	199	solidarity	1	NA
22	200	and	1	NA
22	201	devotion.”	4	NA
22	202	Myslajek,	6	he,
22	203	the	1	he,
22	204	son	1	he,
22	205	of	1	he,
22	206	a	1	he,
22	207	shepherd,	2	he,
22	208	is	1	NA
22	209	puzzled	1	NA
22	210	by	1	NA
22	211	wolves'	2	their'
22	212	bad	1	NA
22	213	reputation.	2	NA
22	214	“Why	3	NA
22	215	does	1	NA
22	216	one	1	NA
22	217	speak	1	NA
22	218	of	1	NA
22	219	a	1	NA
22	220	'lone-wolf	5	NA
22	221	gunman'?	2	NA
22	222	Why	1	NA
22	223	did	1	NA
22	224	we	1	NA
22	225	have	1	NA
22	226	to	1	NA
22	227	have	1	NA
22	228	Little	1	her,
22	229	Red	1	her,
22	230	Riding	1	her,
22	231	Hood,	2	her,
22	232	with	1	NA
22	233	its	1	its?”
22	234	big	1	its?”
22	235	bad	1	its?”
22	236	wolf?”	4	its?”
22	237	He	1	NA
22	238	is	1	NA
22	239	fascinated	1	NA
22	240	by	1	NA
22	241	these	1	NA
22	242	aloof	2	NA
22	243	canines	2	NA
22	244	who	1	NA
22	245	remained	1	NA
22	246	in	1	NA
22	247	the	1	NA
22	248	wild	1	NA
22	249	33,000	3	NA
22	250	years	1	NA
22	251	ago	1	NA
22	252	when	1	NA
22	253	others	1	NA
22	254	decided	1	NA
22	255	on	1	NA
22	256	a	1	NA
22	257	much	1	NA
22	258	more	1	NA
22	259	comfortable	1	NA
22	260	existence	1	NA
22	261	as	1	NA
22	262	domestic	1	NA
22	263	dogs.	2	NA
22	264	Wolves	1	They
22	265	are	1	NA
22	266	not	1	NA
22	267	pooches.	4	NA
22	268	Myslajek	5	He
22	269	says	1	NA
22	270	only	1	NA
22	271	scientific	1	NA
22	272	arguments	1	NA
22	273	–	1	NA
22	274	the	1	NA
22	275	need	1	NA
22	276	to	1	NA
22	277	regenerate	1	NA
22	278	forests	1	its
22	279	and	1	NA
22	280	control	1	NA
22	281	the	1	NA
22	282	wild	1	NA
22	283	animal	1	NA
22	284	population	1	NA
22	285	–	1	NA
22	286	can	1	NA
22	287	save	1	NA
22	288	Europe's	2	them,
22	289	wild	1	them,
22	290	carnivores,	3	them,
22	291	especially	1	NA
22	292	the	1	it.
22	293	unpopular	1	it.
22	294	wolf.	2	it.
22	295	“Natural	3	NA
22	296	predators	1	NA
22	297	balance	1	NA
22	298	the	1	NA
22	299	ecosystem.	2	NA
22	300	They	1	NA
22	301	keep	1	NA
22	302	herbivores	3	NA
22	303	in	1	NA
22	304	check,	2	NA
22	305	thus	1	NA
22	306	allowing	1	NA
22	307	trees	1	NA
22	308	to	1	NA
22	309	grow	1	NA
22	310	tall	1	NA
22	311	for	1	NA
22	312	birds	1	NA
22	313	to	1	NA
22	314	nest	1	NA
22	315	in.”	4	NA
22	316	The	1	NA
22	317	ban	1	NA
22	318	on	1	NA
22	319	wolf	1	NA
22	320	hunting	1	NA
22	321	in	1	NA
22	322	the	1	NA
22	323	western	1	NA
22	324	Carpathian	3	NA
22	325	mountains	1	NA
22	326	came	1	NA
22	327	into	1	NA
22	328	force	1	NA
22	329	in	1	NA
22	330	1995	1	NA
22	331	and	1	NA
22	332	nationwide	1	NA
22	333	in	1	NA
22	334	Poland	1	it
22	335	in	1	NA
22	336	1998.	2	NA
22	337	There	1	NA
22	338	are	1	NA
22	339	now	1	NA
22	340	resident	1	NA
22	341	packs	1	NA
22	342	in	1	NA
22	343	virtually	1	NA
22	344	all	1	NA
22	345	the	1	its
22	346	country's	2	its
22	347	major	1	NA
22	348	forests.	2	NA
22	349	The	1	They
22	350	predators	1	They
22	351	coexist	2	NA
22	352	with	1	NA
22	353	humans	1	NA
22	354	rather	1	NA
22	355	than	1	NA
22	356	being	1	NA
22	357	fenced	2	NA
22	358	off,	2	NA
22	359	as	1	NA
22	360	they	1	NA
22	361	are	1	NA
22	362	in	1	NA
22	363	African	1	NA
22	364	safari	2	NA
22	365	parks.	2	NA
22	366	The	1	NA
22	367	Polish	1	NA
22	368	government	1	NA
22	369	pays	1	NA
22	370	compensation	1	NA
22	371	for	1	NA
22	372	livestock	1	NA
22	373	killed	1	NA
22	374	by	1	NA
22	375	wolves.	2	NA
22	376	Myslajek	5	He
22	377	advises	1	NA
22	378	farmers	1	NA
22	379	on	1	NA
22	380	erecting	2	NA
22	381	electric	1	NA
22	382	fences.	2	NA
22	383	He	1	NA
22	384	has	1	NA
22	385	helped	1	NA
22	386	revive	1	NA
22	387	the	1	NA
22	388	use	1	NA
22	389	of	1	NA
22	390	two	1	NA
22	391	deterrents	2	NA
22	392	that,	2	NA
22	393	for	1	NA
22	394	reasons	1	NA
22	395	no	1	NA
22	396	one	1	NA
22	397	quite	1	NA
22	398	understands,	2	NA
22	399	wolves	1	NA
22	400	find	1	NA
22	401	particularly	1	NA
22	402	scary:	2	NA
22	403	strings	1	NA
22	404	of	1	NA
22	405	small	1	NA
22	406	red	1	NA
22	407	flags	1	NA
22	408	(hung	2	NA
22	409	around	1	NA
22	410	sheep	1	NA
22	411	pens)	2	NA
22	412	and	1	NA
22	413	the	1	NA
22	414	bark	1	NA
22	415	of	1	NA
22	416	the	1	NA
22	417	fluffy	1	NA
22	418	white	1	NA
22	419	Tatra	2	NA
22	420	Mountain	1	NA
22	421	Sheepdog.	3	NA
22	422	The	1	NA
22	423	survival	1	NA
22	424	of	1	NA
22	425	Poland's	2	their
22	426	wolves	1	their
22	427	has	1	NA
22	428	been	1	NA
22	429	helped	1	NA
22	430	by	1	NA
22	431	the	1	its
22	432	country's	2	its
22	433	belated	2	NA
22	434	infrastructure	1	NA
22	435	development.	2	NA
22	436	In	1	NA
22	437	1989,	2	NA
22	438	when	1	NA
22	439	the	1	NA
22	440	communists	1	NA
22	441	relinquished	2	NA
22	442	power,	2	NA
22	443	Poland	1	it
22	444	had	1	NA
22	445	only	1	NA
22	446	one	1	NA
22	447	motorway.	3	NA
22	448	Major	1	NA
22	449	road	1	NA
22	450	projects	1	NA
22	451	–	1	NA
22	452	requiring	1	NA
22	453	wildlife	1	NA
22	454	impact	1	NA
22	455	studies	1	NA
22	456	–	1	NA
22	457	began	1	NA
22	458	after	1	NA
22	459	Poland	1	it
22	460	joined	1	NA
22	461	the	1	NA
22	462	European	1	NA
22	463	Union	1	NA
22	464	in	1	NA
22	465	2004.	2	NA
22	466	The	1	NA
22	467	country	1	NA
22	468	now	1	NA
22	469	has	1	NA
22	470	one	1	NA
22	471	of	1	NA
22	472	the	1	NA
22	473	highest	1	NA
22	474	densities	2	NA
22	475	in	1	NA
22	476	the	1	NA
22	477	world	1	NA
22	478	of	1	NA
22	479	overhead	1	NA
22	480	crossings	1	NA
22	481	and	1	NA
22	482	underpasses	3	NA
22	483	for	1	NA
22	484	wild	1	NA
22	485	animals.	2	NA
22	486	Attitudes	2	NA
22	487	have	1	NA
22	488	also	1	NA
22	489	changed.	2	NA
22	490	“For	3	NA
22	491	many	1	NA
22	492	years,	2	NA
22	493	hunting	1	NA
22	494	was	1	NA
22	495	cultural.	2	NA
22	496	In	1	NA
22	497	1975,	2	NA
22	498	there	1	NA
22	499	were	1	NA
22	500	fewer	1	NA
22	501	than	1	NA
22	502	100	1	NA
22	503	wolves	1	NA
22	504	in	1	NA
22	505	Poland.	2	it.
22	506	Beginning	1	NA
22	507	in	1	NA
22	508	the	1	NA
22	509	1950s,	3	NA
22	510	hunting	1	NA
22	511	wolves	1	NA
22	512	had	1	NA
22	513	been	1	NA
22	514	encouraged	1	NA
22	515	by	1	NA
22	516	the	1	they.
22	517	authorities.	2	they.
22	518	They	1	NA
22	519	paid	1	NA
22	520	a	1	NA
22	521	reward	1	NA
22	522	for	1	NA
22	523	killing	1	NA
22	524	a	1	NA
22	525	wolf	1	NA
22	526	worth	1	NA
22	527	a	1	NA
22	528	month's	2	NA
22	529	salary.	2	NA
22	530	It	1	NA
22	531	was	1	NA
22	532	carnage.”	4	NA
22	533	Myslajek	5	he
22	534	says	1	NA
22	535	the	1	NA
22	536	improvement	1	NA
22	537	in	1	NA
22	538	Polish	1	their'
22	539	wolves'	2	their'
22	540	survival	1	NA
22	541	chances	1	NA
22	542	has	1	NA
22	543	been	1	NA
22	544	considerable	1	NA
22	545	but	1	NA
22	546	remains	1	NA
22	547	fragile.	2	NA
22	548	Packs	1	NA
22	549	are	1	NA
22	550	mobile	1	NA
22	551	across	1	NA
22	552	borders	1	NA
22	553	and	1	NA
22	554	hunting	1	NA
22	555	still	1	NA
22	556	goes	1	NA
22	557	on	1	NA
22	558	in	1	NA
22	559	neighboring	1	NA
22	560	Russia,	2	NA
22	561	Lithuania	1	NA
22	562	and	1	NA
22	563	Belarus.	2	NA
22	564	He	1	NA
22	565	claims	1	NA
22	566	Poland's	2	its
22	567	new	1	NA
22	568	government,	2	NA
22	569	elected	1	NA
22	570	in	1	NA
22	571	October	1	NA
22	572	2015,	2	NA
22	573	is	1	NA
22	574	hostile	1	NA
22	575	to	1	NA
22	576	wolves.	2	NA
22	577	“The	3	“He,
22	578	Environment	1	“He,
22	579	Minister,	2	“He,
22	580	Jan	1	he,
22	581	Szyszko,	5	he,
22	582	makes	1	NA
22	583	no	1	NA
22	584	secret	1	NA
22	585	of	1	NA
22	586	being	1	NA
22	587	a	1	NA
22	588	hunter.	2	NA
22	589	There	1	NA
22	590	are	1	NA
22	591	120,000	3	they
22	592	licensed	1	they
22	593	hunters	1	they
22	594	in	1	NA
22	595	Poland	1	it
22	596	and	1	NA
22	597	they	1	NA
22	598	are	1	NA
22	599	influential	1	NA
22	600	in	1	NA
22	601	parliament.	2	NA
22	602	Being	1	NA
22	603	a	1	NA
22	604	wolf	1	NA
22	605	advocate	1	NA
22	606	is	1	NA
22	607	not	1	NA
22	608	easy.	2	NA
22	609	It	1	NA
22	610	is	1	NA
22	611	not	1	NA
22	612	as	1	NA
22	613	if	1	NA
22	614	you	1	NA
22	615	can	1	NA
22	616	argue	1	NA
22	617	to	1	NA
22	618	the	1	NA
22	619	politicians	1	NA
22	620	that	1	NA
22	621	wolves	1	they
22	622	are	1	NA
22	623	a	1	NA
22	624	big	1	NA
22	625	tourist	1	NA
22	626	attraction.	2	NA
22	627	Most	1	NA
22	628	tourists	1	NA
22	629	want	1	NA
22	630	to	1	NA
22	631	see	1	NA
22	632	the	1	them
22	633	animals	1	them
22	634	but	1	NA
22	635	wolves	1	they
22	636	stay	1	NA
22	637	away	1	NA
22	638	from	1	NA
22	639	humans.	2	NA
22	640	They	1	NA
22	641	have	1	NA
22	642	a	1	NA
22	643	tremendously	1	NA
22	644	sensitive	1	NA
22	645	sense	1	NA
22	646	of	1	NA
22	647	smell.”	4	NA
23	0	Robert	1	He
23	1	Myslajek	5	He
23	2	stops.	2	NA
23	3	Between	1	NA
23	4	two	1	NA
23	5	paw	1	NA
23	6	prints	1	NA
23	7	on	1	NA
23	8	a	1	NA
23	9	mountain	1	NA
23	10	path,	2	NA
23	11	the	1	he
23	12	scientist	1	he
23	13	finds	1	NA
23	14	what	1	NA
23	15	he	1	NA
23	16	is	1	NA
23	17	looking	1	NA
23	18	for.	2	NA
23	19	“Droppings!”	7	NA
23	20	he	1	NA
23	21	says	1	NA
23	22	happily.	2	NA
23	23	It	1	NA
23	24	is	1	NA
23	25	so	1	NA
23	26	rare	1	NA
23	27	to	1	NA
23	28	see	1	NA
23	29	a	1	NA
23	30	wolf	1	NA
23	31	that	1	NA
23	32	seeing	1	NA
23	33	droppings	2	NA
23	34	makes	1	NA
23	35	it	1	NA
23	36	a	1	NA
23	37	good	1	NA
23	38	day.	2	NA
23	39	But	1	NA
23	40	it	1	NA
23	41	is	1	NA
23	42	getting	1	NA
23	43	easier	1	NA
23	44	to	1	NA
23	45	see	1	NA
23	46	a	1	NA
23	47	wolf.	2	NA
23	48	There	1	NA
23	49	are	1	NA
23	50	now	1	NA
23	51	about	1	them
23	52	1,500	3	them
23	53	wolves	1	them
23	54	in	1	NA
23	55	Poland.	2	it.
23	56	The	1	It
23	57	number	1	It
23	58	has	1	NA
23	59	doubled	1	NA
23	60	in	1	NA
23	61	15	1	NA
23	62	years.	2	NA
23	63	The	1	It,
23	64	wolf,	2	It,
23	65	the	1	NA
23	66	brown	1	NA
23	67	bear,	2	NA
23	68	the	1	NA
23	69	lynx	2	NA
23	70	and	1	NA
23	71	the	1	NA
23	72	wolverine	3	NA
23	73	are	1	NA
23	74	Europe's	2	them.
23	75	last	1	them.
23	76	large	1	them.
23	77	predator	1	them.
23	78	carnivores.	3	them.
23	79	Scientists	1	NA
23	80	from	1	NA
23	81	Britain,	2	NA
23	82	Germany	1	NA
23	83	and	1	NA
23	84	the	1	NA
23	85	Netherlands	1	NA
23	86	are	1	NA
23	87	coming	1	NA
23	88	here	1	NA
23	89	to	1	NA
23	90	find	1	NA
23	91	out	1	NA
23	92	how	1	NA
23	93	Poland	1	it
23	94	has	1	NA
23	95	saved	1	NA
23	96	wolves	1	them.
23	97	who	1	them.
23	98	have	1	them.
23	99	a	1	them.
23	100	bad	1	them.
23	101	reputation	1	them.
23	102	even	1	them.
23	103	in	1	them.
23	104	fairy	1	them.
23	105	tales.	2	them.
23	106	The	1	He
23	107	scientist	1	He
23	108	says	1	NA
23	109	wolves	1	they
23	110	can	1	NA
23	111	move	1	NA
23	112	up	1	NA
23	113	to	1	NA
23	114	30	1	NA
23	115	kilometers	1	NA
23	116	during	1	NA
23	117	a	1	NA
23	118	single	1	NA
23	119	hunt.	2	NA
23	120	“The	3	“It
23	121	pack	1	“It
23	122	that	1	“It
23	123	he	1	“It
23	124	is	1	“It
23	125	tracking	1	“It
23	126	is	1	NA
23	127	a	1	it.
23	128	strong	1	it.
23	129	group	1	it.
23	130	of	1	it.
23	131	eight	1	it.
23	132	or	1	it.
23	133	nine	1	it.
23	134	animals.	2	it.
23	135	This	1	NA
23	136	year,	2	NA
23	137	we	1	NA
23	138	have	1	NA
23	139	recorded	1	NA
23	140	five	1	them,
23	141	cubs,	3	them,
23	142	two	1	NA
23	143	young	1	NA
23	144	wolves	1	NA
23	145	and	1	NA
23	146	two	1	NA
23	147	adults.	2	NA
23	148	We	1	NA
23	149	track	1	NA
23	150	them	1	NA
23	151	using	1	NA
23	152	special	1	NA
23	153	cameras	1	NA
23	154	in	1	NA
23	155	the	1	NA
23	156	forest	1	NA
23	157	and	1	NA
23	158	by	1	NA
23	159	following	1	NA
23	160	their	1	NA
23	161	prints	1	NA
23	162	in	1	NA
23	163	the	1	NA
23	164	mud	1	NA
23	165	and	1	NA
23	166	snow.	2	NA
23	167	In	1	NA
23	168	each	1	NA
23	169	family	1	NA
23	170	group,	2	NA
23	171	only	1	NA
23	172	one	1	NA
23	173	pair	1	NA
23	174	of	1	NA
23	175	adults	1	NA
23	176	has	1	NA
23	177	cubs	2	NA
23	178	each	1	NA
23	179	year.	2	NA
23	180	All	1	NA
23	181	the	1	NA
23	182	wolves	1	NA
23	183	in	1	NA
23	184	the	1	it
23	185	pack	1	it
23	186	look	1	NA
23	187	after	1	NA
23	188	the	1	NA
23	189	young.”	4	NA
23	190	Myslajek,	6	he,
23	191	the	1	he,
23	192	son	1	he,
23	193	of	1	he,
23	194	a	1	he,
23	195	shepherd,	2	he,
23	196	doesn't	2	NA
23	197	understand	1	NA
23	198	wolves'	2	it.
23	199	bad	1	it.
23	200	reputation.	2	it.
23	201	“Why	3	NA
23	202	did	1	NA
23	203	we	1	NA
23	204	have	1	NA
23	205	to	1	NA
23	206	have	1	NA
23	207	the	1	NA
23	208	fairy	1	NA
23	209	tale	1	NA
23	210	Little	1	it,
23	211	Red	1	it,
23	212	Riding	1	it,
23	213	Hood,	2	it,
23	214	with	1	NA
23	215	its	1	NA
23	216	big	1	NA
23	217	bad	1	NA
23	218	wolf?”	4	NA
23	219	He	1	NA
23	220	is	1	NA
23	221	fascinated	1	NA
23	222	by	1	NA
23	223	these	1	NA
23	224	animals,	2	NA
23	225	who	1	NA
23	226	remained	1	NA
23	227	in	1	NA
23	228	the	1	NA
23	229	wild	1	NA
23	230	33,000	3	NA
23	231	years	1	NA
23	232	ago	1	NA
23	233	when	1	NA
23	234	other	1	NA
23	235	types	1	NA
23	236	of	1	NA
23	237	dog	1	NA
23	238	decided	1	NA
23	239	on	1	NA
23	240	a	1	NA
23	241	much	1	NA
23	242	more	1	NA
23	243	comfortable	1	NA
23	244	life	1	NA
23	245	as	1	NA
23	246	pets.	2	NA
23	247	Myslajek	5	He
23	248	says	1	NA
23	249	only	1	NA
23	250	the	1	NA
23	251	need	1	NA
23	252	to	1	NA
23	253	save	1	NA
23	254	forests	1	NA
23	255	and	1	NA
23	256	control	1	NA
23	257	the	1	NA
23	258	wild	1	NA
23	259	animal	1	NA
23	260	population	1	NA
23	261	can	1	NA
23	262	save	1	NA
23	263	Europe's	2	them,
23	264	wild	1	them,
23	265	carnivores,	3	them,
23	266	especially	1	NA
23	267	the	1	it.
23	268	unpopular	1	it.
23	269	wolf.	2	it.
23	270	“Natural	3	“They
23	271	predators	1	“They
23	272	balance	1	NA
23	273	the	1	NA
23	274	ecosystem.	2	NA
23	275	They	1	NA
23	276	reduce	1	NA
23	277	the	1	NA
23	278	number	1	NA
23	279	of	1	NA
23	280	herbivores,	4	NA
23	281	which	1	NA
23	282	allows	1	NA
23	283	trees	1	NA
23	284	to	1	NA
23	285	grow	1	NA
23	286	tall	1	NA
23	287	for	1	NA
23	288	birds	1	NA
23	289	to	1	NA
23	290	nest	1	NA
23	291	in.”	4	NA
23	292	The	1	NA
23	293	ban	1	NA
23	294	on	1	NA
23	295	wolf	1	NA
23	296	hunting	1	NA
23	297	in	1	NA
23	298	the	1	NA
23	299	western	1	NA
23	300	Carpathian	3	NA
23	301	mountains	1	NA
23	302	became	1	NA
23	303	law	1	NA
23	304	in	1	NA
23	305	1995	1	NA
23	306	and	1	NA
23	307	in	1	NA
23	308	the	1	NA
23	309	whole	1	NA
23	310	of	1	NA
23	311	Poland	1	NA
23	312	in	1	NA
23	313	1998.	2	NA
23	314	There	1	NA
23	315	are	1	NA
23	316	now	1	NA
23	317	wolf	1	its
23	318	packs	1	NA
23	319	in	1	NA
23	320	nearly	1	NA
23	321	all	1	NA
23	322	the	1	its
23	323	country's	2	its
23	324	major	1	NA
23	325	forests	1	NA
23	326	where	1	NA
23	327	the	1	they
23	328	wolves	1	they
23	329	exist	1	NA
23	330	together	1	NA
23	331	with	1	NA
23	332	humans.	2	them.
23	333	The	1	It
23	334	Polish	1	It
23	335	government	1	It
23	336	pays	1	NA
23	337	compensation	1	NA
23	338	to	1	NA
23	339	farmers	1	them
23	340	when	1	NA
23	341	a	1	NA
23	342	wolf	1	NA
23	343	kills	1	NA
23	344	their	1	NA
23	345	farm	1	NA
23	346	animals.	2	NA
23	347	Myslajek	5	He
23	348	tells	1	NA
23	349	farmers	1	them
23	350	to	1	NA
23	351	put	1	NA
23	352	up	1	NA
23	353	electric	1	NA
23	354	fences.	2	NA
23	355	He	1	NA
23	356	also	1	NA
23	357	tells	1	NA
23	358	them	1	NA
23	359	to	1	NA
23	360	use	1	NA
23	361	two	1	NA
23	362	things	1	NA
23	363	that	1	NA
23	364	wolves	1	NA
23	365	find	1	NA
23	366	scary:	2	NA
23	367	strings	1	NA
23	368	of	1	NA
23	369	small	1	NA
23	370	red	1	NA
23	371	flags	1	NA
23	372	(to	2	NA
23	373	keep	1	NA
23	374	wolves	1	they
23	375	away	1	NA
23	376	from	1	NA
23	377	sheep)	2	NA
23	378	and	1	NA
23	379	the	1	NA
23	380	Tatra	2	NA
23	381	Mountain	1	NA
23	382	Sheepdog.	3	NA
23	383	Poland	1	It
23	384	didn't	2	It
23	385	have	1	It
23	386	many	1	It
23	387	big	1	It
23	388	roads	1	It
23	389	until	1	It
23	390	recently	1	It
23	391	and	1	NA
23	392	this	1	NA
23	393	has	1	NA
23	394	helped	1	NA
23	395	wolves.	2	them.
23	396	In	1	NA
23	397	1989,	2	NA
23	398	when	1	NA
23	399	the	1	NA
23	400	communists	1	NA
23	401	left	1	NA
23	402	power,	2	NA
23	403	Poland	1	it
23	404	had	1	NA
23	405	only	1	NA
23	406	one	1	NA
23	407	motorway.	3	NA
23	408	Major	1	NA
23	409	road	1	NA
23	410	projects	1	NA
23	411	began	1	NA
23	412	after	1	NA
23	413	Poland	1	it
23	414	joined	1	NA
23	415	the	1	NA
23	416	European	1	NA
23	417	Union	1	NA
23	418	in	1	NA
23	419	2004	1	NA
23	420	and	1	NA
23	421	they	1	NA
23	422	now	1	NA
23	423	have	1	NA
23	424	to	1	NA
23	425	consider	1	NA
23	426	wild	1	NA
23	427	animals.	2	NA
23	428	The	1	NA
23	429	way	1	NA
23	430	people	1	NA
23	431	think	1	NA
23	432	about	1	NA
23	433	wolves	1	them
23	434	has	1	NA
23	435	also	1	NA
23	436	changed.	2	NA
23	437	“For	3	NA
23	438	many	1	NA
23	439	years,	2	NA
23	440	hunting	1	NA
23	441	was	1	NA
23	442	a	1	NA
23	443	part	1	NA
23	444	of	1	NA
23	445	the	1	NA
23	446	culture	1	NA
23	447	in	1	NA
23	448	Poland.	2	it.
23	449	In	1	NA
23	450	1975,	2	NA
23	451	there	1	NA
23	452	were	1	NA
23	453	fewer	1	NA
23	454	than	1	NA
23	455	100	1	NA
23	456	wolves	1	NA
23	457	in	1	NA
23	458	Poland.”	4	it.”
23	459	Myslajek	5	he
23	460	says	1	NA
23	461	that	1	NA
23	462	Polish	1	they
23	463	wolves	1	they
23	464	are	1	NA
23	465	much	1	NA
23	466	safer	1	NA
23	467	now	1	NA
23	468	but	1	NA
23	469	they	1	NA
23	470	are	1	NA
23	471	not	1	NA
23	472	completely	1	NA
23	473	safe.	2	NA
23	474	Packs	1	NA
23	475	go	1	NA
23	476	into	1	NA
23	477	neighboring	1	NA
23	478	countries	1	NA
23	479	–	1	NA
23	480	Russia,	2	NA
23	481	Lithuania	1	NA
23	482	and	1	NA
23	483	Belarus	1	NA
23	484	–	1	NA
23	485	where	1	NA
23	486	there	1	NA
23	487	is	1	NA
23	488	still	1	NA
23	489	hunting.	2	NA
23	490	He	1	NA
23	491	says	1	NA
23	492	Poland's	2	it
23	493	new	1	it
23	494	government	1	it
23	495	doesn't	2	NA
23	496	like	1	NA
23	497	wolves.	2	them.
23	498	“The	3	“He,
23	499	Environment	1	“He,
23	500	Minister,	2	“He,
23	501	Jan	1	he,
23	502	Szyszko,	5	he,
23	503	is	1	NA
23	504	a	1	he.
23	505	hunter.	2	he.
23	506	There	1	NA
23	507	are	1	NA
23	508	120,000	3	they
23	509	hunters	1	they
23	510	in	1	NA
23	511	Poland	1	it
23	512	and	1	NA
23	513	they	1	NA
23	514	have	1	NA
23	515	a	1	NA
23	516	lot	1	NA
23	517	of	1	NA
23	518	influence.	2	NA
23	519	It's	2	NA
23	520	not	1	NA
23	521	easy	1	NA
23	522	to	1	NA
23	523	defend	1	NA
23	524	wolves.	2	them.
23	525	You	1	NA
23	526	can't	2	NA
23	527	say	1	NA
23	528	to	1	NA
23	529	the	1	NA
23	530	politicians	1	NA
23	531	that	1	NA
23	532	wolves	1	they
23	533	are	1	NA
23	534	a	1	NA
23	535	big	1	NA
23	536	tourist	1	NA
23	537	attraction.	2	NA
23	538	Most	1	NA
23	539	tourists	1	NA
23	540	want	1	NA
23	541	to	1	NA
23	542	see	1	NA
23	543	the	1	them
23	544	animals	1	them
23	545	but	1	NA
23	546	wolves	1	they
23	547	stay	1	NA
23	548	away	1	NA
23	549	from	1	NA
23	550	humans.	2	them.
23	551	They	1	NA
23	552	have	1	NA
23	553	a	1	NA
23	554	very	1	NA
23	555	strong	1	NA
23	556	sense	1	NA
23	557	of	1	NA
23	558	smell.”	4	NA
24	0	Swedish	3	They
24	1	prisons	1	They
24	2	have	1	NA
24	3	long	1	NA
24	4	had	1	NA
24	5	a	1	NA
24	6	reputation	1	NA
24	7	around	1	NA
24	8	the	1	NA
24	9	world	1	NA
24	10	for	1	NA
24	11	being	1	NA
24	12	progressive.	2	NA
24	13	But	1	NA
24	14	are	1	NA
24	15	the	1	they
24	16	country's	2	they
24	17	prisons	1	they
24	18	a	1	NA
24	19	soft	1	NA
24	20	option?	2	NA
24	21	The	1	he,
24	22	head	1	he,
24	23	of	1	he,
24	24	Sweden's	2	he,
24	25	prison	1	he,
24	26	and	1	he,
24	27	probation	1	he,
24	28	service,	2	he,
24	29	Nils	2	he,
24	30	Oberg,	3	he,
24	31	announced	1	NA
24	32	in	1	NA
24	33	November	1	NA
24	34	2013	1	it
24	35	that	1	NA
24	36	four	1	NA
24	37	Swedish	1	NA
24	38	prisons	1	NA
24	39	are	1	NA
24	40	to	1	NA
24	41	be	1	NA
24	42	closed	1	NA
24	43	due	1	NA
24	44	to	1	NA
24	45	an	1	it.
24	46	“out	3	it.
24	47	of	1	it.
24	48	the	1	it.
24	49	ordinary”	3	it.
24	50	decline	1	it.
24	51	in	1	it.
24	52	prisoner	1	it.
24	53	numbers.	2	it.
24	54	Although	1	NA
24	55	there	1	NA
24	56	has	1	NA
24	57	been	1	NA
24	58	no	1	NA
24	59	fall	1	NA
24	60	in	1	NA
24	61	crime	1	its
24	62	rates,	2	NA
24	63	between	1	NA
24	64	2011	1	NA
24	65	and	1	NA
24	66	2012	1	NA
24	67	there	1	NA
24	68	was	1	NA
24	69	a	1	it,
24	70	6%	2	it,
24	71	drop	1	it,
24	72	in	1	it,
24	73	Sweden's	2	it,
24	74	prisoner	1	it,
24	75	population,	2	it,
24	76	now	1	NA
24	77	a	1	NA
24	78	little	1	NA
24	79	over	1	NA
24	80	4,500.	4	NA
24	81	A	1	It
24	82	similar	1	It
24	83	decrease	1	It
24	84	is	1	NA
24	85	expected	1	NA
24	86	in	1	NA
24	87	2013	1	it
24	88	and	1	NA
24	89	2014.	2	NA
24	90	Oberg	2	He
24	91	admitted	1	NA
24	92	to	1	NA
24	93	being	1	NA
24	94	puzzled	1	NA
24	95	by	1	NA
24	96	the	1	it,
24	97	unexpected	1	it,
24	98	dip,	2	it,
24	99	but	1	NA
24	100	expressed	1	NA
24	101	optimism	1	NA
24	102	that	1	NA
24	103	the	1	NA
24	104	reason	1	NA
24	105	was	1	NA
24	106	to	1	NA
24	107	do	1	NA
24	108	with	1	NA
24	109	how	1	NA
24	110	his	1	his
24	111	prisons	1	his
24	112	are	1	NA
24	113	run.	2	NA
24	114	“We	3	NA
24	115	certainly	1	NA
24	116	hope	1	NA
24	117	that	1	NA
24	118	the	1	NA
24	119	efforts	1	NA
24	120	we	1	NA
24	121	invest	1	NA
24	122	in	1	NA
24	123	rehabilitation	1	NA
24	124	and	1	NA
24	125	preventing	1	NA
24	126	relapse	1	NA
24	127	of	1	NA
24	128	crime	1	it
24	129	has	1	NA
24	130	had	1	NA
24	131	an	1	NA
24	132	impact,”	4	NA
24	133	he	1	NA
24	134	said.	2	NA
24	135	“The	3	“It
24	136	modern	1	“It
24	137	prison	1	“It
24	138	service	1	“It
24	139	in	1	“It
24	140	Sweden	1	“It
24	141	is	1	NA
24	142	very	1	NA
24	143	different	1	NA
24	144	from	1	NA
24	145	when	1	NA
24	146	I	1	NA
24	147	joined	1	NA
24	148	as	1	NA
24	149	a	1	it
24	150	young	1	it
24	151	prison	1	it
24	152	officer	1	it
24	153	in	1	NA
24	154	1978,”	4	NA
24	155	says	1	NA
24	156	Kenneth	1	he,
24	157	Gustafsson,	4	he,
24	158	governor	1	he,
24	159	of	1	he,
24	160	Kumla	2	he,
24	161	Prison,	2	he,
24	162	Sweden's	2	it.
24	163	most	1	it.
24	164	secure	1	it.
24	165	jail.	2	it.
24	166	However,	2	NA
24	167	he	1	NA
24	168	doesn't	2	NA
24	169	think	1	NA
24	170	the	1	it
24	171	system	1	it
24	172	has	1	NA
24	173	gone	1	NA
24	174	soft.	2	NA
24	175	“When	3	NA
24	176	I	1	NA
24	177	joined,	2	NA
24	178	the	1	NA
24	179	focus	1	NA
24	180	was	1	NA
24	181	very	1	NA
24	182	much	1	NA
24	183	on	1	NA
24	184	humanity	1	NA
24	185	in	1	NA
24	186	prisons.	2	them.
24	187	Prisoners	2	NA
24	188	were	1	NA
24	189	treated	1	NA
24	190	well	1	NA
24	191	–	1	NA
24	192	maybe	1	NA
24	193	too	1	NA
24	194	well,	2	NA
24	195	some	1	NA
24	196	might	1	NA
24	197	say.	2	NA
24	198	But,	2	NA
24	199	after	1	NA
24	200	a	1	NA
24	201	number	1	NA
24	202	of	1	NA
24	203	high-profile	3	NA
24	204	escapes	1	NA
24	205	in	1	NA
24	206	2004,	2	NA
24	207	we	1	NA
24	208	had	1	NA
24	209	to	1	NA
24	210	implement	1	NA
24	211	changes	1	NA
24	212	to	1	NA
24	213	make	1	NA
24	214	prisons	1	them
24	215	more	1	NA
24	216	secure.”	4	NA
24	217	The	1	NA
24	218	Swedes	2	NA
24	219	still	1	NA
24	220	managed	1	NA
24	221	to	1	NA
24	222	maintain	1	NA
24	223	a	1	NA
24	224	broadly	1	NA
24	225	humane	1	NA
24	226	approach	1	NA
24	227	to	1	NA
24	228	sentencing,	2	NA
24	229	even	1	NA
24	230	of	1	NA
24	231	the	1	NA
24	232	most	1	NA
24	233	serious	1	NA
24	234	offenders:	2	NA
24	235	jail	1	NA
24	236	terms	1	NA
24	237	rarely	1	NA
24	238	exceed	1	NA
24	239	ten	1	NA
24	240	years.	2	NA
24	241	Sweden	1	It
24	242	was	1	NA
24	243	the	1	it
24	244	first	1	it
24	245	country	1	it
24	246	in	1	it
24	247	Europe	1	it
24	248	to	1	it
24	249	introduce	1	it
24	250	the	1	it
24	251	electronic	1	it
24	252	tagging	1	it
24	253	of	1	it
24	254	convicted	1	it
24	255	criminals	1	it
24	256	and	1	NA
24	257	continues	1	NA
24	258	to	1	NA
24	259	strive	1	NA
24	260	to	1	NA
24	261	minimize	1	NA
24	262	short-term	3	NA
24	263	prison	1	NA
24	264	sentences	1	NA
24	265	wherever	1	NA
24	266	possible	1	NA
24	267	by	1	NA
24	268	using	1	NA
24	269	community-based	3	NA
24	270	punishments,	2	NA
24	271	which	1	NA
24	272	have	1	NA
24	273	been	1	NA
24	274	proven	1	NA
24	275	to	1	NA
24	276	be	1	NA
24	277	more	1	NA
24	278	effective	1	NA
24	279	at	1	NA
24	280	reducing	1	NA
24	281	reoffending.	4	it.
24	282	The	1	It
24	283	overall	1	It
24	284	reoffending	3	It
24	285	rate	1	It
24	286	in	1	It
24	287	Sweden	1	It
24	288	stands	1	NA
24	289	at	1	NA
24	290	between	1	NA
24	291	30	1	NA
24	292	and	1	NA
24	293	40%	2	NA
24	294	over	1	NA
24	295	three	1	NA
24	296	years	1	NA
24	297	–	1	NA
24	298	to	1	NA
24	299	compare	1	NA
24	300	that	1	NA
24	301	with	1	NA
24	302	another	1	NA
24	303	European	1	NA
24	304	country,	2	NA
24	305	the	1	it
24	306	number	1	it
24	307	is	1	NA
24	308	around	1	NA
24	309	half	1	NA
24	310	that	1	it
24	311	of	1	NA
24	312	the	1	it.
24	313	UK.	2	it.
24	314	One	1	NA
24	315	likely	1	NA
24	316	reason	1	NA
24	317	for	1	NA
24	318	the	1	it
24	319	relatively	1	it
24	320	low	1	it
24	321	reoffending	3	it
24	322	rate	1	it
24	323	and	1	NA
24	324	the	1	NA
24	325	low	1	NA
24	326	rate	1	NA
24	327	of	1	NA
24	328	incarceration	1	NA
24	329	in	1	NA
24	330	Sweden	1	it
24	331	(below	2	NA
24	332	70	1	NA
24	333	per	1	NA
24	334	100,000	3	NA
24	335	head	1	NA
24	336	of	1	NA
24	337	population)	2	NA
24	338	is	1	NA
24	339	that	1	NA
24	340	the	1	NA
24	341	age	1	NA
24	342	of	1	NA
24	343	criminal	1	NA
24	344	responsibility	1	NA
24	345	is	1	NA
24	346	set	1	NA
24	347	at	1	NA
24	348	15.	2	NA
24	349	In	1	NA
24	350	the	1	it,
24	351	UK,	2	it,
24	352	for	1	NA
24	353	example,	2	NA
24	354	children	1	they
24	355	aged	1	they
24	356	ten	1	they
24	357	to	1	they
24	358	17	1	they
24	359	and	1	NA
24	360	young	1	NA
24	361	people	1	NA
24	362	under	1	NA
24	363	the	1	NA
24	364	age	1	NA
24	365	of	1	NA
24	366	21	1	NA
24	367	record	1	NA
24	368	the	1	NA
24	369	highest	1	NA
24	370	reoffending	3	NA
24	371	rates:	2	NA
24	372	almost	1	NA
24	373	three	1	NA
24	374	quarters	1	NA
24	375	and	1	NA
24	376	two	1	NA
24	377	thirds,	2	NA
24	378	respectively.	2	NA
24	379	A	1	NA
24	380	good	1	NA
24	381	proportion	1	NA
24	382	of	1	NA
24	383	these	1	them
24	384	offenders	1	them
24	385	go	1	NA
24	386	on	1	NA
24	387	to	1	NA
24	388	populate	1	NA
24	389	adult	1	NA
24	390	jails.	2	NA
24	391	In	1	NA
24	392	Sweden,	2	it,
24	393	no	1	it
24	394	young	1	it
24	395	person	1	it
24	396	under	1	it
24	397	the	1	it
24	398	age	1	it
24	399	of	1	it
24	400	21	1	it
24	401	can	1	it
24	402	be	1	it
24	403	sentenced	1	it
24	404	to	1	it
24	405	life	1	it
24	406	–	1	NA
24	407	this	1	NA
24	408	is	1	NA
24	409	not	1	NA
24	410	the	1	NA
24	411	case	1	NA
24	412	in	1	NA
24	413	many	1	NA
24	414	other	1	NA
24	415	countries	1	NA
24	416	–	1	NA
24	417	and	1	NA
24	418	every	1	NA
24	419	effort	1	NA
24	420	is	1	NA
24	421	made	1	NA
24	422	to	1	NA
24	423	ensure	1	NA
24	424	that	1	NA
24	425	as	1	NA
24	426	few	1	NA
24	427	juvenile	1	NA
24	428	offenders	1	NA
24	429	as	1	NA
24	430	possible	1	NA
24	431	end	1	NA
24	432	up	1	NA
24	433	in	1	NA
24	434	prison.	2	NA
24	435	One	1	NA
24	436	strong	1	NA
24	437	reason	1	NA
24	438	for	1	NA
24	439	the	1	it
24	440	drop	1	it
24	441	in	1	it
24	442	prison	1	it
24	443	numbers	1	it
24	444	might	1	NA
24	445	be	1	NA
24	446	the	1	NA
24	447	amount	1	NA
24	448	of	1	NA
24	449	post-prison	3	NA
24	450	support	1	NA
24	451	available	1	NA
24	452	in	1	NA
24	453	Sweden.	2	it.
24	454	A	1	It
24	455	confident	1	It
24	456	probation	1	It
24	457	service	1	It
24	458	–	1	NA
24	459	a	1	it
24	460	government	1	it
24	461	agency	1	it
24	462	–	1	NA
24	463	is	1	NA
24	464	tasked	1	NA
24	465	not	1	NA
24	466	only	1	NA
24	467	with	1	NA
24	468	supervising	2	NA
24	469	those	1	NA
24	470	on	1	NA
24	471	probation	1	NA
24	472	but	1	NA
24	473	is	1	NA
24	474	also	1	NA
24	475	guaranteed	1	NA
24	476	to	1	NA
24	477	provide	1	NA
24	478	treatment	1	NA
24	479	programs	1	NA
24	480	for	1	NA
24	481	offenders	1	NA
24	482	with	1	NA
24	483	drug,	2	NA
24	484	alcohol	1	NA
24	485	or	1	NA
24	486	violence	1	NA
24	487	issues.	2	NA
24	488	The	1	It
24	489	service	1	It
24	490	is	1	NA
24	491	assisted	1	NA
24	492	by	1	NA
24	493	around	1	they
24	494	4,500	3	they
24	495	lay	1	they
24	496	supervisors	1	they
24	497	–	1	NA
24	498	members	1	they.
24	499	of	1	they.
24	500	the	1	they.
24	501	public	1	they.
24	502	who	1	they.
24	503	volunteer	1	they.
24	504	to	1	they.
24	505	befriend	1	they.
24	506	and	1	they.
24	507	support	1	they.
24	508	offenders	1	they.
24	509	under	1	they.
24	510	supervision.	2	they.
24	511	“In	3	NA
24	512	Sweden,	2	it,
24	513	we	1	NA
24	514	believe	1	NA
24	515	very	1	NA
24	516	much	1	NA
24	517	in	1	NA
24	518	the	1	NA
24	519	concept	1	NA
24	520	of	1	NA
24	521	rehabilitation,	2	NA
24	522	without	1	NA
24	523	being	1	NA
24	524	naive	1	NA
24	525	of	1	NA
24	526	course,”	4	NA
24	527	says	1	NA
24	528	Gustafsson.	4	he.
24	529	“There	3	NA
24	530	are	1	NA
24	531	some	1	NA
24	532	people	1	NA
24	533	who	1	NA
24	534	will	1	NA
24	535	not	1	NA
24	536	or	1	NA
24	537	cannot	1	NA
24	538	change.	2	NA
24	539	But,	2	NA
24	540	in	1	NA
24	541	my	1	NA
24	542	experience,	2	NA
24	543	the	1	they,
24	544	majority	1	they,
24	545	of	1	they,
24	546	prisoners	1	they,
24	547	want	1	they,
24	548	to	1	they,
24	549	change,	2	they,
24	550	and	1	NA
24	551	we	1	NA
24	552	must	1	NA
24	553	do	1	NA
24	554	what	1	NA
24	555	we	1	NA
24	556	can	1	NA
24	557	to	1	NA
24	558	help	1	NA
24	559	to	1	NA
24	560	facilitate	1	NA
24	561	that.	2	NA
24	562	It	1	NA
24	563	is	1	NA
24	564	not	1	NA
24	565	always	1	NA
24	566	possible	1	NA
24	567	to	1	NA
24	568	achieve	1	NA
24	569	this	1	NA
24	570	in	1	NA
24	571	one	1	NA
24	572	prison	1	NA
24	573	sentence.”	4	NA
25	0	Swedish	3	They
25	1	prisons	1	They
25	2	have	1	NA
25	3	a	1	NA
25	4	reputation	1	NA
25	5	around	1	NA
25	6	the	1	NA
25	7	world	1	NA
25	8	for	1	NA
25	9	being	1	NA
25	10	liberal	1	NA
25	11	and	1	NA
25	12	modern.	2	NA
25	13	But	1	NA
25	14	are	1	NA
25	15	the	1	they
25	16	country's	2	they
25	17	prisons	1	they
25	18	too	1	NA
25	19	soft?	2	NA
25	20	The	1	he,
25	21	head	1	he,
25	22	of	1	he,
25	23	Sweden's	2	he,
25	24	prison	1	he,
25	25	and	1	he,
25	26	probation	1	he,
25	27	service,	2	he,
25	28	Nils	2	he,
25	29	Oberg,	3	he,
25	30	said	1	NA
25	31	in	1	NA
25	32	November	1	NA
25	33	2013	1	NA
25	34	that	1	NA
25	35	four	1	NA
25	36	Swedish	1	NA
25	37	prisons	1	NA
25	38	will	1	NA
25	39	close	1	NA
25	40	because	1	NA
25	41	of	1	NA
25	42	an	1	it.
25	43	“out	3	it.
25	44	of	1	it.
25	45	the	1	it.
25	46	ordinary”	3	it.
25	47	drop	1	it.
25	48	in	1	it.
25	49	the	1	it.
25	50	number	1	it.
25	51	of	1	it.
25	52	prisoners.	2	it.
25	53	There	1	NA
25	54	has	1	NA
25	55	been	1	NA
25	56	no	1	NA
25	57	fall	1	NA
25	58	in	1	NA
25	59	crime	1	NA
25	60	rates,	2	NA
25	61	but,	2	NA
25	62	between	1	NA
25	63	2011	1	NA
25	64	and	1	NA
25	65	2012,	2	NA
25	66	there	1	NA
25	67	was	1	NA
25	68	a	1	it,
25	69	6%	2	it,
25	70	drop	1	it,
25	71	in	1	it,
25	72	the	1	it,
25	73	number	1	it,
25	74	of	1	it,
25	75	people	1	it,
25	76	in	1	it,
25	77	Sweden's	2	it,
25	78	prisons,	2	it,
25	79	now	1	NA
25	80	a	1	NA
25	81	little	1	NA
25	82	over	1	NA
25	83	4,500.	4	NA
25	84	Oberg	2	He
25	85	said	1	NA
25	86	he	1	NA
25	87	was	1	NA
25	88	confused	1	NA
25	89	by	1	NA
25	90	the	1	it,
25	91	drop	1	it,
25	92	in	1	it,
25	93	numbers,	2	it,
25	94	but	1	NA
25	95	hoped	1	NA
25	96	that	1	NA
25	97	the	1	NA
25	98	reason	1	NA
25	99	was	1	NA
25	100	to	1	NA
25	101	do	1	NA
25	102	with	1	NA
25	103	how	1	NA
25	104	his	1	they
25	105	prisons	1	they
25	106	are	1	NA
25	107	managed.	2	NA
25	108	“We	3	NA
25	109	certainly	1	NA
25	110	hope	1	NA
25	111	that	1	NA
25	112	the	1	NA
25	113	efforts	1	NA
25	114	we	1	NA
25	115	put	1	NA
25	116	into	1	NA
25	117	rehabilitation	1	NA
25	118	and	1	NA
25	119	into	1	NA
25	120	stopping	1	NA
25	121	criminals	1	them
25	122	from	1	NA
25	123	reoffending	3	NA
25	124	has	1	NA
25	125	made	1	NA
25	126	a	1	NA
25	127	difference,”	4	NA
25	128	he	1	NA
25	129	said.	2	NA
25	130	“The	3	NA
25	131	modern	1	NA
25	132	prison	1	NA
25	133	service	1	NA
25	134	in	1	NA
25	135	Sweden	1	it
25	136	is	1	NA
25	137	very	1	NA
25	138	different	1	NA
25	139	from	1	NA
25	140	when	1	NA
25	141	I	1	NA
25	142	joined	1	NA
25	143	as	1	NA
25	144	a	1	it
25	145	young	1	it
25	146	prison	1	it
25	147	officer	1	it
25	148	in	1	NA
25	149	1978,”	4	NA
25	150	says	1	NA
25	151	Kenneth	1	he,
25	152	Gustafsson,	4	he,
25	153	governor	1	he.
25	154	of	1	he.
25	155	Kumla	2	he.
25	156	Prison,	2	he.
25	157	Sweden's	2	he.
25	158	most	1	he.
25	159	secure	1	he.
25	160	jail.	2	he.
25	161	“When	3	NA
25	162	I	1	NA
25	163	joined,	2	NA
25	164	prisoners	1	NA
25	165	were	1	NA
25	166	treated	1	NA
25	167	well	1	NA
25	168	–	1	NA
25	169	maybe	1	NA
25	170	too	1	NA
25	171	well.	2	NA
25	172	But,	2	NA
25	173	after	1	NA
25	174	high	1	NA
25	175	profile	1	NA
25	176	escapes	1	NA
25	177	in	1	NA
25	178	2004,	2	NA
25	179	we	1	NA
25	180	had	1	NA
25	181	to	1	NA
25	182	make	1	NA
25	183	the	1	them
25	184	prisons	1	them
25	185	more	1	NA
25	186	secure.”	4	NA
25	187	In	1	NA
25	188	Sweden,	2	it,
25	189	prison	1	they
25	190	sentences	1	they
25	191	are	1	NA
25	192	not	1	NA
25	193	usually	1	NA
25	194	for	1	NA
25	195	more	1	NA
25	196	than	1	NA
25	197	ten	1	NA
25	198	years.	2	NA
25	199	Sweden	1	It
25	200	was	1	NA
25	201	the	1	it
25	202	first	1	it
25	203	country	1	it
25	204	in	1	it
25	205	Europe	1	it
25	206	to	1	it
25	207	introduce	1	it
25	208	the	1	it
25	209	electronic	1	it
25	210	tagging	1	it
25	211	of	1	it
25	212	criminals	1	it
25	213	and	1	NA
25	214	it	1	NA
25	215	continues	1	NA
25	216	to	1	NA
25	217	keep	1	NA
25	218	prison	1	them
25	219	sentences	1	them
25	220	short	1	NA
25	221	when	1	NA
25	222	possible	1	NA
25	223	by	1	NA
25	224	using	1	NA
25	225	community-based	3	them.
25	226	punishments.	2	them.
25	227	These	1	NA
25	228	have	1	NA
25	229	stopped	1	NA
25	230	many	1	NA
25	231	criminals	1	NA
25	232	from	1	NA
25	233	reoffending.	4	NA
25	234	The	1	It
25	235	reoffending	3	It
25	236	rate	1	It
25	237	in	1	It
25	238	Sweden	1	It
25	239	is	1	NA
25	240	between	1	NA
25	241	30	1	NA
25	242	and	1	NA
25	243	40%	2	NA
25	244	–	1	NA
25	245	to	1	NA
25	246	compare	1	NA
25	247	that	1	NA
25	248	with	1	NA
25	249	another	1	NA
25	250	European	1	NA
25	251	country,	2	NA
25	252	the	1	it
25	253	number	1	it
25	254	is	1	NA
25	255	around	1	NA
25	256	half	1	NA
25	257	that	1	it
25	258	of	1	NA
25	259	the	1	NA
25	260	UK.	2	NA
25	261	One	1	NA
25	262	thing	1	NA
25	263	that	1	NA
25	264	has	1	NA
25	265	kept	1	NA
25	266	reoffending	3	NA
25	267	down	1	NA
25	268	and	1	NA
25	269	the	1	it
25	270	number	1	it
25	271	of	1	it
25	272	prisoners	1	it
25	273	in	1	it
25	274	Sweden	1	it
25	275	below	1	NA
25	276	70	1	NA
25	277	per	1	NA
25	278	100,000	3	NA
25	279	people	1	NA
25	280	is	1	NA
25	281	that	1	NA
25	282	anyone	1	they
25	283	under	1	they
25	284	15	1	they
25	285	cannot	1	NA
25	286	be	1	NA
25	287	responsible	1	NA
25	288	for	1	NA
25	289	their	1	NA
25	290	crime.	2	NA
25	291	Also,	2	NA
25	292	in	1	NA
25	293	Sweden,	2	it,
25	294	no	1	it
25	295	young	1	it
25	296	person	1	it
25	297	under	1	it
25	298	the	1	it
25	299	age	1	it
25	300	of	1	it
25	301	21	1	it
25	302	can	1	it
25	303	be	1	it
25	304	sentenced	1	it
25	305	to	1	it
25	306	life	1	it
25	307	–	1	NA
25	308	this	1	NA
25	309	is	1	NA
25	310	not	1	NA
25	311	the	1	NA
25	312	same	1	NA
25	313	in	1	NA
25	314	many	1	NA
25	315	other	1	NA
25	316	countries	1	NA
25	317	–	1	NA
25	318	and	1	NA
25	319	they	1	NA
25	320	try	1	NA
25	321	to	1	NA
25	322	keep	1	NA
25	323	young	1	NA
25	324	offenders	1	NA
25	325	out	1	NA
25	326	of	1	NA
25	327	prison.	2	it.
25	328	One	1	It
25	329	reason	1	It
25	330	for	1	It
25	331	the	1	It
25	332	drop	1	It
25	333	in	1	It
25	334	prison	1	It
25	335	numbers	1	It
25	336	might	1	NA
25	337	be	1	NA
25	338	the	1	it.
25	339	amount	1	it.
25	340	of	1	it.
25	341	post-prison	3	it.
25	342	support	1	it.
25	343	available	1	it.
25	344	in	1	it.
25	345	Sweden.	2	it.
25	346	A	1	NA
25	347	government-run	3	NA
25	348	probation	1	NA
25	349	service	1	NA
25	350	gives	1	NA
25	351	treatment	1	NA
25	352	programs	1	NA
25	353	to	1	NA
25	354	offenders	1	them.
25	355	with	1	them.
25	356	drug,	2	them.
25	357	alcohol	1	them.
25	358	or	1	them.
25	359	violence	1	them.
25	360	problems.	2	them.
25	361	Around	1	They
25	362	4,500	3	They
25	363	Swedes	2	They
25	364	help	1	NA
25	365	the	1	NA
25	366	service	1	NA
25	367	–	1	NA
25	368	they	1	NA
25	369	volunteer	1	NA
25	370	to	1	NA
25	371	make	1	NA
25	372	friends	1	NA
25	373	with	1	NA
25	374	and	1	NA
25	375	support	1	NA
25	376	offenders.	2	them.
25	377	“In	3	NA
25	378	Sweden,	2	it,
25	379	we	1	NA
25	380	believe	1	NA
25	381	very	1	NA
25	382	much	1	NA
25	383	in	1	NA
25	384	the	1	NA
25	385	idea	1	NA
25	386	of	1	NA
25	387	rehabilitation,”	4	NA
25	388	says	1	NA
25	389	Gustafsson.	4	he.
25	390	“Of	3	NA
25	391	course,	2	NA
25	392	there	1	NA
25	393	are	1	NA
25	394	some	1	NA
25	395	people	1	NA
25	396	who	1	NA
25	397	will	1	NA
25	398	not	1	NA
25	399	or	1	NA
25	400	cannot	1	NA
25	401	change.	2	NA
25	402	But,	2	NA
25	403	in	1	NA
25	404	my	1	NA
25	405	experience,	2	NA
25	406	most	1	they
25	407	prisoners	1	they
25	408	want	1	NA
25	409	to	1	NA
25	410	change	1	NA
25	411	and	1	NA
25	412	we	1	NA
25	413	must	1	NA
25	414	do	1	NA
25	415	what	1	NA
25	416	we	1	NA
25	417	can	1	NA
25	418	to	1	NA
25	419	help	1	NA
25	420	them.”	4	NA
26	0	Such	1	NA
26	1	is	1	NA
26	2	the	1	NA
26	3	lot	1	NA
26	4	of	1	NA
26	5	the	1	him:
26	6	modern-day	3	him:
26	7	chemist:	2	him:
26	8	you	1	NA
26	9	wait	1	NA
26	10	ages	1	NA
26	11	for	1	NA
26	12	a	1	NA
26	13	new	1	NA
26	14	element	1	NA
26	15	to	1	NA
26	16	turn	1	NA
26	17	up	1	NA
26	18	and	1	NA
26	19	then	1	NA
26	20	four	1	they
26	21	come	1	NA
26	22	along	1	NA
26	23	at	1	NA
26	24	once.	2	NA
26	25	Discovered	2	NA
26	26	by	1	NA
26	27	researchers	1	them,
26	28	in	1	them,
26	29	Japan,	2	them,
26	30	Russia	1	them,
26	31	and	1	them,
26	32	the	1	them,
26	33	US,	2	them,
26	34	the	1	they
26	35	four	1	they
26	36	new	1	they
26	37	elements	1	they
26	38	are	1	NA
26	39	the	1	they.
26	40	first	1	they.
26	41	to	1	they.
26	42	be	1	they.
26	43	added	1	they.
26	44	to	1	they.
26	45	the	1	they.
26	46	periodic	1	they.
26	47	table	1	they.
26	48	since	1	they.
26	49	2011,	2	they.
26	50	when	1	they.
26	51	elements	1	they.
26	52	114	1	they.
26	53	and	1	they.
26	54	116	1	they.
26	55	were	1	they.
26	56	included.	2	they.
26	57	The	1	They,
26	58	new	1	They,
26	59	elements,	2	They,
26	60	all	1	NA
26	61	spectacularly	2	NA
26	62	short-lived	3	NA
26	63	and	1	NA
26	64	highly	1	NA
26	65	radioactive,	2	NA
26	66	complete	1	NA
26	67	the	1	its
26	68	periodic	1	its
26	69	table's	2	its
26	70	seventh	1	its
26	71	row	1	its
26	72	and	1	NA
26	73	render	1	NA
26	74	science	1	NA
26	75	textbooks	1	NA
26	76	around	1	NA
26	77	the	1	themselves
26	78	world	1	themselves
26	79	out	1	NA
26	80	of	1	NA
26	81	date.	2	NA
26	82	The	1	It
26	83	US-based	3	It
26	84	International	1	It
26	85	Union	1	It
26	86	of	1	It
26	87	Pure	1	It
26	88	and	1	It
26	89	Applied	1	It
26	90	Chemistry	1	It
26	91	(IUPAC),	5	(it),
26	92	the	1	it,
26	93	global	1	it,
26	94	organization	1	it,
26	95	that	1	it,
26	96	governs	1	it,
26	97	chemical	1	it,
26	98	nomenclature,	5	it,
26	99	terminology	1	it,
26	100	and	1	it,
26	101	measurement,	2	it,
26	102	verified	1	NA
26	103	the	1	them
26	104	elements	1	them
26	105	on	1	NA
26	106	30	1	NA
26	107	December,	2	NA
26	108	2015	1	NA
26	109	after	1	NA
26	110	poring	2	NA
26	111	over	1	NA
26	112	studies	1	NA
26	113	dating	1	NA
26	114	back	1	NA
26	115	to	1	NA
26	116	2004.	2	NA
26	117	The	1	They
26	118	scientists	1	They
26	119	who	1	They
26	120	found	1	They
26	121	them	1	They
26	122	must	1	NA
26	123	now	1	NA
26	124	come	1	NA
26	125	up	1	NA
26	126	with	1	NA
26	127	formal	1	them
26	128	names	1	them
26	129	to	1	NA
26	130	replace	1	NA
26	131	the	1	them
26	132	clunky	2	them
26	133	Latin-	2	them
26	134	based	1	them
26	135	placeholders	2	them
26	136	–	1	NA
26	137	ununtrium,	4	they
26	138	ununpentium,	5	they
26	139	ununseptium	5	they
26	140	and	1	they
26	141	ununoctium	4	they
26	142	–	1	NA
26	143	which	1	NA
26	144	reflect	1	NA
26	145	their	1	their,
26	146	atomic	1	their,
26	147	numbers,	2	their,
26	148	113,	2	NA
26	149	115,	2	it,
26	150	117,	2	NA
26	151	and	1	NA
26	152	118.	2	it.
26	153	The	1	It
26	154	atomic	1	It
26	155	number	1	It
26	156	is	1	NA
26	157	the	1	it.
26	158	number	1	it.
26	159	of	1	it.
26	160	protons	2	it.
26	161	found	1	it.
26	162	in	1	it.
26	163	an	1	it.
26	164	element's	2	it.
26	165	atomic	1	it.
26	166	nucleus.	2	it.
26	167	IUPAC	3	It
26	168	announced	1	NA
26	169	that	1	NA
26	170	a	1	it
26	171	Russian-American	3	it
26	172	team	1	it
26	173	of	1	it
26	174	scientists	1	it
26	175	at	1	it
26	176	the	1	it
26	177	Joint	1	it
26	178	Institute	1	it
26	179	for	1	it
26	180	Nuclear	1	it
26	181	Research	1	it
26	182	in	1	it
26	183	Dubna	2	it
26	184	and	1	it
26	185	Lawrence	1	it
26	186	Livermore	2	it
26	187	National	1	it
26	188	Laboratory	1	it
26	189	in	1	it
26	190	California	1	it
26	191	had	1	NA
26	192	produced	1	NA
26	193	sufficient	1	NA
26	194	evidence	1	NA
26	195	to	1	NA
26	196	claim	1	NA
26	197	the	1	it.
26	198	discovery	1	it.
26	199	of	1	it.
26	200	elements	1	it.
26	201	115,	2	it.
26	202	117	1	it.
26	203	and	1	it.
26	204	118.	2	it.
26	205	The	1	It
26	206	body	1	It
26	207	awarded	1	NA
26	208	credit	1	NA
26	209	for	1	NA
26	210	the	1	it,
26	211	discovery	1	it,
26	212	of	1	it,
26	213	element	1	it,
26	214	113,	2	it,
26	215	which	1	it,
26	216	had	1	it,
26	217	also	1	it,
26	218	been	1	it,
26	219	claimed	1	it,
26	220	by	1	it,
26	221	the	1	it,
26	222	Russians	1	it,
26	223	and	1	it,
26	224	Americans,	2	it,
26	225	to	1	NA
26	226	a	1	NA
26	227	team	1	NA
26	228	of	1	NA
26	229	scientists	1	NA
26	230	from	1	NA
26	231	the	1	NA
26	232	RIKEN	3	NA
26	233	Institute	1	NA
26	234	in	1	NA
26	235	Japan.	2	it.
26	236	The	1	NA
26	237	decision	1	NA
26	238	means	1	NA
26	239	Japan	1	it
26	240	becomes	1	NA
26	241	the	1	it.
26	242	first	1	it.
26	243	Asian	1	it.
26	244	country	1	it.
26	245	to	1	it.
26	246	name	1	it.
26	247	an	1	it.
26	248	element.	2	it.
26	249	Under	1	NA
26	250	IUPAC	3	its
26	251	rules,	2	NA
26	252	new	1	NA
26	253	elements	1	NA
26	254	can	1	NA
26	255	be	1	NA
26	256	named	1	NA
26	257	after	1	NA
26	258	mythological	2	NA
26	259	concepts,	2	NA
26	260	minerals,	2	NA
26	261	a	1	NA
26	262	place	1	NA
26	263	or	1	NA
26	264	country,	2	NA
26	265	or	1	NA
26	266	a	1	NA
26	267	scientist.	2	NA
26	268	When	1	NA
26	269	elements	1	they
26	270	114	1	they
26	271	and	1	they
26	272	116	1	they
26	273	were	1	NA
26	274	assigned	1	NA
26	275	formal	1	their
26	276	names	1	their
26	277	in	1	NA
26	278	2012,	2	NA
26	279	scientists	1	they
26	280	chose	1	NA
26	281	flerovium	4	it
26	282	and	1	NA
26	283	livermorium	3	it
26	284	respectively,	2	NA
26	285	after	1	NA
26	286	the	1	NA
26	287	Flerov	3	NA
26	288	Lab	1	NA
26	289	at	1	NA
26	290	Dubna's	3	its
26	291	Joint	1	its
26	292	Institute	1	its
26	293	of	1	its
26	294	Research	1	its
26	295	and	1	NA
26	296	the	1	its.
26	297	Lawrence	1	its.
26	298	Livermore	2	its.
26	299	Lab	1	its.
26	300	in	1	its.
26	301	the	1	its.
26	302	US,	2	its.
26	303	where	1	its.
26	304	the	1	its.
26	305	elements	1	its.
26	306	were	1	its.
26	307	discovered.	2	its.
26	308	Kosuke	2	He,
26	309	Morita,	3	He,
26	310	who	1	He,
26	311	led	1	He,
26	312	the	1	He,
26	313	research	1	He,
26	314	at	1	He,
26	315	RIKEN,	4	He,
26	316	said	1	NA
26	317	his	1	his
26	318	team	1	his
26	319	now	1	NA
26	320	planned	1	NA
26	321	to	1	NA
26	322	“look	3	NA
26	323	into	1	NA
26	324	the	1	NA
26	325	uncharted	2	NA
26	326	territory	1	NA
26	327	of	1	NA
26	328	element	1	NA
26	329	119	1	NA
26	330	and	1	NA
26	331	beyond.”	4	NA
26	332	Jan	1	he,
26	333	Reedijk,	3	he,
26	334	president	1	he,
26	335	of	1	he,
26	336	the	1	he,
26	337	Inorganic	2	he,
26	338	Chemistry	1	he,
26	339	Division	1	he,
26	340	of	1	he,
26	341	IUPAC,	4	he,
26	342	said:	2	NA
26	343	“The	3	“it
26	344	chemistry	1	“it
26	345	community	1	“it
26	346	is	1	NA
26	347	eager	1	NA
26	348	to	1	NA
26	349	see	1	NA
26	350	its	1	NA
26	351	most	1	NA
26	352	cherished	1	NA
26	353	table	1	NA
26	354	finally	1	NA
26	355	being	1	NA
26	356	completed	1	NA
26	357	down	1	NA
26	358	to	1	NA
26	359	the	1	its.”
26	360	seventh	1	its.”
26	361	row.”	4	its.”
26	362	The	1	it
26	363	Japanese	1	it
26	364	team	1	it
26	365	is	1	NA
26	366	believed	1	NA
26	367	to	1	NA
26	368	be	1	NA
26	369	considering	1	NA
26	370	three	1	NA
26	371	names	1	NA
26	372	for	1	NA
26	373	ununtrium:	4	it:
26	374	japonium,	4	NA
26	375	rikenium	3	NA
26	376	and	1	NA
26	377	nishinarium,	5	NA
26	378	after	1	NA
26	379	the	1	NA
26	380	Nishina	2	NA
26	381	Center	1	NA
26	382	for	1	NA
26	383	Accelerator-Based	4	NA
26	384	Science,	2	NA
26	385	where	1	NA
26	386	the	1	it
26	387	element	1	it
26	388	was	1	NA
26	389	found.	2	NA
26	390	“They	3	NA
26	391	will	1	NA
26	392	have	1	NA
26	393	been	1	NA
26	394	thinking	1	NA
26	395	about	1	NA
26	396	it	1	NA
26	397	for	1	NA
26	398	a	1	NA
26	399	while	1	NA
26	400	already,”	4	NA
26	401	said	1	NA
26	402	Polly	1	she,
26	403	Arnold,	2	she,
26	404	professor	1	she.
26	405	of	1	she.
26	406	chemistry	1	she.
26	407	at	1	she.
26	408	Edinburgh	1	she.
26	409	University.	2	she.
26	410	“This	3	NA
26	411	is	1	NA
26	412	painstaking	1	it.
26	413	work.	2	it.
26	414	All	1	NA
26	415	this	1	NA
26	416	trying	1	NA
26	417	to	1	NA
26	418	understand	1	NA
26	419	Mother	1	her
26	420	Nature	1	her
26	421	helps	1	NA
26	422	us	1	NA
26	423	with	1	NA
26	424	our	1	NA
26	425	models	1	NA
26	426	and	1	NA
26	427	with	1	NA
26	428	understanding	1	NA
26	429	radioactive	1	NA
26	430	decay.	2	NA
26	431	If	1	NA
26	432	we	1	NA
26	433	understand	1	NA
26	434	it	1	NA
26	435	better,	2	NA
26	436	hopefully	1	NA
26	437	we	1	NA
26	438	can	1	NA
26	439	do	1	NA
26	440	better	1	NA
26	441	at	1	NA
26	442	dealing	1	NA
26	443	with	1	NA
26	444	nuclear	1	NA
26	445	waste	1	NA
26	446	and	1	NA
26	447	things	1	NA
26	448	that	1	NA
26	449	are	1	NA
26	450	important	1	NA
26	451	in	1	NA
26	452	the	1	it.
26	453	real	1	it.
26	454	world.	2	it.
26	455	It	1	NA
26	456	also	1	NA
26	457	leads	1	NA
26	458	to	1	NA
26	459	fantastic	1	NA
26	460	technological	1	NA
26	461	advances	1	NA
26	462	in	1	NA
26	463	building	1	NA
26	464	the	1	NA
26	465	equipment	1	NA
26	466	to	1	NA
26	467	make	1	NA
26	468	these	1	NA
26	469	observations.”	4	NA
26	470	Along	1	NA
26	471	with	1	NA
26	472	new	1	them,
26	473	names,	2	them,
26	474	the	1	they
26	475	scientists	1	they
26	476	must	1	NA
26	477	propose	1	NA
26	478	two-letter	3	their.
26	479	symbols	1	their.
26	480	for	1	their.
26	481	the	1	their.
26	482	elements.	2	their.
26	483	When	1	NA
26	484	IUPAC	3	it
26	485	has	1	NA
26	486	received	1	NA
26	487	the	1	them,
26	488	researchers'	2	them,
26	489	suggestions,	2	them,
26	490	they	1	they.
26	491	will	1	they.
26	492	be	1	they.
26	493	put	1	they.
26	494	up	1	they.
26	495	for	1	they.
26	496	public	1	they.
26	497	review	1	they.
26	498	for	1	they.
26	499	five	1	they.
26	500	months.	2	they.
26	501	That	1	NA
26	502	allows	1	NA
26	503	scientists	1	NA
26	504	and	1	NA
26	505	others	1	NA
26	506	to	1	NA
26	507	raise	1	NA
26	508	any	1	NA
26	509	objections.	2	NA
26	510	In	1	NA
26	511	1996,	2	NA
26	512	the	1	it
26	513	symbol	1	it
26	514	Cp	2	it
26	515	was	1	NA
26	516	proposed	1	NA
26	517	for	1	NA
26	518	copernicium,	5	it,
26	519	or	1	NA
26	520	element	1	it,
26	521	112,	2	it,
26	522	but	1	NA
26	523	it	1	NA
26	524	was	1	NA
26	525	swapped	1	NA
26	526	to	1	NA
26	527	Cn	2	NA
26	528	when	1	NA
26	529	scientists	1	NA
26	530	complained	1	NA
26	531	that	1	NA
26	532	Cp	2	it
26	533	referred	1	NA
26	534	to	1	NA
26	535	another	1	NA
26	536	substance.	2	NA
26	537	To	1	NA
26	538	discover	1	NA
26	539	the	1	them,
26	540	elements,	2	them,
26	541	researchers	1	they
26	542	at	1	they
26	543	the	1	they
26	544	three	1	they
26	545	labs	1	they
26	546	slammed	1	NA
26	547	lighter	1	NA
26	548	nuclei	2	NA
26	549	into	1	NA
26	550	one	1	NA
26	551	another	1	NA
26	552	and	1	NA
26	553	looked	1	NA
26	554	for	1	NA
26	555	signature	1	NA
26	556	radioactive	1	NA
26	557	decays	2	NA
26	558	that	1	NA
26	559	should	1	NA
26	560	come	1	NA
26	561	from	1	NA
26	562	the	1	them.
26	563	new	1	them.
26	564	elements.	2	them.
26	565	Ununtrium	3	It
26	566	and	1	NA
26	567	ununpentium	4	it
26	568	are	1	NA
26	569	thought	1	NA
26	570	to	1	NA
26	571	be	1	NA
26	572	metals,	2	NA
26	573	while	1	NA
26	574	ununseptium	5	it
26	575	could	1	NA
26	576	be	1	NA
26	577	a	1	it
26	578	metalloid	3	it
26	579	–	1	NA
26	580	a	1	it.
26	581	material	1	it.
26	582	bearing	1	it.
26	583	some	1	it.
26	584	metallic	1	it.
26	585	properties.	2	it.
26	586	The	1	It,
26	587	fourth	1	It,
26	588	element,	2	It,
26	589	ununoctium,	5	it,
26	590	may	1	NA
26	591	be	1	NA
26	592	a	1	NA
26	593	noble	1	NA
26	594	gas,	2	NA
26	595	like	1	NA
26	596	other	1	NA
26	597	group-18	3	NA
26	598	elements,	2	NA
26	599	helium,	2	NA
26	600	neon	1	NA
26	601	and	1	NA
26	602	argon.	3	NA
26	603	It	1	NA
26	604	is	1	NA
26	605	hard	1	NA
26	606	to	1	it
26	607	know	1	it
26	608	for	1	it
26	609	sure	1	it
26	610	because	1	NA
26	611	so	1	NA
26	612	few	1	NA
26	613	atoms	1	NA
26	614	of	1	NA
26	615	each	1	NA
26	616	element	1	NA
26	617	have	1	NA
26	618	ever	1	NA
26	619	been	1	NA
26	620	made.	2	NA
26	621	Paul	1	He,
26	622	Karol,	3	He,
26	623	chair	1	he,
26	624	of	1	he,
26	625	the	1	he,
26	626	IUPAC	3	he,
26	627	panel	1	he,
26	628	that	1	he,
26	629	verified	1	he,
26	630	the	1	he,
26	631	elements,	2	he,
26	632	said:	2	NA
26	633	“Practical	4	NA
26	634	applications	1	NA
26	635	of	1	NA
26	636	the	1	them,
26	637	new	1	them,
26	638	elements,	2	them,
26	639	if	1	NA
26	640	any,	2	NA
26	641	are	1	NA
26	642	a	1	NA
26	643	long	1	NA
26	644	way	1	NA
26	645	off	1	NA
26	646	because	1	NA
26	647	of	1	NA
26	648	the	1	NA
26	649	difficulty	1	NA
26	650	in	1	NA
26	651	synthesis.”	4	NA
27	0	Chemists	2	They
27	1	have	1	NA
27	2	waited	1	NA
27	3	a	1	NA
27	4	long	1	NA
27	5	time	1	NA
27	6	to	1	NA
27	7	find	1	NA
27	8	a	1	NA
27	9	new	1	NA
27	10	element	1	NA
27	11	and,	2	NA
27	12	now,	2	NA
27	13	researchers	1	they
27	14	in	1	they
27	15	Japan,	2	they
27	16	Russia	1	they
27	17	and	1	they
27	18	the	1	they
27	19	US	1	they
27	20	have	1	NA
27	21	discovered	1	NA
27	22	four.	2	them.
27	23	The	1	They
27	24	four	1	They
27	25	new	1	They
27	26	elements	1	They
27	27	will	1	NA
27	28	be	1	NA
27	29	added	1	NA
27	30	to	1	NA
27	31	the	1	it.
27	32	periodic	1	it.
27	33	table.	2	it.
27	34	They	1	NA
27	35	are	1	NA
27	36	the	1	them.
27	37	first	1	them.
27	38	elements	1	them.
27	39	to	1	them.
27	40	be	1	them.
27	41	added	1	them.
27	42	since	1	them.
27	43	2011,	2	them.
27	44	when	1	them.
27	45	elements	1	them.
27	46	114	1	them.
27	47	and	1	them.
27	48	116	1	them.
27	49	were	1	them.
27	50	included.	2	them.
27	51	The	1	They,
27	52	new	1	They,
27	53	elements,	2	They,
27	54	all	1	NA
27	55	very	1	NA
27	56	radioactive,	2	NA
27	57	complete	1	NA
27	58	the	1	it.
27	59	seventh	1	it.
27	60	row	1	it.
27	61	of	1	it.
27	62	the	1	it.
27	63	periodic	1	it.
27	64	table.	2	it.
27	65	The	1	It
27	66	International	1	It
27	67	Union	1	It
27	68	of	1	It
27	69	Pure	1	It
27	70	and	1	It
27	71	Applied	1	It
27	72	Chemistry	1	It
27	73	(IUPAC)	5	(it)
27	74	is	1	NA
27	75	the	1	it.
27	76	global	1	it.
27	77	organization	1	it.
27	78	that	1	it.
27	79	controls	1	it.
27	80	chemical	1	it.
27	81	names.	2	it.
27	82	IUPAC	3	It
27	83	confirmed	1	NA
27	84	the	1	them
27	85	new	1	them
27	86	elements	1	them
27	87	on	1	NA
27	88	30	1	NA
27	89	December,	2	NA
27	90	2015	1	NA
27	91	after	1	NA
27	92	examining	1	NA
27	93	studies	1	NA
27	94	dating	1	NA
27	95	back	1	NA
27	96	to	1	NA
27	97	2004.	2	NA
27	98	The	1	They
27	99	scientists	1	They
27	100	who	1	They
27	101	found	1	They
27	102	them	1	They
27	103	must	1	NA
27	104	now	1	NA
27	105	think	1	NA
27	106	of	1	NA
27	107	formal	1	NA
27	108	names	1	NA
27	109	for	1	NA
27	110	the	1	them.
27	111	elements,	2	them.
27	112	which	1	them.
27	113	have	1	them.
27	114	the	1	them.
27	115	atomic	1	them.
27	116	numbers,	2	them.
27	117	113,	2	them.
27	118	115,	2	them.
27	119	117,	2	them.
27	120	and	1	them.
27	121	118.	2	them.
27	122	The	1	It
27	123	atomic	1	It
27	124	number	1	It
27	125	is	1	NA
27	126	the	1	it.
27	127	number	1	it.
27	128	of	1	it.
27	129	protons	2	it.
27	130	in	1	it.
27	131	an	1	it.
27	132	element's	2	it.
27	133	atomic	1	it.
27	134	nucleus.	2	it.
27	135	IUPAC	3	It
27	136	said	1	NA
27	137	that	1	NA
27	138	a	1	NA
27	139	Russian-American	3	NA
27	140	team	1	NA
27	141	of	1	NA
27	142	scientists	1	NA
27	143	at	1	NA
27	144	the	1	it
27	145	Joint	1	it
27	146	Institute	1	it
27	147	for	1	it
27	148	Nuclear	1	it
27	149	Research	1	it
27	150	in	1	it
27	151	Dubna	2	it
27	152	and	1	NA
27	153	Lawrence	1	it
27	154	Livermore	2	it
27	155	National	1	it
27	156	Laboratory	1	it
27	157	in	1	it
27	158	California	1	it
27	159	had	1	NA
27	160	discovered	1	NA
27	161	elements	1	them.
27	162	115,	2	them.
27	163	117	1	them.
27	164	and	1	them.
27	165	118.	2	them.
27	166	The	1	It
27	167	organization	1	It
27	168	said	1	NA
27	169	a	1	they
27	170	team	1	they
27	171	of	1	they
27	172	scientists	1	they
27	173	from	1	they
27	174	the	1	they
27	175	RIKEN	3	they
27	176	Institute	1	they
27	177	in	1	they
27	178	Japan	1	they
27	179	discovered	1	NA
27	180	element	1	it.
27	181	113.	2	it.
27	182	The	1	NA
27	183	decision	1	NA
27	184	means	1	NA
27	185	Japan	1	it
27	186	becomes	1	NA
27	187	the	1	it.
27	188	first	1	it.
27	189	Asian	1	it.
27	190	country	1	it.
27	191	to	1	it.
27	192	name	1	it.
27	193	an	1	it.
27	194	element.	2	it.
27	195	Under	1	NA
27	196	IUPAC	3	its
27	197	rules,	2	NA
27	198	new	1	NA
27	199	elements	1	NA
27	200	can	1	NA
27	201	be	1	NA
27	202	named	1	NA
27	203	after	1	NA
27	204	mythological	2	NA
27	205	concepts,	2	NA
27	206	minerals,	2	NA
27	207	a	1	NA
27	208	place	1	NA
27	209	or	1	NA
27	210	country,	2	NA
27	211	or	1	NA
27	212	a	1	NA
27	213	scientist.	2	NA
27	214	In	1	NA
27	215	2012,	2	NA
27	216	scientists	1	they
27	217	chose	1	NA
27	218	the	1	NA
27	219	formal	1	NA
27	220	name	1	NA
27	221	flerovium	4	NA
27	222	for	1	NA
27	223	element	1	it,
27	224	114,	2	it,
27	225	after	1	NA
27	226	the	1	NA
27	227	Flerov	3	NA
27	228	Lab	1	NA
27	229	at	1	NA
27	230	Dubna's	3	it.
27	231	Joint	1	it.
27	232	Institute	1	it.
27	233	of	1	it.
27	234	Research.	2	it.
27	235	And	1	NA
27	236	they	1	NA
27	237	chose	1	NA
27	238	the	1	NA
27	239	formal	1	NA
27	240	name	1	NA
27	241	livermorium	3	NA
27	242	for	1	NA
27	243	element	1	it,
27	244	116,	2	it,
27	245	after	1	NA
27	246	the	1	it.
27	247	Lawrence	1	it.
27	248	Livermore	2	it.
27	249	Lab	1	it.
27	250	in	1	it.
27	251	the	1	it.
27	252	US.	2	it.
27	253	The	1	They
27	254	elements	1	They
27	255	were	1	NA
27	256	discovered	1	NA
27	257	there.	2	NA
27	258	Kosuke	2	He,
27	259	Morita,	3	He,
27	260	who	1	He,
27	261	led	1	He,
27	262	the	1	He,
27	263	research	1	He,
27	264	at	1	He,
27	265	RIKEN,	4	He,
27	266	said	1	NA
27	267	his	1	his
27	268	team	1	his
27	269	now	1	NA
27	270	planned	1	NA
27	271	to	1	NA
27	272	“look	3	NA
27	273	into	1	NA
27	274	the	1	it
27	275	undiscovered	2	it
27	276	element	1	it
27	277	119	1	it
27	278	and	1	NA
27	279	beyond.”	4	NA
27	280	Jan	1	NA
27	281	Reedijk	2	NA
27	282	of	1	NA
27	283	IUPAC	3	it
27	284	said:	2	NA
27	285	“Chemists	4	“they
27	286	want	1	NA
27	287	to	1	NA
27	288	see	1	NA
27	289	the	1	it
27	290	periodic	1	it
27	291	table	1	it
27	292	finally	1	NA
27	293	completed	1	NA
27	294	down	1	NA
27	295	to	1	NA
27	296	the	1	its.”
27	297	seventh	1	its.”
27	298	row.”	4	its.”
27	299	The	1	it
27	300	Japanese	1	it
27	301	team	1	it
27	302	is	1	NA
27	303	considering	1	NA
27	304	three	1	them:
27	305	names	1	them:
27	306	for	1	them:
27	307	element	1	them:
27	308	113:	2	them:
27	309	japonium,	4	it,
27	310	rikenium	3	NA
27	311	and	1	NA
27	312	nishinarium,	5	NA
27	313	after	1	NA
27	314	the	1	NA
27	315	Nishina	2	NA
27	316	Center	1	NA
27	317	for	1	NA
27	318	Accelerator-Based	4	NA
27	319	Science,	2	NA
27	320	where	1	NA
27	321	they	1	NA
27	322	found	1	NA
27	323	the	1	it.
27	324	element.	2	it.
27	325	Polly	1	She,
27	326	Arnold,	2	She,
27	327	professor	1	he,
27	328	of	1	he,
27	329	chemistry	1	he,
27	330	at	1	he,
27	331	Edinburgh	1	he,
27	332	University,	2	he,
27	333	said,	2	NA
27	334	“This	3	NA
27	335	is	1	NA
27	336	very	1	it.
27	337	difficult	1	it.
27	338	and	1	it.
27	339	slow	1	it.
27	340	work.	2	it.
27	341	The	1	It
27	342	work	1	It
27	343	helps	1	NA
27	344	us	1	NA
27	345	understand	1	NA
27	346	radioactive	1	it.
27	347	decay.	2	it.
27	348	If	1	NA
27	349	we	1	NA
27	350	understand	1	NA
27	351	it	1	NA
27	352	better,	2	NA
27	353	hopefully	1	NA
27	354	we	1	NA
27	355	can	1	NA
27	356	find	1	NA
27	357	a	1	NA
27	358	better	1	NA
27	359	way	1	NA
27	360	to	1	NA
27	361	deal	1	NA
27	362	with	1	NA
27	363	nuclear	1	NA
27	364	waste	1	NA
27	365	and	1	NA
27	366	things	1	NA
27	367	that	1	NA
27	368	are	1	NA
27	369	important	1	NA
27	370	in	1	NA
27	371	the	1	NA
27	372	real	1	NA
27	373	world.	2	NA
27	374	And,	2	NA
27	375	when	1	they,
27	376	they	1	they,
27	377	build	1	they,
27	378	the	1	they,
27	379	equipment	1	they,
27	380	to	1	they,
27	381	make	1	they,
27	382	these	1	they,
27	383	discoveries,	2	they,
27	384	it	1	NA
27	385	also	1	NA
27	386	leads	1	NA
27	387	to	1	NA
27	388	fantastic	1	NA
27	389	improvements	1	NA
27	390	in	1	NA
27	391	technology.”	4	NA
27	392	Scientists	1	they
27	393	must	1	NA
27	394	find	1	NA
27	395	new	1	them
27	396	names	1	them
27	397	for	1	them
27	398	the	1	them
27	399	elements	1	them
27	400	but,	2	NA
27	401	also,	2	NA
27	402	they	1	NA
27	403	must	1	NA
27	404	suggest	1	NA
27	405	two-letter	3	them.
27	406	symbols	1	them.
27	407	for	1	them.
27	408	the	1	them.
27	409	elements.	2	them.
27	410	When	1	NA
27	411	IUPAC	3	it
27	412	has	1	NA
27	413	received	1	NA
27	414	the	1	its'
27	415	researchers'	2	its'
27	416	suggestions,	2	NA
27	417	they	1	it.
27	418	will	1	it.
27	419	tell	1	it.
27	420	the	1	it.
27	421	public	1	it.
27	422	so	1	it.
27	423	that	1	it.
27	424	people	1	it.
27	425	can	1	it.
27	426	comment	1	it.
27	427	on	1	it.
27	428	the	1	it.
27	429	names.	2	it.
27	430	That	1	NA
27	431	allows	1	NA
27	432	scientists	1	them
27	433	and	1	NA
27	434	others	1	NA
27	435	to	1	NA
27	436	find	1	NA
27	437	any	1	NA
27	438	problems	1	NA
27	439	with	1	NA
27	440	the	1	them.
27	441	names.	2	them.
27	442	In	1	NA
27	443	1996,	2	NA
27	444	someone	1	NA
27	445	suggested	1	NA
27	446	the	1	it,
27	447	symbol	1	it,
27	448	Cp	2	it,
27	449	for	1	it,
27	450	copernicium,	5	it,
27	451	or	1	it,
27	452	element	1	it,
27	453	112,	2	it,
27	454	but	1	NA
27	455	it	1	NA
27	456	was	1	NA
27	457	changed	1	NA
27	458	to	1	NA
27	459	Cn,	3	NA
27	460	when	1	NA
27	461	scientists	1	NA
27	462	complained	1	NA
27	463	that	1	NA
27	464	Cp	2	it
27	465	was	1	NA
27	466	already	1	NA
27	467	the	1	it.
27	468	symbol	1	it.
27	469	for	1	it.
27	470	another	1	it.
27	471	substance.	2	it.
27	472	To	1	NA
27	473	discover	1	NA
27	474	the	1	them,
27	475	elements,	2	them,
27	476	researchers	1	they
27	477	at	1	they
27	478	the	1	they
27	479	three	1	they
27	480	labs	1	they
27	481	crashed	1	NA
27	482	lighter	1	NA
27	483	nuclei	2	NA
27	484	into	1	NA
27	485	one	1	NA
27	486	another	1	NA
27	487	and	1	NA
27	488	looked	1	NA
27	489	for	1	NA
27	490	the	1	NA
27	491	radioactive	1	NA
27	492	decays	2	NA
27	493	that	1	NA
27	494	should	1	NA
27	495	come	1	NA
27	496	from	1	NA
27	497	the	1	them.
27	498	new	1	them.
27	499	elements.	2	them.
27	500	113	1	NA
27	501	and	1	NA
27	502	115	1	it
27	503	are	1	NA
27	504	probably	1	NA
27	505	metals.	2	NA
27	506	117	1	It
27	507	could	1	NA
27	508	be	1	NA
27	509	a	1	it
27	510	metalloid	3	it
27	511	–	1	NA
27	512	a	1	it.
27	513	material	1	it.
27	514	with	1	it.
27	515	some	1	it.
27	516	metallic	1	it.
27	517	characteristics.	2	it.
27	518	The	1	NA
27	519	fourth	1	NA
27	520	element,	2	NA
27	521	118,	2	it,
27	522	may	1	NA
27	523	be	1	NA
27	524	a	1	NA
27	525	gas.	2	NA
27	526	Paul	1	He,
27	527	Karol,	3	He,
27	528	chair	1	he,
27	529	of	1	he,
27	530	the	1	he,
27	531	IUPAC	3	he,
27	532	panel	1	he,
27	533	that	1	he,
27	534	checked	1	he,
27	535	the	1	he,
27	536	elements,	2	he,
27	537	said:	2	NA
27	538	“It	3	NA
27	539	will	1	NA
27	540	be	1	NA
27	541	a	1	NA
27	542	long	1	NA
27	543	time	1	NA
27	544	before	1	NA
27	545	we	1	NA
27	546	can	1	NA
27	547	find	1	NA
27	548	practical	1	NA
27	549	uses	1	NA
27	550	for	1	NA
27	551	the	1	them.”
27	552	new	1	them.”
27	553	elements.”	4	them.”
28	0	Police	1	NA
28	1	and	1	NA
28	2	intelligence	1	NA
28	3	agencies	1	NA
28	4	around	1	NA
28	5	the	1	it
28	6	world	1	it
28	7	have,	2	NA
28	8	for	1	NA
28	9	almost	1	NA
28	10	100	1	NA
28	11	years,	2	NA
28	12	relied	1	NA
28	13	on	1	NA
28	14	polygraphs	3	them
28	15	as	1	NA
28	16	lie	1	NA
28	17	detectors	1	NA
28	18	to	1	NA
28	19	help	1	NA
28	20	convict	1	NA
28	21	criminals	1	NA
28	22	or	1	NA
28	23	unearth	2	NA
28	24	spies	1	NA
28	25	and	1	NA
28	26	traitors.	3	NA
28	27	The	1	It
28	28	polygraph	2	It
28	29	is	1	NA
28	30	beloved	1	NA
28	31	of	1	NA
28	32	the	1	them,
28	33	movies,	2	them,
28	34	with	1	NA
28	35	countless	1	NA
28	36	dramatic	1	NA
28	37	moments	1	NA
28	38	showing	1	NA
28	39	the	1	them
28	40	guilty	1	them
28	41	sweating	1	NA
28	42	profusely	3	NA
28	43	as	1	NA
28	44	they	1	NA
28	45	are	1	NA
28	46	hooked	1	NA
28	47	up.	2	NA
28	48	But	1	NA
28	49	the	1	it
28	50	invention	1	it
28	51	could	1	NA
28	52	soon	1	NA
28	53	be	1	NA
28	54	defunct.	2	NA
28	55	Researchers	1	They
28	56	in	1	They
28	57	Britain	1	They
28	58	and	1	They
28	59	the	1	They
28	60	Netherlands	1	They
28	61	have	1	NA
28	62	made	1	NA
28	63	a	1	NA
28	64	breakthrough,	2	NA
28	65	developing	1	NA
28	66	a	1	it.
28	67	method	1	it.
28	68	with	1	it.
28	69	a	1	it.
28	70	success	1	it.
28	71	rate	1	it.
28	72	in	1	it.
28	73	tests	1	it.
28	74	of	1	it.
28	75	over	1	it.
28	76	70%	2	it.
28	77	that	1	it.
28	78	could	1	it.
28	79	be	1	it.
28	80	in	1	it.
28	81	use	1	it.
28	82	in	1	it.
28	83	police	1	it.
28	84	stations	1	it.
28	85	around	1	it.
28	86	the	1	it.
28	87	world	1	it.
28	88	within	1	it.
28	89	a	1	it.
28	90	decade.	2	it.
28	91	Rather	1	NA
28	92	than	1	NA
28	93	relying	1	NA
28	94	on	1	NA
28	95	facial	1	NA
28	96	tics,	3	NA
28	97	talking	1	NA
28	98	too	1	NA
28	99	much	1	NA
28	100	or	1	NA
28	101	waving	1	NA
28	102	of	1	NA
28	103	arms	1	them
28	104	–	1	NA
28	105	all	1	NA
28	106	seen	1	NA
28	107	as	1	NA
28	108	tell-tale	3	NA
28	109	signs	1	NA
28	110	of	1	NA
28	111	lying	1	NA
28	112	–	1	NA
28	113	the	1	it
28	114	new	1	it
28	115	method	1	it
28	116	involves	1	NA
28	117	monitoring	1	NA
28	118	full-body	3	NA
28	119	motions	1	NA
28	120	to	1	NA
28	121	provide	1	NA
28	122	an	1	NA
28	123	indicator	1	NA
28	124	of	1	NA
28	125	signs	1	NA
28	126	of	1	NA
28	127	guilty	1	NA
28	128	feelings.	2	NA
28	129	The	1	It
28	130	polygraph	2	It
28	131	is	1	NA
28	132	widely	1	NA
28	133	used	1	NA
28	134	in	1	NA
28	135	the	1	it
28	136	US	1	it
28	137	in	1	NA
28	138	criminal	1	NA
28	139	and	1	NA
28	140	other	1	NA
28	141	cases	1	NA
28	142	and	1	NA
28	143	for	1	NA
28	144	security	1	NA
28	145	clearance	1	NA
28	146	for	1	NA
28	147	the	1	NA
28	148	FBI	1	NA
28	149	and	1	NA
28	150	CIA	1	NA
28	151	but	1	NA
28	152	is	1	NA
28	153	much	1	NA
28	154	less	1	NA
28	155	popular	1	NA
28	156	in	1	NA
28	157	Europe.	2	NA
28	158	There	1	NA
28	159	has	1	NA
28	160	been	1	NA
28	161	a	1	NA
28	162	lot	1	NA
28	163	of	1	NA
28	164	skepticism	1	NA
28	165	in	1	NA
28	166	the	1	NA
28	167	scientific	1	NA
28	168	and	1	NA
28	169	legal	1	NA
28	170	communities	1	NA
28	171	about	1	NA
28	172	its	1	NA
28	173	reliability.	2	NA
28	174	By	1	NA
28	175	contrast,	2	NA
28	176	the	1	it
28	177	new	1	it
28	178	method	1	it
28	179	developed	1	it
28	180	by	1	it
28	181	the	1	it
28	182	researchers	1	it
28	183	has	1	NA
28	184	performed	1	NA
28	185	well	1	NA
28	186	in	1	NA
28	187	experiments.	2	NA
28	188	The	1	It
28	189	basic	1	It
28	190	premise	1	It
28	191	is	1	NA
28	192	that	1	NA
28	193	liars	2	they
28	194	fidget	2	they
28	195	more	1	they
28	196	and	1	NA
28	197	so	1	NA
28	198	the	1	NA
28	199	use	1	NA
28	200	of	1	NA
28	201	an	1	it
28	202	all-body	3	it
28	203	motion	1	it
28	204	suit	1	it
28	205	–	1	NA
28	206	the	1	it
28	207	kind	1	it
28	208	used	1	it
28	209	in	1	it
28	210	films	1	it
28	211	to	1	it
28	212	create	1	it
28	213	computer-generated	3	it
28	214	characters	1	it
28	215	–	1	NA
28	216	will	1	NA
28	217	pick	1	NA
28	218	this	1	NA
28	219	up.	2	NA
28	220	One	1	They,
28	221	of	1	They,
28	222	the	1	They,
28	223	research	1	They,
28	224	team,	2	They,
28	225	Ross	1	he,
28	226	Anderson,	2	he,
28	227	said:	2	NA
28	228	“Decades	4	NA
28	229	of	1	NA
28	230	deception	1	its
28	231	research	1	NA
28	232	show	1	NA
28	233	that	1	NA
28	234	the	1	NA
28	235	interviewer	1	NA
28	236	will	1	NA
28	237	tell	1	NA
28	238	truth	1	it
28	239	from	1	NA
28	240	lies	1	NA
28	241	only	1	NA
28	242	slightly	1	NA
28	243	better	1	NA
28	244	than	1	NA
28	245	random.”	4	NA
28	246	He	1	NA
28	247	said	1	NA
28	248	the	1	it,
28	249	new	1	it,
28	250	method,	2	it,
28	251	by	1	NA
28	252	contrast,	2	NA
28	253	achieved	1	NA
28	254	a	1	it%.
28	255	reliability	1	it%.
28	256	rating	1	it%.
28	257	of	1	it%.
28	258	over	1	it%.
28	259	70%.	2	it%.
28	260	In	1	NA
28	261	some	1	NA
28	262	tests,	2	NA
28	263	the	1	it
28	264	team	1	it
28	265	has	1	NA
28	266	already	1	NA
28	267	achieved	1	NA
28	268	more	1	NA
28	269	than	1	NA
28	270	80%.	2	NA
28	271	Anderson	1	He
28	272	said:	2	NA
28	273	“The	3	NA
28	274	takeaway	1	NA
28	275	message	1	NA
28	276	is	1	NA
28	277	that	1	it
28	278	guilty	1	it
28	279	people	1	it
28	280	fidget	2	it
28	281	more	1	it
28	282	and	1	NA
28	283	we	1	NA
28	284	can	1	NA
28	285	measure	1	NA
28	286	this	1	NA
28	287	robustly.”	5	NA
28	288	The	1	it
28	289	polygraph	2	it
28	290	was	1	NA
28	291	created	1	NA
28	292	in	1	NA
28	293	1921	1	NA
28	294	by	1	NA
28	295	policeman	1	NA
28	296	John	1	NA
28	297	Larson,	2	NA
28	298	based	1	NA
28	299	on	1	NA
28	300	research	1	NA
28	301	by	1	NA
28	302	the	1	NA
28	303	psychologist	1	NA
28	304	William	1	NA
28	305	Marston.	3	NA
28	306	It	1	NA
28	307	records	1	NA
28	308	changes	1	NA
28	309	in	1	NA
28	310	pulse,	2	NA
28	311	blood	1	NA
28	312	pressure,	2	NA
28	313	sweating	1	NA
28	314	and	1	NA
28	315	breathing	1	NA
28	316	to	1	NA
28	317	ascertain	1	NA
28	318	whether	1	NA
28	319	a	1	NA
28	320	subject	1	NA
28	321	is	1	NA
28	322	lying.	2	NA
28	323	While	1	NA
28	324	cinema	1	NA
28	325	depictions	1	NA
28	326	suggest	1	NA
28	327	the	1	it
28	328	device	1	it
28	329	is	1	NA
28	330	near-infallible,	6	NA
28	331	the	1	NA
28	332	US	1	NA
28	333	Supreme	1	NA
28	334	Court	1	NA
28	335	ruled,	2	NA
28	336	in	1	NA
28	337	1998,	2	NA
28	338	that	1	NA
28	339	there	1	NA
28	340	was	1	NA
28	341	no	1	NA
28	342	consensus	1	NA
28	343	that	1	NA
28	344	the	1	it
28	345	polygraph	2	it
28	346	was	1	NA
28	347	reliable,	2	NA
28	348	a	1	NA
28	349	finding	1	NA
28	350	supported	1	NA
28	351	by	1	NA
28	352	the	1	NA
28	353	US	1	us
28	354	National	1	NA
28	355	Academy	1	NA
28	356	of	1	NA
28	357	Scientists	1	NA
28	358	in	1	NA
28	359	2003.	2	NA
28	360	The	1	It
28	361	experiment	1	It
28	362	carried	1	It
28	363	out	1	It
28	364	by	1	It
28	365	Anderson	1	It
28	366	and	1	It
28	367	his	1	It
28	368	colleagues	1	It
28	369	involved	1	NA
28	370	180	1	them.
28	371	students	1	them.
28	372	and	1	them.
28	373	employees	1	them.
28	374	at	1	them.
28	375	Lancaster	1	them.
28	376	University,	2	them.
28	377	of	1	them.
28	378	which	1	them.
28	379	half	1	them.
28	380	were	1	them.
28	381	told	1	them.
28	382	to	1	them.
28	383	tell	1	them.
28	384	the	1	them.
28	385	truth	1	them.
28	386	and	1	them.
28	387	half	1	them.
28	388	to	1	them.
28	389	lie.	2	them.
28	390	They	1	NA
28	391	were	1	NA
28	392	each	1	NA
28	393	paid	1	NA
28	394	£7.50	4	NA
28	395	for	1	NA
28	396	their	1	NA
28	397	participation	1	NA
28	398	in	1	NA
28	399	the	1	it.
28	400	70-minute	3	it.
28	401	experiment,	2	it.
28	402	involving	1	it.
28	403	two	1	it.
28	404	tests.	2	it.
28	405	Some	1	They
28	406	were	1	NA
28	407	interviewed	1	NA
28	408	about	1	NA
28	409	a	1	it
28	410	computer	1	it
28	411	game	1	it
28	412	Never	1	NA
28	413	End,	2	NA
28	414	which	1	NA
28	415	they	1	NA
28	416	played	1	NA
28	417	for	1	NA
28	418	seven	1	NA
28	419	minutes,	2	NA
28	420	while	1	NA
28	421	others	1	NA
28	422	lied	1	NA
28	423	about	1	NA
28	424	playing	1	NA
28	425	it,	2	NA
28	426	having	1	NA
28	427	only	1	NA
28	428	been	1	NA
28	429	shown	1	NA
28	430	notes	1	NA
28	431	about	1	NA
28	432	it.	2	NA
28	433	The	1	NA
28	434	second	1	NA
28	435	test	1	NA
28	436	involved	1	NA
28	437	a	1	it.
28	438	lost	1	it.
28	439	wallet	1	it.
28	440	containing	1	it.
28	441	£5.	3	it.
28	442	Some	1	NA
28	443	were	1	NA
28	444	asked	1	NA
28	445	to	1	NA
28	446	bring	1	NA
28	447	the	1	it
28	448	wallet	1	it
28	449	to	1	NA
28	450	a	1	NA
28	451	lost-and-found	5	NA
28	452	box	1	NA
28	453	while	1	NA
28	454	others	1	NA
28	455	hid	1	NA
28	456	it	1	NA
28	457	and	1	NA
28	458	lied	1	NA
28	459	about	1	NA
28	460	it.	2	NA
28	461	“Overall,	4	NA
28	462	we	1	NA
28	463	correctly	1	NA
28	464	classified	1	NA
28	465	82.2%	4	NA
28	466	(truths:	4	(they:
28	467	88.9%;	4	NA
28	468	lies:	2	they:
28	469	75.6%)	4	NA
28	470	of	1	NA
28	471	the	1	them
28	472	interviewees	2	them
28	473	as	1	NA
28	474	either	1	NA
28	475	being	1	NA
28	476	truthful	1	NA
28	477	or	1	NA
28	478	deceptive	1	NA
28	479	based	1	NA
28	480	on	1	NA
28	481	the	1	NA
28	482	combined	1	NA
28	483	movement	1	NA
28	484	in	1	NA
28	485	their	1	NA
28	486	individual	1	NA
28	487	limbs,”	4	NA
28	488	the	1	NA
28	489	report	1	NA
28	490	says.	2	NA
28	491	Anderson	1	He
28	492	said:	2	NA
28	493	“Our	3	NA
28	494	first	1	NA
28	495	attempt	1	NA
28	496	looked	1	NA
28	497	at	1	NA
28	498	the	1	NA
28	499	extent	1	NA
28	500	to	1	NA
28	501	which	1	NA
28	502	different	1	NA
28	503	body	1	NA
28	504	parts	1	NA
28	505	and	1	NA
28	506	body	1	NA
28	507	signals	1	NA
28	508	indicated	1	NA
28	509	deception.	2	it.
28	510	It	1	NA
28	511	turned	1	NA
28	512	out	1	NA
28	513	that	1	NA
28	514	liars	2	it
28	515	wave	1	it
28	516	their	1	it
28	517	arms	1	it
28	518	more	1	it
28	519	but,	2	NA
28	520	again,	2	NA
28	521	this	1	NA
28	522	is	1	NA
28	523	only	1	NA
28	524	at	1	NA
28	525	the	1	NA
28	526	55%	2	NA
28	527	level	1	NA
28	528	that	1	NA
28	529	you	1	NA
28	530	can	1	NA
28	531	get	1	NA
28	532	from	1	NA
28	533	a	1	NA
28	534	conventional	1	NA
28	535	polygraph.	3	NA
28	536	The	1	NA
28	537	pay	1	NA
28	538	dirt	1	NA
28	539	was	1	NA
28	540	when	1	NA
28	541	we	1	NA
28	542	considered	1	NA
28	543	total	1	it.
28	544	body	1	it.
28	545	motion.	2	it.
28	546	That	1	NA
28	547	turns	1	NA
28	548	out	1	NA
28	549	to	1	NA
28	550	tell	1	NA
28	551	truth	1	it
28	552	from	1	NA
28	553	lies	1	them
28	554	over	1	NA
28	555	70%	2	NA
28	556	of	1	NA
28	557	the	1	NA
28	558	time.”	4	NA
28	559	The	1	NA
28	560	use	1	NA
28	561	of	1	NA
28	562	all-body	3	they
28	563	suits	1	they
28	564	is	1	NA
28	565	expensive	1	NA
28	566	–	1	NA
28	567	they	1	NA
28	568	cost	1	NA
28	569	about	1	NA
28	570	£30,000	4	NA
28	571	–	1	NA
28	572	and	1	NA
28	573	can	1	NA
28	574	be	1	NA
28	575	uncomfortable,	2	NA
28	576	and	1	NA
28	577	Anderson	1	he
28	578	and	1	NA
28	579	his	1	they
28	580	colleagues	1	they
28	581	are	1	NA
28	582	now	1	NA
28	583	looking	1	NA
28	584	at	1	NA
28	585	low-cost	3	them.
28	586	alternatives.	2	them.
28	587	These	1	NA
28	588	include	1	NA
28	589	using	1	NA
28	590	motion-sensing	4	NA
28	591	technology	1	NA
28	592	from	1	NA
28	593	computer	1	NA
28	594	games,	2	NA
28	595	such	1	NA
28	596	as	1	NA
28	597	the	1	NA
28	598	Kinect	1	NA
28	599	camera	1	NA
28	600	devices	1	NA
28	601	developed	1	NA
28	602	by	1	NA
28	603	Microsoft	1	NA
28	604	for	1	NA
28	605	the	1	NA
28	606	Xbox	1	NA
28	607	console.	2	NA
29	0	Police	1	NA
29	1	and	1	NA
29	2	intelligence	1	NA
29	3	agencies	1	NA
29	4	around	1	NA
29	5	the	1	it
29	6	world	1	it
29	7	have,	2	NA
29	8	for	1	NA
29	9	almost	1	NA
29	10	100	1	NA
29	11	years,	2	NA
29	12	used	1	NA
29	13	the	1	it,
29	14	polygraph,	3	it,
29	15	a	1	it,
29	16	lie-detector	4	it,
29	17	test,	2	it,
29	18	to	1	NA
29	19	help	1	NA
29	20	catch	1	NA
29	21	criminals	1	NA
29	22	and	1	NA
29	23	spies.	2	NA
29	24	But,	2	NA
29	25	now,	2	NA
29	26	researchers	1	they
29	27	in	1	they
29	28	Britain	1	they
29	29	and	1	they
29	30	the	1	they
29	31	Netherlands	1	they
29	32	have	1	NA
29	33	developed	1	NA
29	34	a	1	it.
29	35	new	1	it.
29	36	method,	2	it.
29	37	which	1	it.
29	38	is	1	it.
29	39	correct	1	it.
29	40	(in	2	it.
29	41	tests)	2	it.
29	42	over	1	it.
29	43	70%	2	it.
29	44	of	1	it.
29	45	the	1	it.
29	46	time.	2	it.
29	47	Police	1	NA
29	48	stations	1	NA
29	49	around	1	NA
29	50	the	1	it
29	51	world	1	it
29	52	might	1	NA
29	53	begin	1	NA
29	54	using	1	NA
29	55	this	1	it
29	56	new	1	it
29	57	method	1	it
29	58	within	1	NA
29	59	ten	1	NA
29	60	years.	2	NA
29	61	It	1	NA
29	62	doesn't	2	NA
29	63	monitor	1	NA
29	64	movements	1	them
29	65	in	1	them
29	66	the	1	them
29	67	face,	2	them
29	68	talking	1	them
29	69	too	1	them
29	70	much	1	them
29	71	or	1	them
29	72	waving	1	them
29	73	arms	1	them
29	74	–	1	NA
29	75	all	1	they.
29	76	signs	1	they.
29	77	that	1	they.
29	78	someone	1	they.
29	79	is	1	they.
29	80	lying.	2	they.
29	81	The	1	It
29	82	new	1	It
29	83	method	1	It
29	84	monitors	1	NA
29	85	movements	1	NA
29	86	in	1	NA
29	87	the	1	NA
29	88	whole	1	NA
29	89	body,	2	NA
29	90	which	1	NA
29	91	can	1	NA
29	92	show	1	NA
29	93	that	1	NA
29	94	the	1	they
29	95	person	1	they
29	96	is	1	NA
29	97	feeling	1	NA
29	98	guilty.	2	NA
29	99	The	1	It
29	100	polygraph	2	It
29	101	is	1	NA
29	102	often	1	NA
29	103	used	1	NA
29	104	in	1	NA
29	105	the	1	it
29	106	US	1	it
29	107	in	1	NA
29	108	criminal	1	NA
29	109	cases	1	NA
29	110	and	1	NA
29	111	by	1	NA
29	112	the	1	NA
29	113	FBI	1	NA
29	114	and	1	NA
29	115	CIA	1	NA
29	116	but	1	NA
29	117	is	1	NA
29	118	much	1	NA
29	119	less	1	NA
29	120	popular	1	NA
29	121	in	1	NA
29	122	Europe.	2	NA
29	123	Many	1	NA
29	124	people	1	NA
29	125	do	1	NA
29	126	not	1	NA
29	127	believe	1	NA
29	128	that	1	NA
29	129	it	1	NA
29	130	is	1	NA
29	131	reliable.	2	NA
29	132	The	1	NA
29	133	basic	1	NA
29	134	idea	1	NA
29	135	behind	1	NA
29	136	the	1	it
29	137	new	1	it
29	138	method	1	it
29	139	is	1	NA
29	140	that	1	NA
29	141	liars	2	they
29	142	fidget	2	they
29	143	more	1	they
29	144	and	1	NA
29	145	that	1	NA
29	146	an	1	it
29	147	all-body	3	it
29	148	motion	1	it
29	149	suit	1	it
29	150	–	1	NA
29	151	the	1	it
29	152	kind	1	it
29	153	used	1	it
29	154	in	1	it
29	155	films	1	it
29	156	to	1	it
29	157	create	1	it
29	158	computer-generated	3	it
29	159	characters	1	it
29	160	–	1	NA
29	161	will	1	NA
29	162	record	1	NA
29	163	this.	2	NA
29	164	The	1	It
29	165	new	1	It
29	166	method	1	It
29	167	is	1	NA
29	168	over	1	NA
29	169	70%	2	NA
29	170	reliable	1	NA
29	171	–	1	NA
29	172	the	1	it
29	173	polygraph	2	it
29	174	is	1	NA
29	175	only	1	NA
29	176	55%	2	NA
29	177	reliable.	2	NA
29	178	In	1	NA
29	179	some	1	NA
29	180	tests,	2	NA
29	181	the	1	NA
29	182	success	1	NA
29	183	rate	1	NA
29	184	of	1	NA
29	185	the	1	it
29	186	new	1	it
29	187	method	1	it
29	188	was	1	NA
29	189	more	1	NA
29	190	than	1	NA
29	191	80%.	2	NA
29	192	Ross	1	He,
29	193	Anderson,	2	He,
29	194	one	1	he,
29	195	of	1	he,
29	196	the	1	he,
29	197	research	1	he,
29	198	team,	2	he,
29	199	said:	2	NA
29	200	“Guilty	4	“they
29	201	people	1	“they
29	202	fidget	2	“they
29	203	more	1	“they
29	204	and	1	NA
29	205	we	1	NA
29	206	can	1	NA
29	207	now	1	NA
29	208	measure	1	NA
29	209	this.”	4	NA
29	210	The	1	it
29	211	polygraph	2	it
29	212	was	1	NA
29	213	created	1	NA
29	214	in	1	NA
29	215	1921	1	NA
29	216	by	1	NA
29	217	policeman	1	NA
29	218	John	1	NA
29	219	Larson,	2	NA
29	220	based	1	NA
29	221	on	1	NA
29	222	research	1	NA
29	223	by	1	NA
29	224	the	1	NA
29	225	psychologist	1	NA
29	226	William	1	NA
29	227	Marston.	3	NA
29	228	It	1	NA
29	229	records	1	NA
29	230	changes	1	NA
29	231	in	1	NA
29	232	pulse,	2	NA
29	233	blood	1	NA
29	234	pressure,	2	NA
29	235	sweating	1	NA
29	236	and	1	NA
29	237	breathing	1	NA
29	238	to	1	NA
29	239	find	1	NA
29	240	out	1	NA
29	241	if	1	NA
29	242	someone	1	NA
29	243	is	1	NA
29	244	lying.	2	NA
29	245	In	1	NA
29	246	movies,	2	them,
29	247	the	1	it
29	248	polygraph	2	it
29	249	is	1	NA
29	250	always	1	NA
29	251	correct	1	NA
29	252	but,	2	NA
29	253	in	1	NA
29	254	1998,	2	NA
29	255	the	1	NA
29	256	US	1	its
29	257	Supreme	1	NA
29	258	Court	1	NA
29	259	decided	1	NA
29	260	that	1	NA
29	261	there	1	NA
29	262	was	1	NA
29	263	no	1	NA
29	264	agreement	1	NA
29	265	that	1	NA
29	266	the	1	it.
29	267	polygraph	2	it.
29	268	was	1	it.
29	269	reliable.	2	it.
29	270	The	1	NA
29	271	US	1	it
29	272	National	1	NA
29	273	Academy	1	NA
29	274	of	1	NA
29	275	Scientists	1	NA
29	276	said	1	NA
29	277	the	1	it
29	278	same	1	it
29	279	thing	1	it
29	280	in	1	NA
29	281	2003.	2	NA
29	282	The	1	They
29	283	tests	1	They
29	284	Anderson	1	They
29	285	and	1	They
29	286	his	1	They
29	287	colleagues	1	They
29	288	did	1	They
29	289	involved	1	NA
29	290	180	1	them.
29	291	students	1	them.
29	292	and	1	them.
29	293	employees	1	them.
29	294	at	1	them.
29	295	Lancaster	1	them.
29	296	University.	2	them.
29	297	Half	1	NA
29	298	of	1	NA
29	299	the	1	them
29	300	people	1	them
29	301	were	1	NA
29	302	told	1	NA
29	303	to	1	NA
29	304	tell	1	NA
29	305	the	1	it
29	306	truth	1	it
29	307	and	1	NA
29	308	half	1	NA
29	309	to	1	NA
29	310	lie.	2	NA
29	311	The	1	They
29	312	researchers	1	They
29	313	interviewed	1	NA
29	314	some	1	them
29	315	of	1	them
29	316	the	1	them
29	317	people	1	them
29	318	about	1	NA
29	319	a	1	it.
29	320	computer	1	it.
29	321	game	1	it.
29	322	called	1	it.
29	323	Never	1	it.
29	324	End	1	it.
29	325	that	1	it.
29	326	they	1	it.
29	327	played	1	it.
29	328	for	1	it.
29	329	seven	1	it.
29	330	minutes.	2	it.
29	331	Others	1	NA
29	332	lied	1	NA
29	333	about	1	NA
29	334	playing	1	NA
29	335	it.	2	NA
29	336	The	1	NA
29	337	second	1	NA
29	338	test	1	NA
29	339	involved	1	NA
29	340	a	1	it.
29	341	lost	1	it.
29	342	wallet	1	it.
29	343	with	1	it.
29	344	£5	2	it.
29	345	inside.	2	it.
29	346	Some	1	NA
29	347	people	1	NA
29	348	had	1	NA
29	349	to	1	NA
29	350	bring	1	NA
29	351	the	1	it
29	352	wallet	1	it
29	353	to	1	NA
29	354	a	1	NA
29	355	lost-and-found	5	NA
29	356	box.	2	NA
29	357	Others	1	NA
29	358	hid	1	NA
29	359	it	1	NA
29	360	and	1	NA
29	361	lied	1	NA
29	362	about	1	NA
29	363	it.	2	NA
29	364	The	1	It
29	365	new	1	It
29	366	body-suit	3	It
29	367	method	1	It
29	368	was	1	NA
29	369	correct	1	NA
29	370	82.2%	4	NA
29	371	of	1	NA
29	372	the	1	NA
29	373	time.	2	NA
29	374	Researchers	1	They
29	375	monitored	1	NA
29	376	how	1	NA
29	377	much	1	NA
29	378	the	1	they
29	379	people	1	they
29	380	moved	1	NA
29	381	their	1	NA
29	382	arms	1	NA
29	383	and	1	NA
29	384	legs,	2	NA
29	385	to	1	NA
29	386	decide	1	NA
29	387	if	1	NA
29	388	they	1	NA
29	389	were	1	NA
29	390	telling	1	NA
29	391	the	1	it
29	392	truth	1	it
29	393	or	1	NA
29	394	lying.	2	NA
29	395	All-body	3	They
29	396	suits	1	They
29	397	are	1	NA
29	398	expensive	1	NA
29	399	–	1	NA
29	400	they	1	NA
29	401	cost	1	NA
29	402	about	1	NA
29	403	£30,000	4	NA
29	404	–	1	NA
29	405	and	1	NA
29	406	they	1	NA
29	407	can	1	NA
29	408	be	1	NA
29	409	uncomfortable,	2	NA
29	410	so	1	NA
29	411	Anderson	1	he
29	412	and	1	NA
29	413	his	1	they
29	414	colleagues	1	they
29	415	are	1	NA
29	416	now	1	NA
29	417	looking	1	NA
29	418	at	1	NA
29	419	cheaper	1	them.
29	420	alternatives.	2	them.
29	421	These	1	NA
29	422	include	1	NA
29	423	using	1	NA
29	424	motion-sensing	4	NA
29	425	technology	1	NA
29	426	from	1	NA
29	427	computer	1	NA
29	428	games,	2	NA
29	429	such	1	NA
29	430	as	1	NA
29	431	the	1	NA
29	432	Kinect	1	NA
29	433	camera	1	NA
29	434	devices	1	NA
29	435	developed	1	NA
29	436	by	1	NA
29	437	Microsoft	1	NA
29	438	for	1	NA
29	439	the	1	NA
29	440	Xbox	1	NA
29	441	console.	2	NA
30	0	Vienna	2	It
30	1	is	1	NA
30	2	the	1	it,
30	3	world's	2	it,
30	4	best	1	it,
30	5	city	1	it,
30	6	to	1	it,
30	7	live	1	it,
30	8	in,	2	it,
30	9	Baghdad	1	it
30	10	is	1	NA
30	11	the	1	it
30	12	worst	1	it
30	13	and	1	NA
30	14	London,	2	it,
30	15	Paris	1	it
30	16	and	1	NA
30	17	New	1	it
30	18	York	1	it
30	19	do	1	NA
30	20	not	1	NA
30	21	even	1	NA
30	22	make	1	NA
30	23	it	1	NA
30	24	into	1	NA
30	25	the	1	NA
30	26	top	1	NA
30	27	35,	2	NA
30	28	according	1	NA
30	29	to	1	NA
30	30	international	1	NA
30	31	research	1	NA
30	32	into	1	NA
30	33	quality	1	its.
30	34	of	1	its.
30	35	life.	2	its.
30	36	German-speaking	3	NA
30	37	cities	1	NA
30	38	dominate	1	NA
30	39	the	1	NA
30	40	rankings	1	NA
30	41	in	1	NA
30	42	the	1	it,
30	43	18th	2	it,
30	44	Mercer	1	it,
30	45	Quality	1	it,
30	46	of	1	it,
30	47	Life	1	it,
30	48	study,	2	it,
30	49	with	1	NA
30	50	Vienna	1	it
30	51	joined	1	NA
30	52	by	1	NA
30	53	Zurich,	2	it,
30	54	Munich,	2	NA
30	55	Dusseldorf	5	NA
30	56	and	1	NA
30	57	Frankfurt	1	NA
30	58	in	1	NA
30	59	the	1	NA
30	60	top	1	NA
30	61	seven.	2	NA
30	62	Paris	1	It
30	63	has	1	NA
30	64	tumbled	2	NA
30	65	down	1	NA
30	66	the	1	NA
30	67	league,	2	NA
30	68	falling	1	NA
30	69	ten	1	NA
30	70	places	1	NA
30	71	to	1	NA
30	72	37th,	3	NA
30	73	just	1	NA
30	74	ahead	1	NA
30	75	of	1	NA
30	76	London	1	it
30	77	at	1	NA
30	78	39th,	3	NA
30	79	almost	1	NA
30	80	entirely	1	NA
30	81	because	1	NA
30	82	of	1	NA
30	83	the	1	its
30	84	city's	2	its
30	85	vulnerability	1	NA
30	86	to	1	NA
30	87	terrorist	1	NA
30	88	attacks.	2	NA
30	89	The	1	It
30	90	study	1	It
30	91	examined	1	NA
30	92	social	1	NA
30	93	and	1	NA
30	94	economic	1	NA
30	95	conditions,	2	NA
30	96	health,	2	NA
30	97	education,	2	NA
30	98	housing	1	NA
30	99	and	1	NA
30	100	the	1	NA
30	101	environment,	2	NA
30	102	and	1	NA
30	103	is	1	NA
30	104	used	1	NA
30	105	by	1	NA
30	106	big	1	they
30	107	companies	1	they
30	108	to	1	NA
30	109	assess	1	NA
30	110	where	1	NA
30	111	they	1	NA
30	112	should	1	NA
30	113	locate	1	NA
30	114	offices	1	NA
30	115	and	1	NA
30	116	factories	1	NA
30	117	and	1	NA
30	118	how	1	NA
30	119	much	1	NA
30	120	they	1	NA
30	121	should	1	NA
30	122	pay	1	NA
30	123	staff.	2	NA
30	124	Viennese-born	5	She,
30	125	Helena	1	She,
30	126	Hartlauer,	4	She,
30	127	32,	2	NA
30	128	said	1	NA
30	129	she	1	NA
30	130	was	1	NA
30	131	not	1	NA
30	132	surprised	1	NA
30	133	at	1	NA
30	134	her	1	her
30	135	city's	2	her
30	136	top	1	NA
30	137	position.	2	NA
30	138	The	1	Its
30	139	municipality's	2	Its
30	140	social	1	NA
30	141	democratic	1	NA
30	142	government	1	NA
30	143	has	1	NA
30	144	a	1	NA
30	145	long	1	NA
30	146	tradition	1	NA
30	147	of	1	NA
30	148	investing	1	NA
30	149	in	1	NA
30	150	high-quality	3	NA
30	151	social	1	NA
30	152	housing,	2	NA
30	153	making	1	NA
30	154	Vienna	1	it
30	155	almost	1	NA
30	156	uniquely	1	NA
30	157	affordable	1	NA
30	158	among	1	NA
30	159	major	1	NA
30	160	cities.	2	NA
30	161	“I	3	NA
30	162	live	1	NA
30	163	in	1	NA
30	164	a	1	NA
30	165	100sq-	3	NA
30	166	meter	1	NA
30	167	turn-of-the-century	7	NA
30	168	apartment	1	NA
30	169	in	1	NA
30	170	a	1	NA
30	171	good	1	NA
30	172	area	1	NA
30	173	about	1	NA
30	174	20	1	NA
30	175	minutes'	2	NA
30	176	walk	1	NA
30	177	from	1	NA
30	178	the	1	NA
30	179	city	1	NA
30	180	center.	2	NA
30	181	But	1	NA
30	182	my	1	it
30	183	rent	1	it
30	184	is	1	NA
30	185	just	1	NA
30	186	€800	2	€it
30	187	(£625)	3	NA
30	188	a	1	NA
30	189	month.”	4	NA
30	190	An	1	NA
30	191	equivalent	1	NA
30	192	apartment	1	NA
30	193	in	1	NA
30	194	London	1	it
30	195	would	1	NA
30	196	cost	1	NA
30	197	upwards	1	NA
30	198	of	1	NA
30	199	£2,000	4	NA
30	200	and	1	NA
30	201	even	1	NA
30	202	more	1	NA
30	203	in	1	NA
30	204	New	1	it.
30	205	York,	2	it.
30	206	ranked	1	it.
30	207	44th	2	it.
30	208	in	1	it.
30	209	the	1	it.
30	210	table.	2	it.
30	211	US	1	Their
30	212	cities	1	NA
30	213	perform	1	NA
30	214	relatively	1	NA
30	215	poorly	1	NA
30	216	in	1	NA
30	217	the	1	it,
30	218	study,	2	it,
30	219	largely	1	NA
30	220	because	1	NA
30	221	of	1	NA
30	222	issues	1	NA
30	223	around	1	NA
30	224	personal	1	NA
30	225	safety	1	NA
30	226	and	1	NA
30	227	crime.	2	NA
30	228	The	1	It
30	229	highest	1	It
30	230	ranking	1	It
30	231	city	1	It
30	232	in	1	It
30	233	the	1	It
30	234	US	1	It
30	235	is	1	NA
30	236	San	1	it,
30	237	Francisco,	2	it,
30	238	at	1	NA
30	239	28th;	3	NA
30	240	Boston	1	NA
30	241	is	1	NA
30	242	34th.	3	NA
30	243	Canadian	1	They,
30	244	cities,	2	They,
30	245	led	1	They,
30	246	by	1	They,
30	247	Vancouver,	2	They,
30	248	far	1	NA
30	249	outrank	2	NA
30	250	their	1	their
30	251	US	1	their
30	252	rivals	1	their
30	253	in	1	NA
30	254	the	1	it.
30	255	table.	2	it.
30	256	“You	3	NA
30	257	don't	2	NA
30	258	realize	1	NA
30	259	how	1	NA
30	260	safe	1	NA
30	261	Vienna	1	it
30	262	is	1	NA
30	263	until	1	NA
30	264	you	1	NA
30	265	head	1	NA
30	266	abroad,”	4	NA
30	267	said	1	NA
30	268	Hartlauer.	4	he.
30	269	“We	3	NA
30	270	also	1	NA
30	271	have	1	NA
30	272	terrific	1	it,
30	273	public	1	it,
30	274	transport,	2	it,
30	275	with	1	NA
30	276	the	1	NA
30	277	underground	1	NA
30	278	working	1	NA
30	279	24	1	NA
30	280	hours	1	NA
30	281	at	1	NA
30	282	weekends,	2	NA
30	283	and	1	NA
30	284	it	1	NA
30	285	only	1	NA
30	286	costs	1	NA
30	287	€1	2	NA
30	288	per	1	NA
30	289	trip.”	4	NA
30	290	“Our	3	“our
30	291	big	1	“our
30	292	USP	2	“our
30	293	(unique	2	(it)
30	294	selling	1	(it)
30	295	point)	2	(it)
30	296	is	1	NA
30	297	our	1	our,”
30	298	geographical	1	our,”
30	299	location,”	4	our,”
30	300	said	1	NA
30	301	Martin	1	he,
30	302	Eichtinger,	5	he,
30	303	Austrian	1	he,
30	304	ambassador	1	he,
30	305	to	1	he,
30	306	London,	2	he,
30	307	who	1	NA
30	308	lived	1	NA
30	309	in	1	NA
30	310	Vienna	1	it
30	311	for	1	NA
30	312	20	1	NA
30	313	years.	2	NA
30	314	“The	3	NA
30	315	fall	1	NA
30	316	of	1	NA
30	317	the	1	NA
30	318	Berlin	1	NA
30	319	Wall	1	NA
30	320	helped	1	NA
30	321	define	1	NA
30	322	Vienna	1	it
30	323	as	1	NA
30	324	a	1	NA
30	325	hub	1	NA
30	326	for	1	NA
30	327	companies	1	NA
30	328	wanting	1	NA
30	329	to	1	NA
30	330	do	1	NA
30	331	business	1	NA
30	332	in	1	NA
30	333	Central	1	NA
30	334	Europe.”	4	NA
30	335	According	1	NA
30	336	to	1	NA
30	337	the	1	NA
30	338	World	1	NA
30	339	Bank,	2	NA
30	340	Austria	1	NA
30	341	has	1	NA
30	342	one	1	NA
30	343	of	1	NA
30	344	the	1	NA
30	345	highest	1	NA
30	346	figures	1	NA
30	347	for	1	NA
30	348	GDP	1	NA
30	349	per	1	NA
30	350	head	1	NA
30	351	in	1	NA
30	352	the	1	it,
30	353	world,	2	it,
30	354	just	1	NA
30	355	behind	1	NA
30	356	the	1	them
30	357	US	1	them
30	358	and	1	NA
30	359	ahead	1	NA
30	360	of	1	NA
30	361	Germany	1	NA
30	362	and	1	NA
30	363	Britain,	2	NA
30	364	although	1	NA
30	365	quite	1	NA
30	366	some	1	NA
30	367	way	1	NA
30	368	below	1	NA
30	369	neighboring	1	its.
30	370	Switzerland.	2	its.
30	371	Zurich	1	It
30	372	in	1	It
30	373	Switzerland	1	It
30	374	is	1	NA
30	375	named	1	NA
30	376	by	1	NA
30	377	Mercer	1	it
30	378	as	1	NA
30	379	having	1	NA
30	380	the	1	its
30	381	world's	2	its
30	382	second	1	NA
30	383	highest	1	NA
30	384	quality	1	NA
30	385	of	1	NA
30	386	life	1	NA
30	387	but	1	NA
30	388	the	1	they
30	389	Viennese	3	they
30	390	say	1	NA
30	391	their	1	their
30	392	city	1	their
30	393	is	1	NA
30	394	far	1	NA
30	395	more	1	NA
30	396	fun.	2	NA
30	397	“There	3	NA
30	398	are	1	NA
30	399	more	1	NA
30	400	students	1	NA
30	401	in	1	NA
30	402	Vienna	1	it
30	403	than	1	NA
30	404	any	1	NA
30	405	other	1	NA
30	406	German-speaking	3	NA
30	407	city,”	4	NA
30	408	said	1	NA
30	409	Hartlauer.	4	he.
30	410	“It's	4	NA
30	411	a	1	it,”
30	412	very	1	it,”
30	413	fast	1	it,”
30	414	growing,	2	it,”
30	415	young	1	it,”
30	416	and	1	it,”
30	417	lively	1	it,”
30	418	city,”	4	it,”
30	419	she	1	NA
30	420	added	1	NA
30	421	–	1	NA
30	422	though	1	NA
30	423	she	1	NA
30	424	conceded	1	NA
30	425	she	1	NA
30	426	works	1	NA
30	427	for	1	NA
30	428	the	1	its
30	429	city's	2	its
30	430	tourist	1	NA
30	431	board.	2	NA
31	0	Vienna	2	It
31	1	is	1	NA
31	2	the	1	it,
31	3	world's	2	it,
31	4	best	1	it,
31	5	city	1	it,
31	6	to	1	it,
31	7	live	1	it,
31	8	in,	2	it,
31	9	Baghdad	1	it
31	10	is	1	NA
31	11	the	1	it
31	12	worst	1	it
31	13	and	1	NA
31	14	London,	2	it,
31	15	Paris	1	it
31	16	and	1	NA
31	17	New	1	they
31	18	York	1	they
31	19	are	1	NA
31	20	not	1	NA
31	21	in	1	NA
31	22	the	1	NA
31	23	top	1	NA
31	24	35,	2	NA
31	25	says	1	NA
31	26	an	1	it.
31	27	international	1	it.
31	28	study	1	it.
31	29	on	1	it.
31	30	quality	1	it.
31	31	of	1	it.
31	32	life.	2	it.
31	33	German-speaking	3	NA
31	34	cities	1	NA
31	35	do	1	NA
31	36	well	1	NA
31	37	in	1	NA
31	38	the	1	it,
31	39	18th	2	it,
31	40	Mercer	1	it,
31	41	Quality	1	it,
31	42	of	1	it,
31	43	Life	1	it,
31	44	study,	2	it,
31	45	with	1	NA
31	46	Vienna,	2	it,
31	47	Zurich,	2	it,
31	48	Munich,	2	NA
31	49	Dusseldorf	5	NA
31	50	and	1	NA
31	51	Frankfurt	1	NA
31	52	in	1	NA
31	53	the	1	NA
31	54	top	1	NA
31	55	seven.	2	NA
31	56	Paris	1	It
31	57	fell	1	NA
31	58	ten	1	NA
31	59	places	1	NA
31	60	to	1	NA
31	61	37th.	3	NA
31	62	This	1	NA
31	63	was	1	NA
31	64	mostly	1	NA
31	65	because	1	NA
31	66	of	1	NA
31	67	the	1	NA
31	68	terrorist	1	NA
31	69	attacks	1	NA
31	70	on	1	NA
31	71	the	1	it.
31	72	city.	2	it.
31	73	Paris	1	It
31	74	was	1	NA
31	75	just	1	NA
31	76	above	1	NA
31	77	London	1	it
31	78	in	1	NA
31	79	39th	2	NA
31	80	place.	2	NA
31	81	The	1	It
31	82	study	1	It
31	83	looked	1	NA
31	84	at	1	NA
31	85	the	1	NA
31	86	economy,	2	NA
31	87	health,	2	NA
31	88	education,	2	NA
31	89	housing	1	NA
31	90	and	1	NA
31	91	the	1	NA
31	92	environment.	2	NA
31	93	Big	1	They
31	94	companies	1	They
31	95	use	1	NA
31	96	the	1	NA
31	97	results	1	NA
31	98	of	1	NA
31	99	the	1	it
31	100	study	1	it
31	101	to	1	NA
31	102	decide	1	NA
31	103	where	1	NA
31	104	they	1	NA
31	105	should	1	NA
31	106	open	1	NA
31	107	offices	1	NA
31	108	and	1	NA
31	109	factories	1	NA
31	110	and	1	NA
31	111	how	1	NA
31	112	much	1	NA
31	113	they	1	NA
31	114	should	1	NA
31	115	pay	1	NA
31	116	their	1	NA
31	117	employees.	2	NA
31	118	Helena	1	She,
31	119	Hartlauer,	4	She,
31	120	32,	2	NA
31	121	is	1	NA
31	122	from	1	NA
31	123	Vienna.	2	it.
31	124	She	1	NA
31	125	said	1	NA
31	126	she	1	NA
31	127	was	1	NA
31	128	not	1	NA
31	129	surprised	1	NA
31	130	about	1	NA
31	131	her	1	its
31	132	city's	2	its
31	133	top	1	NA
31	134	position.	2	NA
31	135	For	1	NA
31	136	many	1	NA
31	137	years,	2	NA
31	138	Vienna's	2	it.
31	139	government	1	it.
31	140	has	1	it.
31	141	spent	1	it.
31	142	money	1	it.
31	143	on	1	it.
31	144	good	1	it.
31	145	social	1	it.
31	146	housing.	2	it.
31	147	This	1	NA
31	148	makes	1	NA
31	149	Vienna	1	it
31	150	a	1	NA
31	151	cheap	1	NA
31	152	place	1	NA
31	153	to	1	NA
31	154	live	1	NA
31	155	compared	1	NA
31	156	to	1	NA
31	157	other	1	NA
31	158	big	1	NA
31	159	cities.	2	NA
31	160	“I	3	NA
31	161	live	1	NA
31	162	in	1	NA
31	163	a	1	NA
31	164	100	1	NA
31	165	square-meter	3	NA
31	166	apartment	1	NA
31	167	in	1	NA
31	168	a	1	NA
31	169	good	1	NA
31	170	area	1	NA
31	171	about	1	NA
31	172	20	1	NA
31	173	minutes'	2	NA
31	174	walk	1	NA
31	175	from	1	NA
31	176	the	1	NA
31	177	city	1	NA
31	178	center.	2	NA
31	179	But	1	NA
31	180	my	1	NA
31	181	rent	1	NA
31	182	is	1	NA
31	183	just	1	NA
31	184	€800	2	NA
31	185	(£625)	3	NA
31	186	a	1	NA
31	187	month.”	4	NA
31	188	A	1	NA
31	189	similar	1	NA
31	190	apartment	1	NA
31	191	in	1	NA
31	192	London	1	it
31	193	costs	1	NA
31	194	over	1	NA
31	195	£2,000	4	NA
31	196	and	1	NA
31	197	even	1	NA
31	198	more	1	NA
31	199	in	1	NA
31	200	New	1	it.
31	201	York,	2	it.
31	202	which	1	it.
31	203	came	1	it.
31	204	44th	2	it.
31	205	in	1	it.
31	206	the	1	it.
31	207	study.	2	it.
31	208	US	1	Their
31	209	cities	1	NA
31	210	do	1	NA
31	211	badly	1	NA
31	212	in	1	NA
31	213	the	1	it,
31	214	study,	2	it,
31	215	mostly	1	NA
31	216	because	1	NA
31	217	of	1	NA
31	218	worries	1	NA
31	219	about	1	NA
31	220	personal	1	NA
31	221	safety	1	NA
31	222	and	1	NA
31	223	crime.	2	NA
31	224	The	1	It
31	225	US	1	It
31	226	city	1	It
31	227	in	1	It
31	228	top	1	It
31	229	position	1	It
31	230	is	1	NA
31	231	San	1	it;
31	232	Francisco,	2	it;
31	233	in	1	it;
31	234	28th	2	it;
31	235	position;	2	it;
31	236	Boston	1	NA
31	237	is	1	NA
31	238	34th.	3	NA
31	239	“You	3	NA
31	240	don't	2	NA
31	241	realize	1	NA
31	242	how	1	NA
31	243	safe	1	NA
31	244	Vienna	1	it
31	245	is	1	NA
31	246	until	1	NA
31	247	you	1	NA
31	248	go	1	NA
31	249	abroad,”	4	NA
31	250	said	1	NA
31	251	Hartlauer.	4	he.
31	252	“We	3	NA
31	253	also	1	NA
31	254	have	1	NA
31	255	terrific	1	it
31	256	public	1	it
31	257	transport	1	it
31	258	–	1	NA
31	259	the	1	NA
31	260	underground	1	NA
31	261	trains	1	NA
31	262	run	1	NA
31	263	24	1	NA
31	264	hours	1	NA
31	265	at	1	NA
31	266	weekends	1	NA
31	267	and	1	NA
31	268	it	1	NA
31	269	only	1	NA
31	270	costs	1	NA
31	271	€1	2	NA
31	272	per	1	NA
31	273	trip.”	4	NA
31	274	“Vienna's	5	“its
31	275	location	1	NA
31	276	is	1	NA
31	277	very	1	NA
31	278	special,”	4	NA
31	279	said	1	NA
31	280	Martin	1	he,
31	281	Eichtinger,	5	he,
31	282	Austrian	1	he,
31	283	ambassador	1	he,
31	284	to	1	he,
31	285	London,	2	he,
31	286	who	1	NA
31	287	lived	1	NA
31	288	in	1	NA
31	289	Vienna	1	it
31	290	for	1	NA
31	291	20	1	NA
31	292	years.	2	NA
31	293	“The	3	NA
31	294	fall	1	NA
31	295	of	1	NA
31	296	the	1	NA
31	297	Berlin	1	NA
31	298	Wall	1	NA
31	299	helped	1	NA
31	300	make	1	NA
31	301	Vienna	1	it
31	302	a	1	NA
31	303	center	1	NA
31	304	for	1	NA
31	305	companies	1	NA
31	306	who	1	NA
31	307	want	1	NA
31	308	to	1	NA
31	309	do	1	NA
31	310	business	1	NA
31	311	in	1	NA
31	312	Central	1	NA
31	313	Europe.”	4	NA
31	314	Mercer	1	it
31	315	says	1	NA
31	316	Zurich	1	it
31	317	in	1	it
31	318	Switzerland	1	it
31	319	has	1	NA
31	320	the	1	its
31	321	world's	2	its
31	322	second	1	NA
31	323	highest	1	NA
31	324	quality	1	NA
31	325	of	1	NA
31	326	life	1	NA
31	327	but	1	NA
31	328	the	1	they
31	329	Viennese	3	they
31	330	say	1	NA
31	331	their	1	it
31	332	city	1	it
31	333	is	1	NA
31	334	far	1	NA
31	335	more	1	NA
31	336	fun.	2	NA
31	337	“There	3	NA
31	338	are	1	NA
31	339	more	1	NA
31	340	students	1	NA
31	341	in	1	NA
31	342	Vienna	1	it
31	343	than	1	NA
31	344	any	1	NA
31	345	other	1	NA
31	346	German-speaking	3	NA
31	347	city,”	4	NA
31	348	said	1	NA
31	349	Hartlauer.	4	he.
31	350	“It's	4	NA
31	351	a	1	it,”
31	352	very	1	it,”
31	353	young	1	it,”
31	354	and	1	it,”
31	355	lively	1	it,”
31	356	city,”	4	it,”
31	357	she	1	NA
31	358	added.	2	NA
32	0	Clay	2	He
32	1	Cockrell	2	He
32	2	is	1	NA
32	3	sitting	1	NA
32	4	in	1	NA
32	5	his	1	NA
32	6	office	1	NA
32	7	at	1	NA
32	8	Columbus	1	NA
32	9	Circle,	2	NA
32	10	across	1	NA
32	11	the	1	NA
32	12	street	1	NA
32	13	from	1	NA
32	14	1	1	NA
32	15	Central	1	NA
32	16	Park	1	NA
32	17	West,	2	NA
32	18	which	1	NA
32	19	houses	1	NA
32	20	Trump	1	it.
32	21	International	1	it.
32	22	Hotel	1	it.
32	23	and	1	it.
32	24	Tower.	2	it.
32	25	In	1	NA
32	26	front	1	NA
32	27	of	1	NA
32	28	the	1	it
32	29	tower	1	it
32	30	is	1	NA
32	31	Central	1	it.
32	32	Park,	2	it.
32	33	where	1	it.
32	34	Cockrell	2	it.
32	35	holds	1	it.
32	36	his	1	it.
32	37	popular	1	it.
32	38	walk	1	it.
32	39	and	1	it.
32	40	talk	1	it.
32	41	therapy	1	it.
32	42	sessions.	2	it.
32	43	Cockrell,	3	He,
32	44	a	1	he,
32	45	former	1	he,
32	46	Wall	1	he,
32	47	Street	1	he,
32	48	worker	1	he,
32	49	turned	1	he,
32	50	therapist,	2	he,
32	51	spends	1	NA
32	52	large	1	NA
32	53	parts	1	NA
32	54	of	1	NA
32	55	his	1	NA
32	56	days	1	NA
32	57	walking	1	NA
32	58	through	1	NA
32	59	Central	1	it
32	60	Park	1	it
32	61	or	1	NA
32	62	the	1	NA
32	63	Battery	1	NA
32	64	Park	1	NA
32	65	in	1	NA
32	66	downtown	1	NA
32	67	Manhattan	1	NA
32	68	near	1	NA
32	69	Wall	1	it,
32	70	Street,	2	it,
32	71	as	1	NA
32	72	a	1	NA
32	73	confidant	2	NA
32	74	and	1	NA
32	75	counselor	1	NA
32	76	to	1	NA
32	77	some	1	NA
32	78	of	1	NA
32	79	New	1	NA
32	80	York's	2	NA
32	81	wealthiest	1	NA
32	82	people.	2	NA
32	83	“I	3	NA
32	84	shifted	1	NA
32	85	towards	1	NA
32	86	it	1	NA
32	87	naturally,”	4	NA
32	88	he	1	NA
32	89	said	1	NA
32	90	of	1	NA
32	91	his	1	NA
32	92	becoming	1	NA
32	93	an	1	it.
32	94	expert	1	it.
32	95	in	1	it.
32	96	wealth	1	it.
32	97	therapy.	2	it.
32	98	“Many	3	“They
32	99	of	1	“They
32	100	the	1	“They
32	101	extremely	1	“They
32	102	wealthy	1	“They
32	103	–	1	NA
32	104	the	1	they%
32	105	1%	2	they%
32	106	of	1	they%
32	107	the	1	they%
32	108	1%	2	they%
32	109	–	1	NA
32	110	feel	1	NA
32	111	that	1	NA
32	112	their	1	their
32	113	problems	1	their
32	114	are	1	NA
32	115	really	1	NA
32	116	not	1	NA
32	117	problems.	2	our.
32	118	But	1	NA
32	119	they	1	NA
32	120	are.	2	NA
32	121	A	1	NA
32	122	lot	1	NA
32	123	of	1	NA
32	124	therapists	1	NA
32	125	do	1	NA
32	126	not	1	NA
32	127	give	1	NA
32	128	enough	1	NA
32	129	weight	1	NA
32	130	to	1	NA
32	131	their	1	their.”
32	132	issues.”	4	their.”
32	133	So,	2	NA
32	134	what	1	NA
32	135	issues	1	NA
32	136	are	1	NA
32	137	America's	2	they%
32	138	1%	2	they%
32	139	struggling	1	NA
32	140	with?	2	NA
32	141	“There	3	NA
32	142	is	1	NA
32	143	guilt	1	NA
32	144	over	1	NA
32	145	being	1	NA
32	146	rich	1	NA
32	147	in	1	NA
32	148	the	1	NA
32	149	first	1	NA
32	150	place,”	4	NA
32	151	he	1	NA
32	152	said.	2	NA
32	153	“There	3	NA
32	154	is	1	NA
32	155	the	1	NA
32	156	feeling	1	NA
32	157	that	1	NA
32	158	they	1	NA
32	159	have	1	NA
32	160	to	1	NA
32	161	hide	1	NA
32	162	the	1	NA
32	163	fact	1	NA
32	164	that	1	NA
32	165	they	1	NA
32	166	are	1	NA
32	167	rich.	2	NA
32	168	And,	2	NA
32	169	then,	2	NA
32	170	there	1	NA
32	171	is	1	NA
32	172	the	1	NA
32	173	isolation	1	NA
32	174	–	1	NA
32	175	being	1	NA
32	176	in	1	NA
32	177	the	1	it%,
32	178	1%,	2	it%,
32	179	it	1	NA
32	180	turns	1	NA
32	181	out,	2	NA
32	182	can	1	NA
32	183	be	1	NA
32	184	lonely.”	4	NA
32	185	It	1	NA
32	186	seems	1	NA
32	187	F.	2	NA
32	188	Scott	1	NA
32	189	Fitzgerald	1	NA
32	190	was	1	NA
32	191	right:	2	NA
32	192	the	1	they
32	193	very	1	they
32	194	rich	1	they
32	195	“are	3	NA
32	196	different	1	NA
32	197	from	1	NA
32	198	you	1	NA
32	199	and	1	NA
32	200	me.”	4	NA
32	201	Counselors	2	NA
32	202	argue	1	NA
32	203	things	1	NA
32	204	have	1	NA
32	205	become	1	NA
32	206	worse	1	NA
32	207	since	1	NA
32	208	the	1	it
32	209	financial	1	it
32	210	crisis	1	it
32	211	and	1	NA
32	212	the	1	NA
32	213	debate	1	NA
32	214	over	1	NA
32	215	income	1	it
32	216	inequality	1	it
32	217	that	1	NA
32	218	has	1	NA
32	219	been	1	NA
32	220	spurred	1	NA
32	221	on	1	NA
32	222	by	1	NA
32	223	movements	1	NA
32	224	like	1	NA
32	225	Occupy	1	it
32	226	Wall	1	it
32	227	Street	1	it
32	228	and	1	NA
32	229	the	1	NA
32	230	Fight	1	NA
32	231	for	1	NA
32	232	$15	2	NA
32	233	fair	1	NA
32	234	wage	1	NA
32	235	campaign.	2	NA
32	236	“The	3	“It
32	237	Occupy	1	“It
32	238	Wall	1	“It
32	239	Street	1	“It
32	240	movement	1	“It
32	241	was	1	NA
32	242	a	1	it
32	243	good	1	it
32	244	one	1	it
32	245	and	1	NA
32	246	had	1	NA
32	247	some	1	NA
32	248	important	1	NA
32	249	things	1	NA
32	250	to	1	NA
32	251	say	1	NA
32	252	about	1	NA
32	253	income	1	it
32	254	inequality	1	it
32	255	but	1	NA
32	256	it	1	NA
32	257	singled	1	NA
32	258	out	1	NA
32	259	the	1	them%
32	260	1%	2	them%
32	261	and	1	NA
32	262	painted	1	NA
32	263	them	1	NA
32	264	globally	1	NA
32	265	as	1	NA
32	266	something	1	NA
32	267	negative,”	4	NA
32	268	said	1	NA
32	269	Jamie	1	she,
32	270	Traeger-Muney,	7	she,
32	271	a	1	he.
32	272	wealth	1	he.
32	273	psychologist	1	he.
32	274	and	1	he.
32	275	founder	1	he.
32	276	of	1	he.
32	277	the	1	he.
32	278	Wealth	1	he.
32	279	Legacy	1	he.
32	280	Group.	2	he.
32	281	The	1	NA
32	282	media,	2	NA
32	283	she	1	NA
32	284	said,	2	NA
32	285	is	1	NA
32	286	partly	1	NA
32	287	to	1	NA
32	288	blame	1	NA
32	289	for	1	NA
32	290	making	1	NA
32	291	the	1	them
32	292	rich	1	them
32	293	“feel	3	NA
32	294	like	1	NA
32	295	they	1	NA
32	296	need	1	NA
32	297	to	1	NA
32	298	hide	1	NA
32	299	or	1	NA
32	300	feel	1	NA
32	301	ashamed”.	4	NA
32	302	“Sometimes,	4	NA
32	303	I	1	NA
32	304	am	1	NA
32	305	shocked	1	NA
32	306	by	1	NA
32	307	things	1	NA
32	308	that	1	NA
32	309	people	1	NA
32	310	say.	2	NA
32	311	You	1	NA
32	312	would	1	NA
32	313	never	1	NA
32	314	refer	1	NA
32	315	to	1	NA
32	316	another	1	NA
32	317	group	1	NA
32	318	of	1	NA
32	319	people	1	NA
32	320	in	1	NA
32	321	the	1	NA
32	322	way	1	NA
32	323	that	1	NA
32	324	it	1	NA
32	325	seems	1	NA
32	326	perfectly	1	NA
32	327	normal	1	NA
32	328	to	1	NA
32	329	refer	1	NA
32	330	to	1	NA
32	331	wealth	1	them.”
32	332	holders.”	4	them.”
32	333	“It's	4	NA
32	334	really	1	NA
32	335	isolating	2	NA
32	336	to	1	it.
32	337	have	1	it.
32	338	a	1	it.
32	339	lot	1	it.
32	340	of	1	it.
32	341	money.	2	it.
32	342	People's	2	NA
32	343	reactions	1	NA
32	344	to	1	NA
32	345	you	1	NA
32	346	can	1	NA
32	347	be	1	NA
32	348	scary,”	4	NA
32	349	said	1	NA
32	350	Barbara	1	she,
32	351	Nusbaum,	4	she,
32	352	an	1	she.
32	353	expert	1	she.
32	354	in	1	she.
32	355	money	1	she.
32	356	psychology.	2	she.
32	357	“We	3	NA
32	358	are	1	NA
32	359	all	1	NA
32	360	taught	1	NA
32	361	not	1	NA
32	362	to	1	NA
32	363	talk	1	NA
32	364	about	1	NA
32	365	money.	2	it.
32	366	It's	2	NA
32	367	not	1	NA
32	368	polite	1	NA
32	369	to	1	NA
32	370	talk	1	NA
32	371	about	1	NA
32	372	money.	2	it.
32	373	Ironically,	2	NA
32	374	it's	2	NA
32	375	harder	1	NA
32	376	to	1	NA
32	377	talk	1	NA
32	378	about	1	NA
32	379	having	1	NA
32	380	money	1	it
32	381	than	1	NA
32	382	it	1	NA
32	383	is	1	NA
32	384	to	1	it.
32	385	talk	1	it.
32	386	about	1	it.
32	387	not	1	it.
32	388	having	1	it.
32	389	money.	2	it.
32	390	It's	2	NA
32	391	much	1	NA
32	392	more	1	NA
32	393	socially	1	NA
32	394	acceptable	1	NA
32	395	to	1	it.
32	396	say	1	it.
32	397	‘I	3	it.
32	398	am	1	it.
32	399	broke.	2	it.
32	400	Things	1	NA
32	401	are	1	NA
32	402	hard.'	2	NA
32	403	You	1	NA
32	404	can't	2	NA
32	405	say	1	NA
32	406	‘I	3	NA
32	407	have	1	NA
32	408	a	1	NA
32	409	ton	1	NA
32	410	of	1	NA
32	411	money.'	2	NA
32	412	You	1	NA
32	413	have	1	NA
32	414	to	1	NA
32	415	keep	1	NA
32	416	a	1	NA
32	417	lot	1	NA
32	418	of	1	NA
32	419	your	1	NA
32	420	life	1	NA
32	421	private.”	4	NA
32	422	As	1	NA
32	423	a	1	NA
32	424	result,	2	NA
32	425	Cockrell	2	he
32	426	points	1	NA
32	427	out,	2	NA
32	428	the	1	they
32	429	rich	1	they
32	430	tend	1	NA
32	431	to	1	NA
32	432	hang	1	NA
32	433	out	1	NA
32	434	with	1	NA
32	435	other	1	NA
32	436	rich	1	NA
32	437	Americans,	2	NA
32	438	not	1	NA
32	439	out	1	NA
32	440	of	1	NA
32	441	snobbery	3	NA
32	442	but	1	NA
32	443	in	1	NA
32	444	order	1	NA
32	445	to	1	NA
32	446	be	1	NA
32	447	around	1	NA
32	448	those	1	NA
32	449	who	1	NA
32	450	understand	1	NA
32	451	them	1	NA
32	452	and	1	NA
32	453	their	1	NA
32	454	problems.	2	NA
32	455	In	1	NA
32	456	the	1	it,
32	457	US,	2	it,
32	458	over	1	NA
32	459	the	1	NA
32	460	last	1	NA
32	461	three	1	NA
32	462	decades,	2	NA
32	463	the	1	NA
32	464	number	1	NA
32	465	of	1	NA
32	466	extremely	1	NA
32	467	wealthy	1	NA
32	468	people	1	NA
32	469	has	1	NA
32	470	been	1	NA
32	471	climbing.	2	NA
32	472	According	1	NA
32	473	to	1	NA
32	474	research	1	NA
32	475	from	1	NA
32	476	Spectrem	2	NA
32	477	Group,	2	NA
32	478	in	1	NA
32	479	2014,	2	NA
32	480	the	1	NA
32	481	number	1	NA
32	482	of	1	NA
32	483	US	1	us
32	484	households	1	NA
32	485	with	1	NA
32	486	$1m	3	NA
32	487	or	1	NA
32	488	more	1	NA
32	489	in	1	NA
32	490	assets	1	NA
32	491	–	1	NA
32	492	excluding	1	NA
32	493	the	1	NA
32	494	value	1	NA
32	495	of	1	NA
32	496	their	1	NA
32	497	primary	1	NA
32	498	home	1	NA
32	499	–	1	NA
32	500	increased	1	NA
32	501	by	1	NA
32	502	500,000	3	NA
32	503	to	1	NA
32	504	10.1m.	5	it.
32	505	In	1	NA
32	506	2007,	2	NA
32	507	that	1	it
32	508	number	1	it
32	509	was	1	NA
32	510	9.2m.	5	NA
32	511	Households	2	NA
32	512	worth	1	NA
32	513	$5m	3	NA
32	514	or	1	NA
32	515	more	1	NA
32	516	reached	1	NA
32	517	1.3m	4	NA
32	518	and	1	NA
32	519	142,000	3	NA
32	520	households	1	NA
32	521	are	1	NA
32	522	now	1	NA
32	523	worth	1	NA
32	524	$25m	3	NA
32	525	or	1	NA
32	526	more.	2	NA
32	527	Since	1	NA
32	528	the	1	it,
32	529	2008	1	it,
32	530	financial	1	it,
32	531	crisis,	2	it,
32	532	the	1	it
32	533	income	1	it
32	534	gap	1	it
32	535	has	1	NA
32	536	expanded	1	NA
32	537	and	1	NA
32	538	the	1	NA
32	539	situation	1	NA
32	540	“has	3	NA
32	541	gotten	1	NA
32	542	worse	1	NA
32	543	for	1	NA
32	544	the	1	them,”
32	545	wealthy,”	4	them,”
32	546	Cockrell	2	he
32	547	said.	2	NA
32	548	The	1	NA
32	549	main	1	NA
32	550	reason?	2	NA
32	551	Not	1	NA
32	552	knowing	1	NA
32	553	if	1	NA
32	554	your	1	NA
32	555	friends	1	NA
32	556	are	1	NA
32	557	friends	1	NA
32	558	with	1	NA
32	559	you	1	NA
32	560	or	1	NA
32	561	your	1	NA
32	562	money.	2	NA
32	563	“Someone	3	“They
32	564	else	1	“They
32	565	who	1	“They
32	566	is	1	“They
32	567	also	1	“They
32	568	a	1	“They
32	569	billionaire	1	“They
32	570	–	1	NA
32	571	they	1	NA
32	572	don't	2	NA
32	573	want	1	NA
32	574	anything	1	NA
32	575	from	1	NA
32	576	you.	2	NA
32	577	Never	1	It,
32	578	being	1	It,
32	579	able	1	It,
32	580	to	1	It,
32	581	trust	1	It,
32	582	your	1	It,
32	583	friendships	1	It,
32	584	with	1	It,
32	585	people	1	It,
32	586	of	1	It,
32	587	different	1	It,
32	588	means,	2	It,
32	589	I	1	NA
32	590	think	1	NA
32	591	that	1	NA
32	592	is	1	NA
32	593	difficult,”	4	NA
32	594	said	1	NA
32	595	Cockrell.	3	he.
32	596	“As	3	NA
32	597	the	1	it
32	598	gap	1	it
32	599	has	1	NA
32	600	widened,	2	NA
32	601	the	1	they
32	602	rich	1	they
32	603	have	1	NA
32	604	become	1	NA
32	605	more	1	NA
32	606	and	1	NA
32	607	more	1	NA
32	608	isolated.”	4	NA
32	609	Some	1	they
32	610	Americans	1	they
32	611	have	1	NA
32	612	taken	1	NA
32	613	to	1	NA
32	614	keeping	1	NA
32	615	their	1	their
32	616	wealth	1	their
32	617	secret.	2	NA
32	618	“There	3	NA
32	619	are	1	NA
32	620	a	1	NA
32	621	lot	1	NA
32	622	of	1	NA
32	623	people	1	NA
32	624	that	1	NA
32	625	are	1	NA
32	626	hiding	1	NA
32	627	their	1	their
32	628	wealth	1	their
32	629	because	1	NA
32	630	they	1	NA
32	631	are	1	NA
32	632	concerned	1	NA
32	633	about	1	NA
32	634	negative	1	NA
32	635	judgment,”	4	NA
32	636	said	1	NA
32	637	Traeger-Muney.	7	she.
32	638	“If	3	NA
32	639	wealthy	1	they
32	640	Americans	1	they
32	641	talk	1	NA
32	642	about	1	NA
32	643	the	1	NA
32	644	unique	1	NA
32	645	challenges	1	NA
32	646	that	1	NA
32	647	come	1	NA
32	648	with	1	NA
32	649	their	1	their,
32	650	wealth,	2	their,
32	651	people	1	they
32	652	often	1	NA
32	653	dismiss	1	NA
32	654	their	1	NA
32	655	experience.	2	NA
32	656	People	1	They
32	657	say	1	NA
32	658	‘Oh,	4	NA
32	659	poor	1	NA
32	660	you.'	2	NA
32	661	There	1	NA
32	662	is	1	NA
32	663	not	1	NA
32	664	a	1	NA
32	665	lot	1	NA
32	666	of	1	NA
32	667	sympathy	1	NA
32	668	there,”	4	NA
32	669	she	1	NA
32	670	said.	2	NA
32	671	“Wealth	4	“It
32	672	is	1	NA
32	673	still	1	NA
32	674	one	1	it.”
32	675	of	1	it.”
32	676	our	1	it.”
32	677	last	1	it.”
32	678	taboos.”	5	it.”
32	679	Cockrell	2	he
32	680	said	1	NA
32	681	that	1	NA
32	682	a	1	NA
32	683	common	1	NA
32	684	mistake	1	NA
32	685	that	1	NA
32	686	many	1	they
32	687	of	1	they
32	688	his	1	they
32	689	wealthy	1	they
32	690	clients	1	they
32	691	make	1	NA
32	692	is	1	NA
32	693	letting	1	NA
32	694	their	1	NA
32	695	money	1	NA
32	696	define	1	NA
32	697	them.	2	NA
32	698	“I	3	NA
32	699	don't	2	NA
32	700	think	1	NA
32	701	it's	2	NA
32	702	healthy	1	NA
32	703	to	1	it.
32	704	discount	1	it.
32	705	your	1	it.
32	706	problems.	2	it.
32	707	If	1	NA
32	708	you	1	NA
32	709	are	1	NA
32	710	part	1	NA
32	711	of	1	NA
32	712	the	1	it%,
32	713	1%,	2	it%,
32	714	you	1	NA
32	715	still	1	NA
32	716	have	1	NA
32	717	problems	1	them
32	718	and	1	NA
32	719	they	1	NA
32	720	are	1	NA
32	721	legitimate	1	NA
32	722	to	1	NA
32	723	you.	2	NA
32	724	Even	1	NA
32	725	when	1	NA
32	726	you	1	NA
32	727	say,	2	NA
32	728	‘I	3	NA
32	729	don't	2	NA
32	730	have	1	NA
32	731	to	1	NA
32	732	struggle	1	NA
32	733	for	1	NA
32	734	money',	2	it',
32	735	there	1	NA
32	736	are	1	NA
32	737	other	1	NA
32	738	parts	1	NA
32	739	of	1	NA
32	740	your	1	NA
32	741	life.	2	NA
32	742	Money	1	It
32	743	is	1	NA
32	744	not	1	NA
32	745	the	1	it,”
32	746	only	1	it,”
32	747	thing	1	it,”
32	748	that	1	it,”
32	749	defines	1	it,”
32	750	you,”	4	it,”
32	751	he	1	NA
32	752	said.	2	NA
32	753	“Your	3	“They
32	754	problems	1	“They
32	755	are	1	NA
32	756	real.”	4	NA
33	0	Clay	2	He
33	1	Cockrell	2	He
33	2	is	1	NA
33	3	sitting	1	NA
33	4	in	1	NA
33	5	his	1	NA
33	6	office	1	NA
33	7	opposite	1	NA
33	8	the	1	it.
33	9	Trump	1	it.
33	10	International	1	it.
33	11	Hotel	1	it.
33	12	and	1	it.
33	13	Tower.	2	it.
33	14	In	1	NA
33	15	front	1	NA
33	16	of	1	NA
33	17	the	1	it
33	18	tower	1	it
33	19	is	1	NA
33	20	Central	1	it.
33	21	Park,	2	it.
33	22	where	1	it.
33	23	Cockrell	2	it.
33	24	holds	1	it.
33	25	his	1	it.
33	26	popular	1	it.
33	27	walk	1	it.
33	28	and	1	it.
33	29	talk	1	it.
33	30	therapy	1	it.
33	31	sessions.	2	it.
33	32	Cockrell	2	He
33	33	is	1	NA
33	34	a	1	she.
33	35	former	1	she.
33	36	Wall	1	she.
33	37	Street	1	she.
33	38	worker	1	she.
33	39	who	1	she.
33	40	is	1	she.
33	41	now	1	she.
33	42	a	1	she.
33	43	therapist.	2	she.
33	44	He	1	NA
33	45	spends	1	NA
33	46	large	1	NA
33	47	parts	1	NA
33	48	of	1	NA
33	49	his	1	NA
33	50	days	1	NA
33	51	walking	1	NA
33	52	in	1	NA
33	53	Central	1	it
33	54	Park	1	it
33	55	or	1	NA
33	56	the	1	NA
33	57	Battery	1	NA
33	58	Park	1	NA
33	59	in	1	NA
33	60	downtown	1	NA
33	61	Manhattan	1	NA
33	62	near	1	NA
33	63	Wall	1	it,
33	64	Street,	2	it,
33	65	talking	1	NA
33	66	to	1	NA
33	67	some	1	NA
33	68	of	1	NA
33	69	New	1	NA
33	70	York's	2	NA
33	71	wealthiest	1	NA
33	72	people.	2	NA
33	73	“Many	3	“They
33	74	of	1	“They
33	75	the	1	“They
33	76	extremely	1	“They
33	77	wealthy	1	“They
33	78	–	1	NA
33	79	the	1	they%
33	80	1%	2	they%
33	81	of	1	they%
33	82	the	1	they%
33	83	1%	2	they%
33	84	–	1	NA
33	85	feel	1	NA
33	86	that	1	NA
33	87	their	1	their
33	88	problems	1	their
33	89	are	1	NA
33	90	really	1	NA
33	91	not	1	NA
33	92	problems.	2	them.
33	93	But	1	NA
33	94	they	1	NA
33	95	are,”	4	NA
33	96	he	1	NA
33	97	says.	2	NA
33	98	So,	2	NA
33	99	what	1	NA
33	100	problems	1	NA
33	101	do	1	NA
33	102	America's	2	they%
33	103	1%	2	they%
33	104	have?	2	NA
33	105	“There	3	NA
33	106	is	1	NA
33	107	guilt	1	NA
33	108	that	1	NA
33	109	they	1	NA
33	110	are	1	NA
33	111	rich,”	4	NA
33	112	he	1	NA
33	113	said.	2	NA
33	114	“There	3	NA
33	115	is	1	NA
33	116	the	1	NA
33	117	feeling	1	NA
33	118	that	1	NA
33	119	they	1	NA
33	120	have	1	NA
33	121	to	1	NA
33	122	hide	1	NA
33	123	that	1	NA
33	124	they	1	NA
33	125	are	1	NA
33	126	rich.	2	NA
33	127	And,	2	NA
33	128	then,	2	NA
33	129	there	1	NA
33	130	is	1	NA
33	131	the	1	NA
33	132	isolation	1	NA
33	133	–	1	NA
33	134	being	1	NA
33	135	in	1	NA
33	136	the	1	it%
33	137	1%	2	it%
33	138	can	1	NA
33	139	be	1	NA
33	140	lonely.”	4	NA
33	141	Counselors	2	NA
33	142	say	1	NA
33	143	that	1	NA
33	144	things	1	NA
33	145	have	1	NA
33	146	become	1	NA
33	147	worse	1	NA
33	148	since	1	NA
33	149	the	1	it.
33	150	financial	1	it.
33	151	crisis.	2	it.
33	152	People	1	NA
33	153	now	1	NA
33	154	talk	1	NA
33	155	about	1	NA
33	156	the	1	it
33	157	gap	1	it
33	158	between	1	it
33	159	rich	1	it
33	160	and	1	it
33	161	poor	1	it
33	162	more	1	NA
33	163	because	1	NA
33	164	of	1	NA
33	165	movements	1	NA
33	166	like	1	NA
33	167	Occupy	1	it.
33	168	Wall	1	it.
33	169	Street.	2	it.
33	170	“Occupy	4	“It
33	171	Wall	1	“It
33	172	Street	1	“It
33	173	had	1	NA
33	174	some	1	NA
33	175	important	1	NA
33	176	things	1	NA
33	177	to	1	NA
33	178	say	1	NA
33	179	about	1	NA
33	180	the	1	it
33	181	gap	1	it
33	182	between	1	it
33	183	rich	1	it
33	184	and	1	it
33	185	poor	1	it
33	186	but	1	NA
33	187	it	1	NA
33	188	was	1	NA
33	189	negative	1	NA
33	190	about	1	NA
33	191	the	1	them%,”
33	192	1%,”	4	them%,”
33	193	said	1	NA
33	194	Jamie	1	he,
33	195	Traeger-Muney,	7	he,
33	196	a	1	he.
33	197	wealth	1	he.
33	198	psychologist.	2	he.
33	199	The	1	NA
33	200	media,	2	NA
33	201	she	1	NA
33	202	said,	2	NA
33	203	makes	1	NA
33	204	the	1	them
33	205	rich	1	them
33	206	“feel	3	NA
33	207	like	1	NA
33	208	they	1	NA
33	209	need	1	NA
33	210	to	1	NA
33	211	hide	1	NA
33	212	or	1	NA
33	213	feel	1	NA
33	214	ashamed”.	4	NA
33	215	“Sometimes,	4	NA
33	216	I	1	NA
33	217	am	1	NA
33	218	shocked	1	NA
33	219	by	1	NA
33	220	things	1	NA
33	221	that	1	NA
33	222	people	1	NA
33	223	say.	2	NA
33	224	You	1	NA
33	225	would	1	NA
33	226	never	1	NA
33	227	talk	1	NA
33	228	about	1	NA
33	229	another	1	NA
33	230	group	1	NA
33	231	of	1	NA
33	232	people	1	NA
33	233	in	1	NA
33	234	the	1	NA
33	235	way	1	NA
33	236	that	1	NA
33	237	it	1	NA
33	238	seems	1	NA
33	239	perfectly	1	NA
33	240	normal	1	NA
33	241	to	1	NA
33	242	talk	1	NA
33	243	about	1	NA
33	244	wealthy	1	them.”
33	245	people.”	4	them.”
33	246	“It's	4	NA
33	247	really	1	NA
33	248	isolating	2	NA
33	249	to	1	it.
33	250	have	1	it.
33	251	a	1	it.
33	252	lot	1	it.
33	253	of	1	it.
33	254	money.	2	it.
33	255	People's	2	Their
33	256	reaction	1	NA
33	257	to	1	NA
33	258	you	1	NA
33	259	can	1	NA
33	260	be	1	NA
33	261	scary,”	4	NA
33	262	said	1	NA
33	263	Barbara	1	she,
33	264	Nusbaum,	4	she,
33	265	an	1	she.
33	266	expert	1	she.
33	267	in	1	she.
33	268	money	1	she.
33	269	psychology.	2	she.
33	270	“We	3	NA
33	271	are	1	NA
33	272	all	1	NA
33	273	taught	1	NA
33	274	not	1	NA
33	275	to	1	NA
33	276	talk	1	NA
33	277	about	1	NA
33	278	money.	2	it.
33	279	It's	2	NA
33	280	not	1	NA
33	281	polite	1	NA
33	282	to	1	NA
33	283	talk	1	NA
33	284	about	1	NA
33	285	money.	2	it.
33	286	But	1	NA
33	287	it's	2	NA
33	288	harder	1	NA
33	289	to	1	NA
33	290	talk	1	NA
33	291	about	1	NA
33	292	being	1	NA
33	293	rich	1	NA
33	294	than	1	NA
33	295	it	1	NA
33	296	is	1	NA
33	297	to	1	NA
33	298	talk	1	NA
33	299	about	1	NA
33	300	being	1	NA
33	301	poor.	2	NA
33	302	People	1	They
33	303	don't	2	NA
33	304	mind	1	NA
33	305	if	1	NA
33	306	you	1	NA
33	307	say	1	NA
33	308	‘I	3	NA
33	309	am	1	NA
33	310	broke.	2	NA
33	311	Things	1	NA
33	312	are	1	NA
33	313	hard.'	2	NA
33	314	You	1	NA
33	315	can't	2	NA
33	316	say	1	NA
33	317	‘I	3	NA
33	318	have	1	NA
33	319	a	1	NA
33	320	ton	1	NA
33	321	of	1	NA
33	322	money.'	2	NA
33	323	You	1	NA
33	324	have	1	NA
33	325	to	1	NA
33	326	keep	1	NA
33	327	a	1	NA
33	328	lot	1	NA
33	329	of	1	NA
33	330	your	1	NA
33	331	life	1	NA
33	332	private.”	4	NA
33	333	As	1	NA
33	334	a	1	NA
33	335	result,	2	NA
33	336	Cockrell	2	he
33	337	says,	2	NA
33	338	the	1	they
33	339	rich	1	they
33	340	hang	1	NA
33	341	out	1	NA
33	342	with	1	NA
33	343	other	1	NA
33	344	rich	1	NA
33	345	Americans	1	NA
33	346	who	1	NA
33	347	understand	1	NA
33	348	them	1	NA
33	349	and	1	NA
33	350	their	1	their.
33	351	problems.	2	their.
33	352	In	1	NA
33	353	the	1	it,
33	354	US,	2	it,
33	355	over	1	NA
33	356	the	1	NA
33	357	last	1	NA
33	358	30	1	NA
33	359	years,	2	NA
33	360	the	1	NA
33	361	number	1	NA
33	362	of	1	NA
33	363	very	1	NA
33	364	wealthy	1	NA
33	365	people	1	NA
33	366	has	1	NA
33	367	grown.	2	NA
33	368	In	1	NA
33	369	2014,	2	NA
33	370	the	1	NA
33	371	number	1	NA
33	372	of	1	NA
33	373	US	1	its
33	374	households	1	NA
33	375	with	1	NA
33	376	$1	2	NA
33	377	million	1	NA
33	378	or	1	NA
33	379	more	1	NA
33	380	–	1	NA
33	381	excluding	1	NA
33	382	the	1	NA
33	383	value	1	NA
33	384	of	1	NA
33	385	their	1	NA
33	386	main	1	NA
33	387	home	1	NA
33	388	–	1	NA
33	389	increased	1	NA
33	390	by	1	NA
33	391	500,000	3	NA
33	392	to	1	NA
33	393	10.1	3	NA
33	394	million.	2	NA
33	395	There	1	NA
33	396	were	1	NA
33	397	1.3	3	NA
33	398	million	1	NA
33	399	households	1	NA
33	400	worth	1	NA
33	401	$5	2	NA
33	402	million	1	NA
33	403	and	1	NA
33	404	142,000	3	NA
33	405	worth	1	NA
33	406	$25	2	NA
33	407	million	1	NA
33	408	or	1	NA
33	409	more.	2	NA
33	410	Since	1	NA
33	411	the	1	it,
33	412	2008	1	it,
33	413	financial	1	it,
33	414	crisis,	2	it,
33	415	the	1	it
33	416	gap	1	it
33	417	between	1	it
33	418	the	1	it
33	419	rich	1	it
33	420	and	1	it
33	421	the	1	it
33	422	poor	1	it
33	423	has	1	NA
33	424	grown	1	NA
33	425	and	1	NA
33	426	the	1	NA
33	427	situation	1	NA
33	428	“has	3	NA
33	429	gotten	1	NA
33	430	worse	1	NA
33	431	for	1	NA
33	432	the	1	them,”
33	433	wealthy,”	4	them,”
33	434	Cockrell	2	he
33	435	said.	2	NA
33	436	The	1	NA
33	437	main	1	NA
33	438	reason?	2	NA
33	439	Not	1	NA
33	440	knowing	1	NA
33	441	if	1	NA
33	442	your	1	NA
33	443	friends	1	NA
33	444	are	1	NA
33	445	friends	1	NA
33	446	with	1	NA
33	447	you	1	NA
33	448	or	1	NA
33	449	with	1	NA
33	450	your	1	it.
33	451	money.	2	it.
33	452	“Someone	3	“They
33	453	else	1	“They
33	454	who	1	“They
33	455	is	1	“They
33	456	also	1	“They
33	457	a	1	“They
33	458	billionaire	1	“They
33	459	–	1	NA
33	460	they	1	NA
33	461	don't	2	NA
33	462	want	1	NA
33	463	anything	1	NA
33	464	from	1	NA
33	465	you.	2	NA
33	466	Never	1	It,
33	467	being	1	It,
33	468	able	1	It,
33	469	to	1	It,
33	470	trust	1	It,
33	471	your	1	It,
33	472	friendships	1	It,
33	473	with	1	It,
33	474	other	1	It,
33	475	people,	2	It,
33	476	I	1	NA
33	477	think	1	NA
33	478	that	1	NA
33	479	is	1	NA
33	480	difficult,”	4	NA
33	481	said	1	NA
33	482	Cockrell.	3	he.
33	483	Some	1	They
33	484	Americans	1	They
33	485	keep	1	NA
33	486	their	1	their
33	487	wealth	1	their
33	488	secret.	2	NA
33	489	“There	3	NA
33	490	are	1	NA
33	491	a	1	they
33	492	lot	1	they
33	493	of	1	they
33	494	people	1	they
33	495	hiding	1	NA
33	496	their	1	their
33	497	wealth	1	their
33	498	because	1	NA
33	499	they	1	NA
33	500	are	1	NA
33	501	worried	1	NA
33	502	about	1	NA
33	503	negative	1	NA
33	504	judgment,”	4	NA
33	505	said	1	NA
33	506	Traeger-Muney.	7	she.
33	507	“If	3	NA
33	508	wealthy	1	they
33	509	Americans	1	they
33	510	talk	1	NA
33	511	about	1	NA
33	512	their	1	their,
33	513	problems,	2	their,
33	514	people	1	NA
33	515	often	1	NA
33	516	don't	2	NA
33	517	have	1	NA
33	518	a	1	NA
33	519	lot	1	NA
33	520	of	1	NA
33	521	sympathy,”	4	NA
33	522	she	1	NA
33	523	said.	2	NA
33	524	Cockrell	2	He
33	525	said	1	NA
33	526	that	1	NA
33	527	there	1	NA
33	528	is	1	NA
33	529	a	1	NA
33	530	common	1	NA
33	531	mistake	1	NA
33	532	that	1	NA
33	533	many	1	they
33	534	of	1	they
33	535	his	1	they
33	536	wealthy	1	they
33	537	clients	1	they
33	538	make	1	NA
33	539	–	1	NA
33	540	they	1	NA
33	541	let	1	NA
33	542	their	1	their
33	543	money	1	their
33	544	define	1	NA
33	545	them.	2	NA
33	546	“If	3	NA
33	547	you	1	NA
33	548	are	1	NA
33	549	part	1	NA
33	550	of	1	NA
33	551	the	1	it%,
33	552	1%,	2	it%,
33	553	you	1	NA
33	554	still	1	NA
33	555	have	1	NA
33	556	problems.	2	they.
33	557	There	1	NA
33	558	are	1	NA
33	559	other	1	NA
33	560	parts	1	NA
33	561	of	1	NA
33	562	your	1	NA
33	563	life.	2	NA
33	564	Money	1	It
33	565	is	1	NA
33	566	not	1	NA
33	567	the	1	it,”
33	568	only	1	it,”
33	569	thing,”	4	it,”
33	570	he	1	NA
33	571	said.	2	NA
33	572	“Your	3	“They
33	573	problems	1	“They
33	574	are	1	NA
33	575	real.”	4	NA
34	0	From	1	NA
34	1	all	1	NA
34	2	across	1	NA
34	3	Rwanda,	2	it,
34	4	and	1	NA
34	5	even	1	NA
34	6	parts	1	NA
34	7	of	1	NA
34	8	neighboring	1	NA
34	9	Burundi,	4	NA
34	10	people	1	they
34	11	flock	1	NA
34	12	to	1	NA
34	13	the	1	it
34	14	southern	1	it
34	15	town	1	it
34	16	of	1	it
34	17	Butare	2	it
34	18	to	1	NA
34	19	a	1	it
34	20	little	1	it
34	21	shop	1	it
34	22	called	1	NA
34	23	Inzozi	4	it
34	24	Nziza	3	it
34	25	(Sweet	2	NA
34	26	Dreams).	2	NA
34	27	They	1	NA
34	28	come	1	NA
34	29	for	1	NA
34	30	a	1	it,
34	31	taste	1	it,
34	32	of	1	it,
34	33	the	1	it,
34	34	unknown,	2	it,
34	35	something	1	it
34	36	most	1	it
34	37	have	1	it
34	38	never	1	it
34	39	tasted	1	it
34	40	–	1	NA
34	41	the	1	it.
34	42	sweet,	2	it.
34	43	cold,	2	it.
34	44	velvety	3	it.
34	45	embrace	1	it.
34	46	of	1	it.
34	47	ice	1	it.
34	48	cream.	2	it.
34	49	Here,	2	NA
34	50	at	1	NA
34	51	the	1	it,
34	52	central	1	it,
34	53	African	1	it,
34	54	country's	2	it,
34	55	first	1	it,
34	56	ice-cream	3	it,
34	57	parlor,	3	it,
34	58	customers	1	NA
34	59	can	1	NA
34	60	buy	1	NA
34	61	scoops	2	NA
34	62	in	1	NA
34	63	sweet	1	NA
34	64	cream,	2	NA
34	65	passion	1	NA
34	66	fruit,	2	NA
34	67	strawberry	1	NA
34	68	and	1	NA
34	69	pineapple	1	NA
34	70	flavors.	2	NA
34	71	Toppings	2	NA
34	72	include	1	NA
34	73	fresh	1	NA
34	74	fruit,	2	NA
34	75	honey,	2	it,
34	76	chocolate	1	NA
34	77	chips	1	NA
34	78	and	1	NA
34	79	granola.	3	NA
34	80	Black	1	NA
34	81	tea	1	NA
34	82	and	1	NA
34	83	coffee	1	it
34	84	are	1	NA
34	85	also	1	NA
34	86	on	1	NA
34	87	sale.	2	NA
34	88	The	1	It,
34	89	shop,	2	It,
34	90	which	1	It,
34	91	has	1	It,
34	92	“ice	3	It,
34	93	cream,	2	It,
34	94	coffee,	2	It,
34	95	dreams”	3	It,
34	96	across	1	It,
34	97	its	1	It,
34	98	signage,	2	It,
34	99	is	1	NA
34	100	milking	2	it
34	101	local	1	it
34	102	curiosity	1	it
34	103	about	1	it
34	104	the	1	it
34	105	dessert	1	it
34	106	–	1	NA
34	107	and	1	NA
34	108	“changing	3	NA
34	109	lives”	3	NA
34	110	in	1	NA
34	111	the	1	it,
34	112	process,	2	it,
34	113	says	1	NA
34	114	Inzozi	4	it,
34	115	Nziza's	4	it,
34	116	manager,	2	it,
34	117	Louise	1	she.
34	118	Ingabire.	4	she.
34	119	“Ice	3	“It
34	120	cream	1	“It
34	121	is	1	NA
34	122	important,”	4	NA
34	123	she	1	NA
34	124	says	1	NA
34	125	between	1	NA
34	126	mouthfuls	3	NA
34	127	of	1	NA
34	128	a	1	NA
34	129	honey-flavored	4	it
34	130	offering.	2	NA
34	131	“Some	3	NA
34	132	Rwandans	3	NA
34	133	like	1	NA
34	134	ice	1	it,
34	135	cream,	2	it,
34	136	but	1	NA
34	137	it's	2	NA
34	138	a	1	it.
34	139	new	1	it.
34	140	thing.	2	it.
34	141	We	1	NA
34	142	still	1	NA
34	143	have	1	NA
34	144	some	1	NA
34	145	work	1	NA
34	146	to	1	NA
34	147	do,	2	NA
34	148	to	1	NA
34	149	tell	1	NA
34	150	others	1	them
34	151	that	1	NA
34	152	they'll	2	NA
34	153	enjoy	1	NA
34	154	it.”	4	NA
34	155	True	1	NA
34	156	to	1	NA
34	157	Inzozi	4	its
34	158	Nziza's	4	its
34	159	motto,	2	NA
34	160	the	1	it
34	161	shop	1	it
34	162	can	1	NA
34	163	certainly	1	NA
34	164	make	1	NA
34	165	dreams	1	NA
34	166	come	1	NA
34	167	true.	2	NA
34	168	“I	3	NA
34	169	didn't	2	NA
34	170	have	1	NA
34	171	a	1	NA
34	172	job	1	NA
34	173	before:	2	NA
34	174	I	1	NA
34	175	just	1	NA
34	176	stayed	1	NA
34	177	at	1	NA
34	178	home.	2	NA
34	179	Now,	2	NA
34	180	I	1	NA
34	181	have	1	NA
34	182	a	1	NA
34	183	vision	1	NA
34	184	for	1	NA
34	185	the	1	NA
34	186	future.	2	NA
34	187	I	1	NA
34	188	am	1	NA
34	189	making	1	NA
34	190	money	1	it
34	191	and	1	NA
34	192	I	1	NA
34	193	can	1	NA
34	194	give	1	NA
34	195	some	1	NA
34	196	of	1	NA
34	197	it	1	NA
34	198	to	1	NA
34	199	my	1	NA
34	200	family,”	4	NA
34	201	says	1	NA
34	202	the	1	he.
34	203	27-year-old.	6	he.
34	204	Butare,	3	It,
34	205	which	1	It,
34	206	has	1	It,
34	207	89,600	3	It,
34	208	residents	1	It,
34	209	and	1	It,
34	210	is	1	It,
34	211	located	1	It,
34	212	135km	2	It,
34	213	south	1	It,
34	214	of	1	It,
34	215	the	1	It,
34	216	capital,	2	It,
34	217	Kigali,	4	It,
34	218	is	1	NA
34	219	the	1	it.
34	220	home	1	it.
34	221	of	1	it.
34	222	the	1	it.
34	223	National	1	it.
34	224	University	1	it.
34	225	of	1	it.
34	226	Rwanda.	2	it.
34	227	Inzozi	4	It
34	228	Nziza	3	It
34	229	has	1	NA
34	230	become	1	NA
34	231	a	1	it.
34	232	hub	1	it.
34	233	for	1	it.
34	234	tired	1	it.
34	235	students	1	it.
34	236	looking	1	it.
34	237	to	1	it.
34	238	treat	1	it.
34	239	themselves	1	it.
34	240	to	1	it.
34	241	something	1	it.
34	242	cool	1	it.
34	243	and	1	it.
34	244	different.	2	it.
34	245	“It's	4	NA
34	246	something	1	it,”
34	247	uniting	2	it,”
34	248	people	1	it,”
34	249	here,”	4	it,”
34	250	Kalisa	2	he,
34	251	Migendo,	3	he,
34	252	a	1	he,
34	253	24-year-old	5	he,
34	254	agriculture	1	he,
34	255	student,	2	he,
34	256	says.	2	NA
34	257	“If	3	NA
34	258	you	1	NA
34	259	need	1	NA
34	260	to	1	NA
34	261	go	1	NA
34	262	out	1	NA
34	263	and	1	NA
34	264	talk	1	NA
34	265	to	1	NA
34	266	a	1	NA
34	267	friend,	2	NA
34	268	a	1	NA
34	269	girl	1	NA
34	270	or	1	NA
34	271	a	1	NA
34	272	boy,	2	NA
34	273	you	1	NA
34	274	come	1	NA
34	275	to	1	NA
34	276	Inzozi	4	it
34	277	Nziza	3	it
34	278	for	1	NA
34	279	an	1	NA
34	280	ice	1	NA
34	281	cream.”	4	NA
34	282	Most	1	NA
34	283	of	1	NA
34	284	the	1	NA
34	285	ingredients	1	NA
34	286	are	1	NA
34	287	sourced	1	NA
34	288	locally	1	NA
34	289	and	1	NA
34	290	the	1	NA
34	291	milk	1	NA
34	292	comes	1	NA
34	293	from	1	NA
34	294	a	1	NA
34	295	depot	1	NA
34	296	in	1	NA
34	297	nearby	1	NA
34	298	Nyanza.	4	NA
34	299	The	1	NA
34	300	vanilla	1	NA
34	301	beans	1	NA
34	302	and	1	NA
34	303	cocoa	1	NA
34	304	are	1	NA
34	305	imported.	2	NA
34	306	Inzozi	4	It
34	307	Nziza	3	It
34	308	was	1	NA
34	309	opened	1	NA
34	310	by	1	NA
34	311	the	1	she.
34	312	theater	1	she.
34	313	director	1	she.
34	314	Odile	2	she.
34	315	Gakire	3	she.
34	316	Katese.	4	she.
34	317	She	1	NA
34	318	met	1	NA
34	319	Alexis	1	them,
34	320	Miesen	3	them,
34	321	and	1	them,
34	322	Jennie	2	them,
34	323	Dundas,	3	them,
34	324	co-founders	4	NA
34	325	of	1	NA
34	326	Blue	1	NA
34	327	Marble	1	NA
34	328	Ice	1	NA
34	329	Cream	1	NA
34	330	in	1	NA
34	331	Brooklyn,	2	NA
34	332	New	1	NA
34	333	York,	2	NA
34	334	and	1	NA
34	335	formed	1	NA
34	336	a	1	NA
34	337	partnership	1	NA
34	338	with	1	NA
34	339	them	1	NA
34	340	to	1	NA
34	341	open	1	NA
34	342	the	1	it
34	343	shop	1	it
34	344	in	1	NA
34	345	2010.	2	NA
34	346	“An	3	NA
34	347	ice-cream	3	NA
34	348	shop,	2	NA
34	349	Katese	3	he
34	350	proposed,	2	NA
34	351	might	1	NA
34	352	help	1	NA
34	353	to	1	NA
34	354	put	1	NA
34	355	the	1	NA
34	356	human	1	NA
34	357	pieces	1	NA
34	358	back	1	NA
34	359	together	1	NA
34	360	by	1	NA
34	361	rebuilding	1	NA
34	362	spirits,	2	NA
34	363	hopes	1	NA
34	364	and	1	NA
34	365	family	1	NA
34	366	traditions,”	4	NA
34	367	Miesen	3	she
34	368	says.	2	NA
34	369	At	1	NA
34	370	the	1	NA
34	371	start,	2	NA
34	372	Miesen	3	she
34	373	and	1	NA
34	374	Dundas	2	NA
34	375	owned	1	NA
34	376	the	1	it
34	377	shop	1	it
34	378	in	1	NA
34	379	partnership	1	NA
34	380	with	1	NA
34	381	its	1	NA
34	382	staff	1	NA
34	383	and	1	NA
34	384	had	1	NA
34	385	shares	1	them.
34	386	in	1	them.
34	387	the	1	them.
34	388	business,	2	them.
34	389	which	1	them.
34	390	is	1	them.
34	391	a	1	them.
34	392	cooperative	1	them.
34	393	and	1	them.
34	394	non-profit.	4	them.
34	395	They	1	NA
34	396	did	1	NA
34	397	not	1	NA
34	398	set	1	NA
34	399	financial	1	NA
34	400	targets,	2	NA
34	401	but	1	NA
34	402	waited	1	NA
34	403	for	1	NA
34	404	18	1	NA
34	405	months	1	NA
34	406	before	1	NA
34	407	they	1	NA
34	408	transferred	1	NA
34	409	their	1	them
34	410	shares	1	them
34	411	to	1	NA
34	412	the	1	them.
34	413	women,	2	them.
34	414	who	1	them.
34	415	had	1	them.
34	416	by	1	them.
34	417	then	1	them.
34	418	proved	1	them.
34	419	their	1	them.
34	420	business	1	them.
34	421	credentials.	2	them.
34	422	Though	1	NA
34	423	ice	1	it
34	424	cream	1	it
34	425	is	1	NA
34	426	somewhat	1	NA
34	427	new	1	NA
34	428	to	1	NA
34	429	Rwanda,	2	it,
34	430	Ndangiza	4	she
34	431	is	1	NA
34	432	enthused	3	NA
34	433	by	1	NA
34	434	the	1	it.
34	435	idea	1	it.
34	436	of	1	it.
34	437	the	1	it.
34	438	shop.	2	it.
34	439	“I	3	NA
34	440	think	1	NA
34	441	it's	2	NA
34	442	great.	2	NA
34	443	It	1	NA
34	444	requires	1	NA
34	445	a	1	NA
34	446	lot	1	NA
34	447	of	1	NA
34	448	skills	1	NA
34	449	and	1	NA
34	450	changing	1	NA
34	451	people's	2	NA
34	452	mindsets	2	NA
34	453	because	1	NA
34	454	selling	1	NA
34	455	and	1	NA
34	456	eating	1	NA
34	457	ice	1	it
34	458	cream	1	it
34	459	is	1	NA
34	460	not	1	NA
34	461	part	1	NA
34	462	of	1	NA
34	463	Rwanda's	2	its
34	464	culture"""".	3	NA
34	465	The	1	It
34	466	Butare	2	It
34	467	shop	1	It
34	468	employs	1	NA
34	469	nine	1	NA
34	470	women,	2	NA
34	471	who	1	NA
34	472	spend	1	NA
34	473	their	1	NA
34	474	spare	1	NA
34	475	time	1	NA
34	476	practicing	1	NA
34	477	with	1	NA
34	478	Ingoma	2	them,
34	479	Nshya,	4	them,
34	480	Rwanda's	2	it.
34	481	first	1	it.
34	482	and	1	it.
34	483	only	1	it.
34	484	female	1	it.
34	485	drumming	2	it.
34	486	troupe,	3	it.
34	487	which	1	it.
34	488	was	1	it.
34	489	established	1	it.
34	490	by	1	it.
34	491	Katese	3	it.
34	492	ten	1	it.
34	493	years	1	it.
34	494	ago.	2	it.
34	495	The	1	They
34	496	musicians	1	They
34	497	are	1	NA
34	498	Hutu	2	NA
34	499	and	1	NA
34	500	Tutsi	3	NA
34	501	women,	2	NA
34	502	some	1	NA
34	503	survivors	1	NA
34	504	of	1	NA
34	505	the	1	it.
34	506	1994	1	it.
34	507	genocide,	2	it.
34	508	during	1	it.
34	509	which	1	it.
34	510	almost	1	it.
34	511	a	1	it.
34	512	million	1	it.
34	513	Tutsis	3	it.
34	514	and	1	it.
34	515	moderate	1	it.
34	516	Hutus	2	it.
34	517	were	1	it.
34	518	killed.	2	it.
34	519	Some	1	NA
34	520	members	1	NA
34	521	of	1	NA
34	522	Ingoma	2	it
34	523	Nshya	3	it
34	524	are	1	NA
34	525	widows,	3	NA
34	526	some	1	NA
34	527	orphans.	2	NA
34	528	Ingabire's	4	Her
34	529	father,	2	NA
34	530	two	1	NA
34	531	siblings	1	NA
34	532	and	1	NA
34	533	many	1	NA
34	534	cousins	1	NA
34	535	were	1	NA
34	536	killed	1	NA
34	537	in	1	NA
34	538	the	1	it.
34	539	genocide.	2	it.
34	540	“Some	3	NA
34	541	of	1	NA
34	542	us	1	NA
34	543	are	1	NA
34	544	survivors;	2	NA
34	545	some	1	NA
34	546	know	1	NA
34	547	someone	1	NA
34	548	who	1	NA
34	549	was	1	NA
34	550	killed,”	4	NA
34	551	she	1	NA
34	552	says.	2	NA
34	553	“When	3	NA
34	554	I'm	2	NA
34	555	drumming	2	them,
34	556	with	1	them,
34	557	them,	2	them,
34	558	it	1	NA
34	559	gives	1	NA
34	560	me	1	NA
34	561	power	1	NA
34	562	because	1	NA
34	563	we're	2	NA
34	564	still	1	NA
34	565	alive	1	NA
34	566	and	1	NA
34	567	survivors.”	4	NA
34	568	The	1	it
34	569	popular	1	it
34	570	ice-cream	3	it
34	571	shop	1	it
34	572	features	1	NA
34	573	in	1	NA
34	574	a	1	it,
34	575	documentary	1	it,
34	576	by	1	it,
34	577	Rob	1	it,
34	578	and	1	it,
34	579	Lisa	1	it,
34	580	Fruchtman,	5	it,
34	581	sibling	1	their.
34	582	film-	2	their.
34	583	makers.	2	their.
34	584	Sweet	1	It,
34	585	Dreams,	2	It,
34	586	which	1	It,
34	587	tells	1	It,
34	588	the	1	It,
34	589	story	1	It,
34	590	of	1	It,
34	591	how	1	It,
34	592	the	1	It,
34	593	women	1	It,
34	594	have	1	It,
34	595	forged	1	It,
34	596	a	1	It,
34	597	promising	1	It,
34	598	post-	2	It,
34	599	genocide	1	It,
34	600	future,	2	It,
34	601	also	1	NA
34	602	includes	1	NA
34	603	the	1	them.
34	604	female	1	them.
34	605	drummers.	3	them.
34	606	The	1	It,
34	607	film,	2	It,
34	608	which	1	It,
34	609	has	1	It,
34	610	been	1	It,
34	611	screened	1	It,
34	612	in	1	It,
34	613	more	1	It,
34	614	than	1	It,
34	615	a	1	It,
34	616	dozen	1	It,
34	617	countries,	2	It,
34	618	including	1	It,
34	619	the	1	It,
34	620	US,	2	It,
34	621	UK	1	It,
34	622	and	1	It,
34	623	several	1	It,
34	624	African	1	It,
34	625	states,	2	It,
34	626	premieres	2	NA
34	627	in	1	NA
34	628	Rwanda	1	it
34	629	in	1	NA
34	630	2014.	2	NA
34	631	“We	3	NA
34	632	feel	1	NA
34	633	the	1	it
34	634	film	1	it
34	635	is	1	NA
34	636	about	1	NA
34	637	resilience,	2	NA
34	638	hope,	2	NA
34	639	bravery,	2	NA
34	640	resourcefulness	2	NA
34	641	and	1	NA
34	642	the	1	NA
34	643	ability	1	NA
34	644	to	1	NA
34	645	change	1	NA
34	646	the	1	NA
34	647	course	1	NA
34	648	of	1	NA
34	649	your	1	NA
34	650	own	1	NA
34	651	life,”	4	NA
34	652	says	1	NA
34	653	Lisa	1	she.
34	654	Fruchtman,	5	she.
34	655	who	1	she.
34	656	won	1	she.
34	657	an	1	she.
34	658	Academy	1	she.
34	659	Award	1	she.
34	660	for	1	she.
34	661	film-	2	she.
34	662	editing	1	she.
34	663	in	1	she.
34	664	1984.	2	she.
35	0	From	1	NA
35	1	all	1	NA
35	2	across	1	NA
35	3	Rwanda,	2	it,
35	4	and	1	NA
35	5	even	1	NA
35	6	from	1	NA
35	7	Burundi,	4	NA
35	8	people	1	they
35	9	are	1	NA
35	10	coming	1	NA
35	11	to	1	NA
35	12	the	1	it
35	13	southern	1	it
35	14	town	1	it
35	15	of	1	it
35	16	Butare	2	it
35	17	to	1	NA
35	18	a	1	it
35	19	little	1	it
35	20	shop	1	it
35	21	called	1	NA
35	22	Inzozi	4	it
35	23	Nziza	3	it
35	24	(Sweet	2	(it).
35	25	Dreams).	2	(it).
35	26	They	1	NA
35	27	come	1	NA
35	28	for	1	NA
35	29	a	1	NA
35	30	taste	1	NA
35	31	of	1	NA
35	32	something	1	it,
35	33	new,	2	it,
35	34	something	1	it
35	35	most	1	it
35	36	of	1	it
35	37	them	1	it
35	38	have	1	it
35	39	never	1	it
35	40	tasted	1	it
35	41	before	1	it
35	42	–	1	NA
35	43	sweet,	2	NA
35	44	cold	1	NA
35	45	ice	1	NA
35	46	cream.	2	NA
35	47	Here,	2	NA
35	48	at	1	NA
35	49	the	1	it,
35	50	central	1	it,
35	51	African	1	it,
35	52	country's	2	it,
35	53	first	1	it,
35	54	ice-cream	3	it,
35	55	shop,	2	it,
35	56	customers	1	they
35	57	can	1	NA
35	58	buy	1	NA
35	59	ice	1	NA
35	60	cream	1	NA
35	61	in	1	NA
35	62	sweet	1	NA
35	63	cream,	2	NA
35	64	passion	1	NA
35	65	fruit,	2	NA
35	66	strawberry	1	NA
35	67	and	1	NA
35	68	pineapple	1	NA
35	69	flavors.	2	NA
35	70	Toppings	2	NA
35	71	include	1	NA
35	72	fresh	1	NA
35	73	fruit,	2	NA
35	74	honey,	2	it,
35	75	chocolate	1	NA
35	76	chips	1	NA
35	77	and	1	NA
35	78	granola.	3	NA
35	79	They	1	NA
35	80	can	1	NA
35	81	also	1	NA
35	82	buy	1	NA
35	83	black	1	NA
35	84	tea	1	NA
35	85	and	1	NA
35	86	coffee.	2	it.
35	87	The	1	It,
35	88	shop,	2	It,
35	89	which	1	It,
35	90	has	1	It,
35	91	“ice	3	It,
35	92	cream,	2	It,
35	93	coffee,	2	It,
35	94	dreams”	3	It,
35	95	written	1	It,
35	96	on	1	It,
35	97	its	1	It,
35	98	signs,	2	It,
35	99	is	1	NA
35	100	taking	1	NA
35	101	advantage	1	NA
35	102	of	1	NA
35	103	local	1	NA
35	104	people's	2	NA
35	105	curiosity	1	NA
35	106	about	1	NA
35	107	ice	1	it
35	108	cream	1	it
35	109	–	1	NA
35	110	and	1	NA
35	111	the	1	it
35	112	shop	1	it
35	113	is	1	NA
35	114	also	1	NA
35	115	“changing	3	NA
35	116	lives,”	4	NA
35	117	says	1	NA
35	118	Inzozi	4	its,
35	119	Nziza's	4	its,
35	120	manager,	2	its,
35	121	Louise	1	she.
35	122	Ingabire.	4	she.
35	123	“Ice	3	“It
35	124	cream	1	“It
35	125	is	1	NA
35	126	important,”	4	NA
35	127	she	1	NA
35	128	says	1	NA
35	129	between	1	NA
35	130	mouthfuls	3	NA
35	131	of	1	NA
35	132	honey-	2	it-
35	133	flavored	1	NA
35	134	ice	1	NA
35	135	cream.	2	NA
35	136	“Some	3	NA
35	137	Rwandans	3	NA
35	138	like	1	NA
35	139	ice	1	it,
35	140	cream,	2	it,
35	141	but	1	NA
35	142	it's	2	NA
35	143	a	1	it.
35	144	new	1	it.
35	145	thing.	2	it.
35	146	We	1	NA
35	147	still	1	NA
35	148	have	1	NA
35	149	some	1	NA
35	150	work	1	NA
35	151	to	1	NA
35	152	do,	2	NA
35	153	to	1	NA
35	154	tell	1	NA
35	155	others	1	them
35	156	that	1	NA
35	157	they'll	2	NA
35	158	enjoy	1	NA
35	159	it.”	4	NA
35	160	The	1	it
35	161	shop	1	it
35	162	can	1	NA
35	163	certainly	1	NA
35	164	make	1	NA
35	165	dreams	1	NA
35	166	come	1	NA
35	167	true.	2	NA
35	168	“I	3	NA
35	169	didn't	2	NA
35	170	have	1	NA
35	171	a	1	NA
35	172	job	1	NA
35	173	before:	2	NA
35	174	I	1	NA
35	175	just	1	NA
35	176	stayed	1	NA
35	177	at	1	NA
35	178	home.	2	NA
35	179	Now,	2	NA
35	180	I	1	NA
35	181	have	1	NA
35	182	a	1	NA
35	183	vision	1	NA
35	184	for	1	NA
35	185	the	1	NA
35	186	future.	2	NA
35	187	I	1	NA
35	188	am	1	NA
35	189	making	1	NA
35	190	money	1	it
35	191	and	1	NA
35	192	I	1	NA
35	193	can	1	NA
35	194	give	1	NA
35	195	some	1	NA
35	196	of	1	NA
35	197	it	1	NA
35	198	to	1	NA
35	199	my	1	NA
35	200	family,”	4	NA
35	201	says	1	NA
35	202	the	1	he.
35	203	27-year-old.	6	he.
35	204	Butare	2	It
35	205	has	1	NA
35	206	89,600	3	NA
35	207	residents	1	NA
35	208	and	1	NA
35	209	is	1	NA
35	210	135km	2	NA
35	211	south	1	NA
35	212	of	1	NA
35	213	the	1	it,
35	214	capital,	2	it,
35	215	Kigali.	4	it.
35	216	It	1	NA
35	217	is	1	NA
35	218	the	1	it.
35	219	home	1	it.
35	220	of	1	it.
35	221	the	1	it.
35	222	National	1	it.
35	223	University	1	it.
35	224	of	1	it.
35	225	Rwanda.	2	it.
35	226	Inzozi	4	It
35	227	Nziza	3	It
35	228	has	1	NA
35	229	become	1	NA
35	230	a	1	it.
35	231	meeting	1	it.
35	232	place	1	it.
35	233	for	1	it.
35	234	students	1	it.
35	235	who	1	it.
35	236	want	1	it.
35	237	to	1	it.
35	238	treat	1	it.
35	239	themselves	1	it.
35	240	to	1	it.
35	241	something	1	it.
35	242	cool	1	it.
35	243	and	1	it.
35	244	different.	2	it.
35	245	“The	3	“It
35	246	shop	1	“It
35	247	is	1	NA
35	248	uniting	2	NA
35	249	people	1	NA
35	250	here,”	4	NA
35	251	Kalisa	2	he,
35	252	Migendo,	3	he,
35	253	a	1	he,
35	254	24-year-old	5	he,
35	255	student,	2	he,
35	256	says.	2	NA
35	257	“If	3	NA
35	258	you	1	NA
35	259	need	1	NA
35	260	to	1	NA
35	261	go	1	NA
35	262	out	1	NA
35	263	and	1	NA
35	264	talk	1	NA
35	265	to	1	NA
35	266	a	1	NA
35	267	friend,	2	NA
35	268	a	1	NA
35	269	girl	1	NA
35	270	or	1	NA
35	271	a	1	NA
35	272	boy,	2	NA
35	273	you	1	NA
35	274	come	1	NA
35	275	to	1	NA
35	276	Inzozi	4	it
35	277	Nziza	3	it
35	278	for	1	NA
35	279	an	1	NA
35	280	ice	1	NA
35	281	cream.”	4	NA
35	282	Most	1	NA
35	283	of	1	NA
35	284	the	1	NA
35	285	ingredients	1	NA
35	286	are	1	NA
35	287	from	1	NA
35	288	local	1	NA
35	289	sources	1	NA
35	290	and	1	NA
35	291	the	1	NA
35	292	milk	1	NA
35	293	comes	1	NA
35	294	from	1	NA
35	295	nearby	1	NA
35	296	Nyanza.	4	NA
35	297	The	1	NA
35	298	vanilla	1	NA
35	299	beans	1	NA
35	300	and	1	NA
35	301	cocoa	1	NA
35	302	are	1	NA
35	303	imported.	2	NA
35	304	Inzozi	4	It
35	305	Nziza	3	It
35	306	was	1	NA
35	307	opened	1	NA
35	308	by	1	NA
35	309	Odile	2	it.
35	310	Gakire	3	it.
35	311	Katese.	4	it.
35	312	She	1	NA
35	313	met	1	NA
35	314	Alexis	1	them,
35	315	Miesen	3	them,
35	316	and	1	them,
35	317	Jennie	2	them,
35	318	Dundas,	3	them,
35	319	co-founders	4	NA
35	320	of	1	NA
35	321	Blue	1	NA
35	322	Marble	1	NA
35	323	Ice	1	NA
35	324	Cream	1	NA
35	325	in	1	NA
35	326	Brooklyn,	2	NA
35	327	New	1	NA
35	328	York.	2	NA
35	329	The	1	NA
35	330	three	1	NA
35	331	women	1	NA
35	332	formed	1	NA
35	333	a	1	NA
35	334	partnership	1	NA
35	335	to	1	NA
35	336	open	1	NA
35	337	the	1	it
35	338	shop	1	it
35	339	in	1	NA
35	340	2010.	2	NA
35	341	At	1	NA
35	342	the	1	NA
35	343	start,	2	NA
35	344	Miesen	3	she
35	345	and	1	NA
35	346	Dundas	2	NA
35	347	owned	1	NA
35	348	the	1	it
35	349	shop	1	it
35	350	in	1	NA
35	351	partnership	1	NA
35	352	with	1	NA
35	353	its	1	NA
35	354	employees	1	NA
35	355	and	1	NA
35	356	had	1	NA
35	357	shares	1	them
35	358	in	1	NA
35	359	the	1	NA
35	360	business,	2	NA
35	361	which	1	NA
35	362	is	1	NA
35	363	a	1	NA
35	364	cooperative.	2	NA
35	365	After	1	NA
35	366	18	1	NA
35	367	months,	2	NA
35	368	they	1	NA
35	369	gave	1	NA
35	370	their	1	them
35	371	shares	1	them
35	372	to	1	NA
35	373	the	1	NA
35	374	women	1	NA
35	375	employees,	2	NA
35	376	who	1	NA
35	377	by	1	NA
35	378	then	1	NA
35	379	could	1	NA
35	380	control	1	NA
35	381	the	1	NA
35	382	business	1	NA
35	383	by	1	NA
35	384	themselves.	2	NA
35	385	Ice	1	It
35	386	cream	1	It
35	387	is	1	NA
35	388	new	1	NA
35	389	to	1	NA
35	390	Rwanda.	2	it.
35	391	Selling	1	NA
35	392	and	1	NA
35	393	eating	1	NA
35	394	ice	1	it
35	395	cream	1	it
35	396	is	1	NA
35	397	not	1	NA
35	398	part	1	NA
35	399	of	1	NA
35	400	the	1	NA
35	401	Rwandan	2	NA
35	402	culture.	2	NA
35	403	The	1	It
35	404	Butare	2	It
35	405	shop	1	It
35	406	employs	1	NA
35	407	nine	1	them.
35	408	women.	2	them.
35	409	They	1	NA
35	410	spend	1	NA
35	411	their	1	NA
35	412	free	1	NA
35	413	time	1	NA
35	414	practicing	1	NA
35	415	with	1	NA
35	416	Ingoma	2	them,
35	417	Nshya,	4	them,
35	418	Rwanda's	2	it.
35	419	first	1	it.
35	420	and	1	it.
35	421	only	1	it.
35	422	female	1	it.
35	423	drumming	2	it.
35	424	group.	2	it.
35	425	The	1	They
35	426	musicians	1	They
35	427	are	1	NA
35	428	Hutu	2	them.
35	429	and	1	them.
35	430	Tutsi	3	them.
35	431	women.	2	them.
35	432	Some	1	They
35	433	are	1	NA
35	434	survivors	1	they.
35	435	of	1	they.
35	436	the	1	they.
35	437	1994	1	they.
35	438	genocide,	2	they.
35	439	when	1	they.
35	440	almost	1	they.
35	441	a	1	they.
35	442	million	1	they.
35	443	Tutsis	3	they.
35	444	and	1	they.
35	445	Hutus	2	they.
35	446	were	1	they.
35	447	killed.	2	they.
35	448	Some	1	They
35	449	members	1	They
35	450	of	1	They
35	451	Ingoma	2	They
35	452	Nshya	3	They
35	453	are	1	NA
35	454	widows,	3	they,
35	455	some	1	NA
35	456	orphans.	2	NA
35	457	Ingabire's	4	Her
35	458	father,	2	NA
35	459	two	1	NA
35	460	siblings	1	NA
35	461	and	1	NA
35	462	many	1	NA
35	463	cousins	1	NA
35	464	were	1	NA
35	465	killed	1	NA
35	466	in	1	NA
35	467	the	1	it.
35	468	genocide.	2	it.
35	469	“When	3	NA
35	470	I'm	2	NA
35	471	drumming,	3	it,
35	472	it	1	NA
35	473	gives	1	NA
35	474	me	1	NA
35	475	power	1	NA
35	476	because	1	NA
35	477	we're	2	NA
35	478	still	1	NA
35	479	alive	1	NA
35	480	and	1	NA
35	481	survivors,”	4	NA
35	482	she	1	NA
35	483	says.	2	NA
35	484	The	1	It
35	485	ice-cream	3	It
35	486	shop	1	It
35	487	is	1	NA
35	488	in	1	NA
35	489	a	1	it.
35	490	documentary	1	it.
35	491	by	1	it.
35	492	film-makers	3	it.
35	493	Rob	1	it.
35	494	and	1	it.
35	495	Lisa	1	it.
35	496	Fruchtman.	5	it.
35	497	Sweet	1	It,
35	498	Dreams,	2	It,
35	499	which	1	It,
35	500	tells	1	It,
35	501	the	1	It,
35	502	story	1	It,
35	503	of	1	It,
35	504	how	1	It,
35	505	the	1	It,
35	506	women	1	It,
35	507	have	1	It,
35	508	made	1	It,
35	509	a	1	It,
35	510	positive	1	It,
35	511	future	1	It,
35	512	after	1	It,
35	513	the	1	It,
35	514	genocide,	2	It,
35	515	also	1	NA
35	516	includes	1	NA
35	517	the	1	them.
35	518	female	1	them.
35	519	drummers.	3	them.
35	520	The	1	It
35	521	film	1	It
35	522	has	1	NA
35	523	been	1	NA
35	524	shown	1	NA
35	525	in	1	NA
35	526	many	1	NA
35	527	countries,	2	NA
35	528	including	1	NA
35	529	the	1	NA
35	530	US,	2	NA
35	531	UK	1	NA
35	532	and	1	NA
35	533	several	1	NA
35	534	African	1	NA
35	535	states.	2	NA
35	536	“We	3	NA
35	537	feel	1	NA
35	538	the	1	it
35	539	film	1	it
35	540	is	1	NA
35	541	about	1	NA
35	542	hope,	2	NA
35	543	bravery	1	NA
35	544	and	1	NA
35	545	the	1	NA
35	546	ability	1	NA
35	547	to	1	NA
35	548	change	1	NA
35	549	your	1	NA
35	550	life,”	4	NA
35	551	says	1	NA
35	552	Lisa	1	she.
35	553	Fruchtman.	5	she.
36	0	A	1	NA
36	1	major	1	NA
36	2	international	1	NA
36	3	disagreement	1	NA
36	4	with	1	NA
36	5	wide-ranging	3	NA
36	6	implications	1	NA
36	7	for	1	NA
36	8	global	1	it
36	9	drugs	1	it
36	10	policy	1	it
36	11	has	1	NA
36	12	erupted	1	NA
36	13	over	1	NA
36	14	the	1	it.
36	15	right	1	it.
36	16	of	1	it.
36	17	Bolivia's	2	it.
36	18	indigenous	1	it.
36	19	Indian	1	it.
36	20	tribes	1	it.
36	21	to	1	it.
36	22	chew	1	it.
36	23	coca	2	it.
36	24	leaves,	2	it.
36	25	the	1	it.
36	26	principal	1	it.
36	27	ingredient	1	it.
36	28	in	1	it.
36	29	cocaine.	2	it.
36	30	Bolivia	1	It
36	31	has	1	NA
36	32	obtained	1	NA
36	33	a	1	it,
36	34	special	1	it,
36	35	exemption	1	it,
36	36	from	1	it,
36	37	the	1	it,
36	38	1961	1	it,
36	39	Single	1	it,
36	40	Convention	1	it,
36	41	on	1	it,
36	42	Narcotic	2	it,
36	43	Drugs,	2	it,
36	44	the	1	it,
36	45	framework	1	it,
36	46	that	1	it,
36	47	governs	1	it,
36	48	international	1	it,
36	49	drugs	1	it,
36	50	policy,	2	it,
36	51	allowing	1	NA
36	52	its	1	its
36	53	indigenous	1	its
36	54	people	1	its
36	55	to	1	NA
36	56	chew	1	NA
36	57	the	1	them.
36	58	leaves.	2	them.
36	59	Bolivia	1	It
36	60	had	1	NA
36	61	argued	1	NA
36	62	that	1	NA
36	63	the	1	it
36	64	convention	1	it
36	65	was	1	NA
36	66	in	1	NA
36	67	opposition	1	NA
36	68	to	1	NA
36	69	its	1	NA
36	70	new	1	NA
36	71	constitution,	2	NA
36	72	adopted	1	NA
36	73	in	1	NA
36	74	2009,	2	NA
36	75	which	1	NA
36	76	obliges	2	NA
36	77	it	1	NA
36	78	to	1	NA
36	79	“protect	3	NA
36	80	native	1	it
36	81	and	1	it
36	82	ancestral	1	it
36	83	coca	2	it
36	84	as	1	NA
36	85	cultural	1	NA
36	86	patrimony”	5	NA
36	87	and	1	NA
36	88	maintains	1	NA
36	89	that	1	NA
36	90	coca	2	it
36	91	“in	3	NA
36	92	its	1	NA
36	93	natural	1	NA
36	94	state	1	NA
36	95	...	1	NA
36	96	is	1	NA
36	97	not	1	NA
36	98	a	1	NA
36	99	dangerous	1	NA
36	100	narcotic.”	5	NA
36	101	South	1	NA
36	102	American	1	NA
36	103	Indians	1	NA
36	104	have	1	NA
36	105	chewed	2	NA
36	106	coca	2	them
36	107	leaves	1	them
36	108	for	1	NA
36	109	centuries.	2	NA
36	110	The	1	They
36	111	leaves	1	They
36	112	reputedly	3	NA
36	113	provide	1	NA
36	114	energy	1	NA
36	115	and	1	NA
36	116	are	1	NA
36	117	said	1	NA
36	118	to	1	NA
36	119	have	1	NA
36	120	medicinal	1	NA
36	121	qualities.	2	NA
36	122	Supporters	1	NA
36	123	of	1	NA
36	124	Bolivia's	2	its
36	125	position	1	its
36	126	praised	1	NA
36	127	it	1	NA
36	128	for	1	NA
36	129	doing	1	NA
36	130	the	1	NA
36	131	right	1	NA
36	132	thing	1	NA
36	133	by	1	NA
36	134	defending	1	NA
36	135	the	1	NA
36	136	rights	1	NA
36	137	of	1	NA
36	138	indigenous	1	NA
36	139	people.	2	NA
36	140	“The	3	“It
36	141	Bolivian	3	“It
36	142	move	1	“It
36	143	is	1	NA
36	144	inspirational	1	NA
36	145	and	1	NA
36	146	groundbreaking,”	4	NA
36	147	said	1	NA
36	148	Danny	1	he,
36	149	Kushlick,	4	he,
36	150	Head	1	she.
36	151	of	1	she.
36	152	External	1	she.
36	153	Affairs	1	she.
36	154	at	1	she.
36	155	the	1	she.
36	156	Transform	1	she.
36	157	Drug	1	she.
36	158	Policy	1	she.
36	159	Foundation,	2	she.
36	160	which	1	she.
36	161	promotes	1	she.
36	162	drug	1	she.
36	163	liberalization.	3	she.
36	164	“It	3	NA
36	165	shows	1	NA
36	166	that	1	NA
36	167	any	1	it
36	168	country	1	it
36	169	that	1	it
36	170	has	1	it
36	171	had	1	it
36	172	enough	1	it
36	173	of	1	it
36	174	the	1	it
36	175	war	1	it
36	176	on	1	it
36	177	drugs	1	it
36	178	can	1	NA
36	179	change	1	NA
36	180	the	1	NA
36	181	terms	1	NA
36	182	of	1	NA
36	183	its	1	NA
36	184	engagement	1	NA
36	185	with	1	NA
36	186	the	1	its.”
36	187	UN	1	its.”
36	188	conventions.”	4	its.”
36	189	However,	2	NA
36	190	the	1	it
36	191	UN's	2	it
36	192	International	1	it
36	193	Narcotics	2	it
36	194	Control	1	it
36	195	Board	1	it
36	196	(INCB),	4	(it),
36	197	which	1	NA
36	198	monitors	1	NA
36	199	implementation	1	NA
36	200	of	1	NA
36	201	the	1	them,
36	202	global	1	them,
36	203	drug	1	them,
36	204	treaties,	2	them,
36	205	has	1	NA
36	206	accused	1	NA
36	207	Bolivia	1	it
36	208	of	1	NA
36	209	threatening	1	NA
36	210	the	1	NA
36	211	integrity	1	NA
36	212	of	1	NA
36	213	the	1	NA
36	214	international	1	NA
36	215	drug	1	it
36	216	control	1	NA
36	217	regime.	2	NA
36	218	A	1	NA
36	219	number	1	NA
36	220	of	1	NA
36	221	countries	1	NA
36	222	–	1	NA
36	223	including	1	NA
36	224	the	1	it,
36	225	UK,	2	it,
36	226	the	1	it,
36	227	US,	2	it,
36	228	Italy,	2	NA
36	229	Sweden,	2	NA
36	230	the	1	NA
36	231	Netherlands	1	NA
36	232	and	1	NA
36	233	Russia	1	it
36	234	–	1	NA
36	235	opposed	1	NA
36	236	Bolivia's	2	its.
36	237	demands.	2	its.
36	238	The	1	It,
36	239	UK's	2	It,
36	240	submission	1	It,
36	241	to	1	It,
36	242	the	1	It,
36	243	UN,	2	It,
36	244	which	1	It,
36	245	oversees	1	It,
36	246	the	1	It,
36	247	convention,	2	It,
36	248	told	1	NA
36	249	the	1	it
36	250	UN	1	it
36	251	that	1	NA
36	252	it	1	NA
36	253	“acknowledges	6	NA
36	254	and	1	NA
36	255	respects	1	NA
36	256	the	1	NA
36	257	cultural	1	NA
36	258	importance	1	NA
36	259	of	1	NA
36	260	the	1	it
36	261	coca	2	it
36	262	leaf	1	it
36	263	in	1	NA
36	264	Bolivia,”	4	it,”
36	265	but	1	NA
36	266	it	1	NA
36	267	adds:	2	NA
36	268	“The	3	“it
36	269	United	1	“it
36	270	Kingdom	1	“it
36	271	is	1	NA
36	272	…	1	NA
36	273	concerned	1	NA
36	274	that	1	NA
36	275	the	1	it
36	276	reservation	1	it
36	277	could	1	NA
36	278	lead	1	NA
36	279	to	1	NA
36	280	increases	1	NA
36	281	in	1	NA
36	282	coca	2	NA
36	283	production	1	NA
36	284	and	1	NA
36	285	–	1	NA
36	286	most	1	NA
36	287	importantly	1	NA
36	288	–	1	NA
36	289	the	1	NA
36	290	amount	1	NA
36	291	of	1	NA
36	292	coca	2	it
36	293	diverted	1	NA
36	294	to	1	NA
36	295	the	1	it.
36	296	cocaine	1	it.
36	297	trade.	2	it.
36	298	As	1	NA
36	299	such,	2	NA
36	300	the	1	it
36	301	reservation	1	it
36	302	would	1	NA
36	303	weaken	1	NA
36	304	international	1	it
36	305	law	1	it
36	306	as	1	NA
36	307	it	1	NA
36	308	relates	1	NA
36	309	to	1	NA
36	310	the	1	NA
36	311	global	1	NA
36	312	effort	1	NA
36	313	to	1	NA
36	314	tackle	1	NA
36	315	the	1	it
36	316	illegal	1	it
36	317	drugs	1	it
36	318	trade	1	it
36	319	and	1	NA
36	320	could	1	NA
36	321	weaken	1	NA
36	322	the	1	NA
36	323	international	1	NA
36	324	community's	2	NA
36	325	response	1	NA
36	326	to	1	NA
36	327	that	1	it.”
36	328	trade.”	4	it.”
36	329	The	1	it.
36	330	right	1	it.
36	331	of	1	it.
36	332	indigenous	1	it.
36	333	communities	1	it.
36	334	in	1	it.
36	335	South	1	it.
36	336	America's	2	it.
36	337	Andean	2	it.
36	338	region	1	it.
36	339	to	1	it.
36	340	chew	1	it.
36	341	coca	2	it.
36	342	leaf	1	it.
36	343	was	1	it.
36	344	removed	1	it.
36	345	in	1	it.
36	346	1964	1	it.
36	347	when	1	it.
36	348	Bolivia	1	it.
36	349	was	1	it.
36	350	under	1	it.
36	351	a	1	it.
36	352	dictatorship	1	it.
36	353	and	1	it.
36	354	it	1	it.
36	355	signed	1	it.
36	356	up	1	it.
36	357	to	1	it.
36	358	the	1	it.
36	359	convention.	2	it.
36	360	But	1	NA
36	361	Bolivia	1	it
36	362	was	1	NA
36	363	given	1	NA
36	364	25	1	it
36	365	years	1	it
36	366	to	1	NA
36	367	implement	1	NA
36	368	the	1	it.
36	369	ban.	2	it.
36	370	This	1	NA
36	371	expired	1	NA
36	372	in	1	NA
36	373	1989	1	NA
36	374	and	1	NA
36	375	since	1	NA
36	376	then	1	NA
36	377	the	1	it
36	378	issue	1	it
36	379	has	1	NA
36	380	been	1	NA
36	381	under	1	NA
36	382	dispute.	2	NA
36	383	In	1	NA
36	384	2011,	2	NA
36	385	Bolivia	1	it
36	386	formally	1	NA
36	387	notified	1	NA
36	388	the	1	them
36	389	UN	1	them
36	390	of	1	NA
36	391	its	1	NA
36	392	withdrawal	1	NA
36	393	from	1	NA
36	394	the	1	it.
36	395	convention.	2	it.
36	396	On	1	NA
36	397	Friday	1	NA
36	398	it	1	it,
36	399	reacceded	4	it,
36	400	to	1	it,
36	401	the	1	it,
36	402	convention,	2	it,
36	403	but	1	NA
36	404	with	1	NA
36	405	an	1	it.
36	406	exemption	1	it.
36	407	from	1	it.
36	408	the	1	it.
36	409	prohibition	1	it.
36	410	on	1	it.
36	411	the	1	it.
36	412	chewing	1	it.
36	413	of	1	it.
36	414	coca	2	it.
36	415	leaves.	2	it.
36	416	The	1	It
36	417	move	1	It
36	418	is	1	NA
36	419	the	1	it
36	420	first	1	it
36	421	of	1	it
36	422	its	1	it
36	423	kind	1	it
36	424	in	1	NA
36	425	the	1	NA
36	426	history	1	NA
36	427	of	1	NA
36	428	UN	1	it
36	429	drug-control	3	it
36	430	treaties	1	it
36	431	and	1	NA
36	432	has	1	NA
36	433	sparked	1	NA
36	434	concerns	1	NA
36	435	that	1	NA
36	436	other	1	they
36	437	countries	1	they
36	438	may	1	NA
36	439	apply	1	NA
36	440	for	1	NA
36	441	amendments.	2	NA
36	442	Russia	1	It
36	443	has	1	NA
36	444	argued	1	NA
36	445	that	1	NA
36	446	the	1	it
36	447	move	1	it
36	448	will	1	NA
36	449	lead	1	NA
36	450	to	1	NA
36	451	“an	3	NA
36	452	increase	1	NA
36	453	in	1	NA
36	454	illegal	1	NA
36	455	circulation	1	NA
36	456	of	1	NA
36	457	cocaine”	3	it”
36	458	and	1	NA
36	459	warned	1	NA
36	460	that	1	NA
36	461	“it	3	NA
36	462	also	1	NA
36	463	sets	1	NA
36	464	a	1	NA
36	465	dangerous	1	NA
36	466	precedent	1	NA
36	467	that	1	NA
36	468	could	1	NA
36	469	be	1	NA
36	470	used	1	NA
36	471	by	1	NA
36	472	other	1	they
36	473	states	1	they
36	474	in	1	NA
36	475	creating	1	NA
36	476	a	1	NA
36	477	more	1	NA
36	478	liberal	1	NA
36	479	drug-control	3	its
36	480	regime.”	4	NA
36	481	The	1	NA
36	482	British	1	NA
36	483	parliament	1	NA
36	484	has	1	NA
36	485	recommended	1	NA
36	486	that	1	NA
36	487	Bolivia's	2	it
36	488	request	1	it
36	489	should	1	NA
36	490	be	1	NA
36	491	backed	1	NA
36	492	by	1	NA
36	493	the	1	NA
36	494	UK	1	NA
36	495	government,	2	NA
36	496	arguing	1	NA
36	497	that	1	NA
36	498	it	1	NA
36	499	was	1	NA
36	500	important	1	NA
36	501	that	1	NA
36	502	countries	1	NA
36	503	remained	1	NA
36	504	within	1	NA
36	505	the	1	it.
36	506	single	1	it.
36	507	convention.	2	it.
36	508	Bolivia's	2	It
36	509	re-accession	4	It
36	510	could	1	NA
36	511	be	1	NA
36	512	blocked	1	NA
36	513	only	1	NA
36	514	if	1	NA
36	515	a	1	NA
36	516	third	1	NA
36	517	or	1	NA
36	518	more	1	NA
36	519	of	1	NA
36	520	the	1	NA
36	521	184	1	NA
36	522	countries	1	NA
36	523	that	1	NA
36	524	have	1	NA
36	525	signed	1	NA
36	526	up	1	NA
36	527	to	1	NA
36	528	the	1	it
36	529	convention	1	it
36	530	opposed	1	NA
36	531	its	1	its.
36	532	request.	2	its.
36	533	There	1	NA
36	534	are	1	NA
36	535	suspicions	1	NA
36	536	that	1	NA
36	537	the	1	they
36	538	US	1	they
36	539	and	1	NA
36	540	UK	1	they
36	541	are	1	NA
36	542	frantically	1	NA
36	543	lobbying	1	NA
36	544	other	1	NA
36	545	countries	1	NA
36	546	to	1	NA
36	547	gain	1	NA
36	548	sufficient	1	NA
36	549	numbers	1	NA
36	550	to	1	NA
36	551	block	1	NA
36	552	Bolivia's	2	it.
36	553	request.	2	it.
36	554	Nancie	3	She,
36	555	Prud'homme,	6	She,
36	556	of	1	She,
36	557	the	1	She,
36	558	International	1	She,
36	559	Center	1	She,
36	560	on	1	She,
36	561	Human	1	She,
36	562	Rights	1	She,
36	563	and	1	She,
36	564	Drug	1	She,
36	565	Policy,	2	She,
36	566	criticized	1	NA
36	567	the	1	it.
36	568	co-ordinated	4	it.
36	569	opposition	1	it.
36	570	to	1	it.
36	571	Bolivia's	2	it.
36	572	demands.	2	it.
36	573	“These	3	“They
36	574	objections	1	“They
36	575	are	1	NA
36	576	legally	1	NA
36	577	questionable,”	4	NA
36	578	she	1	NA
36	579	said.	2	NA
36	580	“They	3	“They.
36	581	support	1	“They.
36	582	an	1	“They.
36	583	arbitrary	1	“They.
36	584	and	1	“They.
36	585	over-broad	3	“They.
36	586	provision	1	“They.
36	587	and	1	“They.
36	588	apply	1	“They.
36	589	international	1	“They.
36	590	drug	1	“They.
36	591	laws	1	“They.
36	592	in	1	“They.
36	593	a	1	“They.
36	594	vacuum.	2	“They.
36	595	This	1	NA
36	596	is	1	NA
36	597	not	1	NA
36	598	appropriate.	2	NA
36	599	There	1	NA
36	600	are	1	NA
36	601	established	1	NA
36	602	international	1	NA
36	603	norms	1	NA
36	604	on	1	NA
36	605	cultural	1	NA
36	606	and	1	NA
36	607	indigenous	1	NA
36	608	rights,	2	NA
36	609	so	1	NA
36	610	we	1	NA
36	611	should	1	NA
36	612	support	1	NA
36	613	Bolivia's	2	them.”
36	614	efforts.”	4	them.”
36	615	The	1	NA
36	616	decision	1	NA
36	617	to	1	NA
36	618	ban	1	NA
36	619	coca	2	it
36	620	chewing	1	it
36	621	was	1	NA
36	622	based	1	NA
36	623	on	1	NA
36	624	a	1	NA
36	625	1950	1	it
36	626	report	1	NA
36	627	produced	1	NA
36	628	by	1	NA
36	629	the	1	it,
36	630	UN	1	it,
36	631	Commission	1	it,
36	632	of	1	it,
36	633	Inquiry	1	it,
36	634	on	1	it,
36	635	the	1	it,
36	636	Coca	1	it,
36	637	Leaf,	2	it,
36	638	which	1	NA
36	639	proponents	1	NA
36	640	of	1	NA
36	641	drug	1	it
36	642	liberalization	2	it
36	643	say	1	NA
36	644	was	1	NA
36	645	not	1	NA
36	646	based	1	NA
36	647	on	1	NA
36	648	supporting	1	NA
36	649	evidence.	2	NA
36	650	In	1	NA
36	651	an	1	NA
36	652	interview	1	NA
36	653	in	1	NA
36	654	1949,	2	it,
36	655	the	1	he,
36	656	head	1	he,
36	657	of	1	he,
36	658	the	1	he,
36	659	Commission,	2	he,
36	660	Howard	1	he,
36	661	B	1	he,
36	662	Fonda,	3	he,
36	663	signaled	1	NA
36	664	his	1	NA
36	665	opposition	1	NA
36	666	to	1	NA
36	667	the	1	it
36	668	chewing	1	it
36	669	of	1	it
36	670	coca	2	it
36	671	leaves	1	it
36	672	before	1	NA
36	673	his	1	NA
36	674	inquiry	1	NA
36	675	had	1	NA
36	676	begun.	2	NA
36	677	Fonda	2	She
36	678	told	1	NA
36	679	an	1	NA
36	680	interviewer:	2	NA
36	681	“We	3	NA
36	682	believe	1	NA
36	683	that	1	NA
36	684	the	1	NA
36	685	daily,	2	NA
36	686	inveterate	4	NA
36	687	use	1	NA
36	688	of	1	NA
36	689	coca	2	them
36	690	leaves	1	them
36	691	by	1	NA
36	692	chewing	1	NA
36	693	…	1	NA
36	694	is	1	NA
36	695	thoroughly	1	NA
36	696	noxious	2	NA
36	697	and	1	NA
36	698	therefore	1	NA
36	699	detrimental.”	4	NA
36	700	The	1	NA
36	701	growing	1	NA
36	702	of	1	NA
36	703	coca	2	them
36	704	leaves	1	them
36	705	is	1	NA
36	706	legal	1	NA
36	707	and	1	NA
36	708	licensed	1	NA
36	709	in	1	NA
36	710	Bolivia.	2	it.
36	711	The	1	NA
36	712	policy	1	NA
36	713	has	1	NA
36	714	been	1	NA
36	715	credited	1	NA
36	716	with	1	NA
36	717	a	1	NA
36	718	fall	1	NA
36	719	in	1	NA
36	720	cocaine	1	its
36	721	production	1	NA
36	722	in	1	NA
36	723	the	1	it,
36	724	country,	2	it,
36	725	leading	1	NA
36	726	some	1	NA
36	727	experts	1	NA
36	728	to	1	NA
36	729	see	1	NA
36	730	the	1	NA
36	731	Bolivian	3	NA
36	732	model	1	NA
36	733	as	1	NA
36	734	a	1	NA
36	735	way	1	NA
36	736	forward	1	NA
36	737	for	1	NA
36	738	other	1	NA
36	739	countries.	2	NA
37	0	A	1	NA
37	1	big	1	NA
37	2	international	1	NA
37	3	disagreement	1	NA
37	4	has	1	NA
37	5	started	1	NA
37	6	over	1	NA
37	7	the	1	it.
37	8	right	1	it.
37	9	of	1	it.
37	10	Bolivia's	2	it.
37	11	indigenous	1	it.
37	12	Indian	1	it.
37	13	tribes	1	it.
37	14	to	1	it.
37	15	chew	1	it.
37	16	coca	2	it.
37	17	leaves,	2	it.
37	18	the	1	it.
37	19	main	1	it.
37	20	ingredient	1	it.
37	21	in	1	it.
37	22	cocaine.	2	it.
37	23	This	1	NA
37	24	could	1	NA
37	25	have	1	NA
37	26	a	1	NA
37	27	significant	1	NA
37	28	effect	1	NA
37	29	on	1	NA
37	30	global	1	it.
37	31	drugs	1	it.
37	32	policy.	2	it.
37	33	Bolivia	1	It.
37	34	has	1	It.
37	35	received	1	It.
37	36	a	1	It.
37	37	special	1	It.
37	38	exemption	1	It.
37	39	from	1	It.
37	40	the	1	It.
37	41	1961	1	It.
37	42	Convention	1	It.
37	43	on	1	It.
37	44	Drugs,	2	It.
37	45	the	1	It.
37	46	agreement	1	It.
37	47	that	1	It.
37	48	controls	1	It.
37	49	international	1	It.
37	50	drugs	1	It.
37	51	policy.	2	It.
37	52	The	1	It
37	53	exemption	1	It
37	54	allows	1	NA
37	55	Bolivia's	2	them
37	56	indigenous	1	them
37	57	people	1	them
37	58	to	1	NA
37	59	chew	1	NA
37	60	the	1	them.
37	61	leaves.	2	them.
37	62	Bolivia	1	It
37	63	said	1	NA
37	64	that	1	NA
37	65	the	1	it
37	66	convention	1	it
37	67	was	1	NA
37	68	against	1	NA
37	69	its	1	NA
37	70	new	1	NA
37	71	constitution,	2	NA
37	72	adopted	1	NA
37	73	in	1	NA
37	74	2009,	2	NA
37	75	which	1	NA
37	76	says	1	NA
37	77	it	1	NA
37	78	must	1	NA
37	79	“protect	3	NA
37	80	native	1	it”
37	81	and	1	it”
37	82	ancestral	1	it”
37	83	coca”	4	it”
37	84	as	1	NA
37	85	part	1	NA
37	86	of	1	NA
37	87	its	1	NA
37	88	cultural	1	NA
37	89	heritage	1	NA
37	90	and	1	NA
37	91	says	1	NA
37	92	that	1	NA
37	93	coca	2	it
37	94	“in	3	NA
37	95	its	1	NA
37	96	natural	1	NA
37	97	state	1	NA
37	98	...	1	NA
37	99	is	1	NA
37	100	not	1	NA
37	101	a	1	NA
37	102	dangerous	1	NA
37	103	drug.”	4	NA
37	104	South	1	NA
37	105	American	1	NA
37	106	Indians	1	NA
37	107	have	1	NA
37	108	chewed	2	NA
37	109	coca	2	them
37	110	leaves	1	them
37	111	for	1	NA
37	112	hundreds	1	NA
37	113	of	1	NA
37	114	years.	2	NA
37	115	The	1	They
37	116	leaves	1	They
37	117	give	1	NA
37	118	energy	1	NA
37	119	and	1	NA
37	120	have	1	NA
37	121	medicinal	1	NA
37	122	qualities.	2	NA
37	123	People	1	NA
37	124	who	1	NA
37	125	support	1	NA
37	126	Bolivia's	2	its
37	127	position	1	NA
37	128	said	1	NA
37	129	that	1	NA
37	130	defending	1	NA
37	131	the	1	NA
37	132	rights	1	NA
37	133	of	1	NA
37	134	indigenous	1	NA
37	135	people	1	NA
37	136	was	1	NA
37	137	the	1	NA
37	138	right	1	NA
37	139	thing	1	NA
37	140	to	1	NA
37	141	do.	2	NA
37	142	“The	3	“It
37	143	Bolivian	3	“It
37	144	move	1	“It
37	145	is	1	NA
37	146	very	1	NA
37	147	important,”	4	NA
37	148	said	1	NA
37	149	Danny	1	NA
37	150	Kushlick,	4	NA
37	151	of	1	NA
37	152	the	1	NA
37	153	Transform	1	NA
37	154	Drug	1	NA
37	155	Policy	1	NA
37	156	Foundation.	2	NA
37	157	“It	3	NA
37	158	shows	1	NA
37	159	that	1	NA
37	160	any	1	it
37	161	country	1	it
37	162	that	1	it
37	163	doesn't	2	it
37	164	want	1	it
37	165	to	1	it
37	166	continue	1	it
37	167	the	1	it
37	168	war	1	it
37	169	on	1	it
37	170	drugs	1	it
37	171	can	1	NA
37	172	change	1	NA
37	173	its	1	NA
37	174	relations	1	NA
37	175	with	1	NA
37	176	the	1	NA
37	177	UN	1	its
37	178	conventions.”	4	NA
37	179	But	1	NA
37	180	the	1	it
37	181	UN's	2	it
37	182	International	1	it
37	183	Narcotics	2	it
37	184	Control	1	it
37	185	Board	1	it
37	186	(INCB),	4	(it),
37	187	which	1	NA
37	188	checks	1	NA
37	189	global	1	NA
37	190	drug	1	NA
37	191	agreements,	2	NA
37	192	says	1	NA
37	193	Bolivia	1	it
37	194	may	1	NA
37	195	harm	1	NA
37	196	international	1	NA
37	197	drug	1	NA
37	198	controls.	2	NA
37	199	Many	1	NA
37	200	countries	1	NA
37	201	–	1	NA
37	202	including	1	NA
37	203	the	1	it,
37	204	UK,	2	it,
37	205	the	1	us,
37	206	US,	2	us,
37	207	Italy,	2	NA
37	208	Sweden,	2	NA
37	209	the	1	NA
37	210	Netherlands	1	NA
37	211	and	1	NA
37	212	Russia	1	it
37	213	–	1	NA
37	214	do	1	NA
37	215	not	1	NA
37	216	want	1	NA
37	217	to	1	NA
37	218	give	1	NA
37	219	Bolivia	1	it
37	220	what	1	NA
37	221	it	1	NA
37	222	is	1	NA
37	223	asking	1	NA
37	224	for.	2	NA
37	225	The	1	It
37	226	UK	1	It
37	227	told	1	NA
37	228	the	1	it
37	229	UN	1	it
37	230	that	1	NA
37	231	it	1	NA
37	232	“respects	4	NA
37	233	the	1	NA
37	234	cultural	1	NA
37	235	importance	1	NA
37	236	of	1	NA
37	237	the	1	it
37	238	coca	2	it
37	239	leaf	1	it
37	240	in	1	NA
37	241	Bolivia,”	4	it,”
37	242	but	1	NA
37	243	it	1	NA
37	244	adds:	2	NA
37	245	“The	3	“it
37	246	United	1	“it
37	247	Kingdom	1	“it
37	248	is	1	NA
37	249	worried	1	NA
37	250	that	1	NA
37	251	the	1	it
37	252	exemption	1	it
37	253	could	1	NA
37	254	lead	1	NA
37	255	to	1	NA
37	256	more	1	NA
37	257	coca	2	NA
37	258	production	1	NA
37	259	and	1	NA
37	260	–	1	NA
37	261	most	1	NA
37	262	importantly	1	NA
37	263	–	1	NA
37	264	more	1	NA
37	265	coca	2	it
37	266	reaching	1	NA
37	267	the	1	it.
37	268	cocaine	1	it.
37	269	trade.	2	it.
37	270	The	1	It
37	271	exemption	1	It
37	272	would	1	NA
37	273	make	1	NA
37	274	it	1	NA
37	275	more	1	NA
37	276	difficult	1	NA
37	277	to	1	NA
37	278	control	1	NA
37	279	the	1	it.”
37	280	illegal	1	it.”
37	281	drugs	1	it.”
37	282	trade.”	4	it.”
37	283	The	1	it
37	284	right	1	it
37	285	of	1	it
37	286	indigenous	1	it
37	287	people	1	it
37	288	in	1	it
37	289	South	1	it
37	290	America's	2	it
37	291	Andean	2	it
37	292	region	1	it
37	293	to	1	it
37	294	chew	1	it
37	295	coca	2	it
37	296	leaf	1	it
37	297	was	1	NA
37	298	removed	1	NA
37	299	in	1	NA
37	300	1964	1	NA
37	301	when	1	NA
37	302	Bolivia	1	it
37	303	was	1	NA
37	304	under	1	NA
37	305	a	1	NA
37	306	dictatorship	1	NA
37	307	and	1	NA
37	308	it	1	NA
37	309	signed	1	NA
37	310	the	1	it.
37	311	convention.	2	it.
37	312	In	1	NA
37	313	2011,	2	NA
37	314	Bolivia	1	it
37	315	told	1	NA
37	316	the	1	it
37	317	UN	1	it
37	318	that	1	NA
37	319	it	1	NA
37	320	did	1	NA
37	321	not	1	NA
37	322	want	1	NA
37	323	to	1	NA
37	324	be	1	NA
37	325	part	1	NA
37	326	of	1	NA
37	327	the	1	it
37	328	convention	1	it
37	329	any	1	NA
37	330	more.	2	NA
37	331	It	1	NA
37	332	is	1	NA
37	333	now	1	NA
37	334	part	1	NA
37	335	of	1	NA
37	336	the	1	it
37	337	convention	1	it
37	338	again,	2	NA
37	339	but	1	NA
37	340	with	1	NA
37	341	an	1	it
37	342	exemption	1	it
37	343	so	1	NA
37	344	that	1	NA
37	345	its	1	they
37	346	indigenous	1	they
37	347	people	1	they
37	348	can	1	NA
37	349	continue	1	NA
37	350	chewing	1	NA
37	351	coca	2	them.
37	352	leaves.	2	them.
37	353	The	1	It
37	354	exemption	1	It
37	355	is	1	NA
37	356	the	1	it.
37	357	first	1	it.
37	358	in	1	it.
37	359	the	1	it.
37	360	history	1	it.
37	361	of	1	it.
37	362	UN	1	it.
37	363	drug-control	3	it.
37	364	agreements.	2	it.
37	365	It	1	NA
37	366	has	1	NA
37	367	led	1	NA
37	368	to	1	NA
37	369	worries	1	NA
37	370	that	1	NA
37	371	other	1	NA
37	372	countries	1	NA
37	373	may	1	NA
37	374	also	1	NA
37	375	ask	1	NA
37	376	for	1	NA
37	377	exemptions.	2	NA
37	378	Russia	1	It
37	379	says	1	NA
37	380	that	1	NA
37	381	the	1	it
37	382	exemption	1	it
37	383	will	1	NA
37	384	lead	1	NA
37	385	to	1	NA
37	386	more	1	NA
37	387	illegal	1	NA
37	388	cocaine	1	NA
37	389	and	1	NA
37	390	warns	1	NA
37	391	that	1	NA
37	392	“it	3	NA
37	393	also	1	NA
37	394	sets	1	NA
37	395	a	1	NA
37	396	dangerous	1	NA
37	397	example	1	NA
37	398	that	1	NA
37	399	could	1	NA
37	400	be	1	NA
37	401	used	1	NA
37	402	by	1	NA
37	403	other	1	NA
37	404	states	1	NA
37	405	in	1	NA
37	406	creating	1	NA
37	407	a	1	NA
37	408	more	1	NA
37	409	liberal	1	NA
37	410	drug-control	3	NA
37	411	regime.”	4	NA
37	412	The	1	it
37	413	British	1	it
37	414	parliament	1	it
37	415	has	1	NA
37	416	recommended	1	NA
37	417	that	1	NA
37	418	the	1	it
37	419	UK	1	it
37	420	government	1	it
37	421	should	1	NA
37	422	support	1	NA
37	423	Bolivia's	2	it.
37	424	request.	2	it.
37	425	It	1	NA
37	426	says	1	NA
37	427	that	1	NA
37	428	it	1	NA
37	429	is	1	NA
37	430	important	1	NA
37	431	that	1	it.
37	432	countries	1	it.
37	433	stay	1	it.
37	434	in	1	it.
37	435	the	1	it.
37	436	convention.	2	it.
37	437	Bolivia's	2	It
37	438	return	1	It
37	439	could	1	NA
37	440	be	1	NA
37	441	blocked	1	NA
37	442	only	1	NA
37	443	if	1	NA
37	444	a	1	NA
37	445	third	1	NA
37	446	or	1	NA
37	447	more	1	NA
37	448	of	1	NA
37	449	the	1	NA
37	450	184	1	NA
37	451	countries	1	NA
37	452	that	1	NA
37	453	have	1	NA
37	454	signed	1	NA
37	455	the	1	it
37	456	convention	1	it
37	457	opposed	1	NA
37	458	the	1	it.
37	459	exemption.	2	it.
37	460	Some	1	NA
37	461	people	1	NA
37	462	believe	1	NA
37	463	that	1	NA
37	464	the	1	they
37	465	US	1	they
37	466	and	1	NA
37	467	UK	1	they
37	468	are	1	NA
37	469	telling	1	NA
37	470	other	1	them
37	471	countries	1	them
37	472	that	1	NA
37	473	they	1	NA
37	474	should	1	NA
37	475	block	1	NA
37	476	Bolivia's	2	it.
37	477	request.	2	it.
37	478	Nancie	3	She,
37	479	Prud'homme,	6	She,
37	480	of	1	She,
37	481	the	1	She,
37	482	International	1	She,
37	483	Center	1	She,
37	484	on	1	She,
37	485	Human	1	She,
37	486	Rights	1	She,
37	487	and	1	She,
37	488	Drug	1	She,
37	489	Policy,	2	She,
37	490	said	1	NA
37	491	people	1	NA
37	492	are	1	NA
37	493	wrong	1	NA
37	494	to	1	it.
37	495	oppose	1	it.
37	496	Bolivia's	2	it.
37	497	request.	2	it.
37	498	“These	3	“They
37	499	objections	1	“They
37	500	are	1	NA
37	501	not	1	NA
37	502	completely	1	NA
37	503	legal,”	4	NA
37	504	she	1	NA
37	505	said.	2	NA
37	506	She	1	NA
37	507	added	1	NA
37	508	that,	2	NA
37	509	all	1	NA
37	510	over	1	NA
37	511	the	1	NA
37	512	world,	2	NA
37	513	it	1	NA
37	514	has	1	NA
37	515	become	1	NA
37	516	the	1	NA
37	517	norm	1	NA
37	518	to	1	it,
37	519	support	1	it,
37	520	cultural	1	it,
37	521	and	1	it,
37	522	indigenous	1	it,
37	523	rights,	2	it,
37	524	so	1	NA
37	525	we	1	NA
37	526	should	1	NA
37	527	support	1	NA
37	528	Bolivia's	2	its
37	529	efforts.	2	NA
37	530	The	1	NA
37	531	decision	1	NA
37	532	to	1	NA
37	533	ban	1	NA
37	534	coca	2	it
37	535	chewing	1	NA
37	536	was	1	NA
37	537	based	1	NA
37	538	on	1	NA
37	539	a	1	it.
37	540	1950	1	it.
37	541	report	1	it.
37	542	by	1	it.
37	543	the	1	it.
37	544	UN.	2	it.
37	545	Supporters	1	NA
37	546	of	1	NA
37	547	drug	1	NA
37	548	liberalization	2	NA
37	549	say	1	NA
37	550	the	1	it
37	551	report	1	it
37	552	was	1	NA
37	553	not	1	NA
37	554	based	1	NA
37	555	on	1	NA
37	556	any	1	NA
37	557	evidence.	2	NA
37	558	It	1	NA
37	559	is	1	NA
37	560	legal	1	NA
37	561	to	1	it.
37	562	grow	1	it.
37	563	coca	2	it.
37	564	leaves	1	it.
37	565	in	1	it.
37	566	Bolivia.	2	it.
37	567	As	1	NA
37	568	a	1	NA
37	569	result,	2	NA
37	570	cocaine	1	its
37	571	production	1	NA
37	572	has	1	NA
37	573	decreased	1	NA
37	574	in	1	NA
37	575	the	1	it
37	576	country	1	it
37	577	and	1	NA
37	578	some	1	NA
37	579	experts	1	NA
37	580	see	1	NA
37	581	Bolivia	1	it
37	582	as	1	NA
37	583	a	1	NA
37	584	model	1	NA
37	585	for	1	NA
37	586	other	1	NA
37	587	countries.	2	NA
38	0	Crunchy,	3	NA
38	1	full	1	NA
38	2	of	1	NA
38	3	protein	1	NA
38	4	and	1	NA
38	5	to	1	NA
38	6	be	1	NA
38	7	found	1	NA
38	8	under	1	NA
38	9	a	1	NA
38	10	rock	1	NA
38	11	near	1	NA
38	12	you.	2	NA
38	13	Insects	2	They
38	14	have	1	NA
38	15	long	1	NA
38	16	been	1	NA
38	17	overlooked	1	NA
38	18	as	1	NA
38	19	food	1	NA
38	20	in	1	NA
38	21	all	1	NA
38	22	but	1	NA
38	23	a	1	NA
38	24	handful	1	NA
38	25	of	1	NA
38	26	places	1	NA
38	27	around	1	NA
38	28	the	1	them
38	29	world	1	them
38	30	–	1	NA
38	31	but	1	NA
38	32	now	1	NA
38	33	they	1	NA
38	34	are	1	NA
38	35	crawling	1	NA
38	36	closer	1	NA
38	37	and	1	NA
38	38	closer	1	NA
38	39	to	1	NA
38	40	our	1	NA
38	41	plates.	2	NA
38	42	Spring	1	NA
38	43	2013	1	it
38	44	will	1	NA
38	45	see	1	NA
38	46	a	1	NA
38	47	drive	1	NA
38	48	towards	1	NA
38	49	removing	1	NA
38	50	the	1	NA
38	51	yuck	2	NA
38	52	factor	1	NA
38	53	and	1	NA
38	54	putting	1	NA
38	55	insects	1	it
38	56	not	1	NA
38	57	just	1	NA
38	58	on	1	NA
38	59	experimental	1	NA
38	60	gastronomic	3	NA
38	61	menus	1	NA
38	62	but	1	NA
38	63	also	1	NA
38	64	on	1	NA
38	65	supermarket	1	NA
38	66	shelves.	2	NA
38	67	In	1	NA
38	68	April,	2	NA
38	69	there	1	NA
38	70	will	1	NA
38	71	be	1	NA
38	72	a	1	it,
38	73	festival	1	it,
38	74	in	1	it,
38	75	London,	2	it,
38	76	Pestival	2	it
38	77	2013	1	it
38	78	–	1	NA
38	79	a	1	it.
38	80	Wellcome	2	it.
38	81	Trust-backed	3	it.
38	82	insect	1	it.
38	83	appreciation	1	it.
38	84	event	1	it.
38	85	where	1	it.
38	86	the	1	it.
38	87	consumption	1	it.
38	88	of	1	it.
38	89	creepy-crawlies	5	it.
38	90	comes	1	it.
38	91	high	1	it.
38	92	on	1	it.
38	93	the	1	it.
38	94	agenda.	2	it.
38	95	It	1	NA
38	96	will	1	NA
38	97	feature	1	NA
38	98	a	1	NA
38	99	two-day	3	NA
38	100	“pop-up”	7	NA
38	101	restaurant	1	NA
38	102	by	1	NA
38	103	the	1	it,
38	104	Nordic	1	it,
38	105	Food	1	it,
38	106	Lab,	2	it,
38	107	the	1	it.
38	108	Scandinavian	1	it.
38	109	team	1	it.
38	110	behind	1	it.
38	111	the	1	it.
38	112	Danish	1	it.
38	113	restaurant	1	it.
38	114	Noma,	3	it.
38	115	which	1	it.
38	116	brought	1	it.
38	117	ants	1	it.
38	118	to	1	it.
38	119	the	1	it.
38	120	table	1	it.
38	121	for	1	it.
38	122	a	1	it.
38	123	sellout	2	it.
38	124	ten-day	3	it.
38	125	run	1	it.
38	126	at	1	it.
38	127	Claridge's	3	it.
38	128	hotel	1	it.
38	129	in	1	it.
38	130	London	1	it.
38	131	in	1	it.
38	132	2012.	2	it.
38	133	In	1	NA
38	134	March,	2	NA
38	135	a	1	NA
38	136	BBC	1	NA
38	137	documentary	1	NA
38	138	will	1	NA
38	139	feature	1	NA
38	140	food	1	NA
38	141	writer	1	NA
38	142	Stefan	1	NA
38	143	Gates	1	NA
38	144	searching	1	NA
38	145	out	1	NA
38	146	and	1	NA
38	147	eating	1	NA
38	148	deep-	2	NA
38	149	fried	1	NA
38	150	locusts	3	NA
38	151	and	1	NA
38	152	barbecued	3	NA
38	153	tarantulas.	4	NA
38	154	But,	2	NA
38	155	behind	1	NA
38	156	all	1	NA
38	157	the	1	NA
38	158	gimmicks	2	NA
38	159	and	1	NA
38	160	jokes	1	NA
38	161	about	1	NA
38	162	flies	1	NA
38	163	in	1	NA
38	164	the	1	NA
38	165	soup,	2	NA
38	166	there	1	NA
38	167	is	1	NA
38	168	a	1	it.
38	169	deeply	1	it.
38	170	serious	1	it.
38	171	message.	2	it.
38	172	Many	1	NA
38	173	experts	1	NA
38	174	believe	1	NA
38	175	there	1	NA
38	176	is	1	NA
38	177	a	1	it.
38	178	clear	1	it.
38	179	environmental	1	it.
38	180	benefit	1	it.
38	181	to	1	it.
38	182	humans	1	it.
38	183	eating	1	it.
38	184	creepy-crawlies.	6	it.
38	185	The	1	It
38	186	UN's	2	It
38	187	Food	1	It
38	188	and	1	It
38	189	Agriculture	1	It
38	190	Organization	1	It
38	191	(FAO)	4	(it)
38	192	has	1	NA
38	193	been	1	NA
38	194	funding	1	NA
38	195	projects	1	NA
38	196	since	1	NA
38	197	2011	1	NA
38	198	aimed	1	NA
38	199	at	1	NA
38	200	promoting	1	NA
38	201	the	1	NA
38	202	eating	1	NA
38	203	and	1	NA
38	204	farming	1	NA
38	205	of	1	NA
38	206	insects	1	NA
38	207	in	1	NA
38	208	south-east	3	NA
38	209	Asia	1	NA
38	210	and	1	NA
38	211	Africa,	2	NA
38	212	where	1	NA
38	213	an	1	they
38	214	estimated	1	they
38	215	two	1	they
38	216	billion	1	they
38	217	people	1	they
38	218	already	1	NA
38	219	eat	1	NA
38	220	insects	1	them
38	221	and	1	NA
38	222	caterpillar	2	NA
38	223	larvae	1	NA
38	224	as	1	NA
38	225	a	1	NA
38	226	regular	1	NA
38	227	part	1	NA
38	228	of	1	NA
38	229	their	1	NA
38	230	diet.	2	NA
38	231	In	1	NA
38	232	2012,	2	it,
38	233	the	1	it
38	234	FAO	2	it
38	235	published	1	NA
38	236	a	1	NA
38	237	list	1	NA
38	238	of	1	NA
38	239	1,909	3	NA
38	240	edible	1	NA
38	241	species	1	NA
38	242	of	1	NA
38	243	insect	1	NA
38	244	and,	2	NA
38	245	with	1	NA
38	246	sponsorship	1	NA
38	247	from	1	NA
38	248	the	1	NA
38	249	Dutch	1	NA
38	250	government,	2	NA
38	251	plans	1	NA
38	252	a	1	NA
38	253	major	1	NA
38	254	international	1	NA
38	255	conference	1	NA
38	256	on	1	NA
38	257	“this	3	NA
38	258	valuable	1	NA
38	259	food	1	NA
38	260	source”	3	NA
38	261	in	1	NA
38	262	2013.	2	it.
38	263	Over	1	NA
38	264	the	1	NA
38	265	next	1	NA
38	266	30	1	NA
38	267	years,	2	NA
38	268	the	1	it.
38	269	planet's	2	it.
38	270	human	1	it.
38	271	population	1	it.
38	272	will	1	it.
38	273	increase	1	it.
38	274	to	1	it.
38	275	nine	1	it.
38	276	billion.	2	it.
38	277	Already	1	NA
38	278	one	1	NA
38	279	billion	1	NA
38	280	people	1	NA
38	281	do	1	NA
38	282	not	1	NA
38	283	get	1	NA
38	284	enough	1	NA
38	285	food.	2	NA
38	286	The	1	It
38	287	increase	1	It
38	288	will	1	NA
38	289	mean	1	NA
38	290	more	1	NA
38	291	pressure	1	NA
38	292	on	1	NA
38	293	agricultural	1	NA
38	294	land,	2	NA
38	295	water,	2	NA
38	296	forests,	2	NA
38	297	fisheries	1	NA
38	298	and	1	NA
38	299	biodiversity	1	NA
38	300	resources,	2	NA
38	301	as	1	NA
38	302	well	1	NA
38	303	as	1	NA
38	304	nutrients	1	NA
38	305	and	1	NA
38	306	energy	1	NA
38	307	supplies.	2	NA
38	308	The	1	NA
38	309	cost	1	NA
38	310	of	1	NA
38	311	meat	1	NA
38	312	is	1	NA
38	313	rising,	2	NA
38	314	not	1	NA
38	315	just	1	NA
38	316	in	1	NA
38	317	terms	1	NA
38	318	of	1	NA
38	319	hard	1	NA
38	320	cash	1	NA
38	321	but	1	NA
38	322	also	1	NA
38	323	in	1	NA
38	324	terms	1	NA
38	325	of	1	NA
38	326	the	1	NA
38	327	amount	1	NA
38	328	of	1	NA
38	329	rainforest	2	NA
38	330	that	1	NA
38	331	is	1	NA
38	332	destroyed	1	NA
38	333	for	1	NA
38	334	grazing	1	NA
38	335	or	1	NA
38	336	to	1	NA
38	337	grow	1	NA
38	338	feedstuff	2	NA
38	339	for	1	NA
38	340	cattle.	2	NA
38	341	There	1	NA
38	342	is	1	NA
38	343	also	1	NA
38	344	the	1	NA
38	345	issue	1	NA
38	346	of	1	NA
38	347	methane	1	it.
38	348	excreted	3	it.
38	349	by	1	it.
38	350	cows.	2	it.
38	351	The	1	NA
38	352	livestock	1	NA
38	353	farming	1	NA
38	354	contribution,	2	NA
38	355	in	1	NA
38	356	terms	1	NA
38	357	of	1	NA
38	358	greenhouse	1	its,
38	359	gas	1	its,
38	360	emissions,	2	its,
38	361	is	1	NA
38	362	enormous	1	NA
38	363	–	1	NA
38	364	35%	2	NA
38	365	of	1	NA
38	366	the	1	its,
38	367	planet's	2	its,
38	368	methane,	2	its,
38	369	65%	2	NA
38	370	of	1	NA
38	371	its	1	NA
38	372	nitrous	2	NA
38	373	oxide	1	NA
38	374	and	1	NA
38	375	9%	2	NA
38	376	of	1	NA
38	377	the	1	NA
38	378	carbon	1	NA
38	379	dioxide.	2	NA
38	380	Edible	2	They
38	381	insects	1	They
38	382	emit	1	NA
38	383	few	1	NA
38	384	gases,	2	NA
38	385	contain	1	NA
38	386	high-quality	3	NA
38	387	protein,	2	NA
38	388	vitamins	1	NA
38	389	and	1	NA
38	390	amino	1	NA
38	391	acids,	2	NA
38	392	and	1	NA
38	393	have	1	NA
38	394	a	1	NA
38	395	high	1	NA
38	396	food-conversion	4	NA
38	397	rate,	2	NA
38	398	needing	1	NA
38	399	a	1	NA
38	400	quarter	1	NA
38	401	of	1	NA
38	402	the	1	NA
38	403	food	1	NA
38	404	intake	1	NA
38	405	of	1	NA
38	406	sheep,	2	NA
38	407	and	1	NA
38	408	half	1	NA
38	409	of	1	NA
38	410	pigs	1	NA
38	411	and	1	NA
38	412	chickens,	2	NA
38	413	to	1	NA
38	414	produce	1	NA
38	415	the	1	NA
38	416	same	1	NA
38	417	amount	1	NA
38	418	of	1	NA
38	419	protein.	2	NA
38	420	They	1	NA
38	421	emit	1	NA
38	422	fewer	1	NA
38	423	greenhouse	1	NA
38	424	gases	1	NA
38	425	and	1	NA
38	426	less	1	NA
38	427	ammonia	1	NA
38	428	than	1	NA
38	429	cows	1	they
38	430	and	1	NA
38	431	can	1	NA
38	432	be	1	NA
38	433	grown	1	NA
38	434	on	1	NA
38	435	organic	1	NA
38	436	waste.	2	NA
38	437	China	1	NA
38	438	is	1	NA
38	439	already	1	NA
38	440	successfully	1	NA
38	441	setting	1	NA
38	442	up	1	NA
38	443	huge	1	NA
38	444	maggot	2	NA
38	445	farms.	2	NA
38	446	Zimbabwe	1	NA
38	447	has	1	NA
38	448	a	1	NA
38	449	thriving	1	NA
38	450	mapone	2	NA
38	451	caterpillar	2	NA
38	452	industry	1	NA
38	453	and	1	NA
38	454	Laos	1	NA
38	455	was	1	NA
38	456	given	1	NA
38	457	nearly	1	NA
38	458	$500,000	4	NA
38	459	by	1	NA
38	460	the	1	it
38	461	FAO	2	it
38	462	to	1	NA
38	463	develop	1	NA
38	464	an	1	NA
38	465	insect-harvesting	5	its
38	466	project.	2	NA
38	467	It's	2	NA
38	468	already	1	NA
38	469	big	1	NA
38	470	business	1	NA
38	471	in	1	NA
38	472	the	1	NA
38	473	UK,	2	NA
38	474	though	1	NA
38	475	not	1	NA
38	476	always	1	NA
38	477	official:	2	NA
38	478	a	1	he
38	479	man	1	he
38	480	was	1	NA
38	481	recently	1	NA
38	482	detained	1	NA
38	483	by	1	NA
38	484	Gatwick	2	NA
38	485	customs	1	NA
38	486	as	1	NA
38	487	he	1	NA
38	488	stepped	1	NA
38	489	off	1	NA
38	490	a	1	NA
38	491	flight	1	NA
38	492	from	1	NA
38	493	Burkina	2	NA
38	494	Faso	2	NA
38	495	with	1	NA
38	496	94	1	NA
38	497	kilos	2	NA
38	498	of	1	NA
38	499	mapone,	3	NA
38	500	worth	1	NA
38	501	nearly	1	NA
38	502	£40,000,	5	NA
38	503	in	1	NA
38	504	his	1	NA
38	505	luggage.	2	NA
38	506	A	1	NA
38	507	study	1	NA
38	508	by	1	NA
38	509	FoodServiceWarehouse.com	6	NA
38	510	suggested	1	NA
38	511	that	1	NA
38	512	swapping	1	NA
38	513	pork	1	NA
38	514	and	1	NA
38	515	beef	1	NA
38	516	for	1	NA
38	517	crickets	2	NA
38	518	and	1	NA
38	519	locusts	3	NA
38	520	could	1	NA
38	521	help	1	NA
38	522	to	1	NA
38	523	reduce	1	NA
38	524	greenhouse	1	them
38	525	gas	1	them
38	526	emissions	1	them
38	527	by	1	NA
38	528	as	1	NA
38	529	much	1	NA
38	530	as	1	NA
38	531	95%.	2	NA
39	0	In	1	NA
39	1	the	1	NA
39	2	West,	2	NA
39	3	people	1	they
39	4	do	1	NA
39	5	not	1	NA
39	6	usually	1	NA
39	7	eat	1	NA
39	8	insects.	2	them.
39	9	But	1	NA
39	10	in	1	NA
39	11	some	1	NA
39	12	parts	1	NA
39	13	of	1	NA
39	14	the	1	it,
39	15	world,	2	it,
39	16	insects	1	NA
39	17	are	1	NA
39	18	an	1	it
39	19	important	1	it
39	20	food	1	it
39	21	and	1	NA
39	22	in	1	NA
39	23	spring	1	NA
39	24	2013	1	it
39	25	there	1	NA
39	26	will	1	NA
39	27	be	1	NA
39	28	an	1	NA
39	29	effort	1	NA
39	30	to	1	NA
39	31	show	1	NA
39	32	people	1	them
39	33	that	1	NA
39	34	eating	1	NA
39	35	insects	1	they
39	36	is	1	NA
39	37	not	1	NA
39	38	disgusting.	2	NA
39	39	And	1	NA
39	40	we	1	NA
39	41	may	1	NA
39	42	soon	1	NA
39	43	be	1	NA
39	44	able	1	NA
39	45	to	1	NA
39	46	buy	1	NA
39	47	insects	1	them
39	48	in	1	NA
39	49	supermarkets.	2	NA
39	50	In	1	NA
39	51	April,	2	NA
39	52	there	1	NA
39	53	will	1	NA
39	54	be	1	NA
39	55	a	1	it,
39	56	festival	1	it,
39	57	in	1	it,
39	58	London,	2	it,
39	59	Pestival	2	it,
39	60	2013,	2	it,
39	61	where	1	NA
39	62	there	1	NA
39	63	will	1	NA
39	64	be	1	NA
39	65	a	1	NA
39	66	discussion	1	NA
39	67	about	1	NA
39	68	the	1	NA
39	69	question	1	NA
39	70	of	1	NA
39	71	eating	1	NA
39	72	insects.	2	them.
39	73	The	1	It
39	74	festival	1	It
39	75	will	1	NA
39	76	include	1	NA
39	77	a	1	NA
39	78	restaurant	1	NA
39	79	by	1	NA
39	80	the	1	it,
39	81	Nordic	1	it,
39	82	Food	1	it,
39	83	Lab,	2	it,
39	84	the	1	they.
39	85	Scandinavian	1	they.
39	86	team	1	they.
39	87	behind	1	they.
39	88	the	1	they.
39	89	Danish	1	they.
39	90	restaurant	1	they.
39	91	Noma,	3	they.
39	92	which	1	they.
39	93	brought	1	they.
39	94	extremely	1	they.
39	95	popular	1	they.
39	96	insect	1	they.
39	97	dishes	1	they.
39	98	to	1	they.
39	99	Claridge's	3	they.
39	100	hotel	1	they.
39	101	in	1	they.
39	102	London	1	they.
39	103	in	1	they.
39	104	2012.	2	they.
39	105	In	1	NA
39	106	March,	2	NA
39	107	a	1	NA
39	108	BBC	1	NA
39	109	documentary	1	NA
39	110	will	1	NA
39	111	show	1	NA
39	112	a	1	NA
39	113	food	1	NA
39	114	writer	1	NA
39	115	eating	1	NA
39	116	deep-fried	3	NA
39	117	locusts	3	NA
39	118	and	1	NA
39	119	barbecued	3	NA
39	120	spiders.	2	NA
39	121	But,	2	NA
39	122	behind	1	NA
39	123	all	1	NA
39	124	the	1	NA
39	125	jokes	1	NA
39	126	there	1	NA
39	127	is	1	NA
39	128	a	1	NA
39	129	very	1	NA
39	130	serious	1	NA
39	131	message.	2	NA
39	132	Many	1	NA
39	133	experts	1	NA
39	134	believe	1	NA
39	135	that	1	NA
39	136	if	1	it,
39	137	humans	1	it,
39	138	eat	1	it,
39	139	insects,	2	it,
39	140	it	1	NA
39	141	will	1	NA
39	142	be	1	NA
39	143	very	1	NA
39	144	good	1	NA
39	145	for	1	NA
39	146	the	1	NA
39	147	environment.	2	NA
39	148	The	1	It
39	149	UN's	2	It
39	150	Food	1	It
39	151	and	1	It
39	152	Agriculture	1	It
39	153	Organization	1	It
39	154	(FAO)	4	(it)
39	155	gives	1	NA
39	156	money	1	NA
39	157	to	1	NA
39	158	projects	1	NA
39	159	that	1	NA
39	160	show	1	NA
39	161	people	1	they
39	162	they	1	they
39	163	can	1	NA
39	164	eat	1	NA
39	165	and	1	NA
39	166	farm	1	NA
39	167	insects	1	them
39	168	in	1	NA
39	169	south-east	3	it
39	170	Asia	1	it
39	171	and	1	NA
39	172	Africa.	2	NA
39	173	In	1	NA
39	174	these	1	it
39	175	places	1	it
39	176	about	1	they
39	177	two	1	they
39	178	billion	1	they
39	179	people	1	they
39	180	already	1	NA
39	181	eat	1	NA
39	182	insects	1	NA
39	183	and	1	NA
39	184	larvae	1	NA
39	185	as	1	NA
39	186	a	1	NA
39	187	normal	1	NA
39	188	part	1	NA
39	189	of	1	NA
39	190	their	1	NA
39	191	diet.	2	NA
39	192	In	1	NA
39	193	2012,	2	it,
39	194	the	1	it
39	195	FAO	2	it
39	196	published	1	NA
39	197	a	1	NA
39	198	list	1	NA
39	199	of	1	NA
39	200	1,909	3	NA
39	201	edible	1	NA
39	202	species	1	NA
39	203	of	1	NA
39	204	insect	1	NA
39	205	and	1	NA
39	206	plans	1	NA
39	207	a	1	NA
39	208	major	1	NA
39	209	international	1	NA
39	210	conference	1	NA
39	211	on	1	NA
39	212	“this	3	NA
39	213	valuable	1	NA
39	214	food	1	NA
39	215	source”	3	NA
39	216	in	1	NA
39	217	2013.	2	it.
39	218	In	1	NA
39	219	the	1	NA
39	220	next	1	NA
39	221	30	1	NA
39	222	years,	2	NA
39	223	the	1	it.
39	224	planet's	2	it.
39	225	human	1	it.
39	226	population	1	it.
39	227	will	1	it.
39	228	increase	1	it.
39	229	to	1	it.
39	230	nine	1	it.
39	231	billion.	2	it.
39	232	Already	1	NA
39	233	one	1	NA
39	234	billion	1	NA
39	235	people	1	NA
39	236	do	1	NA
39	237	not	1	NA
39	238	get	1	NA
39	239	enough	1	NA
39	240	food.	2	NA
39	241	The	1	It
39	242	increase	1	It
39	243	will	1	NA
39	244	put	1	NA
39	245	more	1	NA
39	246	pressure	1	NA
39	247	on	1	NA
39	248	agricultural	1	NA
39	249	land,	2	NA
39	250	water,	2	NA
39	251	forests,	2	NA
39	252	fisheries	1	NA
39	253	and	1	NA
39	254	resources,	2	NA
39	255	and	1	NA
39	256	also	1	NA
39	257	food	1	NA
39	258	and	1	NA
39	259	energy	1	NA
39	260	supplies.	2	NA
39	261	The	1	NA
39	262	cost	1	NA
39	263	of	1	NA
39	264	meat	1	it
39	265	is	1	NA
39	266	increasing	1	NA
39	267	–	1	NA
39	268	it	1	NA
39	269	costs	1	NA
39	270	more	1	NA
39	271	money	1	NA
39	272	now,	2	NA
39	273	but	1	NA
39	274	also	1	NA
39	275	people	1	they
39	276	have	1	NA
39	277	to	1	NA
39	278	destroy	1	NA
39	279	a	1	NA
39	280	lot	1	NA
39	281	of	1	NA
39	282	rainforest	2	NA
39	283	to	1	NA
39	284	make	1	NA
39	285	fields	1	NA
39	286	or	1	NA
39	287	to	1	NA
39	288	grow	1	NA
39	289	food	1	NA
39	290	for	1	NA
39	291	cows.	2	them.
39	292	Cows	2	They
39	293	also	1	NA
39	294	make	1	NA
39	295	methane.	2	it.
39	296	The	1	NA
39	297	farming	1	NA
39	298	of	1	NA
39	299	cows,	2	it,
39	300	pigs	1	NA
39	301	and	1	NA
39	302	sheep	1	NA
39	303	makes	1	NA
39	304	very	1	NA
39	305	large	1	NA
39	306	amounts	1	NA
39	307	of	1	NA
39	308	greenhouse	1	NA
39	309	gases	1	NA
39	310	–	1	NA
39	311	35%	2	NA
39	312	of	1	NA
39	313	the	1	its,
39	314	planet's	2	its,
39	315	methane,	2	its,
39	316	65%	2	NA
39	317	of	1	NA
39	318	its	1	NA
39	319	nitrous	2	NA
39	320	oxide	1	NA
39	321	and	1	NA
39	322	9%	2	NA
39	323	of	1	NA
39	324	the	1	NA
39	325	carbon	1	NA
39	326	dioxide.	2	NA
39	327	Edible	2	They
39	328	insects	1	They
39	329	make	1	NA
39	330	few	1	NA
39	331	gases,	2	NA
39	332	contain	1	NA
39	333	high-quality	3	NA
39	334	protein,	2	NA
39	335	vitamins	1	NA
39	336	and	1	NA
39	337	amino	1	NA
39	338	acids,	2	NA
39	339	and	1	NA
39	340	are	1	NA
39	341	good	1	NA
39	342	at	1	NA
39	343	converting	1	NA
39	344	food	1	NA
39	345	-	1	NA
39	346	they	1	NA
39	347	only	1	NA
39	348	need	1	NA
39	349	a	1	NA
39	350	quarter	1	NA
39	351	of	1	NA
39	352	the	1	NA
39	353	food	1	NA
39	354	that	1	NA
39	355	sheep	1	NA
39	356	need	1	NA
39	357	to	1	NA
39	358	make	1	NA
39	359	the	1	NA
39	360	same	1	NA
39	361	amount	1	NA
39	362	of	1	NA
39	363	protein.	2	NA
39	364	You	1	NA
39	365	can	1	NA
39	366	grow	1	NA
39	367	them	1	NA
39	368	on	1	NA
39	369	organic	1	NA
39	370	waste.	2	NA
39	371	China	1	NA
39	372	is	1	NA
39	373	already	1	NA
39	374	building	1	NA
39	375	huge	1	NA
39	376	maggot	2	NA
39	377	farms.	2	NA
39	378	Zimbabwe	1	NA
39	379	is	1	NA
39	380	growing	1	NA
39	381	caterpillars	3	them
39	382	and	1	NA
39	383	Laos	1	NA
39	384	is	1	NA
39	385	developing	1	NA
39	386	an	1	NA
39	387	insect-harvesting	5	NA
39	388	project.	2	NA
39	389	One	1	NA
39	390	study	1	NA
39	391	says	1	NA
39	392	that	1	NA
39	393	eating	1	NA
39	394	crickets	2	them
39	395	and	1	NA
39	396	locusts,	4	NA
39	397	and	1	NA
39	398	not	1	NA
39	399	eating	1	NA
39	400	pork	1	NA
39	401	and	1	NA
39	402	beef,	2	NA
39	403	could	1	NA
39	404	help	1	NA
39	405	to	1	NA
39	406	reduce	1	NA
39	407	greenhouse	1	NA
39	408	gas	1	NA
39	409	emissions	1	NA
39	410	by	1	NA
39	411	up	1	NA
39	412	to	1	NA
39	413	95%.	2	NA
40	0	The	1	It
40	1	Moroccan	1	It
40	2	city	1	It
40	3	of	1	It
40	4	Ouarzazate	5	It
40	5	is	1	NA
40	6	used	1	NA
40	7	to	1	NA
40	8	big	1	NA
40	9	productions.	2	NA
40	10	It	1	NA
40	11	is	1	NA
40	12	on	1	NA
40	13	the	1	NA
40	14	edge	1	NA
40	15	of	1	NA
40	16	the	1	it
40	17	Sahara	1	it
40	18	Desert	1	it
40	19	and	1	NA
40	20	at	1	NA
40	21	the	1	NA
40	22	center	1	NA
40	23	of	1	NA
40	24	Morocco's	2	its
40	25	“Ouallywood”	7	NA
40	26	film	1	NA
40	27	industry.	2	NA
40	28	Now,	2	NA
40	29	the	1	it
40	30	trading	1	it
40	31	city	1	it
40	32	is	1	NA
40	33	the	1	it.
40	34	location	1	it.
40	35	for	1	it.
40	36	a	1	it.
40	37	complex	1	it.
40	38	of	1	it.
40	39	four	1	it.
40	40	linked	1	it.
40	41	solar	1	it.
40	42	mega-plants,	5	it.
40	43	which,	2	it.
40	44	alongside	1	it.
40	45	hydro	1	it.
40	46	and	1	it.
40	47	wind,	2	it.
40	48	will	1	it.
40	49	help	1	it.
40	50	provide	1	it.
40	51	nearly	1	it.
40	52	half	1	it.
40	53	of	1	it.
40	54	Morocco's	2	it.
40	55	electricity	1	it.
40	56	from	1	it.
40	57	renewables	1	it.
40	58	by	1	it.
40	59	2020	1	it.
40	60	with,	2	it.
40	61	it	1	it.
40	62	is	1	it.
40	63	hoped,	2	it.
40	64	some	1	it.
40	65	spare	1	it.
40	66	to	1	it.
40	67	export	1	it.
40	68	to	1	it.
40	69	Europe.	2	it.
40	70	The	1	It
40	71	project	1	It
40	72	is	1	NA
40	73	a	1	it.
40	74	key	1	it.
40	75	plank	1	it.
40	76	in	1	it.
40	77	Morocco's	2	it.
40	78	ambitions	1	it.
40	79	to	1	it.
40	80	use	1	it.
40	81	its	1	it.
40	82	deserts	1	it.
40	83	to	1	it.
40	84	become	1	it.
40	85	a	1	it.
40	86	global	1	it.
40	87	solar	1	it.
40	88	superpower.	2	it.
40	89	When	1	NA
40	90	the	1	it
40	91	full	1	it
40	92	complex	1	it
40	93	is	1	NA
40	94	complete,	2	NA
40	95	it	1	NA
40	96	will	1	NA
40	97	be	1	NA
40	98	the	1	it
40	99	largest	1	it
40	100	concentrated	1	it
40	101	solar	1	it
40	102	power	1	it
40	103	plant	1	it
40	104	in	1	it
40	105	the	1	it
40	106	world	1	it
40	107	and	1	NA
40	108	the	1	it,
40	109	first	1	it,
40	110	phase,	2	it,
40	111	called	1	it,
40	112	Noor	2	it,
40	113	1,	2	it,
40	114	will	1	NA
40	115	go	1	NA
40	116	live	1	NA
40	117	in	1	NA
40	118	November	1	NA
40	119	2015.	2	NA
40	120	The	1	It
40	121	mirror	1	It
40	122	technology	1	It
40	123	it	1	It
40	124	uses	1	It
40	125	is	1	NA
40	126	less	1	NA
40	127	widespread	1	NA
40	128	and	1	NA
40	129	more	1	NA
40	130	expensive	1	NA
40	131	than	1	NA
40	132	the	1	NA
40	133	photovoltaic	4	NA
40	134	panels	1	NA
40	135	that	1	NA
40	136	are	1	NA
40	137	now	1	NA
40	138	familiar	1	NA
40	139	on	1	NA
40	140	roofs	1	NA
40	141	the	1	it
40	142	world	1	it
40	143	over	1	NA
40	144	but	1	NA
40	145	it	1	NA
40	146	will	1	NA
40	147	have	1	NA
40	148	the	1	NA
40	149	advantage	1	NA
40	150	of	1	NA
40	151	being	1	NA
40	152	able	1	NA
40	153	to	1	NA
40	154	continue	1	NA
40	155	producing	1	NA
40	156	power	1	NA
40	157	even	1	NA
40	158	after	1	NA
40	159	the	1	it
40	160	sun	1	it
40	161	goes	1	NA
40	162	down.	2	NA
40	163	As	1	NA
40	164	engineers	1	NA
40	165	put	1	NA
40	166	the	1	NA
40	167	finishing	1	NA
40	168	touches	1	NA
40	169	to	1	NA
40	170	Noor	2	it,
40	171	1,	2	it,
40	172	its	1	NA
40	173	500,000	3	NA
40	174	crescent-shaped	4	NA
40	175	solar	1	NA
40	176	mirrors	1	NA
40	177	glitter	1	NA
40	178	across	1	NA
40	179	the	1	NA
40	180	desert	1	it
40	181	skyline.	2	NA
40	182	The	1	They
40	183	800	1	They
40	184	rows	1	They
40	185	follow	1	NA
40	186	the	1	it
40	187	sun	1	it
40	188	as	1	NA
40	189	it	1	NA
40	190	tracks	1	NA
40	191	across	1	NA
40	192	the	1	NA
40	193	heavens,	2	NA
40	194	whirring	3	NA
40	195	quietly	1	NA
40	196	every	1	NA
40	197	few	1	NA
40	198	minutes	1	NA
40	199	as	1	NA
40	200	their	1	NA
40	201	shadows	1	NA
40	202	slip	1	NA
40	203	further	1	NA
40	204	east.	2	NA
40	205	When	1	NA
40	206	they	1	NA
40	207	are	1	NA
40	208	finished,	2	NA
40	209	the	1	they
40	210	four	1	they
40	211	plants	1	they
40	212	at	1	they
40	213	Ouarzazate	5	they
40	214	will	1	NA
40	215	occupy	1	NA
40	216	a	1	NA
40	217	space	1	NA
40	218	as	1	NA
40	219	big	1	NA
40	220	as	1	NA
40	221	Morocco's	2	it,
40	222	capital	1	it,
40	223	city,	2	it,
40	224	Rabat,	3	it,
40	225	and	1	NA
40	226	generate	1	NA
40	227	580	1	NA
40	228	mega-watts	4	NA
40	229	(MW)	3	NA
40	230	of	1	NA
40	231	electricity,	2	NA
40	232	enough	1	NA
40	233	to	1	NA
40	234	power	1	NA
40	235	a	1	NA
40	236	million	1	NA
40	237	homes.	2	NA
40	238	The	1	NA
40	239	potential	1	NA
40	240	for	1	NA
40	241	solar	1	NA
40	242	power	1	NA
40	243	from	1	NA
40	244	the	1	it
40	245	desert	1	it
40	246	has	1	NA
40	247	been	1	NA
40	248	known	1	NA
40	249	for	1	NA
40	250	decades.	2	NA
40	251	In	1	NA
40	252	the	1	NA
40	253	days	1	NA
40	254	after	1	NA
40	255	the	1	NA
40	256	Chernobyl	2	NA
40	257	nuclear	1	NA
40	258	accident	1	NA
40	259	in	1	NA
40	260	1986,	2	NA
40	261	the	1	NA
40	262	German	1	NA
40	263	particle	1	NA
40	264	physicist	1	NA
40	265	Gerhard	2	NA
40	266	Knies	2	NA
40	267	calculated	1	NA
40	268	that	1	NA
40	269	the	1	they
40	270	world's	2	they
40	271	deserts	1	they
40	272	receive	1	NA
40	273	enough	1	it
40	274	energy	1	it
40	275	in	1	NA
40	276	a	1	NA
40	277	few	1	NA
40	278	hours	1	NA
40	279	to	1	NA
40	280	provide	1	NA
40	281	for	1	NA
40	282	humanity's	2	NA
40	283	power	1	NA
40	284	needs	1	NA
40	285	for	1	NA
40	286	a	1	NA
40	287	whole	1	NA
40	288	year.	2	NA
40	289	The	1	NA
40	290	challenge,	2	NA
40	291	though,	2	NA
40	292	has	1	NA
40	293	been	1	NA
40	294	capturing	1	NA
40	295	that	1	it
40	296	energy	1	it
40	297	and	1	NA
40	298	transporting	1	NA
40	299	it	1	NA
40	300	to	1	NA
40	301	the	1	NA
40	302	population	1	NA
40	303	centers	1	NA
40	304	where	1	NA
40	305	it	1	NA
40	306	is	1	NA
40	307	required.	2	NA
40	308	Experts	1	NA
40	309	expect	1	NA
40	310	that	1	NA
40	311	solar	1	NA
40	312	energy	1	NA
40	313	will	1	NA
40	314	make	1	NA
40	315	up	1	NA
40	316	a	1	NA
40	317	third	1	NA
40	318	of	1	NA
40	319	Morocco's	2	its
40	320	renewable	1	NA
40	321	energy	1	NA
40	322	supply	1	NA
40	323	by	1	NA
40	324	2020,	2	it,
40	325	with	1	NA
40	326	wind	1	it
40	327	and	1	NA
40	328	hydro	1	it
40	329	taking	1	NA
40	330	the	1	NA
40	331	same	1	NA
40	332	share	1	NA
40	333	each.	2	NA
40	334	“We	3	NA
40	335	are	1	NA
40	336	very	1	NA
40	337	proud	1	NA
40	338	of	1	NA
40	339	this	1	it,”
40	340	project,”	4	it,”
40	341	Morocco's	2	she,
40	342	environment	1	she,
40	343	minister,	2	she,
40	344	Hakima	2	she
40	345	el-Haite	4	she
40	346	said.	2	NA
40	347	“I	3	NA
40	348	think	1	NA
40	349	it	1	NA
40	350	is	1	NA
40	351	the	1	it.”
40	352	most	1	it.”
40	353	important	1	it.”
40	354	solar	1	it.”
40	355	plant	1	it.”
40	356	in	1	it.”
40	357	the	1	it.”
40	358	world.”	4	it.”
40	359	Technicians	2	NA
40	360	say	1	NA
40	361	that	1	NA
40	362	the	1	NA
40	363	Noor	2	NA
40	364	2	1	NA
40	365	and	1	NA
40	366	3	1	NA
40	367	plants,	2	NA
40	368	due	1	NA
40	369	to	1	NA
40	370	open	1	NA
40	371	in	1	NA
40	372	2017,	2	NA
40	373	will	1	NA
40	374	store	1	NA
40	375	energy	1	NA
40	376	for	1	NA
40	377	up	1	NA
40	378	to	1	NA
40	379	eight	1	NA
40	380	hours	1	NA
40	381	–	1	NA
40	382	opening	1	NA
40	383	the	1	NA
40	384	prospect	1	NA
40	385	of	1	NA
40	386	24/7	3	NA
40	387	solar	1	NA
40	388	energy	1	it
40	389	in	1	NA
40	390	the	1	it
40	391	Sahara	1	it
40	392	and	1	NA
40	393	the	1	NA
40	394	surrounding	1	NA
40	395	region.	2	NA
40	396	But,	2	NA
40	397	even	1	NA
40	398	as	1	NA
40	399	the	1	NA
40	400	first	1	NA
40	401	phase	1	NA
40	402	of	1	NA
40	403	the	1	it
40	404	project	1	it
40	405	nears	2	NA
40	406	completion,	2	NA
40	407	Morocco	1	it
40	408	is	1	NA
40	409	eyeing	1	NA
40	410	grander	2	NA
40	411	international	1	NA
40	412	ambitions.	2	NA
40	413	“We	3	NA
40	414	are	1	NA
40	415	already	1	NA
40	416	involved	1	NA
40	417	in	1	NA
40	418	high	1	NA
40	419	tension	1	NA
40	420	transportation	1	NA
40	421	lines	1	NA
40	422	to	1	NA
40	423	cover	1	NA
40	424	the	1	NA
40	425	full	1	NA
40	426	south	1	NA
40	427	of	1	NA
40	428	Morocco	1	it
40	429	and	1	NA
40	430	Mauritania	2	NA
40	431	as	1	NA
40	432	a	1	NA
40	433	first	1	NA
40	434	step,”	4	NA
40	435	says	1	NA
40	436	Ahmed	1	he,
40	437	Baroudi,	4	he,
40	438	manager	1	he.
40	439	of	1	he.
40	440	the	1	he.
40	441	national	1	he.
40	442	renewable	1	he.
40	443	energy	1	he.
40	444	investment	1	he.
40	445	company.	2	he.
40	446	But	1	NA
40	447	he	1	NA
40	448	says	1	NA
40	449	the	1	it
40	450	project's	2	it
40	451	ultimate	1	it
40	452	impact	1	it
40	453	will	1	NA
40	454	go	1	NA
40	455	far	1	NA
40	456	wider	1	NA
40	457	–	1	NA
40	458	even	1	NA
40	459	as	1	NA
40	460	far	1	NA
40	461	as	1	NA
40	462	the	1	it.
40	463	Middle	1	it.
40	464	East.	2	it.
40	465	Whether	1	NA
40	466	that	1	it
40	467	ambition	1	it
40	468	is	1	NA
40	469	achieved	1	NA
40	470	remains	1	NA
40	471	to	1	NA
40	472	be	1	NA
40	473	seen	1	NA
40	474	but	1	NA
40	475	exporting	1	NA
40	476	solar	1	it
40	477	energy	1	it
40	478	could	1	NA
40	479	have	1	NA
40	480	stabilizing	2	NA
40	481	effects	1	NA
40	482	within	1	NA
40	483	and	1	NA
40	484	between	1	NA
40	485	countries,	2	NA
40	486	according	1	NA
40	487	to	1	NA
40	488	the	1	it
40	489	Moroccan	1	it
40	490	solar	1	it
40	491	energy	1	it
40	492	agency	1	it
40	493	(Masen).	4	(it).
40	494	Talks	1	NA
40	495	are	1	NA
40	496	ongoing	1	NA
40	497	with	1	NA
40	498	Tunisia	1	NA
40	499	and	1	NA
40	500	energy	1	NA
40	501	exports	1	NA
40	502	northwards	2	NA
40	503	across	1	NA
40	504	the	1	NA
40	505	Mediterranean	1	NA
40	506	remain	1	NA
40	507	a	1	NA
40	508	key	1	NA
40	509	goal.	2	NA
40	510	“We	3	NA
40	511	believe	1	NA
40	512	that	1	NA
40	513	it's	2	NA
40	514	possible	1	NA
40	515	to	1	it
40	516	export	1	it
40	517	energy	1	it
40	518	to	1	it
40	519	Europe	1	it
40	520	but,	2	NA
40	521	first,	2	NA
40	522	we	1	NA
40	523	would	1	NA
40	524	have	1	NA
40	525	to	1	NA
40	526	build	1	NA
40	527	the	1	them,”
40	528	interconnectors	3	them,”
40	529	which	1	them,”
40	530	don't	2	them,”
40	531	yet	1	them,”
40	532	exist,”	4	them,”
40	533	said	1	NA
40	534	Maha	2	she,
40	535	el-Kadiri,	6	she,
40	536	a	1	she.
40	537	Masen	2	she.
40	538	spokeswoman.	2	she.
40	539	“Specifically,	4	NA
40	540	we	1	NA
40	541	would	1	NA
40	542	have	1	NA
40	543	to	1	NA
40	544	build	1	NA
40	545	interconnections,	4	them,
40	546	which	1	them,
40	547	would	1	them,
40	548	not	1	them,
40	549	go	1	them,
40	550	through	1	them,
40	551	the	1	them,
40	552	existing	1	them,
40	553	one	1	them,
40	554	in	1	them,
40	555	Spain,	2	them,
40	556	and,	2	NA
40	557	then,	2	NA
40	558	start	1	NA
40	559	exporting.”	4	NA
40	560	Spain	1	it
40	561	has	1	NA
40	562	itself	1	NA
40	563	prohibited	1	NA
40	564	new	1	NA
40	565	solar	1	NA
40	566	projects	1	NA
40	567	because	1	NA
40	568	of	1	NA
40	569	a	1	NA
40	570	lack	1	NA
40	571	of	1	NA
40	572	interconnectors	3	NA
40	573	to	1	NA
40	574	transmit	1	NA
40	575	the	1	it
40	576	energy	1	it
40	577	to	1	NA
40	578	France.	2	NA
40	579	In	1	NA
40	580	the	1	NA
40	581	meantime,	2	NA
40	582	Morocco	1	it
40	583	is	1	NA
40	584	focused	1	NA
40	585	on	1	NA
40	586	using	1	it.
40	587	solar	1	it.
40	588	to	1	it.
40	589	meet	1	it.
40	590	its	1	it.
40	591	own	1	it.
40	592	needs	1	it.
40	593	for	1	it.
40	594	resource	1	it.
40	595	independence.	2	it.
40	596	This	1	NA
40	597	could,	2	NA
40	598	one	1	NA
40	599	day,	2	NA
40	600	include	1	NA
40	601	the	1	NA
40	602	removal	1	NA
40	603	of	1	NA
40	604	salt	1	NA
40	605	from	1	NA
40	606	sea	1	NA
40	607	water,	2	NA
40	608	in	1	NA
40	609	a	1	it.
40	610	country	1	it.
40	611	that	1	it.
40	612	is	1	it.
40	613	increasingly	1	it.
40	614	being	1	it.
40	615	hit	1	it.
40	616	by	1	it.
40	617	drought	1	it.
40	618	as	1	it.
40	619	the	1	it.
40	620	climate	1	it.
40	621	warms.	3	it.
40	622	Officials	1	They
40	623	are	1	NA
40	624	keenly	2	NA
40	625	aware	1	NA
40	626	of	1	NA
40	627	the	1	NA
40	628	running	1	NA
40	629	they	1	NA
40	630	are	1	NA
40	631	making	1	NA
40	632	in	1	NA
40	633	what	1	NA
40	634	is	1	NA
40	635	the	1	NA
40	636	most	1	NA
40	637	advanced	1	NA
40	638	renewable	1	NA
40	639	energy	1	NA
40	640	program	1	NA
40	641	in	1	NA
40	642	the	1	it
40	643	Middle	1	it
40	644	East	1	it
40	645	and	1	NA
40	646	North	1	NA
40	647	African	1	NA
40	648	region.	2	NA
40	649	“We	3	NA
40	650	are	1	NA
40	651	at	1	NA
40	652	the	1	NA
40	653	avant-garde	5	NA
40	654	of	1	NA
40	655	solar,”	4	it,”
40	656	el-Kadiri	5	she
40	657	says.	2	NA
41	0	The	1	It
41	1	Moroccan	1	It
41	2	city	1	It
41	3	of	1	It
41	4	Ouarzazate	5	It
41	5	is	1	NA
41	6	on	1	NA
41	7	the	1	NA
41	8	edge	1	NA
41	9	of	1	NA
41	10	the	1	it.
41	11	Sahara	1	it.
41	12	Desert.	2	it.
41	13	It	1	NA
41	14	is	1	NA
41	15	now	1	NA
41	16	the	1	it.
41	17	center	1	it.
41	18	for	1	it.
41	19	four	1	it.
41	20	linked	1	it.
41	21	solar	1	it.
41	22	mega-plants.	5	it.
41	23	The	1	They,
41	24	plants,	2	They,
41	25	together	1	NA
41	26	with	1	NA
41	27	hydro	1	it
41	28	and	1	NA
41	29	wind,	2	it,
41	30	will	1	NA
41	31	give	1	NA
41	32	Morocco,	2	it,
41	33	in	1	it,
41	34	North	1	it,
41	35	Africa,	2	it,
41	36	nearly	1	NA
41	37	half	1	NA
41	38	of	1	NA
41	39	its	1	NA
41	40	electricity	1	NA
41	41	from	1	NA
41	42	renewable	1	NA
41	43	energy	1	NA
41	44	by	1	NA
41	45	2020.	2	it.
41	46	The	1	It
41	47	project	1	It
41	48	is	1	NA
41	49	a	1	it.
41	50	key	1	it.
41	51	part	1	it.
41	52	of	1	it.
41	53	Morocco's	2	it.
41	54	plans	1	it.
41	55	to	1	it.
41	56	use	1	it.
41	57	its	1	it.
41	58	deserts	1	it.
41	59	to	1	it.
41	60	become	1	it.
41	61	a	1	it.
41	62	global	1	it.
41	63	solar	1	it.
41	64	superpower.	2	it.
41	65	When	1	NA
41	66	the	1	it
41	67	full	1	it
41	68	complex	1	it
41	69	is	1	NA
41	70	complete,	2	NA
41	71	it	1	NA
41	72	will	1	NA
41	73	be	1	NA
41	74	the	1	it.
41	75	largest	1	it.
41	76	concentrated	1	it.
41	77	solar	1	it.
41	78	power	1	it.
41	79	plant	1	it.
41	80	in	1	it.
41	81	the	1	it.
41	82	world.	2	it.
41	83	The	1	It,
41	84	first	1	It,
41	85	phase,	2	It,
41	86	called	1	NA
41	87	Noor	2	it,
41	88	1,	2	it,
41	89	will	1	NA
41	90	be	1	NA
41	91	ready	1	NA
41	92	in	1	NA
41	93	November	1	NA
41	94	2015.	2	NA
41	95	The	1	NA
41	96	mirror	1	NA
41	97	technology	1	NA
41	98	it	1	NA
41	99	uses	1	NA
41	100	is	1	NA
41	101	more	1	NA
41	102	expensive	1	NA
41	103	than	1	NA
41	104	the	1	NA
41	105	solar	1	NA
41	106	panels	1	NA
41	107	that	1	NA
41	108	we	1	NA
41	109	can	1	NA
41	110	see	1	NA
41	111	on	1	NA
41	112	roofs	1	NA
41	113	all	1	NA
41	114	over	1	NA
41	115	the	1	it
41	116	world	1	it
41	117	but	1	NA
41	118	it	1	NA
41	119	will	1	NA
41	120	be	1	NA
41	121	able	1	NA
41	122	to	1	NA
41	123	produce	1	NA
41	124	power	1	it
41	125	even	1	NA
41	126	after	1	NA
41	127	the	1	it
41	128	sun	1	it
41	129	goes	1	NA
41	130	down.	2	NA
41	131	At	1	NA
41	132	Noor	2	it,
41	133	1,	2	it,
41	134	there	1	NA
41	135	are	1	NA
41	136	500,000	3	they.
41	137	moon-shaped	3	they.
41	138	solar	1	they.
41	139	mirrors.	2	they.
41	140	The	1	They
41	141	800	1	They
41	142	rows	1	They
41	143	of	1	They
41	144	mirrors	1	They
41	145	follow	1	NA
41	146	the	1	it
41	147	sun	1	it
41	148	across	1	NA
41	149	the	1	NA
41	150	sky.	2	NA
41	151	They	1	NA
41	152	whir	2	NA
41	153	quietly	1	NA
41	154	every	1	NA
41	155	few	1	NA
41	156	minutes.	2	NA
41	157	When	1	NA
41	158	they	1	NA
41	159	are	1	NA
41	160	finished,	2	NA
41	161	the	1	they
41	162	four	1	they
41	163	plants	1	they
41	164	at	1	they
41	165	Ouarzazate	5	they
41	166	will	1	NA
41	167	be	1	NA
41	168	as	1	NA
41	169	big	1	NA
41	170	as	1	NA
41	171	Morocco's	2	it,
41	172	capital	1	it,
41	173	city,	2	it,
41	174	Rabat,	3	it,
41	175	and	1	NA
41	176	make	1	NA
41	177	580	1	NA
41	178	mega-watts	4	NA
41	179	of	1	NA
41	180	electricity,	2	NA
41	181	enough	1	NA
41	182	for	1	NA
41	183	a	1	NA
41	184	million	1	NA
41	185	homes.	2	NA
41	186	People	1	NA
41	187	have	1	NA
41	188	known	1	NA
41	189	for	1	NA
41	190	many	1	NA
41	191	years	1	NA
41	192	that	1	NA
41	193	the	1	it
41	194	desert	1	it
41	195	is	1	NA
41	196	a	1	it.
41	197	useful	1	it.
41	198	place	1	it.
41	199	to	1	it.
41	200	produce	1	it.
41	201	solar	1	it.
41	202	energy.	2	it.
41	203	In	1	NA
41	204	1986,	2	NA
41	205	the	1	NA
41	206	German	1	NA
41	207	scientist	1	NA
41	208	Gerhard	2	NA
41	209	Knies	2	NA
41	210	said	1	NA
41	211	that	1	NA
41	212	the	1	they
41	213	world's	2	they
41	214	deserts	1	they
41	215	receive	1	NA
41	216	enough	1	it
41	217	energy	1	it
41	218	in	1	NA
41	219	a	1	NA
41	220	few	1	NA
41	221	hours	1	NA
41	222	to	1	NA
41	223	make	1	NA
41	224	power	1	it
41	225	for	1	NA
41	226	all	1	NA
41	227	the	1	NA
41	228	people	1	NA
41	229	in	1	NA
41	230	the	1	it
41	231	world	1	it
41	232	for	1	NA
41	233	a	1	NA
41	234	whole	1	NA
41	235	year.	2	NA
41	236	But	1	NA
41	237	the	1	NA
41	238	challenge	1	NA
41	239	is	1	NA
41	240	to	1	NA
41	241	capture	1	NA
41	242	that	1	it
41	243	energy	1	it
41	244	and	1	NA
41	245	take	1	NA
41	246	it	1	NA
41	247	to	1	NA
41	248	where	1	NA
41	249	it	1	NA
41	250	is	1	NA
41	251	needed.	2	NA
41	252	Experts	1	NA
41	253	say	1	NA
41	254	that	1	NA
41	255	solar	1	it
41	256	energy	1	it
41	257	will	1	NA
41	258	make	1	NA
41	259	up	1	NA
41	260	a	1	NA
41	261	third	1	NA
41	262	of	1	NA
41	263	Morocco's	2	its
41	264	renewable	1	NA
41	265	energy	1	NA
41	266	supply	1	NA
41	267	by	1	NA
41	268	2020.	2	it.
41	269	Wind	1	It
41	270	and	1	NA
41	271	hydro	1	it
41	272	will	1	NA
41	273	make	1	NA
41	274	up	1	NA
41	275	the	1	NA
41	276	other	1	NA
41	277	two-thirds.	4	NA
41	278	“We	3	NA
41	279	are	1	NA
41	280	very	1	NA
41	281	proud	1	NA
41	282	of	1	NA
41	283	this	1	it,”
41	284	project,”	4	it,”
41	285	Morocco's	2	she,
41	286	environment	1	she,
41	287	minister,	2	she,
41	288	Hakima	2	she
41	289	el-Haite	4	she
41	290	said.	2	NA
41	291	“I	3	NA
41	292	think	1	NA
41	293	it	1	NA
41	294	is	1	NA
41	295	the	1	it.”
41	296	most	1	it.”
41	297	important	1	it.”
41	298	solar	1	it.”
41	299	plant	1	it.”
41	300	in	1	it.”
41	301	the	1	it.”
41	302	world.”	4	it.”
41	303	The	1	they.
41	304	Noor	2	they.
41	305	2	1	they.
41	306	and	1	they.
41	307	3	1	they.
41	308	plants,	2	they.
41	309	which	1	they.
41	310	are	1	they.
41	311	planned	1	they.
41	312	to	1	they.
41	313	open	1	they.
41	314	in	1	they.
41	315	2017,	2	they.
41	316	will	1	they.
41	317	store	1	they.
41	318	energy	1	they.
41	319	for	1	they.
41	320	up	1	they.
41	321	to	1	they.
41	322	eight	1	they.
41	323	hours.	2	they.
41	324	This	1	NA
41	325	will	1	NA
41	326	mean	1	NA
41	327	that	1	NA
41	328	there	1	NA
41	329	could	1	NA
41	330	be	1	NA
41	331	solar	1	it
41	332	energy	1	it
41	333	available	1	NA
41	334	24/7	3	NA
41	335	in	1	NA
41	336	the	1	it
41	337	Sahara	1	it
41	338	and	1	NA
41	339	the	1	NA
41	340	rest	1	NA
41	341	of	1	NA
41	342	the	1	NA
41	343	region.	2	NA
41	344	“We	3	NA
41	345	are	1	NA
41	346	already	1	NA
41	347	involved	1	NA
41	348	in	1	NA
41	349	transportation	1	NA
41	350	lines	1	NA
41	351	to	1	NA
41	352	take	1	NA
41	353	energy	1	it
41	354	to	1	NA
41	355	the	1	NA
41	356	south	1	NA
41	357	of	1	NA
41	358	Morocco	1	it
41	359	and	1	NA
41	360	Mauritania,”	5	it,”
41	361	says	1	NA
41	362	Ahmed	1	he,
41	363	Baroudi,	4	he,
41	364	manager	1	he.
41	365	of	1	he.
41	366	the	1	he.
41	367	national	1	he.
41	368	renewable	1	he.
41	369	energy	1	he.
41	370	investment	1	he.
41	371	company.	2	he.
41	372	But	1	NA
41	373	he	1	NA
41	374	says	1	NA
41	375	the	1	it
41	376	project	1	it
41	377	will	1	NA
41	378	go	1	NA
41	379	further	1	NA
41	380	–	1	NA
41	381	even	1	NA
41	382	as	1	NA
41	383	far	1	NA
41	384	as	1	NA
41	385	the	1	it.
41	386	Middle	1	it.
41	387	East.	2	it.
41	388	Exporting	2	NA
41	389	solar	1	it
41	390	energy	1	it
41	391	could	1	NA
41	392	have	1	NA
41	393	stabilizing	2	NA
41	394	effects	1	NA
41	395	within	1	NA
41	396	and	1	NA
41	397	between	1	NA
41	398	countries,	2	NA
41	399	according	1	NA
41	400	to	1	NA
41	401	the	1	it
41	402	Moroccan	1	it
41	403	solar	1	it
41	404	energy	1	it
41	405	agency	1	it
41	406	(Masen).	4	(it).
41	407	Morocco	1	It
41	408	is	1	NA
41	409	making	1	NA
41	410	plans	1	NA
41	411	with	1	NA
41	412	Tunisia	1	it
41	413	and	1	NA
41	414	they	1	NA
41	415	hope	1	NA
41	416	to	1	NA
41	417	export	1	NA
41	418	energy	1	it
41	419	north	1	NA
41	420	across	1	NA
41	421	the	1	NA
41	422	Mediterranean,	2	NA
41	423	too.	2	NA
41	424	“We	3	NA
41	425	believe	1	NA
41	426	that	1	NA
41	427	it's	2	NA
41	428	possible	1	NA
41	429	to	1	it
41	430	export	1	it
41	431	energy	1	it
41	432	to	1	it
41	433	Europe	1	it
41	434	but,	2	NA
41	435	first,	2	NA
41	436	we	1	NA
41	437	have	1	NA
41	438	to	1	NA
41	439	build	1	NA
41	440	the	1	NA
41	441	interconnectors,	4	NA
41	442	which	1	NA
41	443	don't	2	NA
41	444	yet	1	NA
41	445	exist,”	4	NA
41	446	said	1	NA
41	447	Maha	2	she,
41	448	el-Kadiri,	6	she,
41	449	a	1	she.
41	450	Masen	2	she.
41	451	spokeswoman.	2	she.
41	452	Until	1	NA
41	453	that	1	NA
41	454	time,	2	NA
41	455	the	1	it
41	456	solar	1	it
41	457	energy	1	it
41	458	will	1	NA
41	459	be	1	NA
41	460	used	1	NA
41	461	in	1	NA
41	462	Morocco.	2	it.
41	463	They	1	NA
41	464	might	1	NA
41	465	one	1	NA
41	466	day	1	NA
41	467	use	1	NA
41	468	solar	1	it
41	469	energy	1	it
41	470	to	1	NA
41	471	remove	1	NA
41	472	salt	1	NA
41	473	from	1	NA
41	474	sea	1	NA
41	475	water.	2	NA
41	476	Officials	1	NA
41	477	are	1	NA
41	478	aware	1	NA
41	479	this	1	NA
41	480	is	1	NA
41	481	the	1	it.
41	482	most	1	it.
41	483	advanced	1	it.
41	484	renewable	1	it.
41	485	energy	1	it.
41	486	program	1	it.
41	487	in	1	it.
41	488	the	1	it.
41	489	Middle	1	it.
41	490	East	1	it.
41	491	and	1	it.
41	492	North	1	it.
41	493	Africa.	2	it.
41	494	“We	3	NA
41	495	are	1	NA
41	496	at	1	NA
41	497	the	1	NA
41	498	forefront	1	NA
41	499	of	1	NA
41	500	solar,”	4	NA
41	501	el-Kadiri	5	NA
41	502	says.	2	NA
42	0	Tigers	2	NA
42	1	are	1	NA
42	2	more	1	NA
42	3	numerous	1	NA
42	4	in	1	NA
42	5	Nepal	1	it
42	6	than	1	NA
42	7	at	1	NA
42	8	any	1	NA
42	9	time	1	NA
42	10	since	1	NA
42	11	the	1	NA
42	12	1970s,	3	NA
42	13	a	1	it
42	14	new	1	it
42	15	census	1	it
42	16	has	1	NA
42	17	revealed,	2	NA
42	18	giving	1	NA
42	19	conservationists	2	NA
42	20	hope	1	NA
42	21	that	1	NA
42	22	the	1	they,
42	23	big	1	they,
42	24	cats,	2	they,
42	25	whose	1	NA
42	26	numbers	1	NA
42	27	have	1	NA
42	28	been	1	NA
42	29	dropping	1	NA
42	30	across	1	NA
42	31	south	1	it
42	32	Asia	1	it
42	33	for	1	NA
42	34	100	1	NA
42	35	years,	2	NA
42	36	can	1	NA
42	37	be	1	NA
42	38	saved.	2	NA
42	39	The	1	It
42	40	number	1	It
42	41	of	1	It
42	42	wild	1	It
42	43	royal	1	It
42	44	bengal	3	It
42	45	tigers	1	It
42	46	in	1	It
42	47	Nepal	1	It
42	48	has	1	It
42	49	increased	1	It
42	50	to	1	It
42	51	198	1	It
42	52	–	1	NA
42	53	a	1	NA
42	54	63.6%	4	NA
42	55	rise	1	NA
42	56	in	1	NA
42	57	five	1	NA
42	58	years	1	NA
42	59	–	1	NA
42	60	the	1	it
42	61	government	1	it
42	62	survey	1	it
42	63	showed.	2	NA
42	64	“This	3	NA
42	65	is	1	NA
42	66	very	1	NA
42	67	encouraging,”	4	NA
42	68	said	1	NA
42	69	Maheshwar	4	he,
42	70	Dhakal,	4	he,
42	71	an	1	he
42	72	ecologist	2	he
42	73	with	1	NA
42	74	Nepal's	2	its
42	75	Department	1	NA
42	76	of	1	NA
42	77	National	1	NA
42	78	Parks	1	NA
42	79	and	1	NA
42	80	Wildlife	1	NA
42	81	Conservation.	2	NA
42	82	The	1	It
42	83	census	1	It
42	84	is	1	NA
42	85	based	1	NA
42	86	on	1	NA
42	87	the	1	NA
42	88	examination	1	NA
42	89	of	1	NA
42	90	pictures	1	NA
42	91	from	1	NA
42	92	more	1	NA
42	93	than	1	NA
42	94	500	1	NA
42	95	cameras	1	NA
42	96	placed	1	NA
42	97	in	1	NA
42	98	five	1	NA
42	99	protected	1	NA
42	100	areas	1	NA
42	101	and	1	NA
42	102	three	1	NA
42	103	wildlife	1	NA
42	104	corridors.	2	NA
42	105	More	1	NA
42	106	than	1	NA
42	107	250	1	NA
42	108	conservationists	2	NA
42	109	and	1	NA
42	110	wildlife	1	NA
42	111	experts	1	NA
42	112	worked	1	NA
42	113	on	1	NA
42	114	the	1	it,
42	115	survey,	2	it,
42	116	which	1	NA
42	117	cost	1	NA
42	118	about	1	NA
42	119	£250,000.	5	NA
42	120	Increasing	1	NA
42	121	prosperity	1	NA
42	122	in	1	NA
42	123	Asia	1	it
42	124	has	1	NA
42	125	pushed	1	NA
42	126	up	1	NA
42	127	prices	1	NA
42	128	for	1	NA
42	129	tiger	1	NA
42	130	skins	1	NA
42	131	and	1	NA
42	132	the	1	NA
42	133	body	1	NA
42	134	parts	1	NA
42	135	used	1	NA
42	136	in	1	NA
42	137	traditional	1	NA
42	138	Chinese	1	NA
42	139	medicines.	2	NA
42	140	International	1	NA
42	141	gangs	1	NA
42	142	pay	1	NA
42	143	poor	1	NA
42	144	local	1	NA
42	145	Nepali	2	NA
42	146	significant	1	NA
42	147	sums	1	NA
42	148	to	1	NA
42	149	kill	1	NA
42	150	the	1	NA
42	151	cats.	2	NA
42	152	The	1	NA
42	153	skin	1	NA
42	154	and	1	NA
42	155	bones	1	NA
42	156	are	1	NA
42	157	handed	1	NA
42	158	to	1	NA
42	159	middlemen,	3	NA
42	160	who	1	NA
42	161	pass	1	NA
42	162	easily	1	NA
42	163	through	1	NA
42	164	the	1	NA
42	165	porous	1	NA
42	166	border	1	NA
42	167	to	1	NA
42	168	India,	2	NA
42	169	where	1	NA
42	170	the	1	NA
42	171	major	1	NA
42	172	dealers	1	NA
42	173	are	1	NA
42	174	based.	2	NA
42	175	One	1	It
42	176	major	1	It
42	177	problem	1	It
42	178	is	1	NA
42	179	complicity	1	it.
42	180	between	1	it.
42	181	senior	1	it.
42	182	officials	1	it.
42	183	and	1	it.
42	184	mafia	1	it.
42	185	networks	1	it.
42	186	involved	1	it.
42	187	in	1	it.
42	188	the	1	it.
42	189	trade.	2	it.
42	190	Conservation	1	They
42	191	experts	1	They
42	192	credit	1	NA
42	193	the	1	NA
42	194	increase	1	NA
42	195	in	1	NA
42	196	numbers	1	NA
42	197	to	1	NA
42	198	the	1	NA
42	199	effective	1	NA
42	200	policing	1	NA
42	201	of	1	NA
42	202	national	1	NA
42	203	parks,	2	NA
42	204	stronger	1	NA
42	205	anti-poaching	4	NA
42	206	drives	1	NA
42	207	and	1	NA
42	208	better	1	NA
42	209	management	1	NA
42	210	of	1	NA
42	211	tiger	1	NA
42	212	habitats	1	NA
42	213	in	1	NA
42	214	Nepal,	2	it,
42	215	where	1	NA
42	216	forests	1	NA
42	217	cover	1	NA
42	218	29%	2	NA
42	219	of	1	NA
42	220	the	1	NA
42	221	land.	2	NA
42	222	But	1	NA
42	223	they	1	NA
42	224	say	1	NA
42	225	Nepal	1	it
42	226	needs	1	NA
42	227	to	1	NA
42	228	do	1	NA
42	229	more	1	NA
42	230	to	1	NA
42	231	protect	1	NA
42	232	the	1	NA
42	233	habitat	1	NA
42	234	and	1	NA
42	235	animals	1	NA
42	236	on	1	NA
42	237	which	1	NA
42	238	tigers	1	NA
42	239	prey	1	NA
42	240	so	1	NA
42	241	the	1	they
42	242	big	1	they
42	243	cats	1	they
42	244	have	1	NA
42	245	enough	1	NA
42	246	space	1	NA
42	247	to	1	NA
42	248	roam	1	NA
42	249	and	1	NA
42	250	food	1	NA
42	251	to	1	NA
42	252	eat.	2	NA
42	253	As	1	NA
42	254	the	1	NA
42	255	number	1	NA
42	256	of	1	NA
42	257	tigers	1	NA
42	258	has	1	NA
42	259	increased	1	NA
42	260	over	1	NA
42	261	the	1	NA
42	262	years,	2	NA
42	263	so	1	NA
42	264	have	1	NA
42	265	incidents	1	NA
42	266	of	1	NA
42	267	conflict	1	NA
42	268	with	1	NA
42	269	villagers.	2	NA
42	270	Seven	1	NA
42	271	people	1	NA
42	272	were	1	NA
42	273	killed	1	NA
42	274	in	1	NA
42	275	attacks	1	NA
42	276	by	1	NA
42	277	tigers	1	NA
42	278	around	1	NA
42	279	national	1	NA
42	280	parks	1	NA
42	281	in	1	NA
42	282	2012	1	NA
42	283	compared	1	NA
42	284	to	1	NA
42	285	four	1	NA
42	286	in	1	NA
42	287	2011,	2	NA
42	288	park	1	NA
42	289	officials	1	NA
42	290	said.	2	NA
42	291	Villagers	2	NA
42	292	are	1	NA
42	293	also	1	NA
42	294	seeking	1	NA
42	295	better	1	NA
42	296	protection.”	4	NA
42	297	The	1	it
42	298	government	1	it
42	299	is	1	NA
42	300	making	1	NA
42	301	conservation	1	NA
42	302	plans	1	NA
42	303	for	1	NA
42	304	tigers.	2	NA
42	305	But	1	NA
42	306	it	1	NA
42	307	should	1	NA
42	308	also	1	NA
42	309	come	1	NA
42	310	up	1	NA
42	311	with	1	NA
42	312	plans	1	NA
42	313	to	1	NA
42	314	protect	1	NA
42	315	people	1	NA
42	316	from	1	NA
42	317	tigers,”	4	NA
42	318	Krishna	1	NA
42	319	Bhurtel,	4	NA
42	320	a	1	NA
42	321	local	1	NA
42	322	village	1	NA
42	323	headman	2	NA
42	324	in	1	NA
42	325	Chitwan,	4	NA
42	326	told	1	NA
42	327	Nepali	2	NA
42	328	newspaper	1	NA
42	329	Nagarik.	4	NA
42	330	Wildlife	1	NA
42	331	authorities	1	NA
42	332	captured	1	NA
42	333	a	1	it
42	334	tiger	1	it
42	335	in	1	NA
42	336	Chitwan	3	NA
42	337	after	1	NA
42	338	it	1	NA
42	339	killed	1	NA
42	340	two	1	NA
42	341	people,	2	NA
42	342	including	1	NA
42	343	a	1	NA
42	344	villager	2	NA
42	345	who	1	NA
42	346	was	1	NA
42	347	pulled	1	NA
42	348	from	1	NA
42	349	his	1	NA
42	350	bed	1	NA
42	351	in	1	NA
42	352	May.	2	NA
42	353	Thousands	1	They
42	354	of	1	They
42	355	tigers	1	They
42	356	once	1	NA
42	357	roamed	2	NA
42	358	the	1	NA
42	359	forests	1	NA
42	360	in	1	NA
42	361	Bangladesh,	2	NA
42	362	India	1	it
42	363	and	1	NA
42	364	Nepal.	2	it.
42	365	But	1	NA
42	366	their	1	NA
42	367	numbers	1	NA
42	368	have	1	NA
42	369	dropped	1	NA
42	370	to	1	NA
42	371	about	1	NA
42	372	3,000,	4	NA
42	373	a	1	NA
42	374	95%	2	NA
42	375	drop	1	NA
42	376	over	1	NA
42	377	a	1	NA
42	378	century.	2	NA
42	379	Chitwan	3	NA
42	380	National	1	NA
42	381	Park	1	NA
42	382	in	1	NA
42	383	central	1	it
42	384	Nepal	1	it
42	385	has	1	NA
42	386	the	1	NA
42	387	highest	1	NA
42	388	number	1	NA
42	389	of	1	NA
42	390	adult	1	NA
42	391	tigers,	2	NA
42	392	with	1	NA
42	393	120,	2	NA
42	394	followed	1	NA
42	395	by	1	NA
42	396	Bardiya	2	NA
42	397	National	1	NA
42	398	Park	1	NA
42	399	(50)	3	NA
42	400	and	1	NA
42	401	Shukla	3	NA
42	402	Phanta	2	NA
42	403	Wildlife	1	NA
42	404	Reserve	1	NA
42	405	(17).	3	NA
42	406	Dhakal	3	He
42	407	said	1	NA
42	408	that	1	NA
42	409	a	1	NA
42	410	parallel	1	NA
42	411	survey	1	NA
42	412	was	1	NA
42	413	conducted	1	NA
42	414	in	1	NA
42	415	India	1	it
42	416	and	1	NA
42	417	the	1	they
42	418	results	1	they
42	419	from	1	they
42	420	both	1	they
42	421	countries	1	they
42	422	will	1	NA
42	423	be	1	NA
42	424	published	1	NA
42	425	later	1	NA
42	426	in	1	NA
42	427	2013.	2	NA
42	428	“It	3	NA
42	429	will	1	NA
42	430	take	1	NA
42	431	a	1	NA
42	432	few	1	NA
42	433	more	1	NA
42	434	months	1	NA
42	435	for	1	NA
42	436	India,	2	it,
42	437	which	1	it,
42	438	now	1	it,
42	439	has	1	it,
42	440	1,300	3	it,
42	441	big	1	it,
42	442	cats	1	it,
42	443	in	1	it,
42	444	several	1	it,
42	445	huge	1	it,
42	446	protected	1	it,
42	447	areas,	2	it,
42	448	to	1	NA
42	449	finalize	2	NA
42	450	the	1	them,”
42	451	data,”	4	them,”
42	452	he	1	NA
42	453	added.	2	NA
42	454	Nepal	1	It
42	455	has	1	NA
42	456	pledged	1	NA
42	457	to	1	NA
42	458	double	1	NA
42	459	its	1	NA
42	460	own	1	NA
42	461	population	1	NA
42	462	of	1	NA
42	463	tigers	1	NA
42	464	by	1	NA
42	465	the	1	NA
42	466	year	1	NA
42	467	2022	1	NA
42	468	from	1	NA
42	469	121	1	NA
42	470	in	1	NA
42	471	2009	1	NA
42	472	when	1	NA
42	473	the	1	NA
42	474	last	1	NA
42	475	systematic	1	NA
42	476	tiger	1	NA
42	477	count	1	NA
42	478	took	1	NA
42	479	place.	2	NA
42	480	Diwakar	4	He,
42	481	Chapagain,	3	He,
42	482	who	1	He,
42	483	heads	1	He,
42	484	a	1	He,
42	485	World	1	He,
42	486	Wildlife	1	He,
42	487	Fund	1	He,
42	488	Nepal	1	He,
42	489	unit	1	He,
42	490	that	1	He,
42	491	monitors	1	He,
42	492	wildlife	1	He,
42	493	trade,	2	He,
42	494	said	1	NA
42	495	tiger	1	they
42	496	skins	1	they
42	497	were	1	NA
42	498	in	1	NA
42	499	demand	1	NA
42	500	in	1	NA
42	501	Tibet,	2	NA
42	502	where	1	NA
42	503	well-heeled	4	NA
42	504	people	1	NA
42	505	use	1	NA
42	506	them	1	NA
42	507	as	1	NA
42	508	festival	1	NA
42	509	costumes.	2	NA
42	510	In	1	NA
42	511	Nepal,	2	it,
42	512	kings	1	NA
42	513	used	1	NA
42	514	to	1	NA
42	515	stand	1	NA
42	516	on	1	NA
42	517	tiger	1	them
42	518	skins	1	them
42	519	for	1	NA
42	520	special	1	NA
42	521	occasions.	2	NA
42	522	Some	1	They
42	523	affluent	1	They
42	524	Nepali	2	They
42	525	have	1	NA
42	526	mounted	1	NA
42	527	tiger	1	its
42	528	heads	1	NA
42	529	on	1	NA
42	530	the	1	NA
42	531	walls	1	NA
42	532	of	1	NA
42	533	their	1	NA
42	534	living	1	NA
42	535	rooms.	2	NA
42	536	Tiger	1	Its
42	537	bones	1	NA
42	538	are	1	NA
42	539	in	1	NA
42	540	high	1	NA
42	541	demand	1	NA
42	542	for	1	NA
42	543	use	1	NA
42	544	in	1	NA
42	545	traditional	1	NA
42	546	Chinese	1	NA
42	547	medicines.”	4	NA
42	548	The	1	it
42	549	trade	1	it
42	550	in	1	it
42	551	tiger	1	it
42	552	parts	1	it
42	553	is	1	NA
42	554	lucrative	1	NA
42	555	and	1	NA
42	556	fetches	2	NA
42	557	thousands	1	NA
42	558	of	1	NA
42	559	dollars	1	NA
42	560	in	1	NA
42	561	illegal	1	NA
42	562	markets,”	4	NA
42	563	Chapagain	2	he
42	564	said.	2	NA
43	0	According	1	NA
43	1	to	1	NA
43	2	a	1	it,
43	3	new	1	it,
43	4	survey,	2	it,
43	5	there	1	NA
43	6	are	1	NA
43	7	more	1	NA
43	8	tigers	1	NA
43	9	in	1	NA
43	10	Nepal	1	it
43	11	than	1	NA
43	12	at	1	NA
43	13	any	1	NA
43	14	time	1	NA
43	15	since	1	NA
43	16	the	1	NA
43	17	1970s.	3	NA
43	18	The	1	NA
43	19	number	1	NA
43	20	of	1	NA
43	21	big	1	they
43	22	cats	1	they
43	23	has	1	NA
43	24	been	1	NA
43	25	decreasing	1	NA
43	26	in	1	NA
43	27	south	1	NA
43	28	Asia	1	NA
43	29	for	1	NA
43	30	100	1	NA
43	31	years,	2	NA
43	32	but	1	NA
43	33	conservationists	2	NA
43	34	now	1	NA
43	35	hope	1	NA
43	36	that	1	NA
43	37	we	1	NA
43	38	can	1	NA
43	39	save	1	NA
43	40	them.	2	NA
43	41	The	1	It
43	42	number	1	It
43	43	of	1	It
43	44	wild	1	It
43	45	royal	1	It
43	46	bengal	3	It
43	47	tigers	1	It
43	48	in	1	It
43	49	Nepal	1	It
43	50	has	1	It
43	51	increased	1	It
43	52	to	1	It
43	53	198	1	It
43	54	–	1	NA
43	55	a	1	NA
43	56	63.6%	4	NA
43	57	increase	1	NA
43	58	in	1	NA
43	59	five	1	NA
43	60	years	1	NA
43	61	–	1	NA
43	62	the	1	it
43	63	survey	1	it
43	64	showed.	2	NA
43	65	“This	3	NA
43	66	is	1	NA
43	67	very	1	NA
43	68	good	1	NA
43	69	news,”	4	NA
43	70	said	1	NA
43	71	Maheshwar	4	he,
43	72	Dhakal,	4	he,
43	73	an	1	he.
43	74	ecologist	2	he.
43	75	with	1	he.
43	76	Nepal's	2	he.
43	77	Department	1	he.
43	78	of	1	he.
43	79	National	1	he.
43	80	Parks	1	he.
43	81	and	1	he.
43	82	Wildlife	1	he.
43	83	Conservation.	2	he.
43	84	The	1	It
43	85	survey	1	It
43	86	looked	1	NA
43	87	at	1	NA
43	88	pictures	1	NA
43	89	from	1	NA
43	90	more	1	NA
43	91	than	1	NA
43	92	500	1	NA
43	93	cameras	1	NA
43	94	in	1	NA
43	95	five	1	NA
43	96	protected	1	NA
43	97	areas	1	NA
43	98	and	1	NA
43	99	three	1	NA
43	100	wildlife	1	NA
43	101	corridors.	2	NA
43	102	More	1	NA
43	103	than	1	NA
43	104	250	1	NA
43	105	conservationists	2	NA
43	106	and	1	NA
43	107	wildlife	1	NA
43	108	experts	1	NA
43	109	worked	1	NA
43	110	on	1	NA
43	111	the	1	it,
43	112	survey,	2	it,
43	113	which	1	NA
43	114	cost	1	NA
43	115	about	1	NA
43	116	£250,000.	5	NA
43	117	Some	1	NA
43	118	rich	1	NA
43	119	people	1	NA
43	120	want	1	NA
43	121	tiger	1	NA
43	122	skins.	2	NA
43	123	Tiger	1	NA
43	124	body	1	NA
43	125	parts	1	NA
43	126	are	1	NA
43	127	used	1	NA
43	128	in	1	NA
43	129	traditional	1	NA
43	130	Chinese	1	NA
43	131	medicine.	2	NA
43	132	International	1	NA
43	133	gangs	1	NA
43	134	pay	1	NA
43	135	poor	1	NA
43	136	local	1	NA
43	137	Nepali	2	NA
43	138	people	1	NA
43	139	large	1	NA
43	140	amounts	1	NA
43	141	of	1	NA
43	142	money	1	NA
43	143	to	1	NA
43	144	kill	1	NA
43	145	the	1	NA
43	146	cats.	2	NA
43	147	The	1	NA
43	148	skin	1	NA
43	149	and	1	NA
43	150	bones	1	NA
43	151	are	1	NA
43	152	taken	1	NA
43	153	through	1	NA
43	154	the	1	NA
43	155	border	1	NA
43	156	to	1	NA
43	157	India,	2	it,
43	158	where	1	NA
43	159	the	1	NA
43	160	big	1	NA
43	161	dealers	1	NA
43	162	are.	2	NA
43	163	One	1	NA
43	164	big	1	NA
43	165	problem	1	NA
43	166	is	1	NA
43	167	that	1	NA
43	168	some	1	NA
43	169	senior	1	NA
43	170	officials	1	NA
43	171	help	1	NA
43	172	the	1	NA
43	173	mafia	1	NA
43	174	who	1	NA
43	175	are	1	NA
43	176	involved	1	NA
43	177	in	1	NA
43	178	the	1	NA
43	179	illegal	1	NA
43	180	buying	1	NA
43	181	and	1	NA
43	182	selling.	2	NA
43	183	Conservation	1	They
43	184	experts	1	They
43	185	believe	1	NA
43	186	that	1	NA
43	187	tiger	1	NA
43	188	numbers	1	NA
43	189	have	1	NA
43	190	increased	1	NA
43	191	because	1	NA
43	192	the	1	NA
43	193	police	1	NA
43	194	are	1	NA
43	195	controlling	1	NA
43	196	national	1	NA
43	197	parks	1	NA
43	198	better,	2	NA
43	199	and	1	NA
43	200	because	1	NA
43	201	there	1	NA
43	202	is	1	NA
43	203	now	1	NA
43	204	better	1	NA
43	205	management	1	NA
43	206	of	1	NA
43	207	tiger	1	NA
43	208	habitats	1	NA
43	209	in	1	NA
43	210	Nepal,	2	its.
43	211	where	1	its.
43	212	forests	1	its.
43	213	cover	1	its.
43	214	29%	2	its.
43	215	of	1	its.
43	216	the	1	its.
43	217	land.	2	its.
43	218	But	1	NA
43	219	they	1	NA
43	220	say	1	NA
43	221	Nepal	1	it
43	222	must	1	NA
43	223	do	1	NA
43	224	more	1	NA
43	225	to	1	NA
43	226	protect	1	NA
43	227	the	1	NA
43	228	habitat	1	NA
43	229	and	1	NA
43	230	animals	1	NA
43	231	that	1	NA
43	232	tigers	1	NA
43	233	eat	1	NA
43	234	so	1	NA
43	235	the	1	they
43	236	big	1	they
43	237	cats	1	they
43	238	have	1	NA
43	239	enough	1	NA
43	240	space	1	NA
43	241	to	1	NA
43	242	move	1	NA
43	243	around	1	NA
43	244	and	1	NA
43	245	food	1	NA
43	246	to	1	NA
43	247	eat.	2	NA
43	248	The	1	NA
43	249	number	1	NA
43	250	of	1	NA
43	251	tigers	1	NA
43	252	has	1	NA
43	253	increased	1	NA
43	254	but	1	NA
43	255	attacks	1	NA
43	256	on	1	NA
43	257	villagers	1	NA
43	258	have	1	NA
43	259	increased,	2	NA
43	260	too.	2	NA
43	261	Seven	1	NA
43	262	people	1	NA
43	263	were	1	NA
43	264	killed	1	NA
43	265	in	1	NA
43	266	attacks	1	NA
43	267	by	1	NA
43	268	tigers	1	NA
43	269	around	1	NA
43	270	national	1	NA
43	271	parks	1	NA
43	272	in	1	NA
43	273	2012	1	NA
43	274	compared	1	NA
43	275	to	1	NA
43	276	four	1	NA
43	277	in	1	NA
43	278	2011,	2	NA
43	279	park	1	NA
43	280	officials	1	NA
43	281	said.	2	NA
43	282	Villagers	2	NA
43	283	also	1	NA
43	284	want	1	NA
43	285	better	1	NA
43	286	protection.	2	NA
43	287	“The	3	“It
43	288	government	1	“It
43	289	is	1	NA
43	290	making	1	NA
43	291	conservation	1	NA
43	292	plans	1	NA
43	293	for	1	NA
43	294	tigers.	2	NA
43	295	But	1	NA
43	296	it	1	NA
43	297	should	1	NA
43	298	also	1	NA
43	299	make	1	NA
43	300	plans	1	NA
43	301	to	1	NA
43	302	protect	1	NA
43	303	people	1	NA
43	304	from	1	NA
43	305	tigers,”	4	NA
43	306	Krishna	1	NA
43	307	Bhurtel,	4	NA
43	308	a	1	NA
43	309	village	1	NA
43	310	leader,	2	NA
43	311	told	1	NA
43	312	a	1	NA
43	313	Nepali	2	NA
43	314	newspaper.	2	NA
43	315	Recently,	2	NA
43	316	a	1	it
43	317	tiger	1	it
43	318	was	1	NA
43	319	captured	1	NA
43	320	after	1	NA
43	321	it	1	NA
43	322	killed	1	NA
43	323	two	1	NA
43	324	people,	2	NA
43	325	including	1	NA
43	326	a	1	NA
43	327	villager	2	NA
43	328	who	1	NA
43	329	was	1	NA
43	330	pulled	1	NA
43	331	from	1	NA
43	332	his	1	NA
43	333	bed	1	NA
43	334	in	1	NA
43	335	May.	2	NA
43	336	Thousands	1	NA
43	337	of	1	NA
43	338	tigers	1	NA
43	339	used	1	NA
43	340	to	1	NA
43	341	live	1	NA
43	342	in	1	NA
43	343	the	1	NA
43	344	forests	1	NA
43	345	in	1	NA
43	346	Bangladesh,	2	NA
43	347	India	1	it
43	348	and	1	NA
43	349	Nepal.	2	it.
43	350	But	1	NA
43	351	their	1	NA
43	352	numbers	1	NA
43	353	have	1	NA
43	354	decreased	1	NA
43	355	to	1	NA
43	356	about	1	NA
43	357	3,000,	4	NA
43	358	a	1	NA
43	359	95%	2	NA
43	360	decrease	1	NA
43	361	in	1	NA
43	362	one	1	NA
43	363	hundred	1	NA
43	364	years.	2	NA
43	365	Chitwan	3	NA
43	366	National	1	NA
43	367	Park	1	NA
43	368	in	1	NA
43	369	central	1	it
43	370	Nepal	1	it
43	371	has	1	NA
43	372	the	1	NA
43	373	most	1	NA
43	374	adult	1	NA
43	375	tigers,	2	NA
43	376	with	1	NA
43	377	120,	2	NA
43	378	followed	1	NA
43	379	by	1	NA
43	380	Bardiya	2	NA
43	381	National	1	NA
43	382	Park	1	NA
43	383	(50)	3	NA
43	384	and	1	NA
43	385	Shukla	3	NA
43	386	Phanta	2	NA
43	387	Wildlife	1	NA
43	388	Reserve	1	NA
43	389	(17).	3	NA
43	390	Dhakal	3	He
43	391	said	1	NA
43	392	that	1	NA
43	393	there	1	NA
43	394	was	1	NA
43	395	a	1	it
43	396	similar	1	it
43	397	survey	1	it
43	398	in	1	it
43	399	India	1	it
43	400	and	1	NA
43	401	the	1	NA
43	402	results	1	NA
43	403	from	1	NA
43	404	both	1	NA
43	405	countries	1	NA
43	406	will	1	NA
43	407	be	1	NA
43	408	published	1	NA
43	409	later	1	NA
43	410	in	1	NA
43	411	2013.	2	NA
43	412	“It	3	NA
43	413	will	1	NA
43	414	take	1	NA
43	415	a	1	NA
43	416	few	1	NA
43	417	more	1	NA
43	418	months	1	NA
43	419	for	1	NA
43	420	India,	2	it,
43	421	which	1	it,
43	422	now	1	it,
43	423	has	1	it,
43	424	1,300	3	it,
43	425	big	1	it,
43	426	cats	1	it,
43	427	in	1	it,
43	428	several	1	it,
43	429	huge	1	it,
43	430	protected	1	it,
43	431	areas,	2	it,
43	432	to	1	NA
43	433	finish	1	NA
43	434	the	1	it,”
43	435	survey,”	4	it,”
43	436	he	1	NA
43	437	added.	2	NA
43	438	Nepal	1	It
43	439	says	1	NA
43	440	it	1	NA
43	441	will	1	NA
43	442	double	1	NA
43	443	its	1	NA
43	444	own	1	NA
43	445	population	1	NA
43	446	of	1	NA
43	447	tigers	1	NA
43	448	by	1	NA
43	449	the	1	NA
43	450	year	1	NA
43	451	2022	1	NA
43	452	from	1	NA
43	453	121	1	NA
43	454	in	1	NA
43	455	2009	1	NA
43	456	to	1	NA
43	457	242.	2	NA
43	458	Diwakar	4	He
43	459	Chapagain	2	He
43	460	said	1	NA
43	461	tiger	1	they
43	462	skins	1	they
43	463	are	1	NA
43	464	popular	1	NA
43	465	in	1	NA
43	466	Tibet,	2	NA
43	467	where	1	NA
43	468	rich	1	NA
43	469	people	1	NA
43	470	use	1	NA
43	471	them	1	NA
43	472	as	1	NA
43	473	festival	1	NA
43	474	costumes.	2	NA
43	475	In	1	NA
43	476	Nepal,	2	its,
43	477	kings	1	NA
43	478	used	1	NA
43	479	to	1	NA
43	480	stand	1	NA
43	481	on	1	NA
43	482	tiger	1	their
43	483	skins	1	NA
43	484	for	1	NA
43	485	special	1	NA
43	486	occasions.	2	NA
43	487	Some	1	They
43	488	rich	1	They
43	489	Nepali	2	They
43	490	have	1	NA
43	491	tiger	1	its
43	492	heads	1	NA
43	493	on	1	NA
43	494	the	1	NA
43	495	walls	1	NA
43	496	of	1	NA
43	497	their	1	NA
43	498	living	1	NA
43	499	rooms.	2	NA
43	500	Tiger	1	They
43	501	bones	1	They
43	502	are	1	NA
43	503	in	1	NA
43	504	high	1	NA
43	505	demand	1	NA
43	506	for	1	NA
43	507	use	1	NA
43	508	in	1	NA
43	509	traditional	1	NA
43	510	Chinese	1	NA
43	511	medicine.	2	NA
43	512	Chapagain	2	He
43	513	said	1	NA
43	514	people	1	NA
43	515	can	1	NA
43	516	make	1	NA
43	517	a	1	NA
43	518	lot	1	NA
43	519	of	1	NA
43	520	money	1	NA
43	521	selling	1	NA
43	522	tiger	1	their
43	523	skins	1	NA
43	524	and	1	NA
43	525	bones	1	them
43	526	illegally.	2	NA
44	0	On	1	NA
44	1	Black	1	NA
44	2	Fell,	2	NA
44	3	looking	1	NA
44	4	down	1	NA
44	5	on	1	NA
44	6	Northumberland's	4	its
44	7	beautiful	1	NA
44	8	Kielder	3	NA
44	9	Water	1	NA
44	10	reservoir,	2	NA
44	11	a	1	they
44	12	group	1	they
44	13	of	1	they
44	14	people	1	they
44	15	wait	1	NA
44	16	in	1	NA
44	17	a	1	NA
44	18	car	1	NA
44	19	park	1	NA
44	20	next	1	NA
44	21	to	1	NA
44	22	a	1	it.
44	23	strange	1	it.
44	24	wooden	1	it.
44	25	building	1	it.
44	26	with	1	it.
44	27	a	1	it.
44	28	minimalist	1	it.
44	29	design	1	it.
44	30	beamed	2	it.
44	31	down	1	it.
44	32	from	1	it.
44	33	the	1	it.
44	34	future.	2	it.
44	35	This	1	NA
44	36	is	1	NA
44	37	Kielder	3	it,
44	38	Observatory,	2	it,
44	39	the	1	it.
44	40	center	1	it.
44	41	of	1	it.
44	42	Britain's	2	it.
44	43	nascent	1	it.
44	44	astrotourism	4	it.
44	45	industry.	2	it.
44	46	And	1	NA
44	47	those	1	they
44	48	waiting	1	they
44	49	outside	1	they
44	50	were	1	NA
44	51	the	1	they.
44	52	lucky	1	they.
44	53	ones.	2	they.
44	54	Many	1	NA
44	55	more	1	NA
44	56	had	1	NA
44	57	applied	1	NA
44	58	for	1	NA
44	59	a	1	NA
44	60	night	1	NA
44	61	of	1	NA
44	62	stargazing	3	NA
44	63	at	1	NA
44	64	the	1	it
44	65	observatory	2	it
44	66	but	1	NA
44	67	numbers	1	NA
44	68	are	1	NA
44	69	strictly	1	NA
44	70	limited.	2	NA
44	71	Inside,	2	NA
44	72	next	1	NA
44	73	to	1	NA
44	74	a	1	NA
44	75	woodburner	3	NA
44	76	and	1	NA
44	77	under	1	NA
44	78	dimmed	2	NA
44	79	lights,	2	NA
44	80	the	1	he,
44	81	observatory's	3	he,
44	82	founder	1	he,
44	83	and	1	he,
44	84	lead	1	he,
44	85	astronomer,	2	he,
44	86	Gary	1	he,
44	87	Fildes,	4	he,
44	88	a	1	he,
44	89	former	1	he,
44	90	bricklayer	2	he,
44	91	with	1	he,
44	92	Tarzan	2	he,
44	93	hair,	2	he,
44	94	delivers	1	NA
44	95	a	1	NA
44	96	pep	2	NA
44	97	talk	1	NA
44	98	to	1	NA
44	99	his	1	them.
44	100	colleagues.	2	them.
44	101	The	1	They
44	102	team	1	They
44	103	discusses	1	NA
44	104	the	1	NA
44	105	prospect	1	NA
44	106	of	1	NA
44	107	seeing	1	NA
44	108	the	1	NA
44	109	northern	1	NA
44	110	lights	1	NA
44	111	but	1	NA
44	112	Fildes	3	he
44	113	is	1	NA
44	114	doubtful.	2	NA
44	115	Instead,	2	NA
44	116	they	1	NA
44	117	decide	1	NA
44	118	to	1	NA
44	119	train	1	NA
44	120	their	1	NA
44	121	powerful	1	NA
44	122	telescopes	1	NA
44	123	on	1	NA
44	124	Jupiter	1	NA
44	125	and	1	NA
44	126	Venus	1	it
44	127	and	1	NA
44	128	later	1	NA
44	129	to	1	NA
44	130	pick	1	NA
44	131	out	1	NA
44	132	stars	1	NA
44	133	such	1	NA
44	134	as	1	NA
44	135	Capella	2	NA
44	136	and	1	NA
44	137	Betelgeuse.	5	NA
44	138	An	1	It
44	139	additional	1	It
44	140	attraction	1	It
44	141	is	1	NA
44	142	the	1	it.
44	143	appearance	1	it.
44	144	of	1	it.
44	145	the	1	it.
44	146	International	1	it.
44	147	Space	1	it.
44	148	Station.	2	it.
44	149	“Remember,”	6	NA
44	150	Fildes	3	he
44	151	tells	1	NA
44	152	his	1	them,
44	153	team,	2	them,
44	154	“it's	4	NA
44	155	about	1	NA
44	156	interaction,	2	NA
44	157	it's	2	NA
44	158	about	1	NA
44	159	entertainment,	2	NA
44	160	it's	2	NA
44	161	about	1	NA
44	162	inspiring	1	NA
44	163	people.”	4	NA
44	164	Fildes,	4	he,
44	165	49,	2	NA
44	166	is	1	NA
44	167	at	1	NA
44	168	the	1	NA
44	169	forefront	1	NA
44	170	of	1	NA
44	171	the	1	its.
44	172	UK's	2	its.
44	173	burgeoning	1	its.
44	174	astrotourism	4	its.
44	175	industry.	2	its.
44	176	The	1	NA
44	177	pivotal	1	NA
44	178	moment	1	NA
44	179	for	1	NA
44	180	Northumberland	3	it
44	181	came	1	NA
44	182	in	1	NA
44	183	2013	1	it
44	184	when	1	NA
44	185	the	1	NA
44	186	entire	1	NA
44	187	national	1	NA
44	188	park	1	NA
44	189	housing	1	NA
44	190	Hadrian's	3	NA
44	191	Wall,	2	NA
44	192	along	1	NA
44	193	with	1	NA
44	194	Kielder	3	NA
44	195	Water	1	NA
44	196	and	1	NA
44	197	Forest	1	NA
44	198	Park,	2	NA
44	199	some	1	NA
44	200	1,500	3	NA
44	201	square	1	NA
44	202	kilometers,	2	NA
44	203	was	1	NA
44	204	awarded	1	NA
44	205	Dark	1	its,
44	206	Sky	1	its,
44	207	Park	1	its,
44	208	status,	2	its,
44	209	the	1	it.
44	210	only	1	it.
44	211	one	1	it.
44	212	in	1	it.
44	213	England.	2	it.
44	214	Dark	1	It
44	215	Sky	1	It
44	216	Parks	1	NA
44	217	are	1	NA
44	218	rare.	2	NA
44	219	The	1	NA
44	220	2013	1	it
44	221	Star	1	NA
44	222	Count	1	NA
44	223	revealed	1	NA
44	224	that	1	NA
44	225	only	1	NA
44	226	5%	2	NA
44	227	of	1	NA
44	228	the	1	NA
44	229	UK	1	NA
44	230	population	1	NA
44	231	can	1	NA
44	232	see	1	NA
44	233	more	1	NA
44	234	than	1	NA
44	235	31	1	NA
44	236	stars	1	NA
44	237	on	1	NA
44	238	a	1	NA
44	239	good	1	NA
44	240	night.	2	NA
44	241	The	1	It
44	242	Tucson,	2	It
44	243	Arizona-based	3	It
44	244	International	1	It
44	245	Dark-Sky	3	It
44	246	Association	1	It
44	247	(IDA)	3	(it)
44	248	confers	2	NA
44	249	the	1	it
44	250	status	1	it
44	251	only	1	NA
44	252	on	1	NA
44	253	places	1	them.
44	254	that	1	them.
44	255	take	1	them.
44	256	major	1	them.
44	257	steps	1	them.
44	258	to	1	them.
44	259	avoid	1	them.
44	260	light	1	them.
44	261	pollution.	2	them.
44	262	Recipients	3	They
44	263	must	1	NA
44	264	also	1	NA
44	265	prove	1	NA
44	266	their	1	NA
44	267	night	1	NA
44	268	skies	1	NA
44	269	are	1	NA
44	270	sufficiently	1	NA
44	271	dark.	2	NA
44	272	In	1	NA
44	273	Northumberland	3	it,
44	274	Dark	1	it,
44	275	Sky	1	it,
44	276	Park,	2	it,
44	277	as	1	NA
44	278	the	1	it
44	279	area	1	it
44	280	was	1	NA
44	281	rebadged,	4	NA
44	282	it	1	NA
44	283	is	1	NA
44	284	so	1	NA
44	285	dark	1	NA
44	286	that	1	NA
44	287	Venus	1	it
44	288	casts	1	NA
44	289	a	1	NA
44	290	shadow	1	NA
44	291	on	1	NA
44	292	the	1	NA
44	293	Earth.	2	NA
44	294	Duncan	1	He,
44	295	Wise,	2	He,
44	296	visitor	1	she,
44	297	development	1	she,
44	298	officer	1	she,
44	299	for	1	she,
44	300	the	1	she,
44	301	Northumberland	3	she,
44	302	National	1	she,
44	303	Park	1	she,
44	304	Authority,	2	she,
44	305	helped	1	NA
44	306	to	1	NA
44	307	spearhead	2	NA
44	308	the	1	NA
44	309	campaign	1	NA
44	310	for	1	NA
44	311	dark-sky	3	it.
44	312	status.	2	it.
44	313	“We	3	NA
44	314	tend	1	NA
44	315	to	1	NA
44	316	look	1	NA
44	317	at	1	NA
44	318	landscape	1	NA
44	319	as	1	NA
44	320	everything	1	NA
44	321	up	1	NA
44	322	to	1	NA
44	323	the	1	it,”
44	324	horizon,”	4	it,”
44	325	Wise	1	he
44	326	said.	2	NA
44	327	“But	3	NA
44	328	what	1	NA
44	329	about	1	NA
44	330	what's	2	NA
44	331	above	1	NA
44	332	it?”	4	NA
44	333	Wise	1	they
44	334	and	1	they
44	335	others	1	they
44	336	spent	1	NA
44	337	years	1	NA
44	338	drawing	1	NA
44	339	up	1	NA
44	340	their	1	NA
44	341	submission	1	NA
44	342	to	1	NA
44	343	the	1	it,
44	344	IDA,	3	it,
44	345	collecting	1	NA
44	346	reams	2	NA
44	347	of	1	NA
44	348	light	1	NA
44	349	readings	1	NA
44	350	and	1	NA
44	351	forming	1	NA
44	352	an	1	NA
44	353	alliance	1	NA
44	354	of	1	NA
44	355	local	1	NA
44	356	councils,	2	NA
44	357	parks'	2	NA
44	358	bodies	1	NA
44	359	and	1	NA
44	360	community	1	NA
44	361	groups	1	NA
44	362	to	1	NA
44	363	produce	1	NA
44	364	an	1	NA
44	365	exterior	1	NA
44	366	lighting	1	NA
44	367	master	1	NA
44	368	plan	1	NA
44	369	that	1	NA
44	370	influences	1	NA
44	371	the	1	NA
44	372	construction	1	NA
44	373	of	1	NA
44	374	new	1	NA
44	375	developments	1	NA
44	376	in	1	NA
44	377	the	1	it.
44	378	area.	2	it.
44	379	Their	1	NA
44	380	efforts	1	NA
44	381	have	1	NA
44	382	been	1	NA
44	383	vindicated.	3	NA
44	384	Many	1	NA
44	385	of	1	NA
44	386	the	1	NA
44	387	1.5	3	NA
44	388	million	1	NA
44	389	who	1	NA
44	390	visit	1	NA
44	391	Northumberland	3	it
44	392	each	1	NA
44	393	year	1	NA
44	394	are	1	NA
44	395	now	1	NA
44	396	aware	1	NA
44	397	of	1	NA
44	398	its	1	its.
44	399	Dark	1	its.
44	400	Sky	1	its.
44	401	status.	2	its.
44	402	“We	3	NA
44	403	get	1	NA
44	404	a	1	them
44	405	lot	1	them
44	406	of	1	them
44	407	people	1	them
44	408	coming	1	NA
44	409	here	1	NA
44	410	to	1	NA
44	411	see	1	NA
44	412	the	1	NA
44	413	sky	1	NA
44	414	now,”	4	NA
44	415	says	1	NA
44	416	the	1	NA
44	417	man	1	NA
44	418	at	1	NA
44	419	the	1	NA
44	420	car-hire	3	NA
44	421	firm	1	NA
44	422	in	1	NA
44	423	Newcastle.	2	NA
44	424	“They	3	NA
44	425	come	1	NA
44	426	in	1	NA
44	427	autumn	1	NA
44	428	and	1	NA
44	429	winter,	2	NA
44	430	when	1	NA
44	431	it's	2	NA
44	432	darkest.	2	NA
44	433	Good	1	NA
44	434	for	1	NA
44	435	the	1	them
44	436	local	1	them
44	437	hotels	1	them
44	438	as	1	NA
44	439	they	1	NA
44	440	get	1	NA
44	441	business	1	NA
44	442	all	1	NA
44	443	year	1	NA
44	444	round	1	NA
44	445	now.”	4	NA
44	446	Wise	1	he
44	447	acknowledges	1	NA
44	448	that	1	NA
44	449	Northumberland	3	it
44	450	needs	1	NA
44	451	to	1	NA
44	452	do	1	NA
44	453	more	1	NA
44	454	to	1	NA
44	455	capitalize	1	NA
44	456	on	1	NA
44	457	its	1	NA
44	458	scarce	1	NA
44	459	resource	1	NA
44	460	and	1	NA
44	461	believes	1	NA
44	462	the	1	it
44	463	region	1	it
44	464	needs	1	NA
44	465	a	1	NA
44	466	couple	1	NA
44	467	more	1	NA
44	468	observatories	2	NA
44	469	to	1	NA
44	470	ensure	1	NA
44	471	that	1	NA
44	472	visitors	1	they
44	473	will	1	NA
44	474	see	1	NA
44	475	what	1	NA
44	476	they	1	NA
44	477	came	1	NA
44	478	for.	2	NA
44	479	A	1	It,
44	480	£14m	3	It,
44	481	national	1	It,
44	482	landscape	1	It,
44	483	discovery	1	It,
44	484	center,	2	It,
44	485	which	1	It,
44	486	he	1	It,
44	487	describes	1	It,
44	488	as	1	It,
44	489	the	1	It,
44	490	north's	2	It,
44	491	answer	1	It,
44	492	to	1	It,
44	493	the	1	It,
44	494	Eden	1	It,
44	495	Project,	2	It,
44	496	will	1	NA
44	497	have	1	NA
44	498	an	1	it
44	499	observatory	2	it
44	500	when	1	NA
44	501	it	1	NA
44	502	is	1	NA
44	503	completed	1	NA
44	504	in	1	NA
44	505	a	1	NA
44	506	couple	1	NA
44	507	of	1	NA
44	508	years.	2	NA
44	509	Fildes	3	He
44	510	has	1	NA
44	511	grand	1	NA
44	512	designs.	2	NA
44	513	He	1	NA
44	514	is	1	NA
44	515	planning	1	NA
44	516	Britain's	2	it.
44	517	first	1	it.
44	518	“astrovillage,”	9	it.
44	519	one	1	it.
44	520	that	1	it.
44	521	would	1	it.
44	522	house	1	it.
44	523	the	1	it.
44	524	largest	1	it.
44	525	public	1	it.
44	526	observatory	2	it.
44	527	in	1	it.
44	528	the	1	it.
44	529	world	1	it.
44	530	and	1	it.
44	531	boast	1	it.
44	532	a	1	it.
44	533	100-seat	3	it.
44	534	auditorium,	3	it.
44	535	a	1	it.
44	536	100-seat	3	it.
44	537	planetarium,	3	it.
44	538	a	1	it.
44	539	one-meter	3	it.
44	540	aperture	1	it.
44	541	telescope,	2	it.
44	542	and	1	it.
44	543	radiomagnetic	3	it.
44	544	and	1	it.
44	545	solar	1	it.
44	546	telescopes.	2	it.
44	547	The	1	It
44	548	multimillion-pound	4	It
44	549	project	1	It
44	550	would	1	NA
44	551	feature	1	NA
44	552	a	1	NA
44	553	hotel	1	NA
44	554	and	1	NA
44	555	draw	1	NA
44	556	in	1	NA
44	557	100,000	3	them
44	558	people	1	them
44	559	a	1	NA
44	560	year,	2	NA
44	561	four	1	it.
44	562	times	1	it.
44	563	the	1	it.
44	564	number	1	it.
44	565	currently	1	it.
44	566	able	1	it.
44	567	to	1	it.
44	568	use	1	it.
44	569	the	1	it.
44	570	observatory.	3	it.
44	571	Fildes	3	He
44	572	is	1	NA
44	573	cryptic	1	NA
44	574	about	1	NA
44	575	his	1	NA
44	576	backers	1	NA
44	577	but	1	NA
44	578	believes	1	NA
44	579	the	1	it
44	580	astrovillage	4	it
44	581	will	1	NA
44	582	be	1	NA
44	583	a	1	NA
44	584	reality	1	NA
44	585	by	1	NA
44	586	2018.	2	NA
44	587	However,	2	NA
44	588	Northumberland	3	it
44	589	faces	1	NA
44	590	competition.	2	NA
44	591	Galloway	2	It
44	592	Forest	1	It
44	593	Park	1	It
44	594	in	1	It
44	595	Scotland	1	It
44	596	also	1	NA
44	597	has	1	NA
44	598	Dark	1	it.
44	599	Sky	1	it.
44	600	Park	1	it.
44	601	status.	2	it.
44	602	Since	1	NA
44	603	Exmoor	3	it
44	604	was	1	NA
44	605	designated	1	NA
44	606	Europe's	2	it
44	607	first	1	it
44	608	International	1	it
44	609	Dark	1	it
44	610	Sky	1	it
44	611	Reserve	1	it
44	612	–	1	NA
44	613	one	1	NA
44	614	notch	1	NA
44	615	below	1	NA
44	616	Dark	1	it
44	617	Sky	1	it
44	618	Park	1	it
44	619	–	1	NA
44	620	in	1	NA
44	621	2011,	2	NA
44	622	a	1	NA
44	623	range	1	NA
44	624	of	1	NA
44	625	local	1	NA
44	626	businesses	1	NA
44	627	offering	1	NA
44	628	stargazing	3	NA
44	629	breaks	1	NA
44	630	and	1	NA
44	631	safaris	2	NA
44	632	has	1	NA
44	633	sprung	1	NA
44	634	up.	2	NA
44	635	The	1	It
44	636	UK	1	It
44	637	will	1	NA
44	638	have	1	NA
44	639	to	1	NA
44	640	go	1	NA
44	641	some	1	NA
44	642	way	1	NA
44	643	to	1	NA
44	644	eclipse	1	NA
44	645	northern	1	NA
44	646	Chile,	2	NA
44	647	which	1	NA
44	648	boasts	1	NA
44	649	more	1	NA
44	650	than	1	NA
44	651	a	1	NA
44	652	dozen	1	NA
44	653	tourist	1	NA
44	654	observatories	2	NA
44	655	and	1	NA
44	656	has	1	NA
44	657	some	1	NA
44	658	of	1	NA
44	659	the	1	NA
44	660	clearest	2	NA
44	661	skies	1	NA
44	662	in	1	NA
44	663	the	1	it.
44	664	world.	2	it.
44	665	The	1	It
44	666	Teide	2	It
44	667	National	1	It
44	668	Park	1	It
44	669	in	1	It
44	670	Tenerife	3	It
44	671	is	1	NA
44	672	also	1	NA
44	673	becoming	1	NA
44	674	a	1	it.
44	675	major	1	it.
44	676	astrotourism	4	it.
44	677	destination.	2	it.
44	678	So,	2	NA
44	679	what	1	NA
44	680	is	1	NA
44	681	driving	1	NA
44	682	the	1	NA
44	683	desire	1	NA
44	684	to	1	NA
44	685	look	1	NA
44	686	upwards?	2	NA
44	687	The	1	NA
44	688	media	1	NA
44	689	have	1	NA
44	690	helped.	2	NA
44	691	TV	1	NA
44	692	presenters	2	NA
44	693	like	1	NA
44	694	Brian	1	NA
44	695	Cox	1	NA
44	696	have	1	NA
44	697	attracted	1	NA
44	698	a	1	NA
44	699	new	1	NA
44	700	generation	1	NA
44	701	of	1	NA
44	702	stargazers.	5	NA
44	703	Technology	1	NA
44	704	has	1	NA
44	705	also	1	NA
44	706	played	1	NA
44	707	a	1	NA
44	708	part.	2	NA
44	709	Apps	1	NA
44	710	such	1	NA
44	711	as	1	NA
44	712	Stellarium	2	NA
44	713	now	1	NA
44	714	turn	1	NA
44	715	smartphones	1	NA
44	716	into	1	NA
44	717	pocket-size	3	NA
44	718	planetariums.	4	NA
44	719	Ultimately,	2	NA
44	720	though,	2	NA
44	721	Fildes	3	he
44	722	believes	1	NA
44	723	people	1	NA
44	724	are	1	NA
44	725	starting	1	NA
44	726	to	1	NA
44	727	appreciate	1	NA
44	728	what	1	NA
44	729	lies	1	NA
44	730	above.	2	NA
45	0	On	1	NA
45	1	the	1	NA
45	2	top	1	NA
45	3	of	1	NA
45	4	a	1	NA
45	5	hill,	2	NA
45	6	above	1	NA
45	7	Northumberland's	4	its
45	8	beautiful	1	NA
45	9	Kielder	3	NA
45	10	Water	1	NA
45	11	lake,	2	NA
45	12	a	1	they
45	13	group	1	they
45	14	of	1	they
45	15	people	1	they
45	16	are	1	NA
45	17	waiting	1	NA
45	18	in	1	NA
45	19	a	1	NA
45	20	car	1	NA
45	21	park	1	NA
45	22	next	1	NA
45	23	to	1	NA
45	24	a	1	it.
45	25	strange	1	it.
45	26	wooden	1	it.
45	27	building.	2	it.
45	28	They	1	NA
45	29	are	1	NA
45	30	here	1	NA
45	31	because	1	NA
45	32	of	1	NA
45	33	the	1	NA
45	34	darkness	1	NA
45	35	and	1	NA
45	36	this	1	NA
45	37	is	1	NA
45	38	Kielder	3	it,
45	39	Observatory,	2	it,
45	40	the	1	it.
45	41	center	1	it.
45	42	of	1	it.
45	43	Britain's	2	it.
45	44	latest	1	it.
45	45	industry	1	it.
45	46	–	1	it.
45	47	astrotourism.	5	it.
45	48	The	1	They
45	49	people	1	They
45	50	who	1	They
45	51	are	1	They
45	52	waiting	1	They
45	53	outside	1	They
45	54	are	1	NA
45	55	lucky.	2	NA
45	56	Many	1	NA
45	57	more	1	NA
45	58	people	1	NA
45	59	apply	1	NA
45	60	for	1	NA
45	61	a	1	NA
45	62	night	1	NA
45	63	of	1	NA
45	64	stargazing	3	NA
45	65	at	1	NA
45	66	the	1	it
45	67	observatory	2	it
45	68	but	1	NA
45	69	not	1	NA
45	70	everyone	1	NA
45	71	can	1	NA
45	72	come	1	NA
45	73	because	1	NA
45	74	numbers	1	NA
45	75	are	1	NA
45	76	strictly	1	NA
45	77	limited.	2	NA
45	78	Inside,	2	NA
45	79	the	1	he,
45	80	observatory's	3	he,
45	81	founder	1	he,
45	82	and	1	he,
45	83	lead	1	he,
45	84	astronomer,	2	he,
45	85	Gary	1	he,
45	86	Fildes,	4	he,
45	87	speaks	1	NA
45	88	to	1	NA
45	89	his	1	them.
45	90	colleagues.	2	them.
45	91	The	1	They
45	92	team	1	They
45	93	discusses	1	NA
45	94	that	1	NA
45	95	they	1	NA
45	96	might	1	NA
45	97	see	1	NA
45	98	the	1	NA
45	99	northern	1	NA
45	100	lights	1	NA
45	101	but	1	NA
45	102	Fildes	3	he
45	103	doesn't	2	NA
45	104	think	1	NA
45	105	they	1	NA
45	106	will.	2	NA
45	107	Instead,	2	NA
45	108	they	1	NA
45	109	decide	1	NA
45	110	to	1	NA
45	111	use	1	NA
45	112	their	1	NA
45	113	powerful	1	NA
45	114	telescopes	1	NA
45	115	to	1	NA
45	116	look	1	NA
45	117	at	1	NA
45	118	Jupiter	1	NA
45	119	and	1	NA
45	120	Venus	1	it
45	121	and,	2	NA
45	122	later,	2	NA
45	123	to	1	NA
45	124	find	1	NA
45	125	stars	1	NA
45	126	such	1	NA
45	127	as	1	NA
45	128	Capella	2	NA
45	129	and	1	NA
45	130	Betelgeuse.	5	NA
45	131	An	1	It
45	132	extra	1	It
45	133	attraction	1	It
45	134	is	1	NA
45	135	the	1	it.
45	136	appearance	1	it.
45	137	of	1	it.
45	138	the	1	it.
45	139	International	1	it.
45	140	Space	1	it.
45	141	Station.	2	it.
45	142	Fildes	3	He
45	143	is	1	NA
45	144	a	1	it.
45	145	leading	1	it.
45	146	figure	1	it.
45	147	in	1	it.
45	148	the	1	it.
45	149	UK's	2	it.
45	150	growing	1	it.
45	151	astrotourism	4	it.
45	152	industry.	2	it.
45	153	The	1	NA
45	154	key	1	NA
45	155	moment	1	NA
45	156	for	1	NA
45	157	Northumberland	3	it
45	158	came	1	NA
45	159	in	1	NA
45	160	2013	1	it
45	161	when	1	NA
45	162	the	1	it,
45	163	entire	1	it,
45	164	national	1	it,
45	165	park,	2	it,
45	166	about	1	NA
45	167	1,500	3	NA
45	168	square	1	NA
45	169	kilometers	1	NA
45	170	in	1	NA
45	171	area,	2	NA
45	172	got	1	NA
45	173	Dark	1	its.
45	174	Sky	1	its.
45	175	Park	1	its.
45	176	status.	2	its.
45	177	It	1	NA
45	178	is	1	NA
45	179	the	1	it.
45	180	only	1	it.
45	181	one	1	it.
45	182	in	1	it.
45	183	England.	2	it.
45	184	Dark	1	It
45	185	Sky	1	It
45	186	Parks	1	NA
45	187	are	1	NA
45	188	rare.	2	NA
45	189	The	1	NA
45	190	2013	1	it
45	191	Star	1	NA
45	192	Count	1	NA
45	193	showed	1	NA
45	194	that	1	NA
45	195	only	1	NA
45	196	5%	2	NA
45	197	of	1	NA
45	198	the	1	NA
45	199	UK	1	NA
45	200	population	1	NA
45	201	can	1	NA
45	202	see	1	NA
45	203	more	1	NA
45	204	than	1	NA
45	205	31	1	NA
45	206	stars	1	NA
45	207	on	1	NA
45	208	a	1	NA
45	209	clear	1	NA
45	210	night.	2	NA
45	211	The	1	It
45	212	International	1	It
45	213	Dark-Sky	3	It
45	214	Association	1	It
45	215	(IDA)	3	(it)
45	216	gives	1	NA
45	217	the	1	it
45	218	status	1	it
45	219	of	1	it
45	220	Dark	1	it
45	221	Sky	1	it
45	222	Park	1	it
45	223	only	1	NA
45	224	to	1	NA
45	225	places	1	them.
45	226	that	1	them.
45	227	take	1	them.
45	228	big	1	them.
45	229	steps	1	them.
45	230	to	1	them.
45	231	prevent	1	them.
45	232	light	1	them.
45	233	pollution.	2	them.
45	234	The	1	They
45	235	areas	1	They
45	236	must	1	NA
45	237	also	1	NA
45	238	prove	1	NA
45	239	their	1	they
45	240	night	1	they
45	241	skies	1	they
45	242	are	1	NA
45	243	very	1	NA
45	244	dark.	2	NA
45	245	In	1	NA
45	246	Northumberland	3	it,
45	247	Dark	1	it,
45	248	Sky	1	it,
45	249	Park,	2	it,
45	250	it	1	NA
45	251	is	1	NA
45	252	so	1	NA
45	253	dark	1	NA
45	254	that	1	NA
45	255	Venus	1	it
45	256	casts	1	NA
45	257	a	1	NA
45	258	shadow	1	NA
45	259	on	1	NA
45	260	the	1	NA
45	261	Earth.	2	NA
45	262	Duncan	1	He,
45	263	Wise,	2	He,
45	264	visitor	1	he,
45	265	development	1	he,
45	266	officer	1	he,
45	267	for	1	he,
45	268	the	1	he,
45	269	Northumberland	3	he,
45	270	National	1	he,
45	271	Park,	2	he,
45	272	helped	1	NA
45	273	to	1	NA
45	274	lead	1	NA
45	275	the	1	NA
45	276	campaign	1	NA
45	277	for	1	NA
45	278	dark-sky	3	it.
45	279	status.	2	it.
45	280	“We	3	NA
45	281	usually	1	NA
45	282	think	1	NA
45	283	that	1	NA
45	284	'landscape'	4	'it'
45	285	is	1	NA
45	286	everything	1	it,”
45	287	up	1	it,”
45	288	to	1	it,”
45	289	the	1	it,”
45	290	horizon,”	4	it,”
45	291	Wise	1	he
45	292	said.	2	NA
45	293	“But	3	NA
45	294	what	1	NA
45	295	about	1	NA
45	296	what's	2	NA
45	297	above	1	NA
45	298	the	1	it?”
45	299	horizon?”	4	it?”
45	300	Wise	1	they
45	301	and	1	they
45	302	others	1	they
45	303	spent	1	NA
45	304	years	1	NA
45	305	preparing	1	NA
45	306	their	1	NA
45	307	application	1	NA
45	308	to	1	NA
45	309	the	1	it
45	310	IDA	2	it
45	311	–	1	NA
45	312	they	1	NA
45	313	collected	1	NA
45	314	thousands	1	NA
45	315	of	1	NA
45	316	light	1	NA
45	317	readings.	2	NA
45	318	Because	1	NA
45	319	of	1	NA
45	320	their	1	NA
45	321	hard	1	NA
45	322	work,	2	NA
45	323	many	1	NA
45	324	of	1	NA
45	325	the	1	NA
45	326	1.5	3	NA
45	327	million	1	NA
45	328	tourists	1	NA
45	329	who	1	NA
45	330	visit	1	NA
45	331	Northumberland	3	it
45	332	each	1	NA
45	333	year	1	NA
45	334	are	1	NA
45	335	now	1	NA
45	336	aware	1	NA
45	337	of	1	NA
45	338	its	1	it.
45	339	Dark	1	it.
45	340	Sky	1	it.
45	341	status.	2	it.
45	342	“A	3	“They
45	343	lot	1	“They
45	344	of	1	“They
45	345	people	1	“They
45	346	come	1	NA
45	347	here	1	NA
45	348	to	1	NA
45	349	see	1	NA
45	350	the	1	it
45	351	sky	1	it
45	352	now,”	4	NA
45	353	says	1	NA
45	354	a	1	NA
45	355	man	1	NA
45	356	who	1	NA
45	357	works	1	NA
45	358	for	1	NA
45	359	a	1	NA
45	360	local	1	NA
45	361	car-hire	3	NA
45	362	company.	2	NA
45	363	“They	3	NA
45	364	come	1	NA
45	365	in	1	NA
45	366	autumn	1	NA
45	367	and	1	NA
45	368	winter,	2	NA
45	369	when	1	NA
45	370	it's	2	NA
45	371	darkest.	2	NA
45	372	It's	2	NA
45	373	good	1	NA
45	374	for	1	NA
45	375	the	1	NA
45	376	local	1	NA
45	377	hotels	1	NA
45	378	because	1	NA
45	379	tourists	1	they
45	380	come	1	NA
45	381	all	1	NA
45	382	year	1	NA
45	383	round	1	NA
45	384	now.”	4	NA
45	385	Wise	1	he
45	386	agrees	1	NA
45	387	that	1	NA
45	388	Northumberland	3	it
45	389	needs	1	NA
45	390	to	1	NA
45	391	do	1	NA
45	392	more	1	NA
45	393	to	1	NA
45	394	take	1	NA
45	395	advantage	1	NA
45	396	of	1	NA
45	397	its	1	NA
45	398	dark	1	NA
45	399	skies,	2	NA
45	400	which	1	NA
45	401	are	1	NA
45	402	very	1	NA
45	403	rare.	2	NA
45	404	He	1	NA
45	405	believes	1	NA
45	406	the	1	it
45	407	region	1	it
45	408	needs	1	NA
45	409	more	1	NA
45	410	observatories	2	NA
45	411	to	1	NA
45	412	make	1	NA
45	413	sure	1	NA
45	414	that	1	NA
45	415	visitors	1	they
45	416	will	1	NA
45	417	see	1	NA
45	418	what	1	NA
45	419	they	1	NA
45	420	came	1	NA
45	421	for.	2	NA
45	422	A	1	It
45	423	new	1	It
45	424	£14-million	4	It
45	425	national	1	It
45	426	landscape	1	It
45	427	discovery	1	It
45	428	center	1	It
45	429	will	1	NA
45	430	have	1	NA
45	431	an	1	it
45	432	observatory	2	it
45	433	when	1	NA
45	434	it	1	NA
45	435	is	1	NA
45	436	completed	1	NA
45	437	in	1	NA
45	438	a	1	NA
45	439	couple	1	NA
45	440	of	1	NA
45	441	years.	2	NA
45	442	Fildes	3	He
45	443	has	1	NA
45	444	big	1	NA
45	445	ambitions.	2	NA
45	446	He	1	NA
45	447	is	1	NA
45	448	planning	1	NA
45	449	Britain's	2	it”
45	450	first	1	it”
45	451	“astrovillage”	8	it”
45	452	–	1	NA
45	453	it	1	NA
45	454	would	1	NA
45	455	have	1	NA
45	456	the	1	it,
45	457	largest	1	it,
45	458	public	1	it,
45	459	observatory	2	it,
45	460	in	1	it,
45	461	the	1	it,
45	462	world,	2	it,
45	463	a	1	NA
45	464	100-seat	3	NA
45	465	auditorium,	3	NA
45	466	a	1	NA
45	467	100-seat	3	NA
45	468	planetarium,	3	NA
45	469	and	1	NA
45	470	radiomagnetic	3	NA
45	471	and	1	NA
45	472	solar	1	NA
45	473	telescopes.	2	NA
45	474	The	1	It
45	475	multimillion-pound	4	It
45	476	project	1	It
45	477	would	1	NA
45	478	also	1	NA
45	479	have	1	NA
45	480	a	1	NA
45	481	hotel	1	NA
45	482	and	1	NA
45	483	attract	1	NA
45	484	100,000	3	them
45	485	visitors	1	them
45	486	a	1	NA
45	487	year	1	NA
45	488	–	1	NA
45	489	that	1	NA
45	490	is	1	NA
45	491	four	1	NA
45	492	times	1	NA
45	493	the	1	it.
45	494	number	1	it.
45	495	that	1	it.
45	496	are	1	it.
45	497	currently	1	it.
45	498	able	1	it.
45	499	to	1	it.
45	500	use	1	it.
45	501	the	1	it.
45	502	observatory.	3	it.
45	503	Fildes	3	He
45	504	believes	1	NA
45	505	the	1	it
45	506	astrovillage	4	it
45	507	will	1	NA
45	508	be	1	NA
45	509	a	1	NA
45	510	reality	1	NA
45	511	by	1	NA
45	512	2018.	2	NA
45	513	However,	2	NA
45	514	Northumberland	3	it
45	515	has	1	NA
45	516	competition.	2	NA
45	517	Galloway	2	NA
45	518	Forest	1	NA
45	519	Park	1	NA
45	520	in	1	NA
45	521	Scotland	1	NA
45	522	also	1	NA
45	523	has	1	NA
45	524	Dark	1	NA
45	525	Sky	1	NA
45	526	Park	1	NA
45	527	status.	2	NA
45	528	Exmoor	3	It
45	529	in	1	It
45	530	south-west	3	It
45	531	England	1	It
45	532	became	1	NA
45	533	Europe's	2	it
45	534	first	1	it
45	535	International	1	it
45	536	Dark	1	it
45	537	Sky	1	it
45	538	Reserve	1	it
45	539	–	1	NA
45	540	one	1	NA
45	541	level	1	NA
45	542	below	1	NA
45	543	Dark	1	NA
45	544	Sky	1	NA
45	545	Park	1	NA
45	546	–	1	NA
45	547	in	1	NA
45	548	2011.	2	NA
45	549	A	1	NA
45	550	number	1	NA
45	551	of	1	NA
45	552	local	1	NA
45	553	businesses	1	NA
45	554	there	1	NA
45	555	now	1	NA
45	556	offer	1	NA
45	557	stargazing	3	NA
45	558	holidays.	2	NA
45	559	The	1	It
45	560	UK	1	It
45	561	is	1	NA
45	562	not	1	NA
45	563	as	1	NA
45	564	good	1	NA
45	565	as	1	NA
45	566	northern	1	NA
45	567	Chile,	2	NA
45	568	which	1	NA
45	569	has	1	NA
45	570	more	1	NA
45	571	than	1	NA
45	572	ten	1	NA
45	573	tourist	1	NA
45	574	observatories	2	NA
45	575	and	1	NA
45	576	some	1	NA
45	577	of	1	NA
45	578	the	1	NA
45	579	clearest	2	NA
45	580	skies	1	NA
45	581	in	1	NA
45	582	the	1	it.
45	583	world.	2	it.
45	584	So,	2	NA
45	585	why	1	NA
45	586	do	1	NA
45	587	people	1	they
45	588	want	1	NA
45	589	to	1	NA
45	590	look	1	NA
45	591	at	1	NA
45	592	the	1	it?
45	593	night	1	it?
45	594	sky?	2	it?
45	595	The	1	NA
45	596	media	1	NA
45	597	have	1	NA
45	598	helped.	2	NA
45	599	TV	1	NA
45	600	programmes	1	NA
45	601	about	1	NA
45	602	astronomy	1	it
45	603	have	1	NA
45	604	attracted	1	NA
45	605	a	1	NA
45	606	new	1	NA
45	607	generation	1	NA
45	608	of	1	NA
45	609	stargazers.	5	NA
45	610	Technology	1	NA
45	611	has	1	NA
45	612	also	1	NA
45	613	made	1	NA
45	614	astronomy	1	it
45	615	more	1	NA
45	616	popular.	2	NA
45	617	Apps	1	NA
45	618	such	1	NA
45	619	as	1	NA
45	620	Stellarium	2	NA
45	621	now	1	NA
45	622	turn	1	NA
45	623	smartphones	1	NA
45	624	into	1	NA
45	625	pocket-size	3	NA
45	626	planetariums.	4	NA
45	627	But	1	NA
45	628	Fildes	3	he
45	629	believes	1	NA
45	630	that,	2	NA
45	631	most	1	NA
45	632	importantly,	2	NA
45	633	people	1	they
45	634	are	1	NA
45	635	starting	1	NA
45	636	to	1	NA
45	637	appreciate	1	NA
45	638	the	1	it.
45	639	sky.	2	it.
46	0	The	1	NA
46	1	regulation	1	NA
46	2	eight	1	NA
46	3	hours	1	NA
46	4	in	1	NA
46	5	the	1	it
46	6	office	1	it
46	7	is	1	NA
46	8	over.	2	NA
46	9	The	1	It.
46	10	most	1	It.
46	11	important	1	It.
46	12	work	1	It.
46	13	of	1	It.
46	14	the	1	It.
46	15	day	1	It.
46	16	is	1	It.
46	17	done;	2	It.
46	18	whatever	1	It.
46	19	is	1	It.
46	20	left	1	It.
46	21	can	1	It.
46	22	wait	1	It.
46	23	until	1	It.
46	24	the	1	It.
46	25	morning.	2	It.
46	26	This	1	NA
46	27	is	1	NA
46	28	the	1	it.
46	29	point	1	it.
46	30	many	1	it.
46	31	workers	1	it.
46	32	would	1	it.
46	33	think	1	it.
46	34	about	1	it.
46	35	heading	1	it.
46	36	for	1	it.
46	37	the	1	it.
46	38	door.	2	it.
46	39	Yet,	2	NA
46	40	for	1	NA
46	41	millions	1	them,
46	42	of	1	them,
46	43	Japanese	1	them,
46	44	employees,	2	them,
46	45	the	1	NA
46	46	thought	1	NA
46	47	of	1	NA
46	48	clearing	1	NA
46	49	away	1	NA
46	50	their	1	NA
46	51	desks	1	NA
46	52	and	1	NA
46	53	being	1	NA
46	54	at	1	NA
46	55	home	1	NA
46	56	in	1	NA
46	57	time	1	NA
46	58	for	1	NA
46	59	dinner	1	NA
46	60	is	1	NA
46	61	enough	1	NA
46	62	to	1	NA
46	63	invite	1	NA
46	64	accusations	1	NA
46	65	of	1	NA
46	66	disloyalty	3	NA
46	67	to	1	NA
46	68	the	1	it.
46	69	company.	2	it.
46	70	But,	2	NA
46	71	after	1	NA
46	72	decades	1	NA
46	73	of	1	NA
46	74	giving	1	NA
46	75	companies	1	them
46	76	carte	2	NA
46	77	blanche	2	NA
46	78	to	1	NA
46	79	milk	1	NA
46	80	every	1	NA
46	81	last	1	NA
46	82	drop	1	NA
46	83	of	1	NA
46	84	productivity	1	NA
46	85	from	1	NA
46	86	their	1	NA
46	87	workforce,	2	NA
46	88	a	1	it
46	89	challenge	1	it
46	90	to	1	it
46	91	Japan's	2	it
46	92	ingrained	1	it
46	93	culture	1	it
46	94	of	1	it
46	95	overwork	2	it
46	96	has	1	NA
46	97	come	1	NA
46	98	from	1	NA
46	99	the	1	it.
46	100	government,	2	it.
46	101	which	1	it.
46	102	is	1	it.
46	103	considering	1	it.
46	104	making	1	it.
46	105	it	1	it.
46	106	a	1	it.
46	107	legal	1	it.
46	108	requirement	1	it.
46	109	for	1	it.
46	110	workers	1	it.
46	111	to	1	it.
46	112	take	1	it.
46	113	at	1	it.
46	114	least	1	it.
46	115	five	1	it.
46	116	days'	2	it.
46	117	paid	1	it.
46	118	holiday	1	it.
46	119	a	1	it.
46	120	year.	2	it.
46	121	Japanese	1	They
46	122	employees	1	They
46	123	are	1	NA
46	124	currently	1	NA
46	125	entitled	1	NA
46	126	to	1	NA
46	127	an	1	it
46	128	average	1	it
46	129	18.5	3	it
46	130	days'	2	it
46	131	paid	1	it
46	132	holiday	1	it
46	133	a	1	it
46	134	year	1	it
46	135	–	1	NA
46	136	only	1	NA
46	137	two	1	NA
46	138	fewer	1	NA
46	139	than	1	NA
46	140	the	1	NA
46	141	global	1	NA
46	142	average	1	NA
46	143	–	1	NA
46	144	with	1	NA
46	145	a	1	NA
46	146	minimum	1	NA
46	147	of	1	NA
46	148	ten	1	NA
46	149	days,	2	NA
46	150	as	1	NA
46	151	well	1	NA
46	152	as	1	NA
46	153	15	1	NA
46	154	one-day	3	NA
46	155	national	1	NA
46	156	holidays.	2	NA
46	157	In	1	NA
46	158	reality,	2	NA
46	159	few	1	it
46	160	come	1	NA
46	161	even	1	NA
46	162	close	1	NA
46	163	to	1	NA
46	164	taking	1	NA
46	165	their	1	NA
46	166	full	1	NA
46	167	quota,	2	NA
46	168	typically	1	NA
46	169	using	1	NA
46	170	only	1	NA
46	171	nine	1	NA
46	172	of	1	NA
46	173	their	1	them.
46	174	18.5-day	5	them.
46	175	average	1	them.
46	176	entitlement.	2	them.
46	177	While	1	NA
46	178	many	1	NA
46	179	British	1	NA
46	180	workers	1	NA
46	181	regard	1	NA
46	182	a	1	NA
46	183	two-week	3	NA
46	184	summer	1	NA
46	185	holiday	1	NA
46	186	as	1	NA
46	187	an	1	NA
46	188	inalienable	3	NA
46	189	right,	2	NA
46	190	workers	1	NA
46	191	in	1	NA
46	192	Japan	1	it
46	193	have	1	NA
46	194	come	1	NA
46	195	to	1	NA
46	196	see	1	NA
46	197	a	1	NA
46	198	four-night	3	NA
46	199	vacation	1	NA
46	200	as	1	NA
46	201	the	1	NA
46	202	height	1	NA
46	203	of	1	NA
46	204	self-indulgence.	6	NA
46	205	The	1	It,
46	206	move,	2	It,
46	207	to	1	It,
46	208	be	1	It,
46	209	debated	1	It,
46	210	in	1	It,
46	211	the	1	It,
46	212	current	1	It,
46	213	parliamentary	1	It,
46	214	session,	2	It,
46	215	comes	1	NA
46	216	after	1	NA
46	217	companies	1	they
46	218	started	1	NA
46	219	encouraging	1	NA
46	220	employees	1	them
46	221	to	1	NA
46	222	nap	1	NA
46	223	on	1	NA
46	224	the	1	NA
46	225	job	1	NA
46	226	to	1	NA
46	227	improve	1	NA
46	228	their	1	NA
46	229	performance.	2	NA
46	230	By	1	NA
46	231	the	1	NA
46	232	end	1	NA
46	233	of	1	NA
46	234	the	1	NA
46	235	decade,	2	NA
46	236	the	1	it
46	237	government	1	it
46	238	hopes	1	NA
46	239	that,	2	NA
46	240	if	1	NA
46	241	passed,	2	NA
46	242	the	1	it
46	243	law	1	it
46	244	will	1	NA
46	245	push	1	NA
46	246	Japanese	1	them
46	247	employees	1	them
46	248	towards	1	NA
46	249	following	1	NA
46	250	the	1	NA
46	251	example	1	NA
46	252	set	1	NA
46	253	by	1	NA
46	254	British	1	NA
46	255	workers,	2	NA
46	256	who	1	NA
46	257	use	1	NA
46	258	an	1	NA
46	259	average	1	NA
46	260	of	1	NA
46	261	20	1	NA
46	262	days'	2	NA
46	263	paid	1	NA
46	264	annual	1	NA
46	265	leave,	2	NA
46	266	and	1	NA
46	267	those	1	NA
46	268	in	1	NA
46	269	France,	2	it,
46	270	who	1	NA
46	271	take	1	NA
46	272	an	1	NA
46	273	average	1	NA
46	274	of	1	NA
46	275	25.	2	NA
46	276	Japan's	2	It
46	277	unforgiving	2	It
46	278	work	1	It
46	279	culture	1	It
46	280	may	1	NA
46	281	have	1	NA
46	282	helped	1	NA
46	283	turn	1	NA
46	284	it	1	NA
46	285	into	1	NA
46	286	an	1	NA
46	287	economic	1	NA
46	288	superpower,	2	NA
46	289	its	1	its,
46	290	corporate	1	its,
46	291	foot	1	its,
46	292	soldiers	1	its,
46	293	revered	1	its,
46	294	in	1	its,
46	295	the	1	its,
46	296	rest	1	its,
46	297	of	1	its,
46	298	the	1	its,
46	299	world	1	its,
46	300	for	1	its,
46	301	their	1	its,
46	302	commitment	1	its,
46	303	to	1	its,
46	304	the	1	its,
46	305	company,	2	its,
46	306	but	1	NA
46	307	this	1	NA
46	308	has	1	NA
46	309	often	1	NA
46	310	been	1	NA
46	311	to	1	NA
46	312	the	1	NA
46	313	exclusion	1	NA
46	314	of	1	NA
46	315	everything	1	NA
46	316	else.	2	NA
46	317	Japan's	2	Its
46	318	low	1	NA
46	319	birth	1	NA
46	320	rate	1	NA
46	321	and	1	NA
46	322	predictions	1	NA
46	323	of	1	NA
46	324	rapid	1	NA
46	325	population	1	NA
46	326	decline	1	NA
46	327	are	1	NA
46	328	partly	1	NA
46	329	blamed	1	NA
46	330	on	1	NA
46	331	the	1	NA
46	332	lack	1	NA
46	333	of	1	NA
46	334	time	1	NA
46	335	couples	1	NA
46	336	have	1	NA
46	337	to	1	NA
46	338	start	1	NA
46	339	families.	2	NA
46	340	More	1	NA
46	341	employees	1	NA
46	342	are	1	NA
46	343	falling	1	NA
46	344	ill	1	NA
46	345	from	1	NA
46	346	stress,	2	NA
46	347	or	1	NA
46	348	worse,	2	NA
46	349	succumbing	2	NA
46	350	to	1	NA
46	351	karoshi,	4	it,
46	352	death	1	it.
46	353	through	1	it.
46	354	overwork.	3	it.
46	355	Despite	1	NA
46	356	studies	1	NA
46	357	suggesting	1	NA
46	358	that	1	NA
46	359	longer	1	they
46	360	hours	1	they
46	361	in	1	NA
46	362	the	1	it
46	363	office	1	it
46	364	or	1	NA
46	365	workshop	1	NA
46	366	or	1	NA
46	367	on	1	NA
46	368	the	1	NA
46	369	factory	1	NA
46	370	floor	1	NA
46	371	do	1	NA
46	372	not	1	NA
46	373	necessarily	1	NA
46	374	make	1	NA
46	375	people	1	NA
46	376	more	1	NA
46	377	productive,	2	NA
46	378	today's	2	NA
46	379	workers	1	NA
46	380	are	1	NA
46	381	still	1	NA
46	382	nursing	1	NA
46	383	a	1	NA
46	384	collective	1	NA
46	385	hangover	2	NA
46	386	from	1	NA
46	387	the	1	NA
46	388	bubble	1	NA
46	389	years	1	NA
46	390	of	1	NA
46	391	the	1	NA
46	392	1980s.	3	NA
46	393	About	1	NA
46	394	22%	2	NA
46	395	of	1	NA
46	396	Japanese	1	NA
46	397	work	1	NA
46	398	more	1	NA
46	399	than	1	NA
46	400	49	1	NA
46	401	hours	1	NA
46	402	a	1	NA
46	403	week,	2	NA
46	404	compared	1	NA
46	405	with	1	NA
46	406	16%	2	NA
46	407	of	1	NA
46	408	US	1	NA
46	409	workers	1	NA
46	410	and	1	NA
46	411	11%	2	NA
46	412	in	1	NA
46	413	France	1	it
46	414	and	1	NA
46	415	Germany,	2	NA
46	416	according	1	NA
46	417	to	1	NA
46	418	data	1	NA
46	419	from	1	NA
46	420	the	1	it.
46	421	Japanese	1	it.
46	422	government.	2	it.
46	423	In	1	NA
46	424	spending	1	NA
46	425	14	1	NA
46	426	hours	1	NA
46	427	a	1	NA
46	428	day	1	NA
46	429	at	1	NA
46	430	work	1	it
46	431	and	1	NA
46	432	giving	1	NA
46	433	up	1	NA
46	434	many	1	NA
46	435	of	1	NA
46	436	her	1	NA
46	437	paid	1	NA
46	438	holidays,	2	NA
46	439	Erika	2	she
46	440	Sekiguchi	3	she
46	441	is	1	NA
46	442	not	1	NA
46	443	even	1	NA
46	444	an	1	NA
46	445	extreme	1	NA
46	446	example.	2	NA
46	447	The	1	She
46	448	36-year-old	5	She
46	449	trading	1	She
46	450	company	1	She
46	451	employee	1	She
46	452	used	1	NA
46	453	eight	1	NA
46	454	of	1	NA
46	455	her	1	NA
46	456	20	1	NA
46	457	days	1	NA
46	458	of	1	NA
46	459	paid	1	NA
46	460	vacation	1	NA
46	461	in	1	NA
46	462	2014,	2	NA
46	463	six	1	NA
46	464	of	1	NA
46	465	which	1	NA
46	466	counted	1	NA
46	467	as	1	NA
46	468	sick	1	NA
46	469	leave.	2	NA
46	470	“Nobody	3	“It
46	471	else	1	“It
46	472	uses	1	NA
46	473	their	1	NA
46	474	vacation	1	NA
46	475	days,”	4	NA
46	476	Sekiguchi	3	she
46	477	said.	2	NA
46	478	She	1	NA
46	479	faces	1	NA
46	480	a	1	NA
46	481	dilemma:	2	NA
46	482	never	1	NA
46	483	to	1	NA
46	484	take	1	NA
46	485	time	1	NA
46	486	off	1	NA
46	487	or	1	NA
46	488	to	1	NA
46	489	invite	1	NA
46	490	criticism	1	NA
46	491	for	1	NA
46	492	leaving	1	NA
46	493	her	1	NA
46	494	colleagues	1	NA
46	495	in	1	NA
46	496	the	1	NA
46	497	lurch.	3	NA
46	498	Yuu	2	He,
46	499	Wakebe,	3	He,
46	500	a	1	he,
46	501	health	1	he,
46	502	ministry	1	he,
46	503	official	1	he,
46	504	overseeing	1	he,
46	505	policy	1	he,
46	506	on	1	he,
46	507	working	1	he,
46	508	hours,	2	he,
46	509	who	1	NA
46	510	admits	1	NA
46	511	putting	1	NA
46	512	in	1	NA
46	513	100	1	NA
46	514	hours	1	NA
46	515	of	1	NA
46	516	overtime	1	NA
46	517	a	1	NA
46	518	month,	2	NA
46	519	blames	1	NA
46	520	the	1	NA
46	521	irresistible	1	NA
46	522	pressure	1	NA
46	523	to	1	NA
46	524	match	1	NA
46	525	one's	2	NA
46	526	colleagues,	2	NA
46	527	hour	1	NA
46	528	for	1	NA
46	529	hour.	2	NA
46	530	“It	3	NA
46	531	is	1	NA
46	532	a	1	it,”
46	533	worker's	2	it,”
46	534	right	1	it,”
46	535	to	1	it,”
46	536	take	1	it,”
46	537	paid	1	it,”
46	538	vacations,”	4	it,”
46	539	Wakebe	2	he
46	540	said.	2	NA
46	541	“But	3	NA
46	542	unfortunately	1	NA
46	543	working	1	NA
46	544	in	1	NA
46	545	Japan	1	it
46	546	involves	1	NA
46	547	quite	1	NA
46	548	a	1	NA
46	549	lot	1	NA
46	550	of	1	NA
46	551	volunteer	1	NA
46	552	spirit.”	4	NA
46	553	That	1	NA
46	554	fear	1	NA
46	555	of	1	NA
46	556	being	1	NA
46	557	ostracized	3	NA
46	558	at	1	NA
46	559	work	1	it
46	560	is	1	NA
46	561	being	1	NA
46	562	blamed	1	NA
46	563	for	1	NA
46	564	a	1	NA
46	565	rise	1	NA
46	566	in	1	NA
46	567	stress-related	3	NA
46	568	illness,	2	NA
46	569	premature	1	NA
46	570	death	1	NA
46	571	and	1	NA
46	572	suicide.	2	NA
46	573	According	1	NA
46	574	to	1	NA
46	575	official	1	NA
46	576	data,	2	NA
46	577	about	1	NA
46	578	200	1	NA
46	579	people	1	NA
46	580	die	1	NA
46	581	every	1	NA
46	582	year	1	NA
46	583	from	1	NA
46	584	heart	1	NA
46	585	attacks,	2	NA
46	586	strokes	1	NA
46	587	and	1	NA
46	588	other	1	NA
46	589	karoshi	3	NA
46	590	events	1	NA
46	591	brought	1	NA
46	592	on	1	NA
46	593	by	1	NA
46	594	punishing	1	NA
46	595	work	1	NA
46	596	schedules.	2	NA
46	597	The	1	He,
46	598	prime	1	He,
46	599	minister,	2	He,
46	600	Shinzo	1	he,
46	601	Abe,	2	he,
46	602	is	1	NA
46	603	not	1	NA
46	604	known	1	NA
46	605	for	1	NA
46	606	taking	1	NA
46	607	long	1	NA
46	608	vacations.	2	NA
46	609	Yet	1	NA
46	610	even	1	NA
46	611	he	1	NA
46	612	has	1	NA
46	613	spoken	1	NA
46	614	out	1	NA
46	615	against	1	NA
46	616	the	1	NA
46	617	unreasonable	1	NA
46	618	demands	1	NA
46	619	companies	1	they
46	620	place	1	NA
46	621	on	1	NA
46	622	their	1	NA
46	623	employees	1	NA
46	624	as	1	NA
46	625	they	1	NA
46	626	struggle	1	NA
46	627	to	1	NA
46	628	stay	1	NA
46	629	afloat	1	NA
46	630	in	1	NA
46	631	a	1	NA
46	632	more	1	NA
46	633	complex	1	NA
46	634	globalized	2	NA
46	635	market.	2	NA
46	636	Japan's	2	It,
46	637	working	1	It,
46	638	culture,	2	It,
46	639	Abe	1	he
46	640	said	1	NA
46	641	recently,	2	NA
46	642	“falsely	4	NA
46	643	beatifies	2	NA
46	644	long	1	them”.
46	645	hours”.	4	them”.
47	0	You've	2	NA
47	1	spent	1	NA
47	2	eight	1	NA
47	3	hours	1	NA
47	4	in	1	NA
47	5	the	1	it.
47	6	office.	2	it.
47	7	You've	2	NA
47	8	finished	1	NA
47	9	the	1	NA
47	10	most	1	NA
47	11	important	1	NA
47	12	work	1	NA
47	13	of	1	NA
47	14	the	1	NA
47	15	day.	2	NA
47	16	This	1	NA
47	17	is	1	NA
47	18	the	1	it.
47	19	time	1	it.
47	20	when	1	it.
47	21	most	1	it.
47	22	workers	1	it.
47	23	would	1	it.
47	24	think	1	it.
47	25	about	1	it.
47	26	going	1	it.
47	27	home.	2	it.
47	28	But,	2	NA
47	29	for	1	NA
47	30	millions	1	they,
47	31	of	1	they,
47	32	Japanese	1	they,
47	33	employees,	2	they,
47	34	if	1	NA
47	35	they	1	NA
47	36	leave	1	NA
47	37	work	1	it
47	38	and	1	NA
47	39	arrive	1	NA
47	40	home	1	NA
47	41	in	1	NA
47	42	time	1	NA
47	43	for	1	NA
47	44	dinner,	2	NA
47	45	people	1	NA
47	46	say	1	NA
47	47	that	1	NA
47	48	they	1	NA
47	49	are	1	NA
47	50	disloyal	2	NA
47	51	to	1	NA
47	52	their	1	NA
47	53	company.	2	NA
47	54	But	1	NA
47	55	now,	2	NA
47	56	the	1	it
47	57	government	1	it
47	58	is	1	NA
47	59	trying	1	NA
47	60	to	1	NA
47	61	do	1	NA
47	62	something	1	NA
47	63	about	1	NA
47	64	Japan's	2	its
47	65	culture	1	NA
47	66	of	1	NA
47	67	overwork.	3	NA
47	68	It	1	NA
47	69	wants	1	NA
47	70	to	1	NA
47	71	make	1	NA
47	72	workers	1	them
47	73	take	1	NA
47	74	at	1	NA
47	75	least	1	NA
47	76	five	1	NA
47	77	days'	2	NA
47	78	paid	1	NA
47	79	holiday	1	NA
47	80	a	1	it.
47	81	year.	2	it.
47	82	Japanese	1	They
47	83	employees	1	They
47	84	are	1	NA
47	85	allowed	1	NA
47	86	an	1	NA
47	87	average	1	NA
47	88	of	1	NA
47	89	18.5	3	NA
47	90	days'	2	NA
47	91	paid	1	NA
47	92	holiday	1	NA
47	93	a	1	it,
47	94	year,	2	it,
47	95	fewer	1	NA
47	96	than	1	NA
47	97	the	1	NA
47	98	global	1	NA
47	99	average.	2	NA
47	100	Companies	1	They
47	101	must	1	NA
47	102	allow	1	NA
47	103	them	1	NA
47	104	a	1	NA
47	105	minimum	1	NA
47	106	of	1	NA
47	107	ten	1	NA
47	108	days'	2	NA
47	109	paid	1	NA
47	110	holiday,	2	NA
47	111	plus	1	NA
47	112	15	1	them.
47	113	one-day	3	them.
47	114	national	1	them.
47	115	holidays.	2	them.
47	116	But	1	NA
47	117	very	1	NA
47	118	few	1	NA
47	119	employees	1	NA
47	120	take	1	NA
47	121	these	1	them.
47	122	days.	2	them.
47	123	Most	1	NA
47	124	take	1	NA
47	125	only	1	NA
47	126	nine	1	NA
47	127	days	1	NA
47	128	of	1	NA
47	129	holiday,	2	NA
47	130	according	1	NA
47	131	to	1	NA
47	132	the	1	it.
47	133	labor	1	it.
47	134	ministry.	2	it.
47	135	Many	1	They
47	136	British	1	They
47	137	workers	1	They
47	138	think	1	NA
47	139	that	1	NA
47	140	a	1	NA
47	141	two-week	3	NA
47	142	summer	1	NA
47	143	holiday	1	NA
47	144	is	1	NA
47	145	their	1	NA
47	146	right	1	NA
47	147	but	1	NA
47	148	workers	1	NA
47	149	in	1	NA
47	150	Japan	1	it
47	151	think	1	NA
47	152	that	1	NA
47	153	a	1	it
47	154	four-night	3	it
47	155	vacation	1	it
47	156	is	1	NA
47	157	a	1	it.
47	158	big	1	it.
47	159	self-indulgence.	6	it.
47	160	By	1	NA
47	161	2020,	2	NA
47	162	the	1	it
47	163	government	1	it
47	164	hopes	1	NA
47	165	that	1	NA
47	166	the	1	NA
47	167	law	1	NA
47	168	will	1	NA
47	169	make	1	NA
47	170	Japanese	1	them
47	171	employees	1	them
47	172	follow	1	NA
47	173	the	1	NA
47	174	example	1	NA
47	175	of	1	NA
47	176	British	1	NA
47	177	workers,	2	NA
47	178	who	1	NA
47	179	take	1	NA
47	180	an	1	NA
47	181	average	1	NA
47	182	of	1	NA
47	183	20	1	NA
47	184	days'	2	NA
47	185	paid	1	NA
47	186	annual	1	NA
47	187	leave,	2	NA
47	188	and	1	NA
47	189	workers	1	NA
47	190	in	1	NA
47	191	France,	2	it,
47	192	who	1	NA
47	193	take	1	NA
47	194	an	1	NA
47	195	average	1	NA
47	196	of	1	NA
47	197	25.	2	NA
47	198	Japan's	2	They
47	199	employees	1	They
47	200	are	1	NA
47	201	respected	1	NA
47	202	and	1	NA
47	203	admired	1	NA
47	204	in	1	NA
47	205	the	1	NA
47	206	rest	1	NA
47	207	of	1	NA
47	208	the	1	NA
47	209	world	1	NA
47	210	for	1	NA
47	211	their	1	NA
47	212	commitment	1	NA
47	213	to	1	NA
47	214	the	1	NA
47	215	company.	2	NA
47	216	But	1	NA
47	217	they	1	NA
47	218	often	1	NA
47	219	have	1	NA
47	220	no	1	NA
47	221	time	1	NA
47	222	for	1	NA
47	223	anything	1	NA
47	224	else.	2	NA
47	225	Couples	2	NA
47	226	don't	2	NA
47	227	have	1	NA
47	228	time	1	NA
47	229	to	1	NA
47	230	start	1	NA
47	231	families.	2	NA
47	232	So,	2	NA
47	233	Japan	1	it
47	234	has	1	NA
47	235	a	1	NA
47	236	low	1	NA
47	237	birth	1	NA
47	238	rate	1	NA
47	239	and	1	NA
47	240	the	1	NA
47	241	population	1	NA
47	242	is	1	NA
47	243	declining.	2	NA
47	244	More	1	NA
47	245	employees	1	NA
47	246	are	1	NA
47	247	falling	1	NA
47	248	ill	1	NA
47	249	from	1	NA
47	250	stress	1	NA
47	251	or	1	NA
47	252	even	1	NA
47	253	dying	1	NA
47	254	through	1	NA
47	255	overwork.	3	NA
47	256	Japanese	1	They
47	257	people	1	They
47	258	continue	1	NA
47	259	to	1	NA
47	260	work	1	NA
47	261	hard,	2	NA
47	262	despite	1	NA
47	263	studies	1	NA
47	264	that	1	NA
47	265	suggest	1	NA
47	266	that	1	NA
47	267	longer	1	NA
47	268	hours	1	NA
47	269	at	1	NA
47	270	work	1	NA
47	271	do	1	NA
47	272	not	1	NA
47	273	necessarily	1	NA
47	274	make	1	NA
47	275	people	1	NA
47	276	more	1	NA
47	277	productive.	2	NA
47	278	About	1	NA
47	279	22%	2	NA
47	280	of	1	NA
47	281	Japanese	1	they
47	282	work	1	NA
47	283	more	1	NA
47	284	than	1	NA
47	285	49	1	NA
47	286	hours	1	NA
47	287	a	1	NA
47	288	week,	2	NA
47	289	compared	1	NA
47	290	with	1	NA
47	291	16%	2	NA
47	292	of	1	NA
47	293	US	1	NA
47	294	workers	1	NA
47	295	and	1	NA
47	296	11%	2	NA
47	297	in	1	NA
47	298	France	1	it
47	299	and	1	NA
47	300	Germany,	2	NA
47	301	according	1	NA
47	302	to	1	NA
47	303	data	1	NA
47	304	from	1	NA
47	305	the	1	it.
47	306	Japanese	1	it.
47	307	government.	2	it.
47	308	“Nobody	3	“It
47	309	else	1	“It
47	310	uses	1	NA
47	311	their	1	NA
47	312	vacation	1	NA
47	313	days,”	4	NA
47	314	says	1	NA
47	315	Erika	2	she,
47	316	Sekiguchi,	4	she,
47	317	a	1	she.
47	318	36-year-old	5	she.
47	319	employee.	2	she.
47	320	She	1	NA
47	321	spends	1	NA
47	322	14	1	NA
47	323	hours	1	NA
47	324	a	1	NA
47	325	day	1	NA
47	326	at	1	NA
47	327	work	1	it
47	328	and	1	NA
47	329	used	1	NA
47	330	only	1	NA
47	331	eight	1	them
47	332	of	1	them
47	333	her	1	them
47	334	20	1	them
47	335	days	1	them
47	336	of	1	them
47	337	paid	1	them
47	338	vacation	1	them
47	339	in	1	NA
47	340	2014,	2	NA
47	341	six	1	they
47	342	of	1	they
47	343	which	1	they
47	344	were	1	NA
47	345	sick	1	it.
47	346	leave.	2	it.
47	347	Yuu	2	He,
47	348	Wakebe,	3	He,
47	349	who	1	He,
47	350	works	1	He,
47	351	at	1	He,
47	352	the	1	He,
47	353	health	1	He,
47	354	ministry,	2	He,
47	355	admits	1	NA
47	356	that	1	NA
47	357	he	1	NA
47	358	does	1	NA
47	359	100	1	NA
47	360	hours	1	NA
47	361	of	1	NA
47	362	overtime	1	NA
47	363	a	1	NA
47	364	month.	2	NA
47	365	“It	3	NA
47	366	is	1	NA
47	367	a	1	it
47	368	worker's	2	it
47	369	right	1	it
47	370	to	1	NA
47	371	take	1	NA
47	372	paid	1	NA
47	373	vacations,”	4	NA
47	374	Wakebe	2	he
47	375	said.	2	NA
47	376	“But	3	NA
47	377	sadly	1	NA
47	378	workers	1	they
47	379	in	1	they
47	380	Japan	1	they
47	381	have	1	NA
47	382	to	1	NA
47	383	do	1	NA
47	384	a	1	NA
47	385	lot	1	NA
47	386	of	1	NA
47	387	extra	1	NA
47	388	work	1	NA
47	389	for	1	NA
47	390	no	1	NA
47	391	money.”	4	NA
47	392	Workers	1	they.
47	393	are	1	they.
47	394	scared	1	they.
47	395	that	1	they.
47	396	their	1	they.
47	397	colleagues	1	they.
47	398	will	1	they.
47	399	think	1	they.
47	400	they	1	they.
47	401	are	1	they.
47	402	not	1	they.
47	403	working	1	they.
47	404	hard	1	they.
47	405	enough.	2	they.
47	406	This	1	NA
47	407	is	1	NA
47	408	one	1	it.
47	409	reason	1	it.
47	410	for	1	it.
47	411	a	1	it.
47	412	rise	1	it.
47	413	in	1	it.
47	414	stress-related	3	it.
47	415	illness,	2	it.
47	416	early	1	it.
47	417	death	1	it.
47	418	and	1	it.
47	419	suicide.	2	it.
47	420	About	1	NA
47	421	200	1	NA
47	422	people	1	NA
47	423	die	1	NA
47	424	every	1	NA
47	425	year	1	NA
47	426	from	1	NA
47	427	heart	1	NA
47	428	attacks	1	NA
47	429	and	1	NA
47	430	strokes	1	NA
47	431	in	1	NA
47	432	Japan,	2	it,
47	433	caused	1	NA
47	434	by	1	NA
47	435	long	1	them
47	436	hours	1	them
47	437	and	1	NA
47	438	hard	1	NA
47	439	work.	2	NA
47	440	The	1	He,
47	441	prime	1	He,
47	442	minister,	2	He,
47	443	Shinzo	1	he,
47	444	Abe,	2	he,
47	445	is	1	NA
47	446	not	1	NA
47	447	known	1	NA
47	448	for	1	NA
47	449	taking	1	NA
47	450	long	1	NA
47	451	vacations.	2	NA
47	452	But	1	NA
47	453	even	1	NA
47	454	he	1	NA
47	455	has	1	NA
47	456	said	1	NA
47	457	that	1	NA
47	458	companies	1	they
47	459	ask	1	NA
47	460	too	1	NA
47	461	much	1	NA
47	462	of	1	NA
47	463	their	1	NA
47	464	employees	1	NA
47	465	and	1	NA
47	466	that	1	NA
47	467	working	1	they
47	468	hours	1	they
47	469	in	1	they
47	470	Japan	1	they
47	471	are	1	NA
47	472	too	1	NA
47	473	long.	2	NA
48	0	A	1	He
48	1	lonely	1	He
48	2	old	1	He
48	3	man	1	He
48	4	living	1	He
48	5	in	1	He
48	6	a	1	He
48	7	crater	1	He
48	8	on	1	He
48	9	the	1	He
48	10	moon	1	He
48	11	is	1	NA
48	12	the	1	it,
48	13	unlikely	1	it,
48	14	focus	1	it,
48	15	of	1	it,
48	16	John	1	it,
48	17	Lewis's	2	it,
48	18	Christmas	1	it,
48	19	2015	1	it,
48	20	advertisement,	2	it,
48	21	as	1	NA
48	22	the	1	it
48	23	department	1	it
48	24	store	1	it
48	25	puts	1	NA
48	26	a	1	NA
48	27	charitable	1	NA
48	28	spin	1	NA
48	29	on	1	NA
48	30	its	1	its.
48	31	latest	1	its.
48	32	multi-million	3	its.
48	33	pound	1	its.
48	34	campaign.	2	its.
48	35	Amid	1	NA
48	36	increasing	1	NA
48	37	hype	1	NA
48	38	around	1	NA
48	39	John	1	it,
48	40	Lewis's	2	it,
48	41	seasonal	1	it,
48	42	ad,	2	it,
48	43	which	1	it,
48	44	has	1	it,
48	45	come	1	it,
48	46	to	1	it,
48	47	mark	1	it,
48	48	the	1	it,
48	49	beginning	1	it,
48	50	of	1	it,
48	51	the	1	it,
48	52	Christmas	1	it,
48	53	shopping	1	it,
48	54	season	1	it,
48	55	for	1	it,
48	56	many,	2	it,
48	57	the	1	it
48	58	department	1	it
48	59	store	1	it
48	60	will	1	NA
48	61	aim	1	NA
48	62	to	1	NA
48	63	use	1	NA
48	64	its	1	NA
48	65	profile	1	NA
48	66	to	1	NA
48	67	raise	1	NA
48	68	hundreds	1	NA
48	69	of	1	NA
48	70	thousands	1	NA
48	71	of	1	NA
48	72	pounds	1	NA
48	73	for	1	NA
48	74	the	1	it
48	75	charity	1	it
48	76	Age	1	NA
48	77	UK.	2	NA
48	78	It	1	NA
48	79	will	1	NA
48	80	also	1	NA
48	81	encourage	1	NA
48	82	staff	1	its
48	83	and	1	NA
48	84	customers	1	NA
48	85	to	1	NA
48	86	join	1	NA
48	87	up	1	NA
48	88	with	1	NA
48	89	their	1	NA
48	90	local	1	NA
48	91	branch	1	NA
48	92	of	1	NA
48	93	the	1	it
48	94	charity	1	it
48	95	to	1	NA
48	96	care	1	NA
48	97	for	1	NA
48	98	elderly	1	NA
48	99	people	1	NA
48	100	who	1	NA
48	101	might	1	NA
48	102	otherwise	1	NA
48	103	be	1	NA
48	104	alone	1	NA
48	105	over	1	NA
48	106	the	1	it.
48	107	holiday.	2	it.
48	108	The	1	It
48	109	retailer	1	It
48	110	has	1	NA
48	111	spent	1	NA
48	112	£7m	3	NA
48	113	on	1	NA
48	114	a	1	it.
48	115	campaign	1	it.
48	116	that	1	it.
48	117	ranges	1	it.
48	118	from	1	it.
48	119	the	1	it.
48	120	slick	1	it.
48	121	TV	1	it.
48	122	ad	1	it.
48	123	to	1	it.
48	124	a	1	it.
48	125	smartphone	1	it.
48	126	game	1	it.
48	127	and	1	it.
48	128	merchandise,	2	it.
48	129	including	1	it.
48	130	glow-in-the-dark	7	it.
48	131	pyjamas,	4	it.
48	132	as	1	it.
48	133	well	1	it.
48	134	as	1	it.
48	135	areas	1	it.
48	136	decked	2	it.
48	137	out	1	it.
48	138	like	1	it.
48	139	the	1	it.
48	140	surface	1	it.
48	141	of	1	it.
48	142	the	1	it.
48	143	moon	1	it.
48	144	in	1	it.
48	145	11	1	it.
48	146	stores.	2	it.
48	147	After	1	NA
48	148	two	1	NA
48	149	years	1	NA
48	150	of	1	NA
48	151	successful	1	NA
48	152	ads	1	NA
48	153	featuring	1	NA
48	154	cuddly	3	NA
48	155	animals	1	NA
48	156	–	1	NA
48	157	a	1	NA
48	158	bear	1	NA
48	159	and	1	NA
48	160	hare,	3	NA
48	161	then	1	NA
48	162	a	1	NA
48	163	penguin	2	NA
48	164	–	1	NA
48	165	this	1	NA
48	166	time,	2	NA
48	167	the	1	it
48	168	retailer	1	it
48	169	is	1	NA
48	170	tugging	2	NA
48	171	at	1	NA
48	172	the	1	NA
48	173	heartstrings	2	NA
48	174	with	1	NA
48	175	a	1	NA
48	176	story	1	NA
48	177	of	1	NA
48	178	a	1	her,
48	179	young	1	her,
48	180	girl,	2	her,
48	181	Lily,	2	she,
48	182	who	1	NA
48	183	spots	1	NA
48	184	an	1	him
48	185	old	1	him
48	186	man	1	him
48	187	living	1	him
48	188	in	1	him
48	189	a	1	him
48	190	shack	1	him
48	191	on	1	him
48	192	the	1	him
48	193	moon	1	him
48	194	through	1	NA
48	195	her	1	NA
48	196	telescope.	2	NA
48	197	The	1	She
48	198	determined	1	She
48	199	child	1	She
48	200	tries	1	NA
48	201	sending	1	NA
48	202	him	1	NA
48	203	a	1	NA
48	204	letter	1	NA
48	205	and	1	NA
48	206	firing	1	NA
48	207	a	1	NA
48	208	note	1	NA
48	209	via	1	NA
48	210	bow	1	NA
48	211	and	1	NA
48	212	arrow,	2	NA
48	213	before	1	NA
48	214	floating	1	NA
48	215	him	1	NA
48	216	a	1	NA
48	217	present	1	NA
48	218	of	1	NA
48	219	a	1	NA
48	220	telescope	1	NA
48	221	tied	1	NA
48	222	to	1	NA
48	223	balloons,	2	NA
48	224	which	1	NA
48	225	finally	1	NA
48	226	enables	1	NA
48	227	them	1	NA
48	228	to	1	NA
48	229	make	1	NA
48	230	contact.	2	NA
48	231	The	1	Its
48	232	ad's	2	Its
48	233	strapline	3	NA
48	234	is:	2	NA
48	235	“Show	3	NA
48	236	someone	1	NA
48	237	they're	2	NA
48	238	loved	1	NA
48	239	this	1	it,”
48	240	Christmas,”	4	it,”
48	241	which	1	NA
48	242	echoes	1	NA
48	243	Age	1	its
48	244	UK's	2	its
48	245	own	1	NA
48	246	campaign:	2	NA
48	247	“No	3	NA
48	248	one	1	NA
48	249	should	1	NA
48	250	have	1	NA
48	251	no	1	NA
48	252	one	1	NA
48	253	at	1	NA
48	254	Christmas.”	4	it.”
48	255	Profits	2	NA
48	256	from	1	NA
48	257	three	1	they
48	258	products	1	they
48	259	–	1	NA
48	260	a	1	they
48	261	mug,	2	they
48	262	gift	1	they
48	263	tag	1	they
48	264	and	1	they
48	265	card	1	they
48	266	–	1	NA
48	267	will	1	NA
48	268	go	1	NA
48	269	to	1	NA
48	270	the	1	it.
48	271	charity.	2	it.
48	272	“The	3	“It
48	273	charity	1	“It
48	274	really	1	NA
48	275	resonates	2	NA
48	276	with	1	NA
48	277	people	1	NA
48	278	at	1	NA
48	279	this	1	NA
48	280	time	1	NA
48	281	of	1	NA
48	282	year	1	NA
48	283	and	1	NA
48	284	the	1	it
48	285	ad	1	it
48	286	lends	1	NA
48	287	itself	1	NA
48	288	to	1	NA
48	289	thinking	1	NA
48	290	about	1	NA
48	291	someone	1	NA
48	292	who	1	NA
48	293	lives	1	NA
48	294	on	1	NA
48	295	your	1	NA
48	296	street	1	NA
48	297	that	1	NA
48	298	might	1	NA
48	299	not	1	NA
48	300	see	1	NA
48	301	anybody,”	4	NA
48	302	said	1	NA
48	303	Rachel	1	she,
48	304	Swift,	2	she,
48	305	head	1	she.
48	306	of	1	she.
48	307	marketing	1	she.
48	308	at	1	she.
48	309	John	1	she.
48	310	Lewis.	2	she.
48	311	The	1	It
48	312	campaign	1	It
48	313	features	1	NA
48	314	the	1	NA
48	315	Oasis	2	NA
48	316	track	1	NA
48	317	Half	1	NA
48	318	the	1	NA
48	319	World	1	NA
48	320	Away	1	NA
48	321	reinterpreted	3	NA
48	322	by	1	NA
48	323	little-known	3	NA
48	324	Norwegian	1	NA
48	325	artist	1	NA
48	326	Aurora.	2	NA
48	327	The	1	It
48	328	ad	1	It
48	329	cost	1	NA
48	330	£1m	3	NA
48	331	to	1	NA
48	332	make.	2	NA
48	333	The	1	NA
48	334	moon	1	NA
48	335	scenes	1	NA
48	336	were	1	NA
48	337	shot	1	NA
48	338	at	1	NA
48	339	the	1	NA
48	340	Warner	1	NA
48	341	Bros	1	NA
48	342	Studios,	2	NA
48	343	where	1	NA
48	344	the	1	NA
48	345	Harry	1	NA
48	346	Potter	1	NA
48	347	films	1	NA
48	348	were	1	NA
48	349	made,	2	NA
48	350	and	1	NA
48	351	the	1	NA
48	352	specially	1	NA
48	353	built	1	NA
48	354	set	1	NA
48	355	was	1	NA
48	356	created	1	NA
48	357	by	1	NA
48	358	one	1	NA
48	359	of	1	NA
48	360	the	1	NA
48	361	team	1	NA
48	362	behind	1	NA
48	363	the	1	it,
48	364	latest	1	it,
48	365	Star	1	it,
48	366	Wars	1	it,
48	367	film,	2	it,
48	368	The	1	it.
48	369	Force	1	it.
48	370	Awakens.	2	it.
48	371	As	1	NA
48	372	in	1	NA
48	373	the	1	NA
48	374	last	1	NA
48	375	few	1	NA
48	376	years,	2	NA
48	377	John	1	it
48	378	Lewis	1	it
48	379	has	1	NA
48	380	drummed	2	NA
48	381	up	1	NA
48	382	interest	1	NA
48	383	in	1	NA
48	384	their	1	its
48	385	most	1	its
48	386	recent	1	its
48	387	ad	1	its
48	388	prior	1	NA
48	389	to	1	NA
48	390	its	1	NA
48	391	release	1	NA
48	392	with	1	NA
48	393	a	1	NA
48	394	teaser	1	NA
48	395	campaign	1	NA
48	396	on	1	NA
48	397	TV	1	NA
48	398	and	1	NA
48	399	social	1	NA
48	400	media	1	NA
48	401	using	1	NA
48	402	the	1	NA
48	403	hashtag	1	NA
48	404	#OnTheMoon.	5	NA
48	405	There	1	NA
48	406	will	1	NA
48	407	be	1	NA
48	408	a	1	NA
48	409	full	1	NA
48	410	moon	1	NA
48	411	on	1	NA
48	412	Christmas	1	NA
48	413	Day	1	NA
48	414	2015	1	it
48	415	–	1	NA
48	416	a	1	NA
48	417	complete	1	NA
48	418	coincidence,	2	NA
48	419	according	1	NA
48	420	to	1	NA
48	421	Swift.	2	him.
48	422	In	1	NA
48	423	2014,	2	it,
48	424	the	1	NA
48	425	retailer	1	NA
48	426	John	1	NA
48	427	Lewis	1	NA
48	428	also	1	NA
48	429	spent	1	NA
48	430	£7m	3	NA
48	431	on	1	NA
48	432	a	1	it.
48	433	campaign	1	it.
48	434	featuring	1	it.
48	435	a	1	it.
48	436	realistic	1	it.
48	437	animated	1	it.
48	438	penguin	2	it.
48	439	and	1	it.
48	440	a	1	it.
48	441	young	1	it.
48	442	boy	1	it.
48	443	playing	1	it.
48	444	together	1	it.
48	445	to	1	it.
48	446	the	1	it.
48	447	tune	1	it.
48	448	of	1	it.
48	449	John	1	it.
48	450	Lennon's	2	it.
48	451	Real	1	it.
48	452	Love,	2	it.
48	453	sung	1	it.
48	454	by	1	it.
48	455	British	1	it.
48	456	singer-songwriter	4	it.
48	457	Tom	1	it.
48	458	Odell.	3	it.
48	459	It	1	NA
48	460	had	1	NA
48	461	drummed	2	NA
48	462	up	1	NA
48	463	22	1	NA
48	464	million	1	NA
48	465	views	1	NA
48	466	on	1	NA
48	467	YouTube	1	NA
48	468	by	1	NA
48	469	the	1	NA
48	470	first	1	NA
48	471	week	1	NA
48	472	of	1	NA
48	473	January,	2	NA
48	474	ahead	1	NA
48	475	of	1	NA
48	476	the	1	NA
48	477	16.6	3	NA
48	478	million	1	NA
48	479	clocked	2	NA
48	480	by	1	NA
48	481	Sainsbury's	4	it,
48	482	ad	1	it,
48	483	featuring	1	it,
48	484	First	1	it,
48	485	World	1	it,
48	486	War	1	it,
48	487	soldiers	1	it,
48	488	sharing	1	it,
48	489	a	1	it,
48	490	bar	1	it,
48	491	of	1	it,
48	492	chocolate,	2	it,
48	493	the	1	it.
48	494	UK's	2	it.
48	495	next	1	it.
48	496	most	1	it.
48	497	popular	1	it.
48	498	ad	1	it.
48	499	of	1	it.
48	500	2014.	2	it.
48	501	Swift	1	He
48	502	said	1	NA
48	503	that,	2	NA
48	504	despite	1	NA
48	505	the	1	NA
48	506	hype,	2	NA
48	507	John	1	it
48	508	Lewis	1	it
48	509	had	1	NA
48	510	stuck	1	NA
48	511	to	1	NA
48	512	the	1	NA
48	513	same	1	NA
48	514	strategy	1	NA
48	515	for	1	NA
48	516	the	1	NA
48	517	last	1	NA
48	518	five	1	NA
48	519	years.	2	NA
48	520	“It's	4	NA
48	521	all	1	NA
48	522	about	1	NA
48	523	thoughtful	1	NA
48	524	gifting	2	NA
48	525	and	1	NA
48	526	going	1	NA
48	527	the	1	NA
48	528	extra	1	NA
48	529	mile	1	NA
48	530	for	1	NA
48	531	someone	1	NA
48	532	you	1	NA
48	533	love	1	NA
48	534	at	1	NA
48	535	Christmas,”	4	it,”
48	536	she	1	NA
48	537	said.	2	NA
48	538	“In	3	NA
48	539	2015,	2	it,
48	540	we	1	NA
48	541	don't	2	NA
48	542	go	1	NA
48	543	into	1	NA
48	544	it	1	NA
48	545	thinking,	2	NA
48	546	'This	2	NA
48	547	is	1	NA
48	548	going	1	NA
48	549	to	1	NA
48	550	be	1	NA
48	551	huge,'	2	NA
48	552	just	1	NA
48	553	getting	1	NA
48	554	something	1	NA
48	555	right	1	NA
48	556	for	1	NA
48	557	the	1	NA
48	558	brand	1	NA
48	559	at	1	NA
48	560	this	1	NA
48	561	time	1	NA
48	562	of	1	NA
48	563	year	1	NA
48	564	and	1	NA
48	565	something	1	NA
48	566	we	1	NA
48	567	hope	1	NA
48	568	customers	1	NA
48	569	really	1	NA
48	570	love.”	4	NA
49	0	The	1	NA
49	1	department	1	NA
49	2	store	1	NA
49	3	John	1	it
49	4	Lewis	1	it
49	5	has	1	NA
49	6	a	1	it.
49	7	2015	1	it.
49	8	Christmas	1	it.
49	9	advertisement.	2	it.
49	10	The	1	It
49	11	ad	1	It
49	12	shows	1	NA
49	13	a	1	him.
49	14	lonely	1	him.
49	15	old	1	him.
49	16	man	1	him.
49	17	who	1	him.
49	18	lives	1	him.
49	19	on	1	him.
49	20	the	1	him.
49	21	moon.	2	him.
49	22	The	1	It,
49	23	ad,	2	It,
49	24	which	1	It,
49	25	for	1	It,
49	26	many	1	It,
49	27	people	1	It,
49	28	shows	1	It,
49	29	that	1	It,
49	30	the	1	It,
49	31	Christmas	1	It,
49	32	shopping	1	It,
49	33	season	1	It,
49	34	has	1	It,
49	35	begun,	2	It,
49	36	aims	1	NA
49	37	to	1	NA
49	38	raise	1	NA
49	39	hundreds	1	NA
49	40	of	1	NA
49	41	thousands	1	NA
49	42	of	1	NA
49	43	pounds	1	NA
49	44	for	1	NA
49	45	the	1	it.
49	46	charity	1	it.
49	47	Age	1	it.
49	48	UK.	2	it.
49	49	John	1	It
49	50	Lewis	1	It
49	51	will	1	NA
49	52	also	1	NA
49	53	encourage	1	NA
49	54	staff	1	NA
49	55	and	1	NA
49	56	customers	1	NA
49	57	to	1	NA
49	58	care	1	NA
49	59	for	1	NA
49	60	elderly	1	NA
49	61	people	1	NA
49	62	who	1	NA
49	63	might	1	NA
49	64	be	1	NA
49	65	alone	1	NA
49	66	over	1	NA
49	67	the	1	it.
49	68	holiday.	2	it.
49	69	The	1	It
49	70	department	1	It
49	71	store	1	It
49	72	has	1	NA
49	73	spent	1	NA
49	74	£7	2	NA
49	75	million	1	NA
49	76	on	1	NA
49	77	a	1	it.
49	78	campaign	1	it.
49	79	that	1	it.
49	80	includes	1	it.
49	81	the	1	it.
49	82	TV	1	it.
49	83	ad,	2	it.
49	84	a	1	it.
49	85	smartphone	1	it.
49	86	game	1	it.
49	87	and	1	it.
49	88	merchandise,	2	it.
49	89	including	1	it.
49	90	glow-in-the-dark	7	it.
49	91	pyjamas.	4	it.
49	92	It	1	NA
49	93	will	1	NA
49	94	also	1	NA
49	95	build	1	NA
49	96	areas	1	NA
49	97	that	1	NA
49	98	look	1	NA
49	99	like	1	NA
49	100	the	1	NA
49	101	surface	1	NA
49	102	of	1	NA
49	103	the	1	it
49	104	moon	1	it
49	105	in	1	NA
49	106	11	1	NA
49	107	of	1	NA
49	108	its	1	NA
49	109	stores.	2	NA
49	110	After	1	NA
49	111	two	1	NA
49	112	years	1	NA
49	113	of	1	NA
49	114	successful	1	NA
49	115	ads	1	NA
49	116	with	1	NA
49	117	cute	1	NA
49	118	animals	1	NA
49	119	–	1	NA
49	120	a	1	NA
49	121	bear	1	NA
49	122	and	1	NA
49	123	hare,	3	NA
49	124	then	1	NA
49	125	a	1	NA
49	126	penguin	2	NA
49	127	–	1	NA
49	128	this	1	NA
49	129	time,	2	NA
49	130	the	1	NA
49	131	story	1	NA
49	132	is	1	NA
49	133	about	1	NA
49	134	a	1	she,
49	135	young	1	she,
49	136	girl,	2	she,
49	137	Lily,	2	she,
49	138	who	1	NA
49	139	sees	1	NA
49	140	an	1	him
49	141	old	1	him
49	142	man	1	him
49	143	living	1	NA
49	144	in	1	NA
49	145	a	1	NA
49	146	small	1	NA
49	147	wooden	1	NA
49	148	house	1	NA
49	149	on	1	NA
49	150	the	1	it
49	151	moon	1	it
49	152	through	1	NA
49	153	her	1	NA
49	154	telescope.	2	NA
49	155	The	1	She
49	156	girl	1	She
49	157	first	1	NA
49	158	tries	1	NA
49	159	to	1	NA
49	160	send	1	NA
49	161	him	1	NA
49	162	a	1	NA
49	163	letter	1	NA
49	164	and	1	NA
49	165	a	1	NA
49	166	note	1	NA
49	167	via	1	NA
49	168	bow	1	NA
49	169	and	1	NA
49	170	arrow.	2	NA
49	171	Then,	2	NA
49	172	she	1	NA
49	173	floats	1	it.
49	174	him	1	it.
49	175	a	1	it.
49	176	present	1	it.
49	177	of	1	it.
49	178	a	1	it.
49	179	telescope	1	it.
49	180	tied	1	it.
49	181	to	1	it.
49	182	balloons.	2	it.
49	183	This	1	NA
49	184	finally	1	NA
49	185	allows	1	NA
49	186	them	1	NA
49	187	to	1	NA
49	188	make	1	NA
49	189	contact.	2	NA
49	190	The	1	It
49	191	ad's	2	It
49	192	message	1	It
49	193	is:	2	NA
49	194	“Show	3	“it.”
49	195	someone	1	“it.”
49	196	they're	2	“it.”
49	197	loved	1	“it.”
49	198	this	1	“it.”
49	199	Christmas.”	4	“it.”
49	200	This	1	NA
49	201	is	1	NA
49	202	similar	1	NA
49	203	to	1	NA
49	204	Age	1	it:
49	205	UK's	2	it:
49	206	campaign:	2	it:
49	207	“No	3	NA
49	208	one	1	NA
49	209	should	1	NA
49	210	have	1	NA
49	211	no	1	NA
49	212	one	1	NA
49	213	at	1	NA
49	214	Christmas.”	4	it.”
49	215	Profits	2	NA
49	216	from	1	NA
49	217	three	1	they
49	218	products	1	they
49	219	–	1	NA
49	220	a	1	them
49	221	mug,	2	them
49	222	gift	1	them
49	223	tag	1	them
49	224	and	1	them
49	225	card	1	them
49	226	–	1	NA
49	227	will	1	NA
49	228	go	1	NA
49	229	to	1	NA
49	230	the	1	it.
49	231	charity.	2	it.
49	232	Rachel	1	She,
49	233	Swift,	2	She,
49	234	head	1	she,
49	235	of	1	she,
49	236	marketing	1	she,
49	237	at	1	she,
49	238	John	1	she,
49	239	Lewis,	2	she,
49	240	said	1	NA
49	241	that	1	NA
49	242	people	1	NA
49	243	talk	1	NA
49	244	about	1	NA
49	245	charities	1	NA
49	246	at	1	NA
49	247	Christmas	1	it
49	248	and	1	NA
49	249	the	1	it
49	250	ad	1	it
49	251	makes	1	NA
49	252	you	1	NA
49	253	think	1	NA
49	254	about	1	NA
49	255	someone	1	them.
49	256	who	1	them.
49	257	lives	1	them.
49	258	on	1	them.
49	259	your	1	them.
49	260	street	1	them.
49	261	that	1	them.
49	262	might	1	them.
49	263	not	1	them.
49	264	see	1	them.
49	265	anybody.	2	them.
49	266	The	1	It
49	267	campaign	1	It
49	268	features	1	NA
49	269	the	1	NA
49	270	Oasis	2	NA
49	271	track	1	NA
49	272	Half	1	NA
49	273	the	1	NA
49	274	World	1	NA
49	275	Away	1	NA
49	276	sung	1	NA
49	277	by	1	NA
49	278	Norwegian	1	NA
49	279	singer	1	NA
49	280	Aurora.	2	NA
49	281	The	1	It
49	282	ad	1	It
49	283	cost	1	NA
49	284	£1	2	NA
49	285	million	1	NA
49	286	to	1	NA
49	287	make.	2	NA
49	288	The	1	NA
49	289	moon	1	its
49	290	scenes	1	NA
49	291	were	1	NA
49	292	shot	1	NA
49	293	at	1	NA
49	294	the	1	NA
49	295	Warner	1	NA
49	296	Bros	1	NA
49	297	Studios,	2	NA
49	298	where	1	NA
49	299	the	1	NA
49	300	Harry	1	NA
49	301	Potter	1	NA
49	302	films	1	NA
49	303	were	1	NA
49	304	made,	2	NA
49	305	and	1	NA
49	306	the	1	NA
49	307	specially	1	NA
49	308	built	1	NA
49	309	set	1	NA
49	310	was	1	NA
49	311	created	1	NA
49	312	by	1	NA
49	313	one	1	NA
49	314	of	1	NA
49	315	the	1	NA
49	316	team	1	NA
49	317	behind	1	NA
49	318	the	1	it,
49	319	latest	1	it,
49	320	Star	1	it,
49	321	Wars	1	it,
49	322	film,	2	it,
49	323	The	1	it.
49	324	Force	1	it.
49	325	Awakens.	2	it.
49	326	As	1	NA
49	327	in	1	NA
49	328	the	1	NA
49	329	last	1	NA
49	330	few	1	NA
49	331	years,	2	NA
49	332	John	1	it
49	333	Lewis	1	it
49	334	showed	1	NA
49	335	a	1	NA
49	336	short	1	NA
49	337	film	1	NA
49	338	on	1	NA
49	339	TV	1	NA
49	340	and	1	NA
49	341	social	1	NA
49	342	media	1	NA
49	343	using	1	NA
49	344	the	1	NA
49	345	hashtag	1	NA
49	346	#OnTheMoon	4	NA
49	347	before	1	NA
49	348	it	1	NA
49	349	showed	1	NA
49	350	the	1	it.
49	351	full	1	it.
49	352	advertisement.	2	it.
49	353	There	1	NA
49	354	will	1	NA
49	355	be	1	NA
49	356	a	1	NA
49	357	full	1	NA
49	358	moon	1	NA
49	359	on	1	NA
49	360	Christmas	1	NA
49	361	Day	1	NA
49	362	2015	1	NA
49	363	–	1	NA
49	364	a	1	NA
49	365	complete	1	NA
49	366	coincidence,	2	NA
49	367	says	1	NA
49	368	Swift.	2	she.
49	369	In	1	NA
49	370	2014,	2	it,
49	371	John	1	it
49	372	Lewis	1	it
49	373	also	1	NA
49	374	spent	1	NA
49	375	£7	2	NA
49	376	million	1	NA
49	377	on	1	NA
49	378	a	1	it.
49	379	campaign	1	it.
49	380	with	1	it.
49	381	a	1	it.
49	382	penguin	2	it.
49	383	and	1	it.
49	384	a	1	it.
49	385	young	1	it.
49	386	boy	1	it.
49	387	playing	1	it.
49	388	together.	2	it.
49	389	It	1	NA
49	390	had	1	NA
49	391	22	1	NA
49	392	million	1	NA
49	393	views	1	NA
49	394	on	1	NA
49	395	YouTube	1	NA
49	396	by	1	NA
49	397	the	1	NA
49	398	first	1	NA
49	399	week	1	NA
49	400	of	1	NA
49	401	January	1	NA
49	402	–	1	NA
49	403	more	1	NA
49	404	than	1	NA
49	405	the	1	NA
49	406	16.6	3	NA
49	407	million	1	NA
49	408	views	1	NA
49	409	of	1	NA
49	410	Sainsbury's	4	its,
49	411	ad	1	its,
49	412	with	1	its,
49	413	First	1	its,
49	414	World	1	its,
49	415	War	1	its,
49	416	soldiers	1	its,
49	417	sharing	1	its,
49	418	a	1	its,
49	419	bar	1	its,
49	420	of	1	its,
49	421	chocolate,	2	its,
49	422	the	1	it.
49	423	UK's	2	it.
49	424	second	1	it.
49	425	most	1	it.
49	426	popular	1	it.
49	427	ad	1	it.
49	428	of	1	it.
49	429	2014.	2	it.
49	430	Swift	1	He
49	431	said	1	NA
49	432	that	1	NA
49	433	in	1	NA
49	434	2015	1	NA
49	435	John	1	it
49	436	Lewis	1	it
49	437	wants	1	NA
49	438	to	1	NA
49	439	just	1	NA
49	440	get	1	NA
49	441	“something	3	NA
49	442	right	1	NA
49	443	for	1	NA
49	444	the	1	NA
49	445	company	1	NA
49	446	at	1	NA
49	447	this	1	NA
49	448	time	1	NA
49	449	of	1	NA
49	450	year	1	NA
49	451	and	1	NA
49	452	do	1	NA
49	453	something	1	NA
49	454	we	1	NA
49	455	hope	1	NA
49	456	customers	1	NA
49	457	really	1	NA
49	458	love.”	4	NA
50	0	When	1	NA
50	1	Larry	1	he
50	2	Pizzi	3	he
50	3	first	1	NA
50	4	heard	1	NA
50	5	about	1	NA
50	6	electric	1	them
50	7	bikes	1	them
50	8	nearly	1	NA
50	9	20	1	NA
50	10	years	1	NA
50	11	ago,	2	NA
50	12	he	1	NA
50	13	asked:	2	NA
50	14	“Why	3	“it
50	15	would	1	“it
50	16	anyone	1	“it
50	17	want	1	“it
50	18	to	1	“it
50	19	screw	1	“it
50	20	up	1	“it
50	21	a	1	“it
50	22	bike	1	“it
50	23	by	1	“it
50	24	putting	1	“it
50	25	a	1	“it
50	26	motor	1	“it
50	27	and	1	“it
50	28	batteries	1	“it
50	29	on	1	“it
50	30	it?”	4	“it
50	31	It's	2	“it
50	32	a	1	it.
50	33	question	1	it.
50	34	that	1	it.
50	35	still	1	it.
50	36	puzzles	1	it.
50	37	traditionalists.	3	it.
50	38	Bicycle	1	They
50	39	shops	1	They
50	40	have	1	NA
50	41	been	1	NA
50	42	slow	1	NA
50	43	to	1	NA
50	44	stock	1	NA
50	45	e-bikes,	5	them,
50	46	even	1	NA
50	47	though	1	NA
50	48	they	1	NA
50	49	have	1	NA
50	50	been	1	NA
50	51	around	1	NA
50	52	since	1	NA
50	53	the	1	NA
50	54	late	1	NA
50	55	1990s.	3	NA
50	56	Sales	1	They.
50	57	in	1	They.
50	58	the	1	They.
50	59	US	1	They.
50	60	have	1	They.
50	61	been	1	They.
50	62	modest.	2	They.
50	63	Pizzi,	4	He,
50	64	who	1	He,
50	65	is	1	He,
50	66	now	1	He,
50	67	CEO	1	He,
50	68	of	1	He,
50	69	Currie	2	He,
50	70	Technologies,	2	He,
50	71	the	1	He,
50	72	number	1	He,
50	73	one	1	He,
50	74	seller	1	He,
50	75	of	1	He,
50	76	e-bikes	4	He,
50	77	in	1	He,
50	78	the	1	He,
50	79	US,	2	He,
50	80	believes	1	NA
50	81	that's	2	NA
50	82	about	1	NA
50	83	to	1	NA
50	84	change.	2	NA
50	85	Others	1	NA
50	86	in	1	NA
50	87	the	1	NA
50	88	industry	1	NA
50	89	agree.	2	NA
50	90	Familiar	2	They
50	91	brands	1	They
50	92	including	1	They
50	93	Trek,	2	They
50	94	Raleigh	1	They
50	95	and	1	They
50	96	Specialized	2	They
50	97	all	1	NA
50	98	offer	1	NA
50	99	electric	1	NA
50	100	models	1	NA
50	101	and	1	NA
50	102	they're	2	NA
50	103	betting	1	NA
50	104	the	1	NA
50	105	market	1	NA
50	106	is	1	NA
50	107	about	1	NA
50	108	to	1	NA
50	109	take	1	NA
50	110	off.	2	NA
50	111	“We're	4	NA
50	112	on	1	NA
50	113	the	1	NA
50	114	cusp	2	NA
50	115	of	1	NA
50	116	mainstream	1	NA
50	117	adoption,”	4	NA
50	118	Pizzi	3	he
50	119	said.	2	NA
50	120	“There	3	NA
50	121	are	1	NA
50	122	more	1	NA
50	123	players	1	NA
50	124	entering	1	NA
50	125	the	1	NA
50	126	category,	2	NA
50	127	it	1	NA
50	128	seems,	2	NA
50	129	with	1	NA
50	130	every	1	NA
50	131	passing	1	NA
50	132	month.”	4	NA
50	133	The	1	it
50	134	US	1	it
50	135	is	1	NA
50	136	an	1	it
50	137	outlier	2	it
50	138	when	1	NA
50	139	it	1	NA
50	140	comes	1	NA
50	141	to	1	NA
50	142	electric	1	them.
50	143	bikes.	2	them.
50	144	Nearly	1	They
50	145	32	1	They
50	146	million	1	They
50	147	e-bikes	4	They
50	148	were	1	NA
50	149	sold	1	NA
50	150	in	1	NA
50	151	2014,	2	it,
50	152	the	1	NA
50	153	vast	1	NA
50	154	majority	1	NA
50	155	in	1	NA
50	156	China,	2	NA
50	157	where	1	NA
50	158	they	1	NA
50	159	are	1	NA
50	160	primarily	1	NA
50	161	used	1	NA
50	162	for	1	NA
50	163	transportation.	2	NA
50	164	They	1	NA
50	165	are	1	NA
50	166	popular	1	NA
50	167	in	1	NA
50	168	much	1	NA
50	169	of	1	NA
50	170	Europe,	2	it,
50	171	too.	2	NA
50	172	They're	2	NA
50	173	common	1	NA
50	174	in	1	NA
50	175	the	1	it
50	176	Netherlands	1	it
50	177	and	1	NA
50	178	Switzerland;	2	NA
50	179	German	1	NA
50	180	postal	1	NA
50	181	workers	1	NA
50	182	use	1	NA
50	183	them	1	NA
50	184	to	1	NA
50	185	get	1	NA
50	186	around	1	NA
50	187	and	1	NA
50	188	BMW	1	NA
50	189	offers	1	NA
50	190	one	1	NA
50	191	for	1	NA
50	192	about	1	NA
50	193	$3,000.	5	NA
50	194	Electric	1	They
50	195	bikes	1	They
50	196	are	1	NA
50	197	different	1	NA
50	198	from	1	NA
50	199	motorcycles	1	NA
50	200	or	1	NA
50	201	mopeds,	4	them,
50	202	which	1	NA
50	203	rely	1	NA
50	204	on	1	NA
50	205	motorized	2	NA
50	206	power;	2	NA
50	207	they	1	NA
50	208	are	1	NA
50	209	bicycles	1	them.
50	210	that	1	them.
50	211	can	1	them.
50	212	be	1	them.
50	213	pedaled	2	them.
50	214	with	1	them.
50	215	–	1	them.
50	216	or	1	them.
50	217	without	1	them.
50	218	–	1	them.
50	219	assistance	1	them.
50	220	from	1	them.
50	221	an	1	them.
50	222	electric	1	them.
50	223	motor.	2	them.
50	224	Riding	1	NA
50	225	an	1	NA
50	226	e-bike	3	NA
50	227	feels	1	NA
50	228	like	1	NA
50	229	riding	1	NA
50	230	a	1	NA
50	231	conventional	1	NA
50	232	bike	1	NA
50	233	with	1	NA
50	234	a	1	NA
50	235	brisk	1	NA
50	236	tailwind;	3	NA
50	237	the	1	it
50	238	motor	1	it
50	239	helps	1	NA
50	240	you	1	NA
50	241	go	1	NA
50	242	faster	1	NA
50	243	or	1	NA
50	244	climb	1	NA
50	245	hills	1	NA
50	246	but	1	NA
50	247	it's	2	NA
50	248	typically	1	NA
50	249	not	1	NA
50	250	the	1	it.
50	251	primary	1	it.
50	252	source	1	it.
50	253	of	1	it.
50	254	propulsion.	2	it.
50	255	Unlike	1	NA
50	256	mopeds,	4	they,
50	257	e-	2	they
50	258	bicycles	1	they
50	259	are	1	NA
50	260	usually	1	NA
50	261	permitted	1	NA
50	262	on	1	NA
50	263	bike	1	NA
50	264	paths	1	NA
50	265	and	1	NA
50	266	they	1	NA
50	267	can't	2	NA
50	268	travel	1	NA
50	269	faster	1	NA
50	270	than	1	NA
50	271	20mph.	3	NA
50	272	To	1	NA
50	273	succeed,	2	NA
50	274	the	1	it
50	275	electric	1	it
50	276	bike	1	it
50	277	business	1	it
50	278	in	1	it
50	279	the	1	it
50	280	US	1	it
50	281	must	1	NA
50	282	clear	1	NA
50	283	legal,	2	NA
50	284	cultural	1	NA
50	285	and	1	NA
50	286	financial	1	NA
50	287	hurdles.	2	NA
50	288	E-bikes	4	They,
50	289	are	1	They,
50	290	banned	1	They,
50	291	in	1	They,
50	292	some	1	They,
50	293	states,	2	They,
50	294	including	1	They,
50	295	New	1	They,
50	296	York,	2	They,
50	297	although	1	NA
50	298	the	1	it
50	299	law	1	it
50	300	isn't	2	NA
50	301	strictly	1	NA
50	302	enforced.	2	NA
50	303	Traditionalists	2	NA
50	304	who	1	NA
50	305	own	1	NA
50	306	and	1	NA
50	307	staff	1	NA
50	308	bike	1	them
50	309	shops	1	them
50	310	don't	2	NA
50	311	like	1	NA
50	312	putting	1	NA
50	313	motors	1	NA
50	314	on	1	NA
50	315	bicycles,	2	them,
50	316	citing,	2	NA
50	317	among	1	NA
50	318	other	1	NA
50	319	things,	2	NA
50	320	the	1	NA
50	321	added	1	NA
50	322	weight.	2	NA
50	323	Some	1	NA
50	324	e-bikes	4	NA
50	325	are	1	NA
50	326	close	1	NA
50	327	to	1	NA
50	328	30kg.	3	NA
50	329	E-bikes	4	They
50	330	are	1	NA
50	331	also	1	NA
50	332	pricey.	2	NA
50	333	While	1	NA
50	334	low-end	3	NA
50	335	models	1	NA
50	336	sell	1	NA
50	337	for	1	NA
50	338	as	1	NA
50	339	little	1	NA
50	340	as	1	NA
50	341	$700,	3	NA
50	342	Court	1	he,
50	343	Rye,	2	he,
50	344	the	1	he,
50	345	founder	1	he,
50	346	and	1	he,
50	347	editor	1	he,
50	348	of	1	he,
50	349	ElectricBikeReview.com,	7	he,
50	350	a	1	he,
50	351	popular	1	he,
50	352	website,	2	he,
50	353	says	1	NA
50	354	riders	1	NA
50	355	should	1	NA
50	356	expect	1	NA
50	357	to	1	NA
50	358	pay	1	NA
50	359	at	1	it
50	360	least	1	it
50	361	$1,500	4	it
50	362	for	1	NA
50	363	a	1	NA
50	364	quality	1	NA
50	365	e-bike	3	NA
50	366	with	1	NA
50	367	a	1	NA
50	368	good	1	NA
50	369	battery.	2	NA
50	370	Top-of-the-line	7	NA
50	371	models	1	NA
50	372	cost	1	NA
50	373	more	1	NA
50	374	than	1	NA
50	375	twice	1	NA
50	376	that.	2	NA
50	377	The	1	They
50	378	companies	1	They
50	379	that	1	They
50	380	make	1	They
50	381	and	1	They
50	382	sell	1	They
50	383	e-bikes	4	They
50	384	say	1	NA
50	385	they	1	NA
50	386	can	1	NA
50	387	overcome	1	NA
50	388	those	1	NA
50	389	obstacles.	2	NA
50	390	E-bike	3	NA
50	391	technology,	2	NA
50	392	particularly	1	NA
50	393	the	1	they,
50	394	batteries,	2	they,
50	395	is	1	NA
50	396	improving.	2	NA
50	397	“Batteries	5	“They
50	398	are	1	NA
50	399	getting	1	NA
50	400	smaller,	2	NA
50	401	they're	2	NA
50	402	getting	1	NA
50	403	lighter,	2	NA
50	404	they're	2	NA
50	405	getting	1	NA
50	406	more	1	NA
50	407	reliable	1	NA
50	408	and	1	NA
50	409	they	1	NA
50	410	are	1	NA
50	411	lasting	1	NA
50	412	longer,”	4	NA
50	413	says	1	NA
50	414	Don	1	he,
50	415	DiCostanza,	4	he,
50	416	the	1	he,
50	417	founder	1	he,
50	418	and	1	he,
50	419	CEO	1	he,
50	420	of	1	he,
50	421	Pedego,	4	he,
50	422	an	1	he.
50	423	electric	1	he.
50	424	bikemaker	2	he.
50	425	and	1	he.
50	426	retailer.	2	he.
50	427	Big	1	NA
50	428	companies	1	NA
50	429	like	1	NA
50	430	Bosch	2	NA
50	431	and	1	NA
50	432	Shimano	2	NA
50	433	are	1	NA
50	434	entering	1	NA
50	435	the	1	it,
50	436	business,	2	it,
50	437	which	1	NA
50	438	should	1	NA
50	439	help	1	NA
50	440	erode	2	NA
50	441	resistance	1	NA
50	442	from	1	NA
50	443	bike	1	them.
50	444	shops.	2	them.
50	445	In	1	NA
50	446	the	1	NA
50	447	meantime,	2	NA
50	448	lobbying	1	NA
50	449	efforts	1	NA
50	450	are	1	NA
50	451	underway	1	NA
50	452	to	1	NA
50	453	permit	1	NA
50	454	the	1	NA
50	455	use	1	NA
50	456	of	1	NA
50	457	e-bikes	4	them
50	458	everywhere.	2	NA
50	459	Perhaps	1	NA
50	460	most	1	NA
50	461	importantly,	2	NA
50	462	as	1	NA
50	463	more	1	NA
50	464	cities	1	NA
50	465	build	1	NA
50	466	cycling	1	NA
50	467	infrastructure,	2	NA
50	468	including	1	NA
50	469	dedicated	1	NA
50	470	bike	1	NA
50	471	lanes,	2	NA
50	472	bicycle	1	its
50	473	commuting	1	NA
50	474	has	1	NA
50	475	become	1	NA
50	476	more	1	NA
50	477	popular.	2	NA
50	478	As	1	NA
50	479	the	1	NA
50	480	US	1	its
50	481	Census	1	NA
50	482	Bureau	1	NA
50	483	reported	1	NA
50	484	in	1	NA
50	485	2014,	2	it,
50	486	the	1	NA
50	487	number	1	NA
50	488	of	1	NA
50	489	bike	1	it
50	490	commuters	1	NA
50	491	grew	1	NA
50	492	from	1	NA
50	493	about	1	NA
50	494	488,000	4	NA
50	495	in	1	NA
50	496	2000	1	NA
50	497	to	1	NA
50	498	786,000	4	NA
50	499	in	1	NA
50	500	2012.	2	NA
50	501	Electric	1	They
50	502	bikes	1	They
50	503	make	1	NA
50	504	commuting	1	NA
50	505	more	1	NA
50	506	practical	1	NA
50	507	–	1	NA
50	508	and	1	NA
50	509	fun	1	NA
50	510	–	1	NA
50	511	by	1	NA
50	512	easing	1	NA
50	513	worry	1	NA
50	514	about	1	NA
50	515	hills,	2	them,
50	516	headwinds	3	NA
50	517	and	1	NA
50	518	fatigue.	2	NA
50	519	Most	1	They
50	520	of	1	They
50	521	our	1	They
50	522	customers	1	They
50	523	are	1	NA
50	524	“aging	3	“they,”
50	525	baby	1	“they,”
50	526	boomers	2	“they,”
50	527	who	1	“they,”
50	528	want	1	“they,”
50	529	to	1	“they,”
50	530	rekindle	3	“they,”
50	531	the	1	“they,”
50	532	experience	1	“they,”
50	533	they	1	“they,”
50	534	had	1	“they,”
50	535	as	1	“they,”
50	536	a	1	“they,”
50	537	kid,”	4	“they,”
50	538	says	1	NA
50	539	Pedego's	4	he.
50	540	Don	1	he.
50	541	DiCostanza.	4	he.
50	542	“The	3	NA
50	543	main	1	NA
50	544	reason	1	NA
50	545	they	1	NA
50	546	stopped	1	NA
50	547	riding	1	NA
50	548	bikes	1	NA
50	549	was	1	NA
50	550	because	1	NA
50	551	of	1	NA
50	552	hills.”	4	them.”
50	553	Pedego	3	it
50	554	has	1	NA
50	555	opened	1	NA
50	556	nearly	1	NA
50	557	60	1	NA
50	558	stores	1	NA
50	559	in	1	NA
50	560	the	1	it
50	561	US	1	it
50	562	and	1	NA
50	563	it	1	NA
50	564	has	1	NA
50	565	sold	1	NA
50	566	bikes	1	them
50	567	to	1	NA
50	568	tour	1	NA
50	569	companies	1	NA
50	570	in	1	NA
50	571	San	1	NA
50	572	Francisco	1	NA
50	573	and	1	NA
50	574	Washington,	2	NA
50	575	DC.	2	NA
50	576	ElectroBike,	4	It,
50	577	which	1	It,
50	578	operates	1	It,
50	579	30	1	It,
50	580	stores	1	It,
50	581	in	1	It,
50	582	Mexico,	2	It,
50	583	opened	1	NA
50	584	its	1	NA
50	585	first	1	NA
50	586	American	1	NA
50	587	store	1	NA
50	588	in	1	NA
50	589	Venice	1	NA
50	590	Beach,	2	NA
50	591	California	1	NA
50	592	in	1	NA
50	593	the	1	NA
50	594	autumn	1	NA
50	595	of	1	NA
50	596	2014	1	it
50	597	and	1	NA
50	598	hopes	1	NA
50	599	to	1	NA
50	600	grow	1	NA
50	601	to	1	NA
50	602	25	1	NA
50	603	US	1	us
50	604	stores	1	NA
50	605	in	1	NA
50	606	a	1	NA
50	607	year.	2	NA
50	608	CEO	1	NA
50	609	Craig	1	NA
50	610	Anderson	1	NA
50	611	says:	2	NA
50	612	“We	3	NA
50	613	want	1	NA
50	614	to	1	NA
50	615	help	1	NA
50	616	reduce	1	NA
50	617	traffic,	2	NA
50	618	help	1	NA
50	619	reduce	1	NA
50	620	our	1	NA
50	621	carbon	1	NA
50	622	footprint	1	NA
50	623	and	1	NA
50	624	promote	1	NA
50	625	a	1	NA
50	626	healthy	1	NA
50	627	lifestyle.”	4	NA
50	628	Startups	2	NA
50	629	like	1	NA
50	630	Pedego	3	it
50	631	and	1	NA
50	632	ElectroBike	3	it
50	633	will	1	NA
50	634	have	1	NA
50	635	to	1	NA
50	636	compete	1	NA
50	637	with	1	NA
50	638	big	1	NA
50	639	companies	1	NA
50	640	like	1	NA
50	641	Trek	1	it
50	642	and	1	NA
50	643	Currie,	3	it.
50	644	which,	2	it.
50	645	in	1	it.
50	646	2012,	2	it.
50	647	was	1	it.
50	648	acquired	1	it.
50	649	by	1	it.
50	650	Accell,	3	it.
50	651	a	1	it.
50	652	public	1	it.
50	653	company	1	it.
50	654	based	1	it.
50	655	in	1	it.
50	656	the	1	it.
50	657	Netherlands	1	it.
50	658	that	1	it.
50	659	is	1	it.
50	660	Europe's	2	it.
50	661	market	1	it.
50	662	leader	1	it.
50	663	in	1	it.
50	664	e-bikes.	5	it.
50	665	Accell	2	It
50	666	owns	1	NA
50	667	the	1	NA
50	668	Raleigh	1	NA
50	669	brand,	2	NA
50	670	as	1	NA
50	671	well	1	NA
50	672	as	1	NA
50	673	Haibike,	4	it,
50	674	an	1	it.
50	675	award-winning	3	it.
50	676	German	1	it.
50	677	electric	1	it.
50	678	bike.	2	it.
50	679	“Accell	4	“It
50	680	has	1	NA
50	681	great	1	NA
50	682	expectations	1	NA
50	683	about	1	NA
50	684	e-bikes	4	them
50	685	in	1	NA
50	686	North	1	it,”
50	687	America,”	4	it,”
50	688	Currie's	3	he
50	689	Larry	1	he
50	690	Pizzi	3	he
50	691	says.	2	NA
50	692	“While	3	NA
50	693	baby	1	they
50	694	boomers	2	they
50	695	are	1	NA
50	696	still	1	NA
50	697	a	1	it,
50	698	very	1	it,
50	699	important	1	it,
50	700	segment,	2	it,
50	701	we're	2	NA
50	702	finding	1	NA
50	703	that	1	NA
50	704	a	1	NA
50	705	lot	1	NA
50	706	of	1	NA
50	707	younger	1	NA
50	708	people	1	NA
50	709	are	1	NA
50	710	now	1	NA
50	711	using	1	NA
50	712	e-bikes	4	them
50	713	for	1	NA
50	714	transportation,	2	NA
50	715	instead	1	NA
50	716	of	1	NA
50	717	cars.”	4	NA
50	718	Accell's	3	its
50	719	Yuba	2	NA
50	720	brand	1	NA
50	721	even	1	NA
50	722	sells	1	NA
50	723	a	1	it.
50	724	cargo	1	it.
50	725	bike	1	it.
50	726	with	1	it.
50	727	a	1	it.
50	728	stronger	1	it.
50	729	motor	1	it.
50	730	and	1	it.
50	731	rear	1	it.
50	732	rack.	2	it.
50	733	“You	3	NA
50	734	can	1	NA
50	735	carry	1	NA
50	736	two	1	NA
50	737	children,”	4	NA
50	738	says	1	NA
50	739	Pizzi.	4	he.
50	740	“You	3	NA
50	741	can	1	NA
50	742	carry	1	NA
50	743	45kg	2	NA
50	744	of	1	NA
50	745	shopping.	2	NA
50	746	It's	2	NA
50	747	a	1	it.”
50	748	minivan	2	it.”
50	749	alternative.”	4	it.”
51	0	When	1	NA
51	1	Larry	1	he
51	2	Pizzi	3	he
51	3	first	1	NA
51	4	heard	1	NA
51	5	about	1	NA
51	6	electric	1	them
51	7	bikes	1	them
51	8	nearly	1	NA
51	9	20	1	NA
51	10	years	1	NA
51	11	ago,	2	NA
51	12	he	1	NA
51	13	asked:	2	NA
51	14	“Why	3	“it
51	15	would	1	“it
51	16	anyone	1	“it
51	17	want	1	“it
51	18	to	1	“it
51	19	spoil	1	“it
51	20	a	1	“it
51	21	bike	1	“it
51	22	by	1	“it
51	23	putting	1	“it
51	24	a	1	“it
51	25	motor	1	“it
51	26	and	1	“it
51	27	batteries	1	“it
51	28	on	1	“it
51	29	it?”	4	“it
51	30	It's	2	“it
51	31	a	1	it.
51	32	question	1	it.
51	33	that	1	it.
51	34	some	1	it.
51	35	people	1	it.
51	36	still	1	it.
51	37	ask.	2	it.
51	38	Many	1	NA
51	39	bicycle	1	NA
51	40	shops	1	NA
51	41	in	1	NA
51	42	the	1	it
51	43	US	1	it
51	44	do	1	NA
51	45	not	1	NA
51	46	sell	1	NA
51	47	e-bikes.	5	them.
51	48	Pizzi	3	He
51	49	is	1	NA
51	50	CEO	1	he,
51	51	of	1	he,
51	52	Currie	2	he,
51	53	Technologies,	2	he,
51	54	the	1	it.
51	55	number	1	it.
51	56	one	1	it.
51	57	seller	1	it.
51	58	of	1	it.
51	59	e-bikes	4	it.
51	60	in	1	it.
51	61	the	1	it.
51	62	US.	2	it.
51	63	He	1	NA
51	64	believes	1	NA
51	65	that	1	NA
51	66	things	1	NA
51	67	will	1	NA
51	68	change	1	NA
51	69	very	1	NA
51	70	soon.	2	NA
51	71	Other	1	NA
51	72	people	1	NA
51	73	who	1	NA
51	74	sell	1	NA
51	75	bikes	1	them
51	76	agree.	2	NA
51	77	Familiar	2	They
51	78	brands	1	They
51	79	including	1	They
51	80	Trek,	2	They
51	81	Raleigh	1	They
51	82	and	1	They
51	83	Specialized	2	They
51	84	all	1	NA
51	85	offer	1	NA
51	86	electric	1	them
51	87	bikes	1	them
51	88	and	1	NA
51	89	they	1	NA
51	90	believe	1	NA
51	91	that	1	NA
51	92	the	1	NA
51	93	market	1	NA
51	94	is	1	NA
51	95	going	1	NA
51	96	to	1	NA
51	97	grow.	2	NA
51	98	The	1	It
51	99	US	1	It
51	100	is	1	NA
51	101	different	1	NA
51	102	from	1	NA
51	103	other	1	NA
51	104	countries	1	NA
51	105	when	1	NA
51	106	it	1	NA
51	107	comes	1	NA
51	108	to	1	NA
51	109	electric	1	them.
51	110	bikes.	2	them.
51	111	Nearly	1	They
51	112	32	1	They
51	113	million	1	They
51	114	e-bikes	4	They
51	115	were	1	NA
51	116	sold	1	NA
51	117	in	1	NA
51	118	2014,	2	it,
51	119	most	1	NA
51	120	of	1	NA
51	121	them	1	NA
51	122	in	1	NA
51	123	China,	2	NA
51	124	where	1	NA
51	125	people	1	NA
51	126	mostly	1	NA
51	127	use	1	NA
51	128	them	1	NA
51	129	for	1	NA
51	130	transportation.	2	NA
51	131	They	1	NA
51	132	are	1	NA
51	133	popular	1	NA
51	134	in	1	NA
51	135	many	1	NA
51	136	parts	1	NA
51	137	of	1	NA
51	138	Europe,	2	it,
51	139	too.	2	NA
51	140	They're	2	NA
51	141	common	1	NA
51	142	in	1	NA
51	143	the	1	NA
51	144	Netherlands	1	NA
51	145	and	1	NA
51	146	Switzerland;	2	NA
51	147	German	1	NA
51	148	postal	1	NA
51	149	workers	1	NA
51	150	use	1	NA
51	151	them	1	NA
51	152	and	1	NA
51	153	BMW	1	NA
51	154	sells	1	NA
51	155	one	1	NA
51	156	for	1	NA
51	157	about	1	NA
51	158	$3,000.	5	NA
51	159	Electric	1	They
51	160	bikes	1	They
51	161	are	1	NA
51	162	different	1	NA
51	163	from	1	NA
51	164	motorcycles	1	NA
51	165	or	1	NA
51	166	mopeds,	4	they,
51	167	which	1	NA
51	168	use	1	NA
51	169	motors;	2	their;
51	170	you	1	NA
51	171	pedal	1	NA
51	172	an	1	it
51	173	electric	1	it
51	174	bike	1	it
51	175	with	1	NA
51	176	–	1	NA
51	177	or	1	NA
51	178	without	1	NA
51	179	–	1	NA
51	180	help	1	NA
51	181	from	1	NA
51	182	an	1	it.
51	183	electric	1	it.
51	184	motor.	2	it.
51	185	Riding	1	NA
51	186	an	1	it
51	187	e-bike	3	it
51	188	feels	1	NA
51	189	like	1	NA
51	190	riding	1	NA
51	191	a	1	NA
51	192	normal	1	NA
51	193	bike	1	NA
51	194	with	1	NA
51	195	a	1	NA
51	196	strong	1	NA
51	197	wind	1	NA
51	198	behind	1	NA
51	199	you;	2	NA
51	200	the	1	it
51	201	motor	1	it
51	202	just	1	NA
51	203	helps	1	NA
51	204	you	1	NA
51	205	go	1	NA
51	206	faster	1	NA
51	207	or	1	NA
51	208	climb	1	NA
51	209	hills.	2	NA
51	210	Unlike	1	NA
51	211	mopeds,	4	them,
51	212	you	1	NA
51	213	can	1	NA
51	214	usually	1	NA
51	215	ride	1	NA
51	216	e-bicycles	5	them
51	217	on	1	NA
51	218	bike	1	them
51	219	lanes	1	them
51	220	and	1	NA
51	221	they	1	NA
51	222	can't	2	NA
51	223	travel	1	NA
51	224	faster	1	NA
51	225	than	1	NA
51	226	20mph.	3	NA
51	227	To	1	NA
51	228	succeed,	2	NA
51	229	the	1	NA
51	230	electric	1	its
51	231	bike	1	its
51	232	business	1	NA
51	233	in	1	NA
51	234	the	1	it
51	235	US	1	it
51	236	must	1	NA
51	237	overcome	1	NA
51	238	legal,	2	them.
51	239	cultural	1	them.
51	240	and	1	them.
51	241	financial	1	them.
51	242	challenges.	2	them.
51	243	E-bikes	4	They
51	244	are	1	NA
51	245	banned	1	NA
51	246	in	1	NA
51	247	some	1	NA
51	248	states	1	NA
51	249	in	1	NA
51	250	the	1	it,
51	251	US,	2	it,
51	252	including	1	NA
51	253	New	1	NA
51	254	York.	2	NA
51	255	Some	1	NA
51	256	bike	1	NA
51	257	shops	1	NA
51	258	don't	2	NA
51	259	like	1	NA
51	260	putting	1	it
51	261	motors	1	it
51	262	on	1	it
51	263	bicycles	1	it
51	264	because	1	NA
51	265	it	1	NA
51	266	makes	1	NA
51	267	them	1	NA
51	268	too	1	NA
51	269	heavy.	2	NA
51	270	Some	1	NA
51	271	e-bikes	4	NA
51	272	weigh	1	NA
51	273	nearly	1	NA
51	274	30kg.	3	NA
51	275	E-bikes	4	They
51	276	are	1	NA
51	277	also	1	NA
51	278	expensive.	2	NA
51	279	While	1	NA
51	280	cheap	1	NA
51	281	bikes	1	NA
51	282	sell	1	NA
51	283	for	1	NA
51	284	just	1	NA
51	285	$700,	3	NA
51	286	you	1	NA
51	287	will	1	NA
51	288	pay	1	NA
51	289	at	1	NA
51	290	least	1	NA
51	291	$1,500	4	NA
51	292	for	1	NA
51	293	a	1	NA
51	294	quality	1	NA
51	295	e-bike	3	NA
51	296	with	1	NA
51	297	a	1	NA
51	298	good	1	NA
51	299	battery.	2	NA
51	300	The	1	NA
51	301	best	1	NA
51	302	bikes	1	NA
51	303	cost	1	NA
51	304	more	1	NA
51	305	than	1	NA
51	306	$3,000.	5	NA
51	307	The	1	They
51	308	companies	1	They
51	309	that	1	They
51	310	make	1	They
51	311	and	1	They
51	312	sell	1	They
51	313	e-bikes	4	They
51	314	say	1	NA
51	315	they	1	NA
51	316	can	1	NA
51	317	deal	1	NA
51	318	with	1	NA
51	319	those	1	them.
51	320	challenges.	2	them.
51	321	E-bike	3	It
51	322	technology,	2	NA
51	323	particularly	1	NA
51	324	the	1	its,
51	325	batteries,	2	its,
51	326	is	1	NA
51	327	improving.	2	NA
51	328	“Batteries	5	“They
51	329	are	1	NA
51	330	getting	1	NA
51	331	smaller,	2	NA
51	332	they're	2	NA
51	333	getting	1	NA
51	334	lighter,	2	NA
51	335	they're	2	NA
51	336	getting	1	NA
51	337	more	1	NA
51	338	reliable	1	NA
51	339	and	1	NA
51	340	they	1	NA
51	341	are	1	NA
51	342	lasting	1	NA
51	343	longer,”	4	NA
51	344	says	1	NA
51	345	Don	1	he,
51	346	DiCostanza,	4	he,
51	347	the	1	he,
51	348	CEO	1	he,
51	349	of	1	he,
51	350	Pedego,	4	he,
51	351	an	1	it.
51	352	electric	1	it.
51	353	bikemaker	2	it.
51	354	and	1	it.
51	355	retailer.	2	it.
51	356	Perhaps	1	NA
51	357	most	1	NA
51	358	importantly,	2	NA
51	359	more	1	NA
51	360	cities	1	NA
51	361	are	1	NA
51	362	building	1	NA
51	363	bike	1	them
51	364	lanes	1	them
51	365	so	1	NA
51	366	bicycle	1	its
51	367	commuting	1	NA
51	368	has	1	NA
51	369	become	1	NA
51	370	more	1	NA
51	371	popular.	2	NA
51	372	As	1	NA
51	373	the	1	NA
51	374	US	1	us
51	375	Census	1	NA
51	376	Bureau	1	NA
51	377	reported	1	NA
51	378	in	1	NA
51	379	2014,	2	it,
51	380	the	1	NA
51	381	number	1	NA
51	382	of	1	NA
51	383	bike	1	it
51	384	commuters	1	NA
51	385	grew	1	NA
51	386	from	1	NA
51	387	about	1	NA
51	388	488,000	4	NA
51	389	in	1	NA
51	390	2000	1	NA
51	391	to	1	NA
51	392	786,000	4	NA
51	393	in	1	NA
51	394	2012.	2	NA
51	395	Electric	1	They
51	396	bikes	1	They
51	397	make	1	NA
51	398	commuting	1	NA
51	399	more	1	NA
51	400	practical	1	NA
51	401	–	1	NA
51	402	and	1	NA
51	403	fun	1	NA
51	404	–	1	NA
51	405	because	1	NA
51	406	people	1	NA
51	407	don't	2	NA
51	408	have	1	NA
51	409	to	1	NA
51	410	worry	1	NA
51	411	about	1	NA
51	412	hills,	2	them,
51	413	strong	1	NA
51	414	winds	1	NA
51	415	and	1	NA
51	416	tiredness.	3	NA
51	417	Most	1	They
51	418	of	1	They
51	419	our	1	They
51	420	customers	1	They
51	421	are	1	NA
51	422	“baby	3	“they,”
51	423	boomers	2	“they,”
51	424	who	1	“they,”
51	425	want	1	“they,”
51	426	to	1	“they,”
51	427	have	1	“they,”
51	428	the	1	“they,”
51	429	cycling	1	“they,”
51	430	experience	1	“they,”
51	431	they	1	“they,”
51	432	had	1	“they,”
51	433	as	1	“they,”
51	434	a	1	“they,”
51	435	kid,”	4	“they,”
51	436	says	1	NA
51	437	Pedego's	4	he.
51	438	Don	1	he.
51	439	DiCostanza.	4	he.
51	440	“The	3	NA
51	441	main	1	NA
51	442	reason	1	NA
51	443	they	1	NA
51	444	stopped	1	NA
51	445	riding	1	NA
51	446	bikes	1	them
51	447	was	1	NA
51	448	because	1	NA
51	449	of	1	NA
51	450	hills.”	4	them.”
51	451	Pedego	3	it
51	452	has	1	NA
51	453	opened	1	NA
51	454	nearly	1	NA
51	455	60	1	NA
51	456	stores	1	NA
51	457	in	1	NA
51	458	the	1	it.
51	459	US.	2	it.
51	460	ElectroBike	3	It
51	461	has	1	NA
51	462	30	1	NA
51	463	stores	1	NA
51	464	in	1	NA
51	465	Mexico.	2	NA
51	466	It	1	NA
51	467	opened	1	NA
51	468	its	1	NA
51	469	first	1	NA
51	470	American	1	NA
51	471	store	1	NA
51	472	in	1	NA
51	473	Venice	1	NA
51	474	Beach,	2	NA
51	475	California	1	NA
51	476	in	1	NA
51	477	2014	1	it
51	478	and	1	NA
51	479	hopes	1	NA
51	480	to	1	NA
51	481	have	1	NA
51	482	25	1	NA
51	483	US	1	its
51	484	stores	1	NA
51	485	in	1	NA
51	486	a	1	NA
51	487	year.	2	NA
51	488	CEO	1	He
51	489	Craig	1	He
51	490	Anderson	1	He
51	491	says:	2	NA
51	492	“We	3	NA
51	493	want	1	NA
51	494	to	1	NA
51	495	help	1	NA
51	496	reduce	1	NA
51	497	traffic,	2	NA
51	498	help	1	NA
51	499	reduce	1	NA
51	500	our	1	NA
51	501	carbon	1	NA
51	502	footprint	1	NA
51	503	and	1	NA
51	504	encourage	1	NA
51	505	a	1	NA
51	506	healthy	1	NA
51	507	lifestyle.”	4	NA
51	508	He	1	NA
51	509	tells	1	NA
51	510	customers:	2	NA
51	511	“Ride	4	NA
51	512	this	1	NA
51	513	bike	1	NA
51	514	once	1	NA
51	515	and	1	NA
51	516	try	1	NA
51	517	not	1	NA
51	518	to	1	NA
51	519	smile.”	4	NA
51	520	Startups	2	NA
51	521	like	1	NA
51	522	Pedego	3	it
51	523	and	1	NA
51	524	ElectroBike	3	it
51	525	will	1	NA
51	526	have	1	NA
51	527	to	1	NA
51	528	compete	1	NA
51	529	with	1	NA
51	530	big	1	NA
51	531	companies	1	NA
51	532	like	1	NA
51	533	Trek,	2	it,
51	534	Currie,	3	it,
51	535	and	1	NA
51	536	Accell	2	it
51	537	-	1	NA
51	538	the	1	it.
51	539	market	1	it.
51	540	leader	1	it.
51	541	in	1	it.
51	542	e-bikes	4	it.
51	543	in	1	it.
51	544	Europe.	2	it.
51	545	Accell	2	It
51	546	owns	1	NA
51	547	the	1	NA
51	548	Raleigh	1	NA
51	549	brand,	2	NA
51	550	as	1	NA
51	551	well	1	NA
51	552	as	1	NA
51	553	Haibike,	4	it,
51	554	an	1	it.
51	555	award-winning	3	it.
51	556	German	1	it.
51	557	electric	1	it.
51	558	bike.	2	it.
51	559	Currie's	3	He
51	560	Larry	1	He
51	561	Pizzi	3	He
51	562	thinks	1	NA
51	563	that	1	NA
51	564	e-bikes	4	they
51	565	will	1	NA
51	566	become	1	NA
51	567	popular	1	NA
51	568	in	1	NA
51	569	North	1	NA
51	570	America.	2	NA
51	571	Pizzi	3	He
51	572	says	1	NA
51	573	“Baby	3	NA
51	574	boomers	2	NA
51	575	are	1	NA
51	576	still	1	NA
51	577	very	1	NA
51	578	important,	2	NA
51	579	but	1	NA
51	580	also	1	NA
51	581	a	1	NA
51	582	lot	1	NA
51	583	of	1	NA
51	584	young	1	NA
51	585	people	1	NA
51	586	are	1	NA
51	587	now	1	NA
51	588	using	1	NA
51	589	e-bikes	4	them
51	590	for	1	NA
51	591	transportation,	2	NA
51	592	instead	1	NA
51	593	of	1	NA
51	594	cars.”	4	NA
51	595	There	1	NA
51	596	is	1	NA
51	597	even	1	NA
51	598	a	1	it.
51	599	cargo	1	it.
51	600	bike	1	it.
51	601	with	1	it.
51	602	a	1	it.
51	603	stronger	1	it.
51	604	motor	1	it.
51	605	and	1	it.
51	606	rack	1	it.
51	607	at	1	it.
51	608	the	1	it.
51	609	back.	2	it.
51	610	“You	3	NA
51	611	can	1	NA
51	612	carry	1	NA
51	613	two	1	NA
51	614	children,”	4	NA
51	615	says	1	NA
51	616	Pizzi.	4	he.
51	617	“You	3	NA
51	618	can	1	NA
51	619	carry	1	NA
51	620	45kg	2	NA
51	621	of	1	NA
51	622	shopping.	2	NA
51	623	It's	2	NA
51	624	a	1	it.”
51	625	minivan	2	it.”
51	626	alternative.”	4	it.”
52	0	Benjamin	2	He
52	1	Carle	2	He
52	2	is	1	NA
52	3	96.9%	4	NA
52	4	made	1	NA
52	5	in	1	NA
52	6	France,	2	it,
52	7	right	1	NA
52	8	down	1	NA
52	9	to	1	NA
52	10	his	1	NA
52	11	underpants	2	NA
52	12	and	1	NA
52	13	socks.	2	NA
52	14	Unfortunately,	2	NA
52	15	six	1	NA
52	16	Ikea	2	NA
52	17	forks,	2	NA
52	18	a	1	NA
52	19	Chinese	1	it
52	20	guitar	1	NA
52	21	and	1	NA
52	22	unsourced	2	NA
52	23	wall	1	NA
52	24	paint	1	NA
52	25	stopped	1	NA
52	26	him	1	NA
52	27	being	1	NA
52	28	declared	1	NA
52	29	a	1	NA
52	30	100%	2	NA
52	31	economic	1	NA
52	32	patriot,	2	NA
52	33	but	1	NA
52	34	nobody	1	NA
52	35	is	1	NA
52	36	perfect.	2	NA
52	37	Carle,	3	He,
52	38	26,	2	NA
52	39	set	1	NA
52	40	out,	2	NA
52	41	in	1	NA
52	42	2013,	2	NA
52	43	to	1	NA
52	44	see	1	NA
52	45	if	1	NA
52	46	it	1	NA
52	47	was	1	NA
52	48	possible	1	NA
52	49	to	1	it.
52	50	live	1	it.
52	51	using	1	it.
52	52	only	1	it.
52	53	French-made	3	it.
52	54	products	1	it.
52	55	for	1	it.
52	56	ten	1	it.
52	57	months	1	it.
52	58	as	1	it.
52	59	part	1	it.
52	60	of	1	it.
52	61	a	1	it.
52	62	television	1	it.
52	63	documentary.	2	it.
52	64	The	1	NA
52	65	idea	1	NA
52	66	was	1	NA
52	67	triggered	1	NA
52	68	by	1	NA
52	69	the	1	his
52	70	Minister	1	his
52	71	for	1	his
52	72	Economic	1	his
52	73	Renewal	2	his
52	74	Arnaud	3	his
52	75	Montebourg's	3	his
52	76	call	1	NA
52	77	for	1	NA
52	78	the	1	NA
52	79	public	1	NA
52	80	to	1	NA
52	81	buy	1	NA
52	82	French	1	NA
52	83	to	1	NA
52	84	save	1	NA
52	85	the	1	its
52	86	country's	2	its
52	87	industrial	1	NA
52	88	production	1	NA
52	89	sector.	2	NA
52	90	The	1	It
52	91	experiment	1	It
52	92	cost	1	NA
52	93	Carle	2	him
52	94	his	1	him
52	95	smartphone,	2	NA
52	96	television,	2	NA
52	97	refrigerator	1	it
52	98	(all	2	NA
52	99	made	1	NA
52	100	in	1	NA
52	101	China);	2	it);
52	102	his	1	NA
52	103	spectacles	2	NA
52	104	(Italian);	3	NA
52	105	his	1	NA
52	106	underpants	2	NA
52	107	(Moroccan);	5	NA
52	108	morning	1	NA
52	109	coffee	1	NA
52	110	(Guatemalan)	5	NA
52	111	and	1	NA
52	112	his	1	NA
52	113	adored	2	NA
52	114	David	1	his
52	115	Bowie	1	his
52	116	music	1	NA
52	117	(British).	3	NA
52	118	Fortunately,	2	NA
52	119	his	1	she,
52	120	long-suffering	4	she,
52	121	girlfriend,	2	she,
52	122	Anaïs,	4	she,
52	123	and	1	NA
52	124	cat,	2	it,
52	125	Loon,	3	it,
52	126	(both	2	(they)
52	127	French)	2	(they)
52	128	stuck	1	NA
52	129	with	1	NA
52	130	him.	2	NA
52	131	“Politicians	4	NA
52	132	say	1	NA
52	133	all	1	it
52	134	sorts	1	it
52	135	of	1	it
52	136	things	1	it
52	137	and	1	NA
52	138	expect	1	NA
52	139	us	1	NA
52	140	to	1	NA
52	141	go	1	NA
52	142	along	1	NA
52	143	with	1	NA
52	144	it.	2	NA
52	145	I	1	NA
52	146	wanted	1	NA
52	147	to	1	NA
52	148	see	1	NA
52	149	if	1	NA
52	150	it	1	NA
52	151	was	1	NA
52	152	possible	1	NA
52	153	and	1	NA
52	154	feasible	1	NA
52	155	to	1	NA
52	156	do	1	NA
52	157	what	1	NA
52	158	the	1	he
52	159	minister	1	he
52	160	was	1	NA
52	161	asking	1	NA
52	162	us	1	NA
52	163	to	1	NA
52	164	do;	2	NA
52	165	to	1	NA
52	166	hold	1	NA
52	167	him	1	NA
52	168	to	1	NA
52	169	account	1	NA
52	170	for	1	NA
52	171	his	1	NA
52	172	words,”	4	NA
52	173	Carle	2	she
52	174	told	1	NA
52	175	the	1	NA
52	176	Guardian	1	NA
52	177	over	1	NA
52	178	a	1	NA
52	179	non-French	3	NA
52	180	coffee	1	NA
52	181	in	1	NA
52	182	a	1	NA
52	183	Parisian	2	NA
52	184	café	1	NA
52	185	after	1	NA
52	186	finishing	1	NA
52	187	his	1	it.
52	188	documentary.	2	it.
52	189	He	1	NA
52	190	set	1	NA
52	191	just	1	NA
52	192	three	1	NA
52	193	rules	1	NA
52	194	for	1	NA
52	195	himself:	2	NA
52	196	eat	1	NA
52	197	only	1	them,
52	198	foods	1	them,
52	199	produced	1	them,
52	200	in	1	them,
52	201	France,	2	them,
52	202	eliminate	1	NA
52	203	contact	1	NA
52	204	with	1	NA
52	205	foreign-made	3	NA
52	206	goods	1	NA
52	207	and	1	NA
52	208	do	1	NA
52	209	so	1	NA
52	210	on	1	NA
52	211	€1,800	4	NA
52	212	a	1	NA
52	213	month	1	NA
52	214	(above	2	NA
52	215	the	1	NA
52	216	minimum	1	NA
52	217	wage	1	NA
52	218	of	1	NA
52	219	€1,430	4	NA
52	220	to	1	NA
52	221	cover	1	NA
52	222	the	1	NA
52	223	extra	1	NA
52	224	expense	1	NA
52	225	of	1	NA
52	226	living	1	NA
52	227	in	1	NA
52	228	Paris).	2	NA
52	229	The	1	NA
52	230	journalist	1	NA
52	231	was	1	NA
52	232	shocked	1	NA
52	233	to	1	NA
52	234	find	1	NA
52	235	out	1	NA
52	236	at	1	NA
52	237	the	1	NA
52	238	start	1	NA
52	239	of	1	NA
52	240	the	1	it
52	241	experiment	1	it
52	242	that	1	NA
52	243	only	1	NA
52	244	4.5%	4	NA
52	245	of	1	NA
52	246	the	1	NA
52	247	contents	1	NA
52	248	of	1	NA
52	249	his	1	it
52	250	flat	1	it
52	251	were	1	NA
52	252	made	1	NA
52	253	nationally	1	NA
52	254	–	1	NA
52	255	and	1	NA
52	256	that	1	NA
52	257	the	1	NA
52	258	rest	1	NA
52	259	would	1	NA
52	260	have	1	NA
52	261	to	1	NA
52	262	go,	2	NA
52	263	including	1	NA
52	264	the	1	NA
52	265	lightbulbs	3	NA
52	266	(China)	3	(it)
52	267	and	1	NA
52	268	green	1	NA
52	269	beans	1	NA
52	270	(Kenya).	4	NA
52	271	The	1	NA
52	272	removal	1	NA
52	273	men	1	NA
52	274	left	1	NA
52	275	Carle's	3	it
52	276	home	1	it
52	277	almost	1	NA
52	278	bare.	2	NA
52	279	Left	1	NA
52	280	without	1	NA
52	281	a	1	it
52	282	refrigerator	1	it
52	283	(none	2	NA
52	284	are	1	NA
52	285	made	1	NA
52	286	in	1	NA
52	287	France)	2	it)
52	288	or	1	NA
52	289	nail	1	NA
52	290	clippers,	3	NA
52	291	he	1	NA
52	292	was	1	NA
52	293	forced	1	NA
52	294	to	1	NA
52	295	chill	1	NA
52	296	his	1	NA
52	297	food	1	NA
52	298	on	1	NA
52	299	the	1	NA
52	300	window	1	NA
52	301	ledge	1	NA
52	302	and	1	NA
52	303	saw	1	NA
52	304	at	1	NA
52	305	his	1	NA
52	306	toenails	3	NA
52	307	with	1	NA
52	308	a	1	NA
52	309	penknife.	3	NA
52	310	His	1	NA
52	311	foreign-made	3	NA
52	312	clothes,	2	NA
52	313	down	1	NA
52	314	to	1	NA
52	315	his	1	NA
52	316	underwear,	2	NA
52	317	were	1	NA
52	318	replaced	1	NA
52	319	with	1	NA
52	320	more	1	NA
52	321	expensive	1	NA
52	322	alternatives:	2	NA
52	323	French-produced	3	NA
52	324	underpants	2	NA
52	325	(€26),	4	NA
52	326	socks	1	NA
52	327	(€9),	4	NA
52	328	polo	2	NA
52	329	shirt	1	NA
52	330	(€75),	4	NA
52	331	espadrille	3	NA
52	332	sandals	2	NA
52	333	(	1	NA
52	334	€26),	3	NA
52	335	but	1	NA
52	336	no	1	NA
52	337	jeans	1	NA
52	338	as	1	NA
52	339	none	1	NA
52	340	are	1	NA
52	341	produced	1	NA
52	342	in	1	NA
52	343	France.	2	it.
52	344	During	1	NA
52	345	the	1	it,
52	346	experiment,	2	it,
52	347	Carle	2	he
52	348	scoured	2	NA
52	349	supermarket	1	NA
52	350	shelves	1	NA
52	351	for	1	NA
52	352	100%	2	them,
52	353	French-made	3	them,
52	354	products,	2	them,
52	355	learned	1	NA
52	356	to	1	NA
52	357	cook	1	NA
52	358	seasonal	1	NA
52	359	fruit	1	NA
52	360	and	1	NA
52	361	vegetables	1	NA
52	362	grown	1	NA
52	363	in	1	NA
52	364	France,	2	NA
52	365	proudly	1	NA
52	366	brushed	1	NA
52	367	his	1	NA
52	368	teeth	1	NA
52	369	with	1	NA
52	370	the	1	NA
52	371	last	1	NA
52	372	toothbrush	2	NA
52	373	made	1	NA
52	374	in	1	NA
52	375	France	1	it
52	376	by	1	NA
52	377	a	1	NA
52	378	company	1	NA
52	379	in	1	NA
52	380	Picardie	2	NA
52	381	employing	1	NA
52	382	29	1	NA
52	383	people	1	NA
52	384	and	1	NA
52	385	hand-washed	3	NA
52	386	his	1	NA
52	387	smalls	2	NA
52	388	until	1	NA
52	389	he	1	NA
52	390	found	1	NA
52	391	the	1	NA
52	392	last	1	NA
52	393	French-made	3	NA
52	394	washing	1	NA
52	395	machine	1	NA
52	396	(which,	3	NA
52	397	being	1	NA
52	398	top	1	NA
52	399	opening,	2	NA
52	400	would	1	NA
52	401	not	1	NA
52	402	fit	1	NA
52	403	under	1	NA
52	404	the	1	NA
52	405	kitchen	1	NA
52	406	counter).	2	NA
52	407	Going	1	NA
52	408	out	1	NA
52	409	with	1	NA
52	410	friends	1	NA
52	411	was	1	NA
52	412	problematic	1	NA
52	413	–	1	NA
52	414	no	1	NA
52	415	American	1	NA
52	416	films,	2	NA
52	417	no	1	NA
52	418	Belgian	1	NA
52	419	beer,	2	NA
52	420	no	1	NA
52	421	sushi	1	NA
52	422	or	1	NA
52	423	pizza.	2	NA
52	424	Staying	2	NA
52	425	home,	2	NA
52	426	with	1	NA
52	427	no	1	NA
52	428	sofa	1	NA
52	429	for	1	NA
52	430	the	1	NA
52	431	first	1	NA
52	432	few	1	NA
52	433	months	1	NA
52	434	and	1	NA
52	435	no	1	NA
52	436	television,	2	NA
52	437	meant	1	NA
52	438	listening	1	NA
52	439	to	1	NA
52	440	crooner	2	him
52	441	Michel	1	him
52	442	Sardou	2	him
52	443	and	1	NA
52	444	reading	1	NA
52	445	French	1	NA
52	446	novels.	2	NA
52	447	French	1	NA
52	448	wine	1	NA
52	449	was,	2	NA
52	450	of	1	NA
52	451	course,	2	NA
52	452	allowed	1	NA
52	453	and	1	NA
52	454	French-	2	NA
52	455	Canadian	1	NA
52	456	singer	1	NA
52	457	Céline	3	NA
52	458	Dion,	2	NA
52	459	but	1	NA
52	460	not,	2	NA
52	461	according	1	NA
52	462	to	1	NA
52	463	his	1	NA
52	464	advisers,	2	NA
52	465	French	1	NA
52	466	bands	1	NA
52	467	such	1	NA
52	468	as	1	NA
52	469	Daft	2	NA
52	470	Punk,	2	NA
52	471	who	1	NA
52	472	sing	1	NA
52	473	in	1	NA
52	474	English.	2	NA
52	475	Unable	1	NA
52	476	to	1	NA
52	477	use	1	NA
52	478	his	1	NA
52	479	British-made	3	NA
52	480	bicycle	1	NA
52	481	or	1	NA
52	482	even	1	NA
52	483	a	1	NA
52	484	French	1	NA
52	485	car	1	NA
52	486	after	1	NA
52	487	discovering	1	NA
52	488	the	1	NA
52	489	only	1	NA
52	490	affordable	1	NA
52	491	Peugeot,	4	NA
52	492	Renault	1	NA
52	493	and	1	NA
52	494	Citroën	4	NA
52	495	models	1	NA
52	496	are	1	NA
52	497	mostly	1	NA
52	498	made	1	NA
52	499	overseas,	2	NA
52	500	Carle	2	he
52	501	invested	1	NA
52	502	in	1	NA
52	503	a	1	NA
52	504	fug-emitting	4	NA
52	505	orange	1	NA
52	506	Mobylette	3	NA
52	507	moped.	3	NA
52	508	The	1	They
52	509	last	1	They
52	510	things	1	They
52	511	to	1	They
52	512	go	1	They
52	513	were	1	NA
52	514	the	1	them.
52	515	computer,	2	them.
52	516	replaced	1	them.
52	517	by	1	them.
52	518	a	1	them.
52	519	Qooq,	4	them.
52	520	a	1	them.
52	521	recipe	1	them.
52	522	tablet	1	them.
52	523	that	1	them.
52	524	connects	1	them.
52	525	–	1	them.
52	526	slowly	1	them.
52	527	–	1	them.
52	528	to	1	them.
52	529	the	1	them.
52	530	internet	1	them.
52	531	and	1	them.
52	532	the	1	them.
52	533	iPhone,	2	them.
52	534	swapped	1	them.
52	535	for	1	them.
52	536	an	1	them.
52	537	old	1	them.
52	538	Sagem	2	them.
52	539	mobile.	2	them.
52	540	The	1	It
52	541	documentary	1	It
52	542	shows	1	NA
52	543	Carle	2	him
52	544	–	1	him
52	545	realizing	1	him
52	546	he	1	him
52	547	is	1	him
52	548	addicted	1	him
52	549	to	1	him
52	550	his	1	him
52	551	iPhone	1	him
52	552	–	1	NA
52	553	smashing	1	NA
52	554	it	1	NA
52	555	with	1	NA
52	556	a	1	it,
52	557	brand-	2	it,
52	558	new	1	it,
52	559	French-made	3	it,
52	560	Tefal	3	it,
52	561	saucepan,	3	it,
52	562	while	1	NA
52	563	his	1	NA
52	564	girlfriend	1	NA
52	565	shrieks:	3	NA
52	566	“Are	3	NA
52	567	you	1	NA
52	568	crazy?	2	NA
52	569	Those	1	NA
52	570	are	1	NA
52	571	new	1	my!”
52	572	pans!”	4	my!”
52	573	Carle	2	he
52	574	tells	1	NA
52	575	viewers	1	NA
52	576	his	1	NA
52	577	aim	1	NA
52	578	is	1	NA
52	579	to	1	NA
52	580	“save	3	NA
52	581	the	1	NA
52	582	French	1	NA
52	583	economy.	2	NA
52	584	After	1	NA
52	585	all,	2	NA
52	586	I	1	NA
52	587	like	1	NA
52	588	Mission	1	NA
52	589	Impossible.”	4	NA
52	590	He	1	NA
52	591	admits	1	NA
52	592	the	1	it
52	593	experiment	1	it
52	594	was	1	NA
52	595	part	1	NA
52	596	serious	1	NA
52	597	and	1	NA
52	598	part	1	NA
52	599	jest.	3	NA
52	600	At	1	NA
52	601	one	1	NA
52	602	point,	2	NA
52	603	he	1	NA
52	604	consults	2	NA
52	605	a	1	them
52	606	French	1	them
52	607	language	1	them
52	608	expert	1	them
52	609	to	1	NA
52	610	check	1	NA
52	611	if	1	NA
52	612	he	1	NA
52	613	should	1	NA
52	614	keep	1	NA
52	615	using	1	NA
52	616	“cool”	5	“it”
52	617	and	1	NA
52	618	other	1	NA
52	619	Anglicisms	2	NA
52	620	–	1	NA
52	621	he	1	NA
52	622	was	1	NA
52	623	advised	1	NA
52	624	to	1	NA
52	625	swap	1	NA
52	626	it	1	NA
52	627	for	1	NA
52	628	the	1	it:
52	629	nearest	1	it:
52	630	French	1	it:
52	631	equivalent:	2	it:
52	632	“chouette.”	8	“it.”
52	633	On	1	NA
52	634	discovering	1	NA
52	635	France	1	it
52	636	makes	1	NA
52	637	no	1	NA
52	638	refrigerators	2	NA
52	639	(apart	3	NA
52	640	from	1	NA
52	641	wine	1	NA
52	642	coolers)	3	NA
52	643	or	1	NA
52	644	televisions,	3	NA
52	645	but	1	NA
52	646	is	1	NA
52	647	big	1	NA
52	648	in	1	NA
52	649	airplane	1	NA
52	650	seats	1	NA
52	651	and	1	NA
52	652	windmills,	4	NA
52	653	he	1	NA
52	654	sighs	2	NA
52	655	and	1	NA
52	656	says:	2	NA
52	657	“Great.	4	NA
52	658	Nothing	1	NA
52	659	that	1	NA
52	660	will	1	NA
52	661	fit	1	NA
52	662	into	1	NA
52	663	my	1	it.”
52	664	apartment.”	4	it.”
52	665	At	1	NA
52	666	the	1	NA
52	667	end	1	NA
52	668	of	1	NA
52	669	the	1	it,
52	670	experiment,	2	it,
52	671	Carle	2	he
52	672	takes	1	NA
52	673	out	1	NA
52	674	a	1	NA
52	675	bank	1	NA
52	676	loan	1	NA
52	677	to	1	NA
52	678	refurnish	3	NA
52	679	his	1	it
52	680	home	1	it
52	681	and	1	NA
52	682	clothe	2	NA
52	683	himself.	2	NA
52	684	A	1	It”
52	685	special	1	It”
52	686	“auditor”	6	It”
52	687	declares	1	NA
52	688	him	1	NA
52	689	96.9%	4	NA
52	690	“made	3	NA
52	691	in	1	NA
52	692	France”	3	it”
52	693	and	1	NA
52	694	Montebourg	2	he
52	695	visits	1	NA
52	696	to	1	NA
52	697	present	1	NA
52	698	him	1	NA
52	699	with	1	NA
52	700	a	1	NA
52	701	medal.	2	NA
52	702	Carle's	3	His
52	703	conclusion:	2	NA
52	704	“It's	4	NA
52	705	not	1	NA
52	706	entirely	1	NA
52	707	possible	1	NA
52	708	or	1	NA
52	709	even	1	NA
52	710	desirable	1	NA
52	711	to	1	it.”
52	712	live	1	it.”
52	713	100%	2	it.”
52	714	‘made	3	it.”
52	715	in	1	it.”
52	716	France,'	2	it.”
52	717	particularly	1	it.”
52	718	in	1	it.”
52	719	terms	1	it.”
52	720	of	1	it.”
52	721	new	1	it.”
52	722	technology.”	4	it.”
52	723	But	1	NA
52	724	that	1	NA
52	725	wasn't	2	NA
52	726	the	1	NA
52	727	point.	2	NA
52	728	“This	3	NA
52	729	wasn't	2	NA
52	730	about	1	NA
52	731	French	1	NA
52	732	nationalism	1	NA
52	733	or	1	NA
52	734	patriotism.	2	NA
52	735	It	1	NA
52	736	was	1	NA
52	737	trying	1	NA
52	738	to	1	NA
52	739	show	1	NA
52	740	that	1	NA
52	741	we	1	we,
52	742	should	1	we,
52	743	reflect	1	we,
52	744	about	1	we,
52	745	the	1	we,
52	746	way	1	we,
52	747	we	1	we,
52	748	consume	1	we,
52	749	and	1	we,
52	750	make	1	we,
52	751	different	1	we,
52	752	choices,	2	we,
52	753	and	1	NA
52	754	that	1	NA
52	755	applies	1	NA
52	756	in	1	NA
52	757	all	1	NA
52	758	countries.	2	NA
52	759	If	1	NA
52	760	we	1	NA
52	761	want	1	NA
52	762	to	1	NA
52	763	save	1	NA
52	764	jobs	1	them
52	765	and	1	NA
52	766	industries,	2	NA
52	767	wherever	1	NA
52	768	we	1	NA
52	769	are,	2	NA
52	770	we	1	NA
52	771	might	1	NA
52	772	think	1	NA
52	773	about	1	NA
52	774	supporting	1	NA
52	775	them.”	4	NA
52	776	According	1	NA
52	777	to	1	NA
52	778	Carle,	3	it,
52	779	“A	3	“it
52	780	T-shirt	3	“it
52	781	is	1	NA
52	782	more	1	NA
52	783	expensive	1	NA
52	784	in	1	NA
52	785	France	1	it
52	786	but	1	NA
52	787	I	1	NA
52	788	can	1	NA
52	789	be	1	NA
52	790	sure	1	NA
52	791	it	1	NA
52	792	has	1	NA
52	793	been	1	NA
52	794	produced	1	NA
52	795	by	1	NA
52	796	workers	1	NA
52	797	who	1	NA
52	798	are	1	NA
52	799	correctly	1	NA
52	800	paid	1	NA
52	801	and	1	NA
52	802	have	1	NA
52	803	good	1	NA
52	804	working	1	NA
52	805	conditions.	2	NA
52	806	I	1	NA
52	807	cannot	1	NA
52	808	be	1	NA
52	809	sure	1	NA
52	810	about	1	NA
52	811	a	1	NA
52	812	cheaper	1	NA
52	813	T-shirt	3	NA
52	814	produced	1	NA
52	815	in	1	NA
52	816	Asia	1	NA
52	817	or	1	NA
52	818	Morocco.”	4	NA
52	819	He	1	NA
52	820	added:	2	NA
52	821	“It's	4	NA
52	822	hypocrisy	1	NA
52	823	to	1	it
52	824	go	1	it
52	825	around	1	it
52	826	blaming	1	it
52	827	capitalists	1	it
52	828	for	1	it
52	829	a	1	it
52	830	country's	2	it
52	831	economic	1	it
52	832	decline	1	it
52	833	when	1	NA
52	834	people	1	NA
52	835	could	1	NA
52	836	be	1	NA
52	837	doing	1	NA
52	838	more	1	NA
52	839	as	1	NA
52	840	consumers.”	4	NA
52	841	Carle	2	he
52	842	says	1	NA
52	843	he	1	NA
52	844	hopes	1	NA
52	845	to	1	NA
52	846	continue	1	NA
52	847	supporting	1	NA
52	848	French	1	NA
52	849	industry	1	NA
52	850	and	1	NA
52	851	producers,	2	NA
52	852	but	1	NA
52	853	not	1	NA
52	854	100%.	2	NA
52	855	“It	3	NA
52	856	is	1	NA
52	857	a	1	it
52	858	full-time	3	it
52	859	job	1	it
52	860	just	1	NA
52	861	finding	1	NA
52	862	the	1	NA
52	863	stuff,”	4	NA
52	864	he	1	NA
52	865	said.	2	NA
52	866	The	1	It
52	867	first	1	It
52	868	thing	1	It
52	869	he	1	It
52	870	did	1	It
52	871	when	1	It
52	872	the	1	It
52	873	experiment	1	It
52	874	ended	1	It
52	875	was	1	NA
52	876	invite	1	it.”
52	877	his	1	it.”
52	878	friends	1	it.”
52	879	around	1	it.”
52	880	for	1	it.”
52	881	the	1	it.”
52	882	evening	1	it.”
52	883	to	1	it.”
52	884	enjoy	1	it.”
52	885	“a	3	it.”
52	886	plate	1	it.”
52	887	of	1	it.”
52	888	cheese	1	it.”
52	889	and	1	it.”
52	890	listen	1	it.”
52	891	to	1	it.”
52	892	the	1	it.”
52	893	David	1	it.”
52	894	Bowie	1	it.”
52	895	album	1	it.”
52	896	Aladdin	2	it.”
52	897	Sane.”	5	it.”
52	898	“It	3	NA
52	899	was	1	NA
52	900	difficult	1	NA
52	901	not	1	NA
52	902	being	1	NA
52	903	able	1	NA
52	904	to	1	NA
52	905	invite	1	NA
52	906	people	1	NA
52	907	around	1	NA
52	908	because	1	NA
52	909	there	1	NA
52	910	was	1	NA
52	911	nowhere	1	NA
52	912	to	1	NA
52	913	sit	1	NA
52	914	...	1	NA
52	915	but	1	NA
52	916	I'd	2	NA
52	917	choose	1	NA
52	918	Bowie	1	him
52	919	over	1	NA
52	920	a	1	NA
52	921	sofa	1	NA
52	922	any	1	NA
52	923	day.”	4	NA
53	0	Benjamin	2	He
53	1	Carle	2	He
53	2	is	1	NA
53	3	96.9%	4	NA
53	4	made	1	NA
53	5	in	1	NA
53	6	France,	2	it,
53	7	even	1	NA
53	8	his	1	they.
53	9	underpants	2	they.
53	10	and	1	they.
53	11	socks.	2	they.
53	12	Six	1	NA
53	13	Ikea	2	NA
53	14	forks,	2	NA
53	15	a	1	NA
53	16	Chinese	1	it
53	17	guitar	1	NA
53	18	and	1	NA
53	19	some	1	NA
53	20	wall	1	NA
53	21	paint	1	NA
53	22	stopped	1	NA
53	23	him	1	NA
53	24	being	1	NA
53	25	called	1	NA
53	26	100%	2	NA
53	27	French,	2	NA
53	28	but	1	NA
53	29	nobody	1	NA
53	30	is	1	NA
53	31	perfect.	2	NA
53	32	Carle,	3	He.
53	33	26,	2	He.
53	34	decided,	2	He.
53	35	in	1	He.
53	36	2013,	2	He.
53	37	to	1	He.
53	38	see	1	He.
53	39	if	1	He.
53	40	it	1	He.
53	41	was	1	He.
53	42	possible	1	He.
53	43	to	1	He.
53	44	live	1	He.
53	45	using	1	He.
53	46	only	1	He.
53	47	French-made	3	He.
53	48	products	1	He.
53	49	for	1	He.
53	50	ten	1	He.
53	51	months	1	He.
53	52	as	1	He.
53	53	part	1	He.
53	54	of	1	He.
53	55	a	1	He.
53	56	television	1	He.
53	57	documentary.	2	He.
53	58	He	1	NA
53	59	got	1	NA
53	60	the	1	it
53	61	idea	1	it
53	62	after	1	NA
53	63	the	1	he,
53	64	Minister	1	he,
53	65	for	1	he,
53	66	Economic	1	he,
53	67	Renewal,	3	he,
53	68	Arnaud	3	he,
53	69	Montebourg,	3	he,
53	70	asked	1	NA
53	71	the	1	NA
53	72	French	1	NA
53	73	people	1	NA
53	74	to	1	NA
53	75	buy	1	NA
53	76	French	1	them.
53	77	products.	2	them.
53	78	For	1	NA
53	79	the	1	it,
53	80	experiment,	2	it,
53	81	Carle	2	he
53	82	had	1	NA
53	83	to	1	NA
53	84	give	1	NA
53	85	up	1	NA
53	86	his	1	NA
53	87	smartphone,	2	NA
53	88	television,	2	NA
53	89	refrigerator	1	it
53	90	(all	2	NA
53	91	made	1	NA
53	92	in	1	NA
53	93	China);	2	it);
53	94	his	1	NA
53	95	glasses	1	NA
53	96	(Italian);	3	NA
53	97	his	1	NA
53	98	morning	1	NA
53	99	coffee	1	NA
53	100	(Guatemalan)	5	NA
53	101	and	1	NA
53	102	his	1	NA
53	103	favourite	1	NA
53	104	David	1	his
53	105	Bowie	1	his
53	106	music	1	NA
53	107	(British).	3	NA
53	108	It	1	NA
53	109	is	1	NA
53	110	lucky	1	NA
53	111	that	1	NA
53	112	his	1	she,
53	113	girlfriend,	2	she,
53	114	Anaïs,	4	she,
53	115	and	1	NA
53	116	cat,	2	it,
53	117	Loon,	3	it,
53	118	are	1	NA
53	119	both	1	they,
53	120	French,	2	they,
53	121	so	1	NA
53	122	he	1	NA
53	123	didn't	2	NA
53	124	have	1	NA
53	125	to	1	NA
53	126	give	1	NA
53	127	them	1	NA
53	128	up.	2	NA
53	129	“I	3	NA
53	130	wanted	1	NA
53	131	to	1	NA
53	132	see	1	NA
53	133	if	1	NA
53	134	it	1	NA
53	135	was	1	NA
53	136	possible	1	NA
53	137	to	1	NA
53	138	do	1	NA
53	139	what	1	it,”
53	140	the	1	it,”
53	141	minister	1	it,”
53	142	was	1	it,”
53	143	asking	1	it,”
53	144	us	1	it,”
53	145	to	1	it,”
53	146	do,”	4	it,”
53	147	Carle	2	he
53	148	said.	2	NA
53	149	He	1	NA
53	150	had	1	NA
53	151	just	1	NA
53	152	three	1	NA
53	153	rules	1	NA
53	154	for	1	NA
53	155	himself:	2	NA
53	156	eat	1	NA
53	157	only	1	it,
53	158	food	1	it,
53	159	made	1	it,
53	160	in	1	it,
53	161	France,	2	it,
53	162	not	1	NA
53	163	have	1	NA
53	164	any	1	NA
53	165	contact	1	NA
53	166	with	1	NA
53	167	foreign-made	3	NA
53	168	products	1	NA
53	169	and	1	NA
53	170	to	1	NA
53	171	do	1	NA
53	172	it	1	it
53	173	all	1	it
53	174	on	1	NA
53	175	€1,800	4	NA
53	176	a	1	NA
53	177	month	1	NA
53	178	(above	2	NA
53	179	the	1	NA
53	180	minimum	1	NA
53	181	wage	1	NA
53	182	of	1	NA
53	183	€1,430	4	NA
53	184	to	1	NA
53	185	cover	1	NA
53	186	the	1	NA
53	187	extra	1	NA
53	188	cost	1	NA
53	189	of	1	NA
53	190	living	1	NA
53	191	in	1	NA
53	192	Paris).	2	NA
53	193	The	1	NA
53	194	journalist	1	NA
53	195	was	1	NA
53	196	shocked	1	NA
53	197	to	1	NA
53	198	find	1	NA
53	199	out	1	NA
53	200	at	1	NA
53	201	the	1	NA
53	202	start	1	NA
53	203	of	1	NA
53	204	the	1	it
53	205	experiment	1	it
53	206	that	1	NA
53	207	only	1	NA
53	208	4.5%	4	NA
53	209	of	1	NA
53	210	the	1	NA
53	211	things	1	NA
53	212	in	1	NA
53	213	his	1	it
53	214	flat	1	it
53	215	were	1	NA
53	216	made	1	NA
53	217	in	1	NA
53	218	France.	2	it.
53	219	Everything	1	NA
53	220	not	1	NA
53	221	made	1	NA
53	222	in	1	NA
53	223	France	1	it
53	224	had	1	NA
53	225	to	1	NA
53	226	go,	2	NA
53	227	including	1	NA
53	228	the	1	NA
53	229	lightbulbs	3	NA
53	230	(China)	3	(them)
53	231	and	1	NA
53	232	green	1	NA
53	233	beans	1	NA
53	234	(Kenya).	4	NA
53	235	The	1	NA
53	236	removal	1	NA
53	237	men	1	NA
53	238	left	1	NA
53	239	Carle's	3	it
53	240	home	1	it
53	241	almost	1	NA
53	242	empty.	2	NA
53	243	Without	1	NA
53	244	a	1	it
53	245	refrigerator	1	it
53	246	(none	2	NA
53	247	are	1	NA
53	248	made	1	NA
53	249	in	1	NA
53	250	France),	2	it),
53	251	he	1	NA
53	252	had	1	NA
53	253	to	1	NA
53	254	chill	1	NA
53	255	his	1	NA
53	256	food	1	NA
53	257	on	1	NA
53	258	the	1	NA
53	259	window	1	NA
53	260	ledge.	2	NA
53	261	His	1	They,
53	262	foreign-made	3	They,
53	263	clothes,	2	They,
53	264	including	1	They,
53	265	his	1	They,
53	266	underwear,	2	They,
53	267	were	1	NA
53	268	replaced	1	NA
53	269	with	1	NA
53	270	more	1	NA
53	271	expensive	1	NA
53	272	alternatives:	2	NA
53	273	French-produced	3	NA
53	274	underpants	2	NA
53	275	(€26),	4	NA
53	276	socks	1	they
53	277	(€9),	4	NA
53	278	polo	2	NA
53	279	shirt	1	NA
53	280	(€75),	4	NA
53	281	espadrille	3	NA
53	282	sandals	2	NA
53	283	(€26),	4	NA
53	284	but	1	NA
53	285	no	1	NA
53	286	jeans	1	NA
53	287	because	1	NA
53	288	none	1	NA
53	289	are	1	NA
53	290	produced	1	NA
53	291	in	1	NA
53	292	France.	2	it.
53	293	During	1	NA
53	294	the	1	it,
53	295	experiment,	2	it,
53	296	Carle	2	he
53	297	bought	1	NA
53	298	in	1	NA
53	299	supermarkets	1	NA
53	300	only	1	NA
53	301	French-made	3	them
53	302	products	1	them
53	303	and	1	NA
53	304	learned	1	NA
53	305	to	1	NA
53	306	cook	1	NA
53	307	seasonal	1	NA
53	308	fruit	1	NA
53	309	and	1	NA
53	310	vegetables	1	NA
53	311	grown	1	NA
53	312	in	1	NA
53	313	France.	2	it.
53	314	He	1	NA
53	315	brushed	1	NA
53	316	his	1	NA
53	317	teeth	1	NA
53	318	with	1	NA
53	319	a	1	NA
53	320	toothbrush	2	NA
53	321	made	1	NA
53	322	in	1	NA
53	323	France	1	it
53	324	and	1	NA
53	325	hand-washed	3	NA
53	326	his	1	NA
53	327	underwear	1	NA
53	328	until	1	NA
53	329	he	1	NA
53	330	found	1	NA
53	331	a	1	it.
53	332	French-made	3	it.
53	333	washing	1	it.
53	334	machine.	2	it.
53	335	The	1	It
53	336	washing	1	It
53	337	machine	1	It
53	338	opened	1	NA
53	339	at	1	NA
53	340	the	1	NA
53	341	top	1	NA
53	342	and	1	NA
53	343	so	1	NA
53	344	would	1	NA
53	345	not	1	NA
53	346	fit	1	NA
53	347	under	1	NA
53	348	the	1	NA
53	349	kitchen	1	NA
53	350	counter.	2	NA
53	351	Going	1	NA
53	352	out	1	NA
53	353	with	1	NA
53	354	friends	1	NA
53	355	was	1	NA
53	356	a	1	NA
53	357	problem	1	NA
53	358	–	1	NA
53	359	no	1	NA
53	360	American	1	NA
53	361	films,	2	NA
53	362	no	1	NA
53	363	Belgian	1	NA
53	364	beer,	2	NA
53	365	no	1	NA
53	366	sushi	1	NA
53	367	or	1	NA
53	368	pizza.	2	NA
53	369	When	1	NA
53	370	Carle	2	he
53	371	stayed	1	NA
53	372	home,	2	NA
53	373	with	1	NA
53	374	no	1	NA
53	375	sofa	1	NA
53	376	for	1	NA
53	377	the	1	NA
53	378	first	1	NA
53	379	few	1	NA
53	380	months	1	NA
53	381	and	1	NA
53	382	no	1	NA
53	383	television,	2	NA
53	384	he	1	NA
53	385	listened	1	NA
53	386	to	1	NA
53	387	French	1	NA
53	388	singer	1	NA
53	389	Michel	1	NA
53	390	Sardou	2	NA
53	391	and	1	NA
53	392	read	1	NA
53	393	French	1	NA
53	394	novels.	2	NA
53	395	French	1	NA
53	396	wine	1	NA
53	397	was,	2	NA
53	398	of	1	NA
53	399	course,	2	NA
53	400	allowed	1	NA
53	401	and	1	NA
53	402	French-Canadian	3	NA
53	403	singer	1	NA
53	404	Céline	3	NA
53	405	Dion,	2	NA
53	406	but	1	NA
53	407	not	1	NA
53	408	French	1	NA
53	409	bands	1	NA
53	410	such	1	NA
53	411	as	1	NA
53	412	Daft	2	NA
53	413	Punk,	2	NA
53	414	who	1	NA
53	415	sing	1	NA
53	416	in	1	NA
53	417	English.	2	NA
53	418	He	1	NA
53	419	could	1	NA
53	420	not	1	NA
53	421	use	1	NA
53	422	his	1	NA
53	423	British-made	3	NA
53	424	bicycle	1	NA
53	425	or	1	NA
53	426	even	1	NA
53	427	a	1	NA
53	428	French	1	NA
53	429	car	1	NA
53	430	because	1	NA
53	431	he	1	NA
53	432	discovered	1	NA
53	433	that	1	NA
53	434	the	1	NA
53	435	only	1	NA
53	436	affordable	1	NA
53	437	Peugeot,	4	NA
53	438	Renault	1	NA
53	439	and	1	NA
53	440	Citroën	4	NA
53	441	cars	1	NA
53	442	are	1	NA
53	443	not	1	NA
53	444	made	1	NA
53	445	in	1	NA
53	446	France.	2	it.
53	447	So,	2	NA
53	448	he	1	NA
53	449	bought	1	NA
53	450	an	1	NA
53	451	orange	1	NA
53	452	Mobylette	3	NA
53	453	moped.	3	NA
53	454	His	1	NA
53	455	computer	1	NA
53	456	was	1	NA
53	457	replaced	1	NA
53	458	by	1	NA
53	459	a	1	it,
53	460	Qooq,	4	it,
53	461	a	1	it
53	462	tablet	1	it
53	463	that	1	it
53	464	connects	1	it
53	465	–	1	it
53	466	slowly	1	it
53	467	–	1	it
53	468	to	1	it
53	469	the	1	it
53	470	internet	1	it
53	471	and	1	NA
53	472	the	1	it.
53	473	iPhone,	2	it.
53	474	which	1	it.
53	475	he	1	it.
53	476	swapped	1	it.
53	477	for	1	it.
53	478	an	1	it.
53	479	old	1	it.
53	480	Sagem	2	it.
53	481	mobile.	2	it.
53	482	The	1	It
53	483	documentary	1	It
53	484	shows	1	NA
53	485	Carle	2	NA
53	486	–	1	NA
53	487	breaking	1	NA
53	488	his	1	his
53	489	iPhone	1	his
53	490	with	1	NA
53	491	a	1	it,
53	492	new	1	it,
53	493	French-made	3	it,
53	494	Tefal	3	it,
53	495	saucepan,	3	it,
53	496	while	1	NA
53	497	his	1	NA
53	498	girlfriend	1	NA
53	499	shouts:	2	NA
53	500	“Are	3	NA
53	501	you	1	NA
53	502	crazy?	2	NA
53	503	Those	1	NA
53	504	are	1	NA
53	505	new	1	they!”
53	506	pans!”	4	they!”
53	507	Carle	2	he
53	508	said	1	NA
53	509	his	1	NA
53	510	aim	1	NA
53	511	was	1	NA
53	512	to	1	NA
53	513	“save	3	NA
53	514	the	1	NA
53	515	French	1	NA
53	516	economy.”	4	NA
53	517	He	1	NA
53	518	said	1	NA
53	519	the	1	it
53	520	experiment	1	it
53	521	was	1	NA
53	522	part	1	NA
53	523	serious	1	NA
53	524	and	1	NA
53	525	part	1	NA
53	526	fun.	2	NA
53	527	He	1	NA
53	528	even	1	NA
53	529	asked	1	NA
53	530	a	1	her
53	531	French	1	her
53	532	language	1	her
53	533	expert	1	her
53	534	to	1	NA
53	535	check	1	NA
53	536	if	1	NA
53	537	he	1	NA
53	538	should	1	NA
53	539	keep	1	NA
53	540	using	1	NA
53	541	the	1	it
53	542	word	1	it
53	543	“cool”	5	NA
53	544	and	1	NA
53	545	other	1	NA
53	546	English	1	NA
53	547	words	1	NA
53	548	–	1	NA
53	549	the	1	he
53	550	expert	1	he
53	551	told	1	NA
53	552	him	1	NA
53	553	swap	1	NA
53	554	it	1	NA
53	555	for	1	NA
53	556	the	1	it:
53	557	nearest	1	it:
53	558	French	1	it:
53	559	alternative:	2	it:
53	560	“chouette.”	8	“it.”
53	561	When	1	NA
53	562	he	1	NA
53	563	discovered	1	NA
53	564	that	1	NA
53	565	France	1	it
53	566	makes	1	NA
53	567	no	1	NA
53	568	refrigerators	2	NA
53	569	or	1	NA
53	570	televisions,	3	NA
53	571	but	1	NA
53	572	makes	1	NA
53	573	airplane	1	NA
53	574	seats	1	NA
53	575	and	1	NA
53	576	windmills,	4	NA
53	577	he	1	NA
53	578	sighed	1	NA
53	579	and	1	NA
53	580	said:	2	NA
53	581	“Great.	4	NA
53	582	Nothing	1	NA
53	583	that	1	NA
53	584	will	1	NA
53	585	fit	1	NA
53	586	into	1	NA
53	587	my	1	my.”
53	588	apartment.”	4	my.”
53	589	At	1	NA
53	590	the	1	NA
53	591	end	1	NA
53	592	of	1	NA
53	593	the	1	it,
53	594	experiment,	2	it,
53	595	Carle	2	he
53	596	bought	1	NA
53	597	new	1	NA
53	598	furniture	1	NA
53	599	and	1	NA
53	600	clothes.	2	NA
53	601	A	1	NA
53	602	special	1	NA
53	603	“auditor”	6	NA
53	604	said	1	NA
53	605	Carle	2	he
53	606	was	1	NA
53	607	96.9%	4	NA
53	608	“made	3	NA
53	609	in	1	NA
53	610	France”	3	it”
53	611	and	1	NA
53	612	Montebourg	2	NA
53	613	gave	1	NA
53	614	him	1	NA
53	615	a	1	NA
53	616	medal.	2	NA
53	617	Carle's	3	His
53	618	conclusion:	2	NA
53	619	“It's	4	NA
53	620	not	1	NA
53	621	entirely	1	NA
53	622	possible	1	NA
53	623	to	1	it.”
53	624	live	1	it.”
53	625	100%	2	it.”
53	626	‘made	3	it.”
53	627	in	1	it.”
53	628	France,'	2	it.”
53	629	particularly	1	it.”
53	630	in	1	it.”
53	631	terms	1	it.”
53	632	of	1	it.”
53	633	new	1	it.”
53	634	technology.”	4	it.”
53	635	“This	3	NA
53	636	wasn't	2	NA
53	637	about	1	NA
53	638	French	1	NA
53	639	nationalism	1	NA
53	640	or	1	NA
53	641	patriotism.	2	NA
53	642	It	1	NA
53	643	was	1	NA
53	644	trying	1	NA
53	645	to	1	NA
53	646	show	1	NA
53	647	that	1	NA
53	648	we	1	NA
53	649	should	1	NA
53	650	think	1	NA
53	651	about	1	NA
53	652	the	1	it
53	653	way	1	it
53	654	we	1	it
53	655	buy	1	it
53	656	and	1	NA
53	657	make	1	NA
53	658	different	1	NA
53	659	choices,	2	NA
53	660	and	1	NA
53	661	that	1	NA
53	662	is	1	NA
53	663	the	1	NA
53	664	same	1	NA
53	665	in	1	NA
53	666	all	1	NA
53	667	countries.	2	NA
53	668	If	1	NA
53	669	we	1	NA
53	670	want	1	NA
53	671	to	1	NA
53	672	save	1	NA
53	673	jobs	1	them
53	674	and	1	NA
53	675	industries,	2	NA
53	676	we	1	NA
53	677	should	1	NA
53	678	support	1	NA
53	679	them.”	4	NA
53	680	Carle	2	he
53	681	said,	2	NA
53	682	“A	3	“it
53	683	T-shirt	3	“it
53	684	is	1	NA
53	685	more	1	NA
53	686	expensive	1	NA
53	687	in	1	NA
53	688	France	1	it
53	689	but	1	NA
53	690	I	1	NA
53	691	can	1	NA
53	692	be	1	NA
53	693	sure	1	NA
53	694	it	1	NA
53	695	has	1	NA
53	696	been	1	NA
53	697	made	1	NA
53	698	by	1	NA
53	699	workers	1	NA
53	700	who	1	NA
53	701	are	1	NA
53	702	correctly	1	NA
53	703	paid	1	NA
53	704	and	1	NA
53	705	have	1	NA
53	706	good	1	NA
53	707	working	1	NA
53	708	conditions.	2	NA
53	709	I	1	NA
53	710	cannot	1	NA
53	711	be	1	NA
53	712	sure	1	NA
53	713	about	1	NA
53	714	a	1	NA
53	715	cheaper	1	NA
53	716	T-shirt	3	NA
53	717	produced	1	NA
53	718	in	1	NA
53	719	Asia	1	NA
53	720	or	1	NA
53	721	Morocco.	2	NA
53	722	People	1	They
53	723	could	1	NA
53	724	do	1	NA
53	725	more	1	NA
53	726	when	1	NA
53	727	they	1	NA
53	728	decide	1	NA
53	729	what	1	NA
53	730	to	1	NA
53	731	buy.”	4	NA
53	732	Carle	2	he
53	733	says	1	NA
53	734	he	1	NA
53	735	hopes	1	NA
53	736	to	1	NA
53	737	continue	1	NA
53	738	supporting	1	NA
53	739	French	1	NA
53	740	industry	1	NA
53	741	and	1	NA
53	742	producers,	2	NA
53	743	but	1	NA
53	744	not	1	NA
53	745	100%.	2	NA
53	746	“It	3	NA
53	747	is	1	NA
53	748	a	1	it
53	749	full-time	3	it
53	750	job	1	it
53	751	just	1	NA
53	752	finding	1	NA
53	753	the	1	NA
53	754	stuff,”	4	NA
53	755	he	1	NA
53	756	said.	2	NA
53	757	The	1	It
53	758	first	1	It
53	759	thing	1	It
53	760	he	1	It
53	761	did	1	It
53	762	when	1	It
53	763	the	1	It
53	764	experiment	1	It
53	765	ended	1	It
53	766	was	1	NA
53	767	invite	1	it.”
53	768	his	1	it.”
53	769	friends	1	it.”
53	770	to	1	it.”
53	771	enjoy	1	it.”
53	772	“a	3	it.”
53	773	plate	1	it.”
53	774	of	1	it.”
53	775	cheese	1	it.”
53	776	and	1	it.”
53	777	listen	1	it.”
53	778	to	1	it.”
53	779	the	1	it.”
53	780	David	1	it.”
53	781	Bowie	1	it.”
53	782	album	1	it.”
53	783	Aladdin	2	it.”
53	784	Sane.”	5	it.”
53	785	“It	3	NA
53	786	was	1	NA
53	787	difficult	1	NA
53	788	not	1	NA
53	789	being	1	NA
53	790	able	1	NA
53	791	to	1	NA
53	792	invite	1	NA
53	793	people	1	NA
53	794	because	1	NA
53	795	there	1	NA
53	796	was	1	NA
53	797	nowhere	1	NA
53	798	to	1	NA
53	799	sit	1	NA
53	800	...	1	NA
53	801	but	1	NA
53	802	I'd	2	NA
53	803	choose	1	NA
53	804	Bowie	1	him
53	805	over	1	NA
53	806	a	1	NA
53	807	sofa	1	NA
53	808	any	1	NA
53	809	day.”	4	NA
54	0	Galina	2	She
54	1	Zaglumyonova	6	She
54	2	was	1	NA
54	3	woken	2	NA
54	4	in	1	NA
54	5	her	1	NA
54	6	flat	1	NA
54	7	in	1	NA
54	8	central	1	NA
54	9	Chelyabinsk	4	NA
54	10	by	1	NA
54	11	an	1	it.
54	12	enormous	1	it.
54	13	explosion	1	it.
54	14	that	1	it.
54	15	blew	1	it.
54	16	in	1	it.
54	17	the	1	it.
54	18	balcony	1	it.
54	19	windows	1	it.
54	20	and	1	it.
54	21	shattered	1	it.
54	22	clay	1	it.
54	23	pots	1	it.
54	24	containing	1	it.
54	25	her	1	it.
54	26	few	1	it.
54	27	houseplants.	4	it.
54	28	When	1	NA
54	29	she	1	NA
54	30	jumped	1	NA
54	31	out	1	NA
54	32	of	1	NA
54	33	bed	1	NA
54	34	she	1	NA
54	35	could	1	NA
54	36	see	1	NA
54	37	a	1	it
54	38	huge	1	it
54	39	vapor	1	it
54	40	trail	1	it
54	41	hanging	1	NA
54	42	in	1	NA
54	43	the	1	it
54	44	morning	1	it
54	45	sky	1	it
54	46	and	1	NA
54	47	hear	1	NA
54	48	the	1	NA
54	49	wail	2	NA
54	50	of	1	NA
54	51	car	1	NA
54	52	alarms	1	NA
54	53	from	1	NA
54	54	the	1	NA
54	55	street	1	NA
54	56	below.	2	NA
54	57	“I	3	NA
54	58	didn't	2	NA
54	59	understand	1	NA
54	60	what	1	NA
54	61	was	1	NA
54	62	going	1	NA
54	63	on,”	4	NA
54	64	said	1	NA
54	65	Zaglumyonova.	7	she.
54	66	“There	3	NA
54	67	was	1	NA
54	68	a	1	it
54	69	big	1	it
54	70	explosion	1	it
54	71	and	1	NA
54	72	then	1	NA
54	73	a	1	them.
54	74	series	1	them.
54	75	of	1	them.
54	76	little	1	them.
54	77	explosions.	2	them.
54	78	My	1	NA
54	79	first	1	NA
54	80	thought	1	NA
54	81	was	1	NA
54	82	that	1	NA
54	83	it	1	NA
54	84	was	1	NA
54	85	a	1	it.”
54	86	plane	1	it.”
54	87	crash.”	4	it.”
54	88	What	1	they
54	89	she	1	they
54	90	had	1	they
54	91	actually	1	they
54	92	witnessed	1	they
54	93	were	1	NA
54	94	the	1	they.
54	95	death	1	they.
54	96	throes	2	they.
54	97	of	1	they.
54	98	a	1	they.
54	99	ten-ton	3	they.
54	100	meteorite	2	they.
54	101	that	1	they.
54	102	plunged	1	they.
54	103	to	1	they.
54	104	Earth	1	they.
54	105	in	1	they.
54	106	a	1	they.
54	107	series	1	they.
54	108	of	1	they.
54	109	fireballs	2	they.
54	110	just	1	they.
54	111	after	1	they.
54	112	sunrise.	2	they.
54	113	Officials	1	NA
54	114	put	1	NA
54	115	the	1	NA
54	116	number	1	NA
54	117	of	1	NA
54	118	people	1	NA
54	119	injured	1	NA
54	120	at	1	NA
54	121	almost	1	NA
54	122	1,200,	4	NA
54	123	with	1	NA
54	124	more	1	NA
54	125	than	1	NA
54	126	40	1	NA
54	127	taken	1	NA
54	128	to	1	NA
54	129	hospital	1	NA
54	130	–	1	NA
54	131	most	1	NA
54	132	as	1	NA
54	133	a	1	NA
54	134	result	1	NA
54	135	of	1	NA
54	136	flying	1	NA
54	137	glass	1	NA
54	138	shattered	1	NA
54	139	by	1	NA
54	140	the	1	NA
54	141	sonic	1	NA
54	142	boom	1	NA
54	143	created	1	NA
54	144	by	1	NA
54	145	the	1	its
54	146	meteorite's	3	its
54	147	descent.	2	NA
54	148	There	1	NA
54	149	were	1	NA
54	150	no	1	NA
54	151	reported	1	NA
54	152	deaths.	2	NA
54	153	The	1	It
54	154	meteorite	2	It
54	155	entered	1	NA
54	156	the	1	NA
54	157	atmosphere	1	NA
54	158	traveling	1	NA
54	159	at	1	NA
54	160	a	1	NA
54	161	speed	1	NA
54	162	of	1	NA
54	163	at	1	NA
54	164	least	1	NA
54	165	33,000mph	4	NA
54	166	and	1	NA
54	167	broke	1	NA
54	168	up	1	NA
54	169	into	1	NA
54	170	chunks	1	they,
54	171	between	1	they,
54	172	18	1	they,
54	173	and	1	they,
54	174	32	1	they,
54	175	miles	1	they,
54	176	above	1	they,
54	177	the	1	they,
54	178	ground,	2	they,
54	179	according	1	NA
54	180	to	1	NA
54	181	a	1	NA
54	182	statement	1	NA
54	183	from	1	NA
54	184	the	1	NA
54	185	Russian	1	NA
54	186	Academy	1	NA
54	187	of	1	NA
54	188	Sciences.	2	NA
54	189	The	1	It
54	190	event	1	It
54	191	caused	1	NA
54	192	panic	1	NA
54	193	in	1	NA
54	194	Chelyabinsk,	5	it,
54	195	a	1	it,
54	196	Russian	1	it,
54	197	city	1	it,
54	198	of	1	it,
54	199	one	1	it,
54	200	million	1	it,
54	201	people	1	it,
54	202	to	1	it,
54	203	the	1	it,
54	204	south	1	it,
54	205	of	1	it,
54	206	the	1	it,
54	207	Ural	2	it,
54	208	mountains,	2	it,
54	209	as	1	NA
54	210	mobile	1	NA
54	211	phone	1	NA
54	212	networks	1	NA
54	213	swiftly	1	NA
54	214	became	1	NA
54	215	jammed	1	NA
54	216	by	1	NA
54	217	the	1	NA
54	218	volume	1	NA
54	219	of	1	NA
54	220	calls.	2	NA
54	221	Amateur	1	NA
54	222	video	1	NA
54	223	footage	1	NA
54	224	from	1	NA
54	225	the	1	NA
54	226	area,	2	NA
54	227	often	1	NA
54	228	peppered	2	NA
54	229	with	1	NA
54	230	the	1	NA
54	231	obscene	1	NA
54	232	language	1	NA
54	233	of	1	NA
54	234	frightened	1	NA
54	235	observers,	2	NA
54	236	showed	1	NA
54	237	the	1	them
54	238	chunks	1	them
54	239	of	1	them
54	240	meteorite	2	them
54	241	glowing	1	NA
54	242	more	1	NA
54	243	brightly	1	NA
54	244	as	1	NA
54	245	they	1	NA
54	246	approached	1	NA
54	247	the	1	NA
54	248	moment	1	NA
54	249	of	1	NA
54	250	impact.	2	NA
54	251	The	1	It
54	252	vapor	1	It
54	253	trail	1	It
54	254	was	1	NA
54	255	visible	1	NA
54	256	for	1	NA
54	257	hundreds	1	NA
54	258	of	1	NA
54	259	miles	1	NA
54	260	around,	2	NA
54	261	including	1	NA
54	262	in	1	NA
54	263	neighboring	1	NA
54	264	Kazakhstan.	2	NA
54	265	Tatyana	3	She
54	266	Bets	2	She
54	267	was	1	NA
54	268	at	1	NA
54	269	work	1	NA
54	270	in	1	NA
54	271	the	1	it
54	272	reception	1	it
54	273	area	1	it
54	274	of	1	it
54	275	a	1	it
54	276	hospital	1	it
54	277	clinic	1	it
54	278	in	1	it
54	279	the	1	it
54	280	center	1	it
54	281	of	1	it
54	282	the	1	it
54	283	city	1	it
54	284	when	1	NA
54	285	the	1	it
54	286	meteorite	2	it
54	287	struck.	2	NA
54	288	“First	3	NA
54	289	we	1	NA
54	290	noticed	1	NA
54	291	the	1	NA
54	292	wind,	2	NA
54	293	and	1	NA
54	294	then	1	NA
54	295	the	1	it
54	296	room	1	it
54	297	was	1	NA
54	298	filled	1	NA
54	299	with	1	NA
54	300	a	1	NA
54	301	very	1	NA
54	302	bright	1	NA
54	303	light	1	NA
54	304	and	1	NA
54	305	we	1	NA
54	306	could	1	NA
54	307	see	1	NA
54	308	a	1	NA
54	309	cloud	1	NA
54	310	of	1	NA
54	311	some	1	NA
54	312	unspecified	1	NA
54	313	smoke	1	NA
54	314	in	1	NA
54	315	the	1	it,”
54	316	sky,”	4	it,”
54	317	she	1	NA
54	318	said.	2	NA
54	319	Then,	2	NA
54	320	after	1	NA
54	321	a	1	NA
54	322	few	1	NA
54	323	minutes,	2	NA
54	324	came	1	NA
54	325	the	1	them.
54	326	explosions.	2	them.
54	327	At	1	NA
54	328	least	1	NA
54	329	three	1	NA
54	330	craters	2	NA
54	331	were	1	NA
54	332	subsequently	1	NA
54	333	discovered,	2	NA
54	334	according	1	NA
54	335	to	1	NA
54	336	the	1	NA
54	337	Ministry	1	NA
54	338	of	1	NA
54	339	the	1	NA
54	340	Interior,	2	NA
54	341	and	1	NA
54	342	were	1	NA
54	343	being	1	NA
54	344	monitored	1	NA
54	345	by	1	NA
54	346	the	1	NA
54	347	military.	2	NA
54	348	One	1	NA
54	349	crater	1	NA
54	350	was	1	NA
54	351	more	1	NA
54	352	than	1	NA
54	353	six	1	NA
54	354	meters	1	NA
54	355	wide,	2	NA
54	356	while	1	NA
54	357	another	1	NA
54	358	lump	1	NA
54	359	of	1	NA
54	360	meteorite	2	NA
54	361	was	1	NA
54	362	reported	1	NA
54	363	to	1	NA
54	364	have	1	NA
54	365	slammed	1	NA
54	366	through	1	NA
54	367	the	1	NA
54	368	thick	1	NA
54	369	ice	1	NA
54	370	of	1	NA
54	371	a	1	NA
54	372	nearby	1	NA
54	373	lake.	2	NA
54	374	Radiation	1	NA
54	375	levels	1	NA
54	376	at	1	NA
54	377	the	1	NA
54	378	impact	1	NA
54	379	sites	1	NA
54	380	were	1	NA
54	381	normal,	2	NA
54	382	according	1	NA
54	383	to	1	NA
54	384	local	1	NA
54	385	military	1	NA
54	386	officials.	2	NA
54	387	In	1	NA
54	388	Chelyabinsk	4	it
54	389	itself,	2	NA
54	390	schools	1	NA
54	391	and	1	NA
54	392	universities	1	NA
54	393	were	1	NA
54	394	closed	1	NA
54	395	and	1	NA
54	396	many	1	NA
54	397	other	1	NA
54	398	staff	1	NA
54	399	told	1	NA
54	400	to	1	NA
54	401	go	1	NA
54	402	home	1	NA
54	403	early.	2	NA
54	404	About	1	NA
54	405	200	1	NA
54	406	children	1	NA
54	407	were	1	NA
54	408	among	1	NA
54	409	the	1	NA
54	410	injured.	2	NA
54	411	A	1	NA
54	412	steady	1	NA
54	413	stream	1	NA
54	414	of	1	NA
54	415	lightly	1	NA
54	416	injured	1	NA
54	417	people,	2	NA
54	418	most	1	NA
54	419	suffering	1	NA
54	420	cuts	1	NA
54	421	from	1	NA
54	422	flying	1	NA
54	423	glass,	2	NA
54	424	came	1	NA
54	425	into	1	NA
54	426	the	1	NA
54	427	clinic	1	NA
54	428	where	1	NA
54	429	Bets	2	she
54	430	works.	2	NA
54	431	She	1	NA
54	432	said	1	NA
54	433	a	1	it
54	434	nearby	1	it
54	435	college	1	it
54	436	was	1	NA
54	437	particularly	1	NA
54	438	badly	1	NA
54	439	affected	1	NA
54	440	and	1	NA
54	441	many	1	NA
54	442	of	1	NA
54	443	the	1	NA
54	444	students	1	NA
54	445	were	1	NA
54	446	brought	1	NA
54	447	in	1	NA
54	448	suffering	1	NA
54	449	from	1	NA
54	450	fright.	2	NA
54	451	“There	3	NA
54	452	were	1	NA
54	453	a	1	NA
54	454	lot	1	NA
54	455	of	1	NA
54	456	girls	1	NA
54	457	from	1	NA
54	458	the	1	it
54	459	college	1	it
54	460	in	1	NA
54	461	shock.	2	NA
54	462	Some	1	NA
54	463	were	1	NA
54	464	very	1	NA
54	465	pale	1	NA
54	466	and	1	NA
54	467	many	1	NA
54	468	of	1	NA
54	469	them	1	NA
54	470	fainted,”	5	NA
54	471	she	1	NA
54	472	said.	2	NA
54	473	Early	1	NA
54	474	estimates	1	NA
54	475	suggested	1	NA
54	476	more	1	NA
54	477	than	1	NA
54	478	100,000	3	NA
54	479	square	1	NA
54	480	meters	1	NA
54	481	of	1	NA
54	482	glass	1	NA
54	483	had	1	NA
54	484	been	1	NA
54	485	broken	1	NA
54	486	and	1	NA
54	487	3,000	3	NA
54	488	buildings	1	NA
54	489	hit.	2	NA
54	490	The	1	NA
54	491	total	1	NA
54	492	cost	1	NA
54	493	of	1	NA
54	494	the	1	NA
54	495	damage	1	NA
54	496	in	1	NA
54	497	the	1	NA
54	498	city	1	NA
54	499	was	1	NA
54	500	being	1	NA
54	501	valued	1	NA
54	502	at	1	NA
54	503	in	1	NA
54	504	excess	1	NA
54	505	of	1	NA
54	506	one	1	NA
54	507	billion	1	NA
54	508	roubles	2	NA
54	509	(£20m).	4	NA
54	510	The	1	It
54	511	meteorite	2	It
54	512	over	1	It
54	513	Chelyabinsk	4	It
54	514	arrived	1	NA
54	515	less	1	NA
54	516	than	1	NA
54	517	a	1	NA
54	518	day	1	NA
54	519	before	1	NA
54	520	asteroid	1	NA
54	521	2012	1	NA
54	522	DA14	2	NA
54	523	was	1	NA
54	524	expected	1	NA
54	525	to	1	NA
54	526	make	1	NA
54	527	the	1	NA
54	528	closest	1	NA
54	529	pass	1	NA
54	530	to	1	NA
54	531	Earth	1	it
54	532	(about	2	NA
54	533	17,510	3	NA
54	534	miles)	2	NA
54	535	of	1	NA
54	536	any	1	NA
54	537	recorded	1	NA
54	538	cosmic	1	NA
54	539	body.	2	NA
54	540	But	1	NA
54	541	experts	1	NA
54	542	said	1	NA
54	543	the	1	NA
54	544	two	1	NA
54	545	events	1	NA
54	546	were	1	NA
54	547	linked	1	NA
54	548	by	1	NA
54	549	nothing	1	NA
54	550	more	1	NA
54	551	than	1	NA
54	552	coincidence.	2	NA
54	553	Rumors	2	NA
54	554	and	1	NA
54	555	conspiracy	1	NA
54	556	theories,	2	NA
54	557	however,	2	NA
54	558	swirled	2	NA
54	559	in	1	NA
54	560	the	1	NA
54	561	first	1	NA
54	562	few	1	NA
54	563	hours	1	NA
54	564	after	1	NA
54	565	the	1	NA
54	566	incident.	2	NA
54	567	Reports	1	NA
54	568	on	1	NA
54	569	Russian	1	NA
54	570	state	1	NA
54	571	television	1	NA
54	572	and	1	NA
54	573	in	1	NA
54	574	local	1	NA
54	575	media	1	NA
54	576	suggested	1	NA
54	577	that	1	NA
54	578	the	1	it
54	579	meteorite	2	it
54	580	was	1	NA
54	581	engaged	1	NA
54	582	by	1	NA
54	583	local	1	NA
54	584	air	1	NA
54	585	defense	1	NA
54	586	units	1	NA
54	587	and	1	NA
54	588	blown	1	NA
54	589	apart	1	NA
54	590	at	1	NA
54	591	an	1	NA
54	592	altitude	1	NA
54	593	of	1	NA
54	594	more	1	NA
54	595	than	1	NA
54	596	15	1	NA
54	597	miles.	2	NA
54	598	The	1	He,
54	599	ultranationalist	4	He,
54	600	leader	1	He,
54	601	of	1	He,
54	602	Russia's	2	He,
54	603	Liberal	1	He,
54	604	Democrat	1	He,
54	605	party,	2	He,
54	606	Vladimir	1	he,
54	607	Zhirinovsky,	4	he,
54	608	said	1	NA
54	609	it	1	NA
54	610	was	1	NA
54	611	not	1	NA
54	612	a	1	NA
54	613	meteorite	2	NA
54	614	but	1	NA
54	615	military	1	NA
54	616	action	1	NA
54	617	by	1	NA
54	618	the	1	NA
54	619	United	1	NA
54	620	States,	2	NA
54	621	echoing	1	NA
54	622	much	1	NA
54	623	of	1	NA
54	624	the	1	NA
54	625	speculation	1	NA
54	626	voiced	1	NA
54	627	on	1	NA
54	628	amateur	1	NA
54	629	film	1	NA
54	630	footage.	2	NA
54	631	“It's	4	NA
54	632	not	1	NA
54	633	a	1	NA
54	634	meteorite	2	NA
54	635	falling	1	NA
54	636	–	1	NA
54	637	it's	2	NA
54	638	a	1	NA
54	639	test	1	NA
54	640	of	1	NA
54	641	new	1	NA
54	642	American	1	NA
54	643	weapons,”	4	NA
54	644	Zhirinovsky	3	he
54	645	said.	2	NA
54	646	Some	1	NA
54	647	were	1	NA
54	648	quick	1	NA
54	649	to	1	NA
54	650	take	1	NA
54	651	advantage	1	NA
54	652	of	1	NA
54	653	the	1	NA
54	654	confusion.	2	NA
54	655	Enterprising	2	NA
54	656	people	1	NA
54	657	were	1	NA
54	658	offering	1	NA
54	659	lumps	2	NA
54	660	of	1	NA
54	661	meteorite	2	NA
54	662	for	1	NA
54	663	sale	1	NA
54	664	through	1	NA
54	665	internet	1	NA
54	666	sites	1	NA
54	667	within	1	NA
54	668	a	1	NA
54	669	few	1	NA
54	670	hours	1	NA
54	671	of	1	NA
54	672	the	1	it.
54	673	impact.	2	it.
54	674	President	1	He
54	675	Vladimir	1	He
54	676	Putin	1	He
54	677	and	1	NA
54	678	the	1	he,
54	679	Prime	1	he,
54	680	Minister,	2	he,
54	681	Dmitry	1	he,
54	682	Medvedev,	4	he,
54	683	were	1	NA
54	684	informed	1	NA
54	685	about	1	NA
54	686	the	1	it,
54	687	incident,	2	it,
54	688	and	1	NA
54	689	Putin	1	he
54	690	convened	1	NA
54	691	a	1	NA
54	692	meeting	1	NA
54	693	with	1	NA
54	694	the	1	NA
54	695	head	1	NA
54	696	of	1	NA
54	697	the	1	NA
54	698	Emergency	1	NA
54	699	Situations	2	NA
54	700	Ministry.	2	NA
54	701	“It's	4	NA
54	702	proof	1	NA
54	703	that	1	NA
54	704	not	1	NA
54	705	only	1	NA
54	706	are	1	NA
54	707	economies	1	NA
54	708	vulnerable	1	NA
54	709	but	1	NA
54	710	the	1	it,”
54	711	whole	1	it,”
54	712	planet,”	4	it,”
54	713	Medvedev	3	he
54	714	said	1	NA
54	715	at	1	NA
54	716	an	1	NA
54	717	economic	1	NA
54	718	forum	1	NA
54	719	in	1	NA
54	720	Siberia.	2	NA
55	0	Galina	2	She
55	1	Zaglumyonova	6	She
55	2	was	1	NA
55	3	woken	2	NA
55	4	in	1	NA
55	5	her	1	NA
55	6	flat	1	NA
55	7	in	1	NA
55	8	central	1	it
55	9	Chelyabinsk	4	it
55	10	by	1	NA
55	11	a	1	it.
55	12	very	1	it.
55	13	big	1	it.
55	14	explosion	1	it.
55	15	that	1	it.
55	16	broke	1	it.
55	17	the	1	it.
55	18	balcony	1	it.
55	19	windows	1	it.
55	20	and	1	it.
55	21	broken	1	it.
55	22	pots	1	it.
55	23	containing	1	it.
55	24	her	1	it.
55	25	houseplants.	4	it.
55	26	When	1	NA
55	27	she	1	NA
55	28	jumped	1	NA
55	29	out	1	NA
55	30	of	1	NA
55	31	bed	1	NA
55	32	she	1	NA
55	33	could	1	NA
55	34	see	1	NA
55	35	a	1	it
55	36	huge	1	it
55	37	vapor	1	it
55	38	trail	1	it
55	39	in	1	NA
55	40	the	1	it
55	41	morning	1	it
55	42	sky	1	it
55	43	and	1	NA
55	44	hear	1	NA
55	45	car	1	NA
55	46	alarms	1	NA
55	47	from	1	NA
55	48	the	1	NA
55	49	street	1	NA
55	50	below.	2	NA
55	51	“I	3	NA
55	52	didn't	2	NA
55	53	understand	1	NA
55	54	what	1	NA
55	55	was	1	NA
55	56	going	1	NA
55	57	on,”	4	NA
55	58	said	1	NA
55	59	Zaglumyonova.	7	she.
55	60	“There	3	NA
55	61	was	1	NA
55	62	a	1	it
55	63	big	1	it
55	64	explosion	1	it
55	65	and	1	NA
55	66	then	1	NA
55	67	lots	1	NA
55	68	of	1	NA
55	69	little	1	NA
55	70	explosions.	2	NA
55	71	My	1	NA
55	72	first	1	NA
55	73	thought	1	NA
55	74	was	1	NA
55	75	that	1	NA
55	76	it	1	NA
55	77	was	1	NA
55	78	a	1	it.”
55	79	plane	1	it.”
55	80	crash.”	4	it.”
55	81	In	1	NA
55	82	fact,	2	NA
55	83	it	1	NA
55	84	was	1	NA
55	85	a	1	it.
55	86	ten-ton	3	it.
55	87	meteorite	2	it.
55	88	that	1	it.
55	89	fell	1	it.
55	90	to	1	it.
55	91	Earth	1	it.
55	92	in	1	it.
55	93	lots	1	it.
55	94	of	1	it.
55	95	pieces.	2	it.
55	96	Almost	1	NA
55	97	1,200	3	NA
55	98	people	1	NA
55	99	were	1	NA
55	100	injured.	2	NA
55	101	More	1	They
55	102	than	1	They
55	103	40	1	They
55	104	people	1	They
55	105	were	1	NA
55	106	taken	1	NA
55	107	to	1	NA
55	108	hospital	1	NA
55	109	–	1	NA
55	110	most	1	NA
55	111	of	1	NA
55	112	them	1	NA
55	113	were	1	NA
55	114	hurt	1	NA
55	115	by	1	NA
55	116	flying	1	it.
55	117	glass.	2	it.
55	118	There	1	NA
55	119	were	1	NA
55	120	no	1	NA
55	121	deaths.	2	NA
55	122	The	1	It
55	123	meteorite	2	It
55	124	entered	1	It
55	125	the	1	It
55	126	atmosphere	1	It
55	127	at	1	It
55	128	a	1	It
55	129	speed	1	It
55	130	of	1	It
55	131	at	1	It
55	132	least	1	It
55	133	33,000	3	It
55	134	miles	1	It
55	135	per	1	It
55	136	hour	1	It
55	137	and	1	NA
55	138	broke	1	NA
55	139	into	1	NA
55	140	pieces	1	them
55	141	between	1	NA
55	142	18	1	NA
55	143	and	1	NA
55	144	32	1	NA
55	145	miles	1	NA
55	146	above	1	NA
55	147	the	1	it.
55	148	ground.	2	it.
55	149	The	1	It
55	150	event	1	It
55	151	caused	1	NA
55	152	panic	1	NA
55	153	in	1	NA
55	154	Chelyabinsk,	5	it,
55	155	a	1	it.
55	156	Russian	1	it.
55	157	city	1	it.
55	158	of	1	it.
55	159	one	1	it.
55	160	million	1	it.
55	161	people	1	it.
55	162	to	1	it.
55	163	the	1	it.
55	164	south	1	it.
55	165	of	1	it.
55	166	the	1	it.
55	167	Ural	2	it.
55	168	mountains.	2	it.
55	169	Mobile	1	NA
55	170	phone	1	NA
55	171	networks	1	NA
55	172	quickly	1	NA
55	173	became	1	NA
55	174	jammed	1	NA
55	175	by	1	NA
55	176	the	1	NA
55	177	large	1	NA
55	178	number	1	NA
55	179	of	1	NA
55	180	calls.	2	NA
55	181	A	1	NA
55	182	video	1	NA
55	183	showed	1	NA
55	184	the	1	they
55	185	pieces	1	they
55	186	of	1	they
55	187	meteorite	2	they
55	188	glowing	1	NA
55	189	more	1	NA
55	190	brightly	1	NA
55	191	as	1	NA
55	192	they	1	NA
55	193	approached	1	NA
55	194	the	1	NA
55	195	moment	1	NA
55	196	of	1	NA
55	197	impact.	2	its.
55	198	People	1	NA
55	199	could	1	NA
55	200	see	1	NA
55	201	the	1	it
55	202	vapor	1	it
55	203	trail	1	it
55	204	for	1	NA
55	205	hundreds	1	NA
55	206	of	1	NA
55	207	miles,	2	NA
55	208	even	1	NA
55	209	from	1	NA
55	210	neighboring	1	NA
55	211	Kazakhstan.	2	NA
55	212	Tatyana	3	She
55	213	Bets	2	She
55	214	was	1	NA
55	215	at	1	NA
55	216	work	1	NA
55	217	in	1	NA
55	218	the	1	it
55	219	reception	1	it
55	220	area	1	it
55	221	of	1	it
55	222	a	1	it
55	223	hospital	1	it
55	224	clinic	1	it
55	225	in	1	it
55	226	the	1	it
55	227	center	1	it
55	228	of	1	it
55	229	the	1	it
55	230	city	1	it
55	231	when	1	NA
55	232	the	1	it
55	233	meteorite	2	it
55	234	hit.	2	NA
55	235	“First	3	NA
55	236	we	1	NA
55	237	noticed	1	NA
55	238	the	1	NA
55	239	wind,	2	NA
55	240	and	1	NA
55	241	then	1	NA
55	242	the	1	it
55	243	room	1	it
55	244	was	1	NA
55	245	filled	1	NA
55	246	with	1	NA
55	247	a	1	NA
55	248	very	1	NA
55	249	bright	1	NA
55	250	light	1	NA
55	251	and	1	NA
55	252	we	1	NA
55	253	could	1	NA
55	254	see	1	NA
55	255	smoke	1	NA
55	256	in	1	NA
55	257	the	1	it,”
55	258	sky,”	4	it,”
55	259	she	1	NA
55	260	said.	2	NA
55	261	Then,	2	NA
55	262	after	1	NA
55	263	a	1	NA
55	264	few	1	NA
55	265	minutes,	2	NA
55	266	the	1	NA
55	267	explosions	1	NA
55	268	came.	2	NA
55	269	At	1	They
55	270	least	1	They
55	271	three	1	They
55	272	craters	2	They
55	273	were	1	NA
55	274	found.	2	NA
55	275	One	1	NA
55	276	crater	1	NA
55	277	was	1	NA
55	278	more	1	NA
55	279	than	1	NA
55	280	six	1	NA
55	281	meters	1	NA
55	282	wide.	2	NA
55	283	Another	1	NA
55	284	piece	1	NA
55	285	of	1	NA
55	286	meteorite	2	NA
55	287	broke	1	NA
55	288	through	1	NA
55	289	the	1	NA
55	290	thick	1	NA
55	291	ice	1	NA
55	292	of	1	NA
55	293	a	1	NA
55	294	lake.	2	NA
55	295	The	1	They
55	296	local	1	They
55	297	military	1	They
55	298	said	1	NA
55	299	that	1	NA
55	300	the	1	NA
55	301	radiation	1	NA
55	302	levels	1	NA
55	303	at	1	NA
55	304	the	1	them
55	305	impact	1	them
55	306	sites	1	them
55	307	were	1	NA
55	308	normal.	2	NA
55	309	In	1	NA
55	310	Chelyabinsk,	5	it,
55	311	schools	1	NA
55	312	and	1	NA
55	313	universities	1	NA
55	314	were	1	NA
55	315	closed	1	NA
55	316	and	1	NA
55	317	people	1	NA
55	318	were	1	NA
55	319	told	1	NA
55	320	to	1	NA
55	321	go	1	NA
55	322	home	1	NA
55	323	early.	2	NA
55	324	About	1	NA
55	325	200	1	NA
55	326	children	1	NA
55	327	were	1	NA
55	328	injured.	2	NA
55	329	Many	1	NA
55	330	people,	2	NA
55	331	mostly	1	NA
55	332	with	1	NA
55	333	cuts	1	NA
55	334	from	1	NA
55	335	flying	1	it,
55	336	glass,	2	it,
55	337	came	1	NA
55	338	into	1	NA
55	339	the	1	it.
55	340	clinic	1	it.
55	341	where	1	it.
55	342	Bets	2	it.
55	343	works.	2	it.
55	344	She	1	NA
55	345	said	1	NA
55	346	many	1	they
55	347	of	1	they
55	348	the	1	they
55	349	students	1	they
55	350	at	1	they
55	351	a	1	they
55	352	nearby	1	they
55	353	college	1	they
55	354	came	1	NA
55	355	to	1	NA
55	356	the	1	NA
55	357	hospital	1	NA
55	358	because	1	NA
55	359	they	1	NA
55	360	were	1	NA
55	361	scared.	2	NA
55	362	“There	3	NA
55	363	were	1	NA
55	364	a	1	NA
55	365	lot	1	NA
55	366	of	1	NA
55	367	girls	1	NA
55	368	from	1	NA
55	369	the	1	it
55	370	college	1	it
55	371	in	1	NA
55	372	shock,”	4	NA
55	373	she	1	NA
55	374	said.	2	NA
55	375	More	1	NA
55	376	than	1	NA
55	377	100,000	3	NA
55	378	square	1	NA
55	379	meters	1	NA
55	380	of	1	NA
55	381	glass	1	NA
55	382	were	1	NA
55	383	broken	1	NA
55	384	and	1	NA
55	385	3,000	3	NA
55	386	buildings	1	NA
55	387	were	1	NA
55	388	hit.	2	NA
55	389	The	1	NA
55	390	total	1	NA
55	391	cost	1	NA
55	392	of	1	NA
55	393	the	1	NA
55	394	damage	1	NA
55	395	in	1	NA
55	396	the	1	it
55	397	city	1	it
55	398	is	1	NA
55	399	probably	1	NA
55	400	more	1	NA
55	401	than	1	NA
55	402	one	1	NA
55	403	billion	1	NA
55	404	roubles	2	NA
55	405	(£20	2	NA
55	406	million).	2	NA
55	407	The	1	It
55	408	meteorite	2	It
55	409	arrived	1	NA
55	410	a	1	NA
55	411	day	1	NA
55	412	before	1	NA
55	413	asteroid	1	NA
55	414	2012	1	NA
55	415	DA14	2	NA
55	416	passed	1	NA
55	417	Earth	1	it
55	418	very	1	NA
55	419	closely	1	NA
55	420	(about	2	NA
55	421	17,510	3	NA
55	422	miles).	2	NA
55	423	But	1	NA
55	424	experts	1	NA
55	425	said	1	NA
55	426	the	1	NA
55	427	two	1	NA
55	428	events	1	NA
55	429	were	1	NA
55	430	not	1	NA
55	431	connected.	2	NA
55	432	There	1	NA
55	433	were	1	NA
55	434	lots	1	NA
55	435	of	1	NA
55	436	rumors	1	NA
55	437	in	1	NA
55	438	the	1	NA
55	439	first	1	NA
55	440	few	1	NA
55	441	hours	1	NA
55	442	after	1	NA
55	443	the	1	it.
55	444	incident.	2	it.
55	445	Reports	1	NA
55	446	on	1	NA
55	447	Russian	1	NA
55	448	state	1	NA
55	449	television	1	NA
55	450	and	1	NA
55	451	in	1	NA
55	452	local	1	NA
55	453	media	1	NA
55	454	suggested	1	NA
55	455	that	1	NA
55	456	the	1	it
55	457	Russian	1	it
55	458	military	1	it
55	459	blew	1	NA
55	460	apart	1	NA
55	461	the	1	it.
55	462	meteorite.	3	it.
55	463	The	1	He,
55	464	ultra-nationalist	4	He,
55	465	leader	1	He,
55	466	of	1	He,
55	467	Russia's	2	He,
55	468	Liberal	1	He,
55	469	Democrat	1	He,
55	470	party,	2	He,
55	471	Vladimir	1	he,
55	472	Zhirinovsky,	4	he,
55	473	said	1	NA
55	474	it	1	NA
55	475	was	1	NA
55	476	not	1	NA
55	477	a	1	NA
55	478	meteorite.	3	NA
55	479	He	1	NA
55	480	said	1	NA
55	481	it	1	NA
55	482	was	1	NA
55	483	a	1	NA
55	484	weapons	1	NA
55	485	test	1	NA
55	486	by	1	NA
55	487	the	1	NA
55	488	United	1	NA
55	489	States.	2	NA
55	490	Some	1	NA
55	491	people	1	NA
55	492	were	1	NA
55	493	selling	1	NA
55	494	pieces	1	NA
55	495	of	1	NA
55	496	meteorite	2	NA
55	497	through	1	NA
55	498	internet	1	NA
55	499	sites	1	NA
55	500	within	1	NA
55	501	a	1	NA
55	502	few	1	NA
55	503	hours	1	NA
55	504	of	1	NA
55	505	the	1	it.
55	506	impact.	2	it.
55	507	President	1	He
55	508	Vladimir	1	He
55	509	Putin	1	He
55	510	and	1	NA
55	511	the	1	he,
55	512	Prime	1	he,
55	513	Minister,	2	he,
55	514	Dmitry	1	he,
55	515	Medvedev,	4	he,
55	516	were	1	NA
55	517	updated	1	NA
55	518	about	1	NA
55	519	the	1	it,
55	520	incident,	2	it,
55	521	and	1	NA
55	522	Putin	1	he
55	523	met	1	NA
55	524	with	1	NA
55	525	the	1	NA
55	526	head	1	NA
55	527	of	1	NA
55	528	the	1	NA
55	529	Emergency	1	NA
55	530	Situations	2	NA
55	531	Ministry.	2	NA
55	532	Prime	1	He
55	533	Minister	1	He
55	534	Dmitry	1	He
55	535	Medvedev	3	He
55	536	said	1	NA
55	537	that	1	NA
55	538	it	1	NA
55	539	shows	1	NA
55	540	us	1	NA
55	541	that	1	NA
55	542	the	1	it
55	543	whole	1	it
55	544	planet	1	it
55	545	is	1	NA
55	546	vulnerable.	2	NA
56	0	The	1	It
56	1	small	1	It
56	2	space	1	It
56	3	is	1	NA
56	4	set	1	NA
56	5	up	1	NA
56	6	to	1	NA
56	7	look	1	NA
56	8	like	1	NA
56	9	a	1	NA
56	10	classroom.	2	NA
56	11	Its	1	NA
56	12	corrugated	3	NA
56	13	iron	1	NA
56	14	walls	1	NA
56	15	are	1	NA
56	16	hung	1	NA
56	17	with	1	NA
56	18	educational	1	NA
56	19	charts	1	NA
56	20	–	1	NA
56	21	illustrated	1	NA
56	22	letters	1	NA
56	23	of	1	NA
56	24	the	1	NA
56	25	alphabet	1	NA
56	26	and	1	NA
56	27	a	1	NA
56	28	map	1	NA
56	29	of	1	NA
56	30	Bangladesh.	2	it.
56	31	But,	2	NA
56	32	the	1	NA
56	33	constant	1	NA
56	34	sound	1	NA
56	35	of	1	NA
56	36	hammering	2	NA
56	37	and	1	NA
56	38	the	1	NA
56	39	chemicals	1	NA
56	40	in	1	NA
56	41	the	1	NA
56	42	air	1	NA
56	43	that	1	NA
56	44	catch	1	NA
56	45	in	1	NA
56	46	the	1	NA
56	47	back	1	NA
56	48	of	1	NA
56	49	the	1	NA
56	50	throat	1	NA
56	51	and	1	NA
56	52	irritate	2	NA
56	53	the	1	NA
56	54	eyes	1	NA
56	55	make	1	NA
56	56	it	1	NA
56	57	hard	1	NA
56	58	to	1	NA
56	59	concentrate.	2	NA
56	60	The	1	They
56	61	children	1	They
56	62	who	1	They
56	63	learn	1	They
56	64	in	1	They
56	65	this	1	They
56	66	three-square-	4	They
56	67	meter	1	They
56	68	room	1	They
56	69	are	1	NA
56	70	the	1	they,
56	71	lucky	1	they,
56	72	ones,	2	they,
56	73	however.	2	NA
56	74	They	1	NA
56	75	have	1	NA
56	76	escaped	1	NA
56	77	working	1	NA
56	78	in	1	NA
56	79	the	1	NA
56	80	factories	1	NA
56	81	opposite.	2	NA
56	82	For	1	NA
56	83	14	1	NA
56	84	years,	2	NA
56	85	SOHAY,	4	it,
56	86	a	1	it,
56	87	grassroots	1	it,
56	88	non-governmental	3	it,
56	89	organization	1	it,
56	90	(NGO)	4	it,
56	91	funded	1	it,
56	92	by	1	it,
56	93	the	1	it,
56	94	Global	1	it,
56	95	Fund	1	it,
56	96	for	1	it,
56	97	Children	1	it,
56	98	and	1	it,
56	99	Comic	1	it,
56	100	Relief,	2	it,
56	101	has	1	NA
56	102	been	1	NA
56	103	working	1	NA
56	104	in	1	NA
56	105	slum	2	NA
56	106	areas	1	NA
56	107	of	1	NA
56	108	Dhaka	2	it
56	109	to	1	NA
56	110	get	1	NA
56	111	child	1	them
56	112	laborers	1	them
56	113	into	1	NA
56	114	school.	2	it.
56	115	It	1	NA
56	116	focuses	1	NA
56	117	on	1	NA
56	118	children	1	them.
56	119	working	1	them.
56	120	in	1	them.
56	121	hazardous	1	them.
56	122	conditions	1	them.
56	123	–	1	them.
56	124	in	1	them.
56	125	aluminum	1	them.
56	126	and	1	them.
56	127	plastic	1	them.
56	128	factories,	2	them.
56	129	and	1	them.
56	130	tanneries.	4	them.
56	131	The	1	It
56	132	classroom	1	It
56	133	is	1	NA
56	134	one	1	it.
56	135	of	1	it.
56	136	23	1	it.
56	137	urban	1	it.
56	138	development	1	it.
56	139	centers	1	it.
56	140	that	1	it.
56	141	SOHAY	3	it.
56	142	has	1	it.
56	143	set	1	it.
56	144	up	1	it.
56	145	across	1	it.
56	146	the	1	it.
56	147	capital.	2	it.
56	148	The	1	They
56	149	centers	1	They
56	150	prepare	1	NA
56	151	children	1	them
56	152	for	1	NA
56	153	primary	1	it
56	154	school	1	it
56	155	with	1	NA
56	156	classes	1	NA
56	157	that	1	NA
56	158	help	1	NA
56	159	them	1	NA
56	160	catch	1	NA
56	161	up	1	NA
56	162	on	1	NA
56	163	their	1	their.
56	164	education.	2	their.
56	165	Once	1	NA
56	166	they	1	NA
56	167	are	1	NA
56	168	in	1	NA
56	169	primary	1	it,
56	170	school,	2	it,
56	171	the	1	they
56	172	children	1	they
56	173	can	1	NA
56	174	do	1	NA
56	175	homework	1	NA
56	176	at	1	NA
56	177	the	1	them,
56	178	centers,	2	them,
56	179	with	1	NA
56	180	help	1	NA
56	181	from	1	NA
56	182	their	1	NA
56	183	peers.	2	NA
56	184	Alamin,	3	He,
56	185	ten,	2	NA
56	186	who	1	NA
56	187	used	1	NA
56	188	to	1	NA
56	189	work	1	NA
56	190	in	1	NA
56	191	a	1	it,
56	192	plastic	1	it,
56	193	factory,	2	it,
56	194	attends	1	NA
56	195	one	1	NA
56	196	of	1	NA
56	197	the	1	them.
56	198	centers.	2	them.
56	199	His	1	His
56	200	father	1	His
56	201	is	1	NA
56	202	a	1	it
56	203	street	1	it
56	204	seller	1	it
56	205	and	1	NA
56	206	his	1	NA
56	207	mother	1	NA
56	208	a	1	NA
56	209	part-time	3	NA
56	210	domestic	1	NA
56	211	worker.	2	NA
56	212	They	1	NA
56	213	are	1	NA
56	214	all	1	NA
56	215	happy	1	NA
56	216	that	1	NA
56	217	he's	2	NA
56	218	now	1	NA
56	219	in	1	NA
56	220	school	1	it
56	221	and	1	NA
56	222	away	1	NA
56	223	from	1	NA
56	224	hazardous	1	it.
56	225	work.	2	it.
56	226	His	1	NA
56	227	friend	1	NA
56	228	Rabi	2	NA
56	229	says	1	NA
56	230	he	1	NA
56	231	wants	1	NA
56	232	to	1	NA
56	233	forget	1	NA
56	234	his	1	NA
56	235	past	1	NA
56	236	in	1	NA
56	237	the	1	it.
56	238	factory.	2	it.
56	239	“I	3	NA
56	240	like	1	NA
56	241	school,”	4	it,”
56	242	he	1	NA
56	243	says.	2	NA
56	244	SOHAY	3	It
56	245	also	1	NA
56	246	runs	1	NA
56	247	sessions	1	NA
56	248	for	1	NA
56	249	parents	1	NA
56	250	and	1	NA
56	251	employers	1	NA
56	252	to	1	NA
56	253	discourage	1	NA
56	254	child	1	it
56	255	labor	1	it
56	256	and	1	NA
56	257	offers	1	NA
56	258	skills	1	NA
56	259	training	1	NA
56	260	to	1	NA
56	261	increase	1	NA
56	262	family	1	their.
56	263	income.	2	their.
56	264	“Getting	3	NA
56	265	working	1	them
56	266	children	1	them
56	267	into	1	NA
56	268	formal	1	it
56	269	education	1	it
56	270	is	1	NA
56	271	really	1	NA
56	272	very	1	NA
56	273	challenging,”	4	NA
56	274	says	1	NA
56	275	SOHAY's	4	he,
56	276	program	1	he,
56	277	manager,	2	he,
56	278	Mohammed	1	he.
56	279	al-Mamun.	6	he.
56	280	“Their	3	NA
56	281	psychological	1	NA
56	282	and	1	NA
56	283	physical	1	NA
56	284	condition	1	NA
56	285	is	1	NA
56	286	not	1	NA
56	287	like	1	NA
56	288	other	1	NA
56	289	children	1	NA
56	290	in	1	NA
56	291	society.	2	NA
56	292	After	1	NA
56	293	they	1	NA
56	294	leave	1	NA
56	295	work,	2	it,
56	296	they	1	NA
56	297	sometimes	1	NA
56	298	find	1	NA
56	299	it	1	NA
56	300	difficult	1	NA
56	301	to	1	NA
56	302	make	1	NA
56	303	friends	1	NA
56	304	and	1	NA
56	305	adapt	1	NA
56	306	to	1	NA
56	307	school.”	4	it.”
56	308	It	1	NA
56	309	is	1	NA
56	310	also	1	NA
56	311	very	1	NA
56	312	challenging	1	NA
56	313	to	1	NA
56	314	ensure	1	NA
56	315	they	1	NA
56	316	stay	1	NA
56	317	in	1	NA
56	318	school	1	it
56	319	–	1	NA
56	320	the	1	NA
56	321	dropout	2	NA
56	322	rate	1	NA
56	323	is	1	NA
56	324	very	1	NA
56	325	high	1	NA
56	326	for	1	NA
56	327	these	1	them.
56	328	children.	2	them.
56	329	Seven-year-old	5	She
56	330	Zhorna	3	She
56	331	Akter	2	She
56	332	Sumayya	3	She
56	333	has	1	NA
56	334	two	1	NA
56	335	older	1	NA
56	336	brothers,	2	NA
56	337	both	1	NA
56	338	of	1	NA
56	339	whom	1	NA
56	340	are	1	NA
56	341	in	1	NA
56	342	work	1	NA
56	343	(one	2	NA
56	344	at	1	NA
56	345	a	1	NA
56	346	restaurant,	2	NA
56	347	one	1	NA
56	348	at	1	NA
56	349	a	1	NA
56	350	local	1	NA
56	351	club).	2	NA
56	352	But,	2	NA
56	353	after	1	NA
56	354	being	1	NA
56	355	introduced	1	NA
56	356	to	1	NA
56	357	education	1	her
56	358	at	1	NA
56	359	one	1	NA
56	360	of	1	NA
56	361	SOHAY's	4	its
56	362	centers,	2	NA
56	363	she	1	NA
56	364	now	1	NA
56	365	goes	1	NA
56	366	to	1	NA
56	367	a	1	NA
56	368	state	1	NA
56	369	primary	1	NA
56	370	school.	2	NA
56	371	Her	1	They
56	372	parents	1	They
56	373	can't	2	NA
56	374	survive	1	NA
56	375	without	1	NA
56	376	the	1	it,
56	377	income	1	it,
56	378	their	1	it,
56	379	sons	1	it,
56	380	bring	1	it,
56	381	home,	2	it,
56	382	but	1	NA
56	383	they	1	NA
56	384	were	1	NA
56	385	keen	1	NA
56	386	for	1	NA
56	387	their	1	her
56	388	daughter	1	her
56	389	to	1	NA
56	390	go	1	NA
56	391	to	1	NA
56	392	school.	2	it.
56	393	In	1	NA
56	394	2015,	2	it,
56	395	SOHAY	3	it
56	396	helped	1	NA
56	397	1,540	3	NA
56	398	children	1	NA
56	399	to	1	NA
56	400	leave	1	NA
56	401	hazardous	1	it
56	402	work	1	it
56	403	and	1	NA
56	404	2,125	3	them
56	405	vulnerable	1	them
56	406	children	1	them
56	407	–	1	NA
56	408	those	1	them
56	409	in	1	them
56	410	danger	1	them
56	411	of	1	them
56	412	entering	1	them
56	413	work	1	them
56	414	–	1	NA
56	415	into	1	NA
56	416	school.	2	it.
56	417	About	1	NA
56	418	780	1	NA
56	419	more	1	NA
56	420	children	1	NA
56	421	are	1	NA
56	422	preparing	1	NA
56	423	to	1	NA
56	424	enter	1	NA
56	425	school	1	it
56	426	in	1	NA
56	427	2017.	2	NA
56	428	The	1	It
56	429	organization	1	It
56	430	is	1	NA
56	431	also	1	NA
56	432	helping	1	NA
56	433	635	2	them
56	434	children	1	them
56	435	who	1	them
56	436	are	1	them
56	437	working	1	them
56	438	in	1	them
56	439	hazardous	1	them
56	440	conditions	1	them
56	441	to	1	NA
56	442	know	1	NA
56	443	their	1	NA
56	444	rights	1	NA
56	445	under	1	NA
56	446	Bangladesh's	2	it.
56	447	2010	1	it.
56	448	child	1	it.
56	449	labor	1	it.
56	450	elimination	1	it.
56	451	code	1	it.
56	452	of	1	it.
56	453	conduct.	2	it.
56	454	The	1	It
56	455	policy	1	It
56	456	aimed	1	NA
56	457	to	1	it
56	458	eradicate	1	it
56	459	all	1	it
56	460	forms	1	it
56	461	of	1	it
56	462	child	1	it
56	463	labor	1	it
56	464	by	1	it
56	465	2015	1	it
56	466	but	1	NA
56	467	that	1	it
56	468	target	1	it
56	469	was	1	NA
56	470	missed.	2	NA
56	471	The	1	NA
56	472	Labor	1	NA
56	473	Law	1	NA
56	474	of	1	NA
56	475	Bangladesh	1	it
56	476	2006	1	NA
56	477	bans	1	NA
56	478	children	1	NA
56	479	under	1	NA
56	480	the	1	it
56	481	age	1	it
56	482	of	1	it
56	483	14	1	it
56	484	from	1	NA
56	485	working	1	NA
56	486	but,	2	NA
56	487	according	1	NA
56	488	to	1	NA
56	489	the	1	it,
56	490	UN	1	it,
56	491	children's	2	it,
56	492	agency,	2	it,
56	493	UNICEF,	4	it,
56	494	4.7	3	NA
56	495	million	1	NA
56	496	children	1	NA
56	497	under	1	NA
56	498	that	1	it
56	499	age	1	it
56	500	are	1	NA
56	501	employed	1	NA
56	502	in	1	NA
56	503	the	1	NA
56	504	informal	1	NA
56	505	sector	1	NA
56	506	and	1	NA
56	507	1.3	3	NA
56	508	million	1	NA
56	509	aged	1	NA
56	510	five	1	NA
56	511	to	1	NA
56	512	17	1	NA
56	513	work	1	NA
56	514	in	1	NA
56	515	hazardous	1	NA
56	516	industries.	2	NA
57	0	The	1	It
57	1	small	1	It
57	2	room	1	It
57	3	looks	1	NA
57	4	like	1	NA
57	5	a	1	NA
57	6	classroom.	2	NA
57	7	The	1	NA
57	8	posters	1	NA
57	9	on	1	NA
57	10	the	1	NA
57	11	walls	1	NA
57	12	show	1	NA
57	13	letters	1	NA
57	14	of	1	NA
57	15	the	1	NA
57	16	alphabet	1	NA
57	17	and	1	NA
57	18	a	1	NA
57	19	map	1	NA
57	20	of	1	NA
57	21	Bangladesh.	2	it.
57	22	But,	2	NA
57	23	it	1	NA
57	24	is	1	NA
57	25	hard	1	NA
57	26	to	1	NA
57	27	concentrate	1	NA
57	28	–	1	NA
57	29	there	1	NA
57	30	is	1	NA
57	31	the	1	NA
57	32	loud	1	NA
57	33	hammering	2	NA
57	34	and	1	NA
57	35	chemicals	1	NA
57	36	in	1	NA
57	37	the	1	NA
57	38	air	1	NA
57	39	that	1	NA
57	40	hurt	1	NA
57	41	the	1	NA
57	42	throat	1	NA
57	43	and	1	NA
57	44	eyes.	2	NA
57	45	But,	2	NA
57	46	the	1	they
57	47	children	1	they
57	48	who	1	they
57	49	learn	1	they
57	50	in	1	they
57	51	this	1	they
57	52	three-	2	they
57	53	square-meter	3	they
57	54	room	1	they
57	55	are	1	NA
57	56	lucky.	2	NA
57	57	They	1	NA
57	58	have	1	NA
57	59	escaped	1	NA
57	60	working	1	NA
57	61	in	1	NA
57	62	the	1	NA
57	63	factories	1	NA
57	64	opposite.	2	NA
57	65	For	1	NA
57	66	14	1	NA
57	67	years,	2	NA
57	68	SOHAY,	4	it,
57	69	a	1	it
57	70	non-governmental	3	it
57	71	organization	1	it
57	72	(NGO),	4	(it),
57	73	has	1	NA
57	74	worked	1	NA
57	75	in	1	NA
57	76	slums	2	NA
57	77	in	1	NA
57	78	Dhaka	2	it
57	79	to	1	NA
57	80	send	1	NA
57	81	child	1	them
57	82	workers	1	them
57	83	to	1	NA
57	84	school.	2	it.
57	85	It	1	NA
57	86	especially	1	NA
57	87	tries	1	NA
57	88	to	1	NA
57	89	help	1	NA
57	90	children	1	them.
57	91	who	1	them.
57	92	do	1	them.
57	93	dangerous	1	them.
57	94	work.	2	them.
57	95	The	1	It
57	96	classroom	1	It
57	97	is	1	NA
57	98	one	1	it.
57	99	of	1	it.
57	100	23	1	it.
57	101	centers	1	it.
57	102	that	1	it.
57	103	SOHAY	3	it.
57	104	has	1	it.
57	105	set	1	it.
57	106	up	1	it.
57	107	in	1	it.
57	108	Dhaka.	3	it.
57	109	The	1	NA
57	110	classes	1	NA
57	111	at	1	NA
57	112	the	1	they
57	113	centers	1	they
57	114	help	1	NA
57	115	children	1	them
57	116	enter	1	NA
57	117	primary	1	it.
57	118	school.	2	it.
57	119	When	1	NA
57	120	they	1	NA
57	121	are	1	NA
57	122	in	1	NA
57	123	school,	2	it,
57	124	the	1	they
57	125	children	1	they
57	126	get	1	NA
57	127	extra	1	NA
57	128	help	1	NA
57	129	with	1	NA
57	130	their	1	NA
57	131	homework	1	NA
57	132	at	1	NA
57	133	the	1	them.
57	134	centers.	2	them.
57	135	Alamin,	3	He,
57	136	ten	1	NA
57	137	years	1	NA
57	138	old,	2	NA
57	139	used	1	NA
57	140	to	1	NA
57	141	work	1	NA
57	142	in	1	NA
57	143	a	1	it.
57	144	plastic	1	it.
57	145	factory.	2	it.
57	146	He	1	NA
57	147	now	1	NA
57	148	goes	1	NA
57	149	to	1	NA
57	150	one	1	NA
57	151	of	1	NA
57	152	the	1	them.
57	153	centers.	2	them.
57	154	His	1	They
57	155	parents	1	They
57	156	are	1	NA
57	157	happy	1	NA
57	158	that	1	NA
57	159	he's	2	NA
57	160	now	1	NA
57	161	in	1	NA
57	162	school	1	it
57	163	and	1	NA
57	164	not	1	NA
57	165	doing	1	NA
57	166	dangerous	1	it.
57	167	work.	2	it.
57	168	His	1	His
57	169	friend	1	His
57	170	Rabi	2	NA
57	171	says	1	NA
57	172	he	1	NA
57	173	wants	1	NA
57	174	to	1	NA
57	175	forget	1	NA
57	176	his	1	NA
57	177	past	1	NA
57	178	in	1	NA
57	179	the	1	it.
57	180	factory.	2	it.
57	181	“I	3	NA
57	182	like	1	NA
57	183	school,”	4	it,”
57	184	he	1	NA
57	185	says.	2	NA
57	186	SOHAY	3	It
57	187	also	1	NA
57	188	has	1	NA
57	189	classes	1	NA
57	190	for	1	NA
57	191	parents	1	them
57	192	and	1	NA
57	193	employers	1	NA
57	194	to	1	NA
57	195	stop	1	NA
57	196	child	1	NA
57	197	labor.	2	NA
57	198	“It	3	NA
57	199	can	1	NA
57	200	be	1	NA
57	201	very	1	NA
57	202	difficult	1	NA
57	203	for	1	NA
57	204	working	1	them
57	205	children	1	them
57	206	to	1	NA
57	207	go	1	NA
57	208	to	1	NA
57	209	school,”	4	it,”
57	210	says	1	NA
57	211	SOHAY's	4	he,
57	212	program	1	he,
57	213	manager,	2	he,
57	214	Mohammed	1	he.
57	215	al-Mamun.	6	he.
57	216	“They	3	NA
57	217	are	1	NA
57	218	not	1	NA
57	219	like	1	NA
57	220	other	1	NA
57	221	children.	2	NA
57	222	After	1	NA
57	223	they	1	NA
57	224	stop	1	NA
57	225	working,	2	NA
57	226	they	1	NA
57	227	sometimes	1	NA
57	228	find	1	NA
57	229	it	1	NA
57	230	difficult	1	NA
57	231	to	1	NA
57	232	make	1	NA
57	233	friends	1	NA
57	234	and	1	NA
57	235	adapt	1	NA
57	236	to	1	NA
57	237	school.”	4	it.”
57	238	It	1	NA
57	239	is	1	NA
57	240	also	1	NA
57	241	difficult	1	NA
57	242	to	1	it
57	243	make	1	it
57	244	sure	1	it
57	245	they	1	it
57	246	stay	1	it
57	247	in	1	it
57	248	school	1	it
57	249	–	1	NA
57	250	lots	1	NA
57	251	of	1	NA
57	252	these	1	they
57	253	children	1	they
57	254	don't	2	NA
57	255	finish	1	NA
57	256	school.	2	it.
57	257	Seven-year-old	5	She
57	258	Zhorna	3	She
57	259	Akter	2	She
57	260	Sumayya	3	She
57	261	has	1	NA
57	262	two	1	they
57	263	older	1	they
57	264	brothers	1	they
57	265	–	1	NA
57	266	they	1	NA
57	267	both	1	NA
57	268	work	1	NA
57	269	(one	2	NA
57	270	at	1	NA
57	271	a	1	NA
57	272	restaurant,	2	NA
57	273	one	1	NA
57	274	at	1	NA
57	275	a	1	NA
57	276	local	1	NA
57	277	club).	2	NA
57	278	But,	2	NA
57	279	she	1	NA
57	280	went	1	NA
57	281	to	1	NA
57	282	a	1	NA
57	283	SOHAY	3	it
57	284	center	1	NA
57	285	and	1	NA
57	286	she	1	NA
57	287	now	1	NA
57	288	goes	1	NA
57	289	to	1	NA
57	290	school.	2	it.
57	291	Her	1	They
57	292	parents	1	They
57	293	need	1	NA
57	294	the	1	NA
57	295	money	1	NA
57	296	their	1	they
57	297	sons	1	they
57	298	make,	2	NA
57	299	but	1	NA
57	300	they	1	NA
57	301	want	1	NA
57	302	their	1	her
57	303	daughter	1	her
57	304	to	1	NA
57	305	go	1	NA
57	306	to	1	NA
57	307	school.	2	it.
57	308	In	1	NA
57	309	2015,	2	NA
57	310	SOHAY	3	it
57	311	helped	1	NA
57	312	1,540	3	NA
57	313	children	1	NA
57	314	to	1	NA
57	315	leave	1	NA
57	316	dangerous	1	it
57	317	work	1	it
57	318	and	1	NA
57	319	helped	1	NA
57	320	2,125	3	them
57	321	more	1	them
57	322	children	1	them
57	323	–	1	NA
57	324	those	1	them
57	325	who	1	them
57	326	would	1	them
57	327	soon	1	them
57	328	start	1	them
57	329	work	1	them
57	330	–	1	NA
57	331	to	1	NA
57	332	go	1	NA
57	333	to	1	NA
57	334	school.	2	it.
57	335	About	1	NA
57	336	780	1	NA
57	337	more	1	NA
57	338	children	1	NA
57	339	are	1	NA
57	340	preparing	1	NA
57	341	to	1	NA
57	342	start	1	NA
57	343	school	1	it
57	344	in	1	NA
57	345	2017.	2	NA
57	346	The	1	NA
57	347	Labor	1	NA
57	348	Law	1	NA
57	349	of	1	NA
57	350	Bangladesh	1	NA
57	351	2006	1	NA
57	352	does	1	NA
57	353	not	1	NA
57	354	allow	1	NA
57	355	children	1	NA
57	356	younger	1	NA
57	357	than	1	NA
57	358	14	1	NA
57	359	to	1	NA
57	360	work	1	NA
57	361	but	1	NA
57	362	UNICEF	3	NA
57	363	says	1	NA
57	364	that,	2	NA
57	365	in	1	NA
57	366	Bangladesh,	2	it,
57	367	4.7	3	NA
57	368	million	1	NA
57	369	children	1	NA
57	370	younger	1	NA
57	371	than	1	NA
57	372	14	1	NA
57	373	are	1	NA
57	374	employed	1	NA
57	375	and	1	NA
57	376	1.3	3	NA
57	377	million	1	NA
57	378	children	1	NA
57	379	aged	1	NA
57	380	five	1	NA
57	381	to	1	NA
57	382	17	1	NA
57	383	do	1	NA
57	384	dangerous	1	NA
57	385	work.	2	NA
58	0	Angela	2	She
58	1	Erdmann	2	She
58	2	never	1	NA
58	3	knew	1	NA
58	4	her	1	him.
58	5	grandfather.	2	him.
58	6	He	1	NA
58	7	died	1	NA
58	8	in	1	NA
58	9	1946,	2	NA
58	10	six	1	NA
58	11	years	1	NA
58	12	before	1	NA
58	13	she	1	NA
58	14	was	1	NA
58	15	born.	2	NA
58	16	But,	2	NA
58	17	on	1	NA
58	18	Tuesday	1	NA
58	19	8th	2	NA
58	20	April,	2	NA
58	21	2014,	2	she,
58	22	she	1	NA
58	23	described	1	NA
58	24	the	1	NA
58	25	extraordinary	1	NA
58	26	moment	1	NA
58	27	when	1	NA
58	28	she	1	NA
58	29	received	1	NA
58	30	a	1	it,
58	31	message	1	it,
58	32	in	1	it,
58	33	a	1	it,
58	34	bottle,	2	it,
58	35	101	1	NA
58	36	years	1	NA
58	37	after	1	NA
58	38	he	1	NA
58	39	had	1	NA
58	40	lobbed	2	NA
58	41	it	1	NA
58	42	into	1	NA
58	43	the	1	it.
58	44	Baltic	1	it.
58	45	Sea.	2	it.
58	46	Thought	1	NA
58	47	to	1	NA
58	48	be	1	NA
58	49	the	1	it,
58	50	world's	2	it,
58	51	oldest	1	it,
58	52	message	1	it,
58	53	in	1	it,
58	54	a	1	it,
58	55	bottle,	2	it,
58	56	it	1	NA
58	57	was	1	NA
58	58	presented	1	NA
58	59	to	1	NA
58	60	Erdmann	2	her
58	61	by	1	NA
58	62	the	1	NA
58	63	museum	1	NA
58	64	that	1	NA
58	65	is	1	NA
58	66	now	1	NA
58	67	exhibiting	1	NA
58	68	it	1	NA
58	69	in	1	NA
58	70	Germany.	2	NA
58	71	“It	3	NA
58	72	was	1	NA
58	73	very	1	NA
58	74	surprising,”	4	NA
58	75	Angela	1	she,
58	76	Erdmann,	3	she,
58	77	62,	2	NA
58	78	said,	2	NA
58	79	recalling	1	NA
58	80	how	1	NA
58	81	she	1	NA
58	82	found	1	NA
58	83	out	1	NA
58	84	about	1	NA
58	85	the	1	it.
58	86	bottle.	2	it.
58	87	“A	3	“He
58	88	man	1	“He
58	89	stood	1	NA
58	90	at	1	NA
58	91	my	1	NA
58	92	door	1	NA
58	93	and	1	NA
58	94	told	1	NA
58	95	me	1	NA
58	96	he	1	NA
58	97	had	1	NA
58	98	post	1	NA
58	99	from	1	NA
58	100	my	1	my.
58	101	grandfather.	2	my.
58	102	He	1	NA
58	103	then	1	NA
58	104	told	1	NA
58	105	me	1	NA
58	106	that	1	NA
58	107	a	1	it
58	108	message	1	it
58	109	in	1	it
58	110	a	1	it
58	111	bottle	1	it
58	112	had	1	NA
58	113	been	1	NA
58	114	found	1	NA
58	115	and	1	NA
58	116	that	1	NA
58	117	the	1	it
58	118	name	1	it
58	119	that	1	it
58	120	was	1	it
58	121	on	1	it
58	122	the	1	it
58	123	card	1	it
58	124	was	1	NA
58	125	that	1	it.”
58	126	of	1	it.”
58	127	my	1	it.”
58	128	grandfather.”	4	it.”
58	129	Her	1	he
58	130	visitor	1	he
58	131	was	1	NA
58	132	a	1	she.
58	133	genealogical	3	she.
58	134	researcher	1	she.
58	135	who	1	she.
58	136	had	1	she.
58	137	managed	1	she.
58	138	to	1	she.
58	139	track	1	she.
58	140	her	1	she.
58	141	down	1	she.
58	142	in	1	she.
58	143	Berlin	1	she.
58	144	after	1	she.
58	145	the	1	she.
58	146	letter	1	she.
58	147	was	1	she.
58	148	given	1	she.
58	149	to	1	she.
58	150	the	1	she.
58	151	International	1	she.
58	152	Maritime	1	she.
58	153	Museum	1	she.
58	154	in	1	she.
58	155	the	1	she.
58	156	northern	1	she.
58	157	port	1	she.
58	158	city	1	she.
58	159	of	1	she.
58	160	Hamburg.	2	she.
58	161	The	1	It,
58	162	brown	1	It,
58	163	beer	1	It,
58	164	bottle,	2	It,
58	165	which	1	It,
58	166	had	1	It,
58	167	been	1	It,
58	168	in	1	It,
58	169	the	1	It,
58	170	water	1	It,
58	171	for	1	It,
58	172	101	1	It,
58	173	years,	2	It,
58	174	was	1	NA
58	175	found	1	NA
58	176	in	1	NA
58	177	the	1	NA
58	178	catch	1	NA
58	179	of	1	NA
58	180	Konrad	2	his,
58	181	Fischer,	2	his,
58	182	a	1	he,
58	183	fisherman,	2	he,
58	184	who	1	NA
58	185	had	1	NA
58	186	been	1	NA
58	187	out	1	NA
58	188	in	1	NA
58	189	the	1	it
58	190	Baltic	1	it
58	191	Sea	1	it
58	192	off	1	NA
58	193	the	1	NA
58	194	northern	1	NA
58	195	city	1	NA
58	196	of	1	NA
58	197	Kiel.	3	NA
58	198	Holger	2	He,
58	199	von	1	He,
58	200	Neuhoff,	4	He,
58	201	curator	1	he,
58	202	for	1	he,
58	203	ocean	1	he,
58	204	and	1	he,
58	205	science	1	he,
58	206	at	1	he,
58	207	the	1	he,
58	208	museum,	2	he,
58	209	said	1	NA
58	210	this	1	it
58	211	bottled	1	it
58	212	message	1	it
58	213	was	1	NA
58	214	the	1	it.
58	215	oldest	1	it.
58	216	he	1	it.
58	217	had	1	it.
58	218	come	1	it.
58	219	across.	2	it.
58	220	“There	3	NA
58	221	are	1	NA
58	222	documents	1	NA
58	223	that	1	NA
58	224	have	1	NA
58	225	been	1	NA
58	226	found	1	NA
58	227	without	1	NA
58	228	the	1	it
58	229	bottle	1	it
58	230	that	1	NA
58	231	are	1	NA
58	232	older	1	NA
58	233	and	1	NA
58	234	are	1	NA
58	235	in	1	NA
58	236	the	1	it,”
58	237	museum,”	4	it,”
58	238	he	1	NA
58	239	said.	2	NA
58	240	“But,	4	NA
58	241	with	1	NA
58	242	the	1	it
58	243	bottle	1	it
58	244	and	1	NA
58	245	the	1	it,
58	246	document,	2	it,
58	247	this	1	NA
58	248	is	1	NA
58	249	certainly	1	NA
58	250	the	1	it
58	251	oldest	1	it
58	252	at	1	NA
58	253	the	1	NA
58	254	moment.	2	NA
58	255	It	1	NA
58	256	is	1	NA
58	257	in	1	NA
58	258	extremely	1	NA
58	259	good	1	NA
58	260	condition.”	4	NA
58	261	Researchers	1	NA
58	262	believe	1	NA
58	263	Erdmann's	3	he,
58	264	grandfather,	2	he,
58	265	Richard	1	he,
58	266	Platz,	3	he,
58	267	threw	1	NA
58	268	the	1	it
58	269	bottle	1	it
58	270	in	1	NA
58	271	the	1	it
58	272	sea	1	it
58	273	while	1	NA
58	274	on	1	NA
58	275	a	1	NA
58	276	hike	1	NA
58	277	with	1	NA
58	278	a	1	NA
58	279	nature	1	NA
58	280	appreciation	1	NA
58	281	group	1	NA
58	282	in	1	NA
58	283	1913.	2	it.
58	284	He	1	NA
58	285	was	1	NA
58	286	20	1	NA
58	287	years	1	NA
58	288	old	1	NA
58	289	at	1	NA
58	290	the	1	it.
58	291	time.	2	it.
58	292	Much	1	NA
58	293	of	1	NA
58	294	the	1	it
58	295	postcard	2	it
58	296	was	1	NA
58	297	indecipherable,	4	NA
58	298	although	1	NA
58	299	the	1	NA
58	300	address	1	NA
58	301	in	1	NA
58	302	Berlin	1	it
58	303	on	1	NA
58	304	the	1	NA
58	305	front	1	NA
58	306	of	1	NA
58	307	the	1	it
58	308	card	1	it
58	309	was	1	NA
58	310	legible,	3	NA
58	311	as	1	NA
58	312	was	1	NA
58	313	the	1	his
58	314	author's	2	his
58	315	polite	1	NA
58	316	request	1	NA
58	317	that	1	NA
58	318	the	1	it
58	319	note	1	it
58	320	be	1	NA
58	321	sent	1	NA
58	322	by	1	NA
58	323	the	1	they
58	324	finder	2	they
58	325	to	1	NA
58	326	his	1	NA
58	327	home	1	NA
58	328	address.	2	NA
58	329	“He	3	NA
58	330	also	1	NA
58	331	included	1	NA
58	332	two	1	NA
58	333	stamps	1	NA
58	334	from	1	NA
58	335	that	1	it
58	336	time	1	it
58	337	that	1	NA
58	338	were	1	NA
58	339	also	1	NA
58	340	in	1	NA
58	341	the	1	it,
58	342	bottle,	2	it,
58	343	so	1	NA
58	344	the	1	he
58	345	finder	2	he
58	346	would	1	NA
58	347	not	1	NA
58	348	incur	1	NA
58	349	a	1	NA
58	350	cost,”	4	NA
58	351	Erdmann	2	he
58	352	said.	2	NA
58	353	“But	3	NA
58	354	he	1	NA
58	355	did	1	NA
58	356	not	1	NA
58	357	think	1	NA
58	358	it	1	NA
58	359	would	1	NA
58	360	take	1	NA
58	361	101	1	NA
58	362	years.”	4	NA
58	363	She	1	NA
58	364	said	1	NA
58	365	she	1	NA
58	366	was	1	NA
58	367	moved	1	NA
58	368	by	1	NA
58	369	the	1	NA
58	370	arrival	1	NA
58	371	of	1	NA
58	372	the	1	it,
58	373	message,	2	it,
58	374	although	1	NA
58	375	she	1	NA
58	376	had	1	NA
58	377	not	1	NA
58	378	known	1	NA
58	379	her	1	him
58	380	grandfather	1	him
58	381	because	1	NA
58	382	he	1	NA
58	383	died,	2	NA
58	384	at	1	NA
58	385	the	1	NA
58	386	age	1	NA
58	387	of	1	NA
58	388	54,	2	NA
58	389	six	1	NA
58	390	years	1	NA
58	391	before	1	NA
58	392	she	1	NA
58	393	was	1	NA
58	394	born.	2	NA
58	395	“I	3	NA
58	396	knew	1	NA
58	397	very	1	NA
58	398	little	1	NA
58	399	about	1	NA
58	400	my	1	him,
58	401	grandfather,	2	him,
58	402	but	1	NA
58	403	I	1	NA
58	404	found	1	NA
58	405	out	1	NA
58	406	that	1	NA
58	407	he	1	NA
58	408	was	1	NA
58	409	a	1	it,”
58	410	writer	1	it,”
58	411	who	1	it,”
58	412	was	1	it,”
58	413	very	1	it,”
58	414	open-minded,	4	it,”
58	415	and	1	it,”
58	416	believed	1	it,”
58	417	in	1	it,”
58	418	freedom	1	it,”
58	419	and	1	it,”
58	420	that	1	it,”
58	421	everyone	1	it,”
58	422	should	1	it,”
58	423	respect	1	it,”
58	424	each	1	it,”
58	425	other,”	4	it,”
58	426	she	1	NA
58	427	said.	2	NA
58	428	“He	3	NA
58	429	did	1	NA
58	430	a	1	NA
58	431	lot	1	NA
58	432	for	1	NA
58	433	the	1	NA
58	434	young	1	NA
58	435	and	1	NA
58	436	later	1	NA
58	437	traveled	1	NA
58	438	with	1	NA
58	439	his	1	NA
58	440	wife	1	NA
58	441	and	1	NA
58	442	two	1	them.
58	443	daughters.	2	them.
58	444	It	1	NA
58	445	was	1	NA
58	446	wonderful	1	NA
58	447	because	1	NA
58	448	I	1	NA
58	449	could	1	NA
58	450	see	1	NA
58	451	where	1	NA
58	452	my	1	NA
58	453	roots	1	NA
58	454	came	1	NA
58	455	from.”	4	NA
58	456	Like	1	NA
58	457	her	1	him,
58	458	grandfather,	2	him,
58	459	Erdmann	2	she
58	460	said,	2	NA
58	461	she	1	NA
58	462	also	1	NA
58	463	liked	1	NA
58	464	culture	1	NA
58	465	and	1	NA
58	466	traveling	1	NA
58	467	around	1	NA
58	468	the	1	it.
58	469	world.	2	it.
58	470	She	1	NA
58	471	described	1	NA
58	472	herself	1	NA
58	473	as	1	NA
58	474	open-minded,	4	NA
58	475	too.	2	NA
58	476	“What	3	NA
58	477	he	1	NA
58	478	taught	1	NA
58	479	his	1	them,
58	480	two	1	them,
58	481	daughters,	2	them,
58	482	my	1	NA
58	483	mother	1	NA
58	484	taught	1	NA
58	485	me	1	NA
58	486	and	1	NA
58	487	I	1	NA
58	488	have	1	NA
58	489	then	1	NA
58	490	given	1	NA
58	491	to	1	NA
58	492	my	1	NA
58	493	sons,”	4	NA
58	494	she	1	NA
58	495	said.	2	NA
58	496	Despite	1	NA
58	497	her	1	NA
58	498	joy	1	NA
58	499	at	1	NA
58	500	receiving	1	NA
58	501	the	1	it,
58	502	bottled	1	it,
58	503	message,	2	it,
58	504	she	1	NA
58	505	said	1	NA
58	506	that	1	NA
58	507	she	1	NA
58	508	hoped	1	NA
58	509	others	1	NA
58	510	would	1	NA
58	511	not	1	NA
58	512	repeat	1	NA
58	513	what	1	NA
58	514	her	1	he
58	515	grandfather	1	he
58	516	had	1	NA
58	517	done	1	NA
58	518	and	1	NA
58	519	throw	1	NA
58	520	bottles	1	NA
58	521	with	1	NA
58	522	messages	1	NA
58	523	into	1	NA
58	524	the	1	it.
58	525	sea.	2	it.
58	526	“Today,	4	NA
58	527	the	1	it
58	528	sea	1	it
58	529	is	1	NA
58	530	so	1	NA
58	531	full	1	NA
58	532	of	1	NA
58	533	so	1	NA
58	534	many	1	NA
58	535	bottles	1	NA
58	536	and	1	NA
58	537	rubbish	1	NA
58	538	that	1	NA
58	539	more	1	NA
58	540	shouldn't	2	NA
58	541	be	1	NA
58	542	thrown	1	NA
58	543	in	1	NA
58	544	there,“	4	NA
58	545	she	1	NA
58	546	said.	2	NA
58	547	The	1	It
58	548	message	1	It
58	549	and	1	NA
58	550	the	1	it
58	551	bottle	1	it
58	552	will	1	NA
58	553	be	1	NA
58	554	on	1	NA
58	555	display	1	NA
58	556	at	1	NA
58	557	Hamburg's	2	it
58	558	Maritime	1	it
58	559	Museum	1	it
58	560	until	1	NA
58	561	the	1	NA
58	562	beginning	1	NA
58	563	of	1	NA
58	564	May	1	NA
58	565	2014,	2	it,
58	566	after	1	NA
58	567	which	1	NA
58	568	experts	1	NA
58	569	will	1	NA
58	570	attempt	1	NA
58	571	to	1	NA
58	572	decipher	1	NA
58	573	the	1	NA
58	574	rest	1	NA
58	575	of	1	NA
58	576	the	1	it.
58	577	text.	2	it.
58	578	It	1	NA
58	579	is	1	NA
58	580	not	1	NA
58	581	clear	1	NA
58	582	what	1	NA
58	583	will	1	NA
58	584	then	1	NA
58	585	happen	1	NA
58	586	to	1	NA
58	587	the	1	it,
58	588	bottle,	2	it,
58	589	but	1	NA
58	590	Erdmann	2	he
58	591	hopes	1	NA
58	592	it	1	NA
58	593	will	1	NA
58	594	stay	1	NA
58	595	at	1	NA
58	596	the	1	it.
58	597	museum.	2	it.
58	598	“We	3	NA
58	599	want	1	NA
58	600	to	1	NA
58	601	make	1	NA
58	602	a	1	NA
58	603	few	1	NA
58	604	photos	1	NA
58	605	available	1	NA
58	606	to	1	NA
58	607	put	1	NA
58	608	with	1	NA
58	609	the	1	it
58	610	bottle	1	it
58	611	and	1	NA
58	612	give	1	NA
58	613	it	1	NA
58	614	a	1	NA
58	615	face,	2	NA
58	616	so	1	NA
58	617	visitors	1	NA
58	618	can	1	NA
58	619	see	1	NA
58	620	the	1	him,”
58	621	young	1	him,”
58	622	man	1	him,”
58	623	who	1	him,”
58	624	threw	1	him,”
58	625	the	1	him,”
58	626	bottle	1	him,”
58	627	into	1	him,”
58	628	the	1	him,”
58	629	water,”	4	him,”
58	630	she	1	NA
58	631	said.	2	NA
59	0	Angela	2	She
59	1	Erdmann	2	She
59	2	never	1	NA
59	3	knew	1	NA
59	4	her	1	him.
59	5	grandfather.	2	him.
59	6	He	1	NA
59	7	died	1	NA
59	8	in	1	NA
59	9	1946,	2	NA
59	10	six	1	NA
59	11	years	1	NA
59	12	before	1	NA
59	13	she	1	NA
59	14	was	1	NA
59	15	born.	2	NA
59	16	But,	2	NA
59	17	on	1	NA
59	18	Tuesday	1	NA
59	19	April	1	NA
59	20	28th,	3	NA
59	21	2014,	2	she,
59	22	she	1	NA
59	23	described	1	NA
59	24	the	1	NA
59	25	extraordinary	1	NA
59	26	moment	1	NA
59	27	when	1	NA
59	28	she	1	NA
59	29	received	1	NA
59	30	a	1	it,
59	31	message	1	it,
59	32	in	1	it,
59	33	a	1	it,
59	34	bottle,	2	it,
59	35	101	1	NA
59	36	years	1	NA
59	37	after	1	NA
59	38	he	1	NA
59	39	threw	1	NA
59	40	it	1	NA
59	41	into	1	NA
59	42	the	1	it.
59	43	Baltic	1	it.
59	44	Sea.	2	it.
59	45	The	1	It
59	46	bottle	1	It
59	47	is	1	NA
59	48	possibly	1	NA
59	49	the	1	it.
59	50	world's	2	it.
59	51	oldest	1	it.
59	52	message	1	it.
59	53	in	1	it.
59	54	a	1	it.
59	55	bottle.	2	it.
59	56	It	1	NA
59	57	was	1	NA
59	58	presented	1	NA
59	59	to	1	NA
59	60	Erdmann	2	her
59	61	by	1	NA
59	62	the	1	it.
59	63	museum	1	it.
59	64	that	1	it.
59	65	is	1	it.
59	66	now	1	it.
59	67	exhibiting	1	it.
59	68	it	1	it.
59	69	in	1	it.
59	70	Germany.	2	it.
59	71	“It	3	NA
59	72	was	1	NA
59	73	very	1	NA
59	74	surprising,”	4	NA
59	75	Angela	1	she,
59	76	Erdmann,	3	she,
59	77	62,	2	NA
59	78	said,	2	NA
59	79	when	1	NA
59	80	she	1	NA
59	81	described	1	NA
59	82	how	1	NA
59	83	she	1	NA
59	84	found	1	NA
59	85	out	1	NA
59	86	about	1	NA
59	87	the	1	it.
59	88	bottle.	2	it.
59	89	“A	3	“He
59	90	man	1	“He
59	91	came	1	NA
59	92	to	1	NA
59	93	my	1	NA
59	94	door	1	NA
59	95	and	1	NA
59	96	told	1	NA
59	97	me	1	NA
59	98	he	1	NA
59	99	had	1	NA
59	100	post	1	NA
59	101	from	1	NA
59	102	my	1	my.
59	103	grandfather.	2	my.
59	104	Then,	2	NA
59	105	he	1	NA
59	106	told	1	NA
59	107	me	1	NA
59	108	that	1	NA
59	109	someone	1	NA
59	110	had	1	NA
59	111	found	1	NA
59	112	a	1	it
59	113	message	1	it
59	114	in	1	it
59	115	a	1	it
59	116	bottle	1	it
59	117	and	1	NA
59	118	that	1	NA
59	119	on	1	NA
59	120	the	1	it
59	121	card	1	it
59	122	was	1	NA
59	123	my	1	his
59	124	grandfather's	2	his
59	125	name.”	4	NA
59	126	Her	1	he
59	127	visitor	1	he
59	128	was	1	NA
59	129	a	1	she.
59	130	family-tree	3	she.
59	131	researcher	1	she.
59	132	who	1	she.
59	133	found	1	she.
59	134	her	1	she.
59	135	in	1	she.
59	136	Berlin	1	she.
59	137	after	1	she.
59	138	someone	1	she.
59	139	gave	1	she.
59	140	the	1	she.
59	141	letter	1	she.
59	142	to	1	she.
59	143	a	1	she.
59	144	museum	1	she.
59	145	in	1	she.
59	146	the	1	she.
59	147	northern	1	she.
59	148	city	1	she.
59	149	of	1	she.
59	150	Hamburg.	2	she.
59	151	The	1	It
59	152	brown	1	It
59	153	beer	1	It
59	154	bottle	1	It
59	155	was	1	NA
59	156	in	1	NA
59	157	the	1	it
59	158	water	1	it
59	159	for	1	NA
59	160	101	1	it.
59	161	years.	2	it.
59	162	A	1	NA
59	163	fisherman	1	NA
59	164	found	1	NA
59	165	it	1	NA
59	166	in	1	NA
59	167	the	1	it
59	168	Baltic	1	it
59	169	Sea	1	it
59	170	off	1	NA
59	171	the	1	NA
59	172	northern	1	NA
59	173	city	1	NA
59	174	of	1	NA
59	175	Kiel.	3	NA
59	176	Holger	2	He,
59	177	von	1	He,
59	178	Neuhoff,	4	He,
59	179	a	1	he,
59	180	curator	1	he,
59	181	at	1	he,
59	182	the	1	he,
59	183	museum,	2	he,
59	184	said	1	NA
59	185	this	1	it
59	186	bottled	1	it
59	187	message	1	it
59	188	was	1	NA
59	189	the	1	it.
59	190	oldest	1	it.
59	191	he	1	it.
59	192	had	1	it.
59	193	ever	1	it.
59	194	seen.	2	it.
59	195	“There	3	NA
59	196	are	1	NA
59	197	documents	1	they
59	198	without	1	they
59	199	the	1	they
59	200	bottle	1	they
59	201	that	1	they
59	202	are	1	they
59	203	older	1	they
59	204	and	1	NA
59	205	they	1	NA
59	206	are	1	NA
59	207	in	1	NA
59	208	the	1	it,”
59	209	museum,”	4	it,”
59	210	he	1	NA
59	211	said.	2	NA
59	212	“But,	4	NA
59	213	with	1	NA
59	214	the	1	it
59	215	bottle	1	it
59	216	and	1	NA
59	217	the	1	it,
59	218	document,	2	it,
59	219	this	1	NA
59	220	is	1	NA
59	221	certainly	1	NA
59	222	the	1	it
59	223	oldest	1	it
59	224	at	1	NA
59	225	the	1	NA
59	226	moment.	2	NA
59	227	It	1	NA
59	228	is	1	NA
59	229	in	1	NA
59	230	very	1	NA
59	231	good	1	NA
59	232	condition.”	4	NA
59	233	Researchers	1	NA
59	234	believe	1	NA
59	235	that	1	NA
59	236	Erdmann's	3	he,
59	237	grandfather,	2	he,
59	238	Richard	1	he,
59	239	Platz,	3	he,
59	240	threw	1	NA
59	241	the	1	it
59	242	bottle	1	it
59	243	into	1	NA
59	244	the	1	it
59	245	sea	1	it
59	246	when	1	NA
59	247	he	1	NA
59	248	was	1	NA
59	249	on	1	NA
59	250	a	1	NA
59	251	hike	1	NA
59	252	in	1	NA
59	253	1913.	2	it.
59	254	He	1	NA
59	255	was	1	NA
59	256	20	1	NA
59	257	years	1	NA
59	258	old	1	NA
59	259	at	1	NA
59	260	the	1	it.
59	261	time.	2	it.
59	262	A	1	NA
59	263	lot	1	NA
59	264	of	1	NA
59	265	the	1	NA
59	266	message	1	NA
59	267	on	1	NA
59	268	the	1	it
59	269	postcard	2	it
59	270	was	1	NA
59	271	impossible	1	NA
59	272	to	1	NA
59	273	read,	2	NA
59	274	but	1	NA
59	275	the	1	NA
59	276	address	1	NA
59	277	in	1	NA
59	278	Berlin	1	it
59	279	on	1	NA
59	280	the	1	NA
59	281	front	1	NA
59	282	of	1	NA
59	283	the	1	it
59	284	card	1	it
59	285	was	1	NA
59	286	legible.	3	NA
59	287	Platz	2	He
59	288	asked	1	NA
59	289	the	1	him
59	290	person	1	him
59	291	who	1	him
59	292	found	1	him
59	293	it	1	him
59	294	to	1	NA
59	295	send	1	NA
59	296	the	1	it
59	297	postcard	2	it
59	298	to	1	NA
59	299	his	1	NA
59	300	home	1	NA
59	301	address.	2	NA
59	302	“He	3	NA
59	303	also	1	NA
59	304	included	1	NA
59	305	two	1	NA
59	306	stamps	1	NA
59	307	from	1	NA
59	308	that	1	it
59	309	time	1	it
59	310	that	1	NA
59	311	were	1	NA
59	312	also	1	NA
59	313	in	1	NA
59	314	the	1	it,
59	315	bottle,	2	it,
59	316	so	1	NA
59	317	the	1	NA
59	318	finder	2	NA
59	319	would	1	NA
59	320	not	1	NA
59	321	have	1	NA
59	322	to	1	NA
59	323	pay	1	NA
59	324	for	1	NA
59	325	postage,”	4	NA
59	326	Erdmann	2	he
59	327	said.	2	NA
59	328	“But	3	NA
59	329	he	1	NA
59	330	did	1	NA
59	331	not	1	NA
59	332	think	1	NA
59	333	it	1	NA
59	334	would	1	NA
59	335	take	1	NA
59	336	101	1	it.”
59	337	years.”	4	it.”
59	338	She	1	NA
59	339	said	1	NA
59	340	she	1	NA
59	341	was	1	NA
59	342	moved	1	NA
59	343	by	1	NA
59	344	the	1	NA
59	345	arrival	1	NA
59	346	of	1	NA
59	347	the	1	it,
59	348	message,	2	it,
59	349	but	1	NA
59	350	she	1	NA
59	351	did	1	NA
59	352	not	1	NA
59	353	know	1	NA
59	354	her	1	him
59	355	grandfather	1	him
59	356	because	1	NA
59	357	he	1	NA
59	358	died,	2	NA
59	359	at	1	NA
59	360	the	1	NA
59	361	age	1	NA
59	362	of	1	NA
59	363	54,	2	NA
59	364	six	1	NA
59	365	years	1	NA
59	366	before	1	NA
59	367	she	1	NA
59	368	was	1	NA
59	369	born.	2	NA
59	370	“I	3	NA
59	371	knew	1	NA
59	372	very	1	NA
59	373	little	1	NA
59	374	about	1	NA
59	375	my	1	him.
59	376	grandfather.	2	him.
59	377	But	1	NA
59	378	I	1	NA
59	379	found	1	NA
59	380	out	1	NA
59	381	that	1	NA
59	382	he	1	NA
59	383	was	1	NA
59	384	a	1	it.
59	385	writer.	2	it.
59	386	He	1	NA
59	387	was	1	NA
59	388	very	1	NA
59	389	open-minded,	4	NA
59	390	and	1	NA
59	391	he	1	NA
59	392	believed	1	NA
59	393	in	1	NA
59	394	freedom	1	NA
59	395	and	1	NA
59	396	that	1	NA
59	397	everyone	1	NA
59	398	should	1	NA
59	399	respect	1	NA
59	400	each	1	it,”
59	401	other,”	4	it,”
59	402	she	1	NA
59	403	said.	2	NA
59	404	“He	3	NA
59	405	did	1	NA
59	406	a	1	NA
59	407	lot	1	NA
59	408	for	1	NA
59	409	the	1	NA
59	410	young	1	NA
59	411	and	1	NA
59	412	later	1	NA
59	413	traveled	1	NA
59	414	with	1	NA
59	415	his	1	NA
59	416	wife	1	NA
59	417	and	1	NA
59	418	two	1	NA
59	419	daughters.	2	NA
59	420	It	1	NA
59	421	was	1	NA
59	422	wonderful	1	NA
59	423	because	1	NA
59	424	I	1	NA
59	425	could	1	NA
59	426	see	1	NA
59	427	where	1	NA
59	428	my	1	NA
59	429	roots	1	NA
59	430	came	1	NA
59	431	from.”	4	NA
59	432	Erdmann	2	she
59	433	said	1	NA
59	434	she	1	NA
59	435	also	1	NA
59	436	liked	1	NA
59	437	culture	1	NA
59	438	and	1	NA
59	439	traveling	1	NA
59	440	around	1	NA
59	441	the	1	it,
59	442	world,	2	it,
59	443	just	1	NA
59	444	like	1	NA
59	445	her	1	him.
59	446	grandfather.	2	him.
59	447	She	1	NA
59	448	described	1	NA
59	449	herself	1	NA
59	450	as	1	NA
59	451	open-	2	NA
59	452	minded,	2	NA
59	453	too.	2	NA
59	454	She	1	NA
59	455	was	1	NA
59	456	very	1	NA
59	457	happy	1	NA
59	458	to	1	NA
59	459	receive	1	NA
59	460	the	1	it,
59	461	bottled	1	it,
59	462	message,	2	it,
59	463	she	1	NA
59	464	said,	2	NA
59	465	but	1	NA
59	466	she	1	NA
59	467	hoped	1	NA
59	468	other	1	NA
59	469	people	1	NA
59	470	would	1	NA
59	471	not	1	NA
59	472	do	1	NA
59	473	what	1	NA
59	474	her	1	he
59	475	grandfather	1	he
59	476	did	1	NA
59	477	and	1	NA
59	478	throw	1	NA
59	479	bottles	1	NA
59	480	with	1	NA
59	481	messages	1	NA
59	482	into	1	NA
59	483	the	1	it.
59	484	sea.	2	it.
59	485	“Today,	4	NA
59	486	the	1	it
59	487	sea	1	it
59	488	is	1	NA
59	489	so	1	NA
59	490	full	1	NA
59	491	of	1	NA
59	492	bottles	1	NA
59	493	and	1	NA
59	494	rubbish	1	NA
59	495	that	1	NA
59	496	we	1	NA
59	497	shouldn't	2	NA
59	498	throw	1	NA
59	499	more	1	NA
59	500	in	1	NA
59	501	there,”	4	NA
59	502	she	1	NA
59	503	said.	2	NA
59	504	The	1	It
59	505	message	1	It
59	506	and	1	NA
59	507	the	1	it
59	508	bottle	1	it
59	509	will	1	NA
59	510	be	1	NA
59	511	on	1	NA
59	512	display	1	NA
59	513	at	1	NA
59	514	Hamburg's	2	it
59	515	Maritime	1	it
59	516	Museum	1	it
59	517	until	1	NA
59	518	the	1	NA
59	519	beginning	1	NA
59	520	of	1	NA
59	521	May	1	NA
59	522	2014.	2	it.
59	523	Then,	2	NA
59	524	experts	1	NA
59	525	will	1	NA
59	526	try	1	NA
59	527	to	1	NA
59	528	decipher	1	NA
59	529	the	1	NA
59	530	rest	1	NA
59	531	of	1	NA
59	532	the	1	it.
59	533	text.	2	it.
59	534	It	1	NA
59	535	is	1	NA
59	536	not	1	NA
59	537	clear	1	NA
59	538	what	1	NA
59	539	will	1	NA
59	540	happen	1	NA
59	541	to	1	NA
59	542	the	1	it
59	543	bottle	1	it
59	544	after	1	NA
59	545	that,	2	NA
59	546	but	1	NA
59	547	Erdmann	2	he
59	548	hopes	1	NA
59	549	it	1	NA
59	550	will	1	NA
59	551	stay	1	NA
59	552	at	1	NA
59	553	the	1	it.
59	554	museum.	2	it.
59	555	“We	3	NA
59	556	want	1	NA
59	557	to	1	NA
59	558	find	1	NA
59	559	a	1	NA
59	560	few	1	NA
59	561	photos	1	NA
59	562	to	1	NA
59	563	put	1	NA
59	564	with	1	NA
59	565	the	1	it
59	566	bottle	1	it
59	567	and	1	NA
59	568	give	1	NA
59	569	it	1	NA
59	570	a	1	NA
59	571	face,	2	NA
59	572	so	1	NA
59	573	visitors	1	NA
59	574	can	1	NA
59	575	see	1	NA
59	576	the	1	him,”
59	577	young	1	him,”
59	578	man	1	him,”
59	579	who	1	him,”
59	580	threw	1	him,”
59	581	the	1	him,”
59	582	bottle	1	him,”
59	583	into	1	him,”
59	584	the	1	him,”
59	585	water,”	4	him,”
59	586	she	1	NA
59	587	said.	2	NA
