story	zone	word	num_tokens
0	0	Unveiling	3
0	1	a	1
0	2	car	1
0	3	with	1
0	4	a	1
0	5	top	1
0	6	speed	1
0	7	of	1
0	8	25mph,	3
0	9	two	1
0	10	seats	1
0	11	and	1
0	12	no	1
0	13	pedals	1
0	14	or	1
0	15	steering	1
0	16	wheel	1
0	17	might	1
0	18	not	1
0	19	make	1
0	20	much	1
0	21	of	1
0	22	an	1
0	23	impression	1
0	24	at	1
0	25	a	1
0	26	motor	1
0	27	show.	2
0	28	But	1
0	29	Google,	2
0	30	in	1
0	31	the	1
0	32	US,	2
0	33	sent	1
0	34	a	1
0	35	minor	1
0	36	earthquake	1
0	37	through	1
0	38	the	1
0	39	car	1
0	40	and	1
0	41	taxi	1
0	42	industries	1
0	43	as	1
0	44	it	1
0	45	unveiled	1
0	46	the	1
0	47	latest	1
0	48	version	1
0	49	of	1
0	50	its	1
0	51	driverless	2
0	52	car.	2
0	53	The	1
0	54	electrically	2
0	55	powered	1
0	56	vehicle,	2
0	57	which	1
0	58	Google	1
0	59	has	1
0	60	begun	1
0	61	testing	1
0	62	around	1
0	63	its	1
0	64	headquarters	1
0	65	in	1
0	66	Mountain	1
0	67	View,	2
0	68	California,	2
0	69	dispenses	2
0	70	with	1
0	71	all	1
0	72	the	1
0	73	normal	1
0	74	controls,	2
0	75	including	1
0	76	foot	1
0	77	pedals.	2
0	78	Instead,	2
0	79	it	1
0	80	has	1
0	81	a	1
0	82	smartphone	1
0	83	app	1
0	84	that	1
0	85	summons	1
0	86	it	1
0	87	and	1
0	88	tells	1
0	89	it	1
0	90	the	1
0	91	destination,	2
0	92	and	1
0	93	a	1
0	94	single	1
0	95	STOP	1
0	96	button	1
0	97	mounted	1
0	98	between	1
0	99	the	1
0	100	two	1
0	101	front-facing	3
0	102	seats	1
0	103	in	1
0	104	case	1
0	105	the	1
0	106	occupants	1
0	107	need	1
0	108	to	1
0	109	override	1
0	110	the	1
0	111	computer.	2
0	112	The	1
0	113	car,	2
0	114	in	1
0	115	fact,	2
0	116	takes	1
0	117	over	1
0	118	all	1
0	119	the	1
0	120	tasks	1
0	121	of	1
0	122	navigation,	2
0	123	steering,	2
0	124	acceleration	1
0	125	and	1
0	126	braking.	2
0	127	The	1
0	128	company	1
0	129	is	1
0	130	building	1
0	131	about	1
0	132	100	1
0	133	prototypes	1
0	134	for	1
0	135	a	1
0	136	two-year	3
0	137	test.	2
0	138	The	1
0	139	company's	2
0	140	co-founder,	4
0	141	Sergey	1
0	142	Brin,	3
0	143	told	1
0	144	a	1
0	145	conference	1
0	146	in	1
0	147	California	1
0	148	that	1
0	149	the	1
0	150	vehicle	1
0	151	was	1
0	152	“still	3
0	153	in	1
0	154	the	1
0	155	prototype	1
0	156	stage”	3
0	157	but	1
0	158	that	1
0	159	the	1
0	160	project	1
0	161	was	1
0	162	“about	3
0	163	changing	1
0	164	the	1
0	165	world	1
0	166	for	1
0	167	people	1
0	168	who	1
0	169	are	1
0	170	not	1
0	171	well	1
0	172	served	1
0	173	by	1
0	174	transportation	1
0	175	today.”	4
0	176	He	1
0	177	said	1
0	178	of	1
0	179	the	1
0	180	car:	2
0	181	“You're	4
0	182	just	1
0	183	sitting	1
0	184	there;	2
0	185	no	1
0	186	steering	1
0	187	wheel,	2
0	188	no	1
0	189	pedals.	2
0	190	For	1
0	191	me,	2
0	192	it	1
0	193	was	1
0	194	very	1
0	195	relaxing.	2
0	196	About	1
0	197	ten	1
0	198	seconds	1
0	199	after	1
0	200	getting	1
0	201	in,	2
0	202	I	1
0	203	forgot	1
0	204	I	1
0	205	was	1
0	206	there.	2
0	207	It	1
0	208	reminded	1
0	209	me	1
0	210	of	1
0	211	catching	1
0	212	a	1
0	213	chairlift	2
0	214	by	1
0	215	yourself	1
0	216	–	1
0	217	a	1
0	218	bit	1
0	219	of	1
0	220	solitude	1
0	221	I	1
0	222	found	1
0	223	really	1
0	224	enjoyable.”	4
0	225	Google	1
0	226	says	1
0	227	that	1
0	228	the	1
0	229	principal	1
0	230	aim	1
0	231	of	1
0	232	the	1
0	233	project	1
0	234	is	1
0	235	to	1
0	236	improve	1
0	237	safety	1
0	238	and	1
0	239	that,	2
0	240	because	1
0	241	the	1
0	242	car	1
0	243	is	1
0	244	constructed	1
0	245	with	1
0	246	impact-absorbing	4
0	247	foam	1
0	248	at	1
0	249	the	1
0	250	front	1
0	251	and	1
0	252	a	1
0	253	plastic	1
0	254	windscreen,	3
0	255	“it	3
0	256	should	1
0	257	be	1
0	258	far	1
0	259	safer	1
0	260	than	1
0	261	any	1
0	262	other	1
0	263	car	1
0	264	for	1
0	265	pedestrians”.	4
0	266	The	1
0	267	cars,	2
0	268	which	1
0	269	have	1
0	270	been	1
0	271	built	1
0	272	specially	1
0	273	by	1
0	274	a	1
0	275	company	1
0	276	(as	2
0	277	yet	1
0	278	unnamed)	2
0	279	in	1
0	280	Detroit,	2
0	281	will	1
0	282	be	1
0	283	used	1
0	284	to	1
0	285	investigate	1
0	286	further	1
0	287	how	1
0	288	best	1
0	289	to	1
0	290	make	1
0	291	driverless	2
0	292	vehicles	1
0	293	work.	2
0	294	Google	1
0	295	will	1
0	296	now	1
0	297	run	1
0	298	a	1
0	299	program	1
0	300	to	1
0	301	test	1
0	302	the	1
0	303	cars	1
0	304	further,	2
0	305	which	1
0	306	are	1
0	307	not	1
0	308	yet	1
0	309	for	1
0	310	sale.	2
0	311	One	1
0	312	challenge	1
0	313	is	1
0	314	creating	1
0	315	high-definition	3
0	316	scans	1
0	317	of	1
0	318	the	1
0	319	roads	1
0	320	and	1
0	321	surroundings	1
0	322	before	1
0	323	the	1
0	324	cars	1
0	325	can	1
0	326	drive	1
0	327	along	1
0	328	them	1
0	329	because	1
0	330	they	1
0	331	cannot	1
0	332	gather	1
0	333	and	1
0	334	process	1
0	335	enough	1
0	336	information	1
0	337	in	1
0	338	real	1
0	339	time.	2
0	340	So	1
0	341	far,	2
0	342	there	1
0	343	are	1
0	344	high-detail	3
0	345	maps	1
0	346	of	1
0	347	about	1
0	348	2,000	3
0	349	miles	1
0	350	of	1
0	351	California's	2
0	352	roads,	2
0	353	but	1
0	354	the	1
0	355	state	1
0	356	has	1
0	357	more	1
0	358	than	1
0	359	170,000	3
0	360	miles	1
0	361	of	1
0	362	public	1
0	363	roads.	2
0	364	Google	1
0	365	says	1
0	366	it	1
0	367	is	1
0	368	interested	1
0	369	in	1
0	370	licensing	1
0	371	the	1
0	372	technology	1
0	373	to	1
0	374	traditional	1
0	375	vehicle	1
0	376	manufacturers	1
0	377	once	1
0	378	it	1
0	379	has	1
0	380	refined	1
0	381	it	1
0	382	sufficiently.	2
0	383	Members	1
0	384	of	1
0	385	the	1
0	386	team	1
0	387	had	1
0	388	been	1
0	389	working	1
0	390	on	1
0	391	the	1
0	392	project	1
0	393	even	1
0	394	before	1
0	395	joining	1
0	396	Google,	2
0	397	for	1
0	398	more	1
0	399	than	1
0	400	a	1
0	401	decade.	2
0	402	But	1
0	403	the	1
0	404	prospect	1
0	405	of	1
0	406	driverless	2
0	407	cars	1
0	408	replacing	1
0	409	human-driven	3
0	410	taxis	1
0	411	has	1
0	412	been	1
0	413	the	1
0	414	cause	1
0	415	of	1
0	416	some	1
0	417	alarm.	2
0	418	“If	3
0	419	you	1
0	420	get	1
0	421	rid	1
0	422	of	1
0	423	the	1
0	424	driver,	2
0	425	then	1
0	426	they're	2
0	427	unemployed,”	4
0	428	said	1
0	429	Dennis	1
0	430	Conyon,	3
0	431	the	1
0	432	south-	2
0	433	east	1
0	434	director	1
0	435	for	1
0	436	the	1
0	437	UK	1
0	438	National	1
0	439	Taxi	1
0	440	Association.	2
0	441	“It	3
0	442	would	1
0	443	have	1
0	444	a	1
0	445	major	1
0	446	impact	1
0	447	on	1
0	448	the	1
0	449	labor	1
0	450	force.”	4
0	451	London	1
0	452	has	1
0	453	about	1
0	454	22,000	3
0	455	licensed	1
0	456	cabs	2
0	457	and	1
0	458	Conyon	2
0	459	estimates	1
0	460	that	1
0	461	the	1
0	462	total	1
0	463	number	1
0	464	of	1
0	465	people	1
0	466	who	1
0	467	drive	1
0	468	taxis	1
0	469	for	1
0	470	hire	1
0	471	in	1
0	472	the	1
0	473	UK	1
0	474	is	1
0	475	about	1
0	476	100,000.	4
0	477	However,	2
0	478	Steve	1
0	479	McNamara,	3
0	480	general	1
0	481	secretary	1
0	482	of	1
0	483	the	1
0	484	10,500-strong	5
0	485	London	1
0	486	Taxi	1
0	487	Drivers'	2
0	488	Association,	2
0	489	said:	2
0	490	“You	3
0	491	won't	2
0	492	get	1
0	493	these	1
0	494	driverless	2
0	495	cars	1
0	496	in	1
0	497	London	1
0	498	for	1
0	499	20	1
0	500	or	1
0	501	25	1
0	502	years.	2
0	503	Maybe,	2
0	504	by	1
0	505	then,	2
0	506	they'll	2
0	507	have	1
0	508	a	1
0	509	charge	1
0	510	point	1
0	511	–	1
0	512	because	1
0	513	there	1
0	514	isn't	2
0	515	a	1
0	516	single	1
0	517	one	1
0	518	in	1
0	519	London	1
0	520	now.”	4
0	521	Other	1
0	522	car	1
0	523	makers,	2
0	524	including	1
0	525	Volvo,	2
0	526	Ford	1
0	527	and	1
0	528	Mercedes,	2
0	529	are	1
0	530	working	1
0	531	on	1
0	532	driver-assisted	3
0	533	vehicles,	2
0	534	which,	2
0	535	unlike	1
0	536	Google's	2
0	537	version,	2
0	538	do	1
0	539	not	1
0	540	dispense	2
0	541	with	1
0	542	the	1
0	543	driver	1
0	544	controls.	2
0	545	But	1
0	546	Chris	1
0	547	Urmson,	3
0	548	director	1
0	549	of	1
0	550	the	1
0	551	self-driving	3
0	552	car	1
0	553	project	1
0	554	at	1
0	555	Google,	2
0	556	said	1
0	557	that	1
0	558	the	1
0	559	new	1
0	560	prototypes	1
0	561	dispensed	2
0	562	with	1
0	563	the	1
0	564	steering	1
0	565	wheel	1
0	566	and	1
0	567	brakes	1
0	568	because	1
0	569	there	1
0	570	was	1
0	571	no	1
0	572	guarantee	1
0	573	that	1
0	574	a	1
0	575	human	1
0	576	occupant	1
0	577	would	1
0	578	be	1
0	579	able	1
0	580	to	1
0	581	take	1
0	582	over	1
0	583	in	1
0	584	an	1
0	585	emergency,	2
0	586	and	1
0	587	that	1
0	588	it	1
0	589	was	1
0	590	simpler	1
0	591	just	1
0	592	to	1
0	593	have	1
0	594	an	1
0	595	emergency	1
0	596	stop	1
0	597	button.	2
0	598	Urmson	2
0	599	said:	2
0	600	“The	3
0	601	vehicles	1
0	602	will	1
0	603	be	1
0	604	very	1
0	605	basic.	2
0	606	We	1
0	607	want	1
0	608	to	1
0	609	learn	1
0	610	from	1
0	611	them	1
0	612	and	1
0	613	adapt	1
0	614	them	1
0	615	as	1
0	616	quickly	1
0	617	as	1
0	618	possible.	2
0	619	But	1
0	620	they	1
0	621	will	1
0	622	take	1
0	623	you	1
0	624	where	1
0	625	you	1
0	626	want	1
0	627	to	1
0	628	go	1
0	629	at	1
0	630	the	1
0	631	push	1
0	632	of	1
0	633	a	1
0	634	button.	2
0	635	And,	2
0	636	that's	2
0	637	an	1
0	638	important	1
0	639	step	1
0	640	towards	1
0	641	improving	1
0	642	road	1
0	643	safety	1
0	644	and	1
0	645	transforming	1
0	646	mobility	1
0	647	for	1
0	648	millions	1
0	649	of	1
0	650	people.”	4
0	651	So	1
0	652	far,	2
0	653	the	1
0	654	Google	1
0	655	versions	1
0	656	of	1
0	657	the	1
0	658	self-driving	3
0	659	cars	1
0	660	have	1
0	661	covered	1
0	662	700,000	3
0	663	miles	1
0	664	without	1
0	665	an	1
0	666	accident	1
0	667	caused	1
0	668	by	1
0	669	the	1
0	670	computer.	2
0	671	The	1
0	672	company	1
0	673	points	1
0	674	out	1
0	675	that	1
0	676	thousands	1
0	677	of	1
0	678	people	1
0	679	die	1
0	680	each	1
0	681	year	1
0	682	on	1
0	683	the	1
0	684	roads	1
0	685	and	1
0	686	that	1
0	687	about	1
0	688	80%	2
0	689	of	1
0	690	crashes	1
0	691	can	1
0	692	be	1
0	693	ascribed	2
0	694	to	1
0	695	human	1
0	696	error.	2
0	697	But,	2
0	698	they	1
0	699	could	1
0	700	have	1
0	701	some	1
0	702	way	1
0	703	to	1
0	704	go	1
0	705	to	1
0	706	match	1
0	707	Conyon	2
0	708	at	1
0	709	the	1
0	710	National	1
0	711	Taxi	1
0	712	Association.	2
0	713	Aged	2
0	714	79,	2
0	715	he	1
0	716	has	1
0	717	been	1
0	718	driving	1
0	719	a	1
0	720	taxi	1
0	721	for	1
0	722	50	1
0	723	years	1
0	724	and	1
0	725	claims	1
0	726	never	1
0	727	to	1
0	728	have	1
0	729	had	1
0	730	an	1
0	731	accident.	2
1	0	A	1
1	1	car	1
1	2	with	1
1	3	a	1
1	4	maximum	1
1	5	speed	1
1	6	of	1
1	7	25	1
1	8	miles	1
1	9	per	1
1	10	hour,	2
1	11	two	1
1	12	seats	1
1	13	and	1
1	14	no	1
1	15	pedals	1
1	16	or	1
1	17	steering	1
1	18	wheel	1
1	19	does	1
1	20	not	1
1	21	sound	1
1	22	very	1
1	23	interesting.	2
1	24	But	1
1	25	Google,	2
1	26	in	1
1	27	the	1
1	28	US,	2
1	29	shocked	1
1	30	the	1
1	31	car	1
1	32	and	1
1	33	taxi	1
1	34	industries	1
1	35	when	1
1	36	it	1
1	37	unveiled	1
1	38	the	1
1	39	latest	1
1	40	version	1
1	41	of	1
1	42	its	1
1	43	driverless	2
1	44	car.	2
1	45	Google	1
1	46	has	1
1	47	begun	1
1	48	testing	1
1	49	the	1
1	50	electric	1
1	51	car	1
1	52	at	1
1	53	its	1
1	54	headquarters	1
1	55	in	1
1	56	Mountain	1
1	57	View,	2
1	58	California.	2
1	59	The	1
1	60	car	1
1	61	does	1
1	62	not	1
1	63	have	1
1	64	all	1
1	65	the	1
1	66	normal	1
1	67	car	1
1	68	controls,	2
1	69	such	1
1	70	as	1
1	71	foot	1
1	72	pedals.	2
1	73	Instead,	2
1	74	it	1
1	75	has	1
1	76	a	1
1	77	smartphone	1
1	78	app	1
1	79	that	1
1	80	calls	1
1	81	it	1
1	82	and	1
1	83	tells	1
1	84	it	1
1	85	the	1
1	86	destination,	2
1	87	and	1
1	88	a	1
1	89	STOP	1
1	90	button	1
1	91	between	1
1	92	the	1
1	93	two	1
1	94	seats	1
1	95	in	1
1	96	case	1
1	97	the	1
1	98	passengers	1
1	99	need	1
1	100	to	1
1	101	override	1
1	102	the	1
1	103	computer.	2
1	104	The	1
1	105	company	1
1	106	is	1
1	107	building	1
1	108	about	1
1	109	100	1
1	110	prototypes	1
1	111	for	1
1	112	a	1
1	113	two-year	3
1	114	test.	2
1	115	The	1
1	116	company's	2
1	117	co-founder,	4
1	118	Sergey	1
1	119	Brin,	3
1	120	said	1
1	121	that	1
1	122	the	1
1	123	vehicle	1
1	124	was	1
1	125	still	1
1	126	just	1
1	127	a	1
1	128	prototype.	2
1	129	He	1
1	130	says	1
1	131	that	1
1	132	they	1
1	133	want	1
1	134	to	1
1	135	change	1
1	136	the	1
1	137	world	1
1	138	for	1
1	139	people	1
1	140	who	1
1	141	do	1
1	142	not	1
1	143	find	1
1	144	it	1
1	145	easy	1
1	146	to	1
1	147	use	1
1	148	transportation	1
1	149	today.	2
1	150	Talking	1
1	151	about	1
1	152	the	1
1	153	car,	2
1	154	he	1
1	155	said,	2
1	156	“You're	4
1	157	just	1
1	158	sitting	1
1	159	there;	2
1	160	no	1
1	161	steering	1
1	162	wheel,	2
1	163	no	1
1	164	pedals.	2
1	165	For	1
1	166	me,	2
1	167	it	1
1	168	was	1
1	169	very	1
1	170	relaxing.	2
1	171	About	1
1	172	ten	1
1	173	seconds	1
1	174	after	1
1	175	getting	1
1	176	into	1
1	177	the	1
1	178	car,	2
1	179	I	1
1	180	forgot	1
1	181	I	1
1	182	was	1
1	183	there.	2
1	184	I	1
1	185	found	1
1	186	it	1
1	187	really	1
1	188	fun.”	4
1	189	Google	1
1	190	says	1
1	191	that	1
1	192	the	1
1	193	aim	1
1	194	of	1
1	195	the	1
1	196	project	1
1	197	is	1
1	198	to	1
1	199	improve	1
1	200	safety.	2
1	201	They	1
1	202	say	1
1	203	that	1
1	204	the	1
1	205	car	1
1	206	is	1
1	207	made	1
1	208	with	1
1	209	foam	1
1	210	at	1
1	211	the	1
1	212	front	1
1	213	and	1
1	214	a	1
1	215	plastic	1
1	216	windscreen,	3
1	217	so	1
1	218	“it	3
1	219	should	1
1	220	be	1
1	221	far	1
1	222	safer	1
1	223	than	1
1	224	any	1
1	225	other	1
1	226	car	1
1	227	for	1
1	228	pedestrians.”	4
1	229	The	1
1	230	cars	1
1	231	have	1
1	232	been	1
1	233	built	1
1	234	specially	1
1	235	by	1
1	236	a	1
1	237	company	1
1	238	in	1
1	239	Detroit.	2
1	240	Google	1
1	241	will	1
1	242	now	1
1	243	test	1
1	244	the	1
1	245	cars,	2
1	246	which	1
1	247	are	1
1	248	not	1
1	249	yet	1
1	250	for	1
1	251	sale.	2
1	252	There	1
1	253	need	1
1	254	to	1
1	255	be	1
1	256	detailed	1
1	257	scans	1
1	258	of	1
1	259	the	1
1	260	roads	1
1	261	before	1
1	262	the	1
1	263	cars	1
1	264	can	1
1	265	drive	1
1	266	on	1
1	267	them,	2
1	268	because	1
1	269	they	1
1	270	cannot	1
1	271	collect	1
1	272	and	1
1	273	process	1
1	274	enough	1
1	275	information	1
1	276	in	1
1	277	real	1
1	278	time.	2
1	279	So	1
1	280	far,	2
1	281	there	1
1	282	are	1
1	283	detailed	1
1	284	maps	1
1	285	of	1
1	286	about	1
1	287	2,000	3
1	288	miles	1
1	289	of	1
1	290	California's	2
1	291	roads,	2
1	292	but	1
1	293	California	1
1	294	has	1
1	295	more	1
1	296	than	1
1	297	170,000	3
1	298	miles	1
1	299	of	1
1	300	roads.	2
1	301	Google	1
1	302	says	1
1	303	it	1
1	304	wants	1
1	305	to	1
1	306	license	1
1	307	the	1
1	308	technology	1
1	309	to	1
1	310	traditional	1
1	311	car	1
1	312	makers	1
1	313	when	1
1	314	they	1
1	315	have	1
1	316	improved	1
1	317	it.	2
1	318	But	1
1	319	the	1
1	320	idea	1
1	321	that	1
1	322	driverless	2
1	323	cars	1
1	324	will	1
1	325	replace	1
1	326	taxis	1
1	327	with	1
1	328	human	1
1	329	drivers	1
1	330	has	1
1	331	alarmed	1
1	332	some	1
1	333	people.	2
1	334	Dennis	1
1	335	Conyon	2
1	336	from	1
1	337	the	1
1	338	UK	1
1	339	National	1
1	340	Taxi	1
1	341	Association	1
1	342	said	1
1	343	that	1
1	344	taxi	1
1	345	drivers	1
1	346	will	1
1	347	become	1
1	348	unemployed.	2
1	349	London	1
1	350	has	1
1	351	about	1
1	352	22,000	3
1	353	taxis	1
1	354	and	1
1	355	Conyon	2
1	356	thinks	1
1	357	that	1
1	358	the	1
1	359	total	1
1	360	number	1
1	361	of	1
1	362	people	1
1	363	who	1
1	364	drive	1
1	365	taxis	1
1	366	in	1
1	367	the	1
1	368	UK	1
1	369	is	1
1	370	about	1
1	371	100,000.	4
1	372	Other	1
1	373	car	1
1	374	makers,	2
1	375	including	1
1	376	Volvo,	2
1	377	Ford	1
1	378	and	1
1	379	Mercedes,	2
1	380	are	1
1	381	going	1
1	382	to	1
1	383	make	1
1	384	vehicles	1
1	385	that	1
1	386	will	1
1	387	be	1
1	388	different	1
1	389	from	1
1	390	Google's	2
1	391	version	1
1	392	because	1
1	393	they	1
1	394	will	1
1	395	have	1
1	396	driver	1
1	397	controls.	2
1	398	But	1
1	399	Chris	1
1	400	Urmson,	3
1	401	director	1
1	402	of	1
1	403	the	1
1	404	driverless	2
1	405	car	1
1	406	project	1
1	407	at	1
1	408	Google,	2
1	409	said	1
1	410	that	1
1	411	the	1
1	412	new	1
1	413	prototypes	1
1	414	do	1
1	415	not	1
1	416	have	1
1	417	a	1
1	418	steering	1
1	419	wheel	1
1	420	or	1
1	421	brakes	1
1	422	because	1
1	423	a	1
1	424	human	1
1	425	passenger	1
1	426	might	1
1	427	not	1
1	428	be	1
1	429	able	1
1	430	to	1
1	431	take	1
1	432	control	1
1	433	in	1
1	434	an	1
1	435	emergency.	2
1	436	He	1
1	437	said	1
1	438	that	1
1	439	it	1
1	440	was	1
1	441	simpler	1
1	442	just	1
1	443	to	1
1	444	have	1
1	445	an	1
1	446	emergency	1
1	447	stop	1
1	448	button.	2
1	449	Urmson	2
1	450	said:	2
1	451	“The	3
1	452	vehicles	1
1	453	will	1
1	454	be	1
1	455	very	1
1	456	basic.	2
1	457	But	1
1	458	they	1
1	459	will	1
1	460	take	1
1	461	you	1
1	462	where	1
1	463	you	1
1	464	want	1
1	465	to	1
1	466	go	1
1	467	at	1
1	468	the	1
1	469	push	1
1	470	of	1
1	471	a	1
1	472	button.	2
1	473	And,	2
1	474	that's	2
1	475	an	1
1	476	important	1
1	477	step	1
1	478	towards	1
1	479	improving	1
1	480	road	1
1	481	safety	1
1	482	and	1
1	483	helping	1
1	484	millions	1
1	485	of	1
1	486	people	1
1	487	travel	1
1	488	around	1
1	489	more	1
1	490	easily.”	4
1	491	So	1
1	492	far,	2
1	493	the	1
1	494	Google	1
1	495	versions	1
1	496	of	1
1	497	the	1
1	498	driverless	2
1	499	cars	1
1	500	have	1
1	501	driven	1
1	502	700,000	3
1	503	miles	1
1	504	without	1
1	505	an	1
1	506	accident	1
1	507	caused	1
1	508	by	1
1	509	the	1
1	510	computer.	2
1	511	The	1
1	512	company	1
1	513	says	1
1	514	that	1
1	515	thousands	1
1	516	of	1
1	517	people	1
1	518	die	1
1	519	each	1
1	520	year	1
1	521	on	1
1	522	the	1
1	523	roads	1
1	524	and	1
1	525	that	1
1	526	about	1
1	527	80%	2
1	528	of	1
1	529	crashes	1
1	530	are	1
1	531	caused	1
1	532	by	1
1	533	human	1
1	534	mistakes.	2
2	0	A	1
2	1	nasal	1
2	2	spray	1
2	3	laced	1
2	4	with	1
2	5	the	1
2	6	‘Love	3
2	7	hormone'	2
2	8	oxytocin	3
2	9	could	1
2	10	help	1
2	11	children	1
2	12	with	1
2	13	autism	1
2	14	learn	1
2	15	to	1
2	16	handle	1
2	17	social	1
2	18	situations	1
2	19	better,	2
2	20	US	1
2	21	researchers	1
2	22	claim.	2
2	23	Scans	2
2	24	of	1
2	25	children	1
2	26	with	1
2	27	autistic	1
2	28	spectrum	1
2	29	disorder	1
2	30	showed	1
2	31	that	1
2	32	a	1
2	33	single	1
2	34	dose	1
2	35	of	1
2	36	the	1
2	37	chemical	1
2	38	improved	1
2	39	brain	1
2	40	responses	1
2	41	to	1
2	42	facial	1
2	43	expressions,	2
2	44	a	1
2	45	shift	1
2	46	that	1
2	47	could	1
2	48	make	1
2	49	social	1
2	50	interactions	1
2	51	feel	1
2	52	more	1
2	53	natural	1
2	54	and	1
2	55	rewarding	1
2	56	for	1
2	57	them.	2
2	58	The	1
2	59	scientists	1
2	60	behind	1
2	61	the	1
2	62	research	1
2	63	said	1
2	64	a	1
2	65	course	1
2	66	of	1
2	67	oxytocin	3
2	68	might	1
2	69	boost	1
2	70	the	1
2	71	success	1
2	72	of	1
2	73	behavioral	1
2	74	therapies	1
2	75	that	1
2	76	are	1
2	77	already	1
2	78	used	1
2	79	to	1
2	80	help	1
2	81	people	1
2	82	with	1
2	83	autism	1
2	84	learn	1
2	85	to	1
2	86	cope	1
2	87	with	1
2	88	social	1
2	89	situations.	2
2	90	“Over	3
2	91	time,	2
2	92	what	1
2	93	you	1
2	94	would	1
2	95	expect	1
2	96	to	1
2	97	see	1
2	98	is	1
2	99	more	1
2	100	appropriate	1
2	101	social	1
2	102	responding,	2
2	103	being	1
2	104	more	1
2	105	interested	1
2	106	in	1
2	107	interacting	1
2	108	with	1
2	109	other	1
2	110	people,	2
2	111	more	1
2	112	eye	1
2	113	contact	1
2	114	and	1
2	115	more	1
2	116	conversational	2
2	117	ability,”	4
2	118	said	1
2	119	Kevin	1
2	120	Pelphrey,	4
2	121	director	1
2	122	of	1
2	123	the	1
2	124	Child	1
2	125	Neuroscience	1
2	126	Lab	1
2	127	at	1
2	128	Yale	1
2	129	University.	2
2	130	Autism	1
2	131	is	1
2	132	a	1
2	133	developmental	1
2	134	disorder	1
2	135	seen	1
2	136	in	1
2	137	more	1
2	138	than	1
2	139	one	1
2	140	in	1
2	141	100	1
2	142	people.	2
2	143	The	1
2	144	condition	1
2	145	affects	1
2	146	individuals	1
2	147	in	1
2	148	different	1
2	149	ways,	2
2	150	but	1
2	151	is	1
2	152	characterized	1
2	153	by	1
2	154	difficulties	1
2	155	in	1
2	156	social	1
2	157	interaction	1
2	158	and	1
2	159	communication.	2
2	160	So	1
2	161	far,	2
2	162	there	1
2	163	is	1
2	164	no	1
2	165	effective	1
2	166	treatment	1
2	167	for	1
2	168	the	1
2	169	social	1
2	170	problems	1
2	171	caused	1
2	172	by	1
2	173	autism.	2
2	174	Researchers	1
2	175	at	1
2	176	Yale	1
2	177	have	1
2	178	studied	1
2	179	the	1
2	180	brain	1
2	181	chemical	1
2	182	oxytocin	3
2	183	as	1
2	184	a	1
2	185	potential	1
2	186	treatment	1
2	187	for	1
2	188	the	1
2	189	social	1
2	190	impairments	2
2	191	caused	1
2	192	by	1
2	193	autism	1
2	194	because	1
2	195	it	1
2	196	plays	1
2	197	a	1
2	198	crucial	1
2	199	role	1
2	200	in	1
2	201	bonding	1
2	202	and	1
2	203	trust.	2
2	204	Results	1
2	205	have	1
2	206	been	1
2	207	mixed,	2
2	208	though:	2
2	209	one	1
2	210	recent	1
2	211	study	1
2	212	found	1
2	213	no	1
2	214	significant	1
2	215	benefit	1
2	216	for	1
2	217	youths	1
2	218	given	1
2	219	the	1
2	220	chemical	1
2	221	over	1
2	222	several	1
2	223	days.	2
2	224	But	1
2	225	Pelphrey	3
2	226	said	1
2	227	oxytocin	3
2	228	might	1
2	229	help	1
2	230	the	1
2	231	brain	1
2	232	learn	1
2	233	from	1
2	234	social	1
2	235	interactions;	2
2	236	it	1
2	237	would	1
2	238	work	1
2	239	best	1
2	240	when	1
2	241	used	1
2	242	with	1
2	243	therapies	1
2	244	that	1
2	245	encourage	1
2	246	people	1
2	247	with	1
2	248	autism	1
2	249	to	1
2	250	engage	1
2	251	more	1
2	252	socially,	2
2	253	he	1
2	254	said.	2
2	255	“Our	3
2	256	study	1
2	257	shows	1
2	258	that	1
2	259	oxytocin	3
2	260	affects	1
2	261	the	1
2	262	brain	1
2	263	and	1
2	264	opens	1
2	265	up	1
2	266	the	1
2	267	possibility	1
2	268	that,	2
2	269	when	1
2	270	combined	1
2	271	with	1
2	272	behavioral	1
2	273	treatments,	2
2	274	it	1
2	275	works	1
2	276	like	1
2	277	a	1
2	278	social	1
2	279	enhancer,”	5
2	280	he	1
2	281	said.	2
2	282	The	1
2	283	scientists	1
2	284	used	1
2	285	a	1
2	286	technique	1
2	287	called	1
2	288	functional	1
2	289	MRI	1
2	290	to	1
2	291	scan	1
2	292	the	1
2	293	brains	1
2	294	of	1
2	295	17	1
2	296	youths	1
2	297	aged	1
2	298	eight	1
2	299	to	1
2	300	16	1
2	301	with	1
2	302	autism	1
2	303	while	1
2	304	they	1
2	305	looked	1
2	306	at	1
2	307	images	1
2	308	of	1
2	309	cars	1
2	310	or	1
2	311	the	1
2	312	eyes	1
2	313	of	1
2	314	people	1
2	315	expressing	1
2	316	various	1
2	317	emotions.	2
2	318	The	1
2	319	scans	1
2	320	were	1
2	321	given	1
2	322	45	1
2	323	minutes	1
2	324	after	1
2	325	the	1
2	326	participants	1
2	327	inhaled	2
2	328	a	1
2	329	placebo	1
2	330	or	1
2	331	oxytocin	3
2	332	through	1
2	333	a	1
2	334	nasal	1
2	335	spray.	2
2	336	The	1
2	337	scans	1
2	338	showed	1
2	339	that	1
2	340	reward	1
2	341	circuitry	1
2	342	in	1
2	343	the	1
2	344	children's	2
2	345	brains	1
2	346	behaved	1
2	347	more	1
2	348	normally	1
2	349	after	1
2	350	a	1
2	351	snort	2
2	352	of	1
2	353	oxytocin,	4
2	354	being	1
2	355	more	1
2	356	active	1
2	357	when	1
2	358	the	1
2	359	person	1
2	360	was	1
2	361	looking	1
2	362	at	1
2	363	faces	1
2	364	and	1
2	365	less	1
2	366	active	1
2	367	when	1
2	368	viewing	1
2	369	the	1
2	370	inanimate	2
2	371	cars.	2
2	372	The	1
2	373	study	1
2	374	appears	1
2	375	in	1
2	376	the	1
2	377	latest	1
2	378	issue	1
2	379	of	1
2	380	the	1
2	381	journal	1
2	382	Proceedings	1
2	383	of	1
2	384	the	1
2	385	National	1
2	386	Academy	1
2	387	of	1
2	388	Sciences	1
2	389	in	1
2	390	the	1
2	391	United	1
2	392	States.	2
2	393	“If	3
2	394	our	1
2	395	study	1
2	396	is	1
2	397	replicated,	2
2	398	it	1
2	399	suggests	1
2	400	that	1
2	401	oxytocin	3
2	402	might	1
2	403	treat	1
2	404	something	1
2	405	for	1
2	406	which	1
2	407	we	1
2	408	don't	2
2	409	have	1
2	410	a	1
2	411	treatment	1
2	412	in	1
2	413	autism,	2
2	414	and	1
2	415	that's	2
2	416	the	1
2	417	core	1
2	418	social	1
2	419	motivation,”	4
2	420	Pelphrey	3
2	421	told	1
2	422	the	1
2	423	Guardian.	2
2	424	He	1
2	425	warned	1
2	426	that	1
2	427	it	1
2	428	was	1
2	429	too	1
2	430	early	1
2	431	to	1
2	432	use	1
2	433	oxytocin	3
2	434	as	1
2	435	a	1
2	436	treatment	1
2	437	for	1
2	438	the	1
2	439	social	1
2	440	difficulties	1
2	441	caused	1
2	442	by	1
2	443	autism	1
2	444	and	1
2	445	cautioned	1
2	446	against	1
2	447	buying	1
2	448	oxytocin	3
2	449	from	1
2	450	suppliers	1
2	451	online.	2
2	452	“We	3
2	453	don't	2
2	454	want	1
2	455	them	1
2	456	running	1
2	457	out	1
2	458	on	1
2	459	the	1
2	460	basis	1
2	461	of	1
2	462	this	1
2	463	study	1
2	464	or	1
2	465	any	1
2	466	other	1
2	467	and	1
2	468	trying	1
2	469	oxytocin	3
2	470	at	1
2	471	home.	2
2	472	There	1
2	473	is	1
2	474	no	1
2	475	telling	1
2	476	what	1
2	477	they	1
2	478	are	1
2	479	buying.	2
2	480	We	1
2	481	are	1
2	482	nowhere	1
2	483	near	1
2	484	thinking	1
2	485	this	1
2	486	is	1
2	487	a	1
2	488	ready	1
2	489	treatment.	2
2	490	It	1
2	491	needs	1
2	492	more	1
2	493	follow-up	3
2	494	research,”	4
2	495	said	1
2	496	Pelphrey.	4
2	497	“This	3
2	498	is	1
2	499	an	1
2	500	important	1
2	501	new	1
2	502	study	1
2	503	in	1
2	504	identifying	1
2	505	changes	1
2	506	in	1
2	507	brain	1
2	508	activity	1
2	509	in	1
2	510	key	1
2	511	regions	1
2	512	of	1
2	513	the	1
2	514	brain	1
2	515	involved	1
2	516	in	1
2	517	social	1
2	518	cognition	1
2	519	in	1
2	520	autism	1
2	521	following	1
2	522	oxytocin	3
2	523	administration,”	4
2	524	said	1
2	525	Simon	1
2	526	Baron-Cohen,	5
2	527	director	1
2	528	of	1
2	529	the	1
2	530	Autism	1
2	531	Research	1
2	532	Center	1
2	533	at	1
2	534	Cambridge	1
2	535	University.	2
2	536	A	1
2	537	surprising	1
2	538	finding,	2
2	539	however,	2
2	540	is	1
2	541	that	1
2	542	oxytocin	3
2	543	nasal	1
2	544	spray	1
2	545	did	1
2	546	not	1
2	547	change	1
2	548	performance	1
2	549	on	1
2	550	the	1
2	551	social	1
2	552	cognitive	1
2	553	task.	2
2	554	Nor	1
2	555	is	1
2	556	it	1
2	557	clear	1
2	558	yet	1
2	559	if	1
2	560	oxytocin	3
2	561	only	1
2	562	has	1
2	563	benefits	1
2	564	for	1
2	565	people	1
2	566	with	1
2	567	autism	1
2	568	or	1
2	569	has	1
2	570	any	1
2	571	unwanted	1
2	572	side	1
2	573	effects.	2
2	574	Finally,	2
2	575	oxytocin	3
2	576	effects	1
2	577	only	1
2	578	last	1
2	579	about	1
2	580	45	1
2	581	minutes,	2
2	582	so	1
2	583	there	1
2	584	may	1
2	585	be	1
2	586	practical	1
2	587	considerations	1
2	588	as	1
2	589	to	1
2	590	whether	1
2	591	this	1
2	592	could	1
2	593	be	1
2	594	used	1
2	595	as	1
2	596	a	1
2	597	treatment.	2
2	598	“From	3
2	599	a	1
2	600	scientific	1
2	601	perspective,	2
2	602	this	1
2	603	study	1
2	604	has	1
2	605	a	1
2	606	lot	1
2	607	of	1
2	608	evidence	1
2	609	from	1
2	610	animal	1
2	611	and	1
2	612	human	1
2	613	work	1
2	614	to	1
2	615	justify	1
2	616	serious	1
2	617	attention,	2
2	618	but	1
2	619	more	1
2	620	research	1
2	621	is	1
2	622	needed.	2
2	623	Doctors	1
2	624	should	1
2	625	be	1
2	626	cautious	1
2	627	about	1
2	628	the	1
2	629	clinical	1
2	630	potential	1
2	631	of	1
2	632	this	1
2	633	hormone	1
2	634	until	1
2	635	we	1
2	636	know	1
2	637	much	1
2	638	more	1
2	639	about	1
2	640	its	1
2	641	benefits	1
2	642	and	1
2	643	risks,	2
2	644	in	1
2	645	much	1
2	646	larger	1
2	647	studies,”	4
2	648	said	1
2	649	Simon	1
2	650	Baron-Cohen.	5
2	651	Uta	2
2	652	Frith,	3
2	653	who	1
2	654	studies	1
2	655	autism	1
2	656	at	1
2	657	University	1
2	658	College	1
2	659	London,	2
2	660	said:	2
2	661	“According	3
2	662	to	1
2	663	this	1
2	664	study,	2
2	665	oxytocin	3
2	666	may	1
2	667	have	1
2	668	the	1
2	669	effect	1
2	670	of	1
2	671	making	1
2	672	faces	1
2	673	more	1
2	674	interesting	1
2	675	as	1
2	676	assessed	1
2	677	by	1
2	678	greater	1
2	679	activity	1
2	680	in	1
2	681	brain	1
2	682	structures	1
2	683	concerned	1
2	684	with	1
2	685	reward	1
2	686	evaluation.	2
2	687	Disappointingly,	4
2	688	this	1
2	689	effect	1
2	690	is	1
2	691	seen	1
2	692	only	1
2	693	in	1
2	694	brain	1
2	695	activity	1
2	696	and	1
2	697	not	1
2	698	in	1
2	699	behavior.	2
2	700	Demonstrating	3
2	701	an	1
2	702	effect	1
2	703	on	1
2	704	behavior	1
2	705	will	1
2	706	be	1
2	707	critical	1
2	708	if	1
2	709	nasal	1
2	710	spray	1
2	711	treatment	1
2	712	is	1
2	713	to	1
2	714	be	1
2	715	of	1
2	716	any	1
2	717	value.”	4
3	0	American	1
3	1	researchers	1
3	2	say	1
3	3	that	1
3	4	a	1
3	5	nasal	1
3	6	spray	1
3	7	containing	1
3	8	the	1
3	9	‘Love	3
3	10	hormone'	2
3	11	oxytocin	3
3	12	could	1
3	13	help	1
3	14	children	1
3	15	with	1
3	16	autism	1
3	17	behave	1
3	18	more	1
3	19	normally	1
3	20	in	1
3	21	social	1
3	22	situations.	2
3	23	Scans	2
3	24	of	1
3	25	autistic	1
3	26	children	1
3	27	showed	1
3	28	that	1
3	29	the	1
3	30	chemical	1
3	31	made	1
3	32	the	1
3	33	brain	1
3	34	respond	1
3	35	better	1
3	36	to	1
3	37	faces.	2
3	38	This	1
3	39	could	1
3	40	make	1
3	41	social	1
3	42	interactions	1
3	43	easier	1
3	44	for	1
3	45	them.	2
3	46	The	1
3	47	researchers	1
3	48	said	1
3	49	oxytocin	3
3	50	might	1
3	51	help	1
3	52	other	1
3	53	treatments	1
3	54	that	1
3	55	are	1
3	56	used	1
3	57	to	1
3	58	help	1
3	59	people	1
3	60	with	1
3	61	autism	1
3	62	in	1
3	63	social	1
3	64	situations.	2
3	65	“Over	3
3	66	time,	2
3	67	there	1
3	68	would	1
3	69	be	1
3	70	more	1
3	71	normal	1
3	72	social	1
3	73	responding.	2
3	74	Autistic	2
3	75	people	1
3	76	would	1
3	77	be	1
3	78	more	1
3	79	interested	1
3	80	in	1
3	81	interacting	1
3	82	with	1
3	83	other	1
3	84	people;	2
3	85	there	1
3	86	would	1
3	87	be	1
3	88	more	1
3	89	eye	1
3	90	contact	1
3	91	and	1
3	92	more	1
3	93	conversation,”	4
3	94	said	1
3	95	Kevin	1
3	96	Pelphrey,	4
3	97	of	1
3	98	Yale	1
3	99	University.	2
3	100	Autism	1
3	101	is	1
3	102	a	1
3	103	disorder	1
3	104	that	1
3	105	one	1
3	106	in	1
3	107	100	1
3	108	people	1
3	109	have.	2
3	110	It	1
3	111	affects	1
3	112	people	1
3	113	in	1
3	114	different	1
3	115	ways,	2
3	116	but	1
3	117	causes	1
3	118	difficulties	1
3	119	in	1
3	120	social	1
3	121	interaction	1
3	122	and	1
3	123	communication.	2
3	124	So	1
3	125	far,	2
3	126	there	1
3	127	is	1
3	128	no	1
3	129	effective	1
3	130	treatment	1
3	131	for	1
3	132	the	1
3	133	social	1
3	134	problems	1
3	135	that	1
3	136	autism	1
3	137	causes.	2
3	138	Researchers	1
3	139	at	1
3	140	Yale	1
3	141	have	1
3	142	studied	1
3	143	the	1
3	144	brain	1
3	145	chemical	1
3	146	oxytocin.	4
3	147	They	1
3	148	say	1
3	149	it	1
3	150	is	1
3	151	a	1
3	152	possible	1
3	153	treatment	1
3	154	for	1
3	155	the	1
3	156	social	1
3	157	problems	1
3	158	caused	1
3	159	by	1
3	160	autism	1
3	161	because	1
3	162	it	1
3	163	plays	1
3	164	an	1
3	165	important	1
3	166	role	1
3	167	in	1
3	168	bonding	1
3	169	and	1
3	170	trust.	2
3	171	But	1
3	172	not	1
3	173	all	1
3	174	results	1
3	175	are	1
3	176	positive:	2
3	177	one	1
3	178	recent	1
3	179	study	1
3	180	found	1
3	181	no	1
3	182	significant	1
3	183	benefit	1
3	184	for	1
3	185	young	1
3	186	people	1
3	187	who	1
3	188	took	1
3	189	the	1
3	190	chemical	1
3	191	for	1
3	192	several	1
3	193	days.	2
3	194	But	1
3	195	Pelphrey	3
3	196	said	1
3	197	oxytocin	3
3	198	might	1
3	199	help	1
3	200	the	1
3	201	brain	1
3	202	learn	1
3	203	from	1
3	204	social	1
3	205	interactions;	2
3	206	it	1
3	207	would	1
3	208	work	1
3	209	best	1
3	210	when	1
3	211	used	1
3	212	together	1
3	213	with	1
3	214	therapies	1
3	215	that	1
3	216	encourage	1
3	217	people	1
3	218	with	1
3	219	autism	1
3	220	to	1
3	221	interact	1
3	222	more	1
3	223	socially,	2
3	224	he	1
3	225	said.	2
3	226	Scientists	1
3	227	tested	1
3	228	17	1
3	229	young	1
3	230	people	1
3	231	aged	1
3	232	eight	1
3	233	to	1
3	234	16	1
3	235	with	1
3	236	autism.	2
3	237	They	1
3	238	gave	1
3	239	them	1
3	240	either	1
3	241	oxytocin	3
3	242	or	1
3	243	a	1
3	244	placebo	1
3	245	through	1
3	246	a	1
3	247	nose	1
3	248	spray.	2
3	249	Then,	2
3	250	the	1
3	251	scientists	1
3	252	scanned	1
3	253	their	1
3	254	brains	1
3	255	while	1
3	256	they	1
3	257	looked	1
3	258	at	1
3	259	images	1
3	260	of	1
3	261	cars	1
3	262	or	1
3	263	the	1
3	264	eyes	1
3	265	of	1
3	266	people	1
3	267	expressing	1
3	268	different	1
3	269	emotions.	2
3	270	The	1
3	271	scans	1
3	272	showed	1
3	273	that	1
3	274	some	1
3	275	parts	1
3	276	of	1
3	277	the	1
3	278	children's	2
3	279	brains	1
3	280	behaved	1
3	281	more	1
3	282	normally	1
3	283	after	1
3	284	oxytocin:	4
3	285	they	1
3	286	were	1
3	287	more	1
3	288	active	1
3	289	when	1
3	290	the	1
3	291	person	1
3	292	was	1
3	293	looking	1
3	294	at	1
3	295	faces	1
3	296	and	1
3	297	less	1
3	298	active	1
3	299	when	1
3	300	the	1
3	301	person	1
3	302	was	1
3	303	looking	1
3	304	at	1
3	305	the	1
3	306	cars.	2
3	307	“Our	3
3	308	study	1
3	309	suggests	1
3	310	that	1
3	311	oxytocin	3
3	312	might	1
3	313	treat	1
3	314	basic	1
3	315	social	1
3	316	motivation.	2
3	317	This	1
3	318	is	1
3	319	something	1
3	320	for	1
3	321	which	1
3	322	we	1
3	323	don't	2
3	324	have	1
3	325	a	1
3	326	treatment	1
3	327	in	1
3	328	autism,”	4
3	329	said	1
3	330	Pelphrey.	4
3	331	He	1
3	332	said	1
3	333	that	1
3	334	it	1
3	335	was	1
3	336	too	1
3	337	early	1
3	338	to	1
3	339	use	1
3	340	oxytocin	3
3	341	as	1
3	342	a	1
3	343	treatment	1
3	344	for	1
3	345	the	1
3	346	social	1
3	347	difficulties	1
3	348	caused	1
3	349	by	1
3	350	autism	1
3	351	and	1
3	352	said	1
3	353	people	1
3	354	should	1
3	355	not	1
3	356	buy	1
3	357	oxytocin	3
3	358	online.	2
3	359	“We	3
3	360	don't	2
3	361	want	1
3	362	them	1
3	363	to	1
3	364	try	1
3	365	oxytocin	3
3	366	at	1
3	367	home.	2
3	368	It	1
3	369	is	1
3	370	impossible	1
3	371	to	1
3	372	say	1
3	373	what	1
3	374	they	1
3	375	are	1
3	376	buying.	2
3	377	This	1
3	378	is	1
3	379	not	1
3	380	a	1
3	381	treatment	1
3	382	yet.	2
3	383	It	1
3	384	needs	1
3	385	more	1
3	386	research,”	4
3	387	said	1
3	388	Pelphrey.	4
3	389	“This	3
3	390	is	1
3	391	an	1
3	392	important	1
3	393	new	1
3	394	study,”	4
3	395	said	1
3	396	Simon	1
3	397	Baron-Cohen,	5
3	398	director	1
3	399	of	1
3	400	the	1
3	401	Autism	1
3	402	Research	1
3	403	Center	1
3	404	at	1
3	405	Cambridge	1
3	406	University.	2
3	407	But,	2
3	408	the	1
3	409	scientists	1
3	410	were	1
3	411	surprised	1
3	412	to	1
3	413	find	1
3	414	that	1
3	415	oxytocin	3
3	416	did	1
3	417	not	1
3	418	help	1
3	419	the	1
3	420	children	1
3	421	in	1
3	422	social	1
3	423	recognition	1
3	424	tasks.	2
3	425	It	1
3	426	is	1
3	427	also	1
3	428	not	1
3	429	known	1
3	430	yet	1
3	431	if	1
3	432	oxytocin	3
3	433	only	1
3	434	has	1
3	435	benefits	1
3	436	for	1
3	437	people	1
3	438	with	1
3	439	autism	1
3	440	or	1
3	441	has	1
3	442	any	1
3	443	bad	1
3	444	side	1
3	445	effects.	2
3	446	Finally,	2
3	447	oxytocin	3
3	448	effects	1
3	449	only	1
3	450	last	1
3	451	about	1
3	452	45	1
3	453	minutes,	2
3	454	so	1
3	455	it	1
3	456	might	1
3	457	be	1
3	458	difficult	1
3	459	to	1
3	460	use	1
3	461	it	1
3	462	as	1
3	463	a	1
3	464	treatment.	2
3	465	“This	3
3	466	study	1
3	467	has	1
3	468	a	1
3	469	lot	1
3	470	of	1
3	471	evidence	1
3	472	from	1
3	473	animal	1
3	474	and	1
3	475	human	1
3	476	work	1
3	477	to	1
3	478	show	1
3	479	that	1
3	480	oxytocin	3
3	481	helps,	2
3	482	but	1
3	483	we	1
3	484	need	1
3	485	more	1
3	486	research,”	4
3	487	said	1
3	488	Simon	1
3	489	Baron-Cohen.	5
3	490	Uta	2
3	491	Frith,	3
3	492	who	1
3	493	studies	1
3	494	autism	1
3	495	at	1
3	496	University	1
3	497	College	1
3	498	London,	2
3	499	said:	2
3	500	“According	3
3	501	to	1
3	502	this	1
3	503	study,	2
3	504	oxytocin	3
3	505	may	1
3	506	make	1
3	507	faces	1
3	508	more	1
3	509	interesting.	2
3	510	Disappointingly,	4
3	511	this	1
3	512	effect	1
3	513	is	1
3	514	seen	1
3	515	only	1
3	516	in	1
3	517	brain	1
3	518	activity	1
3	519	and	1
3	520	not	1
3	521	in	1
3	522	behavior.”	4
3	523	She	1
3	524	said	1
3	525	that,	2
3	526	if	1
3	527	we	1
3	528	want	1
3	529	oxytocin	3
3	530	to	1
3	531	become	1
3	532	a	1
3	533	useful	1
3	534	treatment	1
3	535	for	1
3	536	autism,	2
3	537	we	1
3	538	need	1
3	539	to	1
3	540	show	1
3	541	that	1
3	542	is	1
3	543	has	1
3	544	an	1
3	545	effect	1
3	546	on	1
3	547	behavior.	2
4	0	They	1
4	1	call	1
4	2	him	1
4	3	the	1
4	4	Robin	1
4	5	Hood	1
4	6	of	1
4	7	the	1
4	8	banks,	2
4	9	a	1
4	10	man	1
4	11	who	1
4	12	took	1
4	13	out	1
4	14	dozens	1
4	15	of	1
4	16	loans,	2
4	17	worth	1
4	18	almost	1
4	19	half	1
4	20	a	1
4	21	million	1
4	22	euros,	2
4	23	with	1
4	24	no	1
4	25	intention	1
4	26	of	1
4	27	ever	1
4	28	paying	1
4	29	them	1
4	30	back.	2
4	31	Instead,	2
4	32	Enric	2
4	33	Duran	2
4	34	handed	1
4	35	the	1
4	36	money	1
4	37	out	1
4	38	to	1
4	39	projects	1
4	40	that	1
4	41	created	1
4	42	and	1
4	43	promoted	1
4	44	alternatives	1
4	45	to	1
4	46	capitalism.	2
4	47	After	1
4	48	14	1
4	49	months	1
4	50	in	1
4	51	hiding,	2
4	52	Duran	2
4	53	is	1
4	54	unapologetic,	4
4	55	even	1
4	56	though	1
4	57	his	1
4	58	activities	1
4	59	could	1
4	60	land	1
4	61	him	1
4	62	in	1
4	63	jail.	2
4	64	“I'm	4
4	65	proud	1
4	66	of	1
4	67	what	1
4	68	I	1
4	69	did,”	4
4	70	he	1
4	71	said	1
4	72	in	1
4	73	an	1
4	74	interview	1
4	75	by	1
4	76	Skype	1
4	77	from	1
4	78	an	1
4	79	undisclosed	1
4	80	location.	2
4	81	From	1
4	82	2006	1
4	83	to	1
4	84	2008,	2
4	85	Duran	2
4	86	took	1
4	87	out	1
4	88	68	1
4	89	commercial	1
4	90	and	1
4	91	personal	1
4	92	loans	1
4	93	from	1
4	94	39	1
4	95	banks	1
4	96	in	1
4	97	Spain.	2
4	98	He	1
4	99	farmed	2
4	100	the	1
4	101	money	1
4	102	out	1
4	103	to	1
4	104	social	1
4	105	activists,	2
4	106	funding	1
4	107	speaking	1
4	108	tours	1
4	109	against	1
4	110	capitalism	1
4	111	and	1
4	112	TV	1
4	113	cameras	1
4	114	for	1
4	115	a	1
4	116	media	1
4	117	network.	2
4	118	“I	3
4	119	saw	1
4	120	that,	2
4	121	on	1
4	122	one	1
4	123	side,	2
4	124	these	1
4	125	social	1
4	126	movements	1
4	127	were	1
4	128	building	1
4	129	alternatives	1
4	130	but	1
4	131	that	1
4	132	they	1
4	133	lacked	1
4	134	resources	1
4	135	and	1
4	136	communication	1
4	137	capacities,”	4
4	138	he	1
4	139	said.	2
4	140	“Meanwhile,	4
4	141	our	1
4	142	economy	1
4	143	was	1
4	144	perpetually	1
4	145	growing,	2
4	146	which	1
4	147	lead	1
4	148	to	1
4	149	a	1
4	150	system	1
4	151	that	1
4	152	created	1
4	153	money	1
4	154	out	1
4	155	of	1
4	156	nothing.”	4
4	157	The	1
4	158	loans	1
4	159	Duran	2
4	160	swindled	3
4	161	from	1
4	162	banks	1
4	163	were	1
4	164	his	1
4	165	way	1
4	166	of	1
4	167	regulating	1
4	168	and	1
4	169	denouncing	1
4	170	this	1
4	171	situation,	2
4	172	he	1
4	173	said.	2
4	174	He	1
4	175	started	1
4	176	slowly.	2
4	177	“I	3
4	178	filled	1
4	179	out	1
4	180	a	1
4	181	few	1
4	182	credit	1
4	183	applications	1
4	184	with	1
4	185	my	1
4	186	real	1
4	187	details.	2
4	188	They	1
4	189	denied	1
4	190	me,	2
4	191	but	1
4	192	I	1
4	193	just	1
4	194	wanted	1
4	195	to	1
4	196	get	1
4	197	a	1
4	198	feel	1
4	199	for	1
4	200	what	1
4	201	they	1
4	202	were	1
4	203	asking	1
4	204	for.”	4
4	205	From	1
4	206	there,	2
4	207	the	1
4	208	former	1
4	209	table-tennis	4
4	210	coach	1
4	211	began	1
4	212	to	1
4	213	weave	1
4	214	an	1
4	215	intricate	1
4	216	web	1
4	217	of	1
4	218	accounts,	2
4	219	payments	1
4	220	and	1
4	221	transfers.	2
4	222	“I	3
4	223	was	1
4	224	learning	1
4	225	constantly.”	4
4	226	By	1
4	227	the	1
4	228	summer	1
4	229	of	1
4	230	2007,	2
4	231	he	1
4	232	had	1
4	233	discovered	1
4	234	how	1
4	235	to	1
4	236	make	1
4	237	the	1
4	238	system	1
4	239	work,	2
4	240	applying	1
4	241	for	1
4	242	loans	1
4	243	under	1
4	244	the	1
4	245	name	1
4	246	of	1
4	247	a	1
4	248	false	1
4	249	television	1
4	250	production	1
4	251	company.	2
4	252	“Then,	4
4	253	I	1
4	254	managed	1
4	255	to	1
4	256	get	1
4	257	a	1
4	258	lot.”	4
4	259	€492,000,	5
4	260	to	1
4	261	be	1
4	262	exact.	2
4	263	Duran	2
4	264	was	1
4	265	arrested	1
4	266	in	1
4	267	Spain	1
4	268	in	1
4	269	2009,	2
4	270	on	1
4	271	charges	1
4	272	brought	1
4	273	against	1
4	274	him	1
4	275	by	1
4	276	six	1
4	277	of	1
4	278	the	1
4	279	39	1
4	280	banks	1
4	281	that	1
4	282	had	1
4	283	lent	1
4	284	him	1
4	285	money.	2
4	286	He	1
4	287	spent	1
4	288	two	1
4	289	months	1
4	290	in	1
4	291	prison	1
4	292	before	1
4	293	being	1
4	294	bailed	1
4	295	for	1
4	296	€50,000.	5
4	297	In	1
4	298	February	1
4	299	2013,	2
4	300	facing	1
4	301	up	1
4	302	to	1
4	303	eight	1
4	304	years	1
4	305	in	1
4	306	prison,	2
4	307	he	1
4	308	decided	1
4	309	to	1
4	310	flee	1
4	311	rather	1
4	312	than	1
4	313	stand	1
4	314	trial.	2
4	315	“I	3
4	316	don't	2
4	317	see	1
4	318	legitimacy	1
4	319	in	1
4	320	a	1
4	321	judicial	1
4	322	system	1
4	323	based	1
4	324	on	1
4	325	authority,	2
4	326	because	1
4	327	I	1
4	328	don't	2
4	329	recognize	1
4	330	its	1
4	331	authority,”	4
4	332	he	1
4	333	said.	2
4	334	His	1
4	335	actions,	2
4	336	he	1
4	337	said,	2
4	338	were	1
4	339	in	1
4	340	the	1
4	341	vanguard	2
4	342	of	1
4	343	a	1
4	344	worldwide	1
4	345	debate	1
4	346	on	1
4	347	the	1
4	348	economic	1
4	349	crisis.	2
4	350	The	1
4	351	timing	1
4	352	pushed	1
4	353	the	1
4	354	anti-capitalist	3
4	355	movement	1
4	356	into	1
4	357	the	1
4	358	light,	2
4	359	just	1
4	360	as	1
4	361	many	1
4	362	Spaniards	2
4	363	were	1
4	364	seeking	1
4	365	alternatives	1
4	366	to	1
4	367	a	1
4	368	system	1
4	369	that	1
4	370	had	1
4	371	wreaked	2
4	372	havoc	1
4	373	on	1
4	374	their	1
4	375	lives.	2
4	376	While	1
4	377	the	1
4	378	same	1
4	379	actions	1
4	380	would	1
4	381	probably	1
4	382	be	1
4	383	better	1
4	384	understood	1
4	385	in	1
4	386	today's	2
4	387	Spain,	2
4	388	he	1
4	389	said	1
4	390	that	1
4	391	they	1
4	392	would	1
4	393	not	1
4	394	be	1
4	395	needed.	2
4	396	The	1
4	397	anti-capitalist	3
4	398	movement	1
4	399	has	1
4	400	grown	1
4	401	from	1
4	402	a	1
4	403	fringe	1
4	404	movement	1
4	405	to	1
4	406	one	1
4	407	supported	1
4	408	by	1
4	409	thousands	1
4	410	of	1
4	411	Spaniards,	3
4	412	he	1
4	413	said,	2
4	414	evidenced	1
4	415	by	1
4	416	the	1
4	417	widely	1
4	418	supported	1
4	419	movements	1
4	420	such	1
4	421	as	1
4	422	the	1
4	423	Indignados.	4
4	424	Duran	2
4	425	is	1
4	426	widening	1
4	427	his	1
4	428	focus	1
4	429	to	1
4	430	include	1
4	431	Spain's	2
4	432	justice	1
4	433	system,	2
4	434	by	1
4	435	promoting	1
4	436	restorative	2
4	437	justice.	2
4	438	“The	3
4	439	people	1
4	440	in	1
4	441	Spain	1
4	442	who	1
4	443	believe	1
4	444	that	1
4	445	banks	1
4	446	don't	2
4	447	work,	2
4	448	they	1
4	449	think	1
4	450	that	1
4	451	I	1
4	452	don't	2
4	453	owe	1
4	454	anything.	2
4	455	I	1
4	456	also	1
4	457	think	1
4	458	that,”	4
4	459	he	1
4	460	said.	2
4	461	“But	3
4	462	there	1
4	463	is	1
4	464	a	1
4	465	part	1
4	466	of	1
4	467	a	1
4	468	population	1
4	469	that	1
4	470	is	1
4	471	not	1
4	472	in	1
4	473	agreement	1
4	474	with	1
4	475	us	1
4	476	and	1
4	477	I	1
4	478	think	1
4	479	I	1
4	480	should	1
4	481	respond	1
4	482	to	1
4	483	that.”	4
4	484	In	1
4	485	his	1
4	486	case,	2
4	487	he	1
4	488	said,	2
4	489	the	1
4	490	element	1
4	491	of	1
4	492	reciprocity	2
4	493	he	1
4	494	could	1
4	495	offer	1
4	496	to	1
4	497	banks	1
4	498	might	1
4	499	lie	1
4	500	in	1
4	501	the	1
4	502	insight	1
4	503	he	1
4	504	gleaned	2
4	505	from	1
4	506	years	1
4	507	of	1
4	508	obtaining	1
4	509	bank	1
4	510	loans	1
4	511	fraudulently.	4
4	512	He	1
4	513	could	1
4	514	share	1
4	515	his	1
4	516	thoughts	1
4	517	on	1
4	518	“which	3
4	519	best	1
4	520	practices	1
4	521	work	1
4	522	and	1
4	523	the	1
4	524	bad	1
4	525	ones	1
4	526	that	1
4	527	don't,	3
4	528	for	1
4	529	the	1
4	530	general	1
4	531	population	1
4	532	and	1
4	533	for	1
4	534	bank	1
4	535	workers”.	4
5	0	They	1
5	1	call	1
5	2	him	1
5	3	the	1
5	4	Robin	1
5	5	Hood	1
5	6	of	1
5	7	the	1
5	8	banks.	2
5	9	He	1
5	10	is	1
5	11	a	1
5	12	man	1
5	13	who	1
5	14	took	1
5	15	out	1
5	16	loans	1
5	17	for	1
5	18	almost	1
5	19	half	1
5	20	a	1
5	21	million	1
5	22	euros	1
5	23	and	1
5	24	never	1
5	25	paid	1
5	26	the	1
5	27	money	1
5	28	back.	2
5	29	Enric	2
5	30	Duran	2
5	31	gave	1
5	32	the	1
5	33	money	1
5	34	to	1
5	35	projects	1
5	36	that	1
5	37	created	1
5	38	and	1
5	39	supported	1
5	40	alternatives	1
5	41	to	1
5	42	capitalism.	2
5	43	Duran	2
5	44	has	1
5	45	spent	1
5	46	14	1
5	47	months	1
5	48	in	1
5	49	hiding.	2
5	50	He	1
5	51	will	1
5	52	not	1
5	53	say	1
5	54	he	1
5	55	is	1
5	56	sorry,	2
5	57	even	1
5	58	though	1
5	59	he	1
5	60	might	1
5	61	go	1
5	62	to	1
5	63	prison	1
5	64	for	1
5	65	what	1
5	66	he	1
5	67	has	1
5	68	done.	2
5	69	“I'm	4
5	70	proud	1
5	71	of	1
5	72	what	1
5	73	I've	2
5	74	done,”	4
5	75	he	1
5	76	said	1
5	77	in	1
5	78	an	1
5	79	interview	1
5	80	by	1
5	81	Skype	1
5	82	from	1
5	83	a	1
5	84	secret	1
5	85	location.	2
5	86	From	1
5	87	2006	1
5	88	to	1
5	89	2008,	2
5	90	Duran	2
5	91	took	1
5	92	out	1
5	93	68	1
5	94	loans	1
5	95	from	1
5	96	39	1
5	97	banks	1
5	98	in	1
5	99	Spain.	2
5	100	He	1
5	101	gave	1
5	102	the	1
5	103	money	1
5	104	to	1
5	105	social	1
5	106	activists.	2
5	107	They	1
5	108	used	1
5	109	the	1
5	110	money	1
5	111	to	1
5	112	pay	1
5	113	for	1
5	114	speaking	1
5	115	tours	1
5	116	against	1
5	117	capitalism	1
5	118	and	1
5	119	TV	1
5	120	cameras	1
5	121	for	1
5	122	a	1
5	123	media	1
5	124	network.	2
5	125	He	1
5	126	said	1
5	127	that	1
5	128	these	1
5	129	social	1
5	130	activists	1
5	131	didn't	2
5	132	have	1
5	133	enough	1
5	134	money.	2
5	135	At	1
5	136	the	1
5	137	same	1
5	138	time,	2
5	139	he	1
5	140	said,	2
5	141	the	1
5	142	economy	1
5	143	was	1
5	144	constantly	1
5	145	growing,	2
5	146	which	1
5	147	created	1
5	148	money	1
5	149	from	1
5	150	nothing.	2
5	151	The	1
5	152	loans	1
5	153	Duran	2
5	154	took	1
5	155	out	1
5	156	dishonestly	2
5	157	from	1
5	158	banks	1
5	159	were	1
5	160	his	1
5	161	way	1
5	162	of	1
5	163	showing	1
5	164	that	1
5	165	this	1
5	166	situation	1
5	167	was	1
5	168	wrong,	2
5	169	he	1
5	170	said.	2
5	171	He	1
5	172	started	1
5	173	slowly.	2
5	174	He	1
5	175	tried	1
5	176	to	1
5	177	take	1
5	178	out	1
5	179	a	1
5	180	few	1
5	181	bank	1
5	182	loans	1
5	183	using	1
5	184	his	1
5	185	real	1
5	186	details.	2
5	187	The	1
5	188	banks	1
5	189	said	1
5	190	no.	2
5	191	Then,	2
5	192	he	1
5	193	learned	1
5	194	how	1
5	195	to	1
5	196	get	1
5	197	money	1
5	198	from	1
5	199	the	1
5	200	banks.	2
5	201	“I	3
5	202	was	1
5	203	learning	1
5	204	all	1
5	205	the	1
5	206	time.”	4
5	207	By	1
5	208	the	1
5	209	summer	1
5	210	of	1
5	211	2007,	2
5	212	he	1
5	213	learned	1
5	214	how	1
5	215	to	1
5	216	make	1
5	217	the	1
5	218	system	1
5	219	work	1
5	220	–	1
5	221	he	1
5	222	took	1
5	223	out	1
5	224	loans	1
5	225	under	1
5	226	the	1
5	227	name	1
5	228	of	1
5	229	a	1
5	230	false	1
5	231	television	1
5	232	production	1
5	233	company.	2
5	234	This	1
5	235	way,	2
5	236	he	1
5	237	got	1
5	238	a	1
5	239	lot	1
5	240	of	1
5	241	money.	2
5	242	€492,000,	5
5	243	to	1
5	244	be	1
5	245	exact.	2
5	246	Duran	2
5	247	was	1
5	248	arrested	1
5	249	in	1
5	250	Spain	1
5	251	in	1
5	252	2009.	2
5	253	He	1
5	254	spent	1
5	255	two	1
5	256	months	1
5	257	in	1
5	258	prison;	2
5	259	then,	2
5	260	they	1
5	261	let	1
5	262	him	1
5	263	out	1
5	264	on	1
5	265	€50,000	4
5	266	bail.	2
5	267	In	1
5	268	February	1
5	269	2013,	2
5	270	with	1
5	271	the	1
5	272	possibility	1
5	273	of	1
5	274	up	1
5	275	to	1
5	276	eight	1
5	277	years	1
5	278	in	1
5	279	prison,	2
5	280	he	1
5	281	decided	1
5	282	to	1
5	283	run	1
5	284	away.	2
5	285	His	1
5	286	actions	1
5	287	in	1
5	288	2006	1
5	289	to	1
5	290	2008	1
5	291	made	1
5	292	many	1
5	293	people	1
5	294	notice	1
5	295	the	1
5	296	anti-capitalist	3
5	297	movement	1
5	298	for	1
5	299	the	1
5	300	first	1
5	301	time.	2
5	302	This	1
5	303	happened	1
5	304	at	1
5	305	a	1
5	306	time	1
5	307	when	1
5	308	many	1
5	309	Spanish	1
5	310	people	1
5	311	were	1
5	312	looking	1
5	313	for	1
5	314	alternatives	1
5	315	to	1
5	316	a	1
5	317	system	1
5	318	that	1
5	319	has	1
5	320	caused	1
5	321	problems	1
5	322	in	1
5	323	their	1
5	324	lives.	2
5	325	In	1
5	326	today's	2
5	327	Spain,	2
5	328	thousands	1
5	329	of	1
5	330	people	1
5	331	support	1
5	332	the	1
5	333	anti-capitalist	3
5	334	movement	1
5	335	and	1
5	336	groups	1
5	337	such	1
5	338	as	1
5	339	the	1
5	340	Indignados.	4
5	341	Duran	2
5	342	says	1
5	343	he	1
5	344	does	1
5	345	not	1
5	346	want	1
5	347	to	1
5	348	give	1
5	349	back	1
5	350	the	1
5	351	money	1
5	352	to	1
5	353	the	1
5	354	banks	1
5	355	but	1
5	356	he	1
5	357	can	1
5	358	offer	1
5	359	them	1
5	360	something.	2
5	361	He	1
5	362	learned	1
5	363	a	1
5	364	lot	1
5	365	in	1
5	366	the	1
5	367	years	1
5	368	when	1
5	369	he	1
5	370	was	1
5	371	taking	1
5	372	loans	1
5	373	out	1
5	374	dishonestly,	3
5	375	so	1
5	376	he	1
5	377	can	1
5	378	show	1
5	379	the	1
5	380	banks	1
5	381	how	1
5	382	they	1
5	383	can	1
5	384	improve	1
5	385	things	1
5	386	for	1
5	387	people	1
5	388	in	1
5	389	general	1
5	390	and	1
5	391	for	1
5	392	bank	1
5	393	workers.	2
6	0	How	1
6	1	far	1
6	2	away	1
6	3	are	1
6	4	we	1
6	5	from	1
6	6	a	1
6	7	world	1
6	8	where	1
6	9	drones	1
6	10	deliver	1
6	11	packages?	2
6	12	If	1
6	13	Amazon	1
6	14	is	1
6	15	to	1
6	16	be	1
6	17	believed,	2
6	18	not	1
6	19	far	1
6	20	at	1
6	21	all.	2
6	22	Others	1
6	23	are	1
6	24	not	1
6	25	so	1
6	26	sure:	2
6	27	technical	1
6	28	progress	1
6	29	past	1
6	30	this	1
6	31	point	1
6	32	isn't	2
6	33	merely	1
6	34	a	1
6	35	matter	1
6	36	of	1
6	37	invention;	2
6	38	it's	2
6	39	a	1
6	40	matter	1
6	41	of	1
6	42	public	1
6	43	safety.	2
6	44	Paul	1
6	45	Misener,	3
6	46	Amazon's	2
6	47	vice-president	3
6	48	of	1
6	49	global	1
6	50	public	1
6	51	policy,	2
6	52	told	1
6	53	a	1
6	54	congressional	1
6	55	hearing	1
6	56	recently	1
6	57	that	1
6	58	his	1
6	59	company	1
6	60	would	1
6	61	be	1
6	62	ready	1
6	63	as	1
6	64	soon	1
6	65	as	1
6	66	all	1
6	67	the	1
6	68	rules	1
6	69	were	1
6	70	in	1
6	71	place.	2
6	72	The	1
6	73	Federal	1
6	74	Aviation	1
6	75	Authority	1
6	76	(FAA)	4
6	77	will	1
6	78	finally	1
6	79	have	1
6	80	regulations	1
6	81	governing	1
6	82	the	1
6	83	commercial	1
6	84	use	1
6	85	of	1
6	86	unmanned	1
6	87	aircraft	1
6	88	by	1
6	89	June	1
6	90	2016.	2
6	91	But	1
6	92	the	1
6	93	technology	1
6	94	has	1
6	95	a	1
6	96	long	1
6	97	way	1
6	98	to	1
6	99	go	1
6	100	before	1
6	101	then	1
6	102	and	1
6	103	larger	1
6	104	machines	1
6	105	aren't	2
6	106	airway-legal	4
6	107	at	1
6	108	all	1
6	109	yet	1
6	110	–	1
6	111	only	1
6	112	drones	1
6	113	up	1
6	114	to	1
6	115	25kg	2
6	116	will	1
6	117	be	1
6	118	covered	1
6	119	and	1
6	120	the	1
6	121	FAA	1
6	122	points	1
6	123	out	1
6	124	in	1
6	125	the	1
6	126	proposed	1
6	127	rules	1
6	128	that,	2
6	129	if	1
6	130	you're	2
6	131	going	1
6	132	to	1
6	133	crowd	1
6	134	the	1
6	135	skies	1
6	136	with	1
6	137	radio-controlled	3
6	138	flying	1
6	139	robots,	2
6	140	they	1
6	141	had	1
6	142	better	1
6	143	all	1
6	144	be	1
6	145	using	1
6	146	different	1
6	147	radio	1
6	148	frequencies	1
6	149	that	1
6	150	nobody	1
6	151	can	1
6	152	jam	1
6	153	or	1
6	154	hijack.	3
6	155	Professor	1
6	156	Sanjiv	3
6	157	Singh,	2
6	158	who	1
6	159	runs	1
6	160	a	1
6	161	cargo	1
6	162	delivery	1
6	163	company	1
6	164	called	1
6	165	NearEarth,	3
6	166	said	1
6	167	that	1
6	168	piloting	2
6	169	a	1
6	170	state-of-the-art	7
6	171	drone	1
6	172	was	1
6	173	a	1
6	174	little	1
6	175	more	1
6	176	like	1
6	177	leaving	1
6	178	it	1
6	179	a	1
6	180	trail	1
6	181	of	1
6	182	breadcrumbs:	4
6	183	go	1
6	184	to	1
6	185	this	1
6	186	altitude,	2
6	187	perform	1
6	188	this	1
6	189	short	1
6	190	task,	2
6	191	go	1
6	192	back	1
6	193	home.	2
6	194	But	1
6	195	even	1
6	196	short	1
6	197	flights	1
6	198	from	1
6	199	a	1
6	200	mobile	1
6	201	landing	1
6	202	pad	1
6	203	pose	1
6	204	serious	1
6	205	logistical	1
6	206	problems,	2
6	207	he	1
6	208	said.	2
6	209	“They're	4
6	210	not	1
6	211	proposing	1
6	212	to	1
6	213	deliver	1
6	214	from	1
6	215	one	1
6	216	uninhabited	3
6	217	place	1
6	218	to	1
6	219	another	1
6	220	uninhabited	3
6	221	place;	2
6	222	they're	2
6	223	proposing	1
6	224	to	1
6	225	deliver	1
6	226	from	1
6	227	a	1
6	228	warehouse	1
6	229	to	1
6	230	where	1
6	231	the	1
6	232	consumer	1
6	233	is,	2
6	234	which	1
6	235	is	1
6	236	likely	1
6	237	an	1
6	238	urban	1
6	239	area,”	4
6	240	he	1
6	241	said.	2
6	242	“There	3
6	243	are	1
6	244	going	1
6	245	to	1
6	246	be	1
6	247	hazards	1
6	248	along	1
6	249	the	1
6	250	way	1
6	251	that	1
6	252	the	1
6	253	vehicle	1
6	254	is	1
6	255	going	1
6	256	to	1
6	257	have	1
6	258	to	1
6	259	detect.	2
6	260	Maybe	1
6	261	there	1
6	262	will	1
6	263	be	1
6	264	terrain	1
6	265	that	1
6	266	the	1
6	267	map	1
6	268	doesn't	2
6	269	know	1
6	270	about.	2
6	271	Even	1
6	272	then,	2
6	273	maybe	1
6	274	there's	2
6	275	construction	1
6	276	equipment	1
6	277	that	1
6	278	wasn't	2
6	279	there	1
6	280	but	1
6	281	is	1
6	282	there	1
6	283	now.	2
6	284	Maybe	1
6	285	GPS	1
6	286	signals	1
6	287	are	1
6	288	blocked,	2
6	289	in	1
6	290	which	1
6	291	case	1
6	292	it's	2
6	293	going	1
6	294	to	1
6	295	have	1
6	296	an	1
6	297	incorrect	1
6	298	idea	1
6	299	about	1
6	300	where	1
6	301	it	1
6	302	is.”	4
6	303	All	1
6	304	this	1
6	305	is	1
6	306	surmountable,	4
6	307	he	1
6	308	said	1
6	309	–	1
6	310	but	1
6	311	it's	2
6	312	difficult.	2
6	313	One	1
6	314	major	1
6	315	problem	1
6	316	is	1
6	317	maintaining	1
6	318	radio	1
6	319	contact	1
6	320	with	1
6	321	a	1
6	322	drone	1
6	323	and	1
6	324	planning	1
6	325	for	1
6	326	what	1
6	327	happens	1
6	328	if	1
6	329	that	1
6	330	contact	1
6	331	breaks.	2
6	332	“If	3
6	333	you	1
6	334	have	1
6	335	an	1
6	336	off-the-shelf	6
6	337	UAV	2
6	338	(unmanned	4
6	339	aerial	1
6	340	vehicle),	2
6	341	it'll	2
6	342	just	1
6	343	keep	1
6	344	going	1
6	345	and	1
6	346	crash	1
6	347	into	1
6	348	the	1
6	349	ground,”	4
6	350	said	1
6	351	roboticist	2
6	352	Daniel	1
6	353	Huber.	3
6	354	“Technologically,	5
6	355	most	1
6	356	of	1
6	357	the	1
6	358	things	1
6	359	that	1
6	360	are	1
6	361	needed	1
6	362	for	1
6	363	this	1
6	364	are	1
6	365	in	1
6	366	place,”	4
6	367	said	1
6	368	Huber.	3
6	369	He	1
6	370	is	1
6	371	working	1
6	372	on	1
6	373	a	1
6	374	program	1
6	375	that	1
6	376	proposes	1
6	377	using	1
6	378	drones	1
6	379	to	1
6	380	inspect	1
6	381	infrastructure	1
6	382	–	1
6	383	pipelines,	2
6	384	telephone	1
6	385	lines,	2
6	386	bridges	1
6	387	and	1
6	388	so	1
6	389	on.	2
6	390	“We've	4
6	391	developed	1
6	392	an	1
6	393	exploration	1
6	394	algorithm	1
6	395	where	1
6	396	you	1
6	397	draw	1
6	398	a	1
6	399	box	1
6	400	around	1
6	401	an	1
6	402	area	1
6	403	and	1
6	404	it'll	2
6	405	autonomously	2
6	406	fly	1
6	407	around	1
6	408	that	1
6	409	area	1
6	410	and	1
6	411	look	1
6	412	at	1
6	413	every	1
6	414	surface	1
6	415	and	1
6	416	then	1
6	417	report	1
6	418	back.”	4
6	419	Huber	2
6	420	said	1
6	421	about	1
6	422	Amazon:	2
6	423	“I	3
6	424	have	1
6	425	heard	1
6	426	them	1
6	427	say	1
6	428	that	1
6	429	many	1
6	430	packages	1
6	431	are	1
6	432	lightweight	1
6	433	–	1
6	434	a	1
6	435	drone	1
6	436	can	1
6	437	carry	1
6	438	a	1
6	439	kilogram	2
6	440	for	1
6	441	15	1
6	442	minutes.	2
6	443	If	1
6	444	you	1
6	445	have	1
6	446	a	1
6	447	vehicle	1
6	448	that	1
6	449	can	1
6	450	go	1
6	451	into	1
6	452	a	1
6	453	neighborhood,	2
6	454	it	1
6	455	can	1
6	456	deliver	1
6	457	from	1
6	458	that	1
6	459	base.	2
6	460	You	1
6	461	need	1
6	462	a	1
6	463	15-minute	3
6	464	distance	1
6	465	and	1
6	466	typical	1
6	467	off-the-shelf	6
6	468	drones	1
6	469	have	1
6	470	about	1
6	471	that	1
6	472	distance.”	4
6	473	It's	2
6	474	one	1
6	475	way,	2
6	476	he	1
6	477	said,	2
6	478	of	1
6	479	making	1
6	480	sure	1
6	481	the	1
6	482	surrounding	1
6	483	population	1
6	484	is	1
6	485	relatively	1
6	486	safe.	2
6	487	“The	3
6	488	larger	1
6	489	the	1
6	490	distance	1
6	491	the	1
6	492	drone	1
6	493	travels,	2
6	494	the	1
6	495	more	1
6	496	dangerous	1
6	497	it	1
6	498	becomes.”	4
6	499	Of	1
6	500	course,	2
6	501	safety	1
6	502	remains	1
6	503	a	1
6	504	major	1
6	505	concern	1
6	506	–	1
6	507	Singh	1
6	508	points	1
6	509	out	1
6	510	that,	2
6	511	for	1
6	512	a	1
6	513	commercial	1
6	514	aircraft	1
6	515	to	1
6	516	be	1
6	517	considered	1
6	518	skyworthy,	3
6	519	it	1
6	520	has	1
6	521	to	1
6	522	prove	1
6	523	a	1
6	524	rate	1
6	525	of	1
6	526	one	1
6	527	serious	1
6	528	failure	1
6	529	every	1
6	530	one	1
6	531	million	1
6	532	hours.	2
6	533	Drones,	3
6	534	he	1
6	535	said,	2
6	536	are	1
6	537	“one	3
6	538	or	1
6	539	two	1
6	540	orders	1
6	541	of	1
6	542	magnitude	1
6	543	away”	3
6	544	from	1
6	545	that	1
6	546	benchmark.	2
6	547	“The	3
6	548	Reaper	1
6	549	drone	1
6	550	has	1
6	551	one	1
6	552	failure	1
6	553	in	1
6	554	10,000	3
6	555	hours,”	4
6	556	Singh	1
6	557	said.	2
6	558	An	1
6	559	oil	1
6	560	leak,	2
6	561	by	1
6	562	the	1
6	563	way,	2
6	564	doesn't	2
6	565	count	1
6	566	as	1
6	567	catastrophic	1
6	568	failure	1
6	569	–	1
6	570	something	1
6	571	has	1
6	572	to	1
6	573	fall	1
6	574	out	1
6	575	of	1
6	576	the	1
6	577	sky.	2
6	578	Part	1
6	579	of	1
6	580	this	1
6	581	is	1
6	582	simply	1
6	583	that	1
6	584	air	1
6	585	travel	1
6	586	is	1
6	587	inherently	1
6	588	dangerous	1
6	589	and,	2
6	590	thus,	2
6	591	standards	1
6	592	are	1
6	593	much	1
6	594	higher.	2
6	595	“If	3
6	596	you	1
6	597	fly	1
6	598	commercial	1
6	599	airlines,	2
6	600	often	1
6	601	they'll	2
6	602	say,	2
6	603	'Oh,	3
6	604	a	1
6	605	small	1
6	606	component	1
6	607	has	1
6	608	failed	1
6	609	–	1
6	610	we	1
6	611	have	1
6	612	to	1
6	613	go	1
6	614	back	1
6	615	to	1
6	616	the	1
6	617	gate,'”	4
6	618	Singh	1
6	619	said.	2
6	620	“And	3
6	621	that's	2
6	622	an	1
6	623	established	1
6	624	industry	1
6	625	with	1
6	626	60	1
6	627	years	1
6	628	of	1
6	629	legacy!	2
6	630	I	1
6	631	shudder	1
6	632	to	1
6	633	think	1
6	634	that	1
6	635	one	1
6	636	of	1
6	637	these	1
6	638	things	1
6	639	might	1
6	640	come	1
6	641	down	1
6	642	on	1
6	643	a	1
6	644	crowded	1
6	645	highway.”	4
6	646	Part	1
6	647	of	1
6	648	the	1
6	649	solution,	2
6	650	Singh	1
6	651	said,	2
6	652	is	1
6	653	comprehensive	1
6	654	contingency	1
6	655	planning:	2
6	656	“If	3
6	657	things	1
6	658	fail,	2
6	659	the	1
6	660	vehicle	1
6	661	has	1
6	662	to	1
6	663	do	1
6	664	something	1
6	665	reasonable.”	4
7	0	One	1
7	1	day,	2
7	2	drones	1
7	3	could	1
7	4	deliver	1
7	5	packages	1
7	6	to	1
7	7	your	1
7	8	home.	2
7	9	When	1
7	10	will	1
7	11	this	1
7	12	happen?	2
7	13	If	1
7	14	you	1
7	15	believe	1
7	16	Amazon,	2
7	17	it	1
7	18	will	1
7	19	be	1
7	20	soon.	2
7	21	Other	1
7	22	people	1
7	23	are	1
7	24	not	1
7	25	so	1
7	26	sure.	2
7	27	They	1
7	28	have	1
7	29	to	1
7	30	invent	1
7	31	the	1
7	32	right	1
7	33	technology	1
7	34	but,	2
7	35	also,	2
7	36	they	1
7	37	have	1
7	38	to	1
7	39	consider	1
7	40	public	1
7	41	safety.	2
7	42	Amazon	1
7	43	says	1
7	44	that	1
7	45	they	1
7	46	will	1
7	47	be	1
7	48	ready	1
7	49	as	1
7	50	soon	1
7	51	as	1
7	52	the	1
7	53	Federal	1
7	54	Aviation	1
7	55	Authority	1
7	56	(FAA)	4
7	57	introduce	1
7	58	rules	1
7	59	for	1
7	60	using	1
7	61	drones.	2
7	62	The	1
7	63	FAA	1
7	64	will	1
7	65	finally	1
7	66	introduce	1
7	67	rules	1
7	68	for	1
7	69	using	1
7	70	unmanned	1
7	71	aircraft	1
7	72	by	1
7	73	June	1
7	74	2016.	2
7	75	But	1
7	76	the	1
7	77	technology	1
7	78	has	1
7	79	a	1
7	80	long	1
7	81	way	1
7	82	to	1
7	83	go	1
7	84	before	1
7	85	then	1
7	86	and	1
7	87	larger	1
7	88	machines	1
7	89	aren't	2
7	90	legal	1
7	91	yet	1
7	92	–	1
7	93	only	1
7	94	drones	1
7	95	up	1
7	96	to	1
7	97	25kg	2
7	98	will	1
7	99	be	1
7	100	legal.	2
7	101	And	1
7	102	the	1
7	103	FAA	1
7	104	says	1
7	105	in	1
7	106	the	1
7	107	rules	1
7	108	they	1
7	109	want	1
7	110	to	1
7	111	introduce	1
7	112	that	1
7	113	drones	1
7	114	will	1
7	115	all	1
7	116	have	1
7	117	to	1
7	118	use	1
7	119	different	1
7	120	radio	1
7	121	frequencies	1
7	122	that	1
7	123	nobody	1
7	124	can	1
7	125	block	1
7	126	or	1
7	127	hijack.	3
7	128	Professor	1
7	129	Sanjiv	3
7	130	Singh,	2
7	131	who	1
7	132	works	1
7	133	for	1
7	134	delivery	1
7	135	company	1
7	136	NearEarth,	3
7	137	said	1
7	138	that	1
7	139	flying	1
7	140	drones	1
7	141	is	1
7	142	quite	1
7	143	simple	1
7	144	–	1
7	145	you	1
7	146	just	1
7	147	give	1
7	148	it	1
7	149	some	1
7	150	basic	1
7	151	instructions:	2
7	152	go	1
7	153	to	1
7	154	this	1
7	155	height,	2
7	156	do	1
7	157	this	1
7	158	short	1
7	159	task,	2
7	160	go	1
7	161	back	1
7	162	home.	2
7	163	But	1
7	164	even	1
7	165	short	1
7	166	flights	1
7	167	from	1
7	168	a	1
7	169	mobile	1
7	170	landing	1
7	171	place	1
7	172	could	1
7	173	cause	1
7	174	serious	1
7	175	problems,	2
7	176	he	1
7	177	said.	2
7	178	“They're	4
7	179	not	1
7	180	planning	1
7	181	to	1
7	182	deliver	1
7	183	in	1
7	184	areas	1
7	185	where	1
7	186	nobody	1
7	187	lives;	2
7	188	they're	2
7	189	planning	1
7	190	to	1
7	191	deliver	1
7	192	from	1
7	193	a	1
7	194	warehouse	1
7	195	to	1
7	196	the	1
7	197	consumer,	2
7	198	which	1
7	199	will	1
7	200	probably	1
7	201	be	1
7	202	in	1
7	203	a	1
7	204	town	1
7	205	or	1
7	206	city,”	4
7	207	he	1
7	208	said.	2
7	209	“The	3
7	210	drone	1
7	211	will	1
7	212	have	1
7	213	to	1
7	214	see	1
7	215	hazards.	2
7	216	Maybe	1
7	217	there	1
7	218	will	1
7	219	be	1
7	220	things	1
7	221	that	1
7	222	the	1
7	223	map	1
7	224	doesn't	2
7	225	know	1
7	226	about.	2
7	227	Maybe	1
7	228	there	1
7	229	will	1
7	230	be	1
7	231	construction	1
7	232	equipment	1
7	233	that	1
7	234	wasn't	2
7	235	there	1
7	236	but	1
7	237	is	1
7	238	there	1
7	239	now.	2
7	240	Maybe	1
7	241	GPS	1
7	242	signals	1
7	243	will	1
7	244	be	1
7	245	blocked	1
7	246	so	1
7	247	it's	2
7	248	going	1
7	249	to	1
7	250	have	1
7	251	an	1
7	252	incorrect	1
7	253	idea	1
7	254	about	1
7	255	where	1
7	256	it	1
7	257	is.”	4
7	258	All	1
7	259	this	1
7	260	can	1
7	261	be	1
7	262	solved,	2
7	263	he	1
7	264	said	1
7	265	–	1
7	266	but	1
7	267	it's	2
7	268	difficult.	2
7	269	One	1
7	270	big	1
7	271	problem	1
7	272	is	1
7	273	keeping	1
7	274	radio	1
7	275	contact	1
7	276	with	1
7	277	a	1
7	278	drone	1
7	279	and	1
7	280	planning	1
7	281	for	1
7	282	what	1
7	283	happens	1
7	284	if	1
7	285	that	1
7	286	contact	1
7	287	breaks.	2
7	288	”If	3
7	289	a	1
7	290	drone	1
7	291	loses	1
7	292	radio	1
7	293	contact,	2
7	294	it	1
7	295	will	1
7	296	keep	1
7	297	going	1
7	298	and	1
7	299	crash	1
7	300	into	1
7	301	the	1
7	302	ground,”	4
7	303	said	1
7	304	robot	1
7	305	expert	1
7	306	Daniel	1
7	307	Huber.	3
7	308	“We	3
7	309	already	1
7	310	have	1
7	311	most	1
7	312	of	1
7	313	the	1
7	314	technology	1
7	315	we	1
7	316	need,”	4
7	317	said	1
7	318	Huber.	3
7	319	He	1
7	320	is	1
7	321	working	1
7	322	on	1
7	323	a	1
7	324	program	1
7	325	that	1
7	326	will	1
7	327	use	1
7	328	drones	1
7	329	to	1
7	330	check	1
7	331	telephone	1
7	332	lines,	2
7	333	bridges	1
7	334	and	1
7	335	so	1
7	336	on.	2
7	337	“We	3
7	338	can	1
7	339	make	1
7	340	drones	1
7	341	fly	1
7	342	around	1
7	343	a	1
7	344	certain	1
7	345	area	1
7	346	and	1
7	347	look	1
7	348	at	1
7	349	every	1
7	350	surface.”	4
7	351	Huber	2
7	352	said	1
7	353	about	1
7	354	Amazon:	2
7	355	“They	3
7	356	say	1
7	357	that	1
7	358	many	1
7	359	packages	1
7	360	are	1
7	361	light	1
7	362	–	1
7	363	a	1
7	364	drone	1
7	365	can	1
7	366	carry	1
7	367	a	1
7	368	kilogram	2
7	369	for	1
7	370	15	1
7	371	minutes.	2
7	372	If	1
7	373	you	1
7	374	have	1
7	375	a	1
7	376	vehicle	1
7	377	that	1
7	378	can	1
7	379	go	1
7	380	into	1
7	381	a	1
7	382	neighborhood,	2
7	383	it	1
7	384	can	1
7	385	deliver	1
7	386	from	1
7	387	that	1
7	388	vehicle.	2
7	389	You	1
7	390	need	1
7	391	a	1
7	392	15-minute	3
7	393	distance,	2
7	394	and	1
7	395	typical	1
7	396	drones	1
7	397	have	1
7	398	about	1
7	399	that	1
7	400	distance.”	4
7	401	It's	2
7	402	one	1
7	403	way,	2
7	404	he	1
7	405	said,	2
7	406	to	1
7	407	make	1
7	408	sure	1
7	409	people	1
7	410	are	1
7	411	safe.	2
7	412	“The	3
7	413	larger	1
7	414	the	1
7	415	distance,	2
7	416	the	1
7	417	more	1
7	418	dangerous	1
7	419	it	1
7	420	becomes.”	4
7	421	Of	1
7	422	course,	2
7	423	safety	1
7	424	is	1
7	425	still	1
7	426	a	1
7	427	big	1
7	428	worry	1
7	429	–	1
7	430	Singh	1
7	431	points	1
7	432	out	1
7	433	that	1
7	434	for	1
7	435	a	1
7	436	passenger	1
7	437	airplane	1
7	438	to	1
7	439	be	1
7	440	allowed	1
7	441	to	1
7	442	fly,	2
7	443	it	1
7	444	can	1
7	445	only	1
7	446	have	1
7	447	one	1
7	448	serious	1
7	449	failure	1
7	450	every	1
7	451	one	1
7	452	million	1
7	453	hours.	2
7	454	Drones,	3
7	455	he	1
7	456	said,	2
7	457	are	1
7	458	much	1
7	459	less	1
7	460	safe.	2
7	461	“The	3
7	462	Reaper	1
7	463	drone,	2
7	464	for	1
7	465	example,	2
7	466	has	1
7	467	one	1
7	468	failure	1
7	469	in	1
7	470	10,000	3
7	471	hours,”	4
7	472	Singh	1
7	473	said.	2
7	474	Part	1
7	475	of	1
7	476	the	1
7	477	reason	1
7	478	for	1
7	479	this	1
7	480	is	1
7	481	simply	1
7	482	that	1
7	483	air	1
7	484	travel	1
7	485	is	1
7	486	dangerous	1
7	487	so	1
7	488	standards	1
7	489	are	1
7	490	much	1
7	491	higher.	2
7	492	“If	3
7	493	you	1
7	494	fly	1
7	495	a	1
7	496	passenger	1
7	497	airplane,	2
7	498	often	1
7	499	they	1
7	500	will	1
7	501	say,	2
7	502	‘Oh,	4
7	503	a	1
7	504	small	1
7	505	part	1
7	506	isn't	2
7	507	working;	2
7	508	we	1
7	509	have	1
7	510	to	1
7	511	go	1
7	512	back,'”	4
7	513	Singh	1
7	514	said.	2
7	515	“And	3
7	516	people	1
7	517	have	1
7	518	been	1
7	519	flying	1
7	520	passenger	1
7	521	airplanes	1
7	522	for	1
7	523	60	1
7	524	years!	2
7	525	I	1
7	526	hate	1
7	527	to	1
7	528	think	1
7	529	that	1
7	530	a	1
7	531	drone	1
7	532	might	1
7	533	come	1
7	534	down	1
7	535	on	1
7	536	a	1
7	537	busy	1
7	538	road.”	4
7	539	Part	1
7	540	of	1
7	541	the	1
7	542	solution,	2
7	543	Singh	1
7	544	said,	2
7	545	is	1
7	546	planning	1
7	547	for	1
7	548	every	1
7	549	situation:	2
7	550	“If	3
7	551	things	1
7	552	fail,	2
7	553	the	1
7	554	drone	1
7	555	has	1
7	556	to	1
7	557	do	1
7	558	something	1
7	559	sensible.”	4
8	0	Illegal	2
8	1	downloading	1
8	2	is	1
8	3	a	1
8	4	kind	1
8	5	of	1
8	6	“moral	3
8	7	squalor”	5
8	8	and	1
8	9	theft,	2
8	10	as	1
8	11	much	1
8	12	as	1
8	13	reaching	1
8	14	in	1
8	15	to	1
8	16	someone's	2
8	17	pocket	1
8	18	and	1
8	19	stealing	1
8	20	their	1
8	21	wallet	1
8	22	is	1
8	23	theft,	2
8	24	says	1
8	25	author	1
8	26	Philip	1
8	27	Pullman.	3
8	28	In	1
8	29	an	1
8	30	article	1
8	31	for	1
8	32	Index	1
8	33	on	1
8	34	Censorship,	4
8	35	Pullman,	3
8	36	who	1
8	37	is	1
8	38	president	1
8	39	of	1
8	40	the	1
8	41	Society	1
8	42	of	1
8	43	Authors,	2
8	44	makes	1
8	45	a	1
8	46	robust	1
8	47	defence	1
8	48	of	1
8	49	copyright	1
8	50	laws.	2
8	51	He	1
8	52	is	1
8	53	highly	1
8	54	critical	1
8	55	of	1
8	56	Internet	1
8	57	users	1
8	58	who	1
8	59	think	1
8	60	it	1
8	61	is	1
8	62	OK	1
8	63	to	1
8	64	download	1
8	65	music	1
8	66	or	1
8	67	books	1
8	68	without	1
8	69	paying	1
8	70	for	1
8	71	them.	2
8	72	“The	3
8	73	technical	1
8	74	brilliance	1
8	75	is	1
8	76	so	1
8	77	dazzling	1
8	78	that	1
8	79	people	1
8	80	can't	2
8	81	see	1
8	82	the	1
8	83	moral	1
8	84	squalor	3
8	85	of	1
8	86	what	1
8	87	they're	2
8	88	doing,”	4
8	89	he	1
8	90	writes.	2
8	91	“It	3
8	92	is	1
8	93	outrageous	1
8	94	that	1
8	95	anyone	1
8	96	can	1
8	97	steal	1
8	98	an	1
8	99	artist's	2
8	100	work	1
8	101	and	1
8	102	get	1
8	103	away	1
8	104	with	1
8	105	it.	2
8	106	It	1
8	107	is	1
8	108	theft,	2
8	109	as	1
8	110	surely	1
8	111	as	1
8	112	reaching	1
8	113	into	1
8	114	someone's	2
8	115	pocket	1
8	116	and	1
8	117	taking	1
8	118	their	1
8	119	wallet	1
8	120	is	1
8	121	theft.”	4
8	122	His	1
8	123	article	1
8	124	comes	1
8	125	after	1
8	126	music	1
8	127	industry	1
8	128	leaders	1
8	129	met	1
8	130	British	1
8	131	Prime	1
8	132	Minister	1
8	133	David	1
8	134	Cameron	1
8	135	in	1
8	136	Downing	1
8	137	Street,	2
8	138	where	1
8	139	the	1
8	140	issue	1
8	141	of	1
8	142	web	1
8	143	piracy	1
8	144	was	1
8	145	discussed.	2
8	146	Pullman,	3
8	147	writer	1
8	148	of	1
8	149	the	1
8	150	His	1
8	151	Dark	1
8	152	Materials	1
8	153	trilogy,	2
8	154	says	1
8	155	authors	1
8	156	and	1
8	157	musicians	1
8	158	work	1
8	159	in	1
8	160	poverty	1
8	161	and	1
8	162	obscurity	1
8	163	for	1
8	164	years	1
8	165	to	1
8	166	bring	1
8	167	their	1
8	168	work	1
8	169	to	1
8	170	the	1
8	171	level	1
8	172	“that	3
8	173	gives	1
8	174	delight	1
8	175	to	1
8	176	their	1
8	177	audiences	1
8	178	and,	2
8	179	as	1
8	180	soon	1
8	181	as	1
8	182	they	1
8	183	achieve	1
8	184	that,	2
8	185	the	1
8	186	possibility	1
8	187	of	1
8	188	making	1
8	189	a	1
8	190	living	1
8	191	from	1
8	192	it	1
8	193	is	1
8	194	taken	1
8	195	away	1
8	196	from	1
8	197	them”.	4
8	198	He	1
8	199	concludes:	2
8	200	“The	3
8	201	principle	1
8	202	is	1
8	203	simple,	2
8	204	and	1
8	205	unaltered	3
8	206	by	1
8	207	technology,	2
8	208	science	1
8	209	or	1
8	210	magic:	2
8	211	if	1
8	212	we	1
8	213	want	1
8	214	to	1
8	215	enjoy	1
8	216	the	1
8	217	work	1
8	218	that	1
8	219	someone	1
8	220	does,	2
8	221	we	1
8	222	should	1
8	223	pay	1
8	224	for	1
8	225	it.”	4
8	226	Pullman	2
8	227	is	1
8	228	writing	1
8	229	in	1
8	230	the	1
8	231	next	1
8	232	issue	1
8	233	of	1
8	234	the	1
8	235	campaign	1
8	236	group's	2
8	237	magazine	1
8	238	in	1
8	239	a	1
8	240	dialogue	1
8	241	with	1
8	242	Cathy	1
8	243	Casserly,	4
8	244	chief	1
8	245	executive	1
8	246	of	1
8	247	Creative	1
8	248	Commons,	2
8	249	which	1
8	250	offers	1
8	251	open	1
8	252	content	1
8	253	licenses	1
8	254	“that	3
8	255	lets	1
8	256	creators	1
8	257	take	1
8	258	copyright	1
8	259	into	1
8	260	their	1
8	261	own	1
8	262	hands”.	4
8	263	Casserly	3
8	264	argues	1
8	265	that	1
8	266	there	1
8	267	is	1
8	268	much	1
8	269	wrong	1
8	270	with	1
8	271	copyright,	2
8	272	which	1
8	273	was	1
8	274	created	1
8	275	“in	3
8	276	an	1
8	277	analog	1
8	278	age”.	4
8	279	Casserly	3
8	280	writes:	2
8	281	“By	3
8	282	default,	2
8	283	copyright	1
8	284	closes	1
8	285	the	1
8	286	door	1
8	287	on	1
8	288	countless	1
8	289	ways	1
8	290	that	1
8	291	people	1
8	292	can	1
8	293	share,	2
8	294	build	1
8	295	upon	1
8	296	and	1
8	297	remix	1
8	298	each	1
8	299	other's	2
8	300	work,	2
8	301	possibilities	1
8	302	that	1
8	303	were	1
8	304	unimaginable	1
8	305	when	1
8	306	those	1
8	307	laws	1
8	308	were	1
8	309	established.”	4
8	310	She	1
8	311	says	1
8	312	artists	1
8	313	need	1
8	314	to	1
8	315	think	1
8	316	creatively	1
8	317	about	1
8	318	how	1
8	319	they	1
8	320	distribute	1
8	321	and	1
8	322	monetize	2
8	323	their	1
8	324	work,	2
8	325	quoting	1
8	326	the	1
8	327	science	1
8	328	fiction	1
8	329	writer	1
8	330	Cory	1
8	331	Doctorow,	3
8	332	who	1
8	333	said:	2
8	334	“My	3
8	335	problem	1
8	336	is	1
8	337	not	1
8	338	piracy,	2
8	339	it's	2
8	340	obscurity.”	4
8	341	Index	1
8	342	on	1
8	343	Censorship	3
8	344	agrees.	2
8	345	The	1
8	346	magazine's	2
8	347	editor,	2
8	348	Rachael	3
8	349	Jolley,	3
8	350	said:	2
8	351	“Existing	4
8	352	copyright	1
8	353	laws	1
8	354	don't	2
8	355	work	1
8	356	in	1
8	357	the	1
8	358	digital	1
8	359	age	1
8	360	and	1
8	361	risk	1
8	362	criminalizing	2
8	363	consumers.	2
8	364	We	1
8	365	need	1
8	366	new	1
8	367	models	1
8	368	for	1
8	369	how	1
8	370	artists,	2
8	371	writers	1
8	372	and	1
8	373	musicians	1
8	374	earn	1
8	375	a	1
8	376	living	1
8	377	from	1
8	378	their	1
8	379	work.”	4
8	380	The	1
8	381	scale	1
8	382	of	1
8	383	illegal	1
8	384	downloading	1
8	385	vast.	2
8	386	Data	1
8	387	collected	1
8	388	by	1
8	389	Ofcom	2
8	390	(the	2
8	391	competition	1
8	392	authority	1
8	393	for	1
8	394	the	1
8	395	UK	1
8	396	communications	1
8	397	industries)	2
8	398	suggests	1
8	399	that,	2
8	400	between	1
8	401	November	1
8	402	2012	1
8	403	and	1
8	404	January	1
8	405	2013	1
8	406	in	1
8	407	the	1
8	408	UK,	2
8	409	280	1
8	410	million	1
8	411	music	1
8	412	tracks	1
8	413	were	1
8	414	digitally	1
8	415	pirated,	3
8	416	along	1
8	417	with	1
8	418	52	1
8	419	million	1
8	420	TV	1
8	421	shows,	2
8	422	29	1
8	423	million	1
8	424	films,	2
8	425	18	1
8	426	million	1
8	427	ebooks	2
8	428	and	1
8	429	7	1
8	430	million	1
8	431	software	1
8	432	or	1
8	433	games	1
8	434	files.	2
8	435	Ofcom	2
8	436	has	1
8	437	said	1
8	438	18%	2
8	439	of	1
8	440	Internet	1
8	441	users	1
8	442	aged	1
8	443	over	1
8	444	12	1
8	445	admit	1
8	446	to	1
8	447	having	1
8	448	recently	1
8	449	pirated	2
8	450	content,	2
8	451	and	1
8	452	9%	2
8	453	say	1
8	454	they	1
8	455	fear	1
8	456	getting	1
8	457	caught.	2
8	458	Pullman	2
8	459	writes	1
8	460	in	1
8	461	his	1
8	462	article:	2
8	463	“The	3
8	464	ease	1
8	465	and	1
8	466	swiftness	2
8	467	with	1
8	468	which	1
8	469	music	1
8	470	can	1
8	471	be	1
8	472	acquired	1
8	473	in	1
8	474	the	1
8	475	form	1
8	476	of	1
8	477	MP3	2
8	478	downloads	1
8	479	is	1
8	480	still	1
8	481	astonishing	1
8	482	to	1
8	483	those	1
8	484	of	1
8	485	us	1
8	486	who	1
8	487	have	1
8	488	been	1
8	489	building	1
8	490	up	1
8	491	our	1
8	492	iTunes	1
8	493	list	1
8	494	for	1
8	495	some	1
8	496	time.”	4
8	497	One	1
8	498	thing	1
8	499	to	1
8	500	emerge	1
8	501	from	1
8	502	the	1
8	503	Downing	1
8	504	Street	1
8	505	meeting	1
8	506	was	1
8	507	Cameron's	2
8	508	appointment	1
8	509	of	1
8	510	the	1
8	511	Conservative	1
8	512	Member	1
8	513	of	1
8	514	Parliament	1
8	515	Mike	1
8	516	Weatherley	2
8	517	to	1
8	518	be	1
8	519	his	1
8	520	adviser	1
8	521	on	1
8	522	the	1
8	523	subject.	2
8	524	A	1
8	525	spokesman	1
8	526	for	1
8	527	the	1
8	528	BPI,	3
8	529	the	1
8	530	record	1
8	531	industry	1
8	532	trade	1
8	533	body,	2
8	534	said:	2
8	535	“Mike	3
8	536	Weatherley	2
8	537	is	1
8	538	a	1
8	539	strong	1
8	540	champion	1
8	541	of	1
8	542	copyright	1
8	543	and	1
8	544	the	1
8	545	artists	1
8	546	and	1
8	547	creative	1
8	548	producers	1
8	549	it's	2
8	550	there	1
8	551	to	1
8	552	protect.	2
8	553	We	1
8	554	hope	1
8	555	Weatherley's	3
8	556	influence	1
8	557	and	1
8	558	the	1
8	559	prime	1
8	560	minister's	2
8	561	endorsement	1
8	562	of	1
8	563	copyright	1
8	564	will	1
8	565	be	1
8	566	brought	1
8	567	to	1
8	568	bear	1
8	569	on	1
8	570	the	1
8	571	approach	1
8	572	of	1
8	573	the	1
8	574	UK's	2
8	575	intellectual	1
8	576	property	1
8	577	office.”	4
9	0	Illegal	2
9	1	downloading	1
9	2	is	1
9	3	morally	1
9	4	wrong,	2
9	5	and	1
9	6	it	1
9	7	is	1
9	8	theft,	2
9	9	the	1
9	10	same	1
9	11	as	1
9	12	how	1
9	13	putting	1
9	14	your	1
9	15	hand	1
9	16	in	1
9	17	someone's	2
9	18	pocket	1
9	19	and	1
9	20	stealing	1
9	21	their	1
9	22	wallet	1
9	23	is	1
9	24	theft,	2
9	25	says	1
9	26	author	1
9	27	Philip	1
9	28	Pullman.	3
9	29	In	1
9	30	an	1
9	31	article	1
9	32	for	1
9	33	the	1
9	34	magazine	1
9	35	Index	1
9	36	on	1
9	37	Censorship,	4
9	38	Pullman,	3
9	39	who	1
9	40	is	1
9	41	president	1
9	42	of	1
9	43	the	1
9	44	Society	1
9	45	of	1
9	46	Authors,	2
9	47	strongly	1
9	48	defends	1
9	49	copyright	1
9	50	laws.	2
9	51	He	1
9	52	criticizes	2
9	53	Internet	1
9	54	users	1
9	55	who	1
9	56	think	1
9	57	it	1
9	58	is	1
9	59	OK	1
9	60	to	1
9	61	download	1
9	62	music	1
9	63	or	1
9	64	books	1
9	65	without	1
9	66	paying	1
9	67	for	1
9	68	them.	2
9	69	“The	3
9	70	technology	1
9	71	is	1
9	72	so	1
9	73	dazzling	1
9	74	that	1
9	75	people	1
9	76	can't	2
9	77	see	1
9	78	that	1
9	79	what	1
9	80	they're	2
9	81	doing	1
9	82	is	1
9	83	morally	1
9	84	wrong,”	4
9	85	he	1
9	86	writes.	2
9	87	“It	3
9	88	is	1
9	89	outrageous	1
9	90	that	1
9	91	anyone	1
9	92	can	1
9	93	steal	1
9	94	an	1
9	95	artist's	2
9	96	work	1
9	97	without	1
9	98	punishment.	2
9	99	It	1
9	100	is	1
9	101	theft,	2
9	102	just	1
9	103	as	1
9	104	putting	1
9	105	your	1
9	106	hand	1
9	107	in	1
9	108	someone's	2
9	109	pocket	1
9	110	and	1
9	111	taking	1
9	112	their	1
9	113	wallet	1
9	114	is	1
9	115	theft.”	4
9	116	His	1
9	117	article	1
9	118	comes	1
9	119	after	1
9	120	music	1
9	121	industry	1
9	122	leaders	1
9	123	met	1
9	124	British	1
9	125	Prime	1
9	126	Minister	1
9	127	David	1
9	128	Cameron	1
9	129	in	1
9	130	Downing	1
9	131	Street	1
9	132	to	1
9	133	discuss	1
9	134	the	1
9	135	issue	1
9	136	of	1
9	137	web	1
9	138	piracy.	2
9	139	Pullman,	3
9	140	writer	1
9	141	of	1
9	142	the	1
9	143	His	1
9	144	Dark	1
9	145	Materials	1
9	146	trilogy,	2
9	147	says	1
9	148	authors	1
9	149	and	1
9	150	musicians	1
9	151	work	1
9	152	in	1
9	153	poverty	1
9	154	for	1
9	155	years	1
9	156	to	1
9	157	bring	1
9	158	their	1
9	159	work	1
9	160	to	1
9	161	the	1
9	162	level	1
9	163	“that	3
9	164	gives	1
9	165	happiness	1
9	166	to	1
9	167	their	1
9	168	audiences	1
9	169	and,	2
9	170	when	1
9	171	they	1
9	172	achieve	1
9	173	that,	2
9	174	the	1
9	175	possibility	1
9	176	of	1
9	177	making	1
9	178	money	1
9	179	from	1
9	180	it	1
9	181	is	1
9	182	taken	1
9	183	away	1
9	184	from	1
9	185	them”.	4
9	186	He	1
9	187	concludes:	2
9	188	“If	3
9	189	we	1
9	190	want	1
9	191	to	1
9	192	enjoy	1
9	193	the	1
9	194	work	1
9	195	that	1
9	196	someone	1
9	197	does,	2
9	198	we	1
9	199	should	1
9	200	pay	1
9	201	for	1
9	202	it.”	4
9	203	Pullman	2
9	204	is	1
9	205	writing	1
9	206	in	1
9	207	the	1
9	208	next	1
9	209	issue	1
9	210	of	1
9	211	the	1
9	212	campaign	1
9	213	group's	2
9	214	magazine	1
9	215	in	1
9	216	a	1
9	217	dialogue	1
9	218	with	1
9	219	Cathy	1
9	220	Casserly,	4
9	221	chief	1
9	222	executive	1
9	223	of	1
9	224	Creative	1
9	225	Commons.	2
9	226	Casserly	3
9	227	argues	1
9	228	that	1
9	229	there	1
9	230	is	1
9	231	a	1
9	232	lot	1
9	233	wrong	1
9	234	with	1
9	235	copyright,	2
9	236	which	1
9	237	was	1
9	238	created	1
9	239	a	1
9	240	long	1
9	241	time	1
9	242	ago.	2
9	243	Casserly	3
9	244	writes:	2
9	245	“Copyright	3
9	246	closes	1
9	247	the	1
9	248	door	1
9	249	on	1
9	250	the	1
9	251	many	1
9	252	ways	1
9	253	that	1
9	254	people	1
9	255	can	1
9	256	share,	2
9	257	build	1
9	258	upon	1
9	259	and	1
9	260	remix	1
9	261	each	1
9	262	other's	2
9	263	work,	2
9	264	possibilities	1
9	265	that	1
9	266	we	1
9	267	could	1
9	268	not	1
9	269	imagine	1
9	270	when	1
9	271	those	1
9	272	laws	1
9	273	were	1
9	274	made.”	4
9	275	She	1
9	276	says	1
9	277	artists	1
9	278	need	1
9	279	to	1
9	280	think	1
9	281	creatively	1
9	282	about	1
9	283	how	1
9	284	they	1
9	285	earn	1
9	286	money	1
9	287	from	1
9	288	their	1
9	289	work.	2
9	290	Index	1
9	291	on	1
9	292	Censorship	3
9	293	agrees.	2
9	294	The	1
9	295	magazine's	2
9	296	editor,	2
9	297	Rachael	3
9	298	Jolley,	3
9	299	said:	2
9	300	“Illegal	4
9	301	downloading	1
9	302	is	1
9	303	a	1
9	304	very	1
9	305	big	1
9	306	problem.”	4
9	307	Between	1
9	308	November	1
9	309	2012	1
9	310	and	1
9	311	January	1
9	312	2013	1
9	313	in	1
9	314	the	1
9	315	UK,	2
9	316	280	1
9	317	million	1
9	318	music	1
9	319	tracks	1
9	320	were	1
9	321	digitally	1
9	322	pirated	2
9	323	along	1
9	324	with	1
9	325	52	1
9	326	million	1
9	327	TV	1
9	328	shows,	2
9	329	29	1
9	330	million	1
9	331	films,	2
9	332	18	1
9	333	million	1
9	334	ebooks	2
9	335	and	1
9	336	7	1
9	337	million	1
9	338	software	1
9	339	or	1
9	340	games	1
9	341	files.	2
9	342	18%	2
9	343	of	1
9	344	Internet	1
9	345	users	1
9	346	aged	1
9	347	over	1
9	348	12	1
9	349	say	1
9	350	they	1
9	351	have	1
9	352	pirated	2
9	353	items,	2
9	354	and	1
9	355	9%	2
9	356	say	1
9	357	they	1
9	358	are	1
9	359	afraid	1
9	360	they	1
9	361	will	1
9	362	get	1
9	363	caught.	2
9	364	Pullman	2
9	365	writes	1
9	366	in	1
9	367	his	1
9	368	article:	2
9	369	“The	3
9	370	ease	1
9	371	and	1
9	372	speed	1
9	373	with	1
9	374	which	1
9	375	people	1
9	376	can	1
9	377	get	1
9	378	music	1
9	379	in	1
9	380	MP3	2
9	381	is	1
9	382	still	1
9	383	very	1
9	384	surprising	1
9	385	to	1
9	386	people	1
9	387	like	1
9	388	me	1
9	389	who	1
9	390	have	1
9	391	been	1
9	392	building	1
9	393	up	1
9	394	their	1
9	395	iTunes	1
9	396	list	1
9	397	for	1
9	398	some	1
9	399	time.”	4
9	400	After	1
9	401	the	1
9	402	Downing	1
9	403	Street	1
9	404	meeting,	2
9	405	Cameron	1
9	406	asked	1
9	407	the	1
9	408	Conservative	1
9	409	member	1
9	410	of	1
9	411	parliament	1
9	412	Mike	1
9	413	Weatherley	2
9	414	to	1
9	415	be	1
9	416	his	1
9	417	adviser	1
9	418	on	1
9	419	the	1
9	420	subject.	2
9	421	The	1
9	422	BPI,	3
9	423	an	1
9	424	organization	1
9	425	that	1
9	426	supports	1
9	427	music	1
9	428	companies,	2
9	429	said:	2
9	430	“Mike	3
9	431	Weatherley	2
9	432	is	1
9	433	a	1
9	434	strong	1
9	435	supporter	1
9	436	of	1
9	437	copyright	1
9	438	and	1
9	439	the	1
9	440	artists	1
9	441	and	1
9	442	creative	1
9	443	producers	1
9	444	it's	2
9	445	there	1
9	446	to	1
9	447	protect.	2
9	448	We	1
9	449	hope	1
9	450	Weatherley's	3
9	451	influence	1
9	452	and	1
9	453	the	1
9	454	prime	1
9	455	minister's	2
9	456	support	1
9	457	for	1
9	458	copyright	1
9	459	will	1
9	460	change	1
9	461	what	1
9	462	the	1
9	463	government	1
9	464	does	1
9	465	about	1
9	466	illegal	1
9	467	downloading	1
9	468	in	1
9	469	the	1
9	470	UK.”	4
10	0	DNA	1
10	1	taken	1
10	2	from	1
10	3	the	1
10	4	wisdom	1
10	5	tooth	1
10	6	of	1
10	7	a	1
10	8	European	1
10	9	hunter-gatherer	4
10	10	has	1
10	11	given	1
10	12	scientists	1
10	13	an	1
10	14	unprecedented	1
10	15	glimpse	1
10	16	of	1
10	17	modern	1
10	18	humans	1
10	19	before	1
10	20	the	1
10	21	rise	1
10	22	of	1
10	23	farming.	2
10	24	The	1
10	25	Mesolithic	2
10	26	man,	2
10	27	who	1
10	28	lived	1
10	29	in	1
10	30	Spain	1
10	31	around	1
10	32	7,000	3
10	33	years	1
10	34	ago,	2
10	35	had	1
10	36	an	1
10	37	unusual	1
10	38	mix	1
10	39	of	1
10	40	blue	1
10	41	eyes,	2
10	42	black	1
10	43	or	1
10	44	brown	1
10	45	hair	1
10	46	and	1
10	47	dark	1
10	48	skin,	2
10	49	according	1
10	50	to	1
10	51	analyses	1
10	52	of	1
10	53	his	1
10	54	genetic	1
10	55	make-up.	4
10	56	He	1
10	57	was	1
10	58	probably	1
10	59	lactose	2
10	60	intolerant	2
10	61	and	1
10	62	had	1
10	63	more	1
10	64	difﬁculty	7
10	65	digesting	2
10	66	starchy	2
10	67	foods	1
10	68	than	1
10	69	the	1
10	70	farmers	1
10	71	who	1
10	72	transformed	1
10	73	diets	1
10	74	and	1
10	75	lifestyles	1
10	76	when	1
10	77	they	1
10	78	took	1
10	79	up	1
10	80	tools	1
10	81	in	1
10	82	the	1
10	83	ﬁrst	5
10	84	agricultural	1
10	85	revolution.	2
10	86	The	1
10	87	invention	1
10	88	of	1
10	89	farming	1
10	90	brought	1
10	91	humans	1
10	92	and	1
10	93	animals	1
10	94	into	1
10	95	much	1
10	96	closer	1
10	97	contact	1
10	98	and	1
10	99	humans	1
10	100	likely	1
10	101	evolved	1
10	102	more	1
10	103	robust	1
10	104	immune	1
10	105	systems	1
10	106	to	1
10	107	fend	1
10	108	off	1
10	109	infections	1
10	110	that	1
10	111	the	1
10	112	animals	1
10	113	passed	1
10	114	on.	2
10	115	But	1
10	116	scientists	1
10	117	may	1
10	118	have	1
10	119	overestimated	2
10	120	the	1
10	121	impact	1
10	122	farming	1
10	123	had	1
10	124	in	1
10	125	shaping	1
10	126	the	1
10	127	human	1
10	128	immune	1
10	129	system,	2
10	130	because	1
10	131	tests	1
10	132	on	1
10	133	the	1
10	134	hunter-gatherer's	5
10	135	DNA	1
10	136	found	1
10	137	that	1
10	138	he	1
10	139	already	1
10	140	carried	1
10	141	mutations	1
10	142	that	1
10	143	boost	1
10	144	the	1
10	145	immune	1
10	146	system	1
10	147	to	1
10	148	tackle	1
10	149	various	1
10	150	nasty	1
10	151	bugs.	2
10	152	Some	1
10	153	live	1
10	154	on	1
10	155	in	1
10	156	modern	1
10	157	Europeans	1
10	158	today.	2
10	159	“Before	3
10	160	we	1
10	161	started	1
10	162	this	1
10	163	work,	2
10	164	I	1
10	165	had	1
10	166	some	1
10	167	ideas	1
10	168	of	1
10	169	what	1
10	170	we	1
10	171	were	1
10	172	going	1
10	173	to	1
10	174	ﬁnd,”	7
10	175	said	1
10	176	Carles	2
10	177	Lalueza-Fox,	6
10	178	who	1
10	179	led	1
10	180	the	1
10	181	study	1
10	182	at	1
10	183	the	1
10	184	Institute	1
10	185	of	1
10	186	Evolutionary	2
10	187	Biology	1
10	188	in	1
10	189	Barcelona.	2
10	190	“Most	3
10	191	of	1
10	192	those	1
10	193	ideas	1
10	194	turned	1
10	195	out	1
10	196	to	1
10	197	be	1
10	198	completely	1
10	199	wrong.”	4
10	200	The	1
10	201	Spanish	1
10	202	team	1
10	203	started	1
10	204	their	1
10	205	work	1
10	206	after	1
10	207	a	1
10	208	group	1
10	209	of	1
10	210	cavers	2
10	211	stumbled	1
10	212	upon	1
10	213	two	1
10	214	skeletons	1
10	215	in	1
10	216	a	1
10	217	deep	1
10	218	and	1
10	219	complex	1
10	220	cave	1
10	221	system	1
10	222	high	1
10	223	up	1
10	224	in	1
10	225	the	1
10	226	Cantabrian	3
10	227	Mountains	1
10	228	of	1
10	229	northwest	1
10	230	Spain	1
10	231	in	1
10	232	2006.	2
10	233	The	1
10	234	human	1
10	235	remains,	2
10	236	which	1
10	237	belonged	1
10	238	to	1
10	239	two	1
10	240	men	1
10	241	in	1
10	242	their	1
10	243	early	1
10	244	30s,	3
10	245	had	1
10	246	been	1
10	247	extremely	1
10	248	well	1
10	249	preserved	1
10	250	by	1
10	251	the	1
10	252	cool	1
10	253	environment	1
10	254	of	1
10	255	the	1
10	256	cave.	2
10	257	Carbon	1
10	258	dating	1
10	259	put	1
10	260	the	1
10	261	remains	1
10	262	at	1
10	263	around	1
10	264	7,000	3
10	265	years	1
10	266	old,	2
10	267	before	1
10	268	farming	1
10	269	had	1
10	270	swept	1
10	271	into	1
10	272	Europe	1
10	273	from	1
10	274	the	1
10	275	Middle	1
10	276	East.	2
10	277	The	1
10	278	timing	1
10	279	ﬁtted	4
10	280	with	1
10	281	ancient	1
10	282	artifacts	1
10	283	found	1
10	284	at	1
10	285	the	1
10	286	site,	2
10	287	including	1
10	288	perforated	3
10	289	reindeer	3
10	290	teeth	1
10	291	that	1
10	292	were	1
10	293	strung	2
10	294	and	1
10	295	hung	1
10	296	from	1
10	297	the	1
10	298	people's	2
10	299	clothing.	2
10	300	On	1
10	301	top	1
10	302	of	1
10	303	the	1
10	304	scientiﬁc	6
10	305	impact,	2
10	306	artists	1
10	307	might	1
10	308	have	1
10	309	to	1
10	310	rethink	1
10	311	their	1
10	312	drawings	1
10	313	of	1
10	314	the	1
10	315	people.	2
10	316	“You	3
10	317	see	1
10	318	a	1
10	319	lot	1
10	320	of	1
10	321	reconstructions	2
10	322	of	1
10	323	these	1
10	324	people	1
10	325	hunting	1
10	326	and	1
10	327	gathering	1
10	328	and	1
10	329	they	1
10	330	look	1
10	331	like	1
10	332	modern	1
10	333	Europeans	1
10	334	with	1
10	335	light	1
10	336	skin.	2
10	337	You	1
10	338	never	1
10	339	see	1
10	340	a	1
10	341	reconstruction	1
10	342	of	1
10	343	a	1
10	344	Mesolithic	2
10	345	hunter-	2
10	346	gatherer	3
10	347	with	1
10	348	dark	1
10	349	skin	1
10	350	and	1
10	351	blue	1
10	352	eye	1
10	353	color,”	4
10	354	Lalueza-Fox	5
10	355	said.	2
10	356	The	1
10	357	Spanish	1
10	358	team	1
10	359	went	1
10	360	on	1
10	361	to	1
10	362	compare	1
10	363	the	1
10	364	genome	1
10	365	of	1
10	366	the	1
10	367	hunter-gatherer	4
10	368	to	1
10	369	those	1
10	370	of	1
10	371	modern	1
10	372	Europeans	1
10	373	from	1
10	374	different	1
10	375	regions	1
10	376	to	1
10	377	see	1
10	378	how	1
10	379	they	1
10	380	might	1
10	381	be	1
10	382	related.	2
10	383	They	1
10	384	found	1
10	385	that	1
10	386	the	1
10	387	ancient	1
10	388	DNA	1
10	389	most	1
10	390	closely	1
10	391	matched	1
10	392	the	1
10	393	genetic	1
10	394	makeup	1
10	395	of	1
10	396	people	1
10	397	living	1
10	398	in	1
10	399	northern	1
10	400	Europe,	2
10	401	in	1
10	402	particular	1
10	403	Sweden	1
10	404	and	1
10	405	Finland.	2
11	0	Scientists	1
11	1	have	1
11	2	taken	1
11	3	DNA	1
11	4	from	1
11	5	the	1
11	6	tooth	1
11	7	of	1
11	8	a	1
11	9	European	1
11	10	hunter-gatherer	4
11	11	and	1
11	12	have	1
11	13	found	1
11	14	out	1
11	15	what	1
11	16	modern	1
11	17	humans	1
11	18	looked	1
11	19	like	1
11	20	before	1
11	21	they	1
11	22	started	1
11	23	farming.	2
11	24	The	1
11	25	Mesolithic	2
11	26	man,	2
11	27	who	1
11	28	lived	1
11	29	in	1
11	30	Spain	1
11	31	about	1
11	32	7,000	3
11	33	years	1
11	34	ago,	2
11	35	had	1
11	36	an	1
11	37	unusual	1
11	38	mix	1
11	39	of	1
11	40	blue	1
11	41	eyes,	2
11	42	black	1
11	43	or	1
11	44	brown	1
11	45	hair	1
11	46	and	1
11	47	dark	1
11	48	skin.	2
11	49	He	1
11	50	was	1
11	51	probably	1
11	52	lactose	2
11	53	intolerant	2
11	54	and	1
11	55	could	1
11	56	not	1
11	57	digest	1
11	58	starchy	2
11	59	foods	1
11	60	easily.	2
11	61	The	1
11	62	invention	1
11	63	of	1
11	64	farming	1
11	65	brought	1
11	66	humans	1
11	67	and	1
11	68	animals	1
11	69	much	1
11	70	closer	1
11	71	and	1
11	72	humans	1
11	73	probably	1
11	74	developed	1
11	75	stronger	1
11	76	immune	1
11	77	systems	1
11	78	to	1
11	79	ﬁght	5
11	80	infections	1
11	81	from	1
11	82	the	1
11	83	animals.	2
11	84	But	1
11	85	the	1
11	86	change	1
11	87	to	1
11	88	humans'	2
11	89	immune	1
11	90	systems	1
11	91	may	1
11	92	not	1
11	93	be	1
11	94	as	1
11	95	big	1
11	96	as	1
11	97	scientists	1
11	98	thought	1
11	99	–	1
11	100	tests	1
11	101	on	1
11	102	the	1
11	103	hunter-gatherer's	5
11	104	DNA	1
11	105	found	1
11	106	that	1
11	107	he	1
11	108	already	1
11	109	had	1
11	110	genes	1
11	111	that	1
11	112	made	1
11	113	his	1
11	114	immune	1
11	115	system	1
11	116	strong.	2
11	117	Some	1
11	118	of	1
11	119	these	1
11	120	genes	1
11	121	still	1
11	122	exist	1
11	123	in	1
11	124	modern	1
11	125	Europeans	1
11	126	today.	2
11	127	“Before	3
11	128	we	1
11	129	started	1
11	130	this	1
11	131	work,	2
11	132	I	1
11	133	had	1
11	134	some	1
11	135	ideas	1
11	136	of	1
11	137	what	1
11	138	we	1
11	139	were	1
11	140	going	1
11	141	to	1
11	142	ﬁnd,”	7
11	143	said	1
11	144	Carles	2
11	145	Lalueza-Fox,	6
11	146	who	1
11	147	led	1
11	148	the	1
11	149	study	1
11	150	at	1
11	151	the	1
11	152	Institute	1
11	153	of	1
11	154	Evolutionary	2
11	155	Biology	1
11	156	in	1
11	157	Barcelona.	2
11	158	“Most	3
11	159	of	1
11	160	those	1
11	161	ideas	1
11	162	turned	1
11	163	out	1
11	164	to	1
11	165	be	1
11	166	completely	1
11	167	wrong.”	4
11	168	The	1
11	169	Spanish	1
11	170	team	1
11	171	started	1
11	172	their	1
11	173	work	1
11	174	after	1
11	175	a	1
11	176	group	1
11	177	of	1
11	178	cave	1
11	179	explorers	1
11	180	found	1
11	181	two	1
11	182	skeletons	1
11	183	in	1
11	184	a	1
11	185	deep	1
11	186	cave	1
11	187	high	1
11	188	up	1
11	189	in	1
11	190	the	1
11	191	Cantabrian	3
11	192	Mountains	1
11	193	of	1
11	194	northwest	1
11	195	Spain	1
11	196	in	1
11	197	2006.	2
11	198	The	1
11	199	skeletons,	2
11	200	which	1
11	201	belonged	1
11	202	to	1
11	203	two	1
11	204	men	1
11	205	in	1
11	206	their	1
11	207	early	1
11	208	30s,	3
11	209	had	1
11	210	been	1
11	211	very	1
11	212	well	1
11	213	preserved	1
11	214	in	1
11	215	the	1
11	216	cool	1
11	217	cave.	2
11	218	Carbon	1
11	219	dating	1
11	220	showed	1
11	221	the	1
11	222	skeletons	1
11	223	are	1
11	224	around	1
11	225	7,000	3
11	226	years	1
11	227	old,	2
11	228	from	1
11	229	the	1
11	230	time	1
11	231	before	1
11	232	farming	1
11	233	arrived	1
11	234	in	1
11	235	Europe	1
11	236	from	1
11	237	the	1
11	238	Middle	1
11	239	East.	2
11	240	Other	1
11	241	things	1
11	242	were	1
11	243	found	1
11	244	in	1
11	245	the	1
11	246	cave,	2
11	247	including	1
11	248	reindeer	3
11	249	teeth	1
11	250	that	1
11	251	were	1
11	252	hung	1
11	253	from	1
11	254	the	1
11	255	people's	2
11	256	clothing.	2
11	257	This	1
11	258	discovery	1
11	259	is	1
11	260	important	1
11	261	for	1
11	262	science.	2
11	263	It	1
11	264	is	1
11	265	also	1
11	266	important	1
11	267	to	1
11	268	artists	1
11	269	who	1
11	270	will	1
11	271	have	1
11	272	to	1
11	273	draw	1
11	274	Mesolithic	2
11	275	people	1
11	276	in	1
11	277	a	1
11	278	new	1
11	279	way.	2
11	280	“You	3
11	281	see	1
11	282	a	1
11	283	lot	1
11	284	of	1
11	285	pictures	1
11	286	of	1
11	287	these	1
11	288	people	1
11	289	hunting	1
11	290	and	1
11	291	gathering	1
11	292	and	1
11	293	they	1
11	294	look	1
11	295	like	1
11	296	modern	1
11	297	Europeans	1
11	298	with	1
11	299	light	1
11	300	skin.	2
11	301	You	1
11	302	never	1
11	303	see	1
11	304	a	1
11	305	picture	1
11	306	of	1
11	307	a	1
11	308	Mesolithic	2
11	309	hunter-gatherer	4
11	310	with	1
11	311	dark	1
11	312	skin	1
11	313	and	1
11	314	blue	1
11	315	eyes,”	4
11	316	Lalueza-Fox	5
11	317	said.	2
11	318	The	1
11	319	Spanish	1
11	320	team	1
11	321	compared	1
11	322	the	1
11	323	hunter-gatherer	4
11	324	to	1
11	325	modern	1
11	326	Europeans	1
11	327	from	1
11	328	different	1
11	329	regions	1
11	330	to	1
11	331	see	1
11	332	how	1
11	333	they	1
11	334	might	1
11	335	be	1
11	336	related.	2
11	337	They	1
11	338	found	1
11	339	that	1
11	340	the	1
11	341	ancient	1
11	342	DNA	1
11	343	was	1
11	344	most	1
11	345	closely	1
11	346	related	1
11	347	to	1
11	348	the	1
11	349	DNA	1
11	350	of	1
11	351	people	1
11	352	living	1
11	353	in	1
11	354	northern	1
11	355	Europe,	2
11	356	in	1
11	357	particular	1
11	358	Sweden	1
11	359	and	1
11	360	Finland.	2
12	0	An	1
12	1	octopus	2
12	2	has	1
12	3	made	1
12	4	a	1
12	5	brazen	1
12	6	escape	1
12	7	from	1
12	8	the	1
12	9	National	1
12	10	Aquarium	2
12	11	in	1
12	12	New	1
12	13	Zealand	1
12	14	by	1
12	15	breaking	1
12	16	out	1
12	17	of	1
12	18	its	1
12	19	tank,	2
12	20	slithering	2
12	21	down	1
12	22	a	1
12	23	50-meter	3
12	24	drainpipe	2
12	25	and	1
12	26	disappearing	1
12	27	into	1
12	28	the	1
12	29	sea.	2
12	30	In	1
12	31	scenes	1
12	32	reminiscent	1
12	33	of	1
12	34	Finding	1
12	35	Nemo,	3
12	36	Inky	2
12	37	–	1
12	38	a	1
12	39	common	1
12	40	New	1
12	41	Zealand	1
12	42	octopus	2
12	43	–	1
12	44	made	1
12	45	his	1
12	46	dash	1
12	47	for	1
12	48	freedom	1
12	49	after	1
12	50	the	1
12	51	lid	1
12	52	of	1
12	53	his	1
12	54	tank	1
12	55	was	1
12	56	accidentally	1
12	57	left	1
12	58	slightly	1
12	59	ajar.	3
12	60	Staff	1
12	61	believe	1
12	62	that	1
12	63	in	1
12	64	the	1
12	65	middle	1
12	66	of	1
12	67	the	1
12	68	night,	2
12	69	while	1
12	70	the	1
12	71	aquarium	1
12	72	was	1
12	73	deserted,	2
12	74	Inky	2
12	75	clambered	3
12	76	to	1
12	77	the	1
12	78	top	1
12	79	of	1
12	80	his	1
12	81	glass	1
12	82	enclosure,	2
12	83	down	1
12	84	the	1
12	85	side	1
12	86	of	1
12	87	the	1
12	88	tank	1
12	89	and	1
12	90	traveled	1
12	91	across	1
12	92	the	1
12	93	floor	1
12	94	of	1
12	95	the	1
12	96	aquarium.	2
12	97	Rob	1
12	98	Yarrell,	3
12	99	national	1
12	100	manager	1
12	101	of	1
12	102	the	1
12	103	National	1
12	104	Aquarium	2
12	105	of	1
12	106	New	1
12	107	Zealand	1
12	108	in	1
12	109	Napier,	3
12	110	said:	2
12	111	“Octopuses	5
12	112	are	1
12	113	famous	1
12	114	escape	1
12	115	artists.	2
12	116	I	1
12	117	don't	2
12	118	think	1
12	119	he	1
12	120	was	1
12	121	unhappy	1
12	122	with	1
12	123	us,	2
12	124	or	1
12	125	lonely,	2
12	126	as	1
12	127	octopuses	3
12	128	are	1
12	129	solitary	1
12	130	creatures.	2
12	131	But,	2
12	132	he	1
12	133	is	1
12	134	such	1
12	135	a	1
12	136	curious	1
12	137	boy.	2
12	138	He	1
12	139	would	1
12	140	want	1
12	141	to	1
12	142	know	1
12	143	what's	2
12	144	happening	1
12	145	on	1
12	146	the	1
12	147	outside.	2
12	148	That's	2
12	149	just	1
12	150	his	1
12	151	personality.”	4
12	152	One	1
12	153	theory	1
12	154	is	1
12	155	that	1
12	156	Inky	2
12	157	slid	1
12	158	across	1
12	159	the	1
12	160	aquarium	1
12	161	floor	1
12	162	–	1
12	163	a	1
12	164	journey	1
12	165	of	1
12	166	three	1
12	167	or	1
12	168	four	1
12	169	meters	1
12	170	–	1
12	171	and	1
12	172	then,	2
12	173	sensing	1
12	174	freedom	1
12	175	was	1
12	176	at	1
12	177	hand,	2
12	178	into	1
12	179	a	1
12	180	drainpipe	2
12	181	that	1
12	182	led	1
12	183	directly	1
12	184	to	1
12	185	the	1
12	186	sea.	2
12	187	The	1
12	188	drainpipe	2
12	189	was	1
12	190	50	1
12	191	meters	1
12	192	long	1
12	193	and	1
12	194	opened	1
12	195	onto	1
12	196	the	1
12	197	waters	1
12	198	of	1
12	199	Hawke's	3
12	200	Bay,	2
12	201	on	1
12	202	the	1
12	203	east	1
12	204	coast	1
12	205	of	1
12	206	New	1
12	207	Zealand's	2
12	208	North	1
12	209	Island.	2
12	210	Another	1
12	211	possible	1
12	212	escape	1
12	213	route	1
12	214	could	1
12	215	have	1
12	216	involved	1
12	217	Inky	2
12	218	squeezing	1
12	219	into	1
12	220	an	1
12	221	open	1
12	222	pipe	1
12	223	at	1
12	224	the	1
12	225	top	1
12	226	of	1
12	227	his	1
12	228	tank,	2
12	229	which	1
12	230	led	1
12	231	under	1
12	232	the	1
12	233	floor	1
12	234	to	1
12	235	the	1
12	236	drain.	2
12	237	“When	3
12	238	we	1
12	239	came	1
12	240	in	1
12	241	the	1
12	242	next	1
12	243	morning	1
12	244	and	1
12	245	his	1
12	246	tank	1
12	247	was	1
12	248	empty,	2
12	249	I	1
12	250	was	1
12	251	really	1
12	252	surprised,”	4
12	253	said	1
12	254	Yarrell,	3
12	255	who	1
12	256	has	1
12	257	not	1
12	258	launched	1
12	259	a	1
12	260	search	1
12	261	for	1
12	262	Inky.	3
12	263	“The	3
12	264	staff	1
12	265	and	1
12	266	I	1
12	267	have	1
12	268	been	1
12	269	pretty	1
12	270	sad.	2
12	271	But	1
12	272	then,	2
12	273	this	1
12	274	is	1
12	275	Inky	2
12	276	and	1
12	277	he's	2
12	278	always	1
12	279	been	1
12	280	a	1
12	281	bit	1
12	282	of	1
12	283	a	1
12	284	surprise	1
12	285	octopus.”	5
12	286	Reiss	2
12	287	Jenkinson,	3
12	288	exhibits	1
12	289	keeper	1
12	290	at	1
12	291	the	1
12	292	National	1
12	293	Aquarium,	3
12	294	said	1
12	295	he	1
12	296	was	1
12	297	absolutely	1
12	298	certain	1
12	299	Inky	2
12	300	had	1
12	301	not	1
12	302	been	1
12	303	taken.	2
12	304	“I	3
12	305	understand	1
12	306	the	1
12	307	nature	1
12	308	of	1
12	309	octopus	2
12	310	behavior	1
12	311	very	1
12	312	well,”	4
12	313	he	1
12	314	said.	2
12	315	“I	3
12	316	have	1
12	317	seen	1
12	318	octopuses	3
12	319	on	1
12	320	boats	1
12	321	slip	1
12	322	through	1
12	323	bilge	2
12	324	pumps.	2
12	325	And,	2
12	326	the	1
12	327	security	1
12	328	here	1
12	329	is	1
12	330	too	1
12	331	tight	1
12	332	for	1
12	333	anyone	1
12	334	to	1
12	335	take	1
12	336	Inky	2
12	337	and	1
12	338	why	1
12	339	would	1
12	340	they?”	4
12	341	Because	1
12	342	octopuses	3
12	343	have	1
12	344	no	1
12	345	bones,	2
12	346	they	1
12	347	are	1
12	348	able	1
12	349	to	1
12	350	fit	1
12	351	into	1
12	352	extremely	1
12	353	small	1
12	354	spaces	1
12	355	and	1
12	356	have	1
12	357	been	1
12	358	filmed	1
12	359	squeezing	1
12	360	through	1
12	361	gaps	1
12	362	the	1
12	363	size	1
12	364	of	1
12	365	coins.	2
12	366	They	1
12	367	are	1
12	368	also	1
12	369	understood	1
12	370	to	1
12	371	be	1
12	372	extremely	1
12	373	intelligent	1
12	374	and	1
12	375	capable	1
12	376	of	1
12	377	using	1
12	378	tools.	2
12	379	At	1
12	380	the	1
12	381	Island	1
12	382	Bay	1
12	383	Marine	1
12	384	Education	1
12	385	Center	1
12	386	in	1
12	387	Wellington,	2
12	388	an	1
12	389	octopus	2
12	390	was	1
12	391	found	1
12	392	to	1
12	393	be	1
12	394	in	1
12	395	the	1
12	396	habit	1
12	397	of	1
12	398	visiting	1
12	399	another	1
12	400	tank	1
12	401	overnight	1
12	402	to	1
12	403	steal	1
12	404	crabs,	2
12	405	then	1
12	406	returning	1
12	407	to	1
12	408	its	1
12	409	own.	2
12	410	Another	1
12	411	at	1
12	412	the	1
12	413	center,	2
12	414	Ozymandias,	5
12	415	was	1
12	416	thought	1
12	417	to	1
12	418	have	1
12	419	broken	1
12	420	a	1
12	421	world	1
12	422	record	1
12	423	for	1
12	424	opening	1
12	425	a	1
12	426	jar	1
12	427	before	1
12	428	it	1
12	429	was	1
12	430	released	1
12	431	into	1
12	432	the	1
12	433	ocean.	2
12	434	Inky	2
12	435	was	1
12	436	brought	1
12	437	to	1
12	438	the	1
12	439	National	1
12	440	Aquarium	2
12	441	a	1
12	442	number	1
12	443	of	1
12	444	years	1
12	445	ago	1
12	446	by	1
12	447	a	1
12	448	local	1
12	449	fisherman	1
12	450	who	1
12	451	found	1
12	452	him	1
12	453	caught	1
12	454	in	1
12	455	a	1
12	456	crayfish	3
12	457	pot.	2
12	458	He	1
12	459	was	1
12	460	scarred	2
12	461	and	1
12	462	“rough	3
12	463	looking”,	4
12	464	said	1
12	465	Yarrell.	3
12	466	“He	3
12	467	had	1
12	468	been	1
12	469	living	1
12	470	on	1
12	471	the	1
12	472	reef	1
12	473	and	1
12	474	fighting	1
12	475	with	1
12	476	fish	1
12	477	so	1
12	478	he	1
12	479	wasn't	2
12	480	in	1
12	481	the	1
12	482	best	1
12	483	shape.”	4
12	484	According	1
12	485	to	1
12	486	Yarrell,	3
12	487	Inky	2
12	488	–	1
12	489	who	1
12	490	is	1
12	491	about	1
12	492	the	1
12	493	size	1
12	494	of	1
12	495	a	1
12	496	rugby	1
12	497	ball	1
12	498	–	1
12	499	was	1
12	500	an	1
12	501	“unusually	4
12	502	intelligent”	3
12	503	octopus.	3
12	504	“He	3
12	505	was	1
12	506	very	1
12	507	friendly,	2
12	508	very	1
12	509	inquisitive	3
12	510	and	1
12	511	a	1
12	512	popular	1
12	513	attraction	1
12	514	here.	2
12	515	We	1
12	516	have	1
12	517	another	1
12	518	octopus,	3
12	519	Blotchy,	4
12	520	but	1
12	521	he	1
12	522	is	1
12	523	smaller	1
12	524	than	1
12	525	Inky	2
12	526	and	1
12	527	Inky	2
12	528	had	1
12	529	the	1
12	530	personality.”	4
12	531	The	1
12	532	aquarium	1
12	533	has	1
12	534	no	1
12	535	plans	1
12	536	to	1
12	537	step	1
12	538	up	1
12	539	security	1
12	540	as	1
12	541	a	1
12	542	result	1
12	543	of	1
12	544	the	1
12	545	escape	1
12	546	as	1
12	547	Inky	2
12	548	was	1
12	549	a	1
12	550	“one-off”	7
12	551	but	1
12	552	the	1
12	553	staff	1
12	554	are	1
12	555	“increasingly	4
12	556	aware	1
12	557	of	1
12	558	what	1
12	559	octopuses	3
12	560	can	1
12	561	actually	1
12	562	do”.	4
12	563	Although	1
12	564	the	1
12	565	aquarium	1
12	566	is	1
12	567	not	1
12	568	actively	1
12	569	searching	1
12	570	for	1
12	571	a	1
12	572	replacement	1
12	573	for	1
12	574	Inky,	3
12	575	if	1
12	576	a	1
12	577	fisherman	1
12	578	brought	1
12	579	in	1
12	580	another	1
12	581	octopus,	3
12	582	it	1
12	583	might	1
12	584	be	1
12	585	willing	1
12	586	to	1
12	587	take	1
12	588	it	1
12	589	on.	2
13	0	An	1
13	1	octopus	2
13	2	has	1
13	3	escaped	1
13	4	from	1
13	5	the	1
13	6	National	1
13	7	Aquarium	2
13	8	in	1
13	9	New	1
13	10	Zealand.	2
13	11	It	1
13	12	escaped	1
13	13	from	1
13	14	its	1
13	15	tank,	2
13	16	slid	1
13	17	down	1
13	18	a	1
13	19	50-meter	3
13	20	drainpipe	2
13	21	and	1
13	22	disappeared	1
13	23	into	1
13	24	the	1
13	25	sea.	2
13	26	Inky	2
13	27	–	1
13	28	a	1
13	29	common	1
13	30	New	1
13	31	Zealand	1
13	32	octopus	2
13	33	–	1
13	34	escaped	1
13	35	after	1
13	36	someone	1
13	37	left	1
13	38	the	1
13	39	lid	1
13	40	of	1
13	41	his	1
13	42	tank	1
13	43	open.	2
13	44	Staff	1
13	45	at	1
13	46	the	1
13	47	aquarium	1
13	48	believe	1
13	49	that,	2
13	50	in	1
13	51	the	1
13	52	middle	1
13	53	of	1
13	54	the	1
13	55	night,	2
13	56	when	1
13	57	there	1
13	58	was	1
13	59	no-one	3
13	60	in	1
13	61	the	1
13	62	building,	2
13	63	Inky	2
13	64	climbed	1
13	65	down	1
13	66	the	1
13	67	side	1
13	68	of	1
13	69	the	1
13	70	tank	1
13	71	and	1
13	72	traveled	1
13	73	across	1
13	74	the	1
13	75	floor.	2
13	76	Rob	1
13	77	Yarrell,	3
13	78	national	1
13	79	manager	1
13	80	of	1
13	81	the	1
13	82	National	1
13	83	Aquarium	2
13	84	of	1
13	85	New	1
13	86	Zealand	1
13	87	in	1
13	88	Napier,	3
13	89	said:	2
13	90	“Octopuses	5
13	91	are	1
13	92	famous	1
13	93	for	1
13	94	their	1
13	95	ability	1
13	96	to	1
13	97	escape.	2
13	98	I	1
13	99	don't	2
13	100	think	1
13	101	he	1
13	102	was	1
13	103	unhappy	1
13	104	with	1
13	105	us,	2
13	106	or	1
13	107	lonely,	2
13	108	because	1
13	109	octopuses	3
13	110	like	1
13	111	to	1
13	112	live	1
13	113	alone.	2
13	114	But,	2
13	115	he	1
13	116	is	1
13	117	such	1
13	118	a	1
13	119	curious	1
13	120	boy.	2
13	121	He	1
13	122	would	1
13	123	want	1
13	124	to	1
13	125	know	1
13	126	what's	2
13	127	happening	1
13	128	on	1
13	129	the	1
13	130	outside.	2
13	131	That's	2
13	132	his	1
13	133	personality.”	4
13	134	One	1
13	135	idea	1
13	136	is	1
13	137	that	1
13	138	Inky	2
13	139	crossed	1
13	140	the	1
13	141	aquarium	1
13	142	floor	1
13	143	–	1
13	144	a	1
13	145	journey	1
13	146	of	1
13	147	three	1
13	148	or	1
13	149	four	1
13	150	meters	1
13	151	–	1
13	152	and	1
13	153	then,	2
13	154	he	1
13	155	realized	1
13	156	that	1
13	157	freedom	1
13	158	was	1
13	159	very	1
13	160	near	1
13	161	so	1
13	162	he	1
13	163	entered	1
13	164	a	1
13	165	drainpipe	2
13	166	that	1
13	167	led	1
13	168	directly	1
13	169	to	1
13	170	the	1
13	171	sea.	2
13	172	The	1
13	173	drainpipe	2
13	174	was	1
13	175	50	1
13	176	meters	1
13	177	long	1
13	178	and	1
13	179	opened	1
13	180	into	1
13	181	Hawke's	3
13	182	Bay,	2
13	183	on	1
13	184	the	1
13	185	east	1
13	186	coast	1
13	187	of	1
13	188	New	1
13	189	Zealand's	2
13	190	North	1
13	191	Island.	2
13	192	It	1
13	193	is	1
13	194	also	1
13	195	possible	1
13	196	that	1
13	197	Inky	2
13	198	escaped	1
13	199	through	1
13	200	an	1
13	201	open	1
13	202	pipe	1
13	203	at	1
13	204	the	1
13	205	top	1
13	206	of	1
13	207	his	1
13	208	tank,	2
13	209	which	1
13	210	led	1
13	211	under	1
13	212	the	1
13	213	floor	1
13	214	to	1
13	215	the	1
13	216	drain.	2
13	217	“When	3
13	218	we	1
13	219	came	1
13	220	in	1
13	221	the	1
13	222	next	1
13	223	morning	1
13	224	and	1
13	225	his	1
13	226	tank	1
13	227	was	1
13	228	empty,	2
13	229	I	1
13	230	was	1
13	231	really	1
13	232	surprised,”	4
13	233	said	1
13	234	Yarrell,	3
13	235	who	1
13	236	has	1
13	237	not	1
13	238	started	1
13	239	looking	1
13	240	for	1
13	241	Inky.	3
13	242	“The	3
13	243	staff	1
13	244	and	1
13	245	I	1
13	246	have	1
13	247	been	1
13	248	sad.	2
13	249	But	1
13	250	then,	2
13	251	this	1
13	252	is	1
13	253	Inky	2
13	254	and	1
13	255	he's	2
13	256	always	1
13	257	been	1
13	258	a	1
13	259	bit	1
13	260	of	1
13	261	a	1
13	262	surprise	1
13	263	octopus.”	5
13	264	Reiss	2
13	265	Jenkinson,	3
13	266	a	1
13	267	keeper	1
13	268	at	1
13	269	the	1
13	270	National	1
13	271	Aquarium,	3
13	272	said	1
13	273	he	1
13	274	was	1
13	275	absolutely	1
13	276	certain	1
13	277	Inky	2
13	278	was	1
13	279	not	1
13	280	stolen.	2
13	281	“I	3
13	282	understand	1
13	283	octopus	2
13	284	behavior	1
13	285	very	1
13	286	well,”	4
13	287	he	1
13	288	said.	2
13	289	“I	3
13	290	have	1
13	291	seen	1
13	292	octopuses	3
13	293	on	1
13	294	boats	1
13	295	escape	1
13	296	through	1
13	297	waste	1
13	298	pumps.	2
13	299	And,	2
13	300	the	1
13	301	security	1
13	302	here	1
13	303	is	1
13	304	too	1
13	305	good	1
13	306	for	1
13	307	anyone	1
13	308	to	1
13	309	take	1
13	310	Inky	2
13	311	and	1
13	312	why	1
13	313	would	1
13	314	they?”	4
13	315	Because	1
13	316	octopuses	3
13	317	have	1
13	318	no	1
13	319	bones,	2
13	320	they	1
13	321	can	1
13	322	fit	1
13	323	into	1
13	324	very	1
13	325	small	1
13	326	spaces	1
13	327	and	1
13	328	can	1
13	329	squeeze	1
13	330	through	1
13	331	gaps	1
13	332	the	1
13	333	size	1
13	334	of	1
13	335	coins.	2
13	336	They	1
13	337	are	1
13	338	also	1
13	339	very	1
13	340	intelligent	1
13	341	and	1
13	342	able	1
13	343	to	1
13	344	use	1
13	345	tools.	2
13	346	At	1
13	347	the	1
13	348	Island	1
13	349	Bay	1
13	350	Marine	1
13	351	Education	1
13	352	Center	1
13	353	in	1
13	354	Wellington,	2
13	355	an	1
13	356	octopus	2
13	357	visited	1
13	358	another	1
13	359	tank	1
13	360	every	1
13	361	night	1
13	362	to	1
13	363	steal	1
13	364	crabs,	2
13	365	then	1
13	366	return	1
13	367	to	1
13	368	its	1
13	369	own	1
13	370	tank.	2
13	371	Another	1
13	372	octopus	2
13	373	at	1
13	374	the	1
13	375	center,	2
13	376	Ozymandias,	5
13	377	broke	1
13	378	a	1
13	379	world	1
13	380	record	1
13	381	for	1
13	382	opening	1
13	383	a	1
13	384	jar.	2
13	385	Inky	2
13	386	was	1
13	387	brought	1
13	388	to	1
13	389	the	1
13	390	National	1
13	391	Aquarium	2
13	392	several	1
13	393	years	1
13	394	ago	1
13	395	by	1
13	396	a	1
13	397	local	1
13	398	fisherman	1
13	399	who	1
13	400	found	1
13	401	him	1
13	402	in	1
13	403	a	1
13	404	fishing	1
13	405	pot.	2
13	406	Yarrell	2
13	407	said,	2
13	408	“He	3
13	409	lived	1
13	410	on	1
13	411	the	1
13	412	reef	1
13	413	and	1
13	414	fought	1
13	415	with	1
13	416	fish	1
13	417	so	1
13	418	he	1
13	419	wasn't	2
13	420	in	1
13	421	a	1
13	422	good	1
13	423	shape.”	4
13	424	According	1
13	425	to	1
13	426	Yarrell,	3
13	427	Inky	2
13	428	–	1
13	429	who	1
13	430	is	1
13	431	about	1
13	432	the	1
13	433	size	1
13	434	of	1
13	435	a	1
13	436	rugby	1
13	437	ball	1
13	438	–	1
13	439	was	1
13	440	an	1
13	441	“unusually	4
13	442	intelligent”	3
13	443	octopus.	3
13	444	“He	3
13	445	was	1
13	446	very	1
13	447	friendly	1
13	448	and	1
13	449	a	1
13	450	popular	1
13	451	attraction	1
13	452	here.	2
13	453	We	1
13	454	have	1
13	455	another	1
13	456	octopus,	3
13	457	Blotchy,	4
13	458	but	1
13	459	he	1
13	460	is	1
13	461	smaller	1
13	462	than	1
13	463	Inky	2
13	464	and	1
13	465	Inky	2
13	466	had	1
13	467	the	1
13	468	personality.”	4
13	469	The	1
13	470	aquarium	1
13	471	has	1
13	472	no	1
13	473	plans	1
13	474	to	1
13	475	increase	1
13	476	security	1
13	477	as	1
13	478	a	1
13	479	result	1
13	480	of	1
13	481	the	1
13	482	escape	1
13	483	but	1
13	484	the	1
13	485	staff	1
13	486	now	1
13	487	know	1
13	488	“what	3
13	489	octopuses	3
13	490	can	1
13	491	do”	3
13	492	so	1
13	493	they	1
13	494	will	1
13	495	be	1
13	496	more	1
13	497	careful.	2
13	498	The	1
13	499	aquarium	1
13	500	is	1
13	501	not	1
13	502	looking	1
13	503	for	1
13	504	another	1
13	505	octopus	2
13	506	but,	2
13	507	if	1
13	508	a	1
13	509	fisherman	1
13	510	brought	1
13	511	in	1
13	512	another	1
13	513	octopus,	3
13	514	the	1
13	515	aquarium	1
13	516	might	1
13	517	take	1
13	518	it.	2
14	0	Do	1
14	1	you	1
14	2	want	1
14	3	your	1
14	4	child	1
14	5	to	1
14	6	be	1
14	7	good	1
14	8	at	1
14	9	sports,	2
14	10	make	1
14	11	the	1
14	12	school	1
14	13	team	1
14	14	and,	2
14	15	maybe	1
14	16	one	1
14	17	day,	2
14	18	even	1
14	19	compete	1
14	20	on	1
14	21	the	1
14	22	world	1
14	23	stage?	2
14	24	Well,	2
14	25	try	1
14	26	to	1
14	27	ensure	1
14	28	that	1
14	29	your	1
14	30	would-be	3
14	31	Olympian	2
14	32	or	1
14	33	World	1
14	34	Cup	1
14	35	winner	1
14	36	is	1
14	37	born	1
14	38	in	1
14	39	November	1
14	40	or,	2
14	41	failing	1
14	42	that,	2
14	43	in	1
14	44	October.	2
14	45	A	1
14	46	study	1
14	47	has	1
14	48	found	1
14	49	that	1
14	50	school	1
14	51	pupils	1
14	52	born	1
14	53	in	1
14	54	those	1
14	55	months	1
14	56	are	1
14	57	fitter	2
14	58	than	1
14	59	everyone	1
14	60	else	1
14	61	in	1
14	62	their	1
14	63	class.	2
14	64	November-	2
14	65	and	1
14	66	October-born	3
14	67	children	1
14	68	emerged	1
14	69	as	1
14	70	fitter,	3
14	71	stronger	1
14	72	and	1
14	73	more	1
14	74	powerful	1
14	75	than	1
14	76	their	1
14	77	peers	1
14	78	born	1
14	79	in	1
14	80	the	1
14	81	other	1
14	82	ten	1
14	83	months	1
14	84	of	1
14	85	the	1
14	86	year,	2
14	87	especially	1
14	88	those	1
14	89	whose	1
14	90	birthdays	2
14	91	fell	1
14	92	in	1
14	93	April	1
14	94	or	1
14	95	June.	2
14	96	Dr.	2
14	97	Gavin	1
14	98	Sandercock,	4
14	99	who	1
14	100	is	1
14	101	from	1
14	102	the	1
14	103	Center	1
14	104	for	1
14	105	Sports	1
14	106	and	1
14	107	Exercise	1
14	108	Science	1
14	109	at	1
14	110	Essex	1
14	111	University	1
14	112	and	1
14	113	led	1
14	114	the	1
14	115	study,	2
14	116	found	1
14	117	that	1
14	118	autumn-born	3
14	119	children	1
14	120	enjoyed	1
14	121	“a	3
14	122	clear	1
14	123	physical	1
14	124	advantage”	3
14	125	over	1
14	126	their	1
14	127	classmates.	2
14	128	The	1
14	129	research	1
14	130	involved	1
14	131	8,550	3
14	132	boys	1
14	133	and	1
14	134	girls	1
14	135	aged	1
14	136	between	1
14	137	ten	1
14	138	and	1
14	139	16	1
14	140	from	1
14	141	26	1
14	142	state	1
14	143	schools	1
14	144	in	1
14	145	Essex.	2
14	146	All	1
14	147	were	1
14	148	tested	1
14	149	between	1
14	150	2007	1
14	151	and	1
14	152	2010	1
14	153	on	1
14	154	three	1
14	155	different	1
14	156	measures	1
14	157	of	1
14	158	fitness:	2
14	159	stamina,	2
14	160	handgrip	3
14	161	strength	1
14	162	and	1
14	163	lower-body	3
14	164	power.	2
14	165	The	1
14	166	results	1
14	167	revealed	1
14	168	that	1
14	169	a	1
14	170	child's	2
14	171	month	1
14	172	of	1
14	173	birth	1
14	174	could	1
14	175	make	1
14	176	“significant”	5
14	177	differences	1
14	178	to	1
14	179	their	1
14	180	levels	1
14	181	of	1
14	182	cardiovascular	1
14	183	fitness,	2
14	184	muscle	1
14	185	strength	1
14	186	and	1
14	187	ability	1
14	188	to	1
14	189	accelerate,	2
14	190	all	1
14	191	of	1
14	192	which	1
14	193	predict	1
14	194	how	1
14	195	good	1
14	196	someone	1
14	197	is	1
14	198	at	1
14	199	sports,	2
14	200	in	1
14	201	which	1
14	202	such	1
14	203	attributes	1
14	204	are	1
14	205	vital.	2
14	206	Performances	2
14	207	at	1
14	208	school	1
14	209	sports	1
14	210	days	1
14	211	in	1
14	212	the	1
14	213	weeks	1
14	214	ahead	1
14	215	may	1
14	216	bear	1
14	217	out	1
14	218	the	1
14	219	findings.	2
14	220	November-born	3
14	221	children	1
14	222	were	1
14	223	the	1
14	224	fittest	2
14	225	overall	1
14	226	as	1
14	227	they	1
14	228	had	1
14	229	the	1
14	230	most	1
14	231	stamina	1
14	232	and	1
14	233	power	1
14	234	and	1
14	235	were	1
14	236	the	1
14	237	second	1
14	238	strongest.	2
14	239	Those	1
14	240	born	1
14	241	in	1
14	242	October	1
14	243	were	1
14	244	almost	1
14	245	as	1
14	246	fit,	2
14	247	scoring	1
14	248	highest	1
14	249	for	1
14	250	strength	1
14	251	and	1
14	252	coming	1
14	253	third	1
14	254	for	1
14	255	power,	2
14	256	with	1
14	257	December	1
14	258	children	1
14	259	close	1
14	260	behind.	2
14	261	The	1
14	262	gap	1
14	263	in	1
14	264	physical	1
14	265	prowess	1
14	266	between	1
14	267	children	1
14	268	in	1
14	269	the	1
14	270	same	1
14	271	class	1
14	272	but	1
14	273	born	1
14	274	in	1
14	275	different	1
14	276	months	1
14	277	was	1
14	278	sometimes	1
14	279	very	1
14	280	wide.	2
14	281	“For	3
14	282	example,	2
14	283	we	1
14	284	found	1
14	285	that	1
14	286	a	1
14	287	boy	1
14	288	born	1
14	289	in	1
14	290	November	1
14	291	can	1
14	292	run	1
14	293	at	1
14	294	least	1
14	295	10%	2
14	296	faster,	2
14	297	jump	1
14	298	12%	2
14	299	higher	1
14	300	and	1
14	301	is	1
14	302	15%	2
14	303	more	1
14	304	powerful	1
14	305	than	1
14	306	a	1
14	307	child	1
14	308	of	1
14	309	the	1
14	310	same	1
14	311	age	1
14	312	born	1
14	313	in	1
14	314	April.	2
14	315	This	1
14	316	is,	2
14	317	potentially,	2
14	318	a	1
14	319	huge	1
14	320	physical	1
14	321	advantage,”	4
14	322	said	1
14	323	Sandercock.	4
14	324	Such	1
14	325	gaps	1
14	326	could	1
14	327	ultimately	1
14	328	decide	1
14	329	who	1
14	330	became	1
14	331	a	1
14	332	top-level	3
14	333	athlete	1
14	334	because,	2
14	335	as	1
14	336	the	1
14	337	paper	1
14	338	says,	2
14	339	“selection	3
14	340	into	1
14	341	elite	1
14	342	sports	1
14	343	may	1
14	344	often	1
14	345	depend	1
14	346	on	1
14	347	very	1
14	348	small	1
14	349	margins	1
14	350	or	1
14	351	differences	1
14	352	in	1
14	353	an	1
14	354	individual's	2
14	355	physical	1
14	356	performance”.	4
14	357	The	1
14	358	study,	2
14	359	which	1
14	360	has	1
14	361	been	1
14	362	published	1
14	363	in	1
14	364	the	1
14	365	International	1
14	366	Journal	1
14	367	of	1
14	368	Sports	1
14	369	Medicine,	2
14	370	found	1
14	371	that,	2
14	372	when	1
14	373	scores	1
14	374	for	1
14	375	the	1
14	376	three	1
14	377	kinds	1
14	378	of	1
14	379	fitness	1
14	380	were	1
14	381	combined,	2
14	382	those	1
14	383	born	1
14	384	in	1
14	385	April	1
14	386	were	1
14	387	the	1
14	388	least	1
14	389	fit,	2
14	390	then	1
14	391	those	1
14	392	in	1
14	393	June.	2
14	394	That	1
14	395	could	1
14	396	see	1
14	397	those	1
14	398	children	1
14	399	excluded	1
14	400	from	1
14	401	school	1
14	402	teams	1
14	403	and	1
14	404	becoming	1
14	405	sporting	1
14	406	underachievers,	4
14	407	Sandercock	3
14	408	said.	2
14	409	The	1
14	410	findings	1
14	411	seem	1
14	412	to	1
14	413	show	1
14	414	that	1
14	415	children	1
14	416	born	1
14	417	in	1
14	418	the	1
14	419	early	1
14	420	months	1
14	421	of	1
14	422	the	1
14	423	school	1
14	424	year	1
14	425	enjoy	1
14	426	a	1
14	427	double	1
14	428	“autumn	4
14	429	advantage”	3
14	430	–	1
14	431	they	1
14	432	are	1
14	433	already	1
14	434	known	1
14	435	to	1
14	436	have	1
14	437	an	1
14	438	academic	1
14	439	advantage	1
14	440	and,	2
14	441	now,	2
14	442	they	1
14	443	also	1
14	444	appear	1
14	445	to	1
14	446	be	1
14	447	better	1
14	448	equipped	1
14	449	for	1
14	450	sports,	2
14	451	too.	2
14	452	The	1
14	453	authors	1
14	454	believe	1
14	455	that	1
14	456	autumn-born	3
14	457	children's	2
14	458	greater	1
14	459	exposure	1
14	460	over	1
14	461	the	1
14	462	summer	1
14	463	months,	2
14	464	towards	1
14	465	the	1
14	466	end	1
14	467	of	1
14	468	pregnancy,	2
14	469	to	1
14	470	vitamin	1
14	471	D	1
14	472	is	1
14	473	the	1
14	474	most	1
14	475	likely	1
14	476	explanation.	2
14	477	John	1
14	478	Steele,	2
14	479	chief	1
14	480	executive	1
14	481	of	1
14	482	the	1
14	483	Youth	1
14	484	Sport	1
14	485	Trust,	2
14	486	said	1
14	487	the	1
14	488	quality	1
14	489	of	1
14	490	a	1
14	491	young	1
14	492	person's	2
14	493	introduction	1
14	494	to	1
14	495	sports	1
14	496	at	1
14	497	school	1
14	498	can	1
14	499	be	1
14	500	“a	3
14	501	major	1
14	502	factor”	3
14	503	in	1
14	504	their	1
14	505	sporting	1
14	506	development.	2
14	507	“Children	3
14	508	that	1
14	509	get	1
14	510	a	1
14	511	high-quality	3
14	512	first	1
14	513	experience,	2
14	514	which	1
14	515	develops	1
14	516	their	1
14	517	physical	1
14	518	literacy,	2
14	519	are	1
14	520	those	1
14	521	that	1
14	522	will	1
14	523	have	1
14	524	greater	1
14	525	agility,	2
14	526	balance	1
14	527	and	1
14	528	coordination,	2
14	529	and	1
14	530	are	1
14	531	more	1
14	532	likely	1
14	533	to	1
14	534	develop	1
14	535	an	1
14	536	enjoyment	1
14	537	of	1
14	538	physical	1
14	539	activity	1
14	540	and	1
14	541	excel	1
14	542	in	1
14	543	sports	1
14	544	as	1
14	545	they	1
14	546	grow	1
14	547	up”,	4
14	548	he	1
14	549	said.	2
14	550	UK	1
14	551	Sport	1
14	552	could	1
14	553	not	1
14	554	say	1
14	555	if	1
14	556	a	1
14	557	disproportionately	1
14	558	high	1
14	559	number	1
14	560	of	1
14	561	the	1
14	562	1,300	3
14	563	athletes	1
14	564	across	1
14	565	47	1
14	566	sports	1
14	567	it	1
14	568	funds	1
14	569	were	1
14	570	born	1
14	571	in	1
14	572	November	1
14	573	and	1
14	574	October.	2
14	575	Natalie	1
14	576	Dunman,	3
14	577	its	1
14	578	head	1
14	579	of	1
14	580	performance	1
14	581	pathways,	2
14	582	said	1
14	583	that,	2
14	584	while	1
14	585	the	1
14	586	differences	1
14	587	highlighted	1
14	588	in	1
14	589	the	1
14	590	new	1
14	591	findings	1
14	592	were	1
14	593	borne	1
14	594	out	1
14	595	by	1
14	596	teenagers	1
14	597	competing	1
14	598	in	1
14	599	junior-level	3
14	600	competitions,	2
14	601	they	1
14	602	had	1
14	603	disappeared	1
14	604	by	1
14	605	the	1
14	606	time	1
14	607	athletes	1
14	608	were	1
14	609	taking	1
14	610	part	1
14	611	in	1
14	612	adult	1
14	613	competitions.	2
14	614	She	1
14	615	said:	2
14	616	“Looking	3
14	617	at	1
14	618	elite,	2
14	619	senior	1
14	620	athletes,	2
14	621	there	1
14	622	are	1
14	623	many	1
14	624	factors	1
14	625	that	1
14	626	go	1
14	627	into	1
14	628	making	1
14	629	a	1
14	630	champion	1
14	631	and	1
14	632	our	1
14	633	work	1
14	634	hasn't	2
14	635	uncovered	1
14	636	anything	1
14	637	to	1
14	638	suggest	1
14	639	that	1
14	640	month	1
14	641	of	1
14	642	birth	1
14	643	is	1
14	644	one	1
14	645	of	1
14	646	the	1
14	647	key	1
14	648	ingredients.”	4
15	0	Do	1
15	1	you	1
15	2	want	1
15	3	your	1
15	4	child	1
15	5	to	1
15	6	be	1
15	7	good	1
15	8	at	1
15	9	sports,	2
15	10	play	1
15	11	for	1
15	12	the	1
15	13	school	1
15	14	team	1
15	15	and,	2
15	16	maybe	1
15	17	one	1
15	18	day,	2
15	19	even	1
15	20	be	1
15	21	in	1
15	22	international	1
15	23	competitions?	2
15	24	Well,	2
15	25	try	1
15	26	to	1
15	27	make	1
15	28	sure	1
15	29	that	1
15	30	your	1
15	31	child	1
15	32	is	1
15	33	born	1
15	34	in	1
15	35	November	1
15	36	or	1
15	37	October.	2
15	38	A	1
15	39	study	1
15	40	has	1
15	41	found	1
15	42	that	1
15	43	schoolchildren	2
15	44	born	1
15	45	in	1
15	46	November	1
15	47	or	1
15	48	October	1
15	49	are	1
15	50	fitter	2
15	51	than	1
15	52	everyone	1
15	53	else	1
15	54	in	1
15	55	their	1
15	56	class.	2
15	57	Children	1
15	58	born	1
15	59	in	1
15	60	November	1
15	61	or	1
15	62	October	1
15	63	were	1
15	64	fitter,	3
15	65	stronger	1
15	66	and	1
15	67	more	1
15	68	powerful	1
15	69	than	1
15	70	children	1
15	71	born	1
15	72	in	1
15	73	the	1
15	74	other	1
15	75	ten	1
15	76	months	1
15	77	of	1
15	78	the	1
15	79	year.	2
15	80	They	1
15	81	are	1
15	82	especially	1
15	83	fitter,	3
15	84	stronger	1
15	85	and	1
15	86	more	1
15	87	powerful	1
15	88	than	1
15	89	children	1
15	90	with	1
15	91	birthdays	2
15	92	in	1
15	93	April	1
15	94	or	1
15	95	June.	2
15	96	Dr.	2
15	97	Gavin	1
15	98	Sandercock	3
15	99	of	1
15	100	Essex	1
15	101	University	1
15	102	found	1
15	103	in	1
15	104	his	1
15	105	study	1
15	106	that	1
15	107	children	1
15	108	born	1
15	109	in	1
15	110	the	1
15	111	autumn	1
15	112	had	1
15	113	“a	3
15	114	clear	1
15	115	physical	1
15	116	advantage”	3
15	117	over	1
15	118	their	1
15	119	classmates.	2
15	120	The	1
15	121	research	1
15	122	involved	1
15	123	8,550	3
15	124	boys	1
15	125	and	1
15	126	girls	1
15	127	aged	1
15	128	between	1
15	129	ten	1
15	130	and	1
15	131	16	1
15	132	from	1
15	133	26	1
15	134	state	1
15	135	schools	1
15	136	in	1
15	137	Essex.	2
15	138	All	1
15	139	were	1
15	140	tested	1
15	141	between	1
15	142	2007	1
15	143	and	1
15	144	2010	1
15	145	on	1
15	146	three	1
15	147	different	1
15	148	things:	2
15	149	stamina,	2
15	150	handgrip	3
15	151	strength	1
15	152	and	1
15	153	lower-body	3
15	154	power.	2
15	155	The	1
15	156	results	1
15	157	showed	1
15	158	that	1
15	159	a	1
15	160	child's	2
15	161	month	1
15	162	of	1
15	163	birth	1
15	164	could	1
15	165	make	1
15	166	big	1
15	167	differences	1
15	168	to	1
15	169	their	1
15	170	levels	1
15	171	of	1
15	172	fitness,	2
15	173	muscle	1
15	174	strength	1
15	175	and	1
15	176	ability	1
15	177	to	1
15	178	accelerate,	2
15	179	all	1
15	180	of	1
15	181	which	1
15	182	predict	1
15	183	how	1
15	184	good	1
15	185	someone	1
15	186	is	1
15	187	at	1
15	188	sports.	2
15	189	November	1
15	190	children	1
15	191	were	1
15	192	the	1
15	193	fittest	2
15	194	because	1
15	195	they	1
15	196	had	1
15	197	the	1
15	198	most	1
15	199	stamina	1
15	200	and	1
15	201	power	1
15	202	and	1
15	203	were	1
15	204	the	1
15	205	second	1
15	206	strongest.	2
15	207	Children	1
15	208	born	1
15	209	in	1
15	210	October	1
15	211	were	1
15	212	almost	1
15	213	as	1
15	214	fit	1
15	215	–	1
15	216	they	1
15	217	scored	1
15	218	highest	1
15	219	for	1
15	220	strength	1
15	221	and	1
15	222	came	1
15	223	third	1
15	224	for	1
15	225	power,	2
15	226	with	1
15	227	December	1
15	228	children	1
15	229	close	1
15	230	behind.	2
15	231	The	1
15	232	gap	1
15	233	in	1
15	234	physical	1
15	235	ability	1
15	236	between	1
15	237	children	1
15	238	in	1
15	239	the	1
15	240	same	1
15	241	class	1
15	242	but	1
15	243	born	1
15	244	in	1
15	245	different	1
15	246	months	1
15	247	was	1
15	248	sometimes	1
15	249	very	1
15	250	wide.	2
15	251	“For	3
15	252	example,	2
15	253	we	1
15	254	found	1
15	255	that	1
15	256	a	1
15	257	boy	1
15	258	born	1
15	259	in	1
15	260	November	1
15	261	can	1
15	262	run	1
15	263	at	1
15	264	least	1
15	265	10%	2
15	266	faster,	2
15	267	jump	1
15	268	12%	2
15	269	higher	1
15	270	and	1
15	271	is	1
15	272	15%	2
15	273	more	1
15	274	powerful	1
15	275	than	1
15	276	a	1
15	277	child	1
15	278	of	1
15	279	the	1
15	280	same	1
15	281	age	1
15	282	born	1
15	283	in	1
15	284	April.	2
15	285	This	1
15	286	is	1
15	287	a	1
15	288	huge	1
15	289	physical	1
15	290	advantage,”	4
15	291	said	1
15	292	Sandercock.	4
15	293	These	1
15	294	gaps	1
15	295	could	1
15	296	decide	1
15	297	who	1
15	298	became	1
15	299	a	1
15	300	top-	2
15	301	level	1
15	302	athlete	1
15	303	because	1
15	304	“selection	3
15	305	into	1
15	306	elite	1
15	307	sports	1
15	308	may	1
15	309	often	1
15	310	depend	1
15	311	on	1
15	312	very	1
15	313	small	1
15	314	differences	1
15	315	in	1
15	316	a	1
15	317	person's	2
15	318	physical	1
15	319	performance”.	4
15	320	The	1
15	321	study	1
15	322	found	1
15	323	that,	2
15	324	when	1
15	325	scores	1
15	326	for	1
15	327	the	1
15	328	three	1
15	329	kinds	1
15	330	of	1
15	331	fitness	1
15	332	were	1
15	333	put	1
15	334	together,	2
15	335	children	1
15	336	born	1
15	337	in	1
15	338	April	1
15	339	were	1
15	340	the	1
15	341	least	1
15	342	fit,	2
15	343	followed	1
15	344	by	1
15	345	children	1
15	346	born	1
15	347	in	1
15	348	June.	2
15	349	The	1
15	350	findings	1
15	351	seem	1
15	352	to	1
15	353	show	1
15	354	that	1
15	355	children	1
15	356	born	1
15	357	in	1
15	358	the	1
15	359	early	1
15	360	months	1
15	361	of	1
15	362	the	1
15	363	school	1
15	364	year	1
15	365	enjoy	1
15	366	a	1
15	367	double	1
15	368	“autumn	4
15	369	advantage”	3
15	370	–	1
15	371	we	1
15	372	already	1
15	373	know	1
15	374	that	1
15	375	they	1
15	376	have	1
15	377	an	1
15	378	academic	1
15	379	advantage	1
15	380	and,	2
15	381	now,	2
15	382	they	1
15	383	also	1
15	384	seem	1
15	385	to	1
15	386	be	1
15	387	better	1
15	388	at	1
15	389	sports,	2
15	390	too.	2
15	391	The	1
15	392	authors	1
15	393	of	1
15	394	the	1
15	395	study	1
15	396	believe	1
15	397	that	1
15	398	the	1
15	399	most	1
15	400	likely	1
15	401	explanation	1
15	402	is	1
15	403	that	1
15	404	children	1
15	405	born	1
15	406	in	1
15	407	autumn	1
15	408	get	1
15	409	more	1
15	410	vitamin	1
15	411	D	1
15	412	over	1
15	413	the	1
15	414	summer	1
15	415	months	1
15	416	towards	1
15	417	the	1
15	418	end	1
15	419	of	1
15	420	pregnancy.	2
15	421	John	1
15	422	Steele,	2
15	423	chief	1
15	424	executive	1
15	425	of	1
15	426	the	1
15	427	Youth	1
15	428	Sport	1
15	429	Trust,	2
15	430	said	1
15	431	the	1
15	432	quality	1
15	433	of	1
15	434	a	1
15	435	young	1
15	436	person's	2
15	437	introduction	1
15	438	to	1
15	439	sports	1
15	440	at	1
15	441	school	1
15	442	can	1
15	443	be	1
15	444	“a	3
15	445	major	1
15	446	factor”	3
15	447	in	1
15	448	their	1
15	449	sporting	1
15	450	development.	2
15	451	“Children	3
15	452	that	1
15	453	get	1
15	454	a	1
15	455	high-quality	3
15	456	first	1
15	457	experience	1
15	458	will	1
15	459	have	1
15	460	greater	1
15	461	agility,	2
15	462	balance	1
15	463	and	1
15	464	coordination,	2
15	465	and	1
15	466	are	1
15	467	more	1
15	468	likely	1
15	469	to	1
15	470	develop	1
15	471	an	1
15	472	enjoyment	1
15	473	of	1
15	474	physical	1
15	475	activity	1
15	476	and	1
15	477	be	1
15	478	good	1
15	479	at	1
15	480	sports	1
15	481	as	1
15	482	they	1
15	483	grow	1
15	484	up”,	4
15	485	he	1
15	486	said.	2
15	487	UK	1
15	488	Sport	1
15	489	could	1
15	490	not	1
15	491	say	1
15	492	if	1
15	493	a	1
15	494	majority	1
15	495	of	1
15	496	the	1
15	497	1,300	3
15	498	athletes	1
15	499	it	1
15	500	gives	1
15	501	money	1
15	502	to	1
15	503	were	1
15	504	born	1
15	505	in	1
15	506	November	1
15	507	and	1
15	508	October.	2
15	509	Natalie	1
15	510	Dunman,	3
15	511	its	1
15	512	head	1
15	513	of	1
15	514	performance,	2
15	515	said	1
15	516	that	1
15	517	the	1
15	518	differences	1
15	519	shown	1
15	520	in	1
15	521	the	1
15	522	new	1
15	523	study	1
15	524	were	1
15	525	true	1
15	526	for	1
15	527	teenagers	1
15	528	in	1
15	529	junior-level	3
15	530	competitions,	2
15	531	but	1
15	532	that	1
15	533	the	1
15	534	differences	1
15	535	disappear	1
15	536	before	1
15	537	athletes	1
15	538	were	1
15	539	in	1
15	540	adult	1
15	541	competitions.	2
15	542	She	1
15	543	said:	2
15	544	“With	3
15	545	adult	1
15	546	athletes,	2
15	547	there	1
15	548	are	1
15	549	many	1
15	550	factors	1
15	551	that	1
15	552	make	1
15	553	a	1
15	554	champion	1
15	555	and	1
15	556	we	1
15	557	don't	2
15	558	think	1
15	559	that	1
15	560	month	1
15	561	of	1
15	562	birth	1
15	563	is	1
15	564	one	1
15	565	of	1
15	566	the	1
15	567	key	1
15	568	ingredients.”	4
16	0	Lots	1
16	1	of	1
16	2	us	1
16	3	know	1
16	4	we	1
16	5	are	1
16	6	sleep-deprived,	5
16	7	but	1
16	8	imagine	1
16	9	if	1
16	10	we	1
16	11	could	1
16	12	fix	1
16	13	it	1
16	14	with	1
16	15	a	1
16	16	fairly	1
16	17	simple	1
16	18	solution:	2
16	19	getting	1
16	20	up	1
16	21	later.	2
16	22	In	1
16	23	a	1
16	24	speech	1
16	25	at	1
16	26	the	1
16	27	British	1
16	28	Science	1
16	29	Festival,	2
16	30	Dr.	2
16	31	Paul	1
16	32	Kelley,	2
16	33	clinical	1
16	34	research	1
16	35	associate	1
16	36	at	1
16	37	the	1
16	38	Sleep	1
16	39	and	1
16	40	Circadian	2
16	41	Neuroscience	1
16	42	Institute	1
16	43	at	1
16	44	Oxford	1
16	45	University,	2
16	46	called	1
16	47	for	1
16	48	schools	1
16	49	to	1
16	50	stagger	1
16	51	their	1
16	52	starting	1
16	53	times	1
16	54	to	1
16	55	work	1
16	56	with	1
16	57	the	1
16	58	natural	1
16	59	biological	1
16	60	rhythms	1
16	61	of	1
16	62	their	1
16	63	students.	2
16	64	It	1
16	65	would	1
16	66	improve	1
16	67	cognitive	1
16	68	performance,	2
16	69	exam	1
16	70	results	1
16	71	and	1
16	72	students'	2
16	73	health	1
16	74	(sleep	2
16	75	deprivation	1
16	76	has	1
16	77	been	1
16	78	linked	1
16	79	with	1
16	80	diabetes,	2
16	81	depression,	2
16	82	obesity	1
16	83	and	1
16	84	an	1
16	85	impaired	1
16	86	immune	1
16	87	system).	2
16	88	It	1
16	89	follows	1
16	90	a	1
16	91	paper,	2
16	92	published	1
16	93	in	1
16	94	2014,	2
16	95	in	1
16	96	which	1
16	97	he	1
16	98	noted	1
16	99	that,	2
16	100	when	1
16	101	children	1
16	102	are	1
16	103	around	1
16	104	ten,	2
16	105	their	1
16	106	biological	1
16	107	wake-up	3
16	108	time	1
16	109	is	1
16	110	about	1
16	111	6.30am;	5
16	112	at	1
16	113	16,	2
16	114	this	1
16	115	rises	1
16	116	to	1
16	117	8am;	3
16	118	and,	2
16	119	at	1
16	120	18,	2
16	121	someone	1
16	122	you	1
16	123	may	1
16	124	think	1
16	125	of	1
16	126	as	1
16	127	a	1
16	128	lazy	1
16	129	teenager	1
16	130	actually	1
16	131	has	1
16	132	a	1
16	133	natural	1
16	134	waking	1
16	135	hour	1
16	136	of	1
16	137	9am.	3
16	138	The	1
16	139	conventional	1
16	140	school	1
16	141	starting	1
16	142	time	1
16	143	works	1
16	144	for	1
16	145	10-year-olds	5
16	146	but	1
16	147	not	1
16	148	16-	2
16	149	to	1
16	150	18-year-olds.	6
16	151	For	1
16	152	the	1
16	153	older	1
16	154	teenagers,	2
16	155	it	1
16	156	might	1
16	157	be	1
16	158	more	1
16	159	sensible	1
16	160	to	1
16	161	start	1
16	162	the	1
16	163	school	1
16	164	day	1
16	165	at	1
16	166	11am	2
16	167	or	1
16	168	even	1
16	169	later.	2
16	170	“A	3
16	171	7am	2
16	172	alarm	1
16	173	call	1
16	174	for	1
16	175	older	1
16	176	adolescents,”	4
16	177	Kelley	1
16	178	and	1
16	179	his	1
16	180	colleagues	1
16	181	pointed	1
16	182	out	1
16	183	in	1
16	184	the	1
16	185	paper,	2
16	186	“is	3
16	187	the	1
16	188	equivalent	1
16	189	of	1
16	190	a	1
16	191	4.30am	4
16	192	start	1
16	193	for	1
16	194	a	1
16	195	teacher	1
16	196	in	1
16	197	their	1
16	198	50s.”	5
16	199	He	1
16	200	says	1
16	201	it's	2
16	202	not	1
16	203	as	1
16	204	simple	1
16	205	as	1
16	206	persuading	2
16	207	teenagers	1
16	208	to	1
16	209	go	1
16	210	to	1
16	211	bed	1
16	212	earlier.	2
16	213	“The	3
16	214	body's	2
16	215	natural	1
16	216	rhythm	1
16	217	is	1
16	218	controlled	1
16	219	by	1
16	220	a	1
16	221	particular	1
16	222	kind	1
16	223	of	1
16	224	light,”	4
16	225	says	1
16	226	Kelley.	2
16	227	“The	3
16	228	eye	1
16	229	doesn't	2
16	230	just	1
16	231	contain	1
16	232	rods	1
16	233	and	1
16	234	cones;	2
16	235	it	1
16	236	contains	1
16	237	cells	1
16	238	that	1
16	239	then	1
16	240	report	1
16	241	to	1
16	242	the	1
16	243	suprachiasmatic	5
16	244	nuclei	2
16	245	in	1
16	246	the	1
16	247	hypothalamus.”	5
16	248	This	1
16	249	part	1
16	250	of	1
16	251	the	1
16	252	brain	1
16	253	controls	1
16	254	our	1
16	255	circadian	1
16	256	rhythms	1
16	257	over	1
16	258	a	1
16	259	24-hour	3
16	260	cycle.	2
16	261	It's	2
16	262	like	1
16	263	saying:	2
16	264	‘Why	3
16	265	can't	2
16	266	you	1
16	267	control	1
16	268	your	1
16	269	heartbeat?'”	4
16	270	But	1
16	271	it	1
16	272	isn't	2
16	273	just	1
16	274	students	1
16	275	who	1
16	276	would	1
16	277	benefit	1
16	278	from	1
16	279	a	1
16	280	later	1
16	281	start.	2
16	282	Kelley	1
16	283	says	1
16	284	the	1
16	285	working	1
16	286	day	1
16	287	should	1
16	288	be	1
16	289	more	1
16	290	forgiving	1
16	291	of	1
16	292	our	1
16	293	natural	1
16	294	rhythms.	2
16	295	Describing	2
16	296	the	1
16	297	average	1
16	298	sleep	1
16	299	loss	1
16	300	per	1
16	301	night	1
16	302	for	1
16	303	different	1
16	304	age	1
16	305	groups,	2
16	306	he	1
16	307	says:	2
16	308	“Between	3
16	309	14	1
16	310	and	1
16	311	24,	2
16	312	it's	2
16	313	more	1
16	314	than	1
16	315	two	1
16	316	hours.	2
16	317	For	1
16	318	people	1
16	319	aged	1
16	320	between	1
16	321	24	1
16	322	and	1
16	323	about	1
16	324	30	1
16	325	or	1
16	326	35,	2
16	327	it's	2
16	328	about	1
16	329	an	1
16	330	hour	1
16	331	and	1
16	332	a	1
16	333	half.	2
16	334	That	1
16	335	can	1
16	336	continue	1
16	337	up	1
16	338	until	1
16	339	you're	2
16	340	about	1
16	341	55	1
16	342	when	1
16	343	it's	2
16	344	in	1
16	345	balance	1
16	346	again.	2
16	347	The	1
16	348	10-year-old	5
16	349	and	1
16	350	55-year-old	5
16	351	wake	1
16	352	and	1
16	353	sleep	1
16	354	naturally	1
16	355	at	1
16	356	the	1
16	357	same	1
16	358	time.”	4
16	359	This	1
16	360	might	1
16	361	be	1
16	362	why,	2
16	363	he	1
16	364	adds,	2
16	365	the	1
16	366	traditional	1
16	367	nine	1
16	368	to	1
16	369	five	1
16	370	is	1
16	371	so	1
16	372	ingrained;	2
16	373	it	1
16	374	is	1
16	375	maintained	1
16	376	by	1
16	377	bosses,	2
16	378	many	1
16	379	of	1
16	380	them	1
16	381	in	1
16	382	their	1
16	383	mid-50s	4
16	384	and	1
16	385	upwards	1
16	386	because	1
16	387	“it	3
16	388	is	1
16	389	best	1
16	390	for	1
16	391	them”.	4
16	392	So,	2
16	393	should	1
16	394	workplaces	1
16	395	have	1
16	396	staggered	1
16	397	starting	1
16	398	times,	2
16	399	too?	2
16	400	Should	1
16	401	those	1
16	402	in	1
16	403	their	1
16	404	50s	2
16	405	and	1
16	406	above	1
16	407	come	1
16	408	in	1
16	409	at	1
16	410	8am,	3
16	411	while	1
16	412	those	1
16	413	in	1
16	414	their	1
16	415	30s	2
16	416	start	1
16	417	at	1
16	418	10am	2
16	419	and	1
16	420	the	1
16	421	teenage	1
16	422	intern	1
16	423	or	1
16	424	apprentice	1
16	425	be	1
16	426	encouraged	1
16	427	to	1
16	428	turn	1
16	429	up	1
16	430	at	1
16	431	11am?	3
16	432	Kelley	1
16	433	says	1
16	434	that	1
16	435	synchronized	1
16	436	hours	1
16	437	could	1
16	438	have	1
16	439	“many	3
16	440	positive	1
16	441	consequences.	2
16	442	The	1
16	443	positive	1
16	444	side	1
16	445	of	1
16	446	this	1
16	447	is	1
16	448	people's	2
16	449	performance,	2
16	450	mood	1
16	451	and	1
16	452	health	1
16	453	will	1
16	454	improve.	2
16	455	It's	2
16	456	very	1
16	457	uplifting	2
16	458	in	1
16	459	a	1
16	460	way	1
16	461	because	1
16	462	it's	2
16	463	a	1
16	464	solution	1
16	465	that	1
16	466	will	1
16	467	make	1
16	468	people	1
16	469	less	1
16	470	ill,	2
16	471	and	1
16	472	happier	1
16	473	and	1
16	474	better	1
16	475	at	1
16	476	what	1
16	477	they	1
16	478	do.”	4
16	479	There	1
16	480	would	1
16	481	probably	1
16	482	be	1
16	483	fewer	1
16	484	accidents	1
16	485	as	1
16	486	drivers	1
16	487	would	1
16	488	be	1
16	489	more	1
16	490	alert,	2
16	491	he	1
16	492	says.	2
16	493	It	1
16	494	could	1
16	495	spell	1
16	496	the	1
16	497	end	1
16	498	of	1
16	499	rush	1
16	500	hour	1
16	501	as	1
16	502	people	1
16	503	stagger	1
16	504	their	1
16	505	work	1
16	506	and	1
16	507	school-run	3
16	508	times.	2
16	509	A	1
16	510	later	1
16	511	start	1
16	512	to	1
16	513	the	1
16	514	day	1
16	515	for	1
16	516	many,	2
16	517	says	1
16	518	Kelley,	2
16	519	“is	3
16	520	something	1
16	521	that	1
16	522	would	1
16	523	benefit	1
16	524	everyone,	2
16	525	particularly	1
16	526	families.	2
16	527	Parents	1
16	528	go	1
16	529	and	1
16	530	try	1
16	531	to	1
16	532	wake	1
16	533	up	1
16	534	teenagers	1
16	535	who	1
16	536	are	1
16	537	waking	1
16	538	up	1
16	539	three	1
16	540	hours	1
16	541	too	1
16	542	early.	2
16	543	It	1
16	544	creates	1
16	545	tensions	1
16	546	for	1
16	547	everybody.”	4
16	548	So,	2
16	549	what	1
16	550	time	1
16	551	does	1
16	552	Kelley	1
16	553	start	1
16	554	work?	2
16	555	“I	3
16	556	am	1
16	557	67	1
16	558	so	1
16	559	that	1
16	560	means	1
16	561	I'm	2
16	562	back	1
16	563	to	1
16	564	being	1
16	565	ten	1
16	566	years	1
16	567	old	1
16	568	and	1
16	569	I	1
16	570	get	1
16	571	up	1
16	572	just	1
16	573	after	1
16	574	six.	2
16	575	I	1
16	576	wake	1
16	577	naturally.”	4
16	578	And,	2
16	579	yes,	2
16	580	he	1
16	581	says	1
16	582	he	1
16	583	finds	1
16	584	the	1
16	585	start	1
16	586	of	1
16	587	his	1
16	588	working	1
16	589	day	1
16	590	much	1
16	591	easier	1
16	592	now	1
16	593	than	1
16	594	he	1
16	595	did	1
16	596	when	1
16	597	he	1
16	598	was	1
16	599	younger.	2
17	0	Many	1
17	1	of	1
17	2	us	1
17	3	know	1
17	4	we	1
17	5	don't	2
17	6	get	1
17	7	enough	1
17	8	sleep,	2
17	9	but	1
17	10	imagine	1
17	11	if	1
17	12	there	1
17	13	was	1
17	14	a	1
17	15	simple	1
17	16	solution:	2
17	17	getting	1
17	18	up	1
17	19	later.	2
17	20	In	1
17	21	a	1
17	22	speech	1
17	23	at	1
17	24	the	1
17	25	British	1
17	26	Science	1
17	27	Festival,	2
17	28	Dr.	2
17	29	Paul	1
17	30	Kelley	1
17	31	from	1
17	32	Oxford	1
17	33	University	1
17	34	said	1
17	35	schools	1
17	36	should	1
17	37	stagger	1
17	38	their	1
17	39	starting	1
17	40	times	1
17	41	to	1
17	42	work	1
17	43	with	1
17	44	the	1
17	45	natural	1
17	46	rhythms	1
17	47	of	1
17	48	their	1
17	49	students.	2
17	50	This	1
17	51	would	1
17	52	improve	1
17	53	exam	1
17	54	results	1
17	55	and	1
17	56	students'	2
17	57	health	1
17	58	(lack	3
17	59	of	1
17	60	sleep	1
17	61	can	1
17	62	cause	1
17	63	diabetes,	2
17	64	depression,	2
17	65	obesity	1
17	66	and	1
17	67	other	1
17	68	health	1
17	69	problems).	2
17	70	Dr.	2
17	71	Kelley	1
17	72	said	1
17	73	that,	2
17	74	when	1
17	75	children	1
17	76	are	1
17	77	around	1
17	78	ten,	2
17	79	their	1
17	80	natural	1
17	81	wake-up	3
17	82	time	1
17	83	is	1
17	84	about	1
17	85	6.30am;	5
17	86	at	1
17	87	16,	2
17	88	this	1
17	89	rises	1
17	90	to	1
17	91	8am;	3
17	92	and,	2
17	93	at	1
17	94	18,	2
17	95	a	1
17	96	person's	2
17	97	natural	1
17	98	waking	1
17	99	hour	1
17	100	is	1
17	101	9am,	3
17	102	although	1
17	103	you	1
17	104	may	1
17	105	think	1
17	106	they	1
17	107	are	1
17	108	just	1
17	109	a	1
17	110	lazy	1
17	111	teenager.	2
17	112	The	1
17	113	normal	1
17	114	school	1
17	115	starting	1
17	116	time	1
17	117	works	1
17	118	for	1
17	119	10-year-olds	5
17	120	but	1
17	121	not	1
17	122	for	1
17	123	16-	2
17	124	to	1
17	125	18-year-olds.	6
17	126	For	1
17	127	the	1
17	128	older	1
17	129	teenagers,	2
17	130	it	1
17	131	might	1
17	132	be	1
17	133	better	1
17	134	to	1
17	135	start	1
17	136	the	1
17	137	school	1
17	138	day	1
17	139	at	1
17	140	11am	2
17	141	or	1
17	142	even	1
17	143	later.	2
17	144	“A	3
17	145	7am	2
17	146	wake-up	3
17	147	time	1
17	148	for	1
17	149	older	1
17	150	teenagers,”	4
17	151	says	1
17	152	Kelley,	2
17	153	“is	3
17	154	the	1
17	155	same	1
17	156	as	1
17	157	a	1
17	158	4.30am	4
17	159	start	1
17	160	for	1
17	161	a	1
17	162	teacher	1
17	163	in	1
17	164	their	1
17	165	50s.”	5
17	166	He	1
17	167	says	1
17	168	the	1
17	169	solution	1
17	170	is	1
17	171	not	1
17	172	to	1
17	173	tell	1
17	174	teenagers	1
17	175	to	1
17	176	go	1
17	177	to	1
17	178	bed	1
17	179	earlier.	2
17	180	“The	3
17	181	body's	2
17	182	natural	1
17	183	rhythm	1
17	184	is	1
17	185	controlled	1
17	186	by	1
17	187	a	1
17	188	particular	1
17	189	kind	1
17	190	of	1
17	191	light,”	4
17	192	says	1
17	193	Kelley.	2
17	194	“The	3
17	195	eye	1
17	196	has	1
17	197	cells	1
17	198	that	1
17	199	report	1
17	200	to	1
17	201	a	1
17	202	part	1
17	203	of	1
17	204	the	1
17	205	brain	1
17	206	that	1
17	207	controls	1
17	208	our	1
17	209	sleep	1
17	210	rhythms	1
17	211	over	1
17	212	a	1
17	213	24-hour	3
17	214	cycle.	2
17	215	It's	2
17	216	like	1
17	217	saying:	2
17	218	‘Why	3
17	219	can't	2
17	220	you	1
17	221	control	1
17	222	your	1
17	223	heartbeat?'”	4
17	224	But	1
17	225	it	1
17	226	isn't	2
17	227	just	1
17	228	students	1
17	229	who	1
17	230	would	1
17	231	benefit	1
17	232	from	1
17	233	a	1
17	234	later	1
17	235	start.	2
17	236	Kelley	1
17	237	says	1
17	238	the	1
17	239	working	1
17	240	day	1
17	241	should	1
17	242	be	1
17	243	more	1
17	244	linked	1
17	245	to	1
17	246	our	1
17	247	natural	1
17	248	rhythms.	2
17	249	Describing	2
17	250	the	1
17	251	average	1
17	252	sleep	1
17	253	loss	1
17	254	per	1
17	255	night	1
17	256	for	1
17	257	different	1
17	258	age	1
17	259	groups,	2
17	260	he	1
17	261	says:	2
17	262	“Between	3
17	263	14	1
17	264	and	1
17	265	24,	2
17	266	people	1
17	267	lose	1
17	268	more	1
17	269	than	1
17	270	two	1
17	271	hours.	2
17	272	For	1
17	273	people	1
17	274	aged	1
17	275	between	1
17	276	24	1
17	277	and	1
17	278	about	1
17	279	30	1
17	280	or	1
17	281	35,	2
17	282	they	1
17	283	lose	1
17	284	about	1
17	285	an	1
17	286	hour	1
17	287	and	1
17	288	a	1
17	289	half.	2
17	290	That	1
17	291	can	1
17	292	continue	1
17	293	up	1
17	294	until	1
17	295	you're	2
17	296	about	1
17	297	55	1
17	298	when	1
17	299	it's	2
17	300	in	1
17	301	balance	1
17	302	again.	2
17	303	The	1
17	304	10-year-old	5
17	305	and	1
17	306	55-year-old	5
17	307	wake	1
17	308	and	1
17	309	sleep	1
17	310	naturally	1
17	311	at	1
17	312	the	1
17	313	same	1
17	314	time.”	4
17	315	So,	2
17	316	should	1
17	317	workplaces	1
17	318	have	1
17	319	staggered	1
17	320	starting	1
17	321	times,	2
17	322	too?	2
17	323	Should	1
17	324	people	1
17	325	in	1
17	326	their	1
17	327	50s	2
17	328	and	1
17	329	above	1
17	330	come	1
17	331	in	1
17	332	at	1
17	333	8am,	3
17	334	people	1
17	335	in	1
17	336	their	1
17	337	30s	2
17	338	start	1
17	339	at	1
17	340	10am	2
17	341	and	1
17	342	the	1
17	343	teenage	1
17	344	apprentice	1
17	345	at	1
17	346	11am?	3
17	347	Kelley	1
17	348	says	1
17	349	that	1
17	350	synchronized	1
17	351	hours	1
17	352	could	1
17	353	have	1
17	354	“many	3
17	355	positive	1
17	356	effects.	2
17	357	The	1
17	358	positive	1
17	359	side	1
17	360	is	1
17	361	that	1
17	362	people's	2
17	363	performance,	2
17	364	mood	1
17	365	and	1
17	366	health	1
17	367	will	1
17	368	improve.	2
17	369	It's	2
17	370	very	1
17	371	positive	1
17	372	because	1
17	373	it's	2
17	374	a	1
17	375	solution	1
17	376	that	1
17	377	will	1
17	378	make	1
17	379	people	1
17	380	less	1
17	381	ill,	2
17	382	and	1
17	383	happier	1
17	384	and	1
17	385	better	1
17	386	at	1
17	387	what	1
17	388	they	1
17	389	do.”	4
17	390	There	1
17	391	would	1
17	392	probably	1
17	393	be	1
17	394	fewer	1
17	395	accidents	1
17	396	because	1
17	397	drivers	1
17	398	would	1
17	399	be	1
17	400	more	1
17	401	awake,	2
17	402	he	1
17	403	says.	2
17	404	It	1
17	405	could	1
17	406	mean	1
17	407	the	1
17	408	end	1
17	409	of	1
17	410	rush	1
17	411	hour	1
17	412	because	1
17	413	people	1
17	414	would	1
17	415	stagger	1
17	416	their	1
17	417	work	1
17	418	times	1
17	419	and	1
17	420	the	1
17	421	times	1
17	422	of	1
17	423	their	1
17	424	school	1
17	425	run.	2
17	426	A	1
17	427	later	1
17	428	start	1
17	429	to	1
17	430	the	1
17	431	day	1
17	432	for	1
17	433	many,	2
17	434	says	1
17	435	Kelley,	2
17	436	“is	3
17	437	something	1
17	438	that	1
17	439	would	1
17	440	benefit	1
17	441	all	1
17	442	people,	2
17	443	particularly	1
17	444	families.	2
17	445	Parents	1
17	446	go	1
17	447	and	1
17	448	try	1
17	449	to	1
17	450	wake	1
17	451	up	1
17	452	teenagers	1
17	453	who	1
17	454	are	1
17	455	waking	1
17	456	up	1
17	457	three	1
17	458	hours	1
17	459	too	1
17	460	early.	2
17	461	It	1
17	462	creates	1
17	463	problems	1
17	464	for	1
17	465	everybody.”	4
17	466	So,	2
17	467	what	1
17	468	time	1
17	469	does	1
17	470	Kelley	1
17	471	start	1
17	472	work?	2
17	473	“I	3
17	474	am	1
17	475	67	1
17	476	so	1
17	477	that	1
17	478	means	1
17	479	I'm	2
17	480	like	1
17	481	a	1
17	482	10-year-old	5
17	483	and	1
17	484	I	1
17	485	get	1
17	486	up	1
17	487	just	1
17	488	after	1
17	489	six.	2
17	490	I	1
17	491	wake	1
17	492	naturally.”	4
17	493	And,	2
17	494	yes,	2
17	495	he	1
17	496	says	1
17	497	he	1
17	498	finds	1
17	499	the	1
17	500	start	1
17	501	of	1
17	502	his	1
17	503	working	1
17	504	day	1
17	505	much	1
17	506	easier	1
17	507	now	1
17	508	than	1
17	509	when	1
17	510	he	1
17	511	was	1
17	512	younger.	2
18	0	Agios	2
18	1	Efstratios	5
18	2	is	1
18	3	so	1
18	4	remote,	2
18	5	so	1
18	6	forgotten	1
18	7	by	1
18	8	the	1
18	9	banks,	2
18	10	the	1
18	11	government	1
18	12	and	1
18	13	most	1
18	14	of	1
18	15	the	1
18	16	modern	1
18	17	world	1
18	18	that	1
18	19	the	1
18	20	mobile	1
18	21	phone	1
18	22	network	1
18	23	can't	2
18	24	process	1
18	25	data	1
18	26	and	1
18	27	there	1
18	28	isn't	2
18	29	a	1
18	30	single	1
18	31	ATM	1
18	32	or	1
18	33	credit-	2
18	34	card	1
18	35	machine	1
18	36	on	1
18	37	the	1
18	38	island.	2
18	39	Before	1
18	40	Greece	1
18	41	was	1
18	42	plunged	1
18	43	into	1
18	44	financial	1
18	45	chaos,	2
18	46	residents	1
18	47	of	1
18	48	this	1
18	49	tranquil	1
18	50	outpost	1
18	51	in	1
18	52	the	1
18	53	northern	1
18	54	Aegean	3
18	55	managed	1
18	56	quite	1
18	57	well.	2
18	58	They	1
18	59	did	1
18	60	their	1
18	61	banking	1
18	62	at	1
18	63	the	1
18	64	post	1
18	65	office	1
18	66	and	1
18	67	the	1
18	68	few	1
18	69	dozen	1
18	70	rooms	1
18	71	to	1
18	72	rent	1
18	73	were	1
18	74	booked	1
18	75	out	1
18	76	every	1
18	77	summer	1
18	78	with	1
18	79	people	1
18	80	who	1
18	81	had	1
18	82	heard	1
18	83	–	1
18	84	by	1
18	85	word	1
18	86	of	1
18	87	mouth	1
18	88	–	1
18	89	of	1
18	90	its	1
18	91	spectacular	1
18	92	empty	1
18	93	beaches,	2
18	94	clear	1
18	95	seas	1
18	96	and	1
18	97	fresh	1
18	98	seafood.	2
18	99	But,	2
18	100	because	1
18	101	the	1
18	102	island	1
18	103	still	1
18	104	runs	1
18	105	on	1
18	106	cash,	2
18	107	the	1
18	108	closure	1
18	109	of	1
18	110	banks	1
18	111	nationwide	1
18	112	has	1
18	113	been	1
18	114	devastating.	2
18	115	Residents	1
18	116	have	1
18	117	been	1
18	118	forced	1
18	119	to	1
18	120	make	1
18	121	nine-hour	3
18	122	round	1
18	123	trips	1
18	124	to	1
18	125	the	1
18	126	nearest	1
18	127	big	1
18	128	island	1
18	129	to	1
18	130	get	1
18	131	cash	1
18	132	and	1
18	133	Greek	1
18	134	visitors	1
18	135	say	1
18	136	they	1
18	137	can't	2
18	138	get	1
18	139	together	1
18	140	enough	1
18	141	cash	1
18	142	to	1
18	143	come.	2
18	144	“Tourist	4
18	145	numbers	1
18	146	are	1
18	147	down	1
18	148	80%	2
18	149	this	1
18	150	year,”	4
18	151	said	1
18	152	Mayor	1
18	153	Maria	1
18	154	Kakali,	3
18	155	in	1
18	156	an	1
18	157	office	1
18	158	in	1
18	159	the	1
18	160	village	1
18	161	where	1
18	162	she	1
18	163	grew	1
18	164	up,	2
18	165	home	1
18	166	to	1
18	167	around	1
18	168	200	1
18	169	people.	2
18	170	“Even	3
18	171	people	1
18	172	born	1
18	173	here	1
18	174	and	1
18	175	living	1
18	176	in	1
18	177	Athens,	2
18	178	who	1
18	179	have	1
18	180	their	1
18	181	own	1
18	182	places	1
18	183	on	1
18	184	the	1
18	185	island,	2
18	186	aren't	2
18	187	coming.”	4
18	188	Kakali	2
18	189	has	1
18	190	badgered	2
18	191	the	1
18	192	government	1
18	193	and	1
18	194	a	1
18	195	major	1
18	196	Greek	1
18	197	bank	1
18	198	into	1
18	199	promising	1
18	200	an	1
18	201	ATM	1
18	202	within	1
18	203	weeks	1
18	204	but	1
18	205	she	1
18	206	still	1
18	207	feels	1
18	208	it	1
18	209	may	1
18	210	come	1
18	211	too	1
18	212	late	1
18	213	for	1
18	214	this	1
18	215	season	1
18	216	on	1
18	217	an	1
18	218	island	1
18	219	where	1
18	220	tourism	1
18	221	dwarfs	2
18	222	the	1
18	223	two	1
18	224	other	1
18	225	sources	1
18	226	of	1
18	227	income:	2
18	228	fishing	1
18	229	and	1
18	230	agriculture:	2
18	231	“We	3
18	232	have	1
18	233	almost	1
18	234	no	1
18	235	reservations	1
18	236	in	1
18	237	August,	2
18	238	when	1
18	239	usually	1
18	240	we	1
18	241	have	1
18	242	people	1
18	243	calling	1
18	244	us	1
18	245	up	1
18	246	asking	1
18	247	to	1
18	248	find	1
18	249	a	1
18	250	room	1
18	251	and	1
18	252	we	1
18	253	can't	2
18	254	help	1
18	255	them.”	4
18	256	A	1
18	257	hard	1
18	258	winter	1
18	259	ahead	1
18	260	may	1
18	261	be	1
18	262	slightly	1
18	263	improved	1
18	264	by	1
18	265	50	1
18	266	workers	1
18	267	billeted	3
18	268	in	1
18	269	the	1
18	270	village	1
18	271	to	1
18	272	expand	1
18	273	the	1
18	274	harbor	1
18	275	but	1
18	276	there	1
18	277	is	1
18	278	an	1
18	279	even	1
18	280	bigger	1
18	281	crisis	1
18	282	looming	1
18	283	because	1
18	284	the	1
18	285	government	1
18	286	has	1
18	287	said	1
18	288	it	1
18	289	will	1
18	290	end	1
18	291	a	1
18	292	decades-old	3
18	293	tax	1
18	294	break	1
18	295	for	1
18	296	islands.	2
18	297	Created	1
18	298	to	1
18	299	help	1
18	300	island	1
18	301	communities	1
18	302	survive	1
18	303	when	1
18	304	they	1
18	305	were	1
18	306	suffering	1
18	307	mass	1
18	308	emigration,	3
18	309	a	1
18	310	lower	1
18	311	sales	1
18	312	tax	1
18	313	contained	1
18	314	the	1
18	315	costs	1
18	316	of	1
18	317	living	1
18	318	in	1
18	319	places	1
18	320	where	1
18	321	everything	1
18	322	had	1
18	323	to	1
18	324	be	1
18	325	imported	1
18	326	and	1
18	327	made	1
18	328	tourism	1
18	329	more	1
18	330	affordable.	2
18	331	Tourist	2
18	332	favorites	1
18	333	such	1
18	334	as	1
18	335	Mykonos	4
18	336	fear	1
18	337	that	1
18	338	losing	1
18	339	the	1
18	340	tax	1
18	341	breaks	1
18	342	will	1
18	343	make	1
18	344	it	1
18	345	hard	1
18	346	for	1
18	347	them	1
18	348	to	1
18	349	compete	1
18	350	with	1
18	351	Turkey	1
18	352	but,	2
18	353	for	1
18	354	Agios	2
18	355	Efstratios,	6
18	356	it	1
18	357	poses	1
18	358	a	1
18	359	far	1
18	360	greater	1
18	361	threat.	2
18	362	“If	3
18	363	we	1
18	364	have	1
18	365	to	1
18	366	pay	1
18	367	a	1
18	368	tax	1
18	369	of	1
18	370	23%,	2
18	371	I'm	2
18	372	sorry	1
18	373	to	1
18	374	say	1
18	375	it	1
18	376	but	1
18	377	we	1
18	378	will	1
18	379	all	1
18	380	die	1
18	381	on	1
18	382	the	1
18	383	island,”	4
18	384	says	1
18	385	Kakali.	3
18	386	Food	1
18	387	and	1
18	388	fuel	1
18	389	are	1
18	390	already	1
18	391	more	1
18	392	expensive	1
18	393	than	1
18	394	on	1
18	395	mainland	1
18	396	Greece,	2
18	397	there	1
18	398	are	1
18	399	no	1
18	400	economies	1
18	401	of	1
18	402	scale	1
18	403	and	1
18	404	little	1
18	405	economic	1
18	406	flexibility	1
18	407	on	1
18	408	an	1
18	409	island	1
18	410	which,	2
18	411	even	1
18	412	in	1
18	413	summer,	2
18	414	has	1
18	415	only	1
18	416	three	1
18	417	shops,	2
18	418	two	1
18	419	restaurants	1
18	420	and	1
18	421	not	1
18	422	a	1
18	423	single	1
18	424	official	1
18	425	hotel.	2
18	426	“This	3
18	427	is	1
18	428	an	1
18	429	expensive	1
18	430	island.	2
18	431	Everything,	2
18	432	even	1
18	433	milk	1
18	434	or	1
18	435	bread,	2
18	436	has	1
18	437	changed	1
18	438	hands	1
18	439	three	1
18	440	or	1
18	441	four	1
18	442	times	1
18	443	before	1
18	444	it	1
18	445	gets	1
18	446	to	1
18	447	us	1
18	448	and	1
18	449	each	1
18	450	middleman	2
18	451	has	1
18	452	to	1
18	453	take	1
18	454	a	1
18	455	profit,”	4
18	456	said	1
18	457	Provatas	3
18	458	Costas,	3
18	459	a	1
18	460	58-year-old	5
18	461	fisherman.	2
18	462	For	1
18	463	Agios	2
18	464	Efstratios	5
18	465	and	1
18	466	its	1
18	467	closest	1
18	468	large	1
18	469	neighbor,	2
18	470	Lemnos,	3
18	471	the	1
18	472	timing	1
18	473	of	1
18	474	the	1
18	475	crisis	1
18	476	is	1
18	477	particularly	1
18	478	cruel.	2
18	479	They	1
18	480	were	1
18	481	condemned	1
18	482	to	1
18	483	relative	1
18	484	obscurity	1
18	485	for	1
18	486	years	1
18	487	in	1
18	488	part	1
18	489	because	1
18	490	they	1
18	491	are	1
18	492	served	1
18	493	by	1
18	494	slow	1
18	495	and	1
18	496	unreliable	1
18	497	ferries.	3
18	498	In	1
18	499	2015,	2
18	500	the	1
18	501	government	1
18	502	had	1
18	503	finally	1
18	504	given	1
18	505	the	1
18	506	contract	1
18	507	to	1
18	508	a	1
18	509	new,	2
18	510	efficient	1
18	511	company,	2
18	512	drawing	1
18	513	floods	1
18	514	of	1
18	515	new	1
18	516	visitors	1
18	517	to	1
18	518	explore	1
18	519	the	1
18	520	islands'	2
18	521	largely	1
18	522	overlooked	1
18	523	charms,	2
18	524	before	1
18	525	the	1
18	526	bank	1
18	527	controls	1
18	528	hit.	2
18	529	“This	3
18	530	season	1
18	531	started	1
18	532	out	1
18	533	as	1
18	534	the	1
18	535	best	1
18	536	season	1
18	537	in	1
18	538	30	1
18	539	years	1
18	540	and,	2
18	541	in	1
18	542	one	1
18	543	week,	2
18	544	became	1
18	545	the	1
18	546	worst,”	4
18	547	said	1
18	548	Atzamis	4
18	549	Konstantinos,	4
18	550	a	1
18	551	travel	1
18	552	agent	1
18	553	in	1
18	554	Lemnos	2
18	555	who	1
18	556	used	1
18	557	to	1
18	558	earn	1
18	559	€15,000	4
18	560	a	1
18	561	month	1
18	562	as	1
18	563	a	1
18	564	captain	1
18	565	of	1
18	566	petroleum	1
18	567	tankers	2
18	568	and	1
18	569	other	1
18	570	large	1
18	571	ships	1
18	572	but	1
18	573	came	1
18	574	home	1
18	575	because	1
18	576	he	1
18	577	missed	1
18	578	it	1
18	579	so	1
18	580	much.	2
18	581	Lemnos	2
18	582	has	1
18	583	dozens	1
18	584	of	1
18	585	wild	1
18	586	beaches,	2
18	587	where	1
18	588	even	1
18	589	at	1
18	590	the	1
18	591	height	1
18	592	of	1
18	593	summer	1
18	594	you	1
18	595	can	1
18	596	swim	1
18	597	and	1
18	598	sunbathe	3
18	599	virtually	1
18	600	alone,	2
18	601	a	1
18	602	small	1
18	603	nightlife	2
18	604	scene,	2
18	605	and	1
18	606	numerous	1
18	607	cultural	1
18	608	sites.	2
18	609	Lemnos	2
18	610	is	1
18	611	the	1
18	612	eighth	1
18	613	largest	1
18	614	island	1
18	615	in	1
18	616	Greece	1
18	617	so	1
18	618	it	1
18	619	is	1
18	620	in	1
18	621	line	1
18	622	for	1
18	623	the	1
18	624	first	1
18	625	round	1
18	626	of	1
18	627	tax	1
18	628	increases	1
18	629	in	1
18	630	autumn	1
18	631	2015	1
18	632	but	1
18	633	far	1
18	634	less	1
18	635	wealthy	1
18	636	than	1
18	637	many	1
18	638	smaller	1
18	639	ones.	2
18	640	It	1
18	641	has	1
18	642	just	1
18	643	over	1
18	644	3,000	3
18	645	beds	1
18	646	for	1
18	647	visitors,	2
18	648	compared	1
18	649	with	1
18	650	tens	1
18	651	of	1
18	652	thousands	1
18	653	on	1
18	654	an	1
18	655	island	1
18	656	such	1
18	657	as	1
18	658	Rhodes.	2
18	659	Its	1
18	660	councilors	2
18	661	say	1
18	662	that	1
18	663	they	1
18	664	will	1
18	665	fight	1
18	666	the	1
18	667	tax	1
18	668	rise,	2
18	669	although	1
18	670	none	1
18	671	can	1
18	672	say	1
18	673	how.	2
18	674	“We	3
18	675	have	1
18	676	been	1
18	677	suffering	1
18	678	economically	1
18	679	in	1
18	680	recent	1
18	681	years	1
18	682	and,	2
18	683	now,	2
18	684	we	1
18	685	will	1
18	686	suffer	1
18	687	more,”	4
18	688	said	1
18	689	Lemnos	2
18	690	Mayor,	2
18	691	Dimitris	3
18	692	Marinakis.	3
18	693	“When	3
18	694	there	1
18	695	is	1
18	696	not	1
18	697	enough	1
18	698	money,	2
18	699	you	1
18	700	reduce	1
18	701	your	1
18	702	consumption	1
18	703	and	1
18	704	therefore	1
18	705	the	1
18	706	whole	1
18	707	economy	1
18	708	declines.”	4
18	709	If	1
18	710	taxes	1
18	711	go	1
18	712	up,	2
18	713	even	1
18	714	more	1
18	715	young	1
18	716	people	1
18	717	will	1
18	718	leave,	2
18	719	warns	1
18	720	Mayor	1
18	721	Kakali,	3
18	722	who	1
18	723	has	1
18	724	devoted	1
18	725	her	1
18	726	year	1
18	727	in	1
18	728	office	1
18	729	to	1
18	730	improving	1
18	731	education	1
18	732	on	1
18	733	the	1
18	734	island	1
18	735	to	1
18	736	help	1
18	737	keep	1
18	738	it	1
18	739	an	1
18	740	attractive	1
18	741	place	1
18	742	for	1
18	743	families.	2
18	744	Because	1
18	745	it	1
18	746	is	1
18	747	one	1
18	748	of	1
18	749	the	1
18	750	smallest	1
18	751	islands,	2
18	752	Agios	2
18	753	Efstratios	5
18	754	has	1
18	755	until	1
18	756	2017	1
18	757	before	1
18	758	the	1
18	759	rise	1
18	760	is	1
18	761	due	1
18	762	to	1
18	763	come	1
18	764	in,	2
18	765	so	1
18	766	Kakali	2
18	767	hopes	1
18	768	that	1
18	769	the	1
18	770	roller	1
18	771	coaster	1
18	772	of	1
18	773	Greek	1
18	774	politics	1
18	775	means	1
18	776	it	1
18	777	yet	1
18	778	may	1
18	779	be	1
18	780	spared.	2
18	781	If	1
18	782	not,	2
18	783	though,	2
18	784	she	1
18	785	plans	1
18	786	to	1
18	787	travel	1
18	788	to	1
18	789	Athens	1
18	790	to	1
18	791	remind	1
18	792	the	1
18	793	distant	1
18	794	government	1
18	795	what	1
18	796	the	1
18	797	tax	1
18	798	rise	1
18	799	would	1
18	800	cost.	2
18	801	“The	3
18	802	truth	1
18	803	is	1
18	804	the	1
18	805	government	1
18	806	doesn't	2
18	807	pay	1
18	808	much	1
18	809	attention	1
18	810	to	1
18	811	the	1
18	812	islands	1
18	813	of	1
18	814	the	1
18	815	north	1
18	816	Aegean,”	6
18	817	she	1
18	818	said,	2
18	819	“so	3
18	820	I	1
18	821	would	1
18	822	take	1
18	823	all	1
18	824	the	1
18	825	kids	1
18	826	from	1
18	827	our	1
18	828	school	1
18	829	to	1
18	830	the	1
18	831	gates	1
18	832	of	1
18	833	parliament,	2
18	834	to	1
18	835	tell	1
18	836	them:	2
18	837	‘There	3
18	838	is	1
18	839	still	1
18	840	life	1
18	841	in	1
18	842	these	1
18	843	islands'.”	4
19	0	The	1
19	1	Greek	1
19	2	island	1
19	3	of	1
19	4	Agios	2
19	5	Efstratios	5
19	6	is	1
19	7	very	1
19	8	remote.	2
19	9	It	1
19	10	has	1
19	11	been	1
19	12	forgotten	1
19	13	by	1
19	14	the	1
19	15	banks,	2
19	16	the	1
19	17	government	1
19	18	and	1
19	19	most	1
19	20	of	1
19	21	the	1
19	22	modern	1
19	23	world.	2
19	24	It	1
19	25	doesn't	2
19	26	have	1
19	27	a	1
19	28	single	1
19	29	ATM	1
19	30	or	1
19	31	credit-card	3
19	32	machine.	2
19	33	Before	1
19	34	the	1
19	35	economic	1
19	36	crisis	1
19	37	in	1
19	38	Greece,	2
19	39	the	1
19	40	people	1
19	41	of	1
19	42	this	1
19	43	peaceful	1
19	44	island	1
19	45	in	1
19	46	the	1
19	47	northern	1
19	48	Aegean	3
19	49	lived	1
19	50	quite	1
19	51	well.	2
19	52	The	1
19	53	few	1
19	54	rooms	1
19	55	to	1
19	56	rent	1
19	57	were	1
19	58	fully	1
19	59	booked	1
19	60	every	1
19	61	summer	1
19	62	with	1
19	63	people	1
19	64	enjoying	1
19	65	its	1
19	66	empty	1
19	67	beaches,	2
19	68	clear	1
19	69	seas	1
19	70	and	1
19	71	fresh	1
19	72	seafood.	2
19	73	But	1
19	74	the	1
19	75	island	1
19	76	still	1
19	77	uses	1
19	78	only	1
19	79	cash	1
19	80	so	1
19	81	the	1
19	82	closure	1
19	83	of	1
19	84	the	1
19	85	Greek	1
19	86	banks	1
19	87	has	1
19	88	had	1
19	89	a	1
19	90	serious	1
19	91	effect.	2
19	92	Local	1
19	93	people	1
19	94	have	1
19	95	to	1
19	96	make	1
19	97	nine-hour	3
19	98	round	1
19	99	trips	1
19	100	to	1
19	101	the	1
19	102	nearest	1
19	103	big	1
19	104	island	1
19	105	to	1
19	106	get	1
19	107	cash.	2
19	108	Greek	1
19	109	visitors	1
19	110	say	1
19	111	they	1
19	112	don't	2
19	113	have	1
19	114	enough	1
19	115	cash	1
19	116	to	1
19	117	come.	2
19	118	“Tourist	4
19	119	numbers	1
19	120	have	1
19	121	reduced	1
19	122	by	1
19	123	80%	2
19	124	this	1
19	125	year,”	4
19	126	said	1
19	127	Mayor	1
19	128	Maria	1
19	129	Kakali,	3
19	130	in	1
19	131	an	1
19	132	office	1
19	133	in	1
19	134	the	1
19	135	village	1
19	136	where	1
19	137	she	1
19	138	grew	1
19	139	up.	2
19	140	The	1
19	141	village	1
19	142	has	1
19	143	about	1
19	144	200	1
19	145	people.	2
19	146	“Even	3
19	147	people	1
19	148	born	1
19	149	here	1
19	150	and	1
19	151	living	1
19	152	in	1
19	153	Athens,	2
19	154	who	1
19	155	have	1
19	156	their	1
19	157	own	1
19	158	places	1
19	159	on	1
19	160	the	1
19	161	island,	2
19	162	aren't	2
19	163	coming.”	4
19	164	Kakali	2
19	165	has	1
19	166	asked	1
19	167	the	1
19	168	government	1
19	169	and	1
19	170	a	1
19	171	major	1
19	172	Greek	1
19	173	bank	1
19	174	to	1
19	175	install	1
19	176	an	1
19	177	ATM,	2
19	178	and	1
19	179	this	1
19	180	should	1
19	181	arrive	1
19	182	soon.	2
19	183	But	1
19	184	tourism	1
19	185	is	1
19	186	the	1
19	187	main	1
19	188	business	1
19	189	on	1
19	190	the	1
19	191	island,	2
19	192	and	1
19	193	she	1
19	194	feels	1
19	195	the	1
19	196	ATM	1
19	197	may	1
19	198	come	1
19	199	too	1
19	200	late	1
19	201	for	1
19	202	this	1
19	203	season.	2
19	204	“We	3
19	205	have	1
19	206	almost	1
19	207	no	1
19	208	reservations	1
19	209	in	1
19	210	August,	2
19	211	when	1
19	212	usually	1
19	213	we	1
19	214	are	1
19	215	full.”	4
19	216	But	1
19	217	there	1
19	218	is	1
19	219	an	1
19	220	even	1
19	221	bigger	1
19	222	crisis	1
19	223	ahead	1
19	224	–	1
19	225	the	1
19	226	government	1
19	227	has	1
19	228	said	1
19	229	it	1
19	230	will	1
19	231	end	1
19	232	a	1
19	233	tax	1
19	234	break	1
19	235	for	1
19	236	islands.	2
19	237	The	1
19	238	sales	1
19	239	tax	1
19	240	break	1
19	241	was	1
19	242	created	1
19	243	to	1
19	244	help	1
19	245	people	1
19	246	on	1
19	247	islands	1
19	248	survive	1
19	249	when	1
19	250	lots	1
19	251	of	1
19	252	people	1
19	253	were	1
19	254	emigrating.	4
19	255	Islands	1
19	256	that	1
19	257	are	1
19	258	popular	1
19	259	with	1
19	260	tourists,	2
19	261	such	1
19	262	as	1
19	263	Mykonos,	5
19	264	fear	1
19	265	that	1
19	266	losing	1
19	267	the	1
19	268	tax	1
19	269	break	1
19	270	will	1
19	271	make	1
19	272	things	1
19	273	very	1
19	274	hard	1
19	275	for	1
19	276	them.	2
19	277	But,	2
19	278	for	1
19	279	Agios	2
19	280	Efstratios,	6
19	281	it	1
19	282	is	1
19	283	a	1
19	284	much	1
19	285	bigger	1
19	286	problem.	2
19	287	“If	3
19	288	we	1
19	289	have	1
19	290	to	1
19	291	pay	1
19	292	a	1
19	293	tax	1
19	294	of	1
19	295	23%,	2
19	296	we	1
19	297	will	1
19	298	all	1
19	299	die	1
19	300	on	1
19	301	the	1
19	302	island,”	4
19	303	says	1
19	304	Kakali.	3
19	305	Food	1
19	306	and	1
19	307	fuel	1
19	308	are	1
19	309	already	1
19	310	more	1
19	311	expensive	1
19	312	than	1
19	313	on	1
19	314	mainland	1
19	315	Greece.	2
19	316	Even	1
19	317	in	1
19	318	summer,	2
19	319	the	1
19	320	island	1
19	321	has	1
19	322	only	1
19	323	three	1
19	324	shops,	2
19	325	two	1
19	326	restaurants	1
19	327	and	1
19	328	not	1
19	329	one	1
19	330	official	1
19	331	hotel.	2
19	332	“This	3
19	333	is	1
19	334	an	1
19	335	expensive	1
19	336	island.	2
19	337	Everything,	2
19	338	even	1
19	339	milk	1
19	340	or	1
19	341	bread,	2
19	342	has	1
19	343	been	1
19	344	bought	1
19	345	and	1
19	346	sold	1
19	347	three	1
19	348	or	1
19	349	four	1
19	350	times	1
19	351	by	1
19	352	middlemen	2
19	353	before	1
19	354	it	1
19	355	gets	1
19	356	to	1
19	357	us	1
19	358	and	1
19	359	so	1
19	360	is	1
19	361	very	1
19	362	expensive,”	4
19	363	said	1
19	364	Provatas	3
19	365	Costas,	3
19	366	a	1
19	367	58-year-old	5
19	368	fisherman.	2
19	369	Things	1
19	370	are	1
19	371	also	1
19	372	difficult	1
19	373	for	1
19	374	the	1
19	375	island	1
19	376	of	1
19	377	Lemnos,	3
19	378	the	1
19	379	closest	1
19	380	large	1
19	381	neighbor	1
19	382	of	1
19	383	Agios	2
19	384	Efstratios.	6
19	385	People	1
19	386	saw	1
19	387	the	1
19	388	islands	1
19	389	as	1
19	390	remote	1
19	391	for	1
19	392	years	1
19	393	partly	1
19	394	because	1
19	395	the	1
19	396	only	1
19	397	way	1
19	398	to	1
19	399	get	1
19	400	there	1
19	401	was	1
19	402	by	1
19	403	slow	1
19	404	and	1
19	405	unreliable	1
19	406	ferries.	3
19	407	In	1
19	408	2015,	2
19	409	they	1
19	410	finally	1
19	411	had	1
19	412	new,	2
19	413	efficient	1
19	414	ferries	2
19	415	and	1
19	416	this	1
19	417	brought	1
19	418	many	1
19	419	new	1
19	420	visitors	1
19	421	to	1
19	422	explore	1
19	423	these	1
19	424	islands.	2
19	425	But,	2
19	426	then,	2
19	427	the	1
19	428	bank	1
19	429	controls	1
19	430	began.	2
19	431	“This	3
19	432	season	1
19	433	started	1
19	434	as	1
19	435	the	1
19	436	best	1
19	437	season	1
19	438	in	1
19	439	30	1
19	440	years	1
19	441	and,	2
19	442	in	1
19	443	one	1
19	444	week,	2
19	445	it	1
19	446	became	1
19	447	the	1
19	448	worst,”	4
19	449	said	1
19	450	Atzamis	4
19	451	Konstantinos,	4
19	452	a	1
19	453	travel	1
19	454	agent	1
19	455	in	1
19	456	Lemnos.	3
19	457	Lemnos	2
19	458	has	1
19	459	wild	1
19	460	beaches,	2
19	461	where	1
19	462	you	1
19	463	can	1
19	464	swim	1
19	465	and	1
19	466	sunbathe	3
19	467	almost	1
19	468	alone,	2
19	469	a	1
19	470	small	1
19	471	nightlife	2
19	472	scene	1
19	473	and	1
19	474	many	1
19	475	cultural	1
19	476	sites.	2
19	477	Lemnos	2
19	478	is	1
19	479	the	1
19	480	eighth	1
19	481	largest	1
19	482	island	1
19	483	in	1
19	484	Greece	1
19	485	so	1
19	486	it	1
19	487	will	1
19	488	have	1
19	489	to	1
19	490	pay	1
19	491	the	1
19	492	first	1
19	493	round	1
19	494	of	1
19	495	tax	1
19	496	increases	1
19	497	in	1
19	498	autumn	1
19	499	2015.	2
19	500	But	1
19	501	Lemnos	2
19	502	is	1
19	503	far	1
19	504	less	1
19	505	wealthy	1
19	506	than	1
19	507	many	1
19	508	smaller	1
19	509	islands.	2
19	510	It	1
19	511	has	1
19	512	just	1
19	513	over	1
19	514	3,000	3
19	515	beds	1
19	516	for	1
19	517	visitors	1
19	518	–	1
19	519	Rhodes,	2
19	520	for	1
19	521	example,	2
19	522	has	1
19	523	tens	1
19	524	of	1
19	525	thousands	1
19	526	of	1
19	527	beds.	2
19	528	“We	3
19	529	have	1
19	530	been	1
19	531	suffering	1
19	532	economically	1
19	533	in	1
19	534	recent	1
19	535	years	1
19	536	and	1
19	537	now	1
19	538	we	1
19	539	will	1
19	540	suffer	1
19	541	more,”	4
19	542	said	1
19	543	Lemnos	2
19	544	Mayor,	2
19	545	Dimitris	3
19	546	Marinakis.	3
19	547	If	1
19	548	taxes	1
19	549	go	1
19	550	up,	2
19	551	more	1
19	552	young	1
19	553	people	1
19	554	will	1
19	555	leave,	2
19	556	warns	1
19	557	Mayor	1
19	558	Kakali.	3
19	559	Because	1
19	560	it	1
19	561	is	1
19	562	one	1
19	563	of	1
19	564	the	1
19	565	smallest	1
19	566	islands,	2
19	567	Agios	2
19	568	Efstratios	5
19	569	will	1
19	570	not	1
19	571	have	1
19	572	to	1
19	573	pay	1
19	574	the	1
19	575	tax	1
19	576	increase	1
19	577	until	1
19	578	2017.	2
19	579	And	1
19	580	Kakali	2
19	581	hopes	1
19	582	the	1
19	583	political	1
19	584	situation	1
19	585	in	1
19	586	Greece	1
19	587	will	1
19	588	change	1
19	589	before	1
19	590	then.	2
19	591	But,	2
19	592	if	1
19	593	not,	2
19	594	she	1
19	595	plans	1
19	596	to	1
19	597	travel	1
19	598	to	1
19	599	Athens	1
19	600	to	1
19	601	remind	1
19	602	the	1
19	603	distant	1
19	604	government	1
19	605	what	1
19	606	the	1
19	607	tax	1
19	608	rise	1
19	609	would	1
19	610	cost.	2
19	611	“The	3
19	612	government	1
19	613	doesn't	2
19	614	pay	1
19	615	much	1
19	616	attention	1
19	617	to	1
19	618	the	1
19	619	islands	1
19	620	of	1
19	621	the	1
19	622	north	1
19	623	Aegean,”	6
19	624	she	1
19	625	said,	2
19	626	“so	3
19	627	I	1
19	628	would	1
19	629	take	1
19	630	all	1
19	631	the	1
19	632	kids	1
19	633	from	1
19	634	our	1
19	635	school	1
19	636	to	1
19	637	the	1
19	638	gates	1
19	639	of	1
19	640	parliament,	2
19	641	to	1
19	642	tell	1
19	643	them:	2
19	644	‘There	3
19	645	is	1
19	646	still	1
19	647	life	1
19	648	in	1
19	649	these	1
19	650	islands'.”	4
20	0	There	1
20	1	are	1
20	2	approximately	1
20	3	50,000	3
20	4	mystery	1
20	5	shopping	1
20	6	trips	1
20	7	carried	1
20	8	out	1
20	9	every	1
20	10	month	1
20	11	in	1
20	12	the	1
20	13	UK,	2
20	14	according	1
20	15	to	1
20	16	the	1
20	17	Mystery	1
20	18	Shopping	1
20	19	Providers	2
20	20	Association,	2
20	21	and,	2
20	22	because	1
20	23	more	1
20	24	and	1
20	25	more	1
20	26	spending	1
20	27	takes	1
20	28	place	1
20	29	online,	2
20	30	the	1
20	31	demand	1
20	32	for	1
20	33	mystery	1
20	34	shoppers	1
20	35	is	1
20	36	growing.	2
20	37	Mystery	1
20	38	shoppers	1
20	39	pretend	1
20	40	to	1
20	41	be	1
20	42	a	1
20	43	customer	1
20	44	in	1
20	45	a	1
20	46	store	1
20	47	but	1
20	48	they	1
20	49	are	1
20	50	really	1
20	51	collecting	1
20	52	information	1
20	53	on	1
20	54	how	1
20	55	good	1
20	56	or	1
20	57	bad	1
20	58	its	1
20	59	service	1
20	60	is.	2
20	61	“Retailers	5
20	62	are	1
20	63	becoming	1
20	64	increasingly	1
20	65	aware	1
20	66	that	1
20	67	shoppers	1
20	68	who	1
20	69	are	1
20	70	prepared	1
20	71	to	1
20	72	set	1
20	73	foot	1
20	74	in	1
20	75	a	1
20	76	physical	1
20	77	store	1
20	78	want	1
20	79	a	1
20	80	service	1
20	81	and	1
20	82	an	1
20	83	experience	1
20	84	they	1
20	85	can't	2
20	86	get	1
20	87	online,”	4
20	88	says	1
20	89	Simon	1
20	90	Boydell,	3
20	91	spokesman	1
20	92	for	1
20	93	Marketforce,	3
20	94	which	1
20	95	has	1
20	96	more	1
20	97	than	1
20	98	300,000	3
20	99	mystery	1
20	100	shoppers	1
20	101	on	1
20	102	its	1
20	103	books.	2
20	104	“Our	3
20	105	clients	1
20	106	want	1
20	107	to	1
20	108	measure	1
20	109	how	1
20	110	well	1
20	111	their	1
20	112	stores	1
20	113	are	1
20	114	delivering	1
20	115	on	1
20	116	that	1
20	117	experience.”	4
20	118	“We	3
20	119	assign	1
20	120	different	1
20	121	store	1
20	122	locations	1
20	123	to	1
20	124	each	1
20	125	shopper	2
20	126	and	1
20	127	rotate	1
20	128	them	1
20	129	so	1
20	130	that	1
20	131	they	1
20	132	never	1
20	133	go	1
20	134	back	1
20	135	to	1
20	136	the	1
20	137	same	1
20	138	shop	1
20	139	within	1
20	140	three	1
20	141	months,”	4
20	142	says	1
20	143	Jill	1
20	144	Spencer	1
20	145	of	1
20	146	mystery	1
20	147	shopping	1
20	148	company	1
20	149	ABa.	3
20	150	“Each	3
20	151	day,	2
20	152	they	1
20	153	typically	1
20	154	spend	1
20	155	up	1
20	156	to	1
20	157	eight	1
20	158	hours	1
20	159	visiting	1
20	160	five	1
20	161	to	1
20	162	ten	1
20	163	stores,	2
20	164	plus	1
20	165	another	1
20	166	hour	1
20	167	or	1
20	168	two	1
20	169	filing	1
20	170	detailed	1
20	171	reports	1
20	172	on	1
20	173	every	1
20	174	aspect	1
20	175	of	1
20	176	their	1
20	177	visit.”	4
20	178	For	1
20	179	that,	2
20	180	the	1
20	181	mystery	1
20	182	shoppers	1
20	183	can	1
20	184	earn	1
20	185	up	1
20	186	to	1
20	187	£155	2
20	188	a	1
20	189	day.	2
20	190	They	1
20	191	are	1
20	192	also	1
20	193	reimbursed	2
20	194	for	1
20	195	their	1
20	196	gasoline	1
20	197	and	1
20	198	hotel	1
20	199	stays,	2
20	200	and	1
20	201	compensated	1
20	202	for	1
20	203	their	1
20	204	car	1
20	205	depreciation	1
20	206	(the	2
20	207	shoppers	1
20	208	can	1
20	209	be	1
20	210	expected	1
20	211	to	1
20	212	drive	1
20	213	as	1
20	214	many	1
20	215	as	1
20	216	20,000	3
20	217	miles	1
20	218	a	1
20	219	year).	2
20	220	Meanwhile,	2
20	221	video	1
20	222	mystery	1
20	223	shoppers,	2
20	224	who	1
20	225	film	1
20	226	their	1
20	227	visits	1
20	228	with	1
20	229	a	1
20	230	hidden	1
20	231	camera	1
20	232	planted	1
20	233	in	1
20	234	a	1
20	235	buttonhole	2
20	236	or	1
20	237	handbag,	3
20	238	can	1
20	239	earn	1
20	240	even	1
20	241	more	1
20	242	–	1
20	243	around	1
20	244	£300	2
20	245	a	1
20	246	day.	2
20	247	Shoppers	2
20	248	are	1
20	249	usually	1
20	250	repaid	1
20	251	any	1
20	252	money	1
20	253	they	1
20	254	spend	1
20	255	in	1
20	256	the	1
20	257	stores.	2
20	258	“I'm	4
20	259	typically	1
20	260	given	1
20	261	between	1
20	262	£5	2
20	263	and	1
20	264	£20	2
20	265	to	1
20	266	spend	1
20	267	at	1
20	268	each	1
20	269	store,	2
20	270	to	1
20	271	assess	1
20	272	the	1
20	273	service	1
20	274	I	1
20	275	receive	1
20	276	at	1
20	277	the	1
20	278	counter,”	4
20	279	says	1
20	280	Laura,	2
20	281	a	1
20	282	50-year-old	5
20	283	mystery	1
20	284	shopper	2
20	285	from	1
20	286	Devon,	2
20	287	who	1
20	288	has	1
20	289	been	1
20	290	paid	1
20	291	to	1
20	292	visit	1
20	293	around	1
20	294	7,000	3
20	295	shops	1
20	296	since	1
20	297	2001.	2
20	298	The	1
20	299	purchase	1
20	300	usually	1
20	301	has	1
20	302	to	1
20	303	be	1
20	304	related	1
20	305	to	1
20	306	a	1
20	307	service	1
20	308	or	1
20	309	a	1
20	310	type	1
20	311	of	1
20	312	product	1
20	313	that	1
20	314	the	1
20	315	retailer	1
20	316	wants	1
20	317	her	1
20	318	to	1
20	319	check.	2
20	320	“I'm	4
20	321	always	1
20	322	given	1
20	323	a	1
20	324	scenario,	2
20	325	such	1
20	326	as	1
20	327	buying	1
20	328	something	1
20	329	from	1
20	330	a	1
20	331	specific	1
20	332	department	1
20	333	or	1
20	334	a	1
20	335	new	1
20	336	product	1
20	337	range,	2
20	338	but,	2
20	339	within	1
20	340	that	1
20	341	framework,	2
20	342	I	1
20	343	can	1
20	344	often	1
20	345	buy	1
20	346	whatever	1
20	347	I	1
20	348	want	1
20	349	–	1
20	350	and	1
20	351	keep	1
20	352	it.”	4
20	353	Like	1
20	354	most	1
20	355	full-time	3
20	356	mystery	1
20	357	shoppers,	2
20	358	Laura	1
20	359	is	1
20	360	self-employed,	4
20	361	taking	1
20	362	jobs	1
20	363	from	1
20	364	ABa	2
20	365	and	1
20	366	other	1
20	367	mystery	1
20	368	shopping	1
20	369	companies	1
20	370	as	1
20	371	and	1
20	372	when	1
20	373	they	1
20	374	come	1
20	375	up.	2
20	376	Her	1
20	377	income	1
20	378	is	1
20	379	typically	1
20	380	£30,000	4
20	381	to	1
20	382	£40,000	4
20	383	a	1
20	384	year	1
20	385	and	1
20	386	that	1
20	387	doesn't	2
20	388	include	1
20	389	all	1
20	390	the	1
20	391	freebies	2
20	392	she	1
20	393	gets	1
20	394	on	1
20	395	the	1
20	396	job.	2
20	397	“With	3
20	398	the	1
20	399	perks,	2
20	400	it's	2
20	401	enough	1
20	402	to	1
20	403	live	1
20	404	on.	2
20	405	But	1
20	406	I	1
20	407	don't	2
20	408	do	1
20	409	it	1
20	410	because	1
20	411	I	1
20	412	love	1
20	413	shopping.	2
20	414	In	1
20	415	fact,	2
20	416	I	1
20	417	hate	1
20	418	shopping	1
20	419	now.	2
20	420	When	1
20	421	I'm	2
20	422	not	1
20	423	working,	2
20	424	it	1
20	425	pains	1
20	426	me	1
20	427	to	1
20	428	have	1
20	429	to	1
20	430	go	1
20	431	out	1
20	432	and	1
20	433	buy	1
20	434	a	1
20	435	pint	1
20	436	of	1
20	437	milk.”	4
20	438	She	1
20	439	does,	2
20	440	however,	2
20	441	find	1
20	442	it	1
20	443	satisfying	1
20	444	to	1
20	445	return	1
20	446	to	1
20	447	a	1
20	448	store	1
20	449	she	1
20	450	has	1
20	451	previously	1
20	452	mystery	1
20	453	shopped	2
20	454	and	1
20	455	see	1
20	456	standards	1
20	457	have	1
20	458	improved.	2
20	459	“I	3
20	460	know	1
20	461	it	1
20	462	must	1
20	463	be	1
20	464	because	1
20	465	of	1
20	466	my	1
20	467	feedback	1
20	468	or	1
20	469	why	1
20	470	would	1
20	471	they	1
20	472	pay	1
20	473	me	1
20	474	to	1
20	475	give	1
20	476	it?	2
20	477	Some	1
20	478	of	1
20	479	the	1
20	480	retailers	1
20	481	I	1
20	482	shop	1
20	483	at	1
20	484	win	1
20	485	awards	1
20	486	for	1
20	487	customer	1
20	488	service	1
20	489	and	1
20	490	I	1
20	491	think	1
20	492	that	1
20	493	is	1
20	494	down	1
20	495	to	1
20	496	us	1
20	497	mystery	1
20	498	shoppers.	2
20	499	I	1
20	500	feel	1
20	501	I'm	2
20	502	not	1
20	503	just	1
20	504	doing	1
20	505	a	1
20	506	service	1
20	507	to	1
20	508	my	1
20	509	company;	2
20	510	I'm	2
20	511	doing	1
20	512	a	1
20	513	service	1
20	514	to	1
20	515	all	1
20	516	shoppers	1
20	517	everywhere.”	4
20	518	It's	2
20	519	estimated	1
20	520	that	1
20	521	more	1
20	522	than	1
20	523	500,000	3
20	524	people	1
20	525	have	1
20	526	registered	1
20	527	as	1
20	528	mystery	1
20	529	shoppers	1
20	530	in	1
20	531	the	1
20	532	UK,	2
20	533	but	1
20	534	just	1
20	535	10%	2
20	536	or	1
20	537	less	1
20	538	manage	1
20	539	to	1
20	540	get	1
20	541	regular	1
20	542	work	1
20	543	each	1
20	544	month	1
20	545	and	1
20	546	this	1
20	547	has	1
20	548	led	1
20	549	to	1
20	550	a	1
20	551	dramatic	1
20	552	reduction	1
20	553	in	1
20	554	compensation.	2
20	555	“Where	3
20	556	once	1
20	557	you	1
20	558	got	1
20	559	a	1
20	560	fee,	2
20	561	reimbursement	1
20	562	for	1
20	563	your	1
20	564	purchase	1
20	565	and	1
20	566	mileage,	2
20	567	you	1
20	568	now	1
20	569	often	1
20	570	just	1
20	571	receive	1
20	572	a	1
20	573	contribution	1
20	574	towards	1
20	575	a	1
20	576	purchase,”	4
20	577	says	1
20	578	Val,	2
20	579	a	1
20	580	51-year-old	5
20	581	former	1
20	582	mystery	1
20	583	shopper.	3
20	584	Nowadays,	3
20	585	mystery	1
20	586	shopping	1
20	587	companies	1
20	588	mostly	1
20	589	rely	1
20	590	on	1
20	591	the	1
20	592	promise	1
20	593	of	1
20	594	freebies	2
20	595	to	1
20	596	incentivize	2
20	597	their	1
20	598	workers.	2
20	599	“Marketforce	4
20	600	shoppers	1
20	601	typically	1
20	602	get	1
20	603	a	1
20	604	couple	1
20	605	of	1
20	606	pounds	1
20	607	for	1
20	608	a	1
20	609	visit	1
20	610	as	1
20	611	a	1
20	612	token	1
20	613	gesture	1
20	614	for	1
20	615	their	1
20	616	time	1
20	617	and	1
20	618	effort,”	4
20	619	says	1
20	620	Boydell.	3
20	621	“At	3
20	622	the	1
20	623	most,	2
20	624	we'll	2
20	625	pay	1
20	626	£15	2
20	627	to	1
20	628	£25	2
20	629	plus	1
20	630	reimbursement	1
20	631	for	1
20	632	expenses,	2
20	633	such	1
20	634	as	1
20	635	a	1
20	636	meal	1
20	637	for	1
20	638	two	1
20	639	or	1
20	640	a	1
20	641	hotel	1
20	642	stay.	2
20	643	We	1
20	644	don't	2
20	645	directly	1
20	646	employ	1
20	647	any	1
20	648	shoppers	1
20	649	so	1
20	650	we	1
20	651	don't	2
20	652	have	1
20	653	to	1
20	654	pay	1
20	655	them	1
20	656	the	1
20	657	minimum	1
20	658	wage.”	4
20	659	Hannah,	2
20	660	a	1
20	661	41-year-old	5
20	662	City	1
20	663	lawyer,	2
20	664	has	1
20	665	conducted	1
20	666	nearly	1
20	667	500	1
20	668	visits	1
20	669	for	1
20	670	the	1
20	671	Mystery	1
20	672	Dining	2
20	673	Company	1
20	674	in	1
20	675	her	1
20	676	spare	1
20	677	time	1
20	678	without	1
20	679	receiving	1
20	680	remuneration	3
20	681	or	1
20	682	travel	1
20	683	expenses.	2
20	684	As	1
20	685	a	1
20	686	prestigious	1
20	687	“platinum	4
20	688	diner”,	4
20	689	she	1
20	690	is	1
20	691	regularly	1
20	692	hand-picked	3
20	693	by	1
20	694	the	1
20	695	Mystery	1
20	696	Dining	2
20	697	Company	1
20	698	to	1
20	699	carry	1
20	700	out	1
20	701	their	1
20	702	most	1
20	703	exclusive	1
20	704	assignments,	2
20	705	enjoying	1
20	706	£200	2
20	707	meals	1
20	708	at	1
20	709	Michelin-starred	5
20	710	Mayfair	2
20	711	restaurants	1
20	712	and	1
20	713	overnight	1
20	714	stays	1
20	715	at	1
20	716	boutique	1
20	717	hotels.	2
20	718	But	1
20	719	there's	2
20	720	no	1
20	721	such	1
20	722	thing	1
20	723	as	1
20	724	a	1
20	725	free	1
20	726	lunch,	2
20	727	even	1
20	728	if	1
20	729	you	1
20	730	work	1
20	731	for	1
20	732	a	1
20	733	mystery	1
20	734	dining	1
20	735	company.	2
20	736	Hannah	1
20	737	says	1
20	738	she	1
20	739	typically	1
20	740	spends	1
20	741	two	1
20	742	to	1
20	743	four	1
20	744	hours	1
20	745	after	1
20	746	each	1
20	747	visit	1
20	748	writing	1
20	749	detailed	1
20	750	reports	1
20	751	on	1
20	752	everything	1
20	753	from	1
20	754	the	1
20	755	quality	1
20	756	of	1
20	757	the	1
20	758	food	1
20	759	to	1
20	760	specific	1
20	761	interactions	1
20	762	with	1
20	763	staff,	2
20	764	whom	1
20	765	she	1
20	766	always	1
20	767	needs	1
20	768	to	1
20	769	be	1
20	770	able	1
20	771	to	1
20	772	name	1
20	773	or	1
20	774	“subtly”	7
20	775	describe.	2
20	776	Trickiest	2
20	777	of	1
20	778	all,	2
20	779	she	1
20	780	must	1
20	781	memorize	2
20	782	all	1
20	783	these	1
20	784	details	1
20	785	while	1
20	786	eating	1
20	787	her	1
20	788	meal	1
20	789	–	1
20	790	unable,	2
20	791	of	1
20	792	course,	2
20	793	to	1
20	794	openly	1
20	795	write	1
20	796	anything	1
20	797	down.	2
21	0	There	1
21	1	are	1
21	2	about	1
21	3	50,000	3
21	4	mystery	1
21	5	shopping	1
21	6	trips	1
21	7	every	1
21	8	month	1
21	9	in	1
21	10	the	1
21	11	UK,	2
21	12	according	1
21	13	to	1
21	14	the	1
21	15	Mystery	1
21	16	Shopping	1
21	17	Providers	2
21	18	Association.	2
21	19	Mystery	1
21	20	shoppers	1
21	21	pretend	1
21	22	to	1
21	23	be	1
21	24	a	1
21	25	customer	1
21	26	in	1
21	27	a	1
21	28	store	1
21	29	but	1
21	30	they	1
21	31	are	1
21	32	really	1
21	33	collecting	1
21	34	information	1
21	35	on	1
21	36	how	1
21	37	good	1
21	38	or	1
21	39	bad	1
21	40	its	1
21	41	service	1
21	42	is.	2
21	43	The	1
21	44	demand	1
21	45	for	1
21	46	mystery	1
21	47	shoppers	1
21	48	is	1
21	49	growing	1
21	50	because	1
21	51	online	1
21	52	shopping	1
21	53	is	1
21	54	becoming	1
21	55	more	1
21	56	popular.	2
21	57	“Retailers	5
21	58	are	1
21	59	becoming	1
21	60	increasingly	1
21	61	aware	1
21	62	that	1
21	63	shoppers	1
21	64	who	1
21	65	visit	1
21	66	a	1
21	67	physical	1
21	68	store	1
21	69	want	1
21	70	a	1
21	71	service	1
21	72	and	1
21	73	an	1
21	74	experience	1
21	75	they	1
21	76	can't	2
21	77	get	1
21	78	online,”	4
21	79	says	1
21	80	Simon	1
21	81	Boydell,	3
21	82	spokesman	1
21	83	for	1
21	84	Marketforce,	3
21	85	which	1
21	86	has	1
21	87	more	1
21	88	than	1
21	89	300,000	3
21	90	mystery	1
21	91	shoppers.	2
21	92	“Our	3
21	93	clients	1
21	94	want	1
21	95	to	1
21	96	know	1
21	97	how	1
21	98	well	1
21	99	their	1
21	100	stores	1
21	101	are	1
21	102	delivering	1
21	103	on	1
21	104	that	1
21	105	experience.”	4
21	106	“We	3
21	107	assign	1
21	108	different	1
21	109	store	1
21	110	locations	1
21	111	to	1
21	112	each	1
21	113	shopper	2
21	114	and	1
21	115	rotate	1
21	116	them	1
21	117	so	1
21	118	that	1
21	119	they	1
21	120	never	1
21	121	go	1
21	122	back	1
21	123	to	1
21	124	the	1
21	125	same	1
21	126	shop	1
21	127	within	1
21	128	three	1
21	129	months,”	4
21	130	says	1
21	131	Jill	1
21	132	Spencer	1
21	133	of	1
21	134	mystery	1
21	135	shopping	1
21	136	company	1
21	137	ABa.	3
21	138	“Each	3
21	139	day,	2
21	140	they	1
21	141	spend	1
21	142	up	1
21	143	to	1
21	144	eight	1
21	145	hours	1
21	146	visiting	1
21	147	five	1
21	148	to	1
21	149	ten	1
21	150	stores,	2
21	151	plus	1
21	152	another	1
21	153	hour	1
21	154	or	1
21	155	two	1
21	156	writing	1
21	157	detailed	1
21	158	reports	1
21	159	on	1
21	160	every	1
21	161	part	1
21	162	of	1
21	163	their	1
21	164	visit.”	4
21	165	For	1
21	166	that,	2
21	167	the	1
21	168	mystery	1
21	169	shoppers	1
21	170	can	1
21	171	earn	1
21	172	up	1
21	173	to	1
21	174	£155	2
21	175	a	1
21	176	day.	2
21	177	Their	1
21	178	expenses	1
21	179	are	1
21	180	also	1
21	181	paid.	2
21	182	Mystery	1
21	183	shoppers	1
21	184	who	1
21	185	film	1
21	186	their	1
21	187	visits	1
21	188	with	1
21	189	a	1
21	190	hidden	1
21	191	camera	1
21	192	can	1
21	193	earn	1
21	194	even	1
21	195	more	1
21	196	–	1
21	197	around	1
21	198	£300	2
21	199	a	1
21	200	day.	2
21	201	Mystery	1
21	202	shoppers	1
21	203	are	1
21	204	usually	1
21	205	repaid	1
21	206	any	1
21	207	money	1
21	208	they	1
21	209	spend	1
21	210	in	1
21	211	the	1
21	212	stores.	2
21	213	”They	3
21	214	usually	1
21	215	give	1
21	216	me	1
21	217	between	1
21	218	£5	2
21	219	and	1
21	220	£20	2
21	221	to	1
21	222	spend	1
21	223	at	1
21	224	each	1
21	225	store,	2
21	226	to	1
21	227	check	1
21	228	the	1
21	229	service	1
21	230	I	1
21	231	receive	1
21	232	at	1
21	233	the	1
21	234	counter,”	4
21	235	says	1
21	236	mystery	1
21	237	shopper	2
21	238	Laura.	2
21	239	“I'm	4
21	240	always	1
21	241	given	1
21	242	a	1
21	243	specific	1
21	244	task,	2
21	245	such	1
21	246	as	1
21	247	buying	1
21	248	something	1
21	249	from	1
21	250	a	1
21	251	specific	1
21	252	department	1
21	253	or	1
21	254	a	1
21	255	new	1
21	256	product	1
21	257	range,	2
21	258	but	1
21	259	within	1
21	260	these	1
21	261	limitations,	2
21	262	I	1
21	263	can	1
21	264	often	1
21	265	buy	1
21	266	whatever	1
21	267	I	1
21	268	want	1
21	269	–	1
21	270	and	1
21	271	keep	1
21	272	it.”	4
21	273	Like	1
21	274	most	1
21	275	full-time	3
21	276	mystery	1
21	277	shoppers,	2
21	278	Laura	1
21	279	is	1
21	280	self-employed.	4
21	281	She	1
21	282	earns	1
21	283	around	1
21	284	£30,000	4
21	285	to	1
21	286	£40,000	4
21	287	a	1
21	288	year	1
21	289	and	1
21	290	that	1
21	291	doesn't	2
21	292	include	1
21	293	all	1
21	294	the	1
21	295	freebies	2
21	296	she	1
21	297	gets	1
21	298	on	1
21	299	the	1
21	300	job.	2
21	301	“With	3
21	302	the	1
21	303	perks,	2
21	304	it's	2
21	305	enough	1
21	306	to	1
21	307	live	1
21	308	on.”	4
21	309	She	1
21	310	finds	1
21	311	it	1
21	312	satisfying	1
21	313	to	1
21	314	return	1
21	315	to	1
21	316	a	1
21	317	store	1
21	318	where	1
21	319	she	1
21	320	has	1
21	321	previously	1
21	322	been	1
21	323	a	1
21	324	mystery	1
21	325	shopper	2
21	326	and	1
21	327	see	1
21	328	standards	1
21	329	have	1
21	330	improved.	2
21	331	“I	3
21	332	know	1
21	333	it	1
21	334	must	1
21	335	be	1
21	336	because	1
21	337	of	1
21	338	my	1
21	339	feedback	1
21	340	or	1
21	341	why	1
21	342	would	1
21	343	they	1
21	344	pay	1
21	345	me	1
21	346	to	1
21	347	give	1
21	348	it?	2
21	349	I	1
21	350	feel	1
21	351	I'm	2
21	352	not	1
21	353	just	1
21	354	doing	1
21	355	a	1
21	356	service	1
21	357	for	1
21	358	my	1
21	359	company;	2
21	360	I'm	2
21	361	doing	1
21	362	a	1
21	363	service	1
21	364	for	1
21	365	all	1
21	366	shoppers	1
21	367	everywhere.”	4
21	368	More	1
21	369	than	1
21	370	500,000	3
21	371	people	1
21	372	have	1
21	373	registered	1
21	374	as	1
21	375	mystery	1
21	376	shoppers	1
21	377	in	1
21	378	the	1
21	379	UK,	2
21	380	but	1
21	381	just	1
21	382	10%	2
21	383	or	1
21	384	less	1
21	385	get	1
21	386	regular	1
21	387	work	1
21	388	each	1
21	389	month.	2
21	390	This	1
21	391	has	1
21	392	led	1
21	393	to	1
21	394	a	1
21	395	dramatic	1
21	396	reduction	1
21	397	in	1
21	398	payment.	2
21	399	Before,	2
21	400	people	1
21	401	were	1
21	402	paid	1
21	403	and	1
21	404	got	1
21	405	travel	1
21	406	expenses,	2
21	407	but	1
21	408	now	1
21	409	“you	3
21	410	often	1
21	411	just	1
21	412	receive	1
21	413	some	1
21	414	money	1
21	415	towards	1
21	416	a	1
21	417	purchase,”	4
21	418	says	1
21	419	Val,	2
21	420	a	1
21	421	51-year-old	5
21	422	former	1
21	423	mystery	1
21	424	shopper.	3
21	425	Nowadays,	3
21	426	mystery	1
21	427	shopping	1
21	428	companies	1
21	429	mostly	1
21	430	give	1
21	431	freebies	2
21	432	as	1
21	433	an	1
21	434	incentive.	2
21	435	“Marketforce	4
21	436	shoppers	1
21	437	usually	1
21	438	get	1
21	439	a	1
21	440	couple	1
21	441	of	1
21	442	pounds	1
21	443	for	1
21	444	a	1
21	445	visit,	2
21	446	for	1
21	447	their	1
21	448	time	1
21	449	and	1
21	450	effort,”	4
21	451	says	1
21	452	Boydell.	3
21	453	“At	3
21	454	the	1
21	455	most,	2
21	456	we'll	2
21	457	pay	1
21	458	£15	2
21	459	to	1
21	460	£25	2
21	461	plus	1
21	462	expenses	1
21	463	for	1
21	464	a	1
21	465	meal	1
21	466	for	1
21	467	two	1
21	468	or	1
21	469	a	1
21	470	hotel	1
21	471	stay,	2
21	472	for	1
21	473	example.	2
21	474	We	1
21	475	don't	2
21	476	directly	1
21	477	employ	1
21	478	any	1
21	479	shoppers	1
21	480	so	1
21	481	we	1
21	482	don't	2
21	483	have	1
21	484	to	1
21	485	pay	1
21	486	them	1
21	487	the	1
21	488	minimum	1
21	489	wage.”	4
21	490	Hannah,	2
21	491	a	1
21	492	41-year-old	5
21	493	lawyer,	2
21	494	has	1
21	495	made	1
21	496	nearly	1
21	497	500	1
21	498	visits	1
21	499	for	1
21	500	the	1
21	501	Mystery	1
21	502	Dining	2
21	503	Company	1
21	504	in	1
21	505	her	1
21	506	spare	1
21	507	time	1
21	508	without	1
21	509	receiving	1
21	510	pay	1
21	511	or	1
21	512	travel	1
21	513	expenses.	2
21	514	She	1
21	515	has	1
21	516	enjoyed	1
21	517	£200	2
21	518	meals	1
21	519	at	1
21	520	Michelin-starred	5
21	521	restaurants	1
21	522	and	1
21	523	overnight	1
21	524	stays	1
21	525	at	1
21	526	expensive	1
21	527	hotels.	2
21	528	But,	2
21	529	it	1
21	530	can	1
21	531	be	1
21	532	hard	1
21	533	work.	2
21	534	Hannah	1
21	535	says	1
21	536	she	1
21	537	spends	1
21	538	two	1
21	539	to	1
21	540	four	1
21	541	hours	1
21	542	after	1
21	543	each	1
21	544	visit	1
21	545	writing	1
21	546	detailed	1
21	547	reports	1
21	548	on	1
21	549	everything	1
21	550	from	1
21	551	the	1
21	552	quality	1
21	553	of	1
21	554	the	1
21	555	food	1
21	556	to	1
21	557	specific	1
21	558	conversations	1
21	559	with	1
21	560	staff.	2
21	561	And,	2
21	562	she	1
21	563	always	1
21	564	needs	1
21	565	to	1
21	566	be	1
21	567	able	1
21	568	to	1
21	569	name	1
21	570	or	1
21	571	describe	1
21	572	the	1
21	573	staff.	2
21	574	She	1
21	575	has	1
21	576	to	1
21	577	memorize	2
21	578	all	1
21	579	these	1
21	580	details	1
21	581	while	1
21	582	eating	1
21	583	her	1
21	584	meal	1
21	585	because	1
21	586	she	1
21	587	cannot	1
21	588	openly	1
21	589	write	1
21	590	anything	1
21	591	down.	2
22	0	Robert	1
22	1	Myslajek	5
22	2	stops	1
22	3	dead.	2
22	4	Between	1
22	5	two	1
22	6	paw	1
22	7	prints	1
22	8	on	1
22	9	a	1
22	10	muddy	1
22	11	mountain	1
22	12	track,	2
22	13	the	1
22	14	scientist	1
22	15	finds	1
22	16	what	1
22	17	he	1
22	18	is	1
22	19	looking	1
22	20	for.	2
22	21	“Droppings!”	7
22	22	he	1
22	23	enthuses.	4
22	24	Wolf	1
22	25	sightings	1
22	26	are	1
22	27	so	1
22	28	rare	1
22	29	that	1
22	30	the	1
22	31	sighting	1
22	32	of	1
22	33	their	1
22	34	feces	1
22	35	marks	1
22	36	a	1
22	37	good	1
22	38	day,	2
22	39	even	1
22	40	for	1
22	41	a	1
22	42	seasoned	1
22	43	tracker.	2
22	44	But	1
22	45	it	1
22	46	is	1
22	47	getting	1
22	48	easier.	2
22	49	There	1
22	50	are	1
22	51	now	1
22	52	an	1
22	53	estimated	1
22	54	1,500	3
22	55	wolves	1
22	56	in	1
22	57	Poland.	2
22	58	The	1
22	59	number	1
22	60	has	1
22	61	doubled	1
22	62	in	1
22	63	15	1
22	64	years.	2
22	65	Wolves	1
22	66	are	1
22	67	–	1
22	68	along	1
22	69	with	1
22	70	the	1
22	71	brown	1
22	72	bear,	2
22	73	the	1
22	74	lynx	2
22	75	and	1
22	76	the	1
22	77	wolverine	3
22	78	–	1
22	79	Europe's	2
22	80	last	1
22	81	large	1
22	82	predator	1
22	83	carnivores.	3
22	84	Conservationists	2
22	85	from	1
22	86	Britain,	2
22	87	Germany	1
22	88	and	1
22	89	the	1
22	90	Netherlands	1
22	91	are	1
22	92	beating	1
22	93	a	1
22	94	path	1
22	95	here	1
22	96	to	1
22	97	find	1
22	98	out	1
22	99	how	1
22	100	Poland	1
22	101	has	1
22	102	saved	1
22	103	this	1
22	104	protected	1
22	105	species,	2
22	106	slandered	3
22	107	even	1
22	108	in	1
22	109	fairy	1
22	110	tales.	2
22	111	The	1
22	112	scientist,	2
22	113	who	1
22	114	is	1
22	115	a	1
22	116	familiar	1
22	117	face	1
22	118	on	1
22	119	Polish	1
22	120	television,	2
22	121	says	1
22	122	wolves	1
22	123	are	1
22	124	exceptional	1
22	125	animals	1
22	126	that	1
22	127	are	1
22	128	capable	1
22	129	of	1
22	130	moving	1
22	131	up	1
22	132	to	1
22	133	30km	2
22	134	during	1
22	135	a	1
22	136	single	1
22	137	hunt.	2
22	138	“The	3
22	139	Beskidy	3
22	140	pack	1
22	141	is	1
22	142	a	1
22	143	strong	1
22	144	unit,	2
22	145	eight	1
22	146	or	1
22	147	nine	1
22	148	individuals.	2
22	149	This	1
22	150	year,	2
22	151	we	1
22	152	have	1
22	153	recorded	1
22	154	five	1
22	155	cubs,	3
22	156	two	1
22	157	yearlings	2
22	158	and	1
22	159	two	1
22	160	adults.	2
22	161	We	1
22	162	track	1
22	163	them	1
22	164	using	1
22	165	motion-activated	3
22	166	cameras	1
22	167	in	1
22	168	the	1
22	169	forest	1
22	170	and	1
22	171	by	1
22	172	following	1
22	173	their	1
22	174	prints	1
22	175	in	1
22	176	the	1
22	177	mud	1
22	178	and	1
22	179	snow.	2
22	180	In	1
22	181	each	1
22	182	family	1
22	183	group,	2
22	184	only	1
22	185	one	1
22	186	pair	1
22	187	reproduces,	3
22	188	once	1
22	189	a	1
22	190	year.	2
22	191	All	1
22	192	pack	1
22	193	members	1
22	194	care	1
22	195	for	1
22	196	the	1
22	197	young	1
22	198	with	1
22	199	solidarity	1
22	200	and	1
22	201	devotion.”	4
22	202	Myslajek,	6
22	203	the	1
22	204	son	1
22	205	of	1
22	206	a	1
22	207	shepherd,	2
22	208	is	1
22	209	puzzled	1
22	210	by	1
22	211	wolves'	2
22	212	bad	1
22	213	reputation.	2
22	214	“Why	3
22	215	does	1
22	216	one	1
22	217	speak	1
22	218	of	1
22	219	a	1
22	220	'lone-wolf	5
22	221	gunman'?	2
22	222	Why	1
22	223	did	1
22	224	we	1
22	225	have	1
22	226	to	1
22	227	have	1
22	228	Little	1
22	229	Red	1
22	230	Riding	1
22	231	Hood,	2
22	232	with	1
22	233	its	1
22	234	big	1
22	235	bad	1
22	236	wolf?”	4
22	237	He	1
22	238	is	1
22	239	fascinated	1
22	240	by	1
22	241	these	1
22	242	aloof	2
22	243	canines	2
22	244	who	1
22	245	remained	1
22	246	in	1
22	247	the	1
22	248	wild	1
22	249	33,000	3
22	250	years	1
22	251	ago	1
22	252	when	1
22	253	others	1
22	254	decided	1
22	255	on	1
22	256	a	1
22	257	much	1
22	258	more	1
22	259	comfortable	1
22	260	existence	1
22	261	as	1
22	262	domestic	1
22	263	dogs.	2
22	264	Wolves	1
22	265	are	1
22	266	not	1
22	267	pooches.	4
22	268	Myslajek	5
22	269	says	1
22	270	only	1
22	271	scientific	1
22	272	arguments	1
22	273	–	1
22	274	the	1
22	275	need	1
22	276	to	1
22	277	regenerate	1
22	278	forests	1
22	279	and	1
22	280	control	1
22	281	the	1
22	282	wild	1
22	283	animal	1
22	284	population	1
22	285	–	1
22	286	can	1
22	287	save	1
22	288	Europe's	2
22	289	wild	1
22	290	carnivores,	3
22	291	especially	1
22	292	the	1
22	293	unpopular	1
22	294	wolf.	2
22	295	“Natural	3
22	296	predators	1
22	297	balance	1
22	298	the	1
22	299	ecosystem.	2
22	300	They	1
22	301	keep	1
22	302	herbivores	3
22	303	in	1
22	304	check,	2
22	305	thus	1
22	306	allowing	1
22	307	trees	1
22	308	to	1
22	309	grow	1
22	310	tall	1
22	311	for	1
22	312	birds	1
22	313	to	1
22	314	nest	1
22	315	in.”	4
22	316	The	1
22	317	ban	1
22	318	on	1
22	319	wolf	1
22	320	hunting	1
22	321	in	1
22	322	the	1
22	323	western	1
22	324	Carpathian	3
22	325	mountains	1
22	326	came	1
22	327	into	1
22	328	force	1
22	329	in	1
22	330	1995	1
22	331	and	1
22	332	nationwide	1
22	333	in	1
22	334	Poland	1
22	335	in	1
22	336	1998.	2
22	337	There	1
22	338	are	1
22	339	now	1
22	340	resident	1
22	341	packs	1
22	342	in	1
22	343	virtually	1
22	344	all	1
22	345	the	1
22	346	country's	2
22	347	major	1
22	348	forests.	2
22	349	The	1
22	350	predators	1
22	351	coexist	2
22	352	with	1
22	353	humans	1
22	354	rather	1
22	355	than	1
22	356	being	1
22	357	fenced	2
22	358	off,	2
22	359	as	1
22	360	they	1
22	361	are	1
22	362	in	1
22	363	African	1
22	364	safari	2
22	365	parks.	2
22	366	The	1
22	367	Polish	1
22	368	government	1
22	369	pays	1
22	370	compensation	1
22	371	for	1
22	372	livestock	1
22	373	killed	1
22	374	by	1
22	375	wolves.	2
22	376	Myslajek	5
22	377	advises	1
22	378	farmers	1
22	379	on	1
22	380	erecting	2
22	381	electric	1
22	382	fences.	2
22	383	He	1
22	384	has	1
22	385	helped	1
22	386	revive	1
22	387	the	1
22	388	use	1
22	389	of	1
22	390	two	1
22	391	deterrents	2
22	392	that,	2
22	393	for	1
22	394	reasons	1
22	395	no	1
22	396	one	1
22	397	quite	1
22	398	understands,	2
22	399	wolves	1
22	400	find	1
22	401	particularly	1
22	402	scary:	2
22	403	strings	1
22	404	of	1
22	405	small	1
22	406	red	1
22	407	flags	1
22	408	(hung	2
22	409	around	1
22	410	sheep	1
22	411	pens)	2
22	412	and	1
22	413	the	1
22	414	bark	1
22	415	of	1
22	416	the	1
22	417	fluffy	1
22	418	white	1
22	419	Tatra	2
22	420	Mountain	1
22	421	Sheepdog.	3
22	422	The	1
22	423	survival	1
22	424	of	1
22	425	Poland's	2
22	426	wolves	1
22	427	has	1
22	428	been	1
22	429	helped	1
22	430	by	1
22	431	the	1
22	432	country's	2
22	433	belated	2
22	434	infrastructure	1
22	435	development.	2
22	436	In	1
22	437	1989,	2
22	438	when	1
22	439	the	1
22	440	communists	1
22	441	relinquished	2
22	442	power,	2
22	443	Poland	1
22	444	had	1
22	445	only	1
22	446	one	1
22	447	motorway.	3
22	448	Major	1
22	449	road	1
22	450	projects	1
22	451	–	1
22	452	requiring	1
22	453	wildlife	1
22	454	impact	1
22	455	studies	1
22	456	–	1
22	457	began	1
22	458	after	1
22	459	Poland	1
22	460	joined	1
22	461	the	1
22	462	European	1
22	463	Union	1
22	464	in	1
22	465	2004.	2
22	466	The	1
22	467	country	1
22	468	now	1
22	469	has	1
22	470	one	1
22	471	of	1
22	472	the	1
22	473	highest	1
22	474	densities	2
22	475	in	1
22	476	the	1
22	477	world	1
22	478	of	1
22	479	overhead	1
22	480	crossings	1
22	481	and	1
22	482	underpasses	3
22	483	for	1
22	484	wild	1
22	485	animals.	2
22	486	Attitudes	2
22	487	have	1
22	488	also	1
22	489	changed.	2
22	490	“For	3
22	491	many	1
22	492	years,	2
22	493	hunting	1
22	494	was	1
22	495	cultural.	2
22	496	In	1
22	497	1975,	2
22	498	there	1
22	499	were	1
22	500	fewer	1
22	501	than	1
22	502	100	1
22	503	wolves	1
22	504	in	1
22	505	Poland.	2
22	506	Beginning	1
22	507	in	1
22	508	the	1
22	509	1950s,	3
22	510	hunting	1
22	511	wolves	1
22	512	had	1
22	513	been	1
22	514	encouraged	1
22	515	by	1
22	516	the	1
22	517	authorities.	2
22	518	They	1
22	519	paid	1
22	520	a	1
22	521	reward	1
22	522	for	1
22	523	killing	1
22	524	a	1
22	525	wolf	1
22	526	worth	1
22	527	a	1
22	528	month's	2
22	529	salary.	2
22	530	It	1
22	531	was	1
22	532	carnage.”	4
22	533	Myslajek	5
22	534	says	1
22	535	the	1
22	536	improvement	1
22	537	in	1
22	538	Polish	1
22	539	wolves'	2
22	540	survival	1
22	541	chances	1
22	542	has	1
22	543	been	1
22	544	considerable	1
22	545	but	1
22	546	remains	1
22	547	fragile.	2
22	548	Packs	1
22	549	are	1
22	550	mobile	1
22	551	across	1
22	552	borders	1
22	553	and	1
22	554	hunting	1
22	555	still	1
22	556	goes	1
22	557	on	1
22	558	in	1
22	559	neighboring	1
22	560	Russia,	2
22	561	Lithuania	1
22	562	and	1
22	563	Belarus.	2
22	564	He	1
22	565	claims	1
22	566	Poland's	2
22	567	new	1
22	568	government,	2
22	569	elected	1
22	570	in	1
22	571	October	1
22	572	2015,	2
22	573	is	1
22	574	hostile	1
22	575	to	1
22	576	wolves.	2
22	577	“The	3
22	578	Environment	1
22	579	Minister,	2
22	580	Jan	1
22	581	Szyszko,	5
22	582	makes	1
22	583	no	1
22	584	secret	1
22	585	of	1
22	586	being	1
22	587	a	1
22	588	hunter.	2
22	589	There	1
22	590	are	1
22	591	120,000	3
22	592	licensed	1
22	593	hunters	1
22	594	in	1
22	595	Poland	1
22	596	and	1
22	597	they	1
22	598	are	1
22	599	influential	1
22	600	in	1
22	601	parliament.	2
22	602	Being	1
22	603	a	1
22	604	wolf	1
22	605	advocate	1
22	606	is	1
22	607	not	1
22	608	easy.	2
22	609	It	1
22	610	is	1
22	611	not	1
22	612	as	1
22	613	if	1
22	614	you	1
22	615	can	1
22	616	argue	1
22	617	to	1
22	618	the	1
22	619	politicians	1
22	620	that	1
22	621	wolves	1
22	622	are	1
22	623	a	1
22	624	big	1
22	625	tourist	1
22	626	attraction.	2
22	627	Most	1
22	628	tourists	1
22	629	want	1
22	630	to	1
22	631	see	1
22	632	the	1
22	633	animals	1
22	634	but	1
22	635	wolves	1
22	636	stay	1
22	637	away	1
22	638	from	1
22	639	humans.	2
22	640	They	1
22	641	have	1
22	642	a	1
22	643	tremendously	1
22	644	sensitive	1
22	645	sense	1
22	646	of	1
22	647	smell.”	4
23	0	Robert	1
23	1	Myslajek	5
23	2	stops.	2
23	3	Between	1
23	4	two	1
23	5	paw	1
23	6	prints	1
23	7	on	1
23	8	a	1
23	9	mountain	1
23	10	path,	2
23	11	the	1
23	12	scientist	1
23	13	finds	1
23	14	what	1
23	15	he	1
23	16	is	1
23	17	looking	1
23	18	for.	2
23	19	“Droppings!”	7
23	20	he	1
23	21	says	1
23	22	happily.	2
23	23	It	1
23	24	is	1
23	25	so	1
23	26	rare	1
23	27	to	1
23	28	see	1
23	29	a	1
23	30	wolf	1
23	31	that	1
23	32	seeing	1
23	33	droppings	2
23	34	makes	1
23	35	it	1
23	36	a	1
23	37	good	1
23	38	day.	2
23	39	But	1
23	40	it	1
23	41	is	1
23	42	getting	1
23	43	easier	1
23	44	to	1
23	45	see	1
23	46	a	1
23	47	wolf.	2
23	48	There	1
23	49	are	1
23	50	now	1
23	51	about	1
23	52	1,500	3
23	53	wolves	1
23	54	in	1
23	55	Poland.	2
23	56	The	1
23	57	number	1
23	58	has	1
23	59	doubled	1
23	60	in	1
23	61	15	1
23	62	years.	2
23	63	The	1
23	64	wolf,	2
23	65	the	1
23	66	brown	1
23	67	bear,	2
23	68	the	1
23	69	lynx	2
23	70	and	1
23	71	the	1
23	72	wolverine	3
23	73	are	1
23	74	Europe's	2
23	75	last	1
23	76	large	1
23	77	predator	1
23	78	carnivores.	3
23	79	Scientists	1
23	80	from	1
23	81	Britain,	2
23	82	Germany	1
23	83	and	1
23	84	the	1
23	85	Netherlands	1
23	86	are	1
23	87	coming	1
23	88	here	1
23	89	to	1
23	90	find	1
23	91	out	1
23	92	how	1
23	93	Poland	1
23	94	has	1
23	95	saved	1
23	96	wolves	1
23	97	who	1
23	98	have	1
23	99	a	1
23	100	bad	1
23	101	reputation	1
23	102	even	1
23	103	in	1
23	104	fairy	1
23	105	tales.	2
23	106	The	1
23	107	scientist	1
23	108	says	1
23	109	wolves	1
23	110	can	1
23	111	move	1
23	112	up	1
23	113	to	1
23	114	30	1
23	115	kilometers	1
23	116	during	1
23	117	a	1
23	118	single	1
23	119	hunt.	2
23	120	“The	3
23	121	pack	1
23	122	that	1
23	123	he	1
23	124	is	1
23	125	tracking	1
23	126	is	1
23	127	a	1
23	128	strong	1
23	129	group	1
23	130	of	1
23	131	eight	1
23	132	or	1
23	133	nine	1
23	134	animals.	2
23	135	This	1
23	136	year,	2
23	137	we	1
23	138	have	1
23	139	recorded	1
23	140	five	1
23	141	cubs,	3
23	142	two	1
23	143	young	1
23	144	wolves	1
23	145	and	1
23	146	two	1
23	147	adults.	2
23	148	We	1
23	149	track	1
23	150	them	1
23	151	using	1
23	152	special	1
23	153	cameras	1
23	154	in	1
23	155	the	1
23	156	forest	1
23	157	and	1
23	158	by	1
23	159	following	1
23	160	their	1
23	161	prints	1
23	162	in	1
23	163	the	1
23	164	mud	1
23	165	and	1
23	166	snow.	2
23	167	In	1
23	168	each	1
23	169	family	1
23	170	group,	2
23	171	only	1
23	172	one	1
23	173	pair	1
23	174	of	1
23	175	adults	1
23	176	has	1
23	177	cubs	2
23	178	each	1
23	179	year.	2
23	180	All	1
23	181	the	1
23	182	wolves	1
23	183	in	1
23	184	the	1
23	185	pack	1
23	186	look	1
23	187	after	1
23	188	the	1
23	189	young.”	4
23	190	Myslajek,	6
23	191	the	1
23	192	son	1
23	193	of	1
23	194	a	1
23	195	shepherd,	2
23	196	doesn't	2
23	197	understand	1
23	198	wolves'	2
23	199	bad	1
23	200	reputation.	2
23	201	“Why	3
23	202	did	1
23	203	we	1
23	204	have	1
23	205	to	1
23	206	have	1
23	207	the	1
23	208	fairy	1
23	209	tale	1
23	210	Little	1
23	211	Red	1
23	212	Riding	1
23	213	Hood,	2
23	214	with	1
23	215	its	1
23	216	big	1
23	217	bad	1
23	218	wolf?”	4
23	219	He	1
23	220	is	1
23	221	fascinated	1
23	222	by	1
23	223	these	1
23	224	animals,	2
23	225	who	1
23	226	remained	1
23	227	in	1
23	228	the	1
23	229	wild	1
23	230	33,000	3
23	231	years	1
23	232	ago	1
23	233	when	1
23	234	other	1
23	235	types	1
23	236	of	1
23	237	dog	1
23	238	decided	1
23	239	on	1
23	240	a	1
23	241	much	1
23	242	more	1
23	243	comfortable	1
23	244	life	1
23	245	as	1
23	246	pets.	2
23	247	Myslajek	5
23	248	says	1
23	249	only	1
23	250	the	1
23	251	need	1
23	252	to	1
23	253	save	1
23	254	forests	1
23	255	and	1
23	256	control	1
23	257	the	1
23	258	wild	1
23	259	animal	1
23	260	population	1
23	261	can	1
23	262	save	1
23	263	Europe's	2
23	264	wild	1
23	265	carnivores,	3
23	266	especially	1
23	267	the	1
23	268	unpopular	1
23	269	wolf.	2
23	270	“Natural	3
23	271	predators	1
23	272	balance	1
23	273	the	1
23	274	ecosystem.	2
23	275	They	1
23	276	reduce	1
23	277	the	1
23	278	number	1
23	279	of	1
23	280	herbivores,	4
23	281	which	1
23	282	allows	1
23	283	trees	1
23	284	to	1
23	285	grow	1
23	286	tall	1
23	287	for	1
23	288	birds	1
23	289	to	1
23	290	nest	1
23	291	in.”	4
23	292	The	1
23	293	ban	1
23	294	on	1
23	295	wolf	1
23	296	hunting	1
23	297	in	1
23	298	the	1
23	299	western	1
23	300	Carpathian	3
23	301	mountains	1
23	302	became	1
23	303	law	1
23	304	in	1
23	305	1995	1
23	306	and	1
23	307	in	1
23	308	the	1
23	309	whole	1
23	310	of	1
23	311	Poland	1
23	312	in	1
23	313	1998.	2
23	314	There	1
23	315	are	1
23	316	now	1
23	317	wolf	1
23	318	packs	1
23	319	in	1
23	320	nearly	1
23	321	all	1
23	322	the	1
23	323	country's	2
23	324	major	1
23	325	forests	1
23	326	where	1
23	327	the	1
23	328	wolves	1
23	329	exist	1
23	330	together	1
23	331	with	1
23	332	humans.	2
23	333	The	1
23	334	Polish	1
23	335	government	1
23	336	pays	1
23	337	compensation	1
23	338	to	1
23	339	farmers	1
23	340	when	1
23	341	a	1
23	342	wolf	1
23	343	kills	1
23	344	their	1
23	345	farm	1
23	346	animals.	2
23	347	Myslajek	5
23	348	tells	1
23	349	farmers	1
23	350	to	1
23	351	put	1
23	352	up	1
23	353	electric	1
23	354	fences.	2
23	355	He	1
23	356	also	1
23	357	tells	1
23	358	them	1
23	359	to	1
23	360	use	1
23	361	two	1
23	362	things	1
23	363	that	1
23	364	wolves	1
23	365	find	1
23	366	scary:	2
23	367	strings	1
23	368	of	1
23	369	small	1
23	370	red	1
23	371	flags	1
23	372	(to	2
23	373	keep	1
23	374	wolves	1
23	375	away	1
23	376	from	1
23	377	sheep)	2
23	378	and	1
23	379	the	1
23	380	Tatra	2
23	381	Mountain	1
23	382	Sheepdog.	3
23	383	Poland	1
23	384	didn't	2
23	385	have	1
23	386	many	1
23	387	big	1
23	388	roads	1
23	389	until	1
23	390	recently	1
23	391	and	1
23	392	this	1
23	393	has	1
23	394	helped	1
23	395	wolves.	2
23	396	In	1
23	397	1989,	2
23	398	when	1
23	399	the	1
23	400	communists	1
23	401	left	1
23	402	power,	2
23	403	Poland	1
23	404	had	1
23	405	only	1
23	406	one	1
23	407	motorway.	3
23	408	Major	1
23	409	road	1
23	410	projects	1
23	411	began	1
23	412	after	1
23	413	Poland	1
23	414	joined	1
23	415	the	1
23	416	European	1
23	417	Union	1
23	418	in	1
23	419	2004	1
23	420	and	1
23	421	they	1
23	422	now	1
23	423	have	1
23	424	to	1
23	425	consider	1
23	426	wild	1
23	427	animals.	2
23	428	The	1
23	429	way	1
23	430	people	1
23	431	think	1
23	432	about	1
23	433	wolves	1
23	434	has	1
23	435	also	1
23	436	changed.	2
23	437	“For	3
23	438	many	1
23	439	years,	2
23	440	hunting	1
23	441	was	1
23	442	a	1
23	443	part	1
23	444	of	1
23	445	the	1
23	446	culture	1
23	447	in	1
23	448	Poland.	2
23	449	In	1
23	450	1975,	2
23	451	there	1
23	452	were	1
23	453	fewer	1
23	454	than	1
23	455	100	1
23	456	wolves	1
23	457	in	1
23	458	Poland.”	4
23	459	Myslajek	5
23	460	says	1
23	461	that	1
23	462	Polish	1
23	463	wolves	1
23	464	are	1
23	465	much	1
23	466	safer	1
23	467	now	1
23	468	but	1
23	469	they	1
23	470	are	1
23	471	not	1
23	472	completely	1
23	473	safe.	2
23	474	Packs	1
23	475	go	1
23	476	into	1
23	477	neighboring	1
23	478	countries	1
23	479	–	1
23	480	Russia,	2
23	481	Lithuania	1
23	482	and	1
23	483	Belarus	1
23	484	–	1
23	485	where	1
23	486	there	1
23	487	is	1
23	488	still	1
23	489	hunting.	2
23	490	He	1
23	491	says	1
23	492	Poland's	2
23	493	new	1
23	494	government	1
23	495	doesn't	2
23	496	like	1
23	497	wolves.	2
23	498	“The	3
23	499	Environment	1
23	500	Minister,	2
23	501	Jan	1
23	502	Szyszko,	5
23	503	is	1
23	504	a	1
23	505	hunter.	2
23	506	There	1
23	507	are	1
23	508	120,000	3
23	509	hunters	1
23	510	in	1
23	511	Poland	1
23	512	and	1
23	513	they	1
23	514	have	1
23	515	a	1
23	516	lot	1
23	517	of	1
23	518	influence.	2
23	519	It's	2
23	520	not	1
23	521	easy	1
23	522	to	1
23	523	defend	1
23	524	wolves.	2
23	525	You	1
23	526	can't	2
23	527	say	1
23	528	to	1
23	529	the	1
23	530	politicians	1
23	531	that	1
23	532	wolves	1
23	533	are	1
23	534	a	1
23	535	big	1
23	536	tourist	1
23	537	attraction.	2
23	538	Most	1
23	539	tourists	1
23	540	want	1
23	541	to	1
23	542	see	1
23	543	the	1
23	544	animals	1
23	545	but	1
23	546	wolves	1
23	547	stay	1
23	548	away	1
23	549	from	1
23	550	humans.	2
23	551	They	1
23	552	have	1
23	553	a	1
23	554	very	1
23	555	strong	1
23	556	sense	1
23	557	of	1
23	558	smell.”	4
24	0	Swedish	3
24	1	prisons	1
24	2	have	1
24	3	long	1
24	4	had	1
24	5	a	1
24	6	reputation	1
24	7	around	1
24	8	the	1
24	9	world	1
24	10	for	1
24	11	being	1
24	12	progressive.	2
24	13	But	1
24	14	are	1
24	15	the	1
24	16	country's	2
24	17	prisons	1
24	18	a	1
24	19	soft	1
24	20	option?	2
24	21	The	1
24	22	head	1
24	23	of	1
24	24	Sweden's	2
24	25	prison	1
24	26	and	1
24	27	probation	1
24	28	service,	2
24	29	Nils	2
24	30	Oberg,	3
24	31	announced	1
24	32	in	1
24	33	November	1
24	34	2013	1
24	35	that	1
24	36	four	1
24	37	Swedish	1
24	38	prisons	1
24	39	are	1
24	40	to	1
24	41	be	1
24	42	closed	1
24	43	due	1
24	44	to	1
24	45	an	1
24	46	“out	3
24	47	of	1
24	48	the	1
24	49	ordinary”	3
24	50	decline	1
24	51	in	1
24	52	prisoner	1
24	53	numbers.	2
24	54	Although	1
24	55	there	1
24	56	has	1
24	57	been	1
24	58	no	1
24	59	fall	1
24	60	in	1
24	61	crime	1
24	62	rates,	2
24	63	between	1
24	64	2011	1
24	65	and	1
24	66	2012	1
24	67	there	1
24	68	was	1
24	69	a	1
24	70	6%	2
24	71	drop	1
24	72	in	1
24	73	Sweden's	2
24	74	prisoner	1
24	75	population,	2
24	76	now	1
24	77	a	1
24	78	little	1
24	79	over	1
24	80	4,500.	4
24	81	A	1
24	82	similar	1
24	83	decrease	1
24	84	is	1
24	85	expected	1
24	86	in	1
24	87	2013	1
24	88	and	1
24	89	2014.	2
24	90	Oberg	2
24	91	admitted	1
24	92	to	1
24	93	being	1
24	94	puzzled	1
24	95	by	1
24	96	the	1
24	97	unexpected	1
24	98	dip,	2
24	99	but	1
24	100	expressed	1
24	101	optimism	1
24	102	that	1
24	103	the	1
24	104	reason	1
24	105	was	1
24	106	to	1
24	107	do	1
24	108	with	1
24	109	how	1
24	110	his	1
24	111	prisons	1
24	112	are	1
24	113	run.	2
24	114	“We	3
24	115	certainly	1
24	116	hope	1
24	117	that	1
24	118	the	1
24	119	efforts	1
24	120	we	1
24	121	invest	1
24	122	in	1
24	123	rehabilitation	1
24	124	and	1
24	125	preventing	1
24	126	relapse	1
24	127	of	1
24	128	crime	1
24	129	has	1
24	130	had	1
24	131	an	1
24	132	impact,”	4
24	133	he	1
24	134	said.	2
24	135	“The	3
24	136	modern	1
24	137	prison	1
24	138	service	1
24	139	in	1
24	140	Sweden	1
24	141	is	1
24	142	very	1
24	143	different	1
24	144	from	1
24	145	when	1
24	146	I	1
24	147	joined	1
24	148	as	1
24	149	a	1
24	150	young	1
24	151	prison	1
24	152	officer	1
24	153	in	1
24	154	1978,”	4
24	155	says	1
24	156	Kenneth	1
24	157	Gustafsson,	4
24	158	governor	1
24	159	of	1
24	160	Kumla	2
24	161	Prison,	2
24	162	Sweden's	2
24	163	most	1
24	164	secure	1
24	165	jail.	2
24	166	However,	2
24	167	he	1
24	168	doesn't	2
24	169	think	1
24	170	the	1
24	171	system	1
24	172	has	1
24	173	gone	1
24	174	soft.	2
24	175	“When	3
24	176	I	1
24	177	joined,	2
24	178	the	1
24	179	focus	1
24	180	was	1
24	181	very	1
24	182	much	1
24	183	on	1
24	184	humanity	1
24	185	in	1
24	186	prisons.	2
24	187	Prisoners	2
24	188	were	1
24	189	treated	1
24	190	well	1
24	191	–	1
24	192	maybe	1
24	193	too	1
24	194	well,	2
24	195	some	1
24	196	might	1
24	197	say.	2
24	198	But,	2
24	199	after	1
24	200	a	1
24	201	number	1
24	202	of	1
24	203	high-profile	3
24	204	escapes	1
24	205	in	1
24	206	2004,	2
24	207	we	1
24	208	had	1
24	209	to	1
24	210	implement	1
24	211	changes	1
24	212	to	1
24	213	make	1
24	214	prisons	1
24	215	more	1
24	216	secure.”	4
24	217	The	1
24	218	Swedes	2
24	219	still	1
24	220	managed	1
24	221	to	1
24	222	maintain	1
24	223	a	1
24	224	broadly	1
24	225	humane	1
24	226	approach	1
24	227	to	1
24	228	sentencing,	2
24	229	even	1
24	230	of	1
24	231	the	1
24	232	most	1
24	233	serious	1
24	234	offenders:	2
24	235	jail	1
24	236	terms	1
24	237	rarely	1
24	238	exceed	1
24	239	ten	1
24	240	years.	2
24	241	Sweden	1
24	242	was	1
24	243	the	1
24	244	first	1
24	245	country	1
24	246	in	1
24	247	Europe	1
24	248	to	1
24	249	introduce	1
24	250	the	1
24	251	electronic	1
24	252	tagging	1
24	253	of	1
24	254	convicted	1
24	255	criminals	1
24	256	and	1
24	257	continues	1
24	258	to	1
24	259	strive	1
24	260	to	1
24	261	minimize	1
24	262	short-term	3
24	263	prison	1
24	264	sentences	1
24	265	wherever	1
24	266	possible	1
24	267	by	1
24	268	using	1
24	269	community-based	3
24	270	punishments,	2
24	271	which	1
24	272	have	1
24	273	been	1
24	274	proven	1
24	275	to	1
24	276	be	1
24	277	more	1
24	278	effective	1
24	279	at	1
24	280	reducing	1
24	281	reoffending.	4
24	282	The	1
24	283	overall	1
24	284	reoffending	3
24	285	rate	1
24	286	in	1
24	287	Sweden	1
24	288	stands	1
24	289	at	1
24	290	between	1
24	291	30	1
24	292	and	1
24	293	40%	2
24	294	over	1
24	295	three	1
24	296	years	1
24	297	–	1
24	298	to	1
24	299	compare	1
24	300	that	1
24	301	with	1
24	302	another	1
24	303	European	1
24	304	country,	2
24	305	the	1
24	306	number	1
24	307	is	1
24	308	around	1
24	309	half	1
24	310	that	1
24	311	of	1
24	312	the	1
24	313	UK.	2
24	314	One	1
24	315	likely	1
24	316	reason	1
24	317	for	1
24	318	the	1
24	319	relatively	1
24	320	low	1
24	321	reoffending	3
24	322	rate	1
24	323	and	1
24	324	the	1
24	325	low	1
24	326	rate	1
24	327	of	1
24	328	incarceration	1
24	329	in	1
24	330	Sweden	1
24	331	(below	2
24	332	70	1
24	333	per	1
24	334	100,000	3
24	335	head	1
24	336	of	1
24	337	population)	2
24	338	is	1
24	339	that	1
24	340	the	1
24	341	age	1
24	342	of	1
24	343	criminal	1
24	344	responsibility	1
24	345	is	1
24	346	set	1
24	347	at	1
24	348	15.	2
24	349	In	1
24	350	the	1
24	351	UK,	2
24	352	for	1
24	353	example,	2
24	354	children	1
24	355	aged	1
24	356	ten	1
24	357	to	1
24	358	17	1
24	359	and	1
24	360	young	1
24	361	people	1
24	362	under	1
24	363	the	1
24	364	age	1
24	365	of	1
24	366	21	1
24	367	record	1
24	368	the	1
24	369	highest	1
24	370	reoffending	3
24	371	rates:	2
24	372	almost	1
24	373	three	1
24	374	quarters	1
24	375	and	1
24	376	two	1
24	377	thirds,	2
24	378	respectively.	2
24	379	A	1
24	380	good	1
24	381	proportion	1
24	382	of	1
24	383	these	1
24	384	offenders	1
24	385	go	1
24	386	on	1
24	387	to	1
24	388	populate	1
24	389	adult	1
24	390	jails.	2
24	391	In	1
24	392	Sweden,	2
24	393	no	1
24	394	young	1
24	395	person	1
24	396	under	1
24	397	the	1
24	398	age	1
24	399	of	1
24	400	21	1
24	401	can	1
24	402	be	1
24	403	sentenced	1
24	404	to	1
24	405	life	1
24	406	–	1
24	407	this	1
24	408	is	1
24	409	not	1
24	410	the	1
24	411	case	1
24	412	in	1
24	413	many	1
24	414	other	1
24	415	countries	1
24	416	–	1
24	417	and	1
24	418	every	1
24	419	effort	1
24	420	is	1
24	421	made	1
24	422	to	1
24	423	ensure	1
24	424	that	1
24	425	as	1
24	426	few	1
24	427	juvenile	1
24	428	offenders	1
24	429	as	1
24	430	possible	1
24	431	end	1
24	432	up	1
24	433	in	1
24	434	prison.	2
24	435	One	1
24	436	strong	1
24	437	reason	1
24	438	for	1
24	439	the	1
24	440	drop	1
24	441	in	1
24	442	prison	1
24	443	numbers	1
24	444	might	1
24	445	be	1
24	446	the	1
24	447	amount	1
24	448	of	1
24	449	post-prison	3
24	450	support	1
24	451	available	1
24	452	in	1
24	453	Sweden.	2
24	454	A	1
24	455	confident	1
24	456	probation	1
24	457	service	1
24	458	–	1
24	459	a	1
24	460	government	1
24	461	agency	1
24	462	–	1
24	463	is	1
24	464	tasked	1
24	465	not	1
24	466	only	1
24	467	with	1
24	468	supervising	2
24	469	those	1
24	470	on	1
24	471	probation	1
24	472	but	1
24	473	is	1
24	474	also	1
24	475	guaranteed	1
24	476	to	1
24	477	provide	1
24	478	treatment	1
24	479	programs	1
24	480	for	1
24	481	offenders	1
24	482	with	1
24	483	drug,	2
24	484	alcohol	1
24	485	or	1
24	486	violence	1
24	487	issues.	2
24	488	The	1
24	489	service	1
24	490	is	1
24	491	assisted	1
24	492	by	1
24	493	around	1
24	494	4,500	3
24	495	lay	1
24	496	supervisors	1
24	497	–	1
24	498	members	1
24	499	of	1
24	500	the	1
24	501	public	1
24	502	who	1
24	503	volunteer	1
24	504	to	1
24	505	befriend	1
24	506	and	1
24	507	support	1
24	508	offenders	1
24	509	under	1
24	510	supervision.	2
24	511	“In	3
24	512	Sweden,	2
24	513	we	1
24	514	believe	1
24	515	very	1
24	516	much	1
24	517	in	1
24	518	the	1
24	519	concept	1
24	520	of	1
24	521	rehabilitation,	2
24	522	without	1
24	523	being	1
24	524	naive	1
24	525	of	1
24	526	course,”	4
24	527	says	1
24	528	Gustafsson.	4
24	529	“There	3
24	530	are	1
24	531	some	1
24	532	people	1
24	533	who	1
24	534	will	1
24	535	not	1
24	536	or	1
24	537	cannot	1
24	538	change.	2
24	539	But,	2
24	540	in	1
24	541	my	1
24	542	experience,	2
24	543	the	1
24	544	majority	1
24	545	of	1
24	546	prisoners	1
24	547	want	1
24	548	to	1
24	549	change,	2
24	550	and	1
24	551	we	1
24	552	must	1
24	553	do	1
24	554	what	1
24	555	we	1
24	556	can	1
24	557	to	1
24	558	help	1
24	559	to	1
24	560	facilitate	1
24	561	that.	2
24	562	It	1
24	563	is	1
24	564	not	1
24	565	always	1
24	566	possible	1
24	567	to	1
24	568	achieve	1
24	569	this	1
24	570	in	1
24	571	one	1
24	572	prison	1
24	573	sentence.”	4
25	0	Swedish	3
25	1	prisons	1
25	2	have	1
25	3	a	1
25	4	reputation	1
25	5	around	1
25	6	the	1
25	7	world	1
25	8	for	1
25	9	being	1
25	10	liberal	1
25	11	and	1
25	12	modern.	2
25	13	But	1
25	14	are	1
25	15	the	1
25	16	country's	2
25	17	prisons	1
25	18	too	1
25	19	soft?	2
25	20	The	1
25	21	head	1
25	22	of	1
25	23	Sweden's	2
25	24	prison	1
25	25	and	1
25	26	probation	1
25	27	service,	2
25	28	Nils	2
25	29	Oberg,	3
25	30	said	1
25	31	in	1
25	32	November	1
25	33	2013	1
25	34	that	1
25	35	four	1
25	36	Swedish	1
25	37	prisons	1
25	38	will	1
25	39	close	1
25	40	because	1
25	41	of	1
25	42	an	1
25	43	“out	3
25	44	of	1
25	45	the	1
25	46	ordinary”	3
25	47	drop	1
25	48	in	1
25	49	the	1
25	50	number	1
25	51	of	1
25	52	prisoners.	2
25	53	There	1
25	54	has	1
25	55	been	1
25	56	no	1
25	57	fall	1
25	58	in	1
25	59	crime	1
25	60	rates,	2
25	61	but,	2
25	62	between	1
25	63	2011	1
25	64	and	1
25	65	2012,	2
25	66	there	1
25	67	was	1
25	68	a	1
25	69	6%	2
25	70	drop	1
25	71	in	1
25	72	the	1
25	73	number	1
25	74	of	1
25	75	people	1
25	76	in	1
25	77	Sweden's	2
25	78	prisons,	2
25	79	now	1
25	80	a	1
25	81	little	1
25	82	over	1
25	83	4,500.	4
25	84	Oberg	2
25	85	said	1
25	86	he	1
25	87	was	1
25	88	confused	1
25	89	by	1
25	90	the	1
25	91	drop	1
25	92	in	1
25	93	numbers,	2
25	94	but	1
25	95	hoped	1
25	96	that	1
25	97	the	1
25	98	reason	1
25	99	was	1
25	100	to	1
25	101	do	1
25	102	with	1
25	103	how	1
25	104	his	1
25	105	prisons	1
25	106	are	1
25	107	managed.	2
25	108	“We	3
25	109	certainly	1
25	110	hope	1
25	111	that	1
25	112	the	1
25	113	efforts	1
25	114	we	1
25	115	put	1
25	116	into	1
25	117	rehabilitation	1
25	118	and	1
25	119	into	1
25	120	stopping	1
25	121	criminals	1
25	122	from	1
25	123	reoffending	3
25	124	has	1
25	125	made	1
25	126	a	1
25	127	difference,”	4
25	128	he	1
25	129	said.	2
25	130	“The	3
25	131	modern	1
25	132	prison	1
25	133	service	1
25	134	in	1
25	135	Sweden	1
25	136	is	1
25	137	very	1
25	138	different	1
25	139	from	1
25	140	when	1
25	141	I	1
25	142	joined	1
25	143	as	1
25	144	a	1
25	145	young	1
25	146	prison	1
25	147	officer	1
25	148	in	1
25	149	1978,”	4
25	150	says	1
25	151	Kenneth	1
25	152	Gustafsson,	4
25	153	governor	1
25	154	of	1
25	155	Kumla	2
25	156	Prison,	2
25	157	Sweden's	2
25	158	most	1
25	159	secure	1
25	160	jail.	2
25	161	“When	3
25	162	I	1
25	163	joined,	2
25	164	prisoners	1
25	165	were	1
25	166	treated	1
25	167	well	1
25	168	–	1
25	169	maybe	1
25	170	too	1
25	171	well.	2
25	172	But,	2
25	173	after	1
25	174	high	1
25	175	profile	1
25	176	escapes	1
25	177	in	1
25	178	2004,	2
25	179	we	1
25	180	had	1
25	181	to	1
25	182	make	1
25	183	the	1
25	184	prisons	1
25	185	more	1
25	186	secure.”	4
25	187	In	1
25	188	Sweden,	2
25	189	prison	1
25	190	sentences	1
25	191	are	1
25	192	not	1
25	193	usually	1
25	194	for	1
25	195	more	1
25	196	than	1
25	197	ten	1
25	198	years.	2
25	199	Sweden	1
25	200	was	1
25	201	the	1
25	202	first	1
25	203	country	1
25	204	in	1
25	205	Europe	1
25	206	to	1
25	207	introduce	1
25	208	the	1
25	209	electronic	1
25	210	tagging	1
25	211	of	1
25	212	criminals	1
25	213	and	1
25	214	it	1
25	215	continues	1
25	216	to	1
25	217	keep	1
25	218	prison	1
25	219	sentences	1
25	220	short	1
25	221	when	1
25	222	possible	1
25	223	by	1
25	224	using	1
25	225	community-based	3
25	226	punishments.	2
25	227	These	1
25	228	have	1
25	229	stopped	1
25	230	many	1
25	231	criminals	1
25	232	from	1
25	233	reoffending.	4
25	234	The	1
25	235	reoffending	3
25	236	rate	1
25	237	in	1
25	238	Sweden	1
25	239	is	1
25	240	between	1
25	241	30	1
25	242	and	1
25	243	40%	2
25	244	–	1
25	245	to	1
25	246	compare	1
25	247	that	1
25	248	with	1
25	249	another	1
25	250	European	1
25	251	country,	2
25	252	the	1
25	253	number	1
25	254	is	1
25	255	around	1
25	256	half	1
25	257	that	1
25	258	of	1
25	259	the	1
25	260	UK.	2
25	261	One	1
25	262	thing	1
25	263	that	1
25	264	has	1
25	265	kept	1
25	266	reoffending	3
25	267	down	1
25	268	and	1
25	269	the	1
25	270	number	1
25	271	of	1
25	272	prisoners	1
25	273	in	1
25	274	Sweden	1
25	275	below	1
25	276	70	1
25	277	per	1
25	278	100,000	3
25	279	people	1
25	280	is	1
25	281	that	1
25	282	anyone	1
25	283	under	1
25	284	15	1
25	285	cannot	1
25	286	be	1
25	287	responsible	1
25	288	for	1
25	289	their	1
25	290	crime.	2
25	291	Also,	2
25	292	in	1
25	293	Sweden,	2
25	294	no	1
25	295	young	1
25	296	person	1
25	297	under	1
25	298	the	1
25	299	age	1
25	300	of	1
25	301	21	1
25	302	can	1
25	303	be	1
25	304	sentenced	1
25	305	to	1
25	306	life	1
25	307	–	1
25	308	this	1
25	309	is	1
25	310	not	1
25	311	the	1
25	312	same	1
25	313	in	1
25	314	many	1
25	315	other	1
25	316	countries	1
25	317	–	1
25	318	and	1
25	319	they	1
25	320	try	1
25	321	to	1
25	322	keep	1
25	323	young	1
25	324	offenders	1
25	325	out	1
25	326	of	1
25	327	prison.	2
25	328	One	1
25	329	reason	1
25	330	for	1
25	331	the	1
25	332	drop	1
25	333	in	1
25	334	prison	1
25	335	numbers	1
25	336	might	1
25	337	be	1
25	338	the	1
25	339	amount	1
25	340	of	1
25	341	post-prison	3
25	342	support	1
25	343	available	1
25	344	in	1
25	345	Sweden.	2
25	346	A	1
25	347	government-run	3
25	348	probation	1
25	349	service	1
25	350	gives	1
25	351	treatment	1
25	352	programs	1
25	353	to	1
25	354	offenders	1
25	355	with	1
25	356	drug,	2
25	357	alcohol	1
25	358	or	1
25	359	violence	1
25	360	problems.	2
25	361	Around	1
25	362	4,500	3
25	363	Swedes	2
25	364	help	1
25	365	the	1
25	366	service	1
25	367	–	1
25	368	they	1
25	369	volunteer	1
25	370	to	1
25	371	make	1
25	372	friends	1
25	373	with	1
25	374	and	1
25	375	support	1
25	376	offenders.	2
25	377	“In	3
25	378	Sweden,	2
25	379	we	1
25	380	believe	1
25	381	very	1
25	382	much	1
25	383	in	1
25	384	the	1
25	385	idea	1
25	386	of	1
25	387	rehabilitation,”	4
25	388	says	1
25	389	Gustafsson.	4
25	390	“Of	3
25	391	course,	2
25	392	there	1
25	393	are	1
25	394	some	1
25	395	people	1
25	396	who	1
25	397	will	1
25	398	not	1
25	399	or	1
25	400	cannot	1
25	401	change.	2
25	402	But,	2
25	403	in	1
25	404	my	1
25	405	experience,	2
25	406	most	1
25	407	prisoners	1
25	408	want	1
25	409	to	1
25	410	change	1
25	411	and	1
25	412	we	1
25	413	must	1
25	414	do	1
25	415	what	1
25	416	we	1
25	417	can	1
25	418	to	1
25	419	help	1
25	420	them.”	4
26	0	Such	1
26	1	is	1
26	2	the	1
26	3	lot	1
26	4	of	1
26	5	the	1
26	6	modern-day	3
26	7	chemist:	2
26	8	you	1
26	9	wait	1
26	10	ages	1
26	11	for	1
26	12	a	1
26	13	new	1
26	14	element	1
26	15	to	1
26	16	turn	1
26	17	up	1
26	18	and	1
26	19	then	1
26	20	four	1
26	21	come	1
26	22	along	1
26	23	at	1
26	24	once.	2
26	25	Discovered	2
26	26	by	1
26	27	researchers	1
26	28	in	1
26	29	Japan,	2
26	30	Russia	1
26	31	and	1
26	32	the	1
26	33	US,	2
26	34	the	1
26	35	four	1
26	36	new	1
26	37	elements	1
26	38	are	1
26	39	the	1
26	40	first	1
26	41	to	1
26	42	be	1
26	43	added	1
26	44	to	1
26	45	the	1
26	46	periodic	1
26	47	table	1
26	48	since	1
26	49	2011,	2
26	50	when	1
26	51	elements	1
26	52	114	1
26	53	and	1
26	54	116	1
26	55	were	1
26	56	included.	2
26	57	The	1
26	58	new	1
26	59	elements,	2
26	60	all	1
26	61	spectacularly	2
26	62	short-lived	3
26	63	and	1
26	64	highly	1
26	65	radioactive,	2
26	66	complete	1
26	67	the	1
26	68	periodic	1
26	69	table's	2
26	70	seventh	1
26	71	row	1
26	72	and	1
26	73	render	1
26	74	science	1
26	75	textbooks	1
26	76	around	1
26	77	the	1
26	78	world	1
26	79	out	1
26	80	of	1
26	81	date.	2
26	82	The	1
26	83	US-based	3
26	84	International	1
26	85	Union	1
26	86	of	1
26	87	Pure	1
26	88	and	1
26	89	Applied	1
26	90	Chemistry	1
26	91	(IUPAC),	5
26	92	the	1
26	93	global	1
26	94	organization	1
26	95	that	1
26	96	governs	1
26	97	chemical	1
26	98	nomenclature,	5
26	99	terminology	1
26	100	and	1
26	101	measurement,	2
26	102	verified	1
26	103	the	1
26	104	elements	1
26	105	on	1
26	106	30	1
26	107	December,	2
26	108	2015	1
26	109	after	1
26	110	poring	2
26	111	over	1
26	112	studies	1
26	113	dating	1
26	114	back	1
26	115	to	1
26	116	2004.	2
26	117	The	1
26	118	scientists	1
26	119	who	1
26	120	found	1
26	121	them	1
26	122	must	1
26	123	now	1
26	124	come	1
26	125	up	1
26	126	with	1
26	127	formal	1
26	128	names	1
26	129	to	1
26	130	replace	1
26	131	the	1
26	132	clunky	2
26	133	Latin-	2
26	134	based	1
26	135	placeholders	2
26	136	–	1
26	137	ununtrium,	4
26	138	ununpentium,	5
26	139	ununseptium	5
26	140	and	1
26	141	ununoctium	4
26	142	–	1
26	143	which	1
26	144	reflect	1
26	145	their	1
26	146	atomic	1
26	147	numbers,	2
26	148	113,	2
26	149	115,	2
26	150	117,	2
26	151	and	1
26	152	118.	2
26	153	The	1
26	154	atomic	1
26	155	number	1
26	156	is	1
26	157	the	1
26	158	number	1
26	159	of	1
26	160	protons	2
26	161	found	1
26	162	in	1
26	163	an	1
26	164	element's	2
26	165	atomic	1
26	166	nucleus.	2
26	167	IUPAC	3
26	168	announced	1
26	169	that	1
26	170	a	1
26	171	Russian-American	3
26	172	team	1
26	173	of	1
26	174	scientists	1
26	175	at	1
26	176	the	1
26	177	Joint	1
26	178	Institute	1
26	179	for	1
26	180	Nuclear	1
26	181	Research	1
26	182	in	1
26	183	Dubna	2
26	184	and	1
26	185	Lawrence	1
26	186	Livermore	2
26	187	National	1
26	188	Laboratory	1
26	189	in	1
26	190	California	1
26	191	had	1
26	192	produced	1
26	193	sufficient	1
26	194	evidence	1
26	195	to	1
26	196	claim	1
26	197	the	1
26	198	discovery	1
26	199	of	1
26	200	elements	1
26	201	115,	2
26	202	117	1
26	203	and	1
26	204	118.	2
26	205	The	1
26	206	body	1
26	207	awarded	1
26	208	credit	1
26	209	for	1
26	210	the	1
26	211	discovery	1
26	212	of	1
26	213	element	1
26	214	113,	2
26	215	which	1
26	216	had	1
26	217	also	1
26	218	been	1
26	219	claimed	1
26	220	by	1
26	221	the	1
26	222	Russians	1
26	223	and	1
26	224	Americans,	2
26	225	to	1
26	226	a	1
26	227	team	1
26	228	of	1
26	229	scientists	1
26	230	from	1
26	231	the	1
26	232	RIKEN	3
26	233	Institute	1
26	234	in	1
26	235	Japan.	2
26	236	The	1
26	237	decision	1
26	238	means	1
26	239	Japan	1
26	240	becomes	1
26	241	the	1
26	242	first	1
26	243	Asian	1
26	244	country	1
26	245	to	1
26	246	name	1
26	247	an	1
26	248	element.	2
26	249	Under	1
26	250	IUPAC	3
26	251	rules,	2
26	252	new	1
26	253	elements	1
26	254	can	1
26	255	be	1
26	256	named	1
26	257	after	1
26	258	mythological	2
26	259	concepts,	2
26	260	minerals,	2
26	261	a	1
26	262	place	1
26	263	or	1
26	264	country,	2
26	265	or	1
26	266	a	1
26	267	scientist.	2
26	268	When	1
26	269	elements	1
26	270	114	1
26	271	and	1
26	272	116	1
26	273	were	1
26	274	assigned	1
26	275	formal	1
26	276	names	1
26	277	in	1
26	278	2012,	2
26	279	scientists	1
26	280	chose	1
26	281	flerovium	4
26	282	and	1
26	283	livermorium	3
26	284	respectively,	2
26	285	after	1
26	286	the	1
26	287	Flerov	3
26	288	Lab	1
26	289	at	1
26	290	Dubna's	3
26	291	Joint	1
26	292	Institute	1
26	293	of	1
26	294	Research	1
26	295	and	1
26	296	the	1
26	297	Lawrence	1
26	298	Livermore	2
26	299	Lab	1
26	300	in	1
26	301	the	1
26	302	US,	2
26	303	where	1
26	304	the	1
26	305	elements	1
26	306	were	1
26	307	discovered.	2
26	308	Kosuke	2
26	309	Morita,	3
26	310	who	1
26	311	led	1
26	312	the	1
26	313	research	1
26	314	at	1
26	315	RIKEN,	4
26	316	said	1
26	317	his	1
26	318	team	1
26	319	now	1
26	320	planned	1
26	321	to	1
26	322	“look	3
26	323	into	1
26	324	the	1
26	325	uncharted	2
26	326	territory	1
26	327	of	1
26	328	element	1
26	329	119	1
26	330	and	1
26	331	beyond.”	4
26	332	Jan	1
26	333	Reedijk,	3
26	334	president	1
26	335	of	1
26	336	the	1
26	337	Inorganic	2
26	338	Chemistry	1
26	339	Division	1
26	340	of	1
26	341	IUPAC,	4
26	342	said:	2
26	343	“The	3
26	344	chemistry	1
26	345	community	1
26	346	is	1
26	347	eager	1
26	348	to	1
26	349	see	1
26	350	its	1
26	351	most	1
26	352	cherished	1
26	353	table	1
26	354	finally	1
26	355	being	1
26	356	completed	1
26	357	down	1
26	358	to	1
26	359	the	1
26	360	seventh	1
26	361	row.”	4
26	362	The	1
26	363	Japanese	1
26	364	team	1
26	365	is	1
26	366	believed	1
26	367	to	1
26	368	be	1
26	369	considering	1
26	370	three	1
26	371	names	1
26	372	for	1
26	373	ununtrium:	4
26	374	japonium,	4
26	375	rikenium	3
26	376	and	1
26	377	nishinarium,	5
26	378	after	1
26	379	the	1
26	380	Nishina	2
26	381	Center	1
26	382	for	1
26	383	Accelerator-Based	4
26	384	Science,	2
26	385	where	1
26	386	the	1
26	387	element	1
26	388	was	1
26	389	found.	2
26	390	“They	3
26	391	will	1
26	392	have	1
26	393	been	1
26	394	thinking	1
26	395	about	1
26	396	it	1
26	397	for	1
26	398	a	1
26	399	while	1
26	400	already,”	4
26	401	said	1
26	402	Polly	1
26	403	Arnold,	2
26	404	professor	1
26	405	of	1
26	406	chemistry	1
26	407	at	1
26	408	Edinburgh	1
26	409	University.	2
26	410	“This	3
26	411	is	1
26	412	painstaking	1
26	413	work.	2
26	414	All	1
26	415	this	1
26	416	trying	1
26	417	to	1
26	418	understand	1
26	419	Mother	1
26	420	Nature	1
26	421	helps	1
26	422	us	1
26	423	with	1
26	424	our	1
26	425	models	1
26	426	and	1
26	427	with	1
26	428	understanding	1
26	429	radioactive	1
26	430	decay.	2
26	431	If	1
26	432	we	1
26	433	understand	1
26	434	it	1
26	435	better,	2
26	436	hopefully	1
26	437	we	1
26	438	can	1
26	439	do	1
26	440	better	1
26	441	at	1
26	442	dealing	1
26	443	with	1
26	444	nuclear	1
26	445	waste	1
26	446	and	1
26	447	things	1
26	448	that	1
26	449	are	1
26	450	important	1
26	451	in	1
26	452	the	1
26	453	real	1
26	454	world.	2
26	455	It	1
26	456	also	1
26	457	leads	1
26	458	to	1
26	459	fantastic	1
26	460	technological	1
26	461	advances	1
26	462	in	1
26	463	building	1
26	464	the	1
26	465	equipment	1
26	466	to	1
26	467	make	1
26	468	these	1
26	469	observations.”	4
26	470	Along	1
26	471	with	1
26	472	new	1
26	473	names,	2
26	474	the	1
26	475	scientists	1
26	476	must	1
26	477	propose	1
26	478	two-letter	3
26	479	symbols	1
26	480	for	1
26	481	the	1
26	482	elements.	2
26	483	When	1
26	484	IUPAC	3
26	485	has	1
26	486	received	1
26	487	the	1
26	488	researchers'	2
26	489	suggestions,	2
26	490	they	1
26	491	will	1
26	492	be	1
26	493	put	1
26	494	up	1
26	495	for	1
26	496	public	1
26	497	review	1
26	498	for	1
26	499	five	1
26	500	months.	2
26	501	That	1
26	502	allows	1
26	503	scientists	1
26	504	and	1
26	505	others	1
26	506	to	1
26	507	raise	1
26	508	any	1
26	509	objections.	2
26	510	In	1
26	511	1996,	2
26	512	the	1
26	513	symbol	1
26	514	Cp	2
26	515	was	1
26	516	proposed	1
26	517	for	1
26	518	copernicium,	5
26	519	or	1
26	520	element	1
26	521	112,	2
26	522	but	1
26	523	it	1
26	524	was	1
26	525	swapped	1
26	526	to	1
26	527	Cn	2
26	528	when	1
26	529	scientists	1
26	530	complained	1
26	531	that	1
26	532	Cp	2
26	533	referred	1
26	534	to	1
26	535	another	1
26	536	substance.	2
26	537	To	1
26	538	discover	1
26	539	the	1
26	540	elements,	2
26	541	researchers	1
26	542	at	1
26	543	the	1
26	544	three	1
26	545	labs	1
26	546	slammed	1
26	547	lighter	1
26	548	nuclei	2
26	549	into	1
26	550	one	1
26	551	another	1
26	552	and	1
26	553	looked	1
26	554	for	1
26	555	signature	1
26	556	radioactive	1
26	557	decays	2
26	558	that	1
26	559	should	1
26	560	come	1
26	561	from	1
26	562	the	1
26	563	new	1
26	564	elements.	2
26	565	Ununtrium	3
26	566	and	1
26	567	ununpentium	4
26	568	are	1
26	569	thought	1
26	570	to	1
26	571	be	1
26	572	metals,	2
26	573	while	1
26	574	ununseptium	5
26	575	could	1
26	576	be	1
26	577	a	1
26	578	metalloid	3
26	579	–	1
26	580	a	1
26	581	material	1
26	582	bearing	1
26	583	some	1
26	584	metallic	1
26	585	properties.	2
26	586	The	1
26	587	fourth	1
26	588	element,	2
26	589	ununoctium,	5
26	590	may	1
26	591	be	1
26	592	a	1
26	593	noble	1
26	594	gas,	2
26	595	like	1
26	596	other	1
26	597	group-18	3
26	598	elements,	2
26	599	helium,	2
26	600	neon	1
26	601	and	1
26	602	argon.	3
26	603	It	1
26	604	is	1
26	605	hard	1
26	606	to	1
26	607	know	1
26	608	for	1
26	609	sure	1
26	610	because	1
26	611	so	1
26	612	few	1
26	613	atoms	1
26	614	of	1
26	615	each	1
26	616	element	1
26	617	have	1
26	618	ever	1
26	619	been	1
26	620	made.	2
26	621	Paul	1
26	622	Karol,	3
26	623	chair	1
26	624	of	1
26	625	the	1
26	626	IUPAC	3
26	627	panel	1
26	628	that	1
26	629	verified	1
26	630	the	1
26	631	elements,	2
26	632	said:	2
26	633	“Practical	4
26	634	applications	1
26	635	of	1
26	636	the	1
26	637	new	1
26	638	elements,	2
26	639	if	1
26	640	any,	2
26	641	are	1
26	642	a	1
26	643	long	1
26	644	way	1
26	645	off	1
26	646	because	1
26	647	of	1
26	648	the	1
26	649	difficulty	1
26	650	in	1
26	651	synthesis.”	4
27	0	Chemists	2
27	1	have	1
27	2	waited	1
27	3	a	1
27	4	long	1
27	5	time	1
27	6	to	1
27	7	find	1
27	8	a	1
27	9	new	1
27	10	element	1
27	11	and,	2
27	12	now,	2
27	13	researchers	1
27	14	in	1
27	15	Japan,	2
27	16	Russia	1
27	17	and	1
27	18	the	1
27	19	US	1
27	20	have	1
27	21	discovered	1
27	22	four.	2
27	23	The	1
27	24	four	1
27	25	new	1
27	26	elements	1
27	27	will	1
27	28	be	1
27	29	added	1
27	30	to	1
27	31	the	1
27	32	periodic	1
27	33	table.	2
27	34	They	1
27	35	are	1
27	36	the	1
27	37	first	1
27	38	elements	1
27	39	to	1
27	40	be	1
27	41	added	1
27	42	since	1
27	43	2011,	2
27	44	when	1
27	45	elements	1
27	46	114	1
27	47	and	1
27	48	116	1
27	49	were	1
27	50	included.	2
27	51	The	1
27	52	new	1
27	53	elements,	2
27	54	all	1
27	55	very	1
27	56	radioactive,	2
27	57	complete	1
27	58	the	1
27	59	seventh	1
27	60	row	1
27	61	of	1
27	62	the	1
27	63	periodic	1
27	64	table.	2
27	65	The	1
27	66	International	1
27	67	Union	1
27	68	of	1
27	69	Pure	1
27	70	and	1
27	71	Applied	1
27	72	Chemistry	1
27	73	(IUPAC)	5
27	74	is	1
27	75	the	1
27	76	global	1
27	77	organization	1
27	78	that	1
27	79	controls	1
27	80	chemical	1
27	81	names.	2
27	82	IUPAC	3
27	83	confirmed	1
27	84	the	1
27	85	new	1
27	86	elements	1
27	87	on	1
27	88	30	1
27	89	December,	2
27	90	2015	1
27	91	after	1
27	92	examining	1
27	93	studies	1
27	94	dating	1
27	95	back	1
27	96	to	1
27	97	2004.	2
27	98	The	1
27	99	scientists	1
27	100	who	1
27	101	found	1
27	102	them	1
27	103	must	1
27	104	now	1
27	105	think	1
27	106	of	1
27	107	formal	1
27	108	names	1
27	109	for	1
27	110	the	1
27	111	elements,	2
27	112	which	1
27	113	have	1
27	114	the	1
27	115	atomic	1
27	116	numbers,	2
27	117	113,	2
27	118	115,	2
27	119	117,	2
27	120	and	1
27	121	118.	2
27	122	The	1
27	123	atomic	1
27	124	number	1
27	125	is	1
27	126	the	1
27	127	number	1
27	128	of	1
27	129	protons	2
27	130	in	1
27	131	an	1
27	132	element's	2
27	133	atomic	1
27	134	nucleus.	2
27	135	IUPAC	3
27	136	said	1
27	137	that	1
27	138	a	1
27	139	Russian-American	3
27	140	team	1
27	141	of	1
27	142	scientists	1
27	143	at	1
27	144	the	1
27	145	Joint	1
27	146	Institute	1
27	147	for	1
27	148	Nuclear	1
27	149	Research	1
27	150	in	1
27	151	Dubna	2
27	152	and	1
27	153	Lawrence	1
27	154	Livermore	2
27	155	National	1
27	156	Laboratory	1
27	157	in	1
27	158	California	1
27	159	had	1
27	160	discovered	1
27	161	elements	1
27	162	115,	2
27	163	117	1
27	164	and	1
27	165	118.	2
27	166	The	1
27	167	organization	1
27	168	said	1
27	169	a	1
27	170	team	1
27	171	of	1
27	172	scientists	1
27	173	from	1
27	174	the	1
27	175	RIKEN	3
27	176	Institute	1
27	177	in	1
27	178	Japan	1
27	179	discovered	1
27	180	element	1
27	181	113.	2
27	182	The	1
27	183	decision	1
27	184	means	1
27	185	Japan	1
27	186	becomes	1
27	187	the	1
27	188	first	1
27	189	Asian	1
27	190	country	1
27	191	to	1
27	192	name	1
27	193	an	1
27	194	element.	2
27	195	Under	1
27	196	IUPAC	3
27	197	rules,	2
27	198	new	1
27	199	elements	1
27	200	can	1
27	201	be	1
27	202	named	1
27	203	after	1
27	204	mythological	2
27	205	concepts,	2
27	206	minerals,	2
27	207	a	1
27	208	place	1
27	209	or	1
27	210	country,	2
27	211	or	1
27	212	a	1
27	213	scientist.	2
27	214	In	1
27	215	2012,	2
27	216	scientists	1
27	217	chose	1
27	218	the	1
27	219	formal	1
27	220	name	1
27	221	flerovium	4
27	222	for	1
27	223	element	1
27	224	114,	2
27	225	after	1
27	226	the	1
27	227	Flerov	3
27	228	Lab	1
27	229	at	1
27	230	Dubna's	3
27	231	Joint	1
27	232	Institute	1
27	233	of	1
27	234	Research.	2
27	235	And	1
27	236	they	1
27	237	chose	1
27	238	the	1
27	239	formal	1
27	240	name	1
27	241	livermorium	3
27	242	for	1
27	243	element	1
27	244	116,	2
27	245	after	1
27	246	the	1
27	247	Lawrence	1
27	248	Livermore	2
27	249	Lab	1
27	250	in	1
27	251	the	1
27	252	US.	2
27	253	The	1
27	254	elements	1
27	255	were	1
27	256	discovered	1
27	257	there.	2
27	258	Kosuke	2
27	259	Morita,	3
27	260	who	1
27	261	led	1
27	262	the	1
27	263	research	1
27	264	at	1
27	265	RIKEN,	4
27	266	said	1
27	267	his	1
27	268	team	1
27	269	now	1
27	270	planned	1
27	271	to	1
27	272	“look	3
27	273	into	1
27	274	the	1
27	275	undiscovered	2
27	276	element	1
27	277	119	1
27	278	and	1
27	279	beyond.”	4
27	280	Jan	1
27	281	Reedijk	2
27	282	of	1
27	283	IUPAC	3
27	284	said:	2
27	285	“Chemists	4
27	286	want	1
27	287	to	1
27	288	see	1
27	289	the	1
27	290	periodic	1
27	291	table	1
27	292	finally	1
27	293	completed	1
27	294	down	1
27	295	to	1
27	296	the	1
27	297	seventh	1
27	298	row.”	4
27	299	The	1
27	300	Japanese	1
27	301	team	1
27	302	is	1
27	303	considering	1
27	304	three	1
27	305	names	1
27	306	for	1
27	307	element	1
27	308	113:	2
27	309	japonium,	4
27	310	rikenium	3
27	311	and	1
27	312	nishinarium,	5
27	313	after	1
27	314	the	1
27	315	Nishina	2
27	316	Center	1
27	317	for	1
27	318	Accelerator-Based	4
27	319	Science,	2
27	320	where	1
27	321	they	1
27	322	found	1
27	323	the	1
27	324	element.	2
27	325	Polly	1
27	326	Arnold,	2
27	327	professor	1
27	328	of	1
27	329	chemistry	1
27	330	at	1
27	331	Edinburgh	1
27	332	University,	2
27	333	said,	2
27	334	“This	3
27	335	is	1
27	336	very	1
27	337	difficult	1
27	338	and	1
27	339	slow	1
27	340	work.	2
27	341	The	1
27	342	work	1
27	343	helps	1
27	344	us	1
27	345	understand	1
27	346	radioactive	1
27	347	decay.	2
27	348	If	1
27	349	we	1
27	350	understand	1
27	351	it	1
27	352	better,	2
27	353	hopefully	1
27	354	we	1
27	355	can	1
27	356	find	1
27	357	a	1
27	358	better	1
27	359	way	1
27	360	to	1
27	361	deal	1
27	362	with	1
27	363	nuclear	1
27	364	waste	1
27	365	and	1
27	366	things	1
27	367	that	1
27	368	are	1
27	369	important	1
27	370	in	1
27	371	the	1
27	372	real	1
27	373	world.	2
27	374	And,	2
27	375	when	1
27	376	they	1
27	377	build	1
27	378	the	1
27	379	equipment	1
27	380	to	1
27	381	make	1
27	382	these	1
27	383	discoveries,	2
27	384	it	1
27	385	also	1
27	386	leads	1
27	387	to	1
27	388	fantastic	1
27	389	improvements	1
27	390	in	1
27	391	technology.”	4
27	392	Scientists	1
27	393	must	1
27	394	find	1
27	395	new	1
27	396	names	1
27	397	for	1
27	398	the	1
27	399	elements	1
27	400	but,	2
27	401	also,	2
27	402	they	1
27	403	must	1
27	404	suggest	1
27	405	two-letter	3
27	406	symbols	1
27	407	for	1
27	408	the	1
27	409	elements.	2
27	410	When	1
27	411	IUPAC	3
27	412	has	1
27	413	received	1
27	414	the	1
27	415	researchers'	2
27	416	suggestions,	2
27	417	they	1
27	418	will	1
27	419	tell	1
27	420	the	1
27	421	public	1
27	422	so	1
27	423	that	1
27	424	people	1
27	425	can	1
27	426	comment	1
27	427	on	1
27	428	the	1
27	429	names.	2
27	430	That	1
27	431	allows	1
27	432	scientists	1
27	433	and	1
27	434	others	1
27	435	to	1
27	436	find	1
27	437	any	1
27	438	problems	1
27	439	with	1
27	440	the	1
27	441	names.	2
27	442	In	1
27	443	1996,	2
27	444	someone	1
27	445	suggested	1
27	446	the	1
27	447	symbol	1
27	448	Cp	2
27	449	for	1
27	450	copernicium,	5
27	451	or	1
27	452	element	1
27	453	112,	2
27	454	but	1
27	455	it	1
27	456	was	1
27	457	changed	1
27	458	to	1
27	459	Cn,	3
27	460	when	1
27	461	scientists	1
27	462	complained	1
27	463	that	1
27	464	Cp	2
27	465	was	1
27	466	already	1
27	467	the	1
27	468	symbol	1
27	469	for	1
27	470	another	1
27	471	substance.	2
27	472	To	1
27	473	discover	1
27	474	the	1
27	475	elements,	2
27	476	researchers	1
27	477	at	1
27	478	the	1
27	479	three	1
27	480	labs	1
27	481	crashed	1
27	482	lighter	1
27	483	nuclei	2
27	484	into	1
27	485	one	1
27	486	another	1
27	487	and	1
27	488	looked	1
27	489	for	1
27	490	the	1
27	491	radioactive	1
27	492	decays	2
27	493	that	1
27	494	should	1
27	495	come	1
27	496	from	1
27	497	the	1
27	498	new	1
27	499	elements.	2
27	500	113	1
27	501	and	1
27	502	115	1
27	503	are	1
27	504	probably	1
27	505	metals.	2
27	506	117	1
27	507	could	1
27	508	be	1
27	509	a	1
27	510	metalloid	3
27	511	–	1
27	512	a	1
27	513	material	1
27	514	with	1
27	515	some	1
27	516	metallic	1
27	517	characteristics.	2
27	518	The	1
27	519	fourth	1
27	520	element,	2
27	521	118,	2
27	522	may	1
27	523	be	1
27	524	a	1
27	525	gas.	2
27	526	Paul	1
27	527	Karol,	3
27	528	chair	1
27	529	of	1
27	530	the	1
27	531	IUPAC	3
27	532	panel	1
27	533	that	1
27	534	checked	1
27	535	the	1
27	536	elements,	2
27	537	said:	2
27	538	“It	3
27	539	will	1
27	540	be	1
27	541	a	1
27	542	long	1
27	543	time	1
27	544	before	1
27	545	we	1
27	546	can	1
27	547	find	1
27	548	practical	1
27	549	uses	1
27	550	for	1
27	551	the	1
27	552	new	1
27	553	elements.”	4
28	0	Police	1
28	1	and	1
28	2	intelligence	1
28	3	agencies	1
28	4	around	1
28	5	the	1
28	6	world	1
28	7	have,	2
28	8	for	1
28	9	almost	1
28	10	100	1
28	11	years,	2
28	12	relied	1
28	13	on	1
28	14	polygraphs	3
28	15	as	1
28	16	lie	1
28	17	detectors	1
28	18	to	1
28	19	help	1
28	20	convict	1
28	21	criminals	1
28	22	or	1
28	23	unearth	2
28	24	spies	1
28	25	and	1
28	26	traitors.	3
28	27	The	1
28	28	polygraph	2
28	29	is	1
28	30	beloved	1
28	31	of	1
28	32	the	1
28	33	movies,	2
28	34	with	1
28	35	countless	1
28	36	dramatic	1
28	37	moments	1
28	38	showing	1
28	39	the	1
28	40	guilty	1
28	41	sweating	1
28	42	profusely	3
28	43	as	1
28	44	they	1
28	45	are	1
28	46	hooked	1
28	47	up.	2
28	48	But	1
28	49	the	1
28	50	invention	1
28	51	could	1
28	52	soon	1
28	53	be	1
28	54	defunct.	2
28	55	Researchers	1
28	56	in	1
28	57	Britain	1
28	58	and	1
28	59	the	1
28	60	Netherlands	1
28	61	have	1
28	62	made	1
28	63	a	1
28	64	breakthrough,	2
28	65	developing	1
28	66	a	1
28	67	method	1
28	68	with	1
28	69	a	1
28	70	success	1
28	71	rate	1
28	72	in	1
28	73	tests	1
28	74	of	1
28	75	over	1
28	76	70%	2
28	77	that	1
28	78	could	1
28	79	be	1
28	80	in	1
28	81	use	1
28	82	in	1
28	83	police	1
28	84	stations	1
28	85	around	1
28	86	the	1
28	87	world	1
28	88	within	1
28	89	a	1
28	90	decade.	2
28	91	Rather	1
28	92	than	1
28	93	relying	1
28	94	on	1
28	95	facial	1
28	96	tics,	3
28	97	talking	1
28	98	too	1
28	99	much	1
28	100	or	1
28	101	waving	1
28	102	of	1
28	103	arms	1
28	104	–	1
28	105	all	1
28	106	seen	1
28	107	as	1
28	108	tell-tale	3
28	109	signs	1
28	110	of	1
28	111	lying	1
28	112	–	1
28	113	the	1
28	114	new	1
28	115	method	1
28	116	involves	1
28	117	monitoring	1
28	118	full-body	3
28	119	motions	1
28	120	to	1
28	121	provide	1
28	122	an	1
28	123	indicator	1
28	124	of	1
28	125	signs	1
28	126	of	1
28	127	guilty	1
28	128	feelings.	2
28	129	The	1
28	130	polygraph	2
28	131	is	1
28	132	widely	1
28	133	used	1
28	134	in	1
28	135	the	1
28	136	US	1
28	137	in	1
28	138	criminal	1
28	139	and	1
28	140	other	1
28	141	cases	1
28	142	and	1
28	143	for	1
28	144	security	1
28	145	clearance	1
28	146	for	1
28	147	the	1
28	148	FBI	1
28	149	and	1
28	150	CIA	1
28	151	but	1
28	152	is	1
28	153	much	1
28	154	less	1
28	155	popular	1
28	156	in	1
28	157	Europe.	2
28	158	There	1
28	159	has	1
28	160	been	1
28	161	a	1
28	162	lot	1
28	163	of	1
28	164	skepticism	1
28	165	in	1
28	166	the	1
28	167	scientific	1
28	168	and	1
28	169	legal	1
28	170	communities	1
28	171	about	1
28	172	its	1
28	173	reliability.	2
28	174	By	1
28	175	contrast,	2
28	176	the	1
28	177	new	1
28	178	method	1
28	179	developed	1
28	180	by	1
28	181	the	1
28	182	researchers	1
28	183	has	1
28	184	performed	1
28	185	well	1
28	186	in	1
28	187	experiments.	2
28	188	The	1
28	189	basic	1
28	190	premise	1
28	191	is	1
28	192	that	1
28	193	liars	2
28	194	fidget	2
28	195	more	1
28	196	and	1
28	197	so	1
28	198	the	1
28	199	use	1
28	200	of	1
28	201	an	1
28	202	all-body	3
28	203	motion	1
28	204	suit	1
28	205	–	1
28	206	the	1
28	207	kind	1
28	208	used	1
28	209	in	1
28	210	films	1
28	211	to	1
28	212	create	1
28	213	computer-generated	3
28	214	characters	1
28	215	–	1
28	216	will	1
28	217	pick	1
28	218	this	1
28	219	up.	2
28	220	One	1
28	221	of	1
28	222	the	1
28	223	research	1
28	224	team,	2
28	225	Ross	1
28	226	Anderson,	2
28	227	said:	2
28	228	“Decades	4
28	229	of	1
28	230	deception	1
28	231	research	1
28	232	show	1
28	233	that	1
28	234	the	1
28	235	interviewer	1
28	236	will	1
28	237	tell	1
28	238	truth	1
28	239	from	1
28	240	lies	1
28	241	only	1
28	242	slightly	1
28	243	better	1
28	244	than	1
28	245	random.”	4
28	246	He	1
28	247	said	1
28	248	the	1
28	249	new	1
28	250	method,	2
28	251	by	1
28	252	contrast,	2
28	253	achieved	1
28	254	a	1
28	255	reliability	1
28	256	rating	1
28	257	of	1
28	258	over	1
28	259	70%.	2
28	260	In	1
28	261	some	1
28	262	tests,	2
28	263	the	1
28	264	team	1
28	265	has	1
28	266	already	1
28	267	achieved	1
28	268	more	1
28	269	than	1
28	270	80%.	2
28	271	Anderson	1
28	272	said:	2
28	273	“The	3
28	274	takeaway	1
28	275	message	1
28	276	is	1
28	277	that	1
28	278	guilty	1
28	279	people	1
28	280	fidget	2
28	281	more	1
28	282	and	1
28	283	we	1
28	284	can	1
28	285	measure	1
28	286	this	1
28	287	robustly.”	5
28	288	The	1
28	289	polygraph	2
28	290	was	1
28	291	created	1
28	292	in	1
28	293	1921	1
28	294	by	1
28	295	policeman	1
28	296	John	1
28	297	Larson,	2
28	298	based	1
28	299	on	1
28	300	research	1
28	301	by	1
28	302	the	1
28	303	psychologist	1
28	304	William	1
28	305	Marston.	3
28	306	It	1
28	307	records	1
28	308	changes	1
28	309	in	1
28	310	pulse,	2
28	311	blood	1
28	312	pressure,	2
28	313	sweating	1
28	314	and	1
28	315	breathing	1
28	316	to	1
28	317	ascertain	1
28	318	whether	1
28	319	a	1
28	320	subject	1
28	321	is	1
28	322	lying.	2
28	323	While	1
28	324	cinema	1
28	325	depictions	1
28	326	suggest	1
28	327	the	1
28	328	device	1
28	329	is	1
28	330	near-infallible,	6
28	331	the	1
28	332	US	1
28	333	Supreme	1
28	334	Court	1
28	335	ruled,	2
28	336	in	1
28	337	1998,	2
28	338	that	1
28	339	there	1
28	340	was	1
28	341	no	1
28	342	consensus	1
28	343	that	1
28	344	the	1
28	345	polygraph	2
28	346	was	1
28	347	reliable,	2
28	348	a	1
28	349	finding	1
28	350	supported	1
28	351	by	1
28	352	the	1
28	353	US	1
28	354	National	1
28	355	Academy	1
28	356	of	1
28	357	Scientists	1
28	358	in	1
28	359	2003.	2
28	360	The	1
28	361	experiment	1
28	362	carried	1
28	363	out	1
28	364	by	1
28	365	Anderson	1
28	366	and	1
28	367	his	1
28	368	colleagues	1
28	369	involved	1
28	370	180	1
28	371	students	1
28	372	and	1
28	373	employees	1
28	374	at	1
28	375	Lancaster	1
28	376	University,	2
28	377	of	1
28	378	which	1
28	379	half	1
28	380	were	1
28	381	told	1
28	382	to	1
28	383	tell	1
28	384	the	1
28	385	truth	1
28	386	and	1
28	387	half	1
28	388	to	1
28	389	lie.	2
28	390	They	1
28	391	were	1
28	392	each	1
28	393	paid	1
28	394	£7.50	4
28	395	for	1
28	396	their	1
28	397	participation	1
28	398	in	1
28	399	the	1
28	400	70-minute	3
28	401	experiment,	2
28	402	involving	1
28	403	two	1
28	404	tests.	2
28	405	Some	1
28	406	were	1
28	407	interviewed	1
28	408	about	1
28	409	a	1
28	410	computer	1
28	411	game	1
28	412	Never	1
28	413	End,	2
28	414	which	1
28	415	they	1
28	416	played	1
28	417	for	1
28	418	seven	1
28	419	minutes,	2
28	420	while	1
28	421	others	1
28	422	lied	1
28	423	about	1
28	424	playing	1
28	425	it,	2
28	426	having	1
28	427	only	1
28	428	been	1
28	429	shown	1
28	430	notes	1
28	431	about	1
28	432	it.	2
28	433	The	1
28	434	second	1
28	435	test	1
28	436	involved	1
28	437	a	1
28	438	lost	1
28	439	wallet	1
28	440	containing	1
28	441	£5.	3
28	442	Some	1
28	443	were	1
28	444	asked	1
28	445	to	1
28	446	bring	1
28	447	the	1
28	448	wallet	1
28	449	to	1
28	450	a	1
28	451	lost-and-found	5
28	452	box	1
28	453	while	1
28	454	others	1
28	455	hid	1
28	456	it	1
28	457	and	1
28	458	lied	1
28	459	about	1
28	460	it.	2
28	461	“Overall,	4
28	462	we	1
28	463	correctly	1
28	464	classified	1
28	465	82.2%	4
28	466	(truths:	4
28	467	88.9%;	4
28	468	lies:	2
28	469	75.6%)	4
28	470	of	1
28	471	the	1
28	472	interviewees	2
28	473	as	1
28	474	either	1
28	475	being	1
28	476	truthful	1
28	477	or	1
28	478	deceptive	1
28	479	based	1
28	480	on	1
28	481	the	1
28	482	combined	1
28	483	movement	1
28	484	in	1
28	485	their	1
28	486	individual	1
28	487	limbs,”	4
28	488	the	1
28	489	report	1
28	490	says.	2
28	491	Anderson	1
28	492	said:	2
28	493	“Our	3
28	494	first	1
28	495	attempt	1
28	496	looked	1
28	497	at	1
28	498	the	1
28	499	extent	1
28	500	to	1
28	501	which	1
28	502	different	1
28	503	body	1
28	504	parts	1
28	505	and	1
28	506	body	1
28	507	signals	1
28	508	indicated	1
28	509	deception.	2
28	510	It	1
28	511	turned	1
28	512	out	1
28	513	that	1
28	514	liars	2
28	515	wave	1
28	516	their	1
28	517	arms	1
28	518	more	1
28	519	but,	2
28	520	again,	2
28	521	this	1
28	522	is	1
28	523	only	1
28	524	at	1
28	525	the	1
28	526	55%	2
28	527	level	1
28	528	that	1
28	529	you	1
28	530	can	1
28	531	get	1
28	532	from	1
28	533	a	1
28	534	conventional	1
28	535	polygraph.	3
28	536	The	1
28	537	pay	1
28	538	dirt	1
28	539	was	1
28	540	when	1
28	541	we	1
28	542	considered	1
28	543	total	1
28	544	body	1
28	545	motion.	2
28	546	That	1
28	547	turns	1
28	548	out	1
28	549	to	1
28	550	tell	1
28	551	truth	1
28	552	from	1
28	553	lies	1
28	554	over	1
28	555	70%	2
28	556	of	1
28	557	the	1
28	558	time.”	4
28	559	The	1
28	560	use	1
28	561	of	1
28	562	all-body	3
28	563	suits	1
28	564	is	1
28	565	expensive	1
28	566	–	1
28	567	they	1
28	568	cost	1
28	569	about	1
28	570	£30,000	4
28	571	–	1
28	572	and	1
28	573	can	1
28	574	be	1
28	575	uncomfortable,	2
28	576	and	1
28	577	Anderson	1
28	578	and	1
28	579	his	1
28	580	colleagues	1
28	581	are	1
28	582	now	1
28	583	looking	1
28	584	at	1
28	585	low-cost	3
28	586	alternatives.	2
28	587	These	1
28	588	include	1
28	589	using	1
28	590	motion-sensing	4
28	591	technology	1
28	592	from	1
28	593	computer	1
28	594	games,	2
28	595	such	1
28	596	as	1
28	597	the	1
28	598	Kinect	1
28	599	camera	1
28	600	devices	1
28	601	developed	1
28	602	by	1
28	603	Microsoft	1
28	604	for	1
28	605	the	1
28	606	Xbox	1
28	607	console.	2
29	0	Police	1
29	1	and	1
29	2	intelligence	1
29	3	agencies	1
29	4	around	1
29	5	the	1
29	6	world	1
29	7	have,	2
29	8	for	1
29	9	almost	1
29	10	100	1
29	11	years,	2
29	12	used	1
29	13	the	1
29	14	polygraph,	3
29	15	a	1
29	16	lie-detector	4
29	17	test,	2
29	18	to	1
29	19	help	1
29	20	catch	1
29	21	criminals	1
29	22	and	1
29	23	spies.	2
29	24	But,	2
29	25	now,	2
29	26	researchers	1
29	27	in	1
29	28	Britain	1
29	29	and	1
29	30	the	1
29	31	Netherlands	1
29	32	have	1
29	33	developed	1
29	34	a	1
29	35	new	1
29	36	method,	2
29	37	which	1
29	38	is	1
29	39	correct	1
29	40	(in	2
29	41	tests)	2
29	42	over	1
29	43	70%	2
29	44	of	1
29	45	the	1
29	46	time.	2
29	47	Police	1
29	48	stations	1
29	49	around	1
29	50	the	1
29	51	world	1
29	52	might	1
29	53	begin	1
29	54	using	1
29	55	this	1
29	56	new	1
29	57	method	1
29	58	within	1
29	59	ten	1
29	60	years.	2
29	61	It	1
29	62	doesn't	2
29	63	monitor	1
29	64	movements	1
29	65	in	1
29	66	the	1
29	67	face,	2
29	68	talking	1
29	69	too	1
29	70	much	1
29	71	or	1
29	72	waving	1
29	73	arms	1
29	74	–	1
29	75	all	1
29	76	signs	1
29	77	that	1
29	78	someone	1
29	79	is	1
29	80	lying.	2
29	81	The	1
29	82	new	1
29	83	method	1
29	84	monitors	1
29	85	movements	1
29	86	in	1
29	87	the	1
29	88	whole	1
29	89	body,	2
29	90	which	1
29	91	can	1
29	92	show	1
29	93	that	1
29	94	the	1
29	95	person	1
29	96	is	1
29	97	feeling	1
29	98	guilty.	2
29	99	The	1
29	100	polygraph	2
29	101	is	1
29	102	often	1
29	103	used	1
29	104	in	1
29	105	the	1
29	106	US	1
29	107	in	1
29	108	criminal	1
29	109	cases	1
29	110	and	1
29	111	by	1
29	112	the	1
29	113	FBI	1
29	114	and	1
29	115	CIA	1
29	116	but	1
29	117	is	1
29	118	much	1
29	119	less	1
29	120	popular	1
29	121	in	1
29	122	Europe.	2
29	123	Many	1
29	124	people	1
29	125	do	1
29	126	not	1
29	127	believe	1
29	128	that	1
29	129	it	1
29	130	is	1
29	131	reliable.	2
29	132	The	1
29	133	basic	1
29	134	idea	1
29	135	behind	1
29	136	the	1
29	137	new	1
29	138	method	1
29	139	is	1
29	140	that	1
29	141	liars	2
29	142	fidget	2
29	143	more	1
29	144	and	1
29	145	that	1
29	146	an	1
29	147	all-body	3
29	148	motion	1
29	149	suit	1
29	150	–	1
29	151	the	1
29	152	kind	1
29	153	used	1
29	154	in	1
29	155	films	1
29	156	to	1
29	157	create	1
29	158	computer-generated	3
29	159	characters	1
29	160	–	1
29	161	will	1
29	162	record	1
29	163	this.	2
29	164	The	1
29	165	new	1
29	166	method	1
29	167	is	1
29	168	over	1
29	169	70%	2
29	170	reliable	1
29	171	–	1
29	172	the	1
29	173	polygraph	2
29	174	is	1
29	175	only	1
29	176	55%	2
29	177	reliable.	2
29	178	In	1
29	179	some	1
29	180	tests,	2
29	181	the	1
29	182	success	1
29	183	rate	1
29	184	of	1
29	185	the	1
29	186	new	1
29	187	method	1
29	188	was	1
29	189	more	1
29	190	than	1
29	191	80%.	2
29	192	Ross	1
29	193	Anderson,	2
29	194	one	1
29	195	of	1
29	196	the	1
29	197	research	1
29	198	team,	2
29	199	said:	2
29	200	“Guilty	4
29	201	people	1
29	202	fidget	2
29	203	more	1
29	204	and	1
29	205	we	1
29	206	can	1
29	207	now	1
29	208	measure	1
29	209	this.”	4
29	210	The	1
29	211	polygraph	2
29	212	was	1
29	213	created	1
29	214	in	1
29	215	1921	1
29	216	by	1
29	217	policeman	1
29	218	John	1
29	219	Larson,	2
29	220	based	1
29	221	on	1
29	222	research	1
29	223	by	1
29	224	the	1
29	225	psychologist	1
29	226	William	1
29	227	Marston.	3
29	228	It	1
29	229	records	1
29	230	changes	1
29	231	in	1
29	232	pulse,	2
29	233	blood	1
29	234	pressure,	2
29	235	sweating	1
29	236	and	1
29	237	breathing	1
29	238	to	1
29	239	find	1
29	240	out	1
29	241	if	1
29	242	someone	1
29	243	is	1
29	244	lying.	2
29	245	In	1
29	246	movies,	2
29	247	the	1
29	248	polygraph	2
29	249	is	1
29	250	always	1
29	251	correct	1
29	252	but,	2
29	253	in	1
29	254	1998,	2
29	255	the	1
29	256	US	1
29	257	Supreme	1
29	258	Court	1
29	259	decided	1
29	260	that	1
29	261	there	1
29	262	was	1
29	263	no	1
29	264	agreement	1
29	265	that	1
29	266	the	1
29	267	polygraph	2
29	268	was	1
29	269	reliable.	2
29	270	The	1
29	271	US	1
29	272	National	1
29	273	Academy	1
29	274	of	1
29	275	Scientists	1
29	276	said	1
29	277	the	1
29	278	same	1
29	279	thing	1
29	280	in	1
29	281	2003.	2
29	282	The	1
29	283	tests	1
29	284	Anderson	1
29	285	and	1
29	286	his	1
29	287	colleagues	1
29	288	did	1
29	289	involved	1
29	290	180	1
29	291	students	1
29	292	and	1
29	293	employees	1
29	294	at	1
29	295	Lancaster	1
29	296	University.	2
29	297	Half	1
29	298	of	1
29	299	the	1
29	300	people	1
29	301	were	1
29	302	told	1
29	303	to	1
29	304	tell	1
29	305	the	1
29	306	truth	1
29	307	and	1
29	308	half	1
29	309	to	1
29	310	lie.	2
29	311	The	1
29	312	researchers	1
29	313	interviewed	1
29	314	some	1
29	315	of	1
29	316	the	1
29	317	people	1
29	318	about	1
29	319	a	1
29	320	computer	1
29	321	game	1
29	322	called	1
29	323	Never	1
29	324	End	1
29	325	that	1
29	326	they	1
29	327	played	1
29	328	for	1
29	329	seven	1
29	330	minutes.	2
29	331	Others	1
29	332	lied	1
29	333	about	1
29	334	playing	1
29	335	it.	2
29	336	The	1
29	337	second	1
29	338	test	1
29	339	involved	1
29	340	a	1
29	341	lost	1
29	342	wallet	1
29	343	with	1
29	344	£5	2
29	345	inside.	2
29	346	Some	1
29	347	people	1
29	348	had	1
29	349	to	1
29	350	bring	1
29	351	the	1
29	352	wallet	1
29	353	to	1
29	354	a	1
29	355	lost-and-found	5
29	356	box.	2
29	357	Others	1
29	358	hid	1
29	359	it	1
29	360	and	1
29	361	lied	1
29	362	about	1
29	363	it.	2
29	364	The	1
29	365	new	1
29	366	body-suit	3
29	367	method	1
29	368	was	1
29	369	correct	1
29	370	82.2%	4
29	371	of	1
29	372	the	1
29	373	time.	2
29	374	Researchers	1
29	375	monitored	1
29	376	how	1
29	377	much	1
29	378	the	1
29	379	people	1
29	380	moved	1
29	381	their	1
29	382	arms	1
29	383	and	1
29	384	legs,	2
29	385	to	1
29	386	decide	1
29	387	if	1
29	388	they	1
29	389	were	1
29	390	telling	1
29	391	the	1
29	392	truth	1
29	393	or	1
29	394	lying.	2
29	395	All-body	3
29	396	suits	1
29	397	are	1
29	398	expensive	1
29	399	–	1
29	400	they	1
29	401	cost	1
29	402	about	1
29	403	£30,000	4
29	404	–	1
29	405	and	1
29	406	they	1
29	407	can	1
29	408	be	1
29	409	uncomfortable,	2
29	410	so	1
29	411	Anderson	1
29	412	and	1
29	413	his	1
29	414	colleagues	1
29	415	are	1
29	416	now	1
29	417	looking	1
29	418	at	1
29	419	cheaper	1
29	420	alternatives.	2
29	421	These	1
29	422	include	1
29	423	using	1
29	424	motion-sensing	4
29	425	technology	1
29	426	from	1
29	427	computer	1
29	428	games,	2
29	429	such	1
29	430	as	1
29	431	the	1
29	432	Kinect	1
29	433	camera	1
29	434	devices	1
29	435	developed	1
29	436	by	1
29	437	Microsoft	1
29	438	for	1
29	439	the	1
29	440	Xbox	1
29	441	console.	2
30	0	Vienna	2
30	1	is	1
30	2	the	1
30	3	world's	2
30	4	best	1
30	5	city	1
30	6	to	1
30	7	live	1
30	8	in,	2
30	9	Baghdad	1
30	10	is	1
30	11	the	1
30	12	worst	1
30	13	and	1
30	14	London,	2
30	15	Paris	1
30	16	and	1
30	17	New	1
30	18	York	1
30	19	do	1
30	20	not	1
30	21	even	1
30	22	make	1
30	23	it	1
30	24	into	1
30	25	the	1
30	26	top	1
30	27	35,	2
30	28	according	1
30	29	to	1
30	30	international	1
30	31	research	1
30	32	into	1
30	33	quality	1
30	34	of	1
30	35	life.	2
30	36	German-speaking	3
30	37	cities	1
30	38	dominate	1
30	39	the	1
30	40	rankings	1
30	41	in	1
30	42	the	1
30	43	18th	2
30	44	Mercer	1
30	45	Quality	1
30	46	of	1
30	47	Life	1
30	48	study,	2
30	49	with	1
30	50	Vienna	1
30	51	joined	1
30	52	by	1
30	53	Zurich,	2
30	54	Munich,	2
30	55	Dusseldorf	5
30	56	and	1
30	57	Frankfurt	1
30	58	in	1
30	59	the	1
30	60	top	1
30	61	seven.	2
30	62	Paris	1
30	63	has	1
30	64	tumbled	2
30	65	down	1
30	66	the	1
30	67	league,	2
30	68	falling	1
30	69	ten	1
30	70	places	1
30	71	to	1
30	72	37th,	3
30	73	just	1
30	74	ahead	1
30	75	of	1
30	76	London	1
30	77	at	1
30	78	39th,	3
30	79	almost	1
30	80	entirely	1
30	81	because	1
30	82	of	1
30	83	the	1
30	84	city's	2
30	85	vulnerability	1
30	86	to	1
30	87	terrorist	1
30	88	attacks.	2
30	89	The	1
30	90	study	1
30	91	examined	1
30	92	social	1
30	93	and	1
30	94	economic	1
30	95	conditions,	2
30	96	health,	2
30	97	education,	2
30	98	housing	1
30	99	and	1
30	100	the	1
30	101	environment,	2
30	102	and	1
30	103	is	1
30	104	used	1
30	105	by	1
30	106	big	1
30	107	companies	1
30	108	to	1
30	109	assess	1
30	110	where	1
30	111	they	1
30	112	should	1
30	113	locate	1
30	114	offices	1
30	115	and	1
30	116	factories	1
30	117	and	1
30	118	how	1
30	119	much	1
30	120	they	1
30	121	should	1
30	122	pay	1
30	123	staff.	2
30	124	Viennese-born	5
30	125	Helena	1
30	126	Hartlauer,	4
30	127	32,	2
30	128	said	1
30	129	she	1
30	130	was	1
30	131	not	1
30	132	surprised	1
30	133	at	1
30	134	her	1
30	135	city's	2
30	136	top	1
30	137	position.	2
30	138	The	1
30	139	municipality's	2
30	140	social	1
30	141	democratic	1
30	142	government	1
30	143	has	1
30	144	a	1
30	145	long	1
30	146	tradition	1
30	147	of	1
30	148	investing	1
30	149	in	1
30	150	high-quality	3
30	151	social	1
30	152	housing,	2
30	153	making	1
30	154	Vienna	1
30	155	almost	1
30	156	uniquely	1
30	157	affordable	1
30	158	among	1
30	159	major	1
30	160	cities.	2
30	161	“I	3
30	162	live	1
30	163	in	1
30	164	a	1
30	165	100sq-	3
30	166	meter	1
30	167	turn-of-the-century	7
30	168	apartment	1
30	169	in	1
30	170	a	1
30	171	good	1
30	172	area	1
30	173	about	1
30	174	20	1
30	175	minutes'	2
30	176	walk	1
30	177	from	1
30	178	the	1
30	179	city	1
30	180	center.	2
30	181	But	1
30	182	my	1
30	183	rent	1
30	184	is	1
30	185	just	1
30	186	€800	2
30	187	(£625)	3
30	188	a	1
30	189	month.”	4
30	190	An	1
30	191	equivalent	1
30	192	apartment	1
30	193	in	1
30	194	London	1
30	195	would	1
30	196	cost	1
30	197	upwards	1
30	198	of	1
30	199	£2,000	4
30	200	and	1
30	201	even	1
30	202	more	1
30	203	in	1
30	204	New	1
30	205	York,	2
30	206	ranked	1
30	207	44th	2
30	208	in	1
30	209	the	1
30	210	table.	2
30	211	US	1
30	212	cities	1
30	213	perform	1
30	214	relatively	1
30	215	poorly	1
30	216	in	1
30	217	the	1
30	218	study,	2
30	219	largely	1
30	220	because	1
30	221	of	1
30	222	issues	1
30	223	around	1
30	224	personal	1
30	225	safety	1
30	226	and	1
30	227	crime.	2
30	228	The	1
30	229	highest	1
30	230	ranking	1
30	231	city	1
30	232	in	1
30	233	the	1
30	234	US	1
30	235	is	1
30	236	San	1
30	237	Francisco,	2
30	238	at	1
30	239	28th;	3
30	240	Boston	1
30	241	is	1
30	242	34th.	3
30	243	Canadian	1
30	244	cities,	2
30	245	led	1
30	246	by	1
30	247	Vancouver,	2
30	248	far	1
30	249	outrank	2
30	250	their	1
30	251	US	1
30	252	rivals	1
30	253	in	1
30	254	the	1
30	255	table.	2
30	256	“You	3
30	257	don't	2
30	258	realize	1
30	259	how	1
30	260	safe	1
30	261	Vienna	1
30	262	is	1
30	263	until	1
30	264	you	1
30	265	head	1
30	266	abroad,”	4
30	267	said	1
30	268	Hartlauer.	4
30	269	“We	3
30	270	also	1
30	271	have	1
30	272	terrific	1
30	273	public	1
30	274	transport,	2
30	275	with	1
30	276	the	1
30	277	underground	1
30	278	working	1
30	279	24	1
30	280	hours	1
30	281	at	1
30	282	weekends,	2
30	283	and	1
30	284	it	1
30	285	only	1
30	286	costs	1
30	287	€1	2
30	288	per	1
30	289	trip.”	4
30	290	“Our	3
30	291	big	1
30	292	USP	2
30	293	(unique	2
30	294	selling	1
30	295	point)	2
30	296	is	1
30	297	our	1
30	298	geographical	1
30	299	location,”	4
30	300	said	1
30	301	Martin	1
30	302	Eichtinger,	5
30	303	Austrian	1
30	304	ambassador	1
30	305	to	1
30	306	London,	2
30	307	who	1
30	308	lived	1
30	309	in	1
30	310	Vienna	1
30	311	for	1
30	312	20	1
30	313	years.	2
30	314	“The	3
30	315	fall	1
30	316	of	1
30	317	the	1
30	318	Berlin	1
30	319	Wall	1
30	320	helped	1
30	321	define	1
30	322	Vienna	1
30	323	as	1
30	324	a	1
30	325	hub	1
30	326	for	1
30	327	companies	1
30	328	wanting	1
30	329	to	1
30	330	do	1
30	331	business	1
30	332	in	1
30	333	Central	1
30	334	Europe.”	4
30	335	According	1
30	336	to	1
30	337	the	1
30	338	World	1
30	339	Bank,	2
30	340	Austria	1
30	341	has	1
30	342	one	1
30	343	of	1
30	344	the	1
30	345	highest	1
30	346	figures	1
30	347	for	1
30	348	GDP	1
30	349	per	1
30	350	head	1
30	351	in	1
30	352	the	1
30	353	world,	2
30	354	just	1
30	355	behind	1
30	356	the	1
30	357	US	1
30	358	and	1
30	359	ahead	1
30	360	of	1
30	361	Germany	1
30	362	and	1
30	363	Britain,	2
30	364	although	1
30	365	quite	1
30	366	some	1
30	367	way	1
30	368	below	1
30	369	neighboring	1
30	370	Switzerland.	2
30	371	Zurich	1
30	372	in	1
30	373	Switzerland	1
30	374	is	1
30	375	named	1
30	376	by	1
30	377	Mercer	1
30	378	as	1
30	379	having	1
30	380	the	1
30	381	world's	2
30	382	second	1
30	383	highest	1
30	384	quality	1
30	385	of	1
30	386	life	1
30	387	but	1
30	388	the	1
30	389	Viennese	3
30	390	say	1
30	391	their	1
30	392	city	1
30	393	is	1
30	394	far	1
30	395	more	1
30	396	fun.	2
30	397	“There	3
30	398	are	1
30	399	more	1
30	400	students	1
30	401	in	1
30	402	Vienna	1
30	403	than	1
30	404	any	1
30	405	other	1
30	406	German-speaking	3
30	407	city,”	4
30	408	said	1
30	409	Hartlauer.	4
30	410	“It's	4
30	411	a	1
30	412	very	1
30	413	fast	1
30	414	growing,	2
30	415	young	1
30	416	and	1
30	417	lively	1
30	418	city,”	4
30	419	she	1
30	420	added	1
30	421	–	1
30	422	though	1
30	423	she	1
30	424	conceded	1
30	425	she	1
30	426	works	1
30	427	for	1
30	428	the	1
30	429	city's	2
30	430	tourist	1
30	431	board.	2
31	0	Vienna	2
31	1	is	1
31	2	the	1
31	3	world's	2
31	4	best	1
31	5	city	1
31	6	to	1
31	7	live	1
31	8	in,	2
31	9	Baghdad	1
31	10	is	1
31	11	the	1
31	12	worst	1
31	13	and	1
31	14	London,	2
31	15	Paris	1
31	16	and	1
31	17	New	1
31	18	York	1
31	19	are	1
31	20	not	1
31	21	in	1
31	22	the	1
31	23	top	1
31	24	35,	2
31	25	says	1
31	26	an	1
31	27	international	1
31	28	study	1
31	29	on	1
31	30	quality	1
31	31	of	1
31	32	life.	2
31	33	German-speaking	3
31	34	cities	1
31	35	do	1
31	36	well	1
31	37	in	1
31	38	the	1
31	39	18th	2
31	40	Mercer	1
31	41	Quality	1
31	42	of	1
31	43	Life	1
31	44	study,	2
31	45	with	1
31	46	Vienna,	2
31	47	Zurich,	2
31	48	Munich,	2
31	49	Dusseldorf	5
31	50	and	1
31	51	Frankfurt	1
31	52	in	1
31	53	the	1
31	54	top	1
31	55	seven.	2
31	56	Paris	1
31	57	fell	1
31	58	ten	1
31	59	places	1
31	60	to	1
31	61	37th.	3
31	62	This	1
31	63	was	1
31	64	mostly	1
31	65	because	1
31	66	of	1
31	67	the	1
31	68	terrorist	1
31	69	attacks	1
31	70	on	1
31	71	the	1
31	72	city.	2
31	73	Paris	1
31	74	was	1
31	75	just	1
31	76	above	1
31	77	London	1
31	78	in	1
31	79	39th	2
31	80	place.	2
31	81	The	1
31	82	study	1
31	83	looked	1
31	84	at	1
31	85	the	1
31	86	economy,	2
31	87	health,	2
31	88	education,	2
31	89	housing	1
31	90	and	1
31	91	the	1
31	92	environment.	2
31	93	Big	1
31	94	companies	1
31	95	use	1
31	96	the	1
31	97	results	1
31	98	of	1
31	99	the	1
31	100	study	1
31	101	to	1
31	102	decide	1
31	103	where	1
31	104	they	1
31	105	should	1
31	106	open	1
31	107	offices	1
31	108	and	1
31	109	factories	1
31	110	and	1
31	111	how	1
31	112	much	1
31	113	they	1
31	114	should	1
31	115	pay	1
31	116	their	1
31	117	employees.	2
31	118	Helena	1
31	119	Hartlauer,	4
31	120	32,	2
31	121	is	1
31	122	from	1
31	123	Vienna.	2
31	124	She	1
31	125	said	1
31	126	she	1
31	127	was	1
31	128	not	1
31	129	surprised	1
31	130	about	1
31	131	her	1
31	132	city's	2
31	133	top	1
31	134	position.	2
31	135	For	1
31	136	many	1
31	137	years,	2
31	138	Vienna's	2
31	139	government	1
31	140	has	1
31	141	spent	1
31	142	money	1
31	143	on	1
31	144	good	1
31	145	social	1
31	146	housing.	2
31	147	This	1
31	148	makes	1
31	149	Vienna	1
31	150	a	1
31	151	cheap	1
31	152	place	1
31	153	to	1
31	154	live	1
31	155	compared	1
31	156	to	1
31	157	other	1
31	158	big	1
31	159	cities.	2
31	160	“I	3
31	161	live	1
31	162	in	1
31	163	a	1
31	164	100	1
31	165	square-meter	3
31	166	apartment	1
31	167	in	1
31	168	a	1
31	169	good	1
31	170	area	1
31	171	about	1
31	172	20	1
31	173	minutes'	2
31	174	walk	1
31	175	from	1
31	176	the	1
31	177	city	1
31	178	center.	2
31	179	But	1
31	180	my	1
31	181	rent	1
31	182	is	1
31	183	just	1
31	184	€800	2
31	185	(£625)	3
31	186	a	1
31	187	month.”	4
31	188	A	1
31	189	similar	1
31	190	apartment	1
31	191	in	1
31	192	London	1
31	193	costs	1
31	194	over	1
31	195	£2,000	4
31	196	and	1
31	197	even	1
31	198	more	1
31	199	in	1
31	200	New	1
31	201	York,	2
31	202	which	1
31	203	came	1
31	204	44th	2
31	205	in	1
31	206	the	1
31	207	study.	2
31	208	US	1
31	209	cities	1
31	210	do	1
31	211	badly	1
31	212	in	1
31	213	the	1
31	214	study,	2
31	215	mostly	1
31	216	because	1
31	217	of	1
31	218	worries	1
31	219	about	1
31	220	personal	1
31	221	safety	1
31	222	and	1
31	223	crime.	2
31	224	The	1
31	225	US	1
31	226	city	1
31	227	in	1
31	228	top	1
31	229	position	1
31	230	is	1
31	231	San	1
31	232	Francisco,	2
31	233	in	1
31	234	28th	2
31	235	position;	2
31	236	Boston	1
31	237	is	1
31	238	34th.	3
31	239	“You	3
31	240	don't	2
31	241	realize	1
31	242	how	1
31	243	safe	1
31	244	Vienna	1
31	245	is	1
31	246	until	1
31	247	you	1
31	248	go	1
31	249	abroad,”	4
31	250	said	1
31	251	Hartlauer.	4
31	252	“We	3
31	253	also	1
31	254	have	1
31	255	terrific	1
31	256	public	1
31	257	transport	1
31	258	–	1
31	259	the	1
31	260	underground	1
31	261	trains	1
31	262	run	1
31	263	24	1
31	264	hours	1
31	265	at	1
31	266	weekends	1
31	267	and	1
31	268	it	1
31	269	only	1
31	270	costs	1
31	271	€1	2
31	272	per	1
31	273	trip.”	4
31	274	“Vienna's	5
31	275	location	1
31	276	is	1
31	277	very	1
31	278	special,”	4
31	279	said	1
31	280	Martin	1
31	281	Eichtinger,	5
31	282	Austrian	1
31	283	ambassador	1
31	284	to	1
31	285	London,	2
31	286	who	1
31	287	lived	1
31	288	in	1
31	289	Vienna	1
31	290	for	1
31	291	20	1
31	292	years.	2
31	293	“The	3
31	294	fall	1
31	295	of	1
31	296	the	1
31	297	Berlin	1
31	298	Wall	1
31	299	helped	1
31	300	make	1
31	301	Vienna	1
31	302	a	1
31	303	center	1
31	304	for	1
31	305	companies	1
31	306	who	1
31	307	want	1
31	308	to	1
31	309	do	1
31	310	business	1
31	311	in	1
31	312	Central	1
31	313	Europe.”	4
31	314	Mercer	1
31	315	says	1
31	316	Zurich	1
31	317	in	1
31	318	Switzerland	1
31	319	has	1
31	320	the	1
31	321	world's	2
31	322	second	1
31	323	highest	1
31	324	quality	1
31	325	of	1
31	326	life	1
31	327	but	1
31	328	the	1
31	329	Viennese	3
31	330	say	1
31	331	their	1
31	332	city	1
31	333	is	1
31	334	far	1
31	335	more	1
31	336	fun.	2
31	337	“There	3
31	338	are	1
31	339	more	1
31	340	students	1
31	341	in	1
31	342	Vienna	1
31	343	than	1
31	344	any	1
31	345	other	1
31	346	German-speaking	3
31	347	city,”	4
31	348	said	1
31	349	Hartlauer.	4
31	350	“It's	4
31	351	a	1
31	352	very	1
31	353	young	1
31	354	and	1
31	355	lively	1
31	356	city,”	4
31	357	she	1
31	358	added.	2
32	0	Clay	2
32	1	Cockrell	2
32	2	is	1
32	3	sitting	1
32	4	in	1
32	5	his	1
32	6	office	1
32	7	at	1
32	8	Columbus	1
32	9	Circle,	2
32	10	across	1
32	11	the	1
32	12	street	1
32	13	from	1
32	14	1	1
32	15	Central	1
32	16	Park	1
32	17	West,	2
32	18	which	1
32	19	houses	1
32	20	Trump	1
32	21	International	1
32	22	Hotel	1
32	23	and	1
32	24	Tower.	2
32	25	In	1
32	26	front	1
32	27	of	1
32	28	the	1
32	29	tower	1
32	30	is	1
32	31	Central	1
32	32	Park,	2
32	33	where	1
32	34	Cockrell	2
32	35	holds	1
32	36	his	1
32	37	popular	1
32	38	walk	1
32	39	and	1
32	40	talk	1
32	41	therapy	1
32	42	sessions.	2
32	43	Cockrell,	3
32	44	a	1
32	45	former	1
32	46	Wall	1
32	47	Street	1
32	48	worker	1
32	49	turned	1
32	50	therapist,	2
32	51	spends	1
32	52	large	1
32	53	parts	1
32	54	of	1
32	55	his	1
32	56	days	1
32	57	walking	1
32	58	through	1
32	59	Central	1
32	60	Park	1
32	61	or	1
32	62	the	1
32	63	Battery	1
32	64	Park	1
32	65	in	1
32	66	downtown	1
32	67	Manhattan	1
32	68	near	1
32	69	Wall	1
32	70	Street,	2
32	71	as	1
32	72	a	1
32	73	confidant	2
32	74	and	1
32	75	counselor	1
32	76	to	1
32	77	some	1
32	78	of	1
32	79	New	1
32	80	York's	2
32	81	wealthiest	1
32	82	people.	2
32	83	“I	3
32	84	shifted	1
32	85	towards	1
32	86	it	1
32	87	naturally,”	4
32	88	he	1
32	89	said	1
32	90	of	1
32	91	his	1
32	92	becoming	1
32	93	an	1
32	94	expert	1
32	95	in	1
32	96	wealth	1
32	97	therapy.	2
32	98	“Many	3
32	99	of	1
32	100	the	1
32	101	extremely	1
32	102	wealthy	1
32	103	–	1
32	104	the	1
32	105	1%	2
32	106	of	1
32	107	the	1
32	108	1%	2
32	109	–	1
32	110	feel	1
32	111	that	1
32	112	their	1
32	113	problems	1
32	114	are	1
32	115	really	1
32	116	not	1
32	117	problems.	2
32	118	But	1
32	119	they	1
32	120	are.	2
32	121	A	1
32	122	lot	1
32	123	of	1
32	124	therapists	1
32	125	do	1
32	126	not	1
32	127	give	1
32	128	enough	1
32	129	weight	1
32	130	to	1
32	131	their	1
32	132	issues.”	4
32	133	So,	2
32	134	what	1
32	135	issues	1
32	136	are	1
32	137	America's	2
32	138	1%	2
32	139	struggling	1
32	140	with?	2
32	141	“There	3
32	142	is	1
32	143	guilt	1
32	144	over	1
32	145	being	1
32	146	rich	1
32	147	in	1
32	148	the	1
32	149	first	1
32	150	place,”	4
32	151	he	1
32	152	said.	2
32	153	“There	3
32	154	is	1
32	155	the	1
32	156	feeling	1
32	157	that	1
32	158	they	1
32	159	have	1
32	160	to	1
32	161	hide	1
32	162	the	1
32	163	fact	1
32	164	that	1
32	165	they	1
32	166	are	1
32	167	rich.	2
32	168	And,	2
32	169	then,	2
32	170	there	1
32	171	is	1
32	172	the	1
32	173	isolation	1
32	174	–	1
32	175	being	1
32	176	in	1
32	177	the	1
32	178	1%,	2
32	179	it	1
32	180	turns	1
32	181	out,	2
32	182	can	1
32	183	be	1
32	184	lonely.”	4
32	185	It	1
32	186	seems	1
32	187	F.	2
32	188	Scott	1
32	189	Fitzgerald	1
32	190	was	1
32	191	right:	2
32	192	the	1
32	193	very	1
32	194	rich	1
32	195	“are	3
32	196	different	1
32	197	from	1
32	198	you	1
32	199	and	1
32	200	me.”	4
32	201	Counselors	2
32	202	argue	1
32	203	things	1
32	204	have	1
32	205	become	1
32	206	worse	1
32	207	since	1
32	208	the	1
32	209	financial	1
32	210	crisis	1
32	211	and	1
32	212	the	1
32	213	debate	1
32	214	over	1
32	215	income	1
32	216	inequality	1
32	217	that	1
32	218	has	1
32	219	been	1
32	220	spurred	1
32	221	on	1
32	222	by	1
32	223	movements	1
32	224	like	1
32	225	Occupy	1
32	226	Wall	1
32	227	Street	1
32	228	and	1
32	229	the	1
32	230	Fight	1
32	231	for	1
32	232	$15	2
32	233	fair	1
32	234	wage	1
32	235	campaign.	2
32	236	“The	3
32	237	Occupy	1
32	238	Wall	1
32	239	Street	1
32	240	movement	1
32	241	was	1
32	242	a	1
32	243	good	1
32	244	one	1
32	245	and	1
32	246	had	1
32	247	some	1
32	248	important	1
32	249	things	1
32	250	to	1
32	251	say	1
32	252	about	1
32	253	income	1
32	254	inequality	1
32	255	but	1
32	256	it	1
32	257	singled	1
32	258	out	1
32	259	the	1
32	260	1%	2
32	261	and	1
32	262	painted	1
32	263	them	1
32	264	globally	1
32	265	as	1
32	266	something	1
32	267	negative,”	4
32	268	said	1
32	269	Jamie	1
32	270	Traeger-Muney,	7
32	271	a	1
32	272	wealth	1
32	273	psychologist	1
32	274	and	1
32	275	founder	1
32	276	of	1
32	277	the	1
32	278	Wealth	1
32	279	Legacy	1
32	280	Group.	2
32	281	The	1
32	282	media,	2
32	283	she	1
32	284	said,	2
32	285	is	1
32	286	partly	1
32	287	to	1
32	288	blame	1
32	289	for	1
32	290	making	1
32	291	the	1
32	292	rich	1
32	293	“feel	3
32	294	like	1
32	295	they	1
32	296	need	1
32	297	to	1
32	298	hide	1
32	299	or	1
32	300	feel	1
32	301	ashamed”.	4
32	302	“Sometimes,	4
32	303	I	1
32	304	am	1
32	305	shocked	1
32	306	by	1
32	307	things	1
32	308	that	1
32	309	people	1
32	310	say.	2
32	311	You	1
32	312	would	1
32	313	never	1
32	314	refer	1
32	315	to	1
32	316	another	1
32	317	group	1
32	318	of	1
32	319	people	1
32	320	in	1
32	321	the	1
32	322	way	1
32	323	that	1
32	324	it	1
32	325	seems	1
32	326	perfectly	1
32	327	normal	1
32	328	to	1
32	329	refer	1
32	330	to	1
32	331	wealth	1
32	332	holders.”	4
32	333	“It's	4
32	334	really	1
32	335	isolating	2
32	336	to	1
32	337	have	1
32	338	a	1
32	339	lot	1
32	340	of	1
32	341	money.	2
32	342	People's	2
32	343	reactions	1
32	344	to	1
32	345	you	1
32	346	can	1
32	347	be	1
32	348	scary,”	4
32	349	said	1
32	350	Barbara	1
32	351	Nusbaum,	4
32	352	an	1
32	353	expert	1
32	354	in	1
32	355	money	1
32	356	psychology.	2
32	357	“We	3
32	358	are	1
32	359	all	1
32	360	taught	1
32	361	not	1
32	362	to	1
32	363	talk	1
32	364	about	1
32	365	money.	2
32	366	It's	2
32	367	not	1
32	368	polite	1
32	369	to	1
32	370	talk	1
32	371	about	1
32	372	money.	2
32	373	Ironically,	2
32	374	it's	2
32	375	harder	1
32	376	to	1
32	377	talk	1
32	378	about	1
32	379	having	1
32	380	money	1
32	381	than	1
32	382	it	1
32	383	is	1
32	384	to	1
32	385	talk	1
32	386	about	1
32	387	not	1
32	388	having	1
32	389	money.	2
32	390	It's	2
32	391	much	1
32	392	more	1
32	393	socially	1
32	394	acceptable	1
32	395	to	1
32	396	say	1
32	397	‘I	3
32	398	am	1
32	399	broke.	2
32	400	Things	1
32	401	are	1
32	402	hard.'	2
32	403	You	1
32	404	can't	2
32	405	say	1
32	406	‘I	3
32	407	have	1
32	408	a	1
32	409	ton	1
32	410	of	1
32	411	money.'	2
32	412	You	1
32	413	have	1
32	414	to	1
32	415	keep	1
32	416	a	1
32	417	lot	1
32	418	of	1
32	419	your	1
32	420	life	1
32	421	private.”	4
32	422	As	1
32	423	a	1
32	424	result,	2
32	425	Cockrell	2
32	426	points	1
32	427	out,	2
32	428	the	1
32	429	rich	1
32	430	tend	1
32	431	to	1
32	432	hang	1
32	433	out	1
32	434	with	1
32	435	other	1
32	436	rich	1
32	437	Americans,	2
32	438	not	1
32	439	out	1
32	440	of	1
32	441	snobbery	3
32	442	but	1
32	443	in	1
32	444	order	1
32	445	to	1
32	446	be	1
32	447	around	1
32	448	those	1
32	449	who	1
32	450	understand	1
32	451	them	1
32	452	and	1
32	453	their	1
32	454	problems.	2
32	455	In	1
32	456	the	1
32	457	US,	2
32	458	over	1
32	459	the	1
32	460	last	1
32	461	three	1
32	462	decades,	2
32	463	the	1
32	464	number	1
32	465	of	1
32	466	extremely	1
32	467	wealthy	1
32	468	people	1
32	469	has	1
32	470	been	1
32	471	climbing.	2
32	472	According	1
32	473	to	1
32	474	research	1
32	475	from	1
32	476	Spectrem	2
32	477	Group,	2
32	478	in	1
32	479	2014,	2
32	480	the	1
32	481	number	1
32	482	of	1
32	483	US	1
32	484	households	1
32	485	with	1
32	486	$1m	3
32	487	or	1
32	488	more	1
32	489	in	1
32	490	assets	1
32	491	–	1
32	492	excluding	1
32	493	the	1
32	494	value	1
32	495	of	1
32	496	their	1
32	497	primary	1
32	498	home	1
32	499	–	1
32	500	increased	1
32	501	by	1
32	502	500,000	3
32	503	to	1
32	504	10.1m.	5
32	505	In	1
32	506	2007,	2
32	507	that	1
32	508	number	1
32	509	was	1
32	510	9.2m.	5
32	511	Households	2
32	512	worth	1
32	513	$5m	3
32	514	or	1
32	515	more	1
32	516	reached	1
32	517	1.3m	4
32	518	and	1
32	519	142,000	3
32	520	households	1
32	521	are	1
32	522	now	1
32	523	worth	1
32	524	$25m	3
32	525	or	1
32	526	more.	2
32	527	Since	1
32	528	the	1
32	529	2008	1
32	530	financial	1
32	531	crisis,	2
32	532	the	1
32	533	income	1
32	534	gap	1
32	535	has	1
32	536	expanded	1
32	537	and	1
32	538	the	1
32	539	situation	1
32	540	“has	3
32	541	gotten	1
32	542	worse	1
32	543	for	1
32	544	the	1
32	545	wealthy,”	4
32	546	Cockrell	2
32	547	said.	2
32	548	The	1
32	549	main	1
32	550	reason?	2
32	551	Not	1
32	552	knowing	1
32	553	if	1
32	554	your	1
32	555	friends	1
32	556	are	1
32	557	friends	1
32	558	with	1
32	559	you	1
32	560	or	1
32	561	your	1
32	562	money.	2
32	563	“Someone	3
32	564	else	1
32	565	who	1
32	566	is	1
32	567	also	1
32	568	a	1
32	569	billionaire	1
32	570	–	1
32	571	they	1
32	572	don't	2
32	573	want	1
32	574	anything	1
32	575	from	1
32	576	you.	2
32	577	Never	1
32	578	being	1
32	579	able	1
32	580	to	1
32	581	trust	1
32	582	your	1
32	583	friendships	1
32	584	with	1
32	585	people	1
32	586	of	1
32	587	different	1
32	588	means,	2
32	589	I	1
32	590	think	1
32	591	that	1
32	592	is	1
32	593	difficult,”	4
32	594	said	1
32	595	Cockrell.	3
32	596	“As	3
32	597	the	1
32	598	gap	1
32	599	has	1
32	600	widened,	2
32	601	the	1
32	602	rich	1
32	603	have	1
32	604	become	1
32	605	more	1
32	606	and	1
32	607	more	1
32	608	isolated.”	4
32	609	Some	1
32	610	Americans	1
32	611	have	1
32	612	taken	1
32	613	to	1
32	614	keeping	1
32	615	their	1
32	616	wealth	1
32	617	secret.	2
32	618	“There	3
32	619	are	1
32	620	a	1
32	621	lot	1
32	622	of	1
32	623	people	1
32	624	that	1
32	625	are	1
32	626	hiding	1
32	627	their	1
32	628	wealth	1
32	629	because	1
32	630	they	1
32	631	are	1
32	632	concerned	1
32	633	about	1
32	634	negative	1
32	635	judgment,”	4
32	636	said	1
32	637	Traeger-Muney.	7
32	638	“If	3
32	639	wealthy	1
32	640	Americans	1
32	641	talk	1
32	642	about	1
32	643	the	1
32	644	unique	1
32	645	challenges	1
32	646	that	1
32	647	come	1
32	648	with	1
32	649	their	1
32	650	wealth,	2
32	651	people	1
32	652	often	1
32	653	dismiss	1
32	654	their	1
32	655	experience.	2
32	656	People	1
32	657	say	1
32	658	‘Oh,	4
32	659	poor	1
32	660	you.'	2
32	661	There	1
32	662	is	1
32	663	not	1
32	664	a	1
32	665	lot	1
32	666	of	1
32	667	sympathy	1
32	668	there,”	4
32	669	she	1
32	670	said.	2
32	671	“Wealth	4
32	672	is	1
32	673	still	1
32	674	one	1
32	675	of	1
32	676	our	1
32	677	last	1
32	678	taboos.”	5
32	679	Cockrell	2
32	680	said	1
32	681	that	1
32	682	a	1
32	683	common	1
32	684	mistake	1
32	685	that	1
32	686	many	1
32	687	of	1
32	688	his	1
32	689	wealthy	1
32	690	clients	1
32	691	make	1
32	692	is	1
32	693	letting	1
32	694	their	1
32	695	money	1
32	696	define	1
32	697	them.	2
32	698	“I	3
32	699	don't	2
32	700	think	1
32	701	it's	2
32	702	healthy	1
32	703	to	1
32	704	discount	1
32	705	your	1
32	706	problems.	2
32	707	If	1
32	708	you	1
32	709	are	1
32	710	part	1
32	711	of	1
32	712	the	1
32	713	1%,	2
32	714	you	1
32	715	still	1
32	716	have	1
32	717	problems	1
32	718	and	1
32	719	they	1
32	720	are	1
32	721	legitimate	1
32	722	to	1
32	723	you.	2
32	724	Even	1
32	725	when	1
32	726	you	1
32	727	say,	2
32	728	‘I	3
32	729	don't	2
32	730	have	1
32	731	to	1
32	732	struggle	1
32	733	for	1
32	734	money',	2
32	735	there	1
32	736	are	1
32	737	other	1
32	738	parts	1
32	739	of	1
32	740	your	1
32	741	life.	2
32	742	Money	1
32	743	is	1
32	744	not	1
32	745	the	1
32	746	only	1
32	747	thing	1
32	748	that	1
32	749	defines	1
32	750	you,”	4
32	751	he	1
32	752	said.	2
32	753	“Your	3
32	754	problems	1
32	755	are	1
32	756	real.”	4
33	0	Clay	2
33	1	Cockrell	2
33	2	is	1
33	3	sitting	1
33	4	in	1
33	5	his	1
33	6	office	1
33	7	opposite	1
33	8	the	1
33	9	Trump	1
33	10	International	1
33	11	Hotel	1
33	12	and	1
33	13	Tower.	2
33	14	In	1
33	15	front	1
33	16	of	1
33	17	the	1
33	18	tower	1
33	19	is	1
33	20	Central	1
33	21	Park,	2
33	22	where	1
33	23	Cockrell	2
33	24	holds	1
33	25	his	1
33	26	popular	1
33	27	walk	1
33	28	and	1
33	29	talk	1
33	30	therapy	1
33	31	sessions.	2
33	32	Cockrell	2
33	33	is	1
33	34	a	1
33	35	former	1
33	36	Wall	1
33	37	Street	1
33	38	worker	1
33	39	who	1
33	40	is	1
33	41	now	1
33	42	a	1
33	43	therapist.	2
33	44	He	1
33	45	spends	1
33	46	large	1
33	47	parts	1
33	48	of	1
33	49	his	1
33	50	days	1
33	51	walking	1
33	52	in	1
33	53	Central	1
33	54	Park	1
33	55	or	1
33	56	the	1
33	57	Battery	1
33	58	Park	1
33	59	in	1
33	60	downtown	1
33	61	Manhattan	1
33	62	near	1
33	63	Wall	1
33	64	Street,	2
33	65	talking	1
33	66	to	1
33	67	some	1
33	68	of	1
33	69	New	1
33	70	York's	2
33	71	wealthiest	1
33	72	people.	2
33	73	“Many	3
33	74	of	1
33	75	the	1
33	76	extremely	1
33	77	wealthy	1
33	78	–	1
33	79	the	1
33	80	1%	2
33	81	of	1
33	82	the	1
33	83	1%	2
33	84	–	1
33	85	feel	1
33	86	that	1
33	87	their	1
33	88	problems	1
33	89	are	1
33	90	really	1
33	91	not	1
33	92	problems.	2
33	93	But	1
33	94	they	1
33	95	are,”	4
33	96	he	1
33	97	says.	2
33	98	So,	2
33	99	what	1
33	100	problems	1
33	101	do	1
33	102	America's	2
33	103	1%	2
33	104	have?	2
33	105	“There	3
33	106	is	1
33	107	guilt	1
33	108	that	1
33	109	they	1
33	110	are	1
33	111	rich,”	4
33	112	he	1
33	113	said.	2
33	114	“There	3
33	115	is	1
33	116	the	1
33	117	feeling	1
33	118	that	1
33	119	they	1
33	120	have	1
33	121	to	1
33	122	hide	1
33	123	that	1
33	124	they	1
33	125	are	1
33	126	rich.	2
33	127	And,	2
33	128	then,	2
33	129	there	1
33	130	is	1
33	131	the	1
33	132	isolation	1
33	133	–	1
33	134	being	1
33	135	in	1
33	136	the	1
33	137	1%	2
33	138	can	1
33	139	be	1
33	140	lonely.”	4
33	141	Counselors	2
33	142	say	1
33	143	that	1
33	144	things	1
33	145	have	1
33	146	become	1
33	147	worse	1
33	148	since	1
33	149	the	1
33	150	financial	1
33	151	crisis.	2
33	152	People	1
33	153	now	1
33	154	talk	1
33	155	about	1
33	156	the	1
33	157	gap	1
33	158	between	1
33	159	rich	1
33	160	and	1
33	161	poor	1
33	162	more	1
33	163	because	1
33	164	of	1
33	165	movements	1
33	166	like	1
33	167	Occupy	1
33	168	Wall	1
33	169	Street.	2
33	170	“Occupy	4
33	171	Wall	1
33	172	Street	1
33	173	had	1
33	174	some	1
33	175	important	1
33	176	things	1
33	177	to	1
33	178	say	1
33	179	about	1
33	180	the	1
33	181	gap	1
33	182	between	1
33	183	rich	1
33	184	and	1
33	185	poor	1
33	186	but	1
33	187	it	1
33	188	was	1
33	189	negative	1
33	190	about	1
33	191	the	1
33	192	1%,”	4
33	193	said	1
33	194	Jamie	1
33	195	Traeger-Muney,	7
33	196	a	1
33	197	wealth	1
33	198	psychologist.	2
33	199	The	1
33	200	media,	2
33	201	she	1
33	202	said,	2
33	203	makes	1
33	204	the	1
33	205	rich	1
33	206	“feel	3
33	207	like	1
33	208	they	1
33	209	need	1
33	210	to	1
33	211	hide	1
33	212	or	1
33	213	feel	1
33	214	ashamed”.	4
33	215	“Sometimes,	4
33	216	I	1
33	217	am	1
33	218	shocked	1
33	219	by	1
33	220	things	1
33	221	that	1
33	222	people	1
33	223	say.	2
33	224	You	1
33	225	would	1
33	226	never	1
33	227	talk	1
33	228	about	1
33	229	another	1
33	230	group	1
33	231	of	1
33	232	people	1
33	233	in	1
33	234	the	1
33	235	way	1
33	236	that	1
33	237	it	1
33	238	seems	1
33	239	perfectly	1
33	240	normal	1
33	241	to	1
33	242	talk	1
33	243	about	1
33	244	wealthy	1
33	245	people.”	4
33	246	“It's	4
33	247	really	1
33	248	isolating	2
33	249	to	1
33	250	have	1
33	251	a	1
33	252	lot	1
33	253	of	1
33	254	money.	2
33	255	People's	2
33	256	reaction	1
33	257	to	1
33	258	you	1
33	259	can	1
33	260	be	1
33	261	scary,”	4
33	262	said	1
33	263	Barbara	1
33	264	Nusbaum,	4
33	265	an	1
33	266	expert	1
33	267	in	1
33	268	money	1
33	269	psychology.	2
33	270	“We	3
33	271	are	1
33	272	all	1
33	273	taught	1
33	274	not	1
33	275	to	1
33	276	talk	1
33	277	about	1
33	278	money.	2
33	279	It's	2
33	280	not	1
33	281	polite	1
33	282	to	1
33	283	talk	1
33	284	about	1
33	285	money.	2
33	286	But	1
33	287	it's	2
33	288	harder	1
33	289	to	1
33	290	talk	1
33	291	about	1
33	292	being	1
33	293	rich	1
33	294	than	1
33	295	it	1
33	296	is	1
33	297	to	1
33	298	talk	1
33	299	about	1
33	300	being	1
33	301	poor.	2
33	302	People	1
33	303	don't	2
33	304	mind	1
33	305	if	1
33	306	you	1
33	307	say	1
33	308	‘I	3
33	309	am	1
33	310	broke.	2
33	311	Things	1
33	312	are	1
33	313	hard.'	2
33	314	You	1
33	315	can't	2
33	316	say	1
33	317	‘I	3
33	318	have	1
33	319	a	1
33	320	ton	1
33	321	of	1
33	322	money.'	2
33	323	You	1
33	324	have	1
33	325	to	1
33	326	keep	1
33	327	a	1
33	328	lot	1
33	329	of	1
33	330	your	1
33	331	life	1
33	332	private.”	4
33	333	As	1
33	334	a	1
33	335	result,	2
33	336	Cockrell	2
33	337	says,	2
33	338	the	1
33	339	rich	1
33	340	hang	1
33	341	out	1
33	342	with	1
33	343	other	1
33	344	rich	1
33	345	Americans	1
33	346	who	1
33	347	understand	1
33	348	them	1
33	349	and	1
33	350	their	1
33	351	problems.	2
33	352	In	1
33	353	the	1
33	354	US,	2
33	355	over	1
33	356	the	1
33	357	last	1
33	358	30	1
33	359	years,	2
33	360	the	1
33	361	number	1
33	362	of	1
33	363	very	1
33	364	wealthy	1
33	365	people	1
33	366	has	1
33	367	grown.	2
33	368	In	1
33	369	2014,	2
33	370	the	1
33	371	number	1
33	372	of	1
33	373	US	1
33	374	households	1
33	375	with	1
33	376	$1	2
33	377	million	1
33	378	or	1
33	379	more	1
33	380	–	1
33	381	excluding	1
33	382	the	1
33	383	value	1
33	384	of	1
33	385	their	1
33	386	main	1
33	387	home	1
33	388	–	1
33	389	increased	1
33	390	by	1
33	391	500,000	3
33	392	to	1
33	393	10.1	3
33	394	million.	2
33	395	There	1
33	396	were	1
33	397	1.3	3
33	398	million	1
33	399	households	1
33	400	worth	1
33	401	$5	2
33	402	million	1
33	403	and	1
33	404	142,000	3
33	405	worth	1
33	406	$25	2
33	407	million	1
33	408	or	1
33	409	more.	2
33	410	Since	1
33	411	the	1
33	412	2008	1
33	413	financial	1
33	414	crisis,	2
33	415	the	1
33	416	gap	1
33	417	between	1
33	418	the	1
33	419	rich	1
33	420	and	1
33	421	the	1
33	422	poor	1
33	423	has	1
33	424	grown	1
33	425	and	1
33	426	the	1
33	427	situation	1
33	428	“has	3
33	429	gotten	1
33	430	worse	1
33	431	for	1
33	432	the	1
33	433	wealthy,”	4
33	434	Cockrell	2
33	435	said.	2
33	436	The	1
33	437	main	1
33	438	reason?	2
33	439	Not	1
33	440	knowing	1
33	441	if	1
33	442	your	1
33	443	friends	1
33	444	are	1
33	445	friends	1
33	446	with	1
33	447	you	1
33	448	or	1
33	449	with	1
33	450	your	1
33	451	money.	2
33	452	“Someone	3
33	453	else	1
33	454	who	1
33	455	is	1
33	456	also	1
33	457	a	1
33	458	billionaire	1
33	459	–	1
33	460	they	1
33	461	don't	2
33	462	want	1
33	463	anything	1
33	464	from	1
33	465	you.	2
33	466	Never	1
33	467	being	1
33	468	able	1
33	469	to	1
33	470	trust	1
33	471	your	1
33	472	friendships	1
33	473	with	1
33	474	other	1
33	475	people,	2
33	476	I	1
33	477	think	1
33	478	that	1
33	479	is	1
33	480	difficult,”	4
33	481	said	1
33	482	Cockrell.	3
33	483	Some	1
33	484	Americans	1
33	485	keep	1
33	486	their	1
33	487	wealth	1
33	488	secret.	2
33	489	“There	3
33	490	are	1
33	491	a	1
33	492	lot	1
33	493	of	1
33	494	people	1
33	495	hiding	1
33	496	their	1
33	497	wealth	1
33	498	because	1
33	499	they	1
33	500	are	1
33	501	worried	1
33	502	about	1
33	503	negative	1
33	504	judgment,”	4
33	505	said	1
33	506	Traeger-Muney.	7
33	507	“If	3
33	508	wealthy	1
33	509	Americans	1
33	510	talk	1
33	511	about	1
33	512	their	1
33	513	problems,	2
33	514	people	1
33	515	often	1
33	516	don't	2
33	517	have	1
33	518	a	1
33	519	lot	1
33	520	of	1
33	521	sympathy,”	4
33	522	she	1
33	523	said.	2
33	524	Cockrell	2
33	525	said	1
33	526	that	1
33	527	there	1
33	528	is	1
33	529	a	1
33	530	common	1
33	531	mistake	1
33	532	that	1
33	533	many	1
33	534	of	1
33	535	his	1
33	536	wealthy	1
33	537	clients	1
33	538	make	1
33	539	–	1
33	540	they	1
33	541	let	1
33	542	their	1
33	543	money	1
33	544	define	1
33	545	them.	2
33	546	“If	3
33	547	you	1
33	548	are	1
33	549	part	1
33	550	of	1
33	551	the	1
33	552	1%,	2
33	553	you	1
33	554	still	1
33	555	have	1
33	556	problems.	2
33	557	There	1
33	558	are	1
33	559	other	1
33	560	parts	1
33	561	of	1
33	562	your	1
33	563	life.	2
33	564	Money	1
33	565	is	1
33	566	not	1
33	567	the	1
33	568	only	1
33	569	thing,”	4
33	570	he	1
33	571	said.	2
33	572	“Your	3
33	573	problems	1
33	574	are	1
33	575	real.”	4
34	0	From	1
34	1	all	1
34	2	across	1
34	3	Rwanda,	2
34	4	and	1
34	5	even	1
34	6	parts	1
34	7	of	1
34	8	neighboring	1
34	9	Burundi,	4
34	10	people	1
34	11	flock	1
34	12	to	1
34	13	the	1
34	14	southern	1
34	15	town	1
34	16	of	1
34	17	Butare	2
34	18	to	1
34	19	a	1
34	20	little	1
34	21	shop	1
34	22	called	1
34	23	Inzozi	4
34	24	Nziza	3
34	25	(Sweet	2
34	26	Dreams).	2
34	27	They	1
34	28	come	1
34	29	for	1
34	30	a	1
34	31	taste	1
34	32	of	1
34	33	the	1
34	34	unknown,	2
34	35	something	1
34	36	most	1
34	37	have	1
34	38	never	1
34	39	tasted	1
34	40	–	1
34	41	the	1
34	42	sweet,	2
34	43	cold,	2
34	44	velvety	3
34	45	embrace	1
34	46	of	1
34	47	ice	1
34	48	cream.	2
34	49	Here,	2
34	50	at	1
34	51	the	1
34	52	central	1
34	53	African	1
34	54	country's	2
34	55	first	1
34	56	ice-cream	3
34	57	parlor,	3
34	58	customers	1
34	59	can	1
34	60	buy	1
34	61	scoops	2
34	62	in	1
34	63	sweet	1
34	64	cream,	2
34	65	passion	1
34	66	fruit,	2
34	67	strawberry	1
34	68	and	1
34	69	pineapple	1
34	70	flavors.	2
34	71	Toppings	2
34	72	include	1
34	73	fresh	1
34	74	fruit,	2
34	75	honey,	2
34	76	chocolate	1
34	77	chips	1
34	78	and	1
34	79	granola.	3
34	80	Black	1
34	81	tea	1
34	82	and	1
34	83	coffee	1
34	84	are	1
34	85	also	1
34	86	on	1
34	87	sale.	2
34	88	The	1
34	89	shop,	2
34	90	which	1
34	91	has	1
34	92	“ice	3
34	93	cream,	2
34	94	coffee,	2
34	95	dreams”	3
34	96	across	1
34	97	its	1
34	98	signage,	2
34	99	is	1
34	100	milking	2
34	101	local	1
34	102	curiosity	1
34	103	about	1
34	104	the	1
34	105	dessert	1
34	106	–	1
34	107	and	1
34	108	“changing	3
34	109	lives”	3
34	110	in	1
34	111	the	1
34	112	process,	2
34	113	says	1
34	114	Inzozi	4
34	115	Nziza's	4
34	116	manager,	2
34	117	Louise	1
34	118	Ingabire.	4
34	119	“Ice	3
34	120	cream	1
34	121	is	1
34	122	important,”	4
34	123	she	1
34	124	says	1
34	125	between	1
34	126	mouthfuls	3
34	127	of	1
34	128	a	1
34	129	honey-flavored	4
34	130	offering.	2
34	131	“Some	3
34	132	Rwandans	3
34	133	like	1
34	134	ice	1
34	135	cream,	2
34	136	but	1
34	137	it's	2
34	138	a	1
34	139	new	1
34	140	thing.	2
34	141	We	1
34	142	still	1
34	143	have	1
34	144	some	1
34	145	work	1
34	146	to	1
34	147	do,	2
34	148	to	1
34	149	tell	1
34	150	others	1
34	151	that	1
34	152	they'll	2
34	153	enjoy	1
34	154	it.”	4
34	155	True	1
34	156	to	1
34	157	Inzozi	4
34	158	Nziza's	4
34	159	motto,	2
34	160	the	1
34	161	shop	1
34	162	can	1
34	163	certainly	1
34	164	make	1
34	165	dreams	1
34	166	come	1
34	167	true.	2
34	168	“I	3
34	169	didn't	2
34	170	have	1
34	171	a	1
34	172	job	1
34	173	before:	2
34	174	I	1
34	175	just	1
34	176	stayed	1
34	177	at	1
34	178	home.	2
34	179	Now,	2
34	180	I	1
34	181	have	1
34	182	a	1
34	183	vision	1
34	184	for	1
34	185	the	1
34	186	future.	2
34	187	I	1
34	188	am	1
34	189	making	1
34	190	money	1
34	191	and	1
34	192	I	1
34	193	can	1
34	194	give	1
34	195	some	1
34	196	of	1
34	197	it	1
34	198	to	1
34	199	my	1
34	200	family,”	4
34	201	says	1
34	202	the	1
34	203	27-year-old.	6
34	204	Butare,	3
34	205	which	1
34	206	has	1
34	207	89,600	3
34	208	residents	1
34	209	and	1
34	210	is	1
34	211	located	1
34	212	135km	2
34	213	south	1
34	214	of	1
34	215	the	1
34	216	capital,	2
34	217	Kigali,	4
34	218	is	1
34	219	the	1
34	220	home	1
34	221	of	1
34	222	the	1
34	223	National	1
34	224	University	1
34	225	of	1
34	226	Rwanda.	2
34	227	Inzozi	4
34	228	Nziza	3
34	229	has	1
34	230	become	1
34	231	a	1
34	232	hub	1
34	233	for	1
34	234	tired	1
34	235	students	1
34	236	looking	1
34	237	to	1
34	238	treat	1
34	239	themselves	1
34	240	to	1
34	241	something	1
34	242	cool	1
34	243	and	1
34	244	different.	2
34	245	“It's	4
34	246	something	1
34	247	uniting	2
34	248	people	1
34	249	here,”	4
34	250	Kalisa	2
34	251	Migendo,	3
34	252	a	1
34	253	24-year-old	5
34	254	agriculture	1
34	255	student,	2
34	256	says.	2
34	257	“If	3
34	258	you	1
34	259	need	1
34	260	to	1
34	261	go	1
34	262	out	1
34	263	and	1
34	264	talk	1
34	265	to	1
34	266	a	1
34	267	friend,	2
34	268	a	1
34	269	girl	1
34	270	or	1
34	271	a	1
34	272	boy,	2
34	273	you	1
34	274	come	1
34	275	to	1
34	276	Inzozi	4
34	277	Nziza	3
34	278	for	1
34	279	an	1
34	280	ice	1
34	281	cream.”	4
34	282	Most	1
34	283	of	1
34	284	the	1
34	285	ingredients	1
34	286	are	1
34	287	sourced	1
34	288	locally	1
34	289	and	1
34	290	the	1
34	291	milk	1
34	292	comes	1
34	293	from	1
34	294	a	1
34	295	depot	1
34	296	in	1
34	297	nearby	1
34	298	Nyanza.	4
34	299	The	1
34	300	vanilla	1
34	301	beans	1
34	302	and	1
34	303	cocoa	1
34	304	are	1
34	305	imported.	2
34	306	Inzozi	4
34	307	Nziza	3
34	308	was	1
34	309	opened	1
34	310	by	1
34	311	the	1
34	312	theater	1
34	313	director	1
34	314	Odile	2
34	315	Gakire	3
34	316	Katese.	4
34	317	She	1
34	318	met	1
34	319	Alexis	1
34	320	Miesen	3
34	321	and	1
34	322	Jennie	2
34	323	Dundas,	3
34	324	co-founders	4
34	325	of	1
34	326	Blue	1
34	327	Marble	1
34	328	Ice	1
34	329	Cream	1
34	330	in	1
34	331	Brooklyn,	2
34	332	New	1
34	333	York,	2
34	334	and	1
34	335	formed	1
34	336	a	1
34	337	partnership	1
34	338	with	1
34	339	them	1
34	340	to	1
34	341	open	1
34	342	the	1
34	343	shop	1
34	344	in	1
34	345	2010.	2
34	346	“An	3
34	347	ice-cream	3
34	348	shop,	2
34	349	Katese	3
34	350	proposed,	2
34	351	might	1
34	352	help	1
34	353	to	1
34	354	put	1
34	355	the	1
34	356	human	1
34	357	pieces	1
34	358	back	1
34	359	together	1
34	360	by	1
34	361	rebuilding	1
34	362	spirits,	2
34	363	hopes	1
34	364	and	1
34	365	family	1
34	366	traditions,”	4
34	367	Miesen	3
34	368	says.	2
34	369	At	1
34	370	the	1
34	371	start,	2
34	372	Miesen	3
34	373	and	1
34	374	Dundas	2
34	375	owned	1
34	376	the	1
34	377	shop	1
34	378	in	1
34	379	partnership	1
34	380	with	1
34	381	its	1
34	382	staff	1
34	383	and	1
34	384	had	1
34	385	shares	1
34	386	in	1
34	387	the	1
34	388	business,	2
34	389	which	1
34	390	is	1
34	391	a	1
34	392	cooperative	1
34	393	and	1
34	394	non-profit.	4
34	395	They	1
34	396	did	1
34	397	not	1
34	398	set	1
34	399	financial	1
34	400	targets,	2
34	401	but	1
34	402	waited	1
34	403	for	1
34	404	18	1
34	405	months	1
34	406	before	1
34	407	they	1
34	408	transferred	1
34	409	their	1
34	410	shares	1
34	411	to	1
34	412	the	1
34	413	women,	2
34	414	who	1
34	415	had	1
34	416	by	1
34	417	then	1
34	418	proved	1
34	419	their	1
34	420	business	1
34	421	credentials.	2
34	422	Though	1
34	423	ice	1
34	424	cream	1
34	425	is	1
34	426	somewhat	1
34	427	new	1
34	428	to	1
34	429	Rwanda,	2
34	430	Ndangiza	4
34	431	is	1
34	432	enthused	3
34	433	by	1
34	434	the	1
34	435	idea	1
34	436	of	1
34	437	the	1
34	438	shop.	2
34	439	“I	3
34	440	think	1
34	441	it's	2
34	442	great.	2
34	443	It	1
34	444	requires	1
34	445	a	1
34	446	lot	1
34	447	of	1
34	448	skills	1
34	449	and	1
34	450	changing	1
34	451	people's	2
34	452	mindsets	2
34	453	because	1
34	454	selling	1
34	455	and	1
34	456	eating	1
34	457	ice	1
34	458	cream	1
34	459	is	1
34	460	not	1
34	461	part	1
34	462	of	1
34	463	Rwanda's	2
34	464	culture"""".	3
34	465	The	1
34	466	Butare	2
34	467	shop	1
34	468	employs	1
34	469	nine	1
34	470	women,	2
34	471	who	1
34	472	spend	1
34	473	their	1
34	474	spare	1
34	475	time	1
34	476	practicing	1
34	477	with	1
34	478	Ingoma	2
34	479	Nshya,	4
34	480	Rwanda's	2
34	481	first	1
34	482	and	1
34	483	only	1
34	484	female	1
34	485	drumming	2
34	486	troupe,	3
34	487	which	1
34	488	was	1
34	489	established	1
34	490	by	1
34	491	Katese	3
34	492	ten	1
34	493	years	1
34	494	ago.	2
34	495	The	1
34	496	musicians	1
34	497	are	1
34	498	Hutu	2
34	499	and	1
34	500	Tutsi	3
34	501	women,	2
34	502	some	1
34	503	survivors	1
34	504	of	1
34	505	the	1
34	506	1994	1
34	507	genocide,	2
34	508	during	1
34	509	which	1
34	510	almost	1
34	511	a	1
34	512	million	1
34	513	Tutsis	3
34	514	and	1
34	515	moderate	1
34	516	Hutus	2
34	517	were	1
34	518	killed.	2
34	519	Some	1
34	520	members	1
34	521	of	1
34	522	Ingoma	2
34	523	Nshya	3
34	524	are	1
34	525	widows,	3
34	526	some	1
34	527	orphans.	2
34	528	Ingabire's	4
34	529	father,	2
34	530	two	1
34	531	siblings	1
34	532	and	1
34	533	many	1
34	534	cousins	1
34	535	were	1
34	536	killed	1
34	537	in	1
34	538	the	1
34	539	genocide.	2
34	540	“Some	3
34	541	of	1
34	542	us	1
34	543	are	1
34	544	survivors;	2
34	545	some	1
34	546	know	1
34	547	someone	1
34	548	who	1
34	549	was	1
34	550	killed,”	4
34	551	she	1
34	552	says.	2
34	553	“When	3
34	554	I'm	2
34	555	drumming	2
34	556	with	1
34	557	them,	2
34	558	it	1
34	559	gives	1
34	560	me	1
34	561	power	1
34	562	because	1
34	563	we're	2
34	564	still	1
34	565	alive	1
34	566	and	1
34	567	survivors.”	4
34	568	The	1
34	569	popular	1
34	570	ice-cream	3
34	571	shop	1
34	572	features	1
34	573	in	1
34	574	a	1
34	575	documentary	1
34	576	by	1
34	577	Rob	1
34	578	and	1
34	579	Lisa	1
34	580	Fruchtman,	5
34	581	sibling	1
34	582	film-	2
34	583	makers.	2
34	584	Sweet	1
34	585	Dreams,	2
34	586	which	1
34	587	tells	1
34	588	the	1
34	589	story	1
34	590	of	1
34	591	how	1
34	592	the	1
34	593	women	1
34	594	have	1
34	595	forged	1
34	596	a	1
34	597	promising	1
34	598	post-	2
34	599	genocide	1
34	600	future,	2
34	601	also	1
34	602	includes	1
34	603	the	1
34	604	female	1
34	605	drummers.	3
34	606	The	1
34	607	film,	2
34	608	which	1
34	609	has	1
34	610	been	1
34	611	screened	1
34	612	in	1
34	613	more	1
34	614	than	1
34	615	a	1
34	616	dozen	1
34	617	countries,	2
34	618	including	1
34	619	the	1
34	620	US,	2
34	621	UK	1
34	622	and	1
34	623	several	1
34	624	African	1
34	625	states,	2
34	626	premieres	2
34	627	in	1
34	628	Rwanda	1
34	629	in	1
34	630	2014.	2
34	631	“We	3
34	632	feel	1
34	633	the	1
34	634	film	1
34	635	is	1
34	636	about	1
34	637	resilience,	2
34	638	hope,	2
34	639	bravery,	2
34	640	resourcefulness	2
34	641	and	1
34	642	the	1
34	643	ability	1
34	644	to	1
34	645	change	1
34	646	the	1
34	647	course	1
34	648	of	1
34	649	your	1
34	650	own	1
34	651	life,”	4
34	652	says	1
34	653	Lisa	1
34	654	Fruchtman,	5
34	655	who	1
34	656	won	1
34	657	an	1
34	658	Academy	1
34	659	Award	1
34	660	for	1
34	661	film-	2
34	662	editing	1
34	663	in	1
34	664	1984.	2
35	0	From	1
35	1	all	1
35	2	across	1
35	3	Rwanda,	2
35	4	and	1
35	5	even	1
35	6	from	1
35	7	Burundi,	4
35	8	people	1
35	9	are	1
35	10	coming	1
35	11	to	1
35	12	the	1
35	13	southern	1
35	14	town	1
35	15	of	1
35	16	Butare	2
35	17	to	1
35	18	a	1
35	19	little	1
35	20	shop	1
35	21	called	1
35	22	Inzozi	4
35	23	Nziza	3
35	24	(Sweet	2
35	25	Dreams).	2
35	26	They	1
35	27	come	1
35	28	for	1
35	29	a	1
35	30	taste	1
35	31	of	1
35	32	something	1
35	33	new,	2
35	34	something	1
35	35	most	1
35	36	of	1
35	37	them	1
35	38	have	1
35	39	never	1
35	40	tasted	1
35	41	before	1
35	42	–	1
35	43	sweet,	2
35	44	cold	1
35	45	ice	1
35	46	cream.	2
35	47	Here,	2
35	48	at	1
35	49	the	1
35	50	central	1
35	51	African	1
35	52	country's	2
35	53	first	1
35	54	ice-cream	3
35	55	shop,	2
35	56	customers	1
35	57	can	1
35	58	buy	1
35	59	ice	1
35	60	cream	1
35	61	in	1
35	62	sweet	1
35	63	cream,	2
35	64	passion	1
35	65	fruit,	2
35	66	strawberry	1
35	67	and	1
35	68	pineapple	1
35	69	flavors.	2
35	70	Toppings	2
35	71	include	1
35	72	fresh	1
35	73	fruit,	2
35	74	honey,	2
35	75	chocolate	1
35	76	chips	1
35	77	and	1
35	78	granola.	3
35	79	They	1
35	80	can	1
35	81	also	1
35	82	buy	1
35	83	black	1
35	84	tea	1
35	85	and	1
35	86	coffee.	2
35	87	The	1
35	88	shop,	2
35	89	which	1
35	90	has	1
35	91	“ice	3
35	92	cream,	2
35	93	coffee,	2
35	94	dreams”	3
35	95	written	1
35	96	on	1
35	97	its	1
35	98	signs,	2
35	99	is	1
35	100	taking	1
35	101	advantage	1
35	102	of	1
35	103	local	1
35	104	people's	2
35	105	curiosity	1
35	106	about	1
35	107	ice	1
35	108	cream	1
35	109	–	1
35	110	and	1
35	111	the	1
35	112	shop	1
35	113	is	1
35	114	also	1
35	115	“changing	3
35	116	lives,”	4
35	117	says	1
35	118	Inzozi	4
35	119	Nziza's	4
35	120	manager,	2
35	121	Louise	1
35	122	Ingabire.	4
35	123	“Ice	3
35	124	cream	1
35	125	is	1
35	126	important,”	4
35	127	she	1
35	128	says	1
35	129	between	1
35	130	mouthfuls	3
35	131	of	1
35	132	honey-	2
35	133	flavored	1
35	134	ice	1
35	135	cream.	2
35	136	“Some	3
35	137	Rwandans	3
35	138	like	1
35	139	ice	1
35	140	cream,	2
35	141	but	1
35	142	it's	2
35	143	a	1
35	144	new	1
35	145	thing.	2
35	146	We	1
35	147	still	1
35	148	have	1
35	149	some	1
35	150	work	1
35	151	to	1
35	152	do,	2
35	153	to	1
35	154	tell	1
35	155	others	1
35	156	that	1
35	157	they'll	2
35	158	enjoy	1
35	159	it.”	4
35	160	The	1
35	161	shop	1
35	162	can	1
35	163	certainly	1
35	164	make	1
35	165	dreams	1
35	166	come	1
35	167	true.	2
35	168	“I	3
35	169	didn't	2
35	170	have	1
35	171	a	1
35	172	job	1
35	173	before:	2
35	174	I	1
35	175	just	1
35	176	stayed	1
35	177	at	1
35	178	home.	2
35	179	Now,	2
35	180	I	1
35	181	have	1
35	182	a	1
35	183	vision	1
35	184	for	1
35	185	the	1
35	186	future.	2
35	187	I	1
35	188	am	1
35	189	making	1
35	190	money	1
35	191	and	1
35	192	I	1
35	193	can	1
35	194	give	1
35	195	some	1
35	196	of	1
35	197	it	1
35	198	to	1
35	199	my	1
35	200	family,”	4
35	201	says	1
35	202	the	1
35	203	27-year-old.	6
35	204	Butare	2
35	205	has	1
35	206	89,600	3
35	207	residents	1
35	208	and	1
35	209	is	1
35	210	135km	2
35	211	south	1
35	212	of	1
35	213	the	1
35	214	capital,	2
35	215	Kigali.	4
35	216	It	1
35	217	is	1
35	218	the	1
35	219	home	1
35	220	of	1
35	221	the	1
35	222	National	1
35	223	University	1
35	224	of	1
35	225	Rwanda.	2
35	226	Inzozi	4
35	227	Nziza	3
35	228	has	1
35	229	become	1
35	230	a	1
35	231	meeting	1
35	232	place	1
35	233	for	1
35	234	students	1
35	235	who	1
35	236	want	1
35	237	to	1
35	238	treat	1
35	239	themselves	1
35	240	to	1
35	241	something	1
35	242	cool	1
35	243	and	1
35	244	different.	2
35	245	“The	3
35	246	shop	1
35	247	is	1
35	248	uniting	2
35	249	people	1
35	250	here,”	4
35	251	Kalisa	2
35	252	Migendo,	3
35	253	a	1
35	254	24-year-old	5
35	255	student,	2
35	256	says.	2
35	257	“If	3
35	258	you	1
35	259	need	1
35	260	to	1
35	261	go	1
35	262	out	1
35	263	and	1
35	264	talk	1
35	265	to	1
35	266	a	1
35	267	friend,	2
35	268	a	1
35	269	girl	1
35	270	or	1
35	271	a	1
35	272	boy,	2
35	273	you	1
35	274	come	1
35	275	to	1
35	276	Inzozi	4
35	277	Nziza	3
35	278	for	1
35	279	an	1
35	280	ice	1
35	281	cream.”	4
35	282	Most	1
35	283	of	1
35	284	the	1
35	285	ingredients	1
35	286	are	1
35	287	from	1
35	288	local	1
35	289	sources	1
35	290	and	1
35	291	the	1
35	292	milk	1
35	293	comes	1
35	294	from	1
35	295	nearby	1
35	296	Nyanza.	4
35	297	The	1
35	298	vanilla	1
35	299	beans	1
35	300	and	1
35	301	cocoa	1
35	302	are	1
35	303	imported.	2
35	304	Inzozi	4
35	305	Nziza	3
35	306	was	1
35	307	opened	1
35	308	by	1
35	309	Odile	2
35	310	Gakire	3
35	311	Katese.	4
35	312	She	1
35	313	met	1
35	314	Alexis	1
35	315	Miesen	3
35	316	and	1
35	317	Jennie	2
35	318	Dundas,	3
35	319	co-founders	4
35	320	of	1
35	321	Blue	1
35	322	Marble	1
35	323	Ice	1
35	324	Cream	1
35	325	in	1
35	326	Brooklyn,	2
35	327	New	1
35	328	York.	2
35	329	The	1
35	330	three	1
35	331	women	1
35	332	formed	1
35	333	a	1
35	334	partnership	1
35	335	to	1
35	336	open	1
35	337	the	1
35	338	shop	1
35	339	in	1
35	340	2010.	2
35	341	At	1
35	342	the	1
35	343	start,	2
35	344	Miesen	3
35	345	and	1
35	346	Dundas	2
35	347	owned	1
35	348	the	1
35	349	shop	1
35	350	in	1
35	351	partnership	1
35	352	with	1
35	353	its	1
35	354	employees	1
35	355	and	1
35	356	had	1
35	357	shares	1
35	358	in	1
35	359	the	1
35	360	business,	2
35	361	which	1
35	362	is	1
35	363	a	1
35	364	cooperative.	2
35	365	After	1
35	366	18	1
35	367	months,	2
35	368	they	1
35	369	gave	1
35	370	their	1
35	371	shares	1
35	372	to	1
35	373	the	1
35	374	women	1
35	375	employees,	2
35	376	who	1
35	377	by	1
35	378	then	1
35	379	could	1
35	380	control	1
35	381	the	1
35	382	business	1
35	383	by	1
35	384	themselves.	2
35	385	Ice	1
35	386	cream	1
35	387	is	1
35	388	new	1
35	389	to	1
35	390	Rwanda.	2
35	391	Selling	1
35	392	and	1
35	393	eating	1
35	394	ice	1
35	395	cream	1
35	396	is	1
35	397	not	1
35	398	part	1
35	399	of	1
35	400	the	1
35	401	Rwandan	2
35	402	culture.	2
35	403	The	1
35	404	Butare	2
35	405	shop	1
35	406	employs	1
35	407	nine	1
35	408	women.	2
35	409	They	1
35	410	spend	1
35	411	their	1
35	412	free	1
35	413	time	1
35	414	practicing	1
35	415	with	1
35	416	Ingoma	2
35	417	Nshya,	4
35	418	Rwanda's	2
35	419	first	1
35	420	and	1
35	421	only	1
35	422	female	1
35	423	drumming	2
35	424	group.	2
35	425	The	1
35	426	musicians	1
35	427	are	1
35	428	Hutu	2
35	429	and	1
35	430	Tutsi	3
35	431	women.	2
35	432	Some	1
35	433	are	1
35	434	survivors	1
35	435	of	1
35	436	the	1
35	437	1994	1
35	438	genocide,	2
35	439	when	1
35	440	almost	1
35	441	a	1
35	442	million	1
35	443	Tutsis	3
35	444	and	1
35	445	Hutus	2
35	446	were	1
35	447	killed.	2
35	448	Some	1
35	449	members	1
35	450	of	1
35	451	Ingoma	2
35	452	Nshya	3
35	453	are	1
35	454	widows,	3
35	455	some	1
35	456	orphans.	2
35	457	Ingabire's	4
35	458	father,	2
35	459	two	1
35	460	siblings	1
35	461	and	1
35	462	many	1
35	463	cousins	1
35	464	were	1
35	465	killed	1
35	466	in	1
35	467	the	1
35	468	genocide.	2
35	469	“When	3
35	470	I'm	2
35	471	drumming,	3
35	472	it	1
35	473	gives	1
35	474	me	1
35	475	power	1
35	476	because	1
35	477	we're	2
35	478	still	1
35	479	alive	1
35	480	and	1
35	481	survivors,”	4
35	482	she	1
35	483	says.	2
35	484	The	1
35	485	ice-cream	3
35	486	shop	1
35	487	is	1
35	488	in	1
35	489	a	1
35	490	documentary	1
35	491	by	1
35	492	film-makers	3
35	493	Rob	1
35	494	and	1
35	495	Lisa	1
35	496	Fruchtman.	5
35	497	Sweet	1
35	498	Dreams,	2
35	499	which	1
35	500	tells	1
35	501	the	1
35	502	story	1
35	503	of	1
35	504	how	1
35	505	the	1
35	506	women	1
35	507	have	1
35	508	made	1
35	509	a	1
35	510	positive	1
35	511	future	1
35	512	after	1
35	513	the	1
35	514	genocide,	2
35	515	also	1
35	516	includes	1
35	517	the	1
35	518	female	1
35	519	drummers.	3
35	520	The	1
35	521	film	1
35	522	has	1
35	523	been	1
35	524	shown	1
35	525	in	1
35	526	many	1
35	527	countries,	2
35	528	including	1
35	529	the	1
35	530	US,	2
35	531	UK	1
35	532	and	1
35	533	several	1
35	534	African	1
35	535	states.	2
35	536	“We	3
35	537	feel	1
35	538	the	1
35	539	film	1
35	540	is	1
35	541	about	1
35	542	hope,	2
35	543	bravery	1
35	544	and	1
35	545	the	1
35	546	ability	1
35	547	to	1
35	548	change	1
35	549	your	1
35	550	life,”	4
35	551	says	1
35	552	Lisa	1
35	553	Fruchtman.	5
36	0	A	1
36	1	major	1
36	2	international	1
36	3	disagreement	1
36	4	with	1
36	5	wide-ranging	3
36	6	implications	1
36	7	for	1
36	8	global	1
36	9	drugs	1
36	10	policy	1
36	11	has	1
36	12	erupted	1
36	13	over	1
36	14	the	1
36	15	right	1
36	16	of	1
36	17	Bolivia's	2
36	18	indigenous	1
36	19	Indian	1
36	20	tribes	1
36	21	to	1
36	22	chew	1
36	23	coca	2
36	24	leaves,	2
36	25	the	1
36	26	principal	1
36	27	ingredient	1
36	28	in	1
36	29	cocaine.	2
36	30	Bolivia	1
36	31	has	1
36	32	obtained	1
36	33	a	1
36	34	special	1
36	35	exemption	1
36	36	from	1
36	37	the	1
36	38	1961	1
36	39	Single	1
36	40	Convention	1
36	41	on	1
36	42	Narcotic	2
36	43	Drugs,	2
36	44	the	1
36	45	framework	1
36	46	that	1
36	47	governs	1
36	48	international	1
36	49	drugs	1
36	50	policy,	2
36	51	allowing	1
36	52	its	1
36	53	indigenous	1
36	54	people	1
36	55	to	1
36	56	chew	1
36	57	the	1
36	58	leaves.	2
36	59	Bolivia	1
36	60	had	1
36	61	argued	1
36	62	that	1
36	63	the	1
36	64	convention	1
36	65	was	1
36	66	in	1
36	67	opposition	1
36	68	to	1
36	69	its	1
36	70	new	1
36	71	constitution,	2
36	72	adopted	1
36	73	in	1
36	74	2009,	2
36	75	which	1
36	76	obliges	2
36	77	it	1
36	78	to	1
36	79	“protect	3
36	80	native	1
36	81	and	1
36	82	ancestral	1
36	83	coca	2
36	84	as	1
36	85	cultural	1
36	86	patrimony”	5
36	87	and	1
36	88	maintains	1
36	89	that	1
36	90	coca	2
36	91	“in	3
36	92	its	1
36	93	natural	1
36	94	state	1
36	95	...	1
36	96	is	1
36	97	not	1
36	98	a	1
36	99	dangerous	1
36	100	narcotic.”	5
36	101	South	1
36	102	American	1
36	103	Indians	1
36	104	have	1
36	105	chewed	2
36	106	coca	2
36	107	leaves	1
36	108	for	1
36	109	centuries.	2
36	110	The	1
36	111	leaves	1
36	112	reputedly	3
36	113	provide	1
36	114	energy	1
36	115	and	1
36	116	are	1
36	117	said	1
36	118	to	1
36	119	have	1
36	120	medicinal	1
36	121	qualities.	2
36	122	Supporters	1
36	123	of	1
36	124	Bolivia's	2
36	125	position	1
36	126	praised	1
36	127	it	1
36	128	for	1
36	129	doing	1
36	130	the	1
36	131	right	1
36	132	thing	1
36	133	by	1
36	134	defending	1
36	135	the	1
36	136	rights	1
36	137	of	1
36	138	indigenous	1
36	139	people.	2
36	140	“The	3
36	141	Bolivian	3
36	142	move	1
36	143	is	1
36	144	inspirational	1
36	145	and	1
36	146	groundbreaking,”	4
36	147	said	1
36	148	Danny	1
36	149	Kushlick,	4
36	150	Head	1
36	151	of	1
36	152	External	1
36	153	Affairs	1
36	154	at	1
36	155	the	1
36	156	Transform	1
36	157	Drug	1
36	158	Policy	1
36	159	Foundation,	2
36	160	which	1
36	161	promotes	1
36	162	drug	1
36	163	liberalization.	3
36	164	“It	3
36	165	shows	1
36	166	that	1
36	167	any	1
36	168	country	1
36	169	that	1
36	170	has	1
36	171	had	1
36	172	enough	1
36	173	of	1
36	174	the	1
36	175	war	1
36	176	on	1
36	177	drugs	1
36	178	can	1
36	179	change	1
36	180	the	1
36	181	terms	1
36	182	of	1
36	183	its	1
36	184	engagement	1
36	185	with	1
36	186	the	1
36	187	UN	1
36	188	conventions.”	4
36	189	However,	2
36	190	the	1
36	191	UN's	2
36	192	International	1
36	193	Narcotics	2
36	194	Control	1
36	195	Board	1
36	196	(INCB),	4
36	197	which	1
36	198	monitors	1
36	199	implementation	1
36	200	of	1
36	201	the	1
36	202	global	1
36	203	drug	1
36	204	treaties,	2
36	205	has	1
36	206	accused	1
36	207	Bolivia	1
36	208	of	1
36	209	threatening	1
36	210	the	1
36	211	integrity	1
36	212	of	1
36	213	the	1
36	214	international	1
36	215	drug	1
36	216	control	1
36	217	regime.	2
36	218	A	1
36	219	number	1
36	220	of	1
36	221	countries	1
36	222	–	1
36	223	including	1
36	224	the	1
36	225	UK,	2
36	226	the	1
36	227	US,	2
36	228	Italy,	2
36	229	Sweden,	2
36	230	the	1
36	231	Netherlands	1
36	232	and	1
36	233	Russia	1
36	234	–	1
36	235	opposed	1
36	236	Bolivia's	2
36	237	demands.	2
36	238	The	1
36	239	UK's	2
36	240	submission	1
36	241	to	1
36	242	the	1
36	243	UN,	2
36	244	which	1
36	245	oversees	1
36	246	the	1
36	247	convention,	2
36	248	told	1
36	249	the	1
36	250	UN	1
36	251	that	1
36	252	it	1
36	253	“acknowledges	6
36	254	and	1
36	255	respects	1
36	256	the	1
36	257	cultural	1
36	258	importance	1
36	259	of	1
36	260	the	1
36	261	coca	2
36	262	leaf	1
36	263	in	1
36	264	Bolivia,”	4
36	265	but	1
36	266	it	1
36	267	adds:	2
36	268	“The	3
36	269	United	1
36	270	Kingdom	1
36	271	is	1
36	272	…	1
36	273	concerned	1
36	274	that	1
36	275	the	1
36	276	reservation	1
36	277	could	1
36	278	lead	1
36	279	to	1
36	280	increases	1
36	281	in	1
36	282	coca	2
36	283	production	1
36	284	and	1
36	285	–	1
36	286	most	1
36	287	importantly	1
36	288	–	1
36	289	the	1
36	290	amount	1
36	291	of	1
36	292	coca	2
36	293	diverted	1
36	294	to	1
36	295	the	1
36	296	cocaine	1
36	297	trade.	2
36	298	As	1
36	299	such,	2
36	300	the	1
36	301	reservation	1
36	302	would	1
36	303	weaken	1
36	304	international	1
36	305	law	1
36	306	as	1
36	307	it	1
36	308	relates	1
36	309	to	1
36	310	the	1
36	311	global	1
36	312	effort	1
36	313	to	1
36	314	tackle	1
36	315	the	1
36	316	illegal	1
36	317	drugs	1
36	318	trade	1
36	319	and	1
36	320	could	1
36	321	weaken	1
36	322	the	1
36	323	international	1
36	324	community's	2
36	325	response	1
36	326	to	1
36	327	that	1
36	328	trade.”	4
36	329	The	1
36	330	right	1
36	331	of	1
36	332	indigenous	1
36	333	communities	1
36	334	in	1
36	335	South	1
36	336	America's	2
36	337	Andean	2
36	338	region	1
36	339	to	1
36	340	chew	1
36	341	coca	2
36	342	leaf	1
36	343	was	1
36	344	removed	1
36	345	in	1
36	346	1964	1
36	347	when	1
36	348	Bolivia	1
36	349	was	1
36	350	under	1
36	351	a	1
36	352	dictatorship	1
36	353	and	1
36	354	it	1
36	355	signed	1
36	356	up	1
36	357	to	1
36	358	the	1
36	359	convention.	2
36	360	But	1
36	361	Bolivia	1
36	362	was	1
36	363	given	1
36	364	25	1
36	365	years	1
36	366	to	1
36	367	implement	1
36	368	the	1
36	369	ban.	2
36	370	This	1
36	371	expired	1
36	372	in	1
36	373	1989	1
36	374	and	1
36	375	since	1
36	376	then	1
36	377	the	1
36	378	issue	1
36	379	has	1
36	380	been	1
36	381	under	1
36	382	dispute.	2
36	383	In	1
36	384	2011,	2
36	385	Bolivia	1
36	386	formally	1
36	387	notified	1
36	388	the	1
36	389	UN	1
36	390	of	1
36	391	its	1
36	392	withdrawal	1
36	393	from	1
36	394	the	1
36	395	convention.	2
36	396	On	1
36	397	Friday	1
36	398	it	1
36	399	reacceded	4
36	400	to	1
36	401	the	1
36	402	convention,	2
36	403	but	1
36	404	with	1
36	405	an	1
36	406	exemption	1
36	407	from	1
36	408	the	1
36	409	prohibition	1
36	410	on	1
36	411	the	1
36	412	chewing	1
36	413	of	1
36	414	coca	2
36	415	leaves.	2
36	416	The	1
36	417	move	1
36	418	is	1
36	419	the	1
36	420	first	1
36	421	of	1
36	422	its	1
36	423	kind	1
36	424	in	1
36	425	the	1
36	426	history	1
36	427	of	1
36	428	UN	1
36	429	drug-control	3
36	430	treaties	1
36	431	and	1
36	432	has	1
36	433	sparked	1
36	434	concerns	1
36	435	that	1
36	436	other	1
36	437	countries	1
36	438	may	1
36	439	apply	1
36	440	for	1
36	441	amendments.	2
36	442	Russia	1
36	443	has	1
36	444	argued	1
36	445	that	1
36	446	the	1
36	447	move	1
36	448	will	1
36	449	lead	1
36	450	to	1
36	451	“an	3
36	452	increase	1
36	453	in	1
36	454	illegal	1
36	455	circulation	1
36	456	of	1
36	457	cocaine”	3
36	458	and	1
36	459	warned	1
36	460	that	1
36	461	“it	3
36	462	also	1
36	463	sets	1
36	464	a	1
36	465	dangerous	1
36	466	precedent	1
36	467	that	1
36	468	could	1
36	469	be	1
36	470	used	1
36	471	by	1
36	472	other	1
36	473	states	1
36	474	in	1
36	475	creating	1
36	476	a	1
36	477	more	1
36	478	liberal	1
36	479	drug-control	3
36	480	regime.”	4
36	481	The	1
36	482	British	1
36	483	parliament	1
36	484	has	1
36	485	recommended	1
36	486	that	1
36	487	Bolivia's	2
36	488	request	1
36	489	should	1
36	490	be	1
36	491	backed	1
36	492	by	1
36	493	the	1
36	494	UK	1
36	495	government,	2
36	496	arguing	1
36	497	that	1
36	498	it	1
36	499	was	1
36	500	important	1
36	501	that	1
36	502	countries	1
36	503	remained	1
36	504	within	1
36	505	the	1
36	506	single	1
36	507	convention.	2
36	508	Bolivia's	2
36	509	re-accession	4
36	510	could	1
36	511	be	1
36	512	blocked	1
36	513	only	1
36	514	if	1
36	515	a	1
36	516	third	1
36	517	or	1
36	518	more	1
36	519	of	1
36	520	the	1
36	521	184	1
36	522	countries	1
36	523	that	1
36	524	have	1
36	525	signed	1
36	526	up	1
36	527	to	1
36	528	the	1
36	529	convention	1
36	530	opposed	1
36	531	its	1
36	532	request.	2
36	533	There	1
36	534	are	1
36	535	suspicions	1
36	536	that	1
36	537	the	1
36	538	US	1
36	539	and	1
36	540	UK	1
36	541	are	1
36	542	frantically	1
36	543	lobbying	1
36	544	other	1
36	545	countries	1
36	546	to	1
36	547	gain	1
36	548	sufficient	1
36	549	numbers	1
36	550	to	1
36	551	block	1
36	552	Bolivia's	2
36	553	request.	2
36	554	Nancie	3
36	555	Prud'homme,	6
36	556	of	1
36	557	the	1
36	558	International	1
36	559	Center	1
36	560	on	1
36	561	Human	1
36	562	Rights	1
36	563	and	1
36	564	Drug	1
36	565	Policy,	2
36	566	criticized	1
36	567	the	1
36	568	co-ordinated	4
36	569	opposition	1
36	570	to	1
36	571	Bolivia's	2
36	572	demands.	2
36	573	“These	3
36	574	objections	1
36	575	are	1
36	576	legally	1
36	577	questionable,”	4
36	578	she	1
36	579	said.	2
36	580	“They	3
36	581	support	1
36	582	an	1
36	583	arbitrary	1
36	584	and	1
36	585	over-broad	3
36	586	provision	1
36	587	and	1
36	588	apply	1
36	589	international	1
36	590	drug	1
36	591	laws	1
36	592	in	1
36	593	a	1
36	594	vacuum.	2
36	595	This	1
36	596	is	1
36	597	not	1
36	598	appropriate.	2
36	599	There	1
36	600	are	1
36	601	established	1
36	602	international	1
36	603	norms	1
36	604	on	1
36	605	cultural	1
36	606	and	1
36	607	indigenous	1
36	608	rights,	2
36	609	so	1
36	610	we	1
36	611	should	1
36	612	support	1
36	613	Bolivia's	2
36	614	efforts.”	4
36	615	The	1
36	616	decision	1
36	617	to	1
36	618	ban	1
36	619	coca	2
36	620	chewing	1
36	621	was	1
36	622	based	1
36	623	on	1
36	624	a	1
36	625	1950	1
36	626	report	1
36	627	produced	1
36	628	by	1
36	629	the	1
36	630	UN	1
36	631	Commission	1
36	632	of	1
36	633	Inquiry	1
36	634	on	1
36	635	the	1
36	636	Coca	1
36	637	Leaf,	2
36	638	which	1
36	639	proponents	1
36	640	of	1
36	641	drug	1
36	642	liberalization	2
36	643	say	1
36	644	was	1
36	645	not	1
36	646	based	1
36	647	on	1
36	648	supporting	1
36	649	evidence.	2
36	650	In	1
36	651	an	1
36	652	interview	1
36	653	in	1
36	654	1949,	2
36	655	the	1
36	656	head	1
36	657	of	1
36	658	the	1
36	659	Commission,	2
36	660	Howard	1
36	661	B	1
36	662	Fonda,	3
36	663	signaled	1
36	664	his	1
36	665	opposition	1
36	666	to	1
36	667	the	1
36	668	chewing	1
36	669	of	1
36	670	coca	2
36	671	leaves	1
36	672	before	1
36	673	his	1
36	674	inquiry	1
36	675	had	1
36	676	begun.	2
36	677	Fonda	2
36	678	told	1
36	679	an	1
36	680	interviewer:	2
36	681	“We	3
36	682	believe	1
36	683	that	1
36	684	the	1
36	685	daily,	2
36	686	inveterate	4
36	687	use	1
36	688	of	1
36	689	coca	2
36	690	leaves	1
36	691	by	1
36	692	chewing	1
36	693	…	1
36	694	is	1
36	695	thoroughly	1
36	696	noxious	2
36	697	and	1
36	698	therefore	1
36	699	detrimental.”	4
36	700	The	1
36	701	growing	1
36	702	of	1
36	703	coca	2
36	704	leaves	1
36	705	is	1
36	706	legal	1
36	707	and	1
36	708	licensed	1
36	709	in	1
36	710	Bolivia.	2
36	711	The	1
36	712	policy	1
36	713	has	1
36	714	been	1
36	715	credited	1
36	716	with	1
36	717	a	1
36	718	fall	1
36	719	in	1
36	720	cocaine	1
36	721	production	1
36	722	in	1
36	723	the	1
36	724	country,	2
36	725	leading	1
36	726	some	1
36	727	experts	1
36	728	to	1
36	729	see	1
36	730	the	1
36	731	Bolivian	3
36	732	model	1
36	733	as	1
36	734	a	1
36	735	way	1
36	736	forward	1
36	737	for	1
36	738	other	1
36	739	countries.	2
37	0	A	1
37	1	big	1
37	2	international	1
37	3	disagreement	1
37	4	has	1
37	5	started	1
37	6	over	1
37	7	the	1
37	8	right	1
37	9	of	1
37	10	Bolivia's	2
37	11	indigenous	1
37	12	Indian	1
37	13	tribes	1
37	14	to	1
37	15	chew	1
37	16	coca	2
37	17	leaves,	2
37	18	the	1
37	19	main	1
37	20	ingredient	1
37	21	in	1
37	22	cocaine.	2
37	23	This	1
37	24	could	1
37	25	have	1
37	26	a	1
37	27	significant	1
37	28	effect	1
37	29	on	1
37	30	global	1
37	31	drugs	1
37	32	policy.	2
37	33	Bolivia	1
37	34	has	1
37	35	received	1
37	36	a	1
37	37	special	1
37	38	exemption	1
37	39	from	1
37	40	the	1
37	41	1961	1
37	42	Convention	1
37	43	on	1
37	44	Drugs,	2
37	45	the	1
37	46	agreement	1
37	47	that	1
37	48	controls	1
37	49	international	1
37	50	drugs	1
37	51	policy.	2
37	52	The	1
37	53	exemption	1
37	54	allows	1
37	55	Bolivia's	2
37	56	indigenous	1
37	57	people	1
37	58	to	1
37	59	chew	1
37	60	the	1
37	61	leaves.	2
37	62	Bolivia	1
37	63	said	1
37	64	that	1
37	65	the	1
37	66	convention	1
37	67	was	1
37	68	against	1
37	69	its	1
37	70	new	1
37	71	constitution,	2
37	72	adopted	1
37	73	in	1
37	74	2009,	2
37	75	which	1
37	76	says	1
37	77	it	1
37	78	must	1
37	79	“protect	3
37	80	native	1
37	81	and	1
37	82	ancestral	1
37	83	coca”	4
37	84	as	1
37	85	part	1
37	86	of	1
37	87	its	1
37	88	cultural	1
37	89	heritage	1
37	90	and	1
37	91	says	1
37	92	that	1
37	93	coca	2
37	94	“in	3
37	95	its	1
37	96	natural	1
37	97	state	1
37	98	...	1
37	99	is	1
37	100	not	1
37	101	a	1
37	102	dangerous	1
37	103	drug.”	4
37	104	South	1
37	105	American	1
37	106	Indians	1
37	107	have	1
37	108	chewed	2
37	109	coca	2
37	110	leaves	1
37	111	for	1
37	112	hundreds	1
37	113	of	1
37	114	years.	2
37	115	The	1
37	116	leaves	1
37	117	give	1
37	118	energy	1
37	119	and	1
37	120	have	1
37	121	medicinal	1
37	122	qualities.	2
37	123	People	1
37	124	who	1
37	125	support	1
37	126	Bolivia's	2
37	127	position	1
37	128	said	1
37	129	that	1
37	130	defending	1
37	131	the	1
37	132	rights	1
37	133	of	1
37	134	indigenous	1
37	135	people	1
37	136	was	1
37	137	the	1
37	138	right	1
37	139	thing	1
37	140	to	1
37	141	do.	2
37	142	“The	3
37	143	Bolivian	3
37	144	move	1
37	145	is	1
37	146	very	1
37	147	important,”	4
37	148	said	1
37	149	Danny	1
37	150	Kushlick,	4
37	151	of	1
37	152	the	1
37	153	Transform	1
37	154	Drug	1
37	155	Policy	1
37	156	Foundation.	2
37	157	“It	3
37	158	shows	1
37	159	that	1
37	160	any	1
37	161	country	1
37	162	that	1
37	163	doesn't	2
37	164	want	1
37	165	to	1
37	166	continue	1
37	167	the	1
37	168	war	1
37	169	on	1
37	170	drugs	1
37	171	can	1
37	172	change	1
37	173	its	1
37	174	relations	1
37	175	with	1
37	176	the	1
37	177	UN	1
37	178	conventions.”	4
37	179	But	1
37	180	the	1
37	181	UN's	2
37	182	International	1
37	183	Narcotics	2
37	184	Control	1
37	185	Board	1
37	186	(INCB),	4
37	187	which	1
37	188	checks	1
37	189	global	1
37	190	drug	1
37	191	agreements,	2
37	192	says	1
37	193	Bolivia	1
37	194	may	1
37	195	harm	1
37	196	international	1
37	197	drug	1
37	198	controls.	2
37	199	Many	1
37	200	countries	1
37	201	–	1
37	202	including	1
37	203	the	1
37	204	UK,	2
37	205	the	1
37	206	US,	2
37	207	Italy,	2
37	208	Sweden,	2
37	209	the	1
37	210	Netherlands	1
37	211	and	1
37	212	Russia	1
37	213	–	1
37	214	do	1
37	215	not	1
37	216	want	1
37	217	to	1
37	218	give	1
37	219	Bolivia	1
37	220	what	1
37	221	it	1
37	222	is	1
37	223	asking	1
37	224	for.	2
37	225	The	1
37	226	UK	1
37	227	told	1
37	228	the	1
37	229	UN	1
37	230	that	1
37	231	it	1
37	232	“respects	4
37	233	the	1
37	234	cultural	1
37	235	importance	1
37	236	of	1
37	237	the	1
37	238	coca	2
37	239	leaf	1
37	240	in	1
37	241	Bolivia,”	4
37	242	but	1
37	243	it	1
37	244	adds:	2
37	245	“The	3
37	246	United	1
37	247	Kingdom	1
37	248	is	1
37	249	worried	1
37	250	that	1
37	251	the	1
37	252	exemption	1
37	253	could	1
37	254	lead	1
37	255	to	1
37	256	more	1
37	257	coca	2
37	258	production	1
37	259	and	1
37	260	–	1
37	261	most	1
37	262	importantly	1
37	263	–	1
37	264	more	1
37	265	coca	2
37	266	reaching	1
37	267	the	1
37	268	cocaine	1
37	269	trade.	2
37	270	The	1
37	271	exemption	1
37	272	would	1
37	273	make	1
37	274	it	1
37	275	more	1
37	276	difficult	1
37	277	to	1
37	278	control	1
37	279	the	1
37	280	illegal	1
37	281	drugs	1
37	282	trade.”	4
37	283	The	1
37	284	right	1
37	285	of	1
37	286	indigenous	1
37	287	people	1
37	288	in	1
37	289	South	1
37	290	America's	2
37	291	Andean	2
37	292	region	1
37	293	to	1
37	294	chew	1
37	295	coca	2
37	296	leaf	1
37	297	was	1
37	298	removed	1
37	299	in	1
37	300	1964	1
37	301	when	1
37	302	Bolivia	1
37	303	was	1
37	304	under	1
37	305	a	1
37	306	dictatorship	1
37	307	and	1
37	308	it	1
37	309	signed	1
37	310	the	1
37	311	convention.	2
37	312	In	1
37	313	2011,	2
37	314	Bolivia	1
37	315	told	1
37	316	the	1
37	317	UN	1
37	318	that	1
37	319	it	1
37	320	did	1
37	321	not	1
37	322	want	1
37	323	to	1
37	324	be	1
37	325	part	1
37	326	of	1
37	327	the	1
37	328	convention	1
37	329	any	1
37	330	more.	2
37	331	It	1
37	332	is	1
37	333	now	1
37	334	part	1
37	335	of	1
37	336	the	1
37	337	convention	1
37	338	again,	2
37	339	but	1
37	340	with	1
37	341	an	1
37	342	exemption	1
37	343	so	1
37	344	that	1
37	345	its	1
37	346	indigenous	1
37	347	people	1
37	348	can	1
37	349	continue	1
37	350	chewing	1
37	351	coca	2
37	352	leaves.	2
37	353	The	1
37	354	exemption	1
37	355	is	1
37	356	the	1
37	357	first	1
37	358	in	1
37	359	the	1
37	360	history	1
37	361	of	1
37	362	UN	1
37	363	drug-control	3
37	364	agreements.	2
37	365	It	1
37	366	has	1
37	367	led	1
37	368	to	1
37	369	worries	1
37	370	that	1
37	371	other	1
37	372	countries	1
37	373	may	1
37	374	also	1
37	375	ask	1
37	376	for	1
37	377	exemptions.	2
37	378	Russia	1
37	379	says	1
37	380	that	1
37	381	the	1
37	382	exemption	1
37	383	will	1
37	384	lead	1
37	385	to	1
37	386	more	1
37	387	illegal	1
37	388	cocaine	1
37	389	and	1
37	390	warns	1
37	391	that	1
37	392	“it	3
37	393	also	1
37	394	sets	1
37	395	a	1
37	396	dangerous	1
37	397	example	1
37	398	that	1
37	399	could	1
37	400	be	1
37	401	used	1
37	402	by	1
37	403	other	1
37	404	states	1
37	405	in	1
37	406	creating	1
37	407	a	1
37	408	more	1
37	409	liberal	1
37	410	drug-control	3
37	411	regime.”	4
37	412	The	1
37	413	British	1
37	414	parliament	1
37	415	has	1
37	416	recommended	1
37	417	that	1
37	418	the	1
37	419	UK	1
37	420	government	1
37	421	should	1
37	422	support	1
37	423	Bolivia's	2
37	424	request.	2
37	425	It	1
37	426	says	1
37	427	that	1
37	428	it	1
37	429	is	1
37	430	important	1
37	431	that	1
37	432	countries	1
37	433	stay	1
37	434	in	1
37	435	the	1
37	436	convention.	2
37	437	Bolivia's	2
37	438	return	1
37	439	could	1
37	440	be	1
37	441	blocked	1
37	442	only	1
37	443	if	1
37	444	a	1
37	445	third	1
37	446	or	1
37	447	more	1
37	448	of	1
37	449	the	1
37	450	184	1
37	451	countries	1
37	452	that	1
37	453	have	1
37	454	signed	1
37	455	the	1
37	456	convention	1
37	457	opposed	1
37	458	the	1
37	459	exemption.	2
37	460	Some	1
37	461	people	1
37	462	believe	1
37	463	that	1
37	464	the	1
37	465	US	1
37	466	and	1
37	467	UK	1
37	468	are	1
37	469	telling	1
37	470	other	1
37	471	countries	1
37	472	that	1
37	473	they	1
37	474	should	1
37	475	block	1
37	476	Bolivia's	2
37	477	request.	2
37	478	Nancie	3
37	479	Prud'homme,	6
37	480	of	1
37	481	the	1
37	482	International	1
37	483	Center	1
37	484	on	1
37	485	Human	1
37	486	Rights	1
37	487	and	1
37	488	Drug	1
37	489	Policy,	2
37	490	said	1
37	491	people	1
37	492	are	1
37	493	wrong	1
37	494	to	1
37	495	oppose	1
37	496	Bolivia's	2
37	497	request.	2
37	498	“These	3
37	499	objections	1
37	500	are	1
37	501	not	1
37	502	completely	1
37	503	legal,”	4
37	504	she	1
37	505	said.	2
37	506	She	1
37	507	added	1
37	508	that,	2
37	509	all	1
37	510	over	1
37	511	the	1
37	512	world,	2
37	513	it	1
37	514	has	1
37	515	become	1
37	516	the	1
37	517	norm	1
37	518	to	1
37	519	support	1
37	520	cultural	1
37	521	and	1
37	522	indigenous	1
37	523	rights,	2
37	524	so	1
37	525	we	1
37	526	should	1
37	527	support	1
37	528	Bolivia's	2
37	529	efforts.	2
37	530	The	1
37	531	decision	1
37	532	to	1
37	533	ban	1
37	534	coca	2
37	535	chewing	1
37	536	was	1
37	537	based	1
37	538	on	1
37	539	a	1
37	540	1950	1
37	541	report	1
37	542	by	1
37	543	the	1
37	544	UN.	2
37	545	Supporters	1
37	546	of	1
37	547	drug	1
37	548	liberalization	2
37	549	say	1
37	550	the	1
37	551	report	1
37	552	was	1
37	553	not	1
37	554	based	1
37	555	on	1
37	556	any	1
37	557	evidence.	2
37	558	It	1
37	559	is	1
37	560	legal	1
37	561	to	1
37	562	grow	1
37	563	coca	2
37	564	leaves	1
37	565	in	1
37	566	Bolivia.	2
37	567	As	1
37	568	a	1
37	569	result,	2
37	570	cocaine	1
37	571	production	1
37	572	has	1
37	573	decreased	1
37	574	in	1
37	575	the	1
37	576	country	1
37	577	and	1
37	578	some	1
37	579	experts	1
37	580	see	1
37	581	Bolivia	1
37	582	as	1
37	583	a	1
37	584	model	1
37	585	for	1
37	586	other	1
37	587	countries.	2
38	0	Crunchy,	3
38	1	full	1
38	2	of	1
38	3	protein	1
38	4	and	1
38	5	to	1
38	6	be	1
38	7	found	1
38	8	under	1
38	9	a	1
38	10	rock	1
38	11	near	1
38	12	you.	2
38	13	Insects	2
38	14	have	1
38	15	long	1
38	16	been	1
38	17	overlooked	1
38	18	as	1
38	19	food	1
38	20	in	1
38	21	all	1
38	22	but	1
38	23	a	1
38	24	handful	1
38	25	of	1
38	26	places	1
38	27	around	1
38	28	the	1
38	29	world	1
38	30	–	1
38	31	but	1
38	32	now	1
38	33	they	1
38	34	are	1
38	35	crawling	1
38	36	closer	1
38	37	and	1
38	38	closer	1
38	39	to	1
38	40	our	1
38	41	plates.	2
38	42	Spring	1
38	43	2013	1
38	44	will	1
38	45	see	1
38	46	a	1
38	47	drive	1
38	48	towards	1
38	49	removing	1
38	50	the	1
38	51	yuck	2
38	52	factor	1
38	53	and	1
38	54	putting	1
38	55	insects	1
38	56	not	1
38	57	just	1
38	58	on	1
38	59	experimental	1
38	60	gastronomic	3
38	61	menus	1
38	62	but	1
38	63	also	1
38	64	on	1
38	65	supermarket	1
38	66	shelves.	2
38	67	In	1
38	68	April,	2
38	69	there	1
38	70	will	1
38	71	be	1
38	72	a	1
38	73	festival	1
38	74	in	1
38	75	London,	2
38	76	Pestival	2
38	77	2013	1
38	78	–	1
38	79	a	1
38	80	Wellcome	2
38	81	Trust-backed	3
38	82	insect	1
38	83	appreciation	1
38	84	event	1
38	85	where	1
38	86	the	1
38	87	consumption	1
38	88	of	1
38	89	creepy-crawlies	5
38	90	comes	1
38	91	high	1
38	92	on	1
38	93	the	1
38	94	agenda.	2
38	95	It	1
38	96	will	1
38	97	feature	1
38	98	a	1
38	99	two-day	3
38	100	“pop-up”	7
38	101	restaurant	1
38	102	by	1
38	103	the	1
38	104	Nordic	1
38	105	Food	1
38	106	Lab,	2
38	107	the	1
38	108	Scandinavian	1
38	109	team	1
38	110	behind	1
38	111	the	1
38	112	Danish	1
38	113	restaurant	1
38	114	Noma,	3
38	115	which	1
38	116	brought	1
38	117	ants	1
38	118	to	1
38	119	the	1
38	120	table	1
38	121	for	1
38	122	a	1
38	123	sellout	2
38	124	ten-day	3
38	125	run	1
38	126	at	1
38	127	Claridge's	3
38	128	hotel	1
38	129	in	1
38	130	London	1
38	131	in	1
38	132	2012.	2
38	133	In	1
38	134	March,	2
38	135	a	1
38	136	BBC	1
38	137	documentary	1
38	138	will	1
38	139	feature	1
38	140	food	1
38	141	writer	1
38	142	Stefan	1
38	143	Gates	1
38	144	searching	1
38	145	out	1
38	146	and	1
38	147	eating	1
38	148	deep-	2
38	149	fried	1
38	150	locusts	3
38	151	and	1
38	152	barbecued	3
38	153	tarantulas.	4
38	154	But,	2
38	155	behind	1
38	156	all	1
38	157	the	1
38	158	gimmicks	2
38	159	and	1
38	160	jokes	1
38	161	about	1
38	162	flies	1
38	163	in	1
38	164	the	1
38	165	soup,	2
38	166	there	1
38	167	is	1
38	168	a	1
38	169	deeply	1
38	170	serious	1
38	171	message.	2
38	172	Many	1
38	173	experts	1
38	174	believe	1
38	175	there	1
38	176	is	1
38	177	a	1
38	178	clear	1
38	179	environmental	1
38	180	benefit	1
38	181	to	1
38	182	humans	1
38	183	eating	1
38	184	creepy-crawlies.	6
38	185	The	1
38	186	UN's	2
38	187	Food	1
38	188	and	1
38	189	Agriculture	1
38	190	Organization	1
38	191	(FAO)	4
38	192	has	1
38	193	been	1
38	194	funding	1
38	195	projects	1
38	196	since	1
38	197	2011	1
38	198	aimed	1
38	199	at	1
38	200	promoting	1
38	201	the	1
38	202	eating	1
38	203	and	1
38	204	farming	1
38	205	of	1
38	206	insects	1
38	207	in	1
38	208	south-east	3
38	209	Asia	1
38	210	and	1
38	211	Africa,	2
38	212	where	1
38	213	an	1
38	214	estimated	1
38	215	two	1
38	216	billion	1
38	217	people	1
38	218	already	1
38	219	eat	1
38	220	insects	1
38	221	and	1
38	222	caterpillar	2
38	223	larvae	1
38	224	as	1
38	225	a	1
38	226	regular	1
38	227	part	1
38	228	of	1
38	229	their	1
38	230	diet.	2
38	231	In	1
38	232	2012,	2
38	233	the	1
38	234	FAO	2
38	235	published	1
38	236	a	1
38	237	list	1
38	238	of	1
38	239	1,909	3
38	240	edible	1
38	241	species	1
38	242	of	1
38	243	insect	1
38	244	and,	2
38	245	with	1
38	246	sponsorship	1
38	247	from	1
38	248	the	1
38	249	Dutch	1
38	250	government,	2
38	251	plans	1
38	252	a	1
38	253	major	1
38	254	international	1
38	255	conference	1
38	256	on	1
38	257	“this	3
38	258	valuable	1
38	259	food	1
38	260	source”	3
38	261	in	1
38	262	2013.	2
38	263	Over	1
38	264	the	1
38	265	next	1
38	266	30	1
38	267	years,	2
38	268	the	1
38	269	planet's	2
38	270	human	1
38	271	population	1
38	272	will	1
38	273	increase	1
38	274	to	1
38	275	nine	1
38	276	billion.	2
38	277	Already	1
38	278	one	1
38	279	billion	1
38	280	people	1
38	281	do	1
38	282	not	1
38	283	get	1
38	284	enough	1
38	285	food.	2
38	286	The	1
38	287	increase	1
38	288	will	1
38	289	mean	1
38	290	more	1
38	291	pressure	1
38	292	on	1
38	293	agricultural	1
38	294	land,	2
38	295	water,	2
38	296	forests,	2
38	297	fisheries	1
38	298	and	1
38	299	biodiversity	1
38	300	resources,	2
38	301	as	1
38	302	well	1
38	303	as	1
38	304	nutrients	1
38	305	and	1
38	306	energy	1
38	307	supplies.	2
38	308	The	1
38	309	cost	1
38	310	of	1
38	311	meat	1
38	312	is	1
38	313	rising,	2
38	314	not	1
38	315	just	1
38	316	in	1
38	317	terms	1
38	318	of	1
38	319	hard	1
38	320	cash	1
38	321	but	1
38	322	also	1
38	323	in	1
38	324	terms	1
38	325	of	1
38	326	the	1
38	327	amount	1
38	328	of	1
38	329	rainforest	2
38	330	that	1
38	331	is	1
38	332	destroyed	1
38	333	for	1
38	334	grazing	1
38	335	or	1
38	336	to	1
38	337	grow	1
38	338	feedstuff	2
38	339	for	1
38	340	cattle.	2
38	341	There	1
38	342	is	1
38	343	also	1
38	344	the	1
38	345	issue	1
38	346	of	1
38	347	methane	1
38	348	excreted	3
38	349	by	1
38	350	cows.	2
38	351	The	1
38	352	livestock	1
38	353	farming	1
38	354	contribution,	2
38	355	in	1
38	356	terms	1
38	357	of	1
38	358	greenhouse	1
38	359	gas	1
38	360	emissions,	2
38	361	is	1
38	362	enormous	1
38	363	–	1
38	364	35%	2
38	365	of	1
38	366	the	1
38	367	planet's	2
38	368	methane,	2
38	369	65%	2
38	370	of	1
38	371	its	1
38	372	nitrous	2
38	373	oxide	1
38	374	and	1
38	375	9%	2
38	376	of	1
38	377	the	1
38	378	carbon	1
38	379	dioxide.	2
38	380	Edible	2
38	381	insects	1
38	382	emit	1
38	383	few	1
38	384	gases,	2
38	385	contain	1
38	386	high-quality	3
38	387	protein,	2
38	388	vitamins	1
38	389	and	1
38	390	amino	1
38	391	acids,	2
38	392	and	1
38	393	have	1
38	394	a	1
38	395	high	1
38	396	food-conversion	4
38	397	rate,	2
38	398	needing	1
38	399	a	1
38	400	quarter	1
38	401	of	1
38	402	the	1
38	403	food	1
38	404	intake	1
38	405	of	1
38	406	sheep,	2
38	407	and	1
38	408	half	1
38	409	of	1
38	410	pigs	1
38	411	and	1
38	412	chickens,	2
38	413	to	1
38	414	produce	1
38	415	the	1
38	416	same	1
38	417	amount	1
38	418	of	1
38	419	protein.	2
38	420	They	1
38	421	emit	1
38	422	fewer	1
38	423	greenhouse	1
38	424	gases	1
38	425	and	1
38	426	less	1
38	427	ammonia	1
38	428	than	1
38	429	cows	1
38	430	and	1
38	431	can	1
38	432	be	1
38	433	grown	1
38	434	on	1
38	435	organic	1
38	436	waste.	2
38	437	China	1
38	438	is	1
38	439	already	1
38	440	successfully	1
38	441	setting	1
38	442	up	1
38	443	huge	1
38	444	maggot	2
38	445	farms.	2
38	446	Zimbabwe	1
38	447	has	1
38	448	a	1
38	449	thriving	1
38	450	mapone	2
38	451	caterpillar	2
38	452	industry	1
38	453	and	1
38	454	Laos	1
38	455	was	1
38	456	given	1
38	457	nearly	1
38	458	$500,000	4
38	459	by	1
38	460	the	1
38	461	FAO	2
38	462	to	1
38	463	develop	1
38	464	an	1
38	465	insect-harvesting	5
38	466	project.	2
38	467	It's	2
38	468	already	1
38	469	big	1
38	470	business	1
38	471	in	1
38	472	the	1
38	473	UK,	2
38	474	though	1
38	475	not	1
38	476	always	1
38	477	official:	2
38	478	a	1
38	479	man	1
38	480	was	1
38	481	recently	1
38	482	detained	1
38	483	by	1
38	484	Gatwick	2
38	485	customs	1
38	486	as	1
38	487	he	1
38	488	stepped	1
38	489	off	1
38	490	a	1
38	491	flight	1
38	492	from	1
38	493	Burkina	2
38	494	Faso	2
38	495	with	1
38	496	94	1
38	497	kilos	2
38	498	of	1
38	499	mapone,	3
38	500	worth	1
38	501	nearly	1
38	502	£40,000,	5
38	503	in	1
38	504	his	1
38	505	luggage.	2
38	506	A	1
38	507	study	1
38	508	by	1
38	509	FoodServiceWarehouse.com	6
38	510	suggested	1
38	511	that	1
38	512	swapping	1
38	513	pork	1
38	514	and	1
38	515	beef	1
38	516	for	1
38	517	crickets	2
38	518	and	1
38	519	locusts	3
38	520	could	1
38	521	help	1
38	522	to	1
38	523	reduce	1
38	524	greenhouse	1
38	525	gas	1
38	526	emissions	1
38	527	by	1
38	528	as	1
38	529	much	1
38	530	as	1
38	531	95%.	2
39	0	In	1
39	1	the	1
39	2	West,	2
39	3	people	1
39	4	do	1
39	5	not	1
39	6	usually	1
39	7	eat	1
39	8	insects.	2
39	9	But	1
39	10	in	1
39	11	some	1
39	12	parts	1
39	13	of	1
39	14	the	1
39	15	world,	2
39	16	insects	1
39	17	are	1
39	18	an	1
39	19	important	1
39	20	food	1
39	21	and	1
39	22	in	1
39	23	spring	1
39	24	2013	1
39	25	there	1
39	26	will	1
39	27	be	1
39	28	an	1
39	29	effort	1
39	30	to	1
39	31	show	1
39	32	people	1
39	33	that	1
39	34	eating	1
39	35	insects	1
39	36	is	1
39	37	not	1
39	38	disgusting.	2
39	39	And	1
39	40	we	1
39	41	may	1
39	42	soon	1
39	43	be	1
39	44	able	1
39	45	to	1
39	46	buy	1
39	47	insects	1
39	48	in	1
39	49	supermarkets.	2
39	50	In	1
39	51	April,	2
39	52	there	1
39	53	will	1
39	54	be	1
39	55	a	1
39	56	festival	1
39	57	in	1
39	58	London,	2
39	59	Pestival	2
39	60	2013,	2
39	61	where	1
39	62	there	1
39	63	will	1
39	64	be	1
39	65	a	1
39	66	discussion	1
39	67	about	1
39	68	the	1
39	69	question	1
39	70	of	1
39	71	eating	1
39	72	insects.	2
39	73	The	1
39	74	festival	1
39	75	will	1
39	76	include	1
39	77	a	1
39	78	restaurant	1
39	79	by	1
39	80	the	1
39	81	Nordic	1
39	82	Food	1
39	83	Lab,	2
39	84	the	1
39	85	Scandinavian	1
39	86	team	1
39	87	behind	1
39	88	the	1
39	89	Danish	1
39	90	restaurant	1
39	91	Noma,	3
39	92	which	1
39	93	brought	1
39	94	extremely	1
39	95	popular	1
39	96	insect	1
39	97	dishes	1
39	98	to	1
39	99	Claridge's	3
39	100	hotel	1
39	101	in	1
39	102	London	1
39	103	in	1
39	104	2012.	2
39	105	In	1
39	106	March,	2
39	107	a	1
39	108	BBC	1
39	109	documentary	1
39	110	will	1
39	111	show	1
39	112	a	1
39	113	food	1
39	114	writer	1
39	115	eating	1
39	116	deep-fried	3
39	117	locusts	3
39	118	and	1
39	119	barbecued	3
39	120	spiders.	2
39	121	But,	2
39	122	behind	1
39	123	all	1
39	124	the	1
39	125	jokes	1
39	126	there	1
39	127	is	1
39	128	a	1
39	129	very	1
39	130	serious	1
39	131	message.	2
39	132	Many	1
39	133	experts	1
39	134	believe	1
39	135	that	1
39	136	if	1
39	137	humans	1
39	138	eat	1
39	139	insects,	2
39	140	it	1
39	141	will	1
39	142	be	1
39	143	very	1
39	144	good	1
39	145	for	1
39	146	the	1
39	147	environment.	2
39	148	The	1
39	149	UN's	2
39	150	Food	1
39	151	and	1
39	152	Agriculture	1
39	153	Organization	1
39	154	(FAO)	4
39	155	gives	1
39	156	money	1
39	157	to	1
39	158	projects	1
39	159	that	1
39	160	show	1
39	161	people	1
39	162	they	1
39	163	can	1
39	164	eat	1
39	165	and	1
39	166	farm	1
39	167	insects	1
39	168	in	1
39	169	south-east	3
39	170	Asia	1
39	171	and	1
39	172	Africa.	2
39	173	In	1
39	174	these	1
39	175	places	1
39	176	about	1
39	177	two	1
39	178	billion	1
39	179	people	1
39	180	already	1
39	181	eat	1
39	182	insects	1
39	183	and	1
39	184	larvae	1
39	185	as	1
39	186	a	1
39	187	normal	1
39	188	part	1
39	189	of	1
39	190	their	1
39	191	diet.	2
39	192	In	1
39	193	2012,	2
39	194	the	1
39	195	FAO	2
39	196	published	1
39	197	a	1
39	198	list	1
39	199	of	1
39	200	1,909	3
39	201	edible	1
39	202	species	1
39	203	of	1
39	204	insect	1
39	205	and	1
39	206	plans	1
39	207	a	1
39	208	major	1
39	209	international	1
39	210	conference	1
39	211	on	1
39	212	“this	3
39	213	valuable	1
39	214	food	1
39	215	source”	3
39	216	in	1
39	217	2013.	2
39	218	In	1
39	219	the	1
39	220	next	1
39	221	30	1
39	222	years,	2
39	223	the	1
39	224	planet's	2
39	225	human	1
39	226	population	1
39	227	will	1
39	228	increase	1
39	229	to	1
39	230	nine	1
39	231	billion.	2
39	232	Already	1
39	233	one	1
39	234	billion	1
39	235	people	1
39	236	do	1
39	237	not	1
39	238	get	1
39	239	enough	1
39	240	food.	2
39	241	The	1
39	242	increase	1
39	243	will	1
39	244	put	1
39	245	more	1
39	246	pressure	1
39	247	on	1
39	248	agricultural	1
39	249	land,	2
39	250	water,	2
39	251	forests,	2
39	252	fisheries	1
39	253	and	1
39	254	resources,	2
39	255	and	1
39	256	also	1
39	257	food	1
39	258	and	1
39	259	energy	1
39	260	supplies.	2
39	261	The	1
39	262	cost	1
39	263	of	1
39	264	meat	1
39	265	is	1
39	266	increasing	1
39	267	–	1
39	268	it	1
39	269	costs	1
39	270	more	1
39	271	money	1
39	272	now,	2
39	273	but	1
39	274	also	1
39	275	people	1
39	276	have	1
39	277	to	1
39	278	destroy	1
39	279	a	1
39	280	lot	1
39	281	of	1
39	282	rainforest	2
39	283	to	1
39	284	make	1
39	285	fields	1
39	286	or	1
39	287	to	1
39	288	grow	1
39	289	food	1
39	290	for	1
39	291	cows.	2
39	292	Cows	2
39	293	also	1
39	294	make	1
39	295	methane.	2
39	296	The	1
39	297	farming	1
39	298	of	1
39	299	cows,	2
39	300	pigs	1
39	301	and	1
39	302	sheep	1
39	303	makes	1
39	304	very	1
39	305	large	1
39	306	amounts	1
39	307	of	1
39	308	greenhouse	1
39	309	gases	1
39	310	–	1
39	311	35%	2
39	312	of	1
39	313	the	1
39	314	planet's	2
39	315	methane,	2
39	316	65%	2
39	317	of	1
39	318	its	1
39	319	nitrous	2
39	320	oxide	1
39	321	and	1
39	322	9%	2
39	323	of	1
39	324	the	1
39	325	carbon	1
39	326	dioxide.	2
39	327	Edible	2
39	328	insects	1
39	329	make	1
39	330	few	1
39	331	gases,	2
39	332	contain	1
39	333	high-quality	3
39	334	protein,	2
39	335	vitamins	1
39	336	and	1
39	337	amino	1
39	338	acids,	2
39	339	and	1
39	340	are	1
39	341	good	1
39	342	at	1
39	343	converting	1
39	344	food	1
39	345	-	1
39	346	they	1
39	347	only	1
39	348	need	1
39	349	a	1
39	350	quarter	1
39	351	of	1
39	352	the	1
39	353	food	1
39	354	that	1
39	355	sheep	1
39	356	need	1
39	357	to	1
39	358	make	1
39	359	the	1
39	360	same	1
39	361	amount	1
39	362	of	1
39	363	protein.	2
39	364	You	1
39	365	can	1
39	366	grow	1
39	367	them	1
39	368	on	1
39	369	organic	1
39	370	waste.	2
39	371	China	1
39	372	is	1
39	373	already	1
39	374	building	1
39	375	huge	1
39	376	maggot	2
39	377	farms.	2
39	378	Zimbabwe	1
39	379	is	1
39	380	growing	1
39	381	caterpillars	3
39	382	and	1
39	383	Laos	1
39	384	is	1
39	385	developing	1
39	386	an	1
39	387	insect-harvesting	5
39	388	project.	2
39	389	One	1
39	390	study	1
39	391	says	1
39	392	that	1
39	393	eating	1
39	394	crickets	2
39	395	and	1
39	396	locusts,	4
39	397	and	1
39	398	not	1
39	399	eating	1
39	400	pork	1
39	401	and	1
39	402	beef,	2
39	403	could	1
39	404	help	1
39	405	to	1
39	406	reduce	1
39	407	greenhouse	1
39	408	gas	1
39	409	emissions	1
39	410	by	1
39	411	up	1
39	412	to	1
39	413	95%.	2
40	0	The	1
40	1	Moroccan	1
40	2	city	1
40	3	of	1
40	4	Ouarzazate	5
40	5	is	1
40	6	used	1
40	7	to	1
40	8	big	1
40	9	productions.	2
40	10	It	1
40	11	is	1
40	12	on	1
40	13	the	1
40	14	edge	1
40	15	of	1
40	16	the	1
40	17	Sahara	1
40	18	Desert	1
40	19	and	1
40	20	at	1
40	21	the	1
40	22	center	1
40	23	of	1
40	24	Morocco's	2
40	25	“Ouallywood”	7
40	26	film	1
40	27	industry.	2
40	28	Now,	2
40	29	the	1
40	30	trading	1
40	31	city	1
40	32	is	1
40	33	the	1
40	34	location	1
40	35	for	1
40	36	a	1
40	37	complex	1
40	38	of	1
40	39	four	1
40	40	linked	1
40	41	solar	1
40	42	mega-plants,	5
40	43	which,	2
40	44	alongside	1
40	45	hydro	1
40	46	and	1
40	47	wind,	2
40	48	will	1
40	49	help	1
40	50	provide	1
40	51	nearly	1
40	52	half	1
40	53	of	1
40	54	Morocco's	2
40	55	electricity	1
40	56	from	1
40	57	renewables	1
40	58	by	1
40	59	2020	1
40	60	with,	2
40	61	it	1
40	62	is	1
40	63	hoped,	2
40	64	some	1
40	65	spare	1
40	66	to	1
40	67	export	1
40	68	to	1
40	69	Europe.	2
40	70	The	1
40	71	project	1
40	72	is	1
40	73	a	1
40	74	key	1
40	75	plank	1
40	76	in	1
40	77	Morocco's	2
40	78	ambitions	1
40	79	to	1
40	80	use	1
40	81	its	1
40	82	deserts	1
40	83	to	1
40	84	become	1
40	85	a	1
40	86	global	1
40	87	solar	1
40	88	superpower.	2
40	89	When	1
40	90	the	1
40	91	full	1
40	92	complex	1
40	93	is	1
40	94	complete,	2
40	95	it	1
40	96	will	1
40	97	be	1
40	98	the	1
40	99	largest	1
40	100	concentrated	1
40	101	solar	1
40	102	power	1
40	103	plant	1
40	104	in	1
40	105	the	1
40	106	world	1
40	107	and	1
40	108	the	1
40	109	first	1
40	110	phase,	2
40	111	called	1
40	112	Noor	2
40	113	1,	2
40	114	will	1
40	115	go	1
40	116	live	1
40	117	in	1
40	118	November	1
40	119	2015.	2
40	120	The	1
40	121	mirror	1
40	122	technology	1
40	123	it	1
40	124	uses	1
40	125	is	1
40	126	less	1
40	127	widespread	1
40	128	and	1
40	129	more	1
40	130	expensive	1
40	131	than	1
40	132	the	1
40	133	photovoltaic	4
40	134	panels	1
40	135	that	1
40	136	are	1
40	137	now	1
40	138	familiar	1
40	139	on	1
40	140	roofs	1
40	141	the	1
40	142	world	1
40	143	over	1
40	144	but	1
40	145	it	1
40	146	will	1
40	147	have	1
40	148	the	1
40	149	advantage	1
40	150	of	1
40	151	being	1
40	152	able	1
40	153	to	1
40	154	continue	1
40	155	producing	1
40	156	power	1
40	157	even	1
40	158	after	1
40	159	the	1
40	160	sun	1
40	161	goes	1
40	162	down.	2
40	163	As	1
40	164	engineers	1
40	165	put	1
40	166	the	1
40	167	finishing	1
40	168	touches	1
40	169	to	1
40	170	Noor	2
40	171	1,	2
40	172	its	1
40	173	500,000	3
40	174	crescent-shaped	4
40	175	solar	1
40	176	mirrors	1
40	177	glitter	1
40	178	across	1
40	179	the	1
40	180	desert	1
40	181	skyline.	2
40	182	The	1
40	183	800	1
40	184	rows	1
40	185	follow	1
40	186	the	1
40	187	sun	1
40	188	as	1
40	189	it	1
40	190	tracks	1
40	191	across	1
40	192	the	1
40	193	heavens,	2
40	194	whirring	3
40	195	quietly	1
40	196	every	1
40	197	few	1
40	198	minutes	1
40	199	as	1
40	200	their	1
40	201	shadows	1
40	202	slip	1
40	203	further	1
40	204	east.	2
40	205	When	1
40	206	they	1
40	207	are	1
40	208	finished,	2
40	209	the	1
40	210	four	1
40	211	plants	1
40	212	at	1
40	213	Ouarzazate	5
40	214	will	1
40	215	occupy	1
40	216	a	1
40	217	space	1
40	218	as	1
40	219	big	1
40	220	as	1
40	221	Morocco's	2
40	222	capital	1
40	223	city,	2
40	224	Rabat,	3
40	225	and	1
40	226	generate	1
40	227	580	1
40	228	mega-watts	4
40	229	(MW)	3
40	230	of	1
40	231	electricity,	2
40	232	enough	1
40	233	to	1
40	234	power	1
40	235	a	1
40	236	million	1
40	237	homes.	2
40	238	The	1
40	239	potential	1
40	240	for	1
40	241	solar	1
40	242	power	1
40	243	from	1
40	244	the	1
40	245	desert	1
40	246	has	1
40	247	been	1
40	248	known	1
40	249	for	1
40	250	decades.	2
40	251	In	1
40	252	the	1
40	253	days	1
40	254	after	1
40	255	the	1
40	256	Chernobyl	2
40	257	nuclear	1
40	258	accident	1
40	259	in	1
40	260	1986,	2
40	261	the	1
40	262	German	1
40	263	particle	1
40	264	physicist	1
40	265	Gerhard	2
40	266	Knies	2
40	267	calculated	1
40	268	that	1
40	269	the	1
40	270	world's	2
40	271	deserts	1
40	272	receive	1
40	273	enough	1
40	274	energy	1
40	275	in	1
40	276	a	1
40	277	few	1
40	278	hours	1
40	279	to	1
40	280	provide	1
40	281	for	1
40	282	humanity's	2
40	283	power	1
40	284	needs	1
40	285	for	1
40	286	a	1
40	287	whole	1
40	288	year.	2
40	289	The	1
40	290	challenge,	2
40	291	though,	2
40	292	has	1
40	293	been	1
40	294	capturing	1
40	295	that	1
40	296	energy	1
40	297	and	1
40	298	transporting	1
40	299	it	1
40	300	to	1
40	301	the	1
40	302	population	1
40	303	centers	1
40	304	where	1
40	305	it	1
40	306	is	1
40	307	required.	2
40	308	Experts	1
40	309	expect	1
40	310	that	1
40	311	solar	1
40	312	energy	1
40	313	will	1
40	314	make	1
40	315	up	1
40	316	a	1
40	317	third	1
40	318	of	1
40	319	Morocco's	2
40	320	renewable	1
40	321	energy	1
40	322	supply	1
40	323	by	1
40	324	2020,	2
40	325	with	1
40	326	wind	1
40	327	and	1
40	328	hydro	1
40	329	taking	1
40	330	the	1
40	331	same	1
40	332	share	1
40	333	each.	2
40	334	“We	3
40	335	are	1
40	336	very	1
40	337	proud	1
40	338	of	1
40	339	this	1
40	340	project,”	4
40	341	Morocco's	2
40	342	environment	1
40	343	minister,	2
40	344	Hakima	2
40	345	el-Haite	4
40	346	said.	2
40	347	“I	3
40	348	think	1
40	349	it	1
40	350	is	1
40	351	the	1
40	352	most	1
40	353	important	1
40	354	solar	1
40	355	plant	1
40	356	in	1
40	357	the	1
40	358	world.”	4
40	359	Technicians	2
40	360	say	1
40	361	that	1
40	362	the	1
40	363	Noor	2
40	364	2	1
40	365	and	1
40	366	3	1
40	367	plants,	2
40	368	due	1
40	369	to	1
40	370	open	1
40	371	in	1
40	372	2017,	2
40	373	will	1
40	374	store	1
40	375	energy	1
40	376	for	1
40	377	up	1
40	378	to	1
40	379	eight	1
40	380	hours	1
40	381	–	1
40	382	opening	1
40	383	the	1
40	384	prospect	1
40	385	of	1
40	386	24/7	3
40	387	solar	1
40	388	energy	1
40	389	in	1
40	390	the	1
40	391	Sahara	1
40	392	and	1
40	393	the	1
40	394	surrounding	1
40	395	region.	2
40	396	But,	2
40	397	even	1
40	398	as	1
40	399	the	1
40	400	first	1
40	401	phase	1
40	402	of	1
40	403	the	1
40	404	project	1
40	405	nears	2
40	406	completion,	2
40	407	Morocco	1
40	408	is	1
40	409	eyeing	1
40	410	grander	2
40	411	international	1
40	412	ambitions.	2
40	413	“We	3
40	414	are	1
40	415	already	1
40	416	involved	1
40	417	in	1
40	418	high	1
40	419	tension	1
40	420	transportation	1
40	421	lines	1
40	422	to	1
40	423	cover	1
40	424	the	1
40	425	full	1
40	426	south	1
40	427	of	1
40	428	Morocco	1
40	429	and	1
40	430	Mauritania	2
40	431	as	1
40	432	a	1
40	433	first	1
40	434	step,”	4
40	435	says	1
40	436	Ahmed	1
40	437	Baroudi,	4
40	438	manager	1
40	439	of	1
40	440	the	1
40	441	national	1
40	442	renewable	1
40	443	energy	1
40	444	investment	1
40	445	company.	2
40	446	But	1
40	447	he	1
40	448	says	1
40	449	the	1
40	450	project's	2
40	451	ultimate	1
40	452	impact	1
40	453	will	1
40	454	go	1
40	455	far	1
40	456	wider	1
40	457	–	1
40	458	even	1
40	459	as	1
40	460	far	1
40	461	as	1
40	462	the	1
40	463	Middle	1
40	464	East.	2
40	465	Whether	1
40	466	that	1
40	467	ambition	1
40	468	is	1
40	469	achieved	1
40	470	remains	1
40	471	to	1
40	472	be	1
40	473	seen	1
40	474	but	1
40	475	exporting	1
40	476	solar	1
40	477	energy	1
40	478	could	1
40	479	have	1
40	480	stabilizing	2
40	481	effects	1
40	482	within	1
40	483	and	1
40	484	between	1
40	485	countries,	2
40	486	according	1
40	487	to	1
40	488	the	1
40	489	Moroccan	1
40	490	solar	1
40	491	energy	1
40	492	agency	1
40	493	(Masen).	4
40	494	Talks	1
40	495	are	1
40	496	ongoing	1
40	497	with	1
40	498	Tunisia	1
40	499	and	1
40	500	energy	1
40	501	exports	1
40	502	northwards	2
40	503	across	1
40	504	the	1
40	505	Mediterranean	1
40	506	remain	1
40	507	a	1
40	508	key	1
40	509	goal.	2
40	510	“We	3
40	511	believe	1
40	512	that	1
40	513	it's	2
40	514	possible	1
40	515	to	1
40	516	export	1
40	517	energy	1
40	518	to	1
40	519	Europe	1
40	520	but,	2
40	521	first,	2
40	522	we	1
40	523	would	1
40	524	have	1
40	525	to	1
40	526	build	1
40	527	the	1
40	528	interconnectors	3
40	529	which	1
40	530	don't	2
40	531	yet	1
40	532	exist,”	4
40	533	said	1
40	534	Maha	2
40	535	el-Kadiri,	6
40	536	a	1
40	537	Masen	2
40	538	spokeswoman.	2
40	539	“Specifically,	4
40	540	we	1
40	541	would	1
40	542	have	1
40	543	to	1
40	544	build	1
40	545	interconnections,	4
40	546	which	1
40	547	would	1
40	548	not	1
40	549	go	1
40	550	through	1
40	551	the	1
40	552	existing	1
40	553	one	1
40	554	in	1
40	555	Spain,	2
40	556	and,	2
40	557	then,	2
40	558	start	1
40	559	exporting.”	4
40	560	Spain	1
40	561	has	1
40	562	itself	1
40	563	prohibited	1
40	564	new	1
40	565	solar	1
40	566	projects	1
40	567	because	1
40	568	of	1
40	569	a	1
40	570	lack	1
40	571	of	1
40	572	interconnectors	3
40	573	to	1
40	574	transmit	1
40	575	the	1
40	576	energy	1
40	577	to	1
40	578	France.	2
40	579	In	1
40	580	the	1
40	581	meantime,	2
40	582	Morocco	1
40	583	is	1
40	584	focused	1
40	585	on	1
40	586	using	1
40	587	solar	1
40	588	to	1
40	589	meet	1
40	590	its	1
40	591	own	1
40	592	needs	1
40	593	for	1
40	594	resource	1
40	595	independence.	2
40	596	This	1
40	597	could,	2
40	598	one	1
40	599	day,	2
40	600	include	1
40	601	the	1
40	602	removal	1
40	603	of	1
40	604	salt	1
40	605	from	1
40	606	sea	1
40	607	water,	2
40	608	in	1
40	609	a	1
40	610	country	1
40	611	that	1
40	612	is	1
40	613	increasingly	1
40	614	being	1
40	615	hit	1
40	616	by	1
40	617	drought	1
40	618	as	1
40	619	the	1
40	620	climate	1
40	621	warms.	3
40	622	Officials	1
40	623	are	1
40	624	keenly	2
40	625	aware	1
40	626	of	1
40	627	the	1
40	628	running	1
40	629	they	1
40	630	are	1
40	631	making	1
40	632	in	1
40	633	what	1
40	634	is	1
40	635	the	1
40	636	most	1
40	637	advanced	1
40	638	renewable	1
40	639	energy	1
40	640	program	1
40	641	in	1
40	642	the	1
40	643	Middle	1
40	644	East	1
40	645	and	1
40	646	North	1
40	647	African	1
40	648	region.	2
40	649	“We	3
40	650	are	1
40	651	at	1
40	652	the	1
40	653	avant-garde	5
40	654	of	1
40	655	solar,”	4
40	656	el-Kadiri	5
40	657	says.	2
41	0	The	1
41	1	Moroccan	1
41	2	city	1
41	3	of	1
41	4	Ouarzazate	5
41	5	is	1
41	6	on	1
41	7	the	1
41	8	edge	1
41	9	of	1
41	10	the	1
41	11	Sahara	1
41	12	Desert.	2
41	13	It	1
41	14	is	1
41	15	now	1
41	16	the	1
41	17	center	1
41	18	for	1
41	19	four	1
41	20	linked	1
41	21	solar	1
41	22	mega-plants.	5
41	23	The	1
41	24	plants,	2
41	25	together	1
41	26	with	1
41	27	hydro	1
41	28	and	1
41	29	wind,	2
41	30	will	1
41	31	give	1
41	32	Morocco,	2
41	33	in	1
41	34	North	1
41	35	Africa,	2
41	36	nearly	1
41	37	half	1
41	38	of	1
41	39	its	1
41	40	electricity	1
41	41	from	1
41	42	renewable	1
41	43	energy	1
41	44	by	1
41	45	2020.	2
41	46	The	1
41	47	project	1
41	48	is	1
41	49	a	1
41	50	key	1
41	51	part	1
41	52	of	1
41	53	Morocco's	2
41	54	plans	1
41	55	to	1
41	56	use	1
41	57	its	1
41	58	deserts	1
41	59	to	1
41	60	become	1
41	61	a	1
41	62	global	1
41	63	solar	1
41	64	superpower.	2
41	65	When	1
41	66	the	1
41	67	full	1
41	68	complex	1
41	69	is	1
41	70	complete,	2
41	71	it	1
41	72	will	1
41	73	be	1
41	74	the	1
41	75	largest	1
41	76	concentrated	1
41	77	solar	1
41	78	power	1
41	79	plant	1
41	80	in	1
41	81	the	1
41	82	world.	2
41	83	The	1
41	84	first	1
41	85	phase,	2
41	86	called	1
41	87	Noor	2
41	88	1,	2
41	89	will	1
41	90	be	1
41	91	ready	1
41	92	in	1
41	93	November	1
41	94	2015.	2
41	95	The	1
41	96	mirror	1
41	97	technology	1
41	98	it	1
41	99	uses	1
41	100	is	1
41	101	more	1
41	102	expensive	1
41	103	than	1
41	104	the	1
41	105	solar	1
41	106	panels	1
41	107	that	1
41	108	we	1
41	109	can	1
41	110	see	1
41	111	on	1
41	112	roofs	1
41	113	all	1
41	114	over	1
41	115	the	1
41	116	world	1
41	117	but	1
41	118	it	1
41	119	will	1
41	120	be	1
41	121	able	1
41	122	to	1
41	123	produce	1
41	124	power	1
41	125	even	1
41	126	after	1
41	127	the	1
41	128	sun	1
41	129	goes	1
41	130	down.	2
41	131	At	1
41	132	Noor	2
41	133	1,	2
41	134	there	1
41	135	are	1
41	136	500,000	3
41	137	moon-shaped	3
41	138	solar	1
41	139	mirrors.	2
41	140	The	1
41	141	800	1
41	142	rows	1
41	143	of	1
41	144	mirrors	1
41	145	follow	1
41	146	the	1
41	147	sun	1
41	148	across	1
41	149	the	1
41	150	sky.	2
41	151	They	1
41	152	whir	2
41	153	quietly	1
41	154	every	1
41	155	few	1
41	156	minutes.	2
41	157	When	1
41	158	they	1
41	159	are	1
41	160	finished,	2
41	161	the	1
41	162	four	1
41	163	plants	1
41	164	at	1
41	165	Ouarzazate	5
41	166	will	1
41	167	be	1
41	168	as	1
41	169	big	1
41	170	as	1
41	171	Morocco's	2
41	172	capital	1
41	173	city,	2
41	174	Rabat,	3
41	175	and	1
41	176	make	1
41	177	580	1
41	178	mega-watts	4
41	179	of	1
41	180	electricity,	2
41	181	enough	1
41	182	for	1
41	183	a	1
41	184	million	1
41	185	homes.	2
41	186	People	1
41	187	have	1
41	188	known	1
41	189	for	1
41	190	many	1
41	191	years	1
41	192	that	1
41	193	the	1
41	194	desert	1
41	195	is	1
41	196	a	1
41	197	useful	1
41	198	place	1
41	199	to	1
41	200	produce	1
41	201	solar	1
41	202	energy.	2
41	203	In	1
41	204	1986,	2
41	205	the	1
41	206	German	1
41	207	scientist	1
41	208	Gerhard	2
41	209	Knies	2
41	210	said	1
41	211	that	1
41	212	the	1
41	213	world's	2
41	214	deserts	1
41	215	receive	1
41	216	enough	1
41	217	energy	1
41	218	in	1
41	219	a	1
41	220	few	1
41	221	hours	1
41	222	to	1
41	223	make	1
41	224	power	1
41	225	for	1
41	226	all	1
41	227	the	1
41	228	people	1
41	229	in	1
41	230	the	1
41	231	world	1
41	232	for	1
41	233	a	1
41	234	whole	1
41	235	year.	2
41	236	But	1
41	237	the	1
41	238	challenge	1
41	239	is	1
41	240	to	1
41	241	capture	1
41	242	that	1
41	243	energy	1
41	244	and	1
41	245	take	1
41	246	it	1
41	247	to	1
41	248	where	1
41	249	it	1
41	250	is	1
41	251	needed.	2
41	252	Experts	1
41	253	say	1
41	254	that	1
41	255	solar	1
41	256	energy	1
41	257	will	1
41	258	make	1
41	259	up	1
41	260	a	1
41	261	third	1
41	262	of	1
41	263	Morocco's	2
41	264	renewable	1
41	265	energy	1
41	266	supply	1
41	267	by	1
41	268	2020.	2
41	269	Wind	1
41	270	and	1
41	271	hydro	1
41	272	will	1
41	273	make	1
41	274	up	1
41	275	the	1
41	276	other	1
41	277	two-thirds.	4
41	278	“We	3
41	279	are	1
41	280	very	1
41	281	proud	1
41	282	of	1
41	283	this	1
41	284	project,”	4
41	285	Morocco's	2
41	286	environment	1
41	287	minister,	2
41	288	Hakima	2
41	289	el-Haite	4
41	290	said.	2
41	291	“I	3
41	292	think	1
41	293	it	1
41	294	is	1
41	295	the	1
41	296	most	1
41	297	important	1
41	298	solar	1
41	299	plant	1
41	300	in	1
41	301	the	1
41	302	world.”	4
41	303	The	1
41	304	Noor	2
41	305	2	1
41	306	and	1
41	307	3	1
41	308	plants,	2
41	309	which	1
41	310	are	1
41	311	planned	1
41	312	to	1
41	313	open	1
41	314	in	1
41	315	2017,	2
41	316	will	1
41	317	store	1
41	318	energy	1
41	319	for	1
41	320	up	1
41	321	to	1
41	322	eight	1
41	323	hours.	2
41	324	This	1
41	325	will	1
41	326	mean	1
41	327	that	1
41	328	there	1
41	329	could	1
41	330	be	1
41	331	solar	1
41	332	energy	1
41	333	available	1
41	334	24/7	3
41	335	in	1
41	336	the	1
41	337	Sahara	1
41	338	and	1
41	339	the	1
41	340	rest	1
41	341	of	1
41	342	the	1
41	343	region.	2
41	344	“We	3
41	345	are	1
41	346	already	1
41	347	involved	1
41	348	in	1
41	349	transportation	1
41	350	lines	1
41	351	to	1
41	352	take	1
41	353	energy	1
41	354	to	1
41	355	the	1
41	356	south	1
41	357	of	1
41	358	Morocco	1
41	359	and	1
41	360	Mauritania,”	5
41	361	says	1
41	362	Ahmed	1
41	363	Baroudi,	4
41	364	manager	1
41	365	of	1
41	366	the	1
41	367	national	1
41	368	renewable	1
41	369	energy	1
41	370	investment	1
41	371	company.	2
41	372	But	1
41	373	he	1
41	374	says	1
41	375	the	1
41	376	project	1
41	377	will	1
41	378	go	1
41	379	further	1
41	380	–	1
41	381	even	1
41	382	as	1
41	383	far	1
41	384	as	1
41	385	the	1
41	386	Middle	1
41	387	East.	2
41	388	Exporting	2
41	389	solar	1
41	390	energy	1
41	391	could	1
41	392	have	1
41	393	stabilizing	2
41	394	effects	1
41	395	within	1
41	396	and	1
41	397	between	1
41	398	countries,	2
41	399	according	1
41	400	to	1
41	401	the	1
41	402	Moroccan	1
41	403	solar	1
41	404	energy	1
41	405	agency	1
41	406	(Masen).	4
41	407	Morocco	1
41	408	is	1
41	409	making	1
41	410	plans	1
41	411	with	1
41	412	Tunisia	1
41	413	and	1
41	414	they	1
41	415	hope	1
41	416	to	1
41	417	export	1
41	418	energy	1
41	419	north	1
41	420	across	1
41	421	the	1
41	422	Mediterranean,	2
41	423	too.	2
41	424	“We	3
41	425	believe	1
41	426	that	1
41	427	it's	2
41	428	possible	1
41	429	to	1
41	430	export	1
41	431	energy	1
41	432	to	1
41	433	Europe	1
41	434	but,	2
41	435	first,	2
41	436	we	1
41	437	have	1
41	438	to	1
41	439	build	1
41	440	the	1
41	441	interconnectors,	4
41	442	which	1
41	443	don't	2
41	444	yet	1
41	445	exist,”	4
41	446	said	1
41	447	Maha	2
41	448	el-Kadiri,	6
41	449	a	1
41	450	Masen	2
41	451	spokeswoman.	2
41	452	Until	1
41	453	that	1
41	454	time,	2
41	455	the	1
41	456	solar	1
41	457	energy	1
41	458	will	1
41	459	be	1
41	460	used	1
41	461	in	1
41	462	Morocco.	2
41	463	They	1
41	464	might	1
41	465	one	1
41	466	day	1
41	467	use	1
41	468	solar	1
41	469	energy	1
41	470	to	1
41	471	remove	1
41	472	salt	1
41	473	from	1
41	474	sea	1
41	475	water.	2
41	476	Officials	1
41	477	are	1
41	478	aware	1
41	479	this	1
41	480	is	1
41	481	the	1
41	482	most	1
41	483	advanced	1
41	484	renewable	1
41	485	energy	1
41	486	program	1
41	487	in	1
41	488	the	1
41	489	Middle	1
41	490	East	1
41	491	and	1
41	492	North	1
41	493	Africa.	2
41	494	“We	3
41	495	are	1
41	496	at	1
41	497	the	1
41	498	forefront	1
41	499	of	1
41	500	solar,”	4
41	501	el-Kadiri	5
41	502	says.	2
42	0	Tigers	2
42	1	are	1
42	2	more	1
42	3	numerous	1
42	4	in	1
42	5	Nepal	1
42	6	than	1
42	7	at	1
42	8	any	1
42	9	time	1
42	10	since	1
42	11	the	1
42	12	1970s,	3
42	13	a	1
42	14	new	1
42	15	census	1
42	16	has	1
42	17	revealed,	2
42	18	giving	1
42	19	conservationists	2
42	20	hope	1
42	21	that	1
42	22	the	1
42	23	big	1
42	24	cats,	2
42	25	whose	1
42	26	numbers	1
42	27	have	1
42	28	been	1
42	29	dropping	1
42	30	across	1
42	31	south	1
42	32	Asia	1
42	33	for	1
42	34	100	1
42	35	years,	2
42	36	can	1
42	37	be	1
42	38	saved.	2
42	39	The	1
42	40	number	1
42	41	of	1
42	42	wild	1
42	43	royal	1
42	44	bengal	3
42	45	tigers	1
42	46	in	1
42	47	Nepal	1
42	48	has	1
42	49	increased	1
42	50	to	1
42	51	198	1
42	52	–	1
42	53	a	1
42	54	63.6%	4
42	55	rise	1
42	56	in	1
42	57	five	1
42	58	years	1
42	59	–	1
42	60	the	1
42	61	government	1
42	62	survey	1
42	63	showed.	2
42	64	“This	3
42	65	is	1
42	66	very	1
42	67	encouraging,”	4
42	68	said	1
42	69	Maheshwar	4
42	70	Dhakal,	4
42	71	an	1
42	72	ecologist	2
42	73	with	1
42	74	Nepal's	2
42	75	Department	1
42	76	of	1
42	77	National	1
42	78	Parks	1
42	79	and	1
42	80	Wildlife	1
42	81	Conservation.	2
42	82	The	1
42	83	census	1
42	84	is	1
42	85	based	1
42	86	on	1
42	87	the	1
42	88	examination	1
42	89	of	1
42	90	pictures	1
42	91	from	1
42	92	more	1
42	93	than	1
42	94	500	1
42	95	cameras	1
42	96	placed	1
42	97	in	1
42	98	five	1
42	99	protected	1
42	100	areas	1
42	101	and	1
42	102	three	1
42	103	wildlife	1
42	104	corridors.	2
42	105	More	1
42	106	than	1
42	107	250	1
42	108	conservationists	2
42	109	and	1
42	110	wildlife	1
42	111	experts	1
42	112	worked	1
42	113	on	1
42	114	the	1
42	115	survey,	2
42	116	which	1
42	117	cost	1
42	118	about	1
42	119	£250,000.	5
42	120	Increasing	1
42	121	prosperity	1
42	122	in	1
42	123	Asia	1
42	124	has	1
42	125	pushed	1
42	126	up	1
42	127	prices	1
42	128	for	1
42	129	tiger	1
42	130	skins	1
42	131	and	1
42	132	the	1
42	133	body	1
42	134	parts	1
42	135	used	1
42	136	in	1
42	137	traditional	1
42	138	Chinese	1
42	139	medicines.	2
42	140	International	1
42	141	gangs	1
42	142	pay	1
42	143	poor	1
42	144	local	1
42	145	Nepali	2
42	146	significant	1
42	147	sums	1
42	148	to	1
42	149	kill	1
42	150	the	1
42	151	cats.	2
42	152	The	1
42	153	skin	1
42	154	and	1
42	155	bones	1
42	156	are	1
42	157	handed	1
42	158	to	1
42	159	middlemen,	3
42	160	who	1
42	161	pass	1
42	162	easily	1
42	163	through	1
42	164	the	1
42	165	porous	1
42	166	border	1
42	167	to	1
42	168	India,	2
42	169	where	1
42	170	the	1
42	171	major	1
42	172	dealers	1
42	173	are	1
42	174	based.	2
42	175	One	1
42	176	major	1
42	177	problem	1
42	178	is	1
42	179	complicity	1
42	180	between	1
42	181	senior	1
42	182	officials	1
42	183	and	1
42	184	mafia	1
42	185	networks	1
42	186	involved	1
42	187	in	1
42	188	the	1
42	189	trade.	2
42	190	Conservation	1
42	191	experts	1
42	192	credit	1
42	193	the	1
42	194	increase	1
42	195	in	1
42	196	numbers	1
42	197	to	1
42	198	the	1
42	199	effective	1
42	200	policing	1
42	201	of	1
42	202	national	1
42	203	parks,	2
42	204	stronger	1
42	205	anti-poaching	4
42	206	drives	1
42	207	and	1
42	208	better	1
42	209	management	1
42	210	of	1
42	211	tiger	1
42	212	habitats	1
42	213	in	1
42	214	Nepal,	2
42	215	where	1
42	216	forests	1
42	217	cover	1
42	218	29%	2
42	219	of	1
42	220	the	1
42	221	land.	2
42	222	But	1
42	223	they	1
42	224	say	1
42	225	Nepal	1
42	226	needs	1
42	227	to	1
42	228	do	1
42	229	more	1
42	230	to	1
42	231	protect	1
42	232	the	1
42	233	habitat	1
42	234	and	1
42	235	animals	1
42	236	on	1
42	237	which	1
42	238	tigers	1
42	239	prey	1
42	240	so	1
42	241	the	1
42	242	big	1
42	243	cats	1
42	244	have	1
42	245	enough	1
42	246	space	1
42	247	to	1
42	248	roam	1
42	249	and	1
42	250	food	1
42	251	to	1
42	252	eat.	2
42	253	As	1
42	254	the	1
42	255	number	1
42	256	of	1
42	257	tigers	1
42	258	has	1
42	259	increased	1
42	260	over	1
42	261	the	1
42	262	years,	2
42	263	so	1
42	264	have	1
42	265	incidents	1
42	266	of	1
42	267	conflict	1
42	268	with	1
42	269	villagers.	2
42	270	Seven	1
42	271	people	1
42	272	were	1
42	273	killed	1
42	274	in	1
42	275	attacks	1
42	276	by	1
42	277	tigers	1
42	278	around	1
42	279	national	1
42	280	parks	1
42	281	in	1
42	282	2012	1
42	283	compared	1
42	284	to	1
42	285	four	1
42	286	in	1
42	287	2011,	2
42	288	park	1
42	289	officials	1
42	290	said.	2
42	291	Villagers	2
42	292	are	1
42	293	also	1
42	294	seeking	1
42	295	better	1
42	296	protection.”	4
42	297	The	1
42	298	government	1
42	299	is	1
42	300	making	1
42	301	conservation	1
42	302	plans	1
42	303	for	1
42	304	tigers.	2
42	305	But	1
42	306	it	1
42	307	should	1
42	308	also	1
42	309	come	1
42	310	up	1
42	311	with	1
42	312	plans	1
42	313	to	1
42	314	protect	1
42	315	people	1
42	316	from	1
42	317	tigers,”	4
42	318	Krishna	1
42	319	Bhurtel,	4
42	320	a	1
42	321	local	1
42	322	village	1
42	323	headman	2
42	324	in	1
42	325	Chitwan,	4
42	326	told	1
42	327	Nepali	2
42	328	newspaper	1
42	329	Nagarik.	4
42	330	Wildlife	1
42	331	authorities	1
42	332	captured	1
42	333	a	1
42	334	tiger	1
42	335	in	1
42	336	Chitwan	3
42	337	after	1
42	338	it	1
42	339	killed	1
42	340	two	1
42	341	people,	2
42	342	including	1
42	343	a	1
42	344	villager	2
42	345	who	1
42	346	was	1
42	347	pulled	1
42	348	from	1
42	349	his	1
42	350	bed	1
42	351	in	1
42	352	May.	2
42	353	Thousands	1
42	354	of	1
42	355	tigers	1
42	356	once	1
42	357	roamed	2
42	358	the	1
42	359	forests	1
42	360	in	1
42	361	Bangladesh,	2
42	362	India	1
42	363	and	1
42	364	Nepal.	2
42	365	But	1
42	366	their	1
42	367	numbers	1
42	368	have	1
42	369	dropped	1
42	370	to	1
42	371	about	1
42	372	3,000,	4
42	373	a	1
42	374	95%	2
42	375	drop	1
42	376	over	1
42	377	a	1
42	378	century.	2
42	379	Chitwan	3
42	380	National	1
42	381	Park	1
42	382	in	1
42	383	central	1
42	384	Nepal	1
42	385	has	1
42	386	the	1
42	387	highest	1
42	388	number	1
42	389	of	1
42	390	adult	1
42	391	tigers,	2
42	392	with	1
42	393	120,	2
42	394	followed	1
42	395	by	1
42	396	Bardiya	2
42	397	National	1
42	398	Park	1
42	399	(50)	3
42	400	and	1
42	401	Shukla	3
42	402	Phanta	2
42	403	Wildlife	1
42	404	Reserve	1
42	405	(17).	3
42	406	Dhakal	3
42	407	said	1
42	408	that	1
42	409	a	1
42	410	parallel	1
42	411	survey	1
42	412	was	1
42	413	conducted	1
42	414	in	1
42	415	India	1
42	416	and	1
42	417	the	1
42	418	results	1
42	419	from	1
42	420	both	1
42	421	countries	1
42	422	will	1
42	423	be	1
42	424	published	1
42	425	later	1
42	426	in	1
42	427	2013.	2
42	428	“It	3
42	429	will	1
42	430	take	1
42	431	a	1
42	432	few	1
42	433	more	1
42	434	months	1
42	435	for	1
42	436	India,	2
42	437	which	1
42	438	now	1
42	439	has	1
42	440	1,300	3
42	441	big	1
42	442	cats	1
42	443	in	1
42	444	several	1
42	445	huge	1
42	446	protected	1
42	447	areas,	2
42	448	to	1
42	449	finalize	2
42	450	the	1
42	451	data,”	4
42	452	he	1
42	453	added.	2
42	454	Nepal	1
42	455	has	1
42	456	pledged	1
42	457	to	1
42	458	double	1
42	459	its	1
42	460	own	1
42	461	population	1
42	462	of	1
42	463	tigers	1
42	464	by	1
42	465	the	1
42	466	year	1
42	467	2022	1
42	468	from	1
42	469	121	1
42	470	in	1
42	471	2009	1
42	472	when	1
42	473	the	1
42	474	last	1
42	475	systematic	1
42	476	tiger	1
42	477	count	1
42	478	took	1
42	479	place.	2
42	480	Diwakar	4
42	481	Chapagain,	3
42	482	who	1
42	483	heads	1
42	484	a	1
42	485	World	1
42	486	Wildlife	1
42	487	Fund	1
42	488	Nepal	1
42	489	unit	1
42	490	that	1
42	491	monitors	1
42	492	wildlife	1
42	493	trade,	2
42	494	said	1
42	495	tiger	1
42	496	skins	1
42	497	were	1
42	498	in	1
42	499	demand	1
42	500	in	1
42	501	Tibet,	2
42	502	where	1
42	503	well-heeled	4
42	504	people	1
42	505	use	1
42	506	them	1
42	507	as	1
42	508	festival	1
42	509	costumes.	2
42	510	In	1
42	511	Nepal,	2
42	512	kings	1
42	513	used	1
42	514	to	1
42	515	stand	1
42	516	on	1
42	517	tiger	1
42	518	skins	1
42	519	for	1
42	520	special	1
42	521	occasions.	2
42	522	Some	1
42	523	affluent	1
42	524	Nepali	2
42	525	have	1
42	526	mounted	1
42	527	tiger	1
42	528	heads	1
42	529	on	1
42	530	the	1
42	531	walls	1
42	532	of	1
42	533	their	1
42	534	living	1
42	535	rooms.	2
42	536	Tiger	1
42	537	bones	1
42	538	are	1
42	539	in	1
42	540	high	1
42	541	demand	1
42	542	for	1
42	543	use	1
42	544	in	1
42	545	traditional	1
42	546	Chinese	1
42	547	medicines.”	4
42	548	The	1
42	549	trade	1
42	550	in	1
42	551	tiger	1
42	552	parts	1
42	553	is	1
42	554	lucrative	1
42	555	and	1
42	556	fetches	2
42	557	thousands	1
42	558	of	1
42	559	dollars	1
42	560	in	1
42	561	illegal	1
42	562	markets,”	4
42	563	Chapagain	2
42	564	said.	2
43	0	According	1
43	1	to	1
43	2	a	1
43	3	new	1
43	4	survey,	2
43	5	there	1
43	6	are	1
43	7	more	1
43	8	tigers	1
43	9	in	1
43	10	Nepal	1
43	11	than	1
43	12	at	1
43	13	any	1
43	14	time	1
43	15	since	1
43	16	the	1
43	17	1970s.	3
43	18	The	1
43	19	number	1
43	20	of	1
43	21	big	1
43	22	cats	1
43	23	has	1
43	24	been	1
43	25	decreasing	1
43	26	in	1
43	27	south	1
43	28	Asia	1
43	29	for	1
43	30	100	1
43	31	years,	2
43	32	but	1
43	33	conservationists	2
43	34	now	1
43	35	hope	1
43	36	that	1
43	37	we	1
43	38	can	1
43	39	save	1
43	40	them.	2
43	41	The	1
43	42	number	1
43	43	of	1
43	44	wild	1
43	45	royal	1
43	46	bengal	3
43	47	tigers	1
43	48	in	1
43	49	Nepal	1
43	50	has	1
43	51	increased	1
43	52	to	1
43	53	198	1
43	54	–	1
43	55	a	1
43	56	63.6%	4
43	57	increase	1
43	58	in	1
43	59	five	1
43	60	years	1
43	61	–	1
43	62	the	1
43	63	survey	1
43	64	showed.	2
43	65	“This	3
43	66	is	1
43	67	very	1
43	68	good	1
43	69	news,”	4
43	70	said	1
43	71	Maheshwar	4
43	72	Dhakal,	4
43	73	an	1
43	74	ecologist	2
43	75	with	1
43	76	Nepal's	2
43	77	Department	1
43	78	of	1
43	79	National	1
43	80	Parks	1
43	81	and	1
43	82	Wildlife	1
43	83	Conservation.	2
43	84	The	1
43	85	survey	1
43	86	looked	1
43	87	at	1
43	88	pictures	1
43	89	from	1
43	90	more	1
43	91	than	1
43	92	500	1
43	93	cameras	1
43	94	in	1
43	95	five	1
43	96	protected	1
43	97	areas	1
43	98	and	1
43	99	three	1
43	100	wildlife	1
43	101	corridors.	2
43	102	More	1
43	103	than	1
43	104	250	1
43	105	conservationists	2
43	106	and	1
43	107	wildlife	1
43	108	experts	1
43	109	worked	1
43	110	on	1
43	111	the	1
43	112	survey,	2
43	113	which	1
43	114	cost	1
43	115	about	1
43	116	£250,000.	5
43	117	Some	1
43	118	rich	1
43	119	people	1
43	120	want	1
43	121	tiger	1
43	122	skins.	2
43	123	Tiger	1
43	124	body	1
43	125	parts	1
43	126	are	1
43	127	used	1
43	128	in	1
43	129	traditional	1
43	130	Chinese	1
43	131	medicine.	2
43	132	International	1
43	133	gangs	1
43	134	pay	1
43	135	poor	1
43	136	local	1
43	137	Nepali	2
43	138	people	1
43	139	large	1
43	140	amounts	1
43	141	of	1
43	142	money	1
43	143	to	1
43	144	kill	1
43	145	the	1
43	146	cats.	2
43	147	The	1
43	148	skin	1
43	149	and	1
43	150	bones	1
43	151	are	1
43	152	taken	1
43	153	through	1
43	154	the	1
43	155	border	1
43	156	to	1
43	157	India,	2
43	158	where	1
43	159	the	1
43	160	big	1
43	161	dealers	1
43	162	are.	2
43	163	One	1
43	164	big	1
43	165	problem	1
43	166	is	1
43	167	that	1
43	168	some	1
43	169	senior	1
43	170	officials	1
43	171	help	1
43	172	the	1
43	173	mafia	1
43	174	who	1
43	175	are	1
43	176	involved	1
43	177	in	1
43	178	the	1
43	179	illegal	1
43	180	buying	1
43	181	and	1
43	182	selling.	2
43	183	Conservation	1
43	184	experts	1
43	185	believe	1
43	186	that	1
43	187	tiger	1
43	188	numbers	1
43	189	have	1
43	190	increased	1
43	191	because	1
43	192	the	1
43	193	police	1
43	194	are	1
43	195	controlling	1
43	196	national	1
43	197	parks	1
43	198	better,	2
43	199	and	1
43	200	because	1
43	201	there	1
43	202	is	1
43	203	now	1
43	204	better	1
43	205	management	1
43	206	of	1
43	207	tiger	1
43	208	habitats	1
43	209	in	1
43	210	Nepal,	2
43	211	where	1
43	212	forests	1
43	213	cover	1
43	214	29%	2
43	215	of	1
43	216	the	1
43	217	land.	2
43	218	But	1
43	219	they	1
43	220	say	1
43	221	Nepal	1
43	222	must	1
43	223	do	1
43	224	more	1
43	225	to	1
43	226	protect	1
43	227	the	1
43	228	habitat	1
43	229	and	1
43	230	animals	1
43	231	that	1
43	232	tigers	1
43	233	eat	1
43	234	so	1
43	235	the	1
43	236	big	1
43	237	cats	1
43	238	have	1
43	239	enough	1
43	240	space	1
43	241	to	1
43	242	move	1
43	243	around	1
43	244	and	1
43	245	food	1
43	246	to	1
43	247	eat.	2
43	248	The	1
43	249	number	1
43	250	of	1
43	251	tigers	1
43	252	has	1
43	253	increased	1
43	254	but	1
43	255	attacks	1
43	256	on	1
43	257	villagers	1
43	258	have	1
43	259	increased,	2
43	260	too.	2
43	261	Seven	1
43	262	people	1
43	263	were	1
43	264	killed	1
43	265	in	1
43	266	attacks	1
43	267	by	1
43	268	tigers	1
43	269	around	1
43	270	national	1
43	271	parks	1
43	272	in	1
43	273	2012	1
43	274	compared	1
43	275	to	1
43	276	four	1
43	277	in	1
43	278	2011,	2
43	279	park	1
43	280	officials	1
43	281	said.	2
43	282	Villagers	2
43	283	also	1
43	284	want	1
43	285	better	1
43	286	protection.	2
43	287	“The	3
43	288	government	1
43	289	is	1
43	290	making	1
43	291	conservation	1
43	292	plans	1
43	293	for	1
43	294	tigers.	2
43	295	But	1
43	296	it	1
43	297	should	1
43	298	also	1
43	299	make	1
43	300	plans	1
43	301	to	1
43	302	protect	1
43	303	people	1
43	304	from	1
43	305	tigers,”	4
43	306	Krishna	1
43	307	Bhurtel,	4
43	308	a	1
43	309	village	1
43	310	leader,	2
43	311	told	1
43	312	a	1
43	313	Nepali	2
43	314	newspaper.	2
43	315	Recently,	2
43	316	a	1
43	317	tiger	1
43	318	was	1
43	319	captured	1
43	320	after	1
43	321	it	1
43	322	killed	1
43	323	two	1
43	324	people,	2
43	325	including	1
43	326	a	1
43	327	villager	2
43	328	who	1
43	329	was	1
43	330	pulled	1
43	331	from	1
43	332	his	1
43	333	bed	1
43	334	in	1
43	335	May.	2
43	336	Thousands	1
43	337	of	1
43	338	tigers	1
43	339	used	1
43	340	to	1
43	341	live	1
43	342	in	1
43	343	the	1
43	344	forests	1
43	345	in	1
43	346	Bangladesh,	2
43	347	India	1
43	348	and	1
43	349	Nepal.	2
43	350	But	1
43	351	their	1
43	352	numbers	1
43	353	have	1
43	354	decreased	1
43	355	to	1
43	356	about	1
43	357	3,000,	4
43	358	a	1
43	359	95%	2
43	360	decrease	1
43	361	in	1
43	362	one	1
43	363	hundred	1
43	364	years.	2
43	365	Chitwan	3
43	366	National	1
43	367	Park	1
43	368	in	1
43	369	central	1
43	370	Nepal	1
43	371	has	1
43	372	the	1
43	373	most	1
43	374	adult	1
43	375	tigers,	2
43	376	with	1
43	377	120,	2
43	378	followed	1
43	379	by	1
43	380	Bardiya	2
43	381	National	1
43	382	Park	1
43	383	(50)	3
43	384	and	1
43	385	Shukla	3
43	386	Phanta	2
43	387	Wildlife	1
43	388	Reserve	1
43	389	(17).	3
43	390	Dhakal	3
43	391	said	1
43	392	that	1
43	393	there	1
43	394	was	1
43	395	a	1
43	396	similar	1
43	397	survey	1
43	398	in	1
43	399	India	1
43	400	and	1
43	401	the	1
43	402	results	1
43	403	from	1
43	404	both	1
43	405	countries	1
43	406	will	1
43	407	be	1
43	408	published	1
43	409	later	1
43	410	in	1
43	411	2013.	2
43	412	“It	3
43	413	will	1
43	414	take	1
43	415	a	1
43	416	few	1
43	417	more	1
43	418	months	1
43	419	for	1
43	420	India,	2
43	421	which	1
43	422	now	1
43	423	has	1
43	424	1,300	3
43	425	big	1
43	426	cats	1
43	427	in	1
43	428	several	1
43	429	huge	1
43	430	protected	1
43	431	areas,	2
43	432	to	1
43	433	finish	1
43	434	the	1
43	435	survey,”	4
43	436	he	1
43	437	added.	2
43	438	Nepal	1
43	439	says	1
43	440	it	1
43	441	will	1
43	442	double	1
43	443	its	1
43	444	own	1
43	445	population	1
43	446	of	1
43	447	tigers	1
43	448	by	1
43	449	the	1
43	450	year	1
43	451	2022	1
43	452	from	1
43	453	121	1
43	454	in	1
43	455	2009	1
43	456	to	1
43	457	242.	2
43	458	Diwakar	4
43	459	Chapagain	2
43	460	said	1
43	461	tiger	1
43	462	skins	1
43	463	are	1
43	464	popular	1
43	465	in	1
43	466	Tibet,	2
43	467	where	1
43	468	rich	1
43	469	people	1
43	470	use	1
43	471	them	1
43	472	as	1
43	473	festival	1
43	474	costumes.	2
43	475	In	1
43	476	Nepal,	2
43	477	kings	1
43	478	used	1
43	479	to	1
43	480	stand	1
43	481	on	1
43	482	tiger	1
43	483	skins	1
43	484	for	1
43	485	special	1
43	486	occasions.	2
43	487	Some	1
43	488	rich	1
43	489	Nepali	2
43	490	have	1
43	491	tiger	1
43	492	heads	1
43	493	on	1
43	494	the	1
43	495	walls	1
43	496	of	1
43	497	their	1
43	498	living	1
43	499	rooms.	2
43	500	Tiger	1
43	501	bones	1
43	502	are	1
43	503	in	1
43	504	high	1
43	505	demand	1
43	506	for	1
43	507	use	1
43	508	in	1
43	509	traditional	1
43	510	Chinese	1
43	511	medicine.	2
43	512	Chapagain	2
43	513	said	1
43	514	people	1
43	515	can	1
43	516	make	1
43	517	a	1
43	518	lot	1
43	519	of	1
43	520	money	1
43	521	selling	1
43	522	tiger	1
43	523	skins	1
43	524	and	1
43	525	bones	1
43	526	illegally.	2
44	0	On	1
44	1	Black	1
44	2	Fell,	2
44	3	looking	1
44	4	down	1
44	5	on	1
44	6	Northumberland's	4
44	7	beautiful	1
44	8	Kielder	3
44	9	Water	1
44	10	reservoir,	2
44	11	a	1
44	12	group	1
44	13	of	1
44	14	people	1
44	15	wait	1
44	16	in	1
44	17	a	1
44	18	car	1
44	19	park	1
44	20	next	1
44	21	to	1
44	22	a	1
44	23	strange	1
44	24	wooden	1
44	25	building	1
44	26	with	1
44	27	a	1
44	28	minimalist	1
44	29	design	1
44	30	beamed	2
44	31	down	1
44	32	from	1
44	33	the	1
44	34	future.	2
44	35	This	1
44	36	is	1
44	37	Kielder	3
44	38	Observatory,	2
44	39	the	1
44	40	center	1
44	41	of	1
44	42	Britain's	2
44	43	nascent	1
44	44	astrotourism	4
44	45	industry.	2
44	46	And	1
44	47	those	1
44	48	waiting	1
44	49	outside	1
44	50	were	1
44	51	the	1
44	52	lucky	1
44	53	ones.	2
44	54	Many	1
44	55	more	1
44	56	had	1
44	57	applied	1
44	58	for	1
44	59	a	1
44	60	night	1
44	61	of	1
44	62	stargazing	3
44	63	at	1
44	64	the	1
44	65	observatory	2
44	66	but	1
44	67	numbers	1
44	68	are	1
44	69	strictly	1
44	70	limited.	2
44	71	Inside,	2
44	72	next	1
44	73	to	1
44	74	a	1
44	75	woodburner	3
44	76	and	1
44	77	under	1
44	78	dimmed	2
44	79	lights,	2
44	80	the	1
44	81	observatory's	3
44	82	founder	1
44	83	and	1
44	84	lead	1
44	85	astronomer,	2
44	86	Gary	1
44	87	Fildes,	4
44	88	a	1
44	89	former	1
44	90	bricklayer	2
44	91	with	1
44	92	Tarzan	2
44	93	hair,	2
44	94	delivers	1
44	95	a	1
44	96	pep	2
44	97	talk	1
44	98	to	1
44	99	his	1
44	100	colleagues.	2
44	101	The	1
44	102	team	1
44	103	discusses	1
44	104	the	1
44	105	prospect	1
44	106	of	1
44	107	seeing	1
44	108	the	1
44	109	northern	1
44	110	lights	1
44	111	but	1
44	112	Fildes	3
44	113	is	1
44	114	doubtful.	2
44	115	Instead,	2
44	116	they	1
44	117	decide	1
44	118	to	1
44	119	train	1
44	120	their	1
44	121	powerful	1
44	122	telescopes	1
44	123	on	1
44	124	Jupiter	1
44	125	and	1
44	126	Venus	1
44	127	and	1
44	128	later	1
44	129	to	1
44	130	pick	1
44	131	out	1
44	132	stars	1
44	133	such	1
44	134	as	1
44	135	Capella	2
44	136	and	1
44	137	Betelgeuse.	5
44	138	An	1
44	139	additional	1
44	140	attraction	1
44	141	is	1
44	142	the	1
44	143	appearance	1
44	144	of	1
44	145	the	1
44	146	International	1
44	147	Space	1
44	148	Station.	2
44	149	“Remember,”	6
44	150	Fildes	3
44	151	tells	1
44	152	his	1
44	153	team,	2
44	154	“it's	4
44	155	about	1
44	156	interaction,	2
44	157	it's	2
44	158	about	1
44	159	entertainment,	2
44	160	it's	2
44	161	about	1
44	162	inspiring	1
44	163	people.”	4
44	164	Fildes,	4
44	165	49,	2
44	166	is	1
44	167	at	1
44	168	the	1
44	169	forefront	1
44	170	of	1
44	171	the	1
44	172	UK's	2
44	173	burgeoning	1
44	174	astrotourism	4
44	175	industry.	2
44	176	The	1
44	177	pivotal	1
44	178	moment	1
44	179	for	1
44	180	Northumberland	3
44	181	came	1
44	182	in	1
44	183	2013	1
44	184	when	1
44	185	the	1
44	186	entire	1
44	187	national	1
44	188	park	1
44	189	housing	1
44	190	Hadrian's	3
44	191	Wall,	2
44	192	along	1
44	193	with	1
44	194	Kielder	3
44	195	Water	1
44	196	and	1
44	197	Forest	1
44	198	Park,	2
44	199	some	1
44	200	1,500	3
44	201	square	1
44	202	kilometers,	2
44	203	was	1
44	204	awarded	1
44	205	Dark	1
44	206	Sky	1
44	207	Park	1
44	208	status,	2
44	209	the	1
44	210	only	1
44	211	one	1
44	212	in	1
44	213	England.	2
44	214	Dark	1
44	215	Sky	1
44	216	Parks	1
44	217	are	1
44	218	rare.	2
44	219	The	1
44	220	2013	1
44	221	Star	1
44	222	Count	1
44	223	revealed	1
44	224	that	1
44	225	only	1
44	226	5%	2
44	227	of	1
44	228	the	1
44	229	UK	1
44	230	population	1
44	231	can	1
44	232	see	1
44	233	more	1
44	234	than	1
44	235	31	1
44	236	stars	1
44	237	on	1
44	238	a	1
44	239	good	1
44	240	night.	2
44	241	The	1
44	242	Tucson,	2
44	243	Arizona-based	3
44	244	International	1
44	245	Dark-Sky	3
44	246	Association	1
44	247	(IDA)	3
44	248	confers	2
44	249	the	1
44	250	status	1
44	251	only	1
44	252	on	1
44	253	places	1
44	254	that	1
44	255	take	1
44	256	major	1
44	257	steps	1
44	258	to	1
44	259	avoid	1
44	260	light	1
44	261	pollution.	2
44	262	Recipients	3
44	263	must	1
44	264	also	1
44	265	prove	1
44	266	their	1
44	267	night	1
44	268	skies	1
44	269	are	1
44	270	sufficiently	1
44	271	dark.	2
44	272	In	1
44	273	Northumberland	3
44	274	Dark	1
44	275	Sky	1
44	276	Park,	2
44	277	as	1
44	278	the	1
44	279	area	1
44	280	was	1
44	281	rebadged,	4
44	282	it	1
44	283	is	1
44	284	so	1
44	285	dark	1
44	286	that	1
44	287	Venus	1
44	288	casts	1
44	289	a	1
44	290	shadow	1
44	291	on	1
44	292	the	1
44	293	Earth.	2
44	294	Duncan	1
44	295	Wise,	2
44	296	visitor	1
44	297	development	1
44	298	officer	1
44	299	for	1
44	300	the	1
44	301	Northumberland	3
44	302	National	1
44	303	Park	1
44	304	Authority,	2
44	305	helped	1
44	306	to	1
44	307	spearhead	2
44	308	the	1
44	309	campaign	1
44	310	for	1
44	311	dark-sky	3
44	312	status.	2
44	313	“We	3
44	314	tend	1
44	315	to	1
44	316	look	1
44	317	at	1
44	318	landscape	1
44	319	as	1
44	320	everything	1
44	321	up	1
44	322	to	1
44	323	the	1
44	324	horizon,”	4
44	325	Wise	1
44	326	said.	2
44	327	“But	3
44	328	what	1
44	329	about	1
44	330	what's	2
44	331	above	1
44	332	it?”	4
44	333	Wise	1
44	334	and	1
44	335	others	1
44	336	spent	1
44	337	years	1
44	338	drawing	1
44	339	up	1
44	340	their	1
44	341	submission	1
44	342	to	1
44	343	the	1
44	344	IDA,	3
44	345	collecting	1
44	346	reams	2
44	347	of	1
44	348	light	1
44	349	readings	1
44	350	and	1
44	351	forming	1
44	352	an	1
44	353	alliance	1
44	354	of	1
44	355	local	1
44	356	councils,	2
44	357	parks'	2
44	358	bodies	1
44	359	and	1
44	360	community	1
44	361	groups	1
44	362	to	1
44	363	produce	1
44	364	an	1
44	365	exterior	1
44	366	lighting	1
44	367	master	1
44	368	plan	1
44	369	that	1
44	370	influences	1
44	371	the	1
44	372	construction	1
44	373	of	1
44	374	new	1
44	375	developments	1
44	376	in	1
44	377	the	1
44	378	area.	2
44	379	Their	1
44	380	efforts	1
44	381	have	1
44	382	been	1
44	383	vindicated.	3
44	384	Many	1
44	385	of	1
44	386	the	1
44	387	1.5	3
44	388	million	1
44	389	who	1
44	390	visit	1
44	391	Northumberland	3
44	392	each	1
44	393	year	1
44	394	are	1
44	395	now	1
44	396	aware	1
44	397	of	1
44	398	its	1
44	399	Dark	1
44	400	Sky	1
44	401	status.	2
44	402	“We	3
44	403	get	1
44	404	a	1
44	405	lot	1
44	406	of	1
44	407	people	1
44	408	coming	1
44	409	here	1
44	410	to	1
44	411	see	1
44	412	the	1
44	413	sky	1
44	414	now,”	4
44	415	says	1
44	416	the	1
44	417	man	1
44	418	at	1
44	419	the	1
44	420	car-hire	3
44	421	firm	1
44	422	in	1
44	423	Newcastle.	2
44	424	“They	3
44	425	come	1
44	426	in	1
44	427	autumn	1
44	428	and	1
44	429	winter,	2
44	430	when	1
44	431	it's	2
44	432	darkest.	2
44	433	Good	1
44	434	for	1
44	435	the	1
44	436	local	1
44	437	hotels	1
44	438	as	1
44	439	they	1
44	440	get	1
44	441	business	1
44	442	all	1
44	443	year	1
44	444	round	1
44	445	now.”	4
44	446	Wise	1
44	447	acknowledges	1
44	448	that	1
44	449	Northumberland	3
44	450	needs	1
44	451	to	1
44	452	do	1
44	453	more	1
44	454	to	1
44	455	capitalize	1
44	456	on	1
44	457	its	1
44	458	scarce	1
44	459	resource	1
44	460	and	1
44	461	believes	1
44	462	the	1
44	463	region	1
44	464	needs	1
44	465	a	1
44	466	couple	1
44	467	more	1
44	468	observatories	2
44	469	to	1
44	470	ensure	1
44	471	that	1
44	472	visitors	1
44	473	will	1
44	474	see	1
44	475	what	1
44	476	they	1
44	477	came	1
44	478	for.	2
44	479	A	1
44	480	£14m	3
44	481	national	1
44	482	landscape	1
44	483	discovery	1
44	484	center,	2
44	485	which	1
44	486	he	1
44	487	describes	1
44	488	as	1
44	489	the	1
44	490	north's	2
44	491	answer	1
44	492	to	1
44	493	the	1
44	494	Eden	1
44	495	Project,	2
44	496	will	1
44	497	have	1
44	498	an	1
44	499	observatory	2
44	500	when	1
44	501	it	1
44	502	is	1
44	503	completed	1
44	504	in	1
44	505	a	1
44	506	couple	1
44	507	of	1
44	508	years.	2
44	509	Fildes	3
44	510	has	1
44	511	grand	1
44	512	designs.	2
44	513	He	1
44	514	is	1
44	515	planning	1
44	516	Britain's	2
44	517	first	1
44	518	“astrovillage,”	9
44	519	one	1
44	520	that	1
44	521	would	1
44	522	house	1
44	523	the	1
44	524	largest	1
44	525	public	1
44	526	observatory	2
44	527	in	1
44	528	the	1
44	529	world	1
44	530	and	1
44	531	boast	1
44	532	a	1
44	533	100-seat	3
44	534	auditorium,	3
44	535	a	1
44	536	100-seat	3
44	537	planetarium,	3
44	538	a	1
44	539	one-meter	3
44	540	aperture	1
44	541	telescope,	2
44	542	and	1
44	543	radiomagnetic	3
44	544	and	1
44	545	solar	1
44	546	telescopes.	2
44	547	The	1
44	548	multimillion-pound	4
44	549	project	1
44	550	would	1
44	551	feature	1
44	552	a	1
44	553	hotel	1
44	554	and	1
44	555	draw	1
44	556	in	1
44	557	100,000	3
44	558	people	1
44	559	a	1
44	560	year,	2
44	561	four	1
44	562	times	1
44	563	the	1
44	564	number	1
44	565	currently	1
44	566	able	1
44	567	to	1
44	568	use	1
44	569	the	1
44	570	observatory.	3
44	571	Fildes	3
44	572	is	1
44	573	cryptic	1
44	574	about	1
44	575	his	1
44	576	backers	1
44	577	but	1
44	578	believes	1
44	579	the	1
44	580	astrovillage	4
44	581	will	1
44	582	be	1
44	583	a	1
44	584	reality	1
44	585	by	1
44	586	2018.	2
44	587	However,	2
44	588	Northumberland	3
44	589	faces	1
44	590	competition.	2
44	591	Galloway	2
44	592	Forest	1
44	593	Park	1
44	594	in	1
44	595	Scotland	1
44	596	also	1
44	597	has	1
44	598	Dark	1
44	599	Sky	1
44	600	Park	1
44	601	status.	2
44	602	Since	1
44	603	Exmoor	3
44	604	was	1
44	605	designated	1
44	606	Europe's	2
44	607	first	1
44	608	International	1
44	609	Dark	1
44	610	Sky	1
44	611	Reserve	1
44	612	–	1
44	613	one	1
44	614	notch	1
44	615	below	1
44	616	Dark	1
44	617	Sky	1
44	618	Park	1
44	619	–	1
44	620	in	1
44	621	2011,	2
44	622	a	1
44	623	range	1
44	624	of	1
44	625	local	1
44	626	businesses	1
44	627	offering	1
44	628	stargazing	3
44	629	breaks	1
44	630	and	1
44	631	safaris	2
44	632	has	1
44	633	sprung	1
44	634	up.	2
44	635	The	1
44	636	UK	1
44	637	will	1
44	638	have	1
44	639	to	1
44	640	go	1
44	641	some	1
44	642	way	1
44	643	to	1
44	644	eclipse	1
44	645	northern	1
44	646	Chile,	2
44	647	which	1
44	648	boasts	1
44	649	more	1
44	650	than	1
44	651	a	1
44	652	dozen	1
44	653	tourist	1
44	654	observatories	2
44	655	and	1
44	656	has	1
44	657	some	1
44	658	of	1
44	659	the	1
44	660	clearest	2
44	661	skies	1
44	662	in	1
44	663	the	1
44	664	world.	2
44	665	The	1
44	666	Teide	2
44	667	National	1
44	668	Park	1
44	669	in	1
44	670	Tenerife	3
44	671	is	1
44	672	also	1
44	673	becoming	1
44	674	a	1
44	675	major	1
44	676	astrotourism	4
44	677	destination.	2
44	678	So,	2
44	679	what	1
44	680	is	1
44	681	driving	1
44	682	the	1
44	683	desire	1
44	684	to	1
44	685	look	1
44	686	upwards?	2
44	687	The	1
44	688	media	1
44	689	have	1
44	690	helped.	2
44	691	TV	1
44	692	presenters	2
44	693	like	1
44	694	Brian	1
44	695	Cox	1
44	696	have	1
44	697	attracted	1
44	698	a	1
44	699	new	1
44	700	generation	1
44	701	of	1
44	702	stargazers.	5
44	703	Technology	1
44	704	has	1
44	705	also	1
44	706	played	1
44	707	a	1
44	708	part.	2
44	709	Apps	1
44	710	such	1
44	711	as	1
44	712	Stellarium	2
44	713	now	1
44	714	turn	1
44	715	smartphones	1
44	716	into	1
44	717	pocket-size	3
44	718	planetariums.	4
44	719	Ultimately,	2
44	720	though,	2
44	721	Fildes	3
44	722	believes	1
44	723	people	1
44	724	are	1
44	725	starting	1
44	726	to	1
44	727	appreciate	1
44	728	what	1
44	729	lies	1
44	730	above.	2
45	0	On	1
45	1	the	1
45	2	top	1
45	3	of	1
45	4	a	1
45	5	hill,	2
45	6	above	1
45	7	Northumberland's	4
45	8	beautiful	1
45	9	Kielder	3
45	10	Water	1
45	11	lake,	2
45	12	a	1
45	13	group	1
45	14	of	1
45	15	people	1
45	16	are	1
45	17	waiting	1
45	18	in	1
45	19	a	1
45	20	car	1
45	21	park	1
45	22	next	1
45	23	to	1
45	24	a	1
45	25	strange	1
45	26	wooden	1
45	27	building.	2
45	28	They	1
45	29	are	1
45	30	here	1
45	31	because	1
45	32	of	1
45	33	the	1
45	34	darkness	1
45	35	and	1
45	36	this	1
45	37	is	1
45	38	Kielder	3
45	39	Observatory,	2
45	40	the	1
45	41	center	1
45	42	of	1
45	43	Britain's	2
45	44	latest	1
45	45	industry	1
45	46	–	1
45	47	astrotourism.	5
45	48	The	1
45	49	people	1
45	50	who	1
45	51	are	1
45	52	waiting	1
45	53	outside	1
45	54	are	1
45	55	lucky.	2
45	56	Many	1
45	57	more	1
45	58	people	1
45	59	apply	1
45	60	for	1
45	61	a	1
45	62	night	1
45	63	of	1
45	64	stargazing	3
45	65	at	1
45	66	the	1
45	67	observatory	2
45	68	but	1
45	69	not	1
45	70	everyone	1
45	71	can	1
45	72	come	1
45	73	because	1
45	74	numbers	1
45	75	are	1
45	76	strictly	1
45	77	limited.	2
45	78	Inside,	2
45	79	the	1
45	80	observatory's	3
45	81	founder	1
45	82	and	1
45	83	lead	1
45	84	astronomer,	2
45	85	Gary	1
45	86	Fildes,	4
45	87	speaks	1
45	88	to	1
45	89	his	1
45	90	colleagues.	2
45	91	The	1
45	92	team	1
45	93	discusses	1
45	94	that	1
45	95	they	1
45	96	might	1
45	97	see	1
45	98	the	1
45	99	northern	1
45	100	lights	1
45	101	but	1
45	102	Fildes	3
45	103	doesn't	2
45	104	think	1
45	105	they	1
45	106	will.	2
45	107	Instead,	2
45	108	they	1
45	109	decide	1
45	110	to	1
45	111	use	1
45	112	their	1
45	113	powerful	1
45	114	telescopes	1
45	115	to	1
45	116	look	1
45	117	at	1
45	118	Jupiter	1
45	119	and	1
45	120	Venus	1
45	121	and,	2
45	122	later,	2
45	123	to	1
45	124	find	1
45	125	stars	1
45	126	such	1
45	127	as	1
45	128	Capella	2
45	129	and	1
45	130	Betelgeuse.	5
45	131	An	1
45	132	extra	1
45	133	attraction	1
45	134	is	1
45	135	the	1
45	136	appearance	1
45	137	of	1
45	138	the	1
45	139	International	1
45	140	Space	1
45	141	Station.	2
45	142	Fildes	3
45	143	is	1
45	144	a	1
45	145	leading	1
45	146	figure	1
45	147	in	1
45	148	the	1
45	149	UK's	2
45	150	growing	1
45	151	astrotourism	4
45	152	industry.	2
45	153	The	1
45	154	key	1
45	155	moment	1
45	156	for	1
45	157	Northumberland	3
45	158	came	1
45	159	in	1
45	160	2013	1
45	161	when	1
45	162	the	1
45	163	entire	1
45	164	national	1
45	165	park,	2
45	166	about	1
45	167	1,500	3
45	168	square	1
45	169	kilometers	1
45	170	in	1
45	171	area,	2
45	172	got	1
45	173	Dark	1
45	174	Sky	1
45	175	Park	1
45	176	status.	2
45	177	It	1
45	178	is	1
45	179	the	1
45	180	only	1
45	181	one	1
45	182	in	1
45	183	England.	2
45	184	Dark	1
45	185	Sky	1
45	186	Parks	1
45	187	are	1
45	188	rare.	2
45	189	The	1
45	190	2013	1
45	191	Star	1
45	192	Count	1
45	193	showed	1
45	194	that	1
45	195	only	1
45	196	5%	2
45	197	of	1
45	198	the	1
45	199	UK	1
45	200	population	1
45	201	can	1
45	202	see	1
45	203	more	1
45	204	than	1
45	205	31	1
45	206	stars	1
45	207	on	1
45	208	a	1
45	209	clear	1
45	210	night.	2
45	211	The	1
45	212	International	1
45	213	Dark-Sky	3
45	214	Association	1
45	215	(IDA)	3
45	216	gives	1
45	217	the	1
45	218	status	1
45	219	of	1
45	220	Dark	1
45	221	Sky	1
45	222	Park	1
45	223	only	1
45	224	to	1
45	225	places	1
45	226	that	1
45	227	take	1
45	228	big	1
45	229	steps	1
45	230	to	1
45	231	prevent	1
45	232	light	1
45	233	pollution.	2
45	234	The	1
45	235	areas	1
45	236	must	1
45	237	also	1
45	238	prove	1
45	239	their	1
45	240	night	1
45	241	skies	1
45	242	are	1
45	243	very	1
45	244	dark.	2
45	245	In	1
45	246	Northumberland	3
45	247	Dark	1
45	248	Sky	1
45	249	Park,	2
45	250	it	1
45	251	is	1
45	252	so	1
45	253	dark	1
45	254	that	1
45	255	Venus	1
45	256	casts	1
45	257	a	1
45	258	shadow	1
45	259	on	1
45	260	the	1
45	261	Earth.	2
45	262	Duncan	1
45	263	Wise,	2
45	264	visitor	1
45	265	development	1
45	266	officer	1
45	267	for	1
45	268	the	1
45	269	Northumberland	3
45	270	National	1
45	271	Park,	2
45	272	helped	1
45	273	to	1
45	274	lead	1
45	275	the	1
45	276	campaign	1
45	277	for	1
45	278	dark-sky	3
45	279	status.	2
45	280	“We	3
45	281	usually	1
45	282	think	1
45	283	that	1
45	284	'landscape'	4
45	285	is	1
45	286	everything	1
45	287	up	1
45	288	to	1
45	289	the	1
45	290	horizon,”	4
45	291	Wise	1
45	292	said.	2
45	293	“But	3
45	294	what	1
45	295	about	1
45	296	what's	2
45	297	above	1
45	298	the	1
45	299	horizon?”	4
45	300	Wise	1
45	301	and	1
45	302	others	1
45	303	spent	1
45	304	years	1
45	305	preparing	1
45	306	their	1
45	307	application	1
45	308	to	1
45	309	the	1
45	310	IDA	2
45	311	–	1
45	312	they	1
45	313	collected	1
45	314	thousands	1
45	315	of	1
45	316	light	1
45	317	readings.	2
45	318	Because	1
45	319	of	1
45	320	their	1
45	321	hard	1
45	322	work,	2
45	323	many	1
45	324	of	1
45	325	the	1
45	326	1.5	3
45	327	million	1
45	328	tourists	1
45	329	who	1
45	330	visit	1
45	331	Northumberland	3
45	332	each	1
45	333	year	1
45	334	are	1
45	335	now	1
45	336	aware	1
45	337	of	1
45	338	its	1
45	339	Dark	1
45	340	Sky	1
45	341	status.	2
45	342	“A	3
45	343	lot	1
45	344	of	1
45	345	people	1
45	346	come	1
45	347	here	1
45	348	to	1
45	349	see	1
45	350	the	1
45	351	sky	1
45	352	now,”	4
45	353	says	1
45	354	a	1
45	355	man	1
45	356	who	1
45	357	works	1
45	358	for	1
45	359	a	1
45	360	local	1
45	361	car-hire	3
45	362	company.	2
45	363	“They	3
45	364	come	1
45	365	in	1
45	366	autumn	1
45	367	and	1
45	368	winter,	2
45	369	when	1
45	370	it's	2
45	371	darkest.	2
45	372	It's	2
45	373	good	1
45	374	for	1
45	375	the	1
45	376	local	1
45	377	hotels	1
45	378	because	1
45	379	tourists	1
45	380	come	1
45	381	all	1
45	382	year	1
45	383	round	1
45	384	now.”	4
45	385	Wise	1
45	386	agrees	1
45	387	that	1
45	388	Northumberland	3
45	389	needs	1
45	390	to	1
45	391	do	1
45	392	more	1
45	393	to	1
45	394	take	1
45	395	advantage	1
45	396	of	1
45	397	its	1
45	398	dark	1
45	399	skies,	2
45	400	which	1
45	401	are	1
45	402	very	1
45	403	rare.	2
45	404	He	1
45	405	believes	1
45	406	the	1
45	407	region	1
45	408	needs	1
45	409	more	1
45	410	observatories	2
45	411	to	1
45	412	make	1
45	413	sure	1
45	414	that	1
45	415	visitors	1
45	416	will	1
45	417	see	1
45	418	what	1
45	419	they	1
45	420	came	1
45	421	for.	2
45	422	A	1
45	423	new	1
45	424	£14-million	4
45	425	national	1
45	426	landscape	1
45	427	discovery	1
45	428	center	1
45	429	will	1
45	430	have	1
45	431	an	1
45	432	observatory	2
45	433	when	1
45	434	it	1
45	435	is	1
45	436	completed	1
45	437	in	1
45	438	a	1
45	439	couple	1
45	440	of	1
45	441	years.	2
45	442	Fildes	3
45	443	has	1
45	444	big	1
45	445	ambitions.	2
45	446	He	1
45	447	is	1
45	448	planning	1
45	449	Britain's	2
45	450	first	1
45	451	“astrovillage”	8
45	452	–	1
45	453	it	1
45	454	would	1
45	455	have	1
45	456	the	1
45	457	largest	1
45	458	public	1
45	459	observatory	2
45	460	in	1
45	461	the	1
45	462	world,	2
45	463	a	1
45	464	100-seat	3
45	465	auditorium,	3
45	466	a	1
45	467	100-seat	3
45	468	planetarium,	3
45	469	and	1
45	470	radiomagnetic	3
45	471	and	1
45	472	solar	1
45	473	telescopes.	2
45	474	The	1
45	475	multimillion-pound	4
45	476	project	1
45	477	would	1
45	478	also	1
45	479	have	1
45	480	a	1
45	481	hotel	1
45	482	and	1
45	483	attract	1
45	484	100,000	3
45	485	visitors	1
45	486	a	1
45	487	year	1
45	488	–	1
45	489	that	1
45	490	is	1
45	491	four	1
45	492	times	1
45	493	the	1
45	494	number	1
45	495	that	1
45	496	are	1
45	497	currently	1
45	498	able	1
45	499	to	1
45	500	use	1
45	501	the	1
45	502	observatory.	3
45	503	Fildes	3
45	504	believes	1
45	505	the	1
45	506	astrovillage	4
45	507	will	1
45	508	be	1
45	509	a	1
45	510	reality	1
45	511	by	1
45	512	2018.	2
45	513	However,	2
45	514	Northumberland	3
45	515	has	1
45	516	competition.	2
45	517	Galloway	2
45	518	Forest	1
45	519	Park	1
45	520	in	1
45	521	Scotland	1
45	522	also	1
45	523	has	1
45	524	Dark	1
45	525	Sky	1
45	526	Park	1
45	527	status.	2
45	528	Exmoor	3
45	529	in	1
45	530	south-west	3
45	531	England	1
45	532	became	1
45	533	Europe's	2
45	534	first	1
45	535	International	1
45	536	Dark	1
45	537	Sky	1
45	538	Reserve	1
45	539	–	1
45	540	one	1
45	541	level	1
45	542	below	1
45	543	Dark	1
45	544	Sky	1
45	545	Park	1
45	546	–	1
45	547	in	1
45	548	2011.	2
45	549	A	1
45	550	number	1
45	551	of	1
45	552	local	1
45	553	businesses	1
45	554	there	1
45	555	now	1
45	556	offer	1
45	557	stargazing	3
45	558	holidays.	2
45	559	The	1
45	560	UK	1
45	561	is	1
45	562	not	1
45	563	as	1
45	564	good	1
45	565	as	1
45	566	northern	1
45	567	Chile,	2
45	568	which	1
45	569	has	1
45	570	more	1
45	571	than	1
45	572	ten	1
45	573	tourist	1
45	574	observatories	2
45	575	and	1
45	576	some	1
45	577	of	1
45	578	the	1
45	579	clearest	2
45	580	skies	1
45	581	in	1
45	582	the	1
45	583	world.	2
45	584	So,	2
45	585	why	1
45	586	do	1
45	587	people	1
45	588	want	1
45	589	to	1
45	590	look	1
45	591	at	1
45	592	the	1
45	593	night	1
45	594	sky?	2
45	595	The	1
45	596	media	1
45	597	have	1
45	598	helped.	2
45	599	TV	1
45	600	programmes	1
45	601	about	1
45	602	astronomy	1
45	603	have	1
45	604	attracted	1
45	605	a	1
45	606	new	1
45	607	generation	1
45	608	of	1
45	609	stargazers.	5
45	610	Technology	1
45	611	has	1
45	612	also	1
45	613	made	1
45	614	astronomy	1
45	615	more	1
45	616	popular.	2
45	617	Apps	1
45	618	such	1
45	619	as	1
45	620	Stellarium	2
45	621	now	1
45	622	turn	1
45	623	smartphones	1
45	624	into	1
45	625	pocket-size	3
45	626	planetariums.	4
45	627	But	1
45	628	Fildes	3
45	629	believes	1
45	630	that,	2
45	631	most	1
45	632	importantly,	2
45	633	people	1
45	634	are	1
45	635	starting	1
45	636	to	1
45	637	appreciate	1
45	638	the	1
45	639	sky.	2
46	0	The	1
46	1	regulation	1
46	2	eight	1
46	3	hours	1
46	4	in	1
46	5	the	1
46	6	office	1
46	7	is	1
46	8	over.	2
46	9	The	1
46	10	most	1
46	11	important	1
46	12	work	1
46	13	of	1
46	14	the	1
46	15	day	1
46	16	is	1
46	17	done;	2
46	18	whatever	1
46	19	is	1
46	20	left	1
46	21	can	1
46	22	wait	1
46	23	until	1
46	24	the	1
46	25	morning.	2
46	26	This	1
46	27	is	1
46	28	the	1
46	29	point	1
46	30	many	1
46	31	workers	1
46	32	would	1
46	33	think	1
46	34	about	1
46	35	heading	1
46	36	for	1
46	37	the	1
46	38	door.	2
46	39	Yet,	2
46	40	for	1
46	41	millions	1
46	42	of	1
46	43	Japanese	1
46	44	employees,	2
46	45	the	1
46	46	thought	1
46	47	of	1
46	48	clearing	1
46	49	away	1
46	50	their	1
46	51	desks	1
46	52	and	1
46	53	being	1
46	54	at	1
46	55	home	1
46	56	in	1
46	57	time	1
46	58	for	1
46	59	dinner	1
46	60	is	1
46	61	enough	1
46	62	to	1
46	63	invite	1
46	64	accusations	1
46	65	of	1
46	66	disloyalty	3
46	67	to	1
46	68	the	1
46	69	company.	2
46	70	But,	2
46	71	after	1
46	72	decades	1
46	73	of	1
46	74	giving	1
46	75	companies	1
46	76	carte	2
46	77	blanche	2
46	78	to	1
46	79	milk	1
46	80	every	1
46	81	last	1
46	82	drop	1
46	83	of	1
46	84	productivity	1
46	85	from	1
46	86	their	1
46	87	workforce,	2
46	88	a	1
46	89	challenge	1
46	90	to	1
46	91	Japan's	2
46	92	ingrained	1
46	93	culture	1
46	94	of	1
46	95	overwork	2
46	96	has	1
46	97	come	1
46	98	from	1
46	99	the	1
46	100	government,	2
46	101	which	1
46	102	is	1
46	103	considering	1
46	104	making	1
46	105	it	1
46	106	a	1
46	107	legal	1
46	108	requirement	1
46	109	for	1
46	110	workers	1
46	111	to	1
46	112	take	1
46	113	at	1
46	114	least	1
46	115	five	1
46	116	days'	2
46	117	paid	1
46	118	holiday	1
46	119	a	1
46	120	year.	2
46	121	Japanese	1
46	122	employees	1
46	123	are	1
46	124	currently	1
46	125	entitled	1
46	126	to	1
46	127	an	1
46	128	average	1
46	129	18.5	3
46	130	days'	2
46	131	paid	1
46	132	holiday	1
46	133	a	1
46	134	year	1
46	135	–	1
46	136	only	1
46	137	two	1
46	138	fewer	1
46	139	than	1
46	140	the	1
46	141	global	1
46	142	average	1
46	143	–	1
46	144	with	1
46	145	a	1
46	146	minimum	1
46	147	of	1
46	148	ten	1
46	149	days,	2
46	150	as	1
46	151	well	1
46	152	as	1
46	153	15	1
46	154	one-day	3
46	155	national	1
46	156	holidays.	2
46	157	In	1
46	158	reality,	2
46	159	few	1
46	160	come	1
46	161	even	1
46	162	close	1
46	163	to	1
46	164	taking	1
46	165	their	1
46	166	full	1
46	167	quota,	2
46	168	typically	1
46	169	using	1
46	170	only	1
46	171	nine	1
46	172	of	1
46	173	their	1
46	174	18.5-day	5
46	175	average	1
46	176	entitlement.	2
46	177	While	1
46	178	many	1
46	179	British	1
46	180	workers	1
46	181	regard	1
46	182	a	1
46	183	two-week	3
46	184	summer	1
46	185	holiday	1
46	186	as	1
46	187	an	1
46	188	inalienable	3
46	189	right,	2
46	190	workers	1
46	191	in	1
46	192	Japan	1
46	193	have	1
46	194	come	1
46	195	to	1
46	196	see	1
46	197	a	1
46	198	four-night	3
46	199	vacation	1
46	200	as	1
46	201	the	1
46	202	height	1
46	203	of	1
46	204	self-indulgence.	6
46	205	The	1
46	206	move,	2
46	207	to	1
46	208	be	1
46	209	debated	1
46	210	in	1
46	211	the	1
46	212	current	1
46	213	parliamentary	1
46	214	session,	2
46	215	comes	1
46	216	after	1
46	217	companies	1
46	218	started	1
46	219	encouraging	1
46	220	employees	1
46	221	to	1
46	222	nap	1
46	223	on	1
46	224	the	1
46	225	job	1
46	226	to	1
46	227	improve	1
46	228	their	1
46	229	performance.	2
46	230	By	1
46	231	the	1
46	232	end	1
46	233	of	1
46	234	the	1
46	235	decade,	2
46	236	the	1
46	237	government	1
46	238	hopes	1
46	239	that,	2
46	240	if	1
46	241	passed,	2
46	242	the	1
46	243	law	1
46	244	will	1
46	245	push	1
46	246	Japanese	1
46	247	employees	1
46	248	towards	1
46	249	following	1
46	250	the	1
46	251	example	1
46	252	set	1
46	253	by	1
46	254	British	1
46	255	workers,	2
46	256	who	1
46	257	use	1
46	258	an	1
46	259	average	1
46	260	of	1
46	261	20	1
46	262	days'	2
46	263	paid	1
46	264	annual	1
46	265	leave,	2
46	266	and	1
46	267	those	1
46	268	in	1
46	269	France,	2
46	270	who	1
46	271	take	1
46	272	an	1
46	273	average	1
46	274	of	1
46	275	25.	2
46	276	Japan's	2
46	277	unforgiving	2
46	278	work	1
46	279	culture	1
46	280	may	1
46	281	have	1
46	282	helped	1
46	283	turn	1
46	284	it	1
46	285	into	1
46	286	an	1
46	287	economic	1
46	288	superpower,	2
46	289	its	1
46	290	corporate	1
46	291	foot	1
46	292	soldiers	1
46	293	revered	1
46	294	in	1
46	295	the	1
46	296	rest	1
46	297	of	1
46	298	the	1
46	299	world	1
46	300	for	1
46	301	their	1
46	302	commitment	1
46	303	to	1
46	304	the	1
46	305	company,	2
46	306	but	1
46	307	this	1
46	308	has	1
46	309	often	1
46	310	been	1
46	311	to	1
46	312	the	1
46	313	exclusion	1
46	314	of	1
46	315	everything	1
46	316	else.	2
46	317	Japan's	2
46	318	low	1
46	319	birth	1
46	320	rate	1
46	321	and	1
46	322	predictions	1
46	323	of	1
46	324	rapid	1
46	325	population	1
46	326	decline	1
46	327	are	1
46	328	partly	1
46	329	blamed	1
46	330	on	1
46	331	the	1
46	332	lack	1
46	333	of	1
46	334	time	1
46	335	couples	1
46	336	have	1
46	337	to	1
46	338	start	1
46	339	families.	2
46	340	More	1
46	341	employees	1
46	342	are	1
46	343	falling	1
46	344	ill	1
46	345	from	1
46	346	stress,	2
46	347	or	1
46	348	worse,	2
46	349	succumbing	2
46	350	to	1
46	351	karoshi,	4
46	352	death	1
46	353	through	1
46	354	overwork.	3
46	355	Despite	1
46	356	studies	1
46	357	suggesting	1
46	358	that	1
46	359	longer	1
46	360	hours	1
46	361	in	1
46	362	the	1
46	363	office	1
46	364	or	1
46	365	workshop	1
46	366	or	1
46	367	on	1
46	368	the	1
46	369	factory	1
46	370	floor	1
46	371	do	1
46	372	not	1
46	373	necessarily	1
46	374	make	1
46	375	people	1
46	376	more	1
46	377	productive,	2
46	378	today's	2
46	379	workers	1
46	380	are	1
46	381	still	1
46	382	nursing	1
46	383	a	1
46	384	collective	1
46	385	hangover	2
46	386	from	1
46	387	the	1
46	388	bubble	1
46	389	years	1
46	390	of	1
46	391	the	1
46	392	1980s.	3
46	393	About	1
46	394	22%	2
46	395	of	1
46	396	Japanese	1
46	397	work	1
46	398	more	1
46	399	than	1
46	400	49	1
46	401	hours	1
46	402	a	1
46	403	week,	2
46	404	compared	1
46	405	with	1
46	406	16%	2
46	407	of	1
46	408	US	1
46	409	workers	1
46	410	and	1
46	411	11%	2
46	412	in	1
46	413	France	1
46	414	and	1
46	415	Germany,	2
46	416	according	1
46	417	to	1
46	418	data	1
46	419	from	1
46	420	the	1
46	421	Japanese	1
46	422	government.	2
46	423	In	1
46	424	spending	1
46	425	14	1
46	426	hours	1
46	427	a	1
46	428	day	1
46	429	at	1
46	430	work	1
46	431	and	1
46	432	giving	1
46	433	up	1
46	434	many	1
46	435	of	1
46	436	her	1
46	437	paid	1
46	438	holidays,	2
46	439	Erika	2
46	440	Sekiguchi	3
46	441	is	1
46	442	not	1
46	443	even	1
46	444	an	1
46	445	extreme	1
46	446	example.	2
46	447	The	1
46	448	36-year-old	5
46	449	trading	1
46	450	company	1
46	451	employee	1
46	452	used	1
46	453	eight	1
46	454	of	1
46	455	her	1
46	456	20	1
46	457	days	1
46	458	of	1
46	459	paid	1
46	460	vacation	1
46	461	in	1
46	462	2014,	2
46	463	six	1
46	464	of	1
46	465	which	1
46	466	counted	1
46	467	as	1
46	468	sick	1
46	469	leave.	2
46	470	“Nobody	3
46	471	else	1
46	472	uses	1
46	473	their	1
46	474	vacation	1
46	475	days,”	4
46	476	Sekiguchi	3
46	477	said.	2
46	478	She	1
46	479	faces	1
46	480	a	1
46	481	dilemma:	2
46	482	never	1
46	483	to	1
46	484	take	1
46	485	time	1
46	486	off	1
46	487	or	1
46	488	to	1
46	489	invite	1
46	490	criticism	1
46	491	for	1
46	492	leaving	1
46	493	her	1
46	494	colleagues	1
46	495	in	1
46	496	the	1
46	497	lurch.	3
46	498	Yuu	2
46	499	Wakebe,	3
46	500	a	1
46	501	health	1
46	502	ministry	1
46	503	official	1
46	504	overseeing	1
46	505	policy	1
46	506	on	1
46	507	working	1
46	508	hours,	2
46	509	who	1
46	510	admits	1
46	511	putting	1
46	512	in	1
46	513	100	1
46	514	hours	1
46	515	of	1
46	516	overtime	1
46	517	a	1
46	518	month,	2
46	519	blames	1
46	520	the	1
46	521	irresistible	1
46	522	pressure	1
46	523	to	1
46	524	match	1
46	525	one's	2
46	526	colleagues,	2
46	527	hour	1
46	528	for	1
46	529	hour.	2
46	530	“It	3
46	531	is	1
46	532	a	1
46	533	worker's	2
46	534	right	1
46	535	to	1
46	536	take	1
46	537	paid	1
46	538	vacations,”	4
46	539	Wakebe	2
46	540	said.	2
46	541	“But	3
46	542	unfortunately	1
46	543	working	1
46	544	in	1
46	545	Japan	1
46	546	involves	1
46	547	quite	1
46	548	a	1
46	549	lot	1
46	550	of	1
46	551	volunteer	1
46	552	spirit.”	4
46	553	That	1
46	554	fear	1
46	555	of	1
46	556	being	1
46	557	ostracized	3
46	558	at	1
46	559	work	1
46	560	is	1
46	561	being	1
46	562	blamed	1
46	563	for	1
46	564	a	1
46	565	rise	1
46	566	in	1
46	567	stress-related	3
46	568	illness,	2
46	569	premature	1
46	570	death	1
46	571	and	1
46	572	suicide.	2
46	573	According	1
46	574	to	1
46	575	official	1
46	576	data,	2
46	577	about	1
46	578	200	1
46	579	people	1
46	580	die	1
46	581	every	1
46	582	year	1
46	583	from	1
46	584	heart	1
46	585	attacks,	2
46	586	strokes	1
46	587	and	1
46	588	other	1
46	589	karoshi	3
46	590	events	1
46	591	brought	1
46	592	on	1
46	593	by	1
46	594	punishing	1
46	595	work	1
46	596	schedules.	2
46	597	The	1
46	598	prime	1
46	599	minister,	2
46	600	Shinzo	1
46	601	Abe,	2
46	602	is	1
46	603	not	1
46	604	known	1
46	605	for	1
46	606	taking	1
46	607	long	1
46	608	vacations.	2
46	609	Yet	1
46	610	even	1
46	611	he	1
46	612	has	1
46	613	spoken	1
46	614	out	1
46	615	against	1
46	616	the	1
46	617	unreasonable	1
46	618	demands	1
46	619	companies	1
46	620	place	1
46	621	on	1
46	622	their	1
46	623	employees	1
46	624	as	1
46	625	they	1
46	626	struggle	1
46	627	to	1
46	628	stay	1
46	629	afloat	1
46	630	in	1
46	631	a	1
46	632	more	1
46	633	complex	1
46	634	globalized	2
46	635	market.	2
46	636	Japan's	2
46	637	working	1
46	638	culture,	2
46	639	Abe	1
46	640	said	1
46	641	recently,	2
46	642	“falsely	4
46	643	beatifies	2
46	644	long	1
46	645	hours”.	4
47	0	You've	2
47	1	spent	1
47	2	eight	1
47	3	hours	1
47	4	in	1
47	5	the	1
47	6	office.	2
47	7	You've	2
47	8	finished	1
47	9	the	1
47	10	most	1
47	11	important	1
47	12	work	1
47	13	of	1
47	14	the	1
47	15	day.	2
47	16	This	1
47	17	is	1
47	18	the	1
47	19	time	1
47	20	when	1
47	21	most	1
47	22	workers	1
47	23	would	1
47	24	think	1
47	25	about	1
47	26	going	1
47	27	home.	2
47	28	But,	2
47	29	for	1
47	30	millions	1
47	31	of	1
47	32	Japanese	1
47	33	employees,	2
47	34	if	1
47	35	they	1
47	36	leave	1
47	37	work	1
47	38	and	1
47	39	arrive	1
47	40	home	1
47	41	in	1
47	42	time	1
47	43	for	1
47	44	dinner,	2
47	45	people	1
47	46	say	1
47	47	that	1
47	48	they	1
47	49	are	1
47	50	disloyal	2
47	51	to	1
47	52	their	1
47	53	company.	2
47	54	But	1
47	55	now,	2
47	56	the	1
47	57	government	1
47	58	is	1
47	59	trying	1
47	60	to	1
47	61	do	1
47	62	something	1
47	63	about	1
47	64	Japan's	2
47	65	culture	1
47	66	of	1
47	67	overwork.	3
47	68	It	1
47	69	wants	1
47	70	to	1
47	71	make	1
47	72	workers	1
47	73	take	1
47	74	at	1
47	75	least	1
47	76	five	1
47	77	days'	2
47	78	paid	1
47	79	holiday	1
47	80	a	1
47	81	year.	2
47	82	Japanese	1
47	83	employees	1
47	84	are	1
47	85	allowed	1
47	86	an	1
47	87	average	1
47	88	of	1
47	89	18.5	3
47	90	days'	2
47	91	paid	1
47	92	holiday	1
47	93	a	1
47	94	year,	2
47	95	fewer	1
47	96	than	1
47	97	the	1
47	98	global	1
47	99	average.	2
47	100	Companies	1
47	101	must	1
47	102	allow	1
47	103	them	1
47	104	a	1
47	105	minimum	1
47	106	of	1
47	107	ten	1
47	108	days'	2
47	109	paid	1
47	110	holiday,	2
47	111	plus	1
47	112	15	1
47	113	one-day	3
47	114	national	1
47	115	holidays.	2
47	116	But	1
47	117	very	1
47	118	few	1
47	119	employees	1
47	120	take	1
47	121	these	1
47	122	days.	2
47	123	Most	1
47	124	take	1
47	125	only	1
47	126	nine	1
47	127	days	1
47	128	of	1
47	129	holiday,	2
47	130	according	1
47	131	to	1
47	132	the	1
47	133	labor	1
47	134	ministry.	2
47	135	Many	1
47	136	British	1
47	137	workers	1
47	138	think	1
47	139	that	1
47	140	a	1
47	141	two-week	3
47	142	summer	1
47	143	holiday	1
47	144	is	1
47	145	their	1
47	146	right	1
47	147	but	1
47	148	workers	1
47	149	in	1
47	150	Japan	1
47	151	think	1
47	152	that	1
47	153	a	1
47	154	four-night	3
47	155	vacation	1
47	156	is	1
47	157	a	1
47	158	big	1
47	159	self-indulgence.	6
47	160	By	1
47	161	2020,	2
47	162	the	1
47	163	government	1
47	164	hopes	1
47	165	that	1
47	166	the	1
47	167	law	1
47	168	will	1
47	169	make	1
47	170	Japanese	1
47	171	employees	1
47	172	follow	1
47	173	the	1
47	174	example	1
47	175	of	1
47	176	British	1
47	177	workers,	2
47	178	who	1
47	179	take	1
47	180	an	1
47	181	average	1
47	182	of	1
47	183	20	1
47	184	days'	2
47	185	paid	1
47	186	annual	1
47	187	leave,	2
47	188	and	1
47	189	workers	1
47	190	in	1
47	191	France,	2
47	192	who	1
47	193	take	1
47	194	an	1
47	195	average	1
47	196	of	1
47	197	25.	2
47	198	Japan's	2
47	199	employees	1
47	200	are	1
47	201	respected	1
47	202	and	1
47	203	admired	1
47	204	in	1
47	205	the	1
47	206	rest	1
47	207	of	1
47	208	the	1
47	209	world	1
47	210	for	1
47	211	their	1
47	212	commitment	1
47	213	to	1
47	214	the	1
47	215	company.	2
47	216	But	1
47	217	they	1
47	218	often	1
47	219	have	1
47	220	no	1
47	221	time	1
47	222	for	1
47	223	anything	1
47	224	else.	2
47	225	Couples	2
47	226	don't	2
47	227	have	1
47	228	time	1
47	229	to	1
47	230	start	1
47	231	families.	2
47	232	So,	2
47	233	Japan	1
47	234	has	1
47	235	a	1
47	236	low	1
47	237	birth	1
47	238	rate	1
47	239	and	1
47	240	the	1
47	241	population	1
47	242	is	1
47	243	declining.	2
47	244	More	1
47	245	employees	1
47	246	are	1
47	247	falling	1
47	248	ill	1
47	249	from	1
47	250	stress	1
47	251	or	1
47	252	even	1
47	253	dying	1
47	254	through	1
47	255	overwork.	3
47	256	Japanese	1
47	257	people	1
47	258	continue	1
47	259	to	1
47	260	work	1
47	261	hard,	2
47	262	despite	1
47	263	studies	1
47	264	that	1
47	265	suggest	1
47	266	that	1
47	267	longer	1
47	268	hours	1
47	269	at	1
47	270	work	1
47	271	do	1
47	272	not	1
47	273	necessarily	1
47	274	make	1
47	275	people	1
47	276	more	1
47	277	productive.	2
47	278	About	1
47	279	22%	2
47	280	of	1
47	281	Japanese	1
47	282	work	1
47	283	more	1
47	284	than	1
47	285	49	1
47	286	hours	1
47	287	a	1
47	288	week,	2
47	289	compared	1
47	290	with	1
47	291	16%	2
47	292	of	1
47	293	US	1
47	294	workers	1
47	295	and	1
47	296	11%	2
47	297	in	1
47	298	France	1
47	299	and	1
47	300	Germany,	2
47	301	according	1
47	302	to	1
47	303	data	1
47	304	from	1
47	305	the	1
47	306	Japanese	1
47	307	government.	2
47	308	“Nobody	3
47	309	else	1
47	310	uses	1
47	311	their	1
47	312	vacation	1
47	313	days,”	4
47	314	says	1
47	315	Erika	2
47	316	Sekiguchi,	4
47	317	a	1
47	318	36-year-old	5
47	319	employee.	2
47	320	She	1
47	321	spends	1
47	322	14	1
47	323	hours	1
47	324	a	1
47	325	day	1
47	326	at	1
47	327	work	1
47	328	and	1
47	329	used	1
47	330	only	1
47	331	eight	1
47	332	of	1
47	333	her	1
47	334	20	1
47	335	days	1
47	336	of	1
47	337	paid	1
47	338	vacation	1
47	339	in	1
47	340	2014,	2
47	341	six	1
47	342	of	1
47	343	which	1
47	344	were	1
47	345	sick	1
47	346	leave.	2
47	347	Yuu	2
47	348	Wakebe,	3
47	349	who	1
47	350	works	1
47	351	at	1
47	352	the	1
47	353	health	1
47	354	ministry,	2
47	355	admits	1
47	356	that	1
47	357	he	1
47	358	does	1
47	359	100	1
47	360	hours	1
47	361	of	1
47	362	overtime	1
47	363	a	1
47	364	month.	2
47	365	“It	3
47	366	is	1
47	367	a	1
47	368	worker's	2
47	369	right	1
47	370	to	1
47	371	take	1
47	372	paid	1
47	373	vacations,”	4
47	374	Wakebe	2
47	375	said.	2
47	376	“But	3
47	377	sadly	1
47	378	workers	1
47	379	in	1
47	380	Japan	1
47	381	have	1
47	382	to	1
47	383	do	1
47	384	a	1
47	385	lot	1
47	386	of	1
47	387	extra	1
47	388	work	1
47	389	for	1
47	390	no	1
47	391	money.”	4
47	392	Workers	1
47	393	are	1
47	394	scared	1
47	395	that	1
47	396	their	1
47	397	colleagues	1
47	398	will	1
47	399	think	1
47	400	they	1
47	401	are	1
47	402	not	1
47	403	working	1
47	404	hard	1
47	405	enough.	2
47	406	This	1
47	407	is	1
47	408	one	1
47	409	reason	1
47	410	for	1
47	411	a	1
47	412	rise	1
47	413	in	1
47	414	stress-related	3
47	415	illness,	2
47	416	early	1
47	417	death	1
47	418	and	1
47	419	suicide.	2
47	420	About	1
47	421	200	1
47	422	people	1
47	423	die	1
47	424	every	1
47	425	year	1
47	426	from	1
47	427	heart	1
47	428	attacks	1
47	429	and	1
47	430	strokes	1
47	431	in	1
47	432	Japan,	2
47	433	caused	1
47	434	by	1
47	435	long	1
47	436	hours	1
47	437	and	1
47	438	hard	1
47	439	work.	2
47	440	The	1
47	441	prime	1
47	442	minister,	2
47	443	Shinzo	1
47	444	Abe,	2
47	445	is	1
47	446	not	1
47	447	known	1
47	448	for	1
47	449	taking	1
47	450	long	1
47	451	vacations.	2
47	452	But	1
47	453	even	1
47	454	he	1
47	455	has	1
47	456	said	1
47	457	that	1
47	458	companies	1
47	459	ask	1
47	460	too	1
47	461	much	1
47	462	of	1
47	463	their	1
47	464	employees	1
47	465	and	1
47	466	that	1
47	467	working	1
47	468	hours	1
47	469	in	1
47	470	Japan	1
47	471	are	1
47	472	too	1
47	473	long.	2
48	0	A	1
48	1	lonely	1
48	2	old	1
48	3	man	1
48	4	living	1
48	5	in	1
48	6	a	1
48	7	crater	1
48	8	on	1
48	9	the	1
48	10	moon	1
48	11	is	1
48	12	the	1
48	13	unlikely	1
48	14	focus	1
48	15	of	1
48	16	John	1
48	17	Lewis's	2
48	18	Christmas	1
48	19	2015	1
48	20	advertisement,	2
48	21	as	1
48	22	the	1
48	23	department	1
48	24	store	1
48	25	puts	1
48	26	a	1
48	27	charitable	1
48	28	spin	1
48	29	on	1
48	30	its	1
48	31	latest	1
48	32	multi-million	3
48	33	pound	1
48	34	campaign.	2
48	35	Amid	1
48	36	increasing	1
48	37	hype	1
48	38	around	1
48	39	John	1
48	40	Lewis's	2
48	41	seasonal	1
48	42	ad,	2
48	43	which	1
48	44	has	1
48	45	come	1
48	46	to	1
48	47	mark	1
48	48	the	1
48	49	beginning	1
48	50	of	1
48	51	the	1
48	52	Christmas	1
48	53	shopping	1
48	54	season	1
48	55	for	1
48	56	many,	2
48	57	the	1
48	58	department	1
48	59	store	1
48	60	will	1
48	61	aim	1
48	62	to	1
48	63	use	1
48	64	its	1
48	65	profile	1
48	66	to	1
48	67	raise	1
48	68	hundreds	1
48	69	of	1
48	70	thousands	1
48	71	of	1
48	72	pounds	1
48	73	for	1
48	74	the	1
48	75	charity	1
48	76	Age	1
48	77	UK.	2
48	78	It	1
48	79	will	1
48	80	also	1
48	81	encourage	1
48	82	staff	1
48	83	and	1
48	84	customers	1
48	85	to	1
48	86	join	1
48	87	up	1
48	88	with	1
48	89	their	1
48	90	local	1
48	91	branch	1
48	92	of	1
48	93	the	1
48	94	charity	1
48	95	to	1
48	96	care	1
48	97	for	1
48	98	elderly	1
48	99	people	1
48	100	who	1
48	101	might	1
48	102	otherwise	1
48	103	be	1
48	104	alone	1
48	105	over	1
48	106	the	1
48	107	holiday.	2
48	108	The	1
48	109	retailer	1
48	110	has	1
48	111	spent	1
48	112	£7m	3
48	113	on	1
48	114	a	1
48	115	campaign	1
48	116	that	1
48	117	ranges	1
48	118	from	1
48	119	the	1
48	120	slick	1
48	121	TV	1
48	122	ad	1
48	123	to	1
48	124	a	1
48	125	smartphone	1
48	126	game	1
48	127	and	1
48	128	merchandise,	2
48	129	including	1
48	130	glow-in-the-dark	7
48	131	pyjamas,	4
48	132	as	1
48	133	well	1
48	134	as	1
48	135	areas	1
48	136	decked	2
48	137	out	1
48	138	like	1
48	139	the	1
48	140	surface	1
48	141	of	1
48	142	the	1
48	143	moon	1
48	144	in	1
48	145	11	1
48	146	stores.	2
48	147	After	1
48	148	two	1
48	149	years	1
48	150	of	1
48	151	successful	1
48	152	ads	1
48	153	featuring	1
48	154	cuddly	3
48	155	animals	1
48	156	–	1
48	157	a	1
48	158	bear	1
48	159	and	1
48	160	hare,	3
48	161	then	1
48	162	a	1
48	163	penguin	2
48	164	–	1
48	165	this	1
48	166	time,	2
48	167	the	1
48	168	retailer	1
48	169	is	1
48	170	tugging	2
48	171	at	1
48	172	the	1
48	173	heartstrings	2
48	174	with	1
48	175	a	1
48	176	story	1
48	177	of	1
48	178	a	1
48	179	young	1
48	180	girl,	2
48	181	Lily,	2
48	182	who	1
48	183	spots	1
48	184	an	1
48	185	old	1
48	186	man	1
48	187	living	1
48	188	in	1
48	189	a	1
48	190	shack	1
48	191	on	1
48	192	the	1
48	193	moon	1
48	194	through	1
48	195	her	1
48	196	telescope.	2
48	197	The	1
48	198	determined	1
48	199	child	1
48	200	tries	1
48	201	sending	1
48	202	him	1
48	203	a	1
48	204	letter	1
48	205	and	1
48	206	firing	1
48	207	a	1
48	208	note	1
48	209	via	1
48	210	bow	1
48	211	and	1
48	212	arrow,	2
48	213	before	1
48	214	floating	1
48	215	him	1
48	216	a	1
48	217	present	1
48	218	of	1
48	219	a	1
48	220	telescope	1
48	221	tied	1
48	222	to	1
48	223	balloons,	2
48	224	which	1
48	225	finally	1
48	226	enables	1
48	227	them	1
48	228	to	1
48	229	make	1
48	230	contact.	2
48	231	The	1
48	232	ad's	2
48	233	strapline	3
48	234	is:	2
48	235	“Show	3
48	236	someone	1
48	237	they're	2
48	238	loved	1
48	239	this	1
48	240	Christmas,”	4
48	241	which	1
48	242	echoes	1
48	243	Age	1
48	244	UK's	2
48	245	own	1
48	246	campaign:	2
48	247	“No	3
48	248	one	1
48	249	should	1
48	250	have	1
48	251	no	1
48	252	one	1
48	253	at	1
48	254	Christmas.”	4
48	255	Profits	2
48	256	from	1
48	257	three	1
48	258	products	1
48	259	–	1
48	260	a	1
48	261	mug,	2
48	262	gift	1
48	263	tag	1
48	264	and	1
48	265	card	1
48	266	–	1
48	267	will	1
48	268	go	1
48	269	to	1
48	270	the	1
48	271	charity.	2
48	272	“The	3
48	273	charity	1
48	274	really	1
48	275	resonates	2
48	276	with	1
48	277	people	1
48	278	at	1
48	279	this	1
48	280	time	1
48	281	of	1
48	282	year	1
48	283	and	1
48	284	the	1
48	285	ad	1
48	286	lends	1
48	287	itself	1
48	288	to	1
48	289	thinking	1
48	290	about	1
48	291	someone	1
48	292	who	1
48	293	lives	1
48	294	on	1
48	295	your	1
48	296	street	1
48	297	that	1
48	298	might	1
48	299	not	1
48	300	see	1
48	301	anybody,”	4
48	302	said	1
48	303	Rachel	1
48	304	Swift,	2
48	305	head	1
48	306	of	1
48	307	marketing	1
48	308	at	1
48	309	John	1
48	310	Lewis.	2
48	311	The	1
48	312	campaign	1
48	313	features	1
48	314	the	1
48	315	Oasis	2
48	316	track	1
48	317	Half	1
48	318	the	1
48	319	World	1
48	320	Away	1
48	321	reinterpreted	3
48	322	by	1
48	323	little-known	3
48	324	Norwegian	1
48	325	artist	1
48	326	Aurora.	2
48	327	The	1
48	328	ad	1
48	329	cost	1
48	330	£1m	3
48	331	to	1
48	332	make.	2
48	333	The	1
48	334	moon	1
48	335	scenes	1
48	336	were	1
48	337	shot	1
48	338	at	1
48	339	the	1
48	340	Warner	1
48	341	Bros	1
48	342	Studios,	2
48	343	where	1
48	344	the	1
48	345	Harry	1
48	346	Potter	1
48	347	films	1
48	348	were	1
48	349	made,	2
48	350	and	1
48	351	the	1
48	352	specially	1
48	353	built	1
48	354	set	1
48	355	was	1
48	356	created	1
48	357	by	1
48	358	one	1
48	359	of	1
48	360	the	1
48	361	team	1
48	362	behind	1
48	363	the	1
48	364	latest	1
48	365	Star	1
48	366	Wars	1
48	367	film,	2
48	368	The	1
48	369	Force	1
48	370	Awakens.	2
48	371	As	1
48	372	in	1
48	373	the	1
48	374	last	1
48	375	few	1
48	376	years,	2
48	377	John	1
48	378	Lewis	1
48	379	has	1
48	380	drummed	2
48	381	up	1
48	382	interest	1
48	383	in	1
48	384	their	1
48	385	most	1
48	386	recent	1
48	387	ad	1
48	388	prior	1
48	389	to	1
48	390	its	1
48	391	release	1
48	392	with	1
48	393	a	1
48	394	teaser	1
48	395	campaign	1
48	396	on	1
48	397	TV	1
48	398	and	1
48	399	social	1
48	400	media	1
48	401	using	1
48	402	the	1
48	403	hashtag	1
48	404	#OnTheMoon.	5
48	405	There	1
48	406	will	1
48	407	be	1
48	408	a	1
48	409	full	1
48	410	moon	1
48	411	on	1
48	412	Christmas	1
48	413	Day	1
48	414	2015	1
48	415	–	1
48	416	a	1
48	417	complete	1
48	418	coincidence,	2
48	419	according	1
48	420	to	1
48	421	Swift.	2
48	422	In	1
48	423	2014,	2
48	424	the	1
48	425	retailer	1
48	426	John	1
48	427	Lewis	1
48	428	also	1
48	429	spent	1
48	430	£7m	3
48	431	on	1
48	432	a	1
48	433	campaign	1
48	434	featuring	1
48	435	a	1
48	436	realistic	1
48	437	animated	1
48	438	penguin	2
48	439	and	1
48	440	a	1
48	441	young	1
48	442	boy	1
48	443	playing	1
48	444	together	1
48	445	to	1
48	446	the	1
48	447	tune	1
48	448	of	1
48	449	John	1
48	450	Lennon's	2
48	451	Real	1
48	452	Love,	2
48	453	sung	1
48	454	by	1
48	455	British	1
48	456	singer-songwriter	4
48	457	Tom	1
48	458	Odell.	3
48	459	It	1
48	460	had	1
48	461	drummed	2
48	462	up	1
48	463	22	1
48	464	million	1
48	465	views	1
48	466	on	1
48	467	YouTube	1
48	468	by	1
48	469	the	1
48	470	first	1
48	471	week	1
48	472	of	1
48	473	January,	2
48	474	ahead	1
48	475	of	1
48	476	the	1
48	477	16.6	3
48	478	million	1
48	479	clocked	2
48	480	by	1
48	481	Sainsbury's	4
48	482	ad	1
48	483	featuring	1
48	484	First	1
48	485	World	1
48	486	War	1
48	487	soldiers	1
48	488	sharing	1
48	489	a	1
48	490	bar	1
48	491	of	1
48	492	chocolate,	2
48	493	the	1
48	494	UK's	2
48	495	next	1
48	496	most	1
48	497	popular	1
48	498	ad	1
48	499	of	1
48	500	2014.	2
48	501	Swift	1
48	502	said	1
48	503	that,	2
48	504	despite	1
48	505	the	1
48	506	hype,	2
48	507	John	1
48	508	Lewis	1
48	509	had	1
48	510	stuck	1
48	511	to	1
48	512	the	1
48	513	same	1
48	514	strategy	1
48	515	for	1
48	516	the	1
48	517	last	1
48	518	five	1
48	519	years.	2
48	520	“It's	4
48	521	all	1
48	522	about	1
48	523	thoughtful	1
48	524	gifting	2
48	525	and	1
48	526	going	1
48	527	the	1
48	528	extra	1
48	529	mile	1
48	530	for	1
48	531	someone	1
48	532	you	1
48	533	love	1
48	534	at	1
48	535	Christmas,”	4
48	536	she	1
48	537	said.	2
48	538	“In	3
48	539	2015,	2
48	540	we	1
48	541	don't	2
48	542	go	1
48	543	into	1
48	544	it	1
48	545	thinking,	2
48	546	'This	2
48	547	is	1
48	548	going	1
48	549	to	1
48	550	be	1
48	551	huge,'	2
48	552	just	1
48	553	getting	1
48	554	something	1
48	555	right	1
48	556	for	1
48	557	the	1
48	558	brand	1
48	559	at	1
48	560	this	1
48	561	time	1
48	562	of	1
48	563	year	1
48	564	and	1
48	565	something	1
48	566	we	1
48	567	hope	1
48	568	customers	1
48	569	really	1
48	570	love.”	4
49	0	The	1
49	1	department	1
49	2	store	1
49	3	John	1
49	4	Lewis	1
49	5	has	1
49	6	a	1
49	7	2015	1
49	8	Christmas	1
49	9	advertisement.	2
49	10	The	1
49	11	ad	1
49	12	shows	1
49	13	a	1
49	14	lonely	1
49	15	old	1
49	16	man	1
49	17	who	1
49	18	lives	1
49	19	on	1
49	20	the	1
49	21	moon.	2
49	22	The	1
49	23	ad,	2
49	24	which	1
49	25	for	1
49	26	many	1
49	27	people	1
49	28	shows	1
49	29	that	1
49	30	the	1
49	31	Christmas	1
49	32	shopping	1
49	33	season	1
49	34	has	1
49	35	begun,	2
49	36	aims	1
49	37	to	1
49	38	raise	1
49	39	hundreds	1
49	40	of	1
49	41	thousands	1
49	42	of	1
49	43	pounds	1
49	44	for	1
49	45	the	1
49	46	charity	1
49	47	Age	1
49	48	UK.	2
49	49	John	1
49	50	Lewis	1
49	51	will	1
49	52	also	1
49	53	encourage	1
49	54	staff	1
49	55	and	1
49	56	customers	1
49	57	to	1
49	58	care	1
49	59	for	1
49	60	elderly	1
49	61	people	1
49	62	who	1
49	63	might	1
49	64	be	1
49	65	alone	1
49	66	over	1
49	67	the	1
49	68	holiday.	2
49	69	The	1
49	70	department	1
49	71	store	1
49	72	has	1
49	73	spent	1
49	74	£7	2
49	75	million	1
49	76	on	1
49	77	a	1
49	78	campaign	1
49	79	that	1
49	80	includes	1
49	81	the	1
49	82	TV	1
49	83	ad,	2
49	84	a	1
49	85	smartphone	1
49	86	game	1
49	87	and	1
49	88	merchandise,	2
49	89	including	1
49	90	glow-in-the-dark	7
49	91	pyjamas.	4
49	92	It	1
49	93	will	1
49	94	also	1
49	95	build	1
49	96	areas	1
49	97	that	1
49	98	look	1
49	99	like	1
49	100	the	1
49	101	surface	1
49	102	of	1
49	103	the	1
49	104	moon	1
49	105	in	1
49	106	11	1
49	107	of	1
49	108	its	1
49	109	stores.	2
49	110	After	1
49	111	two	1
49	112	years	1
49	113	of	1
49	114	successful	1
49	115	ads	1
49	116	with	1
49	117	cute	1
49	118	animals	1
49	119	–	1
49	120	a	1
49	121	bear	1
49	122	and	1
49	123	hare,	3
49	124	then	1
49	125	a	1
49	126	penguin	2
49	127	–	1
49	128	this	1
49	129	time,	2
49	130	the	1
49	131	story	1
49	132	is	1
49	133	about	1
49	134	a	1
49	135	young	1
49	136	girl,	2
49	137	Lily,	2
49	138	who	1
49	139	sees	1
49	140	an	1
49	141	old	1
49	142	man	1
49	143	living	1
49	144	in	1
49	145	a	1
49	146	small	1
49	147	wooden	1
49	148	house	1
49	149	on	1
49	150	the	1
49	151	moon	1
49	152	through	1
49	153	her	1
49	154	telescope.	2
49	155	The	1
49	156	girl	1
49	157	first	1
49	158	tries	1
49	159	to	1
49	160	send	1
49	161	him	1
49	162	a	1
49	163	letter	1
49	164	and	1
49	165	a	1
49	166	note	1
49	167	via	1
49	168	bow	1
49	169	and	1
49	170	arrow.	2
49	171	Then,	2
49	172	she	1
49	173	floats	1
49	174	him	1
49	175	a	1
49	176	present	1
49	177	of	1
49	178	a	1
49	179	telescope	1
49	180	tied	1
49	181	to	1
49	182	balloons.	2
49	183	This	1
49	184	finally	1
49	185	allows	1
49	186	them	1
49	187	to	1
49	188	make	1
49	189	contact.	2
49	190	The	1
49	191	ad's	2
49	192	message	1
49	193	is:	2
49	194	“Show	3
49	195	someone	1
49	196	they're	2
49	197	loved	1
49	198	this	1
49	199	Christmas.”	4
49	200	This	1
49	201	is	1
49	202	similar	1
49	203	to	1
49	204	Age	1
49	205	UK's	2
49	206	campaign:	2
49	207	“No	3
49	208	one	1
49	209	should	1
49	210	have	1
49	211	no	1
49	212	one	1
49	213	at	1
49	214	Christmas.”	4
49	215	Profits	2
49	216	from	1
49	217	three	1
49	218	products	1
49	219	–	1
49	220	a	1
49	221	mug,	2
49	222	gift	1
49	223	tag	1
49	224	and	1
49	225	card	1
49	226	–	1
49	227	will	1
49	228	go	1
49	229	to	1
49	230	the	1
49	231	charity.	2
49	232	Rachel	1
49	233	Swift,	2
49	234	head	1
49	235	of	1
49	236	marketing	1
49	237	at	1
49	238	John	1
49	239	Lewis,	2
49	240	said	1
49	241	that	1
49	242	people	1
49	243	talk	1
49	244	about	1
49	245	charities	1
49	246	at	1
49	247	Christmas	1
49	248	and	1
49	249	the	1
49	250	ad	1
49	251	makes	1
49	252	you	1
49	253	think	1
49	254	about	1
49	255	someone	1
49	256	who	1
49	257	lives	1
49	258	on	1
49	259	your	1
49	260	street	1
49	261	that	1
49	262	might	1
49	263	not	1
49	264	see	1
49	265	anybody.	2
49	266	The	1
49	267	campaign	1
49	268	features	1
49	269	the	1
49	270	Oasis	2
49	271	track	1
49	272	Half	1
49	273	the	1
49	274	World	1
49	275	Away	1
49	276	sung	1
49	277	by	1
49	278	Norwegian	1
49	279	singer	1
49	280	Aurora.	2
49	281	The	1
49	282	ad	1
49	283	cost	1
49	284	£1	2
49	285	million	1
49	286	to	1
49	287	make.	2
49	288	The	1
49	289	moon	1
49	290	scenes	1
49	291	were	1
49	292	shot	1
49	293	at	1
49	294	the	1
49	295	Warner	1
49	296	Bros	1
49	297	Studios,	2
49	298	where	1
49	299	the	1
49	300	Harry	1
49	301	Potter	1
49	302	films	1
49	303	were	1
49	304	made,	2
49	305	and	1
49	306	the	1
49	307	specially	1
49	308	built	1
49	309	set	1
49	310	was	1
49	311	created	1
49	312	by	1
49	313	one	1
49	314	of	1
49	315	the	1
49	316	team	1
49	317	behind	1
49	318	the	1
49	319	latest	1
49	320	Star	1
49	321	Wars	1
49	322	film,	2
49	323	The	1
49	324	Force	1
49	325	Awakens.	2
49	326	As	1
49	327	in	1
49	328	the	1
49	329	last	1
49	330	few	1
49	331	years,	2
49	332	John	1
49	333	Lewis	1
49	334	showed	1
49	335	a	1
49	336	short	1
49	337	film	1
49	338	on	1
49	339	TV	1
49	340	and	1
49	341	social	1
49	342	media	1
49	343	using	1
49	344	the	1
49	345	hashtag	1
49	346	#OnTheMoon	4
49	347	before	1
49	348	it	1
49	349	showed	1
49	350	the	1
49	351	full	1
49	352	advertisement.	2
49	353	There	1
49	354	will	1
49	355	be	1
49	356	a	1
49	357	full	1
49	358	moon	1
49	359	on	1
49	360	Christmas	1
49	361	Day	1
49	362	2015	1
49	363	–	1
49	364	a	1
49	365	complete	1
49	366	coincidence,	2
49	367	says	1
49	368	Swift.	2
49	369	In	1
49	370	2014,	2
49	371	John	1
49	372	Lewis	1
49	373	also	1
49	374	spent	1
49	375	£7	2
49	376	million	1
49	377	on	1
49	378	a	1
49	379	campaign	1
49	380	with	1
49	381	a	1
49	382	penguin	2
49	383	and	1
49	384	a	1
49	385	young	1
49	386	boy	1
49	387	playing	1
49	388	together.	2
49	389	It	1
49	390	had	1
49	391	22	1
49	392	million	1
49	393	views	1
49	394	on	1
49	395	YouTube	1
49	396	by	1
49	397	the	1
49	398	first	1
49	399	week	1
49	400	of	1
49	401	January	1
49	402	–	1
49	403	more	1
49	404	than	1
49	405	the	1
49	406	16.6	3
49	407	million	1
49	408	views	1
49	409	of	1
49	410	Sainsbury's	4
49	411	ad	1
49	412	with	1
49	413	First	1
49	414	World	1
49	415	War	1
49	416	soldiers	1
49	417	sharing	1
49	418	a	1
49	419	bar	1
49	420	of	1
49	421	chocolate,	2
49	422	the	1
49	423	UK's	2
49	424	second	1
49	425	most	1
49	426	popular	1
49	427	ad	1
49	428	of	1
49	429	2014.	2
49	430	Swift	1
49	431	said	1
49	432	that	1
49	433	in	1
49	434	2015	1
49	435	John	1
49	436	Lewis	1
49	437	wants	1
49	438	to	1
49	439	just	1
49	440	get	1
49	441	“something	3
49	442	right	1
49	443	for	1
49	444	the	1
49	445	company	1
49	446	at	1
49	447	this	1
49	448	time	1
49	449	of	1
49	450	year	1
49	451	and	1
49	452	do	1
49	453	something	1
49	454	we	1
49	455	hope	1
49	456	customers	1
49	457	really	1
49	458	love.”	4
50	0	When	1
50	1	Larry	1
50	2	Pizzi	3
50	3	first	1
50	4	heard	1
50	5	about	1
50	6	electric	1
50	7	bikes	1
50	8	nearly	1
50	9	20	1
50	10	years	1
50	11	ago,	2
50	12	he	1
50	13	asked:	2
50	14	“Why	3
50	15	would	1
50	16	anyone	1
50	17	want	1
50	18	to	1
50	19	screw	1
50	20	up	1
50	21	a	1
50	22	bike	1
50	23	by	1
50	24	putting	1
50	25	a	1
50	26	motor	1
50	27	and	1
50	28	batteries	1
50	29	on	1
50	30	it?”	4
50	31	It's	2
50	32	a	1
50	33	question	1
50	34	that	1
50	35	still	1
50	36	puzzles	1
50	37	traditionalists.	3
50	38	Bicycle	1
50	39	shops	1
50	40	have	1
50	41	been	1
50	42	slow	1
50	43	to	1
50	44	stock	1
50	45	e-bikes,	5
50	46	even	1
50	47	though	1
50	48	they	1
50	49	have	1
50	50	been	1
50	51	around	1
50	52	since	1
50	53	the	1
50	54	late	1
50	55	1990s.	3
50	56	Sales	1
50	57	in	1
50	58	the	1
50	59	US	1
50	60	have	1
50	61	been	1
50	62	modest.	2
50	63	Pizzi,	4
50	64	who	1
50	65	is	1
50	66	now	1
50	67	CEO	1
50	68	of	1
50	69	Currie	2
50	70	Technologies,	2
50	71	the	1
50	72	number	1
50	73	one	1
50	74	seller	1
50	75	of	1
50	76	e-bikes	4
50	77	in	1
50	78	the	1
50	79	US,	2
50	80	believes	1
50	81	that's	2
50	82	about	1
50	83	to	1
50	84	change.	2
50	85	Others	1
50	86	in	1
50	87	the	1
50	88	industry	1
50	89	agree.	2
50	90	Familiar	2
50	91	brands	1
50	92	including	1
50	93	Trek,	2
50	94	Raleigh	1
50	95	and	1
50	96	Specialized	2
50	97	all	1
50	98	offer	1
50	99	electric	1
50	100	models	1
50	101	and	1
50	102	they're	2
50	103	betting	1
50	104	the	1
50	105	market	1
50	106	is	1
50	107	about	1
50	108	to	1
50	109	take	1
50	110	off.	2
50	111	“We're	4
50	112	on	1
50	113	the	1
50	114	cusp	2
50	115	of	1
50	116	mainstream	1
50	117	adoption,”	4
50	118	Pizzi	3
50	119	said.	2
50	120	“There	3
50	121	are	1
50	122	more	1
50	123	players	1
50	124	entering	1
50	125	the	1
50	126	category,	2
50	127	it	1
50	128	seems,	2
50	129	with	1
50	130	every	1
50	131	passing	1
50	132	month.”	4
50	133	The	1
50	134	US	1
50	135	is	1
50	136	an	1
50	137	outlier	2
50	138	when	1
50	139	it	1
50	140	comes	1
50	141	to	1
50	142	electric	1
50	143	bikes.	2
50	144	Nearly	1
50	145	32	1
50	146	million	1
50	147	e-bikes	4
50	148	were	1
50	149	sold	1
50	150	in	1
50	151	2014,	2
50	152	the	1
50	153	vast	1
50	154	majority	1
50	155	in	1
50	156	China,	2
50	157	where	1
50	158	they	1
50	159	are	1
50	160	primarily	1
50	161	used	1
50	162	for	1
50	163	transportation.	2
50	164	They	1
50	165	are	1
50	166	popular	1
50	167	in	1
50	168	much	1
50	169	of	1
50	170	Europe,	2
50	171	too.	2
50	172	They're	2
50	173	common	1
50	174	in	1
50	175	the	1
50	176	Netherlands	1
50	177	and	1
50	178	Switzerland;	2
50	179	German	1
50	180	postal	1
50	181	workers	1
50	182	use	1
50	183	them	1
50	184	to	1
50	185	get	1
50	186	around	1
50	187	and	1
50	188	BMW	1
50	189	offers	1
50	190	one	1
50	191	for	1
50	192	about	1
50	193	$3,000.	5
50	194	Electric	1
50	195	bikes	1
50	196	are	1
50	197	different	1
50	198	from	1
50	199	motorcycles	1
50	200	or	1
50	201	mopeds,	4
50	202	which	1
50	203	rely	1
50	204	on	1
50	205	motorized	2
50	206	power;	2
50	207	they	1
50	208	are	1
50	209	bicycles	1
50	210	that	1
50	211	can	1
50	212	be	1
50	213	pedaled	2
50	214	with	1
50	215	–	1
50	216	or	1
50	217	without	1
50	218	–	1
50	219	assistance	1
50	220	from	1
50	221	an	1
50	222	electric	1
50	223	motor.	2
50	224	Riding	1
50	225	an	1
50	226	e-bike	3
50	227	feels	1
50	228	like	1
50	229	riding	1
50	230	a	1
50	231	conventional	1
50	232	bike	1
50	233	with	1
50	234	a	1
50	235	brisk	1
50	236	tailwind;	3
50	237	the	1
50	238	motor	1
50	239	helps	1
50	240	you	1
50	241	go	1
50	242	faster	1
50	243	or	1
50	244	climb	1
50	245	hills	1
50	246	but	1
50	247	it's	2
50	248	typically	1
50	249	not	1
50	250	the	1
50	251	primary	1
50	252	source	1
50	253	of	1
50	254	propulsion.	2
50	255	Unlike	1
50	256	mopeds,	4
50	257	e-	2
50	258	bicycles	1
50	259	are	1
50	260	usually	1
50	261	permitted	1
50	262	on	1
50	263	bike	1
50	264	paths	1
50	265	and	1
50	266	they	1
50	267	can't	2
50	268	travel	1
50	269	faster	1
50	270	than	1
50	271	20mph.	3
50	272	To	1
50	273	succeed,	2
50	274	the	1
50	275	electric	1
50	276	bike	1
50	277	business	1
50	278	in	1
50	279	the	1
50	280	US	1
50	281	must	1
50	282	clear	1
50	283	legal,	2
50	284	cultural	1
50	285	and	1
50	286	financial	1
50	287	hurdles.	2
50	288	E-bikes	4
50	289	are	1
50	290	banned	1
50	291	in	1
50	292	some	1
50	293	states,	2
50	294	including	1
50	295	New	1
50	296	York,	2
50	297	although	1
50	298	the	1
50	299	law	1
50	300	isn't	2
50	301	strictly	1
50	302	enforced.	2
50	303	Traditionalists	2
50	304	who	1
50	305	own	1
50	306	and	1
50	307	staff	1
50	308	bike	1
50	309	shops	1
50	310	don't	2
50	311	like	1
50	312	putting	1
50	313	motors	1
50	314	on	1
50	315	bicycles,	2
50	316	citing,	2
50	317	among	1
50	318	other	1
50	319	things,	2
50	320	the	1
50	321	added	1
50	322	weight.	2
50	323	Some	1
50	324	e-bikes	4
50	325	are	1
50	326	close	1
50	327	to	1
50	328	30kg.	3
50	329	E-bikes	4
50	330	are	1
50	331	also	1
50	332	pricey.	2
50	333	While	1
50	334	low-end	3
50	335	models	1
50	336	sell	1
50	337	for	1
50	338	as	1
50	339	little	1
50	340	as	1
50	341	$700,	3
50	342	Court	1
50	343	Rye,	2
50	344	the	1
50	345	founder	1
50	346	and	1
50	347	editor	1
50	348	of	1
50	349	ElectricBikeReview.com,	7
50	350	a	1
50	351	popular	1
50	352	website,	2
50	353	says	1
50	354	riders	1
50	355	should	1
50	356	expect	1
50	357	to	1
50	358	pay	1
50	359	at	1
50	360	least	1
50	361	$1,500	4
50	362	for	1
50	363	a	1
50	364	quality	1
50	365	e-bike	3
50	366	with	1
50	367	a	1
50	368	good	1
50	369	battery.	2
50	370	Top-of-the-line	7
50	371	models	1
50	372	cost	1
50	373	more	1
50	374	than	1
50	375	twice	1
50	376	that.	2
50	377	The	1
50	378	companies	1
50	379	that	1
50	380	make	1
50	381	and	1
50	382	sell	1
50	383	e-bikes	4
50	384	say	1
50	385	they	1
50	386	can	1
50	387	overcome	1
50	388	those	1
50	389	obstacles.	2
50	390	E-bike	3
50	391	technology,	2
50	392	particularly	1
50	393	the	1
50	394	batteries,	2
50	395	is	1
50	396	improving.	2
50	397	“Batteries	5
50	398	are	1
50	399	getting	1
50	400	smaller,	2
50	401	they're	2
50	402	getting	1
50	403	lighter,	2
50	404	they're	2
50	405	getting	1
50	406	more	1
50	407	reliable	1
50	408	and	1
50	409	they	1
50	410	are	1
50	411	lasting	1
50	412	longer,”	4
50	413	says	1
50	414	Don	1
50	415	DiCostanza,	4
50	416	the	1
50	417	founder	1
50	418	and	1
50	419	CEO	1
50	420	of	1
50	421	Pedego,	4
50	422	an	1
50	423	electric	1
50	424	bikemaker	2
50	425	and	1
50	426	retailer.	2
50	427	Big	1
50	428	companies	1
50	429	like	1
50	430	Bosch	2
50	431	and	1
50	432	Shimano	2
50	433	are	1
50	434	entering	1
50	435	the	1
50	436	business,	2
50	437	which	1
50	438	should	1
50	439	help	1
50	440	erode	2
50	441	resistance	1
50	442	from	1
50	443	bike	1
50	444	shops.	2
50	445	In	1
50	446	the	1
50	447	meantime,	2
50	448	lobbying	1
50	449	efforts	1
50	450	are	1
50	451	underway	1
50	452	to	1
50	453	permit	1
50	454	the	1
50	455	use	1
50	456	of	1
50	457	e-bikes	4
50	458	everywhere.	2
50	459	Perhaps	1
50	460	most	1
50	461	importantly,	2
50	462	as	1
50	463	more	1
50	464	cities	1
50	465	build	1
50	466	cycling	1
50	467	infrastructure,	2
50	468	including	1
50	469	dedicated	1
50	470	bike	1
50	471	lanes,	2
50	472	bicycle	1
50	473	commuting	1
50	474	has	1
50	475	become	1
50	476	more	1
50	477	popular.	2
50	478	As	1
50	479	the	1
50	480	US	1
50	481	Census	1
50	482	Bureau	1
50	483	reported	1
50	484	in	1
50	485	2014,	2
50	486	the	1
50	487	number	1
50	488	of	1
50	489	bike	1
50	490	commuters	1
50	491	grew	1
50	492	from	1
50	493	about	1
50	494	488,000	4
50	495	in	1
50	496	2000	1
50	497	to	1
50	498	786,000	4
50	499	in	1
50	500	2012.	2
50	501	Electric	1
50	502	bikes	1
50	503	make	1
50	504	commuting	1
50	505	more	1
50	506	practical	1
50	507	–	1
50	508	and	1
50	509	fun	1
50	510	–	1
50	511	by	1
50	512	easing	1
50	513	worry	1
50	514	about	1
50	515	hills,	2
50	516	headwinds	3
50	517	and	1
50	518	fatigue.	2
50	519	Most	1
50	520	of	1
50	521	our	1
50	522	customers	1
50	523	are	1
50	524	“aging	3
50	525	baby	1
50	526	boomers	2
50	527	who	1
50	528	want	1
50	529	to	1
50	530	rekindle	3
50	531	the	1
50	532	experience	1
50	533	they	1
50	534	had	1
50	535	as	1
50	536	a	1
50	537	kid,”	4
50	538	says	1
50	539	Pedego's	4
50	540	Don	1
50	541	DiCostanza.	4
50	542	“The	3
50	543	main	1
50	544	reason	1
50	545	they	1
50	546	stopped	1
50	547	riding	1
50	548	bikes	1
50	549	was	1
50	550	because	1
50	551	of	1
50	552	hills.”	4
50	553	Pedego	3
50	554	has	1
50	555	opened	1
50	556	nearly	1
50	557	60	1
50	558	stores	1
50	559	in	1
50	560	the	1
50	561	US	1
50	562	and	1
50	563	it	1
50	564	has	1
50	565	sold	1
50	566	bikes	1
50	567	to	1
50	568	tour	1
50	569	companies	1
50	570	in	1
50	571	San	1
50	572	Francisco	1
50	573	and	1
50	574	Washington,	2
50	575	DC.	2
50	576	ElectroBike,	4
50	577	which	1
50	578	operates	1
50	579	30	1
50	580	stores	1
50	581	in	1
50	582	Mexico,	2
50	583	opened	1
50	584	its	1
50	585	first	1
50	586	American	1
50	587	store	1
50	588	in	1
50	589	Venice	1
50	590	Beach,	2
50	591	California	1
50	592	in	1
50	593	the	1
50	594	autumn	1
50	595	of	1
50	596	2014	1
50	597	and	1
50	598	hopes	1
50	599	to	1
50	600	grow	1
50	601	to	1
50	602	25	1
50	603	US	1
50	604	stores	1
50	605	in	1
50	606	a	1
50	607	year.	2
50	608	CEO	1
50	609	Craig	1
50	610	Anderson	1
50	611	says:	2
50	612	“We	3
50	613	want	1
50	614	to	1
50	615	help	1
50	616	reduce	1
50	617	traffic,	2
50	618	help	1
50	619	reduce	1
50	620	our	1
50	621	carbon	1
50	622	footprint	1
50	623	and	1
50	624	promote	1
50	625	a	1
50	626	healthy	1
50	627	lifestyle.”	4
50	628	Startups	2
50	629	like	1
50	630	Pedego	3
50	631	and	1
50	632	ElectroBike	3
50	633	will	1
50	634	have	1
50	635	to	1
50	636	compete	1
50	637	with	1
50	638	big	1
50	639	companies	1
50	640	like	1
50	641	Trek	1
50	642	and	1
50	643	Currie,	3
50	644	which,	2
50	645	in	1
50	646	2012,	2
50	647	was	1
50	648	acquired	1
50	649	by	1
50	650	Accell,	3
50	651	a	1
50	652	public	1
50	653	company	1
50	654	based	1
50	655	in	1
50	656	the	1
50	657	Netherlands	1
50	658	that	1
50	659	is	1
50	660	Europe's	2
50	661	market	1
50	662	leader	1
50	663	in	1
50	664	e-bikes.	5
50	665	Accell	2
50	666	owns	1
50	667	the	1
50	668	Raleigh	1
50	669	brand,	2
50	670	as	1
50	671	well	1
50	672	as	1
50	673	Haibike,	4
50	674	an	1
50	675	award-winning	3
50	676	German	1
50	677	electric	1
50	678	bike.	2
50	679	“Accell	4
50	680	has	1
50	681	great	1
50	682	expectations	1
50	683	about	1
50	684	e-bikes	4
50	685	in	1
50	686	North	1
50	687	America,”	4
50	688	Currie's	3
50	689	Larry	1
50	690	Pizzi	3
50	691	says.	2
50	692	“While	3
50	693	baby	1
50	694	boomers	2
50	695	are	1
50	696	still	1
50	697	a	1
50	698	very	1
50	699	important	1
50	700	segment,	2
50	701	we're	2
50	702	finding	1
50	703	that	1
50	704	a	1
50	705	lot	1
50	706	of	1
50	707	younger	1
50	708	people	1
50	709	are	1
50	710	now	1
50	711	using	1
50	712	e-bikes	4
50	713	for	1
50	714	transportation,	2
50	715	instead	1
50	716	of	1
50	717	cars.”	4
50	718	Accell's	3
50	719	Yuba	2
50	720	brand	1
50	721	even	1
50	722	sells	1
50	723	a	1
50	724	cargo	1
50	725	bike	1
50	726	with	1
50	727	a	1
50	728	stronger	1
50	729	motor	1
50	730	and	1
50	731	rear	1
50	732	rack.	2
50	733	“You	3
50	734	can	1
50	735	carry	1
50	736	two	1
50	737	children,”	4
50	738	says	1
50	739	Pizzi.	4
50	740	“You	3
50	741	can	1
50	742	carry	1
50	743	45kg	2
50	744	of	1
50	745	shopping.	2
50	746	It's	2
50	747	a	1
50	748	minivan	2
50	749	alternative.”	4
51	0	When	1
51	1	Larry	1
51	2	Pizzi	3
51	3	first	1
51	4	heard	1
51	5	about	1
51	6	electric	1
51	7	bikes	1
51	8	nearly	1
51	9	20	1
51	10	years	1
51	11	ago,	2
51	12	he	1
51	13	asked:	2
51	14	“Why	3
51	15	would	1
51	16	anyone	1
51	17	want	1
51	18	to	1
51	19	spoil	1
51	20	a	1
51	21	bike	1
51	22	by	1
51	23	putting	1
51	24	a	1
51	25	motor	1
51	26	and	1
51	27	batteries	1
51	28	on	1
51	29	it?”	4
51	30	It's	2
51	31	a	1
51	32	question	1
51	33	that	1
51	34	some	1
51	35	people	1
51	36	still	1
51	37	ask.	2
51	38	Many	1
51	39	bicycle	1
51	40	shops	1
51	41	in	1
51	42	the	1
51	43	US	1
51	44	do	1
51	45	not	1
51	46	sell	1
51	47	e-bikes.	5
51	48	Pizzi	3
51	49	is	1
51	50	CEO	1
51	51	of	1
51	52	Currie	2
51	53	Technologies,	2
51	54	the	1
51	55	number	1
51	56	one	1
51	57	seller	1
51	58	of	1
51	59	e-bikes	4
51	60	in	1
51	61	the	1
51	62	US.	2
51	63	He	1
51	64	believes	1
51	65	that	1
51	66	things	1
51	67	will	1
51	68	change	1
51	69	very	1
51	70	soon.	2
51	71	Other	1
51	72	people	1
51	73	who	1
51	74	sell	1
51	75	bikes	1
51	76	agree.	2
51	77	Familiar	2
51	78	brands	1
51	79	including	1
51	80	Trek,	2
51	81	Raleigh	1
51	82	and	1
51	83	Specialized	2
51	84	all	1
51	85	offer	1
51	86	electric	1
51	87	bikes	1
51	88	and	1
51	89	they	1
51	90	believe	1
51	91	that	1
51	92	the	1
51	93	market	1
51	94	is	1
51	95	going	1
51	96	to	1
51	97	grow.	2
51	98	The	1
51	99	US	1
51	100	is	1
51	101	different	1
51	102	from	1
51	103	other	1
51	104	countries	1
51	105	when	1
51	106	it	1
51	107	comes	1
51	108	to	1
51	109	electric	1
51	110	bikes.	2
51	111	Nearly	1
51	112	32	1
51	113	million	1
51	114	e-bikes	4
51	115	were	1
51	116	sold	1
51	117	in	1
51	118	2014,	2
51	119	most	1
51	120	of	1
51	121	them	1
51	122	in	1
51	123	China,	2
51	124	where	1
51	125	people	1
51	126	mostly	1
51	127	use	1
51	128	them	1
51	129	for	1
51	130	transportation.	2
51	131	They	1
51	132	are	1
51	133	popular	1
51	134	in	1
51	135	many	1
51	136	parts	1
51	137	of	1
51	138	Europe,	2
51	139	too.	2
51	140	They're	2
51	141	common	1
51	142	in	1
51	143	the	1
51	144	Netherlands	1
51	145	and	1
51	146	Switzerland;	2
51	147	German	1
51	148	postal	1
51	149	workers	1
51	150	use	1
51	151	them	1
51	152	and	1
51	153	BMW	1
51	154	sells	1
51	155	one	1
51	156	for	1
51	157	about	1
51	158	$3,000.	5
51	159	Electric	1
51	160	bikes	1
51	161	are	1
51	162	different	1
51	163	from	1
51	164	motorcycles	1
51	165	or	1
51	166	mopeds,	4
51	167	which	1
51	168	use	1
51	169	motors;	2
51	170	you	1
51	171	pedal	1
51	172	an	1
51	173	electric	1
51	174	bike	1
51	175	with	1
51	176	–	1
51	177	or	1
51	178	without	1
51	179	–	1
51	180	help	1
51	181	from	1
51	182	an	1
51	183	electric	1
51	184	motor.	2
51	185	Riding	1
51	186	an	1
51	187	e-bike	3
51	188	feels	1
51	189	like	1
51	190	riding	1
51	191	a	1
51	192	normal	1
51	193	bike	1
51	194	with	1
51	195	a	1
51	196	strong	1
51	197	wind	1
51	198	behind	1
51	199	you;	2
51	200	the	1
51	201	motor	1
51	202	just	1
51	203	helps	1
51	204	you	1
51	205	go	1
51	206	faster	1
51	207	or	1
51	208	climb	1
51	209	hills.	2
51	210	Unlike	1
51	211	mopeds,	4
51	212	you	1
51	213	can	1
51	214	usually	1
51	215	ride	1
51	216	e-bicycles	5
51	217	on	1
51	218	bike	1
51	219	lanes	1
51	220	and	1
51	221	they	1
51	222	can't	2
51	223	travel	1
51	224	faster	1
51	225	than	1
51	226	20mph.	3
51	227	To	1
51	228	succeed,	2
51	229	the	1
51	230	electric	1
51	231	bike	1
51	232	business	1
51	233	in	1
51	234	the	1
51	235	US	1
51	236	must	1
51	237	overcome	1
51	238	legal,	2
51	239	cultural	1
51	240	and	1
51	241	financial	1
51	242	challenges.	2
51	243	E-bikes	4
51	244	are	1
51	245	banned	1
51	246	in	1
51	247	some	1
51	248	states	1
51	249	in	1
51	250	the	1
51	251	US,	2
51	252	including	1
51	253	New	1
51	254	York.	2
51	255	Some	1
51	256	bike	1
51	257	shops	1
51	258	don't	2
51	259	like	1
51	260	putting	1
51	261	motors	1
51	262	on	1
51	263	bicycles	1
51	264	because	1
51	265	it	1
51	266	makes	1
51	267	them	1
51	268	too	1
51	269	heavy.	2
51	270	Some	1
51	271	e-bikes	4
51	272	weigh	1
51	273	nearly	1
51	274	30kg.	3
51	275	E-bikes	4
51	276	are	1
51	277	also	1
51	278	expensive.	2
51	279	While	1
51	280	cheap	1
51	281	bikes	1
51	282	sell	1
51	283	for	1
51	284	just	1
51	285	$700,	3
51	286	you	1
51	287	will	1
51	288	pay	1
51	289	at	1
51	290	least	1
51	291	$1,500	4
51	292	for	1
51	293	a	1
51	294	quality	1
51	295	e-bike	3
51	296	with	1
51	297	a	1
51	298	good	1
51	299	battery.	2
51	300	The	1
51	301	best	1
51	302	bikes	1
51	303	cost	1
51	304	more	1
51	305	than	1
51	306	$3,000.	5
51	307	The	1
51	308	companies	1
51	309	that	1
51	310	make	1
51	311	and	1
51	312	sell	1
51	313	e-bikes	4
51	314	say	1
51	315	they	1
51	316	can	1
51	317	deal	1
51	318	with	1
51	319	those	1
51	320	challenges.	2
51	321	E-bike	3
51	322	technology,	2
51	323	particularly	1
51	324	the	1
51	325	batteries,	2
51	326	is	1
51	327	improving.	2
51	328	“Batteries	5
51	329	are	1
51	330	getting	1
51	331	smaller,	2
51	332	they're	2
51	333	getting	1
51	334	lighter,	2
51	335	they're	2
51	336	getting	1
51	337	more	1
51	338	reliable	1
51	339	and	1
51	340	they	1
51	341	are	1
51	342	lasting	1
51	343	longer,”	4
51	344	says	1
51	345	Don	1
51	346	DiCostanza,	4
51	347	the	1
51	348	CEO	1
51	349	of	1
51	350	Pedego,	4
51	351	an	1
51	352	electric	1
51	353	bikemaker	2
51	354	and	1
51	355	retailer.	2
51	356	Perhaps	1
51	357	most	1
51	358	importantly,	2
51	359	more	1
51	360	cities	1
51	361	are	1
51	362	building	1
51	363	bike	1
51	364	lanes	1
51	365	so	1
51	366	bicycle	1
51	367	commuting	1
51	368	has	1
51	369	become	1
51	370	more	1
51	371	popular.	2
51	372	As	1
51	373	the	1
51	374	US	1
51	375	Census	1
51	376	Bureau	1
51	377	reported	1
51	378	in	1
51	379	2014,	2
51	380	the	1
51	381	number	1
51	382	of	1
51	383	bike	1
51	384	commuters	1
51	385	grew	1
51	386	from	1
51	387	about	1
51	388	488,000	4
51	389	in	1
51	390	2000	1
51	391	to	1
51	392	786,000	4
51	393	in	1
51	394	2012.	2
51	395	Electric	1
51	396	bikes	1
51	397	make	1
51	398	commuting	1
51	399	more	1
51	400	practical	1
51	401	–	1
51	402	and	1
51	403	fun	1
51	404	–	1
51	405	because	1
51	406	people	1
51	407	don't	2
51	408	have	1
51	409	to	1
51	410	worry	1
51	411	about	1
51	412	hills,	2
51	413	strong	1
51	414	winds	1
51	415	and	1
51	416	tiredness.	3
51	417	Most	1
51	418	of	1
51	419	our	1
51	420	customers	1
51	421	are	1
51	422	“baby	3
51	423	boomers	2
51	424	who	1
51	425	want	1
51	426	to	1
51	427	have	1
51	428	the	1
51	429	cycling	1
51	430	experience	1
51	431	they	1
51	432	had	1
51	433	as	1
51	434	a	1
51	435	kid,”	4
51	436	says	1
51	437	Pedego's	4
51	438	Don	1
51	439	DiCostanza.	4
51	440	“The	3
51	441	main	1
51	442	reason	1
51	443	they	1
51	444	stopped	1
51	445	riding	1
51	446	bikes	1
51	447	was	1
51	448	because	1
51	449	of	1
51	450	hills.”	4
51	451	Pedego	3
51	452	has	1
51	453	opened	1
51	454	nearly	1
51	455	60	1
51	456	stores	1
51	457	in	1
51	458	the	1
51	459	US.	2
51	460	ElectroBike	3
51	461	has	1
51	462	30	1
51	463	stores	1
51	464	in	1
51	465	Mexico.	2
51	466	It	1
51	467	opened	1
51	468	its	1
51	469	first	1
51	470	American	1
51	471	store	1
51	472	in	1
51	473	Venice	1
51	474	Beach,	2
51	475	California	1
51	476	in	1
51	477	2014	1
51	478	and	1
51	479	hopes	1
51	480	to	1
51	481	have	1
51	482	25	1
51	483	US	1
51	484	stores	1
51	485	in	1
51	486	a	1
51	487	year.	2
51	488	CEO	1
51	489	Craig	1
51	490	Anderson	1
51	491	says:	2
51	492	“We	3
51	493	want	1
51	494	to	1
51	495	help	1
51	496	reduce	1
51	497	traffic,	2
51	498	help	1
51	499	reduce	1
51	500	our	1
51	501	carbon	1
51	502	footprint	1
51	503	and	1
51	504	encourage	1
51	505	a	1
51	506	healthy	1
51	507	lifestyle.”	4
51	508	He	1
51	509	tells	1
51	510	customers:	2
51	511	“Ride	4
51	512	this	1
51	513	bike	1
51	514	once	1
51	515	and	1
51	516	try	1
51	517	not	1
51	518	to	1
51	519	smile.”	4
51	520	Startups	2
51	521	like	1
51	522	Pedego	3
51	523	and	1
51	524	ElectroBike	3
51	525	will	1
51	526	have	1
51	527	to	1
51	528	compete	1
51	529	with	1
51	530	big	1
51	531	companies	1
51	532	like	1
51	533	Trek,	2
51	534	Currie,	3
51	535	and	1
51	536	Accell	2
51	537	-	1
51	538	the	1
51	539	market	1
51	540	leader	1
51	541	in	1
51	542	e-bikes	4
51	543	in	1
51	544	Europe.	2
51	545	Accell	2
51	546	owns	1
51	547	the	1
51	548	Raleigh	1
51	549	brand,	2
51	550	as	1
51	551	well	1
51	552	as	1
51	553	Haibike,	4
51	554	an	1
51	555	award-winning	3
51	556	German	1
51	557	electric	1
51	558	bike.	2
51	559	Currie's	3
51	560	Larry	1
51	561	Pizzi	3
51	562	thinks	1
51	563	that	1
51	564	e-bikes	4
51	565	will	1
51	566	become	1
51	567	popular	1
51	568	in	1
51	569	North	1
51	570	America.	2
51	571	Pizzi	3
51	572	says	1
51	573	“Baby	3
51	574	boomers	2
51	575	are	1
51	576	still	1
51	577	very	1
51	578	important,	2
51	579	but	1
51	580	also	1
51	581	a	1
51	582	lot	1
51	583	of	1
51	584	young	1
51	585	people	1
51	586	are	1
51	587	now	1
51	588	using	1
51	589	e-bikes	4
51	590	for	1
51	591	transportation,	2
51	592	instead	1
51	593	of	1
51	594	cars.”	4
51	595	There	1
51	596	is	1
51	597	even	1
51	598	a	1
51	599	cargo	1
51	600	bike	1
51	601	with	1
51	602	a	1
51	603	stronger	1
51	604	motor	1
51	605	and	1
51	606	rack	1
51	607	at	1
51	608	the	1
51	609	back.	2
51	610	“You	3
51	611	can	1
51	612	carry	1
51	613	two	1
51	614	children,”	4
51	615	says	1
51	616	Pizzi.	4
51	617	“You	3
51	618	can	1
51	619	carry	1
51	620	45kg	2
51	621	of	1
51	622	shopping.	2
51	623	It's	2
51	624	a	1
51	625	minivan	2
51	626	alternative.”	4
52	0	Benjamin	2
52	1	Carle	2
52	2	is	1
52	3	96.9%	4
52	4	made	1
52	5	in	1
52	6	France,	2
52	7	right	1
52	8	down	1
52	9	to	1
52	10	his	1
52	11	underpants	2
52	12	and	1
52	13	socks.	2
52	14	Unfortunately,	2
52	15	six	1
52	16	Ikea	2
52	17	forks,	2
52	18	a	1
52	19	Chinese	1
52	20	guitar	1
52	21	and	1
52	22	unsourced	2
52	23	wall	1
52	24	paint	1
52	25	stopped	1
52	26	him	1
52	27	being	1
52	28	declared	1
52	29	a	1
52	30	100%	2
52	31	economic	1
52	32	patriot,	2
52	33	but	1
52	34	nobody	1
52	35	is	1
52	36	perfect.	2
52	37	Carle,	3
52	38	26,	2
52	39	set	1
52	40	out,	2
52	41	in	1
52	42	2013,	2
52	43	to	1
52	44	see	1
52	45	if	1
52	46	it	1
52	47	was	1
52	48	possible	1
52	49	to	1
52	50	live	1
52	51	using	1
52	52	only	1
52	53	French-made	3
52	54	products	1
52	55	for	1
52	56	ten	1
52	57	months	1
52	58	as	1
52	59	part	1
52	60	of	1
52	61	a	1
52	62	television	1
52	63	documentary.	2
52	64	The	1
52	65	idea	1
52	66	was	1
52	67	triggered	1
52	68	by	1
52	69	the	1
52	70	Minister	1
52	71	for	1
52	72	Economic	1
52	73	Renewal	2
52	74	Arnaud	3
52	75	Montebourg's	3
52	76	call	1
52	77	for	1
52	78	the	1
52	79	public	1
52	80	to	1
52	81	buy	1
52	82	French	1
52	83	to	1
52	84	save	1
52	85	the	1
52	86	country's	2
52	87	industrial	1
52	88	production	1
52	89	sector.	2
52	90	The	1
52	91	experiment	1
52	92	cost	1
52	93	Carle	2
52	94	his	1
52	95	smartphone,	2
52	96	television,	2
52	97	refrigerator	1
52	98	(all	2
52	99	made	1
52	100	in	1
52	101	China);	2
52	102	his	1
52	103	spectacles	2
52	104	(Italian);	3
52	105	his	1
52	106	underpants	2
52	107	(Moroccan);	5
52	108	morning	1
52	109	coffee	1
52	110	(Guatemalan)	5
52	111	and	1
52	112	his	1
52	113	adored	2
52	114	David	1
52	115	Bowie	1
52	116	music	1
52	117	(British).	3
52	118	Fortunately,	2
52	119	his	1
52	120	long-suffering	4
52	121	girlfriend,	2
52	122	Anaïs,	4
52	123	and	1
52	124	cat,	2
52	125	Loon,	3
52	126	(both	2
52	127	French)	2
52	128	stuck	1
52	129	with	1
52	130	him.	2
52	131	“Politicians	4
52	132	say	1
52	133	all	1
52	134	sorts	1
52	135	of	1
52	136	things	1
52	137	and	1
52	138	expect	1
52	139	us	1
52	140	to	1
52	141	go	1
52	142	along	1
52	143	with	1
52	144	it.	2
52	145	I	1
52	146	wanted	1
52	147	to	1
52	148	see	1
52	149	if	1
52	150	it	1
52	151	was	1
52	152	possible	1
52	153	and	1
52	154	feasible	1
52	155	to	1
52	156	do	1
52	157	what	1
52	158	the	1
52	159	minister	1
52	160	was	1
52	161	asking	1
52	162	us	1
52	163	to	1
52	164	do;	2
52	165	to	1
52	166	hold	1
52	167	him	1
52	168	to	1
52	169	account	1
52	170	for	1
52	171	his	1
52	172	words,”	4
52	173	Carle	2
52	174	told	1
52	175	the	1
52	176	Guardian	1
52	177	over	1
52	178	a	1
52	179	non-French	3
52	180	coffee	1
52	181	in	1
52	182	a	1
52	183	Parisian	2
52	184	café	1
52	185	after	1
52	186	finishing	1
52	187	his	1
52	188	documentary.	2
52	189	He	1
52	190	set	1
52	191	just	1
52	192	three	1
52	193	rules	1
52	194	for	1
52	195	himself:	2
52	196	eat	1
52	197	only	1
52	198	foods	1
52	199	produced	1
52	200	in	1
52	201	France,	2
52	202	eliminate	1
52	203	contact	1
52	204	with	1
52	205	foreign-made	3
52	206	goods	1
52	207	and	1
52	208	do	1
52	209	so	1
52	210	on	1
52	211	€1,800	4
52	212	a	1
52	213	month	1
52	214	(above	2
52	215	the	1
52	216	minimum	1
52	217	wage	1
52	218	of	1
52	219	€1,430	4
52	220	to	1
52	221	cover	1
52	222	the	1
52	223	extra	1
52	224	expense	1
52	225	of	1
52	226	living	1
52	227	in	1
52	228	Paris).	2
52	229	The	1
52	230	journalist	1
52	231	was	1
52	232	shocked	1
52	233	to	1
52	234	find	1
52	235	out	1
52	236	at	1
52	237	the	1
52	238	start	1
52	239	of	1
52	240	the	1
52	241	experiment	1
52	242	that	1
52	243	only	1
52	244	4.5%	4
52	245	of	1
52	246	the	1
52	247	contents	1
52	248	of	1
52	249	his	1
52	250	flat	1
52	251	were	1
52	252	made	1
52	253	nationally	1
52	254	–	1
52	255	and	1
52	256	that	1
52	257	the	1
52	258	rest	1
52	259	would	1
52	260	have	1
52	261	to	1
52	262	go,	2
52	263	including	1
52	264	the	1
52	265	lightbulbs	3
52	266	(China)	3
52	267	and	1
52	268	green	1
52	269	beans	1
52	270	(Kenya).	4
52	271	The	1
52	272	removal	1
52	273	men	1
52	274	left	1
52	275	Carle's	3
52	276	home	1
52	277	almost	1
52	278	bare.	2
52	279	Left	1
52	280	without	1
52	281	a	1
52	282	refrigerator	1
52	283	(none	2
52	284	are	1
52	285	made	1
52	286	in	1
52	287	France)	2
52	288	or	1
52	289	nail	1
52	290	clippers,	3
52	291	he	1
52	292	was	1
52	293	forced	1
52	294	to	1
52	295	chill	1
52	296	his	1
52	297	food	1
52	298	on	1
52	299	the	1
52	300	window	1
52	301	ledge	1
52	302	and	1
52	303	saw	1
52	304	at	1
52	305	his	1
52	306	toenails	3
52	307	with	1
52	308	a	1
52	309	penknife.	3
52	310	His	1
52	311	foreign-made	3
52	312	clothes,	2
52	313	down	1
52	314	to	1
52	315	his	1
52	316	underwear,	2
52	317	were	1
52	318	replaced	1
52	319	with	1
52	320	more	1
52	321	expensive	1
52	322	alternatives:	2
52	323	French-produced	3
52	324	underpants	2
52	325	(€26),	4
52	326	socks	1
52	327	(€9),	4
52	328	polo	2
52	329	shirt	1
52	330	(€75),	4
52	331	espadrille	3
52	332	sandals	2
52	333	(	1
52	334	€26),	3
52	335	but	1
52	336	no	1
52	337	jeans	1
52	338	as	1
52	339	none	1
52	340	are	1
52	341	produced	1
52	342	in	1
52	343	France.	2
52	344	During	1
52	345	the	1
52	346	experiment,	2
52	347	Carle	2
52	348	scoured	2
52	349	supermarket	1
52	350	shelves	1
52	351	for	1
52	352	100%	2
52	353	French-made	3
52	354	products,	2
52	355	learned	1
52	356	to	1
52	357	cook	1
52	358	seasonal	1
52	359	fruit	1
52	360	and	1
52	361	vegetables	1
52	362	grown	1
52	363	in	1
52	364	France,	2
52	365	proudly	1
52	366	brushed	1
52	367	his	1
52	368	teeth	1
52	369	with	1
52	370	the	1
52	371	last	1
52	372	toothbrush	2
52	373	made	1
52	374	in	1
52	375	France	1
52	376	by	1
52	377	a	1
52	378	company	1
52	379	in	1
52	380	Picardie	2
52	381	employing	1
52	382	29	1
52	383	people	1
52	384	and	1
52	385	hand-washed	3
52	386	his	1
52	387	smalls	2
52	388	until	1
52	389	he	1
52	390	found	1
52	391	the	1
52	392	last	1
52	393	French-made	3
52	394	washing	1
52	395	machine	1
52	396	(which,	3
52	397	being	1
52	398	top	1
52	399	opening,	2
52	400	would	1
52	401	not	1
52	402	fit	1
52	403	under	1
52	404	the	1
52	405	kitchen	1
52	406	counter).	2
52	407	Going	1
52	408	out	1
52	409	with	1
52	410	friends	1
52	411	was	1
52	412	problematic	1
52	413	–	1
52	414	no	1
52	415	American	1
52	416	films,	2
52	417	no	1
52	418	Belgian	1
52	419	beer,	2
52	420	no	1
52	421	sushi	1
52	422	or	1
52	423	pizza.	2
52	424	Staying	2
52	425	home,	2
52	426	with	1
52	427	no	1
52	428	sofa	1
52	429	for	1
52	430	the	1
52	431	first	1
52	432	few	1
52	433	months	1
52	434	and	1
52	435	no	1
52	436	television,	2
52	437	meant	1
52	438	listening	1
52	439	to	1
52	440	crooner	2
52	441	Michel	1
52	442	Sardou	2
52	443	and	1
52	444	reading	1
52	445	French	1
52	446	novels.	2
52	447	French	1
52	448	wine	1
52	449	was,	2
52	450	of	1
52	451	course,	2
52	452	allowed	1
52	453	and	1
52	454	French-	2
52	455	Canadian	1
52	456	singer	1
52	457	Céline	3
52	458	Dion,	2
52	459	but	1
52	460	not,	2
52	461	according	1
52	462	to	1
52	463	his	1
52	464	advisers,	2
52	465	French	1
52	466	bands	1
52	467	such	1
52	468	as	1
52	469	Daft	2
52	470	Punk,	2
52	471	who	1
52	472	sing	1
52	473	in	1
52	474	English.	2
52	475	Unable	1
52	476	to	1
52	477	use	1
52	478	his	1
52	479	British-made	3
52	480	bicycle	1
52	481	or	1
52	482	even	1
52	483	a	1
52	484	French	1
52	485	car	1
52	486	after	1
52	487	discovering	1
52	488	the	1
52	489	only	1
52	490	affordable	1
52	491	Peugeot,	4
52	492	Renault	1
52	493	and	1
52	494	Citroën	4
52	495	models	1
52	496	are	1
52	497	mostly	1
52	498	made	1
52	499	overseas,	2
52	500	Carle	2
52	501	invested	1
52	502	in	1
52	503	a	1
52	504	fug-emitting	4
52	505	orange	1
52	506	Mobylette	3
52	507	moped.	3
52	508	The	1
52	509	last	1
52	510	things	1
52	511	to	1
52	512	go	1
52	513	were	1
52	514	the	1
52	515	computer,	2
52	516	replaced	1
52	517	by	1
52	518	a	1
52	519	Qooq,	4
52	520	a	1
52	521	recipe	1
52	522	tablet	1
52	523	that	1
52	524	connects	1
52	525	–	1
52	526	slowly	1
52	527	–	1
52	528	to	1
52	529	the	1
52	530	internet	1
52	531	and	1
52	532	the	1
52	533	iPhone,	2
52	534	swapped	1
52	535	for	1
52	536	an	1
52	537	old	1
52	538	Sagem	2
52	539	mobile.	2
52	540	The	1
52	541	documentary	1
52	542	shows	1
52	543	Carle	2
52	544	–	1
52	545	realizing	1
52	546	he	1
52	547	is	1
52	548	addicted	1
52	549	to	1
52	550	his	1
52	551	iPhone	1
52	552	–	1
52	553	smashing	1
52	554	it	1
52	555	with	1
52	556	a	1
52	557	brand-	2
52	558	new	1
52	559	French-made	3
52	560	Tefal	3
52	561	saucepan,	3
52	562	while	1
52	563	his	1
52	564	girlfriend	1
52	565	shrieks:	3
52	566	“Are	3
52	567	you	1
52	568	crazy?	2
52	569	Those	1
52	570	are	1
52	571	new	1
52	572	pans!”	4
52	573	Carle	2
52	574	tells	1
52	575	viewers	1
52	576	his	1
52	577	aim	1
52	578	is	1
52	579	to	1
52	580	“save	3
52	581	the	1
52	582	French	1
52	583	economy.	2
52	584	After	1
52	585	all,	2
52	586	I	1
52	587	like	1
52	588	Mission	1
52	589	Impossible.”	4
52	590	He	1
52	591	admits	1
52	592	the	1
52	593	experiment	1
52	594	was	1
52	595	part	1
52	596	serious	1
52	597	and	1
52	598	part	1
52	599	jest.	3
52	600	At	1
52	601	one	1
52	602	point,	2
52	603	he	1
52	604	consults	2
52	605	a	1
52	606	French	1
52	607	language	1
52	608	expert	1
52	609	to	1
52	610	check	1
52	611	if	1
52	612	he	1
52	613	should	1
52	614	keep	1
52	615	using	1
52	616	“cool”	5
52	617	and	1
52	618	other	1
52	619	Anglicisms	2
52	620	–	1
52	621	he	1
52	622	was	1
52	623	advised	1
52	624	to	1
52	625	swap	1
52	626	it	1
52	627	for	1
52	628	the	1
52	629	nearest	1
52	630	French	1
52	631	equivalent:	2
52	632	“chouette.”	8
52	633	On	1
52	634	discovering	1
52	635	France	1
52	636	makes	1
52	637	no	1
52	638	refrigerators	2
52	639	(apart	3
52	640	from	1
52	641	wine	1
52	642	coolers)	3
52	643	or	1
52	644	televisions,	3
52	645	but	1
52	646	is	1
52	647	big	1
52	648	in	1
52	649	airplane	1
52	650	seats	1
52	651	and	1
52	652	windmills,	4
52	653	he	1
52	654	sighs	2
52	655	and	1
52	656	says:	2
52	657	“Great.	4
52	658	Nothing	1
52	659	that	1
52	660	will	1
52	661	fit	1
52	662	into	1
52	663	my	1
52	664	apartment.”	4
52	665	At	1
52	666	the	1
52	667	end	1
52	668	of	1
52	669	the	1
52	670	experiment,	2
52	671	Carle	2
52	672	takes	1
52	673	out	1
52	674	a	1
52	675	bank	1
52	676	loan	1
52	677	to	1
52	678	refurnish	3
52	679	his	1
52	680	home	1
52	681	and	1
52	682	clothe	2
52	683	himself.	2
52	684	A	1
52	685	special	1
52	686	“auditor”	6
52	687	declares	1
52	688	him	1
52	689	96.9%	4
52	690	“made	3
52	691	in	1
52	692	France”	3
52	693	and	1
52	694	Montebourg	2
52	695	visits	1
52	696	to	1
52	697	present	1
52	698	him	1
52	699	with	1
52	700	a	1
52	701	medal.	2
52	702	Carle's	3
52	703	conclusion:	2
52	704	“It's	4
52	705	not	1
52	706	entirely	1
52	707	possible	1
52	708	or	1
52	709	even	1
52	710	desirable	1
52	711	to	1
52	712	live	1
52	713	100%	2
52	714	‘made	3
52	715	in	1
52	716	France,'	2
52	717	particularly	1
52	718	in	1
52	719	terms	1
52	720	of	1
52	721	new	1
52	722	technology.”	4
52	723	But	1
52	724	that	1
52	725	wasn't	2
52	726	the	1
52	727	point.	2
52	728	“This	3
52	729	wasn't	2
52	730	about	1
52	731	French	1
52	732	nationalism	1
52	733	or	1
52	734	patriotism.	2
52	735	It	1
52	736	was	1
52	737	trying	1
52	738	to	1
52	739	show	1
52	740	that	1
52	741	we	1
52	742	should	1
52	743	reflect	1
52	744	about	1
52	745	the	1
52	746	way	1
52	747	we	1
52	748	consume	1
52	749	and	1
52	750	make	1
52	751	different	1
52	752	choices,	2
52	753	and	1
52	754	that	1
52	755	applies	1
52	756	in	1
52	757	all	1
52	758	countries.	2
52	759	If	1
52	760	we	1
52	761	want	1
52	762	to	1
52	763	save	1
52	764	jobs	1
52	765	and	1
52	766	industries,	2
52	767	wherever	1
52	768	we	1
52	769	are,	2
52	770	we	1
52	771	might	1
52	772	think	1
52	773	about	1
52	774	supporting	1
52	775	them.”	4
52	776	According	1
52	777	to	1
52	778	Carle,	3
52	779	“A	3
52	780	T-shirt	3
52	781	is	1
52	782	more	1
52	783	expensive	1
52	784	in	1
52	785	France	1
52	786	but	1
52	787	I	1
52	788	can	1
52	789	be	1
52	790	sure	1
52	791	it	1
52	792	has	1
52	793	been	1
52	794	produced	1
52	795	by	1
52	796	workers	1
52	797	who	1
52	798	are	1
52	799	correctly	1
52	800	paid	1
52	801	and	1
52	802	have	1
52	803	good	1
52	804	working	1
52	805	conditions.	2
52	806	I	1
52	807	cannot	1
52	808	be	1
52	809	sure	1
52	810	about	1
52	811	a	1
52	812	cheaper	1
52	813	T-shirt	3
52	814	produced	1
52	815	in	1
52	816	Asia	1
52	817	or	1
52	818	Morocco.”	4
52	819	He	1
52	820	added:	2
52	821	“It's	4
52	822	hypocrisy	1
52	823	to	1
52	824	go	1
52	825	around	1
52	826	blaming	1
52	827	capitalists	1
52	828	for	1
52	829	a	1
52	830	country's	2
52	831	economic	1
52	832	decline	1
52	833	when	1
52	834	people	1
52	835	could	1
52	836	be	1
52	837	doing	1
52	838	more	1
52	839	as	1
52	840	consumers.”	4
52	841	Carle	2
52	842	says	1
52	843	he	1
52	844	hopes	1
52	845	to	1
52	846	continue	1
52	847	supporting	1
52	848	French	1
52	849	industry	1
52	850	and	1
52	851	producers,	2
52	852	but	1
52	853	not	1
52	854	100%.	2
52	855	“It	3
52	856	is	1
52	857	a	1
52	858	full-time	3
52	859	job	1
52	860	just	1
52	861	finding	1
52	862	the	1
52	863	stuff,”	4
52	864	he	1
52	865	said.	2
52	866	The	1
52	867	first	1
52	868	thing	1
52	869	he	1
52	870	did	1
52	871	when	1
52	872	the	1
52	873	experiment	1
52	874	ended	1
52	875	was	1
52	876	invite	1
52	877	his	1
52	878	friends	1
52	879	around	1
52	880	for	1
52	881	the	1
52	882	evening	1
52	883	to	1
52	884	enjoy	1
52	885	“a	3
52	886	plate	1
52	887	of	1
52	888	cheese	1
52	889	and	1
52	890	listen	1
52	891	to	1
52	892	the	1
52	893	David	1
52	894	Bowie	1
52	895	album	1
52	896	Aladdin	2
52	897	Sane.”	5
52	898	“It	3
52	899	was	1
52	900	difficult	1
52	901	not	1
52	902	being	1
52	903	able	1
52	904	to	1
52	905	invite	1
52	906	people	1
52	907	around	1
52	908	because	1
52	909	there	1
52	910	was	1
52	911	nowhere	1
52	912	to	1
52	913	sit	1
52	914	...	1
52	915	but	1
52	916	I'd	2
52	917	choose	1
52	918	Bowie	1
52	919	over	1
52	920	a	1
52	921	sofa	1
52	922	any	1
52	923	day.”	4
53	0	Benjamin	2
53	1	Carle	2
53	2	is	1
53	3	96.9%	4
53	4	made	1
53	5	in	1
53	6	France,	2
53	7	even	1
53	8	his	1
53	9	underpants	2
53	10	and	1
53	11	socks.	2
53	12	Six	1
53	13	Ikea	2
53	14	forks,	2
53	15	a	1
53	16	Chinese	1
53	17	guitar	1
53	18	and	1
53	19	some	1
53	20	wall	1
53	21	paint	1
53	22	stopped	1
53	23	him	1
53	24	being	1
53	25	called	1
53	26	100%	2
53	27	French,	2
53	28	but	1
53	29	nobody	1
53	30	is	1
53	31	perfect.	2
53	32	Carle,	3
53	33	26,	2
53	34	decided,	2
53	35	in	1
53	36	2013,	2
53	37	to	1
53	38	see	1
53	39	if	1
53	40	it	1
53	41	was	1
53	42	possible	1
53	43	to	1
53	44	live	1
53	45	using	1
53	46	only	1
53	47	French-made	3
53	48	products	1
53	49	for	1
53	50	ten	1
53	51	months	1
53	52	as	1
53	53	part	1
53	54	of	1
53	55	a	1
53	56	television	1
53	57	documentary.	2
53	58	He	1
53	59	got	1
53	60	the	1
53	61	idea	1
53	62	after	1
53	63	the	1
53	64	Minister	1
53	65	for	1
53	66	Economic	1
53	67	Renewal,	3
53	68	Arnaud	3
53	69	Montebourg,	3
53	70	asked	1
53	71	the	1
53	72	French	1
53	73	people	1
53	74	to	1
53	75	buy	1
53	76	French	1
53	77	products.	2
53	78	For	1
53	79	the	1
53	80	experiment,	2
53	81	Carle	2
53	82	had	1
53	83	to	1
53	84	give	1
53	85	up	1
53	86	his	1
53	87	smartphone,	2
53	88	television,	2
53	89	refrigerator	1
53	90	(all	2
53	91	made	1
53	92	in	1
53	93	China);	2
53	94	his	1
53	95	glasses	1
53	96	(Italian);	3
53	97	his	1
53	98	morning	1
53	99	coffee	1
53	100	(Guatemalan)	5
53	101	and	1
53	102	his	1
53	103	favourite	1
53	104	David	1
53	105	Bowie	1
53	106	music	1
53	107	(British).	3
53	108	It	1
53	109	is	1
53	110	lucky	1
53	111	that	1
53	112	his	1
53	113	girlfriend,	2
53	114	Anaïs,	4
53	115	and	1
53	116	cat,	2
53	117	Loon,	3
53	118	are	1
53	119	both	1
53	120	French,	2
53	121	so	1
53	122	he	1
53	123	didn't	2
53	124	have	1
53	125	to	1
53	126	give	1
53	127	them	1
53	128	up.	2
53	129	“I	3
53	130	wanted	1
53	131	to	1
53	132	see	1
53	133	if	1
53	134	it	1
53	135	was	1
53	136	possible	1
53	137	to	1
53	138	do	1
53	139	what	1
53	140	the	1
53	141	minister	1
53	142	was	1
53	143	asking	1
53	144	us	1
53	145	to	1
53	146	do,”	4
53	147	Carle	2
53	148	said.	2
53	149	He	1
53	150	had	1
53	151	just	1
53	152	three	1
53	153	rules	1
53	154	for	1
53	155	himself:	2
53	156	eat	1
53	157	only	1
53	158	food	1
53	159	made	1
53	160	in	1
53	161	France,	2
53	162	not	1
53	163	have	1
53	164	any	1
53	165	contact	1
53	166	with	1
53	167	foreign-made	3
53	168	products	1
53	169	and	1
53	170	to	1
53	171	do	1
53	172	it	1
53	173	all	1
53	174	on	1
53	175	€1,800	4
53	176	a	1
53	177	month	1
53	178	(above	2
53	179	the	1
53	180	minimum	1
53	181	wage	1
53	182	of	1
53	183	€1,430	4
53	184	to	1
53	185	cover	1
53	186	the	1
53	187	extra	1
53	188	cost	1
53	189	of	1
53	190	living	1
53	191	in	1
53	192	Paris).	2
53	193	The	1
53	194	journalist	1
53	195	was	1
53	196	shocked	1
53	197	to	1
53	198	find	1
53	199	out	1
53	200	at	1
53	201	the	1
53	202	start	1
53	203	of	1
53	204	the	1
53	205	experiment	1
53	206	that	1
53	207	only	1
53	208	4.5%	4
53	209	of	1
53	210	the	1
53	211	things	1
53	212	in	1
53	213	his	1
53	214	flat	1
53	215	were	1
53	216	made	1
53	217	in	1
53	218	France.	2
53	219	Everything	1
53	220	not	1
53	221	made	1
53	222	in	1
53	223	France	1
53	224	had	1
53	225	to	1
53	226	go,	2
53	227	including	1
53	228	the	1
53	229	lightbulbs	3
53	230	(China)	3
53	231	and	1
53	232	green	1
53	233	beans	1
53	234	(Kenya).	4
53	235	The	1
53	236	removal	1
53	237	men	1
53	238	left	1
53	239	Carle's	3
53	240	home	1
53	241	almost	1
53	242	empty.	2
53	243	Without	1
53	244	a	1
53	245	refrigerator	1
53	246	(none	2
53	247	are	1
53	248	made	1
53	249	in	1
53	250	France),	2
53	251	he	1
53	252	had	1
53	253	to	1
53	254	chill	1
53	255	his	1
53	256	food	1
53	257	on	1
53	258	the	1
53	259	window	1
53	260	ledge.	2
53	261	His	1
53	262	foreign-made	3
53	263	clothes,	2
53	264	including	1
53	265	his	1
53	266	underwear,	2
53	267	were	1
53	268	replaced	1
53	269	with	1
53	270	more	1
53	271	expensive	1
53	272	alternatives:	2
53	273	French-produced	3
53	274	underpants	2
53	275	(€26),	4
53	276	socks	1
53	277	(€9),	4
53	278	polo	2
53	279	shirt	1
53	280	(€75),	4
53	281	espadrille	3
53	282	sandals	2
53	283	(€26),	4
53	284	but	1
53	285	no	1
53	286	jeans	1
53	287	because	1
53	288	none	1
53	289	are	1
53	290	produced	1
53	291	in	1
53	292	France.	2
53	293	During	1
53	294	the	1
53	295	experiment,	2
53	296	Carle	2
53	297	bought	1
53	298	in	1
53	299	supermarkets	1
53	300	only	1
53	301	French-made	3
53	302	products	1
53	303	and	1
53	304	learned	1
53	305	to	1
53	306	cook	1
53	307	seasonal	1
53	308	fruit	1
53	309	and	1
53	310	vegetables	1
53	311	grown	1
53	312	in	1
53	313	France.	2
53	314	He	1
53	315	brushed	1
53	316	his	1
53	317	teeth	1
53	318	with	1
53	319	a	1
53	320	toothbrush	2
53	321	made	1
53	322	in	1
53	323	France	1
53	324	and	1
53	325	hand-washed	3
53	326	his	1
53	327	underwear	1
53	328	until	1
53	329	he	1
53	330	found	1
53	331	a	1
53	332	French-made	3
53	333	washing	1
53	334	machine.	2
53	335	The	1
53	336	washing	1
53	337	machine	1
53	338	opened	1
53	339	at	1
53	340	the	1
53	341	top	1
53	342	and	1
53	343	so	1
53	344	would	1
53	345	not	1
53	346	fit	1
53	347	under	1
53	348	the	1
53	349	kitchen	1
53	350	counter.	2
53	351	Going	1
53	352	out	1
53	353	with	1
53	354	friends	1
53	355	was	1
53	356	a	1
53	357	problem	1
53	358	–	1
53	359	no	1
53	360	American	1
53	361	films,	2
53	362	no	1
53	363	Belgian	1
53	364	beer,	2
53	365	no	1
53	366	sushi	1
53	367	or	1
53	368	pizza.	2
53	369	When	1
53	370	Carle	2
53	371	stayed	1
53	372	home,	2
53	373	with	1
53	374	no	1
53	375	sofa	1
53	376	for	1
53	377	the	1
53	378	first	1
53	379	few	1
53	380	months	1
53	381	and	1
53	382	no	1
53	383	television,	2
53	384	he	1
53	385	listened	1
53	386	to	1
53	387	French	1
53	388	singer	1
53	389	Michel	1
53	390	Sardou	2
53	391	and	1
53	392	read	1
53	393	French	1
53	394	novels.	2
53	395	French	1
53	396	wine	1
53	397	was,	2
53	398	of	1
53	399	course,	2
53	400	allowed	1
53	401	and	1
53	402	French-Canadian	3
53	403	singer	1
53	404	Céline	3
53	405	Dion,	2
53	406	but	1
53	407	not	1
53	408	French	1
53	409	bands	1
53	410	such	1
53	411	as	1
53	412	Daft	2
53	413	Punk,	2
53	414	who	1
53	415	sing	1
53	416	in	1
53	417	English.	2
53	418	He	1
53	419	could	1
53	420	not	1
53	421	use	1
53	422	his	1
53	423	British-made	3
53	424	bicycle	1
53	425	or	1
53	426	even	1
53	427	a	1
53	428	French	1
53	429	car	1
53	430	because	1
53	431	he	1
53	432	discovered	1
53	433	that	1
53	434	the	1
53	435	only	1
53	436	affordable	1
53	437	Peugeot,	4
53	438	Renault	1
53	439	and	1
53	440	Citroën	4
53	441	cars	1
53	442	are	1
53	443	not	1
53	444	made	1
53	445	in	1
53	446	France.	2
53	447	So,	2
53	448	he	1
53	449	bought	1
53	450	an	1
53	451	orange	1
53	452	Mobylette	3
53	453	moped.	3
53	454	His	1
53	455	computer	1
53	456	was	1
53	457	replaced	1
53	458	by	1
53	459	a	1
53	460	Qooq,	4
53	461	a	1
53	462	tablet	1
53	463	that	1
53	464	connects	1
53	465	–	1
53	466	slowly	1
53	467	–	1
53	468	to	1
53	469	the	1
53	470	internet	1
53	471	and	1
53	472	the	1
53	473	iPhone,	2
53	474	which	1
53	475	he	1
53	476	swapped	1
53	477	for	1
53	478	an	1
53	479	old	1
53	480	Sagem	2
53	481	mobile.	2
53	482	The	1
53	483	documentary	1
53	484	shows	1
53	485	Carle	2
53	486	–	1
53	487	breaking	1
53	488	his	1
53	489	iPhone	1
53	490	with	1
53	491	a	1
53	492	new	1
53	493	French-made	3
53	494	Tefal	3
53	495	saucepan,	3
53	496	while	1
53	497	his	1
53	498	girlfriend	1
53	499	shouts:	2
53	500	“Are	3
53	501	you	1
53	502	crazy?	2
53	503	Those	1
53	504	are	1
53	505	new	1
53	506	pans!”	4
53	507	Carle	2
53	508	said	1
53	509	his	1
53	510	aim	1
53	511	was	1
53	512	to	1
53	513	“save	3
53	514	the	1
53	515	French	1
53	516	economy.”	4
53	517	He	1
53	518	said	1
53	519	the	1
53	520	experiment	1
53	521	was	1
53	522	part	1
53	523	serious	1
53	524	and	1
53	525	part	1
53	526	fun.	2
53	527	He	1
53	528	even	1
53	529	asked	1
53	530	a	1
53	531	French	1
53	532	language	1
53	533	expert	1
53	534	to	1
53	535	check	1
53	536	if	1
53	537	he	1
53	538	should	1
53	539	keep	1
53	540	using	1
53	541	the	1
53	542	word	1
53	543	“cool”	5
53	544	and	1
53	545	other	1
53	546	English	1
53	547	words	1
53	548	–	1
53	549	the	1
53	550	expert	1
53	551	told	1
53	552	him	1
53	553	swap	1
53	554	it	1
53	555	for	1
53	556	the	1
53	557	nearest	1
53	558	French	1
53	559	alternative:	2
53	560	“chouette.”	8
53	561	When	1
53	562	he	1
53	563	discovered	1
53	564	that	1
53	565	France	1
53	566	makes	1
53	567	no	1
53	568	refrigerators	2
53	569	or	1
53	570	televisions,	3
53	571	but	1
53	572	makes	1
53	573	airplane	1
53	574	seats	1
53	575	and	1
53	576	windmills,	4
53	577	he	1
53	578	sighed	1
53	579	and	1
53	580	said:	2
53	581	“Great.	4
53	582	Nothing	1
53	583	that	1
53	584	will	1
53	585	fit	1
53	586	into	1
53	587	my	1
53	588	apartment.”	4
53	589	At	1
53	590	the	1
53	591	end	1
53	592	of	1
53	593	the	1
53	594	experiment,	2
53	595	Carle	2
53	596	bought	1
53	597	new	1
53	598	furniture	1
53	599	and	1
53	600	clothes.	2
53	601	A	1
53	602	special	1
53	603	“auditor”	6
53	604	said	1
53	605	Carle	2
53	606	was	1
53	607	96.9%	4
53	608	“made	3
53	609	in	1
53	610	France”	3
53	611	and	1
53	612	Montebourg	2
53	613	gave	1
53	614	him	1
53	615	a	1
53	616	medal.	2
53	617	Carle's	3
53	618	conclusion:	2
53	619	“It's	4
53	620	not	1
53	621	entirely	1
53	622	possible	1
53	623	to	1
53	624	live	1
53	625	100%	2
53	626	‘made	3
53	627	in	1
53	628	France,'	2
53	629	particularly	1
53	630	in	1
53	631	terms	1
53	632	of	1
53	633	new	1
53	634	technology.”	4
53	635	“This	3
53	636	wasn't	2
53	637	about	1
53	638	French	1
53	639	nationalism	1
53	640	or	1
53	641	patriotism.	2
53	642	It	1
53	643	was	1
53	644	trying	1
53	645	to	1
53	646	show	1
53	647	that	1
53	648	we	1
53	649	should	1
53	650	think	1
53	651	about	1
53	652	the	1
53	653	way	1
53	654	we	1
53	655	buy	1
53	656	and	1
53	657	make	1
53	658	different	1
53	659	choices,	2
53	660	and	1
53	661	that	1
53	662	is	1
53	663	the	1
53	664	same	1
53	665	in	1
53	666	all	1
53	667	countries.	2
53	668	If	1
53	669	we	1
53	670	want	1
53	671	to	1
53	672	save	1
53	673	jobs	1
53	674	and	1
53	675	industries,	2
53	676	we	1
53	677	should	1
53	678	support	1
53	679	them.”	4
53	680	Carle	2
53	681	said,	2
53	682	“A	3
53	683	T-shirt	3
53	684	is	1
53	685	more	1
53	686	expensive	1
53	687	in	1
53	688	France	1
53	689	but	1
53	690	I	1
53	691	can	1
53	692	be	1
53	693	sure	1
53	694	it	1
53	695	has	1
53	696	been	1
53	697	made	1
53	698	by	1
53	699	workers	1
53	700	who	1
53	701	are	1
53	702	correctly	1
53	703	paid	1
53	704	and	1
53	705	have	1
53	706	good	1
53	707	working	1
53	708	conditions.	2
53	709	I	1
53	710	cannot	1
53	711	be	1
53	712	sure	1
53	713	about	1
53	714	a	1
53	715	cheaper	1
53	716	T-shirt	3
53	717	produced	1
53	718	in	1
53	719	Asia	1
53	720	or	1
53	721	Morocco.	2
53	722	People	1
53	723	could	1
53	724	do	1
53	725	more	1
53	726	when	1
53	727	they	1
53	728	decide	1
53	729	what	1
53	730	to	1
53	731	buy.”	4
53	732	Carle	2
53	733	says	1
53	734	he	1
53	735	hopes	1
53	736	to	1
53	737	continue	1
53	738	supporting	1
53	739	French	1
53	740	industry	1
53	741	and	1
53	742	producers,	2
53	743	but	1
53	744	not	1
53	745	100%.	2
53	746	“It	3
53	747	is	1
53	748	a	1
53	749	full-time	3
53	750	job	1
53	751	just	1
53	752	finding	1
53	753	the	1
53	754	stuff,”	4
53	755	he	1
53	756	said.	2
53	757	The	1
53	758	first	1
53	759	thing	1
53	760	he	1
53	761	did	1
53	762	when	1
53	763	the	1
53	764	experiment	1
53	765	ended	1
53	766	was	1
53	767	invite	1
53	768	his	1
53	769	friends	1
53	770	to	1
53	771	enjoy	1
53	772	“a	3
53	773	plate	1
53	774	of	1
53	775	cheese	1
53	776	and	1
53	777	listen	1
53	778	to	1
53	779	the	1
53	780	David	1
53	781	Bowie	1
53	782	album	1
53	783	Aladdin	2
53	784	Sane.”	5
53	785	“It	3
53	786	was	1
53	787	difficult	1
53	788	not	1
53	789	being	1
53	790	able	1
53	791	to	1
53	792	invite	1
53	793	people	1
53	794	because	1
53	795	there	1
53	796	was	1
53	797	nowhere	1
53	798	to	1
53	799	sit	1
53	800	...	1
53	801	but	1
53	802	I'd	2
53	803	choose	1
53	804	Bowie	1
53	805	over	1
53	806	a	1
53	807	sofa	1
53	808	any	1
53	809	day.”	4
54	0	Galina	2
54	1	Zaglumyonova	6
54	2	was	1
54	3	woken	2
54	4	in	1
54	5	her	1
54	6	flat	1
54	7	in	1
54	8	central	1
54	9	Chelyabinsk	4
54	10	by	1
54	11	an	1
54	12	enormous	1
54	13	explosion	1
54	14	that	1
54	15	blew	1
54	16	in	1
54	17	the	1
54	18	balcony	1
54	19	windows	1
54	20	and	1
54	21	shattered	1
54	22	clay	1
54	23	pots	1
54	24	containing	1
54	25	her	1
54	26	few	1
54	27	houseplants.	4
54	28	When	1
54	29	she	1
54	30	jumped	1
54	31	out	1
54	32	of	1
54	33	bed	1
54	34	she	1
54	35	could	1
54	36	see	1
54	37	a	1
54	38	huge	1
54	39	vapor	1
54	40	trail	1
54	41	hanging	1
54	42	in	1
54	43	the	1
54	44	morning	1
54	45	sky	1
54	46	and	1
54	47	hear	1
54	48	the	1
54	49	wail	2
54	50	of	1
54	51	car	1
54	52	alarms	1
54	53	from	1
54	54	the	1
54	55	street	1
54	56	below.	2
54	57	“I	3
54	58	didn't	2
54	59	understand	1
54	60	what	1
54	61	was	1
54	62	going	1
54	63	on,”	4
54	64	said	1
54	65	Zaglumyonova.	7
54	66	“There	3
54	67	was	1
54	68	a	1
54	69	big	1
54	70	explosion	1
54	71	and	1
54	72	then	1
54	73	a	1
54	74	series	1
54	75	of	1
54	76	little	1
54	77	explosions.	2
54	78	My	1
54	79	first	1
54	80	thought	1
54	81	was	1
54	82	that	1
54	83	it	1
54	84	was	1
54	85	a	1
54	86	plane	1
54	87	crash.”	4
54	88	What	1
54	89	she	1
54	90	had	1
54	91	actually	1
54	92	witnessed	1
54	93	were	1
54	94	the	1
54	95	death	1
54	96	throes	2
54	97	of	1
54	98	a	1
54	99	ten-ton	3
54	100	meteorite	2
54	101	that	1
54	102	plunged	1
54	103	to	1
54	104	Earth	1
54	105	in	1
54	106	a	1
54	107	series	1
54	108	of	1
54	109	fireballs	2
54	110	just	1
54	111	after	1
54	112	sunrise.	2
54	113	Officials	1
54	114	put	1
54	115	the	1
54	116	number	1
54	117	of	1
54	118	people	1
54	119	injured	1
54	120	at	1
54	121	almost	1
54	122	1,200,	4
54	123	with	1
54	124	more	1
54	125	than	1
54	126	40	1
54	127	taken	1
54	128	to	1
54	129	hospital	1
54	130	–	1
54	131	most	1
54	132	as	1
54	133	a	1
54	134	result	1
54	135	of	1
54	136	flying	1
54	137	glass	1
54	138	shattered	1
54	139	by	1
54	140	the	1
54	141	sonic	1
54	142	boom	1
54	143	created	1
54	144	by	1
54	145	the	1
54	146	meteorite's	3
54	147	descent.	2
54	148	There	1
54	149	were	1
54	150	no	1
54	151	reported	1
54	152	deaths.	2
54	153	The	1
54	154	meteorite	2
54	155	entered	1
54	156	the	1
54	157	atmosphere	1
54	158	traveling	1
54	159	at	1
54	160	a	1
54	161	speed	1
54	162	of	1
54	163	at	1
54	164	least	1
54	165	33,000mph	4
54	166	and	1
54	167	broke	1
54	168	up	1
54	169	into	1
54	170	chunks	1
54	171	between	1
54	172	18	1
54	173	and	1
54	174	32	1
54	175	miles	1
54	176	above	1
54	177	the	1
54	178	ground,	2
54	179	according	1
54	180	to	1
54	181	a	1
54	182	statement	1
54	183	from	1
54	184	the	1
54	185	Russian	1
54	186	Academy	1
54	187	of	1
54	188	Sciences.	2
54	189	The	1
54	190	event	1
54	191	caused	1
54	192	panic	1
54	193	in	1
54	194	Chelyabinsk,	5
54	195	a	1
54	196	Russian	1
54	197	city	1
54	198	of	1
54	199	one	1
54	200	million	1
54	201	people	1
54	202	to	1
54	203	the	1
54	204	south	1
54	205	of	1
54	206	the	1
54	207	Ural	2
54	208	mountains,	2
54	209	as	1
54	210	mobile	1
54	211	phone	1
54	212	networks	1
54	213	swiftly	1
54	214	became	1
54	215	jammed	1
54	216	by	1
54	217	the	1
54	218	volume	1
54	219	of	1
54	220	calls.	2
54	221	Amateur	1
54	222	video	1
54	223	footage	1
54	224	from	1
54	225	the	1
54	226	area,	2
54	227	often	1
54	228	peppered	2
54	229	with	1
54	230	the	1
54	231	obscene	1
54	232	language	1
54	233	of	1
54	234	frightened	1
54	235	observers,	2
54	236	showed	1
54	237	the	1
54	238	chunks	1
54	239	of	1
54	240	meteorite	2
54	241	glowing	1
54	242	more	1
54	243	brightly	1
54	244	as	1
54	245	they	1
54	246	approached	1
54	247	the	1
54	248	moment	1
54	249	of	1
54	250	impact.	2
54	251	The	1
54	252	vapor	1
54	253	trail	1
54	254	was	1
54	255	visible	1
54	256	for	1
54	257	hundreds	1
54	258	of	1
54	259	miles	1
54	260	around,	2
54	261	including	1
54	262	in	1
54	263	neighboring	1
54	264	Kazakhstan.	2
54	265	Tatyana	3
54	266	Bets	2
54	267	was	1
54	268	at	1
54	269	work	1
54	270	in	1
54	271	the	1
54	272	reception	1
54	273	area	1
54	274	of	1
54	275	a	1
54	276	hospital	1
54	277	clinic	1
54	278	in	1
54	279	the	1
54	280	center	1
54	281	of	1
54	282	the	1
54	283	city	1
54	284	when	1
54	285	the	1
54	286	meteorite	2
54	287	struck.	2
54	288	“First	3
54	289	we	1
54	290	noticed	1
54	291	the	1
54	292	wind,	2
54	293	and	1
54	294	then	1
54	295	the	1
54	296	room	1
54	297	was	1
54	298	filled	1
54	299	with	1
54	300	a	1
54	301	very	1
54	302	bright	1
54	303	light	1
54	304	and	1
54	305	we	1
54	306	could	1
54	307	see	1
54	308	a	1
54	309	cloud	1
54	310	of	1
54	311	some	1
54	312	unspecified	1
54	313	smoke	1
54	314	in	1
54	315	the	1
54	316	sky,”	4
54	317	she	1
54	318	said.	2
54	319	Then,	2
54	320	after	1
54	321	a	1
54	322	few	1
54	323	minutes,	2
54	324	came	1
54	325	the	1
54	326	explosions.	2
54	327	At	1
54	328	least	1
54	329	three	1
54	330	craters	2
54	331	were	1
54	332	subsequently	1
54	333	discovered,	2
54	334	according	1
54	335	to	1
54	336	the	1
54	337	Ministry	1
54	338	of	1
54	339	the	1
54	340	Interior,	2
54	341	and	1
54	342	were	1
54	343	being	1
54	344	monitored	1
54	345	by	1
54	346	the	1
54	347	military.	2
54	348	One	1
54	349	crater	1
54	350	was	1
54	351	more	1
54	352	than	1
54	353	six	1
54	354	meters	1
54	355	wide,	2
54	356	while	1
54	357	another	1
54	358	lump	1
54	359	of	1
54	360	meteorite	2
54	361	was	1
54	362	reported	1
54	363	to	1
54	364	have	1
54	365	slammed	1
54	366	through	1
54	367	the	1
54	368	thick	1
54	369	ice	1
54	370	of	1
54	371	a	1
54	372	nearby	1
54	373	lake.	2
54	374	Radiation	1
54	375	levels	1
54	376	at	1
54	377	the	1
54	378	impact	1
54	379	sites	1
54	380	were	1
54	381	normal,	2
54	382	according	1
54	383	to	1
54	384	local	1
54	385	military	1
54	386	officials.	2
54	387	In	1
54	388	Chelyabinsk	4
54	389	itself,	2
54	390	schools	1
54	391	and	1
54	392	universities	1
54	393	were	1
54	394	closed	1
54	395	and	1
54	396	many	1
54	397	other	1
54	398	staff	1
54	399	told	1
54	400	to	1
54	401	go	1
54	402	home	1
54	403	early.	2
54	404	About	1
54	405	200	1
54	406	children	1
54	407	were	1
54	408	among	1
54	409	the	1
54	410	injured.	2
54	411	A	1
54	412	steady	1
54	413	stream	1
54	414	of	1
54	415	lightly	1
54	416	injured	1
54	417	people,	2
54	418	most	1
54	419	suffering	1
54	420	cuts	1
54	421	from	1
54	422	flying	1
54	423	glass,	2
54	424	came	1
54	425	into	1
54	426	the	1
54	427	clinic	1
54	428	where	1
54	429	Bets	2
54	430	works.	2
54	431	She	1
54	432	said	1
54	433	a	1
54	434	nearby	1
54	435	college	1
54	436	was	1
54	437	particularly	1
54	438	badly	1
54	439	affected	1
54	440	and	1
54	441	many	1
54	442	of	1
54	443	the	1
54	444	students	1
54	445	were	1
54	446	brought	1
54	447	in	1
54	448	suffering	1
54	449	from	1
54	450	fright.	2
54	451	“There	3
54	452	were	1
54	453	a	1
54	454	lot	1
54	455	of	1
54	456	girls	1
54	457	from	1
54	458	the	1
54	459	college	1
54	460	in	1
54	461	shock.	2
54	462	Some	1
54	463	were	1
54	464	very	1
54	465	pale	1
54	466	and	1
54	467	many	1
54	468	of	1
54	469	them	1
54	470	fainted,”	5
54	471	she	1
54	472	said.	2
54	473	Early	1
54	474	estimates	1
54	475	suggested	1
54	476	more	1
54	477	than	1
54	478	100,000	3
54	479	square	1
54	480	meters	1
54	481	of	1
54	482	glass	1
54	483	had	1
54	484	been	1
54	485	broken	1
54	486	and	1
54	487	3,000	3
54	488	buildings	1
54	489	hit.	2
54	490	The	1
54	491	total	1
54	492	cost	1
54	493	of	1
54	494	the	1
54	495	damage	1
54	496	in	1
54	497	the	1
54	498	city	1
54	499	was	1
54	500	being	1
54	501	valued	1
54	502	at	1
54	503	in	1
54	504	excess	1
54	505	of	1
54	506	one	1
54	507	billion	1
54	508	roubles	2
54	509	(£20m).	4
54	510	The	1
54	511	meteorite	2
54	512	over	1
54	513	Chelyabinsk	4
54	514	arrived	1
54	515	less	1
54	516	than	1
54	517	a	1
54	518	day	1
54	519	before	1
54	520	asteroid	1
54	521	2012	1
54	522	DA14	2
54	523	was	1
54	524	expected	1
54	525	to	1
54	526	make	1
54	527	the	1
54	528	closest	1
54	529	pass	1
54	530	to	1
54	531	Earth	1
54	532	(about	2
54	533	17,510	3
54	534	miles)	2
54	535	of	1
54	536	any	1
54	537	recorded	1
54	538	cosmic	1
54	539	body.	2
54	540	But	1
54	541	experts	1
54	542	said	1
54	543	the	1
54	544	two	1
54	545	events	1
54	546	were	1
54	547	linked	1
54	548	by	1
54	549	nothing	1
54	550	more	1
54	551	than	1
54	552	coincidence.	2
54	553	Rumors	2
54	554	and	1
54	555	conspiracy	1
54	556	theories,	2
54	557	however,	2
54	558	swirled	2
54	559	in	1
54	560	the	1
54	561	first	1
54	562	few	1
54	563	hours	1
54	564	after	1
54	565	the	1
54	566	incident.	2
54	567	Reports	1
54	568	on	1
54	569	Russian	1
54	570	state	1
54	571	television	1
54	572	and	1
54	573	in	1
54	574	local	1
54	575	media	1
54	576	suggested	1
54	577	that	1
54	578	the	1
54	579	meteorite	2
54	580	was	1
54	581	engaged	1
54	582	by	1
54	583	local	1
54	584	air	1
54	585	defense	1
54	586	units	1
54	587	and	1
54	588	blown	1
54	589	apart	1
54	590	at	1
54	591	an	1
54	592	altitude	1
54	593	of	1
54	594	more	1
54	595	than	1
54	596	15	1
54	597	miles.	2
54	598	The	1
54	599	ultranationalist	4
54	600	leader	1
54	601	of	1
54	602	Russia's	2
54	603	Liberal	1
54	604	Democrat	1
54	605	party,	2
54	606	Vladimir	1
54	607	Zhirinovsky,	4
54	608	said	1
54	609	it	1
54	610	was	1
54	611	not	1
54	612	a	1
54	613	meteorite	2
54	614	but	1
54	615	military	1
54	616	action	1
54	617	by	1
54	618	the	1
54	619	United	1
54	620	States,	2
54	621	echoing	1
54	622	much	1
54	623	of	1
54	624	the	1
54	625	speculation	1
54	626	voiced	1
54	627	on	1
54	628	amateur	1
54	629	film	1
54	630	footage.	2
54	631	“It's	4
54	632	not	1
54	633	a	1
54	634	meteorite	2
54	635	falling	1
54	636	–	1
54	637	it's	2
54	638	a	1
54	639	test	1
54	640	of	1
54	641	new	1
54	642	American	1
54	643	weapons,”	4
54	644	Zhirinovsky	3
54	645	said.	2
54	646	Some	1
54	647	were	1
54	648	quick	1
54	649	to	1
54	650	take	1
54	651	advantage	1
54	652	of	1
54	653	the	1
54	654	confusion.	2
54	655	Enterprising	2
54	656	people	1
54	657	were	1
54	658	offering	1
54	659	lumps	2
54	660	of	1
54	661	meteorite	2
54	662	for	1
54	663	sale	1
54	664	through	1
54	665	internet	1
54	666	sites	1
54	667	within	1
54	668	a	1
54	669	few	1
54	670	hours	1
54	671	of	1
54	672	the	1
54	673	impact.	2
54	674	President	1
54	675	Vladimir	1
54	676	Putin	1
54	677	and	1
54	678	the	1
54	679	Prime	1
54	680	Minister,	2
54	681	Dmitry	1
54	682	Medvedev,	4
54	683	were	1
54	684	informed	1
54	685	about	1
54	686	the	1
54	687	incident,	2
54	688	and	1
54	689	Putin	1
54	690	convened	1
54	691	a	1
54	692	meeting	1
54	693	with	1
54	694	the	1
54	695	head	1
54	696	of	1
54	697	the	1
54	698	Emergency	1
54	699	Situations	2
54	700	Ministry.	2
54	701	“It's	4
54	702	proof	1
54	703	that	1
54	704	not	1
54	705	only	1
54	706	are	1
54	707	economies	1
54	708	vulnerable	1
54	709	but	1
54	710	the	1
54	711	whole	1
54	712	planet,”	4
54	713	Medvedev	3
54	714	said	1
54	715	at	1
54	716	an	1
54	717	economic	1
54	718	forum	1
54	719	in	1
54	720	Siberia.	2
55	0	Galina	2
55	1	Zaglumyonova	6
55	2	was	1
55	3	woken	2
55	4	in	1
55	5	her	1
55	6	flat	1
55	7	in	1
55	8	central	1
55	9	Chelyabinsk	4
55	10	by	1
55	11	a	1
55	12	very	1
55	13	big	1
55	14	explosion	1
55	15	that	1
55	16	broke	1
55	17	the	1
55	18	balcony	1
55	19	windows	1
55	20	and	1
55	21	broken	1
55	22	pots	1
55	23	containing	1
55	24	her	1
55	25	houseplants.	4
55	26	When	1
55	27	she	1
55	28	jumped	1
55	29	out	1
55	30	of	1
55	31	bed	1
55	32	she	1
55	33	could	1
55	34	see	1
55	35	a	1
55	36	huge	1
55	37	vapor	1
55	38	trail	1
55	39	in	1
55	40	the	1
55	41	morning	1
55	42	sky	1
55	43	and	1
55	44	hear	1
55	45	car	1
55	46	alarms	1
55	47	from	1
55	48	the	1
55	49	street	1
55	50	below.	2
55	51	“I	3
55	52	didn't	2
55	53	understand	1
55	54	what	1
55	55	was	1
55	56	going	1
55	57	on,”	4
55	58	said	1
55	59	Zaglumyonova.	7
55	60	“There	3
55	61	was	1
55	62	a	1
55	63	big	1
55	64	explosion	1
55	65	and	1
55	66	then	1
55	67	lots	1
55	68	of	1
55	69	little	1
55	70	explosions.	2
55	71	My	1
55	72	first	1
55	73	thought	1
55	74	was	1
55	75	that	1
55	76	it	1
55	77	was	1
55	78	a	1
55	79	plane	1
55	80	crash.”	4
55	81	In	1
55	82	fact,	2
55	83	it	1
55	84	was	1
55	85	a	1
55	86	ten-ton	3
55	87	meteorite	2
55	88	that	1
55	89	fell	1
55	90	to	1
55	91	Earth	1
55	92	in	1
55	93	lots	1
55	94	of	1
55	95	pieces.	2
55	96	Almost	1
55	97	1,200	3
55	98	people	1
55	99	were	1
55	100	injured.	2
55	101	More	1
55	102	than	1
55	103	40	1
55	104	people	1
55	105	were	1
55	106	taken	1
55	107	to	1
55	108	hospital	1
55	109	–	1
55	110	most	1
55	111	of	1
55	112	them	1
55	113	were	1
55	114	hurt	1
55	115	by	1
55	116	flying	1
55	117	glass.	2
55	118	There	1
55	119	were	1
55	120	no	1
55	121	deaths.	2
55	122	The	1
55	123	meteorite	2
55	124	entered	1
55	125	the	1
55	126	atmosphere	1
55	127	at	1
55	128	a	1
55	129	speed	1
55	130	of	1
55	131	at	1
55	132	least	1
55	133	33,000	3
55	134	miles	1
55	135	per	1
55	136	hour	1
55	137	and	1
55	138	broke	1
55	139	into	1
55	140	pieces	1
55	141	between	1
55	142	18	1
55	143	and	1
55	144	32	1
55	145	miles	1
55	146	above	1
55	147	the	1
55	148	ground.	2
55	149	The	1
55	150	event	1
55	151	caused	1
55	152	panic	1
55	153	in	1
55	154	Chelyabinsk,	5
55	155	a	1
55	156	Russian	1
55	157	city	1
55	158	of	1
55	159	one	1
55	160	million	1
55	161	people	1
55	162	to	1
55	163	the	1
55	164	south	1
55	165	of	1
55	166	the	1
55	167	Ural	2
55	168	mountains.	2
55	169	Mobile	1
55	170	phone	1
55	171	networks	1
55	172	quickly	1
55	173	became	1
55	174	jammed	1
55	175	by	1
55	176	the	1
55	177	large	1
55	178	number	1
55	179	of	1
55	180	calls.	2
55	181	A	1
55	182	video	1
55	183	showed	1
55	184	the	1
55	185	pieces	1
55	186	of	1
55	187	meteorite	2
55	188	glowing	1
55	189	more	1
55	190	brightly	1
55	191	as	1
55	192	they	1
55	193	approached	1
55	194	the	1
55	195	moment	1
55	196	of	1
55	197	impact.	2
55	198	People	1
55	199	could	1
55	200	see	1
55	201	the	1
55	202	vapor	1
55	203	trail	1
55	204	for	1
55	205	hundreds	1
55	206	of	1
55	207	miles,	2
55	208	even	1
55	209	from	1
55	210	neighboring	1
55	211	Kazakhstan.	2
55	212	Tatyana	3
55	213	Bets	2
55	214	was	1
55	215	at	1
55	216	work	1
55	217	in	1
55	218	the	1
55	219	reception	1
55	220	area	1
55	221	of	1
55	222	a	1
55	223	hospital	1
55	224	clinic	1
55	225	in	1
55	226	the	1
55	227	center	1
55	228	of	1
55	229	the	1
55	230	city	1
55	231	when	1
55	232	the	1
55	233	meteorite	2
55	234	hit.	2
55	235	“First	3
55	236	we	1
55	237	noticed	1
55	238	the	1
55	239	wind,	2
55	240	and	1
55	241	then	1
55	242	the	1
55	243	room	1
55	244	was	1
55	245	filled	1
55	246	with	1
55	247	a	1
55	248	very	1
55	249	bright	1
55	250	light	1
55	251	and	1
55	252	we	1
55	253	could	1
55	254	see	1
55	255	smoke	1
55	256	in	1
55	257	the	1
55	258	sky,”	4
55	259	she	1
55	260	said.	2
55	261	Then,	2
55	262	after	1
55	263	a	1
55	264	few	1
55	265	minutes,	2
55	266	the	1
55	267	explosions	1
55	268	came.	2
55	269	At	1
55	270	least	1
55	271	three	1
55	272	craters	2
55	273	were	1
55	274	found.	2
55	275	One	1
55	276	crater	1
55	277	was	1
55	278	more	1
55	279	than	1
55	280	six	1
55	281	meters	1
55	282	wide.	2
55	283	Another	1
55	284	piece	1
55	285	of	1
55	286	meteorite	2
55	287	broke	1
55	288	through	1
55	289	the	1
55	290	thick	1
55	291	ice	1
55	292	of	1
55	293	a	1
55	294	lake.	2
55	295	The	1
55	296	local	1
55	297	military	1
55	298	said	1
55	299	that	1
55	300	the	1
55	301	radiation	1
55	302	levels	1
55	303	at	1
55	304	the	1
55	305	impact	1
55	306	sites	1
55	307	were	1
55	308	normal.	2
55	309	In	1
55	310	Chelyabinsk,	5
55	311	schools	1
55	312	and	1
55	313	universities	1
55	314	were	1
55	315	closed	1
55	316	and	1
55	317	people	1
55	318	were	1
55	319	told	1
55	320	to	1
55	321	go	1
55	322	home	1
55	323	early.	2
55	324	About	1
55	325	200	1
55	326	children	1
55	327	were	1
55	328	injured.	2
55	329	Many	1
55	330	people,	2
55	331	mostly	1
55	332	with	1
55	333	cuts	1
55	334	from	1
55	335	flying	1
55	336	glass,	2
55	337	came	1
55	338	into	1
55	339	the	1
55	340	clinic	1
55	341	where	1
55	342	Bets	2
55	343	works.	2
55	344	She	1
55	345	said	1
55	346	many	1
55	347	of	1
55	348	the	1
55	349	students	1
55	350	at	1
55	351	a	1
55	352	nearby	1
55	353	college	1
55	354	came	1
55	355	to	1
55	356	the	1
55	357	hospital	1
55	358	because	1
55	359	they	1
55	360	were	1
55	361	scared.	2
55	362	“There	3
55	363	were	1
55	364	a	1
55	365	lot	1
55	366	of	1
55	367	girls	1
55	368	from	1
55	369	the	1
55	370	college	1
55	371	in	1
55	372	shock,”	4
55	373	she	1
55	374	said.	2
55	375	More	1
55	376	than	1
55	377	100,000	3
55	378	square	1
55	379	meters	1
55	380	of	1
55	381	glass	1
55	382	were	1
55	383	broken	1
55	384	and	1
55	385	3,000	3
55	386	buildings	1
55	387	were	1
55	388	hit.	2
55	389	The	1
55	390	total	1
55	391	cost	1
55	392	of	1
55	393	the	1
55	394	damage	1
55	395	in	1
55	396	the	1
55	397	city	1
55	398	is	1
55	399	probably	1
55	400	more	1
55	401	than	1
55	402	one	1
55	403	billion	1
55	404	roubles	2
55	405	(£20	2
55	406	million).	2
55	407	The	1
55	408	meteorite	2
55	409	arrived	1
55	410	a	1
55	411	day	1
55	412	before	1
55	413	asteroid	1
55	414	2012	1
55	415	DA14	2
55	416	passed	1
55	417	Earth	1
55	418	very	1
55	419	closely	1
55	420	(about	2
55	421	17,510	3
55	422	miles).	2
55	423	But	1
55	424	experts	1
55	425	said	1
55	426	the	1
55	427	two	1
55	428	events	1
55	429	were	1
55	430	not	1
55	431	connected.	2
55	432	There	1
55	433	were	1
55	434	lots	1
55	435	of	1
55	436	rumors	1
55	437	in	1
55	438	the	1
55	439	first	1
55	440	few	1
55	441	hours	1
55	442	after	1
55	443	the	1
55	444	incident.	2
55	445	Reports	1
55	446	on	1
55	447	Russian	1
55	448	state	1
55	449	television	1
55	450	and	1
55	451	in	1
55	452	local	1
55	453	media	1
55	454	suggested	1
55	455	that	1
55	456	the	1
55	457	Russian	1
55	458	military	1
55	459	blew	1
55	460	apart	1
55	461	the	1
55	462	meteorite.	3
55	463	The	1
55	464	ultra-nationalist	4
55	465	leader	1
55	466	of	1
55	467	Russia's	2
55	468	Liberal	1
55	469	Democrat	1
55	470	party,	2
55	471	Vladimir	1
55	472	Zhirinovsky,	4
55	473	said	1
55	474	it	1
55	475	was	1
55	476	not	1
55	477	a	1
55	478	meteorite.	3
55	479	He	1
55	480	said	1
55	481	it	1
55	482	was	1
55	483	a	1
55	484	weapons	1
55	485	test	1
55	486	by	1
55	487	the	1
55	488	United	1
55	489	States.	2
55	490	Some	1
55	491	people	1
55	492	were	1
55	493	selling	1
55	494	pieces	1
55	495	of	1
55	496	meteorite	2
55	497	through	1
55	498	internet	1
55	499	sites	1
55	500	within	1
55	501	a	1
55	502	few	1
55	503	hours	1
55	504	of	1
55	505	the	1
55	506	impact.	2
55	507	President	1
55	508	Vladimir	1
55	509	Putin	1
55	510	and	1
55	511	the	1
55	512	Prime	1
55	513	Minister,	2
55	514	Dmitry	1
55	515	Medvedev,	4
55	516	were	1
55	517	updated	1
55	518	about	1
55	519	the	1
55	520	incident,	2
55	521	and	1
55	522	Putin	1
55	523	met	1
55	524	with	1
55	525	the	1
55	526	head	1
55	527	of	1
55	528	the	1
55	529	Emergency	1
55	530	Situations	2
55	531	Ministry.	2
55	532	Prime	1
55	533	Minister	1
55	534	Dmitry	1
55	535	Medvedev	3
55	536	said	1
55	537	that	1
55	538	it	1
55	539	shows	1
55	540	us	1
55	541	that	1
55	542	the	1
55	543	whole	1
55	544	planet	1
55	545	is	1
55	546	vulnerable.	2
56	0	The	1
56	1	small	1
56	2	space	1
56	3	is	1
56	4	set	1
56	5	up	1
56	6	to	1
56	7	look	1
56	8	like	1
56	9	a	1
56	10	classroom.	2
56	11	Its	1
56	12	corrugated	3
56	13	iron	1
56	14	walls	1
56	15	are	1
56	16	hung	1
56	17	with	1
56	18	educational	1
56	19	charts	1
56	20	–	1
56	21	illustrated	1
56	22	letters	1
56	23	of	1
56	24	the	1
56	25	alphabet	1
56	26	and	1
56	27	a	1
56	28	map	1
56	29	of	1
56	30	Bangladesh.	2
56	31	But,	2
56	32	the	1
56	33	constant	1
56	34	sound	1
56	35	of	1
56	36	hammering	2
56	37	and	1
56	38	the	1
56	39	chemicals	1
56	40	in	1
56	41	the	1
56	42	air	1
56	43	that	1
56	44	catch	1
56	45	in	1
56	46	the	1
56	47	back	1
56	48	of	1
56	49	the	1
56	50	throat	1
56	51	and	1
56	52	irritate	2
56	53	the	1
56	54	eyes	1
56	55	make	1
56	56	it	1
56	57	hard	1
56	58	to	1
56	59	concentrate.	2
56	60	The	1
56	61	children	1
56	62	who	1
56	63	learn	1
56	64	in	1
56	65	this	1
56	66	three-square-	4
56	67	meter	1
56	68	room	1
56	69	are	1
56	70	the	1
56	71	lucky	1
56	72	ones,	2
56	73	however.	2
56	74	They	1
56	75	have	1
56	76	escaped	1
56	77	working	1
56	78	in	1
56	79	the	1
56	80	factories	1
56	81	opposite.	2
56	82	For	1
56	83	14	1
56	84	years,	2
56	85	SOHAY,	4
56	86	a	1
56	87	grassroots	1
56	88	non-governmental	3
56	89	organization	1
56	90	(NGO)	4
56	91	funded	1
56	92	by	1
56	93	the	1
56	94	Global	1
56	95	Fund	1
56	96	for	1
56	97	Children	1
56	98	and	1
56	99	Comic	1
56	100	Relief,	2
56	101	has	1
56	102	been	1
56	103	working	1
56	104	in	1
56	105	slum	2
56	106	areas	1
56	107	of	1
56	108	Dhaka	2
56	109	to	1
56	110	get	1
56	111	child	1
56	112	laborers	1
56	113	into	1
56	114	school.	2
56	115	It	1
56	116	focuses	1
56	117	on	1
56	118	children	1
56	119	working	1
56	120	in	1
56	121	hazardous	1
56	122	conditions	1
56	123	–	1
56	124	in	1
56	125	aluminum	1
56	126	and	1
56	127	plastic	1
56	128	factories,	2
56	129	and	1
56	130	tanneries.	4
56	131	The	1
56	132	classroom	1
56	133	is	1
56	134	one	1
56	135	of	1
56	136	23	1
56	137	urban	1
56	138	development	1
56	139	centers	1
56	140	that	1
56	141	SOHAY	3
56	142	has	1
56	143	set	1
56	144	up	1
56	145	across	1
56	146	the	1
56	147	capital.	2
56	148	The	1
56	149	centers	1
56	150	prepare	1
56	151	children	1
56	152	for	1
56	153	primary	1
56	154	school	1
56	155	with	1
56	156	classes	1
56	157	that	1
56	158	help	1
56	159	them	1
56	160	catch	1
56	161	up	1
56	162	on	1
56	163	their	1
56	164	education.	2
56	165	Once	1
56	166	they	1
56	167	are	1
56	168	in	1
56	169	primary	1
56	170	school,	2
56	171	the	1
56	172	children	1
56	173	can	1
56	174	do	1
56	175	homework	1
56	176	at	1
56	177	the	1
56	178	centers,	2
56	179	with	1
56	180	help	1
56	181	from	1
56	182	their	1
56	183	peers.	2
56	184	Alamin,	3
56	185	ten,	2
56	186	who	1
56	187	used	1
56	188	to	1
56	189	work	1
56	190	in	1
56	191	a	1
56	192	plastic	1
56	193	factory,	2
56	194	attends	1
56	195	one	1
56	196	of	1
56	197	the	1
56	198	centers.	2
56	199	His	1
56	200	father	1
56	201	is	1
56	202	a	1
56	203	street	1
56	204	seller	1
56	205	and	1
56	206	his	1
56	207	mother	1
56	208	a	1
56	209	part-time	3
56	210	domestic	1
56	211	worker.	2
56	212	They	1
56	213	are	1
56	214	all	1
56	215	happy	1
56	216	that	1
56	217	he's	2
56	218	now	1
56	219	in	1
56	220	school	1
56	221	and	1
56	222	away	1
56	223	from	1
56	224	hazardous	1
56	225	work.	2
56	226	His	1
56	227	friend	1
56	228	Rabi	2
56	229	says	1
56	230	he	1
56	231	wants	1
56	232	to	1
56	233	forget	1
56	234	his	1
56	235	past	1
56	236	in	1
56	237	the	1
56	238	factory.	2
56	239	“I	3
56	240	like	1
56	241	school,”	4
56	242	he	1
56	243	says.	2
56	244	SOHAY	3
56	245	also	1
56	246	runs	1
56	247	sessions	1
56	248	for	1
56	249	parents	1
56	250	and	1
56	251	employers	1
56	252	to	1
56	253	discourage	1
56	254	child	1
56	255	labor	1
56	256	and	1
56	257	offers	1
56	258	skills	1
56	259	training	1
56	260	to	1
56	261	increase	1
56	262	family	1
56	263	income.	2
56	264	“Getting	3
56	265	working	1
56	266	children	1
56	267	into	1
56	268	formal	1
56	269	education	1
56	270	is	1
56	271	really	1
56	272	very	1
56	273	challenging,”	4
56	274	says	1
56	275	SOHAY's	4
56	276	program	1
56	277	manager,	2
56	278	Mohammed	1
56	279	al-Mamun.	6
56	280	“Their	3
56	281	psychological	1
56	282	and	1
56	283	physical	1
56	284	condition	1
56	285	is	1
56	286	not	1
56	287	like	1
56	288	other	1
56	289	children	1
56	290	in	1
56	291	society.	2
56	292	After	1
56	293	they	1
56	294	leave	1
56	295	work,	2
56	296	they	1
56	297	sometimes	1
56	298	find	1
56	299	it	1
56	300	difficult	1
56	301	to	1
56	302	make	1
56	303	friends	1
56	304	and	1
56	305	adapt	1
56	306	to	1
56	307	school.”	4
56	308	It	1
56	309	is	1
56	310	also	1
56	311	very	1
56	312	challenging	1
56	313	to	1
56	314	ensure	1
56	315	they	1
56	316	stay	1
56	317	in	1
56	318	school	1
56	319	–	1
56	320	the	1
56	321	dropout	2
56	322	rate	1
56	323	is	1
56	324	very	1
56	325	high	1
56	326	for	1
56	327	these	1
56	328	children.	2
56	329	Seven-year-old	5
56	330	Zhorna	3
56	331	Akter	2
56	332	Sumayya	3
56	333	has	1
56	334	two	1
56	335	older	1
56	336	brothers,	2
56	337	both	1
56	338	of	1
56	339	whom	1
56	340	are	1
56	341	in	1
56	342	work	1
56	343	(one	2
56	344	at	1
56	345	a	1
56	346	restaurant,	2
56	347	one	1
56	348	at	1
56	349	a	1
56	350	local	1
56	351	club).	2
56	352	But,	2
56	353	after	1
56	354	being	1
56	355	introduced	1
56	356	to	1
56	357	education	1
56	358	at	1
56	359	one	1
56	360	of	1
56	361	SOHAY's	4
56	362	centers,	2
56	363	she	1
56	364	now	1
56	365	goes	1
56	366	to	1
56	367	a	1
56	368	state	1
56	369	primary	1
56	370	school.	2
56	371	Her	1
56	372	parents	1
56	373	can't	2
56	374	survive	1
56	375	without	1
56	376	the	1
56	377	income	1
56	378	their	1
56	379	sons	1
56	380	bring	1
56	381	home,	2
56	382	but	1
56	383	they	1
56	384	were	1
56	385	keen	1
56	386	for	1
56	387	their	1
56	388	daughter	1
56	389	to	1
56	390	go	1
56	391	to	1
56	392	school.	2
56	393	In	1
56	394	2015,	2
56	395	SOHAY	3
56	396	helped	1
56	397	1,540	3
56	398	children	1
56	399	to	1
56	400	leave	1
56	401	hazardous	1
56	402	work	1
56	403	and	1
56	404	2,125	3
56	405	vulnerable	1
56	406	children	1
56	407	–	1
56	408	those	1
56	409	in	1
56	410	danger	1
56	411	of	1
56	412	entering	1
56	413	work	1
56	414	–	1
56	415	into	1
56	416	school.	2
56	417	About	1
56	418	780	1
56	419	more	1
56	420	children	1
56	421	are	1
56	422	preparing	1
56	423	to	1
56	424	enter	1
56	425	school	1
56	426	in	1
56	427	2017.	2
56	428	The	1
56	429	organization	1
56	430	is	1
56	431	also	1
56	432	helping	1
56	433	635	2
56	434	children	1
56	435	who	1
56	436	are	1
56	437	working	1
56	438	in	1
56	439	hazardous	1
56	440	conditions	1
56	441	to	1
56	442	know	1
56	443	their	1
56	444	rights	1
56	445	under	1
56	446	Bangladesh's	2
56	447	2010	1
56	448	child	1
56	449	labor	1
56	450	elimination	1
56	451	code	1
56	452	of	1
56	453	conduct.	2
56	454	The	1
56	455	policy	1
56	456	aimed	1
56	457	to	1
56	458	eradicate	1
56	459	all	1
56	460	forms	1
56	461	of	1
56	462	child	1
56	463	labor	1
56	464	by	1
56	465	2015	1
56	466	but	1
56	467	that	1
56	468	target	1
56	469	was	1
56	470	missed.	2
56	471	The	1
56	472	Labor	1
56	473	Law	1
56	474	of	1
56	475	Bangladesh	1
56	476	2006	1
56	477	bans	1
56	478	children	1
56	479	under	1
56	480	the	1
56	481	age	1
56	482	of	1
56	483	14	1
56	484	from	1
56	485	working	1
56	486	but,	2
56	487	according	1
56	488	to	1
56	489	the	1
56	490	UN	1
56	491	children's	2
56	492	agency,	2
56	493	UNICEF,	4
56	494	4.7	3
56	495	million	1
56	496	children	1
56	497	under	1
56	498	that	1
56	499	age	1
56	500	are	1
56	501	employed	1
56	502	in	1
56	503	the	1
56	504	informal	1
56	505	sector	1
56	506	and	1
56	507	1.3	3
56	508	million	1
56	509	aged	1
56	510	five	1
56	511	to	1
56	512	17	1
56	513	work	1
56	514	in	1
56	515	hazardous	1
56	516	industries.	2
57	0	The	1
57	1	small	1
57	2	room	1
57	3	looks	1
57	4	like	1
57	5	a	1
57	6	classroom.	2
57	7	The	1
57	8	posters	1
57	9	on	1
57	10	the	1
57	11	walls	1
57	12	show	1
57	13	letters	1
57	14	of	1
57	15	the	1
57	16	alphabet	1
57	17	and	1
57	18	a	1
57	19	map	1
57	20	of	1
57	21	Bangladesh.	2
57	22	But,	2
57	23	it	1
57	24	is	1
57	25	hard	1
57	26	to	1
57	27	concentrate	1
57	28	–	1
57	29	there	1
57	30	is	1
57	31	the	1
57	32	loud	1
57	33	hammering	2
57	34	and	1
57	35	chemicals	1
57	36	in	1
57	37	the	1
57	38	air	1
57	39	that	1
57	40	hurt	1
57	41	the	1
57	42	throat	1
57	43	and	1
57	44	eyes.	2
57	45	But,	2
57	46	the	1
57	47	children	1
57	48	who	1
57	49	learn	1
57	50	in	1
57	51	this	1
57	52	three-	2
57	53	square-meter	3
57	54	room	1
57	55	are	1
57	56	lucky.	2
57	57	They	1
57	58	have	1
57	59	escaped	1
57	60	working	1
57	61	in	1
57	62	the	1
57	63	factories	1
57	64	opposite.	2
57	65	For	1
57	66	14	1
57	67	years,	2
57	68	SOHAY,	4
57	69	a	1
57	70	non-governmental	3
57	71	organization	1
57	72	(NGO),	4
57	73	has	1
57	74	worked	1
57	75	in	1
57	76	slums	2
57	77	in	1
57	78	Dhaka	2
57	79	to	1
57	80	send	1
57	81	child	1
57	82	workers	1
57	83	to	1
57	84	school.	2
57	85	It	1
57	86	especially	1
57	87	tries	1
57	88	to	1
57	89	help	1
57	90	children	1
57	91	who	1
57	92	do	1
57	93	dangerous	1
57	94	work.	2
57	95	The	1
57	96	classroom	1
57	97	is	1
57	98	one	1
57	99	of	1
57	100	23	1
57	101	centers	1
57	102	that	1
57	103	SOHAY	3
57	104	has	1
57	105	set	1
57	106	up	1
57	107	in	1
57	108	Dhaka.	3
57	109	The	1
57	110	classes	1
57	111	at	1
57	112	the	1
57	113	centers	1
57	114	help	1
57	115	children	1
57	116	enter	1
57	117	primary	1
57	118	school.	2
57	119	When	1
57	120	they	1
57	121	are	1
57	122	in	1
57	123	school,	2
57	124	the	1
57	125	children	1
57	126	get	1
57	127	extra	1
57	128	help	1
57	129	with	1
57	130	their	1
57	131	homework	1
57	132	at	1
57	133	the	1
57	134	centers.	2
57	135	Alamin,	3
57	136	ten	1
57	137	years	1
57	138	old,	2
57	139	used	1
57	140	to	1
57	141	work	1
57	142	in	1
57	143	a	1
57	144	plastic	1
57	145	factory.	2
57	146	He	1
57	147	now	1
57	148	goes	1
57	149	to	1
57	150	one	1
57	151	of	1
57	152	the	1
57	153	centers.	2
57	154	His	1
57	155	parents	1
57	156	are	1
57	157	happy	1
57	158	that	1
57	159	he's	2
57	160	now	1
57	161	in	1
57	162	school	1
57	163	and	1
57	164	not	1
57	165	doing	1
57	166	dangerous	1
57	167	work.	2
57	168	His	1
57	169	friend	1
57	170	Rabi	2
57	171	says	1
57	172	he	1
57	173	wants	1
57	174	to	1
57	175	forget	1
57	176	his	1
57	177	past	1
57	178	in	1
57	179	the	1
57	180	factory.	2
57	181	“I	3
57	182	like	1
57	183	school,”	4
57	184	he	1
57	185	says.	2
57	186	SOHAY	3
57	187	also	1
57	188	has	1
57	189	classes	1
57	190	for	1
57	191	parents	1
57	192	and	1
57	193	employers	1
57	194	to	1
57	195	stop	1
57	196	child	1
57	197	labor.	2
57	198	“It	3
57	199	can	1
57	200	be	1
57	201	very	1
57	202	difficult	1
57	203	for	1
57	204	working	1
57	205	children	1
57	206	to	1
57	207	go	1
57	208	to	1
57	209	school,”	4
57	210	says	1
57	211	SOHAY's	4
57	212	program	1
57	213	manager,	2
57	214	Mohammed	1
57	215	al-Mamun.	6
57	216	“They	3
57	217	are	1
57	218	not	1
57	219	like	1
57	220	other	1
57	221	children.	2
57	222	After	1
57	223	they	1
57	224	stop	1
57	225	working,	2
57	226	they	1
57	227	sometimes	1
57	228	find	1
57	229	it	1
57	230	difficult	1
57	231	to	1
57	232	make	1
57	233	friends	1
57	234	and	1
57	235	adapt	1
57	236	to	1
57	237	school.”	4
57	238	It	1
57	239	is	1
57	240	also	1
57	241	difficult	1
57	242	to	1
57	243	make	1
57	244	sure	1
57	245	they	1
57	246	stay	1
57	247	in	1
57	248	school	1
57	249	–	1
57	250	lots	1
57	251	of	1
57	252	these	1
57	253	children	1
57	254	don't	2
57	255	finish	1
57	256	school.	2
57	257	Seven-year-old	5
57	258	Zhorna	3
57	259	Akter	2
57	260	Sumayya	3
57	261	has	1
57	262	two	1
57	263	older	1
57	264	brothers	1
57	265	–	1
57	266	they	1
57	267	both	1
57	268	work	1
57	269	(one	2
57	270	at	1
57	271	a	1
57	272	restaurant,	2
57	273	one	1
57	274	at	1
57	275	a	1
57	276	local	1
57	277	club).	2
57	278	But,	2
57	279	she	1
57	280	went	1
57	281	to	1
57	282	a	1
57	283	SOHAY	3
57	284	center	1
57	285	and	1
57	286	she	1
57	287	now	1
57	288	goes	1
57	289	to	1
57	290	school.	2
57	291	Her	1
57	292	parents	1
57	293	need	1
57	294	the	1
57	295	money	1
57	296	their	1
57	297	sons	1
57	298	make,	2
57	299	but	1
57	300	they	1
57	301	want	1
57	302	their	1
57	303	daughter	1
57	304	to	1
57	305	go	1
57	306	to	1
57	307	school.	2
57	308	In	1
57	309	2015,	2
57	310	SOHAY	3
57	311	helped	1
57	312	1,540	3
57	313	children	1
57	314	to	1
57	315	leave	1
57	316	dangerous	1
57	317	work	1
57	318	and	1
57	319	helped	1
57	320	2,125	3
57	321	more	1
57	322	children	1
57	323	–	1
57	324	those	1
57	325	who	1
57	326	would	1
57	327	soon	1
57	328	start	1
57	329	work	1
57	330	–	1
57	331	to	1
57	332	go	1
57	333	to	1
57	334	school.	2
57	335	About	1
57	336	780	1
57	337	more	1
57	338	children	1
57	339	are	1
57	340	preparing	1
57	341	to	1
57	342	start	1
57	343	school	1
57	344	in	1
57	345	2017.	2
57	346	The	1
57	347	Labor	1
57	348	Law	1
57	349	of	1
57	350	Bangladesh	1
57	351	2006	1
57	352	does	1
57	353	not	1
57	354	allow	1
57	355	children	1
57	356	younger	1
57	357	than	1
57	358	14	1
57	359	to	1
57	360	work	1
57	361	but	1
57	362	UNICEF	3
57	363	says	1
57	364	that,	2
57	365	in	1
57	366	Bangladesh,	2
57	367	4.7	3
57	368	million	1
57	369	children	1
57	370	younger	1
57	371	than	1
57	372	14	1
57	373	are	1
57	374	employed	1
57	375	and	1
57	376	1.3	3
57	377	million	1
57	378	children	1
57	379	aged	1
57	380	five	1
57	381	to	1
57	382	17	1
57	383	do	1
57	384	dangerous	1
57	385	work.	2
58	0	Angela	2
58	1	Erdmann	2
58	2	never	1
58	3	knew	1
58	4	her	1
58	5	grandfather.	2
58	6	He	1
58	7	died	1
58	8	in	1
58	9	1946,	2
58	10	six	1
58	11	years	1
58	12	before	1
58	13	she	1
58	14	was	1
58	15	born.	2
58	16	But,	2
58	17	on	1
58	18	Tuesday	1
58	19	8th	2
58	20	April,	2
58	21	2014,	2
58	22	she	1
58	23	described	1
58	24	the	1
58	25	extraordinary	1
58	26	moment	1
58	27	when	1
58	28	she	1
58	29	received	1
58	30	a	1
58	31	message	1
58	32	in	1
58	33	a	1
58	34	bottle,	2
58	35	101	1
58	36	years	1
58	37	after	1
58	38	he	1
58	39	had	1
58	40	lobbed	2
58	41	it	1
58	42	into	1
58	43	the	1
58	44	Baltic	1
58	45	Sea.	2
58	46	Thought	1
58	47	to	1
58	48	be	1
58	49	the	1
58	50	world's	2
58	51	oldest	1
58	52	message	1
58	53	in	1
58	54	a	1
58	55	bottle,	2
58	56	it	1
58	57	was	1
58	58	presented	1
58	59	to	1
58	60	Erdmann	2
58	61	by	1
58	62	the	1
58	63	museum	1
58	64	that	1
58	65	is	1
58	66	now	1
58	67	exhibiting	1
58	68	it	1
58	69	in	1
58	70	Germany.	2
58	71	“It	3
58	72	was	1
58	73	very	1
58	74	surprising,”	4
58	75	Angela	1
58	76	Erdmann,	3
58	77	62,	2
58	78	said,	2
58	79	recalling	1
58	80	how	1
58	81	she	1
58	82	found	1
58	83	out	1
58	84	about	1
58	85	the	1
58	86	bottle.	2
58	87	“A	3
58	88	man	1
58	89	stood	1
58	90	at	1
58	91	my	1
58	92	door	1
58	93	and	1
58	94	told	1
58	95	me	1
58	96	he	1
58	97	had	1
58	98	post	1
58	99	from	1
58	100	my	1
58	101	grandfather.	2
58	102	He	1
58	103	then	1
58	104	told	1
58	105	me	1
58	106	that	1
58	107	a	1
58	108	message	1
58	109	in	1
58	110	a	1
58	111	bottle	1
58	112	had	1
58	113	been	1
58	114	found	1
58	115	and	1
58	116	that	1
58	117	the	1
58	118	name	1
58	119	that	1
58	120	was	1
58	121	on	1
58	122	the	1
58	123	card	1
58	124	was	1
58	125	that	1
58	126	of	1
58	127	my	1
58	128	grandfather.”	4
58	129	Her	1
58	130	visitor	1
58	131	was	1
58	132	a	1
58	133	genealogical	3
58	134	researcher	1
58	135	who	1
58	136	had	1
58	137	managed	1
58	138	to	1
58	139	track	1
58	140	her	1
58	141	down	1
58	142	in	1
58	143	Berlin	1
58	144	after	1
58	145	the	1
58	146	letter	1
58	147	was	1
58	148	given	1
58	149	to	1
58	150	the	1
58	151	International	1
58	152	Maritime	1
58	153	Museum	1
58	154	in	1
58	155	the	1
58	156	northern	1
58	157	port	1
58	158	city	1
58	159	of	1
58	160	Hamburg.	2
58	161	The	1
58	162	brown	1
58	163	beer	1
58	164	bottle,	2
58	165	which	1
58	166	had	1
58	167	been	1
58	168	in	1
58	169	the	1
58	170	water	1
58	171	for	1
58	172	101	1
58	173	years,	2
58	174	was	1
58	175	found	1
58	176	in	1
58	177	the	1
58	178	catch	1
58	179	of	1
58	180	Konrad	2
58	181	Fischer,	2
58	182	a	1
58	183	fisherman,	2
58	184	who	1
58	185	had	1
58	186	been	1
58	187	out	1
58	188	in	1
58	189	the	1
58	190	Baltic	1
58	191	Sea	1
58	192	off	1
58	193	the	1
58	194	northern	1
58	195	city	1
58	196	of	1
58	197	Kiel.	3
58	198	Holger	2
58	199	von	1
58	200	Neuhoff,	4
58	201	curator	1
58	202	for	1
58	203	ocean	1
58	204	and	1
58	205	science	1
58	206	at	1
58	207	the	1
58	208	museum,	2
58	209	said	1
58	210	this	1
58	211	bottled	1
58	212	message	1
58	213	was	1
58	214	the	1
58	215	oldest	1
58	216	he	1
58	217	had	1
58	218	come	1
58	219	across.	2
58	220	“There	3
58	221	are	1
58	222	documents	1
58	223	that	1
58	224	have	1
58	225	been	1
58	226	found	1
58	227	without	1
58	228	the	1
58	229	bottle	1
58	230	that	1
58	231	are	1
58	232	older	1
58	233	and	1
58	234	are	1
58	235	in	1
58	236	the	1
58	237	museum,”	4
58	238	he	1
58	239	said.	2
58	240	“But,	4
58	241	with	1
58	242	the	1
58	243	bottle	1
58	244	and	1
58	245	the	1
58	246	document,	2
58	247	this	1
58	248	is	1
58	249	certainly	1
58	250	the	1
58	251	oldest	1
58	252	at	1
58	253	the	1
58	254	moment.	2
58	255	It	1
58	256	is	1
58	257	in	1
58	258	extremely	1
58	259	good	1
58	260	condition.”	4
58	261	Researchers	1
58	262	believe	1
58	263	Erdmann's	3
58	264	grandfather,	2
58	265	Richard	1
58	266	Platz,	3
58	267	threw	1
58	268	the	1
58	269	bottle	1
58	270	in	1
58	271	the	1
58	272	sea	1
58	273	while	1
58	274	on	1
58	275	a	1
58	276	hike	1
58	277	with	1
58	278	a	1
58	279	nature	1
58	280	appreciation	1
58	281	group	1
58	282	in	1
58	283	1913.	2
58	284	He	1
58	285	was	1
58	286	20	1
58	287	years	1
58	288	old	1
58	289	at	1
58	290	the	1
58	291	time.	2
58	292	Much	1
58	293	of	1
58	294	the	1
58	295	postcard	2
58	296	was	1
58	297	indecipherable,	4
58	298	although	1
58	299	the	1
58	300	address	1
58	301	in	1
58	302	Berlin	1
58	303	on	1
58	304	the	1
58	305	front	1
58	306	of	1
58	307	the	1
58	308	card	1
58	309	was	1
58	310	legible,	3
58	311	as	1
58	312	was	1
58	313	the	1
58	314	author's	2
58	315	polite	1
58	316	request	1
58	317	that	1
58	318	the	1
58	319	note	1
58	320	be	1
58	321	sent	1
58	322	by	1
58	323	the	1
58	324	finder	2
58	325	to	1
58	326	his	1
58	327	home	1
58	328	address.	2
58	329	“He	3
58	330	also	1
58	331	included	1
58	332	two	1
58	333	stamps	1
58	334	from	1
58	335	that	1
58	336	time	1
58	337	that	1
58	338	were	1
58	339	also	1
58	340	in	1
58	341	the	1
58	342	bottle,	2
58	343	so	1
58	344	the	1
58	345	finder	2
58	346	would	1
58	347	not	1
58	348	incur	1
58	349	a	1
58	350	cost,”	4
58	351	Erdmann	2
58	352	said.	2
58	353	“But	3
58	354	he	1
58	355	did	1
58	356	not	1
58	357	think	1
58	358	it	1
58	359	would	1
58	360	take	1
58	361	101	1
58	362	years.”	4
58	363	She	1
58	364	said	1
58	365	she	1
58	366	was	1
58	367	moved	1
58	368	by	1
58	369	the	1
58	370	arrival	1
58	371	of	1
58	372	the	1
58	373	message,	2
58	374	although	1
58	375	she	1
58	376	had	1
58	377	not	1
58	378	known	1
58	379	her	1
58	380	grandfather	1
58	381	because	1
58	382	he	1
58	383	died,	2
58	384	at	1
58	385	the	1
58	386	age	1
58	387	of	1
58	388	54,	2
58	389	six	1
58	390	years	1
58	391	before	1
58	392	she	1
58	393	was	1
58	394	born.	2
58	395	“I	3
58	396	knew	1
58	397	very	1
58	398	little	1
58	399	about	1
58	400	my	1
58	401	grandfather,	2
58	402	but	1
58	403	I	1
58	404	found	1
58	405	out	1
58	406	that	1
58	407	he	1
58	408	was	1
58	409	a	1
58	410	writer	1
58	411	who	1
58	412	was	1
58	413	very	1
58	414	open-minded,	4
58	415	and	1
58	416	believed	1
58	417	in	1
58	418	freedom	1
58	419	and	1
58	420	that	1
58	421	everyone	1
58	422	should	1
58	423	respect	1
58	424	each	1
58	425	other,”	4
58	426	she	1
58	427	said.	2
58	428	“He	3
58	429	did	1
58	430	a	1
58	431	lot	1
58	432	for	1
58	433	the	1
58	434	young	1
58	435	and	1
58	436	later	1
58	437	traveled	1
58	438	with	1
58	439	his	1
58	440	wife	1
58	441	and	1
58	442	two	1
58	443	daughters.	2
58	444	It	1
58	445	was	1
58	446	wonderful	1
58	447	because	1
58	448	I	1
58	449	could	1
58	450	see	1
58	451	where	1
58	452	my	1
58	453	roots	1
58	454	came	1
58	455	from.”	4
58	456	Like	1
58	457	her	1
58	458	grandfather,	2
58	459	Erdmann	2
58	460	said,	2
58	461	she	1
58	462	also	1
58	463	liked	1
58	464	culture	1
58	465	and	1
58	466	traveling	1
58	467	around	1
58	468	the	1
58	469	world.	2
58	470	She	1
58	471	described	1
58	472	herself	1
58	473	as	1
58	474	open-minded,	4
58	475	too.	2
58	476	“What	3
58	477	he	1
58	478	taught	1
58	479	his	1
58	480	two	1
58	481	daughters,	2
58	482	my	1
58	483	mother	1
58	484	taught	1
58	485	me	1
58	486	and	1
58	487	I	1
58	488	have	1
58	489	then	1
58	490	given	1
58	491	to	1
58	492	my	1
58	493	sons,”	4
58	494	she	1
58	495	said.	2
58	496	Despite	1
58	497	her	1
58	498	joy	1
58	499	at	1
58	500	receiving	1
58	501	the	1
58	502	bottled	1
58	503	message,	2
58	504	she	1
58	505	said	1
58	506	that	1
58	507	she	1
58	508	hoped	1
58	509	others	1
58	510	would	1
58	511	not	1
58	512	repeat	1
58	513	what	1
58	514	her	1
58	515	grandfather	1
58	516	had	1
58	517	done	1
58	518	and	1
58	519	throw	1
58	520	bottles	1
58	521	with	1
58	522	messages	1
58	523	into	1
58	524	the	1
58	525	sea.	2
58	526	“Today,	4
58	527	the	1
58	528	sea	1
58	529	is	1
58	530	so	1
58	531	full	1
58	532	of	1
58	533	so	1
58	534	many	1
58	535	bottles	1
58	536	and	1
58	537	rubbish	1
58	538	that	1
58	539	more	1
58	540	shouldn't	2
58	541	be	1
58	542	thrown	1
58	543	in	1
58	544	there,“	4
58	545	she	1
58	546	said.	2
58	547	The	1
58	548	message	1
58	549	and	1
58	550	the	1
58	551	bottle	1
58	552	will	1
58	553	be	1
58	554	on	1
58	555	display	1
58	556	at	1
58	557	Hamburg's	2
58	558	Maritime	1
58	559	Museum	1
58	560	until	1
58	561	the	1
58	562	beginning	1
58	563	of	1
58	564	May	1
58	565	2014,	2
58	566	after	1
58	567	which	1
58	568	experts	1
58	569	will	1
58	570	attempt	1
58	571	to	1
58	572	decipher	1
58	573	the	1
58	574	rest	1
58	575	of	1
58	576	the	1
58	577	text.	2
58	578	It	1
58	579	is	1
58	580	not	1
58	581	clear	1
58	582	what	1
58	583	will	1
58	584	then	1
58	585	happen	1
58	586	to	1
58	587	the	1
58	588	bottle,	2
58	589	but	1
58	590	Erdmann	2
58	591	hopes	1
58	592	it	1
58	593	will	1
58	594	stay	1
58	595	at	1
58	596	the	1
58	597	museum.	2
58	598	“We	3
58	599	want	1
58	600	to	1
58	601	make	1
58	602	a	1
58	603	few	1
58	604	photos	1
58	605	available	1
58	606	to	1
58	607	put	1
58	608	with	1
58	609	the	1
58	610	bottle	1
58	611	and	1
58	612	give	1
58	613	it	1
58	614	a	1
58	615	face,	2
58	616	so	1
58	617	visitors	1
58	618	can	1
58	619	see	1
58	620	the	1
58	621	young	1
58	622	man	1
58	623	who	1
58	624	threw	1
58	625	the	1
58	626	bottle	1
58	627	into	1
58	628	the	1
58	629	water,”	4
58	630	she	1
58	631	said.	2
59	0	Angela	2
59	1	Erdmann	2
59	2	never	1
59	3	knew	1
59	4	her	1
59	5	grandfather.	2
59	6	He	1
59	7	died	1
59	8	in	1
59	9	1946,	2
59	10	six	1
59	11	years	1
59	12	before	1
59	13	she	1
59	14	was	1
59	15	born.	2
59	16	But,	2
59	17	on	1
59	18	Tuesday	1
59	19	April	1
59	20	28th,	3
59	21	2014,	2
59	22	she	1
59	23	described	1
59	24	the	1
59	25	extraordinary	1
59	26	moment	1
59	27	when	1
59	28	she	1
59	29	received	1
59	30	a	1
59	31	message	1
59	32	in	1
59	33	a	1
59	34	bottle,	2
59	35	101	1
59	36	years	1
59	37	after	1
59	38	he	1
59	39	threw	1
59	40	it	1
59	41	into	1
59	42	the	1
59	43	Baltic	1
59	44	Sea.	2
59	45	The	1
59	46	bottle	1
59	47	is	1
59	48	possibly	1
59	49	the	1
59	50	world's	2
59	51	oldest	1
59	52	message	1
59	53	in	1
59	54	a	1
59	55	bottle.	2
59	56	It	1
59	57	was	1
59	58	presented	1
59	59	to	1
59	60	Erdmann	2
59	61	by	1
59	62	the	1
59	63	museum	1
59	64	that	1
59	65	is	1
59	66	now	1
59	67	exhibiting	1
59	68	it	1
59	69	in	1
59	70	Germany.	2
59	71	“It	3
59	72	was	1
59	73	very	1
59	74	surprising,”	4
59	75	Angela	1
59	76	Erdmann,	3
59	77	62,	2
59	78	said,	2
59	79	when	1
59	80	she	1
59	81	described	1
59	82	how	1
59	83	she	1
59	84	found	1
59	85	out	1
59	86	about	1
59	87	the	1
59	88	bottle.	2
59	89	“A	3
59	90	man	1
59	91	came	1
59	92	to	1
59	93	my	1
59	94	door	1
59	95	and	1
59	96	told	1
59	97	me	1
59	98	he	1
59	99	had	1
59	100	post	1
59	101	from	1
59	102	my	1
59	103	grandfather.	2
59	104	Then,	2
59	105	he	1
59	106	told	1
59	107	me	1
59	108	that	1
59	109	someone	1
59	110	had	1
59	111	found	1
59	112	a	1
59	113	message	1
59	114	in	1
59	115	a	1
59	116	bottle	1
59	117	and	1
59	118	that	1
59	119	on	1
59	120	the	1
59	121	card	1
59	122	was	1
59	123	my	1
59	124	grandfather's	2
59	125	name.”	4
59	126	Her	1
59	127	visitor	1
59	128	was	1
59	129	a	1
59	130	family-tree	3
59	131	researcher	1
59	132	who	1
59	133	found	1
59	134	her	1
59	135	in	1
59	136	Berlin	1
59	137	after	1
59	138	someone	1
59	139	gave	1
59	140	the	1
59	141	letter	1
59	142	to	1
59	143	a	1
59	144	museum	1
59	145	in	1
59	146	the	1
59	147	northern	1
59	148	city	1
59	149	of	1
59	150	Hamburg.	2
59	151	The	1
59	152	brown	1
59	153	beer	1
59	154	bottle	1
59	155	was	1
59	156	in	1
59	157	the	1
59	158	water	1
59	159	for	1
59	160	101	1
59	161	years.	2
59	162	A	1
59	163	fisherman	1
59	164	found	1
59	165	it	1
59	166	in	1
59	167	the	1
59	168	Baltic	1
59	169	Sea	1
59	170	off	1
59	171	the	1
59	172	northern	1
59	173	city	1
59	174	of	1
59	175	Kiel.	3
59	176	Holger	2
59	177	von	1
59	178	Neuhoff,	4
59	179	a	1
59	180	curator	1
59	181	at	1
59	182	the	1
59	183	museum,	2
59	184	said	1
59	185	this	1
59	186	bottled	1
59	187	message	1
59	188	was	1
59	189	the	1
59	190	oldest	1
59	191	he	1
59	192	had	1
59	193	ever	1
59	194	seen.	2
59	195	“There	3
59	196	are	1
59	197	documents	1
59	198	without	1
59	199	the	1
59	200	bottle	1
59	201	that	1
59	202	are	1
59	203	older	1
59	204	and	1
59	205	they	1
59	206	are	1
59	207	in	1
59	208	the	1
59	209	museum,”	4
59	210	he	1
59	211	said.	2
59	212	“But,	4
59	213	with	1
59	214	the	1
59	215	bottle	1
59	216	and	1
59	217	the	1
59	218	document,	2
59	219	this	1
59	220	is	1
59	221	certainly	1
59	222	the	1
59	223	oldest	1
59	224	at	1
59	225	the	1
59	226	moment.	2
59	227	It	1
59	228	is	1
59	229	in	1
59	230	very	1
59	231	good	1
59	232	condition.”	4
59	233	Researchers	1
59	234	believe	1
59	235	that	1
59	236	Erdmann's	3
59	237	grandfather,	2
59	238	Richard	1
59	239	Platz,	3
59	240	threw	1
59	241	the	1
59	242	bottle	1
59	243	into	1
59	244	the	1
59	245	sea	1
59	246	when	1
59	247	he	1
59	248	was	1
59	249	on	1
59	250	a	1
59	251	hike	1
59	252	in	1
59	253	1913.	2
59	254	He	1
59	255	was	1
59	256	20	1
59	257	years	1
59	258	old	1
59	259	at	1
59	260	the	1
59	261	time.	2
59	262	A	1
59	263	lot	1
59	264	of	1
59	265	the	1
59	266	message	1
59	267	on	1
59	268	the	1
59	269	postcard	2
59	270	was	1
59	271	impossible	1
59	272	to	1
59	273	read,	2
59	274	but	1
59	275	the	1
59	276	address	1
59	277	in	1
59	278	Berlin	1
59	279	on	1
59	280	the	1
59	281	front	1
59	282	of	1
59	283	the	1
59	284	card	1
59	285	was	1
59	286	legible.	3
59	287	Platz	2
59	288	asked	1
59	289	the	1
59	290	person	1
59	291	who	1
59	292	found	1
59	293	it	1
59	294	to	1
59	295	send	1
59	296	the	1
59	297	postcard	2
59	298	to	1
59	299	his	1
59	300	home	1
59	301	address.	2
59	302	“He	3
59	303	also	1
59	304	included	1
59	305	two	1
59	306	stamps	1
59	307	from	1
59	308	that	1
59	309	time	1
59	310	that	1
59	311	were	1
59	312	also	1
59	313	in	1
59	314	the	1
59	315	bottle,	2
59	316	so	1
59	317	the	1
59	318	finder	2
59	319	would	1
59	320	not	1
59	321	have	1
59	322	to	1
59	323	pay	1
59	324	for	1
59	325	postage,”	4
59	326	Erdmann	2
59	327	said.	2
59	328	“But	3
59	329	he	1
59	330	did	1
59	331	not	1
59	332	think	1
59	333	it	1
59	334	would	1
59	335	take	1
59	336	101	1
59	337	years.”	4
59	338	She	1
59	339	said	1
59	340	she	1
59	341	was	1
59	342	moved	1
59	343	by	1
59	344	the	1
59	345	arrival	1
59	346	of	1
59	347	the	1
59	348	message,	2
59	349	but	1
59	350	she	1
59	351	did	1
59	352	not	1
59	353	know	1
59	354	her	1
59	355	grandfather	1
59	356	because	1
59	357	he	1
59	358	died,	2
59	359	at	1
59	360	the	1
59	361	age	1
59	362	of	1
59	363	54,	2
59	364	six	1
59	365	years	1
59	366	before	1
59	367	she	1
59	368	was	1
59	369	born.	2
59	370	“I	3
59	371	knew	1
59	372	very	1
59	373	little	1
59	374	about	1
59	375	my	1
59	376	grandfather.	2
59	377	But	1
59	378	I	1
59	379	found	1
59	380	out	1
59	381	that	1
59	382	he	1
59	383	was	1
59	384	a	1
59	385	writer.	2
59	386	He	1
59	387	was	1
59	388	very	1
59	389	open-minded,	4
59	390	and	1
59	391	he	1
59	392	believed	1
59	393	in	1
59	394	freedom	1
59	395	and	1
59	396	that	1
59	397	everyone	1
59	398	should	1
59	399	respect	1
59	400	each	1
59	401	other,”	4
59	402	she	1
59	403	said.	2
59	404	“He	3
59	405	did	1
59	406	a	1
59	407	lot	1
59	408	for	1
59	409	the	1
59	410	young	1
59	411	and	1
59	412	later	1
59	413	traveled	1
59	414	with	1
59	415	his	1
59	416	wife	1
59	417	and	1
59	418	two	1
59	419	daughters.	2
59	420	It	1
59	421	was	1
59	422	wonderful	1
59	423	because	1
59	424	I	1
59	425	could	1
59	426	see	1
59	427	where	1
59	428	my	1
59	429	roots	1
59	430	came	1
59	431	from.”	4
59	432	Erdmann	2
59	433	said	1
59	434	she	1
59	435	also	1
59	436	liked	1
59	437	culture	1
59	438	and	1
59	439	traveling	1
59	440	around	1
59	441	the	1
59	442	world,	2
59	443	just	1
59	444	like	1
59	445	her	1
59	446	grandfather.	2
59	447	She	1
59	448	described	1
59	449	herself	1
59	450	as	1
59	451	open-	2
59	452	minded,	2
59	453	too.	2
59	454	She	1
59	455	was	1
59	456	very	1
59	457	happy	1
59	458	to	1
59	459	receive	1
59	460	the	1
59	461	bottled	1
59	462	message,	2
59	463	she	1
59	464	said,	2
59	465	but	1
59	466	she	1
59	467	hoped	1
59	468	other	1
59	469	people	1
59	470	would	1
59	471	not	1
59	472	do	1
59	473	what	1
59	474	her	1
59	475	grandfather	1
59	476	did	1
59	477	and	1
59	478	throw	1
59	479	bottles	1
59	480	with	1
59	481	messages	1
59	482	into	1
59	483	the	1
59	484	sea.	2
59	485	“Today,	4
59	486	the	1
59	487	sea	1
59	488	is	1
59	489	so	1
59	490	full	1
59	491	of	1
59	492	bottles	1
59	493	and	1
59	494	rubbish	1
59	495	that	1
59	496	we	1
59	497	shouldn't	2
59	498	throw	1
59	499	more	1
59	500	in	1
59	501	there,”	4
59	502	she	1
59	503	said.	2
59	504	The	1
59	505	message	1
59	506	and	1
59	507	the	1
59	508	bottle	1
59	509	will	1
59	510	be	1
59	511	on	1
59	512	display	1
59	513	at	1
59	514	Hamburg's	2
59	515	Maritime	1
59	516	Museum	1
59	517	until	1
59	518	the	1
59	519	beginning	1
59	520	of	1
59	521	May	1
59	522	2014.	2
59	523	Then,	2
59	524	experts	1
59	525	will	1
59	526	try	1
59	527	to	1
59	528	decipher	1
59	529	the	1
59	530	rest	1
59	531	of	1
59	532	the	1
59	533	text.	2
59	534	It	1
59	535	is	1
59	536	not	1
59	537	clear	1
59	538	what	1
59	539	will	1
59	540	happen	1
59	541	to	1
59	542	the	1
59	543	bottle	1
59	544	after	1
59	545	that,	2
59	546	but	1
59	547	Erdmann	2
59	548	hopes	1
59	549	it	1
59	550	will	1
59	551	stay	1
59	552	at	1
59	553	the	1
59	554	museum.	2
59	555	“We	3
59	556	want	1
59	557	to	1
59	558	find	1
59	559	a	1
59	560	few	1
59	561	photos	1
59	562	to	1
59	563	put	1
59	564	with	1
59	565	the	1
59	566	bottle	1
59	567	and	1
59	568	give	1
59	569	it	1
59	570	a	1
59	571	face,	2
59	572	so	1
59	573	visitors	1
59	574	can	1
59	575	see	1
59	576	the	1
59	577	young	1
59	578	man	1
59	579	who	1
59	580	threw	1
59	581	the	1
59	582	bottle	1
59	583	into	1
59	584	the	1
59	585	water,”	4
59	586	she	1
59	587	said.	2
