0.01127106
1.34150903
5.70438940
1.65234375
14.58158356
1.40226258
1.23730469
6.14920989
4.85034242
3.87251801
1.46829981
0.58541112
4.62890625
2.06054688
2.60156250
8.65331782
3.25158909
2.06384308
6.69486481
0.17488617
11.71259157
8.24838652
6.03169769
0.06445312
7.40844664
3.37263852
0.56657109
5.72611481
0.85298676
0.63358426
4.46586214
2.66752106
1.59021027
0.77494293
1.34224457
9.14318817
0.17517121
11.70117188
4.46439606
9.51383422
2.94755097
6.33548981
18.54662899
6.97815097
9.73616578
13.82588684
3.44620789
7.57438110
12.85835661
5.70686392
3.69438275
11.28758644
2.13038231
0.79736328
23.95674590
10.67440826
2.63601312
6.80806737
9.04097628
15.10656583
0.27978578
2.21647218
12.64843750
10.55366911
7.61429964
12.11055076
2.47192819
11.82031250
8.42443817
1.43688996
4.26057237
2.30974013
3.33007812
2.27677056
4.44062888
4.04529587
6.32522718
2.87650045
2.21969968
8.28478724
1.39730108
2.20898438
6.23856162
0.34591104
5.09960938
2.28080231
7.21875000
1.27246094
1.81001801
1.19335938
4.00736481
3.77583832
0.82617188
2.62703181
5.38273382
3.77534630
1.52348182
11.90562927
8.79777039
1.45214844
0.63631164
0.34322113
2.60546875
6.69441711
3.50284851
18.53971188
0.21244480
1.14648438
5.05073693
0.80180214
2.31445312
2.70027649
13.41495789
7.03125000
0.86486785
0.05209351
9.91100732
2.39307014
3.56250000
0.43579102
6.60005084
3.87919658
9.61116578
3.09029144
13.17329677
2.36531804
15.38181580
0.48335442
7.90840979
1.06001801
2.00158660
0.05035432
0.59326172
10.57933511
9.01351950
6.36808289
17.01846853
3.08504709
1.74259430
0.56298828
4.21138519
4.73783356
1.64453125
2.02689606
8.23534907
0.93990331
5.39497894
7.16406250
0.12951660
6.73982477
5.11666112
3.30619293
8.29581726
11.45312500
1.07128906
0.03841835
0.30977387
10.33504211
7.19064225
4.32287567
3.74157746
0.73779297
2.92578125
6.51358821
9.98987034
4.53560394
2.08158356
1.35103363
14.41629786
0.75142675
2.47123199
5.82812500
11.71439606
2.16451019
3.21138519
5.71805630
1.30342808
0.53519684
5.52343750
8.45392177
6.42152592
0.63468596
8.51139406
17.03125000
7.96740692
0.74450715
1.09179688
8.44006317
13.20743555
3.09411901
8.81414795
0.65185547
4.53111703
9.77702903
7.84073914
7.16308594
6.99740601
3.09375000
0.79497785
13.81005984
10.21439606
1.09224457
5.95267731
4.10982269
1.00195312
3.37633810
5.41422983
1.86665863
4.88281250
0.48364258
7.74404699
1.23402094
0.82352629
5.60905031
7.47912567
3.84171570
4.76517731
2.73002106
3.05407746
5.13191711
1.77335633
1.72334746
5.00614472
15.63448028
0.62491883
0.60241730
6.85847961
0.37369812
4.42093778
7.29642731
4.54142398
5.01953125
0.41186523
0.29536895
12.88114472
2.03515625
0.82080078
0.03632599
0.70894379
5.82373047
10.62723428
2.23539339
15.98045878
5.28215536
1.40865082
3.09375000
0.00351715
0.68750000
3.45483212
0.49243351
1.16699219
7.79134032
8.97428468
1.17382812
11.97220856
5.47310394
0.83691406
0.57080078
0.00867462
1.25488281
14.33850067
4.98046875
2.33683289
1.42036957
1.93317543
3.63705341
10.59143284
3.08789062
5.27343750
7.09419769
6.92097961
1.15287262
3.04223571
2.29504488
2.43094692
6.99243351
1.08443207
8.51562500
0.08557129
0.09887695
3.01297817
7.78194370
1.76562500
4.34952571
0.27791445
7.14510195
3.22159851
13.68586658
10.71257092
5.13627106
0.59029144
1.21345883
3.84957003
6.67854610
1.64868351
3.65173371
1.15332031
3.38476562
0.18896484
0.77241232
4.24186281
2.17773438
12.16060394
13.20658356
5.85982269
3.45662290
1.92814273
0.79541016
4.42162899
4.13537567
1.04215702
1.52583832
3.74263021
0.48783854
7.11022607
1.22038093
10.80948789
5.68762300
0.63130707
3.97896332
5.73184619
0.84432568
0.58577391
5.53829011
1.44576019
2.16601562
7.38236481
6.70747894
5.27119903
3.94124390
14.50527310
1.40470523
2.30411680
13.52366357
4.98248115
6.87679078
6.75781250
3.98490387
2.41210938
0.77189148
3.77929688
0.14306641
1.47742602
8.97180518
1.74654144
18.36885528
10.77384087
10.06042885
7.51127106
15.30122894
1.14017731
2.10982269
9.29687500
0.41284180
2.83984375
3.55289874
7.28768506
1.12792969
7.71048981
7.97756450
3.12679078
10.38883422
10.47054078
13.60042110
9.39957890
6.04296875
3.58398438
0.02580261
0.00871277
2.25195312
7.13122029
6.06494670
5.30423981
0.65380859
1.79732269
19.08870697
3.13883422
2.49788453
5.42533356
14.66752106
0.13028992
0.00798035
1.79258728
0.94095856
6.57857269
6.25390625
6.52689606
1.59810394
0.37084961
3.15039062
6.10209137
7.80468750
3.86372894
0.01119995
0.96728516
7.93137360
5.09155087
2.45923038
1.78691859
10.09668218
1.72310394
2.05647797
16.40955119
0.96777344
7.64843750
1.83158356
3.20943207
0.49975586
4.89453125
0.01818848
0.20922852
8.04642731
5.35843529
1.11422096
4.32421875
1.90181488
1.21972656
8.07539451
8.13944924
0.94628906
7.25923427
6.23295323
1.64408356
10.02945922
8.98856660
5.71484375
14.58015930
0.58829773
1.99663756
9.95837433
15.94392914
1.87792969
8.00984955
14.56070922
1.09847047
1.16210938
9.11572266
2.60892731
4.81787109
6.91060394
12.77254211
0.55655945
0.80566406
4.23437500
6.67968750
7.58984375
0.15588379
4.52148438
7.62500000
1.18021637
1.14595551
1.58569380
1.80729250
2.75333617
1.65706422
1.47418407
9.56381381
2.96228058
0.37573242
5.73848294
0.96434986
1.00574385
11.08170656
0.18066406
9.86193817
10.30212433
1.20898438
10.69441711
7.15235817
5.77688164
0.87048371
4.49369029
8.22798427
1.04378546
12.36193817
0.96626427
7.79390846
0.34350586
3.45747894
1.99173981
0.24605316
3.38152128
3.38911957
0.11712646
0.40917969
3.47460938
2.74609375
1.37988281
0.32446289
7.06640625
2.15039062
1.40210902
7.83260195
1.70198609
12.04573360
1.64514378
4.10156250
2.61327128
1.96875997
1.09863281
7.49955231
10.05475891
0.47551972
2.09312501
4.21704787
1.95154587
0.57080078
15.65619571
4.16757535
3.63867188
1.95845551
9.85903168
3.90730774
1.63663758
6.33593750
9.49729186
3.63521332
4.84285461
0.11283387
4.55529785
9.87845856
9.46289062
6.03426086
5.90580231
1.25569703
0.49658203
1.12954846
2.22901263
6.87935394
4.53234708
9.19030917
0.61425781
1.17028409
3.77925753
4.61372894
15.95914672
4.90759308
11.30904144
1.82421875
8.06232834
2.17219471
1.21965037
6.95926972
2.91992188
2.04146332
4.24804688
8.24218750
7.07678192
2.22399933
2.60713154
7.25810283
1.90332031
16.75634641
3.33695589
6.91406250
2.21907469
3.16178468
0.53515625
1.47371399
0.84146471
5.39718306
3.03125000
0.06915283
0.82617188
1.96665798
1.38054964
6.81172761
4.65714539
5.36372894
6.23783356
4.80122894
1.47558594
1.22753906
0.33182770
0.22066223
4.10681183
7.31115692
5.28814972
7.28169769
3.41601562
8.90588099
0.31189245
0.71875000
2.75687236
1.97239582
4.98527039
2.85546875
1.45117188
4.38427734
2.43900543
6.58369903
1.02807679
0.95672545
8.71362367
1.06152344
12.19877106
10.72999105
1.67489084
0.15063477
0.93015170
1.43164062
3.23179746
10.11739676
2.88009197
1.26757812
5.66796875
2.24922637
4.00223847
3.61238586
0.68927622
6.57759862
6.81730164
12.26269282
1.06099706
0.36303711
0.59924285
1.34260901
11.90003656
8.01562500
2.58007812
0.01345062
15.62064606
10.16841644
5.93164062
5.60546875
1.80619293
10.16662567
1.20848924
0.32626052
0.33837891
0.46826172
5.85937500
2.98197418
0.02605194
8.43314606
1.53853363
0.54833984
5.28561020
2.88903591
0.78100773
2.55798371
0.09395324
6.60892731
0.16735871
6.60065714
7.27824911
0.19360352
17.99058844
5.05628656
3.86856993
1.56152219
2.51961491
10.95877771
2.68770667
0.39843750
0.20579861
2.82987644
9.64318817
1.99548371
0.96093750
7.98160018
2.42570755
1.44718445
2.22611481
0.25788023
7.44588320
3.04252106
0.29439301
1.55919507
1.15060228
4.56217531
1.24609375
11.54073028
3.27762910
14.18692930
12.20324800
18.06250000
0.10188812
20.64757647
2.24846021
9.23152649
0.96521027
7.42415282
8.88057527
4.37154144
5.67968750
3.56476785
0.86231466
1.11686281
4.34375000
0.97900391
5.42303608
10.40604831
2.73046875
1.92578125
10.24218750
1.36869293
7.26997894
0.01258087
2.80423981
5.53705010
1.56300697
4.85502106
0.33418793
1.83978558
15.35502106
2.67183317
10.93110927
4.53507757
2.84342531
2.96333832
7.14062500
6.24955231
2.09525543
6.90702239
7.97586880
9.04866827
4.12760251
0.77767093
7.38281250
1.13378906
5.03176142
1.34714483
3.34134918
9.39888519
1.04882812
0.10937500
2.39762079
0.06160773
0.02416992
0.68765747
9.00870789
12.79597961
9.41841644
1.05025238
1.30936614
6.92456117
9.44173094
6.49621675
4.77343750
0.64697266
7.95312500
5.53303081
4.05681294
1.66503906
2.24804688
0.00254440
0.33007812
3.01393615
12.80200133
6.01192293
1.62349457
4.65970856
9.22940603
1.95809397
12.38386525
3.07166057
0.42749023
1.56087981
1.52389516
7.65126109
1.36965258
16.31893007
4.17433499
3.17557956
3.98099762
3.21529144
3.55090828
3.57154255
3.48046875
1.63733917
5.75390625
5.16752106
1.67667664
0.29349762
4.63740296
18.29435211
7.32759551
7.32800200
4.52612367
5.88972961
0.77201449
0.44775391
0.46297699
1.92427582
3.02506500
11.03125000
4.90189606
1.70597351
1.24316406
0.24511719
1.25922500
3.24263519
1.48236871
11.86616911
10.78764073
2.39693207
1.31404477
8.86710757
2.98965423
4.25524933
5.22701019
2.35546875
6.41076629
4.50089539
4.01171875
8.91841644
14.15881317
4.47009308
18.61014739
4.58135695
14.20888629
6.37845856
5.11375333
0.92380374
1.00089477
12.50179078
1.46679688
7.77160240
5.67371010
8.94531250
4.10156250
1.51464844
8.81160461
4.69159818
15.70503878
6.75968445
17.41316711
0.19779480
23.57201463
2.47876662
9.26277649
0.49112976
2.52408813
4.34834746
1.94934175
5.04296875
1.08691406
2.76537790
7.65068594
9.18750000
1.35884613
0.77836090
14.24462766
6.67769503
0.48148590
2.23046875
0.74458832
0.43847656
6.04581228
1.48897745
6.78995789
2.63732879
2.38024933
0.67720551
2.17053192
6.40173371
14.19083555
2.65637300
8.68404144
6.03125000
3.16796875
0.17297363
4.34556018
4.25404919
1.17338043
3.83113586
3.78015168
5.54927084
10.20886635
2.20084718
6.07421875
6.04687500
1.64709442
1.87536652
5.84399796
4.95735594
8.71439606
7.76395722
0.42806031
6.70658356
2.84899902
2.70161957
4.30078125
0.05206299
8.65653473
14.66060394
7.26480829
5.76808966
0.31787109
5.37845856
4.19531250
1.97701019
1.22793728
2.71031998
10.70488142
0.65852906
8.23872894
1.41699219
1.68261719
9.09362700
6.92592864
0.58367464
15.59541778
4.44799867
1.46130402
0.25630707
12.00253296
1.01367188
5.99856827
2.54785904
1.07173676
7.53497895
1.53639128
4.68058289
5.70703125
0.33276367
2.24323028
4.24505097
8.93200466
0.71496800
0.54541016
3.94209746
15.83613036
0.63684175
1.03320312
3.12060547
0.71728516
0.83593750
0.10986328
0.04064941
0.09441801
9.52266511
0.22139496
9.48783356
6.00000000
3.50169860
1.85388215
2.69140625
6.80680297
0.20711305
3.59502197
1.27603057
5.09554078
3.43208832
7.03470856
5.67374664
1.02539062
8.69090426
4.02483488
0.10339355
6.41695036
0.86136996
3.36722684
0.71236300
5.19531250
2.44140625
1.44738707
12.18237367
6.40527344
1.56542969
2.18900543
8.70312500
1.05371094
1.26997894
4.08939606
0.47215697
2.85709718
14.91060394
3.75301086
2.00675476
9.70043883
0.07031312
2.54734957
1.42750332
6.79565492
0.65336090
3.04882812
2.31355774
0.60967649
0.23559695
1.32857269
3.15865082
4.21875000
13.23221521
0.16378089
20.14249571
2.56502382
1.99190215
10.20402039
2.18493683
2.23258422
1.04315600
5.12105939
8.69185394
0.07940674
5.86718750
1.00781250
6.51582669
0.45081760
5.92907248
1.31291085
5.00166778
11.56172761
2.79130097
2.89603668
0.20997801
1.73600343
3.50000000
3.11336086
2.09550144
2.25227782
9.20837433
6.01395722
0.32348633
0.57885680
4.91630097
2.65189606
8.82902039
10.34375000
5.60546875
3.44335938
13.40090104
1.59733156
1.56542969
9.69531250
10.23307126
3.26888187
7.73494321
3.48238253
1.16060394
10.07812500
1.66210938
5.91048094
16.01049867
0.06162537
0.21637592
9.81274601
9.44966644
5.10156250
0.96655211
1.06571504
7.34419769
0.00448227
5.01204344
6.87076906
1.92968750
1.33593750
7.16601562
8.78906250
13.08939606
0.15730805
9.98533910
10.08810415
6.45170323
7.95613586
3.23482269
8.28125000
12.01802582
1.38529449
4.02779144
1.10013824
2.32661957
6.87500000
1.17382812
7.39408356
0.05318207
4.13671875
0.20019531
0.57958984
14.04508422
11.87649048
17.85388962
0.68753436
11.50419658
4.06998781
15.06872527
7.34679522
7.42273603
2.21356938
3.85719082
10.53816711
4.37679078
0.41552734
8.44864805
2.12618074
7.76322418
11.98962433
4.13236481
0.06845549
0.37276277
10.26550200
9.48913232
11.75513131
14.52449025
2.33683787
16.75000000
3.06835938
5.50007868
1.34420019
0.81787109
5.55220551
7.36405364
6.15938386
4.96988517
7.16935616
2.43839539
4.11421598
2.78031527
2.50585938
14.76615138
2.09127050
5.91902150
3.23482768
14.24556488
1.15852782
7.40893617
5.37544769
1.87642426
12.53202239
11.45145722
0.05265320
1.42285156
9.78730608
3.15019392
1.06640625
9.38883422
7.64152039
1.04581726
0.50015923
1.53821143
0.32173676
4.99804688
9.01562500
9.40881317
2.16149933
0.88183594
4.61975067
3.10831726
15.60493988
1.26472961
2.62394226
4.08984375
2.46907469
5.48209220
5.59570811
5.80078125
3.67907715
2.49673939
5.52328014
3.07421875
9.27075133
3.94097963
1.72070312
3.03125000
8.87402344
0.96447723
10.33247894
5.96097186
3.77039228
8.23517177
7.84685948
8.19864805
1.91372535
1.86321254
2.43359375
8.32698360
2.21134585
3.74758173
1.09592475
3.95133422
13.28193747
9.07784463
2.88175476
1.58500671
4.05033356
9.58939606
7.76045435
6.84098515
13.31864472
0.79516664
2.77929688
6.07226562
0.98364196
10.26049867
2.36396997
2.96220190
1.36621094
6.63492797
2.68012273
4.15763741
1.47290911
7.43342642
2.86080175
1.88200077
4.10937500
0.17114258
4.91406250
0.56152344
11.09838431
2.14925421
6.25582003
0.07777924
0.85449219
13.50000000
26.92488586
4.92862976
9.46300865
-0.03698325
11.18750000
1.30859375
5.91361481
2.86718750
1.51997894
0.64550781
3.99910336
8.46720523
7.25781250
8.72363281
7.15234375
0.22936918
3.87707613
5.83203125
2.12304688
8.22949219
1.55387328
2.76892121
7.91662567
1.61702515
12.53125000
5.48437500
1.84570312
15.10505541
0.99455396
18.54943817
4.29040558
10.66450023
9.82333333
2.21484375
5.23789728
15.06137854
4.26729278
3.35249723
1.88020999
0.74267578
3.91632536
14.84929964
0.80224609
8.25191005
3.26225011
1.98652732
14.66609929
4.73751011
7.10200023
15.37802083
0.95161957
2.20898438
2.23730469
3.40071532
0.84834871
12.92008357
0.76099567
11.07645722
4.27823914
16.43074025
1.10343944
5.34375000
6.73392731
12.43359375
5.23046875
1.04703735
4.38089872
4.63651706
3.83789062
2.25630707
13.73991845
3.93139960
1.21679688
8.12328790
5.51599401
0.76359070
5.49609375
4.73482269
4.18183733
0.75423842
8.17879211
8.92126496
5.83618164
3.64994293
7.38671875
1.37837738
2.63041168
0.62910918
3.28002992
2.80273438
8.57364805
1.30481050
10.56135860
5.43081893
4.64063497
6.96011082
2.75428523
7.83748227
3.67903812
0.66992188
1.37072723
2.72061946
13.76139406
1.00565769
2.47538176
1.36905945
13.87500000
1.92842621
5.69319703
0.62280211
9.41931183
6.47399933
3.02539062
3.41601562
8.48437500
1.99670379
3.60485871
5.86473737
3.55518450
2.31416778
1.33772828
3.82076019
3.35314661
8.83683289
1.59464539
0.58549230
0.76220703
3.72536681
16.01144835
0.45068484
5.94830342
1.75482158
6.25317321
4.53393617
2.30468750
5.50736481
2.15234375
9.26216644
9.25732048
2.28955452
6.95507812
8.67187500
1.69628906
0.12817383
14.05253020
15.50704011
11.12657913
4.03357712
6.49084442
4.81640625
6.27087433
14.91316711
2.37003601
0.29614258
6.82320036
4.02836214
2.19006317
7.17712433
7.67142731
6.00044769
4.46093750
6.46439606
9.48221521
0.60665198
1.85546875
5.45747894
3.49751552
2.44389073
0.76171875
15.73640370
6.95894503
5.90234375
1.66853696
9.47066378
3.54772108
2.99524767
14.92085661
17.09118683
3.01770113
0.39953333
2.12536901
9.68802887
3.20312500
8.25781250
4.71919769
0.57914215
19.27974457
6.55289672
6.05257203
4.61328125
3.25105774
1.87642426
8.41841644
7.65702239
5.45235261
0.03677368
2.00476074
5.69095856
2.51562500
8.62935394
6.92578125
8.31553707
2.71358433
13.19531250
8.69877106
3.26009032
2.17590425
0.45361328
5.64570701
3.18388284
8.73783356
1.44087738
6.93916778
10.66585328
3.31148161
5.23193484
0.18139648
12.79162567
2.72436337
0.09460667
0.11950684
4.31986481
3.13867188
7.55859375
0.66988129
0.64457059
4.12691378
4.27343750
11.35937500
11.98246122
1.96285128
2.67578125
2.25081173
0.08903202
2.95267731
7.36372894
4.03812528
6.32914339
9.25870789
3.04687500
12.09455674
1.77458388
0.32934570
0.86016846
0.69637024
5.97310394
0.19270844
8.73131982
5.00761081
0.32356937
1.87801605
1.77209442
7.56762633
0.96053164
5.45658356
8.48823693
2.74194647
0.46411195
8.27477809
11.60705784
5.86673981
2.42757172
10.27473626
3.14669104
1.00533051
10.86718750
11.80991690
1.42836435
4.12500000
10.48437500
1.95381621
1.67899629
7.56106827
11.22742353
4.08650820
0.83544922
6.89648438
0.32035309
6.42488586
7.60758422
0.15210023
4.42862727
5.00492464
8.26639739
5.80448581
2.06144226
5.02799313
4.96581782
3.21427803
20.77890015
0.52872742
8.85502106
1.72408051
2.87605774
6.42622894
5.92232269
0.58036223
3.81616024
5.31294769
0.63135015
1.58203125
9.08618102
11.31079164
2.59570312
1.08361785
4.03259308
14.57722961
0.16031922
1.57726023
0.22160848
12.55391449
4.16796875
13.97656250
0.04592896
4.46484375
4.98828125
1.20214844
10.58739362
0.14405169
0.97863770
3.29687500
1.47070312
12.11950466
8.31530917
3.22534242
10.03906250
0.14851867
1.85734070
8.57031250
8.08939606
11.33007314
2.82812998
11.93750000
0.17301360
1.24576906
7.39562833
10.57312167
12.48642621
1.93109485
10.87631318
3.53429077
1.00976562
7.20658356
4.16060394
3.59480774
1.16105164
5.04687500
1.62455231
11.89843750
0.44793327
2.62984596
5.68750000
1.58886719
5.51765681
12.41174534
1.70145722
3.01908356
10.97041778
4.20446808
6.89978058
0.58563222
5.22461436
10.77433289
1.78320312
15.24776153
3.60184785
5.91434660
6.19844636
12.28625333
1.48523105
8.43314606
0.65913910
4.07767731
1.31205231
4.86763519
3.32466644
6.84061614
6.89375886
7.07421875
15.98046875
3.03967254
1.16589262
10.26469027
11.03267426
15.00345856
0.91166168
7.92277039
6.76171875
0.37622070
4.75970337
7.41731937
1.77282746
1.67968750
8.88537567
4.29040558
3.58398438
7.00000000
2.08398438
13.96875000
9.35937500
2.50244141
2.61673981
1.68208832
4.11718750
16.96277618
1.55716949
10.71004211
3.49743683
8.83504211
4.86271055
1.99755984
8.77860317
11.44197695
0.79748629
7.89664672
2.42757203
4.31640625
8.14896388
9.83336645
4.34631317
7.09509308
12.73219406
2.89737976
12.00756774
9.17065492
10.88537567
1.80310090
2.97366966
0.27441780
6.44531250
2.79854278
2.70385804
8.74369293
3.27750610
6.38505097
0.82470703
5.68961547
1.16878048
0.99707280
6.67142731
1.11763519
13.92980895
9.67476286
5.47684785
3.00927859
6.98783356
6.74140515
7.17387743
3.57495179
9.34375000
8.69185394
0.01629639
4.73046875
6.20479278
2.47489472
20.29617133
1.70227393
4.56405474
1.42480469
4.37967864
2.01680574
0.88281250
7.12141844
9.32979278
1.42867160
3.06188965
3.15234375
2.63732879
3.86958832
6.76070036
6.35738253
7.25301086
6.73579926
3.06896942
4.81038453
9.52689606
13.05277372
7.92814273
14.82199735
2.41609181
1.01701490
2.27812652
2.61551972
9.63281250
16.09765594
2.42126496
0.45849609
9.71830231
2.02929688
12.57108489
5.80859375
2.03483156
4.57583722
0.96615497
3.48369447
2.26732268
3.71724457
6.68212766
0.28100711
12.96170989
4.06408598
5.53662234
5.84554078
17.00077239
11.47375333
0.95711491
2.56506317
3.48571808
0.75329247
4.16622229
7.41060394
5.29732269
6.42578125
6.43705231
4.24263519
10.19095856
2.68957364
6.03457558
8.31144725
3.78223404
1.93740814
1.01261414
0.15551758
5.22701019
9.81250000
7.06506317
2.28845246
3.14396055
2.38338320
2.82682126
10.72155917
6.08548981
4.26346521
7.07727393
14.04113365
1.37488198
2.29101562
1.24084442
7.54777039
1.18225067
6.98828125
0.51399781
3.93806821
3.65816378
0.71431488
10.97989805
1.47127382
2.28906250
3.31461547
0.49002957
0.19030917
2.19034851
16.12341215
7.98270722
0.81872590
1.43314606
2.87951629
11.32991578
16.07275266
1.68062472
2.34765625
6.88102172
6.09593418
3.81511746
10.48412899
1.11051640
0.59488462
1.74601258
9.51943263
8.62416015
18.19596188
12.42851174
1.39107269
3.40144836
8.76023190
2.53735538
3.02343750
2.04077148
1.27494293
4.73783356
0.60978211
8.92968750
11.47940603
7.85359929
4.93115359
0.57230746
10.82377106
9.46467642
3.56356272
5.11283356
5.19576019
3.81054688
5.43660461
8.75577571
2.98144780
0.90909291
2.40413951
4.03515625
0.32397461
6.09395169
5.09940769
2.93705231
4.82242797
9.25614472
6.49173981
2.82466644
2.62849790
6.49845523
5.47656250
15.39408356
5.98046875
11.68002257
6.96407136
1.58874418
6.06217531
21.09375000
11.94614135
5.34899933
10.28906250
8.30981383
7.72574579
5.25350288
0.24853516
8.20979610
0.50651249
7.97957336
2.55768590
1.51840480
1.94238281
4.07421875
4.60546875
1.42045074
12.15100067
5.96805630
4.13529698
6.01127106
0.25484223
0.15026855
1.89550781
0.77054840
5.30904144
8.44531250
4.98721853
0.77795877
7.02779144
4.57572169
2.33154421
6.00191378
5.13102172
2.78779810
6.82291999
2.08984375
1.85839844
3.14396055
5.89945589
2.91849762
5.16060394
0.76171875
5.65926086
7.35245789
4.17142731
4.26021332
14.35066711
5.21093750
0.33732117
3.32035828
7.21484375
4.26562500
14.56640625
12.05919881
5.43298869
14.71829234
1.01803579
2.82226562
13.37597852
1.43216754
9.01704926
4.18705231
6.32466644
1.13476562
5.18009087
0.63436225
5.80590758
0.56665101
2.57031250
9.31469415
5.41968085
0.71830231
2.50195312
5.25826019
0.65136719
4.58504211
10.49654144
10.42187500
2.01997894
5.61079677
6.28764073
0.98486328
3.44246399
9.94913758
2.95222961
1.47257508
4.62109375
6.03080231
10.12160775
12.25850745
1.79198970
2.78206671
9.07560118
21.14119570
3.42333984
7.23559508
11.05603058
5.10290558
3.10255971
1.93751994
14.59810394
3.55859375
3.58504211
10.68750000
1.24796570
5.49609375
7.43066406
21.70312500
1.03222656
10.04407942
4.12911790
14.90846771
1.11178983
6.02400820
0.72066254
10.17968750
2.61132812
9.22656250
0.02165222
7.16852948
0.94963458
0.72216797
0.73359950
0.27547429
1.36763519
22.10750305
5.30110594
2.26965425
6.52779144
0.00767899
6.98111813
14.77356050
10.71407136
9.06160461
4.18448914
2.76367188
5.98649047
1.18627743
1.64026097
1.57661957
4.39453125
1.61718750
4.47656250
2.64928857
5.99133643
2.38476562
3.94742797
4.01204344
6.66820479
0.75957142
8.97464872
2.22501773
11.21875000
2.62109375
0.73486328
9.17968750
2.76399657
7.07344636
5.45357269
9.45222961
1.01652039
5.04687500
3.73963501
0.52318206
1.34366883
4.31294769
4.65970856
8.51908356
1.32165309
9.34834995
2.08923371
0.91695160
10.06009918
1.41699219
7.03125000
9.22220856
0.17472351
2.21947687
6.46911901
6.40519226
4.71875000
1.15332031
1.93847656
16.33593750
5.58582532
0.94889281
1.65792027
0.13586426
3.02539062
2.95373504
1.12564813
9.68184729
1.42968750
8.13871122
1.97119016
6.67525487
8.99218750
4.19441711
10.61808289
1.50781250
3.98168883
2.72534242
0.20214844
6.05207004
4.30608426
1.08858059
1.14583499
5.42232269
0.80664062
5.02555297
11.30801423
23.20479278
0.13134828
0.52783203
2.06798538
2.25924423
9.52433289
6.12097075
1.39331117
3.11991301
10.06262300
0.68013519
1.31054688
13.26713043
10.84375000
0.13533539
15.11351729
0.73023271
0.37011719
5.12836991
11.58467310
8.54931516
8.77670434
5.85546875
0.11214110
3.96061281
1.78125000
5.92142731
5.60540947
6.17433510
0.05676270
1.77534225
0.80024491
2.29305740
11.16922319
1.29562056
11.65279144
5.23070479
6.02320146
0.87894684
6.57812500
5.09541778
0.48364320
1.61035156
8.62756317
5.09073914
1.21191406
1.87935394
5.49027372
1.38667941
1.52091368
5.76141845
1.70399600
6.47599180
4.96932070
5.46875000
5.14550532
11.66699468
10.16406250
18.91137633
1.46264711
0.26831055
24.21960356
5.96785461
13.49642031
4.32076019
0.18847656
3.81786237
3.24463763
1.52539062
9.39460993
3.31449247
0.48962807
6.67142731
2.21822113
5.47656250
4.96048981
8.63537567
1.07893922
2.06445312
11.43228502
1.78772440
12.91430851
5.85806627
4.01514295
2.39872285
8.05468750
1.17382812
4.39062500
0.00615692
7.25558326
9.44857934
1.68127410
0.48083527
9.25781250
1.19531250
1.81726468
3.69573581
0.47123199
5.65100067
2.56233765
0.60111481
3.37259918
0.72062195
6.87064606
6.75826019
12.23783356
0.73775238
0.13559967
0.36812348
1.92871094
14.57046986
14.01443632
2.69730995
7.62109313
17.05737367
0.62984223
2.61673981
1.32584469
1.33528812
5.40010528
6.03080231
1.27124086
3.62349457
15.04971282
2.69034851
3.79357879
2.74788453
7.75390625
2.84081782
6.92090093
4.36047208
5.72155917
0.24658203
3.91551364
2.10011136
7.25390625
9.39062500
8.99576408
1.78743905
0.96293121
7.87365692
4.00183012
1.88863253
1.25000000
4.51082336
3.53128685
5.99748116
0.66451019
0.74613434
5.76074125
4.33215425
6.78560394
1.11478668
6.08638519
1.19344055
6.64497894
8.21170989
11.01920656
7.10546875
3.57617188
7.87109375
4.67129433
1.96452903
2.05033356
4.16886414
5.19185394
0.46061094
2.78182070
0.40991211
12.88182846
0.97168716
1.94584137
3.06099457
8.58856938
5.99109915
5.39131870
5.99532136
4.25390625
7.13627106
3.00630707
6.10502106
1.56783051
7.19531250
7.16869681
1.61255319
9.14297651
2.43514849
2.58203125
6.31542969
2.71875000
1.09179688
1.24137328
5.04431183
8.12154144
8.46785461
3.10591644
1.30912262
2.35636414
1.83300781
6.17789672
3.75870789
5.27343750
3.80732685
2.73901928
11.39843750
6.38326019
2.29239805
13.06619802
6.86011303
0.59708680
7.48258422
1.37483765
0.16906738
4.77306849
6.66052526
1.67480469
4.35114916
1.37931959
0.80916320
3.90474457
3.51021332
6.46004211
6.00089539
3.36889586
15.64460993
6.35724956
1.34067043
2.19726562
6.39831450
7.73795656
9.22017177
1.94193761
9.26216644
1.50898826
0.30058206
0.99023438
6.75024352
6.65714539
17.81123560
4.17733038
1.95926972
9.94877106
0.85396332
10.57031250
0.67382812
7.16678801
5.75569703
3.62980164
1.83052582
2.60742188
8.77319149
11.23462101
4.57767731
13.62824690
3.68470079
1.94531250
8.57124225
2.12317486
4.95011414
6.65445922
13.03422888
8.04501551
5.11629211
0.47481293
1.50630707
1.00952968
7.56921542
2.24983765
9.43945312
2.24804688
7.44486481
8.30122894
5.89408356
-0.00239807
4.25813470
7.72090979
2.90429688
12.45161957
12.00475732
5.63000831
3.98783356
4.40625000
3.92232269
4.74360927
3.71732823
0.56054688
3.68750000
4.62109375
11.12642967
9.32466644
12.02539062
4.82421875
1.55957031
3.42427582
0.05014038
4.76615138
2.98663537
3.75795544
1.14896637
9.38797848
11.08683289
2.97546542
2.68119293
10.05468750
4.21459276
1.92212599
9.62935394
0.00723648
6.69486481
5.18404144
2.90820312
13.26562500
1.59525543
3.68391719
4.96598515
0.59322113
13.65970856
7.56178803
0.79597961
1.95109070
5.95768063
10.08003878
4.57262467
8.94434341
5.72656250
16.39754211
4.88627106
4.73962433
2.90234375
2.10253906
4.89062500
2.25390625
17.08093168
1.65246675
0.04522705
5.15580231
3.12459165
11.00280917
3.60127715
7.30301972
0.55517578
4.22216797
1.75541168
2.50240082
9.34671654
5.76656471
1.30102414
14.36125308
1.06347656
7.01127106
5.94531250
0.26835051
3.32975343
2.78320312
3.73384364
9.95951573
1.51855469
6.59285461
11.19502715
2.20039949
6.19531250
4.19531250
7.72566711
10.77254211
0.43709351
3.86088043
6.68359375
0.18416352
11.39245014
3.34192486
4.42968750
5.33691406
3.48197418
2.93599457
2.14062500
0.50244141
4.86718750
7.50736481
0.33833832
2.47420102
3.01798648
9.62500000
2.07572418
10.94531250
6.31294769
12.78470856
2.41841644
11.99218750
7.22672081
10.43750000
0.26416016
3.80078125
8.85156250
2.39798981
1.67525238
3.40970856
12.50000000
8.16752106
13.03157469
4.87947695
3.73819759
1.93367741
4.02734375
14.08044216
3.40348515
12.60424075
5.74907025
0.12006910
3.87947695
1.58320950
1.72050144
5.07621122
2.12886691
8.08939606
2.51338653
16.09789977
2.67094027
4.65669769
9.08593750
8.42187500
3.65287262
5.60982269
1.25976562
8.90625000
2.46350067
6.63415558
0.43015253
2.48714483
0.20361328
8.31941711
9.98038758
8.51127106
1.73046875
1.36328125
2.97505707
9.62500000
4.15913786
1.98298261
9.63481431
8.72428593
3.89603668
0.53267426
6.98046875
5.40625000
4.22220856
5.87935394
1.40108184
0.17631074
7.83593750
5.31205231
6.23437500
1.35298676
3.93945312
2.46484375
15.07063719
4.28669604
2.57040115
3.38321587
5.80875610
2.60294991
5.82324219
7.21830231
5.34061614
2.03678468
7.64062500
3.23408467
5.88219748
10.02735372
1.22550476
8.23002106
4.67488586
4.95402039
11.05468750
4.09932403
3.38159242
1.84960938
4.02734375
1.26855469
14.59920102
31.66597628
16.35937500
4.34419769
8.59256428
3.08276928
2.26997894
6.29296875
0.75825708
3.57076269
10.73783356
4.89286347
13.32588341
3.56449745
1.21679688
9.47762024
3.13566101
7.60156250
1.72558594
10.33007812
14.58349609
12.09452239
2.65331034
2.96753989
4.57076019
0.76493254
10.13549867
4.79732269
1.78125000
7.53425089
3.32121786
1.04003906
5.70312500
4.05078125
2.43827239
1.94213929
2.30281555
10.64473294
3.04606327
6.83459442
0.10192902
10.88281250
0.36523438
3.40340149
10.81339539
2.15681821
2.20044008
6.17846742
10.42264739
7.69348238
4.76953125
3.39394809
9.80738613
3.36702515
4.43750000
0.92773438
9.28906250
0.78706754
0.72225039
2.44531250
2.20357269
7.82377106
6.50826019
1.30859375
6.28893950
10.07466644
4.61100343
2.71289062
13.98950133
4.31986481
9.35094748
1.55453014
1.28906250
5.14274047
16.97790558
8.70312500
5.24263519
5.01293883
7.27762910
2.51997894
1.41251524
3.36145113
7.22305962
4.29211768
6.00870789
3.17553524
11.45337101
3.29056793
8.73783356
3.91446089
1.65088763
3.00976562
7.97477172
12.75000000
0.85892731
1.25516816
7.61938165
5.21655585
2.76757812
1.66992188
3.60351562
5.24511719
5.65926086
1.45300200
1.53129183
4.12890625
5.57812500
0.15405273
1.43953430
3.74112976
1.04755614
4.48962433
1.18945312
2.83443207
10.35156250
10.00764829
3.52045601
1.31348902
3.83833832
5.44921875
0.63094055
12.78125000
12.06941711
2.67187500
1.94612672
8.23596160
2.78409851
9.76550200
0.57478945
2.72220856
5.09419769
1.31693512
16.44418552
0.38829343
1.76647239
1.56783051
3.96939938
1.72493656
13.50423094
5.12858156
1.88769531
14.64949025
12.09399601
1.85026374
1.25195312
6.30468750
4.33210993
7.22562777
2.30554355
8.47220856
1.31392426
5.60143950
3.50301688
1.34660350
4.87544769
4.41015625
6.20658356
0.11543793
10.28203007
0.83033410
12.09471136
4.78477282
8.87064606
0.09521484
1.48087461
5.44588320
5.15234375
8.12923094
8.53483156
10.85156250
5.24942930
1.54301058
1.78125000
7.29934952
0.85352310
11.55583191
4.32783467
2.27026928
0.11895752
8.26452543
1.29557375
1.28238891
2.31083222
11.19921875
2.98392731
0.13696289
5.07031250
6.12500000
9.99645280
4.48735150
5.79182735
6.28731604
2.52449524
1.05070008
0.69677734
2.26440430
1.76420074
6.58158356
1.61612976
7.92399047
3.02132203
3.51171875
0.86425781
3.45328735
2.27522828
1.14335051
5.14375886
1.51696559
1.70914921
6.25435394
5.52734375
5.87890625
8.17789672
1.81734254
2.55814606
2.22896332
3.04252106
0.74507660
4.32377106
0.08638519
0.00107861
0.57499145
4.69095856
0.44319703
12.54508422
1.32743379
2.03097534
0.41235352
5.13281250
6.58202934
3.14257812
9.50565271
1.03438636
12.10200023
8.97705452
1.99418495
1.39974124
1.04459718
0.05436188
7.12154144
2.16166168
11.26997894
10.21289062
7.39953458
9.09317930
1.92330175
0.96699981
4.47444703
19.28496658
5.18103058
0.20654297
8.84060617
8.46753989
2.12544769
3.75976562
10.67097961
7.56900377
2.87329787
8.10668883
2.34643617
2.17338043
1.40865082
5.96227062
15.80335438
5.87890625
1.96582031
5.95133422
0.44490601
4.86458001
6.82991578
0.27474249
5.37231321
20.33825466
2.33073249
10.08247894
4.30078125
0.18408203
5.64453125
1.10485746
6.15893617
0.73331726
4.78727172
7.55334442
6.79264406
3.91601562
2.25150543
0.65592406
0.95634004
7.13281250
0.49173918
6.69454011
3.98925781
1.27689606
3.84029144
2.82226562
0.33821594
10.96964539
3.13297485
6.97054078
0.01783752
5.55545989
2.35079011
10.77734375
4.87845856
0.98189301
6.23828125
0.13500945
1.72896332
5.82902039
4.18750000
4.22220856
3.59224457
3.78125000
6.24865692
4.64619903
5.28483156
5.77278563
4.58036347
0.75427277
3.81884641
5.25402925
15.00010307
2.26641732
4.18013519
1.97363281
0.12477600
8.03214539
14.22566711
3.45943207
2.31490082
6.36917000
2.67485649
4.06730164
7.13537567
9.67622894
2.66397884
9.49589206
2.64680907
5.85437167
5.37455231
0.55643520
10.21989140
1.54980469
13.06070922
14.28694703
14.21337766
7.34476839
1.45650238
15.71997008
2.37963929
2.66890348
8.43225067
3.28478724
5.82326907
6.82789893
4.18750000
8.30371094
2.33939606
1.07421875
7.80078125
0.27559418
9.49820922
6.38024933
3.63891539
11.03829011
6.22656250
0.15270996
0.76708984
6.68945312
12.69832087
11.01509862
1.11226286
3.60888796
3.99638855
1.97501524
4.67635195
2.49719083
1.62841921
4.99360927
3.34109819
4.67534352
1.58496094
10.44095856
6.01212212
5.09314245
2.79264406
5.01493130
11.11653812
0.98571808
10.26472961
1.60929383
7.57421875
12.52498227
0.93107242
3.61576324
6.74654144
1.75248199
0.34493012
4.95658356
1.67525238
1.00772572
8.47371897
3.20145722
5.96382536
7.42199800
2.25134308
5.07499114
13.83268063
3.23490636
1.46777344
4.88289118
2.54048925
2.69771332
5.69877106
0.11128754
0.67822266
7.80371094
0.53959137
4.51216644
0.71720087
5.84456671
7.21439606
6.17219969
2.16809175
10.89525931
3.99927194
0.55175781
2.29373117
3.31519614
2.04732269
2.94653258
3.92260804
1.00292969
4.04075466
0.80104221
0.67382812
6.82031250
3.82678067
1.79773105
2.67146665
7.20113253
4.42622894
0.80224609
0.84619141
1.17280973
3.36775820
0.09114594
1.51029449
0.74471008
3.98571808
4.58158356
7.43359375
7.98587545
2.90715037
14.50710883
2.22335992
5.93210772
11.37514294
2.71289062
0.31042512
5.13476562
4.09240692
4.34118683
1.04838043
6.21484375
9.14408356
0.03168763
7.84765625
1.92142731
2.62740082
3.85156250
1.84317930
4.13293550
7.24547873
0.85164866
9.73721978
5.76477393
0.99849457
9.50654810
1.23466284
1.10351562
2.23005790
5.39156471
9.26908356
1.27628601
8.92533356
1.66939301
4.73730469
7.81640625
20.61985779
1.54545074
2.63019753
2.13294547
8.70312500
1.87109375
11.28202239
3.21327904
11.83672982
2.25195312
0.93212891
7.57421875
15.30366911
3.17094027
13.78725178
6.60910710
10.89054632
12.79085328
0.23083527
8.29252106
3.78658051
0.54980469
18.45914672
14.43994016
4.33093417
6.01997894
2.34541778
5.06038453
11.66894282
4.49166112
2.81851674
4.18209330
8.24654144
0.38883484
8.00122008
5.18627992
4.38816989
5.12114804
9.43750000
3.12215149
8.13024933
23.11204123
3.81645057
0.39527925
7.58898770
20.95723543
4.25793550
1.44726562
0.49800567
10.38024933
8.08278075
13.87076906
3.60982269
0.70902496
3.47505707
2.76403591
5.68518284
4.12988281
1.77636719
5.10937500
7.56314938
3.44421542
0.69868988
8.31595856
11.58955342
6.39308955
0.91624223
2.39843750
1.97070312
0.83626094
8.29801640
1.77233793
10.49141511
2.28214539
2.60705286
2.41052526
4.84798094
2.70661791
2.13831283
16.33789062
2.05859375
4.66752106
0.17732758
11.46529144
5.44140625
14.22298094
4.14030031
1.47656250
2.31400543
4.93111176
3.52539062
15.63281250
0.76224762
10.68045989
0.61543855
1.55025238
4.81648493
7.33195257
1.34525543
12.31685394
8.22656250
11.92533356
0.17821747
5.97574579
0.06762633
10.33862367
0.00841522
1.81915677
3.90276706
11.80289672
7.37679078
6.06941711
6.62198914
0.08221436
0.16162078
1.27246094
2.54687500
2.72399933
8.23002106
4.56294769
14.38822418
1.59525543
3.75931793
6.47701019
2.96183289
3.41992188
0.75707946
5.06473847
1.50781250
4.00691213
13.41317209
6.76216644
11.53995789
2.93644226
4.89408356
0.33638519
2.54675200
0.77697847
3.61465371
2.27702903
12.07902039
3.04296875
10.99564606
3.61177582
8.08621787
7.17505319
1.35396332
10.46093750
1.49316406
6.69486481
0.85498047
5.42935284
5.48906360
2.50585938
6.55468750
0.02711487
5.26074219
7.74910461
5.15445922
2.77803247
2.52738807
7.70463043
15.34748799
0.60478252
7.36706450
2.51228945
13.27148438
5.13236481
11.46529144
8.01562500
2.23828125
2.74369293
14.61251331
0.16137188
1.61039215
8.12129544
20.40665835
4.61299590
5.37467531
1.17036957
3.04838043
10.76423759
0.98238503
3.22550476
6.19531250
7.52713210
2.42794603
0.71484375
6.07714844
4.78771942
1.74698914
2.55078125
3.15669769
14.95775931
5.48156583
7.65442486
8.84289395
1.84265292
10.26550200
12.43994016
4.91687167
8.53544160
1.94140625
2.32661957
11.34231567
2.19921875
9.83325195
0.59179688
7.34912109
0.58935547
8.32714844
1.98490387
0.51562500
7.72777123
3.10803192
2.69860871
6.54296875
3.99023438
5.50724180
5.41072695
3.24955231
8.34057181
1.77706338
2.41361481
4.24218750
2.67622894
2.15625000
6.10243297
3.12608266
0.18969727
1.57262903
1.61169714
13.08796692
1.83894836
1.93253601
8.53470856
9.13716644
7.69692598
2.81043882
5.15279144
9.13972961
8.88883422
6.39721742
0.49707031
3.22851562
0.50549316
3.00964262
6.26310118
4.96073581
0.59517426
2.35786957
8.78125000
6.99173981
5.04931516
0.89518312
2.53694703
5.37154144
9.30907580
3.39404920
1.37130737
10.32226562
3.14408356
7.58984375
7.67578125
0.18017578
18.63225693
0.52832031
8.02563165
0.37915351
1.98391484
6.65963984
0.37011719
2.47411736
6.69401374
11.74743683
3.97115082
0.19388824
9.57812500
4.41393950
3.08215425
9.50935727
4.49890292
0.54447418
1.34968806
3.94568151
0.92773438
1.60583278
0.99581089
4.89152039
0.14270020
1.38824463
7.37109375
0.87845856
7.55078125
5.01672208
1.35384281
5.05016623
3.38342752
8.35937500
9.42732602
4.34957003
1.99678496
21.30151429
10.13531494
2.16601562
11.92187500
4.60066711
12.72196255
3.76721409
0.74369293
2.89994293
0.49877930
1.07902039
5.92354278
3.52176972
5.33593750
7.79508422
1.37679078
4.49104610
4.92301640
0.94677734
2.15897426
1.83467808
3.70898438
1.03352657
10.77803745
6.96455342
8.24292553
0.25219727
12.68015958
6.24171542
5.10522461
0.87561004
4.52087433
1.04256040
5.69376773
0.10101318
7.27652704
3.45980108
3.73575244
13.81580119
8.58516511
1.27246094
2.31086160
10.02312278
5.73046875
1.82128906
11.61283356
1.42622894
2.33398438
0.00773239
5.38053313
14.38985261
0.46533203
3.03433954
9.22347296
1.77343750
6.60457336
10.90229943
7.96578346
1.22460938
1.16324828
4.41917388
8.73121675
0.55013062
9.16406250
0.67333984
1.89945403
1.55391511
8.94441711
0.93400086
3.11433899
0.04246033
12.74316406
1.71732574
4.85546875
3.01757812
1.42232269
0.45800781
3.97851562
9.07108489
1.29760804
3.70747894
6.97131317
2.07556183
0.25976562
5.43330840
10.46272828
0.44453949
2.20117188
0.60888672
3.45239196
5.01965020
1.32275764
6.67854610
7.51286015
15.85847961
4.61372894
1.13228363
5.14408356
1.55847075
1.99861757
4.23828125
6.86840758
5.30346742
12.73437500
7.33158356
5.50256317
8.99743683
2.78401485
10.29934952
1.55966145
6.85152067
1.92439882
11.74654144
0.17431641
1.30468750
10.71350067
5.30468750
9.90368683
4.86283356
7.24263519
1.54687500
6.85937500
2.19806613
3.29558621
0.95007324
9.96439606
2.44966644
7.40612700
6.10514406
7.50760085
4.60612810
13.63671875
9.30033356
6.62845856
0.49277584
13.08528812
5.36763519
10.60591644
1.08300781
2.61326380
4.26617131
6.31294769
0.39404297
2.17382812
2.83520446
6.31730164
3.80061890
0.38891602
3.22493157
2.41471686
7.19531250
1.04516539
7.94799867
5.51460661
8.01664339
2.53125000
1.49058306
1.49614804
8.54341644
0.86279297
2.41857879
6.28214539
4.43423815
1.21757674
12.41556793
8.35188719
3.04895113
2.51908356
1.73836242
0.04858430
2.63980829
6.47693151
4.04109680
4.88415558
13.78816711
1.51554383
5.58203125
1.54003906
4.51836991
1.17258864
1.22599180
2.54398714
15.67162899
3.85799257
2.20084718
5.65100067
11.00602172
9.34899933
9.15022828
2.34765625
4.29199219
5.88459830
8.40055795
2.90820312
2.79137633
5.89863919
0.25573949
6.73856162
1.13936807
4.90580231
3.52734375
6.94185394
3.24249101
7.05930739
7.36629211
0.45813019
1.70170074
5.70222961
4.41540558
0.21561645
0.05989625
4.40380735
18.58561281
4.77478058
3.72310394
8.50000000
18.41470337
5.29174649
4.90470523
2.03515625
6.59765625
1.00435394
0.28710938
5.63659575
1.67395113
6.45658356
2.33068817
11.66585328
2.04101562
3.24552305
5.25390625
3.23689882
0.44067383
10.23022461
5.40775543
9.67879211
1.88415558
0.60107422
4.05065294
6.48689384
4.04012522
0.48193359
10.54508422
5.69710328
21.39933048
1.20442928
6.49609375
13.09452239
8.15702239
1.11271304
1.20019531
0.95316559
1.36372894
9.30623227
5.94376773
3.85473072
4.35230053
5.65970856
4.82031250
0.23921723
3.78125000
0.25052762
1.20992160
8.49125152
0.62740082
5.57031250
0.92514983
15.68546321
1.10868628
0.12303587
0.64518312
11.61132812
2.03381317
1.25577820
1.90039062
10.98002106
3.19620789
3.08544922
1.35111481
1.90718473
19.11474734
0.28588867
0.25736387
6.41072695
0.38382965
8.15535461
2.49938996
5.55203569
13.81049757
12.10389741
3.10831540
1.05501468
5.54101562
0.41027801
0.05804475
1.28432916
3.76733710
4.49495235
18.87524601
6.04777039
1.20117188
1.63476562
0.32212092
4.57580784
4.37890625
10.85156250
1.73970551
7.25117576
3.26835549
1.65722656
7.93312612
1.89756205
5.14754211
2.43387910
1.28808594
11.34720856
4.69921875
5.02343750
2.41255707
3.78413786
0.58109652
3.12276153
3.28080231
3.10473571
7.20849734
3.68050047
2.51334718
7.64094969
12.37410461
4.19152925
3.09452239
2.44649324
4.50435394
9.48604278
0.42362519
4.22147551
13.11836824
7.31640625
6.37500000
3.04882812
3.21582031
11.92187500
7.70121246
5.97310394
3.03470856
3.78658051
15.37377244
1.26001662
2.82177610
3.15616634
2.65779975
5.44140625
3.07226064
5.63477061
9.53906250
9.59375000
2.39294216
3.26526097
0.40747070
4.47611481
6.37890625
3.51578735
1.57503297
3.22896332
4.91406250
5.88671875
9.31595856
3.18404144
9.38627106
17.44371344
1.66806238
7.22611481
4.16060394
6.49059841
1.01623753
2.41751825
1.95198858
3.89501829
11.89856050
2.80993683
4.07503048
7.07747562
10.23091644
0.73620637
12.09375000
1.66796875
2.57811752
1.74227615
4.62003601
9.10599668
2.84794160
8.61027039
9.18404144
4.09855164
2.43945312
4.70267731
2.34308068
0.70379432
11.69966644
2.49023438
1.51179992
16.28125000
3.33878601
6.43558622
2.30692597
3.56412843
4.92744903
1.21032746
4.79386414
1.77539062
3.00585938
7.39453125
1.92264520
4.58060948
1.28739472
2.55244903
6.72790558
2.15396969
4.45499446
0.45552956
4.80590758
5.51574800
11.28461991
7.00008865
0.28401672
6.28336547
1.37325105
6.78515625
1.36328125
1.35847961
17.37198914
2.91947418
1.82173427
1.39461491
7.82377106
3.05407746
2.77539062
5.17272607
7.21220190
3.34554078
7.38236481
7.69185394
12.06314938
2.45052249
0.30908203
5.94518950
3.84855164
1.65840730
9.44531250
1.21561614
5.38549867
9.32466644
5.69921875
0.17614746
10.38936060
3.47196753
4.19095856
10.86539672
3.04520722
9.39843750
1.15331144
21.38818484
0.96728516
19.23828125
6.23374420
5.83158356
4.54386414
0.44803863
8.09375000
0.85933441
1.99609375
1.65136719
0.59676086
1.01607269
4.31294769
2.62678829
10.71016511
4.94332003
10.84964872
16.11641511
0.29174867
2.36328125
8.84330231
2.89062500
2.73091644
5.13793883
15.26005097
0.70845551
9.80545989
3.75313386
1.67040642
3.02152870
3.31445312
8.48437500
17.03356716
5.81408909
1.87349457
4.70312500
0.36275114
6.09208222
0.76440492
6.85746122
3.55557791
2.24862256
0.52046723
8.24462891
10.46582031
6.58068817
2.18839539
2.54927582
11.50000000
11.27396388
0.26851659
0.01739502
1.05324217
2.81022218
17.09480774
3.71964539
0.47005001
8.32145390
2.72265625
9.66752106
7.90234375
0.19649262
12.76179743
6.15572362
2.64107269
17.20311948
7.52051084
26.65918218
5.53320312
1.20133422
11.57556183
3.54133533
14.62468029
3.35481407
1.51273964
4.03365082
1.39078735
0.22082551
1.35967893
7.79834109
4.02388519
0.76859527
7.76607269
0.10302734
3.33813414
15.43192597
12.03906250
8.66353363
11.33593750
0.42749023
11.15625000
0.17569977
10.01216644
12.54687500
14.98734527
1.81205231
1.57902039
12.53531660
4.73786791
9.15572861
9.41406250
3.82617188
7.16445590
0.52695035
0.70104887
8.89323000
0.66609680
2.18001219
4.09464539
4.19108156
10.69185394
4.00345856
9.05129766
4.68352504
2.26354887
2.74385652
5.72355164
5.69051086
2.80411680
3.42920046
6.88268950
3.22082613
1.40625000
7.94749668
4.48609707
1.47371399
7.14873228
1.99278811
4.00414852
4.73974734
2.88309785
8.30122894
2.29073028
1.64969941
1.86381012
1.38293052
0.72786874
0.98681641
6.61865234
2.07800500
7.01194037
3.13326019
3.63732879
9.37935394
3.57275266
13.22847628
12.09975523
0.96793578
10.53487183
1.70898438
9.23950133
7.11763519
3.35273826
6.50739916
10.18116356
0.07336426
1.79713979
3.79691932
5.94633089
0.20642090
2.40132536
3.62992464
5.27456893
2.31527482
6.82666016
4.99955231
1.70357269
1.97265625
4.63671875
4.72460938
3.25390625
0.55859375
1.55651762
17.14856050
10.71439606
2.87935394
7.87442930
1.03332613
8.22656250
1.98649047
12.88114472
4.61718750
7.87711547
6.30603058
12.60867133
1.13787012
11.52108152
6.73778478
1.59073914
2.27689606
8.75000000
6.94486481
6.79227505
9.54366245
0.94767273
0.33642578
6.65820312
1.71252223
7.14554964
5.73115249
10.79631427
10.22220856
1.44473682
1.75733045
4.59094083
8.37780917
1.23535156
0.79925537
0.47680664
4.61991301
2.30017121
0.27254273
2.64453125
1.84798094
1.00532552
0.39087475
5.25813719
11.21055572
6.11865359
1.50585938
2.06298828
3.36718750
8.07812500
0.92142731
4.09419769
0.97464747
1.27343999
9.04252106
2.37003601
5.99218750
6.49173981
3.94681793
9.86417664
0.49955231
8.05122894
1.44344055
0.80655945
9.06664229
2.38001143
2.91162234
1.00524933
3.41601562
2.19864805
16.04353945
8.57031250
0.16174316
2.84798094
10.15843538
6.66601562
0.60949676
4.13806183
0.83203125
0.44775391
0.65087891
4.07084137
7.66617797
0.50504453
13.16251773
1.24947113
0.29980469
10.70658356
5.94576019
1.72167969
3.68851341
0.67724983
2.30318207
2.82796016
4.88350620
9.81250000
0.24239105
12.30273438
5.58365470
3.02331948
23.09260860
6.67346409
2.05664062
0.82861328
1.22725371
4.22880097
2.13317653
3.46587407
6.10114471
0.52587891
4.06347656
0.24906402
9.75256317
1.02620484
0.04269409
1.32641446
9.61999667
5.29252106
0.98347961
3.09757508
0.94038910
0.77465758
16.63549867
8.11718750
1.01464844
3.19877106
0.92630763
5.15617132
4.94140625
3.67773438
0.33276367
8.66406250
2.48806960
6.08614915
4.53339484
7.16387078
1.01615387
3.59615082
7.71394836
6.66105164
9.55468750
4.70312500
5.59375000
0.49204498
0.00798554
0.00989532
1.32559868
3.73698249
7.40625000
3.68811004
7.79911347
1.39746094
11.94970703
17.17187500
5.54296875
10.70312500
10.44531250
2.18119293
7.11079926
0.22062164
0.63179535
9.93216202
8.72408798
5.07031250
4.79296875
3.04296875
4.63732381
5.62439494
0.19897461
1.74511719
1.80664062
0.14798981
8.41320396
5.05216866
2.15128601
2.42578125
0.64973688
6.59790226
7.21842531
6.81941711
0.76652039
4.01029449
3.68359375
1.52050781
4.85937500
2.70808899
1.14196808
7.77298981
1.81034270
6.80826906
9.67187500
0.54329126
0.83036597
2.54252106
8.58084553
3.10514904
22.61629211
3.61177582
0.40962738
3.24023438
0.27913360
4.34944703
3.33247894
5.07332336
2.80533688
1.03930851
2.49701228
0.35406194
0.25512695
15.56701629
6.11203126
9.42056182
5.40775045
2.72115580
9.16752106
3.69612423
4.58569274
1.95544714
9.19441711
1.99503601
0.92773438
13.28906250
2.48933899
3.44620789
1.65722656
6.90189606
7.75826019
8.14062500
1.55692535
0.50240082
7.83312833
7.60001773
1.95898438
0.29561371
2.61381012
0.90238434
0.17667664
2.03661985
3.48344027
1.99068207
2.25000000
0.29284512
6.86218417
12.98258422
5.16495789
3.13716644
8.24513764
3.39750152
4.87935394
23.32865387
1.60591644
1.56553769
0.10143950
12.80533688
3.37601839
1.18990207
3.24279754
6.09899933
3.20161957
8.46093750
0.09246826
2.62259918
4.14497894
0.78088099
1.60486120
8.87064606
16.67700133
3.84606292
6.01997894
3.15535461
4.86462433
5.59810394
2.06835938
0.02035522
0.69824219
8.26908356
3.06099457
1.40095440
1.15557000
3.59777925
5.27433289
0.80224609
1.89062500
11.20658356
0.77555297
1.00907441
2.04101562
0.84309813
0.02598146
2.24849301
2.29878878
1.46634918
7.57812500
1.97745789
4.95812833
1.50341921
1.90368683
3.07617188
16.55468750
8.38281250
3.21381040
0.06646304
1.99902344
1.36607174
4.61609042
8.05558289
0.22981781
0.47831207
4.64229278
9.10424867
21.00018601
2.29110427
2.09916168
1.63195645
13.07222628
6.11462433
3.56506317
2.34659851
3.20898438
9.22656250
12.94877106
5.38622673
5.84904366
1.81054688
9.64848265
9.71362367
0.49951172
0.14270020
3.28080231
1.35815056
6.21578346
7.13281250
5.89961326
7.27727464
2.73547706
4.21174923
1.77628788
2.03125000
10.75691711
8.07466644
4.12109375
11.21439606
1.75968445
1.02050781
6.08548981
14.39216977
37.70886386
3.25105774
1.06730164
5.01517731
0.02867645
0.45389801
7.35546875
7.57031250
6.94921875
3.50097656
4.06294769
3.31400543
0.24369200
0.62113558
1.87792969
3.75585938
1.40694121
3.82165558
0.85734070
1.33662560
2.30819038
2.71724457
0.14243467
0.66914949
2.66149933
0.27620422
4.44185394
7.03125000
5.23872894
8.78125000
6.67675781
0.99320465
3.94771332
17.80008755
2.99731632
3.57031250
2.07271332
0.89892578
0.63627106
4.55093861
1.67216533
4.50239957
10.14945589
3.71875000
3.56738032
2.90527593
0.00183678
0.63830566
3.88867188
4.09977172
7.27522828
0.44970703
1.38441924
5.23962433
6.75736481
0.86808289
2.31294769
6.42578125
8.98002106
1.13256400
10.18721963
0.53222656
17.23089651
14.40537455
4.74910461
0.76700867
4.05814606
1.81632508
3.90625000
2.48046875
0.30932617
16.58581450
15.67199800
3.06761636
1.16089926
5.76127106
2.46093750
5.16406250
4.72265625
-0.00302368
19.35375665
3.99231050
3.19017122
2.63323581
1.68208832
8.37288328
6.04719969
5.83715758
1.37606023
1.18412262
4.30122894
7.86673981
7.16259641
7.29248171
4.14017731
11.71183289
0.16459137
0.71870941
0.14550781
2.71048981
0.00592560
1.03959074
5.57735261
4.44921875
6.58414672
9.38281250
2.17712433
3.45161957
6.64408356
3.36718750
1.56933594
9.20552582
5.61751219
12.31774933
2.70882203
0.60640473
0.01493835
7.77408688
1.76212710
3.54536957
1.25142426
0.02763367
4.16015625
3.36914062
11.18175865
1.73380928
1.16255707
2.12353516
1.60937500
6.32377106
1.83300781
6.42923981
2.17472351
9.74929633
5.28585992
3.99491301
6.28169769
0.80794312
11.32902039
1.52988429
4.12837987
7.58593750
0.36523438
1.10750305
1.23038758
5.87890625
5.42968750
0.42700195
3.74707031
5.76953125
2.36914062
4.30078125
8.67610594
8.88114472
0.59753449
7.60412567
0.43644226
3.84810394
10.04162567
0.16320832
1.42480469
1.42095184
4.66796875
0.92826324
12.05122894
15.96524030
1.68078707
4.18192597
8.37455231
4.62935394
0.93994141
5.77047605
6.87812337
5.29132091
13.72924867
12.69771332
0.81498199
0.83760528
1.20581117
0.61376953
0.04794312
7.58593750
4.68359375
0.13647461
1.82546758
6.65006442
1.43796265
2.97220856
0.90742949
2.22579011
10.90970856
1.73579926
10.42008422
3.01428192
5.82735261
0.16503906
3.33658688
3.05767468
1.71124777
1.62748199
0.60314910
0.80501344
2.30708832
9.88374225
0.93559369
1.03051197
4.97339428
4.01002502
3.18750000
0.21569824
4.52257989
3.97436835
2.02385121
8.68623560
4.10128213
7.78966756
7.74548869
7.81205231
2.50044769
2.80725067
2.98767121
4.86539672
4.56339539
1.92761562
0.47381260
5.73542775
8.50073554
5.34188054
0.88138824
2.35201019
4.71830231
5.70312500
21.05021055
3.03214539
10.49426363
1.23242188
3.31986481
9.92048759
4.76355385
0.05113814
0.00581910
1.44507700
9.78943151
6.70507812
4.68782469
12.85723109
8.76599401
6.98901429
0.93461090
1.24023438
7.53951019
7.73046875
0.96630859
4.15234375
15.14729610
1.57926640
3.76171875
4.26713043
3.31445312
2.81372008
1.85131898
2.64497894
1.22525876
3.31189121
10.44966644
5.17187500
9.28381317
13.40527157
2.20470413
4.98304188
0.86555907
3.88773714
0.30615234
8.84761193
5.74473073
2.64593860
4.85937500
2.75390625
2.00736481
6.17232269
2.02929688
0.15783691
1.21484375
11.14399989
1.64709691
2.81730164
7.95267731
8.95747894
5.45959442
0.17517121
2.76896055
3.35620179
0.34016969
2.12695312
1.98446678
1.20024711
9.23258422
6.10770722
7.64062500
4.25390625
6.38960661
2.25944093
11.23962433
1.79882812
3.62695312
6.50390625
9.74564606
1.86088043
1.89249695
7.62500000
2.59720856
2.75781250
0.12854004
1.76962851
5.19067819
0.64790863
3.76411957
9.49475067
13.92907746
6.36914062
0.37695312
3.46048981
7.69331007
1.19971575
8.29073028
0.73807832
3.64904754
3.70344969
8.55045656
7.48962433
5.27644836
0.49991883
0.59667969
22.80468750
16.62019161
12.16736027
2.21634918
4.66015625
2.74023438
5.59419769
1.62572308
2.85474567
8.04778481
6.13011191
2.69335938
1.14294465
5.40071532
8.28137300
0.65722656
2.05379211
1.03365082
7.50044769
0.01549392
17.05814606
9.45568817
4.58426972
1.24023438
7.07617188
2.36478668
7.57031250
3.50781250
4.67309508
0.47383699
6.78125000
0.07873535
0.06945801
7.24940064
1.76927082
0.49654643
7.61808289
2.04044493
2.19783632
1.39941406
10.02017066
8.83485039
2.38023864
9.20658356
6.09163453
1.62597656
13.99784021
5.09200354
3.58789062
5.07421875
7.12816822
4.42814273
5.99088874
1.63452211
4.02823914
2.06054688
1.09863281
4.32755430
4.11340425
2.93493652
8.84810394
1.57617188
10.49963348
3.38042610
0.82208886
0.00943756
0.22356659
10.16324081
3.04033189
8.32377106
9.36873227
4.51212710
5.01127106
0.93839539
2.78125000
7.12890625
1.47619598
3.86027039
7.60448845
3.49764350
8.35432735
2.01615636
4.98645401
2.16271942
1.37341340
2.68119293
12.50312950
5.17973182
1.75899262
7.83390071
3.72595246
0.58809605
0.68647143
0.41606244
3.92477976
2.84873891
0.88834594
3.17606162
5.23282026
1.24073636
1.14735620
1.81872839
3.03409851
3.60156250
2.88866689
4.89604166
1.00826019
6.48469969
3.29655031
0.75642883
0.23185242
2.37750244
2.90189606
6.89107269
0.89160156
1.79882812
3.59594415
0.72595495
4.15856965
2.91601562
17.17871094
0.98978668
2.72070312
1.47505707
2.29284575
3.79805076
5.16646830
3.66646332
3.57812500
4.66015625
9.04687500
9.45222961
0.47989930
2.01493316
12.00920243
2.72851562
1.24759918
0.03111786
7.30423981
4.86759087
1.36820839
4.89843750
2.76908356
0.60420684
4.13875305
2.23706117
7.78926419
2.13757480
3.83968140
0.40649414
0.75390002
3.34282025
5.91841644
4.43359375
2.16812071
0.06274476
8.03714872
0.59126925
3.05023193
8.52689606
1.36779754
0.88899781
8.85937500
12.84765625
9.79825743
7.25402925
6.88228363
2.05468750
0.36531683
6.27701906
1.17077543
0.87072847
5.35546875
6.01908356
7.01806516
3.34521609
2.46333832
4.97265625
7.05033356
0.66029316
4.82060283
16.31095518
2.25732546
2.30664062
6.13923759
4.50308954
2.38696974
4.07903730
1.27606493
8.00154477
1.79960300
2.04939696
6.75659242
0.35786957
2.61372894
6.65970856
1.45075542
0.94955341
9.03649933
6.39542664
1.46740692
2.42818207
4.75019172
4.00538231
0.89131746
0.52050781
6.78682403
2.47985871
1.22062195
7.68269836
0.68009461
0.93206694
1.78625582
8.28125000
0.85599762
0.14876312
2.15209961
1.87207031
3.18916778
1.29964234
0.81245941
0.47119141
0.12707520
0.07274321
7.46663453
0.64587309
1.00500582
1.28666168
1.89249695
7.13281250
0.14636230
5.14363586
0.14392090
9.71964539
0.69238281
7.25345856
14.30122894
5.89338985
11.76305187
2.63559106
0.36275238
10.87556073
10.56718736
3.64615968
15.33068817
1.79797514
8.19710328
5.86206117
1.42268922
11.03706827
15.68974844
1.12117492
4.91345246
1.58886719
10.32812500
3.09179688
5.75292969
1.46244293
2.00240082
0.45043945
0.94726562
0.38920074
10.41841644
2.90144836
2.17670850
6.78024157
6.76981162
5.43721963
3.99324524
2.73022274
3.53417969
10.70426640
1.68359375
0.69970703
1.32788086
7.05468750
9.44370132
4.23046875
0.58540863
8.99218750
0.77836090
0.78169769
5.70039451
8.21220190
1.38109230
1.70561945
5.37154144
0.57214843
3.24894226
3.78426086
1.96410884
5.44523382
3.08593750
5.44786570
5.20769060
6.76843417
4.81429078
2.16015625
2.45729542
1.44846630
7.51171875
1.69726562
10.42879211
9.87154144
2.95224901
2.90171431
3.58353668
12.40181488
3.73828125
0.78851806
5.97745789
0.17712402
0.93750000
13.22326131
1.87830119
1.41015625
0.05806945
0.95979859
2.49910461
8.40307181
2.90792276
2.63130707
12.96004211
7.81708999
0.84005540
2.86523438
4.04687500
0.82421875
4.45869903
0.78564266
1.68367741
9.84810394
0.76025391
0.96777344
0.71931572
6.10265958
0.38460826
3.22115082
0.10759917
1.71167054
0.76236938
2.56864472
3.03125000
5.25756649
9.19946476
6.58939606
2.52832031
6.92671723
0.25854492
2.27099609
5.05078125
2.67728668
7.61328125
1.95373504
0.28523805
5.10156250
4.59136869
1.51704926
2.71398521
5.92985483
3.58789062
3.03800476
10.69185394
0.24267578
2.86523438
3.93554688
0.91357422
7.66015625
2.11523438
5.31595856
0.73872894
0.03625488
0.89143797
3.21211824
5.64497894
5.46484375
0.73697875
1.32015015
0.48828125
4.38602505
1.15649601
10.76997894
7.03125000
1.04687500
4.41918883
2.29565492
1.31054688
5.08325133
0.99780336
0.37552887
14.06917110
3.16129765
19.71773161
2.42517121
5.51143340
5.40470523
6.45959442
0.87683137
8.37500000
0.10443115
5.88281250
1.93847656
9.56054688
2.52734375
1.19095856
8.40279144
2.38887356
6.38651706
0.08068848
3.41894531
7.28515625
2.90234375
1.67773438
8.25500333
8.66345371
0.39282227
3.47656250
17.86874944
5.14107269
0.30932617
4.80334317
3.05944980
16.13932126
2.92708499
8.43469083
0.93152011
0.75937242
16.30119459
0.03255707
5.92686836
16.30225731
5.67411347
2.77463163
18.52356050
7.77868683
2.25585938
13.00635445
7.80558289
1.44304465
4.50024414
3.57859034
3.78027593
5.91841644
2.33984375
8.40535461
8.30708832
9.38509032
2.64811281
9.06404477
3.40932708
0.78977116
2.81491773
6.51613696
1.93457031
1.98046875
0.00443649
0.01538849
1.04882812
10.91406250
5.21093750
7.73828125
1.01464844
13.14453125
5.73002106
6.85982269
0.03796387
0.38964844
1.19616575
9.56351839
8.21093750
4.96138519
6.67626953
2.39453125
4.83113586
6.39542664
1.29101562
6.10176419
2.30448581
0.43994141
6.00975067
0.85112976
4.01908356
4.11808289
7.95030586
6.66252770
0.83247894
4.73893063
6.74153812
0.43261719
5.69095856
2.28304047
6.86213985
0.50016484
1.56274227
2.35286624
11.50423094
7.76619570
6.59362700
9.84387300
14.76859154
1.48238503
7.10021942
2.37198914
4.45312500
2.40669769
10.00166778
0.14860078
2.89062500
13.25691711
0.25435394
1.28951019
4.18525187
2.79733266
7.60803192
3.75134308
10.06250000
1.46289062
6.82880874
2.55640458
7.58593750
1.54394531
7.92524989
2.76961491
4.23872894
10.98437500
6.29385417
1.63778645
0.64099121
3.77929688
5.39843750
9.51782227
1.63146942
0.14196808
0.13293457
8.94006317
0.05395539
1.04296875
10.20825133
14.14562833
3.88440159
16.60073582
7.33875664
5.01228945
0.65909851
2.38716644
11.13154810
4.07938940
4.32812500
0.79854028
0.72737921
1.25976562
1.57226562
4.19185394
9.76908356
4.26997894
6.19730497
4.02535128
2.59525543
7.09029144
1.58646637
20.24758921
11.92233266
1.07881372
1.88859319
7.70882203
4.67578125
3.06282469
1.21549562
0.68212891
3.67077294
5.66321143
3.22070312
10.31302638
6.34444370
2.72403369
0.41341810
4.94877106
4.03243012
0.28788238
3.03515625
5.69576019
3.14094969
7.98546631
3.54130097
10.62064606
16.71895169
0.03381317
1.78116883
2.26607269
6.59330231
2.20161957
4.19832336
11.56001801
20.31636193
6.05908577
5.93814938
22.69519199
13.30317709
2.93717531
19.64095467
6.23994903
7.87626191
10.28906250
2.54256040
4.02561670
3.71307291
0.79300934
7.38048310
2.83984375
1.72851562
2.77571532
9.85440603
11.05371592
7.10017509
6.58190825
2.96741190
4.48213653
5.91597628
7.23213653
5.18147828
4.50691711
16.88370789
4.67578125
15.74621426
1.31465925
2.37866024
10.68195036
6.43548315
2.93900543
5.27823914
4.60546875
10.05468750
8.43660461
7.20222961
1.02771027
7.06685394
9.92354278
3.63370291
13.11267619
7.59765625
1.31355774
7.58683289
3.29597961
3.20987976
3.57617188
2.74023438
0.01640320
3.15002441
3.23392731
5.78861481
0.67476410
12.17682403
0.38176972
9.91752106
1.58744293
0.62634308
0.18554594
3.22162539
6.64080230
1.64746094
2.00128692
2.01804077
12.69185394
1.04394531
0.30883789
4.05105165
3.31222960
2.00976562
4.09285461
3.37015809
3.03666168
9.62935394
6.79207336
5.58528314
7.23006538
1.52026367
2.82181793
6.51562500
2.70161957
9.79073028
14.39676972
0.01747131
0.46223595
2.22615913
0.85152191
6.85644531
1.10839844
2.76371122
1.09566378
5.45658356
6.40991024
3.81575687
4.04821808
7.91796875
4.55065825
1.61145113
2.36030973
0.06168734
4.03125000
9.75790768
3.10890292
1.55415863
1.45100953
12.14062500
0.19494629
0.96875000
5.04573360
8.73551640
0.42944336
6.51562500
9.71875000
2.07226562
0.00719452
0.79296875
8.75528868
6.42635195
13.84344970
3.08233155
1.15771484
9.58593750
13.55033356
0.12719727
0.57613129
4.05131012
8.22477172
13.52827910
1.14705507
2.10546875
8.05277372
7.23628878
6.36328125
12.65295410
3.21748352
2.16617797
13.42533356
1.36604859
11.51997894
0.05032349
0.42944336
7.78906250
0.00361252
10.21549313
5.78707003
5.41105164
9.06685394
5.38627106
5.01667775
0.64392619
4.66992188
11.47656250
3.88281250
1.04003906
6.27119903
5.06864472
0.92089844
0.36193817
14.87243683
3.29402649
5.24853391
2.63863253
8.66406250
5.69095856
6.94278868
6.90368683
5.27856539
2.53568263
7.29634862
0.74462891
0.24975586
1.17866786
1.73551640
4.07556183
3.02835846
0.33599680
6.03642065
0.15087891
0.44482422
14.29975289
14.16931183
3.89677969
10.74727387
4.91242908
1.69784131
0.71093750
11.06121566
6.99973708
18.29104500
5.30673426
8.20996094
2.18750000
4.02787137
2.89599734
6.09855164
0.57568359
10.08593750
1.94433594
1.27254211
3.13370789
0.46411133
0.02833282
0.44108094
2.97070312
6.10892731
8.00435394
2.23392731
0.47969574
7.24137079
5.41097296
1.86904699
2.24573969
15.36283356
5.69620789
3.23783356
0.49873684
3.49499667
0.85807250
1.27461824
5.71875000
3.62276153
8.62115930
3.76652039
8.03829011
1.43164062
4.41259641
1.57914339
1.20442625
4.32824800
4.35143111
4.61897828
7.75858489
2.23164949
2.75434896
8.93901041
6.09765625
1.58336156
6.54981715
7.94555602
10.45145722
5.75390625
9.52234487
6.62263407
2.57421875
3.79492188
0.03936768
1.28417969
19.11014739
0.31148192
3.26843417
2.57812500
2.96484375
0.26977539
9.11309398
13.11680407
1.94783632
6.43750000
6.58984375
3.99873809
2.78324247
13.59248809
3.81889073
0.87333098
2.72896776
0.69189453
6.20377438
1.26025515
3.60725953
5.17923981
2.26549203
5.43417442
4.57620623
3.66485927
1.02343750
8.80085993
1.54276769
15.59061364
9.84725288
7.39408356
3.47359098
4.35937625
4.50781250
6.06791168
4.70857727
3.19274933
6.98828125
9.27205009
2.93888741
0.70792571
4.55391511
1.61132812
2.42458680
6.69113585
13.32031250
0.49476624
1.61067625
10.98795656
9.50345856
4.36629211
0.61608918
1.31518368
5.32446476
1.94433594
5.55769836
12.89933289
5.83203125
4.25890958
5.21765292
6.58789062
3.90580231
3.89497894
1.02156555
2.98230589
8.36592310
6.46765292
5.00626773
3.00976562
7.42879211
1.75931295
3.14152537
1.33601867
1.82556183
12.40010528
1.12919160
1.05078125
8.09092089
1.68642286
3.92578125
4.32800200
5.30090425
0.98046875
2.72627715
3.78739472
7.53906250
3.28080231
0.99849457
6.49218750
2.97460938
9.33886719
9.79675200
0.83073000
2.70552582
3.82421875
8.56250000
2.14062500
2.01179992
1.10148133
2.41015625
8.31806406
0.32308981
18.81603724
2.01448858
6.51322418
6.94966644
0.19213867
3.46093750
12.39062500
0.00729752
0.44858245
9.69710328
1.35201019
1.97363281
13.53861481
10.00000000
3.81294769
4.91261581
2.47605606
10.99129211
3.92862976
1.11523438
12.32767731
4.55904144
6.56941711
7.34464539
1.62207031
7.39363586
11.14933289
9.26818817
18.00390625
15.99157746
8.99849426
14.87792969
2.00781250
2.15489134
14.26630874
1.71055407
7.97143617
0.57865387
2.88476562
1.83421917
0.88351368
0.93811004
7.57946808
1.25683594
11.70312500
1.60449219
2.93412262
8.37320922
3.11234154
1.48515237
5.31636566
7.06416321
6.53320312
3.13040171
8.35983266
13.02677305
11.93175865
8.17773936
4.76118988
10.82377106
1.50585938
3.05122894
1.28157469
0.06998781
0.60350737
2.74340758
4.87601839
6.54719969
9.81608156
8.57571920
1.77043162
0.44384766
3.31542969
3.00976562
3.62064606
0.36348480
0.76127106
0.76513672
0.04112763
3.15039062
9.93867576
14.17861481
3.21429299
3.29105497
0.81583804
8.21512412
4.30831338
3.64062500
0.43823242
1.42045074
2.46634918
2.73046875
2.89888519
5.25390625
7.88236481
6.08683289
3.79044493
4.66580896
4.27226174
9.14998227
1.55216617
1.80761719
3.84992908
4.19694592
1.84179688
2.74955231
11.08686725
5.33545545
6.26171875
2.60892731
12.92622894
0.87951629
6.66772274
3.77160863
1.96126219
2.72428468
6.31250000
0.30444336
1.47070312
3.52591700
1.30709081
4.04207336
3.00675476
2.18162941
2.14771629
3.64062500
1.71439606
2.94966644
7.42040891
4.28617464
7.03125000
6.95357269
1.05566406
4.90747008
3.28198304
2.37500000
1.17382812
3.60070801
1.56636291
5.88838653
12.63933244
0.99833098
3.18672761
9.97656250
4.92578125
1.83228940
5.53378878
0.28739472
3.14634392
7.11004432
4.49263519
0.65580231
0.39204926
9.45096521
7.07983710
10.91060394
1.21972656
7.45108032
0.07477507
0.44848695
2.79296875
4.00887024
0.05747498
0.00080919
1.56038391
2.49580840
2.93042054
4.80725067
14.48616578
0.01492310
2.43874945
2.63546930
0.19702148
10.06941711
1.09562195
2.41727691
7.05078125
1.31099457
11.30468750
14.18750000
0.02900696
3.71011581
0.44808732
2.87426758
3.57617188
1.30537871
2.02176972
5.39786680
6.63728945
4.23046875
5.83203125
13.75844194
4.27671431
0.70121246
1.98872894
2.06359458
4.48621010
0.45263672
6.00493408
3.93407135
10.18404144
0.24548340
6.38582336
0.12491883
0.43627930
3.27689606
2.12349457
12.75602172
0.69523102
21.14241578
8.77600067
4.00203492
6.91617797
3.64436890
4.14017731
6.12967864
1.11198000
6.36356535
9.16133699
5.74218750
5.72656250
6.82421875
0.01632690
0.13830566
7.54541016
2.40429688
11.27343750
1.55859375
10.09057181
3.31958444
0.61783408
1.61690713
3.86045214
12.94532690
10.30870928
2.75326185
3.81445312
0.57289886
6.58939606
2.93404144
5.24414062
6.24218750
7.14843750
0.77783203
23.21875000
0.91308594
1.09330231
0.32002777
7.10457336
0.02781158
1.48925781
3.01729278
4.80782136
3.71875000
7.51639739
10.20739030
0.66887162
3.55318207
2.99503601
6.25674978
6.07137522
2.96732574
12.33833832
22.95658356
5.82230497
3.83296847
4.32225174
1.04273987
1.31738281
3.44896277
9.05816690
11.62695312
1.66084746
12.51306183
14.49064148
9.49450466
0.24548558
2.45117188
3.97484043
10.11890957
2.67946588
0.54034186
2.95035517
2.51644171
2.37084774
2.25655308
16.50826019
2.30423981
10.42622894
10.21191406
17.28881649
1.70044132
3.38431793
5.79499557
3.40723404
2.59855164
4.70703125
0.05061859
7.15384918
10.82368988
3.66849513
0.06172948
7.15625000
3.10302734
15.08862812
2.23168438
2.42470551
6.14229278
3.80097795
2.40393783
4.19531250
4.96483378
2.28756704
9.93119293
10.94254516
14.19950410
4.05818540
3.50236148
8.01472961
4.24698914
5.03125000
4.20267731
12.85591644
13.49385528
8.69913407
0.25470791
13.69452018
4.34478833
12.47657532
6.68359375
0.21643066
0.91784637
3.65173371
4.93705231
4.87544769
0.65722656
4.83113586
4.83333001
5.67102393
4.63326019
3.09179688
0.94809188
0.23527787
14.28605164
4.29597961
3.65962738
2.51562500
1.72701019
10.70173759
2.64787178
10.85937500
1.11816406
4.79296875
3.59525543
0.26704926
6.94877106
4.45747894
14.30265071
5.62996648
3.73152649
3.89152039
7.11718750
2.07031250
9.94608489
2.67846742
1.40474457
4.78759641
0.33646481
1.72693151
14.17622894
0.33601867
0.59273285
16.03594971
9.46919769
3.72131317
1.97009308
11.11718750
12.35070147
5.31336103
10.57812500
13.89843750
0.01661682
2.10937500
5.99039672
13.76936890
5.80859375
0.23596191
4.99173981
6.19038910
0.74658203
4.35937500
0.86718750
3.91575965
3.63306848
4.65160572
6.32495678
4.92073360
1.06071171
2.11523438
3.15803580
0.35661264
2.78861481
5.35201019
0.00363541
2.19531250
11.46484375
1.40580231
9.94877106
7.92277039
15.56250000
0.07135010
11.10937500
13.05021055
3.51961367
4.75736481
9.39497894
6.23347961
2.35050476
5.52343750
3.31628325
7.15213210
6.08627216
6.19486481
0.04485077
9.13972961
0.72408051
7.87705770
7.84722849
4.45935090
11.99820922
0.94962586
5.18794769
6.36629211
9.77433289
12.04715537
8.86690713
6.88846521
9.21016511
4.52112034
5.47790558
12.35502106
6.15044438
1.29966976
19.26716977
6.73673648
0.83402496
3.03120941
4.05033356
6.76090204
1.32743628
2.77396637
7.32466644
0.21472168
15.51127106
0.29125977
3.33382172
1.39550781
2.48994903
3.77662923
6.00077239
0.47884187
6.06929411
12.01664339
4.52697474
7.84802526
8.44518950
6.77010195
6.41796875
9.67382812
1.40287262
6.72298094
3.05692597
3.08577515
7.34765625
1.60354749
1.86617907
1.00931793
0.73907471
8.98970551
1.78470856
1.60644531
12.66851807
2.91573090
2.00585938
7.98437500
8.24489806
1.39137300
7.90625000
4.85054411
0.28222781
3.58158356
2.79789215
8.69185394
0.89204926
8.38187279
4.27047096
11.64062500
3.77639905
5.67432513
6.33052582
13.69261626
3.88814052
3.05355108
16.37890625
3.27494293
8.59029144
1.74006954
1.78239140
1.75816656
4.16956781
10.25565582
1.53755707
0.85156250
7.21361370
14.04029255
0.50585938
8.71850399
12.47748820
1.08318262
3.73632812
10.88389961
11.41008629
2.26745512
6.13293550
0.59224457
13.05859375
4.47611481
0.52779144
3.29492188
6.28096008
6.42578125
4.68314606
9.40498560
13.78882147
10.96875000
5.20312500
0.67333984
3.80964650
6.36816905
6.97745789
5.06595856
1.29378048
0.81950077
3.02058899
1.58662871
1.85221437
11.54296875
1.24564606
2.79146332
3.99463135
3.76216644
3.32470579
2.06400668
1.93750000
0.14013672
1.33789062
5.68635860
11.13279618
0.46899601
5.99331893
2.46175919
3.12544769
17.16711640
16.22196379
3.68631428
1.51213209
0.19604492
3.84225899
4.05031914
0.51904297
9.82633422
6.37931336
7.70312500
2.83833832
11.00410794
0.53247257
7.62890625
0.88000457
10.27720292
3.92594360
4.47843196
11.36551972
11.66565159
12.46558373
8.61953955
17.65804078
2.90730774
3.96769226
12.34452239
0.96993074
0.99804688
16.16992188
9.40189606
1.93721216
6.88843085
5.24955231
15.36567709
3.92249002
10.66149933
6.98828125
10.61816406
6.85599762
11.82543883
0.83272371
1.94730497
14.67334109
6.72708888
6.23005541
7.14877216
2.36718750
7.78250122
4.05379211
2.91319399
1.82891234
3.66235040
7.80346991
5.99609375
9.67435575
6.39530364
0.73067417
5.65445922
7.23482269
6.95792664
0.81505818
4.84794658
7.89017731
3.40039062
0.00917572
7.90171585
0.89508255
10.60301862
6.05412677
7.83203125
6.59375000
4.00781250
3.20161957
0.35498047
0.87410461
6.31294769
5.48482269
0.29695617
0.28655944
8.03145418
12.07031250
-0.00268799
4.16259641
4.12646609
11.17190936
15.89973626
2.23694813
15.94877106
7.31571717
0.26430049
0.81400730
6.93884308
5.58317016
7.32511414
3.29581726
3.61791058
1.90748005
10.04687500
3.46875000
9.22009277
6.26288454
10.10224624
9.41611923
8.56595856
3.31445312
0.79585785
11.86181641
2.42968750
0.90429688
3.33007812
2.66210938
5.39453125
0.16735840
7.28637633
22.34992908
5.15230939
4.46484375
3.01509613
6.97656250
1.56786985
0.56836062
8.25780253
4.15625997
0.51127106
8.59484832
4.91572280
4.17355150
13.60156250
2.45011414
6.63236481
5.27388519
1.49369293
6.80236785
10.33576768
7.88041916
8.24654144
6.05667997
17.54052859
8.71350067
2.10530640
3.41015625
3.89147887
4.06969748
10.37048869
7.94140625
6.09765625
9.51550200
1.88248781
4.16038731
5.45138851
5.38076574
3.10662012
5.95690825
4.36918246
11.71170989
3.07511414
7.02087433
0.86851014
2.82572418
0.35396332
7.37845856
3.16227172
2.66621918
10.38806183
4.23091644
7.63050323
8.20075355
4.01185172
9.51831117
8.03125000
0.58642578
3.27058899
5.12589539
10.94885223
0.01127106
12.02331450
6.42923981
5.48229389
2.37329787
15.74283688
21.68387412
1.92379377
3.91601562
16.68090260
4.51501994
2.56778868
1.69393007
1.77335633
9.34517426
3.77343750
1.70800781
7.87934398
0.19540364
7.15669769
5.81595856
4.37544769
1.19099198
7.52006759
3.64607602
4.56256871
0.72885527
1.25390625
2.00585938
1.87368629
5.02279809
9.05382647
3.69092420
3.68074524
1.86018922
11.03125000
5.03951019
4.17142731
0.55952973
2.46948106
3.56577681
3.68900543
0.99361176
11.52306849
1.86800421
10.60493241
4.08647384
10.81250000
1.35359680
4.80558289
0.29809570
7.88313719
4.31457115
1.73108377
2.18961547
14.07645722
2.65865082
6.13671875
1.16288176
1.55782136
1.40429688
5.09614584
6.85653147
2.18750000
4.09195922
0.92561890
2.57076019
0.02850342
0.38183594
7.53879655
8.31548647
14.28914118
9.47766954
3.14754211
2.03800476
8.07812500
9.49218750
4.12109375
2.48233572
4.00106272
0.87353516
1.57324219
1.88419586
15.66841644
2.78906250
10.64318817
5.66381649
2.21447972
5.58593750
5.14408356
2.47611481
4.05445840
2.23647605
3.09940177
1.65568428
10.13370789
7.73783356
3.33593750
2.40429688
5.24263519
2.22416168
2.48482269
6.07588653
6.79520722
8.61490470
3.12728280
8.15881317
1.25622590
14.33813165
7.97436835
1.64257812
3.39062500
0.52640404
7.34276970
17.79850842
1.96028812
9.87935394
3.29434619
0.19588818
0.93855774
3.68782469
7.05135195
5.44787567
3.98278840
8.44006317
1.39294465
9.00589872
3.04878878
2.59122618
3.03125000
11.14408356
4.25883089
2.63916016
3.31493019
13.00928856
18.60842532
3.27003324
0.97216797
7.29198471
17.08345779
8.27636719
2.35533827
5.22811724
3.75329123
4.29938886
4.54603390
13.75594223
0.60160309
13.78125000
1.65909602
3.04105870
5.40625000
12.86478668
9.18575043
4.98046875
2.89100687
1.44729055
0.73335785
2.55228668
1.33736176
0.16833496
1.54418883
0.67529359
9.09082031
1.63431793
2.93599457
12.24095745
3.79419880
0.02415466
0.57166916
8.75166778
16.11193817
8.15458222
6.02913453
7.58984375
3.28320312
6.57031250
2.07226562
0.56445312
0.36129480
5.33630651
3.33353668
5.44576019
8.29854278
1.91780640
6.72265625
12.53202239
10.10514406
8.64978027
8.12158203
12.52929688
7.98002106
7.51607269
4.35502106
0.06453461
9.09720856
1.50487658
2.46973279
4.88130707
1.92130430
10.12947695
3.87455231
7.60396332
4.83593750
2.85457336
1.70454926
3.04341644
3.98242188
0.19128418
1.38671875
10.92533356
1.10493988
3.81176197
3.05542553
2.23412151
6.69654255
1.30175781
3.67773438
0.57324219
1.59472656
1.59570312
2.98392731
7.54732269
8.67842310
5.06722296
8.74478502
6.26738142
2.99023438
3.99087877
4.87541334
7.37154144
14.45331330
1.81582247
10.45719858
9.46748560
4.21387965
0.44087738
10.96484375
2.62422201
6.95418772
3.42057126
0.09143222
4.61417664
2.05619293
1.59366634
2.90452170
9.89353529
9.08089234
3.56058746
6.17036957
1.67846244
5.47583444
4.68945312
1.73046875
1.33765509
11.19076684
2.23783356
22.23527039
2.54056793
0.58060699
3.98917664
1.34375000
8.52343750
3.59179688
5.21475510
0.69051834
0.83788626
3.72156167
5.22355164
1.84517426
1.31835938
9.55379211
1.85148133
3.47106716
8.17354527
3.47232658
6.70540780
0.49117035
2.33203125
5.68750000
5.80513519
1.17138423
1.21146886
3.00000000
2.26562500
3.82857269
2.15429688
1.55908203
4.35156250
1.69042969
1.77343750
0.00877380
2.11523438
3.18660461
3.54732269
3.07226562
4.38716644
4.67854610
7.30778202
0.75589996
11.00435394
0.60791016
1.78451538
5.28771942
1.62341340
0.03997772
1.70349152
13.44787567
3.95837433
1.12748199
2.16310639
1.30220488
2.78694703
2.89693207
5.61718750
10.40625000
3.61299590
1.66239472
0.62212667
6.04163065
5.19140625
2.12500000
1.91601562
1.17382812
10.21572917
0.87606770
7.76726257
2.71321532
6.74576906
2.70792664
3.26562500
2.54943817
3.06774933
1.49023438
7.34375000
0.05597931
7.90625000
0.74910336
3.47386636
5.87615137
6.18794769
0.00941467
5.12857159
1.30697528
3.23437500
1.79101562
6.48828125
7.59842864
1.93436738
6.88716644
3.36958832
12.53470856
1.37251801
1.67199551
4.12410461
1.28202488
5.98535156
9.67968750
7.52343750
1.86914062
1.39160156
4.47342864
14.80753103
3.85575908
0.07397461
7.38331894
0.90379044
6.59765625
11.44095856
2.60064697
1.14371703
5.34163453
1.63033051
6.04000167
1.33231660
0.66503906
0.01841736
0.82218414
25.20812833
2.21419437
19.10502106
2.45658356
7.89542664
0.24796539
2.60396332
0.63134766
2.63431793
4.50886525
2.36658244
2.13671875
4.72656250
9.24438477
0.75154602
12.24586720
3.01216644
0.66967711
0.39648500
0.21643066
1.28380444
0.53068927
3.31880707
4.01171875
0.14477539
2.97566711
4.02042664
0.47338867
21.31235706
0.40203900
12.24910461
3.84899933
10.77343750
5.71606383
1.51440492
0.72908508
0.20723294
1.13305851
4.95747894
8.06595856
1.62349457
8.40625000
10.89843750
6.66796875
3.95772552
4.40958555
6.14856050
2.05397553
1.42826324
2.55725067
8.40022828
4.03515625
6.72220856
3.24263519
0.30161529
1.96801696
10.21695922
8.28918550
3.10831726
8.03906250
3.66015625
2.94140625
15.65625000
8.22989805
5.42891511
2.33683289
3.15865082
9.41406250
1.12890625
0.03195190
8.39453125
6.75781250
2.14453125
0.05383301
3.51171875
1.93750000
10.66486924
3.03239638
2.59375000
12.29882812
3.09997341
6.18127659
0.39843625
1.24715273
3.83292664
2.72070312
14.94877106
4.28861481
0.08005799
8.24416003
3.78318372
0.22485352
3.29642731
0.39701324
2.03214539
1.23046875
0.06234360
2.55261137
12.29699800
9.73437500
3.05101729
8.18335771
0.70349028
12.82735261
2.16255707
0.52392578
1.57466644
9.67968750
2.12455231
4.18872008
2.99833222
0.23136414
11.19713764
0.47864361
0.60498047
3.34004668
18.97399933
14.18058289
4.01562500
2.79145584
5.37508865
0.22696930
1.80070008
6.74173981
3.38964844
8.83593750
3.32682126
2.53645999
2.77193207
1.06054688
2.34916168
1.64180512
7.00000000
0.13033020
0.86173523
11.01374557
11.16158798
4.14107269
9.78417969
2.52148438
3.91992188
9.32377106
1.54439301
3.12695312
0.77701781
2.43347075
1.54248171
3.11177582
9.87064606
6.31294769
6.29642731
2.31009918
5.43013519
5.10982269
3.17187500
3.11612914
7.50000000
8.04085328
2.81298828
4.06250000
6.08548981
14.04687500
1.46289062
2.19185394
1.16898465
6.20023714
8.84761442
6.12646609
0.88033051
0.56579278
0.28198554
1.15722656
15.69948915
1.10715148
10.99905281
1.09567375
4.69140625
6.54520629
4.46272828
1.26757812
5.69877106
9.34029144
3.96922707
1.00928856
0.49001037
10.68750000
1.89737976
0.87402344
11.71093750
8.39062500
4.30623227
0.77286929
5.40625000
5.54374114
2.40999390
12.08863480
1.68750000
9.82722961
2.58878601
10.53023161
7.08500277
3.87817321
0.25756898
4.88671875
2.28125000
6.35546875
4.23303192
0.13488801
5.61328125
2.97070312
5.78861481
6.62166320
5.28682403
16.75179078
10.23616578
0.22312408
5.98286957
9.77884918
1.45943207
12.31576517
9.08773825
4.00150543
1.65083832
0.93193054
4.12890625
1.41210938
5.32421875
6.75000000
7.20918108
0.47050642
2.31835938
0.84033203
0.85009766
4.78369016
0.08508425
6.34374003
2.35547872
1.19238281
1.50549223
5.65051363
4.42547851
3.04406583
1.68685062
5.20312500
2.84830065
0.22250014
0.03428131
6.73482269
3.78906250
5.17879211
7.38761414
0.47045898
3.13226619
7.20790225
15.84903369
2.17200299
12.51525661
17.26097355
2.82240358
1.60090938
3.27925753
3.13700410
6.28214539
3.48347961
12.66772274
8.45036015
16.74694482
3.61438331
3.66796875
9.98712988
4.23943262
1.30957031
2.63964844
1.64851867
8.89062500
8.72565714
2.65414450
0.17675781
3.50301086
3.98514739
1.40930269
0.17797852
12.64664672
0.26131226
0.10241699
2.37906891
6.31205231
6.60982269
0.94042969
5.60937500
1.18697113
1.71289062
9.24604943
0.90194038
15.06372008
2.66194703
8.26997894
1.85831726
3.97058012
4.77094803
1.66789505
8.47143617
1.81640625
4.39062500
4.94140625
0.00353813
5.66605497
12.55902224
0.22310394
0.86230469
5.71048981
6.58703458
0.03804691
0.08862305
14.45825133
3.67643188
4.91463320
3.06640625
6.02343750
5.49609375
0.07446289
6.35937500
3.23242188
10.80033356
1.64790863
8.39408356
2.06099457
1.85937500
3.02200078
5.71432734
0.71341949
12.05122894
1.73408965
10.76306183
0.13087951
4.89632203
0.24633789
9.97131317
10.08353170
4.71415628
2.78442321
6.98840425
3.04655031
1.00614026
1.02845079
1.85644531
3.48466035
5.12154144
5.33939606
2.64693207
0.54541016
1.85464955
4.20540780
3.60380097
9.87715730
8.09375000
2.76460661
6.06307070
0.21840424
1.95703125
1.83593750
10.19352172
1.76826934
0.71154879
6.66796875
3.11283356
8.96529144
1.17578125
13.47989805
5.60929320
4.86173648
4.51806516
8.11039339
5.06762633
1.78926668
2.32413509
2.42602726
4.98213653
3.62076906
9.24116911
0.42920046
6.91299978
6.01880319
3.29671265
4.65625000
6.73437500
0.89603668
1.59029144
4.80814606
9.17369017
3.77669437
1.68242796
3.92036957
7.98604278
9.35310727
2.70577183
0.35717773
5.55448332
1.92358461
8.12935394
0.03439331
0.25872066
0.30871800
11.10937500
7.62500000
2.98189301
7.68314606
1.63033051
8.56640625
5.63281250
6.76224513
3.49361425
7.34765625
0.06390381
3.89062500
4.42728668
3.28560394
15.88309287
3.48800088
1.81986481
0.85249848
9.71875000
5.29553192
6.23181183
0.78955078
1.21211575
4.72981937
0.55712891
4.94921875
2.76610705
1.22705701
2.07271332
2.63378906
1.36869293
3.76802582
0.76806641
4.80078125
9.59439938
5.19709331
2.13774711
3.74414062
2.14497894
6.05078125
0.16703277
8.78125000
4.27779144
0.72222651
1.98295323
7.70312500
0.27290863
4.73978668
2.37890625
6.66841644
2.02929688
7.32621122
1.57515597
5.38102172
2.18929078
6.37500000
12.46350067
1.10681183
3.92142731
2.52449524
7.16931183
0.69401000
5.67712433
8.89497894
2.98632626
3.13891788
4.27644836
2.39152039
4.95703125
9.26757812
7.15234375
4.27343750
0.22607422
1.48632812
3.34781860
5.57991578
0.92712309
0.04919527
4.92923981
14.23034043
1.28250880
4.89945589
3.12300753
4.67622894
3.56250000
8.71350067
0.03649933
2.03320312
6.14020169
5.15276706
2.34375000
4.06986481
0.00070709
0.35229492
6.23663786
12.02898714
2.54565118
6.35718085
1.38867188
2.41166168
4.17023161
1.31263796
1.13378906
6.05078125
1.03027344
6.23518174
2.74504287
1.81791168
3.57271332
0.04470825
3.68009943
9.19478612
5.74910461
2.41495789
7.12890625
4.04902981
7.14042331
1.98632812
1.19131635
1.43905474
5.11718750
8.99820922
1.59749390
0.13830566
3.22317764
1.26315048
2.41368352
1.83346797
6.83638519
2.71529144
6.27298981
0.55464691
1.84419645
5.70792664
10.75012300
0.69580078
0.99121094
7.68314606
0.42793793
10.91406250
0.01553345
6.44526818
1.69295600
9.07018950
0.79793398
1.73889129
1.37544769
6.55558289
2.07572418
1.06783051
1.85449219
2.21907469
0.01542238
0.61140712
6.56416778
0.60628546
4.93314606
3.34960938
6.01411957
3.02298981
1.32076019
10.33414672
5.94710328
9.96934914
2.39796043
2.76198416
6.05637521
0.95263672
5.12695312
1.20605469
20.69726562
0.87797027
0.71289062
10.84923854
2.31018284
1.58649948
2.61275986
7.32025821
6.28956449
1.73828125
15.13268950
3.44934175
5.24519836
3.03560394
9.36372894
2.16092864
8.50512633
2.04909634
0.33331061
10.20312500
0.09065734
3.95987976
2.44982879
1.91711270
3.66626163
1.87495479
1.78676030
7.57466644
0.10070801
4.15234375
0.55297665
4.45727726
5.80078125
4.67923981
5.55513519
9.66406250
11.67526953
3.53788674
5.26953125
12.20312500
3.29341644
7.11213985
11.93428745
1.85298676
16.99459543
9.69740358
0.80712891
3.82978530
0.01127106
17.35367797
3.87817321
3.64838819
4.59196919
2.91300476
9.83158356
9.71093750
0.21541352
12.52425628
9.44531250
3.87349457
5.52600067
6.35046418
1.80371094
3.93554688
6.27209442
2.06384308
1.70222961
2.82706726
0.46665126
0.18176270
1.63656378
0.97119141
13.01562500
0.59326172
0.66503906
19.13073730
19.95930408
8.07129342
7.88126773
1.48046875
7.21394836
2.57697862
5.05530120
2.28560394
6.18269836
0.08744324
0.58740234
2.16166168
0.33223480
0.00629425
3.85457336
5.68769172
0.85332391
6.18794769
1.03169769
0.01715088
6.65535461
2.15370966
5.37733709
1.44531250
2.31445312
3.90775543
1.20072418
0.28263367
0.29858398
5.60057846
2.05762466
2.96292747
1.93258034
7.64062500
0.04258209
4.52274380
5.90649601
3.87784851
5.93570922
3.02042664
2.07466644
3.80318207
1.49023438
6.57678192
9.35760009
8.94620789
3.11884531
1.94906637
10.24308289
0.00551605
3.97851562
6.90970856
4.73831561
6.55900709
28.37050136
4.43099187
4.50435394
3.64428524
7.34342531
3.72473238
8.36474609
2.76607269
0.97489929
6.02298981
3.31160461
2.64062500
2.80171598
4.56608156
4.43794769
1.20438691
3.63964844
1.46980774
0.89550781
0.82120789
5.26192044
8.23026706
10.28125000
0.08481842
1.02681488
3.37892038
2.17558455
6.30725067
1.56774933
10.72310394
0.89697266
0.79736328
8.97171654
4.04724401
9.51537899
0.05330694
2.65429688
7.56250000
3.38085938
7.59285461
1.42623984
4.09509308
0.02016205
6.74592144
4.46953235
12.70402039
1.12500000
0.77193207
0.01039886
0.06063843
0.56058746
5.45524047
2.14091035
3.72220856
9.92622894
1.13936309
6.49555741
6.75277482
3.41857879
5.17907746
4.01908356
0.65875763
2.32421875
9.00345856
3.24955231
8.59810394
11.73236904
6.11442265
0.71233570
0.97546542
6.88721077
3.77778646
0.70048315
9.35270390
2.10396332
0.46313477
11.02343750
13.50702018
5.35780584
1.46382785
2.32377106
1.71573914
3.84541778
8.48563691
1.36527496
2.08443207
1.75781250
4.84151153
2.22684785
1.84061575
14.89062500
6.05423981
3.74849457
2.81184813
8.27819482
4.39726174
0.98339844
0.76098633
1.86718750
11.85449219
0.61039090
0.14009738
0.13537598
6.44140625
0.14587402
1.22504066
3.64108266
4.74662386
3.49414062
1.71222931
2.54536957
9.54687500
0.05294250
0.72644074
2.21138519
3.59044881
3.79191600
1.39009613
6.89982372
0.71582031
0.08947754
0.82583940
4.72575576
10.42187500
0.02464538
0.69580078
4.40843720
4.09441526
5.17199800
5.43404144
3.13041168
2.71305297
3.09012910
9.29101562
7.25345856
14.82198028
2.62573304
0.44311523
2.46093750
5.10293496
4.05827903
9.60591644
1.11763519
6.01171875
0.35320733
6.37801335
2.02115968
8.90100067
1.82173676
4.62935394
7.23546211
2.03964317
8.44018617
3.22656250
8.36328125
4.85546875
1.26269531
3.85506040
4.72501773
5.46484375
4.89062500
0.01161194
3.13899657
0.79744009
7.14486217
0.55224609
15.27420989
6.41731844
14.41573028
1.76151457
2.77880984
3.07368739
6.06889073
0.22422604
8.12089206
11.79341644
0.81958008
2.59570312
5.77734375
2.85697418
4.73482269
0.06701660
0.13183594
10.45312500
1.39453125
3.09393459
6.54227505
5.25895390
10.69877106
0.39131684
1.43164062
2.03042831
0.73084275
8.35937500
3.67549590
8.67801972
0.92720551
1.76269531
2.77343750
1.19458008
3.60697418
11.51562500
7.66060394
6.12500000
2.00976562
2.50948028
15.94364472
6.66540065
3.32727393
0.89550781
8.53202239
3.65954621
0.45491578
7.55859375
0.21032715
0.43631988
3.10607879
0.98824066
1.35982269
1.36124695
1.22688719
0.80789880
6.18152260
0.92968750
3.05965149
2.85949302
1.63265908
6.16906583
1.91914949
1.91719636
9.58939606
5.12935394
1.40865082
2.76476397
2.50777814
9.07999695
3.87064606
3.62109375
5.87622008
0.10465547
2.28510517
3.15936322
4.19531250
6.56640625
1.28027344
0.48364258
8.03714872
2.60542941
3.66270563
2.50788673
16.55407248
7.43913155
10.83778963
5.26082336
0.09757508
4.33825466
1.83362034
4.71235927
3.55326573
11.53125000
0.04187012
0.01358848
0.51424133
2.63732941
5.73828125
5.03080231
6.40189606
9.26997894
14.49564606
12.70402039
11.69742797
10.11462433
4.15299313
1.03458804
3.93872008
6.92590425
0.38944488
2.81355774
5.12935394
2.02722075
1.42439882
1.98551391
2.19169160
0.92773438
7.17950803
7.47753906
2.73437500
11.80078125
6.48091644
7.14408356
9.23872894
0.73596191
2.11673981
10.14790863
0.25622527
0.10955811
3.66540558
6.93045989
3.23636933
4.15323914
8.91752106
3.39497894
0.38891602
1.15917969
2.48303192
1.58337433
10.21093750
0.79394531
1.09395988
9.27392952
6.98046875
2.18225098
5.38582336
5.75970136
0.10793383
3.52974457
1.16503906
12.86076599
0.26586821
11.60168550
1.06978363
18.28051197
0.70680523
2.69816101
15.05049092
1.45056682
5.12980164
8.25000000
2.15730774
4.66495789
0.39453125
3.20979112
2.15910350
2.14361378
14.61014739
10.38549867
4.14888519
15.53906250
5.54296875
0.01087189
4.41406250
10.55008755
6.53221774
8.66279810
13.83813165
1.42607283
3.53621399
0.61368836
1.80920379
0.57267273
2.96439606
5.06485151
1.33854997
14.75602172
1.78385500
3.86584442
0.57214387
2.80606993
3.53963320
2.53405396
2.01076462
5.98046875
4.78682403
2.39286347
1.58256012
1.19148742
1.07600953
5.81090717
8.43567486
0.75537109
2.89709442
6.40055744
1.20871398
4.68404144
0.41803455
3.57031250
4.95222961
9.16662567
3.17597795
4.59416334
3.84297761
7.30513519
16.81250000
0.08258057
0.07690430
3.99759918
3.65279144
7.07352505
1.34932652
11.08158356
2.15081756
2.48225953
2.87609708
10.24755984
3.58337433
1.43847656
2.34691822
3.23511303
1.86523438
10.17956450
3.75402925
5.15970856
4.66670435
2.43530585
4.41776239
1.33870733
0.83959649
0.29321601
6.07377106
7.51607269
6.49173981
7.13281250
5.77734375
4.31461547
4.28739472
6.50736481
3.47701019
14.36283356
8.54597961
3.89392121
9.29597961
0.90861023
1.66503906
8.84183622
8.43941378
0.85791016
7.59293578
9.50524933
1.43892426
6.76082336
0.07529725
1.90486508
4.12300753
5.17232269
9.21093750
5.44787567
6.28653992
3.77779144
11.72566711
9.55122894
12.51757812
5.14062500
14.86372894
12.21581782
5.53373448
10.27384087
17.37716665
4.00887024
4.74353058
0.50333680
0.17712402
5.99218750
0.54484008
9.27241911
4.55749667
7.59781860
5.17053192
0.57393465
1.24873809
9.02763673
2.14444759
1.39335300
13.71875000
2.76395722
5.21439606
1.05708832
5.29687500
2.57722961
4.64542664
5.07979278
6.69319703
2.53951019
14.44918517
11.75658305
1.41487921
6.67187500
4.41015625
1.91426512
5.80436281
5.96093750
0.67045074
9.61718750
6.47611481
5.74698914
5.85156250
0.66166168
1.55078125
0.23409027
0.12670898
1.08451324
4.47017426
12.21785461
10.13716644
3.49458832
4.32421875
0.00384140
3.00272053
0.54024822
4.45373504
4.68448914
3.17504821
4.54956117
0.05220551
1.55228668
7.64843750
0.09169525
15.14835602
2.65035004
0.57084137
10.30904144
9.13281250
1.23900806
1.97925365
6.53568263
8.99511968
9.84615082
0.73099762
5.07857269
29.67608643
3.28515625
0.38675934
9.15189606
18.65279144
10.09512329
4.19531250
6.60111481
4.15323914
11.76729278
4.51786347
13.20078791
3.63860815
1.94286860
5.39746343
9.29687500
2.29418883
1.30000886
3.17923981
2.76607269
7.58369903
4.08182832
6.69921875
0.00339508
2.57617188
2.04626465
1.33203125
0.27457641
1.22932984
3.48197418
6.51607269
11.29597961
10.52779144
0.04005951
12.80468750
0.14994293
0.41743988
0.17443848
2.22151485
3.25114140
1.74176025
1.26961242
5.63370789
3.04687500
0.49910212
3.20695257
8.48437500
7.31640625
0.14135742
3.38712212
0.04964546
0.20263641
0.18457062
2.32901821
8.68070589
1.20625886
4.70357269
10.87845856
11.65279144
2.61421598
8.47758089
5.16406250
1.42285156
3.55574524
4.85201019
2.79687500
6.16406250
-0.00030762
8.84081782
2.78613530
2.78682403
7.20714429
9.01775044
1.15189606
3.36958832
0.14428711
3.64062500
4.17187500
2.64185940
10.11564273
4.37935394
7.28125000
6.01171875
0.02709442
9.03600732
1.83508643
4.55513519
12.81250000
5.97176086
0.04612244
0.73535156
9.45754486
0.07368988
4.12109375
0.75085449
3.84720856
0.70747894
2.21093750
0.04721069
0.90722656
6.82479888
8.11862920
4.33559554
0.17509128
3.40580231
8.32633422
8.52429230
3.45792664
1.54101562
10.94095856
0.04012055
11.16393950
2.37121675
10.35502106
5.44881040
2.97501773
13.71875000
0.96773285
0.30336268
9.57670323
1.81738281
3.78413786
5.31774933
12.03483156
1.55566406
7.46875000
0.01913452
1.35058594
2.96484375
0.04470825
2.80468750
0.47753906
0.16143018
0.23527164
2.36914062
2.79296875
6.91361481
2.71643035
1.63753297
4.42777372
1.10355746
10.78560394
1.11763519
7.03906250
5.61193817
1.07999695
1.33174652
3.50585938
0.21569824
14.51537899
5.42944523
2.94925809
0.24011262
1.50350039
8.68750000
12.40970856
5.88838653
6.66674867
11.77062833
8.61151154
1.13301668
6.03694703
7.15535461
0.39733918
1.52832031
10.93660461
4.19140625
3.73953569
3.76526595
1.39994293
7.33958054
1.59525543
4.22355164
10.05796876
2.21969968
5.20653923
10.94157358
0.10760498
5.14408356
12.94673427
2.29479887
5.87805518
0.41430664
8.47220856
7.13627106
5.23872894
2.23671903
2.67005983
11.96183289
1.40881317
0.99938996
1.23090897
0.91362228
0.53710938
7.07767731
0.23860687
0.39489746
8.09720856
2.56791168
3.79014100
1.55965149
0.14331055
10.64933289
0.41385895
3.13281250
2.73242188
1.20524047
2.00374390
4.02343750
4.42968750
5.44576019
0.01685577
18.00793426
13.55558289
11.23913232
2.18754432
6.50992797
7.75495900
6.30542553
9.45568817
2.88024933
3.42728668
4.37740082
14.97725921
1.81152344
1.27388519
0.10369873
4.57421875
8.43314606
0.20271820
14.24234985
12.11649130
3.35307291
4.59720856
12.28412789
18.93953679
13.58089982
1.56795351
0.86669922
4.12760251
4.56931270
0.49735504
7.93151544
5.35762854
13.07429743
9.39009862
4.79341644
6.75154477
6.88126773
9.13248283
1.68827737
11.41406250
2.19877106
0.27880859
10.29931516
9.03125000
2.73779421
7.39920989
10.65983156
9.86104278
5.15848847
1.67822141
14.83606050
1.48767121
5.85086880
7.26241245
0.78466797
11.08658688
3.89734042
6.99320216
4.43697362
9.55496787
4.38554299
2.37422211
14.96683622
10.37862277
5.73783356
0.01230377
0.24096680
7.60156250
3.17533356
11.98478880
3.93815187
9.68855774
18.20011414
0.17333984
2.65625000
4.76573804
2.00965259
5.42578125
0.03829956
1.71411133
7.39550781
11.65625000
2.07226562
0.56103516
8.95507812
0.37723785
0.23055023
0.13307615
8.15983156
9.19095856
4.48579926
0.32059723
8.41752106
9.27433289
1.58931426
4.00223847
10.34586578
6.31160461
1.56677277
1.82128906
11.41406250
1.52058899
0.12650574
3.97840188
4.47641511
5.57812500
1.09712738
9.10912899
0.34501316
3.06880707
3.41290433
1.05677360
13.19868241
9.52942206
4.45931405
5.56294769
3.66507965
3.94136566
10.16227172
4.34899933
5.01127106
5.43058289
5.24955231
0.00928253
7.56372008
5.96183289
14.28845246
10.76472961
6.62198914
4.57722961
6.26261414
4.72701019
1.48046875
16.01680076
0.27340065
5.67053192
9.88208828
7.84322362
6.60982269
12.19877106
3.73543274
3.62394226
4.12190548
3.74393925
11.52779144
8.35502106
9.05904144
9.75695147
11.72143617
2.70276471
3.02298981
11.98437500
0.25533051
0.77243988
4.76888187
3.38476562
2.91606575
1.20365387
3.61989307
8.94456005
4.50870789
0.72953277
4.28560394
6.35111481
9.88281250
9.44070725
1.16362228
18.58088985
13.42850178
13.68110927
4.14820146
3.30859375
6.69486481
4.18013519
1.81347656
9.03291778
5.71317597
0.61014396
4.78353280
0.84521484
17.60119349
4.42134862
1.99308289
9.21081450
5.97277925
3.54492188
14.36795989
1.35620179
0.97929320
18.26485261
10.07812500
0.13059479
3.22133132
2.23822251
7.40625000
5.61417664
3.82165309
6.34143284
0.84370941
4.72920435
0.41923315
4.78333184
1.26074797
1.04871509
7.73950133
17.11116578
16.33443207
4.21354156
6.51953125
4.96138519
0.36910004
4.08593750
0.05807495
3.24324524
1.67277039
1.99218750
7.01472961
3.42622894
0.29467773
3.03710938
7.80423981
5.83763911
5.33016179
1.98917664
6.33593750
5.39754211
4.01652039
4.52689606
8.30468750
6.18750000
5.60761858
2.40650099
12.92321777
7.60156250
3.28080231
3.07076019
1.16894531
1.39160156
5.37042942
5.32221089
1.95097345
5.02622229
1.81933594
5.02343750
0.35583496
4.78861481
6.94966644
0.26542082
1.63301668
1.72558594
7.23437500
14.45480537
5.87845856
11.84631317
1.20003297
0.96293121
0.50142426
1.90625000
1.61173399
5.39746094
9.41495789
3.33951906
0.64013672
4.35502106
0.53245900
5.77522828
6.93794769
3.40189606
0.30098480
0.19616699
3.21484375
0.68603516
6.91406250
3.74414062
8.37923094
11.42500886
6.01953125
1.11372894
11.67848174
7.34442014
7.98527039
5.02099734
23.82345425
2.47786624
7.27734375
2.93945312
3.96093750
6.00736481
1.88521332
0.85742188
1.87845856
0.02339691
3.69273251
2.45655917
5.80948914
1.28462738
2.54296875
6.58105469
2.66857879
4.10245789
9.49218750
4.38326019
3.93359375
0.01385498
0.04418945
3.58894836
1.57804383
0.32568359
0.44551543
10.85380097
1.89648438
5.69441711
5.76652039
7.11193817
0.02539094
5.22570645
3.46345136
5.26262411
8.02087433
17.02689606
7.33064384
6.95841866
1.59667969
2.56774435
3.21785959
8.23197418
3.52014129
2.96183289
11.37935394
0.01872772
9.65970856
1.29927582
9.08939606
3.77209442
0.80013062
0.73779297
4.90970856
2.51936766
4.98360261
1.08150238
8.69185394
2.69518950
0.14371828
1.35005707
6.04658965
1.80790254
0.18334961
4.16503657
1.61621343
7.84098017
2.47347296
6.37764185
9.69657690
1.88476562
2.03710938
11.11629211
6.07071587
1.90730026
1.94064383
2.88008699
4.54687500
1.70578003
1.26472961
5.41495789
12.70194488
0.19173187
4.85323028
9.19404934
6.22033909
1.21830231
11.67879211
3.39241578
14.74475067
22.28432957
3.30559296
6.48219082
6.24023438
2.31079102
2.92578125
3.63125278
4.12851285
4.13627106
0.14672852
36.21191406
8.10066711
6.56986481
0.87487824
2.57226562
8.60104583
22.95224403
9.67074357
4.17221963
6.46275267
6.47084108
8.70289341
11.33421597
28.53291279
4.72745426
1.48531471
9.03618675
0.56474346
1.28628893
0.52938490
10.29345703
5.50345856
1.87251801
0.09667969
0.34722900
2.50585938
30.95499446
7.32576726
10.10352506
0.60545932
5.05667997
0.28877902
4.20678524
1.49853703
0.33862305
1.66263824
1.79634613
0.18534332
1.96577474
4.78666666
13.20646055
4.89510195
5.10323028
4.35074296
5.62862090
2.69787567
6.31909242
5.80513519
12.39754211
4.53649933
6.48246122
3.09521609
16.18306488
0.32250977
13.34304633
4.98898492
2.20703125
4.48452240
5.82857269
8.63281250
8.47265625
5.50736481
1.53853363
8.57812500
7.22894287
0.04293823
7.44531250
8.66752106
0.86421723
17.61185699
6.35272829
6.26100066
0.10294586
2.49609375
11.72566586
22.48181183
3.44506400
2.20972240
9.31583555
10.72745789
3.36946532
15.89152039
9.17814273
2.24609375
6.45222961
4.63537567
6.85770722
14.76472961
6.04435118
7.02356050
8.37154144
10.36193817
3.03153535
16.66512024
0.52535004
24.47212738
8.87845856
9.48872894
0.05053711
1.64941406
16.56738281
4.14188442
18.04419132
1.68794769
6.08068817
6.59410905
2.42631759
9.59029144
0.28442383
0.02691650
0.30810547
1.05957031
4.22965204
0.12850226
13.67968750
6.23746454
3.94462129
8.99388963
8.21473071
8.13972961
2.17517121
7.53560394
0.45463043
12.39485594
3.34484957
0.70849609
0.10177275
14.31506317
7.98418504
3.61259751
10.82234680
1.80716949
2.96569793
0.57104554
2.28927545
6.60673315
1.16691101
1.14558899
2.96712157
5.06652925
3.97070312
5.29899047
1.46053101
4.94396942
13.07812500
20.59895875
2.41190520
4.73360261
6.41796875
1.67187500
12.77139573
6.11564771
7.06172761
5.10982269
8.52539062
2.94486481
6.45267731
0.90958680
6.26149588
4.37154144
7.62890625
3.95027649
0.07975281
8.91320645
3.10799257
6.23270722
4.00150543
2.78629622
5.06473847
8.20747894
1.27095551
9.25948028
3.82091756
7.37618572
22.07714844
8.52412871
5.67065492
2.75781250
2.52103668
7.07417443
3.11963264
5.84375000
4.82373047
2.16210938
8.81595856
2.37756317
1.76839234
9.82421875
3.41015625
3.45507812
7.95613586
8.49218750
9.89884087
3.21533577
0.83398438
3.53785706
6.57812500
6.31250000
5.99173981
6.16747922
15.46630984
4.47408051
4.21484375
4.06160461
1.24698914
5.92968750
7.21507979
3.83179521
2.44140625
2.38931025
2.59277593
13.85455809
17.44195069
14.00390625
1.76855469
10.20312500
7.58235168
4.32812500
8.88378906
8.10937500
5.43359375
2.12064606
6.03808594
3.11177582
5.30859375
1.14017731
4.06160461
14.96618683
2.39843750
9.64843750
10.89575133
4.01696808
6.62243683
6.36734735
14.53701025
1.86124695
12.41841644
5.86059508
1.68180297
0.74031679
1.39941406
9.81424646
4.65690374
9.13806183
2.06339539
7.84968307
0.93937943
2.26064232
6.33750221
4.19531250
2.25195312
2.75638824
1.74263519
4.90234375
13.43314606
4.88928192
4.56685394
7.07857269
2.34354582
10.44555726
3.65173371
1.03613281
10.27768372
1.99349124
5.17911680
4.95755763
6.60596077
14.69864805
0.91951601
3.19042969
2.47025543
8.91573028
14.66239472
18.17187500
13.75858489
3.48209718
4.81250000
1.73978419
6.27291112
2.48046875
3.95072418
9.76989030
2.71253158
6.76538086
12.55468750
1.65242492
8.85681183
7.89062500
7.83984375
0.04806519
0.51319999
0.48234444
5.98464041
5.86106271
2.37304688
11.64900571
4.78316378
16.07352505
16.17501011
6.06294769
8.04675200
4.94543550
0.07415771
0.25187133
-0.00110839
9.02375222
1.55046653
2.00976562
11.43554688
13.66365539
2.19425476
1.20605469
7.55033356
0.26318359
2.91092864
3.84883699
9.54854278
5.24597230
1.85253906
7.31974180
9.96541445
1.72167969
9.64408356
0.08083100
16.58813165
11.75472296
10.94034851
3.13342254
13.10591644
3.47159851
0.32080078
4.40580231
6.32857269
1.06551086
9.63936060
4.12715979
3.41316711
3.06269670
2.52173537
2.56099457
6.27689606
0.00761795
0.98335785
1.90441801
8.86524507
9.94274933
2.55904144
11.22800409
1.38167608
16.17879211
6.63370789
5.25000000
0.03372192
4.25000000
1.57324219
3.04788841
5.58297096
8.51200285
10.28393617
3.81880707
10.08158356
0.75887024
2.52478058
5.80468750
1.98632812
0.02157074
1.80367035
14.26127106
0.09718842
9.29471832
0.44799742
4.01094636
1.22460938
2.88028868
7.58208315
8.50781250
3.55273438
4.51818817
3.74548371
0.78808594
3.62397662
7.56502881
8.03381317
3.29085328
10.48437500
1.84375000
0.02690125
1.59639434
8.46708222
3.83744293
1.33519511
4.62065602
4.44230164
10.09977172
0.03316285
0.58837891
1.27079129
3.06201296
7.38735816
6.83025044
2.65417699
9.06384184
7.79520722
10.47399933
1.68111176
0.00380325
4.35156250
9.90625000
2.23493822
4.16056959
0.01696777
0.55371094
16.29687500
6.27689606
1.36554816
0.30299035
4.45312500
0.84696379
4.71797761
7.14062500
10.35156250
3.16796875
0.09745789
2.02734375
5.98046875
0.24279785
2.24666320
6.78409851
1.23099762
2.55708832
3.76529657
2.45740026
7.13281250
3.26082336
4.92012107
7.62126108
7.43359375
4.97265625
3.34525543
12.90689938
3.09159519
4.28125000
4.13622299
2.36426529
5.57377106
10.13716644
9.16137633
0.81864472
4.93827239
0.02555422
4.17187500
7.26562500
0.51269531
1.94531250
3.07556152
3.49609375
0.47526000
5.96228058
0.95357269
3.67773438
6.89062500
0.01558685
2.66617797
8.04085328
0.36307770
3.50240082
2.11478668
0.00887055
2.44921875
2.18811004
0.99361176
1.43839539
2.63248407
2.41292608
9.00948028
2.02522828
17.21875000
1.42578125
14.41650266
8.43004592
1.46322528
1.92968750
5.71960107
19.75488624
0.14868164
0.04524528
0.01706971
0.07287598
0.00225639
0.00286674
2.10841537
10.25345856
9.34029144
8.45658356
5.58178524
10.16430851
6.06471740
5.69770834
8.12740580
18.92956450
3.93416445
1.61714567
6.31351839
4.41015625
3.54654274
3.91430851
5.05078125
5.52388519
5.56070922
0.30725129
1.74458832
1.70389801
2.11914062
12.30411493
3.96703588
1.50036652
3.22550476
0.30078125
0.67138672
6.59375000
6.62361259
7.12248116
0.00817871
0.87281853
7.28560394
3.02343750
0.78393368
9.97758089
9.52266511
0.24267578
2.27600067
1.82556183
7.31640625
0.73242188
4.31640625
23.35261400
0.71220190
4.79394780
5.31217531
6.61238586
0.49584961
6.28214539
7.97310394
11.02510528
12.52176972
11.02343750
1.07519531
7.36584442
1.37536652
0.69091672
2.42679964
12.53560394
1.16263824
19.68725399
13.98628878
5.96402704
3.60897163
4.01953125
7.98005790
3.93453346
8.48011536
4.55322266
1.52050781
9.80033356
5.25699828
6.29534912
7.68147828
7.50736481
0.27018250
1.10644531
5.87026707
2.90317043
2.33203125
1.94189453
1.87125610
6.87634308
0.58447266
5.05859375
2.72806793
5.75870789
1.23588043
3.75630707
3.04597961
15.34810394
3.53125000
3.87740082
2.14123504
3.72159851
1.56099457
4.30155364
3.47924867
14.45312500
2.58833832
4.05513021
4.30965647
9.18660461
0.38928254
0.78271484
8.18188165
0.98120429
6.08902829
12.89827640
11.81250000
2.49609375
0.88627106
0.64839691
4.82421875
0.26123047
2.14379821
9.27612367
1.75000000
2.84570312
0.00494766
4.44921875
0.59553953
2.41674867
3.72208306
2.48291389
8.58260802
6.49051972
6.08007812
5.72013622
3.99513764
3.41796875
14.27254211
14.28995789
0.65771484
2.57226562
2.28779560
1.98873393
9.78962323
5.68046985
0.60640473
2.59240692
0.00909455
0.45922852
11.65945507
9.36406360
10.71350067
5.79475953
4.97310394
5.33959774
0.28808781
4.30859375
7.87988281
5.49910461
12.36283356
8.37243683
1.75292969
9.01908356
2.80708832
7.65498560
6.35628546
15.72310394
1.62410461
4.28080231
2.61267121
4.75977955
1.89446254
3.05781576
7.06010416
5.38551850
2.44201629
1.28605164
2.91646332
5.80028923
7.69490913
6.08247894
17.48872894
0.19307434
5.00826019
9.27104685
2.24752829
4.27343750
2.96154754
2.35982269
16.08943540
5.74890292
5.73994903
2.45194426
2.66357546
3.25240082
6.59836166
0.74650086
4.25000000
3.42622894
11.75345856
0.16743988
1.29677954
7.41817293
6.72220856
4.30513519
4.43314606
0.24869781
1.45109070
5.86629211
8.62500000
7.03214539
3.35351562
0.13647461
8.07812500
1.20410156
6.18261470
10.94734929
3.53409851
0.71289062
5.82944670
1.98915801
2.64209109
8.36506206
1.32500110
2.17561890
0.65283203
6.37890625
3.75020169
6.74979831
1.01074219
13.44327571
11.92585635
4.54556368
4.67968750
6.23392731
7.39473294
1.94360538
5.66752106
12.47594748
7.17879709
10.20312500
0.02430725
4.06595856
4.65580231
6.02223481
0.84667969
0.34423828
4.47041778
3.37333222
0.53181945
3.66105164
2.20344844
3.83707890
0.48153687
10.42968750
18.14257812
0.72363281
0.00283432
1.49902344
10.87307680
5.24609375
4.59765625
5.37410461
1.02074884
7.52213874
0.60742188
21.70658356
7.66255707
3.96830231
8.75435394
3.51049369
8.01001163
3.08301030
6.30769836
0.79248047
3.07902039
4.22265625
0.40332031
0.83740234
4.96875000
0.09167480
8.50256317
0.57897980
2.86914062
16.15625000
9.92944149
2.10722019
16.03125000
4.20357269
1.51562500
6.97025096
3.93241799
4.15234375
4.62455231
11.79536957
5.83203125
6.00781250
0.72119141
5.19352172
4.40413453
5.67581810
8.33297096
2.28666168
14.15292887
2.64830008
5.24173981
0.86665863
9.49564606
16.97310394
1.12207031
4.62845856
2.53560394
0.13932281
2.11763519
8.02689606
7.48097442
0.20424863
2.56054688
1.21191406
4.91015625
0.31294614
15.32936396
1.07060533
2.34375000
0.01360321
5.53515625
5.86738919
6.36263187
6.01021332
8.22656250
11.65625000
0.23726379
11.00489319
1.05859375
8.38281250
3.39358406
15.20943082
4.43416445
3.50044769
2.54101562
0.59126676
2.83109652
0.00936890
7.23437500
1.11840758
4.01538148
7.91406250
7.84330231
3.17622894
5.38668823
10.00280731
13.44238157
4.16296542
0.56298828
1.08325672
3.40039062
7.57031250
0.92435699
1.16856361
0.48771553
1.68351258
0.46679688
1.19238281
2.16170102
0.18180484
10.91406250
20.85324150
5.93001219
13.33243462
4.27905585
1.03218722
10.53125000
1.37552887
8.39396055
3.83429910
2.87570367
2.46093750
10.25691711
1.70800781
1.23527039
0.77397400
2.12544769
2.23242188
3.09472656
5.98437500
2.51953125
9.17968750
3.79492188
4.44921875
0.91503906
0.02862549
0.00777054
3.78710938
0.02445984
5.14564274
1.23672019
4.65950687
0.82710785
6.23482269
0.06727081
7.02070701
5.34692819
1.52681488
2.82454344
1.08365968
1.26074219
11.81250000
1.30814606
0.72416043
0.02054996
2.97430992
2.35847961
4.63370789
0.38354492
0.02082825
2.27347684
2.45503878
8.07812500
0.28006988
2.70943207
10.29252106
6.26432250
7.79475953
1.99955231
10.21183289
3.80038856
3.19965203
5.44787567
10.57979278
7.72444703
3.09403535
1.68359375
1.86052303
3.71616245
13.60233489
4.70159735
1.95545711
16.59386802
6.75574135
2.87500000
4.25247950
0.04488378
1.88736564
5.13798315
0.06730257
4.67968750
0.92712402
3.21246200
1.38183594
3.65669769
1.29492188
3.30159298
2.47647136
4.66041223
4.78381317
4.70446808
3.45507812
1.35872188
9.38187723
0.54760858
0.35709656
0.62447113
4.29642731
7.63716644
4.65791778
6.63460328
2.57857269
2.76171875
1.88830535
4.39152039
3.34419769
11.05814606
4.19140625
3.23286957
1.39062500
2.53125000
0.59769434
0.66162359
8.66060394
2.03125000
1.35231007
5.72099315
10.15189606
4.80814606
0.40299500
0.07806396
3.25195312
4.80033356
3.39497894
2.24023438
6.75756649
5.05102726
6.64363586
6.59761193
2.44385139
3.28906250
2.74068207
2.98620076
4.90430186
0.28263367
3.37544769
1.50219664
0.18774476
7.45658356
0.41280121
4.59765625
2.74564606
1.54980469
7.08247894
1.43750000
0.16798826
0.21085695
1.23809700
2.76514793
3.22115082
8.76562500
0.06274383
1.91442902
0.15405327
0.50923676
6.95958631
2.93079454
8.14062500
0.31738281
1.29740387
1.92427582
6.03347851
0.09347462
8.26908356
0.96895044
3.27710272
3.88867188
0.05296295
8.03995789
11.54406583
3.59265292
6.13931627
10.49740248
0.00934357
2.06119156
6.39618906
4.24956227
4.91674867
2.97025543
8.04300809
2.46435671
1.32316101
1.38769531
6.22220856
9.85324854
11.76908356
0.01735443
1.48339844
4.40926086
4.99894226
0.26517731
5.18794769
0.83984375
0.00508881
5.30769836
4.57515099
4.65328346
2.85757446
6.46785461
1.37882508
5.33939606
1.08789062
12.64485594
4.67341977
1.16557042
8.69531250
0.07305908
10.14050200
1.48302568
2.38334884
1.91503906
11.28108703
1.37536652
2.98437500
0.00502014
10.72656250
1.18188290
6.64823581
1.40551696
2.19409242
9.20133422
1.00382508
2.74112976
9.87646391
8.57478945
16.98046875
4.76562500
2.42333984
10.91406250
2.98901367
0.64746094
2.87019836
11.04341644
4.51607269
0.27709961
0.64453125
2.07997536
4.67335106
4.73954067
9.12064730
1.81465730
8.37500000
1.45365387
2.86523438
8.73681516
1.00138492
2.37638305
1.63557984
13.44877106
0.30251432
1.28511691
15.25630707
5.87402344
6.61995235
0.78702696
2.05790503
5.45357269
4.12890625
5.46830231
1.00142426
0.01042175
3.42338043
1.91992188
6.60937500
3.39497894
1.28710938
3.00390625
0.34574371
2.12349457
1.16562897
1.46842282
4.18717531
0.74121187
5.80078125
7.83666992
9.91035794
4.00806667
1.79394531
4.06913176
7.71407136
5.69095856
3.87337219
6.17232269
14.62394226
4.72656250
16.82787899
0.24447819
5.16361481
9.19314951
9.39062500
0.93758117
7.37744016
12.51766605
7.10729980
1.75097656
10.01961155
2.39049443
0.94177277
0.94810055
1.35127964
14.26562500
9.07661459
4.83354166
0.09680176
3.50040337
0.71496925
1.63423676
4.14408356
1.49361176
1.11663299
2.37259918
3.04927582
0.10600250
4.99397828
0.61238586
5.71529144
3.02347423
11.31223957
0.00283432
4.16361481
6.35778591
11.64260750
3.29110926
3.02535128
6.17744903
3.54028258
6.27791445
2.20703125
1.95312500
0.09995345
3.79174867
12.50000000
8.39408356
18.73848480
5.81986481
12.99301915
1.98280086
10.06738032
6.99707280
12.52441406
6.62963867
8.14550781
2.17187500
5.13785517
2.04093694
5.29919162
0.24689768
2.47457003
10.01846853
2.53231272
5.81428829
11.82145390
0.45410156
0.33325195
7.12365692
3.55407746
8.51908356
5.63268950
7.18672761
5.30021055
6.40682070
0.96720398
5.10937500
0.06958008
12.76621075
5.57199024
0.01532226
6.73521610
3.58191821
0.29708292
0.02252197
2.27685547
4.66796875
13.00164784
1.99288370
7.44018617
13.95520539
5.28861481
3.16646332
5.62406402
10.23783356
3.03650940
3.25541168
12.08156151
0.30078125
0.40966797
4.69832336
3.45792664
3.44685727
4.85392398
0.60025938
1.94783632
3.57103931
5.72170543
2.25630707
2.81294769
11.34720856
4.21919769
12.81627328
1.17005485
6.98150156
1.96291555
9.37935394
5.51607269
9.69921875
6.60323028
7.96097435
9.94067819
7.53291778
9.69982381
2.03678967
2.41992188
5.14062500
3.21289062
1.62518767
1.83817597
0.29556274
13.83702461
13.71982622
4.28821143
4.32377106
7.69640958
3.11347873
3.54492188
8.59720856
9.18225067
1.05923815
10.97090979
1.91109596
22.21533079
1.94677859
2.87695312
6.18750000
7.34765625
0.04705811
10.83504211
2.78352595
3.32355017
8.57812500
1.49947113
1.15342607
2.40894614
2.07568359
10.64408356
1.59029144
13.27148438
2.58111572
8.29724121
1.12845856
1.53653712
4.08585882
7.58068817
3.66796875
23.00398773
8.37154144
2.62259918
4.77433289
2.52148438
2.75585938
2.11132812
10.24120346
0.81950576
2.40461409
3.18506732
5.91752106
1.56978363
1.04980469
9.78470856
0.58199066
3.20117188
7.50512633
3.55346742
0.09008789
6.49889296
0.47473986
4.59101805
2.85424867
3.51668274
2.25480164
2.17370712
2.16015625
9.35929383
5.00736481
6.11328125
1.06294769
2.92187500
4.77990692
0.32413758
3.20886137
8.88728945
10.77734375
14.11926270
0.14123535
5.25390625
2.49218750
2.46484375
3.18273375
4.30588319
4.61718750
0.66796875
0.02610779
7.31595856
1.19087738
1.71569232
0.19251080
10.66731625
5.64367556
5.84810394
9.58593750
0.31518555
0.34078460
1.84419769
4.00345856
3.84419769
9.15535461
12.84810394
4.56640625
5.99983267
6.78577127
15.11450133
1.00756898
2.82390972
5.60821918
2.96484375
0.23181152
2.01562500
0.71443664
7.73917664
2.84720856
4.82031250
2.98091644
4.76045684
5.95536347
0.20214844
12.10506040
5.05232851
5.59163453
7.06250000
0.01059723
6.58158356
5.07076019
2.91833278
2.34338597
7.80379211
3.20011414
0.59232574
10.78656805
3.14356715
15.03808594
1.91166168
4.71785461
4.98376247
6.09668218
1.24955231
1.26900238
0.13794624
3.71333832
10.31070922
16.71174409
4.59276596
2.86621841
4.54630430
9.59765231
6.91882489
0.88484484
4.08438899
4.77335882
0.50679535
0.08507305
3.58638519
6.07031250
2.15384918
4.68404144
0.43070465
8.40798649
5.12761746
2.73268978
4.72238835
3.95117188
0.22399871
0.01779206
4.62500000
6.90754876
20.85132635
7.98111813
2.61637577
8.90625000
0.00830841
0.00115108
8.50000000
1.20063647
3.61989454
2.55362976
1.74023438
8.34285461
12.71529144
3.46394836
4.39196808
10.23783356
1.22017426
1.68652344
3.68017454
1.24222933
5.19095856
8.94531250
8.80725067
0.51306183
3.79191101
0.50486932
1.73502936
0.79199219
0.00099659
4.07767731
1.59492762
3.18652593
9.57812500
0.06701660
5.37756317
3.40926086
2.70731660
0.82128906
2.01326352
3.05224734
2.27042664
5.49955231
3.04687500
5.20747894
2.10937500
2.59064301
0.53728667
0.87962525
12.87061170
5.13248781
6.25736481
3.40579607
20.34147717
3.75630707
14.57210328
1.44283051
5.45088653
9.92801972
0.75732422
5.96093750
9.54297500
13.43314606
3.55684200
3.36327336
13.96727478
6.45332669
4.54366245
7.25078827
4.09887633
8.10860261
0.01625305
10.45658356
1.83585633
3.74173981
3.04927582
5.70999779
3.13375221
4.21875000
12.03470856
9.76300754
4.81947140
2.42638506
5.79338209
0.99121094
3.03755707
7.37276153
3.30887910
7.46048981
0.18607574
6.30635528
1.45918855
2.67992853
3.80258490
11.71097282
6.75374390
3.77388519
5.90234375
4.69531250
0.02891647
2.69401062
11.75823975
1.84515381
1.41658383
9.25059289
9.29687500
0.02194214
0.01376968
7.99654144
9.80379211
1.53152351
3.42815270
0.80171723
2.99702848
0.34720980
3.42142731
0.03639740
0.82621246
3.38857824
1.94345301
15.24459213
4.29296875
1.73054992
8.28560394
0.93375173
4.69983377
8.43839539
0.00228691
4.43359375
7.57421875
0.20886230
11.36339429
0.58875415
1.96582031
4.50585938
7.77689606
2.86718750
3.95853668
2.79191101
1.41015625
0.09969024
2.08036347
0.26680481
3.39621735
0.91593445
6.40234375
2.71785461
1.35782774
5.43851839
9.55033356
5.94576019
0.54203277
1.96085633
4.91796875
1.86615478
0.25113922
6.39050200
0.06274539
2.15346853
10.26039560
12.65625000
5.33569336
2.30078125
0.13305664
0.68709289
12.80558289
5.20703125
10.06327239
0.88496980
0.15594451
3.93839539
7.42622894
0.21667480
1.25073118
5.44287234
3.08789062
5.66796875
0.14990234
1.97070312
5.90580231
1.90348266
1.28934785
4.49609375
10.73347961
4.65812195
9.86718750
5.30468750
0.66117340
0.26094574
4.63191711
0.79695617
6.66194703
6.44832336
0.16398070
7.26338653
9.47758089
1.36344360
2.86657746
2.16451019
0.28857422
1.78721711
0.30689910
0.71777344
2.48197418
0.14363617
1.27571761
5.22270057
2.25524933
4.06730164
1.89107269
0.19173156
4.74698914
6.94921875
0.02401733
14.57364805
0.14518378
0.12143344
0.14329923
4.71496675
5.97230002
-0.00716265
0.18534207
1.79781222
6.10502106
4.06647995
0.23865525
2.20520401
2.09960938
4.16381649
1.23657413
6.17187500
0.64359527
1.14009613
3.54492188
2.09916168
3.91015625
3.47896332
0.90161663
0.03636688
2.39798981
12.06859398
7.62628879
4.51478390
14.77604294
9.09375000
4.67104065
1.76712171
8.20423204
3.24051972
7.11283356
5.12589539
2.94821910
10.29662899
1.52315464
1.72595246
7.00435394
0.02963257
1.17826324
11.52933622
4.65079898
0.10028076
9.37711547
4.01350953
7.20971680
3.31941711
11.97745789
2.19335938
4.46484375
8.89664672
3.93929078
0.68164062
0.15954590
0.24157715
1.59472656
7.16507404
0.96956920
12.35591644
7.39542664
1.30175781
4.29296875
5.00781250
2.31006145
3.06835938
0.29638672
0.05560303
0.01314545
0.84667969
4.85861312
3.34586173
10.64380319
9.71875000
0.40193664
1.93546570
4.05859375
0.03240967
6.83984375
0.11175537
0.59082031
1.93322723
1.94816101
6.62064606
15.18990082
0.06752533
2.35700226
3.64062500
0.15307617
0.01010895
3.64257812
3.37064606
0.61177582
9.15625000
3.60611065
3.19129321
8.91752106
0.17325867
0.12013732
3.19230164
2.23347961
8.41495789
0.04605103
2.14453125
5.36494903
2.56770501
0.87654975
3.24112976
2.04613448
0.48361009
4.87220028
