story	token_index	word_index	token	pronoun_replacement
0	0	0	In	NA
0	1	1	Ireland's	its
0	2	1	Ireland's	its
0	3	2	County	NA
0	4	3	Limerick,	NA
0	5	3	Limerick,	NA
0	6	3	Limerick,	NA
0	7	4	near	NA
0	8	5	the	it,
0	9	6	River	it,
0	10	7	Shannon,	it,
0	11	7	Shannon,	it,
0	12	8	there	NA
0	13	9	is	NA
0	14	10	a	NA
0	15	11	quiet	NA
0	16	12	little	NA
0	17	13	suburb	NA
0	18	14	by	NA
0	19	15	the	NA
0	20	16	name	NA
0	21	17	of	NA
0	22	18	Garryowen,	NA
0	23	18	Garryowen,	NA
0	24	18	Garryowen,	NA
0	25	18	Garryowen,	NA
0	26	19	which	NA
0	27	20	means	NA
0	28	21	"Garden	NA
0	29	21	"Garden	NA
0	30	21	"Garden	NA
0	31	22	of	NA
0	32	23	Owen."	NA
0	33	23	Owen."	NA
0	34	24	Undoubtedly	NA
0	35	24	Undoubtedly	NA
0	36	25	none	they
0	37	26	of	they
0	38	27	the	they
0	39	28	residents	they
0	40	29	realize	NA
0	41	30	the	it,
0	42	31	influence	it,
0	43	32	their	it,
0	44	33	town	it,
0	45	34	has	it,
0	46	35	had	it,
0	47	36	on	it,
0	48	37	American	it,
0	49	38	military	it,
0	50	39	history,	it,
0	51	39	history,	it,
0	52	40	or	NA
0	53	41	the	them.
0	54	42	deeds	them.
0	55	43	of	them.
0	56	44	valor	them.
0	57	44	valor	them.
0	58	45	that	them.
0	59	46	have	them.
0	60	47	been	them.
0	61	48	done	them.
0	62	49	in	them.
0	63	50	its	them.
0	64	51	name.	them.
0	65	51	name.	them.
0	66	52	The	NA
0	67	53	cry	NA
0	68	54	"Garryowen!"	NA
0	69	54	"Garryowen!"	NA
0	70	54	"Garryowen!"	NA
0	71	54	"Garryowen!"	NA
0	72	54	"Garryowen!"	NA
0	73	54	"Garryowen!"	NA
0	74	55	Bursting	NA
0	75	55	Bursting	NA
0	76	56	from	NA
0	77	57	the	him
0	78	58	lips	him
0	79	59	of	him
0	80	60	a	him
0	81	61	charging	him
0	82	62	cavalry	him
0	83	63	trooper	him
0	84	64	was	NA
0	85	65	the	NA
0	86	66	last	NA
0	87	67	sound	NA
0	88	68	heard	NA
0	89	69	on	NA
0	90	70	this	NA
0	91	71	earth	NA
0	92	72	by	NA
0	93	73	untold	NA
0	94	74	numbers	NA
0	95	75	of	NA
0	96	76	Cheyennes,	NA
0	97	76	Cheyennes,	NA
0	98	76	Cheyennes,	NA
0	99	76	Cheyennes,	NA
0	100	77	Sioux	NA
0	101	78	and	NA
0	102	79	Apaches,	NA
0	103	79	Apaches,	NA
0	104	79	Apaches,	NA
0	105	80	Mexican	NA
0	106	81	banditos	NA
0	107	81	banditos	NA
0	108	81	banditos	NA
0	109	82	under	NA
0	110	83	Pancho	NA
0	111	83	Pancho	NA
0	112	83	Pancho	NA
0	113	84	Villa,	NA
0	114	84	Villa,	NA
0	115	85	Japanese	NA
0	116	86	in	NA
0	117	87	the	NA
0	118	88	South	NA
0	119	89	Pacific,	NA
0	120	89	Pacific,	NA
0	121	90	and	NA
0	122	91	Chinese	NA
0	123	92	and	NA
0	124	93	North	NA
0	125	94	Korean	NA
0	126	95	Communists	NA
0	127	96	in	NA
0	128	97	Korea.	NA
0	129	97	Korea.	NA
0	130	98	Garryowen	NA
0	131	98	Garryowen	NA
0	132	98	Garryowen	NA
0	133	99	is	NA
0	134	100	the	NA
0	135	101	battle	NA
0	136	102	cry	NA
0	137	103	of	NA
0	138	104	the	NA
0	139	105	7th	NA
0	140	105	7th	NA
0	141	106	U.S.	NA
0	142	106	U.S.	NA
0	143	106	U.S.	NA
0	144	106	U.S.	NA
0	145	107	Cavalry	NA
0	146	107	Cavalry	NA
0	147	108	Regiment,	NA
0	148	108	Regiment,	NA
0	149	109	"The	NA
0	150	109	"The	NA
0	151	110	Fighting	NA
0	152	111	Seventh."	NA
0	153	111	Seventh."	NA
0	154	112	Today	It
0	155	113	a	NA
0	156	114	battle	NA
0	157	115	cry	NA
0	158	116	may	NA
0	159	117	seem	NA
0	160	118	an	it,
0	161	119	anachronism,	it,
0	162	119	anachronism,	it,
0	163	119	anachronism,	it,
0	164	119	anachronism,	it,
0	165	119	anachronism,	it,
0	166	120	for	NA
0	167	121	in	NA
0	168	122	the	NA
0	169	123	modern	NA
0	170	124	Army,	NA
0	171	124	Army,	NA
0	172	125	esprit	NA
0	173	125	esprit	NA
0	174	126	de	NA
0	175	127	corps	NA
0	176	128	has	NA
0	177	129	been	NA
0	178	130	sacrificed	NA
0	179	131	to	NA
0	180	132	organizational	NA
0	181	133	charts	NA
0	182	134	and	NA
0	183	135	tables.	NA
0	184	135	tables.	NA
0	185	136	But	NA
0	186	137	don't	NA
0	187	137	don't	NA
0	188	138	tell	NA
0	189	139	that	NA
0	190	140	to	NA
0	191	141	a	him,
0	192	142	veteran	him,
0	193	143	of	him,
0	194	144	the	him,
0	195	145	Fighting	him,
0	196	146	Seventh,	him,
0	197	146	Seventh,	him,
0	198	147	especially	NA
0	199	148	in	NA
0	200	149	a	it
0	201	150	saloon	it
0	202	150	saloon	it
0	203	151	on	NA
0	204	152	Saturday	it.
0	205	153	night.	it.
0	206	153	night.	it.
0	207	154	Of	NA
0	208	155	all	them,
0	209	156	the	them,
0	210	157	thousands	them,
0	211	158	of	them,
0	212	159	men	them,
0	213	160	who	them,
0	214	161	have	them,
0	215	162	served	them,
0	216	163	in	them,
0	217	164	the	them,
0	218	165	7th	them,
0	219	165	7th	them,
0	220	166	Cav,	them,
0	221	166	Cav,	them,
0	222	167	perhaps	NA
0	223	168	no	it
0	224	169	one	it
0	225	170	knows	NA
0	226	171	its	its
0	227	172	spirit	its
0	228	173	better	NA
0	229	174	than	NA
0	230	175	Lieutenant	NA
0	231	176	Colonel	NA
0	232	177	Melbourne	NA
0	233	178	C.	NA
0	234	178	C.	NA
0	235	179	Chandler.	NA
0	236	179	Chandler.	NA
0	237	180	Wiry	NA
0	238	180	Wiry	NA
0	239	181	and	NA
0	240	182	burr-headed,	NA
0	241	182	burr-headed,	NA
0	242	182	burr-headed,	NA
0	243	182	burr-headed,	NA
0	244	182	burr-headed,	NA
0	245	183	with	NA
0	246	184	steel	them
0	247	185	blue	them
0	248	186	eyes	them
0	249	187	and	NA
0	250	188	a	it,
0	251	189	chest	it,
0	252	190	splattered	it,
0	253	190	splattered	it,
0	254	191	with	it,
0	255	192	medals,	it,
0	256	192	medals,	it,
0	257	193	Chandler	NA
0	258	194	is	NA
0	259	195	the	NA
0	260	196	epitome	NA
0	261	196	epitome	NA
0	262	197	of	NA
0	263	198	the	NA
0	264	199	old-time	NA
0	265	199	old-time	NA
0	266	199	old-time	NA
0	267	200	trooper.	NA
0	268	200	trooper.	NA
0	269	201	The	It
0	270	202	truth	It
0	271	203	is,	NA
0	272	203	is,	NA
0	273	204	however,	NA
0	274	204	however,	NA
0	275	205	that	NA
0	276	206	when	NA
0	277	207	Mel	NA
0	278	208	Chandler	NA
0	279	209	first	NA
0	280	210	reported	NA
0	281	211	to	NA
0	282	212	the	NA
0	283	213	regiment	NA
0	284	214	the	NA
0	285	215	only	NA
0	286	216	steed	NA
0	287	216	steed	NA
0	288	217	he	NA
0	289	218	had	NA
0	290	219	ever	NA
0	291	220	ridden	NA
0	292	221	was	NA
0	293	222	a	NA
0	294	223	swivel	NA
0	295	223	swivel	NA
0	296	223	swivel	NA
0	297	224	chair	NA
0	298	225	and	NA
0	299	226	the	NA
0	300	227	only	NA
0	301	228	weapon	NA
0	302	229	he	NA
0	303	230	had	NA
0	304	231	ever	NA
0	305	232	wielded	NA
0	306	233	was	NA
0	307	234	a	NA
0	308	235	pencil.	NA
0	309	235	pencil.	NA
0	310	236	Chandler	NA
0	311	237	had	NA
0	312	238	been	NA
0	313	239	commissioned	NA
0	314	240	in	NA
0	315	241	the	it
0	316	242	Medical	it
0	317	243	Service	it
0	318	244	Corps	it
0	319	245	and	NA
0	320	246	was	NA
0	321	247	serving	NA
0	322	248	as	NA
0	323	249	a	it
0	324	250	personnel	it
0	325	251	officer	it
0	326	252	for	it
0	327	253	the	it
0	328	254	Kansas	it
0	329	255	City	it
0	330	256	Medical	it
0	331	257	Depot	it
0	332	258	when	NA
0	333	259	he	NA
0	334	260	decided	NA
0	335	261	that	NA
0	336	262	if	NA
0	337	263	he	NA
0	338	264	was	NA
0	339	265	going	NA
0	340	266	to	NA
0	341	267	make	NA
0	342	268	the	NA
0	343	269	Army	NA
0	344	270	his	his,
0	345	271	career,	his,
0	346	271	career,	his,
0	347	272	he	NA
0	348	273	wanted	NA
0	349	274	to	NA
0	350	275	be	NA
0	351	276	in	NA
0	352	277	the	it.
0	353	278	fighting	it.
0	354	279	part	it.
0	355	280	of	it.
0	356	281	it.	it.
0	357	281	it.	it.
0	358	282	Though	NA
0	359	283	he	NA
0	360	284	knew	NA
0	361	285	no	NA
0	362	286	more	NA
0	363	287	about	NA
0	364	288	military	it
0	365	289	science	it
0	366	290	and	NA
0	367	291	tactics	NA
0	368	292	than	NA
0	369	293	any	he,
0	370	294	other	he,
0	371	295	desk	he,
0	372	296	officer,	he,
0	373	296	officer,	he,
0	374	297	he	NA
0	375	298	managed	NA
0	376	299	to	NA
0	377	300	get	NA
0	378	301	transferred	NA
0	379	302	to	NA
0	380	303	the	them.
0	381	304	combat	them.
0	382	305	forces.	them.
0	383	305	forces.	them.
0	384	306	The	It
0	385	307	next	It
0	386	308	thing	It
0	387	309	he	It
0	388	310	knew	It
0	389	311	he	NA
0	390	312	was	NA
0	391	313	reporting	NA
0	392	314	for	NA
0	393	315	duty	it
0	394	316	as	NA
0	395	317	commanding	NA
0	396	318	officer	NA
0	397	319	of	NA
0	398	320	Troop	NA
0	399	320	Troop	NA
0	400	321	H,	NA
0	401	321	H,	NA
0	402	322	7th	NA
0	403	322	7th	NA
0	404	323	Cavalry,	NA
0	405	323	Cavalry,	NA
0	406	323	Cavalry,	NA
0	407	324	in	NA
0	408	325	the	NA
0	409	326	middle	NA
0	410	327	of	NA
0	411	328	corps	NA
0	412	329	maneuvers	NA
0	413	330	in	NA
0	414	331	Japan.	NA
0	415	331	Japan.	NA
0	416	332	Outside	NA
0	417	333	of	NA
0	418	334	combat,	NA
0	419	334	combat,	NA
0	420	335	he	NA
0	421	336	couldn't	NA
0	422	336	couldn't	NA
0	423	337	have	NA
0	424	338	landed	NA
0	425	339	in	NA
0	426	340	a	it.
0	427	341	tougher	it.
0	428	342	spot.	it.
0	429	342	spot.	it.
0	430	343	First	NA
0	431	344	of	NA
0	432	345	all,	NA
0	433	345	all,	NA
0	434	346	no	it
0	435	347	unit	it
0	436	348	likes	NA
0	437	349	to	NA
0	438	350	have	NA
0	439	351	a	NA
0	440	352	new	NA
0	441	353	CO	NA
0	442	354	brought	NA
0	443	355	in	NA
0	444	356	from	NA
0	445	357	the	it,
0	446	358	outside,	it,
0	447	358	outside,	it,
0	448	359	especially	NA
0	449	360	when	NA
0	450	361	he's	NA
0	451	361	he's	NA
0	452	362	an	NA
0	453	363	armchair	NA
0	454	363	armchair	NA
0	455	364	trooper.	NA
0	456	364	trooper.	NA
0	457	365	Second,	NA
0	458	365	Second,	NA
0	459	366	if	NA
0	460	367	there	NA
0	461	368	is	NA
0	462	369	ever	NA
0	463	370	a	NA
0	464	371	perfect	NA
0	465	372	time	NA
0	466	373	to	NA
0	467	374	pull	NA
0	468	375	the	NA
0	469	376	rug	NA
0	470	377	out	NA
0	471	378	from	NA
0	472	379	under	NA
0	473	380	him,	NA
0	474	380	him,	NA
0	475	381	it's	NA
0	476	381	it's	NA
0	477	382	on	NA
0	478	383	maneuvers.	NA
0	479	383	maneuvers.	NA
0	480	384	In	NA
0	481	385	combat,	NA
0	482	385	combat,	NA
0	483	386	helping	NA
0	484	387	your	NA
0	485	388	CO	NA
0	486	389	make	NA
0	487	390	a	NA
0	488	391	fool	NA
0	489	392	of	NA
0	490	393	himself	NA
0	491	394	might	NA
0	492	395	mean	NA
0	493	396	getting	NA
0	494	397	yourself	NA
0	495	398	killed.	NA
0	496	398	killed.	NA
0	497	399	But	NA
0	498	400	in	NA
0	499	401	maneuvers,	NA
0	500	401	maneuvers,	NA
0	501	402	with	NA
0	502	403	the	them
0	503	404	top	them
0	504	405	brass	them
0	505	406	watching	NA
0	506	407	him	NA
0	507	408	all	NA
0	508	409	the	NA
0	509	410	time,	NA
0	510	410	time,	NA
0	511	411	it's	NA
0	512	411	it's	NA
0	513	412	easy.	NA
0	514	412	easy.	NA
0	515	413	Chandler	NA
0	516	414	understood	NA
0	517	415	this	NA
0	518	416	and	NA
0	519	417	expected	NA
0	520	418	the	it.
0	521	419	worst.	it.
0	522	419	worst.	it.
0	523	420	But	NA
0	524	421	his	they
0	525	422	first	they
0	526	423	few	they
0	527	424	days	they
0	528	425	with	they
0	529	426	Troop	they
0	530	426	Troop	they
0	531	427	H	they
0	532	428	were	NA
0	533	429	full	NA
0	534	430	of	NA
0	535	431	surprises,	them,
0	536	431	surprises,	them,
0	537	432	beginning	NA
0	538	433	with	NA
0	539	434	First	NA
0	540	435	Sergeant	NA
0	541	436	Robert	NA
0	542	437	Early.	NA
0	543	437	Early.	NA
0	544	438	Chandler	NA
0	545	439	had	NA
0	546	440	expected	NA
0	547	441	a	him.
0	548	442	tough	him.
0	549	443	old	him.
0	550	444	trooper	him.
0	551	445	with	him.
0	552	446	a	him.
0	553	447	gravel	him.
0	554	448	voice.	him.
0	555	448	voice.	him.
0	556	449	Instead	NA
0	557	450	Sergeant	NA
0	558	451	Early	NA
0	559	452	was	NA
0	560	453	quiet,	NA
0	561	453	quiet,	NA
0	562	454	sharp	NA
0	563	455	and	NA
0	564	456	confident.	NA
0	565	456	confident.	NA
0	566	457	He	NA
0	567	458	had	NA
0	568	459	enlisted	NA
0	569	460	in	NA
0	570	461	the	NA
0	571	462	Army	NA
0	572	463	straight	NA
0	573	464	out	NA
0	574	465	of	NA
0	575	466	high	it
0	576	467	school	it
0	577	468	and	NA
0	578	469	had	NA
0	579	470	immediately	NA
0	580	471	set	NA
0	581	472	about	NA
0	582	473	learning	NA
0	583	474	his	it.
0	584	475	new	it.
0	585	476	trade.	it.
0	586	476	trade.	it.
0	587	477	There	NA
0	588	478	was	NA
0	589	479	no	it.
0	590	480	weapon	it.
0	591	481	Early	it.
0	592	482	could	it.
0	593	483	not	it.
0	594	484	take	it.
0	595	485	apart	it.
0	596	486	and	it.
0	597	487	reassemble	it.
0	598	487	reassemble	it.
0	599	487	reassemble	it.
0	600	488	blind-folded.	it.
0	601	488	blind-folded.	it.
0	602	488	blind-folded.	it.
0	603	488	blind-folded.	it.
0	604	488	blind-folded.	it.
0	605	489	He	NA
0	606	490	could	NA
0	607	491	lead	NA
0	608	492	a	it
0	609	493	patrol	it
0	610	494	and	NA
0	611	495	he	NA
0	612	496	knew	NA
0	613	497	his	it.
0	614	498	paper	it.
0	615	499	work.	it.
0	616	499	work.	it.
0	617	500	Further,	NA
0	618	500	Further,	NA
0	619	501	he	NA
0	620	502	had	NA
0	621	503	taken	NA
0	622	504	full	it.
0	623	505	advantage	it.
0	624	506	of	it.
0	625	507	the	it.
0	626	508	Army's	it.
0	627	508	Army's	it.
0	628	509	correspondence	it.
0	629	510	courses.	it.
0	630	510	courses.	it.
0	631	511	He	NA
0	632	512	not	NA
0	633	513	only	NA
0	634	514	knew	NA
0	635	515	soldiering,	it,
0	636	515	soldiering,	it,
0	637	515	soldiering,	it,
0	638	516	but	NA
0	639	517	mathematics,	it,
0	640	517	mathematics,	it,
0	641	518	history	it
0	642	519	and	NA
0	643	520	literature	it
0	644	521	as	NA
0	645	522	well.	NA
0	646	522	well.	NA
0	647	523	But	NA
0	648	524	for	NA
0	649	525	all	it,
0	650	526	his	it,
0	651	527	erudite	it,
0	652	527	erudite	it,
0	653	527	erudite	it,
0	654	528	confidence,	it,
0	655	528	confidence,	it,
0	656	529	Sergeant	NA
0	657	530	Early	NA
0	658	531	was	NA
0	659	532	right	NA
0	660	533	out	NA
0	661	534	of	NA
0	662	535	the	it.
0	663	536	Garryowen	it.
0	664	536	Garryowen	it.
0	665	536	Garryowen	it.
0	666	537	mold.	it.
0	667	537	mold.	it.
0	668	538	He	He.
0	669	539	was	He.
0	670	540	filled	He.
0	671	541	with	He.
0	672	542	the	He.
0	673	543	spirit	He.
0	674	544	of	He.
0	675	545	the	He.
0	676	546	Fighting	He.
0	677	547	Seventh.	He.
0	678	547	Seventh.	He.
0	679	548	That	NA
0	680	549	saved	NA
0	681	550	Mel	NA
0	682	551	Chandler.	NA
0	683	551	Chandler.	NA
0	684	552	Sergeant	NA
0	685	553	Early	NA
0	686	554	let	NA
0	687	555	the	NA
0	688	556	new	NA
0	689	557	CO	NA
0	690	558	know	NA
0	691	559	just	NA
0	692	560	how	NA
0	693	561	lucky	NA
0	694	562	he	NA
0	695	563	was	NA
0	696	564	to	NA
0	697	565	be	NA
0	698	566	in	NA
0	699	567	the	NA
0	700	568	best	NA
0	701	569	troop	NA
0	702	570	in	NA
0	703	571	the	NA
0	704	572	best	NA
0	705	573	regiment	NA
0	706	574	in	NA
0	707	575	the	NA
0	708	576	United	NA
0	709	577	States	NA
0	710	578	Army.	NA
0	711	578	Army.	NA
0	712	579	He	NA
0	713	580	fed	NA
0	714	581	the	NA
0	715	582	captain	NA
0	716	583	bits	them.
0	717	584	of	them.
0	718	585	history	them.
0	719	586	about	them.
0	720	587	the	them.
0	721	588	troops	them.
0	722	589	and	them.
0	723	590	the	them.
0	724	591	regiment.	them.
0	725	591	regiment.	them.
0	726	592	For	NA
0	727	593	example,	NA
0	728	593	example,	NA
0	729	594	it	NA
0	730	595	was	NA
0	731	596	a	NA
0	732	597	battalion	NA
0	733	598	of	NA
0	734	599	the	NA
0	735	600	7th	NA
0	736	600	7th	NA
0	737	601	Cavalry	NA
0	738	601	Cavalry	NA
0	739	602	under	NA
0	740	603	Colonel	NA
0	741	604	George	NA
0	742	605	Armstrong	NA
0	743	606	Custer	NA
0	744	606	Custer	NA
0	745	607	that	NA
0	746	608	had	NA
0	747	609	been	NA
0	748	610	wiped	NA
0	749	611	out	NA
0	750	612	at	NA
0	751	613	the	NA
0	752	614	Battle	NA
0	753	615	of	NA
0	754	616	The	NA
0	755	617	Little	NA
0	756	618	Big	NA
0	757	619	Horn.	NA
0	758	619	Horn.	NA
0	759	620	It	NA
0	760	621	didn't	NA
0	761	621	didn't	NA
0	762	622	take	NA
0	763	623	Captain	NA
0	764	624	Chandler	NA
0	765	625	long	NA
0	766	626	to	NA
0	767	627	realize	NA
0	768	628	that	NA
0	769	629	he	NA
0	770	630	had	NA
0	771	631	to	NA
0	772	632	carry	NA
0	773	633	a	NA
0	774	634	heavy	NA
0	775	635	load	NA
0	776	636	of	NA
0	777	637	tradition	NA
0	778	638	on	NA
0	779	639	his	them
0	780	640	shoulders	them
0	781	641	as	NA
0	782	642	commander	NA
0	783	643	of	NA
0	784	644	Troop	NA
0	785	644	Troop	NA
0	786	645	A.	NA
0	787	645	A.	NA
0	788	646	But	NA
0	789	647	what	NA
0	790	648	made	NA
0	791	649	the	NA
0	792	650	load	NA
0	793	651	lighter	NA
0	794	652	was	NA
0	795	653	the	it.
0	796	654	realization	it.
0	797	655	that	it.
0	798	656	every	it.
0	799	657	officer,	it.
0	800	657	officer,	it.
0	801	658	non-com	it.
0	802	658	non-com	it.
0	803	658	non-com	it.
0	804	659	and	it.
0	805	660	trooper	it.
0	806	661	was	it.
0	807	662	ready	it.
0	808	663	and	it.
0	809	664	willing	it.
0	810	665	to	it.
0	811	666	help	it.
0	812	667	him	it.
0	813	668	carry	it.
0	814	669	it,	it.
0	815	669	it,	it.
0	816	670	for	it.
0	817	671	the	it.
0	818	672	good	it.
0	819	673	of	it.
0	820	674	the	it.
0	821	675	troop	it.
0	822	676	and	it.
0	823	677	the	it.
0	824	678	regiment.	it.
0	825	678	regiment.	it.
1	0	0	O'Banion	NA
1	1	0	O'Banion	NA
1	2	0	O'Banion	NA
1	3	0	O'Banion	NA
1	4	1	was	NA
1	5	2	a	NA
1	6	3	complex	NA
1	7	4	and	NA
1	8	5	frightening	NA
1	9	6	man,	NA
1	10	6	man,	NA
1	11	7	whose	NA
1	12	8	bright	NA
1	13	9	blue	NA
1	14	10	eyes	NA
1	15	11	stared	NA
1	16	12	with	NA
1	17	13	a	NA
1	18	14	kind	NA
1	19	15	of	NA
1	20	16	frozen	NA
1	21	17	candour	NA
1	22	17	candour	NA
1	23	18	into	NA
1	24	19	others'.	NA
1	25	19	others'.	NA
1	26	20	He	NA
1	27	21	had	NA
1	28	22	a	it,
1	29	23	round,	it,
1	30	23	round,	it,
1	31	24	frank	it,
1	32	25	Irish	it,
1	33	26	face,	it,
1	34	26	face,	it,
1	35	27	creased	NA
1	36	27	creased	NA
1	37	28	in	NA
1	38	29	a	it.
1	39	30	jovial	it.
1	40	30	jovial	it.
1	41	30	jovial	it.
1	42	31	grin	it.
1	43	32	that	it.
1	44	33	stayed	it.
1	45	34	bleakly	it.
1	46	34	bleakly	it.
1	47	35	in	it.
1	48	36	place	it.
1	49	37	even	it.
1	50	38	when	it.
1	51	39	he	it.
1	52	40	was	it.
1	53	41	pumping	it.
1	54	42	bullets	it.
1	55	43	into	it.
1	56	44	someone's	it.
1	57	44	someone's	it.
1	58	45	body.	it.
1	59	45	body.	it.
1	60	46	He	NA
1	61	47	carried	NA
1	62	48	three	NA
1	63	49	guns	NA
1	64	50	--	NA
1	65	51	one	they,
1	66	52	in	they,
1	67	53	the	they,
1	68	54	right	they,
1	69	55	trouser	they,
1	70	55	trouser	they,
1	71	56	pocket,	they,
1	72	56	pocket,	they,
1	73	57	one	it
1	74	58	under	NA
1	75	59	his	it,
1	76	60	left	it,
1	77	61	armpit,	it,
1	78	61	armpit,	it,
1	79	61	armpit,	it,
1	80	61	armpit,	it,
1	81	62	one	it
1	82	63	in	it
1	83	64	the	it
1	84	65	left	it
1	85	66	outside	it
1	86	67	coat	it
1	87	68	pocket	it
1	88	69	--	NA
1	89	70	and	NA
1	90	71	was	NA
1	91	72	equally	NA
1	92	73	lethal	NA
1	93	74	with	NA
1	94	75	both	them.
1	95	76	hands.	them.
1	96	76	hands.	them.
1	97	77	He	NA
1	98	78	killed	NA
1	99	79	accurately,	NA
1	100	79	accurately,	NA
1	101	80	freely,	NA
1	102	80	freely,	NA
1	103	81	and	NA
1	104	82	dispassionately.	NA
1	105	82	dispassionately.	NA
1	106	82	dispassionately.	NA
1	107	82	dispassionately.	NA
1	108	83	The	They
1	109	84	police	They
1	110	85	credited	NA
1	111	86	him	NA
1	112	87	with	NA
1	113	88	twenty-five	NA
1	114	88	twenty-five	NA
1	115	88	twenty-five	NA
1	116	89	murders	NA
1	117	90	but	NA
1	118	91	he	NA
1	119	92	was	NA
1	120	93	never	NA
1	121	94	brought	NA
1	122	95	to	NA
1	123	96	trial	it
1	124	97	for	NA
1	125	98	one	it.
1	126	99	of	it.
1	127	100	them.	it.
1	128	100	them.	it.
1	129	101	Like	NA
1	130	102	a	it
1	131	103	fair	it
1	132	104	number	it
1	133	105	of	it
1	134	106	bootleggers	it
1	135	106	bootleggers	it
1	136	106	bootleggers	it
1	137	106	bootleggers	it
1	138	107	he	NA
1	139	108	disliked	NA
1	140	109	alcohol.	it.
1	141	109	alcohol.	it.
1	142	110	He	NA
1	143	111	was	NA
1	144	112	an	NA
1	145	113	expert	NA
1	146	114	florist,	NA
1	147	114	florist,	NA
1	148	114	florist,	NA
1	149	114	florist,	NA
1	150	115	tenderly	NA
1	151	115	tenderly	NA
1	152	116	dextrous	NA
1	153	116	dextrous	NA
1	154	116	dextrous	NA
1	155	117	in	NA
1	156	118	the	it.
1	157	119	arrangement	it.
1	158	120	of	it.
1	159	121	bouquets	it.
1	160	121	bouquets	it.
1	161	121	bouquets	it.
1	162	122	and	it.
1	163	123	wreaths.	it.
1	164	123	wreaths.	it.
1	165	123	wreaths.	it.
1	166	123	wreaths.	it.
1	167	124	He	NA
1	168	125	had	NA
1	169	126	no	it;
1	170	127	apparent	it;
1	171	128	comprehension	it;
1	172	129	of	it;
1	173	130	morality;	it;
1	174	130	morality;	it;
1	175	131	he	NA
1	176	132	divided	NA
1	177	133	humanity	it
1	178	134	into	NA
1	179	135	"right	"he"
1	180	135	"right	"he"
1	181	136	guys"	"he"
1	182	136	guys"	"he"
1	183	137	and	NA
1	184	138	"wrong	NA
1	185	138	"wrong	NA
1	186	139	guys,"	NA
1	187	139	guys,"	NA
1	188	140	and	NA
1	189	141	the	NA
1	190	142	wrong	NA
1	191	143	ones	NA
1	192	144	he	NA
1	193	145	was	NA
1	194	146	always	NA
1	195	147	willing	NA
1	196	148	to	NA
1	197	149	kill	NA
1	198	150	and	NA
1	199	151	trample	NA
1	200	151	trample	NA
1	201	152	under.	NA
1	202	152	under.	NA
1	203	153	He	NA
1	204	154	had	NA
1	205	155	what	NA
1	206	156	was	NA
1	207	157	described	NA
1	208	158	by	NA
1	209	159	a	him
1	210	160	psychologist	him
1	211	161	as	NA
1	212	162	a	it."
1	213	163	"sunny	it."
1	214	163	"sunny	it."
1	215	163	"sunny	it."
1	216	164	brutality."	it."
1	217	164	brutality."	it."
1	218	165	He	NA
1	219	166	walked	NA
1	220	167	with	NA
1	221	168	a	NA
1	222	169	heavy	NA
1	223	170	list	NA
1	224	171	to	NA
1	225	172	the	NA
1	226	173	right,	NA
1	227	173	right,	NA
1	228	174	as	NA
1	229	175	that	NA
1	230	176	leg	NA
1	231	177	was	NA
1	232	178	four	NA
1	233	179	inches	NA
1	234	180	shorter	NA
1	235	181	than	NA
1	236	182	the	NA
1	237	183	other,	NA
1	238	183	other,	NA
1	239	184	but	NA
1	240	185	the	NA
1	241	186	lurch	NA
1	242	186	lurch	NA
1	243	187	did	NA
1	244	188	not	NA
1	245	189	reduce	NA
1	246	190	his	it.
1	247	191	feline	it.
1	248	191	feline	it.
1	249	192	quickness	it.
1	250	192	quickness	it.
1	251	193	with	it.
1	252	194	his	it.
1	253	195	guns.	it.
1	254	195	guns.	it.
1	255	196	Landesco	He
1	256	196	Landesco	He
1	257	196	Landesco	He
1	258	197	thought	NA
1	259	198	him	NA
1	260	199	"just	"it"
1	261	199	"just	"it"
1	262	200	a	"it"
1	263	201	superior	"it"
1	264	202	sort	"it"
1	265	203	of	"it"
1	266	204	plugugly"	"it"
1	267	204	plugugly"	"it"
1	268	204	plugugly"	"it"
1	269	204	plugugly"	"it"
1	270	205	but	NA
1	271	206	he	NA
1	272	207	was,	NA
1	273	207	was,	NA
1	274	208	in	NA
1	275	209	fact,	NA
1	276	209	fact,	NA
1	277	210	with	NA
1	278	211	his	him,
1	279	212	aggression	him,
1	280	213	and	him,
1	281	214	hostility,	him,
1	282	214	hostility,	him,
1	283	215	and	NA
1	284	216	nerveless	it,
1	285	216	nerveless	it,
1	286	216	nerveless	it,
1	287	217	indifference	it,
1	288	218	to	it,
1	289	219	risking	it,
1	290	220	or	it,
1	291	221	administering	it,
1	292	222	pain,	it,
1	293	222	pain,	it,
1	294	223	a	NA
1	295	224	casebook	NA
1	296	224	casebook	NA
1	297	225	psychopath.	NA
1	298	225	psychopath.	NA
1	299	226	He	NA
1	300	227	was	NA
1	301	228	also	NA
1	302	229	at	NA
1	303	230	this	NA
1	304	231	time,	NA
1	305	231	time,	NA
1	306	232	although	NA
1	307	233	not	NA
1	308	234	so	NA
1	309	235	interwoven	NA
1	310	235	interwoven	NA
1	311	235	interwoven	NA
1	312	236	in	NA
1	313	237	high	them
1	314	238	politics	them
1	315	239	and	NA
1	316	240	the	them
1	317	241	rackets	them
1	318	241	rackets	them
1	319	242	as	NA
1	320	243	Torrio	he
1	321	243	Torrio	he
1	322	244	and	NA
1	323	245	Capone,	he,
1	324	245	Capone,	he,
1	325	245	Capone,	he,
1	326	246	the	NA
1	327	247	most	NA
1	328	248	powerful	NA
1	329	249	and	NA
1	330	250	most	NA
1	331	251	dangerous	NA
1	332	252	mob	NA
1	333	253	leader	NA
1	334	254	in	NA
1	335	255	the	NA
1	336	256	Chicago	NA
1	337	257	underworld,	NA
1	338	257	underworld,	NA
1	339	258	the	NA
1	340	259	roughneck	NA
1	341	259	roughneck	NA
1	342	260	king.	NA
1	343	260	king.	NA
2	0	0	Chairs	They
2	1	0	Chairs	They
2	2	1	scraped	NA
2	3	1	scraped	NA
2	4	2	back	NA
2	5	3	and	NA
2	6	4	customers	NA
2	7	5	hastily	NA
2	8	6	vacated	NA
2	9	7	their	their
2	10	8	tables	their
2	11	9	as	NA
2	12	10	the	NA
2	13	11	tall	NA
2	14	12	young	NA
2	15	13	buffalo	NA
2	16	14	hunter	NA
2	17	15	pushed	NA
2	18	16	open	NA
2	19	17	the	them
2	20	18	swing	them
2	21	19	doors	them
2	22	20	and	NA
2	23	21	walked	NA
2	24	22	towards	NA
2	25	23	the	NA
2	26	24	bar.	NA
2	27	24	bar.	NA
2	28	25	Only	NA
2	29	26	Blue	NA
2	30	27	Throat	NA
2	31	27	Throat	NA
2	32	28	and	NA
2	33	29	his	NA
2	34	30	gang	NA
2	35	31	stayed	NA
2	36	32	where	NA
2	37	33	they	NA
2	38	34	were.	NA
2	39	34	were.	NA
2	40	35	Blue	NA
2	41	36	Throat	NA
2	42	36	Throat	NA
2	43	37	was	NA
2	44	38	slumped	NA
2	45	39	with	NA
2	46	40	his	his
2	47	41	back	his
2	48	42	against	NA
2	49	43	the	NA
2	50	44	bar,	NA
2	51	44	bar,	NA
2	52	45	elbows	his
2	53	46	supporting	NA
2	54	47	his	his.
2	55	48	massive	his.
2	56	49	frame.	his.
2	57	49	frame.	his.
2	58	50	He	NA
2	59	51	leered	NA
2	60	51	leered	NA
2	61	52	at	NA
2	62	53	the	NA
2	63	54	stranger	NA
2	64	55	as	NA
2	65	56	the	it
2	66	57	distance	it
2	67	58	between	it
2	68	59	them	it
2	69	60	closed.	NA
2	70	60	closed.	NA
2	71	61	"Since	NA
2	72	61	"Since	NA
2	73	62	when	NA
2	74	63	did	NA
2	75	64	they	NA
2	76	65	allow	NA
2	77	66	beardless	NA
2	78	66	beardless	NA
2	79	67	kids	NA
2	80	68	into	NA
2	81	69	the	NA
2	82	70	saloon	NA
2	83	70	saloon	NA
2	84	71	bars	NA
2	85	72	of	NA
2	86	73	this	NA
2	87	74	town,	NA
2	88	74	town,	NA
2	89	75	boys?"	NA
2	90	75	boys?"	NA
2	91	76	he	NA
2	92	77	asked.	NA
2	93	77	asked.	NA
2	94	78	"Seems	NA
2	95	78	"Seems	NA
2	96	78	"Seems	NA
2	97	79	to	NA
2	98	80	me	NA
2	99	81	I	NA
2	100	82	don't	NA
2	101	82	don't	NA
2	102	83	remember	NA
2	103	84	altering	NA
2	104	85	any	it
2	105	86	law	it
2	106	87	about	NA
2	107	88	that."	NA
2	108	88	that."	NA
2	109	89	He	NA
2	110	90	straightened	NA
2	111	90	straightened	NA
2	112	91	up,	NA
2	113	91	up,	NA
2	114	92	alert	NA
2	115	93	now	NA
2	116	94	as	NA
2	117	95	the	NA
2	118	96	buffalo	NA
2	119	97	hunter	NA
2	120	98	came	NA
2	121	99	closer.	NA
2	122	99	closer.	NA
2	123	100	"Stay	NA
2	124	100	"Stay	NA
2	125	101	right	NA
2	126	102	here	NA
2	127	103	where	NA
2	128	104	you	NA
2	129	105	are,	NA
2	130	105	are,	NA
2	131	106	kid,"	NA
2	132	106	kid,"	NA
2	133	107	he	NA
2	134	108	called.	NA
2	135	108	called.	NA
2	136	109	"I	NA
2	137	109	"I	NA
2	138	110	don't	NA
2	139	110	don't	NA
2	140	111	aim	NA
2	141	112	to	NA
2	142	113	have	NA
2	143	114	minors	them
2	144	115	breathing	NA
2	145	116	down	NA
2	146	117	my	my
2	147	118	neck	my
2	148	119	when	NA
2	149	120	I'm	NA
2	150	120	I'm	NA
2	151	121	a-drinking."	NA
2	152	121	a-drinking."	NA
2	153	121	a-drinking."	NA
2	154	121	a-drinking."	NA
2	155	121	a-drinking."	NA
2	156	122	The	NA
2	157	123	stranger	NA
2	158	124	ignored	NA
2	159	125	him.	NA
2	160	125	him.	NA
2	161	126	He	NA
2	162	127	didn't	NA
2	163	127	didn't	NA
2	164	128	stop	NA
2	165	129	till	NA
2	166	130	he	NA
2	167	131	was	NA
2	168	132	within	NA
2	169	133	three	it
2	170	134	feet	it
2	171	135	of	it
2	172	136	Blue	it
2	173	137	Throat	it
2	174	137	Throat	it
2	175	138	and	NA
2	176	139	by	NA
2	177	140	that	NA
2	178	141	time	NA
2	179	142	the	he
2	180	143	gang	he
2	181	144	leader's	he
2	182	144	leader's	he
2	183	145	right	he
2	184	146	hand	he
2	185	147	was	NA
2	186	148	on	NA
2	187	149	the	it.
2	188	150	butt	it.
2	189	151	of	it.
2	190	152	his	it.
2	191	153	revolver.	it.
2	192	153	revolver.	it.
2	193	154	"I'm	NA
2	194	154	"I'm	NA
2	195	154	"I'm	NA
2	196	155	Billy	NA
2	197	156	Tilghman,"	NA
2	198	156	Tilghman,"	NA
2	199	156	Tilghman,"	NA
2	200	156	Tilghman,"	NA
2	201	157	said	NA
2	202	158	the	NA
2	203	159	stranger,	NA
2	204	159	stranger,	NA
2	205	160	"and	NA
2	206	160	"and	NA
2	207	161	I've	NA
2	208	161	I've	NA
2	209	162	come	NA
2	210	163	for	NA
2	211	164	Pat	NA
2	212	165	Conyers'	NA
2	213	165	Conyers'	NA
2	214	165	Conyers'	NA
2	215	166	body."	NA
2	216	166	body."	NA
2	217	167	"And	NA
2	218	167	"And	NA
2	219	168	what	NA
2	220	169	makes	NA
2	221	170	you	NA
2	222	171	think	NA
2	223	172	you're	NA
2	224	172	you're	NA
2	225	173	going	NA
2	226	174	to	NA
2	227	175	get	NA
2	228	176	it,	NA
2	229	176	it,	NA
2	230	177	pretty	NA
2	231	178	boy?"	NA
2	232	178	boy?"	NA
2	233	179	"Because	NA
2	234	179	"Because	NA
2	235	180	I'm	NA
2	236	180	I'm	NA
2	237	181	asking.	NA
2	238	181	asking.	NA
2	239	182	Most	NA
2	240	183	of	NA
2	241	184	the	NA
2	242	185	time	NA
2	243	186	I	NA
2	244	187	get	NA
2	245	188	what	NA
2	246	189	I	NA
2	247	190	ask	NA
2	248	191	for."	NA
2	249	191	for."	NA
2	250	192	Blue	NA
2	251	193	Throat	NA
2	252	193	Throat	NA
2	253	194	winked	NA
2	254	194	winked	NA
2	255	195	at	NA
2	256	196	his	NA
2	257	197	six	NA
2	258	198	cronies.	NA
2	259	198	cronies.	NA
2	260	198	cronies.	NA
2	261	199	"The	NA
2	262	199	"The	NA
2	263	200	kid	NA
2	264	201	has	NA
2	265	202	no	it,
2	266	203	manners,	it,
2	267	203	manners,	it,
2	268	204	boys.	NA
2	269	204	boys.	NA
2	270	205	Shall	NA
2	271	206	we	NA
2	272	207	teach	NA
2	273	208	him	NA
2	274	209	some?"	NA
2	275	209	some?"	NA
2	276	210	His	NA
2	277	211	gun	NA
2	278	212	was	NA
2	279	213	half	NA
2	280	214	drawn	NA
2	281	215	when	NA
2	282	216	he	NA
2	283	217	asked	NA
2	284	218	the	it,
2	285	219	question,	it,
2	286	219	question,	it,
2	287	220	but	NA
2	288	221	the	NA
2	289	222	weapon	NA
2	290	223	never	NA
2	291	224	left	NA
2	292	225	its	its.
2	293	226	holster.	its.
2	294	226	holster.	its.
2	295	227	Tilghman's	It
2	296	227	Tilghman's	It
2	297	227	Tilghman's	It
2	298	227	Tilghman's	It
2	299	228	clenched	It
2	300	229	fist	It
2	301	230	swept	NA
2	302	231	over	NA
2	303	232	in	NA
2	304	233	a	it
2	305	234	terrific	it
2	306	235	right	it
2	307	236	cross	it
2	308	237	and	NA
2	309	238	clipped	NA
2	310	239	the	NA
2	311	240	big	NA
2	312	241	gunfighter	NA
2	313	241	gunfighter	NA
2	314	242	on	NA
2	315	243	the	it.
2	316	244	side	it.
2	317	245	of	it.
2	318	246	his	it.
2	319	247	chin.	it.
2	320	247	chin.	it.
2	321	248	His	It
2	322	249	head	It
2	323	250	snapped	NA
2	324	251	round	NA
2	325	252	and	NA
2	326	253	he	NA
2	327	254	reeled	NA
2	328	254	reeled	NA
2	329	255	back,	NA
2	330	255	back,	NA
2	331	256	crashing	NA
2	332	257	into	NA
2	333	258	the	it.
2	334	259	table	it.
2	335	260	where	it.
2	336	261	his	it.
2	337	262	buddies	it.
2	338	263	were	it.
2	339	264	sprawling.	it.
2	340	264	sprawling.	it.
2	341	265	Tilghman	NA
2	342	265	Tilghman	NA
2	343	265	Tilghman	NA
2	344	266	leapt	NA
2	345	267	on	NA
2	346	268	to	NA
2	347	269	him,	NA
2	348	269	him,	NA
2	349	270	dragged	NA
2	350	271	him	NA
2	351	272	upright	NA
2	352	273	and	NA
2	353	274	hit	NA
2	354	275	him	NA
2	355	276	again,	NA
2	356	276	again,	NA
2	357	277	this	NA
2	358	278	time	NA
2	359	279	sending	NA
2	360	280	him	NA
2	361	281	careening	NA
2	362	281	careening	NA
2	363	282	against	NA
2	364	283	the	NA
2	365	284	bar.	NA
2	366	284	bar.	NA
2	367	285	A	NA
2	368	286	bullet	NA
2	369	287	gouged	NA
2	370	287	gouged	NA
2	371	288	into	NA
2	372	289	the	NA
2	373	290	bar	NA
2	374	291	top	NA
2	375	292	an	NA
2	376	293	inch	NA
2	377	294	from	NA
2	378	295	Tilghman's	NA
2	379	295	Tilghman's	NA
2	380	295	Tilghman's	NA
2	381	295	Tilghman's	NA
2	382	296	stomach	NA
2	383	297	as	NA
2	384	298	Blue	they
2	385	299	Throat's	they
2	386	299	Throat's	they
2	387	299	Throat's	they
2	388	300	henchmen	they
2	389	300	henchmen	they
2	390	300	henchmen	they
2	391	301	started	NA
2	392	302	shooting.	NA
2	393	302	shooting.	NA
2	394	303	Tilghman	NA
2	395	303	Tilghman	NA
2	396	303	Tilghman	NA
2	397	304	flung	NA
2	398	305	himself	NA
2	399	306	aside,	NA
2	400	306	aside,	NA
2	401	307	dropped	NA
2	402	308	on	NA
2	403	309	one	NA
2	404	310	knee	NA
2	405	311	and	NA
2	406	312	pulled	NA
2	407	313	his	NA
2	408	314	own	NA
2	409	315	gun.	NA
2	410	315	gun.	NA
2	411	316	The	NA
2	412	317	Colt	NA
2	413	318	roared	NA
2	414	319	twice	NA
2	415	320	and	NA
2	416	321	two	they
2	417	322	men	they
2	418	323	dropped,	NA
2	419	323	dropped,	NA
2	420	324	writhing.	NA
2	421	324	writhing.	NA
2	422	324	writhing.	NA
2	423	325	A	NA
2	424	326	third	NA
2	425	327	shot	NA
2	426	328	doused	NA
2	427	328	doused	NA
2	428	329	the	NA
2	429	330	light.	NA
2	430	330	light.	NA
2	431	331	Somewhere	NA
2	432	332	at	NA
2	433	333	the	NA
2	434	334	far	NA
2	435	335	end	NA
2	436	336	of	NA
2	437	337	the	it
2	438	338	room	it
2	439	339	a	NA
2	440	340	voice	NA
2	441	341	yelled,	NA
2	442	341	yelled,	NA
2	443	342	"You	NA
2	444	342	"You	NA
2	445	343	all	NA
2	446	344	right,	NA
2	447	344	right,	NA
2	448	345	Billy?"	NA
2	449	345	Billy?"	NA
2	450	346	"Yes,	NA
2	451	346	"Yes,	NA
2	452	346	"Yes,	NA
2	453	347	George,	NA
2	454	347	George,	NA
2	455	348	but	NA
2	456	349	I	NA
2	457	350	ain't	NA
2	458	350	ain't	NA
2	459	351	got	NA
2	460	352	poor	NA
2	461	353	old	NA
2	462	354	Pat's	NA
2	463	354	Pat's	NA
2	464	355	body	NA
2	465	356	yet.	NA
2	466	356	yet.	NA
2	467	357	And	NA
2	468	358	I	NA
2	469	359	aim	NA
2	470	360	to	NA
2	471	361	have	NA
2	472	362	it."	NA
2	473	362	it."	NA
2	474	363	He	NA
2	475	364	fired	NA
2	476	365	again,	NA
2	477	365	again,	NA
2	478	366	and	NA
2	479	367	somewhere	NA
2	480	368	in	NA
2	481	369	the	NA
2	482	370	gloom	NA
2	483	371	a	he
2	484	372	man	he
2	485	373	screamed.	NA
2	486	373	screamed.	NA
2	487	374	Another	NA
2	488	375	took	NA
2	489	376	off	NA
2	490	377	his	NA
2	491	378	gun	NA
2	492	379	belt	NA
2	493	380	and	NA
2	494	381	flung	NA
2	495	382	his	NA
2	496	383	weapons	NA
2	497	384	to	NA
2	498	385	the	NA
2	499	386	floor.	NA
2	500	386	floor.	NA
2	501	387	"OK,	NA
2	502	387	"OK,	NA
2	503	387	"OK,	NA
2	504	388	Tilghman,	NA
2	505	388	Tilghman,	NA
2	506	388	Tilghman,	NA
2	507	388	Tilghman,	NA
2	508	389	I'm	NA
2	509	389	I'm	NA
2	510	390	quitting."	NA
2	511	390	quitting."	NA
2	512	391	"And	NA
2	513	391	"And	NA
2	514	392	me,"	NA
2	515	392	me,"	NA
2	516	393	said	NA
2	517	394	another	he.
2	518	395	Blue	he.
2	519	396	Throat	he.
2	520	396	Throat	he.
2	521	397	henchman.	he.
2	522	397	henchman.	he.
2	523	397	henchman.	he.
2	524	397	henchman.	he.
2	525	398	Somebody	NA
2	526	399	brought	NA
2	527	400	a	NA
2	528	401	light.	NA
2	529	401	light.	NA
2	530	402	Tilghman	NA
2	531	402	Tilghman	NA
2	532	402	Tilghman	NA
2	533	403	and	NA
2	534	404	his	NA
2	535	405	partner,	NA
2	536	405	partner,	NA
2	537	406	George	NA
2	538	407	Rust,	NA
2	539	407	Rust,	NA
2	540	408	herded	NA
2	541	408	herded	NA
2	542	409	the	NA
2	543	410	men	NA
2	544	411	into	NA
2	545	412	a	NA
2	546	413	corner.	NA
2	547	413	corner.	NA
2	548	414	"And	NA
2	549	414	"And	NA
2	550	415	now,"	NA
2	551	415	now,"	NA
2	552	416	said	NA
2	553	417	Tilghman	NA
2	554	417	Tilghman	NA
2	555	417	Tilghman	NA
2	556	418	with	NA
2	557	419	deadly	NA
2	558	420	calm,	NA
2	559	420	calm,	NA
2	560	421	"I'll	NA
2	561	421	"I'll	NA
2	562	421	"I'll	NA
2	563	422	repeat	NA
2	564	423	what	NA
2	565	424	I	NA
2	566	425	said.	NA
2	567	425	said.	NA
2	568	426	I've	NA
2	569	426	I've	NA
2	570	427	come	NA
2	571	428	for	NA
2	572	429	Pat	NA
2	573	430	Conyers'	NA
2	574	430	Conyers'	NA
2	575	430	Conyers'	NA
2	576	431	body."	NA
2	577	431	body."	NA
2	578	432	In	NA
2	579	433	two	NA
2	580	434	minutes	NA
2	581	435	the	NA
2	582	436	body	NA
2	583	437	of	NA
2	584	438	Tilghman's	NA
2	585	438	Tilghman's	NA
2	586	438	Tilghman's	NA
2	587	438	Tilghman's	NA
2	588	439	former	NA
2	589	440	comrade,	NA
2	590	440	comrade,	NA
2	591	441	who	NA
2	592	442	had	NA
2	593	443	been	NA
2	594	444	killed	NA
2	595	445	by	NA
2	596	446	Blue	NA
2	597	447	Throat	NA
2	598	447	Throat	NA
2	599	448	in	NA
2	600	449	a	NA
2	601	450	gambling	NA
2	602	451	brawl	NA
2	603	452	the	NA
2	604	453	previous	NA
2	605	454	night,	NA
2	606	454	night,	NA
2	607	455	was	NA
2	608	456	carried	NA
2	609	457	into	NA
2	610	458	the	it
2	611	459	town's	it
2	612	459	town's	it
2	613	460	funeral	it
2	614	461	parlor	it
2	615	461	parlor	it
2	616	462	to	NA
2	617	463	be	NA
2	618	464	prepared	NA
2	619	465	for	NA
2	620	466	decent	NA
2	621	467	burial.	NA
2	622	467	burial.	NA
2	623	468	Blue	NA
2	624	469	Throat,	NA
2	625	469	Throat,	NA
2	626	469	Throat,	NA
2	627	470	nursing	NA
2	628	471	an	NA
2	629	472	aching	NA
2	630	472	aching	NA
2	631	473	jaw	NA
2	632	474	and	NA
2	633	475	a	NA
2	634	476	colossal	NA
2	635	477	dose	NA
2	636	478	of	NA
2	637	479	wounded	NA
2	638	480	pride,	NA
2	639	480	pride,	NA
2	640	481	rode	NA
2	641	482	out	NA
2	642	483	of	NA
2	643	484	town	NA
2	644	485	with	NA
2	645	486	the	them.
2	646	487	survivors	them.
2	647	488	of	them.
2	648	489	the	them.
2	649	490	fight.	them.
2	650	490	fight.	them.
2	651	491	"That	NA
2	652	491	"That	NA
2	653	492	critter	NA
2	654	492	critter	NA
2	655	493	will	NA
2	656	494	be	NA
2	657	495	back	NA
2	658	496	tomorrow,"	NA
2	659	496	tomorrow,"	NA
2	660	497	predicted	NA
2	661	498	George	NA
2	662	499	Rust,	NA
2	663	499	Rust,	NA
2	664	500	"and	NA
2	665	500	"and	NA
2	666	501	he'll	NA
2	667	501	he'll	NA
2	668	502	bring	NA
2	669	503	fifty	NA
2	670	504	of	NA
2	671	505	his	NA
2	672	506	kind	NA
2	673	507	back	NA
2	674	508	with	NA
2	675	509	him.	NA
2	676	509	him.	NA
2	677	510	Blue	NA
2	678	511	Throat	NA
2	679	511	Throat	NA
2	680	512	won't	NA
2	681	512	won't	NA
2	682	513	stand	NA
2	683	514	for	NA
2	684	515	this.	NA
2	685	515	this.	NA
2	686	516	He'll	NA
2	687	516	He'll	NA
2	688	517	shoot	NA
2	689	518	up	NA
2	690	519	the	NA
2	691	520	town."	NA
2	692	520	town."	NA
3	0	0	She	NA
3	1	1	was	NA
3	2	2	just	NA
3	3	3	another	NA
3	4	4	freighter	NA
3	5	4	freighter	NA
3	6	5	from	NA
3	7	6	the	NA
3	8	7	States,	NA
3	9	7	States,	NA
3	10	8	and	NA
3	11	9	she	NA
3	12	10	seemed	NA
3	13	11	as	NA
3	14	12	commonplace	NA
3	15	13	as	NA
3	16	14	her	NA
3	17	15	name.	NA
3	18	15	name.	NA
3	19	16	She	NA
3	20	17	was	NA
3	21	18	the	NA
3	22	19	John	NA
3	23	20	Harvey,	NA
3	24	20	Harvey,	NA
3	25	21	one	NA
3	26	22	of	NA
3	27	23	those	NA
3	28	24	Atlantic	NA
3	29	25	sea-horses	NA
3	30	25	sea-horses	NA
3	31	25	sea-horses	NA
3	32	25	sea-horses	NA
3	33	26	that	NA
3	34	27	had	NA
3	35	28	sailed	NA
3	36	29	to	NA
3	37	30	Bari	NA
3	38	30	Bari	NA
3	39	31	to	NA
3	40	32	bring	NA
3	41	33	beans,	NA
3	42	33	beans,	NA
3	43	34	bombs,	NA
3	44	34	bombs,	NA
3	45	35	and	NA
3	46	36	bullets	NA
3	47	37	to	NA
3	48	38	the	NA
3	49	39	U.S.	NA
3	50	39	U.S.	NA
3	51	39	U.S.	NA
3	52	39	U.S.	NA
3	53	40	Fifteenth	NA
3	54	40	Fifteenth	NA
3	55	41	Air	NA
3	56	42	Force,	NA
3	57	42	Force,	NA
3	58	43	to	NA
3	59	44	Field	NA
3	60	45	Marshal	NA
3	61	46	Montgomery's	NA
3	62	46	Montgomery's	NA
3	63	47	Eighth	NA
3	64	48	Army	NA
3	65	49	then	NA
3	66	50	racing	NA
3	67	51	up	NA
3	68	52	the	NA
3	69	53	calf	NA
3	70	54	of	NA
3	71	55	the	NA
3	72	56	boot	NA
3	73	57	of	NA
3	74	58	Italy	NA
3	75	59	in	NA
3	76	60	that	NA
3	77	61	early	NA
3	78	62	December	NA
3	79	63	of	NA
3	80	64	1943.	NA
3	81	64	1943.	NA
3	82	65	The	NA
3	83	66	John	NA
3	84	67	Harvey	NA
3	85	68	arrived	NA
3	86	69	in	NA
3	87	70	Bari,	NA
3	88	70	Bari,	NA
3	89	70	Bari,	NA
3	90	71	a	NA
3	91	72	port	NA
3	92	73	on	NA
3	93	74	the	NA
3	94	75	Adriatic,	NA
3	95	75	Adriatic,	NA
3	96	75	Adriatic,	NA
3	97	75	Adriatic,	NA
3	98	76	on	NA
3	99	77	November	it,
3	100	78	28th,	it,
3	101	78	28th,	it,
3	102	78	28th,	it,
3	103	79	making	NA
3	104	80	for	NA
3	105	81	Porto	it.
3	106	81	Porto	it.
3	107	82	Nuovo,	it.
3	108	82	Nuovo,	it.
3	109	82	Nuovo,	it.
3	110	83	which,	it.
3	111	83	which,	it.
3	112	84	as	it.
3	113	85	the	it.
3	114	86	name	it.
3	115	87	indicates,	it.
3	116	87	indicates,	it.
3	117	88	was	it.
3	118	89	the	it.
3	119	90	ancient	it.
3	120	91	city's	it.
3	121	91	city's	it.
3	122	92	new	it.
3	123	93	and	it.
3	124	94	modern	it.
3	125	95	harbor.	it.
3	126	95	harbor.	it.
3	127	96	Hardly	NA
3	128	96	Hardly	NA
3	129	97	anyone	it
3	130	98	ashore	it
3	131	99	marked	NA
3	132	100	her	NA
3	133	101	as	NA
3	134	102	she	NA
3	135	103	anchored	NA
3	136	104	stern-to	NA
3	137	104	stern-to	NA
3	138	104	stern-to	NA
3	139	105	off	NA
3	140	106	Berth	it
3	141	106	Berth	it
3	142	107	29	it
3	143	108	on	NA
3	144	109	the	it.
3	145	110	mole.	it.
3	146	110	mole.	it.
3	147	111	If	NA
3	148	112	anyone	NA
3	149	113	thought	NA
3	150	114	of	NA
3	151	115	the	NA
3	152	116	John	NA
3	153	117	Harvey,	NA
3	154	117	Harvey,	NA
3	155	118	it	NA
3	156	119	was	NA
3	157	120	to	NA
3	158	121	observe	NA
3	159	122	that	NA
3	160	123	she	NA
3	161	124	was	NA
3	162	125	straddled	NA
3	163	125	straddled	NA
3	164	125	straddled	NA
3	165	126	by	NA
3	166	127	a	NA
3	167	128	pair	NA
3	168	129	of	NA
3	169	130	ships	NA
3	170	131	heavily	NA
3	171	132	laden	NA
3	172	132	laden	NA
3	173	133	with	NA
3	174	134	high	NA
3	175	135	explosive	NA
3	176	136	and	NA
3	177	137	if	NA
3	178	138	they	NA
3	179	139	were	NA
3	180	140	hit	NA
3	181	141	the	NA
3	182	142	John	NA
3	183	143	Harvey	NA
3	184	144	would	NA
3	185	145	likely	NA
3	186	146	be	NA
3	187	147	blown	NA
3	188	148	up	NA
3	189	149	with	NA
3	190	150	her	her
3	191	151	own	her
3	192	152	ammo	her
3	193	153	and	NA
3	194	154	whatever	NA
3	195	155	else	NA
3	196	156	it	NA
3	197	157	was	NA
3	198	158	that	NA
3	199	159	she	NA
3	200	160	carried.	NA
3	201	160	carried.	NA
3	202	161	Which	NA
3	203	162	was	NA
3	204	163	poison	NA
3	205	164	gas.	NA
3	206	164	gas.	NA
3	207	165	It	NA
3	208	166	had	NA
3	209	167	required	NA
3	210	168	the	it
3	211	169	approval	it
3	212	170	of	it
3	213	171	President	it
3	214	172	Franklin	it
3	215	173	Delano	it
3	216	173	Delano	it
3	217	174	Roosevelt	it
3	218	175	before	NA
3	219	176	the	NA
3	220	177	John	NA
3	221	178	Harvey	NA
3	222	179	could	NA
3	223	180	be	NA
3	224	181	loaded	NA
3	225	182	with	NA
3	226	183	100	NA
3	227	184	tons	NA
3	228	185	of	NA
3	229	186	mustard	NA
3	230	187	gas	NA
3	231	188	and	NA
3	232	189	dispatched	NA
3	233	190	to	NA
3	234	191	the	it.
3	235	192	Italian	it.
3	236	193	warfront.	it.
3	237	193	warfront.	it.
3	238	193	warfront.	it.
3	239	194	For	NA
3	240	195	in	NA
3	241	196	a	it,
3	242	197	world	it,
3	243	198	as	it,
3	244	199	yet	it,
3	245	200	unacquainted	it,
3	246	200	unacquainted	it,
3	247	200	unacquainted	it,
3	248	201	with	it,
3	249	202	the	it,
3	250	203	horrors	it,
3	251	204	of	it,
3	252	205	the	it,
3	253	206	mushroom	it,
3	254	207	cloud,	it,
3	255	207	cloud,	it,
3	256	208	poison	NA
3	257	209	gas	NA
3	258	210	was	NA
3	259	211	still	NA
3	260	212	regarded	NA
3	261	213	as	NA
3	262	214	the	NA
3	263	215	ultimate	NA
3	264	216	in	NA
3	265	217	hideous	NA
3	266	218	weapons.	NA
3	267	218	weapons.	NA
3	268	219	Throughout	NA
3	269	220	the	it,
3	270	221	early	it,
3	271	222	years	it,
3	272	223	of	it,
3	273	224	World	it,
3	274	225	War	it,
3	275	226	II,	it,
3	276	226	II,	it,
3	277	227	reports	NA
3	278	228	persisted	NA
3	279	229	that	NA
3	280	230	the	they
3	281	231	Axis	they
3	282	232	powers	they
3	283	233	had	they
3	284	234	used	they
3	285	235	gas	they
3	286	236	--	NA
3	287	237	Germany	NA
3	288	238	in	NA
3	289	239	Russia,	it,
3	290	239	Russia,	it,
3	291	240	Japan	they
3	292	241	in	NA
3	293	242	China	it
3	294	243	again.	NA
3	295	243	again.	NA
3	296	244	They	NA
3	297	245	were	NA
3	298	246	always	NA
3	299	247	denied.	NA
3	300	247	denied.	NA
3	301	248	Influential	They
3	302	248	Influential	They
3	303	249	people	They
3	304	250	in	They
3	305	251	America	They
3	306	252	were	NA
3	307	253	warning	NA
3	308	254	the	them
3	309	255	Pentagon	them
3	310	256	to	NA
3	311	257	be	NA
3	312	258	prepared	NA
3	313	259	against	NA
3	314	260	desperation	it
3	315	261	gas	it
3	316	262	attacks	it
3	317	263	by	it
3	318	264	the	it
3	319	265	Germans	it
3	320	266	in	NA
3	321	267	future	their.
3	322	268	campaigns.	their.
3	323	268	campaigns.	their.
3	324	269	Some	NA
3	325	270	extremists	NA
3	326	271	went	NA
3	327	272	so	NA
3	328	273	far	NA
3	329	274	as	NA
3	330	275	to	NA
3	331	276	urge	NA
3	332	277	our	NA
3	333	278	using	NA
3	334	279	it	NA
3	335	280	first.	NA
3	336	280	first.	NA
3	337	281	To	NA
3	338	282	silence	NA
3	339	283	extremists,	NA
3	340	283	extremists,	NA
3	341	284	to	NA
3	342	285	warn	NA
3	343	286	the	NA
3	344	287	Axis,	NA
3	345	287	Axis,	NA
3	346	288	President	NA
3	347	289	Roosevelt	NA
3	348	290	issued	NA
3	349	291	this	it
3	350	292	statement	it
3	351	293	for	it
3	352	294	the	it
3	353	295	Allies	it
3	354	296	in	NA
3	355	297	August:	it:
3	356	297	August:	it:
3	357	298	"From	NA
3	358	298	"From	NA
3	359	299	time	NA
3	360	300	to	NA
3	361	301	time	it
3	362	302	since	NA
3	363	303	the	NA
3	364	304	present	NA
3	365	305	war	NA
3	366	306	began	NA
3	367	307	there	NA
3	368	308	have	NA
3	369	309	been	NA
3	370	310	reports	it.
3	371	311	that	it.
3	372	312	one	it.
3	373	313	or	it.
3	374	314	more	it.
3	375	315	of	it.
3	376	316	the	it.
3	377	317	Axis	it.
3	378	318	powers	it.
3	379	319	were	it.
3	380	320	seriously	it.
3	381	321	contemplating	it.
3	382	322	use	it.
3	383	323	of	it.
3	384	324	poisonous	it.
3	385	325	gas	it.
3	386	326	or	it.
3	387	327	noxious	it.
3	388	327	noxious	it.
3	389	328	gases	it.
3	390	329	or	it.
3	391	330	other	it.
3	392	331	inhumane	it.
3	393	331	inhumane	it.
3	394	332	devices	it.
3	395	333	of	it.
3	396	334	warfare.	it.
3	397	334	warfare.	it.
3	398	335	I	NA
3	399	336	have	NA
3	400	337	been	NA
3	401	338	loath	NA
3	402	338	loath	NA
3	403	339	to	NA
3	404	340	believe	NA
3	405	341	that	NA
3	406	342	any	NA
3	407	343	nation,	NA
3	408	343	nation,	NA
3	409	344	even	NA
3	410	345	our	NA
3	411	346	present	NA
3	412	347	enemies,	NA
3	413	347	enemies,	NA
3	414	348	could	NA
3	415	349	or	NA
3	416	350	would	NA
3	417	351	be	NA
3	418	352	willing	NA
3	419	353	to	NA
3	420	354	loose	NA
3	421	355	upon	NA
3	422	356	mankind	us
3	423	357	such	NA
3	424	358	terrible	NA
3	425	359	and	NA
3	426	360	inhumane	NA
3	427	360	inhumane	NA
3	428	361	weapons.	NA
3	429	361	weapons.	NA
3	430	362	"However,	NA
3	431	362	"However,	NA
3	432	362	"However,	NA
3	433	363	evidence	it
3	434	364	that	it
3	435	365	the	it
3	436	366	Axis	it
3	437	367	powers	it
3	438	368	are	it
3	439	369	making	it
3	440	370	significant	it
3	441	371	preparations	it
3	442	372	indicative	it
3	443	373	of	it
3	444	374	such	it
3	445	375	an	it
3	446	376	intention	it
3	447	377	is	NA
3	448	378	being	NA
3	449	379	reported	NA
3	450	380	with	NA
3	451	381	increasing	it
3	452	382	frequency	it
3	453	383	from	NA
3	454	384	a	them.
3	455	385	variety	them.
3	456	386	of	them.
3	457	387	sources.	them.
3	458	387	sources.	them.
3	459	388	"Use	NA
3	460	388	"Use	NA
3	461	389	of	NA
3	462	390	such	NA
3	463	391	weapons	NA
3	464	392	has	NA
3	465	393	been	NA
3	466	394	outlawed	NA
3	467	395	by	NA
3	468	396	the	it.
3	469	397	general	it.
3	470	398	opinion	it.
3	471	399	of	it.
3	472	400	civilized	it.
3	473	401	mankind.	it.
3	474	401	mankind.	it.
3	475	402	This	NA
3	476	403	country	NA
3	477	404	has	NA
3	478	405	not	NA
3	479	406	used	NA
3	480	407	them,	NA
3	481	407	them,	NA
3	482	408	and	NA
3	483	409	I	NA
3	484	410	hope	NA
3	485	411	that	NA
3	486	412	we	NA
3	487	413	never	NA
3	488	414	will	NA
3	489	415	be	NA
3	490	416	compelled	NA
3	491	417	to	NA
3	492	418	use	NA
3	493	419	them.	NA
3	494	419	them.	NA
3	495	420	I	NA
3	496	421	state	NA
3	497	422	categorically	NA
3	498	422	categorically	NA
3	499	423	that	NA
3	500	424	we	NA
3	501	425	shall	NA
3	502	426	under	NA
3	503	427	no	it
3	504	428	circumstances	it
3	505	429	resort	NA
3	506	430	to	NA
3	507	431	the	NA
3	508	432	use	NA
3	509	433	of	NA
3	510	434	such	NA
3	511	435	weapons	NA
3	512	436	unless	NA
3	513	437	they	NA
3	514	438	are	NA
3	515	439	first	NA
3	516	440	used	NA
3	517	441	by	NA
3	518	442	our	NA
3	519	443	enemies."	NA
3	520	443	enemies."	NA
3	521	444	The	It
3	522	445	following	It
3	523	446	month	It
3	524	447	the	it
3	525	448	invasion	it
3	526	449	of	it
3	527	450	Italy	it
3	528	451	was	NA
3	529	452	begun,	NA
3	530	452	begun,	NA
3	531	453	and	NA
3	532	454	Roosevelt	NA
3	533	455	gave	NA
3	534	456	effect	it
3	535	457	to	it
3	536	458	his	it
3	537	459	warning	it
3	538	460	by	NA
3	539	461	consenting	NA
3	540	461	consenting	NA
3	541	462	to	NA
3	542	463	the	it.
3	543	464	stockpiling	it.
3	544	464	stockpiling	it.
3	545	465	of	it.
3	546	466	poison	it.
3	547	467	gas	it.
3	548	468	in	it.
3	549	469	southern	it.
3	550	470	Italy.	it.
3	551	470	Italy.	it.
3	552	471	Bari	NA
3	553	471	Bari	NA
3	554	472	was	NA
3	555	473	chosen	NA
3	556	474	as	NA
3	557	475	a	NA
3	558	476	depot,	NA
3	559	476	depot,	NA
3	560	477	not	NA
3	561	478	only	NA
3	562	479	for	NA
3	563	480	its	its,
3	564	481	seeming	its,
3	565	482	safety,	its,
3	566	482	safety,	its,
3	567	483	but	NA
3	568	484	because	NA
3	569	485	of	NA
3	570	486	its	its.
3	571	487	proximity	its.
3	572	488	to	its.
3	573	489	airfields.	its.
3	574	489	airfields.	its.
3	575	489	airfields.	its.
3	576	490	Any	NA
3	577	491	retaliatory	NA
3	578	491	retaliatory	NA
3	579	492	gas	NA
3	580	493	attack	NA
3	581	494	would	NA
3	582	495	be	NA
3	583	496	airborne.	NA
3	584	496	airborne.	NA
3	585	497	It	NA
3	586	498	would	NA
3	587	499	be	NA
3	588	500	made	NA
3	589	501	in	NA
3	590	502	three	them
3	591	503	waves	them
3	592	504	--	NA
3	593	505	the	it
3	594	506	first	it
3	595	507	to	NA
3	596	508	lay	NA
3	597	509	down	NA
3	598	510	a	it,
3	599	511	smokescreen,	it,
3	600	511	smokescreen,	it,
3	601	511	smokescreen,	it,
3	602	512	the	it
3	603	513	second	it
3	604	514	to	NA
3	605	515	drop	NA
3	606	516	the	them,
3	607	517	gas	them,
3	608	518	bombs,	them,
3	609	518	bombs,	them,
3	610	519	the	it
3	611	520	third	it
3	612	521	to	NA
3	613	522	shower	NA
3	614	523	incendiaries	them.
3	615	523	incendiaries	them.
3	616	523	incendiaries	them.
3	617	524	which	them.
3	618	525	would	them.
3	619	526	burn	them.
3	620	527	everything	them.
3	621	528	below.	them.
3	622	528	below.	them.
3	623	529	So	NA
3	624	530	the	NA
3	625	531	vile	NA
3	626	532	cargo	NA
3	627	533	went	NA
3	628	534	into	NA
3	629	535	the	it.
3	630	536	hole	it.
3	631	537	of	it.
3	632	538	the	it.
3	633	539	John	it.
3	634	540	Harvey.	it.
3	635	540	Harvey.	it.
3	636	541	A	It
3	637	542	detachment	It
3	638	543	of	It
3	639	544	six	It
3	640	545	men	It
3	641	546	from	It
3	642	547	the	It
3	643	548	701st	It
3	644	548	701st	It
3	645	549	Chemical	It
3	646	550	Maintenance	It
3	647	551	Company	It
3	648	552	under	It
3	649	553	First	It
3	650	554	Lt.	It
3	651	554	Lt.	It
3	652	555	Howard	It
3	653	556	D.	It
3	654	556	D.	It
3	655	557	Beckstrom	It
3	656	557	Beckstrom	It
3	657	558	went	NA
3	658	559	aboard,	NA
3	659	559	aboard,	NA
3	660	560	followed	NA
3	661	561	by	NA
3	662	562	Lt.	NA
3	663	562	Lt.	NA
3	664	563	Thomas	NA
3	665	564	H.	NA
3	666	564	H.	NA
3	667	565	Richardson,	NA
3	668	565	Richardson,	NA
3	669	566	the	NA
3	670	567	Cargo	NA
3	671	568	Security	NA
3	672	569	Officer.	NA
3	673	569	Officer.	NA
3	674	570	Secrecy	It
3	675	570	Secrecy	It
3	676	571	was	NA
3	677	572	paramount.	NA
3	678	572	paramount.	NA
3	679	573	Only	NA
3	680	574	a	NA
3	681	575	few	NA
3	682	576	other	NA
3	683	577	people	NA
3	684	578	--	NA
3	685	579	very	NA
3	686	580	important	NA
3	687	581	people	NA
3	688	582	--	NA
3	689	583	knew	NA
3	690	584	of	NA
3	691	585	the	them.
3	692	586	nitrogen-mustard	them.
3	693	586	nitrogen-mustard	them.
3	694	586	nitrogen-mustard	them.
3	695	586	nitrogen-mustard	them.
3	696	587	eggs	them.
3	697	588	nestled	them.
3	698	588	nestled	them.
3	699	589	below	them.
3	700	590	decks.	them.
3	701	590	decks.	them.
3	702	591	No	It
3	703	592	one	It
3	704	593	else	It
3	705	594	must	NA
3	706	595	know.	NA
3	707	595	know.	NA
3	708	596	Thus,	NA
3	709	596	Thus,	NA
3	710	597	in	NA
3	711	598	the	it
3	712	599	immemorial	it
3	713	599	immemorial	it
3	714	599	immemorial	it
3	715	600	way	it
3	716	601	--	NA
3	717	602	in	NA
3	718	603	the	NA
3	719	604	way	NA
3	720	605	of	NA
3	721	606	the	it
3	722	607	right	it
3	723	608	hand	it
3	724	609	that	it
3	725	610	knows	it
3	726	611	and	NA
3	727	612	the	it
3	728	613	left	it
3	729	614	that	it
3	730	615	does	it
3	731	616	not	it
3	732	617	--	NA
3	733	618	was	NA
3	734	619	the	it
3	735	620	stage	it
3	736	621	set	NA
3	737	622	for	NA
3	738	623	tragedy	it
3	739	624	at	NA
3	740	625	Bari.	NA
3	741	625	Bari.	NA
3	742	625	Bari.	NA
4	0	0	Franklin	NA
4	1	0	Franklin	NA
4	2	1	D.	NA
4	3	1	D.	NA
4	4	2	Lee	NA
4	5	3	proved	NA
4	6	4	a	NA
4	7	5	man	NA
4	8	6	of	NA
4	9	7	prompt	NA
4	10	8	action	NA
4	11	9	when	NA
4	12	10	Mrs.	NA
4	13	10	Mrs.	NA
4	14	11	Claire	NA
4	15	12	Shaefer,	NA
4	16	12	Shaefer,	NA
4	17	12	Shaefer,	NA
4	18	13	accompanied	NA
4	19	14	by	NA
4	20	15	a	NA
4	21	16	friend,	NA
4	22	16	friend,	NA
4	23	17	visited	NA
4	24	18	him	NA
4	25	19	in	NA
4	26	20	Bakersfield,	it,
4	27	20	Bakersfield,	it,
4	28	20	Bakersfield,	it,
4	29	20	Bakersfield,	it,
4	30	21	California,	it,
4	31	21	California,	it,
4	32	22	several	it
4	33	23	months	it
4	34	24	ago	NA
4	35	25	as	NA
4	36	26	a	NA
4	37	27	prospective	NA
4	38	28	patient.	NA
4	39	28	patient.	NA
4	40	29	"Doctor"	NA
4	41	29	"Doctor"	NA
4	42	29	"Doctor"	NA
4	43	30	Lee	NA
4	44	31	asked	NA
4	45	32	her	NA
4	46	33	to	NA
4	47	34	lie	NA
4	48	35	down	NA
4	49	36	on	NA
4	50	37	a	it
4	51	38	bed	it
4	52	39	and	NA
4	53	40	remove	NA
4	54	41	her	them.
4	55	42	shoes.	them.
4	56	42	shoes.	them.
4	57	43	Then,	NA
4	58	43	Then,	NA
4	59	44	by	NA
4	60	45	squeezing	NA
4	61	46	her	NA
4	62	47	foot	NA
4	63	48	three	it,
4	64	49	times,	it,
4	65	49	times,	it,
4	66	50	he	NA
4	67	51	came	NA
4	68	52	up	NA
4	69	53	--	NA
4	70	54	presto	NA
4	71	54	presto	NA
4	72	55	--	NA
4	73	56	with	NA
4	74	57	a	it
4	75	58	different	it
4	76	59	diagnosis	it
4	77	60	with	NA
4	78	61	each	it.
4	79	62	squeeze.	it.
4	80	62	squeeze.	it.
4	81	63	She	NA
4	82	64	had	NA
4	83	65	--	NA
4	84	66	he	NA
4	85	67	informed	NA
4	86	68	her	NA
4	87	69	--	NA
4	88	70	kidney	NA
4	89	71	trouble,	NA
4	90	71	trouble,	NA
4	91	72	liver	it,
4	92	73	trouble,	it,
4	93	73	trouble,	it,
4	94	74	and	NA
4	95	75	a	it.
4	96	76	severe	it.
4	97	77	female	it.
4	98	78	disorder.	it.
4	99	78	disorder.	it.
4	100	79	(He	NA
4	101	79	(He	NA
4	102	80	explained	NA
4	103	81	that	NA
4	104	82	he	NA
4	105	83	could	NA
4	106	84	diagnose	NA
4	107	85	these	NA
4	108	86	ailments	NA
4	109	87	from	NA
4	110	88	squeezing	NA
4	111	89	her	NA
4	112	90	foot	NA
4	113	91	because	NA
4	114	92	all	it
4	115	93	of	it
4	116	94	the	it
4	117	95	nervous	it
4	118	96	system	it
4	119	97	was	NA
4	120	98	connected	NA
4	121	99	to	NA
4	122	100	it.)	NA
4	123	100	it.)	NA
4	124	101	He	NA
4	125	102	knew	NA
4	126	103	just	NA
4	127	104	the	NA
4	128	105	thing	NA
4	129	106	for	NA
4	130	107	her	NA
4	131	108	--	NA
4	132	109	a	NA
4	133	110	treatment	NA
4	134	111	from	NA
4	135	112	his	NA
4	136	113	"cosmic	NA
4	137	113	"cosmic	NA
4	138	113	"cosmic	NA
4	139	114	light	NA
4	140	115	ozone	NA
4	141	116	generator"	NA
4	142	116	generator"	NA
4	143	117	machine.	NA
4	144	117	machine.	NA
4	145	118	As	NA
4	146	119	he	NA
4	147	120	applied	NA
4	148	121	the	it
4	149	122	applicator	it
4	150	122	applicator	it
4	151	123	extending	it
4	152	124	from	it
4	153	125	the	it
4	154	126	machine	it
4	155	127	--	it
4	156	128	which	it
4	157	129	consisted	it
4	158	130	of	it
4	159	131	seven	it
4	160	132	differently	it
4	161	133	colored	it
4	162	134	neon	it
4	163	135	tubes	it
4	164	136	superimposed	it
4	165	136	superimposed	it
4	166	137	on	it
4	167	138	a	it
4	168	139	rectangular	it
4	169	140	base	it
4	170	141	--	NA
4	171	142	to	NA
4	172	143	the	her.
4	173	144	supposedly	her.
4	174	145	diseased	her.
4	175	145	diseased	her.
4	176	146	portions	her.
4	177	147	of	her.
4	178	148	Mrs.	her.
4	179	148	Mrs.	her.
4	180	149	Shaefer's	NA
4	181	149	Shaefer's	NA
4	182	149	Shaefer's	NA
4	183	150	body,	NA
4	184	150	body,	NA
4	185	151	Lee	NA
4	186	152	kept	NA
4	187	153	up	NA
4	188	154	a	it.
4	189	155	steady	it.
4	190	156	stream	it.
4	191	157	of	it.
4	192	158	pseudo-scientific	it.
4	193	158	pseudo-scientific	it.
4	194	158	pseudo-scientific	it.
4	195	159	mumbo-jumbo.	it.
4	196	159	mumbo-jumbo.	it.
4	197	159	mumbo-jumbo.	it.
4	198	159	mumbo-jumbo.	it.
4	199	159	mumbo-jumbo.	it.
4	200	159	mumbo-jumbo.	it.
4	201	160	Yes,	NA
4	202	160	Yes,	NA
4	203	161	the	NA
4	204	162	ozone	NA
4	205	163	from	NA
4	206	164	his	NA
4	207	165	machine	NA
4	208	166	would	NA
4	209	167	cure	NA
4	210	168	practically	NA
4	211	169	everything,	NA
4	212	169	everything,	NA
4	213	170	he	NA
4	214	171	assured	NA
4	215	172	her.	NA
4	216	172	her.	NA
4	217	173	Did	NA
4	218	174	she	NA
4	219	175	know,	NA
4	220	175	know,	NA
4	221	176	he	NA
4	222	177	asked,	NA
4	223	177	asked,	NA
4	224	178	why	NA
4	225	179	the	they
4	226	180	colors	they
4	227	181	of	they
4	228	182	the	they
4	229	183	tubes	they
4	230	184	were	NA
4	231	185	important	NA
4	232	186	to	NA
4	233	187	people's	their?
4	234	187	people's	their?
4	235	188	health?	their?
4	236	188	health?	their?
4	237	189	The	it
4	238	190	human	it
4	239	191	body	it
4	240	192	--	NA
4	241	193	he	NA
4	242	194	pointed	NA
4	243	195	out,	NA
4	244	195	out,	NA
4	245	196	for	NA
4	246	197	example	NA
4	247	198	--	NA
4	248	199	required	NA
4	249	200	33	NA
4	250	201	units	NA
4	251	202	of	NA
4	252	203	blue	NA
4	253	204	light.	NA
4	254	204	light.	NA
4	255	205	For	NA
4	256	206	that	NA
4	257	207	reason,	NA
4	258	207	reason,	NA
4	259	208	he	NA
4	260	209	informed	NA
4	261	210	her,	NA
4	262	210	her,	NA
4	263	211	the	he
4	264	212	Lord	he
4	265	213	made	NA
4	266	214	the	it
4	267	215	sky	it
4	268	216	blue.	NA
4	269	216	blue.	NA
4	270	217	Continuing	NA
4	271	218	glibly	NA
4	272	218	glibly	NA
4	273	219	in	NA
4	274	220	this	it,
4	275	221	vein,	it,
4	276	221	vein,	it,
4	277	222	he	NA
4	278	223	paused	NA
4	279	224	to	NA
4	280	225	comfort	NA
4	281	226	her:	NA
4	282	226	her:	NA
4	283	227	"Don't	NA
4	284	227	"Don't	NA
4	285	227	"Don't	NA
4	286	228	you	NA
4	287	229	worry.	NA
4	288	229	worry.	NA
4	289	230	This	NA
4	290	231	machine	NA
4	291	232	will	NA
4	292	233	cure	NA
4	293	234	your	NA
4	294	235	cancer-ridden	NA
4	295	235	cancer-ridden	NA
4	296	235	cancer-ridden	NA
4	297	236	body."	NA
4	298	236	body."	NA
4	299	237	"Cancer!"	NA
4	300	237	"Cancer!"	NA
4	301	237	"Cancer!"	NA
4	302	237	"Cancer!"	NA
4	303	238	Mrs.	NA
4	304	238	Mrs.	NA
4	305	239	Shaefer	NA
4	306	239	Shaefer	NA
4	307	240	practically	NA
4	308	241	shrieked.	NA
4	309	241	shrieked.	NA
4	310	241	shrieked.	NA
4	311	241	shrieked.	NA
4	312	242	"You	NA
4	313	242	"You	NA
4	314	243	didn't	NA
4	315	243	didn't	NA
4	316	244	tell	NA
4	317	245	me	NA
4	318	246	I	NA
4	319	247	had	NA
4	320	248	cancer."	NA
4	321	248	cancer."	NA
4	322	249	"You	NA
4	323	249	"You	NA
4	324	250	have	NA
4	325	251	it,	NA
4	326	251	it,	NA
4	327	252	all	NA
4	328	253	right.	NA
4	329	253	right.	NA
4	330	254	But	NA
4	331	255	as	NA
4	332	256	long	NA
4	333	257	as	NA
4	334	258	you	NA
4	335	259	can	NA
4	336	260	have	NA
4	337	261	treatment	NA
4	338	262	from	NA
4	339	263	my	NA
4	340	264	machine	NA
4	341	265	you	NA
4	342	266	have	NA
4	343	267	nothing	it.
4	344	268	to	it.
4	345	269	worry	it.
4	346	270	about.	it.
4	347	270	about.	it.
4	348	271	Why,	NA
4	349	271	Why,	NA
4	350	272	I	NA
4	351	273	once	NA
4	352	274	used	NA
4	353	275	this	NA
4	354	276	machine	NA
4	355	277	to	NA
4	356	278	cure	NA
4	357	279	a	her."
4	358	280	woman	her."
4	359	281	with	her."
4	360	282	97	her."
4	361	283	pounds	her."
4	362	284	of	her."
4	363	285	cancer	her."
4	364	286	in	her."
4	365	287	her	her."
4	366	288	body."	her."
4	367	288	body."	her."
4	368	289	He	NA
4	369	290	urged	NA
4	370	291	her	NA
4	371	292	to	NA
4	372	293	buy	NA
4	373	294	one	it
4	374	295	of	it
4	375	296	his	it
4	376	297	machines	it
4	377	298	--	NA
4	378	299	for	NA
4	379	300	$300.	$it.
4	380	300	$300.	$it.
4	381	300	$300.	$it.
4	382	301	When	NA
4	383	302	she	NA
4	384	303	said	NA
4	385	304	that	NA
4	386	305	she	NA
4	387	306	didn't	NA
4	388	306	didn't	NA
4	389	307	have	NA
4	390	308	the	NA
4	391	309	money,	NA
4	392	309	money,	NA
4	393	310	he	NA
4	394	311	said	NA
4	395	312	that	NA
4	396	313	she	NA
4	397	314	could	NA
4	398	315	come	NA
4	399	316	in	NA
4	400	317	for	NA
4	401	318	treatment	NA
4	402	319	with	NA
4	403	320	his	NA
4	404	321	office	NA
4	405	322	model	NA
4	406	323	until	NA
4	407	324	she	NA
4	408	325	was	NA
4	409	326	ready	NA
4	410	327	to	NA
4	411	328	buy	NA
4	412	329	one.	NA
4	413	329	one.	NA
4	414	330	He	NA
4	415	331	then	NA
4	416	332	sold	NA
4	417	333	her	NA
4	418	334	minerals	them,
4	419	335	to	them,
4	420	336	cure	them,
4	421	337	her	them,
4	422	338	kidney	them,
4	423	339	ailment,	them,
4	424	339	ailment,	them,
4	425	339	ailment,	them,
4	426	340	a	it
4	427	341	can	it
4	428	342	of	it
4	429	343	sage	it
4	430	344	"to	NA
4	431	344	"to	NA
4	432	345	make	NA
4	433	346	her	NA
4	434	347	look	NA
4	435	348	like	NA
4	436	349	a	her
4	437	350	girl	her
4	438	351	again,"	NA
4	439	351	again,"	NA
4	440	352	and	NA
4	441	353	an	it.
4	442	354	application	it.
4	443	355	of	it.
4	444	356	plain	it.
4	445	357	mud	it.
4	446	358	to	it.
4	447	359	take	it.
4	448	360	her	it.
4	449	361	wrinkles	it.
4	450	362	away.	it.
4	451	362	away.	it.
4	452	363	Lee	NA
4	453	364	renewed	NA
4	454	365	his	it
4	455	366	pressure	it
4	456	367	on	it
4	457	368	Mrs.	it
4	458	368	Mrs.	it
4	459	369	Shaefer	it
4	460	369	Shaefer	it
4	461	370	to	NA
4	462	371	buy	NA
4	463	372	his	NA
4	464	373	machine	NA
4	465	374	when	NA
4	466	375	she	NA
4	467	376	visited	NA
4	468	377	him	NA
4	469	378	the	her.
4	470	379	next	her.
4	471	380	day.	her.
4	472	380	day.	her.
4	473	381	After	NA
4	474	382	another	it,
4	475	383	treatment	it,
4	476	384	with	it,
4	477	385	the	it,
4	478	386	machine,	it,
4	479	386	machine,	it,
4	480	387	he	NA
4	481	388	told	NA
4	482	389	her	NA
4	483	390	that	NA
4	484	391	"her	NA
4	485	391	"her	NA
4	486	392	entire	NA
4	487	393	body	NA
4	488	394	was	NA
4	489	395	shot	NA
4	490	396	through	NA
4	491	397	with	NA
4	492	398	tumors	NA
4	493	399	and	NA
4	494	400	cysts."	NA
4	495	400	cysts."	NA
4	496	400	cysts."	NA
4	497	401	He	NA
4	498	402	then	NA
4	499	403	sold	NA
4	500	404	her	NA
4	501	405	some	NA
4	502	406	capsules	NA
4	503	407	that	NA
4	504	408	he	NA
4	505	409	asserted	NA
4	506	410	would	NA
4	507	411	take	NA
4	508	412	care	NA
4	509	413	of	NA
4	510	414	the	NA
4	511	415	tumors	NA
4	512	416	and	NA
4	513	417	cysts	NA
4	514	417	cysts	NA
4	515	418	until	NA
4	516	419	she	NA
4	517	420	could	NA
4	518	421	collect	NA
4	519	422	the	NA
4	520	423	money	NA
4	521	424	for	NA
4	522	425	buying	NA
4	523	426	his	NA
4	524	427	machine.	NA
4	525	427	machine.	NA
4	526	428	When	NA
4	527	429	she	NA
4	528	430	submitted	NA
4	529	431	to	NA
4	530	432	his	NA
4	531	433	treatment	NA
4	532	434	with	NA
4	533	435	the	NA
4	534	436	capsules,	NA
4	535	436	capsules,	NA
4	536	437	Mrs.	NA
4	537	437	Mrs.	NA
4	538	438	Shaefer	NA
4	539	438	Shaefer	NA
4	540	439	felt	NA
4	541	440	intense	NA
4	542	441	pain.	NA
4	543	441	pain.	NA
4	544	442	Leaving	NA
4	545	443	Lee's	his,
4	546	443	Lee's	his,
4	547	444	office,	his,
4	548	444	office,	his,
4	549	445	Mrs.	NA
4	550	445	Mrs.	NA
4	551	446	Shaefer	NA
4	552	446	Shaefer	NA
4	553	447	hurried	NA
4	554	448	over	NA
4	555	449	to	NA
4	556	450	her	NA
4	557	451	family	NA
4	558	452	physician,	NA
4	559	452	physician,	NA
4	560	453	who	NA
4	561	454	treated	NA
4	562	455	her	NA
4	563	456	for	NA
4	564	457	burned	NA
4	565	458	tissue.	NA
4	566	458	tissue.	NA
4	567	459	For	NA
4	568	460	several	NA
4	569	461	days,	NA
4	570	461	days,	NA
4	571	462	she	NA
4	572	463	was	NA
4	573	464	ill	NA
4	574	465	as	NA
4	575	466	a	NA
4	576	467	result	NA
4	577	468	of	NA
4	578	469	Lee's	NA
4	579	469	Lee's	NA
4	580	470	treatment.	NA
4	581	470	treatment.	NA
4	582	471	Mrs.	NA
4	583	471	Mrs.	NA
4	584	472	Shaefer	NA
4	585	472	Shaefer	NA
4	586	473	never	NA
4	587	474	got	NA
4	588	475	around	NA
4	589	476	to	NA
4	590	477	joining	NA
4	591	478	the	them.
4	592	479	thousand	them.
4	593	480	or	them.
4	594	481	so	them.
4	595	482	people	them.
4	596	483	who	them.
4	597	484	paid	them.
4	598	485	Lee	them.
4	599	486	some	them.
4	600	487	$30,000	them.
4	601	487	$30,000	them.
4	602	487	$30,000	them.
4	603	487	$30,000	them.
4	604	488	for	them.
4	605	489	his	them.
4	606	490	ozone	them.
4	607	491	machines.	them.
4	608	491	machines.	them.
4	609	492	For	NA
4	610	493	Mrs.	NA
4	611	493	Mrs.	NA
4	612	494	Shaefer	NA
4	613	494	Shaefer	NA
4	614	495	--	NA
4	615	496	who	NA
4	616	497	had	NA
4	617	498	been	NA
4	618	499	given	NA
4	619	500	a	her
4	620	501	clean	her
4	621	502	bill	her
4	622	503	of	her
4	623	504	health	her
4	624	505	by	NA
4	625	506	her	NA
4	626	507	own	NA
4	627	508	physician	NA
4	628	509	at	NA
4	629	510	the	NA
4	630	511	time	NA
4	631	512	she	NA
4	632	513	visited	NA
4	633	514	Lee	NA
4	634	515	--	NA
4	635	516	and	NA
4	636	517	her	NA
4	637	518	friend	NA
4	638	519	were	NA
4	639	520	agents	they.
4	640	521	for	they.
4	641	522	the	they.
4	642	523	California	they.
4	643	524	Pure	they.
4	644	525	Food	they.
4	645	526	and	they.
4	646	527	Drug	they.
4	647	528	Inspection	they.
4	648	529	Bureau.	they.
4	649	529	Bureau.	they.
4	650	530	And	NA
4	651	531	she	NA
4	652	532	felt	NA
4	653	533	amply	NA
4	654	533	amply	NA
4	655	534	rewarded	NA
4	656	535	for	NA
4	657	536	her	NA
4	658	537	suffering	NA
4	659	538	when	NA
4	660	539	the	NA
4	661	540	evidence	NA
4	662	541	of	NA
4	663	542	Lee's	NA
4	664	542	Lee's	NA
4	665	543	quack	NA
4	666	543	quack	NA
4	667	544	shenanigans,	NA
4	668	544	shenanigans,	NA
4	669	545	gathered	NA
4	670	546	by	NA
4	671	547	the	it,
4	672	548	tape	it,
4	673	549	recorder	it,
4	674	550	under	it,
4	675	551	her	it,
4	676	552	friend's	it,
4	677	552	friend's	it,
4	678	553	clothing,	it,
4	679	553	clothing,	it,
4	680	554	proved	NA
4	681	555	adequate	NA
4	682	556	in	NA
4	683	557	court	it
4	684	558	for	NA
4	685	559	convicting	NA
4	686	559	convicting	NA
4	687	560	Franklin	NA
4	688	561	D.	NA
4	689	561	D.	NA
4	690	562	Lee.	NA
4	691	562	Lee.	NA
4	692	563	The	It:
4	693	564	charge:	It:
4	694	564	charge:	It:
4	695	565	violation	it
4	696	566	of	it
4	697	567	the	it
4	698	568	California	it
4	699	569	Medical	it
4	700	570	Practices	it
4	701	571	Act	it
4	702	572	by	NA
4	703	573	practicing	NA
4	704	574	medicine	it
4	705	575	without	NA
4	706	576	a	it
4	707	577	license	it
4	708	578	and	NA
4	709	579	selling	NA
4	710	580	misbranded	them.
4	711	580	misbranded	them.
4	712	581	drugs.	them.
4	713	581	drugs.	them.
4	714	582	The	It:
4	715	583	sentence:	It:
4	716	583	sentence:	It:
4	717	584	360	NA
4	718	585	days'	NA
4	719	585	days'	NA
4	720	586	confinement	NA
4	721	587	in	NA
4	722	588	the	its.
4	723	589	county	its.
4	724	590	jail.	its.
4	725	590	jail.	its.
5	0	0	A	It
5	1	1	tsunami	It
5	2	2	may	NA
5	3	3	be	NA
5	4	4	started	NA
5	5	5	by	NA
5	6	6	a	it,
5	7	7	sea	it,
5	8	8	bottom	it,
5	9	9	slide,	it,
5	10	9	slide,	it,
5	11	10	an	it
5	12	11	earthquake	it
5	13	12	or	NA
5	14	13	a	it.
5	15	14	volcanic	it.
5	16	15	eruption.	it.
5	17	15	eruption.	it.
5	18	16	The	NA
5	19	17	most	NA
5	20	18	infamous	NA
5	21	19	of	NA
5	22	20	all	NA
5	23	21	was	NA
5	24	22	launched	NA
5	25	23	by	NA
5	26	24	the	it;
5	27	25	explosion	it;
5	28	26	of	it;
5	29	27	the	it;
5	30	28	island	it;
5	31	29	of	it;
5	32	30	Krakatoa	it;
5	33	30	Krakatoa	it;
5	34	30	Krakatoa	it;
5	35	30	Krakatoa	it;
5	36	31	in	it;
5	37	32	1883;	it;
5	38	32	1883;	it;
5	39	32	1883;	it;
5	40	33	it	NA
5	41	34	raced	NA
5	42	35	across	NA
5	43	36	the	NA
5	44	37	Pacific	NA
5	45	38	at	NA
5	46	39	300	it,
5	47	40	miles	it,
5	48	41	an	it,
5	49	42	hour,	it,
5	50	42	hour,	it,
5	51	43	devastated	NA
5	52	44	the	them
5	53	45	coasts	them
5	54	46	of	them
5	55	47	Java	them
5	56	48	and	them
5	57	49	Sumatra	them
5	58	49	Sumatra	them
5	59	50	with	NA
5	60	51	waves	them,
5	61	52	100	them,
5	62	53	to	them,
5	63	54	130	them,
5	64	55	feet	them,
5	65	56	high,	them,
5	66	56	high,	them,
5	67	57	and	NA
5	68	58	pounded	NA
5	69	59	the	it
5	70	60	shore	it
5	71	61	as	NA
5	72	62	far	NA
5	73	63	away	NA
5	74	64	as	NA
5	75	65	San	it.
5	76	66	Francisco.	it.
5	77	66	Francisco.	it.
5	78	67	The	They
5	79	68	ancient	They
5	80	69	Greeks	They
5	81	70	recorded	NA
5	82	71	several	them.
5	83	72	catastrophic	them.
5	84	73	inundations	them.
5	85	73	inundations	them.
5	86	74	by	them.
5	87	75	huge	them.
5	88	76	waves.	them.
5	89	76	waves.	them.
5	90	77	Whether	NA
5	91	78	or	NA
5	92	79	not	NA
5	93	80	Plato's	NA
5	94	80	Plato's	NA
5	95	81	tale	NA
5	96	82	of	NA
5	97	83	the	NA
5	98	84	lost	NA
5	99	85	continent	NA
5	100	86	of	NA
5	101	87	Atlantis	NA
5	102	88	is	NA
5	103	89	true,	NA
5	104	89	true,	NA
5	105	90	skeptics	they
5	106	91	concede	NA
5	107	92	that	NA
5	108	93	the	NA
5	109	94	myth	NA
5	110	95	may	NA
5	111	96	have	NA
5	112	97	some	it.
5	113	98	foundation	it.
5	114	99	in	it.
5	115	100	a	it.
5	116	101	great	it.
5	117	102	tsunami	it.
5	118	103	of	it.
5	119	104	ancient	it.
5	120	105	times.	it.
5	121	105	times.	it.
5	122	106	Indeed,	NA
5	123	106	Indeed,	NA
5	124	107	a	it
5	125	108	tremendously	it
5	126	109	destructive	it
5	127	110	tsunami	it
5	128	111	that	it
5	129	112	arose	it
5	130	113	in	it
5	131	114	the	it
5	132	115	Arabian	it
5	133	116	Sea	it
5	134	117	in	it
5	135	118	1945	it
5	136	119	has	NA
5	137	120	even	NA
5	138	121	revived	NA
5	139	122	the	it.
5	140	123	interest	it.
5	141	124	of	it.
5	142	125	geologists	it.
5	143	125	geologists	it.
5	144	126	and	it.
5	145	127	archaeologists	it.
5	146	128	in	it.
5	147	129	the	it.
5	148	130	Biblical	it.
5	149	131	story	it.
5	150	132	of	it.
5	151	133	the	it.
5	152	134	Flood.	it.
5	153	134	Flood.	it.
5	154	135	One	It
5	155	136	of	It
5	156	137	the	It
5	157	138	most	It
5	158	139	damaging	It
5	159	140	tsunami	It
5	160	141	on	It
5	161	142	record	It
5	162	143	followed	NA
5	163	144	the	NA
5	164	145	famous	NA
5	165	146	Lisbon	NA
5	166	147	earthquake	NA
5	167	148	of	NA
5	168	149	November	NA
5	169	150	1,	NA
5	170	150	1,	NA
5	171	151	1755;	NA
5	172	151	1755;	NA
5	173	151	1755;	NA
5	174	152	its	they
5	175	153	waves	they
5	176	154	persisted	NA
5	177	155	for	NA
5	178	156	a	it
5	179	157	week	it
5	180	158	and	NA
5	181	159	were	NA
5	182	160	felt	NA
5	183	161	as	NA
5	184	162	far	NA
5	185	163	away	NA
5	186	164	as	NA
5	187	165	the	it.
5	188	166	English	it.
5	189	167	coast.	it.
5	190	167	coast.	it.
5	191	168	Tsunami	NA
5	192	168	Tsunami	NA
5	193	168	Tsunami	NA
5	194	169	are	NA
5	195	170	rare,	NA
5	196	170	rare,	NA
5	197	171	however,	NA
5	198	171	however,	NA
5	199	172	in	NA
5	200	173	the	NA
5	201	174	Atlantic	NA
5	202	175	Ocean;	NA
5	203	175	Ocean;	NA
5	204	176	they	NA
5	205	177	are	NA
5	206	178	far	NA
5	207	179	more	NA
5	208	180	common	NA
5	209	181	in	NA
5	210	182	the	NA
5	211	183	Pacific.	NA
5	212	183	Pacific.	NA
5	213	184	Japan	NA
5	214	185	has	NA
5	215	186	had	NA
5	216	187	15	NA
5	217	188	destructive	NA
5	218	189	ones	NA
5	219	190	(eight	(they
5	220	190	(eight	(they
5	221	191	of	(they
5	222	192	them	(they
5	223	193	disastrous)	NA
5	224	193	disastrous)	NA
5	225	194	since	NA
5	226	195	1596.	it.
5	227	195	1596.	it.
5	228	195	1596.	it.
5	229	196	The	NA
5	230	197	Hawaiian	NA
5	231	198	Islands	NA
5	232	199	are	NA
5	233	200	struck	NA
5	234	201	severely	NA
5	235	202	an	NA
5	236	203	average	NA
5	237	204	of	NA
5	238	205	once	NA
5	239	206	every	NA
5	240	207	25	it.
5	241	208	years.	it.
5	242	208	years.	it.
5	243	209	In	NA
5	244	210	1707	it
5	245	210	1707	it
5	246	211	an	it
5	247	212	earthquake	it
5	248	213	in	it
5	249	214	Japan	it
5	250	215	generated	NA
5	251	216	waves	they;
5	252	217	so	they;
5	253	218	huge	they;
5	254	219	that	they;
5	255	220	they	they;
5	256	221	piled	they;
5	257	222	into	they;
5	258	223	the	they;
5	259	224	Inland	they;
5	260	224	Inland	they;
5	261	225	Sea;	they;
5	262	225	Sea;	they;
5	263	226	one	it
5	264	227	wave	it
5	265	228	swamped	NA
5	266	228	swamped	NA
5	267	229	more	them
5	268	230	than	them
5	269	231	1,000	them
5	270	231	1,000	them
5	271	231	1,000	them
5	272	232	ships	them
5	273	233	and	them
5	274	234	boats	them
5	275	235	in	NA
5	276	236	Osaka	it.
5	277	237	Bay.	it.
5	278	237	Bay.	it.
5	279	238	A	It
5	280	239	tsunami	It
5	281	240	in	It
5	282	241	the	It
5	283	242	Hawaiian	It
5	284	243	Islands	It
5	285	244	in	It
5	286	245	1869	It
5	287	245	1869	It
5	288	246	washed	NA
5	289	247	away	NA
5	290	248	an	NA
5	291	249	entire	NA
5	292	250	town	NA
5	293	251	(Ponoluu),	NA
5	294	251	(Ponoluu),	NA
5	295	251	(Ponoluu),	NA
5	296	251	(Ponoluu),	NA
5	297	251	(Ponoluu),	NA
5	298	251	(Ponoluu),	NA
5	299	252	leaving	NA
5	300	253	only	them
5	301	254	two	them
5	302	255	forlorn	them
5	303	255	forlorn	them
5	304	255	forlorn	them
5	305	256	trees	them
5	306	257	standing	NA
5	307	258	where	NA
5	308	259	the	it
5	309	260	community	it
5	310	261	had	NA
5	311	262	been.	NA
5	312	262	been.	NA
6	0	0	Bong!	NA
6	1	0	Bong!	NA
6	2	0	Bong!	NA
6	3	1	Bong!	NA
6	4	1	Bong!	NA
6	5	1	Bong!	NA
6	6	2	Startled	NA
6	7	2	Startled	NA
6	8	3	him	NA
6	9	4	awake.	NA
6	10	4	awake.	NA
6	11	5	The	NA
6	12	6	room	NA
6	13	7	vibrated	NA
6	14	7	vibrated	NA
6	15	8	as	NA
6	16	9	if	NA
6	17	10	a	it
6	18	11	giant	it
6	19	12	hand	it
6	20	13	had	NA
6	21	14	rocked	NA
6	22	15	it.	NA
6	23	15	it.	NA
6	24	16	Bong!	NA
6	25	16	Bong!	NA
6	26	16	Bong!	NA
6	27	17	A	it
6	28	18	dull	it
6	29	19	boom	it
6	30	20	and	NA
6	31	21	a	they.
6	32	22	throbbing	they.
6	33	22	throbbing	they.
6	34	23	echo.	they.
6	35	23	echo.	they.
6	36	24	The	They
6	37	25	walls	They
6	38	26	bulged,	NA
6	39	26	bulged,	NA
6	40	26	bulged,	NA
6	41	27	the	it
6	42	28	floor	it
6	43	29	trembled,	NA
6	44	29	trembled,	NA
6	45	29	trembled,	NA
6	46	30	the	it
6	47	31	windowpanes	it
6	48	31	windowpanes	it
6	49	31	windowpanes	it
6	50	32	rattled.	NA
6	51	32	rattled.	NA
6	52	33	He	NA
6	53	34	stared	NA
6	54	35	at	NA
6	55	36	the	it,
6	56	37	far	it,
6	57	38	morning,	it,
6	58	38	morning,	it,
6	59	39	expecting	NA
6	60	40	a	it
6	61	41	pendulum	it
6	62	41	pendulum	it
6	63	42	to	NA
6	64	43	swing	NA
6	65	44	across	NA
6	66	45	the	NA
6	67	46	horizon.	NA
6	68	46	horizon.	NA
6	69	47	Bong!	NA
6	70	47	Bong!	NA
6	71	47	Bong!	NA
6	72	48	He	NA
6	73	49	raced	NA
6	74	50	to	NA
6	75	51	the	it
6	76	52	window	it
6	77	53	and	NA
6	78	54	yanked	NA
6	79	54	yanked	NA
6	80	55	at	NA
6	81	56	the	it.
6	82	57	sash.	it.
6	83	57	sash.	it.
6	84	57	sash.	it.
6	85	58	Bong!	NA
6	86	58	Bong!	NA
6	87	58	Bong!	NA
6	88	59	The	it
6	89	60	wood	it
6	90	61	was	NA
6	91	62	old,	NA
6	92	62	old,	NA
6	93	63	the	it
6	94	64	paint	it
6	95	65	alligatored.	NA
6	96	65	alligatored.	NA
6	97	65	alligatored.	NA
6	98	65	alligatored.	NA
6	99	65	alligatored.	NA
6	100	66	Bong!	NA
6	101	66	Bong!	NA
6	102	66	Bong!	NA
6	103	67	A	it
6	104	68	fresh	it
6	105	69	breeze	it
6	106	70	saluted	NA
6	107	70	saluted	NA
6	108	71	him.	NA
6	109	71	him.	NA
6	110	72	Six	NA
6	111	73	o'clock!	NA
6	112	73	o'clock!	NA
6	113	73	o'clock!	NA
6	114	73	o'clock!	NA
6	115	74	He	NA
6	116	75	put	NA
6	117	76	his	it
6	118	77	head	it
6	119	78	out.	NA
6	120	78	out.	NA
6	121	79	There	NA
6	122	80	was	NA
6	123	81	the	it;
6	124	82	slate	it;
6	125	83	roof	it;
6	126	84	of	it;
6	127	85	the	it;
6	128	86	church;	it;
6	129	86	church;	it;
6	130	87	ivy	it
6	131	87	ivy	it
6	132	88	climbed	NA
6	133	89	the	them
6	134	90	red	them
6	135	91	brick	them
6	136	92	walls	them
6	137	93	like	NA
6	138	94	a	it.
6	139	95	green-scaled	it.
6	140	95	green-scaled	it.
6	141	95	green-scaled	it.
6	142	95	green-scaled	it.
6	143	96	monster.	it.
6	144	96	monster.	it.
6	145	97	The	NA
6	146	98	clock	NA
6	147	99	which	NA
6	148	100	had	NA
6	149	101	struck	NA
6	150	102	presented	NA
6	151	103	an	it.
6	152	104	innocent	it.
6	153	105	face.	it.
6	154	105	face.	it.
6	155	106	In	NA
6	156	107	the	it
6	157	108	kitchen	it
6	158	109	Mama	NA
6	159	110	was	NA
6	160	111	wiping	NA
6	161	112	the	them.
6	162	113	cupboards.	them.
6	163	113	cupboards.	them.
6	164	113	cupboards.	them.
6	165	114	"There's	NA
6	166	114	"There's	NA
6	167	114	"There's	NA
6	168	115	a	it
6	169	116	tower	it
6	170	117	and	NA
6	171	118	a	NA
6	172	119	steeple	NA
6	173	119	steeple	NA
6	174	120	on	NA
6	175	121	the	NA
6	176	122	church	NA
6	177	123	a	it
6	178	124	million	it
6	179	125	feet	it
6	180	126	high.	NA
6	181	126	high.	NA
6	182	127	And	NA
6	183	128	the	NA
6	184	129	loudest	NA
6	185	129	loudest	NA
6	186	130	clock	NA
6	187	131	in	NA
6	188	132	the	NA
6	189	133	whole	NA
6	190	134	world!"	NA
6	191	134	world!"	NA
6	192	135	"I	NA
6	193	135	"I	NA
6	194	136	know,	NA
6	195	136	know,	NA
6	196	137	Stephen,"	NA
6	197	137	Stephen,"	NA
6	198	138	she	NA
6	199	139	smiled.	NA
6	200	139	smiled.	NA
6	201	140	"They	NA
6	202	140	"They	NA
6	203	141	say	NA
6	204	142	that	NA
6	205	143	our	NA
6	206	144	steeple	NA
6	207	144	steeple	NA
6	208	145	is	NA
6	209	146	one	it
6	210	147	hundred	it
6	211	148	and	it
6	212	149	sixty-two	it
6	213	149	sixty-two	it
6	214	149	sixty-two	it
6	215	150	feet	it
6	216	151	high.	NA
6	217	151	high.	NA
6	218	152	The	NA
6	219	153	clock	NA
6	220	154	you	NA
6	221	155	heard	NA
6	222	156	strike	NA
6	223	157	--	NA
6	224	158	it's	NA
6	225	158	it's	NA
6	226	159	really	NA
6	227	160	the	NA
6	228	161	town	NA
6	229	162	clock	NA
6	230	163	--	NA
6	231	164	was	NA
6	232	165	installed	NA
6	233	166	last	it
6	234	167	April	it
6	235	168	by	NA
6	236	169	Mrs.	NA
6	237	169	Mrs.	NA
6	238	170	Shorter,	NA
6	239	170	Shorter,	NA
6	240	170	Shorter,	NA
6	241	171	on	NA
6	242	172	her	her."
6	243	173	birthday."	her."
6	244	173	birthday."	her."
6	245	174	He	NA
6	246	175	dressed,	NA
6	247	175	dressed,	NA
6	248	176	and	NA
6	249	177	sped	NA
6	250	178	outdoors.	NA
6	251	178	outdoors.	NA
6	252	179	He	NA
6	253	180	crossed	NA
6	254	181	Broome	NA
6	255	181	Broome	NA
6	256	182	Street	NA
6	257	183	to	NA
6	258	184	Orange	NA
6	259	185	Square.	NA
6	260	185	Square.	NA
6	261	186	The	NA
6	262	187	steeple	NA
6	263	187	steeple	NA
6	264	188	leaned	NA
6	265	189	backward,	NA
6	266	189	backward,	NA
6	267	190	while	NA
6	268	191	the	NA
6	269	192	church	NA
6	270	193	advanced	NA
6	271	194	like	NA
6	272	195	a	it.
6	273	196	headless	it.
6	274	196	headless	it.
6	275	197	creature	it.
6	276	198	in	it.
6	277	199	a	it.
6	278	200	long,	it.
6	279	200	long,	it.
6	280	201	shapeless	it.
6	281	201	shapeless	it.
6	282	201	shapeless	it.
6	283	202	coat.	it.
6	284	202	coat.	it.
6	285	203	The	NA
6	286	204	spire	NA
6	287	204	spire	NA
6	288	205	seemed	NA
6	289	206	to	NA
6	290	207	hold	NA
6	291	208	up	NA
6	292	209	the	it.
6	293	210	sky.	it.
6	294	210	sky.	it.
6	295	211	Port	NA
6	296	212	Jervis,	NA
6	297	212	Jervis,	NA
6	298	212	Jervis,	NA
6	299	212	Jervis,	NA
6	300	213	basking	NA
6	301	213	basking	NA
6	302	214	in	NA
6	303	215	the	NA
6	304	216	foothills,	NA
6	305	216	foothills,	NA
6	306	216	foothills,	NA
6	307	217	was	NA
6	308	218	the	NA
6	309	219	city	NA
6	310	220	of	NA
6	311	221	God.	NA
6	312	221	God.	NA
6	313	222	The	It
6	314	223	Dutch	It
6	315	224	Reformed	It
6	316	224	Reformed	It
6	317	225	Church,	It
6	318	225	Church,	It
6	319	226	with	It
6	320	227	two	It
6	321	228	steeples	It
6	322	228	steeples	It
6	323	228	steeples	It
6	324	229	and	It
6	325	230	its	It
6	326	231	own	It
6	327	232	school	It
6	328	233	was	NA
6	329	234	on	NA
6	330	235	Main	NA
6	331	236	Street;	NA
6	332	236	Street;	NA
6	333	237	the	it
6	334	238	Episcopal	it
6	335	239	Church	it
6	336	240	was	NA
6	337	241	one	it
6	338	242	block	it
6	339	243	down	NA
6	340	244	Sussex	it;
6	341	245	Street;	it;
6	342	245	Street;	it;
6	343	246	the	it,
6	344	247	Catholic	it,
6	345	248	Saint	it,
6	346	249	Mary's	it,
6	347	249	Mary's	it,
6	348	250	Church,	it,
6	349	250	Church,	it,
6	350	251	with	it,
6	351	252	an	it,
6	352	253	even	it,
6	353	254	taller	it,
6	354	255	steeple	it,
6	355	255	steeple	it,
6	356	256	and	it,
6	357	257	a	it,
6	358	258	cross	it,
6	359	259	on	it,
6	360	260	top,	it,
6	361	260	top,	it,
6	362	261	stood	NA
6	363	262	on	NA
6	364	263	Ball	it.
6	365	264	Street.	it.
6	366	264	Street.	it.
6	367	265	The	They
6	368	266	Catholics	They
6	369	267	had	NA
6	370	268	the	NA
6	371	269	largest	NA
6	372	270	cemetery,	NA
6	373	270	cemetery,	NA
6	374	271	near	NA
6	375	272	the	NA
6	376	273	Neversink	NA
6	377	273	Neversink	NA
6	378	273	Neversink	NA
6	379	274	River	NA
6	380	275	where	NA
6	381	276	Main	NA
6	382	277	Street	NA
6	383	278	ran	NA
6	384	279	south;	NA
6	385	279	south;	NA
6	386	280	Stevie	NA
6	387	280	Stevie	NA
6	388	281	whistled	NA
6	389	281	whistled	NA
6	390	282	when	NA
6	391	283	he	NA
6	392	284	passed	NA
6	393	285	these	NA
6	394	286	alien	NA
6	395	287	grounds.	NA
6	396	287	grounds.	NA
6	397	288	God	NA
6	398	289	was	NA
6	399	290	everywhere,	NA
6	400	290	everywhere,	NA
6	401	291	in	NA
6	402	292	the	it,
6	403	293	belfry,	it,
6	404	293	belfry,	it,
6	405	293	belfry,	it,
6	406	293	belfry,	it,
6	407	294	in	NA
6	408	295	the	it,
6	409	296	steeple,	it,
6	410	296	steeple,	it,
6	411	296	steeple,	it,
6	412	297	in	NA
6	413	298	the	them,
6	414	299	clouds,	them,
6	415	299	clouds,	them,
6	416	300	in	NA
6	417	301	the	them,
6	418	302	trees,	them,
6	419	302	trees,	them,
6	420	303	and	NA
6	421	304	in	NA
6	422	305	the	them.
6	423	306	mountains	them.
6	424	307	hulking	them.
6	425	307	hulking	them.
6	426	307	hulking	them.
6	427	308	on	them.
6	428	309	the	them.
6	429	310	horizon.	them.
6	430	310	horizon.	them.
6	431	311	Somewhere,	NA
6	432	311	Somewhere,	NA
6	433	312	beyond,	NA
6	434	312	beyond,	NA
6	435	313	where	NA
6	436	314	shadows	they
6	437	315	lurked,	NA
6	438	315	lurked,	NA
6	439	315	lurked,	NA
6	440	316	must	NA
6	441	317	be	NA
6	442	318	the	it
6	443	319	yawning	it
6	444	319	yawning	it
6	445	320	pit	it
6	446	321	of	it
6	447	322	which	it
6	448	323	Papa	it
6	449	324	preached	it
6	450	325	and	NA
6	451	326	the	it.
6	452	327	dreadful	it.
6	453	328	Lake	it.
6	454	329	of	it.
6	455	330	Fire.	it.
6	456	330	Fire.	it.
6	457	331	So,	NA
6	458	331	So,	NA
6	459	332	walking	NA
6	460	333	in	NA
6	461	334	awe,	NA
6	462	334	awe,	NA
6	463	335	he	NA
6	464	336	became	NA
6	465	337	familiar	NA
6	466	338	with	NA
6	467	339	God,	NA
6	468	339	God,	NA
6	469	340	who	NA
6	470	341	resided	NA
6	471	342	chiefly	NA
6	472	343	in	NA
6	473	344	Drew	NA
6	474	345	Centennial	NA
6	475	345	Centennial	NA
6	476	346	Church	NA
6	477	347	with	NA
6	478	348	its	NA
6	479	349	high	NA
6	480	350	steeple	NA
6	481	350	steeple	NA
6	482	351	and	NA
6	483	352	clock.	NA
6	484	352	clock.	NA
6	485	353	There	NA
6	486	354	was	NA
6	487	355	no	it,
6	488	356	church	it,
6	489	357	like	it,
6	490	358	Drew	it,
6	491	359	Church,	it,
6	492	359	Church,	it,
6	493	360	no	he
6	494	361	preacher	he
6	495	362	like	NA
6	496	363	Papa,	NA
6	497	363	Papa,	NA
6	498	364	who	NA
6	499	365	was	NA
6	500	366	intimate	NA
6	501	367	with	NA
6	502	368	Him,	NA
6	503	368	Him,	NA
6	504	369	and	NA
6	505	370	could	NA
6	506	371	consign	NA
6	507	371	consign	NA
6	508	372	sinners	them
6	509	373	to	NA
6	510	374	hellfire.	it.
6	511	374	hellfire.	it.
6	512	374	hellfire.	it.
6	513	375	To	NA
6	514	376	know	NA
6	515	377	God	NA
6	516	378	he	NA
6	517	379	must	NA
6	518	380	follow	NA
6	519	381	in	NA
6	520	382	Papa's	NA
6	521	382	Papa's	NA
6	522	383	footsteps.	NA
6	523	383	footsteps.	NA
6	524	384	He	NA
6	525	385	was	NA
6	526	386	fortunate,	NA
6	527	386	fortunate,	NA
6	528	387	and	NA
6	529	388	proud.	NA
6	530	388	proud.	NA
6	531	389	The	NA
6	532	390	veterans,	NA
6	533	390	veterans,	NA
6	534	391	idling	NA
6	535	391	idling	NA
6	536	392	on	NA
6	537	393	their	NA
6	538	394	benches	NA
6	539	395	in	NA
6	540	396	the	NA
6	541	397	Square,	NA
6	542	397	Square,	NA
6	543	398	beneath	NA
6	544	399	the	NA
6	545	400	soldiers'	NA
6	546	400	soldiers'	NA
6	547	401	monument,	NA
6	548	401	monument,	NA
6	549	402	got	NA
6	550	403	to	NA
6	551	404	their	them
6	552	405	feet	them
6	553	406	when	NA
6	554	407	Papa	NA
6	555	408	approached:	NA
6	556	408	approached:	NA
6	557	409	"Morning,	"it,
6	558	409	"Morning,	"it,
6	559	409	"Morning,	"it,
6	560	410	Reverend!"	NA
6	561	410	Reverend!"	NA
6	562	411	His	it
6	563	412	being	it
6	564	413	and	it
6	565	414	His	it
6	566	415	will	it
6	567	416	--	NA
6	568	417	Stevie	NA
6	569	417	Stevie	NA
6	570	418	could	NA
6	571	419	not	NA
6	572	420	divide	NA
6	573	421	God	NA
6	574	422	from	NA
6	575	423	his	NA
6	576	424	Papa	NA
6	577	425	--	NA
6	578	426	illumined	NA
6	579	426	illumined	NA
6	580	427	every	it,
6	581	428	parish	it,
6	582	429	face,	it,
6	583	429	face,	it,
6	584	430	turned	NA
6	585	431	the	it
6	586	432	choir	it
6	587	433	into	NA
6	588	434	a	them,
6	589	435	band	them,
6	590	436	of	them,
6	591	437	angels,	them,
6	592	437	angels,	them,
6	593	438	and	NA
6	594	439	the	it
6	595	440	pulpit	it
6	596	440	pulpit	it
6	597	441	into	NA
6	598	442	the	it.
6	599	443	tollgate	it.
6	600	443	tollgate	it.
6	601	444	to	it.
6	602	445	Heaven.	it.
6	603	445	Heaven.	it.
6	604	446	"We	NA
6	605	446	"We	NA
6	606	447	have	NA
6	607	448	nine	them
6	608	449	hundred	them
6	609	450	and	them
6	610	451	eleven	them
6	611	452	members	them
6	612	453	in	NA
6	613	454	our	NA
6	614	455	charge,"	NA
6	615	455	charge,"	NA
6	616	456	Mama	NA
6	617	457	announced,	NA
6	618	457	announced,	NA
6	619	458	"and	NA
6	620	458	"and	NA
6	621	459	three	them."
6	622	460	hundred	them."
6	623	461	and	them."
6	624	462	eighty	them."
6	625	463	Sunday-school	them."
6	626	463	Sunday-school	them."
6	627	463	Sunday-school	them."
6	628	464	scholars."	them."
6	629	464	scholars."	them."
6	630	465	When	NA
6	631	466	Papa	NA
6	632	467	went	NA
6	633	468	out	NA
6	634	469	to	NA
6	635	470	do	NA
6	636	471	God's	it,
6	637	471	God's	it,
6	638	472	work,	it,
6	639	472	work,	it,
6	640	473	Stevie	NA
6	641	473	Stevie	NA
6	642	474	often	NA
6	643	475	accompanied	NA
6	644	476	him	NA
6	645	477	in	NA
6	646	478	the	it.
6	647	479	buggy,	it.
6	648	479	buggy,	it.
6	649	480	which	it.
6	650	481	was	it.
6	651	482	drawn	it.
6	652	483	by	it.
6	653	484	Violet,	it.
6	654	484	Violet,	it.
6	655	485	the	it.
6	656	486	new	it.
6	657	487	black	it.
6	658	488	mare.	it.
6	659	488	mare.	it.
6	660	488	mare.	it.
6	661	489	Although	NA
6	662	490	they	NA
6	663	491	journeyed	NA
6	664	491	journeyed	NA
6	665	492	westerly	NA
6	666	492	westerly	NA
6	667	492	westerly	NA
6	668	493	as	NA
6	669	494	far	NA
6	670	495	as	NA
6	671	496	Germantown,	it,
6	672	496	Germantown,	it,
6	673	496	Germantown,	it,
6	674	496	Germantown,	it,
6	675	497	beyond	NA
6	676	498	the	it
6	677	499	Erie	it
6	678	500	roundhouse	it
6	679	500	roundhouse	it
6	680	501	and	NA
6	681	502	the	it,
6	682	503	machine	it,
6	683	504	shop,	it,
6	684	504	shop,	it,
6	685	505	and	NA
6	686	506	along	NA
6	687	507	the	NA
6	688	508	Delaware	NA
6	689	509	and	NA
6	690	510	Hudson	it,
6	691	511	Canal,	it,
6	692	511	Canal,	it,
6	693	512	and	NA
6	694	513	northward	NA
6	695	513	northward	NA
6	696	514	to	NA
6	697	515	Brooklyn,	it,
6	698	515	Brooklyn,	it,
6	699	516	below	NA
6	700	517	Point	it,
6	701	518	Peter,	it,
6	702	518	Peter,	it,
6	703	519	he	NA
6	704	520	could	NA
6	705	521	see	NA
6	706	522	the	NA
6	707	523	church	NA
6	708	524	spire	NA
6	709	524	spire	NA
6	710	525	wherever	NA
6	711	526	he	NA
6	712	527	looked	NA
6	713	528	back.	NA
6	714	528	back.	NA
6	715	529	Sometimes	NA
6	716	530	they	NA
6	717	531	went	NA
6	718	532	south	NA
6	719	533	and	NA
6	720	534	rolled	NA
6	721	535	past	NA
6	722	536	the	it
6	723	537	tollhouse	it
6	724	537	tollhouse	it
6	725	538	--	NA
6	726	539	"Afternoon,	"it,
6	727	539	"Afternoon,	"it,
6	728	539	"Afternoon,	"it,
6	729	539	"Afternoon,	"it,
6	730	540	Reverend!	NA
6	731	540	Reverend!	NA
6	732	541	--"	NA
6	733	541	--"	NA
6	734	542	and	NA
6	735	543	crossed	NA
6	736	544	the	it;
6	737	545	suspension	it;
6	738	546	bridge	it;
6	739	547	to	it;
6	740	548	Matamoras;	it;
6	741	548	Matamoras;	it;
6	742	548	Matamoras;	it;
6	743	548	Matamoras;	it;
6	744	549	that	NA
6	745	550	was	NA
6	746	551	Pennsylvania.	NA
6	747	551	Pennsylvania.	NA
6	748	552	In	NA
6	749	553	the	NA
6	750	554	Delaware	NA
6	751	555	River,	NA
6	752	555	River,	NA
6	753	556	three	they
6	754	557	long	they
6	755	558	islands	they
6	756	559	were	NA
6	757	560	overgrown	NA
6	758	560	overgrown	NA
6	759	561	with	NA
6	760	562	greening	them
6	761	562	greening	them
6	762	563	trees	them
6	763	564	and	NA
6	764	565	underbrush.	them.
6	765	565	underbrush.	them.
6	766	565	underbrush.	them.
6	767	566	South	NA
6	768	567	of	NA
6	769	568	Laurel	it,
6	770	569	Grove	it,
6	771	570	Cemetery,	it,
6	772	570	Cemetery,	it,
6	773	571	and	NA
6	774	572	below	NA
6	775	573	the	it,
6	776	574	junction	it,
6	777	575	of	it,
6	778	576	the	it,
6	779	577	Neversink	it,
6	780	577	Neversink	it,
6	781	577	Neversink	it,
6	782	578	and	it,
6	783	579	the	it,
6	784	580	Delaware,	it,
6	785	580	Delaware,	it,
6	786	581	was	NA
6	787	582	the	it.
6	788	583	Tri-State	it.
6	789	583	Tri-State	it.
6	790	583	Tri-State	it.
6	791	584	Rock,	it.
6	792	584	Rock,	it.
6	793	585	from	it.
6	794	586	which	it.
6	795	587	Stevie	it.
6	796	587	Stevie	it.
6	797	588	could	it.
6	798	589	spy	it.
6	799	590	New	it.
6	800	591	Jersey	it.
6	801	592	and	it.
6	802	593	Pennsylvania,	it.
6	803	593	Pennsylvania,	it.
6	804	594	as	it.
6	805	595	well	it.
6	806	596	as	it.
6	807	597	New	it.
6	808	598	York,	it.
6	809	598	York,	it.
6	810	599	simply	it.
6	811	600	by	it.
6	812	601	spinning	it.
6	813	602	around	it.
6	814	603	on	it.
6	815	604	his	it.
6	816	605	heel.	it.
6	817	605	heel.	it.
6	818	606	On	NA
6	819	607	these	NA
6	820	608	excursions,	NA
6	821	608	excursions,	NA
6	822	608	excursions,	NA
6	823	609	Papa	NA
6	824	610	instructed	NA
6	825	611	him	NA
6	826	612	on	NA
6	827	613	man's	NA
6	828	613	man's	NA
6	829	614	chief	NA
6	830	615	end,	NA
6	831	615	end,	NA
6	832	616	which	NA
6	833	617	was	NA
6	834	618	his	NA
6	835	619	duty	NA
6	836	620	to	NA
6	837	621	God	NA
6	838	622	and	NA
6	839	623	his	NA
6	840	624	own	NA
6	841	625	salvation.	NA
6	842	625	salvation.	NA
6	843	626	However,	NA
6	844	626	However,	NA
6	845	627	a	his
6	846	628	boy's	his
6	847	628	boy's	his
6	848	629	lively	NA
6	849	630	eyes	NA
6	850	631	might	NA
6	851	632	rove.	NA
6	852	632	rove.	NA
6	853	632	rove.	NA
7	0	0	They	NA
7	1	1	were	NA
7	2	2	west	NA
7	3	3	of	NA
7	4	4	the	it,
7	5	5	Sabine,	it,
7	6	5	Sabine,	it,
7	7	5	Sabine,	it,
7	8	6	but	NA
7	9	7	only	NA
7	10	8	God	NA
7	11	9	knew	NA
7	12	10	where.	NA
7	13	10	where.	NA
7	14	11	For	NA
7	15	12	three	them,
7	16	13	days,	them,
7	17	13	days,	them,
7	18	14	their	NA
7	19	15	stolid	NA
7	20	15	stolid	NA
7	21	16	oxen	NA
7	22	16	oxen	NA
7	23	17	had	NA
7	24	18	plodded	NA
7	25	18	plodded	NA
7	26	18	plodded	NA
7	27	19	up	NA
7	28	20	a	NA
7	29	21	blazing	NA
7	30	22	valley	NA
7	31	23	as	NA
7	32	24	flat	NA
7	33	25	and	NA
7	34	26	featureless	NA
7	35	26	featureless	NA
7	36	27	as	NA
7	37	28	a	NA
7	38	29	dead	NA
7	39	30	sea.	NA
7	40	30	sea.	NA
7	41	31	Molten	It
7	42	31	Molten	It
7	43	32	glare	It
7	44	33	singed	NA
7	45	33	singed	NA
7	46	34	their	their
7	47	35	eyelids	their
7	48	35	eyelids	their
7	49	36	an	it;
7	50	37	angry	it;
7	51	38	crimson;	it;
7	52	38	crimson;	it;
7	53	39	suffocating	NA
7	54	39	suffocating	NA
7	55	40	air	NA
7	56	41	sapped	NA
7	57	41	sapped	NA
7	58	42	their	their
7	59	43	strength	their
7	60	44	and	NA
7	61	45	strained	NA
7	62	46	their	their
7	63	47	nerves	their
7	64	48	to	NA
7	65	49	snapping;	NA
7	66	49	snapping;	NA
7	67	50	dust	it
7	68	51	choked	NA
7	69	52	their	NA
7	70	53	throats	NA
7	71	54	and	NA
7	72	55	lay	NA
7	73	56	like	NA
7	74	57	acid	it
7	75	58	in	NA
7	76	59	their	their.
7	77	60	lungs.	their.
7	78	60	lungs.	their.
7	79	61	And	NA
7	80	62	the	NA
7	81	63	valley	NA
7	82	64	stretched	NA
7	83	65	endlessly	NA
7	84	66	out	NA
7	85	67	ahead,	NA
7	86	67	ahead,	NA
7	87	68	scorched	NA
7	88	68	scorched	NA
7	89	69	and	NA
7	90	70	baked	NA
7	91	71	and	NA
7	92	72	writhing	NA
7	93	72	writhing	NA
7	94	73	in	NA
7	95	74	its	its,
7	96	75	heat,	its,
7	97	75	heat,	its,
7	98	76	until	NA
7	99	77	it	NA
7	100	78	vanished	NA
7	101	79	into	NA
7	102	80	the	it.
7	103	81	throbbing	it.
7	104	81	throbbing	it.
7	105	82	wall	it.
7	106	83	of	it.
7	107	84	fiery	it.
7	108	85	orange	it.
7	109	86	brown	it.
7	110	87	haze.	it.
7	111	87	haze.	it.
7	112	88	Ben	NA
7	113	89	Prime	NA
7	114	90	extended	NA
7	115	91	his	his
7	116	92	high-stepped	his
7	117	92	high-stepped	his
7	118	92	high-stepped	his
7	119	92	high-stepped	his
7	120	93	stride	his
7	121	94	until	NA
7	122	95	he	NA
7	123	96	could	NA
7	124	97	lay	NA
7	125	98	his	his
7	126	99	goad	his
7	127	99	goad	his
7	128	100	across	NA
7	129	101	the	them.
7	130	102	noses	them.
7	131	103	of	them.
7	132	104	the	them.
7	133	105	oxen.	them.
7	134	105	oxen.	them.
7	135	105	oxen.	them.
7	136	106	"Hoa-whup!"	NA
7	137	106	"Hoa-whup!"	NA
7	138	106	"Hoa-whup!"	NA
7	139	106	"Hoa-whup!"	NA
7	140	106	"Hoa-whup!"	NA
7	141	106	"Hoa-whup!"	NA
7	142	106	"Hoa-whup!"	NA
7	143	107	He	NA
7	144	108	commanded	NA
7	145	109	from	NA
7	146	110	his	NA
7	147	111	raw	NA
7	148	112	throat,	NA
7	149	112	throat,	NA
7	150	113	and	NA
7	151	114	felt	NA
7	152	115	the	it
7	153	116	pain	it
7	154	117	of	it
7	155	118	movement	it
7	156	119	in	NA
7	157	120	his	NA
7	158	121	cracked,	NA
7	159	121	cracked,	NA
7	160	122	black	NA
7	161	123	burned	NA
7	162	124	lips.	NA
7	163	124	lips.	NA
7	164	125	He	NA
7	165	126	removed	NA
7	166	127	his	his
7	167	128	hat	his
7	168	129	to	NA
7	169	130	let	NA
7	170	131	the	it
7	171	132	trapped	it
7	172	133	sweat	it
7	173	134	cut	NA
7	174	135	rivulets	it
7	175	135	rivulets	it
7	176	135	rivulets	it
7	177	135	rivulets	it
7	178	136	through	NA
7	179	137	the	it
7	180	138	dust	it
7	181	139	film	it
7	182	140	upon	NA
7	183	141	his	his.
7	184	142	gaunt	his.
7	185	142	gaunt	his.
7	186	143	face.	his.
7	187	143	face.	his.
7	188	144	He	NA
7	189	145	spat.	NA
7	190	145	spat.	NA
7	191	146	The	It
7	192	147	dust-thick	It
7	193	147	dust-thick	It
7	194	147	dust-thick	It
7	195	147	dust-thick	It
7	196	148	saliva	It
7	197	149	came	NA
7	198	150	from	NA
7	199	151	his	NA
7	200	152	mouth	NA
7	201	153	like	NA
7	202	154	balled	it.
7	203	154	balled	it.
7	204	155	cotton.	it.
7	205	155	cotton.	it.
7	206	156	He	NA
7	207	157	moved	NA
7	208	158	back	NA
7	209	159	to	NA
7	210	160	the	it
7	211	161	wheel	it
7	212	162	and	NA
7	213	163	stood	NA
7	214	164	there	NA
7	215	165	blowing,	NA
7	216	165	blowing,	NA
7	217	166	grasping	NA
7	218	167	the	it
7	219	168	top	it
7	220	169	of	it
7	221	170	a	it
7	222	171	spoke	it
7	223	172	to	NA
7	224	173	still	NA
7	225	174	the	it.
7	226	175	trembling	it.
7	227	176	of	it.
7	228	177	his	it.
7	229	178	played-out	it.
7	230	178	played-out	it.
7	231	178	played-out	it.
7	232	179	limbs.	it.
7	233	179	limbs.	it.
7	234	180	The	NA
7	235	181	burning	NA
7	236	182	air	NA
7	237	183	dried	NA
7	238	184	his	them
7	239	185	sweat-soaked	them
7	240	185	sweat-soaked	them
7	241	185	sweat-soaked	them
7	242	185	sweat-soaked	them
7	243	186	clothes	them
7	244	187	in	NA
7	245	188	salt-edged	their.
7	246	188	salt-edged	their.
7	247	188	salt-edged	their.
7	248	189	patches.	their.
7	249	189	patches.	their.
7	250	190	He	NA
7	251	191	cleared	NA
7	252	192	his	NA
7	253	193	throat	NA
7	254	194	and	NA
7	255	195	wet	NA
7	256	196	his	NA
7	257	197	lips.	NA
7	258	197	lips.	NA
7	259	198	As	NA
7	260	199	cheerfully	NA
7	261	199	cheerfully	NA
7	262	200	as	NA
7	263	201	possible,	NA
7	264	201	possible,	NA
7	265	202	he	NA
7	266	203	said,	NA
7	267	203	said,	NA
7	268	204	"Well,	NA
7	269	204	"Well,	NA
7	270	204	"Well,	NA
7	271	205	I	NA
7	272	206	guess	NA
7	273	207	we	NA
7	274	208	could	NA
7	275	209	all	NA
7	276	210	do	NA
7	277	211	with	NA
7	278	212	a	it."
7	279	213	little	it."
7	280	214	drink."	it."
7	281	214	drink."	it."
7	282	215	He	NA
7	283	216	unlashed	NA
7	284	216	unlashed	NA
7	285	217	the	NA
7	286	218	dipper	NA
7	287	218	dipper	NA
7	288	219	and	NA
7	289	220	drew	NA
7	290	221	water	NA
7	291	222	from	NA
7	292	223	a	it.
7	293	224	barrel.	it.
7	294	224	barrel.	it.
7	295	225	They	NA
7	296	226	could	NA
7	297	227	no	NA
7	298	228	longer	NA
7	299	229	afford	NA
7	300	230	the	it.
7	301	231	luxury	it.
7	302	232	of	it.
7	303	233	the	it.
7	304	234	canvas	it.
7	305	235	sweat	it.
7	306	236	bag	it.
7	307	237	that	it.
7	308	238	cooled	it.
7	309	239	it	it.
7	310	240	by	it.
7	311	241	evaporation.	it.
7	312	241	evaporation.	it.
7	313	241	evaporation.	it.
7	314	241	evaporation.	it.
7	315	242	The	NA
7	316	243	water	NA
7	317	244	was	NA
7	318	245	warm	NA
7	319	246	and	NA
7	320	247	stale	NA
7	321	248	and	NA
7	322	249	had	NA
7	323	250	a	it.
7	324	251	brackish	it.
7	325	251	brackish	it.
7	326	251	brackish	it.
7	327	252	taste.	it.
7	328	252	taste.	it.
7	329	253	But	NA
7	330	254	it	NA
7	331	255	was	NA
7	332	256	water.	NA
7	333	256	water.	NA
7	334	257	Thank	NA
7	335	258	the	NA
7	336	259	Lord,	NA
7	337	259	Lord,	NA
7	338	260	they	NA
7	339	261	still	NA
7	340	262	had	NA
7	341	263	water!	NA
7	342	263	water!	NA
7	343	264	He	NA
7	344	265	cleansed	NA
7	345	265	cleansed	NA
7	346	266	his	NA
7	347	267	mouth	NA
7	348	268	with	NA
7	349	269	a	it.
7	350	270	small	it.
7	351	271	quantity.	it.
7	352	271	quantity.	it.
7	353	272	He	NA
7	354	273	took	NA
7	355	274	a	it.
7	356	275	long	it.
7	357	276	but	it.
7	358	277	carefully	it.
7	359	278	controlled	it.
7	360	279	draught.	it.
7	361	279	draught.	it.
7	362	279	draught.	it.
7	363	280	He	NA
7	364	281	replenished	NA
7	365	281	replenished	NA
7	366	282	the	NA
7	367	283	dipper	NA
7	368	283	dipper	NA
7	369	284	and	NA
7	370	285	handed	NA
7	371	286	it	NA
7	372	287	to	NA
7	373	288	his	NA
7	374	289	young	NA
7	375	290	wife	NA
7	376	291	riding	NA
7	377	292	the	NA
7	378	293	hurricane	NA
7	379	294	deck.	NA
7	380	294	deck.	NA
7	381	295	She	NA
7	382	296	took	NA
7	383	297	it	NA
7	384	298	grudgingly,	NA
7	385	298	grudgingly,	NA
7	386	298	grudgingly,	NA
7	387	298	grudgingly,	NA
7	388	299	her	NA
7	389	300	dark	NA
7	390	301	eyes	NA
7	391	302	baleful	NA
7	392	302	baleful	NA
7	393	303	as	NA
7	394	304	they	NA
7	395	305	met	NA
7	396	306	his.	NA
7	397	306	his.	NA
7	398	307	She	NA
7	399	308	drank	NA
7	400	309	and	NA
7	401	310	pushed	NA
7	402	311	back	NA
7	403	312	her	NA
7	404	313	gingham	NA
7	405	313	gingham	NA
7	406	314	bonnet	NA
7	407	314	bonnet	NA
7	408	315	to	NA
7	409	316	wet	NA
7	410	317	a	NA
7	411	318	kerchief	NA
7	412	318	kerchief	NA
7	413	319	and	NA
7	414	320	wipe	NA
7	415	321	her	NA
7	416	322	face.	NA
7	417	322	face.	NA
7	418	323	She	NA
7	419	324	set	NA
7	420	325	the	NA
7	421	326	dipper	NA
7	422	326	dipper	NA
7	423	327	on	NA
7	424	328	the	NA
7	425	329	edge	NA
7	426	330	of	NA
7	427	331	the	NA
7	428	332	deck,	NA
7	429	332	deck,	NA
7	430	333	leaving	NA
7	431	334	it	NA
7	432	335	for	NA
7	433	336	him	NA
7	434	337	to	NA
7	435	338	stretch	NA
7	436	339	after	NA
7	437	340	it	NA
7	438	341	while	NA
7	439	342	she	NA
7	440	343	looked	NA
7	441	344	on	NA
7	442	345	scornfully.	NA
7	443	345	scornfully.	NA
7	444	345	scornfully.	NA
7	445	346	"What	NA
7	446	346	"What	NA
7	447	347	happens	NA
7	448	348	when	NA
7	449	349	there's	NA
7	450	349	there's	NA
7	451	350	no	NA
7	452	351	more	NA
7	453	352	water?"	NA
7	454	352	water?"	NA
7	455	353	She	NA
7	456	354	asked	NA
7	457	355	smolderingly.	NA
7	458	355	smolderingly.	NA
7	459	355	smolderingly.	NA
7	460	355	smolderingly.	NA
7	461	355	smolderingly.	NA
7	462	356	She	NA
7	463	357	was	NA
7	464	358	like	NA
7	465	359	charcoal,	NA
7	466	359	charcoal,	NA
7	467	360	he	NA
7	468	361	thought	NA
7	469	362	--	NA
7	470	363	dark,	NA
7	471	363	dark,	NA
7	472	364	opaque,	NA
7	473	364	opaque,	NA
7	474	365	explosive.	NA
7	475	365	explosive.	NA
7	476	366	Her	NA
7	477	367	thick	NA
7	478	368	hair	NA
7	479	369	was	NA
7	480	370	the	NA
7	481	371	color	NA
7	482	372	and	NA
7	483	373	texture	NA
7	484	374	of	NA
7	485	375	charcoal.	NA
7	486	375	charcoal.	NA
7	487	376	Her	NA
7	488	377	temper	NA
7	489	378	sparked	NA
7	490	379	like	NA
7	491	380	charcoal	NA
7	492	381	when	NA
7	493	382	it	NA
7	494	383	first	NA
7	495	384	lights	NA
7	496	385	up.	NA
7	497	385	up.	NA
7	498	386	And	NA
7	499	387	all	NA
7	500	388	the	NA
7	501	389	time,	NA
7	502	389	time,	NA
7	503	390	she	NA
7	504	391	had	NA
7	505	392	the	NA
7	506	393	heat	NA
7	507	394	of	NA
7	508	395	hatred	NA
7	509	396	in	NA
7	510	397	her,	NA
7	511	397	her,	NA
7	512	398	like	NA
7	513	399	charcoal	NA
7	514	400	that	NA
7	515	401	is	NA
7	516	402	burning	NA
7	517	403	on	NA
7	518	404	its	NA
7	519	405	under	NA
7	520	406	side,	NA
7	521	406	side,	NA
7	522	407	but	NA
7	523	408	not	NA
7	524	409	visibly.	NA
7	525	409	visibly.	NA
7	526	410	A	NA
7	527	411	ripple	NA
7	528	412	ran	NA
7	529	413	through	NA
7	530	414	the	NA
7	531	415	muscles	NA
7	532	416	of	NA
7	533	417	his	NA
7	534	418	jaws,	NA
7	535	418	jaws,	NA
7	536	419	but	NA
7	537	420	he	NA
7	538	421	kept	NA
7	539	422	control	NA
7	540	423	upon	NA
7	541	424	his	NA
7	542	425	voice.	NA
7	543	425	voice.	NA
7	544	426	"There	NA
7	545	426	"There	NA
7	546	427	must	NA
7	547	428	be	NA
7	548	429	some	NA
7	549	430	water	NA
7	550	431	under	NA
7	551	432	there."	NA
7	552	432	there."	NA
7	553	433	He	NA
7	554	434	tilted	NA
7	555	435	his	NA
7	556	436	homely	NA
7	557	436	homely	NA
7	558	437	face	NA
7	559	438	toward	NA
7	560	439	the	it.
7	561	440	dry	it.
7	562	441	bed	it.
7	563	442	of	it.
7	564	443	the	it.
7	565	444	river.	it.
7	566	444	river.	it.
7	567	445	"We	NA
7	568	445	"We	NA
7	569	446	can	NA
7	570	447	get	NA
7	571	448	it	NA
7	572	449	if	NA
7	573	450	we	NA
7	574	451	dig,"	NA
7	575	451	dig,"	NA
7	576	452	he	NA
7	577	453	said	NA
7	578	454	patiently.	NA
7	579	454	patiently.	NA
7	580	455	"And	NA
7	581	455	"And	NA
7	582	456	add	NA
7	583	457	fever	NA
7	584	458	to	NA
7	585	459	our	NA
7	586	460	troubles?"	NA
7	587	460	troubles?"	NA
7	588	461	She	NA
7	589	462	scoffed.	NA
7	590	462	scoffed.	NA
7	591	462	scoffed.	NA
7	592	463	"Or	NA
7	593	463	"Or	NA
7	594	464	do	NA
7	595	465	you	NA
7	596	466	want	NA
7	597	467	to	NA
7	598	468	see	NA
7	599	469	if	NA
7	600	470	I	NA
7	601	471	can	NA
7	602	472	stand	NA
7	603	473	fever,	NA
7	604	473	fever,	NA
7	605	474	too?"	NA
7	606	474	too?"	NA
7	607	475	"We	NA
7	608	475	"We	NA
7	609	476	can	NA
7	610	477	boil	NA
7	611	478	it,"	NA
7	612	478	it,"	NA
7	613	479	he	NA
7	614	480	said.	NA
7	615	480	said.	NA
7	616	481	Her	NA
7	617	482	chin	NA
7	618	483	sharpened.	NA
7	619	483	sharpened.	NA
7	620	483	sharpened.	NA
7	621	484	"We're	NA
7	622	484	"We're	NA
7	623	484	"We're	NA
7	624	485	lost	NA
7	625	486	and	NA
7	626	487	burning	NA
7	627	488	up	NA
7	628	489	already,"	NA
7	629	489	already,"	NA
7	630	490	she	NA
7	631	491	bit	NA
7	632	492	out	NA
7	633	493	tensely.	NA
7	634	493	tensely.	NA
7	635	493	tensely.	NA
7	636	494	"The	NA
7	637	494	"The	NA
7	638	495	tires	NA
7	639	496	are	NA
7	640	497	rattling	NA
7	641	497	rattling	NA
7	642	498	on	NA
7	643	499	the	NA
7	644	500	wheels	NA
7	645	501	now.	NA
7	646	501	now.	NA
7	647	502	They'll	NA
7	648	502	They'll	NA
7	649	503	roll	NA
7	650	504	off	NA
7	651	505	in	NA
7	652	506	another	NA
7	653	507	day.	NA
7	654	507	day.	NA
7	655	508	There	NA
7	656	509	was	NA
7	657	510	no	it
7	658	511	valley	it
7	659	512	like	it
7	660	513	this	it
7	661	514	on	NA
7	662	515	your	NA
7	663	516	map.	NA
7	664	516	map.	NA
7	665	517	You	NA
7	666	518	don't	NA
7	667	518	don't	NA
7	668	519	even	NA
7	669	520	know	NA
7	670	521	where	NA
7	671	522	we're	NA
7	672	522	we're	NA
7	673	523	headed."	NA
7	674	523	headed."	NA
7	675	524	"Hettie,"	NA
7	676	524	"Hettie,"	NA
7	677	524	"Hettie,"	NA
7	678	524	"Hettie,"	NA
7	679	524	"Hettie,"	NA
7	680	525	he	NA
7	681	526	said	NA
7	682	527	as	NA
7	683	528	gently	NA
7	684	529	as	NA
7	685	530	he	NA
7	686	531	could,	NA
7	687	531	could,	NA
7	688	532	"we're	NA
7	689	532	"we're	NA
7	690	532	"we're	NA
7	691	533	still	NA
7	692	534	headed	NA
7	693	535	west.	NA
7	694	535	west.	NA
7	695	536	Somewhere,	NA
7	696	536	Somewhere,	NA
7	697	537	we'll	NA
7	698	537	we'll	NA
7	699	538	hit	NA
7	700	539	a	it."
7	701	540	trail."	it."
7	702	540	trail."	it."
7	703	541	"Somewhere!"	NA
7	704	541	"Somewhere!"	NA
7	705	541	"Somewhere!"	NA
7	706	541	"Somewhere!"	NA
7	707	541	"Somewhere!"	NA
7	708	542	She	NA
7	709	543	repeated.	NA
7	710	543	repeated.	NA
7	711	544	"Maybe	NA
7	712	544	"Maybe	NA
7	713	545	in	NA
7	714	546	time	NA
7	715	547	to	NA
7	716	548	make	NA
7	717	549	a	NA
7	718	550	cross	NA
7	719	551	and	NA
7	720	552	dig	NA
7	721	553	our	them."
7	722	554	graves."	them."
7	723	554	graves."	them."
7	724	555	His	NA
7	725	556	wide	NA
7	726	557	mouth	NA
7	727	558	compressed.	NA
7	728	558	compressed.	NA
7	729	559	In	NA
7	730	560	a	NA
7	731	561	way,	NA
7	732	561	way,	NA
7	733	562	he	NA
7	734	563	couldn't	NA
7	735	563	couldn't	NA
7	736	564	blame	NA
7	737	565	her.	NA
7	738	565	her.	NA
7	739	566	He	NA
7	740	567	had	NA
7	741	568	picked	NA
7	742	569	out	NA
7	743	570	this	NA
7	744	571	pathless	NA
7	745	571	pathless	NA
7	746	572	trail,	NA
7	747	572	trail,	NA
7	748	573	instead	NA
7	749	574	of	NA
7	750	575	the	NA
7	751	576	common	NA
7	752	577	one,	NA
7	753	577	one,	NA
7	754	578	in	NA
7	755	579	a	NA
7	756	580	moment	NA
7	757	581	of	NA
7	758	582	romantic	NA
7	759	583	fancy,	NA
7	760	583	fancy,	NA
7	761	584	to	NA
7	762	585	give	NA
7	763	586	them	NA
7	764	587	privacy	NA
7	765	588	on	NA
7	766	589	their	NA
7	767	590	honeymoon.	NA
7	768	590	honeymoon.	NA
7	769	590	honeymoon.	NA
7	770	591	It	NA
7	771	592	had	NA
7	772	593	been	NA
7	773	594	a	NA
7	774	595	mistake,	NA
7	775	595	mistake,	NA
7	776	596	but	NA
7	777	597	anything	NA
7	778	598	would	NA
7	779	599	have	NA
7	780	600	been	NA
7	781	601	a	NA
7	782	602	mistake,	NA
7	783	602	mistake,	NA
7	784	603	as	NA
7	785	604	it	NA
7	786	605	turned	NA
7	787	606	out.	NA
7	788	606	out.	NA
7	789	607	It	NA
7	790	608	wasn't	NA
7	791	608	wasn't	NA
7	792	609	the	it.
7	793	610	roughness	it.
7	794	610	roughness	it.
7	795	611	and	it.
7	796	612	crudity	it.
7	797	612	crudity	it.
7	798	612	crudity	it.
7	799	613	and	it.
7	800	614	discomfort	it.
7	801	615	of	it.
7	802	616	the	it.
7	803	617	trip	it.
7	804	618	that	it.
7	805	619	had	it.
7	806	620	frightened	it.
7	807	621	her.	it.
7	808	621	her.	it.
7	809	622	She	NA
7	810	623	had	NA
7	811	624	hated	NA
7	812	625	the	it
7	813	626	whole	it
7	814	627	idea	it
7	815	628	before	NA
7	816	629	they	NA
7	817	630	started.	NA
7	818	630	started.	NA
8	0	0	Buffeted	NA
8	1	0	Buffeted	NA
8	2	0	Buffeted	NA
8	3	1	by	NA
8	4	2	swirling	them,
8	5	3	winds,	them,
8	6	3	winds,	them,
8	7	4	the	NA
8	8	5	little	NA
8	9	6	green	NA
8	10	7	biplane	NA
8	11	7	biplane	NA
8	12	8	struggled	NA
8	13	9	northward	NA
8	14	9	northward	NA
8	15	10	between	NA
8	16	11	the	them.
8	17	12	mountains	them.
8	18	13	beyond	them.
8	19	14	Northfield	them.
8	20	14	Northfield	them.
8	21	15	Gulf.	them.
8	22	15	Gulf.	them.
8	23	16	Wires	They
8	24	16	Wires	They
8	25	17	whined	NA
8	26	17	whined	NA
8	27	18	as	NA
8	28	19	a	it
8	29	20	cold	it
8	30	21	November	it
8	31	22	blast	it
8	32	23	rocked	NA
8	33	24	the	them,
8	34	25	silver	them,
8	35	26	wings,	them,
8	36	26	wings,	them,
8	37	27	but	NA
8	38	28	the	it
8	39	29	engine	it
8	40	30	roar	it
8	41	31	was	NA
8	42	32	reassuring	NA
8	43	33	to	NA
8	44	34	the	NA
8	45	35	pilot	NA
8	46	36	bundled	NA
8	47	37	in	NA
8	48	38	the	NA
8	49	39	open	NA
8	50	40	cockpit.	NA
8	51	40	cockpit.	NA
8	52	41	He	NA
8	53	42	peered	NA
8	54	42	peered	NA
8	55	43	ahead	NA
8	56	44	and	NA
8	57	45	grinned	NA
8	58	46	as	NA
8	59	47	the	they
8	60	48	railroad	they
8	61	49	tracks	they
8	62	50	came	NA
8	63	51	into	NA
8	64	52	view	NA
8	65	53	again	NA
8	66	54	below.	NA
8	67	54	below.	NA
8	68	55	"Good	"It!"
8	69	55	"Good	"It!"
8	70	56	old	"It!"
8	71	57	iron	"It!"
8	72	58	compass!"	"It!"
8	73	58	compass!"	"It!"
8	74	59	He	NA
8	75	60	thought.	NA
8	76	60	thought.	NA
8	77	61	A	It
8	78	62	plume	It
8	79	62	plume	It
8	80	63	of	It
8	81	64	smoke	It
8	82	65	rose	NA
8	83	66	from	NA
8	84	67	a	it,
8	85	68	Central	it,
8	86	69	Vermont	it,
8	87	70	locomotive	it,
8	88	70	locomotive	it,
8	89	71	which	it,
8	90	72	idled	it,
8	91	72	idled	it,
8	92	73	behind	it,
8	93	74	a	it,
8	94	75	string	it,
8	95	76	of	it,
8	96	77	gravel	it,
8	97	78	cars,	it,
8	98	78	cars,	it,
8	99	79	and	NA
8	100	80	little	they
8	101	81	figures	they
8	102	82	that	they
8	103	83	were	they
8	104	84	workmen	they
8	105	84	workmen	they
8	106	85	labored	NA
8	107	85	labored	NA
8	108	86	to	NA
8	109	87	set	NA
8	110	88	the	it
8	111	89	ruptured	it
8	112	89	ruptured	it
8	113	90	roadbed	it
8	114	90	roadbed	it
8	115	91	to	NA
8	116	92	rights.	NA
8	117	92	rights.	NA
8	118	93	The	They
8	119	94	girders	They
8	120	94	girders	They
8	121	94	girders	They
8	122	95	of	They
8	123	96	a	They
8	124	97	shattered	They
8	125	98	Dog	They
8	126	99	River	They
8	127	100	bridge	They
8	128	101	lay	NA
8	129	102	strewn	NA
8	130	102	strewn	NA
8	131	103	for	NA
8	132	104	half	it
8	133	105	a	it
8	134	106	mile	it
8	135	107	downstream.	NA
8	136	107	downstream.	NA
8	137	108	Vermont's	It
8	138	108	Vermont's	It
8	139	109	main	It
8	140	110	railroad	It
8	141	111	line	It
8	142	112	was	NA
8	143	113	prostrate.	NA
8	144	113	prostrate.	NA
8	145	113	prostrate.	NA
8	146	114	And	NA
8	147	115	in	NA
8	148	116	the	them
8	149	117	dark	them
8	150	118	days	them
8	151	119	after	them
8	152	120	the	them
8	153	121	Great	them
8	154	122	Flood	them
8	155	123	of	them
8	156	124	1927	them
8	157	125	--	NA
8	158	126	the	NA
8	159	127	worst	NA
8	160	128	natural	NA
8	161	129	disaster	NA
8	162	130	in	NA
8	163	131	the	NA
8	164	132	state's	NA
8	165	132	state's	NA
8	166	133	history	NA
8	167	134	--	NA
8	168	135	the	NA
8	169	136	little	NA
8	170	137	plane	NA
8	171	138	was	NA
8	172	139	its	NA
8	173	140	sole	NA
8	174	141	replacement	NA
8	175	142	in	NA
8	176	143	carrying	NA
8	177	144	the	NA
8	178	145	United	NA
8	179	146	States	NA
8	180	147	mails.	NA
8	181	147	mails.	NA
8	182	147	mails.	NA
8	183	148	Rain	It
8	184	149	of	It
8	185	150	near	It
8	186	151	cloudburst	It
8	187	151	cloudburst	It
8	188	152	proportions	It
8	189	153	had	NA
8	190	154	fallen	NA
8	191	155	for	NA
8	192	156	three	them
8	193	157	full	them
8	194	158	days	them
8	195	159	and	NA
8	196	160	it	NA
8	197	161	was	NA
8	198	162	still	NA
8	199	163	raining	NA
8	200	164	on	NA
8	201	165	the	it,
8	202	166	morning	it,
8	203	167	of	it,
8	204	168	Friday,	it,
8	205	168	Friday,	it,
8	206	169	November	it,
8	207	170	4,	it,
8	208	170	4,	it,
8	209	171	1927,	it,
8	210	171	1927,	it,
8	211	172	when	NA
8	212	173	officials	NA
8	213	174	of	NA
8	214	175	the	NA
8	215	176	Post	NA
8	216	177	Office	NA
8	217	178	Department's	NA
8	218	178	Department's	NA
8	219	179	Railway	NA
8	220	180	Mail	NA
8	221	181	Service	NA
8	222	182	realized	NA
8	223	183	that	NA
8	224	184	their	NA
8	225	185	distribution	NA
8	226	186	system	NA
8	227	187	for	NA
8	228	188	Vermont	NA
8	229	189	had	NA
8	230	190	been	NA
8	231	191	almost	NA
8	232	192	totally	NA
8	233	193	destroyed	NA
8	234	194	overnight.	NA
8	235	194	overnight.	NA
8	236	195	Clerks	NA
8	237	195	Clerks	NA
8	238	195	Clerks	NA
8	239	196	and	NA
8	240	197	postmasters	NA
8	241	197	postmasters	NA
8	242	198	shoveled	NA
8	243	198	shoveled	NA
8	244	199	muck	it
8	245	199	muck	it
8	246	200	out	NA
8	247	201	of	NA
8	248	202	their	NA
8	249	203	offices	NA
8	250	204	--	NA
8	251	205	those	they
8	252	206	who	they
8	253	207	still	they
8	254	208	had	they
8	255	209	offices	they
8	256	210	--	NA
8	257	211	and	NA
8	258	212	wondered	NA
8	259	213	how	NA
8	260	214	to	NA
8	261	215	move	NA
8	262	216	the	NA
8	263	217	mail.	NA
8	264	217	mail.	NA
8	265	218	The	NA
8	266	219	state's	NA
8	267	219	state's	NA
8	268	220	railroad	NA
8	269	221	system	NA
8	270	222	counted	NA
8	271	223	miles	it:
8	272	224	of	it:
8	273	225	broken	it:
8	274	226	bridges	it:
8	275	227	and	it:
8	276	228	missing	it:
8	277	229	rights-of-way:	it:
8	278	229	rights-of-way:	it:
8	279	229	rights-of-way:	it:
8	280	229	rights-of-way:	it:
8	281	229	rights-of-way:	it:
8	282	229	rights-of-way:	it:
8	283	230	it	NA
8	284	231	would	NA
8	285	232	obviously	NA
8	286	233	remain	NA
8	287	234	out	NA
8	288	235	of	NA
8	289	236	commission	NA
8	290	237	for	NA
8	291	238	weeks.	it.
8	292	238	weeks.	it.
8	293	239	And	NA
8	294	240	once	NA
8	295	241	medicine,	NA
8	296	241	medicine,	NA
8	297	242	food,	it,
8	298	242	food,	it,
8	299	243	clothing	it
8	300	244	and	NA
8	301	245	shelter	it
8	302	246	had	NA
8	303	247	been	NA
8	304	248	provided	NA
8	305	249	for	NA
8	306	250	the	them,
8	307	251	flood's	them,
8	308	251	flood's	them,
8	309	252	victims,	them,
8	310	252	victims,	them,
8	311	253	communications	it
8	312	254	and	NA
8	313	255	the	NA
8	314	256	mail	NA
8	315	257	were	NA
8	316	258	the	they.
8	317	259	next	they.
8	318	260	top	they.
8	319	261	problems.	they.
8	320	261	problems.	they.
8	321	262	From	NA
8	322	263	Burlington,	NA
8	323	263	Burlington,	NA
8	324	264	outgoing	it
8	325	265	mail	it
8	326	266	could	NA
8	327	267	be	NA
8	328	268	ferried	NA
8	329	268	ferried	NA
8	330	269	across	NA
8	331	270	Lake	it
8	332	271	Champlain	it
8	333	271	Champlain	it
8	334	272	to	NA
8	335	273	the	it.
8	336	274	railroad	it.
8	337	275	at	it.
8	338	276	Port	it.
8	339	277	Kent,	it.
8	340	277	Kent,	it.
8	341	278	N.	it.
8	342	278	N.	it.
8	343	279	Y.	it.
8	344	279	Y.	it.
8	345	280	But	NA
8	346	281	what	NA
8	347	282	came	NA
8	348	283	in	NA
8	349	284	was	NA
8	350	285	piling	NA
8	351	286	up.	NA
8	352	286	up.	NA
8	353	287	The	It
8	354	288	nearest	It
8	355	289	undisrupted	It
8	356	289	undisrupted	It
8	357	290	end	It
8	358	291	of	It
8	359	292	track	It
8	360	293	from	It
8	361	294	Boston	It
8	362	295	was	NA
8	363	296	at	NA
8	364	297	Concord,	NA
8	365	297	Concord,	NA
8	366	298	N.	NA
8	367	298	N.	NA
8	368	299	H.	NA
8	369	299	H.	NA
8	370	300	When	NA
8	371	301	Governor	he
8	372	302	Al	he
8	373	303	Smith	he
8	374	304	offered	NA
8	375	305	New	NA
8	376	306	York	NA
8	377	307	National	NA
8	378	308	Guard	NA
8	379	309	planes	NA
8	380	310	to	NA
8	381	311	fly	NA
8	382	312	the	NA
8	383	313	mail	NA
8	384	314	in	NA
8	385	315	and	NA
8	386	316	out	NA
8	387	317	of	NA
8	388	318	the	NA
8	389	319	state,	NA
8	390	319	state,	NA
8	391	320	it	NA
8	392	321	seemed	NA
8	393	322	a	NA
8	394	323	likely	NA
8	395	324	temporary	NA
8	396	325	solution,	NA
8	397	325	solution,	NA
8	398	326	easing	NA
8	399	327	Burlington's	it
8	400	327	Burlington's	it
8	401	328	bottleneck	it
8	402	329	and	NA
8	403	330	that	it
8	404	331	at	it
8	405	332	Montpelier	it
8	406	332	Montpelier	it
8	407	332	Montpelier	it
8	408	333	too.	NA
8	409	333	too.	NA
8	410	334	The	It
8	411	335	question	It
8	412	336	was	NA
8	413	337	"Where	NA
8	414	337	"Where	NA
8	415	338	to	NA
8	416	339	land?"	NA
8	417	339	land?"	NA
8	418	340	There	NA
8	419	341	was	NA
8	420	342	no	it
8	421	343	such	it
8	422	344	thing	it
8	423	345	as	it
8	424	346	an	it
8	425	347	airport	it
8	426	348	in	NA
8	427	349	Vermont.	NA
8	428	349	Vermont.	NA
8	429	350	Burlington	He
8	430	351	aviator	He
8	431	351	aviator	He
8	432	352	John	NA
8	433	353	J.	NA
8	434	353	J.	NA
8	435	354	Burns	NA
8	436	355	suggested	NA
8	437	356	the	it,
8	438	357	parade	it,
8	439	358	ground	it,
8	440	359	southwest	it,
8	441	360	of	it,
8	442	361	Fort	it,
8	443	362	Ethan	it,
8	444	363	Allen,	it,
8	445	363	Allen,	it,
8	446	364	and	NA
8	447	365	soon	NA
8	448	366	a	NA
8	449	367	dozen	NA
8	450	368	hastily-summoned	NA
8	451	368	hastily-summoned	NA
8	452	368	hastily-summoned	NA
8	453	368	hastily-summoned	NA
8	454	368	hastily-summoned	NA
8	455	369	National	NA
8	456	370	Guard	NA
8	457	371	pilots	NA
8	458	372	were	NA
8	459	373	bringing	NA
8	460	374	their	them
8	461	375	wide-winged	them
8	462	375	wide-winged	them
8	463	375	wide-winged	them
8	464	375	wide-winged	them
8	465	376	"Jenny"	them
8	466	376	"Jenny"	them
8	467	376	"Jenny"	them
8	468	376	"Jenny"	them
8	469	377	and	them
8	470	378	DeHaviland	them
8	471	378	DeHaviland	them
8	472	378	DeHaviland	them
8	473	378	DeHaviland	them
8	474	379	two-seaters	them
8	475	379	two-seaters	them
8	476	379	two-seaters	them
8	477	379	two-seaters	them
8	478	380	to	NA
8	479	381	rest	NA
8	480	382	on	NA
8	481	383	the	it.
8	482	384	frozen	it.
8	483	385	sod	it.
8	484	386	of	it.
8	485	387	the	it.
8	486	388	military	it.
8	487	389	base.	it.
8	488	389	base.	it.
8	489	390	The	It
8	490	391	only	It
8	491	392	available	It
8	492	393	field	It
8	493	394	that	It
8	494	395	could	It
8	495	396	be	It
8	496	397	used	It
8	497	398	near	It
8	498	399	flood-ravaged	It
8	499	399	flood-ravaged	It
8	500	399	flood-ravaged	It
8	501	399	flood-ravaged	It
8	502	400	Montpelier	It
8	503	400	Montpelier	It
8	504	400	Montpelier	It
8	505	401	was	NA
8	506	402	on	NA
8	507	403	the	NA
8	508	404	Towne	NA
8	509	404	Towne	NA
8	510	405	farm	NA
8	511	406	off	NA
8	512	407	upper	NA
8	513	408	Main	NA
8	514	409	Street,	NA
8	515	409	Street,	NA
8	516	410	a	NA
8	517	411	narrow	NA
8	518	412	hillside	NA
8	519	412	hillside	NA
8	520	413	where	NA
8	521	414	takeoffs	NA
8	522	414	takeoffs	NA
8	523	415	and	NA
8	524	416	landings	NA
8	525	416	landings	NA
8	526	417	could	NA
8	527	418	be	NA
8	528	419	safely	NA
8	529	420	made	NA
8	530	421	only	NA
8	531	422	under	NA
8	532	423	light	NA
8	533	424	wind	NA
8	534	425	conditions.	NA
8	535	425	conditions.	NA
8	536	426	Over	NA
8	537	427	in	NA
8	538	428	Barre	NA
8	539	428	Barre	NA
8	540	429	the	they
8	541	430	streets	they
8	542	431	had	NA
8	543	432	been	NA
8	544	433	deep	NA
8	545	434	in	NA
8	546	435	swirling	it,
8	547	436	water,	it,
8	548	436	water,	it,
8	549	437	and	NA
8	550	438	bridges	they
8	551	439	were	NA
8	552	440	crumpled	NA
8	553	440	crumpled	NA
8	554	440	crumpled	NA
8	555	441	and	NA
8	556	442	gone.	NA
8	557	442	gone.	NA
8	558	443	Anticipating	NA
8	559	443	Anticipating	NA
8	560	443	Anticipating	NA
8	561	444	delivery	it,
8	562	445	of	it,
8	563	446	medicines	it,
8	564	447	and	it,
8	565	448	yeast	it,
8	566	449	by	it,
8	567	450	plane,	it,
8	568	450	plane,	it,
8	569	451	Granite	they
8	570	451	Granite	they
8	571	452	City	they
8	572	453	citizens	they
8	573	454	formed	NA
8	574	455	an	it
8	575	456	airfield	it
8	576	456	airfield	it
8	577	457	committee	it
8	578	458	and	NA
8	579	459	with	NA
8	580	460	the	it,
8	581	461	aid	it,
8	582	462	of	it,
8	583	463	quarrymen	it,
8	584	463	quarrymen	it,
8	585	464	and	it,
8	586	465	the	it,
8	587	466	172nd	it,
8	588	466	172nd	it,
8	589	467	Infantry,	it,
8	590	467	Infantry,	it,
8	591	468	Vermont	NA
8	592	469	National	NA
8	593	470	Guard,	NA
8	594	470	Guard,	NA
8	595	471	laid	NA
8	596	472	out	NA
8	597	473	runways	them
8	598	473	runways	them
8	599	474	on	NA
8	600	475	Wilson	it,
8	601	476	flat,	it,
8	602	476	flat,	it,
8	603	477	high	NA
8	604	478	on	NA
8	605	479	Millstone	it.
8	606	479	Millstone	it.
8	607	480	Hill.	it.
8	608	480	Hill.	it.
8	609	481	The	NA
8	610	482	"Barre	NA
8	611	482	"Barre	NA
8	612	482	"Barre	NA
8	613	483	Aviation	NA
8	614	484	Field"	NA
8	615	484	Field"	NA
8	616	485	was	NA
8	617	486	set	NA
8	618	487	to	NA
8	619	488	receive	NA
8	620	489	its	its
8	621	490	first	its
8	622	491	aircraft	its
8	623	492	the	it.
8	624	493	Sunday	it.
8	625	494	following	it.
8	626	495	the	it.
8	627	496	flood.	it.
8	628	496	flood.	it.
8	629	497	Though	NA
8	630	498	the	they
8	631	499	makeshift	they
8	632	500	airports	they
8	633	501	were	NA
8	634	502	ready,	NA
8	635	502	ready,	NA
8	636	503	the	NA
8	637	504	York	NA
8	638	505	State	NA
8	639	506	Guard	NA
8	640	507	flyers	NA
8	641	508	proved	NA
8	642	509	unable	NA
8	643	510	to	NA
8	644	511	keep	NA
8	645	512	any	it.
8	646	513	kind	it.
8	647	514	of	it.
8	648	515	mail	it.
8	649	516	schedule.	it.
8	650	516	schedule.	it.
8	651	517	They	NA
8	652	518	had	NA
8	653	519	courage	it
8	654	520	but	NA
8	655	521	their	it
8	656	522	meager	it
8	657	523	training	it
8	658	524	consisted	NA
8	659	525	of	NA
8	660	526	weekend	them,
8	661	527	hops	them,
8	662	528	in	them,
8	663	529	good	them,
8	664	530	weather,	them,
8	665	530	weather,	them,
8	666	531	in	them,
8	667	532	and	them,
8	668	533	out	them,
8	669	534	of	them,
8	670	535	established	them,
8	671	536	airports,	them,
8	672	536	airports,	them,
8	673	537	and	NA
8	674	538	the	it
8	675	539	increasingly	it
8	676	540	cold	it
8	677	541	weather	it
8	678	542	soon	NA
8	679	543	raised	NA
8	680	544	hob	it
8	681	545	with	NA
8	682	546	the	them.
8	683	547	water	them.
8	684	548	cooled	them.
8	685	549	engines	them.
8	686	550	of	them.
8	687	551	their	them.
8	688	552	World	them.
8	689	553	War	them.
8	690	554	I	them.
8	691	555	planes.	them.
8	692	555	planes.	them.
8	693	556	It	NA
8	694	557	seemed	NA
8	695	558	like	NA
8	696	559	a	it
8	697	560	good	it
8	698	561	time	it
8	699	562	for	NA
8	700	563	officials	NA
8	701	564	to	NA
8	702	565	use	NA
8	703	566	a	it.
8	704	567	recently-passed	it.
8	705	567	recently-passed	it.
8	706	567	recently-passed	it.
8	707	567	recently-passed	it.
8	708	568	law	it.
8	709	569	empowering	it.
8	710	570	the	it.
8	711	571	post	it.
8	712	572	office	it.
8	713	573	department	it.
8	714	574	to	it.
8	715	575	contract	it.
8	716	576	for	it.
8	717	577	the	it.
8	718	578	transport	it.
8	719	579	of	it.
8	720	580	first	it.
8	721	581	class	it.
8	722	582	mail	it.
8	723	583	by	it.
8	724	584	air.	it.
8	725	584	air.	it.
8	726	585	They	NA
8	727	586	had	NA
8	728	587	to	NA
8	729	588	act	NA
8	730	589	fast,	NA
8	731	589	fast,	NA
8	732	590	for	NA
8	733	591	letters	they
8	734	592	were	NA
8	735	593	clogging	NA
8	736	593	clogging	NA
8	737	594	the	them.
8	738	595	terminals.	them.
8	739	595	terminals.	them.
8	740	596	Down	NA
8	741	597	in	NA
8	742	598	Concord,	NA
8	743	598	Concord,	NA
8	744	599	New	NA
8	745	600	Hampshire,	NA
8	746	600	Hampshire,	NA
8	747	601	was	NA
8	748	602	a	NA
8	749	603	flier	NA
8	750	603	flier	NA
8	751	604	in	NA
8	752	605	the	NA
8	753	606	right	NA
8	754	607	place	NA
8	755	608	at	NA
8	756	609	the	NA
8	757	610	right	NA
8	758	611	time:	NA
8	759	611	time:	NA
8	760	612	Robert	NA
8	761	613	S.	NA
8	762	613	S.	NA
8	763	614	Fogg,	NA
8	764	614	Fogg,	NA
8	765	614	Fogg,	NA
8	766	615	a	NA
8	767	616	native	NA
8	768	617	New	NA
8	769	618	Englander,	NA
8	770	618	Englander,	NA
8	771	618	Englander,	NA
8	772	619	had	NA
8	773	620	been	NA
8	774	621	a	he,
8	775	622	World	he,
8	776	623	War	he,
8	777	624	I	he,
8	778	625	flying	he,
8	779	626	instructor,	he,
8	780	626	instructor,	he,
8	781	627	barnstormer,	he,
8	782	627	barnstormer,	he,
8	783	627	barnstormer,	he,
8	784	627	barnstormer,	he,
8	785	628	and	NA
8	786	629	one	NA
8	787	630	of	NA
8	788	631	the	them.
8	789	632	original	them.
8	790	633	planners	them.
8	791	634	of	them.
8	792	635	the	them.
8	793	636	Concord	them.
8	794	637	Airport.	them.
8	795	637	Airport.	them.
9	0	0	I	NA
9	1	1	don't	NA
9	2	1	don't	NA
9	3	2	really	NA
9	4	3	believe	NA
9	5	4	in	NA
9	6	5	intuition.	it.
9	7	5	intuition.	it.
9	8	6	But	NA
9	9	7	I	NA
9	10	8	swear	NA
9	11	9	to	NA
9	12	10	you	NA
9	13	11	from	NA
9	14	12	the	it,
9	15	13	moment	it,
9	16	14	I	it,
9	17	15	opened	it,
9	18	16	my	it,
9	19	17	eyes,	it,
9	20	17	eyes,	it,
9	21	18	I	I.
9	22	19	knew	I.
9	23	20	it	I.
9	24	21	was	I.
9	25	22	going	I.
9	26	23	to	I.
9	27	24	be	I.
9	28	25	a	I.
9	29	26	bad	I.
9	30	27	day.	I.
9	31	27	day.	I.
9	32	28	Part	It
9	33	29	of	It
9	34	30	it	It
9	35	31	was	NA
9	36	32	the	it,
9	37	33	weather,	it,
9	38	33	weather,	it,
9	39	34	so	NA
9	40	35	foggy	NA
9	41	35	foggy	NA
9	42	36	it	NA
9	43	37	would	NA
9	44	38	take	NA
9	45	39	me	NA
9	46	40	twice	NA
9	47	41	as	NA
9	48	42	long	NA
9	49	43	to	NA
9	50	44	get	NA
9	51	45	to	NA
9	52	46	the	NA
9	53	47	hospital.	NA
9	54	47	hospital.	NA
9	55	48	Part	It
9	56	49	of	It
9	57	50	it	It
9	58	51	was	NA
9	59	52	being	NA
9	60	53	so	NA
9	61	54	tired	NA
9	62	55	--	NA
9	63	56	I'd	NA
9	64	56	I'd	NA
9	65	57	not	NA
9	66	58	only	NA
9	67	59	had	NA
9	68	60	my	my
9	69	61	usual	my
9	70	62	full	my
9	71	63	day	my
9	72	64	yesterday,	it,
9	73	64	yesterday,	it,
9	74	65	but	NA
9	75	66	a	it.
9	76	67	dinner	it.
9	77	68	meeting	it.
9	78	69	as	it.
9	79	70	well,	it.
9	80	70	well,	it.
9	81	71	that	it.
9	82	72	kept	it.
9	83	73	me	it.
9	84	74	up	it.
9	85	75	late.	it.
9	86	75	late.	it.
9	87	76	But	NA
9	88	77	the	NA
9	89	78	rest	NA
9	90	79	of	NA
9	91	80	it,	NA
9	92	80	it,	NA
9	93	81	the	NA
9	94	82	main	NA
9	95	83	part,	NA
9	96	83	part,	NA
9	97	84	wasn't	NA
9	98	84	wasn't	NA
9	99	85	based	NA
9	100	86	on	NA
9	101	87	logic	it
9	102	88	at	NA
9	103	89	all.	NA
9	104	89	all.	NA
9	105	90	It	NA
9	106	91	was	NA
9	107	92	just	NA
9	108	93	going	NA
9	109	94	to	NA
9	110	95	be	NA
9	111	96	one	NA
9	112	97	of	NA
9	113	98	those	NA
9	114	99	days.	NA
9	115	99	days.	NA
9	116	100	For	NA
9	117	101	the	NA
9	118	102	thousandth	NA
9	119	102	thousandth	NA
9	120	103	time,	NA
9	121	103	time,	NA
9	122	104	I	NA
9	123	105	wished	NA
9	124	106	I'd	NA
9	125	106	I'd	NA
9	126	107	chosen	NA
9	127	108	some	NA
9	128	109	nice,	NA
9	129	109	nice,	NA
9	130	110	nine-to-five,	NA
9	131	110	nine-to-five,	NA
9	132	110	nine-to-five,	NA
9	133	110	nine-to-five,	NA
9	134	110	nine-to-five,	NA
9	135	110	nine-to-five,	NA
9	136	111	five-days-a-week	NA
9	137	111	five-days-a-week	NA
9	138	111	five-days-a-week	NA
9	139	111	five-days-a-week	NA
9	140	111	five-days-a-week	NA
9	141	111	five-days-a-week	NA
9	142	111	five-days-a-week	NA
9	143	112	profession.	NA
9	144	112	profession.	NA
9	145	113	And	NA
9	146	114	for	NA
9	147	115	the	NA
9	148	116	thousandth	NA
9	149	116	thousandth	NA
9	150	117	time,	NA
9	151	117	time,	NA
9	152	118	I	NA
9	153	119	answered	NA
9	154	120	myself.	NA
9	155	120	myself.	NA
9	156	121	I	NA
9	157	122	hadn't	NA
9	158	122	hadn't	NA
9	159	123	chosen	NA
9	160	124	medicine	NA
9	161	125	--	NA
9	162	126	it	NA
9	163	127	had	NA
9	164	128	chosen	NA
9	165	129	me.	NA
9	166	129	me.	NA
9	167	130	Actually,	NA
9	168	130	Actually,	NA
9	169	131	I	NA
9	170	132	shouldn't	NA
9	171	132	shouldn't	NA
9	172	133	complain,	NA
9	173	133	complain,	NA
9	174	134	I	NA
9	175	135	told	NA
9	176	136	myself	NA
9	177	137	in	NA
9	178	138	the	it.
9	179	139	shaving	it.
9	180	140	mirror.	it.
9	181	140	mirror.	it.
9	182	141	I	NA
9	183	142	had	NA
9	184	143	a	it.
9	185	144	lot	it.
9	186	145	to	it.
9	187	146	be	it.
9	188	147	thankful	it.
9	189	148	for.	it.
9	190	148	for.	it.
9	191	149	A	NA
9	192	150	profession	NA
9	193	151	that	NA
9	194	152	brought	NA
9	195	153	me	NA
9	196	154	as	NA
9	197	155	good	NA
9	198	156	an	NA
9	199	157	income	NA
9	200	158	as	NA
9	201	159	mine	NA
9	202	160	wasn't	NA
9	203	160	wasn't	NA
9	204	161	to	NA
9	205	162	be	NA
9	206	163	sneezed	NA
9	207	163	sneezed	NA
9	208	163	sneezed	NA
9	209	164	at.	NA
9	210	164	at.	NA
9	211	165	Maybe	NA
9	212	166	I	NA
9	213	167	didn't	NA
9	214	167	didn't	NA
9	215	168	see	NA
9	216	169	as	NA
9	217	170	much	NA
9	218	171	of	NA
9	219	172	Gladdy	NA
9	220	172	Gladdy	NA
9	221	173	as	NA
9	222	174	I'd	NA
9	223	174	I'd	NA
9	224	175	like,	NA
9	225	175	like,	NA
9	226	176	but	NA
9	227	177	how	NA
9	228	178	much	NA
9	229	179	worse	NA
9	230	180	it	NA
9	231	181	would	NA
9	232	182	have	NA
9	233	183	been	NA
9	234	184	if	NA
9	235	185	I'd	NA
9	236	185	I'd	NA
9	237	186	had	NA
9	238	187	to	NA
9	239	188	board	NA
9	240	189	her	NA
9	241	190	out	NA
9	242	191	somewhere	NA
9	243	192	after	NA
9	244	193	Alice	NA
9	245	194	went	NA
9	246	195	--	NA
9	247	196	send	NA
9	248	197	my	NA
9	249	198	daughter	NA
9	250	199	to	NA
9	251	200	an	it
9	252	201	orphanage	it
9	253	201	orphanage	it
9	254	202	or	NA
9	255	203	a	it.
9	256	204	boarding-home.	it.
9	257	204	boarding-home.	it.
9	258	204	boarding-home.	it.
9	259	204	boarding-home.	it.
9	260	205	At	NA
9	261	206	least,	NA
9	262	206	least,	NA
9	263	207	we	NA
9	264	208	were	NA
9	265	209	together	NA
9	266	210	and	NA
9	267	211	we	NA
9	268	212	had	NA
9	269	213	Mrs.	NA
9	270	213	Mrs.	NA
9	271	214	Hodges,	NA
9	272	214	Hodges,	NA
9	273	214	Hodges,	NA
9	274	215	bless	NA
9	275	216	her,	NA
9	276	216	her,	NA
9	277	217	to	NA
9	278	218	look	NA
9	279	219	after	NA
9	280	220	us	NA
9	281	221	--	NA
9	282	222	no	she
9	283	223	mother	she
9	284	224	could	NA
9	285	225	be	NA
9	286	226	fonder	NA
9	287	226	fonder	NA
9	288	227	of	NA
9	289	228	Gladdy	NA
9	290	228	Gladdy	NA
9	291	229	than	NA
9	292	230	Mrs.	NA
9	293	230	Mrs.	NA
9	294	231	Hodges	NA
9	295	231	Hodges	NA
9	296	232	was.	NA
9	297	232	was.	NA
9	298	233	I	NA
9	299	234	was	NA
9	300	235	lucky	NA
9	301	236	in	NA
9	302	237	lots	NA
9	303	238	of	NA
9	304	239	ways,	NA
9	305	239	ways,	NA
9	306	240	no	NA
9	307	241	doubt	NA
9	308	242	about	NA
9	309	243	it.	NA
9	310	243	it.	NA
9	311	244	Especially	NA
9	312	245	in	NA
9	313	246	the	her.
9	314	247	way	her.
9	315	248	Gladdy	her.
9	316	248	Gladdy	her.
9	317	249	had	her.
9	318	250	turned	her.
9	319	251	out.	her.
9	320	251	out.	her.
9	321	252	Growing	NA
9	322	253	up	NA
9	323	254	without	NA
9	324	255	a	NA
9	325	256	mother	NA
9	326	257	from	NA
9	327	258	the	NA
9	328	259	time	NA
9	329	260	she	NA
9	330	261	was	NA
9	331	262	three	NA
9	332	263	--	NA
9	333	264	it	NA
9	334	265	wasn't	NA
9	335	265	wasn't	NA
9	336	266	a	NA
9	337	267	good	NA
9	338	268	thing	NA
9	339	269	for	NA
9	340	270	a	her,
9	341	271	child,	her,
9	342	271	child,	her,
9	343	272	even	NA
9	344	273	knowing	NA
9	345	274	the	her.
9	346	275	kind	her.
9	347	276	of	her.
9	348	277	mother	her.
9	349	278	Alice	her.
9	350	279	had	her.
9	351	280	been.	her.
9	352	280	been.	her.
9	353	281	But	NA
9	354	282	I	NA
9	355	283	mustn't	NA
9	356	283	mustn't	NA
9	357	283	mustn't	NA
9	358	284	start	NA
9	359	285	on	NA
9	360	286	Alice.	NA
9	361	286	Alice.	NA
9	362	287	She	NA
9	363	288	is	NA
9	364	289	a	NA
9	365	290	closed	NA
9	366	291	book,	NA
9	367	291	book,	NA
9	368	292	a	NA
9	369	293	picture	NA
9	370	294	I	NA
9	371	295	keep	NA
9	372	296	on	NA
9	373	297	my	NA
9	374	298	bureau,	NA
9	375	298	bureau,	NA
9	376	299	but	NA
9	377	300	never	NA
9	378	301	look	NA
9	379	302	at.	NA
9	380	302	at.	NA
9	381	303	If	NA
9	382	304	she'd	NA
9	383	304	she'd	NA
9	384	305	kept	NA
9	385	306	on	NA
9	386	307	as	NA
9	387	308	she'd	NA
9	388	308	she'd	NA
9	389	309	been	NA
9	390	310	going,	NA
9	391	310	going,	NA
9	392	311	the	it
9	393	312	story	it
9	394	313	I'd	it
9	395	313	I'd	it
9	396	314	told	it
9	397	315	Gladdy	it
9	398	315	Gladdy	it
9	399	316	would	NA
9	400	317	probably	NA
9	401	318	have	NA
9	402	319	been	NA
9	403	320	true	NA
9	404	321	by	NA
9	405	322	now,	NA
9	406	322	now,	NA
9	407	323	anyhow...	NA
9	408	323	anyhow...	NA
9	409	323	anyhow...	NA
9	410	324	As	NA
9	411	325	usual,	NA
9	412	325	usual,	NA
9	413	326	Gladdy's	it
9	414	326	Gladdy's	it
9	415	326	Gladdy's	it
9	416	327	bright	it
9	417	328	smile	it
9	418	329	greeted	NA
9	419	330	me	NA
9	420	331	at	NA
9	421	332	the	it.
9	422	333	breakfast	it.
9	423	334	table.	it.
9	424	334	table.	it.
9	425	335	Her	NA
9	426	336	first	NA
9	427	337	class	NA
9	428	338	wasn't	NA
9	429	338	wasn't	NA
9	430	339	until	NA
9	431	340	ten,	NA
9	432	340	ten,	NA
9	433	341	but	NA
9	434	342	she	NA
9	435	343	always	NA
9	436	344	got	NA
9	437	345	up	NA
9	438	346	to	NA
9	439	347	have	NA
9	440	348	breakfast	NA
9	441	349	with	NA
9	442	350	me.	NA
9	443	350	me.	NA
9	444	351	It	NA
9	445	352	made	NA
9	446	353	me	NA
9	447	354	feel	NA
9	448	355	good	NA
9	449	356	and	NA
9	450	357	knowing	NA
9	451	358	that	NA
9	452	359	she'd	NA
9	453	359	she'd	NA
9	454	360	decided,	NA
9	455	360	decided,	NA
9	456	361	all	NA
9	457	362	on	NA
9	458	363	her	NA
9	459	364	own,	NA
9	460	364	own,	NA
9	461	365	to	NA
9	462	366	go	NA
9	463	367	to	NA
9	464	368	college	it
9	465	369	right	NA
9	466	370	here	NA
9	467	371	in	NA
9	468	372	town	it
9	469	373	made	NA
9	470	374	me	NA
9	471	375	feel	NA
9	472	376	good,	NA
9	473	376	good,	NA
9	474	377	too.	NA
9	475	377	too.	NA
9	476	378	Oh,	NA
9	477	378	Oh,	NA
9	478	379	I	NA
9	479	380	knew	NA
9	480	381	that	NA
9	481	382	I	NA
9	482	383	couldn't	NA
9	483	383	couldn't	NA
9	484	384	give	NA
9	485	385	myself	NA
9	486	386	all	NA
9	487	387	the	NA
9	488	388	credit	NA
9	489	389	for	NA
9	490	390	her	NA
9	491	391	decision.	NA
9	492	391	decision.	NA
9	493	392	I	NA
9	494	393	had	NA
9	495	394	a	NA
9	496	395	feeling	NA
9	497	396	that	NA
9	498	397	young	NA
9	499	398	Pete	NA
9	500	399	Michelson,	NA
9	501	399	Michelson,	NA
9	502	399	Michelson,	NA
9	503	400	the	he,
9	504	401	most	he,
9	505	402	promising	he,
9	506	403	intern	he,
9	507	404	at	he,
9	508	405	Fairview,	he,
9	509	405	Fairview,	he,
9	510	405	Fairview,	he,
9	511	406	had	NA
9	512	407	something	NA
9	513	408	to	NA
9	514	409	do	NA
9	515	410	with	NA
9	516	411	it,	NA
9	517	411	it,	NA
9	518	412	too.	NA
9	519	412	too.	NA
9	520	413	She'd	NA
9	521	413	She'd	NA
9	522	414	been	NA
9	523	415	out	NA
9	524	416	with	NA
9	525	417	Pete	NA
9	526	418	the	NA
9	527	419	night	NA
9	528	420	before	NA
9	529	421	and	NA
9	530	422	her	NA
9	531	423	gay	NA
9	532	424	chatter	NA
9	533	425	about	NA
9	534	426	their	NA
9	535	427	date	NA
9	536	428	lightened	NA
9	537	428	lightened	NA
9	538	429	my	NA
9	539	430	mood	NA
9	540	431	a	NA
9	541	432	little.	NA
9	542	432	little.	NA
9	543	433	But	NA
9	544	434	once	NA
9	545	435	I	NA
9	546	436	was	NA
9	547	437	alone	NA
9	548	438	again,	NA
9	549	438	again,	NA
9	550	439	driving	NA
9	551	440	to	NA
9	552	441	the	NA
9	553	442	hospital,	NA
9	554	442	hospital,	NA
9	555	443	the	NA
9	556	444	heaviness	NA
9	557	444	heaviness	NA
9	558	445	returned.	NA
9	559	445	returned.	NA
9	560	446	If	NA
9	561	447	she	NA
9	562	448	and	NA
9	563	449	Pete	NA
9	564	450	were	NA
9	565	451	really	NA
9	566	452	getting	NA
9	567	453	serious,	NA
9	568	453	serious,	NA
9	569	454	I'd	NA
9	570	454	I'd	NA
9	571	455	have	NA
9	572	456	to	NA
9	573	457	do	NA
9	574	458	some	NA
9	575	459	hard	NA
9	576	460	thinking.	NA
9	577	460	thinking.	NA
9	578	461	Should	NA
9	579	462	I	NA
9	580	463	tell	NA
9	581	464	him	NA
9	582	465	the	NA
9	583	466	truth	NA
9	584	467	about	NA
9	585	468	Alice?	NA
9	586	468	Alice?	NA
9	587	469	Did	NA
9	588	470	he	NA
9	589	471	have	NA
9	590	472	a	NA
9	591	473	right	NA
9	592	474	to	NA
9	593	475	know	NA
9	594	476	the	NA
9	595	477	secret	NA
9	596	478	I'd	NA
9	597	478	I'd	NA
9	598	479	kept	NA
9	599	480	from	NA
9	600	481	Gladdy	NA
9	601	481	Gladdy	NA
9	602	482	all	NA
9	603	483	these	NA
9	604	484	years?	NA
9	605	484	years?	NA
10	0	0	Sulphur,	They,
10	1	0	Sulphur,	They,
10	2	0	Sulphur,	They,
10	3	0	Sulphur,	They,
10	4	0	Sulphur,	They,
10	5	1	oil,	they,
10	6	1	oil,	they,
10	7	2	and	NA
10	8	3	copra	it
10	9	3	copra	it
10	10	4	make	NA
10	11	5	the	it.
10	12	6	kind	it.
10	13	7	of	it.
10	14	8	tinder	it.
10	15	8	tinder	it.
10	16	9	any	it.
10	17	10	firebug	it.
10	18	10	firebug	it.
10	19	11	dreams	it.
10	20	12	of.	it.
10	21	12	of.	it.
10	22	13	I	NA
10	23	14	suppose	NA
10	24	15	a	he
10	25	16	Lascar	he
10	26	16	Lascar	he
10	27	17	sailor	he
10	28	18	had	NA
10	29	19	sneaked	NA
10	30	19	sneaked	NA
10	31	20	a	it
10	32	21	cigarette	it
10	33	22	in	NA
10	34	23	the	it
10	35	24	hold	it
10	36	25	and	NA
10	37	26	touched	NA
10	38	27	off	NA
10	39	28	the	it.
10	40	29	blaze.	it.
10	41	29	blaze.	it.
10	42	30	Now,	NA
10	43	30	Now,	NA
10	44	31	roaring	NA
10	45	32	up	NA
10	46	33	in	NA
10	47	34	great	them,
10	48	35	oily	them,
10	49	36	clouds	them,
10	50	37	of	them,
10	51	38	smoke	them,
10	52	39	and	them,
10	53	40	flames,	them,
10	54	40	flames,	them,
10	55	41	the	it
10	56	42	fierce	it
10	57	43	heat	it
10	58	44	quickly	NA
10	59	45	drove	NA
10	60	46	us	NA
10	61	47	to	NA
10	62	48	the	it...
10	63	49	stern	it...
10	64	50	where	it...
10	65	51	we	it...
10	66	52	huddled	it...
10	67	52	huddled	it...
10	68	53	like	it...
10	69	54	suffocating	it...
10	70	54	suffocating	it...
10	71	55	sheep,	it...
10	72	55	sheep,	it...
10	73	56	not	it...
10	74	57	knowing	it...
10	75	58	what	it...
10	76	59	to	it...
10	77	60	do...	it...
10	78	60	do...	it...
10	79	61	The	NA
10	80	62	lifeboats	NA
10	81	62	lifeboats	NA
10	82	63	were	NA
10	83	64	stuck	NA
10	84	65	fast.	NA
10	85	65	fast.	NA
10	86	66	We	NA
10	87	67	couldn't	NA
10	88	67	couldn't	NA
10	89	68	budge	NA
10	90	68	budge	NA
10	91	69	them.	NA
10	92	69	them.	NA
10	93	70	I	NA
10	94	71	heard	NA
10	95	72	a	it
10	96	73	cry	it
10	97	74	from	it
10	98	75	a	it
10	99	76	stoker	it
10	100	76	stoker	it
10	101	77	as	NA
10	102	78	a	it
10	103	79	pillar	it
10	104	80	of	it
10	105	81	flame	it
10	106	82	leaped	NA
10	107	82	leaped	NA
10	108	83	from	NA
10	109	84	a	it
10	110	85	hatch	it
10	111	86	and	NA
10	112	87	tongued	NA
10	113	87	tongued	NA
10	114	88	the	it.
10	115	89	man's	it.
10	116	89	man's	it.
10	117	90	bare	it.
10	118	91	back.	it.
10	119	91	back.	it.
10	120	92	He	NA
10	121	93	sprinted	NA
10	122	93	sprinted	NA
10	123	94	to	NA
10	124	95	the	it
10	125	96	rail	it
10	126	97	and	NA
10	127	98	leaped	NA
10	128	98	leaped	NA
10	129	99	overboard	NA
10	130	100	into	NA
10	131	101	the	NA
10	132	102	shark-infested	NA
10	133	102	shark-infested	NA
10	134	102	shark-infested	NA
10	135	102	shark-infested	NA
10	136	103	waters.	NA
10	137	103	waters.	NA
10	138	104	One	It
10	139	105	especially	It
10	140	106	bad	It
10	141	107	detonation	It
10	142	107	detonation	It
10	143	108	shook	NA
10	144	109	Lifeboat	NA
10	145	109	Lifeboat	NA
10	146	110	No.	NA
10	147	110	No.	NA
10	148	111	3	NA
10	149	112	which	NA
10	150	113	trembled	NA
10	151	113	trembled	NA
10	152	114	violently	NA
10	153	115	in	NA
10	154	116	the	NA
10	155	117	davits.	NA
10	156	117	davits.	NA
10	157	117	davits.	NA
10	158	117	davits.	NA
10	159	118	Brassnose	NA
10	160	118	Brassnose	NA
10	161	118	Brassnose	NA
10	162	119	yelled:	NA
10	163	119	yelled:	NA
10	164	120	"Come	NA
10	165	120	"Come	NA
10	166	121	on,	NA
10	167	121	on,	NA
10	168	122	Sommers,	NA
10	169	122	Sommers,	NA
10	170	122	Sommers,	NA
10	171	122	Sommers,	NA
10	172	123	Max...	NA
10	173	123	Max...	NA
10	174	124	step	NA
10	175	125	on	NA
10	176	126	it,	NA
10	177	126	it,	NA
10	178	127	we	NA
10	179	128	got	NA
10	180	129	a	it
10	181	130	chance	it
10	182	131	now.	NA
10	183	131	now.	NA
10	184	132	Heave	NA
10	185	132	Heave	NA
10	186	133	on	NA
10	187	134	those	them;
10	188	135	ropes;	them;
10	189	135	ropes;	them;
10	190	136	the	NA
10	191	137	boat's	NA
10	192	137	boat's	NA
10	193	138	come	NA
10	194	139	unstuck."	NA
10	195	139	unstuck."	NA
10	196	139	unstuck."	NA
10	197	140	We	NA
10	198	141	pulled	NA
10	199	142	and	NA
10	200	143	swore	NA
10	201	144	and	NA
10	202	145	yanked	NA
10	203	145	yanked	NA
10	204	146	and	NA
10	205	147	wept,	NA
10	206	147	wept,	NA
10	207	147	wept,	NA
10	208	148	scraping	NA
10	209	149	our	NA
10	210	150	hands	NA
10	211	151	until	NA
10	212	152	they	NA
10	213	153	bled	NA
10	214	153	bled	NA
10	215	154	profusely.	NA
10	216	154	profusely.	NA
10	217	154	profusely.	NA
10	218	154	profusely.	NA
10	219	155	The	NA
10	220	156	Bonaventure	NA
10	221	156	Bonaventure	NA
10	222	156	Bonaventure	NA
10	223	157	was	NA
10	224	158	quivering	NA
10	225	158	quivering	NA
10	226	159	and	NA
10	227	160	lurching	NA
10	228	160	lurching	NA
10	229	160	lurching	NA
10	230	161	like	NA
10	231	162	an	it.
10	232	163	old	it.
10	233	164	spavined	it.
10	234	164	spavined	it.
10	235	164	spavined	it.
10	236	165	mare.	it.
10	237	165	mare.	it.
10	238	165	mare.	it.
10	239	166	Her	It
10	240	167	stern	It
10	241	168	was	NA
10	242	169	down	NA
10	243	170	and	NA
10	244	171	a	it
10	245	172	sharp	it
10	246	173	list	it
10	247	174	helped	NA
10	248	175	us	NA
10	249	176	to	NA
10	250	177	cut	NA
10	251	178	loose	NA
10	252	179	the	NA
10	253	180	lifeboat	NA
10	254	180	lifeboat	NA
10	255	181	which	NA
10	256	182	dropped	NA
10	257	183	heavily	NA
10	258	184	into	NA
10	259	185	the	NA
10	260	186	water.	NA
10	261	186	water.	NA
10	262	187	Brassnose,	NA
10	263	187	Brassnose,	NA
10	264	187	Brassnose,	NA
10	265	187	Brassnose,	NA
10	266	188	Max	NA
10	267	189	and	NA
10	268	190	I	NA
10	269	191	leaped	NA
10	270	191	leaped	NA
10	271	192	into	NA
10	272	193	the	NA
10	273	194	sea	NA
10	274	195	and	NA
10	275	196	swam	NA
10	276	196	swam	NA
10	277	197	to	NA
10	278	198	the	NA
10	279	199	boat.	NA
10	280	199	boat.	NA
10	281	200	"Let's	NA
10	282	200	"Let's	NA
10	283	200	"Let's	NA
10	284	201	get	NA
10	285	202	away	NA
10	286	203	fast,"	NA
10	287	203	fast,"	NA
10	288	204	said	NA
10	289	205	Brassnose,	NA
10	290	205	Brassnose,	NA
10	291	205	Brassnose,	NA
10	292	205	Brassnose,	NA
10	293	206	shaking	NA
10	294	207	water	it
10	295	208	from	NA
10	296	209	his	it.
10	297	210	mop	it.
10	298	210	mop	it.
10	299	211	of	it.
10	300	212	bleached	it.
10	301	212	bleached	it.
10	302	213	hair.	it.
10	303	213	hair.	it.
10	304	214	"That	"It
10	305	214	"That	"It
10	306	215	tub	"It
10	307	216	is	NA
10	308	217	going	NA
10	309	218	to	NA
10	310	219	explode	NA
10	311	220	all	NA
10	312	221	at	NA
10	313	222	once."	NA
10	314	222	once."	NA
10	315	223	Then	NA
10	316	224	the	NA
10	317	225	Bonaventure	NA
10	318	225	Bonaventure	NA
10	319	225	Bonaventure	NA
10	320	226	seemed	NA
10	321	227	to	NA
10	322	228	disintegrate	NA
10	323	228	disintegrate	NA
10	324	229	with	NA
10	325	230	a	it,
10	326	231	roar	it,
10	327	232	of	it,
10	328	233	live	it,
10	329	234	steam,	it,
10	330	234	steam,	it,
10	331	235	geysers	they,
10	332	235	geysers	they,
10	333	235	geysers	they,
10	334	236	of	they,
10	335	237	sparks	they,
10	336	238	and	they,
10	337	239	flames,	they,
10	338	239	flames,	they,
10	339	240	and	NA
10	340	241	a	it.
10	341	242	dense	it.
10	342	243	cloud	it.
10	343	244	of	it.
10	344	245	black-and-orange	it.
10	345	245	black-and-orange	it.
10	346	245	black-and-orange	it.
10	347	245	black-and-orange	it.
10	348	245	black-and-orange	it.
10	349	246	smoke.	it.
10	350	246	smoke.	it.
10	351	247	Dimly,	NA
10	352	247	Dimly,	NA
10	353	247	Dimly,	NA
10	354	248	we	NA
10	355	249	heard	NA
10	356	250	the	them
10	357	251	voices	them
10	358	252	of	them
10	359	253	men	them
10	360	254	in	them
10	361	255	mortal	them
10	362	256	agony	them
10	363	257	but	NA
10	364	258	we	NA
10	365	259	couldn't	NA
10	366	259	couldn't	NA
10	367	260	go	NA
10	368	261	back	NA
10	369	262	into	NA
10	370	263	that	it.
10	371	264	inferno.	it.
10	372	264	inferno.	it.
10	373	264	inferno.	it.
10	374	265	Already	NA
10	375	266	our	NA
10	376	267	leaky	NA
10	377	267	leaky	NA
10	378	268	lifeboat	NA
10	379	268	lifeboat	NA
10	380	269	was	NA
10	381	270	filled	NA
10	382	271	with	NA
10	383	272	five	it.
10	384	273	inches	it.
10	385	274	of	it.
10	386	275	water.	it.
10	387	275	water.	it.
10	388	276	"Sommers,	NA
10	389	276	"Sommers,	NA
10	390	276	"Sommers,	NA
10	391	276	"Sommers,	NA
10	392	276	"Sommers,	NA
10	393	277	you	NA
10	394	278	bale	NA
10	395	278	bale	NA
10	396	279	while	NA
10	397	280	we	NA
10	398	281	row,"	NA
10	399	281	row,"	NA
10	400	282	Brassnose	NA
10	401	282	Brassnose	NA
10	402	282	Brassnose	NA
10	403	283	commanded.	NA
10	404	283	commanded.	NA
10	405	284	As	NA
10	406	285	best	NA
10	407	286	as	NA
10	408	287	I	NA
10	409	288	could	NA
10	410	289	determine,	NA
10	411	289	determine,	NA
10	412	290	we	NA
10	413	291	were	NA
10	414	292	some	it
10	415	293	700	it
10	416	294	miles	it
10	417	295	west	NA
10	418	296	of	NA
10	419	297	New	it,
10	420	298	Guinea,	it,
10	421	298	Guinea,	it,
10	422	299	in	NA
10	423	300	the	NA
10	424	301	Bismark	NA
10	425	301	Bismark	NA
10	426	301	Bismark	NA
10	427	302	Archipelago.	NA
10	428	302	Archipelago.	NA
10	429	302	Archipelago.	NA
10	430	302	Archipelago.	NA
10	431	303	Three	It
10	432	304	days	It
10	433	305	previously,	NA
10	434	305	previously,	NA
10	435	306	we	NA
10	436	307	had	NA
10	437	308	steamed	NA
10	438	308	steamed	NA
10	439	309	past	NA
10	440	310	barren	it
10	441	311	Rennell	it
10	442	311	Rennell	it
10	443	311	Rennell	it
10	444	312	Island	it
10	445	313	in	NA
10	446	314	the	it.
10	447	315	distance.	it.
10	448	315	distance.	it.
10	449	316	Now	NA
10	450	317	we	NA
10	451	318	peered	NA
10	452	318	peered	NA
10	453	319	anxiously	NA
10	454	319	anxiously	NA
10	455	320	for	NA
10	456	321	any	it,
10	457	322	speck	it,
10	458	322	speck	it,
10	459	323	of	it,
10	460	324	land	it,
10	461	325	in	it,
10	462	326	the	it,
10	463	327	Pacific,	it,
10	464	327	Pacific,	it,
10	465	328	for	NA
10	466	329	this	NA
10	467	330	interminable	NA
10	468	330	interminable	NA
10	469	330	interminable	NA
10	470	331	bailing	NA
10	471	331	bailing	NA
10	472	332	would	NA
10	473	333	have	NA
10	474	334	to	NA
10	475	335	stop	NA
10	476	336	soon.	NA
10	477	336	soon.	NA
10	478	337	There	NA
10	479	338	were	NA
10	480	339	gigantic	they
10	481	340	blisters	they
10	482	340	blisters	they
10	483	341	and	they
10	484	342	rope	they
10	485	343	burns	they
10	486	344	on	NA
10	487	345	our	our;
10	488	346	hands;	our;
10	489	346	hands;	our;
10	490	347	our	NA
10	491	348	muscles	NA
10	492	349	were	NA
10	493	350	hot	NA
10	494	351	wires	NA
10	495	352	of	NA
10	496	353	pain.	NA
10	497	353	pain.	NA
10	498	354	Brassnose	NA
10	499	354	Brassnose	NA
10	500	354	Brassnose	NA
10	501	355	was	NA
10	502	356	strangely	NA
10	503	357	silent.	NA
10	504	357	silent.	NA
10	505	358	The	NA
10	506	359	big	NA
10	507	360	man	NA
10	508	361	with	NA
10	509	362	the	NA
10	510	363	whitened	NA
10	511	363	whitened	NA
10	512	364	hair	NA
10	513	365	murmured	NA
10	514	365	murmured	NA
10	515	366	something:	NA
10	516	366	something:	NA
10	517	367	his	NA
10	518	368	words	NA
10	519	369	sounded	NA
10	520	370	as	NA
10	521	371	if	NA
10	522	372	they	NA
10	523	373	were	NA
10	524	374	in	NA
10	525	375	the	it.
10	526	376	Manu	it.
10	527	376	Manu	it.
10	528	377	tongue,	it.
10	529	377	tongue,	it.
10	530	378	which	it.
10	531	379	I	it.
10	532	380	recognized,	it.
10	533	380	recognized,	it.
10	534	381	having	it.
10	535	382	studied	it.
10	536	383	the	it.
10	537	384	dialect	it.
10	538	385	in	it.
10	539	386	my	it.
10	540	387	Anthropology	it.
10	541	388	6,	it.
10	542	388	6,	it.
10	543	389	class	it.
10	544	390	at	it.
10	545	391	the	it.
10	546	392	University	it.
10	547	393	of	it.
10	548	394	Chicago.	it.
10	549	394	Chicago.	it.
10	550	395	He	NA
10	551	396	then	NA
10	552	397	said	NA
10	553	398	something	NA
10	554	399	which	NA
10	555	400	struck	NA
10	556	401	a	NA
10	557	402	chord	NA
10	558	403	in	NA
10	559	404	my	NA
10	560	405	memory.	NA
10	561	405	memory.	NA
10	562	406	"God	"He
10	563	406	"God	"He
10	564	407	help	NA
10	565	408	us	NA
10	566	409	if	NA
10	567	410	we're	NA
10	568	410	we're	NA
10	569	411	near	NA
10	570	412	the	NA
10	571	413	island	NA
10	572	414	of	NA
10	573	415	Eromonga.	NA
10	574	415	Eromonga.	NA
10	575	415	Eromonga.	NA
10	576	415	Eromonga.	NA
10	577	416	We'd	NA
10	578	416	We'd	NA
10	579	417	be	NA
10	580	418	in	NA
10	581	419	real	it
10	582	420	trouble	it
10	583	421	then.	NA
10	584	421	then.	NA
10	585	422	I'd	NA
10	586	422	I'd	NA
10	587	423	rather	NA
10	588	424	keep	NA
10	589	425	bailing	NA
10	590	425	bailing	NA
10	591	426	--	NA
10	592	427	or	NA
10	593	428	sink."	NA
10	594	428	sink."	NA
10	595	429	I	NA
10	596	430	was	NA
10	597	431	puzzled	NA
10	598	432	by	NA
10	599	433	the	NA
10	600	434	remark,	NA
10	601	434	remark,	NA
10	602	435	then	NA
10	603	436	I	NA
10	604	437	recalled	NA
10	605	438	the	it.
10	606	439	voice	it.
10	607	440	of	it.
10	608	441	mild	it.
10	609	442	Professor	it.
10	610	443	Howard	it.
10	611	444	Griggs	it.
10	612	444	Griggs	it.
10	613	445	three	it.
10	614	446	years	it.
10	615	447	ago	it.
10	616	448	in	it.
10	617	449	a	it.
10	618	450	university	it.
10	619	451	lecture	it.
10	620	452	on	it.
10	621	453	primitive	it.
10	622	454	societies.	it.
10	623	454	societies.	it.
10	624	455	He	NA
10	625	456	had	NA
10	626	457	been	NA
10	627	458	speaking	NA
10	628	459	of	NA
10	629	460	this	NA
10	630	461	archipelago:	NA
10	631	461	archipelago:	NA
10	632	461	archipelago:	NA
10	633	461	archipelago:	NA
10	634	462	"Even	NA
10	635	462	"Even	NA
10	636	463	when	NA
10	637	464	the	NA
10	638	465	islands	NA
10	639	466	were	NA
10	640	467	under	NA
10	641	468	German	its
10	642	469	mandate	its
10	643	470	before	NA
10	644	471	World	it,
10	645	472	War	it,
10	646	473	I,	it,
10	647	473	I,	it,
10	648	474	Europeans	they
10	649	475	gave	NA
10	650	476	Eromonga	NA
10	651	476	Eromonga	NA
10	652	476	Eromonga	NA
10	653	477	a	it.
10	654	478	wide	it.
10	655	479	berth.	it.
10	656	479	berth.	it.
10	657	480	The	NA
10	658	481	place	NA
10	659	482	is	NA
10	660	483	inhabited	NA
10	661	484	by	NA
10	662	485	several	NA
10	663	486	hundred	NA
10	664	487	warlike	NA
10	665	487	warlike	NA
10	666	488	women	NA
10	667	489	who	NA
10	668	490	are	NA
10	669	491	anachronisms	NA
10	670	491	anachronisms	NA
10	671	491	anachronisms	NA
10	672	491	anachronisms	NA
10	673	492	of	NA
10	674	493	the	NA
10	675	494	Twentieth	NA
10	676	494	Twentieth	NA
10	677	494	Twentieth	NA
10	678	495	Century	NA
10	679	496	--	NA
10	680	497	stone	NA
10	681	498	age	NA
10	682	499	amazons	NA
10	683	499	amazons	NA
10	684	500	who	NA
10	685	501	live	NA
10	686	502	in	NA
10	687	503	an	NA
10	688	504	all-female,	NA
10	689	504	all-female,	NA
10	690	504	all-female,	NA
10	691	504	all-female,	NA
10	692	505	matriarchal	NA
10	693	505	matriarchal	NA
10	694	505	matriarchal	NA
10	695	505	matriarchal	NA
10	696	506	society	NA
10	697	507	which	NA
10	698	508	is	NA
10	699	509	self-sufficient."	NA
10	700	509	self-sufficient."	NA
10	701	509	self-sufficient."	NA
10	702	509	self-sufficient."	NA
10	703	510	I	NA
10	704	511	remembered,	NA
10	705	511	remembered,	NA
10	706	512	too,	NA
10	707	512	too,	NA
10	708	513	the	it:
10	709	514	jesting	it:
10	710	514	jesting	it:
10	711	515	voice	it:
10	712	516	of	it:
10	713	517	a	it:
10	714	518	classmate,	it:
10	715	518	classmate,	it:
10	716	519	Bobby	it:
10	717	520	Pauson:	it:
10	718	520	Pauson:	it:
10	719	520	Pauson:	it:
10	720	520	Pauson:	it:
10	721	521	"But	NA
10	722	521	"But	NA
10	723	522	how	NA
10	724	523	do	NA
10	725	524	they	NA
10	726	525	reproduce,	NA
10	727	525	reproduce,	NA
10	728	526	Dr.	NA
10	729	526	Dr.	NA
10	730	527	Griggs?	NA
10	731	527	Griggs?	NA
10	732	527	Griggs?	NA
10	733	528	I'm	NA
10	734	528	I'm	NA
10	735	529	sure	NA
10	736	530	that	NA
10	737	531	males	NA
10	738	532	have	NA
10	739	533	something	it!"
10	740	534	to	it!"
10	741	535	do	it!"
10	742	536	with	it!"
10	743	537	that	it!"
10	744	538	process!"	it!"
10	745	538	process!"	it!"
10	746	539	There	NA
10	747	540	had	NA
10	748	541	been	NA
10	749	542	classroom	them
10	750	543	guffaws	them
10	751	543	guffaws	them
10	752	543	guffaws	them
10	753	544	which	them
10	754	545	quickly	them
10	755	546	subsided	them
10	756	546	subsided	them
10	757	547	as	NA
10	758	548	Professor	NA
10	759	549	Griggs	NA
10	760	549	Griggs	NA
10	761	550	said	NA
10	762	551	dryly:	NA
10	763	551	dryly:	NA
10	764	551	dryly:	NA
10	765	552	"I	NA
10	766	552	"I	NA
10	767	553	see	NA
10	768	554	your	your,
10	769	555	point,	your,
10	770	555	point,	your,
10	771	556	Pauson.	NA
10	772	556	Pauson.	NA
10	773	556	Pauson.	NA
10	774	556	Pauson.	NA
10	775	557	Of	NA
10	776	558	course,	NA
10	777	558	course,	NA
10	778	559	males	NA
10	779	560	play	NA
10	780	561	a	it
10	781	562	role	it
10	782	563	there,	NA
10	783	563	there,	NA
10	784	564	but	NA
10	785	565	believe	NA
10	786	566	me	NA
10	787	567	when	NA
10	788	568	I	NA
10	789	569	say	NA
10	790	570	you	NA
10	791	571	wouldn't	NA
10	792	571	wouldn't	NA
10	793	572	enjoy	NA
10	794	573	yourself	NA
10	795	574	one	NA
10	796	575	bit	NA
10	797	576	on	NA
10	798	577	Eromonga.	NA
10	799	577	Eromonga.	NA
10	800	577	Eromonga.	NA
10	801	577	Eromonga.	NA
10	802	578	Indeed,	NA
10	803	578	Indeed,	NA
10	804	579	you	NA
10	805	580	wouldn't	NA
10	806	580	wouldn't	NA
10	807	581	live	NA
10	808	582	long,	NA
10	809	582	long,	NA
10	810	583	for	NA
10	811	584	the	NA
10	812	585	females	NA
10	813	586	either	NA
10	814	587	drive	NA
10	815	588	the	NA
10	816	589	men	NA
10	817	590	they've	NA
10	818	590	they've	NA
10	819	591	seized	NA
10	820	592	from	NA
10	821	593	neighboring	NA
10	822	594	islands	NA
10	823	595	back	NA
10	824	596	to	NA
10	825	597	their	their
10	826	598	boats	their
10	827	599	after	NA
10	828	600	exploiting	NA
10	829	601	them	NA
10	830	602	for	NA
10	831	603	amatory	NA
10	832	603	amatory	NA
10	833	604	purposes,	NA
10	834	604	purposes,	NA
10	835	605	or	NA
10	836	606	they	NA
10	837	607	destroy	NA
10	838	608	them	NA
10	839	609	by	NA
10	840	610	revolting	NA
10	841	610	revolting	NA
10	842	611	but	NA
10	843	612	ingenious	NA
10	844	613	methods.	NA
10	845	613	methods.	NA
10	846	614	In	NA
10	847	615	fact,	NA
10	848	615	fact,	NA
10	849	616	one	NA
10	850	617	important	NA
10	851	618	aspect	NA
10	852	619	of	NA
10	853	620	their	NA
10	854	621	very	NA
10	855	622	religion	NA
10	856	623	is	NA
10	857	624	the	NA
10	858	625	annihilation	NA
10	859	626	of	NA
10	860	627	men."	NA
10	861	627	men."	NA
10	862	628	"I	NA
10	863	628	"I	NA
10	864	629	think	NA
10	865	630	I	NA
10	866	631	know	NA
10	867	632	what	NA
10	868	633	you	NA
10	869	634	mean,	NA
10	870	634	mean,	NA
10	871	635	Brassnose,"	NA
10	872	635	Brassnose,"	NA
10	873	635	Brassnose,"	NA
10	874	635	Brassnose,"	NA
10	875	636	I	NA
10	876	637	said.	NA
10	877	637	said.	NA
10	878	638	"I	NA
10	879	638	"I	NA
10	880	639	know	NA
10	881	640	something	NA
10	882	641	about	NA
10	883	642	Eromonga.	NA
10	884	642	Eromonga.	NA
10	885	642	Eromonga.	NA
10	886	642	Eromonga.	NA
10	887	643	Let's	NA
10	888	643	Let's	NA
10	889	644	hope	NA
10	890	645	we	NA
10	891	646	come	NA
10	892	647	to	NA
10	893	648	a	it."
10	894	649	safer	it."
10	895	650	place."	it."
10	896	650	place."	it."
10	897	651	But	NA
10	898	652	we	NA
10	899	653	didn't.	NA
10	900	653	didn't.	NA
10	901	653	didn't.	NA
10	902	654	Three	NA
10	903	655	hours	NA
10	904	656	later,	NA
10	905	656	later,	NA
10	906	657	while	NA
10	907	658	we	NA
10	908	659	were	NA
10	909	660	bailing	NA
10	910	660	bailing	NA
10	911	661	desperately,	NA
10	912	661	desperately,	NA
10	913	662	a	NA
10	914	663	dot	NA
10	915	664	of	NA
10	916	665	land	NA
10	917	666	came	NA
10	918	667	into	NA
10	919	668	view.	NA
10	920	668	view.	NA
11	0	0	The	It,
11	1	1	first	It,
11	2	2	rattle	It,
11	3	2	rattle	It,
11	4	3	of	It,
11	5	4	the	It,
11	6	5	machine	It,
11	7	6	guns,	It,
11	8	6	guns,	It,
11	9	7	at	NA
11	10	8	7:10	it,
11	11	8	7:10	it,
11	12	8	7:10	it,
11	13	9	in	it,
11	14	10	the	it,
11	15	11	evening,	it,
11	16	11	evening,	it,
11	17	12	roused	NA
11	18	12	roused	NA
11	19	13	around	NA
11	20	14	me	NA
11	21	15	the	they.
11	22	16	varied	they.
11	23	17	voices	they.
11	24	18	and	they.
11	25	19	faces	they.
11	26	20	of	they.
11	27	21	fear.	they.
11	28	21	fear.	they.
11	29	22	"Sounds	NA
11	30	22	"Sounds	NA
11	31	23	exactly	NA
11	32	24	like	NA
11	33	25	last	it."
11	34	26	time."	it."
11	35	26	time."	it."
11	36	27	The	NA
11	37	28	young	NA
11	38	29	man	NA
11	39	30	spoke	NA
11	40	31	steadily	NA
11	41	32	enough,	NA
11	42	32	enough,	NA
11	43	33	but	NA
11	44	34	all	NA
11	45	35	at	NA
11	46	36	once	NA
11	47	37	he	NA
11	48	38	looked	NA
11	49	39	grotesquely	NA
11	50	39	grotesquely	NA
11	51	40	unshaven.	NA
11	52	40	unshaven.	NA
11	53	40	unshaven.	NA
11	54	40	unshaven.	NA
11	55	41	The	NA
11	56	42	middle-aged	NA
11	57	42	middle-aged	NA
11	58	42	middle-aged	NA
11	59	43	man	NA
11	60	44	said	NA
11	61	45	over	NA
11	62	46	and	NA
11	63	47	over,	NA
11	64	47	over,	NA
11	65	48	"Why	NA
11	66	48	"Why	NA
11	67	49	did	NA
11	68	50	I	NA
11	69	51	come	NA
11	70	52	here,	NA
11	71	52	here,	NA
11	72	53	why	NA
11	73	54	did	NA
11	74	55	I	NA
11	75	56	come	NA
11	76	57	here."	NA
11	77	57	here."	NA
11	78	58	Then	NA
11	79	59	he	NA
11	80	60	was	NA
11	81	61	sick.	NA
11	82	61	sick.	NA
11	83	62	Amid	NA
11	84	63	the	it,
11	85	64	crackle	it,
11	86	64	crackle	it,
11	87	65	of	it,
11	88	66	small	it,
11	89	67	arms	it,
11	90	68	and	it,
11	91	69	automatic	it,
11	92	70	weapons,	it,
11	93	70	weapons,	it,
11	94	71	I	NA
11	95	72	heard	NA
11	96	73	the	it.
11	97	74	thumping	it.
11	98	74	thumping	it.
11	99	75	of	it.
11	100	76	mortars.	it.
11	101	76	mortars.	it.
11	102	76	mortars.	it.
11	103	77	Then	NA
11	104	78	the	they
11	105	79	lights	they
11	106	80	went	NA
11	107	81	out.	NA
11	108	81	out.	NA
11	109	82	This	NA
11	110	83	was	NA
11	111	84	my	NA
11	112	85	second	NA
11	113	86	day	NA
11	114	87	in	NA
11	115	88	Vientiane,	NA
11	116	88	Vientiane,	NA
11	117	88	Vientiane,	NA
11	118	88	Vientiane,	NA
11	119	89	the	NA
11	120	90	administrative	NA
11	121	91	capital	NA
11	122	92	of	NA
11	123	93	Laos,	NA
11	124	93	Laos,	NA
11	125	94	and	NA
11	126	95	my	they
11	127	96	thoughts	they
11	128	97	were	NA
11	129	98	none	NA
11	130	99	too	NA
11	131	100	brave.	NA
11	132	100	brave.	NA
11	133	101	Where	NA
11	134	102	was	NA
11	135	103	my	it?
11	136	104	flashlight?	it?
11	137	104	flashlight?	it?
11	138	105	Where	NA
11	139	106	should	NA
11	140	107	I	NA
11	141	108	go?	NA
11	142	108	go?	NA
11	143	109	To	NA
11	144	110	my	it?
11	145	111	room?	it?
11	146	111	room?	it?
11	147	112	Better	NA
11	148	113	stay	NA
11	149	114	in	NA
11	150	115	the	NA
11	151	116	hotel	NA
11	152	117	lobby,	NA
11	153	117	lobby,	NA
11	154	118	where	NA
11	155	119	the	NA
11	156	120	walls	NA
11	157	121	looked	NA
11	158	122	good	NA
11	159	123	and	NA
11	160	124	thick.	NA
11	161	124	thick.	NA
11	162	125	Chinese	NA
11	163	126	and	NA
11	164	127	Indian	NA
11	165	128	merchants	NA
11	166	129	across	NA
11	167	130	the	NA
11	168	131	street	NA
11	169	132	were	NA
11	170	133	slamming	NA
11	171	134	their	them.
11	172	135	steel	them.
11	173	136	shutters.	them.
11	174	136	shutters.	them.
11	175	136	shutters.	them.
11	176	137	Hotel	They
11	177	138	attendants	They
11	178	139	pulled	NA
11	179	140	parked	NA
11	180	141	bicycles	NA
11	181	142	into	NA
11	182	143	the	NA
11	183	144	lobby.	NA
11	184	144	lobby.	NA
11	185	145	A	NA
11	186	146	woman	NA
11	187	147	with	NA
11	188	148	a	NA
11	189	149	small	NA
11	190	150	boy	NA
11	191	151	slipped	NA
11	192	152	in	NA
11	193	153	between	NA
11	194	154	them.	NA
11	195	154	them.	NA
11	196	155	"Please,"	NA
11	197	155	"Please,"	NA
11	198	155	"Please,"	NA
11	199	156	she	NA
11	200	157	said,	NA
11	201	157	said,	NA
11	202	158	"please."	NA
11	203	158	"please."	NA
11	204	158	"please."	NA
11	205	159	She	NA
11	206	160	held	NA
11	207	161	out	NA
11	208	162	her	it
11	209	163	hand	it
11	210	164	to	NA
11	211	165	show	NA
11	212	166	that	NA
11	213	167	she	NA
11	214	168	had	NA
11	215	169	money.	it.
11	216	169	money.	it.
11	217	170	The	He
11	218	171	American	He
11	219	172	newspaperman	He
11	220	172	newspaperman	He
11	221	173	worried	NA
11	222	174	about	NA
11	223	175	getting	NA
11	224	176	to	NA
11	225	177	the	it.
11	226	178	cable	it.
11	227	179	office.	it.
11	228	179	office.	it.
11	229	180	But	NA
11	230	181	what	NA
11	231	182	was	NA
11	232	183	the	it?
11	233	184	story?	it?
11	234	184	story?	it?
11	235	185	Had	NA
11	236	186	the	NA
11	237	187	Communist-led	NA
11	238	187	Communist-led	NA
11	239	187	Communist-led	NA
11	240	188	Pathet	NA
11	241	188	Pathet	NA
11	242	189	Lao	NA
11	243	189	Lao	NA
11	244	190	finally	NA
11	245	191	come	NA
11	246	192	this	NA
11	247	193	far?	NA
11	248	193	far?	NA
11	249	194	Or	NA
11	250	195	was	NA
11	251	196	it	it?
11	252	197	another	it?
11	253	198	revolt	it?
11	254	199	inside	it?
11	255	200	Vientiane?	it?
11	256	200	Vientiane?	it?
11	257	200	Vientiane?	it?
11	258	200	Vientiane?	it?
11	259	201	"Let's	NA
11	260	201	"Let's	NA
11	261	201	"Let's	NA
11	262	202	play	NA
11	263	203	hero,"	it,"
11	264	203	hero,"	it,"
11	265	204	I	NA
11	266	205	said.	NA
11	267	205	said.	NA
11	268	206	"Let's	NA
11	269	206	"Let's	NA
11	270	206	"Let's	NA
11	271	207	go	NA
11	272	208	to	NA
11	273	209	the	it
11	274	210	roof	it
11	275	211	and	NA
11	276	212	see."	NA
11	277	212	see."	NA
11	278	213	By	NA
11	279	214	7:50	it
11	280	214	7:50	it
11	281	214	7:50	it
11	282	215	the	it
11	283	216	answer	it
11	284	217	was	NA
11	285	218	plain.	NA
11	286	218	plain.	NA
11	287	219	There	NA
11	288	220	had	NA
11	289	221	been	NA
11	290	222	an	it.
11	291	223	eclipse	it.
11	292	224	of	it.
11	293	225	the	it.
11	294	226	moon.	it.
11	295	226	moon.	it.
11	296	227	A	It
11	297	228	traditional	It
11	298	229	Lao	It
11	299	229	Lao	It
11	300	230	explanation	It
11	301	231	is	NA
11	302	232	that	NA
11	303	233	the	NA
11	304	234	moon	NA
11	305	235	was	NA
11	306	236	being	NA
11	307	237	swallowed	NA
11	308	238	by	NA
11	309	239	a	NA
11	310	240	toad,	NA
11	311	240	toad,	NA
11	312	240	toad,	NA
11	313	241	and	NA
11	314	242	the	it
11	315	243	remedy	it
11	316	244	was	NA
11	317	245	to	NA
11	318	246	make	NA
11	319	247	all	NA
11	320	248	possible	NA
11	321	249	noise,	NA
11	322	249	noise,	NA
11	323	250	ideally	NA
11	324	251	with	NA
11	325	252	firearms.	them.
11	326	252	firearms.	them.
11	327	253	The	NA
11	328	254	din	NA
11	329	255	was	NA
11	330	256	successful,	NA
11	331	256	successful,	NA
11	332	257	too,	NA
11	333	257	too,	NA
11	334	258	for	NA
11	335	259	just	NA
11	336	260	before	NA
11	337	261	the	NA
11	338	262	moon	NA
11	339	263	disappeared,	NA
11	340	263	disappeared,	NA
11	341	264	the	it,
11	342	265	frightened	it,
11	343	266	toad	it,
11	344	266	toad	it,
11	345	267	had	it,
11	346	268	begun	it,
11	347	269	to	it,
11	348	270	spit	it,
11	349	271	it	it,
11	350	272	out	it,
11	351	273	again,	it,
11	352	273	again,	it,
11	353	274	which	NA
11	354	275	meant	NA
11	355	276	good	it
11	356	277	luck	it
11	357	278	all	NA
11	358	279	around.	NA
11	359	279	around.	NA
11	360	280	How	NA
11	361	281	quaint	NA
11	362	282	it	NA
11	363	283	all	NA
11	364	284	seemed	NA
11	365	285	the	it.
11	366	286	next	it.
11	367	287	day.	it.
11	368	287	day.	it.
11	369	288	A	It
11	370	289	restaurant	It
11	371	290	posted	NA
11	372	291	a	it
11	373	292	reminder	it
11	374	293	to	NA
11	375	294	patrons	them."
11	376	295	"who	them."
11	377	295	"who	them."
11	378	296	became	them."
11	379	297	excited	them."
11	380	298	and	them."
11	381	299	left	them."
11	382	300	without	them."
11	383	301	paying	them."
11	384	302	their	them."
11	385	303	checks."	them."
11	386	303	checks."	them."
11	387	304	But	NA
11	388	305	everyone	they
11	389	306	I	they
11	390	307	met	they
11	391	308	had	NA
11	392	309	sought	NA
11	393	310	cover	it
11	394	311	first	NA
11	395	312	and	NA
11	396	313	asked	NA
11	397	314	questions	them
11	398	315	later.	NA
11	399	315	later.	NA
11	400	316	And	NA
11	401	317	no	NA
11	402	318	wonder,	NA
11	403	318	wonder,	NA
11	404	319	for	NA
11	405	320	Vientiane,	NA
11	406	320	Vientiane,	NA
11	407	320	Vientiane,	NA
11	408	320	Vientiane,	NA
11	409	321	the	NA
11	410	322	old	NA
11	411	323	City	NA
11	412	324	of	NA
11	413	325	Sandalwood,	NA
11	414	325	Sandalwood,	NA
11	415	325	Sandalwood,	NA
11	416	325	Sandalwood,	NA
11	417	326	had	NA
11	418	327	become	NA
11	419	328	the	NA
11	420	329	City	NA
11	421	330	of	NA
11	422	331	Bullet	NA
11	423	332	Holes.	NA
11	424	332	Holes.	NA
11	425	332	Holes.	NA
11	426	333	I	NA
11	427	334	saw	NA
11	428	335	holes	them
11	429	336	in	them
11	430	337	planes	them
11	431	338	at	NA
11	432	339	the	it
11	433	340	airport	it
11	434	341	and	NA
11	435	342	in	NA
11	436	343	cars	them
11	437	344	in	NA
11	438	345	the	them.
11	439	346	streets.	them.
11	440	346	streets.	them.
11	441	347	Along	NA
11	442	348	the	them
11	443	349	main	them
11	444	350	thoroughfares	them
11	445	350	thoroughfares	them
11	446	350	thoroughfares	them
11	447	351	hardly	NA
11	448	352	a	it
11	449	353	house	it
11	450	354	had	NA
11	451	355	not	NA
11	452	356	been	NA
11	453	357	peppered.	NA
11	454	357	peppered.	NA
11	455	357	peppered.	NA
11	456	358	In	NA
11	457	359	place	it
11	458	360	of	it
11	459	361	the	it
11	460	362	police	it
11	461	363	headquarters	it
11	462	364	was	NA
11	463	365	a	it.
11	464	366	new	it.
11	465	367	square	it.
11	466	368	filled	it.
11	467	369	with	it.
11	468	370	rubble.	it.
11	469	370	rubble.	it.
11	470	371	Mortars	They
11	471	371	Mortars	They
11	472	372	had	NA
11	473	373	demolished	NA
11	474	374	the	it
11	475	375	defense	it
11	476	376	ministry	it
11	477	377	and	NA
11	478	378	set	NA
11	479	379	fire	NA
11	480	380	to	NA
11	481	381	the	NA
11	482	382	American	NA
11	483	383	Embassy	NA
11	484	384	next	NA
11	485	385	door.	NA
11	486	385	door.	NA
11	487	386	What	NA
11	488	387	had	NA
11	489	388	been	NA
11	490	389	the	it
11	491	390	ambassador's	it
11	492	390	ambassador's	it
11	493	391	suite	it
11	494	392	was	NA
11	495	393	now	NA
11	496	394	jagged	they.
11	497	394	jagged	they.
11	498	395	walls	they.
11	499	396	of	they.
11	500	397	blackened	they.
11	501	397	blackened	they.
11	502	398	brick.	they.
11	503	398	brick.	they.
11	504	399	This	It
11	505	400	damage	It
11	506	401	had	NA
11	507	402	been	NA
11	508	403	done	NA
11	509	404	in	NA
11	510	405	the	it,
11	511	406	battle	it,
11	512	407	of	it,
11	513	408	Vientiane,	it,
11	514	408	Vientiane,	it,
11	515	408	Vientiane,	it,
11	516	408	Vientiane,	it,
11	517	409	fought	NA
11	518	410	less	them
11	519	411	than	them
11	520	412	three	them
11	521	413	months	them
11	522	414	earlier	NA
11	523	415	when	NA
11	524	416	four	they
11	525	417	successive	they
11	526	418	governments	they
11	527	419	had	NA
11	528	420	ruled	NA
11	529	421	here	NA
11	530	422	in	NA
11	531	423	three	them
11	532	424	days	them
11	533	425	(December	(it).
11	534	425	(December	(it).
11	535	426	9-11,	(it).
11	536	426	9-11,	(it).
11	537	426	9-11,	(it).
11	538	426	9-11,	(it).
11	539	427	1960).	(it).
11	540	427	1960).	(it).
11	541	428	And	NA
11	542	429	now,	NA
11	543	429	now,	NA
11	544	430	in	NA
11	545	431	March,	it,
11	546	431	March,	it,
11	547	432	all	NA
11	548	433	Laos	NA
11	549	434	suffered	NA
11	550	435	a	it.
11	551	436	state	it.
11	552	437	of	it.
11	553	438	siege.	it.
11	554	438	siege.	it.
11	555	439	The	NA
11	556	440	Pathet	NA
11	557	440	Pathet	NA
11	558	441	Lao	NA
11	559	441	Lao	NA
11	560	442	forces	NA
11	561	443	held	NA
11	562	444	two	them
11	563	445	northern	them
11	564	446	provinces	them
11	565	447	and	NA
11	566	448	openly	NA
11	567	449	took	NA
11	568	450	the	it
11	569	451	offensive	it
11	570	452	in	NA
11	571	453	three	them.
11	572	454	more.	them.
11	573	454	more.	them.
11	574	455	Throughout	NA
11	575	456	the	NA
11	576	457	land	NA
11	577	458	their	they
11	578	459	hit-and-run	they
11	579	459	hit-and-run	they
11	580	459	hit-and-run	they
11	581	459	hit-and-run	they
11	582	459	hit-and-run	they
11	583	460	terrorists	they
11	584	461	spread	NA
11	585	462	fear	it.
11	586	463	of	it.
11	587	464	ambush	it.
11	588	465	and	it.
11	589	466	death.	it.
11	590	466	death.	it.
12	0	0	On	NA
12	1	1	April	it,
12	2	2	17,	it,
12	3	2	17,	it,
12	4	3	1610,	it,
12	5	3	1610,	it,
12	6	3	1610,	it,
12	7	4	the	NA
12	8	5	sturdy	NA
12	9	6	little	NA
12	10	7	three-masted	NA
12	11	7	three-masted	NA
12	12	7	three-masted	NA
12	13	7	three-masted	NA
12	14	8	bark,	NA
12	15	8	bark,	NA
12	16	9	Discovery,	NA
12	17	9	Discovery,	NA
12	18	10	weighed	NA
12	19	11	anchor	its
12	20	12	in	NA
12	21	13	St.	it,
12	22	13	St.	it,
12	23	14	Katherine's	it,
12	24	14	Katherine's	it,
12	25	15	Pool,	it,
12	26	15	Pool,	it,
12	27	16	London,	it,
12	28	16	London,	it,
12	29	17	and	NA
12	30	18	floated	NA
12	31	19	down	NA
12	32	20	the	NA
12	33	21	Thames	NA
12	34	22	toward	NA
12	35	23	the	NA
12	36	24	sea.	NA
12	37	24	sea.	NA
12	38	25	She	NA
12	39	26	carried,	NA
12	40	26	carried,	NA
12	41	27	besides	NA
12	42	28	her	NA
12	43	29	captain,	NA
12	44	29	captain,	NA
12	45	30	a	NA
12	46	31	crew	NA
12	47	32	of	NA
12	48	33	twenty-one	NA
12	49	33	twenty-one	NA
12	50	33	twenty-one	NA
12	51	34	and	NA
12	52	35	provisions	them.
12	53	36	for	them.
12	54	37	a	them.
12	55	38	voyage	them.
12	56	39	of	them.
12	57	40	exploration	them.
12	58	41	of	them.
12	59	42	the	them.
12	60	43	Arctic	them.
12	61	44	waters	them.
12	62	45	of	them.
12	63	46	North	them.
12	64	47	America.	them.
12	65	47	America.	them.
12	66	48	Seventeen	NA
12	67	48	Seventeen	NA
12	68	49	months	NA
12	69	50	later,	NA
12	70	50	later,	NA
12	71	51	on	NA
12	72	52	September	it,
12	73	53	6,	it,
12	74	53	6,	it,
12	75	54	1611,	it,
12	76	54	1611,	it,
12	77	54	1611,	it,
12	78	55	an	it
12	79	56	Irish	it
12	80	57	fishing	it
12	81	58	boat	it
12	82	59	sighted	NA
12	83	59	sighted	NA
12	84	60	the	NA
12	85	61	Discovery	NA
12	86	62	limping	NA
12	87	62	limping	NA
12	88	63	eastward	NA
12	89	63	eastward	NA
12	90	64	outside	NA
12	91	65	Galway	it.
12	92	65	Galway	it.
12	93	66	Bay.	it.
12	94	66	Bay.	it.
12	95	67	When	NA
12	96	68	she	NA
12	97	69	reached	NA
12	98	70	port,	it,
12	99	70	port,	it,
12	100	71	she	NA
12	101	72	was	NA
12	102	73	found	NA
12	103	74	to	NA
12	104	75	have	NA
12	105	76	on	NA
12	106	77	board	NA
12	107	78	only	NA
12	108	79	eight	NA
12	109	80	men,	NA
12	110	80	men,	NA
12	111	81	all	NA
12	112	82	near	NA
12	113	83	starvation.	it.
12	114	83	starvation.	it.
12	115	84	The	NA
12	116	85	captain	NA
12	117	86	was	NA
12	118	87	gone,	NA
12	119	87	gone,	NA
12	120	88	and	NA
12	121	89	the	NA
12	122	90	mate	NA
12	123	91	was	NA
12	124	92	gone.	NA
12	125	92	gone.	NA
12	126	93	The	NA
12	127	94	man	NA
12	128	95	who	NA
12	129	96	now	NA
12	130	97	commanded	NA
12	131	98	her	NA
12	132	99	had	NA
12	133	100	started	NA
12	134	101	the	NA
12	135	102	voyage	NA
12	136	103	as	NA
12	137	104	an	NA
12	138	105	ordinary	NA
12	139	106	seaman.	NA
12	140	106	seaman.	NA
12	141	106	seaman.	NA
12	142	107	What	It
12	143	108	disaster	It
12	144	109	struck	NA
12	145	110	the	NA
12	146	111	Discovery	NA
12	147	112	during	NA
12	148	113	those	NA
12	149	114	seventeen	NA
12	150	115	months?	NA
12	151	115	months?	NA
12	152	116	What	they?
12	153	117	happened	they?
12	154	118	to	they?
12	155	119	the	they?
12	156	120	fourteen	they?
12	157	121	missing	they?
12	158	122	men?	they?
12	159	122	men?	they?
12	160	123	These	NA
12	161	124	questions	NA
12	162	125	have	NA
12	163	126	remained	NA
12	164	127	one	NA
12	165	128	of	NA
12	166	129	the	NA
12	167	130	great	NA
12	168	131	sea	NA
12	169	132	mysteries	NA
12	170	133	of	NA
12	171	134	all	NA
12	172	135	time.	NA
12	173	135	time.	NA
12	174	136	For	NA
12	175	137	hundreds	them,
12	176	138	of	them,
12	177	139	years,	them,
12	178	139	years,	them,
12	179	140	the	NA
12	180	141	evidence	NA
12	181	142	available	NA
12	182	143	consisted	NA
12	183	144	of	NA
12	184	145	(1)	(it)
12	185	145	(1)	(it)
12	186	145	(1)	(it)
12	187	146	the	NA
12	188	147	captain's	NA
12	189	147	captain's	NA
12	190	148	fragmentary	NA
12	191	148	fragmentary	NA
12	192	149	journal,	NA
12	193	149	journal,	NA
12	194	150	(2)	NA
12	195	150	(2)	NA
12	196	150	(2)	NA
12	197	151	a	it,
12	198	152	highly	it,
12	199	153	prejudiced	it,
12	200	153	prejudiced	it,
12	201	154	account	it,
12	202	155	by	it,
12	203	156	one	it,
12	204	157	of	it,
12	205	158	the	it,
12	206	159	survivors,	it,
12	207	159	survivors,	it,
12	208	160	(3)	NA
12	209	160	(3)	NA
12	210	160	(3)	NA
12	211	161	a	NA
12	212	162	note	NA
12	213	163	found	NA
12	214	164	in	NA
12	215	165	a	NA
12	216	166	dead	NA
12	217	167	man's	NA
12	218	167	man's	NA
12	219	168	desk	NA
12	220	169	on	NA
12	221	170	board,	NA
12	222	170	board,	NA
12	223	171	and	NA
12	224	172	(4)	(it)
12	225	172	(4)	(it)
12	226	172	(4)	(it)
12	227	173	several	NA
12	228	174	second-hand	NA
12	229	174	second-hand	NA
12	230	174	second-hand	NA
12	231	175	reports.	NA
12	232	175	reports.	NA
12	233	176	All	NA
12	234	177	told,	NA
12	235	177	told,	NA
12	236	178	they	NA
12	237	179	offered	NA
12	238	180	a	it.
12	239	181	highly	it.
12	240	182	confused	it.
12	241	183	picture.	it.
12	242	183	picture.	it.
12	243	184	But	NA
12	244	185	since	NA
12	245	186	1927,	it,
12	246	186	1927,	it,
12	247	187	researchers	they
12	248	188	digging	they
12	249	189	into	they
12	250	190	ancient	they
12	251	191	court	they
12	252	192	records	they
12	253	193	and	they
12	254	194	legal	they
12	255	195	files	they
12	256	196	have	NA
12	257	197	been	NA
12	258	198	able	NA
12	259	199	to	NA
12	260	200	find	NA
12	261	201	illuminating	them.
12	262	202	pieces	them.
12	263	203	of	them.
12	264	204	information.	them.
12	265	204	information.	them.
12	266	205	Not	NA
12	267	206	enough	NA
12	268	207	to	NA
12	269	208	do	NA
12	270	209	away	NA
12	271	210	with	NA
12	272	211	all	them,
12	273	212	doubts,	them,
12	274	212	doubts,	them,
12	275	213	but	NA
12	276	214	sufficient	NA
12	277	215	to	NA
12	278	216	give	NA
12	279	217	a	it.
12	280	218	fairly	it.
12	281	219	accurate	it.
12	282	220	picture	it.
12	283	221	of	it.
12	284	222	the	it.
12	285	223	events	it.
12	286	224	of	it.
12	287	225	the	it.
12	288	226	voyage.	it.
12	289	226	voyage.	it.
12	290	227	Historians	NA
12	291	227	Historians	NA
12	292	228	have	NA
12	293	229	had	NA
12	294	230	two	them.
12	295	231	reasons	them.
12	296	232	for	them.
12	297	233	persisting	them.
12	298	233	persisting	them.
12	299	234	so	them.
12	300	235	long	them.
12	301	236	in	them.
12	302	237	their	them.
12	303	238	investigations.	them.
12	304	238	investigations.	them.
12	305	239	First,	NA
12	306	239	First,	NA
12	307	240	they	NA
12	308	241	wanted	NA
12	309	242	to	NA
12	310	243	clarify	NA
12	311	244	a	it.
12	312	245	tantalizing,	it.
12	313	245	tantalizing,	it.
12	314	245	tantalizing,	it.
12	315	246	bizarre	it.
12	316	247	enigma.	it.
12	317	247	enigma.	it.
12	318	247	enigma.	it.
12	319	248	Second,	NA
12	320	248	Second,	NA
12	321	249	they	NA
12	322	250	believed	NA
12	323	251	it	NA
12	324	252	important	NA
12	325	253	to	NA
12	326	254	determine	NA
12	327	255	the	NA
12	328	256	fate	NA
12	329	257	of	NA
12	330	258	the	NA
12	331	259	captain	NA
12	332	260	--	NA
12	333	261	a	NA
12	334	262	man	NA
12	335	263	whose	NA
12	336	264	name	NA
12	337	265	is	NA
12	338	266	permanently	NA
12	339	267	stamped	NA
12	340	268	on	NA
12	341	269	our	NA
12	342	270	maps,	NA
12	343	270	maps,	NA
12	344	271	on	NA
12	345	272	American	NA
12	346	273	towns	NA
12	347	274	and	NA
12	348	275	counties,	NA
12	349	275	counties,	NA
12	350	276	on	NA
12	351	277	a	NA
12	352	278	great	NA
12	353	279	American	NA
12	354	280	river,	NA
12	355	280	river,	NA
12	356	281	and	NA
12	357	282	on	NA
12	358	283	half	NA
12	359	284	a	NA
12	360	285	million	NA
12	361	286	square	NA
12	362	287	miles	NA
12	363	288	of	NA
12	364	289	Arctic	NA
12	365	290	seas.	NA
12	366	290	seas.	NA
12	367	291	The	NA
12	368	292	name:	NA
12	369	292	name:	NA
12	370	293	Henry	NA
12	371	294	Hudson.	NA
12	372	294	Hudson.	NA
12	373	295	This	NA
12	374	296	is	NA
12	375	297	the	NA
12	376	298	story	NA
12	377	299	of	NA
12	378	300	his	NA
12	379	301	last	NA
12	380	302	tragic	NA
12	381	303	voyage,	NA
12	382	303	voyage,	NA
12	383	304	as	NA
12	384	305	nearly	NA
12	385	306	as	NA
12	386	307	we	NA
12	387	308	are	NA
12	388	309	able	NA
12	389	310	--	NA
12	390	311	or	NA
12	391	312	ever,	NA
12	392	312	ever,	NA
12	393	313	probably,	NA
12	394	313	probably,	NA
12	395	314	will	NA
12	396	315	be	NA
12	397	316	able	NA
12	398	317	--	NA
12	399	318	to	NA
12	400	319	determine:	NA
12	401	319	determine:	NA
12	402	320	The	NA
12	403	321	sailing	NA
12	404	322	in	NA
12	405	323	the	NA
12	406	324	spring	NA
12	407	325	of	NA
12	408	326	1610	NA
12	409	326	1610	NA
12	410	327	was	NA
12	411	328	Hudson's	NA
12	412	328	Hudson's	NA
12	413	329	fourth	NA
12	414	330	in	NA
12	415	331	four	NA
12	416	332	years.	NA
12	417	332	years.	NA
12	418	333	Each	It
12	419	334	time	It
12	420	335	his	NA
12	421	336	objective	NA
12	422	337	had	NA
12	423	338	been	NA
12	424	339	the	NA
12	425	340	same	NA
12	426	341	--	NA
12	427	342	a	NA
12	428	343	direct	NA
12	429	344	water	NA
12	430	345	passage	NA
12	431	346	from	NA
12	432	347	Western	NA
12	433	348	Europe	NA
12	434	349	to	NA
12	435	350	the	NA
12	436	351	Far	NA
12	437	352	East.	NA
12	438	352	East.	NA
12	439	353	In	NA
12	440	354	1607	it
12	441	354	1607	it
12	442	355	and	NA
12	443	356	1608,	it,
12	444	356	1608,	it,
12	445	356	1608,	it,
12	446	357	the	NA
12	447	358	English	NA
12	448	359	Muscovy	NA
12	449	359	Muscovy	NA
12	450	359	Muscovy	NA
12	451	360	Company	NA
12	452	361	had	NA
12	453	362	sent	NA
12	454	363	him	NA
12	455	364	northward	NA
12	456	364	northward	NA
12	457	365	to	NA
12	458	366	look	NA
12	459	367	for	NA
12	460	368	a	it.
12	461	369	route	it.
12	462	370	over	it.
12	463	371	the	it.
12	464	372	North	it.
12	465	373	Pole	it.
12	466	374	or	it.
12	467	375	across	it.
12	468	376	the	it.
12	469	377	top	it.
12	470	378	of	it.
12	471	379	Russia.	it.
12	472	379	Russia.	it.
12	473	380	Twice	NA
12	474	381	he	NA
12	475	382	had	NA
12	476	383	failed,	NA
12	477	383	failed,	NA
12	478	384	and	NA
12	479	385	the	NA
12	480	386	Muscovy	NA
12	481	386	Muscovy	NA
12	482	386	Muscovy	NA
12	483	387	Company	NA
12	484	388	indicated	NA
12	485	389	it	NA
12	486	390	would	NA
12	487	391	not	NA
12	488	392	back	NA
12	489	393	him	NA
12	490	394	again.	NA
12	491	394	again.	NA
12	492	395	In	NA
12	493	396	1609,	NA
12	494	396	1609,	NA
12	495	396	1609,	NA
12	496	397	the	it
12	497	398	Dutch	it
12	498	399	East	it
12	499	400	India	it
12	500	401	Company	it
12	501	402	hired	NA
12	502	403	Hudson,	NA
12	503	403	Hudson,	NA
12	504	404	gave	NA
12	505	405	him	NA
12	506	406	two	them,
12	507	407	learned	them,
12	508	408	geographers,	them,
12	509	408	geographers,	them,
12	510	408	geographers,	them,
12	511	409	fitted	NA
12	512	410	him	NA
12	513	411	out	NA
12	514	412	with	NA
12	515	413	a	NA
12	516	414	ship	NA
12	517	415	called	NA
12	518	416	the	NA
12	519	417	Half	NA
12	520	418	Moon,	NA
12	521	418	Moon,	NA
12	522	419	and	NA
12	523	420	supplied	NA
12	524	421	him	NA
12	525	422	with	NA
12	526	423	Dutch	them.
12	527	424	sailors.	them.
12	528	424	sailors.	them.
12	529	425	This	NA
12	530	426	time	NA
12	531	427	he	NA
12	532	428	turned	NA
12	533	429	westward,	NA
12	534	429	westward,	NA
12	535	429	westward,	NA
12	536	430	to	NA
12	537	431	the	NA
12	538	432	middle	NA
12	539	433	Atlantic	NA
12	540	434	coast	NA
12	541	435	of	NA
12	542	436	North	NA
12	543	437	America.	NA
12	544	437	America.	NA
12	545	438	His	NA
12	546	439	chief	NA
12	547	440	discovery	NA
12	548	441	was	NA
12	549	442	important	NA
12	550	443	--	NA
12	551	444	the	NA
12	552	445	Great	NA
12	553	446	North	NA
12	554	447	(later,	NA
12	555	447	(later,	NA
12	556	447	(later,	NA
12	557	448	the	NA
12	558	449	Hudson)	NA
12	559	449	Hudson)	NA
12	560	450	River	NA
12	561	451	--	NA
12	562	452	but	NA
12	563	453	it	NA
12	564	454	produced	NA
12	565	455	no	it.
12	566	456	northwest	it.
12	567	457	passage.	it.
12	568	457	passage.	it.
12	569	458	When	NA
12	570	459	the	NA
12	571	460	Half	NA
12	572	461	Moon	NA
12	573	462	put	NA
12	574	463	in	NA
12	575	464	at	NA
12	576	465	Dartmouth,	it,
12	577	465	Dartmouth,	it,
12	578	466	England,	it,
12	579	466	England,	it,
12	580	467	in	NA
12	581	468	the	it,
12	582	469	fall	it,
12	583	470	of	it,
12	584	471	1609,	it,
12	585	471	1609,	it,
12	586	471	1609,	it,
12	587	472	word	it
12	588	473	of	it
12	589	474	Hudson's	it
12	590	474	Hudson's	it
12	591	475	findings	it
12	592	476	leaked	NA
12	593	477	out,	NA
12	594	477	out,	NA
12	595	478	and	NA
12	596	479	English	it
12	597	480	interest	it
12	598	481	in	it
12	599	482	him	it
12	600	483	revived.	NA
12	601	483	revived.	NA
12	602	484	The	It
12	603	485	government	It
12	604	486	forbade	NA
12	605	486	forbade	NA
12	606	487	Hudson	NA
12	607	488	to	NA
12	608	489	return	NA
12	609	490	to	NA
12	610	491	Amsterdam	it
12	611	492	with	NA
12	612	493	his	his.
12	613	494	ship.	his.
12	614	494	ship.	his.
12	615	495	He	NA
12	616	496	thereupon	NA
12	617	496	thereupon	NA
12	618	497	went	NA
12	619	498	to	NA
12	620	499	London	NA
12	621	500	and	NA
12	622	501	spent	NA
12	623	502	the	it
12	624	503	winter	it
12	625	504	talking	NA
12	626	505	to	NA
12	627	506	men	them.
12	628	507	of	them.
12	629	508	wealth.	them.
12	630	508	wealth.	them.
12	631	509	By	NA
12	632	510	springtime,	it,
12	633	510	springtime,	it,
12	634	510	springtime,	it,
12	635	511	he	NA
12	636	512	was	NA
12	637	513	supported	NA
12	638	514	by	NA
12	639	515	a	it.
12	640	516	rich	it.
12	641	517	merchant	it.
12	642	518	syndicate	it.
12	643	518	syndicate	it.
12	644	519	under	it.
12	645	520	the	it.
12	646	521	patronage	it.
12	647	522	of	it.
12	648	523	Henry,	it.
12	649	523	Henry,	it.
12	650	524	Prince	it.
12	651	525	of	it.
12	652	526	Wales.	it.
12	653	526	Wales.	it.
12	654	527	He	NA
12	655	528	had	NA
12	656	529	obtained	NA
12	657	530	and	NA
12	658	531	provisioned	NA
12	659	531	provisioned	NA
12	660	532	a	it
12	661	533	veteran	it
12	662	534	ship	it
12	663	535	called	it
12	664	536	the	it
12	665	537	Discovery	it
12	666	538	and	NA
12	667	539	had	NA
12	668	540	recruited	NA
12	669	541	a	NA
12	670	542	crew	NA
12	671	543	of	NA
12	672	544	twenty-one,	NA
12	673	544	twenty-one,	NA
12	674	544	twenty-one,	NA
12	675	544	twenty-one,	NA
12	676	545	the	NA
12	677	546	largest	NA
12	678	547	he	NA
12	679	548	had	NA
12	680	549	ever	NA
12	681	550	commanded.	NA
12	682	550	commanded.	NA
12	683	551	The	It
12	684	552	purpose	It
12	685	553	of	It
12	686	554	this	It
12	687	555	fourth	It
12	688	556	voyage	It
12	689	557	was	NA
12	690	558	clear.	NA
12	691	558	clear.	NA
12	692	559	A	It
12	693	560	century	It
12	694	561	of	It
12	695	562	exploration	It
12	696	563	had	NA
12	697	564	established	NA
12	698	565	that	NA
12	699	566	a	it,
12	700	567	great	it,
12	701	568	land	it,
12	702	569	mass,	it,
12	703	569	mass,	it,
12	704	570	North	NA
12	705	571	and	NA
12	706	572	South	NA
12	707	573	America,	NA
12	708	573	America,	NA
12	709	574	lay	NA
12	710	575	between	NA
12	711	576	Europe	NA
12	712	577	and	NA
12	713	578	the	them.
12	714	579	Indies.	them.
12	715	579	Indies.	them.
12	716	580	One	NA
12	717	581	by	NA
12	718	582	one,	NA
12	719	582	one,	NA
12	720	583	the	they
12	721	584	openings	they
12	722	585	in	they
12	723	586	the	they
12	724	587	coast	they
12	725	588	that	they
12	726	589	promised	they
12	727	590	a	they
12	728	591	passage	they
12	729	592	through	they
12	730	593	had	NA
12	731	594	been	NA
12	732	595	explored	NA
12	733	596	and	NA
12	734	597	discarded.	NA
12	735	597	discarded.	NA
12	736	598	In	NA
12	737	599	fact,	NA
12	738	599	fact,	NA
12	739	600	Hudson's	it
12	740	600	Hudson's	it
12	741	601	sail	it
12	742	602	up	it
12	743	603	the	it
12	744	604	Great	it
12	745	605	North	it
12	746	606	River	it
12	747	607	had	NA
12	748	608	disposed	NA
12	749	609	of	NA
12	750	610	one	NA
12	751	611	of	NA
12	752	612	the	them.
12	753	613	last	them.
12	754	614	hopes.	them.
12	755	614	hopes.	them.
12	756	615	But	NA
12	757	616	there	NA
12	758	617	remained	NA
12	759	618	one	NA
12	760	619	mysterious,	NA
12	761	619	mysterious,	NA
12	762	620	unexplored	NA
12	763	620	unexplored	NA
12	764	621	gap,	NA
12	765	621	gap,	NA
12	766	622	far	NA
12	767	623	to	NA
12	768	624	the	NA
12	769	625	north.	NA
12	770	625	north.	NA
12	771	626	Nearly	It
12	772	627	twenty-five	It
12	773	627	twenty-five	It
12	774	627	twenty-five	It
12	775	628	years	It
12	776	629	before,	NA
12	777	629	before,	NA
12	778	630	Captain	NA
12	779	631	John	NA
12	780	632	Davis	NA
12	781	633	had	NA
12	782	634	noted,	NA
12	783	634	noted,	NA
12	784	635	as	NA
12	785	636	he	NA
12	786	637	sailed	NA
12	787	638	near	NA
12	788	639	the	it,
12	789	640	Arctic	it,
12	790	641	Circle,	it,
12	791	641	Circle,	it,
12	792	642	"a	NA
12	793	642	"a	NA
12	794	643	very	NA
12	795	644	great	NA
12	796	645	gulf,	NA
12	797	645	gulf,	NA
12	798	646	the	it
12	799	647	water	it
12	800	648	whirling	NA
12	801	648	whirling	NA
12	802	649	and	NA
12	803	650	roaring,	NA
12	804	650	roaring,	NA
12	805	651	as	NA
12	806	652	it	NA
12	807	653	were	NA
12	808	654	the	it."
12	809	655	meeting	it."
12	810	656	of	it."
12	811	657	tides."	it."
12	812	657	tides."	it."
12	813	658	He	NA
12	814	659	named	NA
12	815	660	this	NA
12	816	661	opening,	NA
12	817	661	opening,	NA
12	818	662	between	NA
12	819	663	Baffin	NA
12	820	663	Baffin	NA
12	821	663	Baffin	NA
12	822	664	Island	NA
12	823	665	and	NA
12	824	666	Labrador,	NA
12	825	666	Labrador,	NA
12	826	667	the	NA
12	827	668	"Furious	NA
12	828	668	"Furious	NA
12	829	668	"Furious	NA
12	830	669	Overfall."	NA
12	831	669	Overfall."	NA
12	832	669	Overfall."	NA
12	833	670	(Later,	NA
12	834	670	(Later,	NA
12	835	670	(Later,	NA
12	836	671	it	NA
12	837	672	was	NA
12	838	673	to	NA
12	839	674	be	NA
12	840	675	called	NA
12	841	676	Hudson	NA
12	842	677	Strait.)	NA
12	843	677	Strait.)	NA
12	844	678	In	NA
12	845	679	1602,	it,
12	846	679	1602,	it,
12	847	679	1602,	it,
12	848	680	George	NA
12	849	681	Waymouth,	NA
12	850	681	Waymouth,	NA
12	851	681	Waymouth,	NA
12	852	682	in	NA
12	853	683	the	NA
12	854	684	same	NA
12	855	685	little	NA
12	856	686	Discovery	NA
12	857	687	that	NA
12	858	688	Hudson	NA
12	859	689	now	NA
12	860	690	commanded,	NA
12	861	690	commanded,	NA
12	862	691	had	NA
12	863	692	sailed	NA
12	864	693	300	it
12	865	694	miles	it
12	866	695	up	NA
12	867	696	the	NA
12	868	697	strait	NA
12	869	697	strait	NA
12	870	698	before	NA
12	871	699	his	his
12	872	700	frightened	his
12	873	701	men	his
12	874	702	turned	NA
12	875	703	the	NA
12	876	704	ship	NA
12	877	705	back.	NA
12	878	705	back.	NA
12	879	706	Hudson	NA
12	880	707	now	NA
12	881	708	proposed	NA
12	882	709	to	NA
12	883	710	sail	NA
12	884	711	all	NA
12	885	712	the	NA
12	886	713	way	NA
12	887	714	through	NA
12	888	715	and	NA
12	889	716	test	NA
12	890	717	the	NA
12	891	718	seas	NA
12	892	719	beyond	NA
12	893	720	for	NA
12	894	721	the	it.
12	895	722	long-sought	it.
12	896	722	long-sought	it.
12	897	722	long-sought	it.
12	898	722	long-sought	it.
12	899	723	waterway.	it.
12	900	723	waterway.	it.
12	901	723	waterway.	it.
12	902	724	Even	NA
12	903	725	Hudson,	NA
12	904	725	Hudson,	NA
12	905	726	experienced	NA
12	906	727	in	NA
12	907	728	Arctic	NA
12	908	729	sailing	NA
12	909	730	and	NA
12	910	731	determined	NA
12	911	732	as	NA
12	912	733	he	NA
12	913	734	was,	NA
12	914	734	was,	NA
12	915	735	must	NA
12	916	736	have	NA
12	917	737	had	NA
12	918	738	qualms	them
12	919	738	qualms	them
12	920	739	as	NA
12	921	740	he	NA
12	922	741	slid	NA
12	923	742	down	NA
12	924	743	the	NA
12	925	744	Thames.	NA
12	926	744	Thames.	NA
12	927	745	Ahead	NA
12	928	746	were	NA
12	929	747	perilous,	NA
12	930	747	perilous,	NA
12	931	748	ice-filled	NA
12	932	748	ice-filled	NA
12	933	748	ice-filled	NA
12	934	749	waters.	NA
12	935	749	waters.	NA
12	936	750	On	NA
12	937	751	previous	them,
12	938	752	voyages,	them,
12	939	752	voyages,	them,
12	940	752	voyages,	them,
12	941	753	it	NA
12	942	754	had	NA
12	943	755	been	NA
12	944	756	in	NA
12	945	757	precisely	NA
12	946	758	such	NA
12	947	759	dangerous	NA
12	948	760	situations	NA
12	949	761	that	NA
12	950	762	he	NA
12	951	763	had	NA
12	952	764	failed	NA
12	953	765	as	NA
12	954	766	a	he
12	955	767	leader	he
12	956	768	and	NA
12	957	769	captain.	NA
12	958	769	captain.	NA
