story	token_index	word_index	token	pronoun_replacement
0	0	0	If	NA
0	1	1	you	NA
0	2	2	were	NA
0	3	3	to	NA
0	4	4	journey	NA
0	5	5	to	NA
0	6	6	the	it,
0	7	7	North	it,
0	8	8	of	it,
0	9	9	England,	it,
0	10	9	England,	it,
0	11	10	you	NA
0	12	11	would	NA
0	13	12	come	NA
0	14	13	to	NA
0	15	14	a	NA
0	16	15	valley	NA
0	17	16	that	NA
0	18	17	is	NA
0	19	18	surrounded	NA
0	20	19	by	NA
0	21	20	moors	NA
0	22	20	moors	NA
0	23	21	as	NA
0	24	22	high	NA
0	25	23	as	NA
0	26	24	mountains.	NA
0	27	24	mountains.	NA
0	28	25	It	NA
0	29	26	is	NA
0	30	27	in	NA
0	31	28	this	NA
0	32	29	valley	NA
0	33	30	where	NA
0	34	31	you	NA
0	35	32	would	NA
0	36	33	find	NA
0	37	34	the	NA
0	38	35	city	NA
0	39	36	of	NA
0	40	37	Bradford,	NA
0	41	37	Bradford,	NA
0	42	38	where	NA
0	43	39	once	NA
0	44	40	a	they
0	45	41	thousand	they
0	46	42	spinning	they
0	47	43	jennies	they
0	48	43	jennies	they
0	49	43	jennies	they
0	50	44	that	they
0	51	45	hummed	they
0	52	45	hummed	they
0	53	46	and	they
0	54	47	clattered	they
0	55	47	clattered	they
0	56	48	spun	NA
0	57	49	wool	it
0	58	50	into	NA
0	59	51	money	it
0	60	52	for	NA
0	61	53	the	NA
0	62	54	long-bearded	NA
0	63	54	long-bearded	NA
0	64	54	long-bearded	NA
0	65	54	long-bearded	NA
0	66	55	mill	NA
0	67	56	owners.	NA
0	68	56	owners.	NA
0	69	57	That	NA
0	70	58	all	NA
0	71	59	mill	NA
0	72	60	owners	NA
0	73	61	were	NA
0	74	62	generally	NA
0	75	63	busy	NA
0	76	64	as	NA
0	77	65	beavers	they
0	78	65	beavers	they
0	79	66	and	NA
0	80	67	quite	NA
0	81	68	pleased	NA
0	82	69	with	NA
0	83	70	themselves	NA
0	84	71	for	NA
0	85	72	being	NA
0	86	73	so	NA
0	87	74	successful	NA
0	88	75	and	NA
0	89	76	well	NA
0	90	77	off	NA
0	91	78	was	NA
0	92	79	known	NA
0	93	80	to	NA
0	94	81	the	NA
0	95	82	residents	NA
0	96	83	of	NA
0	97	84	Bradford,	NA
0	98	84	Bradford,	NA
0	99	85	and	NA
0	100	86	if	NA
0	101	87	you	NA
0	102	88	were	NA
0	103	89	to	NA
0	104	90	go	NA
0	105	91	into	NA
0	106	92	the	NA
0	107	93	city	NA
0	108	94	to	NA
0	109	95	visit	NA
0	110	96	the	NA
0	111	97	stately	NA
0	112	97	stately	NA
0	113	98	City	NA
0	114	99	Hall,	NA
0	115	99	Hall,	NA
0	116	100	you	NA
0	117	101	would	NA
0	118	102	see	NA
0	119	103	there	NA
0	120	104	the	NA
0	121	105	Crest	NA
0	122	106	of	NA
0	123	107	the	NA
0	124	108	City	NA
0	125	109	of	NA
0	126	110	Bradford,	NA
0	127	110	Bradford,	NA
0	128	111	which	NA
0	129	112	those	NA
0	130	113	same	NA
0	131	114	mill	NA
0	132	115	owners	NA
0	133	116	created	NA
0	134	117	to	NA
0	135	118	celebrate	NA
0	136	119	their	NA
0	137	120	achievements.	NA
0	138	120	achievements.	NA
0	139	121	It	NA
0	140	122	shows	NA
0	141	123	a	NA
0	142	124	sinister	NA
0	143	125	looking	NA
0	144	126	boar's	NA
0	145	126	boar's	NA
0	146	126	boar's	NA
0	147	127	head	NA
0	148	128	sitting	NA
0	149	129	on	NA
0	150	130	top	it
0	151	131	of	it
0	152	132	a	it
0	153	133	well	it
0	154	134	which	NA
0	155	135	seems	NA
0	156	136	puzzling	NA
0	157	137	at	NA
0	158	138	first,	NA
0	159	138	first,	NA
0	160	139	but	NA
0	161	140	the	NA
0	162	141	reason	NA
0	163	142	for	NA
0	164	143	this	NA
0	165	144	symbol	NA
0	166	145	is	NA
0	167	146	a	NA
0	168	147	matter	NA
0	169	148	of	NA
0	170	149	legend.	NA
0	171	149	legend.	NA
0	172	150	There	NA
0	173	151	was	NA
0	174	152	once,	NA
0	175	152	once,	NA
0	176	153	legend	NA
0	177	154	has	NA
0	178	155	it,	NA
0	179	155	it,	NA
0	180	156	a	NA
0	181	157	fearsome	NA
0	182	158	boar,	NA
0	183	158	boar,	NA
0	184	158	boar,	NA
0	185	159	which	NA
0	186	160	lived	NA
0	187	161	in	NA
0	188	162	a	NA
0	189	163	wood	NA
0	190	164	located	NA
0	191	165	just	NA
0	192	166	outside	NA
0	193	167	the	NA
0	194	168	manor	NA
0	195	168	manor	NA
0	196	169	of	NA
0	197	170	Bradford.	NA
0	198	170	Bradford.	NA
0	199	171	A	NA
0	200	172	source	NA
0	201	173	of	NA
0	202	174	great	NA
0	203	175	trouble	NA
0	204	176	to	NA
0	205	177	the	NA
0	206	178	local	NA
0	207	179	folk	NA
0	208	180	the	NA
0	209	181	boar	NA
0	210	181	boar	NA
0	211	182	was,	NA
0	212	182	was,	NA
0	213	183	bringing	NA
0	214	184	terror	it
0	215	185	to	NA
0	216	186	the	NA
0	217	187	peaceful	NA
0	218	188	flocks	NA
0	219	188	flocks	NA
0	220	189	and	NA
0	221	190	ravaging	NA
0	222	190	ravaging	NA
0	223	191	the	it.
0	224	192	countryside	it.
0	225	193	around.	it.
0	226	193	around.	it.
0	227	194	Even	NA
0	228	195	worse,	NA
0	229	195	worse,	NA
0	230	196	however,	NA
0	231	196	however,	NA
0	232	197	the	NA
0	233	198	boar	NA
0	234	198	boar	NA
0	235	199	most	NA
0	236	200	liked	NA
0	237	201	to	NA
0	238	202	go	NA
0	239	203	to	NA
0	240	204	the	NA
0	241	205	well	NA
0	242	206	that	NA
0	243	207	was	NA
0	244	208	in	NA
0	245	209	the	NA
0	246	210	wood	NA
0	247	211	and	NA
0	248	212	drink	NA
0	249	213	its	its,
0	250	214	fresh	its,
0	251	215	water,	its,
0	252	215	water,	its,
0	253	216	so	NA
0	254	217	that	NA
0	255	218	the	NA
0	256	219	people	NA
0	257	220	of	NA
0	258	221	Bradford	NA
0	259	222	had	NA
0	260	223	second	them
0	261	224	thoughts	them
0	262	225	about	NA
0	263	226	visiting	NA
0	264	227	the	NA
0	265	228	well.	NA
0	266	228	well.	NA
0	267	229	That	NA
0	268	230	the	NA
0	269	231	people	NA
0	270	232	of	NA
0	271	233	Bradford	NA
0	272	234	bore	NA
0	273	235	the	it
0	274	236	brunt	it
0	275	237	of	it
0	276	238	the	it
0	277	239	beast's	it
0	278	239	beast's	it
0	279	240	ferocity	it
0	280	240	ferocity	it
0	281	241	was	NA
0	282	242	unfair	NA
0	283	243	in	NA
0	284	244	the	theirs.
0	285	245	eyes	theirs.
0	286	246	of	theirs.
0	287	247	the	theirs.
0	288	248	people	theirs.
0	289	249	of	theirs.
0	290	250	the	theirs.
0	291	251	region.	theirs.
0	292	251	region.	theirs.
0	293	252	Eventually,	NA
0	294	252	Eventually,	NA
0	295	253	the	NA
0	296	254	issue	NA
0	297	255	reached	NA
0	298	256	the	them.
0	299	257	ears	them.
0	300	258	of	them.
0	301	259	the	them.
0	302	260	kindly	them.
0	303	261	Lord	them.
0	304	262	of	them.
0	305	263	the	them.
0	306	264	Manor	them.
0	307	265	who	them.
0	308	266	the	them.
0	309	267	people	them.
0	310	268	had	them.
0	311	269	often	them.
0	312	270	asked	them.
0	313	271	for	them.
0	314	272	help.	them.
0	315	272	help.	them.
0	316	273	The	NA
0	317	274	Lord	NA
0	318	275	saw	NA
0	319	276	the	it
0	320	277	severity	it
0	321	278	of	it
0	322	279	the	it
0	323	280	problem	it
0	324	281	the	it
0	325	282	people	it
0	326	283	faced	it
0	327	284	and	NA
0	328	285	suggested	NA
0	329	286	a	it
0	330	287	contest	it
0	331	288	could	NA
0	332	289	solve	NA
0	333	290	the	NA
0	334	291	problem.	NA
0	335	291	problem.	NA
0	336	292	He	NA
0	337	293	said	NA
0	338	294	that	NA
0	339	295	whoever	NA
0	340	296	could	NA
0	341	297	kill	NA
0	342	298	the	NA
0	343	299	boar	NA
0	344	299	boar	NA
0	345	300	and	NA
0	346	301	bring	NA
0	347	302	as	NA
0	348	303	proof	NA
0	349	304	its	NA
0	350	305	head	NA
0	351	306	to	NA
0	352	307	the	NA
0	353	308	Manor	NA
0	354	309	House	NA
0	355	310	would	NA
0	356	311	be	NA
0	357	312	rewarded	NA
0	358	313	with	NA
0	359	314	land	NA
0	360	315	and	NA
0	361	316	fame.	NA
0	362	316	fame.	NA
0	363	317	It	NA
0	364	318	was	NA
0	365	319	the	NA
0	366	320	people	NA
0	367	321	of	NA
0	368	322	Bradford	NA
0	369	323	and	NA
0	370	324	the	they
0	371	325	people	they
0	372	326	who	they
0	373	327	knew	they
0	374	328	them	they
0	375	329	who	NA
0	376	330	rejoiced	NA
0	377	330	rejoiced	NA
0	378	331	at	NA
0	379	332	this	NA
0	380	333	proclamation	NA
0	381	334	but	NA
0	382	335	one	it
0	383	336	question	it
0	384	337	remained:	NA
0	385	337	remained:	NA
0	386	338	who	NA
0	387	339	would	NA
0	388	340	kill	NA
0	389	341	the	NA
0	390	342	boar?	NA
0	391	342	boar?	NA
0	392	342	boar?	NA
0	393	343	By	NA
0	394	344	the	NA
0	395	345	handsome	NA
0	396	346	reward	NA
0	397	347	many	NA
0	398	348	felt	NA
0	399	349	tempted,	NA
0	400	349	tempted,	NA
0	401	350	but	NA
0	402	351	the	it
0	403	352	thought	it
0	404	353	of	it
0	405	354	the	it
0	406	355	boar	it
0	407	355	boar	it
0	408	356	with	it
0	409	357	its	it
0	410	358	deadly	it
0	411	359	tusks	it
0	412	359	tusks	it
0	413	359	tusks	it
0	414	360	and	it
0	415	361	face	it
0	416	362	like	it
0	417	363	thunder	it
0	418	364	soon	NA
0	419	365	put	NA
0	420	366	an	them.
0	421	367	end	them.
0	422	368	to	them.
0	423	369	their	them.
0	424	370	ambitions.	them.
0	425	370	ambitions.	them.
0	426	371	However,	NA
0	427	371	However,	NA
0	428	372	there	NA
0	429	373	was	NA
0	430	374	one	NA
0	431	375	huntsman,	NA
0	432	375	huntsman,	NA
0	433	375	huntsman,	NA
0	434	376	who	NA
0	435	377	was	NA
0	436	378	still	NA
0	437	379	wet	NA
0	438	380	behind	NA
0	439	381	the	NA
0	440	382	ears,	NA
0	441	382	ears,	NA
0	442	383	who	NA
0	443	384	decided	NA
0	444	385	the	NA
0	445	386	prize	NA
0	446	387	was	NA
0	447	388	worth	NA
0	448	389	a	NA
0	449	390	shot,	NA
0	450	390	shot,	NA
0	451	391	in	NA
0	452	392	spite	NA
0	453	393	of	NA
0	454	394	the	NA
0	455	395	boar's	NA
0	456	395	boar's	NA
0	457	395	boar's	NA
0	458	396	reputation.	NA
0	459	396	reputation.	NA
0	460	397	The	NA
0	461	398	huntsman	NA
0	462	398	huntsman	NA
0	463	399	discovered	NA
0	464	400	the	NA
0	465	401	boar	NA
0	466	401	boar	NA
0	467	402	preferred	NA
0	468	403	to	NA
0	469	404	come	NA
0	470	405	out	NA
0	471	406	in	NA
0	472	407	the	it.
0	473	408	middle	it.
0	474	409	of	it.
0	475	410	the	it.
0	476	411	day.	it.
0	477	411	day.	it.
0	478	412	So	NA
0	479	413	he	NA
0	480	414	went	NA
0	481	415	to	NA
0	482	416	the	NA
0	483	417	wood	NA
0	484	418	by	NA
0	485	419	the	NA
0	486	420	well	NA
0	487	421	with	NA
0	488	422	his	NA
0	489	423	good	NA
0	490	424	bow,	NA
0	491	424	bow,	NA
0	492	425	to	NA
0	493	426	bide	NA
0	494	426	bide	NA
0	495	427	his	his.
0	496	428	time.	his.
0	497	428	time.	his.
0	498	429	Around	NA
0	499	430	noontime,	it,
0	500	430	noontime,	it,
0	501	430	noontime,	it,
0	502	430	noontime,	it,
0	503	431	the	NA
0	504	432	boar,	NA
0	505	432	boar,	NA
0	506	432	boar,	NA
0	507	433	feared	NA
0	508	434	by	NA
0	509	435	the	NA
0	510	436	locals,	NA
0	511	436	locals,	NA
0	512	437	came	NA
0	513	438	out,	NA
0	514	438	out,	NA
0	515	439	as	NA
0	516	440	slow	NA
0	517	441	as	NA
0	518	442	a	it,
0	519	443	snail,	it,
0	520	443	snail,	it,
0	521	444	from	NA
0	522	445	among	NA
0	523	446	the	them,
0	524	447	trees,	them,
0	525	447	trees,	them,
0	526	448	just	NA
0	527	449	as	NA
0	528	450	the	NA
0	529	451	huntsman	NA
0	530	451	huntsman	NA
0	531	452	had	NA
0	532	453	predicted.	NA
0	533	453	predicted.	NA
0	534	454	The	NA
0	535	455	huntsman	NA
0	536	455	huntsman	NA
0	537	456	leaped	NA
0	538	456	leaped	NA
0	539	457	from	NA
0	540	458	his	his
0	541	459	hiding	his
0	542	460	place	his
0	543	461	and	NA
0	544	462	through	NA
0	545	463	the	it
0	546	464	heart	it
0	547	465	with	NA
0	548	466	his	NA
0	549	467	fine	NA
0	550	468	arrows	NA
0	551	469	shot	NA
0	552	470	the	NA
0	553	471	boar.	NA
0	554	471	boar.	NA
0	555	471	boar.	NA
0	556	472	Now	NA
0	557	473	the	NA
0	558	474	problem	NA
0	559	475	was	NA
0	560	476	no	NA
0	561	477	longer	NA
0	562	478	to	NA
0	563	479	kill	NA
0	564	480	the	NA
0	565	481	boar.	NA
0	566	481	boar.	NA
0	567	481	boar.	NA
0	568	482	It	NA
0	569	483	was	NA
0	570	484	to	NA
0	571	485	find	NA
0	572	486	a	it.
0	573	487	way	it.
0	574	488	to	it.
0	575	489	carry	it.
0	576	490	the	it.
0	577	491	boar	it.
0	578	491	boar	it.
0	579	492	back.	it.
0	580	492	back.	it.
0	581	493	The	NA
0	582	494	head	NA
0	583	495	was	NA
0	584	496	too	NA
0	585	497	heavy	NA
0	586	498	for	NA
0	587	499	the	NA
0	588	500	little	NA
0	589	501	huntsman	NA
0	590	501	huntsman	NA
0	591	502	to	NA
0	592	503	carry	NA
0	593	504	back	NA
0	594	505	to	NA
0	595	506	the	NA
0	596	507	Manor	NA
0	597	508	House,	NA
0	598	508	House,	NA
0	599	509	but	NA
0	600	510	the	NA
0	601	511	huntsman,	NA
0	602	511	huntsman,	NA
0	603	511	huntsman,	NA
0	604	512	who	NA
0	605	513	was	NA
0	606	514	as	NA
0	607	515	quick-witted	NA
0	608	515	quick-witted	NA
0	609	515	quick-witted	NA
0	610	515	quick-witted	NA
0	611	516	and	NA
0	612	517	cunning	NA
0	613	518	as	NA
0	614	519	ever,	NA
0	615	519	ever,	NA
0	616	520	asked	NA
0	617	521	himself,	NA
0	618	521	himself,	NA
0	619	522	'What	NA
0	620	522	'What	NA
0	621	523	else	NA
0	622	524	can	NA
0	623	525	I	NA
0	624	526	do	NA
0	625	527	to	NA
0	626	528	prove	NA
0	627	529	I	NA
0	628	530	killed	NA
0	629	531	the	NA
0	630	532	boar?'	NA
0	631	532	boar?'	NA
0	632	532	boar?'	NA
0	633	533	The	it
0	634	534	next	it
0	635	535	instance	it
0	636	536	he	NA
0	637	537	opened	NA
0	638	538	the	NA
0	639	539	boar's	NA
0	640	539	boar's	NA
0	641	539	boar's	NA
0	642	540	mouth	NA
0	643	541	and	NA
0	644	542	cut	NA
0	645	543	out	NA
0	646	544	its	NA
0	647	545	tongue,	NA
0	648	545	tongue,	NA
0	649	546	taking	NA
0	650	547	that	NA
0	651	548	as	NA
0	652	549	proof	it.
0	653	550	for	it.
0	654	551	the	it.
0	655	552	Lord.	it.
0	656	552	Lord.	it.
0	657	553	He	NA
0	658	554	set	NA
0	659	555	out	NA
0	660	556	for	NA
0	661	557	the	NA
0	662	558	Manor	NA
0	663	559	House	NA
0	664	560	as	NA
0	665	561	quickly	NA
0	666	562	as	NA
0	667	563	he	NA
0	668	564	could	NA
0	669	565	and	NA
0	670	566	he	NA
0	671	567	had	NA
0	672	568	only	NA
0	673	569	been	NA
0	674	570	gone	NA
0	675	571	a	it
0	676	572	few	it
0	677	573	minutes	it
0	678	574	when	NA
0	679	575	a	NA
0	680	576	second	NA
0	681	577	huntsman,	NA
0	682	577	huntsman,	NA
0	683	577	huntsman,	NA
0	684	578	not	NA
0	685	579	so	NA
0	686	580	bold	NA
0	687	581	as	NA
0	688	582	the	NA
0	689	583	first	NA
0	690	584	but	NA
0	691	585	a	NA
0	692	586	little	NA
0	693	587	more	NA
0	694	588	cunning,	NA
0	695	588	cunning,	NA
0	696	589	came	NA
0	697	590	on	NA
0	698	591	the	it.
0	699	592	scene.	it.
0	700	592	scene.	it.
0	701	593	Seeing	NA
0	702	594	the	NA
0	703	595	slain	NA
0	704	596	carcass	NA
0	705	596	carcass	NA
0	706	597	of	NA
0	707	598	the	NA
0	708	599	boar,	NA
0	709	599	boar,	NA
0	710	599	boar,	NA
0	711	600	the	NA
0	712	601	huntsman	NA
0	713	601	huntsman	NA
0	714	602	rejoiced	NA
0	715	602	rejoiced	NA
0	716	603	in	NA
0	717	604	his	it.
0	718	605	good	it.
0	719	606	fortune.	it.
0	720	606	fortune.	it.
0	721	607	The	NA
0	722	608	second	NA
0	723	609	huntsman	NA
0	724	609	huntsman	NA
0	725	610	knew	NA
0	726	611	a	it
0	727	612	shortcut	it
0	728	613	to	it
0	729	614	the	it
0	730	615	Manor	it
0	731	616	House	it
0	732	617	was	NA
0	733	618	just	NA
0	734	619	around	NA
0	735	620	the	it,
0	736	621	nearby	it,
0	737	622	pond,	it,
0	738	622	pond,	it,
0	739	623	and,	NA
0	740	623	and,	NA
0	741	624	being	NA
0	742	625	a	NA
0	743	626	bigger	NA
0	744	627	man	NA
0	745	628	than	NA
0	746	629	the	NA
0	747	630	first,	NA
0	748	630	first,	NA
0	749	631	was	NA
0	750	632	able	NA
0	751	633	to	NA
0	752	634	pick	NA
0	753	635	up	NA
0	754	636	the	NA
0	755	637	boar's	NA
0	756	637	boar's	NA
0	757	637	boar's	NA
0	758	638	head	NA
0	759	639	and	NA
0	760	640	carry	NA
0	761	641	it	NA
0	762	642	through	NA
0	763	643	the	NA
0	764	644	wood	NA
0	765	645	towards	NA
0	766	646	the	NA
0	767	647	prize	NA
0	768	648	that	NA
0	769	649	awaited	NA
0	770	650	him.	NA
0	771	650	him.	NA
0	772	651	The	NA
0	773	652	Lord	NA
0	774	653	of	NA
0	775	654	the	NA
0	776	655	Manor	NA
0	777	656	was	NA
0	778	657	seated	NA
0	779	658	in	NA
0	780	659	his	his
0	781	660	hall	his
0	782	661	when	NA
0	783	662	the	NA
0	784	663	second	NA
0	785	664	huntsman	NA
0	786	664	huntsman	NA
0	787	665	burst	NA
0	788	666	through	NA
0	789	667	the	it
0	790	668	door	it
0	791	669	and	NA
0	792	670	began	NA
0	793	671	to	NA
0	794	672	spin	NA
0	795	673	a	it.
0	796	674	line.	it.
0	797	674	line.	it.
0	798	675	'The	'They
0	799	675	'The	'They
0	800	676	woes	'They
0	801	677	of	'They
0	802	678	Bradford	'They
0	803	679	are	NA
0	804	680	ended!'	NA
0	805	680	ended!'	NA
0	806	681	he	NA
0	807	682	announced.	NA
0	808	682	announced.	NA
0	809	683	'With	NA
0	810	683	'With	NA
0	811	684	my	my
0	812	685	own	my
0	813	686	hand	my
0	814	687	I	NA
0	815	688	have	NA
0	816	689	slain	NA
0	817	690	the	NA
0	818	691	boar!'	NA
0	819	691	boar!'	NA
0	820	691	boar!'	NA
0	821	692	And,	NA
0	822	692	And,	NA
0	823	693	with	NA
0	824	694	that,	NA
0	825	694	that,	NA
0	826	695	at	NA
0	827	696	the	NA
0	828	697	feet	NA
0	829	698	of	NA
0	830	699	his	NA
0	831	700	lord	NA
0	832	701	he	NA
0	833	702	dropped	NA
0	834	703	the	NA
0	835	704	boar's	NA
0	836	704	boar's	NA
0	837	704	boar's	NA
0	838	705	enormous	NA
0	839	706	head.	NA
0	840	706	head.	NA
0	841	707	'Then	NA
0	842	707	'Then	NA
0	843	708	you	NA
0	844	709	will	NA
0	845	710	be	NA
0	846	711	rewarded,	NA
0	847	711	rewarded,	NA
0	848	712	as	NA
0	849	713	I	NA
0	850	714	promised.'	NA
0	851	714	promised.'	NA
0	852	715	'But	NA
0	853	715	'But	NA
0	854	716	first,	NA
0	855	716	first,	NA
0	856	717	let	NA
0	857	718	me	NA
0	858	719	examine	NA
0	859	720	the	NA
0	860	721	head	NA
0	861	722	of	NA
0	862	723	this	NA
0	863	724	monster,'	NA
0	864	724	monster,'	NA
0	865	725	said	NA
0	866	726	the	NA
0	867	727	Lord	NA
0	868	728	of	NA
0	869	729	the	NA
0	870	730	Manor.	NA
0	871	730	Manor.	NA
0	872	731	To	NA
0	873	732	not	NA
0	874	733	examine	NA
0	875	734	the	NA
0	876	735	head	NA
0	877	736	in	NA
0	878	737	advance	NA
0	879	738	had	NA
0	880	739	not	NA
0	881	740	been	NA
0	882	741	very	NA
0	883	742	clever	NA
0	884	743	on	NA
0	885	744	the	NA
0	886	745	part	NA
0	887	746	of	NA
0	888	747	the	NA
0	889	748	huntsman.	NA
0	890	748	huntsman.	NA
0	891	748	huntsman.	NA
0	892	749	Right	NA
0	893	750	away,	NA
0	894	750	away,	NA
0	895	751	the	NA
0	896	752	Lord	NA
0	897	753	noticed	NA
0	898	754	the	it
0	899	755	tongue	it
0	900	756	of	it
0	901	757	the	it
0	902	758	boar	it
0	903	758	boar	it
0	904	759	was	NA
0	905	760	missing	NA
0	906	761	and	NA
0	907	762	exclaimed,	NA
0	908	762	exclaimed,	NA
0	909	763	'What	NA
0	910	763	'What	NA
0	911	764	is	NA
0	912	765	this?	NA
0	913	765	this?	NA
0	914	766	A	NA
0	915	767	boar	NA
0	916	767	boar	NA
0	917	768	with	NA
0	918	769	no	NA
0	919	770	tongue?'	NA
0	920	770	tongue?'	NA
0	921	771	He	NA
0	922	772	looked	NA
0	923	773	at	NA
0	924	774	the	NA
0	925	775	huntsman,	NA
0	926	775	huntsman,	NA
0	927	775	huntsman,	NA
0	928	776	dubiously.	NA
0	929	776	dubiously.	NA
0	930	776	dubiously.	NA
0	931	777	'How	NA
0	932	777	'How	NA
0	933	778	come	NA
0	934	779	this	NA
0	935	780	creature	NA
0	936	781	has	NA
0	937	782	no	NA
0	938	783	tongue?'	NA
0	939	783	tongue?'	NA
0	940	784	he	NA
0	941	785	demanded.	NA
0	942	785	demanded.	NA
0	943	786	All	NA
0	944	787	eyes	NA
0	945	788	were	NA
0	946	789	on	NA
0	947	790	the	NA
0	948	791	huntsman.	NA
0	949	791	huntsman.	NA
0	950	791	huntsman.	NA
0	951	792	The	NA
0	952	793	huntsman	NA
0	953	793	huntsman	NA
0	954	794	questioned	NA
0	955	795	by	NA
0	956	796	the	NA
0	957	797	Lord	NA
0	958	798	replied,	NA
0	959	798	replied,	NA
0	960	799	'I	NA
0	961	799	'I	NA
0	962	800	cannot	NA
0	963	801	say,	NA
0	964	801	say,	NA
0	965	802	my	NA
0	966	803	Lord.'	NA
0	967	803	Lord.'	NA
0	968	804	He	NA
0	969	805	was	NA
0	970	806	suddenly	NA
0	971	807	realizing	NA
0	972	808	his	NA
0	973	809	tricky	NA
0	974	810	situation	NA
0	975	811	could	NA
0	976	812	end	NA
0	977	813	badly	NA
0	978	814	for	NA
0	979	815	him.	NA
0	980	815	him.	NA
0	981	816	Through	NA
0	982	817	the	it
0	983	818	door	it
0	984	819	at	NA
0	985	820	this	NA
0	986	821	moment,	NA
0	987	821	moment,	NA
0	988	822	the	NA
0	989	823	first	NA
0	990	824	huntsman	NA
0	991	824	huntsman	NA
0	992	825	burst.	NA
0	993	825	burst.	NA
0	994	826	'The	NA
0	995	826	'The	NA
0	996	827	woes	NA
0	997	828	of	NA
0	998	829	Bradford	NA
0	999	830	are	NA
0	1000	831	ended!'	NA
0	1001	831	ended!'	NA
0	1002	832	he	NA
0	1003	833	cried.	NA
0	1004	833	cried.	NA
0	1005	834	'I	NA
0	1006	834	'I	NA
0	1007	835	have	NA
0	1008	836	slain	NA
0	1009	837	the	NA
0	1010	838	boar	NA
0	1011	838	boar	NA
0	1012	839	the	NA
0	1013	840	people	NA
0	1014	841	of	NA
0	1015	842	Bradford	NA
0	1016	843	dreaded!'	NA
0	1017	843	dreaded!'	NA
0	1018	844	All	NA
0	1019	845	eyes	NA
0	1020	846	turned	NA
0	1021	847	to	NA
0	1022	848	the	NA
0	1023	849	man	NA
0	1024	850	who	NA
0	1025	851	now	NA
0	1026	852	stood	NA
0	1027	853	in	NA
0	1028	854	the	NA
0	1029	855	doorway.	NA
0	1030	855	doorway.	NA
0	1031	856	'The	NA
0	1032	856	'The	NA
0	1033	857	reward	NA
0	1034	858	is	NA
0	1035	859	already	NA
0	1036	860	given,'	NA
0	1037	860	given,'	NA
0	1038	861	said	NA
0	1039	862	the	NA
0	1040	863	Lord	NA
0	1041	864	of	NA
0	1042	865	the	NA
0	1043	866	Manor.	NA
0	1044	866	Manor.	NA
0	1045	867	'The	NA
0	1046	867	'The	NA
0	1047	868	man	NA
0	1048	869	here	NA
0	1049	870	has	NA
0	1050	871	brought	NA
0	1051	872	to	NA
0	1052	873	me	NA
0	1053	874	the	NA
0	1054	875	boar's	NA
0	1055	875	boar's	NA
0	1056	875	boar's	NA
0	1057	876	head.'	NA
0	1058	876	head.'	NA
0	1059	877	'Then	NA
0	1060	877	'Then	NA
0	1061	878	where	NA
0	1062	879	is	NA
0	1063	880	its	NA
0	1064	881	tongue?'	NA
0	1065	881	tongue?'	NA
0	1066	882	the	NA
0	1067	883	first	NA
0	1068	884	huntsman	NA
0	1069	884	huntsman	NA
0	1070	885	replied.	NA
0	1071	885	replied.	NA
0	1072	886	And,	NA
0	1073	886	And,	NA
0	1074	887	so	NA
0	1075	888	saying,	NA
0	1076	888	saying,	NA
0	1077	889	he	NA
0	1078	890	drew	NA
0	1079	891	out	NA
0	1080	892	the	NA
0	1081	893	boar's	NA
0	1082	893	boar's	NA
0	1083	893	boar's	NA
0	1084	894	tongue	NA
0	1085	895	he	NA
0	1086	896	had	NA
0	1087	897	put	NA
0	1088	898	in	NA
0	1089	899	his	NA
0	1090	900	hunting	NA
0	1091	901	pouch	NA
0	1092	902	and	NA
0	1093	903	related	NA
0	1094	904	how	NA
0	1095	905	he	NA
0	1096	906	had	NA
0	1097	907	ambushed	NA
0	1098	907	ambushed	NA
0	1099	908	the	NA
0	1100	909	creature	NA
0	1101	910	in	NA
0	1102	911	the	NA
0	1103	912	wood	NA
0	1104	913	and	NA
0	1105	914	cut	NA
0	1106	915	out	NA
0	1107	916	its	NA
0	1108	917	tongue	NA
0	1109	918	as	NA
0	1110	919	proof	NA
0	1111	920	of	NA
0	1112	921	his	his.
0	1113	922	victory.	his.
0	1114	922	victory.	his.
0	1115	923	Listening	NA
0	1116	923	Listening	NA
0	1117	924	to	NA
0	1118	925	the	NA
0	1119	926	tale,	NA
0	1120	926	tale,	NA
0	1121	927	the	NA
0	1122	928	Lord	NA
0	1123	929	of	NA
0	1124	930	the	NA
0	1125	931	Manor	NA
0	1126	932	tried	NA
0	1127	933	to	NA
0	1128	934	discern	NA
0	1129	935	which	it
0	1130	936	huntsman	it
0	1131	936	huntsman	it
0	1132	937	was	NA
0	1133	938	telling	NA
0	1134	939	him	NA
0	1135	940	the	NA
0	1136	941	truth	NA
0	1137	942	and	NA
0	1138	943	what	NA
0	1139	944	the	NA
0	1140	945	two	NA
0	1141	946	huntsmen	NA
0	1142	946	huntsmen	NA
0	1143	947	were	NA
0	1144	948	thinking	NA
0	1145	949	as	NA
0	1146	950	they	NA
0	1147	951	waited	NA
0	1148	952	for	NA
0	1149	953	him	NA
0	1150	954	to	NA
0	1151	955	make	NA
0	1152	956	a	NA
0	1153	957	decision.	NA
0	1154	957	decision.	NA
0	1155	958	Almost	NA
0	1156	959	instantly,	NA
0	1157	959	instantly,	NA
0	1158	960	the	NA
0	1159	961	Lord	NA
0	1160	962	saw	NA
0	1161	963	that	NA
0	1162	964	the	NA
0	1163	965	second	NA
0	1164	966	huntsman	NA
0	1165	966	huntsman	NA
0	1166	967	had	NA
0	1167	968	fed	NA
0	1168	969	him	NA
0	1169	970	a	NA
0	1170	971	pack	NA
0	1171	972	of	NA
0	1172	973	lies	NA
0	1173	974	and	NA
0	1174	975	it	NA
0	1175	976	was	NA
0	1176	977	the	NA
0	1177	978	first	NA
0	1178	979	huntsman	NA
0	1179	979	huntsman	NA
0	1180	980	who	NA
0	1181	981	was	NA
0	1182	982	the	NA
0	1183	983	true	NA
0	1184	984	savior	NA
0	1185	985	of	NA
0	1186	986	Bradford.	NA
0	1187	986	Bradford.	NA
0	1188	987	The	NA
0	1189	988	Lord	NA
0	1190	989	believed	NA
0	1191	990	the	NA
0	1192	991	second	NA
0	1193	992	huntsman	NA
0	1194	992	huntsman	NA
0	1195	993	had	NA
0	1196	994	tried	NA
0	1197	995	to	NA
0	1198	996	steal	NA
0	1199	997	the	NA
0	1200	998	first	NA
0	1201	999	huntsman's	NA
0	1202	999	huntsman's	NA
0	1203	999	huntsman's	NA
0	1204	1000	prize	NA
0	1205	1001	and	NA
0	1206	1002	so	NA
0	1207	1003	proclaimed	NA
0	1208	1004	the	NA
0	1209	1005	first	NA
0	1210	1006	huntsman	NA
0	1211	1006	huntsman	NA
0	1212	1007	the	it.
0	1213	1008	true	it.
0	1214	1009	victor.	it.
0	1215	1009	victor.	it.
0	1216	1009	victor.	it.
0	1217	1010	The	NA
0	1218	1011	Lord	NA
0	1219	1012	wondered	NA
0	1220	1013	for	NA
0	1221	1014	a	NA
0	1222	1015	moment	NA
0	1223	1016	why	NA
0	1224	1017	he	NA
0	1225	1018	always	NA
0	1226	1019	encountered	NA
0	1227	1020	so	NA
0	1228	1021	much	NA
0	1229	1022	chicanery	NA
0	1230	1022	chicanery	NA
0	1231	1022	chicanery	NA
0	1232	1023	in	NA
0	1233	1024	his	NA
0	1234	1025	everyday	NA
0	1235	1026	interactions.	NA
0	1236	1026	interactions.	NA
0	1237	1027	The	NA
0	1238	1028	huntsman	NA
0	1239	1028	huntsman	NA
0	1240	1029	who	NA
0	1241	1030	had	NA
0	1242	1031	earned	NA
0	1243	1032	his	NA
0	1244	1033	prize	NA
0	1245	1034	fair	NA
0	1246	1035	and	NA
0	1247	1036	square	NA
0	1248	1037	received	NA
0	1249	1038	as	NA
0	1250	1039	his	NA
0	1251	1040	reward	NA
0	1252	1041	a	NA
0	1253	1042	piece	NA
0	1254	1043	of	NA
0	1255	1044	land	NA
0	1256	1045	just	NA
0	1257	1046	outside	NA
0	1258	1047	the	it,
0	1259	1048	town,	it,
0	1260	1048	town,	it,
0	1261	1049	known	NA
0	1262	1050	thereafter	NA
0	1263	1051	as	NA
0	1264	1052	Hunt	NA
0	1265	1053	Yard.	NA
0	1266	1053	Yard.	NA
0	1267	1054	His	NA
0	1268	1055	fame	NA
0	1269	1056	was	NA
0	1270	1057	indeed	NA
0	1271	1058	assured,	NA
0	1272	1058	assured,	NA
0	1273	1059	but	NA
0	1274	1060	it	NA
0	1275	1061	was	NA
0	1276	1062	not	NA
0	1277	1063	nearly	NA
0	1278	1064	as	NA
0	1279	1065	lasting	NA
0	1280	1066	as	NA
0	1281	1067	that	NA
0	1282	1068	of	NA
0	1283	1069	the	NA
0	1284	1070	fearsome	NA
0	1285	1071	Bradford	NA
0	1286	1072	Boar.	NA
0	1287	1072	Boar.	NA
0	1288	1072	Boar.	NA
1	0	0	A	NA
1	1	1	clear	NA
1	2	2	and	NA
1	3	3	joyous	NA
1	4	3	joyous	NA
1	5	4	day	NA
1	6	5	it	NA
1	7	6	was	NA
1	8	7	and	NA
1	9	8	out	NA
1	10	9	on	NA
1	11	10	the	NA
1	12	11	wide	NA
1	13	12	open	NA
1	14	13	sea,	NA
1	15	13	sea,	NA
1	16	14	thousands	NA
1	17	15	upon	NA
1	18	16	thousands	NA
1	19	17	of	NA
1	20	18	sparkling	NA
1	21	19	water	NA
1	22	20	drops,	NA
1	23	20	drops,	NA
1	24	21	excited	NA
1	25	22	by	NA
1	26	23	getting	NA
1	27	24	to	NA
1	28	25	play	NA
1	29	26	in	NA
1	30	27	the	NA
1	31	28	ocean,	NA
1	32	28	ocean,	NA
1	33	29	danced	NA
1	34	30	all	NA
1	35	31	around.	NA
1	36	31	around.	NA
1	37	32	One	NA
1	38	33	of	NA
1	39	34	these	NA
1	40	35	was	NA
1	41	36	a	NA
1	42	37	merry	NA
1	43	38	little	NA
1	44	39	fellow	NA
1	45	40	named	NA
1	46	41	Aqua,	NA
1	47	41	Aqua,	NA
1	48	42	who	NA
1	49	43	danced	NA
1	50	44	on	NA
1	51	45	the	NA
1	52	46	silver	NA
1	53	47	backs	NA
1	54	48	of	NA
1	55	49	the	NA
1	56	50	fishes	NA
1	57	51	as	NA
1	58	52	they	NA
1	59	53	plunged	NA
1	60	54	up	NA
1	61	55	and	NA
1	62	56	down	NA
1	63	57	in	NA
1	64	58	the	NA
1	65	59	waves,	NA
1	66	59	waves,	NA
1	67	60	and,	NA
1	68	60	and,	NA
1	69	61	no	NA
1	70	62	matter	NA
1	71	63	how	NA
1	72	64	high	NA
1	73	65	he	NA
1	74	66	sprung,	NA
1	75	66	sprung,	NA
1	76	67	he	NA
1	77	68	always	NA
1	78	69	came	NA
1	79	70	down	NA
1	80	71	again	NA
1	81	72	into	NA
1	82	73	his	NA
1	83	74	mother's	NA
1	84	74	mother's	NA
1	85	75	lap.	NA
1	86	75	lap.	NA
1	87	76	His	NA
1	88	77	mother,	NA
1	89	77	mother,	NA
1	90	78	you	NA
1	91	79	know,	NA
1	92	79	know,	NA
1	93	80	was	NA
1	94	81	the	NA
1	95	82	ocean,	NA
1	96	82	ocean,	NA
1	97	83	and	NA
1	98	84	very	NA
1	99	85	beautiful	NA
1	100	86	she	NA
1	101	87	looked	NA
1	102	88	that	NA
1	103	89	summer	NA
1	104	90	day	NA
1	105	91	in	NA
1	106	92	her	her
1	107	93	dark	her
1	108	94	blue	her
1	109	95	dress	her
1	110	96	and	NA
1	111	97	white	her.
1	112	98	ruffles.	her.
1	113	98	ruffles.	her.
1	114	98	ruffles.	her.
1	115	98	ruffles.	her.
1	116	99	By	NA
1	117	100	and	NA
1	118	101	by,	NA
1	119	101	by,	NA
1	120	102	the	NA
1	121	103	happy	NA
1	122	104	water	NA
1	123	105	drop	NA
1	124	106	tired	NA
1	125	107	of	NA
1	126	108	his	his,
1	127	109	play,	his,
1	128	109	play,	his,
1	129	110	and	NA
1	130	111	looking	NA
1	131	112	up	NA
1	132	113	to	NA
1	133	114	the	NA
1	134	115	clear	NA
1	135	116	sky	NA
1	136	117	above	NA
1	137	118	him,	NA
1	138	118	him,	NA
1	139	119	thought	NA
1	140	120	he	NA
1	141	121	would	NA
1	142	122	like	NA
1	143	123	to	NA
1	144	124	have	NA
1	145	125	a	it
1	146	126	sail	it
1	147	127	on	NA
1	148	128	one	it,
1	149	129	of	it,
1	150	130	the	it,
1	151	131	white,	it,
1	152	131	white,	it,
1	153	132	marshmallow-like	it,
1	154	132	marshmallow-like	it,
1	155	132	marshmallow-like	it,
1	156	132	marshmallow-like	it,
1	157	133	clouds,	it,
1	158	133	clouds,	it,
1	159	134	instead	NA
1	160	135	of	NA
1	161	136	spending	NA
1	162	137	his	his
1	163	138	whole	his
1	164	139	life	his
1	165	140	in	NA
1	166	141	the	NA
1	167	142	ocean.	NA
1	168	142	ocean.	NA
1	169	143	Of	NA
1	170	144	the	NA
1	171	145	sky,	NA
1	172	145	sky,	NA
1	173	146	little	NA
1	174	147	Aqua	NA
1	175	148	had	NA
1	176	149	always	NA
1	177	150	been	NA
1	178	151	afraid,	NA
1	179	151	afraid,	NA
1	180	152	but	NA
1	181	153	he	NA
1	182	154	decided	NA
1	183	155	to	NA
1	184	156	finally	NA
1	185	157	face	NA
1	186	158	his	his
1	187	159	demons	his
1	188	160	and	NA
1	189	161	suggested	NA
1	190	162	a	it
1	191	163	solution	it
1	192	164	involving	it
1	193	165	the	it
1	194	166	sun	it
1	195	167	carrying	it
1	196	168	him	it
1	197	169	up	it
1	198	170	to	it
1	199	171	the	it
1	200	172	sky	it
1	201	173	would	NA
1	202	174	be	NA
1	203	175	ideal.	NA
1	204	175	ideal.	NA
1	205	176	The	NA
1	206	177	sun	NA
1	207	178	understood	NA
1	208	179	Aqua's	his
1	209	179	Aqua's	his
1	210	180	request	his
1	211	181	came	NA
1	212	182	from	NA
1	213	183	his	his,
1	214	184	heart,	his,
1	215	184	heart,	his,
1	216	185	so	NA
1	217	186	he	NA
1	218	187	acquiesced	NA
1	219	187	acquiesced	NA
1	220	188	and	NA
1	221	189	also	NA
1	222	190	took	NA
1	223	191	ever	NA
1	224	192	so	NA
1	225	193	many	NA
1	226	194	other	NA
1	227	195	drops,	NA
1	228	195	drops,	NA
1	229	196	so	NA
1	230	197	that	NA
1	231	198	Aqua	NA
1	232	199	might	NA
1	233	200	not	NA
1	234	201	be	NA
1	235	202	lonesome	NA
1	236	202	lonesome	NA
1	237	202	lonesome	NA
1	238	203	on	NA
1	239	204	the	NA
1	240	205	way.	NA
1	241	205	way.	NA
1	242	206	It	NA
1	243	207	was	NA
1	244	208	only	NA
1	245	209	the	NA
1	246	210	sun	NA
1	247	211	that	NA
1	248	212	knew	NA
1	249	213	this,	NA
1	250	213	this,	NA
1	251	214	however,	NA
1	252	214	however,	NA
1	253	215	for	NA
1	254	216	all	NA
1	255	217	the	NA
1	256	218	other	NA
1	257	219	drops	NA
1	258	220	had	NA
1	259	221	been	NA
1	260	222	changed	NA
1	261	223	into	NA
1	262	224	fine	it
1	263	225	mist	it
1	264	226	or	NA
1	265	227	vapor	NA
1	266	228	and	NA
1	267	229	Aqua	NA
1	268	230	could	NA
1	269	231	not	NA
1	270	232	see	NA
1	271	233	them.	NA
1	272	233	them.	NA
1	273	234	Do	NA
1	274	235	you	NA
1	275	236	know	NA
1	276	237	what	NA
1	277	238	vapor	NA
1	278	239	is?	NA
1	279	239	is?	NA
1	280	240	If	NA
1	281	241	you	NA
1	282	242	breathe	NA
1	283	243	into	NA
1	284	244	the	NA
1	285	245	air,	NA
1	286	245	air,	NA
1	287	246	when	NA
1	288	247	it	NA
1	289	248	is	NA
1	290	249	cold	NA
1	291	250	enough,	NA
1	292	250	enough,	NA
1	293	251	you	NA
1	294	252	will	NA
1	295	253	see	NA
1	296	254	it	NA
1	297	255	coming	NA
1	298	256	out	NA
1	299	257	of	NA
1	300	258	your	your
1	301	259	mouth	your
1	302	260	thick	NA
1	303	261	and	NA
1	304	262	fast	NA
1	305	263	like	NA
1	306	264	steam.	it.
1	307	264	steam.	it.
1	308	265	When	NA
1	309	266	the	NA
1	310	267	vapor	NA
1	311	268	is	NA
1	312	269	quite	NA
1	313	270	near	NA
1	314	271	the	NA
1	315	272	earth,	NA
1	316	272	earth,	NA
1	317	273	we	NA
1	318	274	call	NA
1	319	275	it	NA
1	320	276	'fog'.	NA
1	321	276	'fog'.	NA
1	322	276	'fog'.	NA
1	323	276	'fog'.	NA
1	324	277	Into	NA
1	325	278	vapor	NA
1	326	279	the	NA
1	327	280	water	NA
1	328	281	drops	NA
1	329	282	that	NA
1	330	283	danced	NA
1	331	284	in	NA
1	332	285	the	NA
1	333	286	ocean	NA
1	334	287	had	NA
1	335	288	been	NA
1	336	289	changed,	NA
1	337	289	changed,	NA
1	338	290	because	NA
1	339	291	in	NA
1	340	292	their	their
1	341	293	own	their
1	342	294	shape	their
1	343	295	they	NA
1	344	296	were	NA
1	345	297	too	NA
1	346	298	heavy	NA
1	347	299	for	NA
1	348	300	the	them.
1	349	301	sunbeams	them.
1	350	301	sunbeams	them.
1	351	301	sunbeams	them.
1	352	302	that	them.
1	353	303	the	them.
1	354	304	sun	them.
1	355	305	let	them.
1	356	306	out	them.
1	357	307	to	them.
1	358	308	carry.	them.
1	359	308	carry.	them.
1	360	309	Higher	NA
1	361	310	and	NA
1	362	311	higher	NA
1	363	312	they	NA
1	364	313	sailed,	NA
1	365	313	sailed,	NA
1	366	314	and	NA
1	367	315	though	NA
1	368	316	it	NA
1	369	317	was	NA
1	370	318	grand,	NA
1	371	318	grand,	NA
1	372	319	Aqua	NA
1	373	320	and	NA
1	374	321	his	NA
1	375	322	friends	NA
1	376	323	were	NA
1	377	324	like	NA
1	378	325	fish	them,
1	379	326	out	them,
1	380	327	of	them,
1	381	328	water,	them,
1	382	328	water,	them,
1	383	329	so	NA
1	384	330	they	NA
1	385	331	grew	NA
1	386	332	quite	NA
1	387	333	dizzy.	NA
1	388	333	dizzy.	NA
1	389	333	dizzy.	NA
1	390	334	They	NA
1	391	335	enjoyed	NA
1	392	336	looking	NA
1	393	337	down	NA
1	394	338	on	NA
1	395	339	the	it,
1	396	340	world	it,
1	397	341	below,	it,
1	398	341	below,	it,
1	399	342	while	NA
1	400	343	the	NA
1	401	344	wind	NA
1	402	345	scattered	NA
1	403	346	them	NA
1	404	347	across	NA
1	405	348	the	NA
1	406	349	four	NA
1	407	350	corners	NA
1	408	351	of	NA
1	409	352	the	NA
1	410	353	earth,	NA
1	411	353	earth,	NA
1	412	354	but	NA
1	413	355	after	NA
1	414	356	a	NA
1	415	357	while	NA
1	416	358	it	NA
1	417	359	grew	NA
1	418	360	nearly	NA
1	419	361	time	NA
1	420	362	for	NA
1	421	363	the	NA
1	422	364	sun	NA
1	423	365	to	NA
1	424	366	go	NA
1	425	367	to	NA
1	426	368	bed.	NA
1	427	368	bed.	NA
1	428	369	He	NA
1	429	370	became	NA
1	430	371	very	NA
1	431	372	red	NA
1	432	373	in	NA
1	433	374	the	NA
1	434	375	face,	NA
1	435	375	face,	NA
1	436	376	and	NA
1	437	377	began	NA
1	438	378	to	NA
1	439	379	sink	NA
1	440	380	lower	NA
1	441	381	and	NA
1	442	382	lower,	NA
1	443	382	lower,	NA
1	444	383	until	NA
1	445	384	suddenly	NA
1	446	385	he	NA
1	447	386	went	NA
1	448	387	clear	NA
1	449	388	out	NA
1	450	389	of	NA
1	451	390	sight!	NA
1	452	390	sight!	NA
1	453	391	Poor	NA
1	454	392	little	NA
1	455	393	Aqua,	NA
1	456	393	Aqua,	NA
1	457	394	frightened	NA
1	458	395	by	NA
1	459	396	the	NA
1	460	397	impending	NA
1	461	398	cold	NA
1	462	399	and	NA
1	463	400	darkness,	NA
1	464	400	darkness,	NA
1	465	401	wished	NA
1	466	402	he	NA
1	467	403	could	NA
1	468	404	sleep	NA
1	469	405	not	NA
1	470	406	in	NA
1	471	407	the	NA
1	472	408	sky,	NA
1	473	408	sky,	NA
1	474	409	but	NA
1	475	410	somewhere	NA
1	476	411	closer	NA
1	477	412	to	NA
1	478	413	earth.	NA
1	479	413	earth.	NA
1	480	414	Then	NA
1	481	415	Aqua	NA
1	482	416	heard	NA
1	483	417	the	NA
1	484	418	wind	NA
1	485	419	blow	NA
1	486	420	and	NA
1	487	421	conjectured	NA
1	488	421	conjectured	NA
1	489	422	that	NA
1	490	423	maybe	NA
1	491	424	the	NA
1	492	425	wind	NA
1	493	426	could	NA
1	494	427	take	NA
1	495	428	him	NA
1	496	429	back	NA
1	497	430	down	NA
1	498	431	to	NA
1	499	432	the	NA
1	500	433	ocean.	NA
1	501	433	ocean.	NA
1	502	434	Indeed,	NA
1	503	434	Indeed,	NA
1	504	435	the	NA
1	505	436	wind	NA
1	506	437	took	NA
1	507	438	pity	NA
1	508	439	on	NA
1	509	440	him	NA
1	510	441	and	NA
1	511	442	fanned	NA
1	512	442	fanned	NA
1	513	443	him,	NA
1	514	443	him,	NA
1	515	444	together	NA
1	516	445	with	NA
1	517	446	all	NA
1	518	447	of	NA
1	519	448	his	NA
1	520	449	brothers	NA
1	521	450	and	NA
1	522	451	sisters,	NA
1	523	451	sisters,	NA
1	524	452	into	NA
1	525	453	a	NA
1	526	454	heavy	NA
1	527	455	gray	NA
1	528	456	cloud,	NA
1	529	456	cloud,	NA
1	530	457	after	NA
1	531	458	which	NA
1	532	459	he	NA
1	533	460	blew	NA
1	534	461	them	NA
1	535	462	apart	NA
1	536	463	and	NA
1	537	464	told	NA
1	538	465	them	NA
1	539	466	to	NA
1	540	467	hurry	NA
1	541	468	down,	NA
1	542	468	down,	NA
1	543	469	fast	NA
1	544	470	and	NA
1	545	471	furious	NA
1	546	472	to	NA
1	547	473	the	NA
1	548	474	earth,	NA
1	549	474	earth,	NA
1	550	475	so	NA
1	551	476	they	NA
1	552	477	could	NA
1	553	478	have	NA
1	554	479	a	NA
1	555	480	fighting	NA
1	556	481	chance	NA
1	557	482	of	NA
1	558	483	reaching	NA
1	559	484	the	NA
1	560	485	ocean.	NA
1	561	485	ocean.	NA
1	562	486	Down	NA
1	563	487	they	NA
1	564	488	went,	NA
1	565	488	went,	NA
1	566	489	rolling	NA
1	567	490	over	NA
1	568	491	each	NA
1	569	492	other	NA
1	570	493	until	NA
1	571	494	with	NA
1	572	495	a	NA
1	573	496	patter	NA
1	574	496	patter	NA
1	575	497	and	NA
1	576	498	clatter	NA
1	577	498	clatter	NA
1	578	499	and	NA
1	579	500	spatter	NA
1	580	500	spatter	NA
1	581	501	they	NA
1	582	502	touched	NA
1	583	503	the	NA
1	584	504	ground,	NA
1	585	504	ground,	NA
1	586	505	and	NA
1	587	506	all	NA
1	588	507	the	NA
1	589	508	people	NA
1	590	509	that	NA
1	591	510	the	NA
1	592	511	raindrops	NA
1	593	511	raindrops	NA
1	594	512	fell	NA
1	595	513	on	NA
1	596	514	cried,	NA
1	597	514	cried,	NA
1	598	515	'It's	NA
1	599	515	'It's	NA
1	600	515	'It's	NA
1	601	516	raining',	NA
1	602	516	raining',	NA
1	603	517	and	NA
1	604	518	took	NA
1	605	519	out	NA
1	606	520	their	NA
1	607	521	umbrellas.	NA
1	608	521	umbrellas.	NA
1	609	521	umbrellas.	NA
1	610	521	umbrellas.	NA
1	611	522	Some	NA
1	612	523	of	NA
1	613	524	the	NA
1	614	525	drops	NA
1	615	526	that	NA
1	616	527	were	NA
1	617	528	the	NA
1	618	529	most	NA
1	619	530	fortunate,	NA
1	620	530	fortunate,	NA
1	621	531	including	NA
1	622	532	Aqua,	NA
1	623	532	Aqua,	NA
1	624	533	fell	NA
1	625	534	on	NA
1	626	535	a	it,
1	627	536	mountainside,	it,
1	628	536	mountainside,	it,
1	629	536	mountainside,	it,
1	630	537	and	NA
1	631	538	down	NA
1	632	539	the	NA
1	633	540	rocky	NA
1	634	541	cliff	NA
1	635	542	they	NA
1	636	543	ran.	NA
1	637	543	ran.	NA
1	638	544	Together	NA
1	639	545	they	NA
1	640	546	plunged	NA
1	641	547	into	NA
1	642	548	a	NA
1	643	549	mountain	NA
1	644	550	brook,	NA
1	645	550	brook,	NA
1	646	550	brook,	NA
1	647	551	which	NA
1	648	552	came	NA
1	649	553	foaming	NA
1	650	553	foaming	NA
1	651	554	and	NA
1	652	555	dashing	NA
1	653	555	dashing	NA
1	654	556	along,	NA
1	655	556	along,	NA
1	656	557	leaping	NA
1	657	558	over	NA
1	658	559	rocks	NA
1	659	560	and	NA
1	660	561	rushing	NA
1	661	562	down	NA
1	662	563	the	NA
1	663	564	hillside,	NA
1	664	564	hillside,	NA
1	665	564	hillside,	NA
1	666	565	until	NA
1	667	566	in	NA
1	668	567	the	it
1	669	568	valley	it
1	670	569	below	it
1	671	570	they	NA
1	672	571	heard	NA
1	673	572	the	NA
1	674	573	strangest	NA
1	675	573	strangest	NA
1	676	574	clattering	NA
1	677	574	clattering	NA
1	678	575	noise.	NA
1	679	575	noise.	NA
1	680	576	The	NA
1	681	577	little	NA
1	682	578	water	NA
1	683	579	drops	NA
1	684	580	were	NA
1	685	581	then	NA
1	686	582	able	NA
1	687	583	to	NA
1	688	584	make	NA
1	689	585	out	NA
1	690	586	a	NA
1	691	587	flour	NA
1	692	588	mill	NA
1	693	589	that	NA
1	694	590	was	NA
1	695	591	standing	NA
1	696	592	on	NA
1	697	593	the	NA
1	698	594	bank.	NA
1	699	594	bank.	NA
1	700	595	Inside	NA
1	701	596	the	NA
1	702	597	mill,	NA
1	703	597	mill,	NA
1	704	598	the	NA
1	705	599	water	NA
1	706	600	drops	NA
1	707	601	saw	NA
1	708	602	two	NA
1	709	603	great	NA
1	710	604	stones,	NA
1	711	604	stones,	NA
1	712	605	which	NA
1	713	606	the	NA
1	714	607	big	NA
1	715	608	wheel	NA
1	716	609	kept	NA
1	717	610	whizzing	NA
1	718	610	whizzing	NA
1	719	610	whizzing	NA
1	720	611	round	NA
1	721	612	and	NA
1	722	613	round.	NA
1	723	613	round.	NA
1	724	614	The	NA
1	725	615	stones,	NA
1	726	615	stones,	NA
1	727	616	smoothed	NA
1	728	616	smoothed	NA
1	729	617	by	NA
1	730	618	the	NA
1	731	619	spinning,	NA
1	732	619	spinning,	NA
1	733	620	were	NA
1	734	621	busy	NA
1	735	622	grinding	NA
1	736	623	the	NA
1	737	624	wheat	NA
1	738	625	into	NA
1	739	626	flour	NA
1	740	627	and	NA
1	741	628	the	NA
1	742	629	corn	NA
1	743	630	into	NA
1	744	631	golden	NA
1	745	632	meal.	NA
1	746	632	meal.	NA
1	747	633	But	NA
1	748	634	what	it
1	749	635	giant	it
1	750	636	do	NA
1	751	637	you	NA
1	752	638	suppose	NA
1	753	639	it	NA
1	754	640	was	NA
1	755	641	who	NA
1	756	642	could	NA
1	757	643	turn	NA
1	758	644	and	NA
1	759	645	swing	NA
1	760	646	that	NA
1	761	647	tremendous	NA
1	762	648	wheel?	NA
1	763	648	wheel?	NA
1	764	649	No	NA
1	765	650	giant	NA
1	766	651	at	NA
1	767	652	all.	NA
1	768	652	all.	NA
1	769	653	It	NA
1	770	654	was	NA
1	771	655	just	NA
1	772	656	our	NA
1	773	657	tiny	NA
1	774	658	little	NA
1	775	659	water	NA
1	776	660	drops,	NA
1	777	660	drops,	NA
1	778	661	who	NA
1	779	662	sprang	NA
1	780	663	on	NA
1	781	664	it	NA
1	782	665	by	NA
1	783	666	hundreds	NA
1	784	667	and	NA
1	785	668	thousands,	NA
1	786	668	thousands,	NA
1	787	669	and	NA
1	788	670	whirled	NA
1	789	670	whirled	NA
1	790	671	it	NA
1	791	672	over	NA
1	792	673	and	NA
1	793	674	over.	NA
1	794	674	over.	NA
1	795	675	It	NA
1	796	676	was	NA
1	797	677	lucky	NA
1	798	678	for	NA
1	799	679	the	NA
1	800	680	water	NA
1	801	681	drops	NA
1	802	682	that	NA
1	803	683	the	NA
1	804	684	brook	NA
1	805	684	brook	NA
1	806	685	where	NA
1	807	686	they	NA
1	808	687	were	NA
1	809	688	swimming	NA
1	810	689	next	NA
1	811	690	emptied	NA
1	812	691	into	NA
1	813	692	a	NA
1	814	693	beautiful	NA
1	815	694	pond	NA
1	816	695	where	NA
1	817	696	ducks	NA
1	818	697	and	NA
1	819	698	geese	NA
1	820	698	geese	NA
1	821	699	were	NA
1	822	700	living	NA
1	823	701	peacefully.	NA
1	824	701	peacefully.	NA
1	825	702	Aqua	NA
1	826	703	liked	NA
1	827	704	to	NA
1	828	705	play	NA
1	829	706	hide-and-seek	NA
1	830	706	hide-and-seek	NA
1	831	706	hide-and-seek	NA
1	832	706	hide-and-seek	NA
1	833	706	hide-and-seek	NA
1	834	707	in	NA
1	835	708	this	NA
1	836	709	pond,	NA
1	837	709	pond,	NA
1	838	710	and	NA
1	839	711	it	NA
1	840	712	was	NA
1	841	713	his	NA
1	842	714	brother	NA
1	843	715	water	NA
1	844	716	drop	NA
1	845	717	who	NA
1	846	718	he	NA
1	847	719	fooled	NA
1	848	720	by	NA
1	849	721	swimming	NA
1	850	722	to	NA
1	851	723	a	NA
1	852	724	big	NA
1	853	725	pool	NA
1	854	726	of	NA
1	855	727	water	NA
1	856	728	and	NA
1	857	729	pretending	NA
1	858	730	to	NA
1	859	731	hide	NA
1	860	732	there,	NA
1	861	732	there,	NA
1	862	733	but	NA
1	863	734	then	NA
1	864	735	sneaking	NA
1	865	736	under	NA
1	866	737	a	it
1	867	738	rock	it
1	868	739	into	NA
1	869	740	an	it.
1	870	741	obscured	it.
1	871	742	little	it.
1	872	743	puddle.	it.
1	873	743	puddle.	it.
1	874	743	puddle.	it.
1	875	744	His	NA
1	876	745	brother	NA
1	877	746	had	NA
1	878	747	blatantly	NA
1	879	748	peeked	NA
1	880	748	peeked	NA
1	881	749	and	NA
1	882	750	even	NA
1	883	751	followed	NA
1	884	752	Aqua	NA
1	885	753	as	NA
1	886	754	he	NA
1	887	755	entered	NA
1	888	756	the	NA
1	889	757	big	NA
1	890	758	pool	NA
1	891	759	of	NA
1	892	760	water,	NA
1	893	760	water,	NA
1	894	761	so	NA
1	895	762	when	NA
1	896	763	he	NA
1	897	764	searched	NA
1	898	765	there	NA
1	899	766	and	NA
1	900	767	could	NA
1	901	768	not	NA
1	902	769	find	NA
1	903	770	him,	NA
1	904	770	him,	NA
1	905	771	he	NA
1	906	772	was	NA
1	907	773	extremely	NA
1	908	774	surprised	NA
1	909	775	and	NA
1	910	776	gave	NA
1	911	777	up.	NA
1	912	777	up.	NA
1	913	778	Aqua	NA
1	914	779	liked	NA
1	915	780	this	NA
1	916	781	pond	NA
1	917	782	where	NA
1	918	783	he	NA
1	919	784	could	NA
1	920	785	play	NA
1	921	786	all	NA
1	922	787	day,	NA
1	923	787	day,	NA
1	924	788	so	NA
1	925	789	he	NA
1	926	790	stayed	NA
1	927	791	a	it,
1	928	792	good	it,
1	929	793	while,	it,
1	930	793	while,	it,
1	931	794	sailing	NA
1	932	795	up	NA
1	933	796	and	NA
1	934	797	down,	NA
1	935	797	down,	NA
1	936	798	taking	NA
1	937	799	the	them
1	938	800	ducks'	them
1	939	800	ducks'	them
1	940	801	backs	them
1	941	802	for	NA
1	942	803	ships	NA
1	943	804	and	NA
1	944	805	the	them
1	945	806	frogs	them
1	946	807	for	NA
1	947	808	horses,	them,
1	948	808	horses,	them,
1	949	809	but	NA
1	950	810	after	NA
1	951	811	a	it
1	952	812	time	it
1	953	813	he	NA
1	954	814	tired	NA
1	955	815	of	NA
1	956	816	the	it,
1	957	817	dull	it,
1	958	818	life,	it,
1	959	818	life,	it,
1	960	819	and	NA
1	961	820	he	NA
1	962	821	and	NA
1	963	822	his	NA
1	964	823	brothers	NA
1	965	824	floated	NA
1	966	825	under	NA
1	967	826	a	it
1	968	827	bridge	it
1	969	828	for	NA
1	970	829	a	it,
1	971	830	long	it,
1	972	831	distance,	it,
1	973	831	distance,	it,
1	974	832	until	NA
1	975	833	they	NA
1	976	834	saw	NA
1	977	835	another	NA
1	978	836	brook	NA
1	979	836	brook	NA
1	980	837	tumbling	NA
1	981	837	tumbling	NA
1	982	838	down	NA
1	983	839	a	NA
1	984	840	hillside.	NA
1	985	840	hillside.	NA
1	986	840	hillside.	NA
1	987	841	'Come,	NA
1	988	841	'Come,	NA
1	989	841	'Come,	NA
1	990	842	let's	NA
1	991	842	let's	NA
1	992	843	join	NA
1	993	844	hands!'	NA
1	994	844	hands!'	NA
1	995	845	cried	NA
1	996	846	Aqua	NA
1	997	847	and	NA
1	998	848	because	NA
1	999	849	the	NA
1	1000	850	water	NA
1	1001	851	drops	NA
1	1002	852	were	NA
1	1003	853	all	NA
1	1004	854	together,	NA
1	1005	854	together,	NA
1	1006	855	overcoming	NA
1	1007	856	the	NA
1	1008	857	brook	NA
1	1009	857	brook	NA
1	1010	858	was	NA
1	1011	859	child's	it.
1	1012	859	child's	it.
1	1013	860	play.	it.
1	1014	860	play.	it.
1	1015	861	It	NA
1	1016	862	was	NA
1	1017	863	by	NA
1	1018	864	the	them
1	1019	865	help	them
1	1020	866	of	them
1	1021	867	Aqua	them
1	1022	868	and	them
1	1023	869	his	them
1	1024	870	brothers	them
1	1025	871	that	NA
1	1026	872	the	NA
1	1027	873	bewitching	NA
1	1028	873	bewitching	NA
1	1029	873	bewitching	NA
1	1030	874	river	NA
1	1031	875	was	NA
1	1032	876	able	NA
1	1033	877	to	NA
1	1034	878	float	NA
1	1035	879	heavy	NA
1	1036	880	ships,	NA
1	1037	880	ships,	NA
1	1038	881	though	NA
1	1039	882	not	NA
1	1040	883	so	NA
1	1041	884	long	NA
1	1042	885	ago	NA
1	1043	886	it	NA
1	1044	887	was	NA
1	1045	888	only	NA
1	1046	889	a	NA
1	1047	890	little	NA
1	1048	891	stream.	NA
1	1049	891	stream.	NA
1	1050	892	As	NA
1	1051	893	the	NA
1	1052	894	river	NA
1	1053	895	grew	NA
1	1054	896	wider	NA
1	1055	897	and	NA
1	1056	898	he	NA
1	1057	899	could	NA
1	1058	900	almost	NA
1	1059	901	see	NA
1	1060	902	the	NA
1	1061	903	ocean,	NA
1	1062	903	ocean,	NA
1	1063	904	Aqua	NA
1	1064	905	realized	NA
1	1065	906	his	NA
1	1066	907	journey	NA
1	1067	908	was	NA
1	1068	909	almost	NA
1	1069	910	over	NA
1	1070	911	and	NA
1	1071	912	he	NA
1	1072	913	had	NA
1	1073	914	come	NA
1	1074	915	full	NA
1	1075	916	circle.	NA
1	1076	916	circle.	NA
1	1077	917	Back	NA
1	1078	918	in	NA
1	1079	919	the	NA
1	1080	920	ocean,	NA
1	1081	920	ocean,	NA
1	1082	921	he	NA
1	1083	922	felt	NA
1	1084	923	right	NA
1	1085	924	at	NA
1	1086	925	home.	it.
1	1087	925	home.	it.
1	1088	926	For	NA
1	1089	927	him,	NA
1	1090	927	him,	NA
1	1091	928	this	NA
1	1092	929	was	NA
1	1093	930	the	NA
1	1094	931	safest,	NA
1	1095	931	safest,	NA
1	1096	932	sweetest	NA
1	1097	932	sweetest	NA
1	1098	933	place	NA
1	1099	934	in	NA
1	1100	935	the	NA
1	1101	936	whole	NA
1	1102	937	wide	NA
1	1103	938	world.	NA
1	1104	938	world.	NA
1	1105	939	During	NA
1	1106	940	the	them,
1	1107	941	warm	them,
1	1108	942	summer	them,
1	1109	943	evenings,	them,
1	1110	943	evenings,	them,
1	1111	944	if	NA
1	1112	945	you	NA
1	1113	946	take	NA
1	1114	947	a	it,
1	1115	948	walk	it,
1	1116	949	on	it,
1	1117	950	the	it,
1	1118	951	sea	it,
1	1119	952	beach,	it,
1	1120	952	beach,	it,
1	1121	953	you	NA
1	1122	954	will	NA
1	1123	955	hear	NA
1	1124	956	the	NA
1	1125	957	gentle	NA
1	1126	958	rippling	NA
1	1127	958	rippling	NA
1	1128	958	rippling	NA
1	1129	959	swash	NA
1	1130	959	swash	NA
1	1131	960	of	NA
1	1132	961	the	NA
1	1133	962	waves	NA
1	1134	963	and	NA
1	1135	964	some	it
1	1136	965	say	NA
1	1137	966	that	NA
1	1138	967	it	NA
1	1139	968	must	NA
1	1140	969	be	NA
1	1141	970	the	NA
1	1142	971	gurgling	NA
1	1143	971	gurgling	NA
1	1144	971	gurgling	NA
1	1145	972	voices	NA
1	1146	973	of	NA
1	1147	974	Aqua	NA
1	1148	975	and	NA
1	1149	976	his	NA
1	1150	977	brother	NA
1	1151	978	water	NA
1	1152	979	drops	NA
1	1153	980	telling	NA
1	1154	981	each	NA
1	1155	982	other	NA
1	1156	983	about	NA
1	1157	984	their	NA
1	1158	985	wonderful	NA
1	1159	986	journey	NA
1	1160	987	around	NA
1	1161	988	the	NA
1	1162	989	world.	NA
1	1163	989	world.	NA
2	0	0	It	NA
2	1	1	was	NA
2	2	2	cold	NA
2	3	3	and	NA
2	4	4	nearly	NA
2	5	5	dark	NA
2	6	6	on	NA
2	7	7	the	NA
2	8	8	last	NA
2	9	9	evening	NA
2	10	10	of	NA
2	11	11	the	NA
2	12	12	old	NA
2	13	13	year,	NA
2	14	13	year,	NA
2	15	14	and	NA
2	16	15	the	NA
2	17	16	snow	NA
2	18	17	was	NA
2	19	18	falling	NA
2	20	19	fast	NA
2	21	20	and	NA
2	22	21	furious.	NA
2	23	21	furious.	NA
2	24	22	A	NA
2	25	23	little	NA
2	26	24	girl	NA
2	27	25	no	NA
2	28	26	one	NA
2	29	27	sheltered	NA
2	30	28	from	NA
2	31	29	the	NA
2	32	30	gelid	NA
2	33	30	gelid	NA
2	34	31	air	NA
2	35	32	roamed	NA
2	36	32	roamed	NA
2	37	33	through	NA
2	38	34	the	NA
2	39	35	streets	NA
2	40	36	with	NA
2	41	37	a	NA
2	42	38	bare	NA
2	43	39	head	NA
2	44	40	and	NA
2	45	41	naked	NA
2	46	42	feet,	NA
2	47	42	feet,	NA
2	48	43	looking	NA
2	49	44	as	NA
2	50	45	poor	NA
2	51	46	as	NA
2	52	47	a	it.
2	53	48	church	it.
2	54	49	mouse.	it.
2	55	49	mouse.	it.
2	56	50	It's	NA
2	57	50	It's	NA
2	58	51	true	NA
2	59	52	she	NA
2	60	53	had	NA
2	61	54	on	NA
2	62	55	a	NA
2	63	56	pair	NA
2	64	57	of	NA
2	65	58	slippers	NA
2	66	58	slippers	NA
2	67	59	her	NA
2	68	60	mother	NA
2	69	61	had	NA
2	70	62	once	NA
2	71	63	given	NA
2	72	64	her	NA
2	73	65	when	NA
2	74	66	she	NA
2	75	67	left	NA
2	76	68	home,	NA
2	77	68	home,	NA
2	78	69	but	NA
2	79	70	they	NA
2	80	71	were	NA
2	81	72	as	NA
2	82	73	much	NA
2	83	74	use	NA
2	84	75	to	NA
2	85	76	her	NA
2	86	77	as	NA
2	87	78	a	NA
2	88	79	chocolate	NA
2	89	80	teapot.	NA
2	90	80	teapot.	NA
2	91	80	teapot.	NA
2	92	80	teapot.	NA
2	93	81	The	NA
2	94	82	slippers	NA
2	95	82	slippers	NA
2	96	83	owned	NA
2	97	84	by	NA
2	98	85	her	NA
2	99	86	mother	NA
2	100	87	were	NA
2	101	88	so	NA
2	102	89	large	NA
2	103	90	that	NA
2	104	91	the	NA
2	105	92	emaciated	NA
2	106	92	emaciated	NA
2	107	92	emaciated	NA
2	108	93	little	NA
2	109	94	creature	NA
2	110	95	had	NA
2	111	96	lost	NA
2	112	97	them	NA
2	113	98	while	NA
2	114	99	running	NA
2	115	100	across	NA
2	116	101	the	NA
2	117	102	street	NA
2	118	103	to	NA
2	119	104	avoid	NA
2	120	105	two	them.
2	121	106	carriages	them.
2	122	106	carriages	them.
2	123	107	that	them.
2	124	108	were	them.
2	125	109	rolling	them.
2	126	110	along	them.
2	127	111	at	them.
2	128	112	a	them.
2	129	113	terrible	them.
2	130	114	rate.	them.
2	131	114	rate.	them.
2	132	115	One	NA
2	133	116	of	NA
2	134	117	the	NA
2	135	118	slippers	NA
2	136	118	slippers	NA
2	137	119	she	NA
2	138	120	could	NA
2	139	121	not	NA
2	140	122	find,	NA
2	141	122	find,	NA
2	142	123	and	NA
2	143	124	a	NA
2	144	125	boy	NA
2	145	126	seized	NA
2	146	127	upon	NA
2	147	128	the	NA
2	148	129	other,	NA
2	149	129	other,	NA
2	150	130	saying	NA
2	151	131	that	NA
2	152	132	he	NA
2	153	133	could	NA
2	154	134	use	NA
2	155	135	it	NA
2	156	136	as	NA
2	157	137	a	it.
2	158	138	home	it.
2	159	139	for	it.
2	160	140	his	it.
2	161	141	little	it.
2	162	142	pet	it.
2	163	143	mouse.	it.
2	164	143	mouse.	it.
2	165	144	So	NA
2	166	145	with	NA
2	167	146	her	NA
2	168	147	naked	NA
2	169	148	feet,	NA
2	170	148	feet,	NA
2	171	149	which	NA
2	172	150	were	NA
2	173	151	quite	NA
2	174	152	red	NA
2	175	153	and	NA
2	176	154	blue	NA
2	177	155	with	NA
2	178	156	the	NA
2	179	157	cold,	NA
2	180	157	cold,	NA
2	181	158	the	NA
2	182	159	little	NA
2	183	160	girl	NA
2	184	161	went	NA
2	185	162	on,	NA
2	186	162	on,	NA
2	187	163	wondering	NA
2	188	164	how	NA
2	189	165	she	NA
2	190	166	would	NA
2	191	167	get	NA
2	192	168	through	NA
2	193	169	this	NA
2	194	170	dreadful	NA
2	195	171	night.	NA
2	196	171	night.	NA
2	197	172	She	NA
2	198	173	approached	NA
2	199	174	an	it,
2	200	175	old	it,
2	201	176	hovel	it,
2	202	176	hovel	it,
2	203	177	she	it,
2	204	178	had	it,
2	205	179	used	it,
2	206	180	as	it,
2	207	181	a	it,
2	208	182	shelter	it,
2	209	183	a	it,
2	210	184	few	it,
2	211	185	times	it,
2	212	186	before,	it,
2	213	186	before,	it,
2	214	187	and	NA
2	215	188	found	NA
2	216	189	the	NA
2	217	190	entrance	NA
2	218	191	was	NA
2	219	192	locked.	NA
2	220	192	locked.	NA
2	221	193	Tough	NA
2	222	194	luck	NA
2	223	195	for	NA
2	224	196	the	NA
2	225	197	girl!	NA
2	226	197	girl!	NA
2	227	198	This	NA
2	228	199	day	NA
2	229	200	was	NA
2	230	201	even	NA
2	231	202	worse	NA
2	232	203	than	NA
2	233	204	the	NA
2	234	205	others.	NA
2	235	205	others.	NA
2	236	206	No	It
2	237	207	Good	It
2	238	208	Samaritan	It
2	239	208	Samaritan	It
2	240	209	had	NA
2	241	210	given	NA
2	242	211	her	NA
2	243	212	even	NA
2	244	213	a	NA
2	245	214	penny.	NA
2	246	214	penny.	NA
2	247	215	And	NA
2	248	216	she	NA
2	249	217	had	NA
2	250	218	no	NA
2	251	219	luck	NA
2	252	220	selling	NA
2	253	221	any	NA
2	254	222	matches	NA
2	255	223	that	NA
2	256	224	she	NA
2	257	225	carried	NA
2	258	226	in	NA
2	259	227	the	NA
2	260	228	old	NA
2	261	229	apron	NA
2	262	229	apron	NA
2	263	230	her	NA
2	264	231	grandmother	NA
2	265	232	had	NA
2	266	233	given	NA
2	267	234	her.	NA
2	268	234	her.	NA
2	269	235	Poor	NA
2	270	236	little	NA
2	271	237	child,	NA
2	272	237	child,	NA
2	273	238	she	NA
2	274	239	looked	NA
2	275	240	the	NA
2	276	241	picture	NA
2	277	242	of	NA
2	278	243	misery.	NA
2	279	243	misery.	NA
2	280	244	On	NA
2	281	245	her	NA
2	282	246	long,	NA
2	283	246	long,	NA
2	284	247	fair	NA
2	285	248	hair,	NA
2	286	248	hair,	NA
2	287	249	which	NA
2	288	250	hung	NA
2	289	251	in	NA
2	290	252	curls	NA
2	291	253	on	NA
2	292	254	her	NA
2	293	255	shoulders,	NA
2	294	255	shoulders,	NA
2	295	256	the	NA
2	296	257	snowflakes	NA
2	297	257	snowflakes	NA
2	298	257	snowflakes	NA
2	299	258	kept	NA
2	300	259	landing,	NA
2	301	259	landing,	NA
2	302	260	but	NA
2	303	261	she	NA
2	304	262	did	NA
2	305	263	not	NA
2	306	264	notice	NA
2	307	265	them	NA
2	308	266	as	NA
2	309	267	she	NA
2	310	268	shivered	NA
2	311	268	shivered	NA
2	312	269	along.	NA
2	313	269	along.	NA
2	314	270	She	NA
2	315	271	was	NA
2	316	272	losing	NA
2	317	273	strength	NA
2	318	274	and	NA
2	319	275	beginning	NA
2	320	276	to	NA
2	321	277	doubt	NA
2	322	278	she	NA
2	323	279	could	NA
2	324	280	weather	NA
2	325	281	this	NA
2	326	282	storm.	NA
2	327	282	storm.	NA
2	328	283	It	NA
2	329	284	was	NA
2	330	285	New	NA
2	331	286	Year's,	NA
2	332	286	Year's,	NA
2	333	286	Year's,	NA
2	334	287	and	NA
2	335	288	the	NA
2	336	289	girl	NA
2	337	290	asked	NA
2	338	291	herself	NA
2	339	292	why,	NA
2	340	292	why,	NA
2	341	293	as	NA
2	342	294	lights	NA
2	343	295	shone	NA
2	344	296	from	NA
2	345	297	every	NA
2	346	298	window,	NA
2	347	298	window,	NA
2	348	299	and	NA
2	349	300	the	NA
2	350	301	savory	NA
2	351	301	savory	NA
2	352	302	smell	NA
2	353	303	of	NA
2	354	304	roast	NA
2	355	305	goose	NA
2	356	306	crept	NA
2	357	307	out	NA
2	358	308	on	NA
2	359	309	the	NA
2	360	310	streets,	NA
2	361	310	streets,	NA
2	362	311	she	NA
2	363	312	was	NA
2	364	313	outside	NA
2	365	314	all	NA
2	366	315	alone.	NA
2	367	315	alone.	NA
2	368	316	Exhausted,	NA
2	369	316	Exhausted,	NA
2	370	316	Exhausted,	NA
2	371	316	Exhausted,	NA
2	372	317	she	NA
2	373	318	finally	NA
2	374	319	sat	NA
2	375	320	down	NA
2	376	321	in	NA
2	377	322	a	it.
2	378	323	corner	it.
2	379	324	behind	it.
2	380	325	the	it.
2	381	326	little	it.
2	382	327	bakery.	it.
2	383	327	bakery.	it.
2	384	328	She	NA
2	385	329	put	NA
2	386	330	a	NA
2	387	331	rag	NA
2	388	332	she	NA
2	389	333	had	NA
2	390	334	found	NA
2	391	335	over	NA
2	392	336	her	NA
2	393	337	legs	NA
2	394	338	to	NA
2	395	339	cover	NA
2	396	340	herself,	NA
2	397	340	herself,	NA
2	398	341	but	NA
2	399	342	she	NA
2	400	343	could	NA
2	401	344	not	NA
2	402	345	keep	NA
2	403	346	off	NA
2	404	347	the	NA
2	405	348	cold.	NA
2	406	348	cold.	NA
2	407	349	The	NA
2	408	350	girl,	NA
2	409	350	girl,	NA
2	410	351	who	NA
2	411	352	the	NA
2	412	353	night	NA
2	413	354	air	NA
2	414	355	had	NA
2	415	356	completely	NA
2	416	357	enveloped,	NA
2	417	357	enveloped,	NA
2	418	357	enveloped,	NA
2	419	358	dared	NA
2	420	359	not	NA
2	421	360	go	NA
2	422	361	home,	NA
2	423	361	home,	NA
2	424	362	for	NA
2	425	363	she	NA
2	426	364	had	NA
2	427	365	sold	NA
2	428	366	no	NA
2	429	367	matches.	NA
2	430	367	matches.	NA
2	431	368	Her	NA
2	432	369	father	NA
2	433	370	had	NA
2	434	371	been	NA
2	435	372	mean	NA
2	436	373	and	NA
2	437	374	moody	NA
2	438	374	moody	NA
2	439	375	ever	NA
2	440	376	since	NA
2	441	377	his	NA
2	442	378	wife	NA
2	443	379	had	NA
2	444	380	gone	NA
2	445	381	to	NA
2	446	382	meet	NA
2	447	383	her	her.
2	448	384	Maker.	her.
2	449	384	Maker.	her.
2	450	385	He	NA
2	451	386	would	NA
2	452	387	certainly	NA
2	453	388	beat	NA
2	454	389	her,	NA
2	455	389	her,	NA
2	456	390	as	NA
2	457	391	he	NA
2	458	392	has	NA
2	459	393	done	NA
2	460	394	several	it,
2	461	395	times	it,
2	462	396	in	it,
2	463	397	the	it,
2	464	398	weeks	it,
2	465	399	past,	it,
2	466	399	past,	it,
2	467	400	because	NA
2	468	401	she	NA
2	469	402	had	NA
2	470	403	not	NA
2	471	404	earned	NA
2	472	405	any	it
2	473	406	money	it
2	474	407	today.	it.
2	475	407	today.	it.
2	476	408	Besides,	NA
2	477	408	Besides,	NA
2	478	409	it	NA
2	479	410	was	NA
2	480	411	almost	NA
2	481	412	as	NA
2	482	413	cold	NA
2	483	414	at	NA
2	484	415	home	NA
2	485	416	as	NA
2	486	417	outside,	NA
2	487	417	outside,	NA
2	488	418	for	NA
2	489	419	they	NA
2	490	420	had	NA
2	491	421	only	NA
2	492	422	a	it
2	493	423	patchy	it
2	494	423	patchy	it
2	495	424	roof	it
2	496	425	to	NA
2	497	426	cover	NA
2	498	427	them.	NA
2	499	427	them.	NA
2	500	428	The	They
2	501	429	girl's	They
2	502	429	girl's	They
2	503	430	little	They
2	504	431	hands	They
2	505	432	were	NA
2	506	433	almost	NA
2	507	434	frozen	NA
2	508	435	solid	NA
2	509	436	so	NA
2	510	437	she	NA
2	511	438	decided	NA
2	512	439	that	NA
2	513	440	a	NA
2	514	441	burning	NA
2	515	442	match	NA
2	516	443	might	NA
2	517	444	be	NA
2	518	445	of	NA
2	519	446	some	it.
2	520	447	good.	it.
2	521	447	good.	it.
2	522	448	'Scratch!'	NA
2	523	448	'Scratch!'	NA
2	524	448	'Scratch!'	NA
2	525	448	'Scratch!'	NA
2	526	449	sounded	NA
2	527	450	the	NA
2	528	451	match	NA
2	529	452	as	NA
2	530	453	she	NA
2	531	454	drew	NA
2	532	455	it	NA
2	533	456	out.	NA
2	534	456	out.	NA
2	535	457	How	NA
2	536	458	it	NA
2	537	459	sputtered	NA
2	538	459	sputtered	NA
2	539	460	as	NA
2	540	461	it	NA
2	541	462	burnt!	NA
2	542	462	burnt!	NA
2	543	463	It	NA
2	544	464	gave	NA
2	545	465	a	NA
2	546	466	warm,	NA
2	547	466	warm,	NA
2	548	467	candle-like	NA
2	549	467	candle-like	NA
2	550	467	candle-like	NA
2	551	468	bright	NA
2	552	469	light	NA
2	553	470	that	NA
2	554	471	the	NA
2	555	472	girl	NA
2	556	473	hid	NA
2	557	474	from	NA
2	558	475	the	NA
2	559	476	world	NA
2	560	477	as	NA
2	561	478	she	NA
2	562	479	held	NA
2	563	480	her	NA
2	564	481	hand	NA
2	565	482	over	NA
2	566	483	it.	NA
2	567	483	it.	NA
2	568	484	Why	NA
2	569	485	had	NA
2	570	486	no	they
2	571	487	one	they
2	572	488	wanted	NA
2	573	489	to	NA
2	574	490	buy	NA
2	575	491	even	NA
2	576	492	one	it?
2	577	493	match?	it?
2	578	493	match?	it?
2	579	494	A	NA
2	580	495	wonderful	NA
2	581	496	light,	NA
2	582	496	light,	NA
2	583	497	it	NA
2	584	498	was	NA
2	585	499	really.	NA
2	586	499	really.	NA
2	587	500	It	NA
2	588	501	seemed	NA
2	589	502	to	NA
2	590	503	the	NA
2	591	504	girl	NA
2	592	505	that	NA
2	593	506	she	NA
2	594	507	was	NA
2	595	508	sitting	NA
2	596	509	by	NA
2	597	510	a	it.
2	598	511	large	it.
2	599	512	iron	it.
2	600	513	stove,	it.
2	601	513	stove,	it.
2	602	514	with	it.
2	603	515	polished	it.
2	604	516	brass	it.
2	605	517	feet	it.
2	606	518	and	it.
2	607	519	a	it.
2	608	520	brass	it.
2	609	521	ornament.	it.
2	610	521	ornament.	it.
2	611	522	How	NA
2	612	523	the	NA
2	613	524	fire	NA
2	614	525	burned!	NA
2	615	525	burned!	NA
2	616	526	The	NA
2	617	527	girl	NA
2	618	528	was	NA
2	619	529	pleased	NA
2	620	530	and	NA
2	621	531	the	NA
2	622	532	fire	NA
2	623	533	actually	NA
2	624	534	seemed	NA
2	625	535	so	NA
2	626	536	warm	NA
2	627	537	that	NA
2	628	538	the	NA
2	629	539	child	NA
2	630	540	stretched	NA
2	631	541	out	NA
2	632	542	her	NA
2	633	543	feet	NA
2	634	544	as	NA
2	635	545	if	NA
2	636	546	to	NA
2	637	547	warm	NA
2	638	548	them,	NA
2	639	548	them,	NA
2	640	549	when	NA
2	641	550	suddenly	NA
2	642	551	the	NA
2	643	552	flame	NA
2	644	553	of	NA
2	645	554	the	NA
2	646	555	match	NA
2	647	556	went	NA
2	648	557	out.	NA
2	649	557	out.	NA
2	650	558	It	NA
2	651	559	was	NA
2	652	560	a	NA
2	653	561	short,	NA
2	654	561	short,	NA
2	655	562	stubby	NA
2	656	562	stubby	NA
2	657	563	match	NA
2	658	564	that	NA
2	659	565	the	NA
2	660	566	little	NA
2	661	567	girl	NA
2	662	568	next	NA
2	663	569	rubbed	NA
2	664	570	on	NA
2	665	571	the	NA
2	666	572	wall.	NA
2	667	572	wall.	NA
2	668	573	It	NA
2	669	574	burst	NA
2	670	575	into	NA
2	671	576	a	NA
2	672	577	flame,	NA
2	673	577	flame,	NA
2	674	578	and	NA
2	675	579	lo	NA
2	676	580	and	NA
2	677	581	behold,	NA
2	678	581	behold,	NA
2	679	582	the	NA
2	680	583	girl	NA
2	681	584	was	NA
2	682	585	transported	NA
2	683	586	from	NA
2	684	587	her	NA
2	685	588	dank	NA
2	686	588	dank	NA
2	687	589	city	NA
2	688	590	to	NA
2	689	591	a	NA
2	690	592	beautiful,	NA
2	691	592	beautiful,	NA
2	692	593	sunny	NA
2	693	594	forest.	NA
2	694	594	forest.	NA
2	695	595	She	NA
2	696	596	heard	NA
2	697	597	the	them
2	698	598	birds	them
2	699	599	chirping	NA
2	700	599	chirping	NA
2	701	599	chirping	NA
2	702	600	and	NA
2	703	601	she	NA
2	704	602	was	NA
2	705	603	surrounded	NA
2	706	604	by	NA
2	707	605	wildflowers	they
2	708	605	wildflowers	they
2	709	605	wildflowers	they
2	710	606	and	NA
2	711	607	birches	they.
2	712	607	birches	they.
2	713	607	birches	they.
2	714	608	as	they.
2	715	609	white	they.
2	716	610	as	they.
2	717	611	snow.	they.
2	718	611	snow.	they.
2	719	612	A	NA
2	720	613	little	NA
2	721	614	squirrel	NA
2	722	615	hid	NA
2	723	616	some	NA
2	724	617	food	NA
2	725	618	in	NA
2	726	619	the	it
2	727	620	ground	it
2	728	621	and	NA
2	729	622	scurried	NA
2	730	622	scurried	NA
2	731	622	scurried	NA
2	732	623	off	NA
2	733	624	into	NA
2	734	625	the	it.
2	735	626	underbrush.	it.
2	736	626	underbrush.	it.
2	737	626	underbrush.	it.
2	738	627	The	NA
2	739	628	girl	NA
2	740	629	was	NA
2	741	630	curious,	NA
2	742	630	curious,	NA
2	743	631	so	NA
2	744	632	she	NA
2	745	633	dug	NA
2	746	634	some	NA
2	747	635	squirrel	NA
2	748	636	food	NA
2	749	637	up	NA
2	750	638	to	NA
2	751	639	see	NA
2	752	640	what	NA
2	753	641	it	NA
2	754	642	was,	NA
2	755	642	was,	NA
2	756	643	but	NA
2	757	644	then	NA
2	758	645	she	NA
2	759	646	forgot	NA
2	760	647	to	NA
2	761	648	put	NA
2	762	649	it	NA
2	763	650	back.	NA
2	764	650	back.	NA
2	765	651	The	NA
2	766	652	squirrel	NA
2	767	653	came	NA
2	768	654	back	NA
2	769	655	and	NA
2	770	656	looked	NA
2	771	657	in	NA
2	772	658	its	it,
2	773	659	hiding	it,
2	774	660	place,	it,
2	775	660	place,	it,
2	776	661	but	NA
2	777	662	the	NA
2	778	663	food	NA
2	779	664	was	NA
2	780	665	nowhere	NA
2	781	666	to	NA
2	782	667	be	NA
2	783	668	found.	NA
2	784	668	found.	NA
2	785	669	Then	NA
2	786	670	the	NA
2	787	671	match	NA
2	788	672	went	NA
2	789	673	out,	NA
2	790	673	out,	NA
2	791	674	and	NA
2	792	675	it	NA
2	793	676	wasn't	NA
2	794	676	wasn't	NA
2	795	677	the	NA
2	796	678	forest	NA
2	797	679	that	NA
2	798	680	remained	NA
2	799	681	before	NA
2	800	682	her	her.
2	801	683	eyes.	her.
2	802	683	eyes.	her.
2	803	684	It	NA
2	804	685	was	NA
2	805	686	only	NA
2	806	687	the	NA
2	807	688	thick,	NA
2	808	688	thick,	NA
2	809	689	damp,	NA
2	810	689	damp,	NA
2	811	690	cold	NA
2	812	691	wall.	NA
2	813	691	wall.	NA
2	814	692	The	NA
2	815	693	girl	NA
2	816	694	looked	NA
2	817	695	despondently	NA
2	818	695	despondently	NA
2	819	695	despondently	NA
2	820	696	into	NA
2	821	697	the	it
2	822	698	sky	it
2	823	699	that	it
2	824	700	was	it
2	825	701	now	it
2	826	702	fully	it
2	827	703	darkened	it
2	828	704	and	NA
2	829	705	suddenly	NA
2	830	706	she	NA
2	831	707	saw	NA
2	832	708	a	NA
2	833	709	star	NA
2	834	710	fall,	NA
2	835	710	fall,	NA
2	836	711	leaving	NA
2	837	712	behind	NA
2	838	713	it	NA
2	839	714	a	it.
2	840	715	bright	it.
2	841	716	streak	it.
2	842	717	of	it.
2	843	718	fire.	it.
2	844	718	fire.	it.
2	845	719	'Someone	NA
2	846	719	'Someone	NA
2	847	720	is	NA
2	848	721	dying,'	NA
2	849	721	dying,'	NA
2	850	722	thought	NA
2	851	723	the	NA
2	852	724	little	NA
2	853	725	girl.	NA
2	854	725	girl.	NA
2	855	726	It	NA
2	856	727	was	NA
2	857	728	her	NA
2	858	729	old	NA
2	859	730	grandmother,	NA
2	860	730	grandmother,	NA
2	861	731	the	NA
2	862	732	one	NA
2	863	733	who	NA
2	864	734	had	NA
2	865	735	loved	NA
2	866	736	her	NA
2	867	737	the	NA
2	868	738	most,	NA
2	869	738	most,	NA
2	870	739	and	NA
2	871	740	the	NA
2	872	741	one	NA
2	873	742	who	NA
2	874	743	the	NA
2	875	744	girl	NA
2	876	745	used	NA
2	877	746	to	NA
2	878	747	visit	NA
2	879	748	every	NA
2	880	749	Sunday,	NA
2	881	749	Sunday,	NA
2	882	750	who	NA
2	883	751	had	NA
2	884	752	told	NA
2	885	753	her	NA
2	886	754	that	NA
2	887	755	when	NA
2	888	756	a	NA
2	889	757	star	NA
2	890	758	falls,	NA
2	891	758	falls,	NA
2	892	759	a	NA
2	893	760	soul	NA
2	894	761	leaves	NA
2	895	762	this	it.
2	896	763	earth.	it.
2	897	763	earth.	it.
2	898	764	It	NA
2	899	765	was	NA
2	900	766	her	NA
2	901	767	last	NA
2	902	768	match	NA
2	903	769	that	NA
2	904	770	the	NA
2	905	771	little	NA
2	906	772	girl	NA
2	907	773	now	NA
2	908	774	rubbed	NA
2	909	775	on	NA
2	910	776	the	NA
2	911	777	wall	NA
2	912	778	and	NA
2	913	779	the	NA
2	914	780	light	NA
2	915	781	again	NA
2	916	782	shone	NA
2	917	783	round	NA
2	918	784	her.	NA
2	919	784	her.	NA
2	920	785	Her	NA
2	921	786	old	NA
2	922	787	grandmother	NA
2	923	788	in	NA
2	924	789	the	NA
2	925	790	brightness	NA
2	926	791	stood,	NA
2	927	791	stood,	NA
2	928	792	loving	NA
2	929	793	in	NA
2	930	794	her	NA
2	931	795	appearance.	NA
2	932	795	appearance.	NA
2	933	796	The	NA
2	934	797	girl	NA
2	935	798	understood	NA
2	936	799	her	NA
2	937	800	grandmother	NA
2	938	801	would	NA
2	939	802	soon	NA
2	940	803	disappear,	NA
2	941	803	disappear,	NA
2	942	804	but	NA
2	943	805	she	NA
2	944	806	tried	NA
2	945	807	to	NA
2	946	808	play	NA
2	947	809	for	NA
2	948	810	time.	NA
2	949	810	time.	NA
2	950	811	'Grandmother,'	NA
2	951	811	'Grandmother,'	NA
2	952	811	'Grandmother,'	NA
2	953	811	'Grandmother,'	NA
2	954	812	cried	NA
2	955	813	the	NA
2	956	814	little	NA
2	957	815	one,	NA
2	958	815	one,	NA
2	959	816	'O	NA
2	960	816	'O	NA
2	961	817	take	NA
2	962	818	me	NA
2	963	819	with	NA
2	964	820	you!	NA
2	965	820	you!	NA
2	966	821	I	NA
2	967	822	know	NA
2	968	823	you	NA
2	969	824	will	NA
2	970	825	go	NA
2	971	826	away	NA
2	972	827	when	NA
2	973	828	the	NA
2	974	829	match	NA
2	975	830	burns	NA
2	976	831	out!'	NA
2	977	831	out!'	NA
2	978	832	The	NA
2	979	833	girl	NA
2	980	834	decided	NA
2	981	835	to	NA
2	982	836	light	NA
2	983	837	the	NA
2	984	838	whole	NA
2	985	839	bundle	NA
2	986	840	of	NA
2	987	841	matches,	NA
2	988	841	matches,	NA
2	989	842	in	NA
2	990	843	order	NA
2	991	844	to	NA
2	992	845	keep	NA
2	993	846	her	NA
2	994	847	grandmother	NA
2	995	848	there.	NA
2	996	848	there.	NA
2	997	849	The	NA
2	998	850	girl	NA
2	999	851	saw	NA
2	1000	852	the	NA
2	1001	853	matches	NA
2	1002	854	glowed	NA
2	1003	854	glowed	NA
2	1004	855	with	NA
2	1005	856	a	NA
2	1006	857	light	NA
2	1007	858	that	NA
2	1008	859	was	NA
2	1009	860	brighter	NA
2	1010	861	than	NA
2	1011	862	the	NA
2	1012	863	day,	NA
2	1013	863	day,	NA
2	1014	864	and	NA
2	1015	865	her	NA
2	1016	866	grandmother	NA
2	1017	867	had	NA
2	1018	868	never	NA
2	1019	869	appeared	NA
2	1020	870	so	NA
2	1021	871	large	NA
2	1022	872	or	NA
2	1023	873	so	NA
2	1024	874	beautiful	NA
2	1025	875	as	NA
2	1026	876	she	NA
2	1027	877	did	NA
2	1028	878	in	NA
2	1029	879	the	NA
2	1030	880	light	NA
2	1031	881	of	NA
2	1032	882	the	NA
2	1033	883	little	NA
2	1034	884	matches.	NA
2	1035	884	matches.	NA
2	1036	885	The	NA
2	1037	886	grandmother	NA
2	1038	887	then	NA
2	1039	888	took	NA
2	1040	889	the	NA
2	1041	890	little	NA
2	1042	891	girl	NA
2	1043	892	in	NA
2	1044	893	her	NA
2	1045	894	arms,	NA
2	1046	894	arms,	NA
2	1047	895	and	NA
2	1048	896	they	NA
2	1049	897	both	NA
2	1050	898	flew	NA
2	1051	899	upwards	NA
2	1052	900	in	NA
2	1053	901	brightness	NA
2	1054	902	and	NA
2	1055	903	joy	NA
2	1056	904	far	NA
2	1057	905	above	NA
2	1058	906	the	NA
2	1059	907	earth,	NA
2	1060	907	earth,	NA
2	1061	908	where	NA
2	1062	909	there	NA
2	1063	910	was	NA
2	1064	911	neither	NA
2	1065	912	cold	NA
2	1066	913	nor	NA
2	1067	914	hunger,	NA
2	1068	914	hunger,	NA
2	1069	915	and	NA
2	1070	916	the	NA
2	1071	917	little	NA
2	1072	918	girl	NA
2	1073	919	felt	NA
2	1074	920	safe	NA
2	1075	921	and	NA
2	1076	922	peaceful.	NA
2	1077	922	peaceful.	NA
2	1078	923	In	NA
2	1079	924	the	NA
2	1080	925	dawn	NA
2	1081	926	of	NA
2	1082	927	the	NA
2	1083	928	morning	NA
2	1084	929	there	NA
2	1085	930	lay	NA
2	1086	931	the	NA
2	1087	932	poor	NA
2	1088	933	little	NA
2	1089	934	one,	NA
2	1090	934	one,	NA
2	1091	935	not	NA
2	1092	936	frowning,	NA
2	1093	936	frowning,	NA
2	1094	936	frowning,	NA
2	1095	937	but	NA
2	1096	938	smiling	NA
2	1097	939	and	NA
2	1098	940	with	NA
2	1099	941	a	NA
2	1100	942	pale	NA
2	1101	943	face	NA
2	1102	944	leaning	NA
2	1103	945	against	NA
2	1104	946	the	NA
2	1105	947	wall,	NA
2	1106	947	wall,	NA
2	1107	948	frozen	NA
2	1108	949	and	NA
2	1109	950	stone	NA
2	1110	951	dead.	NA
2	1111	951	dead.	NA
2	1112	952	'She	NA
2	1113	952	'She	NA
2	1114	953	tried	NA
2	1115	954	to	NA
2	1116	955	warm	NA
2	1117	956	herself,'	NA
2	1118	956	herself,'	NA
2	1119	957	said	NA
2	1120	958	some.	they.
2	1121	958	some.	they.
2	1122	959	Children	NA
2	1123	960	who	NA
2	1124	961	saw	NA
2	1125	962	her	NA
2	1126	963	were	NA
2	1127	964	asking	NA
2	1128	965	their	their
2	1129	966	parents	their
2	1130	967	why	NA
2	1131	968	no	she
2	1132	969	one	she
2	1133	970	helped	NA
2	1134	971	the	NA
2	1135	972	girl	NA
2	1136	973	who	NA
2	1137	974	they	NA
2	1138	975	knew	NA
2	1139	976	looked	NA
2	1140	977	dirt	NA
2	1141	978	poor	NA
2	1142	979	and	NA
2	1143	980	helpless.	NA
2	1144	980	helpless.	NA
2	1145	981	Passersby	NA
2	1146	981	Passersby	NA
2	1147	981	Passersby	NA
2	1148	982	who	NA
2	1149	983	saw	NA
2	1150	984	her	NA
2	1151	985	sitting	NA
2	1152	986	motionless	NA
2	1153	986	motionless	NA
2	1154	987	wished	NA
2	1155	988	they	NA
2	1156	989	could	NA
2	1157	990	have	NA
2	1158	991	helped	NA
2	1159	992	the	NA
2	1160	993	girl,	NA
2	1161	993	girl,	NA
2	1162	994	but	NA
2	1163	995	their	NA
2	1164	996	good	NA
2	1165	997	intentions	NA
2	1166	998	were	NA
2	1167	999	a	NA
2	1168	1000	day	NA
2	1169	1001	late	NA
2	1170	1002	and	NA
2	1171	1003	a	NA
2	1172	1004	dollar	NA
2	1173	1005	short.	NA
2	1174	1005	short.	NA
2	1175	1006	Other	They
2	1176	1007	people	They
2	1177	1008	suspected	NA
2	1178	1009	the	NA
2	1179	1010	girl	NA
2	1180	1011	had	NA
2	1181	1012	fallen	NA
2	1182	1013	asleep	NA
2	1183	1014	and	NA
2	1184	1015	frozen,	NA
2	1185	1015	frozen,	NA
2	1186	1016	but	NA
2	1187	1017	no	it
2	1188	1018	one	it
2	1189	1019	imagined	NA
2	1190	1020	what	NA
2	1191	1021	beautiful	NA
2	1192	1022	things	NA
2	1193	1023	she	NA
2	1194	1024	had	NA
2	1195	1025	seen,	NA
2	1196	1025	seen,	NA
2	1197	1026	nor	NA
2	1198	1027	into	NA
2	1199	1028	what	NA
2	1200	1029	glory	NA
2	1201	1030	she	NA
2	1202	1031	had	NA
2	1203	1032	entered	NA
2	1204	1033	with	NA
2	1205	1034	her	NA
2	1206	1035	grandmother,	NA
2	1207	1035	grandmother,	NA
2	1208	1036	on	NA
2	1209	1037	New	NA
2	1210	1038	Year's	NA
2	1211	1038	Year's	NA
2	1212	1039	day.	NA
2	1213	1039	day.	NA
3	0	0	Once	NA
3	1	1	upon	NA
3	2	2	a	NA
3	3	3	time	NA
3	4	4	the	NA
3	5	5	birds	NA
3	6	6	took	NA
3	7	7	it	NA
3	8	8	into	NA
3	9	9	their	NA
3	10	10	heads	NA
3	11	11	that	NA
3	12	12	they	NA
3	13	13	would	NA
3	14	14	like	NA
3	15	15	a	it,
3	16	16	master,	it,
3	17	16	master,	it,
3	18	17	and	NA
3	19	18	that	NA
3	20	19	one	it
3	21	20	of	it
3	22	21	their	it
3	23	22	number	it
3	24	23	must	NA
3	25	24	be	NA
3	26	25	chosen	NA
3	27	26	king.	NA
3	28	26	king.	NA
3	29	27	A	NA
3	30	28	meeting	NA
3	31	29	of	NA
3	32	30	all	NA
3	33	31	the	NA
3	34	32	birds	NA
3	35	33	was	NA
3	36	34	called	NA
3	37	35	and	NA
3	38	36	though	NA
3	39	37	they	NA
3	40	38	understood	NA
3	41	39	the	they
3	42	40	birds	they
3	43	41	who	they
3	44	42	were	they
3	45	43	from	they
3	46	44	the	they
3	47	45	most	they
3	48	46	distant	they
3	49	47	lands	they
3	50	48	would	NA
3	51	49	be	NA
3	52	50	unable	NA
3	53	51	to	NA
3	54	52	come,	NA
3	55	52	come,	NA
3	56	53	many	they
3	57	54	birds	they
3	58	55	came	NA
3	59	56	from	NA
3	60	57	faraway	them
3	61	57	faraway	them
3	62	58	meadows	them
3	63	58	meadows	them
3	64	59	and	NA
3	65	60	woods.	them.
3	66	60	woods.	them.
3	67	61	The	NA
3	68	62	eagle,	NA
3	69	62	eagle,	NA
3	70	63	who	NA
3	71	64	already	NA
3	72	65	thought	NA
3	73	66	himself	NA
3	74	67	the	himself,
3	75	68	de	himself,
3	76	69	facto	himself,
3	77	70	king,	himself,
3	78	70	king,	himself,
3	79	71	arrived	NA
3	80	72	fashionably	NA
3	81	72	fashionably	NA
3	82	73	late.	NA
3	83	73	late.	NA
3	84	74	It	NA
3	85	75	was	NA
3	86	76	a	NA
3	87	77	hawk	NA
3	88	78	who	NA
3	89	79	was	NA
3	90	80	most	NA
3	91	81	excited	NA
3	92	82	about	NA
3	93	83	the	NA
3	94	84	meeting,	NA
3	95	84	meeting,	NA
3	96	85	because	NA
3	97	86	he	NA
3	98	87	was	NA
3	99	88	the	NA
3	100	89	dark	NA
3	101	90	horse	NA
3	102	91	for	NA
3	103	92	king.	NA
3	104	92	king.	NA
3	105	93	The	They
3	106	94	small	They
3	107	95	fry	They
3	108	96	came	NA
3	109	97	too,	NA
3	110	97	too,	NA
3	111	98	and	NA
3	112	99	the	she,
3	113	100	robin,	she,
3	114	100	robin,	she,
3	115	100	robin,	she,
3	116	101	the	he,
3	117	102	bluebird,	he,
3	118	102	bluebird,	he,
3	119	102	bluebird,	he,
3	120	103	the	he,
3	121	104	owl,	he,
3	122	104	owl,	he,
3	123	105	the	she,
3	124	106	lark,	she,
3	125	106	lark,	she,
3	126	106	lark,	she,
3	127	107	and	NA
3	128	108	the	he,
3	129	109	sparrow,	he,
3	130	109	sparrow,	he,
3	131	109	sparrow,	he,
3	132	110	who	he,
3	133	111	had	he,
3	134	112	only	he,
3	135	113	a	he,
3	136	114	chance	he,
3	137	115	in	he,
3	138	116	a	he,
3	139	117	million	he,
3	140	118	to	he,
3	141	119	be	he,
3	142	120	king,	he,
3	143	120	king,	he,
3	144	121	were	NA
3	145	122	all	NA
3	146	123	present	NA
3	147	124	at	NA
3	148	125	the	NA
3	149	126	meeting.	NA
3	150	126	meeting.	NA
3	151	127	The	He,
3	152	128	cuckoo,	He,
3	153	128	cuckoo,	He,
3	154	128	cuckoo,	He,
3	155	128	cuckoo,	He,
3	156	129	who	He,
3	157	130	was	He,
3	158	131	almost	He,
3	159	132	not	He,
3	160	133	invited	He,
3	161	134	because	He,
3	162	135	his	He,
3	163	136	call	He,
3	164	137	so	He,
3	165	138	annoyed	He,
3	166	139	the	He,
3	167	140	other	He,
3	168	141	birds,	He,
3	169	141	birds,	He,
3	170	142	came	NA
3	171	143	too.	NA
3	172	143	too.	NA
3	173	144	It	NA
3	174	145	was	NA
3	175	146	the	it,
3	176	147	very	it,
3	177	148	little	it,
3	178	149	bird	it,
3	179	150	who	it,
3	180	151	had	it,
3	181	152	no	it,
3	182	153	name	it,
3	183	154	at	it,
3	184	155	all,	it,
3	185	155	all,	it,
3	186	156	however,	NA
3	187	156	however,	NA
3	188	157	that	NA
3	189	158	would	NA
3	190	159	end	NA
3	191	160	up	NA
3	192	161	overturning	NA
3	193	161	overturning	NA
3	194	162	the	NA
3	195	163	balance	NA
3	196	164	of	NA
3	197	165	power	NA
3	198	166	among	NA
3	199	167	the	NA
3	200	168	birds.	NA
3	201	168	birds.	NA
3	202	169	That	NA
3	203	170	there	NA
3	204	171	would	NA
3	205	172	be	NA
3	206	173	great	NA
3	207	174	confusion	NA
3	208	175	and	NA
3	209	176	noise	NA
3	210	177	among	NA
3	211	178	the	NA
3	212	179	birds	NA
3	213	180	at	NA
3	214	181	the	NA
3	215	182	meeting	NA
3	216	183	was	NA
3	217	184	to	NA
3	218	185	be	NA
3	219	186	expected,	NA
3	220	186	expected,	NA
3	221	187	given	NA
3	222	188	the	them.
3	223	189	sheer	them.
3	224	190	numbers	them.
3	225	191	of	them.
3	226	192	birds	them.
3	227	193	that	them.
3	228	194	have	them.
3	229	195	gathered.	them.
3	230	195	gathered.	them.
3	231	196	There	NA
3	232	197	was	NA
3	233	198	piping,	NA
3	234	198	piping,	NA
3	235	199	hissing,	NA
3	236	199	hissing,	NA
3	237	199	hissing,	NA
3	238	200	and	NA
3	239	201	clacking,	NA
3	240	201	clacking,	NA
3	241	201	clacking,	NA
3	242	202	but	NA
3	243	203	finally	NA
3	244	204	it	NA
3	245	205	was	NA
3	246	206	decided	NA
3	247	207	that	NA
3	248	208	the	it
3	249	209	bird	it
3	250	210	that	it
3	251	211	could	it
3	252	212	fly	it
3	253	213	the	it
3	254	214	highest	it
3	255	215	should	NA
3	256	216	be	NA
3	257	217	king.	NA
3	258	217	king.	NA
3	259	218	The	NA
3	260	219	little	NA
3	261	220	bird	NA
3	262	221	lay	NA
3	263	222	low	NA
3	264	223	near	NA
3	265	224	the	NA
3	266	225	eagle	NA
3	267	226	at	NA
3	268	227	first,	NA
3	269	227	first,	NA
3	270	228	but	NA
3	271	229	the	NA
3	272	230	eagle	NA
3	273	231	did	NA
3	274	232	not	NA
3	275	233	notice	NA
3	276	234	the	NA
3	277	235	bird	NA
3	278	236	hopping	NA
3	279	237	onto	NA
3	280	238	his	NA
3	281	239	back	NA
3	282	240	right	NA
3	283	241	as	NA
3	284	242	the	NA
3	285	243	competition	NA
3	286	244	was	NA
3	287	245	about	NA
3	288	246	to	NA
3	289	247	commence.	NA
3	290	247	commence.	NA
3	291	248	Into	NA
3	292	249	the	NA
3	293	250	air	NA
3	294	251	in	NA
3	295	252	a	NA
3	296	253	great	NA
3	297	254	flock	NA
3	298	255	all	NA
3	299	256	the	NA
3	300	257	birds	NA
3	301	258	flew	NA
3	302	259	when	NA
3	303	260	the	NA
3	304	261	signal	NA
3	305	262	was	NA
3	306	263	given.	NA
3	307	263	given.	NA
3	308	264	The	NA
3	309	265	air	NA
3	310	266	was	NA
3	311	267	full	NA
3	312	268	of	NA
3	313	269	dust,	NA
3	314	269	dust,	NA
3	315	270	and	NA
3	316	271	it	NA
3	317	272	seemed	NA
3	318	273	as	NA
3	319	274	if	NA
3	320	275	a	it
3	321	276	black	it
3	322	277	cloud	it
3	323	278	were	NA
3	324	279	floating	NA
3	325	280	over	NA
3	326	281	the	it.
3	327	282	field.	it.
3	328	282	field.	it.
3	329	283	You	NA
3	330	284	could	NA
3	331	285	hear	NA
3	332	286	the	them
3	333	287	birds	them
3	334	288	chirping	NA
3	335	288	chirping	NA
3	336	288	chirping	NA
3	337	289	and	NA
3	338	290	flapping	NA
3	339	290	flapping	NA
3	340	291	from	NA
3	341	292	fields	they.
3	342	293	that	they.
3	343	294	were	they.
3	344	295	miles	they.
3	345	296	away.	they.
3	346	296	away.	they.
3	347	297	The	They
3	348	298	little	They
3	349	299	birds	They
3	350	300	that	They
3	351	301	soon	They
3	352	302	grew	They
3	353	303	tired	They
3	354	304	fell	NA
3	355	305	back	NA
3	356	306	quickly	NA
3	357	307	to	NA
3	358	308	earth.	NA
3	359	308	earth.	NA
3	360	309	The	NA
3	361	310	fact	NA
3	362	311	that	NA
3	363	312	the	they
3	364	313	larger	they
3	365	314	ones	they
3	366	315	held	NA
3	367	316	out	NA
3	368	317	longer,	NA
3	369	317	longer,	NA
3	370	318	and	NA
3	371	319	flew	NA
3	372	320	higher	NA
3	373	321	and	NA
3	374	322	higher,	NA
3	375	322	higher,	NA
3	376	323	but	NA
3	377	324	the	NA
3	378	325	eagle	NA
3	379	326	flew	NA
3	380	327	highest	NA
3	381	328	of	NA
3	382	329	any,	NA
3	383	329	any,	NA
3	384	330	surprised	NA
3	385	331	no	it.
3	386	332	one.	it.
3	387	332	one.	it.
3	388	333	Could	NA
3	389	334	anyone	NA
3	390	335	stop	NA
3	391	336	the	NA
3	392	337	eagle	NA
3	393	338	that	NA
3	394	339	seemed	NA
3	395	340	to	NA
3	396	341	be	NA
3	397	342	flying	NA
3	398	343	straight	NA
3	399	344	into	NA
3	400	345	the	NA
3	401	346	sun?	NA
3	402	346	sun?	NA
3	403	347	The	NA
3	404	348	other	NA
3	405	349	birds	NA
3	406	350	gave	NA
3	407	351	out	NA
3	408	352	one	NA
3	409	353	by	NA
3	410	354	one	NA
3	411	355	and	NA
3	412	356	when	NA
3	413	357	the	NA
3	414	358	eagle	NA
3	415	359	saw	NA
3	416	360	this	NA
3	417	361	he	NA
3	418	362	thought,	NA
3	419	362	thought,	NA
3	420	363	'What	NA
3	421	363	'What	NA
3	422	364	is	NA
3	423	365	the	NA
3	424	366	use	NA
3	425	367	of	NA
3	426	368	flying	NA
3	427	369	any	NA
3	428	370	higher?	NA
3	429	370	higher?	NA
3	430	371	This	NA
3	431	372	victory	NA
3	432	373	is	NA
3	433	374	in	NA
3	434	375	the	NA
3	435	376	bag	NA
3	436	377	and	NA
3	437	378	I	NA
3	438	379	am	NA
3	439	380	king!'	NA
3	440	380	king!'	NA
3	441	381	Then	NA
3	442	382	the	they
3	443	383	birds	they
3	444	384	below	they
3	445	385	called	NA
3	446	386	with	NA
3	447	387	one	NA
3	448	388	accord,	NA
3	449	388	accord,	NA
3	450	389	'Come	NA
3	451	389	'Come	NA
3	452	390	back,	NA
3	453	390	back,	NA
3	454	391	come	NA
3	455	392	back!	NA
3	456	392	back!	NA
3	457	393	It	NA
3	458	394	is	NA
3	459	395	you	NA
3	460	396	who	NA
3	461	397	must	NA
3	462	398	be	NA
3	463	399	our	NA
3	464	400	king	NA
3	465	401	because	NA
3	466	402	no	it
3	467	403	one	it
3	468	404	can	NA
3	469	405	fly	NA
3	470	406	as	NA
3	471	407	high	NA
3	472	408	as	NA
3	473	409	you.'	NA
3	474	409	you.'	NA
3	475	410	'Except	NA
3	476	410	'Except	NA
3	477	411	me!'	NA
3	478	411	me!'	NA
3	479	412	cried	NA
3	480	413	a	NA
3	481	414	shrill,	NA
3	482	414	shrill,	NA
3	483	414	shrill,	NA
3	484	415	shrill	NA
3	485	415	shrill	NA
3	486	416	voice,	NA
3	487	416	voice,	NA
3	488	417	and	NA
3	489	418	out	NA
3	490	419	of	NA
3	491	420	the	NA
3	492	421	blue	NA
3	493	422	the	NA
3	494	423	little	NA
3	495	424	bird	NA
3	496	425	without	NA
3	497	426	a	NA
3	498	427	name	NA
3	499	428	rose	NA
3	500	429	from	NA
3	501	430	the	NA
3	502	431	eagle's	NA
3	503	431	eagle's	NA
3	504	432	back,	NA
3	505	432	back,	NA
3	506	433	where	NA
3	507	434	he	NA
3	508	435	had	NA
3	509	436	lain	NA
3	510	436	lain	NA
3	511	437	hidden	NA
3	512	438	in	NA
3	513	439	the	NA
3	514	440	feathers.	NA
3	515	440	feathers.	NA
3	516	441	His	NA
3	517	442	guile	NA
3	518	442	guile	NA
3	519	443	was	NA
3	520	444	the	NA
3	521	445	ace	NA
3	522	446	up	NA
3	523	447	his	NA
3	524	448	sleeve,	NA
3	525	448	sleeve,	NA
3	526	449	and	NA
3	527	450	he	NA
3	528	451	laughed	NA
3	529	452	to	NA
3	530	453	himself	NA
3	531	454	at	NA
3	532	455	how	NA
3	533	456	easy	NA
3	534	457	it	NA
3	535	458	had	NA
3	536	459	been	NA
3	537	460	to	NA
3	538	461	outwit	NA
3	539	461	outwit	NA
3	540	462	the	NA
3	541	463	other	NA
3	542	464	birds.	NA
3	543	464	birds.	NA
3	544	465	Higher	NA
3	545	466	and	NA
3	546	467	higher	NA
3	547	468	he	NA
3	548	469	mounted,	NA
3	549	469	mounted,	NA
3	550	470	until	NA
3	551	471	he	NA
3	552	472	was	NA
3	553	473	lost	NA
3	554	474	to	NA
3	555	475	sight,	NA
3	556	475	sight,	NA
3	557	476	and	NA
3	558	477	then	NA
3	559	478	folding	NA
3	560	479	his	NA
3	561	480	wings	NA
3	562	481	together,	NA
3	563	481	together,	NA
3	564	482	he	NA
3	565	483	sank	NA
3	566	484	to	NA
3	567	485	earth	NA
3	568	486	crying	NA
3	569	487	shrilly,	NA
3	570	487	shrilly,	NA
3	571	487	shrilly,	NA
3	572	488	'I	NA
3	573	488	'I	NA
3	574	489	am	NA
3	575	490	king,	NA
3	576	490	king,	NA
3	577	491	I	NA
3	578	492	am	NA
3	579	493	king!'	NA
3	580	493	king!'	NA
3	581	494	The	NA
3	582	495	eagle	NA
3	583	496	tricked	NA
3	584	497	by	NA
3	585	498	the	NA
3	586	499	little	NA
3	587	500	bird	NA
3	588	501	had	NA
3	589	502	not	NA
3	590	503	sensed	NA
3	591	504	the	NA
3	592	505	bird	NA
3	593	506	in	NA
3	594	507	his	NA
3	595	508	feathers	NA
3	596	509	and	NA
3	597	510	so	NA
3	598	511	had	NA
3	599	512	not	NA
3	600	513	at	NA
3	601	514	all	NA
3	602	515	expected	NA
3	603	516	the	NA
3	604	517	bird	NA
3	605	518	to	NA
3	606	519	come	NA
3	607	520	flying	NA
3	608	521	out	NA
3	609	522	like	NA
3	610	523	that.	NA
3	611	523	that.	NA
3	612	524	The	NA
3	613	525	birds	NA
3	614	526	back	NA
3	615	527	on	NA
3	616	528	earth	NA
3	617	529	were	NA
3	618	530	all	NA
3	619	531	up	NA
3	620	532	in	NA
3	621	533	arms.	NA
3	622	533	arms.	NA
3	623	534	'You,	NA
3	624	534	'You,	NA
3	625	534	'You,	NA
3	626	535	and	NA
3	627	536	not	NA
3	628	537	the	NA
3	629	538	eagle,	NA
3	630	538	eagle,	NA
3	631	539	our	NA
3	632	540	king?'	NA
3	633	540	king?'	NA
3	634	541	the	NA
3	635	542	birds	NA
3	636	543	cried,	NA
3	637	543	cried,	NA
3	638	544	fuming	NA
3	639	544	fuming	NA
3	640	545	with	NA
3	641	546	anger.	NA
3	642	546	anger.	NA
3	643	547	'You	NA
3	644	547	'You	NA
3	645	548	have	NA
3	646	549	done	NA
3	647	550	this	NA
3	648	551	by	NA
3	649	552	breaking	NA
3	650	553	every	NA
3	651	554	rule	NA
3	652	555	in	NA
3	653	556	the	NA
3	654	557	book,	NA
3	655	557	book,	NA
3	656	558	so	NA
3	657	559	we	NA
3	658	560	will	NA
3	659	561	not	NA
3	660	562	have	NA
3	661	563	you,	NA
3	662	563	you,	NA
3	663	564	who	NA
3	664	565	are	NA
3	665	566	simply	NA
3	666	567	tricky	NA
3	667	568	and	NA
3	668	569	cunning,	NA
3	669	569	cunning,	NA
3	670	570	to	NA
3	671	571	reign	NA
3	672	572	over	NA
3	673	573	us.'	NA
3	674	573	us.'	NA
3	675	574	The	NA
3	676	575	bird	NA
3	677	576	without	NA
3	678	577	a	NA
3	679	578	name	NA
3	680	579	then	NA
3	681	580	decided	NA
3	682	581	to	NA
3	683	582	clear	NA
3	684	583	the	NA
3	685	584	air	NA
3	686	585	and	NA
3	687	586	said,	NA
3	688	586	said,	NA
3	689	587	'Then	NA
3	690	587	'Then	NA
3	691	588	let	NA
3	692	589	everyone	NA
3	693	590	start	NA
3	694	591	with	NA
3	695	592	a	NA
3	696	593	clean	NA
3	697	594	slate	NA
3	698	595	and	NA
3	699	596	perform	NA
3	700	597	a	NA
3	701	598	new	NA
3	702	599	challenging	NA
3	703	600	task.	NA
3	704	600	task.	NA
3	705	601	Then	NA
3	706	602	we	NA
3	707	603	can	NA
3	708	604	decide	NA
3	709	605	who	NA
3	710	606	should	NA
3	711	607	be	NA
3	712	608	the	him.'
3	713	609	real	him.'
3	714	610	king.'	him.'
3	715	610	king.'	him.'
3	716	611	Then	NA
3	717	612	the	NA
3	718	613	birds	NA
3	719	614	gathered	NA
3	720	615	together	NA
3	721	616	again	NA
3	722	617	and	NA
3	723	618	decided	NA
3	724	619	the	NA
3	725	620	case	NA
3	726	621	would	NA
3	727	622	be	NA
3	728	623	resolved	NA
3	729	624	by	NA
3	730	625	making	NA
3	731	626	a	NA
3	732	627	new	NA
3	733	628	condition,	NA
3	734	628	condition,	NA
3	735	629	which	NA
3	736	630	was	NA
3	737	631	that	NA
3	738	632	he	NA
3	739	633	should	NA
3	740	634	be	NA
3	741	635	king	him.
3	742	636	who	him.
3	743	637	could	him.
3	744	638	go	him.
3	745	639	the	him.
3	746	640	deepest	him.
3	747	641	into	him.
3	748	642	the	him.
3	749	643	earth.	him.
3	750	643	earth.	him.
3	751	644	So	NA
3	752	645	the	NA
3	753	646	little	NA
3	754	647	bird	NA
3	755	648	who	NA
3	756	649	the	NA
3	757	650	other	NA
3	758	651	birds	NA
3	759	652	despised	NA
3	760	653	was	NA
3	761	654	now	NA
3	762	655	back	NA
3	763	656	to	NA
3	764	657	square	NA
3	765	658	one.	NA
3	766	658	one.	NA
3	767	659	Confident,	NA
3	768	659	Confident,	NA
3	769	659	Confident,	NA
3	770	660	he	NA
3	771	661	remained,	NA
3	772	661	remained,	NA
3	773	662	however,	NA
3	774	662	however,	NA
3	775	663	that	NA
3	776	664	if	NA
3	777	665	he	NA
3	778	666	played	NA
3	779	667	his	NA
3	780	668	cards	NA
3	781	669	right,	NA
3	782	669	right,	NA
3	783	670	he	NA
3	784	671	could	NA
3	785	672	be	NA
3	786	673	king.	NA
3	787	673	king.	NA
3	788	674	How	NA
3	789	675	the	NA
3	790	676	goose	NA
3	791	677	wallowed	NA
3	792	677	wallowed	NA
3	793	678	in	NA
3	794	679	the	NA
3	795	680	sand,	NA
3	796	680	sand,	NA
3	797	681	and	NA
3	798	682	the	it
3	799	683	duck	it
3	800	684	strove	NA
3	801	684	strove	NA
3	802	685	to	NA
3	803	686	dig	NA
3	804	687	a	NA
3	805	688	hole	NA
3	806	689	for	NA
3	807	690	the	NA
3	808	691	new	NA
3	809	692	task!	NA
3	810	692	task!	NA
3	811	693	All	NA
3	812	694	the	NA
3	813	695	other	NA
3	814	696	birds	NA
3	815	697	tried	NA
3	816	698	to	NA
3	817	699	hide	NA
3	818	700	themselves	NA
3	819	701	in	NA
3	820	702	the	NA
3	821	703	ground,	NA
3	822	703	ground,	NA
3	823	704	too,	NA
3	824	704	too,	NA
3	825	705	until	NA
3	826	706	they	NA
3	827	707	were	NA
3	828	708	practically	NA
3	829	709	blue	NA
3	830	710	in	NA
3	831	711	the	NA
3	832	712	face.	NA
3	833	712	face.	NA
3	834	713	The	NA
3	835	714	nameless	NA
3	836	714	nameless	NA
3	837	715	little	NA
3	838	716	bird	NA
3	839	717	that	NA
3	840	718	was	NA
3	841	719	as	NA
3	842	720	bold	NA
3	843	721	as	NA
3	844	722	brass	NA
3	845	723	found	NA
3	846	724	a	NA
3	847	725	pitch	NA
3	848	726	dark	NA
3	849	727	mouse's	NA
3	850	727	mouse's	NA
3	851	728	hole,	NA
3	852	728	hole,	NA
3	853	729	and	NA
3	854	730	creeping	NA
3	855	731	in	NA
3	856	732	cried,	NA
3	857	732	cried,	NA
3	858	733	'I	NA
3	859	733	'I	NA
3	860	734	am	NA
3	861	735	king,	NA
3	862	735	king,	NA
3	863	736	I	NA
3	864	737	am	NA
3	865	738	king!'	it!'
3	866	738	king!'	it!'
3	867	739	but	NA
3	868	740	it	NA
3	869	741	was	NA
3	870	742	of	NA
3	871	743	no	NA
3	872	744	avail.	NA
3	873	744	avail.	NA
3	874	745	'You,	NA
3	875	745	'You,	NA
3	876	745	'You,	NA
3	877	746	our	NA
3	878	747	king?'	NA
3	879	747	king?'	NA
3	880	748	all	NA
3	881	749	the	NA
3	882	750	remaining	NA
3	883	751	birds	NA
3	884	752	who	NA
3	885	753	the	NA
3	886	754	littlest	NA
3	887	754	littlest	NA
3	888	754	littlest	NA
3	889	755	bird	NA
3	890	756	had	NA
3	891	757	outwitted	NA
3	892	757	outwitted	NA
3	893	757	outwitted	NA
3	894	758	cried	NA
3	895	759	again,	NA
3	896	759	again,	NA
3	897	760	even	NA
3	898	761	more	NA
3	899	762	angrily	NA
3	900	763	than	NA
3	901	764	before.	NA
3	902	764	before.	NA
3	903	765	'Do	NA
3	904	765	'Do	NA
3	905	766	you	NA
3	906	767	think	NA
3	907	768	we	NA
3	908	769	would	NA
3	909	770	reward	NA
3	910	771	your	NA
3	911	772	cunning	NA
3	912	773	in	NA
3	913	774	this	NA
3	914	775	way?	NA
3	915	775	way?	NA
3	916	776	No,	NA
3	917	776	No,	NA
3	918	777	no!	NA
3	919	777	no!	NA
3	920	778	You	NA
3	921	779	shall	NA
3	922	780	stay	NA
3	923	781	in	NA
3	924	782	the	it
3	925	783	earth	it
3	926	784	till	NA
3	927	785	you	NA
3	928	786	die	NA
3	929	787	of	NA
3	930	788	hunger!'	NA
3	931	788	hunger!'	NA
3	932	789	So	NA
3	933	790	they	NA
3	934	791	shut	NA
3	935	792	up	NA
3	936	793	the	NA
3	937	794	little	NA
3	938	795	bird	NA
3	939	796	in	NA
3	940	797	the	NA
3	941	798	mouse's	NA
3	942	798	mouse's	NA
3	943	799	hole	NA
3	944	800	that	NA
3	945	801	the	NA
3	946	802	mouse	NA
3	947	803	gave	NA
3	948	804	up	NA
3	949	805	most	NA
3	950	806	unwillingly,	NA
3	951	806	unwillingly,	NA
3	952	806	unwillingly,	NA
3	953	806	unwillingly,	NA
3	954	807	and	NA
3	955	808	bade	NA
3	956	808	bade	NA
3	957	809	the	NA
3	958	810	owl	NA
3	959	811	watch	NA
3	960	812	him	NA
3	961	813	carefully	NA
3	962	814	night	NA
3	963	815	and	NA
3	964	816	day.	NA
3	965	816	day.	NA
3	966	817	Then	NA
3	967	818	all	NA
3	968	819	the	NA
3	969	820	birds	NA
3	970	821	went	NA
3	971	822	home	NA
3	972	823	to	NA
3	973	824	bed,	NA
3	974	824	bed,	NA
3	975	825	for	NA
3	976	826	they	NA
3	977	827	were	NA
3	978	828	very	NA
3	979	829	tired,	NA
3	980	829	tired,	NA
3	981	830	but	NA
3	982	831	the	NA
3	983	832	owl	NA
3	984	833	assigned	NA
3	985	834	by	NA
3	986	835	the	NA
3	987	836	birds	NA
3	988	837	to	NA
3	989	838	stand	NA
3	990	839	guard	NA
3	991	840	found	NA
3	992	841	his	NA
3	993	842	job	NA
3	994	843	was	NA
3	995	844	lonely	NA
3	996	845	and	NA
3	997	846	wearisome	NA
3	998	846	wearisome	NA
3	999	846	wearisome	NA
3	1000	847	because	NA
3	1001	848	he	NA
3	1002	849	was	NA
3	1003	850	just	NA
3	1004	851	sitting	NA
3	1005	852	alone	NA
3	1006	853	staring	NA
3	1007	854	at	NA
3	1008	855	the	NA
3	1009	856	mouse's	NA
3	1010	856	mouse's	NA
3	1011	857	hole.	NA
3	1012	857	hole.	NA
3	1013	858	'I	NA
3	1014	858	'I	NA
3	1015	859	can	NA
3	1016	860	close	NA
3	1017	861	one	NA
3	1018	862	eye	NA
3	1019	863	and	NA
3	1020	864	watch	NA
3	1021	865	with	NA
3	1022	866	the	NA
3	1023	867	other,'	NA
3	1024	867	other,'	NA
3	1025	868	he	NA
3	1026	869	thought.	NA
3	1027	869	thought.	NA
3	1028	870	So	NA
3	1029	871	he	NA
3	1030	872	closed	NA
3	1031	873	one	NA
3	1032	874	eye	NA
3	1033	875	and	NA
3	1034	876	stared	NA
3	1035	877	steadfastly	NA
3	1036	877	steadfastly	NA
3	1037	878	with	NA
3	1038	879	the	NA
3	1039	880	other,	NA
3	1040	880	other,	NA
3	1041	881	but	NA
3	1042	882	before	NA
3	1043	883	he	NA
3	1044	884	knew	NA
3	1045	885	it	NA
3	1046	886	he	NA
3	1047	887	forgot	NA
3	1048	888	to	NA
3	1049	889	keep	NA
3	1050	890	that	NA
3	1051	891	one	NA
3	1052	892	open,	NA
3	1053	892	open,	NA
3	1054	893	and	NA
3	1055	894	both	NA
3	1056	895	eyes	NA
3	1057	896	were	NA
3	1058	897	fast	NA
3	1059	898	asleep.	NA
3	1060	898	asleep.	NA
3	1061	899	Then	NA
3	1062	900	the	NA
3	1063	901	little	NA
3	1064	902	bird	NA
3	1065	903	guarded	NA
3	1066	904	by	NA
3	1067	905	the	NA
3	1068	906	owl	NA
3	1069	907	peeped	NA
3	1070	907	peeped	NA
3	1071	907	peeped	NA
3	1072	908	out,	NA
3	1073	908	out,	NA
3	1074	909	and	NA
3	1075	910	when	NA
3	1076	911	he	NA
3	1077	912	saw	NA
3	1078	913	the	NA
3	1079	914	owl's	NA
3	1080	914	owl's	NA
3	1081	915	two	NA
3	1082	916	eyes	NA
3	1083	917	tight	NA
3	1084	918	shut,	NA
3	1085	918	shut,	NA
3	1086	919	he	NA
3	1087	920	slipped	NA
3	1088	921	from	NA
3	1089	922	the	NA
3	1090	923	hole	NA
3	1091	924	and	NA
3	1092	925	flew	NA
3	1093	926	away.	NA
3	1094	926	away.	NA
3	1095	927	He	NA
3	1096	928	wanted	NA
3	1097	929	to	NA
3	1098	930	shout,	NA
3	1099	930	shout,	NA
3	1100	931	'I	NA
3	1101	931	'I	NA
3	1102	932	am	NA
3	1103	933	king'	NA
3	1104	933	king'	NA
3	1105	934	so	NA
3	1106	935	that	NA
3	1107	936	the	NA
3	1108	937	owl	NA
3	1109	938	could	NA
3	1110	939	hear	NA
3	1111	940	him	NA
3	1112	941	as	NA
3	1113	942	he	NA
3	1114	943	flew,	NA
3	1115	943	flew,	NA
3	1116	944	but	NA
3	1117	945	thought	NA
3	1118	946	better	NA
3	1119	947	of	NA
3	1120	948	it.	NA
3	1121	948	it.	NA
3	1122	949	From	NA
3	1123	950	this	NA
3	1124	951	time	NA
3	1125	952	on,	NA
3	1126	952	on,	NA
3	1127	953	the	NA
3	1128	954	owl	NA
3	1129	955	fooled	NA
3	1130	956	by	NA
3	1131	957	the	NA
3	1132	958	little	NA
3	1133	959	bird	NA
3	1134	960	has	NA
3	1135	961	not	NA
3	1136	962	dared	NA
3	1137	963	to	NA
3	1138	964	show	NA
3	1139	965	himself	NA
3	1140	966	by	NA
3	1141	967	day	NA
3	1142	968	for	NA
3	1143	969	fear	NA
3	1144	970	the	they
3	1145	971	birds	they
3	1146	972	should	NA
3	1147	973	beat	NA
3	1148	974	the	NA
3	1149	975	living	NA
3	1150	976	daylights	NA
3	1151	976	daylights	NA
3	1152	977	out	NA
3	1153	978	of	NA
3	1154	979	him.	NA
3	1155	979	him.	NA
3	1156	980	He	NA
3	1157	981	flies	NA
3	1158	982	about	NA
3	1159	983	only	NA
3	1160	984	at	NA
3	1161	985	nighttime,	NA
3	1162	985	nighttime,	NA
3	1163	986	hating	NA
3	1164	987	and	NA
3	1165	988	pursuing	NA
3	1166	989	not	NA
3	1167	990	the	NA
3	1168	991	bird,	NA
3	1169	991	bird,	NA
3	1170	992	but	NA
3	1171	993	the	NA
3	1172	994	mouse	NA
3	1173	995	for	NA
3	1174	996	having	NA
3	1175	997	made	NA
3	1176	998	the	NA
3	1177	999	hole	NA
3	1178	1000	into	NA
3	1179	1001	which	NA
3	1180	1002	the	NA
3	1181	1003	little	NA
3	1182	1004	bird	NA
3	1183	1005	crept.	NA
3	1184	1005	crept.	NA
3	1185	1006	And	NA
3	1186	1007	the	NA
3	1187	1008	little	NA
3	1188	1009	bird	NA
3	1189	1010	also	NA
3	1190	1011	keeps	NA
3	1191	1012	out	NA
3	1192	1013	of	NA
3	1193	1014	sight,	NA
3	1194	1014	sight,	NA
3	1195	1015	for	NA
3	1196	1016	he	NA
3	1197	1017	fears	NA
3	1198	1018	that	NA
3	1199	1019	the	they
3	1200	1020	other	they
3	1201	1021	birds	they
3	1202	1022	should	NA
3	1203	1023	punish	NA
3	1204	1024	him	NA
3	1205	1025	for	NA
3	1206	1026	his	NA
3	1207	1027	cunning.	NA
3	1208	1027	cunning.	NA
3	1209	1028	The	NA
3	1210	1029	rejection	NA
3	1211	1030	by	NA
3	1212	1031	the	NA
3	1213	1032	other	NA
3	1214	1033	birds	NA
3	1215	1034	was	NA
3	1216	1035	a	NA
3	1217	1036	bitter	NA
3	1218	1037	pill	NA
3	1219	1038	to	NA
3	1220	1039	swallow	NA
3	1221	1040	for	NA
3	1222	1041	the	NA
3	1223	1042	nameless	NA
3	1224	1042	nameless	NA
3	1225	1043	bird	NA
3	1226	1044	the	NA
3	1227	1045	owl	NA
3	1228	1046	had	NA
3	1229	1047	let	NA
3	1230	1048	slip	NA
3	1231	1049	away.	NA
3	1232	1049	away.	NA
3	1233	1050	He	NA
3	1234	1051	hides	NA
3	1235	1052	in	NA
3	1236	1053	the	them,
3	1237	1054	hedges,	them,
3	1238	1054	hedges,	them,
3	1239	1054	hedges,	them,
3	1240	1055	and	NA
3	1241	1056	when	NA
3	1242	1057	he	NA
3	1243	1058	thinks	NA
3	1244	1059	himself	NA
3	1245	1060	quite	NA
3	1246	1061	safe,	NA
3	1247	1061	safe,	NA
3	1248	1062	he	NA
3	1249	1063	sings	NA
3	1250	1064	out,	NA
3	1251	1064	out,	NA
3	1252	1065	'I	NA
3	1253	1065	'I	NA
3	1254	1066	am	NA
3	1255	1067	king,	NA
3	1256	1067	king,	NA
3	1257	1068	I	NA
3	1258	1069	am	NA
3	1259	1070	king!'	NA
3	1260	1070	king!'	NA
3	1261	1071	And	NA
3	1262	1072	the	NA
3	1263	1073	other	NA
3	1264	1074	birds	NA
3	1265	1075	in	NA
3	1266	1076	mockery	NA
3	1267	1077	call	NA
3	1268	1078	out,	NA
3	1269	1078	out,	NA
3	1270	1079	'Yes,	NA
3	1271	1079	'Yes,	NA
3	1272	1079	'Yes,	NA
3	1273	1080	yes,	NA
3	1274	1080	yes,	NA
3	1275	1081	the	NA
3	1276	1082	hedge-king,	NA
3	1277	1082	hedge-king,	NA
3	1278	1082	hedge-king,	NA
3	1279	1082	hedge-king,	NA
3	1280	1083	the	NA
3	1281	1084	hedge-king!'	NA
3	1282	1084	hedge-king!'	NA
3	1283	1084	hedge-king!'	NA
3	1284	1084	hedge-king!'	NA
4	0	0	At	NA
4	1	1	ten	NA
4	2	2	years	NA
4	3	3	old,	NA
4	4	3	old,	NA
4	5	4	I	NA
4	6	5	could	NA
4	7	6	not	NA
4	8	7	figure	NA
4	9	8	out	NA
4	10	9	what	NA
4	11	10	it	NA
4	12	11	was	NA
4	13	12	that	NA
4	14	13	this	NA
4	15	14	Elvis	NA
4	16	15	Presley	NA
4	17	15	Presley	NA
4	18	16	guy	NA
4	19	17	had	NA
4	20	18	that	NA
4	21	19	the	NA
4	22	20	rest	NA
4	23	21	of	NA
4	24	22	us	NA
4	25	23	boys	NA
4	26	24	did	NA
4	27	25	not	NA
4	28	26	have.	NA
4	29	26	have.	NA
4	30	27	He	NA
4	31	28	seemed	NA
4	32	29	to	NA
4	33	30	be	NA
4	34	31	no	NA
4	35	32	different	NA
4	36	33	from	NA
4	37	34	the	NA
4	38	35	rest	NA
4	39	36	of	NA
4	40	37	us.	NA
4	41	37	us.	NA
4	42	38	He	NA
4	43	39	was	NA
4	44	40	simply	NA
4	45	41	a	NA
4	46	42	man	NA
4	47	43	who	NA
4	48	44	had	NA
4	49	45	a	NA
4	50	46	head,	NA
4	51	46	head,	NA
4	52	47	two	NA
4	53	48	arms	NA
4	54	49	and	NA
4	55	50	two	NA
4	56	51	legs.	NA
4	57	51	legs.	NA
4	58	52	It	NA
4	59	53	must	NA
4	60	54	have	NA
4	61	55	been	NA
4	62	56	something	NA
4	63	57	pretty	NA
4	64	58	superlative	NA
4	65	58	superlative	NA
4	66	58	superlative	NA
4	67	59	that	NA
4	68	60	he	NA
4	69	61	had	NA
4	70	62	hidden	NA
4	71	63	away,	NA
4	72	63	away,	NA
4	73	64	because	NA
4	74	65	he	NA
4	75	66	had	NA
4	76	67	every	them
4	77	68	young	them
4	78	69	girl	them
4	79	70	at	them
4	80	71	the	them
4	81	72	orphanage	them
4	82	72	orphanage	them
4	83	73	wrapped	NA
4	84	74	around	NA
4	85	75	his	his.
4	86	76	little	his.
4	87	77	finger.	his.
4	88	77	finger.	his.
4	89	78	At	NA
4	90	79	about	it,
4	91	80	nine	it,
4	92	81	o'clock	it,
4	93	81	o'clock	it,
4	94	81	o'clock	it,
4	95	82	on	it,
4	96	83	Saturday	it,
4	97	84	morning,	it,
4	98	84	morning,	it,
4	99	85	I	NA
4	100	86	figured	NA
4	101	87	a	it
4	102	88	good	it
4	103	89	solution	it
4	104	90	was	NA
4	105	91	to	NA
4	106	92	ask	NA
4	107	93	Eugene	NA
4	108	94	Correthers,	NA
4	109	94	Correthers,	NA
4	110	94	Correthers,	NA
4	111	94	Correthers,	NA
4	112	94	Correthers,	NA
4	113	95	who	NA
4	114	96	was	NA
4	115	97	one	NA
4	116	98	of	NA
4	117	99	the	NA
4	118	100	older	NA
4	119	101	and	NA
4	120	102	smarter	NA
4	121	103	boys,	NA
4	122	103	boys,	NA
4	123	104	what	NA
4	124	105	it	NA
4	125	106	was	NA
4	126	107	that	NA
4	127	108	made	NA
4	128	109	this	NA
4	129	110	Elvis	NA
4	130	111	guy	NA
4	131	112	so	NA
4	132	113	special.	NA
4	133	113	special.	NA
4	134	114	He	NA
4	135	115	told	NA
4	136	116	me	NA
4	137	117	that	NA
4	138	118	it	NA
4	139	119	was	NA
4	140	120	not	NA
4	141	121	anything	NA
4	142	122	about	NA
4	143	123	Elvis's	NA
4	144	123	Elvis's	NA
4	145	124	personality,	NA
4	146	124	personality,	NA
4	147	125	but	NA
4	148	126	his	his,
4	149	127	wavy	his,
4	150	127	wavy	his,
4	151	128	hair,	his,
4	152	128	hair,	his,
4	153	129	and	NA
4	154	130	the	it.
4	155	131	way	it.
4	156	132	he	it.
4	157	133	moved	it.
4	158	134	his	it.
4	159	135	body.	it.
4	160	135	body.	it.
4	161	136	About	It,
4	162	137	a	It,
4	163	138	half	It,
4	164	139	an	It,
4	165	140	hour	It,
4	166	141	later,	It,
4	167	141	later,	It,
4	168	142	the	NA
4	169	143	boys	NA
4	170	144	in	NA
4	171	145	the	NA
4	172	146	orphanage	NA
4	173	146	orphanage	NA
4	174	147	called	NA
4	175	148	down	NA
4	176	149	to	NA
4	177	150	the	it
4	178	151	main	it
4	179	152	dining	it
4	180	153	room	it
4	181	154	by	NA
4	182	155	the	NA
4	183	156	matron	NA
4	184	156	matron	NA
4	185	157	were	NA
4	186	158	told	NA
4	187	159	that	NA
4	188	160	they	NA
4	189	161	were	NA
4	190	162	all	NA
4	191	163	going	NA
4	192	164	to	NA
4	193	165	downtown	NA
4	194	166	Jacksonville,	NA
4	195	166	Jacksonville,	NA
4	196	167	Florida	NA
4	197	168	to	NA
4	198	169	get	NA
4	199	170	a	NA
4	200	171	new	NA
4	201	172	pair	NA
4	202	173	of	NA
4	203	174	Buster	NA
4	204	175	Brown	NA
4	205	176	shoes	NA
4	206	177	and	NA
4	207	178	a	NA
4	208	179	haircut.	NA
4	209	179	haircut.	NA
4	210	180	That	NA
4	211	181	is	NA
4	212	182	when	NA
4	213	183	I	NA
4	214	184	got	NA
4	215	185	this	it.
4	216	186	big	it.
4	217	187	idea,	it.
4	218	187	idea,	it.
4	219	188	which	it.
4	220	189	hit	it.
4	221	190	me	it.
4	222	191	like	it.
4	223	192	a	it.
4	224	193	ton	it.
4	225	194	of	it.
4	226	195	bricks.	it.
4	227	195	bricks.	it.
4	228	196	If	NA
4	229	197	the	NA
4	230	198	Elvis	NA
4	231	199	haircut	NA
4	232	200	was	NA
4	233	201	the	NA
4	234	202	big	NA
4	235	203	secret,	NA
4	236	203	secret,	NA
4	237	204	then	NA
4	238	205	Elvis's	NA
4	239	205	Elvis's	NA
4	240	206	haircut	NA
4	241	207	I	NA
4	242	208	was	NA
4	243	209	going	NA
4	244	210	to	NA
4	245	211	get.	NA
4	246	211	get.	NA
4	247	212	I	NA
4	248	213	was	NA
4	249	214	going	NA
4	250	215	to	NA
4	251	216	have	NA
4	252	217	my	NA
4	253	218	day	NA
4	254	219	in	NA
4	255	220	the	NA
4	256	221	sun,	NA
4	257	221	sun,	NA
4	258	222	and	NA
4	259	223	all	NA
4	260	224	the	NA
4	261	225	way	NA
4	262	226	to	NA
4	263	227	town	NA
4	264	228	that	NA
4	265	229	was	NA
4	266	230	all	NA
4	267	231	I	NA
4	268	232	talked	NA
4	269	233	about.	NA
4	270	233	about.	NA
4	271	234	The	It,
4	272	235	fact	It,
4	273	236	that	It,
4	274	237	I	It,
4	275	238	was	It,
4	276	239	getting	It,
4	277	240	an	It,
4	278	241	Elvis	It,
4	279	242	haircut,	It,
4	280	242	haircut,	It,
4	281	243	not	NA
4	282	244	just	NA
4	283	245	the	it,
4	284	246	simple	it,
4	285	247	fact	it,
4	286	248	that	it,
4	287	249	we	it,
4	288	250	were	it,
4	289	251	getting	it,
4	290	252	out	it,
4	291	253	of	it,
4	292	254	the	it,
4	293	255	orphanage,	it,
4	294	255	orphanage,	it,
4	295	255	orphanage,	it,
4	296	256	made	NA
4	297	257	me	NA
4	298	258	particularly	NA
4	299	259	loquacious.	NA
4	300	259	loquacious.	NA
4	301	259	loquacious.	NA
4	302	259	loquacious.	NA
4	303	260	I	NA
4	304	261	told	NA
4	305	262	everybody,	them,
4	306	262	everybody,	them,
4	307	263	including	them,
4	308	264	the	them,
4	309	265	orphanage	them,
4	310	265	orphanage	them,
4	311	266	matron	them,
4	312	266	matron	them,
4	313	267	I	them,
4	314	268	normally	them,
4	315	269	feared,	them,
4	316	269	feared,	them,
4	317	270	that	NA
4	318	271	I	NA
4	319	272	was	NA
4	320	273	going	NA
4	321	274	to	NA
4	322	275	look	NA
4	323	276	just	NA
4	324	277	like	NA
4	325	278	Elvis	NA
4	326	279	Presley	NA
4	327	279	Presley	NA
4	328	280	and	NA
4	329	281	that	NA
4	330	282	I	NA
4	331	283	would	NA
4	332	284	learn	NA
4	333	285	to	NA
4	334	286	move	NA
4	335	287	around	NA
4	336	288	just	NA
4	337	289	like	NA
4	338	290	he	NA
4	339	291	did	NA
4	340	292	and	NA
4	341	293	that	NA
4	342	294	I	NA
4	343	295	would	NA
4	344	296	be	NA
4	345	297	rich	NA
4	346	298	and	NA
4	347	299	famous	NA
4	348	300	one	NA
4	349	301	day,	NA
4	350	301	day,	NA
4	351	302	just	NA
4	352	303	like	NA
4	353	304	him.	NA
4	354	304	him.	NA
4	355	305	The	NA
4	356	306	matron	NA
4	357	306	matron	NA
4	358	307	understood	NA
4	359	308	my	NA
4	360	309	idea	NA
4	361	310	was	NA
4	362	311	something	NA
4	363	312	that	NA
4	364	313	I	NA
4	365	314	was	NA
4	366	315	really	NA
4	367	316	excited	NA
4	368	317	about	NA
4	369	318	and	NA
4	370	319	said	NA
4	371	320	nothing.	NA
4	372	320	nothing.	NA
4	373	321	When	NA
4	374	322	I	NA
4	375	323	got	NA
4	376	324	my	NA
4	377	325	new	NA
4	378	326	Buster	NA
4	379	327	Brown	NA
4	380	328	shoes,	NA
4	381	328	shoes,	NA
4	382	329	I	NA
4	383	330	was	NA
4	384	331	smiling	NA
4	385	332	from	NA
4	386	333	ear	NA
4	387	334	to	NA
4	388	335	ear.	it.
4	389	335	ear.	it.
4	390	336	Those	NA
4	391	337	shoes,	NA
4	392	337	shoes,	NA
4	393	338	they	NA
4	394	339	shined	NA
4	395	339	shined	NA
4	396	340	really	NA
4	397	341	brightly,	NA
4	398	341	brightly,	NA
4	399	342	and	NA
4	400	343	I	NA
4	401	344	liked	NA
4	402	345	looking	NA
4	403	346	at	NA
4	404	347	the	NA
4	405	348	bones	NA
4	406	349	in	NA
4	407	350	my	NA
4	408	351	feet,	NA
4	409	351	feet,	NA
4	410	352	which	NA
4	411	353	I	NA
4	412	354	had	NA
4	413	355	never	NA
4	414	356	seen	NA
4	415	357	before,	NA
4	416	357	before,	NA
4	417	358	through	NA
4	418	359	a	it.
4	419	360	special	it.
4	420	361	x-ray	it.
4	421	361	x-ray	it.
4	422	361	x-ray	it.
4	423	362	machine	it.
4	424	363	they	it.
4	425	364	had	it.
4	426	365	in	it.
4	427	366	the	it.
4	428	367	shoe	it.
4	429	368	store	it.
4	430	369	that	it.
4	431	370	made	it.
4	432	371	the	it.
4	433	372	bones	it.
4	434	373	in	it.
4	435	374	your	it.
4	436	375	feet	it.
4	437	376	look	it.
4	438	377	green.	it.
4	439	377	green.	it.
4	440	378	I	NA
4	441	379	was	NA
4	442	380	now	NA
4	443	381	almost	NA
4	444	382	ready	NA
4	445	383	to	NA
4	446	384	go	NA
4	447	385	back	NA
4	448	386	to	NA
4	449	387	the	NA
4	450	388	orphanage	NA
4	451	388	orphanage	NA
4	452	389	and	NA
4	453	390	practice	NA
4	454	391	being	NA
4	455	392	like	NA
4	456	393	the	him,
4	457	394	man	him,
4	458	395	who	him,
4	459	396	all	him,
4	460	397	the	him,
4	461	398	girls	him,
4	462	399	loved,	him,
4	463	399	loved,	him,
4	464	400	since	NA
4	465	401	I	NA
4	466	402	had	NA
4	467	403	my	them.
4	468	404	new	them.
4	469	405	Buster	them.
4	470	406	Brown	them.
4	471	407	shoes.	them.
4	472	407	shoes.	them.
4	473	408	It	NA
4	474	409	was	NA
4	475	410	the	NA
4	476	411	new	NA
4	477	412	haircut,	NA
4	478	412	haircut,	NA
4	479	413	though,	NA
4	480	413	though,	NA
4	481	414	that	NA
4	482	415	I	NA
4	483	416	needed	NA
4	484	417	to	NA
4	485	418	complete	NA
4	486	419	my	it.
4	487	420	new	it.
4	488	421	look.	it.
4	489	421	look.	it.
4	490	422	We	NA
4	491	423	finally	NA
4	492	424	arrived	NA
4	493	425	at	NA
4	494	426	the	NA
4	495	427	unassuming,	NA
4	496	427	unassuming,	NA
4	497	427	unassuming,	NA
4	498	428	unembellished	NA
4	499	428	unembellished	NA
4	500	428	unembellished	NA
4	501	428	unembellished	NA
4	502	429	barbershop,	NA
4	503	429	barbershop,	NA
4	504	429	barbershop,	NA
4	505	429	barbershop,	NA
4	506	430	where	NA
4	507	431	they	NA
4	508	432	cut	NA
4	509	433	our	NA
4	510	434	hair	NA
4	511	435	for	NA
4	512	436	free	NA
4	513	437	because	NA
4	514	438	we	NA
4	515	439	were	NA
4	516	440	orphans.	NA
4	517	440	orphans.	NA
4	518	441	Even	NA
4	519	442	though	NA
4	520	443	we	NA
4	521	444	were	NA
4	522	445	supposed	NA
4	523	446	to	NA
4	524	447	slowly	NA
4	525	448	wait	NA
4	526	449	to	NA
4	527	450	be	NA
4	528	451	called,	NA
4	529	451	called,	NA
4	530	452	I	NA
4	531	453	ran	NA
4	532	454	straight	NA
4	533	455	up	NA
4	534	456	to	NA
4	535	457	one	NA
4	536	458	of	NA
4	537	459	the	them
4	538	460	barber	them
4	539	460	barber	them
4	540	461	chairs	them
4	541	462	and	NA
4	542	463	climbed	NA
4	543	464	up	NA
4	544	465	onto	NA
4	545	466	the	it.
4	546	467	board	it.
4	547	468	the	it.
4	548	469	barber	it.
4	549	469	barber	it.
4	550	470	placed	it.
4	551	471	across	it.
4	552	472	the	it.
4	553	473	arms	it.
4	554	474	to	it.
4	555	475	make	it.
4	556	476	me	it.
4	557	477	sit	it.
4	558	478	up	it.
4	559	479	higher.	it.
4	560	479	higher.	it.
4	561	480	I	NA
4	562	481	looked	NA
4	563	482	at	NA
4	564	483	the	NA
4	565	484	man	NA
4	566	485	and	NA
4	567	486	said,	NA
4	568	486	said,	NA
4	569	487	with	NA
4	570	488	a	it,
4	571	489	beaming	it,
4	572	489	beaming	it,
4	573	490	smile	it,
4	574	491	on	it,
4	575	492	my	it,
4	576	493	face,	it,
4	577	493	face,	it,
4	578	494	'I	NA
4	579	494	'I	NA
4	580	495	want	NA
4	581	496	an	NA
4	582	497	Elvis	NA
4	583	498	haircut.	NA
4	584	498	haircut.	NA
4	585	499	Can	NA
4	586	500	you	NA
4	587	501	make	NA
4	588	502	my	NA
4	589	503	hair	NA
4	590	504	like	NA
4	591	505	Elvis's?'	NA
4	592	505	Elvis's?'	NA
4	593	505	Elvis's?'	NA
4	594	506	I	NA
4	595	507	asked.	NA
4	596	507	asked.	NA
4	597	508	The	NA
4	598	509	barber,	NA
4	599	509	barber,	NA
4	600	509	barber,	NA
4	601	510	who	NA
4	602	511	was	NA
4	603	512	a	NA
4	604	513	genial	NA
4	605	513	genial	NA
4	606	514	young	NA
4	607	515	man,	NA
4	608	515	man,	NA
4	609	516	grinned	NA
4	610	517	back	NA
4	611	518	at	NA
4	612	519	me	NA
4	613	520	and	NA
4	614	521	said	NA
4	615	522	that	NA
4	616	523	he	NA
4	617	524	would	NA
4	618	525	try	NA
4	619	526	his	NA
4	620	527	best.	NA
4	621	527	best.	NA
4	622	528	I	NA
4	623	529	was	NA
4	624	530	so	NA
4	625	531	happy	NA
4	626	532	when	NA
4	627	533	he	NA
4	628	534	started	NA
4	629	535	to	NA
4	630	536	cut	NA
4	631	537	my	NA
4	632	538	hair,	NA
4	633	538	hair,	NA
4	634	539	but	NA
4	635	540	just	NA
4	636	541	as	NA
4	637	542	he	NA
4	638	543	started	NA
4	639	544	to	NA
4	640	545	cut,	NA
4	641	545	cut,	NA
4	642	546	the	NA
4	643	547	matron,	NA
4	644	547	matron,	NA
4	645	547	matron,	NA
4	646	548	who	NA
4	647	549	had	NA
4	648	550	been	NA
4	649	551	watching	NA
4	650	552	me	NA
4	651	553	and	NA
4	652	554	had	NA
4	653	555	a	it,
4	654	556	look	it,
4	655	557	as	it,
4	656	558	cold	it,
4	657	559	as	it,
4	658	560	ice,	it,
4	659	560	ice,	it,
4	660	561	motioned	NA
4	661	561	motioned	NA
4	662	562	for	NA
4	663	563	him	NA
4	664	564	to	NA
4	665	565	come	NA
4	666	566	over	NA
4	667	567	to	NA
4	668	568	where	NA
4	669	569	she	NA
4	670	570	was	NA
4	671	571	standing.	NA
4	672	571	standing.	NA
4	673	572	She	NA
4	674	573	whispered	NA
4	675	574	something	NA
4	676	575	into	NA
4	677	576	his	his
4	678	577	ear	his
4	679	578	that	NA
4	680	579	caused	NA
4	681	580	the	NA
4	682	581	barber	NA
4	683	581	barber	NA
4	684	582	to	NA
4	685	583	shake	NA
4	686	584	his	his,
4	687	585	head,	his,
4	688	585	head,	his,
4	689	586	like	NA
4	690	587	he	NA
4	691	588	was	NA
4	692	589	telling	NA
4	693	590	her,	NA
4	694	590	her,	NA
4	695	591	'No'.	NA
4	696	591	'No'.	NA
4	697	591	'No'.	NA
4	698	592	In	NA
4	699	593	response,	NA
4	700	593	response,	NA
4	701	594	the	NA
4	702	595	matron	NA
4	703	595	matron	NA
4	704	596	walked	NA
4	705	597	over	NA
4	706	598	to	NA
4	707	599	a	NA
4	708	600	little	NA
4	709	601	man	NA
4	710	602	sitting	NA
4	711	603	in	NA
4	712	604	an	NA
4	713	605	office	NA
4	714	606	chair	NA
4	715	607	that	NA
4	716	608	squeaked	NA
4	717	608	squeaked	NA
4	718	609	as	NA
4	719	610	it	NA
4	720	611	rolled	NA
4	721	612	around	NA
4	722	613	the	NA
4	723	614	floor	NA
4	724	615	and	NA
4	725	616	spoke	NA
4	726	617	to	NA
4	727	618	him.	NA
4	728	618	him.	NA
4	729	619	It	NA
4	730	620	was	NA
4	731	621	the	NA
4	732	622	little	NA
4	733	623	man	NA
4	734	624	who	NA
4	735	625	then	NA
4	736	626	walked	NA
4	737	627	over	NA
4	738	628	and	NA
4	739	629	said	NA
4	740	630	something	NA
4	741	631	to	NA
4	742	632	the	NA
4	743	633	man	NA
4	744	634	who	NA
4	745	635	was	NA
4	746	636	cutting	NA
4	747	637	my	NA
4	748	638	hair.	NA
4	749	638	hair.	NA
4	750	639	The	It,
4	751	640	next	It,
4	752	641	thing	It,
4	753	642	I	It,
4	754	643	knew,	It,
4	755	643	knew,	It,
4	756	644	the	NA
4	757	645	man	NA
4	758	646	who	NA
4	759	647	was	NA
4	760	648	cutting	NA
4	761	649	my	NA
4	762	650	hair	NA
4	763	651	told	NA
4	764	652	me	NA
4	765	653	that	NA
4	766	654	he	NA
4	767	655	was	NA
4	768	656	no	NA
4	769	657	longer	NA
4	770	658	allowed	NA
4	771	659	to	NA
4	772	660	give	NA
4	773	661	me	NA
4	774	662	an	NA
4	775	663	Elvis	NA
4	776	664	cut.	NA
4	777	664	cut.	NA
4	778	665	'Why	NA
4	779	665	'Why	NA
4	780	666	not?'	NA
4	781	666	not?'	NA
4	782	667	I	NA
4	783	668	cried	NA
4	784	669	desperately.	NA
4	785	669	desperately.	NA
4	786	670	The	NA
4	787	671	kindly	NA
4	788	672	barber	NA
4	789	672	barber	NA
4	790	673	stopped	NA
4	791	674	by	NA
4	792	675	the	NA
4	793	676	matron	NA
4	794	676	matron	NA
4	795	677	did	NA
4	796	678	not	NA
4	797	679	answer,	NA
4	798	679	answer,	NA
4	799	680	but	NA
4	800	681	from	NA
4	801	682	his	NA
4	802	683	expression,	NA
4	803	683	expression,	NA
4	804	684	I	NA
4	805	685	could	NA
4	806	686	tell	NA
4	807	687	that	NA
4	808	688	he	NA
4	809	689	wished	NA
4	810	690	he	NA
4	811	691	could	NA
4	812	692	cut	NA
4	813	693	it	NA
4	814	694	as	NA
4	815	695	I	NA
4	816	696	had	NA
4	817	697	asked.	NA
4	818	697	asked.	NA
4	819	698	Within	NA
4	820	699	a	NA
4	821	700	few	NA
4	822	701	minutes,	NA
4	823	701	minutes,	NA
4	824	702	it	NA
4	825	703	wasn't	NA
4	826	703	wasn't	NA
4	827	704	an	NA
4	828	705	Elvis	NA
4	829	706	haircut,	NA
4	830	706	haircut,	NA
4	831	707	but	NA
4	832	708	a	NA
4	833	709	short	NA
4	834	710	buzz	NA
4	835	711	cut	NA
4	836	712	that	NA
4	837	713	the	NA
4	838	714	barber	NA
4	839	714	barber	NA
4	840	715	had	NA
4	841	716	given	NA
4	842	717	me.	NA
4	843	717	me.	NA
4	844	718	When	NA
4	845	719	he	NA
4	846	720	finished	NA
4	847	721	shaving	NA
4	848	722	off	NA
4	849	723	all	NA
4	850	724	my	NA
4	851	725	hair	NA
4	852	726	and	NA
4	853	727	made	NA
4	854	728	me	NA
4	855	729	smell	NA
4	856	730	real	NA
4	857	731	good	NA
4	858	732	with	NA
4	859	733	his	it,
4	860	734	powder,	it,
4	861	734	powder,	it,
4	862	735	the	NA
4	863	736	barber	NA
4	864	736	barber	NA
4	865	737	handed	NA
4	866	738	me	NA
4	867	739	a	NA
4	868	740	nickel	NA
4	869	741	and	NA
4	870	742	told	NA
4	871	743	me	NA
4	872	744	to	NA
4	873	745	go	NA
4	874	746	outside	NA
4	875	747	to	NA
4	876	748	the	it
4	877	749	snack	it
4	878	750	machine	it
4	879	751	and	NA
4	880	752	buy	NA
4	881	753	myself	NA
4	882	754	a	it.
4	883	755	candy	it.
4	884	756	bar.	it.
4	885	756	bar.	it.
4	886	757	I	NA
4	887	758	handed	NA
4	888	759	him	NA
4	889	760	the	NA
4	890	761	nickel	NA
4	891	762	back	NA
4	892	763	and	NA
4	893	764	told	NA
4	894	765	him	NA
4	895	766	that	NA
4	896	767	I	NA
4	897	768	was	NA
4	898	769	not	NA
4	899	770	hungry.	NA
4	900	770	hungry.	NA
4	901	771	'I'm	NA
4	902	771	'I'm	NA
4	903	771	'I'm	NA
4	904	772	so	NA
4	905	773	sorry,	NA
4	906	773	sorry,	NA
4	907	774	baby,'	NA
4	908	774	baby,'	NA
4	909	775	he	NA
4	910	776	said,	NA
4	911	776	said,	NA
4	912	777	as	NA
4	913	778	I	NA
4	914	779	climbed	NA
4	915	780	out	NA
4	916	781	of	NA
4	917	782	his	it.
4	918	783	barber	it.
4	919	783	barber	it.
4	920	784	chair.	it.
4	921	784	chair.	it.
4	922	785	'I	NA
4	923	785	'I	NA
4	924	786	am	NA
4	925	787	not	NA
4	926	788	a	it,'
4	927	789	baby,'	it,'
4	928	789	baby,'	it,'
4	929	790	I	NA
4	930	791	said,	NA
4	931	791	said,	NA
4	932	792	as	NA
4	933	793	I	NA
4	934	794	wiped	NA
4	935	795	the	them
4	936	796	tears	them
4	937	797	from	NA
4	938	798	my	my.
4	939	799	eyes.	my.
4	940	799	eyes.	my.
4	941	800	I	NA
4	942	801	then	NA
4	943	802	sat	NA
4	944	803	down	NA
4	945	804	on	NA
4	946	805	the	NA
4	947	806	floor	NA
4	948	807	and	NA
4	949	808	brushed	NA
4	950	809	away	NA
4	951	810	the	NA
4	952	811	hair	NA
4	953	812	that	NA
4	954	813	had	NA
4	955	814	accumulated	NA
4	956	815	on	NA
4	957	816	my	NA
4	958	817	shiny	NA
4	959	818	new	NA
4	960	819	Buster	NA
4	961	820	Brown	NA
4	962	821	shoes.	NA
4	963	821	shoes.	NA
4	964	822	My	NA
4	965	823	head	NA
4	966	824	was	NA
4	967	825	no	NA
4	968	826	longer	NA
4	969	827	in	NA
4	970	828	the	them,
4	971	829	clouds,	them,
4	972	829	clouds,	them,
4	973	830	and	NA
4	974	831	I	NA
4	975	832	got	NA
4	976	833	up	NA
4	977	834	off	NA
4	978	835	the	NA
4	979	836	floor,	NA
4	980	836	floor,	NA
4	981	837	brushed	NA
4	982	838	off	NA
4	983	839	my	my,
4	984	840	short	my,
4	985	841	pants,	my,
4	986	841	pants,	my,
4	987	842	and	NA
4	988	843	walked	NA
4	989	844	sullenly	NA
4	990	844	sullenly	NA
4	991	844	sullenly	NA
4	992	844	sullenly	NA
4	993	845	towards	NA
4	994	846	the	it.
4	995	847	door.	it.
4	996	847	door.	it.
4	997	848	The	NA
4	998	849	matron	NA
4	999	849	matron	NA
4	1000	850	was	NA
4	1001	851	smiling	NA
4	1002	852	at	NA
4	1003	853	me	NA
4	1004	854	sort	NA
4	1005	855	of	NA
4	1006	856	funny	NA
4	1007	857	like.	NA
4	1008	857	like.	NA
4	1009	858	The	NA
4	1010	859	barber	NA
4	1011	859	barber	NA
4	1012	860	upset	NA
4	1013	861	by	NA
4	1014	862	the	NA
4	1015	863	matron	NA
4	1016	863	matron	NA
4	1017	864	said	NA
4	1018	865	to	NA
4	1019	866	her,	NA
4	1020	866	her,	NA
4	1021	867	'You	NA
4	1022	867	'You	NA
4	1023	868	are	NA
4	1024	869	just	NA
4	1025	870	a	NA
4	1026	871	damn	NA
4	1027	872	bitch,	NA
4	1028	872	bitch,	NA
4	1029	873	lady.'	NA
4	1030	873	lady.'	NA
4	1031	874	She	NA
4	1032	875	yelled	NA
4	1033	876	back	NA
4	1034	877	at	NA
4	1035	878	him	NA
4	1036	879	at	NA
4	1037	880	the	NA
4	1038	881	top	NA
4	1039	882	of	NA
4	1040	883	her	her,
4	1041	884	lungs,	her,
4	1042	884	lungs,	her,
4	1043	885	before	NA
4	1044	886	walking	NA
4	1045	887	toward	NA
4	1046	888	the	it,
4	1047	889	office,	it,
4	1048	889	office,	it,
4	1049	890	as	NA
4	1050	891	fast	NA
4	1051	892	as	NA
4	1052	893	she	NA
4	1053	894	could.	NA
4	1054	894	could.	NA
4	1055	895	To	NA
4	1056	896	show	NA
4	1057	897	his	his,
4	1058	898	anger,	his,
4	1059	898	anger,	his,
4	1060	899	the	NA
4	1061	900	man	NA
4	1062	901	hit	NA
4	1063	902	the	it
4	1064	903	wall	it
4	1065	904	with	NA
4	1066	905	his	his
4	1067	906	hand	his
4	1068	907	and	NA
4	1069	908	then	NA
4	1070	909	walked	NA
4	1071	910	outside	NA
4	1072	911	where	NA
4	1073	912	he	NA
4	1074	913	stood	NA
4	1075	914	against	NA
4	1076	915	the	it,
4	1077	916	brick	it,
4	1078	917	wall,	it,
4	1079	917	wall,	it,
4	1080	918	smoking	NA
4	1081	919	a	it.
4	1082	920	cigarette.	it.
4	1083	920	cigarette.	it.
4	1084	921	I	NA
4	1085	922	understood	NA
4	1086	923	right	NA
4	1087	924	there	NA
4	1088	925	my	NA
4	1089	926	haircut	NA
4	1090	927	was	NA
4	1091	928	something	NA
4	1092	929	that	NA
4	1093	930	had	NA
4	1094	931	been	NA
4	1095	932	out	NA
4	1096	933	of	NA
4	1097	934	the	NA
4	1098	935	power	NA
4	1099	936	of	NA
4	1100	937	the	NA
4	1101	938	barber	NA
4	1102	938	barber	NA
4	1103	939	and	NA
4	1104	940	then	NA
4	1105	941	I	NA
4	1106	942	slowly	NA
4	1107	943	walked	NA
4	1108	944	outside	NA
4	1109	945	to	NA
4	1110	946	join	NA
4	1111	947	the	NA
4	1112	948	man.	NA
4	1113	948	man.	NA
4	1114	949	He	NA
4	1115	950	looked	NA
4	1116	951	down,	NA
4	1117	951	down,	NA
4	1118	952	smiled	NA
4	1119	953	at	NA
4	1120	954	me,	NA
4	1121	954	me,	NA
4	1122	955	then	NA
4	1123	956	he	NA
4	1124	957	patted	NA
4	1125	957	patted	NA
4	1126	958	me	NA
4	1127	959	on	NA
4	1128	960	the	it
4	1129	961	top	it
4	1130	962	of	it
4	1131	963	my	it
4	1132	964	bald	it
4	1133	965	as	NA
4	1134	966	a	it.
4	1135	967	coot	it.
4	1136	967	coot	it.
4	1137	968	head.	it.
4	1138	968	head.	it.
4	1139	969	It	NA
4	1140	970	was	NA
4	1141	971	a	NA
4	1142	972	fact	NA
4	1143	973	of	NA
4	1144	974	my	NA
4	1145	975	life	NA
4	1146	976	that	NA
4	1147	977	I	NA
4	1148	978	was	NA
4	1149	979	not	NA
4	1150	980	gonna	NA
4	1151	981	have	NA
4	1152	982	hair	NA
4	1153	983	that	NA
4	1154	984	was	NA
4	1155	985	anything	NA
4	1156	986	like	NA
4	1157	987	Elvis's	NA
4	1158	987	Elvis's	NA
4	1159	988	anytime	NA
4	1160	989	soon.	NA
4	1161	989	soon.	NA
4	1162	990	I	NA
4	1163	991	then	NA
4	1164	992	looked	NA
4	1165	993	up	NA
4	1166	994	at	NA
4	1167	995	the	NA
4	1168	996	barber	NA
4	1169	996	barber	NA
4	1170	997	with	NA
4	1171	998	my	them
4	1172	999	wet	them
4	1173	1000	red	them
4	1174	1001	eyes	them
4	1175	1002	and	NA
4	1176	1003	asked,	NA
4	1177	1003	asked,	NA
4	1178	1004	'Do	NA
4	1179	1004	'Do	NA
4	1180	1005	you	NA
4	1181	1006	know	NA
4	1182	1007	if	NA
4	1183	1008	Elvis	NA
4	1184	1009	Presley	NA
4	1185	1009	Presley	NA
4	1186	1010	has	NA
4	1187	1011	green	them?'
4	1188	1012	bones?'	them?'
4	1189	1012	bones?'	them?'
5	0	0	This	NA
5	1	1	is	NA
5	2	2	a	NA
5	3	3	story	NA
5	4	4	of	NA
5	5	5	how	NA
5	6	6	Mr.	NA
5	7	6	Mr.	NA
5	8	7	Sticky	NA
5	9	7	Sticky	NA
5	10	8	got	NA
5	11	9	in	NA
5	12	10	Abby's	NA
5	13	10	Abby's	NA
5	14	11	fish	NA
5	15	12	tank.	NA
5	16	12	tank.	NA
5	17	13	'He's	NA
5	18	13	'He's	NA
5	19	13	'He's	NA
5	20	14	very	NA
5	21	15	small,'	NA
5	22	15	small,'	NA
5	23	16	Abby's	NA
5	24	16	Abby's	NA
5	25	17	mom	NA
5	26	18	said	NA
5	27	19	as	NA
5	28	20	she	NA
5	29	21	peered	NA
5	30	21	peered	NA
5	31	22	at	NA
5	32	23	the	NA
5	33	24	tiny	NA
5	34	25	water	NA
5	35	26	snail.	NA
5	36	26	snail.	NA
5	37	27	Abby	NA
5	38	28	said	NA
5	39	29	that	NA
5	40	30	he	NA
5	41	31	would	NA
5	42	32	grow	NA
5	43	33	and	NA
5	44	34	then	NA
5	45	35	pulled	NA
5	46	36	her	NA
5	47	37	pajama	NA
5	48	37	pajama	NA
5	49	37	pajama	NA
5	50	38	bottoms	NA
5	51	38	bottoms	NA
5	52	39	up	NA
5	53	40	again	NA
5	54	41	before	NA
5	55	42	she	NA
5	56	43	got	NA
5	57	44	into	NA
5	58	45	bed,	NA
5	59	45	bed,	NA
5	60	46	for	NA
5	61	47	they	NA
5	62	48	were	NA
5	63	49	always	NA
5	64	50	falling	NA
5	65	51	down.	NA
5	66	51	down.	NA
5	67	52	Usually,	NA
5	68	52	Usually,	NA
5	69	53	Abby's	NA
5	70	53	Abby's	NA
5	71	54	mom	NA
5	72	55	got	NA
5	73	56	up	NA
5	74	57	at	NA
5	75	58	the	NA
5	76	59	crack	NA
5	77	60	of	NA
5	78	61	dawn,	NA
5	79	61	dawn,	NA
5	80	62	but	NA
5	81	63	it	NA
5	82	64	was	NA
5	83	65	Abby	NA
5	84	66	who	NA
5	85	67	jumped	NA
5	86	68	out	NA
5	87	69	of	NA
5	88	70	bed	NA
5	89	71	first	NA
5	90	72	the	she
5	91	73	next	she
5	92	74	morning	she
5	93	75	and	NA
5	94	76	switched	NA
5	95	77	on	NA
5	96	78	the	NA
5	97	79	light	NA
5	98	80	in	NA
5	99	81	her	NA
5	100	82	fish	NA
5	101	83	tank,	NA
5	102	83	tank,	NA
5	103	84	which	NA
5	104	85	contained	NA
5	105	86	three	NA
5	106	87	fish.	NA
5	107	87	fish.	NA
5	108	88	At	NA
5	109	89	first,	NA
5	110	89	first,	NA
5	111	90	she	NA
5	112	91	could	NA
5	113	92	see	NA
5	114	93	neither	NA
5	115	94	hide	NA
5	116	95	nor	NA
5	117	96	hair	NA
5	118	97	of	NA
5	119	98	the	NA
5	120	99	snail,	NA
5	121	99	snail,	NA
5	122	100	but	NA
5	123	101	then	NA
5	124	102	she	NA
5	125	103	spotted	NA
5	126	104	him.	NA
5	127	104	him.	NA
5	128	105	It	NA
5	129	106	had	NA
5	130	107	taken	NA
5	131	108	Abby	NA
5	132	109	a	NA
5	133	110	while	NA
5	134	111	to	NA
5	135	112	find	NA
5	136	113	Sticky	NA
5	137	113	Sticky	NA
5	138	114	because	NA
5	139	115	he	NA
5	140	116	was	NA
5	141	117	clinging	NA
5	142	118	to	NA
5	143	119	the	NA
5	144	120	glass	NA
5	145	121	near	NA
5	146	122	the	NA
5	147	123	bottom,	NA
5	148	123	bottom,	NA
5	149	124	right	NA
5	150	125	next	NA
5	151	126	to	NA
5	152	127	the	NA
5	153	128	gravel.	NA
5	154	128	gravel.	NA
5	155	129	At	NA
5	156	130	school	NA
5	157	131	that	NA
5	158	132	day,	NA
5	159	132	day,	NA
5	160	133	Abby,	NA
5	161	133	Abby,	NA
5	162	134	encouraged	NA
5	163	135	by	NA
5	164	136	her	NA
5	165	137	teacher,	NA
5	166	137	teacher,	NA
5	167	138	wrote	NA
5	168	139	excitedly	NA
5	169	139	excitedly	NA
5	170	140	about	NA
5	171	141	the	NA
5	172	142	small	NA
5	173	143	and	NA
5	174	144	mysterious	NA
5	175	145	Mr.	NA
5	176	145	Mr.	NA
5	177	146	Sticky,	NA
5	178	146	Sticky,	NA
5	179	146	Sticky,	NA
5	180	147	who	NA
5	181	148	you	NA
5	182	149	could	NA
5	183	150	mistake	NA
5	184	151	for	NA
5	185	152	a	NA
5	186	153	piece	NA
5	187	154	of	NA
5	188	155	gravel.	NA
5	189	155	gravel.	NA
5	190	156	He	NA
5	191	157	seemed	NA
5	192	158	an	NA
5	193	159	ideal	NA
5	194	160	pet	NA
5	195	161	for	NA
5	196	162	her,	NA
5	197	162	her,	NA
5	198	163	some	NA
5	199	164	of	NA
5	200	165	the	NA
5	201	166	girls	NA
5	202	167	in	NA
5	203	168	her	NA
5	204	169	class	NA
5	205	170	teased,	NA
5	206	170	teased,	NA
5	207	171	because	NA
5	208	172	Abby	NA
5	209	173	was	NA
5	210	174	also	NA
5	211	175	very	NA
5	212	176	small.	NA
5	213	176	small.	NA
5	214	177	That	NA
5	215	178	evening,	NA
5	216	178	evening,	NA
5	217	179	Abby	NA
5	218	180	turned	NA
5	219	181	on	NA
5	220	182	the	NA
5	221	183	light	NA
5	222	184	and	NA
5	223	185	found	NA
5	224	186	Mr.	NA
5	225	186	Mr.	NA
5	226	187	Sticky	NA
5	227	187	Sticky	NA
5	228	188	clinging	NA
5	229	189	to	NA
5	230	190	the	NA
5	231	191	pond	NA
5	232	192	weed	NA
5	233	193	and	NA
5	234	194	bobbing	NA
5	235	194	bobbing	NA
5	236	195	about	NA
5	237	196	in	NA
5	238	197	the	NA
5	239	198	air	NA
5	240	199	bubbles.	NA
5	241	199	bubbles.	NA
5	242	200	'That	NA
5	243	200	'That	NA
5	244	201	looks	NA
5	245	202	fun!'	NA
5	246	202	fun!'	NA
5	247	203	Abby	NA
5	248	204	exclaimed.	NA
5	249	204	exclaimed.	NA
5	250	205	She	NA
5	251	206	tried	NA
5	252	207	to	NA
5	253	208	imagine	NA
5	254	209	what	NA
5	255	210	it	NA
5	256	211	must	NA
5	257	212	be	NA
5	258	213	like	NA
5	259	214	to	NA
5	260	215	have	NA
5	261	216	to	NA
5	262	217	hang	NA
5	263	218	on	NA
5	264	219	to	NA
5	265	220	things	NA
5	266	221	all	NA
5	267	222	day	NA
5	268	223	and	NA
5	269	224	decided	NA
5	270	225	the	NA
5	271	226	answer	NA
5	272	227	was	NA
5	273	228	that	NA
5	274	229	it	NA
5	275	230	was	NA
5	276	231	probably	NA
5	277	232	very	NA
5	278	233	tiring.	NA
5	279	233	tiring.	NA
5	280	233	tiring.	NA
5	281	234	Abby	NA
5	282	235	told	NA
5	283	236	her	NA
5	284	237	mom	NA
5	285	238	that	NA
5	286	239	she	NA
5	287	240	thought	NA
5	288	241	Sticky	NA
5	289	241	Sticky	NA
5	290	242	had	NA
5	291	243	grown	NA
5	292	244	a	NA
5	293	245	bit	NA
5	294	246	the	NA
5	295	247	next	NA
5	296	248	day	NA
5	297	249	at	NA
5	298	250	breakfast.	NA
5	299	250	breakfast.	NA
5	300	251	'Just	NA
5	301	251	'Just	NA
5	302	252	as	NA
5	303	253	well	NA
5	304	254	if	NA
5	305	255	he's	NA
5	306	255	he's	NA
5	307	256	going	NA
5	308	257	to	NA
5	309	258	be	NA
5	310	259	gobbled	NA
5	311	259	gobbled	NA
5	312	260	up	NA
5	313	261	like	NA
5	314	262	that,'	NA
5	315	262	that,'	NA
5	316	263	her	NA
5	317	264	mom	NA
5	318	265	responded	NA
5	319	266	who	NA
5	320	267	was	NA
5	321	268	busy	NA
5	322	269	preparing	NA
5	323	270	breakfast.	NA
5	324	270	breakfast.	NA
5	325	271	Abby	NA
5	326	272	whined	NA
5	327	272	whined	NA
5	328	273	that	NA
5	329	274	she	NA
5	330	275	didn't	NA
5	331	275	didn't	NA
5	332	276	want	NA
5	333	277	him	NA
5	334	278	to	NA
5	335	279	get	NA
5	336	280	too	NA
5	337	281	big	NA
5	338	282	or	NA
5	339	283	he	NA
5	340	284	wouldn't	NA
5	341	284	wouldn't	NA
5	342	285	be	NA
5	343	286	cute	NA
5	344	287	anymore.	NA
5	345	287	anymore.	NA
5	346	288	'Small	'They,
5	347	288	'Small	'They,
5	348	289	things,	'They,
5	349	289	things,	'They,
5	350	290	not	NA
5	351	291	big	NA
5	352	292	things,	NA
5	353	292	things,	NA
5	354	293	are	NA
5	355	294	cute,	NA
5	356	294	cute,	NA
5	357	295	right?'	NA
5	358	295	right?'	NA
5	359	296	she	NA
5	360	297	asked,	NA
5	361	297	asked,	NA
5	362	298	half	NA
5	363	299	to	NA
5	364	300	herself.	NA
5	365	300	herself.	NA
5	366	301	The	It,
5	367	302	next	It,
5	368	303	day	It,
5	369	304	in	It,
5	370	305	art	It,
5	371	306	class,	It,
5	372	306	class,	It,
5	373	307	Abby	NA
5	374	308	needed	NA
5	375	309	two	NA
5	376	310	pieces	NA
5	377	311	of	NA
5	378	312	paper	NA
5	379	313	that	NA
5	380	314	were	NA
5	381	315	very	NA
5	382	316	expensive,	NA
5	383	316	expensive,	NA
5	384	317	to	NA
5	385	318	draw	NA
5	386	319	an	NA
5	387	320	elephant,	NA
5	388	320	elephant,	NA
5	389	321	but	NA
5	390	322	the	NA
5	391	323	teacher	NA
5	392	324	didn't	NA
5	393	324	didn't	NA
5	394	325	mind	NA
5	395	326	Abby	NA
5	396	327	using	NA
5	397	328	the	NA
5	398	329	expensive	NA
5	399	330	paper	NA
5	400	331	because	NA
5	401	332	she	NA
5	402	333	was	NA
5	403	334	pleased	NA
5	404	335	with	NA
5	405	336	the	NA
5	406	337	drawing	NA
5	407	338	and	NA
5	408	339	wanted	NA
5	409	340	it	NA
5	410	341	on	NA
5	411	342	the	it.
5	412	343	wall.	it.
5	413	343	wall.	it.
5	414	344	The	NA
5	415	345	teacher,	NA
5	416	345	teacher,	NA
5	417	346	who	NA
5	418	347	was	NA
5	419	348	always	NA
5	420	349	very	NA
5	421	350	encouraging,	NA
5	422	350	encouraging,	NA
5	423	351	remarked	NA
5	424	352	that	NA
5	425	353	the	NA
5	426	354	drawing	NA
5	427	355	Abby	NA
5	428	356	had	NA
5	429	357	made	NA
5	430	358	was	NA
5	431	359	very	NA
5	432	360	creative	NA
5	433	361	and	NA
5	434	362	beamed	NA
5	435	362	beamed	NA
5	436	363	at	NA
5	437	364	Abby,	NA
5	438	364	Abby,	NA
5	439	365	giving	NA
5	440	366	her	NA
5	441	367	the	NA
5	442	368	seal	NA
5	443	369	of	NA
5	444	370	approval.	NA
5	445	370	approval.	NA
5	446	371	Back	NA
5	447	372	at	NA
5	448	373	home,	NA
5	449	373	home,	NA
5	450	374	Mom,	NA
5	451	374	Mom,	NA
5	452	375	convinced	NA
5	453	376	by	NA
5	454	377	Abby	NA
5	455	378	to	NA
5	456	379	clean	NA
5	457	380	out	NA
5	458	381	the	NA
5	459	382	tank,	NA
5	460	382	tank,	NA
5	461	383	was	NA
5	462	384	cleaning	NA
5	463	385	with	NA
5	464	386	a	NA
5	465	387	special	NA
5	466	388	vacuum,	NA
5	467	388	vacuum,	NA
5	468	389	or	NA
5	469	390	'hoover'.	NA
5	470	390	'hoover'.	NA
5	471	390	'hoover'.	NA
5	472	390	'hoover'.	NA
5	473	390	'hoover'.	NA
5	474	391	'Where's	NA
5	475	391	'Where's	NA
5	476	391	'Where's	NA
5	477	392	Mr.	NA
5	478	392	Mr.	NA
5	479	393	Sticky?'	NA
5	480	393	Sticky?'	NA
5	481	393	Sticky?'	NA
5	482	394	Abby	NA
5	483	395	asked	NA
5	484	396	first	NA
5	485	397	thing	NA
5	486	398	when	NA
5	487	399	she	NA
5	488	400	came	NA
5	489	401	home	NA
5	490	402	from	NA
5	491	403	school.	NA
5	492	403	school.	NA
5	493	404	'On	NA
5	494	404	'On	NA
5	495	405	the	it,'
5	496	406	side,'	it,'
5	497	406	side,'	it,'
5	498	407	Mom	NA
5	499	408	replied.	NA
5	500	408	replied.	NA
5	501	409	And	NA
5	502	410	then	NA
5	503	411	she	NA
5	504	412	added,	NA
5	505	412	added,	NA
5	506	413	'Don't	NA
5	507	413	'Don't	NA
5	508	413	'Don't	NA
5	509	414	worry.	NA
5	510	414	worry.	NA
5	511	415	I	NA
5	512	416	went	NA
5	513	417	extra	NA
5	514	418	slowly	NA
5	515	419	since	NA
5	516	420	it's	NA
5	517	420	it's	NA
5	518	421	better	NA
5	519	422	to	NA
5	520	423	be	NA
5	521	424	safe	NA
5	522	425	than	NA
5	523	426	sorry.'	NA
5	524	426	sorry.'	NA
5	525	427	Abby	NA
5	526	428	looked	NA
5	527	429	on	NA
5	528	430	all	them,
5	529	431	sides	them,
5	530	432	of	them,
5	531	433	the	them,
5	532	434	tank,	them,
5	533	434	tank,	them,
5	534	435	but	NA
5	535	436	there	NA
5	536	437	was	NA
5	537	438	no	NA
5	538	439	sign	NA
5	539	440	of	NA
5	540	441	the	NA
5	541	442	water	NA
5	542	443	snail	NA
5	543	444	that	NA
5	544	445	she	NA
5	545	446	had	NA
5	546	447	discovered	NA
5	547	448	a	NA
5	548	449	couple	NA
5	549	450	of	NA
5	550	451	days	NA
5	551	452	ago.	NA
5	552	452	ago.	NA
5	553	453	She	NA
5	554	454	was	NA
5	555	455	very	NA
5	556	456	sad.	NA
5	557	456	sad.	NA
5	558	457	Her	NA
5	559	458	mom	NA
5	560	459	said	NA
5	561	460	to	NA
5	562	461	wait	NA
5	563	462	a	it
5	564	463	few	it
5	565	464	hours	it
5	566	465	until	NA
5	567	466	the	NA
5	568	467	water	NA
5	569	468	clears	NA
5	570	469	to	NA
5	571	470	take	NA
5	572	471	another	it.
5	573	472	careful	it.
5	574	473	look.	it.
5	575	473	look.	it.
5	576	474	That	NA
5	577	475	evening,	NA
5	578	475	evening,	NA
5	579	476	Abby	NA
5	580	477	went	NA
5	581	478	up	NA
5	582	479	to	NA
5	583	480	her	NA
5	584	481	bedroom	NA
5	585	482	to	NA
5	586	483	check	NA
5	587	484	the	NA
5	588	485	tank	NA
5	589	486	again.	NA
5	590	486	again.	NA
5	591	487	The	NA
5	592	488	water	NA
5	593	489	had	NA
5	594	490	settled	NA
5	595	491	and	NA
5	596	492	looked	NA
5	597	493	clear,	NA
5	598	493	clear,	NA
5	599	494	but	NA
5	600	495	Abby	NA
5	601	496	could	NA
5	602	497	not	NA
5	603	498	see	NA
5	604	499	Mr.	NA
5	605	499	Mr.	NA
5	606	500	Sticky.	NA
5	607	500	Sticky.	NA
5	608	500	Sticky.	NA
5	609	501	Abby	NA
5	610	502	kneeled	NA
5	611	502	kneeled	NA
5	612	503	down	NA
5	613	504	to	NA
5	614	505	have	NA
5	615	506	another	NA
5	616	507	look	NA
5	617	508	in	NA
5	618	509	the	NA
5	619	510	tank	NA
5	620	511	that	NA
5	621	512	her	NA
5	622	513	mom	NA
5	623	514	had	NA
5	624	515	cleared	NA
5	625	516	so	NA
5	626	517	thoroughly,	NA
5	627	517	thoroughly,	NA
5	628	518	but	NA
5	629	519	Mr.	NA
5	630	519	Mr.	NA
5	631	520	Sticky	NA
5	632	520	Sticky	NA
5	633	521	was	NA
5	634	522	still	NA
5	635	523	nowhere	NA
5	636	524	to	NA
5	637	525	be	NA
5	638	526	found.	NA
5	639	526	found.	NA
5	640	527	Abby	NA
5	641	528	was	NA
5	642	529	a	it
5	643	530	bundle	it
5	644	531	of	it
5	645	532	nerves	it
5	646	533	as	NA
5	647	534	she	NA
5	648	535	descended	NA
5	649	536	the	them.
5	650	537	stairs.	them.
5	651	537	stairs.	them.
5	652	538	In	NA
5	653	539	the	it,
5	654	540	study,	it,
5	655	540	study,	it,
5	656	541	surrounded	NA
5	657	542	by	NA
5	658	543	books	them
5	659	544	and	NA
5	660	545	papers,	them,
5	661	545	papers,	them,
5	662	546	her	NA
5	663	547	mom	NA
5	664	548	was	NA
5	665	549	working	NA
5	666	550	and	NA
5	667	551	she	NA
5	668	552	looked	NA
5	669	553	impatient	NA
5	670	554	when	NA
5	671	555	she	NA
5	672	556	saw	NA
5	673	557	Abby	NA
5	674	558	in	NA
5	675	559	the	it
5	676	560	doorway	it
5	677	561	and	NA
5	678	562	even	NA
5	679	563	more	NA
5	680	564	worried	NA
5	681	565	when	NA
5	682	566	she	NA
5	683	567	heard	NA
5	684	568	the	NA
5	685	569	bad	NA
5	686	570	news.	NA
5	687	570	news.	NA
5	688	571	'He'll	NA
5	689	571	'He'll	NA
5	690	571	'He'll	NA
5	691	572	turn	NA
5	692	573	up,'	NA
5	693	573	up,'	NA
5	694	574	Mom	NA
5	695	575	said,	NA
5	696	575	said,	NA
5	697	576	and	NA
5	698	577	that	NA
5	699	578	was	NA
5	700	579	that.	NA
5	701	579	that.	NA
5	702	580	Then,	NA
5	703	580	Then,	NA
5	704	581	to	NA
5	705	582	add	NA
5	706	583	fuel	NA
5	707	584	to	NA
5	708	585	the	NA
5	709	586	flames,	NA
5	710	586	flames,	NA
5	711	587	she	NA
5	712	588	raised	NA
5	713	589	her	NA
5	714	590	tone	NA
5	715	591	of	NA
5	716	592	voice	NA
5	717	593	and	NA
5	718	594	said	NA
5	719	595	dismissively,	NA
5	720	595	dismissively,	NA
5	721	595	dismissively,	NA
5	722	596	'For	NA
5	723	596	'For	NA
5	724	597	the	NA
5	725	598	time	NA
5	726	599	being,	NA
5	727	599	being,	NA
5	728	600	go	NA
5	729	601	to	NA
5	730	602	bed,	it,
5	731	602	bed,	it,
5	732	603	Abby.	NA
5	733	603	Abby.	NA
5	734	604	I've	NA
5	735	604	I've	NA
5	736	605	got	NA
5	737	606	masses	it
5	738	607	of	it
5	739	608	work	it
5	740	609	to	NA
5	741	610	catch	NA
5	742	611	up	NA
5	743	612	on.'	NA
5	744	612	on.'	NA
5	745	613	Abby	NA
5	746	614	had	NA
5	747	615	a	NA
5	748	616	quick	NA
5	749	617	temper	NA
5	750	618	and	NA
5	751	619	she	NA
5	752	620	was	NA
5	753	621	angry	NA
5	754	622	as	NA
5	755	623	hell.	NA
5	756	623	hell.	NA
5	757	624	'You've	NA
5	758	624	'You've	NA
5	759	624	'You've	NA
5	760	625	hoovered	NA
5	761	625	hoovered	NA
5	762	626	him	NA
5	763	627	up,	NA
5	764	627	up,	NA
5	765	628	haven't	NA
5	766	628	haven't	NA
5	767	629	you?'	NA
5	768	629	you?'	NA
5	769	630	she	NA
5	770	631	said	NA
5	771	632	accusingly.	NA
5	772	632	accusingly.	NA
5	773	632	accusingly.	NA
5	774	633	Abby's	NA
5	775	633	Abby's	NA
5	776	634	mom	NA
5	777	635	denied	NA
5	778	636	Abby's	NA
5	779	636	Abby's	NA
5	780	637	version	NA
5	781	638	of	NA
5	782	639	the	NA
5	783	640	story	NA
5	784	641	was	NA
5	785	642	true	NA
5	786	643	and	NA
5	787	644	said	NA
5	788	645	that	NA
5	789	646	she	NA
5	790	647	was	NA
5	791	648	careful,	NA
5	792	648	careful,	NA
5	793	649	but	NA
5	794	650	because	NA
5	795	651	Mr.	NA
5	796	651	Mr.	NA
5	797	652	Sticky	NA
5	798	652	Sticky	NA
5	799	653	was	NA
5	800	654	so	NA
5	801	655	small	NA
5	802	656	he	NA
5	803	657	was	NA
5	804	658	hard	NA
5	805	659	to	NA
5	806	660	see.	NA
5	807	660	see.	NA
5	808	661	'What's	NA
5	809	661	'What's	NA
5	810	661	'What's	NA
5	811	662	wrong	NA
5	812	663	with	NA
5	813	664	being	NA
5	814	665	small?'	NA
5	815	665	small?'	NA
5	816	666	'Nothing	NA
5	817	666	'Nothing	NA
5	818	667	at	NA
5	819	668	all,	NA
5	820	668	all,	NA
5	821	669	but	NA
5	822	670	it	NA
5	823	671	makes	NA
5	824	672	things	NA
5	825	673	hard	NA
5	826	674	to	NA
5	827	675	find.'	NA
5	828	675	find.'	NA
5	829	676	'Or	NA
5	830	676	'Or	NA
5	831	677	notice,'	NA
5	832	677	notice,'	NA
5	833	678	Abby	NA
5	834	679	said,	NA
5	835	679	said,	NA
5	836	680	suddenly	NA
5	837	681	feeling	NA
5	838	682	like	NA
5	839	683	the	NA
5	840	684	small,	NA
5	841	684	small,	NA
5	842	685	overlooked	NA
5	843	686	Mr.	NA
5	844	686	Mr.	NA
5	845	687	Sticky	NA
5	846	687	Sticky	NA
5	847	688	herself	NA
5	848	689	and	NA
5	849	690	storming	NA
5	850	690	storming	NA
5	851	691	from	NA
5	852	692	the	NA
5	853	693	room.	NA
5	854	693	room.	NA
5	855	694	The	NA
5	856	695	door	NA
5	857	696	to	NA
5	858	697	the	NA
5	859	698	bedroom	NA
5	860	699	opened	NA
5	861	700	a	NA
5	862	701	few	NA
5	863	702	minutes	NA
5	864	703	later	NA
5	865	704	and	NA
5	866	705	Mom's	NA
5	867	705	Mom's	NA
5	868	706	face	NA
5	869	707	appeared.	NA
5	870	707	appeared.	NA
5	871	708	She	NA
5	872	709	was	NA
5	873	710	there	NA
5	874	711	to	NA
5	875	712	try	NA
5	876	713	to	NA
5	877	714	make	NA
5	878	715	up	NA
5	879	716	for	NA
5	880	717	having	NA
5	881	718	been	NA
5	882	719	insensitive	NA
5	883	720	earlier.	NA
5	884	720	earlier.	NA
5	885	721	She	NA
5	886	722	had	NA
5	887	723	put	NA
5	888	724	her	NA
5	889	725	work	NA
5	890	726	on	NA
5	891	727	the	NA
5	892	728	back	NA
5	893	729	burner	NA
5	894	730	and	NA
5	895	731	occupied	NA
5	896	732	herself	NA
5	897	733	with	NA
5	898	734	Sticky.	NA
5	899	734	Sticky.	NA
5	900	734	Sticky.	NA
5	901	735	Abby,	NA
5	902	735	Abby,	NA
5	903	736	who	NA
5	904	737	was	NA
5	905	738	breathing	NA
5	906	739	fire	NA
5	907	740	all	NA
5	908	741	on	NA
5	909	742	account	NA
5	910	743	of	NA
5	911	744	the	NA
5	912	745	little	NA
5	913	746	snail,	NA
5	914	746	snail,	NA
5	915	747	tried	NA
5	916	748	to	NA
5	917	749	ignore	NA
5	918	750	her,	NA
5	919	750	her,	NA
5	920	751	but	NA
5	921	752	it	NA
5	922	753	was	NA
5	923	754	hard	NA
5	924	755	when	NA
5	925	756	Mom	NA
5	926	757	walked	NA
5	927	758	over	NA
5	928	759	to	NA
5	929	760	the	NA
5	930	761	bed	NA
5	931	762	and	NA
5	932	763	sat	NA
5	933	764	next	NA
5	934	765	to	NA
5	935	766	her.	NA
5	936	766	her.	NA
5	937	767	Mom,	NA
5	938	767	Mom,	NA
5	939	768	who	NA
5	940	769	Abby	NA
5	941	770	still	NA
5	942	771	strained	NA
5	943	772	to	NA
5	944	773	remain	NA
5	945	774	upset	NA
5	946	775	with,	NA
5	947	775	with,	NA
5	948	776	had	NA
5	949	777	gone	NA
5	950	778	out	NA
5	951	779	to	NA
5	952	780	find	NA
5	953	781	her	NA
5	954	782	glasses	NA
5	955	783	in	NA
5	956	784	order	NA
5	957	785	to	NA
5	958	786	search	NA
5	959	787	for	NA
5	960	788	Sticky	NA
5	961	788	Sticky	NA
5	962	789	more	NA
5	963	790	effectively.	NA
5	964	790	effectively.	NA
5	965	791	'This	NA
5	966	791	'This	NA
5	967	792	is	NA
5	968	793	my	NA
5	969	794	new	NA
5	970	795	and	NA
5	971	796	extra	NA
5	972	797	powerful	NA
5	973	798	pair	NA
5	974	799	I	NA
5	975	800	have	NA
5	976	801	for	NA
5	977	802	important	NA
5	978	803	occasions	NA
5	979	804	like	NA
5	980	805	snail	NA
5	981	806	hunting,'	NA
5	982	806	hunting,'	NA
5	983	807	she	NA
5	984	808	said.	NA
5	985	808	said.	NA
5	986	809	She	NA
5	987	810	smiled	NA
5	988	811	at	NA
5	989	812	Abby,	NA
5	990	812	Abby,	NA
5	991	813	trying	NA
5	992	814	to	NA
5	993	815	butter	NA
5	994	816	her	NA
5	995	817	up,	NA
5	996	817	up,	NA
5	997	818	but	NA
5	998	819	Abby	NA
5	999	820	didn't	NA
5	1000	820	didn't	NA
5	1001	821	smile	NA
5	1002	822	back.	NA
5	1003	822	back.	NA
5	1004	823	Abby	NA
5	1005	824	believed	NA
5	1006	825	her	NA
5	1007	826	mom's	NA
5	1008	826	mom's	NA
5	1009	827	idea	NA
5	1010	828	would	NA
5	1011	829	not	NA
5	1012	830	succeed,	NA
5	1013	830	succeed,	NA
5	1014	831	but	NA
5	1015	832	then	NA
5	1016	833	she	NA
5	1017	834	had	NA
5	1018	835	an	NA
5	1019	836	idea	NA
5	1020	837	of	NA
5	1021	838	her	NA
5	1022	839	own.	NA
5	1023	839	own.	NA
5	1024	840	'I've	NA
5	1025	840	'I've	NA
5	1026	840	'I've	NA
5	1027	841	got	NA
5	1028	842	a	NA
5	1029	843	magnifying	NA
5	1030	843	magnifying	NA
5	1031	844	glass,'	NA
5	1032	844	glass,'	NA
5	1033	845	Abby	NA
5	1034	846	suddenly	NA
5	1035	847	remembered	NA
5	1036	848	and	NA
5	1037	849	rushed	NA
5	1038	850	off	NA
5	1039	851	to	NA
5	1040	852	find	NA
5	1041	853	it.	NA
5	1042	853	it.	NA
5	1043	854	On	NA
5	1044	855	the	NA
5	1045	856	floor	NA
5	1046	857	beside	NA
5	1047	858	each	NA
5	1048	859	other	NA
5	1049	860	they	NA
5	1050	861	sat,	NA
5	1051	861	sat,	NA
5	1052	862	shuffling	NA
5	1053	862	shuffling	NA
5	1054	863	around	NA
5	1055	864	the	NA
5	1056	865	tank,	NA
5	1057	865	tank,	NA
5	1058	866	looking	NA
5	1059	867	all	NA
5	1060	868	over	NA
5	1061	869	the	NA
5	1062	870	place	NA
5	1063	871	and	NA
5	1064	872	peering	NA
5	1065	872	peering	NA
5	1066	873	into	NA
5	1067	874	the	NA
5	1068	875	corners	NA
5	1069	876	among	NA
5	1070	877	the	them
5	1071	878	big	them
5	1072	879	pebbles	them
5	1073	879	pebbles	them
5	1074	879	pebbles	them
5	1075	880	and	NA
5	1076	881	the	NA
5	1077	882	pond	it
5	1078	883	weed.	NA
5	1079	883	weed.	NA
5	1080	884	Abby	NA
5	1081	885	tried	NA
5	1082	886	to	NA
5	1083	887	imagine,	NA
5	1084	887	imagine,	NA
5	1085	888	if	NA
5	1086	889	she	NA
5	1087	890	were	NA
5	1088	891	Sticky,	NA
5	1089	891	Sticky,	NA
5	1090	891	Sticky,	NA
5	1091	892	a	NA
5	1092	893	little	NA
5	1093	894	water	NA
5	1094	895	snail,	NA
5	1095	895	snail,	NA
5	1096	896	where	NA
5	1097	897	would	NA
5	1098	898	she	NA
5	1099	899	hide	NA
5	1100	900	out?	NA
5	1101	900	out?	NA
5	1102	901	At	NA
5	1103	902	one	NA
5	1104	903	point	NA
5	1105	904	she	NA
5	1106	905	thought	NA
5	1107	906	she	NA
5	1108	907	saw	NA
5	1109	908	him,	NA
5	1110	908	him,	NA
5	1111	909	but	NA
5	1112	910	it	NA
5	1113	911	wasn't	NA
5	1114	911	wasn't	NA
5	1115	912	the	NA
5	1116	913	water	NA
5	1117	914	snail.	NA
5	1118	914	snail.	NA
5	1119	915	It	NA
5	1120	916	was	NA
5	1121	917	a	it.
5	1122	918	large	it.
5	1123	919	speck	it.
5	1124	919	speck	it.
5	1125	920	of	it.
5	1126	921	dust	it.
5	1127	922	that	it.
5	1128	923	was	it.
5	1129	924	deceptively	it.
5	1130	924	deceptively	it.
5	1131	924	deceptively	it.
5	1132	925	bobbing	it.
5	1133	925	bobbing	it.
5	1134	926	around	it.
5	1135	927	in	it.
5	1136	928	the	it.
5	1137	929	water	it.
5	1138	930	like	it.
5	1139	931	a	it.
5	1140	932	live	it.
5	1141	933	animal.	it.
5	1142	933	animal.	it.
5	1143	934	They	NA
5	1144	935	were	NA
5	1145	936	ready	NA
5	1146	937	to	NA
5	1147	938	call	NA
5	1148	939	it	NA
5	1149	940	quits,	NA
5	1150	940	quits,	NA
5	1151	940	quits,	NA
5	1152	941	when	NA
5	1153	942	suddenly	NA
5	1154	943	Mom	NA
5	1155	944	cried,	NA
5	1156	944	cried,	NA
5	1157	945	'Ah	NA
5	1158	945	'Ah	NA
5	1159	946	ha!'	NA
5	1160	946	ha!'	NA
5	1161	947	Tucked	NA
5	1162	947	Tucked	NA
5	1163	948	in	NA
5	1164	949	a	its,
5	1165	950	curve	its,
5	1166	951	of	its,
5	1167	952	the	its,
5	1168	953	archway,	its,
5	1169	953	archway,	its,
5	1170	953	archway,	its,
5	1171	954	perfectly	NA
5	1172	955	hidden	NA
5	1173	956	against	NA
5	1174	957	a	it,
5	1175	958	pitch	it,
5	1176	959	dark	it,
5	1177	960	stone,	it,
5	1178	960	stone,	it,
5	1179	961	sat	NA
5	1180	962	Mr.	NA
5	1181	962	Mr.	NA
5	1182	963	Sticky,	NA
5	1183	963	Sticky,	NA
5	1184	963	Sticky,	NA
5	1185	964	safe	NA
5	1186	965	and	NA
5	1187	966	sound.	NA
5	1188	966	sound.	NA
5	1189	967	'You,	NA
5	1190	967	'You,	NA
5	1191	967	'You,	NA
5	1192	968	I	NA
5	1193	969	can	NA
5	1194	970	always	NA
5	1195	971	count	NA
5	1196	972	on,'	NA
5	1197	972	on,'	NA
5	1198	973	Abby	NA
5	1199	974	said	NA
5	1200	975	to	NA
5	1201	976	her	NA
5	1202	977	mom,	NA
5	1203	977	mom,	NA
5	1204	978	with	NA
5	1205	979	relief.	NA
5	1206	979	relief.	NA
5	1207	980	Then	NA
5	1208	981	she	NA
5	1209	982	noticed	NA
5	1210	983	another	NA
5	1211	984	water	NA
5	1212	985	snail	NA
5	1213	986	was	NA
5	1214	987	right	NA
5	1215	988	next	NA
5	1216	989	to	NA
5	1217	990	Sticky	NA
5	1218	990	Sticky	NA
5	1219	991	and	NA
5	1220	992	asked	NA
5	1221	993	where	NA
5	1222	994	this	NA
5	1223	995	new	NA
5	1224	996	addition	NA
5	1225	997	to	NA
5	1226	998	the	NA
5	1227	999	family	NA
5	1228	1000	could	NA
5	1229	1001	have	NA
5	1230	1002	come	NA
5	1231	1003	from.	NA
5	1232	1003	from.	NA
5	1233	1004	'I'm	NA
5	1234	1004	'I'm	NA
5	1235	1004	'I'm	NA
5	1236	1005	beginning	NA
5	1237	1006	to	NA
5	1238	1007	suspect	NA
5	1239	1008	the	NA
5	1240	1009	pond	it
5	1241	1010	weed	NA
5	1242	1011	is	NA
5	1243	1012	guilty,	NA
5	1244	1012	guilty,	NA
5	1245	1013	don't	NA
5	1246	1013	don't	NA
5	1247	1014	you	NA
5	1248	1015	think?'	NA
5	1249	1015	think?'	NA
5	1250	1016	replied	NA
5	1251	1017	Mom.	NA
5	1252	1017	Mom.	NA
5	1253	1018	They	NA
5	1254	1019	both	NA
5	1255	1020	laughed	NA
5	1256	1021	and	NA
5	1257	1022	climbed	NA
5	1258	1023	into	NA
5	1259	1024	Abby's	it
5	1260	1024	Abby's	it
5	1261	1025	bed	it
5	1262	1026	together	NA
5	1263	1027	and,	NA
5	1264	1027	and,	NA
5	1265	1028	though	NA
5	1266	1029	it	NA
5	1267	1030	was	NA
5	1268	1031	cozy,	NA
5	1269	1031	cozy,	NA
5	1270	1032	it	NA
5	1271	1033	was	NA
5	1272	1034	a	NA
5	1273	1035	bit	NA
5	1274	1036	of	NA
5	1275	1037	a	NA
5	1276	1038	squeeze.	NA
5	1277	1038	squeeze.	NA
5	1278	1039	'Budge	NA
5	1279	1039	'Budge	NA
5	1280	1039	'Budge	NA
5	1281	1040	up,'	NA
5	1282	1040	up,'	NA
5	1283	1041	Mom	NA
5	1284	1042	said,	NA
5	1285	1042	said,	NA
5	1286	1043	giving	NA
5	1287	1044	Abby	NA
5	1288	1045	a	NA
5	1289	1046	push	NA
5	1290	1047	with	NA
5	1291	1048	her	her.
5	1292	1049	bottom.	her.
5	1293	1049	bottom.	her.
5	1294	1050	'I	NA
5	1295	1050	'I	NA
5	1296	1051	can't	NA
5	1297	1051	can't	NA
5	1298	1052	because	NA
5	1299	1053	I'm	NA
5	1300	1053	I'm	NA
5	1301	1054	already	NA
5	1302	1055	on	NA
5	1303	1056	the	NA
5	1304	1057	edge.'	NA
5	1305	1057	edge.'	NA
5	1306	1058	'Good	NA
5	1307	1058	'Good	NA
5	1308	1059	heavens,	NA
5	1309	1059	heavens,	NA
5	1310	1060	you've	NA
5	1311	1060	you've	NA
5	1312	1061	grown	NA
5	1313	1062	then.	NA
5	1314	1062	then.	NA
5	1315	1063	When	NA
5	1316	1064	did	NA
5	1317	1065	that	NA
5	1318	1066	happen?	NA
5	1319	1066	happen?	NA
5	1320	1067	You	NA
5	1321	1068	could've	NA
5	1322	1068	could've	NA
5	1323	1069	put	NA
5	1324	1070	an	it
5	1325	1071	elephant	it
5	1326	1072	in	NA
5	1327	1073	here	NA
5	1328	1074	last	it.
5	1329	1075	time	it.
5	1330	1076	we	it.
5	1331	1077	did	it.
5	1332	1078	this.	it.
5	1333	1078	this.	it.
5	1334	1079	Before	NA
5	1335	1080	I	NA
5	1336	1081	know	NA
5	1337	1082	it,	NA
5	1338	1082	it,	NA
5	1339	1083	you'll	NA
5	1340	1083	you'll	NA
5	1341	1084	be	NA
5	1342	1085	all	NA
5	1343	1086	grown	NA
5	1344	1087	up.'	NA
5	1345	1087	up.'	NA
5	1346	1088	On	NA
5	1347	1089	her	NA
5	1348	1090	mom's	NA
5	1349	1090	mom's	NA
5	1350	1091	chest	NA
5	1351	1092	Abby	NA
5	1352	1093	then	NA
5	1353	1094	put	NA
5	1354	1095	her	it
5	1355	1096	head	it
5	1356	1097	and	NA
5	1357	1098	smiled.	NA
5	1358	1098	smiled.	NA
6	0	0	The	NA
6	1	1	text	NA
6	2	2	message	NA
6	3	3	said	NA
6	4	4	that	NA
6	5	5	Lucy	NA
6	6	6	Josephs	NA
6	7	6	Josephs	NA
6	8	7	was	NA
6	9	8	a	it.
6	10	9	failure.	it.
6	11	9	failure.	it.
6	12	10	It	NA
6	13	11	said	NA
6	14	12	she	NA
6	15	13	was	NA
6	16	14	ugly,	NA
6	17	14	ugly,	NA
6	18	15	had	NA
6	19	16	no	NA
6	20	17	style	NA
6	21	18	and	NA
6	22	19	the	NA
6	23	20	world	NA
6	24	21	hated	NA
6	25	22	her.	NA
6	26	22	her.	NA
6	27	23	At	NA
6	28	24	least	NA
6	29	25	that	NA
6	30	26	was	NA
6	31	27	what	NA
6	32	28	it	NA
6	33	29	said	NA
6	34	30	to	NA
6	35	31	Lucy.	NA
6	36	31	Lucy.	NA
6	37	32	It	NA
6	38	33	said	NA
6	39	34	that	NA
6	40	35	and	NA
6	41	36	a	NA
6	42	37	whole	NA
6	43	38	lot	NA
6	44	39	more	NA
6	45	40	that	NA
6	46	41	she	NA
6	47	42	was	NA
6	48	43	struggling	NA
6	49	44	to	NA
6	50	45	understand.	NA
6	51	45	understand.	NA
6	52	46	The	It
6	53	47	actual	It
6	54	48	text	It
6	55	49	of	It
6	56	50	the	It
6	57	51	note	It
6	58	52	said	NA
6	59	53	that	NA
6	60	54	Lucy	NA
6	61	55	better	NA
6	62	56	not	NA
6	63	57	show	NA
6	64	58	up	NA
6	65	59	at	NA
6	66	60	the	it
6	67	61	party	it
6	68	62	tonight,	NA
6	69	62	tonight,	NA
6	70	63	because	NA
6	71	64	it	NA
6	72	65	was	NA
6	73	66	going	NA
6	74	67	to	NA
6	75	68	be	NA
6	76	69	bad	NA
6	77	70	enough	NA
6	78	71	already!	NA
6	79	71	already!	NA
6	80	72	Lucy,	NA
6	81	72	Lucy,	NA
6	82	73	who	NA
6	83	74	had	NA
6	84	75	started	NA
6	85	76	receiving	NA
6	86	77	these	NA
6	87	78	messages	NA
6	88	79	a	NA
6	89	80	few	NA
6	90	81	weeks	NA
6	91	82	ago,	NA
6	92	82	ago,	NA
6	93	83	tapped	NA
6	94	84	the	it
6	95	85	mobile	it
6	96	86	screen	it
6	97	87	to	NA
6	98	88	make	NA
6	99	89	the	NA
6	100	90	message	NA
6	101	91	disappear	NA
6	102	92	from	NA
6	103	93	view.	NA
6	104	93	view.	NA
6	105	94	She	NA
6	106	95	only	NA
6	107	96	wished	NA
6	108	97	it	NA
6	109	98	was	NA
6	110	99	as	NA
6	111	100	easy	NA
6	112	101	to	NA
6	113	102	tap	NA
6	114	103	her	NA
6	115	104	heart	NA
6	116	105	and	NA
6	117	106	erase	NA
6	118	107	the	it.
6	119	108	trace	it.
6	120	109	the	it.
6	121	110	message	it.
6	122	111	had	it.
6	123	112	left	it.
6	124	113	there.	it.
6	125	113	there.	it.
6	126	114	'Was	NA
6	127	114	'Was	NA
6	128	115	that	NA
6	129	116	another	NA
6	130	117	one	NA
6	131	118	of	NA
6	132	119	those	NA
6	133	120	messages?'	NA
6	134	120	messages?'	NA
6	135	121	her	NA
6	136	122	mom	NA
6	137	123	asked,	NA
6	138	123	asked,	NA
6	139	124	who	NA
6	140	125	was	NA
6	141	126	driving	NA
6	142	127	the	NA
6	143	128	car.	NA
6	144	128	car.	NA
6	145	129	Lucy	NA
6	146	130	confirmed	NA
6	147	131	her	it
6	148	132	mother's	it
6	149	132	mother's	it
6	150	133	suspicion	it
6	151	134	was	NA
6	152	135	founded	NA
6	153	136	as	NA
6	154	137	she	NA
6	155	138	answered	NA
6	156	139	dejectedly,	NA
6	157	139	dejectedly,	NA
6	158	139	dejectedly,	NA
6	159	139	dejectedly,	NA
6	160	140	'I'm	NA
6	161	140	'I'm	NA
6	162	140	'I'm	NA
6	163	141	sorry	NA
6	164	142	to	NA
6	165	143	say	NA
6	166	144	it	NA
6	167	145	was.'	NA
6	168	145	was.'	NA
6	169	146	'Haven't	NA
6	170	146	'Haven't	NA
6	171	146	'Haven't	NA
6	172	146	'Haven't	NA
6	173	147	you	NA
6	174	148	reported	NA
6	175	149	it	NA
6	176	150	yet?'	NA
6	177	150	yet?'	NA
6	178	151	asked	NA
6	179	152	Jill,	NA
6	180	152	Jill,	NA
6	181	153	Lucy's	NA
6	182	153	Lucy's	NA
6	183	154	older	NA
6	184	155	sister	NA
6	185	156	who	NA
6	186	157	was	NA
6	187	158	sitting	NA
6	188	159	in	NA
6	189	160	the	NA
6	190	161	passenger	NA
6	191	162	seat.	NA
6	192	162	seat.	NA
6	193	163	'Yes,'	NA
6	194	163	'Yes,'	NA
6	195	163	'Yes,'	NA
6	196	164	Lucy	NA
6	197	165	replied,	NA
6	198	165	replied,	NA
6	199	166	lying	NA
6	200	167	through	NA
6	201	168	her	NA
6	202	169	teeth.	NA
6	203	169	teeth.	NA
6	204	170	That	NA
6	205	171	Lucy	NA
6	206	172	should	NA
6	207	173	not	NA
6	208	174	let	NA
6	209	175	the	NA
6	210	176	messages	NA
6	211	177	get	NA
6	212	178	to	NA
6	213	179	her	NA
6	214	180	and	NA
6	215	181	that	NA
6	216	182	the	she
6	217	183	sender	she
6	218	184	was	NA
6	219	185	only	NA
6	220	186	jealous	NA
6	221	187	were	NA
6	222	188	Lucy's	they,
6	223	188	Lucy's	they,
6	224	189	mom's	they,
6	225	189	mom's	they,
6	226	190	arguments,	they,
6	227	190	arguments,	they,
6	228	191	in	NA
6	229	192	an	NA
6	230	193	effort	NA
6	231	194	to	NA
6	232	195	comfort	NA
6	233	196	her	NA
6	234	197	daughter.	NA
6	235	197	daughter.	NA
6	236	198	Lucy's	NA
6	237	198	Lucy's	NA
6	238	199	mom	NA
6	239	200	suddenly	NA
6	240	201	felt	NA
6	241	202	guilty,	NA
6	242	202	guilty,	NA
6	243	203	for	NA
6	244	204	she	NA
6	245	205	had	NA
6	246	206	been	NA
6	247	207	the	NA
6	248	208	one	NA
6	249	209	to	NA
6	250	210	buy	NA
6	251	211	the	NA
6	252	212	phone	NA
6	253	213	for	NA
6	254	214	Lucy	NA
6	255	215	just	NA
6	256	216	a	NA
6	257	217	couple	NA
6	258	218	of	NA
6	259	219	months	NA
6	260	220	ago.	NA
6	261	220	ago.	NA
6	262	221	She	NA
6	263	222	then	NA
6	264	223	admitted	NA
6	265	224	her	it
6	266	225	regret	it
6	267	226	about	it
6	268	227	the	it
6	269	228	phone	it
6	270	229	was	NA
6	271	230	still	NA
6	272	231	bugging	NA
6	273	231	bugging	NA
6	274	232	her	NA
6	275	233	out	NA
6	276	234	loud	NA
6	277	235	as	NA
6	278	236	she	NA
6	279	237	sighed,	NA
6	280	237	sighed,	NA
6	281	238	'I	NA
6	282	238	'I	NA
6	283	239	never	NA
6	284	240	should	NA
6	285	241	have	NA
6	286	242	given	NA
6	287	243	you	NA
6	288	244	that	NA
6	289	245	phone	NA
6	290	246	Lucy.'	NA
6	291	246	Lucy.'	NA
6	292	247	'No,	NA
6	293	247	'No,	NA
6	294	247	'No,	NA
6	295	248	it's	NA
6	296	248	it's	NA
6	297	249	fine.	NA
6	298	249	fine.	NA
6	299	250	I	NA
6	300	251	love	NA
6	301	252	it,'	NA
6	302	252	it,'	NA
6	303	253	said	NA
6	304	254	Lucy	NA
6	305	255	knowing	NA
6	306	256	that	NA
6	307	257	affording	NA
6	308	257	affording	NA
6	309	258	the	NA
6	310	259	phone	NA
6	311	260	had	NA
6	312	261	been	NA
6	313	262	no	NA
6	314	263	small	NA
6	315	264	thing	NA
6	316	265	for	NA
6	317	266	her	NA
6	318	267	mother.	NA
6	319	267	mother.	NA
6	320	268	It	NA
6	321	269	had	NA
6	322	270	been	NA
6	323	271	nothing	NA
6	324	272	but	NA
6	325	273	trouble	NA
6	326	274	though.	NA
6	327	274	though.	NA
6	328	275	Lucy	NA
6	329	276	did	NA
6	330	277	not	NA
6	331	278	know	NA
6	332	279	who	NA
6	333	280	it	NA
6	334	281	was	NA
6	335	282	that	NA
6	336	283	was	NA
6	337	284	sending	NA
6	338	285	her	NA
6	339	286	the	NA
6	340	287	messages,	NA
6	341	287	messages,	NA
6	342	288	and	NA
6	343	289	she	NA
6	344	290	did	NA
6	345	291	not	NA
6	346	292	know	NA
6	347	293	how	NA
6	348	294	they	NA
6	349	295	had	NA
6	350	296	got	NA
6	351	297	her	it,
6	352	298	number,	it,
6	353	298	number,	it,
6	354	299	but	NA
6	355	300	whoever	NA
6	356	301	it	NA
6	357	302	was,	NA
6	358	302	was,	NA
6	359	303	he	NA
6	360	304	or	NA
6	361	305	she	NA
6	362	306	had	NA
6	363	307	slowly	NA
6	364	308	taken	NA
6	365	309	over	NA
6	366	310	Lucy's	her.
6	367	310	Lucy's	her.
6	368	311	life.	her.
6	369	311	life.	her.
6	370	312	She	NA
6	371	313	was	NA
6	372	314	getting	NA
6	373	315	several	them
6	374	316	texts	them
6	375	317	a	NA
6	376	318	day	NA
6	377	319	now,	NA
6	378	319	now,	NA
6	379	320	all	they
6	380	321	of	they
6	381	322	which	they
6	382	323	were	NA
6	383	324	abusive	NA
6	384	325	and	NA
6	385	326	hurtful.	NA
6	386	326	hurtful.	NA
6	387	326	hurtful.	NA
6	388	327	Lucy	NA
6	389	328	wondered	NA
6	390	329	what	NA
6	391	330	the	NA
6	392	331	person	NA
6	393	332	who	NA
6	394	333	was	NA
6	395	334	messaging	NA
6	396	335	her	NA
6	397	336	might	NA
6	398	337	be	NA
6	399	338	thinking	NA
6	400	339	or	NA
6	401	340	trying	NA
6	402	341	to	NA
6	403	342	achieve	NA
6	404	343	with	NA
6	405	344	all	NA
6	406	345	of	NA
6	407	346	their	NA
6	408	347	hateful	NA
6	409	348	messages.	NA
6	410	348	messages.	NA
6	411	349	As	NA
6	412	350	the	NA
6	413	351	car	NA
6	414	352	pulled	NA
6	415	353	up	NA
6	416	354	outside	NA
6	417	355	the	NA
6	418	356	school,	NA
6	419	356	school,	NA
6	420	357	which	NA
6	421	358	looked	NA
6	422	359	like	NA
6	423	360	a	NA
6	424	361	large	NA
6	425	362	shadow	NA
6	426	363	in	NA
6	427	364	the	NA
6	428	365	darkness	NA
6	429	366	of	NA
6	430	367	a	NA
6	431	368	November	NA
6	432	369	evening,	NA
6	433	369	evening,	NA
6	434	370	Lucy	NA
6	435	371	felt	NA
6	436	372	a	it
6	437	373	shiver	it
6	438	373	shiver	it
6	439	374	run	NA
6	440	375	down	NA
6	441	376	her	her.
6	442	377	spine.	her.
6	443	377	spine.	her.
6	444	378	Hastened	NA
6	445	378	Hastened	NA
6	446	379	by	NA
6	447	380	Jill,	NA
6	448	380	Jill,	NA
6	449	381	who	NA
6	450	382	did	NA
6	451	383	not	NA
6	452	384	want	NA
6	453	385	to	NA
6	454	386	be	NA
6	455	387	late	NA
6	456	388	to	NA
6	457	389	her	NA
6	458	390	own	NA
6	459	391	concert,	NA
6	460	391	concert,	NA
6	461	392	Lucy	NA
6	462	393	hesitantly	NA
6	463	393	hesitantly	NA
6	464	393	hesitantly	NA
6	465	394	stepped	NA
6	466	395	out	NA
6	467	396	of	NA
6	468	397	the	NA
6	469	398	car	NA
6	470	399	and	NA
6	471	400	walked	NA
6	472	401	toward	NA
6	473	402	the	NA
6	474	403	school.	NA
6	475	403	school.	NA
6	476	404	It	NA
6	477	405	was	NA
6	478	406	Jill	NA
6	479	407	who	NA
6	480	408	in	NA
6	481	409	her	NA
6	482	410	final	NA
6	483	411	year	NA
6	484	412	of	NA
6	485	413	high	NA
6	486	414	school	NA
6	487	415	had	NA
6	488	416	become	NA
6	489	417	involved	NA
6	490	418	in	NA
6	491	419	helping	NA
6	492	420	organize	NA
6	493	421	this	NA
6	494	422	year's	NA
6	495	422	year's	NA
6	496	423	school	NA
6	497	424	talent	NA
6	498	425	show,	NA
6	499	425	show,	NA
6	500	426	and	NA
6	501	427	she	NA
6	502	428	took	NA
6	503	429	her	NA
6	504	430	position	NA
6	505	431	very	NA
6	506	432	seriously.	NA
6	507	432	seriously.	NA
6	508	433	Lucy	NA
6	509	434	hurried	NA
6	510	435	behind	NA
6	511	436	Jill,	NA
6	512	436	Jill,	NA
6	513	437	pulling	NA
6	514	438	on	NA
6	515	439	the	it,
6	516	440	worn,	it,
6	517	440	worn,	it,
6	518	441	oversized	it,
6	519	442	coat	it,
6	520	443	that	it,
6	521	444	had	it,
6	522	445	originally	it,
6	523	446	belonged	it,
6	524	447	to	it,
6	525	448	Jill,	it,
6	526	448	Jill,	it,
6	527	449	in	NA
6	528	450	order	NA
6	529	451	to	NA
6	530	452	keep	NA
6	531	453	her	NA
6	532	454	dry	NA
6	533	455	as	NA
6	534	456	the	they
6	535	457	raindrops	they
6	536	457	raindrops	they
6	537	458	fell	NA
6	538	459	all	NA
6	539	460	around	NA
6	540	461	them.	NA
6	541	461	them.	NA
6	542	462	As	NA
6	543	463	the	NA
6	544	464	sisters	NA
6	545	465	entered	NA
6	546	466	the	NA
6	547	467	hall	NA
6	548	468	where	NA
6	549	469	the	NA
6	550	470	show	NA
6	551	471	was	NA
6	552	472	to	NA
6	553	473	take	NA
6	554	474	place,	NA
6	555	474	place,	NA
6	556	475	Jill	NA
6	557	476	filled	NA
6	558	477	with	NA
6	559	478	excitement	it
6	560	479	while	NA
6	561	480	Lucy	NA
6	562	481	regretted	NA
6	563	482	that	NA
6	564	483	she	NA
6	565	484	had	NA
6	566	485	promised	NA
6	567	486	her	NA
6	568	487	mother	NA
6	569	488	she	NA
6	570	489	would	NA
6	571	490	participate	NA
6	572	491	in	NA
6	573	492	the	NA
6	574	493	show.	NA
6	575	493	show.	NA
6	576	494	'To	NA
6	577	494	'To	NA
6	578	495	waste	NA
6	579	496	your	NA
6	580	497	talent	NA
6	581	498	would	NA
6	582	499	be	NA
6	583	500	a	NA
6	584	501	real	NA
6	585	502	shame,	NA
6	586	502	shame,	NA
6	587	503	for	NA
6	588	504	you	NA
6	589	505	have	NA
6	590	506	such	NA
6	591	507	a	NA
6	592	508	beautiful	NA
6	593	509	voice,'	NA
6	594	509	voice,'	NA
6	595	510	her	NA
6	596	511	mother	NA
6	597	512	had	NA
6	598	513	argued	NA
6	599	514	two	it
6	600	515	months	it
6	601	516	back,	NA
6	602	516	back,	NA
6	603	517	when	NA
6	604	518	the	NA
6	605	519	concert	NA
6	606	520	was	NA
6	607	521	first	NA
6	608	522	announced.	NA
6	609	522	announced.	NA
6	610	523	Lucy	NA
6	611	524	had	NA
6	612	525	been	NA
6	613	526	considering	NA
6	614	527	it,	NA
6	615	527	it,	NA
6	616	528	for	NA
6	617	529	she	NA
6	618	530	did	NA
6	619	531	love	NA
6	620	532	to	NA
6	621	533	sing.	NA
6	622	533	sing.	NA
6	623	534	That	NA
6	624	535	very	NA
6	625	536	night,	NA
6	626	536	night,	NA
6	627	537	the	NA
6	628	538	first	NA
6	629	539	text	NA
6	630	540	message	NA
6	631	541	had	NA
6	632	542	come	NA
6	633	543	through.	NA
6	634	543	through.	NA
6	635	544	'How	NA
6	636	544	'How	NA
6	637	545	does	NA
6	638	546	it	NA
6	639	547	feel	NA
6	640	548	to	NA
6	641	549	be	NA
6	642	550	tall	NA
6	643	551	and	NA
6	644	552	lanky	NA
6	645	552	lanky	NA
6	646	553	like	NA
6	647	554	a	it?'
6	648	555	giraffe?'	it?'
6	649	555	giraffe?'	it?'
6	650	555	giraffe?'	it?'
6	651	556	it	NA
6	652	557	had	NA
6	653	558	asked,	NA
6	654	558	asked,	NA
6	655	559	taking	NA
6	656	560	Lucy	NA
6	657	561	by	NA
6	658	562	surprise.	NA
6	659	562	surprise.	NA
6	660	563	One	NA
6	661	564	of	NA
6	662	565	the	NA
6	663	566	popular	NA
6	664	567	girls,	NA
6	665	567	girls,	NA
6	666	568	Lucy	NA
6	667	569	had	NA
6	668	570	always	NA
6	669	571	known	NA
6	670	572	she	NA
6	671	573	wasn't,	NA
6	672	573	wasn't,	NA
6	673	573	wasn't,	NA
6	674	574	but	NA
6	675	575	before	NA
6	676	576	the	NA
6	677	577	messages	NA
6	678	578	began,	NA
6	679	578	began,	NA
6	680	579	Lucy	NA
6	681	580	had	NA
6	682	581	always	NA
6	683	582	been	NA
6	684	583	quite	NA
6	685	584	proud	NA
6	686	585	of	NA
6	687	586	being	NA
6	688	587	a	NA
6	689	588	little	NA
6	690	589	different.	NA
6	691	589	different.	NA
6	692	590	But	NA
6	693	591	text	NA
6	694	592	by	NA
6	695	593	text,	it,
6	696	593	text,	it,
6	697	594	Lucy's	it
6	698	594	Lucy's	it
6	699	595	self-confidence	it
6	700	595	self-confidence	it
6	701	595	self-confidence	it
6	702	596	had	NA
6	703	597	deflated	NA
6	704	597	deflated	NA
6	705	598	and,	NA
6	706	598	and,	NA
6	707	599	in	NA
6	708	600	the	NA
6	709	601	end,	NA
6	710	601	end,	NA
6	711	602	it	NA
6	712	603	had	NA
6	713	604	taken	NA
6	714	605	some	it
6	715	606	doing	it
6	716	607	to	NA
6	717	608	get	NA
6	718	609	her	NA
6	719	610	to	NA
6	720	611	agree	NA
6	721	612	to	NA
6	722	613	perform	NA
6	723	614	in	NA
6	724	615	the	NA
6	725	616	show.	NA
6	726	616	show.	NA
6	727	617	Now,	NA
6	728	617	Now,	NA
6	729	618	however,	NA
6	730	618	however,	NA
6	731	619	Lucy	NA
6	732	620	had	NA
6	733	621	no	it
6	734	622	choice	it
6	735	623	but	NA
6	736	624	to	NA
6	737	625	make	NA
6	738	626	her	NA
6	739	627	way	NA
6	740	628	towards	NA
6	741	629	the	NA
6	742	630	stage	NA
6	743	631	where	NA
6	744	632	Jill	NA
6	745	633	was	NA
6	746	634	beckoning	NA
6	747	634	beckoning	NA
6	748	635	encouragingly	NA
6	749	635	encouragingly	NA
6	750	636	to	NA
6	751	637	her.	NA
6	752	637	her.	NA
6	753	638	She	NA
6	754	639	was	NA
6	755	640	the	NA
6	756	641	first	NA
6	757	642	performer.	NA
6	758	642	performer.	NA
6	759	643	Lucy,	NA
6	760	643	Lucy,	NA
6	761	644	announced	NA
6	762	645	by	NA
6	763	646	her	NA
6	764	647	sister	NA
6	765	648	to	NA
6	766	649	the	NA
6	767	650	audience,	NA
6	768	650	audience,	NA
6	769	651	was	NA
6	770	652	all	NA
6	771	653	nerves	NA
6	772	654	as	NA
6	773	655	she	NA
6	774	656	walked	NA
6	775	657	out	NA
6	776	658	onto	NA
6	777	659	the	it.
6	778	660	middle	it.
6	779	661	of	it.
6	780	662	the	it.
6	781	663	stage,	it.
6	782	663	stage,	it.
6	783	664	where	it.
6	784	665	there	it.
6	785	666	was	it.
6	786	667	nothing	it.
6	787	668	but	it.
6	788	669	a	it.
6	789	670	microphone	it.
6	790	671	and	it.
6	791	672	her.	it.
6	792	672	her.	it.
6	793	673	She	NA
6	794	674	heard	NA
6	795	675	the	NA
6	796	676	audience	NA
6	797	677	applaud	NA
6	798	678	and	NA
6	799	679	could	NA
6	800	680	feel	NA
6	801	681	a	it
6	802	682	sense	it
6	803	683	of	it
6	804	684	anticipation	it
6	805	685	emanate	NA
6	806	685	emanate	NA
6	807	686	from	NA
6	808	687	the	it.
6	809	688	other	it.
6	810	689	side	it.
6	811	690	of	it.
6	812	691	the	it.
6	813	692	heavy	it.
6	814	693	curtain.	it.
6	815	693	curtain.	it.
6	816	694	As	NA
6	817	695	the	NA
6	818	696	curtains	NA
6	819	697	began	NA
6	820	698	to	NA
6	821	699	part,	NA
6	822	699	part,	NA
6	823	700	she	NA
6	824	701	cast	NA
6	825	702	a	it
6	826	703	worried	it
6	827	704	look	it
6	828	705	at	NA
6	829	706	Jill	NA
6	830	707	in	NA
6	831	708	the	NA
6	832	709	wings,	NA
6	833	709	wings,	NA
6	834	710	who	NA
6	835	711	assured	NA
6	836	712	her	NA
6	837	713	with	NA
6	838	714	a	NA
6	839	715	positive	NA
6	840	716	thumbs	NA
6	841	717	up.	NA
6	842	717	up.	NA
6	843	718	Lucy	NA
6	844	719	thought	NA
6	845	720	to	NA
6	846	721	herself	NA
6	847	722	that	NA
6	848	723	she	NA
6	849	724	could	NA
6	850	725	not	NA
6	851	726	go	NA
6	852	727	through	NA
6	853	728	with	NA
6	854	729	this	NA
6	855	730	and	NA
6	856	731	that	NA
6	857	732	she,	NA
6	858	732	she,	NA
6	859	733	unlike	NA
6	860	734	her	NA
6	861	735	older	NA
6	862	736	sister,	NA
6	863	736	sister,	NA
6	864	737	was	NA
6	865	738	not	NA
6	866	739	confident	NA
6	867	740	enough	NA
6	868	741	to	NA
6	869	742	put	NA
6	870	743	herself	NA
6	871	744	before	NA
6	872	745	the	NA
6	873	746	judging	NA
6	874	747	audience.	NA
6	875	747	audience.	NA
6	876	748	The	NA
6	877	749	crowd	NA
6	878	750	looked	NA
6	879	751	up	NA
6	880	752	at	NA
6	881	753	her	NA
6	882	754	and	NA
6	883	755	Lucy	NA
6	884	756	was	NA
6	885	757	ready	NA
6	886	758	to	NA
6	887	759	run	NA
6	888	760	when	NA
6	889	761	the	they
6	890	762	first	they
6	891	763	notes	they
6	892	764	of	they
6	893	765	the	they
6	894	766	music	they
6	895	767	sounded	NA
6	896	768	out	NA
6	897	769	and	NA
6	898	770	a	it
6	899	771	sudden	it
6	900	772	calm	it
6	901	773	settled	NA
6	902	774	over	NA
6	903	775	her.	NA
6	904	775	her.	NA
6	905	776	She	NA
6	906	777	closed	NA
6	907	778	her	NA
6	908	779	eyes	NA
6	909	780	and	NA
6	910	781	shut	NA
6	911	782	everything	NA
6	912	783	out,	NA
6	913	783	out,	NA
6	914	784	including	NA
6	915	785	the	NA
6	916	786	audience,	NA
6	917	786	audience,	NA
6	918	787	the	them,
6	919	788	nerves	them,
6	920	789	that	them,
6	921	790	threatened	them,
6	922	791	to	them,
6	923	792	take	them,
6	924	793	over,	them,
6	925	793	over,	them,
6	926	794	the	NA
6	927	795	text	NA
6	928	796	messages,	NA
6	929	796	messages,	NA
6	930	797	and	NA
6	931	798	the	it.
6	932	799	way	it.
6	933	800	they	it.
6	934	801	made	it.
6	935	802	her	it.
6	936	803	feel.	it.
6	937	803	feel.	it.
6	938	804	It	NA
6	939	805	was	NA
6	940	806	just	NA
6	941	807	her	NA
6	942	808	and	NA
6	943	809	the	NA
6	944	810	music,	NA
6	945	810	music,	NA
6	946	811	and	NA
6	947	812	it	NA
6	948	813	was	NA
6	949	814	a	NA
6	950	815	love	NA
6	951	816	story	NA
6	952	817	that	NA
6	953	818	had	NA
6	954	819	been	NA
6	955	820	going	NA
6	956	821	on	NA
6	957	822	her	NA
6	958	823	whole	NA
6	959	824	life.	NA
6	960	824	life.	NA
6	961	825	She	NA
6	962	826	began	NA
6	963	827	to	NA
6	964	828	sing,	NA
6	965	828	sing,	NA
6	966	829	and	NA
6	967	830	all	it
6	968	831	the	it
6	969	832	pain	it
6	970	833	and	it
6	971	834	confusion	it
6	972	835	that	it
6	973	836	the	it
6	974	837	messages	it
6	975	838	had	it
6	976	839	been	it
6	977	840	causing	it
6	978	841	inside	it
6	979	842	her	it
6	980	843	just	NA
6	981	844	flowed	NA
6	982	845	out.	NA
6	983	845	out.	NA
6	984	846	The	NA
6	985	847	words	NA
6	986	848	were	NA
6	987	849	not	NA
6	988	850	important,	NA
6	989	850	important,	NA
6	990	851	for	NA
6	991	852	it	NA
6	992	853	was	NA
6	993	854	the	it.
6	994	855	feeling	it.
6	995	856	behind	it.
6	996	857	them	it.
6	997	858	that	it.
6	998	859	she	it.
6	999	860	latched	it.
6	1000	860	latched	it.
6	1001	861	onto.	it.
6	1002	861	onto.	it.
6	1003	862	Lucy	NA
6	1004	863	was	NA
6	1005	864	in	NA
6	1006	865	the	it
6	1007	866	heart	it
6	1008	867	of	it
6	1009	868	the	it
6	1010	869	song	it
6	1011	870	with	NA
6	1012	871	the	it
6	1013	872	rest	it
6	1014	873	of	it
6	1015	874	the	it
6	1016	875	world	it
6	1017	876	slipping	NA
6	1018	877	away.	NA
6	1019	877	away.	NA
6	1020	878	When	NA
6	1021	879	the	NA
6	1022	880	song	NA
6	1023	881	finished	NA
6	1024	882	and	NA
6	1025	883	the	it
6	1026	884	last	it
6	1027	885	note	it
6	1028	886	died	NA
6	1029	887	away,	NA
6	1030	887	away,	NA
6	1031	888	she	NA
6	1032	889	opened	NA
6	1033	890	her	NA
6	1034	891	eyes.	NA
6	1035	891	eyes.	NA
6	1036	892	To	NA
6	1037	893	see	NA
6	1038	894	the	NA
6	1039	895	whole	NA
6	1040	896	audience	NA
6	1041	897	on	NA
6	1042	898	their	NA
6	1043	899	feet	NA
6	1044	900	and	NA
6	1045	901	the	NA
6	1046	902	hall	NA
6	1047	903	filled	NA
6	1048	904	with	NA
6	1049	905	cheers	them
6	1050	906	and	NA
6	1051	907	applause	it
6	1052	908	was	NA
6	1053	909	not	NA
6	1054	910	what	NA
6	1055	911	Lucy	NA
6	1056	912	had	NA
6	1057	913	expected.	NA
6	1058	913	expected.	NA
6	1059	914	Lucy	NA
6	1060	915	allowed	NA
6	1061	916	herself	NA
6	1062	917	to	NA
6	1063	918	enjoy	NA
6	1064	919	the	it.
6	1065	920	sense	it.
6	1066	921	of	it.
6	1067	922	achievement	it.
6	1068	923	and	it.
6	1069	924	belonging	it.
6	1070	925	that	it.
6	1071	926	she	it.
6	1072	927	had	it.
6	1073	928	not	it.
6	1074	929	felt	it.
6	1075	930	in	it.
6	1076	931	a	it.
6	1077	932	very	it.
6	1078	933	long	it.
6	1079	934	time.	it.
6	1080	934	time.	it.
6	1081	935	Then	NA
6	1082	936	she	NA
6	1083	937	saw	NA
6	1084	938	her	NA
6	1085	939	mother,	NA
6	1086	939	mother,	NA
6	1087	940	who	NA
6	1088	941	was	NA
6	1089	942	cheering	NA
6	1090	943	the	NA
6	1091	944	loudest	NA
6	1092	944	loudest	NA
6	1093	945	of	NA
6	1094	946	all	NA
6	1095	947	in	NA
6	1096	948	the	NA
6	1097	949	crowd,	NA
6	1098	949	crowd,	NA
6	1099	950	and	NA
6	1100	951	Jill,	NA
6	1101	951	Jill,	NA
6	1102	952	who	NA
6	1103	953	was	NA
6	1104	954	beaming	NA
6	1105	954	beaming	NA
6	1106	955	at	NA
6	1107	956	her	NA
6	1108	957	with	NA
6	1109	958	pride	NA
6	1110	959	from	NA
6	1111	960	the	NA
6	1112	961	wings.	NA
6	1113	961	wings.	NA
6	1114	962	She	NA
6	1115	963	knew	NA
6	1116	964	she	NA
6	1117	965	owed	NA
6	1118	966	them	NA
6	1119	967	big	NA
6	1120	968	time	NA
6	1121	969	for	NA
6	1122	970	reminding	NA
6	1123	971	her	NA
6	1124	972	what	NA
6	1125	973	she	NA
6	1126	974	was	NA
6	1127	975	capable	NA
6	1128	976	of	NA
6	1129	977	and	NA
6	1130	978	who	NA
6	1131	979	she	NA
6	1132	980	really	NA
6	1133	981	was.	NA
6	1134	981	was.	NA
6	1135	982	The	It
6	1136	983	next	It
6	1137	984	time	It
6	1138	985	her	It
6	1139	986	phone	It
6	1140	987	bleeped	It
6	1141	987	bleeped	It
6	1142	987	bleeped	It
6	1143	988	she	NA
6	1144	989	would	NA
6	1145	990	tap	NA
6	1146	991	the	NA
6	1147	992	message	NA
6	1148	993	straight	NA
6	1149	994	into	NA
6	1150	995	oblivion	it
6	1151	995	oblivion	it
6	1152	996	where	NA
6	1153	997	it	NA
6	1154	998	belonged.	NA
6	1155	998	belonged.	NA
7	0	0	The	NA
7	1	1	Roswell	NA
7	2	1	Roswell	NA
7	3	2	UFO	NA
7	4	3	Incident	NA
7	5	4	was	NA
7	6	5	the	NA
7	7	6	alleged	NA
7	8	7	recovery	NA
7	9	8	of	NA
7	10	9	extra-terrestrial	NA
7	11	9	extra-terrestrial	NA
7	12	9	extra-terrestrial	NA
7	13	9	extra-terrestrial	NA
7	14	10	debris,	NA
7	15	10	debris,	NA
7	16	11	including	NA
7	17	12	alien	NA
7	18	13	corpses,	NA
7	19	13	corpses,	NA
7	20	14	from	NA
7	21	15	an	NA
7	22	16	object	NA
7	23	17	that	NA
7	24	18	crashed	NA
7	25	19	near	NA
7	26	20	Roswell,	NA
7	27	20	Roswell,	NA
7	28	20	Roswell,	NA
7	29	21	New	NA
7	30	22	Mexico,	NA
7	31	22	Mexico,	NA
7	32	23	on	NA
7	33	24	or	NA
7	34	25	about	NA
7	35	26	July	NA
7	36	27	eighth,	NA
7	37	27	eighth,	NA
7	38	28	nineteen	NA
7	39	29	forty-seven.	NA
7	40	29	forty-seven.	NA
7	41	29	forty-seven.	NA
7	42	29	forty-seven.	NA
7	43	30	Since	NA
7	44	31	the	it,
7	45	32	late	it,
7	46	33	nineteen	it,
7	47	34	seventies,	it,
7	48	34	seventies,	it,
7	49	34	seventies,	it,
7	50	35	the	NA
7	51	36	incident	NA
7	52	37	has	NA
7	53	38	been	NA
7	54	39	the	NA
7	55	40	subject	NA
7	56	41	of	NA
7	57	42	intense	NA
7	58	43	controversy	NA
7	59	44	and	NA
7	60	45	the	NA
7	61	46	subject	NA
7	62	47	of	NA
7	63	48	conspiracy	NA
7	64	49	theories	NA
7	65	50	as	NA
7	66	51	to	NA
7	67	52	the	NA
7	68	53	true	NA
7	69	54	nature	NA
7	70	55	of	NA
7	71	56	the	NA
7	72	57	object	NA
7	73	58	that	NA
7	74	59	crashed.	NA
7	75	59	crashed.	NA
7	76	60	The	NA
7	77	61	United	NA
7	78	62	States	NA
7	79	63	military	NA
7	80	64	maintains	NA
7	81	65	the	NA
7	82	66	debris	NA
7	83	67	recovered	NA
7	84	68	was	NA
7	85	69	from	NA
7	86	70	an	they'.
7	87	71	experimental	they'.
7	88	72	high-altitude	they'.
7	89	72	high-altitude	they'.
7	90	72	high-altitude	they'.
7	91	72	high-altitude	they'.
7	92	73	surveillance	they'.
7	93	74	balloon	they'.
7	94	75	that	they'.
7	95	76	belonged	they'.
7	96	77	to	they'.
7	97	78	a	they'.
7	98	79	classified	they'.
7	99	80	program	they'.
7	100	81	named	they'.
7	101	82	'Mogul'.	they'.
7	102	82	'Mogul'.	they'.
7	103	82	'Mogul'.	they'.
7	104	82	'Mogul'.	they'.
7	105	82	'Mogul'.	they'.
7	106	83	However,	NA
7	107	83	However,	NA
7	108	84	many	they
7	109	85	UFO	they
7	110	86	proponents	they
7	111	87	maintain	NA
7	112	88	that,	NA
7	113	88	that,	NA
7	114	89	in	NA
7	115	90	fact,	NA
7	116	90	fact,	NA
7	117	91	a	NA
7	118	92	crashed	NA
7	119	93	alien	NA
7	120	94	craft	NA
7	121	95	and	NA
7	122	96	bodies	NA
7	123	97	were	NA
7	124	98	recovered,	NA
7	125	98	recovered,	NA
7	126	99	and	NA
7	127	100	that	NA
7	128	101	the	NA
7	129	102	military	NA
7	130	103	then	NA
7	131	104	engaged	NA
7	132	105	in	NA
7	133	106	a	NA
7	134	107	cover-up.	NA
7	135	107	cover-up.	NA
7	136	107	cover-up.	NA
7	137	107	cover-up.	NA
7	138	108	The	NA
7	139	109	incident	NA
7	140	110	has	NA
7	141	111	turned	NA
7	142	112	into	NA
7	143	113	a	NA
7	144	114	widely	NA
7	145	115	known	NA
7	146	116	pop	NA
7	147	117	culture	NA
7	148	118	phenomenon,	NA
7	149	118	phenomenon,	NA
7	150	119	making	NA
7	151	120	the	it
7	152	121	name	it
7	153	122	Roswell	NA
7	154	122	Roswell	NA
7	155	123	synonymous	NA
7	156	124	with	NA
7	157	125	UFOs.	NA
7	158	125	UFOs.	NA
7	159	126	It	NA
7	160	127	ranks	NA
7	161	128	as	NA
7	162	129	one	NA
7	163	130	of	NA
7	164	131	the	NA
7	165	132	most	NA
7	166	133	publicized	NA
7	167	134	and	NA
7	168	135	controversial	NA
7	169	136	alleged	NA
7	170	137	UFO	NA
7	171	138	incidents.	NA
7	172	138	incidents.	NA
7	173	139	On	NA
7	174	140	July	NA
7	175	141	ninth,	NA
7	176	141	ninth,	NA
7	177	142	nineteen	NA
7	178	143	forty-seven,	NA
7	179	143	forty-seven,	NA
7	180	143	forty-seven,	NA
7	181	143	forty-seven,	NA
7	182	144	a	it
7	183	145	press	it
7	184	146	release	it
7	185	147	that	it
7	186	148	Roswell	it
7	187	148	Roswell	it
7	188	149	Army	it
7	189	150	Air	it
7	190	151	Field	it
7	191	152	issued	it
7	192	153	stated	NA
7	193	154	that	NA
7	194	155	personnel	NA
7	195	156	from	NA
7	196	157	the	NA
7	197	158	field's	NA
7	198	158	field's	NA
7	199	159	Bomb	NA
7	200	160	Group	NA
7	201	161	had	NA
7	202	162	recovered	NA
7	203	163	a	NA
7	204	164	crashed	NA
7	205	165	'flying	NA
7	206	165	'flying	NA
7	207	166	disc'	NA
7	208	166	disc'	NA
7	209	167	from	NA
7	210	168	a	it,
7	211	169	ranch	it,
7	212	170	near	it,
7	213	171	Roswell,	it,
7	214	171	Roswell,	it,
7	215	171	Roswell,	it,
7	216	172	sparking	NA
7	217	173	intense	it.
7	218	174	media	it.
7	219	175	interest.	it.
7	220	175	interest.	it.
7	221	176	Later	NA
7	222	177	the	NA
7	223	178	same	NA
7	224	179	day,	NA
7	225	179	day,	NA
7	226	180	the	he
7	227	181	Commanding	he
7	228	181	Commanding	he
7	229	182	General	he
7	230	183	of	he
7	231	184	the	he
7	232	185	Eighth	he
7	233	186	Air	he
7	234	187	Force	he
7	235	188	stated	NA
7	236	189	that,	NA
7	237	189	that,	NA
7	238	190	in	NA
7	239	191	fact,	NA
7	240	191	fact,	NA
7	241	192	a	NA
7	242	193	weather	NA
7	243	194	balloon	NA
7	244	195	had	NA
7	245	196	been	NA
7	246	197	recovered	NA
7	247	198	by	NA
7	248	199	the	NA
7	249	200	Roswell	NA
7	250	200	Roswell	NA
7	251	201	Army	NA
7	252	202	Air	NA
7	253	203	Field	NA
7	254	204	personnel,	NA
7	255	204	personnel,	NA
7	256	205	rather	NA
7	257	206	than	NA
7	258	207	a	NA
7	259	208	'flying	NA
7	260	208	'flying	NA
7	261	209	saucer'.	NA
7	262	209	saucer'.	NA
7	263	209	saucer'.	NA
7	264	210	A	It
7	265	211	subsequent	It
7	266	212	press	It
7	267	213	conference	It
7	268	214	was	NA
7	269	215	called,	NA
7	270	215	called,	NA
7	271	216	featuring	NA
7	272	217	debris	NA
7	273	218	from	NA
7	274	219	the	NA
7	275	220	crashed	NA
7	276	221	object	NA
7	277	222	that	NA
7	278	223	confirmed	NA
7	279	224	the	NA
7	280	225	weather	NA
7	281	226	balloon	NA
7	282	227	description.	NA
7	283	227	description.	NA
7	284	228	The	NA
7	285	229	case	NA
7	286	230	was	NA
7	287	231	quickly	NA
7	288	232	forgotten	NA
7	289	233	and	NA
7	290	234	almost	NA
7	291	235	completely	NA
7	292	236	ignored,	NA
7	293	236	ignored,	NA
7	294	237	even	NA
7	295	238	by	NA
7	296	239	UFO	them,
7	297	240	researchers,	them,
7	298	240	researchers,	them,
7	299	241	for	NA
7	300	242	more	it.
7	301	243	than	it.
7	302	244	thirty	it.
7	303	245	years.	it.
7	304	245	years.	it.
7	305	246	Then,	NA
7	306	246	Then,	NA
7	307	247	in	NA
7	308	248	nineteen	it,
7	309	249	seventy-eight,	it,
7	310	249	seventy-eight,	it,
7	311	249	seventy-eight,	it,
7	312	249	seventy-eight,	it,
7	313	250	nuclear	he
7	314	251	physicist	he
7	315	252	and	he
7	316	253	author	he
7	317	254	Stanton	he
7	318	255	Friedman	he
7	319	256	interviewed	NA
7	320	257	Jesse	NA
7	321	258	Marcel,	NA
7	322	258	Marcel,	NA
7	323	259	the	NA
7	324	260	only	NA
7	325	261	person	NA
7	326	262	known	NA
7	327	263	to	NA
7	328	264	have	NA
7	329	265	accompanied	NA
7	330	266	the	NA
7	331	267	Roswell	NA
7	332	267	Roswell	NA
7	333	268	debris	NA
7	334	269	from	NA
7	335	270	where	NA
7	336	271	it	NA
7	337	272	was	NA
7	338	273	recovered	NA
7	339	274	to	NA
7	340	275	Fort	NA
7	341	276	Worth.	NA
7	342	276	Worth.	NA
7	343	277	Over	NA
7	344	278	the	them,
7	345	279	next	them,
7	346	280	few	them,
7	347	281	years,	them,
7	348	281	years,	them,
7	349	282	the	they
7	350	283	accounts	they
7	351	284	he	they
7	352	285	and	they
7	353	286	others	they
7	354	287	gave	they
7	355	288	elevated	NA
7	356	289	Roswell	NA
7	357	289	Roswell	NA
7	358	290	from	NA
7	359	291	a	NA
7	360	292	forgotten	NA
7	361	293	incident	NA
7	362	294	to	NA
7	363	295	perhaps	NA
7	364	296	the	NA
7	365	297	most	NA
7	366	298	famous	NA
7	367	299	UFO	NA
7	368	300	case	NA
7	369	301	of	NA
7	370	302	all	NA
7	371	303	time.	NA
7	372	303	time.	NA
7	373	304	By	NA
7	374	305	the	them,
7	375	306	early	them,
7	376	307	nineteen	them,
7	377	308	nineties,	them,
7	378	308	nineties,	them,
7	379	308	nineties,	them,
7	380	309	UFO	NA
7	381	310	researchers	NA
7	382	311	had	NA
7	383	312	interviewed	NA
7	384	313	several	them.
7	385	314	hundred	them.
7	386	315	people	them.
7	387	316	who	them.
7	388	317	had,	them.
7	389	317	had,	them.
7	390	318	or	them.
7	391	319	who	them.
7	392	320	claimed	them.
7	393	321	to	them.
7	394	322	have	them.
7	395	323	had,	them.
7	396	323	had,	them.
7	397	324	a	them.
7	398	325	connection	them.
7	399	326	with	them.
7	400	327	the	them.
7	401	328	events	them.
7	402	329	at	them.
7	403	330	Roswell	them.
7	404	330	Roswell	them.
7	405	331	in	them.
7	406	332	nineteen	them.
7	407	333	forty-seven.	them.
7	408	333	forty-seven.	them.
7	409	333	forty-seven.	them.
7	410	333	forty-seven.	them.
7	411	334	Additionally,	NA
7	412	334	Additionally,	NA
7	413	335	hundreds	they
7	414	336	of	they
7	415	337	documents	they
7	416	338	were	NA
7	417	339	obtained	NA
7	418	340	by	NA
7	419	341	Freedom	them,
7	420	342	of	them,
7	421	343	Information	them,
7	422	344	Act	them,
7	423	345	requests,	them,
7	424	345	requests,	them,
7	425	346	as	NA
7	426	347	were	NA
7	427	348	some	they.
7	428	349	that	they.
7	429	350	insiders	they.
7	430	351	apparently	they.
7	431	352	leaked.	they.
7	432	352	leaked.	they.
7	433	353	Their	NA
7	434	354	conclusions	NA
7	435	355	were	NA
7	436	356	that	NA
7	437	357	at	it
7	438	358	least	it
7	439	359	one	it
7	440	360	alien	it
7	441	361	craft	it
7	442	362	had	NA
7	443	363	crashed	NA
7	444	364	in	NA
7	445	365	the	it,
7	446	366	Roswell	it,
7	447	366	Roswell	it,
7	448	367	vicinity,	it,
7	449	367	vicinity,	it,
7	450	368	that	NA
7	451	369	aliens,	NA
7	452	369	aliens,	NA
7	453	370	some	they
7	454	371	possibly	NA
7	455	372	still	NA
7	456	373	alive,	NA
7	457	373	alive,	NA
7	458	374	were	NA
7	459	375	recovered,	NA
7	460	375	recovered,	NA
7	461	376	and	NA
7	462	377	that	NA
7	463	378	a	NA
7	464	379	massive	NA
7	465	380	cover-up	NA
7	466	380	cover-up	NA
7	467	380	cover-up	NA
7	468	381	of	NA
7	469	382	any	it
7	470	383	knowledge	it
7	471	384	of	it
7	472	385	the	it
7	473	386	incident	it
7	474	387	was	NA
7	475	388	put	NA
7	476	389	in	NA
7	477	390	place.	NA
7	478	390	place.	NA
7	479	391	Numerous	They,
7	480	392	books,	They,
7	481	392	books,	They,
7	482	393	articles,	they,
7	483	393	articles,	they,
7	484	394	television	they
7	485	395	specials	they
7	486	396	and	NA
7	487	397	even	NA
7	488	398	a	it
7	489	399	made-for-TV	it
7	490	399	made-for-TV	it
7	491	399	made-for-TV	it
7	492	399	made-for-TV	it
7	493	399	made-for-TV	it
7	494	400	movie	it
7	495	401	brought	NA
7	496	402	the	NA
7	497	403	nineteen	NA
7	498	404	forty-seven	NA
7	499	404	forty-seven	NA
7	500	404	forty-seven	NA
7	501	405	incident	NA
7	502	406	fame	it
7	503	407	and	NA
7	504	408	notoriety,	it,
7	505	408	notoriety,	it,
7	506	409	so	NA
7	507	410	that	NA
7	508	411	by	NA
7	509	412	the	NA
7	510	413	mid	NA
7	511	414	nineteen	NA
7	512	415	nineties,	NA
7	513	415	nineties,	NA
7	514	415	nineties,	NA
7	515	416	strong	they
7	516	417	majorities	they
7	517	418	in	NA
7	518	419	polls,	them,
7	519	419	polls,	them,
7	520	420	such	NA
7	521	421	as	NA
7	522	422	a	NA
7	523	423	nineteen	it
7	524	424	ninety-seven	it
7	525	424	ninety-seven	it
7	526	424	ninety-seven	it
7	527	425	CNN	it
7	528	426	Time	it,
7	529	427	poll,	it,
7	530	427	poll,	it,
7	531	428	believed	NA
7	532	429	that	NA
7	533	430	aliens	NA
7	534	431	had	NA
7	535	432	visited	NA
7	536	433	earth	NA
7	537	434	and	NA
7	538	435	specifically	NA
7	539	436	that	NA
7	540	437	aliens	they
7	541	438	had	they
7	542	439	landed	they
7	543	440	at	they
7	544	441	Roswell	they
7	545	441	Roswell	they
7	546	442	and	NA
7	547	443	the	NA
7	548	444	government	NA
7	549	445	was	NA
7	550	446	covering	NA
7	551	447	up	NA
7	552	448	the	NA
7	553	449	fact.	NA
7	554	449	fact.	NA
7	555	450	During	NA
7	556	451	the	them
7	557	452	nineteen	them
7	558	453	eighties	them
7	559	453	eighties	them
7	560	454	and	NA
7	561	455	nineteen	NA
7	562	456	nineties,	NA
7	563	456	nineties,	NA
7	564	456	nineties,	NA
7	565	457	a	NA
7	566	458	new	NA
7	567	459	narrative	NA
7	568	460	emerged	NA
7	569	461	which	NA
7	570	462	was	NA
7	571	463	at	NA
7	572	464	strong	them.
7	573	465	odds	them.
7	574	466	with	them.
7	575	467	what	them.
7	576	468	was	them.
7	577	469	reported	them.
7	578	470	in	them.
7	579	471	nineteen	them.
7	580	472	forty-seven.	them.
7	581	472	forty-seven.	them.
7	582	472	forty-seven.	them.
7	583	472	forty-seven.	them.
7	584	473	This	NA
7	585	474	narrative	NA
7	586	475	evolved	NA
7	587	476	over	NA
7	588	477	the	them
7	589	478	years	them
7	590	479	from	NA
7	591	480	the	it,
7	592	481	time	it,
7	593	482	the	it,
7	594	483	first	it,
7	595	484	book	it,
7	596	485	on	it,
7	597	486	Roswell	it,
7	598	486	Roswell	it,
7	599	487	was	it,
7	600	488	published	it,
7	601	489	in	it,
7	602	490	nineteen	it,
7	603	491	eighty,	it,
7	604	491	eighty,	it,
7	605	492	as	NA
7	606	493	many	they
7	607	494	new	they
7	608	495	witnesses	they
7	609	496	and	NA
7	610	497	accounts	NA
7	611	498	emerged,	NA
7	612	498	emerged,	NA
7	613	499	drawn	NA
7	614	500	out	NA
7	615	501	in	NA
7	616	502	part	NA
7	617	503	by	NA
7	618	504	the	it.
7	619	505	publicity	it.
7	620	506	on	it.
7	621	507	the	it.
7	622	508	incident.	it.
7	623	508	incident.	it.
7	624	509	Of	NA
7	625	510	the	them,
7	626	511	hundreds	them,
7	627	512	of	them,
7	628	513	witnesses	them,
7	629	514	that	them,
7	630	515	the	them,
7	631	516	various	them,
7	632	517	researchers	them,
7	633	518	interviewed,	them,
7	634	518	interviewed,	them,
7	635	519	a	it,
7	636	520	seemingly	it,
7	637	521	impressive	it,
7	638	522	figure,	it,
7	639	522	figure,	it,
7	640	523	a	NA
7	641	524	comparable	NA
7	642	525	few	NA
7	643	526	were	NA
7	644	527	true	NA
7	645	528	'witnesses'	NA
7	646	528	'witnesses'	NA
7	647	528	'witnesses'	NA
7	648	528	'witnesses'	NA
7	649	528	'witnesses'	NA
7	650	529	who	NA
7	651	530	claimed	NA
7	652	531	to	NA
7	653	532	have	NA
7	654	533	actually	NA
7	655	534	seen	NA
7	656	535	debris	NA
7	657	536	or	NA
7	658	537	aliens.	NA
7	659	537	aliens.	NA
7	660	538	Most	NA
7	661	539	of	NA
7	662	540	these	NA
7	663	541	so-called	NA
7	664	541	so-called	NA
7	665	541	so-called	NA
7	666	542	witnesses	NA
7	667	543	were	NA
7	668	544	repeating	NA
7	669	545	the	them,
7	670	546	claims	them,
7	671	547	of	them,
7	672	548	others,	them,
7	673	548	others,	them,
7	674	549	and	NA
7	675	550	their	NA
7	676	551	testimony	NA
7	677	552	would	NA
7	678	553	be	NA
7	679	554	inadmissible	NA
7	680	554	inadmissible	NA
7	681	554	inadmissible	NA
7	682	555	hearsay	NA
7	683	555	hearsay	NA
7	684	556	in	NA
7	685	557	an	it.
7	686	558	American	it.
7	687	559	court.	it.
7	688	559	court.	it.
7	689	560	As	NA
7	690	561	for	NA
7	691	562	the	NA
7	692	563	several	NA
7	693	564	accounts	NA
7	694	565	from	NA
7	695	566	those	NA
7	696	567	who	NA
7	697	568	claimed	NA
7	698	569	to	NA
7	699	570	have	NA
7	700	571	seen	NA
7	701	572	aliens,	NA
7	702	572	aliens,	NA
7	703	573	critics	NA
7	704	574	identified	NA
7	705	575	a	them
7	706	576	variety	them
7	707	577	of	them
7	708	578	problems	them
7	709	579	with	NA
7	710	580	them.	NA
7	711	580	them.	NA
7	712	581	These	They
7	713	582	problems	They
7	714	583	ranged	NA
7	715	584	from	NA
7	716	585	the	them,
7	717	586	reliability	them,
7	718	587	of	them,
7	719	588	second-hand	them,
7	720	588	second-hand	them,
7	721	588	second-hand	them,
7	722	589	accounts,	them,
7	723	589	accounts,	them,
7	724	590	to	NA
7	725	591	serious	them,
7	726	592	credibility	them,
7	727	593	problems	them,
7	728	594	with	them,
7	729	595	witnesses	them,
7	730	596	making	them,
7	731	597	demonstrably	them,
7	732	597	demonstrably	them,
7	733	598	false	them,
7	734	599	or	them,
7	735	600	internally-inconsistent	them,
7	736	600	internally-inconsistent	them,
7	737	600	internally-inconsistent	them,
7	738	600	internally-inconsistent	them,
7	739	600	internally-inconsistent	them,
7	740	601	claims,	them,
7	741	601	claims,	them,
7	742	602	to	NA
7	743	603	dubious	them'
7	744	604	death-bed	them'
7	745	604	death-bed	them'
7	746	604	death-bed	them'
7	747	605	'confessions'	them'
7	748	605	'confessions'	them'
7	749	605	'confessions'	them'
7	750	605	'confessions'	them'
7	751	606	or	NA
7	752	607	accounts	them.
7	753	608	from	them.
7	754	609	elderly	them.
7	755	610	or	them.
7	756	611	easily	them.
7	757	612	confused	them.
7	758	613	witnesses.	them.
7	759	613	witnesses.	them.
7	760	614	A	It,
7	761	615	basic	It,
7	762	616	problem	It,
7	763	617	with	It,
7	764	618	all	It,
7	765	619	the	It,
7	766	620	witness	It,
7	767	621	accounts,	It,
7	768	621	accounts,	It,
7	769	622	according	NA
7	770	623	to	NA
7	771	624	the	NA
7	772	625	critics,	NA
7	773	625	critics,	NA
7	774	626	is	NA
7	775	627	that	NA
7	776	628	they	NA
7	777	629	all	NA
7	778	630	came	NA
7	779	631	a	them
7	780	632	minimum	them
7	781	633	of	them
7	782	634	thirty-one	them
7	783	634	thirty-one	them
7	784	634	thirty-one	them
7	785	635	years	them
7	786	636	after	NA
7	787	637	the	NA
7	788	638	events	NA
7	789	639	in	NA
7	790	640	question,	NA
7	791	640	question,	NA
7	792	641	and	NA
7	793	642	in	NA
7	794	643	many	them
7	795	644	cases	them
7	796	645	were	NA
7	797	646	recounted	NA
7	798	647	more	them
7	799	648	than	them
7	800	649	forty	them
7	801	650	years	them
7	802	651	after	NA
7	803	652	the	it.
7	804	653	fact.	it.
7	805	653	fact.	it.
7	806	654	Not	NA
7	807	655	only	NA
7	808	656	are	NA
7	809	657	memories	NA
7	810	658	this	NA
7	811	659	old	NA
7	812	660	of	NA
7	813	661	dubious	NA
7	814	662	reliability,	NA
7	815	662	reliability,	NA
7	816	663	they	NA
7	817	664	were	NA
7	818	665	also	NA
7	819	666	subject	NA
7	820	667	to	NA
7	821	668	contamination	it.
7	822	669	from	it.
7	823	670	other	it.
7	824	671	accounts	it.
7	825	672	the	it.
7	826	673	witnesses	it.
7	827	674	may	it.
7	828	675	have	it.
7	829	676	been	it.
7	830	677	exposed	it.
7	831	678	to.	it.
7	832	678	to.	it.
7	833	679	Though	NA
7	834	680	there	NA
7	835	681	had	NA
7	836	682	always	NA
7	837	683	been	NA
7	838	684	skeptics	them,
7	839	685	who	them,
7	840	686	had	them,
7	841	687	many	them,
7	842	688	objections	them,
7	843	689	to	them,
7	844	690	the	them,
7	845	691	plausibility	them,
7	846	691	plausibility	them,
7	847	692	of	them,
7	848	693	these	them,
7	849	694	accounts,	them,
7	850	694	accounts,	them,
7	851	695	it	NA
7	852	696	was	NA
7	853	697	not	NA
7	854	698	until	NA
7	855	699	the	them
7	856	700	mid	them
7	857	701	nineteen	them
7	858	702	nineties	them
7	859	702	nineties	them
7	860	703	that	NA
7	861	704	a	it
7	862	705	strong	it
7	863	706	counter-argument	it
7	864	706	counter-argument	it
7	865	706	counter-argument	it
7	866	707	to	it
7	867	708	the	it
7	868	709	presence	it
7	869	710	of	it
7	870	711	aliens	it
7	871	712	was	NA
7	872	713	widely	NA
7	873	714	publicized.	NA
7	874	714	publicized.	NA
7	875	715	The	It
7	876	716	General	It
7	877	717	Accounting	It
7	878	718	Office	It
7	879	719	launched	NA
7	880	720	an	NA
7	881	721	inquiry	NA
7	882	722	and	NA
7	883	723	directed	NA
7	884	724	the	it
7	885	725	Office	it
7	886	726	of	it
7	887	727	the	it
7	888	728	Secretary	it
7	889	729	of	it
7	890	730	the	it
7	891	731	Air	it
7	892	732	Force	it
7	893	733	to	NA
7	894	734	conduct	NA
7	895	735	an	NA
7	896	736	internal	NA
7	897	737	investigation.	NA
7	898	737	investigation.	NA
7	899	738	The	NA
7	900	739	result	NA
7	901	740	was	NA
7	902	741	summarized	NA
7	903	742	in	NA
7	904	743	two	them.
7	905	744	reports.	them.
7	906	744	reports.	them.
7	907	745	The	It,
7	908	746	first,	It,
7	909	746	first,	It,
7	910	747	released	It,
7	911	748	in	It,
7	912	749	nineteen	It,
7	913	750	ninety-five,	It,
7	914	750	ninety-five,	It,
7	915	750	ninety-five,	It,
7	916	750	ninety-five,	It,
7	917	751	concluded	NA
7	918	752	that	NA
7	919	753	the	NA
7	920	754	reported	NA
7	921	755	recovered	NA
7	922	756	material	NA
7	923	757	in	NA
7	924	758	nineteen	NA
7	925	759	forty-seven	NA
7	926	759	forty-seven	NA
7	927	759	forty-seven	NA
7	928	760	was	NA
7	929	761	likely	NA
7	930	762	debris	NA
7	931	763	from	NA
7	932	764	a	NA
7	933	765	secret	NA
7	934	766	government	NA
7	935	767	program	NA
7	936	768	called	NA
7	937	769	Project	NA
7	938	770	Mogul,	NA
7	939	770	Mogul,	NA
7	940	770	Mogul,	NA
7	941	771	which	NA
7	942	772	involved	NA
7	943	773	high	NA
7	944	774	altitude	NA
7	945	775	balloons	NA
7	946	776	meant	NA
7	947	777	to	NA
7	948	778	detect	NA
7	949	779	sound	NA
7	950	780	waves	NA
7	951	781	generated	NA
7	952	782	by	NA
7	953	783	Soviet	NA
7	954	784	atomic	NA
7	955	785	bomb	NA
7	956	786	tests	NA
7	957	787	and	NA
7	958	788	ballistic	NA
7	959	789	missiles.	NA
7	960	789	missiles.	NA
7	961	790	The	It,
7	962	791	second	It,
7	963	792	report,	It,
7	964	792	report,	It,
7	965	793	released	It,
7	966	794	two	It,
7	967	795	years	It,
7	968	796	later,	It,
7	969	796	later,	It,
7	970	797	in	It,
7	971	798	nineteen	It,
7	972	799	ninety-seven,	It,
7	973	799	ninety-seven,	It,
7	974	799	ninety-seven,	It,
7	975	799	ninety-seven,	It,
7	976	800	concluded	NA
7	977	801	that	NA
7	978	802	reports	they
7	979	803	of	they
7	980	804	recovered	they
7	981	805	alien	they
7	982	806	bodies	they
7	983	807	were	NA
7	984	808	likely	NA
7	985	809	a	them.
7	986	810	combination	them.
7	987	811	of	them.
7	988	812	innocently	them.
7	989	812	innocently	them.
7	990	813	transformed	them.
7	991	814	memories	them.
7	992	815	of	them.
7	993	816	military	them.
7	994	817	accidents	them.
7	995	818	involving	them.
7	996	819	injured	them.
7	997	820	or	them.
7	998	821	killed	them.
7	999	822	personnel,	them.
7	1000	822	personnel,	them.
7	1001	823	innocently	them.
7	1002	823	innocently	them.
7	1003	824	transformed	them.
7	1004	825	memories	them.
7	1005	826	of	them.
7	1006	827	the	them.
7	1007	828	recovery	them.
7	1008	829	of	them.
7	1009	830	anthropomorphic	them.
7	1010	830	anthropomorphic	them.
7	1011	831	dummies	them.
7	1012	831	dummies	them.
7	1013	832	in	them.
7	1014	833	military	them.
7	1015	834	programs	them.
7	1016	835	US	them.
7	1017	836	conducted	them.
7	1018	837	in	them.
7	1019	838	the	them.
7	1020	839	nineteen	them.
7	1021	840	fifties,	them.
7	1022	840	fifties,	them.
7	1023	840	fifties,	them.
7	1024	840	fifties,	them.
7	1025	841	and	them.
7	1026	842	hoaxes	them.
7	1027	842	hoaxes	them.
7	1028	843	that	them.
7	1029	844	various	them.
7	1030	845	witnesses	them.
7	1031	846	and	them.
7	1032	847	UFO	them.
7	1033	848	proponents	them.
7	1034	849	perpetrated.	them.
7	1035	849	perpetrated.	them.
7	1036	850	The	They
7	1037	851	psychological	They
7	1038	852	effects	They
7	1039	853	of	They
7	1040	854	time	They
7	1041	855	compression	They
7	1042	856	and	NA
7	1043	857	confusion	it
7	1044	858	about	it
7	1045	859	when	it
7	1046	860	events	it
7	1047	861	occurred	it
7	1048	862	explained	NA
7	1049	863	the	it.
7	1050	864	discrepancy	it.
7	1051	865	with	it.
7	1052	866	the	it.
7	1053	867	years	it.
7	1054	868	in	it.
7	1055	869	question.	it.
7	1056	869	question.	it.
7	1057	870	In	NA
7	1058	871	January	it,
7	1059	872	nineteen	it,
7	1060	873	ninety-seven,	it,
7	1061	873	ninety-seven,	it,
7	1062	873	ninety-seven,	it,
7	1063	873	ninety-seven,	it,
7	1064	874	Karl	NA
7	1065	875	Pflock,	NA
7	1066	875	Pflock,	NA
7	1067	875	Pflock,	NA
7	1068	875	Pflock,	NA
7	1069	876	one	NA
7	1070	877	of	NA
7	1071	878	the	NA
7	1072	879	more	NA
7	1073	880	prominent	NA
7	1074	881	pro-UFO	NA
7	1075	881	pro-UFO	NA
7	1076	881	pro-UFO	NA
7	1077	881	pro-UFO	NA
7	1078	882	researchers,	NA
7	1079	882	researchers,	NA
7	1080	883	said,	NA
7	1081	883	said,	NA
7	1082	884	'Based	NA
7	1083	884	'Based	NA
7	1084	885	on	NA
7	1085	886	my	my
7	1086	887	research	my
7	1087	888	and	NA
7	1088	889	that	them,
7	1089	890	of	them,
7	1090	891	others,	them,
7	1091	891	others,	them,
7	1092	892	I'm	NA
7	1093	892	I'm	NA
7	1094	893	as	NA
7	1095	894	certain	NA
7	1096	895	as	NA
7	1097	896	it's	NA
7	1098	896	it's	NA
7	1099	897	possible	NA
7	1100	898	to	NA
7	1101	899	be	NA
7	1102	900	without	NA
7	1103	901	absolute	it,
7	1104	902	proof,	it,
7	1105	902	proof,	it,
7	1106	903	that	NA
7	1107	904	no	it
7	1108	905	flying	it
7	1109	906	saucer	it
7	1110	906	saucer	it
7	1111	907	or	it
7	1112	908	saucers	it
7	1113	908	saucers	it
7	1114	908	saucers	it
7	1115	909	crashed	NA
7	1116	910	in	NA
7	1117	911	the	it
7	1118	912	general	it
7	1119	913	vicinity	it
7	1120	914	of	it
7	1121	915	Roswell	it
7	1122	915	Roswell	it
7	1123	916	or	NA
7	1124	917	on	NA
7	1125	918	the	them
7	1126	919	Plains	them
7	1127	920	of	them
7	1128	921	San	them
7	1129	922	Agustin	them
7	1130	922	Agustin	them
7	1131	922	Agustin	them
7	1132	923	in	NA
7	1133	924	nineteen	NA
7	1134	925	forty-seven.'	NA
7	1135	925	forty-seven.'	NA
7	1136	925	forty-seven.'	NA
7	1137	925	forty-seven.'	NA
7	1138	926	He	NA
7	1139	927	then	NA
7	1140	928	added,	NA
7	1141	928	added,	NA
7	1142	929	'The	NA
7	1143	929	'The	NA
7	1144	930	debris	NA
7	1145	931	found	NA
7	1146	932	was	NA
7	1147	933	the	NA
7	1148	934	remains	NA
7	1149	935	of	NA
7	1150	936	something	NA
7	1151	937	very	NA
7	1152	938	earthly,	NA
7	1153	938	earthly,	NA
7	1154	939	all	NA
7	1155	940	but	NA
7	1156	941	certainly	NA
7	1157	942	something	NA
7	1158	943	from	NA
7	1159	944	the	NA
7	1160	945	Top	NA
7	1161	946	Secret	NA
7	1162	947	Project	NA
7	1163	948	Mogul.'	NA
7	1164	948	Mogul.'	NA
7	1165	948	Mogul.'	NA
7	1166	949	Although	NA
7	1167	950	most	they
7	1168	951	now	NA
7	1169	952	agree	NA
7	1170	953	with	NA
7	1171	954	this	NA
7	1172	955	conclusion,	NA
7	1173	955	conclusion,	NA
7	1174	956	each	it,
7	1175	957	year,	it,
7	1176	957	year,	it,
7	1177	958	during	NA
7	1178	959	July	it,
7	1179	960	Fourth	it,
7	1180	961	weekend,	it,
7	1181	961	weekend,	it,
7	1182	962	the	NA
7	1183	963	City	NA
7	1184	964	of	NA
7	1185	965	Roswell	NA
7	1186	965	Roswell	NA
7	1187	966	hosts	NA
7	1188	967	the	it
7	1189	968	Roswell	it
7	1190	968	Roswell	it
7	1191	969	UFO	it
7	1192	970	Festival	it
7	1193	971	celebrating	NA
7	1194	972	all	them,
7	1195	973	things	them,
7	1196	974	UFO,	them,
7	1197	974	UFO,	them,
7	1198	975	featuring	NA
7	1199	976	prominent	them
7	1200	977	UFOlogists	them
7	1201	977	UFOlogists	them
7	1202	977	UFOlogists	them
7	1203	978	and	NA
7	1204	979	discussions.	them.
7	1205	979	discussions.	them.
8	0	0	Tulip	NA
8	1	0	Tulip	NA
8	2	0	Tulip	NA
8	3	1	mania	NA
8	4	1	mania	NA
8	5	2	was	NA
8	6	3	a	NA
8	7	4	period	NA
8	8	5	in	NA
8	9	6	the	NA
8	10	7	Dutch	NA
8	11	8	Golden	NA
8	12	9	Age	NA
8	13	10	during	NA
8	14	11	which	NA
8	15	12	contract	NA
8	16	13	prices	NA
8	17	14	for	NA
8	18	15	bulbs	NA
8	19	16	of	NA
8	20	17	the	NA
8	21	18	recently	NA
8	22	19	introduced	NA
8	23	20	tulip	NA
8	24	20	tulip	NA
8	25	21	reached	NA
8	26	22	extraordinarily	NA
8	27	23	high	NA
8	28	24	levels	NA
8	29	25	and	NA
8	30	26	then	NA
8	31	27	suddenly	NA
8	32	28	collapsed.	NA
8	33	28	collapsed.	NA
8	34	29	At	NA
8	35	30	the	it,
8	36	31	peak	it,
8	37	32	of	it,
8	38	33	tulip	it,
8	39	33	tulip	it,
8	40	34	mania	it,
8	41	34	mania	it,
8	42	35	in	it,
8	43	36	February	it,
8	44	37	sixteen	it,
8	45	38	thirty-seven,	it,
8	46	38	thirty-seven,	it,
8	47	38	thirty-seven,	it,
8	48	38	thirty-seven,	it,
8	49	39	tulip	they
8	50	39	tulip	they
8	51	40	contracts	they
8	52	41	sold	NA
8	53	42	for	NA
8	54	43	more	it.
8	55	44	than	it.
8	56	45	ten	it.
8	57	46	times	it.
8	58	47	the	it.
8	59	48	annual	it.
8	60	49	income	it.
8	61	50	of	it.
8	62	51	a	it.
8	63	52	skilled	it.
8	64	53	craftsman.	it.
8	65	53	craftsman.	it.
8	66	53	craftsman.	it.
8	67	54	It	NA
8	68	55	is	NA
8	69	56	generally	NA
8	70	57	considered	NA
8	71	58	the	NA
8	72	59	first	NA
8	73	60	recorded	NA
8	74	61	economic	NA
8	75	62	bubble.	NA
8	76	62	bubble.	NA
8	77	63	The	NA
8	78	64	tulip,	NA
8	79	64	tulip,	NA
8	80	64	tulip,	NA
8	81	65	introduced	NA
8	82	66	to	NA
8	83	67	Europe	NA
8	84	68	in	NA
8	85	69	the	NA
8	86	70	mid	NA
8	87	71	sixteenth	NA
8	88	71	sixteenth	NA
8	89	72	century	NA
8	90	73	from	NA
8	91	74	the	NA
8	92	75	Ottoman	NA
8	93	76	Empire,	NA
8	94	76	Empire,	NA
8	95	77	became	NA
8	96	78	very	NA
8	97	79	popular	NA
8	98	80	in	NA
8	99	81	the	NA
8	100	82	United	NA
8	101	83	Provinces,	NA
8	102	83	Provinces,	NA
8	103	83	Provinces,	NA
8	104	83	Provinces,	NA
8	105	84	which	NA
8	106	85	we	NA
8	107	86	now	NA
8	108	87	know	NA
8	109	88	as	NA
8	110	89	the	NA
8	111	90	Netherlands.	NA
8	112	90	Netherlands.	NA
8	113	91	Tulip	It
8	114	91	Tulip	It
8	115	92	cultivation	It
8	116	93	in	It
8	117	94	the	It
8	118	95	United	It
8	119	96	Provinces	It
8	120	96	Provinces	It
8	121	96	Provinces	It
8	122	97	is	NA
8	123	98	generally	NA
8	124	99	thought	NA
8	125	100	to	NA
8	126	101	have	NA
8	127	102	started	NA
8	128	103	in	NA
8	129	104	earnest	NA
8	130	105	around	NA
8	131	106	fifteen	it,
8	132	107	ninety-three,	it,
8	133	107	ninety-three,	it,
8	134	107	ninety-three,	it,
8	135	107	ninety-three,	it,
8	136	108	after	NA
8	137	109	the	NA
8	138	110	Flemish	NA
8	139	110	Flemish	NA
8	140	110	Flemish	NA
8	141	111	botanist	NA
8	142	111	botanist	NA
8	143	111	botanist	NA
8	144	112	Charles	NA
8	145	113	de	NA
8	146	114	l'Ecluse	NA
8	147	114	l'Ecluse	NA
8	148	114	l'Ecluse	NA
8	149	114	l'Ecluse	NA
8	150	114	l'Ecluse	NA
8	151	115	had	NA
8	152	116	taken	NA
8	153	117	up	NA
8	154	118	a	it
8	155	119	post	it
8	156	120	at	it
8	157	121	the	it
8	158	122	University	it
8	159	123	of	it
8	160	124	Leiden	it
8	161	124	Leiden	it
8	162	125	and	NA
8	163	126	established	NA
8	164	127	a	it.
8	165	128	botanical	it.
8	166	128	botanical	it.
8	167	129	garden,	it.
8	168	129	garden,	it.
8	169	130	which	it.
8	170	131	is	it.
8	171	132	famous	it.
8	172	133	as	it.
8	173	134	one	it.
8	174	135	of	it.
8	175	136	the	it.
8	176	137	oldest	it.
8	177	138	in	it.
8	178	139	the	it.
8	179	140	world.	it.
8	180	140	world.	it.
8	181	141	There,	NA
8	182	141	There,	NA
8	183	142	he	NA
8	184	143	planted	NA
8	185	144	his	it.
8	186	145	collection	it.
8	187	146	of	it.
8	188	147	tulip	it.
8	189	147	tulip	it.
8	190	148	bulbs	it.
8	191	149	that	it.
8	192	150	the	it.
8	193	151	Emperor's	it.
8	194	151	Emperor's	it.
8	195	152	ambassador	it.
8	196	153	sent	it.
8	197	154	to	it.
8	198	155	him	it.
8	199	156	from	it.
8	200	157	Turkey,	it.
8	201	157	Turkey,	it.
8	202	158	which	it.
8	203	159	were	it.
8	204	160	able	it.
8	205	161	to	it.
8	206	162	tolerate	it.
8	207	163	the	it.
8	208	164	harsher	it.
8	209	165	conditions	it.
8	210	166	of	it.
8	211	167	the	it.
8	212	168	northern	it.
8	213	169	climate.	it.
8	214	169	climate.	it.
8	215	170	It	NA
8	216	171	was	NA
8	217	172	shortly	NA
8	218	173	thereafter	NA
8	219	174	that	NA
8	220	175	the	NA
8	221	176	tulips	NA
8	222	176	tulips	NA
8	223	177	began	NA
8	224	178	to	NA
8	225	179	grow	NA
8	226	180	in	NA
8	227	181	popularity.	it.
8	228	181	popularity.	it.
8	229	182	The	NA
8	230	183	flower	NA
8	231	184	rapidly	NA
8	232	185	became	NA
8	233	186	a	NA
8	234	187	coveted	NA
8	235	188	luxury	NA
8	236	189	item	NA
8	237	190	and	NA
8	238	191	a	NA
8	239	192	status	NA
8	240	193	symbol,	NA
8	241	193	symbol,	NA
8	242	194	and	NA
8	243	195	a	they
8	244	196	profusion	they
8	245	196	profusion	they
8	246	197	of	they
8	247	198	varieties	they
8	248	199	followed.	NA
8	249	199	followed.	NA
8	250	200	They	NA
8	251	201	were	NA
8	252	202	classified	NA
8	253	203	in	NA
8	254	204	groups:	them:
8	255	204	groups:	them:
8	256	205	one-colored	NA
8	257	205	one-colored	NA
8	258	205	one-colored	NA
8	259	206	tulips	NA
8	260	206	tulips	NA
8	261	207	of	NA
8	262	208	red,	NA
8	263	208	red,	NA
8	264	209	yellow,	NA
8	265	209	yellow,	NA
8	266	210	or	NA
8	267	211	white	NA
8	268	212	were	NA
8	269	213	known	NA
8	270	214	as	NA
8	271	215	Couleren,	NA
8	272	215	Couleren,	NA
8	273	215	Couleren,	NA
8	274	215	Couleren,	NA
8	275	216	but	NA
8	276	217	it	NA
8	277	218	was	NA
8	278	219	the	they
8	279	220	multicolored	they
8	280	220	multicolored	they
8	281	220	multicolored	they
8	282	221	Rosen	they
8	283	222	(red	(it
8	284	222	(red	(it
8	285	223	or	NA
8	286	224	pink	it
8	287	225	on	NA
8	288	226	white	NA
8	289	227	background),	NA
8	290	227	background),	NA
8	291	228	Violetten	they
8	292	228	Violetten	they
8	293	228	Violetten	they
8	294	228	Violetten	they
8	295	229	(purple	(it
8	296	229	(purple	(it
8	297	229	(purple	(it
8	298	230	or	NA
8	299	231	lilac	it
8	300	231	lilac	it
8	301	232	on	NA
8	302	233	white	NA
8	303	234	background),	NA
8	304	234	background),	NA
8	305	235	and,	NA
8	306	235	and,	NA
8	307	236	to	NA
8	308	237	a	NA
8	309	238	lesser	NA
8	310	239	extent,	NA
8	311	239	extent,	NA
8	312	240	the	they
8	313	241	Bizarden	they
8	314	241	Bizarden	they
8	315	241	Bizarden	they
8	316	242	(red,	(it)
8	317	242	(red,	(it)
8	318	242	(red,	(it)
8	319	243	brown	(it)
8	320	244	or	(it)
8	321	245	purple	(it)
8	322	246	on	(it)
8	323	247	yellow	(it)
8	324	248	background)	(it)
8	325	248	background)	(it)
8	326	249	that	NA
8	327	250	were	NA
8	328	251	the	NA
8	329	252	most	NA
8	330	253	popular.	NA
8	331	253	popular.	NA
8	332	254	These	NA
8	333	255	spectacular	NA
8	334	256	and	NA
8	335	257	highly	NA
8	336	258	sought-after	NA
8	337	258	sought-after	NA
8	338	258	sought-after	NA
8	339	259	tulip	NA
8	340	259	tulip	NA
8	341	260	bulbs	NA
8	342	261	would	NA
8	343	262	grow	NA
8	344	263	flowers	they,
8	345	264	with	they,
8	346	265	vivid	they,
8	347	266	colors,	they,
8	348	266	colors,	they,
8	349	267	lines,	they,
8	350	267	lines,	they,
8	351	268	and	they,
8	352	269	flames	they,
8	353	270	on	they,
8	354	271	the	they,
8	355	272	petals,	they,
8	356	272	petals,	they,
8	357	272	petals,	they,
8	358	273	as	NA
8	359	274	a	it'.
8	360	275	result,	it'.
8	361	275	result,	it'.
8	362	276	it	it'.
8	363	277	is	it'.
8	364	278	now	it'.
8	365	279	understood,	it'.
8	366	279	understood,	it'.
8	367	280	of	it'.
8	368	281	being	it'.
8	369	282	infected	it'.
8	370	283	with	it'.
8	371	284	tulip-specific	it'.
8	372	284	tulip-specific	it'.
8	373	284	tulip-specific	it'.
8	374	284	tulip-specific	it'.
8	375	285	virus	it'.
8	376	286	known	it'.
8	377	287	as	it'.
8	378	288	the	it'.
8	379	289	'Tulip	it'.
8	380	289	'Tulip	it'.
8	381	289	'Tulip	it'.
8	382	289	'Tulip	it'.
8	383	290	breaking	it'.
8	384	291	virus'.	it'.
8	385	291	virus'.	it'.
8	386	292	The	NA
8	387	293	Dutch	NA
8	388	294	Golden	NA
8	389	295	Age	NA
8	390	296	growers	NA
8	391	297	named	NA
8	392	298	their	them
8	393	299	new	them
8	394	300	varieties	them
8	395	301	with	NA
8	396	302	exalted	them.
8	397	303	titles.	them.
8	398	303	titles.	them.
8	399	304	Many	They
8	400	305	early	They
8	401	306	forms	They
8	402	307	were	NA
8	403	308	prefixed	NA
8	404	308	prefixed	NA
8	405	309	with	NA
8	406	310	'admiral',	'it',
8	407	310	'admiral',	'it',
8	408	310	'admiral',	'it',
8	409	310	'admiral',	'it',
8	410	310	'admiral',	'it',
8	411	311	often	NA
8	412	312	combined	NA
8	413	313	with	NA
8	414	314	the	them.
8	415	315	growers'	them.
8	416	315	growers'	them.
8	417	316	names.	them.
8	418	316	names.	them.
8	419	317	'General'	NA
8	420	317	'General'	NA
8	421	317	'General'	NA
8	422	318	was	NA
8	423	319	another	NA
8	424	320	prefix	NA
8	425	321	that	NA
8	426	322	found	NA
8	427	323	its	NA
8	428	324	way	NA
8	429	325	into	NA
8	430	326	the	NA
8	431	327	names	NA
8	432	328	of	NA
8	433	329	around	NA
8	434	330	thirty	NA
8	435	331	varieties.	NA
8	436	331	varieties.	NA
8	437	332	Later	NA
8	438	333	came	NA
8	439	334	varieties	they'.
8	440	335	with	they'.
8	441	336	even	they'.
8	442	337	more	they'.
8	443	338	superb	they'.
8	444	339	names,	they'.
8	445	339	names,	they'.
8	446	340	such	they'.
8	447	341	as	they'.
8	448	342	even	they'.
8	449	343	'Admiral	they'.
8	450	343	'Admiral	they'.
8	451	343	'Admiral	they'.
8	452	343	'Admiral	they'.
8	453	344	of	they'.
8	454	345	Admirals'	they'.
8	455	345	Admirals'	they'.
8	456	345	Admirals'	they'.
8	457	346	and	they'.
8	458	347	'General	they'.
8	459	347	'General	they'.
8	460	348	of	they'.
8	461	349	Generals'.	they'.
8	462	349	Generals'.	they'.
8	463	349	Generals'.	they'.
8	464	350	Most	They
8	465	351	of	They
8	466	352	these	They
8	467	353	varieties	They
8	468	354	have	NA
8	469	355	now	NA
8	470	356	died	NA
8	471	357	out,	NA
8	472	357	out,	NA
8	473	358	though	NA
8	474	359	similar	they
8	475	360	'broken'	they
8	476	360	'broken'	they
8	477	360	'broken'	they
8	478	361	tulips	they
8	479	361	tulips	they
8	480	362	continue	NA
8	481	363	in	NA
8	482	364	the	NA
8	483	365	trade.	NA
8	484	365	trade.	NA
8	485	366	Tulips	NA
8	486	366	Tulips	NA
8	487	367	grow	NA
8	488	368	from	NA
8	489	369	bulbs,	NA
8	490	369	bulbs,	NA
8	491	370	and	NA
8	492	371	can	NA
8	493	372	be	NA
8	494	373	propagated	NA
8	495	373	propagated	NA
8	496	374	through	NA
8	497	375	both	NA
8	498	376	seeds	NA
8	499	377	and	NA
8	500	378	buds.	NA
8	501	378	buds.	NA
8	502	379	Seeds	NA
8	503	380	from	NA
8	504	381	a	NA
8	505	382	tulip	NA
8	506	382	tulip	NA
8	507	383	will	NA
8	508	384	form	NA
8	509	385	a	NA
8	510	386	flowering	NA
8	511	387	bulb	NA
8	512	388	after	NA
8	513	389	seven-twelve	it.
8	514	389	seven-twelve	it.
8	515	389	seven-twelve	it.
8	516	389	seven-twelve	it.
8	517	390	years.	it.
8	518	390	years.	it.
8	519	391	When	NA
8	520	392	a	NA
8	521	393	bulb	NA
8	522	394	grows	NA
8	523	395	into	NA
8	524	396	the	NA
8	525	397	flower,	NA
8	526	397	flower,	NA
8	527	398	the	NA
8	528	399	original	NA
8	529	400	bulb	NA
8	530	401	will	NA
8	531	402	disappear,	NA
8	532	402	disappear,	NA
8	533	403	but	NA
8	534	404	a	it
8	535	405	clone	it
8	536	406	bulb	it
8	537	407	forms	NA
8	538	408	in	NA
8	539	409	its	its,
8	540	410	place,	its,
8	541	410	place,	its,
8	542	411	as	NA
8	543	412	do	NA
8	544	413	several	NA
8	545	414	buds.	NA
8	546	414	buds.	NA
8	547	415	Properly	NA
8	548	415	Properly	NA
8	549	416	cultivated,	NA
8	550	416	cultivated,	NA
8	551	417	these	NA
8	552	418	buds	NA
8	553	419	will	NA
8	554	420	become	NA
8	555	421	bulbs	them.
8	556	422	of	them.
8	557	423	their	them.
8	558	424	own.	them.
8	559	424	own.	them.
8	560	425	The	NA
8	561	426	'tulip	NA
8	562	426	'tulip	NA
8	563	426	'tulip	NA
8	564	426	'tulip	NA
8	565	427	breaking'	NA
8	566	427	breaking'	NA
8	567	428	virus,	NA
8	568	428	virus,	NA
8	569	429	which	NA
8	570	430	many	NA
8	571	431	botanists	NA
8	572	431	botanists	NA
8	573	431	botanists	NA
8	574	432	have	NA
8	575	433	studied,	NA
8	576	433	studied,	NA
8	577	434	spreads	NA
8	578	435	only	NA
8	579	436	through	NA
8	580	437	buds,	NA
8	581	437	buds,	NA
8	582	438	not	NA
8	583	439	seeds,	NA
8	584	439	seeds,	NA
8	585	440	and	NA
8	586	441	so	NA
8	587	442	cultivating	NA
8	588	443	the	them
8	589	444	most	them
8	590	445	appealing	them
8	591	446	varieties	them
8	592	447	takes	NA
8	593	448	years.	it.
8	594	448	years.	it.
8	595	449	Propagation	It
8	596	449	Propagation	It
8	597	449	Propagation	It
8	598	450	is	NA
8	599	451	greatly	NA
8	600	452	slowed	NA
8	601	453	down	NA
8	602	454	by	NA
8	603	455	the	NA
8	604	456	virus.	NA
8	605	456	virus.	NA
8	606	457	Tulips	NA
8	607	457	Tulips	NA
8	608	458	bloom	NA
8	609	459	in	NA
8	610	460	April	them
8	611	461	and	NA
8	612	462	May	them
8	613	463	for	NA
8	614	464	about	it,
8	615	465	a	it,
8	616	466	week,	it,
8	617	466	week,	it,
8	618	467	and	NA
8	619	468	the	they
8	620	469	secondary	they
8	621	470	buds	they
8	622	471	appear	NA
8	623	472	shortly	NA
8	624	473	thereafter.	NA
8	625	473	thereafter.	NA
8	626	474	Bulbs	NA
8	627	474	Bulbs	NA
8	628	475	can	NA
8	629	476	be	NA
8	630	477	uprooted	NA
8	631	477	uprooted	NA
8	632	478	and	NA
8	633	479	moved	NA
8	634	480	about	NA
8	635	481	from	NA
8	636	482	June	NA
8	637	483	to	NA
8	638	484	September,	it,
8	639	484	September,	it,
8	640	485	and	NA
8	641	486	thus	NA
8	642	487	actual	they
8	643	488	purchases	they
8	644	489	occurred	NA
8	645	490	during	NA
8	646	491	these	NA
8	647	492	months.	NA
8	648	492	months.	NA
8	649	493	As	NA
8	650	494	the	NA
8	651	495	flowers	NA
8	652	496	grew	NA
8	653	497	in	NA
8	654	498	popularity,	its,
8	655	498	popularity,	its,
8	656	499	professional	they
8	657	500	growers	they
8	658	501	paid	NA
8	659	502	higher	NA
8	660	503	and	NA
8	661	504	higher	NA
8	662	505	prices	NA
8	663	506	for	NA
8	664	507	bulbs	them.
8	665	508	with	them.
8	666	509	the	them.
8	667	510	virus.	them.
8	668	510	virus.	them.
8	669	511	By	NA
8	670	512	sixteen	it,
8	671	513	thirty-four,	it,
8	672	513	thirty-four,	it,
8	673	513	thirty-four,	it,
8	674	513	thirty-four,	it,
8	675	514	in	NA
8	676	515	part	NA
8	677	516	as	NA
8	678	517	a	NA
8	679	518	result	NA
8	680	519	of	NA
8	681	520	demand	it,
8	682	521	from	it,
8	683	522	the	it,
8	684	523	French,	it,
8	685	523	French,	it,
8	686	524	speculators	they
8	687	524	speculators	they
8	688	525	began	NA
8	689	526	to	NA
8	690	527	enter	NA
8	691	528	the	NA
8	692	529	market.	NA
8	693	529	market.	NA
8	694	530	In	NA
8	695	531	sixteen	NA
8	696	532	thirty-six,	NA
8	697	532	thirty-six,	NA
8	698	532	thirty-six,	NA
8	699	532	thirty-six,	NA
8	700	533	the	they
8	701	534	Dutch	they
8	702	535	created	NA
8	703	536	a	it.
8	704	537	type	it.
8	705	538	of	it.
8	706	539	formal	it.
8	707	540	futures	it.
8	708	541	markets,	it.
8	709	541	markets,	it.
8	710	542	which	it.
8	711	543	merchants	it.
8	712	544	used	it.
8	713	545	to	it.
8	714	546	sell	it.
8	715	547	and	it.
8	716	548	buy	it.
8	717	549	contracts	it.
8	718	550	to	it.
8	719	551	buy	it.
8	720	552	bulbs	it.
8	721	553	at	it.
8	722	554	the	it.
8	723	555	end	it.
8	724	556	of	it.
8	725	557	the	it.
8	726	558	season.	it.
8	727	558	season.	it.
8	728	559	Traders	They
8	729	559	Traders	They
8	730	560	met	NA
8	731	561	at	NA
8	732	562	taverns	them
8	733	562	taverns	them
8	734	563	and	NA
8	735	564	buyers	they
8	736	565	were	NA
8	737	566	required	NA
8	738	567	to	NA
8	739	568	pay	NA
8	740	569	a	NA
8	741	570	fee	NA
8	742	571	per	NA
8	743	572	trade.	it.
8	744	572	trade.	it.
8	745	573	People	NA
8	746	574	were	NA
8	747	575	purchasing	NA
8	748	576	bulbs	NA
8	749	577	at	NA
8	750	578	higher	NA
8	751	579	and	NA
8	752	580	higher	NA
8	753	581	prices,	NA
8	754	581	prices,	NA
8	755	582	intending	NA
8	756	583	to	NA
8	757	584	re-sell	NA
8	758	584	re-sell	NA
8	759	584	re-sell	NA
8	760	585	them	NA
8	761	586	for	NA
8	762	587	a	it.
8	763	588	profit.	it.
8	764	588	profit.	it.
8	765	589	However,	NA
8	766	589	However,	NA
8	767	590	such	NA
8	768	591	a	NA
8	769	592	scheme	NA
8	770	593	could	NA
8	771	594	not	NA
8	772	595	last	NA
8	773	596	unless	NA
8	774	597	someone	NA
8	775	598	was	NA
8	776	599	ultimately	NA
8	777	600	willing	NA
8	778	601	to	NA
8	779	602	pay	NA
8	780	603	such	NA
8	781	604	high	NA
8	782	605	prices	NA
8	783	606	and	NA
8	784	607	take	NA
8	785	608	possession	it.
8	786	609	of	it.
8	787	610	the	it.
8	788	611	bulbs.	it.
8	789	611	bulbs.	it.
8	790	612	In	NA
8	791	613	February	it,
8	792	614	sixteen	it,
8	793	615	thirty-seven,	it,
8	794	615	thirty-seven,	it,
8	795	615	thirty-seven,	it,
8	796	615	thirty-seven,	it,
8	797	616	tulip	NA
8	798	616	tulip	NA
8	799	617	traders	NA
8	800	618	could	NA
8	801	619	no	NA
8	802	620	longer	NA
8	803	621	find	NA
8	804	622	new	NA
8	805	623	buyers	NA
8	806	624	willing	NA
8	807	625	to	NA
8	808	626	pay	NA
8	809	627	increasingly	NA
8	810	628	inflated	NA
8	811	629	prices	NA
8	812	630	for	NA
8	813	631	their	NA
8	814	632	bulbs.	NA
8	815	632	bulbs.	NA
8	816	633	As	NA
8	817	634	this	NA
8	818	635	realization	NA
8	819	636	set	NA
8	820	637	in,	NA
8	821	637	in,	NA
8	822	638	the	it
8	823	639	demand	it
8	824	640	for	it
8	825	641	tulips	it
8	826	641	tulips	it
8	827	642	collapsed,	NA
8	828	642	collapsed,	NA
8	829	643	and	NA
8	830	644	prices	NA
8	831	645	plummeted.	NA
8	832	645	plummeted.	NA
8	833	646	The	NA
8	834	647	speculative	NA
8	835	648	bubble	NA
8	836	649	burst.	NA
8	837	649	burst.	NA
8	838	650	Some	They
8	839	651	were	NA
8	840	652	left	NA
8	841	653	holding	NA
8	842	654	contracts	NA
8	843	655	to	NA
8	844	656	purchase	NA
8	845	657	tulips	NA
8	846	657	tulips	NA
8	847	658	at	NA
8	848	659	prices	NA
8	849	660	now	NA
8	850	661	ten	NA
8	851	662	times	NA
8	852	663	greater	NA
8	853	664	than	NA
8	854	665	those	NA
8	855	666	on	NA
8	856	667	the	NA
8	857	668	open	NA
8	858	669	market,	NA
8	859	669	market,	NA
8	860	670	while	NA
8	861	671	others	NA
8	862	672	found	NA
8	863	673	themselves	NA
8	864	674	in	NA
8	865	675	possession	it.
8	866	676	of	it.
8	867	677	bulbs	it.
8	868	678	now	it.
8	869	679	worth	it.
8	870	680	a	it.
8	871	681	fraction	it.
8	872	682	of	it.
8	873	683	the	it.
8	874	684	price	it.
8	875	685	they	it.
8	876	686	had	it.
8	877	687	paid.	it.
8	878	687	paid.	it.
8	879	688	The	NA
8	880	689	event	NA
8	881	690	was	NA
8	882	691	popularized	NA
8	883	691	popularized	NA
8	884	692	in	NA
8	885	693	eighteen	it
8	886	694	forty-one	it
8	887	694	forty-one	it
8	888	694	forty-one	it
8	889	695	by	NA
8	890	696	the	NA
8	891	697	book	NA
8	892	698	'Extraordinary	'it
8	893	698	'Extraordinary	'it
8	894	698	'Extraordinary	'it
8	895	699	Popular	'it
8	896	700	Delusions	'it
8	897	700	Delusions	'it
8	898	701	and	NA
8	899	702	the	it',
8	900	703	Madness	it',
8	901	704	of	it',
8	902	705	Crowds',	it',
8	903	705	Crowds',	it',
8	904	705	Crowds',	it',
8	905	706	that	NA
8	906	707	a	NA
8	907	708	British	NA
8	908	709	journalist	NA
8	909	710	Charles	NA
8	910	711	Mackay	NA
8	911	711	Mackay	NA
8	912	712	wrote.	NA
8	913	712	wrote.	NA
8	914	713	That	NA
8	915	714	crowds	they
8	916	715	of	they
8	917	716	people	they
8	918	717	often	NA
8	919	718	behave	NA
8	920	719	irrationally	NA
8	921	719	irrationally	NA
8	922	719	irrationally	NA
8	923	720	was	NA
8	924	721	the	it,
8	925	722	main	it,
8	926	723	thesis	it,
8	927	724	of	it,
8	928	725	the	it,
8	929	726	book,	it,
8	930	726	book,	it,
8	931	727	and	NA
8	932	728	tulip	NA
8	933	728	tulip	NA
8	934	729	mania	NA
8	935	729	mania	NA
8	936	730	was	NA
8	937	731	one	NA
8	938	732	of	NA
8	939	733	the	NA
8	940	734	primary	NA
8	941	735	examples.	NA
8	942	735	examples.	NA
8	943	736	According	NA
8	944	737	to	NA
8	945	738	Mackay,	NA
8	946	738	Mackay,	NA
8	947	738	Mackay,	NA
8	948	739	at	NA
8	949	740	one	it
8	950	741	point	it
8	951	742	twelve	they
8	952	743	acres	they
8	953	744	of	they
8	954	745	land	they
8	955	746	were	NA
8	956	747	offered	NA
8	957	748	for	NA
8	958	749	a	it.
8	959	750	Semper	it.
8	960	750	Semper	it.
8	961	751	Augustus	it.
8	962	752	bulb.	it.
8	963	752	bulb.	it.
8	964	753	He	NA
8	965	754	claims	NA
8	966	755	that	NA
8	967	756	many	they
8	968	757	such	they
8	969	758	investors	they
8	970	759	ruined	they
8	971	760	by	they
8	972	761	the	they
8	973	762	fall	they
8	974	763	in	they
8	975	764	prices	they
8	976	765	were	NA
8	977	766	desperate,	NA
8	978	766	desperate,	NA
8	979	767	and	NA
8	980	768	Dutch	it
8	981	769	commerce	it
8	982	770	suffered	NA
8	983	771	a	it.
8	984	772	severe	it.
8	985	773	shock.	it.
8	986	773	shock.	it.
8	987	774	In	NA
8	988	775	Mackay's	NA
8	989	775	Mackay's	NA
8	990	775	Mackay's	NA
8	991	776	account,	NA
8	992	776	account,	NA
8	993	777	the	they
8	994	778	panicked	they
8	995	779	tulip	they
8	996	779	tulip	they
8	997	780	speculators	they
8	998	780	speculators	they
8	999	781	sought	NA
8	1000	782	help	it
8	1001	783	from	NA
8	1002	784	the	it.
8	1003	785	government	it.
8	1004	786	of	it.
8	1005	787	the	it.
8	1006	788	Netherlands,	it.
8	1007	788	Netherlands,	it.
8	1008	789	which	it.
8	1009	790	responded	it.
8	1010	791	by	it.
8	1011	792	declaring	it.
8	1012	793	that	it.
8	1013	794	anyone	it.
8	1014	795	who	it.
8	1015	796	had	it.
8	1016	797	bought	it.
8	1017	798	contracts	it.
8	1018	799	to	it.
8	1019	800	purchase	it.
8	1020	801	bulbs	it.
8	1021	802	in	it.
8	1022	803	the	it.
8	1023	804	future	it.
8	1024	805	could	it.
8	1025	806	void	it.
8	1026	807	their	it.
8	1027	808	contract	it.
8	1028	809	by	it.
8	1029	810	payment	it.
8	1030	811	of	it.
8	1031	812	a	it.
8	1032	813	ten	it.
8	1033	814	percent	it.
8	1034	815	fee.	it.
8	1035	815	fee.	it.
8	1036	816	Attempts	They
8	1037	816	Attempts	They
8	1038	817	that	They
8	1039	818	were	They
8	1040	819	made	They
8	1041	820	to	They
8	1042	821	resolve	They
8	1043	822	the	They
8	1044	823	situation	They
8	1045	824	to	They
8	1046	825	the	They
8	1047	826	satisfaction	They
8	1048	827	of	They
8	1049	828	all	They
8	1050	829	parties	They
8	1051	830	were	NA
8	1052	831	unsuccessful.	NA
8	1053	831	unsuccessful.	NA
8	1054	832	The	NA
8	1055	833	mania	NA
8	1056	833	mania	NA
8	1057	834	finally	NA
8	1058	835	ended,	NA
8	1059	835	ended,	NA
8	1060	836	Mackay	NA
8	1061	836	Mackay	NA
8	1062	837	says,	NA
8	1063	837	says,	NA
8	1064	838	with	NA
8	1065	839	individuals	NA
8	1066	840	stuck	NA
8	1067	841	with	NA
8	1068	842	the	NA
8	1069	843	bulbs	NA
8	1070	844	they	NA
8	1071	845	held	NA
8	1072	846	at	NA
8	1073	847	the	NA
8	1074	848	end	NA
8	1075	849	of	NA
8	1076	850	the	NA
8	1077	851	crash.	NA
8	1078	851	crash.	NA
8	1079	852	No	It
8	1080	853	court	It
8	1081	854	would	NA
8	1082	855	enforce	NA
8	1083	856	payment	it,
8	1084	857	of	it,
8	1085	858	a	it,
8	1086	859	contract,	it,
8	1087	859	contract,	it,
8	1088	860	since	NA
8	1089	861	judges	they
8	1090	862	regarded	NA
8	1091	863	the	them
8	1092	864	debts	them
8	1093	865	as	NA
8	1094	866	contracted	NA
8	1095	867	through	NA
8	1096	868	gambling,	it,
8	1097	868	gambling,	it,
8	1098	869	and	NA
8	1099	870	thus	NA
8	1100	871	not	NA
8	1101	872	enforceable	NA
8	1102	872	enforceable	NA
8	1103	873	by	NA
8	1104	874	law.	it.
8	1105	874	law.	it.
8	1106	875	Although	NA
8	1107	876	Mackay's	NA
8	1108	876	Mackay's	NA
8	1109	876	Mackay's	NA
8	1110	877	book	NA
8	1111	878	is	NA
8	1112	879	a	NA
8	1113	880	classic	NA
8	1114	881	that	NA
8	1115	882	many	NA
8	1116	883	publishing	NA
8	1117	884	houses	NA
8	1118	885	continue	NA
8	1119	886	reprinting	NA
8	1120	886	reprinting	NA
8	1121	887	today,	NA
8	1122	887	today,	NA
8	1123	888	his	NA
8	1124	889	account	NA
8	1125	890	is	NA
8	1126	891	contested.	NA
8	1127	891	contested.	NA
8	1128	892	Many	They
8	1129	893	modern	They
8	1130	894	scholars	They
8	1131	895	believe	NA
8	1132	896	the	NA
8	1133	897	mania	NA
8	1134	897	mania	NA
8	1135	898	was	NA
8	1136	899	not	NA
8	1137	900	as	NA
8	1138	901	extraordinary	NA
8	1139	902	as	NA
8	1140	903	Mackay	NA
8	1141	903	Mackay	NA
8	1142	904	described,	NA
8	1143	904	described,	NA
8	1144	905	with	NA
8	1145	906	some	it
8	1146	907	arguing	NA
8	1147	908	that	NA
8	1148	909	the	they
8	1149	910	price	they
8	1150	911	changes	they
8	1151	912	may	NA
8	1152	913	not	NA
8	1153	914	have	NA
8	1154	915	constituted	NA
8	1155	916	a	NA
8	1156	917	bubble.	NA
8	1157	917	bubble.	NA
8	1158	918	Research	It
8	1159	919	on	It
8	1160	920	the	It
8	1161	921	tulip	It
8	1162	921	tulip	It
8	1163	922	mania	It
8	1164	922	mania	It
8	1165	923	is	NA
8	1166	924	difficult	NA
8	1167	925	because	NA
8	1168	926	of	NA
8	1169	927	the	it.
8	1170	928	limited	it.
8	1171	929	data	it.
8	1172	930	from	it.
8	1173	931	the	it.
8	1174	932	sixteen	it.
8	1175	933	thirties.	it.
8	1176	933	thirties.	it.
8	1177	933	thirties.	it.
8	1178	933	thirties.	it.
8	1179	934	However,	NA
8	1180	934	However,	NA
8	1181	935	some	they
8	1182	936	modern	they
8	1183	937	economists	they
8	1184	938	have	NA
8	1185	939	proposed	NA
8	1186	940	rational	them.
8	1187	941	explanations,	them.
8	1188	941	explanations,	them.
8	1189	942	rather	them.
8	1190	943	than	them.
8	1191	944	a	them.
8	1192	945	speculative	them.
8	1193	946	mania,	them.
8	1194	946	mania,	them.
8	1195	946	mania,	them.
8	1196	947	for	them.
8	1197	948	the	them.
8	1198	949	rise	them.
8	1199	950	and	them.
8	1200	951	fall	them.
8	1201	952	in	them.
8	1202	953	prices.	them.
8	1203	953	prices.	them.
8	1204	954	For	NA
8	1205	955	example,	NA
8	1206	955	example,	NA
8	1207	956	other	they,
8	1208	957	flowers,	they,
8	1209	957	flowers,	they,
8	1210	958	such	they,
8	1211	959	as	they,
8	1212	960	the	they,
8	1213	961	hyacinth,	they,
8	1214	961	hyacinth,	they,
8	1215	961	hyacinth,	they,
8	1216	961	hyacinth,	they,
8	1217	962	also	NA
8	1218	963	had	NA
8	1219	964	high	NA
8	1220	965	prices	NA
8	1221	966	on	NA
8	1222	967	the	their,
8	1223	968	flower's	their,
8	1224	968	flower's	their,
8	1225	969	introduction,	their,
8	1226	969	introduction,	their,
8	1227	970	which	NA
8	1228	971	then	NA
8	1229	972	fell	NA
8	1230	973	dramatically.	NA
8	1231	973	dramatically.	NA
8	1232	974	The	NA
8	1233	975	high	NA
8	1234	976	prices	NA
8	1235	977	may	NA
8	1236	978	also	NA
8	1237	979	have	NA
8	1238	980	been	NA
8	1239	981	driven	NA
8	1240	982	by	NA
8	1241	983	expectations	them,
8	1242	984	of	them,
8	1243	985	a	them,
8	1244	986	parliamentary	them,
8	1245	987	decree	them,
8	1246	988	that	them,
8	1247	989	contracts	them,
8	1248	990	could	them,
8	1249	991	be	them,
8	1250	992	voided	them,
8	1251	992	voided	them,
8	1252	993	for	them,
8	1253	994	a	them,
8	1254	995	small	them,
8	1255	996	cost,	them,
8	1256	996	cost,	them,
8	1257	997	thus	NA
8	1258	998	lowering	NA
8	1259	999	the	it
8	1260	1000	risk	it
8	1261	1001	to	NA
8	1262	1002	buyers.	them.
8	1263	1002	buyers.	them.
8	1264	1003	Despite	NA
8	1265	1004	these	them,
8	1266	1005	disagreements	them,
8	1267	1006	about	them,
8	1268	1007	whether	them,
8	1269	1008	the	them,
8	1270	1009	phenomenon	them,
8	1271	1010	technically	them,
8	1272	1011	constituted	them,
8	1273	1012	an	them,
8	1274	1013	economic	them,
8	1275	1014	bubble,	them,
8	1276	1014	bubble,	them,
8	1277	1015	the	NA
8	1278	1016	term	NA
8	1279	1017	'tulip	NA
8	1280	1017	'tulip	NA
8	1281	1017	'tulip	NA
8	1282	1017	'tulip	NA
8	1283	1018	mania'	NA
8	1284	1018	mania'	NA
8	1285	1018	mania'	NA
8	1286	1019	is	NA
8	1287	1020	still	NA
8	1288	1021	often	NA
8	1289	1022	used	NA
8	1290	1023	metaphorically	NA
8	1291	1023	metaphorically	NA
8	1292	1024	to	NA
8	1293	1025	refer	NA
8	1294	1026	to	NA
8	1295	1027	any	it,
8	1296	1028	large	it,
8	1297	1029	economic	it,
8	1298	1030	bubble,	it,
8	1299	1030	bubble,	it,
8	1300	1031	when	NA
8	1301	1032	asset	NA
8	1302	1033	prices	NA
8	1303	1034	deviate	NA
8	1304	1034	deviate	NA
8	1305	1035	from	NA
8	1306	1036	intrinsic	their.
8	1307	1037	values.	their.
8	1308	1037	values.	their.
9	0	0	Tourette's	NA
9	1	0	Tourette's	NA
9	2	0	Tourette's	NA
9	3	0	Tourette's	NA
9	4	1	syndrome,	NA
9	5	1	syndrome,	NA
9	6	2	a	NA
9	7	3	neurological	NA
9	8	4	disorder	NA
9	9	5	characterized	NA
9	10	6	by	NA
9	11	7	repetitive,	NA
9	12	7	repetitive,	NA
9	13	8	involuntary	NA
9	14	9	movements,	NA
9	15	9	movements,	NA
9	16	10	was	NA
9	17	11	named	NA
9	18	12	for	NA
9	19	13	Dr.	NA
9	20	13	Dr.	NA
9	21	14	Georges	NA
9	22	14	Georges	NA
9	23	15	Gilles	NA
9	24	15	Gilles	NA
9	25	16	de	NA
9	26	17	la	NA
9	27	18	Tourette,	NA
9	28	18	Tourette,	NA
9	29	18	Tourette,	NA
9	30	19	the	NA
9	31	20	pioneering	NA
9	32	21	French	NA
9	33	22	neurologist	NA
9	34	22	neurologist	NA
9	35	23	who	NA
9	36	24	first	NA
9	37	25	described	NA
9	38	26	the	NA
9	39	27	condition	NA
9	40	28	in	NA
9	41	29	an	NA
9	42	30	eighty-six-year-old	NA
9	43	30	eighty-six-year-old	NA
9	44	30	eighty-six-year-old	NA
9	45	30	eighty-six-year-old	NA
9	46	30	eighty-six-year-old	NA
9	47	30	eighty-six-year-old	NA
9	48	30	eighty-six-year-old	NA
9	49	31	French	NA
9	50	32	noblewoman.	NA
9	51	32	noblewoman.	NA
9	52	32	noblewoman.	NA
9	53	33	It	NA
9	54	34	is	NA
9	55	35	almost	NA
9	56	36	always	NA
9	57	37	in	NA
9	58	38	childhood	NA
9	59	39	that	NA
9	60	40	the	them
9	61	41	early	them
9	62	42	symptoms	them
9	63	43	of	them
9	64	44	Tourette's	them
9	65	44	Tourette's	them
9	66	44	Tourette's	them
9	67	45	are	NA
9	68	46	first	NA
9	69	47	noticed,	NA
9	70	47	noticed,	NA
9	71	48	with	NA
9	72	49	the	it
9	73	50	average	it
9	74	51	onset	it
9	75	52	between	NA
9	76	53	the	they.
9	77	54	ages	they.
9	78	55	of	they.
9	79	56	seven	they.
9	80	57	and	they.
9	81	58	ten	they.
9	82	59	years.	they.
9	83	59	years.	they.
9	84	60	It	NA
9	85	61	is	NA
9	86	62	estimated	NA
9	87	63	that	NA
9	88	64	two	NA
9	89	65	hundred	NA
9	90	66	thousand	NA
9	91	67	Americans	NA
9	92	68	have	NA
9	93	69	the	NA
9	94	70	most	NA
9	95	71	severe	NA
9	96	72	form	NA
9	97	73	of	NA
9	98	74	Tourette's,	NA
9	99	74	Tourette's,	NA
9	100	74	Tourette's,	NA
9	101	74	Tourette's,	NA
9	102	75	and	NA
9	103	76	as	them
9	104	77	many	them
9	105	78	as	them
9	106	79	one	them
9	107	80	in	them
9	108	81	a	them
9	109	82	hundred	them
9	110	83	people	them
9	111	84	exhibit	NA
9	112	85	milder	it.
9	113	85	milder	it.
9	114	86	and	it.
9	115	87	less	it.
9	116	88	complex	it.
9	117	89	symptoms	it.
9	118	90	that	it.
9	119	91	include	it.
9	120	92	chronic	it.
9	121	93	motor	it.
9	122	94	and	it.
9	123	95	vocal	it.
9	124	96	tics	it.
9	125	96	tics	it.
9	126	97	or	it.
9	127	98	transient	it.
9	128	99	tics	it.
9	129	99	tics	it.
9	130	100	of	it.
9	131	101	childhood.	it.
9	132	101	childhood.	it.
9	133	102	For	NA
9	134	103	the	they,
9	135	104	majority	they,
9	136	105	of	they,
9	137	106	people	they,
9	138	107	diagnosed	they,
9	139	108	with	they,
9	140	109	the	they,
9	141	110	disorder,	they,
9	142	110	disorder,	they,
9	143	111	Tourette's	NA
9	144	111	Tourette's	NA
9	145	111	Tourette's	NA
9	146	112	is	NA
9	147	113	not	NA
9	148	114	a	it.
9	149	115	chronic	it.
9	150	116	condition	it.
9	151	117	with	it.
9	152	118	symptoms	it.
9	153	119	lasting	it.
9	154	120	a	it.
9	155	121	lifetime.	it.
9	156	121	lifetime.	it.
9	157	122	Rather	NA
9	158	123	it	NA
9	159	124	is	NA
9	160	125	a	NA
9	161	126	condition	NA
9	162	127	whose	NA
9	163	128	severity	NA
9	164	129	peaks	NA
9	165	130	in	NA
9	166	131	the	NA
9	167	132	early	NA
9	168	133	teens,	NA
9	169	133	teens,	NA
9	170	134	with	NA
9	171	135	improvement	NA
9	172	136	occurring	NA
9	173	137	in	NA
9	174	138	the	NA
9	175	139	late	NA
9	176	140	teens	NA
9	177	141	and	NA
9	178	142	continuing	NA
9	179	143	into	NA
9	180	144	adulthood.	NA
9	181	144	adulthood.	NA
9	182	145	However,	NA
9	183	145	However,	NA
9	184	146	approximately	them
9	185	147	ten	them
9	186	148	percent	them
9	187	149	of	them
9	188	150	those	them
9	189	151	affected	them
9	190	152	have	NA
9	191	153	a	them.
9	192	154	progressive	them.
9	193	155	or	them.
9	194	156	disabling	them.
9	195	157	course	them.
9	196	158	that	them.
9	197	159	lasts	them.
9	198	160	into	them.
9	199	161	adulthood.	them.
9	200	161	adulthood.	them.
9	201	162	It	NA
9	202	163	is	NA
9	203	164	not	NA
9	204	165	uncommon	NA
9	205	166	for	NA
9	206	167	symptoms	NA
9	207	168	to	NA
9	208	169	be	NA
9	209	170	present	NA
9	210	171	for	NA
9	211	172	an	NA
9	212	173	extended	NA
9	213	174	period	NA
9	214	175	of	NA
9	215	176	time	NA
9	216	177	before	NA
9	217	178	a	NA
9	218	179	formal	NA
9	219	180	diagnosis	NA
9	220	181	of	NA
9	221	182	Tourette's	NA
9	222	182	Tourette's	NA
9	223	182	Tourette's	NA
9	224	183	is	NA
9	225	184	obtained.	NA
9	226	184	obtained.	NA
9	227	185	The	They
9	228	186	reasons	They
9	229	187	for	They
9	230	188	this	They
9	231	189	are	NA
9	232	190	many	NA
9	233	191	and	NA
9	234	192	may	NA
9	235	193	include	NA
9	236	194	the	it.
9	237	195	fact	it.
9	238	196	that	it.
9	239	197	for	it.
9	240	198	families	it.
9	241	199	and	it.
9	242	200	physicians	it.
9	243	201	unfamiliar	it.
9	244	202	with	it.
9	245	203	Tourette's,	it.
9	246	203	Tourette's,	it.
9	247	203	Tourette's,	it.
9	248	203	Tourette's,	it.
9	249	204	mild	it.
9	250	205	and	it.
9	251	206	even	it.
9	252	207	moderate	it.
9	253	208	tic	it.
9	254	208	tic	it.
9	255	209	symptoms	it.
9	256	210	may	it.
9	257	211	be	it.
9	258	212	considered	it.
9	259	213	inconsequential,	it.
9	260	213	inconsequential,	it.
9	261	213	inconsequential,	it.
9	262	213	inconsequential,	it.
9	263	214	part	it.
9	264	215	of	it.
9	265	216	a	it.
9	266	217	developmental	it.
9	267	218	phase,	it.
9	268	218	phase,	it.
9	269	219	or	it.
9	270	220	the	it.
9	271	221	result	it.
9	272	222	of	it.
9	273	223	another	it.
9	274	224	condition.	it.
9	275	224	condition.	it.
9	276	225	For	NA
9	277	226	example,	NA
9	278	226	example,	NA
9	279	227	parents	they
9	280	228	may	NA
9	281	229	think	NA
9	282	230	that	NA
9	283	231	eye	NA
9	284	232	blinking	NA
9	285	233	is	NA
9	286	234	related	NA
9	287	235	to	NA
9	288	236	vision	them
9	289	237	problems	them
9	290	238	or	NA
9	291	239	that	NA
9	292	240	sniffing	it
9	293	240	sniffing	it
9	294	241	is	NA
9	295	242	related	NA
9	296	243	to	NA
9	297	244	seasonal	they.
9	298	245	allergies.	they.
9	299	245	allergies.	they.
9	300	246	There	NA
9	301	247	are	NA
9	302	248	many	NA
9	303	249	patients	NA
9	304	250	who	NA
9	305	251	are	NA
9	306	252	self-diagnosed	NA
9	307	252	self-diagnosed	NA
9	308	252	self-diagnosed	NA
9	309	252	self-diagnosed	NA
9	310	253	after	NA
9	311	254	they,	NA
9	312	254	they,	NA
9	313	255	their	they,
9	314	256	parents,	they,
9	315	256	parents,	they,
9	316	257	other	they,
9	317	258	relatives,	they,
9	318	258	relatives,	they,
9	319	259	or	NA
9	320	260	friends	they
9	321	261	read	NA
9	322	262	or	NA
9	323	263	hear	NA
9	324	264	about	NA
9	325	265	Tourette's	NA
9	326	265	Tourette's	NA
9	327	265	Tourette's	NA
9	328	266	from	NA
9	329	267	others.	it.
9	330	267	others.	it.
9	331	268	Tics	NA
9	332	268	Tics	NA
9	333	269	are	NA
9	334	270	classified	NA
9	335	271	as	NA
9	336	272	either	NA
9	337	273	simple	NA
9	338	274	or	NA
9	339	275	complex.	NA
9	340	275	complex.	NA
9	341	276	Simple	NA
9	342	277	motor	NA
9	343	278	tics	NA
9	344	278	tics	NA
9	345	279	are	NA
9	346	280	sudden,	NA
9	347	280	sudden,	NA
9	348	281	brief,	NA
9	349	281	brief,	NA
9	350	282	repetitive	NA
9	351	283	movements	NA
9	352	284	that	NA
9	353	285	involve	NA
9	354	286	a	NA
9	355	287	limited	NA
9	356	288	number	NA
9	357	289	of	NA
9	358	290	muscle	NA
9	359	291	groups.	NA
9	360	291	groups.	NA
9	361	292	Some	They
9	362	293	of	They
9	363	294	the	They
9	364	295	more	They
9	365	296	common	They
9	366	297	simple	They
9	367	298	tics	They
9	368	298	tics	They
9	369	299	include	NA
9	370	300	eye	NA
9	371	301	blinking,	NA
9	372	301	blinking,	NA
9	373	302	facial	they,
9	374	303	grimacing,	they,
9	375	303	grimacing,	they,
9	376	303	grimacing,	they,
9	377	304	shoulder	they,
9	378	305	shrugging,	they,
9	379	305	shrugging,	they,
9	380	305	shrugging,	they,
9	381	305	shrugging,	they,
9	382	306	and	NA
9	383	307	head	they.
9	384	308	or	they.
9	385	309	shoulder	they.
9	386	310	jerking.	they.
9	387	310	jerking.	they.
9	388	310	jerking.	they.
9	389	311	Simple	They,
9	390	312	vocalizations,	They,
9	391	312	vocalizations,	They,
9	392	312	vocalizations,	They,
9	393	313	which	They,
9	394	314	motor	They,
9	395	315	tics	They,
9	396	315	tics	They,
9	397	316	typically	They,
9	398	317	precede,	They,
9	399	317	precede,	They,
9	400	317	precede,	They,
9	401	318	might	NA
9	402	319	include	NA
9	403	320	repetitive	NA
9	404	321	throat-clearing,	they,
9	405	321	throat-clearing,	they,
9	406	321	throat-clearing,	they,
9	407	321	throat-clearing,	they,
9	408	321	throat-clearing,	they,
9	409	322	sniffing,	NA
9	410	322	sniffing,	NA
9	411	322	sniffing,	NA
9	412	323	or	NA
9	413	324	grunting	they.
9	414	324	grunting	they.
9	415	325	sounds.	they.
9	416	325	sounds.	they.
9	417	326	Complex	NA
9	418	327	tics	NA
9	419	327	tics	NA
9	420	328	are	NA
9	421	329	distinct,	NA
9	422	329	distinct,	NA
9	423	330	coordinated	NA
9	424	331	patterns	NA
9	425	332	of	NA
9	426	333	movement	NA
9	427	334	that	NA
9	428	335	involve	NA
9	429	336	several	NA
9	430	337	muscle	NA
9	431	338	groups.	NA
9	432	338	groups.	NA
9	433	339	Complex	They
9	434	340	motor	They
9	435	341	tics	They
9	436	341	tics	They
9	437	342	might	NA
9	438	343	include	NA
9	439	344	facial	it.
9	440	345	grimacing	it.
9	441	345	grimacing	it.
9	442	346	combined	it.
9	443	347	with	it.
9	444	348	a	it.
9	445	349	head	it.
9	446	350	twist	it.
9	447	351	and	it.
9	448	352	a	it.
9	449	353	shoulder	it.
9	450	354	shrug.	it.
9	451	354	shrug.	it.
9	452	355	Other	They
9	453	356	complex	They
9	454	357	motor	They
9	455	358	tics	They
9	456	358	tics	They
9	457	359	may	NA
9	458	360	actually	NA
9	459	361	appear	NA
9	460	362	purposeful,	NA
9	461	362	purposeful,	NA
9	462	362	purposeful,	NA
9	463	363	including	NA
9	464	364	sniffing	NA
9	465	364	sniffing	NA
9	466	365	or	NA
9	467	366	touching	NA
9	468	367	objects,	them,
9	469	367	objects,	them,
9	470	368	hopping,	NA
9	471	368	hopping,	NA
9	472	369	jumping,	NA
9	473	369	jumping,	NA
9	474	370	bending,	NA
9	475	370	bending,	NA
9	476	371	or	NA
9	477	372	twisting.	NA
9	478	372	twisting.	NA
9	479	373	Complex	They
9	480	374	vocal	They
9	481	375	tics	They
9	482	375	tics	They
9	483	376	include	NA
9	484	377	words	they
9	485	378	or	NA
9	486	379	phrases.	they.
9	487	379	phrases.	they.
9	488	380	Perhaps	NA
9	489	381	the	they
9	490	382	most	they
9	491	383	dramatic	they
9	492	384	and	they
9	493	385	disabling	they
9	494	386	tics	they
9	495	386	tics	they
9	496	387	include	NA
9	497	388	motor	they,
9	498	389	movements	they,
9	499	390	that	they,
9	500	391	result	they,
9	501	392	in	they,
9	502	393	self-harm	they,
9	503	393	self-harm	they,
9	504	393	self-harm	they,
9	505	394	such	they,
9	506	395	as	they,
9	507	396	punching	they,
9	508	397	oneself	they,
9	509	398	in	they,
9	510	399	the	they,
9	511	400	face,	they,
9	512	400	face,	they,
9	513	401	or	NA
9	514	402	vocal	they.
9	515	403	tics	they.
9	516	403	tics	they.
9	517	404	including	they.
9	518	405	coprolalia,	they.
9	519	405	coprolalia,	they.
9	520	405	coprolalia,	they.
9	521	405	coprolalia,	they.
9	522	406	which	they.
9	523	407	involves	they.
9	524	408	uttering	they.
9	525	408	uttering	they.
9	526	409	swear	they.
9	527	410	words,	they.
9	528	410	words,	they.
9	529	411	or	they.
9	530	412	echolalia,	they.
9	531	412	echolalia,	they.
9	532	412	echolalia,	they.
9	533	412	echolalia,	they.
9	534	412	echolalia,	they.
9	535	413	which	they.
9	536	414	involves	they.
9	537	415	repeating	they.
9	538	416	the	they.
9	539	417	words	they.
9	540	418	or	they.
9	541	419	phrases	they.
9	542	420	of	they.
9	543	421	others.	they.
9	544	421	others.	they.
9	545	422	Tics	NA
9	546	422	Tics	NA
9	547	423	are	NA
9	548	424	often	NA
9	549	425	worse	NA
9	550	426	with	NA
9	551	427	excitement	it
9	552	428	or	NA
9	553	429	anxiety	it
9	554	430	and	NA
9	555	431	better	NA
9	556	432	during	NA
9	557	433	calm,	they.
9	558	433	calm,	they.
9	559	434	focused	they.
9	560	435	activities.	they.
9	561	435	activities.	they.
9	562	436	Certain	They
9	563	437	physical	They
9	564	438	experiences	They
9	565	439	can	NA
9	566	440	trigger	NA
9	567	441	or	NA
9	568	442	worsen	NA
9	569	443	tics.	NA
9	570	443	tics.	NA
9	571	443	tics.	NA
9	572	444	For	NA
9	573	445	example,	NA
9	574	445	example,	NA
9	575	446	tight	they
9	576	447	collars	they
9	577	447	collars	they
9	578	448	may	NA
9	579	449	trigger	NA
9	580	450	neck	them,
9	581	451	tics,	them,
9	582	451	tics,	them,
9	583	451	tics,	them,
9	584	452	or	NA
9	585	453	hearing	NA
9	586	454	another	them
9	587	455	person	them
9	588	456	sniff	NA
9	589	457	or	NA
9	590	458	throat-clear	NA
9	591	458	throat-clear	NA
9	592	458	throat-clear	NA
9	593	459	may	NA
9	594	460	trigger	NA
9	595	461	the	them.
9	596	462	production	them.
9	597	463	of	them.
9	598	464	similar	them.
9	599	465	sounds.	them.
9	600	465	sounds.	them.
9	601	466	Tics	NA
9	602	466	Tics	NA
9	603	467	come	NA
9	604	468	and	NA
9	605	469	go	NA
9	606	470	over	NA
9	607	471	time,	it,
9	608	471	time,	it,
9	609	472	varying	NA
9	610	473	in	NA
9	611	474	type,	their,
9	612	474	type,	their,
9	613	475	frequency,	their,
9	614	475	frequency,	their,
9	615	476	location,	their,
9	616	476	location,	their,
9	617	477	and	NA
9	618	478	severity.	their.
9	619	478	severity.	their.
9	620	479	The	NA
9	621	480	first	NA
9	622	481	symptoms	NA
9	623	482	Tourette's	NA
9	624	482	Tourette's	NA
9	625	482	Tourette's	NA
9	626	483	patients	NA
9	627	484	experience	NA
9	628	485	usually	NA
9	629	486	occur	NA
9	630	487	in	NA
9	631	488	the	it,
9	632	489	head	it,
9	633	490	and	it,
9	634	491	neck	it,
9	635	492	area,	it,
9	636	492	area,	it,
9	637	493	though	NA
9	638	494	they	NA
9	639	495	may	NA
9	640	496	progress	NA
9	641	497	to	NA
9	642	498	include	NA
9	643	499	muscles	them.
9	644	500	of	them.
9	645	501	the	them.
9	646	502	trunk	them.
9	647	503	and	them.
9	648	504	extremities.	them.
9	649	504	extremities.	them.
9	650	504	extremities.	them.
9	651	505	The	They
9	652	506	symptoms	They
9	653	507	of	They
9	654	508	Tourette's	They
9	655	508	Tourette's	They
9	656	508	Tourette's	They
9	657	509	are	NA
9	658	510	involuntary,	NA
9	659	510	involuntary,	NA
9	660	511	but	NA
9	661	512	there	NA
9	662	513	are	NA
9	663	514	some	they.
9	664	515	people	they.
9	665	516	who	they.
9	666	517	can	they.
9	667	518	sometimes	they.
9	668	519	suppress,	they.
9	669	519	suppress,	they.
9	670	520	camouflage,	they.
9	671	520	camouflage,	they.
9	672	521	or	they.
9	673	522	otherwise	they.
9	674	523	manage	they.
9	675	524	their	they.
9	676	525	tics	they.
9	677	525	tics	they.
9	678	526	in	they.
9	679	527	an	they.
9	680	528	effort	they.
9	681	529	to	they.
9	682	530	minimize	they.
9	683	531	their	they.
9	684	532	impact	they.
9	685	533	on	they.
9	686	534	functioning.	they.
9	687	534	functioning.	they.
9	688	535	However,	NA
9	689	535	However,	NA
9	690	536	people	NA
9	691	537	affected	NA
9	692	538	by	NA
9	693	539	Tourette's	NA
9	694	539	Tourette's	NA
9	695	539	Tourette's	NA
9	696	540	often	NA
9	697	541	report	NA
9	698	542	a	it
9	699	543	substantial	it
9	700	544	buildup	it
9	701	545	in	it
9	702	546	tension	it
9	703	547	when	NA
9	704	548	suppressing	NA
9	705	549	their	NA
9	706	550	tics	NA
9	707	550	tics	NA
9	708	551	to	NA
9	709	552	the	it.
9	710	553	point	it.
9	711	554	where	it.
9	712	555	they	it.
9	713	556	often	it.
9	714	557	feel	it.
9	715	558	that	it.
9	716	559	the	it.
9	717	560	tic	it.
9	718	560	tic	it.
9	719	561	must	it.
9	720	562	be	it.
9	721	563	expressed.	it.
9	722	563	expressed.	it.
9	723	564	Tics	NA
9	724	564	Tics	NA
9	725	565	in	NA
9	726	566	response	NA
9	727	567	to	NA
9	728	568	an	NA
9	729	569	environmental	NA
9	730	570	trigger	NA
9	731	571	can	NA
9	732	572	appear	NA
9	733	573	to	NA
9	734	574	be	NA
9	735	575	voluntary	NA
9	736	576	or	NA
9	737	577	purposeful,	NA
9	738	577	purposeful,	NA
9	739	577	purposeful,	NA
9	740	578	but	NA
9	741	579	are	NA
9	742	580	not.	NA
9	743	580	not.	NA
9	744	581	Many	They
9	745	582	people	They
9	746	583	with	They
9	747	584	Tourette's	They
9	748	584	Tourette's	They
9	749	584	Tourette's	They
9	750	585	experience	NA
9	751	586	additional	they.
9	752	587	neurobehavioral	they.
9	753	587	neurobehavioral	they.
9	754	587	neurobehavioral	they.
9	755	588	problems	they.
9	756	589	that	they.
9	757	590	include	they.
9	758	591	inattention,	they.
9	759	591	inattention,	they.
9	760	591	inattention,	they.
9	761	591	inattention,	they.
9	762	592	hyperactivity	they.
9	763	592	hyperactivity	they.
9	764	593	and	they.
9	765	594	impulsivity.	they.
9	766	594	impulsivity.	they.
9	767	594	impulsivity.	they.
9	768	595	People	They
9	769	596	with	They
9	770	597	Tourette's	They
9	771	597	Tourette's	They
9	772	597	Tourette's	They
9	773	598	have	NA
9	774	599	also	NA
9	775	600	reported	NA
9	776	601	problems	them,
9	777	602	with	them,
9	778	603	depression	them,
9	779	604	or	them,
9	780	605	anxiety	them,
9	781	606	disorders,	them,
9	782	606	disorders,	them,
9	783	607	as	NA
9	784	608	well	NA
9	785	609	as	NA
9	786	610	other	them.
9	787	611	difficulties	them.
9	788	612	Tourette's	them.
9	789	612	Tourette's	them.
9	790	612	Tourette's	them.
9	791	613	syndrome	them.
9	792	614	may	them.
9	793	615	or	them.
9	794	616	may	them.
9	795	617	not	them.
9	796	618	directly	them.
9	797	619	cause.	them.
9	798	619	cause.	them.
9	799	620	Tourette's	NA
9	800	620	Tourette's	NA
9	801	620	Tourette's	NA
9	802	621	is	NA
9	803	622	a	NA
9	804	623	diagnosis	NA
9	805	624	doctors	NA
9	806	625	make	NA
9	807	626	after	NA
9	808	627	verifying	NA
9	809	628	that	NA
9	810	629	the	NA
9	811	630	patient	NA
9	812	631	has	NA
9	813	632	had	NA
9	814	633	both	NA
9	815	634	motor	NA
9	816	635	and	NA
9	817	636	vocal	NA
9	818	637	tics	NA
9	819	637	tics	NA
9	820	638	for	NA
9	821	639	at	NA
9	822	640	least	NA
9	823	641	one	NA
9	824	642	year.	NA
9	825	642	year.	NA
9	826	643	The	It
9	827	644	existence	It
9	828	645	of	It
9	829	646	other	It
9	830	647	neurological	It
9	831	648	or	It
9	832	649	psychiatric	It
9	833	650	conditions	It
9	834	651	can	NA
9	835	652	also	NA
9	836	653	help	NA
9	837	654	doctors	NA
9	838	655	establish	NA
9	839	656	the	NA
9	840	657	diagnosis	NA
9	841	658	of	NA
9	842	659	Tourette's	NA
9	843	659	Tourette's	NA
9	844	659	Tourette's	NA
9	845	660	is	NA
9	846	661	the	NA
9	847	662	correct	NA
9	848	663	one.	NA
9	849	663	one.	NA
9	850	664	Knowledgeable	They
9	851	664	Knowledgeable	They
9	852	665	clinicians	They
9	853	666	consulted	They
9	854	667	by	They
9	855	668	patients	They
9	856	669	do	NA
9	857	670	not	NA
9	858	671	often	NA
9	859	672	misdiagnose	NA
9	860	672	misdiagnose	NA
9	861	672	misdiagnose	NA
9	862	673	common	NA
9	863	674	tics.	NA
9	864	674	tics.	NA
9	865	674	tics.	NA
9	866	675	However,	NA
9	867	675	However,	NA
9	868	676	atypical	they
9	869	676	atypical	they
9	870	676	atypical	they
9	871	677	symptoms	they
9	872	678	or	NA
9	873	679	atypical	they
9	874	679	atypical	they
9	875	679	atypical	they
9	876	680	presentation	they
9	877	681	such	they
9	878	682	as	they
9	879	683	onset	they
9	880	684	of	they
9	881	685	symptoms	they
9	882	686	in	they
9	883	687	adulthood	they
9	884	688	may	NA
9	885	689	require	NA
9	886	690	specialty	it
9	887	691	expertise	it
9	888	692	for	NA
9	889	693	diagnosis.	NA
9	890	693	diagnosis.	NA
9	891	694	There	NA
9	892	695	are	NA
9	893	696	no	NA
9	894	697	blood	they
9	895	698	or	they
9	896	699	laboratory	they
9	897	700	tests	they
9	898	701	needed	NA
9	899	702	for	NA
9	900	703	diagnosis.	NA
9	901	703	diagnosis.	NA
9	902	704	However,	NA
9	903	704	However,	NA
9	904	705	neuroimaging	they
9	905	705	neuroimaging	they
9	906	705	neuroimaging	they
9	907	706	studies,	they
9	908	706	studies,	they
9	909	707	which	they
9	910	708	include	they
9	911	709	magnetic	they
9	912	710	resonance	they
9	913	711	imaging,	they
9	914	711	imaging,	they
9	915	712	computerized	they
9	916	712	computerized	they
9	917	713	tomography,	they
9	918	713	tomography,	they
9	919	713	tomography,	they
9	920	714	and	they
9	921	715	electroencephalograms,	they
9	922	715	electroencephalograms,	they
9	923	715	electroencephalograms,	they
9	924	715	electroencephalograms,	they
9	925	715	electroencephalograms,	they
9	926	715	electroencephalograms,	they
9	927	716	as	they
9	928	717	well	they
9	929	718	as	they
9	930	719	certain	they
9	931	720	lab	they
9	932	721	tests	they
9	933	722	may	NA
9	934	723	be	NA
9	935	724	used	NA
9	936	725	to	NA
9	937	726	rule	NA
9	938	727	out	NA
9	939	728	other	them.
9	940	729	conditions	them.
9	941	730	that	them.
9	942	731	Tourette's	them.
9	943	731	Tourette's	them.
9	944	731	Tourette's	them.
9	945	732	might	them.
9	946	733	be	them.
9	947	734	confused	them.
9	948	735	with.	them.
9	949	735	with.	them.
9	950	736	In	NA
9	951	737	terms	NA
9	952	738	of	NA
9	953	739	the	its,
9	954	740	role	its,
9	955	741	of	its,
9	956	742	genes	its,
9	957	743	in	its,
9	958	744	the	its,
9	959	745	disorder,	its,
9	960	745	disorder,	its,
9	961	746	evidence	it
9	962	747	from	it
9	963	748	twin	it
9	964	749	and	it
9	965	750	family	it
9	966	751	studies	it
9	967	752	suggests	NA
9	968	753	that	NA
9	969	754	Tourette's	NA
9	970	754	Tourette's	NA
9	971	754	Tourette's	NA
9	972	755	is	NA
9	973	756	an	NA
9	974	757	inherited	NA
9	975	758	disorder.	NA
9	976	758	disorder.	NA
9	977	759	Although	NA
9	978	760	early	they
9	979	761	family	they
9	980	762	studies	they
9	981	763	suggested	NA
9	982	764	an	it
9	983	765	autosomal	it
9	984	765	autosomal	it
9	985	766	dominant	it
9	986	767	mode	it
9	987	768	of	it
9	988	769	inheritance	it
9	989	770	characterized	NA
9	990	771	the	NA
9	991	772	condition,	NA
9	992	772	condition,	NA
9	993	773	more	they
9	994	774	recent	they
9	995	775	studies	they
9	996	776	discovered	NA
9	997	777	the	it
9	998	778	pattern	it
9	999	779	of	it
9	1000	780	inheritance	it
9	1001	781	was	NA
9	1002	782	much	NA
9	1003	783	more	NA
9	1004	784	complex.	NA
9	1005	784	complex.	NA
9	1006	785	Although	NA
9	1007	786	there	NA
9	1008	787	may	NA
9	1009	788	be	NA
9	1010	789	a	they,
9	1011	790	few	they,
9	1012	791	genes	they,
9	1013	792	that	they,
9	1014	793	have	they,
9	1015	794	substantial	they,
9	1016	795	effects,	they,
9	1017	795	effects,	they,
9	1018	796	it's	NA
9	1019	796	it's	NA
9	1020	797	also	NA
9	1021	798	possible	NA
9	1022	799	that	NA
9	1023	800	many	they
9	1024	801	genes	they
9	1025	802	with	they
9	1026	803	smaller	they
9	1027	804	effects	they
9	1028	805	and	NA
9	1029	806	environmental	they
9	1030	807	factors	they
9	1031	808	may	NA
9	1032	809	play	NA
9	1033	810	a	it
9	1034	811	role	it
9	1035	812	in	NA
9	1036	813	the	its.
9	1037	814	development	its.
9	1038	815	of	its.
9	1039	816	Tourette's.	its.
9	1040	816	Tourette's.	its.
9	1041	816	Tourette's.	its.
9	1042	816	Tourette's.	its.
9	1043	817	Genetic	They
9	1044	818	studies	They
9	1045	819	also	NA
9	1046	820	suggest	NA
9	1047	821	that	NA
9	1048	822	some	they
9	1049	823	forms	they
9	1050	824	of	they
9	1051	825	Attention	they
9	1052	826	Deficit	they
9	1053	826	Deficit	they
9	1054	827	Hyperactivity	they
9	1055	827	Hyperactivity	they
9	1056	828	Disorder	they
9	1057	829	and	they
9	1058	830	Obsessive	they
9	1059	830	Obsessive	they
9	1060	830	Obsessive	they
9	1061	831	Compulsive	they
9	1062	831	Compulsive	they
9	1063	832	Disorder	they
9	1064	833	are	NA
9	1065	834	genetically	NA
9	1066	835	related	NA
9	1067	836	to	NA
9	1068	837	Tourette's,	NA
9	1069	837	Tourette's,	NA
9	1070	837	Tourette's,	NA
9	1071	837	Tourette's,	NA
9	1072	838	but	NA
9	1073	839	there	NA
9	1074	840	is	NA
9	1075	841	less	it.
9	1076	842	evidence	it.
9	1077	843	for	it.
9	1078	844	a	it.
9	1079	845	genetic	it.
9	1080	846	relationship	it.
9	1081	847	between	it.
9	1082	848	Tourette's	it.
9	1083	848	Tourette's	it.
9	1084	848	Tourette's	it.
9	1085	849	and	it.
9	1086	850	other	it.
9	1087	851	neurobehavioral	it.
9	1088	851	neurobehavioral	it.
9	1089	851	neurobehavioral	it.
9	1090	852	problems	it.
9	1091	853	that	it.
9	1092	854	Tourette's	it.
9	1093	854	Tourette's	it.
9	1094	854	Tourette's	it.
9	1095	855	commonly	it.
9	1096	856	co-occurs	it.
9	1097	856	co-occurs	it.
9	1098	856	co-occurs	it.
9	1099	856	co-occurs	it.
9	1100	857	with.	it.
9	1101	857	with.	it.
9	1102	858	An	It
9	1103	859	important	It
9	1104	860	role	It
9	1105	861	in	It
9	1106	862	Tourette's	It
9	1107	862	Tourette's	It
9	1108	862	Tourette's	It
9	1109	863	gene	It
9	1110	864	expression	It
9	1111	865	is	NA
9	1112	866	played	NA
9	1113	867	by	NA
9	1114	868	the	it.
9	1115	869	sex	it.
9	1116	870	of	it.
9	1117	871	the	it.
9	1118	872	person.	it.
9	1119	872	person.	it.
9	1120	873	In	NA
9	1121	874	particular,	NA
9	1122	874	particular,	NA
9	1123	875	males	they
9	1124	876	affected	they
9	1125	877	by	they
9	1126	878	the	they
9	1127	879	gene	they
9	1128	880	are	NA
9	1129	881	more	NA
9	1130	882	likely	NA
9	1131	883	to	NA
9	1132	884	have	NA
9	1133	885	tics	NA
9	1134	885	tics	NA
9	1135	886	and	NA
9	1136	887	females	they
9	1137	888	who	they
9	1138	889	have	they
9	1139	890	a	they
9	1140	891	genetic	they
9	1141	892	predisposition	they
9	1142	892	predisposition	they
9	1143	893	are	NA
9	1144	894	more	NA
9	1145	895	likely	NA
9	1146	896	to	NA
9	1147	897	have	NA
9	1148	898	obsessive-compulsive	NA
9	1149	898	obsessive-compulsive	NA
9	1150	898	obsessive-compulsive	NA
9	1151	898	obsessive-compulsive	NA
9	1152	899	symptoms.	NA
9	1153	899	symptoms.	NA
9	1154	900	Much	NA
9	1155	901	current	NA
9	1156	902	research	NA
9	1157	903	is	NA
9	1158	904	aimed	NA
9	1159	905	at	NA
9	1160	906	better	NA
9	1161	907	understanding	NA
9	1162	908	the	it,
9	1163	909	genetic	it,
9	1164	910	basis	it,
9	1165	911	and	it,
9	1166	912	symptomology	it,
9	1167	912	symptomology	it,
9	1168	913	of	it,
9	1169	914	Tourette's,	it,
9	1170	914	Tourette's,	it,
9	1171	914	Tourette's,	it,
9	1172	914	Tourette's,	it,
9	1173	915	as	NA
9	1174	916	well	NA
9	1175	917	as	NA
9	1176	918	its	its.
9	1177	919	relationship	its.
9	1178	920	to	its.
9	1179	921	related	its.
9	1180	922	disorders.	its.
9	1181	922	disorders.	its.
9	1182	923	The	It
9	1183	924	hope	It
9	1184	925	is	NA
9	1185	926	that	NA
9	1186	927	this	NA
9	1187	928	research	NA
9	1188	929	leads	NA
9	1189	930	to	NA
9	1190	931	better	them
9	1191	932	diagnostic	them
9	1192	933	tools	them
9	1193	934	and	NA
9	1194	935	better	them.
9	1195	936	treatments	them.
9	1196	937	for	them.
9	1197	938	Tourette's.	them.
9	1198	938	Tourette's.	them.
9	1199	938	Tourette's.	them.
9	1200	938	Tourette's.	them.
