0.00000000
0.78572259
5.74870124
1.77343750
14.21093750
1.86718750
1.95410156
6.62711547
6.79475953
5.33984375
8.85644282
4.48340093
8.60156250
1.78320312
4.48046875
11.52050532
4.68294437
3.98014406
6.06551086
0.14005555
15.50324690
7.02800310
8.99218750
0.12902832
14.63020501
4.91015625
1.56706061
6.60937500
2.34179688
8.30712766
3.51139406
5.59944703
7.04296875
4.14843750
2.58203125
6.66715204
2.28011358
14.66601562
4.63671875
12.26204344
3.30045656
5.77734375
16.43750000
16.31428206
5.12175310
17.83593750
2.88867188
9.23697751
20.65266844
9.07584220
5.94662123
15.35187722
4.56609153
2.29296875
31.71712157
16.35234930
13.76418383
7.52343750
8.65853280
19.04329344
0.46630859
4.75000000
10.13639406
9.85286126
6.76432624
15.09667720
3.10449468
13.90625000
9.18994016
0.91748171
8.00812722
1.38445090
4.32031250
1.33105469
5.98827128
2.60547872
7.73127549
10.56265736
5.45606715
10.11181516
1.89404421
3.75585938
9.22786126
0.63541999
14.17968750
4.46093750
8.09375000
3.14973626
4.76823249
1.88964844
5.59798094
3.85709718
2.31250000
7.96972407
4.26465093
6.17643063
2.73567874
16.52343750
10.69352172
3.38802125
7.90819814
4.21712655
3.38053468
9.11181516
7.54052859
19.08251330
1.00049451
2.24609375
9.65819814
2.25781748
15.91438719
5.08951906
14.06673094
6.87076906
15.70847740
1.87160072
10.17740470
6.44759530
10.31673094
2.22233156
8.76920158
5.13281250
8.78353280
4.37500000
14.14485594
8.35514406
19.10937500
1.17414783
8.40788342
1.04199219
3.74446532
0.01737551
3.10156250
11.51105940
8.29362810
8.86718750
18.37889628
3.60547872
2.41723633
3.21484375
3.98632812
8.90625000
3.39257812
2.07438110
15.93635860
0.63623296
5.51562500
8.06250000
0.13513184
10.92382563
5.73014406
2.68912843
12.06998781
12.94954344
0.84244875
0.40540526
4.43929078
12.89485594
14.56803468
5.08203125
8.67968750
1.44824219
2.97851562
9.25258755
9.11069370
5.72656250
1.40287262
2.16451019
13.53645252
3.66480053
16.62947197
5.74267952
10.66585328
5.69921875
5.16015625
10.81673094
2.05045656
1.81640625
8.54687500
12.67283910
9.22559840
16.93229001
11.08951906
12.47656250
11.55468750
0.72574953
2.03320312
9.84798094
15.47005125
3.33138187
18.38492797
4.88850953
3.37368629
13.44239029
7.48275155
8.05566406
8.44307327
3.67773438
20.23925532
12.80403812
11.31250000
2.09733156
7.23469969
2.98665282
2.14974124
11.47557846
6.44629654
3.66243407
4.31608156
1.37207031
11.00877660
3.35059840
14.30175532
8.90136968
9.57519282
6.44433843
6.49609375
2.65429688
2.51953125
9.73437500
2.37695312
13.08235594
6.59733156
14.43570922
0.59523062
0.62988780
10.11360594
2.32975343
14.22037345
7.66048094
7.13867686
8.43750000
2.10546875
12.63346188
11.42903812
3.52148438
1.78255125
0.10494019
1.01839234
14.03320312
13.01675519
4.25408355
15.79181738
5.60271387
2.45898438
3.61328125
0.00164032
1.49316406
6.93684065
2.66276872
2.18750000
10.15233877
12.79590342
2.32812500
10.12923094
6.64811281
0.92919922
9.93750000
0.00922394
1.87109375
16.44954344
8.28287345
3.94336436
1.73437500
9.01593972
3.86687278
9.15445922
7.40413453
5.32031250
9.89843750
5.84830563
2.88313719
8.61165282
4.44791999
11.20735594
7.13639406
4.40234375
11.39843750
0.14367676
1.68359375
8.49999003
7.18360372
8.30468750
10.37401596
3.83692154
10.61718750
3.94726562
12.06314938
7.68294437
11.73437500
0.92089844
3.29556627
6.11523936
3.87695312
2.72037843
11.93326906
8.25000000
7.65234375
2.79492188
13.40445797
4.16731937
7.38671875
10.99218750
14.00911126
8.27213874
11.44432846
3.46973404
1.64550781
19.00796986
4.68700798
10.34408466
1.80664062
11.29394282
0.97656499
10.07161126
2.89713874
12.58463126
5.37467531
1.97526374
3.70507812
9.86002438
3.65950687
12.43277704
3.50276983
2.82812500
4.29296875
4.52734375
7.47656250
3.85937002
8.49023936
13.80753840
2.06543218
6.13508533
9.83788564
7.37468528
8.31673094
9.02343750
6.45280031
5.17578125
2.11946532
9.27701906
2.65820312
19.48632314
9.02572030
2.97819093
15.12923094
14.53971188
12.76074468
9.66829344
20.10514406
2.97884032
3.82389406
9.69531250
1.32128906
4.38281250
16.33072751
7.60091312
3.41210938
9.98437500
9.47438498
0.99724512
9.99885860
8.18082890
12.60512412
12.90333776
10.15560062
3.69335938
0.02447510
0.01158905
4.17968750
12.38801502
6.58586194
5.29361813
3.21810062
3.30273438
27.08105469
3.24837157
2.79687500
8.46451906
12.07942376
4.65495124
0.26123047
2.16358948
9.37564938
9.92122562
5.46484375
12.19596188
1.16634281
3.50781250
4.41406250
10.27343750
7.38281250
5.33593750
0.00481415
1.69238281
22.83496094
9.89094471
3.13086436
11.94742672
11.77457890
2.86897828
13.23982166
19.29069592
1.92968750
7.84375000
2.41048094
4.20670656
2.33203125
4.37270002
-0.03914289
0.84521484
8.44107658
6.34668218
6.01204344
4.94043218
1.78515625
2.06835938
13.58152926
7.94536679
1.53755707
9.75926862
6.65479388
4.10937500
10.57454344
10.39811281
7.55078125
14.90445922
1.31136109
3.15274650
12.13509530
15.75114250
2.90039062
21.70703125
15.37141844
1.48502687
2.61132812
6.35546875
8.99218750
9.26367188
6.43750000
16.77844083
0.51648105
2.46875000
4.93554688
9.32812500
12.80468750
1.14746094
9.96093750
9.46093750
2.00585938
2.87109375
16.48014157
4.55794437
6.85448720
3.23828623
11.21044673
13.27327640
3.33951906
1.74414062
5.00518783
0.91179937
1.51562998
10.78906250
1.51562500
10.13435727
8.56095523
4.81640625
11.46516844
13.94041224
9.90756870
8.99935062
15.35855704
8.68326906
3.50260749
10.23860594
4.09635251
8.17480718
0.19140625
5.89062500
8.16829344
2.56608156
15.93017080
5.15527593
2.68066655
8.78125000
8.10156250
3.24609375
2.44224014
0.32362900
9.80468750
3.38476562
19.69238032
10.70800532
3.10547373
8.71516844
3.42936281
7.35546875
4.56623892
1.43180795
2.59375000
8.20312500
16.62653916
2.50505263
7.48469969
8.25781250
3.06022218
2.19531250
13.32226064
7.26562998
4.09765625
4.07031250
21.09326172
3.21516844
2.69889406
8.91829344
13.01631997
1.77002078
7.42382314
6.71680186
5.65559813
13.75423094
8.83951906
5.52766844
6.80826906
1.80631593
0.77685547
2.29636927
1.68458776
9.73437500
4.41730940
12.00098404
3.72233156
21.66251212
5.02962655
6.54687500
12.81673094
6.91373781
9.71516844
2.98600343
20.38671875
1.86360096
1.63672373
8.69889406
5.21093750
5.30078125
5.07617188
9.42187500
8.06250000
3.95312500
4.55566157
6.20605718
2.64648438
16.45442376
4.45573249
10.39843750
4.17643063
3.36458499
2.08398438
13.82161126
4.86751219
6.30697030
8.56250000
0.04742432
4.96093750
2.49135459
2.51987588
5.73860594
5.19498781
7.43750000
3.69921875
8.68750000
2.62109375
1.23339844
4.29621565
3.34050310
4.43750000
7.87109375
23.28369141
8.32031250
6.55468750
10.83723626
0.51774421
5.24430297
6.28889517
7.66634530
7.02311281
2.88899657
3.69140625
15.26334718
13.52766844
6.25000000
2.10514406
4.53547845
11.88151374
2.75000000
14.10156250
15.04036126
1.17936530
2.60742188
13.27770996
4.30078125
11.56233392
16.79784907
2.29069592
1.77832031
8.65625000
2.40592033
3.70540780
7.80891844
19.98722165
9.79622562
5.89420656
10.84081782
1.37695562
2.65625000
16.27538564
4.74283688
9.51302748
6.97656250
7.92968750
0.01077271
23.32812500
13.70117188
10.80273438
8.41406250
3.17187500
12.20735594
5.11908633
0.94504210
3.88867188
12.19921875
7.43359375
7.79361813
-0.16913693
8.13883422
0.43001344
2.54101562
24.79296875
3.18033190
2.05208998
12.75781250
1.64973875
5.00179078
0.83821656
10.73468972
9.75749778
1.10188719
13.60416002
7.22005873
8.91406250
3.30761220
3.60710217
9.58235594
4.20670656
1.21207641
8.29573360
3.49121343
9.80110594
2.63248781
4.65625000
10.30271942
5.78142730
2.25179078
8.87500000
19.77469723
7.13997562
2.33642454
0.29663211
4.60643784
1.18457779
5.36328125
1.58496094
10.16471188
6.88216312
16.01692376
13.42659796
17.93750000
0.39168336
14.43521720
2.75260749
30.09569814
4.90397717
9.09227893
9.32764295
4.71093750
5.00781250
8.86896831
1.11377825
4.00358156
11.25781250
3.50000000
23.58601306
10.84538342
5.89062500
4.25195312
10.02343750
2.09570312
10.61360594
-0.04399534
5.24218750
9.88377660
9.23341090
11.26204344
3.15006593
16.24560547
12.85156250
4.89615470
15.79622562
4.20995845
3.73633311
3.03125000
12.34375000
4.37500000
5.04361813
18.42447252
9.90755873
12.09700687
4.17317376
1.23307624
12.08235594
1.33365968
12.19970080
0.93408826
3.59765625
19.01562500
3.11132812
2.79687500
9.64452128
2.76758809
1.08496094
11.23632314
7.64648936
9.27343750
12.71093750
1.70214844
11.21711658
5.22819592
11.02603502
13.48177748
5.28906250
1.34375000
7.95312500
10.63442598
5.68588652
2.05273438
3.00976562
0.00073147
1.78808594
21.59309564
11.75781250
6.89518561
3.43554688
11.48860594
9.50781250
2.48209718
13.16292110
1.09489140
1.59765625
13.31729728
5.79915780
11.71499114
2.36704011
18.52547180
9.00610040
2.74479499
4.73567625
5.61686281
15.47948471
4.48145279
4.88281250
21.74739251
5.04199468
5.71842531
1.42480469
3.24023438
19.84912109
26.97232658
17.60807624
5.98893063
5.29199468
10.45735594
3.73014406
2.93359375
22.75911126
6.18229499
9.05093861
9.40609264
5.12500000
1.11621094
0.46948242
2.18164062
22.19742423
3.54720467
6.00486081
14.42545656
9.45670656
1.94466063
8.74820922
18.37760500
7.12874390
7.46875000
8.71875000
6.47656250
10.49836658
3.92741467
4.18359375
10.08593750
13.82031250
4.70703125
17.02766844
5.27472629
8.50619902
5.39664672
3.63393895
-0.04816379
6.33723128
11.73112810
2.49023438
10.76041002
5.07072584
6.60636414
5.96093750
4.87109375
7.69140625
19.29996579
20.22721188
13.82894171
17.57812500
0.47493531
15.74771720
2.75260749
30.09569814
4.90397717
5.34814079
3.30289921
3.80989749
13.17610594
2.97233156
12.89866669
7.26759308
9.23437500
3.04296875
12.16048094
31.60709220
10.20540780
6.45670656
1.95231078
0.53938844
2.16601562
5.87206782
2.22949468
9.37500000
3.71679688
3.59765625
1.53613281
7.17935783
13.99447030
13.60221188
1.52278812
9.42610594
10.66975953
3.14827515
2.61328125
9.21971410
3.50684840
1.55664062
11.23632314
13.27930186
7.05956782
9.92545656
3.47786624
9.23437500
5.74218750
4.19531250
3.11718750
23.78515625
13.08007314
11.60840093
7.82389406
1.87435062
12.39062500
13.42236079
6.14746343
8.29687500
16.14235350
5.70255056
13.39917553
7.74381095
10.77224130
3.85546875
7.57812500
5.12141844
1.99186281
18.37500000
7.41698471
10.00098404
4.07421875
7.73046875
3.06868407
1.46940187
18.12500000
12.58625222
1.89421653
14.53125000
7.90836547
2.01188110
4.51920656
15.21752930
2.54101562
11.93358378
2.92579122
1.38671875
10.96743130
1.37827182
7.75000000
4.64843750
8.21093750
11.91014628
5.14063497
11.09455674
0.65837295
4.60156250
9.53515127
14.82959483
0.16638184
2.32031250
16.22265625
3.83593750
10.28548094
2.40592531
0.64648438
9.36425532
10.12140126
0.25775162
13.46093750
5.74609375
18.03255125
2.17155031
7.87109375
6.75032469
4.52311281
3.68325411
3.06479277
7.07063719
4.25358156
10.08414672
17.42732789
3.13704344
6.21418440
5.97299091
1.19433594
7.19238032
0.81250249
5.01724845
0.15218514
5.83203125
2.31640625
4.63671127
12.24317154
7.91552734
2.44335938
11.73502438
6.99935062
2.45312500
2.43554688
12.13704344
23.02567379
2.59277593
12.63281250
2.73111813
3.00130374
8.76472961
0.05381287
13.09699690
2.19206560
7.81705563
3.78678468
4.78092531
4.36328125
24.50943844
3.54231937
3.75585938
7.81250000
8.90625000
8.38012633
0.41430726
17.95670158
3.88900155
12.32877438
11.26139406
4.08951906
10.02766844
23.78055411
3.86133311
7.97265625
0.31713867
6.59375000
2.35156250
10.31673094
21.64213136
9.14517066
3.99968528
8.10156250
14.80891844
3.11653812
6.98828125
19.42707752
7.98421764
10.67008422
12.08979974
3.72884530
10.95735594
16.85579344
6.37435062
0.44140625
2.00943595
5.58463874
2.29492188
8.57389406
13.96516844
4.97796709
1.24436447
17.67818930
2.87500498
5.40625000
11.64062500
8.93163564
4.32617686
19.00243891
6.71777593
5.19531250
11.31250000
1.68945312
12.34927970
13.21745124
0.87125734
1.99501244
15.96583776
6.87467531
6.05859375
6.07127660
4.39356715
6.42968750
0.02810669
4.59798094
7.44889406
7.89062500
2.06835938
7.71712157
9.79264406
16.01562500
0.09344482
15.82436614
14.18897606
7.04915780
10.56250000
3.58398438
11.66406250
12.74121094
2.20507812
3.40071532
1.29166750
3.24023438
9.43750000
1.06445312
12.71581782
0.29394780
5.59260860
1.49918827
1.98535156
15.99641844
17.66650266
17.53433954
0.54101064
11.81478280
4.65592531
17.72836304
6.40852283
10.85742686
2.65331034
4.58562278
12.38883422
4.98616578
0.61669922
10.58056516
1.40511109
6.83365968
11.19531250
4.28906250
0.00865936
0.26953125
15.06673094
7.32486813
9.35449468
14.69432846
3.15332779
11.09375000
2.67773438
4.17219969
2.97819093
2.47851562
15.21516844
16.92187500
8.12858156
7.60090814
7.15885749
1.85253906
5.83203125
5.76383422
3.00179078
15.83967642
5.10172983
9.74771720
5.47314827
18.78304078
2.27408688
12.45247562
4.60937500
1.75000000
10.86360594
11.93839539
0.59204164
2.35937500
15.68716534
5.48861591
2.33007812
10.90266844
8.28125000
3.31608156
0.93114985
3.88965093
1.76562500
13.15234375
10.48046875
9.35874280
1.95180408
0.78564453
8.25064938
4.57747562
20.76562500
2.24837157
8.77701906
5.28906250
5.52441157
6.85871565
8.66374778
3.89648438
8.32232666
5.75031971
4.69694592
5.87500000
11.82096188
2.72688968
3.60742188
5.21484375
17.62500000
2.20149657
10.83951906
7.85740692
11.35353058
7.48240692
7.47071808
7.60383533
3.18586658
1.67904809
3.47070312
10.53971188
5.70280031
4.24413066
1.31804465
4.62923094
14.64094720
8.87370124
8.64420656
4.28222656
2.79492188
13.12141844
13.73990470
9.75000000
18.58170656
2.02962655
4.85937500
12.73828125
2.79882812
10.15625000
6.26594969
1.46549562
2.93196532
12.99218750
2.09536847
4.73275155
7.59635998
12.77766844
3.56445312
4.20280031
8.15445922
1.42301391
4.26139406
1.91894531
16.59959442
2.81869902
6.76838985
0.95687140
1.58593750
16.68359375
17.25976562
12.47656250
10.68367243
0.23380804
12.83593750
5.49218750
5.66406250
1.59082031
3.02929688
2.36132812
11.34993157
8.77213874
3.84375000
15.51855469
10.37141844
18.09195922
5.09130984
7.30468750
1.77636719
12.84375000
1.98665282
4.34765625
8.07210328
0.58382203
10.83593750
7.80468750
2.68945312
2.84862284
1.42579122
19.21875000
5.13281250
6.87499003
7.05860372
2.72265625
12.03400488
11.95818262
12.19531250
5.88313719
1.91373781
1.90722656
5.21499114
9.01157136
1.83398438
11.54133533
3.51758311
5.91113032
16.47949468
21.50065187
9.03807846
13.09473404
2.38867188
5.26171875
8.90429688
5.84375000
2.39648438
14.33096666
2.72396498
9.69173094
6.04264406
15.98502438
3.45247562
6.83593750
7.38671875
16.90820312
5.14062500
5.23860594
18.41471188
7.35058843
3.60351562
2.32226562
22.54744545
6.14160904
1.96289062
12.27896720
5.14127438
2.33203623
5.76530031
4.78906250
11.18879876
0.88541999
11.36360594
9.14615968
10.52929688
8.21875000
6.17187500
2.61914062
7.19140625
15.97492908
10.05632092
2.22070312
9.06379876
4.49479499
11.59016844
11.42512190
5.03158466
9.82550754
3.19402371
21.74592642
10.26188608
3.20703125
6.19173094
6.88964345
12.26611702
0.67399296
2.97851562
1.96419188
21.41144504
3.31853294
6.51432624
1.12336907
9.60091312
5.57747562
2.61718750
5.97558594
8.60156250
4.02604001
4.02278812
8.37434065
5.07878435
4.34407469
3.87467531
5.64843750
4.91145501
7.28775377
4.80990248
0.80338874
5.94531250
3.04425754
14.97022606
0.49723515
5.04962490
4.07342198
13.51073970
5.26074468
2.92578125
10.60644282
2.62011968
9.50000000
10.80175532
0.83593999
12.68359375
7.43424313
7.62044437
2.15055297
23.41096798
15.59668218
16.85122784
6.87924091
6.58235594
7.39876219
7.03841312
14.74218750
2.90039062
1.41210938
10.38670878
6.46485372
3.08007812
14.05664062
7.84375000
6.28515625
6.78906250
5.05078125
13.94302970
1.70377936
3.85709718
7.65266844
6.69661126
2.12956061
2.86295656
20.96781760
4.17806405
6.49218750
3.81249502
15.41634530
3.32779533
5.04102061
22.09504876
14.38216312
5.46028812
0.80614985
7.35840093
13.61621094
2.37695312
8.80468750
4.59407469
1.04459718
16.21875000
19.16113032
4.94043218
5.67187500
2.49055907
3.95670656
10.44596188
9.04264406
1.19498781
0.00189495
2.50123215
5.43359375
3.76204344
11.99218750
8.27343750
14.21771372
3.31901374
12.01562500
8.50781250
4.31282469
1.74186281
2.01562500
5.97492908
12.03874279
6.62109375
2.72656250
9.75846188
11.56608156
5.30956782
4.77604499
0.42504883
12.04752438
1.94014434
-0.04125758
0.43994141
6.01953125
4.96126219
8.81608156
3.95312500
3.27441157
2.95801030
7.60937500
11.67968750
12.13117908
3.00944592
2.47070312
8.45287899
0.31079288
4.42578125
8.07031250
8.81965814
5.02636968
9.64420656
4.53938719
11.19726064
3.13835217
0.29492188
2.53710938
2.72851562
10.13281250
1.30175781
9.65689938
6.90754876
1.22266123
2.45425415
3.85742188
8.63346188
3.22395999
7.69921875
10.79524158
4.29313608
0.61767703
13.15038564
12.76188608
4.51774047
20.11100343
13.87206782
2.51269780
1.68066406
9.85156250
11.05858378
2.41993184
6.12109375
14.55468750
4.58235594
1.14518312
7.91959220
10.55338874
3.21451906
2.18554688
12.22851562
1.20898438
8.39908688
9.54150266
0.32601202
6.46451408
7.76855718
17.48795656
11.37076906
2.35546875
8.21939938
5.29329344
2.87207280
18.96895262
0.78043703
8.80468750
2.84960938
10.60221188
3.85872562
5.85937500
4.43098626
6.54361813
5.93929078
1.06087655
1.20296265
11.70116689
11.75708506
2.63281250
10.46158688
11.13639406
10.62076906
0.14111328
3.52595136
0.63713458
16.22656250
10.03515625
12.71492243
0.22062444
5.47656250
4.39843750
1.81640625
8.41328015
0.90898548
3.36279297
12.09375000
3.12695312
13.03971188
9.53125000
6.83528812
9.64062500
1.79899047
3.79866578
10.69954344
8.12076906
8.30077128
2.69141622
8.41406250
1.24641844
1.43033937
10.32096188
10.81575687
12.89418662
1.91636025
6.03058068
4.25457557
3.16210938
14.98632812
6.09765625
4.48437500
4.48437500
5.07421875
3.89062500
9.81250000
0.69623706
1.87451795
6.93750000
1.42675781
14.00390127
13.91048094
7.08398936
2.44938234
11.00846188
4.94889406
4.68326906
0.47835380
6.13900155
12.42187500
2.29296875
16.34228391
4.83349734
9.51903923
4.99658577
13.08658190
10.61100842
13.18944814
3.93522717
5.62109375
2.33007812
6.82031250
2.25000000
5.03157469
4.32389406
7.71093750
20.54719969
4.07600953
2.02034298
25.79622562
16.64908937
16.07031250
2.58984375
10.89843750
5.86718750
5.46093750
12.43537106
6.89648936
2.68164062
1.45996094
13.59016844
5.81998781
3.85937500
8.13281250
3.62890625
16.71093750
7.59765625
21.68945312
12.17187500
5.81640625
4.89453125
15.03150940
2.86328125
10.37923094
2.56998781
7.17578125
7.26464096
7.15723404
13.54068595
11.56994349
0.60909713
9.42968750
1.81933594
2.98437500
8.57454344
13.30485109
5.29329344
9.02701906
18.41634032
5.56217531
14.02441157
10.71224124
10.50000000
3.27913453
7.04621565
0.82862200
9.65625000
4.23046875
3.73632812
9.42382812
9.61718750
9.52164672
1.49202515
8.95735594
5.02864251
4.53743905
6.04687500
2.08593750
12.87801024
11.96451906
5.39224845
3.31087655
9.06250000
11.92317376
7.17448249
3.87695312
7.67187500
10.24218750
0.00212097
7.15625000
7.76953125
2.79492188
17.83918440
6.98698249
4.78353280
3.86295656
9.92187500
3.09179688
0.92773438
10.17349845
11.14778812
1.32422124
15.33789062
3.01171875
8.00423094
9.05045656
12.83723626
8.36653812
9.37435062
11.89485594
3.96484375
4.74186281
13.93391844
11.06673094
8.65560062
11.46711394
6.93033688
2.00488530
4.27241692
3.49674811
17.46484375
14.34149170
2.89453125
1.91308594
16.92578125
12.20312500
12.10579344
8.64843750
3.81998781
11.27473626
2.04557624
1.82713722
1.88233543
4.87500000
7.22387633
1.59057679
11.76383422
11.45035517
6.65104499
5.85969969
17.25000000
8.13883422
0.52539187
6.60546875
3.85758422
5.73662789
5.30031914
9.34375000
7.82031250
7.45703125
11.46158688
5.85905031
13.42187500
16.96646720
7.14777815
13.61622340
11.24397828
2.33414423
4.54280142
1.79802138
4.58561281
9.33593750
11.47656250
1.51562500
13.33723626
13.81901374
9.36425532
15.51074468
6.11328125
6.79621565
6.57097185
13.33044216
3.90393284
4.99707031
2.62695312
18.03125000
7.28515625
6.36360594
3.12858156
3.77302728
3.54231937
2.89615968
13.43750000
2.56412843
3.45117188
13.54459220
12.08349734
4.02034796
6.41406250
15.78352782
11.12679078
3.64664672
1.88346437
9.36392066
8.52312278
24.16471188
2.56933843
3.12695312
10.96093750
5.29263409
4.80111591
10.23144282
1.34375249
0.58116817
3.86523438
9.33723626
12.48502438
17.77995124
11.74153812
1.75097656
4.35188719
8.62550530
3.82259530
7.08235594
16.55436281
2.88476562
5.75846188
2.92740968
8.42545656
8.30305408
19.07584220
11.99561170
3.18603889
6.82031250
14.46158688
3.94466312
11.03125000
4.72265625
3.66829344
9.26920656
5.43944814
4.96680186
2.58495346
3.00098404
15.42879211
1.72062195
9.79752438
10.73567874
3.23242188
5.63313719
16.37141844
8.00537234
3.88265015
5.49706782
7.05761968
4.51562500
13.32031250
11.04687500
11.29870107
6.54883311
8.68098626
4.26432624
17.89062500
14.37983891
6.31250000
11.05826906
9.23860594
18.76334220
3.31055186
3.29687500
5.88525266
0.66992312
11.71093750
8.72134752
2.25326185
7.44531250
5.67968750
5.94921875
3.85937500
11.84798094
8.61311392
5.78109264
8.26562500
1.05664062
0.20654297
7.64062500
3.80110594
2.30436281
10.49218750
6.72134752
2.66341810
8.35937500
8.70116689
18.48307624
12.49935062
4.55208001
14.50846188
7.99023936
2.98632812
4.12500000
4.30175532
6.81152593
4.08984375
5.29687500
4.71939938
8.45670656
7.35905031
6.40234375
7.11328125
14.75423094
5.17757203
1.61409547
4.19409180
7.41796875
4.07812500
22.36328125
9.59357270
4.56658355
14.79718972
2.41570090
5.83203125
17.31379876
5.30338874
12.52180907
4.42545656
7.48437500
3.16992188
6.49316157
2.86230718
10.56929411
0.57181918
3.13671875
10.81200798
9.89892952
2.50000000
5.43391844
7.58951906
1.41992188
7.36751219
14.90201906
10.78816711
3.45402039
3.60090814
6.16666999
2.26367188
5.83414672
8.59358765
9.89843750
3.64062500
7.62890625
7.73860594
17.20735345
13.62402593
2.55956782
3.93197030
11.20897939
21.68555186
5.50195312
8.42252438
14.14192376
9.61523936
16.23892066
4.04265403
14.39241578
4.68147828
7.12500000
10.52343750
3.71875000
6.66796875
13.40820312
19.23437500
2.00976562
22.74055408
8.77636968
15.42692390
2.52760491
4.40169437
1.72037843
9.84733156
5.37500000
10.56250000
0.05468750
17.65575798
3.17041389
5.80078125
9.27733378
7.38672872
4.68359375
21.03938719
11.35937500
4.29296875
9.93326906
0.10327574
9.08951906
13.26985594
9.83365968
7.87206782
4.76855718
5.93359375
6.25992797
1.09187119
3.93457779
0.72509766
7.77734375
3.22656250
7.02734375
17.15982658
5.97493905
2.59375000
4.94921875
7.01236813
5.43146831
0.73389793
9.21516844
3.03483156
9.10937500
1.75683594
1.44531250
14.77734375
18.45621454
13.68505984
7.24153812
10.07812500
1.47070312
6.83203125
2.11750222
2.94890403
2.06868407
2.92545656
7.14062500
8.67097961
2.20505300
8.91903147
1.04288758
2.91992188
13.73291016
4.50423094
7.12858156
10.57877438
0.31136234
2.13595171
7.48600842
6.43912843
4.60156250
2.04687500
3.06054688
17.30859375
8.82695184
3.85449468
2.42545656
0.74169922
4.83593750
6.49820922
2.33609735
9.53776374
1.05371094
11.24885860
3.49935062
10.10774781
8.37500000
1.95540032
8.24870124
2.67773438
4.68879876
4.10698775
0.34630333
8.71694925
12.11508200
5.28189938
3.74544437
6.44531250
2.34179688
8.59798094
11.11835817
27.00110152
3.01061723
5.55468750
11.10057846
2.17871841
8.16406250
11.88883422
2.82828735
3.15299313
8.07234929
0.94620789
3.53710938
20.35058469
11.38460328
1.24300172
16.46825798
1.94368905
6.68359375
7.23990470
14.16471188
11.13769282
15.58269060
7.80078125
0.32417723
4.39453125
2.90006593
10.77766844
8.53807846
7.65828641
0.38607411
2.91731189
1.17218972
1.83366965
11.53384752
1.21712904
10.94531250
4.70572252
6.25912123
1.26953125
8.25000000
9.90884752
0.54525404
1.79492188
9.93570922
4.82405640
3.31868407
3.26530031
10.46581782
2.94824468
3.89908688
6.65167443
1.46486369
7.72493157
5.59456671
7.18570922
6.02376219
11.93685062
4.70703125
20.96646720
1.63509530
2.32421875
22.33626219
5.03645501
24.18978280
4.02164672
0.63167359
6.19823471
5.09864029
2.76367188
10.93098626
5.46174424
1.41781637
8.10156250
5.44531250
8.47298094
5.02701906
11.80981383
0.34204164
2.24218750
10.59927970
6.81673094
6.46875498
9.28628768
9.48844858
4.76041999
11.27343750
1.70898438
4.34375000
0.03668213
8.81948956
11.13916888
2.85530640
2.22851562
8.23437500
2.44095856
1.66637031
5.02279809
0.34887695
8.36002438
8.82356937
3.73632812
5.80143063
2.83724124
9.50000000
4.39062500
12.51383422
1.96468140
4.89005430
0.24031679
4.90234375
15.65689938
15.22894801
3.61556405
17.05468750
14.10719803
0.18186447
6.54329344
4.19270501
5.78743905
8.81673094
6.50846188
0.82812749
4.01953125
19.32912108
7.88248781
4.66438719
5.20280031
6.75000000
10.66959220
7.81478280
6.95833001
5.96354499
1.09277344
5.44530253
2.81446309
6.44563719
10.03483156
13.65364251
3.82682624
2.12304688
9.48437500
4.00129876
3.64713874
2.99804688
9.05468750
3.96060783
7.22103280
2.37109375
0.77343750
20.54719969
4.91015625
8.87858156
4.94140625
8.15820312
2.70735594
6.93717531
11.07096188
12.36718750
4.35937500
1.74739749
14.30078125
6.18358378
1.42611591
2.76920656
5.26171875
7.60937500
3.85969969
3.34733156
0.82373047
11.14192376
2.48307624
5.98046875
8.53906250
8.46939938
10.72200189
6.74511968
8.12011968
6.71126219
11.89485594
10.56575687
7.64062500
3.03515625
9.06250000
8.50536237
1.78011857
8.54507425
3.80616356
4.03125000
14.67187500
5.48046875
11.14062500
5.48144282
7.94466312
9.39811281
9.60579344
3.21256593
2.45377438
2.68294437
4.13281250
2.64290282
3.81021720
11.55273936
9.15201408
5.27213874
10.83951906
8.71875000
3.29882812
20.23567376
7.00325687
2.04817874
5.82031250
2.20507812
0.76855469
9.69009752
8.75521498
5.56640625
3.74673815
9.03646498
3.01757812
9.09375000
3.90039062
11.20735594
6.04264406
4.14810783
16.66341312
3.55500222
1.97722683
2.58203125
14.97590315
6.27409685
9.97721188
3.19270999
8.01562500
5.82877438
0.59163578
2.15625000
8.89778314
8.16341312
14.48079344
6.78694329
7.62663342
8.10156250
4.13704344
11.44889406
4.57421875
12.83788564
5.24023936
3.59798094
4.71842531
4.14062500
11.05956782
7.94043218
5.71126219
12.75976064
4.97461436
7.69108156
12.84992908
3.25765514
3.78108765
10.16048094
16.20604721
11.04427748
7.10481937
1.30957031
2.94832336
3.03913993
13.81901374
3.77311281
10.78125000
2.68587157
7.14453125
7.80045656
7.85758422
0.06746461
13.30956533
7.59961436
7.96875000
14.56250000
13.52831782
5.02929937
3.60384032
9.36295656
4.10156250
7.08300532
4.12011968
3.35351562
6.37890625
5.36328125
15.17098999
8.76562500
13.65429688
4.05859375
5.56250000
5.79329344
1.28287843
6.78971188
6.61587877
4.48894060
1.29101562
14.22557846
14.52246343
2.62565436
3.45833499
11.04687500
7.56477283
1.51921154
11.89843750
0.00986481
9.94531250
10.75064938
1.75130374
12.90625000
5.01659907
2.58381829
5.01400155
2.99153812
14.99129211
8.33491028
1.65852782
3.72428468
10.67610594
7.38671875
10.15461658
7.69857435
5.23046875
17.23437500
8.39485594
3.05631593
6.73046875
6.85546875
2.12890625
2.64648438
18.21744626
5.29052859
0.39241578
8.07812500
9.75194814
20.28711436
5.09016844
8.25358156
1.65722656
10.99023438
7.68750000
3.87109375
11.89127438
8.12435062
6.94368157
15.73991218
2.73242188
7.08984375
6.98828125
1.12727532
3.62565436
3.31054688
5.05899712
7.47225288
1.33593750
10.53906250
17.21809564
4.63183843
8.11295656
3.36132812
13.20735594
10.79394282
1.06510749
5.43750000
6.12109375
3.10579344
9.75096410
5.06511746
7.76171875
8.52343750
3.17773438
2.22265625
5.45703125
2.05826657
6.04622562
9.19531250
2.10156250
10.92154533
3.93978280
15.19140625
2.66243407
9.75358156
11.89908688
11.37858156
3.48600343
10.54687500
15.28375670
20.42366578
1.48453735
6.86295656
10.79296875
4.86751219
4.57389406
2.90820312
10.48437500
9.05891844
14.57519282
5.66276374
5.60286126
3.36979499
2.82617188
14.39306516
3.17334109
12.95483839
7.88737810
0.43965325
5.73307624
6.15364251
6.36198249
5.52408688
2.03841312
7.44921875
2.13118407
18.40624751
4.51074468
6.23405031
8.35156250
10.57812500
9.77148438
5.63671875
4.93001219
6.17155031
2.24251219
6.11077959
0.36417399
2.19824468
1.29394531
10.53125000
11.99414062
8.77343750
5.79719969
3.55826906
5.36328125
9.47656250
4.52343750
1.49576657
12.13671626
12.00228280
4.53059065
3.75456560
7.50781250
4.09375000
10.75000000
7.53906250
6.77245346
0.66406998
10.21289062
8.49641844
6.65983156
4.19531250
7.02343750
4.17187500
19.34765625
13.49120346
2.91895279
3.69596188
7.82812251
3.12728280
13.18750000
9.39062500
4.12890625
2.13476562
8.82031250
9.36848626
7.07323471
9.44141622
4.26920656
5.98437500
5.18391844
6.40592531
13.86718750
7.77766844
4.94498781
1.10644531
8.10156250
3.67968750
12.96842033
34.67448249
12.28906250
3.01530031
12.33186392
8.77751108
6.16015625
7.55078125
4.53254876
4.71972407
9.47819592
6.47688719
19.77050532
6.72135749
2.01953125
19.97069814
4.47493905
8.73014406
4.11718750
12.33789062
24.01887938
11.80891844
3.44921377
3.65755873
8.06250000
9.99641844
9.82031250
4.71842531
2.32421875
6.92056627
4.67708998
2.37500000
8.65625000
2.30078125
4.62141844
2.91959718
6.07779533
11.26920656
6.31901374
7.12711547
0.47444703
8.21439606
0.52779144
5.77734375
10.17187500
3.09993407
16.81021720
6.77392952
12.33349734
16.53515625
6.51659907
3.81770999
18.80566157
3.46028812
6.85693484
2.27327515
8.51562500
6.81314938
0.91048343
2.54296875
1.58496094
10.26562500
7.64257314
4.45117686
7.50032469
10.45670656
7.89550781
5.29899047
11.93570922
3.58203125
9.60545878
0.80632590
2.35351562
5.16406250
15.52441157
10.67122562
5.39811281
11.22786126
11.94856937
4.07356937
8.82877438
3.01497562
13.81802970
3.89290780
5.96093750
10.96223626
11.72526374
5.89453125
9.19531250
7.24836658
2.70703623
3.57584718
10.18033688
12.19466312
1.82454344
3.31608156
8.93098626
5.26432624
2.16601562
2.31250000
10.27343750
4.57714844
7.56673094
11.86718750
2.66764406
7.46875000
2.24414062
2.61132812
9.22298094
5.74186281
3.94986564
4.61230718
1.12239749
2.45507812
12.21875000
12.67459958
14.77896720
4.75163342
6.62109375
11.10937500
4.30859375
11.10937500
23.32812500
7.31640625
2.50976562
11.52896720
4.16699468
12.27343750
1.37044437
3.77929688
9.91992188
1.92968750
14.79725843
0.34141344
0.83509350
3.20898438
8.83235594
2.85123781
12.11718750
5.55078125
3.64257812
19.90299313
10.83170656
2.20084718
3.97851562
12.12890625
6.75813719
10.92187251
6.57715093
8.96451906
2.23632812
6.93033688
3.37065726
1.58171154
10.15689938
4.05794437
9.54943817
0.13378937
16.25339400
1.22526872
14.11375868
5.69597185
10.70556516
1.49365359
4.70279533
5.54346077
6.73616578
13.59439938
9.56608156
10.88281250
3.83984375
1.81510500
1.80468750
7.86620346
2.28451185
17.52018312
4.51041002
2.78060560
0.28027344
14.65787345
3.09993905
9.51627438
3.22005374
13.02929688
2.94726562
0.77783203
9.73860594
7.48014406
16.48827128
6.00033466
5.79361813
5.68652593
7.33593750
2.45344969
3.18391844
7.12435062
2.80078125
5.65657469
5.48795656
9.29394282
2.45215093
4.67968750
2.33593750
4.86099845
4.22493905
15.32584220
6.85775155
2.22851313
2.53222905
7.66438719
6.45312500
8.25358156
11.36360594
2.68571047
3.95898438
3.77343750
11.50423094
2.04264406
10.71004211
3.19034851
0.00171566
2.08951408
7.17545656
4.00651374
12.43456782
8.68261968
8.73046875
1.15429688
4.53938719
5.10560612
4.95703125
14.65396720
2.86002936
11.34341534
6.55567154
6.37988032
3.78710938
4.65072030
0.87548828
5.51530031
4.87109375
14.17968750
11.99609375
5.97330563
10.41634032
4.08886968
11.19596188
5.47591312
19.26891371
5.32780031
1.58105469
9.85838099
7.15333776
4.87890625
6.46484375
8.89062500
8.51529034
2.63705341
10.62141844
5.25358156
4.97656250
2.75390625
9.79101064
13.02572030
9.36295656
2.84960938
7.28759641
1.30908328
11.08300532
10.01920656
0.27889164
8.51138908
21.06608156
3.99479499
9.82617188
9.67968750
3.45703125
7.16796875
5.71662955
6.41813608
1.37532469
6.07421875
10.15201906
12.51757812
5.32421875
3.67399047
0.99527953
4.70280031
7.91406250
2.34667720
4.01465093
3.31103516
2.41796875
5.44531250
5.94140625
4.46516844
9.34733156
8.64062500
8.65881317
0.33313019
7.13899158
5.74382092
9.36914062
10.92610594
6.40201906
7.75390625
3.41438719
2.64420656
7.87109375
6.83593750
10.62988032
7.14941655
4.83984375
12.74641844
5.36913564
5.29069592
7.74706782
4.19889406
4.95247562
9.60937500
7.29329344
11.19367908
6.98177748
7.87109375
11.50000000
1.98209469
10.50716312
16.91829344
6.51920656
2.29882812
8.42024158
3.01530529
4.72656250
7.11360594
12.46288564
6.67806405
9.66764406
5.87271720
4.78711436
9.92610594
9.63346188
8.07324468
2.97265625
19.58017897
16.79905197
13.88281250
6.07389406
4.75390625
14.29426751
4.36588874
6.02018063
12.75781250
3.60742188
12.30759974
4.50425088
6.45312500
10.62695312
3.78125000
3.32844969
8.29687500
0.59440187
8.74218750
9.00000000
7.66601064
31.73242686
9.30468750
2.72851562
4.80859375
6.10742188
11.88948360
11.48551640
3.87727283
4.15788342
5.61376455
4.13932126
4.54037123
2.54849596
4.73275155
8.79622562
6.27766844
7.55794437
3.83789062
10.46875000
17.03125000
18.16275128
4.90267841
8.03157469
10.48616578
0.67122437
12.99852394
2.41749168
7.38671875
13.40445922
2.20686890
12.60156250
7.07421875
3.89111204
0.13427859
5.17187500
8.15625000
13.72004876
8.61034907
3.91960217
6.71581782
8.66341312
2.83170656
14.32161126
17.87044437
4.08919437
2.41992188
5.60644282
4.72168218
3.18164062
5.75691711
0.23746766
1.30273438
12.40657469
1.70507812
7.73014406
11.20800532
4.25683843
6.45312500
10.31314938
8.07747562
9.79166002
3.18327404
1.92155031
7.36652815
3.26839982
8.95914672
6.17056627
3.73535904
1.75683594
10.95865470
0.97200936
2.03906250
11.84375000
16.74381095
3.51009530
14.61002438
6.42903812
4.98046875
2.22265625
7.60156250
0.96646969
5.80110594
1.97949468
2.23913574
3.11360594
5.99218750
4.16373781
9.49218750
9.43651596
3.55957779
15.27977394
1.49952293
14.63019504
13.22917996
2.44759032
2.28287843
11.96516844
6.13671875
4.14632203
4.16585328
5.36718750
8.60758422
0.10262086
8.15820312
3.32454344
3.95882203
9.22835328
5.29003657
8.33105718
8.70507314
2.55078623
11.30435783
5.96712655
2.56445312
13.16804743
0.76749944
1.57324219
12.39631206
5.11540669
10.50423094
2.33365968
8.51204344
5.03483156
9.09765625
7.84375000
19.55120850
2.57226562
6.07941379
3.29558621
8.60156250
1.76953125
12.36783688
3.01382176
10.97673980
1.27539062
0.69970703
4.62500000
12.32942376
4.76823249
11.26658910
9.56218279
17.81608156
8.21566046
0.29036500
12.75781250
10.39876219
3.15787843
14.63492299
13.80517952
5.25325687
7.43359375
5.30891844
4.57780031
9.90689938
7.02278812
4.98893063
5.43294437
8.55289672
0.73958375
9.91471188
6.08138187
5.49869127
3.84505873
10.00781250
4.68391844
9.20670656
19.75859930
1.12517730
1.26466090
14.38931876
19.98820319
6.62076906
3.49414062
5.12532469
8.53483156
9.98229012
18.46745124
6.37532469
1.50195312
4.45280031
8.47786126
4.49088874
9.37304688
2.10546875
8.46093750
11.39127438
3.22981937
2.67773438
6.94921875
13.39306516
3.82664894
1.27442652
0.20166016
0.53906250
1.97645070
9.59961436
5.49641844
13.94531250
3.61295656
8.32096188
2.54036624
6.95344969
4.06347407
2.96745124
18.05501219
3.62272218
8.30891844
1.56673094
11.75716312
5.27343750
16.24641844
3.88281250
5.07389406
3.76367188
6.68750000
11.24218750
12.77343750
3.01562500
11.80175532
6.83496343
3.05468750
8.68813941
4.98796653
2.75781250
12.37955812
9.15625000
8.82812500
0.33558189
10.00707447
0.00000000
12.08593750
0.00543976
1.79891495
3.85525986
11.46516844
7.62076906
6.54719969
5.64030031
1.22460938
4.25504267
1.28532109
2.66796875
5.58951906
4.86718750
5.25390625
18.00000000
3.26953125
5.43847407
7.94466312
3.01725343
5.46093750
8.50488032
5.88997562
1.74869875
7.70962877
20.61751717
6.48161015
11.99397828
1.43847656
3.79882812
1.04785156
15.22363032
4.40918218
5.69026485
9.42301640
12.37500000
3.09375000
10.67610594
2.43717531
15.58723626
8.07682624
2.78125000
10.14062500
1.81640625
8.60937500
3.47070312
5.35090315
9.69987810
2.11132812
8.52343750
0.02655029
13.81282469
10.08951906
12.64485594
6.89062500
4.73014406
8.03157469
14.06157575
1.42823138
8.22167720
3.23112311
17.34375000
6.24251219
10.76139406
10.41406250
5.89062500
4.23046875
9.20751330
0.04492811
6.98437500
13.42610594
21.54105715
3.08463376
5.20703125
1.11263187
3.25976562
19.26822252
4.78255873
4.03906250
10.39062500
9.44954344
1.69498781
2.00781250
11.34375000
5.67610594
3.81282469
2.97786624
5.62109375
13.93391844
1.96939938
3.56738530
15.73990470
3.78743905
10.95377438
10.17545656
8.41406250
13.01725343
2.35937500
3.76757812
23.21972656
4.08984375
11.57470703
4.05859375
8.29980469
1.61328125
10.77587891
2.18945312
0.80664062
16.96289062
5.62532469
4.16373781
7.58593750
4.48437500
10.62628158
6.14324967
3.53906250
6.18098626
2.24479499
4.28906250
13.33007812
10.60579344
6.58951906
10.56281472
3.10515403
0.63476562
4.51334220
3.27962655
28.04329344
4.58593750
3.26920656
9.32812500
10.23079344
8.46158688
5.54500554
5.00089539
12.55265071
12.54533023
7.02701906
2.28320312
5.58203125
16.01562500
10.97656250
13.47981439
5.26530031
1.24511968
3.95703125
7.30468750
10.22477172
12.51871454
3.50488530
3.40592531
7.96484375
6.59309065
6.34440935
2.22277832
10.15332031
6.22298094
6.01920656
9.91048094
1.65299562
15.04717207
1.47265625
10.46606383
0.41186586
1.92284658
6.79102061
1.45214844
17.18326408
7.38281250
8.70963874
5.90547761
0.35567230
10.08593750
7.02799313
2.62630374
10.13117908
6.10710217
2.07617188
12.76952128
5.78125997
2.06445312
10.54718972
4.31250997
4.39811281
5.35546875
9.38671875
5.19921875
1.65722656
7.41796875
5.69986813
0.95540531
10.10579344
2.60709718
3.41015625
15.79882314
5.71924202
3.91552859
23.13281250
11.66992188
1.85937500
12.67187500
4.07812500
10.57454344
4.97265625
3.87076906
6.51383422
1.07991578
2.31250000
12.52408688
6.24544437
6.52766844
2.28873781
5.99609375
7.03352283
11.61882092
2.19335938
14.40526845
3.34961436
10.69954344
8.21939938
11.55403812
8.03645501
6.74447030
0.74951172
15.10512412
4.99253213
8.10156250
2.05468750
3.93554688
7.62955563
7.38997562
1.09000485
7.16861813
2.48307624
5.37727283
8.85319592
6.49218750
3.61523438
5.94985816
8.80437278
5.90201906
3.27148438
13.18391844
4.40592531
3.66601562
0.04174805
6.91047596
15.34359264
0.97737672
7.52180408
7.20085217
2.84765625
8.64062500
11.02603502
10.58333998
3.59765625
9.59439938
7.56998781
9.22233156
2.56054688
10.12500000
0.91210938
4.29687002
2.66797373
11.12271720
3.38900155
5.55859375
0.09826660
8.15429688
2.74251219
4.40201906
6.83984375
3.16210938
0.69335938
5.46875000
8.69173094
3.04655031
7.07421875
5.44531250
2.36132812
1.23242188
9.33983877
7.67773936
4.74218750
7.10156250
1.66503906
9.53189938
2.72530967
1.86328623
5.91536375
6.42936281
15.63346188
5.67090093
3.28515625
9.65266844
3.26008782
3.34407967
9.75000000
9.56673094
5.12467531
13.11718750
6.14843750
5.93045989
15.78893950
4.01139406
11.77603502
1.96582779
8.75097158
3.66602061
8.63063553
0.31980393
2.80664062
12.44173094
9.59375000
10.68326906
6.15266844
6.85514406
2.72851562
14.58593750
5.66860816
3.12436059
3.56640625
4.66406250
3.45117188
13.98925532
9.20605718
14.46906472
4.53093528
12.86718750
15.21516844
5.32120789
2.61014458
11.04199468
5.93294437
8.29687500
3.17578125
14.93651596
5.27474623
8.30967794
0.40337627
0.77294922
4.85546875
6.46516844
2.98209718
1.22753906
13.34569814
4.32227061
8.61360594
12.29687500
11.12076906
6.83691157
7.89778812
4.54655031
1.36234563
2.40723902
8.21093750
3.43554688
13.15625000
8.07812500
5.78498892
2.58415170
10.48632812
8.36653314
3.18620124
2.49218750
6.85019833
0.17079777
10.63769282
9.31966312
18.07226064
6.23242686
14.68750000
2.67968750
6.94140625
2.76920656
8.71759863
3.19255762
5.04882314
3.49023936
27.74478502
7.16178967
3.54264406
10.78125000
11.09375000
8.16829344
8.67187500
4.77311281
8.07031250
15.27994127
8.99740248
5.41406250
5.07158925
6.77863254
2.72365026
9.41910018
0.74659075
4.58203125
3.88476562
8.40625000
7.59633755
6.89975620
8.27164672
1.28597047
2.83593750
11.81379876
6.61588874
3.54524657
0.30143312
24.92024158
18.50228280
13.87076906
4.87858156
6.86328125
16.25695801
6.21769040
4.71810062
2.94531250
13.01023272
-1.13718585
2.25390625
5.26822252
5.00521498
10.89062500
8.20019282
11.94824468
3.16210938
5.94172097
13.37110372
4.01530031
0.84326172
18.61328125
8.47460938
8.00781250
3.23469969
3.57584718
10.04809321
8.26985594
2.82096686
1.28710938
19.89224845
7.50228280
16.83543302
2.68344636
6.59733156
12.69954344
6.51920656
2.43750000
2.70605469
3.13085938
3.82909907
9.12336658
5.30144060
1.48070043
3.23341090
2.60579344
4.98014406
0.40478516
7.14453125
0.47436337
0.84985538
14.54719969
1.77408937
7.08984375
14.63671377
14.45182624
5.67903812
1.40852532
6.23698249
10.99218750
3.31282469
1.51041750
2.25585938
9.32291002
3.11458998
11.10742188
2.48046875
6.44563719
17.20670656
3.58203125
7.34114251
8.22721686
2.98046875
11.05110594
2.48014406
8.12824690
12.06250000
16.76481951
8.97786126
3.64551030
14.33170656
1.84179688
1.19042969
10.17740470
4.85384530
12.51269282
17.16699468
8.83593750
1.79492188
9.48437500
4.06412345
8.04134530
7.10546875
12.21516844
1.90201906
7.23583112
4.16651263
3.63867188
12.29132536
1.76173370
8.70312500
7.82389406
5.65625000
10.13102172
1.80647828
6.08235594
3.50162843
13.54573360
0.47575077
5.20703125
6.04719969
3.36718750
9.06608156
5.76041251
4.32259530
11.19173094
12.94954344
5.62044437
5.25455563
4.64811281
6.71093750
10.51985594
1.64388187
3.89680657
21.34277593
7.85514406
6.29296875
4.15625000
16.33984375
11.06250000
20.91568595
6.55306405
10.26985594
6.64225343
22.94204566
2.53646996
4.19856439
11.34765625
4.28776374
5.18359375
4.28222407
7.61230718
10.07812500
7.39843750
2.02766844
2.02115968
0.68701172
2.72558594
5.17187500
4.61848626
4.46745124
4.24609375
5.91015625
15.94921875
8.71875000
3.30468750
10.22656250
19.29101064
2.76758311
12.73046875
6.85937500
15.00500333
3.82898105
17.64289783
4.29069592
12.45377438
12.37858156
2.45084718
4.47786126
7.64713874
8.10066711
0.53214539
12.12500000
2.48632812
5.61978502
2.65365248
10.63085938
13.14094969
5.15290448
8.86239583
9.50423094
5.92968750
3.36100343
4.96093750
1.61253512
0.89698636
11.96093750
4.51171875
5.32454344
15.93750000
5.15461907
8.58235594
3.92057624
4.09700687
6.66796875
6.18391844
4.17155031
1.77636719
3.81445312
8.96875000
18.06900377
6.21647717
3.47233156
12.44173094
8.07812500
2.88606439
5.20572252
1.01172872
8.30391511
6.67232269
9.03189938
2.59700687
1.09570312
5.33658688
2.34505374
8.89062500
2.90039062
5.40234375
14.66601562
4.68359375
4.83593750
6.06250000
3.62890625
7.02734375
2.68164062
10.54589096
8.37598404
5.66438719
7.89420656
7.08203125
14.39615470
1.18489999
1.12695312
10.13183345
6.71842531
4.11263187
11.17968750
6.96549313
6.35123781
11.40983156
7.44531250
3.32486813
13.60610816
4.55730496
8.10937500
9.45442376
3.05143561
7.43269836
1.62589892
21.47396498
4.12141844
15.64030031
4.65002441
10.42187500
7.42578125
3.93164062
9.93750000
5.39453125
0.53906250
2.12670898
4.13313719
4.60123781
4.08040282
13.37564689
8.27572030
6.26530031
13.53613032
23.33984375
1.08301030
2.36328125
8.59960938
3.95344969
3.40397218
13.72004876
20.81901374
0.60400391
12.28548094
3.71061281
2.64518063
2.95833499
3.09375000
6.98828125
21.58104721
8.20410904
3.34375000
6.49218750
11.27766844
9.83081117
0.29288758
7.04817376
4.77831782
1.80046154
1.18750000
12.12890625
12.25000000
8.57454344
3.46875000
3.24381593
9.98437500
11.46125222
1.49187278
0.80517578
2.11026603
4.18197030
15.37337157
9.88639406
8.29394282
4.34668218
4.36328125
8.85156250
10.01383422
0.47005250
15.69318706
9.83154920
5.77604499
13.82779034
9.52392952
24.35921764
11.73632812
3.33593750
15.14843750
5.14908688
22.35905031
8.88346188
3.06933843
13.32421875
1.84179688
1.19042969
10.17740470
6.92415780
4.69596188
1.99967531
8.39420656
2.60546875
5.14778314
22.52213874
10.00000000
12.90364251
12.02636968
3.24576906
12.09375000
10.16406250
7.37141844
11.76920656
16.49934813
5.98469969
5.45670656
16.53196291
22.34634752
12.80436779
9.22233156
3.86360594
7.91845080
0.88884170
2.71239736
14.84782358
0.43684937
2.51171875
4.20084220
5.38118905
12.63281250
7.06640625
14.05663564
4.77181405
5.03906250
8.66275377
6.97754654
9.54719969
4.76301751
9.83822030
6.92708001
3.59635749
2.24804688
11.65526596
3.67708998
6.54264406
5.15362257
5.01434618
14.67772939
5.73665780
3.50162843
10.23437500
2.70279533
1.74642342
8.82812500
9.41437722
4.52702903
1.51855469
15.83398438
9.68894615
5.96372229
4.58951906
3.31282469
10.89062500
4.13671377
11.07886303
27.61375893
3.04687500
17.80859375
3.76171875
14.11360594
8.30891844
3.12076408
7.35448471
13.48341090
1.54948000
1.82715446
7.13997562
7.40527593
2.35351562
7.90266844
5.67187500
5.35057846
1.96745622
10.33593750
7.86751219
5.52311281
2.79296875
6.25000000
6.67578125
3.26953125
4.76171875
15.59798094
16.20491578
5.83382203
1.96289062
9.98632314
3.27930186
10.55110594
3.26041501
18.77278812
8.15983156
8.85579344
5.01139406
15.21792332
1.06137355
16.11469474
4.59230385
4.08268063
3.15560062
7.63671875
8.38281250
8.78254876
8.52995124
0.83740234
1.25585938
19.23828125
13.52408439
14.96451906
5.20865470
10.33692154
7.43424313
2.93749502
1.89225842
6.21093750
8.10514406
3.74414062
14.70385742
2.45507812
11.03612783
7.78776374
1.42708499
8.98437500
7.41796875
1.03140611
0.83236342
4.30110594
14.18405151
8.33170656
4.91015625
11.70312500
4.23046875
9.37500000
3.60351562
4.91796875
1.43480261
1.73723348
12.12858156
2.71842531
7.28515625
6.19954344
5.85611813
12.65527593
3.27929688
10.65625000
8.44954344
2.82389406
12.34520612
2.61426155
6.98763187
3.76823249
8.92968750
7.50488032
17.29199468
6.34375000
2.08593750
9.19497784
16.77279560
5.67578125
3.18164062
6.39453125
3.29134032
4.55826906
2.52539062
17.76171875
10.78548094
3.09049313
14.40201906
4.11881593
4.66438719
9.95670656
6.13248781
1.95996094
9.77538564
1.47852061
7.60937500
5.74055408
4.04850842
8.78125000
0.44262695
12.19335938
9.27961658
3.86882092
15.69661126
7.51823249
3.21712157
3.73405031
16.24283688
2.87630374
4.80924313
4.06379378
4.22657247
1.51464844
11.21875000
3.71679688
11.24641844
4.05045656
0.05233765
1.94180900
9.51009530
5.63704344
7.12320922
1.93994265
2.43945312
15.27408688
17.19466312
8.86718750
1.92285156
9.09375000
4.76854721
10.17708998
6.67155031
12.87923094
0.80778078
7.94531250
5.56802970
7.75228280
11.27733378
6.73829122
8.39408356
5.89107269
10.49218750
9.35156250
11.08593750
3.77343750
6.55423981
1.26906830
0.06193055
0.00323677
5.44270501
2.83138187
10.99153812
8.12174313
11.13216312
5.28515625
10.33789062
19.06250000
7.03906250
13.27766844
10.71875000
3.63834718
15.92578125
0.20166016
0.92968750
11.39288786
9.09929964
10.76562500
7.55859375
2.79882812
12.79524158
6.09928967
3.76171875
2.46484375
10.07812500
6.92610594
11.47883782
5.38151374
3.41178468
6.32812500
5.19205563
9.03483156
7.69108156
8.38972961
1.44816101
6.72265625
8.01562500
4.68750000
11.46093750
2.06250000
2.68164062
8.72656250
11.48079344
8.86295656
13.53906250
3.25650377
1.78255873
2.06054688
15.65982658
4.02181405
16.21695922
4.68147828
1.57519531
7.01562500
12.03548094
3.19303468
4.66796875
11.43750000
6.29036126
0.65690436
1.63928253
1.33204620
2.71875000
19.59016844
12.07420878
8.17937278
10.33300532
5.69824468
10.07812500
4.63313719
5.56835439
4.30664561
14.56608156
3.03125000
1.17187500
15.07910156
2.95898438
6.51953125
3.05664062
8.29329344
6.17545656
7.99609375
6.49609375
4.38346188
14.23860594
9.31543218
8.64322252
3.15560560
12.92968750
1.93977782
1.12467531
10.30761220
3.79915780
4.13248781
6.08626219
12.88281250
5.97233156
19.37629876
10.28776374
7.72460938
12.32112547
5.71354250
6.54687500
46.60546875
2.69335938
38.99478627
0.00000000
14.56135860
5.21720523
0.91186586
2.59179688
6.62109375
2.91601562
8.67187500
0.24829102
2.50781250
2.99609375
1.53156721
3.46159685
7.98046875
17.94954344
4.42617965
6.35579344
4.98795656
6.83593750
9.76920656
6.73437500
0.05151367
1.24804688
13.07454344
7.38313719
2.05859375
12.41080563
5.29980718
8.86116578
1.21858765
1.77050781
10.14062500
2.66503657
1.09961187
2.21289062
5.05053524
-0.03088192
3.75618157
5.78060062
3.60677249
8.86718750
3.32259032
3.56477782
1.62142093
2.92773438
3.79296875
16.56640625
7.39843750
3.32453347
0.29851340
2.86718750
2.33328849
4.21386968
7.76106937
1.58886719
0.86767578
5.80891844
8.26139406
21.01197991
4.01074468
4.91048094
5.07389406
12.81250000
11.30826906
7.34765625
1.46484375
3.06054688
10.85937500
15.16829344
3.58398438
5.46061281
3.03515625
7.51730699
14.23177748
3.44335938
3.97656250
9.29687500
6.06021720
7.74447030
7.92968750
7.68814938
1.38650029
2.30338874
5.10383533
4.10417248
5.63671875
8.73860594
6.73405031
4.81250000
8.92968750
1.93434647
0.31589768
8.28548094
16.43391844
41.05208499
3.42578125
3.24414062
6.82031250
0.08221436
0.79394531
12.14843750
7.02734375
9.63281250
10.69921875
9.53548094
7.59016844
4.36295656
2.93522218
3.07421875
5.22265625
17.75846188
8.40201906
4.20280031
5.55793939
3.34798094
7.99357491
0.40747008
2.01725343
5.00064938
0.92317874
4.92219969
10.77701906
6.65625000
19.88281250
9.22656250
3.67968750
5.19531250
17.25846188
5.24153812
5.40234375
4.55680297
7.46663453
2.02180907
6.86458001
3.61165780
5.58170158
12.07259530
3.58203125
4.62060173
3.69971077
0.14526367
1.25634766
3.59765625
9.44531250
7.86629211
1.23038758
11.93827145
9.70247562
8.84195922
4.52913453
3.81054688
7.98046875
10.73437500
1.59992908
8.07194592
1.65722656
17.18260473
9.35841090
8.65266844
2.15787843
3.02148438
1.98372313
7.28483156
3.38671875
0.21484375
17.80175532
13.71777593
4.16795380
2.09571808
6.83984375
3.07421875
6.12109375
7.33235594
-0.00239989
18.59863032
5.95068484
2.87613143
3.42220966
1.78515625
12.77115470
7.70768063
3.89258311
6.21451906
2.39062500
5.59765625
6.45312500
8.23079344
8.69498781
4.92578125
12.40625000
1.52441406
3.87711547
0.24300172
2.00797485
0.04250123
2.53746209
5.70963874
4.36328125
19.90266844
10.82812500
3.31412843
4.23828125
8.91829344
8.73209718
7.15657469
21.18326906
13.81673094
12.62206782
4.43620124
5.73649047
0.72672485
7.56510251
2.40787843
2.88802249
3.97070312
0.34155273
5.23046875
5.33593750
8.56542221
2.38379654
5.54687500
3.02547117
2.93131593
7.35546875
2.38281250
6.32812500
1.97363281
12.36212988
6.89210106
6.34733156
8.37141844
6.67155031
8.14062500
2.21160639
4.70605718
6.07985428
0.53179854
4.10579344
3.07747562
7.29296875
6.84765625
16.10937500
9.34375000
7.95703125
4.99609375
4.59765625
9.94173094
6.67065492
0.41569031
4.74739251
5.21745124
8.06250000
6.49283688
0.87044437
2.20117188
17.15649414
11.10937500
5.20312500
11.51562500
19.81508959
3.01725343
7.98372562
14.24609375
7.21484375
2.72265625
18.90006095
16.39143423
12.10577350
9.33027038
17.34375000
6.92219969
3.47102782
3.20052249
4.23046875
0.07946777
8.71875000
10.03125000
0.77343750
13.69074690
3.09213859
2.88966090
8.11555408
6.19759530
4.20638187
9.11718750
2.50585938
9.16471188
4.43391844
8.57324468
1.76269531
6.13704344
2.06412594
7.43294437
5.42317376
5.66308843
4.08138187
2.94140625
14.81867908
2.26530529
2.56281721
9.26237810
1.57864380
7.41015625
2.76367188
9.90592033
4.66634530
19.10904533
12.30761968
6.39778812
11.25194814
8.88086436
7.79329344
2.75944093
3.50846188
3.97591312
4.44531250
3.08007812
1.36587628
4.14877216
10.24836658
12.42708499
6.09212655
2.46093750
5.29296875
6.76171875
6.63281250
19.52896720
7.83105718
9.11263187
3.00846188
3.81217531
11.68521720
4.96680186
0.09730467
-0.02065978
1.84945136
10.06478280
16.70703125
4.78287345
14.79150391
8.56478280
6.66992188
2.30468750
3.22070312
8.41406250
8.89062500
0.52685547
2.73828125
12.00259752
3.82552748
3.17187500
10.79492188
4.77766844
2.90201906
4.37890625
3.17773438
1.14973875
3.10563234
11.82031250
2.46484375
7.08984375
14.71634762
1.60839345
8.88444592
3.32421875
4.63850953
2.10140015
14.80956782
4.00715315
5.13249778
6.67968750
3.13867188
13.17496454
4.74300421
6.44531250
6.65006095
6.44759530
12.65559564
5.35872562
5.76888187
9.39062500
7.89062500
4.61718750
0.22082520
4.72427970
4.60026374
0.71549562
2.89453125
15.94371811
1.82910904
13.26985594
9.17545656
9.97656250
4.18750000
11.43651596
2.01074966
12.48681516
2.26904421
3.92610594
7.17350343
9.20312500
3.89680907
3.28287843
6.67187500
8.69173094
18.58658688
8.40560062
8.68033688
5.55240470
1.99968029
3.68522218
9.59375000
12.99023438
9.39843750
6.61067376
4.53515625
7.94043218
0.63981203
10.41829344
2.69303468
9.09798094
11.30566157
7.89062500
7.65495124
6.41406250
0.65332031
0.99316406
20.78320312
21.35891900
26.30802741
4.82421875
4.32454344
6.82389406
8.03125000
5.64354721
4.96973404
8.74054411
3.84929964
1.37402344
5.38671875
15.61327876
8.08105718
2.19531250
1.42024657
2.21451906
6.46875000
0.00271988
14.94531250
10.66829344
4.94889406
2.85742188
9.25781250
6.06314938
10.08593750
7.02278812
4.55289672
1.02913453
8.19006317
0.29650910
0.75781250
16.49381095
5.18489251
3.36426529
13.89485594
2.88085938
3.93717531
0.95751953
10.99509974
8.79396276
18.83691157
10.06543218
10.41406250
0.88427734
12.81802970
4.41243905
5.19140625
10.20312500
7.03938719
1.84797845
10.36067874
2.48600343
5.67513187
2.41406250
1.86523438
9.61067376
2.85416999
4.27303039
10.63370789
1.30761719
11.36572266
2.85154069
-0.03098405
6.67968750
2.85510254
12.28710439
4.55664561
7.53906250
13.62824690
11.70378435
7.77319149
1.34725039
7.38248781
7.02734375
3.35969969
7.60123781
30.50097407
3.29655031
8.79736204
6.58675421
18.94531250
1.96972656
2.80273438
5.12109375
14.48502438
5.18294437
3.00976562
13.89550532
7.03401485
0.45524545
3.97378270
1.61410793
4.05573028
3.95631316
3.60351562
3.76985594
6.05826906
4.70670656
5.45865221
5.07617686
3.68294437
5.27343750
3.45833001
3.02604499
3.97070312
6.28548094
3.04655031
10.60221188
7.06575687
3.33105469
3.18359375
9.43750000
4.40266844
5.83170656
5.90625000
1.27636719
14.89843750
4.29687500
25.11751219
2.80045656
3.85937500
2.61523438
7.93001219
7.08268063
5.19433843
4.65234375
5.53125000
5.50552970
6.13118905
13.53881649
0.71069523
6.01367188
22.00000000
2.13867188
3.43001219
0.00394777
3.84375000
5.54556627
1.79037123
7.86718750
4.45344969
1.51432126
7.27441157
2.26758311
10.84504876
3.17090093
2.86881593
1.53710938
1.38200720
4.50806848
4.48828125
4.48437500
15.14390656
0.85511687
10.85221188
0.78841312
4.88769531
9.76627438
1.96516844
1.35937749
7.67187500
6.46875000
18.64159907
7.17903812
6.66764406
2.73828125
20.00455563
9.56185062
2.83552915
0.60880679
5.11328125
7.53515625
8.14908688
3.27506593
2.24967531
5.23828125
3.71711658
3.80761470
6.55957779
14.67984860
4.12402593
4.51171875
7.35611813
5.58365470
2.21647717
6.54100067
2.16993683
12.45800532
2.10254155
5.79101064
5.58040780
1.02994875
4.27734375
10.02343750
8.16177970
1.23861092
10.95312500
6.25064938
4.80257203
2.47607546
6.64875222
4.86361591
1.46810062
2.88281250
9.26105940
2.37793716
2.46647218
11.53906250
5.09375000
4.31347407
5.12011968
5.98437500
3.81160461
0.56925476
2.52490234
3.88867188
7.60188719
2.24381593
3.32812500
11.21875000
5.61718750
1.93619127
7.42708998
0.38333981
2.56575687
5.57486813
1.88411624
8.73258422
0.38191773
6.69051086
0.19059266
8.00000000
6.39062500
6.16015625
16.80891844
12.81542720
14.27669437
6.55729250
2.25195312
10.59283467
12.33636206
5.49870124
14.07812500
13.15494626
9.17545656
1.98079344
3.40364749
19.00845191
13.35906028
0.75211672
11.35742188
2.50585938
10.07812500
3.60156250
9.32421875
3.56705563
2.53645999
2.06445312
1.85937500
2.91438719
11.13639406
2.39290282
1.80761719
9.21451906
4.80891844
8.31608156
7.11783688
4.21061281
12.01106439
10.97103280
2.04492188
1.17480469
2.75048828
5.33984375
9.27403450
6.89094969
17.85579344
10.52669437
1.85969969
3.42350343
9.12629876
9.10514406
1.08284173
4.49023936
7.67155031
11.73437500
4.10546875
7.15657469
9.02408688
6.13183843
3.22656250
6.99413564
11.17252438
4.04639295
5.81429078
7.78906250
2.14126690
1.92220966
9.88102172
1.63167359
8.96093750
10.84798094
4.75046710
4.94256759
5.47265625
15.23437500
5.98437500
13.55566157
11.04980718
1.96582031
1.05078125
14.65461658
2.58952404
3.25195312
0.08793090
1.68343140
3.48860594
8.10806627
3.43067154
3.20703125
13.31852172
8.43016955
2.05013685
7.83984375
8.94531250
1.14941406
8.04117797
2.49430048
2.87109375
10.97526374
2.75781250
1.72070312
12.63834220
5.04003657
2.18880873
6.64453125
0.69173094
3.51367188
4.52376219
1.96614749
4.80468750
13.43163813
16.76465093
5.78125000
5.57226562
15.79508422
2.90218140
3.17089844
4.94140625
4.95703125
8.56250000
3.44368407
0.44010500
6.92578125
15.01497064
2.85367672
11.32747562
5.11588874
3.33007812
3.63281250
15.73469969
4.64876219
3.55306156
8.03906250
2.06250000
8.56250000
2.17968750
3.24820922
0.84651734
0.14343262
1.78262931
1.89551030
8.37435062
7.26562500
1.25553219
1.80208499
0.85302734
3.41145501
2.43229499
11.31250000
5.34765625
1.69173094
6.37206782
2.84245124
2.18164062
8.02376219
1.97233156
4.01953125
15.91829344
1.65234375
20.58300532
7.05436281
8.18912594
8.04915780
8.84016844
2.44108156
11.14843750
0.73486328
3.46093750
1.89355469
14.80468750
2.96679688
6.13020501
6.69401374
4.68847407
5.86576573
0.46431488
4.59570312
10.54687500
2.71109985
6.53694703
12.12564938
7.02474124
2.55273438
7.21484375
18.09609580
4.86718750
1.36816406
7.82779533
3.76400155
15.74771969
3.77669437
7.86099845
2.93001717
2.55663315
17.68490248
0.13496824
6.73680519
7.99008200
5.82715093
16.45019282
16.75358156
4.55794437
1.97949219
20.02049535
10.31283466
4.54166999
5.59717780
7.04832752
2.42090093
6.69954344
2.62858156
9.91406250
11.68782469
22.01757314
4.13118905
9.22851064
4.89354721
1.68002714
3.26690881
6.43816932
1.76855469
4.03906250
0.22436523
3.57617188
6.34375000
8.45312500
8.55468750
6.60546875
0.95947266
11.52766844
6.89811281
9.49218750
0.09387207
4.37500000
2.94286611
8.41992686
8.28125000
6.36718750
8.19726562
4.82031250
4.06640625
9.45312500
2.91992188
5.58007314
2.99609873
1.33105469
6.00324690
2.95020279
4.83561281
7.08203125
9.09276596
5.84294326
2.29313110
7.44921875
7.26831117
1.08683289
10.22656250
3.33471680
12.07519282
2.31933843
4.22379142
4.79199468
11.17187500
9.48372562
6.13052970
9.45540780
16.75488032
1.57910405
8.20312500
3.35937500
5.22265625
1.88671875
9.11629211
0.68253601
2.32812500
11.07031250
3.52734375
2.02148438
18.53514628
2.98047872
7.68001219
5.50032469
11.75716312
6.50781250
8.33007314
2.28516123
7.79296875
1.46777344
13.24446033
3.57617686
7.10514406
7.75195312
7.78693706
2.63493794
3.73828125
4.21875000
5.90234375
10.10058594
1.10839844
0.25585938
0.05151367
10.48437500
0.04885864
0.62939453
16.09619016
13.52294548
3.25977061
17.74412567
15.96615746
4.97656250
2.35612311
3.12695312
11.03857048
2.50244514
8.94531250
2.11425034
1.71973404
1.65592282
4.20670656
5.05045656
8.58593750
4.86164783
12.38997562
4.17806405
2.54687500
8.26562500
3.64876219
16.10139019
13.25277482
2.77115470
5.19401374
11.22526374
6.04296875
2.88867188
2.78125000
1.27050781
14.88670878
4.63282247
5.59016844
11.84733156
10.89062500
10.30988254
2.05730496
11.10060561
9.85815492
0.15757248
2.86946532
4.44531250
13.42187500
3.27817488
5.65625000
15.76562500
26.48990470
0.00000000
1.10351562
2.70507812
6.98828125
2.43164062
4.44140625
10.55961090
19.69494349
5.70817265
5.95833001
20.22243661
14.86327128
3.51009779
18.03776374
5.64094969
11.57584718
25.93750000
5.21760860
4.01235068
2.40773603
0.71777344
10.35498047
2.61132812
1.28125000
8.69954344
10.33723626
16.43391844
17.34245124
6.32486813
2.66081061
5.36751219
4.64843750
9.92968750
7.17545656
8.44954344
14.21451906
4.48046875
15.84879516
1.59778311
8.47786126
10.67512190
5.81576684
4.17219969
6.49967531
5.40625000
7.97070312
9.25000000
8.43391844
1.89811281
7.52766844
8.87076906
7.11653314
12.90299811
22.05078125
7.50813719
8.11718750
5.42578125
6.54655031
4.17789672
2.17561890
0.02301025
2.16064453
5.56640625
3.90885251
1.72298343
22.61913564
0.91016123
9.36718750
3.43977782
0.92838625
4.42935783
9.50617908
9.47266622
1.60644531
1.88394019
1.85092309
12.27343750
2.85351562
0.88476562
5.47687722
4.06218528
4.58984375
14.68277704
4.58089483
5.10969969
6.13248781
6.40266844
9.35872064
6.70540780
5.49023438
4.63313719
6.84765625
4.47233156
10.83593750
15.40535461
0.01719178
1.73680644
2.62305684
2.28710938
18.10351562
3.24414062
6.52766844
5.22233156
9.32812500
8.01562002
5.26790780
5.54655031
4.94140625
16.52766844
2.41959718
2.68001219
0.09269289
4.39941157
20.97216423
11.05811170
2.96354001
2.74544437
13.65612270
0.62170933
2.32812500
10.66959220
11.16634530
0.72998047
8.26953125
8.02408688
2.46028812
0.02566528
0.90673828
18.70833001
6.87581671
12.99722518
6.43034685
1.85644531
19.43750000
13.69531250
2.76367188
1.95117188
9.03125000
8.91471188
14.75091729
2.28711436
2.13671875
11.49283688
7.49544437
9.65625000
11.92871094
19.71289062
3.10774657
11.10579344
5.40560062
11.48258422
0.07246949
1.50000000
10.01562500
0.01332855
14.23632314
4.41243905
9.01920656
9.23860594
6.28906250
10.66715204
0.76221077
9.03710938
11.03125000
2.86328125
1.73535156
6.97656250
4.82812500
5.45703125
2.68423815
18.67708998
9.81673094
15.92968750
2.42155031
7.20312500
6.54719969
9.86132563
7.36393063
12.21680186
14.46875000
7.75390625
3.22070312
0.92480469
5.68554189
1.02832530
6.69531250
10.33548981
18.64692709
14.53621897
0.28922547
2.51367188
15.55305408
13.73079344
3.22396498
17.82063719
9.27408688
1.81152593
1.25097656
6.09080785
18.20345966
17.19579455
6.63493794
11.06152095
16.04199468
8.36701768
3.92562389
7.75325687
0.48291016
8.54687500
2.24218750
1.68261719
2.07700576
0.86635361
0.10989805
0.71451906
3.73437500
4.23046875
11.00000000
3.27376219
0.75016359
8.66536126
9.66097296
2.71760362
3.32910904
12.68750000
6.59375000
8.46785461
0.69620789
6.80110594
3.45703125
1.42838625
6.94921875
8.30468750
16.44075189
17.27636968
7.78092531
3.96126219
6.21126219
1.59895999
1.05598875
6.49967531
20.30143063
4.44856937
8.50000000
4.00390625
3.41601562
10.26562500
7.59765625
4.33559287
5.00457557
8.06445063
16.29980718
6.14811281
5.89061503
6.47657247
7.64453125
5.64017731
0.07521576
2.40039062
18.61824524
0.74535821
5.03385749
17.99218750
10.42187500
6.00032469
12.65817820
12.02932180
3.26334718
8.71093750
5.35937500
7.37824939
14.73242686
16.24055657
3.77962655
1.24934813
3.06074384
2.62695312
4.74039672
0.67870969
4.24153812
4.52343750
6.90982159
3.35970966
6.30728502
5.72041540
1.83886719
16.11880098
4.35677997
23.15201906
9.79525155
7.25781250
1.71028314
4.88151374
6.53906250
14.39941406
18.85351064
5.86523936
5.15820312
10.29345080
3.22412732
1.89803454
4.95264295
7.33203125
3.62873394
6.81283466
13.52343750
2.05940797
15.05891844
10.55826906
9.01562500
6.90299313
0.27937992
3.44693595
4.50618905
3.06640625
6.62890625
9.58984375
7.50781250
11.76562500
6.93359375
13.79882812
6.00032469
3.72428468
11.41829344
5.67620281
8.43716534
18.02636968
8.91927748
1.74023438
15.28125000
10.02050532
11.31543218
1.85677000
3.47623781
11.77945922
1.25765015
1.05078125
13.76952128
2.56055684
6.16015625
5.25390625
5.75390625
1.95149657
7.88020501
4.43978280
15.41406250
2.45507812
2.09179688
10.30468750
4.92187500
10.28320312
16.76334220
2.19564217
2.95117188
14.30110594
21.87500000
2.84928468
2.72656250
2.68359375
6.00032469
12.76658910
0.59636746
19.82454344
3.92936281
18.73242188
8.24218750
0.58007812
3.37304688
10.98860594
0.25699953
2.82323720
11.55517952
5.72021609
4.67073485
16.19889406
19.43391844
5.97233156
16.53335550
1.20492575
10.10758422
3.53890015
1.71484375
13.64453125
9.78125000
11.41406250
7.47867797
1.80452515
8.60579344
10.36686281
5.21093750
28.46109611
19.20150155
9.30094360
20.17561392
15.98665780
3.62612645
15.25062944
5.96536568
5.78841312
1.04687500
4.34765625
3.43977283
1.42936779
4.73990470
17.81120124
1.81510500
11.19726562
13.22004876
10.21337766
7.64469858
2.81738032
1.67383062
6.32429992
12.56059247
6.45833499
3.36131317
8.41603058
13.23502438
9.51399158
7.60254654
6.20312500
9.69531250
0.55908203
3.25390625
2.20418274
0.40763367
8.27858926
16.90235372
5.94108156
7.95768063
9.28841312
6.01138409
3.17611591
1.57226562
14.06640625
4.06640625
5.76090204
2.17073858
1.40722656
4.49001053
0.40574143
3.20312500
10.73567376
17.34504876
3.53255873
8.15266844
2.90201906
6.95051751
6.53776374
5.11283356
0.36494965
4.12109375
5.28645501
6.88606937
2.83724124
6.67968750
9.68456782
5.78808843
6.55501219
3.82682126
5.53027593
9.00846188
3.43294437
2.15234375
4.54491689
3.79492686
1.97851562
8.00781250
9.80500222
4.88640403
9.19531250
6.10156250
12.90625000
3.97216298
7.33170656
10.24984139
14.50423094
5.31608156
5.62890625
0.24743652
2.78157469
7.39941157
2.64323249
3.87109375
3.73828125
13.08804300
7.33268935
3.69401374
6.58203125
6.54296875
8.57519282
2.90136968
9.04687500
8.87109375
3.41796875
17.01204344
5.51920656
2.32812500
3.86523438
11.49438477
22.30956782
17.15625000
13.95442874
1.53189938
2.10254155
9.00781250
7.98046875
2.69367908
6.29883311
1.68815187
10.23045878
6.35612810
8.51497562
6.55501219
2.75162843
13.41113032
7.64746343
12.52929688
4.36328125
10.68855774
18.73298759
3.76009530
6.27734375
11.81724014
0.49037705
0.00129318
2.54133533
16.78353280
3.94075687
4.08203125
12.20914672
0.03297974
5.63670878
3.62110372
2.65266844
10.25423094
2.16731937
2.93326408
7.13509530
1.54296875
12.14990234
16.68750000
0.06646729
12.83495346
0.93946060
6.25000000
7.51171875
11.11002438
4.15950687
7.47363032
4.31543218
2.20344969
8.26139406
14.55012190
5.04753435
1.78906250
3.36914062
14.85644282
5.51074468
1.22558594
7.53579566
1.94662621
10.87500000
6.22688719
9.70312500
4.16764406
2.57421875
4.83203125
2.64843750
10.25000000
1.89417957
19.40007092
7.96875000
8.76757812
14.30598626
3.25163093
4.19954344
6.65038564
1.58366467
5.15925525
9.32585217
7.10546875
4.65625000
7.35969969
0.23698000
0.21557617
8.64648438
7.25390625
10.61718750
0.57080078
12.66536126
3.39518561
0.51090079
2.73665780
5.16258146
12.06130789
14.92837877
2.61849623
7.42187500
1.00360107
9.58235594
3.42155031
9.94531250
23.84700189
7.54394780
2.37467531
19.85758422
0.09663941
6.26025266
0.73388796
12.09016844
0.46630859
16.59243629
16.69076684
4.76530031
3.61523438
9.10579344
8.30760971
0.98015154
5.25781250
2.58203125
7.11881095
6.09212655
3.92252189
16.97884530
21.50813719
7.11360594
3.87923343
12.83203888
7.38736315
4.63053967
4.29571865
11.97278873
20.16260638
10.14550532
11.66699468
9.54785156
8.49497988
0.25672910
2.99218750
3.53676724
3.40008089
9.61960772
2.08319259
9.53189938
2.58170656
4.36328125
2.30631593
17.80468750
2.55078125
9.07031250
11.80301910
19.36681849
3.09456671
6.54687500
10.02180408
3.64225842
3.34960938
8.27343750
0.48510742
4.38606439
16.71159186
4.42309010
0.22974194
5.80468750
16.98632314
15.79394282
3.96973404
3.94705963
5.18359375
5.34309065
5.52800310
6.96484375
7.31021720
1.64681405
20.03823582
13.97413231
18.18685062
18.01562500
3.14257812
8.35676751
5.12370124
4.53515625
4.57031250
15.68359375
12.31673094
15.87524476
18.68626995
15.02554300
2.76564494
19.64843750
6.42968750
0.48437500
4.42642814
3.61556405
5.40625000
3.69726562
0.44897461
4.75390625
4.21842033
6.00049202
5.17757203
2.88281250
2.04767302
1.24187776
19.59765625
4.67578125
10.34927970
2.80892342
2.78906250
9.62466534
2.20345966
7.63191711
1.09073914
4.66015625
5.65580231
0.26582855
8.42187500
4.10156250
15.84863032
11.72037345
5.07194592
3.87662843
8.68750000
2.60156250
8.83593750
2.43359375
2.79882812
6.37206782
0.76309806
3.80208998
15.81250000
10.22566711
0.59789977
26.43066157
19.17480718
3.59765625
2.87467531
12.24218750
11.03449690
7.16081560
9.37500000
11.35937500
0.00488663
2.26562500
9.88281250
17.96289062
14.07377106
0.33418793
9.46875000
5.42578125
2.69726562
4.58626219
2.08170656
5.05917304
8.64395196
13.85057846
8.35254654
5.50699579
0.99300421
3.72851562
5.99120346
0.72396498
4.54655031
5.13281250
0.00693893
3.87988032
17.17090093
4.45344969
22.40625000
8.14420656
19.23437500
0.37890625
7.82031250
12.89127438
14.04622562
8.44531250
8.12923094
4.71875000
3.02115968
6.59375000
4.28580065
15.57584220
3.93327903
9.46875000
0.06878662
8.93570922
0.80989625
20.95653923
13.04378546
7.03449939
17.54248670
1.37581422
6.55891844
7.53092531
8.48437500
12.36425532
6.14746343
11.49641844
12.39550532
3.01692874
4.61653812
14.87923094
7.60350067
2.88445589
19.69954344
20.15201906
3.08789062
2.47720191
5.16765403
10.54036126
3.24056405
17.67968750
8.25000000
0.37084961
16.07633422
1.48160766
6.43717531
3.12500000
13.97298094
4.27340320
10.99250222
5.66260264
12.13867686
11.98014406
3.78482658
11.13509530
8.94238032
4.54590093
5.83203125
11.69531250
3.32259032
7.07421875
5.35969969
5.01106937
6.26171875
3.85936005
3.24024933
4.97656250
5.21223626
15.61784186
3.17187500
2.41015625
16.53617340
11.37231414
16.75179078
11.67968750
7.06119127
5.52865248
7.55859375
6.14192376
0.58317390
3.44531250
7.33739736
7.79134530
1.44108156
8.43131095
6.54915780
9.79687500
4.96499613
5.35368794
9.75553468
14.57600828
4.88769282
2.70182624
14.07421875
6.31640625
8.38281250
2.96142454
0.99463015
2.02887419
2.51336214
17.41829344
2.09358765
0.98323609
9.70621454
13.48128546
0.76904297
10.16829344
16.09479963
3.35189716
3.78710938
11.09439938
14.53808345
18.66699468
8.67903812
0.89453125
18.83593750
5.86718750
1.57910156
3.20117188
27.58984375
7.01562500
7.31070922
11.20587988
20.24903590
10.95735594
8.53483156
5.58203125
7.65200909
7.46224374
7.38867686
5.71266678
1.05897247
4.08480607
6.88671875
1.61067625
3.17350343
8.20312500
2.28743407
4.14485594
3.29477413
4.62500000
12.77961658
25.08919437
2.52230108
2.44515015
3.71647218
7.00488032
12.89192750
1.32536015
1.79719720
3.75683843
4.18326906
19.19963074
19.89599360
2.93554688
2.49902593
1.78125000
4.43553691
5.30469747
1.35156250
12.12923094
7.32128657
5.23763187
4.15560062
9.71337766
0.47851687
9.03548094
1.28483156
3.62736320
8.12923094
11.43391844
14.54962988
13.57667386
16.38554744
7.97447694
18.76888187
3.44368407
3.79459718
12.47427970
2.99251717
3.33398438
20.01757812
13.92968750
8.84439938
7.56185062
4.51562500
12.50080674
3.94580452
15.38541999
12.12923094
13.20581117
22.41300476
16.93391844
2.90787843
11.21972158
25.13477061
5.99804189
5.42284907
8.74740248
3.35319093
18.32068847
16.20491578
3.42543413
3.55015181
3.33300532
7.39941655
9.41406250
11.63736564
6.51497562
1.79004155
7.39843750
6.63671875
11.84504876
14.77701906
5.89355718
9.19531250
3.11132812
0.27587891
20.73762190
3.68034685
8.59016844
5.98405031
7.98046875
5.44531250
9.03125000
1.97949219
0.85937500
4.31640625
8.89843750
4.63281250
7.42187500
5.43358877
15.63281748
11.26562500
0.03088379
5.46126219
4.78092531
16.92675532
12.19466312
3.18131593
14.45703125
9.79977226
4.29329344
6.60090814
12.17236702
13.28612783
8.80094858
4.31217531
3.71288066
1.61524434
11.84375000
2.42578125
19.14978027
4.51821255
10.71939938
8.50262244
7.35937500
4.15527095
1.55078374
18.29296875
4.97656250
1.31673094
4.80045656
4.76562500
2.64257812
0.54182860
14.33072751
32.08918440
9.13640403
12.30956782
4.60547124
7.46875000
17.02945922
0.70100953
11.56151596
4.39551529
1.53320312
15.77831782
12.96386470
4.71729014
11.78906250
2.30989500
7.25358156
5.94531250
2.02539062
18.24804189
16.27620235
6.17888076
9.45703125
6.13313719
18.10807126
6.72949468
7.52734375
3.37890625
1.47248767
6.19433843
11.18229499
6.50390625
6.29296875
8.28548094
1.30240968
7.93000222
10.22445700
6.40932957
4.42449246
5.15299313
7.45182126
9.65136968
3.36100343
6.80078125
0.56863403
6.32421875
3.08821532
8.35156250
8.04085328
11.27267933
9.40007092
6.65625000
10.09521484
10.83983378
17.18360372
10.08593750
8.01985594
1.09147218
4.89062500
7.76562500
11.87434314
0.00000000
11.15266844
7.22656250
5.47883533
2.58138685
15.06917110
19.05810173
2.07389904
3.52148438
14.38801751
4.96061281
9.34310062
7.38671875
2.44889406
18.75878906
5.55110594
3.49381593
10.88670878
0.84799091
7.41764406
8.60579344
7.69889406
5.21614251
6.99479499
3.29426751
4.92056129
0.96290558
2.05664062
5.34765625
4.83365470
4.77572030
19.41015127
4.17415780
4.59781361
2.46859264
10.70312500
5.75358156
7.11328125
1.55957031
2.01365941
4.93295434
7.49641844
4.19466312
9.59863032
1.96191655
8.16405752
4.55273936
11.50423094
8.07812500
1.33951906
0.83040282
7.80891844
7.79491689
2.19303967
15.71516844
15.75358156
2.35123781
7.60156250
1.54752438
3.34700687
1.92773438
6.34341534
12.43002216
7.26985594
4.29230940
2.61979997
6.18717531
0.21293090
1.04801391
9.38605940
4.36426529
13.24381095
19.25553967
5.90689938
3.74544437
7.83203125
10.77343750
8.77343750
3.01887689
7.17838874
1.07031250
1.90234375
2.66894531
17.75000000
3.70898438
11.14062500
11.69954344
1.94889406
6.39453125
3.05664062
8.01562500
6.12531472
3.81999778
8.60904283
8.79069592
8.59733156
8.82812500
5.63671875
1.58105469
6.14453125
1.48665282
2.65006593
11.48079344
7.53906250
8.79329344
4.13997562
13.48079344
2.12662843
8.38858821
10.40047429
10.99218750
3.91601562
0.67357900
11.58007563
17.97217420
3.20686890
8.50358156
4.38357990
0.08809979
1.31966063
27.34146720
11.85742686
6.05924313
6.39778812
9.87141844
2.30826906
8.76822252
2.04850842
5.67642565
16.21257092
11.57747562
4.78906250
8.70605469
6.83495346
7.57129654
12.10252660
6.26075465
4.76985594
10.57877438
21.20556890
11.88281250
4.83527317
3.14324246
3.25406361
4.32195313
22.76105219
18.74795539
0.99560547
13.47656250
3.80484486
10.33382203
7.61100842
14.36523438
16.44970703
8.39062500
2.96874599
2.17757479
2.50162843
8.13704344
2.42561890
0.89485719
4.82108489
3.61755028
19.46549811
13.27701906
5.84960938
12.42968750
9.84375000
0.18139648
1.31665942
7.43864140
15.88574468
7.31575687
4.79687500
9.46516844
3.86881593
13.89843750
2.64648438
3.33984375
4.33722629
3.05730496
5.43456782
4.72949468
15.04329344
2.39030031
7.95312500
13.52408688
16.27278812
18.01578735
14.13557735
14.02832280
7.57421875
5.05078125
2.40625000
0.01748657
12.18750000
4.11392066
7.48828374
17.13705341
7.40689938
11.71810062
8.10156250
10.09570312
6.91406250
4.82421875
1.91992188
3.11132812
5.50390625
3.32226562
1.68359375
8.63102172
1.71858765
9.44855940
4.80632092
20.26822252
8.11752216
5.75000000
4.03906250
0.42944336
3.03125000
3.28075673
6.67871343
7.01465093
9.06250000
5.45312500
10.88476064
4.13477061
2.60546875
9.14664672
14.08772828
8.64485594
12.50773195
4.40493629
9.65331782
13.54394282
3.91928745
1.00878906
12.56835938
11.42968252
6.77539561
6.85969969
0.24739500
5.85481937
2.07649657
2.72298094
8.06298205
32.24706782
9.59555075
4.51806641
7.33007812
2.54491689
6.07617686
12.86328125
3.06054688
12.93960550
14.99789450
2.29296875
20.81640625
3.89062500
9.57812500
7.66406250
1.82617188
11.38102172
10.22054078
5.61538675
1.51937887
4.91275377
11.30013187
4.56966312
5.72135749
1.09863281
9.30110594
1.15494875
5.15364251
12.74121094
15.01318484
7.67692265
1.16796875
3.94759032
5.66764406
4.49218750
1.28315163
2.54656028
3.89453125
6.80078125
5.47688719
6.07389406
10.27539062
2.95117188
3.48632812
6.51594969
1.34635500
4.89062500
3.02571532
6.64420656
3.19335938
4.28125000
8.49413564
9.12305186
3.53320312
14.05468750
2.04882812
2.19189453
3.14094969
5.67155031
0.11568114
4.12467531
14.07812500
7.12500000
2.28580563
16.56172855
4.21418939
3.25488530
3.32975343
9.66406250
12.22656250
6.21093750
5.16796875
0.62231196
11.98535405
7.15625000
2.73828125
3.71875000
5.89062500
16.71353502
1.72624279
9.26756888
16.70182624
12.87076906
2.88248781
4.01562500
9.09375000
3.75000000
3.25390625
13.70312500
4.09407469
9.29264406
2.47070312
7.99022939
7.84180186
6.53906250
0.22212645
7.71581782
7.54557624
7.05468750
2.63085938
3.90039062
15.87141844
9.09927970
6.61165780
3.78515625
12.36718750
3.88639406
2.34065548
6.28197806
1.25236646
9.26953125
5.71875000
9.62141844
1.35628297
1.23323609
7.78157469
12.55598626
4.18197030
0.54345703
6.41306849
1.94240026
4.82031250
13.05468750
5.91015625
14.76627438
8.36653812
3.15625000
7.82608032
1.27148438
0.68359375
2.09375000
1.58670646
21.18831671
1.38916140
22.90625000
4.20344969
8.47233156
1.09472656
1.60058594
0.54150391
0.77294922
16.60416002
2.29623060
6.18359375
7.43359375
9.46907469
14.27945922
18.14221411
6.33593750
3.51009032
0.55631593
0.50976562
5.52961658
1.34928967
4.37890625
5.24609375
0.90820312
9.79654283
4.61882092
0.80289797
19.96548316
2.29688497
10.90983156
3.56803468
7.08203125
4.69140625
2.00976562
2.91166168
2.07146842
7.38706338
5.84375000
11.19352172
0.54085328
9.76562500
9.88281250
6.66048094
4.21653322
11.66829344
12.89420656
3.24609375
3.92024657
4.84407469
6.95247562
4.28125000
8.33658688
7.88248781
5.22070063
15.13997562
12.20442376
9.15853280
15.04264406
6.06250000
6.33984375
2.37695312
16.49609375
10.87923094
7.59179189
3.26335217
4.49609375
10.40625000
3.22656250
0.01664734
18.23828125
7.65234375
5.19921875
0.17712402
4.94921875
1.83593750
12.18911348
5.50619902
3.58203125
9.75000000
3.68033190
8.42708998
1.10123532
5.47070063
5.90495124
2.43945312
12.90201906
7.44986813
0.61165531
8.09446809
6.23756316
2.42382812
11.03637633
0.73006164
3.31608156
2.21679688
5.02050781
16.56200798
15.39892952
7.22656250
4.07355940
7.27019060
11.24641844
16.51920656
2.94954344
0.92626953
2.25162843
8.51562500
3.53320312
4.48111813
3.80631593
0.50634766
11.20914672
0.20117312
1.40332031
10.60513658
18.46615248
12.43391844
3.74772218
5.79036126
5.33854499
0.59375000
2.69531250
6.57031250
8.68359375
5.84375000
6.31770501
3.50846686
7.19531250
1.61425781
4.31673094
16.59733156
8.89062500
2.96939938
7.30403812
11.46743130
10.64194370
3.37890625
13.02539062
6.19531250
2.70117188
13.82812500
1.70312500
8.46093750
3.45018784
16.97819592
5.58919437
2.60742188
10.60937500
6.95117188
6.68359375
7.37532469
5.86507203
10.05289672
4.81217531
8.06379876
7.57421875
10.62370124
4.68798828
3.75976562
7.48828125
12.27343750
2.10156250
8.33593750
4.64485594
7.62531971
14.33366467
5.78092531
2.15625000
1.43692182
0.31307818
1.11816406
15.24624114
0.98813386
9.49458593
5.51075465
3.68554688
22.99347526
8.74576906
6.63151374
12.29882812
8.35156250
15.81216534
3.98861591
6.70116564
8.83936170
1.17578125
1.00195312
12.52343750
13.85742188
9.61441268
5.91293107
5.43359375
6.11002438
2.74153812
12.07078099
2.06640625
10.39062500
4.92968750
15.15625000
9.09375000
14.05110594
4.59733156
8.17187500
1.57519531
6.64843750
6.38614805
0.16170351
5.50390625
2.39453125
7.96484375
9.09993157
4.64355718
17.88346188
9.44824468
1.39160156
19.91992188
17.19148680
5.25748781
13.60800274
10.05111591
3.50195312
2.38476562
3.81062317
4.54784907
7.21777593
7.74218750
6.40625000
9.30305408
1.02995373
2.24804688
6.75781250
2.85774657
6.53132868
0.12947944
9.57096188
5.69075687
2.73242188
9.83267814
9.85286874
7.36447144
15.85042110
5.28629765
4.75781250
4.17838376
0.03975589
0.01771545
6.63671875
6.27343750
6.26171875
6.57812500
1.18359375
10.32127660
3.72950465
14.18765736
4.58610483
14.15112305
19.60839096
1.85612810
6.93456533
3.36719248
3.91406250
6.33593750
4.06461547
21.88557735
19.63965093
14.59798094
4.30436281
3.99023438
6.51399158
4.45085217
1.96386719
9.68359375
8.03906250
8.59016844
15.79230940
5.70345966
3.13085938
4.92968750
3.90494626
5.39778812
0.21667480
11.64664672
1.13850953
0.38891602
8.18359375
4.84765625
5.60253657
2.43457280
5.94563719
2.43717531
3.62695312
15.19302970
1.77767342
17.23567376
3.05371343
9.36295656
2.59375000
11.98502438
5.97492908
1.80567154
9.19531250
3.60937500
4.76953125
3.48242188
0.00642395
7.84504876
13.18099249
0.18086793
1.70605469
8.44173094
2.00780752
0.30241467
0.42382812
14.66406250
10.38020501
5.86588874
2.48828125
7.08984375
5.74218750
0.09790039
11.81591797
5.76953125
9.78125000
1.90722656
9.36539672
1.73811890
1.35839844
16.00828458
4.07374667
1.42773438
14.13671875
5.95735594
12.84554078
4.35546875
7.92366578
1.61035156
11.04687500
13.29625998
1.96854458
16.33219858
10.04443484
4.25748781
1.75287446
1.74627105
2.02571532
4.10937500
3.03483156
5.92968750
4.23649047
0.82373047
5.27685173
5.55697030
5.53254876
17.17057624
8.36718750
3.34960938
7.14485594
1.52506593
4.82031250
5.39843750
11.55891844
3.65480607
0.59926377
6.78906250
9.23437500
8.71875000
2.36718750
14.93391844
8.55240470
3.90820811
7.59798094
8.43326906
6.19986813
1.90364749
4.35416002
2.06022717
14.80110594
4.99186281
7.24820922
0.23291140
7.39192376
5.90104499
3.43750000
6.23828125
12.65625000
1.21875000
1.63671875
6.13704344
10.39550532
5.81640625
4.46777593
7.03304078
9.80647828
10.05598626
4.04199468
1.11702515
5.64078485
2.17903812
6.85091312
0.31445312
0.65878773
0.61605358
9.12027704
9.68261968
6.74983765
8.46093750
2.04101562
12.09570312
4.18750000
15.41128768
4.55355607
10.36718750
0.21960449
7.29296875
5.59082031
4.36718750
12.55891844
12.14420656
2.63867188
2.26757812
8.20312500
2.73730220
9.29980718
6.69921875
3.97167470
4.11979499
1.15071781
6.01953125
4.88736813
4.50716312
3.98242188
14.20507812
2.78906250
4.87629876
2.68229499
3.62109375
9.88525266
3.01708112
2.70704122
4.37109375
2.89062500
4.48437500
0.25410887
10.99218750
3.71647218
2.21040521
2.92968750
8.18620124
1.91015625
11.07812500
2.04492188
7.32031250
1.86523438
10.62141844
1.95865968
6.97298094
2.29264406
5.48828125
13.88281250
5.84016844
2.40983156
13.67252438
14.89241578
6.87060173
11.48665780
17.48437500
3.99185533
3.27051529
8.14062500
2.91601562
5.11328125
11.44921875
4.10937500
4.14453125
1.30957031
3.97265625
10.71567764
11.01088486
6.43684065
0.75065935
6.32454344
16.92008547
5.65120110
12.47591312
3.57942874
5.96875000
2.33984375
11.57185727
0.04435367
1.64746094
14.74021942
5.41993683
2.71679688
8.33658688
0.02645023
0.63867188
7.62889628
16.98047872
4.66633533
7.06022717
2.93359375
11.08235594
8.09650488
3.50115137
2.03483156
7.76562500
5.30501219
9.76952128
6.16016622
6.14811281
8.18750000
0.96093750
3.48827627
8.97461436
5.97298094
2.82584718
8.96093750
11.56867908
6.06803967
5.33593750
3.48371565
1.98308122
5.67187500
11.42317376
6.80159796
0.18123414
9.24006206
0.87321919
3.15037567
6.37696808
5.01204344
6.40592531
18.23079344
3.13248781
2.77343252
4.98275155
11.87858156
1.77636719
1.11816406
9.32812500
1.12695312
9.99218750
0.08807373
7.51301751
2.44010749
9.83300532
2.22395999
7.68001219
3.55078125
5.84375000
4.49576906
3.74772218
2.98632812
4.32421875
0.06470733
2.39310388
8.12435062
5.31575687
6.79687500
4.83203125
7.15625000
2.25813719
1.27832031
13.01562500
5.27311281
13.31751692
4.31315935
4.09895003
5.32699357
1.93733765
13.15039062
3.22298094
22.73795656
2.66080563
2.64974124
13.66178219
4.47591312
4.55631095
5.98665780
5.61912567
6.54884308
2.02539062
14.59960439
5.39290780
7.29296875
3.29687500
10.43326906
5.21939938
9.03523493
2.54694371
1.65740635
12.50781250
5.81673094
4.96061281
2.41698970
3.10481937
6.30045656
1.35951513
2.40137965
6.71093750
2.63509032
5.03873781
4.61783439
3.97103280
7.23046875
3.72460938
9.31250000
6.53125000
15.64236642
12.30437278
6.60937500
10.90625000
3.65657469
10.62564938
9.44466312
1.83561281
16.12503259
9.26629432
1.30273438
6.78156971
0.00000000
17.77164672
3.94759032
3.84032580
3.60254654
3.28515625
11.59798094
10.41674867
0.13932312
15.11621094
12.55859375
4.32812500
8.20735594
7.96354250
5.69531250
5.88281250
9.21939938
2.07194093
11.19889406
6.63671875
10.91540527
0.52246094
1.09480655
4.72656250
9.83593750
0.54394531
4.07031250
21.82421875
10.75552970
12.77311281
9.42057624
2.49609375
7.38704344
9.49184287
3.79083720
3.48242188
12.56673094
4.89811281
1.87500000
7.24609375
0.48217773
0.00486374
4.78125000
4.43163564
3.50195811
6.29296875
6.60937500
0.21398926
9.13281250
1.27985823
6.27800310
5.90234375
3.34375000
6.36718750
2.05078125
0.13635254
1.47070312
9.87401596
4.58301529
19.99608877
2.76367686
12.07031250
0.40730711
5.51171875
8.83951906
4.65625000
18.57096188
7.44889406
6.85905031
3.08203125
3.48242188
11.28125000
14.99414921
10.15266844
7.20051751
4.48275155
13.32031250
0.00325775
3.76953125
12.17187500
5.09179189
7.39258311
30.10090814
7.19718757
7.62890625
13.59439938
7.14030031
6.05737367
6.68741883
3.70507812
2.71025848
6.09765625
16.49641844
8.39062500
4.52571033
5.91537123
12.28548094
5.37076906
7.57617188
2.85351562
5.02343750
2.47070312
9.30468750
9.38281250
8.96004211
0.49503601
2.20117188
11.66883777
3.29655529
10.16406250
4.37500000
8.44531250
1.16210938
0.55126953
11.39192376
5.09245124
11.03971188
1.34505374
3.79882812
9.75000000
3.86914062
9.23437500
16.57682126
7.29622562
0.07940674
6.07486564
4.61621343
12.29622562
2.55664062
1.49023438
0.00560379
0.30883789
2.52929688
12.62500000
4.19921875
3.58398438
12.19531250
10.35579344
5.32030752
7.21257092
4.17187500
25.26953125
11.97622784
12.88737810
6.19921875
12.00000000
0.98307375
8.21093750
21.58088985
10.60270390
1.88118863
-0.11880098
13.78418218
17.82096188
1.43815187
12.50000000
2.65592531
1.09570312
18.53906250
18.46727394
7.25700576
8.50228280
9.38704344
3.69889406
11.13281250
19.52766844
6.83854250
6.43750000
5.75000000
16.61067376
2.43815436
10.12890625
18.42187500
7.64843750
4.68359375
4.68944565
10.33182956
5.01290447
3.80664062
3.38964844
2.95312500
13.29199219
1.37451047
1.39502078
0.60107422
8.38281250
4.41137633
1.17683151
8.83463874
5.59961436
3.66015625
4.83398438
6.44140625
14.56135860
5.46012079
7.38086436
1.84277344
7.08333001
3.85026374
1.88085938
14.26269531
5.60546875
1.44041972
1.24788951
15.27751108
11.45312500
0.03463745
4.75781250
21.56314938
7.90107903
5.25977061
12.07031250
7.63492797
2.20296265
2.49023438
7.41992188
13.51562500
18.77766844
0.90462281
1.05550172
7.92968750
11.76952128
3.83594747
12.32812500
2.05664062
10.75064938
7.37141844
14.50455314
3.32943373
12.04687500
3.48828125
8.64843750
7.62466534
2.08822528
9.47656250
4.57421875
7.78320312
6.28515625
1.95410156
14.83658688
4.29850343
8.23795656
8.26344803
2.70139572
6.03548094
2.48260249
11.63932624
2.98632812
13.88411126
9.74381843
17.71516844
8.75000000
3.28287843
4.58447141
11.85693484
1.42870595
11.33822030
11.08593750
13.09928468
3.18359375
8.54687500
3.78125000
5.26562500
0.07629395
0.57617188
10.84375000
2.84765625
15.43473266
6.70621454
5.47916999
7.88281250
1.91894531
1.99902344
6.31574690
5.36394060
10.71695922
8.42040393
9.90788342
0.57535890
2.16992188
2.06250000
1.88281250
2.68164062
14.67187500
9.86783688
6.45638187
4.96093750
8.08235594
19.30045656
22.50455563
12.70247562
2.57617188
11.75781250
9.50617908
5.07585217
11.52164672
1.45784547
1.47949219
4.49609375
9.87923094
4.80501219
1.91536624
1.02772870
2.37131168
8.71973404
2.50976562
6.32454344
10.05310132
4.21644856
15.90331782
3.26497562
4.23405031
11.84375000
4.76171875
7.76562500
2.59863032
2.25911624
11.83951906
5.98046875
3.08789062
10.16739805
0.31341631
1.49981051
14.77474623
7.19531250
10.35630264
2.25307236
1.98925781
11.69173094
5.19498781
11.96417942
2.18035183
16.06379876
12.70231203
12.91986333
11.06250000
0.17297363
10.11360594
2.63248781
6.32421875
2.36132812
9.13102172
0.05495240
0.09813353
1.33675172
2.20003297
5.92187500
10.48437500
5.35156250
6.14453125
18.56250000
12.75781250
13.56900377
9.80208998
9.58300532
1.67220218
2.97249390
9.61718750
1.18050172
3.16210938
12.35156250
8.03125000
3.98242188
5.12141844
2.84537843
1.30859375
14.61474485
15.03662234
7.45735594
16.07389406
7.59586547
9.05647828
9.36718750
2.76855469
4.21484375
13.25781250
1.97851562
5.93359375
5.46875000
8.90625000
10.11511230
2.67187500
8.01562500
6.66048094
0.95963625
1.83398438
9.44855940
5.27409685
9.32031250
3.62109375
9.71711160
11.91374778
12.85351562
3.09863281
8.98079344
6.10252660
0.45671902
5.67789672
2.54671265
14.94434357
1.93391096
11.59050310
3.82617188
18.61358600
15.16033604
11.20003546
21.22931738
3.62192043
10.06054688
7.34765625
5.12955563
6.88216312
2.27734375
9.39386193
9.30844636
4.82856978
15.01627438
10.57568484
3.64046265
14.83984375
7.12500000
0.34472656
5.07031250
18.36685284
14.29297373
17.76790780
13.32340204
14.20394171
14.56250000
1.71777344
15.14062500
3.47656250
2.35351562
3.79622064
2.89355718
13.09375000
5.30436281
14.38281250
3.26953125
4.04329344
6.10514406
6.78689935
1.82797262
4.69531250
8.18391844
4.24186281
10.99218750
1.40169188
1.44694093
12.83495346
9.24317154
1.31835938
13.19680298
5.11351257
2.00692708
7.01562500
1.83636570
5.83203125
6.27343750
10.61718750
3.54979721
5.93848404
3.96093750
8.23437500
17.26562500
0.27075195
0.06457520
5.16406250
4.21875000
8.53189938
2.24349124
17.91829344
14.48209469
5.41699468
12.07454344
13.32389406
2.93359375
1.87695312
2.17544908
4.46436170
3.29085328
6.64453125
4.26953125
5.65625000
8.12500000
7.39843750
16.24902095
4.79199468
1.88639157
0.39192874
14.10221188
11.65560062
6.59765625
8.58504211
9.58325133
10.11360594
4.59310062
7.11718750
12.16601562
12.98437500
7.23046875
3.76953125
6.99430297
0.23714234
2.16601562
11.93391844
8.47233156
1.77636719
12.03514877
9.51443207
3.03733322
8.86718750
0.16638184
7.91959220
4.37728280
5.12890625
11.63281250
11.30468750
12.07031250
7.41796875
10.68750000
11.07454344
8.29264406
5.61328125
15.01383422
11.77945922
7.42155031
11.87988032
20.95003421
4.24186281
6.64363586
1.41202820
0.53417969
10.69531250
3.33593750
14.29329344
7.39420656
15.02278314
8.18620124
1.54589844
2.79134032
11.24736456
12.36360594
4.48405031
14.49218750
2.33593750
6.12564938
1.21614749
7.85546875
3.76367188
7.06250000
8.26692376
6.11588874
1.64257812
8.88285505
12.34192703
4.37760749
4.98046875
8.77343750
4.79296377
7.11947030
4.65983156
1.56933594
13.13281250
9.37923094
5.81608156
6.64843750
1.89941406
6.12410461
0.81925476
1.26464844
3.53710938
13.12109375
16.70312500
14.06250000
4.24218750
6.98828125
0.10327148
3.89192376
1.15202155
10.73599845
6.18197030
3.48632812
10.69531250
0.12054443
3.58203125
12.42968750
0.27270508
15.69238281
10.08593750
7.83984375
14.76204344
13.27961658
4.25488032
2.46322528
12.30370346
10.50098404
11.36279297
0.34765625
5.28125000
40.44554960
13.74089372
7.01562500
12.69954344
28.51920656
26.41910641
6.84521609
8.98681516
7.04622562
13.23079344
4.64811281
13.52766844
5.89420656
11.27245595
5.56836436
10.22656250
7.30859375
1.64453125
6.72477172
4.18147828
16.12141844
6.54069093
8.70312500
0.04768966
1.77522828
15.98632812
3.11914062
3.14257812
3.89713376
7.94466312
7.44921875
10.00000000
12.57031250
0.08801270
15.06445312
4.51691878
5.86784685
1.49023438
6.57242797
3.73632812
9.62093140
3.37890625
6.26562500
5.26171875
1.14241204
8.66276374
16.84016844
8.40983156
1.17675781
11.13012633
0.47542359
3.23152649
1.50081422
7.86392814
8.41634530
1.82324219
3.82617188
14.35579344
11.58951906
9.36554411
8.59929964
11.21093750
8.32812500
7.28580563
3.52278812
5.33984375
8.60937500
0.03417969
12.56379876
2.82096686
5.03906250
15.51105940
9.30144060
11.59016844
6.39811281
0.91455078
2.79296875
9.03548094
8.88606189
9.69694592
4.82242797
8.38818484
5.83984375
0.05612183
12.59992908
2.60319592
3.80664062
11.17968750
6.66080563
0.56722171
1.54394531
17.59768002
-0.06516354
4.90625000
9.48274657
5.08626219
4.42155031
4.05436281
3.68554688
2.93359375
6.63475067
9.11378324
2.63224903
7.97168218
5.20280031
9.90266844
16.15787843
2.53515625
1.58105469
11.46875000
0.11022949
10.68228502
6.20475842
8.63639406
8.02083001
2.89909186
10.88704344
3.59342531
0.18500225
11.42122562
1.20507812
4.58626219
5.69108156
10.68750000
1.57910156
8.64062500
0.14428711
1.15820312
4.32665891
0.31762820
3.35351562
4.37801086
0.73579272
2.80599623
5.07812500
3.91015625
4.64843750
5.12417457
2.78451684
9.80265071
2.64852116
13.56250000
0.89697266
6.58203125
10.03613032
1.86621343
3.05957031
4.38281250
1.48046875
15.51757314
9.51831553
13.77408688
1.43326906
1.90494875
11.96875000
15.73437500
4.96907469
6.24967531
17.30891844
15.87239251
5.20540780
11.63102172
20.43212766
0.73958499
2.20507812
11.65625000
5.87109375
2.60872064
4.03385749
3.17773438
14.37011719
1.54101562
8.72656250
12.42413786
8.13478058
8.47004876
9.33040780
0.35302734
6.89843750
11.38411126
2.62760251
7.91211436
0.43212891
16.62141844
7.64811281
4.08593750
1.48127674
3.56022717
9.38281250
6.11620346
3.07129654
8.54329344
10.26139406
3.85156250
7.36718750
3.55859375
3.38378906
6.22656250
16.37759752
8.16524916
13.62385860
1.38916140
14.70670656
0.79052734
14.95312500
7.38671875
1.32324219
3.90625000
9.35156250
7.67187500
7.69921875
0.03771973
20.37923094
15.25358156
10.86848626
3.41862311
11.60156250
10.03189938
7.88997562
9.86360594
3.63834718
2.34212157
8.34733156
24.76627438
16.14420656
13.68456782
1.91862311
3.03710938
14.82454344
1.63541750
19.10579344
17.25943595
3.40430186
12.29687500
11.94920878
15.75098404
11.46386968
3.66406250
3.12500000
14.21567488
5.73250341
3.51594969
21.61523188
4.05729499
13.34798094
10.60514406
4.41796875
13.12923094
7.37076906
25.37694814
3.30469248
11.68750000
2.82617188
0.54248047
11.96158688
8.61295656
4.10123781
14.26952128
4.57813497
7.19140625
10.51562500
6.05955785
16.01889184
2.99772218
7.60122784
5.45345966
1.71582031
13.78189938
4.82356937
6.11815908
4.57617686
8.04784907
17.17447252
15.07048357
14.56250000
20.28320312
8.83951906
0.07940674
0.63085938
6.60546875
4.48437500
27.67252438
8.50325687
12.12064606
15.52388519
0.01512146
3.74218750
5.95115692
1.73634308
7.42187500
0.08587646
4.37890625
10.69531250
9.55468750
7.91406250
1.15136719
8.70507812
0.58223418
0.85184785
4.90135971
6.68490248
14.55045656
10.04915282
5.40592531
6.29329344
14.48014406
2.87581297
4.55826906
12.82998159
14.48307624
3.56380374
1.62207031
10.80891844
5.30969083
0.17265050
12.20897067
6.12159574
7.47086547
1.40706422
10.39371454
0.56087530
10.49885860
9.41749691
3.66683732
16.86783688
19.88525141
4.87370124
4.81608156
6.18261719
4.78027344
16.68750000
7.36718750
4.42187500
5.71875000
4.78906250
0.00346947
9.97298094
4.97623781
16.23046875
10.00000000
6.91406250
10.67187500
10.40625000
7.56250000
1.71223875
13.07812500
6.92187500
6.33365470
29.08194821
9.58333998
7.66015625
11.72298094
4.05948914
3.38354554
4.11034907
6.53027593
11.37500000
10.00390625
9.17187500
10.18521720
13.27473626
2.55274185
3.73632812
9.65445922
1.11897828
12.56021969
10.65560062
2.04687500
9.64479828
1.29296875
7.55696033
11.33757092
7.26562500
0.35034180
5.07031250
8.89485594
11.52701906
12.62922845
2.50846686
19.05663564
14.54459220
13.66536126
4.34864029
3.56640625
9.07633422
2.88850953
2.53515625
12.21516844
8.39420656
1.07046861
7.93272551
3.46506760
16.09016844
9.33951906
4.05468750
15.14062500
8.20312500
3.40429688
13.48079344
2.46451906
14.01574707
22.87500000
16.79687500
0.31616211
2.58170158
4.26823249
5.82031250
4.46842531
11.78905752
6.77360483
2.11897828
8.61002438
0.13924320
20.25756462
5.21693516
1.19955341
10.06379876
19.62011968
21.50358156
19.73421016
17.10042110
7.83040780
2.77734375
4.48046875
0.02320862
9.80289672
1.34163453
1.19921875
7.66015625
4.62320922
0.34822633
3.23242188
11.43750000
12.01822501
4.70605718
1.73958499
8.52343750
4.06250000
3.66601562
5.21484375
8.50781250
12.46516844
12.50325189
3.06087655
21.74104735
12.12858156
2.55078125
2.44531250
2.36914062
1.44433594
6.62416335
9.42490891
1.84948086
6.27475620
1.81347656
9.48437500
3.06054688
8.40445922
8.34554078
3.68879876
2.24284186
1.60351562
4.07031250
19.58448792
4.48046875
9.04329344
6.09342531
1.24902344
4.10156250
2.17789672
13.79345329
18.12955937
9.57145390
3.61718750
2.24804688
3.94726562
15.27260605
6.01693373
9.31608156
5.94531250
0.55761719
1.82714844
6.09375000
1.81054688
7.34375000
4.38281250
12.27766844
20.33073000
7.15234375
2.95507812
19.43983885
15.61629149
7.94978945
10.01049867
27.33885846
10.31885638
6.98828125
4.66227172
3.74788453
5.07275266
2.17724734
1.14941406
5.28515625
0.05001831
13.52114972
3.04330341
10.50000000
2.86328125
12.51440430
4.92138672
3.61555907
2.55826906
10.05033356
4.82248947
3.80491135
0.02969360
0.31567383
8.00423094
5.40983156
0.68994141
3.46288564
14.10352061
3.33593750
12.14843750
3.02539062
11.82531583
0.37634433
16.68001219
0.91275876
5.43652593
6.63671875
17.02766844
11.65266844
6.07389406
1.88541750
4.41796377
4.32617686
9.53906250
4.79687500
8.56250000
9.78125000
0.01882935
13.03125000
2.37890625
9.41406250
3.00194814
1.46680186
2.08789062
9.19531250
9.86522939
4.81120124
3.42317874
12.06250000
3.41601562
0.74267578
2.72460938
20.20312500
4.58593750
0.37573242
2.80924313
3.59895999
8.41894282
3.35254155
13.36783688
13.25716312
4.16796875
1.99121094
12.67610594
7.69140625
1.62499252
4.25098404
3.74967531
9.21516844
2.87382082
3.03710938
4.81250000
17.73828125
0.00648117
11.08723626
18.20442874
5.88997562
2.48437500
10.64843750
4.61328125
13.04296875
27.92268174
17.42773188
5.78728169
9.10091063
3.59830812
4.98046875
4.57551751
10.21745124
9.63525266
2.17635195
41.54777039
7.51171875
4.57551751
2.60416999
4.87890625
18.68098875
23.91355054
16.83480607
5.64194370
6.53302084
5.56072916
7.13508533
10.17969248
34.56298579
17.10810530
7.68295434
12.51305383
6.14552526
6.23355829
11.77409186
12.09179688
5.77734375
3.54492188
0.33569336
0.29127502
3.39257812
41.14550532
24.07324468
8.95963598
2.69270777
6.74721521
6.54575354
9.38899158
10.85481937
6.11556405
6.18750000
6.90234375
4.26171875
9.08560783
6.36165780
14.96516844
6.39811281
6.18750000
6.18111801
17.82063719
3.46581284
8.40300310
4.74674313
11.33365470
5.03288342
10.68391844
3.36100343
15.06054688
1.01171875
16.40721410
4.54200465
1.12500000
19.87890625
5.78125000
5.36328125
6.79134032
6.40689938
2.37597905
5.85937500
12.91015625
9.32031250
8.16406250
9.69954344
1.10709718
30.04101562
5.24510971
9.02442154
0.10083008
4.46484375
24.06754391
19.66113032
17.77148438
3.49056405
11.29687500
15.88883422
5.29540891
16.20670656
11.05045656
1.76269531
6.22656250
4.72688719
6.07389406
16.76562500
5.05500970
6.98128546
11.61897828
9.53816711
5.09073914
12.59061676
0.91011566
29.99511719
11.07031250
8.98437500
0.09761535
2.12003601
21.75976562
11.55663564
26.98242686
4.17578125
7.66048094
12.19661126
2.69564217
9.21093750
0.53613281
0.05645752
0.38891602
1.47753906
14.83491911
0.16459261
11.96093750
7.43782469
15.58268063
11.47965204
8.37484264
7.23046875
3.77343750
8.16406250
1.11523438
12.88167110
11.07340702
3.79492188
0.04668830
13.05289672
23.90185048
5.22819592
12.30566406
6.36328125
15.50080674
5.77653701
16.20655236
9.52995124
1.43945312
3.45507812
14.31250000
3.56445312
10.60937500
7.09016844
3.41764406
5.80468750
11.49218750
24.25683594
19.11295407
12.84130984
7.37679078
2.12304688
17.17805408
23.60384530
9.55403812
4.92968750
12.34570312
3.39453125
6.82421875
1.46484375
12.83220335
3.50553468
7.98437500
10.40523161
0.18998324
11.49446282
7.51823249
6.24609375
4.58593750
12.40901610
7.25358156
7.76953125
1.66992188
12.20735594
6.58821033
7.14974623
28.17089595
8.06673094
6.74479499
6.00000000
16.32454344
8.67610594
3.56966312
3.77539062
11.98828125
2.56640625
10.43750000
10.47363032
5.44824468
11.46875000
2.83593750
5.47656250
12.29508422
17.38883422
12.78971188
2.96386968
4.25390625
4.58007812
5.89062500
8.66227172
6.74397828
22.46972407
14.63867437
7.95751953
3.04882812
9.94954344
2.68717531
5.78906250
13.73697252
4.84505873
5.22265625
3.03092884
3.52897717
29.01121925
17.37794090
16.19726562
2.28515625
10.74218750
17.20245361
4.16015625
11.73828125
18.30891844
10.28125000
3.73990968
18.37109375
3.96093750
8.67773438
2.57617188
5.94531250
14.72298094
3.49381593
7.55078125
11.57812500
10.53613032
11.83105718
9.08756095
17.33122077
2.56608156
10.14062500
6.46972407
2.40527095
1.59570811
2.02929688
14.56281971
22.83040780
9.23860594
1.94629155
6.29166002
1.50733045
2.11961769
5.95671653
5.89420656
3.59765625
4.48437500
2.67578125
4.21093750
14.44173094
18.20670656
7.28125000
9.63281250
4.37532220
15.27702155
4.88281250
1.27539062
18.84878577
2.23340093
6.40689938
6.03287345
5.79460217
14.13704344
2.36490968
4.26367188
3.79882812
9.72656250
15.57812500
9.67968750
8.25064938
4.96419437
6.30078125
6.28254627
5.57194592
3.58789062
14.88704344
7.29849845
3.90430186
6.03857422
15.32031250
2.60579344
10.05045656
7.03906250
9.96875000
1.11914062
0.87434564
1.36100593
16.00259752
6.11458998
4.50000000
17.00324690
7.77800310
18.43163564
17.12305186
6.39453125
8.95442376
6.05338874
0.39868164
1.63671875
0.01519775
13.11783688
2.97005374
2.81835938
13.12500000
17.52896969
6.57747562
1.03515625
6.81941711
0.43326844
2.90624751
4.38574468
17.92187500
17.81250000
3.05680297
12.90869016
11.63997562
1.44531250
9.51383422
0.09224488
11.42610594
19.51920656
10.60742188
3.59765625
16.49641844
7.37032136
0.39554778
4.44140625
6.58951906
4.86816157
13.75846188
3.82259530
5.05891844
15.64615470
3.92773936
3.06250000
5.01171875
0.14806029
0.96158937
9.50455065
22.14974623
12.49218750
2.97460938
15.50121821
1.82324468
17.96158688
5.83951906
8.51204344
-0.04422848
3.44335938
2.67773438
3.25650876
7.72591312
13.07030752
9.89648936
5.40625000
10.17610594
15.20735594
3.12825687
7.67187500
7.35546875
0.20776367
3.24511719
16.79674770
0.26282261
13.33479735
3.91145501
3.74056405
2.51757812
3.56672596
7.06205822
8.44531250
2.32031250
6.71875000
3.93554688
3.94563719
7.95084220
7.91992686
6.71093750
4.60546875
13.76562500
5.01953125
0.07452393
2.71744626
9.12435062
3.43961547
1.27148064
5.33822030
6.75000000
10.66573028
0.19681855
2.31250000
19.21646720
5.75260749
8.45377438
18.30403812
21.72265625
19.66259641
15.32698360
7.38118905
8.15625000
0.06555176
6.36718750
7.23046875
4.39908190
6.14193373
0.05731201
1.22949219
13.84375000
5.83984375
1.01626940
0.38509779
4.52734375
16.39745346
6.10254654
7.44531250
13.13281250
6.65970856
0.55684418
3.36914062
13.21093750
0.67089844
16.01887938
14.30045656
2.52539062
11.08593750
5.48437002
2.93945811
14.39062500
3.04296875
5.10839595
8.40136968
6.68359375
7.21875000
6.80078125
16.67675532
3.57324468
7.66406250
18.84358142
4.42350842
5.63281250
10.14062500
10.99552305
0.44881289
4.90307181
0.04810006
3.81445312
7.04296875
1.48242188
10.43750000
2.67187500
6.67187500
5.59798094
9.83170656
3.26953125
2.99023438
10.46875000
0.07543945
17.92317376
11.07096188
8.81836436
4.87890625
6.40234375
0.08636475
2.43750000
2.63866440
7.61947030
5.11979499
5.87890127
3.40039561
12.28906250
1.79882812
18.30468750
3.13281250
18.25976064
14.79866204
5.66862810
2.87304688
11.87466534
23.18327654
3.00032469
3.97109590
2.41179964
4.00781250
8.22656250
0.21813965
20.60595703
7.51594969
7.65983156
10.14485594
5.34375000
13.15201906
9.43851559
11.13964096
7.56771498
18.53613032
5.01758311
2.14094969
7.90983156
9.78906250
7.42145321
14.03223404
4.63281250
7.46516844
12.59977172
0.53173953
1.80078125
5.74804688
3.94140625
23.99088376
5.92740470
5.61882092
7.19832336
0.43180359
0.56933594
6.23437500
14.60123283
8.62728280
0.00278473
17.43408203
8.59375000
5.27343750
1.12825438
17.12141844
9.54752438
1.18229499
2.37304189
4.70117686
8.57275266
1.64990359
5.04296875
23.30956782
9.35221188
18.85937500
5.28776374
7.92456117
1.51554383
8.20312500
9.07031250
11.12500000
14.79508422
10.33772828
4.65625000
9.15318623
0.71595440
5.76952128
11.06641622
18.33203125
2.53125000
16.19954344
11.82031250
8.11067376
3.60384530
3.92187500
9.15527095
4.25325687
22.08756593
5.86669922
2.37304688
16.48437500
18.59651610
11.93391844
13.05045656
8.37923094
0.46175296
2.31640625
4.83104721
4.71582779
3.81250000
7.90820312
2.85156250
10.80468750
1.78515625
6.23437500
2.42968750
8.72656250
0.89892578
5.73046875
7.56282469
13.93326906
3.64843750
5.99251219
14.82454344
3.61263187
2.55468750
6.98744460
8.16880540
14.08593750
4.01171875
5.57095191
6.15984153
13.96516844
0.94270999
2.52539062
11.30089429
1.56434009
6.59374502
15.80371592
9.76562500
4.53906250
1.95703125
0.82568359
7.52343750
2.11914062
6.65624003
5.98438497
2.50585938
2.83398438
0.02162170
4.37206782
3.92821643
10.36214982
16.40722158
2.74772717
19.57031250
8.49218750
6.10937500
21.66080563
10.38802249
6.51562500
12.72298094
11.64062500
3.99186281
2.81250000
18.57942376
4.72200687
10.44173094
5.71386968
1.91210938
4.15645169
0.09037449
1.43847656
15.83365221
7.69694592
11.35156250
6.65592531
8.28125000
11.70019282
0.94824468
3.87695312
15.83235594
10.25358156
13.60579344
15.33951906
2.57031250
12.57031250
1.63476562
13.28613032
7.38183843
14.94531250
3.93391844
6.22265625
6.14843750
12.00943595
2.14648936
6.95442127
8.01725842
22.91796875
7.95344969
2.04264406
3.55859375
6.74706782
5.31185062
6.28483156
14.89062500
0.65136719
8.32812500
12.90942383
12.41796875
10.85937500
7.93961547
3.11116578
18.42772939
7.68978280
11.32812500
6.87532469
2.99499667
3.25826019
19.20312500
3.31445312
5.80468750
6.37890625
12.03548094
0.56933594
18.30760971
12.12565935
7.22656250
6.12500000
13.40266844
0.63378906
2.32389406
8.58593750
9.32812500
6.91406250
3.20312500
3.60742188
13.49039672
1.31233765
17.72655752
12.50228280
4.77701906
2.01562500
14.45536254
4.94862168
5.85677748
11.81339539
6.50268617
3.33984375
1.03906250
7.89453125
7.03189938
6.17122562
1.89648438
16.24641844
22.13264891
8.51546390
6.87109375
10.71516844
9.96093750
2.68717531
5.82812500
11.08300532
12.67480718
8.01562500
0.04162598
4.50390625
10.02343750
19.41992188
5.71093750
3.34993407
9.70670656
3.52539062
0.64794922
7.05468750
8.63899158
5.96257092
1.63739014
11.80468750
17.08007812
1.82910156
0.00168419
4.41015625
11.63654852
7.88313719
9.22233156
9.22656250
8.06542221
3.93457779
3.49609375
20.51953125
16.07031250
4.62141844
9.32389406
9.41406250
14.31412345
2.92220467
10.64550532
7.67513187
8.55826906
3.81250000
3.44531250
2.84570312
5.32031250
0.41178344
10.35579344
1.52880984
3.58789062
12.91406250
15.39387190
3.98503435
15.03906250
5.99609375
0.95117188
9.01995089
4.20670656
4.83984375
7.67968750
11.42773438
10.84016844
6.64030031
0.94042969
4.54028258
4.15502992
15.13052472
9.41439716
4.66796875
14.25151624
4.17817126
4.21093750
2.77929688
11.68750000
16.18750000
8.46093750
4.44140625
8.10156250
9.37988281
4.71484375
10.03125000
22.88788298
8.42384308
3.86881593
6.17187500
11.54329344
3.41438719
12.10201953
1.73731216
2.54101562
0.02619934
6.97265625
8.80533688
10.71028812
12.32421875
8.13281250
9.81250000
0.69091797
13.79467773
0.97705078
9.44531250
4.53222407
14.55126829
4.98974734
2.74023438
3.88085938
0.65169188
2.22819093
0.00748062
8.97656250
6.79719969
3.90104250
9.06250000
10.38704344
5.17155031
7.32592773
12.29134032
12.53873283
3.45703623
0.19580078
4.99963379
6.41796875
12.92968750
4.97265625
3.66634810
3.76628435
3.93945312
3.39062500
1.45996094
3.90168939
1.27799811
5.92968750
24.05505034
11.15266844
19.25325189
5.49511968
2.03808843
8.14062500
6.49218750
6.09195922
15.03270612
0.96810810
2.98632812
10.77766844
8.87858156
0.75537109
9.43577202
3.83252327
12.57877438
9.73763187
7.32633422
2.51936890
8.03125000
14.25602172
7.06038453
4.26953125
2.02929688
0.10229492
7.57031250
0.14453125
5.88930630
4.66570340
4.74153812
2.25130374
6.40926086
0.28247008
9.68879876
5.65674202
1.75113891
5.44140625
4.79655031
7.60937500
7.92187500
5.75423094
2.89030031
0.06958008
15.83666992
4.23437500
7.81640625
5.31250000
1.53710938
6.38411126
2.46745124
6.09375000
2.22135251
3.33821532
15.39355718
13.74218750
7.32633422
1.72737672
8.93750000
3.89712877
4.86491467
5.41764406
8.03906250
12.33235594
2.98437500
10.35514406
9.54946754
5.98373559
13.05468750
7.23534409
6.00879654
12.28645501
6.47526374
4.10937500
6.56705563
0.03731449
6.23095080
9.47191960
0.07960030
5.60546875
6.04882812
16.15251585
2.53483156
4.41438719
2.18326906
9.30110594
4.27505098
6.06837433
5.49316157
5.85058843
5.72656250
6.04263658
10.96745124
7.44889406
2.06543218
2.15234375
9.21695922
8.94710328
8.62141844
12.12858156
2.74804688
1.66796875
3.76367188
8.96093750
5.09765625
15.02343750
5.22656250
2.30273438
2.58203125
6.38313719
6.82519282
0.90983405
14.14843750
1.76855469
3.53417470
6.23056529
12.21875000
8.76383422
1.34847047
0.46077391
5.17936281
7.34375000
4.67578125
5.47656250
12.71093750
6.30078125
9.78125000
7.19596188
5.80436281
10.11295656
9.11718750
10.88052970
4.99283688
1.67187998
4.19140625
4.35117631
0.79791306
14.59285461
0.93253601
3.11718750
2.83040282
2.40787843
5.63281250
0.68066406
0.44726313
0.23974859
1.38954442
4.89747340
5.08984375
9.41406250
7.80956782
1.50879155
10.10986504
4.65885749
17.24804189
3.81087655
12.71451906
1.18945312
2.08789062
1.75000000
6.04466091
0.62916721
9.31250000
2.33674923
3.91520390
9.88102172
0.21756957
9.69108156
12.82454344
6.24576906
11.69726064
13.26367686
0.01730347
19.26683044
12.97363032
6.85840093
8.72298094
12.19238032
14.76106937
3.61001940
4.77019060
1.56640625
7.41145501
17.73945537
12.67187500
0.05899048
2.37890625
13.18391844
9.53092531
5.75781250
4.53515625
6.95312500
0.02098083
7.56282469
12.23046377
4.06413342
0.66479492
11.56250000
2.88867188
7.10188719
1.38053468
15.40689938
11.14420656
1.06119875
8.50781250
0.20131346
8.82096188
4.89322252
4.76205341
8.76562500
19.84895750
3.98795656
9.47298094
0.11358643
13.34733156
7.46418939
6.06754765
1.40185671
3.85742188
9.93750000
1.20605469
2.71289062
15.47658201
11.65201906
15.88281250
5.69140625
3.87011719
9.23437500
1.99365234
2.02473875
3.03872784
13.57422872
5.80859375
3.10188719
1.07356688
24.79036126
5.69336436
9.00552970
19.81185062
2.03808843
11.02164672
0.59993531
4.10156250
9.92610594
1.39713625
2.04768548
7.82926640
13.68147828
13.68196532
2.32552249
16.61328125
9.68082641
11.12401596
5.83284796
2.96094248
8.12500000
4.19140625
8.39843750
1.31933594
0.08563232
12.75000000
3.75911126
6.74479499
2.53125000
1.30566406
6.19921875
5.35546875
13.86360594
17.74446033
7.46322030
6.62646609
4.43213015
6.23437500
10.53173828
10.94954344
6.12958864
2.15820312
10.86360594
12.60156250
4.35156250
12.99316157
13.62858156
21.39941655
6.01953125
15.92854610
11.65527468
7.28092531
15.05175781
14.41406250
7.47284797
14.16810172
25.13273195
14.16162109
3.70540282
10.56444183
7.59993905
16.86653812
12.81998781
2.90755374
15.60546875
14.05598626
6.33886968
0.32902101
6.49836658
2.64811779
8.79687500
6.75781250
6.04296875
2.73408685
14.30403812
6.55403812
13.51041501
7.39388187
4.67219969
8.72656250
11.52342504
12.51042996
0.00279236
2.69140625
10.08479610
9.04410018
1.93767231
1.58968140
8.65689938
6.39322751
10.87370124
15.81314938
10.80403812
12.92182248
4.01888187
8.28125000
9.74039672
18.73567750
9.04687500
17.08172607
7.51953125
3.28645501
9.82877936
17.98632812
4.85156250
10.14013672
4.82812500
6.54231439
15.35449468
13.09798094
9.22729492
7.26920656
10.07454344
4.93294437
7.14697016
10.09668218
3.19531250
2.39453125
8.23437500
5.59765625
14.01985594
20.62304189
7.05517952
9.74755984
9.36067376
2.72103280
8.01562500
0.31323242
13.33903057
8.40056294
0.03793335
10.20507314
9.24935062
1.02799811
0.02723694
4.05647703
3.74967531
17.88962102
9.05014433
9.44434840
18.28390077
6.81250000
9.52343750
15.36022949
9.67610594
2.40446047
5.08984375
26.08105469
4.80859375
7.65234375
10.75000000
2.21093750
4.79719969
5.92936281
1.07926266
4.97591312
7.02473626
21.05826906
1.85840093
4.37500000
9.66829344
4.70670656
13.51399158
4.78288342
7.54718972
4.13249778
10.96875000
12.63281250
14.87890625
5.69563719
9.75390127
11.89225842
7.20703125
10.27831782
2.78418218
4.66796875
6.97265625
6.60546875
16.75520252
5.85710217
1.60614014
15.60286126
10.83771001
4.60514406
10.00781250
10.31673094
14.83365968
6.40266844
9.83593750
11.15087766
1.53596548
14.95735594
3.30957779
25.68944814
9.25586436
8.61360594
3.30240968
6.41406250
0.34448242
10.48437500
13.84179189
22.87011968
7.70996343
3.68359375
1.29145667
5.05014184
2.51367188
13.87500000
4.51562500
11.70149657
7.18766359
8.02441406
2.23632812
12.91926751
3.23502936
6.92578125
9.53548094
24.00974611
4.96484375
3.67415282
10.89420656
5.92187500
3.00390625
1.58203125
11.28026596
1.79395279
1.33772454
4.45768561
8.43391844
4.60937500
3.96679688
12.30045656
2.68554688
9.60156250
16.17317376
4.22526374
0.55908203
7.52847518
0.89437638
8.39179069
2.68197030
10.07812500
1.88378906
12.47383543
2.38444093
11.59570312
3.90039062
5.97363032
0.89843999
3.30468750
5.93001219
0.71207765
5.72427970
10.56478280
20.86328125
16.83496094
1.11132812
4.96875000
9.56673094
3.95670656
21.32811503
3.96875997
4.52734375
3.26367188
0.01712036
8.62500000
4.58593750
3.85432237
0.63298232
17.85774158
5.86119153
9.51204344
10.46451906
0.39306641
13.94874998
7.86295656
9.37500000
4.40625000
11.21093750
11.47131317
2.31579621
10.00488032
8.82747562
16.36295656
6.60937500
17.84682957
4.80160793
5.45312500
0.56152344
1.50488281
2.27799313
9.04622562
5.05859375
4.45312500
3.49609375
21.82877438
9.51497562
1.01464844
12.87825189
17.01106937
6.00716312
7.14062500
0.07031250
7.89094969
7.15234375
5.52733378
8.95281028
9.76204344
2.26139406
1.75683594
13.07485816
3.19109153
13.13079834
3.30240968
7.26594969
10.54003657
8.08463874
3.82617188
6.63281250
9.45898438
7.25390625
12.85937500
16.32119751
5.40103502
4.22396498
7.70344969
11.52335695
7.30271693
0.59702182
6.18975581
8.35807624
1.20703125
10.39621947
4.27522828
6.82421875
5.71875000
5.50129876
0.36637702
14.74055408
5.27897717
2.17707503
6.99284685
5.30468750
0.25415039
0.03125000
4.84765625
11.36067376
29.08463874
7.14485594
3.89225343
8.14062500
0.00622559
0.00186253
10.64062500
14.23958001
16.42822515
2.34342531
1.75976562
9.61425532
12.28418218
4.36360594
5.54655031
10.54329344
2.16569093
1.82714844
1.70800532
2.55371343
4.95312500
9.91406250
12.07454344
1.89615968
8.95735594
11.81688456
7.29656028
5.11718750
0.02209473
4.34407469
5.46093252
3.12468029
12.39843750
0.09252930
7.39843750
13.92187500
7.46093750
2.49023438
2.31639877
6.23177748
3.50553468
6.93001219
7.56250000
8.85514406
2.78125000
6.43521720
1.37825936
10.81453793
5.37044437
5.36328125
11.21093750
9.77766595
20.58886968
9.61718750
12.47656250
3.23811890
5.57665891
9.60001773
0.28946961
7.40625000
16.85343596
10.21451906
19.63280752
6.70184825
18.13295408
7.42578125
7.74967531
6.58613586
9.43586658
6.89225842
0.15012572
13.05289672
0.60319093
5.03059065
4.96940935
8.53758644
5.41944481
6.52734375
12.77766844
10.67805408
4.94271498
9.93163564
5.92806405
1.06315187
3.96679688
9.21875000
4.94531250
14.76562500
1.25585688
6.65364251
2.83952404
7.55077627
6.04095957
13.03139114
6.64501953
7.67968750
6.78906250
9.35937500
0.12088988
2.78755738
8.14843750
3.01812744
2.11523438
17.87130833
6.22265625
2.29296875
0.06579590
10.05468750
13.90070036
2.15886247
8.50098404
1.36621094
5.06770501
0.65885749
7.64062500
0.04760742
4.47656250
9.02245346
2.29590591
27.37353516
5.19140625
2.82812500
11.08056516
11.50699579
5.19010749
6.83561281
0.00187683
3.48046875
9.50602172
0.61653687
10.18163564
0.47656748
2.90039062
12.30664062
11.42610594
4.33951906
8.67187500
3.88085938
2.14062500
0.53462396
3.60718085
0.62296570
19.05374146
2.53125000
4.44921875
7.81640625
4.85644282
7.87011968
9.70735594
11.02701906
3.29101562
4.95222961
5.12980164
10.08463012
0.33911071
5.13850953
0.26692750
3.03026596
11.04785904
7.92968750
16.48046875
10.28906250
8.16406250
1.69531250
12.41048094
5.04655031
10.07877438
1.94661624
10.96581782
3.92480718
7.05078125
1.69628906
6.47753657
7.31543218
4.46484375
5.35156250
0.34838867
3.32226562
3.65234375
12.66048094
1.37597656
4.33170656
12.32031250
8.04785156
8.83398438
4.89453125
4.12340017
1.50648264
7.67968750
11.43750000
7.15625000
9.98437500
2.82421875
7.03938719
12.29687500
2.76529533
5.16992686
5.68750000
0.40966797
0.89525806
0.16789256
1.61214234
3.90494626
-0.05973141
19.54882314
12.00586436
2.62923094
5.85123781
2.57617188
0.42749023
5.36328125
6.37890625
0.03640747
16.59863032
0.77212985
0.56906727
0.32559168
5.32112921
7.56640827
0.15248738
1.03303330
7.91504654
11.13281250
4.18513354
0.35783521
13.30343628
4.61718750
5.89615470
2.10970467
9.12923094
6.07031250
2.75358156
3.27734375
7.96484375
6.18066157
0.57177984
13.00514693
1.01621537
5.69531250
11.10274506
5.70214096
3.59864029
20.58146667
11.53906250
15.49519774
10.83056391
8.52636968
5.81998781
8.00864639
2.52650986
17.76350828
15.81379876
5.23534907
4.56380873
13.47656250
1.47949219
2.54492188
11.28369016
3.21240359
0.83544922
6.33007314
4.62305186
7.36120605
12.72656250
11.45876053
0.56858322
3.09375000
6.77376219
3.58398438
3.70865968
0.43261719
0.09570312
4.75781250
19.05305408
1.93327404
19.59016844
4.21451906
2.52343750
4.14843750
5.94531250
1.60424339
8.21964539
3.89648438
0.83837891
0.17004395
4.53906250
15.26725960
7.16405752
11.98063608
11.92366578
1.14290282
2.32584718
5.46484375
0.12457275
8.31250000
0.28466797
1.35058594
7.00000000
2.09179688
6.20312500
16.10367797
0.12361695
13.99543762
6.64843750
1.27539062
0.07598877
6.58203125
8.06250000
1.32031250
11.52343750
12.24804189
3.16992686
10.99820922
0.21199586
0.29003906
3.00390625
7.97265625
8.43750000
0.16760254
5.69531250
8.51562500
3.37499502
1.42969248
2.77343750
7.32127660
0.90528590
16.56221786
