0.18033688
4.88346188
5.67448249
2.39843750
14.32812500
2.40039062
2.46484375
6.67219969
6.41373781
4.70214844
2.07519282
0.76172124
5.82454344
2.13248781
3.11328125
9.79752438
4.56185062
2.58789062
7.62890625
0.19543457
14.42178448
7.80502216
6.28906250
0.05252075
8.67057126
3.50162843
0.71158937
6.47656250
1.38867188
0.51985469
4.48974734
2.23209718
3.31835938
1.95312500
1.84277344
8.51985594
0.23698000
11.58886719
2.51562500
9.39485594
3.09147218
6.76985594
18.64062500
19.37475586
9.06608156
14.94140625
3.67382812
12.42968750
16.02766844
14.23339096
4.98894060
13.96483378
6.11329122
1.26367188
24.99186032
10.40851286
6.05340120
6.78125000
10.13639406
16.57226064
0.92578623
2.63281250
11.89420656
11.14485594
7.58170656
12.53873283
1.86947030
13.86718750
8.60579344
0.98795656
5.57681627
4.31771498
4.23046875
3.48079344
7.26431627
4.16895279
6.34569814
6.29914783
3.20671653
6.88769282
1.58496343
2.48046875
9.08365470
0.37288827
4.85156250
2.04882812
7.30859375
1.49804688
3.01171875
0.69726562
2.83984375
4.70312500
1.54296875
3.54231439
4.84245124
3.02929688
1.61914062
13.68945312
10.25602172
2.63655640
0.72558594
0.22119141
3.08789062
5.90234375
4.55859375
17.88834220
0.51400155
2.90234375
5.20897939
2.13086436
2.28125000
2.40429688
13.61718750
8.13281250
2.18587157
0.07645754
10.23209220
3.96712655
6.06250000
1.67675781
7.47004876
3.90136968
9.64062500
4.64030031
14.26985594
8.23437500
22.83789062
3.50325189
7.15072030
1.97363281
3.93554688
0.03726196
1.19921875
8.40917221
5.46615248
8.12076906
17.56021720
3.82259530
1.97436523
0.57568359
4.10156250
8.51562500
2.87890625
2.03515625
12.07942376
0.68815436
6.58984375
5.69921875
0.19360352
5.79377923
5.54557624
2.60156250
11.21093750
12.71581782
2.32129155
0.05672455
0.80664062
12.22656250
5.86902428
2.54101562
5.39485594
1.34440187
3.17187500
10.35447474
11.39552526
5.03125000
2.02494293
0.98970551
13.11848377
2.94694592
4.40722656
5.26562500
10.21093750
2.25195312
4.35156250
8.36360594
1.89225343
1.11914062
5.67187500
7.03384752
8.14583998
2.21272703
8.66862062
14.73079344
6.72265625
0.91862062
1.09570312
14.32454344
13.20719235
3.82715093
12.73388672
1.18847656
5.94366911
9.77377714
7.99935062
6.49169922
8.41864014
2.10351562
1.31377499
12.89778812
9.68391844
0.92155031
7.03906250
2.60579344
2.65201906
5.60611813
8.32747562
2.45507812
5.72656250
1.00488281
6.86490470
2.62337655
6.75032469
3.00162843
11.14843750
4.15527344
5.04687500
2.25423094
2.67155031
5.14062500
2.72070312
0.89550781
5.96875000
14.86360594
1.55956533
1.53678967
8.20735594
1.73698000
2.83414547
7.40625000
5.73763187
6.96093750
0.82470703
0.33174559
12.51139406
1.77050781
3.41015625
0.02822876
1.38769531
7.95410156
10.89225666
1.93912843
15.84634752
5.51270279
2.95312500
1.33300781
0.00372124
1.31445312
3.95377438
0.38411624
2.08984375
7.55240719
10.77962406
2.07617188
14.42968750
8.24218750
1.25976562
2.76171875
0.01910400
1.06933594
13.18750000
6.89127438
4.34130984
1.61702515
6.33592753
4.08204122
9.78125000
6.08593750
5.23437500
8.60156250
4.71093750
3.11848626
5.87304688
2.34635749
1.79817625
9.26920656
2.35156250
11.63102172
0.25374390
0.35034180
2.90136470
8.04980718
2.96679688
4.53287345
0.50814217
6.71126219
4.35905031
12.53613032
9.81543218
11.44531250
1.99609375
1.74983392
4.72916999
5.77050532
1.12597905
7.53906250
2.84960938
8.56250000
0.90234375
1.67686125
3.90787843
4.35546875
10.57031250
16.98437500
5.72656250
8.04752438
2.20247562
0.97509766
6.03580563
9.01627438
1.52311530
1.57812500
3.08723626
0.50016608
11.06021720
1.91439217
8.95702627
4.91602061
0.85888672
4.41015625
6.19205563
0.64046390
0.39265867
6.79655031
1.58040282
3.11686281
5.11718750
5.71484375
7.81673094
3.76530031
12.85054816
2.03222905
3.19759032
12.85675754
6.09604277
9.03125000
8.09375000
4.29524657
2.83951906
1.29589844
5.47086547
0.53694703
2.66094560
8.51302748
2.04101562
14.65266844
9.95312500
7.53092531
8.68750000
15.05078125
1.23925781
2.54687500
9.67968750
1.20214844
2.84960938
2.78284205
8.65918218
2.13281250
9.09375000
11.36688232
1.83398438
9.14908688
5.78060062
13.27473626
9.45963874
7.37109375
2.32421875
0.00483322
0.01461792
2.69140625
10.70694322
7.43929701
5.30078125
0.89306641
2.64648438
24.73904419
2.74674313
3.03841312
6.59765625
14.83300532
10.19824468
1.86523438
3.47460938
2.12500000
5.80680297
5.18929078
6.77343750
1.21484375
3.71126219
4.09733156
10.99609375
7.24609375
4.50390625
0.02322388
1.26757812
5.11906433
7.60644282
3.04004155
4.90158932
9.74153812
1.81933594
1.55505401
17.08040780
1.75000000
8.82812500
3.53125000
4.54296875
1.93847656
4.83593750
0.04656982
0.56689453
9.80859375
5.89127438
1.10872562
4.87532469
1.82877687
1.31054688
9.50617908
7.36100842
1.28906250
10.04459220
6.08822030
1.89746094
10.75846188
10.33919437
6.15234375
15.41210938
0.13671875
2.76184845
11.05468750
21.06787109
2.05078125
7.32062149
15.66829344
2.29069093
1.58203125
9.19775391
3.43164062
4.96777344
7.28125000
14.16650266
0.58691531
1.30175781
5.68896484
6.85156250
10.04687500
0.29760742
4.37500000
8.37500000
2.22851562
1.67187500
4.88385861
1.76497562
4.89762204
2.15364749
3.72617810
10.24822998
3.08919437
2.11523438
5.62141844
2.01822003
1.13868184
9.65625000
0.30615234
11.58325133
9.91674867
1.01464844
8.37141844
8.35056849
5.57521276
1.76920656
3.53415871
7.71614251
1.68034186
13.09798094
1.67479970
7.11100842
1.21484375
5.80501219
3.93164062
0.54069093
3.33925526
2.21061281
0.56461672
0.60644531
4.07421875
1.95410156
1.81184813
0.82633547
6.97265625
2.60351562
1.64370860
7.27701906
2.24935062
10.73925532
3.51855718
5.47656250
4.57763298
1.21631233
1.45019531
9.27343750
8.83586912
0.40434618
1.59537096
7.29882314
3.39389184
0.99560547
18.00649380
8.98569370
2.60156250
2.23242188
10.15147400
3.22688719
2.01139406
7.93359375
16.06599655
2.79604111
5.27600067
0.09875519
3.84265137
9.69173094
11.19889406
6.68587157
7.37858156
1.52050781
0.47192383
1.24697979
1.41830341
9.03125000
4.68879876
6.09635749
1.31445312
1.44053401
2.28613530
8.54687500
13.56673094
6.07389406
12.82812500
3.90234375
10.36017609
2.76724845
1.59993905
7.41015625
5.35546875
2.31445312
8.03906250
8.41406250
7.48437500
1.86425781
3.56396111
6.22314827
2.48437500
13.22525876
3.23567874
8.25781250
3.91438719
3.25748781
0.74023438
2.88238198
1.44557195
5.93425310
4.29296875
0.03231812
0.86035156
1.61019502
1.46192652
5.88997562
4.76953125
5.86718750
6.33593750
9.65625000
2.68945312
0.95263672
2.67056129
3.05404809
4.20312500
7.99251219
10.72353700
8.35156250
4.96484375
8.34569814
1.15527842
1.90039062
3.75941601
3.24058399
4.48437500
3.88476562
1.98632812
4.03222656
2.16666501
6.27311281
1.33463625
2.16910641
8.14778812
2.08007812
13.92187500
10.08991080
2.44564217
0.67822266
2.54362679
2.36328125
2.68005841
12.16926751
3.52148936
1.66113281
7.42578125
2.73315430
3.46875000
4.61751219
2.69337933
8.52636968
6.84765625
15.18456782
1.25683843
1.31835938
1.98616329
1.15022330
12.07194592
7.20280031
4.17187500
0.16979980
17.34375000
11.42187500
7.89355469
6.11328125
3.04101562
13.18391844
2.36587379
1.15528590
1.34375000
0.64282227
4.48046875
2.96484375
0.01956177
7.58984375
1.72460938
0.87890625
7.96591759
3.93293939
1.29069343
6.76171875
0.09912109
5.48828125
0.49560547
10.09699690
7.09831560
0.44775391
15.04459220
7.83040780
5.31282469
1.79776603
2.33594248
11.21939938
3.36653812
1.18261719
0.54671141
3.53873781
9.75000000
2.55078125
3.34179688
10.51529034
6.60100177
1.03507508
2.12890625
0.55247633
8.55403812
2.92626829
0.34130984
1.93391096
1.10580092
5.31575687
1.08496094
11.62923094
4.17155031
15.12239251
12.68229499
19.51562500
0.45996094
19.38476064
2.22852061
14.68945312
1.38867188
9.36881344
8.10319093
5.82780031
5.07031250
3.54003657
1.87597905
2.37500000
6.74609375
1.83007812
6.66033136
10.38362921
3.50781250
4.22314453
9.85937500
1.41699219
7.48828125
0.00620651
3.72460938
8.25112146
2.74887854
8.05501219
1.28678468
7.53162384
14.49218750
3.58707516
9.65039062
4.23372562
2.53125000
2.92187500
8.33007812
5.73828125
3.18164062
8.41015127
7.81445811
9.23535156
3.75032469
1.77213625
9.89485594
1.51041750
8.33495346
1.22754654
3.65429688
8.40039062
0.92968750
0.81738281
2.29271776
0.31861037
0.04916382
1.14791870
10.24218750
13.04329344
12.16406250
1.65690187
0.40828367
7.24576906
7.49706782
5.65918218
4.32063719
1.63151125
8.82031250
7.75292221
7.83692154
2.10156250
0.17529297
0.00452042
1.03808594
8.77514648
14.08723626
6.99479499
3.84960938
2.21875000
9.89843750
2.24023438
14.21581782
1.49804937
0.73046875
4.64394203
4.95020279
8.12059176
1.71957668
10.00455812
4.58162352
2.65201906
5.38281250
5.06673094
6.95539431
4.85124778
4.67968750
4.77148438
5.09049313
4.44466312
1.53125000
0.91503906
17.65310669
22.63696289
7.22216797
5.55598626
4.62076906
3.16927249
2.85514406
1.02832031
0.94726562
2.27929688
5.26448485
10.04687500
4.72233156
1.46777344
1.88671875
1.14062500
11.33293533
3.01562500
3.37683531
10.65625000
11.07389406
2.32031250
1.30093986
9.19857186
3.83322995
4.78060062
7.72916501
6.37825687
4.49511719
5.26562500
4.51562500
8.48437500
15.55110594
3.98795656
18.87141844
5.78155475
12.39780806
8.88281250
5.21874003
0.49903341
1.96826172
11.99218750
2.03125000
11.09863032
6.03027593
7.24218750
3.33593750
1.43750000
10.24641844
7.58285522
16.48405031
8.04296875
20.43750000
0.37695312
20.67805408
2.05046154
14.28352782
0.66617922
2.46191406
4.01171875
2.81835938
9.10937500
2.92187500
6.32620343
8.31283466
11.14843750
1.47656250
1.35025876
17.81217531
6.49186281
1.82714844
2.43391844
0.71061281
0.74511719
5.63508533
1.93945811
7.43326906
3.40071532
2.95280031
1.17968750
2.94824219
5.85644531
13.45735594
2.60319093
9.01562500
9.66796875
3.21875000
0.85595703
2.61488850
3.16798869
1.03597047
7.79882812
3.80908203
5.74283688
7.54655031
3.07194093
6.59375000
4.67187500
3.74804688
2.65625000
13.91442871
5.94954344
7.93912843
6.07063719
1.38639406
8.03906250
11.29565430
4.14843750
8.10937500
0.76454496
7.06591797
14.05859375
8.33837766
3.84741336
1.37500000
6.58984375
3.15039062
2.38476562
5.04565430
3.55239972
11.16862810
2.73014406
6.84798094
1.68750000
1.66276125
11.86002438
9.43943817
0.98178745
14.42968750
5.45735594
1.55924562
0.38012695
13.57229614
1.47265625
7.90135971
3.47364029
1.43652344
8.62075909
2.41276872
6.66764406
5.74609375
0.76074219
6.98989473
4.58041777
9.34952571
0.42391179
1.48046875
5.19889157
17.52164797
0.83903078
1.70605469
6.30794188
1.79069093
3.66227172
0.80306031
0.05944824
0.10731932
10.04174867
0.28385437
6.84765625
5.25390625
10.04362913
1.34928468
5.68750000
8.91894282
0.64795171
4.49411570
1.55699024
4.76920656
2.95117188
8.53548094
5.68741945
1.79101562
8.31313941
4.74936059
1.20996094
6.74641844
0.61979250
3.29052361
0.68213264
5.52734375
3.10546875
2.16495602
11.60872562
5.81835938
1.59082031
3.31009918
9.33247894
1.35742188
1.20996094
7.34375000
0.93143126
2.19303468
12.99218750
5.25781250
2.50000000
9.93570922
0.07173707
12.09569814
1.07227061
8.22656250
0.88427734
5.19140625
2.86914062
6.40800520
0.81201172
3.57584718
6.14843750
5.16796875
11.77473626
0.24772468
20.43651845
2.33984873
1.55989500
7.37500000
3.83756593
2.27929688
0.32396933
2.94108156
7.78816711
0.40327817
5.21419437
1.42968750
6.78548094
1.76430086
8.35286126
1.58463874
5.85937500
13.06250000
2.72460938
4.38281250
0.76895743
3.63118905
2.27734375
7.20503793
1.82096686
0.84895750
9.26204344
6.30013187
0.44140625
0.45833250
3.40006593
2.41210938
9.54687500
12.50000000
4.56640625
4.78906250
14.35090725
1.31282718
1.90917969
8.35937500
9.23111813
3.17545656
9.62801024
5.07747562
2.04687500
9.65625000
2.13671875
3.04166501
15.28483156
0.35953859
0.12016722
9.88639406
8.73437500
4.15234375
2.51204344
2.23209718
7.07421875
0.00465393
7.23144282
7.95605718
3.37890625
2.28320312
8.40820312
8.66406250
15.94095856
0.12630219
13.94269504
9.41260763
6.67057624
10.84016844
3.11686281
9.59375000
13.76757812
2.00390625
3.45117188
0.86767578
2.26367188
8.58593750
0.99414062
8.21337766
0.16040164
3.58430907
0.80582765
0.82128906
15.11360594
11.50423094
17.44563470
0.72134752
12.32975842
3.83170656
15.80957031
7.03254876
10.74870124
2.40363503
5.48406028
12.42252438
7.10123781
0.68131593
9.22900266
3.01774047
7.63997562
11.46875000
5.57031250
0.00280571
0.57177734
13.38704344
6.68521720
13.06250498
12.54329344
1.85416750
15.70312500
3.34765625
7.59504876
2.87597905
0.77994875
7.37304688
9.69173094
6.95280031
6.81184564
6.49088874
2.60351562
4.13671875
3.34960938
2.28710938
12.60221188
4.03060062
8.93879876
2.19010749
16.56054688
1.34407469
6.27734375
4.48405031
1.47070312
10.12923094
14.42968750
0.10868410
2.47851562
8.17837877
4.87630873
2.30859375
10.80110594
6.49609375
1.21158937
0.60256460
3.08594248
0.68505859
5.30468750
8.30273438
9.63281250
4.26953125
0.76904297
6.77376219
3.30045656
15.83593750
2.08593750
3.14453125
4.73828125
3.92610594
7.22916002
6.45801529
4.67578125
6.88220215
6.43684564
5.96354499
6.15039062
9.75423094
3.41080812
1.75781250
5.21875000
14.08203125
1.11914062
9.70735594
6.78059065
5.28158466
4.64485594
9.87858156
8.24348626
5.01953125
3.93229499
3.06250000
8.00846188
2.40006593
6.68097629
1.13510527
5.15625000
13.94791501
8.76497562
5.30859375
1.99909210
2.84179688
8.58235594
5.66829344
6.54655031
18.51562500
4.08170656
5.86718750
8.49121094
1.60742188
12.24218750
2.68229001
2.57942874
1.84667969
9.98860594
3.67121565
5.81966312
2.32471451
7.48860594
1.92740968
2.99218750
8.06250000
0.39648438
6.14453125
1.32812500
10.58560284
3.62565935
6.23828125
0.06620363
1.44531250
13.26171875
21.65234375
11.25781250
10.14575133
0.02307191
9.70312500
1.52343750
4.50781250
1.42903563
1.82975343
1.30468750
4.63687985
7.57356937
5.85156250
11.21484375
9.58593750
12.58658688
4.20247562
4.54687500
2.82649657
8.91569093
3.19726562
3.98632812
9.30110594
1.23502687
12.02343750
7.99218750
2.87890625
11.89452128
1.72266622
18.26204344
3.53873781
8.64353724
11.08302526
2.39843750
7.13068706
15.91618794
2.39713376
5.02311281
1.69108156
0.76269531
5.00649879
12.88607934
2.42773438
8.37271969
3.79622562
3.41731439
15.17903812
6.39778812
9.75031472
12.36687278
0.95507812
3.40039062
7.24121094
4.41015625
0.72900391
11.78269783
1.40528091
11.68033688
4.93294437
16.14908688
3.99935062
9.07031250
7.60937500
16.49804688
5.68750000
2.01887938
5.00813719
4.95247562
3.11328125
2.53515625
17.81628594
2.91666999
0.80712891
9.32421377
5.19336436
0.93457031
3.93945312
5.42187500
5.53742908
1.04557873
7.51594969
7.87076906
7.06933594
5.90234375
6.83593750
1.95117188
3.56445312
7.37564938
4.15560062
3.09765625
8.04036126
2.99479499
11.14485594
6.58104721
6.23112810
10.42935284
3.18002216
4.90234375
3.41210938
1.66796875
3.89648438
5.31672845
13.65201906
1.24218999
2.73242188
1.76660156
8.75423094
2.47672609
6.00781250
1.56835938
8.96516844
5.32780031
2.33203125
4.53710938
7.82812500
2.32649657
2.76920656
6.32550754
4.58757840
2.79687500
2.85937500
4.47656250
4.02050034
6.88053967
1.70019282
1.03841561
1.64746094
4.59210661
14.58627216
0.74837904
9.38799757
3.05731493
10.15917969
4.78906250
3.01757812
3.83821532
1.66276125
8.81250000
10.87271720
2.21712655
6.76464844
8.71093750
2.35351562
0.20898438
19.89453125
16.29687500
9.09992908
3.92350842
5.45344969
8.67187500
6.87076906
15.07031250
2.83984375
0.84472656
8.92675532
7.62402593
3.46679688
7.66210938
5.98469969
5.78873781
4.97265625
6.89843750
10.24283688
0.98112062
1.85026125
6.49609375
5.71370235
1.92106327
2.25195312
20.18388605
4.67570257
6.49609375
4.41145501
10.08463874
3.02472878
2.81804465
12.85351562
15.12923094
4.31608156
0.67944087
2.74121343
11.67382812
1.96972656
7.53515625
4.25390625
0.87548828
18.08007812
10.07454344
7.17545656
4.72656250
2.94954344
2.82584718
8.14843750
8.91894282
6.20996343
0.45507812
2.61328125
5.80468750
2.97265625
8.39062500
8.63281250
12.09222500
2.91927249
11.58593750
7.81250000
3.83430907
1.86490968
1.41308594
5.21450909
9.71908466
7.16406250
2.48437500
5.21126219
11.14420656
2.14192376
5.00472296
0.28206422
11.86718750
2.75504267
0.20687140
0.36352539
4.68945312
5.28515625
7.53515625
1.48535156
0.91699219
4.57421875
4.92187500
10.45312500
14.40103502
3.69271498
2.89062500
2.83902704
0.29036749
5.52018063
5.22233156
5.72704829
6.81901374
8.60156250
3.27148438
12.24901596
3.05176529
1.54882812
3.93359375
0.89404297
7.08984375
0.41308594
9.00911126
9.85872562
0.37874515
2.22790527
3.45735594
6.74609375
0.94596437
6.87532469
10.62206782
5.76920656
0.87793218
12.62369626
12.03483156
3.68912843
5.29492188
11.29036126
1.97916999
1.49511719
11.20312500
12.28172208
1.50538729
5.41015625
9.97656250
1.90917969
0.98193359
6.54817376
10.02766844
3.12760749
1.13248781
8.80371094
1.30761719
11.48079344
11.22004876
0.78255624
8.14420407
5.51562500
6.12076906
5.97233156
1.77050781
5.25162345
6.03548094
3.27962655
16.69661713
0.86735109
8.21875000
2.78320312
2.78320312
5.60546875
7.11718750
1.81249502
4.43294437
6.68391844
1.03157967
1.37695312
6.38248532
11.92952640
3.15820312
2.07942625
6.32780031
10.93954967
0.21840931
1.74950175
0.97917497
12.76595218
7.66406250
14.23437500
0.13879395
4.78515625
4.42578125
1.49316406
9.01170878
0.38477559
1.12292480
5.85546875
3.27343750
12.68814938
8.78125000
4.81966312
9.65625000
0.27954102
1.00683594
12.95312500
8.80468750
8.92805408
1.86296154
8.43750000
0.65608641
1.85026125
7.72069814
10.13867686
14.28969194
1.55015181
10.76852727
2.62209773
1.63281250
9.95507812
3.62304688
3.66601562
0.97656250
5.54687500
2.62109375
11.04687500
0.85985830
1.08594248
6.64453125
0.79248047
5.13118157
13.83105718
3.53873781
1.92041016
12.39843750
4.22688719
6.47623781
0.66191028
6.17741467
10.69531250
2.74609375
16.25813719
4.06217531
8.06998532
5.09310062
15.53222407
1.94629155
9.43033688
0.76009281
4.10058594
1.55859375
5.32031250
2.34960938
5.76953125
6.94140625
9.22656250
13.96875000
4.35579344
1.46972656
11.94498781
11.49755859
13.53125000
1.15625000
8.80468750
6.16015625
0.82714844
13.03510634
7.26823249
1.47558594
1.37597656
13.33235594
5.93326906
3.52539062
8.34375000
4.47265625
12.35742188
7.32031250
17.15332031
6.07063719
1.55924562
6.18359375
15.66467285
1.35742188
10.96875000
3.51367188
10.13281250
5.17284907
2.70410405
9.30338376
12.43505984
0.85823609
8.31250000
2.29296875
3.19531250
7.96744127
12.91341810
3.97298094
8.02701906
15.60913086
3.73828125
11.66992188
7.83007812
13.21093750
3.27962157
5.30208001
0.80892342
9.14843750
2.35611813
2.52669437
10.56054688
5.11328125
8.28125000
1.24609375
8.68750000
4.07649657
0.60123781
6.59407469
1.57194093
16.17024657
11.30468750
7.28548094
2.77864749
7.58593750
7.96288564
8.84603280
3.04850343
8.73860594
9.34733156
0.02716064
5.83203125
3.88281250
3.63281250
17.75031472
4.46093750
3.91765403
1.66113281
5.73046875
2.05664062
1.20410156
8.42838376
8.69954344
1.68652593
4.20996094
2.95117188
4.14485594
6.06250000
9.90983156
6.57812500
8.48437500
8.54589844
2.95898438
5.21093750
8.79329344
11.45019282
8.88151374
14.15486615
6.08821033
2.77832779
1.97778320
2.26562500
10.51171875
16.42024657
3.64046265
1.27815797
14.27343750
2.55078125
14.66113032
5.99576906
2.54817874
6.89322252
3.80208998
3.74868130
1.98178745
4.35937500
9.30175532
0.49853765
13.96516844
9.47102782
6.21451906
6.90983156
16.24641844
10.83056516
1.53825077
4.24641844
5.15592531
1.67919174
6.43067154
7.43359375
6.92219969
4.80045656
8.37500000
4.64453125
9.14843750
4.09049313
6.58788564
12.76920656
4.57975842
1.89176266
3.16145999
0.95149657
5.52311281
10.66406250
8.28548094
2.40592531
10.61913564
5.01172373
4.79361813
11.27278812
5.23046875
4.36392565
6.98177748
13.74706782
2.55371343
4.32519531
1.63574219
6.30664062
1.49609375
6.54361813
1.74153812
4.15079586
3.56966312
0.97119141
11.64550532
3.44629155
3.18750000
5.61360594
1.29850094
1.37337406
2.44303468
17.77018063
8.82747562
1.61914062
1.79589844
9.41406250
10.01204344
14.96875000
4.11295656
3.05078125
9.49641844
7.09341534
4.24252216
11.42610594
1.79036624
2.94664383
3.83430907
8.69627660
8.05502465
17.49283688
11.60026374
1.26464844
5.49609375
12.55721841
3.29948249
3.53320312
4.67285156
1.45996094
3.98632812
2.16992188
8.67968750
9.30663564
14.01139406
5.42643063
1.60710217
9.84375000
11.31802970
2.31868905
6.12532469
5.32389406
3.99023438
6.42610594
6.89192376
4.10384530
2.31151596
2.41504654
9.49564606
0.58980316
9.72721188
8.42903812
3.81835938
4.62500000
12.37500000
7.51953125
3.09765625
4.51301751
7.67838874
5.85156250
14.17968750
7.66406250
11.50550168
6.62825687
1.06233641
4.03092531
19.03125000
11.96022797
6.98828125
8.71093750
9.61360594
7.15787345
5.24805186
0.77929688
8.54752438
0.64095218
7.20914672
3.36212988
3.07325465
1.94689941
4.88704344
4.71842531
1.00976562
12.72298094
7.45409907
4.53776374
9.42610594
1.79459718
0.79443359
2.63378906
0.50634766
4.99609375
10.02343750
3.13150876
3.06770999
8.48437500
3.83593252
3.65072030
7.94889406
4.94954344
5.41080563
7.22558843
1.28027344
1.69726562
5.39485594
8.07389406
3.33105469
4.10546875
0.96484375
7.15234375
6.49218750
6.40625000
7.24804688
13.17968750
4.47688719
1.65104250
4.25744629
6.90234375
4.42187500
14.14062500
8.09179189
5.23633311
14.45930408
0.72233654
6.00000000
10.64452128
3.01954122
13.12890625
3.77539062
6.11328125
2.03515625
6.88801751
0.47965827
9.76985594
1.54264406
3.86914062
11.43456782
7.20801030
1.21679688
4.03906250
9.38102172
0.92757203
3.70898438
10.31250000
8.34375000
2.11523438
7.13020501
5.24870124
1.18359375
4.00390625
8.10937500
6.15266844
1.56217531
5.32421875
6.93750000
11.30492666
14.99088874
2.17154782
3.94791999
9.63313470
19.03385749
4.46679688
8.76204344
5.47460938
3.90787843
3.10252411
4.19728058
13.44531250
4.88281250
4.15625000
15.68750000
2.73828125
7.98437500
11.90429688
21.70312500
1.47981688
9.59067125
5.48145279
17.65429688
1.73883908
5.57356937
0.58447266
9.12500000
3.08789062
7.01562500
0.05242920
7.28026596
2.57324966
1.02050781
1.14111079
0.35400640
1.72753906
20.71419188
7.05468750
3.18326906
4.20312500
0.00326538
6.63411126
14.80175532
12.86882092
7.00032469
5.12467531
3.30273438
7.00064938
3.18260971
2.57455341
1.60058594
4.41406250
2.16992188
4.33626219
8.36751219
5.81185062
2.41406250
4.62532469
5.41438719
8.20474845
1.34928967
9.14908688
4.04622562
9.09375000
0.75390625
1.41406250
9.75000000
3.33040282
7.82389406
5.23437500
9.30110594
0.78873781
6.16406250
4.23109570
1.25425586
2.89062500
5.20703125
6.46516844
6.58984375
1.46175047
10.35514406
1.78678468
1.12304688
9.08691406
1.68457031
5.15625000
11.37923094
0.44889406
2.04982846
7.42122562
7.13037109
3.82617188
0.93994141
1.76367188
16.26985594
10.04626216
1.84277593
2.55436281
0.41113281
4.84765625
11.35937500
1.19905267
10.75651374
1.22558594
8.40689938
3.12564938
7.66178718
7.59765625
5.37500000
8.14062500
1.48046875
5.53580563
3.77278812
0.52539062
6.84309065
9.23942888
1.71418939
1.39225593
5.30468750
1.83984375
6.25390625
11.77735901
29.07906916
0.23929021
2.66210938
3.59732159
1.94369403
10.48860594
10.34016844
1.71419437
2.95768063
7.56876773
0.70890320
1.51855469
17.04260254
9.38281250
0.44970703
8.25454566
2.28842309
1.38476562
4.27668440
13.84863032
12.31608156
11.36329122
7.75000000
0.05838013
3.83593750
2.69726562
7.34765625
5.56378879
6.08676418
0.26057984
1.30912106
0.45084220
4.81868905
11.91666002
1.22103529
11.79329344
5.28807846
5.33269060
1.04687500
8.40625000
6.98794659
1.58431903
2.42578125
10.78906250
5.08203125
1.43945312
2.50000000
5.67219969
1.60026125
3.47135251
6.39777815
2.01172872
7.64941406
4.73828125
5.66796875
4.82519282
13.53418218
6.07421875
18.01562500
2.61328125
0.77148438
26.85969969
7.34830563
14.77669437
5.18929078
0.24739625
5.25324690
4.51628435
2.07031250
8.97363032
3.59244127
1.03744403
9.55110594
5.48014406
6.52734375
5.35156250
11.84977172
0.32869508
1.87207031
13.31997784
10.79981216
13.92903812
6.90429189
2.82650155
3.00358156
11.55468750
1.59667969
5.46484375
0.00188637
7.77408190
6.51302748
4.49218750
1.98339844
7.91796875
4.48437500
1.29002909
3.73829122
0.23950195
7.78938719
4.49772218
0.59179688
5.57063719
0.97037843
7.80468750
5.74609375
12.05891844
1.38932375
0.28735352
0.49877930
3.01562500
13.58235594
14.06598326
3.09895999
8.33516356
15.10514406
3.08203125
1.74414062
1.03629391
1.22103031
5.15234375
6.27799313
0.75716312
3.82421875
13.67965361
3.46842531
6.88704344
3.23795656
7.39843750
4.69270501
7.56901374
7.07877438
5.77669437
0.40747070
2.68292942
3.56902371
7.84375000
11.04329344
9.63427236
3.09147717
1.53710938
9.10221188
4.10611813
5.68229499
1.72558594
8.01562500
3.47737298
6.39746343
1.18965730
0.81783051
5.42451903
5.21451906
7.22656250
2.03515625
8.80078125
2.94726562
5.73469969
8.01985594
14.51920656
7.10156250
3.06608156
6.48632812
9.85480940
2.22136247
1.72558594
3.85156250
6.74609375
2.00357907
4.36263187
0.58984375
10.68228502
1.59505873
1.22656250
4.41015625
9.88963099
9.46469511
7.08919437
7.03841312
3.08626219
7.94531250
3.66276125
8.45735594
2.02701906
7.28515625
11.63182846
1.51270279
7.82908910
4.50684840
3.15234375
10.92968750
2.80859375
1.77929688
5.27766844
5.45670656
9.53125000
8.52343750
2.56835938
1.81933594
3.77343750
3.36523438
6.89876219
3.57291501
7.49511968
5.58137689
3.02409186
11.00781250
6.22265625
1.60579344
13.70377189
5.21680186
0.54833984
7.43782469
2.22819093
0.38891602
2.64778314
7.10026374
1.30175781
3.96190659
2.27979263
0.87353516
3.48242188
3.64062500
8.35937500
4.46093750
5.38736813
17.14908688
9.56086658
3.13314716
2.13671875
9.61002438
7.62044437
8.76269282
2.23730718
7.57812500
1.59276596
1.47168716
2.25781250
9.06021969
6.94108156
17.35221188
6.11039308
3.48372562
8.26562500
0.26489258
9.64843750
1.19238281
10.94596188
5.21810062
3.76171875
3.08203125
3.10742188
8.34114251
10.02213874
4.12141844
16.64680408
5.27507092
1.32975343
7.85741689
3.02344248
4.39453125
7.73079344
13.92243386
7.53451684
5.07031250
0.90234375
2.45540282
1.47163817
9.03060062
1.88671875
9.26953125
2.12890625
7.12500000
8.21093750
11.01269282
0.85156499
9.94205563
8.09310062
2.84375000
11.17187500
11.60579344
3.92252687
5.82812500
5.51562500
3.65429688
7.68131095
5.05908577
1.11702515
3.97119141
3.86914062
16.43750998
7.37858156
15.21875000
4.98046875
2.24023438
4.17187500
0.05368042
6.73502438
3.06476535
3.92774933
1.60937500
12.21109112
11.73926529
2.29231937
3.43164062
10.94531250
7.03124003
2.02572528
11.58951906
0.03170776
7.13313719
7.69108156
1.32421875
13.76985594
4.09765625
3.41487547
4.94856937
0.80664062
14.12500000
7.56567383
0.96923828
2.70117188
5.31705563
9.82389406
7.86555408
8.88412123
5.06640625
15.35937500
5.85969969
3.77506593
7.43750000
2.47558594
5.56640625
2.27148438
21.06250000
3.12304688
0.31567383
9.75423094
9.07519282
11.82682624
4.73567376
5.80338874
0.70849609
5.75097656
1.44824219
3.15625000
9.48632314
5.16211436
3.92203610
15.21807010
0.55419922
9.51562500
7.07812500
1.83625970
3.43229499
2.99804688
3.71077017
9.10563608
1.16699219
6.40234375
12.08072751
2.39583499
7.12500000
4.40234375
7.68001219
9.09375000
0.56315187
5.61751219
7.17936281
1.42512938
12.15331782
2.93424811
4.12890625
6.13281250
4.68359375
3.44140625
2.98437500
0.38525391
5.60546875
9.01204344
1.97037843
7.46354001
2.81770999
10.16406250
2.52766844
10.87858156
7.67187500
11.12141844
2.16764406
8.78125000
9.19465923
12.00000000
0.96582031
5.79296875
9.65234375
4.45344969
1.28971437
2.43359375
11.92187500
9.62500000
19.26041501
4.59700687
5.71581782
1.41015874
3.35969969
14.36783688
3.08886968
15.56540020
8.28158466
0.09449049
4.33170656
3.96386470
1.38672124
6.28548094
2.25162843
8.61718750
2.74836658
12.85384530
2.69856937
5.47298094
8.94108156
8.03906250
4.18066406
5.86718750
1.78906250
9.39062500
1.73469969
7.94108156
0.49080071
2.33659186
1.42480469
9.48437500
7.80957031
7.18359375
2.56054688
1.94433594
3.83789062
9.14062500
3.48893063
3.02603502
10.67464857
8.75569828
4.69140625
0.70849609
7.29687500
3.38671875
9.74218750
6.73437500
3.51138908
0.31331796
8.96289062
6.55468750
4.83593750
2.12304688
5.32031250
5.05468750
17.14518063
6.17414783
4.71582779
2.45051253
7.08105967
3.08268561
7.75032469
7.44498781
7.60969969
1.65690187
7.91406250
9.94367908
10.68879876
7.37533466
2.21484375
10.46875000
4.08626219
6.23405031
12.78125000
7.38671875
4.66406250
0.91699219
7.28125000
2.94140625
13.94270501
30.92448249
13.79687500
1.59667969
11.35480940
4.88737810
2.01562500
6.98079344
3.19238032
4.00488530
10.21451906
6.02343750
15.56119626
6.25716312
0.92578125
18.86393063
4.08170656
8.53483156
2.29882812
10.55273438
16.18310547
11.39908688
3.36425532
2.48470467
6.17578125
2.41796875
12.28548094
3.64648438
1.44108156
6.75845191
3.72982934
1.76367188
6.69921875
4.69531250
3.38508533
4.79741993
2.61355427
11.40625000
5.11653812
7.54687500
0.93554688
10.02343750
0.66894531
8.87500000
11.53906250
3.32161126
6.94010749
5.76985594
11.70312500
9.35319093
4.97265625
2.35221188
11.77343750
3.16341312
5.10937500
1.56347656
9.32812500
0.58829586
1.08951906
2.45865968
2.04492188
9.64062500
7.25781250
4.65625000
8.63281250
8.81673094
8.53678468
5.41406250
12.97656250
5.11393063
9.79394282
1.40462655
2.06445312
7.80110594
13.74186281
8.13281250
5.12109375
3.80305907
6.86686281
3.09179688
1.89908688
3.71614749
9.19661126
4.05729499
6.33593750
3.48274657
10.13639406
5.21484375
8.85937500
6.40103502
1.36654310
2.39453125
10.24283688
13.38997562
1.28125000
0.75439453
8.27408688
4.73763187
1.29785156
1.88671875
6.32812500
8.55078125
7.16796875
4.87923094
1.75944093
2.88476562
4.82031250
0.87158203
1.53743407
5.27701906
2.65201657
3.22591312
1.77929688
3.05468750
12.62109375
12.15580075
5.05044659
2.11882590
3.38704344
6.15983156
0.24108887
12.36718750
13.74218750
2.90266844
1.72135500
12.42578125
2.69921875
10.61360594
2.20280031
3.47070312
5.64648438
1.64550781
14.59276596
0.03076920
1.05089802
1.43652344
2.01041501
2.38606937
11.14843750
4.56640625
2.65625000
15.93814938
9.82454344
1.04297124
2.41992188
8.88476562
8.50064938
7.32779782
3.42448249
8.57812500
1.53125000
9.44596188
6.65450801
1.55306405
5.21484375
4.00781250
9.23258422
0.13582398
11.08551235
0.85662012
13.00906146
5.69190824
8.83593750
0.08856201
4.49088376
5.06185062
4.33593750
10.98502438
10.65983156
9.83170656
8.23502438
1.41145999
1.61425781
6.02994127
1.58984873
13.69013889
3.60644282
3.81543218
0.31005859
14.43033688
2.06966312
2.85742188
3.11914062
11.81054688
5.32812500
0.31469727
8.26562500
5.17968750
11.30500222
5.24219747
6.00813719
4.98372562
4.02343750
1.77832031
1.52148438
4.01904297
2.84960938
6.96126219
1.32584718
7.89094969
2.28483156
3.99609375
1.02441406
5.63346188
2.45833499
1.05387204
5.30013187
1.91015376
1.33691655
6.38671875
6.30110594
6.71061281
8.84977172
2.07784058
1.96386719
2.69921875
9.94531250
1.31054688
6.30110594
0.05192140
0.00341225
0.60501950
4.72656250
1.30696781
18.37271720
4.34993905
3.50195312
0.47338867
4.64453125
8.10332680
4.49609375
10.32161126
2.13737311
11.64029034
9.69694592
4.71954677
2.73601964
2.69987311
0.35424805
7.39843750
1.37011719
12.66992188
10.77343750
5.75455563
14.78840814
1.99414561
2.49869626
4.18294437
23.00471401
4.20703125
0.31396484
7.28807846
8.68067154
3.71289062
4.96126219
10.62076906
8.62889628
2.18946309
7.71875000
3.29492188
2.26009032
1.99772218
8.21515847
13.81609153
7.76953125
2.69531250
6.59765625
1.32324219
5.81379876
8.69018617
0.35490179
8.07291501
21.82942376
3.68164561
9.50976562
6.40234375
0.47631836
7.92968750
1.84610836
4.46419437
1.00488281
5.73437500
7.59016844
9.51334718
3.75000000
3.12304688
0.51367188
2.20507812
9.21093750
0.82991453
4.96842531
3.06762695
1.54882812
4.10546875
0.77294922
0.38769531
9.89843750
2.24218750
10.02126053
0.13083908
6.95377438
2.37044437
10.13867188
6.99251219
1.77506593
6.30078125
0.28340574
2.90429688
5.71451906
5.38671875
6.17610594
6.02799562
5.58203125
7.47265625
8.30468750
8.45312500
5.89843750
4.14485594
1.56542969
3.00423094
7.71061281
10.66014628
6.06218528
4.34375000
5.33203125
0.06222534
11.71093750
17.20312500
5.11149047
1.75862672
4.99934065
2.16081560
4.64843750
6.47656250
11.30110594
3.70735594
9.69108156
2.43847407
5.78385749
5.14062500
1.21158688
8.85091312
2.38476562
14.16829344
12.60905031
12.99641844
7.70280031
2.45507812
15.70344969
3.24381593
2.19563719
10.12564938
3.65820312
4.49999502
8.52442154
5.48437500
8.30371094
2.06054688
1.55859375
9.21516844
0.83317140
9.05891844
6.74186281
4.77539062
15.35253906
4.82421875
0.61230469
0.63324482
7.74712627
12.62467033
13.14290780
4.15689938
5.03841312
4.58264160
2.56705563
5.65169437
2.02180657
2.70182624
5.42252438
4.51757314
5.35287123
3.51953125
11.58235594
11.91666002
5.21061779
2.85677249
2.92643063
9.36295656
1.00748781
13.39127438
1.56966312
6.89062500
11.87694814
1.77148936
7.62304688
7.29296875
2.12695312
0.41430664
5.19140625
2.47265625
3.37239251
7.94889655
2.97460938
3.10742188
6.93750000
2.08593750
8.53971188
16.52343750
4.56575687
2.49804688
4.08560783
2.24642342
3.44531250
5.81461547
0.07820680
1.17675781
11.84765625
1.08300781
4.92578125
1.06852047
5.81185062
6.39453125
10.23079344
2.67968750
8.51399158
3.93490248
0.87255859
4.59276098
1.91114527
2.51594969
2.35611813
2.53808843
1.20996094
7.17349845
0.49886483
0.99267578
9.69531250
4.93180172
2.25325687
7.41471188
6.92513187
4.71484375
1.82910156
3.04101562
1.78189938
4.86474734
0.27058961
1.71817017
1.15722656
5.34798094
6.39811281
9.28906250
9.91666002
3.09310560
14.85317598
2.24057402
7.63018507
12.17482712
3.11718750
0.58854250
7.50976562
5.38313719
5.08170656
0.84033203
6.83984375
8.74820922
0.05251099
9.64746094
2.07226562
2.85546875
4.25390625
0.72135251
5.46810062
8.19270501
1.47461187
9.27669188
5.85481937
1.55371094
11.47004876
1.64518561
0.52539062
4.48599347
4.56674091
7.71907469
2.22233156
9.41406250
2.22851562
10.79296875
8.30468750
20.06790352
0.93066406
4.28807846
1.92871841
8.15625000
1.85253906
8.66048094
3.40525350
13.18328900
3.18164062
0.47094727
6.90820312
14.87923094
3.46061281
14.07908910
10.25033466
14.31152593
11.35937500
0.75211672
10.32812500
4.91699219
0.73486328
16.04719969
13.51204344
5.49153812
6.27734375
4.44531250
4.32812500
12.87206782
5.36230718
2.93879876
4.56152593
9.26139406
0.68066406
9.38704344
6.30045656
5.56769504
4.74089871
7.12500000
3.37760251
8.50716312
22.65101508
3.08855496
0.82097683
8.16113281
23.81510251
6.24935062
1.70507812
0.75585938
10.05110594
8.96914673
13.40201906
2.06673094
1.21647218
2.97851562
4.02734375
4.73828125
4.42382812
1.14355469
5.09375000
8.78548094
3.66373781
1.27929688
8.37141844
10.87988032
5.92869349
0.94142619
6.42545656
13.03189938
3.89892578
10.81185062
3.62369626
11.03060062
2.17968750
2.55208001
3.35026374
5.89062500
3.25227283
2.17155529
16.71484375
1.67350094
3.44075687
0.11499023
13.58235594
5.15592531
13.65266844
3.86881593
2.35546875
2.78157469
7.48405031
5.26171875
14.26562500
2.23828125
12.44173094
0.82145265
1.15429688
9.65298316
6.71843528
2.37304688
11.78483156
8.86718750
10.32633422
0.31892945
3.95621579
0.22542110
11.38395390
1.32714844
3.34488143
3.07894669
11.74218750
7.23437500
6.76985594
5.96842531
0.38720703
4.07454344
1.47233156
2.69726562
3.52148438
6.68750000
4.66796875
15.43554688
2.04101562
3.51367188
6.78125000
2.68750000
4.10937500
9.74641844
6.16373781
1.51171875
5.72102283
12.77441655
6.33463874
9.90625000
1.95507812
3.96484375
1.60644531
5.05956782
1.96582280
4.04556627
3.68099623
12.35156250
2.60351562
10.85156250
2.74609375
11.31802970
9.40853280
1.78515625
10.75781250
1.76953125
9.57812500
3.66634032
3.98762190
6.45736591
2.71679688
9.03906250
0.05407715
7.44531250
7.83984375
7.48828125
4.25064938
4.41373781
10.22656250
15.04438958
1.02572030
9.58463376
3.30208499
13.68750000
3.68554688
11.15625000
8.63281250
4.32421875
3.95703125
15.40522608
0.66118017
2.09472656
8.39485594
21.93790524
6.24186281
5.09310062
0.89599609
3.45117188
11.92512190
3.05762466
3.04655031
7.92968750
7.22395501
2.52799811
1.66796875
5.94531250
6.20344969
1.21354250
2.56087157
4.08951906
15.54589096
5.33008311
5.37793218
8.24967282
2.77474124
10.15266844
11.52115470
5.27930186
9.90429688
1.99121094
2.49609375
13.69580078
3.26953125
12.74902344
1.06738281
8.30517578
0.82470703
11.97303261
2.00694786
0.68457031
10.33908081
3.18750000
2.81835938
6.76953125
3.11914062
8.07633422
5.27913453
4.03515625
10.52115470
2.51595467
3.65820312
2.59667969
2.43587157
1.23795656
7.02276818
2.41863807
0.42504883
2.24918454
2.31966312
14.02810669
2.21679688
1.48535156
7.07812500
9.47656250
8.93878879
5.41667996
4.77734375
11.30891844
10.51562500
8.05826906
0.96093750
5.94921875
1.62231445
2.76757812
5.59635251
4.17513187
0.34985352
2.68164062
7.83235594
7.31998781
2.56281971
1.74772717
2.75390625
7.30859375
7.84276596
4.61426529
1.89855957
11.68750000
3.45703125
6.82031250
8.88077571
3.15047429
17.42723846
0.76660156
8.65673205
0.43506482
1.73127175
5.49968528
0.64501953
5.12727532
6.93229499
10.21093750
4.56640625
0.30200195
9.61718750
5.47330563
3.01692874
11.09863032
4.62011968
0.54443359
1.99608877
5.17773936
1.17089844
2.04101064
1.46419686
7.28092531
0.64990234
2.20874023
7.62890625
1.27148438
9.98437500
5.38948360
0.67155156
3.99576408
3.70150155
8.85156250
9.88346188
5.49967531
1.24218750
22.13053468
12.04846191
1.22460938
12.70117188
4.52734375
12.23925532
4.34668218
0.67431641
7.54719969
0.89030031
1.53125000
5.68814938
4.65950687
6.70703125
8.03548094
6.22233156
8.49641844
4.34733156
1.48046875
6.50764642
2.16666999
6.77343750
0.87011470
9.47949468
6.00943595
9.25049202
0.61165406
10.58690160
5.29591090
5.48291016
1.23339844
3.37500000
3.98502438
5.86653812
0.30566406
6.50520501
2.39518561
5.78775377
14.07617686
7.77669437
3.37500000
2.24640847
10.85547872
4.47233156
3.15820312
13.15625000
2.37304688
2.72460938
0.01166534
3.54508297
15.03841312
0.68945312
6.04817376
6.56120124
2.21484375
6.57063719
8.02408688
7.98730718
1.49804688
1.31087157
5.68456782
10.36588874
1.00195312
11.10156250
1.44238281
2.15283203
2.06250000
8.67610594
1.35807375
4.22086547
0.17574098
9.53125000
1.85156250
4.73828125
3.90625000
2.09570312
0.90950438
3.82389406
7.98502438
1.26399906
5.32812500
7.62500000
2.22281860
0.62190797
6.32519531
10.39062500
0.81347656
1.81933594
0.99462891
3.10774657
7.07040156
1.96940436
6.85514157
6.83528812
14.34798094
4.35905031
1.20703125
7.94140625
1.81119626
2.08919437
6.02343750
4.04687500
6.78906250
11.70312500
6.11328125
5.01562500
9.30468750
3.61002438
9.31379876
1.91797373
9.94889157
2.15364749
10.90765888
0.10979717
1.82324219
11.84375000
4.13281250
10.25000000
5.39453125
11.62500000
2.25781250
6.63281250
5.77179411
3.00164339
0.99926758
7.93359375
2.43554688
6.37532469
6.14420656
15.29230940
7.66081560
15.00000000
9.43750000
4.31250000
1.60859856
12.15136968
6.66764406
8.09375000
1.91796875
3.47102283
5.66960217
6.35546875
0.39086914
1.09277344
5.16471188
7.55826906
3.99186281
0.45483398
9.61637204
2.50130374
7.12890625
0.94873047
8.07031250
5.53548094
8.08951906
6.63671875
0.81488052
2.71582779
9.75781250
1.44531250
2.92219969
5.83951906
6.84146720
3.23470467
11.42024657
7.03938719
2.79427249
3.87695312
7.63704344
0.28068117
3.44010251
8.04622562
6.82031250
4.89453125
16.71516844
1.43326906
6.01953125
3.29101562
11.18781472
4.55046653
2.72525876
2.63997562
15.87564938
4.69498781
1.39518312
4.95768063
13.29622562
7.27376219
8.73014406
4.44921875
8.36816406
6.38972649
7.26432624
3.66634032
3.58011965
6.17675532
0.46191655
5.72851064
1.15918467
6.66796875
4.05078125
6.22656250
4.62790227
6.48537898
7.33235594
0.79719969
1.77474124
6.86002438
6.66731937
1.88834469
0.19417484
3.11344235
19.06998781
8.23209718
4.23046875
5.66796875
19.62945557
7.86043211
2.96012453
2.51953125
10.09375000
0.88623047
1.17968750
4.91113032
2.09863530
9.24218750
2.50000000
11.96875000
2.66796875
4.71158688
5.74218750
3.45442874
0.98486328
11.56347656
8.44531250
9.84894504
1.88542996
1.46972656
10.36295407
7.45768063
3.14127936
0.69873047
12.53775876
7.08528812
17.72411611
1.72266123
6.77343750
15.04931516
9.07389406
2.13069703
2.26025391
1.21809813
1.46289062
9.14550532
5.60026374
1.46409887
4.03419215
5.74251219
6.53092531
0.72363281
4.80078125
0.50797360
1.00130374
14.14843750
1.79492188
6.32844969
2.50716063
16.03483156
4.76920656
0.73835931
2.08659186
12.37500000
8.37923094
1.28385500
2.44726562
10.62271720
4.17415780
7.42968750
1.12402344
3.35969969
17.55045656
0.80371094
3.84895501
10.22721686
1.24121094
10.27766844
3.04264406
7.05500222
13.07617686
17.02100108
4.66243407
1.73470218
6.80468750
1.84309813
0.06205324
2.81347407
3.99121343
6.34081782
16.72949468
8.94531250
1.75683594
5.63671875
1.54459220
5.08040780
4.57421875
11.96875000
2.35351562
9.66339318
3.68816932
2.34375000
8.24900599
2.34897495
7.05045656
3.57226562
3.78515625
9.88281250
2.36914062
5.61718750
3.06054688
4.60253657
0.19018804
4.29752438
7.61783688
4.56933843
8.31608156
5.11490719
2.97005374
6.53157469
13.07519282
3.50846686
3.80696532
2.65201906
5.29296875
8.53971188
1.41048343
7.42903314
15.69401374
8.05468750
7.71093750
2.94140625
5.59863281
11.07031250
9.16015625
3.70898438
7.34407469
4.35319093
13.46971909
4.45020279
4.46858641
3.72981439
3.27181405
5.07063719
4.33918939
6.40072030
7.02343750
9.46093750
2.34049313
3.53255374
1.32324219
7.41601562
6.91406250
4.23046875
2.75390625
1.99902344
4.93750000
10.27343750
7.74251219
4.57780031
11.93391844
19.13117908
3.24544935
7.77343750
4.08984375
8.30696033
2.38444592
3.58202876
2.80403812
4.37923094
11.45247562
3.44335938
6.44205563
6.46842531
9.33170656
0.74169922
11.45312500
2.08593750
2.87694814
1.21680186
8.47460938
7.77799313
3.91764406
9.37076906
9.29687500
5.30468750
5.17968750
7.39453125
4.56183567
0.96160183
11.13281250
3.12695312
6.45312500
16.87500000
4.31347656
5.48502438
2.55403812
3.49609375
7.72656250
3.29915282
4.30436281
2.20507812
2.49804688
10.00781250
4.68293939
5.58496343
1.35709718
3.08007812
8.54329344
3.21712157
5.61425532
0.37484139
6.76985594
5.33170656
10.35057846
4.66895279
0.48852539
7.98958001
2.45963874
8.35937500
1.60644531
3.92773438
15.95507812
3.33593750
2.47460938
3.50585938
6.14843750
1.15429688
1.90625000
5.43163564
7.35352061
3.67968750
7.33203125
7.16406250
12.88346188
3.53841312
0.44213867
6.25585938
4.71907469
1.95865968
10.10156250
1.93294188
5.82031250
9.75358156
7.15234375
1.24707031
11.16048094
2.98632812
6.28873781
9.66406250
2.50390625
8.31250000
1.90541253
19.99284186
1.78808594
15.79296875
7.85278320
7.06250000
4.60546875
1.19238281
9.04687500
2.26367188
2.11718750
1.22851562
1.48046875
1.66503906
5.11718750
3.83625970
9.01432624
6.25390625
11.98502438
17.84847171
1.29589844
2.98437500
9.66796875
3.48079344
1.98014406
7.88313719
17.97623781
0.54931641
8.87923094
4.01530031
0.96484126
3.85058843
3.87109375
7.47656250
21.43944814
6.28320811
2.49023438
5.69531250
0.87320797
7.38639406
0.82291750
6.36393063
4.11393063
2.30338874
0.84130859
8.49414062
8.55029297
5.55468750
2.16210938
2.40234375
11.88281250
16.27733378
2.19141622
1.78320312
3.05924313
3.11849124
14.83007812
4.23437500
1.49902095
6.54980718
2.96093750
9.54687500
7.67008422
0.37288453
14.95800532
7.20215093
3.66601562
14.76399158
8.39778812
26.14290780
8.17382812
0.88964844
14.07812500
4.96972407
16.03613530
8.68098626
2.80924811
4.26074219
2.04296875
0.27856445
1.25170898
7.05078125
4.17643063
1.81868656
8.84375000
0.74365234
3.27392578
17.30078125
10.46093750
8.33984375
9.32812500
1.09798094
10.38639406
0.79280516
8.33593750
12.23795656
15.77294922
4.32454344
2.21256593
17.11575068
7.12336658
7.64453873
8.81608156
4.84765625
8.51918662
0.89292275
1.58447266
8.07242797
0.71272828
3.11914062
2.71712157
7.13639406
12.10156250
4.27343750
8.63117908
4.65007092
2.79719969
4.55240968
6.60449219
7.18945312
3.63541501
6.17122562
9.35286126
3.29752936
1.83593750
7.88931627
4.08366467
1.69596437
5.80141069
3.56187056
4.69205563
5.94108156
2.23795656
10.89062500
1.92317625
1.56412843
4.75781250
3.31705065
2.72787123
1.16113281
11.11930297
1.55785011
8.12045434
4.78515625
5.46907469
8.40625000
4.15136470
11.72347296
15.32029595
0.83496094
10.79199219
1.97656250
8.81673094
8.28906250
5.74739251
6.31574690
12.60482934
0.10282472
1.73677239
3.36230718
6.67155031
1.28613281
1.30208250
4.62109375
4.89322252
2.67090591
7.34765625
7.34375000
2.15039062
2.52734375
5.26171875
5.81445312
3.30859375
2.73437500
3.61751219
15.76920656
9.31250000
1.68945312
6.89094969
1.45084718
8.24218750
4.00618407
13.27701906
4.64843750
9.76204344
6.53873781
13.84243130
0.91147495
20.08753445
6.25702570
1.40527344
1.83886719
8.80468750
5.60969969
7.23990470
9.76790780
0.42936281
0.89550781
5.17773438
3.78352532
8.03906250
6.00324690
11.90170434
8.15266844
5.49804189
1.98405529
3.79296875
7.26953125
3.27734375
2.81250000
1.04101562
6.27539062
4.70735594
1.43033937
3.40039062
2.82519282
2.02539062
0.37060796
6.21516844
14.39871216
6.69889406
1.37109375
1.77661133
4.94140625
8.44531250
1.05566406
4.36328125
0.69026360
1.25260749
9.25423094
2.81217531
7.10546875
7.02766844
4.67155031
11.11132812
1.24023438
9.73437500
1.41894531
1.88964844
14.03416224
1.91244902
3.66894780
1.71158937
6.51562500
0.80322266
16.64062500
4.12890625
1.00195312
0.82828610
12.92868761
6.47233156
0.84228516
3.77929688
1.30273438
1.16308594
1.82031250
5.09960938
8.98079344
1.30143063
12.22721188
5.01009530
0.44775391
9.49218750
6.76171875
1.49609375
5.98176751
1.17513187
5.39453125
3.73697751
4.06510749
9.56941711
0.41642273
12.99023438
7.46288564
2.62695811
17.67187500
5.91796875
2.51171875
2.55078125
1.74446532
1.35221437
2.41829344
2.27651582
4.93165558
0.74804688
5.68750000
0.48535156
10.10156250
7.44352172
0.07253053
1.78312008
9.92122562
3.78125000
2.96712157
2.70084718
2.99218750
2.57844969
15.19108156
6.59765625
1.61751219
2.79850343
1.10595454
5.91308843
4.76953125
9.35937500
0.20593262
6.57812500
4.33951408
7.73665780
9.08983378
6.50391622
3.12781991
7.28624259
5.57031250
9.03906250
9.50781250
5.12500000
9.43033688
5.73307375
0.98638963
0.06321244
2.18456533
2.84961436
8.28189938
5.12858156
8.30826906
4.85546875
12.10156250
14.87500000
7.26562500
10.69954344
9.45670656
2.36914062
8.50585938
0.23278809
0.98779297
11.11945036
6.60711214
7.99609375
6.11328125
3.46679688
7.64908688
6.80013187
3.45117188
2.36328125
1.68348183
0.22118126
10.03254876
5.49479499
3.88476562
1.81911209
0.57973065
7.67545656
5.81998781
7.35546875
0.38574219
4.84179688
3.93945312
2.17773438
6.21484375
2.17187500
1.78613281
8.07812500
2.52962157
6.54264406
10.17187500
0.54247798
1.59472905
2.25195312
9.64973626
3.41471686
20.75000000
4.89453125
0.74658203
4.94140625
0.45613524
5.02311281
4.23828125
6.88671875
6.76301751
0.78581061
1.58883272
2.00619902
1.21191406
15.75390625
6.39711880
7.70444370
2.47070312
3.02148438
8.96875000
3.40917720
6.05273188
4.10742686
11.05110594
2.28092531
1.02441406
13.31445312
2.32421875
4.51562500
1.49609375
6.95312500
7.23046875
7.67578125
3.20507812
1.58105469
10.22721188
8.51888187
6.53775876
1.98958499
13.23828125
1.92610594
0.24015383
5.76822751
3.26888187
2.75976562
4.01953125
0.26928711
7.39843750
11.96939938
7.06185062
5.03222656
9.36401367
3.42504883
6.66796875
26.84765625
2.38867188
3.79126828
0.33813165
13.03214539
1.66292359
3.67431890
3.11979001
6.09700687
3.52734375
8.17968750
0.08142090
2.36914062
4.06868407
1.20230704
1.65625498
7.19140625
17.68391844
3.75287247
7.19140625
2.84960938
7.91406250
7.19498781
6.46484375
0.00638962
0.60099118
12.28841312
5.60839096
1.41829344
4.00619154
3.06803468
6.15983156
1.41894531
1.76269531
10.45735594
2.10774407
1.21322030
2.95898438
1.92431516
0.04174929
1.97159665
1.79036624
1.52343750
8.07812500
1.84179688
5.23144282
1.65722905
3.04101562
3.10742188
13.94531250
9.32031250
5.13689191
0.20295184
4.82421875
1.48673336
4.42122562
7.74910461
0.33536805
0.43041992
4.56640625
8.38281250
21.11050518
2.40104997
1.23112062
2.61718750
13.75000000
10.23437500
4.73437500
1.85839844
2.64680907
9.15201906
12.34375000
4.62174313
5.31575687
2.56054688
7.15659420
11.30403812
2.29296875
0.96484375
7.34765625
7.36848626
7.25260749
7.03906250
5.38866689
6.41263639
4.37011968
5.89941157
2.10937749
2.58593750
10.18391844
7.90983156
6.12141844
13.41406250
1.36783937
1.88671875
5.80468750
16.66471188
40.79427249
2.51594969
1.18131593
6.05859375
0.03509521
0.63867188
7.99218750
7.18359375
7.59765625
4.39843750
3.30859375
3.17789672
0.20572875
1.06998781
4.25000000
4.73437500
3.35563110
7.92399047
1.47526125
3.04288571
2.10286624
3.14257812
0.21449705
1.23112062
4.33203125
0.32177734
6.01171875
8.92968750
5.64453125
9.50976562
6.11914062
1.13574219
3.27343750
16.15689938
2.71907718
4.18750000
3.21484375
1.65722656
0.53662109
7.25129876
2.49870124
4.62271969
11.21810062
3.74218750
4.91292110
3.16715702
0.00702667
1.07543945
4.64843750
5.23893063
6.98372562
0.67187500
0.93443298
5.78157469
9.87076906
1.65136719
4.21093750
7.35546875
8.30468750
0.61282950
10.25228280
1.76269531
23.15883755
13.14194370
7.00423094
1.33756593
2.98632812
2.30078125
6.19921875
2.12304688
0.16064453
16.53971188
11.23958499
5.94692598
1.47299589
5.09375000
2.22656250
7.67968750
6.47656250
0.01020050
15.94954344
7.28157469
4.40916723
1.90854277
2.21679688
10.56314938
6.83626219
6.46484375
1.17383062
1.92773438
3.39843750
5.23437500
7.41471188
9.16341312
3.38671875
12.04687500
0.66121087
2.60026374
0.34423828
1.43489500
-0.00996824
1.52443960
7.24023936
5.04687500
5.83626219
7.97233156
1.71191406
3.63509032
7.48795656
7.43261719
2.20117188
8.43554688
2.80305907
12.51985594
2.49739749
2.55859375
0.05459595
7.53319814
2.32877936
2.74153812
2.54492188
0.04476929
4.29296875
4.60546875
10.10286126
2.22754155
1.08658937
2.41870117
1.95996094
7.04296875
3.07226562
7.36718750
1.71191406
9.45213099
5.75913120
3.79069093
5.47656250
2.14843750
11.84375000
1.31718621
4.68620124
7.67187500
0.35725828
1.44661375
1.76009281
5.24218750
5.99218750
1.30273438
3.68713379
6.87500000
2.74218750
4.30468750
9.97298094
6.85860261
0.22151703
6.60611813
1.00423343
3.48860594
8.92187500
0.49576906
2.38476562
5.25582886
5.69140625
0.93359375
12.22656250
19.61806538
1.65495124
6.59310062
8.74023438
10.34375000
2.41210938
10.94571525
15.82941379
4.81414339
13.42122562
16.97656250
1.43652344
0.92724609
1.44824219
0.71826172
0.06323242
8.36718750
7.25781250
0.14379883
2.74574912
10.46898952
2.11297151
2.63118407
1.44954344
2.31380374
9.14485594
2.58170656
9.89908688
3.64322751
7.45182624
0.92626953
4.51236813
2.75063069
1.77459884
1.91145750
0.79541016
0.65592531
1.95019531
10.27668440
0.95280779
2.49120346
10.21192154
3.08837891
4.87109375
0.16271973
6.72281735
5.51888187
10.76554196
9.62141844
4.34668218
8.65494127
8.63802748
8.13281250
2.05078125
2.53189938
2.45638187
5.90234375
3.94726562
1.70571504
0.79135527
9.18553192
10.21225121
5.99088874
0.99121094
2.57812500
4.71875000
7.87890625
22.77766844
7.25390625
8.25553468
1.34863281
2.68945312
10.86425532
7.62011968
0.34261047
0.00492371
2.11620419
9.79622562
6.60156250
2.98665282
14.23030516
7.53060062
5.60546875
1.44042969
1.68814938
7.19075687
9.41829344
0.31852297
4.31250000
13.30240470
3.58040780
2.19335938
4.65917969
4.53515625
2.69726562
3.09179688
3.24023438
1.05647703
3.30240968
11.47656250
4.17968750
8.37500000
13.32707230
3.81704566
7.46518838
1.79329344
4.89030031
2.07812500
9.22298094
4.95863975
3.64455119
6.48828125
3.56445312
6.00520501
4.48698249
5.50390625
0.95670407
1.13020999
9.40885251
2.09310062
2.79882812
9.96093750
8.24218750
5.54239805
0.25350039
3.70442376
4.74902593
0.68766359
2.80273438
15.50149889
1.45833998
10.50000000
8.58235594
7.10514406
4.14062500
4.95768063
2.08138187
12.14062500
1.63183594
6.19986813
10.57356937
10.16406250
1.91308594
2.29882812
7.58984375
4.58203125
3.41813110
0.28605102
2.52400135
4.35287123
0.64453125
4.27734375
8.34798094
11.74967531
8.70996094
2.37500000
2.53189938
5.60057846
0.55795185
10.55207004
2.78777371
3.57812500
7.32519033
7.51041999
7.39778812
5.90657469
0.76627687
0.99560547
19.41015625
18.20167586
15.90278200
1.57926391
5.88850953
6.73437500
3.94140625
1.64273424
4.92318373
9.00616911
7.99415558
2.64094969
1.18196781
10.24104485
8.58463874
1.06347656
2.56900876
0.99251468
6.93750000
0.00116444
16.28125000
9.22363032
4.67090093
2.39843750
9.44726562
2.77343750
10.18814938
6.41341312
4.11751219
0.56510500
5.73046875
0.20495605
0.41064453
9.92039894
6.80388076
0.63900155
10.28125000
3.06542720
3.66113530
1.77343750
11.35480940
8.66862810
4.86132812
7.11360594
7.48405031
1.58398438
13.23990470
4.55697030
5.36328125
4.78125000
4.86067376
2.96646720
8.99968029
1.83528812
4.96875000
2.50000000
1.59179688
5.19596188
3.24349124
4.05938705
7.58074967
0.93603516
14.76009032
3.55302181
1.93932928
0.55175781
0.31850158
10.97745291
4.99023936
9.59375000
10.90819814
5.70312998
6.09619016
0.85888796
4.89843750
5.79296875
1.21972656
6.68359375
10.18163813
3.54394780
8.42838376
2.95052249
7.75033569
1.86555907
1.49772218
4.27343750
13.51301325
4.25293218
1.53027344
7.98144282
5.05208001
1.89811779
0.87090317
0.60840591
4.70407165
4.64846741
1.71875000
3.08203125
6.82974845
4.78353280
4.18782220
1.51725593
3.63476562
3.93001219
2.83951408
4.17773936
1.31152344
7.12174313
2.35091312
5.34016844
0.73746828
2.34826660
1.97558594
8.28906250
2.51757812
2.95963376
2.32031250
0.53108890
7.06640625
3.23437500
20.19189453
1.29199219
2.67773438
2.22851562
4.71516844
1.19400626
4.61523936
3.85937500
4.15625000
6.75211547
8.84554078
11.75602172
0.07307984
4.49609375
11.61295319
3.57031250
5.43359375
0.08264160
3.08203125
2.50129876
2.09049811
6.48828125
6.96093750
0.96711907
4.55045905
4.00390625
9.93456782
3.48926030
4.13671875
1.80371094
0.77318713
3.48389295
7.05468750
3.25781250
2.28761717
0.05900148
6.81770501
0.71354499
3.19284058
8.62500000
1.67382812
0.78906250
8.75000000
5.37695312
11.86441891
7.03841312
5.98046875
2.88867188
2.19025421
7.26562500
0.98958250
0.90446047
6.65625000
6.48828125
6.88769282
4.20605718
2.52929688
5.54687500
5.81347407
2.01920158
4.50912123
16.20792903
4.91699468
2.53906250
7.32031250
4.03124502
3.24414561
5.98207725
1.26987588
9.77473626
1.53971686
2.77180907
6.21061281
0.58740234
4.05078125
8.57812500
1.39712877
1.06185560
8.13281250
5.94921875
0.79508422
2.55452515
4.54849347
2.88184341
1.66243656
1.84375000
4.32160628
2.12175310
1.07519531
12.12923094
1.61979250
1.12809079
2.37044437
7.96875000
1.32137024
0.77775086
1.75561523
2.02148438
3.22884032
2.89453125
0.82145265
1.55664062
0.18664551
0.14281126
8.03483156
0.37239500
1.53190187
1.78092282
1.81478031
8.17968750
0.17968750
6.19832336
0.13602723
7.62109375
0.83740234
6.33593750
16.79817376
9.19856937
12.62174313
5.91162359
0.94205812
8.91584331
9.91504779
3.69694093
17.67187500
5.98735809
7.53515625
5.22298094
1.80045656
10.70763324
16.63086436
2.17936281
6.98437500
2.07031250
9.78125000
3.44921875
9.06445312
1.77929688
1.78808594
1.54687500
1.12207031
0.56298828
9.23437500
2.28906250
1.42350094
7.82747562
5.08788564
5.43164561
6.25000000
4.64647939
7.36393561
9.47591312
1.65429688
0.77832031
1.78613281
5.47656250
9.33808327
6.37500000
1.22867797
5.97737672
1.08821532
1.93326906
6.07519282
13.45865470
0.91992188
2.23958998
5.07031250
1.39883423
2.11914062
4.48860594
1.64851805
6.16341312
2.69921875
5.32779034
7.30371343
4.46525709
6.22355164
3.20703125
2.05637966
2.00026096
7.92968750
2.33398438
13.34375000
12.01269282
4.51040005
4.34409463
2.51562500
13.49707031
3.24414062
1.80892944
6.91406250
0.17333984
0.96386719
12.45149158
1.81413342
2.96093750
0.08167480
1.22737672
3.01171875
8.71385971
2.44629654
4.33203125
13.33235594
10.30565160
1.99285183
3.18164062
7.14094969
0.86295656
7.94986813
1.55729001
1.45963874
8.82812500
1.05566406
1.58496094
6.64583001
6.24446033
0.59310810
4.82031250
0.21461912
2.80631593
1.09375000
2.37695312
5.01953125
8.65201657
9.55599124
6.05078125
4.96289062
8.56347656
0.68554688
2.15209961
4.80859375
1.57812500
8.35937500
2.86271055
0.35530703
4.91406250
10.53252882
5.05601118
3.77668939
5.61165780
2.84928468
5.76562500
10.05468750
0.32299805
2.43261719
2.46679688
1.15917969
9.87500000
2.44140625
6.54296875
0.54199219
0.06390381
1.20011227
3.00000000
6.14778812
5.21875000
0.98144531
1.97265625
0.74267578
4.78645501
1.50032718
9.46810062
7.20312500
1.01074219
5.50488032
2.44433843
1.13378906
5.31673094
1.72623781
0.46289062
14.46939938
5.03450687
20.67675532
4.81640625
9.25944093
5.21419437
6.28548094
1.63248781
8.66406250
0.40039062
4.44531250
1.36035156
12.24609375
2.39453125
1.22428219
7.41731937
2.25650876
5.97200687
0.64892578
5.83398438
9.10937500
3.64843750
1.86523438
9.43033688
8.05354984
0.54052734
3.15234375
19.11492550
4.44140625
0.51513672
5.87288079
3.86979499
17.21777095
2.86621343
8.17708001
1.70377936
1.31513406
17.16106161
0.09120666
6.85447474
17.04396276
5.94498781
7.34049313
20.12141844
8.07324468
2.01757812
13.92941138
6.10840093
3.02767841
6.44042969
3.56648431
3.59049811
6.80859375
2.17968750
11.78125000
8.03906250
11.42122313
3.96842531
10.28254876
3.38947363
1.59750886
4.21320036
6.14226839
1.83691406
3.65250610
0.04585816
0.12011719
1.66699219
7.92968750
6.41796875
7.11718750
0.71484375
13.10351562
7.30859375
5.81160461
0.01340760
0.36889648
1.36222165
9.10514406
10.21451906
6.42578125
6.76757812
2.62890625
5.14062500
8.07812500
2.56835938
5.11067376
1.61784186
1.31542969
7.53612035
0.94044215
6.64453125
5.20312500
9.07160129
8.27605496
1.10742188
6.08691157
9.52636968
0.65917969
7.01594969
2.18741945
8.13704344
1.01334718
2.00813470
2.68034186
11.75423094
8.59733156
7.41177970
10.83040780
13.62694814
1.00293467
9.22298094
5.28873781
4.40234375
2.72265625
8.56673094
0.36417726
5.09765625
11.79329344
0.44401125
2.26757812
6.45327114
2.58334995
7.87109375
2.62695312
10.53906250
3.38150876
6.52538564
2.13802748
8.24218750
1.58593750
7.95442376
2.51823249
3.93359375
10.45703125
7.90819814
1.59961436
1.39324951
2.28320312
5.37109375
10.52563477
1.20507812
0.47583008
0.03210449
12.99218750
0.04983521
2.02148438
12.80468750
14.97721188
4.68685062
20.30401818
12.11167026
4.98372562
0.64160156
2.72851562
11.27050532
2.28808843
6.10156250
0.88915517
0.84570811
1.81933594
2.48632812
4.08203125
9.51562500
5.06250000
8.81738032
3.19043218
3.47656250
7.57812500
1.72688719
20.79035129
13.07651152
1.04017815
2.16471686
8.17968750
4.52734375
2.90885251
1.20540531
1.27539062
6.32633048
4.87728280
2.93554688
11.89127438
6.47591312
4.15868518
0.57764295
8.08805297
9.41194703
0.30790036
2.38606937
4.60546875
4.40299313
9.82384154
3.45410405
10.71875000
15.39436766
0.22542110
4.29834109
2.54069093
7.81640625
2.47070312
4.74609375
10.98193359
20.20442376
4.47916999
5.95735594
21.42155031
15.00259752
4.35286624
17.90625498
5.71093750
10.93750000
8.34960938
3.88573970
3.65184176
3.74171542
1.14290282
10.24186281
3.13281250
1.99804688
5.24251219
10.09927970
14.15950936
6.48144282
5.58528812
3.12858156
4.70312500
5.26530031
6.00000000
6.58984375
4.86718750
17.34375000
3.92773438
20.58821532
0.68442205
4.10644282
9.81574690
5.71062278
3.15039062
4.89062500
4.64453125
7.73632812
8.82454344
7.91406250
1.47135500
6.58203125
10.92252438
5.16080563
14.20963874
7.23632812
1.54947751
7.33138187
2.64453125
3.61718750
4.01953125
10.44954344
0.35221437
2.91152954
3.23242188
5.22265625
0.83056641
10.46548316
0.98764184
8.49218750
2.61393063
0.48030765
0.85562736
10.36098848
8.38348182
1.50488281
2.20115692
1.57032745
12.53125000
2.91992188
0.93359375
3.34569316
4.03125997
1.35253906
8.48258422
3.38417603
3.06250000
8.34375000
6.77766844
7.39485594
7.07356937
2.70947266
2.96093750
6.36328125
2.45898438
10.75000000
17.92187500
0.06500244
6.58918440
4.55144060
1.08203125
7.23828125
0.50976562
3.82844969
0.70817140
7.02343750
8.06021969
4.76888187
5.89453125
6.89062500
5.28125000
2.65234375
2.40266844
0.16959718
4.94531250
21.02065271
7.41294104
2.02766844
1.46940187
10.82812500
0.39624023
1.80761719
8.41536126
10.02213874
1.17480469
7.39648438
10.48437500
2.23632812
0.01904297
1.35058594
12.46061032
7.44856937
13.72067820
6.24025930
1.48419189
9.09863281
14.31070922
0.62044312
1.57617188
4.07470703
10.07454344
15.56412345
1.85352061
2.21679688
8.62923094
7.93326906
7.15266844
10.62776734
5.06551148
2.43782469
12.39485594
1.98177249
11.99218750
0.53271484
1.15917969
10.62781776
0.00032936
11.94303219
4.99967531
5.06217531
7.96484375
5.38281250
8.77538564
0.61328623
4.33105469
12.42968750
4.73437500
2.13085938
4.68359375
4.90625000
2.62500000
0.39208984
15.06640625
7.17578125
7.69173094
2.58561281
7.30468750
5.31282469
8.23339595
7.58105718
3.94059328
3.38671875
7.55859375
2.23632812
0.41040039
1.07828361
1.06185311
4.29296875
3.31174088
0.39501367
4.66276374
0.21716309
0.75097656
11.18358378
18.35579344
4.18718528
11.34248778
4.92740470
1.70117686
1.13769531
7.28839318
14.87599152
16.57942376
8.08333998
11.60546875
2.83984375
4.00716063
3.88248781
7.10156250
0.66308594
7.57031250
1.74414062
2.32649657
3.49983765
1.37776734
0.09446760
0.50211672
3.20930907
7.24186281
8.50781250
2.14453125
0.82275391
7.37239251
6.67838874
1.75275862
2.92839372
16.09195922
6.44319703
4.19954344
0.52783203
6.87500000
1.99316406
0.93457031
6.01139406
6.84830563
12.28662109
5.18359375
6.98372562
0.83349609
6.64908688
1.80631593
1.59212157
5.67545656
6.43181185
4.24218750
6.85969969
3.53092531
3.83463376
10.50716312
4.94140625
1.90916723
6.51466090
9.91210938
10.34375000
6.87109375
8.20376441
6.24936059
4.89062500
5.96875000
0.19372559
2.16796875
19.31250000
0.61905509
5.91276374
3.58561281
5.64843750
0.45996094
9.40687944
11.58530806
3.10221188
9.03060062
8.16406250
3.81412594
1.58919437
12.83243649
1.61360843
1.51627438
3.23843534
2.17382812
6.84765625
0.75585938
3.39453125
3.87500000
4.65852283
3.62663342
6.09764628
3.21945091
1.47753906
11.85122784
5.61052263
17.33625970
7.44954842
5.89062500
1.17317625
2.78654054
8.56250000
8.71679688
5.13753172
1.92740968
7.12109375
10.24283688
5.47591312
0.86702391
4.88248781
5.36328125
1.63313221
7.23210217
15.94531250
2.78320312
1.85807126
10.77278812
8.35156250
7.05501219
0.46305422
2.29361813
5.00325687
2.61523438
6.54687500
11.35351562
6.37890625
7.99283688
6.92155031
13.22623781
3.75000000
4.70703125
3.35546875
4.44208813
5.83853502
10.56478280
7.46810062
2.89030031
10.05468750
2.89875721
3.90039561
1.36393312
2.87890625
8.37923094
0.73551515
1.66503906
5.96287567
2.05470245
3.57031250
4.03906250
6.75781250
1.91015625
3.97802734
3.48242188
8.43359375
3.09765625
1.44238281
6.92578125
4.23437500
10.07226562
10.30533688
0.72086672
2.97037843
5.85937500
11.76562500
2.70898438
3.48046875
1.25292969
3.03515625
9.63964096
0.30664810
20.22069814
2.08789561
6.33203125
7.30468750
0.31005859
3.78515625
12.75000000
0.11212158
1.35404470
10.76367686
1.00390625
4.20776367
15.89843750
13.12320922
3.25374390
5.17307016
2.07107047
10.00000000
3.48649047
0.95686890
12.52343750
4.55078125
8.39485594
7.97233156
2.26562500
7.64843750
13.37500000
8.95312500
25.00943844
16.82942874
8.89697266
17.41406250
2.83235594
1.76219706
13.88735816
3.59376994
7.19043218
1.30273438
4.69140625
2.55565409
0.95899434
2.27473875
9.78287843
0.86572266
9.33203125
3.52148438
3.88574219
7.93359375
2.52636470
1.95605718
7.49072266
7.35590553
5.59863281
3.03221659
8.18002216
13.44954344
9.26041002
7.94987810
5.70996094
9.07454344
0.96256593
3.26562500
5.98729721
0.90918716
1.19144521
2.66341312
4.19466312
7.82128657
9.72949468
10.75682846
2.66309341
0.72509766
6.55371094
4.89843750
5.56640625
0.48437500
1.50585938
2.87605774
0.17801941
2.78906250
6.00520501
22.21288564
3.25456560
3.77213376
1.02571781
8.82714096
5.58301529
3.97656250
0.83105469
1.97265625
3.17749023
2.75781250
3.55078125
6.15234375
9.82877438
5.87825687
4.79329344
5.41894282
4.91276374
8.58235594
3.46842531
2.52343750
3.50585439
4.27930186
2.44531250
3.21875000
13.29101064
6.14648936
5.53125000
8.25000000
14.10156250
2.35562985
6.52766844
6.77832280
2.71939938
3.11067874
6.56640625
0.43457031
2.27148438
4.46614251
1.86393561
3.04524657
3.51725343
6.51333223
3.88266386
3.46093750
2.70735594
3.00162843
7.84504876
3.23698249
5.51953125
9.56445312
1.14160156
5.50455563
4.16341312
2.75585938
1.99121094
11.12965454
6.86484276
4.83658688
13.77189974
0.83284422
2.78060062
7.87109375
4.29296875
0.94791853
6.35498670
0.77067265
4.90915726
5.83107712
7.30859375
1.35156250
0.55908203
10.73632314
7.28711436
8.91796875
1.79589844
5.25461674
0.12719485
1.80924562
1.50878906
7.38346188
0.33284671
0.00255394
2.39994137
2.66992188
4.03450687
6.21484375
13.92789672
0.07661988
4.19009254
3.80795434
0.51611328
11.86718750
1.67968750
3.29459469
7.16341312
1.20019531
12.96191406
12.01562500
0.02989197
5.79198471
0.61817154
3.81494141
5.24218750
2.49251219
3.44694093
7.42219969
6.83561281
4.71875000
4.91015625
13.58298538
5.26857712
0.60546875
1.87402344
4.31021720
4.84212655
0.92187500
7.07549757
3.99090868
11.47656250
3.32226562
6.16406250
0.18444824
0.43530273
3.51953125
3.06640625
12.91829344
2.47932860
20.37890625
8.33528812
4.14941406
7.94531250
3.52929688
3.38899657
7.04296875
1.17448000
4.35432610
9.19791999
6.60546875
8.35937500
6.24609375
0.05618286
0.45800781
7.01611328
1.85839844
7.79296875
1.04394531
12.22851064
3.43750498
0.69175647
1.37077404
5.09779866
13.74531551
10.59690104
2.79785405
4.07812500
0.65456390
7.34830563
3.28841312
6.51171875
6.84570312
7.52539062
1.05371094
22.49641844
0.54948000
5.60546875
0.31250000
8.63704344
0.40453977
2.94286736
3.48470467
5.07747562
4.19921875
7.47688719
11.91177970
1.06641123
4.05468750
3.20117188
8.45507314
5.35352061
3.35514157
12.06185062
23.87890625
6.32486813
2.57112796
3.20936108
1.17860838
1.45963625
3.32290504
10.56637382
8.49576906
3.59016844
12.38639406
11.70800781
8.46671321
0.25032781
4.24609375
3.00910129
7.76042996
2.28953333
0.73536901
3.64583001
2.51269780
1.65983156
2.53320312
18.39062500
1.76953125
8.70312500
12.33605957
18.20377438
1.92903812
4.15234375
9.97264628
4.75847185
2.60286624
6.77945922
0.24837281
5.90917969
10.97753906
3.09553580
0.06462045
8.03125000
3.25781250
14.74281694
2.18296431
3.63712311
6.62890625
5.70896942
4.14649933
6.89062500
5.61555408
1.41374279
10.83040282
10.06738281
20.00748781
3.18977782
4.64323000
8.21093750
5.34765625
4.05859375
4.67578125
14.53515625
14.48079344
11.46570925
0.25472729
13.81997784
5.64031028
14.44024658
6.79687500
1.19628906
2.84716797
4.70703125
5.24641844
2.79459718
0.60302734
4.91829344
3.86034907
6.49870124
3.28906250
3.57226562
0.93582506
0.41244154
16.06640625
3.76367188
10.76562500
3.24609375
1.99902344
9.08300532
4.04199468
8.09375000
1.58789062
5.34765625
3.56250000
0.22167969
6.93750000
2.86718750
16.01399158
10.93913342
3.60156250
3.52539062
8.14062500
2.52734375
11.05533688
4.27669437
2.81835938
4.98649047
0.48138054
2.22884530
15.43750000
1.10058594
0.58105469
17.24311829
9.71484375
2.48437500
1.69726562
11.29687500
13.45637190
5.51237810
9.21093750
11.39843750
0.00767899
1.64843750
5.72298094
14.66373781
6.94140625
0.43530273
7.13281250
3.87402344
0.98193359
4.21875000
1.30566406
4.85880430
7.50838320
5.38346188
7.74935062
3.47363032
1.24218999
2.43554688
4.66601064
0.57520030
5.25390625
4.10156250
0.00485229
1.11108398
12.00390625
1.80078125
16.20312500
7.22656250
15.60156250
0.20092773
8.00000000
13.83137190
3.67766130
4.69531250
7.17968750
5.25781250
2.35742188
6.26562500
2.72785628
16.27278812
4.24349623
6.18615692
0.10986359
11.10156250
0.65478516
6.65373818
8.08009308
7.99690921
16.60481937
1.16503906
5.08984375
6.75032469
9.55826906
10.83723626
11.29199468
10.21453624
9.27471908
4.21484375
4.05729499
14.91406250
8.27341756
2.38283244
17.69596188
4.97688968
1.15852782
3.40332031
4.91048094
7.65234375
2.57552249
3.99511719
8.15625000
0.27514648
17.15266844
1.09342531
7.85937500
1.28125000
6.02408688
3.89146812
8.59798094
1.39274172
4.73828125
11.25000000
3.75129876
8.53385749
8.07551751
7.21745124
7.71484375
10.14062500
1.86816406
5.60611813
1.53841312
5.25781250
6.03515625
2.17234833
3.33399933
4.43359375
1.63248532
9.80013187
2.79882812
1.78613281
13.78564453
3.31384277
4.47298094
9.83170656
7.18520723
3.98276152
9.85937500
5.32551751
1.01139655
1.89778563
5.02962157
8.51497562
1.07031250
6.33365470
4.56868905
10.92968750
5.23404034
7.81283466
5.51562500
12.13559811
4.22981439
3.66602061
17.04687500
4.47656250
9.44531250
2.91861813
2.86849124
2.12515113
3.47982934
10.08821532
3.35123781
2.97265625
9.72492908
13.65788342
0.64257812
9.28548094
12.38745822
3.37729277
3.64257812
10.02798316
14.65609887
3.67968750
6.69921875
0.55957031
12.10156250
6.31640625
1.45800781
4.29296875
24.22656250
5.73437500
5.23437500
9.01399158
20.35710217
8.87500000
8.99218750
1.18261719
7.89583001
6.91927249
8.26497562
4.62890625
1.01334220
1.23372811
3.90494626
1.67089844
4.00716312
12.69140625
2.40689938
3.80599124
3.48745728
6.57812500
6.07681627
5.25586436
2.50553468
0.51123047
2.24967531
6.16926751
10.16141173
0.83333749
9.27603502
3.03255873
3.51562500
18.50002235
14.51416016
2.28189938
2.33724124
0.79052734
5.50616911
4.25554964
0.64794922
12.36360594
7.35335203
6.78906250
2.71028812
11.55021055
0.38069765
9.30468750
1.93847656
6.72540283
6.22656250
5.15299313
12.56673094
12.38769780
15.15817820
8.39878711
16.87858156
3.28743407
3.85709718
14.40689938
1.34017093
4.61328125
16.10839844
15.42187500
6.87141844
9.43326906
3.98632812
13.73990470
4.92871343
10.60286624
7.91796875
10.63110352
6.79864502
14.84375000
1.82714844
1.91113281
15.43359375
7.03319814
6.84309065
7.87761746
3.86523438
10.83544922
5.38313719
3.06444066
2.97917996
3.24999502
7.52539561
6.00000000
10.37060547
6.54784907
1.03027593
9.12141844
8.06250000
8.16585328
1.02546494
6.84082779
8.14843750
2.37695312
0.21350098
13.66850073
1.53688829
6.91535129
6.66309840
8.67545656
7.87109375
8.24218750
3.72265625
0.70898438
2.82649657
7.38248781
5.48437500
0.76708984
0.29594421
8.69140625
12.62500000
0.09387207
3.72884032
4.88639406
10.85286126
16.89062500
2.19206061
18.14843750
7.25089264
0.65274899
1.18278078
9.10514406
4.22314453
7.15234375
5.13671875
5.17154034
1.51400653
9.17187500
2.26562500
7.44070435
6.41973959
8.56070922
7.41017619
7.37109375
4.79687500
0.79931641
15.08154297
3.50585938
1.14257812
4.96093750
3.91992188
3.84375000
0.29296875
10.67773438
23.62955065
10.24544935
6.91406250
2.94873047
6.89062500
1.46093750
0.95654297
8.97557846
5.32520279
0.90950438
11.54069093
5.08983877
5.89941905
12.77766844
3.36588625
6.53906250
4.96484375
1.83398438
7.36197751
9.10285628
9.76758809
7.30664062
6.89908688
17.52864749
8.29329344
2.79459718
3.55859375
4.93033688
4.21028314
9.21875498
8.34375000
7.04296875
8.00000000
1.40657469
4.72883533
8.51725842
5.22622286
4.19728058
5.68391844
6.00748781
10.49641844
3.21712157
4.95638187
0.60775757
4.26367188
0.78466797
6.55859375
3.90885251
1.98014406
10.60156250
3.59733156
8.84967041
9.27310284
5.43848404
11.81185062
6.71875000
1.01367188
3.59570312
6.68359375
11.26594969
0.11271055
11.75870789
9.13281250
6.70539783
2.08138685
14.92252438
21.54003657
2.29134530
4.13671875
16.15494127
4.54818373
1.89924923
2.24528202
1.93750000
14.32324219
4.60546875
3.76367188
10.80500222
0.54102559
7.49576906
8.99641844
7.98795656
1.56031477
8.02019060
4.19986813
4.95734597
1.16700465
1.87239500
2.92740968
2.82322225
5.45705119
6.43651347
3.41407247
2.01725094
2.10677249
11.00423094
6.13248781
6.07063719
0.49821047
2.75730428
5.58334995
2.94433843
1.33170656
11.73925532
1.28320562
9.46288564
3.58431405
9.93326906
1.73828125
3.70507812
0.36254883
7.55110594
3.63704344
1.07942874
1.75130125
17.20670656
3.35937500
8.14062500
2.76627438
1.97200687
1.59863281
5.65494127
12.08333998
1.87207031
4.10807126
1.60579593
3.76171875
0.09967041
1.09765625
7.61457004
6.80925310
15.25325687
8.97135749
4.34375000
2.38867188
8.39062500
10.99218750
7.44531250
1.19010251
5.83919437
1.40234375
1.99511719
2.36328125
17.59375000
2.41406250
10.48437500
6.58691157
2.70215093
5.88281250
3.98437500
3.07486813
5.05499724
3.39943151
9.43424313
2.37825687
8.60156250
9.82031250
3.75585938
2.27734375
7.11718750
3.99868767
3.12240608
9.91048094
6.62076906
10.09863032
3.53613530
11.58593750
2.57031250
12.37206782
8.52636968
3.22070312
1.52441406
2.14420158
8.22949468
20.36360594
2.90722905
9.40625000
5.67154034
0.74154560
0.97786375
6.02832031
7.04264406
5.32421875
3.56005859
7.75000000
1.94140625
10.34016844
3.05631593
2.49983641
2.43554688
11.07031250
4.48405031
4.62207031
6.34374003
7.21485372
15.48990470
6.41243905
2.51757812
9.43000222
17.76198768
8.46289062
4.40167942
4.11199246
4.31640127
3.58983877
6.59896498
16.51988807
0.97021484
10.97656250
1.62271720
1.79158944
3.83789062
16.84960938
14.27636719
5.43359375
2.52830037
1.71876994
1.41699219
3.91601562
2.53515625
0.50390625
3.10579344
1.25219727
8.48844484
3.22884032
3.21679688
11.40983156
10.49218750
0.69677734
2.00195312
10.19596188
14.94531250
8.00716312
5.32096188
8.93685062
3.95703125
6.01953125
3.39453125
1.64550781
0.40272698
4.81120124
4.14094969
3.66569093
9.16048094
2.48014406
6.40234375
12.67610594
8.73014406
12.80273438
7.02880859
15.71875000
8.18750000
6.22656250
3.27148438
0.06549072
9.55468750
0.94913322
5.07845467
7.42773438
1.92740719
10.26562500
4.84310062
8.46289062
7.32812500
2.61979001
1.68099124
3.31445312
4.67578125
0.41235352
1.91894531
10.95312500
1.54980469
5.33397939
3.91602061
5.57811503
6.71094747
2.69726562
3.99023438
0.90039062
1.89453125
2.92968750
2.75000000
6.00000000
8.39908688
4.97200687
9.86913564
4.81055186
2.41992188
3.46125721
9.77930186
7.98795656
13.48022461
0.90679184
7.33268063
10.25194814
4.98276152
0.83105469
11.90429688
2.81038079
5.19401374
5.89485594
0.04349855
5.39843750
4.86718750
1.88802000
2.54393036
18.57618683
8.69791750
5.63964844
6.85546875
1.79622064
5.91666999
4.88476562
1.32421875
2.17446504
10.35776152
1.60742188
25.22265625
1.99121094
0.88964844
5.78906250
2.07031250
7.93359375
4.17968750
4.84895501
0.84928718
1.69318581
4.93409200
5.65592531
2.52343750
1.18359375
7.46126219
2.28287843
8.57161126
10.27669437
2.47460938
6.56575687
0.59570312
3.10742188
5.72265625
5.49218750
0.49242915
1.86816655
3.42382812
6.00781250
1.38671875
2.59179688
5.66601562
3.14648438
2.27734375
3.12500000
0.04843140
1.25488281
2.61132812
4.54687500
2.80859375
5.11328125
5.66829344
13.72623781
2.25585938
9.53906250
1.23828125
2.27429199
6.51594969
4.30436281
0.09859129
2.20084718
13.56250000
5.75000000
2.75097407
4.94397222
1.97998047
3.25781250
3.10742188
7.86718750
12.22656250
4.67643063
1.37044437
0.59089837
7.98209968
5.62500000
2.20117188
1.06152344
1.59895750
11.49901596
1.27409685
7.52839661
3.81054688
8.60156250
2.33593750
3.76171875
7.23437500
2.57031250
3.44921875
12.39843750
0.41528320
6.70703125
2.10318097
3.23763187
4.68457779
6.02343750
0.02047729
9.22557846
2.02832779
7.59765625
2.00585938
4.32812500
10.05110594
1.89469484
6.73828125
3.99609375
9.76204344
3.37272218
1.87141595
7.48502438
1.90820811
6.65234375
8.98437500
7.11328125
1.86816406
1.77083250
5.35546875
12.36490470
4.75977061
0.24023438
8.41973959
1.61151041
3.62304688
15.66829344
3.46232179
2.00618407
4.51530031
2.47070312
7.08635374
1.15006593
0.80468750
0.03179932
1.12989983
21.88216312
1.26204593
20.61914062
3.04882812
7.78125000
0.23034668
4.10156250
0.34667969
2.91601562
9.30240470
1.90462655
3.83007812
6.09016844
10.56852297
2.12304688
13.67632723
5.62890625
1.50211547
0.37508180
0.31787109
1.35920393
0.54069841
3.97265625
3.62695312
0.41870117
4.95833001
4.86198249
0.47045898
15.90721410
0.75294215
10.44531250
2.74804688
7.45703125
7.09016844
2.36881593
0.96240234
0.19159787
2.50716312
4.99609375
8.68878158
0.62860123
9.05468750
7.97265625
7.44921875
4.98309326
6.08268063
13.12858156
4.89811281
1.94140625
1.83951657
6.67122562
2.91015625
8.50423094
6.24967531
0.86750970
4.37044437
10.34375000
8.95670656
5.09733156
7.46093750
4.60937500
3.10546875
16.91406250
9.53548094
7.99641844
2.75358156
2.93131593
10.36718750
3.25781250
0.00550842
5.73437500
6.85937500
1.41308594
0.08349609
4.68750000
1.10058594
11.92771942
4.46290558
4.37500000
15.38671875
3.93097629
8.11980496
2.90738642
5.63199828
3.86588874
3.69335938
11.06250000
5.66349180
0.16756289
7.07566490
5.19777260
1.15722656
2.23469969
0.41748047
3.14420656
1.66113281
0.15166092
3.04329344
11.16764406
5.61718750
3.48241689
7.43197030
2.24804688
17.56608156
2.71093750
0.94238281
0.94384766
12.20312500
2.20312500
5.64485594
3.79882812
0.28239015
10.72134752
0.68490248
0.85009766
3.01822252
18.13021498
14.02343750
3.44140625
8.40917221
5.68067154
0.31640625
1.97265625
7.16406250
4.28710938
7.76953125
2.85318595
3.43197030
5.42578125
1.07324219
4.28515625
7.93652344
7.71093750
0.45654297
5.16406250
10.83202128
11.20704122
4.01953125
11.51953125
5.05501219
3.46842531
11.35156250
1.65722656
7.86718750
3.58430657
3.64388187
3.14778812
2.87500000
9.12500000
6.91406250
6.39453125
3.22070312
5.95703125
8.18750000
3.49023438
5.87174313
7.13606937
9.25781250
3.83642578
3.83789062
6.76171875
14.88704344
2.48014406
4.41015625
2.97330563
7.63671875
10.28320312
7.39811281
1.77701906
0.56705314
0.46566171
1.23632812
16.50454566
1.17318871
10.25926737
4.17188497
5.91796875
8.68021481
6.21028812
3.37890625
7.52539062
8.10156250
5.40168440
1.44401872
1.30729001
8.96810062
1.15039062
0.55273438
11.84375000
6.96875000
4.87597407
2.04394780
4.21875000
5.12108378
3.96094747
12.45823479
1.64160156
9.64062500
3.53906250
7.91406250
6.34960938
3.55891844
1.28776125
6.68750000
2.20507812
6.74609375
6.47989805
0.27059023
4.78548094
3.41178468
6.14453125
9.82242672
5.17903812
16.98437500
13.95312500
1.90332031
8.08007812
11.21215820
1.32812500
15.77964813
8.74415558
3.75585938
2.39843750
1.80560303
3.56445312
1.84570312
4.67610594
6.34733156
9.57485816
1.13607934
2.93945312
1.03775876
1.59895999
7.21321033
0.36491467
8.35806627
3.68880873
2.18587157
4.45629634
8.02311530
5.74148560
2.90657469
2.13639406
5.81640625
3.26301751
0.10612311
0.19166653
5.63606937
3.35546875
3.68750000
7.51171875
0.69287109
4.64647441
3.49219747
16.02473626
1.85058843
15.19329585
18.75894268
2.00098902
5.47883782
3.58463874
3.14453125
6.09375000
3.09960938
17.02408688
10.40560062
16.46158688
4.31575687
3.37923094
7.34699690
4.53549091
1.91796875
2.70214844
2.23437500
8.00000000
11.37466534
3.81674091
0.66357422
5.09049313
4.80533688
4.64496177
0.27146408
15.24641844
1.82194093
0.16467285
2.68505859
5.47688719
5.72623781
0.58593750
5.28938719
0.95573000
3.14648438
10.01334220
1.90462655
14.69596188
3.35319093
9.56608156
2.12500000
4.98860594
3.97655752
1.93359873
9.30045656
2.69140625
4.57421875
5.03125000
0.01534271
5.66536126
12.08695808
0.31103516
1.79394531
6.67187500
6.14135306
0.23315866
0.35302734
15.87141844
4.75536860
4.42838874
3.19726562
10.03906250
5.31640625
0.24670410
15.61718750
2.58593750
11.80110594
2.67740968
9.76985594
1.24576906
1.80761719
2.32746565
4.63737810
2.10156250
17.20703125
4.72656250
11.87923094
0.15580324
7.31640625
0.64648438
10.41829344
10.03433954
3.61539672
4.15136968
8.47233156
2.72819093
0.74740953
1.90169935
1.40917969
3.91406250
3.51367188
7.00455563
4.25716312
0.78955078
2.38801502
3.72038342
5.06640625
9.59960938
9.36718750
2.36132812
6.39062500
0.84326172
2.24218750
2.18359375
10.70377438
1.59375000
0.55599124
7.71484375
4.45312500
8.14843750
1.21777344
10.90266844
6.40112055
4.25651374
3.37337157
6.71842531
3.59602782
2.05240968
1.25894767
1.65462655
4.21907469
3.81217531
7.31916251
0.24773202
7.84960439
6.69336436
2.54296875
6.63281250
11.05468750
1.82128906
1.31347656
5.67578125
8.95572252
5.51854721
2.10971464
4.75781250
7.42610594
10.57812500
7.05436281
1.70898438
1.86783688
2.35872562
6.67968750
0.23828125
0.24170773
0.64729984
8.00000000
11.03906250
7.15039062
9.45312500
1.58593750
7.89257812
6.80859375
10.48860594
4.11295656
6.93750000
0.18615723
6.09375000
5.59765625
2.66210938
15.18391844
5.02018312
1.81445312
1.08691406
8.10579344
4.18326906
6.31250000
0.93847656
2.26594720
4.46354499
0.64501953
5.62890625
4.85188719
4.79655031
3.41992188
7.28906250
2.35546875
2.91601562
0.87011719
4.53125000
9.07454344
3.59830065
1.52442154
3.45703125
2.62304688
4.21875000
0.07470703
7.94531250
1.44531250
1.61473436
2.13021498
7.55859375
0.36987305
7.95507812
2.59375000
7.12500000
2.37890625
8.89908688
1.40169437
5.26985594
2.22233156
5.56640625
10.07812500
1.65527344
4.80859375
3.95898438
9.02343750
0.61262938
7.49576906
8.17968750
4.61132314
3.28516123
5.18001219
2.73405031
5.02343750
12.73632812
7.42187500
4.83593750
0.56787109
3.65234375
8.57812500
8.98437500
1.94856439
0.21012702
4.57812500
16.81451416
2.06021969
4.40592531
2.90983156
5.53125000
2.67773438
7.77644836
0.03495301
1.85644531
5.93520723
4.70541777
3.16210938
6.04719969
-0.00655028
0.83984375
5.29718474
14.56804964
4.79036126
7.06510749
2.83203125
2.80696532
5.09959442
2.93523714
2.05078125
8.06250000
6.71875000
9.15819814
5.28345225
1.58789062
6.07421875
0.20654297
3.91617423
8.83040780
4.37500000
2.48046875
7.12890625
8.98502438
6.49186281
4.61686281
1.82616440
2.48731216
3.52734375
12.70507314
4.28320811
0.06756592
9.11555408
0.89323498
3.14712379
2.99936059
6.57031250
3.52539062
3.48242188
2.84375000
3.32364743
6.03483156
12.11295656
0.47420227
0.43326844
7.81640625
1.02246094
10.59285461
0.05924500
9.76269282
2.39746343
10.73860594
1.28873781
2.75781250
0.95800781
8.50781250
3.58463376
2.01106937
2.90039062
4.36718750
0.06064056
0.73714411
7.76171875
0.89323249
4.69531250
4.08626219
6.92545656
2.73632812
1.17675781
10.91829344
4.98014406
12.01708237
3.33301529
2.90363753
5.14909685
1.23828125
6.73242188
2.27148438
18.90820312
0.32861328
0.82421875
11.47631161
3.05794437
1.57746814
1.55046154
6.46808068
6.95379432
1.65722656
11.60807126
3.23567874
4.27343750
3.22265625
11.06250000
3.43554688
11.10579344
3.62726785
1.67709496
9.15625000
0.67219969
7.07389406
1.61490719
2.83398438
3.68294437
1.45345249
1.67058621
6.76171875
0.17602539
4.36328125
1.03710439
4.17773936
5.80859375
3.49414062
6.03515625
10.79687500
18.99926685
3.88444592
2.06835938
12.52343750
2.93977782
6.77376219
12.18326906
1.49576906
19.33047002
9.63607934
1.33463625
6.38638658
0.11271055
16.88761414
4.79687500
4.67740470
4.27148936
3.39062500
12.19531250
14.08504211
0.29679383
13.65542603
11.73828125
4.87890625
6.10156250
9.86914062
1.71875000
4.13281250
5.77734375
2.95507812
4.92968750
3.51562500
1.90207422
1.08203125
2.24635315
1.62890625
11.67968750
0.32128906
3.46679688
24.67431641
13.43391844
14.11637204
7.44824468
1.78613281
7.46093750
2.81362894
4.75552389
2.29296875
9.17187500
0.29370117
1.04296875
4.25390625
0.23510742
0.00430298
5.85937500
5.85936503
1.19369403
5.03092531
4.44742797
0.08907105
7.51171875
1.46812719
5.36443262
2.83382203
1.83691406
5.00000000
1.70019531
0.26102691
0.53560394
5.27830785
3.14356715
2.63411126
2.45963874
7.74218750
0.06665039
6.25455563
6.23372562
4.78125000
7.93001219
3.25748781
4.26171875
3.74414062
2.14648438
10.57031250
11.78787780
12.37500000
5.35806627
2.75326185
9.47656250
0.02798462
2.30859375
9.52766844
4.76269282
5.67057624
31.28385251
5.46047123
6.96484375
3.63509032
7.05078125
4.80000886
7.24214691
3.19726562
1.43870544
5.27343750
7.80468750
6.86328125
2.57063719
7.39420656
10.44173094
1.30143312
7.02636719
2.53710938
0.95589110
1.41764406
7.32063719
9.56608156
9.59375000
0.12310791
1.80078125
7.66904824
2.65364749
7.65266844
2.81998781
9.20312500
2.11238586
0.62882508
9.78319814
6.43587655
16.55336880
1.07130651
3.04785156
8.38281250
2.76367188
7.96785461
10.01406417
7.86897828
0.06941773
5.77538564
4.38477061
13.79329344
2.10905031
0.63037109
0.02445984
0.07403564
1.03222656
6.96484375
4.38671875
3.75000000
10.96875000
0.63557860
6.48795158
6.62695811
4.43750000
25.21875000
12.79329344
21.19108156
3.90039062
12.45735594
2.38053468
8.37500000
13.12110798
12.91764406
4.12711547
5.33805297
6.69921875
7.46026097
0.82928856
10.73909796
3.11718750
1.08691406
12.83984375
11.91536126
7.81543218
2.35905031
6.16015625
2.29882812
4.96516844
10.94108156
8.12304688
2.69156860
1.69612672
11.94596188
3.20052249
1.69422054
15.29687500
6.44140625
4.09375000
3.27604001
8.39306516
5.07894171
0.87207031
1.78792235
2.62662843
14.42578125
2.12532469
0.29052797
0.50097594
11.64420656
0.71533203
0.89314197
4.46232491
4.01416203
2.80273438
3.61492920
2.65820312
12.53548094
1.49088625
1.59179688
1.94042969
3.17219969
5.28483156
1.40820312
5.56762310
2.95344969
0.75862672
0.99096057
8.75879654
10.50781250
0.02502441
2.88867188
5.12699371
11.18353585
4.56120124
6.34375000
4.39453125
4.68424313
3.22395999
11.07031250
10.26562500
14.56250000
0.94384766
1.16210938
3.81445312
6.90395723
4.74057402
9.87141844
1.20084718
6.96093750
0.36077632
12.19791750
2.53645999
8.08626219
1.52994875
5.36328125
8.14354721
2.21973404
8.62500000
4.44531250
5.08984375
5.52734375
1.80664062
4.25390625
6.64648438
5.34375000
4.48437500
0.02445984
4.74430297
1.20263049
10.65853529
1.14550781
16.72363032
14.57715093
13.73079344
1.86816406
3.30826906
4.90055297
12.24397828
1.71744626
8.69108156
13.02701906
17.14160156
2.81445312
7.27734375
2.40657469
5.90765459
0.12595627
0.17956543
12.53125000
1.70214844
3.74070784
9.68814938
6.42480718
9.45914672
0.63655640
1.79101562
3.52797818
1.61655307
11.04687500
5.60123532
8.96810062
1.25976562
0.64013672
3.25195312
2.15234375
2.99218750
13.76562500
8.75781250
6.16406250
2.67187500
2.90266844
14.49576906
13.53688856
9.15201906
2.54296875
11.26985594
6.01953125
0.40071656
9.50179078
0.82617188
0.93896484
2.70149657
1.92936281
3.68001219
1.95084718
1.49316157
1.00862547
7.48340093
1.76530031
4.33235594
2.65526596
3.88395250
8.22298094
3.40429688
1.68229250
9.08593750
4.98046875
2.51953125
2.68358877
2.51367686
8.81005859
3.14648438
3.91015625
7.38793883
0.19458070
0.77026720
4.31185560
3.78125000
6.42533356
1.87658660
0.78987672
7.68001219
5.19498781
3.01398620
3.56236258
5.03222407
11.41471437
11.62924869
6.72220856
0.34248871
7.90722407
2.80566655
6.17252438
2.91341312
11.27945922
0.08308961
0.06088257
0.19543457
3.31884766
5.37500000
7.03906250
6.46484375
9.81250000
16.46875000
10.79687500
14.07942376
9.29557624
5.98144282
1.30859624
3.48274657
5.63248781
0.60156250
2.48860594
8.47233156
5.50032469
1.48307375
3.29329344
2.48600343
1.13964844
6.09869858
9.93131593
5.69921875
12.61328125
5.37109375
6.39062500
10.28125000
2.79028320
2.40429688
14.71289062
0.32519531
0.18928953
4.44108156
7.02766844
9.97924570
2.88476562
7.95703125
8.42187500
1.31738281
1.21484375
4.64485594
2.29850343
10.77164672
2.25179078
1.56756093
8.59180186
11.04101562
2.97021484
7.82063719
10.22181960
0.18215258
4.55468750
3.13085938
17.45942688
1.35514157
12.53060062
2.37890625
20.86945036
7.56981966
5.28157469
19.32355940
1.21517841
5.09570312
7.55859375
2.00585938
5.73437500
1.13671875
7.08021056
3.98504432
5.44096308
15.37500000
10.20222961
2.42862976
17.66796875
8.06250000
0.00745010
6.19531250
11.69676862
9.18832169
11.19302970
12.98730718
5.09912359
7.51171875
0.75781250
3.38671875
1.94042969
7.53906250
7.12369127
2.58171154
12.65625000
5.46451906
3.60937500
1.76269531
7.67187500
4.85937500
3.33773438
2.74285682
5.33593750
10.64485594
1.65006593
6.71126219
0.67187500
1.11686281
7.20409658
8.24805186
0.83398438
3.49674313
6.26504651
0.91240469
3.89924923
0.86719713
4.16406250
5.72688719
9.19531250
3.86067376
4.11947030
3.59570312
8.75000000
18.25000000
0.93212891
0.01509857
3.90625000
3.04687500
7.36522939
1.87305186
12.51204344
8.24812742
4.50358156
2.43814938
9.81966312
3.29069093
1.19042969
2.25259752
3.53255873
2.11523438
10.49218750
3.57617188
4.82421875
6.39518063
6.00325687
4.54367154
0.97591312
1.00292720
1.52539312
3.54101562
7.95507812
7.23046875
7.28515625
8.25781250
5.61328125
3.78710938
7.10156250
5.39257812
14.55468750
7.36099845
3.80697030
8.62500000
1.36914062
2.16406250
8.39908688
7.60091312
0.96582031
10.40787594
9.11653812
2.04101562
7.31461547
0.34822633
2.42480220
4.34668218
4.75781250
9.96093750
9.53189938
5.23763187
4.73046875
12.91406250
11.20312500
12.87890625
4.95312500
16.76562500
11.41536126
6.88541999
11.80598626
18.70819341
1.80240968
4.29296875
1.41601562
0.47045898
7.07812500
1.25000000
10.46516844
4.37467531
9.21354001
6.45638187
1.24316406
1.36914062
11.01576424
2.29687500
1.99121094
16.02766844
1.73014406
5.60188719
1.39713625
6.61523438
3.45117188
6.17578125
3.92773438
5.25000000
2.50000000
13.79510249
13.62040593
2.66895279
6.47656250
7.74218750
2.95816891
5.39778812
5.62109375
0.87158203
10.80468750
7.33203125
6.57031250
5.43359375
1.82421875
3.22656250
0.45532227
0.48754883
0.88264891
4.83365968
13.72656250
10.22656250
4.27343750
4.89062500
0.06378174
6.64289783
0.73991467
5.14648438
5.22265625
2.52766844
4.97623781
0.21834227
1.71744875
7.54508422
0.12386109
16.55316162
4.45312500
0.95800781
11.35156250
10.26562500
2.62336160
2.09734153
5.35774158
8.66569592
13.95312500
0.23999023
5.36718750
36.47570801
3.09521484
0.73388672
9.55891844
23.15006593
18.60400391
3.68554688
7.39453125
4.55468750
9.84016844
4.41373781
14.20019282
5.63183843
3.64094720
5.65104499
9.35156250
2.61002438
1.38802249
3.84960938
5.01204344
10.09016844
4.91243656
5.59765625
0.00113201
2.70117188
2.63281250
1.78222656
0.44726562
1.03515625
4.80078125
6.41796875
11.46875000
12.89062500
0.16162109
14.79882812
0.35424805
0.98486328
0.72265625
2.97265625
3.20703125
3.01037598
1.45019531
6.11328125
2.14843750
0.57226313
3.30761968
11.78906250
6.64453125
0.74511719
4.21598017
0.16243780
1.22851562
0.91992188
6.03474603
9.31966312
1.04231937
4.71875000
14.53906250
13.21875000
6.35187722
8.01531028
6.90266844
7.65348390
2.52734375
4.53548094
2.17350343
7.65144836
-0.00549804
7.66894282
3.13379155
3.29101562
6.23436503
8.67579122
4.69140625
6.06250000
0.08776855
4.05859375
5.77516678
2.09985024
9.99088874
4.42008422
7.18929078
5.97265625
0.02775574
9.88769282
1.93457280
4.67578125
11.07031250
7.57242797
0.14656617
1.52050781
9.68493271
0.08331299
3.49414062
1.59326172
4.67578125
1.47070312
3.67382812
0.90429688
1.46484375
7.56149602
8.74252216
6.17531298
0.22990117
4.28125000
7.38281250
9.87109375
4.05078125
1.22753906
11.32031250
0.09393311
11.68750000
2.28320312
9.55468750
9.09391110
2.81770999
13.61360594
2.42350343
0.27636470
11.21386968
1.91894531
4.40689938
4.79264406
11.51920656
1.64746094
4.79117797
0.57259156
2.34570312
4.97688719
0.21793703
2.51562500
7.11718750
0.24376216
0.36930546
2.99804688
1.72851562
4.66015625
3.84863281
2.02929688
6.22900266
0.66552859
11.19173094
0.81656984
6.28906250
8.74641844
1.10514406
1.75952148
5.78906250
0.47583008
12.39973626
12.25651374
5.50020169
0.29089449
1.79069093
8.54687500
17.12500000
6.77766844
5.89420656
13.18391844
9.65454102
1.74967531
7.37500000
9.93814938
0.96907718
2.27539062
10.17187500
7.98046875
4.45702627
4.36914561
3.48242188
18.50439453
1.72460938
4.71875000
10.30939052
3.45623448
6.35286126
8.54557624
0.27368164
8.04687500
14.00064938
1.27799313
6.35807624
0.40991211
8.14062500
7.43750000
3.81445312
3.67999225
1.90985150
9.83593750
1.91975828
0.80582765
0.69750727
1.32422124
1.40429688
6.92187500
0.43847656
0.48352051
8.96875000
2.14648438
5.79562378
1.34360733
0.27073104
10.41764406
1.29589844
7.52734375
6.06250000
7.80110594
2.14811281
2.73665282
6.09733156
7.78125000
0.01866150
24.12890625
13.60156250
12.07519282
1.89160405
7.96126219
8.94661126
6.06478280
12.03548094
3.54850343
2.79719969
6.96842531
16.70174408
1.90917969
2.63431793
0.10384125
3.97851562
12.87410461
0.24650086
13.14550781
15.56574690
4.90300310
6.76171875
12.85675754
19.30045656
9.66374778
1.95833499
1.51269531
4.85611813
8.08958347
0.21447754
11.58561032
3.50162843
10.78125000
7.77311281
5.21093750
8.03157469
7.71061281
14.35741938
1.67187749
13.85156250
3.31461547
0.39241578
12.44302970
9.67122562
2.81738530
11.92252438
6.20638187
8.27343750
8.95735594
1.67219969
12.81608156
2.69889406
8.32291002
5.77083998
1.51562500
12.80598626
6.33854499
6.15071282
3.97916999
8.62564938
10.02343750
3.72908695
13.48079344
24.94108156
6.67968750
0.03289795
0.45825195
8.96875000
2.14843750
15.03226559
5.57942874
10.22425823
18.42808552
0.22485352
3.27929688
3.59634752
3.30208998
7.71093750
0.15698242
3.14453125
7.65429688
10.00000000
2.04207336
1.64835633
14.57421875
1.06542969
3.64876219
2.08951657
8.31543218
12.90625000
8.79687500
1.25878906
7.01171875
10.31673094
0.99194336
3.53287843
13.55946776
6.46972407
2.36588874
1.89746094
12.02343750
0.35831664
0.12544801
10.55556430
3.03419215
6.37467531
1.54101562
11.79817376
0.28971686
11.02343750
13.45976537
3.30762965
8.68391844
12.03059813
4.06185062
4.87890625
3.34769684
4.03096527
11.40266844
5.95280031
5.87923094
5.31608156
6.87109375
0.02597046
7.94531250
5.01594969
17.93131593
10.03125000
6.85156250
6.08203125
8.13281250
7.03125000
1.67382812
14.46906472
2.20704122
7.95214096
22.74927256
7.40885749
7.35937500
13.00781250
3.10563110
4.32991578
2.60611813
4.94161136
11.04687500
10.03515625
8.24218750
10.10644282
12.66536126
11.56803967
3.04101562
12.18570922
0.68831422
4.28614895
8.24153812
3.48632812
6.21272278
2.10188719
5.27472629
10.17807402
6.81250000
1.37109375
5.61718750
8.31250000
10.35579344
16.08121329
1.80664561
17.59114251
15.54718474
16.49936059
4.58431405
4.47656250
12.03906250
3.99218750
3.13281250
11.91048094
13.00358156
0.38427485
5.40918218
0.29785156
18.02310284
6.63737810
3.94498781
12.89485594
6.42545656
4.19531250
14.98144282
2.63379155
9.92797852
17.73437500
12.67968750
0.21114012
2.54262911
2.45346464
7.08561281
7.55078125
5.86165032
6.62011968
1.49576906
5.07039118
0.43595648
2.73559072
6.75401358
1.45329731
8.46158688
18.39420656
24.74249973
8.63144316
12.39843750
7.16829344
0.87369875
4.94921875
0.02964783
3.46907469
1.90104250
1.40429688
7.10546875
9.97721188
0.45833499
3.18359375
13.78125000
6.93927853
5.47591312
2.16796875
8.35156250
4.15625000
4.14062500
4.48437500
7.51953125
9.94954344
12.99022939
2.29850842
12.42440796
9.78125000
5.08203125
3.44140625
1.19042969
2.44140625
5.67706506
7.12725623
1.63655152
7.01234374
2.41992188
8.13281250
1.28271484
5.84375000
7.77734375
0.89322751
1.87044437
1.61621094
4.17968750
18.02022934
4.91015625
11.11718750
2.35742188
1.78906250
1.07617188
1.45019531
1.62255610
5.54378421
11.76562500
3.06803468
0.92333984
4.59765625
0.65134712
4.75748781
6.97656250
5.87890625
0.23522949
0.31567383
3.93359375
1.08593750
8.23079344
3.67350343
8.53548094
20.27604250
6.11328125
1.38281250
13.13351440
12.28482907
6.53841312
4.87890625
31.19866445
4.90820811
7.36718750
3.62890625
3.63867188
5.38313719
2.17740968
1.39941406
3.89927139
0.08199082
7.83462628
3.14909685
4.77913453
1.46077515
5.49719238
6.09375000
3.13281250
5.15657469
10.19889406
4.20203651
3.07726036
0.01713562
0.15368652
4.14062500
2.48415115
1.05979416
1.06168454
11.43685062
2.60742188
5.90234375
4.24218750
9.15945396
0.11813393
4.23469969
4.18391346
6.06413342
7.97233156
15.44921875
10.73144282
5.33496343
0.78173828
4.46711658
4.56022717
10.35156250
3.28548094
3.59179688
8.48014406
0.02769470
9.08593750
1.68066406
12.50781250
3.18619626
0.99349124
1.24609375
8.20735594
5.89925047
5.07356937
1.31542969
10.15625000
4.79752438
0.23868898
1.96451906
8.89094969
2.72428468
0.31933594
3.86946532
1.66569093
10.08723626
2.62956061
7.78222407
12.76074468
2.02148438
2.08789062
11.21875000
7.80631095
3.86100343
4.18261968
4.27701906
11.57812500
3.91662598
2.78906250
5.20703125
14.64306641
0.18688965
7.44921875
11.37174313
7.47981937
1.63671875
10.33593750
4.53906250
18.14062500
24.14484597
6.72037594
5.46778590
6.28564453
4.23046875
4.01953125
6.26365692
3.30665558
5.61034907
0.91406499
34.22460938
6.42578125
6.37500000
0.70117188
3.93359375
12.47831051
21.20375444
10.66700465
4.24577903
7.79180741
8.52101728
6.21417443
9.18198525
29.16262578
5.07262073
1.19010749
12.11888813
0.72038342
1.11930297
0.67799928
9.21484375
6.19531250
0.53857422
0.19262695
0.43228149
2.69726562
31.16210439
7.61621592
6.94782137
0.33831144
4.62450798
0.46142952
7.21997008
2.42675844
0.56835938
3.63476562
3.46289062
1.46386719
2.32258782
4.88541999
12.27408688
4.85872562
4.89062500
5.47716904
9.77376219
5.71093750
6.59733156
5.29687500
12.30468750
5.01171875
9.00846188
3.02962406
14.63012695
0.55664062
13.92283910
5.06544215
2.45312500
11.67626953
5.15625000
7.33593750
9.82421875
7.90625000
1.90332031
7.41015625
6.65136719
0.87695312
9.82812500
12.27600067
0.44592316
20.02734375
8.03090537
6.98081338
0.07781982
4.99218750
12.88488520
24.93391844
2.03987298
2.71029310
12.54329344
15.10579344
6.36686281
11.61718750
9.87076906
2.66992188
6.19954344
3.87500000
7.82389406
17.09016844
6.94042720
6.88541999
8.04719969
10.56518617
4.18058289
15.75895141
0.73128297
26.28295898
7.82812500
11.47566711
0.10660828
2.70703125
21.70117188
5.04817376
17.62760749
2.49218750
7.71516844
8.94726064
3.01758311
10.50358156
0.70605469
0.66503906
0.66552734
1.52734375
6.01236813
0.34358890
11.60937500
8.80110594
3.71907469
8.11067376
9.53711436
8.94173094
2.43522218
8.30468750
0.69384766
13.86425532
6.56836187
1.43457031
0.00234222
12.72656250
12.93979213
4.11940159
11.23673523
1.29606078
3.88216063
0.82714968
8.06595700
7.10091312
1.50292969
1.43977782
2.97460938
5.33170656
3.75000000
7.60611813
2.26937015
4.81282469
12.17187500
20.58512453
11.31087157
5.22233156
5.84375000
2.42968750
9.42837877
10.91569592
7.78092531
4.91438719
14.53678468
4.30859375
4.98437500
1.33886719
8.16505527
4.67578125
8.41406250
7.72086547
0.16727660
7.84505125
7.81966312
5.86718750
4.58984375
4.36601683
4.75748781
7.17578125
1.69726562
10.12923094
6.60057846
6.29362810
26.47298094
8.18652095
6.13151374
3.24804688
5.89453125
5.84244127
4.36849623
3.43164062
6.19335938
2.04492188
8.14062500
2.95507812
2.34993407
10.30436281
3.48632812
3.53906250
11.36360594
8.07389406
9.12564938
3.45833499
5.22265625
3.75756836
5.87109375
7.83203125
7.42187500
10.46646969
14.78092531
7.70084718
3.62109375
6.50390625
2.06835938
5.32421875
8.30696033
2.95085217
8.42968750
2.84773431
2.80729499
14.55582018
15.74105482
15.73828125
1.78613281
9.67968750
7.34437561
2.95117188
7.94140625
8.41829344
8.01920656
2.45898438
9.32812500
4.08203125
5.27929688
1.11067625
6.72233156
16.60937500
4.00000000
8.86718750
14.27766844
1.81901125
7.91796875
6.48339345
14.06844491
2.75162843
12.28906250
7.85579344
3.15104001
1.20215093
1.77343750
11.55598626
6.91992437
8.57812500
2.68522218
8.48339096
0.92188248
2.65802458
5.88445589
5.08203125
3.10546875
5.22558594
1.81738281
3.90820312
12.39062500
4.61360594
6.91373781
8.33593750
2.75406735
13.83626468
4.00000000
1.65429688
9.99339812
2.94108156
7.52766844
3.76757812
6.79231937
12.27766844
0.74479250
3.87011719
2.46093750
10.15625000
15.02343750
16.76562500
14.29036126
4.60807624
4.01790282
3.21809813
6.69075687
2.69726562
2.92415282
8.55240470
2.85937998
8.25097656
12.40625000
1.47070312
9.67968750
8.46875000
7.39453125
0.35986328
0.95295892
0.64713874
5.68032691
6.64389184
2.71679688
6.78678219
6.53841312
16.17252438
17.57438234
6.68326906
8.94661126
6.93620124
0.15173340
1.05436032
0.01387699
11.29459220
2.43978280
2.79882812
14.33398438
13.88378906
2.62890625
1.18847656
8.86360594
0.89323000
3.66666501
3.31575687
10.86360594
8.43296388
2.05468750
8.96516844
9.61116578
1.29085328
10.40535461
0.06443299
14.31738032
16.44824468
10.59375000
2.70735594
13.02766844
4.58048648
0.40616883
2.81835938
6.33626219
3.43750000
11.48925532
3.20182624
3.41829344
3.13150377
3.71192154
4.03906250
7.42187500
0.02186584
0.95166016
4.59350586
9.17405701
11.98437500
3.58789062
13.09477410
1.46256843
13.43750000
4.00000000
6.16406250
0.05273438
2.30859375
2.27539062
3.17252438
7.84310062
11.60253906
10.15625000
3.91601562
9.33593750
1.47818844
2.45052249
6.44531250
3.08593750
0.19824219
2.42272949
13.20094803
0.27097580
13.41162109
1.34993157
3.24284186
2.36914062
3.70328610
6.68031986
7.50781250
2.64648438
3.77929688
6.05859375
1.03906250
5.29524158
7.68132092
8.85937500
3.16210938
13.25781250
3.47070312
0.04705811
1.75130125
7.86295656
3.83984375
1.48070292
3.62110372
6.37500000
6.60367797
0.04860474
0.53173828
1.44474118
3.30013187
7.20897939
5.81120124
2.61293705
12.96679688
6.15266844
10.37858156
3.83203125
0.00587082
7.25390625
7.06673094
2.98111315
6.44629654
0.01444244
1.43554688
15.15625000
7.25781250
1.57933324
1.80372340
4.07031250
0.86014645
5.69889406
6.67936281
12.84798094
6.96061281
0.61682129
2.00390625
7.62109375
0.20092773
5.81738281
10.16601562
1.53613281
4.06640625
6.51985345
2.41471686
10.35937500
3.96126219
6.67512689
7.38932624
6.11295656
6.05078125
5.07031250
10.75488032
2.83496343
3.19335938
6.83967268
2.04362810
5.28515625
10.34375000
9.34260860
0.96240359
5.63287400
0.02659135
1.99609375
5.96875000
1.30371094
4.42578125
2.50341797
3.25195312
0.41585203
7.58170656
2.60546875
3.48242188
7.51953125
0.03598022
6.45735594
8.35514406
4.14062500
5.21093750
3.57242797
0.07015015
2.07226562
3.15233877
1.44824717
2.32421875
4.77408688
2.60872562
11.75781250
3.19531250
14.78816711
2.59464539
14.07519282
13.23884759
1.71257092
2.04492188
7.83447141
21.74652224
11.66795878
11.48729223
2.94826462
4.69563719
7.90112367
0.09141053
12.67553711
8.59375000
7.96875000
8.86718750
6.79003657
9.96028812
11.48274657
6.91406250
8.45670656
14.45312500
2.46256593
2.28938719
8.12858156
11.61718750
8.14305394
4.20247562
3.76367188
4.59765625
10.94954344
0.34757570
1.53027344
2.79492188
1.83691406
17.19856439
9.37433111
1.90104250
5.10937500
0.41064453
0.72119141
5.57031250
9.93114736
8.32617686
0.00295258
1.87474537
6.88671875
3.43164062
1.32975094
12.34310062
11.65266844
0.52653078
2.58789062
1.29492188
7.42578125
2.41406250
4.42219969
25.07210328
10.88525266
12.31445312
4.38606937
8.00992797
0.96012328
7.12858156
7.69921875
7.55143063
12.90560062
10.58593750
3.43750000
6.46305297
5.55257203
0.82389157
2.81640625
14.77669437
1.41406250
20.52408688
14.08951906
8.54817376
4.58822030
4.09765625
9.35676751
3.77213874
12.96566626
5.17838625
2.19335938
16.34375000
5.88781738
11.62915039
8.60156250
8.30110594
0.26285890
2.02148438
6.34374003
2.89649434
3.49609375
2.53515625
3.11328125
6.93359375
0.75927734
7.18359375
1.91601562
8.89062500
0.94091797
4.12109375
4.82812500
13.78125000
4.69140625
4.97656250
6.72265625
3.89648438
1.44531250
7.71484375
4.37500000
13.09375000
3.55664062
5.28188941
3.82748559
10.80533688
0.49935062
1.78515625
9.31330674
1.79020888
4.71012204
12.28220783
10.51780197
3.97851562
3.69156860
0.58089234
6.91406250
0.92333984
3.72884032
8.96451906
2.91601562
4.95703125
0.00504303
5.41438719
2.82421875
1.47233156
3.71923330
2.46289561
13.71321532
7.19498781
6.60156250
8.48925396
2.90519289
4.56640625
13.53906250
13.79687500
3.76953125
2.39843750
3.20897939
5.90495124
7.60644282
5.34993905
2.28906250
4.26774047
0.04048707
1.23730469
16.73958001
8.36588874
9.58235594
5.57780031
6.26171875
10.39550532
0.71777593
2.69921875
11.02539062
7.59798094
13.23014406
9.73437500
1.77343750
9.68750000
1.26660156
12.80305408
7.99382092
13.34375000
1.58398438
5.27343750
5.03515625
8.84895003
1.78972185
3.70250966
7.28711436
6.21599388
6.26171875
2.79882812
3.26367188
5.87564938
8.47591312
8.39062500
14.51562500
0.29882812
6.31570396
18.46000139
3.12199973
3.36132812
6.06250000
1.80175781
17.87890625
6.85937500
10.54752438
4.13671875
3.57942874
3.42578125
8.38818359
2.54101562
5.01953125
5.42578125
12.19262633
0.24438539
3.97964995
10.01302249
6.38671875
3.18750000
3.83789062
0.37963867
1.94824219
8.01562500
10.63281250
5.97265625
4.90234375
0.33227539
9.75781250
1.38769531
15.54947751
12.24935062
4.28125000
0.96484375
17.43847656
5.44620177
4.49967531
6.05825909
2.00619403
2.32421875
1.20996094
5.15234375
6.01204344
7.55045656
1.63574219
15.20377438
14.33397675
4.70104129
4.99218750
7.91796875
5.11328125
2.57617188
6.24609375
12.21646720
4.33236092
10.61718750
0.07073975
4.40625000
5.96875000
14.89788055
3.06250000
0.90087891
6.38492797
3.27327515
0.23551391
3.14827515
2.77473626
4.60026374
0.82473755
10.57031250
20.35937500
1.35742188
0.00163746
3.62890625
10.83850050
7.81640625
5.73828125
4.65625000
1.63101549
7.48177748
1.51855469
22.18750000
11.61523438
4.71158688
8.30403812
5.84863032
9.14030031
3.36067874
7.10546875
1.99316406
4.00390625
4.10156250
0.37060547
2.21679688
4.93660461
0.17362488
10.80891844
1.83463625
3.08007812
17.10937500
10.94661126
2.36979499
15.59798094
4.47623781
0.84521484
7.76790097
4.12305186
4.39453125
6.43750000
10.19921875
5.86718750
5.85546875
0.85107422
7.63300560
5.87480690
8.21614251
9.21745124
2.20703125
13.57287290
2.78259585
4.64843750
1.70019531
10.16406250
17.93750000
6.45312500
4.02734375
3.02929688
1.04980469
2.70703125
8.03906250
8.73683347
0.12497340
2.14453125
3.17187500
6.75000000
0.35965817
14.04507990
2.35222185
3.62109375
0.03289795
6.62890625
7.89550532
5.58886968
4.79003906
7.20312500
15.72656250
0.28173828
13.55725098
0.35424805
12.60156250
4.85383284
17.14713376
7.33333499
2.60742188
4.92187500
1.27929688
3.41796875
0.01305389
11.57812500
4.85546875
4.31933594
8.66406250
7.81250000
2.95117188
7.93203735
9.99707031
13.98681018
4.18311170
3.11328125
6.31584930
2.66210938
8.35156250
2.53710938
1.94028268
0.42887702
3.24609375
2.76367188
1.44238281
1.98925532
0.40674077
9.50000000
23.76013184
5.95735594
18.49771720
4.47884530
1.45963625
8.94531250
4.37890625
8.58593750
8.19888409
1.72885028
2.83593750
11.15266844
0.85709718
1.00976562
0.16444057
2.06835938
5.64453125
4.50097656
5.44921875
2.50000000
8.75000000
6.12141844
6.67155031
2.94140625
0.91943359
0.00397873
4.41617797
0.13557984
5.35056351
2.37745885
4.14648936
0.84260985
6.11314966
0.06670143
8.08788564
4.27962655
1.85123781
4.39094969
2.23600343
2.45507812
11.53906250
1.13281250
1.28238891
0.03456666
2.35827458
1.75683594
6.36328125
2.43945312
0.02154541
3.18977782
2.07194093
7.20312500
1.87792969
4.71875000
10.53906250
11.41601562
5.76171875
1.27539062
8.77343750
2.57583223
4.82260527
6.64453125
9.50781250
7.88346188
2.50130374
8.04719969
7.17181603
3.63706338
12.03548094
6.57591153
2.80389073
14.67382314
6.95508311
3.29882812
4.17610594
0.02164797
2.95328236
3.92684397
0.10009828
4.19921875
2.65185547
4.52616024
1.73828125
3.48046875
2.53515625
6.64876219
3.90623505
5.36883089
4.55533688
2.32356937
3.59570312
4.17610345
9.86715759
1.25263740
0.42016602
0.92285156
5.19140625
7.55078125
5.32031250
9.33593750
3.21875000
2.19140625
2.80110594
7.89030031
4.37500000
13.64127438
4.74935062
2.54101562
2.15625000
1.84309813
1.24185783
0.97656748
8.20312500
3.88867188
1.55736806
5.75763438
9.59375000
6.05891844
1.17838625
0.12817383
3.52148438
6.65625000
3.25976562
3.11914062
7.47688719
3.74576906
5.02343750
10.72900266
3.67529421
3.16992188
5.73437500
1.45808587
5.42871343
0.33170656
3.58789062
2.07873504
0.41784699
6.57031250
0.58593750
3.60937500
4.58984375
2.08984375
6.41406250
2.70898438
0.25069090
0.22526125
1.08659892
3.63672872
4.10937500
13.11718750
0.50974113
2.59603280
1.40909272
1.65462655
8.02701158
3.30208998
9.83593750
0.32446289
1.53125000
2.35742188
7.35056849
0.55958776
8.01562500
1.63606439
3.22331061
4.24218750
0.01555634
9.61718750
9.62923094
3.97233156
8.53807846
7.87598404
0.00856018
1.45777345
11.99283688
5.60937500
7.81185062
2.37890625
11.53548094
2.37109375
1.90104250
1.44238281
5.93814938
15.43416030
14.25000000
0.03652954
1.89257812
7.57031250
9.47265625
0.91927000
4.31217531
2.90429688
0.01004791
9.10579344
5.90527095
5.65104499
2.79440308
6.49218750
1.13281250
6.84765625
1.35937500
15.97298094
9.04687500
1.86100343
5.62890625
0.00757980
10.93750000
2.87401596
1.97168716
2.29882812
16.65820312
2.90820312
2.05468750
0.03558350
13.25781250
2.66259766
6.81250000
1.71484375
3.09960938
9.74218750
1.37467282
3.08919437
11.76376343
10.52343750
17.47265625
3.74414062
2.74389648
9.71093750
3.59008789
0.71972656
2.34960938
12.51204344
3.55631593
2.08789062
1.83398438
2.67118172
6.83985372
5.65364251
12.90136968
2.36881593
9.24218750
1.36425781
5.56673094
8.49641844
1.10481937
2.81168454
5.58919437
15.27343750
4.41976254
1.74153812
13.31054688
8.19042969
8.84634752
1.68620124
1.42155280
5.96875000
3.62109375
7.56250000
2.15820312
0.06420898
6.27734375
6.31445312
7.57421875
3.64648438
1.40722656
3.77343750
2.29524657
5.77701906
0.80517578
1.15803704
8.21028812
3.54866703
7.87109375
14.81732178
10.33235594
8.19291023
2.10351562
6.82844969
8.90201906
4.66438719
5.21468016
6.44889406
19.50162843
5.53515625
16.73079344
0.16374544
5.58593750
10.56251907
8.55468750
2.60416501
10.21875000
20.73030765
8.83618164
2.65625000
12.04624897
4.83400182
3.75911624
1.40234712
3.16178468
13.53710938
12.81802970
9.54980718
0.51058109
2.89583001
0.87077155
3.14257812
4.66015625
2.83007812
1.41934380
3.67480718
1.74096742
0.12336669
6.42545656
1.23665282
7.26953125
5.14149858
12.27638962
0.00302124
3.33593750
8.37873892
10.77131206
2.94792996
2.15592531
6.47330563
6.47135251
7.29166999
3.21289062
0.99609375
0.05027771
3.32421875
13.14062500
9.21875000
22.48364258
5.76953125
11.19965554
1.89421653
13.17870346
8.64649185
12.67871094
6.89086914
8.64868164
2.73828125
6.58495595
4.03353280
10.96870015
2.84230023
4.07421875
10.55240470
3.18392342
7.19368157
10.17057624
1.09863281
0.39404297
9.31250000
5.24218750
11.07454344
3.22216797
3.24576906
9.73860594
6.83626219
1.84700687
7.27734375
0.49072266
15.15861791
6.92872340
0.00279808
10.19791002
9.33463874
0.80338874
0.01988220
2.83984375
4.50423094
9.57649158
2.82278090
8.72656250
31.30566406
5.40625000
5.12141844
7.57534790
11.98437500
2.81656984
3.67382812
12.52239990
0.15722656
1.08479735
7.27701906
3.01171875
3.27180907
4.78873781
0.66194329
4.23698249
5.12678704
10.19596686
3.34765625
3.30273438
12.75000000
5.36328125
15.36555408
2.38639904
6.14387190
4.20378435
10.00000000
7.23046875
11.44140625
8.35286126
9.55078125
10.18620124
7.71484375
11.29036126
3.20377936
4.85156250
7.58984375
3.64648438
2.64112179
3.87044437
0.33035278
12.55240470
12.29684697
2.43880374
4.69531250
11.99218750
4.98455811
3.72460938
10.60937500
14.22721188
0.55533688
10.69954344
3.24642342
33.74381095
5.26790780
2.51562500
5.64453125
9.17187500
0.02793884
11.00423094
4.86132563
4.76286140
8.96875000
4.19140625
0.72649736
3.34896498
1.79467773
10.12500000
2.14062500
11.55371094
4.10302734
8.36328125
0.89550781
4.54963860
4.08463874
7.14485594
5.03873781
24.06824156
7.92545656
1.98535156
7.41796875
3.71093750
3.17578125
1.91894531
10.82355940
1.47559341
2.57778785
5.40333277
6.98828125
2.66015625
1.02050781
9.13281250
1.09277344
11.22656250
10.00976064
7.22852061
0.12707520
8.42365581
0.46501606
7.73203366
3.13802249
3.41210938
2.26171875
3.23936602
2.85937500
12.23307375
5.83203125
5.35937500
1.59667969
3.44335938
9.10937500
0.53759766
3.89062500
8.03906250
17.59765625
17.89819336
0.57421875
5.78906250
6.85156250
2.54492188
4.01827006
4.15235372
4.05859375
1.08300781
0.02091980
5.92187500
2.97851562
5.98729721
0.19824966
12.48388672
6.59546661
6.02343750
9.14062500
0.46533203
0.68318558
2.41992188
5.60546875
4.39062500
11.09375000
10.63883422
3.58186890
8.43098626
5.44010749
12.25911126
1.51627936
2.87684765
5.15464649
3.69140625
0.30145771
1.73394268
0.72119141
7.87109375
2.78125000
5.93359375
3.58203125
4.43164062
6.36328125
0.45898438
15.28059564
6.06087406
6.31185062
5.56640625
0.09027100
5.52734375
11.81250000
3.48893063
3.16764406
8.80045656
2.22656250
0.96435547
8.76203347
1.23796653
16.20739746
1.73046875
5.25390625
5.05143063
6.59310062
1.31835938
1.75781250
0.17811632
3.64648438
10.80468750
15.84244919
4.88476064
2.47656748
5.43391844
12.01194338
8.26006165
1.71731382
4.37951411
5.88541999
0.42431641
0.18245220
3.67968750
4.96484375
1.35058594
6.21093750
0.72998047
9.39337988
3.55193262
3.17576380
6.33204870
4.28906250
0.37955688
-0.02507995
4.11328125
8.86425532
18.64265258
8.11295656
3.26953125
9.98437500
0.01345062
0.00267410
10.58593750
4.27392080
4.85592578
2.78320312
1.98242188
7.02343750
18.62500000
5.25781250
7.59765625
11.73437500
1.48046875
2.16796875
3.37564938
1.28255374
4.07031250
7.92968750
12.88346188
0.47249515
9.47656250
2.97712385
2.17253435
1.89257812
0.00039625
3.72851562
1.89176266
3.28645999
11.76562500
0.06683350
5.89453125
3.08007812
3.80078125
1.70735594
2.56477782
4.72981937
2.07031250
5.34016844
5.62532469
6.75716312
3.16992188
3.26170878
0.90625997
1.38814420
13.31413342
5.94498781
7.21875000
3.52099111
20.67773936
5.12955563
17.02278812
1.20019531
6.53125000
8.92187500
0.21911621
5.38671875
14.11238098
12.12500000
8.37047665
4.62221439
17.42773195
3.37500000
5.38248781
9.71528625
8.19173094
7.90201906
0.00379753
13.11216309
0.26527832
3.59895501
4.89713874
8.92675532
2.19433843
7.41796875
12.92610594
6.77994127
4.25098404
3.45556142
6.24023936
1.05273438
4.19531250
13.54687500
4.72656250
6.08203125
0.13146973
7.23079344
1.87565187
3.18603017
5.16801951
12.82075926
7.26725343
3.14453125
5.62109375
6.59765625
0.00539780
1.91162109
12.41992188
2.02651978
1.06835938
13.00673044
8.89843750
0.02967834
0.00203133
9.96875000
9.50064938
1.47492908
5.77832779
1.68750000
3.13541501
0.55989749
5.84375000
0.01849365
3.35937500
4.97818097
2.27767841
17.65565157
4.78125000
2.22330563
8.46028812
1.34691884
4.65039561
9.14843750
0.00061893
3.41601562
6.95876053
0.58225510
11.03254876
0.80241218
1.87500000
5.15515137
9.77343750
3.13867188
8.27343750
4.61718750
5.08984375
0.30297852
2.19335938
0.23864746
2.60288811
2.11165282
5.30436281
2.31640625
3.35514157
5.35481937
8.05891844
7.67545656
2.94726562
4.64843750
5.67578125
5.19928741
0.72216797
9.58479610
0.52360234
2.42739722
11.03874348
7.15983585
6.35034180
6.36328125
0.33129883
0.84033203
10.44531250
5.52734375
8.62141844
0.94596437
3.14550532
4.64355718
5.39453125
0.61132812
3.30143063
5.48372562
4.24218750
4.70703125
0.22949219
2.27148438
6.37890625
3.37923094
2.07584718
4.66796875
10.82031250
7.73437500
9.05859375
6.10156250
1.22753906
0.21533203
4.60546875
3.29719969
7.10514406
9.17187500
1.22395750
6.62923094
11.53841312
2.35156250
2.32421875
3.81250000
0.75927734
1.28881088
0.26856216
1.28808594
3.85384032
0.16862062
1.33736024
6.23730718
1.91634032
4.29231937
1.70800781
0.32055664
5.04296875
7.79296875
0.01940918
13.94238032
0.24232585
0.11559442
0.20108883
5.37825687
9.37355490
0.14760523
0.12660643
2.81022218
6.91406250
4.05907082
0.53956200
2.88251495
2.53125000
3.89501829
1.12158328
7.80468750
1.68261719
2.40039062
3.27734375
3.12500000
4.25780253
0.88184591
0.41233312
0.12345398
5.69921875
10.64691925
7.57875444
3.62437056
13.27809596
9.45312500
11.39629546
1.42239639
7.87598404
3.40397218
4.68359375
5.98437500
1.67263361
10.61425532
3.46777593
2.04069093
9.15970856
0.13802094
1.80175781
10.41715204
1.29573858
0.29980469
10.05468750
3.74414062
7.13162231
5.63671875
9.82031250
0.52978516
5.46875000
6.83203125
3.12695312
0.83251953
0.56445312
0.18298340
1.85546875
13.28026845
2.12109873
10.27164672
6.79475953
2.18164062
4.19173094
5.18717531
1.55068731
5.55078125
0.43457031
0.38281250
0.01634216
0.46728516
11.61154127
6.68684564
11.52213874
12.34375000
0.47900391
2.35937500
7.32812500
0.13000488
8.21875000
0.16780516
0.84391359
2.03320312
2.26757812
4.92578125
18.10719803
0.18967697
2.70398903
4.96875000
0.42578125
0.00883484
3.67773438
4.86718750
0.28173828
8.67187500
4.33690908
3.23828623
10.22656250
0.25374328
0.32568297
2.55631593
2.06250000
9.71875000
0.07067871
1.79785156
5.45703125
2.23339595
1.60937749
3.39843750
2.79263908
0.27962655
2.78415072
