0.01127106
1.30830591
5.58374335
2.21289062
15.51908356
1.52583832
1.89453125
6.24417997
3.51318484
2.70703125
1.79577294
0.83170905
4.94921875
2.51997894
2.29927582
9.90510860
3.40364749
2.19470246
6.12154144
0.16296387
8.51699683
8.26453789
3.82661957
0.06385284
7.36234154
3.65511358
0.46984957
5.33247894
0.75882965
1.00964137
4.13395390
2.55859375
1.99112976
0.65820312
1.54882812
7.92533356
0.06642670
7.62988281
4.26517731
7.46305297
4.52958222
4.87455231
14.29162567
14.15616820
9.21451906
12.50782226
2.57946808
8.81433012
10.13549867
3.31436946
2.13664007
9.30614362
1.74073138
0.78031402
21.30814543
6.22585883
3.03154283
7.14412788
10.15637300
17.70340537
0.86466866
2.03829011
12.35156250
11.40523161
7.16898714
6.30008536
3.23470467
9.88716644
7.20703125
1.44238281
3.82364307
1.87362256
4.42923981
2.09362450
6.47696587
4.30343306
6.97789562
3.86303524
3.53362145
6.41438719
2.15246675
2.24263519
6.92162899
0.27466007
4.00195312
2.37064606
6.36763519
1.25781250
2.16015625
0.82958984
5.23437500
3.11718750
1.30761719
2.73713985
4.12614140
3.70194426
2.11250886
10.89345275
9.70747894
1.48445648
0.58797180
0.27929688
2.45943207
6.29899047
3.08622285
18.76155142
0.67061807
0.79443359
4.01228447
1.46667885
1.66424561
2.61193817
14.34899933
5.98002106
1.50158660
0.05397553
7.91889850
3.14494459
4.43359375
0.35571289
6.18350510
3.76001662
8.94620789
1.63859070
13.99540005
2.30839206
17.42354340
0.51635399
7.38631538
0.97265625
3.66121399
0.05727143
0.47115082
11.22675422
8.36520500
5.86507203
18.21980275
2.91300975
1.29797363
0.43041992
4.10156250
4.35546875
1.25585938
2.36975067
6.58369903
0.74971590
5.15669769
7.10156250
0.34252930
7.70336353
5.58667553
2.64994293
8.95161957
6.93750000
1.13574219
0.06353188
0.28906250
10.12410461
6.61506594
2.93615692
3.84899933
0.79931641
3.33398438
4.32340204
9.37972296
4.27734375
1.62207031
1.18359375
13.94483273
0.90027011
1.29109680
6.90759308
13.14408356
0.75581879
2.95072418
5.09997341
1.99813054
0.59277344
4.42142731
7.51719416
6.95546209
0.24486617
8.91186586
16.21875000
8.45043883
0.83276429
0.86035156
7.70222961
14.11156126
2.93025820
11.66058350
0.35937500
6.75275488
7.45533410
8.07120789
6.07421875
6.91546631
1.94140625
0.48899748
13.95324800
6.76953125
0.31372070
5.30033356
2.67622894
1.10306793
5.44872673
4.97359596
1.40039062
3.46875000
0.41235352
7.21898604
1.95199357
1.28385251
3.93774601
9.12577239
2.76924715
4.33548981
2.45853668
2.68644226
3.21980774
1.70011414
0.40848723
2.94409242
15.56327239
0.27343812
0.35050476
8.05033356
0.75044769
3.06644559
6.22342864
4.81709995
4.80904144
0.37451172
0.09937499
12.66585328
2.59570312
2.95117188
0.01599121
0.72074371
5.95113129
8.73668440
2.64961824
17.40106938
6.03386746
1.90527344
3.74804688
0.00240517
0.57568359
3.69417110
0.39176640
2.19140625
7.02807430
7.70341160
1.54101562
11.36372894
5.57421875
1.69531250
0.67822266
0.01435089
0.63720703
12.63448028
3.99353058
2.94425476
1.36035156
1.68488316
3.74968528
10.88651706
2.73828125
4.11763519
10.18750000
6.04597961
0.74019379
3.20194426
2.14811281
1.09378934
6.90816378
1.29687500
8.60937500
0.03662109
0.09661865
2.63045102
7.99064273
0.86035156
4.15527095
0.17647495
7.50179078
3.30708832
10.48323360
11.18864140
7.47265625
0.30004883
1.47688719
2.75358156
5.03165337
1.10274573
3.01456726
1.00630707
5.80859375
0.07897949
0.37285711
4.49621675
2.45507812
13.49218750
5.61975067
2.72550476
3.05790005
2.49723515
0.87060547
3.61783688
2.76896055
1.13273382
0.94384766
2.22696587
0.52059272
8.14769947
0.83720440
8.90177305
5.52356050
0.61669922
4.27823914
4.52619737
0.54313857
0.64025536
5.74870124
1.72212738
3.49910461
7.09464539
5.24218750
3.85668883
3.08862367
13.69102779
1.39860234
2.51818817
12.17018729
6.38795877
6.13224180
6.62300753
4.33166473
2.67472351
0.90958680
3.47656250
0.11889648
1.41245157
8.93579787
1.54296875
17.68827239
6.15299313
10.64266179
7.57812500
11.64888519
0.77294922
2.16796875
7.62410461
0.31632508
2.72070312
2.50133535
6.56401041
0.55175781
10.76127106
7.64824645
2.93343140
9.64575133
6.94799867
8.38077571
11.56453679
3.35937500
3.04402649
-0.00888549
0.00538635
1.59082031
5.61543388
5.95146065
4.18750000
1.26074219
1.43607574
20.68187470
2.83024047
2.20251496
7.66406250
13.47041778
0.70141664
0.01210022
1.38001251
0.45463043
5.77689606
7.15669769
6.06551086
1.19567902
1.70898438
3.44921875
7.26562500
7.90625000
2.03515625
0.01093292
1.31640625
3.69149780
6.45609278
2.52832280
4.36442929
12.14689273
1.07173676
0.88065714
15.37447362
1.32084137
8.59810394
1.69726562
3.00000000
0.20678711
4.21875000
0.00424957
0.16516113
6.73738586
3.77672873
1.30619791
4.44095856
1.61861176
0.64013672
8.50577571
5.75203679
1.02929688
9.40754876
6.00651374
1.58203125
9.87666778
7.25614472
6.35502106
14.25450653
0.52978516
1.76750640
10.32645722
15.64801025
1.41894531
7.82273865
15.72477172
2.20296265
1.46289062
8.87841797
1.77246094
5.63134766
6.26562500
16.12320922
0.44734742
0.91455078
4.82421875
4.89843750
7.08203125
0.08361816
4.38671875
7.32812500
0.92919922
0.79931641
0.66181152
1.51847351
3.05871551
1.32893922
1.25526219
10.00057101
3.28365082
0.75000000
2.80476618
0.56054501
0.54679757
13.54956117
0.46000152
11.61283356
12.96964539
0.80078125
10.66316711
6.69244903
4.81357269
0.50952211
3.25432418
7.63167110
1.32812749
12.55379211
0.68664395
8.40560062
0.34061676
3.32511414
0.92342102
0.20853699
3.64121204
2.73677582
0.24267578
0.37573242
4.91796875
1.93261719
2.47070312
0.44580078
4.35937500
1.44726562
0.96001026
6.53934785
1.82942874
12.42817709
2.02104166
3.58789062
1.25748283
1.60384530
0.97513824
8.01997894
7.36127030
0.23507369
1.43675885
4.49300421
2.57585217
0.84130859
14.31272607
3.95485205
3.49955231
1.30078125
13.23497528
2.87801086
1.95845551
6.31640625
13.21455115
4.32120789
3.54793274
0.05881775
3.57180786
9.40189606
6.33203125
4.77014129
5.76953125
1.43147828
0.28100586
1.72691376
2.33790558
10.51562500
3.59610650
8.12459663
0.88916016
0.93243170
3.25773382
4.61718750
16.01550200
4.32043550
11.28470856
1.55708832
5.29759979
2.68196033
1.06828319
6.58081117
3.19051086
2.09855164
2.82523590
8.11372894
6.61136747
1.49019503
1.59431572
7.86857491
1.46289062
14.43501552
3.71146886
7.94531250
2.77811614
3.27461824
0.62011719
1.84122618
0.84191427
6.50509197
3.46289062
0.02665710
0.83203125
1.84271634
2.06190491
6.51574800
5.55948914
4.35937500
5.08984375
0.72265625
1.39453125
1.14453125
0.41690977
0.20210847
3.96183289
8.40189606
5.73996437
7.28080231
4.18013519
9.13809619
0.52206006
0.94628906
3.14877630
3.09776484
5.21138519
3.25826019
1.51757812
2.37109375
2.05619293
7.13411126
2.15344581
1.32014891
8.61641511
1.04341644
11.57812500
12.70412669
1.52791943
0.19335938
1.16692924
1.13378906
3.97062283
10.38891103
2.70744459
0.74173981
4.86763519
2.25821836
3.38728945
2.62650543
0.47177309
5.38965093
6.68794769
7.28657802
1.94433843
0.34863281
0.23636840
0.92677047
10.60869126
4.94966644
3.06941711
0.08780945
14.36718750
9.18847656
6.38867188
5.23046875
1.59472656
10.91829344
2.88581339
0.29452598
0.34204102
1.15332031
4.43359375
0.55419922
0.01736450
7.04296875
1.01757812
0.15051270
4.92652469
1.72204372
1.01623753
0.76704926
0.12991271
6.55603058
0.16943391
5.30683733
5.87675642
0.15246582
19.11945036
3.87664339
3.86600676
1.26997645
1.95093085
7.42240138
4.43697362
0.26269531
0.12291380
3.40157136
9.50000000
1.56392426
0.62353516
6.38008201
2.30306405
0.91841644
1.08007812
0.19242606
8.75268617
2.90836547
0.14815308
1.98936960
1.28939716
6.59867464
1.07031250
12.56506317
3.68058289
14.18676696
8.79760804
18.76127106
0.09670014
20.06688830
1.84131482
7.41556793
1.33390320
8.59228391
9.18949496
3.52734375
3.35396332
1.95568567
0.29789464
0.52669312
2.30468750
0.63916016
4.03295165
8.04915780
3.63281250
1.07250977
11.53125000
1.23339844
7.67968750
0.00664139
2.37695312
3.00365027
1.05840203
4.32857269
0.18579102
1.63630438
14.29252106
3.20279595
10.75589872
3.76054299
2.81563386
2.80228668
6.67427582
5.91015625
2.30379211
8.73717919
7.82645722
10.52665503
5.01383422
0.52860566
8.75000000
1.14355469
4.90899990
2.20232823
3.42968750
8.90234375
0.89892578
0.18591309
2.04381358
0.15882313
0.08239746
0.93068526
9.06429078
14.96785461
7.82857269
0.83394379
1.09903868
6.33606050
6.75846188
5.95247562
4.32076019
1.45365387
8.53560394
5.64252882
1.77348681
0.87402344
0.75537109
0.00123119
0.28588867
3.57248901
13.36824025
5.55888408
1.94185394
0.61779754
5.64933289
1.62056488
12.35221188
2.50911624
0.95800781
0.92861178
1.63631538
7.86720192
0.65940879
12.17989168
3.69561643
3.33349734
3.67097961
2.43404144
5.72086837
2.14490525
1.48242188
1.14394104
6.09810394
4.44185394
2.31835938
0.29858398
5.16815948
19.93489563
6.10127746
9.10428303
5.00773382
5.49377659
1.03076296
0.22351074
0.33229522
2.36551972
4.06160461
11.25000000
5.78169769
0.70747894
4.17187500
0.37573242
2.08942138
4.87589539
3.80828702
14.34541778
10.92647495
5.42622894
1.87340592
10.15930892
2.33050506
4.93493683
3.89355469
2.17382812
6.51143340
4.86116578
2.96244293
8.56339539
16.23258422
4.38850953
15.91316711
6.68177805
10.64138297
5.86718750
3.31801724
0.59506870
0.65100004
12.36731050
1.13724762
3.21537013
6.88664007
6.08203125
3.49902344
2.82031250
9.89318817
6.62939329
15.72802859
5.09025086
14.47310394
0.02520752
1.40641235
0.27449586
0.64082824
0.21586121
2.63000457
3.41556793
0.73177125
1.05423981
0.24092621
3.34560636
7.04238363
11.65189606
2.24263519
0.71341949
8.81087157
6.85949800
1.05867492
2.26456726
0.58691406
0.84960938
5.32693928
1.09456920
5.92667664
2.60697418
2.96333832
1.13378906
1.99519836
5.55993683
11.92842310
1.68546819
8.52433289
5.17720551
1.97656250
0.29223633
2.00918184
0.58823027
0.01924133
0.68986099
4.14371766
4.72477172
10.84183622
2.54712101
6.76171875
6.33984375
1.90018645
1.03340730
4.86314964
2.76692501
6.90669769
7.19030917
0.26692750
5.23828125
0.86458313
3.21138519
4.43794769
0.11700821
8.01184051
14.10290558
7.46577350
3.28703412
0.37158203
6.40625000
2.43945312
1.07519531
1.51905251
1.79076463
11.16056959
0.73474152
9.37154144
0.90677887
0.72505707
11.56225399
7.50201685
0.58087045
15.51818817
4.60245789
1.36914062
0.32238801
13.66045380
0.58833832
6.95604721
2.94824966
0.66943359
6.41278813
0.96957668
5.11372894
6.63281250
0.19018555
1.83091611
4.73870456
7.59728724
0.77230108
0.48046875
3.55712641
15.52180087
1.08296847
1.09765625
3.29541016
0.53613281
0.37683074
0.74304230
0.03857422
0.05967406
11.95926972
0.25366211
7.51908356
6.26216644
4.87635253
2.02718140
1.84960938
5.48828125
0.48046875
3.71262218
0.59214649
7.53951019
3.42427582
8.19531250
2.54854309
0.85786957
9.86867798
3.02931183
0.10013855
8.41650266
0.73734652
4.06913176
0.09757570
4.63671875
2.49804688
1.14359434
11.92635195
4.96777344
1.23925781
1.17195617
7.57466644
1.42187500
1.19380707
5.26953125
0.34825965
2.67496952
16.59810394
4.66752106
1.53951019
7.65445922
0.05220582
1.98252775
1.10214815
7.44620789
0.90824371
3.76216644
1.21952239
1.24669055
0.32991640
2.85050476
4.86283356
2.12650543
11.39436392
0.12215647
1.91528133
2.67407413
0.88273008
8.35514406
1.31827820
2.05033356
0.69615141
5.04838541
8.38191711
0.03928650
6.58203125
0.37622070
7.88313719
0.16109666
5.53864916
0.78475537
5.16874114
12.25012300
1.83337433
2.07031250
0.13928976
1.80489168
2.09179688
5.73287808
2.01257480
1.12381926
10.08426972
5.73136414
0.25756836
0.51139281
3.07946808
2.44291168
8.78214539
10.79687500
4.69531250
3.61523438
11.84004254
1.96781527
1.95259613
8.78125000
11.91756040
3.66642398
6.36909879
2.59236757
0.77925629
11.31250000
2.34570312
4.79374114
13.79610261
0.01210022
0.16479092
8.56876773
9.79687500
6.41361481
0.92146789
1.36071808
6.10156250
0.01885086
7.04573360
8.75114140
2.64107269
1.76562500
7.34134918
10.05904144
10.56250000
0.13671875
12.09608157
10.60492173
7.05632092
9.63883422
3.83728058
10.18750000
11.32857269
1.84667969
4.57812500
1.23339844
2.19726562
7.28515625
0.85498047
4.96394836
0.08365906
2.17773438
0.14099121
0.59228516
13.76472961
10.19086991
12.40868144
0.43957115
11.16532690
4.61775820
13.00170867
6.88707780
6.55567154
1.89415102
3.94581449
13.12064606
3.84944703
0.39798981
9.00500333
1.95459109
7.23978668
10.16931183
4.00870789
0.02885925
0.12089051
8.85656583
8.83927305
9.37011968
15.05981383
2.20821199
15.32031250
4.07421875
5.63814052
1.72469304
0.62886566
5.19238281
5.93045989
5.17846742
6.18183733
6.36849623
2.37003601
3.17370512
2.61926363
2.11328125
9.68469083
1.04284824
6.04389850
4.38143506
16.62642426
1.14668606
6.38562167
5.06205231
2.07360871
10.62398161
11.56262300
0.02360047
1.14355469
4.47512578
4.01510859
1.04199219
8.70479278
6.36372894
0.87630250
0.68993580
1.38745678
0.17932129
5.94486481
7.62837738
9.23950133
3.59252992
0.91556793
4.29642731
2.75435394
14.64961762
1.17683899
1.96085633
1.97363281
3.27103668
4.37853724
6.01253546
5.80423981
4.24849457
3.45751081
5.62354388
3.35449219
8.46004211
1.39866913
1.06986481
3.35005707
8.85209137
0.42346160
9.88024933
6.49385528
0.78344789
3.55789506
7.62765181
6.41299978
2.71523715
1.89910682
2.00781250
8.71069149
1.05570589
2.58068069
0.77356798
3.29642731
10.57140584
9.10909463
1.24080507
1.74544769
3.83247894
7.13972961
8.73453236
7.24748116
8.76395722
0.59476839
2.43164062
6.44628906
0.68989895
7.48417331
1.91340814
2.59831061
0.72412109
6.88134641
2.60903785
3.00663176
0.74504941
7.14180076
1.94836768
0.75651125
2.50585938
0.26074219
5.11328125
0.53906250
7.61750222
1.88009696
6.44576019
0.02291870
0.60253906
12.62890625
24.56416778
5.22587129
7.39274047
-0.00086425
7.55078125
1.27396637
4.14888519
3.46830231
1.08833832
0.47049957
3.14591243
8.87357823
8.62500000
10.40580231
8.21529144
0.14742004
4.63326019
6.38671875
2.68208832
5.96980774
2.17879211
2.74353058
5.77689606
1.06534851
13.10937500
6.87500000
2.04492188
13.89834885
0.42782302
18.71695922
4.61507203
11.16104167
14.32333333
2.48437500
8.80105165
17.83957335
1.08858184
2.74129211
1.80489168
0.33105469
4.20941712
14.46636413
0.73876953
10.33568962
3.13135139
2.33275931
10.75805851
2.39258062
6.24225621
14.79245234
1.24654144
4.28125000
2.59960938
4.08386137
0.86295656
11.99939463
1.17534352
9.90022828
5.93404144
19.00768950
0.20593355
5.46830231
5.01953125
15.87544769
4.32377106
0.77563414
3.86120512
4.83439273
5.82120789
1.70800781
10.57218013
3.33651318
1.56250000
8.07876940
5.41146498
0.57332336
5.39933289
5.12109375
5.92634198
1.15178302
4.89363586
7.58195008
4.76953125
2.38342254
5.73571808
0.67338043
1.10982269
0.86653563
4.08125886
3.40474457
11.14664672
0.68884308
11.47363032
6.11148050
5.12192043
6.04970856
1.89124999
4.05729001
3.71313663
0.80371094
1.01078277
2.29687126
13.79634862
0.52392703
2.02717891
1.27909519
12.87500000
1.52604125
5.26485261
0.37597594
8.59464539
6.40804078
3.27734375
3.09277344
8.34375000
2.16617797
2.62634308
5.26817820
4.38607809
2.38041168
2.09419769
3.73392731
3.96471576
7.29281139
1.22387633
0.59716921
0.94726562
5.26438997
16.15593528
0.40881690
7.49948804
2.02049090
4.17000305
4.48527039
2.80859375
2.70463043
2.43794769
9.53125000
8.06827571
2.76766179
5.92285156
7.70312500
0.78955078
0.20922852
14.74430297
15.43929078
6.32698360
4.55582890
4.86539672
4.94531250
5.08337433
16.29687500
2.71724457
0.27709961
5.06750333
5.09265292
2.25992797
5.48421265
7.78816711
7.11763519
6.25000000
5.60982269
12.10888298
1.03369514
1.51029449
3.38085938
5.15588099
1.87776983
0.47509766
19.19325825
5.64022163
9.23002106
1.51851286
10.69287234
5.62262855
1.80315270
7.22668301
17.03662234
2.45446808
0.20872861
3.50626773
8.20756012
2.30708832
8.15189606
4.03560394
1.01171875
16.62109375
4.10367797
7.32210328
3.47460938
1.62117492
1.98722351
10.30033356
6.09061614
1.88639406
0.01905823
2.20007324
5.51562500
1.90722656
9.35156250
6.42578125
8.15615861
2.94462378
11.60937500
6.95312500
3.33626219
2.09102449
0.25581879
5.01570368
2.33390569
7.91796875
1.13964844
7.11104278
11.54520722
3.67406915
6.55985815
0.35054535
12.90535461
3.93106993
0.06054812
0.09960938
2.59818512
1.35404449
7.11027039
1.11621094
0.80427915
3.79533023
2.69335938
10.11718750
8.30379211
1.33976258
2.71289062
1.80525571
0.09110660
3.14754211
3.76652039
2.29471521
4.65059729
10.99218750
2.80033356
11.13154810
1.44800116
0.07946777
1.17889404
0.90189606
6.00826019
0.23522949
8.99246787
4.42493018
0.26228945
1.82551575
2.14424590
7.04540891
0.97200687
6.93359375
10.11193817
2.57316101
0.27042664
9.77367728
10.17761635
3.11612976
3.87740082
9.06058622
4.19332003
1.08105469
13.08593750
9.93463653
1.48723847
1.34106445
7.40580231
1.43111176
1.19238281
7.14065936
13.56990913
6.41833776
0.82958984
5.02539062
0.11077881
6.76082336
6.88102172
0.19116273
5.33170407
4.47054078
5.74942930
5.45381870
2.85485871
5.50122008
4.74898161
4.20638187
20.20383178
0.45182312
7.48347961
2.04777039
4.38582336
6.90368683
3.34179688
0.24837157
3.06795102
7.70190492
0.47444828
1.34863281
3.23779172
10.56543093
2.39648438
0.89465301
5.16149933
15.45312500
0.27343750
2.85488559
0.14466672
14.15083832
3.58886719
13.53816711
0.01832093
4.08593750
4.12890625
1.10644531
7.21980275
0.05021678
0.92242432
5.12890625
1.48046875
12.99885860
9.15470523
4.61206117
9.89843750
0.49088500
1.80993683
9.03906250
6.03560394
10.57136525
1.68404643
9.42622894
0.10931365
0.93054230
6.60611813
12.48372562
9.85916335
3.30099290
9.91809620
3.72643505
1.57910156
7.98046875
4.59765625
2.21484375
1.45214844
5.32031250
1.70019531
12.09285461
0.48620294
2.14909186
4.03515625
1.19921875
4.32221881
11.55172096
1.09481023
2.52343750
11.27933622
4.26485261
3.53304078
0.52977529
5.80920877
12.55212433
1.18847656
12.15596465
4.48661347
5.75654872
5.90092198
12.36502771
1.31465979
7.86328125
0.75000000
3.91113281
1.25549285
6.28214539
3.67622894
7.94653258
6.04565492
7.42187500
14.81640625
3.75691711
1.14066434
10.18461214
12.19958527
11.52388519
0.65482574
7.73872894
5.40234375
0.49316406
5.25789474
6.74646276
1.89880402
1.32128906
9.04418883
6.34643617
4.68359375
7.45703125
3.55664062
10.12304688
10.98002106
1.42720551
3.90820312
0.83544922
2.81445312
16.73414230
1.08060699
9.16752106
3.06339539
7.96394836
6.22676419
2.42256870
11.23771055
11.38370789
1.50508699
5.97342864
1.34928468
2.68554688
6.64294216
10.14938573
3.69352172
6.90759308
11.38957321
3.21228058
10.79439207
7.24479250
8.92789672
1.82165558
2.23457419
0.22925241
5.81986481
2.70418274
2.53259308
9.67089844
2.76232879
7.07946808
1.14550781
5.42309508
1.76297817
1.05318456
6.70658356
1.10493988
15.05707488
12.00455563
4.16215121
3.60062777
7.29687500
7.14459996
5.83965203
2.67590425
11.18314606
5.73002106
-0.00592529
5.25781250
2.55183899
2.43644226
21.40199912
2.50525432
3.49313718
0.65234375
2.97521942
2.49157746
1.20898438
7.64066434
9.54597961
1.30066074
2.89660645
3.34960938
3.85803192
7.04252106
2.49609375
4.67757203
7.27030364
9.11250886
2.65205840
4.93973847
7.13972961
8.32108489
7.48449800
14.11774023
2.84936337
0.31185187
1.74370725
2.37752382
9.22416168
17.22650115
2.81233765
0.48441559
8.50240082
2.15820312
13.25333555
3.97143617
2.08577515
3.02135639
1.06262799
3.44967837
1.38918882
3.29687500
5.01729278
0.13350465
13.41573028
2.07657774
5.25146609
6.06774933
16.35835661
11.38618241
1.14067431
1.87357574
3.88627106
0.66381649
3.92602726
5.41841644
5.35201019
6.75781250
9.62500000
2.59179688
11.13627106
2.20629571
6.32746565
6.53748337
4.47314827
3.01015135
0.98502687
0.07602936
5.36372894
9.19531250
7.16695036
2.61580507
4.49295989
1.76090578
2.02001829
12.32914339
4.51517731
8.27762412
6.21155252
7.59707558
0.53085411
2.54349762
0.82332336
6.17915863
1.61905945
8.46683622
1.10152316
3.82893641
4.38049534
1.08931488
12.56839872
1.52482242
2.09570312
3.19531250
0.29556025
0.11893956
2.28755707
11.20549818
9.48014406
0.18627930
2.00512633
5.83728058
14.59810394
10.86808289
1.93261719
1.07910156
6.17700133
7.78379323
3.12815380
8.14326685
0.87520667
0.58234639
2.46150820
7.39553968
4.90133283
18.61808289
15.87703679
1.26021332
4.74955231
8.95158652
1.57397523
2.68359375
1.47542297
0.77832031
4.98917664
0.59960938
6.68750000
11.44917443
7.94914007
5.96427305
0.45389988
10.79162567
13.30969083
4.57145390
7.89453125
4.85937500
4.21875000
8.88537567
7.97285794
3.86832890
1.25467490
1.75167276
4.20703125
0.49511719
4.67073360
5.73942265
3.64408356
3.91137633
10.95235261
7.82767731
3.18945312
3.30460384
8.24857823
6.20312500
15.55468750
7.05078125
12.15316523
8.21386968
1.01733336
6.95581117
23.12064606
14.01475006
6.26562500
7.21183289
10.36193817
1.99486869
5.26233377
0.27392578
7.40926086
0.71378601
5.11629211
1.74160683
0.74659325
1.26159668
4.06640625
4.90234375
2.80814606
11.81595856
4.59952571
4.35449468
5.32421875
0.47583008
0.11633301
3.00341797
0.89062500
3.65429688
8.38281250
7.42348848
0.70887632
8.77779144
3.79927333
2.11071808
5.75895390
4.74039672
5.64595302
6.35539007
1.59029144
0.82910156
2.40926086
8.27433289
3.47998047
4.68314606
1.04394531
5.32678192
6.66540558
4.34195922
4.67997285
13.00691711
6.03995789
0.24108887
3.68118286
7.45703125
4.87064606
10.79492188
11.18191601
3.45915669
12.36148050
0.82406637
2.95898438
14.45959886
0.66885969
7.22993988
5.04252106
7.12935394
1.11132812
3.91996122
0.56001925
3.60188719
0.53727297
3.48242188
11.46223626
5.77213874
0.54060852
2.87349457
5.62544769
0.15356445
4.40490692
7.70446808
9.98437500
1.49804688
5.53991357
4.88196143
0.77148438
2.16617797
12.71565797
3.71394836
1.53702820
3.69726562
5.00345856
2.13835278
10.72066597
0.94132383
2.69002382
4.42468168
20.96842531
2.56538910
7.14575133
15.73270722
3.20747894
3.21786809
3.06741023
16.59375000
3.64062500
4.29943817
5.94576019
1.33097351
4.61718750
7.54394531
20.94877106
1.40234375
7.63061886
4.45924534
10.32747375
0.70418180
6.32222628
0.71732574
9.82466644
2.33398438
5.93359375
0.01198578
4.69485484
1.84616079
0.31225586
0.44372403
0.15051425
1.17675781
21.90580231
5.66137633
2.12813386
6.82421875
0.02455139
7.93660461
16.15625000
10.28800476
7.48347961
5.48527039
3.75390625
5.62353391
3.03084165
1.74210882
2.02929688
4.48437500
1.37109375
4.35502106
3.85725205
6.13245345
2.52734375
4.48950133
3.08731993
4.20149158
0.47949966
11.79515293
3.27515957
8.86718750
2.34720856
0.81099457
6.00146484
2.34061614
6.93672761
5.52734375
9.06941711
1.20206726
4.13671875
3.51307750
0.22479664
1.07714844
3.71183289
6.02343750
6.66617797
1.01825678
7.91186835
3.21769226
0.54199219
8.98535156
1.40136719
5.02298981
10.30814606
0.12748230
2.61505423
6.86255319
7.09558137
4.42968750
0.75927734
1.85937500
15.58203125
4.00153958
0.72351105
2.00146609
0.53027344
1.74121094
1.63191711
1.25565935
11.31515181
0.99658203
8.94339872
1.65954621
6.16853945
9.49218750
5.28035461
12.44620789
1.13476562
3.37890625
3.27148438
0.27392578
6.19273937
5.02894032
0.71541196
2.27579898
4.39017731
0.89794922
5.85412567
8.00777710
17.07083888
0.47644323
0.44091797
1.88076948
1.57141954
9.87154144
6.32979278
1.45784547
2.52844083
9.74153812
0.36987305
1.00097656
13.62117492
9.69620789
0.04949951
8.77444593
0.39547595
0.18005371
6.55268507
11.57169991
11.97931738
7.30254764
2.48242188
0.04549377
3.78063996
1.23535156
7.14453125
3.52822419
5.70419769
0.05468750
1.12898088
0.83405807
2.18893173
10.41499225
1.16508588
11.52779144
3.34284464
5.05949911
1.17675781
6.80033356
5.73502438
1.03690769
1.94433594
8.11193817
2.64790863
1.05220551
1.80806488
5.53503325
1.61633394
1.98958250
4.03009863
1.31527980
6.00166279
4.87830119
4.99609375
4.89159907
11.41789007
10.06250000
18.76896055
1.66772523
0.39339234
25.38207946
4.08609486
15.26111432
3.63716644
0.21146637
4.31025654
3.49683178
1.57519531
10.86709885
3.29394780
0.27352366
6.93660461
1.98238129
5.42968750
4.64453125
8.39318817
1.22640015
1.65287262
10.03063498
1.86295781
15.88664007
5.37938830
1.60018506
1.71573914
4.28470856
0.79341644
5.25000000
0.01576858
8.11310270
9.77552858
0.66951477
0.62003601
9.21439606
3.16166168
2.81410227
3.35232047
0.54199219
9.05814606
2.15523285
0.55135070
1.93448914
0.72900391
6.31205231
4.64497894
7.93359375
1.21191406
0.22363281
0.46630859
1.16263824
12.30509087
7.10596088
2.69169658
6.92045012
18.67801972
0.93351258
3.50887024
1.68102809
1.44539616
4.78189938
6.74186281
1.06909242
3.38415558
16.90293334
2.44515015
4.12967864
2.78243074
9.67968750
5.50789118
6.48820257
4.40523161
5.39554964
0.32202148
4.07070590
2.21835660
6.40625000
8.01908356
10.07962545
1.70748393
0.79683441
7.90580231
3.42016290
1.93184729
0.94628906
7.33939606
3.19005818
7.38220744
0.68160004
0.92822266
6.28023192
5.62813386
5.92232269
1.25292969
2.83691406
0.74051848
6.65502992
8.09663786
12.55224734
6.32812500
2.85351562
2.23730469
7.03404921
2.22917497
1.73881012
4.96919769
7.74263519
0.32222286
2.41911015
0.23596191
14.68231938
1.02471187
2.37304688
4.73828125
4.74869127
4.40999390
5.10486369
7.31652925
5.51517731
7.96439606
3.67618836
4.63972961
1.09712738
5.47310394
6.22664118
1.76945257
8.03486592
2.25810283
2.17728668
1.85713715
1.70658356
1.33300781
0.88146942
4.06384308
6.86763519
7.81115692
2.52042664
1.18111176
3.29882812
2.12695312
5.72957336
4.72656250
5.40234375
2.94640085
2.35185782
11.39062500
4.35937500
1.39583250
11.89658163
10.03019725
0.38203949
10.62500000
1.59472656
0.41776520
3.67460051
5.56998781
1.14062500
4.78311946
1.30969456
0.86295531
5.96272828
3.49458832
6.08548981
6.49654144
3.59077848
16.70646055
8.72283800
0.40765735
1.46679688
6.81131926
7.58471742
10.09439938
2.88261081
9.44531250
0.52628477
0.12471621
1.21484375
5.02030364
6.51306183
17.05635528
0.74589082
3.17366578
8.23437500
0.38773590
8.78125000
0.53658051
7.75439329
6.35123781
2.95117188
1.73030640
1.60990387
11.26896055
11.82478945
5.27779144
14.57445479
4.51148271
0.97363281
3.89631705
1.05290170
5.79252106
8.97912567
11.09458062
6.93888741
5.87845856
0.30660004
1.14843750
0.99891932
8.72591312
0.87866273
8.10742188
1.03169769
6.01127106
8.38281250
2.76127106
-0.00087463
2.69783134
7.98486702
3.24068207
10.60884613
11.65229943
3.34477089
1.69929992
3.25480164
2.16601562
5.13659575
3.87121675
0.41796875
1.75769043
3.79492188
8.90794151
9.28649933
10.73490387
6.01171875
1.65376801
1.88183594
0.02037048
3.58780696
3.01865526
2.62986590
0.39135742
8.41825192
8.99210384
2.39005928
2.56205231
9.81250000
4.17500388
3.55005319
9.11718750
0.00962830
9.30379211
5.52734375
1.71280945
12.02254211
1.63439910
3.67142481
4.86108710
0.83256012
15.73091644
6.53295898
0.44319641
2.97745789
6.32364805
12.97668550
1.52709774
8.61983433
4.62109375
16.21439606
3.78125000
4.67578125
3.63716644
2.74707031
4.29687500
2.15039062
16.70072418
1.32271332
0.05438232
3.95808899
3.64335051
10.17981050
3.78369016
6.41162234
0.58154297
6.34667969
0.98828125
2.00976562
11.14884087
6.24959663
2.37475025
16.77001369
0.88818359
7.25781250
5.49609375
0.24161742
3.00179078
1.42578125
4.05671931
8.90226507
2.63085938
6.92142731
11.44180962
1.94926307
7.17578125
4.27298981
8.22220856
6.56640625
0.38814301
2.68314606
6.00089539
0.06107574
11.43574358
1.88306349
5.49609375
6.60156250
2.75345856
2.94380707
2.08007812
0.91019684
2.89888519
5.98046875
0.21643066
2.30741176
2.90303745
10.12500000
2.37410461
13.39933289
4.48437500
14.32377106
1.35058594
10.44185394
8.16936493
9.73437500
0.11535645
2.39062500
7.04882812
1.44201629
1.63415558
3.39843750
10.44531250
3.36718750
2.95039451
4.91243905
4.44193263
1.77291112
3.61177582
12.03702571
2.78719304
12.34699433
3.05778701
0.02492439
3.54191101
2.50092975
1.16508588
3.61197751
1.66784824
7.91841644
1.71862700
14.86356535
2.32161624
4.55468750
8.40189606
5.26562500
3.33638519
4.62890625
0.64257812
8.73783356
2.03230774
5.14587433
0.42032649
2.83797429
0.25317383
9.76562500
6.49031555
6.74564606
0.80798371
1.20560699
3.02974457
8.11718750
4.08158356
1.43651222
11.85201892
8.01725499
4.02388519
0.49462891
6.10937500
7.45658356
2.93705231
6.32120789
1.25406361
0.14876842
3.65917969
4.93660461
6.56730164
0.98388672
5.06250000
1.66210938
14.48649047
3.89346853
3.55318705
3.38468196
3.19820036
2.35115913
5.23095703
6.96048981
6.68782469
1.50012300
7.19140625
2.49258339
9.10977837
9.28923980
0.40234375
6.34375000
4.27901153
5.64286347
12.10502106
2.80456450
3.10213320
1.61328125
5.51562500
1.31250000
8.60546626
33.78328679
13.16316711
2.64241578
6.65111370
3.08326130
1.90039062
5.25781250
0.66251524
4.04858461
9.68839539
4.38326019
11.24633291
3.38326518
1.08300781
10.00565520
3.53348847
6.90323914
1.99316406
11.59570312
13.85062652
12.68135528
1.89603170
3.55977947
5.61718750
0.54878629
10.25793550
4.32902039
1.69042969
7.21450909
3.18783466
1.24857574
4.83638519
4.65970856
4.13146942
2.51546265
2.95751829
9.10847961
3.05660128
6.99955231
0.31709809
10.39497894
1.10058594
0.56738281
10.67187500
2.44490415
1.17610719
6.79655031
10.86527372
6.69030917
4.12109375
3.43643230
11.76913286
2.79248171
3.55859375
0.64794922
5.06250000
0.52982512
1.32690492
1.59224457
2.57812500
6.60892731
5.49263519
1.15039062
7.18635860
10.49064273
3.96264711
3.51171875
12.78202239
3.28605164
7.95885639
1.57463209
1.19433594
6.26684508
15.97220856
6.55346742
3.98482269
3.43961547
5.15197723
2.70430574
2.09395169
3.96854831
7.56347407
3.92045323
7.07076019
2.81026153
12.63114472
2.71093750
9.44877106
3.33328569
1.68278701
3.36914062
6.66292110
9.06274601
0.69189453
0.50919617
9.55879544
6.29667331
2.71289062
1.45507812
1.87207031
4.50732422
6.92700133
1.86584442
1.86145113
2.73002106
5.06685394
0.12469482
1.07926391
3.08186890
1.14530301
4.10302859
1.73437500
2.35201019
9.67382812
11.01493192
2.88841590
2.00562832
3.97656250
5.70357269
0.45760070
15.94966644
12.99475067
4.56730164
1.54093445
7.61442016
2.64587433
9.51639739
0.84586672
2.70312500
4.31542969
1.76517731
16.62285462
-0.10482880
1.74812317
1.66210938
3.69628657
2.02246343
9.80200133
5.61161347
1.36275238
14.91881982
12.59924534
1.54594027
0.92915863
5.70214844
4.00382259
9.10917082
1.88513464
6.80167664
1.18847656
4.31282469
3.50878501
0.90633616
6.61763519
5.37109375
4.52343750
0.18408203
12.86121114
0.60869376
9.73753605
5.89100398
6.78515625
0.15653473
1.69522946
4.93729831
4.43660461
7.38102172
8.73706117
10.96439606
5.63268950
1.65096132
2.03515625
5.18676197
0.93388408
9.35249848
3.96683123
3.29684064
0.37158203
6.77856258
1.45825382
0.97338805
3.69950410
11.47896332
1.76961242
0.05875672
7.27644836
6.59810394
12.37605275
1.57182291
3.99918329
5.69791999
2.05484985
0.84798219
0.95369445
3.73575867
2.98978668
6.07979278
1.04565492
7.00992797
3.15563996
4.63326019
0.74658203
3.20503629
2.65726839
1.80944731
4.69844636
1.01493130
1.72868046
5.76607269
5.54585661
7.99320589
7.81103391
1.71521121
1.79252106
1.39009613
4.80859375
0.53320312
5.49039672
0.10371949
0.00159836
1.39233274
4.10725953
0.37467531
14.77510528
2.29325410
2.49539185
0.64949524
5.65714539
7.70312500
4.39062500
8.07006649
1.75024601
11.57204899
7.00749778
1.83906389
2.34375748
1.14974124
0.13439941
5.55468750
1.81152344
14.04296875
6.43164062
6.02518396
12.08247894
1.49096991
0.78190063
4.35290558
16.18573326
4.67187500
0.27172852
10.90054300
8.07166555
1.33931488
4.37845856
11.13972961
8.54218640
3.09978169
8.74987700
1.76086519
1.74662262
0.97847504
4.65404588
11.29081892
8.23091644
2.56640625
1.22318512
0.43676758
4.87662345
5.74735815
0.22143679
5.51415891
20.42866911
2.39506261
10.34082031
3.74804688
0.12902832
1.74414062
0.89320218
5.85347628
0.95751953
3.01835051
7.30301972
8.27034547
4.12500000
2.31986481
0.92936156
1.39091035
7.32031250
0.30366911
4.98539339
3.14978027
1.56347656
3.71679688
2.22656250
0.56355774
11.39152039
1.95027649
7.76652039
0.01777649
5.33024047
2.45100953
8.87500000
6.21484375
1.30468750
6.98046875
0.17614715
2.19425476
5.41451019
3.84960938
1.11132812
4.58496094
2.99609375
5.82722961
2.67879211
3.09749390
6.14526180
4.69466312
0.44474305
2.00390625
5.79162567
17.84128990
2.72255318
4.84765625
2.00976562
0.07912170
9.01652039
12.54162567
4.41451019
1.94327820
3.77810617
1.82496176
4.45357269
4.27254211
11.72310394
3.79304743
11.21297429
3.58349485
5.78886081
5.62500000
0.25663083
10.54622562
1.69779449
10.23783356
12.42622894
13.48168883
7.18672761
1.49902344
15.80562223
2.28812777
2.18977782
8.37141844
5.32621122
6.24038675
7.65540890
5.01953125
9.42187500
2.06205231
1.10306793
6.62198914
0.29174805
10.44006317
6.37198914
5.49393645
8.03531984
7.50000000
0.63631164
0.88126648
7.54003906
11.59924036
8.56286901
0.45405973
2.63969027
3.44363891
1.77685422
6.04878878
1.66906583
2.73872894
5.43147828
3.71720025
4.82483377
1.78125000
3.87064606
6.00199247
4.74540191
2.46179355
6.06449247
10.56351839
0.75528992
7.94140625
2.17968750
8.78125000
7.11213985
1.08805546
2.85009766
5.90625000
0.87548828
0.36425781
5.32812500
1.63041168
0.77095239
10.73881261
2.74532136
2.84497008
7.57255097
2.16060394
6.93090758
12.99853391
3.51587101
1.28906250
4.23266290
1.59155585
2.14062500
4.59375000
0.12927246
0.94189453
7.32128906
0.65429688
4.77734375
0.54451290
6.22334995
6.57031250
7.29252106
1.86372894
8.13577904
3.78609596
0.83882660
2.20189121
1.37867519
1.51277649
0.93253352
3.39746343
1.15136719
3.16400821
0.54106992
0.56103516
4.26171875
6.41869993
1.55713015
6.93123227
6.77925753
3.99654144
0.71337891
1.08105469
0.36710508
2.81502382
0.02439880
1.69195557
0.59484832
3.97790558
3.71093750
5.31160461
6.51968861
3.12769115
13.99725954
1.43393339
6.87904367
11.13523824
1.33435090
0.17061371
4.19779449
3.53666168
4.03995789
0.85355621
5.92232269
7.71671321
0.11535863
4.72017426
2.30033356
2.85201019
2.04492188
0.59655668
4.01875886
9.69750665
1.11686530
10.23843861
5.24593639
1.09472656
11.33300532
1.31347905
1.01855469
3.58141623
4.46936502
9.60502106
2.38130707
8.50691711
0.80607117
7.39017731
7.87154144
22.16398239
0.79740387
3.04002909
2.42819204
7.43750000
2.08984375
11.55444149
3.49786210
10.68109485
2.25195312
1.02396637
4.14257812
14.32710661
2.67920046
11.20587988
4.11678787
8.85685616
10.48437500
0.28556398
5.90625000
2.53275543
0.56050629
17.38871122
12.51997894
5.17724734
6.14408356
1.79178801
3.79459718
13.46915337
5.36287788
2.27363669
3.18347573
8.38716644
0.46484375
5.57287567
4.42366578
7.27154810
4.15724401
10.34464539
3.29988586
10.25870789
23.96017953
2.64568262
0.26620816
8.00675352
19.23234070
4.77701906
1.44051086
1.03576629
8.45145722
7.58211881
11.90470523
3.28906250
1.68457031
2.80664062
2.59798094
4.64030031
4.38085938
1.62845856
5.38716644
8.32800200
3.43522218
0.94384766
9.62231383
9.79777039
6.76197419
1.12893616
2.01562500
3.87455231
1.24922450
9.61230718
2.70886137
10.86641511
1.55025238
2.68021388
2.74992132
5.34452239
3.71113420
2.26030197
11.45943207
2.61673981
3.36523438
0.08398438
9.72656250
4.55904144
12.23950133
3.02417054
2.71679688
1.25736481
3.40474457
3.35351562
13.64843750
0.50712066
9.57722961
0.80212433
0.35766602
6.25710883
5.21119348
1.80033356
4.53409851
8.34375000
13.40010528
0.20254060
5.02526264
0.04508422
13.91585328
0.01437378
1.53276217
4.27349179
12.62320922
7.47835328
5.35021942
6.81429078
0.06799285
1.67647246
3.24833222
1.76631621
2.64917054
5.89888519
4.24218750
17.85473571
0.72253449
3.83984375
6.76261414
2.53995789
2.67382812
1.55314024
4.19152925
0.88382965
4.85753990
10.77018312
6.13106604
9.93750000
2.29581726
2.77884918
0.32470703
1.21516844
0.83703707
2.93443734
2.53109762
13.76395722
2.87064606
11.06250000
4.47701019
8.90486259
7.06779366
2.01517731
11.70747894
0.97656250
7.62109375
1.23002106
6.49396831
5.61886524
1.34952820
10.99218750
0.03091431
3.68847656
7.51127106
4.06205231
2.59590481
1.18721714
6.86238586
15.41116592
0.99353806
6.94673427
2.43021886
15.42382812
4.00781250
10.44531250
9.00781250
1.08398438
2.19335938
13.55303414
0.08368461
1.32812500
9.31058622
16.54567599
2.86360469
5.73071476
1.16646332
2.96333832
13.83210993
1.23384862
2.59615082
5.91015625
8.03718307
1.93352005
0.84179688
4.29252106
4.92533356
1.17472351
2.32031250
1.50000000
14.72020612
5.56702127
8.07605385
7.79174618
2.30298038
11.06058622
11.66035794
5.35103612
7.17801972
1.84037262
2.08247894
8.43640137
3.48242188
10.80273438
0.95312500
9.89428711
1.06152344
7.02130127
1.28861481
0.64156098
6.77608109
3.75406860
2.93343140
7.65234375
3.96244293
6.64562833
4.43685062
2.44921875
7.56957447
1.45190990
1.65136719
3.48730469
2.37695312
1.71875000
7.43560063
2.88080562
0.11260986
1.60379599
1.60714151
11.73646545
1.18953430
1.97550476
8.30033356
9.03560394
5.98338099
1.94345799
4.94620789
7.29073028
11.04431183
5.26261414
0.47265625
1.59765625
0.19232178
3.03397551
5.18440548
4.98474401
0.46390777
2.80513519
8.27343750
8.01863586
3.64550532
1.48197667
2.19860871
5.25781250
6.22679854
3.58960771
1.30411773
10.26045746
2.20898438
6.67879211
8.31160461
0.53063996
20.27020735
0.33569336
7.13435727
0.20182437
1.72419230
5.12981161
0.29980469
1.71935568
5.82829233
13.34810394
2.61328125
0.27197266
7.99609375
5.20556516
2.81591921
8.88000333
4.57702792
0.28637695
0.58613919
3.52714206
0.52636719
1.06583430
1.04651097
4.99654144
0.32543945
1.55169678
6.43750000
1.39941406
7.95312500
4.41926751
1.02604499
3.88801751
3.17057624
9.69531250
8.82120291
5.04704233
2.38582336
21.54528840
11.40144867
2.42382812
11.48339844
4.45658356
8.35131649
3.75850620
0.83597809
2.61673981
0.36519379
1.06001801
6.07979278
3.48075410
4.10937500
5.93314606
1.27298981
6.98681516
2.21134585
0.53417969
1.61205743
1.84936835
4.34330231
0.90645044
12.44311835
7.43277704
6.89925421
0.14392090
14.82208334
6.45135416
4.44689941
1.17728668
3.56490082
1.26415891
5.33260195
0.03702820
5.11059508
3.51440492
4.75686780
15.54887743
10.94620789
2.29687500
3.39801668
9.84905363
5.01171875
1.98046875
11.17187500
2.01562500
1.91992188
0.00699997
5.55541868
13.81005984
0.57812500
1.18302305
10.38293550
0.97163910
5.73649047
10.80366911
9.15470523
1.92915863
0.63728820
4.58136193
8.00066932
0.61271180
10.60937500
0.24108887
1.89648282
1.22155917
8.53035461
0.54972351
2.90429688
0.02383423
11.40625000
1.23588043
4.82857269
2.85546875
1.23828125
0.48706055
4.68705231
7.97611481
0.39278168
4.00435394
5.03861481
1.97265625
0.34615082
5.09265043
11.11731050
0.95117188
2.50931793
0.58492035
3.47359098
7.60648434
1.34021276
5.14843563
7.36743351
16.34708555
5.14119570
0.75146484
2.22070312
1.20796536
1.86503269
2.11523438
7.78369016
5.21195589
13.67968750
8.36372894
2.96199524
9.19185394
2.08267814
12.20445812
2.50139738
7.80777704
1.63948858
11.58593750
0.34423828
1.39160156
8.93750000
5.34676086
9.98527039
5.64017731
9.16060394
1.99609375
5.07421875
2.75397496
1.98625941
0.84887695
9.29252106
2.46333832
6.17219969
4.15201906
8.70547651
3.67733599
10.55468750
7.62109375
6.09676086
0.81149043
14.49511968
5.26216644
9.47310394
1.44291168
2.16551364
6.11423093
6.73828125
0.53662109
2.01953125
3.09916168
4.80423981
5.02042664
0.21960449
2.00479790
2.48592475
5.80859375
0.27038512
6.98706117
8.10465204
7.26554632
4.00089539
1.57899674
1.95871398
8.03125000
1.33638519
3.64123504
6.12634308
4.50609542
0.71460771
10.61914062
9.66483489
3.37032136
1.89746094
1.15152829
0.19983066
4.97753657
5.47904698
2.69588195
5.47790558
10.93404144
1.39746094
8.12845856
1.96724457
6.19936116
1.47642009
1.40177305
2.99275820
8.83841700
4.42468417
2.11385195
5.38582336
10.28816711
8.08068817
8.82299867
2.40474457
7.06152344
5.54308926
4.99890292
0.63769531
3.10132018
6.34753325
0.27181156
10.45430076
1.03007424
5.01171875
2.98046875
8.09375000
4.91684675
6.81122118
6.35591644
0.41918945
2.56791168
2.05619293
4.33683289
0.19278930
0.05531861
2.72733364
17.88098238
4.93957613
3.27388519
10.46875000
13.53396087
2.56542419
2.68436738
1.25052887
6.23828125
1.43990082
0.18383789
4.26806516
3.19873171
5.87064606
1.51135223
13.47054078
3.27148438
5.16605497
3.85819426
4.32926640
0.24853516
16.16760254
6.83353668
10.25256317
1.35148133
0.32584656
6.31507087
7.12707115
4.85087876
0.92915863
5.95129239
6.67814273
22.15861842
1.70608709
6.35546875
12.14139739
3.05977449
1.88378906
1.77584839
0.83060699
1.51411957
7.65856716
3.93518284
1.30525072
3.80510084
4.09765625
4.64843750
0.69238281
2.22656250
0.42972591
0.59578679
5.91166168
0.72993988
5.05078125
0.89865870
13.76241245
0.41381898
0.04671447
0.71569855
11.67871094
2.56461547
1.10530640
1.36523438
8.76562500
2.21289062
3.10375977
1.23685699
1.93391844
18.24231050
0.23600250
0.65429282
6.93587655
0.55468750
7.34330231
2.42818207
5.20547651
10.29666335
12.20845157
2.55535764
0.91740054
5.65189606
0.94974762
0.02497376
1.54286515
3.41626662
3.18408079
17.66162234
10.09029144
1.23535156
1.07617188
0.27646725
3.60091312
4.56640625
11.50781250
1.76660156
9.19163232
3.66383643
2.19921875
4.89110207
1.98450797
4.80033356
4.75569703
1.89257812
12.24910461
2.76802582
6.49263519
2.61283356
5.81929411
0.56054812
4.17578125
6.35847961
1.60766539
7.62858156
2.09618891
2.87988530
5.26338653
11.32812500
2.76395722
4.08821532
2.69258699
4.73482269
9.04508422
0.19832398
4.40132536
11.47465121
7.77734375
3.70898438
1.98632812
2.92578125
7.55078125
4.94441711
7.92277039
4.60892731
3.47896332
15.15029450
1.27451019
2.48054930
3.64481037
3.16687666
5.47611481
3.24153314
5.95573249
8.09029144
6.82421875
0.92618587
3.22859929
0.55668121
4.22603363
6.88671875
3.44685727
1.68888492
4.19921875
2.96484375
5.67285156
7.02298981
1.70507812
8.77779144
19.81126995
2.45630817
4.60009766
3.63867188
6.48559508
0.44360414
2.53039177
2.74658577
3.54105497
8.65035128
0.05746460
0.11887510
7.10559175
8.85591644
0.75097656
11.68750000
2.55814606
1.73864030
1.86487533
4.52730316
8.62674770
3.50207613
9.92545656
8.90279144
4.85591644
1.71341949
1.33443207
1.97197717
0.27382147
12.55468750
2.11914062
2.83939606
15.88102172
4.64676972
7.56103391
1.63887605
3.50268617
3.71590149
1.41691101
4.75000000
0.86035156
2.33593750
6.94877106
1.99417747
4.98653479
1.54414949
1.77555297
6.13326019
3.99841091
5.02050532
0.53471354
3.88358489
5.90983156
11.54267842
4.31669658
0.87259918
8.23425200
1.62850039
6.52734375
0.99121094
1.69201629
15.96032746
2.85111481
2.13626607
2.20162455
8.69787567
1.28942902
1.88378906
6.11527372
5.54097628
1.97851562
7.95747894
5.81640625
9.47721188
1.48177249
0.19726562
5.44730497
3.52478058
1.71150820
5.09375000
0.24149473
5.27311281
10.13370789
5.10892731
0.10268158
9.40933954
4.05550421
4.33203125
9.25602172
3.37483765
8.29687500
1.74529017
22.38183843
1.00976562
19.50000000
6.86590576
3.23002106
4.26127106
0.43774414
7.83292664
0.48461914
0.36059570
1.29638672
0.59619141
1.36816406
3.85937500
2.57706477
9.53214539
5.80582890
11.52498227
14.96923953
0.28727234
3.12500000
11.16796875
3.63476562
2.55859375
4.09903868
14.41373781
0.71236176
9.17443817
2.15759308
1.75092975
4.02686170
3.99804688
5.98392731
15.79451352
5.75280917
1.21093750
2.63085938
0.26269438
5.48181183
0.79907289
5.57755430
5.72094415
1.73275155
0.62255859
6.45410156
12.29785156
5.87365692
2.88024933
2.29687500
10.77343750
12.53690271
0.30538245
0.03488159
1.05422530
2.74096742
17.97912567
3.18688996
0.37355311
9.98295323
3.20312500
9.36718750
5.64062500
0.18216949
4.38500665
7.59590979
1.24511719
17.50773827
4.88199134
21.53995789
2.01489258
0.94795684
11.40804078
2.84988226
13.69255762
3.06483573
0.63712960
4.66796875
2.09586547
0.38557984
1.11201840
9.20849734
5.56339539
1.03373199
6.51607269
0.12817383
2.00211547
14.02478058
13.73091644
7.80228668
11.17968750
1.26118988
11.89843750
0.14420563
12.20658356
12.97310394
11.26550293
2.13671875
0.90474457
10.80411223
3.17015293
10.43364804
8.95312500
5.94531250
7.04881317
0.37599152
0.54044555
8.13850953
0.45690887
2.17683899
3.45975676
3.84281527
12.99654144
3.68750000
7.14627771
6.44702460
1.21626801
2.13557922
3.94864930
4.35795074
2.82800200
3.64660738
7.71048981
2.81730164
0.97753906
6.93366246
3.28463984
2.20267731
8.09656362
1.81839427
4.60811060
3.23836491
3.83125886
7.62500000
3.71350067
0.79532898
1.38085938
0.99983392
0.70032081
0.57519531
5.99707031
1.77698210
7.27117464
3.87455231
1.87215149
8.47399933
4.57564052
12.24076573
10.09218406
1.06986481
9.55714936
1.30122894
10.41137633
6.47009308
3.56839373
6.01976729
7.67294769
0.06689453
1.42773064
3.82759862
5.88383089
0.40673828
1.86494903
3.69755097
4.99490803
1.84298260
5.27441406
5.11238586
1.31445312
1.25480164
3.28470856
2.12447113
4.10892731
0.71431488
5.84016844
18.37858156
11.52343750
1.13867188
7.84932403
0.88553926
8.70312500
1.33361785
11.91495789
3.36523438
5.95703125
7.04341644
12.26337656
1.50224844
9.84153171
5.97215978
1.16105164
2.35937500
8.92968750
6.26127106
6.72932735
8.24332890
1.06392426
0.17932129
8.99609375
1.76786005
6.11564273
6.42052195
13.24545434
9.45312500
1.19839612
1.74748614
3.25964262
7.34777925
0.59667969
0.81427002
0.45125305
4.11043274
2.90039062
0.42415406
3.04296875
2.34179688
1.06520672
0.27324329
5.67899380
12.42929521
3.65665835
0.28906250
1.73992920
2.98978668
8.04341644
1.47363281
3.57918274
0.75723868
2.01099069
10.56941711
2.29581726
5.36328125
6.87500000
3.75541168
5.91939301
0.46077453
9.90279144
1.22265625
1.54732269
6.76212212
1.74365359
3.38757480
1.50020418
3.55273438
0.55183836
19.56608156
3.38671875
0.25317383
2.66048094
10.92908868
5.71191406
0.69885223
4.78304078
0.80664062
0.75781250
0.82763672
5.04101562
6.98783356
0.25752746
13.69352172
2.36250886
0.26123047
8.71875000
6.86328125
1.73437500
1.10579095
0.63399573
2.04341644
2.71785212
3.84712987
8.11372894
0.24633789
14.78808594
4.46687306
2.16886912
18.99706782
6.67090093
3.88867188
2.27103668
4.77030364
3.70280031
1.03547969
3.06186504
6.31427636
0.63574219
2.53222656
0.16153961
9.65970856
0.35514344
0.02580261
1.72407895
11.01408023
5.71439606
1.17195617
3.14782746
2.47656250
0.94616606
17.69108156
5.00044769
0.12091064
1.24707031
0.49914146
6.54089760
5.32421875
4.97957336
0.10502137
8.53125000
3.54784907
6.29980718
4.42097463
7.75675975
0.29882812
4.05078125
7.15144836
2.32120789
11.09375000
4.93314606
5.55468750
0.50597138
0.01013184
0.00703430
1.77481276
4.20634751
10.30904144
4.37410461
6.08728058
0.51757812
11.47949219
18.50000000
6.31640625
13.30814606
10.68750000
2.16255707
8.24023438
0.21447754
0.50537109
2.85972906
6.53630762
3.92818207
5.75000000
2.65039062
0.89220786
5.08777260
0.81835938
2.33939606
3.72265625
0.11818420
8.22729056
4.23364694
2.16345246
2.16406250
0.49161618
7.13606937
8.78906250
6.37801086
0.21927918
4.64550781
2.97762024
1.22460938
4.05904144
1.89310699
0.99112976
7.55814606
0.79081145
3.66373781
8.73437500
0.53157407
0.76066226
3.10156250
9.66486924
3.29952681
23.23002106
4.52042664
0.29296875
3.42382812
0.13879332
3.96272828
3.66886414
4.10457336
3.21476009
1.59375249
2.34609216
0.42856604
0.49243164
20.13464262
6.18429689
7.97358155
2.43806572
1.56433510
9.89843750
4.92610594
5.44315021
2.79728834
11.89318817
2.43538453
0.86230469
13.35156250
1.67923981
3.22656250
1.55566406
5.39107269
6.78470856
6.77388519
1.84228516
0.35791016
7.34395169
5.67859042
1.75667297
0.16011598
3.77298981
2.14408356
0.18257660
2.93540062
3.02828346
1.91060394
1.69921875
0.18543363
7.50191378
12.67879211
4.15747008
2.23356203
6.28739929
2.57885742
4.96484375
29.43750000
1.32910156
1.80574669
0.05635528
12.78446255
3.28300144
1.10229554
2.72326629
6.65714539
3.15279144
6.86372894
0.14603668
2.50390625
3.73286957
1.28067432
1.74081006
8.39062500
16.18827239
3.13424529
4.48571808
3.27148438
4.89497894
4.55513519
2.59765625
0.01317596
1.62552887
8.97656250
3.56400543
1.59217927
2.36938850
3.75359153
4.68750000
0.55664062
2.12455231
12.73425200
1.98510804
1.13708527
2.04927582
1.40348266
0.02406861
2.92952266
1.91911015
1.52884918
8.04943817
2.50569703
5.20877771
1.26697058
2.37093140
2.82572418
18.23482269
9.19531250
4.58803802
0.03696198
1.92480469
1.02018001
5.01106937
8.61116578
0.39664734
0.48925781
2.37170379
9.32556183
21.24238887
2.65934452
3.25390625
2.36335993
12.84578679
6.84358765
3.76082336
2.26066101
3.86088043
9.88281250
9.04252106
5.06839872
6.62780917
1.49511719
10.43233184
8.42801972
0.09472656
0.16894531
2.43554688
1.12729359
6.10921764
7.99609375
5.60318595
8.43943029
3.09655917
4.97765958
2.21325839
2.19441711
10.26652039
9.36283356
4.42187500
10.05635528
3.07104554
0.60058594
4.81160461
14.23412899
39.31461796
3.19877106
0.98433441
4.92968750
0.03836060
0.54398590
4.73002106
5.96183289
6.92142731
3.87740082
2.64648438
3.76367188
0.37894528
0.72933109
3.13281250
3.08007812
2.06791168
3.35937500
0.87056488
1.31985826
2.09806959
3.14542664
0.17790617
0.60852144
2.90714539
0.28397613
4.00044769
6.14408356
5.66451019
7.86914062
7.31835938
1.49804688
3.65820312
14.93692930
3.75887148
3.71634918
2.07857269
0.69580078
0.78564453
4.85147385
1.50008865
4.91019559
11.79878878
3.21875000
2.42341977
1.78947085
0.00280190
0.46765137
4.29687500
4.97477172
5.04085328
0.95898438
1.58294562
6.32210328
8.11283356
0.39445008
2.52148438
6.03470856
4.73482269
0.97281486
10.44759530
0.68119293
17.38593266
14.04078457
6.24519836
0.97648133
3.78515625
1.55371094
5.43359375
2.13476562
0.54931641
14.26985594
14.42350343
2.99014573
0.51278396
5.28125000
2.30423981
4.67968750
5.94966644
0.00369835
20.19954344
1.35294493
3.18927084
2.47849622
1.70943207
7.33341305
6.36751219
3.44120456
1.47383699
1.07527649
4.23136414
9.07722961
6.30501219
6.65291445
4.25301086
11.43058289
0.13867188
0.62744141
0.15002441
1.55672180
-0.00249206
0.73758755
5.09053745
3.87455231
4.74910461
9.68314606
1.50374390
4.54687500
5.09330231
5.50826019
1.26615387
9.59322113
4.54809508
12.55558289
3.69665558
0.63277191
0.00971985
8.31363642
1.68351507
3.39302582
1.26607269
0.03062439
4.02343750
2.78320312
14.53958888
2.48580175
0.59179688
3.25000000
1.23242188
5.72265625
2.34570312
6.21695922
1.98811890
7.15892620
7.15658466
5.10457336
3.67517121
0.46431488
8.51562500
0.91341883
3.91052526
8.00781250
0.32816559
1.15580231
1.16984070
4.84765625
6.19531250
0.40995270
3.64973969
5.76953125
3.87109375
4.34375000
11.19787567
7.95812833
0.29716160
8.15970856
0.33683289
4.72656250
8.10758422
0.09627320
1.43164062
1.27785110
4.07421875
1.14550781
12.63281250
21.13318205
1.74511968
4.36417664
7.62650543
3.73632812
0.96089691
4.56036315
3.48380217
6.70611147
16.73616578
14.02441406
0.46704102
0.57527649
0.89689148
0.35815430
0.07611084
10.04687500
3.72265625
0.03274536
1.82514040
3.75752389
3.29799201
2.88867188
1.04642731
2.57902039
9.79687500
1.44238281
6.90970856
7.63236481
3.71378601
0.03384399
4.22656250
3.55498228
2.62771608
1.76660156
0.60302734
1.06925476
2.76953125
9.10326463
1.48267287
0.89688463
6.39193373
4.27551270
2.91406250
0.19580078
2.11010431
3.37866522
3.26295776
10.09619016
2.87402593
5.93822806
7.83130319
6.81986481
3.80664062
2.07572418
2.97355164
4.82063719
3.59537843
1.52039279
0.35523769
4.44827904
8.39839816
5.75382757
1.12695312
1.50195312
6.72265625
4.33158356
5.60591644
0.06577545
2.09798187
1.09667969
2.79492188
10.39831450
2.33801363
0.10785338
-0.00020262
1.34199761
9.50370456
6.04101562
5.92399047
13.25846001
9.54289007
8.06982546
1.05273438
1.44531250
7.45703125
7.02343750
0.59570312
4.66361481
15.20479278
1.98706117
2.66210938
4.06152344
4.81595856
2.52315215
2.29760804
0.92578125
0.78987547
2.64847902
11.30468750
6.79687500
8.74910461
12.71021328
1.63654893
4.51551196
0.95674341
1.82637854
0.20483398
10.02945922
3.26779921
3.60854387
4.95747894
2.55468750
0.56982422
7.15625000
2.06054688
0.15104156
2.16451019
13.85371731
1.29862644
2.13041168
9.59720856
8.27433289
5.51415891
0.31372195
2.91312279
4.72872229
0.42260804
1.67773438
1.62580869
1.35820921
12.58850067
5.53304078
4.85937500
5.54296875
6.39819149
2.89042331
10.13716644
0.81982422
3.76367188
6.52343750
8.78470856
1.19681793
2.04191101
7.90625000
3.19832336
5.59464539
0.06458526
2.13332289
4.87565935
0.53462738
3.51411957
8.97041778
9.21512910
4.90942383
0.18701172
3.29687500
6.95474845
0.54329842
6.16361481
0.89595551
4.83113586
1.24495110
8.61934729
8.13024933
6.13582336
0.52189148
0.26611328
23.74369293
14.85994383
13.55252169
1.56258117
4.80904144
3.60351562
5.96919769
0.58483544
5.81510749
3.94321892
4.80055518
1.81046570
0.81343598
3.18843473
8.22758089
0.74804688
2.42923981
1.20206726
8.62500000
0.00478363
19.36193817
8.43045989
4.77791445
1.07617188
6.35546875
2.10546875
4.22957336
4.90714539
3.11629211
0.38614930
7.98437500
0.04647827
0.06507355
8.26092643
2.67384308
0.53149850
6.89062500
3.24841091
3.36682347
1.27539062
10.76745014
7.58411236
2.08532684
5.44665558
4.33504211
0.80314148
11.31957447
3.17065990
4.80078125
3.27734375
5.37092642
3.10546875
7.15718971
1.68184480
4.12500000
2.41015625
1.22753906
3.08341368
4.48840425
2.16544586
8.23527039
0.76269531
10.02351867
1.86094665
0.34014405
0.00491333
0.22847473
10.08320701
2.18331338
8.00345856
8.32442044
4.42956574
5.13773714
1.14685090
4.05122894
5.83984375
0.13395172
1.98535156
5.91060021
3.38436225
10.54740138
1.99450964
5.51651764
1.96289062
1.22460938
2.53320312
12.52453239
3.10791389
2.26831055
6.36873227
3.66227172
0.92309757
0.55185201
0.44580577
4.22795685
2.60806182
0.61262938
1.70365387
4.99710218
1.64844747
1.55716762
2.34354831
2.73677582
2.33638519
3.68228502
4.06726728
1.17818207
3.12772551
2.08321199
1.06221340
0.18314792
2.18466187
2.95267731
6.05122894
0.74951172
2.12304688
3.98209220
0.60392647
6.15128601
3.16796875
16.96341949
1.29732269
2.82226562
1.07324219
3.51175809
3.70588985
4.88196143
3.92533356
3.71093750
3.99654144
9.46439606
8.23783356
0.29020203
1.94140625
10.33073044
1.59863281
2.37500000
0.02980042
5.98347961
3.55525322
0.70345467
4.18750000
1.95808899
0.53865539
2.92809965
1.52880984
7.55244903
1.22542359
2.33292664
0.63134766
0.74480578
4.14360150
5.40279144
4.57421875
1.92490218
0.01579835
8.87410461
0.16398133
3.13088226
8.74564606
0.90100067
0.92761262
5.67578125
7.84810394
7.79150297
7.37121675
6.10351562
1.00781250
2.97407521
5.45804964
0.73160766
0.25500519
5.60201019
5.31595856
7.85567044
3.33618351
2.42187500
5.15189606
5.03324247
1.49157497
5.09770057
15.15712276
2.78043827
2.28710938
7.92341977
4.01309619
2.61426529
2.99741939
0.58904698
7.57934508
1.27461824
1.77819762
6.70100953
0.60005707
3.21138519
5.03125000
0.83039721
0.60596326
6.58247894
5.62544769
0.41414367
3.02583832
4.64883090
5.27650265
1.45011414
0.21533203
4.70857602
1.83545046
1.39152039
3.17578125
0.11895752
0.81260131
1.66097047
7.33203125
0.30721008
0.21219910
0.38781738
1.13378906
3.06762633
0.95678773
1.08158356
0.56490082
0.02859497
0.11739500
8.37166445
0.79557001
0.74992132
1.33789062
2.07902039
6.18750000
0.40600586
3.74218750
0.11224365
8.07031250
0.64013672
2.18554688
0.03296905
5.87910794
7.94493850
1.46326649
0.17989074
11.03163343
9.27411180
2.19905640
15.56852172
1.37784971
7.14766511
8.49833222
2.38220246
5.02875666
16.86931294
1.92126496
5.47701019
0.69824219
10.32031250
4.83593750
3.88037109
0.76513672
1.46679688
0.38964844
0.33064758
0.57812500
9.03995789
1.20214844
1.55598626
9.75651374
5.81900377
5.83679853
2.99759918
2.05183899
3.27624418
12.54097628
1.59082031
0.69580078
1.08666992
6.12500000
9.21957397
4.50390625
0.07264190
7.79341644
0.50223785
1.10742188
5.81066490
5.87972296
1.65635867
1.51624999
6.06250000
1.82506530
2.28214539
3.36763519
1.54654657
5.68050421
2.36629211
3.52469194
5.80831338
4.52726507
3.74414062
2.47460938
2.71535081
1.20579177
7.67187500
1.18652344
7.98392731
12.41227172
4.56276541
2.37892619
2.22416168
10.19283051
3.81445312
2.23612945
5.07165558
0.14379883
0.76562500
10.25272053
0.81661541
1.55859375
0.19204037
0.80306156
2.30139129
6.78535794
2.95036015
2.06054688
10.49039672
8.48339096
1.20785294
1.33886719
1.82617188
0.72953277
3.88236481
0.46978635
1.46622867
9.27343750
0.62011719
0.92773438
0.71719962
8.47835328
0.41846077
3.20117188
0.10293517
1.12182679
0.60123656
3.16194703
2.46484375
5.23950133
8.21752992
6.90234375
4.19584137
7.17378754
0.31054688
2.55863434
4.59419769
4.10546875
7.99609375
3.37019836
0.22538269
2.49609375
4.01310118
1.13635285
2.62764185
6.09245124
3.11417664
2.85636414
6.02832031
0.04309082
4.20312500
2.76757812
0.43603516
8.54687500
1.58398438
2.67187500
0.55419922
0.02416992
0.71769164
3.78694703
5.40234375
6.32812500
1.21297180
0.85929383
0.50785309
4.34785794
1.02173038
11.78125000
4.92187500
0.57177734
3.84061614
1.06075105
0.99169922
6.60969969
0.88346437
0.61865234
13.04329344
2.94258699
18.97643950
1.31701629
3.49902344
5.45849734
8.02254211
1.08532746
7.78906250
0.03613281
4.75390625
1.90189606
5.35201019
1.84427887
0.75923676
8.17968750
2.70735594
3.90592531
0.14379883
3.60388184
5.47656250
3.42968750
0.88187652
11.20812833
6.03841312
0.52246094
3.71093750
19.26041842
6.05078125
0.32255035
4.50793301
2.78450687
14.29290398
3.16064827
7.49417997
0.91207003
0.56423452
16.49536569
0.02107789
6.41005763
9.16281803
5.75960328
4.69998594
17.99308289
6.33907136
2.03515625
13.96510317
8.04671764
1.64015292
4.69726562
3.84155087
3.70878269
5.21919769
2.84570312
9.33939606
9.56587738
8.50085356
3.27941988
9.79304743
3.55589761
0.51531277
3.63148072
8.25304077
1.69726562
1.52441406
0.00346756
0.01357269
1.05151367
11.37845856
3.67232269
9.59375000
0.61425781
11.94726562
5.75000000
7.21875000
0.03939819
0.59138977
0.73993833
9.90726839
9.27779144
5.64798981
5.14986176
0.39965820
5.50736481
7.76997894
0.99267578
7.97241024
2.20727726
0.86669922
5.99840094
1.33948969
4.12455231
4.35201019
6.08174092
6.22640514
0.66743988
3.58760528
7.15848847
0.47680664
4.27689606
2.53096527
6.43692930
0.42049257
1.27693602
2.40307679
10.80200133
7.13639406
6.61450133
13.04174867
13.85579344
1.03580812
11.66406250
2.01367188
4.44531250
3.92142731
9.11014739
0.13859133
3.29687500
13.99910461
0.04923523
1.91601562
4.59988039
2.53175199
10.16662567
4.13460328
9.78125000
1.23738586
7.31945147
2.26542830
5.76953125
1.61328125
3.88142758
2.38623171
3.72745789
10.84765625
6.06843307
1.38273880
0.62304688
4.57767731
5.06294769
9.30712891
1.34863281
0.07080078
0.16015625
8.07722961
0.07187928
0.85009766
11.07454344
14.16434287
2.33683787
15.84992410
2.52458638
6.11910128
0.95756012
2.43208832
12.35375665
3.00561835
4.66796875
1.00439079
0.66561225
1.68750000
1.85786957
4.25390625
9.57466644
4.69877106
5.83121454
4.60282690
2.81205231
7.11372894
1.70507812
18.63609874
11.27991688
0.90682703
1.72212987
6.70011414
3.98632812
2.53775876
0.87239749
0.96240234
2.40792711
4.50041334
3.59179688
10.27319149
7.68204898
4.00731550
0.29578540
5.26615387
4.09073914
0.26049805
2.41121399
5.70402039
3.62174313
4.35501590
3.72863863
13.42187500
17.30513146
0.03381317
1.72745789
2.52388519
6.21651153
1.98030640
4.33504211
11.82368988
19.15152704
4.82202460
6.36962766
20.26859652
13.07071587
4.29819815
20.71311723
6.31115692
10.01741578
10.48046875
2.49869626
3.78387440
2.77114028
0.44213867
8.66013061
2.25870789
1.15384918
3.12772551
8.84773493
12.86364528
6.14465425
6.29956117
3.57320534
4.00215481
6.50459995
5.02811614
4.98795656
5.79162567
17.01306183
4.56250000
17.82303801
3.47105023
2.81693263
8.90920657
6.00913120
2.79988586
4.99698914
5.62890625
5.71146637
8.85591644
6.47957336
0.59171570
7.71875000
8.15535461
2.26773424
13.73071974
4.55859375
0.99031555
6.75870789
1.78930602
3.53979554
4.28125000
0.59619141
0.03107177
2.83018006
3.37650543
6.25736481
0.97159851
11.75303525
0.41509585
10.82210328
0.79736328
0.07891846
0.30274226
4.70873338
5.85970966
1.36132812
2.49672381
1.46303357
12.19531250
2.06685394
0.23685699
2.54425629
3.04359374
2.15429688
8.30891844
3.82820711
2.97070312
9.28906250
7.12455231
6.14794548
7.33732491
1.52685547
3.88476562
6.14843750
2.31205231
9.74039672
16.14676972
0.00945282
0.29707762
0.36320070
1.19824219
4.00683594
0.74373352
2.18753934
0.81872714
3.80619293
4.31563137
3.74153812
5.69230164
6.42968750
4.08357602
1.63615054
1.78320063
0.06152593
3.76757812
7.21294753
1.53606659
1.08496094
1.18298371
11.80904144
0.22070312
0.73388672
4.13386525
8.13175975
0.24479156
5.07857269
8.44531250
2.67578125
0.00989532
0.80029297
7.64371579
6.85872562
13.11917000
1.92770500
0.85156250
8.11474609
13.20222961
0.03675354
0.68261719
2.12719727
6.75736481
15.85998317
2.42781804
2.53906250
8.92610594
8.47233156
4.82812500
8.25630569
3.00748306
1.81160461
12.91752106
1.84554078
8.86718750
0.04079681
0.40157074
7.40625000
0.01498848
8.25252009
5.84232823
5.24743683
10.12935394
4.40535461
3.07445978
0.47038093
5.16210938
12.98693817
5.42712433
1.28710938
5.04597961
3.70011414
1.00878906
0.27591949
10.55318207
1.97521942
7.27498227
2.71614749
8.96875000
4.96093750
4.72969387
6.27880984
2.76770082
1.57918024
8.02726507
0.72753906
0.53027344
0.92415282
2.58231660
3.66886414
2.77789063
0.21155117
6.72155917
0.12552918
0.25000000
13.81701131
12.09313498
3.85848958
10.48170990
5.15575798
1.43941628
0.60888672
10.29734708
12.29733765
15.72504212
5.31894503
6.91361481
2.64648438
3.55253020
2.82344636
7.54732269
0.30883789
9.40970856
1.79536957
1.64851867
3.51456726
0.92187500
0.02712738
0.30118836
3.62109375
9.21350067
8.65368683
0.80916320
0.64298523
8.70825133
6.40893617
1.32787401
3.52910017
12.51908356
6.96964539
5.98046875
1.54178801
6.95926972
0.93986023
1.58211242
3.45792664
3.85099180
6.32468174
4.56575687
6.71195589
0.69726562
3.63150876
1.73816074
1.09061614
4.66373781
3.92719619
4.82556183
6.51940825
2.44303468
5.76647607
9.49178413
2.98437500
2.12335536
6.59685948
8.35017758
10.99845523
6.28515625
4.84979611
7.33379764
3.30664062
3.51367188
0.05291748
1.34375000
19.96305297
0.36631038
3.32414007
1.62841797
1.54980469
0.46240234
8.96981717
15.22089538
3.02128269
5.96964539
4.14453125
5.04935450
2.95910738
13.04557063
2.18107491
1.13191711
2.64661683
0.85937500
4.92085661
0.53869722
2.65909851
6.19921875
1.83006566
3.76811945
4.59101951
3.06310708
0.45922852
7.21313165
0.96773472
14.00475981
7.57491245
8.62500000
2.03332364
3.01843417
5.64107269
7.01472961
6.32670074
2.86071808
5.06009918
10.10171986
4.89437389
0.96419063
4.22815159
1.80664062
2.01679452
6.09209219
5.19596188
0.54085453
0.77319274
12.25268617
10.01127106
5.19185394
0.05661011
1.46610317
6.75850620
1.66654449
5.53816711
15.29821808
6.57812500
2.92594360
4.52913453
7.56250000
3.52298981
3.26021332
0.92415282
3.99441866
7.93444482
10.12679078
3.42704565
2.73828125
8.43314606
1.38854264
2.32687056
1.40181488
1.86515320
13.11718750
1.27787262
1.41451019
5.15135971
3.57520279
4.11718750
4.22599180
4.52400820
1.28080231
3.70589110
3.11926363
7.21972656
3.02298981
1.19478363
6.14453125
2.47851562
8.23730469
8.87296321
0.92737034
2.59419769
1.05859375
6.70703125
1.29785156
1.71297180
0.84952820
2.27298981
8.69746233
0.08862990
16.43452848
1.66508089
5.25292969
6.12500000
0.16516113
4.12890625
11.30468750
0.01175690
0.68625773
9.52636968
0.75882965
1.11861176
14.61328125
13.20658356
4.98091644
2.85488310
2.70957003
8.10066711
2.68058289
0.88818359
11.78177887
4.55122894
5.48437500
10.03906250
2.44531250
8.69095856
9.79732269
9.96350067
16.83707672
13.15413453
10.01304107
3.99087524
3.23693817
1.54202405
13.78751773
1.11471049
3.35343694
0.55916320
2.82511414
3.04035628
0.59831560
0.73547332
9.24499543
0.74902344
9.24023438
0.66357422
2.72680602
8.85591644
2.72334497
1.15682319
4.12939453
5.32675743
6.44877106
4.17243075
9.26747007
13.52241911
10.50361592
8.91927748
4.34427887
11.91662567
1.25374390
3.11914062
2.14119321
0.03995914
1.05443412
3.31002050
4.97501773
6.36917997
10.83349734
4.30899712
1.31885139
0.16735840
2.41943359
2.23392731
3.24955231
0.41276062
0.49658203
2.24804688
0.02546692
3.93945312
10.66011193
16.10830231
2.89084662
3.48803524
1.07926640
6.65677638
3.70064550
3.13867188
0.37792969
0.51708984
3.30501219
2.98315492
2.52823914
4.12801086
5.10685118
5.85693484
4.87878325
5.55484486
3.78512189
8.25602172
1.24886109
1.59082031
5.18049424
4.87028701
0.95947266
1.28959137
7.41580896
4.90104499
7.23046875
3.00390625
12.49218750
1.07103392
5.76550200
3.23177249
1.97680602
3.09883699
6.55859375
0.22790527
1.15625000
2.96520778
1.05139378
5.54553192
2.28259308
2.42337046
2.82325216
3.92427582
1.21048981
3.38130707
7.02363919
3.11849124
6.43013519
4.53710938
0.91064453
4.22778258
3.29174867
2.36718750
2.27929688
4.81540924
0.92573813
5.62845856
13.77026949
0.63899657
1.99576906
9.25000000
3.03125000
1.10960979
3.78203235
0.17610687
2.90334470
6.83981936
5.99609375
0.49633789
0.43212891
5.98477837
5.94055518
6.70357269
1.44877106
5.53732056
0.06033145
0.50634766
4.57511414
0.88964844
0.13195801
0.00079870
1.14017637
2.05753601
2.55196199
5.71875000
13.98872894
0.00696182
2.77667692
2.84929964
0.29492188
11.27343750
0.64648438
3.29850219
6.91931183
1.10982269
10.68314606
13.87154144
0.01296234
3.71703292
0.23902177
3.22753906
3.25976562
0.92984985
1.42561890
4.88838653
8.73270722
3.60351562
6.41796875
14.11204123
3.08327127
1.01660156
0.56445312
2.02570784
4.73112810
0.35034180
5.34713183
3.28425641
10.12154144
0.21728516
9.14664672
0.13273133
0.31388367
2.68269836
2.86372894
11.99218750
0.63093868
12.92151097
8.18750000
2.67675781
1.08797180
2.97843445
3.39017731
7.27652704
0.45145972
4.90553273
10.58097850
6.91361481
4.24654144
7.82031250
0.00545883
0.56884766
7.50537109
2.97460938
11.47656250
0.56298828
11.38130209
1.63041666
0.86120071
1.16638962
3.84958694
11.07987591
10.36618052
3.64108266
6.46004211
1.20926941
8.17968750
2.61718750
3.43798828
2.07963043
8.24263519
0.53955078
20.03816711
0.34200043
1.11283356
0.19217957
2.39168274
0.02333069
1.75278250
1.67326241
5.18025820
4.41406250
7.65702239
11.32726397
0.96411818
2.85831726
2.49698914
6.36938165
4.91968085
4.30688414
10.26831117
18.91174285
6.21170989
3.39217226
3.32121277
1.21260771
1.07255097
3.30337379
7.60465700
6.38549867
1.01501371
12.89766511
11.00455750
7.83805297
0.06892945
2.75781250
2.39118324
13.57268395
1.96759552
0.31153839
3.07169493
1.76530031
2.04044493
2.27384585
17.22656250
1.02840149
10.07902039
3.71221924
0.07621978
1.47347047
2.69726562
5.57323471
4.61727615
2.87980164
5.53515625
0.03034973
4.71651153
10.14188691
4.33719194
0.06271041
6.43750000
8.14042145
15.09322807
2.13768837
2.68960815
3.10217254
4.39606605
3.56275598
4.95703125
4.64729112
1.91911513
6.71040614
12.27466007
15.89384004
1.22460938
4.13574219
9.86193817
3.30993683
5.10937500
3.64062500
11.50736481
11.30635528
7.11437288
1.06799939
13.70817710
1.47831448
11.15697754
6.44531250
0.19702148
1.10123345
4.70662788
4.01472961
5.16495789
0.80224609
2.60892731
3.97509641
4.69332003
2.48437500
1.95410156
0.48899405
0.21322030
10.89933289
2.75541168
5.63732879
3.19726562
2.27478058
11.63602505
1.60758671
8.60156250
1.05078125
4.64062500
2.27058899
0.13431824
7.62109375
3.60111481
9.00092975
3.60221936
3.40625000
3.85095246
6.78951019
2.89453125
9.27331450
2.20715425
1.16210938
5.50846188
0.21773254
1.50858738
14.72310394
0.24727356
0.70109070
15.03269284
9.93880374
2.65836547
1.59456422
11.09375000
7.87197917
5.53427083
7.46093750
16.15625000
0.00868225
2.84960938
5.14754211
13.95597351
7.05078125
0.21630859
4.05468750
4.59277344
0.51025391
3.87996399
0.69523133
3.66835966
2.15638796
1.58646388
9.26164007
3.95015348
0.99418246
2.95117188
2.18200216
0.41911264
3.91992188
4.20357269
0.00393677
5.12760375
11.90022828
1.72273742
9.97656250
6.03995789
16.48437500
0.15405273
12.32812500
10.02164672
0.63142945
5.41406250
7.95312500
4.67008422
2.14241578
5.80859375
3.54703735
8.17813276
5.24162677
5.53125000
0.01977539
8.60156250
0.55419922
5.36957801
9.21685615
3.90942383
9.69665558
0.91597504
4.87935394
6.64798981
9.56685394
13.09875333
9.80314273
7.42573693
9.53930851
5.53267177
3.36796487
11.10502106
3.87527040
0.48019835
16.48514739
2.61198000
1.84667969
2.79203277
3.76713043
6.89383755
1.61584691
2.65966797
6.50781250
0.29565430
12.81250000
0.20251465
2.97680664
1.75931793
1.16678801
3.61994509
4.07486813
0.53027468
4.26070036
11.79097628
3.37381926
7.03918550
9.38346188
7.43294437
6.01953125
9.51562500
1.47904449
6.50231716
2.03043827
3.65669769
6.58638519
0.47570489
0.38940741
0.09185791
0.52926054
8.29024324
1.45072418
1.94673676
10.15720611
2.21724457
3.76171875
7.42187500
10.02289119
2.70712987
7.41451019
4.85188719
0.31949953
3.17578125
2.58796993
9.37178745
0.99263519
5.56392177
3.68021886
13.82812500
4.48774491
3.30522384
5.89843750
13.86349212
2.88964595
2.86906194
16.52343750
2.91361481
8.26997894
1.72159602
2.72469304
1.62637619
4.53044326
9.78190125
2.05859375
0.61621094
8.55955785
13.13966090
0.19958496
9.48425200
13.07400086
1.34164948
3.52734375
11.13309287
8.71602698
2.73286957
5.82088320
0.42159027
14.20267731
4.02779144
1.51269531
3.86869293
2.97590393
8.13281250
4.30423981
10.02306849
5.34066046
6.54988586
2.42081726
0.63574219
3.31838875
5.48707114
7.90547761
4.32031250
1.09167138
0.96399268
3.99580840
1.07466644
1.40901734
6.85892731
1.38378906
2.65669769
4.05321747
5.35201019
5.28202239
2.08089172
3.57824800
0.30179840
1.31099457
5.08255763
12.18900397
1.23576739
5.90384420
2.63086436
3.22115082
17.57123976
15.76548248
2.98986536
1.36649878
0.19494629
3.14996482
4.80804299
0.49100738
11.44787567
6.33898895
7.94799867
3.28906250
11.08670989
0.29386476
5.90234375
1.81595856
3.99592561
3.46109985
2.75247950
12.06274601
11.36580507
10.96038184
3.45022024
18.08227726
2.60546875
3.03515625
14.18827239
1.50215730
0.70996094
18.03613281
11.03125000
1.87906610
6.95003546
3.77929688
16.15437057
3.96973404
12.57706726
5.76127106
9.41735840
5.93514008
9.62923094
0.58121828
1.97358973
15.35750554
6.05944482
5.15518728
7.69987810
1.10262024
1.29857148
1.60900848
2.53490276
1.83655751
3.44669493
3.59432070
5.28125000
9.55826532
4.94978945
0.61548038
6.76338653
5.70747894
6.64587433
1.02725417
5.83659685
7.90625000
1.56250000
0.00908661
7.09432305
0.86794547
9.86428968
5.75245013
7.06819703
5.77254211
6.28906250
2.53019226
0.29614258
0.22827117
8.00435394
3.66105164
0.25634766
0.37944119
7.93294437
9.57812500
0.00324631
4.98412899
3.70487644
7.54528591
3.97663620
2.48438497
16.92097961
7.31147278
0.18877011
1.04919402
9.48807956
1.71500485
7.11609042
3.35786957
3.66816545
1.78841810
9.88716644
3.75000000
4.80050278
3.65257979
9.46955674
9.88913452
7.83247894
3.06941711
0.56339539
12.85742188
2.72070312
1.05371094
3.52148438
3.16992188
3.43554688
0.20898438
6.01875637
23.74229555
8.62228944
2.09179688
2.30566406
7.29341644
2.02835965
0.39742160
8.20913675
3.38461325
0.43017578
9.81608031
4.11856619
3.54321538
10.00984929
2.44909699
5.21138519
4.78080231
1.47896332
4.82938442
9.13597823
8.28170766
8.79687500
4.84671155
15.40133532
6.60367797
1.22932984
1.99804688
2.93033719
3.44888908
10.81279033
7.72656250
7.81205231
7.75858489
1.05489168
4.35089817
5.89369015
6.20356273
3.79989583
5.54553192
3.90568055
11.44352172
2.87048371
3.49157746
0.52192688
1.69409180
0.46679688
5.53470856
1.80741301
3.10213133
10.80660128
4.11071808
9.04464722
7.73684952
2.49964095
10.23181183
4.67968750
1.70800781
3.73042443
0.91215370
11.18811004
0.01127106
11.98860594
5.35245789
5.50394061
2.45728224
16.02408688
18.78531361
2.15633865
4.33158356
16.96076519
3.36105274
1.75130125
2.03198304
1.46077515
10.89115387
4.35591644
0.95458984
7.59202793
0.20191738
7.49609375
5.25345856
4.66060394
1.54685309
6.96855828
4.16096798
2.67113448
0.54289755
1.28710938
2.11523438
1.43802139
4.21627548
10.01118241
3.04846908
2.96244293
1.96236176
10.31685394
3.96724457
4.29296875
0.11499023
2.13094262
3.92645057
2.30859375
4.10156250
9.54418883
1.19010500
5.93728710
3.52120899
11.85502106
2.76472961
7.06774933
0.23950195
6.35579344
4.20047817
1.83512577
2.33833832
14.60770722
3.09419769
5.25345856
1.24100676
1.42252687
1.34570312
4.10310229
6.40471021
2.20658356
4.26818817
1.20979859
2.58593750
0.01016235
0.36063629
6.22842199
6.66252770
13.77009198
9.12065602
2.36193817
1.96423371
8.94531250
11.14843750
2.89648438
1.16707336
3.17081726
0.93261719
1.51464844
0.77514648
15.00000000
2.17338043
9.78637633
4.76192044
2.91308843
5.77734375
3.25976562
1.52298981
4.42921737
3.17181626
2.78124688
1.45491827
9.30904144
4.44531250
3.46529144
2.48588043
5.73872894
0.51416016
1.47265625
10.41752106
4.45312500
7.74987700
5.32043550
4.24218750
1.61275238
14.05110594
9.08170656
1.17773438
1.62304688
0.56168267
7.76643548
21.05977947
2.02400820
8.59375000
2.59971743
0.29330839
2.41426419
4.03068179
8.32902039
5.31673094
3.26574800
8.65881317
1.48376496
8.45108821
3.22664616
1.91829219
2.46346132
10.74487367
6.44319703
3.08837891
2.28059065
9.29708665
11.59011415
3.35173980
1.10253906
7.43871011
17.23437659
7.68379730
4.04580730
4.73348958
1.79776790
2.36287040
2.98372562
13.19105097
0.68359375
11.23437500
2.60110733
3.03605849
3.37333222
12.91503906
10.60653687
6.76171875
3.72012016
1.40978279
0.79337586
2.04882812
1.23535156
0.07257080
1.84553829
0.53377445
7.38562043
1.16646332
3.49857574
12.51220080
3.16402814
0.00782776
0.57663421
7.96203458
13.54520722
8.97937167
4.94832336
6.74654144
3.20703125
4.23482269
2.79296875
0.28295898
0.33186060
5.27726507
2.06250000
4.57466644
3.75618407
2.02852449
6.77388519
10.37040005
8.92993351
9.43440766
7.33728027
13.63281250
8.40970856
6.71919769
1.73730469
0.04019165
6.00781250
1.17227525
1.12382611
5.64676972
1.94002133
10.96720523
3.88281250
5.84179688
3.77929688
2.38191711
1.86958832
3.01411957
3.02343750
0.33251953
2.51953125
10.78125000
1.34277344
2.81652427
1.05652260
2.23741398
6.62928523
1.13085938
3.52734375
0.12365723
1.13875305
1.08825652
2.24548371
6.72745789
6.50878657
5.57324468
6.25105275
6.25675975
1.89062500
2.82323471
7.34038009
8.38281250
12.14975220
1.42161902
11.68163564
12.37206782
3.91229166
0.33280426
11.53560394
1.94242059
7.63708776
2.69144559
0.05090457
3.26066101
3.52539062
0.96073332
3.52776216
7.17540280
7.77775210
4.61669922
6.04642731
1.71007896
6.11902260
3.48482269
2.85502106
1.64663301
9.95932402
2.06595856
24.26652039
2.37500000
0.33919250
3.18644226
1.16210938
8.38281250
1.09818512
6.86396499
0.73023271
0.40722407
2.55700839
5.03438386
1.97949219
1.43404144
10.14062500
3.09615082
3.33345302
10.93888492
3.78380818
6.98299756
0.42399109
2.85066711
4.26171875
5.86027039
0.78633450
1.53397800
4.39453125
1.17871094
1.90332031
2.49023438
2.03324371
4.40625000
1.45267731
1.83683289
0.00792694
1.32128906
3.31595856
3.83744293
2.40909851
3.86914062
2.09932403
4.18290254
0.70605469
9.61718750
0.65527344
1.63430786
5.30981383
1.78198304
0.02563774
1.65812195
13.13972961
6.47701019
0.86572266
1.78679413
2.67154657
2.59171819
2.95206726
6.36718750
8.49218750
4.03442321
1.20874086
0.91297653
3.94670365
5.21484375
1.96093750
1.19486481
1.15820312
9.39668108
0.95976424
6.79806647
2.54870512
7.07177859
2.98767121
3.06880707
2.92386747
4.20503878
1.22363281
8.12500000
0.08654754
6.89196808
1.39237395
2.75109209
4.33602615
6.75301086
-0.00827514
3.67056129
1.97592309
3.00390625
1.25878906
5.71830231
7.04809508
1.74080383
7.07824800
3.38476562
13.48002106
1.74263519
1.13712461
3.06233765
1.61694398
3.75097656
9.61718750
7.93359375
1.21972656
1.16015625
4.75244016
14.66650266
3.33691655
0.13049316
5.14199247
0.79550753
6.49609375
9.16752106
3.33705658
0.61311766
4.01920656
1.87402344
6.76353423
1.42907746
0.80175781
0.04373169
0.94677641
26.95013853
3.02264073
20.62890625
3.88041168
7.25826019
0.07757568
1.69877106
1.00240082
2.24218750
0.94152427
3.20886635
2.17578125
3.42578125
10.91870117
0.85013824
15.32955116
3.23437500
0.15543578
0.33040406
0.14823395
1.21556651
0.42391927
3.02929688
6.60546875
0.10040283
3.21964290
3.99422429
0.53666168
15.55447585
0.69890154
11.64408356
2.97505707
10.19877106
3.47477172
0.83475801
1.37418578
0.22629635
1.16768589
4.56685394
7.12801086
1.43546570
8.12500000
8.53906250
3.95117188
5.93197632
5.28727172
3.59073914
2.32645691
1.06595856
2.15189606
8.48527039
3.69877106
6.13716644
2.18750000
0.45837428
3.69962710
7.82210328
9.21272828
2.14599609
7.96875000
2.68945312
2.49564606
17.41841644
8.24206450
4.75704011
1.26900238
4.00435394
10.35156250
0.81103516
0.00378036
9.03125000
6.72265625
2.01562500
0.06323242
2.77929688
2.52148438
9.17203236
2.92757701
1.81054688
9.06009918
2.97318263
6.35539007
0.29353758
1.50699672
3.16984319
2.89888519
13.25345856
3.00931793
0.08024109
8.66184841
4.13112034
0.30810547
4.31160461
0.31884766
2.15909851
2.29296875
0.05184841
2.23364196
12.04956117
10.01127106
1.95771748
9.52417553
1.50642758
13.00793550
2.05887910
0.43440734
1.20792664
11.65189606
2.74218750
1.85457336
3.35502106
0.31705750
11.95621454
0.16479804
0.52099609
2.88879239
21.01408023
12.62500000
2.91060394
2.95389240
7.25118572
0.20011383
1.72603363
5.68750000
3.58260070
8.26216644
1.65396969
2.03495456
2.22851562
0.81738281
2.12500000
1.30493164
5.62890625
0.15608703
0.36344422
11.92771942
12.09571808
3.08789062
9.95703125
1.86718750
4.19140625
8.89754211
1.16495789
1.68457031
1.75056852
3.13688110
1.49499667
2.76171875
10.64408356
6.82076019
5.77298981
1.74662262
5.90144836
3.91149933
1.56978363
2.76466826
8.33760528
6.32478945
2.28906250
5.44531250
5.53861481
14.40279144
0.62162262
2.38716644
1.60864196
5.74955231
9.46138519
5.36161347
3.55122894
2.40209774
0.14380070
0.89164215
15.59573250
0.58342614
7.78914605
1.59983100
4.18750000
5.87988219
2.17651429
0.38500977
4.83984375
10.02343750
2.40783162
0.52087932
0.53198180
9.59208222
2.48437500
0.62056488
8.52254211
6.12394226
4.44820036
0.67142855
4.86718750
5.56917110
1.91536624
10.80426576
1.73144531
11.90189606
4.16060394
7.36405364
4.92598543
5.42488586
0.58243836
4.70312500
2.54252106
7.57466644
3.50618407
0.09830812
4.49955231
4.54732269
4.75691711
5.41337004
4.03348847
17.03304078
13.92968750
0.21003723
6.46679688
7.56221496
2.06534851
13.87433193
8.12225010
3.74218750
1.35937500
0.69812012
4.60546875
1.75683594
3.50195312
6.06250000
8.39396055
0.80037539
1.65136719
0.68945312
1.77246094
4.09513243
0.03475039
4.41491357
1.55383643
0.54443359
1.12971922
4.93575105
4.18913788
4.56807403
3.08622285
4.37500000
2.42853613
0.51392785
0.00211090
6.96919769
2.68164062
2.38582336
5.57902039
0.15759277
2.88633727
3.57183288
5.36629211
1.27478058
13.39364831
17.94175564
1.60638408
2.25309079
3.22066378
3.13130707
5.16495789
3.67923981
10.02306849
9.95394171
16.08325133
4.12377992
3.80078125
8.91161237
4.52979388
1.13378906
2.89208984
2.74759918
8.12500000
7.33205564
2.72698581
0.31884766
4.05379211
3.35115415
1.08724124
0.06372070
12.96350067
0.46862824
0.08807373
2.13916016
5.53771942
5.06384308
1.18998199
5.96048981
0.29508484
1.80371094
5.86958334
0.38041666
10.01057735
2.32161624
8.37243683
1.91743988
3.86271055
4.32278702
1.39580064
8.76741578
1.48234070
4.15234375
4.37890625
0.00336838
4.68155696
11.55965398
0.20361328
1.29101562
5.39843750
6.31884641
0.03173953
0.05731201
15.99039672
2.14192563
5.01196476
2.39062500
4.60156250
4.65234375
0.02691650
5.46142578
2.04793274
10.39933289
1.56933594
4.60457336
2.52237976
1.64843750
3.87311559
5.82760859
0.40112305
8.05078125
2.67789672
11.48181183
0.06489044
6.47009308
0.17215973
11.52945922
8.66076131
4.06689578
3.64713874
7.72444703
3.50553468
1.15206888
0.60991384
1.55822723
4.64811281
5.11283356
6.60502106
1.36612976
0.47192383
2.41188900
3.31459108
3.24051972
9.53153535
6.41796875
2.61840758
5.67065492
0.23101807
1.51562500
0.74804688
6.79540891
1.29597961
0.34098453
5.89062500
1.47656250
8.20312500
1.38574219
12.86283356
8.10314661
4.27425421
5.63659575
9.07389406
4.90702239
1.27799562
1.16816919
2.18563054
5.05155364
3.97892398
8.11002438
0.27254398
6.97269061
6.80241467
2.62919160
5.94921875
3.80468750
0.56351715
1.36132812
4.29252106
8.26561503
3.09606716
1.62659906
4.27042664
8.62231383
9.32877438
3.20036015
0.33512391
3.19148618
1.36617160
7.18013519
0.02058411
0.21396450
0.38554050
11.59029144
10.78906250
3.02246094
4.94921875
1.01464844
5.58593750
3.90820312
5.79450355
4.42424645
5.05468750
0.04700714
3.50826019
2.55224609
2.50000000
14.43916778
3.35331269
2.46830231
0.84908051
10.06250000
7.41796875
4.00781250
0.17211914
2.77140071
4.72078679
0.45145660
3.71093750
2.07946559
0.59041570
0.81738281
2.78857422
0.84472656
4.17968750
1.20267731
4.87154144
10.20825133
7.84540781
2.09868461
3.74414062
1.89355469
6.77343750
0.18037902
7.99308289
1.04492188
0.99369814
1.77730939
5.41752106
0.46700043
2.86767578
1.74271637
6.54732269
2.38867188
6.02396388
0.76314550
4.84586547
2.53108765
6.99218750
11.34631317
1.66833527
3.82421875
3.22086547
7.04866578
1.05293731
6.31083222
8.21875000
3.69347989
2.54773105
4.67834442
3.05753601
4.93359375
5.32564301
7.20658356
4.65279144
0.17382812
1.36425781
6.82934508
5.19799867
1.03287719
0.04030396
4.09375000
12.07581329
1.21797481
6.02054964
3.43957613
3.66556793
2.43404144
8.59195922
0.07210328
1.29589844
3.72512578
5.71042109
1.12109375
6.38972961
0.00466431
0.18054199
4.99868130
15.46917331
2.71662955
5.66903147
1.06250000
1.17390930
5.24323028
1.37875886
0.83496094
6.40625000
1.91654449
6.40600399
1.42159214
1.21289062
2.84570312
0.03305054
3.48715617
8.09578679
6.09720856
1.91646332
7.37064606
3.72509641
7.32568484
0.84761566
0.70779834
1.72518506
3.68750000
11.30623227
2.46045046
0.17838562
5.52237478
0.76473459
1.59626261
1.56145223
7.33593750
1.88085938
5.22220856
0.88618988
2.17480344
6.50524933
12.04699800
1.13964844
0.65917969
7.32812500
0.62255859
10.18750000
0.00955963
4.91637966
2.14221409
9.41048094
1.00846437
2.14664672
1.75089539
6.23136414
0.92333984
0.96386719
1.12988281
1.72762024
0.00695313
0.59137352
6.00223847
1.13985511
3.80619293
3.56445312
6.20161957
3.75345856
1.59615082
10.53548094
5.94498781
5.98178063
2.00623836
2.83636214
6.15753434
0.36010742
4.35742188
1.39994293
16.04341644
1.13236481
1.27876801
8.16705442
2.64253878
0.82112111
2.34465037
7.27341756
6.22658244
2.01953125
7.94294977
2.71582280
4.82812500
3.04296875
8.22745789
2.34212157
6.32966977
1.89142489
0.54249667
11.00000000
0.01736450
4.21093750
2.28426086
2.10534575
1.90726839
2.13490622
1.78924478
8.09029144
0.08581543
3.13671875
0.90364126
4.28141733
5.21093750
5.41271942
5.68493683
8.20312500
14.73161186
3.37968860
4.00781250
9.75345856
2.95943207
5.64538232
9.22872229
1.83683289
15.01707481
7.55365469
0.40722656
2.88788485
0.01127106
18.48034575
2.64676972
3.07416944
3.60490802
3.76802582
7.28861481
7.15323914
0.14282227
11.81682312
8.61372894
3.02929688
6.09631317
7.33308961
2.30273438
2.64213043
6.87365692
1.86071808
0.81294769
3.57031250
0.32493091
0.06878662
1.24484921
2.12109375
12.02343750
1.26269531
0.68123352
15.15384949
17.08915005
8.45519926
6.96521276
1.54589844
6.79597961
1.85428801
3.90746157
2.15039062
4.29899047
0.10774781
0.64941406
2.02343750
0.17993164
0.00656509
3.60652649
5.51069039
0.90337211
6.01997894
1.19576019
0.01096344
5.94441711
2.13458583
5.65244237
1.93119293
2.00000000
3.38716644
0.75895141
0.29060914
0.27343750
3.85765792
3.57353501
2.91308158
2.07349069
7.09419769
0.02275329
4.99719083
6.11564273
4.50044769
7.06070922
3.06579621
1.61718750
4.38370789
2.01562500
4.39318817
8.79604774
5.67712433
5.19094859
1.89348348
10.50781250
0.01653534
4.23437500
6.51562500
3.97220357
6.00195811
30.92911524
4.82743597
4.47656250
2.95930907
6.99865692
3.82133089
8.17036957
2.73828125
1.18544769
6.52689606
3.84090149
1.41691101
3.74552305
6.42065492
5.28169769
1.51057984
3.86303711
1.03275543
1.10839844
0.89257812
4.59708555
8.85258089
9.54687500
0.03222656
0.73339844
3.23098376
2.20264295
4.48604278
1.75854554
10.51908356
0.47969574
1.45019531
9.68379544
5.05314273
8.79459220
0.22290475
2.68208832
8.44531250
3.62695312
8.58504211
1.62979046
2.32735261
0.02604675
5.73497507
4.06295766
9.81685394
1.07564301
0.97021484
0.00998688
0.03344727
0.74727324
6.13326019
2.74202515
3.53275543
8.23091644
0.99129211
5.60810312
6.49923758
1.92338043
7.48303223
0.63033051
2.83752441
2.01127106
8.82812500
1.48730469
9.44185394
8.15970834
4.02400820
0.73478564
0.25273174
7.08426972
2.84338099
0.43270085
7.37813386
2.91691101
0.42875152
8.98783356
12.64887523
5.10702349
2.00822085
1.44291168
2.01066101
3.95959442
8.00329621
3.84427887
2.52583832
1.58496094
5.11539672
1.42854859
1.77728951
16.29687500
4.56250000
3.19441711
2.43855774
8.38052970
4.08610483
0.62158203
0.43469238
1.83984375
13.96679688
1.35143950
0.20251558
0.35941559
8.69966644
0.10089111
1.27974418
4.36341422
5.71455965
3.89888519
0.87891388
3.60937500
7.20703125
0.11002012
0.70670656
2.01562500
2.69066573
3.28056626
1.66503906
5.57440758
0.84322113
0.09841857
0.70897908
4.21301861
6.04296875
0.01751709
0.70312500
4.07600891
5.63664862
5.16418550
5.85156250
2.03951019
3.46606383
3.29174867
7.61718750
9.05033356
17.06941711
2.07946808
0.53515625
2.99023438
3.77127272
3.05445146
10.99218750
1.33398438
6.54341644
0.37924890
7.14709691
1.96887300
8.53381317
2.13655640
5.76953125
7.02098737
3.65345079
8.18493683
3.84570312
5.16992188
6.70703125
1.42285156
4.01188110
4.25081422
4.95267731
4.79732269
0.03277588
3.49780087
0.55782043
6.19987187
0.45751953
13.00781250
5.12655640
15.81160461
1.28531860
2.85966035
3.22989805
9.66508089
0.30573299
6.76766179
12.34285461
4.11661805
2.68119293
5.44185394
2.41992188
4.14062500
0.04821777
0.11511230
11.42533356
1.39107269
2.83959895
8.12609708
4.87044437
9.64062500
0.13061523
0.89941406
2.28352034
0.42448747
7.63191711
6.56205231
9.09810394
0.34269226
1.20703125
2.41406250
0.85388184
4.02734375
10.66752106
9.62935394
6.47656250
2.87064606
2.62845856
16.25870789
12.07335487
4.54358377
1.03027344
5.51338653
2.13671875
0.74585023
8.46093750
0.14111328
0.31254059
2.63342254
0.93843598
1.68802887
1.42268922
0.56274352
0.82441763
6.97160350
0.55566406
2.94531250
1.46423122
1.21320561
4.73335661
1.65999390
1.84004793
8.76127106
5.14062500
4.19576019
2.46211326
1.81824135
10.68839539
3.42923981
4.78951019
1.83561032
0.22509890
1.68338531
3.60353120
4.67923981
4.11763519
1.31009918
0.34004730
6.83024047
2.35921265
2.73962634
1.86827016
4.01562500
9.65780546
11.37019442
5.56294769
0.17399078
4.42508755
2.37614140
4.07364805
2.40486757
9.90535461
0.28873719
0.01886993
0.38879363
1.76668336
4.32031250
5.87109375
6.59330231
12.30904144
16.58504211
9.66495789
8.70556516
10.17289339
6.14127438
1.21871066
2.96455840
7.45670656
0.46289062
2.62996399
3.06250000
3.47102782
0.93558871
1.02481993
1.76717226
1.91849762
5.54652828
7.57023133
1.90234375
13.84765625
7.55859375
5.86283356
10.10156250
1.68343109
2.15970856
12.58638519
0.58406555
0.15246582
3.71964539
7.77600067
1.12222528
3.93298371
9.12500000
6.68359375
0.50634766
0.97119141
2.24625610
2.12829621
6.21138519
0.45678711
0.95881798
9.55863807
5.46289062
2.84867340
5.21093750
6.06169771
0.11603667
4.58247894
1.41015625
8.33106995
0.57018825
10.99768284
0.66210938
17.39318817
0.95917161
2.79597961
14.25488032
0.74556737
4.10884613
7.26953125
3.31957946
2.52417054
0.35766602
4.76406029
2.14910682
1.17324341
14.92097961
12.24308289
3.84375000
12.64062500
5.14062500
0.01724869
4.68404144
11.05379211
6.51562500
7.23465537
13.52189273
1.90255042
2.26908356
0.96630859
2.06205231
0.50724305
2.69832336
5.76887190
1.38693040
13.72823028
2.98360261
3.71350067
0.78259308
3.34676086
2.09313996
2.93479090
2.01080894
6.55513519
4.85457336
3.48181183
1.17097961
1.47355164
1.07031250
6.52330951
7.68567486
0.83984375
1.58886719
7.46865294
0.79416444
4.47566711
0.42413224
3.93359375
4.50691711
9.98693817
2.37251053
4.22754654
3.60050476
7.17277039
16.62064606
0.15059418
0.02026367
6.08203125
2.44335938
5.74340758
1.99877992
2.14453125
1.23275419
2.97623781
2.12833555
9.62768617
3.83772828
1.38875305
2.06811087
3.61690713
2.37304688
8.07812500
3.51411957
3.62455231
7.62520169
2.80688663
3.24408344
0.76094886
0.65885126
0.58528937
1.74316406
8.78515625
5.86718750
6.58984375
4.39754211
5.71862700
2.78031527
6.26082336
3.48234070
17.14754211
8.20658356
5.60290558
8.42097961
1.51163758
1.18945312
6.63838653
10.01741578
0.94331879
7.87512051
9.36218417
2.00585938
6.08113586
0.09067810
2.11018673
4.34098515
5.15234375
6.83984375
5.70178192
3.42956574
4.42968750
11.17187500
9.30814606
14.66451019
4.64843750
14.62845856
9.51012966
4.02893284
11.09338099
17.91867483
3.23107879
4.32120789
0.31319184
0.10974121
4.89062500
0.52303039
11.58312833
3.67903812
7.78186004
5.10489805
1.05607242
2.07979278
8.07243653
2.88826352
0.88728945
14.50435394
2.14001496
5.73738586
1.26749695
3.65820312
2.69006317
5.32902039
3.68029754
6.48616578
1.68066406
12.53867003
8.73376214
1.43205396
5.66015625
3.64558899
1.53377133
5.40515292
4.96919769
0.98881012
10.71093750
5.73738586
4.81384308
5.75345856
0.49491363
1.34517426
0.22908539
0.18591309
1.09037262
3.86617035
12.99475067
10.20837433
2.39648438
5.10937500
0.00602722
2.94319205
0.42008920
4.54756621
3.90218140
3.53080231
4.31339539
0.04520660
1.16743988
6.74129211
0.09733094
14.93017578
2.57031250
0.73779297
11.24218750
5.70222961
1.98566504
1.62899988
5.52180408
8.57194592
10.25830078
0.66556793
4.07857269
31.10899353
3.79199219
0.51615387
9.54252106
22.36328125
11.27339691
4.05859375
7.16670435
3.55249335
9.89229278
4.13505097
11.60094748
3.92639627
2.18200341
5.69791999
10.82812500
2.01932707
1.13834718
3.86523438
3.27148438
5.83113586
4.75675476
6.22265625
0.00355530
3.07767731
2.08253998
2.81835938
0.33260070
1.04439301
3.98677582
6.00000000
10.30033356
10.06685394
0.03634644
13.09090149
0.04062928
0.17224121
0.17077637
4.69282802
1.98881261
1.82275391
1.05822723
5.05603058
2.01953125
0.57744925
2.48319924
9.56685394
7.76562500
0.16455078
3.73860594
0.10306886
0.69828277
0.43916840
3.84688013
8.03161901
1.59171570
5.21439606
9.36283356
12.62589539
3.42935783
9.30697030
12.09720856
1.63350434
3.60457336
4.09029144
2.34134918
5.70703125
0.00528473
11.08312833
3.79817874
3.45719360
6.83483046
9.22946032
1.66654449
4.18404144
0.13940430
4.45267731
5.72310394
3.03366465
10.00293218
3.99263519
5.60546875
6.92187500
0.02162170
6.67887079
3.17073858
3.41210938
13.23347961
7.02343750
0.10365814
1.20800781
8.71639771
0.09509277
4.75000000
2.53747559
3.94140625
0.70072418
3.00736481
0.15104187
0.94238281
7.26205287
9.08778257
3.28712451
0.17517246
3.40669769
7.93570922
10.05952973
3.13806183
1.39798981
10.14497894
0.05823761
1.08113586
2.01306183
9.96439606
7.24100427
2.68620124
13.41137633
1.11694398
0.32105600
9.91097296
1.52832031
4.60400266
4.86295656
13.16149933
2.63716644
5.28906250
0.02788788
3.24609375
5.32076019
0.03701782
4.42578125
0.77441406
0.09597822
0.32731203
1.59375000
2.30273438
6.45703125
3.02046598
1.58500277
4.45043883
1.23661347
9.80122894
0.46166992
6.82377106
4.85969969
1.06217531
2.35664887
3.44921875
0.27661133
12.89754211
3.90720643
2.16243407
0.18074586
1.49353058
9.27779144
12.86283356
6.13838653
6.53739472
10.10502106
9.31546965
1.10717836
5.23527039
5.95133422
0.41219117
1.62837738
9.52600067
5.23091644
2.79760306
3.33610483
1.38236481
6.86580414
1.54838043
4.30904144
8.42654367
1.34180684
5.65856716
10.55941046
0.09759521
5.12410461
11.45710993
1.35322654
5.52307845
0.18859863
9.60502106
6.34375000
4.25826019
2.55474998
3.15480385
9.32120789
1.47521942
0.67175324
1.38512592
0.98938580
0.74121094
5.06250000
0.12255859
0.26847839
9.41406250
0.33089172
3.82552613
1.23242188
0.08213287
9.01997894
0.42167145
4.51216644
2.21830231
3.48258422
1.34118683
2.54536957
4.14888519
6.44140625
0.01829529
19.44258574
12.30647828
7.92240138
2.20455175
6.97611481
5.75821587
5.35941932
10.51908356
2.95011414
4.17968750
3.35546875
17.34881592
0.72119141
0.61083984
0.17614746
5.44531250
6.70703125
0.15539551
14.46199524
11.66808428
4.69316267
3.75887024
12.10830231
19.04044991
10.85547872
1.51477144
1.22949219
2.54357879
5.50499703
0.30261199
10.43025010
4.67196365
12.31070922
7.61808289
4.18884308
7.46817930
8.48449800
10.59089650
1.82556682
13.62500000
2.57031250
0.30912262
10.89383755
9.35233489
2.24406194
10.60143950
5.57478945
7.27644836
3.15323914
1.52587766
11.57914339
1.18501801
5.41471188
7.47200687
1.19433594
9.99885860
4.87614140
5.02172353
4.11088541
9.40779477
1.27136386
4.47036743
14.32633422
17.41292359
5.91796875
0.01489258
0.19128418
7.92187500
2.43119293
13.63439422
3.22257508
9.12141844
16.40592531
0.31079102
2.75781250
5.26952128
1.95508809
4.27734375
0.03393555
2.05688477
7.47851562
11.14843750
2.79882812
0.39160156
9.83007812
0.33813477
0.20019531
0.31469477
11.25639073
7.09029144
5.42773438
0.15055328
7.96439606
6.69966644
1.64363555
3.26245179
11.57873504
6.31205231
1.32991578
1.55957031
10.62500000
0.57535766
0.06368043
3.90624700
3.34905363
7.16841644
1.61132812
8.03523493
0.45166265
6.39152039
7.21170417
1.16732934
2.91361481
9.91348650
4.26213209
5.03515625
3.97460938
3.86759430
10.23693817
4.30167664
5.62500000
5.30558289
2.26472961
0.02440399
7.19742797
6.35847961
13.40352449
11.61193817
6.58337433
3.74173981
6.46919769
3.89453125
1.39257812
15.81574690
1.11064439
3.83581450
9.95368947
7.35152814
6.46875000
12.26127106
3.17622894
3.97310394
2.55049590
3.23268678
13.51562500
8.57466644
8.04252106
9.84826131
11.37996897
1.18579164
2.86914062
10.66752106
0.09572357
0.48669702
3.27636968
2.88521332
1.68767010
2.18750000
3.16140072
7.38592198
6.93359375
0.87495941
5.08398438
6.85892731
11.80904144
10.68171058
0.54196282
17.97509143
11.72163536
8.81648493
5.81201795
2.96333832
7.78426086
3.48872894
1.84960938
7.39318817
2.71858765
0.42693749
6.22571143
1.54597961
18.38167110
4.36051640
1.77237976
8.29764739
5.95581117
1.90181488
14.59798094
2.36250886
0.71924742
9.02010195
8.67622894
0.02738953
3.38205702
2.17226395
6.91451019
6.69576019
2.73673150
6.75740913
0.95357269
3.84561946
0.29500554
2.32531333
1.67539452
0.52942736
7.10489805
15.59699690
10.77710896
3.30672211
2.37650543
4.04341644
0.32328277
3.83744293
0.01203431
4.07332336
0.59073914
1.25390625
6.48002106
3.16768340
0.26318422
2.54101562
9.33504211
4.50409387
5.75952460
1.73189301
5.47310394
4.94486481
4.17232269
5.06160461
7.58683289
5.74173981
4.26659159
2.02584829
11.63486725
7.04341644
1.92480469
1.16015625
0.72660309
0.51607269
6.86146056
1.92357850
1.50387728
2.45993406
1.39941406
6.24609375
0.60213227
3.41210938
6.05859375
0.39937130
1.61344609
0.87890625
9.58593750
9.46407127
5.02298981
12.12756317
0.67854859
2.00585938
0.18383789
0.78564453
1.01277399
5.17269109
7.08203125
2.87483765
0.36938477
3.90820312
0.08649258
5.18839539
6.66060394
3.93359375
0.05200195
0.16003418
2.60156250
0.67919922
8.85156250
3.14648438
6.09631317
13.07751496
5.99609375
0.98535156
10.66309569
12.31908142
9.00089539
4.91931183
20.93680723
2.29984652
7.50781250
2.63281250
3.16947418
6.44877106
2.09029144
0.47753906
1.60591644
0.03168731
3.23106446
2.93377105
5.26261414
1.14355469
3.74560547
5.53125000
2.49955231
5.01171875
9.46529144
4.62500000
3.27929688
0.01228333
0.07165527
4.16963653
1.07059785
0.41113281
0.75959954
10.25606604
0.97359223
4.43359375
5.98002106
6.91451019
0.03164673
2.84525543
1.12320174
4.77967087
10.08683289
18.63627106
5.26570368
4.05717198
2.11116578
1.87023022
2.08537677
8.22896332
2.79748504
4.17667664
9.76997894
0.03873688
7.71875000
1.58736176
6.67923981
2.41406250
0.38134766
1.01704926
5.16361481
2.93635860
5.11877659
1.04642731
8.44185394
1.82035184
0.16137820
1.11372894
8.19698028
2.15262910
0.25341797
4.27677305
2.15832613
5.71703790
2.39278479
6.94673427
9.62357823
1.83158356
1.72408051
9.55814606
4.92419216
2.25788370
1.74199578
3.43282136
5.13281250
1.93216705
1.48197418
5.57812500
12.40327973
0.04211426
8.97823028
7.53434079
5.60315159
1.03666168
11.49564606
4.76652039
12.44095856
21.87540337
1.84984479
6.44780695
5.94580078
2.45825195
1.73588043
3.47475677
3.89873780
4.35937500
0.04339600
40.82031250
8.13627106
6.70658356
0.66739930
2.41166168
8.11745178
26.36133756
14.40893617
3.94981936
5.79620070
6.65061723
6.51743020
8.81850730
25.49364861
4.50016515
2.50191378
7.89665734
0.13460453
1.13345752
0.33460065
9.89253754
6.52689606
1.37544769
0.11968994
0.32412720
2.35546875
32.14249446
7.77303288
12.55269948
0.55622782
5.32409575
0.31697695
3.37320922
1.20857789
0.20776367
2.99173981
2.58833832
0.35156250
2.80012502
4.75977061
11.91137633
5.10860261
5.82242797
4.40587159
4.79012024
3.43766235
6.70581117
6.40189606
10.63191711
5.22790558
6.77453458
3.50085605
14.56738281
0.76371246
16.49083445
4.22836325
1.96289062
2.79569626
4.26171875
7.52734375
7.75000000
5.86629211
2.42667664
4.59765625
11.83984375
2.14603668
9.14843750
7.85502106
0.77339691
12.23575836
6.99111481
7.11915558
0.04883819
2.65083832
9.55510219
21.40344083
2.77917387
2.03276041
7.70568817
9.79777039
0.94559660
16.81941711
7.87947695
2.42382812
5.36238586
4.00105774
6.99397828
15.51127106
4.85876371
6.39811281
8.92622894
8.79943817
2.77522828
16.85058594
0.26298004
26.13281250
10.37500000
9.01997894
0.08115631
1.43990082
16.44653320
4.76493130
17.28780308
2.57031250
5.35847961
6.50483600
2.34522107
7.82857269
0.85156250
0.03457642
0.37548828
1.48783356
2.88077571
0.13285558
13.75000000
4.83813165
3.89445008
6.83711326
6.84294326
8.65625000
1.80078125
7.15669769
0.66308594
12.02600067
5.60388215
0.89794922
0.03987853
15.40010528
10.10843310
3.72486037
16.21643035
1.26900238
2.49047789
0.58805422
1.54172111
6.35640846
0.83536805
1.02359985
4.69352172
4.23360261
4.55513519
6.74731383
1.40197816
5.32332336
13.14408356
15.74133332
4.05004821
4.26831117
7.04296875
2.48392731
8.60696296
5.82292747
9.17801972
5.69576019
4.61523438
2.73498504
6.32857269
0.73771180
3.79120022
4.74609375
8.35502106
4.66796875
0.11159271
9.63565852
5.08618351
5.25223847
4.36283356
2.09647720
4.32946808
6.94921875
1.58247894
8.66406250
2.78124252
5.34864029
20.75195312
5.32816434
5.28316378
2.99759918
2.01322418
6.81872341
3.81107823
4.73002106
6.77095551
1.88671875
7.51908356
2.89335051
2.42155031
9.84765625
3.71634918
2.92427582
7.27555297
10.04687500
10.75475732
3.46773659
0.30883789
2.40496826
6.88671875
6.83548981
3.88867188
7.08670989
16.50419160
7.50036652
2.98632812
3.68660461
0.95259613
6.14843750
5.08027483
3.26392287
0.59423828
1.57401239
2.45935339
11.52538746
3.45475842
4.21215820
2.24218750
10.21093750
9.72160339
3.57812500
9.26660156
9.37500000
5.44140625
2.10111481
5.83638519
4.49218750
6.15625000
1.49076324
4.26082336
14.39152039
4.22701019
7.97957336
13.18660461
3.11372894
7.69274933
6.90783162
10.42254893
2.60591644
11.05904144
6.52164672
4.36629211
0.53491273
1.28515625
8.49967033
3.90043495
8.20056183
1.94283051
7.33149491
0.57866134
2.61484636
6.28586989
3.14648438
2.31250000
2.36035156
1.60795074
4.48482269
15.49564606
2.36389129
5.45402039
5.34855164
1.99649899
7.59122867
3.60742188
0.61124695
11.86185723
1.77970523
5.75724180
5.58011747
5.28764073
8.03247008
1.23999086
2.80859375
2.61673981
8.80981383
16.16674867
13.99654144
13.31160461
3.28605164
5.16406250
2.14294091
6.42057624
2.16060394
4.00781250
8.80061392
2.82544381
2.73868836
13.96439606
1.64514129
11.12243683
6.99263519
2.41015625
0.02775574
0.56082755
0.22884530
3.45188747
5.26783909
2.64062500
8.85538509
5.07625554
15.43969415
11.61352851
6.98392731
8.21862700
4.68416445
0.08258057
0.42293149
0.01627750
10.64309952
1.57955673
1.79101562
7.87695312
14.20247375
2.52042664
1.04980469
9.82031250
0.14074707
2.68078458
3.64103335
4.32421875
5.55013031
1.70996094
5.58325133
8.59208222
1.74947113
8.48783356
0.31563324
15.52945922
24.64497894
12.61462433
2.95808899
13.03906250
3.04882812
0.27482117
6.21439606
4.62544769
0.54158508
10.16292110
2.67737034
2.97220856
4.05712268
2.73283521
4.03470856
3.33052582
0.00452042
0.93359375
2.18045926
8.26814882
9.84464539
2.18013519
10.92902888
1.73295323
15.23002106
4.91495789
6.69921875
0.03018188
3.94291168
2.06640625
3.13708278
6.49768284
9.90856840
9.69889406
3.75240082
8.52779144
1.55289672
2.98181183
5.98091644
1.30664062
0.00536346
1.49230957
12.70222961
0.03199280
8.44641113
0.84440063
3.53890015
1.21687805
2.81917110
6.72344182
8.20312500
3.34179688
4.57722961
3.67472351
0.85742188
3.22867299
9.06234264
8.35066711
3.57511414
11.07031250
2.67773438
0.01998901
1.97416168
5.98482269
2.91992188
1.51077000
4.99122340
5.38069703
11.72477172
0.01070191
0.74316406
1.54902888
3.16789007
6.94238032
1.12304937
1.58073425
6.48059051
4.40669769
9.22745789
3.10546875
0.00241661
5.16796875
6.59765625
2.54996205
4.28109264
0.00846863
0.85795074
15.13627106
4.23527039
1.82943144
0.49277315
2.44726562
0.98225828
4.42155031
8.25781250
9.17187500
2.51171875
0.05568314
2.01171875
5.67968750
0.33154297
2.49515777
6.18404144
0.88334137
2.91060394
3.55639212
2.63794381
8.93750000
2.21590149
4.10029186
6.95044880
7.41796875
5.83984375
1.93306488
9.98591977
3.40665835
2.04056793
3.40531153
1.51607519
3.85546875
10.94185394
8.81762633
0.81425019
6.01729278
0.01727357
4.82377106
6.45357269
0.78613281
4.34375000
2.54446411
3.34179688
0.41536438
4.63370789
0.77982574
3.85786957
4.79687500
0.01132965
3.11584442
8.20402039
0.73970551
3.82617188
1.02734375
0.01748657
3.39843750
2.62369626
0.64152164
1.08487976
2.29581103
2.49426861
8.37666778
2.19559785
14.27779144
1.03222656
13.22912567
8.11890832
1.53422401
1.79243988
5.04841977
21.36893832
1.05460633
0.30086273
0.03213501
0.03925567
0.08681244
0.00510025
1.91347122
9.32377106
10.49564606
7.95658356
3.89220911
7.75126440
4.85314910
4.31696698
8.02812610
18.04073028
3.78979554
1.00024352
7.72534242
3.40039062
3.40297272
4.08162788
4.92232269
5.44140625
4.24206450
0.31628511
0.83349609
1.69645172
1.91992188
11.52514586
3.89059998
1.06188996
3.26367188
0.61474609
0.87259918
6.85937500
4.14875471
6.93860704
0.01463371
1.70939499
7.33683289
4.08203125
0.75447321
11.45170323
10.52868683
0.45971680
2.72806793
1.27193207
6.37500000
0.70019531
3.55859375
26.99378603
1.96784019
5.37951629
6.15405585
6.35502106
0.35599762
5.87243683
7.20312500
6.89318817
13.97745789
6.90323914
0.95751953
6.29374114
1.78926668
1.82210079
2.53194370
12.55708832
0.55277496
17.07198028
14.80647828
7.08011747
2.79773105
3.88041168
6.11368337
3.60262522
9.50534004
3.54052734
1.72070312
11.71439606
3.67753020
6.21118195
6.48661347
7.43872008
0.21191469
1.08984375
4.15098571
2.54192597
0.50488281
2.27583832
1.82731078
5.75960328
0.70658356
5.92187500
2.76562500
6.39062500
1.34224457
2.79296875
1.90234375
10.83939606
1.60884613
1.20019531
4.18269836
4.00480164
1.45410156
6.06461547
3.07796265
12.06250000
3.12455231
4.37719415
3.79512854
8.73950133
0.19726625
1.68509918
7.06017288
1.20394669
4.96528895
12.37589757
11.88281250
3.21484375
0.22985840
0.32836914
9.31250000
0.14636230
2.45719360
8.65804078
2.10546875
1.68652344
0.00340080
1.71980774
1.23453735
1.71761109
4.63899407
2.09139350
8.90327910
6.61161347
9.29642731
8.15391106
3.59872437
2.95853668
13.27600067
12.60335328
0.25439453
2.61328125
2.55826408
1.98966866
8.55358046
4.13090868
0.69433594
4.24731383
-0.00140319
0.27343750
11.06956949
8.56039450
11.90535461
4.62288453
7.54642731
4.87072474
0.41048468
4.85111481
9.01411957
6.92097961
10.20312500
8.60245789
1.63529449
11.17187500
1.88618988
11.16202571
7.63440159
11.40083832
1.31693512
3.99279754
4.04821808
5.92946441
1.98471963
1.94805098
7.15556626
6.62995428
1.73197418
2.22070312
3.20943207
6.51012966
7.29411015
4.57076019
15.10156250
0.47346984
6.32902039
11.86794618
2.50784728
4.37500000
4.02254211
1.99308289
9.14525931
5.40853280
5.33593750
2.32787899
3.40303745
3.66255707
3.00199478
1.27921570
3.71333832
3.52734375
11.47566711
0.14017762
0.26307348
7.73759004
7.76171875
2.39017731
2.94771332
0.16890441
1.38566101
4.79988586
9.31685394
6.25435394
3.81054688
0.19006348
11.15625000
0.91210938
4.30008256
11.12675642
3.86222351
0.75292969
2.27966277
1.03888396
3.28243074
8.39546100
1.44499279
2.36116578
0.51367188
6.47611481
4.79406583
5.80013187
1.07421875
15.21430741
14.68738416
4.73481356
4.45267731
4.58984375
5.44250333
1.77136386
5.43359375
11.59427638
14.32804632
7.44921875
0.01687866
4.90669769
4.06595856
5.92038292
0.52587891
0.22753906
5.17431516
1.99365359
0.32845031
4.57511414
3.69457198
4.33179521
0.34770203
11.06250000
20.85546875
0.62744141
0.00167274
2.08939606
6.50974220
4.44531250
4.27343750
4.75345856
0.77949731
7.65796210
0.63378906
22.82031250
7.40775543
5.33548981
6.69620789
3.42960384
7.49922512
3.13419991
6.58638519
0.51436309
4.08426972
4.07812500
0.70898438
0.66800934
4.54341644
0.09106445
8.87923094
0.53873781
2.63085938
18.02689606
9.06917110
2.54411015
17.51562500
3.36958832
0.45996094
8.94379095
3.06657358
5.48046875
5.69877106
8.33984375
5.85591644
5.96875000
0.69091797
4.19742797
4.47054078
8.82750873
7.44348736
3.14408356
12.08619793
1.95721852
5.00781250
0.53857422
8.48002106
15.82466644
2.46484375
5.56595856
2.95357269
0.43924957
1.66503906
6.33939606
6.37544463
0.12233892
2.22656250
1.28027344
4.87500000
0.33622129
12.90887096
0.67741218
2.43359375
0.00522995
6.42923981
6.18623560
6.30639960
6.21484375
9.28035461
11.97745789
0.35412567
12.33392365
1.05078125
8.13972961
3.59585425
16.82824302
5.24312721
3.53995789
2.16210938
0.62162137
2.22652316
0.02704864
5.53365082
1.28796293
3.25846437
6.32466644
5.33548981
1.94673676
5.33331299
8.87442837
9.99092310
2.79793772
1.63566101
1.36215210
3.75585938
6.93359375
1.54838043
1.50570655
0.34656167
1.57271332
0.92724609
0.70214844
2.23583611
0.19629280
10.03906250
24.28586441
4.85668883
13.35107048
4.76477393
1.35994570
9.96875000
1.97806793
8.67533356
4.15558567
6.18710660
2.41015625
11.18302305
2.07975343
1.61861176
0.89872742
3.58638519
2.73242188
3.41308594
4.58939606
1.94868988
10.35502106
2.58638519
5.23828125
1.20214844
0.08087158
0.01268768
3.46875000
0.08862305
4.99606883
1.69919935
4.85372229
0.80212433
3.39302582
0.07529693
6.76249114
4.85034242
1.00968445
1.45149657
0.96940187
2.43945312
10.64062500
4.71093750
0.34106383
0.01428285
3.44686890
1.95951324
5.36372894
0.09570312
0.09387207
3.02270446
5.61987367
5.19921875
0.71781402
4.48392731
8.64152039
4.35872313
6.60424867
1.10795074
10.01652039
4.90004101
2.44761524
5.75903258
10.86027039
6.47521942
3.37813386
1.02050781
2.57453295
4.29970411
15.91829344
5.61052189
4.50831449
16.79255416
6.54440048
2.95943207
3.03263243
0.00765078
2.22191822
6.76367686
0.02142396
5.37109375
0.71970611
2.56935120
1.73286957
3.06791168
1.21333832
3.32153258
2.85106051
4.57740691
5.00781250
3.91406250
4.72656250
2.44970329
8.84102395
0.75321807
0.30863434
0.74169922
3.75931793
8.27433289
4.58805297
6.40022828
1.85156250
1.99511719
0.98543274
6.59419769
3.27388519
9.27689606
4.17142731
3.52823914
1.22851562
1.99031555
0.70515743
0.61238835
5.63671875
1.17187500
1.52721327
5.55054552
6.01171875
4.44921875
0.25288879
0.05918396
3.21484375
4.87410461
3.55948914
2.30468750
9.04150266
4.36084109
6.86328125
8.59594415
3.40360815
2.87154144
2.81835938
3.35553995
5.07032247
0.31026215
4.08203125
2.38146942
0.22517945
7.86718750
0.47045898
3.36718750
2.77058899
1.40226258
5.17187500
2.16796875
0.21541258
0.17740968
1.22629739
2.75945090
2.94140625
8.28125000
0.14320799
3.56803468
0.17573654
0.42008484
6.71259468
2.74126274
8.06250000
0.27075195
1.32963043
2.70507812
5.78306517
0.17050753
8.64062500
0.64632078
2.95084718
2.44726562
0.02633583
8.05558289
13.65165005
3.29952183
6.24311725
7.05375775
0.01153564
1.74481201
10.12528037
3.66243905
4.89542664
3.69140625
8.13989196
1.71317597
1.65226258
1.69238281
3.95117188
11.71532249
11.71093750
0.01612854
2.20267731
7.98046875
4.41939301
0.26595031
3.41495789
1.04003906
0.00630569
5.88191711
5.23123490
4.01135970
3.22013855
7.19832336
1.28800476
5.90234375
0.67529297
13.83813165
4.01920656
1.16707585
8.72656250
0.06378174
10.19518950
1.53893202
1.43046985
1.68404144
11.33797180
0.81290711
2.28710938
0.00564194
8.71093750
1.33127339
6.44682291
1.45043883
2.26289949
10.03983489
0.96179230
2.57405640
12.47607204
7.57234929
15.39062500
3.98437500
1.86474609
8.57812500
4.25048828
0.95804840
4.08325133
12.36206117
3.10005707
0.34155273
0.65966797
3.02148697
3.95455673
5.47826588
9.81152842
1.87235566
6.96919769
1.84969055
2.18554688
6.93200466
0.71297429
2.48331602
1.51912539
12.00691711
0.39389920
1.18542636
12.58593750
5.89302582
5.38866689
1.47603612
1.68367741
4.96875000
4.05904144
6.92533356
1.60298676
0.02151489
3.71394836
1.74312348
7.47656250
3.08052582
0.85937500
2.02929688
0.52034484
3.41300476
2.37780762
0.92028591
1.72823277
0.40836609
4.63627106
6.27803559
10.39050200
5.43687151
1.80912262
3.93900543
8.65714539
7.07767731
3.18643157
6.92712433
21.70943207
3.51171875
16.57454344
0.22604951
6.67187500
6.73279614
10.02343750
0.42008422
8.12845856
13.70005342
7.13415527
3.06054688
7.60241474
3.06065733
0.91080812
3.17578727
0.91341561
15.68554688
10.10375665
5.72737921
0.22916687
3.49601009
0.70955632
1.40039062
4.93705231
1.43697113
1.76045715
2.49458832
1.55415863
0.12594542
4.52612367
0.60262024
4.30122894
3.32834640
8.41880540
0.00142574
4.11283356
4.31282469
8.71304300
2.82585715
3.11116578
4.59810394
2.56078915
4.68774601
1.43359375
1.40722656
0.17314573
3.96061281
12.46875000
9.32812500
17.17419434
5.42533356
10.97246847
2.53817209
9.78112700
8.67004488
13.02832031
6.28454590
9.54882812
2.23632812
4.02115470
2.24837655
4.26572059
0.52652150
3.47245456
7.51212212
2.13285682
5.34769310
11.53174202
0.37544769
0.16837555
6.98693817
3.43538453
6.78470856
3.54732207
5.21663453
6.77241911
6.66809175
0.78552277
4.57857269
0.05746460
13.33964507
3.62184175
0.02582847
5.88511969
3.64628767
1.50659740
0.02624512
2.33548981
4.71093750
14.67275045
0.96692819
5.81774933
20.60475678
2.89453125
2.26171875
5.07368957
8.54239805
3.54016238
2.18705231
11.40413040
0.23791504
0.55419922
3.46590149
3.10245789
3.67777372
2.08003878
0.42512782
3.20756261
2.78759018
5.93429244
1.96903535
3.28320312
9.71093750
5.38671875
13.06126995
0.84843860
5.65728281
1.86961324
9.46964539
5.44921875
7.39603668
7.09964872
6.41381400
8.70040447
7.40926086
12.05753103
3.29732768
1.40677887
4.75044769
3.07421875
1.79069394
1.74170046
0.13555908
10.14603170
10.91219179
4.52917885
1.84330231
7.25288786
3.06388980
3.92773438
10.73693817
9.67187500
0.44522915
11.39285351
1.59746453
13.31229613
1.96468140
0.66947418
6.08247894
7.15234375
0.01692200
8.82377106
2.33495658
3.49082864
9.51652039
3.75976562
1.01646633
2.90748005
1.70996094
8.10937500
0.67089844
10.31445312
1.98358154
6.15600586
0.81005859
2.47175837
4.41744237
8.27600067
5.70792664
27.79906126
5.84777925
1.53267426
4.13281250
2.88582336
2.31730164
1.97851562
10.53014296
0.95244126
2.02294299
2.73230635
5.56685394
2.70898438
1.28906250
7.30468750
0.44165039
3.37304688
8.52766844
2.06998781
0.21362305
7.21727394
0.88384086
4.93919492
2.92814273
4.30379211
2.98331726
0.53677856
2.44966644
12.02583832
3.88236481
5.10502106
1.10636414
2.71289062
4.33504211
0.56050629
4.43135528
9.63895722
12.25044769
11.31628418
0.20670563
5.00826019
2.70658356
1.39595551
2.65694572
4.17132424
5.46484375
0.92968750
0.02783203
6.92488586
1.36710633
2.03466174
0.19629529
11.40531029
5.64109169
5.59765625
8.46875000
0.50195312
0.24537903
2.53169769
4.57767731
4.46138519
8.13972961
13.70402039
5.56640625
5.69840204
6.59847296
10.17789672
0.98030640
2.60109269
5.59580673
1.88671875
0.11065674
1.99759918
1.19974762
5.98527039
3.24564606
5.00000000
3.92036957
5.07637481
6.15848847
0.87402344
6.62817071
4.23869116
6.74654144
8.37500000
0.00756836
6.98392731
5.25044769
3.87357325
2.56002050
8.23002106
2.48046875
1.07076019
10.10777594
1.38831781
11.12658691
1.83060699
4.40234375
5.92354028
6.01688940
0.72705078
0.78951019
0.13434082
4.07857269
10.83414672
16.23663743
5.81969748
2.78772440
5.50467864
10.37920198
6.38166807
0.80111146
3.66694568
4.46480939
0.30834961
0.08491760
3.73091644
3.50585938
2.79447418
4.77298981
0.33418793
8.39512634
4.29282136
3.49932196
6.18085382
3.44335938
0.08333313
0.00889100
3.71093750
7.71581782
23.98286168
9.57287567
2.31624390
8.03906250
0.01324463
0.01378113
6.92232269
2.10053351
5.17460259
2.10441101
1.92871094
8.09285461
14.09810394
3.83459442
4.25569703
10.17533356
1.36523438
1.69185394
2.80729001
1.46569980
5.48091644
10.29252106
7.29162567
0.28873719
4.71529144
0.63944052
1.30290170
1.53808594
0.00139618
3.26322418
1.86673669
3.05143561
10.33593750
0.14786773
5.01127106
3.35217254
3.09403535
0.58593750
1.75260251
3.71374667
2.45357269
5.23783356
2.41841644
5.44140625
2.34375000
1.29645917
0.21037677
1.14218700
13.69821032
4.64811281
4.10937500
1.33397814
18.30107158
4.58036347
16.21183289
1.08451324
7.78381317
8.61462433
0.84761566
5.12845856
9.26779175
12.13972961
8.95194239
3.54335058
13.37358581
5.26928524
4.77848515
9.32227569
4.18961547
7.09598847
0.01403671
10.25256317
3.08577515
2.99597075
3.73449800
6.11978502
3.47396498
6.06250000
11.95658356
7.05960218
4.48772052
2.09842240
5.58077681
1.17533356
2.60591644
10.12410461
5.15714539
7.16406250
0.12563049
8.91227172
2.05932679
2.81294271
4.91163615
11.76912002
6.25223847
4.75390625
3.80423981
2.17036957
0.00320244
2.67084747
7.63427734
1.22050995
2.67984985
9.02001168
6.89843750
0.01350403
0.01915985
7.62935394
8.96875000
1.00280014
2.44239029
0.16613770
3.65453790
0.50854804
4.00691711
0.03931702
0.66361481
2.67870346
1.23190048
20.22002655
5.00044769
1.51855469
9.11718750
1.30113998
4.26526595
8.23962433
0.00180817
3.64257812
7.85156250
0.45751953
10.70242133
0.76437555
1.13867188
3.32958984
6.19921875
4.16796875
9.35502106
3.95898438
2.29101562
0.22766082
1.56136109
0.32572418
3.25457764
1.30220551
4.80033356
2.58593750
2.44767024
5.66219304
8.96695922
6.76395722
2.89213043
2.09810394
4.47265625
2.77014648
0.58207184
7.71683622
0.09773929
2.45318499
10.99066267
12.00000000
5.94140625
3.09179688
0.13439941
0.67830383
12.33247894
5.41060394
10.99129211
0.62150086
0.44803863
3.62109375
6.58984375
0.48242188
1.71317348
5.78629765
3.92187500
5.21093750
0.14428711
2.40429688
5.44095856
1.57963043
1.51066101
5.48437500
11.06250000
5.92826324
9.24849457
4.89843750
0.94335938
0.49125152
5.35847961
1.07324219
8.20837433
8.20658356
0.23669402
7.49027372
8.67122562
1.42390930
2.31384308
2.34179688
0.40722656
1.12193952
0.16455950
0.85937500
1.13671875
0.07244873
1.88574935
5.39250443
2.32511414
4.26261414
1.09916168
0.36352539
4.39062500
5.95747894
0.05767822
18.87194482
0.21941425
0.38829715
0.10110136
4.54174867
5.65202108
0.05715678
0.10125670
2.04174867
6.53336547
3.77025433
0.45907552
3.24804688
2.58353668
3.73140348
0.37744265
5.22265625
0.69921875
1.72318512
3.86372894
3.27343750
4.94140625
2.26757812
0.42222595
0.09322082
4.95747894
7.77697754
7.31277040
4.12082335
14.65657806
9.10156250
6.01777130
2.00975161
8.07382535
2.92500886
4.21093750
3.55273438
1.89249633
8.76896055
2.03332613
1.59501191
5.38671875
0.03994751
1.35306793
11.23412899
7.94991245
0.16715484
9.15222075
3.59041445
5.38025909
3.28861481
11.01652039
0.76708984
3.09960938
11.68570922
3.16390015
0.59716797
0.10998535
0.21378570
1.69673676
6.27442008
2.00679909
10.44620789
7.11283356
1.35734070
4.59765625
5.49173981
2.57780403
3.85156250
0.24426270
0.04901123
0.04001861
1.07031250
7.78468558
4.27200639
10.53402482
9.52343750
0.54158508
1.94327820
4.10156250
0.08477783
6.57812500
0.13574219
0.57714844
3.06221465
1.88114472
5.30814606
16.18119293
0.06315125
2.64941406
3.29101562
0.14575195
0.00798035
4.83593750
2.39453125
0.37381988
9.00781250
3.98025211
3.36935726
8.74564606
0.10339355
0.40922027
3.83728058
2.56941711
7.33683289
0.03332520
2.22371399
4.45658356
2.14749779
0.80216866
3.71919769
2.01110123
0.41805740
3.47724327
