13.59480774
2.98091644
12.34569814
4.48678080
1.68119293
6.78637633
0.07002840
0.14794922
13.26757812
10.12629876
8.15356383
11.64201241
12.96121787
17.01896055
13.07361369
17.85758422
1.28430020
7.27368351
4.27587766
4.83874667
4.84330231
2.11958832
2.56054688
2.43700300
3.76807513
3.81835938
5.48034575
1.87125173
1.58097850
17.07255097
4.81986481
3.38716644
7.43554688
15.35066711
3.17472351
12.98347961
5.98347961
1.04671265
0.53906250
5.56750333
5.50537234
13.07722961
4.66324081
5.48157579
2.62845856
12.28816711
2.67517121
6.19441711
2.75724180
0.33276492
0.66410309
8.64656524
5.63421183
1.01939383
15.16471188
1.47196504
6.64990359
2.00345856
13.13102172
4.05301972
8.66406250
2.04162317
6.97693151
5.72265625
2.11067376
0.19108405
0.48120117
0.04933453
1.39413452
25.71785461
0.75040711
4.42097961
1.30851258
8.96695922
7.29235871
4.01216644
10.25244016
4.54076837
3.99487741
2.08483793
4.55481050
2.09960938
6.97542110
1.45723543
0.60559175
11.95837433
5.76896055
6.11340425
5.93448914
0.32845031
6.32902039
10.29882812
2.91166168
5.85156250
7.83190825
21.05993683
1.72939855
11.85674312
5.69531250
0.72070312
3.90250610
11.03845246
8.41973959
5.47133310
6.89798981
2.72896332
12.02600067
3.51110871
0.35180664
8.28202239
0.98653230
9.12503436
2.41012189
12.06640625
4.52343750
3.98828750
6.60591644
5.13492797
5.41540558
1.64302582
7.01472961
1.61417664
10.00390625
8.93558746
6.83470745
0.05494099
3.08092545
2.53870345
6.84663786
3.62919160
16.22489472
11.06339539
4.75500333
6.66495789
3.98238253
4.49564606
11.34228453
9.03824081
2.70512743
7.80078125
9.88427734
13.83235594
1.77734712
14.17879211
5.96183289
7.19730497
1.86324191
7.55175532
5.19209995
2.22880097
4.79585661
2.48494570
42.01550200
3.57629488
0.94966644
3.77298981
14.39085232
3.49305850
1.77974457
2.81730164
5.19441711
1.34908051
12.39969879
14.08683289
0.67041016
3.51597906
3.17392176
6.43680630
1.56974429
2.03153535
3.84916168
6.42305076
4.17500886
0.32674507
16.95026153
15.92204731
5.75977061
3.35579344
8.64343417
0.93851715
9.82620623
12.14714186
6.54296875
7.83158356
9.66491606
6.57556183
15.83235594
1.59415835
9.17691268
20.00410794
9.60625110
3.98250367
2.92048011
1.55587821
5.53426086
11.46052416
12.83948470
6.29988586
6.85151818
3.01839483
7.06787234
5.67773438
1.15205840
10.22835328
2.70239196
0.41744051
4.11865110
3.80969083
9.48474401
0.07673095
0.79874695
13.89933289
1.21484375
14.31656361
7.44515514
6.99531140
6.86015735
4.91796875
5.61718750
2.48632812
9.94164229
7.33423537
6.25948028
5.80839206
38.66518147
13.72723182
11.30212433
4.05660128
2.88850953
13.35233489
10.58862367
0.54829926
0.92285156
3.79207336
11.02689606
0.42154969
6.38671875
9.11925865
4.20841866
12.08459442
6.82991578
3.59029144
8.42175200
1.34440187
12.01472961
3.97745789
25.87512176
5.67520058
7.04143395
0.65380859
3.73139850
0.69002881
3.83203125
8.23950133
14.37630281
38.48636747
6.68896609
1.37056488
7.88582336
3.85778591
0.99857823
3.99023438
1.05912262
2.45145224
6.74626108
20.09309065
2.84831560
13.89798981
3.40625000
3.14453125
2.52388519
5.15144836
9.02856383
6.06217531
4.82031250
2.32527649
19.29508422
3.67171265
2.75240082
2.67622894
10.60843902
11.13883422
2.41194703
6.71350067
2.63806183
9.82722961
9.10990138
6.08240026
7.62935394
0.06372070
4.12109375
9.18652344
3.51415891
9.06700383
6.79265403
1.56954261
10.48002106
7.96919769
3.60742188
7.72086547
2.49593140
2.62500000
2.57617188
6.08365470
12.47689217
5.19051086
10.34029144
5.87890625
1.60786957
10.06595856
2.96576415
6.98467530
8.08837766
1.66943484
9.21529144
14.18355254
11.88102172
0.44543550
1.00097656
7.21333334
3.84090647
21.55793440
6.14173204
3.05468750
7.49475067
3.23962433
12.03140736
8.51701241
7.23476840
8.83957335
2.69893340
6.20324800
13.58247894
7.09375000
3.98632812
3.29101562
1.88236231
3.61426030
5.32999446
2.27631850
6.32353501
3.99100988
5.79931516
1.47802859
26.60001524
4.13505097
0.62235566
7.99218750
7.29361938
4.01281583
0.91377964
9.88085938
6.94291168
2.07031250
2.48091644
5.91125333
2.77624667
7.63627106
2.48677582
11.12238937
0.36596680
0.24190277
5.77298981
2.92471604
10.43042553
9.20593417
1.40641235
3.01440492
9.95312500
0.07696533
9.79597961
2.99503601
2.11376579
1.51221077
16.21439606
5.82588653
2.27932874
9.23214649
1.11405364
1.99141511
10.22656250
7.56798538
8.47781569
15.24248780
0.54325410
0.40234375
8.63358489
7.35860261
3.09960938
1.90917969
0.69531250
0.98144531
2.97611481
11.79341644
0.24499481
11.14843750
5.76110871
8.64843750
5.77734375
0.01046753
0.77197266
4.09683331
5.08838763
2.64827515
11.07377106
0.15157074
14.98636871
0.46496489
11.42199800
21.80468750
9.93135528
4.66630097
2.27583832
5.98046875
8.16752106
0.10445160
2.87500000
9.53343917
45.84306626
3.09232325
6.64445257
6.49609375
0.00514221
1.83398438
3.62646484
14.70584000
14.21558730
34.15722407
2.31347905
11.40445922
22.64624023
7.38895722
24.45663677
3.93418991
9.09183622
4.48218085
1.03710938
9.13476064
5.55619791
6.87935394
2.04687126
7.21637730
5.16314272
4.44665558
4.69531250
6.15926086
1.51643673
0.31994847
1.03560394
8.85502106
8.74966534
16.93595523
6.65633865
9.09899933
10.69897274
5.40348515
6.52941427
2.03532358
36.37988032
9.72168218
0.92826324
3.41495789
5.35546875
1.50638824
0.08418793
4.90580231
2.02974457
2.51127106
3.05228668
6.38326019
3.70178192
2.07015015
1.62207031
8.79597961
1.01261414
1.25292969
7.93670213
7.22250045
14.91316711
7.85514344
5.02343750
2.93554688
0.03393555
0.15979004
22.60611969
6.07466644
0.33666992
1.23614502
0.51589966
11.66227172
45.39485594
7.26367312
3.25781250
7.83158356
15.97265625
1.11030973
3.98014406
7.02021499
3.48157579
9.43163564
3.71289561
3.62320922
2.67455743
16.67883643
7.89453125
6.98286957
2.42578125
1.62890625
3.91601562
13.78332115
10.43290005
7.59192486
6.18269836
5.30728502
5.83042830
1.98482269
7.02298981
3.50186946
2.38289616
12.51260417
40.39370457
10.24168106
6.75532802
7.65962987
3.47220856
4.78955078
6.56977616
0.13432541
5.73339844
2.23091644
4.81640625
0.43066406
18.28247008
6.30948914
9.26936890
3.31835938
4.24393520
8.67439976
4.43359375
0.08587646
13.41514969
0.13293457
1.69042969
2.73713237
14.64151914
3.78606161
13.38024933
1.49421925
3.85546875
0.00707626
1.08105469
4.34925186
0.51118988
1.45487146
0.19059577
0.32666016
11.27924757
2.44357103
2.68884308
5.90189606
9.91048094
25.85559175
0.16817230
1.26562500
4.11014739
0.80211997
2.21501108
6.08259198
3.96940935
6.27042664
1.55542054
0.97513824
9.87064606
0.93009461
3.39843750
2.05228668
9.28125000
0.57710785
1.11478668
1.33736176
0.01574707
3.69140625
0.94770958
2.69730995
1.67773438
4.16288238
2.08789062
1.83548981
3.81205231
1.95402039
8.50166778
5.84252992
0.03289795
3.46093750
4.42187500
5.76863586
4.84639185
3.90477893
18.17224900
9.42402981
34.43274268
10.96695922
5.88415558
2.81835938
5.45869903
12.46203458
4.53304078
5.15560062
1.14355469
8.76729278
1.89331117
3.37836492
1.85165613
6.00264185
1.92980801
3.71936502
4.14843750
0.05273438
1.54333153
4.79423315
3.68286071
1.73059175
8.37154144
7.94140625
6.57767731
0.58060699
1.20996094
0.05601014
1.53987277
5.80909574
1.50292969
5.98437500
0.00389099
0.01223755
1.43187760
8.98792220
6.79296875
7.51953125
2.73437500
7.43944814
4.76367686
6.98783356
12.11718750
2.01617732
2.30914006
12.18750000
8.95470413
1.70004044
4.58491911
0.06888949
38.67343543
5.01161568
7.59770431
2.98872894
10.05891844
17.19364472
2.76066101
1.86523438
10.72184234
1.33015930
0.85921265
7.37845856
14.13832549
1.34834497
5.10160682
2.66992188
2.43410268
10.17535349
0.01902283
3.06835938
8.97695839
3.31263297
2.90734708
12.31185062
1.07702543
0.27722199
11.65112367
0.13891602
3.76082336
6.30558289
2.44921875
0.03859436
3.64542664
1.39160156
1.38492299
3.11613475
1.83203125
8.01652039
7.28710938
0.12467438
4.42578125
5.34720856
0.03861512
11.36326599
0.03283691
1.50488281
1.48835432
9.23112810
6.01472961
9.59029144
3.46875000
8.34375000
8.02779144
0.92138672
8.35843529
2.23140846
9.58939606
38.15663343
5.26524157
1.91743988
9.81160461
15.73437500
6.86664617
19.26811945
10.48555512
2.65933954
2.63798315
3.10156250
4.10111481
2.59615082
4.56070922
0.52034547
7.29943817
1.43107854
0.60735316
8.95837433
9.19966644
0.18444824
0.25195312
2.74804688
3.93359375
2.53470232
0.68753436
10.39022163
5.00818151
1.60013824
8.23872894
1.05468750
0.19596344
7.93464650
2.69381205
0.09794129
3.26209121
8.86706450
5.34988476
10.37724844
9.55725067
12.28461991
4.27531693
2.25752715
1.26748698
10.05949911
0.67480469
6.56640625
3.68208832
6.71463708
2.61967198
16.84342531
3.99218750
3.53906250
9.27587891
20.02331450
3.05090425
6.85196587
5.88541999
12.54508422
8.54536459
4.42863475
0.65563996
8.17533356
1.85982269
9.01818817
2.79398216
0.82357186
1.41068512
8.58874481
5.56106328
11.56462544
4.47090979
12.25435394
8.88972961
3.76696808
7.36450133
2.58341368
5.29622562
5.64843750
4.22196255
0.36592808
9.52689606
0.34002686
2.76418953
4.37301750
3.18216700
7.39266179
0.48388672
2.90218140
7.80334442
0.33024109
12.16406250
7.13488365
9.25814217
2.51562500
0.01602035
11.54048427
4.07137024
3.86100530
1.39371703
1.35628297
1.31152344
8.04573360
0.75634766
0.73563816
9.46964539
8.38972961
7.47745789
4.09029144
0.87015777
5.68013519
9.34330231
2.52974457
4.53515625
21.55456450
2.00730989
10.03411347
0.83833832
5.11844194
9.89134309
6.84568372
3.39798981
3.27193207
11.63972961
3.47355164
0.32641602
8.51293883
0.80004945
8.26712295
2.49166611
7.92521055
3.85664949
17.46183289
9.85591644
5.16393950
6.93872008
4.03796542
4.39453125
13.07059660
8.55190770
2.38872617
7.52929688
9.15039062
14.48514739
1.53698930
11.45047319
3.27669935
2.06534851
7.31494016
3.25537234
5.75044769
8.25781250
0.90039062
3.98009724
2.93111425
6.84655917
1.37768617
4.27030364
5.83349734
0.28344727
7.95914672
0.89440949
4.03168773
3.82032247
6.83198693
1.98157081
5.59855164
0.24332672
9.55904144
2.72823028
1.36405114
0.41650764
6.92048759
16.47916002
8.77572030
12.45744459
0.55859375
1.63281250
12.49955231
1.00728363
5.60314910
40.01306183
6.37845856
7.14408356
9.69734680
6.58369903
20.28637633
1.72473300
0.19702148
6.44213680
8.96464206
3.32857269
2.54015210
0.63811114
4.80590758
9.04040309
12.28161901
5.80379211
5.75935727
2.60888796
5.49833222
3.31054688
0.41308594
0.80468750
0.78527801
9.80212433
2.52270446
0.40995332
5.24299923
1.56673343
6.96708222
5.06551086
4.66796875
41.05190271
13.97507202
11.92557956
3.47729554
3.05151429
11.43225067
1.71618683
0.97021484
9.56595856
0.42114258
0.29467773
5.88281250
12.66344748
7.37671210
3.39465425
1.41495789
2.45731660
6.83670989
2.04414949
8.34375000
3.35111481
11.50194814
8.88432291
0.85005707
4.52941490
0.79622811
4.05859375
5.97912567
18.83841980
4.11718750
40.77306849
5.91833776
0.92480469
9.11283356
2.57478447
0.61458749
4.24218750
1.04349762
1.69823720
7.47115580
18.62877078
3.74915890
8.14664672
3.87438996
4.07857269
7.61885528
9.21785461
6.22534242
3.78755707
2.36629211
3.45747894
14.93883312
13.05310837
4.92647495
8.84375000
9.24385528
3.33577515
11.13928192
2.81774933
1.90669769
5.23392731
2.36763519
6.71875000
2.77883765
5.61687278
11.56774933
0.34061738
0.01012421
11.33504211
14.53023161
0.97164035
1.55521637
8.37463099
3.94612921
3.28515625
4.79597961
1.64835633
9.19982381
2.04102061
8.49548371
4.94095856
2.56074856
6.50370456
12.70312500
5.64107269
4.43314606
7.22310394
3.57348571
5.35770722
5.42284907
4.04418509
5.78833444
5.76216894
4.05562223
1.68363558
12.53381317
5.63671875
0.45959504
7.58984375
7.19954406
3.29134032
0.42053316
8.65429688
4.92427582
1.54589844
12.83634087
2.51717475
8.22220856
0.91988129
11.25774956
0.21748840
0.19413269
5.88239916
9.80965647
9.88472628
1.42602477
5.43371675
0.39648438
12.76818817
2.85485871
1.64827266
1.84489140
11.84720856
2.96129655
3.08487976
7.99919326
3.08748227
4.02535128
11.59720856
6.37271222
3.73682513
2.78002992
7.33113586
3.10245789
9.28212738
0.35408508
2.67187500
9.13370789
12.24820922
1.30647828
12.99775156
1.48409962
3.92635195
7.73046875
2.43904477
6.55585702
12.42168328
25.22849070
3.82709219
0.70707184
6.71809065
5.43860704
12.95312500
0.97269559
2.15359819
2.13949357
8.87845856
5.55122894
4.38069703
6.46875000
13.86791058
11.36255319
4.14258311
5.26953125
8.08544922
3.34687390
1.20345966
10.71081543
6.03169769
1.08308899
2.50870789
6.93359375
0.69580078
0.36425781
5.64843750
2.20072418
4.82812500
2.30859375
1.52876801
0.81787109
3.34134918
3.35396332
2.74414062
6.97415958
10.40096631
9.13605940
7.56271165
9.09810394
14.70654297
8.24356494
0.07625928
7.41503906
2.40384918
9.05904144
0.24108887
5.01171875
9.79162567
0.81290711
3.40429688
1.69673676
9.87027704
1.89685339
11.83198693
9.69510085
8.65516289
1.53002743
5.41174534
4.51216644
14.57740139
12.17511745
4.28475288
15.30725067
9.55868349
5.59720856
0.00423950
1.09570312
6.21736633
0.23718262
0.98343778
0.34167636
0.42810059
10.11799424
2.91056959
2.70145722
6.21048981
11.24641844
5.61731050
0.16898590
2.53951019
3.49458832
10.10156250
0.96111282
2.26599900
6.90005098
3.21579343
6.58728058
4.51863586
10.11372894
6.37935394
3.25195312
1.12597656
1.11035156
0.03737884
4.69185394
2.44062888
3.50858987
1.95800781
2.02663883
5.04469082
1.58068817
1.33247894
5.34317930
3.22412234
11.65535461
6.30993683
0.05014038
2.80273438
4.27343750
4.37410461
4.53983489
5.07879752
17.88901650
9.56298704
37.72859929
10.87756317
5.52087433
2.90775543
5.78035461
12.59484708
5.21720523
2.68497618
0.88517398
8.12064606
5.23828125
5.63716644
0.23136383
1.94103973
0.03625519
1.34831611
5.70248559
1.16113281
2.09765625
0.00303459
0.03472900
1.28651905
9.74548869
7.83841949
7.83292664
2.15775543
6.98936836
4.03752770
7.22310394
6.96484375
1.32736060
2.40906914
6.64497894
8.81595856
0.14835633
1.09098017
7.31543218
4.66361481
6.49397828
41.26746954
5.99297982
8.08574205
2.24263519
8.95389739
15.99743683
2.54475953
0.86279297
8.83605926
1.68074524
0.63944551
5.80423981
11.38213805
1.16853571
4.40885749
3.49609375
2.31679467
11.30535682
0.01667298
2.97070312
9.24042609
3.33574578
3.29886747
5.89900820
2.50122008
12.08606050
0.22257477
3.63822418
8.94966644
2.22310394
0.05882232
4.19665558
1.26757812
0.98351770
3.45650487
1.53710938
7.47701019
7.48482269
0.13610840
4.73392731
1.26704926
0.68701172
0.04122925
1.51757812
8.76598155
0.68753436
17.50944592
2.76655973
14.42903812
0.01685577
2.41406250
48.56098959
17.43184729
17.19882441
10.07349069
5.96740692
7.27945922
1.77897218
4.66377217
11.30273936
0.83284547
9.64062500
9.96785461
2.43611010
6.14539228
12.11372894
2.51953125
8.68385667
15.90952681
1.48518922
3.38903092
1.56559951
10.27164672
0.77909394
0.99979582
3.20385804
1.99173981
5.66060394
4.77734375
1.09773742
1.09216340
0.41674805
5.08011747
8.73628878
6.99820922
6.95613586
0.80395570
7.93314606
2.90767426
6.58776264
13.39225842
13.39050200
5.61686281
5.14152039
13.89371454
2.93937444
8.88716644
1.20560699
3.87242188
0.66167663
11.82301309
1.81325797
2.38963971
3.09664782
5.40445922
6.99788453
0.75732422
3.62849790
5.03137300
7.66975953
10.40625000
0.27416992
11.86593428
5.78047761
7.88326019
2.59960938
10.26562500
0.45971680
11.23347961
5.72977505
2.49528202
5.20312500
5.18013519
2.84045379
0.70105012
2.10546875
1.60306793
1.46138519
3.91445590
6.41220301
1.46240359
5.71638852
0.35929507
1.46244293
3.19199760
46.79896608
3.43892737
9.85746122
4.14351286
5.78764073
2.18465149
0.86315949
0.76525848
1.22408051
5.58292664
11.16137633
4.48168883
14.73779421
10.53906250
1.89648438
5.16271942
0.08982361
5.26460661
0.22924929
2.21484375
1.77929688
4.98002106
11.21695922
1.84196378
1.06141788
2.28560394
7.94347013
46.60131649
7.00952460
10.24129211
14.70557064
12.30814606
0.08530701
0.63480621
8.10758422
9.99397828
3.56974180
0.18583285
7.31534353
2.57823928
15.33472739
1.80448581
4.13761414
9.54162567
6.03299646
9.85897163
0.69193512
6.15279144
0.19384766
3.62101009
0.63191960
4.72928303
4.53511442
4.05644392
11.68481383
11.77612367
12.56802970
2.50273049
1.96830231
2.13297453
2.10079011
7.16796875
11.79252106
0.36120574
12.81685394
0.82747437
3.09309564
2.65261913
0.66745234
5.10721521
8.95031583
5.81274913
2.85384032
1.44010500
0.40722656
5.40580231
0.84809896
0.65430186
3.68750000
8.62320922
4.42252438
3.17887577
0.01725769
4.22765334
7.77096298
4.01261414
7.00557403
4.17801972
12.86283356
1.66992188
5.15433622
8.72668550
4.26740922
3.65153701
0.72607422
3.24804688
3.47778258
0.40747133
4.40234375
2.48392731
9.43537503
1.95788730
0.04581695
6.13308290
6.96624113
1.82999695
10.18147828
0.91162109
4.84765625
0.20548492
0.07238770
11.14115138
2.37056737
9.90482076
12.83744791
3.28845246
1.18945312
4.23925781
11.01127106
4.83203125
4.15279144
0.49780211
1.06909242
4.55468750
3.20703125
7.30265071
2.13680241
11.78983489
7.73750886
2.46289062
7.84988476
6.05245899
11.33158356
6.59447308
3.44174091
22.77006769
3.19478612
13.43098277
4.53796542
3.35021942
6.11507203
4.79105497
9.90380984
4.75390625
9.36283356
10.14737976
3.82429743
5.42480718
7.98872894
2.75345856
2.75675476
6.58939606
2.18794769
14.92431516
1.52002078
4.91796875
4.74173981
6.82421875
2.41752106
0.09086121
4.89619903
3.55529754
6.50162843
3.12500000
2.73156509
44.27293106
2.85998504
9.58683289
1.40136719
12.76052394
11.71106050
2.30423981
2.35387716
4.80530252
9.92622894
1.24857574
1.81054688
1.12410461
8.70837433
4.96875000
7.42309508
0.04606172
6.48828125
5.08321137
1.75992797
12.13593640
6.55335438
1.06595856
8.86975067
29.10679533
4.36820589
3.08835897
2.99310283
7.01774047
7.74353058
2.32271332
5.08504211
0.83878601
5.19877106
3.05509087
0.76762245
4.52343750
0.40014648
0.44873047
0.01962280
8.04809508
10.47900266
5.69165226
6.80725067
0.11389191
3.71451408
3.81433510
4.30081561
11.24650709
2.16556793
4.30468750
0.28096527
7.19486481
0.23286957
11.55944482
6.71008643
6.26562500
7.92765071
0.30135320
1.74808372
11.73140846
7.96484375
2.01366253
2.72734485
6.97611481
3.69425476
8.14062500
12.54329344
0.48811890
9.01306183
2.26802582
10.05712766
12.69954531
2.70357269
5.40344083
2.78645999
8.52780572
10.08118018
2.37890625
0.24051910
3.80610677
2.17773936
9.35847961
8.36808289
5.85021942
13.80317709
7.05094858
1.30639711
0.23364258
15.50000000
0.60021942
11.54431183
4.38627106
5.64428524
2.32686558
5.18314606
12.75105649
0.64196933
3.02766800
12.98437500
1.40527344
2.63541501
3.48372562
2.66015625
5.27644836
1.71280945
5.93570922
0.60774781
8.10517842
1.84208721
1.02636719
0.20292145
0.18965668
9.75345856
1.97798676
12.19445770
17.66880985
2.30518949
4.36559841
6.35571476
7.55603058
1.78177887
10.55122894
3.49475067
0.04508484
1.82421875
1.65783660
5.61897828
0.02227783
0.01207733
0.36132812
0.00757980
0.00393677
1.59243348
5.14426085
0.85257965
1.22310394
3.72913839
42.00267175
8.62500000
6.40100067
2.51110871
9.94771332
1.60652649
6.70792664
0.59920227
11.76620339
3.84053745
11.72566711
8.66060394
9.26216644
0.24304199
2.58024047
2.83771302
0.52884918
1.72993988
5.12018839
4.87545766
15.93794769
3.46590149
12.64347351
4.70703125
10.79943817
14.89754211
35.37040005
20.71068485
4.24487367
2.69816101
6.27260895
4.62171874
7.97285794
0.54671390
3.85742188
3.15323914
4.51171875
0.91166168
0.07509369
7.03861481
13.35149407
1.39103335
0.29541016
0.98013845
0.59285959
5.01953125
8.41393950
6.66125333
4.21386968
0.01612854
5.30690105
2.57261524
6.71830231
1.73421265
11.52689606
4.52493635
2.54447916
9.13089872
8.94802306
41.51336214
6.28831607
3.72460938
7.39754211
8.84029144
3.88663509
5.28719304
3.67232269
10.95312500
0.23596191
5.20031583
8.12046876
5.60845522
5.76953125
1.06347656
10.80033356
7.19230164
30.93614404
4.77860815
1.99035333
7.02197141
1.92700631
2.05468750
10.07287567
1.32963043
3.86511137
3.25732546
13.61486536
3.15348515
2.63204011
13.40279144
0.11322021
11.24910461
5.10367797
1.98856660
1.52193207
13.96776596
16.25171210
3.55944980
5.73083776
3.28320312
12.17101428
43.05680297
5.66492353
22.52973242
18.89958887
1.12109375
3.66646332
3.09330231
6.50781250
4.94855940
4.04753435
11.08247894
10.59720856
0.36519379
3.34720856
3.21321532
2.44738863
12.80468750
3.13704344
1.60905031
0.64550781
0.88252590
5.20292331
0.11004639
5.49910461
2.77273383
3.15003656
4.93203403
9.87070035
13.17836741
27.02912581
0.29000720
12.36636082
7.72790082
12.10502106
0.05615266
0.32788086
3.60066711
0.90226258
1.27498227
0.30997867
10.60774158
3.41287428
6.67802969
10.76086768
4.24377161
5.34023259
2.37182679
0.25891082
2.75861261
15.01574800
0.22159758
4.25704011
0.05347687
4.67578125
6.85355497
1.48185367
2.23828125
3.58386137
4.90983156
4.68639296
8.62521165
6.86462433
1.17382812
1.89469360
7.84419769
3.66255707
13.73045732
9.89164339
5.56640625
7.90580231
0.89449066
3.90775543
1.19087738
6.85529145
1.78879210
7.11763519
4.31205231
14.40279144
0.80399380
2.00357159
8.59347618
17.26899318
4.79911347
8.00435394
3.08548981
4.90669769
7.27990692
1.68701203
1.28080231
5.01386858
4.35767287
0.45971680
10.83504211
5.66918883
4.97233156
1.18457031
1.31054688
5.01127106
6.50826019
0.35546875
2.50797485
2.33532746
0.58589691
10.23590980
44.95626883
2.87422761
5.43359375
1.55399566
4.19185394
3.08504211
4.76261414
5.81640625
3.40039062
0.47098785
8.71415005
6.32145390
2.23347961
3.61222351
0.72705078
10.65013963
3.12720412
6.67142731
12.50000000
9.69576019
1.95365387
7.12890625
1.83398438
0.49263519
2.34337849
12.97371897
3.43147828
1.69185394
5.37943263
1.49654394
4.61718750
8.21093750
6.38313719
0.28682527
3.13521332
9.96125222
4.06218528
4.09061614
1.70625886
6.66015625
1.28500283
0.08749473
1.57519531
7.31875776
0.27010943
4.44339996
7.32076019
10.14843750
3.51700743
41.32510916
4.11491467
10.41458888
12.05054920
27.12521165
3.58174902
4.66841644
3.73286957
7.83715758
1.09741273
5.61718750
0.26297973
0.71712032
4.80920379
23.65181737
-0.00134765
4.84061614
2.16560914
14.79325614
5.31652925
3.69877106
5.85591644
5.37801086
0.12276215
3.40865082
12.76127106
1.81294769
8.08059952
5.54440048
19.70646055
1.76086519
15.45222961
10.28291778
1.37467531
5.43961547
5.67399047
9.88204011
0.05661011
5.54088764
16.06368074
20.38855510
4.90189606
11.14408356
2.45552582
10.82377106
6.63716644
1.74458832
13.20621454
5.95238697
3.83659685
2.09029144
1.54003906
22.30960716
18.86483100
5.83337433
10.44852505
3.69600620
9.04215204
6.68831671
2.56054688
7.78100399
4.61743351
20.27331450
5.36551972
21.15368683
0.97013367
0.65380859
0.79541016
6.57812500
0.43286133
32.47736176
0.13525266
11.77510528
6.82389406
2.90759308
5.41239472
17.28381317
2.13822418
2.78304078
2.59615082
49.21418440
19.70065048
15.27677538
4.43685062
2.43900543
6.65445922
1.36942597
2.52615803
11.32426307
2.03780308
3.67987423
3.59161014
3.95357269
2.67633887
15.08920434
1.74690797
8.67533356
1.40754627
3.48600842
1.24857574
0.71866883
6.93314606
7.55122894
0.02760315
5.52127771
10.18184729
7.77689606
0.06097412
12.71777095
11.29634862
12.11718750
13.74218750
16.67036459
3.06897440
3.04105497
0.15539707
4.14558151
3.80266068
3.00105774
6.67085661
17.86288271
5.44018617
3.09932403
7.93583222
12.94046654
4.30517952
3.51997894
4.80379211
1.66984070
3.04252106
1.93428496
0.78055879
3.69643895
5.46611812
4.86673981
3.65199788
44.01169436
3.74910897
6.09663786
5.12211214
0.33129883
3.08744293
12.53051197
7.85396830
18.47721188
15.14125798
0.98360137
2.90608765
2.07812500
2.18750000
5.70658356
0.06935639
3.90836547
0.22078492
2.02539062
8.28173828
6.05244903
0.20849672
0.09143066
1.21679688
8.20043883
1.53736057
0.99118406
1.98535156
44.85042110
7.10270390
11.19954344
13.18366865
8.70747894
9.28588431
2.73079095
9.17094525
2.63533632
3.69169160
13.49898161
1.29077211
9.81774933
6.39542664
6.57193595
1.21578346
5.84305380
3.49316157
11.20231826
5.47911570
2.01396719
2.75390625
2.38764248
2.71268894
14.91060394
11.82506982
1.45858100
5.49942930
4.14008367
1.35763851
5.27205009
5.99788453
7.47176460
3.59240692
1.35184785
0.66455078
5.91361481
1.38675124
0.61979997
3.66601562
9.99475067
4.06135860
2.35600011
8.87845856
2.47777448
9.29541888
3.93990082
6.98950133
3.23120179
13.30033356
1.97993988
5.50711880
9.11999667
7.67329624
1.61360843
8.29137966
2.56933345
1.21318096
2.62845856
9.21093750
3.73558511
0.75509696
3.89994293
5.01863586
5.05248338
6.39807845
0.04974365
7.52707780
4.17079786
2.32181793
11.54085328
2.85351562
0.19376617
0.33349516
0.08577578
12.83992243
3.07173925
10.18680380
3.68453346
7.00659242
2.69531250
13.16752106
1.64790863
5.71358184
5.22835328
5.42277039
0.30525664
1.19515015
8.70747894
3.46289062
3.16756040
2.34415835
7.57377106
4.21439606
2.86914062
3.28214539
3.51713043
9.05431849
2.81136358
6.94140625
6.21271582
5.26933953
22.12653439
3.33874667
13.96250600
4.86999667
4.47867797
5.82255097
4.24194149
7.17859042
6.80948914
11.06250000
9.69185394
3.15104001
6.15515292
7.48783356
4.17578125
3.52823914
3.77539062
7.19506649
0.24931003
9.92610594
1.39758394
6.20312500
2.98197418
6.49263519
1.40287262
0.08485932
3.19217864
2.11714567
6.03930851
3.23002106
2.73134202
7.53241134
9.35156250
10.97477172
4.92712433
2.57079954
4.71285128
5.12019836
0.11478699
3.54500056
1.36906194
5.77672623
4.44841201
4.55513519
2.26517731
7.63716644
10.57629481
0.43030128
1.47416168
2.44663627
9.13706338
1.56250000
7.18464650
3.13448028
5.02755291
3.11914062
5.07767731
7.69966644
0.84472656
0.84012225
17.52405252
2.40124667
6.29642731
0.16153992
4.83927305
0.29646914
10.30447585
2.58765458
6.99263519
9.70031583
0.13147128
2.33719443
11.31567819
5.67622894
4.46756303
2.41476119
9.16752106
7.19576019
3.06506317
7.29777039
6.45747894
0.02087402
0.21752930
15.40148926
0.66373656
11.68493683
3.09419769
7.53458555
4.86731050
25.60442565
2.03304078
3.06099457
1.17089844
7.07173427
3.62553136
3.55859375
5.30456450
1.56119875
3.74804688
0.17781586
9.93305741
1.86141677
1.01216644
0.48999023
0.22558594
1.44726562
0.23665344
0.09128846
0.55566406
0.15441895
4.76953125
11.53933663
44.62033133
3.74475067
6.68794769
0.37406402
12.36767522
4.62512300
15.65189606
11.99129211
3.88521332
14.00540670
5.90519725
1.32519531
4.86283356
7.16105164
3.61283356
1.34033079
3.74169284
1.32076019
2.44140625
8.21687057
5.50143173
32.40767177
2.75789616
21.73262013
5.43644725
6.07128657
1.68172429
3.15279144
1.77140320
7.15625000
4.04418883
0.30220613
9.97387633
18.32597190
2.55379709
0.55566406
1.39981619
0.32039866
6.39453125
7.42354278
6.42585993
6.74044104
0.02963257
3.19736121
1.32855828
4.94486481
8.87154144
1.76411957
2.76757812
9.49218750
4.64499371
11.37206034
26.10371233
3.74310615
3.09765625
4.66752106
0.45825195
5.87890625
6.46272722
4.93518284
2.52986321
4.10249225
1.97042774
10.42931849
0.48620886
5.45043883
3.64693207
5.01940825
2.15726839
10.10567044
6.59834995
0.79736328
2.63130707
1.78320312
9.05435284
12.03788924
2.61405364
6.84110815
3.31835938
27.68448416
4.49670877
24.71900524
17.61031970
0.83186890
5.25390625
4.95222961
8.68839539
9.56705688
1.11161347
14.31776375
15.62654035
20.63623670
0.21549687
0.90185547
14.12064606
2.40865082
2.47574081
1.26689439
10.07893174
1.58895210
11.11731050
5.69043218
12.74975399
4.61653812
11.04552195
2.05152426
2.24837157
1.90926086
23.47924999
4.92692265
0.26171875
9.30675865
3.87215647
8.32420878
3.43014516
16.50642509
13.07872009
8.53191807
5.12178745
4.42923981
5.80558289
3.19335938
2.67488586
7.61372894
2.00089539
10.17373881
11.22924867
5.37500000
8.48437500
1.51562500
4.39754211
1.41691101
5.64504766
1.13770777
6.55904144
4.88671875
13.17968750
1.97224790
2.34463355
8.99256680
14.42280654
3.17020722
9.29687500
3.86869293
5.52388519
7.55725067
2.16601594
1.10839844
2.35424369
3.38989694
1.41699219
8.05814606
0.34346527
3.29374114
3.49157746
3.99788453
0.98681641
8.96214761
37.40068594
6.32454344
3.96842531
2.20552582
4.78125000
0.08563232
11.74629544
6.32401706
4.11673981
3.49458832
0.52787262
11.22916002
3.09355330
3.22656250
1.04642731
8.83060340
11.95581117
1.24617492
4.14306516
2.92814273
2.13944426
25.06941711
2.31998781
9.90421321
12.44885073
25.41667996
6.92651679
4.00931793
3.61612976
7.60188719
0.75162843
3.26562500
0.17435668
0.45247406
17.04670767
23.48889627
0.02785248
6.82275266
4.10729949
17.01271057
7.54577792
6.08203125
14.73258422
2.00569703
10.33303718
22.05799368
5.78963320
10.87320922
3.53291778
13.38114472
5.94710328
1.79882812
15.67793108
15.20797096
4.10193151
1.21769226
1.08203125
26.45909616
8.39543661
2.89192376
6.39241827
4.80647828
5.57722961
4.51306183
19.70730404
0.90922152
5.28002992
1.70072418
7.37500000
12.24954234
0.63123587
6.92171203
1.05904144
1.82271332
0.22025543
6.78515625
1.36824524
9.90970856
3.49157746
5.06250000
2.04141900
0.67484901
11.18350510
0.22542110
8.99332890
3.67789672
2.41975953
10.77229610
0.46281070
0.11767640
1.88085938
11.92968750
6.83459442
5.33972075
2.46317597
8.51831117
6.90279144
12.32722961
0.08811463
8.77494293
11.87935394
6.28906250
5.71048981
0.10516357
0.37951629
7.63850953
4.69921875
3.63281250
2.44726562
0.29736328
3.56445312
0.58764586
0.57242797
1.98453049
13.71550310
25.13776598
5.89925786
14.29480385
3.08247894
6.83024047
6.35631982
1.26754128
18.43367243
1.48926030
10.19620789
9.08504211
5.64933289
12.11271055
0.21956484
5.67894698
7.44373337
11.51562500
4.19331007
3.07321032
9.38037109
15.67431516
4.68160128
18.03106689
5.50781250
3.33353668
3.30318207
7.96394836
7.54597961
10.79085328
0.13476562
0.29833984
3.36115332
43.60271387
6.39664672
0.76595094
2.77298981
1.12837364
22.63220371
0.93420628
4.70977118
2.87030695
2.38671875
0.75809411
8.51343085
9.68447917
2.31596852
6.73437500
0.38720703
1.11197595
11.41622229
7.18391844
0.35367922
2.41471344
14.44970579
8.21285128
7.16406250
16.36860927
7.09489140
2.34073914
4.68013519
0.81562701
2.69047650
12.76102505
7.15811946
1.53007424
11.03616966
2.31706061
17.48388091
2.83545046
4.21024380
0.57576477
0.30822972
13.64562833
6.87345523
13.82812500
18.53125000
4.84659353
11.38432291
7.59532913
2.20260361
13.01997894
12.80407248
4.44983377
4.69576019
8.48347961
11.92166833
39.39990359
6.89957890
9.09960938
8.11718750
3.63521332
5.30033356
6.69966644
10.33927305
2.43013519
0.89323000
8.39843750
14.74080009
9.75395057
5.78067930
1.81156527
9.67277039
7.42601729
1.62626939
12.01427195
27.85991134
5.43485815
1.26549888
9.20066719
8.94620789
11.11271055
1.07531832
20.26562500
14.07490747
6.20003546
9.93750000
0.30338562
2.93359375
9.52945922
2.32857269
7.94230164
9.93558622
1.85783023
0.00926208
9.84557264
4.18034685
16.07454344
26.78832946
17.27784272
1.69738863
5.76102505
3.54756870
12.88102172
9.41227172
0.42256746
10.65445922
4.17020722
16.37219083
5.57210328
10.52537567
4.25298647
2.41218058
5.44532247
8.05033356
14.66771776
4.75986216
13.57145390
4.56941711
2.93884308
4.54642731
11.37064606
5.31676031
5.82280695
2.99804688
6.92578125
13.65327599
4.78129432
7.84586547
4.25472047
2.26607269
1.62756317
6.27868683
4.23046875
0.28861481
2.71919769
3.11088043
4.73213653
0.34155336
2.20463043
4.40222075
1.35070894
5.59789229
34.87307874
9.89629764
3.35241730
4.66796875
13.90970856
21.84014374
2.16666501
6.45292331
1.14595551
11.79252106
5.60201019
3.59781860
1.93269836
0.21000215
13.19771332
12.15875887
0.16208250
9.63988697
22.15251108
2.82719027
8.08414672
17.43236869
7.09481272
1.06054688
6.53625333
0.10441226
4.68282074
3.28877715
1.41630097
9.14754211
6.21138519
0.41035980
4.43750000
3.93164062
5.63236481
4.89497894
11.88281250
3.40580231
5.27363919
7.23417331
1.29589844
2.05468750
1.85591644
2.53710938
9.75691711
16.06250000
3.31685394
1.82163046
26.24776651
9.72387633
9.51049867
0.12019867
1.75541168
2.45898438
33.17739473
33.78903438
5.28796542
1.18111176
2.59312937
23.09371564
2.43408577
7.15811946
2.21582280
7.14456561
4.26168439
7.24324524
5.56294769
2.39888519
11.10156250
2.29296875
0.20298186
1.14375886
11.38627106
5.05513519
2.52103668
11.89396055
10.92097961
2.18115359
2.76607269
3.43554688
1.33646637
2.08324635
3.40145334
5.20715425
3.63012633
2.59012910
0.18245453
2.57120041
1.45667220
1.14009613
6.22216423
5.78174202
16.03875244
3.87306183
5.90588099
4.47005499
11.86718750
6.11328125
0.00936127
4.65970856
0.35913024
0.11116609
1.28613281
0.52982574
7.55122894
0.38964844
7.06310506
9.37830119
0.00596619
5.82812500
1.73280926
42.37508865
4.97240147
5.60892731
17.96952239
0.82633547
4.34765625
5.50390625
0.85225371
5.28739472
0.19067383
13.25195312
4.31941711
2.97302028
2.18803899
7.95267731
7.64888519
22.70995845
2.24662511
1.54540642
8.70797096
11.06355774
4.87935394
0.78508483
3.45747894
6.11328125
2.10441101
10.71943965
0.18164249
3.84855164
8.00256317
11.36425532
2.46085882
1.60005707
10.41918883
9.18305741
3.42900376
11.87744016
14.32478945
2.63370789
16.67692016
2.88146942
2.08711824
0.84472656
13.64953458
7.43986148
0.91695160
7.02343750
11.49691191
0.65889558
7.46875000
10.60912899
0.19242527
4.42187500
5.25345856
1.67248504
2.39827515
9.57098526
1.06713805
0.48559633
3.01171875
3.73590793
6.76824246
2.02539062
10.58158356
11.83504211
6.86027039
6.76997894
3.79492188
5.10111481
10.68660461
3.49743683
7.08451843
14.04980469
9.69006317
5.46038122
2.14899378
3.19034851
2.59179688
3.79056793
1.19584137
14.24006206
3.28471852
17.79356291
3.72582946
7.58439273
10.23002106
6.60982269
1.39888519
6.64363586
2.78592864
0.94445894
4.07421875
9.40625000
0.14518219
8.78792110
0.19592503
7.20828915
2.24804688
2.54003906
14.10937500
0.12683105
0.91503906
12.57006649
4.83618351
11.75602172
7.27522828
0.01700454
1.85982269
12.89233294
16.92795600
5.27905585
17.41060394
1.14160156
5.05924313
0.67464359
2.38671875
7.91821289
17.02050532
2.54199468
8.02689606
7.84029144
13.39290100
4.10359877
35.80188829
9.26114805
4.33650820
6.25109708
3.88171542
8.85937500
2.50781250
13.34541778
6.94095674
9.08789062
8.23522607
7.47347296
2.11568207
7.48986038
5.31425523
10.48437500
5.90311614
10.11120014
10.11190381
2.20011414
26.22789686
5.51807513
1.78788051
5.91524199
6.60888298
0.91162732
1.68546570
7.55725067
0.17277039
6.76953125
8.67687833
0.52506593
2.59252992
3.60742188
5.03906250
4.20080286
0.38704718
7.13511969
2.12464594
5.54650599
1.90242741
5.61803857
5.99613807
10.65152704
0.49682929
10.62629627
7.78288342
5.89888519
6.33158231
2.16284242
2.98022399
3.89253878
12.63627106
0.34513367
13.43040549
6.99178413
8.39331117
5.75109708
2.90169437
14.90254544
9.21028812
12.00345856
0.37158203
2.77193207
12.74820922
2.85172485
5.50138154
0.34753449
8.73002106
0.21663422
13.70222961
11.29329344
14.33470745
18.31339848
2.94857934
5.43660461
8.31774933
2.10201019
9.05891844
2.31608156
39.63871122
10.75614472
4.56205231
7.77831782
1.69010749
9.51997894
9.83414672
1.39741412
2.83679853
4.69868396
7.22384197
3.37935394
7.62455231
6.79430187
2.04314106
1.82902039
8.42700133
22.90470025
0.22542110
8.99332890
3.67789672
2.41975953
10.77229610
0.46281070
0.11767640
1.88085938
11.29890431
2.61344360
3.46814494
2.70446808
5.10554743
2.24813054
8.98616578
7.35892731
8.45365138
3.47994237
10.75781250
5.78861481
1.05806488
0.34460418
7.17248006
2.29956615
6.64497894
2.06384059
4.75940159
2.60375665
1.11149234
25.78816159
6.52070817
10.13070700
4.43359375
7.44925311
0.85978834
21.75080674
2.91085494
11.15535461
6.82902039
4.98303192
14.33544548
0.50911874
4.91959469
23.74597075
4.41308843
8.15279144
10.92700133
5.27567597
0.40010590
11.57754932
1.98376994
5.71407136
2.41752106
5.56250000
6.83414672
1.59891816
8.38476562
6.17578125
0.80326324
0.89896637
8.73323360
9.34143284
1.14400238
2.78409104
5.48446365
7.67488586
0.84370941
3.76367188
1.79987963
43.81336103
7.89575133
0.43335023
2.97025543
2.11055512
19.74417747
2.34424202
4.08115028
2.87197472
2.68013519
0.81111321
8.74434729
10.24172984
2.75871786
5.27343750
7.95267731
2.39086540
10.78174202
10.24283688
8.72591312
15.83691406
18.48600094
7.46810062
6.89062500
17.27973959
11.42712433
3.82874002
16.42830009
9.94339872
1.67712932
11.34028646
2.71366799
6.85424867
3.63281250
2.46305297
0.35335328
14.28983489
7.00244016
3.07446476
6.48482269
3.36914062
0.95593044
1.42399296
5.45524047
2.63505097
17.83837766
9.51862589
10.59176750
9.51385861
2.16387577
12.12923094
10.98493573
3.90971852
4.96484375
10.35412567
9.80769587
3.00578069
5.17809841
3.08288730
7.46887300
13.02587766
7.08337433
4.95130442
3.42578125
5.47477172
5.57462337
8.10539007
1.73144531
2.19140625
0.40906769
1.67976867
2.56286652
2.47851562
10.01127106
1.13228363
12.53470856
11.11523438
5.67142731
6.93058289
9.93200466
7.30237034
10.01289326
4.05453014
12.19698028
27.29028258
4.48148714
0.59781860
22.58463247
6.92468417
3.78804411
2.78963320
11.88281250
6.56595856
0.12406434
6.05379211
2.00976562
6.38370789
9.93225067
1.56827820
9.38521332
2.58593750
3.11645009
3.43962045
7.42712433
15.29219138
2.00032967
7.28861481
0.59558137
6.56640625
5.87109375
2.23242188
4.61673981
8.42187500
1.34182687
8.84343528
2.17578125
6.59285461
14.89335051
4.36731050
2.62426696
4.47253325
2.96952239
6.50203679
1.08451324
8.25256317
4.43147828
0.45019531
4.73828125
3.94681793
0.91503906
2.66841644
9.45458611
39.35058843
2.90576296
9.30289672
5.18929078
1.87792969
19.20014164
8.76299312
1.08007812
7.73189052
0.25541417
5.92456055
2.28832946
8.20926972
0.70259613
0.02272034
3.42382812
4.81205231
9.33850067
5.34931406
9.85035239
3.88928192
6.56909242
4.83984375
3.05012689
10.58720190
1.69034851
2.23002106
2.13326019
2.87500000
10.42533356
15.92968750
3.03995789
3.36313343
5.84269725
6.68741883
0.69929992
5.63326019
2.58052582
6.42533356
0.15730805
6.55346244
37.34497475
4.04821808
0.04257202
2.07767045
18.63261331
2.89009862
4.16560727
1.85827792
7.15787345
3.57996010
6.59988725
2.24365857
4.82780031
3.75362090
3.19755097
0.21057129
9.52636719
9.75781250
6.64798981
4.19576019
0.05319214
3.44794936
2.66533189
10.89282683
1.87979728
5.13342752
6.23400599
4.40368933
8.47656250
1.79492188
8.71093750
0.33715820
11.02689606
0.00626129
5.33850067
0.71455840
0.96061281
3.50878906
0.83349609
8.76127106
0.23763031
6.50214983
5.24768035
4.97575576
9.31327239
4.97534242
10.97810727
7.94812167
17.86169216
5.83317265
7.43750000
1.86433899
11.34773493
3.70048315
17.92478362
3.15201408
6.90731272
0.36836762
0.12418609
1.39619191
5.13912455
6.89843750
4.91451019
2.08007812
0.82922332
0.25455750
4.19140625
14.90010528
2.53365082
1.28739472
5.25345856
0.48461914
10.98412899
0.51827183
7.13627106
5.24430297
1.74983765
6.24263519
6.31250000
6.13614805
2.64705507
5.31250000
4.09406971
5.26290447
9.53767914
15.78710938
12.46439606
0.24605316
1.92150848
11.55558289
1.44673676
9.63752440
1.95128740
2.29562056
12.72566711
4.09855164
-0.00454193
1.80859375
17.14470937
20.11625277
4.36954898
3.61039339
5.35302859
0.11924225
2.71138519
0.57621246
5.40279144
8.45723294
2.82987644
3.89485096
1.54069592
1.29003906
7.42796543
1.95004543
2.59224457
6.27094305
6.14747340
2.13867188
8.67149602
2.10796320
12.75524933
3.74263519
0.90502867
4.43627992
1.78515625
5.41707336
7.48917664
0.32128906
0.91210938
8.76562500
11.55598626
5.98880763
23.15873791
4.26171875
1.14880153
2.95280031
7.25191378
3.80318207
7.07633422
3.30212433
5.53247008
0.70593293
8.34106383
6.73021277
2.29574855
5.88939495
2.42310505
9.43547763
1.35704343
2.79146332
11.77844083
9.48571310
0.05635528
7.73136414
4.22566711
2.36507203
2.90274712
0.34871772
3.31294769
5.31372008
1.63993379
9.51472961
12.72298094
12.89806849
5.32125221
8.65344083
3.14493960
6.19185394
1.50443512
10.39200867
7.92533356
4.04995457
1.13408687
0.96078862
13.68542885
2.97562777
4.55859375
0.74121094
7.25341672
16.02356050
6.80200133
16.87858156
7.14453125
0.70389739
7.59886751
9.45312500
1.85005707
2.01562500
0.01473999
16.40580231
3.98046875
1.55415863
0.63574219
0.04220581
9.26818817
10.55313525
11.92159463
18.02128269
20.65625000
7.58131803
0.63623171
2.61718750
4.08203125
0.58691406
14.37410461
6.18839539
15.25781250
3.73958001
8.41100732
0.35258588
4.47924867
5.02038232
12.43484819
0.89649434
11.34810394
6.70792664
0.74507660
0.00783539
8.50345856
0.68355316
8.36629211
2.42667664
2.59240692
1.52489829
4.08476174
8.09720856
2.53995789
5.88455896
31.61157538
3.34419769
12.04687500
4.74564606
10.31571255
7.52413120
2.14497894
8.72643950
2.30692597
0.11519410
4.92142731
1.91490858
4.53280474
5.71866135
7.63684175
5.37484264
3.41223238
9.64920989
3.97969636
5.57031250
2.21634918
0.14803070
0.01481628
1.14684062
1.04839040
12.38440604
1.97842751
16.69698028
10.13000333
7.84742520
46.04898549
5.74984264
5.97177029
9.00629212
3.90279697
7.83939606
6.46939938
10.67557956
0.00613022
7.14216977
4.60648714
0.73758879
7.80969083
7.97514073
3.64933289
2.54374114
15.65547761
1.82979278
7.56473847
0.86230469
9.16406250
3.28580563
22.45247562
4.08203125
3.27343750
3.89648438
0.14770508
18.82438056
3.83186944
3.03946587
0.72029975
14.19337951
4.16451019
2.73095703
4.09203790
8.94747229
0.13256836
8.66752106
0.40600586
8.85156250
8.00691711
10.57198028
2.57441047
4.90874445
7.58491911
2.89599734
9.88625112
2.25046763
7.43630984
15.66748670
18.33520446
7.18672761
4.49731383
4.78438386
2.71875000
15.63000333
4.86999667
1.89647939
3.11088541
25.45552582
11.41462323
3.08586380
17.00883089
2.62154144
13.07051299
6.18872008
1.85949800
3.12740082
6.19877106
4.01997894
3.39453125
12.87500000
7.62064606
8.17533356
11.18904477
0.68982089
8.87084136
14.56250000
2.76094636
8.34720856
12.81612152
10.25000000
1.75390625
12.40087766
4.05053836
3.78470856
1.31555020
8.14505763
3.74011635
6.90323914
11.31148161
5.66540558
7.24922761
4.67622894
11.75256317
13.87154144
3.05997618
8.75537234
5.91752106
5.71093750
4.84224457
6.58939606
2.92609286
49.72840757
2.53515625
16.05814606
2.01802582
9.25345856
7.66406250
5.55379211
15.89576996
6.88077571
0.40336339
1.76333130
5.73687124
5.39978027
0.88208008
0.38773590
0.16674805
0.38138824
0.70499695
3.51171875
12.66035794
0.85136081
10.17533356
2.51021332
7.55545989
4.67598543
4.71004211
0.92484527
8.63370789
6.72701019
4.97041778
42.21838099
6.03987921
2.30215028
22.44393506
1.33643450
7.00435394
0.00562286
0.05588775
11.52819482
6.07381538
0.11779785
2.00922118
3.17954011
3.85742188
9.07633422
2.14481660
2.16406250
0.00788879
5.45658356
0.40547699
13.48917166
10.90251108
3.46264462
1.89567265
0.08817535
12.76896055
1.87670961
4.70145722
12.03381317
2.64506424
4.27766844
2.09586547
8.31441378
6.19999176
6.43750000
5.92622894
16.14139739
5.23726286
1.66796875
9.05567451
3.23140348
9.13728945
2.58398438
3.21207392
1.90950562
2.60705784
14.58504211
7.11027039
2.35530640
9.82617188
8.52600067
0.70397980
0.07035521
4.62919160
6.08203125
0.05172729
4.84375000
6.22656250
8.37064606
5.86962766
3.15035128
1.24511719
0.84456173
35.87502999
8.09278590
3.70161957
2.15474457
21.77909332
8.38281250
6.92451382
4.69019169
3.05228668
3.37101258
9.19599374
7.34945700
8.60156250
2.80517454
4.80871675
17.20056183
14.22566711
4.77184841
0.96289312
3.28515625
9.31302638
10.19824468
16.21260528
2.53198304
7.20344969
3.66870179
3.97115082
6.31115692
17.57556183
11.39867354
20.78837876
2.28580563
3.14673038
4.12500000
12.59044521
14.97000444
23.46171705
2.43868074
2.86812348
10.72851562
5.58593750
4.06205231
3.25418163
2.23995899
14.37120679
3.59408466
2.68164062
24.12641927
5.71590647
18.04477936
7.44014185
13.10225122
24.50430859
9.00614472
1.29927582
1.16210938
4.06205231
1.65917969
2.48091644
6.59541778
2.18147828
3.66076629
2.64436890
4.24129211
5.71565734
2.03649933
17.38386899
9.13472628
6.73828125
7.15234375
0.99263519
1.90083832
7.53580563
1.13322085
13.64062500
5.96183289
7.13614805
2.17439882
10.88537567
10.36567709
10.05094858
8.36507203
10.92533356
2.06433137
5.37954566
1.19813164
2.97505707
2.25511792
25.49988696
7.79252106
4.08638519
10.64754211
8.37052305
6.38684175
2.84090149
8.59208222
1.15527344
5.99763852
9.38037234
3.95011414
2.34582115
1.21773659
6.38911957
12.88519425
8.09887633
1.79443235
5.59086214
1.94042221
1.66187333
5.12455231
2.23917664
5.12890625
6.01545767
2.41182901
4.66752106
8.34029144
26.21767731
23.53572695
2.49400765
6.80532246
19.59756760
18.73108377
4.94132757
7.96785461
6.56595856
2.18257536
1.13204011
9.26741578
15.32812500
2.50870789
18.79357381
9.20374002
5.68237367
10.85925200
2.69348238
2.25630707
2.58203125
9.01602962
7.92737034
8.67944149
3.32697737
6.06385305
2.20869903
3.70341035
1.26855469
9.43432181
2.14217475
1.14766511
4.76216644
8.07812500
2.95658356
9.47310394
3.78470357
2.18119791
5.34720856
9.18493683
9.70133422
10.34838431
4.47449135
5.86206117
2.50435394
16.37365692
10.17406915
4.66666999
21.19877106
12.08103037
2.20764129
4.67366578
7.00435394
6.37214650
47.22809979
5.55262632
6.87064606
11.27388519
9.13244349
3.97168218
6.97835328
8.92443817
4.62500000
2.70011414
14.28906250
7.44051086
1.46521027
11.61718750
3.36961769
19.85694481
9.23860594
1.37662843
10.65909353
4.66121897
7.89920989
4.29093445
0.09464570
1.45996094
3.93347075
0.63887605
15.63747867
8.67103390
0.57706695
9.79252106
9.43839539
3.34765625
8.17533356
4.30143063
14.61474734
20.72977505
8.66609929
1.12495692
6.07519780
4.25826019
3.27148438
13.32454344
5.72170657
-1.48283448
2.11718750
4.97656250
27.09411621
1.33459442
2.33923371
0.02723694
11.46875000
6.62109375
12.51127106
0.24165863
8.00858489
13.86206117
8.69787567
2.28845246
6.61572141
2.74186281
4.47594748
22.79777537
2.74955231
5.54937744
1.67382812
42.17528923
8.23486702
0.63512966
4.19600620
0.02285798
0.62847584
14.33069315
0.11653750
5.72167221
9.50788744
10.51067472
13.19583888
5.03381317
4.45740026
7.21862700
13.71606383
2.99499667
6.25206533
16.77405252
18.42264739
2.35814994
9.90084330
10.67700133
10.16483489
9.68595523
4.12935394
0.39880340
6.99608887
3.55788758
0.51580230
13.16267509
2.91620236
6.57993572
7.82120789
8.80122894
0.22424316
9.67443817
3.95930408
0.77543744
0.45751953
8.28750527
15.27285683
0.57098182
5.90661901
1.57487062
6.67968750
3.23498504
10.79959553
7.47819592
0.79386414
4.90669769
5.41514462
7.38954288
7.91363525
15.56595856
1.88378906
5.90234375
4.30566157
42.66264073
2.17008173
5.53995789
6.34187057
5.96216880
12.91829344
8.82735261
6.63911957
6.76220703
8.30379211
6.69877106
13.22952904
5.13118905
6.71006650
6.21917331
4.60997507
2.77328512
0.70751953
4.87019836
1.55554106
1.33553164
0.58638519
30.89505763
20.50972628
2.13324836
18.83932734
3.62044312
6.67968750
11.65445922
7.95043883
10.10168550
11.45739030
0.94678357
0.26668398
21.89671543
4.47067375
15.88472628
0.16939332
0.16284149
4.83113586
6.53649933
1.79484070
2.31009918
8.46606383
3.79760804
5.22566711
4.64762079
3.04122229
4.42187500
9.77945922
13.09272164
14.75468860
1.33113835
2.70703125
9.80228668
19.92008422
1.88816377
1.07084137
14.17008422
12.96272828
6.03645750
18.98360261
6.78995789
10.19490539
4.99698914
8.06762633
6.87377992
0.16979980
8.89843750
6.45820701
19.54943817
0.13525266
7.26078402
18.58068817
3.92757203
5.57812500
4.59138852
1.95548648
2.42968750
7.72501275
7.79378546
9.56518617
4.30423981
4.22277427
6.82996010
2.69221798
6.53584995
16.79536957
3.68082392
1.19356355
4.55102726
4.35424493
11.35807624
2.71427305
2.42679964
4.28515625
6.85201019
8.06676779
2.60669381
3.07751496
4.88236481
12.40970856
3.38716644
6.05904144
4.74246787
14.71065713
9.19830322
1.18509918
0.91939301
0.08178711
9.96004211
10.21529144
8.90250360
14.42533356
11.17647495
3.52567597
3.82706726
2.81188996
2.65669769
6.91336880
7.42602726
1.03027344
-0.00438553
2.63085938
9.52689606
2.21138519
4.68526153
28.66092988
20.30021055
12.48567376
2.07153756
7.19095856
6.00426530
3.80086990
12.14831450
3.26770113
12.46350067
5.89888519
12.21671321
2.48340093
9.12064606
8.50781250
2.84439440
4.32943373
6.82571920
6.92549590
4.68331338
3.40966921
10.83414672
3.84944703
5.47656250
2.60697418
0.33980316
0.04226685
1.10067852
1.14681903
12.29513299
2.07551306
16.97387633
10.47542110
8.24500746
15.28088099
4.89504267
5.73618572
6.92187500
5.63435727
10.10783023
0.00725937
6.70133297
4.24499667
0.32120696
8.32578791
4.80881537
3.26892121
4.42386747
11.00883089
7.62589539
1.32173676
7.64684841
5.79520722
8.58439273
1.11905945
7.89920989
2.97835328
4.26216644
3.09464539
7.98392731
2.60591644
0.63378906
7.04252106
8.66406250
7.87654477
2.47391069
5.61829454
9.29854278
2.86551972
7.94725067
2.63522827
9.50124802
14.18039117
15.66947418
8.35591644
2.75948028
5.63114472
2.88627106
20.23514739
3.32690492
25.41060394
10.10171986
3.37651041
15.57645722
6.29463653
2.65848847
7.59029144
4.86147552
5.55018616
3.55033356
1.30948914
7.71093750
3.96093750
4.87845856
6.66841644
7.57552000
7.20312500
1.72286043
5.62500000
11.53906250
5.31685394
1.41250776
12.21806626
4.27079316
5.07812500
2.02445340
7.24616869
4.16069259
7.32991578
11.83414672
7.16796875
9.18147828
4.45703125
8.20222961
14.43750000
8.98604278
6.52657136
5.51562500
4.02689606
5.32076019
5.54687500
3.18780787
49.64401983
2.82076019
8.69877106
1.03755707
9.52600067
5.80558289
9.60156250
1.13911957
11.17162899
9.20292331
1.44160980
1.72851562
0.30692535
1.05078125
5.98046875
3.05708832
6.79646166
4.99260084
3.98242188
11.54838043
3.22265625
4.56250000
5.61763519
1.17285156
2.08353668
2.12154144
6.09138852
2.65665835
45.81139794
4.45528479
2.10618871
18.76120234
11.44775266
3.20654421
4.51562500
2.66060394
10.68225067
25.62829123
10.57963541
3.52473626
1.40442237
0.05709839
6.69396942
1.31091340
5.71484375
12.30635528
2.91353394
4.64595302
2.28360774
4.83219858
1.28421903
0.75427402
0.04592896
13.69136193
6.90767177
1.90324412
8.94350771
2.81420712
9.46899601
2.76367188
3.03271111
1.81913425
1.40356632
16.17008422
6.76652039
1.44958527
1.53808594
6.54711104
4.92945146
6.38085938
8.35937500
0.30664062
5.50781250
6.57031250
8.25345856
9.08235594
4.85559175
0.54833984
0.62544583
35.33706519
7.89234707
3.69771332
5.80423981
1.06970246
9.16752106
8.18334774
5.85036182
9.73964427
4.98417331
4.60184785
14.46271831
8.28683399
8.79341644
2.00610289
4.89933289
13.47054078
14.38268950
7.63199579
0.86129128
4.35591644
10.08584885
6.80778701
17.11193817
2.36897828
6.92687833
3.81893007
3.74202515
6.02510528
16.64676972
9.60106550
13.04204150
5.69665558
10.74475067
9.97656250
12.22721188
3.41084995
2.44681295
2.12500498
8.87064606
4.14476729
2.38888353
12.18318041
2.63713209
1.89400238
14.31424895
3.32539949
16.86604610
2.59790226
20.04740138
14.07734763
16.67114694
8.36666112
2.13716644
11.64408356
0.12862152
0.80082184
8.09895501
3.66321143
4.43204711
1.14294465
6.60197922
6.80204565
4.69710328
5.33292664
1.27441406
1.71634918
7.92341977
1.70894503
1.17179383
4.75345856
7.25333555
0.92386996
8.70222961
14.48002106
6.91381649
9.21687057
0.11772634
8.40535461
2.06879772
22.41126329
3.96728391
5.44734929
12.74462766
8.50732048
5.11576573
5.47603612
8.09720856
1.77684924
1.33154920
5.57767731
2.81339539
7.24609375
24.10834664
22.03699135
3.99427805
6.10061834
25.91076131
7.86824897
9.90791778
2.11458499
9.87679078
16.01127106
2.28845246
12.65909353
10.99434729
5.26062167
9.96170989
4.85156250
8.93237367
2.20552582
10.32665642
7.36723182
9.27396388
4.18269088
4.99744680
1.78824828
3.62874390
1.45259613
10.43074025
3.02677803
1.52836214
4.37500000
8.47656250
3.03951019
10.48535156
3.10558677
2.03023659
6.56506317
8.03304078
10.02164672
14.80102228
4.54512854
5.21228058
3.11958832
15.14363586
11.51066101
2.42773438
20.11193817
10.92533356
4.31819703
7.34720856
7.53454123
46.34125804
5.45330230
7.02644836
11.41931183
10.21532580
4.14706006
5.93448914
4.88281250
1.88492797
5.31685394
2.09855164
3.63471632
19.30323138
11.08325133
1.65112367
5.35746246
0.10347504
1.23242188
4.28539728
0.99353308
5.03539728
9.12024268
0.41276031
9.26472961
3.26892121
5.67968750
3.30859375
5.97176086
10.56151596
13.77263076
19.58146055
9.21976839
1.61836326
1.42895944
7.41585328
2.62695312
11.30419548
9.72940603
-0.77346967
1.25781250
11.73567376
0.63493171
9.05078125
1.71199524
8.49095745
1.50407856
3.60351562
3.05183899
11.83247894
10.08267066
8.32012078
7.42309508
3.54838043
5.64326685
19.64457557
6.36328125
6.58531708
2.85111481
9.04597961
4.14587433
13.23110816
37.67469414
17.12886193
8.88871620
3.57661957
0.59265137
2.74414062
7.44877106
3.26562500
3.52583832
7.80770749
22.85270141
17.66239472
6.21740692
15.21594083
0.35575659
0.93847656
2.19815852
2.72815159
1.80798122
0.79520847
7.69319703
1.13155059
10.23042443
7.91980385
0.81339539
7.62893064
9.50734042
14.33593750
1.53853363
5.54687500
4.17060810
25.83968639
1.58699274
5.12422761
3.59879765
7.60611813
6.15905917
13.09541778
7.20735594
3.22111148
8.51127106
29.40865082
7.30379211
6.53125000
7.26428192
10.09006287
11.17879211
3.73575244
1.90621564
0.47436523
4.66316711
26.76464595
20.06453679
2.13939495
15.61060505
8.40625000
5.18013519
3.67187500
12.41841644
16.58504211
4.20979610
1.72131566
6.13224180
8.96617936
5.30721631
8.76074468
0.47875977
5.43961547
1.99776153
5.65983156
11.04943817
3.68298371
6.00736481
3.00183012
2.21150820
2.22505707
8.45133422
23.37376497
14.15451351
0.36462558
1.46972656
9.88191711
19.19877106
1.53311188
0.80863434
10.69852505
2.24092808
7.15625000
10.43391844
20.42199800
9.57812500
12.69140625
5.60546875
3.86975067
6.93884308
0.22509766
7.60937500
6.88110040
17.21463957
7.73591977
9.99116911
2.18847905
1.96431488
10.26562500
0.01541901
41.86885528
24.34370925
4.08826462
13.06677028
5.28808843
6.90234375
0.26049805
15.23783356
7.04028258
3.10469636
3.98706055
5.19290670
2.04342143
2.16048094
2.46691988
6.43312612
2.96583776
6.02396886
11.96964539
9.60668883
8.77612367
7.30212377
5.43425310
6.20357269
4.24519836
3.04581726
16.14115138
0.25382757
0.64329582
22.70654297
7.76639739
2.51680574
11.18827239
0.08073000
0.88480621
7.73303192
0.82503297
9.55566406
8.36718750
1.52343750
11.39318817
2.44380707
0.08866394
8.39753214
14.26868268
2.32259530
4.74039672
9.63895722
0.69844512
0.08182832
12.36629211
6.72863365
0.88240913
7.10770722
4.88224180
0.76416140
5.60847961
0.18912781
5.40144836
5.31884641
7.02144503
15.98514739
4.68717531
2.41356799
0.92139295
1.61689779
37.58700022
13.50602172
12.64933289
5.11417664
6.73437500
8.27404256
0.84668467
6.36808289
5.47843445
4.62845856
2.20552582
6.30545989
14.40443259
1.53080729
4.49820922
1.31697633
19.65970357
5.84916666
5.65986592
6.97521287
1.78044824
11.31278037
1.61930795
6.20914672
3.52026429
10.19262633
5.02701906
8.96459961
1.27587392
6.11043772
3.58097351
0.02587372
0.00914520
1.55468252
3.61507203
0.67257120
15.99837157
6.90201906
8.51997894
0.20800781
15.12500000
1.05273438
1.89355469
2.34443872
2.60087378
1.37650543
2.62935394
3.56045324
1.46420434
27.44533564
10.93291998
8.90702239
9.61295656
8.12845856
14.92508755
5.07312167
6.84586547
11.62858156
16.33247894
3.53365082
0.06838958
0.41446961
0.18838589
2.34550144
2.41015625
3.60258422
2.50223847
2.43208832
5.90625000
0.54150391
11.42008422
0.53169769
0.66935242
5.16896347
27.40769669
17.91906583
4.88216312
0.75732422
16.56225399
3.01977726
0.04147827
1.55167664
7.75378325
11.52087433
11.70145722
14.19006317
10.51741578
4.20312500
15.25784686
2.00973127
15.66604500
5.65426750
5.53140736
3.03455119
6.70747894
1.36425781
1.79642731
17.56405919
1.63170101
10.44531250
42.14070368
9.16699468
15.31444814
0.77877299
4.20747894
4.95734099
9.29851839
3.74414062
8.56250000
0.00878143
1.37361508
6.27189273
5.89648438
3.27734375
11.20658356
0.36055512
3.48242188
1.35156250
1.13041043
2.72847628
2.06444565
1.64702072
5.80423981
2.15542207
0.83326628
28.52843491
7.18535017
11.63788952
14.46049977
9.80379211
3.89469360
7.64632203
2.92472351
18.98921349
1.49365608
13.24039672
9.48993906
0.21888297
10.77119903
4.84208222
4.74519836
4.07857269
0.65669769
8.62064606
1.69868988
9.55187833
5.05314273
9.25435394
7.47167969
0.42293274
3.69742797
7.24910461
0.78336672
11.80302522
22.25391622
8.16199135
9.06506317
3.11356660
1.86079926
9.75691711
7.12898493
0.27498601
2.70491578
14.22391069
10.65153701
3.25702516
6.09258421
3.42622894
9.52600067
0.85148133
14.10143950
18.84652284
17.18750000
2.95222961
1.79768922
11.46695922
4.93058289
4.58292664
7.88281250
8.02103170
7.17570257
5.04394282
29.28865913
13.00883089
5.91573028
8.18237367
7.07352505
5.75895390
0.63525391
0.56054688
15.29914471
22.30394148
7.46240359
0.34212281
5.43135528
1.06111757
7.07767731
8.84029144
0.15747070
4.45312500
5.47220856
7.38627106
10.46875000
12.72928801
5.01965425
14.68546321
9.56974180
22.38741245
8.73729223
11.46851957
11.05859375
11.83414672
13.11897828
1.72408051
1.79064910
1.53898133
12.11372894
8.05033356
3.22656250
4.24910461
1.46769226
11.23482269
7.22968640
7.49669881
0.84933898
7.45601286
4.39990359
1.04351807
3.46191406
19.32506982
3.68184729
3.62349457
6.19384641
3.98584109
8.16841644
8.83939606
0.21004242
12.19888658
8.53544658
5.49640847
20.11776817
5.20670656
0.71484375
5.57800200
7.91185838
1.26599900
2.29882812
1.48034575
12.95235261
5.34899933
5.41015563
0.92504945
2.60156250
15.04329344
3.21211824
12.19429411
2.14856050
1.14257812
10.50524933
2.82715002
7.12154144
5.06143728
21.45553080
8.34285461
13.32979278
3.49877992
13.42602477
2.18184480
27.85440105
18.68237367
4.46562610
0.92924826
12.01578735
3.39168772
12.26757812
3.70703125
19.45464932
15.79626621
11.07499114
17.65451112
3.76517731
7.91349180
5.39701449
6.10329899
3.56902371
2.13867188
4.11283356
3.32907789
1.71055407
13.13370789
7.94531250
13.35872064
4.45080784
1.39457308
4.42488586
9.55765404
3.47493905
4.52343750
17.67338043
17.92833445
0.12289450
9.11872230
9.99968528
1.82983461
1.97632105
3.46282690
0.50634766
37.12729722
4.11489028
12.89318817
0.41272004
8.21439606
2.07356688
23.18212766
9.60616245
4.67277039
1.08593750
10.99562722
12.22892398
17.28644504
9.69074690
4.83530806
2.13627106
5.13414063
12.48890624
7.47945160
4.67142731
6.30277496
5.41105164
6.15580231
2.90144836
0.05969269
3.83158356
4.22872550
5.15209329
0.52343750
1.06156402
14.40542332
0.63168605
5.18660461
2.09826629
0.32861390
12.78906250
7.89684391
10.02343750
0.00679016
8.65242243
0.15010839
3.06355774
3.56827820
7.46260528
0.02710023
3.19726562
5.65311614
0.01173982
8.33727062
0.01233876
6.11697585
-0.00564772
5.96997008
8.65893617
5.86960274
8.11606105
17.86475731
5.65694370
6.76953125
17.62935394
0.07604980
6.28381317
1.75142426
11.08683289
3.86523438
3.07678192
13.38806183
0.47167969
3.10156250
11.81250000
7.78389107
4.77282746
2.22416168
8.30220551
5.57031250
1.52347684
10.46285128
6.10156250
2.65826903
25.14279476
10.66567598
5.15276706
1.95019531
7.14232215
35.06230828
11.73437500
4.40279144
9.18094879
0.43135590
0.00091505
9.66483489
4.15547761
0.24145508
8.29418883
4.79956117
1.64701324
7.84419769
0.11435943
7.63188772
5.34192486
2.54634862
9.52779144
7.40822253
1.80316267
4.60502106
1.98872894
0.02571106
10.34195922
2.26936890
2.65429688
9.98002106
3.12544769
1.27929688
7.59765625
14.03446255
1.17647495
5.03515625
34.35321719
7.57382535
4.33894836
5.34118683
14.28381317
0.39489777
1.89648438
19.65625000
0.04710876
3.88224180
1.76957308
10.61861176
11.38191711
0.24995941
3.57857269
7.70959442
11.80212433
0.07702637
0.96028314
16.34757757
7.60070396
2.42639627
2.28710938
3.73437500
6.58743795
0.65963237
2.75976562
9.99747119
6.45911236
8.11718750
0.49410004
1.77246094
21.63476562
2.39062500
12.96939938
5.16137633
1.38094304
0.69763184
4.54276457
40.11808289
0.62145596
1.95141788
2.35982269
7.07332336
7.86027039
0.36376953
11.23913232
1.81315436
5.00826019
17.75589872
3.45503878
6.03080231
9.05379211
12.16149933
7.63582336
0.22013367
6.84805713
4.81990913
5.16654698
32.78951019
9.15970856
4.26997894
4.08203125
12.64408356
2.85599762
9.39062500
2.40323914
9.10412567
1.07067902
3.32812500
9.47656250
0.68212891
1.76513547
0.98193484
1.47265625
14.06416778
3.22054078
1.68892426
11.83984375
9.73437500
0.05038940
44.30869183
7.73591977
9.99116911
2.69433843
12.77254211
5.60929383
2.53515625
3.46040614
0.59867589
16.53169769
7.96830231
4.82857269
0.82767731
9.89843750
11.67622894
4.07031250
3.46289062
1.57617188
3.00537109
3.30004821
5.51440492
2.88041168
1.26802582
1.24356993
0.57820742
4.59277344
11.39843750
9.07543883
9.39676972
8.73131276
5.79249667
4.94185394
3.81160461
2.80753601
1.57377106
7.17439384
13.79699800
0.76440741
0.44788742
22.63232422
1.89469360
1.68103058
7.28080231
0.16483582
0.46386719
8.39843750
1.09082031
8.33646637
14.56290337
7.31990913
12.08597186
13.44722130
2.85218251
11.41227234
13.60066711
4.35925200
1.37504183
6.14453125
4.60163620
0.53597794
4.90926086
0.16153992
5.81160461
4.06404477
6.55403812
15.68648161
6.01273714
2.71504045
1.09648299
1.63614307
35.11926861
11.55635528
2.11942597
5.26997894
13.19611924
1.06230330
4.91451019
4.21333832
3.29988586
3.95943207
6.05334442
1.86918183
0.60847961
0.21305359
7.78906250
20.59390861
4.74402260
7.66592760
6.80142783
1.66915946
10.91023493
0.91194952
6.34586547
3.82405640
8.90189606
4.93147828
8.22631836
1.33755970
17.22640514
18.15653037
2.89970190
0.49556613
16.80444149
8.81274601
1.32128906
11.29341644
3.70898438
2.77884918
1.28951019
2.71879059
3.47448637
5.49275820
0.94974762
1.27876801
2.83182458
0.95117437
13.51170691
11.28028590
10.86795989
9.99922761
8.18314606
16.78792110
6.49275820
7.42277039
9.87858156
16.67622894
3.52583832
0.06985442
0.32092316
0.21016125
2.00610538
12.83939606
0.36016596
2.13033300
1.87500000
1.95019531
5.31183567
1.25457058
11.51472961
3.51886037
25.11570201
16.73335661
4.85603945
0.93990082
16.80098294
6.37870456
0.04541503
1.85884613
8.36604610
16.42622894
9.15303745
9.70133422
10.22489472
5.10546875
16.68920213
6.19751662
7.65128103
3.02254709
6.88671875
3.27734375
3.42338043
1.32857269
1.12597656
9.79687500
43.14326685
10.26599401
15.97427970
0.62134225
4.71875000
8.62067044
11.33981936
5.69576019
1.65409270
9.16931183
3.73250367
3.95312500
12.63627106
0.57368988
3.89062500
3.22122950
2.46627050
1.61990304
1.22925864
7.28035461
2.29669645
0.58697085
33.07714003
6.45679521
11.38231550
15.82321032
3.48543274
3.35530640
0.39868164
9.29252106
1.66646332
9.21760860
3.38155308
9.76216644
6.12699371
0.90877258
3.22115082
5.69038786
1.00146609
6.01321421
21.38635970
7.01644171
8.43994016
1.90576296
2.09224457
8.88972961
5.54389850
0.26571240
2.45161957
13.78641069
13.56169326
3.68154201
5.60556737
3.52583832
9.78816711
0.75777191
14.59362700
18.84652284
16.66060394
1.76542082
0.65303621
11.49039672
7.67080730
22.88369492
7.28584995
0.30139191
5.79988586
0.84159394
1.31685394
6.01171875
7.40625000
0.08282471
4.63085938
5.06205231
6.40580231
8.62500000
7.79386414
3.90490692
0.03924592
2.72719714
23.22971017
8.34496073
46.47278922
14.19108156
3.02583832
1.48498504
1.51749695
2.57076019
8.57722961
4.38326019
2.11958832
4.18615692
1.46618683
12.59765625
7.69733932
7.06847740
0.86850121
6.45914672
4.17366578
0.45851654
3.48392731
18.87528037
3.74581338
4.72688719
4.04219636
3.73677582
3.53934287
4.61735483
8.87845856
8.04341644
0.22843414
17.30138381
8.43054853
4.39086104
19.88135638
5.61596742
0.62886566
6.49731383
9.47134752
1.31258865
1.96244293
1.56050504
13.33695589
3.62836492
2.91265070
1.19576019
4.02802749
19.37447362
5.75374889
0.72893545
22.74242853
3.56181626
14.48002106
5.81587738
20.59792665
16.63355925
16.09382868
29.03226839
10.23771055
1.63566351
3.28320312
4.52990692
6.23482269
17.96145640
13.81731161
10.26472961
4.17008422
0.06258211
3.94291168
3.18479140
6.16970079
1.67134613
3.55716949
13.05265071
4.70036015
11.76562500
2.32678192
0.44242402
10.09375000
8.59897533
11.31975177
0.05139160
9.09403037
0.56958444
4.23738586
3.01363129
8.06372008
0.01206545
4.02787262
5.76550200
0.00600283
9.34707558
0.06946891
6.01508866
0.06840744
6.09106383
8.53047761
5.95163399
8.21208887
15.27137632
0.11067719
6.95568817
0.63667816
9.36027039
4.95312500
2.47521942
4.63024933
4.82999446
2.46883366
13.10598951
17.63326019
5.30033356
18.34810394
13.19095856
1.73375499
2.84632313
8.21427305
4.84574247
0.73694066
3.75524933
1.92980116
24.26636303
9.25157913
4.12680075
1.80167664
7.45042886
33.76742575
12.24308289
4.33203125
2.36523438
0.83886719
0.01238590
4.36328125
1.67773438
3.87740082
8.63692044
5.45202792
15.00162413
5.73148714
9.36283356
4.59330231
7.19070258
0.86292719
6.79776042
4.45614583
2.01442931
9.07407136
2.52087433
1.52050781
7.28080231
3.82031250
7.12154144
6.45658356
13.08646388
0.93253851
4.87500000
30.63914738
9.59803523
3.87695312
20.99129211
0.06311035
6.86177582
6.16393950
6.47489472
3.78153535
9.48002106
11.28035461
0.32067902
2.77579400
16.35270390
10.77290614
1.70992409
3.67382812
2.83593750
7.06574690
1.31706560
2.34765625
8.64932292
4.21005208
24.46785461
11.42533356
10.70466977
2.37931460
7.73917664
14.19827904
11.06681710
17.31648493
17.15083832
1.22373526
3.84070478
2.86853058
7.17834442
1.89204926
0.06980408
14.64167775
2.93945811
5.38024933
18.40677638
3.29590093
7.07857269
9.39831450
12.76530031
7.65445922
0.31498262
5.97940603
5.01106937
7.30505651
33.84704621
8.35502106
4.28560394
4.54687500
12.80379211
0.58939606
3.34269226
4.50044769
9.49475067
1.21325715
9.18916778
6.97542110
2.98970800
5.97867797
2.52522330
5.84526041
10.47656250
3.92002993
2.37338652
1.31054688
41.22714762
0.42830009
12.87113807
0.34513367
1.72167969
16.40625000
2.68354943
0.98148964
1.53027344
9.02420989
6.61697045
4.70585549
8.76127106
12.07377106
4.05167664
7.49910461
8.51216644
1.28951019
9.71760860
11.26924092
6.59192486
3.26888187
10.96439606
0.15877289
18.75878159
3.23926529
20.09541778
8.58382203
3.31986481
2.38175476
2.19335938
8.63602505
3.80538120
5.73331664
0.16011598
0.16047668
12.28381317
7.05948914
6.99519836
10.86193817
0.05352846
11.10375665
1.68046362
4.64453125
10.81941711
1.75533051
1.15432780
0.52690602
5.28234708
3.51009281
7.08984375
0.00631714
10.60066711
0.96720398
1.56835938
6.16406250
10.14037395
3.24237477
1.33585633
5.10156250
14.04671016
1.49538987
0.74350121
2.59073914
10.51562500
60.54349762
7.50536103
9.41377746
1.51480206
1.04810505
3.27343750
12.32250665
2.59501440
12.56685394
13.28971188
4.03841312
4.00488032
8.64701573
1.79589844
5.85591644
3.08203125
14.82176862
4.21729388
0.37402344
33.73860656
13.75435394
1.50732048
3.54781471
12.06160461
0.15934266
3.88346188
12.61999667
11.40970856
5.76652039
1.89310699
4.11763519
11.79252106
0.66304535
1.41438096
2.70593916
13.86283356
13.99487367
6.23738586
6.08203125
8.36193817
3.64676972
1.02444655
2.12716478
12.47656250
1.08256012
10.61441268
3.00322251
6.54252106
5.19441711
8.99743683
4.60733323
5.11849623
7.48270722
6.30078125
1.21626801
15.61425930
1.01802582
5.84452239
10.69799867
2.08333001
5.47135749
8.18404144
1.52832031
4.33548981
2.77193207
2.24399811
4.84330231
12.50870789
2.40970856
2.30273438
18.35765076
4.67488586
6.85290558
1.21980774
14.46428747
10.27098292
7.19531250
7.04988586
0.87300629
10.71529144
1.75097656
3.40625000
1.46833355
2.73259419
15.39408356
9.60591644
9.31595856
7.89012550
7.23585106
12.20479278
3.57796265
6.96138519
8.66918883
10.30759974
7.22139932
44.14324246
3.76696808
6.85265958
3.62093140
5.50244265
2.16678801
3.22579011
5.14017731
4.38570036
2.93701296
1.89746094
3.79780973
2.78031527
0.59960938
0.01832581
84.86083112
2.43754931
17.43256539
10.93222005
2.95910738
6.42411347
0.51708984
6.07343640
3.22734485
0.64843750
4.46048981
0.36568207
6.14025879
0.53816462
0.91691351
3.96499737
9.56576154
0.61657995
5.96997008
12.23771055
9.66687167
0.59000610
0.76981660
0.09938537
9.59375000
21.19424230
4.08106715
8.68660461
2.63570036
9.39164339
6.47355164
4.22521942
8.04777039
3.39302582
7.06205231
0.26318359
18.94698028
7.06518617
1.11816406
7.24564606
3.44522884
2.61576573
1.70019531
7.60233489
5.57299867
9.91406250
1.65416764
3.07348571
11.45154587
2.09525543
0.64591492
0.38891602
16.76489258
3.32908661
3.02540558
7.89453125
5.57167000
1.24819480
10.29178053
3.86349290
11.67956450
8.50614472
2.26395722
6.25000000
0.02479034
3.98242188
4.01736647
3.59440935
0.05148315
3.43269836
4.05065430
9.47912567
3.33683289
10.63281250
6.79060727
9.72916002
4.24239915
0.99169922
11.01371122
6.18232935
2.16919381
0.39404297
4.07079455
11.72103280
0.62390292
7.46317597
0.91650391
4.92533356
0.92964691
3.19726562
7.21020446
0.20707184
18.21993074
9.21093750
10.49515404
1.32568733
14.39497894
4.43314606
5.07022385
1.49467697
1.40527344
3.26277649
2.06509503
2.71998005
12.34195922
65.44230164
6.64497894
7.69140625
5.95934841
2.91023991
2.61718750
1.33105469
2.68359375
4.05078125
13.72254425
17.88386992
8.00670546
3.80803302
2.73482269
11.37744141
7.28515625
5.16662567
2.04626496
2.02148438
13.26074219
14.53938221
8.13355053
3.83308899
0.09981324
2.27148438
64.64591368
14.42004488
13.78727172
10.24397828
1.05904144
7.33939606
10.54341644
1.34179688
16.28755209
1.33016428
1.56099457
12.61986869
36.03328679
6.84199358
2.99899157
1.71732574
0.06172699
14.48351770
0.60534948
5.01472961
5.63170546
14.83411236
3.08736425
2.40319232
3.84102947
3.05753103
4.20508311
2.01562500
7.47810727
10.96076020
3.85064272
8.28548094
3.01065977
5.45670656
7.64856050
2.08203125
2.24804688
4.60803192
0.65071656
1.75248199
13.69095856
17.24754381
1.83137687
3.73751883
11.26818817
2.38023937
1.16016622
6.33414672
8.75194814
37.53186004
23.89376011
3.54589283
3.64140735
12.57889739
3.04076962
12.08541112
1.43611508
-0.07910000
7.20312500
0.86669922
8.57543883
1.46069398
1.74121094
6.36753233
0.27376406
7.58939606
2.09179688
4.14794548
8.50947031
6.41725066
7.57812500
4.47126386
6.14397052
3.59330231
2.53560394
2.22928801
4.46016511
3.37605774
6.42239016
4.65931515
3.75374390
1.18908660
1.71903535
9.84720856
5.77164672
9.11551972
0.42333984
3.74670379
1.40812195
5.61763519
4.20267731
0.05728149
5.20312500
3.54536957
0.31225586
5.92142731
3.46529144
5.87890625
2.46008145
8.89260750
0.07797512
3.46304425
0.23669216
4.10705784
7.24564606
14.82979278
5.18583222
2.51607269
14.35020945
0.87590536
3.16060394
11.37475399
15.53092915
2.21493240
4.29732269
8.09720856
4.17443817
2.35351562
14.81852172
5.37768617
11.99308289
3.60329899
3.95239694
1.79737200
5.95556516
14.75801419
4.42749335
19.49145446
8.17456117
3.81896942
3.02823914
2.10982269
8.82763298
4.11767952
5.18688934
0.19519074
0.21264892
10.98347961
6.44620789
8.05379211
11.10925200
0.19340121
10.04471521
2.77702155
4.01472961
10.31250000
2.28035461
1.50462652
0.24903590
5.09317930
2.34793911
1.42562140
1.67525238
5.13716644
13.11824337
1.56535700
0.72816156
5.27388519
1.67232269
1.18164062
9.36430847
2.10305298
8.68413134
4.20052748
15.01127106
0.09169525
9.76114805
9.56697695
12.30814606
8.47310394
13.46004211
14.86718750
6.69640958
6.82312167
15.55468750
9.67277039
6.26562500
9.52600067
3.52282746
0.69250083
3.29480385
60.58015867
8.47012744
3.54472517
3.31054688
6.83613669
7.40885749
3.38684175
8.71785461
4.85290558
18.65234375
9.22656250
2.17610594
7.61295656
3.05423981
1.93705231
5.11808289
7.22566711
2.77388519
10.01562500
3.98757259
6.99004764
15.96183289
3.48482269
3.87500000
22.03485107
5.83850067
5.91886414
1.30521637
11.48246122
9.63562167
0.42553711
9.14062500
1.99466949
3.98677582
4.75781250
1.77539062
0.09991455
11.58141124
8.59587544
1.96919769
3.89408356
10.00077239
8.35514406
9.31021720
0.33089608
13.24450466
11.41132204
7.04618379
45.82407136
3.77913453
5.66906583
3.72143617
7.04988711
2.27510528
3.04866578
5.14107269
5.67643063
3.18640292
1.68457031
4.06868407
1.95520113
0.58447266
0.01890564
84.71898604
1.90166001
17.52786016
12.12171625
2.68164062
7.06864472
0.44702148
3.50226785
3.09689383
0.56734223
4.46048981
0.36568207
6.14025879
0.53816462
0.91691351
3.96499737
9.06262955
0.45052249
5.79418883
10.36706450
9.67814273
0.51989715
0.65466340
0.08331299
7.87109375
21.98285711
4.08106715
8.68660461
2.63570036
9.39164339
6.47355164
4.22521942
17.23484708
4.54383975
8.86283356
0.33858246
12.81831007
4.36983931
3.89343417
6.66015625
5.23368130
2.05778202
3.02539062
6.99340758
2.06392177
12.77816046
1.34444121
0.65844789
0.45483398
20.97757965
3.50214235
4.36646941
9.44877106
4.63901597
0.98252548
8.60684370
3.34921099
15.84151153
2.40218140
5.93794769
0.02651459
3.69140625
4.31953513
4.73364694
0.07016998
3.15384918
4.15364594
8.85066711
3.65519226
7.94095856
6.21651153
7.89635639
2.93294935
1.15429688
10.55790005
7.97492908
17.62061170
0.66914949
2.95926972
3.84899933
7.91271942
4.13415558
3.51171875
6.80822723
0.11897797
2.05784119
7.22656250
1.51171875
3.28906250
6.45703125
7.12988032
10.72668550
0.80017246
4.93015958
2.39796542
2.01953125
1.87117492
2.26705994
8.11826019
8.36975067
5.84899933
2.00089290
1.56498448
0.31494141
4.22460938
1.65384918
12.36551479
7.28213542
4.97547539
2.16255707
14.71875000
3.13130707
1.49023438
12.91845703
15.20812334
4.99996564
5.22778258
2.39615968
8.22912567
4.64587433
15.53474291
2.74357491
1.31010167
2.92142731
1.08691406
3.27193207
12.77326020
3.08566710
4.89933289
4.30859375
1.14648438
3.69637024
19.94388824
3.67072862
2.84550642
3.34252992
5.89318817
2.32754932
39.13957225
7.58455009
3.02389018
1.83203125
0.06360870
7.35066711
0.70304383
5.82031250
6.66715204
14.27164672
2.98307624
5.84736592
2.49638408
4.33524380
2.97770390
1.69531250
9.82429743
10.99225621
4.17172761
11.10131649
3.89595551
5.38069703
7.27535128
1.15527344
3.10546875
3.88041168
0.30757660
2.52103668
15.76367188
6.60866531
4.22543107
13.25691711
2.08922374
1.34677083
6.98738586
36.28596517
23.48165198
3.07233309
3.86146608
12.03458555
7.17553524
17.42134862
4.09073914
6.02083094
0.29541265
5.50443263
4.89923926
6.60609374
7.28125000
5.75499336
6.47938164
4.20267731
1.98828125
2.78096465
4.50614472
3.72416168
5.57440797
4.78264738
5.18493683
1.97273742
2.45296265
6.93705231
5.95133422
0.84806336
6.53649933
3.74218750
0.22379547
0.06805420
1.75976562
12.20479278
1.00321504
5.81595856
3.30753601
0.51318359
5.87845856
3.99947113
5.75390625
4.02949856
8.40880320
0.11931543
3.74982769
0.47338431
11.47400058
4.86365026
7.41752106
2.92427582
15.39575133
9.47094415
0.99267952
2.06250000
10.53125000
8.33082695
0.79923897
5.46830231
4.78656805
16.17370014
14.84006537
4.97912567
0.92264863
3.13281250
14.03275543
17.23982602
5.89465425
5.06473847
18.04141900
10.60631982
4.15621564
8.16023493
1.27665503
1.16255707
7.28535544
5.63509530
15.73168883
5.87947695
0.03267914
13.66060394
0.69698715
17.09484708
13.93941378
4.44051086
9.71004211
11.08862367
0.16516082
8.50385222
1.78971437
8.53125000
2.94966644
14.06673094
2.05631593
2.00406112
17.28591867
4.84576240
15.42008422
2.41585328
2.70312500
2.64184508
15.33239030
10.90812943
6.35201019
10.35937500
5.82438015
14.91106161
8.32824800
2.38643340
6.74051972
1.65376801
7.23002106
0.06014008
1.17089844
1.64847809
5.68013519
2.89453125
9.12923094
0.68815187
15.09301758
20.86917997
11.36278897
4.98091644
0.53759766
1.02860442
0.20552644
4.37500000
13.54829677
8.93953679
11.41483489
2.01680574
4.34061614
0.09574465
0.98392731
9.83612922
1.35092309
14.12064606
5.12097075
0.71728640
6.89277483
2.38652205
0.30936676
13.93916528
17.03900821
25.11895389
20.70979610
9.89241578
1.44368656
0.70707184
5.56205231
12.19316973
1.76738142
4.77298981
3.21685811
4.67323802
11.06533676
14.98111813
48.09606217
2.14502825
14.05252771
17.55740803
2.60649213
4.49609375
4.56324529
4.76127106
3.21773161
3.02339816
14.22134752
1.85722517
8.73632812
4.75345856
15.07661957
6.82857269
19.84358703
4.68135528
13.94071255
3.64558774
9.49837655
3.12292387
4.17065492
8.37243683
0.26831055
9.93212766
8.27974457
2.92280973
6.26241245
6.76261414
1.02636719
5.03714872
7.39884585
4.19506151
5.73222517
0.71138519
4.89615719
7.03601230
6.36673981
4.00736481
35.45921294
8.70688386
13.04854278
1.58646637
0.44067445
23.03535794
20.09834995
6.12500000
0.50626648
14.54959553
2.98604278
10.84359264
5.02701906
13.08312833
2.80013187
7.59016844
4.81954011
0.07092285
7.78641069
2.07882369
1.18847656
7.64888519
14.35156250
13.57103059
0.32545378
7.98437500
7.08323150
14.72310394
2.79101562
15.95857104
2.92770002
3.20898438
5.09419769
0.51025391
0.76513672
8.21499986
3.68880873
20.70751829
2.61580507
13.36771388
1.54439550
4.02643839
0.68742880
10.96350067
5.06473847
2.15625000
9.60363365
0.94324135
19.64123535
2.04993683
6.63716644
0.50488281
4.65055297
1.29073028
0.00897310
2.69140625
6.42773438
10.90100067
3.92252189
10.24703346
9.97489472
9.61718750
0.34765532
5.97277925
0.90035004
7.99564606
28.21748560
12.26343085
3.33007812
3.99564606
4.47253325
11.77498227
4.09277593
1.29740387
4.34631317
0.05611207
8.46093750
9.49902344
5.75256317
7.34855164
8.91406250
0.70751953
10.21402704
1.90946753
1.29785156
16.36103281
41.59510305
5.52298981
6.45792664
4.64379322
2.89376385
3.36478668
2.25589124
3.88961657
8.63716644
11.17700133
0.28300019
8.12011719
2.73632812
4.21093750
7.69095856
21.71073083
3.15495124
28.24087877
2.26559064
3.94710328
6.54296875
13.39062500
1.15527344
9.51627438
0.71272953
25.09394172
4.54088494
9.17700133
12.04520722
2.59240692
4.17757203
1.91894531
9.28125000
17.28648937
4.02633532
9.23469969
6.42033023
4.08203125
26.06386747
5.12753878
6.79972351
6.01908356
1.73197418
2.30513519
4.13671875
0.77535004
0.25195312
11.94883977
38.45312438
25.54740138
26.81609651
20.59529477
11.04215204
0.78630014
0.64160156
3.28320312
8.20332824
11.71671321
3.13598571
2.36605108
11.10591644
8.01940825
22.54296875
3.95760195
5.51428192
2.66149933
12.03701076
18.01112366
9.53381317
3.87268284
8.21439606
0.04020203
8.82482381
8.00983932
8.30551418
13.87436795
1.07320285
1.16393700
2.79091587
3.45788730
5.44832336
21.25528868
6.15380984
9.72903702
14.03479720
3.89737976
16.91528258
4.96219194
9.90731272
6.43441046
14.34720856
9.10233489
0.60811433
10.43750000
4.82738199
2.10515403
6.39485594
0.45426515
6.46830231
25.08064384
6.69324135
12.29585661
1.65922152
33.55808927
8.00465425
14.26121002
4.09643617
2.49849457
16.94698028
4.22375333
2.69600620
10.34977172
0.07381226
9.15010528
3.53153535
11.66841644
1.66210938
1.91962344
1.10658078
4.56294769
5.05122894
12.56941711
9.00089539
1.43164062
6.24462766
6.75146609
0.15356445
0.00489426
13.89391124
3.00184009
1.71761109
1.74698914
12.88281250
0.05358887
1.61425781
6.10156250
4.66580397
0.85913896
3.70507812
0.05837006
4.53906250
6.98851231
7.34111812
1.69478363
16.58581450
9.07991578
7.20145722
9.82812500
5.61062944
1.05396193
10.14253754
7.72611481
7.58599791
3.50899324
5.07320036
5.52054964
1.14941406
7.11193817
2.95056183
8.45658356
0.04500336
9.68314606
9.93225067
13.38769282
14.27705342
1.95227892
5.52689606
16.32466644
6.86283356
2.78666168
0.93888367
2.80664062
6.77685173
7.95272163
11.23425200
1.53031527
9.50541168
29.98196930
5.89363586
7.82889739
0.53674410
2.47265625
9.19531250
4.91015625
9.44787567
0.22639829
1.50565769
11.01908356
1.88521332
7.20043883
17.94929743
4.98474401
1.93192597
8.69957780
2.34925033
0.18286133
5.54133035
22.57642287
2.60941932
7.38415558
2.06835938
1.69921875
9.10502106
8.05875698
7.33663120
6.60636414
0.02262878
3.75585938
1.69250083
1.41882729
2.12695312
5.64798981
8.13329455
1.37166943
5.61462433
2.67594360
8.98872894
1.28942902
1.97851562
12.90581175
9.66055962
2.08732491
1.43245484
13.88909268
2.53707003
50.71832669
16.94386386
7.64107269
24.07644975
5.45791242
2.88204011
2.97070312
7.20658356
2.90039062
0.96870941
12.95788232
3.95137854
9.88191711
3.25720246
6.99307292
7.83806294
0.97965453
5.54480043
4.62500000
2.06099457
0.36503082
9.33336187
10.51376551
0.05253570
23.11006684
20.10009641
11.17801972
1.94950410
3.65759308
6.27343750
4.06294769
3.56250000
0.04183960
0.51367188
10.68314606
0.94111965
16.99027372
4.87972296
6.04821808
34.12393728
16.52905710
11.91545579
16.95798093
2.82149324
5.31026153
11.91707336
2.65938386
11.17152098
1.15939882
4.67321808
11.98347961
10.88479500
22.29301307
6.65544326
5.34643617
9.48872894
19.53906250
34.44982879
6.27042664
2.83092919
2.63391456
12.53576131
0.94808483
21.10195590
1.18124722
6.36341640
5.82536015
4.31294769
43.70177195
5.56385305
12.80110594
5.68717531
5.62500000
12.80586326
1.54614694
9.43660461
2.54939384
12.60042110
5.40967420
4.12500000
1.75963514
0.22181017
1.87552887
11.44383644
8.39901817
6.87785765
4.06262300
4.08683289
37.37060048
3.91813608
4.18103058
9.41662567
2.61897828
20.49189062
2.52747174
0.61971631
4.50935727
26.70141664
3.37227449
10.88370789
11.59040573
8.88546431
2.96993074
16.66650266
1.38338320
2.98482269
11.73002106
10.13537567
0.21126344
3.75585938
5.68785905
1.48987533
22.43904602
9.02433289
4.48872894
16.34452239
11.58862367
2.38326019
6.82287567
12.77790345
1.93412262
4.09810394
1.86958832
7.65926086
0.02302063
3.81054688
3.20739030
4.99816988
0.47338431
11.47400058
4.86365026
12.90535461
3.97550476
1.44531250
10.85937500
11.27835529
1.37911541
5.23046875
8.31757702
1.97514572
7.34944703
0.55757785
3.25240082
11.99023438
18.89396055
3.49475067
4.57914339
18.39697016
11.06794604
3.04407579
7.23660351
1.31596852
0.84387176
6.16450770
21.78849180
12.20528479
6.32210328
11.16381649
14.78662234
3.70300200
15.18783538
1.56559452
7.06725732
9.95874335
11.41560727
6.37255984
2.86507203
10.13191711
3.41194703
4.49820922
3.64001496
22.58096853
14.71065713
2.41825410
0.57621246
8.21516844
9.44799867
7.61071808
3.91361481
1.70650238
6.17008422
0.04903199
0.53515625
0.39526367
5.96093750
5.42309508
1.01147523
7.95471334
3.50736481
0.22981781
5.27490234
21.93648161
6.27836214
4.39998227
2.20158023
4.57409575
0.29577730
0.47973633
8.63911459
12.16032358
11.98872894
5.44531250
0.26676453
6.79589595
16.54870014
25.78093279
20.97977505
9.24576906
2.00101839
0.87788910
5.65970856
13.37409402
1.24817985
4.83984375
3.35548815
4.65382978
10.65551895
14.87654477
49.20645557
2.04155197
14.43534021
0.83809729
2.08203125
7.08369903
0.11938539
10.82161126
4.63427859
4.39454350
2.64257812
4.85445036
2.58215425
12.34236259
2.68587655
10.76171875
5.17578125
13.50195312
5.04252106
22.97318512
8.98527039
0.86669922
4.75378325
7.30403314
9.25663674
3.14379821
4.74442597
8.57466644
0.26269531
8.70121122
6.18058289
2.12923094
6.08182956
6.32466644
0.77787262
5.69954344
6.55916445
4.01216146
5.84916666
0.74267578
4.30016872
8.20862034
4.63838653
36.47321075
8.30844636
11.15266844
3.71667387
1.22111148
24.81660794
14.36141179
1.97212738
17.30431849
8.30379211
13.40482823
6.62243683
13.47273493
2.47196753
8.49295989
4.46407136
0.15828430
13.60733821
4.37703679
7.91752106
10.46183289
3.47664118
10.62064606
1.27331699
14.66662567
2.83093417
7.83235594
10.82371676
8.10597074
0.57706726
10.96695922
4.43416445
23.60273826
4.04480385
4.01261414
6.02388519
0.75638824
1.30122894
6.80305657
6.09200354
26.85644282
1.78914616
15.73567376
6.86531804
6.12344526
0.71741688
9.83325133
4.80045656
27.50097656
3.02685547
6.42578125
0.48242188
4.90747008
1.50642758
0.04411015
4.41406250
8.98632812
9.72477172
7.19303095
2.93139960
5.48482269
6.13281250
6.02945922
0.43330902
23.41715204
8.73730718
5.66373781
4.96484375
3.57287567
7.12975732
4.19580452
0.94677734
3.64819149
-0.01952938
5.78125000
12.07084137
3.04642731
6.23917664
9.38191711
0.66202820
8.74873560
1.28056128
1.16210938
15.51191545
42.37240248
5.97265625
6.94486481
4.39814717
2.56954510
3.50781250
1.99868753
4.40023825
9.58593750
13.13448028
0.19486543
8.21244293
2.87650543
3.97896332
6.14798981
23.27518396
2.96354499
27.55114030
1.57446974
3.78108765
6.44140625
9.15970856
8.65625000
0.59224457
30.30984320
4.32962213
9.62666778
12.09208222
2.52945922
4.12634308
1.90767426
20.05581893
4.51001662
9.49625610
6.41162234
3.29101562
26.60382536
5.15789339
7.08292664
6.44877106
1.79357879
2.92126496
6.25000000
1.10937500
0.26021332
11.50352727
38.53133242
23.75052638
28.07455839
5.30122894
13.73860594
1.75988863
0.79252106
3.19185394
8.26096313
11.58646388
3.61494903
2.35762854
11.03125000
7.57844969
22.53861481
2.05765902
3.85803192
18.38389462
18.87652038
9.43660461
18.92850427
6.88834220
5.10714649
14.94948240
1.10123781
1.25068747
3.04922672
2.99857823
3.20898438
4.19649199
5.63159242
8.37580674
13.62280585
6.68453346
14.17944149
13.97078181
10.73380430
6.49683178
13.16752106
9.13448028
0.67993226
10.42879211
2.31887827
1.83187887
6.58390071
0.49080632
6.09195922
26.72301530
6.48535904
12.03983489
1.52311281
32.82013520
8.21278257
7.60060501
3.80647828
3.38130707
16.98604278
4.05757536
4.86009808
9.40849844
4.10770722
8.62845856
0.95361328
2.54510861
0.69077182
4.91739805
8.42289339
1.72025543
5.36547540
7.26041999
0.66796875
0.01035309
13.83511581
2.31380873
1.98885195
3.51021332
2.63431793
7.37588542
0.71049977
5.14062500
0.01314301
4.12500000
3.88911459
8.16903147
1.93111176
15.66471188
9.14241578
7.69242464
8.92968750
1.75686905
1.45305130
10.92968750
8.69095856
7.96716277
18.64933289
7.64888519
11.54894615
12.40072030
5.85025377
2.44662123
7.84330231
15.38671875
6.05423981
6.20959442
0.93339082
3.32812500
3.84423704
3.71707849
8.37036569
11.57215207
7.14432956
0.98828125
11.12845856
27.14645905
12.94877106
4.28560394
10.22220856
0.11274138
1.02701906
10.02343750
1.66113281
16.07433179
21.89303080
2.54150764
9.56339539
1.58789062
1.35351562
7.19531250
3.45858635
8.87984596
3.59179688
2.00349540
1.57365303
1.66406250
5.13236481
6.55012190
1.38754044
5.02522828
2.35054411
1.90771609
2.00195312
6.69095856
12.10188221
24.74959663
9.02938054
37.40632868
10.26509862
4.01216644
1.26900238
9.04690936
1.97998670
11.33593750
2.08443207
5.58584885
7.05042220
1.97371399
6.52520783
5.73002106
1.94576019
2.46484375
16.21272205
9.93913342
0.01690536
22.92399047
19.74116911
11.66406250
2.00972628
3.90909851
6.63716644
4.07421875
3.53666168
0.02330536
0.46801758
10.94877106
0.92016415
15.60066711
6.91866245
6.87589539
25.89884087
10.90527593
12.79173465
5.78468043
1.86653812
5.21785461
8.40827682
1.55583388
6.39632203
9.88114472
7.34219526
25.83065381
5.27848515
5.67456117
8.92956450
7.82927673
34.22127382
5.59720856
2.97737423
3.24528202
12.78486592
0.61251385
21.78107270
1.22433898
6.82614831
6.17012854
4.50826019
27.10704289
5.77035793
14.76806516
6.94978945
6.04296875
12.85208888
0.78161901
9.80366911
10.50540670
5.81547650
4.37935394
1.26565936
0.22408674
1.86523438
10.42564828
3.85080008
4.34073914
7.69396942
9.72399933
4.29642731
28.23681516
27.08361785
4.10367797
6.00320881
4.26750443
1.40364500
2.39856050
2.27929688
3.26367188
5.98867465
3.06991910
7.69083555
1.37219332
3.75976562
10.40279144
8.77343750
7.14017731
5.40409809
11.66195201
3.51652039
5.09765625
8.56941711
11.27433289
3.44140625
2.65177305
2.54774950
4.09765625
9.33504211
4.32120789
5.34029144
5.19510334
0.23669216
1.03194370
3.84810394
5.79732269
4.62186614
0.13293519
2.39302582
7.65165005
0.53584995
6.69531250
11.43750000
5.08203125
7.96952239
10.70921543
9.39743406
7.26943263
4.24228612
0.30461121
5.02734375
6.62923094
3.57584718
0.61816406
4.57633422
1.75837603
5.34949385
9.06160461
2.95357269
9.26216644
0.91564910
1.95251496
16.51194107
9.86975067
9.10770722
5.41707336
2.57214262
3.60905031
2.49698914
7.24084442
2.05407746
13.93858711
9.92123559
6.85156250
0.03737640
3.87695312
20.23513742
6.17802969
6.14888519
6.74609375
11.64408356
4.56896942
13.03165337
8.73397163
4.74833222
0.63578277
9.52779144
10.88012633
2.10201019
14.24771720
2.92790170
7.14664672
1.19994307
1.90825243
2.91992188
6.61201685
30.57954124
5.06401594
9.27636719
1.07165434
15.97412234
3.63521332
14.19258637
5.72760528
0.58941101
1.66984070
5.89717310
0.77372534
3.59810394
3.50523438
13.05051085
2.13370789
0.85937500
8.03816711
9.69429411
1.68675356
0.82993073
0.47538238
3.37158203
8.87564938
4.52925753
7.81640625
11.52673371
4.26997894
1.73685699
6.68577793
7.08676418
14.59378685
12.94421792
13.45812833
19.59058292
3.81160461
3.68794769
6.66841644
2.34765625
9.71350067
0.14404328
11.68750000
5.23437500
3.63822418
3.63012633
0.25801668
13.66316711
4.18252605
3.41407247
8.17187500
0.26708984
1.27539062
12.64229278
3.22326629
16.94893465
0.23921629
8.05045656
38.01550200
10.98079344
8.20247562
13.19331754
1.25484347
1.63671875
8.95274851
2.39197805
6.68936946
10.34924534
22.61177582
7.77677305
0.77063082
0.92020473
1.33121952
2.44531250
6.64017731
0.05502319
5.40213210
2.69597185
7.85111481
12.07429743
1.62243434
1.55078623
12.26643174
7.30119459
7.65759308
6.71785461
9.32991578
9.01293883
0.03047761
3.14509198
3.12399157
5.98437500
1.83203125
6.62592975
0.24520459
8.97928801
8.98559664
13.67211852
0.54105372
0.00045081
12.15287262
3.99266581
4.06250997
6.31628325
13.92956450
2.39705507
5.95625886
9.93697113
19.04230940
1.91081560
2.88061337
5.84790226
5.00390625
54.28621399
1.83825466
2.18412511
7.64107269
8.83491911
0.08296816
9.53893950
3.13293550
4.90625000
2.78314883
0.05811918
7.97566711
0.09482850
15.95703125
9.19095856
0.58101410
0.02320343
5.84375000
6.39107269
6.51517731
9.36104278
0.99788453
0.21720398
8.83972075
5.85905031
7.98091644
10.46093750
6.74564606
1.07466644
8.49575660
16.91793938
5.02823914
10.56111259
5.07747562
12.55712766
6.06254432
2.47070312
7.54642731
7.30936614
4.82780031
10.67968750
3.72762024
2.05362976
8.47101286
36.82752991
3.83520446
6.20324800
5.54386414
12.61482228
13.61852062
6.16956781
5.48783356
2.90234375
2.69576019
1.96244293
8.55415116
0.74272384
8.81358711
12.42078789
6.54296875
2.26216644
8.58825466
7.70808400
5.80086990
7.92187500
1.81001801
6.41996122
1.69091921
8.63716644
2.77734375
8.85546875
12.50000000
4.31852172
4.07991578
5.33706893
0.53109513
13.01562500
4.23392731
0.71923828
11.92427582
3.76171875
18.96927638
11.67737034
10.42366578
1.87256814
2.76335715
8.98002106
3.35005707
4.96394836
6.33984375
0.93400086
4.13236481
4.71138519
1.74466949
5.08203125
5.54943817
8.49397828
7.38281250
1.63183594
0.88476562
3.32303801
1.17606660
10.64497894
10.10591644
15.91527760
41.49447030
4.02238101
6.42834442
3.79777039
1.21048981
4.63370789
6.80053524
6.85180851
0.70458984
4.75724180
8.40201906
5.30904144
4.88326019
3.18359375
9.61718750
6.51481109
8.54687500
8.83516449
1.18252791
0.27478806
9.97656250
6.13185639
2.97611481
4.64505763
0.76945257
0.47412109
4.64062500
5.53515625
0.57470703
0.27734375
0.55972954
1.42733100
0.41674805
7.23249059
3.94479609
9.60546875
10.61620087
1.96679688
2.99564606
13.03816711
41.85241357
8.53520057
22.23017312
10.06218528
11.91662567
5.55078125
12.79431183
7.29162567
7.32076019
8.55212433
2.54838043
17.90384918
9.14745346
11.16024490
2.91149933
4.17232269
9.60668883
4.39967865
28.88313719
8.03316378
2.71545379
1.63191711
6.47098847
8.54687500
2.55423981
0.25537109
10.85156250
3.07393340
9.61030475
6.68400709
5.54003657
0.50036901
7.43314606
0.47212738
5.18615692
18.94547235
3.32442542
9.49084442
2.53845246
4.69531250
0.97363281
0.95898438
0.24125152
0.47017426
5.86718750
0.02987671
0.02226257
0.85160309
0.87280273
16.09146720
5.86332557
4.76831117
10.70658356
3.10786957
3.41210938
5.58024047
9.20491578
0.02206665
7.51082336
1.08044465
5.41015625
6.37845856
9.60937500
1.23091644
10.40165005
2.30448581
4.21138519
2.96679688
7.44531250
14.82455786
9.16327570
4.21138519
21.80028923
7.21960107
7.46948803
10.94185394
6.98283023
9.15523161
12.56941711
0.36075992
12.24413564
8.52693041
3.45325797
11.59899933
12.89062500
16.93507904
24.64475463
3.13971029
3.97312388
10.06148161
9.81262300
0.60099305
8.29252106
6.49084442
11.02766844
6.73584109
3.04838043
2.10201019
5.11193817
6.80167664
0.25118012
2.06250000
6.42533356
0.18023619
9.75704011
5.14062500
12.48771055
54.65473959
23.26314052
6.85177415
3.60428801
2.34493074
6.44531250
11.09285461
1.74255402
3.06835938
4.32812500
9.84285461
4.88508533
8.46932568
7.84863281
2.55110594
3.60709718
7.16752106
0.10329193
1.75541168
5.47733489
3.07165558
2.87919160
12.25390625
8.40347580
3.74573470
6.80635528
9.96618683
1.17541473
33.08337433
10.23571808
10.42968750
5.47265625
11.92533356
0.76851410
3.04313110
6.05257203
14.71093750
0.91503906
0.98925781
0.01319885
8.53271484
8.43212766
22.93237367
2.02806309
6.15841976
3.85725953
3.71919769
5.87365692
6.80256206
13.19641954
12.07072085
15.64139739
2.37064606
1.04362062
1.87552887
15.77933622
5.07434175
3.06477906
10.50784686
4.72518506
11.10847961
0.31884828
6.53861481
7.28515625
3.69884247
14.98783356
0.27754730
9.54150266
6.99365359
3.75366024
8.44095856
1.63720828
35.00915558
7.38370789
12.99674064
1.08769143
9.39062500
14.69441711
8.07498366
18.61096721
4.90661901
5.34899933
3.51171875
14.30411680
11.01179743
14.27002327
6.30423981
14.47220856
2.82706726
5.57026818
11.74125526
10.12988032
8.71529144
3.92456117
6.80737367
3.93583222
11.13716644
17.03401734
10.41095302
0.44256260
6.41210938
6.07499114
7.03784242
11.84606716
4.74890292
0.23323609
5.24129211
6.67419216
21.81274601
0.56115816
6.25000000
1.34500444
1.93880873
13.60591644
1.04581726
4.65143341
4.06926972
3.03560394
2.87056239
36.49157746
5.94991245
3.16843522
15.95814826
5.71451906
5.10884862
8.01908356
9.29508422
4.51005097
5.35201019
14.50345856
0.86079926
0.57226562
0.02957153
4.94140625
13.81131926
6.89676972
9.44620789
11.32377106
2.40340149
10.60245789
10.09285461
2.65714539
4.94185394
1.19433594
18.19501220
4.81747894
26.72276929
18.40056294
21.64595551
11.26997894
6.37995900
2.18254100
6.60346632
15.71684618
10.17382314
8.48242686
5.41752106
2.91060394
11.66406250
12.06250000
1.57519531
0.62011719
7.62109375
7.42097961
2.70117188
15.02779144
3.24369293
5.26652039
17.82124225
8.41480053
0.88407441
14.06888824
4.99214691
1.92053192
3.92277039
11.62487700
4.18416445
0.58349609
0.17297363
13.82722961
2.59855164
7.10546875
2.36193817
0.00628693
9.12629876
3.71149387
10.16615358
2.88033051
44.40893617
1.05761719
18.61673981
6.63878990
6.55306405
4.06843806
2.03507757
4.40881317
8.19698028
0.87223390
4.10937500
0.05148315
3.99609375
1.94531250
10.71665892
2.77853944
8.32120789
7.04988586
10.99088562
18.10502106
2.53308012
5.03182070
1.83203125
0.84476715
19.94213431
3.30440713
6.58715758
2.01981660
7.29752438
3.29667331
2.65820312
5.35111481
39.58954095
0.23669216
1.03194370
3.84810394
5.79732269
4.62186614
0.13293519
2.39302582
7.65165005
0.53584995
6.69531250
12.28804411
7.64164339
3.18359375
5.53031029
3.34300449
9.23508366
7.21564052
4.38592198
0.26986694
4.85937500
3.32812500
4.73828125
11.37500000
4.37641803
5.38725385
8.97220856
2.73091644
4.09330231
2.39648438
1.75549285
2.22835328
1.31424895
13.50179078
10.34452239
1.91658632
12.54641734
4.68181294
22.31115193
6.82316600
8.57210328
5.69620789
11.92097961
5.32678192
19.65490692
7.34733156
0.82328277
10.91214872
3.32853335
7.67175200
3.68192597
15.23355829
1.75215979
8.03657802
1.50178330
2.03728169
3.11328125
6.45979610
11.32658023
4.04956117
0.93066406
11.54841977
4.25626773
7.78983489
6.06909242
11.42408371
7.72215426
1.04933011
2.13521332
6.14806849
0.46769476
11.08837766
4.92378878
2.68554688
1.49218750
5.89408356
8.98604278
0.85647967
0.24776900
0.23339844
1.22492970
2.60307291
3.88370789
11.01216644
4.42919159
0.65217829
0.00626898
0.14282227
0.08906737
1.99096742
0.83980316
7.67533356
12.74084442
1.70491578
5.83092421
5.92253435
16.04988088
12.22258006
14.32787899
20.25519946
3.83659685
12.71569482
5.19921875
7.33329565
7.22054078
2.71875000
3.31042387
15.15112367
6.17488586
4.14241578
1.22603363
2.45117188
7.22599180
3.13293550
35.55590758
8.17187500
8.59464539
11.96426807
1.55359541
3.82377106
7.48994653
4.10718085
9.06416778
12.18493683
29.93961547
6.42341977
1.01827183
0.82824551
2.41536624
2.56640625
6.81986481
0.03935761
4.23810894
2.89665669
7.92533356
8.44392509
1.68948997
1.41683732
12.04320479
7.12732712
8.57466644
10.22566711
9.57210328
10.30635528
0.03873750
3.19542554
2.49012134
6.85892731
2.06250000
8.29121856
9.36059633
15.28961150
0.60644220
0.02750983
13.69283051
4.28738476
4.87578235
8.45043883
8.23286459
2.57617686
6.38940492
5.82661957
18.93012523
1.88823415
7.33235594
5.97534242
4.35201019
9.75691711
0.87389669
2.50977061
0.67480469
9.47810727
0.14762515
8.66406250
5.83325133
3.18082392
0.08797554
7.37711547
0.02510621
12.75736481
8.88281250
0.84663910
0.02849823
7.18404144
4.38281250
5.82812500
9.38012633
1.52441406
0.42899629
6.11497715
14.84164450
13.28751773
5.25537234
6.20357269
10.65722125
10.22937167
0.47135375
1.98225953
1.04927582
1.76082336
7.19192266
0.39739223
8.83083556
11.11057069
7.51171875
1.23091644
12.59952571
6.98543274
14.17635195
7.07267398
3.46875000
9.10489805
0.51375429
11.52689606
2.62740082
6.46439606
12.95312500
3.00691711
13.07120789
6.24865692
4.97054078
5.33263631
1.61072307
10.10156250
3.55228668
0.62935394
11.00585938
4.65625000
17.85017509
15.87882757
9.38818484
2.00259441
2.95179188
8.12500000
3.31880707
4.87019836
3.35937500
0.65079773
3.24039672
4.04475953
1.63183594
5.47656250
5.31807403
8.04520722
7.43314606
1.67232269
0.73828125
3.55004821
1.71024629
12.11718750
7.71875000
16.24848959
42.38944924
3.33337465
5.51818817
3.71032746
1.40828430
5.13806183
6.54707669
7.21854831
0.71533203
4.87833555
8.36295656
6.31640625
4.73917664
3.18359375
9.61718750
6.51481109
8.54687500
8.83516449
1.18252791
0.27478806
9.97656250
6.13185639
2.97611481
4.64505763
0.76945257
0.47412109
4.64062500
5.53515625
0.57470703
0.27734375
0.55972954
1.42733100
0.41674805
7.23249059
3.94479609
1.85156250
3.10005707
3.46394836
12.88627106
42.31786736
7.66109596
24.36492016
10.22689716
12.12756317
6.73917664
9.98258422
7.29821808
8.13024933
2.65189606
25.45402928
5.47476283
10.47301530
7.93323470
35.95116689
9.34269725
6.01863586
2.32682126
8.74243351
9.34375000
2.28710938
0.31030273
10.38281250
3.60758422
1.87487700
0.41007632
4.63627106
2.09552002
4.24173981
20.51452294
3.46639350
5.21215758
13.26216644
4.85062715
4.37500000
10.67187500
2.81685394
3.44531250
4.95178192
8.95837433
0.00693512
6.66227172
0.83483918
8.45747894
4.10253906
9.84875333
5.70984042
2.49804688
9.78625333
1.54533023
4.84810394
5.67968750
16.63236481
12.08158356
0.25561523
9.33711326
6.31221963
3.83007812
13.44607990
3.00899822
5.55065825
7.34733156
0.33003754
4.32678192
0.53080168
4.49051972
1.48368379
0.47342926
1.86079926
9.29597961
6.34419769
0.21700043
1.85937500
8.86283356
0.27461668
10.86295656
3.79927582
12.61181516
55.11644947
22.11124446
6.17477282
9.56058622
8.31966312
0.87845856
0.67797789
3.18436614
2.69572085
4.35156250
9.32812500
0.65909478
9.64758643
7.57368988
2.59468473
2.40726839
8.08939606
0.08022064
2.56640625
5.55590758
2.59598847
9.48482269
6.54784658
4.31791666
8.52075133
2.70190492
0.93208832
1.62459165
10.33260195
1.51420074
3.38700410
7.07421875
7.47656250
3.70853668
1.74173981
0.68750000
8.00813719
5.61775820
3.27929688
12.03625333
6.90905917
2.62109375
12.53470856
0.51460661
11.50537234
1.90332031
4.69713764
2.85237423
16.80400376
0.03131104
0.30253082
0.01292938
13.27896471
15.26367686
12.55062015
16.85937500
2.00301086
0.22440613
0.93847656
15.62475399
6.70158023
2.16170289
11.42125998
4.66467752
11.85502106
0.11226410
7.08203125
8.49564606
4.12303681
17.35937500
0.20239258
7.47733489
6.28829011
2.66349180
7.98950133
1.30989749
37.03938719
9.33337433
12.41385583
0.63525764
8.21093750
14.85502106
8.33958777
18.08252857
4.42179632
4.41105164
3.55078125
16.15657469
8.98067044
6.66508089
6.85860261
3.41044160
9.71875000
16.58158356
9.62673649
0.05775265
5.63297485
1.86853058
5.63716644
1.96777344
1.23632812
0.08620209
4.37500000
4.28125000
8.77689606
0.28975434
4.25390625
2.27053344
1.46591644
5.03649933
7.83203125
2.60156250
4.76544770
4.86345855
2.66210938
3.47456505
38.04504488
5.06242132
3.31076827
15.40358377
6.85860261
4.93697362
8.17187500
8.88012633
4.42065492
5.43013519
10.37845856
0.16365570
3.05814606
12.83886594
8.66943484
6.83203125
10.34375000
4.54296875
0.11250793
4.81339539
5.49609375
1.69868988
16.75121011
4.82032247
26.19839207
16.89670101
22.09464539
10.90279144
7.47692155
2.30237533
8.52343750
11.35289562
3.15959552
2.95039949
12.45658356
12.47656250
1.40083832
0.94531250
8.21439606
1.53539977
2.37581173
10.37691378
9.34130984
13.96801197
3.96993572
22.25345856
8.55362976
1.81009918
2.57918274
3.03259308
10.08939606
13.55725067
7.33337433
12.80635528
6.62333222
6.37890625
11.49515404
2.58317140
3.08288730
8.50642758
41.34501440
8.01460661
5.65580355
4.48856162
2.77901651
5.27555297
5.92105829
1.15059729
4.19185394
5.06250000
10.71637855
7.76364250
8.46600954
5.97687007
7.50146609
3.67248504
18.46927638
3.99479499
10.01806516
1.94633089
9.56058622
2.76648105
1.36621094
9.08850067
21.98574746
0.05635528
0.18477418
7.51338653
6.05904144
5.05509087
3.04390846
21.01267708
2.70658356
13.74910461
2.44816101
1.24271637
3.58939606
10.56339539
4.57965482
3.10633975
1.99511719
13.39062500
0.85323028
9.20198360
11.79980718
6.40921654
15.91386081
7.26542331
3.63850953
9.78637633
2.63354554
0.86279297
8.31595856
4.90279144
1.92246490
7.82661957
5.73693817
17.28995789
18.61372894
8.61283356
7.21394836
2.88220246
0.93701172
12.34452239
2.11055574
1.24836016
1.44726562
3.55403314
0.70475593
5.95812833
0.68274082
16.85937500
1.04252106
11.77510528
0.33011933
17.48950133
3.59252992
11.06595856
5.88483932
2.62386857
7.32678192
3.98962433
1.74173981
8.74564606
9.00089539
1.56807153
0.50663550
4.03080231
9.93195285
4.62329787
3.18160627
8.98872894
11.47220856
4.43448914
16.09195922
3.21515598
0.13559230
8.70139650
7.09181628
13.09063607
2.69954344
4.28898382
1.64400238
2.62544769
2.83939606
10.22115082
5.13138824
5.30838210
0.07687181
7.58915005
7.87614140
0.34082031
1.59711991
3.00688275
13.39945589
3.36763519
16.26517731
1.07564301
0.55179840
7.05757660
3.36523438
1.69628906
8.91316711
7.56115692
6.12947633
4.91841644
5.74430297
2.87093140
10.57633422
8.55354859
2.65384918
9.26562500
16.60609955
7.01428192
1.34899933
3.85111481
23.75044769
3.94726562
5.27392578
5.96048981
3.45552582
0.09588623
6.59375000
5.21582031
1.59863281
1.02746582
13.02587766
11.50231716
5.42102393
6.40580231
1.42818207
0.07873535
1.94531250
10.56481716
3.73059175
10.38383089
2.26607269
1.81302887
11.28816711
5.56673094
2.56607658
0.71326213
6.43631116
3.59664782
11.52343750
8.65689938
8.85091312
0.71020446
9.08760528
3.51859652
16.23403878
3.57422872
1.21557679
12.49661772
4.20133974
2.66229069
6.43388408
3.57031250
7.06160461
6.27575715
3.70063055
5.73296320
1.24023438
6.14798981
6.97265625
0.12353516
4.37154144
3.83984375
5.17533356
0.20129395
1.96919769
7.31383125
3.74110039
5.27343750
5.63536570
36.82206892
13.48173315
6.94742797
8.26550200
3.82837101
8.75000000
32.18635860
21.15881317
10.80672429
2.19185394
1.76818817
8.59118683
2.43912064
1.21690048
2.10111481
3.20609465
7.75398742
3.84627382
8.18660461
0.20458984
2.37740082
20.15250641
8.05879544
1.15844913
2.22701019
10.22557846
3.00293716
8.14843750
10.63211443
4.93522717
6.31660794
5.03434452
3.57486813
6.15995456
4.12064606
0.07975250
11.15127934
5.10713653
0.40897676
4.70703125
1.36177582
4.46728391
4.98578929
18.59868461
15.04492188
4.20312500
5.82710661
4.42456117
16.51639739
1.09476839
3.31099457
8.52689606
4.28169769
0.00579453
21.17879211
4.30122894
14.54048427
4.49927007
10.14550532
5.83120977
5.61673981
10.26997894
12.25528369
0.61581006
4.42215848
0.46704164
2.71016511
6.40055297
1.11169465
11.19877106
11.24654144
2.72310394
1.32617188
13.85536957
3.16557129
2.98666278
0.47680664
23.40678779
4.40817375
6.53861481
0.14611848
0.18444824
0.61332059
5.51709109
4.23091644
9.50000000
2.41478184
11.08330562
2.78365082
4.11258941
5.00886276
5.60930130
3.66947418
13.78971188
29.34476839
5.35742250
2.57812500
7.71439606
1.02921570
21.30012689
6.86320257
4.19033855
6.35697889
2.54891179
15.44315271
1.11304022
8.35937500
2.81908744
0.15792276
3.29056793
12.20658356
2.65291196
19.89754211
2.54927582
3.27518894
11.84708555
4.98360261
7.79821808
0.79886871
5.85156250
13.28881649
2.97530308
9.75781250
9.10502106
7.27977893
15.60250471
1.75585938
8.57377106
9.26704677
7.11051640
5.69319703
2.25821587
2.01522163
9.35156250
1.84134918
0.59926361
0.57181793
2.33800802
43.12561502
8.80061392
0.40295877
9.68119293
5.40181488
5.36328125
5.99218750
6.04764739
6.21891235
7.53047761
5.81595856
6.63460328
1.95845551
5.65535461
0.03068055
12.44531250
6.16053968
6.61680407
3.84924316
0.66288238
2.22505707
4.57031250
0.99289075
0.61129626
0.45361328
1.15960776
6.93821809
5.19598182
9.83850067
4.40848847
2.60937500
7.59375000
3.02343750
7.49111481
5.74716644
3.65917969
9.00166778
13.23188055
2.52104416
4.28980053
18.30912199
6.50268617
8.35520416
18.15396720
7.40942819
2.15852782
9.01285018
3.12354388
1.50585938
0.07073975
33.42202613
7.86508200
9.02791445
1.44095856
10.80513519
9.19250333
6.78471042
3.29687500
10.18570922
12.97404811
0.43985205
0.25956176
3.86853058
2.55318207
24.00948028
2.66878048
1.26562749
13.15087766
1.81636691
20.11283356
10.08247894
0.20739746
3.61450133
4.97835328
3.49698914
10.06793669
0.88986757
12.72164230
8.29654586
19.73547208
0.92024906
9.27050532
1.99947362
6.82876815
7.99931626
9.67187500
18.77254211
5.14196808
16.66316711
5.96093750
2.85640473
7.29593404
5.79838541
7.30948914
3.79927582
1.63281250
2.83924803
1.55301972
4.65881317
8.84118683
2.86930297
4.99397828
13.15429688
5.01997894
0.66650391
0.74267578
0.09606934
2.75123778
8.78393617
1.95161957
8.21986336
0.80528312
4.95267731
14.12410461
14.01745014
6.87451795
7.49039672
8.98616578
8.14062500
0.06457520
7.37109375
0.21667449
1.71716340
19.55838210
21.92696697
4.00061004
2.74109042
25.50101839
5.21394836
6.89363586
4.46663453
45.35107048
12.06990913
9.17850178
4.09237256
10.86283356
4.40747008
2.17891511
2.65506926
1.03792359
15.78214539
14.24218750
17.75976064
0.26855967
7.17283910
2.32760859
2.51440243
7.12479831
4.96875000
11.41775106
6.62700243
2.45117188
3.40009032
2.83924866
4.31685394
2.53169769
10.70544216
2.83398438
4.40393284
4.06640625
4.29899047
8.10681183
13.03515625
2.52539062
8.69541557
2.04721963
5.20890071
3.34188054
5.28515625
0.20827572
35.85573541
5.84266289
8.58614915
6.53560394
0.20935059
6.79252106
6.23152150
6.47595744
10.56200798
2.06840370
1.44283051
1.61914062
6.83223294
10.59745456
3.35114667
5.05497783
2.82291999
13.10591644
1.30859375
0.19181305
0.15218109
9.81111259
0.38098363
5.30013187
3.46875000
17.36372894
4.74609375
12.02461326
3.25814217
20.82320036
10.53384004
5.68645722
9.88281250
1.23115996
4.62032136
1.08691406
1.51175809
5.45894503
7.99023438
6.94921875
12.56707764
35.73710051
5.83862367
1.33280364
6.35079011
5.92968750
4.91707336
6.31339539
10.78938221
14.47974069
10.99755984
7.79431183
7.06205231
0.42818207
9.81250000
1.87215149
11.72415670
3.48499002
1.49344941
9.48437500
0.60888267
10.76151706
1.53471105
6.83984375
2.24653895
5.21227062
8.75070367
9.66999557
6.15857712
27.57952932
7.49371287
4.98156583
13.34130984
3.91345246
20.17521055
4.74828790
9.63008076
17.74707779
6.96163120
16.90501995
7.28312943
3.78438386
7.66406250
6.68807070
8.47119016
2.94677859
5.44531250
11.40998892
2.75513131
1.72642953
3.08651817
3.14904256
5.87138408
6.39005430
8.16853945
3.03426086
7.81392177
3.31294769
7.70951573
34.65114806
11.16301972
6.27299043
8.44840204
6.05122894
3.72033411
8.50509197
3.89062500
12.09195922
0.32478883
3.40429688
8.05814606
0.46398895
8.28649933
2.47273493
8.06619460
1.83456504
2.44531250
0.77323332
1.79956117
0.77640777
0.80362976
3.86518631
0.04508422
2.05061890
4.11840758
6.05904144
5.05509087
5.21078568
5.81685394
3.50842254
4.76501496
2.11478668
10.88627106
1.98722351
5.59195922
0.93245484
0.88427734
6.86572141
7.59867464
10.70747894
4.39005430
16.12756317
6.68851839
3.22159851
12.14831450
2.60559175
0.89453125
7.62064606
4.03169769
1.80780029
6.93945312
6.11930297
16.67182071
4.47450132
6.29553192
0.41263637
2.25739916
12.26327349
2.60245789
14.19877106
2.14302582
8.39408356
1.21023881
2.24333388
7.37711547
5.36071808
1.59908051
7.16752106
2.96455840
0.12976137
3.71679688
11.50958833
6.36211546
3.66495789
7.69921875
12.00000000
2.54759808
1.01400653
7.66198762
6.33270502
18.04599581
5.40103698
10.83981936
6.81362698
4.45498948
13.36719747
6.71439606
4.89977062
0.88733876
1.91158051
1.97416168
14.68403397
8.90654220
13.15344083
5.06852172
8.66084995
5.78169769
7.82332336
3.73331726
10.32198028
14.03694703
4.00826019
9.91752106
10.96830231
1.34908051
11.33593750
8.81685394
32.38920074
6.65669769
7.11088043
9.11718750
11.14575133
0.30932679
26.96529144
6.01757812
1.26562500
1.56555176
7.28861481
10.27343750
9.98002106
3.39302582
2.90494127
0.38998060
6.77388519
7.00467864
7.24308289
2.40954621
7.14408356
3.29679134
1.20162206
6.68750000
4.97220856
7.84395169
8.11103779
3.60209884
7.78080231
9.24885860
9.61051640
0.53434203
9.41227172
3.70910738
16.42280225
5.74451462
1.84004793
0.45796723
21.51823444
2.52286235
3.80058672
5.97518506
3.64091035
8.70389739
8.47774324
3.12055741
7.79696365
0.84663910
6.60066711
0.34000672
5.33593750
3.88281250
9.59977172
0.56734223
3.65759308
9.14949025
4.05709330
5.66406250
5.93558372
36.49719083
22.21680186
6.47996033
7.48022274
4.52112034
10.47912567
30.34350399
3.90348515
18.02990692
6.27083344
4.39196808
4.61539672
0.89241578
2.70072418
9.88976988
3.89387689
1.09363198
3.39062500
11.49969970
2.77373780
6.33939606
13.99177291
3.85901595
2.51774047
3.28768007
10.04854278
1.41886414
3.77001829
7.97937167
9.17533356
7.94006317
1.92321808
3.69726562
1.93013519
1.12336783
7.78348349
18.77678302
18.78560394
9.92187500
4.45780364
0.64233461
17.88883422
1.22640015
3.11177582
9.95312500
5.30814606
-0.00314575
18.03523742
5.33593750
17.05993434
3.86314122
9.17085661
4.43070589
11.19352172
1.12341340
12.60937500
3.48482269
3.31986481
5.15279144
0.04763794
0.11383057
0.21350035
1.68509918
2.30346742
4.60201019
8.47960772
9.20974181
11.36489028
2.93990082
6.30108643
6.31082101
6.00802665
3.21289062
12.62410461
27.52689606
5.19665558
2.29296875
6.95312500
0.45780426
35.91112035
5.51242242
4.07958112
6.84828151
2.55521886
15.19494349
0.98722601
8.35937500
2.81908744
0.15792276
3.29056793
12.20658356
2.65291196
19.89754211
2.68794769
3.37870456
11.92521055
4.86206117
8.22835328
0.77636719
5.68750000
17.02689606
0.34346527
7.19140625
8.34285461
5.85253159
15.84420517
1.96529144
8.40625000
9.10310727
8.09476839
5.34509308
2.23770806
2.25936225
8.56595856
1.24849457
0.82871490
7.20703125
3.36978876
41.81376440
7.10761858
0.31035017
7.71830231
4.86584442
3.64241578
4.85412567
1.18884308
4.93481383
6.34236384
4.60416999
2.48046875
2.37304688
3.83593750
7.09676086
0.02482117
12.80468750
6.60206395
7.26317042
4.02836090
8.10790891
5.71630984
3.64257812
5.19966644
0.41259516
2.70170323
0.49849457
2.40638484
12.09573250
5.22962765
10.89408356
5.17020722
2.58158356
9.79341644
4.78125000
7.86636082
7.31243129
4.80318207
8.95825133
11.48509309
3.49288868
4.32495678
18.68025633
11.02701906
18.74305175
18.73721853
8.19771830
2.59586547
12.51837988
4.28463984
1.67968750
0.17236328
32.94554293
7.34034574
11.03470856
20.48437500
4.32076019
11.75691711
6.50480164
3.83569305
2.55005931
7.36662677
5.38204011
5.05692597
2.82812500
3.01264372
1.68920961
9.44954344
9.63293550
2.73889129
3.19274933
10.61523438
13.00781250
0.58154297
0.03732300
2.43404845
8.23616578
1.24947113
6.73342220
0.28541721
5.20703125
14.66406250
10.22298094
5.36340425
3.95666161
22.55224734
3.91166168
3.29435118
25.52559729
6.28426086
7.16931183
5.18359375
43.74552305
5.21451906
5.54438553
4.32910904
11.57812500
5.99027372
3.76513796
10.62500000
13.93013519
13.16451019
12.22671986
0.06234264
4.48649047
3.74788453
3.41401818
7.71684120
5.60847961
6.84642620
5.39877216
4.94665558
2.63521332
8.95031583
2.28906250
3.88562167
4.47265625
2.91304411
7.11385195
11.35005707
2.43509918
8.84283467
1.91542552
5.29304743
3.35343694
5.08593750
0.18826657
34.74456963
5.83424534
6.86544104
7.71484375
0.24991852
7.35502106
5.74108046
4.13827349
5.92923981
1.43448914
1.21386719
1.61718750
12.17700133
10.74397828
2.89306018
5.22603612
3.15283577
5.63671875
5.90669769
4.70267731
0.13399262
9.79422319
0.40499307
8.16609929
3.48482269
1.85253906
16.01472961
3.38956726
8.13276818
8.20430076
2.28793107
5.20357269
9.46004211
2.37198914
5.64408356
9.82877438
7.04613448
6.17098958
9.98693817
4.28470856
4.71317597
1.04101562
1.50093473
5.37211214
9.84375000
7.76517731
13.06416840
36.85624114
5.53438386
1.11930297
5.39587433
7.87109375
3.63537567
8.08728058
5.88281250
12.99356494
13.20207225
9.83426972
5.74353058
7.22656250
0.37276215
10.17968750
1.55236785
11.85363365
3.97794991
1.21370484
9.44877106
0.31009762
11.01729278
2.09729222
7.05513519
2.42036708
8.77631539
11.27861812
6.65526596
1.47543107
22.20242133
7.27414117
4.68603391
11.82389406
3.56083222
18.97464872
2.78592864
7.55398881
17.81336103
6.47123448
16.41897718
7.33602615
3.67696199
7.71004211
6.89119570
9.70710993
4.46476507
13.77884087
4.28731604
2.46386220
5.30318705
5.12231383
8.39331117
2.85937500
9.23323360
3.29960051
5.66833776
35.08799868
10.97661679
6.10483857
8.55765404
6.32312167
3.44030419
8.82886303
4.12935394
11.82198028
0.41068574
3.48828125
8.76127106
0.24023406
8.30993683
2.72680353
8.19009752
2.03817708
3.05078125
0.94055145
0.94958527
3.24987014
14.72786126
16.61856619
2.09697251
8.35847961
15.89196808
2.00638824
11.92120568
4.25502326
1.76367188
15.61478668
6.33247894
10.54150266
12.32914339
10.26216644
0.97021484
1.14355469
9.45389739
2.57986896
5.53902814
5.31685394
15.15881317
1.21455840
10.48527039
8.48901429
10.93481383
9.30175532
5.56376440
7.96878436
4.79808656
1.89941406
3.34525543
9.91483489
4.27311281
17.80063278
3.10427413
1.32665891
4.10392398
0.70601410
7.75674729
10.14327681
14.43700798
0.98869210
15.21529144
0.13562012
6.64017731
3.86910004
10.56595856
1.59908051
4.71048981
13.03202239
10.49051972
3.41149933
1.18359375
5.85066711
10.06712264
6.91060394
12.20312500
2.69677236
3.87516733
5.92187500
5.73616578
6.21671321
5.30672429
1.96244293
8.41752106
1.20592234
1.05994680
4.17277039
9.39408356
10.37500000
10.65189606
8.56685394
6.22106716
2.56063054
9.46415005
3.62178247
5.74760416
10.05349181
5.28679964
6.42923981
4.01623504
2.38024933
7.29341644
14.63191711
6.55558289
1.34497008
0.09594789
0.27315791
0.98295323
1.72851562
5.36673981
9.18916778
14.52498227
8.25752964
9.21594083
7.02180408
0.05913009
10.26025266
5.54548510
9.50232712
7.21439606
2.43208832
4.75097407
8.74511968
8.82812500
1.81986481
9.07857269
2.26322418
12.70312500
1.85103363
15.66996122
12.57556183
10.59822695
3.11673981
11.09646554
10.11854055
1.97054078
1.08736176
1.63183594
0.13610840
6.30078125
15.35953735
3.51472463
0.13570659
0.68876191
1.99121094
1.95019531
7.79508422
12.82494681
1.40438303
2.44921875
10.11490470
2.49447030
19.21260528
10.53560394
5.72790558
1.88887356
4.49487492
2.75585938
13.10502106
1.31978363
4.29508422
1.29280640
21.98614584
49.11875221
5.73828125
1.77551363
1.84394919
10.15893866
4.79443484
18.72545826
4.39783244
7.95357269
10.76652039
35.03880154
5.66973514
2.84224457
8.24820922
2.24983765
2.02929688
7.56156029
4.35205452
2.13492797
5.57255097
3.55472915
9.30558289
0.25317383
4.70357269
5.22241024
3.26597968
9.03122250
6.80904144
10.64843750
3.99930630
5.65739140
4.99955231
3.03755707
15.09244127
3.79203900
2.38309785
7.49609375
1.54882812
9.78319814
6.10307291
0.69331879
4.43668080
9.51351451
26.84837434
30.53593860
7.95463541
22.66060394
1.99849457
2.86421598
5.00057070
9.04073028
10.42801972
17.01383422
5.38224180
11.58874667
11.33158356
7.34419769
9.93981716
13.63049534
5.76268285
4.93128656
5.72843196
5.05416112
7.90189606
4.00369958
7.27559729
7.01993462
4.21098182
2.23277095
2.11879155
6.90523161
8.56073361
9.44764959
7.61328125
5.49295989
2.24096742
7.58593750
12.14306153
2.00585938
11.24719083
3.09460605
8.20556516
0.04577761
5.00390625
3.71590149
0.06276459
14.49429799
21.05473182
2.55253269
9.88281250
2.69771332
15.31839872
3.83980441
17.12711547
3.87634308
15.15100067
1.99759918
2.45731660
10.24385528
7.66483489
2.20255430
4.96695922
5.43115359
4.58829898
8.67533356
3.11372894
9.97261193
6.53865913
2.82844969
7.74141511
5.20524047
16.66157054
8.31885638
11.51012966
6.22847628
7.99539008
7.12863585
3.45507812
11.19531250
8.52782580
1.38473127
14.83279367
14.17057624
17.15308303
0.87333222
2.19726562
6.89733046
6.23894060
11.35758422
1.46512910
16.16181406
7.34420766
5.32775599
1.44161292
6.75736481
3.90865082
2.10111481
9.29060727
15.92866911
10.67045323
2.65368683
6.74731383
4.05346742
12.13012633
2.80212433
1.20792664
9.09195922
6.24442597
9.27201324
8.80021055
2.16170102
1.25630956
17.49473571
14.87696808
6.10290558
5.67533356
13.87787789
5.96306294
13.09875333
6.50215979
4.70869903
3.26591035
12.24861259
11.98140846
10.08013916
6.74654144
14.48591977
12.96195589
2.29548759
11.43197030
3.43208832
14.32543883
0.52514711
6.19539118
2.64595800
8.82031250
4.00781250
9.14843750
4.58638519
3.36523438
0.13073730
4.75999668
2.31963375
6.56551086
16.28125000
4.36071808
7.12987783
18.28442819
15.86629211
2.39420656
0.00478745
12.71319634
15.11613475
1.30627410
10.01831117
2.47851562
8.14953458
3.31893007
1.61897828
4.61328125
1.82857269
6.09285461
0.64009613
2.28320312
0.05403656
4.49137079
1.30355108
15.16808179
17.57019946
4.76953125
29.04304743
13.21037054
3.28677970
13.97884530
1.79394531
7.39798981
0.85103363
4.15213210
39.63212876
3.98107879
4.93192597
1.84948637
6.90323914
3.36792054
5.40722407
3.96777593
13.48437500
9.81250000
5.58100289
2.18311668
2.48033079
4.34529477
2.62306183
4.80533688
3.33101784
7.89453125
5.12926530
6.01180740
1.74654144
27.67947585
6.13603501
26.16186337
18.11014739
3.34757757
6.30802305
2.84236757
6.46529144
7.17968750
0.47336511
0.88594886
9.12845856
10.86783688
10.96740442
6.85738253
1.88301917
1.86914062
13.75154477
0.59952945
1.05700237
1.95630817
9.91841644
7.69921875
10.33742798
5.33835327
8.16406250
1.37230885
10.82963541
5.87813386
3.27974457
7.91711426
3.78710938
4.98437500
4.59977172
11.17366578
3.22656250
4.32494681
0.04419381
9.35847961
1.85441101
0.55029297
11.31852172
5.18993268
21.66305407
1.33532746
5.12109375
6.10143950
11.40238309
15.67781804
5.24218750
12.94692598
10.29656028
13.50944343
3.32963043
8.15408024
9.50777814
6.79517287
4.04341644
0.04965210
0.68756518
6.16515958
4.37195478
4.14510195
0.99658203
7.66362922
3.13279808
10.67968750
16.68611508
2.44030917
3.64257812
4.97220856
2.21724457
47.33328569
3.94751662
32.32648161
13.59087585
7.41764406
14.71748977
11.89199496
8.20830562
25.36527372
13.97102158
9.53158466
3.87500000
12.42187500
15.39664672
3.50154602
26.93599457
5.34358267
16.58964206
1.45560948
1.58471742
10.24747119
3.37634807
9.92110261
8.85403951
6.88855385
6.05782136
12.06839872
1.23311558
17.35066711
6.47110151
3.47120013
6.10394837
3.69337433
7.36494903
0.29610199
2.22416168
4.74698914
15.73527039
2.22656250
13.37901929
2.65418384
5.01562500
13.19830862
4.89950022
6.39278168
1.62695312
4.03426086
7.43839539
7.44531250
8.69531250
3.00585938
7.44486481
0.18758148
1.48046875
8.44140625
8.55545989
4.06811586
15.65279144
15.58939606
0.14241547
9.30814606
7.59858600
1.32959607
11.91662567
0.83142121
9.49804688
14.33504211
8.87320922
13.97098847
8.21093750
2.73286957
11.42944149
13.57312167
13.78254378
39.54798204
11.87222518
8.73714982
3.70507812
1.40767426
5.29296875
6.76896055
12.21862700
2.73942265
8.74820922
0.94534499
17.98637743
3.99023438
7.24173981
6.27392578
4.84765625
1.86958832
37.32616689
6.30575022
36.20537789
20.06614707
5.38761414
13.85412567
1.49682056
2.18221631
23.02410130
2.45547206
7.02823914
0.25309234
8.05904144
10.21856565
0.70019656
2.03677472
2.12142841
0.45218902
10.67162899
0.98702183
19.17777372
8.10375976
2.35979831
7.19230164
6.09842864
5.18263410
4.36737477
10.01562500
6.22220856
6.79687500
1.89257812
8.10591644
7.69745236
1.80254764
1.14601062
25.00024601
5.19279366
16.93314606
0.02968353
13.88346188
9.51843417
6.36328125
9.22310394
6.90234375
2.88085938
2.40429688
0.01788574
2.04450854
3.45520611
0.96317597
4.62833555
3.45174257
4.59840410
11.02494791
7.64030031
7.25826019
7.67655364
14.01423510
5.52503158
0.79740387
8.32031250
7.66015625
6.03803912
21.53821143
1.01314550
3.95987976
12.32698360
1.08219609
3.82364805
0.40877382
8.06818706
8.67208665
9.86539672
1.29337710
6.91406250
8.95837433
6.18359375
2.41601562
7.69307403
8.37410461
0.06026277
10.28100399
5.61067376
2.54386912
17.01386858
4.86379267
5.65676196
10.84208222
4.08203125
9.14485594
2.96451906
3.90865082
7.89709442
11.96275516
3.71310726
2.89091035
7.24218750
3.51171875
6.20926910
12.01924092
4.21167553
11.13476562
3.58398438
0.36108398
9.92968750
0.01012421
0.02093750
6.29341644
7.60892731
2.84541778
4.71362367
0.00297928
13.14557403
4.72942597
18.68078458
6.12736148
3.10864196
5.20536347
4.92667664
9.95312500
3.14648438
9.52371787
10.27315713
7.02644836
8.31685394
7.74263519
1.68802887
5.21108988
43.41093860
2.79443484
4.17533356
9.37320922
9.42317376
5.05562721
3.57226562
1.75865422
6.47303523
9.18994141
2.64229278
5.06819703
3.62064606
26.46972407
3.24015569
23.70835440
12.84979166
23.93371177
14.91715329
9.15428203
6.15234375
0.85095246
6.23783356
1.27937805
4.71854582
4.96016511
11.48437500
3.26652039
8.82139961
1.65727836
6.55488919
3.33406804
8.12064606
5.12719415
12.58284173
5.64225842
11.14676972
5.46529144
0.97631836
8.80468750
4.17789672
11.72054078
0.24637848
1.67818207
8.51985594
19.44108156
14.13627106
33.52933622
4.49800753
3.55362976
8.66406250
1.25585938
16.39183511
3.93238364
7.23002106
0.11366791
7.68750000
5.28006428
7.45821697
1.45019531
7.00070812
6.33913563
3.73437500
5.44140625
6.62801086
10.02433289
1.27103668
3.07755430
1.41019808
10.88372605
10.52549423
4.68123227
0.82129031
4.93839539
0.04802460
0.52001953
7.75301086
10.33195008
26.48156583
10.41658134
2.94950908
13.59375000
10.91125333
8.34655917
2.64798981
11.85937500
2.57661957
5.96048981
0.49605316
5.69921875
10.00000000
3.37650543
33.13219748
4.52840647
2.60412567
2.45251496
18.36892399
0.28695949
3.33142121
16.71004211
2.01765930
7.35335328
3.07783965
18.18444482
9.39188940
2.12093140
11.93849721
5.39288341
2.30432129
6.15283722
1.56636442
6.87992464
0.13891602
7.56115692
0.57751496
2.29435118
3.98885195
8.14062500
2.80273438
15.61104278
7.32812500
4.10982269
4.11897828
14.03446255
8.71118351
9.01997894
13.46815936
37.75360150
9.02510528
0.99523521
4.38387522
6.75679411
5.36108248
6.49706782
3.75817155
5.88827349
0.09668093
2.55228668
14.46072585
4.53146165
1.31294769
7.42194371
31.25277801
1.25374889
5.52604001
7.46154941
3.24389462
6.93774601
6.99218750
6.68359375
1.38033051
10.80623227
4.79488253
7.60982269
3.35741689
2.97807291
2.42818207
12.63769282
1.06303136
16.41637966
4.42000554
5.70703125
6.93257473
23.11372894
0.79040683
8.54687500
6.83422540
0.45235511
6.05769836
27.65461658
0.01127106
11.58414672
6.35591644
0.13244660
11.63716644
14.22266715
2.50273049
5.75736481
18.13252715
3.06802970
3.75541666
3.34720856
9.08918440
2.06511247
1.51021332
15.35546875
3.17187500
10.27427860
10.13107601
7.69966644
1.01411957
0.73632812
9.69954344
2.41992063
2.49996066
7.25227937
2.03320312
1.67675781
5.20267731
10.90526596
2.18697861
11.99609344
3.49133145
12.07222628
1.73173066
9.81160461
2.65335467
3.81336103
4.58935547
3.06835938
6.55334442
1.57511414
4.30904144
14.51448360
2.43851839
5.57824800
0.14396148
8.80110594
7.95222207
6.70446808
8.01562500
2.74096493
3.89868351
9.66316711
14.50345856
8.45056183
3.49987700
2.25012300
10.59375000
6.49461769
5.09567375
9.41005763
4.82431737
4.80033356
8.86372894
8.80468750
12.37821255
8.65499058
6.61751219
5.53287345
0.02197764
8.16918883
4.92748463
4.06803967
2.70100953
6.32360373
7.76624002
16.35937500
8.29687500
12.55932181
13.70581117
3.91455452
13.47220856
2.53951019
1.09570312
11.99552305
11.11551972
10.78304078
5.80513519
1.17480469
5.24609375
8.05524325
8.68844968
3.57092254
2.23767121
3.95943207
5.27689606
19.58361785
4.60477505
0.11991550
1.19116273
2.46093750
5.57421875
6.38492797
7.72183954
1.78971686
2.14648438
13.36791556
18.02482491
10.54162567
6.22611481
2.24955231
4.52754686
1.31347656
1.31302887
3.72997673
0.45650612
16.09122119
47.77734873
6.25390625
2.92395113
10.36002438
2.55643894
6.04536832
5.61429964
18.15671409
4.19055518
8.75166778
10.02701906
32.60012578
5.69088984
3.45507812
8.50768950
1.61731050
2.07857269
7.43297873
4.39469858
2.38822418
6.87589539
1.30988664
3.75521498
9.33312833
3.45503878
7.64888519
5.36738919
8.07653591
11.99593452
7.60290558
10.73091644
4.51513298
5.09424202
4.93013519
2.49218750
14.47578513
5.86812721
2.52522828
7.29642731
1.32324219
9.21532580
7.10152814
0.74267578
3.85400391
8.42811584
23.40961492
29.64864915
7.53308510
7.06278037
2.79313608
3.26326352
6.29878878
7.76562500
10.68314606
13.82979278
7.26293883
8.80224734
11.50435394
4.68750000
6.26965176
2.54923648
6.88627106
8.01216644
11.33760528
6.27908273
4.48361258
14.50602172
2.72668550
5.74218750
8.15970856
8.54073028
7.60815492
0.77681488
2.62076657
1.80802554
5.04418883
6.88114472
4.57120789
16.75333555
7.15682070
6.75077239
2.94124390
1.91807929
1.15890680
7.68302305
8.19684979
37.98894060
2.99890292
9.86718750
3.76411957
13.73771055
3.99231050
15.27095551
4.51908356
13.35758422
2.45206726
2.47355164
21.84736093
5.11239583
5.26293883
0.97599429
5.00000000
7.11328125
2.02494293
9.34171321
6.14480165
5.82118350
2.30603058
7.88858821
5.14656804
13.41393950
4.26863586
1.43949496
7.24820922
7.91194703
7.98425200
3.15262910
0.91003449
20.02835218
4.10490802
13.72823028
4.50211547
10.18750000
6.35123781
7.79463653
3.00659242
6.35847961
4.21614251
6.14412788
13.13911459
12.09606716
6.22575576
13.37500000
0.07714844
2.08894836
2.77193207
14.56972636
18.60962101
5.08907136
2.55664062
7.07332336
1.32609070
4.81986481
2.21333832
0.01794296
12.75384248
15.11759087
4.06465979
11.58337433
2.45898438
6.37532469
3.92020722
1.09606965
3.84375000
4.73828125
5.76249114
3.59561946
0.39823706
3.73953195
8.11207114
6.47656250
26.64859486
11.66362041
3.80211935
1.56462045
2.46919769
6.94327571
2.73791722
6.84536847
39.40568927
3.22115082
4.71919769
1.82987395
6.17533356
3.46887300
5.58442709
3.92684397
14.05078125
3.20361204
1.92631012
8.32222628
8.16734376
5.32529144
1.03417969
25.20698693
5.47270057
28.68171681
15.84501440
3.36096409
6.59964872
2.47021609
5.12154144
6.50781250
0.56794822
1.05058206
9.01908356
9.09761193
11.16121399
7.30216866
4.81205231
11.10554992
2.59704621
12.25373892
5.57438608
6.55859375
5.24820922
10.36152981
4.82536015
7.86294659
-0.03286847
10.37064606
4.16015625
11.17879211
5.88996627
42.56181626
1.45019531
5.04296875
5.83894836
9.37471216
14.56465979
5.23091644
14.62596410
5.57325465
4.47216797
3.76953125
3.15039062
4.89652372
3.85738253
1.71354001
11.66943484
3.65804078
0.10339355
0.59545556
5.47180518
13.49807687
5.09644614
3.12817321
2.92696199
0.52246094
8.10820369
2.90306736
7.03336547
5.61116578
6.45267731
39.82506982
3.77694038
32.02000333
13.22478667
7.33919437
14.14930450
11.49770474
13.03256870
1.99894226
5.76953125
5.90055297
1.65413453
2.39888519
14.23395169
2.46136081
14.09590481
5.70984042
14.27779144
12.07889739
9.41202571
2.82938940
22.99206450
15.43342735
7.06600288
13.02176972
2.86551972
14.79573360
2.66084995
15.55049092
7.65519725
6.28554965
14.44792996
0.31237824
4.15413453
7.19531250
3.15039062
0.65722656
1.31738281
2.76143340
0.33211305
1.02193207
12.51448360
3.84489140
9.24218750
8.35414082
4.53935283
6.88330078
2.24234985
8.85681183
3.40429688
15.57466644
6.28369016
5.92882802
9.83154920
12.40189606
17.40625000
6.47611481
4.16796875
5.75727616
0.99654892
11.28010860
7.03239140
7.20010666
9.01917220
8.46582031
2.77193207
14.52665005
12.46720523
10.63350122
40.22872229
13.38031805
4.45171320
4.36027039
4.11372894
10.74295989
11.98502438
4.14310948
8.23693817
1.18706247
17.19800864
3.72851562
7.32031250
6.40014648
2.06461547
2.65563996
2.49263519
34.96870568
2.92191932
38.52808623
20.83088166
5.70747894
14.76472961
1.25711506
2.28528424
21.57836353
26.81994349
4.14954454
19.40421321
19.97033162
8.09383865
2.97310394
0.76509613
3.65258478
3.12715979
6.54461627
10.15748005
9.20612838
6.80579454
6.61539672
13.67857796
7.31070922
1.14014793
6.01696808
7.91406250
5.59195424
6.77473779
1.16223238
3.85201019
11.79931516
1.52347933
2.22823028
0.43969789
7.28661237
9.91415115
7.93526153
5.55538120
5.69921875
4.46875000
9.35668883
3.21167054
11.47823028
7.97375333
0.90836796
5.73184619
7.21508976
3.61556405
12.95918108
5.15717975
3.10015070
26.72285794
1.59383366
8.16316711
5.77779144
7.82063719
0.37296633
4.05078125
7.82332336
9.82844471
3.68132092
1.55948914
5.02388519
3.70898438
6.49759918
14.63797319
2.83513076
8.92577128
5.38282247
24.03080231
4.09419769
0.51293945
0.31762695
11.96875000
0.01806641
1.48475558
1.43954676
3.05944232
46.28800975
2.45381870
4.68404144
11.50691711
10.07250665
4.40104499
2.07617188
1.14989424
1.64144669
6.79073028
1.74971465
6.02490359
4.35847961
29.01684508
2.65352449
23.43088764
10.54176861
23.46398521
15.39611536
8.57988142
12.28560394
4.25390625
1.30163543
7.06774933
9.22220856
0.42338043
0.52970398
6.06802970
17.56299202
11.36873227
28.66071947
8.02275376
5.45678524
0.90633366
8.26383422
1.35921265
0.36279297
9.81762633
14.09647551
26.16450023
13.66564661
1.96054410
4.92968750
6.60335328
2.39440825
5.94038786
3.89176640
4.68935949
5.41983821
7.32394835
9.63272510
3.41089428
36.27699912
5.74342752
3.02868683
9.12154144
5.12019836
2.79191101
3.97627715
0.47733613
3.04869266
4.65060726
7.87323984
7.97925864
4.12455231
3.33634461
8.67675532
6.42480718
0.17032867
8.07287567
0.70149781
9.13435727
3.89689273
8.89062500
2.98632812
17.78637633
7.16707336
3.40714539
4.34208222
12.23168883
12.02612367
9.18404144
14.13726951
36.63136635
7.07185727
6.62366260
8.06929411
4.83641955
7.05990248
0.08939699
2.24804688
15.24812057
4.29484818
1.48046875
6.80589761
30.18719533
0.92017038
4.96260528
7.33972199
2.45727228
6.82593085
6.34073914
7.37109375
1.29589844
8.24104610
4.69254765
7.64798981
3.38899158
2.31022717
1.56347656
12.69058954
0.94222296
13.62263852
4.36218417
6.23437500
5.90144524
23.53841312
0.79577792
8.54687500
6.84203790
0.45137854
6.04252106
27.66588764
0.33813165
1.24931128
9.84029144
7.71144592
15.65625000
11.46093750
2.97566711
9.47054078
0.08514404
2.08007812
5.91287678
1.30001385
1.07519531
2.37455231
3.21724457
0.00913239
1.57812500
14.08504211
0.71232117
18.24238981
3.15678011
11.24218750
6.41796875
9.10156250
2.58007812
0.00159740
12.87064606
6.34419769
0.02257782
1.07808441
2.41992188
8.99218750
0.46630859
8.60937500
4.05635528
0.77225801
5.06561891
10.16680296
2.47884032
17.02176972
0.58878601
0.74023438
3.54732269
8.16486924
5.64763076
3.26517731
2.89411293
3.85124778
3.23420767
0.95793162
2.14843750
8.56250000
3.35855829
2.50321753
4.34375000
7.72176086
4.81730164
0.13016754
9.00345856
5.33247894
1.51321951
46.33944038
2.10152316
6.22265625
4.54252106
3.18945312
1.69238281
8.39754211
6.36853058
2.59525543
8.53560394
0.07012939
11.52689606
6.16060394
0.43188477
1.00390625
5.45312500
0.34671934
6.96932070
4.70312500
6.85758422
5.99743683
6.77388519
2.94250333
3.59175753
4.54654969
1.08984375
23.93578790
9.26253546
9.34016844
17.99336824
9.62589539
0.10072846
23.51147274
2.11743351
3.79492188
4.06250000
0.01820374
8.95109039
21.10937500
0.51668024
3.75773382
0.72017426
7.99445784
25.64864915
7.16963653
1.83817597
1.52876801
13.07198028
3.66239472
2.97806793
2.80708832
10.98693817
0.85636414
7.11393063
1.85677249
4.48213653
20.87262481
6.36569391
15.14547096
7.13627106
7.79943817
6.47387633
0.74471132
4.27689606
9.80836788
2.29387411
12.75781250
1.40864833
4.24467198
1.65873199
1.27197141
6.20894503
5.38671875
3.54809508
0.09200105
0.51611328
0.12133789
9.66616800
8.10726950
7.21439606
8.61271117
5.04475953
12.87271720
15.04778481
1.90371674
19.85452904
2.66548925
4.27254211
31.53632204
26.21603944
7.37239500
4.54553192
10.20414339
3.34179688
5.42232269
0.01450348
6.03515625
0.14015686
9.12410461
7.84375000
3.91194703
3.20853668
4.96447474
8.85628546
6.43750000
2.81311004
1.88220246
0.73978668
12.66662567
12.95837433
2.04825493
1.78520057
5.34375000
4.49609375
0.01260376
0.86523438
39.70038329
9.83265624
8.62679078
3.63850953
16.37500000
2.00895141
4.76607269
4.80948914
2.53755707
0.01981598
19.13097740
2.53939217
4.67190437
4.91317708
3.42423648
2.48872894
7.38995605
0.71919769
2.94140625
14.58096853
1.28817209
3.09887633
6.64587433
2.41886414
14.64497894
0.33837891
2.41406250
5.66874114
9.82167997
9.26694370
17.67521055
3.19771332
5.40682070
10.06595856
0.00662750
3.49173981
7.31685394
2.86718750
0.77001953
4.42695099
0.16438750
1.79956117
2.00632798
8.04586471
16.83402372
20.32120789
6.78617464
1.90722656
12.64754211
2.76847351
7.10611813
4.88606937
2.87304688
4.21350067
1.97129696
12.27565159
0.91796875
1.85013824
16.97614916
3.28752271
12.02461762
3.20072418
5.36763519
9.11718750
0.27559262
8.92378878
6.30513519
7.06721798
2.02262577
5.43740387
10.79530242
2.88460328
7.53861481
13.34720856
11.93404144
2.05859375
0.96630859
5.04202904
3.54826241
1.38378906
11.45978364
49.07785460
13.60591644
4.67578125
6.63236481
5.64066185
0.21720772
3.26617701
3.76029698
1.42903314
3.04557624
3.47762024
3.71280945
8.41406250
11.34720856
1.99849457
7.21492243
2.95743462
3.33096853
4.05872672
2.57857269
32.34329732
11.16992686
12.60448970
2.49166112
8.65887695
15.90279144
0.82870196
1.40784408
13.43754059
2.33504211
2.72399933
1.89213043
9.74218750
6.55468750
6.81250000
8.25435394
9.40897613
6.02282248
4.34481272
8.44908640
4.12590536
13.67443817
10.13460328
6.98046875
1.79394531
0.27856445
11.73437500
0.05758667
1.49902344
9.91011193
1.60311225
2.89888519
8.96350067
0.01293976
2.17247258
2.38921320
3.48616578
3.15775543
3.90222075
12.34041445
6.75000000
15.41019061
46.47262189
6.96484375
10.76908356
1.67525238
17.99173981
5.84029144
0.36609582
7.45528479
5.46126219
3.19303468
1.51757812
6.88281250
8.04784907
3.43847905
2.59375000
9.11629211
2.56123061
10.93335771
10.60005707
12.37500000
4.86913564
5.27649424
2.48656915
3.52514462
7.03186502
9.64497894
6.14408356
0.48999023
1.70006172
9.32357934
2.95613586
8.19274933
22.57977782
8.92473847
4.72399933
14.12023895
18.21618683
0.58565277
15.19160794
3.50325687
12.30873108
9.44185394
5.90535461
3.95552582
32.66818485
2.57400265
9.78125000
7.65836547
4.03470856
6.98229389
5.24260084
9.46529144
0.03720093
1.39770446
4.98681516
6.43668329
4.80965647
8.45043883
2.16540558
10.98962433
22.88809868
1.77108100
1.38653700
4.84648049
5.09858600
3.20174756
6.75321255
5.92761067
0.65869141
5.29687500
0.64453125
9.87353142
11.40316046
2.23278341
5.01982158
3.31054688
9.05004322
41.79236369
2.58923371
17.05468750
3.90039062
12.27164672
0.95882203
7.66349180
3.56070673
4.71834663
3.77262079
2.58934386
6.70011414
2.07547568
1.82739694
1.25508201
6.15552194
14.32816434
7.64298648
0.80041504
0.81070797
2.67122562
4.06894075
9.38983820
5.89913120
3.92675781
4.09765625
4.47070312
7.31390183
10.30328567
0.21722256
0.30969394
3.95117188
0.11930328
2.91601562
3.42040891
0.99019503
1.04642731
3.92036957
12.70479278
0.17521211
38.32953430
10.32805629
11.45471409
3.92032867
6.20357269
3.03275543
7.86604610
0.47721562
9.36718750
0.92134613
4.16796875
5.48502438
3.45100953
3.58890902
4.82812500
22.42061060
1.07193011
5.39689273
6.02433289
18.25948028
4.56864472
4.38133644
18.34274157
5.45987478
3.88911957
5.70129986
0.79585785
8.62422761
2.98136414
3.56640625
16.89733046
14.46458777
12.94879099
7.59208222
5.79943817
6.58984375
2.65327848
2.35978335
6.55859375
14.16702904
9.61678413
2.47204621
1.47363281
9.44352172
3.75349790
6.26151706
0.73469969
16.74132647
2.93913342
1.13464511
4.78169769
1.33075999
10.79989583
3.31941711
7.04386414
3.94522884
2.82820866
11.60156250
0.04543061
8.28466423
19.45259862
7.85656583
2.92407413
6.04219636
8.82076019
3.49609375
6.55859375
4.74609375
3.31835938
2.96187223
0.84623324
3.27929688
15.95703125
0.44445801
0.67578125
0.67773438
0.04609161
0.55269379
4.11283356
6.29604832
42.22801862
5.17608778
15.33158356
0.24796539
5.13761414
0.05140167
8.51885986
1.95560699
4.94966644
8.04028258
4.54174867
17.23872894
0.66564536
3.19910073
0.85742188
8.11238586
4.49218750
7.39497894
8.64497894
8.34375000
1.07279449
11.88716644
0.02362061
3.39453125
12.29597961
9.91169105
9.70203789
4.17563083
9.46987698
9.34810394
9.90970856
4.51216644
0.21923828
2.13085938
8.79687500
5.32031250
0.11614990
18.27436725
43.59090647
10.55570589
4.03263243
4.41898714
2.75240082
15.65625000
14.51704677
4.58060948
3.03125000
12.00154477
3.79878878
11.92427582
2.47599180
0.53377382
9.36718750
6.24609375
5.41406250
0.60546875
12.88590204
3.84847296
3.07617188
32.77567099
9.40942819
18.27018063
5.33919437
10.14032745
6.03169769
16.45133422
2.86406861
13.70053122
19.13627106
2.38102172
9.84720856
10.36641511
7.62890625
0.05142212
2.75390625
10.93314606
0.32539887
9.87625444
3.29562056
10.02376281
2.88175476
11.92752272
43.44518950
11.46179853
9.99166112
6.10156250
2.64453125
6.12455231
0.57324219
8.18570922
4.77176972
3.77539062
11.86518507
7.04497118
1.36132812
4.68180297
8.17255874
5.33313829
1.89355469
5.60545878
0.57333333
20.87023272
7.65800642
22.20661791
11.26048414
1.87109375
8.90311614
10.87227449
5.33939606
14.33564717
2.69019115
5.70800532
8.52201573
12.25064938
0.78251316
9.61221853
5.07137522
0.01648956
4.25044769
7.87869460
4.90992021
3.57721964
1.95057180
1.49511719
4.33658688
3.31624141
4.15022330
4.14421785
13.07812500
5.78080231
2.14843750
16.09174757
5.38782579
2.28425837
1.73448355
2.60351562
0.41979949
1.04101562
1.92304577
5.02165669
4.95255430
34.64630832
21.13164671
3.44140625
10.94967079
13.74808622
10.62064730
10.25781250
13.07120789
10.48872894
5.53291778
8.50768950
6.44767398
2.92187500
18.78381317
15.50390625
7.65872452
3.00082169
4.37455231
8.24218750
1.42814091
7.43140957
4.49263519
10.30809325
3.33290225
10.69698028
2.57652718
7.45895500
1.70454926
16.06941711
52.25699081
25.50712876
3.91467254
4.03649933
9.53560394
15.95715301
1.16247590
1.50195312
4.60546875
0.03896713
0.66532192
1.81665226
7.43794769
0.38085938
6.69095856
6.98046875
9.39754211
6.82661957
13.36808289
19.94757536
7.61711879
4.60282690
7.65240812
15.53869442
1.45421958
1.23840924
12.46875000
0.31127930
1.01118988
11.60066711
3.46731203
4.68409574
8.19860871
2.79296875
4.60546875
1.92435699
0.02403778
1.08691406
1.70853668
2.78169769
5.67968750
1.62455231
1.76834553
7.89917553
1.31685394
1.51900238
16.42008422
10.80904144
4.42064370
16.30502216
4.49051972
2.36771388
9.49703346
3.43164062
6.44864805
2.25643007
2.73828125
0.26708984
9.01127106
7.14107269
7.15600399
9.00012300
9.55391511
3.37027704
1.75907690
6.35758422
1.73270722
1.96582031
6.40580231
0.09480805
0.88183594
1.21223875
0.46354250
11.18750000
9.80098294
1.16483738
8.47265625
10.20312500
0.11342346
9.17277039
9.94441711
0.14774598
4.91796875
5.00000000
0.01580673
8.84772496
5.82805629
56.67488586
7.98770806
30.03841312
3.29065159
1.82513428
2.17793606
6.38651706
9.05830871
4.18058289
7.21439606
5.12739584
6.62305186
9.81997784
3.86752216
5.84365138
6.90846409
17.48616578
4.91015625
0.07397461
0.01442719
12.51127106
8.24129211
6.86450133
3.23160267
0.33813165
1.24931128
7.47701019
7.31329071
15.64408356
11.65714539
18.39831450
4.04353945
6.93284575
3.20777925
1.52441406
5.58300781
6.22265625
0.02288299
1.53959137
18.89754211
8.15279144
25.07808068
4.41584580
20.23483266
4.08504211
16.71106050
0.97843445
0.90527344
3.75390625
8.64961326
5.82259530
3.40669769
4.98717421
3.38257646
2.85615747
1.12423011
3.29101562
8.48437500
3.59769559
2.07853335
4.31640625
8.13627106
4.50826019
0.11826568
5.47611481
2.01652039
1.81147662
3.55721631
11.75345856
1.55948914
18.15266844
3.01546265
1.16975953
5.02717642
3.96020944
10.36718750
2.64257812
0.77925629
2.67036957
1.40287262
4.30350178
44.47109477
1.75411043
6.94921875
3.33398438
2.94681793
1.60351562
7.01517731
6.25480164
5.92968750
3.54492188
5.12109375
0.38981078
7.35335328
4.65625000
6.84151153
6.56429078
6.03951019
3.07726895
3.83003878
3.05289734
0.73099762
23.06904810
8.83284796
9.15523161
18.57653840
16.12243683
0.64135804
22.66674369
3.46606881
3.43013519
5.01953125
0.02813721
8.53558350
20.85937500
3.62568311
10.82523424
5.76940825
12.70133422
1.26017398
5.07665891
3.59822695
6.05423981
6.40368683
8.06416778
0.80310090
9.01500998
2.03125498
4.80533688
16.53104208
7.42102362
15.49691046
7.85591644
8.07198028
5.43705231
0.73608461
3.13041168
7.86239694
1.88241411
13.26908356
1.17537290
4.48327792
1.53275543
1.43806821
6.08138187
5.55468750
3.27917387
0.15808199
0.65722656
0.15563965
9.78950023
8.24956227
6.94877106
8.85567168
5.03348847
12.87271720
15.04778481
1.90371674
19.85452904
2.66548925
4.27254211
31.53632204
24.25119569
7.11787871
4.89184508
4.85258089
5.59810394
0.02530151
6.60982269
0.16170227
8.12500000
7.26383422
3.01245179
2.96679688
2.96618434
7.90739140
7.19576019
10.94136193
2.24223182
1.93053607
12.06185062
12.07169991
5.88117908
1.51664838
5.83203125
9.29073028
0.12772676
1.67773438
23.75686282
6.62940824
9.24218750
3.44966644
15.99564606
1.67533356
4.81986481
4.28214539
2.77193207
0.00862122
19.12650045
2.49849955
4.43813941
7.46420434
6.44518950
1.66914949
4.26652039
9.90546765
18.12521165
3.86523438
4.47277925
11.83593750
3.20161957
2.30049590
6.63114472
1.90722656
2.86673981
0.18642088
2.18176363
2.33593750
5.84375000
1.29351142
4.39043328
6.51562500
4.33400264
0.52706089
2.82440610
10.28859042
0.32173613
2.71077515
6.72310394
14.37320922
10.09554078
1.58939606
0.74121094
4.09057181
3.78442819
1.17427582
9.26507869
39.70310061
7.98449800
6.50390625
4.49218750
8.43404144
5.27384087
0.27596382
3.57685021
3.83028479
2.38345939
3.41243905
4.81506317
3.87101258
7.77779144
8.40535461
2.94966644
8.46044548
3.57083888
4.19942044
4.57443040
2.06054688
23.12848543
8.06344968
19.41752106
0.86684985
11.99803192
19.43585216
5.77734375
7.17578125
1.39798981
10.53470856
12.29170435
4.02559729
0.12581785
6.41418550
5.12003103
2.94096354
2.36132812
4.15625000
7.20889074
1.25550531
3.11372894
10.41406250
4.73773494
13.45850482
1.71595079
14.13370789
10.34375000
9.54304868
3.06778868
3.44046654
8.23690381
8.26997894
6.97566711
0.35493988
2.60219381
10.58135748
3.35571476
7.62890625
18.86403868
9.19996675
4.96183289
13.38785766
18.59118683
0.60713715
15.20466977
3.54142398
13.39161371
1.97664616
6.39811281
4.18794769
6.06050961
6.10481937
1.29448216
3.09310062
6.53596299
2.05644392
8.73835993
4.93909247
0.70410156
6.41796875
0.70951324
9.05431973
0.92627078
1.45727228
4.63196143
2.76997894
5.59902995
43.09152149
3.09118683
13.87695312
4.33789062
8.65189606
0.20918793
7.23738586
18.57192349
4.67717863
8.53597296
3.18074524
9.21760860
0.60315159
10.67622894
1.02929688
4.19140625
11.00333555
4.10994570
1.31135860
3.98161015
6.83203125
2.67492520
3.12194980
15.50874225
4.53360324
6.63335881
12.72196255
18.08528812
6.36071808
5.69180713
5.66650733
5.17692265
4.62909797
6.92257867
0.68099000
9.07377106
1.83300781
4.24218750
13.02631539
7.36776817
9.16483489
5.50748781
2.74955231
7.98046875
4.15747008
2.50553468
7.37500000
13.38056904
3.14217475
6.91040226
7.49609375
3.68013519
7.18359375
3.76367188
4.28125000
4.11966700
1.66406499
4.00826019
12.93314606
0.56294769
0.74316406
0.92138672
0.03296905
0.23286957
4.15189606
15.87136415
40.42846119
10.02756537
2.25805851
9.43960571
1.82918274
2.84118683
7.49686614
4.97188386
17.67187500
0.61917747
3.50484596
0.89697266
9.45418274
5.45703125
7.77042664
7.48144531
8.94095856
1.50000000
8.40279144
11.29162567
11.41938055
7.63530695
3.32697488
9.97535239
6.16149933
7.21529144
0.37186676
1.97941101
8.35937500
4.94095856
0.09956879
22.08381206
11.66866993
3.84045379
3.07360871
10.49564606
8.16060394
7.10546875
13.89485594
9.85363863
3.27494293
1.52347684
40.36494903
11.34655917
6.27868683
7.37186614
6.59464539
3.13357990
10.15967420
3.53951019
22.80204067
7.37133976
17.51338653
5.58036347
11.04384475
5.56730164
16.72823028
2.71471728
13.54562181
19.39062500
2.90401153
10.27689606
10.97233156
6.00736481
9.12812888
5.24145944
5.02343750
3.60241107
42.62878325
10.21513408
5.97802859
6.46484375
2.94966644
5.91316711
0.68107117
8.34094083
3.79187167
4.49609375
12.31542969
7.88281250
6.75736481
4.86294659
0.71810810
22.63878990
6.24011635
22.81676654
11.02138867
1.57617188
7.82816559
12.12154144
3.99369293
13.96980275
2.63416057
5.06973931
7.83553413
7.94599624
1.22783189
1.52050781
6.66608932
4.21672318
3.11371898
3.48739583
4.10591644
7.69384641
6.32592088
5.20679521
4.39635888
4.21915337
3.96564162
13.41406250
6.04252106
2.60156250
15.85916335
5.21806626
2.23518673
1.55871932
2.20853668
0.36678039
0.84757508
1.77599319
4.58480607
2.40970856
35.13023500
21.35686613
3.52823914
10.75668770
8.64115387
10.90970856
6.58292664
9.08593750
8.67894947
5.76969858
7.52836214
3.18750000
18.89318817
14.74910461
7.92915116
2.96175919
4.41015625
8.21439606
1.49649203
7.65719968
4.71875000
6.67979057
4.47991799
16.60758422
2.94367534
3.20000110
2.28243074
10.26997894
22.95735594
7.42329677
3.54122229
14.26328712
0.80875173
1.83655252
15.22745789
0.19364379
1.08870484
6.88582336
2.76166819
8.19577016
7.17431516
6.69653258
0.80643894
2.48978668
9.06872091
13.25101839
3.98070978
1.08342115
4.69710328
5.24116911
2.63187777
3.06054688
0.35180664
10.16752106
5.26997894
6.46549313
7.86039339
9.21618683
3.02681239
2.01269780
5.72432403
2.01440492
1.79589844
6.78906250
0.07287598
0.83593750
1.82409575
0.36950777
11.07031250
10.83569149
1.92407413
7.63382093
6.90719470
1.38749114
8.66329011
5.72656250
0.91992188
2.37695312
5.50345856
0.00645065
11.18750000
9.66060394
1.24023438
1.11816406
14.90900488
3.39722739
3.64644503
3.41227172
8.48985322
4.59029144
5.64107269
5.17056627
8.41146498
4.95376441
4.50717309
4.18125666
4.70188053
1.60880430
5.00370456
13.54687500
7.82198028
6.05366911
2.86596493
0.10143950
42.15444925
12.14954454
10.24731383
13.19836768
7.57812500
14.89810284
3.58109652
2.06617021
5.06205231
9.36629211
10.45812833
7.76684757
3.60351562
12.15356383
4.76005097
5.52689606
1.32746690
1.72079177
0.09014893
1.41412523
65.50553219
8.93054853
16.82178035
15.76871454
21.49101174
2.35469636
5.91796875
2.47098349
1.08227975
3.03800476
12.94006317
2.92472351
8.62935394
7.29854278
9.84208222
3.22851562
6.74519836
6.86914062
5.41886414
3.64408356
2.18990082
8.79687500
8.98103197
4.28288342
5.18574358
1.17879959
11.36372894
8.34732658
5.52694038
0.62577363
2.16601562
7.34375000
1.72408051
6.41573059
10.36193817
8.30647828
15.36816157
3.72994237
6.77298981
4.89888519
13.01896055
0.40682070
10.60847961
1.56436697
12.98140846
1.22172152
13.86193817
9.50524933
0.05338531
1.88228363
14.71838099
5.72302526
1.10795074
5.59604583
0.09905114
0.41597504
6.71280546
0.03275668
10.23215718
8.96350067
7.76159575
6.04881317
16.48568498
8.88994126
9.20837433
8.66210938
4.24417000
-0.04690437
2.00585938
3.00317321
1.98315492
16.35937500
1.57128906
0.72953277
14.40461658
1.34387799
6.28906250
2.32092254
2.89408356
15.85484376
2.86960327
12.37500000
5.44531250
11.22220856
6.76216644
29.51479065
9.44877106
2.58337433
12.49731383
2.59068173
2.28045323
15.76953125
2.65039062
2.45703125
3.91601562
11.85591644
0.47025543
1.88130707
13.02689606
1.45650238
10.89081672
13.33370899
1.75114140
15.35273826
5.12592975
3.04476950
2.68404144
7.85591644
0.04847198
7.93660461
6.41841644
1.21671570
8.98461603
8.18530585
1.85156250
1.13867188
10.37376870
34.69410239
37.60567044
14.19954344
1.41308843
2.25195312
10.24898161
14.20023714
15.01639739
5.32780031
0.54549071
14.14798981
6.03393617
9.80212433
4.94038786
2.50988863
11.07979278
7.08894836
15.73032717
9.79841977
14.97928303
3.74919326
8.37231383
11.03584746
3.30558289
11.72233156
1.14839442
6.12492132
15.17045074
1.90188733
4.12399157
1.68404144
6.11546543
1.69027980
7.50089539
6.27689606
2.82857269
12.65359819
2.96900099
1.18794769
6.86688720
2.57451905
6.74259087
5.51912788
6.94140625
10.99645280
4.82385970
7.91796875
1.13334137
5.88236481
11.61720551
12.55879544
1.65214206
1.91238974
6.88599069
14.11873227
1.26131289
8.73270722
0.09116607
1.45259613
2.36408799
6.22575576
14.79666335
0.21460771
34.97243961
48.57939937
2.89196808
7.96862700
0.04443453
2.66992188
6.70170074
9.24129211
14.86299092
1.78980053
19.03365082
12.41227172
8.28933788
23.13367353
4.54903479
6.19787567
7.21228058
1.15865082
3.27974457
24.11260664
12.66945478
4.57536015
5.60290558
5.79988586
4.02388519
1.18794769
4.03080231
14.39192376
5.60071143
0.05455505
3.48582734
6.51908356
9.76383422
9.15869016
7.57914339
19.45035018
6.73535904
4.63940492
13.65010528
0.75846437
6.65580231
15.70641623
17.29377051
3.24216311
13.43583222
3.47505707
1.34179688
8.68440049
21.25130873
0.59696130
2.34809148
3.53334108
9.66573028
10.11897828
8.46964539
2.61132812
8.83850067
1.39835633
6.42399047
4.03909187
4.71855828
5.00736481
2.46675130
13.82055851
2.02665503
4.98168883
16.57117651
47.96228058
4.63708776
9.09489140
13.90970856
10.75691711
9.15368683
5.45703125
7.09029144
0.62011719
13.62410461
9.65359819
11.78890514
10.37870456
2.91601562
8.71952239
6.59509308
0.56107387
0.61088292
2.43509918
4.59419769
10.65625000
4.51082336
14.91312684
7.66406250
5.01953125
16.62654477
12.62128547
42.90593528
6.94250333
14.91544991
1.65091949
6.85509974
4.41007757
4.73527039
7.66644337
2.15637300
1.62302643
7.24865692
4.63415558
8.17521055
0.69388949
1.68440049
6.99768284
7.96590647
9.41780142
1.52209940
3.02091368
13.28307140
4.54611258
15.42789672
0.63606812
9.49295989
0.57198028
3.18310671
1.86283356
6.15970856
13.72401947
4.49719083
6.60046542
2.18013519
2.25345856
0.73482269
8.52162678
1.12742076
13.36437833
1.38110538
10.08312833
3.66687167
5.16108413
6.05176529
1.51493379
3.28515625
16.69877106
5.61584442
2.17171265
11.18750000
0.58691406
1.76855469
5.46240234
7.60892731
8.81505818
2.31429576
12.74462766
12.36287539
1.02140320
7.13418994
11.33846631
0.39062500
4.12109375
11.27770903
3.81359957
4.94921875
2.96093750
2.61132812
0.58349609
12.03727172
8.26501496
1.59052811
3.25879654
16.16137633
2.74881926
9.25537234
7.20178192
2.10530640
8.48604278
1.86824524
1.23164949
8.26663343
38.02795877
10.09078346
6.61763519
6.87589539
14.57461548
8.90535461
4.76496690
2.36397994
3.72550476
5.85982269
10.38281250
1.95996094
7.46875000
0.00579453
11.67129433
16.66316960
9.98247118
4.56294769
8.22656250
6.73046875
0.10935455
5.62544769
0.29730225
8.95658356
7.18013519
2.42382812
9.30716949
15.18570922
0.99300172
6.92777372
8.58158356
8.02901153
21.05883976
4.26216644
10.39109708
6.87692874
0.39872223
3.23286957
10.08670989
0.09920320
3.85156250
17.10351064
3.24389960
23.31339539
7.45548648
12.47057514
3.52641400
14.55891844
1.30143312
16.73632812
7.31616024
16.16357048
1.81519115
10.28291778
0.49393769
1.44531250
9.34411621
19.09240692
16.23913232
6.78397302
3.91236037
8.98437500
4.76607269
1.20853668
15.65625000
11.83089585
1.01416016
11.30777704
3.84456671
3.96679688
2.95658356
12.28617246
13.46976839
4.66715204
2.09745456
7.30525820
14.21093750
16.86706450
11.89074800
5.45373006
1.32699108
5.66918883
4.53784242
13.60619681
6.46802194
0.17749023
2.38085938
0.58894431
0.10038674
2.34150467
2.82821365
5.15665337
4.07035682
0.54687500
5.09631317
1.28747590
0.16577148
1.86230469
7.71670151
5.04296875
1.79394531
0.90173122
0.49377659
16.71875000
17.39143174
3.24003767
11.72288951
4.16941045
16.43110927
4.25780502
17.88973958
3.96484375
3.43208832
2.35249723
44.04610261
4.18090758
1.67293398
10.40100067
1.66638215
19.21785461
4.68013519
10.32906098
4.82031250
0.44726562
4.00781250
0.16796875
3.69075189
7.73942265
0.53759890
10.81648742
14.05558289
0.22839355
0.94677734
9.57940674
4.20613586
8.51562500
5.74308289
2.68164062
8.72505209
1.53471354
1.28027344
14.40177305
6.38012633
9.60001773
4.38370789
9.00244016
2.10888796
1.30574524
1.53853363
2.37881012
11.56357269
4.47310394
10.15911865
4.75740415
5.39856050
0.66585328
52.96991828
44.07072584
5.72251331
3.36281914
16.10937500
1.16841644
16.82018950
13.46106050
8.96260528
5.81205231
3.41044160
1.16158051
10.51755320
4.91546985
8.34387300
12.62124862
17.13033798
2.82991578
12.79166002
7.84896498
11.61864362
0.92831255
11.16752106
10.21183289
4.40234375
1.10627393
2.23487200
12.18750000
11.54101562
7.26924092
0.02177471
3.64606605
10.38135638
7.88920323
13.90173371
10.87756317
10.07360871
6.31640625
0.80224609
5.28896887
3.76510828
1.72851562
7.33369903
0.26273652
10.61029727
37.12460660
10.29073028
4.90848847
15.62031140
13.87507038
12.87064606
3.89693207
4.07332336
0.21305359
5.79252106
1.30415863
8.92948083
7.31083222
1.96822362
17.72380554
6.22310394
2.12593473
5.55615359
12.30040227
5.01946254
3.23115747
1.43681128
14.29962988
1.47079676
13.04658840
12.01151706
1.06054688
3.44258201
11.71183289
1.59949135
2.30814606
7.24934564
3.85095246
1.49735815
2.71679688
5.54341644
1.93900543
2.55769836
2.30859375
8.62756317
6.09643617
1.62011719
6.33345302
0.45040074
3.42712433
1.70996094
6.40279144
8.24283688
13.48283023
2.05387141
6.74467198
7.25691711
5.71228058
0.33886719
1.72611481
1.71138519
3.38162678
3.47294658
17.79252106
9.89408356
1.56656361
2.31999279
17.88720329
3.09139350
4.94185394
2.65083832
15.10156250
7.20178192
2.93269836
0.15059449
33.85899602
0.10143950
42.15444925
16.16549423
13.58207557
7.60982269
14.70035018
3.68570922
1.89714372
4.83984375
10.64102837
5.22127632
3.81054688
13.02164672
5.33382203
5.68314606
1.33548357
1.66447584
0.06268311
1.29389772
66.13439412
8.90581227
4.55918884
7.40833859
7.05688165
0.84526041
8.79508422
8.34798094
0.98185367
1.79349762
2.46529144
7.87129544
4.48718417
18.61808289
4.13990001
4.96708222
4.60892731
5.08638519
5.18359375
4.70340661
5.34277593
4.09183622
0.86299839
9.07031250
7.68131095
2.02767342
1.47542110
4.94690159
5.37503685
4.98787788
0.72257508
4.38716644
5.78125000
7.25541168
0.91853820
2.18884308
14.50728114
3.89310948
6.66752106
4.79341644
12.54752438
0.41683109
10.96004211
1.57991235
3.54272772
9.37935394
4.65625000
9.35746122
2.40975070
2.02884918
6.03677702
0.77268505
0.35762543
7.66481340
1.23462599
15.78017182
7.19051086
5.99039672
7.43940382
11.60348065
13.49345190
7.50614472
8.61718750
4.40749945
0.02511774
2.01171875
4.09887633
2.49833222
7.43750000
5.04630430
0.62699496
5.53906250
0.34757445
2.99625610
17.25235151
5.37623005
11.78906250
10.03344415
10.21911901
2.86267121
7.21439606
5.59765625
1.57665393
9.35152814
1.42871094
16.56225399
2.23782234
2.57248226
8.67431516
3.31701629
8.47322695
5.11156915
9.18965979
4.30603058
0.61226410
4.53812279
5.03039893
7.14978058
1.81490082
2.63085938
13.68813941
37.61264184
12.00589872
6.08695589
6.03055630
2.82580784
6.05110594
1.85860261
2.47070312
10.87833555
8.73888631
1.14787428
10.17508755
3.07100620
0.71988766
7.04719969
5.09277593
8.87552887
3.20585051
2.78678468
9.47220856
7.38928192
11.77057435
9.24116911
6.21407136
6.29377549
4.13725509
2.42968750
5.16064329
3.44905640
12.29610261
0.96158688
6.16430851
7.01037567
4.42646499
4.57487810
1.17382812
5.20425145
1.16594691
6.43448914
5.82812500
2.39648438
13.20828569
2.00460494
0.36816406
5.43333279
2.28346409
4.13659325
4.87805518
5.82031250
10.60851397
4.45886885
7.35546875
1.03177887
5.30423981
1.54972351
2.84090149
5.36027039
11.25155327
5.99468195
2.00195562
6.53039893
2.70943207
9.74385528
2.86551972
1.04003906
2.39859985
8.65022828
3.46634918
2.35396332
37.13931129
45.80164727
3.14107269
7.99686614
0.03829011
2.88041168
5.82568359
13.87707488
7.54451352
15.12524601
9.91048094
7.32904976
22.87155141
4.67167331
5.07377106
3.17081726
0.50199371
5.50390625
3.78365082
13.82775599
4.32096188
13.08911569
1.80318207
0.01277161
3.98388267
7.09078346
5.55814606
7.67744903
6.49654144
14.33934675
4.74060837
4.19767398
10.20377438
0.67899753
7.01607269
7.88724762
6.33369903
15.47835328
3.38370789
1.14701324
5.39314384
19.12293892
0.50296622
2.54018645
3.34242685
8.23002106
9.44185394
0.12805176
11.45544216
13.11832890
9.31685394
2.58789062
8.80033356
1.20996094
6.36975067
2.88243850
3.57443040
5.01472338
45.01855718
3.71614749
10.13049534
3.64888519
10.72656250
0.99951172
7.95267731
12.94775266
1.97021609
9.23091644
3.66406250
8.40958555
4.32088320
0.39123504
4.15714539
3.02974457
11.22753906
5.48693817
15.25244172
7.95658356
3.98482269
18.57889739
9.74408758
42.74545434
7.47285794
15.64188940
3.06339539
9.58271997
2.75940159
8.16329011
0.90474457
3.91361481
0.02434296
10.18754059
2.16060394
8.35156250
7.43225067
0.39660676
1.90550948
9.44978945
7.35856826
9.85774158
1.32878186
3.31087157
13.56944773
4.83696586
14.70914672
0.76936890
9.53291778
0.56807403
3.64314882
1.79589844
5.92142731
13.56683350
4.43770169
9.42212101
3.10262024
0.51017273
8.68857714
1.35304853
6.20056183
3.07421875
10.45312500
0.56542969
4.46524712
1.25545600
4.91751420
6.01257978
1.50427277
3.22310394
8.20096521
14.92647495
1.83695589
8.12935394
1.24511719
1.45214844
5.14941406
6.20658356
8.23195923
7.31100952
2.90474457
5.02990692
8.87730719
9.72791555
0.29309300
11.42418966
2.45764627
5.71830231
2.92370512
12.55826906
11.42879211
1.15368683
4.49295989
3.74186281
4.35156250
4.89274047
3.16345246
5.35591644
9.54418883
2.14554404
46.57735261
7.49145944
10.57018950
3.08215425
6.42578125
3.18945312
11.58593750
5.47562279
2.68754432
3.88566101
1.53027344
0.17993133
1.09997590
5.65625000
8.59171321
10.72273493
3.08203623
3.48197418
6.80122894
9.14701324
13.80725067
2.55798371
9.17956450
8.98181183
7.39876219
11.48327792
3.88867188
6.61673981
5.17585993
0.06555456
8.96289062
0.04691559
4.50435394
23.80879544
7.91764406
18.47094166
17.89062500
8.91998617
2.16255707
5.74430297
6.69051086
9.21199025
3.84538342
8.65602838
10.09006537
8.58939606
11.35502106
7.20792664
15.64553968
4.91260638
11.11958832
3.78125000
2.35742188
15.08158356
8.51342088
4.47481978
13.34529477
4.90470523
5.61718750
4.22220856
17.85835661
14.43070589
4.43521720
2.56494514
5.51037567
3.96407136
13.58288232
6.76131538
0.27880859
2.22851562
0.60249380
0.41862436
3.57972602
0.55813164
7.39888519
5.73571808
2.98046875
8.94531250
9.12500000
16.90928525
13.23104443
2.84404532
10.55635528
7.40022828
4.49776153
1.04467836
8.01460661
2.05179964
4.76171875
1.36988913
44.47794991
4.74015071
2.73873144
7.05379211
1.07413758
3.08203125
5.54252106
0.00938935
1.94042969
4.49128214
3.84074911
10.61291473
5.02087433
10.97831207
3.96138519
0.81103516
4.71875000
0.40966797
3.95010916
8.00907690
0.65946628
24.07539201
42.12601839
5.88836160
3.04959108
17.21618683
5.73559508
2.68086824
7.88236481
6.60021942
3.36518507
5.33102282
3.77103668
1.34749390
2.95658356
5.97310394
3.85546127
16.84038009
8.20747894
3.97070312
11.70312500
7.75366024
11.60603945
6.36495027
8.72434841
0.44947971
3.97301530
0.77645584
4.42533356
4.13627106
1.35148133
5.62890625
14.19172596
6.25509197
3.06807403
15.54520722
5.53560394
4.31628325
7.94003962
10.67187500
11.55594194
37.86939162
12.11694149
6.55688663
14.79014961
14.86707696
7.44486481
2.44966644
6.01712794
7.61303524
1.83716256
16.03445341
5.16092864
4.58573581
8.40729278
3.46725952
2.92252438
5.46374667
3.84419769
4.59195922
0.34383180
9.81111508
5.36609042
2.86328125
6.44001884
0.75476479
9.69852505
18.01005097
5.19006317
3.44401000
3.82454344
5.66532690
2.40234375
10.73033578
1.77975454
19.12422761
2.82421875
6.03560394
6.00646942
9.53995789
2.35562923
8.56889073
4.21394836
5.29732269
0.26485199
2.77298981
1.47798676
9.62568374
3.64295212
22.41316711
9.03035461
1.67609971
1.88469193
18.62292138
3.19507147
4.97399933
2.96484375
3.91707336
4.32076019
4.31640625
0.19335938
44.66323582
9.82621778
14.23335661
4.09578679
8.43045989
5.04219636
1.56347656
3.38972961
9.63716644
0.61568207
0.70084594
0.76985719
2.28861481
13.22061946
3.31604222
8.64933289
4.31250000
6.98822021
11.07543883
6.21752992
11.94583888
9.51232381
4.33089982
10.28381317
0.02847321
8.25923157
11.37845856
6.88716644
1.42675781
1.83422852
8.72749785
10.89780732
18.62756317
3.13024933
5.95535351
6.73379433
9.30214427
10.71439606
11.51216644
9.11450133
3.18086824
2.35786957
1.24414062
3.07254599
5.26534463
0.02212005
5.98091644
45.95534354
0.22629709
5.67968750
11.19893340
7.78259308
0.05637635
4.52689606
1.79564869
9.11178080
5.00000000
3.71167054
0.23107910
1.36230469
13.24706782
0.08496343
3.55663564
9.68315104
11.97310394
4.63749114
0.02260408
3.23888631
3.26261912
1.00683594
0.33467621
8.18554688
3.07909907
0.27978765
15.80859375
3.74173981
2.23449707
9.28291778
5.16674867
3.62455231
1.45650238
12.26102318
6.32816932
4.85982269
6.94832336
1.47896332
6.93314606
7.99743683
2.89310450
8.52982823
13.42211353
25.27140071
10.14763076
3.62902925
4.62154144
8.09651485
1.25407109
0.97900391
10.36193817
9.86417664
1.62837738
9.60502106
6.06314938
0.78552402
1.85734070
12.08158356
3.24849457
5.51562500
1.93457031
0.02377319
6.45658356
6.02388519
17.69006317
14.81046321
12.80997368
40.67749335
9.48128546
5.63972961
1.75166778
2.73600343
11.13191711
4.46825798
9.89547096
0.29390473
13.49462766
1.84423953
11.05033356
7.05635528
4.70190492
14.31750333
9.27189273
4.83247894
1.59082031
21.27778895
2.83947972
2.28689211
4.90296812
15.13525266
10.14331117
8.61104278
4.87601839
7.52331450
1.97428468
4.70613586
8.74820922
0.94258699
6.36283356
1.66796875
8.39050200
5.24275820
1.30859375
5.28861481
13.26216644
1.36237963
11.05375775
17.37186676
7.61417664
11.42700133
21.65364376
13.16609929
0.15942445
18.98383616
12.63058399
22.45935090
3.77644836
13.68225067
14.23437002
9.05591350
1.70943207
7.42274994
3.17923981
2.63370789
3.88191711
3.64933289
5.52298981
13.06619460
22.30099290
1.05131012
3.45125305
2.83337433
9.44185394
0.56018035
6.89062500
0.92126496
0.23339844
15.32115360
5.35853390
8.29231688
13.61645446
2.32658023
3.62064606
4.87246122
7.47519503
8.58939606
3.78995789
3.11950684
6.33548981
4.26607269
1.14729735
8.93912843
7.06640625
2.09960938
7.79296875
0.01277161
10.19956451
4.65998394
3.09241688
11.37011719
8.76281583
5.08439273
2.98632812
10.32466644
6.82567487
1.23096575
4.66406250
7.78125000
2.19140625
34.98305505
4.00669104
18.83711606
7.46720523
7.65970856
0.06813568
9.04252106
2.10201019
15.84362700
13.65112367
3.69661126
0.48100136
9.74356993
5.36340425
11.44966644
3.09765625
1.65287262
2.65189606
10.67467919
10.64074800
3.36230718
9.37935394
1.60493988
5.87890625
2.98582987
8.05017619
1.52323831
3.31624390
5.17923981
2.18509918
1.02237976
5.11930297
0.17537476
2.73242188
2.36523438
13.29943817
1.33052582
0.65958680
4.00781250
2.61957586
7.84189051
16.45747894
0.01242828
14.60502106
1.25630707
9.62064606
11.87601684
3.29581726
1.72851064
9.97205119
3.10072180
3.27912011
4.20011414
7.76668274
9.86612976
5.56595856
4.04732269
1.94824219
2.44095856
0.41573090
1.91459137
2.44380707
0.31909086
2.72668550
0.90722656
7.94095014
3.36092974
8.75781250
15.81042480
0.14567016
2.59944703
6.83581450
10.74576906
9.28560394
12.02343750
5.42931849
0.25769323
5.38582336
8.26818817
6.57198028
2.51210966
5.23357823
9.31250000
7.41202571
3.25789616
1.25931793
8.79687500
7.55814606
3.47941101
2.65039062
12.20658356
1.76704926
4.89843750
4.66996122
3.32514351
7.61622340
0.63623047
3.66567473
6.58880097
10.58683289
1.10367797
1.18831422
1.63671875
5.55078125
1.26127106
19.08270264
0.72916625
10.54085328
2.33247894
7.27644836
4.02779144
0.86128754
9.06416778
1.86551972
5.26806516
17.66463320
10.26214651
1.83986369
1.75344571
12.54724401
0.12834303
0.67626953
0.23490387
0.97420227
2.50720246
11.38960661
1.21586214
4.27319149
1.69173343
1.50284851
6.83158356
2.78169769
6.72110650
3.96008643
2.62935394
4.96972656
7.67533356
1.34074921
7.02254211
3.94230164
7.83235594
2.10905031
5.55289672
11.92366578
8.04687500
1.56506317
4.82165558
2.84375000
0.02774048
0.00839996
4.75557403
16.16931183
3.34269226
10.04687500
13.71752899
6.93554438
6.82068151
4.93912345
3.20902870
9.95926972
5.39204677
2.76347081
2.58475354
6.17041888
8.15714539
5.25345856
0.17069519
2.52494293
3.79508422
6.12679078
0.52144379
0.03295898
15.10156250
9.81506317
5.66600566
3.80905141
9.73820008
9.86795989
8.45581117
2.01188110
7.46708222
1.64746094
0.02925110
0.00533676
3.72717254
5.59855164
0.65279144
6.47029477
0.34464664
4.17614528
14.77803745
10.05814606
1.74165863
3.93164062
3.58487976
4.97119016
1.69047152
4.66406250
1.28951019
2.87214650
0.41838084
7.73002106
10.10591644
6.96004211
1.00382508
0.14461242
0.11161316
3.56986481
0.50907379
7.60245789
3.30468750
10.66406250
0.18082672
0.38667816
0.02372223
5.75044769
0.01339722
0.84619141
2.88195022
8.29440048
12.12500000
3.74414062
0.70845551
3.09029144
7.82063719
0.34269289
3.64558899
2.55965149
10.09554078
0.14725738
2.13326019
9.29687500
0.06030273
17.56656891
4.96740692
3.12259420
3.04521221
8.73860345
4.79122229
15.26985594
8.08581450
7.86731050
16.06864472
7.51953125
9.35029810
3.67468417
4.40950687
4.34720856
17.43058289
8.06685394
1.15429688
0.24247223
8.81024817
4.85424867
5.70703125
3.68220136
1.26026263
7.06685394
0.78417969
14.50345856
2.23286957
3.44681793
8.71325466
7.04431183
1.08414921
4.01033134
4.59123116
9.23828125
0.89806537
1.19206311
6.34952571
4.67055942
2.62709108
8.79496122
1.68363558
13.30122894
0.28609223
12.14062500
9.35508209
14.15869016
8.57091756
13.02071697
9.75358156
0.12117523
0.41455078
4.56616024
2.32401706
3.99910461
1.72595246
14.31237700
2.01094636
3.49112976
2.59122119
8.56067486
6.80410683
36.62277149
13.01013339
5.03067930
7.68660461
11.22847628
3.02705840
1.23518922
1.40474457
4.15189606
0.24548340
7.35396332
11.42187500
6.19486481
8.20930408
7.89661236
26.53860982
5.63086436
17.21382162
7.10795510
1.43583222
3.66601562
3.24580840
0.57019074
4.46272828
3.59525543
10.12935394
0.31945770
10.01794216
8.48641179
4.19620789
2.57767731
2.77502441
2.97505707
2.15340149
0.70987976
13.57108489
6.80391511
0.39774442
4.13386525
3.84070478
7.00629212
7.48019835
6.23181183
2.87320922
0.51298066
0.71382193
0.38106729
1.96292997
7.64689273
8.31595856
6.68171432
5.03174202
0.73629128
2.80708832
5.32857269
3.10875998
0.48254862
6.58760528
4.30081561
2.99243849
5.79764739
16.51248117
42.81420213
9.82621778
14.23335661
4.09578679
3.34179688
7.42789672
8.27868683
0.64302582
1.03010860
0.65934452
1.57474762
12.80512523
1.05274434
11.52665005
3.11067874
8.03649933
5.58158356
7.47475189
10.63448028
6.71272828
11.28006428
4.51725842
9.80200133
0.06372133
8.00611877
11.08939606
7.46138519
1.51074219
1.98291016
8.58866332
11.16072633
10.63655142
5.01188608
9.67987922
6.93253103
0.95310061
13.60668883
11.53829011
8.41227172
8.26395722
3.78971188
5.48327792
1.27681488
5.60937500
47.73219527
0.07053911
7.24564606
13.31453430
5.37890625
0.01055939
3.41210938
1.74316406
0.00657654
4.84378186
6.66594193
4.92679964
0.53027344
2.96679688
12.56738032
0.05371343
3.86864861
5.78520057
10.95747894
10.46875000
4.14619903
0.00547334
2.84973145
2.80859375
1.12890625
0.43334961
7.71634918
2.68933012
0.07100527
0.90185547
0.66308594
0.01088715
3.49414062
3.20312500
20.18750000
3.24023438
10.31917110
5.02067265
3.46561614
2.69604554
14.27306599
23.66573028
2.70496010
2.99996066
2.97054078
10.78946587
1.22855995
0.70507812
6.25560838
0.66040724
8.55273438
1.88049285
8.69620789
2.22326629
2.03108765
9.71439606
3.05122894
5.08203125
3.02539062
0.01820374
6.83158356
6.87154144
11.43660461
4.13326019
6.35326089
40.13648271
9.55416112
3.64558899
1.73417082
2.53723238
11.85502106
4.88488365
4.18152260
1.35253906
12.76896055
2.20564882
7.96919769
10.56595856
9.02587766
0.73970675
5.72102488
8.87011968
4.01953125
0.57812500
22.13618677
2.93050421
2.57696771
5.20723242
15.61950466
6.37780917
9.06416778
5.22758089
7.21427305
6.60514406
4.54252106
3.69311337
0.69592503
4.60546875
0.92138672
7.04581228
4.86043772
0.61132812
3.01713043
5.20703125
0.98514084
10.83167220
14.44490539
7.66540558
12.08325133
21.19888908
19.66288674
0.17570039
23.99592642
5.59196420
19.56294769
4.11673981
4.77298981
6.05931558
5.36678886
0.43432617
3.74446282
6.79769171
0.73323609
4.87845856
7.09939274
8.48162012
8.99487367
5.53784242
1.67988576
9.92716866
4.70414339
14.80101729
4.67554521
8.01830120
2.23214649
7.66796875
5.62365692
4.53649933
1.89453125
3.79492188
4.88671875
7.96439606
3.28560394
27.48016845
5.29180296
12.11576449
7.06205231
8.86372894
3.87109375
4.73091644
11.08593750
10.43481383
5.65502992
0.02914429
6.34720856
6.11241772
19.67004986
3.10522772
4.98091644
2.29447418
11.33158356
2.10441101
6.14094969
0.47428468
3.54101562
2.80273438
9.15189606
5.20825133
1.10762605
5.34394172
8.31576684
3.13362423
9.95389739
0.43196905
9.07031250
15.64575133
9.91495789
13.73033578
7.73239250
11.27406694
6.56968306
5.38236481
20.77103668
14.08520196
7.37715979
6.79687500
11.24475067
8.62589539
10.76167443
1.99117409
11.65247810
2.98694813
12.78289795
0.43778473
3.32857269
7.86539672
1.44417359
15.37500000
7.77635971
0.44780197
3.19380707
10.96785461
9.12935394
10.24462766
4.79443484
1.24849457
8.65189606
8.15625000
2.70943207
3.09960938
10.20312500
0.68998199
4.56294769
6.15929522
3.95662290
6.98369126
0.88623047
3.61901014
7.87867021
6.04687500
1.37198914
4.37154144
6.97656250
23.74121094
4.92700133
7.53304078
3.85831726
4.87890625
0.06204224
4.81205231
3.12544769
10.94698028
17.11551972
15.64398938
-2.80023938
10.12612209
2.26114805
1.16780890
1.62019836
11.11027039
5.78906250
5.34631317
8.42712433
3.84029144
12.29943817
0.21927918
2.17427582
7.65274712
10.17391304
5.56250000
8.37304688
9.70133422
9.55212433
1.51721160
6.20491578
1.39257812
0.02848816
0.00959778
4.44307403
2.64676972
0.64160156
5.29463653
0.33451387
2.22676419
15.21976839
6.64286347
1.16113281
4.53515625
2.98677582
4.74084442
6.61417664
8.10156250
2.15083832
2.02375222
1.88249778
6.24564606
4.90010528
8.40458222
0.16674805
7.04296875
10.11283356
5.51338653
3.35953735
0.20223086
3.27558608
7.30746232
4.35412567
1.86551972
2.53666168
8.50768950
0.67391054
3.80619293
2.32393340
8.04520722
1.36523438
4.05904144
11.63972961
0.16923035
17.45633941
5.18334774
4.64558400
2.14417220
11.12027704
7.85974401
19.10021942
7.73872894
0.91170102
10.62089206
11.32877438
7.25736481
1.77909519
3.63683677
4.35339760
11.78125000
1.05777579
1.14974374
5.70869903
1.99246973
14.08720190
12.73339844
15.12037384
8.53906250
4.78649933
10.74462766
11.32478945
3.96655087
10.30431849
2.49910959
7.80513519
11.44213431
1.40898049
8.25781250
6.00826019
11.12918662
37.68197030
2.92618836
4.08927305
9.35323028
9.61218417
2.41182403
0.76586976
1.52148438
3.02148438
0.79394531
36.28067930
4.65246675
17.42362083
9.71598702
0.88806121
4.04870512
1.20707308
3.36523438
2.97477172
0.48966492
3.49353058
3.02254211
9.39152039
0.30529754
8.86649380
7.24243351
4.24788453
2.85546875
2.62308746
2.77734375
8.88448028
9.18583222
0.81510064
2.92939218
2.29151761
7.69742797
3.95581117
5.07076019
3.29357879
0.37654664
0.21391660
0.19352359
1.15242368
33.03135307
0.02254211
6.74698914
0.28588867
12.13537567
0.36096223
1.70800781
10.32254028
18.47611481
8.98233821
9.68929078
10.66585328
0.63517398
1.57271332
5.38972961
14.60863697
1.14811779
7.78906250
1.23983712
2.25375387
2.04134032
10.70670656
4.47387633
2.26777981
6.29679632
6.41177970
16.00305518
2.21362367
8.25781250
2.12349457
6.87695312
15.40616135
0.13196517
2.16255707
1.77982574
4.18013519
10.34798094
4.86206117
0.78979430
3.38745179
3.77628601
4.03426086
1.38468445
3.47070312
7.82153258
0.14261933
0.54292816
10.16406250
1.95276148
7.99273381
14.78214539
2.24263519
11.61283356
6.27436725
0.32276014
2.76472961
0.22261566
11.98098391
3.02829343
5.86629211
8.12438996
8.80277372
19.66694537
17.75381760
1.79465148
7.71484375
12.32556183
12.15881317
0.62731965
3.93164062
4.43247986
6.59541778
2.37368629
10.67245567
15.33695589
11.97298094
9.88549867
10.23091644
0.08241791
0.31237762
6.79073028
0.06156496
2.46479569
3.11336990
19.42382812
5.94576019
5.83203125
0.77197266
0.66601562
0.00946045
0.00026512
0.18315488
41.30991244
4.55033356
11.34887633
10.36014739
2.85693484
6.89933289
9.83837766
13.56377673
15.16221743
0.19618101
9.30273438
20.91190271
2.90796210
12.06355275
7.48678080
12.96121787
7.41032358
8.09666224
6.00054631
15.87198914
0.48807770
11.28971188
9.40995456
0.16748047
0.64896637
9.21601701
2.25220412
7.10099180
6.14119570
6.46484375
4.58146055
10.76139406
2.25089539
7.12890625
0.24597168
0.00627899
10.86450133
6.20991911
6.63261081
6.12109375
0.90966797
13.15250485
23.49265406
6.47890512
18.75406361
6.31624889
46.95703125
9.99957275
7.23940178
1.54062721
8.27712618
12.45240691
5.54597961
17.43058289
4.70402039
17.72208555
9.45760195
25.28176142
12.78663854
13.12504059
3.49084442
8.32620623
5.63021498
9.38716644
1.23453735
1.89595551
3.92321808
6.06205231
0.66939301
12.58540458
6.07951241
0.25386566
6.41361481
8.35982269
6.15234375
2.39383381
19.96935309
18.36987367
3.28902316
5.62768617
21.46830231
5.05981383
2.99576906
2.43408079
6.58349734
0.94038910
7.37500000
0.94677734
0.20202637
0.51123047
0.16862851
1.81486148
2.41294227
3.74065270
5.76953125
0.53872609
0.03331513
0.21427336
1.32539949
0.48050871
3.57210328
9.37666778
10.46362367
6.50256317
0.61653687
9.02600067
2.44124390
8.21427305
0.57971285
9.00781250
4.22025543
3.08112589
-0.03433206
2.25520158
2.56425642
10.26025266
14.45068484
10.68314606
1.90669769
1.09960938
2.40791778
2.66825410
11.01562500
5.13627106
2.76472961
3.09899933
7.04296875
0.36938477
5.42834442
0.59558137
2.21289062
6.46914340
1.88587765
9.21138519
7.65234375
3.71093750
3.55273438
2.34765625
3.12577239
2.63159242
1.44576019
12.15630605
4.84977172
2.32613253
2.55565659
2.30176529
8.50512633
10.05301972
7.31302638
7.74601507
1.19824219
1.21492492
10.46081450
3.80871675
0.23307312
12.06250000
3.55859375
12.70087157
10.29013519
19.26896688
5.54155010
10.25345856
10.06941711
2.75016235
1.58614168
6.26729278
1.02026429
11.92935912
11.17321808
14.79589844
10.36104278
6.67288343
0.46660267
9.15962738
1.96244293
3.37935394
10.57880874
7.39775376
5.64017731
20.98827128
1.03321309
2.29988586
6.75524933
9.84708555
10.75012300
1.95083161
14.70057625
12.79390464
5.37890625
7.67142731
34.73546460
7.18783466
38.16141069
25.69796431
6.92187500
3.98091644
27.62483392
9.88281250
3.92838874
21.50927734
11.45658356
0.64208984
1.14497894
8.84415337
11.00997229
2.17472351
9.68404144
1.02171771
4.02949358
2.51632369
1.17915863
4.86088043
4.82031250
2.11718750
12.51127106
1.56197113
5.05947917
24.37431626
9.91626163
3.24324524
5.58638519
0.35205078
4.22098349
4.15596963
9.25769181
8.95942709
5.92851174
4.39810783
11.08272495
12.57926640
4.96362367
41.69262633
2.27343750
1.87377992
17.68562805
1.80598875
0.52498476
12.53714872
6.05134198
2.65174368
24.90826934
16.33578014
18.81600911
7.77689606
0.23209656
0.85156250
16.98693817
1.72452820
3.87247618
0.96248476
10.16145813
13.53071366
6.14470170
11.65791778
9.04162567
1.53536043
17.13627106
0.23258484
4.29207336
6.84855164
9.62845856
8.17968750
16.47814163
9.43592087
8.21093750
7.60089318
12.07444037
0.93839539
0.31839996
12.80289672
16.87689634
3.17709995
11.86539672
4.39863919
1.69360538
10.68839539
1.95845551
0.74462891
12.90189606
8.05379211
9.32673759
0.76542581
44.66552361
34.22233405
20.45970745
0.30042470
33.84589983
6.69361037
0.92822266
25.59798094
14.74438165
1.41740303
25.87500000
6.26367188
4.82031250
1.65677887
11.60579344
0.73986910
6.51732713
40.21436170
5.53348847
5.40279144
5.55423981
12.31160461
0.77775086
3.18933012
1.51717226
1.12890625
3.01467532
28.10864943
2.59790724
16.06945147
10.53068678
18.56762633
1.52852449
6.03892953
0.45761192
11.91601064
1.49906402
8.08915171
1.41255707
18.14908688
2.62446677
7.37317486
4.46606383
10.95991911
0.41670933
7.25699579
14.76716977
5.22607048
13.19568151
3.69934175
7.10775155
2.29732269
14.10024380
2.28602725
5.23917664
7.12967864
21.26306183
3.71695424
5.24727947
1.72867797
3.23527039
4.85464706
3.58468431
9.15612700
1.17854610
0.58183081
4.86718750
2.07490498
5.24638408
7.92968750
0.01547104
6.78906250
4.90199912
1.76356881
7.98738586
3.65413453
1.64257812
8.00353724
3.11169714
1.44388824
7.58593750
2.46747625
5.11218417
5.11732047
7.52298981
0.55908203
13.90625000
7.00000000
3.59752328
2.05331504
8.81852172
4.48225953
7.53010860
1.84879765
5.85111481
3.93164062
48.43223322
12.27052526
1.22737672
9.19095856
15.48453735
2.84403535
6.15490692
7.52433289
14.49564606
30.20658356
8.79317044
1.70231327
1.72167969
9.20047319
6.88501662
24.17137572
7.90637300
9.30725067
2.31384308
13.93310547
6.14416473
2.28995789
3.88085938
3.34480774
6.34118683
4.87622008
1.58471742
2.75931793
5.79930519
5.14600731
7.01082336
5.18342642
8.38383089
10.64880651
6.35725953
4.79130097
4.97867797
0.37768555
12.22745789
7.67622894
6.47025045
5.09180186
12.57617188
1.96138519
16.33325133
25.07908910
0.10674312
4.87756317
5.09989472
31.44531250
7.92354278
13.62577239
7.95654421
6.07332336
2.41467254
1.34163453
16.18135528
4.06127992
27.08538566
11.78961434
7.62019836
6.74739251
1.31555518
13.59712489
12.05761968
0.12213135
7.18660461
10.58255513
8.25330119
12.33850067
2.02478058
12.76367188
5.44531250
6.85937500
2.97460938
16.24820922
9.93493683
17.66060394
20.50231716
12.15042514
2.59883699
6.87064606
1.17805221
1.88859818
8.78125000
0.36250824
10.65970856
8.98437500
7.49063838
2.24854886
7.90669769
7.25781250
0.30936676
1.74849457
7.01517731
7.58495346
36.71488807
13.11076241
30.29260036
7.32478945
10.09822695
1.24947113
0.76078277
14.03906250
6.71093750
33.17187375
6.38427859
0.64160156
1.71138519
10.03949960
9.49789450
3.11568207
6.60579344
12.15983156
4.57421875
9.32198028
4.65347767
3.31653424
10.99820922
6.73616578
24.71512848
11.80456450
1.11181516
2.66219304
11.60579344
10.35123781
6.16361481
9.52343750
29.40958555
4.28475039
13.45259613
6.81479722
0.91371841
6.63220844
2.30187833
2.24406194
9.63537567
0.11722933
5.71056849
4.10974401
1.52842992
7.08664117
10.05814606
3.54520722
3.18164062
2.25630707
6.14798981
1.70312500
2.12740082
4.19140625
0.12432861
8.19843889
13.75395057
20.62866522
18.32608821
0.23812077
0.36694336
9.62164608
8.67370014
1.93681626
10.20312500
0.53027344
5.60302734
16.59260860
43.93705231
4.65612700
1.57841284
1.90474457
4.19486481
11.83068817
5.10681183
4.51904297
0.98201477
6.67277039
4.18391844
0.34366945
3.57329189
6.91991244
1.35432984
0.62349457
4.24955231
1.81490082
25.77493047
4.28189938
4.16341312
12.29418883
3.21752992
0.32722961
0.32560969
1.74300421
4.94140625
2.07617188
4.28125000
15.68663897
9.43836103
6.93505859
8.60156250
5.16015625
10.06640625
6.70552084
-0.00288412
1.95019531
1.19441711
1.53173704
5.56876773
15.58808733
2.50761580
9.35143950
3.26530031
0.70519739
4.80550421
2.20312500
6.99955231
0.14021820
0.45214844
3.89062500
3.93367788
2.92550088
2.62394226
3.19771332
4.29028258
3.45764129
1.82869570
0.86230469
2.87988032
4.33060948
10.33443207
1.85253906
8.35937500
10.14680408
0.84786541
3.51037567
0.47493531
11.19339124
2.98877825
4.42578125
7.04732269
7.38793883
12.71618683
15.47399933
13.14139739
3.31563386
12.21695922
9.43037124
0.59192736
1.09375000
5.99609375
1.29045556
4.04858710
11.34720856
8.55033356
0.72550476
1.42089844
0.02052307
0.00121117
0.21081875
30.43494846
1.59187805
3.26607269
10.81327239
12.36079677
2.97302526
5.03169769
11.70031583
15.45629821
22.63263552
15.69108156
2.30932679
9.12756317
9.53319814
7.48678080
11.93867576
6.64229776
10.12204788
6.67828567
11.34720856
14.90152704
10.23563940
0.40087891
0.68013519
9.48119681
2.95044381
6.75122008
5.36942597
5.64107269
6.04284575
9.65112367
4.63415558
10.21004211
4.28605164
14.23246122
7.34875333
0.58675421
1.41406250
10.98632812
2.11283356
4.12935394
5.64453125
10.33504211
10.94576019
12.61055449
3.85815492
1.80419922
2.64257812
2.17007799
3.39974623
14.56160461
1.24670379
2.43973847
4.92968750
10.82287567
0.83825715
15.14457059
2.50386691
4.66015625
9.82226562
7.24218750
5.37576740
19.86147713
11.73514739
2.45231327
5.32902039
19.10367797
8.90970856
1.99682679
1.96524961
5.62512300
1.04146332
7.28515625
0.99951172
0.20849609
0.03044128
0.17773282
1.83093417
2.33903150
4.88782579
13.07543883
1.59044022
0.54370179
0.73258235
2.72709386
0.66174098
5.11832890
3.54943817
10.25435394
5.66743988
3.80392953
-0.06910684
3.64411480
3.02946919
10.97989805
1.44454011
7.11071808
2.42232269
1.05957031
2.03621399
1.75968445
1.16796875
11.84161559
4.59118683
2.94124390
0.58776700
6.64298648
12.27689606
7.45844803
3.81393173
12.04854278
10.89587433
12.11335993
8.29289007
2.36612976
1.89949524
9.95479278
1.24202515
0.28039582
8.08939606
2.39888519
10.75612977
10.11813718
21.20838129
3.94344429
11.13972961
7.30814606
3.23771055
1.20210910
6.07966977
1.32417941
12.41111480
11.63859070
14.70943207
10.42443817
5.79755874
0.46114915
9.22408051
1.61185699
3.29146332
10.41474624
4.11605607
6.33789062
7.62890625
8.31685394
2.01367188
15.33850067
0.74479125
32.46511664
1.93938441
12.96439606
5.81685394
2.01367188
1.21191406
8.46801384
12.54777039
2.06600288
19.77563477
11.19531250
0.32820617
1.23917664
11.74222186
5.75855053
3.64021665
5.77067265
1.96822113
6.36328125
0.07021057
19.84981106
0.64229527
18.08504211
8.78755707
0.62300629
0.57470703
13.44531250
0.04273468
2.22720939
2.65507424
2.76562500
4.75047956
3.85010638
12.74731383
4.70926972
11.82198028
9.96960107
24.48128546
9.93558871
2.30696532
7.22623781
0.33422852
3.47932237
3.17302138
7.75465112
11.32185727
6.04142398
10.22259199
10.44520943
18.60551307
6.60034242
38.88358489
2.71289062
2.62601839
14.36869231
10.01618573
14.84325798
2.56076351
28.23908550
16.77501663
23.22103280
4.11980496
18.52168513
10.47257259
19.42450418
6.54475953
0.27225738
4.39017731
3.31730164
19.19877106
0.47948907
11.20670656
8.08662124
11.30168661
2.38761414
0.39038086
15.07018950
11.88923728
4.51803080
10.27600067
5.51896055
1.96346132
14.58593750
7.48527039
10.87951131
0.51937389
17.64318817
8.36364528
39.84134918
41.28591867
2.09111812
37.61368711
9.77791445
3.43990082
23.22863365
11.59940271
4.21582779
27.96093750
6.10278258
6.16630097
3.52209442
7.11853058
2.17862976
9.68814440
19.64648936
17.93685062
16.78381317
3.78649933
3.08214927
1.69910073
17.78588431
0.76859964
15.46289062
34.87109375
1.08308899
6.96048981
7.29825244
5.86279920
10.31525488
3.58427969
4.06620456
9.25244016
14.40714539
2.52571532
2.83980441
17.40368683
3.24869626
5.95727726
1.22139434
4.07600953
2.66990318
2.91452889
9.05354610
1.25980497
0.53239265
4.01997894
1.11132812
4.15189606
1.19502715
0.89868226
3.44681793
-0.00398498
13.80635528
5.71791834
1.94748725
7.44051086
4.26741578
1.43457031
8.13199579
3.98865026
1.56099457
9.05814606
2.49646795
7.92091090
7.58984375
6.32897607
8.68965979
2.57511414
11.76105940
2.30534685
5.70703125
3.80769836
11.44889344
6.54365249
8.16671431
8.01920656
0.60957793
13.41149933
9.45043883
0.36169527
41.02695729
15.59108377
10.83862367
7.17277039
5.11283356
12.45698693
0.62398659
3.00390625
8.45193928
12.56759197
6.20166016
2.03434203
1.32698609
14.67354278
30.34464539
8.07999446
2.65421819
2.61132812
11.13752051
6.50460992
25.03163573
7.22668550
10.58158356
2.24458832
13.37304688
8.66979949
4.72355164
3.05228668
8.25000000
1.93155945
7.60619681
10.04320479
1.30823969
4.34419769
1.52193207
11.11055076
0.66386331
2.38716644
11.95552084
9.71004211
10.87817819
9.54943817
8.11897828
3.92293274
0.54825867
4.43404144
9.41841644
8.10375665
2.86483100
1.40820312
15.90229943
4.99133643
14.19722504
10.16752106
3.41556793
3.35245789
10.18737700
24.12865027
4.24647273
28.16451019
5.49564606
15.48771055
8.71248476
3.02388519
2.48604278
1.81083222
7.99137079
1.13806433
29.57031250
7.67187500
12.39843750
9.34952571
1.10990636
11.40869016
1.27783328
7.52343750
5.64843750
6.78035461
1.13077820
8.58850067
8.02119155
7.45769060
11.06941711
1.71280945
8.21093750
6.09330231
5.07857269
1.03906250
14.03291778
4.35591644
14.43493683
17.87197917
10.02533587
0.99080507
5.83984375
1.16690167
2.44910571
6.83203125
0.59615082
1.95853668
9.11372894
7.41158528
1.05994182
7.99564606
6.75211547
0.96317597
1.75097656
7.08850067
6.39847310
21.27689606
6.18343639
4.34362700
12.07389406
8.22310394
18.38692044
9.22566711
5.30928745
0.63964844
2.96919769
10.41606607
12.71229055
5.38761414
8.42264739
3.66959718
4.45658356
7.86193817
6.97212489
4.54634862
10.96439606
7.90759308
11.33398438
7.46048981
0.87561004
2.86507203
7.36315825
13.80444149
20.01404089
20.47341867
0.73361258
0.66752106
15.06254910
7.35973405
2.27678302
10.10937500
1.46236176
7.76464844
16.66739805
31.66877549
5.72453568
1.14859985
2.51530031
7.65433622
1.31892758
0.46964788
1.40384918
2.43644226
4.46093750
14.96004211
3.59452239
0.35925386
3.04642731
4.55814606
21.64993296
0.10143950
5.48449800
8.57377106
1.75850371
6.97143617
0.08715820
0.31473723
11.31758699
2.50781250
6.83593750
8.01908356
0.16081757
6.66796875
0.31811523
13.31187159
3.43005651
15.72422541
2.18916778
3.32879432
4.49218750
7.98392731
3.30507841
4.34929964
10.83874543
6.63759420
1.57529642
4.93281380
3.21567043
9.99740839
1.38334386
17.39062500
3.37784851
2.67232269
15.19824219
7.88281250
8.73783356
13.57812500
7.61783688
7.77714206
2.26757812
13.05200133
12.94673427
6.18331475
2.97347296
0.66556793
5.38326019
10.52254211
10.05952350
4.40397717
3.13700410
12.79162567
7.83292664
8.55122894
1.03027344
14.25702765
10.95639184
4.00435394
5.19518950
2.92785738
1.94042969
3.38688110
2.53108765
6.74609375
1.87109375
14.55273438
6.58158356
0.82124848
4.27298981
9.30904144
3.37890625
9.98437500
0.04049683
5.69877106
11.48437500
1.08443207
5.48437500
7.94429411
3.86385195
3.97025543
3.44034851
9.17187500
1.59773742
1.67960633
12.37410461
1.58532497
3.60014073
0.09368896
1.39184134
0.82056100
1.87207031
3.92397240
9.59441932
0.08646668
5.46875000
0.12188721
14.80635528
18.87626191
15.15087766
6.39209109
1.82953929
1.30229665
9.12642177
7.38920323
4.65489196
6.72596741
4.46048981
7.40669769
0.25659180
13.89929199
0.17590332
0.09375000
11.88358489
0.31201234
2.54146332
4.01127106
5.06986481
10.38370789
7.78080231
14.76928711
7.67113697
3.30782635
9.41406250
3.71634918
7.35579344
0.34021090
10.92533356
0.06921387
13.17931849
8.78282663
2.97873226
11.16357266
1.84423953
7.95837433
1.33797180
0.89542664
2.84960938
4.26826685
6.81376440
4.88582336
4.18404144
5.11763519
3.95856605
3.00928856
5.91105164
7.96817930
6.97643950
8.24678745
3.92578125
7.24001774
0.56369320
8.08294106
7.02163230
2.29536957
7.43794769
1.20117188
5.88492797
1.66097047
11.60668135
5.75790115
5.63594636
0.45601410
1.68359375
3.71875000
0.03631592
9.38448028
3.53934785
1.74414062
10.18750000
4.45312500
5.81986481
0.78918301
0.74739749
6.46875000
6.96019698
9.85523271
2.16140747
1.69042969
7.74955231
7.85445036
6.68896609
0.44726562
2.50195312
3.60896665
1.51603335
9.80468750
1.54650848
0.46008332
13.23424701
3.30827404
8.16406250
4.22912567
1.82706726
11.07031250
23.75634641
20.45564384
3.98706117
10.12996897
10.48514739
9.58516511
10.01127106
0.05806488
8.89229278
22.23445617
8.74654144
10.88525266
8.68685062
4.84464539
8.76908356
7.02343750
1.56001801
13.40396720
7.01790780
5.43705231
12.86840820
4.66336880
10.85616245
6.46484375
12.16406250
9.54687500
3.78392869
7.59550642
1.25480164
0.24462891
9.40958555
4.39465425
18.71650156
7.72828208
13.19526818
44.70483710
2.00374390
12.79613697
4.71020944
6.34041445
0.50878906
3.21032746
17.78409353
5.51233377
7.15279144
13.26406029
7.40781471
16.45214096
8.23613142
8.71362367
4.26159575
0.12605898
26.17430519
5.15503989
3.39448693
2.85775155
8.64062500
9.13972961
7.02087433
6.27443420
13.80468750
2.06730164
9.29597961
3.59615082
0.27343750
7.47701019
8.94180214
5.83171653
6.80948914
9.31404602
2.11568207
10.87756317
6.21618683
7.52343750
3.66361481
5.67508755
0.32531956
9.42145668
17.30323138
6.67354278
16.03100897
15.22387633
3.59765625
1.34049313
0.72046085
21.83247894
2.84419769
19.27567099
3.21463708
11.70935837
3.97599180
3.62304688
9.31172761
5.43362811
26.87747701
3.83664117
19.76936766
4.51485261
10.80033356
2.75044769
16.60863697
2.87769115
18.01896055
3.99231050
15.99641844
7.50057070
0.14530426
6.45267731
2.05318207
3.35786957
5.96305297
4.50524933
12.00511636
3.27511524
10.25883089
8.29687500
0.16271973
15.39107269
2.50150543
0.48244232
10.96332337
0.71005706
3.36071310
6.50496897
8.86283356
2.32857269
1.95800781
4.94787567
0.62438996
10.65180741
7.53569259
19.84529477
10.17814273
9.79687500
3.34765625
7.82242797
1.38265015
29.81652832
1.93750000
9.19608489
9.43672761
0.06579284
10.64632203
0.49507660
8.77709961
0.34456359
6.18705231
1.87927277
0.72558594
9.62231383
4.66630097
2.47115082
11.90519164
2.27522080
11.48881759
6.45357269
4.28906250
6.12500000
0.13696289
1.77246094
5.61149047
11.29085328
1.86425781
0.01329803
12.18142399
1.81662289
6.45661542
2.80412677
13.90510860
8.99332890
0.03573608
1.18509918
11.20902372
1.02677554
1.64746094
0.88606688
13.91674867
13.34798094
11.37206782
1.72961768
11.48233821
2.68021886
17.74641844
2.01412019
7.93013519
0.75248199
6.65669769
0.58447266
8.27689606
2.71138519
9.81250000
1.81054688
0.83125450
2.23637245
1.27343750
0.76025391
1.69986501
2.73063608
3.81730164
13.60156250
5.89318817
18.87638243
2.31050753
1.82128906
5.69272940
1.17205728
0.30952973
18.51460754
4.07706726
10.99218750
4.37410461
11.96638354
7.26994459
0.76554383
8.16662567
5.64196808
5.72611481
11.08581450
2.05322141
23.11193817
18.01855718
4.28906250
3.50736481
9.29854278
3.56713929
7.25736481
5.40519226
7.12455231
6.99910461
13.05366911
1.77783328
4.73469969
4.71984957
9.09810394
5.81640625
4.87500000
4.08984375
13.86400931
5.02616799
2.08861993
2.68575354
8.01472961
7.13570036
3.55810671
2.97896332
15.54394282
9.40921654
2.91012189
11.35175920
6.66146498
4.04732269
2.98933899
0.30973328
9.21093750
4.35546875
13.59439938
1.39485843
1.58886719
17.75979173
5.26106937
6.64392619
0.40144836
12.21964539
0.47615477
6.65547761
10.64485594
0.81701754
2.57445978
45.06665351
5.50378325
15.47668550
5.95658356
15.80175781
33.86629211
15.32735199
16.64534484
11.98797639
0.21468109
0.94482422
10.72224727
0.55875859
6.55814606
6.55859375
10.56225399
0.42016788
6.97715759
8.43344636
0.07165527
1.74466949
9.98437500
15.86962766
6.50972628
3.60156250
7.78771942
48.83206561
5.93490248
9.98258422
4.34658574
17.16976950
7.76326352
20.39246010
8.64408356
7.21785461
10.86027039
0.57564301
1.82031250
7.97265625
0.88623047
0.01371055
7.06294769
5.60847961
1.15482574
5.49698914
5.49564606
12.53035461
9.92712433
15.71284630
3.91532690
3.98360261
0.10245727
0.83540863
20.72530059
18.79508422
0.90673953
1.38496731
3.68326906
25.82043550
8.57629395
6.21484375
1.93119293
5.18013519
8.14843750
0.86523438
21.41947418
2.86420103
5.02251772
5.18916778
1.38212129
4.37455231
6.11417664
3.08548981
9.05814606
11.79192710
3.19608987
18.13677749
11.91216865
5.00606604
10.33516511
5.26171875
12.24218750
13.06595856
4.37801086
10.91438719
6.99861259
11.91300975
0.27449492
0.20023652
13.52343750
14.26667775
7.93990580
12.74778591
10.04294436
9.59025086
0.43953492
0.56933594
32.55349181
4.26682069
9.69877106
0.06127930
24.67655364
6.96472075
3.78796542
12.56843307
9.31258865
5.12801086
3.49727449
3.66406250
13.65986872
4.45304632
1.93164062
5.55501219
1.68078707
11.40039062
4.36283356
21.12219083
6.90950687
0.64550781
2.76908356
2.66406250
7.64062500
5.60591644
2.06640625
14.60225371
3.11733738
8.21355496
8.37666778
8.39331117
12.50248199
3.03462489
7.78764073
10.38960661
3.84716921
3.58984375
0.01769501
2.75826019
4.28290781
6.10237921
11.89152039
6.75834884
0.28466797
1.68370367
2.93128656
0.96289062
0.66560665
7.84650737
0.10143950
5.48449800
8.57377106
1.75850371
6.97143617
0.08715820
0.31473723
11.31758699
2.50781250
6.83593750
8.01908356
0.16081757
5.60502106
2.19576019
17.48957062
3.07617188
6.25355796
2.21317597
5.71093750
7.03906250
6.44095856
3.39635140
0.65390098
7.31651929
7.68934009
6.03662109
10.73783356
4.89888519
4.20601286
1.65584414
1.85786957
4.12410461
3.12154144
6.92622894
1.18652344
1.67203735
7.55061890
2.79117797
2.34313996
17.14245014
13.34973736
11.31001801
6.26171875
7.96582031
0.02522278
0.02740479
1.19252735
9.82963541
9.08658688
4.03328679
0.29418945
1.55635528
11.09554078
9.50000000
1.89107269
5.44832336
2.70898438
6.12988032
5.73039007
8.97220856
3.02155433
4.03569259
6.55060887
15.40970856
9.96634420
4.61222850
2.19140625
15.21919769
15.37157580
10.10665447
1.70946393
0.94804798
9.95186060
9.30997119
6.87053302
7.34810394
11.82108489
6.42500886
4.80891844
1.01432375
16.78006428
4.05933178
7.66361481
9.28893950
3.81156527
14.70124557
4.67285904
1.74991883
8.44531250
12.70703125
5.19441711
4.95178192
8.84554078
3.91947418
3.15865082
4.02465758
14.23360261
7.76082336
14.32926142
4.16186835
13.22635832
3.96362367
7.64843750
1.18794769
2.00781250
3.84134918
7.05667997
6.60347628
7.70312500
1.65168315
2.87321919
6.29341644
3.03125000
8.81163897
3.54773603
6.73627882
8.54798204
2.87980164
6.68750000
2.01953125
6.44685727
1.53751773
9.76333971
6.99740248
2.25797485
4.95837433
0.27807617
4.04296875
1.31001801
2.74564606
0.79683441
5.70840869
3.10995068
9.87500000
2.45764129
2.92862976
1.72993988
8.12845856
6.61450133
0.18400117
0.73978668
15.58112304
21.09818263
4.44185394
10.38407690
11.14408356
8.80468750
24.29801391
11.11718750
11.51550200
13.30916445
2.91434785
10.49564606
8.44966644
1.59330231
12.06046321
7.52201573
5.31250000
14.83317047
4.66983821
6.06453679
4.78906250
11.67879211
13.54093196
3.87837987
9.14754211
6.99385528
1.61596742
12.36067376
10.85416999
5.80060395
4.14035460
4.75044769
16.33463251
1.20784796
7.62890625
10.02897125
6.83915005
6.22725620
6.15323914
8.91166168
1.92915863
10.75345856
0.50781250
3.25390625
1.73677582
7.29988586
5.44140625
1.59029144
5.60546875
0.11433930
4.37955314
17.63114472
8.74178413
9.49564606
0.25870789
0.25000000
10.07889739
2.72680726
14.81379876
44.80158799
9.45345966
19.20035018
4.17500886
9.67298204
6.08613919
5.29195036
6.82458776
8.43135528
22.58914506
4.47062943
15.90392879
2.22546542
10.94441711
2.39632203
11.39130874
1.79423814
17.62219083
5.15905917
14.78983489
8.72233156
0.19547516
7.09330231
2.16886414
3.38085938
6.00646942
4.68103058
12.14187445
2.93238364
10.47412234
8.12500000
0.17024750
15.23632812
2.43705231
0.51271576
10.96332337
0.71005706
3.36071310
6.50496897
8.07812500
1.56107574
2.79732269
3.08911071
0.59008851
9.27867687
4.89665669
15.40279144
2.55664062
8.52347746
3.10469636
8.49218750
9.64859486
12.57796764
3.03125000
14.52087402
2.45072418
6.48258422
14.59989472
0.16137633
4.82165558
0.79048676
5.21919769
1.46822113
0.98193359
11.63179411
3.55525820
2.60396332
13.60298613
2.20731660
5.43851341
3.39351784
7.65222075
13.96183289
8.47835328
0.27624543
11.25744349
4.10725953
3.94344304
3.41271443
1.35692861
4.74354055
6.39973626
2.53581061
14.50602172
18.71439606
3.23706117
2.19531250
1.30859375
3.17761137
14.04520722
12.94787567
12.13744681
1.89693705
11.53409353
3.87170877
17.78613032
2.69356231
14.26074468
1.28198304
1.18554688
4.27030364
2.72338929
9.17341977
2.57222628
7.65234375
1.64249695
3.85281195
3.89523492
1.61771637
2.34419769
6.58837641
2.65527593
5.93570922
9.90368683
5.91227172
1.40165254
0.88187652
2.66003325
4.70715425
6.82031250
9.37666778
2.19107658
2.37756815
14.07801641
9.76194037
8.95166888
2.15970606
3.35905031
2.80041722
7.07767731
7.97061946
10.59053745
9.94973516
2.02666500
13.29854278
5.55016872
3.51945257
8.00211547
7.56929411
4.11564273
3.00630707
15.28535794
7.82189163
3.43571919
15.16104167
7.12203845
5.87076906
3.06791168
5.21919769
1.63476562
9.31685394
3.51127106
14.00756649
1.88155308
2.38281250
19.28134715
8.34725786
2.73254488
7.76997894
0.50121946
6.34130984
6.17175200
0.76375429
2.58373837
3.48071476
10.09977172
24.62398161
12.03649933
1.26761996
17.20853170
27.29972850
0.05249023
0.00728226
1.63150740
11.59652482
15.85591644
6.66060394
2.76562500
3.57031250
5.44531250
8.91881982
4.20963874
8.02693041
1.00431959
3.72701019
6.22656250
9.43750000
1.60937500
0.65096008
0.44547547
9.41406250
0.11578369
1.22634866
5.90414450
4.65534963
26.11523936
10.87923094
8.66418550
13.73721853
6.86869791
3.78727172
1.04866578
2.67187500
6.90308499
2.89058566
1.63529449
3.65836547
3.56160461
1.20332918
8.48978668
3.74263519
17.23771055
5.52400820
0.75097656
2.51322418
4.96875000
5.40234375
5.74654144
1.95117188
8.68045989
3.91950355
8.49724512
8.02555297
8.67801972
12.04154449
2.88814052
7.79199468
10.47554411
3.92582308
3.33398438
0.00563431
2.81400543
3.77493296
5.99198581
11.92289339
6.67977615
0.28808594
1.66535254
2.91130762
0.97265625
0.66560665
7.84650737
11.05333445
1.86028036
4.47265625
8.44087738
6.01745014
9.85282690
1.98519171
1.91702904
2.62012093
21.96197031
-1.46245984
5.36865359
9.09927970
6.68888741
21.55948914
21.89662678
7.68060283
18.98591977
1.89037650
12.08362034
2.74674811
6.39152039
4.96618683
4.11201685
5.20829565
0.95894379
4.83068817
14.89843750
8.61462433
0.01955658
11.39843750
6.12515736
7.23466533
5.55769836
0.01285828
2.85333677
23.56459108
6.22599180
5.98571808
0.58020113
5.76089207
3.55551418
1.95117188
14.77306849
21.06709995
5.23405031
0.04278564
0.79264281
6.58577515
2.59960938
6.92105829
13.41443151
0.13586426
8.72603363
8.07324219
7.45839992
0.03406914
3.95460800
1.33347794
1.25435394
1.20463043
9.39586437
6.09326795
3.87024268
15.10713715
4.87666778
2.62137910
8.99955231
6.74654144
9.90970856
0.34195797
1.38944675
11.07897949
6.53080231
2.41841644
0.00532150
10.20689828
4.32435172
7.86877441
10.71093750
7.12890625
1.75150543
0.44795746
1.50195312
13.43119293
11.85758422
0.73905488
13.78470856
1.74759295
2.78902814
9.28535794
16.74153812
11.85400266
2.50236148
1.07324219
4.80664062
7.96875000
1.64453125
6.79697807
0.14983986
3.91646332
2.88476562
1.30228668
10.12935394
8.30814606
1.45161957
11.82198028
3.56209165
7.94555851
4.10201019
8.26908356
3.23002106
3.01411957
5.24776153
11.53193374
1.27153368
6.14109708
2.26035128
2.97851562
3.09179688
2.07316101
0.43896484
2.19229915
9.08242964
27.89696768
13.78304078
25.58638519
15.95208740
3.39782248
1.32536264
2.39302582
4.50390625
4.59631317
3.54821808
4.25000000
10.62451172
11.72724624
8.75187444
5.91300975
17.48286957
10.00512633
8.50089539
6.61694149
3.14461491
4.29687500
4.83447141
2.91658632
0.09446228
8.92187500
0.29809570
10.25390532
5.86641511
3.26652039
7.82812500
16.31481716
10.02893284
7.80078125
9.71019947
7.23120678
4.60546875
5.46178607
43.49064273
7.43286569
0.47436523
1.00142426
35.17579014
4.88011744
18.75859482
2.89611536
1.72001440
2.38521332
6.85265958
4.84460107
11.24023936
4.13093806
5.57755804
0.40677887
0.20406098
1.10058594
3.25695645
1.14135680
6.65515292
4.36206117
5.76428192
2.19079621
6.87455231
20.67195368
31.51945257
1.37837738
37.30760286
8.63119902
8.32812500
2.57031250
0.39542664
2.85204954
1.66117464
0.60351562
8.34029144
0.03994751
7.83718664
4.50806848
6.65413453
3.06839872
1.37255984
7.37845856
2.75929779
17.67622894
9.93389643
1.36426030
0.31054688
12.79759434
13.98918661
13.65739140
15.74922761
6.96529144
1.68818872
1.58524878
2.40039062
7.55273438
9.32031250
1.07617188
1.86523438
9.56595856
3.93990082
11.37845856
2.87527538
0.59738087
7.12161514
3.31828568
8.14831450
5.47668550
1.17301266
1.40417636
0.56050629
5.48131982
1.64286597
18.04252106
2.12040254
6.78515625
22.75130188
9.89949025
1.72445201
9.32010053
15.75891954
4.07531738
10.30904144
0.03732300
2.76371246
11.18225067
11.10290558
5.02779144
8.80379211
6.79474956
11.40415892
2.18870566
15.09370069
37.74394392
5.45012577
8.34887633
1.12662843
11.72566711
14.83581450
0.54097223
3.35400764
0.83755970
10.84013408
29.60334830
3.53878213
27.98384115
6.92134831
7.96041112
2.17382812
14.21004211
8.12500000
8.32469582
5.66297539
2.04101562
11.55521388
13.24385528
9.90591534
0.53565325
8.21399268
9.78779560
2.36898326
5.13178414
7.22803856
3.16166168
9.24445036
2.01230440
15.38231425
9.36113973
10.87320922
16.43049923
27.36377772
9.89378877
0.87386358
1.54976535
7.30904144
16.21439606
9.94108031
5.42321808
10.85163121
28.16480551
13.38651706
5.43391844
0.48482394
9.23791224
7.46643284
8.80647828
1.59322113
8.67215537
1.53922983
5.98994903
2.28032481
7.11329122
13.91048094
0.80721132
1.50150543
8.14062500
0.72314142
8.15303745
12.55916445
13.74324025
1.75330119
0.84468598
8.42866911
1.03670351
12.86962766
8.15035128
0.14416504
3.28515625
0.17925932
0.87561129
5.33548981
16.28526555
8.91834773
-0.00472885
1.63724762
3.85982269
0.50944000
8.74425865
2.27767342
4.67443817
0.00000031
0.05895996
1.54252106
11.09375000
2.35742188
5.95267731
0.34488953
3.81823637
0.69738863
0.65429688
3.13146942
6.88024933
1.48242188
3.01757812
6.41197142
3.88445589
2.14107269
0.02714539
5.77708279
0.61354221
9.50406860
6.17277039
10.71183289
6.32377106
2.08247894
4.88281250
11.31250000
3.77245346
14.77392952
7.04346077
0.40299251
1.51045933
12.43058289
8.34375000
13.92996787
6.46891733
4.11283356
0.74902344
3.44786591
7.29324912
1.76294381
8.49706782
2.47754155
5.71361370
8.09229388
3.96016511
18.33475612
5.40279144
7.69665558
9.01896055
9.55135195
7.17488586
1.40543578
14.61685783
39.03007424
1.36018922
5.26517731
12.33068817
2.79716035
12.75142177
1.17586491
3.45943207
0.16487609
19.51900238
21.97183954
3.47933233
24.02453208
5.67183846
2.27929688
3.76668274
9.42137301
10.14055629
5.15824247
3.22994237
5.13928192
5.79329406
5.24007203
7.45008423
9.66095854
7.36629211
2.42126496
5.83280364
5.53515625
13.98539339
4.27734375
2.12109375
6.81490082
8.60412567
3.88776652
11.05333445
1.86028036
4.47265625
8.44087738
6.01745014
9.85282690
1.98519171
1.91702904
2.62012093
21.96197031
-1.46245984
5.36865359
9.09927970
6.68888741
21.55948914
21.89662678
7.68060283
18.98591977
1.89037650
3.26261912
6.49027372
7.14477726
1.58968140
7.35367797
15.64542664
13.48872894
7.48437500
7.11372894
5.84569814
3.68164561
11.16918883
0.31665101
5.49444039
23.12290945
8.63793883
6.87076906
3.25386193
1.51265846
1.86132812
19.11816157
19.92110261
5.29577792
0.14860047
0.71643035
8.00427277
6.34375000
9.46289062
6.26953125
14.47851562
9.01424037
0.16838707
2.13407192
2.86006870
0.35888672
0.17106109
9.52505846
6.45438940
10.51176307
9.05904144
0.17930022
1.39180574
11.23574590
5.72124445
3.06250000
6.98917664
2.38582336
1.35441101
1.77343750
10.63281250
0.35274199
3.09403535
1.72851562
8.89350787
9.10640846
1.83947972
7.87890625
8.51216644
6.75150045
0.44873545
10.48236810
2.04060353
2.63693040
10.12141844
9.88204011
5.07857269
1.19628906
13.74804688
10.30078125
1.71240234
6.23114252
0.40752936
3.42382812
2.69058705
13.93326906
8.51343085
11.03751773
1.89941406
9.47041778
1.43831422
1.51607269
5.14050200
1.08117769
4.99173981
3.37349457
1.44807735
4.56754765
10.29931516
7.53661237
1.24219747
10.30080564
0.55616854
3.83699524
2.41495789
1.49031555
0.32238801
2.41426419
1.29569675
3.36990678
20.69181959
25.67854859
16.58966064
2.24263519
5.10156250
13.27709276
2.48796154
6.21537013
1.33028479
2.92517121
5.17187500
4.30635528
6.42846742
4.41406250
10.41381836
12.85644282
6.87108877
8.96973404
4.35221188
3.47469242
20.37695312
6.68180297
0.57893922
6.79642731
4.53470856
0.93204773
11.03714872
8.37255984
7.92451685
8.14099401
7.93884308
18.06481716
2.24377659
12.29317044
4.13427859
0.13688203
3.20803220
6.83200686
0.34138977
2.04536957
6.30078125
1.58333001
37.11295656
6.30025487
0.65043121
2.38326019
11.58971078
10.77613364
2.08532248
1.89408854
1.79732269
5.26985594
3.95238697
10.63713209
4.13871122
6.17232394
0.26045715
0.25773133
1.06738281
3.73140348
1.00227782
6.22111148
4.51786347
3.50061004
0.63806183
7.20312500
10.01936392
16.13688608
0.32397461
37.14522952
6.57472074
7.88537567
1.66361481
0.87772676
4.83792997
5.62255984
6.03560394
8.45719432
4.17444813
7.05558289
3.87817321
1.02807679
7.58593750
3.05897003
3.77343750
11.60591644
14.91849575
1.21846714
0.38769531
7.31529297
14.34612145
14.74601507
7.32210328
10.98375998
1.44539866
2.59375000
8.37207031
9.50256317
0.86515320
1.81738281
16.46875000
0.51802582
11.49218750
2.25548039
0.80657191
5.85001150
3.42143229
8.99194149
7.02669437
9.27433289
12.87141844
4.78909686
1.21021193
18.08581450
1.93261843
5.26908356
13.19554346
11.48218085
16.00361592
1.74443096
11.95424761
41.02238475
5.00775409
8.88358489
1.21504793
8.61283356
17.02331450
0.65185235
1.13704842
0.67850364
3.73128546
27.02079067
3.27966589
29.30171349
7.24100894
8.44299534
2.37740082
12.60847961
5.72656250
7.03246011
11.74264516
3.25118074
12.42317376
6.98164451
6.02352615
6.55407248
0.76928649
7.41825908
9.59088653
0.93645722
6.61835329
6.72584441
2.15340149
8.23484708
3.16839206
12.15326851
23.14946586
10.10489805
1.32531832
3.39843750
16.96215758
6.75569703
8.79101064
23.94665808
12.80237034
5.77197141
0.59314121
10.26517232
4.14604166
8.28560394
0.92773438
8.46683622
0.63615054
5.17488586
2.49717805
5.17052642
13.95121122
0.65523410
1.25000000
4.27343750
0.51167629
8.25972628
6.25915558
2.52901153
1.76831117
6.64363586
1.61905945
13.18994016
7.38728945
6.84073914
0.12683105
3.90039062
0.24324492
0.95491578
5.28125000
16.92918676
16.29196032
9.75154477
18.29712101
7.65840979
3.60155752
1.25142924
5.25345856
3.88783783
9.05830342
6.73421764
10.08670989
1.89615968
2.33898770
10.60693484
3.82706726
16.54262077
4.08638519
5.16060394
10.14485594
1.77649019
7.68660461
5.63370789
18.84772496
24.01933953
1.51725343
4.79296875
9.66214872
2.33439273
8.27473626
1.18034186
3.13431793
0.39741973
21.18827363
23.48099513
3.44869237
24.05675865
6.26363534
2.30273438
3.77058899
7.22599180
4.39990359
3.31986481
4.64505949
5.21016511
5.15884939
9.05796876
18.06205729
3.51775044
10.68750000
1.72745789
2.80273438
2.89468861
2.94124889
13.19775266
3.66605746
6.87935394
2.45898438
0.12986236
0.00079102
11.29239805
4.03963320
0.24877765
1.30477116
5.14709442
5.46228058
3.42899380
5.85693484
0.83174029
0.65064162
0.88953426
5.43172429
4.71740692
0.06738312
3.39843750
11.94099291
0.21574537
12.07031250
1.43695068
3.52420989
21.02966091
7.18050421
2.59570312
9.55033356
12.91172541
3.58436834
4.85119349
11.81364140
2.72496717
6.51408993
5.60111481
4.07466644
6.57031250
0.01792007
12.27619238
4.59925531
14.13871246
17.03560394
11.06941711
4.22745789
0.01803589
0.88623047
4.30936614
5.15535461
4.28393617
5.22009308
1.04161388
6.46908466
8.11897828
15.28051197
3.02053968
3.66379210
7.60624114
2.52488614
8.04563053
6.06205231
2.26357025
6.30468750
4.28515625
14.71028314
1.86304022
5.22500776
-0.11815534
6.40144836
0.32218445
3.86328125
0.38848877
4.10070645
4.90278397
38.54952681
16.01151706
9.61027039
8.00052638
30.56095523
2.19828402
4.16647524
3.64700132
0.99755859
12.38627106
3.22896332
6.36136747
1.33687472
8.31213099
13.04634302
11.06913799
1.86515320
1.64746094
13.64843750
0.87894559
14.03214539
2.82959109
12.03255125
4.46842531
1.05761719
0.86429778
13.22310394
12.01216644
2.92248504
4.51875886
9.59977172
13.78214539
8.24129211
5.34855164
15.19864307
5.63643838
3.82600953
5.62503934
8.31620456
2.32108489
0.11189945
15.76460661
5.44864805
1.87255984
7.20324800
5.95267731
3.20283965
0.13753328
3.43164062
42.95946144
7.44092918
4.46472075
12.52266511
1.73820008
17.57230621
12.66662567
20.08247894
1.57172897
21.11849623
2.31005984
13.17206672
3.88607934
4.09810394
14.41925754
5.72482601
2.22355164
1.67968750
5.26030669
8.09741024
3.62759316
6.26671502
0.30403812
3.85156250
3.69787567
1.16255707
3.77046598
2.82072085
3.11088043
6.59977172
3.55692597
1.99792387
0.56018160
0.33369778
0.90755374
3.79918842
9.01367686
7.36442140
1.85371731
0.25366398
0.44673676
13.22980940
9.19271498
6.64343417
3.08638519
2.50976562
17.43314606
6.55703901
10.07577349
3.64986176
4.95613586
0.69722504
37.92409852
4.68527149
4.94112588
21.34671654
0.38448526
0.31622755
2.37972296
3.68440548
3.97770390
7.51127106
9.35143950
22.15144836
8.02587766
3.49076573
4.26369626
0.57073581
4.89090537
23.05159796
10.25614472
12.25089539
7.81608156
4.50345856
3.86266623
2.20418772
1.30468750
10.07031250
1.83010376
9.38042663
2.45597351
11.90100067
1.32653840
12.24910461
0.91072321
9.17570257
4.24698914
3.07226562
11.29073028
2.28967254
0.31241945
13.57287567
0.98527039
4.73990470
0.67415780
1.45235904
2.78643062
2.50284851
13.71875000
0.18929047
1.50720172
15.59473404
3.02295046
4.15766553
38.57134086
9.33593750
1.86079926
0.05164581
0.88512966
4.56364140
3.04581726
4.96394836
9.91823915
5.28488585
11.24654144
6.58247894
7.54207336
3.59452239
1.07238863
0.88329517
0.39286846
6.74609375
1.24767038
3.31250997
1.98746703
17.26920656
0.42488586
2.94230164
7.86751219
6.74576906
8.99218750
1.10554992
18.37833555
0.33715945
8.56595856
31.50967698
6.23356826
10.23527039
35.01733180
6.31018284
14.90970856
14.15294881
2.14828014
5.36238586
0.11873383
2.14107269
4.41914451
12.78007424
9.12441435
4.45957003
12.18322474
3.20109319
1.66975797
3.94677859
9.26216644
0.50488281
1.11918894
0.66496786
5.98046875
2.68359375
12.35668883
27.64379322
2.92281471
2.47436337
3.88464760
0.33618164
6.92708001
4.88541999
8.43839539
17.83669992
16.75180013
3.26774047
7.03918550
6.75244016
2.38171542
7.24072141
1.25777316
4.15881317
4.63533383
7.24275820
6.03393617
3.72220856
14.83247894
0.12030029
6.98783356
8.42700133
1.57487062
0.25695738
4.23661347
3.17622894
4.15490692
1.04777039
8.55354610
6.26798648
12.99922761
2.14591368
0.85119722
0.97900391
0.00715637
20.66551862
38.42255874
21.49733128
6.02555297
13.93797494
2.44243461
3.67427582
3.19335938
4.98046875
0.01730347
14.91141069
14.24093306
5.02030364
1.83907136
3.64265681
4.42871343
0.57861328
14.88045227
4.87634308
11.13232048
15.70792913
11.09387300
6.63671875
1.55122894
14.13077571
11.77998310
7.55832283
4.15373116
4.11763519
9.95479278
4.58862367
0.03022247
3.11555907
1.14518312
5.23384115
5.03133616
2.75240082
8.52017066
0.51994957
1.58789062
0.08105469
13.76020834
17.08708139
3.59497133
9.69095856
0.46455902
1.15039062
0.05272399
9.76652039
10.91792443
0.93807319
2.11673981
0.09305848
0.10540771
4.29296875
0.02950531
2.55513519
0.03945923
16.17142232
2.91964213
6.00691711
2.35396332
5.92187500
0.88114223
0.49235234
4.21256095
36.43416445
5.52380651
14.84142786
11.35282690
2.27193207
24.16469194
7.29945810
4.09249058
4.64314384
36.27705840
3.67895944
2.24654144
11.82698360
0.07877812
10.44461880
3.14660738
2.52551363
0.12347412
8.19185394
4.59375000
3.08548981
0.16084809
5.28906250
7.56416778
34.48375499
8.10202016
1.92036957
4.39550781
24.83825466
13.68518284
0.56083160
3.68599457
7.42053192
4.87634308
0.09631348
9.71875000
0.36800109
1.30904144
2.82812500
4.43615692
11.13265015
4.74955231
8.78637633
0.75170961
13.77694429
0.67859541
5.86763519
1.85111481
0.04013062
4.67622894
4.65970856
5.10982269
0.84969055
8.46439606
4.26313055
1.37989527
3.39302582
5.25666736
4.73210217
2.79732269
7.96411133
14.23681516
1.95414339
6.00826019
4.04252106
0.94165039
2.29732269
6.75000000
0.01780701
13.50345856
2.72371399
1.61771637
1.01839234
4.98046875
8.16637966
5.47424534
0.01724106
6.30725067
3.04085328
15.94396942
0.31506379
4.17923981
6.13423676
1.29394531
4.25390625
0.02127075
6.56986481
12.34029144
0.90576172
10.45247064
0.45084968
0.02090454
0.26391602
1.80875610
6.91540558
6.19185394
4.00390625
1.23632812
0.01131439
3.17187500
1.91308594
2.18631926
0.21923890
3.12500000
1.47115082
12.02599475
1.19092420
13.39138897
4.14832446
7.60986328
5.44877106
3.05167664
0.70019531
17.96279574
10.16354609
7.18371675
9.38236418
0.59786043
0.13795928
11.86551972
9.75865671
4.77389516
19.37719664
2.68058289
7.35815492
4.84765625
0.23107910
6.57766443
0.19763464
1.53191598
8.64287344
2.13867188
6.76391290
1.11206366
0.77807617
4.20703125
8.37320922
4.45100953
3.18750000
6.81941711
6.35546875
5.04777039
12.01562500
40.99584774
6.93774601
1.92568762
4.01376551
1.56835938
24.20019282
25.56832003
2.80520204
3.25074800
8.07031250
8.89103086
7.89030031
7.60892731
4.43448914
8.68404144
7.62923094
1.86543855
10.33467310
1.98563940
7.60740692
1.12936890
5.91752106
15.38023937
15.62104175
5.04060727
4.96887300
3.42679964
5.92232269
2.65625000
4.66857381
15.02726507
4.54252106
3.17151647
3.14693207
8.11706450
2.10709718
1.99544125
10.77075133
9.23987034
1.38671875
0.02199035
3.04658965
3.43973847
11.29360816
2.73027703
3.99906029
6.03609596
3.97806793
14.11718750
4.71504544
4.66343252
4.62545766
2.30677360
34.87182181
10.23844858
19.17272856
8.99226992
5.67232269
12.50781250
5.27734375
18.70344969
2.79309175
9.12398161
1.30525820
2.25345856
1.68404144
3.04536957
0.03522216
11.27489362
8.67733599
12.75589872
1.75716312
7.15234375
2.69921875
7.74218750
2.57857269
10.79329344
15.67002494
7.25289835
1.69230164
4.71875000
2.77193207
0.08445221
2.63928192
2.81188996
2.70703125
8.09785794
2.69360538
11.10761858
14.83154920
1.27412871
2.20324800
7.04809508
1.11401429
10.67968750
19.23107879
4.31685394
43.67052693
6.10138500
18.37654477
8.43416445
8.49910461
0.81083222
3.94771332
14.27945922
4.69396942
2.05542054
4.67187500
0.51953125
5.22310394
15.74987700
8.74654144
5.88940492
9.67968750
4.55769836
9.53230275
7.22595744
4.88918828
26.95496883
12.49129211
12.94506649
8.08808733
1.48727282
6.13191711
1.39099152
2.00000000
0.28662109
4.03466423
32.64355718
8.15726839
2.09748643
27.73424950
1.38310782
8.12064606
7.39888519
0.19128418
5.85982269
10.11104278
14.61062175
21.67306072
3.30112285
8.22272051
6.45251994
11.53035461
6.58158356
3.83142121
4.35201019
4.14017731
4.64843750
14.26908356
2.47701019
1.72582946
0.56970246
9.73181183
3.02583832
11.10412567
10.23527039
2.67618088
5.80306623
3.99185274
2.25931793
4.73136414
8.34582115
1.13855385
13.45658356
3.31835938
15.28388686
5.38648271
1.23856286
3.71309729
9.14408356
0.01897186
2.11869293
11.06933594
1.73404782
9.87089206
0.92431641
12.83010750
3.71241356
2.16784575
2.21736757
15.11388631
6.53845744
2.21825923
7.97168218
4.67968750
1.36279172
8.76814882
34.92557458
1.44116798
3.40625000
4.47521942
12.56379876
3.43559120
13.62845856
5.79817376
1.95076850
5.58939606
6.49955231
0.21268738
1.36914062
7.03491024
13.47798427
2.49447030
2.36328125
4.16451019
3.12304688
1.66764157
1.50484347
7.14587433
27.20568505
7.50651374
2.20629509
18.35254280
8.94262633
1.75028535
18.50523937
9.05796876
18.06205729
3.51775044
10.68750000
1.72745789
2.80273438
2.89468861
10.63611369
1.27583832
10.43660461
1.16841644
0.69520527
2.16089428
4.09826442
6.19299534
4.10111481
0.02519745
3.18359375
12.72671986
0.54964733
18.61450133
2.84643617
4.04553192
22.97346798
7.04935948
2.82031250
10.53470856
12.47894837
4.22027038
6.21044548
11.46643284
2.78352657
23.24629544
1.94515514
4.95703125
8.25781250
10.82722961
0.07053650
11.72110151
1.23609208
3.69710328
1.53027344
1.57271332
12.68762051
2.00598238
12.49833222
11.85937500
3.36763519
0.01461792
1.09082031
4.43961547
7.46048981
4.59073914
13.43839539
0.93423690
5.97498337
8.59029144
20.44086991
3.66833278
4.39319813
7.07108489
2.42951020
7.76502991
6.70703125
2.13177490
4.55590758
0.97729554
9.55468750
0.54150391
6.82421875
0.30236816
8.14485594
4.45983544
43.12638741
0.97399933
1.78515625
13.64062500
0.82222379
14.74051972
2.93042054
10.03609098
4.09822695
1.03462738
0.60310789
12.50179078
12.44185394
2.94441711
4.69755097
9.58760528
14.66149933
7.37711547
5.70100953
15.63781583
6.40637300
2.00484098
28.85033744
6.39661236
3.55757286
9.66605995
5.07096188
13.27970523
1.85966035
13.68843598
4.62141906
4.01256857
23.29801640
2.11426030
13.35366800
3.83338430
1.18233184
2.25358156
16.53035461
0.94177277
6.72375146
6.31339726
0.16947543
4.70747894
3.99234985
0.89058441
0.85074828
3.01485261
3.44140625
5.42431516
5.80647828
0.95609527
0.62028078
3.17862478
10.52559729
7.36413730
1.94238032
0.16548925
0.49605316
13.40001663
9.65621564
6.80269503
3.06640625
2.42818207
14.95344969
14.79520722
0.66935242
33.16181156
20.82040613
3.27193207
1.31783051
11.57645722
5.28560394
4.23783356
3.02424923
2.73791722
0.92089844
5.47656250
2.44730185
7.38900155
6.27343750
5.94921875
1.36124695
3.89888519
11.73681516
0.77636843
7.03861481
0.07088227
0.74510789
3.33097351
5.16056959
3.36958832
16.47464872
1.16801058
5.96666889
1.23698498
2.03745015
30.83146273
1.07454842
1.76932219
6.61927858
6.06986481
9.87064606
3.81196864
2.13228612
1.19319080
0.76733959
2.16451019
10.81506317
0.18591340
1.25142426
0.05587769
1.54507570
3.00351285
1.94714262
2.07808566
12.60147385
4.48836990
2.63130707
33.59268728
4.56657358
11.64640071
36.10795137
7.80493351
15.01472961
17.55118462
5.94971077
13.48144282
9.45312500
2.19714511
10.13728945
4.37500000
8.11629211
26.33345302
2.88322085
1.84252494
4.92082225
0.60542816
7.97863365
3.99959663
7.97143617
11.01480580
16.87923592
3.42053192
6.95804964
6.70454677
2.21521276
7.78849180
1.18123476
4.21350067
3.97594997
7.09053745
5.83471742
3.55574524
7.65279144
1.63387024
10.46439606
9.20621454
1.01627936
0.49889856
2.92224401
2.85937500
3.63537567
1.06880707
8.25097407
5.94991245
13.16329011
1.54097379
0.81062929
0.88423676
0.05705749
16.22387633
35.44590759
21.79453097
5.84240692
13.28227119
2.43686059
3.55859375
3.18990082
4.70703125
0.02076721
15.07355940
14.13737810
8.67264739
1.48262605
3.89611536
6.54891179
0.53857422
14.20263672
5.86853058
11.45751330
16.35888921
10.90674202
9.76383422
1.71362367
13.91190271
12.34862907
8.05846441
4.56343971
4.28125000
9.91573028
4.53047761
0.03144317
3.00724180
1.68957613
12.19494099
5.57796764
2.74414062
8.22772829
0.52438718
1.57902039
0.08398438
13.76020834
3.32515846
4.15966921
11.16137633
0.76196351
1.97505707
0.08060668
9.30212433
8.84557514
1.18372174
1.74458832
0.06556183
0.27852387
0.28198242
0.00564575
1.00976562
2.16051903
5.62370124
3.82737297
8.78189938
3.27669437
0.74051723
4.12845856
39.80427416
3.08810228
9.17415282
14.12166445
1.51464844
13.81412345
5.91833776
4.41402316
3.47904200
3.36311890
3.93172429
1.66992188
9.06404477
0.03947085
4.44356106
2.75358156
2.80285738
0.14127594
6.98872894
4.89843750
3.91406250
0.12207031
5.80468750
7.56416778
34.48375499
8.10202016
1.92036957
4.39550781
24.83825466
5.21036992
4.21138519
9.52600067
13.09464539
0.43676696
2.71016511
3.20658356
5.10457336
11.33547984
2.25631704
9.55033356
5.39175643
1.94357103
4.48482269
5.24779588
5.61894392
2.81835938
9.10437012
14.33504211
2.17321808
5.69921875
5.11584442
0.29893006
2.30273438
6.45747894
0.02799469
9.38102172
1.65218140
2.50301086
1.51696808
7.18200466
3.46553745
6.34891785
1.47558594
4.66796875
0.22241211
8.89754211
7.88582336
3.21468140
6.22932735
0.14803226
0.29329469
0.01576477
10.39062500
7.68794769
3.08789062
5.50781250
0.01271057
2.28320312
6.58203125
0.94551543
0.14249726
4.50736481
0.96285004
12.01976791
0.97949966
9.87324949
1.81729416
7.14339982
0.75288910
6.96197510
0.07240814
5.78035461
7.56730164
8.42028092
-0.00369584
4.94230164
17.73270660
3.01411957
4.42492645
1.55992250
4.06178191
1.43649707
8.63879986
2.12935394
7.63032802
2.06498448
0.52124023
3.87695312
11.33158356
1.03267426
0.78173828
4.17187500
0.02645874
0.77539062
0.18212859
3.53019226
4.39709442
6.66105164
4.50089539
10.81595856
39.14713376
5.92167331
1.76606023
4.52157801
1.42089844
24.35798759
23.68636358
2.38756047
3.26702238
8.69877106
8.38997313
7.90201906
7.69396942
4.46228058
5.82076019
9.59708555
1.80916445
9.66190271
1.59057929
6.49380098
1.19805296
6.46875000
4.01517731
13.27346936
14.67344988
5.00846188
5.12166445
3.01033632
5.69620789
2.50585938
6.00650377
15.01265846
3.78454621
3.15496556
3.06054688
8.10758422
3.43973847
2.19681668
10.81839872
8.81197362
1.64790863
0.02221161
3.53141235
3.52132203
10.08881539
2.44634086
4.21439606
3.14933289
4.73803524
4.84409409
4.74122340
2.38729942
34.80899712
10.59770057
19.26774047
12.35156250
11.27408688
8.51330784
4.79777039
3.70308068
13.06318872
20.30786569
1.84204288
3.37528535
0.87263977
0.02268494
2.16935118
12.10208888
3.29647163
11.52375222
14.40670766
1.40429688
2.05346742
6.34606716
1.05786320
10.80122894
14.61881469
1.28438386
47.28165337
7.02227119
18.54996454
8.79109929
6.16963653
0.66072695
2.25870789
7.99267204
7.84245124
9.27433289
4.90517182
6.57812500
2.29296875
2.57076019
0.12497955
9.37939422
1.34997590
1.21544818
25.21968971
2.12752382
2.93900543
6.02331450
2.59924534
1.15625000
7.64318817
7.98681516
2.28121066
4.48482269
5.20357269
4.45658356
12.53035461
3.73091644
1.71414506
7.87931959
1.96077515
9.52087433
2.12695312
10.59285461
22.96695922
7.36559591
21.40910350
1.25642758
2.86218417
9.55033356
0.18599457
1.74662262
10.63191711
1.84138852
10.06620456
1.19433594
11.64168024
6.37243683
1.99422429
4.44832336
6.20845302
1.13814550
4.69576019
6.39774380
12.59720856
1.87418827
2.36088043
3.79927582
3.14408356
24.88325023
8.13929188
2.01859278
18.60209386
10.91906583
1.44954593
16.73522108
0.12398161
7.12512300
7.23136414
16.24902344
5.91796875
4.36718750
11.35156250
0.06860352
9.38281250
14.54168182
2.86914062
11.56160461
0.48181183
1.42382812
10.14664672
6.02600067
0.18013582
12.74099804
1.39034962
12.31855608
8.09269725
8.45747894
13.66853945
34.71645723
25.80212433
22.52991688
10.27616301
3.67338541
3.85786957
4.39978058
3.41015625
4.64127438
0.16589511
1.79536957
11.38574219
12.45222961
9.59029144
6.66015625
1.31250000
7.61331561
13.24292553
4.09297761
9.12500000
12.08443207
14.70895025
9.72949468
0.38094304
10.25003436
2.22770265
10.85815990
5.86718750
1.91894531
10.42879211
5.36328125
5.18839539
7.12320922
12.43534332
4.75057008
16.45646055
3.61731050
3.46875000
17.08792997
6.75626773
7.86234154
8.39884835
12.90152704
0.81185187
5.50039340
1.01238308
5.64261747
2.12186115
11.83500775
1.35160433
6.34497008
2.62817445
9.00439453
3.53620900
4.18944814
0.40475454
9.61628121
12.65352947
7.26932956
1.97705452
4.72733489
9.06954011
2.64648438
7.76517731
7.52159492
3.09311059
12.75390625
1.33300781
3.48242188
48.40421321
5.75130125
7.74442847
33.61938165
13.28686835
2.51802582
14.47928863
7.31640625
23.66137633
12.72835328
18.18419881
5.30497783
1.18111176
12.21149823
11.88827349
6.02042664
50.03433954
21.04768174
5.15670766
2.27193207
8.39017731
9.15189606
43.20004988
30.98342087
7.75101839
19.22391069
22.05423794
19.15738144
1.25968196
2.46895667
17.74442597
1.23242188
4.65202600
9.77517951
5.37784327
0.25384252
6.77510528
17.95593293
20.18220883
9.76929811
14.05420135
5.62601839
11.50589872
2.96845593
2.90760305
5.67997285
3.73978668
8.20222961
4.76411459
5.72558843
8.36320257
1.83300781
5.09586547
7.59118683
0.05989594
3.22488403
5.44140625
8.65625000
7.91906583
1.77408937
10.23750886
7.84330231
22.98554079
14.23153147
3.14665669
46.90569372
29.00596796
9.66011504
2.69169160
8.96081450
7.30374779
7.90340647
5.12154144
13.40189606
0.10744232
2.03256248
21.05644392
7.35247476
4.39497894
2.38671875
8.02461326
16.29187167
2.03031527
4.68986148
7.67622894
1.53417969
3.26427942
7.98429632
1.15152392
1.26469525
0.56054688
15.53498892
2.30680795
2.48046875
1.97806606
2.09842864
4.27335882
6.92578125
5.49234486
6.04281139
1.06143977
5.60489805
5.73653479
8.44877106
2.07902039
1.23160766
0.83919312
2.60351562
43.32038620
9.31783798
3.46529144
12.19210043
34.85194148
4.85628546
5.24654144
24.82722961
8.35028813
1.26449855
2.21468140
4.38627106
16.20568817
3.36348294
0.20739902
1.99487367
2.59940520
15.43768373
4.12711547
3.40067597
10.70389739
1.09102449
1.78267426
7.96830231
8.27331450
0.32161562
13.79853779
41.60591644
26.28478724
4.32788896
5.42097961
1.62198914
14.42585993
1.36365026
17.65421321
8.47900266
3.62459663
2.06640625
12.95312500
0.78767571
1.29069343
6.76127106
7.72549978
1.78817209
7.64411791
22.72937666
9.00256317
17.57979278
3.44563221
32.12154643
22.80802305
29.20703374
2.26562500
7.50744057
14.09720856
3.37801086
10.31046321
7.30748754
1.49133145
7.36173648
1.58406555
4.35465204
4.05505153
2.39828014
8.97643950
0.44543550
3.08833832
5.54976286
7.34432070
6.74811060
1.54786901
0.69226105
3.24784332
1.81770750
8.49922761
1.60441101
41.39203680
29.06645057
5.32622118
6.60937500
9.12710550
17.98006040
9.56666223
1.54243988
0.68652344
13.13883422
1.06970246
8.85066711
2.70067238
1.07854332
3.77779144
8.26729278
2.82059785
0.11077881
2.69921875
19.56148161
1.71195589
7.08984375
18.47120407
2.73039505
9.41918883
6.28906250
3.95145722
5.31551086
2.62980164
8.51471964
37.74406693
24.92541224
4.69861369
8.75435394
3.30468750
3.64257812
17.13862257
4.03141733
15.06974678
30.44335439
37.21496177
5.91146498
10.40136968
15.00064938
27.52190715
2.07465203
14.39326934
19.50854554
18.25296903
3.86910128
9.98567376
8.63883422
10.99255651
1.56362676
2.22616910
8.29980469
3.89062500
1.01963997
2.40580231
9.49654144
1.08105469
2.41817044
0.93925144
1.45087905
1.20830064
3.50150543
3.38716644
5.77648272
0.37150709
5.67911244
42.47131317
9.37396770
7.21858765
33.74083445
12.36508200
5.09330231
4.74609375
3.32466644
7.91406250
2.30468750
12.72733489
12.98706117
2.31835938
1.74945618
5.73198913
11.76997894
15.41406250
12.01105940
0.05632341
10.55854943
29.20552582
31.65901485
6.11807541
7.22738918
1.14648438
10.02254211
24.48074912
4.59436502
20.71854582
14.47579011
3.74218750
7.44925311
5.40967420
7.47948471
0.58639267
8.99218750
12.65554633
0.81080285
6.60546875
13.60310727
0.61999667
0.77783203
4.32633422
3.28063996
4.50435394
5.52343750
9.80296543
4.42314937
9.80008287
3.40788342
6.46016511
2.73514739
7.55871675
13.05033356
7.26310118
1.92395113
12.58593750
1.35343445
12.36193817
0.19697996
2.81156527
3.55033356
12.64408356
4.67277039
3.54955619
0.32886178
1.38574219
15.82617188
1.83300781
3.48632812
12.31595856
0.35009766
10.85591644
2.22460938
10.28637633
6.75536112
10.35458333
18.71516844
1.16207003
1.97985871
9.98437500
11.76723848
1.96127714
14.25919586
42.05924313
3.74393894
14.65962551
1.94270999
0.63716644
3.94677361
0.43266151
3.54536957
16.59260362
36.67761635
3.31091589
3.31730164
5.50687528
3.98908301
9.93230496
1.16451019
0.83695465
0.13167328
7.79979721
1.66850509
14.73950133
5.82381258
9.61778508
6.38575465
16.75870789
7.28169769
6.86283356
8.48514739
0.11425812
1.15120484
3.12695312
6.87935394
0.01738983
19.74776215
35.68765238
4.22400930
29.58446144
13.46818927
15.36141179
10.56160461
8.77673371
4.56896942
7.88415558
2.50585938
6.08548981
0.06739288
9.85937500
7.96964539
32.83572585
34.74337572
24.11132812
4.84106383
5.86206117
0.43558746
3.12711547
9.11507203
7.11622715
3.51171875
3.19185394
4.08939606
3.08007812
29.27896720
12.77917885
0.08072937
1.64228987
3.44251329
14.25667110
2.36548038
22.06241135
2.13574966
3.47474576
5.17282718
5.51127106
11.65189606
0.16691101
1.37792969
5.01127106
1.79016113
11.19185394
0.09924316
8.14062500
2.75195312
0.49951172
3.99772488
1.06087406
1.21101867
0.10845672
0.37605836
2.09553143
6.83448138
5.82812500
1.01652039
24.97456007
27.39823581
1.27173537
11.49963379
1.73828125
5.89774380
25.88484898
6.84330231
10.43750000
6.83397939
0.27633159
6.46439606
4.37666778
1.35620179
2.70872216
1.47438330
0.63232422
5.92487963
36.81938275
1.67614777
7.03893950
2.73795656
13.69921875
2.34179688
11.62845856
5.61885528
0.37748262
1.36726618
23.42346160
5.51343085
3.48473654
8.21277323
8.64302582
19.76179151
4.66171099
6.63964470
5.78880652
7.05588319
0.11914062
9.06321809
5.41981382
8.05017121
5.59720856
4.26470967
0.69818095
18.30158550
6.03382313
15.24039672
20.39628020
5.41483489
15.92033023
6.91495789
3.40714539
7.64607602
5.25972628
10.43456782
6.19433843
6.97643950
23.78381317
21.44083555
23.81669106
13.23384418
18.45698693
8.80868240
9.47399933
7.95011414
1.23384613
0.32234680
0.08186859
3.92293274
3.40323914
8.29418883
7.35424867
11.63281250
1.21822113
13.13972961
18.32117620
10.10411677
5.08654754
9.46600954
6.59982601
2.72412234
9.91214872
20.40087268
4.41594193
12.35156250
5.62064606
4.27823914
1.88964844
8.50166778
1.61010804
5.24609375
0.00953674
3.76367188
0.28784180
1.77294922
7.86328125
1.99121094
3.29130035
5.82742133
0.04802637
8.85156250
3.06835938
5.01708984
17.17591086
2.79280640
15.83405807
5.74361923
9.15669022
38.74727947
8.56709995
4.10982269
2.11271055
1.31502382
8.74218750
18.23339844
10.64550781
10.49121094
11.49005905
0.18803634
3.43404144
3.80078125
0.17272949
5.33870235
1.30192265
3.32527649
0.02585877
5.07031250
3.05664062
24.48514053
6.17676529
8.67598294
21.01444675
3.92142731
8.00781250
4.22355164
3.46679688
0.08642516
0.40234437
26.25265074
4.39305627
2.88749612
7.92028341
0.12398161
7.12512300
7.23136414
16.24902344
5.91796875
4.36718750
1.32617188
19.17284637
4.28470856
3.40909851
6.34741024
1.53735538
2.95898438
10.65356383
6.92008422
0.36043398
12.85839096
2.73535904
12.12213653
8.96290558
10.24271388
14.59924534
36.33999114
25.52099734
22.13058399
9.03694703
3.00724678
4.96964539
5.71016511
3.87455231
8.41446587
0.34574745
7.10221188
4.73372562
9.28381317
12.23181183
1.26269531
1.41910766
3.18688996
0.60640473
2.23754571
2.82379170
10.33632645
12.31819703
11.18259974
8.91976950
2.94511331
11.31917608
6.47656250
2.08007812
10.44441711
10.10591644
4.88716644
5.52990692
4.99492370
3.76033570
14.26908356
4.88492797
6.79085328
4.77209442
0.49796196
4.02482491
10.90282580
8.21676252
14.95800532
0.83325445
4.84869903
0.43210327
5.32844969
2.56021595
12.42428080
2.05721132
6.32812500
2.39884461
8.09667969
3.78429522
5.12112811
0.62004848
9.36839979
4.51795212
4.24532136
1.22212738
9.69095856
12.23298759
6.60042110
1.64120068
6.19786570
3.16976950
13.09765625
1.40429688
3.22656250
46.73925532
5.36551848
7.65796210
33.23522607
11.89022163
0.49243164
2.39843750
8.10892731
6.51517731
14.12154144
7.14062500
0.08101410
8.23693817
9.23181183
8.07506982
2.22526374
11.73681516
1.33283612
7.72356161
3.18660461
3.30798371
9.96687057
2.30282302
3.93884308
22.61386991
10.51363253
2.19335938
39.26930963
32.51584662
7.70650238
12.14998227
20.79902140
21.53530002
2.93815935
1.57641788
21.19824219
1.43607574
6.19519145
10.33597738
6.94080031
0.45431322
21.07139408
6.54567041
6.74674313
1.92219907
10.10817786
15.02205902
4.53527925
5.86494903
3.40031775
2.43429742
3.76200410
3.91166168
8.03035461
5.13626607
5.89445257
8.10103612
2.02148438
4.75032469
8.34733156
0.03935761
3.21788025
5.91015625
8.51908356
8.19775266
1.50366273
9.91524324
7.59720856
22.53046266
6.17461546
14.23734154
6.87455231
8.79044991
5.64453125
15.00000000
0.17244477
2.44444985
19.61471298
7.60400183
4.62544769
2.51757812
7.53421654
15.87435062
1.46390902
4.91809175
6.99263519
1.47656250
3.84004014
7.42993849
1.15701865
1.23161264
0.55806488
16.05842642
2.58610483
2.48437500
1.97806606
2.09842864
4.27335882
6.92578125
5.49234486
6.04281139
1.06143977
5.60489805
5.73653479
8.44877106
2.07902039
1.23160766
0.83919312
2.60351562
43.32038620
9.31783798
3.46529144
12.19210233
26.59014405
5.31864472
31.62756317
10.53001995
0.73259419
2.60156250
17.99356993
4.57230497
0.24320714
2.26802582
3.11425781
20.79365311
5.41129765
1.10201518
2.99308289
6.58894836
0.37451172
1.39062500
6.20658356
6.33325133
0.14563082
13.01923842
40.61925865
25.23820257
2.60295489
8.23002106
2.20296265
12.12756317
1.26285392
0.38106729
8.54780475
4.16614361
3.95402039
0.09871430
13.43750000
1.73209220
1.02181405
6.38627106
7.40461658
1.75313885
7.03844748
26.60217752
15.53934287
1.58065132
17.63236481
5.28230275
29.22807291
26.85681183
34.59733156
2.37288453
9.13978683
5.92008422
10.67166833
7.28386818
1.45279782
6.66296542
2.19051086
3.46081450
3.29125665
1.66333444
7.23457669
0.51302249
4.11763519
6.30045407
6.83484042
9.31643064
1.32419436
0.97896332
3.26102691
1.83723875
8.64766511
1.55025238
42.33747230
29.15661901
5.36573138
6.65625000
9.20319371
19.03438386
9.56666223
1.54243988
0.68652344
13.13883422
1.06970246
6.30513519
5.70869903
5.10378602
0.84286956
3.01456726
8.18827239
2.71211824
0.07855225
7.66617797
25.82819870
3.00367021
9.40010528
5.36238586
3.62422761
5.03035461
2.82076019
8.10785960
38.41069259
25.91349180
4.50350288
8.67187500
3.79536957
18.31762633
30.79865581
37.97668550
7.69719193
10.31876773
15.10387966
26.64182514
2.16445145
14.54463653
19.71219941
19.44413051
3.72139683
10.65933954
8.30098294
9.38509530
1.66640871
2.44894835
8.05619293
3.52974457
1.67382567
3.88599069
8.04028258
3.63163176
6.66552859
1.14888519
2.79243739
2.39506261
4.64408356
2.78951019
4.18940880
0.62992714
5.87356827
6.73535904
1.33443207
7.25976562
22.95800532
4.65136968
21.03922485
7.82600953
1.41601562
4.50320756
5.02608931
6.29544327
0.41158798
8.82812500
11.32208334
0.92160959
5.64497894
12.78279477
7.30525820
2.22835328
10.67578125
5.40189606
3.50240082
4.26171875
11.44599624
6.17464982
9.23872894
1.15698242
2.70658356
6.86372894
5.07031250
5.37410461
6.42277039
1.15722656
11.58483046
9.76673204
1.68367492
10.18404144
1.56009918
8.58247894
7.46875000
1.52876801
3.14708445
5.03260305
2.07917900
19.01639739
1.70451241
3.26875886
14.17675532
2.62597905
18.16869681
13.67415780
6.28214539
9.23950133
9.04585661
0.40954621
1.62158328
3.20300200
5.01619570
0.00737381
1.48091644
16.57079040
2.69953970
3.38192209
18.44180713
12.74755984
17.22282358
10.58670989
8.61498837
3.13965093
8.80558289
1.72701019
6.95267731
0.12973967
8.96183289
7.75614472
30.36441268
28.79423814
23.22167969
6.60367797
5.44274933
1.39790863
6.18961547
9.07120789
3.94705522
3.67932845
13.93469083
2.62150210
13.81489210
2.75546099
3.98286203
10.36557651
7.96464206
1.25773133
13.54747009
0.69081116
1.57324219
7.33203125
2.44167084
8.17879211
7.70402039
2.24218750
0.42724609
6.93930242
1.19946476
5.22318481
0.28645875
3.76781915
8.61409796
8.98002106
0.54679383
27.12540337
30.10221188
0.11768077
18.16630066
10.42097961
17.51627438
32.20918980
8.08593750
11.03202239
8.58897275
0.65004155
8.05936614
3.63281250
1.56412843
2.20425145
1.63168605
0.64355469
3.45552084
37.82528147
10.19185394
20.12040191
5.95510750
8.42424645
0.40039062
7.93533024
6.32113918
11.04431183
7.05423981
4.94439717
1.02825908
33.65319482
2.93123725
3.40657095
5.85954233
19.64680907
4.46997008
4.44978945
6.96093750
4.35725953
14.12206782
5.83886968
16.03832946
11.08825466
3.37492132
6.94396942
23.00947529
18.20646055
8.87781416
8.47399933
7.43359375
0.40645355
0.26464844
0.03799438
4.77298981
3.30513519
7.11014739
7.75313386
5.64843750
3.73828125
8.22566711
11.10579344
6.78918550
2.56880707
7.06298828
11.66114474
7.82925198
2.49157746
10.32800200
19.75906943
3.96078014
10.89037899
5.26932956
4.41707336
8.44762966
3.16353612
5.15926086
11.61706450
3.62361757
1.90474457
3.08056641
6.26564939
0.09034823
8.53560394
3.70898438
7.47989307
39.37919658
8.94710328
3.91451019
10.24295989
0.54077211
9.78560394
19.40775543
10.77794881
0.04915905
4.20312500
5.08939606
0.19844574
4.30065825
5.42199800
26.68407829
4.41801307
10.67150599
24.15067348
0.68753436
8.73779920
8.23091644
13.69685727
4.93595523
18.12674957
0.91979762
0.80965398
3.71634918
13.83939606
1.49869376
6.09692819
3.56253934
1.84273410
1.45019531
7.35847961
0.82511414
16.40820312
1.88041168
12.38716644
6.84887633
0.06262269
18.90625000
1.30102902
2.53312320
3.23437500
6.30078125
1.62304688
0.56298828
2.69041910
15.40674202
2.36894392
14.28125000
1.61470551
7.40926086
5.28515625
0.69234223
1.15572113
11.18314606
8.32466644
0.05707000
0.17944367
1.24599213
1.39418655
4.19966644
10.15625000
7.74955231
2.28365082
2.55664062
3.55920379
3.52530945
11.57466644
5.02343750
12.63627106
1.94990996
9.26831117
14.72823028
4.17801972
14.11164783
17.32812500
6.72339428
11.42097961
0.57759613
2.07316101
11.66739805
1.79451601
5.10111481
10.31685394
0.07519531
6.43013519
9.07633422
10.16878297
7.58593750
0.96630859
5.22680664
0.96301238
8.71533234
1.43998199
0.05367035
41.18680630
10.89868351
7.46529144
9.93314606
18.68139462
6.62178745
13.54597961
19.05636075
1.63660571
10.22310394
2.77449524
19.95202574
14.54798785
2.43474013
7.59842864
4.74635168
14.29083886
2.27461824
3.23677582
2.99804688
9.96695922
16.43717977
14.22026041
2.22790558
7.18033688
2.77083499
12.34740204
3.05103790
0.49776153
1.50748781
5.25678912
3.15291943
7.89139739
13.41688875
8.75345856
8.34057181
1.13839151
6.06205231
3.84029144
0.02626038
3.13867188
3.68554688
3.61433213
16.13546431
1.22603363
13.77880859
7.88012633
23.65368683
7.42232269
2.28019226
10.80033356
3.52974457
8.21439606
0.84128098
2.12748947
10.92187500
1.47949219
2.83789062
0.05291748
5.48828125
3.73351147
35.37399157
10.01442475
17.02075133
1.82885804
16.99694482
3.10266456
31.02038232
3.15539893
12.43570922
13.20004241
19.26794216
0.26298315
9.15189606
1.10530267
2.32877936
1.23144531
17.83026486
7.53346409
0.03787231
2.21466822
3.72603612
5.43705231
2.66467254
13.35675629
2.33544248
4.79443484
1.72273742
8.89933289
6.10310727
2.98327792
3.85111481
6.78125000
7.43314606
0.45084656
2.76517731
6.43725399
2.61788120
0.37287103
4.55460882
7.98555076
2.27901651
11.37666778
0.16328980
9.55468750
6.66625665
0.40552069
0.92187500
7.25825023
26.78494958
9.60389492
2.40865082
13.50976562
7.77734375
0.88063049
0.02119446
0.33544735
39.34342531
4.46663453
13.39062500
9.76293883
0.23221957
0.95259613
6.91361481
1.07377106
8.05688414
2.36250886
9.94966644
10.85310727
0.48966617
12.41752106
2.19576019
4.81595856
0.08868408
0.65771484
7.18404144
9.36975067
15.69102727
12.90217891
6.59290890
4.82747562
0.00279755
2.50719748
5.85909463
1.14790863
2.11568207
3.38085938
3.13867188
1.54394531
8.57275391
5.75732422
3.53125000
3.40733711
0.00823082
8.26204344
7.72188386
11.52779144
13.83723969
11.37808456
2.48714982
10.20267731
9.03548094
2.41223238
0.28979492
7.76367188
3.01127106
14.82466644
0.78173828
4.98681641
14.71785461
1.65519226
2.84968806
2.47229222
1.49617492
45.13418548
3.45715425
2.78157469
0.73254488
9.56738032
9.35270390
0.29284699
1.78808594
17.39310637
1.14827017
4.45251994
32.64985927
2.95862034
3.64257812
11.70348903
6.56256353
6.87500000
4.09981106
1.87931460
11.02856383
6.00223847
1.87357574
1.50569703
13.44429411
4.96932070
6.00000000
0.13826508
11.07031250
0.05483002
17.60274137
2.96601951
1.35929881
12.63102172
6.31127992
1.26790282
0.49678621
3.01997894
9.71875000
0.11798096
2.79929607
8.76216644
1.35929383
1.75585938
3.85998504
3.79617631
7.38635970
4.55175781
1.89204926
19.77945922
5.30993683
14.25000000
8.02779144
6.42260306
4.07349069
8.55200133
7.94018617
0.02401733
1.67480469
5.94140625
8.23347961
0.38639344
4.75390625
1.46972656
8.86283356
3.58443207
2.80486675
2.33510637
5.70926972
6.94230164
1.61177582
5.05814606
3.91451019
4.96467642
0.47184702
7.39338985
48.76861841
3.65883310
10.24385528
2.44799867
7.72220856
3.99190215
4.38549867
6.69563719
7.78043703
6.45463043
0.67663481
0.10457461
20.68314606
0.88216125
5.09138852
4.34354831
8.56327239
1.78926668
8.12511304
3.48381427
4.43444482
4.78084663
6.33593750
4.92578125
8.16982824
1.72816156
6.37845856
10.89152039
6.07031250
0.28906250
0.69873047
9.43744820
3.53919547
4.96357935
2.70137854
10.17968750
12.04597961
0.14998352
8.60335328
8.65010528
2.88895722
9.50531805
5.11532801
15.00256317
0.44490601
5.87384863
0.71705285
5.96919769
0.39021633
2.41430851
7.29642731
0.52392578
1.01953125
5.35546875
14.14896138
4.25631205
7.43306488
11.31046321
12.38484929
11.71093750
0.55126953
4.88089872
1.76070285
1.14798981
7.31993352
1.82504543
0.47338867
9.81782054
6.61630208
8.47084553
3.08819591
23.61038903
0.63692542
0.79589844
12.18705231
9.73002106
6.28169769
4.37544769
9.25092975
1.87166943
1.95650238
9.08198693
0.91898964
3.82617188
17.31070922
0.28792359
5.67008422
3.82420629
2.30551418
7.34887633
2.75223847
4.21919769
2.29838043
5.19185394
2.97070312
0.91120807
6.41223736
1.95650238
10.25345856
1.06827820
10.91567598
17.33062008
3.66157303
3.92599290
7.39888519
13.27779144
8.82710661
2.76228945
6.22355164
1.83581450
2.71647218
9.75345856
3.01216644
17.87039506
12.36422096
2.89429022
11.88972961
0.44897461
1.67126496
7.58504211
4.86027039
7.51171875
0.03802490
43.30411680
3.15051363
0.14095062
9.38627106
18.83788564
1.21334330
19.76952128
2.25497395
9.93314606
0.67382812
6.24273588
8.63204011
8.20491578
0.61128754
1.12597656
0.76411303
3.29488752
2.37500000
3.52539062
1.49902344
1.99902344
1.89888519
4.45979610
7.65303745
11.56250000
2.17036957
5.78861481
9.55456450
17.04158632
12.20511123
3.69975509
8.50691711
6.39440825
3.22412234
9.70312500
1.09720856
21.04386414
13.45658356
1.75150543
2.05362976
11.85412567
0.94034851
2.04341644
5.34370568
3.88069952
10.44710328
0.19384766
2.04191101
5.98437500
6.31685394
2.70267731
7.86283356
8.96183289
4.15234375
0.39896637
5.17622894
19.92735539
17.08782191
21.85854393
6.49039672
2.16825410
9.25154477
9.13562167
2.43945312
3.57812500
5.11238586
11.21964539
1.62259918
1.14790863
0.68164062
14.77945922
1.77237976
2.75089539
2.65625000
1.33691406
0.75248199
0.44673676
0.37133789
3.65250610
9.18493683
5.29341644
15.61379766
6.38005762
2.55407746
11.67700133
0.54223695
2.28995789
3.27453458
10.49845523
13.89908688
10.46810062
16.73872894
4.71305297
4.36116578
1.09590481
0.61552097
11.91406250
10.80814606
4.61840758
1.29219636
4.29597961
16.37837738
10.31179882
27.08407302
24.98587373
6.56685394
0.78271484
4.80859375
7.24609375
5.00345856
8.15702239
1.43525031
4.76901484
12.28906250
0.77038574
17.68827239
2.41719636
22.23274719
5.24238919
2.09008976
15.28271484
15.30252272
39.21114915
10.43391844
2.26530031
14.53727172
27.99690548
1.17676030
1.54935201
3.35571725
10.18672761
6.05904144
8.63268950
2.73449800
12.52441406
10.22554411
7.66284242
9.35770722
12.12500000
11.04418883
2.24373227
2.28975620
1.57759613
12.81599042
8.93758865
0.75354097
3.16630097
11.89338237
5.94975509
1.90739140
12.39497894
4.84855164
3.22102283
4.23210217
11.97131317
3.46813996
12.49218750
3.08105469
6.80814606
3.51562500
1.85396332
8.35156250
13.28173828
38.39613476
4.31826129
9.28816711
1.36560090
5.83939606
12.52943877
8.37935394
2.78304078
4.71484375
0.14449066
2.72656250
17.36428968
13.66903147
8.31824135
0.19047027
1.04829926
3.58149989
5.28719304
1.60005707
0.47769892
0.61702765
1.53417969
15.81142731
12.72991300
2.02807679
17.59810394
1.39009613
12.74910461
10.15730774
3.00089539
2.91886414
4.50736481
5.43794769
0.07578522
11.31250000
4.99710093
5.12155141
6.00044769
3.34940271
5.33374335
14.18111176
3.24414062
4.95658356
0.07552094
1.04154449
9.38228363
9.84720856
14.79864032
24.15566480
19.79764739
3.18432679
4.48514739
0.24772218
0.90091949
13.83850067
2.94665558
2.81542906
1.60004585
7.64824578
5.28515625
14.13476064
3.83053080
5.22366468
23.85754986
5.43050421
8.33939606
8.01297817
32.35994570
6.37813386
1.18164062
1.85538758
22.11763519
23.05375547
5.07914339
0.08837891
11.84635375
0.85030059
2.89900820
14.08491911
10.06864472
2.24051972
13.89497894
13.04462874
1.84937333
7.85457336
25.19961714
4.13961657
12.66060394
8.47220856
9.04756621
1.00854430
2.01814882
13.67561392
1.84542276
10.56278037
1.15535959
15.75756151
3.13847517
11.91316711
6.06339539
0.76424133
15.23091644
0.57511414
4.25781250
7.30334442
0.11608918
8.25858489
6.96475510
3.74931626
1.31054688
8.21744626
9.55749667
7.80078125
5.58894836
0.11889680
8.80468750
2.25781250
15.36446106
7.77779144
0.26070160
1.02539062
5.65625000
3.97065880
0.47807167
3.10742188
6.39268119
0.68753436
8.62227947
11.31429078
14.88602505
3.92346409
6.90933954
2.96761358
1.56347656
6.90535461
1.29732269
15.97505707
2.25781250
12.45658356
6.29508422
0.08121797
18.41752106
1.52857296
2.42464359
3.14693207
3.42382812
0.57572418
0.54829926
2.05240345
5.60095744
6.85156250
3.53951019
2.60156250
5.21830231
2.84826629
0.08614137
4.96830231
13.60758422
4.38434979
15.45386303
2.09814827
9.63281250
2.49849457
9.44877106
5.74173981
0.49503601
0.58544922
7.75390625
2.89184508
0.46557679
12.76562500
6.53125000
7.34375000
1.28959137
7.28560394
3.69140625
3.57051419
5.57905973
5.26465093
17.12141844
12.80135195
6.14152039
2.90189606
1.97281860
0.05643769
7.65356383
3.17846742
5.65388852
16.54125665
13.44389073
1.64937472
2.91959718
16.77103170
2.33008311
7.84419769
7.23437500
11.38191711
7.95206726
5.28515625
0.66650391
4.84045410
4.03125000
4.32665891
5.28304078
2.48750886
40.95869903
14.19364472
5.01953125
10.19531250
30.35672069
5.88493794
5.51953125
0.01528931
1.49609375
8.75602172
3.98260113
1.28294270
8.87500000
2.48437500
20.56831817
14.11624405
3.40646165
7.17789672
4.05645086
14.03648492
2.17155031
2.80664062
3.53951019
8.36104278
10.92345413
12.86214982
2.00284851
8.99116911
2.45113253
11.54222595
3.75733185
0.58805297
0.93823304
3.89168274
0.03113831
2.95712695
3.40051861
7.95088653
8.40112367
15.31790670
1.41016123
6.63281250
8.81250000
5.56513811
6.92017287
2.97611481
12.17187500
15.70161957
11.53202239
8.52933622
1.87915226
17.66495789
1.52832031
5.23437500
0.10813385
3.47701019
1.07580535
2.94470246
3.20312500
3.25931793
0.67285156
0.03346771
1.70094359
35.51974290
10.11352539
15.88883422
1.57352754
5.30814606
24.31876025
1.73495068
12.97643950
16.32458340
5.36666112
0.65234375
17.16966091
4.50221409
0.01436615
2.05396265
4.18469176
6.81767065
1.48392731
9.59464539
9.16048094
1.46708222
6.36549409
5.32466644
0.28788238
7.81250000
3.40865082
1.49617492
0.15641297
0.21778195
4.88863253
7.82588653
7.95670656
12.12577239
0.32690492
1.62837738
11.07624557
23.97237090
7.53825576
3.14750277
14.28906250
7.42187500
0.60330200
0.04263306
0.31186702
38.75671542
6.72355164
17.41316711
10.73258422
1.87707613
11.88289367
5.72554411
12.76871454
6.90161569
13.88281250
6.79687500
2.10998504
10.98085467
8.86130872
2.74706782
8.59489140
1.99007203
1.40181488
5.82377106
4.14888519
2.99609375
10.25341797
6.23828125
3.27734375
3.46100621
0.36471797
8.41048094
4.73405031
5.62109375
0.27075195
3.62695312
0.55952973
5.78906250
16.58581450
10.82735261
0.49169922
4.04105497
2.38834718
1.67817802
3.67594858
5.80354610
12.05237034
2.97070312
3.77392454
4.50960328
1.43733765
43.02355926
1.37963929
10.22041778
10.28470856
0.19555726
1.75142426
15.88110227
1.56204732
4.18311170
29.94913509
2.62268284
1.89168274
17.93290005
8.61800359
7.48872894
3.66800809
2.14164339
11.23514739
1.44177277
2.52958222
14.39318817
3.61853058
7.28125000
0.09560150
6.30033356
18.73119806
3.79328846
1.68995013
14.59875333
6.31274601
1.38382840
0.49511843
4.17968750
4.60866510
13.91097296
1.03560394
6.78682403
9.96698610
4.45029144
17.42700133
5.37333222
7.23482269
2.79882812
2.38867188
1.22281860
1.07991578
3.16523826
1.54915780
5.32031250
4.78580563
39.12091147
3.88429853
9.66316711
2.48181183
5.68750000
1.77119903
4.12333222
6.39754211
8.04722107
7.57963043
1.12300504
0.29691683
18.07377106
1.37742096
5.30008755
4.18082890
12.93892177
3.37837987
9.65054300
3.80604055
5.12263852
0.51989902
10.46170989
5.16329011
11.19318706
1.97433399
3.67639129
15.03649933
1.81347656
10.74604444
5.21293993
8.66353363
4.25972130
11.82426307
1.15091949
2.23380430
4.96106050
1.24129211
5.66540558
0.12276215
1.73392731
0.40816254
2.27734375
2.53515625
0.03170776
0.80228668
10.43333777
3.17648492
2.20511248
2.94364971
3.18672761
3.42338043
3.00691711
0.04449494
1.20161957
14.17039894
6.73194481
2.13041168
4.78169769
4.64843750
11.12092642
9.79659463
6.33593750
4.64497894
15.23783356
2.32649657
0.66390015
5.14632203
17.52766844
12.23775114
3.39920615
3.17033521
17.80379211
1.02779144
3.89152039
6.71048981
7.08504211
3.53063996
4.34330231
0.02146912
18.63714651
16.68336892
9.31489584
2.51672706
4.39957890
11.09631317
1.00134308
17.00589872
1.55135195
7.83292664
5.87878325
2.65096132
5.03080231
10.60156250
1.73437500
12.44913010
9.06197362
8.84245124
1.22810976
2.50179078
6.64017731
2.66015625
9.98091644
0.08502197
4.33939606
7.14062500
8.33068817
4.77522828
13.25691711
0.38081879
40.01249114
7.52221742
8.38370789
0.88183594
1.07519531
6.54707669
4.86999667
3.20011414
4.67578125
2.31400543
1.51704926
2.25781250
4.80085993
3.98820257
8.12845856
2.35351562
4.83984375
7.92219969
14.48840425
15.50218169
3.60231050
11.81070922
6.71113919
4.78584995
8.37064606
1.22265625
1.91442902
6.37878325
4.07600953
2.45882203
9.66752106
16.84175629
13.42527926
3.90707668
5.28759641
1.28743656
2.39453125
2.73270722
5.44051086
1.61621094
8.87845856
11.23962433
3.90625000
1.24609375
10.13471881
21.86821088
13.07722961
9.37064606
1.95711242
13.73030142
8.88867686
2.04447418
3.77388519
7.29073028
8.97924867
3.13387024
2.38566101
0.54638672
18.36425532
3.59790226
1.94995179
2.20658356
1.62304688
1.21626801
2.55244903
9.02868683
3.47355164
14.69013437
7.46229055
5.80379211
5.08593750
1.15926086
2.53979554
5.17476286
9.81697695
15.17175200
7.91764406
10.55122894
6.68794769
0.74820797
2.32991578
1.47489472
3.40307679
7.24910461
17.60831726
11.10900599
27.30782136
26.00640730
6.40234375
0.91015625
6.94486481
7.84375000
5.12935394
5.94653258
1.40387980
3.82390403
10.37500000
0.85021973
11.08878103
9.61051640
2.56783300
10.52594637
2.91545988
5.20088653
20.83960023
9.37035572
41.45296764
11.63960661
1.65930269
2.89473294
10.11307956
26.54728086
3.50582003
1.41889912
5.56624889
3.96703790
6.85229804
10.46093750
5.64017731
0.12841828
0.46543365
5.25085107
3.76522163
2.27148438
4.97265625
1.32332087
1.03951269
9.63281250
12.36629211
3.14542664
10.38281250
4.84436004
5.63627106
7.00301086
3.20926972
8.83247894
18.12349457
8.33726812
4.11878656
8.67443817
1.69034851
5.17488586
13.37691192
23.24743683
4.45446808
4.87935394
0.14156098
3.44531250
18.30052527
3.77177969
1.33101535
0.40087891
9.70320368
16.42826573
0.87438996
11.69698028
11.93908660
5.03080231
3.71106050
10.86360594
4.34733156
5.06974180
3.58064882
0.02566528
4.03515625
4.57010583
4.20682956
2.51123171
9.44596188
2.23071476
6.07966977
9.85167419
1.65266844
0.63916265
7.47191822
7.31580119
2.39001496
3.87451172
9.51114805
9.17789672
2.65665835
6.92516623
3.72327127
1.89648438
5.62140349
2.48166444
6.71875000
10.44877106
7.33292664
13.92138298
-0.00072868
1.36035156
9.57096188
1.21321781
3.60742188
4.40957807
12.87801086
10.14834885
0.43360123
10.30512523
0.23837239
13.86602616
2.92694259
5.79296875
8.19095856
3.34810394
5.07616689
5.32617686
5.66222490
17.62292948
4.01196476
9.15791778
0.55106660
11.00833888
2.62252050
7.81603724
5.43396276
9.08593750
1.05513519
3.43750000
2.44140625
0.01396942
4.13874059
3.01165004
0.13708496
3.16025433
4.16937610
3.58789062
2.93383478
2.78197806
0.61035904
12.96004211
9.59106383
2.42981050
0.38675778
0.20784671
3.11328125
5.19152053
12.80632092
10.35579344
7.24186281
12.70633755
4.03654366
14.18216202
6.86861923
12.68314606
2.27193207
15.63089872
0.64485469
2.93424811
5.69966644
14.28381317
13.04341644
3.02042664
2.02734375
17.23693817
16.34086090
5.26675643
0.38355302
3.27779144
1.71040863
8.71004211
3.13178538
5.76128102
11.02730316
8.08760528
1.03588929
0.14746094
0.68164062
7.77555297
2.14046265
6.46830231
32.01890626
14.13642842
11.13718638
3.79581726
17.66361481
4.11486785
17.11864362
16.45077349
7.27371787
6.86869791
3.72701019
12.71093750
0.06585693
15.60642143
9.14856050
11.58670989
0.90157136
0.06069946
1.97439647
3.85485871
1.00281665
10.04854278
4.03393617
13.61212002
61.98323672
4.63712212
8.41544991
2.81490082
13.63525266
5.24698914
4.90832613
5.27343750
15.94827904
10.41174534
2.14778812
1.80175781
8.14050200
3.82002715
8.59025210
4.26517731
10.02779144
20.13704344
0.80533937
1.56099457
4.37678580
3.90251108
2.31986481
16.47839262
18.06661043
2.10208888
1.84847296
14.21431021
5.50203679
0.27986882
2.19444897
1.77527759
4.71837662
4.88591201
7.76216644
3.68314606
9.10412567
1.67219969
6.81787234
4.34375000
11.66125333
6.45369570
12.06867908
12.70145722
12.42350842
4.45312500
4.67533356
3.20312500
26.06453642
0.36128541
10.53315662
3.93176861
9.38122559
12.71003183
11.74097739
11.12845856
4.89062500
0.56001801
13.72988683
0.42445063
11.33551419
3.91102725
12.81241135
5.55086990
1.27539062
8.08056641
2.96788897
0.95256178
0.93404144
7.34151153
4.13492797
5.27388021
9.69950908
10.35847961
2.65804078
5.66784575
0.75105898
1.19531250
9.75256317
10.83247894
4.67354278
0.77705965
10.15177305
1.96932070
19.70068890
3.71513408
18.19921875
1.52396637
0.02181000
0.07556152
0.58434965
32.69987062
4.33247894
2.17968750
16.04508422
9.90356383
4.89465425
9.14659243
10.75619902
0.09130859
7.92923981
2.19771332
12.18314606
5.29687500
7.92232269
0.16569000
8.37596410
2.94870234
12.05810547
2.35235740
0.89699135
4.63761414
4.48783356
7.29296875
0.41988129
5.18354943
0.33109901
0.27734344
10.03649933
6.00345856
10.09106383
5.04565492
17.74987700
2.11860927
5.39368018
1.37890625
11.36283356
1.08247894
0.00143051
0.34667969
2.63279505
4.58603612
9.64982117
2.32226562
13.97271178
11.79085328
1.80664062
5.06640625
0.02725220
20.66981506
8.80033356
2.12218833
1.26986092
6.76093640
9.25468860
5.22265625
17.86193817
0.34021027
0.77832031
8.00301086
2.21842469
10.53125000
4.99218750
5.47957336
3.11417664
3.64619903
1.55790254
48.60733821
10.63741245
5.26321920
16.40751440
0.90775792
6.67068554
9.11918993
1.09440187
1.58203125
8.42008422
0.82991578
1.68945312
14.28125000
8.90189606
0.11905914
0.88321961
2.98498504
2.61027039
6.31250000
2.47942959
10.65344083
5.99646276
5.83292664
0.96870817
9.24576906
0.59745332
3.13281250
0.24234953
4.35257840
3.47920933
9.08593750
4.33593750
8.06160461
4.46138519
10.42521055
0.48877078
8.68660461
4.01749695
5.16503906
5.01757812
4.96149823
0.16305407
7.43226508
9.16583886
3.31835938
0.36767578
0.01094055
15.99092310
1.25810034
3.19921377
6.17537040
2.95256427
8.37410461
0.42277039
10.03356716
3.00895390
6.82661957
6.59765625
3.21484375
1.33451324
2.15083832
0.00248146
13.29752438
4.97012744
0.89152787
0.38260895
0.60738129
0.95947266
0.00392914
2.98632812
4.99218750
0.20019531
15.67984985
2.03173704
1.73620761
3.79638298
3.69234596
6.40603835
5.02320146
4.54296875
1.44576019
12.19977948
0.41643146
4.12275280
6.03178634
1.33964206
2.45703125
1.45650238
2.35351562
0.12683105
10.82966977
20.14851992
1.29378297
7.52778646
3.15580729
8.88537567
8.79341644
19.11027039
4.31205231
2.90279144
0.00609207
4.82377106
0.45585113
0.59330262
8.63537567
8.65545768
4.99342752
12.40767426
0.29073090
1.49511719
11.28216553
11.02539062
11.52856445
0.12902832
1.57962545
15.30859873
0.49939567
3.67415780
8.97237152
0.03363037
6.64843750
4.46215758
2.80248712
16.86731300
4.94986813
10.02624667
12.47387633
9.30721132
12.65970856
14.44929992
12.00524933
5.71622119
0.15633740
7.29296875
0.51725769
0.45682770
3.46679688
1.91451019
2.95613586
27.98632812
3.88081879
13.87154144
5.64843750
8.51818817
0.79089387
0.51904297
4.74820922
5.98571808
0.32763672
15.50435394
3.31445312
4.70312500
2.10156250
14.10861703
0.89528922
6.40384918
3.56099457
2.33548981
0.80708832
0.07843018
0.68282012
0.02067109
3.85904283
6.35799756
12.20926972
6.45357269
1.13671875
0.71487935
2.28471354
5.36417664
5.84968307
0.74361923
5.48359265
11.93873005
8.71439606
2.21919769
4.08548981
2.95943207
6.22566711
7.30728253
12.80709330
1.75663674
4.88236481
12.54341644
9.79687500
0.58691406
8.66918883
19.04162567
4.02709400
16.41007757
2.08057014
3.53560394
4.50736481
29.12654477
12.66835666
3.17410101
2.24093805
12.75077239
7.60949800
7.31640625
10.62064606
6.91214233
2.53019226
0.79687500
9.74097899
3.31624390
3.76367188
4.14107269
11.20238739
18.62958999
7.99976396
8.11718750
11.42419216
3.35107048
1.62663342
2.18404144
11.03710938
7.28160905
3.49573470
7.98002106
18.51127106
3.72701019
8.14664672
4.28739472
4.22656250
9.37845856
1.70161957
11.53836547
6.54374114
5.49621675
0.38916016
8.15625000
0.80517578
0.35986328
1.91300227
1.09578679
12.63537979
1.30174555
3.81320367
14.65461658
4.39140393
0.12668854
35.55318207
7.16406250
5.65625000
8.00911957
2.72115082
0.39868164
3.61570209
4.56431072
11.69966644
1.97408051
42.41690821
5.83931737
1.01717102
15.66841644
11.54418883
3.82104554
3.15234375
0.82368988
16.92460051
2.64331117
7.28552734
1.85876496
5.82812500
5.12109375
2.29492188
4.80981383
0.73461976
0.42559960
0.97953651
4.18750000
0.00714493
0.02342224
10.82066656
0.11271055
2.34822695
9.93945312
6.71785461
6.85892731
0.90429688
7.82946808
7.01472961
9.86482602
3.45263796
1.88753297
6.17578125
1.62898742
0.02598084
1.70898438
1.27636719
10.13012633
1.02958222
5.12154144
0.86381012
2.29825743
7.13293550
4.90323914
14.05228170
15.65872452
14.43820367
4.63985261
0.08646637
5.44140625
11.37666778
0.34228578
10.29252106
4.33235594
4.43672761
7.89933289
1.56107574
5.03906250
2.38342254
10.25068747
4.29224069
5.30200133
6.80391511
8.16841644
3.21529144
1.58947723
0.01919587
7.95658356
4.68603391
3.16988253
6.35375167
4.68291001
11.24849457
7.74173981
0.81441254
0.14965820
0.63378906
9.61193817
1.49157746
7.65429688
26.19251774
6.08677913
10.07722961
6.98693817
1.21903535
0.09903961
2.55664062
12.68302305
1.97172152
2.32421875
7.99617243
0.56832128
9.42533356
7.19913259
3.90776041
11.78637633
1.55977449
9.37756317
2.86071808
10.34313498
8.84001108
1.08736176
14.20222961
4.47253325
6.39705507
5.55513519
16.14575133
10.48030142
4.02238475
1.82767731
6.37231383
3.72509641
7.34932652
3.67142731
10.25435394
17.35502106
3.42293274
16.18354943
1.53723487
0.42972871
23.31817980
9.13049534
1.17354776
3.52440160
1.86577570
5.64667484
5.10674312
11.22896332
3.78515625
13.25858489
1.70357269
1.31473847
3.09765625
4.25826019
8.74540005
6.19185394
6.46508976
12.44725281
8.35315193
3.32711159
9.83953857
12.57026319
11.86182513
10.90970856
4.67622894
0.73974609
10.66079566
6.32455341
0.57182042
0.82124848
5.62500000
1.16076629
4.52708777
8.27849512
9.23258422
2.05061890
0.68412262
5.43058289
5.43314606
7.52779144
7.47265625
11.74812057
4.80611923
1.40083832
3.60021942
9.13716644
0.63370789
1.74511719
5.33548233
3.60254654
16.85937500
3.96138519
0.03982544
0.04516602
0.73958250
29.33028230
7.64062500
8.55725067
1.29866578
10.51615138
1.39062749
11.82377106
7.77119903
6.85380097
1.88041168
12.88012633
4.78873781
13.38781583
14.11506206
4.55571586
17.08056641
2.87213030
1.51605329
20.42451685
6.05985815
7.90234375
4.67260306
10.87817819
6.15811946
4.01375554
1.62442930
9.88728945
6.69518950
10.64322252
1.13522080
11.52143507
5.16260638
3.55664062
8.56595856
1.19042969
0.00257630
0.55126953
1.99470696
4.51387854
11.28560394
3.51562500
14.82540862
17.66829344
2.19047152
6.46439606
0.11409516
21.76298004
8.40279144
3.40592033
0.96419686
6.27501663
1.95305130
13.07466644
5.68750000
6.98392731
3.45552582
2.72432403
1.62040254
47.45466977
11.23974734
5.44913010
15.34245124
1.18392342
7.56928600
4.24553302
2.53063996
6.00781250
7.71997008
0.96435609
2.17382812
11.98242188
6.64453125
0.10434967
0.76021332
3.42338043
2.38085938
6.09375000
2.44535153
10.25667110
5.70272163
6.48527039
0.77274504
9.02433289
0.41064515
3.53320312
0.26175871
4.18212766
3.47920933
8.95658356
3.96679688
9.68404144
5.11673981
1.86149047
0.09012910
9.28470856
6.21972656
4.97656250
5.12251801
4.87556073
0.16207751
12.11763519
1.99511719
7.03861481
8.98604278
4.41674867
3.54508422
5.00162096
2.88005263
8.07722961
0.33756531
10.65946255
1.76684757
9.11055076
8.06132424
4.11710384
4.23250554
2.14318817
4.96773161
12.33093417
2.98197418
5.41271942
10.46328901
1.44084552
0.74658203
12.20658356
4.73482269
0.68562805
1.06534851
14.34272662
1.54203900
2.90039062
13.84301197
5.98901928
3.67968750
3.10156250
5.12767122
1.96998503
10.06448997
15.04590093
4.09175753
7.28515625
18.23294825
4.45650487
11.09977172
4.02868683
11.21138519
16.07189163
1.53162400
4.75385694
9.06014849
8.42879211
5.51216644
1.64664672
0.03845277
10.54252106
2.57900544
6.39951019
13.83593750
0.35278320
1.69868988
7.13920562
8.41149933
12.48596191
0.11022949
0.91528133
7.66124149
1.08130993
1.24882923
8.88305664
0.02397156
7.77734375
3.12801086
2.43820605
16.23714795
7.19596188
5.45337101
12.28637633
12.48120179
14.00781250
17.25301086
10.89693207
6.04613697
0.18380291
7.11328125
0.55320740
0.45829254
1.50728363
6.84765625
4.20703125
5.23828125
3.51009032
12.73706117
7.59574247
7.68249667
1.84667969
2.35742188
9.00345856
0.51900238
0.43945312
6.43526153
3.01546265
8.20031583
4.57107492
0.84429133
4.89798981
3.00044769
0.30566406
0.53047637
0.00864717
4.95783799
6.98779920
0.97941101
7.62377992
2.74519836
2.94230164
7.57287567
8.79870014
14.74447030
1.86983433
5.08638519
7.38281250
5.67789672
19.25813719
3.11201747
15.16776706
1.40747257
5.28470856
13.23643399
4.64636635
13.64831450
0.68127535
5.50390625
5.55814606
13.57416290
7.36315451
7.10217752
6.09586547
3.90759308
1.27449524
11.17712433
10.56400725
7.12467531
20.79181427
5.62845856
5.03906250
4.26997894
9.28030032
2.60597074
2.39009613
2.96484375
2.81835938
4.71875000
1.79252106
4.40958555
0.35551058
0.82291947
0.83842697
3.47070312
0.00311852
11.75320258
0.01127106
16.05981383
8.24910461
0.50647066
9.01464574
2.64925421
10.41752106
1.37394226
16.91035794
15.10819426
2.51110871
0.91129765
9.39754211
1.60485871
7.82384974
0.21228308
1.79492188
12.43151264
3.52269947
3.08830895
7.51216644
0.57275391
6.09818263
0.17354589
23.65234375
87.15531029
11.57889739
4.80696781
10.80115026
3.45703125
15.32722961
7.14664672
0.93920961
3.89107269
8.81595856
1.75976562
2.44771332
8.99295989
1.27754793
8.02510528
12.24129211
10.30289672
19.43196718
8.18794769
8.51908356
11.99627550
1.51589095
2.30375152
3.22656250
5.89888519
5.56250000
6.89062500
2.98392731
0.51118988
10.68381119
1.39151416
6.19784131
2.71537013
0.24312597
6.50716258
16.22916554
6.21170989
1.04219636
0.17018371
7.19185394
11.38281250
11.29687500
6.83544548
0.63916389
3.64613788
2.48496564
4.64371454
1.08435339
3.42622894
6.70568817
5.25134308
1.41015625
2.75575256
6.40144836
0.22135437
9.31250000
2.29296875
12.05725067
1.14978058
3.52539062
0.67578125
4.94140625
7.15869016
5.90676267
7.90333776
2.19380707
9.04508422
13.41316711
2.22009308
5.33923371
2.32963043
0.34790039
1.07031250
1.27681488
2.17879211
9.66495789
0.06318146
1.01269531
0.46948242
0.41255707
0.11773682
2.52390335
3.59055739
2.75614472
6.41316711
9.90323914
6.63972961
12.54328472
1.37008626
9.25691711
6.75256317
11.17305076
0.91903147
9.69074690
5.15083084
2.94650819
12.46939938
7.27400820
5.77176972
1.07157317
2.59403535
11.34118683
16.92521055
4.26574800
2.96919769
1.02644711
0.63761539
1.59082031
7.73364184
4.07161126
1.77002327
2.33939606
3.96724457
14.13435727
4.65425753
6.06855608
11.75956892
0.61617035
11.96430741
10.92452681
3.41015625
2.73616578
4.17968750
2.77148438
3.37215149
0.26798523
1.82572418
1.92036957
0.00615692
9.70658356
3.24068207
2.28291778
2.67606660
3.81054688
0.80810547
1.97220856
7.48482269
8.42239141
6.44870234
12.14664672
5.02132203
2.79056793
1.59322113
0.05250518
0.72790558
23.08742798
3.08399933
7.58638519
18.32038132
24.53011795
3.23136414
10.90356383
13.34106383
7.19287234
0.32006836
5.51244681
15.82490622
2.85356493
14.82399713
14.01194037
10.21439606
1.03125000
2.52623920
3.80721631
0.29081207
7.44921875
3.09615082
0.29565430
7.37011719
14.00873747
8.54418883
8.18160128
2.50976562
2.80618296
2.20944204
9.14062500
10.92187500
8.55033356
9.97656250
12.70397108
6.19251329
2.05253020
3.88834718
8.24121094
2.03125000
9.50602172
13.34810394
8.00524933
24.21569806
5.15079898
12.97220856
1.62154144
5.10111481
5.93794769
3.36478668
0.07289643
20.87141844
4.29959054
2.44617852
1.84282398
2.64603668
12.90625000
20.28844748
15.25854804
8.07653964
0.21858734
4.53320312
1.78320312
0.19860840
0.34379059
4.09810394
5.54296875
2.11721936
2.25680407
10.10066711
2.59073914
3.13403258
1.85396332
8.59989472
2.61869293
4.27075133
3.79610261
1.45410156
6.88582336
0.56290711
4.88972213
4.36080673
2.56880707
10.19095856
4.35591644
0.76171875
6.92199713
2.73482269
3.51586104
0.35913896
0.36779785
1.95996094
7.28861481
15.80379211
3.44966644
5.71720398
13.60005209
11.60653147
0.60115539
2.13370789
7.61669922
5.58024047
13.73616578
7.98872894
3.43509918
3.68554688
3.69380707
5.33548981
4.46580785
5.57370234
14.60937500
4.43705231
12.32466644
9.38781583
2.21348820
1.20240691
2.66015625
7.20312500
1.94140002
3.12407025
14.37740082
4.67413330
6.59375000
0.58691406
12.56595856
5.17622894
2.29516041
2.76982158
4.75826019
0.23170834
1.10054660
1.37447113
11.71952239
0.93155322
2.83964705
0.84057430
2.47876163
6.46150072
10.60934064
7.72701019
1.79606078
9.08414672
2.85485871
1.27176972
5.23046875
1.13867188
2.65625000
6.37455231
0.19148773
10.34743690
8.80033356
0.59387114
3.82181793
0.56058871
3.79838043
3.32271332
1.86795989
6.99532136
5.73680021
8.49171542
2.48197418
6.79732269
1.84391235
20.76300754
42.70216090
2.59867464
5.52254211
4.82031250
0.72790558
2.69295102
28.04675200
20.38041417
7.34330231
1.57727051
24.87259420
36.25617410
1.02438469
4.29851568
2.40861148
2.64468612
1.55550919
3.91345246
2.54597961
3.66121399
14.92443817
4.62935394
1.04760804
0.42968750
4.59394608
24.66044658
5.36584442
2.83833832
3.42842808
21.78909686
9.68160128
5.34180186
2.61812223
14.79605829
10.99792885
0.57466644
10.55456450
2.52701906
5.73970551
0.98144531
11.50345856
8.06070922
3.38505097
3.59570312
0.00340652
5.64017731
2.48115498
9.08232158
13.33247894
2.01562500
6.92187500
0.19104004
11.84644096
2.07222379
3.56424646
7.11690713
1.65519226
14.93151264
7.47038342
5.35591644
9.80468750
7.45847616
11.16363474
6.94185394
4.73002106
2.04146332
5.51953125
4.44095856
0.51509613
0.80179840
0.98404906
8.83515167
0.37931367
15.04727837
1.65735206
12.30468750
17.85569244
9.94966644
3.25544354
42.70667220
1.40018894
5.96919769
6.64017731
0.26070160
10.46771167
11.36208111
11.91292110
8.24898161
4.57861702
9.19531250
1.91601562
7.75000000
12.17011858
1.63066267
12.76760750
2.13624168
19.55488420
4.32988142
4.01607269
6.80334442
19.96496177
5.27572030
8.72171654
18.54089013
16.63546431
0.19848664
1.62740082
8.16752106
11.87154144
0.21488434
8.31506317
9.11355165
5.21969968
4.92155031
4.08760528
2.71256593
11.77343750
7.11673981
7.86539672
2.11702515
8.61372894
5.74161680
9.04613697
8.95654920
6.52478058
4.20312500
3.03169769
0.55912262
2.17427582
4.46439606
2.39416452
10.82345633
3.78926419
11.26062167
2.64107269
9.91996122
7.40905917
0.23742676
0.00549698
4.20747327
3.44197250
17.95849734
3.13582336
3.45267731
4.70446808
4.40279144
21.95178192
1.07165185
8.64892952
7.19486481
4.28951019
4.78222656
7.20312500
0.00879669
2.47265625
16.36885528
15.18493683
3.71378601
7.92535794
33.60978335
14.31792663
2.68359375
3.17927915
2.30359042
11.96121787
1.72778756
16.43009087
7.21354499
19.18469083
7.55102726
0.22607422
1.90038813
9.83451573
1.84126801
4.00150543
7.20230081
40.11060505
5.82344636
1.10351562
9.43929078
3.57303801
0.33345613
5.51517731
3.94201629
2.14632203
2.50292720
21.87011968
9.33398438
1.35864196
6.56518617
2.20507812
0.03619385
6.34720856
2.50044769
15.35892232
5.15385416
9.49276246
4.51953125
23.99729395
2.46476507
16.94417110
22.14131870
7.05078125
26.33995679
14.74882175
12.42520064
1.44234098
0.57409824
0.62447113
0.02482849
0.66752106
21.98204538
4.76217641
2.03409851
5.84419769
9.04341644
3.13928192
1.63024933
3.94486481
10.87729722
3.72035903
13.72460938
9.72298094
6.88171387
11.53906250
20.45327987
17.98999335
6.97205119
14.03548094
14.78906250
11.25793550
12.67700133
3.78726674
5.54370678
1.62129793
4.61718750
2.25390625
0.00914001
21.13483434
3.66790004
8.86283356
2.35005707
3.69909076
1.18079205
12.32274269
4.45069481
2.83984375
3.08573395
10.02319149
1.92256870
10.48437500
0.18497711
8.19966644
3.68615692
3.49157746
4.87890625
2.50390625
3.64843750
3.70229832
3.14881648
15.68676197
11.09471909
5.29859707
12.59029144
8.36718750
0.93609619
7.42923981
2.84224457
9.64843750
0.04791260
14.12629876
1.21549811
6.22086547
2.55818726
5.80859375
3.43164062
6.46785461
1.88822418
2.16495789
7.03169769
6.10156250
4.36328125
0.19287109
5.85728392
5.77117464
2.99849457
3.39798981
3.42336298
12.93894170
2.23783356
12.56925476
0.45743774
1.19319703
0.52636719
15.66752106
16.43827239
2.28438386
4.74022939
2.87349955
8.82722961
1.85721770
4.32434175
2.86914062
7.96695922
11.82466644
0.36100281
7.92187500
0.38521332
0.23974609
9.49218750
2.45529464
3.49815048
13.96350067
11.61987367
12.95046945
40.48047872
1.78198304
6.89888519
0.73144531
18.90345196
0.99536320
32.98937833
33.87947695
3.23400225
0.01127106
16.05981383
8.24910461
0.50647066
9.01464574
2.64925421
9.23347961
1.55070008
7.89485594
0.10095308
1.52591949
10.49617243
4.45316683
2.63260583
0.59721354
8.69417110
3.80192265
5.68623560
7.90751440
11.50679411
14.75704011
10.63281250
20.66723446
3.73055241
18.43705231
9.27334885
0.26864334
23.03321256
1.93944369
16.38818359
3.36523438
7.18359375
24.82466644
4.91015625
12.64408356
0.45415253
15.04715537
6.60852393
1.84041445
3.63431793
14.00189385
6.28371010
14.26908356
4.59736592
5.14917553
3.69794562
2.52519891
5.99796321
2.61503269
2.68973847
8.87744016
2.50101839
0.19441742
14.34490967
6.32499114
0.36519441
7.95312500
3.52148438
10.58414672
1.17171265
4.17578125
0.84814453
4.98437500
4.77901153
5.86733489
6.56715425
2.69665558
9.55200133
14.00000000
1.71289062
7.00370332
1.31107574
0.26021332
1.42586242
2.03259308
2.49475067
9.55993683
0.08188873
0.63081879
0.40677887
0.30269379
0.10681152
2.34782689
3.33452570
6.75781250
6.74263519
13.33068817
12.26439495
1.57129872
5.46830231
0.63529449
10.01114805
2.99560671
10.72057514
4.99263146
3.46306294
12.74808622
7.33817597
6.15502992
1.58821532
0.95422457
6.73872894
6.16996122
0.50923800
1.96679688
7.73168883
0.98217711
2.43656527
5.98636747
5.40470523
7.04015958
2.83679355
5.07905475
4.21000775
0.47049957
0.47408051
2.98878769
5.80841200
2.31693263
2.32291999
1.77779144
4.07421875
0.00640106
2.98437500
3.87801086
7.43448914
7.47656250
1.22753906
0.80037414
6.30122894
8.30175034
7.16158798
20.48864030
8.28247756
5.02396388
2.21566046
14.13266967
24.61071808
4.61718750
11.52726009
4.30717198
15.99657580
13.51188608
0.86556156
13.28946587
12.16186835
1.93050172
4.88048538
8.29773603
0.51224886
6.00064938
2.07283632
20.27102173
13.59612145
11.55351174
4.79732269
2.94543301
5.39734042
1.82169493
3.05721132
5.81152344
2.87455231
11.53458555
13.54610261
7.38850953
24.37087426
5.89087101
3.06250000
7.12154144
2.36043274
0.09641541
17.58207184
4.19094360
2.78411347
2.54629612
2.01029449
10.18404144
18.71646720
19.24035645
0.50911874
5.07031250
2.02689606
3.82857269
2.03320312
7.24910461
2.90811198
11.14799977
4.75826019
7.89408356
1.66060394
5.78861481
0.13651520
0.24336762
2.92578125
9.96170989
2.41569093
4.93750000
9.04508422
9.15970856
0.36527558
4.93314606
5.86149047
3.41092614
5.48441932
9.42696137
2.08984375
7.12801086
6.98738586
6.27575715
14.40335218
5.25765514
1.23315741
2.35335328
5.76517731
8.21350067
15.69274933
4.91406250
1.95275848
3.61897828
4.08593750
5.25736481
5.29450355
6.03016289
9.64843750
13.61811725
6.84627881
8.45043883
1.78926668
3.39769947
1.38355053
0.53417969
2.58754413
5.35561169
3.20161957
5.29642731
1.72098474
4.38664007
3.33081117
11.26472961
1.13012633
1.48112062
11.61283356
5.25602172
4.85766290
2.93319038
5.82857269
0.32429992
1.65519226
5.79252106
0.96349817
3.17000554
6.09415337
17.46232491
1.84134918
2.07588653
11.00435394
2.94771332
3.48901429
8.23437500
6.75000000
2.41015625
4.86718750
0.12316895
12.96101379
10.54597961
0.68530211
4.80802305
0.55737492
4.29937889
9.75233709
11.54008089
12.32412013
2.25009862
5.38671875
0.91845703
4.10156250
3.71634918
5.55191299
40.65621564
2.49214816
4.81762633
3.20161957
0.60091187
3.40571864
25.63024933
19.81311253
8.10502106
1.44755035
26.30850510
35.82359874
1.13197140
4.21654422
2.29126163
2.35110733
1.61666611
3.97745789
2.17533356
3.52254211
15.32543883
4.78694703
1.05399629
0.44238281
4.74702225
5.35555740
23.92357713
13.16597628
4.68779033
3.38484431
15.86254322
3.23112810
1.60644531
12.22131317
0.55843140
6.12410461
0.94038910
4.78222656
1.80371094
9.93750000
6.29329344
3.90637300
3.92578125
0.00456619
5.69921875
4.73566379
8.36366023
6.01696808
8.04809508
3.27388519
5.46093750
9.42020722
0.21647125
15.06762633
4.09342531
6.36763519
7.81950517
2.40548758
1.76562500
14.95788232
8.10282690
3.94470246
8.91406250
0.06880707
0.25122070
12.91148687
41.47099844
2.29231937
6.23392731
9.42533356
0.48331726
13.22977505
10.57364805
3.09696753
7.20658356
10.41227172
1.28837129
1.67187500
7.76183179
2.46037677
9.98379433
1.51665336
41.23217337
5.03353280
10.81472851
17.76127978
17.76485261
0.13785828
1.19868988
8.41316711
10.91406250
0.24853516
8.18225067
8.88609376
5.35987699
4.11551972
3.61149047
2.95113253
5.50423094
2.50659242
5.99084442
5.76057735
10.44555851
6.70536347
4.06685394
2.54536957
0.47831207
1.69531250
9.10412567
2.19497971
22.72396498
12.81250000
2.13627106
7.98449800
5.66886414
20.53336547
1.28075673
8.31234264
8.15189606
3.45552582
2.84134918
6.88716644
0.00622940
3.13671875
15.18391844
15.03739472
4.34118683
8.29042997
36.08285045
14.48344525
2.81868905
10.02868683
8.56070922
7.36507203
14.38296986
3.52629100
7.65177305
6.66117464
0.43819184
4.35502106
12.25244016
13.57111924
7.50891954
0.49707031
10.37890625
9.81594983
38.54260970
6.30615359
1.23970551
6.82165558
4.46146388
0.89355718
4.11283356
10.75077239
2.54655031
2.24120595
22.00240580
9.02734375
1.18383727
2.20581117
0.04074097
6.03035461
2.07511414
20.14648438
3.34525543
9.86410904
4.51216644
24.23119774
3.18469581
16.85689052
26.73128484
8.10156250
26.64220413
14.12975545
11.91578457
4.39615470
4.81136483
3.13281250
12.28202239
5.28739472
2.55798371
0.72416168
10.05289672
4.91975953
20.10122784
7.15890181
6.95381870
9.34118683
0.09025755
3.43237367
10.86706450
3.54402150
1.75492963
9.47566711
12.59146720
0.59009225
7.11303524
2.33459130
15.42082225
3.57511414
7.19742797
7.80948914
1.85929383
4.24609375
4.43359375
5.28381317
10.49218750
0.63623047
9.73783356
0.71907594
0.26123047
9.92968750
2.02574333
0.69687721
5.64107269
2.44820045
37.73650044
2.44812167
5.97310394
0.75248199
6.55802305
0.17362582
43.94380209
39.48608710
3.28812279
13.86608046
4.45724290
7.32120789
8.80187833
2.68790835
11.95173759
1.78699135
7.76953125
0.63378906
1.54838043
1.35742188
1.26367188
8.55419922
5.99218750
4.65279144
7.01472961
3.41300476
15.10546875
9.14843750
11.00760895
2.07617188
0.72318512
1.54679383
7.81595856
6.55761719
15.01216644
1.08451324
1.05806488
2.41210938
5.86091977
7.38126773
10.64727616
2.03077293
0.61394309
11.70222961
0.15351380
2.72851562
3.58203125
4.23760757
2.69480606
7.16451019
0.10882568
5.10668883
15.12768617
15.35285431
0.19197508
1.65637300
8.31494016
1.25439578
6.55289672
3.45491578
11.90628436
13.89404920
5.87109375
23.02779144
7.01517731
1.27832031
6.44531250
0.17547514
0.09334414
10.20312500
8.96878436
12.82975842
16.61754655
38.54004654
1.11914062
7.84419769
24.62442930
1.28670351
16.09543054
13.15202031
9.09041445
7.99815732
10.14253878
17.93208832
13.41573028
0.38822480
6.60937500
4.79121233
1.04863142
2.02444593
6.63452460
4.85620678
12.01293883
1.95739777
10.28214539
0.38008637
1.75435394
12.45658356
0.17085785
9.93981716
5.13830784
8.82812500
0.03345733
5.95108821
6.60611813
3.59167885
2.36718750
7.37845856
6.71138519
0.70979485
4.20573249
5.09765625
6.03470856
5.76862589
7.29041555
0.22229004
6.90506428
8.93290503
2.11320257
4.22220856
2.29809508
5.36641511
1.53125000
0.16979980
6.29394531
3.33353668
6.84765625
3.15625000
10.59820103
15.77454454
13.61202681
2.40185671
7.83768396
2.31315436
8.98437500
3.83744293
6.12125111
2.85380596
11.23168883
5.12625444
1.48145279
4.77779144
10.61450133
1.06424895
4.98628878
1.24511719
0.74267578
1.50585938
6.32200965
11.89478723
12.12577239
9.81954011
9.49910461
4.43013519
16.27832031
22.78560394
0.59431945
0.74015320
4.05379211
1.90519226
9.85484874
2.46741688
8.94160794
3.21464206
2.80875610
0.86702515
10.46093750
3.41601562
12.04956055
0.33911133
7.82812500
18.20133422
2.89632203
1.36914062
5.00736481
1.31607658
2.57304299
6.51367188
1.10697418
1.97212738
12.56595856
6.52555297
1.81298704
2.53543786
7.61434397
8.15714539
7.57576352
0.56929660
19.09964872
5.92423648
12.48783356
2.87219083
1.03405917
8.67854610
7.00313386
8.99064273
0.06176758
2.54492188
7.69168163
19.00744349
7.49980828
14.63114472
1.88476562
9.70312500
0.60449219
7.67053192
0.79089387
1.08789062
9.33593750
4.98860594
0.86295656
12.46260528
6.87919160
15.03906250
9.78315460
9.18061725
0.79887494
4.46529144
6.18135528
0.23535219
9.44877106
5.52329456
1.63730939
9.39843750
5.25345856
11.82031250
6.10982269
11.87597656
0.02435303
0.63867188
6.44130514
4.28985482
6.22790558
4.32076019
10.91702904
4.55562721
1.06880707
2.98632812
0.86445638
0.28129557
1.83300781
1.93554688
6.80854943
2.62699745
8.42345413
5.59607712
5.14062500
3.45658356
10.75937169
5.97935726
3.96244293
9.10591644
0.68221008
5.93839539
10.15970856
2.82966977
0.34314121
5.71198028
1.27044159
10.31237700
0.62902925
3.25209553
7.34466533
3.60591644
5.26216644
0.04205322
0.66601562
3.78515625
3.86970136
3.39397052
0.14904785
1.46899414
2.74324524
1.95304383
7.38358489
0.30000886
6.60619681
1.84106881
7.03641069
13.03992353
2.74625610
2.02311281
0.24141418
1.03995789
8.38191711
2.84269226
0.95869903
8.67801972
14.20312500
0.16743864
0.76713168
6.23313498
7.78639627
0.86718750
4.12455231
0.70943207
3.32812500
12.36718750
0.48071289
2.43683037
9.57416572
4.34163453
2.68314606
8.69185394
4.54642731
41.51983351
3.79168993
3.38419493
1.49808871
10.58593750
9.26142842
8.36666112
2.69612921
11.30731938
4.34669215
4.35278258
8.46106050
2.81685394
8.78560394
1.61425781
0.01885986
5.58548981
1.18404144
1.52148438
4.90551197
1.66284740
9.83898895
17.17879211
39.75846188
2.97770390
7.03861481
8.91060394
8.24783024
2.38933621
11.46736508
2.28076296
12.22298156
3.55078125
27.99396333
14.31703124
5.13928192
9.79174867
3.08007812
2.33972075
2.95520113
6.41458213
5.06913674
2.27298981
5.34029144
3.52298981
6.98091644
2.16601562
0.69775391
10.31181896
2.09409463
1.23535156
10.64843750
1.84517426
1.81445312
8.04158134
3.20992409
11.11094914
12.89145168
0.22863770
5.06807403
13.52176972
12.94686890
1.67187500
4.99776153
3.15848847
12.89941406
7.73587545
11.14648936
10.09276596
3.63334884
6.22745789
3.83308899
1.31827820
5.48335661
2.65531527
3.32421875
8.39255768
5.24263519
16.22656250
1.69551169
4.50663674
3.70312500
4.79678510
17.95467475
4.47852061
0.62428304
2.44637522
6.04732269
2.64131372
3.24540503
5.65234375
1.60644531
2.08056516
0.21508914
11.15970856
7.78515625
2.44771332
11.79581477
2.84383366
0.03108215
14.92040891
1.05615359
0.32338190
10.95748144
0.24702973
19.67639129
24.84285461
5.75223847
4.17399047
9.32151763
22.62147273
1.40617132
2.66390015
5.55078125
14.21093750
3.00931793
2.70011414
2.96439606
1.26074219
10.45263298
2.37744514
2.31490082
3.05423981
8.31250000
4.98482269
9.61283356
6.35201019
2.97070312
8.83068817
6.33539119
1.98431127
13.64927237
40.72645943
4.51049867
4.69140625
2.90429688
2.42578125
1.94042969
2.28999723
2.29398714
18.97611481
3.16796875
8.07466644
0.75732422
13.52091368
10.02522828
11.99929633
1.78854609
10.32031250
11.51127106
7.41451019
0.83886719
6.72220856
12.09708181
1.35795573
26.51924092
5.15263408
4.68610106
12.45382867
5.26477393
13.76127106
0.74943055
8.66662567
1.59802277
7.90580231
4.95556516
1.66011691
4.49194149
1.84790226
3.41210938
2.19921875
6.03672541
3.92811834
13.38748117
5.66330008
7.50767953
8.13685172
1.74414062
4.21093750
13.28906250
4.17187500
6.93660461
2.87980164
2.03096345
18.90423011
29.82133339
4.15234375
2.60937500
4.50736481
9.23872894
0.12902832
1.00306348
10.58130319
6.56693263
1.23027205
3.17232269
5.25341423
5.67236702
10.03539229
6.22543107
14.57543883
2.58951906
5.36283356
9.16662567
3.48225953
14.89843750
4.57421875
20.21805053
6.41406250
6.43404144
0.43314606
2.11958832
13.15535461
10.43292942
5.23398160
3.86499023
17.40421321
8.22859929
2.27148438
6.42053192
1.92614777
9.78267177
3.71895169
4.51009530
7.03125000
3.60923953
5.44792996
16.12500000
14.08894836
4.30993683
15.11283356
11.80354610
7.64286347
1.48763187
2.44921875
2.38102172
0.20467164
4.24218750
10.84977172
4.79092947
15.95337101
8.77726507
1.24389711
4.58548981
9.70825133
1.31156278
2.87223515
6.52734375
0.39526367
6.13671875
0.96875000
36.13580716
3.15231936
12.17008422
1.53446504
7.85412567
4.01594969
1.22518007
16.04023826
3.98275155
10.96584076
7.44877106
0.12137879
0.55582454
4.55672429
9.24564606
11.33601867
32.68469083
2.92820708
0.00000000
0.00996399
3.14408356
4.22265625
5.93208832
5.73905364
1.44942293
5.05859375
13.52600067
0.96618683
6.59932403
0.69856812
7.62935394
0.41308594
1.43855774
1.60441101
1.37402344
6.61034377
2.69373337
4.39408356
0.44868988
7.37801086
0.15429656
4.84944703
3.16451019
6.11873227
3.66837710
11.17227837
5.15645169
2.84314494
12.17097961
1.89393128
2.66556793
9.38110352
6.46529144
5.50781250
1.85013824
6.69083555
1.33597933
6.50390625
6.56281472
2.79460715
5.33593750
0.25431305
6.01863586
14.63370789
12.77290863
0.13903777
1.49015320
5.52722075
1.24666445
3.93269836
3.78755707
12.39745346
15.94361037
6.34944703
25.96228058
3.75528868
1.05037539
8.29597961
0.37617762
0.19942480
10.61718750
14.45991911
20.28857048
40.75842752
0.98527039
7.64062500
3.29406583
22.74784270
1.18908909
16.37316458
13.23771553
9.38460328
8.35587430
2.85392398
16.65848785
3.87740082
0.03204346
6.66015625
1.00577073
0.28133865
1.89935915
2.64621024
4.89758643
9.07543883
11.58426972
5.31685394
14.13179411
4.78662234
8.61718750
0.27514648
6.41804743
8.04158134
3.00716810
6.07377106
17.43750000
2.20018784
2.61141677
8.32120789
9.89843750
5.52139822
9.31746897
0.11397309
7.32071587
9.34757632
2.37178745
4.56640625
2.82979278
5.61987367
1.10644531
0.17553711
6.45605469
3.52734375
5.70703125
2.78125000
10.05477727
7.22263186
15.46606383
2.96936004
7.71541445
15.49385528
12.69872673
7.55216866
11.50870789
0.18442686
1.00838320
3.64062500
0.59619141
0.85786957
0.70703125
1.64790209
12.03902814
10.65535461
8.08683289
9.46439606
7.60636414
15.54492188
4.62845856
9.81685394
3.38041168
0.27046723
0.15456084
0.39725801
3.10457336
4.43839539
9.04442986
2.45512245
7.14440825
3.85799257
3.00736481
1.25044769
5.86059508
10.63549867
1.66068512
6.32755430
1.79886996
6.59765625
1.77246094
2.41992188
10.87320922
8.49654144
10.60916833
7.53430518
7.06250000
9.15266844
1.08675172
0.61710633
6.21183289
14.10937500
3.44698028
10.31339539
2.06624390
7.58922873
8.36344858
2.53515625
4.95178192
0.18001344
1.92285156
4.37890625
11.29740138
1.09712987
3.25675227
19.48286459
7.54863142
9.65714539
0.82080078
19.06506317
6.29866578
5.09029144
2.53942653
1.98942265
2.75435394
7.02209442
1.72302277
10.80814606
16.03816711
1.97098100
10.98206283
1.98925781
4.80122894
4.81896942
1.39782746
5.39062500
6.06250000
5.95043883
0.35302797
3.15340149
4.21470579
1.78423647
11.21830231
3.29927582
9.89408356
4.99263519
12.47167969
0.01669312
0.11541748
5.89557902
4.02946919
4.23661347
3.45267731
13.71813498
6.83700022
5.41015625
0.96723896
0.22730053
2.27494293
1.75683594
8.09256428
2.61837322
7.77815049
2.71057845
14.37845856
6.20457115
5.92824135
4.37935394
8.62845856
1.04996703
3.92216035
12.69877106
3.96683622
0.55265445
4.68635860
2.44725815
1.47824024
13.01806516
0.70601535
3.18801267
2.65622561
9.76562500
0.09191895
0.65922027
3.76216644
3.69742797
7.65759308
12.28470856
2.12784851
6.46561614
1.78633699
5.59960938
6.19742049
12.38815048
2.44681793
1.85530640
0.41011504
1.08036347
6.17789672
4.91585328
0.69405059
8.66585328
14.91060394
0.23909360
1.08243960
6.91668441
6.65753434
0.80810547
3.71048981
0.68306488
2.23685699
10.94185394
0.42407227
2.39833888
9.56357487
4.18884308
9.32031250
4.90189606
6.34724042
41.82756427
4.57665891
1.45992160
11.66406250
10.02384087
9.34155585
4.13460328
9.35770473
4.06486148
3.09948637
6.90816378
2.20552582
4.86328125
2.39017731
2.13130707
1.27832031
4.87840925
1.77784075
22.20735096
17.40955119
38.79296875
3.42020722
11.02945922
6.08727560
1.47026041
5.40323914
9.77445465
3.62087711
11.79269711
2.09419769
2.00789367
1.33097351
10.21004211
7.15323914
4.00781250
2.48437500
3.40189606
5.13073637
2.21541445
0.62500000
11.00685848
1.73349456
1.18945312
9.88627106
2.45357269
1.77832031
7.04471521
3.61544104
12.24709470
10.82765292
0.40938324
8.53202239
10.17110261
0.25292969
2.18554688
0.14953613
1.16894531
3.83854001
3.78405917
8.74361176
6.76700244
10.95565381
8.56819205
2.69653756
5.68058289
0.43754059
0.78609223
6.16918883
4.50659242
3.94140625
7.93963592
5.49353058
15.68359375
4.05679799
2.08773326
6.55859375
6.79252106
1.23475730
19.22835328
4.48576241
0.46504357
2.94145057
6.61718750
2.68741634
5.02502659
5.42622894
4.53548094
14.27266511
7.42232269
2.72416168
13.02952544
6.20432069
0.03283691
15.34138852
0.97892398
0.32685572
11.31339788
0.28999848
19.17053192
25.43660461
5.84598847
4.14664672
9.31476411
22.48117242
1.50053136
2.81819703
4.88326019
2.40865082
1.24707031
8.21875000
10.40189606
1.94283051
8.99604943
6.88676307
4.60546875
9.28637633
6.15502992
8.21439606
8.78291778
5.10424867
0.84033203
5.37622008
5.75080674
2.43742630
10.91111100
39.86387189
3.66329011
4.62544769
2.89453125
2.49804688
1.80468750
2.96638852
1.93941378
13.93794769
2.63822418
9.36372894
0.64160156
13.80155364
11.32722961
11.26158578
2.05689660
10.32031250
11.51127106
7.41451019
0.83886719
7.19140625
9.57046986
1.55843639
26.45539783
2.43087322
4.68740325
13.31051750
10.37536901
4.64676972
1.33365968
12.95914672
3.55257203
8.20312500
9.65421321
2.03479222
5.06180630
1.68375859
2.71875000
2.97762024
6.66762412
3.86452127
12.82689495
3.62623005
8.39679411
0.53484651
13.35521028
18.95627678
29.57636858
0.44975759
7.66406250
12.44262633
2.53829011
10.32006649
3.38155308
12.73632812
2.78320312
12.67097961
2.50585938
5.45792664
0.32397461
1.79101562
14.78470856
14.88637412
4.66094857
5.01000977
21.67854610
6.00895390
1.03515625
10.36283356
1.64550781
12.85208888
14.47477172
4.01733710
6.55468750
3.56692141
5.80864804
9.55122894
14.79296875
4.62544769
17.05765404
14.50793550
5.03918550
2.75805851
7.36950466
0.53377507
1.96927887
10.51037567
4.79312860
15.87601839
9.51139406
3.64599734
6.60892731
7.99519836
3.46508478
2.09139350
9.24564606
0.91646332
8.45658356
3.67382812
2.14590869
32.34220523
4.28719304
7.13440159
5.72342864
4.60559175
2.22656250
2.39843750
0.10302734
0.12774627
3.18103058
12.42956450
8.77961658
2.52279310
4.79658467
19.58914257
0.13525266
12.48002106
21.19437777
13.12935394
4.62967864
2.14225343
23.53819275
8.66829344
26.96764755
10.36074247
7.19952030
5.12544769
6.28515625
0.05020142
4.94307403
12.15344083
4.32145390
3.58789062
7.62629876
1.77225676
6.63464760
0.05429077
1.71191406
11.77998560
6.55941046
4.51956062
1.91643395
1.38378906
15.03637633
5.91420989
19.94785128
4.77734375
0.81591797
1.17871094
11.81269670
5.82898603
0.69376648
9.27323929
15.69873795
1.60156250
13.50166778
0.19706269
11.20849609
11.04687500
23.77617339
1.57042927
5.56279033
9.68839539
10.65266844
6.70613586
7.64554964
6.00781250
4.55859375
1.61984543
9.52250775
4.60892731
5.85648714
11.83084553
1.43087322
3.88521332
11.91292110
4.30538120
9.97357974
3.03227338
1.03222656
5.94734534
4.51140403
15.78918550
4.74263519
11.85937500
2.85045670
15.24182845
12.40970856
0.09871430
1.81054688
19.83427221
1.35360926
7.56986481
15.78906250
1.51912445
2.81445312
12.54296875
9.92743906
1.46513907
7.50781250
2.10791016
9.03125000
16.56567383
5.95703125
3.58203125
15.83483264
3.84717420
25.19774768
4.76953748
21.11629211
1.30070008
10.20312500
0.38865838
1.70528479
2.51021332
8.20596853
4.04793772
7.80444149
23.21464206
1.15767426
10.56941711
0.09952820
6.00781250
2.33984375
11.17187500
0.80620684
6.44694592
3.84908623
3.39526429
10.56196864
8.10892980
1.97416168
3.82466644
0.15502930
9.97387633
4.56864472
10.96875000
11.99271388
2.77335882
7.26435063
1.20004543
6.63064274
8.77170101
9.75244016
7.75582003
9.15189606
4.72701019
5.87442930
10.29353945
0.01657104
13.45682333
1.42550088
8.46959982
9.54813940
7.26843417
10.79675200
1.04992769
4.10591644
9.93314606
0.09438080
2.29296875
14.10937500
1.13183594
5.38668519
63.08060450
22.98002604
6.49357491
4.46708222
9.45495263
10.67840919
7.02734375
18.54092698
2.83970871
0.37894684
12.63273008
0.51374423
0.24886047
10.45096521
10.63448028
31.25732546
17.19628657
2.78170268
8.17187500
0.96919769
3.32873504
0.02676423
2.60546875
11.11478668
4.14062500
23.73182922
3.10607131
4.78357712
14.48437500
1.45682707
2.43326906
24.71042089
3.12821753
1.55948914
7.08376774
3.38274379
3.89676972
9.59375000
10.32812500
10.03983489
15.31429078
18.04359986
2.93815094
7.37544769
0.11431885
21.89756328
9.45458112
1.37973293
10.35823360
1.99821171
14.14843750
9.10892668
5.39766511
5.07031250
1.06498199
10.75000000
18.60835661
0.70511996
2.11132812
3.84069824
5.06205231
7.56762633
5.94486481
1.48938082
7.34215592
15.29854278
6.46538009
20.09171321
7.30192265
14.14041833
3.26566932
12.94250333
16.36197252
11.60832225
12.26164007
1.70711242
3.24833222
9.16255707
0.16556793
1.13627106
14.41925754
4.29814937
5.55257203
3.83158356
8.55558289
0.04484039
12.47582447
2.88024933
6.13656139
0.94384766
5.14062500
1.45421958
2.95060616
21.96333832
5.63773590
7.06294769
1.72558594
0.14816160
34.00590121
17.80664062
2.86372894
5.78080231
6.49609375
4.06685394
13.81595856
3.27734375
9.33247894
11.61283356
4.75736481
1.79191101
5.64017731
5.61763519
1.72812398
18.12126108
6.05167664
5.51261414
10.19095856
3.10831726
7.97029477
10.24308289
1.17386996
6.16060394
5.78808345
5.27982823
23.80518211
11.04325908
0.22689342
4.85351562
9.88281250
5.01562500
12.93648161
5.07088320
29.63565063
3.94246399
2.38566101
10.72823028
6.21740692
0.82979402
12.18290005
9.77112034
1.08789062
1.14465052
0.80798620
0.78613281
8.31420213
16.87394725
13.29427249
22.61632647
19.15442486
4.08536182
3.57162123
0.77197266
19.23795256
5.03393617
1.96210204
3.17705812
20.23258422
3.62874390
13.31884766
0.50537109
6.75244016
3.07133089
19.07918274
9.65571366
35.46346631
11.35872562
0.12443023
5.44921875
0.82222504
14.08658688
2.47741855
10.94160794
9.47758089
1.63407441
1.17667664
25.69649075
15.80045656
1.49645716
4.61379310
4.83670989
5.02445589
6.85493988
6.13692044
7.34618891
17.13806183
6.68843971
6.06506317
12.84554078
5.65926086
10.91625665
2.88065769
4.73327792
15.56883644
1.74952293
0.63480621
19.26077654
11.61715314
10.83991241
0.21895355
15.05830342
9.22298094
1.19430158
12.82812500
5.03125000
10.36181516
2.33154421
9.34195922
10.06534851
18.88716644
6.28880652
0.04420129
6.01127106
1.69945354
1.04900044
7.08548981
4.07466644
19.02331450
8.84733156
9.54629433
1.20564882
2.94878102
13.07812500
1.58780945
5.99430297
0.39754273
3.28621399
7.96336769
2.03948082
0.88476562
3.02041231
8.23622007
6.25992797
2.10335328
2.33638519
13.68033496
7.66659131
2.04146332
0.39135742
16.87703181
0.28283909
12.43147828
9.11372894
20.76329956
0.59106508
0.16379729
2.29174867
5.52343750
5.30859375
0.41918945
1.51607269
18.30891844
6.93192597
5.93228377
38.81950576
9.73103945
2.76021332
0.62504059
0.05487061
4.02644836
7.21394836
3.98656915
2.87504432
3.05379211
1.87101258
11.09085218
27.87337655
4.51233377
5.75345856
7.49112478
5.20809397
0.28877777
24.22485040
7.01353392
3.46474068
11.40417138
4.78934660
3.18152260
3.06253934
16.61364030
0.79790087
2.26663966
2.74166112
3.47021484
10.77090869
11.48421764
3.43237367
2.78515625
8.27689606
10.82359376
6.10218749
1.49824856
3.60331394
12.25272053
8.73165447
2.72806793
2.70948894
26.03488087
15.65003656
15.91437722
4.09758754
20.41145813
10.48974734
1.35005707
7.15055297
3.24511470
1.97151983
12.22131317
0.08081086
2.85937500
14.72912567
6.87934398
2.71725454
9.88281250
2.96138519
8.84004544
2.47636081
4.46875000
9.71875000
2.05468750
19.51712669
1.39156471
6.55859375
2.09916168
11.08939606
4.50435394
5.94140625
5.71394836
1.20165891
8.83874667
2.80418551
7.08420101
22.84073914
10.54431183
14.32287567
10.09720856
11.58577515
3.16210938
5.08504211
6.13761414
0.04943848
3.06835938
19.75000000
2.63085938
0.00869751
0.69628906
14.62064606
0.65639252
11.47554411
5.05525820
5.05859375
3.54750602
11.16841644
1.24523770
3.55794437
8.26598405
1.01127853
6.04687500
1.89941406
0.28344727
1.98973426
22.86276297
4.39554964
10.61706450
14.74222186
2.56441877
4.03092531
4.44531250
15.96740723
1.11328125
71.36262844
5.28886081
1.96244293
1.95792664
7.14754211
3.46573914
5.92834442
7.27689606
10.77518707
0.45731660
0.73681641
2.28070493
1.35275819
7.84899933
1.90181488
14.31363891
5.43833976
2.10856327
6.80468750
11.86371677
1.34843362
15.72993427
10.04236369
2.19665558
1.55131012
27.18631926
5.44498781
4.64115138
4.32458153
2.10409131
21.45892822
1.74291805
6.58317265
7.46048981
1.50728363
11.64810284
1.56478778
16.55200133
5.85424867
8.20594269
4.19986813
5.32747562
13.94185394
10.11193817
1.83150238
2.21573914
2.86283356
7.51953125
9.28125000
-0.00453048
5.69921875
1.19824219
8.59316715
23.79082266
5.99121343
18.43444482
1.12992714
3.33398438
13.85305298
2.38343749
8.60245789
3.37589539
32.59692321
1.17216035
1.63281250
2.21138519
8.70612589
3.03606161
5.91575591
8.17791261
21.91520291
9.16687167
9.76321920
18.63635472
16.02510528
3.44653258
2.65417885
8.61323693
4.65629432
2.38867188
16.77665005
2.13366855
3.70983046
17.37556572
9.37147273
22.37610652
2.20320866
12.54162567
11.43875153
2.81160461
9.83247894
6.40869016
0.06905246
1.29992395
10.38139073
7.48571808
13.52343750
2.09570312
13.25552970
4.74133643
1.44413176
0.68058414
2.46333832
5.62357574
5.65669769
8.83158356
0.04262299
8.52766844
5.54943817
11.36385195
20.05309171
12.84517177
1.85746620
11.69665434
2.77791445
1.59871399
2.55358565
3.19686724
8.46935506
6.11613475
5.87109375
2.40865082
6.36059508
5.10681183
0.25187195
0.13387055
13.83158356
14.25781250
10.66451019
1.92293274
3.67667664
3.33939606
0.18684906
4.28125000
1.61629211
6.52498227
13.43666118
1.25583000
5.15625000
5.78951019
0.30883789
0.04345703
8.72416137
3.06099457
0.38244660
0.18945312
2.18484133
3.07126218
18.59244626
6.65169437
0.93350884
3.19295600
10.71586842
2.25106272
2.27237976
10.64933289
2.07271332
4.92968750
20.85519409
3.53929729
10.87037067
4.77966091
2.23942265
9.52779144
1.64310699
8.91316711
0.82019074
8.31506317
10.83507647
3.40454787
11.08109154
4.45361702
11.64383755
8.91841644
8.59900421
3.84790226
8.36718750
4.08247396
2.73934397
10.16060394
2.76757812
3.39469360
0.88814301
0.23376496
18.12700725
11.54085328
0.84191988
3.96244293
4.28951019
0.45092773
2.13456145
10.39933289
2.38309785
0.00347900
12.46500111
7.47640514
9.13281250
7.55334442
0.18546570
13.07181793
11.64003042
13.77325907
3.46795410
21.13289274
3.31640625
6.89241578
2.67500886
5.99609375
0.00965881
5.91796875
4.11075743
10.99666445
12.48330730
0.13525266
2.22562777
8.77652704
1.30648077
5.05859375
4.94531250
8.21875000
26.63097138
9.50602172
28.16091888
8.66331450
12.29318850
3.65384918
5.10982269
0.04177856
4.19742797
5.50524933
6.52563165
6.07593085
2.36372894
7.84455674
2.31135860
8.02377216
0.04571533
1.20898438
12.03779810
6.09066046
3.78092157
3.05102726
1.41560976
5.46215758
2.82031250
2.99532136
1.61035156
14.27680741
2.43803634
9.46785461
1.94523133
13.40318613
16.31645556
1.72070312
12.99295989
0.14375886
13.15722656
8.57377106
14.56435949
4.42046320
23.93159090
2.39247007
7.52209442
3.39587433
2.67622894
3.77945922
5.94396942
1.51485261
13.61714318
8.54122229
3.67472351
1.95019531
16.06494016
1.13126773
4.30468750
8.59004544
7.64823581
11.02773355
4.34546210
1.74707031
5.46872301
5.54728834
5.20357269
4.94095856
3.36132812
9.40091202
5.20020279
14.96964539
0.35469574
9.33593750
1.63305041
14.55713514
2.00390625
13.36887604
12.66629101
1.84392231
7.99564606
2.02880859
8.79341644
16.50110870
15.97131317
2.91390015
4.90189606
10.23746454
4.33675421
9.22733489
19.08426972
8.78816711
2.58805297
6.13248781
6.35591644
2.42968750
11.15625000
0.93151450
3.44234596
26.15445922
3.83585633
3.47444703
2.14847435
3.72399933
8.03182319
1.65718473
7.17244570
0.22530121
6.81250000
3.27734375
10.57812500
8.53714872
0.33809543
3.75842254
2.21813996
6.66535129
1.03537289
7.07070590
14.78130429
6.41845703
5.25390625
5.67968750
9.03625333
9.29187167
0.01908356
16.33595997
1.05054272
6.67675943
9.47896830
8.30008755
11.38562167
1.16386081
4.10245789
11.29943817
0.11608918
2.11132812
14.20312500
0.85742188
4.91235616
23.13655765
3.12431128
3.77282746
10.14062500
4.09842864
0.55245027
1.09375000
16.74414062
7.63627106
18.80563101
2.91328513
3.78276041
9.60746122
9.47131317
4.01932956
20.16738558
4.79891179
1.86364777
10.92991357
4.51527592
2.87166445
8.74218750
14.71785461
12.17862976
10.03470856
9.80102477
11.17456117
2.88289118
2.41007757
1.92134613
7.34375000
16.69954344
1.26057984
2.30631095
6.36999418
3.04077460
2.73791722
2.86372894
3.87935394
3.31416778
1.95926972
15.69412927
16.14819149
9.16288674
24.52384087
6.65104499
13.10758422
4.28617464
14.02420989
16.15050865
11.98462101
10.27034796
2.73319426
4.29309175
9.13476562
0.21309418
1.16422485
12.45584553
4.04460217
5.54386414
3.47070312
8.41060394
0.05075073
12.55830342
3.25964262
4.65621564
0.95601410
5.35847961
1.52709587
2.78414284
10.00000000
3.29292816
0.15853757
33.67679964
9.16060394
2.79882812
11.90970856
0.31856293
11.52075133
1.18090758
5.38358489
8.38741245
8.71439606
12.47656250
3.32421875
8.98091644
9.54162567
3.67805907
1.90682070
7.47265625
5.00345856
2.09233051
3.72774822
12.15970856
6.08548981
7.59029144
9.79252106
3.03214539
8.14172208
10.46183289
1.48779421
7.89017731
10.83495845
5.45650487
19.91179892
12.79520722
5.81714428
3.37980164
5.10668883
1.43973847
6.46439606
2.25532802
0.96688054
17.27331450
8.56787234
1.71484375
0.65872950
1.21627050
1.15189606
11.00011553
17.19515514
12.56836062
23.43676197
15.86523936
3.87727283
3.20744459
0.84375000
19.25852004
5.34688386
0.96704102
15.88448028
3.80887910
7.70222961
0.95597351
9.12308622
3.87300753
15.74234985
8.37991966
36.79199468
12.55749667
5.57377106
2.96634918
24.81136109
1.07181793
11.92154034
10.22600177
0.83003754
1.75577820
30.49011137
18.08504211
1.98299008
2.75455906
5.37154144
5.45145722
9.87935394
9.28535794
3.42948581
11.74625236
17.85990138
5.92363142
7.10021942
13.84899933
4.96048981
9.86132314
5.19816600
11.74287124
1.82894669
1.59224457
16.74347629
8.90605828
4.93839539
9.63383089
5.89107269
0.04921478
11.55330009
11.42748837
9.53544658
2.03019226
4.02388519
7.80379211
0.87949615
7.02042664
1.40376801
1.76562500
16.21268396
0.57890112
10.23437500
1.06001801
1.84712738
22.37348579
0.69173219
0.09433959
2.22790558
3.83443207
3.05664062
0.34179688
2.33007812
13.93225067
2.57226562
7.11961395
39.45561945
7.10148382
0.12870301
2.06852172
7.24218750
3.19307403
1.43274019
2.12064606
1.03462738
10.75633644
27.47579759
3.91097296
6.71919769
6.28548094
1.46903535
3.99308289
2.69576019
3.06835938
3.41166168
19.30513519
1.62572931
4.58791139
2.80611425
4.58056516
15.74759420
1.04826490
2.45666224
2.54333776
3.28955078
11.66959220
5.19836831
8.11193817
1.55843140
1.88769531
8.09720856
12.51773050
3.09555075
9.15970856
7.43794769
6.84810394
3.99279754
2.44791520
24.86202681
17.56474844
14.08140626
6.40960549
16.84860136
9.69287234
0.93257660
7.92488586
2.10900599
1.71370733
7.88326019
3.42382812
0.02871185
3.42036957
12.06225399
8.66780640
4.78662234
2.66646332
6.53080231
9.42409852
3.34905363
5.29130097
2.85050476
8.11348294
3.86698581
3.90580231
10.91051654
2.11776318
4.75390625
3.88085938
2.41992188
10.60066711
6.57511414
4.94095856
5.71817930
1.54996703
10.14689273
2.80137509
7.06113253
4.31819703
26.10716767
10.83593750
15.80200133
9.52433289
6.33972075
3.29683566
5.76997894
6.18359375
6.99671958
10.68839539
1.25374141
2.38440159
10.13646277
1.09445367
5.01953125
2.84960938
0.19323730
2.42784398
24.49821888
4.02559729
8.48002106
8.13232048
1.69673925
2.65966921
6.31205231
17.05444336
0.87068664
68.88156854
8.87219083
6.42269171
4.12915226
4.21439606
3.80904144
3.87170379
7.44576019
10.07918274
0.26546265
0.42968750
2.67936156
6.04085328
16.23266539
6.46935578
2.31685394
6.64200836
14.93863010
2.88236481
29.84977172
5.68192597
4.57775599
6.20556516
2.89290780
23.09782898
1.93688747
0.61430089
2.19140625
2.98392731
1.18945312
8.77554300
1.26156637
15.26127106
7.88227272
0.82771789
6.61462433
6.52973959
11.29403147
7.93004655
3.58910074
9.07264959
1.37695312
2.12589539
3.58789062
4.48783356
4.99654144
2.45898438
7.42578125
0.01513672
6.66015625
1.11771637
10.37705868
22.70065672
7.53072362
2.49654144
29.41227172
2.71317597
1.64550781
2.73828125
7.97599180
2.69783632
7.00055076
6.51055764
19.55474410
4.68583222
19.45792166
18.20499944
17.97029477
4.19966644
2.48006538
8.66279810
6.40751440
1.39257812
16.03727172
0.80021180
3.13654145
11.84814952
23.54021164
4.92871343
10.16894531
0.30110563
9.55135195
12.95631928
0.22912598
10.84375000
0.03256713
0.01910400
5.06160461
12.91841644
7.54431183
14.93660461
1.44238281
0.78068055
0.05461089
0.57975157
0.22481418
0.94384766
6.48762065
5.96908466
5.08772828
0.00872040
6.44051086
7.65433622
10.78829011
4.87813386
3.11328125
7.75824750
15.44802306
2.99484928
6.92459553
1.06820201
4.71394836
6.53739472
6.30769836
0.28312195
13.44877106
8.66158051
5.43359375
1.51074219
4.59375000
2.44726562
8.06160461
8.61181516
10.59943114
1.54322971
5.60546875
1.56978363
0.38110352
10.49308227
2.43631926
0.46439730
0.33715820
1.21081013
9.72009807
7.20222961
3.12003601
3.66556793
5.19185394
0.51562500
8.56160461
1.40226258
1.58496094
4.56205231
2.60981584
3.75220412
11.58927305
4.48494570
14.30143063
8.40458222
5.04508422
6.31921542
5.36393063
1.12239749
7.37109375
2.89648438
7.08459442
1.62186614
0.22424410
11.48125573
12.32222628
0.82487062
3.69380707
3.56445312
8.24910461
3.68253601
7.34085841
12.64522495
2.49682679
0.01450210
11.02689107
7.68644725
9.13281250
8.76818817
0.22497590
13.63387024
11.80765767
5.21379100
21.78071957
4.86999667
6.66646332
9.01997894
1.41906738
5.87276153
2.09794160
6.59765625
0.09466553
12.09720856
0.99458832
13.29149269
0.01127106
14.78548094
17.18648161
5.99109042
6.09753325
2.54533023
8.32270834
3.35217752
13.09065548
3.08602116
8.83158356
1.95845551
9.09887633
2.58471742
0.72021484
1.42777372
0.80464816
7.43798828
11.12845856
3.99654144
0.58907012
5.94710328
3.44351674
1.42757701
1.74654144
5.00809411
8.88383089
1.07116855
2.27762910
6.85119349
13.28853612
9.94352172
5.62333222
8.68469083
3.35049978
12.74996564
3.97599180
0.75101839
5.21797263
16.41483987
5.72265625
10.92956450
0.16882418
12.18293440
11.42009294
3.05468750
9.90535461
0.49405945
13.13191711
5.24263519
3.48242188
5.97151485
1.45080784
7.51171875
5.37500000
1.94571836
3.64705507
5.78771942
0.93981965
2.85489805
1.46789644
6.23111813
0.25956394
10.98783356
15.14843750
0.15767426
10.84778342
2.75974622
1.36523438
7.16327765
9.47246453
6.58984375
7.01037567
0.27087433
9.37845856
10.87845856
9.51674653
0.62023365
0.92456615
12.21439606
5.37544769
2.29882812
1.63179411
0.24080507
14.03356716
2.03523991
2.12109375
3.97387695
6.50736481
11.27343750
2.51411957
13.59631348
9.83068817
5.07511414
0.62300629
7.68432555
6.03739472
4.55513519
11.73002106
1.72017426
9.78710938
3.60607879
3.21183289
9.91841644
5.71093750
2.51562500
3.11328125
5.20703125
1.24543814
0.84782358
5.24910461
0.16630066
3.14648438
5.89062500
0.00846863
4.98783356
4.47749848
2.17923981
3.12564938
1.44022800
2.05860080
14.09201351
8.06583555
2.72668550
8.77433289
11.13191711
0.06905121
5.22701019
1.64550781
14.67252563
3.15413453
1.63867188
0.83654380
0.70105385
2.31644854
5.32570478
8.43391844
6.72464872
12.97424534
1.70454926
1.35644531
12.60937500
1.36900952
0.79578540
5.88281250
3.60351562
3.73046875
0.69921875
6.97823028
5.18461152
6.05859375
1.95996094
0.01158142
8.75602172
12.76452637
7.73917664
3.01634496
3.87057734
9.01411957
8.80814606
17.69877106
9.03560394
5.66458888
0.33683538
9.60937500
8.78906250
7.86629211
8.57511414
11.58504211
7.86027039
4.32377106
7.86181516
3.73042941
3.52148438
28.25594055
10.43138963
12.83031915
6.77824911
5.76171875
10.30814606
5.10758422
10.58426972
5.48046875
6.12556945
6.02042664
0.34822570
0.31827820
3.25195312
8.97785759
0.35595703
8.03035461
0.53409851
6.17598294
4.77714206
8.21875000
0.34130859
3.61718750
3.73588043
14.92550566
7.42065492
0.44417359
4.16796875
7.35546875
0.00232315
10.98864088
3.42786236
14.85937500
7.47656250
3.81490082
9.98002106
1.58638519
1.45703125
9.35937500
4.88281250
0.33679199
15.55379211
9.18750000
11.64408356
10.52433289
13.46529144
4.27644836
0.07399506
12.47452571
2.93367741
0.94380707
7.18085329
5.58477171
4.55468750
0.79736328
4.43720593
7.87968860
1.34570312
1.56953762
0.03348972
0.73046875
7.13513184
2.41015625
4.62276153
7.70918108
10.04651595
4.48828125
8.63545746
0.81298828
1.98490387
0.49263519
8.92968750
12.90625000
7.03426086
6.98136414
12.72656250
1.79492188
4.82767731
2.93013519
0.05914307
8.52600067
8.40173371
0.74951047
9.49320589
6.55033356
3.33097351
0.47656250
5.96044548
7.27197639
2.09570312
3.51367188
4.56693512
2.50541168
5.84810394
1.20357269
5.27343750
0.21236145
2.49068207
2.60591644
0.06066895
0.08514404
9.08897773
15.42469414
21.36770599
1.74580840
0.58032164
6.04052859
6.09073914
6.14664672
10.03304078
8.19095856
0.80806488
3.43554688
5.82722961
8.73722351
9.79687500
8.37064606
13.06469415
0.13310034
13.27844083
3.78495456
1.80468750
7.43314606
-0.00148254
0.18176270
2.17723114
1.88868683
0.46557617
6.64050200
0.20939211
3.02388519
8.18750000
7.58504211
6.66015625
4.50089539
8.90970856
1.01607269
8.17968750
1.71777344
9.98437500
0.02581787
4.96875000
1.57928819
11.02429853
10.84260860
3.90494626
0.61173523
1.67147163
19.03560394
0.83837891
5.62845856
3.98482269
1.19706145
3.38114472
7.18448914
7.60713653
1.22542359
1.71289062
5.31685394
0.00364304
10.06494016
11.42724734
1.42728668
0.58589691
8.10937500
3.39805976
7.45895500
14.28983489
2.66764406
10.40279144
5.65197474
4.43396276
4.94974762
6.52734375
7.65718598
10.60199738
0.01283264
19.44323730
14.86271055
11.47322695
8.40144088
9.75969193
9.77600067
3.73571808
0.93705231
9.53291778
2.33532746
11.17187500
6.05993683
7.01480829
7.97347296
25.87605275
5.24068705
6.80289672
0.79471894
6.44832336
1.88306058
8.44484042
1.66288176
6.80179964
5.18314606
4.52734375
2.64257812
5.32128906
10.72847504
5.26249114
1.76298066
4.00826019
15.99218750
2.47505707
5.70222961
5.24782682
0.26110996
0.71191406
12.50756649
4.93285572
0.85645279
0.29614258
3.95095358
10.68811502
10.68359375
0.14709473
12.21439606
5.76472961
4.02478058
0.03836060
10.51908356
0.02949524
0.45869965
0.67408138
2.80904144
0.35034180
4.88360596
1.14550781
7.24609375
2.39825490
0.69097849
4.04328918
3.39843750
6.58644394
7.02293106
5.52734375
0.94974762
-0.00450760
5.08158356
0.40303559
0.48828125
5.18359375
5.14809287
4.24208443
16.34708555
9.73632314
0.18954053
0.62007660
2.40750942
2.15499058
2.66196643
1.11342419
10.12500000
1.65722656
9.13281250
1.73144531
6.44531250
6.54854278
3.84989472
12.10668883
25.13554133
3.80204565
5.70703125
6.91451019
7.53515625
8.28035461
3.36608295
3.34282025
15.78763784
16.42545656
5.98917664
3.34183622
9.77970523
13.17443817
3.73376496
1.34375000
5.11629211
3.26367188
3.70792664
0.82470703
3.75366024
2.56860538
5.58593750
8.93750000
0.66406250
1.21244293
12.88627106
0.64835633
4.34586547
3.01696435
47.69657690
4.89632203
12.47835328
9.62500000
3.24519836
33.18920213
27.51043690
2.84020529
4.48120678
13.16239472
1.37500000
10.76302000
15.12422761
6.31294769
3.31445312
3.95312500
0.48817558
3.74613807
1.69470246
12.96093750
14.20047319
3.83077681
5.92061060
2.28446753
7.69693595
2.57259530
0.56298828
4.02232684
25.65759308
28.46432236
5.90625000
11.56648493
6.44087987
2.82041557
7.98862588
10.61978502
1.83919935
7.47912567
1.62072785
6.88045102
14.40726839
11.39933289
3.44380707
8.28934287
0.81380624
2.85681183
1.17520930
1.57527898
3.85058594
11.27343750
2.18164062
18.63627106
4.66707336
3.00134308
10.13627106
8.47737641
7.71679688
17.34452239
1.48946199
1.97449934
39.76281583
1.58309895
2.68013519
11.82275391
6.12475399
0.30591007
5.10156250
8.51908356
21.41703153
40.19799315
-1.12756014
5.84072087
12.09585550
12.06999778
2.38566101
8.15331782
9.44389073
9.13370789
0.32080078
1.01383422
0.08752473
14.68558622
19.78555962
7.20377438
14.86344858
1.43668827
3.54838043
8.73482573
7.44523382
1.54028009
2.48022772
11.01216644
11.79931516
1.59086214
4.09810394
10.86283356
0.14388031
14.07446289
5.45121122
10.74410128
1.50007120
0.30762716
6.42710938
7.73980163
0.01023865
9.37500000
4.17728668
5.74654144
8.36347297
2.03992852
2.52237976
1.94140625
2.02990692
1.69665558
5.11238586
2.51261414
1.19144061
0.20166639
1.92915863
22.70639878
6.81824135
8.72633643
0.68554688
0.02584839
16.34195922
3.15213210
5.57421875
3.03129931
9.99218750
3.21289062
19.09631317
0.30325349
8.61975067
4.19486481
9.15445922
0.91373781
5.46484375
6.86482602
4.08296100
7.26477393
5.84212655
3.29345579
2.92724734
10.48002106
2.77917387
0.99178164
1.36621094
11.80379211
2.81551086
10.63806183
3.29341644
0.13572174
4.30513519
3.94589762
5.53457113
2.76668274
4.41105164
0.28881836
5.05078125
1.82852214
1.28231770
1.43750000
9.58939606
7.40657469
9.79264406
7.15753754
13.83753906
11.22298094
7.19258699
19.63655142
5.26926032
6.50332736
47.86572110
30.49487367
12.99265958
22.55937112
4.94140625
8.11718750
9.35847961
3.26082336
2.76936890
1.66947418
9.64965758
3.98457918
7.39351286
2.79158632
8.40625000
1.78613281
5.99552305
0.99711214
2.29296875
1.86747160
7.17846742
0.72753906
2.24458832
3.72237090
3.31429078
6.77779144
9.87320922
4.08728058
7.32596521
1.76192542
3.86958832
2.31314813
13.30941046
6.12109375
13.38012633
0.13383027
11.41999557
9.78699509
8.05468750
2.28897884
8.08056516
7.27612367
5.51599401
11.53637633
3.54418385
3.87887189
2.83304466
1.06539284
1.06571441
10.85156250
6.09085218
2.46639849
1.37320922
2.15743074
14.42894760
1.01412705
0.98046875
11.46235927
4.53010860
9.35323526
4.09330231
7.29374114
0.80440340
12.53560394
0.10040283
5.60937500
2.13236481
1.95454926
17.61328125
7.64773383
1.82687555
9.51484202
2.80864306
3.66117464
0.31587738
3.72265625
6.31852172
7.41540558
8.03906250
0.00739044
4.47086547
5.71419312
3.68900543
4.72106716
1.00203679
1.88341600
13.51738142
6.50903258
2.61747285
7.28080231
6.51652039
3.68013519
0.18176270
11.63342254
3.07120789
1.02974457
1.18753685
1.23726784
1.88970428
13.40279144
0.38720703
1.53613281
12.07031250
4.32453285
10.29053856
5.99609375
8.44620789
10.18391844
4.23795656
3.41796875
0.16455078
8.29597961
0.96720398
0.64208984
3.67724609
6.44877106
7.86193817
13.42134582
8.60770722
2.47818346
4.71826795
11.12679078
0.35721832
6.41707336
4.56038453
4.44384641
5.71663204
5.55249335
4.95792664
4.30078125
8.30631095
2.77562168
2.21103612
4.77734375
6.92578125
0.00753403
1.48392731
9.37845856
3.34854167
6.28772938
9.21964539
1.85363614
7.43807070
2.14335051
5.57222628
8.41227172
6.63415558
2.79899047
1.36942597
10.50781250
5.26129544
6.06939272
8.93916778
2.78287843
6.79060727
6.06005984
1.42496703
3.49096742
15.23073272
5.55212433
0.69331879
3.20943207
7.59720856
20.06702814
9.58655252
10.56494141
2.58443207
4.27600067
4.85298427
2.74947362
2.69185394
6.86975067
0.32995637
5.14453125
12.73437500
7.60668883
13.60591644
1.83426972
7.02689606
0.19124359
8.04252106
4.55025238
0.60664824
7.77132203
5.80078125
2.49849457
0.65966797
5.51114805
5.83455507
2.04882812
5.42578125
3.72656250
2.32377106
7.57857269
0.27661133
5.54248047
0.09545898
0.26513672
1.33496094
0.02262878
0.05163574
10.43647164
14.23735649
7.88313719
2.39632203
14.22631649
2.67932347
4.75239584
3.16406748
1.65722656
8.10937500
0.00484467
0.39697266
3.70298455
1.66322639
0.75097656
4.79048427
0.36434148
3.24068207
6.93647662
3.96602947
2.69832336
6.66674867
2.98046875
4.48437500
6.17008422
0.83138062
7.36673981
2.97065755
16.29118295
6.66345627
2.75630707
1.26578735
0.97444703
9.65189606
6.28247008
9.78047761
14.48298759
6.86812721
5.02388519
8.83581450
4.72440271
2.19505278
1.86887521
4.70446808
5.19832336
1.24112976
6.28738974
10.01099069
14.19262633
2.33667054
9.26127106
7.42248006
4.61357158
5.09418773
3.27299977
7.49955231
7.35326463
9.91671431
7.16324486
12.28174202
3.76818817
10.19710328
0.21447754
2.98771055
7.02303164
6.07031250
13.39062500
2.44335938
3.58353668
2.75781250
7.90625000
0.48079406
6.05993683
1.27893035
5.51652039
0.32177734
4.24654144
4.33984375
1.53027344
5.00390625
1.97549480
10.72177083
9.50976562
0.05050659
9.47220856
2.82617188
1.76411957
0.08087158
7.60847961
0.07677185
0.75081422
0.72959762
3.61177582
1.02050781
4.79559326
0.39965820
8.54687500
2.20551336
1.71929133
4.22979736
3.67968750
7.25693153
7.48090203
6.60786957
1.35644531
0.00718307
5.22611481
0.45503754
0.41947418
13.98437500
5.01304190
51.50770943
5.85502106
8.77701906
10.74218750
11.56070922
27.29353447
5.12728280
13.98091644
23.38083431
6.45080784
10.21904480
11.22444205
4.93664893
9.65035128
9.37104943
3.04362311
0.70931031
0.92285032
3.01123171
4.10191158
2.97006870
11.61897828
7.84419769
6.64249446
1.74129460
4.43705231
5.07096188
2.86507203
4.60738253
6.01127106
1.79821310
4.10999002
10.88195645
10.83349734
4.14632203
2.24519836
5.59720856
9.17101397
11.42541722
23.14195812
28.18291500
4.26485261
2.20581117
2.10937500
1.40722656
10.89139739
7.75366273
14.73412899
4.01094636
2.27115470
6.01778479
13.88769282
1.86466866
2.39180574
3.02140071
1.01570866
4.06668662
37.61771388
1.71118849
2.79927582
12.35815430
2.82962545
7.04582225
6.76127106
11.00435394
23.06823637
38.99381540
-0.80233296
4.76205974
15.56655364
11.29371675
3.44559785
6.10489805
3.86625277
1.72574828
3.23571808
6.18404144
0.50467864
0.30879793
6.36193817
1.29430560
3.97217420
7.08548981
10.18415697
9.47038342
2.95821199
10.65242243
5.23730718
3.27433289
7.57499114
1.13985261
7.35502106
0.97696836
0.48929964
4.35156250
3.98095579
0.45288148
3.24083133
8.77695035
1.09073914
5.56339539
3.72839262
5.07043550
6.17578125
7.12845856
0.21297211
15.62642426
6.34964872
12.80135195
1.97435464
0.27019309
6.65766553
12.36650376
9.08735927
3.32812500
9.10449468
1.67260804
0.80110469
2.18428745
5.69531250
2.36921183
1.31189993
1.46251663
1.60779587
10.19156860
11.32556183
0.37910980
8.69225732
5.55570589
5.41565159
12.97378768
4.60098806
2.83241023
11.27343750
3.63297516
20.59195922
0.67338105
8.00256317
4.24609375
9.22196255
1.60652898
5.98437500
7.28491024
4.47757591
4.19682291
6.40592531
3.79874446
3.30281804
5.61572141
0.89908937
14.59810394
12.43404144
5.95011414
0.77860317
0.55928745
4.50781250
5.51214651
0.76430185
1.92435699
9.24308289
5.77734375
6.13326019
4.44787567
2.79777039
3.43794769
15.31928414
0.68753436
15.50330119
7.01574800
1.58918939
8.29993018
1.26269531
1.05957031
15.08442709
3.27494791
1.11328125
2.74152566
3.40503989
3.61808289
13.48783356
10.17533356
0.14383973
11.56070922
9.17464234
3.92533356
10.86283356
10.06046570
7.85546875
3.71679688
14.13590204
9.33618351
12.09733156
8.14152039
16.97566711
1.11275238
0.06008911
7.55122894
10.23002106
12.98239862
2.97347296
8.14663675
14.41903147
8.65698803
11.63960661
2.69677859
14.23771055
9.60949800
11.45658356
12.08247894
5.19966644
3.84134918
7.75044769
1.73197418
7.24263519
0.48999023
5.46484375
0.02011108
0.81103516
1.92142731
1.77974457
2.41916765
1.74245345
3.63671875
2.35546875
11.90510860
8.49833222
6.05314273
10.75781250
0.23286957
7.55859375
2.68900543
11.78035461
0.51989777
2.84134918
7.97310394
0.01358032
0.37479645
0.10127777
0.76590786
0.71163120
2.18750000
3.82229001
21.51246675
7.54640425
2.97528368
1.45926972
1.18892426
7.33158356
8.67789672
13.67277039
9.13454899
0.11874722
5.89408356
6.83101286
1.04150515
7.50000000
0.82963043
5.46654588
2.50460494
1.02246094
2.80679051
1.78988918
12.13883422
0.21614625
4.81160461
1.73156084
3.29427748
5.10982269
2.61283356
1.87935394
10.29694371
10.53463984
0.40083832
12.38804190
2.12758310
11.01371122
4.16552859
9.84375000
9.40234375
1.27583832
2.97851562
5.98994903
4.63415558
12.66495789
0.10776764
4.33247894
12.75874225
6.23299756
3.19164728
2.04317542
2.26757812
11.56595856
6.81233267
4.02661569
15.16691101
3.99654144
13.34059292
13.97322602
7.04296875
0.51171875
0.02591949
15.98091644
17.37595415
0.13122559
5.71093750
2.85937500
10.54687500
0.06167603
2.00585938
2.67291404
4.38616799
14.95803968
17.77754544
8.89197805
7.21484375
2.84988974
0.63094553
9.76908356
14.84536348
5.53399046
12.54740324
4.19266069
7.56002548
5.05122894
6.49596078
1.18177360
15.98193359
12.31160461
0.54532898
5.90785593
1.50923925
6.76171875
7.59134918
1.56490082
7.23559508
4.48706117
17.57035309
0.92427582
1.37207031
0.90543173
2.47432901
1.35058594
5.14798981
1.77388519
2.09375000
3.76082336
5.67862976
13.41699219
6.54719969
17.07735261
4.46484375
4.22432403
2.04321227
8.45068484
0.99316406
1.16992188
6.12418329
2.78987921
0.85937500
9.70486149
5.72437832
4.02388519
5.64322252
2.92708998
17.67700133
8.72810727
6.75850620
12.19185394
1.18021637
1.08007812
6.18525156
3.34119680
14.33337433
3.50195312
8.36742354
6.78101396
17.07046986
0.21761608
1.28659058
8.90189606
15.47656250
6.29296875
5.55468750
9.52322585
3.56661790
2.17773438
8.76944260
14.88725509
0.94238281
13.48437500
2.00638824
10.67622894
9.46093750
4.87845856
0.02367157
5.89453125
4.07803884
3.33700022
21.01953125
24.85011561
4.99670379
38.19543550
10.52356050
8.04362062
6.89659243
9.99403257
17.82376607
4.69893838
8.97489472
19.68704234
8.76144399
5.24173981
16.18660461
8.85282379
2.02054715
4.10180851
2.31835938
11.32722961
4.30894781
7.48686945
14.65725967
20.30180463
1.97697085
12.72285794
6.85668883
13.53906250
5.62825687
19.77433289
13.71967975
12.00673981
3.09478833
8.59350399
2.46899601
6.02433289
2.19921875
0.55761719
2.56294769
8.60688055
6.54318445
10.35567044
8.96285128
12.69994930
0.55672429
4.23460606
6.42359707
2.54882812
4.23273660
1.41570090
3.93503990
2.76027260
4.12935394
11.84863032
12.31543218
0.30668121
0.65039062
10.36629211
0.74019379
9.24963099
2.17049257
7.23071476
4.32377106
5.57511414
3.09362201
6.17069924
4.40124667
2.28365082
6.45703125
51.75251884
6.97750221
9.19429411
13.55444398
13.67533356
2.69258699
5.21036680
1.86971132
12.08479610
4.85525710
4.88025930
12.45466977
14.38472628
3.87154144
17.86156915
7.45023714
14.03088099
3.93075022
1.22969387
1.53315382
16.79039967
1.68965730
15.71700012
6.70703125
4.05741301
17.72082115
2.51953623
10.96659021
11.72949468
13.84183622
0.44889531
4.65387357
3.03948581
15.00028037
12.54647163
2.17155031
3.48632812
3.57031250
2.47115082
10.22220856
1.20706685
7.17277537
5.22220856
2.50435394
6.71093750
0.01945740
1.15136719
0.84521484
4.54146332
1.25931793
2.38716644
15.21760860
1.95141788
3.67114196
1.33463625
5.82755430
2.20369570
9.10937500
0.10345459
0.44022613
6.84293329
3.87626440
0.96484375
8.40625000
5.33894836
0.21144530
2.23986910
8.07198028
10.57442044
8.02513465
6.10385527
8.25077239
0.95768312
7.25736481
4.26562500
1.58076996
11.51639739
8.32287567
4.78918550
18.72615570
0.10990387
4.66996122
2.02384585
7.90580231
8.30033356
1.50781250
12.88451463
12.79081892
10.62564938
3.40108433
3.02362922
4.15215203
1.70898438
7.97477172
5.61547540
3.35071143
10.78372452
0.78854111
4.24218750
1.45671361
6.83497340
1.74654144
0.83605926
21.80626631
7.26501994
5.82157690
0.68355316
1.44824219
4.64998227
6.42936281
1.30399629
9.13793883
2.12141346
6.15933954
13.69654255
4.17232269
9.74564606
6.44966644
4.69531250
0.00994110
16.00958210
5.67893505
7.15816254
2.56640625
18.50512633
13.08862367
0.07737670
7.68627992
13.62845856
10.50032469
1.09289644
2.29882812
6.97521942
5.78649933
1.59667969
12.71288564
9.02494791
6.60726155
4.32707225
1.83052582
8.10066711
2.54467587
5.00114140
13.43460218
4.95992907
4.17968750
0.93896484
0.00797272
6.79642731
0.56783051
15.31852172
4.35070832
10.64497894
0.67675781
8.03816711
5.87204436
7.15157136
7.12091344
4.10645279
6.95508311
23.55033356
0.70747894
13.16706339
0.11321005
0.89514004
1.47546542
0.82197436
2.08830396
1.21679688
9.28470856
2.35029810
0.29712226
5.97265625
9.21093750
0.00598145
1.65820312
21.68872008
0.04667207
15.68306488
0.93070465
16.88848747
13.59032580
8.14108266
14.34541778
3.23706117
0.19704069
4.23530475
11.07040115
2.00976562
11.83804300
1.00570700
5.79740387
3.98437500
9.49849457
10.07275266
3.57852837
0.58459940
11.78669105
6.45985039
6.46014891
19.48560505
3.54228003
7.73022772
4.77734375
1.32128906
7.91210938
15.40856716
7.00557403
5.12447362
12.56595856
1.02237976
2.25976562
4.84330231
5.41113032
5.06978612
2.60546875
2.65625000
4.55423981
2.57245983
39.90455036
5.53861481
0.60982269
17.92240138
17.67735539
1.59750886
11.02343750
4.43359375
0.06250000
1.02094647
2.37443927
6.74035240
2.44808233
4.58888410
6.95119680
24.78909686
6.57764295
2.11526811
7.20490156
7.62052430
5.00667110
6.63820622
6.48046875
4.24654144
5.02677305
8.96537262
6.09432070
0.37764496
2.11523438
0.01125336
0.45853668
13.10444537
8.30107158
8.23706117
8.07031250
6.80903148
4.27344747
1.08593750
12.95705564
5.86671542
1.75390625
4.33164728
2.47889959
4.41375472
2.14581559
10.26997894
4.12499502
5.82182291
8.21875000
7.03426086
40.32672264
0.01127106
11.75321255
10.18583222
14.32389406
0.70047942
6.42334109
3.85396332
14.59452239
9.49051972
14.68875444
2.56063552
11.14819149
9.01497562
3.58683289
13.60221188
6.00280917
1.27266262
3.96407136
6.01273714
4.10937500
1.44433594
9.52888852
4.40861148
15.94140625
4.42533356
9.91752106
5.30423981
5.14318817
7.77612367
5.89318817
2.96228058
12.43225067
5.35290558
0.61381012
3.39453125
2.53198242
18.39652372
2.20174257
9.86027039
11.72477172
0.11230531
1.04528715
0.20202730
7.06522053
1.63009197
2.01953125
3.54405586
15.94333000
1.99852768
11.19002881
8.61783688
5.29769171
5.44396942
9.38204011
10.11795989
2.78002992
2.24804688
0.17944336
11.40970856
0.52290863
7.83459442
1.67610345
3.92582557
5.21919769
2.61132812
9.81522053
9.51636303
0.83540863
11.57900544
3.12171874
11.35567044
4.18627992
3.30179964
9.27779144
10.10328902
0.13604997
0.97745789
3.34375000
5.89920989
4.35380097
2.88911957
4.96919769
6.08068817
5.31774933
3.59765625
10.42187500
8.35017509
0.33830147
14.61328125
4.04296875
12.96571403
14.11312004
4.25970190
2.23734652
2.49609375
8.70747894
12.72220856
5.56685394
6.03125000
0.24182129
2.80273438
10.18750000
0.05966187
1.82128906
1.88609749
6.01185172
14.80867243
5.95695257
2.63671875
13.74766789
8.80026484
7.29341644
1.34337725
0.64929853
9.30904144
14.24905032
4.52438718
11.39050200
4.29963487
8.12342087
5.37935394
6.55549424
1.02751357
17.54003906
11.71093750
0.63281250
5.10933467
1.15979222
7.01997894
7.75195312
1.61771637
9.52689606
2.56880707
2.17036957
2.38867188
5.41707336
5.46138519
8.61031098
4.41393950
9.42545656
4.52388519
4.49865692
1.53149352
10.85514406
1.55513519
1.59765625
5.94999114
6.47969636
2.70507314
3.87305186
1.18945312
9.88918330
10.06394170
3.95658356
6.30757286
3.10791389
8.84606716
9.66955784
5.72656250
0.17301422
7.94185394
0.48632812
1.98046875
3.01935894
3.29810505
6.24308289
5.34956007
7.10356493
19.05126330
0.34424451
3.39241453
8.29459718
1.39941406
13.18750000
4.61673981
2.64107269
11.08853502
3.63367353
2.15083832
9.78128436
14.17965314
1.13281250
11.90356258
7.07356937
10.62500000
7.15714539
6.25736481
0.07808441
5.13671875
3.80187334
3.71570478
21.90625000
3.33931239
16.49636913
39.35690048
10.29813940
10.81787234
5.74148383
9.49199578
19.57920961
5.79827238
1.54687500
10.96093750
0.09141053
18.68830674
15.65003158
15.78503325
15.25158742
2.38201573
7.53865913
3.52734375
9.58939606
5.48245125
6.10438164
16.84834435
24.29533023
3.10555241
13.43123227
8.43994016
12.94274933
6.63773714
17.84342531
10.81880209
12.88751552
2.91131759
9.06009420
1.65039561
7.43884308
2.71590149
0.78316254
1.48384613
8.65298815
18.86063940
13.16711768
16.05969083
0.21830417
11.50235151
3.39608599
12.73669216
3.24621800
10.52550865
4.62532469
7.59346963
11.15791778
1.47526125
11.48530475
7.12451795
6.35493241
4.14071365
5.29386414
13.38720080
4.85063275
3.95658356
3.40168939
1.97196753
10.50679411
2.28861481
8.11910128
3.81339539
3.21183289
1.28177264
5.58879100
4.77791445
2.82857269
8.29252106
11.33540614
5.33842198
10.45735594
15.65201906
3.40083832
14.50439329
5.88358489
12.97220856
4.60270390
0.29654906
1.15872265
11.05424977
0.38016754
15.47566711
1.58068567
18.63931129
1.84872894
8.05757536
11.90547761
8.03317322
2.69253323
0.67501011
3.87421141
2.99639405
13.45609154
12.02649268
1.88753297
1.49759918
3.16992188
1.88521332
9.55033356
1.32014205
6.66789505
4.87890625
2.27974457
5.79296875
0.00742340
1.07474762
0.68892426
4.98978668
1.22017426
2.63476562
16.01883755
1.72831394
2.08670989
1.30924562
5.69384641
2.36519503
9.38627106
0.10591644
0.43314606
7.05085993
3.36365026
0.91455078
8.08593750
5.33894836
0.21144530
2.23986910
8.07198028
10.57442044
8.02513465
6.10385527
8.25077239
0.95768312
7.25736481
4.26562500
1.58076996
11.51639739
8.32287567
9.89420656
3.10831726
10.54764739
3.18933012
4.82312167
10.64924424
2.27608931
9.41060394
1.26386608
6.11451130
1.59765625
8.02119903
23.47641644
7.20632313
2.99564606
7.80558289
2.78951019
1.80786071
17.87580674
5.51168439
5.82177859
0.49361176
1.47949219
4.58357602
2.47127382
1.22888215
9.25154477
2.30040974
7.14033467
5.88876551
3.79341644
9.37845856
5.39693207
7.08203125
15.43894740
6.21929631
6.41035980
11.09452239
9.03714872
7.44645390
14.71093750
18.62294327
0.87664837
1.05118960
2.48242188
7.14575133
6.15502992
2.93554688
12.83787775
3.83931737
1.22408051
10.25691711
4.26684010
5.79761303
9.86172153
4.52702903
5.76599401
11.27319149
6.38651706
3.78987423
0.98543523
1.26171065
4.50367021
1.00195312
9.09375000
2.61059010
0.25855053
5.44761969
4.93519281
3.39843750
0.08557129
2.89453125
18.43811004
0.08715851
0.95947266
2.26171875
18.90382292
5.54088764
6.23657912
13.56237700
2.03527925
0.15661528
4.58828901
11.94654255
2.62935394
12.05972518
1.59652482
6.41406250
4.55423981
8.47143555
5.81758201
1.61446199
0.54468085
11.51850289
4.70639184
6.30467005
17.96151817
3.94254765
2.65975288
5.38639406
7.72456007
12.77096298
5.63358489
11.62870456
0.25634766
12.27343750
3.61718750
44.40205342
7.48217088
5.03284906
1.43448914
9.44090426
6.82817929
2.20117188
4.07106993
2.66916444
4.68125167
2.33197251
7.62544769
2.79838043
7.37739584
7.80273936
8.01216644
7.33113586
19.36611730
0.01127106
14.43045989
20.56591423
5.09782358
4.30769836
1.88761414
15.09977172
5.55678802
11.22429964
3.47220856
0.00777191
0.16702271
1.97513824
13.00000000
37.03893950
2.87752382
3.23783356
1.54732269
0.24943023
12.92968750
2.99324524
2.71423371
9.26822252
6.22351728
3.63521332
1.56250000
8.26729278
6.36161347
7.25992797
2.64782746
12.67284159
6.58248891
13.06571255
8.27192709
2.71301861
7.14420656
5.03906250
22.41357048
21.03507757
8.16483489
5.09354831
3.82031250
11.82531583
0.61507328
14.85465204
17.50121588
6.55904144
1.32812500
1.84199607
2.47343362
2.25000000
3.74670379
3.02042664
1.06197113
4.33113586
4.87515923
12.25472296
5.35905031
1.19877106
2.65356383
1.90795961
1.53125000
7.16845080
28.89990857
3.81595856
3.03214539
4.16015625
5.97094415
0.20971991
22.40538897
7.24968092
5.14453125
14.18985151
1.07622118
6.85156250
0.07794189
14.40498622
0.37211339
0.81201172
2.98864746
14.75732048
9.26611702
6.40625000
0.08483887
1.76299472
13.97547539
3.59204288
0.13061523
0.64794797
5.46121288
20.08931613
4.95948138
5.20536347
4.10640473
9.99664451
0.08689217
3.46035978
5.29219636
9.17187500
9.54073028
7.48990470
3.86422096
7.16764406
8.28470856
3.56250000
2.70719360
2.71903535
3.62695312
0.03922516
4.52779144
2.64386505
44.38176972
6.28515625
1.13378906
1.39780041
0.07389406
10.55150931
25.05220800
21.70503878
2.14899948
7.43495355
1.07854332
4.78906250
8.22029477
6.78137300
0.32181855
12.54670767
8.67174203
3.03614777
6.04085328
5.75826019
2.06835938
10.35765418
4.08574578
10.34863032
2.58602116
5.52087433
16.12169881
10.68209330
3.48258422
2.10575410
0.05440277
14.72298094
6.22728807
13.95065048
12.31973183
2.98751883
21.35791016
6.34073914
11.55021055
3.90726839
9.57128906
5.36328125
9.60937500
0.31705563
5.92859042
9.06498199
3.83744293
1.77494293
1.68538453
9.98091644
2.39274047
1.71618683
11.86587877
2.81262799
0.88354554
9.37398161
1.96089816
9.46875000
0.15905762
3.74316406
5.28632951
8.37630873
9.53112700
0.92004488
2.68404144
8.92279478
3.44740358
25.97745789
11.24259087
14.30338874
2.82438110
2.24637910
0.62873923
1.58716256
4.77689606
3.10859265
3.72990802
15.77115470
7.80876108
4.39037899
1.99633976
7.31640625
8.34935838
12.76200908
3.55904144
3.96451906
10.43814938
0.76481327
13.63553303
5.11056072
7.89138973
3.78666168
9.07466644
0.13732910
7.18363434
13.74218750
1.71321532
1.09928468
10.35135085
1.59591478
3.09765625
1.05904144
5.78045125
3.69861369
16.82018950
1.45235261
1.53035461
0.18697144
9.41799314
0.98044436
4.73046875
2.95222961
2.06350843
10.83537677
5.41451019
5.76476957
7.35514406
1.27876801
1.08789062
0.39160156
8.00301086
3.64170463
2.53985482
1.69726562
18.68012523
15.75078298
2.39843750
5.72464872
8.41162234
1.82031250
7.25390625
1.75174147
7.02666001
8.74308289
2.83658190
9.13277814
3.35530640
11.47656250
1.57519531
3.42382812
7.83984375
7.10156250
0.02157593
6.84748767
8.53634197
14.74602384
20.97854018
5.44248001
3.17277039
6.59810394
14.25602172
3.68884308
6.76338653
1.27469194
1.20410904
6.27286680
8.93611757
8.62154144
5.61494903
0.22806855
7.80325577
8.09819259
14.90519226
4.06640625
11.48950133
2.07751496
10.37935394
8.56339539
2.03275543
2.74218750
4.79732269
11.86718750
16.42187500
7.55541556
0.00635202
2.89453125
2.79767551
15.04825006
1.69722628
6.09676086
0.57316101
3.31054688
4.46972656
3.14257812
2.43750000
1.40112305
13.06595856
6.36372894
8.23156583
6.93690795
8.72656250
15.21507979
19.79651595
5.80871675
9.64843750
4.61328125
11.28125000
9.80981383
2.32364805
7.02338851
3.91300476
12.87500000
18.75077239
0.72334871
5.53515625
18.26562500
1.01855469
0.02540588
0.96843963
1.46919769
9.08593750
4.39928607
5.52462322
15.73703916
2.14359652
13.37052305
0.35892855
15.72866800
9.92190023
2.62394226
2.41255707
10.93171432
7.40467087
12.04825805
2.27689606
6.35770722
0.16735840
4.00390625
0.10144043
0.00988770
7.33207184
25.25031472
24.31653922
3.09179688
8.82096188
3.17513187
7.86559841
0.09269413
30.69258637
7.24218750
3.54252106
9.38130707
8.44875112
10.26820810
4.07600953
3.29882812
0.45727539
0.81201172
3.64648438
0.00830078
5.49966838
2.82430241
1.52050781
7.32153258
13.00237040
2.69756094
1.64107269
3.78186004
4.57730331
16.05668412
3.10278258
4.51574800
4.65437057
0.57512162
8.77689606
6.88723266
3.41692597
10.11104278
2.16194703
2.10396332
6.30468750
0.18652344
2.73154006
11.13806183
3.50011802
2.32230995
10.57735261
5.51908356
8.93265404
12.41394386
10.21708222
8.87410461
2.48872894
5.41841644
2.01127106
9.66059896
49.37522125
2.40971354
5.16841644
6.55957031
7.80078125
0.92968750
2.83109527
0.91756195
0.53857422
1.72558594
7.68186171
0.91595688
3.79164507
1.33079177
15.10233489
19.24356743
5.49536569
9.47452571
26.80285863
4.40279144
4.89798981
1.61861176
2.19095856
0.03158569
19.13667785
8.25089539
11.40767621
18.98868017
4.45129986
14.23261359
14.10912899
6.87147273
1.91809175
11.70969199
1.15401651
9.12320194
1.44795933
9.54252106
0.43579102
9.20405973
6.01228945
5.57511414
2.59748892
15.91288706
12.01309619
2.49276318
6.00890958
3.99962849
5.34896498
1.56827820
2.37780762
18.22131317
3.84960938
2.20987976
3.12422263
0.91040475
12.67187500
2.47656250
1.79882812
0.02230835
10.10834083
10.99445535
8.19691156
3.92456117
2.69744873
6.48828125
5.13281250
5.82633422
8.67712433
10.59720856
1.07267273
9.61718750
4.05033356
2.32393340
0.58166566
8.30456450
14.72835328
11.61116578
2.56880707
1.84570312
8.02941240
4.65320478
3.16992188
7.22477172
11.96093750
1.47355164
4.64794548
1.28654366
3.73075348
2.85982269
1.68750000
0.00929260
3.80183899
2.65234375
4.51216644
2.29732269
5.51562500
14.20902496
0.34737152
2.40942321
0.02203431
11.34304863
0.11531586
4.48803026
14.33667553
5.62365692
5.47937167
16.10066711
3.89737976
9.87015404
7.90674202
2.60457336
7.53449690
0.16659380
2.81685394
10.69531250
13.05098294
0.92460300
15.46927887
19.96781880
0.48759502
11.05634531
7.37724844
2.29732269
6.55468750
5.57678192
3.00435394
52.56929411
12.09195922
4.57719745
1.90447417
5.01395722
0.70898438
13.50533676
2.13085938
7.83715758
4.12288453
0.61865234
1.91743988
3.19576019
19.86799923
10.49678745
24.16520172
11.15229943
27.11311641
8.54159100
8.83593750
3.25663176
4.17187500
11.06595856
9.52254211
2.63464262
2.18383976
1.53808594
2.11853058
19.12596909
21.47762460
5.99434729
11.03560394
15.57812500
6.83467310
5.55814606
1.49638159
1.65279144
3.34919604
6.58980939
4.20995845
1.74511968
6.23437500
7.91906583
3.10286624
12.62308622
3.67459553
5.12419326
12.14139739
1.91958722
0.77255208
10.21170989
4.98427887
40.57183288
2.84688386
6.14843750
8.70466977
1.49336575
0.65450354
9.00292969
14.30379211
3.53995789
0.76078277
7.56250000
1.63004516
0.25614472
11.17052195
1.36463430
1.38190963
0.46672318
5.15234375
7.38236481
0.04155487
7.00644948
5.59031138
8.44966644
0.06172699
5.95613586
1.85734070
6.01338653
4.57165558
6.32198028
1.92500886
7.00390625
4.44343307
11.41581892
9.77356050
7.75378325
6.46146388
37.17801972
4.22001440
0.28100586
6.36718750
10.75781250
11.99955231
5.96919769
3.25976562
7.10156250
1.80175781
1.21740670
0.31279532
8.65714539
3.64648438
2.99719083
15.40033882
18.47726617
2.44018617
19.16420377
4.08740359
35.01310118
3.28332613
5.33247894
5.13281250
4.12967864
0.91137758
5.16528258
2.62975732
1.46224374
17.90705674
1.85616744
33.11584442
10.36507203
3.45117188
7.23156738
2.91601562
3.21439606
0.25069184
21.58548981
1.48384613
7.19038786
1.44396443
3.50041334
0.04684448
3.34375000
3.99078015
1.38047594
2.89632203
11.26066971
10.78816711
0.18679685
0.39689273
15.40296707
4.36734507
7.47815159
2.60050476
13.91601064
5.40137217
4.08203125
0.04402649
0.01075257
17.77538681
8.61718750
9.54822509
6.28247008
6.30680297
6.18839041
55.82742133
1.44313330
9.51562500
12.07954677
5.87748448
6.90472329
4.94979942
7.39843750
23.19205563
26.08679355
14.85502106
17.33723626
2.15987090
11.29067360
18.17854610
2.67600406
2.54370179
5.07076019
3.58789062
4.91963653
5.95011414
10.46532580
10.27429853
10.72131317
2.42728668
5.40022828
0.54793274
0.12223328
9.05814606
1.52339567
1.33109652
6.18314606
5.91060394
10.42717452
3.04814439
7.24665448
6.58928302
0.00774140
18.90794465
32.31088652
25.34773493
12.64371454
7.66915447
4.98872894
1.52050781
10.12320922
1.54561060
3.33313331
1.11718750
16.28893950
5.72472740
2.10697916
7.56225399
6.44932929
23.96029809
1.06201296
10.09643617
6.86539672
19.41451019
6.00044769
21.13732131
5.49200180
0.55419922
2.72985871
19.95803968
1.12008532
12.31953015
6.20826130
2.43750000
16.13487368
24.36336990
0.01127106
14.43045989
20.56591423
5.09782358
4.30769836
1.88761414
15.09977172
5.55678802
11.22429964
3.47220856
0.00777191
0.16702271
1.97513824
13.00000000
37.03893950
2.87752382
3.23783356
1.54732269
0.24943023
13.74218750
2.19380707
11.53563830
5.21436170
3.37650543
1.78462738
7.52856383
7.43237367
7.50557403
2.04671265
12.32091257
6.79867575
13.06571255
8.27192709
2.71301861
8.73014406
1.86381012
6.51607269
5.66983821
11.25549534
16.77945922
4.62500000
3.32299867
2.08984375
3.85668883
10.17341977
1.31274601
2.36478668
13.43638587
25.05318207
3.70150155
17.09887633
0.29199281
17.62927028
7.00354222
4.83247894
10.34452239
1.14310699
4.37886193
0.88696725
9.91126972
0.72782940
1.85005707
5.14989861
3.43685062
11.24487367
2.40218140
10.11987367
4.38460328
4.85416002
6.40576795
1.84647302
10.30428413
1.89042082
6.02266511
6.45747894
3.24792387
9.54158383
19.43797894
9.06641622
11.65124667
4.16251648
10.73345967
0.08099345
3.15399131
5.86551972
9.63281250
14.83325133
0.52551238
6.46842531
3.09077848
8.10693484
0.91019684
2.91300476
4.28906250
2.32031250
2.94531250
0.13639313
8.89859486
3.97685283
10.32800200
1.92846742
9.68570922
1.77364168
4.21830231
7.20169327
6.32219193
2.11283356
0.10308838
0.00534577
8.85066711
2.46834165
14.33874667
14.93512855
1.99455895
19.83959961
7.09029144
8.69441711
2.19620789
11.35502106
10.37154144
0.58496094
1.50870291
4.25106272
7.65625000
6.30033356
4.96875000
11.24218750
5.70703125
2.12776485
1.16520390
10.52766595
3.75866855
1.53540226
8.59619016
1.76220828
5.54642731
2.72656250
0.02028412
3.53808594
7.49466202
8.44283798
9.42521055
0.79939882
2.88627106
7.94782137
0.86858488
12.11763519
9.40946255
13.92212101
2.77209442
1.92854859
0.39127376
6.39567265
13.70621454
4.82202460
6.23701685
2.58329565
4.21875000
7.88166518
12.56938275
4.06909242
3.79309175
10.97208555
0.54541140
14.97057514
5.22909131
7.93324304
10.00691711
5.81730164
14.91015625
6.84273161
11.55366911
8.26241245
1.60795074
5.75516069
4.39026595
15.37141844
6.11417664
6.21716091
1.23954565
10.85968972
0.45626883
4.61372894
2.91166168
1.88874682
12.35588209
5.84375000
6.94282926
6.97668550
1.57527649
2.29431183
0.45109070
6.07332336
3.61525627
3.48427193
1.85839844
10.34887633
8.92894947
5.46078014
6.88545808
3.48046875
8.18994016
5.40035128
9.30456450
1.21850648
5.78214539
2.33335564
6.10223182
9.89408356
8.14757647
9.50956892
14.79904723
3.06583555
1.57250914
9.96810062
3.42622894
26.68900693
3.16072695
10.00512633
3.95706561
3.62809951
3.20755763
7.78523991
10.05558289
4.66772274
0.52413120
9.33153674
7.62407025
15.12837738
5.02343750
10.86885528
1.31144226
13.98604278
7.42891511
2.46333832
9.15421321
4.07580784
10.41662567
16.90022828
7.57913343
0.12061419
3.08052582
5.81948707
17.86893516
1.98510804
14.17789672
2.39571199
4.17968750
5.33771831
5.22868794
0.76269531
2.57812500
4.46439606
3.36132812
3.12242936
7.16325576
10.77140071
2.37089206
6.07519350
5.75781250
10.96093750
15.07287567
0.74401887
5.51895058
1.69739860
1.65303247
3.23218085
1.94974762
4.59419769
13.33222795
4.01302748
13.27480010
6.38940492
6.76171875
16.88117908
9.45530742
2.75284851
3.74458832
5.28091783
8.52429853
10.47631649
3.97981937
8.56160461
1.01786347
5.91796875
10.74902344
7.50488032
3.64355718
3.28861481
3.84615082
0.00994110
6.05815093
0.52185090
0.57812500
6.36181516
12.30606245
2.67489583
1.91503906
5.03727172
4.09594166
3.47909131
4.67097961
5.29162567
3.96272828
3.73725787
0.67920545
6.66147629
3.54785904
10.46785461
1.63956726
2.34570312
7.00000000
0.15039062
2.74836425
10.96964539
4.22033411
2.08752659
9.40983156
0.09149170
6.97643950
13.11160849
12.44503276
28.02913453
10.05379211
1.96280945
5.32543945
3.00976562
7.75292720
50.81373072
2.58443705
5.31294769
9.09916168
6.99458832
1.02343750
3.44824219
1.03080231
0.71679688
2.18990082
8.28598738
1.05011247
3.49713404
1.00864416
14.28202239
18.86193567
5.15629432
9.54137966
26.80285863
4.40279144
4.64798981
0.17854828
18.93230132
8.22835328
11.40767621
18.98868017
4.45129986
14.23261359
11.49878989
5.09476839
1.22058074
8.56774933
9.70133422
0.83524629
6.24564606
3.63525266
1.69188705
6.02979388
13.02945922
15.96183289
8.28649933
2.29838043
2.33833832
11.78103585
5.78394614
3.38326019
8.41483489
10.40547761
0.18591277
3.92996787
1.23446116
4.05940734
2.55948914
1.78515625
0.01168823
8.88358489
2.39676972
4.09810394
2.19966644
5.25000000
14.59330231
0.31319184
2.40551696
0.01684633
11.27991772
0.09167480
4.32221881
14.94771830
5.27555297
5.52189273
15.21785461
4.18058289
9.87015404
7.90674202
2.60457336
7.53449690
0.16659380
4.72220856
8.05558289
3.15210342
0.62011719
0.03384399
4.37890625
0.18103027
14.57421875
17.96671321
2.89676972
2.16581394
20.09902871
7.70716422
1.99654144
6.51562500
5.70959442
3.17277039
51.78511193
7.20400450
1.80608986
4.76786347
0.52148438
4.07031250
4.58984375
19.31506317
1.32796016
2.62435062
1.57271332
2.02026429
2.76562500
18.16906583
10.79968417
27.43369537
11.39155475
26.91398133
9.17934735
9.13716644
3.37593473
3.85424867
10.64920989
11.06941711
6.69974513
1.73067542
1.51289949
2.21183289
19.19729749
21.03931225
5.82247229
10.84375000
15.04687500
6.83141623
5.91821476
1.45003546
1.52734375
5.83235096
32.79093694
2.19657690
9.17650931
1.97884530
0.69620789
8.97895834
2.08146553
6.11340425
4.27388519
0.51908356
6.85156250
0.62076781
0.32938691
12.86046211
1.86614098
1.75381635
0.50741411
9.63083445
3.79449910
10.60245789
0.08758545
2.91015625
6.70780364
7.87243683
2.13085938
1.51448609
8.71875000
4.13190839
10.42733599
9.05647828
7.84932403
10.48311060
35.69877106
3.85941932
0.31079102
6.22220856
11.33247894
9.03320312
5.49218750
2.95853668
7.51216644
1.60058594
1.64541200
0.31817015
7.59855164
5.21875000
3.72538176
14.34467351
5.50774379
7.21228058
10.27030364
12.05468750
8.79866578
1.88089622
9.45658356
2.88013131
7.90580231
2.30318207
0.00873566
14.25886774
24.00716312
2.94543550
14.42923825
3.03841312
32.53165555
1.35001773
6.55468750
4.87455231
6.51883755
0.54512730
7.50020169
3.81815271
1.22266123
10.27441406
19.76208496
2.63085938
26.15758312
14.74561170
5.38977393
6.78938719
6.53291778
3.04923648
19.35693079
5.02771276
9.64138243
27.26715980
10.21092308
1.99922761
22.03177638
7.89258062
6.77823914
1.26578361
0.07560616
26.58878601
11.21337766
9.97245820
9.18302305
8.40983156
7.53808345
27.63887854
15.85591644
17.15775045
6.21155252
2.15087766
18.35900972
4.07344636
6.96529144
10.83609486
3.04565990
4.40234375
2.95643356
23.01860150
3.36930297
50.62027704
8.48108066
1.64278479
5.72310394
3.98933899
8.61539672
1.53011109
7.19217864
4.50402925
1.54980469
0.49247223
3.72460938
0.37540586
1.32621371
5.38582336
7.49698914
15.93738934
3.45647052
12.15429688
8.76472961
0.02958191
17.43297249
6.48010970
2.18603889
7.49609375
0.63089996
12.71260528
2.66410184
5.34053745
1.06640625
15.47387633
4.76232381
2.26770611
11.88744681
6.70585549
1.29146332
7.43822308
22.82097185
1.76652039
8.96797761
6.77856383
15.92277039
5.79386414
22.40669022
4.04560074
0.49987762
2.54671265
18.24653148
1.17729665
12.13756483
6.09432818
2.48632812
18.36004877
25.26124168
3.34814329
17.81627328
3.25851617
29.66646332
12.44071255
4.66776706
8.93591340
10.43509420
3.68599955
0.59667969
4.03515625
13.95741967
1.83119514
4.47785877
11.10852643
14.14306516
19.61442140
16.44710328
2.13671875
10.66573028
22.35814495
0.46049977
26.18660461
12.40653037
3.83520944
13.89933289
2.15852782
6.24231050
13.77689606
1.90376801
12.12797027
14.99218750
16.03710938
2.31009918
9.69954344
4.37557070
7.02920324
27.14613031
16.21187348
10.05468750
11.31986481
3.45747894
6.06079102
0.38842773
6.85892731
1.56640625
5.59541778
0.52465883
0.22932922
0.17879242
5.49609375
10.15279144
1.71289062
18.83459442
4.74164617
3.57024379
8.25000000
4.12705619
6.03895943
1.97904449
-0.00294739
0.77148438
11.47566711
4.73855912
3.63591201
5.26159575
0.71309480
15.12845856
0.62239625
1.88085938
16.11437833
1.80066074
8.54687500
15.86520403
14.45937330
3.10753345
12.00423094
1.88248781
3.69921875
9.23860594
0.20450929
7.15189606
14.12577239
10.86824025
8.04504986
0.94966644
2.17093902
7.58068817
5.49941933
8.42850925
2.67640126
9.56929411
8.44978945
20.94571587
9.11332557
30.84765625
9.05273438
12.20393174
21.03226839
8.82886303
0.58931488
13.18013519
4.89888519
15.82022956
16.83725121
1.52486176
12.92069301
11.56067081
16.69339872
3.38069703
15.53063934
0.89229402
2.61792054
17.09631317
14.23437500
0.92752771
12.50870789
9.27156056
13.53089220
4.07466644
13.31540596
5.98917664
15.40222931
4.46439606
17.11568207
21.27148438
17.75532802
11.43758366
13.12719415
2.02905585
3.97936420
48.42899878
8.35270390
7.80436281
3.36132812
0.01010651
2.00349540
8.13765846
10.13281250
3.27343750
0.11761475
7.40625000
0.64468923
0.34823069
1.39554715
4.94518950
7.52201573
0.32397461
5.41316711
3.08638519
3.59045379
1.10921265
2.64631705
4.89335549
13.81037456
0.38290364
4.39920989
4.81083222
3.90759308
8.69441711
2.39347351
3.27127771
2.30159796
0.11987274
8.61088105
2.15083832
9.39062500
5.32678192
3.20056183
3.09545213
0.93872756
1.61132812
45.71341202
24.58374335
3.10474069
3.05468750
9.79644172
7.22744347
4.33593750
26.90055141
6.19417110
0.77624917
2.43750000
7.70507812
4.35064219
6.14740469
8.35502106
7.10591644
12.17093030
6.03402482
11.98014406
13.46093750
4.87064606
7.38386525
0.87777233
5.11820340
8.41149933
4.45715425
8.15279144
6.73002106
0.99414062
2.57519531
14.38281250
13.32108489
0.11600832
22.60111481
4.30487922
0.36768700
6.45971742
5.88236481
5.19576019
25.54015958
0.64196933
3.18503305
12.10943926
2.19405308
2.52856383
2.61135126
1.10178412
18.99385765
7.63437721
6.26562500
2.32617188
8.21875000
8.10403702
0.44869736
4.13268950
0.90051363
7.73403909
3.03305075
12.27408688
4.90950687
7.47261193
1.58500526
2.06551086
2.05423981
10.19274933
0.77148438
4.20524047
0.30794312
1.12109375
6.39786680
1.73164949
7.77868683
11.05615234
0.09411621
1.30371094
13.22220856
0.64644379
2.63822418
6.88102172
1.10575410
5.83894836
16.07343640
6.75859485
3.15669769
2.37532469
2.12121675
2.31701629
7.42321808
2.97851562
2.24609375
14.15234375
9.63972961
1.66691101
19.72703832
20.26136469
0.88472504
12.61246454
5.58439273
21.16812424
3.24162677
11.92097961
18.64831450
7.91072695
27.53951019
4.75500333
8.83874667
9.40327350
13.16109596
6.43563054
2.60546875
12.99392399
20.04733266
8.47347296
9.02090869
2.75492963
11.57572418
6.72220856
17.35066711
5.70926972
6.41483489
4.66284242
3.00976562
0.05122894
16.08491911
4.02445589
7.93668329
4.36800421
1.19726562
7.44551419
2.75255818
2.35030806
12.31558954
9.41878546
6.00826019
14.24466357
6.05331006
1.36035156
11.48965869
4.64315381
25.71785461
8.65865082
12.85925200
0.21175234
0.93554688
4.76684570
0.52490234
10.37320922
1.58186890
7.97611481
3.13403258
15.78002992
21.99898161
10.99099804
23.90939383
9.80200133
7.66909852
10.20043914
5.62845856
10.34410645
15.70877532
7.49158265
10.13255763
7.84970159
9.85875998
3.91378213
7.48864030
8.50790115
8.25000000
1.99458832
9.21211326
1.01550698
6.63308788
9.42835438
0.85253906
13.77636719
19.97485040
16.31376440
10.46695922
2.72135251
1.00354222
12.40429688
15.72403930
7.95100953
13.64843750
2.56445312
5.81372008
16.85424867
5.64505763
0.70162206
1.73204788
11.75623337
1.08203125
11.18509918
14.73091644
14.50781250
2.64257812
0.75235899
1.12752382
3.31445312
8.67879211
13.70658356
5.60591644
0.93644226
3.95396610
6.23744015
1.97070312
9.19877106
3.23677582
18.86630653
13.89150597
11.58850067
3.47682791
1.97959330
23.14721680
1.41113281
27.77143507
10.96639849
2.01029449
7.19185394
2.69576019
5.17443817
19.63085938
13.89652372
0.83658563
14.44307901
7.11718750
14.55324580
18.58636206
4.48738586
3.39542664
2.64005430
4.80871675
0.78706879
5.46350067
6.41829095
12.00740913
5.27632536
5.15771609
6.18676197
4.40263408
10.96918773
5.95659352
5.97176086
12.04675200
17.27490359
1.50292969
11.55289672
9.69515015
0.82128906
12.73252993
2.72059507
7.25195063
12.06107823
7.16451019
4.66015625
4.08548981
11.88988697
4.45040447
3.14453125
5.94486481
3.50435394
3.97809232
2.91448581
1.77343750
4.53226715
3.45747894
11.42533356
0.08471680
16.79012024
8.96785461
17.83409554
4.53272606
5.20312500
11.81957447
6.99231050
10.83118018
9.47977505
9.62414893
2.58789062
0.01842117
11.26032137
3.99736812
22.56198252
7.33478721
10.71927638
9.49918921
4.05826813
8.91752106
9.82316101
7.21484375
0.00625610
5.44531250
11.89713531
6.87413897
14.08699025
3.39869348
0.01655441
9.69930023
2.07160049
3.59586547
8.75524933
1.40909851
4.49937625
14.59982601
0.01520813
7.78906250
2.66796875
17.40881317
14.83239030
5.07910904
5.20267731
2.02193207
8.14924424
5.91128768
7.76323913
9.75781250
2.82857269
8.70312500
8.61629211
23.02173890
15.71430741
2.94389572
3.53156249
4.01171875
5.76652039
9.19531250
5.25781250
8.73872894
22.72082115
13.23576241
1.08789062
1.39009613
54.27119903
9.87064606
25.17874529
15.04834109
3.55977947
8.66227172
11.12679078
4.64408356
2.69954344
2.77506593
4.62935394
22.18750000
17.40189606
0.46065277
1.38867188
34.55859375
1.65234375
16.48925532
10.79947252
2.76656970
9.68839539
14.78470856
11.38028369
0.64946088
0.49951172
1.01021332
4.66290615
1.31817264
4.00134308
11.34375000
16.30814606
2.22505707
2.76953125
6.02563165
21.95690825
12.17215537
2.86634142
14.97810727
8.60347628
24.51606273
9.01608266
16.79508422
2.58963459
2.69588818
9.55725067
0.25939973
2.50781250
4.12564938
8.29276706
20.04329344
5.62154144
3.25118074
0.83691406
26.50908526
0.54141064
17.48824066
33.33019615
20.08175088
9.12500000
4.56640625
5.79150266
16.06915377
45.16149933
0.12060547
6.85766290
10.27816046
1.99503601
9.04317044
29.05317459
25.12996897
3.19849069
16.74917332
9.50428523
11.32442044
0.93294437
1.41984070
25.42468168
1.92395113
11.02050532
9.13479998
6.88135638
4.90934203
9.62194482
7.60640846
19.33377771
6.89497645
3.57003213
7.99743683
4.68371675
11.31070922
3.40323914
10.12935394
19.43676197
1.91915447
0.13454162
12.49446033
7.70565381
4.23392731
1.12609863
1.07279449
14.83507485
1.93697113
5.58972075
7.49096742
6.58621787
4.16903147
7.95178192
3.31384308
3.96125721
3.82931072
6.04687500
6.78906250
35.60469138
3.60294991
7.41495789
19.01244058
9.35291555
5.08369903
6.52701906
8.81160461
1.42915863
11.98437500
2.54012024
0.94417359
4.71875000
12.21785461
6.52453458
12.28336547
38.58385888
9.06669658
10.09375000
18.36299092
10.06759197
3.57031250
25.94591257
13.93425497
0.03414398
13.02835218
5.74538669
5.15323914
10.07812225
6.63326019
4.14453125
10.78637633
4.08516511
13.52164672
6.50454566
1.19210992
22.59469542
5.07600953
14.38078238
2.21538508
4.86450133
47.10070645
10.46374667
6.42354278
4.16117464
7.28568263
4.34367132
2.71289062
20.16970773
7.75660239
2.14107269
3.88045102
0.16813296
0.66943359
10.24540191
20.59057181
5.60909463
2.10697418
1.00630707
11.62259420
8.73872894
4.19727061
24.20763641
2.61958832
4.98745457
1.58932734
18.95705170
5.77359237
6.32263962
10.32120789
43.13936309
20.10221188
3.49048038
35.69913509
25.79726840
3.24338319
10.19412148
1.46872063
32.88500665
13.93184729
7.48828125
11.23347961
4.01729278
1.32104554
2.78995789
11.33422540
27.42704565
14.32966977
9.91731906
3.01562500
10.19966644
6.52070701
9.55786569
2.60937500
3.96268396
0.70528479
5.90535461
12.54500305
35.21427305
4.72367464
20.56583555
13.84912234
2.22505707
6.18705231
-0.00499588
12.09106383
19.32929328
5.04489250
5.56387744
6.39894302
1.29589844
3.12487450
9.38815375
6.55422974
2.33638519
16.50667110
11.51097075
0.89251440
9.77949108
1.05278368
0.13440004
11.89843750
0.00771088
4.87756317
1.48099762
4.35656583
7.03930851
11.61104278
9.40893617
1.99804688
4.91796875
1.26302000
10.81762633
3.56441378
6.87935394
8.18314606
4.43843598
5.62890625
7.00512633
13.12333222
6.03951019
5.12845856
11.22525876
5.46854831
2.40283079
3.56156527
0.38277191
8.26908356
10.44510085
3.72331560
20.11328125
12.80379211
2.89408356
1.37731965
1.14709442
8.61462433
7.58548981
0.85298676
7.93314606
36.44415116
10.50551528
0.00898743
19.84578430
25.46333334
20.88436225
1.51310367
6.46875000
6.06852172
6.73616578
10.25935727
10.35693484
7.94006317
4.67655364
5.97802859
4.08670989
4.08414672
5.77054964
5.41015625
7.05110594
2.40051363
7.28132868
1.68111425
1.83833832
16.33939606
4.08792000
0.95354332
3.18900543
3.55513519
2.23046875
1.51850818
3.54236369
6.61071808
2.38566101
0.79032317
3.42891511
5.61328125
8.07063719
11.35916802
5.01099069
1.64257812
8.63447031
2.25420157
48.35484126
8.88669436
8.58304466
19.15295877
15.93778037
1.91333444
7.22656250
4.16796875
6.31685394
13.49462766
1.13525515
5.50781250
6.38330078
3.21484375
5.72679854
10.29273271
4.10111481
10.84375000
2.66060394
5.17578125
4.54931516
8.90726839
10.29226757
21.67908244
8.66103170
4.31589981
6.19722628
2.62544769
6.78080231
6.99263519
9.90010528
8.04760306
1.93075022
11.53202239
1.74043855
6.12500000
19.81187501
21.49842087
1.16378463
3.00390625
12.50496399
1.51471839
6.50237145
12.37935394
1.92134613
22.01346770
0.84887758
5.37735276
5.35209884
6.75736481
4.68705231
1.68892177
3.09594913
3.07344636
4.19531250
12.42968750
5.64876219
4.87813386
22.69855940
11.69552415
5.52140071
7.19742797
4.70740026
3.99654144
7.56395612
1.82080950
6.33581450
17.57348695
12.70133422
0.18750062
9.99527704
2.00712378
17.41316711
0.05452484
3.41796875
15.39754211
0.99938871
5.10135085
9.83912586
16.66399240
6.83098193
1.37504432
9.56583555
3.63472628
6.52689606
1.96822113
0.01218414
12.14062500
3.47192321
5.98400599
5.09936835
4.49597075
1.18505984
8.27343750
0.63134766
2.43528840
10.49032801
4.16084995
8.56099457
11.52689606
14.95775931
1.71261026
5.52734375
14.13170546
3.71204454
14.66552298
3.34814329
17.81627328
3.25851617
29.66646332
12.44071255
4.66776706
8.93591340
8.55814606
7.24263519
16.21552749
3.65511857
5.88927693
13.50280917
21.00183448
14.80603058
3.75826019
10.35323028
21.43268839
0.63160239
5.23482269
11.52819482
6.08210993
14.98690381
1.93599208
4.77636968
7.84330231
10.94950348
10.55753601
1.78470856
8.81762633
4.88850953
8.06607034
25.89332114
7.87642426
16.33593750
4.07031250
6.26434326
0.46923828
9.57812500
1.11576324
4.97342864
0.60026125
0.35091125
0.13834656
6.96048981
10.69966644
1.23730469
15.11673981
3.47740110
2.88925753
8.94531250
4.06931600
5.85158244
1.95117188
0.00826263
0.82910156
12.06941711
5.21398272
2.46179853
7.76607269
3.06835938
2.28426086
10.80212433
4.94140625
15.61975067
2.81579621
6.51517731
15.49340576
7.78045845
0.12916046
13.61193817
3.08577515
3.99234985
6.73380430
1.56246066
3.74804688
3.66478558
4.32198526
7.45463541
2.24654144
10.58300781
17.54439052
3.98685948
0.42749023
5.26517731
2.67622894
0.84326172
15.51757812
12.59916168
10.57742133
18.18828235
9.30416112
1.65429688
9.22701019
2.10982269
11.10138520
18.34588042
0.88525391
12.10412567
1.20942958
21.96443913
0.42797852
1.64436890
7.04553192
13.79341644
1.19388824
9.71939938
9.58719194
5.49536569
1.52563913
13.47643950
1.21594332
3.92277039
9.28080231
15.99452209
4.76953125
18.45552582
22.64798981
2.07812500
3.61718750
11.40865082
6.77298981
5.34676086
9.48078812
1.89595551
0.26346832
6.92232269
4.83113586
3.58865803
34.42716866
8.00024601
0.53999848
5.79252106
3.02539062
4.55545989
0.90303621
1.42333860
0.45894503
4.82198028
6.04866578
4.14107269
11.91227172
4.28694703
4.68700798
4.52681737
0.08280519
21.34431790
24.18969415
1.96057222
4.17236702
4.18538453
6.10201019
9.94877106
11.08763963
1.07198775
5.35587461
10.11258755
4.76688940
6.19877106
5.82076019
2.82572418
8.87210965
6.97066378
6.98091644
3.99552305
5.67399047
0.08907199
26.11718750
4.09845053
0.87444924
6.36641511
5.99609375
2.27689606
3.57031250
4.70747894
29.79345579
0.51123171
3.35491309
12.29962543
2.26074468
2.42700133
2.55023494
1.29034186
18.53171990
7.20033576
6.50781250
2.32812500
8.23437500
2.82344138
0.22978128
4.69219804
0.94647384
7.72622659
3.15414450
11.40946255
4.73506870
7.12751884
1.41740303
2.03230774
2.01517731
10.10681183
0.78417969
4.08805297
0.26057984
1.16894531
6.37833555
1.70332918
7.62589539
10.81636566
0.07342529
1.45214844
13.03125000
3.90625000
2.41947418
5.80423981
0.87198914
3.60156250
0.65677887
2.17174950
9.86153479
12.00524933
1.01029449
0.77148438
7.67386747
4.65861148
0.73974609
12.56640625
3.96199524
1.19868988
15.81972809
22.94548980
0.39835633
14.06404477
6.03401485
23.32629363
3.45646553
13.97220856
16.47387633
7.02567597
26.44576019
5.38826352
7.99845523
6.07628990
10.24447030
3.82031250
10.25389628
20.11381759
11.03239140
8.72988808
2.91643395
11.94238281
7.82242797
5.67020722
1.01322418
14.92354278
3.15848847
5.15152704
5.69657690
0.79687500
7.84472407
5.41580896
5.85620678
23.76908356
9.90519226
3.84570312
1.83300781
9.50956207
9.35847961
11.09977172
1.99532136
6.69441711
3.97253325
12.74442597
26.15234375
19.92646499
20.52739306
9.81506317
21.49450715
12.48160766
6.44832336
9.95062318
15.73932341
8.42209900
8.37064637
8.88423427
4.41911015
7.03698139
8.32540447
9.90458222
2.58247894
10.37808954
0.93103308
6.52509780
10.19117021
0.91845703
13.05371094
19.81078790
6.47436835
9.69864805
10.13614805
5.40604831
13.51615387
7.74807625
3.21811059
15.95222961
2.15368683
4.39249446
16.46207890
5.68175865
1.09159768
1.53246073
10.26172872
0.97900391
10.34948139
2.13790447
16.47310394
1.27974457
0.21146574
1.54565492
4.01216644
4.67508755
1.65401402
2.95072418
10.05821477
1.03854609
14.86641449
0.77628601
8.25752217
8.53544658
1.51765930
5.46964539
1.22167969
15.07893797
8.25512633
2.73018028
4.40430186
10.33325133
3.01411957
11.47745789
5.42712433
1.24165863
3.17891013
1.34941018
10.09106383
10.29956117
6.92578125
5.10912899
4.10526706
1.64400238
9.92533356
6.31152095
12.22603612
5.42252438
5.71028812
6.47696587
3.54211768
3.06099457
5.63959664
6.75102836
5.80289672
14.83247894
17.24308289
1.20064301
12.96350067
9.13903840
0.65482574
12.83409243
2.47104277
7.47094415
6.33329565
20.94327571
9.30928745
4.77229859
8.42187500
4.29252106
13.38130209
4.68119791
3.25826019
5.55468750
3.04687500
4.10296433
3.57672317
1.44824219
4.10644531
0.88533508
9.47310394
0.05830902
6.64338985
9.64652372
4.96264960
17.47479860
1.57154753
4.61539672
4.10803192
4.80073693
10.16365913
8.74206450
9.72530308
2.75976562
0.01335907
11.66169105
4.12724844
18.48750886
8.15388852
9.47139652
4.48825073
9.71785461
3.91361481
4.63130209
12.86876663
3.01689937
0.00477219
9.30163574
2.20737457
2.68721465
8.60681183
1.59952820
4.22935672
7.79155695
7.78393617
3.16752106
8.14676972
3.42968750
17.97566711
14.12642177
5.91699468
4.66796875
2.15474457
7.00882093
5.20068484
2.08317763
2.05257203
13.87666778
1.34509308
2.58728058
4.91796875
10.59285461
23.89937104
3.86665116
1.29696365
3.01998382
2.76607269
6.62890625
4.96875000
3.88326019
0.29370117
5.54743573
8.24943927
1.71980774
4.59855164
3.62650543
7.61539672
27.40803580
15.81644559
5.96135084
12.90779477
3.11910128
8.20914672
1.14579316
0.48807770
34.19576019
6.01127106
9.32429743
4.70695257
7.26997894
15.76472961
11.70775931
0.51969858
0.30786133
1.08451324
3.78981744
6.16819037
2.33052582
13.53470856
3.41992188
0.95613586
9.91841644
1.46138519
2.54927582
4.71215758
20.34386802
9.02014129
3.74369791
16.72823028
11.23091644
22.84699690
10.19731493
14.78906250
4.31730164
10.27038232
15.80684729
1.51749695
8.63012633
17.85583527
32.92626330
22.58679853
8.77343750
4.48437500
4.88390958
15.53527925
38.91674867
0.11814361
6.21532954
10.56107823
2.09269226
8.60208888
30.99348377
6.13737654
6.17002993
9.63746675
9.98604278
0.74373352
0.29166750
24.35591582
2.44169160
9.50654810
16.07982713
2.76083333
2.38045102
3.10437167
12.86975067
1.07031250
8.91841644
20.20084220
1.90702737
0.12445037
8.26857658
2.06630318
7.19185394
6.35803192
5.04040558
2.80033356
11.66841644
2.62727782
1.26139406
9.79252106
4.16060394
3.13387024
7.02042664
6.45312500
6.72265625
1.51314301
2.58687223
28.87613392
3.41402814
10.57466644
14.56494016
2.73860096
11.40621564
5.50358156
14.62219083
5.82312167
9.85323028
22.75231716
2.93880374
2.23209718
4.75480164
13.44441711
6.65970856
19.38948360
36.80948540
6.27897717
1.53808594
9.46004211
1.63041168
14.36885528
10.72668550
4.03906250
25.18423815
3.07943373
8.21247028
6.94274933
6.14453125
14.48002106
3.86461437
1.11630208
16.06265554
0.60567293
14.05370346
0.85795822
6.46797263
24.63786015
10.25191378
5.70747894
4.57780031
6.52754544
3.54231937
3.47115082
17.12112312
7.55616356
2.39107269
3.55037290
0.16740054
0.58007812
9.96683746
19.79381982
7.83899268
9.85156250
5.75605608
1.27519392
8.67431018
7.01123670
9.25000000
36.70462918
6.66214872
24.55297540
1.81803967
32.80606993
18.15036103
7.29510416
14.13758621
2.11049201
31.40946255
6.69690159
0.66894531
1.15136719
7.86974568
23.74894725
14.32409575
9.97322695
3.11869293
10.18750000
5.63423427
0.65136968
8.07377106
9.03617340
33.46350067
0.19181336
20.05696033
14.33500775
2.11673981
6.86372894
0.00635529
12.23168883
19.22435090
12.43596863
8.60510254
6.68359375
11.08748227
6.71116357
1.60910959
8.69859874
1.15235123
0.10066960
12.17187500
0.01759338
5.78080231
1.39506012
4.15824247
7.53405917
7.68750000
1.43359375
2.32857269
5.76953125
0.85428801
9.70735594
3.93204898
5.73872894
8.34375000
5.18765985
2.27771276
1.94010251
5.26497562
3.55318207
5.52689606
5.48482269
4.46484375
3.84142288
4.67810837
2.08308899
3.24068207
0.35493988
7.64062500
10.54499557
3.85344193
21.24218750
0.89265930
2.15625000
6.26607269
35.76194233
25.96546874
4.64811655
24.19563719
21.26875886
0.77433414
7.07857269
6.60054411
4.85648714
8.70865470
8.42326241
5.99129211
5.48469969
6.71240359
3.83475676
4.16931183
6.10335328
4.57767731
5.36885528
4.14721742
6.33833334
2.01473459
1.84517426
17.05814606
4.29950688
0.96416500
3.34224457
3.49173981
2.49458832
1.79117112
3.05404310
6.82991578
2.37198914
0.79809508
3.35229554
5.41015625
7.28682403
11.75422845
7.06734596
1.57767731
8.62275156
2.43824301
14.43289755
9.67326241
4.27868683
7.99308289
5.14920989
11.22579011
1.56701629
8.40189606
4.53951019
1.26501496
41.17043330
26.13327016
4.56753270
3.59409463
5.87601839
1.95943207
6.24564606
6.80078125
11.99987700
8.48811392
1.94560283
11.97237090
1.98270722
6.28951019
17.76549203
21.53878213
1.35934064
3.00435394
12.77494293
1.48297980
6.61610039
13.07120789
1.99263519
20.06388243
0.71346132
5.38862381
5.35209884
6.75736481
4.68705231
1.68892177
3.09594913
3.07344636
4.19531250
12.42968750
5.64876219
4.87813386
22.69855940
11.69552415
5.52140071
1.60644780
10.41137633
19.35758484
12.70133422
0.17305574
9.71915337
2.01176307
15.58760528
0.13594605
3.28906250
15.25166778
1.10359680
4.83763963
10.00386307
17.16930592
6.85352404
1.37504432
9.42345413
6.88648271
5.69877106
0.95947266
0.00140137
10.82812500
3.47192321
8.02087433
4.59574247
1.29231937
8.23002106
0.80074066
3.15741579
10.55974512
3.68082890
8.65474457
11.57377106
12.38476064
1.58984873
5.37154144
14.40078901
3.87264849
4.66435480
8.61836326
56.92549092
2.18030751
12.91796875
4.38716644
3.58203125
10.65523161
2.17094027
6.30078125
18.56700061
0.71850897
4.44531250
9.12666778
4.29918219
2.59563441
5.47265625
8.64754211
1.60050476
10.43778037
6.59781361
0.92436696
4.37500000
18.02331450
3.26777483
8.50187943
3.41601562
12.13627106
21.29245645
6.34640181
0.34130859
9.75691711
0.78881774
0.25211672
0.90526627
1.83708388
4.96919769
1.41414367
2.78019226
4.42655364
14.56250000
1.19942044
7.50248448
3.32271332
0.25219727
8.38448028
4.18504489
7.51401152
8.59029144
1.66796875
11.00992797
0.07423951
10.56460550
4.85494237
4.56437943
1.50781250
4.54275710
2.19828651
38.01432624
6.21991091
6.29931516
1.83545046
1.06294769
0.84375000
18.03533811
4.14945589
69.01053552
6.84253210
0.88358613
1.28808594
5.43570922
5.85956672
5.88351617
1.39139739
4.64811281
8.52343750
0.00671906
8.14408356
6.35330896
8.50215979
6.16406250
1.22892149
0.85757924
1.40230939
2.98392731
0.52921570
2.05273438
11.02949358
6.59252992
7.94336436
5.39465425
3.79777039
8.54687500
7.60131649
2.13847019
4.96964539
12.13923759
5.76917219
0.00927859
2.54838043
21.22387384
13.44289673
2.06618018
9.36027039
2.41406250
2.30105912
2.91671431
2.25195312
7.96484375
0.01515632
10.53264135
6.31934840
4.04732269
10.67214540
18.78476285
8.82043550
2.81445312
7.21439606
0.73384613
2.91121399
6.21439606
0.93986023
8.98091644
9.09003692
2.67232269
2.77929688
0.07244873
6.67744903
7.63114472
0.02897644
3.96934509
7.41346741
3.92533356
8.96170989
0.10746340
0.05581665
0.00506210
3.41210938
2.48590731
9.21355496
1.41186586
1.06542969
9.16406250
3.35796516
7.62409019
0.22033723
0.30200195
14.37402344
12.32143022
6.11566267
0.96915711
2.25000000
4.27343750
8.00534492
2.34284019
11.76208278
11.64266179
1.98046875
3.05965149
13.68058289
0.38187652
2.81294769
0.59570312
0.15405273
6.27343750
0.03338623
16.64805914
2.19556848
6.19274933
1.51330535
2.44079621
9.27819482
9.30774268
8.66629101
1.11105274
5.73559508
0.20491578
7.01607269
0.49995941
3.95117188
11.26562500
0.02683502
4.10546875
3.96455840
0.99389711
0.55863434
7.82857269
6.81250000
0.01029205
2.38462580
1.24061834
7.08190825
6.87512300
11.97285794
2.54276706
13.06169098
1.99849457
4.95479278
0.75390625
1.11551972
9.63972961
0.34523249
2.22256262
9.25286347
0.09899902
3.23811392
0.12419077
0.79052734
7.15234375
3.60058594
4.62845856
12.73437500
1.65136719
2.64017731
14.99308289
5.58593750
4.18797707
3.25147606
1.27441406
7.73937833
0.07946933
3.56826449
10.97572140
3.64257812
1.37951629
3.71032746
1.11763519
8.67578125
8.42187500
12.12172699
0.02810669
5.15234375
13.29150266
3.20414339
0.59033203
14.29252106
12.60624207
4.45312500
2.53125000
14.46439606
0.05745453
16.22432403
15.56685394
10.19710328
1.66573028
3.80887910
1.07128906
3.95897441
0.68165059
12.70377438
0.48616703
2.41628976
2.49728446
13.42394615
2.24735815
1.25704011
11.90970856
2.47249390
4.58894836
0.04661072
3.67951519
3.76970356
8.03035461
3.76261414
9.41406250
13.47879101
21.33105134
22.04882759
-0.77827794
7.83292664
5.97464872
2.65380984
1.26900238
13.71427305
1.69172845
1.54028756
2.67382812
3.98160517
12.34541778
1.39856300
1.46537262
7.68750000
0.01593537
0.83593750
3.31969748
3.79268838
1.44523133
9.24129211
5.41311780
42.47408798
7.68282136
7.98181183
1.63557984
11.50976562
2.54447418
0.54073028
1.38745179
15.11348294
1.68099124
10.68750000
0.06068939
4.03470856
6.67744903
5.85502106
3.24977588
2.35740247
3.73632812
2.25630707
0.76281707
3.82360871
6.38065271
1.61348792
9.69531250
16.49564606
9.78693706
4.20179188
0.31738281
32.56692266
9.96855828
2.44305876
7.31129487
4.26184175
1.23775238
1.25390625
2.38500790
9.40995456
1.40767426
10.08849693
7.45060616
3.59183622
3.54288509
14.99991634
2.89901318
15.87064606
5.38577904
8.80607491
0.00839996
1.65580231
11.86490470
0.15751565
4.38281250
2.67557583
1.79472019
6.86027039
6.83593750
4.81392177
0.70707433
1.74121094
5.89822086
5.13921320
2.55745235
1.20740026
7.15234375
0.03816742
6.06986481
0.93745941
4.27343750
2.92968750
1.73710051
19.42008422
1.65824496
13.18709165
1.63810367
7.20178192
1.05407746
1.75097656
11.25781250
5.97176086
0.94767273
10.71683622
5.02152372
3.17765569
2.18750000
2.81835938
3.07555187
12.96306294
2.28275543
3.82316101
0.31542969
6.91406250
6.18961547
1.07307984
11.80859375
3.64257812
0.00786591
8.24564606
11.04252106
3.43056544
6.03480717
15.58312662
10.10433650
19.40958555
2.01424257
7.02254211
1.19034851
1.89781874
1.63001329
4.36673981
6.60591644
13.10066711
9.32902039
0.40673828
4.88281250
1.97015681
5.97306585
6.75453124
5.04561060
6.20862034
0.81412843
3.84375000
0.90332031
6.71718529
4.35223182
12.91495789
0.47440582
0.02904267
18.18444482
2.52950354
5.30948914
4.46484375
5.95703125
5.46479943
5.32426307
3.56640625
1.67093902
6.16015625
3.08638519
0.55859375
7.14419659
5.68002216
24.94063831
1.21332515
3.70891068
2.97566711
5.71272828
8.40625000
10.77510528
0.79813691
8.85156250
10.63281250
2.20613586
9.80122894
5.10201019
1.95312500
0.70849609
11.42789672
1.82210328
7.40625000
0.93473266
9.74743683
0.44771332
16.28550533
39.97788120
2.01546265
3.91451019
0.64599609
0.03671265
5.96862700
4.93326906
1.72701019
7.87776485
4.66911015
12.29333278
5.38395390
2.50630707
6.11584442
8.14208112
0.39344165
6.98828125
1.67480469
1.28177887
28.44518306
6.04529587
1.73070853
15.48665780
8.64497894
3.35786957
4.63671875
0.04331451
7.65413391
14.03214539
2.81176696
0.37227449
9.98860594
1.06998781
1.07714844
3.81118629
2.49695977
10.63382965
5.58593750
14.09532414
2.44072750
7.75000000
2.16918883
0.79321351
0.63623047
2.16454954
5.09476839
1.82173676
2.58630153
1.55139378
12.19531250
11.25781250
0.13732910
10.70658356
1.18990082
0.01128387
6.05078125
0.39314758
7.63376726
12.55048842
2.30771331
13.26415891
11.75321255
3.98329206
12.99511968
8.47835328
0.02024841
1.21582031
3.75000000
2.77343750
21.54943817
2.85591644
0.40333796
1.44861120
2.62154144
0.01673889
3.48828125
5.09375000
0.82767731
3.59285461
3.25134308
0.87503498
11.98165447
21.60355372
3.51562749
7.31685394
1.17675781
6.97265625
10.19441711
5.08405807
4.78614029
9.18929078
3.72851562
1.88378906
8.63614805
5.41674867
1.81038453
8.68024823
1.50485095
9.84375000
0.20906586
0.23034668
6.78045581
15.81307019
5.53214539
4.65625000
6.79541016
1.55935669
5.71512292
4.23608710
0.61767578
9.14843750
2.67968750
3.65104001
0.80892093
0.31250000
8.21983461
8.88030363
5.61763519
7.40445922
3.66320645
1.35018007
2.68762300
3.11718750
5.00736481
1.56498199
2.24112976
0.57324219
1.12792969
13.27901153
0.54227754
15.22656250
8.03906250
6.57767731
13.38781583
1.48787539
2.39122507
2.05197196
15.25870789
5.19750665
6.91577460
5.66796875
0.68310547
0.08776855
4.96093750
0.00207710
6.30492354
5.30655696
2.04086325
16.87603771
6.53010860
1.72566960
6.84644562
8.71529144
7.92488586
2.45109070
13.78381317
5.65364106
10.42203236
3.55916445
1.08048897
4.23917664
2.74503601
13.16933871
2.21550808
11.78727172
7.86583445
3.01966422
1.37402344
3.45507812
3.29251862
11.12500000
9.31250000
0.17614746
0.79052734
8.23258422
9.43929078
4.19140625
14.87756317
13.41625665
10.59393175
41.12396719
2.50390625
1.69531250
2.12362494
12.89633200
9.76408023
0.70601410
0.97558594
9.73644615
3.85294991
6.17097961
7.28515625
26.58060450
21.59353230
2.38960100
8.82821365
6.97701019
8.96093750
0.01441956
7.40625000
5.59785794
0.07967289
0.55269379
10.80402317
18.72828457
5.87711547
3.96708222
6.29296875
15.09179688
0.03047699
15.56860102
2.12011968
1.01920158
7.26009530
7.07722961
3.98399602
9.99736812
3.21289062
1.03808594
1.33068567
0.18738073
0.33081055
7.50288412
13.43811502
7.38370789
0.28970119
6.84143284
4.08984375
12.82812500
4.37246704
11.78125000
0.16831100
6.11283356
10.99039672
4.82255097
1.10892731
10.06250000
1.29687500
18.64652372
15.72412234
0.97208680
1.04060727
1.45255679
1.65917969
5.62833555
0.30334566
0.60982269
12.98693817
5.71195984
7.04858212
38.25504765
13.37487700
0.90983156
8.15279144
1.01314301
3.57812500
16.95568817
7.78844748
3.69246897
3.64933289
6.21484375
32.86156915
17.97244543
4.08021056
3.19457002
6.18359375
5.23392731
1.27286680
0.42191683
14.89000499
8.61836326
56.92549092
2.18030751
12.91796875
4.38716644
3.58203125
10.65523161
2.17094027
6.30078125
18.56700061
1.11889960
1.64701324
8.19095856
7.77510528
8.09926973
3.81792663
7.55078125
1.75390625
9.62886193
4.84870900
0.89645251
11.18314606
13.00642509
11.81042885
3.05423981
17.29470859
5.93612256
0.44653320
9.11629211
0.91296293
0.76660281
0.74551931
1.34436502
5.22656250
1.40429688
3.22070312
4.84977172
15.84452239
1.47403868
3.13875554
0.66503906
6.08076685
9.15343086
4.34347960
7.90279144
15.00398493
2.28019226
7.39355718
1.58398438
4.94074690
3.77429417
38.63432291
6.26230990
6.51594969
2.08996675
1.05078125
0.89746094
18.38382778
4.00024601
70.61994986
6.93711739
0.78344789
1.23579926
5.16707336
5.01593972
5.38640403
1.68489500
12.03918550
0.20906586
7.42879211
8.09793662
8.15686502
5.21875000
0.99247160
0.74140951
1.18929576
2.20072418
0.35465516
1.66113281
8.36396499
8.94279117
8.46525709
2.91072508
2.28784242
0.81001676
3.19616855
17.12760001
9.56550338
1.73223016
3.75105774
3.28845246
2.34475843
2.70166888
17.26997894
0.11942535
3.37633561
9.87240248
17.54817625
3.16149933
1.63578402
6.47318013
6.26021830
0.20959473
7.05688165
1.81677526
1.40661652
5.41796875
0.23685699
4.65021831
8.31027149
5.98482269
1.09615082
0.17158996
2.74698914
6.16662567
2.24353058
1.61621094
2.59882640
5.13794880
0.96272828
4.10982269
5.19961963
3.04309674
13.41475371
7.79911347
0.71431488
2.44563719
1.81217531
1.89941406
1.71582031
0.11157227
6.42923981
0.01479096
9.79736110
2.19014683
0.28312195
1.57537416
11.94894835
16.89754211
3.55558289
3.12437999
10.87712544
10.89927860
0.52597379
8.47440271
8.16072695
9.28495456
1.41975953
3.53592240
2.94991744
9.56070922
6.97835328
8.91255209
2.29447916
16.69710892
7.46875000
13.18660461
11.70812833
2.80688663
8.26037567
0.36922024
1.85191781
8.09893062
3.20312500
2.72366468
0.69430407
1.76562500
6.77811676
3.81082475
17.09269725
2.91296542
4.15100067
8.96362367
4.94921875
4.70828569
4.61983931
1.26953125
7.08459442
1.67960633
0.01294464
3.86958334
5.31311502
10.15189606
5.10636414
2.79536957
15.35156250
0.25561523
12.31266235
21.62320922
9.68672761
1.38395141
4.34989472
1.35351562
4.62117243
0.79484319
12.21516844
0.56656984
2.69550546
7.79387411
5.10245789
3.58744293
1.63663758
14.84773493
3.52730441
5.47457003
5.33548981
0.05825806
5.91406250
4.54642731
3.80753601
10.60937500
16.89773383
20.81182639
21.49715095
-1.24328404
7.27734375
7.27921321
2.44975011
1.31888824
12.94083555
1.68395529
1.17741467
2.39603668
5.26802084
11.45389739
0.95528729
1.66263824
6.78125000
0.01334137
1.33105469
2.33914008
3.74199578
2.12784851
9.49084442
7.13785267
41.35372229
6.28886081
7.90714539
1.74833222
11.20898438
2.36328125
0.54740324
1.20332918
15.57352505
1.63110538
10.49218750
0.07552094
4.33984375
7.21997008
5.82031250
3.17116260
2.23240247
3.64603668
2.24804688
0.69339996
8.45942709
4.07271830
0.19409180
21.42703569
6.72486037
1.25237414
8.82182291
4.66162234
1.59464539
1.45214844
1.61393125
1.61873476
11.52689606
8.95726729
6.26583665
4.71561614
4.06241634
10.13000644
0.93009585
24.71353502
6.50777814
8.77665005
1.64656804
6.85937500
0.03750610
5.08024047
3.65173371
4.56501884
4.01509862
15.74833222
0.57092379
11.58284360
6.55269503
4.13492797
0.43827363
7.87923094
4.24861259
4.32528147
2.95312500
5.81921044
2.38151374
9.25781250
9.95568817
6.67622894
2.68794769
1.57120789
12.45658356
2.55664062
4.16060394
0.40014648
6.87500000
4.83894836
0.52388519
10.68187417
5.31910239
11.88168747
17.84016844
3.14420656
6.54463653
0.85579469
6.33259198
1.30607989
4.15234375
1.00533051
2.85111481
0.38960785
5.29296875
2.24343321
7.31332294
8.07898603
5.59211658
5.68734264
0.84798219
10.59158024
5.71265957
9.42622894
6.35111481
9.82466644
6.18879876
6.89713874
5.04252106
0.98726410
7.52343750
6.13671875
1.10156250
7.68566490
5.34904366
24.86902705
13.36245262
9.59436502
2.30379211
6.34399601
2.19185394
1.25976562
6.05244903
7.20926972
7.70312500
1.28808594
6.15010528
5.97790558
2.97745789
1.92968750
2.55024989
5.07625554
1.10449219
1.65083832
5.05667498
38.22038342
1.59501191
3.53125000
0.29471832
0.04701752
8.27140071
5.57234929
1.53613281
9.75463431
4.48755319
31.00398493
1.46334081
1.43252791
9.71281693
0.53698762
10.04374176
11.54341644
4.85323028
0.52766969
9.18212766
2.12691378
2.39643507
2.41952349
9.06522613
6.65669769
0.70312500
10.88325023
2.54688497
8.13281250
2.50211547
0.78987672
0.79882812
2.26790282
4.67936281
1.88964844
2.30501219
3.09928468
9.57812500
2.74414062
0.02720642
5.55814606
0.61381012
9.33527692
11.59155585
2.15116176
2.16032856
13.00821836
14.42981050
6.88671875
3.29146332
2.20898438
19.91752106
2.00435394
0.70050495
4.14872783
7.09524048
8.87350952
7.33705896
8.97198248
22.47285794
4.74401264
5.66459884
8.78649933
3.32226562
1.90083832
6.14754211
3.92728668
1.02771027
2.27298981
4.94126954
6.40719968
2.92110261
8.97745789
0.01632690
5.48335661
4.88773714
0.32910156
7.66406250
2.65039062
4.65498560
3.05745733
0.19722504
9.78767509
10.20797096
6.12544769
8.29162567
3.84138852
1.63871371
3.30497285
3.42036957
4.79252106
1.57527649
2.80212433
0.92289215
1.56392426
5.21394836
3.21830231
17.02868683
9.83735927
6.36185948
13.56351341
3.29976784
18.30135039
5.70031583
1.09000859
4.38854980
8.74218750
7.14754211
1.33829773
10.14318817
8.08367188
9.77550865
3.19864805
2.17879709
4.74039672
1.89331117
9.27937556
3.34952571
0.84932901
0.70882203
0.43676758
1.24601258
11.63960661
4.60788897
3.00641067
0.92822266
2.25195312
2.93132382
8.41883975
3.92443817
4.34944703
12.77779144
8.29162567
0.55114777
7.94884974
10.57414007
6.06359708
4.05951851
10.84022273
2.38476562
1.25878906
2.65669271
0.85404948
0.79589844
7.42426710
11.91516954
4.88370789
0.15994169
10.02356050
3.23828125
10.45312500
5.26651001
11.36718750
0.37826395
6.49955231
16.90523161
3.44677859
1.10351562
9.33203125
1.50878906
17.15087766
9.49320589
1.58052582
1.88822418
6.43135528
0.53198304
0.81347656
13.99910461
7.46434509
11.00516567
13.82670323
0.19417203
11.45414339
0.56530104
4.20210661
1.61507701
3.85217254
14.18147828
7.26908356
0.75284851
2.19034851
7.26953125
9.06070922
1.14729859
17.55826408
0.01127106
11.49373227
8.56429078
2.85213320
11.07031250
2.90144836
1.71716340
6.26127106
0.47265625
0.99263519
11.89802915
7.88908023
14.48240049
2.53829011
1.14440825
1.20068484
8.31595856
0.20129395
9.17968750
10.97211991
9.20756759
9.42354278
12.60249225
3.16386580
0.97705078
1.01237835
1.43588153
4.01216644
5.27510528
0.26932832
13.47741357
10.52258643
5.17142731
12.79597961
6.45747894
0.24483246
8.47586942
1.76558566
3.20357269
14.16662567
3.14782746
0.26831055
1.75423094
6.83170656
11.42533356
2.78365082
1.70312500
7.04597961
0.04581726
1.83984375
2.70442376
2.99044104
8.85803223
0.38106293
3.22248892
3.15837045
1.40722656
2.20133422
0.36315949
3.83690783
3.04879377
9.90523161
4.50012300
9.17277039
7.08984375
3.13867188
41.01816964
4.61818258
2.46366301
3.13098238
5.10982269
12.02343750
2.83874512
11.71101618
2.85722019
4.23059175
13.39127438
15.22758089
2.68973847
1.50878906
6.16389517
21.14192874
7.54679632
12.51383422
3.24877992
39.04642731
2.72896332
10.21785461
8.25667847
1.23444589
4.47723410
8.63716644
0.26318359
1.19335938
9.64408356
1.46016262
2.39673038
8.63475067
2.19532745
22.65010528
0.65852906
6.63326019
0.44413238
7.53893950
2.01379488
15.16772274
2.50056572
1.83606549
5.85773938
8.08513076
5.84375000
8.85054411
5.14766511
5.16540558
4.50304522
4.25574135
9.76509862
0.21374512
5.14147607
9.50997229
1.27193207
7.05379211
3.23725787
6.63713209
4.86673981
18.00410794
3.91040226
3.86677915
4.29630679
3.84330231
15.37350525
4.48185616
15.68123227
3.39449191
6.43750000
0.24117035
14.88537567
10.22566711
5.22880097
10.82966977
2.31246066
33.85052417
2.87034130
4.81819703
0.51531609
4.29781471
0.71533203
13.55760473
3.75684840
16.59273161
14.90893617
5.74251219
1.32906222
14.12410461
2.00657871
6.81857601
9.60623117
4.32736258
4.25345856
0.29793211
10.72668550
1.31892384
1.30603557
1.42871094
5.98241938
8.99678745
1.54414700
2.42000554
4.30814107
12.34090647
0.93863953
3.42968750
5.85021942
3.97265625
5.19230164
8.91767842
4.18868572
3.21484375
14.86478668
6.56640625
5.64351286
0.32324343
1.80033356
6.09708057
33.17440381
19.51953125
5.76908356
6.80167664
0.08654785
4.99218750
1.72753906
1.47265625
9.98950133
1.82836976
12.55814606
6.27420989
1.13737062
0.62158203
11.42024158
4.61837322
4.14424092
10.16825908
2.08247894
12.70035018
17.20315936
6.50184507
2.37817321
4.65449358
8.59729720
9.51135285
9.54459220
2.66731812
4.17749335
2.05737367
4.59676086
7.58987811
5.50130873
6.48242188
6.63671875
3.48632812
5.51345524
1.22783687
10.35502106
0.20446808
19.17700133
3.43073900
4.94450576
8.55175532
18.43611259
4.53552526
2.54406583
5.20597850
0.20764160
11.18916778
3.24833222
2.29763991
6.25411790
2.96484375
15.51480580
36.00972628
6.20451241
34.48893063
2.14148105
1.45283840
39.07971854
5.33458997
10.74218750
18.54329344
3.15592531
8.04939384
2.24597573
12.64797984
2.71920766
12.25000000
5.02030364
5.23794161
3.35609374
9.46964539
10.77844083
2.44461880
2.06990913
11.00781250
10.32198028
2.93851092
14.25145125
11.85489805
7.11731050
4.04732269
8.91752106
2.58345302
1.35937749
4.89619903
8.13627106
27.18481383
3.18701296
39.26953125
10.22656250
2.09179688
20.85020945
22.33622690
11.56801922
10.34375000
4.25826019
2.40970856
5.06327239
1.11198000
3.41796875
6.89798981
4.58939606
6.07717532
2.99012632
11.25771887
10.03630762
3.86812223
5.09195922
13.23388672
1.34664035
9.25870789
6.51607269
2.80078125
0.87552887
0.06931580
6.78515625
1.92337295
1.97168716
8.82108489
0.28800539
33.82509669
4.58867796
0.82743628
4.78125000
3.43750000
6.69128325
0.97473238
11.31250000
3.75345856
5.25826019
1.86816406
5.45681960
9.15121232
4.70837433
14.64257812
0.23018371
0.94380707
3.64603668
1.38994115
4.35540004
5.67834442
4.66596632
20.54688372
31.46325466
20.45538786
27.99570035
3.36344858
7.17923981
6.09765625
5.48091644
4.08984375
1.65962738
0.13187652
1.69771332
3.26367188
8.24339761
8.68254598
4.08382203
1.79740387
7.05025238
1.50345856
1.04634613
0.53271484
5.48392731
11.15083583
10.62011968
5.94921875
5.36718750
6.55033356
0.10304779
14.81790670
5.35006205
6.06250000
0.13134766
37.38236481
11.71773285
2.50317321
8.61987367
6.38627106
1.24654144
3.65234375
10.78066933
9.48047872
11.13793385
4.19662123
3.39790614
8.33744542
13.18391844
1.39713625
3.59916168
7.94775266
7.46675753
10.37756317
3.55891844
6.40922152
3.75105774
2.79573360
7.98205784
12.79060727
5.87390292
7.02343750
5.52107602
-0.01289731
3.98514240
1.11056072
5.35957170
6.01693373
8.17610687
41.93043995
6.23618572
30.25781250
2.42663232
3.56103889
8.85502106
12.35066711
4.91043662
2.71936502
18.20611572
17.65625000
1.30073942
7.93851839
8.61372894
5.89408356
7.03690271
0.54508796
9.48783356
11.58295103
2.74517397
5.85156250
7.95226272
9.29529587
11.89139739
6.58081117
1.52742492
3.92757203
11.84720856
0.26509613
7.37219083
7.78812279
4.04281139
8.30866246
3.41399379
11.61962766
1.54105746
5.37935394
5.18750000
15.40100067
2.68945312
2.94425476
2.03951019
9.45991911
1.83011996
6.65535461
3.80492354
0.77604997
9.29508422
3.26546265
2.33564467
6.79619126
12.56457520
12.06941711
5.72477172
2.79370179
19.76562500
14.42710440
4.35805185
3.99225621
2.92571254
9.28727172
14.93493683
0.48140473
8.43750000
4.54687500
0.79687500
0.01181793
2.13085938
5.74702350
3.44828900
6.63234487
9.30035349
7.48547208
10.89778812
3.24068207
10.03059439
3.42940713
14.57722961
8.82812500
8.27087433
10.73156583
11.47566711
12.28841312
10.80635528
2.16870179
2.71484375
0.04428101
0.02609253
3.16137633
0.61307832
0.99458707
14.14599734
4.72656250
0.01218414
1.32031250
6.60191158
4.49354741
1.20902496
2.86763191
17.59663786
0.29618441
0.68945312
2.73828125
6.87154144
0.17801910
1.26607269
3.30614362
1.32231493
1.39790863
6.38671875
2.16791196
2.45912233
8.07869477
0.03839111
9.88716644
5.97387633
1.25073304
2.68350510
3.92920545
0.54793398
6.08068817
5.98925034
0.01127106
11.49373227
8.13024933
7.22021609
0.57816559
3.31685394
17.12520169
3.81229831
11.05981383
3.43823304
0.10406494
0.74934813
4.39420656
11.90421321
3.14266179
1.73535156
1.09407604
1.40296376
3.57617188
6.40254544
0.27299167
12.95715052
11.10583776
4.68948250
1.45024711
9.44620789
0.11437988
10.23054743
9.62882757
4.27453458
1.14148105
6.28515625
7.49987700
11.49076324
3.39856050
17.84761193
2.83838264
0.14904785
3.03928857
2.73760748
10.20377438
2.33182956
6.25609043
0.48076656
5.15022330
6.62659159
3.33593750
9.93135528
4.98270722
9.74564606
6.05859375
2.71138519
20.70473607
21.70533838
2.49747618
2.07267398
12.63862755
2.42493018
2.64542664
8.92240138
14.56453679
1.56384308
1.94140625
6.19713764
18.92675532
6.68815935
10.71081450
2.39070742
39.81595856
6.30423981
13.74190277
1.63825293
32.10954981
5.49609375
7.45588985
2.72815159
14.76390792
2.51538896
8.47078473
8.21392397
8.84029144
10.37577239
3.17488586
0.95271914
3.47196255
3.16646332
14.02278812
7.39888519
0.20625824
4.57722961
5.18676197
3.08232158
6.22009308
13.11629211
3.91218806
4.40316046
16.97285794
2.29427249
5.92187500
0.22448730
16.56070922
9.12410461
2.67500886
37.21916779
2.68830229
3.51440492
0.20357602
1.21810062
11.24849166
4.37342087
15.73771055
7.40682070
1.28808594
9.64741911
8.29085328
5.73124114
10.73706117
14.45926972
2.67309508
6.68762300
1.24466949
2.67472351
2.71651153
9.34456422
3.97070312
7.38358489
4.40112367
9.51037567
2.83585384
4.28161901
2.00976562
6.33620790
6.05832335
1.86132812
13.39859486
26.87830119
14.99015071
0.45487644
1.92631074
7.43794769
0.12170410
5.68359375
2.64062500
1.35839844
10.79162567
2.62093016
2.17862976
7.49967531
4.89062500
1.12740082
8.76293883
0.64282289
0.47367340
10.86156915
5.81075354
4.02347684
3.00732546
8.44392509
4.24357491
5.57271332
8.55033356
3.81250000
4.20644061
1.90684064
5.45747894
6.87109375
9.28035461
3.29967919
7.12895057
7.58735927
26.18163564
8.35962101
2.94710328
4.40084330
0.56933594
11.69864805
3.67244570
2.40115553
6.63257646
2.48677582
16.09199856
37.03491024
6.09334663
32.60762356
2.27819980
1.43229001
38.56116136
4.81408465
2.75390625
16.40050865
2.51400155
10.20047319
5.40410017
17.28511193
2.65523659
10.95479278
14.00948028
3.28792110
6.14198012
5.27031360
1.49243351
4.91271942
4.37930962
1.88179909
8.29585661
4.43720967
0.29134779
5.45088653
1.35575410
17.26570617
3.55513519
33.13326019
10.55814606
2.83886719
19.18781472
22.03178448
5.85374368
2.75492464
3.12259918
7.83369903
3.72294160
4.71850150
10.17851174
3.83548981
9.02420989
7.63700285
0.72985996
8.98091644
7.53906250
2.32031250
1.81612090
0.05603090
6.94921875
3.50698333
2.28020722
10.99283688
0.13110538
19.47292665
5.89043328
0.74210882
4.98828125
2.92293274
1.08683289
5.21093750
7.36673981
2.27298981
5.29777039
1.77343750
2.62450050
12.43449911
12.06262300
0.03835053
7.38236481
1.06612090
5.93102052
9.42008422
6.26240249
21.03227525
31.65689938
20.38373228
26.54961546
3.69324135
7.23738586
5.35290558
2.12487201
4.94906139
4.74084442
10.37935394
7.27498227
17.31954011
4.68896609
2.47701019
13.31001801
1.29101562
1.03222656
1.01757812
7.23783356
10.87776485
9.46989140
3.55033356
11.57466644
1.34322113
3.02298981
35.26353392
13.20753324
2.45621952
4.05289672
8.57210328
6.00870789
0.65140777
6.30907829
5.46578346
5.11014739
7.94799867
5.09029144
2.73334664
12.43462211
9.50256317
7.96183289
3.22672485
1.40161071
5.14119570
7.29296875
6.42643063
0.25565769
3.18347075
1.23352144
7.96183040
8.02457890
11.70450867
36.80670435
8.12208776
23.71207641
4.05281306
4.86934729
5.98046875
7.54463653
10.10977837
3.16394448
14.09810394
14.11007659
4.20332669
3.61759585
12.92020722
7.92187500
1.26908356
6.74609375
12.44620789
7.57031250
7.62475399
2.86893894
1.43457031
2.87442930
0.66996371
2.43228502
9.81771498
11.68469083
5.21329898
0.91312652
2.76607269
10.76127106
0.17854828
8.60758422
2.55793939
2.49703346
6.32436988
3.40561059
15.57979278
10.90279144
7.82210328
10.66035794
14.26997894
6.30013187
0.09088135
1.80468750
3.81551086
5.82120789
0.01268768
3.68570922
0.67024781
3.59573748
5.90141400
11.92994246
1.87422761
8.25630707
2.29687500
7.02050781
18.87040005
0.19063511
0.41731750
7.95792664
0.00526428
0.31453430
1.32120789
2.44192266
3.46778590
9.42940277
0.01786804
2.24759918
4.27388519
7.46695922
0.36287476
2.52062833
6.13562167
13.51293883
2.91486550
6.48579677
15.16979139
6.64031028
5.98425200
4.74877992
11.06392177
2.54952183
7.41048094
2.12976230
13.13431793
8.67187500
1.09712738
0.97509766
1.70658356
0.92769379
1.19412678
10.36792553
6.46529144
9.36786127
15.50099401
4.75520875
7.80269379
10.91804743
11.60795323
3.06339539
8.39408356
5.76159575
1.84305879
1.25765015
5.66451019
1.37349457
4.33459442
5.88806183
3.64843750
9.00345856
17.24564606
0.03037537
1.38627106
7.24129211
2.95507812
18.24938996
1.05029048
2.05566655
0.52539062
11.93737700
2.56391304
15.69564716
3.70394171
0.38993316
1.20552582
3.36108398
1.22814910
10.95791667
3.33159352
1.40279144
2.31783051
2.84887633
1.46341949
8.93583222
1.06046570
22.05419548
0.94580452
2.79296875
9.38683179
6.60881427
6.72220856
2.78755707
12.76216644
2.96490748
2.01511358
10.30956408
35.34949135
1.62614140
5.76517731
30.38627106
13.35937500
15.00036652
11.06369994
4.71765043
4.11865359
2.60021942
1.59021027
5.00044769
1.69209746
0.72436586
0.62597656
14.72383201
9.48529458
5.45479278
10.96362367
4.35156250
4.69185394
2.89436392
1.36548288
3.97550476
0.34585291
2.50655308
2.15743074
17.46685063
9.32221187
5.21138519
11.12398161
5.10168550
6.31339539
3.31835938
0.14204863
2.11657746
6.43013519
8.52343750
6.33593750
4.47310394
7.49039672
3.77913453
1.07377106
5.66784575
3.42590425
1.73730469
4.38326019
8.41316711
6.44230164
1.73535156
1.27441406
1.24023438
4.23347961
0.89693207
8.69864805
2.92244570
2.68872008
37.35655710
13.67054188
15.60681183
4.42545656
5.02388519
23.23929840
2.91824912
3.05440713
2.31339539
10.05814606
0.15291352
3.58984375
10.07031250
0.72411580
3.18884807
11.34483711
3.98328789
3.82421875
10.78369016
1.92920046
7.98437500
0.19604492
4.19877106
10.51908356
9.26652039
1.74083694
0.79431931
4.71093750
10.03906250
1.86954649
1.51822501
0.18254100
2.64155101
5.13583333
15.16039229
14.03377881
5.93668827
1.62837738
2.59570312
1.08691406
4.25390625
1.73046875
6.59753325
0.66565035
13.79394282
0.18445073
10.33760528
5.75915558
1.40714539
1.70800781
19.18272275
0.14637882
18.06225399
13.20727726
2.87109375
12.30814606
6.29943817
2.17321808
2.02583832
8.02254211
4.65714539
0.34350586
5.59708555
0.86791805
9.71297429
1.21024629
10.74564606
10.05444149
0.06803593
16.75894393
19.75354720
6.22188386
17.91748047
19.49820922
6.88850953
18.06256871
3.67571254
9.93354943
2.11332557
0.40478516
5.40673828
8.03153037
7.60188719
19.92851174
14.31444814
0.60425365
3.59358765
9.71606383
7.35969969
0.84814578
8.62500000
2.66474997
35.09810394
4.02482491
12.50308954
2.30985815
4.13806183
0.59472656
3.82913841
12.41109596
2.85892731
15.71520280
7.04952681
3.45552582
10.09696255
4.53239140
4.92968750
3.99654144
1.61914062
26.39501829
2.21000277
1.20165330
9.52375036
7.60819924
1.67675781
16.52013631
6.58142619
1.71333832
9.32649407
6.15840979
1.59863281
8.77254211
3.59464539
5.24206450
9.89420656
1.59952820
5.42963819
4.50659242
1.72888962
5.86673981
12.97656250
1.71085633
8.69147745
19.97689716
5.54699800
23.00773133
14.66992188
9.03523493
14.64689398
17.42443817
2.84313996
7.71939938
3.22546542
0.95113129
3.75280419
6.97571143
5.08593750
1.87109375
6.49067709
4.12651041
2.91992188
14.02945922
11.39062500
1.61164658
1.52202072
12.97501025
3.41178967
3.12829621
10.08556849
0.75382757
1.05345776
0.96322528
0.08575439
2.03125445
11.85983266
1.88326019
0.93900543
13.93286071
1.88256898
18.60881561
7.90580231
3.31880707
13.46606383
5.79174867
13.39216977
8.70939273
0.73242188
6.55244903
2.82059785
0.38208008
4.89229278
0.83142121
13.38179535
5.19185394
1.27246094
0.46240234
9.25577789
14.93033688
5.08907136
1.47961519
2.98677582
10.74475067
0.46179230
3.30590758
3.77567597
3.70747894
18.34660837
6.43405141
3.17232269
7.49523272
3.77299230
36.06388741
3.56534851
8.41406250
6.50781250
6.93822806
3.42940713
7.32767731
3.84565382
5.02543993
2.21830231
6.54386414
5.43916778
1.96708222
14.16166168
5.96093750
4.11763519
13.91471313
4.77522828
3.65820312
11.10156250
4.61718750
26.32783467
23.25138741
2.09817671
6.84333148
2.79203402
3.17338043
0.76355012
5.08939606
2.66841644
1.81933594
6.28906250
20.32173427
8.28612783
9.26392287
2.34679771
2.75362588
2.75781250
11.05712766
1.10693484
1.85982269
13.82889739
0.11250886
1.78515625
13.92068928
8.04671764
0.99698914
3.58638519
2.39062500
5.87410461
7.04296875
5.65620568
9.48486702
1.64453125
13.76863586
6.53649933
1.78515625
0.28226715
0.00355286
7.46850586
7.01517731
1.49361176
3.14375388
1.65027260
2.02974457
1.74323246
36.39299645
7.12345523
7.70357269
0.29138152
0.59602906
4.53125000
6.52734375
1.72025543
1.31791168
6.96573914
1.85119598
2.02388519
0.64314758
1.16540558
1.26704926
8.79576796
3.04859208
2.80948914
3.19291168
14.77492279
1.76411957
8.76127106
0.55171723
6.03132868
2.96671819
5.38146942
4.43705231
0.76302125
10.58593750
1.86673981
40.27359579
2.59001108
1.66401755
3.81282936
7.05122894
4.83337433
0.81506317
2.88610871
2.15039062
8.24641844
5.36641511
12.58056516
12.50101839
2.96919769
4.20357269
3.81469415
1.47489722
3.37500000
6.02766346
5.57247229
0.76164007
6.91954788
6.54785904
4.09676086
4.17801972
2.29056793
6.86372894
6.13281250
10.48783356
3.71439606
16.98847203
11.21689051
9.90026264
6.77633283
23.91035794
7.95548648
2.65775543
5.33036347
8.09375000
13.27782580
1.14404920
11.18475954
3.99411125
0.63065894
1.52843584
1.75794049
7.94018617
1.64798981
0.06722016
11.94580078
10.61364279
22.59546210
7.70324800
8.04431183
8.93839539
7.91227172
4.05940797
10.09029144
2.30139129
6.56986481
3.20278037
4.43483377
3.06013852
4.15905917
12.10323028
6.54475953
2.18013519
2.83247894
22.63663509
1.65926335
1.35750056
12.72603612
2.91406250
10.22020612
1.24703845
6.26171875
1.70019531
19.95568817
13.96720274
1.45068484
4.05956782
2.78613530
1.20320617
7.07165558
7.77644836
0.97355164
1.83015930
10.23527039
4.39453125
5.62455231
6.36885528
0.64233461
2.27752705
2.51999888
11.26216644
9.69173094
10.30045656
11.09964872
8.22847628
0.42382812
5.24705100
40.95436502
2.79296875
12.32979278
1.80745484
8.37500000
8.32287567
0.06825807
7.18660461
0.65576172
5.71980275
2.31624889
10.69546986
1.22843944
10.57120789
14.24686676
0.64400238
1.55053150
2.80582392
18.44462876
2.81669160
2.72524318
3.82431737
11.24206450
12.60949800
1.85253906
9.63960661
7.42891511
1.46598266
8.05045656
1.59594664
1.78491273
15.69047027
7.94576019
0.78771350
6.24561170
2.50585938
8.93750000
0.00931549
7.09905808
9.47117076
8.65047429
0.81563262
12.97399933
0.68497742
9.46439606
0.01825470
6.04642731
1.72212738
10.67061060
0.04887183
0.53271484
5.63352934
3.90105496
1.87959995
4.11027039
3.37516235
2.87349457
3.74743683
8.12935394
1.39314633
0.31095523
0.61474609
14.90234375
1.91654449
25.98502438
4.77278812
2.15580231
0.40645355
6.37756317
5.02132203
0.94482422
6.58819787
40.45444370
6.92077792
0.65332031
3.88521332
4.03906250
7.45703125
11.20365138
4.56551086
2.27185339
9.78125000
9.50345856
0.92089844
13.42614030
3.07776595
5.40669769
1.49609375
1.08105469
10.01367188
2.65820312
12.35502106
1.12109375
1.28951019
3.35937500
12.15791778
3.07893673
3.02022495
10.76049867
1.40722656
6.17268174
4.63981826
0.39086914
39.88752051
7.56666223
2.16946390
6.48579677
15.16979139
6.64031028
5.98425200
4.74877992
11.06392177
2.54952183
7.41048094
2.12976230
13.13431793
8.67187500
1.09712738
0.97509766
1.70658356
0.92769379
1.19412678
10.36792553
6.46529144
9.36786127
9.11260748
7.57324219
7.45581055
10.75565271
11.96130651
3.02718140
8.92879211
5.86706450
2.09838929
1.32751496
5.57120789
1.32324219
4.58850067
5.84464539
3.79536957
9.36328125
16.98693817
0.02854432
1.32812500
7.02254211
9.70056183
0.79064599
3.25500831
0.44165039
13.18660461
2.57164125
3.51055296
9.74116911
2.90832613
11.40279144
0.42085785
5.17935181
1.96838348
11.93472518
3.78882646
1.98091644
4.45181004
1.95313497
3.11320257
8.07377106
0.69958527
25.44079123
0.62321420
2.78560394
10.17357713
5.88456892
5.38281250
2.16015625
13.94185394
3.38083944
1.90582224
9.63455896
33.77624667
1.73185367
6.28426086
29.03804411
14.07824800
20.22489472
16.82397461
4.18758117
5.47310394
0.92419465
12.35502106
4.01578735
1.61079926
4.97790558
2.84439938
1.31913425
0.66654449
14.95653923
9.41174690
5.26684508
5.02221742
1.07076019
1.92578125
4.20759697
2.01416389
4.16105164
0.40307274
2.27547429
1.64554964
17.34774935
8.31195921
5.13671875
11.43302305
12.65336214
1.09916168
3.43990082
0.16771329
2.17500886
6.59464539
1.20695008
4.87845856
3.46529144
6.34541778
2.86551972
4.78125000
6.52184841
1.62711796
2.59330231
11.55468750
1.91743988
10.77140071
1.06746648
3.41210938
11.48986816
35.55215371
13.69141622
16.55712766
4.03328679
4.32076019
30.63614805
5.01765182
2.91667497
4.98571808
9.97069814
3.88521830
12.15465094
5.70427637
9.60937500
6.59810394
5.28080231
7.78080231
0.16361512
2.70703125
7.29121233
2.74154310
3.02388519
8.29252106
3.07933511
0.51876883
5.86611606
5.01478390
13.14204677
13.89676972
4.28637633
0.51371495
6.68794769
2.06880707
9.97956339
5.12936391
18.28820147
1.73657289
6.67651928
13.67419216
3.77681737
2.85445036
1.52543246
1.29101562
3.33101286
1.07771228
11.12765181
0.47265625
7.48392731
7.02331450
0.30794375
8.47643576
17.15356881
7.64196808
17.48392731
4.10982269
12.54381982
1.44543800
0.61523438
4.19584137
8.90754876
5.93595523
19.89599734
14.00988365
0.48059549
3.66060394
6.26818817
9.14041335
0.79611009
0.49011262
2.18664270
37.01639739
2.99284186
11.59171321
12.83451573
3.31640625
15.32970413
3.93547318
4.09375000
9.10119349
7.34847296
2.93188165
0.85608128
6.18672761
2.06144226
27.13842587
1.78833195
1.69832087
10.77125612
8.29801640
2.14843750
14.23811392
6.16378213
2.93599457
14.81408411
7.03898382
1.82767731
10.86718750
2.89587433
9.41996122
9.96630984
1.43261719
5.06053691
4.17981050
0.97946032
6.35591644
7.86271055
2.28182070
9.32233683
20.20000110
5.65246675
1.44193512
23.16149933
14.79838043
8.86246454
15.09554327
17.33504211
2.70597351
8.57966977
3.18986148
0.70015473
2.70849236
5.97314827
0.54239867
1.28011109
5.76908356
2.83833832
7.58353170
1.71920268
14.23941517
3.42277537
2.69034851
10.68879876
0.65255042
1.20462077
1.20464040
0.16638184
1.73415953
6.68201462
3.42321808
0.08894867
3.30468750
15.93570922
4.70100953
1.30761719
13.97477172
1.70585051
14.06250000
0.24100863
6.24173981
1.29101562
3.77388519
12.85668883
5.74877992
14.46248227
9.06441378
0.56880707
3.90327848
3.13383089
0.94042969
4.53279477
0.80293855
13.87526303
26.63361924
5.45992907
4.06038453
5.75557403
2.28845246
7.16886414
0.86775446
1.29484319
5.37500000
3.40039062
9.21886927
0.45011663
4.57466644
6.86998671
4.28279975
35.55920877
6.40323914
9.80814606
6.63716644
7.67728170
3.33053080
6.83593750
4.13581838
4.69425975
2.06791168
6.60982269
4.78381317
1.29724152
13.91166168
4.89062500
3.97851562
13.50606262
2.89196808
3.35351562
1.40625000
0.52001953
3.54402649
1.45161957
19.75475482
20.86780252
2.40892215
19.40662898
3.65950687
3.88566101
1.08789062
4.13671875
2.55904144
1.76908356
5.68404144
19.24641844
9.58010999
9.79720966
2.83329067
2.01180241
3.06925476
10.59183622
1.18746066
1.63183594
12.72208555
0.17000429
1.64843750
10.69534686
2.58456006
2.84073914
2.73091644
0.06241852
2.72070312
8.50000000
8.57681627
8.31771498
1.34472656
13.92264739
8.68326906
1.21439606
1.33443207
0.04922485
10.45711242
7.32511414
1.49609375
3.22000942
1.69022800
1.49210633
1.66748783
35.66297539
6.72802859
8.30904144
0.33976195
0.44901582
4.07421875
6.50093473
4.39375886
1.48234070
7.04341644
1.39664672
2.03845246
0.77058899
1.17419465
1.30611176
10.45796598
2.04069093
0.72892273
4.95914672
14.47220918
2.56205231
1.62597656
6.55468750
0.66402191
7.50023604
1.66968583
4.66918883
4.48571808
0.86169465
11.25000000
1.71484375
40.26619009
5.72672983
2.39992798
16.42205230
5.88415558
4.77779144
0.47334809
3.51562500
1.81347656
8.41137633
5.51395722
12.77241911
12.48885195
2.92862976
4.10156250
3.81619958
1.50215979
3.35111481
6.06790670
5.72379765
1.03589179
6.91857381
7.36178080
4.13146942
4.26786347
2.33353668
6.95357269
5.72265625
10.07377106
3.54492188
21.35181514
21.53028590
2.88413689
4.75685837
6.03739472
5.87064606
14.98913232
1.58065132
8.85257093
4.48568373
0.63879613
3.21972594
8.15112367
1.99218750
1.80476867
7.82648909
2.38107103
7.54777039
2.84960938
0.07513428
18.50598629
1.67174808
11.89973252
1.88066267
2.94079621
5.22611481
5.04272274
1.54801640
8.29252106
2.74263519
19.31070922
16.26546265
3.38671875
2.98197418
2.92232269
1.80440215
6.91630097
8.45658356
1.30529754
0.96716340
4.14786680
7.42244570
5.37109375
5.62544769
6.49385528
2.97271873
1.83957834
7.43359375
11.17610594
9.81608156
10.61950466
7.15783909
0.52539062
6.41599569
43.17633006
2.98482269
13.12320922
2.68884308
7.64062500
8.85412567
0.07173707
5.92113697
1.94214428
9.65819814
0.97514323
4.55769836
12.15908845
4.87064606
8.33915005
6.25304522
23.54537455
3.33118018
2.12368722
4.50705008
7.60143950
12.41072695
1.56986481
9.13793883
7.89933289
1.73307126
7.82145390
2.69563719
2.55391511
17.69576019
5.30122894
0.80934008
6.32418439
2.44966644
9.00781250
0.02412658
6.74505542
7.98422138
8.33261192
16.29866578
1.22827211
5.79252106
0.22737641
7.26428192
1.85681183
10.22017177
0.08549230
0.70072418
5.88084691
4.11349290
2.11361092
3.89497894
3.73168883
2.81278535
3.48331726
1.95165891
1.20752078
0.73876953
12.46955674
2.56950576
3.21390777
1.48535156
25.66125333
4.88171542
2.17533356
0.44059266
5.13838653
5.14286347
0.88623047
6.09210412
39.80511081
6.44165226
0.62402344
5.94921875
1.26757812
9.87845856
11.64652372
4.06095523
3.53861481
7.88326019
1.30468750
13.11709885
2.18323470
5.69576019
1.02929688
0.99902344
9.32226562
2.82572418
13.90625000
1.26216644
1.68652344
3.27343750
11.44352172
2.86543606
3.01151706
10.76741578
1.50585938
5.87735151
4.18905474
0.35058594
40.32335273
6.75627770
2.10867226
