0.01127106
1.59427638
5.71041112
2.35982269
15.07812500
1.67968750
1.36914062
6.58056516
4.20459109
4.69974762
7.90677638
4.98730718
8.39843750
2.19966644
3.32421875
11.82238365
3.91455452
2.93884308
5.21830231
0.28361023
14.72777510
8.39429521
8.10847961
0.14994324
7.26964927
4.36845190
1.59883699
6.26171875
2.65865082
7.85432735
3.51090702
4.58626219
7.70760195
3.40730774
2.93839539
8.61079677
0.59476964
14.70808899
4.51607269
10.24129211
3.55603058
7.20133422
12.73737589
4.92306509
7.14542664
13.36352477
1.92395113
7.22562279
16.92749335
11.01525599
3.15930518
15.59076353
2.93312167
1.97123199
32.51415891
18.81282914
8.82701849
7.83618351
8.43965979
14.39127438
0.46480441
3.88789949
11.15970856
11.84952571
7.87703679
13.93159132
2.96098681
7.99654144
9.14318817
0.78263367
4.72239529
1.76482823
4.00736481
1.90913786
8.28979056
3.14677471
8.24563609
4.93554189
8.68946808
13.55623227
2.45247562
4.02343750
9.31738032
0.62113683
16.46394836
3.50435394
7.61808289
3.31599790
5.75537234
1.99308289
4.77689606
4.52343750
2.04341644
6.71288564
3.69682291
6.22688719
2.07043550
13.16031860
9.07556183
2.48315430
8.15653037
6.14860483
4.24173981
8.80700466
7.50594304
17.09146720
0.47884530
1.49324524
8.35286126
0.26184425
13.77600067
4.88761414
15.22656250
7.78995789
12.89424092
1.52104166
10.15653037
3.12740580
11.52689606
3.27734375
8.27969526
4.84224955
8.38151374
4.62544769
15.76818817
9.97310394
20.33093293
0.56758201
7.68632424
1.20507812
4.08837766
0.19022738
2.17036957
12.05654699
8.16912012
8.49308289
16.30549424
2.27653701
2.05570465
0.49995941
4.22656250
5.30423981
2.23677582
2.40730774
16.45979610
1.17594609
4.56730164
5.28515625
0.17553711
13.19677361
5.34155585
3.85831726
12.74007203
9.46004211
0.52823914
0.02201843
2.00390625
12.18570922
12.40600586
5.14229278
7.16329011
0.71724457
2.53515625
7.08873671
12.55233599
5.72656250
1.83256012
1.24023438
13.73233136
5.12924091
16.53230275
5.33744791
11.98091644
1.89497894
4.24609375
10.62654477
2.43054355
1.83984375
9.27343750
12.46205896
9.12733709
17.04284575
9.96691988
11.88716644
7.34842864
0.75801668
0.97705078
8.93660461
15.86697585
3.17688829
15.75781250
1.90482574
6.22728059
12.63078568
8.05298537
6.09887695
8.23407470
4.68058289
19.99149380
13.02022495
12.31070922
1.26696808
6.75166778
2.90791778
1.69783632
11.12157580
6.39571697
2.74877992
5.14017731
1.07519531
12.43411016
2.84323359
14.70890071
6.95906804
8.20666224
4.00834386
5.87634308
3.36344360
2.90307679
5.61149047
2.66495789
14.38960661
5.87255984
14.18892177
0.37353453
1.06864722
12.72643950
1.52010195
17.75239085
7.75586436
6.95418772
6.73002106
1.79927582
12.63525266
16.09476839
2.62154144
0.96350067
0.14794953
1.23970551
14.92533356
9.65001410
4.32065713
16.52684176
5.74749113
2.21289062
3.87695312
0.02152496
1.34712738
6.13215315
2.61784685
2.40820312
7.62971050
13.58566212
1.89355469
10.45747894
6.53906250
0.71927887
6.49263519
0.01067352
1.62552887
17.39575133
7.63761414
2.83382203
1.58646637
4.07505486
2.52622229
11.30737367
5.89497894
4.68750000
10.77343750
6.99942930
2.83532248
7.49593140
4.40564494
10.50500333
7.68595523
3.72851562
12.59810394
0.04715973
2.23002106
6.89916556
7.89034463
8.30904144
8.36969637
2.39698636
7.35591644
2.85005707
15.50064938
8.59310062
8.38281250
0.83691406
3.11791058
6.41516954
2.88509032
2.55944980
13.56685394
7.76953125
8.25435394
2.31205231
8.03607084
3.45174257
1.86914062
12.60156250
8.26334220
6.27917885
4.05720136
4.30367907
1.08195008
15.97403369
2.68216700
9.95423204
1.60351562
9.78702571
0.66797124
11.70006982
2.06510749
12.52900654
5.34245124
1.64664921
3.43794769
9.27729943
3.53564827
12.50833888
3.79154698
2.04191101
3.88281250
4.67008422
8.52868683
7.33767399
8.86109707
15.89115169
2.35058843
4.81148161
11.02875555
7.86545101
8.62027704
6.66052526
5.57633422
4.93448914
1.12235566
9.54341644
2.70703125
14.21890487
10.05656693
2.38956726
19.70466977
11.28535794
14.87972296
11.14062500
11.18599457
2.76171875
3.40474457
7.76517731
0.24092621
3.82421875
16.28775876
6.23372562
3.91406250
9.56595856
2.13679642
1.69003379
12.82266401
8.49418993
9.68141402
13.80316267
7.65214206
1.30672180
0.01134491
-0.01032745
4.10502106
11.29206339
6.04065969
5.46036680
4.37166445
3.30273438
25.58138000
3.56778868
2.19002382
8.00000000
12.51244681
2.02751108
0.03610229
2.23664825
9.59195922
8.87333222
5.81685394
13.00768950
3.60168550
3.23437500
3.77583832
5.85412567
8.70056183
5.98046875
0.02536255
1.18652344
21.40340149
14.35672319
3.10706283
10.93749751
12.02547429
2.42667664
12.03523368
20.63855385
1.52441406
6.28515625
2.23543274
4.18058289
0.45043945
4.92854610
0.13419804
0.85009766
6.87751386
6.39750775
5.99666445
4.97155917
1.66398133
1.66361481
11.96996011
9.40503989
0.91597504
8.77432292
5.02601063
4.10502106
8.92264739
9.27282746
6.44710328
13.67390930
2.67277039
2.72604660
12.39942154
12.77322388
2.44877106
23.37935394
16.48514739
2.01094636
1.97220856
10.44486481
8.14062500
9.81250000
6.82466644
15.76550200
0.72131441
1.76509613
3.95861785
9.40368683
12.41752106
1.26074219
8.49454649
8.61385195
2.19140625
2.39453125
13.73937833
2.47863863
5.95706187
2.45431571
6.43129299
11.69370669
3.33142121
1.71191406
7.08385639
0.73209718
1.26660655
10.37154144
0.33081055
10.64473294
6.44555851
3.72416168
11.60310727
12.26943263
8.80958776
7.93851839
13.88577904
7.46553745
2.66084995
7.20959442
2.88150876
8.62178745
1.02201324
5.93794769
8.72643950
1.42590425
13.43777912
5.10929632
1.91487921
8.52343750
8.72656250
2.43794769
3.29642731
0.53898133
9.79252106
2.87695312
18.26033134
9.18781971
3.05380208
9.36079677
2.71972905
6.12109375
4.39314384
1.34709053
1.64941406
5.30033356
18.74050976
0.91724567
2.94061642
4.11524933
2.00655308
1.79101562
11.39708445
5.48092641
4.12109375
3.70011414
19.33251953
2.80484985
2.00329621
8.03125000
11.21093360
1.76005097
7.81115692
0.26302125
7.10750305
15.30891844
11.89135804
6.29772856
8.96708222
1.63053468
0.46069336
2.01121551
0.65235870
7.70312500
4.00031472
11.64376883
3.35396332
21.20612714
5.25245013
6.96138519
12.22989805
5.84777925
9.75781250
1.76945008
17.93863891
2.23209220
1.31860788
7.64152039
4.84375000
3.14213043
2.71667480
10.70312500
6.94307403
2.85966035
7.70780364
8.10514406
2.06986481
16.95653425
4.08525376
10.05737367
2.72281860
3.21468140
1.88228363
15.03498892
3.02245845
5.14372451
3.45552582
0.02268982
4.46875000
2.39202994
2.49509529
5.23693817
4.97534242
6.68404144
3.53906250
4.70703125
1.61425781
1.17968750
2.69131012
-0.07457032
4.32812500
6.32678192
19.59811433
7.44576019
5.85502106
12.67817709
0.48828623
3.50150543
5.65465094
4.49679742
5.38370789
3.16796875
1.33007812
17.87951629
11.56339539
6.80667997
2.91642398
3.76651541
10.07438608
1.94274933
16.95825133
12.25793177
0.68371925
1.97656250
10.06844055
4.18058289
13.39501704
14.25626275
1.90442486
2.29296875
6.28470856
2.77737997
3.75407358
8.32710661
15.66930997
8.80326573
5.58728058
9.17817709
2.37260416
0.96093750
13.83881539
3.15010528
6.02625664
7.89107269
4.80513519
0.06798278
14.38370789
12.19832336
10.80558289
7.46875000
2.68900543
11.96952239
4.48575244
0.48515486
3.20898438
12.47265625
7.42578125
5.05122894
0.25504547
8.34375000
1.09029144
1.91308594
21.71634918
2.98306627
1.79623060
7.25435394
0.67301391
4.63024933
0.58105469
11.93899048
6.20554077
0.65527344
16.38560174
5.37522162
4.21382536
4.19733932
3.29240802
9.78714872
3.06530917
1.53666168
3.82413509
3.22965702
9.36975067
1.72684785
1.96919769
9.44346743
4.42583554
2.06038453
10.11193817
13.66931059
6.81787234
2.61075743
0.18611757
2.83507148
1.15622063
5.32120789
3.07963043
11.95723294
4.77714206
11.81245069
11.01372118
16.51818817
0.22131379
16.73953569
1.91236037
13.48599845
3.97192819
10.80150682
9.29053357
4.71317597
3.52298981
5.37247119
0.25867229
3.39766511
4.09842864
2.58365968
18.58873764
8.60299423
5.54988586
2.18058289
10.21439606
1.64986176
10.93660461
0.06697602
4.93013519
9.53746344
8.21945367
8.02030364
2.97082613
14.93672637
13.41495789
5.98102948
16.10299423
3.11091977
3.77335882
2.92277039
13.22265625
5.29386414
3.51578735
18.84495014
8.78090092
10.45752327
4.44380209
0.37358073
14.31506317
2.81384308
13.07176862
1.40870013
2.75301086
16.76171875
2.52673371
3.33353668
9.88028369
2.18612256
1.69779449
6.79955369
10.19706892
10.83683289
12.98783356
1.65962738
12.28486592
5.79325908
12.18737700
11.03137300
4.15580231
0.79878754
7.92187500
10.78407359
3.76280141
1.72701019
3.14648438
0.01985412
0.86869293
21.62377369
12.33362034
8.32186225
2.44921875
10.82454344
12.03393617
2.81144226
14.08967642
0.13928690
1.45072418
14.92121939
2.02795877
11.15891623
1.19175088
16.81648742
8.93639794
3.17627327
3.88093806
4.62837987
16.73456672
3.56666223
5.43359375
19.83983378
4.96998005
6.10770722
0.96915711
3.57226562
17.18021637
19.22960709
12.63053967
8.48490138
6.72961768
9.64652372
3.27999058
4.62064606
15.58072252
3.91581892
7.37974735
10.46265957
4.84240692
1.65405336
1.65136719
2.81986481
19.49897724
3.85575908
4.26139188
13.71630984
9.71529144
1.53710938
8.95389739
13.15767426
6.82991578
6.27709774
11.89913120
4.35245789
8.20440881
4.52711768
3.56791168
10.79341644
13.64575133
5.58907136
19.10066711
3.65358572
6.86631205
5.29207336
5.50494903
1.66782136
3.94363351
13.71753989
2.11914062
7.81546654
6.49312721
7.18359375
4.80326324
4.39152039
6.69095856
19.18664395
21.55919881
14.69662123
17.30814606
0.30090363
16.34199358
1.86894392
13.49726951
3.97192819
3.81908744
3.34635749
3.70910738
10.30814606
2.52974457
10.68455193
9.30971076
8.46785461
2.64933289
16.77844083
29.11697585
8.36829454
7.61385195
2.32421875
1.70153840
1.49857574
6.83577017
2.04586159
7.15157136
1.56107574
3.16495789
1.50781250
3.92609846
13.35958665
15.01436060
2.02470190
8.85591644
10.55814606
3.24068207
1.84375000
7.30243906
2.97099844
1.95951324
5.63353807
8.85767287
8.43783911
8.47092973
3.29675698
7.13281250
7.02343750
2.85384032
2.84342531
19.80350676
13.50592559
10.07817929
9.01704677
1.06604471
7.96830231
8.23482083
7.05493351
7.48392731
14.91594421
5.98802901
12.73894060
8.06029588
3.77291549
0.73974609
5.94966644
3.61869293
3.17622894
15.36140930
7.01484265
8.37700243
1.79467836
7.05948914
1.73596160
1.01118988
18.68061725
4.00719748
2.85906028
15.57722961
4.03125000
1.23258422
1.34936586
11.62487793
2.61417664
11.63744681
3.76099069
1.25488281
10.55259642
1.95041444
7.64152039
5.30423981
2.30468750
7.87233822
5.37810948
6.00137744
0.94979443
3.95613586
7.65412331
15.71119223
0.25378449
2.09029144
14.19726562
3.13822418
8.81416778
2.18583222
0.95458984
4.58044216
10.33797429
0.26810699
15.35323028
4.56429078
16.12715606
1.76635804
8.99654144
6.22566711
0.66300476
4.91755043
2.69137688
7.42879211
4.47399933
9.78470856
20.37996399
3.85786957
6.87344526
2.62940325
0.41479492
6.45442376
1.00704261
5.44860373
0.19393381
4.71093750
1.55957031
4.99933816
13.26441489
7.15523285
2.43945312
11.24295989
9.22924867
2.62544769
2.78906250
11.72131317
20.72039701
2.19873171
15.09952571
3.85746122
2.75785682
11.32018950
0.08089297
1.21898479
2.14140735
7.09606716
2.38635472
4.60156250
3.94531250
23.68338926
5.90547761
3.57015015
6.07031250
8.71785461
10.10823360
0.24471257
19.62120679
3.95301196
8.79329344
12.67801972
4.32946808
10.23604278
21.48386004
4.35331892
9.74654144
0.05410767
7.71606383
2.41674867
8.67085661
24.95442812
9.32498117
3.17457114
7.71394836
17.96927638
3.20003546
5.21695922
20.99594656
8.24113475
9.08939606
9.19399816
3.88921320
10.81237700
17.27945922
8.11910128
0.92777496
1.45092587
2.52954288
2.66634032
8.13728945
14.85502106
3.72806793
1.37695312
14.84653770
1.90743572
4.94921875
11.43750000
9.47025045
4.26803080
19.90917782
5.90515292
4.58337433
11.65625000
2.22416168
9.38602505
10.07312167
0.05574586
2.35693255
18.38820478
8.37679078
5.08894836
4.45197862
2.46599013
7.48917664
0.03433228
2.99991634
8.64612034
1.94824219
1.48189301
7.00931793
6.46529144
14.05468750
0.12089020
18.01937834
12.66209371
8.15007092
10.43916778
2.86356660
11.81595856
10.01367188
2.58744293
2.99263519
1.37935394
2.40926086
9.80212433
1.22949219
14.79906915
0.49589331
5.21817930
0.71004336
1.78125000
15.83760528
15.71427305
19.31477283
0.49592642
12.07426307
3.73645113
16.06909149
7.07323471
6.93592087
2.09772185
5.04326905
14.70735594
5.59476839
0.31347656
11.34952571
2.29321476
8.80859375
11.06429078
7.00000000
0.07100890
0.09627320
8.83927305
7.97395501
12.82365303
15.05969083
4.04712101
12.56685394
3.99369293
3.77046598
3.62646609
1.80175781
13.69396942
18.32018950
5.83740359
11.10814495
7.25033466
2.03019226
5.34887633
3.48181183
2.21183289
15.92499890
2.96953235
5.27770280
4.25309951
21.14379821
1.76570617
13.15112367
4.05603058
1.56001801
12.26037567
12.67175200
0.05289828
2.09570312
9.74673316
4.87045434
0.95996094
9.73604278
6.31717864
1.90230441
0.67675283
1.53471354
0.97408051
6.02058899
9.65519226
9.54418883
1.37085023
0.72705078
6.30200133
5.39152039
16.96866883
1.78531860
4.17456117
3.38085938
1.85164118
5.53173205
4.96037677
3.84285461
6.38940430
4.68346078
4.72714317
5.74849457
9.90356383
3.22932984
2.90234375
4.16796875
18.28548094
1.81075105
10.88883422
5.93476951
7.15731272
4.56110761
6.43002216
7.43253103
3.30923815
1.94723625
3.39062500
9.13781583
2.36039339
4.95771499
1.03821642
3.35306793
13.57085340
9.25110704
8.83683289
2.40641266
3.03755707
11.59106383
13.00438830
12.14828014
18.97440271
1.44991495
3.82076019
8.54581228
2.59587045
9.71618683
7.25711880
2.20141788
2.64888519
12.00500333
2.72887218
4.03125000
5.08305961
11.93546321
2.72831394
3.39481660
5.16060394
0.67728668
3.50541168
1.79634613
13.84137855
1.98088707
4.22074247
0.29240054
1.23685699
16.51562500
16.77307098
10.31384308
12.07018950
0.29915468
11.08158356
5.85591644
6.64843750
0.98494445
2.31880707
2.39107269
12.71943374
10.08089982
4.41796875
19.74910461
10.25333555
20.73771055
5.47859929
5.41841644
1.82181793
12.46439606
2.54101562
5.61303524
9.00805851
0.97550476
9.25781250
4.54252106
2.10005707
3.80110096
0.90352947
15.74218750
4.14497894
7.81599291
7.81246564
3.13671875
11.31794105
15.62391289
8.91829344
4.70434508
1.31876773
1.32181793
5.01247618
7.20777925
1.48535156
10.97321698
3.91004321
6.21984708
20.49641844
22.36230718
6.86254322
14.63265514
0.48653168
5.36718750
5.62597656
5.63281250
1.98099762
18.60806129
1.95488641
9.62500000
4.59419769
19.67626330
3.61670545
3.53816711
6.04732269
17.04882812
5.76127106
4.19429411
18.48335661
8.84578679
3.83833832
2.13281250
18.34344840
5.54480385
2.17622894
9.91669936
4.95194924
1.90389350
6.54341644
4.38281250
12.71199025
1.53800975
10.01025266
10.30090425
8.18200715
6.16361481
6.00826019
2.32271332
6.98392731
15.70352837
11.49524268
1.49609375
9.16601064
5.50586436
11.14229278
7.92288343
5.75513630
4.01105442
2.78777371
23.01102505
13.18864140
4.98002106
2.10579344
6.37686448
12.93925642
1.11910128
2.48738586
2.48392731
19.51495568
4.20635063
5.21672318
1.33674923
7.58618351
6.67277039
3.05078125
10.08203125
10.56250000
4.29003657
1.48934148
8.67235705
5.75342420
4.28336547
3.04085328
3.22355164
4.89147607
8.10681183
6.47021609
0.70923038
2.08593750
5.50185949
17.40389849
1.03955452
5.15733212
4.08668550
15.91682237
6.80310837
2.21333832
7.79976286
2.56351839
13.21875000
8.44441711
0.79675324
10.27689606
6.51517731
8.05122894
1.44787567
23.17186503
16.35291555
16.97533245
5.27076130
4.14274047
7.07332336
8.20581117
15.28291778
2.47294160
0.58935547
11.93444482
9.99178413
3.14168274
12.97265625
7.12845856
6.43493683
6.24564606
4.97220856
15.91279810
2.03658300
3.87679078
4.71573914
5.48152150
2.37545268
2.29732269
20.87482291
3.87248116
8.86027039
4.36905696
9.02803745
7.80566157
4.90226507
20.50414229
14.49215314
2.90800144
1.13765223
3.71386968
9.88439910
2.39497894
9.07812500
4.60156250
0.78169769
16.63191711
22.27921321
5.09277593
7.90625000
4.11840758
2.29610261
10.62117243
9.10449468
0.60595703
0.01820374
2.81805389
5.45100953
4.98457669
11.46464206
8.98091644
14.99566359
3.50969193
10.43404144
7.47265625
5.31852172
1.74442597
1.80468750
5.20731162
6.93677194
6.00044769
2.16406250
8.53458555
12.55916445
6.81884641
4.95113253
0.30668121
12.37308622
2.17244570
0.05769898
0.22192383
5.75707946
5.18147828
9.40279144
2.67232269
2.70157525
2.93563054
8.26664339
14.77779144
11.30200133
0.89331117
2.08158356
5.59541778
0.01348939
4.26562500
4.16796875
3.80044410
5.95704122
9.99499667
3.76127106
11.44840204
1.15991522
0.18701172
2.15287262
1.09285461
7.66060394
0.81095398
10.69559287
6.22636081
0.38956976
2.71516906
2.72521942
9.45186060
4.06498448
7.16809175
10.50846188
5.25569703
0.48628878
8.87157331
8.96293993
3.61523438
21.26802582
12.83491911
2.21826296
1.46927887
10.67622894
10.57189163
2.61125443
6.61869293
16.01997894
4.10550809
1.70511996
6.79511858
13.61613475
5.24198581
1.71777344
9.87402095
0.19897710
9.26383422
7.45544216
0.19328069
6.18264905
7.90365248
18.90958555
10.82938940
2.59419769
8.94673427
4.20458611
1.76664838
21.85565642
0.94417359
8.15010528
2.32149324
7.84586547
5.86629211
6.72143617
4.09049313
5.77644836
5.65941822
1.24317154
1.39648438
12.92812778
12.69906949
2.28470856
10.05085993
9.98820257
10.01818817
0.22371461
4.06900377
0.14246260
9.67972809
4.51171875
16.21004211
0.28698762
6.26171875
4.07857269
1.31844055
6.51521166
0.29187666
2.82995574
12.53304078
2.82527649
12.88256649
11.51664339
5.06518617
10.43058289
0.83076934
4.21663453
11.02343750
6.94877106
7.71308733
3.34640181
8.28560394
0.53670164
1.17252687
10.08300532
11.49633976
13.82029256
3.92803966
6.92258312
3.46413563
1.75683594
12.71968473
6.02400820
6.17053192
5.29866578
4.60546875
2.91841644
8.80468750
0.60377492
3.06295268
6.26216644
0.80078125
15.43053109
13.58976507
8.44462876
2.48193359
8.60746122
2.07434175
3.00179078
0.81229053
6.28768506
11.98091644
1.14843750
14.93961547
5.25960328
5.97493220
3.76164007
11.94144185
10.06132424
17.13191711
3.25252382
5.80183899
1.97265625
6.60546875
2.05212433
4.47432403
3.93644226
8.05558289
19.65926086
3.82661957
1.80345745
15.04753435
9.64550906
15.12019836
1.15039062
11.07120789
4.87500000
5.63281250
3.07332465
6.14153036
2.96724457
1.29296875
12.69006317
5.95837433
3.94140625
7.22611481
1.45845551
15.72912567
7.23136414
20.90039062
13.70914672
5.39632203
4.34765625
19.86487442
1.39648438
10.92789672
2.67216035
8.07633422
6.60371233
4.10075576
8.36030225
11.69991245
0.58724623
7.24910461
1.46085633
3.18990082
10.95991911
10.77052157
5.02945922
8.36897828
7.71690369
3.92862976
7.19287047
8.58532746
9.03291778
2.26875886
5.61478170
0.40084330
7.85502106
2.73091644
2.47460938
8.41467254
8.23002106
8.00960328
1.40234375
6.97599180
1.66637966
3.27995124
5.17053192
1.01945008
12.49116973
11.12043939
5.14562833
3.88656139
7.98046875
11.56741468
6.71639849
4.16105164
9.02779144
6.94966644
0.02144867
6.04732269
9.56070922
3.26892121
19.48005541
4.71842531
5.63566600
2.09163453
7.61405364
2.60514406
0.80322266
8.85818928
13.00305518
0.70422581
11.47753906
2.37154144
5.75142177
7.24723515
14.54703236
9.72986369
8.66495789
10.35892731
3.48258422
4.16630097
12.70133422
9.22656250
7.51786347
9.35540053
3.49669881
0.40780225
3.78355937
3.39498891
17.49173981
11.48085510
1.59456422
1.40437805
18.86283356
7.43448914
14.64139739
9.90189606
2.40983156
5.82449912
1.72477670
1.65046121
1.83171653
3.83744293
6.67834442
0.13309754
10.20825133
6.79353447
6.98140846
6.25089539
17.99564606
8.75512633
0.71720523
6.64318817
4.02689606
3.26052555
3.32638851
7.19185394
8.32120789
8.96875000
9.62320922
6.00569703
13.92879211
20.84813830
7.27672873
12.94141622
8.28470856
3.77074884
5.66727505
1.28023908
2.98978668
9.97310394
12.34541778
1.84891816
12.65409021
16.33931737
10.05904144
14.54866578
6.58247894
6.23453236
8.87484264
7.82131096
1.29392342
2.15096008
1.98189301
14.07865387
3.88521332
4.62544769
4.89408356
3.76592270
4.14673537
1.22774324
12.98514739
2.60905031
3.44095856
13.44636525
14.11422096
0.59615207
4.19921875
12.98421016
11.98116245
3.42338043
3.19246399
5.23392731
13.18570922
20.78483156
1.40323914
1.79642731
9.25077239
7.18138963
3.62252548
5.96683622
1.15079898
1.72201692
4.95747894
8.27419992
10.43005651
18.87728280
13.46142952
2.58593750
4.39619903
9.00846959
2.82646221
7.20056183
15.40747008
2.72729554
5.50284353
2.96200022
8.22477172
9.77412124
15.34989472
12.59770057
2.26640237
5.86283356
12.94864805
4.78271609
9.34631317
4.47399933
4.52343750
8.81941711
8.00744349
2.32397772
2.60204455
2.75342420
12.81160461
1.51847351
12.38948360
9.02758976
2.74458832
5.13582336
9.67712433
9.51127106
3.43013519
7.41023493
8.86320257
4.92923981
12.83504211
7.13370789
11.70189744
7.56079787
9.02038232
3.85071143
17.75000000
12.63880108
5.28495456
7.47656250
7.88582336
20.29381982
4.45752327
4.27644836
7.33280364
0.42199800
11.41483489
9.82599956
2.82557180
3.84676086
7.00435394
6.51607269
4.44352172
13.14318817
7.74393396
5.69279366
7.26383422
0.51692750
0.13749176
7.46610317
4.52758976
3.08833832
11.17968750
8.68370679
1.61512134
7.94576019
9.38455397
20.10575908
14.40572362
5.63211880
14.40242243
8.77840647
4.56070922
1.56233765
5.66939052
5.63049534
3.79541016
5.63326019
2.74222684
8.17008422
7.44555851
6.26082336
6.06445312
16.12320922
4.18147828
0.61865234
3.73623657
8.29341644
4.14843750
19.74564606
9.83031915
6.36934729
18.51263853
1.94048647
4.33984375
14.01837988
1.34835992
9.45568817
3.65218140
8.70312500
2.62935394
7.11291224
3.96822362
8.22989805
0.36845004
2.33247894
8.68879876
7.90405585
1.67683899
5.11539672
7.90592531
1.38138824
6.70434508
16.66239472
9.47566711
3.39587433
3.15107935
4.61063940
2.65474457
5.20914672
13.22265625
9.40279144
2.97310394
6.26127106
7.01517731
14.47529405
11.74724013
1.39868102
2.34973238
8.51073222
24.63672872
4.66068512
8.31250000
13.45263298
5.22013741
20.74445036
5.85621675
16.55122894
4.44576019
5.78592864
10.06864472
1.68501801
6.93359375
12.35892731
18.10937500
1.43892426
19.28986924
5.86593306
10.16552734
3.00277969
4.73613142
1.39518312
10.47310394
4.10937500
9.51908356
0.03313202
17.71390404
3.77091866
6.76171875
11.04824247
6.47865358
3.73677582
19.95524047
13.66996122
2.86609042
11.18570922
0.07031312
8.69262633
9.33247894
9.48030640
7.43167997
4.70113253
4.88281250
6.16393950
3.39322751
4.16789007
0.86730926
7.13370789
3.24849457
5.99173981
12.05028425
6.59965868
3.21484375
5.91227172
5.20646055
3.15494127
1.10763353
11.18879876
3.08614417
7.87980164
1.58451324
1.24121094
10.68750000
20.76692376
13.00605608
8.29733266
8.98091644
1.49031555
4.93448914
3.62131359
-0.08904644
1.99475067
3.59313996
6.05814606
9.57120789
2.09488994
7.21998005
1.70357269
1.60591644
16.55468750
4.64485594
8.26485261
9.26729278
0.22542359
1.87738317
7.64401484
5.16890473
4.25345856
2.50000000
2.47701019
15.88671875
11.20852651
2.62036569
1.99967531
0.41552734
3.52148438
1.78914367
2.87419252
10.56869902
1.37500000
10.87564938
2.12797152
6.47342988
8.26997894
1.24088376
6.87044437
1.72753906
2.52254211
4.16886414
0.78808594
11.13923759
9.30713264
5.67911680
2.21435671
7.00301086
1.17134613
6.64798981
10.22672547
18.37923094
0.44893465
2.44921875
4.35346632
3.10702349
10.23091644
9.92610594
3.01997894
3.09033079
8.58618351
0.81929535
3.85937500
21.39664672
10.13537567
0.31416902
16.66267509
1.60339760
11.16316711
7.60326463
13.59476839
11.88040670
13.23060172
5.19486481
0.09857147
4.82210328
1.87642426
9.56852172
9.44726064
6.47595744
0.25142426
2.74169050
0.86787124
2.24256150
10.38207447
1.33464123
11.60156250
1.50406236
6.01693373
1.06205231
6.31294769
4.81705563
1.10481937
1.32377106
6.58984375
1.95222961
2.04732269
2.05362976
12.35554743
3.30806737
3.46085384
5.11306960
1.64332114
5.04698554
5.99756981
6.31730164
6.49674313
10.19120456
6.10758422
17.84557514
1.63924756
0.77335633
22.08907012
4.67401984
18.84400598
4.51261414
0.60730012
6.70734597
5.56955008
2.69921875
12.31098959
6.22900266
0.95805463
7.65234375
3.51713043
9.07812500
4.55167664
12.08414672
0.67911805
2.15279144
3.27453458
2.37869646
7.20980607
8.79072031
8.31617021
4.47904698
9.63627106
1.42036957
5.05423981
0.02422089
9.38984389
9.84306626
2.50077239
1.53686586
8.23527039
2.75390625
1.43207648
3.59355828
0.27758727
5.72220856
6.10380097
3.68794769
5.61706450
2.84822695
9.44877106
4.86283356
7.71964539
2.92533356
3.78080231
0.23775238
1.32812500
5.69921875
3.37704393
3.55648825
17.49462766
15.30570589
0.36694336
6.09631317
3.65262412
1.99715647
7.90030696
5.54341644
1.00309452
3.42277039
13.82313994
7.00960328
4.05155364
2.96948304
6.82332336
12.03767509
7.82694924
5.56628325
5.19588320
0.45340973
4.78722241
1.42611591
4.49955231
7.79341644
14.63769282
3.38680241
1.10103363
11.10502106
6.79597961
4.48962433
1.71191406
10.41841644
4.77098986
7.66223736
2.13761414
0.57714844
19.66874114
8.48437500
9.06608156
1.71883117
6.39017731
1.87695312
4.64587433
9.38692044
12.80314273
5.17053192
2.42411347
8.89257812
9.36045214
2.75193372
2.54357879
4.65022828
7.55122894
4.30155364
2.51139406
0.84033203
8.94392509
2.72750221
4.02343750
9.28906250
10.24388963
8.25394559
7.34928967
8.04545323
6.89274047
12.89664672
6.50358156
7.21439606
2.04492188
6.80904144
6.22602616
0.91459884
8.44037789
6.14210106
3.35111481
10.06595856
5.10982269
9.37500000
3.95812833
6.24935062
7.67399047
9.83121454
3.16231604
2.50858489
3.14420656
3.68750000
3.22566711
4.04088764
10.72819592
6.60875250
4.34099512
12.30904144
8.55993683
2.16544493
12.78026970
7.70093085
1.45540531
7.04988586
1.07413758
0.49344879
5.72537678
8.38009197
1.84517426
5.40257979
6.82849900
2.37980164
8.88716644
3.31009918
11.72119016
5.55615359
6.23595413
16.73869459
2.76817321
0.84746952
2.46484375
15.15709110
6.59290890
10.50756649
3.41040226
8.77689606
5.21178857
0.52405128
1.13085938
7.66112284
7.64006427
14.51896055
8.34216340
7.42167331
8.07812500
3.29101562
10.20747894
1.92435699
8.18411514
5.38200576
3.61466368
4.58874667
3.43164062
9.43200466
5.53584995
5.51582669
14.71866135
4.87578235
7.49898161
10.51269282
2.34485206
4.84810394
8.14396055
13.92292526
7.62789782
3.97281860
0.73767121
3.06925476
2.89912061
12.72587876
4.09163453
8.02193207
1.82198028
5.37679078
8.84464539
1.29012024
0.02894104
10.52835093
8.50737477
4.78951019
12.23286957
14.10042110
3.99784519
3.22957336
4.56774933
2.14302582
4.76338653
3.49096742
1.42187500
4.25496399
5.11027039
15.57548492
10.05212433
12.10502106
3.95943207
5.47867797
5.75870789
0.77986633
7.19201131
6.39489030
3.96522273
0.95361328
14.37878075
13.30732436
3.09087211
2.81579621
10.07377106
6.29768174
2.58708388
8.85245789
0.02507019
7.46817930
7.74129211
1.80029421
11.56250000
2.97615415
2.89692335
5.36894392
0.95723792
12.76729278
11.02807679
1.29447418
3.27148438
9.50589872
7.54732269
11.96838099
7.88810616
4.68448914
18.77254211
6.31250000
3.17862976
3.63822418
2.95068359
2.18945312
1.75390625
16.13041168
1.82316101
0.19763184
6.44051086
7.04349513
12.81197362
2.67716368
6.63773714
0.63037109
8.79162567
7.53861481
3.21032746
10.97810727
6.09700687
11.32453347
17.87677054
2.82527649
5.72009308
6.61149047
1.14387689
3.07666389
2.12890625
5.65185173
7.69580452
1.28125000
8.44877106
15.94916944
4.68502548
7.80916445
3.13281250
13.52254211
11.10387966
1.40722905
4.75301086
5.96183289
1.66361481
11.30284243
3.97885527
4.71004211
6.67818207
2.12695312
3.50557403
4.96272828
2.03169520
6.67090093
8.14229278
1.38212129
10.23034076
3.54549756
14.32767731
2.00301086
7.69665558
11.01472961
11.38191711
2.00569703
9.81595856
17.76796638
16.93391844
2.34432070
6.06506317
8.14640320
4.99609375
4.81250000
2.97505707
9.41060394
6.88236481
15.13300920
5.28691267
3.98445368
2.12402593
3.00870789
13.80944482
2.29211768
10.99794167
4.85694481
0.16312390
5.40079898
3.66096798
5.11006870
5.66515958
2.17859042
7.56294769
1.46687805
18.33959276
4.50956892
5.84419769
7.55167664
10.64843750
5.03719055
5.42277039
1.44954344
4.22924867
3.70328735
7.22924867
0.25905209
1.62052554
0.33715820
13.15535461
9.97851562
8.54687500
5.21728391
3.57027316
4.10937500
11.65189606
4.25948028
1.76948693
14.66511276
10.70627008
4.60330397
2.53927415
8.08158356
5.27388519
6.00646942
5.10335328
4.76610705
0.53565076
8.03141235
7.26261414
5.08203125
5.07120789
6.78470856
2.89107269
15.48693817
12.04113365
3.92505319
2.96500610
4.58995679
3.06373005
15.55904144
11.26908356
3.90506926
2.02071199
7.50736481
7.88849956
7.45962877
4.60935061
3.68314606
6.17667664
4.54642731
4.67622894
13.40189606
7.01460661
4.19287234
1.32670074
7.07857269
2.16015625
11.28291030
36.62374556
10.39420656
1.77140320
12.33628658
6.85377659
5.94665558
6.81160461
2.95092587
6.96601951
9.98946697
5.96317597
14.12902427
6.40808510
0.92285156
16.03511193
5.14778812
7.25114140
2.54101562
10.80619293
17.86185699
13.01973294
2.66014877
2.97510638
6.49877992
10.06237700
10.11295656
4.20128990
4.91634530
4.13048039
5.20741023
1.99121094
9.30122894
1.56693512
5.68623560
3.30835272
7.15514046
9.75981493
3.50789616
6.39754211
0.20166016
9.87589539
0.90576172
5.12019836
12.34464539
4.29772607
20.67671100
7.18950243
12.29866578
15.62589539
7.01806516
3.06558456
16.36991799
3.39909186
7.53060062
2.11027039
7.72176086
6.13134641
1.11181765
2.32812500
2.11132812
8.08593750
7.36449136
5.39767508
6.81506317
9.22912567
3.63549867
3.93599457
11.53470856
1.06664977
10.18719970
-0.00873228
2.03515625
5.06327239
15.12812888
10.90251108
4.27567597
9.27241911
8.26607269
3.78137300
10.75923427
2.75834386
11.82571920
3.27930186
4.38761414
11.20967310
11.22347296
5.10201019
11.13858821
4.48713985
2.67611092
3.97505707
9.09785794
10.17212101
0.76074219
1.87410461
5.86246454
4.78251440
1.79252106
1.16398133
5.85457336
2.12715668
7.00032469
4.27030364
2.04231937
8.96350067
3.42712433
1.32421875
7.09061614
3.28829011
2.32190927
4.68136524
1.01574800
2.22505707
12.87109375
10.47466729
11.08251330
2.62142841
6.48482269
9.76908356
3.29313110
8.00960328
23.37500000
4.26428192
2.37679078
9.42792609
4.16073692
13.64664672
0.75781375
3.63281250
6.57918274
1.45072418
14.99952240
0.13463319
0.75060516
2.80318207
8.92866911
2.94783632
12.71081450
4.18025820
2.96439606
22.51122673
11.71834663
8.16931183
1.95996094
9.78666168
5.87975732
13.34675837
6.52673869
7.78092531
1.68457031
5.22676419
2.61555657
1.39205424
9.08850067
3.58728058
6.44576019
0.14807129
15.28203260
0.50485593
14.97482198
6.01856715
8.51985594
0.46793703
4.50247452
5.77006759
5.76607269
13.48323360
10.12614140
10.23872894
4.61226286
1.42724734
1.85306793
6.19746233
1.87089705
18.80814606
3.38337323
1.45541278
0.22098785
9.06423898
3.06128989
7.46594083
3.11067874
14.14746094
3.62695312
0.87691254
9.88191711
7.81640625
17.67830009
5.61678413
4.78971188
4.45516179
5.62801086
2.79012024
4.45914672
4.64827515
3.29431183
4.78035461
4.80122894
11.17292775
2.65129100
4.99698914
2.27840149
5.61705453
4.83696586
12.89525931
6.14290780
0.93595149
1.82670323
6.18404144
5.01684508
9.03739472
7.45210661
3.00398867
2.19576019
3.41210938
11.21695922
2.58036347
8.24129211
4.62198914
0.02214050
2.30984445
7.52954787
3.41455452
11.75423094
5.30871675
9.06400543
0.91556793
5.17789672
5.45634004
4.68794769
16.41910018
3.08045212
12.06880209
9.68119791
5.01353392
3.30172595
4.11202681
0.70263672
5.89542664
3.65234375
14.10937500
11.23978668
5.48156583
12.29450854
3.17554521
8.54919216
5.15694370
16.34556198
4.24263519
1.13378906
9.25970635
6.58750221
3.95943207
4.36238586
8.05558289
7.60127217
3.53154033
10.96516844
6.01485261
3.27990692
2.07796265
9.72505209
7.62036569
8.94364472
3.23482269
3.70613586
0.51997894
6.34964872
5.37532469
1.07092503
6.49718584
20.93583222
2.36971631
10.86568207
9.23002106
2.52974457
5.37500000
4.30215869
7.16960217
0.94335938
5.61238586
10.50691711
9.77132203
4.17622894
2.38867188
1.23238004
2.25492464
7.64062500
2.12292387
4.41072695
2.74324524
2.20463043
4.17321808
2.61914062
2.99536071
8.74487367
10.16918883
9.42366578
0.36055512
8.67280475
4.88623670
7.66857879
7.98738586
3.69169160
7.33593750
2.31221465
1.79679383
7.78259308
4.57031250
10.01729278
6.06188996
3.97745789
10.00602172
3.91650266
3.95202792
5.82172679
3.83423537
4.32157690
6.33984375
4.35156250
12.23416335
6.23849290
6.96529144
9.61629211
1.61450133
9.65201906
15.81160461
4.21875000
2.57076019
7.83271499
3.24886857
3.93013519
8.11014739
13.18750000
4.98482269
9.34696255
6.56318872
5.33276928
8.63102172
8.79548759
7.24145944
1.27148438
18.33068817
13.59936337
14.68750000
5.59143284
3.39213043
15.45116689
3.90910350
7.29784907
10.48718417
4.52107602
10.37213653
8.19675420
6.48828125
10.93314606
3.49414062
2.14815215
10.22835328
0.51704926
7.95658356
8.98091644
6.13007702
26.14531360
7.98482269
1.98242188
2.85111481
4.45951324
10.50715814
6.99959663
2.64054134
2.24723515
4.80443900
2.26513796
6.55249335
3.19046654
3.78898382
6.60347628
9.74015071
7.22469304
2.79882812
9.78035461
16.79792775
18.39306018
5.35828789
8.73156583
12.44287234
0.76155640
7.95043883
4.54911347
8.24654144
8.81200798
1.61963264
9.45959442
7.56339539
3.19201629
0.31404664
5.27298981
6.57812500
13.19738365
10.69392260
3.45582114
7.02294548
9.85986702
2.28710938
16.54996454
18.59509308
4.05371343
1.06490082
5.62955563
1.50138492
2.42622894
4.85892731
0.16878266
1.07519531
10.21980774
1.76652039
6.67622894
12.28588431
2.97929299
6.58158356
10.39525931
3.76925088
7.91141069
3.61202681
0.75732422
6.16246344
1.06845301
4.85278258
7.02908024
4.39503324
1.88326019
9.67984486
1.16097545
1.78959137
11.77689606
15.86514573
2.96928634
13.39985927
5.95080784
4.29732269
1.63130707
6.77779144
0.73575743
5.54386414
2.13248781
2.05305969
2.57963043
5.81551086
3.55647828
9.18916778
7.95246565
3.26461657
16.25531805
1.43218195
8.88694482
10.43894170
1.73677582
1.06526734
8.39981993
4.76440492
4.75166778
2.33996675
5.08158356
6.39094969
0.05656008
3.39310699
2.13476562
3.00284851
6.84720856
5.04015958
7.01062167
7.16690603
1.71395334
11.47777261
6.34689383
1.96724457
14.51643174
0.21261275
1.37304688
4.89794050
6.61739915
9.36718750
2.73466035
6.72867797
3.77327515
9.24226867
6.86808289
19.02551238
2.01847351
6.11319260
3.30522384
6.56640625
1.39355469
14.00833888
3.68841728
10.93072583
2.21919769
0.53564453
3.99023438
12.29829677
4.32715093
11.82689495
7.93310422
16.74894725
8.32617686
0.17696168
11.98437500
9.27298981
3.16646332
18.14513132
13.87610704
5.04142398
5.27478058
4.65010528
4.42801972
11.03112700
3.15096132
0.75553032
4.49044104
8.79162567
0.21508851
6.91471188
3.32161624
5.34528480
3.50147606
8.81250000
5.34676086
10.37679078
16.06404477
1.38638783
1.81275099
13.28421155
17.96456712
4.85335328
2.26066101
3.73543274
7.67667664
9.54023006
20.41520390
5.91048094
2.40848847
3.06819703
6.89391623
3.30184397
8.84781860
2.09899933
8.63281250
10.05033356
3.12394226
3.17923981
6.64843750
12.56595856
0.34716610
0.13794132
0.09641541
0.09149170
2.02544050
11.01327349
4.55456450
15.83516511
3.48571808
8.89037899
2.57446476
6.44775266
4.49584774
3.01298315
17.84285461
3.91886414
7.25341423
1.74328956
12.60245789
5.26997894
15.19262633
3.09448304
4.71260528
3.81819703
6.82812500
9.76997894
12.91841644
2.68509918
13.13346188
3.60722019
2.96679688
5.88942432
4.20404033
3.17508755
12.65828679
8.47310394
9.74564606
0.73535156
9.63699164
0.06762633
13.60424867
0.03002930
1.55430758
4.59771054
12.56852172
7.90804078
5.13928192
3.33878601
0.17016602
0.55371094
3.22310394
2.05635528
2.30843140
4.03125000
4.93404144
19.13146942
2.41495789
4.87007536
7.17020722
2.71451906
5.90625000
4.16369349
6.61230718
2.02388519
5.70723294
11.62341091
6.29346077
11.39933289
1.47505707
4.24218750
0.60595703
11.91304411
3.69393007
2.96393839
3.22702016
12.49654144
3.06835938
10.76114805
1.86084109
13.33121454
12.15828679
3.58622285
11.45312500
1.61132812
9.00781250
2.68314606
5.86098848
7.99838652
2.59375000
8.90625000
0.03658051
12.30334442
8.78214539
15.57364805
7.38256649
3.66923315
10.31327239
13.03454060
1.19198193
7.73070728
3.18477947
17.08353668
6.12756317
10.62243683
10.23783356
3.74218750
3.04341644
13.55120901
-0.80706838
8.86523438
13.44698028
15.92647901
3.36787248
5.42696697
0.91670808
2.44230164
19.94216867
4.58684286
3.57255097
8.80468750
8.55944482
0.61828956
1.43404144
11.29748504
5.19576019
4.30533688
3.11067874
5.31294769
16.16035794
0.93741634
5.33040780
18.16185838
4.99439162
11.41560727
9.31774933
9.05391511
9.41841644
1.40474457
3.42427582
17.64933227
3.09358765
7.28422027
0.90372742
7.01912414
0.71382660
7.24120907
1.30591007
0.40722656
7.52851881
7.20670656
4.77433289
8.26997894
3.02583832
10.41996122
5.80615359
3.24263519
6.39550532
2.75097905
3.78426086
16.14274047
12.64676972
6.14408356
9.39566268
1.67705064
0.57816559
7.92112700
1.90744569
25.83959961
3.88883422
4.08728058
8.44966644
11.21695922
7.16190271
4.54691932
4.59810394
13.49034243
11.02003324
8.47745789
1.80904144
5.26383422
11.63370789
13.71439606
14.86115581
4.46774157
0.66223238
4.27734375
7.99173981
10.65970856
11.90396720
3.64982491
2.06624390
8.69877106
5.44196200
3.72494902
2.73469969
12.30782136
5.99763852
4.54097628
10.24910461
1.15413453
14.02331125
1.47941101
9.31070922
0.27107789
1.44661126
6.62325354
1.02539062
16.78726424
7.28084663
8.21578346
5.65893617
0.29842102
9.04252106
6.74149380
2.06168827
8.84325798
3.97314827
0.96781402
10.36660683
5.92335106
1.38423676
12.81509752
4.92965314
6.96138519
4.28906250
6.11531555
3.57210328
0.98925781
8.54687500
5.80232602
0.88615054
9.65254544
1.92317874
4.27298981
11.62674147
5.48401595
4.20023714
20.36718750
12.21536255
1.31347656
15.13387024
4.77823914
10.65510860
3.81229831
3.19470246
7.35054411
0.94002382
2.08247894
11.71862700
7.38338320
5.39798981
1.90384918
1.48234070
2.51342587
10.28930851
1.18314606
12.54699053
4.25476728
10.91316711
8.30187833
10.06876773
8.11702017
9.12215647
0.52486176
16.26690382
6.95184618
4.39310699
0.99849457
3.46679688
4.57108489
6.33471742
0.85021942
8.43879876
2.88480995
6.53588431
9.57349069
7.40323914
2.85937500
5.15086769
7.13160239
3.04370179
2.90580231
13.53470856
2.66886414
2.20898438
0.01094818
8.45201546
15.10906028
0.72070312
8.83121454
8.08284796
2.41601562
5.11193817
10.57982713
8.95231826
3.39737976
9.19518950
6.61417664
13.07645722
2.22701019
9.10412567
0.78401734
2.67211104
2.50517564
10.37145280
1.60706283
3.75044769
0.05466705
7.28808594
1.53613281
4.63627106
5.63671875
3.13867188
0.56050629
4.73046875
8.31404477
2.00476230
4.52298981
7.69185394
1.22078430
1.79634613
10.02513963
8.16313275
1.46069398
3.41300476
1.35742188
9.78792110
1.92084404
1.41825908
14.84948637
7.50838320
16.24975399
6.28886081
3.08007812
11.03560394
3.09427014
3.13090868
9.44531250
7.94653258
5.16329011
13.60502106
7.93013519
4.68225067
13.10937500
5.34651485
12.59007979
3.18974844
9.15754378
3.01433122
8.18404144
0.75443512
2.41255707
13.00423094
6.61596742
12.00435394
6.20959442
5.82857269
3.13326019
13.82031250
4.33380708
2.05966644
6.80965149
5.67187500
3.04972351
9.61873227
7.15336214
11.58621787
0.50692209
10.29028258
16.55993683
7.73815825
2.16177658
11.62203346
6.42069924
7.69274933
2.38911957
15.10354500
4.55962211
8.00781250
0.65568055
1.00781250
4.16316711
6.03125000
3.43839539
1.06933594
9.65932957
5.41444148
7.78080231
9.52075133
10.05391511
6.73046875
7.61975067
5.50960328
1.94330209
2.65468084
7.37109375
2.76757812
14.06673094
6.25358156
5.41421986
1.87679576
9.32482879
8.02449524
3.57885804
1.80619293
4.59907802
0.05981695
10.55765404
10.26420323
13.55529256
7.09505873
15.84887633
2.69018617
7.64754211
1.51892121
4.52472131
3.33660682
3.92528923
3.38676307
29.22366468
6.57609818
3.29398714
8.81070922
13.57287567
7.24820922
7.61865359
3.51367188
5.90653286
10.84191490
9.26575299
2.30033356
5.18552175
6.61115581
2.74582335
7.17370014
1.45475842
3.72701019
3.74218750
8.25781250
10.05315715
6.24192707
6.20312500
0.49686738
3.31009918
12.11323693
4.34033577
1.60790891
0.19213992
16.51956062
18.94206560
10.54398714
2.93579288
4.37455231
7.98300171
6.51800506
5.48347961
2.88460328
11.08288232
1.15096382
1.48677582
4.82226064
4.87651041
7.49609375
7.39473294
12.88216312
2.82857269
2.00878408
12.03955452
2.77880984
0.90869141
15.01660156
7.04162567
6.88102172
2.75390625
3.50854554
7.16119779
6.56489584
2.92289838
1.18945312
18.73566878
6.93771165
16.60554494
2.70988475
5.54386414
13.24552305
1.28332613
0.24800629
2.78295867
2.33097351
3.32686060
15.18469083
5.44202127
1.52407940
2.42326739
4.92622894
4.66451019
0.60107422
2.53230774
0.71011954
0.38163674
12.60847961
1.93253601
7.22318263
13.15380486
14.70540780
6.54109929
0.44840329
2.48283023
6.81933594
2.22688719
1.38932375
2.68554688
6.34464539
1.01660156
4.56799285
1.92773438
5.30712766
16.96720523
3.63476562
4.74137079
6.99646276
3.06791168
7.85502106
2.93253601
5.32119792
11.06030585
15.84575025
10.20157525
1.79150764
13.90279144
2.68330840
0.88948609
8.72228474
5.32015514
12.13871122
16.09912234
7.30904144
0.73632812
8.73002106
5.49050976
6.49777149
5.29296875
12.89408356
1.85583527
9.32303303
3.86401928
4.52298981
10.48957004
2.76042996
8.65356383
7.79219636
6.53861481
11.15714539
2.64514129
3.48828125
3.40669769
12.01871454
0.35872687
4.43570922
5.12980164
2.72664118
7.07938940
4.19245402
4.98918661
12.24385528
11.45837433
5.57511414
3.92309508
3.12768617
5.63236481
8.98168883
1.03678468
6.34512744
23.30721631
6.96439606
5.32031250
3.43750000
12.49735504
14.40279144
20.44009752
5.49349623
9.75345856
8.12247618
19.41454455
2.38965591
5.32335522
9.54098127
3.69673925
5.50044769
3.86360096
7.81759197
8.47656250
7.16796875
3.10461270
1.01204593
0.19474273
2.85266082
5.68448914
4.15933954
4.49691046
3.93554688
4.27823914
17.20422208
8.21285128
1.42578125
11.28125000
19.81485151
1.99764849
8.25781250
7.07076019
16.21773161
3.40637300
14.18077461
4.12045434
12.65946255
13.07491245
3.03951019
3.80387079
6.80115026
8.81250000
0.31905121
16.30814606
2.65128601
3.87751884
2.52677803
7.87019836
17.58882536
5.40929522
9.70065048
11.36629211
3.97489472
2.85697418
1.53959137
2.04783599
2.05978944
13.08414672
1.80204316
4.72957336
16.56250000
3.81351092
8.11487034
3.98307624
3.53873781
7.36539672
5.22477172
4.13248781
1.68058289
2.93945312
8.66316711
17.69615360
5.26510859
2.46496675
9.95914672
8.15279144
3.41023493
6.30728502
1.01429188
9.46260528
6.47534242
12.07364805
4.33561281
0.93111176
5.81205231
2.76607269
10.15625000
2.38716644
5.01428192
18.19140625
3.61328125
4.46997008
3.86942597
3.05948914
1.97851562
3.23286957
8.77521831
11.27031360
2.94425476
8.85591644
4.53515625
11.20071920
1.39498393
0.73828125
9.60114916
6.55473182
3.43200964
9.20658356
6.70544216
5.77022495
11.37679078
4.06640625
4.26517731
11.44510085
6.49585771
4.98482269
9.75231716
4.25158909
9.09810394
2.05157512
20.62802083
4.37756317
14.61417664
3.49212646
8.72566711
9.75781250
2.04732269
9.15791778
4.03047761
0.32153320
0.78259277
1.56786985
1.10416750
2.79866578
12.46641789
8.95472406
6.32690492
16.36604610
19.20357269
0.57495304
0.97558594
8.64310699
3.17578125
3.95943207
14.52989695
19.43360372
1.16780640
11.68570922
3.68298371
1.41556544
3.89835882
2.85697418
5.25390625
26.01992465
8.06857601
2.90999390
5.33504211
12.07377106
9.91060394
0.39546723
6.45397607
4.57755430
1.94893838
0.51025391
11.83308899
12.45853668
8.13024933
3.52424923
3.03434452
9.48091644
7.74861259
0.22794991
0.02070618
3.19215071
4.33614915
17.78548094
8.47233156
9.71850399
4.71810062
4.46529144
9.42622894
8.15100067
0.24401887
4.13442598
13.87684507
3.36372894
13.85530142
9.80774268
21.35079011
6.37634308
2.67578125
11.23425200
3.98433068
16.41569343
7.95845302
2.38721077
13.96154754
2.09855164
0.93457031
8.72228474
7.03410350
4.41939052
2.39746343
7.48527039
0.41870117
2.51273091
22.63041666
9.81339539
14.37878325
13.31172761
1.64693207
12.06250000
8.90791778
8.01741578
12.11372894
15.73547332
5.38390958
4.68383976
16.52660614
23.17650931
9.87834053
9.06864472
2.07828735
10.42157470
0.58847628
2.11498089
11.84017841
0.41023742
2.27856383
4.04288509
6.23909796
15.06774933
7.42187500
11.16011193
5.57816932
2.41153868
6.94017620
7.20252493
8.09798094
4.56282469
5.70247562
6.35253657
4.36230718
1.86861176
10.80972518
3.17074357
5.07031250
7.04746012
3.30064383
14.93895612
5.50578568
3.28918550
10.19095856
3.10526208
1.99674811
7.03426086
8.09174757
3.71428302
1.01029449
14.06054688
9.26878325
5.27060394
4.31262300
2.63944426
11.70312500
7.35330896
10.95451241
19.13669449
1.74865692
11.24743683
3.57812500
14.03112700
7.96952239
4.93029256
8.54898050
10.17677526
1.31062805
2.24895586
7.35506538
7.21264960
1.80220551
8.62577239
5.99007203
5.29544327
1.95740525
6.80977200
6.37435062
2.42382812
1.21573914
3.60742188
2.71199524
4.05468750
3.50240082
14.83146055
17.89164339
7.51127106
1.06445312
10.87910794
1.58032413
9.22656250
1.05460384
17.43082890
6.16451019
9.08504211
4.67667664
13.06293773
0.74858571
17.16400964
4.89728168
3.45943207
3.05664062
8.26997894
6.65490692
9.23746454
7.03987921
1.02815797
1.05468750
25.85758422
10.33035101
11.66337876
5.58104721
12.46420434
7.98738586
0.87247181
0.38595135
7.41182403
7.03393617
0.55175781
11.10365752
2.68778535
11.62373061
7.70309064
0.75085605
8.89497894
7.46875000
0.84675588
0.42424022
6.85713653
11.56111602
8.23103945
0.15466309
6.24084442
4.59810394
10.55904144
2.58052582
4.85937500
1.65725718
1.53292774
11.73616578
3.64062500
6.31294769
7.32812500
5.74885860
10.66776706
3.82360871
10.69966644
6.99430297
3.29191101
13.75264629
3.79312166
6.65544326
3.41207003
5.93404144
7.18334774
18.17212101
5.96138519
0.87699371
5.71313165
15.58052831
5.96634918
2.09899933
7.24743683
2.58158356
4.65669769
2.09029144
17.64408356
10.20043883
3.14383755
15.82145390
3.11222351
5.37410461
10.42712433
4.90323914
1.09517426
9.42447252
0.96330396
10.42533356
6.95331921
4.17176196
8.79866578
0.45043945
10.38476562
9.78836381
2.44210494
17.28657802
8.06543218
3.75244016
3.53662234
14.85579344
3.94844636
4.71504544
3.82990581
4.56096520
1.17879211
11.33939606
3.68644226
10.37756317
2.77823914
0.05149353
2.58250894
10.11943594
5.68436614
4.82722961
3.59582613
2.58548981
14.50244016
18.29097628
7.64888519
0.82718902
9.85937500
6.83543551
8.24659574
5.91707336
11.34810394
0.35493988
5.19966644
4.67471853
8.46936502
3.70600289
2.77206504
3.21573914
5.46048981
7.85111481
4.91495789
10.12410461
5.71529144
8.67533356
1.82057190
0.01453675
0.02227783
5.06187999
3.33244459
13.02726507
8.56070922
11.60949800
2.73783356
12.25240082
16.68314606
7.71484375
11.89050200
11.08081117
3.29626496
15.92728668
0.16642273
0.64306641
11.79438055
9.06409906
8.24654144
6.58638519
2.58158356
8.24978835
6.28882646
0.48087586
1.78177887
9.20312500
5.55847075
12.21190908
5.39783244
2.94995179
2.43794769
0.26517668
9.34464539
14.23181183
8.48258422
0.46024629
4.82124723
6.04264406
4.90625000
5.21138519
2.56896942
2.57450410
7.20088653
8.97656250
9.58081117
11.55033356
2.04162068
0.95003795
2.18750000
13.18602643
4.43124224
15.49910461
4.99007203
1.18705231
6.95267731
8.44954344
3.21691988
4.05859375
8.99654144
4.31046321
0.53727421
2.34949664
0.67035017
1.94726562
21.69596188
14.74441601
7.55962211
12.19673427
3.23445866
8.42968750
5.15811946
5.91092116
3.88371786
16.28125000
3.46032746
1.27974457
12.88679992
3.10502106
5.05948914
2.68029754
10.00435394
7.75435394
6.25044769
3.15983031
2.75240082
12.97529810
6.65588597
8.51712545
2.19828900
12.12500000
1.69059203
0.88069703
8.72228474
3.89303080
3.27673371
5.53759641
8.79699800
5.57210328
11.49731383
8.64578569
5.60543439
14.94409304
5.12015777
6.45747894
36.74987700
2.87662843
21.14033248
0.05635528
12.05021055
3.56954011
0.86275301
2.41092864
5.62768617
3.06054688
6.87500000
0.13175476
2.33203125
3.97265625
1.38060713
3.24585771
9.03125000
16.75512633
2.34144466
3.26607269
3.16914949
8.00691711
6.03649933
7.03125000
0.30493164
4.33113586
12.92968750
4.90396720
1.86426030
7.54759808
4.71843528
8.16585328
0.90433746
1.91503906
9.78470856
4.72688719
1.58748476
1.54935699
3.57083888
0.06730413
4.19681045
4.84257424
3.30595190
8.71183289
3.08638519
3.70531915
1.33382452
3.36958832
2.78169769
16.21394836
5.74308289
2.09406223
-0.07152012
0.74308289
2.12660082
4.80883976
7.08822030
1.60485871
1.16601562
6.24039672
6.97835328
18.56042075
5.15328346
5.08133755
4.09444370
13.87410461
8.17472351
7.16796875
1.17720551
2.98091644
10.51908356
15.69095856
3.66357048
4.80261635
1.87500000
7.20039061
14.31774933
5.34419769
2.90039062
4.25435394
2.62901617
7.60226617
9.01652039
7.09126552
1.95815152
3.99914893
4.24641844
3.03971437
5.06372008
11.46964539
6.51049867
4.68225067
9.30904144
2.56534851
0.33789062
7.67097961
16.45108821
31.30984746
3.41483489
2.89135804
6.16060394
0.03802490
0.58939606
12.03816711
5.21964539
7.79296875
9.33744293
10.38102172
6.58414672
2.46858765
3.49442597
2.72851562
5.54687500
16.51896055
5.42110261
1.14294465
5.11083112
3.17542220
10.82312167
1.04528715
2.21407136
4.35477505
0.87178745
4.75826019
9.89843750
6.46919769
21.76562500
10.32181793
2.92968750
5.31339539
17.80159298
4.11202183
5.20267731
2.86372894
4.28470856
2.27315215
5.77237478
2.08187389
6.16800311
13.04338209
2.79687500
4.76968861
2.74504100
0.06994629
1.56441254
2.63130707
8.70389739
6.57690492
1.64400238
13.04317168
6.94755097
13.08325133
1.09155336
1.82181793
6.22656250
7.71048981
1.33283612
5.18348071
1.36132812
14.69110844
9.91488918
10.23168883
2.44799867
2.23543274
1.90759308
6.10502106
2.57120789
0.19986969
17.05635528
12.90714539
4.07933511
1.99232047
5.25435394
2.46634918
5.54296875
6.73579677
0.30277745
17.02331450
4.05472684
1.91332198
2.34750387
1.90234375
13.07876441
6.85787455
3.36491467
6.41719636
1.96830231
5.01652039
6.63403258
8.21350067
6.81359708
5.05582890
12.15804078
0.41674742
3.11116578
0.15828461
2.12666778
0.01991822
1.70450119
7.24663009
4.43794769
19.68391844
13.24397828
3.05798371
3.13130707
8.55200133
15.30379211
5.83101286
22.02413120
13.20019282
12.63549867
4.99198581
5.93404144
0.44482422
7.28831450
1.20436003
2.82959109
3.77539062
0.11938477
4.99218750
4.75345856
10.33121454
1.76884253
3.81054688
3.15095883
2.68550753
6.75256317
2.24593140
7.43225067
2.21769226
13.65017399
7.97649379
4.58337433
6.73258422
4.75223847
10.96093750
2.32620623
5.29338209
6.44185394
0.41288238
3.51704677
2.96342198
6.91060394
6.37455231
17.04073028
8.32678192
6.84733156
5.50435394
3.83984375
12.52075133
6.27913453
0.48042816
4.74360927
4.36576573
6.50435394
5.63814052
0.53133366
1.32954926
16.07356200
11.63114472
4.95312500
11.04341644
22.65591295
2.33879100
8.21976839
15.53035461
4.79777039
1.95019531
16.62745625
10.40664714
9.99329454
13.94015181
15.21004211
8.06506317
2.56791168
3.52132203
3.97745789
0.09747314
8.98002106
8.15279144
0.56835938
13.92206672
3.53198114
2.77731936
5.97529810
4.82312167
3.94075687
8.27689606
2.58833832
10.53727172
4.85412567
9.89766511
2.29882812
5.35367797
3.55296045
3.74330451
5.79939384
5.18607823
3.30794437
2.63431793
12.67166335
1.51823747
1.48859971
3.15934951
2.57699035
5.50179078
1.50052887
7.36880223
4.85674312
19.14167775
12.32926640
5.69702460
9.21662456
7.39185505
8.14497894
3.63476562
5.06807403
3.67997285
4.54553192
1.82307984
2.04189855
1.90154199
9.72671986
12.37670712
6.13725509
1.55513519
4.41406250
5.71439606
5.89017731
20.58402372
8.24820922
3.98034824
3.20857602
2.97485538
12.06379876
2.85416999
0.22224852
0.01053957
2.53220759
10.73047872
14.79492188
5.28210107
12.95202668
8.51599401
8.89754211
2.09403535
2.80830840
8.22489472
9.26216644
0.33129883
2.53080231
11.49043108
3.58814162
3.11132812
7.88793883
4.38895722
3.39774380
3.76241245
3.55228668
4.47119016
2.86092226
11.32556183
2.78169769
7.89664672
12.60939358
4.03571698
8.41631094
3.39184508
3.92635195
0.88273133
13.27945922
2.97594249
3.60938497
5.98482269
4.35502106
13.77575466
4.16955784
4.86718750
6.65120235
6.19254765
14.83649823
3.82629986
5.11108710
14.27254211
7.78951019
4.82442044
0.31571628
4.16133201
3.43725897
0.57572543
2.76607269
11.41454019
1.75810782
12.64640071
6.11922429
9.04162567
3.94124390
8.47887966
2.66190769
14.02945922
2.70430574
7.22656250
7.47717254
11.41931183
3.81538786
3.29443484
6.79642731
8.13627106
18.01615138
4.63952792
6.21133090
5.64023160
1.00004183
2.95312500
9.17264739
14.03829011
7.35201019
1.86673981
4.12552638
8.61295656
0.89184757
9.59541778
2.67606660
9.95568817
7.40200784
7.02991688
8.37947695
5.32934508
0.84403535
1.08496094
20.08984375
16.12429303
22.78532015
4.62890625
4.11405364
5.71228058
6.93237367
1.04721235
3.62610704
2.92125001
4.22673980
1.79638547
2.18746066
15.08149241
8.10112477
2.04056793
1.46101867
1.90030945
8.56339539
0.00938416
14.46093750
12.80110594
4.52311281
3.88476562
8.81311004
5.44563719
9.67545656
6.98872894
4.27254211
0.93688996
8.62487700
0.28743593
0.63285309
15.87694814
2.02616301
2.00704510
11.38716644
2.14615719
2.91056460
0.88712586
12.71286570
7.65778035
15.62622008
7.42065492
11.17187500
2.06205231
7.75430962
5.03129432
5.60201019
8.90100067
9.95568817
1.72069814
9.97326380
2.37285017
7.77579898
2.55948914
1.42187500
8.40205342
2.25179576
3.32084137
8.31685394
1.16894531
9.73386627
3.48849735
0.36981991
4.21093750
3.52102599
14.30915947
5.55094858
7.92923981
12.02485927
11.89856050
3.32507480
0.94677734
4.51562500
6.33939606
1.21732574
3.37890625
19.07750998
3.13301917
6.39419659
5.85080008
15.84375000
2.22237090
1.51884004
4.24609375
13.19571587
8.69490913
2.53951019
18.45466977
6.59838431
0.89767010
3.36273992
1.11772883
3.33022801
4.54200465
2.33085051
3.81608156
6.97688719
3.41162234
5.26756940
3.78357712
3.69649324
4.20658356
2.89758145
3.09399601
3.42578125
5.07377106
2.55859375
11.14229278
6.04174867
2.75292906
4.42411347
7.53951019
4.80033356
4.96651153
4.72566711
0.41670808
13.31640625
2.71679688
22.84570312
2.89123504
1.99397828
2.13431793
4.29073028
4.93814938
5.74377659
5.67622894
4.89843750
5.71785461
7.53906250
11.17187500
0.41764344
5.03816711
18.00826019
2.06685394
3.77840149
0.01493348
2.34781860
3.78188941
1.53240137
6.93705231
3.57873504
0.84456048
5.23591479
2.69442708
10.76065603
2.76701241
4.01664339
1.44779449
1.30296730
2.23434563
4.04341644
3.26562500
14.00528868
0.14904879
9.14831450
0.49568789
3.01619445
8.46671321
2.27254211
1.51900487
5.76997894
8.09871399
18.57331339
7.44666555
7.14400238
1.92480469
15.59566005
9.74422429
2.24808622
0.62984347
4.87500000
7.07377106
8.78869349
3.24931128
2.24414062
5.20267731
3.13952294
6.74181849
5.13745678
13.62788536
3.97493905
4.23917664
5.78344415
4.81091091
1.69275432
5.20383811
1.87579232
12.71594083
1.85827792
6.85952738
5.70480274
0.82678316
3.70312500
9.88627106
6.88040670
1.63432291
11.00870789
7.57812500
3.88777649
2.39196808
5.05049092
2.80680795
0.59432070
1.83451324
5.63145945
2.90235372
1.61995484
9.81941711
3.81339539
3.70466042
4.63249778
5.39408356
2.67338043
0.45084656
1.87988281
3.52148438
6.48124114
4.69396942
2.75643007
11.03470856
3.31880707
0.74551931
5.42293772
0.19253415
1.79752687
3.93375610
2.78438386
8.16406250
0.76904297
5.62544769
0.22912598
7.54508422
5.28649933
5.49084442
17.46952239
9.68256788
17.60120345
5.93896609
3.27941988
10.66290116
7.81447306
8.24857823
12.40702239
11.46699856
7.24141511
7.74910461
2.89913120
22.24109487
13.45499001
1.73608461
10.42818207
2.78621399
7.69230164
2.79492188
6.02193207
1.21801696
2.11206117
0.28247070
1.96537262
0.82295684
9.12679078
1.71313414
1.74015320
10.27176972
4.48335661
8.35258089
7.66048094
4.02115470
10.37975732
11.70077349
1.70019531
1.46004211
2.89888519
5.81205231
11.18656402
6.71228058
16.92956450
13.86438082
2.16166168
3.38130707
6.56994349
5.86771388
1.37573055
4.71257092
8.63472628
4.76548248
3.15865082
2.32181793
5.51533217
6.14429521
3.68225067
7.11107713
10.71695922
5.97844193
3.65234375
3.96484375
2.35797762
1.78610593
8.69185394
1.97949219
10.85412567
8.30814606
3.69098045
4.81719857
3.82617188
15.56852172
6.84554078
13.03393368
10.30147495
3.95117188
0.79296875
11.11018174
0.99732131
2.00675476
0.07506774
0.36409547
1.83203125
7.14672540
3.50757147
3.11283356
11.83760528
6.40095634
1.96261026
2.09419769
5.60066711
0.59366883
4.14274047
2.74579563
2.17799035
9.48462101
2.72957336
1.76802582
12.12926530
7.69083555
0.66232103
3.43990082
0.26973387
4.50301086
3.88883422
2.50972628
3.78666168
12.15627937
13.56682457
5.50736481
4.70011414
10.56551086
2.72745789
3.07670074
4.65669769
4.02689606
8.74564606
4.42349845
0.28247506
5.59720856
18.36413232
4.28437763
11.27673869
4.53821143
3.66662567
3.36507203
11.26216644
3.64530364
3.77897218
5.23437500
1.83601867
7.24698914
1.81888824
1.62544769
0.64257812
0.15539551
3.71410074
2.18360372
8.03739472
7.36673981
2.54239805
2.12947695
0.57710785
3.31180630
1.38643589
11.09375000
6.02254211
1.16540558
4.56795102
1.85986453
0.90429688
10.23168883
0.97233156
2.57812500
14.78714872
4.50927859
18.11091977
7.70959442
4.53115387
4.79774600
9.57454344
1.72330812
9.51127106
0.51896180
3.37064606
0.53023285
3.18367492
2.66060394
4.66670435
7.02079565
5.53714872
7.02880984
0.75874848
5.02404754
8.14241578
3.70524047
2.63069703
12.58121454
6.06482214
0.98388672
6.83548981
15.03515373
5.33471742
0.62601715
5.11750347
4.11150044
12.36608606
3.50622839
8.73017842
2.62138408
3.40681073
13.85356493
0.04381317
7.62323361
6.80395944
5.74167109
15.70857602
17.77356050
5.86551972
1.29785156
19.24912401
10.08701019
3.72050642
3.38846770
6.98441434
3.00114140
7.12890625
2.56294769
10.63537567
11.20703125
20.69115027
5.28650930
8.95108821
5.88849956
0.82081449
3.74322530
7.71185283
0.75292969
1.03515625
0.01863098
3.23242188
2.83943664
8.92277039
7.30379211
6.74698914
0.72265625
13.32527649
7.03169769
12.35502106
0.05093384
3.62109375
3.25800546
8.05693594
9.29341644
7.28515625
7.38765473
4.05468750
4.66662567
6.39196808
1.67338043
7.58467310
1.60620429
0.91849762
5.31049757
1.08012743
4.14453125
6.71919769
8.26919659
4.88660571
1.38130707
6.29630430
8.12858156
1.18644226
5.49039672
2.60636414
8.93265404
0.88322335
2.77965405
3.71761857
12.22656250
6.90380984
6.13647274
9.15995456
17.15010528
0.95438691
9.53906250
2.48437500
5.38716644
2.67923981
9.22823028
0.29907289
2.73437500
13.55725067
5.41105164
1.12162262
17.15729278
2.80409241
8.78035461
6.05924313
10.76932956
4.19140625
7.85530142
1.91121897
6.35111481
1.61763519
11.59435007
2.37741079
5.70747894
8.96875000
7.29064163
2.85193650
2.55220551
3.81791168
7.49955231
8.75687684
1.88777649
0.22733582
0.10003662
6.97566711
0.03083313
0.64453125
8.52856383
11.61962766
1.73710300
2.85823547
4.08401375
5.50977061
1.92273603
2.57031250
12.58890404
2.84318428
6.21048981
1.40774795
1.19780197
1.05619293
5.39152039
4.27298981
10.02868683
5.26114805
12.16279810
5.51265846
2.80468750
8.85156250
2.00826019
14.16352117
15.03964317
3.66824164
4.22221852
11.30774268
6.43013519
2.87845856
4.41406250
1.24849457
16.05036791
4.20744459
7.09375000
9.93916778
13.46964539
8.76919659
1.08716755
10.30228668
9.68448914
0.20239258
2.68465149
6.21573914
13.40100067
2.98987262
4.49096742
14.50512633
24.62145280
0.06762633
1.62821504
2.44380707
6.73258422
1.99202515
3.95959442
11.23095703
20.33569149
4.04020390
5.87609708
18.04919589
15.20226397
3.62836991
18.29436613
5.60021942
11.04235871
21.56640625
3.18249169
4.19961215
4.68279698
0.48999023
9.46105957
2.92578125
1.59037262
7.17008422
10.77909021
18.21077017
15.14583998
6.89884087
2.65731272
5.57755430
4.90470523
8.28727172
6.05993683
6.30033356
12.49654144
4.93404144
13.54036438
1.32131643
3.40738642
9.34072917
5.71042109
5.03727172
5.58382203
5.06685394
6.36283356
7.17968750
7.33068817
1.64978058
8.40625000
9.36975067
7.09000111
14.92350842
20.30423981
6.30757536
8.36820589
4.32287567
3.74788453
3.41992188
0.46679688
0.02947998
3.07067871
4.68750000
4.28799978
1.41121897
19.69701463
0.77625166
8.86193817
3.75105774
1.11686281
2.23697501
3.80492354
7.12314051
1.11035156
1.46035621
2.31922539
12.11283356
3.46875000
0.76802582
5.65335218
3.17131427
4.18359375
16.31074358
2.95691572
3.93013519
8.90625000
5.64843750
6.47293412
7.27173537
6.46769226
4.66406250
6.18750000
4.78861481
8.59977172
9.66149933
-0.00902282
0.18737731
0.03080293
2.53125000
15.58386137
3.49922761
10.32364805
5.70190492
9.19454011
8.27147191
5.38005762
4.85335328
4.35156250
13.95479278
1.64294465
2.58536680
0.04480105
3.95853668
24.07677195
6.55949911
1.89029782
1.47192570
13.82031250
0.34256988
1.65669769
9.21199025
9.13175975
0.34472656
7.22220856
8.99401264
4.10409131
0.00934601
1.47753906
15.54369432
8.14583998
12.77168108
6.45699689
1.89819398
18.21484375
13.75000000
0.85355621
1.41406250
6.87202973
6.09631317
16.63895536
2.92859042
1.78072113
10.39562833
6.85392398
9.38627106
12.74800629
18.76367188
2.38403258
8.38089872
6.17212101
9.02433289
0.12351471
1.29927582
10.76562500
0.02960205
13.80960218
5.03447251
8.41674867
10.86718750
7.24686614
13.18460218
0.80868489
6.90384918
12.66662567
3.10725953
1.54980469
6.62622008
4.21362367
1.98632812
1.45922789
20.53739472
7.30423981
15.66650266
2.01167941
7.97265625
6.09330231
11.13630043
7.28646498
11.09721354
14.74462766
9.34130984
2.68164062
0.80224609
6.21203458
1.78601230
4.30078125
8.69067383
17.39289783
9.40442486
0.22448730
1.27539062
16.01297319
6.66869681
2.30811668
10.08652740
6.08768396
1.34981604
0.55655945
9.29474956
12.37052554
17.68924646
5.91553856
10.84863032
13.38830784
5.24636913
3.77120899
8.18839539
0.45572937
7.30423981
2.41015625
2.22115082
3.17293274
0.90966797
0.15876158
0.58886843
2.63476562
4.01562500
10.32722961
3.52148438
0.92228211
7.96768728
8.20809397
4.13711714
2.69446642
12.58939606
6.49263519
7.80122894
1.24784270
6.22880097
3.59814329
1.22615664
7.00915558
8.60847961
15.08762676
17.24585771
7.49935062
3.57002715
4.89005430
1.32755679
1.07210203
6.00012300
21.90087766
4.04488253
8.51192044
3.62870456
3.08031915
9.07593085
3.76367188
2.47223793
6.82268395
7.78054633
17.66387078
3.67622894
2.69518451
7.73254986
7.15429688
4.08760528
0.11865297
1.86718750
17.82039367
0.32696346
5.93428745
16.18961547
10.32645722
5.68501552
13.05559731
13.22500331
2.31323304
7.76562500
4.48482269
8.46194343
14.50391622
11.35656458
4.17415780
0.79459594
3.04964234
0.98640930
6.17610594
0.71850648
4.25524933
4.62544769
4.82714096
4.32129654
3.89729112
5.36695021
1.15128601
14.14211548
4.53283909
24.80709330
11.70109818
7.58593750
2.27062833
1.57507480
3.39888519
19.63374723
20.40872452
3.68995013
5.31250000
9.71878436
3.19483045
2.02025277
5.17982047
7.05078125
2.92988420
7.15800642
10.10502106
0.99399842
12.85054411
10.81351839
8.24129211
5.29597961
0.22054078
3.63443595
6.38118905
1.92578125
7.51082336
11.56131926
7.15201906
10.50166778
6.74442597
10.21997008
3.75028535
3.75630707
6.13191711
5.75386566
8.59471410
19.26583665
4.83520944
1.74947113
11.75602172
8.18773604
5.69898271
2.09911985
2.99739749
11.11539672
0.59651734
0.94726562
10.84520612
2.47465868
4.98872894
3.92146665
3.21525210
2.09134918
5.81070174
4.38212876
14.91361481
2.65340149
1.92570008
9.92968750
4.60591644
9.84737090
14.21211326
1.12427194
3.75569703
12.53202239
22.45056183
1.48225953
1.96988891
1.94718445
6.21439606
10.51069039
0.13083000
21.28035461
7.59509308
18.68465149
7.22355164
0.42293274
3.42862976
13.74731383
0.07836976
3.08897617
10.94076684
3.83829898
3.88041168
15.42232269
13.28470856
4.37935394
13.65835550
1.04867575
10.21350067
2.38610871
1.48685699
11.43794769
10.38358489
9.38114472
7.05122894
2.44966644
9.20568817
10.84073914
7.24609375
22.22737106
20.01599900
9.28417969
17.67268423
14.36076241
2.69961215
14.90270280
3.57903036
2.74171043
1.11051391
3.37874390
3.03653369
1.21346631
4.43346078
20.04912344
1.59899933
14.97265625
11.81583555
8.09247812
7.70114250
3.33959774
1.06417027
3.77636719
12.01545227
6.21040614
2.80382647
9.22600177
15.09350399
9.58902704
7.46590647
6.13236481
11.69185394
0.69873047
3.36523438
1.80517454
0.12426882
10.80757587
14.61106271
6.82312167
7.93546321
10.51676640
6.01757314
0.73039256
0.75292969
12.69877106
4.23091644
6.03344415
2.56331671
1.53560394
4.37845856
0.11027039
2.66361481
10.32417443
18.36299092
3.81584552
7.41605497
2.04337710
6.72171654
5.02136635
3.41796875
0.32714844
2.92187500
5.30781140
6.70801529
2.68294437
5.42097961
9.57445978
4.85026374
6.06884641
4.44205563
5.12235815
8.03247008
2.72444703
1.85929383
5.57250665
4.96655585
2.08984375
7.22912567
6.50752217
6.04806072
7.52388519
5.23950133
12.05647828
3.10480878
8.47131317
9.24244099
14.13704344
5.30481050
7.01562500
0.35477691
2.29882812
4.68566490
1.86271553
6.92187500
3.91451019
13.95010417
6.15103876
3.76946254
4.01908356
4.77779144
6.48457669
2.49003269
8.44531250
5.87154144
2.64213043
17.32531583
7.29923648
3.59855164
2.17895446
10.86637422
21.11469305
15.66285239
17.86173648
2.20361204
3.24694980
8.46093750
8.50781250
1.31888201
6.59404033
0.70377687
11.34137855
6.52222739
11.71170989
5.63537567
2.60258089
13.61808289
8.61551972
11.47115082
3.65384918
11.75122070
18.59248560
3.86063940
5.03515625
8.79341644
0.27026367
0.00717545
2.74233614
13.78553523
4.75146609
5.13281250
10.05122894
0.03074646
2.86408550
2.18917774
0.75777191
10.45914672
0.62532594
4.12222518
6.71627548
1.86808289
9.87792969
11.08939606
0.02980561
9.11172651
0.90141650
4.88920074
6.72701019
13.88679743
4.44087987
7.32710661
4.15771609
2.68074524
10.47745789
17.34292332
3.80551418
2.02156555
2.86222351
14.81278037
5.58565713
0.73779297
6.40411459
2.68137521
11.32812500
6.92053192
8.21467642
2.78666666
2.29642731
3.88911957
2.13085938
10.43314606
2.58857062
18.77804742
9.84720856
3.49951172
13.11795989
3.36641511
3.32812500
6.35676751
0.80188331
3.63302311
10.05640957
7.20747894
3.76367188
7.35066711
-0.00744354
0.24247223
6.82474762
6.60367797
11.72143617
1.17045074
13.44624225
2.87647107
1.20181378
1.54090259
4.24184786
13.24661131
13.46263963
2.84054244
4.48124114
1.69112215
8.72387633
2.52807679
9.42700133
17.54469402
7.71381094
1.03027344
18.81250000
0.39213043
3.96187223
0.66699343
5.28035461
0.03167725
14.33493134
14.56619015
5.58919437
3.14107269
8.21952239
8.04666335
0.66065325
4.21695922
2.34989472
7.93591091
7.50549534
3.79019144
16.08143118
19.88329954
7.13968529
4.22205119
2.30484009
11.25458500
3.19658687
3.15737146
10.03186365
22.05685726
7.71427305
14.20324800
8.46134461
7.71516844
0.05155519
2.48437500
2.53847934
4.92103390
9.52239917
2.05963208
7.21862700
2.29850343
3.79207336
2.33142121
19.85847961
2.05753601
8.92968750
12.36690277
17.97196255
3.20337101
4.04642731
8.16519393
3.34172318
2.86267121
6.76997894
0.09669982
4.18342144
17.15731770
4.60757425
-0.25157663
6.81250000
12.51439994
11.43182736
0.47414228
2.10461151
5.63102172
4.56143728
5.30408244
7.71529144
8.90665337
2.16756538
19.68979722
14.76788341
17.71960605
15.82377106
3.85005707
8.93737700
5.16809175
4.67622894
3.65189606
11.49804688
10.21773161
16.30363070
16.61242022
16.19615360
1.13043162
19.72505707
6.80078125
0.37471527
2.91217933
3.62647606
5.06250000
4.74263519
0.38456207
4.92923981
4.47374834
5.67619459
3.61027039
1.84179688
2.14557403
0.65565491
15.74654144
5.33593750
10.60065216
2.34783355
1.88265015
8.64949025
1.76501994
8.54252106
1.02583832
4.46484375
5.76908356
0.32291687
9.05033356
4.26171875
11.02103170
8.35054161
4.85254654
4.99711214
8.80904144
2.32466644
8.68660461
2.12394226
3.18119293
2.64497396
0.49471132
3.28609596
15.34810394
4.86238586
0.59855164
27.07066656
17.40695367
3.15311614
2.92395113
14.26818817
8.48172319
6.96013076
7.89542664
11.52254211
0.03270478
2.36328125
7.70267731
17.35066711
14.28214539
0.51904297
9.82031250
6.29146332
1.19584137
3.85457336
0.88220246
4.09679522
3.40755873
11.07173427
8.96643284
6.83626219
0.96887300
1.94185394
5.09000111
0.51404338
2.94095856
4.18058289
0.02215820
3.68521222
17.15613696
3.68286071
21.38806183
6.72880097
18.17879211
0.17871094
10.49654144
14.04252106
14.13228363
8.06250000
6.27978391
4.14107269
2.66357546
6.36283356
4.35867631
12.24015071
4.52421985
4.94576019
0.07198059
9.27254211
0.52669312
22.30394947
16.07784463
4.91165420
19.47677415
1.71761109
4.86372894
6.21439606
8.84375000
14.26794216
7.22379765
11.56070922
9.37141844
4.19396942
5.20292331
14.73002106
5.62486204
2.71258089
22.67700133
18.67020722
2.59704621
4.80758354
5.34549201
10.77640404
1.95435006
16.33398438
7.47220856
0.20133484
12.10156250
0.10424805
2.78020721
3.31294769
13.75410794
5.44738925
13.64964761
3.33740234
5.66305407
11.42557956
4.68680630
10.30627659
9.94864805
3.50838320
6.00000000
9.83939606
2.18750000
7.01550200
5.78784242
4.49308289
5.76652039
4.22776264
3.70928966
3.36763519
2.42680763
13.70460106
3.14257812
2.16601562
15.33300781
9.96178161
14.99129211
11.48616578
6.14191379
3.69703457
6.93359375
4.53645501
0.68416694
2.75931793
4.63617991
7.34331227
1.45703125
7.74771720
5.01400155
11.03470856
5.90176308
4.18628989
8.92907746
14.11063629
6.07922208
2.28735538
14.78027344
5.16451019
7.36673981
5.12943263
2.56828069
2.09137980
2.57512411
11.74031555
2.03019226
1.94877106
9.88016069
12.38981826
0.46073395
9.36002438
13.67517162
1.94438774
3.49023438
12.50272053
11.83121454
15.66236037
7.90560062
0.56095398
17.10847961
4.63761414
1.33748227
2.85933566
28.66992188
7.76127106
5.75000000
11.71659021
20.89864417
10.46350067
7.84598847
6.05859375
5.79397718
9.20723044
6.86109707
6.03125000
1.00390002
1.59465037
6.47579011
1.81717864
4.26228945
8.52254211
1.83247894
2.39603668
3.41898590
3.32751496
13.71967975
22.39175892
3.00558399
0.37471714
2.21529144
7.33300532
16.41259618
-2.37585053
4.82002217
2.85531139
3.48242188
17.77337265
17.45436553
4.52030364
1.84468722
0.80078125
3.87222020
3.71912898
0.75244141
12.09362700
7.96719526
5.74329454
4.17590425
9.45133422
0.36478730
8.46093750
2.33654754
4.11329359
7.38281250
7.14493462
12.45747894
13.21594581
16.62138853
6.42531914
19.71936502
2.66483489
3.11295656
12.06929411
0.68115359
0.79394531
18.17293274
12.74910461
9.02050532
8.27034796
4.13236481
13.06472851
4.51205341
13.79732269
9.87500000
10.81046570
18.93225067
14.30468750
1.10140015
2.49783273
25.30738364
6.24470634
4.98014406
6.85282690
3.95011414
10.34157256
14.44185394
3.03506012
4.34661347
2.85355497
7.22066378
6.56640625
14.09101203
6.89787677
0.99361425
5.90669769
7.68269836
13.36836326
16.16829344
6.64437389
8.25781250
1.81054688
0.03655731
22.94343307
3.08826462
8.76204344
7.24186281
7.41060394
6.56115692
10.59118683
1.58593750
0.78417969
2.41512024
5.59855164
4.58760528
5.43884308
7.89688027
16.32329399
10.85591644
0.05614196
5.48469969
4.77356050
15.75654810
10.47078679
2.06368074
17.11043274
10.19547547
3.04040060
12.09764628
7.61390624
17.09935340
8.25237145
3.36657746
3.82469582
1.53272606
10.14152039
1.93758117
17.37052430
2.96043551
11.66372784
9.52818040
6.87109375
3.59635251
1.20052249
12.66947418
1.42533356
0.77486176
3.52779144
4.73783356
3.86958832
0.29809570
13.07298621
29.48804521
3.57133339
14.88923759
3.17769753
7.16841644
12.53535794
0.36014988
8.54780475
4.78076795
1.34134918
13.91291113
11.36275986
4.65926460
12.17456117
2.59313996
8.30122894
4.48392731
1.80513519
17.05540559
16.98311060
5.87261663
9.28906250
5.62772053
15.24791390
6.54729831
5.93839539
4.66796875
2.10973031
7.50546099
11.10404698
7.20312500
5.98437500
10.47823028
1.14436890
7.57246233
7.71704787
4.87523106
3.40797207
5.19429411
3.91193955
11.52185837
3.90519226
7.19230164
0.85302734
9.38387024
0.48579926
6.18269836
5.32678192
10.42117475
10.07410571
5.51562500
10.96333832
14.56472851
17.46639849
8.91764406
7.33593750
0.59863281
3.64107269
7.28861481
17.17141734
0.02254211
12.07364805
5.10201019
5.68989584
2.42546154
14.63000333
21.89147607
2.05904643
3.96830231
15.59732408
4.62272717
10.09285461
7.62076906
2.33142121
14.68554688
5.98091644
2.38085938
9.21458777
0.77129266
5.67232269
7.73771055
6.03182070
6.28152787
7.80298537
2.24324274
4.89960827
1.33904199
1.61478668
4.92923981
3.64127438
5.74243351
20.77110788
3.55937610
3.82868573
2.32980274
11.68839539
5.14933289
4.98091644
1.24218750
1.95437258
5.28431515
7.53580563
5.12178745
9.83939606
3.38671875
11.20221964
4.35682180
12.29597961
7.50256317
1.35282441
0.44213867
9.98335661
7.02839650
2.43176861
15.78983489
15.80224734
2.05078125
6.15926086
0.80932430
2.53043827
1.70756012
5.63133644
7.18405141
5.96407136
4.91612866
1.71847462
5.49654144
0.06143188
0.46561676
9.27859819
5.29313608
13.70286902
20.70346464
4.23124114
3.49186281
8.16406250
12.81250000
7.93660461
3.55309841
4.47558843
1.14648438
2.35937500
2.36250762
18.65804078
3.53320312
11.81070922
5.62398161
2.62780917
5.13716644
2.10156250
8.20222961
9.21849402
4.01677637
6.35257093
8.41683732
8.77266511
7.25826019
4.11283356
1.97709137
5.32120789
1.12455231
1.12988281
12.23693817
8.82722961
9.58646388
3.64083167
12.07377106
2.35050476
11.29601397
8.56336103
11.00000000
1.48925781
0.87483267
9.22790060
18.74752548
2.88517398
9.12064606
4.39024602
1.40166500
3.00992797
19.86465869
11.21525709
5.28369016
4.57080203
9.29943817
2.18929078
8.59223959
1.49565104
4.63398202
16.33704454
11.92212101
5.51607269
7.00683594
5.26207780
11.04696365
11.49445036
4.55242464
2.30725067
12.17125998
17.90352792
10.69258699
4.46844970
3.39137300
3.85977837
4.89781749
19.22936171
18.12301253
0.84016844
15.13895722
3.24246288
9.46089816
5.55144060
13.49804688
18.86088043
6.56640625
3.26811892
1.84532468
3.05151429
10.91316711
2.32511414
0.46557617
3.73307126
3.31537913
22.03362145
12.97220856
5.10689301
12.26448360
4.94690159
0.04544067
1.51114057
8.17261303
16.15035128
6.70548648
5.95658356
8.47310394
3.51367188
14.71785461
4.53995789
0.62642426
5.00706949
2.44560782
4.40869016
4.69722628
8.73771055
2.90006593
7.88326019
11.76565936
16.19438275
21.22762024
16.63928192
18.70821199
7.60156250
5.58638519
2.22851562
0.04331451
13.55033356
4.86941601
7.55476618
16.62314051
6.28535794
12.07055851
8.02343750
8.89213043
5.81595856
3.37500000
1.88228363
3.33007812
3.43404144
3.74519836
0.73042816
8.42187500
1.54687500
8.46316601
2.66183399
18.98163454
7.29615691
6.00691711
2.66886414
0.47973633
3.62996399
3.97211741
6.29619126
7.90303745
8.73002106
5.34073914
10.04125665
4.50952460
2.30619293
9.48514739
11.77612367
8.82902039
10.60983764
5.70562889
8.33195257
10.50228280
4.53720301
1.81416778
16.09704621
11.21117853
6.31030585
5.38972961
0.11934449
6.76127106
1.58496094
2.47733489
9.67088099
31.35310727
10.34437998
4.06099457
10.19925809
2.51606522
7.02198138
12.30545989
4.68237367
13.06211105
17.60976395
1.57670074
22.76802582
3.68554688
10.27254211
7.78649933
2.04101562
8.01562500
3.59179688
7.30914451
1.96429299
5.03192377
8.81092087
5.27922318
5.83886968
1.38822418
11.24116911
1.37504183
5.04324912
13.79162567
15.35026374
7.97501773
2.09720856
3.69486481
5.24353058
4.86718750
1.40265785
1.87737145
3.18314606
7.62500000
4.96394836
2.72009308
7.07979278
2.53304078
2.83850067
6.01171875
0.90120484
3.78621399
2.86088043
6.18705231
2.89978058
2.97505707
9.06457115
8.62895057
2.36507203
12.67187500
2.28125000
3.22753906
3.11856993
4.28963320
0.05212890
3.64152039
14.93570922
6.80603058
3.00663176
17.05000886
3.72659187
2.11630208
3.30794437
8.95658356
12.54687500
6.87967864
1.76432375
0.54548884
11.15332280
5.62980164
2.44726562
1.42879211
4.55122894
14.40168440
1.55310837
9.48275372
16.02531693
11.13818484
2.99877992
3.86088043
7.59541778
2.53710938
4.54130097
12.38716644
2.96199524
7.26562500
1.98754821
9.24503103
7.67953014
7.50781250
0.08544922
8.33018618
2.69024046
7.14453125
2.14062500
4.41796875
13.65177305
9.06294022
6.64909685
4.18794769
12.76102505
4.58272495
2.36555408
4.47660682
0.92248753
7.24564606
6.53169769
6.72957336
1.56490082
0.84179688
5.79317044
14.08646388
3.67940713
0.32836914
7.15537900
1.41253268
4.51607269
9.52254211
4.54154449
14.33581450
8.61820589
2.84960938
5.99152556
1.75561586
1.19327820
0.04446411
2.03425214
23.64339982
1.34289644
20.05468750
4.00663176
7.83471742
1.54679383
3.22070312
0.55566406
1.04492188
18.25129876
2.72135749
4.58548981
3.45507812
10.79614196
15.66918883
17.90948176
8.66406250
2.36734985
0.98518922
0.43070465
3.84345468
0.59209219
2.94966644
2.95898438
0.79296875
9.97292914
5.25102836
0.54854402
19.73907802
1.56923038
10.09118683
3.61612976
7.43750000
3.02014129
1.23811890
1.93277953
0.18936001
8.84834995
6.28247008
10.93839539
0.91105164
10.22656250
7.14062500
5.90657469
4.23693941
9.94852505
8.48551640
2.38218170
3.39062500
4.63122341
7.11096409
4.93404144
8.01383422
7.02132203
2.40729901
14.22754654
14.28214539
8.81673094
14.84834995
6.89107269
2.71830231
2.54687500
16.84029144
8.40445922
6.41812611
2.82105053
3.41300476
7.70222961
1.40323914
0.00830078
16.25541168
7.74263519
4.31250000
0.10839844
4.67187500
1.90881317
14.28193374
5.71896165
3.16451019
9.22416168
2.83202627
5.55229166
0.74047415
5.01313553
6.01978723
2.04101562
11.98258422
10.03971188
0.64225468
6.85431738
4.52458887
0.69775391
11.09016844
0.36161347
3.37288453
2.52148438
2.27731811
16.57250665
14.76432624
6.01127106
4.88496233
8.27954787
11.09273161
12.59208222
3.37919160
0.75020293
1.44364472
6.85367797
3.75044769
2.79223571
2.75496399
0.42488711
12.12988032
0.15710667
1.35575410
9.39675976
17.56629321
15.15022828
4.51562500
3.56990415
6.51017398
0.12939453
1.07714844
8.34375000
5.13158993
6.82401706
5.93534021
4.74825354
5.03560394
0.83207184
3.04793274
14.57844969
9.25883089
2.24658079
7.27490359
15.40687944
9.44378767
3.48331726
10.31640625
3.47806793
1.91601562
15.44954344
0.98014406
3.89888519
3.90855968
15.98894060
5.84566378
2.50195312
10.05468750
7.41015625
5.96350067
2.22115082
5.50870789
5.40234375
4.66406250
8.40119737
7.76725842
9.91162234
4.51713043
3.11328125
6.62845856
13.36718750
1.62207031
7.09464539
1.86995235
4.94965897
14.85120345
5.92781804
1.42675781
1.35058095
0.66602061
0.78613281
17.12875334
0.49384584
8.06139036
3.54595522
3.18404144
19.82106978
9.86487034
7.18567486
8.96093750
8.78906250
15.45099956
2.46546376
5.01312992
11.16834773
1.53755707
0.93994141
11.98437500
11.25781250
10.69497784
7.41875110
3.79597961
6.19832336
2.07259032
14.72656375
1.92976867
10.35758422
4.26786347
14.11885528
8.21415254
13.63614805
1.98539339
8.46004211
1.90519226
8.44877106
7.64107269
0.13110352
5.29687500
2.03515625
7.07767731
6.31184065
4.93893173
19.74592642
9.44861369
5.43896484
23.12109375
14.75935852
6.91105164
13.04750507
9.05241467
3.42728668
2.13671875
3.78604645
4.00170712
7.66040226
7.46875000
7.47220856
6.76809952
0.55611923
1.37740082
4.20568817
1.54821808
4.92138298
0.27543495
9.96300865
3.52722573
1.94673676
6.51130292
9.91793689
7.39635224
14.00064938
7.49499667
5.05078125
5.33507647
-0.29971666
0.01934814
6.49173981
2.86718750
3.91752106
6.84855164
0.73193359
9.05532691
3.64735039
13.42150599
1.52856632
12.91938263
18.07576196
1.21712655
4.58999613
2.71139516
3.43208832
5.93013519
3.66316711
18.99784021
19.33508643
14.93750000
4.33247894
3.87650543
6.61803857
5.29993018
2.50195312
10.67728668
7.24564606
7.40490692
10.70995346
4.10869126
1.47798676
4.91015625
3.25813719
2.81412843
0.17020660
11.91662567
0.18823273
0.29878754
6.24519836
4.03080231
5.83434841
1.59863530
6.18872008
1.31376191
2.57226562
14.63821920
0.91398631
15.75035905
3.02568096
11.03751773
2.37349457
6.61995235
5.73607713
1.79826739
8.03560394
2.42968750
4.88627106
3.26802582
0.02273560
7.27408688
14.29701908
0.21622711
1.04634613
8.53291778
2.17207669
0.10530827
0.24731445
15.54585661
6.68330092
6.64832446
2.64257812
7.06205231
5.66796875
0.06064881
3.95410156
4.65580231
10.09810394
1.37552887
8.51818817
1.55362976
1.20597351
14.48129988
6.95184618
0.48701996
12.23783356
5.23893063
11.53405917
2.85941434
7.26798648
1.22851562
10.40266844
12.35558179
2.30338126
13.00774379
8.48885195
7.22355164
1.25377483
1.20435505
1.76009032
3.81998781
2.24715149
5.37500000
4.20792664
0.53271484
6.50560838
4.26437056
4.93827239
14.06563386
7.03951019
3.02103668
7.35937500
1.19698090
2.72070312
2.43750000
10.63948360
3.33829898
0.32796265
6.88761414
6.48828125
8.18314606
1.95161957
11.76908356
9.07103807
4.15454787
7.53458555
8.85258089
6.27197141
1.77640902
4.27449025
2.46920268
14.50935727
4.35827792
9.53714872
0.50289035
5.74401264
6.69002881
2.80033356
5.85546875
9.68404144
1.18119293
1.43164062
5.33939606
6.91836215
5.51668772
3.72120013
5.05167664
8.04073028
7.55712766
4.26452792
0.77535004
5.39818651
1.76453291
6.00179078
0.08662902
0.81956284
0.59925033
9.58068817
5.84944703
3.46683746
4.54296875
1.07564301
10.43436614
4.90157136
14.72183954
5.80896276
12.03560394
0.18310547
4.91796875
5.39461242
4.60591644
13.22285794
10.44901706
3.33007812
1.25097656
7.57421875
3.06929411
8.61039339
4.25826019
5.61172651
4.83789561
0.98450050
5.49519836
5.70710993
1.17952765
3.68599457
10.52795379
2.06970246
4.10033744
1.64530862
2.81099457
10.68123227
5.58194260
2.60702349
4.31685394
3.03710938
4.16060394
0.18697082
12.30904144
2.22115082
2.06196210
2.67619459
9.07670323
2.33789062
9.72176086
1.32226562
6.48527039
1.09863281
11.74731383
2.08081117
6.22041778
1.83577515
7.03995789
14.47566711
5.93839539
4.62455231
12.03490027
10.26978723
5.58422540
12.52470190
11.19441711
3.93455910
4.06487145
8.42354278
2.47534242
4.91015625
8.62109375
5.92923981
4.70402039
0.43188477
2.73632812
9.66829344
8.47233156
4.63052970
0.85286874
6.74129211
14.46842469
3.83580577
13.98625443
3.15604831
5.62544769
2.00630707
11.88012633
0.10343476
1.24511719
14.24367798
5.26848847
2.54447418
7.26997894
0.16894531
0.37797027
5.55585329
17.34213652
4.93504987
6.58057513
2.96919769
8.53112700
8.73688387
3.08745788
1.23384613
6.94486481
2.00931793
3.74755486
2.09078346
5.23783356
6.40234375
1.24796570
3.60867569
8.24663009
4.58894836
2.82751496
9.04252106
10.41829344
6.13293550
0.87259918
0.35614740
2.83179022
4.54687500
10.98693817
4.69966644
0.33365906
7.63166113
0.82492242
3.16351245
7.49668439
5.33247894
4.45312500
15.13537567
2.33097351
2.57974596
7.07841533
11.67378878
1.52840149
0.37394226
6.04642731
0.91503906
9.55122894
0.04035431
7.12194482
3.04602393
9.33556849
1.26351202
8.12923094
3.16479554
4.37589539
2.69637024
1.56827820
1.96582031
3.13297485
0.02528932
1.71926983
8.58590314
5.56844304
6.10290558
4.35803192
7.08186890
2.43811004
1.51456726
13.98950133
5.26530031
6.84686115
4.83781693
2.08983378
4.14454122
0.77685547
8.71394836
3.10306793
19.65759308
2.73079344
1.96752992
11.24861134
3.18343639
2.26940825
7.79264406
6.16172541
5.48280584
0.93745941
9.67597297
3.39979055
6.06351839
2.81131926
10.07824800
4.32653591
8.17854610
2.17088473
1.16969580
12.50000000
0.43806883
4.66719636
2.43395778
3.32568484
6.19889406
2.02054528
1.50787178
7.49654144
0.30419922
2.98046875
2.20319745
4.53850177
6.96048981
3.44592254
7.39196808
5.85502106
12.72567310
3.02515957
5.17712433
10.32812500
2.82661957
13.19583888
14.38049534
3.15368683
14.91527883
6.53037455
0.30721008
7.88861758
0.02254211
17.92594360
3.19515015
3.41600566
3.39844747
2.47310394
4.09765625
2.11673981
0.24385590
15.42736785
10.89843750
4.57902039
10.39408356
9.17533356
5.02868683
4.74654144
8.47387633
2.29040558
7.87455231
4.74743683
4.79949951
0.63521332
1.36919838
4.39062500
11.80122894
0.45397918
3.77282746
16.26477020
4.20568817
11.51150460
8.70370567
3.01757812
6.93750000
8.50994239
4.51646188
2.36328125
13.61193817
4.90759308
1.66699219
5.11763519
1.25195312
0.02190643
3.97115082
5.90583666
2.80119459
6.03080231
1.41459137
0.04213471
9.94095856
1.20726542
6.19231161
3.06250000
3.32963043
4.03560394
2.95027649
0.04673279
1.22123199
7.75560838
5.02474623
17.87132979
3.33659685
8.96529144
0.25996793
6.04687500
8.63728945
3.90039062
17.27510528
10.56429078
3.90519226
2.22265625
1.96582031
8.53381317
10.38027519
9.31339539
2.72684287
4.06478280
12.38806183
0.01669312
3.70898438
10.30379211
3.84065548
7.10270390
21.81892322
6.88088574
8.61718750
19.45006982
6.41353612
7.01440492
6.90844727
3.27974457
3.30297089
5.51607269
17.61193817
3.40128601
4.77033301
3.49679742
8.76627438
5.91040226
6.22717254
2.87935394
4.60847961
2.35725953
7.94698028
7.93973847
7.84330231
0.57617188
1.14986176
5.60456183
2.91342309
8.77510528
3.75268617
8.16406250
1.70996094
0.34281402
13.17598294
4.96419437
10.80444149
0.51627812
5.16467254
8.98527039
3.40083832
7.22957336
15.44339872
2.83394503
0.09975189
5.00894393
4.80863807
12.46757424
2.23783356
0.88175476
0.04251586
0.16170258
2.26908356
12.86975067
2.96663453
2.98632812
12.38716644
2.86238586
6.78470357
6.31144725
4.40279144
18.61140930
8.91739805
13.58951844
5.63204011
14.56494016
2.28768007
7.28560394
19.49462766
10.24499667
0.93973287
0.33736425
8.83964206
15.93534021
0.80241218
9.09208222
5.49263519
0.94970703
19.91841644
11.48771055
9.15445922
6.81441378
10.78637633
3.13354554
6.92142731
15.95178192
6.96110047
2.49548371
3.26953125
12.78356716
2.55432347
7.00878906
16.57812500
6.89062500
4.08984375
4.16499225
10.16149933
4.27116467
1.32128906
1.87430816
2.47460938
14.33540863
2.41487173
0.75895639
0.56986481
7.31595856
3.96964539
1.37738614
8.90992021
5.32800698
3.40413453
6.22209686
5.86283356
14.91304411
3.08235594
10.25459995
1.55078125
6.36917997
3.75386691
1.75292969
11.04842102
1.08435090
0.26090329
0.58129634
10.58598182
11.83337433
0.07143158
5.01171875
21.00154477
8.30412821
5.82614250
10.00435394
6.52779144
1.83288481
3.14660738
8.39843750
8.00781250
18.46773161
1.04158632
0.73535156
7.94531250
12.15310617
4.17412344
11.59810394
2.67427582
12.04508422
1.61889462
13.48196795
3.06059618
9.54508422
2.66735871
7.40323914
8.42096964
2.65731770
8.27087433
4.16015625
6.86433899
5.14587433
1.49218750
14.64013298
3.96842780
5.04866578
7.68660461
0.27994812
5.84016844
2.74234642
10.99137827
1.88671875
12.27217310
8.00447882
14.58760528
5.47220856
3.89331117
5.25381760
13.59383865
1.83210370
7.19910571
11.16406250
1.79351807
2.43314606
4.92622894
2.59029144
3.31445312
0.04034424
0.77197266
12.01127106
2.53365082
15.79089262
5.06827571
5.09021276
9.97745789
0.29069031
0.82820617
4.05980885
3.71602947
9.09631317
7.74299175
9.46908466
1.22330812
0.98828125
2.55078125
1.98954254
2.51562500
14.81941711
8.72119016
6.07702792
3.62695312
4.67053192
18.58683289
18.04439052
2.93803136
1.06347656
8.30891844
6.42020722
0.73567750
10.38972961
1.24165863
1.13724762
2.92834442
7.39933289
2.80920379
1.27807679
0.68692743
2.25622216
9.36625775
2.15323914
6.86283356
11.20640626
3.98130033
15.58735927
4.81575687
4.26395722
12.38716644
4.74263519
5.13236481
1.93131344
1.27376468
11.17960633
3.31640625
4.06160461
5.61718750
0.16056336
2.37268450
5.56772993
2.51713043
11.08760528
1.34232574
1.87085023
11.68379544
5.75370456
11.14024539
1.74765347
14.84773493
8.27135763
14.27840896
11.89408356
0.26066101
11.11271055
2.13789949
4.88749114
3.22863863
8.90279144
0.05114746
0.06319152
0.99414062
3.24995941
5.99609375
9.06250000
5.56250000
8.19185394
18.79687500
10.90535461
10.42434952
9.99842087
8.02384087
2.43636358
2.55078125
9.31864472
1.00923676
3.35082946
11.11116578
3.92879211
1.76652039
2.12060422
1.75582003
0.81982422
8.03939601
10.10331394
6.84285461
15.15848847
5.88326019
7.63236481
9.41406250
1.93570984
5.02298981
10.29508422
3.13850953
5.12756317
4.98571808
9.03906250
10.30490356
3.02823914
8.99218750
8.34285461
0.66792816
1.63281250
7.72443706
5.36931294
9.58158356
2.72310394
5.72426724
12.54473514
13.99955231
3.01558441
7.17399047
5.32624059
0.03838375
3.64648438
1.44087738
8.39437347
1.55203319
11.93962544
3.10306793
20.43911348
14.65060789
11.90535461
17.20983046
3.83102282
7.52734375
7.35937500
4.49853391
5.78361148
1.07910156
9.76519172
9.74171542
4.50277806
13.97387633
9.81172761
3.05468750
13.07857269
9.84810394
0.44095856
4.62154144
19.07664894
16.97482352
13.05289672
10.96862700
7.52278812
13.61718750
1.56099457
14.32377106
2.98136414
1.18953430
4.97345801
0.86337488
12.04508422
4.59118683
5.84029144
1.02591949
4.12162013
4.10103612
2.57070785
2.08774323
3.85937500
4.41963653
4.17065492
3.12304688
1.94136442
1.33011996
13.61359597
8.89031028
1.10404449
16.50133312
4.98628581
1.82638353
3.72460938
1.97827880
5.89542664
5.28816711
9.91060394
2.91438221
4.72038342
4.34330231
7.17321808
14.92187500
1.29492188
0.07519531
3.74218750
3.74804688
6.53759641
1.42582308
19.43212766
12.36148798
5.57169991
11.71862700
13.35424867
3.27417054
1.86088043
2.61469803
4.69975509
2.56640625
7.43750000
4.74609375
4.31640625
6.74475067
9.09899933
15.74837157
1.85559175
1.91324330
0.17122936
14.53971188
7.85783023
6.73828125
8.53560394
9.10412567
13.28548094
4.80257203
8.66585328
8.11417664
16.19620789
6.65580231
2.81294769
6.36629211
0.47477234
1.53275543
12.38704344
9.19543550
1.54154449
11.26463847
9.99956227
3.29386414
8.05379211
0.17508973
7.11868795
3.89693705
4.52343750
10.56941711
11.05379211
10.00435394
7.62544769
11.48783356
10.84029144
7.72550476
4.68750000
12.44095856
14.08068817
6.21618683
12.53600732
23.66872442
5.08728058
6.31730164
1.37935394
0.31811523
8.81941711
2.41255707
15.04585661
8.47758089
14.35416002
7.48523603
1.46476258
4.15970856
9.47674042
11.70825133
2.56323304
13.08939606
2.48331726
6.12967864
1.16426668
5.81595856
2.77539062
8.30904144
8.21838099
6.26253546
1.67976867
7.16379988
6.89984713
1.98064605
5.58024047
6.06819703
2.99401014
6.79273271
5.05558289
1.44531250
13.27689606
9.63883422
6.65067597
5.96919769
0.95328735
7.80603058
0.40677887
0.45479340
2.50345856
10.06986481
15.55033356
14.22399933
2.41255707
6.27734375
0.01880508
3.18045490
0.48503186
12.24234486
6.74548869
2.16166168
6.82511414
0.07527649
3.58638519
11.53470856
0.23502625
15.26399719
9.39213043
7.79431183
14.94262633
13.98860594
2.80622729
2.50863419
7.23115249
9.35869126
5.77362061
0.14453125
5.48046875
23.12088853
8.09416334
6.97054078
12.36629211
16.92728668
11.84199981
6.44018617
10.78458555
4.32523714
12.67097961
5.38761414
13.03023161
1.29451601
13.15184675
5.68559618
10.73872894
6.77945922
1.76538148
5.92923981
3.84375000
16.55891844
6.04174867
8.73962433
0.00749969
1.49511719
20.11283356
3.76802582
1.50301086
4.51371122
7.48283023
7.48872894
9.21785461
11.86027039
0.16809082
16.52465758
2.29793274
7.15893617
1.52441406
6.47957336
3.08186890
9.32633422
2.90563996
5.66796875
5.50736481
1.16845205
7.75240580
17.97131317
5.92366578
0.08947754
17.18212766
2.37858156
1.81001801
1.05265320
3.78901568
8.07194592
2.25675476
4.32902039
12.58939606
11.61718750
5.63582336
7.54777039
7.12500000
4.85306793
7.77677305
4.76228945
5.68359375
7.97265625
0.01390595
10.39538232
2.13196143
3.86914062
14.50222851
7.90837544
15.07031250
3.40625000
0.37691098
4.99410128
5.96081450
7.60207922
11.48341090
4.52856383
8.59220523
6.55859375
0.03992706
13.11184952
2.75293716
5.54386414
11.61975067
6.58735927
0.56636816
1.28417969
11.24708038
0.12662781
5.22957336
7.41166168
5.08011747
4.88952792
3.98978668
4.72310394
2.02539062
7.15048871
9.88681737
3.94374726
0.72977878
4.75781250
9.17354278
15.28304078
2.91841644
1.59916168
12.22656250
0.08473725
9.51500998
7.68632424
11.35245789
8.51321920
2.78410350
11.86885528
2.13114472
0.19800656
9.00805851
0.75887024
4.02408688
5.38863253
10.74397828
1.14497894
10.92968750
0.06054688
0.83105469
6.22029477
0.67041140
2.50435394
2.60306793
1.06011760
3.42400044
5.39107269
2.25195312
5.34375000
4.19944856
1.86345855
8.74885860
2.64868351
12.70312500
0.59122742
6.31115692
8.62406029
1.08191323
3.05664062
3.06880707
1.19929992
18.51358821
7.29398839
15.85489805
1.91870179
1.89587433
13.71875000
15.69877106
8.19441711
5.52132203
18.52689606
15.92776125
4.35597074
11.12935394
18.57018950
0.55330507
2.55859375
11.30725067
4.27388519
4.38679245
3.37732712
2.57873504
10.79577424
1.13085938
5.19140625
9.74994571
8.73788785
5.33833334
11.41646830
0.12286377
6.73392731
9.14806849
1.31372008
5.04256538
0.25431305
15.41662567
6.48527039
1.62687195
0.73770806
4.53776374
11.63191711
4.65469277
2.95504875
8.83670989
11.78633699
3.06490082
6.47656250
1.77636719
0.63671875
5.79296875
14.75052638
7.46639226
17.89318817
2.23872894
13.73872894
0.70007355
13.55033356
10.37064606
1.13928192
1.73864777
8.36027039
4.71875000
5.96830231
0.01259369
25.40791778
15.37243683
10.27998560
3.42057624
11.63972961
13.15628436
6.17228834
14.29162567
2.63265015
1.86771637
5.09090149
28.70991911
16.22412234
18.24796321
1.35990636
2.58833832
16.14575133
2.07255097
18.83609985
10.04955619
3.95418772
9.74129211
12.27656140
16.83553413
12.86332557
1.84773991
1.68652344
14.17125998
4.49829402
2.94486481
21.34216215
5.21150820
12.67166335
11.93937943
4.02522828
9.71158688
6.19856937
22.80606494
3.19198193
11.92097961
5.09073914
0.70743836
12.15165005
6.58337433
3.38322085
10.64306516
7.04923648
5.76037567
4.71618683
3.73879766
16.20126551
2.56339539
6.20746898
5.07378102
1.34082031
12.67765071
4.16219304
7.26508616
4.53907247
8.91894282
18.20849734
8.12024019
13.47631649
15.39664921
9.03986924
-0.68004655
0.49145508
8.78470856
5.26171875
22.40773436
6.64811281
11.83459442
15.22444703
0.02865601
6.17187500
6.24372230
1.54143395
8.81160461
0.11881531
3.26765930
8.74263519
10.52254211
8.18404144
0.55558289
7.53906250
0.10675049
0.17773438
0.70971181
4.68945811
12.80725067
7.63175476
4.82588653
7.23225953
15.28291778
1.85498047
4.22489472
16.34121994
7.25163342
2.24650210
1.37882508
10.79252106
1.80732935
0.13236792
12.46881217
4.99208443
8.23527039
1.38769531
8.93188165
0.05871862
0.67610719
3.47603399
2.60857324
16.92854610
20.92166210
3.62122672
5.67020722
6.46716340
5.86381012
16.26818817
7.73917664
4.33247894
5.42232269
3.95898438
0.02110291
11.20300200
6.00659242
16.92578125
8.64318817
5.99442597
8.47823028
5.91630097
6.07421875
1.46093750
11.22298094
8.70043883
10.75732048
29.73229264
9.41912012
7.66585328
13.29162567
4.14888519
4.86372894
2.76057735
5.79447636
13.73002106
10.52779144
8.64497894
9.83149491
9.88460328
2.68827986
2.96378601
8.60323028
0.56376191
11.19929836
7.88651706
2.33789062
4.64944946
1.43164062
0.61974724
9.93107491
3.90039062
0.13854980
5.68900543
9.33939606
9.25435394
6.37243310
2.63977393
17.71276264
12.93928580
7.48415058
3.24309286
1.80761719
3.86372894
2.39994293
0.88814301
10.83158356
2.11568207
0.24087337
6.12133976
2.24129211
16.99027372
8.05660128
2.59855164
14.80110594
5.72579011
2.41841644
13.52152372
1.88240664
6.99535946
16.02022495
16.61808289
0.53666168
4.10550311
3.54985150
3.18750000
5.30122894
4.65803580
7.19592752
2.04101562
11.15433622
0.11710757
17.21003962
1.51787492
1.42522052
6.40869016
16.19982381
9.90833111
21.48632563
12.63741245
7.27356050
1.08789062
3.86612976
0.10221344
8.93225067
1.74698914
1.23677582
9.13281250
3.52559231
0.27050968
2.24564606
8.21785461
9.77186512
4.92729166
1.65930269
8.30212433
4.94051086
3.29386414
1.96439606
7.85156250
14.10156250
6.20995595
2.47656748
14.99093628
13.30122894
1.88769531
1.50789367
1.72257508
0.35986328
7.53626774
8.34120525
1.94429835
7.04396276
1.53861481
8.41316711
3.44425476
9.21093750
10.60937500
3.42028591
1.29500554
1.08203125
4.81941711
16.87908220
5.04207336
8.82120789
4.41495789
2.07153258
0.83622285
1.89506012
13.13671377
14.53532109
6.83105718
2.96167054
0.50097656
6.72176086
9.11131810
5.55770833
8.93404144
6.85847961
0.27498414
1.48197418
5.10591644
1.71146637
8.88537567
3.93929078
13.89664672
19.50480164
6.05814606
1.78658051
16.59887633
13.00981597
7.75915558
2.92545656
7.35988632
6.32475509
6.78080231
4.89888519
3.31384308
4.40055297
2.49788453
0.99466949
4.60021942
0.02260377
12.22692155
3.72140181
12.63370789
2.33939606
8.54097504
3.65950500
2.31640625
2.29927582
9.15189606
5.62154144
3.13521332
0.03599029
0.19067383
4.54642731
7.01562500
0.93107117
3.91352865
12.79403147
3.28470856
12.64497894
3.78125000
12.53023161
0.16459261
12.18509918
0.83190295
5.53902814
7.16406250
14.30859375
11.82364805
5.80647828
1.41772523
4.85094748
3.68420877
13.48978668
5.12801086
5.72745789
11.42968750
0.01883973
12.92533356
2.15039062
9.71004211
1.82295435
1.43575354
1.59667969
6.96048981
7.41694537
4.30587322
2.63370789
12.19620789
5.95255430
1.00980746
1.94824219
19.09346465
3.45686890
0.31022156
4.92813276
1.85657579
12.25028037
3.03141733
12.39037899
15.69120456
3.06640625
1.58496094
10.26908356
5.59537345
2.35855829
2.91431349
3.07210328
2.06746399
3.11331146
3.04085328
4.99218750
17.69095856
0.00719208
13.11156915
14.06184813
5.82906471
2.57527649
7.86149047
3.45821199
11.01550200
23.18586658
14.43245235
6.24508532
6.49361176
3.19531250
6.17578125
2.71496177
10.02047096
8.55802305
0.88191836
37.85005707
4.81986481
4.04931516
2.68746066
4.48091644
20.54561309
22.74985706
15.52201573
6.10402260
5.43712102
6.73174312
7.69159797
4.54037621
34.16958971
12.45482816
5.12400154
7.59217232
8.51234374
7.20030586
9.75957391
10.15128601
5.71919769
2.71875000
0.32519531
0.38920074
2.70117188
39.48835993
22.19869237
7.31012855
4.38563164
8.22768396
8.43202459
10.78616468
8.02026928
5.74735815
6.12634308
5.55859375
4.70267731
7.35700854
5.92273603
17.35143950
5.89465425
6.78592864
5.98604402
11.97896083
3.39729112
8.78248005
6.33377771
9.40393284
6.58695589
9.33325133
3.44266816
15.98722351
0.66556793
16.29962988
4.37615137
1.47505707
16.41813110
5.71618683
5.43359375
7.27929688
4.26070036
1.42724734
6.87500000
14.21830231
8.66406250
6.27734375
8.93110927
0.75976812
34.55965149
5.06253436
12.58590314
0.31978363
3.74414062
22.76639240
16.94799867
13.14355220
3.06002548
7.71004211
10.85245789
0.35225278
20.49129211
10.40560062
2.30904144
5.75301086
4.07079954
5.21675753
17.13883422
6.20230829
7.51688940
9.99654144
7.39888519
6.03515625
13.55273438
0.84765625
23.75630707
10.73693817
8.89933289
0.17985047
1.94140625
25.20511871
6.21072834
26.39526928
4.41451019
8.30969083
9.75846188
2.10132147
10.57466644
1.18111176
0.11041260
0.53519684
1.29492188
3.93013519
0.24320465
11.72310394
8.54854278
13.74442099
10.72529810
7.61560837
8.10156250
3.13911957
7.73091644
1.28771942
13.96260528
12.53047761
2.01517731
0.04445373
14.36975067
23.35253252
2.41415115
16.64196497
5.42525487
10.51105940
4.82532579
17.92490433
9.32385970
1.44824219
3.50887024
14.75345856
3.18884308
6.45658356
4.98046875
2.32800293
5.55769836
8.93314606
26.42216035
17.37809203
9.40804078
7.21484375
3.39453125
17.44266069
8.53145916
7.18371675
5.42321808
2.19828277
2.39843750
5.98303192
0.75573762
3.50662761
4.87935394
7.60111481
7.99609375
0.13427734
9.83711326
6.64982491
6.34989472
4.22265625
13.52185741
4.95036015
7.49129211
1.39009613
12.51127106
4.57103558
5.99777149
25.61132812
7.47265127
7.38867686
4.78906250
14.68570922
8.85143950
4.67334109
3.17622894
9.78072113
2.83548981
11.06250000
7.35925200
3.23795656
12.15820312
2.99263519
4.43750000
8.89408356
5.70703125
14.12629876
1.88436225
2.00781250
2.77818786
6.19230164
5.25345856
6.81250000
20.53966756
16.78434702
9.90840730
4.81595856
4.90234375
2.68164062
5.26997894
11.93957115
4.61857491
7.14542664
2.09433336
3.47787123
26.80052776
14.78838001
15.93750000
2.90429688
10.07812500
16.82034271
4.22835328
9.92488586
20.76818817
7.38895722
3.61718750
22.25390625
2.47460938
6.23881012
2.05078125
5.28080231
14.96529144
3.06099457
8.69095856
9.78291778
7.99674313
7.46297429
6.37255236
12.63615490
1.80940797
12.01562500
6.88492797
3.89786680
1.59175753
1.06835938
13.06590925
21.67603224
4.50085107
1.04671764
8.93049424
1.57145888
2.49306544
5.95668217
3.05708832
1.85937500
4.35803192
2.39782746
4.60111481
13.52254211
11.61718750
6.48213653
9.71362367
3.61246454
14.26790655
3.64542664
1.02591949
13.65322731
1.49589206
4.50833888
6.52998560
7.00509197
13.24641844
1.44010500
4.63191711
2.54927582
9.46606383
15.16931183
9.39933289
11.43750000
4.09810394
6.58203125
5.34569689
5.83154920
3.61523438
11.74129211
10.43778037
2.77331948
7.11983308
11.71875000
2.76472961
11.53214539
8.35847961
5.18839539
0.04455566
0.74145321
0.66434910
14.35851397
5.17273603
3.21138519
17.62865027
8.58574578
20.17162899
17.04223820
7.88972961
11.54381982
4.95662788
0.43961609
0.99666320
0.01109833
12.11795989
1.65547761
2.33247894
14.62064606
19.02672873
6.13778147
0.93119293
8.75948028
0.50809785
3.18395529
3.50061502
16.80277372
16.42041140
2.63085938
6.38614805
11.51664339
1.50781250
13.42008422
0.11092164
11.14985927
16.97770390
7.66735871
3.54838043
14.40535461
5.37198914
0.26334656
7.60111481
5.78906250
2.48783356
14.13590204
4.41142065
4.17354278
17.78767509
1.92940713
3.49414062
3.44592254
0.01680543
0.86035156
3.08446518
20.21749556
13.43147828
3.39888519
14.84022761
1.61470800
12.73783356
5.30859375
7.20792664
0.04623413
3.55965149
2.12544769
3.80399380
7.95426640
11.97724873
10.19080119
6.41841644
11.67968750
18.32018950
3.13143007
6.69921875
5.39062500
0.02656555
2.44311461
15.55647828
0.37906922
12.01391539
1.19986813
3.39461491
2.08984375
2.35330397
7.60291337
8.03906250
2.43013519
6.00211547
5.27522828
3.16992188
10.45287899
7.71028812
9.40881317
2.11853058
8.76652039
4.20613586
0.03879822
2.30696532
9.76831117
5.72355164
1.41007009
5.82003213
6.62634308
10.18994016
0.27958285
1.32324219
17.07384475
5.22498337
9.56522053
15.52328014
16.60498047
20.58459192
9.17391179
7.20625886
6.54777039
0.04760742
5.35546875
7.81595856
3.72277427
5.15462655
0.03521729
0.90726715
10.08939606
4.47355164
1.34524453
0.21790641
4.89107269
17.27619487
5.59542774
7.75435394
12.64843750
5.09375000
0.28808594
2.66361481
11.94966644
0.34427887
15.82490996
9.54716035
2.53906250
4.65669769
5.40164631
2.70972240
11.68750000
1.03568512
5.16800560
8.14201241
7.03906250
3.39302582
2.88867188
11.38191711
4.10636414
4.81640625
18.26090204
2.06917608
4.25736481
9.71093750
7.91695036
0.16853945
5.64249446
0.03275792
3.47220856
6.36808289
1.17045074
8.28035461
3.57385223
6.43192597
4.87666778
10.01831117
3.58398438
2.50390625
8.58593750
0.03302002
17.53177638
11.49589206
3.63399324
3.45703125
5.80033356
-0.00848877
2.12304688
1.66869681
3.07064217
5.75480164
6.17503824
2.57256094
10.60233489
1.55684480
17.69095856
2.05753601
18.78205674
10.63110538
1.43555186
1.90482574
12.74799757
20.66915634
3.71285128
0.07512817
0.09008851
0.03436279
0.00427628
0.00171280
9.71188842
6.92097961
6.25569703
9.53816711
7.29662899
12.19645390
8.97961301
8.86807791
7.30294104
16.30558289
2.11470800
1.55387328
8.90804078
9.73437500
4.09751874
13.20960438
4.03906250
4.77734375
9.60477505
0.48161015
1.37552887
5.36433899
3.72310394
26.33169908
3.86022498
3.78475288
4.63191711
0.23787476
0.25785309
8.57031250
13.85473072
9.44259197
0.01828247
17.68859832
8.90368683
4.52779144
0.97729056
18.55607491
10.62052305
1.37345523
2.35432486
3.81612588
7.67085661
1.37654726
4.47265625
23.95250998
5.30179964
17.07881372
7.76636303
8.44543550
1.62207031
8.50000000
7.86763519
12.70568817
15.21618683
6.18404144
1.35839844
7.85188719
2.20625886
4.81302139
7.54785904
14.67728668
2.34810394
17.81327239
12.54418883
5.39172208
3.94657690
2.63236481
4.71048731
3.62101507
25.28125000
6.40336090
2.15625000
17.00000000
20.70690700
6.72847628
9.20760195
7.43782469
0.33662996
1.01074219
3.40148272
5.16146498
3.55078125
5.83646637
3.00150543
12.27343750
1.82271332
5.68794769
4.35847961
7.83292664
1.17285156
5.65625000
8.30033356
14.56595856
3.19620789
5.81205231
15.37731716
3.64416722
1.86718750
5.18817875
8.70395168
14.35937500
4.53605164
10.71971410
6.69780695
13.23067044
0.45532413
1.22611481
9.64294216
1.09053745
8.95279283
14.74142135
11.30468750
3.84375000
3.74519836
0.37223328
7.82767731
0.78706879
6.60525710
7.27710771
1.53560394
0.50634766
0.01911926
1.66080563
2.63280004
12.38811613
9.93565617
2.43486812
23.82198028
8.20056183
6.87394226
20.34439938
8.84265292
3.82617188
14.58850067
11.12679078
4.53906250
2.39843750
19.68546321
2.39103335
13.33325133
4.11519503
0.66353363
2.55671931
0.04215765
2.46439606
19.17833445
7.58895833
13.44710328
6.78515625
7.50044769
9.61502771
1.27266761
2.49609375
9.13041168
8.32812500
12.92789672
13.61551972
2.21093750
13.61718750
0.74023438
9.75256317
5.92712433
10.39896637
2.71785461
6.65490692
5.73661347
10.40631996
2.11264184
4.70706311
8.86048204
24.17081726
6.72823028
1.83134004
3.30708832
7.61205120
4.15568927
5.99788453
14.80814606
1.28320312
6.67667664
10.73977951
14.79411513
8.20402039
11.15535461
5.94140625
16.89843252
6.54102061
7.81551086
2.65958555
2.88623171
2.98482269
18.59285461
2.35095246
4.53470856
5.44576019
12.92521055
0.34875582
18.77904588
9.25086103
6.07946808
6.22656250
9.75781250
1.15189606
1.92277039
9.88191711
10.34375000
5.84464539
3.14453125
2.15625000
14.46004211
1.11230469
12.19848072
13.17607158
4.67667664
1.75000000
11.55518523
2.10869806
5.25838320
12.14065936
5.16659131
3.29671265
0.94189453
8.78470856
6.72216423
6.44234596
1.71048981
19.59785794
18.52679256
8.18852089
7.08548981
10.37231383
9.47298094
2.17077792
6.10156250
10.96850399
15.97290226
8.17533356
0.05049652
5.52689606
10.64139739
15.66345246
8.02522828
2.46183289
8.92097961
3.31144226
0.39900633
5.20625886
8.34292831
5.87777482
1.58123779
12.50000000
17.70747894
1.89941406
0.03993957
3.48527039
10.47158175
9.09375000
7.44921875
10.58068817
8.75727616
4.86214982
2.72806793
24.40970856
13.25870789
4.24173981
9.78470856
8.66406250
12.12145280
2.67782302
9.89806849
6.19824468
7.66585328
3.52539062
3.60892731
2.33247894
3.20027649
0.25948090
6.11372894
1.53710938
2.06250000
15.36629211
13.97823028
2.45430574
17.74564606
5.57076019
1.36621094
8.23042639
3.43221132
4.17968750
8.22566711
8.70161957
9.10066711
7.27433289
0.67431641
6.42508755
3.42106327
10.24596202
10.09587544
3.62304688
15.47568153
3.46572472
5.38671875
2.20117188
11.33158356
14.00870789
7.80468750
3.81835938
7.75000000
4.03275543
4.30468750
7.80379211
14.56143603
1.36216183
5.04431183
5.37154144
11.38627106
3.02632536
10.30084210
1.03410101
1.69335938
0.02131653
5.68705231
6.70230829
10.25293218
10.73225953
7.21919769
6.36718750
0.34008789
9.14440918
0.90332031
4.92968750
3.35338764
16.57393091
4.80115026
3.07902039
1.13094055
0.84643368
2.70231327
0.02020264
7.75585938
2.34468473
3.04402773
7.41796875
6.45312500
4.70703125
6.27209473
12.13089872
7.27329592
0.33134004
0.25484223
2.44002258
4.50480164
12.51127106
3.55049590
2.63864543
1.21191655
2.93538453
1.83548981
0.94380707
2.81823139
1.01868268
7.50000000
23.63138412
9.35143950
13.94225732
5.76465093
2.06408909
9.37500000
5.21093750
5.54642731
15.66625665
0.69604804
2.09570312
9.47656250
4.62500000
0.30464691
10.61698363
5.17923981
10.40804078
7.78462738
6.98828125
2.61718750
8.62500000
6.16361481
4.63370789
1.94681793
0.78169769
0.02822876
7.58984375
0.16833496
4.89801918
5.21277260
4.58891400
1.58313082
6.18794769
0.21012359
9.12938830
5.76949689
1.73197418
5.82287567
2.50419160
5.83984375
7.60892731
2.64648438
1.25227782
0.05334566
15.64570099
3.22896332
6.31250000
6.41451019
1.51074219
3.70751829
1.24365359
7.39843750
2.00024352
3.16080563
11.48193484
12.57600953
6.68448914
3.16902649
9.58426972
2.46699108
4.32109485
5.38492797
7.84073914
14.91048094
2.80151429
2.42366578
1.92948882
6.32061280
13.60323028
9.30964650
4.83366467
7.86189384
6.27873116
3.46333832
6.73022274
0.01395847
4.71967476
8.02043661
0.10180758
4.10156250
7.83007812
15.44411432
3.98519171
3.74218750
1.51314301
9.74641844
2.69822973
6.17058621
6.38614805
3.59822695
4.39453125
4.76301377
13.97631649
5.24138076
0.98319675
1.83398438
9.15702239
8.76139406
5.77164672
9.83683289
1.60636414
1.41654449
3.59826629
5.67419465
4.34029144
14.65535461
7.52433289
2.42187500
1.42773438
6.48258422
6.51911791
0.74243849
7.44832336
1.61027039
7.01301502
6.58445813
10.80468750
8.67097961
0.54044617
0.15336090
4.55122894
6.23347961
3.57857269
4.98091644
9.86450133
6.22098847
5.95747894
7.89362589
5.49565602
5.01127106
11.70056183
2.94420670
4.69669991
1.68485815
4.09029144
3.40340149
0.41219117
8.46785461
0.45719422
3.31595856
3.63732879
1.10245789
7.66886414
1.61621094
0.36352352
0.27856632
1.62569733
5.60564605
5.70747894
8.95658356
5.95076352
2.33093417
12.98335287
7.01624002
14.39485096
2.85799756
10.94095856
0.71870941
1.00301086
1.09269102
6.79535462
0.62753878
8.72745789
1.86392814
3.09167885
6.33939606
0.15694152
8.56339539
12.69429411
5.65336214
12.01476397
11.30644392
0.03318268
17.67876434
13.43534021
4.99780585
9.44531250
4.19815603
16.27681737
3.93371177
3.89885084
1.51322418
6.61169216
17.31613717
13.27343750
0.16056336
2.41406250
14.17533356
8.25451629
5.54431183
4.72656250
6.83548981
0.00539673
7.89709442
8.79918717
5.12989029
0.53788238
12.30814606
2.13281250
6.76171875
1.40962738
13.25679411
9.82299867
0.94506898
8.14843750
0.13578277
8.82945812
4.19347740
3.14893949
6.87455231
22.12756317
5.07600953
8.08939606
0.08138031
12.59810394
3.37059924
6.47461436
0.96390902
2.71439606
9.88281250
0.91308594
2.33683289
17.13488427
8.03776374
15.66015625
6.93013519
4.52343750
8.66406250
2.78914367
3.47505707
3.24506539
12.75570700
5.08516511
3.03531860
1.25435394
19.13960162
7.24650709
8.31481217
11.81974928
1.34200105
7.77689606
1.58646637
1.21191406
2.76037567
0.44018617
2.07755305
2.26241245
12.53291778
9.17317688
1.62316988
10.11372894
4.77734375
2.79711603
3.17260804
2.38920323
6.51953125
4.17187500
7.82767731
1.36320008
0.02191406
5.12845856
3.04768548
7.76868018
2.18013519
0.97904449
4.93750000
2.07812500
15.31929411
15.08170656
5.44583888
3.55041722
0.69889406
2.68164062
2.74686676
7.87276153
2.71122423
1.99226867
6.15869016
12.59297761
3.89123504
8.58210775
12.63521830
16.51334718
6.36238586
16.92777372
9.01061067
6.42846742
9.77717590
14.64497894
10.91332447
13.05440713
15.99081789
5.62544769
5.15535461
10.57874976
8.57149573
16.02328014
11.24088625
2.82149324
13.72070312
10.29829677
4.81453679
0.22615570
4.95218529
2.46142952
6.95357269
5.19095856
7.57031250
2.47342490
13.54455784
9.12703679
11.26830961
7.82914339
3.64290282
5.56819703
3.89678913
12.59043439
0.00272888
3.06640625
6.87385860
9.19583888
2.90295877
2.46484375
6.05334442
4.62950881
10.27275376
14.81160461
8.73527039
10.25678860
3.63562167
11.56250000
7.86718750
14.08380127
9.96785461
13.88134672
6.87691378
6.20646055
8.11490968
18.04732269
5.86181641
9.54980469
6.45703125
6.38341756
15.25049202
15.36490470
8.58588083
5.63940492
10.29431183
3.30257203
6.46146263
10.87024268
2.10335328
1.66699219
8.00301086
5.43839539
15.63281250
16.03397551
7.88948360
8.03829011
5.18778037
4.26648603
6.62544769
0.36059570
15.86847816
6.46241356
0.02654510
8.03446255
6.09683954
0.75968944
0.05800354
2.85009766
3.54146332
17.74725954
9.50525120
9.21164117
10.88521237
3.82466644
3.99218750
5.70817047
11.37040005
2.95503941
5.37500000
21.79760742
3.48046875
5.33593750
1.13138824
2.62589539
2.73844360
5.11071808
1.24552305
4.50101839
7.42732104
23.51982158
1.52994875
4.23046875
8.61372894
6.50345856
8.92833445
1.41692098
5.26902428
3.08493904
9.60502106
5.80558289
11.19140625
6.27766844
5.77676807
11.32552748
7.28816711
10.93969415
2.53581061
3.52433289
6.03470856
5.05513519
12.79821061
4.82341201
1.35272217
12.48067044
9.58248901
4.23071476
7.55078125
4.57153258
14.41829469
5.09419769
16.15881317
9.65881317
2.81749336
11.55243906
1.88320145
13.37743144
10.14364583
6.61238586
3.00329621
7.05033356
0.05348725
11.26818817
10.95495014
22.29492686
8.86128878
3.61238586
1.03885479
4.26685505
2.85396332
14.14497894
1.74707031
10.58548981
6.00390625
6.29248047
0.90441863
7.19681295
2.88265514
6.56941711
8.30122894
24.25012207
3.49023438
1.68172180
7.53605164
4.23917664
1.80033356
1.55220551
8.40339650
0.62012217
1.02074759
3.56958444
8.71594083
4.58996675
3.80346742
9.99129211
0.94958527
7.39798981
13.82852837
3.13090370
0.22749848
6.88581339
0.41594442
6.59940359
2.48739084
8.47220856
2.16060394
15.66259734
3.04296875
8.90368683
2.81640625
5.00890958
0.72351230
3.77884918
4.62890625
0.60742188
5.51732713
11.58769392
21.95357269
12.76261414
0.70658356
3.96484375
6.70165891
4.66162234
15.20734597
4.60515403
4.64888519
2.54793274
-0.00195800
6.45267731
2.86372894
3.25984431
0.16666937
19.40945756
5.37784499
9.21350067
8.28304078
0.30371094
12.29057281
5.44274933
7.25992797
3.97399933
10.40189606
15.10156250
4.05948914
8.16414118
5.66353612
20.04687500
8.75000000
11.33860872
5.27316710
3.36523438
0.75634766
1.20515930
1.04182860
9.43762300
5.20357269
4.38972961
3.49894226
23.22004876
7.35026374
0.72123199
9.41763908
7.06718300
6.39241578
8.67187500
0.01697296
5.87801086
4.45747894
3.60435672
6.44056515
10.90189606
1.87243683
0.92972809
14.16026929
3.52332446
10.15773436
3.18131593
6.41361481
11.90250111
8.22640514
3.57242797
6.35034242
10.70119170
4.95491578
7.91361481
14.39641784
4.71105054
3.50949024
5.46516844
7.51323549
2.16855501
0.30563718
4.52184280
7.69719193
0.52823914
8.26567565
3.68013519
8.19095856
2.60396332
6.95422208
0.57116855
8.09451242
4.78874778
2.56997535
9.55661125
5.77823914
0.92541473
-0.00452636
4.94877106
12.11428968
22.75782122
3.31461547
3.06819703
10.18058289
0.03585815
0.05122207
11.95491578
14.42821643
21.53276041
2.13187777
1.69034851
9.47940603
9.87126108
3.11018673
3.15783909
12.30468750
2.27929688
2.32226562
2.18973598
1.82491245
5.65625000
6.28951019
18.91829344
0.78536043
6.46350067
4.76529294
4.05883976
6.47656250
0.03393555
5.47912567
6.52278064
3.12557568
13.37064606
0.08046478
7.23693817
14.19185394
6.38370789
1.41556793
1.85147884
6.74031804
1.88183594
6.42374446
7.54109929
8.70402039
2.56250000
5.41486924
1.15544326
13.70391534
7.65271276
6.16931183
8.54597961
5.31053691
22.26461657
10.73360261
13.72054078
1.57661957
9.65958555
8.55481050
0.66512024
8.50089539
15.74057858
10.20247562
17.92862478
6.84443644
12.18697601
5.74552305
6.02836214
8.17192841
4.17927416
6.40320478
0.06265228
11.99218750
1.51314301
2.47371399
5.80603058
10.22728059
7.32305296
8.36372894
12.54252106
9.65437057
4.67855607
7.32966479
6.31803967
0.96468140
3.85396332
6.24955231
3.48046875
7.14542664
0.61165282
6.82275266
3.20186558
3.99693983
5.67472155
15.46947830
8.53747590
3.25435394
6.26517731
5.93013519
0.03066742
2.89204926
4.09517426
1.01185089
2.29732269
18.38780700
4.36027039
0.67928039
0.03228760
9.09029144
10.99987700
2.86294659
7.50481161
1.39994293
4.24719083
0.85685367
5.74129211
0.13199891
2.83833832
4.87291889
1.33464123
23.82130920
4.90413453
2.65641235
7.29085328
8.09231640
6.65703235
7.02823914
0.01002502
2.96093750
9.83658688
1.65950687
11.49926197
0.79423565
2.76997894
9.87170379
12.79431183
4.52689606
6.33369903
2.26049867
0.92488586
0.27976315
2.22395999
0.26000977
19.69347107
2.57751496
4.83593750
1.81754516
4.89708943
7.56669658
10.17610594
10.67635195
3.57572418
2.31534851
3.68359375
5.50719549
0.73848543
1.77644836
0.01231934
1.21047984
6.79733266
11.21093750
12.82332336
9.66406250
7.21484375
1.91023742
11.77087433
4.13716644
12.49987700
1.71789644
9.13602505
5.55839206
6.43750000
0.90665711
5.73978170
7.83655252
4.60245789
6.87980164
0.36254883
2.66361481
3.41512024
13.28470856
1.18448914
4.03169769
11.00345856
5.62817321
8.43326906
6.45312500
3.47762024
0.69775391
7.73872894
13.37756317
6.13806183
7.15625000
0.64221160
7.17008422
10.67456117
1.94148244
5.63175975
3.94230164
0.68212891
1.00463244
0.06201795
1.50345856
2.48978668
0.11061615
20.37301926
9.59986037
2.50826019
5.90022828
1.86425781
0.50589996
5.75000000
7.66451019
0.11893707
16.12642177
0.11764651
0.98169070
0.42622002
3.94055518
8.00760646
0.01270855
1.62714422
4.80673426
12.19441711
5.16832281
1.02202570
11.79418945
2.97896332
5.72485040
1.82788397
10.15970856
4.99084442
2.41345246
4.44921875
6.81986481
6.40120235
0.41609929
13.93880188
0.75679535
4.18314606
10.65426636
5.83018618
3.60385527
20.83911377
10.40625000
9.26924621
9.12240953
8.22115580
5.43729831
6.81986481
2.39152039
21.24373352
13.33325133
3.28245762
4.22405363
14.95568817
3.62048371
2.26757812
10.78369016
4.88863253
0.40116363
6.16800311
5.00777814
7.20861816
14.66227172
12.48962433
0.65181488
2.95117188
7.09932403
3.23706117
3.11328125
0.57812500
0.04473877
2.63476562
14.54190105
2.17745899
20.32377106
5.32210328
1.81009918
4.33158356
8.36718750
1.55782806
9.74743683
1.91060394
0.40258789
0.06118774
3.04882812
13.19732772
6.71170490
11.80286236
10.80468750
0.68180297
1.73429383
3.37784851
0.06852203
6.99173981
0.29292816
0.87398285
6.51594969
2.40983156
5.77298981
16.08158356
0.14469422
14.58284484
6.00044769
0.89554840
0.09580506
8.39408356
7.57377106
1.49947113
10.57198028
7.40766927
2.75916057
10.49910461
0.34684266
0.40686004
3.29085328
3.97521942
6.37288453
0.07434082
3.02030364
8.38895722
1.82730829
1.15910101
4.25524933
4.01695313
1.16318206
18.47849309
