0.01127106
1.59427638
5.71041112
2.35982269
15.07812500
1.68066406
1.36914062
6.57665891
3.53076296
3.29447418
1.51338403
0.65210272
6.31250000
2.28710938
2.36478668
10.08634087
4.00260749
3.04536957
4.82421875
0.29850281
15.45474347
8.47254321
4.19486481
0.09932465
7.18310173
3.48205784
0.87247867
5.94966644
2.68119293
7.36938165
5.13798315
4.87097075
7.63037234
0.80716949
1.13378906
6.96113919
0.17781742
14.61869293
4.93794769
9.80379211
4.45100953
6.99820922
11.59403037
5.31380655
12.43404144
5.32200104
1.97835328
6.14489279
16.57169991
8.09293329
2.14652870
17.32078458
2.54595522
1.91841644
23.24312223
15.74594084
5.21922262
6.93709663
8.40059729
14.74617243
0.62418827
1.44116273
10.94185394
13.69571587
8.06555518
7.61307115
2.82117353
9.11027039
6.39619903
0.55493226
3.27553802
2.60141511
3.84330231
1.69684979
6.97676419
4.37814383
8.00182514
5.43691933
12.79127659
12.75602172
2.57104554
3.54687500
9.48144282
0.59082280
14.90445922
2.78019226
7.98091644
3.89920989
2.95625886
1.91158051
4.60847961
3.25089539
1.74121094
2.85188719
6.37422761
5.98034575
2.12902925
12.95613586
9.52868683
2.01517731
9.03576131
5.58097850
4.08638519
8.66214872
2.73824191
18.31713431
0.34595163
1.13574219
2.09671654
0.25484596
12.78275543
3.56986481
12.45402039
8.35937500
13.05296543
0.76600398
9.90038564
3.06038951
12.97220856
1.95552582
8.06314190
4.49862256
7.96566046
2.89933289
15.95890071
4.54756870
20.12292512
0.40842401
7.12972296
1.17480469
2.00887024
0.06730164
1.24609375
10.55024491
13.42017287
7.65368683
17.50259752
2.34204787
2.04239898
0.61625152
3.65279144
5.21919769
2.14558899
0.90470398
16.80688165
0.71317847
5.48046875
6.93013519
0.18619781
9.71133962
5.24280252
6.05769836
9.97790558
9.28560394
0.53173828
0.04174148
0.32759613
10.79508422
13.55501344
4.21350067
6.88069703
0.70849609
2.14453125
4.83821033
11.97038342
5.14062500
1.29740387
0.88671875
14.20168890
2.68234430
17.02384087
5.38977393
9.64062500
2.64497894
3.89453125
8.09183622
1.66935367
1.34720856
8.46785461
9.83572585
8.88046099
10.92415282
10.69799867
12.36372894
6.95869903
1.16870179
0.65287262
9.18314606
12.22553756
1.66879044
10.89945465
0.80224609
6.99798760
9.90272273
7.62317486
5.23856598
8.16926575
3.89693207
15.40238309
13.22066378
12.92968750
0.65580231
6.05814606
2.76216644
0.90433746
7.61811725
5.86279920
1.39941406
3.47896332
0.65730774
10.57176862
3.22946032
6.73538343
6.69475177
7.48323360
3.72444828
5.04040558
2.72131317
2.80603058
4.67923981
1.98189301
14.41304411
5.39990359
17.24719083
0.71512785
0.27449773
10.49719083
1.38464511
13.97720690
7.91532690
7.32035682
7.68660461
2.03995789
13.77152372
14.44633089
2.73872894
3.73588043
0.10591644
1.29634613
17.37064606
7.76731791
10.73837987
15.35960107
5.23459662
1.90767426
4.62109375
0.02076202
1.51757812
6.55430852
1.18637355
2.31250000
7.45909243
12.44911070
1.95312500
8.75000000
6.30078125
0.52933746
6.43404144
0.02166992
1.32466644
18.27510528
7.94441711
4.50704011
2.16752106
2.98000112
2.36830451
11.81185062
6.79642731
4.54732269
9.32466644
7.04809508
3.04430685
4.53466672
3.19767896
7.17354278
7.55603058
3.31730164
13.22310394
0.05506378
1.76713043
4.29939384
8.14636635
3.35005707
3.43155198
0.78487838
11.41060394
2.86808289
15.29573360
8.55582890
6.88582336
1.79634613
3.15188733
3.72120013
2.88834220
3.39005928
6.82946808
3.56445312
8.09029144
1.61185699
8.28222563
3.75252382
1.00781250
13.21785461
3.14184508
3.16178468
1.84423205
2.15336713
0.86230469
14.59931406
4.51476397
14.25221409
1.52140320
6.65710107
0.80428413
11.26399158
1.18673260
11.81562639
5.05632092
1.26973543
3.72985871
9.65152704
2.24841589
14.50308954
3.95784796
2.12695312
3.14693207
4.68180297
6.21228058
6.04349513
2.94087987
16.36604766
2.30346742
4.72867797
12.68871011
8.36943594
8.34964872
8.66508089
5.51411957
4.95491578
1.29581726
9.34720856
1.88130707
11.55630316
8.76197473
1.73579926
18.96081450
9.14819149
15.03853612
11.61283356
7.94771332
1.34090149
2.93298371
7.80423981
0.29191101
2.47460938
13.43127161
6.40617132
3.00435394
7.73783356
1.21016351
2.24565104
11.91755541
6.40666334
9.71649159
11.96876994
8.37679078
1.63334137
0.01303101
-0.00610839
4.78035461
11.19778702
7.43864701
6.09330231
2.13370789
3.56986481
24.32951355
3.01204344
1.92981050
6.80769836
13.26513298
2.55607491
0.05700684
1.05924469
6.74385528
8.16585328
5.59073914
13.60567044
2.51302249
2.04838043
3.59224457
7.57722961
8.28560394
4.30859375
0.00227875
0.99849457
22.78186004
10.19050338
2.78402482
10.27298731
11.66520390
2.38745179
4.48726919
18.25586436
1.36914062
6.02343750
2.00496399
3.82316101
0.23437500
4.01277649
-0.00725280
0.07440186
5.77229112
6.08687721
5.36397495
4.96932070
1.67472351
1.53275543
12.78412789
9.20024711
0.84814453
7.77892288
5.65121232
1.94095856
9.38012633
7.40563996
6.02868683
12.92390930
2.97896332
3.39566486
13.69605053
12.22839387
2.93359375
19.82279449
16.54252106
3.08487976
1.94726562
4.88334137
6.48783356
9.24218750
7.36027039
15.56762633
0.51147523
1.57324219
3.22078430
5.74654144
6.27388519
0.53275543
5.65730774
8.32120789
1.98535156
2.28125000
9.99405758
2.56530917
6.22517011
3.08147052
6.01133084
10.68379855
3.00585938
0.81583680
6.42073360
0.84138665
0.77726756
11.53995789
0.45707184
10.03291778
9.29520722
1.68945312
12.81314938
11.69955786
7.57811058
4.94824468
13.99118706
6.45381870
1.77767093
15.22477172
1.15771360
8.88472628
1.59322113
5.59419769
3.61193817
0.84265168
13.98498442
2.54264406
0.20617676
0.84468598
6.49173981
2.61568207
2.49564606
0.49698914
9.83939606
2.37740082
16.89721244
9.80317709
3.60970966
9.88167110
2.07731327
4.04732269
1.48209220
1.04427499
2.67338043
5.23046875
17.30012128
0.77625415
2.71898355
5.73657912
0.99267952
1.81986481
12.11997674
4.38738807
4.06205231
3.35050476
16.83492035
2.62801086
1.73970551
8.15625000
10.86390554
3.44335938
4.92488586
0.09517457
7.77644836
15.39741911
11.29158632
6.51550200
8.67456117
1.09163453
0.55411805
2.10236052
0.73601839
7.05468750
3.82746565
12.08179521
3.77388519
18.82429245
4.23670212
7.49564606
13.15087766
4.86820589
10.16662567
1.90999390
6.06282287
1.81998033
0.91297041
7.14978058
2.11523438
1.84667969
2.43733703
8.73527039
6.68916778
1.91434785
2.79272274
7.76196476
1.84720856
14.19571089
4.66728501
10.24051972
2.11690215
3.47684785
2.14453125
16.25373892
3.28930353
5.22453568
2.77193207
0.01811218
1.27246094
2.24517936
4.04017951
5.06339539
4.24051972
5.36763519
3.00000000
3.71289062
1.37207031
1.04882812
1.62735400
0.88338818
4.66752106
6.45178192
18.91013123
6.68750000
3.25150543
5.96903037
0.31616647
0.59220398
3.43832458
2.68228057
5.41451019
4.38671875
1.40722656
11.92488586
10.12154144
5.55322141
2.40861148
3.61754904
11.34001108
1.96919769
16.20389739
9.20548274
0.53886206
1.78613281
9.49258423
2.21724457
9.78828762
12.67256372
2.09977670
1.59517426
4.32377106
2.76305747
3.65462655
7.73604278
6.31044245
7.55249335
6.61673981
11.12707115
2.82694924
0.87792969
13.86506206
5.28478724
9.36968195
7.01562500
3.40580231
0.10058594
12.66060394
9.95507812
9.61763519
5.95267731
2.18945312
11.80289672
7.56196366
0.40609513
2.74218750
9.37312805
4.33593750
2.24218750
0.02083344
8.61372894
1.39994293
1.14941406
20.80619293
2.70609154
1.34709053
4.23091644
0.21531065
5.49186281
0.25846375
10.91067266
4.49167109
0.74267578
16.09576685
5.74318151
3.94579954
3.82596271
3.58122451
11.20556516
2.29052859
1.49804688
3.32474513
2.56002050
8.30725067
1.40218140
1.50292969
7.20152594
3.21465203
2.07946808
10.05725067
12.17246397
7.04834109
4.64453125
0.09128846
2.15363129
1.37472960
5.07421875
2.37304688
8.63512966
4.67000554
12.66836714
13.10612810
16.22566711
0.22005250
16.32840537
1.45780862
14.66967587
2.72290226
8.31579372
8.66121648
4.46138519
2.24023438
2.57730829
0.25541417
2.54866578
3.60697418
1.91158051
13.25723775
9.13131205
5.35937500
2.41695160
9.58939606
1.64790863
11.39754211
0.02418030
3.75585938
8.33052084
2.47026041
7.65242243
2.59322362
15.24617461
13.36897828
5.71841783
15.32182291
3.16634032
3.46041112
2.81640625
11.59419769
5.14453125
2.83353668
8.20420214
7.34454232
10.59277593
4.28401485
0.76294132
9.51562500
2.73677582
10.00108711
0.21668633
2.10697418
19.83369903
1.85717836
1.86132812
11.27473626
1.55827155
2.32181793
6.38581588
11.06783798
14.86372894
12.75691711
1.74450715
12.03677970
6.42415780
10.45210661
9.27791445
5.34855164
0.70463043
8.62500000
4.99286127
4.78883643
2.17728668
0.48140473
0.00483704
0.75785309
18.46435111
12.89278479
6.23246371
2.28125000
10.15791778
9.49308289
1.95304383
15.41625665
1.32149573
1.29838043
14.64021041
2.10974900
7.86631650
0.73870456
8.12898742
8.17643063
3.02954288
3.64562583
4.89848182
15.40542332
3.77695035
5.71830231
13.15343584
5.40532025
5.23482269
1.25179078
2.60697418
12.93180328
17.69488997
6.21733322
7.22420102
7.31929411
8.31620456
3.74739749
4.71785461
9.51834428
3.00745345
6.75877909
11.43181294
4.21093750
1.65218140
3.02103668
2.25000000
15.83564592
3.77910017
7.37939266
14.16597628
11.06083222
1.36914062
9.65612700
10.40706422
6.49023438
5.41963653
7.85559175
0.79541016
5.13366107
4.52116467
3.57918274
11.36462433
14.82454344
5.87121675
18.52689606
4.30865249
9.80943040
5.07332336
5.17063997
1.36931792
2.55752480
12.33997672
2.39843750
8.74771720
6.10775155
7.20747894
4.74662262
4.44185394
7.20222961
16.08707516
19.58031915
12.93856272
17.90445922
0.34305879
17.76211215
2.14804410
5.98412899
2.22530308
2.95572751
4.14860109
2.31563386
8.50781250
1.66992188
10.41497854
9.46441599
7.72220856
2.77583832
17.06070922
16.29467088
9.09294326
5.69576019
2.20027649
1.57067902
1.24662262
5.72798427
1.57385472
7.10502106
1.75976562
2.93973847
0.71537262
4.76337905
12.96371232
13.36592310
1.75561835
8.67622894
8.49369293
2.58247894
2.25000000
9.71418440
2.85372728
2.72070312
5.87275405
4.94222794
6.48843861
9.74524268
3.15934452
7.98437500
6.88281250
2.19535184
3.05224734
15.32116668
10.18081145
9.75416223
8.87268284
1.20585300
9.22220856
9.09916106
6.79610261
7.70747894
13.43122345
5.14904006
12.19462876
6.47651818
1.79444740
0.39652496
4.75826019
4.25301086
3.10245789
15.02372160
7.18704234
9.86597739
0.45654297
6.07031250
1.04304992
0.74251344
13.93456782
3.92727671
3.37749445
16.99129211
3.24910461
1.17667664
0.51843293
11.94510895
2.54927582
6.41344748
3.68030252
0.97070312
9.66783578
1.67937278
5.87198914
5.20312500
0.75492340
4.24001275
4.01194037
3.53421155
0.53947833
2.60697418
4.49982955
15.85559799
0.44169160
1.58789062
8.12597656
2.50976562
8.34798094
1.91418550
1.56693512
3.70450743
9.18070589
0.27616363
14.65625000
3.09960938
14.30155364
1.70918855
8.66841644
6.52555297
0.50520875
2.55413589
1.51857712
7.15625000
3.91300476
9.14408356
8.78422027
2.12890625
7.86668551
4.16936613
0.70218902
6.12642177
0.78568761
5.78364584
0.49121592
5.69051086
2.06250000
3.48216590
11.69166223
6.69771332
2.79732269
10.54418883
10.63114472
2.51171875
3.12695312
9.60066711
20.68743772
2.60978335
16.02689606
8.20499446
5.52982823
9.02600067
0.33313019
1.97642579
2.30140624
6.17142731
1.28462738
4.66451019
3.40189606
22.13594418
3.05135195
3.58382203
3.48872894
5.85111481
9.74913897
0.47884779
23.13854139
3.71550310
9.31929411
11.59041445
4.38370789
9.58235594
23.30887630
3.20438940
9.41841644
0.06097412
5.78035461
1.23775238
6.22973072
2.75170452
8.28892953
3.07736258
6.81941711
14.96439606
3.73856660
3.24820922
5.35796849
6.94357601
6.88671875
4.55674190
2.93873005
9.85323028
15.09016844
7.24845523
0.76277649
1.44075189
2.58659186
2.38207946
9.30737367
11.23437500
3.63761414
1.16068512
14.08788562
1.64831948
2.42773438
8.97656250
10.33190326
4.16614361
20.17610469
5.57792331
5.25134308
10.44531250
1.39888519
11.94417110
13.69466312
0.05324342
0.64318318
9.75240580
7.85982269
3.52148438
1.45690825
1.55774019
7.46138519
0.03489166
4.54003657
8.58451573
1.90181488
0.90572113
5.48392731
6.89408356
12.60245789
0.08304840
16.78077240
11.43479817
7.52071697
9.78035461
2.89888519
12.00345856
8.96289062
3.15775543
3.05513519
0.72554535
2.09134918
9.96964539
1.05175781
7.41772274
0.24833347
5.03247008
1.37768617
1.59765625
15.04508422
15.08300532
20.51008533
0.49592642
12.07426307
3.73645113
16.06909149
7.06196366
6.94719193
2.09772185
4.27719636
10.90714539
3.93058289
0.28837066
7.10131649
2.92167331
8.09090149
11.02433289
5.88370789
0.05014526
0.13505066
9.74295989
7.69661126
6.46383034
14.58198693
1.97750221
15.20312500
3.13627106
4.80590758
1.90600648
0.59912109
11.39798981
14.42879211
6.10725953
9.51744017
7.37273714
1.76118988
6.12019836
3.51171875
1.86275238
10.42138298
2.93017952
6.17882647
4.47697584
20.52486176
0.92716368
7.29655031
4.28951019
0.76949066
12.05981383
11.11641511
0.07548004
2.40625000
7.97968640
3.91138630
0.89261871
8.36193817
5.73738586
1.65307679
0.62865775
1.61255319
0.55419922
6.71883117
7.89054383
9.48347961
2.00976562
0.61812348
5.35803192
4.74308289
12.50703949
1.73197418
3.47070312
2.37394226
1.64530364
5.51227948
5.43181294
3.64888519
4.98441559
4.65705674
4.91716201
6.38378906
9.46350067
4.23380555
3.07617188
3.35396332
18.17879211
1.16158051
11.44262633
6.90798649
8.98622007
3.90624003
3.67579122
7.16324579
4.00738919
1.81764627
3.15820312
7.17508755
1.30509585
3.46389905
1.01490192
2.40775543
13.45161022
9.84408466
8.35937500
3.06880707
3.27148438
10.47041778
14.00247452
12.62240248
13.30122894
0.40132785
3.68750000
4.11209802
2.36515569
7.13069703
3.55309841
2.44584386
1.18607574
9.95991911
2.62303691
3.24418495
2.69633713
7.15006095
3.00423592
3.83789062
4.67578125
0.19584168
3.52689606
1.59322113
9.69343307
2.10690048
5.17175200
0.12837832
1.06205231
16.61718750
16.94441711
6.67277039
11.68379544
0.31669285
10.48872894
5.53125000
7.63671875
1.12943512
2.20552582
1.73437500
10.77749613
9.22356161
5.58247894
16.05859375
9.06546654
18.03405917
6.02592198
5.33984375
1.92045074
6.01562500
2.03861481
7.18481383
8.55647828
1.04573609
8.59375000
2.69726562
0.66406250
6.27668440
1.29948747
15.08939606
3.49068207
7.65738143
7.84217087
3.53560394
13.17552527
15.52759973
2.01196227
4.78426086
0.99479250
1.01562500
4.50357159
5.76897052
1.42329926
11.54104500
4.87346520
8.39473294
17.95389739
20.68261968
4.28214041
14.93465647
0.66650391
5.63236481
4.52486176
2.38191711
0.68550629
12.28148137
2.38123836
9.34375000
5.26997894
20.21520280
3.24874556
1.83593750
5.06294769
16.67923981
5.57031250
4.59842864
19.12040005
7.51119237
3.66540558
2.27298981
20.46787866
4.75269614
1.51562500
8.83934675
5.33122451
2.63517398
6.02343750
3.93839539
10.06623892
1.69263131
10.07018950
10.11385195
6.95845551
2.39558899
5.52433289
1.02396637
7.13627106
12.62320922
5.03739472
1.39062500
9.59940271
1.75606604
9.32454344
9.06684398
5.77658133
5.02659077
2.74444591
22.41548427
5.24166112
2.34765625
1.87711547
6.43032940
13.33256759
1.15979222
3.07918274
1.75158660
18.85200023
2.79911846
5.22026041
1.28474790
6.56005984
6.85245789
3.67968750
7.91601562
10.26562500
3.09122618
4.16072695
4.21841534
4.45105884
5.19396942
2.42952515
1.82279449
4.47843196
7.19844636
1.54394531
0.40027011
2.76802582
5.78823582
16.40748005
0.69739112
7.89072807
3.86785682
13.10973405
6.63994126
3.95072418
9.18916778
3.03153535
7.72656250
10.29150266
0.61914187
9.68794769
6.76171875
4.35156250
0.25268524
19.16470690
17.63111037
14.27285683
7.21151817
3.26668274
6.44051086
7.88850953
15.26037567
2.33337433
0.53271484
11.45263298
7.01176307
4.42578125
11.71093750
8.03125000
6.68404144
5.24263519
5.91752106
13.70621454
1.49353308
1.70800781
4.22701019
5.84500444
1.79216201
1.86283356
18.95623958
4.26009530
9.21529144
4.55488919
6.75716312
10.68790337
4.07861702
24.03282913
14.63277814
2.25927859
0.62446802
5.57548315
8.11344360
2.36267121
8.73872894
4.64152039
0.54154449
16.53771942
21.53279477
5.12133976
7.69877106
3.42053192
2.17126496
9.85196587
8.00215979
1.43839539
0.01410950
2.44703155
4.86718750
3.10892731
10.93058289
7.77298981
14.49479047
3.27934618
10.79777039
6.69877106
3.56673094
1.98840425
0.57128906
4.83475178
5.86251385
5.96875000
2.59179688
8.63102172
13.17801972
8.46504544
4.55057956
0.17712402
12.33414672
2.10742188
0.04335572
0.17545563
4.53576629
4.20402039
8.65279144
2.73046875
3.14766013
2.96940436
7.69978945
13.09720856
11.46350067
0.91101105
2.05859375
5.52990692
0.05655945
3.27628601
4.65625000
2.66738808
5.07211325
11.15458222
4.22176086
9.31034021
1.23698249
0.23697937
1.92913818
0.81457488
4.76216644
0.51310242
11.49462766
5.88159242
0.36425844
2.37001282
2.46952239
8.49116911
2.43819370
6.50390625
8.85847961
5.09830563
0.53833195
7.96755929
10.15849844
3.71138519
21.22460938
9.42264739
4.47579011
1.16406250
12.13716644
11.95995346
2.81694259
5.12349457
10.64754211
6.90836547
1.72436586
6.56713431
13.06209663
3.16719636
1.78320312
9.52103668
0.34879578
8.00122008
5.50276485
0.09757757
6.68858586
9.12366688
19.01049867
8.38484929
2.65909851
8.50386193
4.65107935
1.56531416
22.78493194
0.42098023
9.62410461
2.33532746
3.03771942
5.22835328
6.08548981
3.51924590
6.05769836
5.15242243
1.54451850
0.87406402
9.08014434
12.31768280
3.00630707
10.64216977
8.34566378
10.79943817
0.24060090
4.48351397
0.51656721
9.20629914
5.49519836
14.22656250
0.10371918
7.00435394
4.55859375
1.89461242
6.29857713
0.03386123
1.65926086
6.73917664
3.00345856
13.70890071
10.36999667
5.46948304
10.63716644
0.81034270
3.95190492
9.94095856
6.60982269
6.57258533
2.50012799
8.39497894
1.01741453
1.16817293
10.27575466
12.69299534
13.28558401
3.75738474
8.31414784
5.40504986
1.95170074
14.00992797
6.05647828
5.36885528
3.82841035
5.28125000
2.98091644
8.70312500
0.78284044
2.90711103
6.41406250
1.39648438
13.90904671
13.84078346
7.07296431
2.89249695
8.61604610
2.04052859
4.10514406
0.84603134
6.24528701
10.84554078
0.31864410
14.63448028
3.98315492
4.45613399
3.99723515
11.69010001
4.86767952
14.17533356
2.61747285
6.64802915
1.22713320
6.62198914
1.87251801
4.13883422
4.59944703
7.93526153
20.31429078
4.35156250
1.20507314
12.17851174
7.35510347
9.46944121
1.76013215
8.70402039
5.48828125
5.15234375
3.18085571
6.62709108
2.28019226
1.44681793
10.78470856
5.46183289
4.32767731
7.76997894
2.47025543
17.34765625
5.77734375
24.06250000
13.80456450
4.14465425
5.02779144
15.51357757
2.28470856
12.60847961
2.16780640
8.46785461
5.53055630
3.75984929
7.93244487
10.31299202
0.06079662
5.18660461
1.06437195
3.55078125
9.97131317
8.38200738
3.18692930
6.13728945
6.38135963
1.94718445
5.76655601
5.66105164
9.42443817
2.53499390
5.34403037
0.30489542
6.57767731
2.62109375
2.00240082
7.97460938
6.29943817
7.91975953
1.46386719
5.65702239
1.50500333
2.67887577
5.79296875
0.79191101
13.94091703
11.39896388
4.64672789
3.94714760
6.63671875
11.86493906
7.01518727
3.08862367
11.37064606
8.86718750
-0.00111877
5.98002106
7.34720856
3.32271332
18.93985151
6.17578125
4.84139849
1.55664062
7.44396942
2.99007203
0.98535156
6.25650377
11.22615913
0.77026679
2.55326324
2.43359375
3.29748504
7.98872894
14.42471853
9.03878213
8.10335328
7.56250000
3.01489196
4.49141511
11.38537567
12.14062500
6.82991578
11.17379867
2.92512190
1.39803911
2.67324050
3.76795212
17.68359375
12.05765746
1.07360871
1.16406250
11.91601562
2.97265625
16.61860927
7.64644503
2.07328402
7.55720634
1.08927803
2.41241786
2.05734928
3.59810394
4.27555297
0.10839875
13.26818817
4.37068166
5.60352061
5.75435394
18.86193817
9.08247894
1.04423066
4.42923981
3.92232269
2.61795241
2.89624833
7.23091644
7.64107269
7.50044769
9.61975067
3.91646332
10.25000000
19.30907580
7.10461768
12.66853945
7.25805851
4.11799923
3.92232269
0.85278507
4.03951019
9.06250000
6.75154477
1.83048648
11.78755209
14.74626108
11.17700133
14.70670656
9.30122894
7.11657248
8.22717752
5.60354500
1.12887688
2.52734375
1.41129516
11.12292512
2.07226562
5.31294769
4.53951019
5.79035939
3.82617686
1.16992188
11.43827239
2.12121675
3.65970856
11.26871454
13.60526706
0.38431918
2.26411957
11.74942961
9.52612367
4.24564606
3.03832946
5.69576019
13.20056183
6.97867797
1.48632189
1.29411513
7.96817930
5.71597518
3.08537677
6.60611813
1.19954593
1.63590229
3.81791168
7.14098405
5.44917692
17.17672096
14.44938608
2.05078125
4.20222961
7.79480113
3.37492132
5.52298981
11.69746731
2.38997562
4.80516955
1.49801252
8.02254211
9.75874225
16.14155475
10.74984264
1.04704482
8.18045989
13.47684287
5.18298869
10.29508422
4.04431183
4.78169769
8.01562500
5.88142509
1.66154366
1.54983904
1.68897107
9.87154144
1.17968750
10.20198360
8.27173038
3.38716644
4.41361481
8.96183289
8.76127106
4.54341644
6.45967310
8.64970190
4.91015625
12.85066711
5.92232269
11.96748123
7.62163009
8.81034021
4.24389960
17.72310394
12.48958454
4.36006870
7.50826019
8.22477172
18.61580009
4.01099069
3.65686004
7.61494903
0.54752687
11.25512633
10.14899823
2.55290669
3.36820465
8.06160461
6.83728058
0.90096008
13.42097961
7.69783134
5.15853280
6.80859375
0.21903504
0.08660889
4.17411285
0.33475738
4.56730164
8.40535461
8.21117354
1.43425310
8.35502106
6.14700577
19.75073803
12.91520390
3.43501552
16.57018950
9.16276374
4.86238586
1.42960633
5.49796321
5.47859929
3.73787414
3.84269226
1.75797485
7.81705563
6.97725620
6.29642731
5.65970856
17.47643950
5.79309175
0.45471223
3.43509399
7.72745789
4.11673981
20.24564606
10.09850732
4.45272163
14.95924979
1.39426584
1.86372894
11.38165116
1.14373946
7.76428192
3.49654144
8.63716644
2.58052582
3.89172208
3.29683566
7.95133422
0.12402406
2.96634918
8.02652704
5.13993628
0.34106383
3.94710328
5.77779144
1.10884613
6.37878325
15.98360261
9.07377106
3.95987976
5.69661126
3.42297706
1.99218750
4.53816711
12.97851562
5.18314606
1.05708832
5.33593750
6.19486481
12.33842120
10.74003705
1.35660766
1.87768617
8.44742049
21.04138962
4.62642426
8.80379211
12.39460993
4.30159796
20.73216091
5.35198581
16.32556183
4.48437500
6.52030364
11.28829011
1.89941406
4.76953125
11.15820312
19.59375000
1.55957031
17.65761996
7.09726285
9.95853668
2.08223210
4.84534906
0.82006898
9.80904144
2.43404144
7.21785461
0.03279633
17.70775931
4.14034463
6.34375000
9.04048427
0.32772038
2.89888519
19.23588043
14.01204344
4.49877992
10.20658356
0.05047639
9.46004211
9.56941711
7.05452515
7.13448028
4.20837433
5.37980164
5.69909575
4.92484154
3.05229166
0.91072570
7.10245789
3.08353668
7.44006317
8.45043385
7.14616467
2.27779144
5.23693817
4.63956228
3.09936337
1.09790724
11.82442044
2.85420933
10.12410461
2.16255707
0.70259613
9.45312500
22.23311060
12.01460661
6.77917885
10.49564606
1.13175476
2.12695312
4.20276916
-0.11581451
2.05814606
3.01261414
5.62500000
4.56070922
1.99154580
6.96241356
2.53995789
1.76127106
12.69868988
2.55786071
4.60335328
6.23168883
0.20695070
2.06110449
7.18039117
4.28063965
4.47701019
0.86230469
2.60546875
14.45703125
11.84098079
1.91373781
1.86564273
0.29321289
3.83548981
1.98099762
2.72143855
12.36081670
1.21634918
9.39831450
3.03499390
6.59350648
7.69921875
1.21248227
5.49365359
0.38663758
1.43676696
3.87963929
0.56058746
8.09191490
6.23718667
1.16662442
1.41154117
6.26562500
1.32857269
7.08939606
10.11579407
17.58414672
0.27990754
1.15970856
2.77070701
3.10474069
10.07377106
11.00077239
2.51546265
3.42687833
8.99332890
1.00887024
2.03169769
16.13867188
11.02600067
0.28942902
17.43444482
1.88977393
11.10502106
8.04173870
13.27624667
10.74694482
9.16989250
4.86673981
0.09299682
3.69409242
1.81738281
9.76908356
6.29088764
7.03377881
0.21533203
3.08214429
0.86787124
2.24256150
10.38207447
1.33464123
11.60156250
1.50406236
6.01693373
1.05078125
6.17578125
4.17521055
0.44002382
1.78808594
4.69486481
1.72546387
1.89603668
2.27193207
11.66292110
1.89522495
1.37255735
4.14655309
0.95151152
4.78730234
5.86463430
5.72265625
5.90645169
10.15303745
8.99129211
17.76155142
1.64229776
0.72013367
22.31709746
4.16417554
15.05510333
4.52132203
0.43424500
5.61774823
3.94084552
2.37935394
12.33109154
8.47773826
1.25517564
6.13236481
3.51953125
9.82902039
4.86673981
8.21439606
0.92626953
1.80220551
4.70511747
1.99564138
9.05225232
7.85737257
6.27071697
3.40316046
8.80814606
1.16548676
5.59765625
0.02960311
8.26032636
9.85970966
3.00707946
0.80297914
8.22656250
2.02734375
1.87718169
3.08668550
0.31697508
5.29866578
4.85583527
4.22656250
6.71773161
1.33988558
8.67968750
4.33984375
7.44877106
1.80362976
0.49088500
0.42761262
1.31347656
3.17232269
2.24756124
4.47836325
17.19640958
15.76062167
0.25195312
6.72131317
4.64566268
1.64038896
6.32889739
3.94173094
0.64888644
3.65954621
14.05294769
5.20402039
2.98425200
3.31697695
6.12500000
9.62247119
9.93221631
5.98893063
5.10437167
0.56490082
5.17536293
1.98088707
6.16015625
8.64843750
13.35062279
2.68258034
0.90087891
7.49519836
5.43648161
3.44917941
1.52539062
10.63191711
4.53620900
6.15865580
1.18688996
1.45365387
15.39876219
7.07165558
8.72143617
1.23242188
3.49519836
1.23002106
6.17667664
10.04215204
12.41878546
7.53560394
2.48197418
8.43750000
7.12738587
2.01128601
1.16174285
5.41105164
9.44185394
2.42524989
2.47754155
0.81156402
9.03063498
2.38928690
1.02050781
9.48437500
9.60493241
7.80797873
6.34978169
7.52246343
7.23693817
14.59631317
5.09493074
7.67488586
2.11958832
5.57031250
7.13317155
1.15491439
8.04576796
3.21249224
1.93164062
3.04252106
5.58593750
7.87109375
3.71716091
6.47469304
6.08955840
9.28535794
2.96403202
2.46004211
3.41585328
3.78666168
3.34720856
3.59236259
8.42326241
4.23452738
2.23137411
12.49743683
8.24654144
2.83447141
14.70979423
8.04403147
1.11311890
7.56941711
1.25773133
0.48783356
3.83540614
6.55281804
1.41601562
7.18081893
4.58179521
2.25345856
8.02343750
3.86328125
12.65702239
4.95670656
7.08312085
16.37163009
3.05918634
1.03639627
2.87740082
14.98013409
7.16004321
9.53958888
2.27140569
8.17968750
2.53189938
1.03601230
1.45507812
8.79882314
7.50183510
16.11799424
4.32719494
6.15002659
7.02734375
3.32421875
7.80904144
0.36376953
6.46394338
5.78186502
3.21244293
2.26786347
4.35546875
11.16906583
5.85091312
4.67879211
15.14899823
5.25725177
4.31673094
7.43367243
1.60010139
5.26127106
6.65523161
13.47395158
8.96371232
3.64123504
1.25968445
1.85449219
2.41345599
11.82629986
3.64827515
7.97310394
1.45666473
5.50960328
8.14408356
1.08158356
0.01741547
3.20771748
8.99638408
2.46199524
10.41931183
5.83825466
3.71358433
2.19832336
4.43058289
1.97648133
5.98559508
3.70190492
1.09578430
2.21529144
6.23437500
14.92755668
10.97054078
13.25736481
4.12890625
1.61576324
5.18750000
0.47420227
5.46174424
2.61042526
3.11223847
0.98681641
14.21101618
13.89969194
2.62863087
2.51757812
9.88716644
6.06579123
2.66272440
8.65279144
0.01523590
6.04809508
3.53849180
0.95060367
10.87589539
3.40600399
2.65656721
5.29029255
1.05586824
14.68314606
8.10294617
1.47611481
3.36523438
10.56392177
8.62089206
10.74515404
8.57544381
4.15669769
18.21439606
5.94051086
3.35335328
3.83744293
2.41748047
2.77193207
2.20853668
15.05806488
1.70019531
0.05566406
5.21439606
5.09228391
11.48628878
2.86083611
6.34424202
0.49100738
8.06250000
9.71606383
3.64375886
11.16715204
7.66487921
7.88203015
16.33474628
1.16849762
6.05948914
5.23437500
0.69490352
3.21989140
1.63724762
5.20584553
7.63790447
1.19584137
9.52779144
15.87909797
3.15471520
6.61027039
3.21138519
10.71529144
9.30842642
0.83610483
3.53125000
6.35546875
0.92333984
13.16486924
3.11442763
3.44832336
6.74503601
3.76713043
2.85412567
4.88069703
1.59228391
5.35302859
10.82722961
0.88907898
7.69066822
3.51200908
12.23828125
2.33548981
11.35245789
5.37109375
10.52254211
1.50337738
8.73437500
9.51665264
13.25781250
1.00000000
5.31941711
8.21573914
6.00044769
5.18013519
3.23437500
10.18660461
7.24173981
13.35367299
5.19214428
2.97887966
2.57340702
3.39888519
12.28332115
1.80847573
11.86576795
5.07805629
0.03832595
3.43253601
1.90726341
1.26701241
5.83959774
2.34354831
8.13281250
0.78271484
11.39122632
2.23096575
5.50480164
7.90234375
12.44185394
4.99662262
4.82511414
0.96207641
5.77087433
3.54207336
7.23571808
0.32140926
1.88305851
0.35400391
12.29597961
8.38859070
9.47566711
6.92130430
4.89209109
4.81205231
11.04341644
3.65747008
1.70507314
13.53409353
9.41244528
4.11539672
0.68636109
6.14408356
7.33939606
4.83894836
5.57600953
3.14517565
0.99162428
8.59855164
6.74129211
4.97745789
1.20605469
5.44531250
2.12259918
14.26818817
3.85977837
3.19279366
2.39558899
2.59154713
3.10425365
14.47159851
9.45658356
3.70585051
1.65938386
7.20703125
7.78950023
9.51334220
6.55653257
2.32377106
6.87589539
4.53861481
3.97896332
14.07377106
7.03381317
3.58186890
1.56152344
7.63671875
1.56933594
10.14139240
32.50016733
10.87858156
1.45695008
12.37380431
2.54371675
5.41451019
5.74173981
0.91105039
6.80679799
10.82373670
5.49353058
12.41353114
5.98685948
1.18900543
16.49059841
4.20414339
6.55570589
2.90820312
12.64062500
12.45023590
12.29585661
2.07888991
1.95826130
6.96919769
12.28202239
10.68237367
4.26545767
4.82874002
4.26418828
5.01946254
2.70764129
8.10245789
1.68359375
5.32710661
1.64404421
10.01695562
9.93974844
3.96810062
5.78816711
0.04502381
10.75000000
0.84236633
5.49263519
12.10591644
2.51269282
15.89562583
6.80375775
10.76562500
15.76696808
6.08190825
3.78237645
15.06047318
3.81356272
4.48974734
0.68253601
9.32031250
6.09049313
1.39298648
2.13671875
1.82324219
7.40625000
6.40669769
1.68208832
5.86828458
7.99320589
4.78845246
3.68794769
14.53035461
1.44128325
9.46397275
0.29636358
2.31880707
3.72521942
13.95039451
11.57694924
4.53214539
9.67419216
7.07930574
3.27384585
9.52485927
3.14115636
10.44534686
3.24951795
4.98091644
5.51025266
11.64253878
5.22957336
10.05366911
4.90588099
2.09167885
4.05078125
7.91874114
8.92545656
0.59082031
1.45906555
5.75846188
5.22290226
1.26562500
1.34082031
2.71679688
1.94169098
7.70434508
3.21305297
2.57478945
9.00256317
3.11702515
1.00683594
7.34798094
2.51920656
1.66887618
4.75668107
0.89404297
3.13326019
10.34029144
9.99497768
4.05260639
2.74150376
6.41841644
9.76908356
3.60953735
10.09208222
23.66573028
3.95373504
2.13789949
8.94737866
4.37150709
13.66853945
1.35144199
2.80228668
5.95552582
1.14611785
14.43482825
0.69000941
0.68777710
2.42968750
8.77498227
2.30900210
9.44339872
4.89253878
3.09419769
14.23355829
11.67480718
5.01350953
1.51908356
9.13867188
3.99194149
9.62170130
3.62447362
10.15739140
1.70898438
3.82604887
2.46793905
1.13595135
5.41451019
4.10892731
5.94486481
0.05161560
10.09060853
1.39979554
15.64264101
5.02630097
9.48693817
0.68245484
3.72826463
5.58635084
4.87198914
11.34529477
9.45158023
11.36718750
5.05411680
1.28955203
1.56835938
6.42089096
1.44344802
11.65061463
2.83071754
2.70248559
0.16589355
6.92878027
3.12960992
7.37174313
3.21569980
12.31445312
4.39107269
0.58793121
11.04597961
6.78470856
17.09403037
5.01489694
5.17854610
3.99210882
1.90950438
1.31465730
4.03861481
4.06490082
3.03755707
5.69051086
4.60546875
7.94628657
3.00280917
6.13773714
0.87890625
5.38642094
4.63363918
11.87642177
4.64746343
1.08080868
2.00956394
6.88627106
5.37410461
8.54866578
7.77644836
2.63549805
1.34712738
3.29492188
9.19877106
0.64493836
5.35457336
0.08768738
0.00737381
2.02664008
7.00411790
3.08207557
13.77510528
5.97534242
10.21048981
0.99755859
5.38326019
7.65779602
4.74263519
16.38655142
3.78141733
11.06000555
8.52593195
5.03843751
3.78133616
1.34180684
0.14986145
7.86763519
3.47505707
11.25345856
11.21289062
5.98335661
18.22326131
3.33244459
7.74930630
6.10180851
17.45518769
4.94095856
0.89453125
9.06854611
6.94317264
1.23339844
2.44921875
8.27689606
6.03205674
3.96057845
10.33581450
6.10905031
3.09330231
1.55212433
5.67887079
8.24210882
8.19620789
3.75390625
2.92488586
0.39766449
5.98649047
5.08947474
1.07540198
7.66210190
22.73999335
2.43526651
10.72904449
5.23091644
2.18119293
5.75044769
3.84765376
6.88786015
0.91735871
4.21004211
7.53080231
7.85290558
4.18750000
2.12109375
1.12276153
1.23661347
7.15234375
0.55553981
4.50114140
2.21040863
3.06250000
3.50435394
1.08601867
0.93473266
11.40893617
7.00557403
9.83426972
0.39335113
8.63692044
5.18774601
7.55094360
3.88867188
3.51696808
6.57031250
0.80541930
1.99593140
6.40323914
5.21919769
10.82633422
4.94274933
3.69140625
6.37455231
3.22688719
4.19978945
5.16075881
4.79122229
3.90987588
6.48783356
6.21004211
14.05565160
5.12147273
6.92232269
8.70658356
2.08955840
10.58772828
14.97912567
4.73783356
1.99487367
5.90844415
4.55595190
3.34419769
8.53971188
10.06518617
4.40836547
9.56583555
7.69136193
5.78768506
9.04854278
8.15856716
8.06286901
1.07767731
14.59631317
12.12622008
13.63871122
5.92781804
1.20996094
16.51924092
3.57105053
7.88545435
9.85168550
3.75797485
11.12713986
8.11016732
6.82421875
10.73046875
2.94486481
1.44673676
7.92879211
0.42081726
8.24820922
8.65368683
3.73896374
23.33912067
8.39062500
1.87402344
3.88627106
3.62455231
10.53958638
7.23767619
0.66690977
1.88346437
2.71398739
2.25618407
6.13183843
3.57506982
2.73848792
5.41023493
8.57633422
7.73051307
2.78320312
11.14408356
15.60184287
15.09837933
4.81780363
7.32621122
11.77791445
0.73030640
7.37711547
2.01350953
8.19531250
6.66568595
1.47058510
7.33203125
6.64017731
2.42862976
0.20658356
6.07031250
6.54687500
11.92419216
12.52054466
3.75252881
6.79215204
9.95784796
2.42382812
17.35990138
19.26908356
4.07804632
1.34570312
5.10420435
2.17659796
2.23677582
4.64408356
0.21748871
1.30175781
10.45658356
1.26367188
7.57511414
12.05163232
4.17102393
5.32722961
6.39453125
1.15962738
8.69111592
3.32495678
0.51562500
5.51919161
1.91830839
1.49324524
0.48250305
3.08923371
1.56001801
5.05110594
0.30314211
1.16556793
8.60156250
17.24978835
3.21114915
12.66637966
6.64957890
4.34029144
1.50585938
3.41796875
3.82051419
3.70052249
0.39176453
2.46468078
1.58386137
5.43762300
3.00089539
7.42309508
8.40795213
3.27832779
15.59048316
1.38563164
6.89528370
8.97479166
1.96887300
0.58341492
4.49662262
5.13883422
4.31819703
3.88521332
4.20267731
4.55745235
0.01819066
7.27929688
2.11283356
3.53710938
6.87935394
4.51326352
6.02624667
5.80419548
0.91268257
10.11762523
5.82813497
1.53613281
13.77489362
1.89547595
1.46679688
3.80044659
6.36272052
9.92097961
2.34509308
8.25077239
4.14331117
9.66654449
7.12198914
19.20493561
0.74511719
4.97118019
3.00192375
5.75000000
1.42036957
12.79638298
3.76031888
10.48439494
3.30753601
0.63134766
4.38146942
13.87373560
3.89278479
11.26785351
7.85998379
16.19425975
7.64571697
0.14558930
11.26127106
7.68794769
2.58638519
12.99837157
15.65266844
4.74845523
3.63281250
1.78381317
3.92801972
12.01269282
2.14461491
1.30264697
3.43612256
8.21785461
0.17411316
4.11091977
3.45442874
3.09878020
3.03321808
7.12198914
4.43269836
10.54085328
19.02587766
1.31607034
1.18055352
11.25593058
18.25741536
5.11071808
2.18058289
2.67203735
6.28214539
9.03015137
16.56250000
2.36360594
1.23502687
2.30904144
3.68306239
6.60058843
5.98933899
1.31490082
5.71875000
12.21695922
1.58524629
1.79492188
8.18314606
11.55122894
0.75862298
-0.06013665
0.09362793
0.11291504
1.56725871
11.06808399
4.78849180
13.51228945
3.57271332
8.59785794
2.40800144
7.09452239
4.20409907
2.39669104
16.35546875
1.80468750
6.18872008
1.55497285
11.26652039
4.58203125
14.76729278
2.96077515
4.30334442
3.78995789
8.13671875
4.02734375
11.36718750
0.64302582
10.46695922
0.98075410
1.28027344
5.99549813
4.34585105
1.97261442
13.57629488
8.13806183
10.61360594
0.48962465
8.77322585
0.06762633
13.60424867
0.03002930
1.55430758
4.59771054
12.56852172
7.90804078
5.13928192
4.50480164
0.01298035
0.41642211
2.09029144
1.44576019
1.43839539
2.85937500
3.09916168
18.56701629
1.45792664
2.84240692
6.67968750
1.97489472
3.19877106
4.13089872
5.70459109
2.12935394
5.00545102
10.38264766
5.85673315
8.11897828
1.86515320
3.08007812
0.53466797
10.21606383
3.21167054
2.58072003
2.15328845
12.68058289
2.26127106
9.43750000
2.26456726
7.98555076
8.64290780
3.30708832
7.34720856
1.70605469
10.60937500
1.64302582
4.78978558
5.85669880
2.83158356
7.49654144
0.03302002
10.43570922
8.50870789
14.44775266
6.22119016
2.01164007
8.73710051
13.32148701
1.26424756
7.49006705
2.99325022
13.77689606
5.74475067
10.28214539
9.26293883
2.61987367
3.24263519
16.08431850
0.16958775
7.00826019
12.14127438
15.18885249
3.25752279
5.46667885
0.69649324
2.83097351
19.50519504
4.96567043
3.69950410
8.73783356
7.42630763
2.06587987
0.94624848
12.10404449
6.06551086
1.93143645
2.79744570
3.27929688
16.17521055
0.64208735
5.59725288
16.41999557
4.49752548
10.93586658
10.15865580
9.14331117
13.69486481
1.88911957
2.69576019
17.19445770
3.79040558
5.40051238
0.86702515
7.93221008
0.72212738
6.88374785
1.69071504
0.54541016
7.50416848
6.20093085
6.68538453
8.85937500
3.09765625
10.28625333
5.68640292
2.73588043
4.66210439
2.52433787
4.96830231
12.57722961
10.12500000
6.96919769
9.75682846
1.95065048
0.74316406
7.63532636
2.33883532
24.06758637
3.34826629
2.55362976
9.02779144
12.06160461
7.43460218
2.81434009
5.45703125
8.83068817
9.53906250
8.61897828
2.10306793
5.18705231
12.84090149
14.49654144
14.37100510
4.76827681
1.22294160
4.66796875
7.33593750
9.39318817
4.26602837
2.83793495
1.37491883
9.69877106
6.01658910
4.81243129
2.09094145
12.22774324
6.77209442
4.99833222
10.37129544
0.85917331
17.41861397
1.33886719
8.78202239
0.24479250
1.13110165
6.13305851
0.75000000
16.27627605
7.00932291
9.80351174
5.21752992
0.31424957
8.37064606
5.69026485
1.82039616
5.24259087
3.37850288
1.09916168
9.15449358
5.46269392
1.49316406
11.41527261
13.20883200
6.84073914
1.34224457
3.03719055
5.91060394
0.98482269
9.43750000
4.94864805
0.73889254
11.14050200
2.41418550
4.38326019
11.10635417
6.00277482
5.37870456
19.43554688
9.66046143
1.84667969
13.89648438
3.83007812
8.60746122
3.68896609
3.26261414
8.93904477
0.74121218
2.04732269
10.57018950
8.67199800
5.68314606
1.92728668
1.30415863
2.12833555
3.99365359
0.87357574
5.73034076
2.71887799
8.15625000
3.91605497
12.96285128
5.90205342
9.14482158
0.60546875
14.57159132
8.02215868
2.71919769
0.96936004
4.12243683
0.79272399
6.13850953
0.62638367
5.66414118
2.49361425
5.72069814
8.79057291
7.33292664
2.00931793
3.01207032
8.71021941
4.04085328
2.53125000
12.52343750
2.91992188
1.17187500
0.00898743
7.83344678
16.23202349
0.69531250
10.47887966
8.73205784
2.42427582
4.83024047
9.29406583
9.88305851
2.85005707
2.68481383
4.31264739
9.61057069
1.70739777
7.84497008
0.63842836
2.40386277
2.55298537
6.98124114
0.80098543
2.57812500
0.02168274
6.53027344
1.14025848
4.87154144
3.60156250
2.08593750
0.45674652
3.92187500
8.07063719
1.79903230
3.28755707
6.62845856
1.41548676
1.61914062
8.89680408
8.20553080
2.40983156
2.78861481
1.05513519
5.40299313
2.31359915
1.27055463
13.22432403
7.55301972
18.46594083
5.26497562
3.36673981
9.71529144
2.21174175
3.16964649
9.08158356
3.75663176
6.25704011
13.56250000
6.79687500
4.16316711
12.32031250
5.60253657
11.35749557
2.60381094
7.36673233
2.56197861
9.37845856
0.56831879
2.33789062
13.47733489
8.09554078
12.09118683
4.91662567
8.00329621
2.00248199
14.10937500
4.56167332
1.44809230
7.45747894
5.34720856
3.16691101
8.54150266
5.77490359
9.74129211
0.00252808
14.83715758
18.03560394
6.46439606
4.83079933
13.16618794
4.35661015
6.44185394
2.40865082
16.98546211
4.07223625
7.61808289
0.70507812
1.69388824
3.09195922
5.02478058
4.21964539
1.01713043
10.39944593
4.22946032
7.42789672
7.82287567
11.84733156
7.34720856
7.03470856
7.65323914
1.78365529
2.50734042
7.43794769
2.22310394
8.76639739
4.80000886
3.87779921
1.35417497
9.40295379
7.60172485
3.12813386
2.97025543
3.27359985
0.09855195
10.95865470
6.54390846
7.53084165
6.92557956
12.57889739
1.60575410
6.53906250
1.72985871
3.98488642
2.33302526
4.44559287
3.47432901
25.58214429
5.30913009
3.09895999
9.52945922
14.42533356
7.54150266
8.51932956
0.84517426
6.94787567
6.14143548
4.42733100
0.53519684
4.27096215
6.17801972
0.69364722
6.56917110
1.97920933
3.34765625
4.09419769
7.13281250
9.06043330
6.50072361
6.45703125
0.41023805
3.27734375
13.46594083
4.67468417
1.52107602
0.11031222
14.04694371
16.69467309
7.52433289
3.42981050
4.48046875
8.04521179
6.66324828
2.27840180
1.69193512
6.16149933
0.74898285
1.38431793
5.25931295
5.02193705
6.12455231
7.41739805
12.78137300
2.78454621
1.44828153
10.39074800
2.73331726
0.80806488
15.06005859
4.53710938
8.44954344
1.64571199
0.92431641
5.89180462
5.35774158
3.19328568
0.97123199
16.74812057
5.34908798
15.42284409
1.88574966
6.05167664
12.85143950
1.11535738
0.17785645
1.78055816
1.45365387
1.83707641
13.16381649
4.38183843
0.91918447
2.87891123
4.48392731
3.67427582
0.61092102
2.75480164
1.06049850
0.44133255
10.57377106
1.72408051
7.85733821
13.35973405
15.38391954
2.07283632
0.22953184
2.91373781
8.38574219
2.07552000
1.11979250
2.36958832
5.28169769
0.66650391
4.46297180
1.54003906
2.92069426
15.17981050
1.38671875
6.22818595
6.10437417
1.95312500
7.34240692
3.44515015
5.37466534
14.31543218
12.02895734
8.54263908
1.95239694
12.76367188
0.78910309
0.04581726
2.83548326
5.25867353
11.30277372
16.42724734
6.56640625
0.61857117
8.16752106
4.27542498
6.33590314
5.59720856
12.09285461
1.23181183
7.26264850
4.21436170
3.86824524
8.98216091
1.66822971
6.07678192
2.88895722
0.92333984
11.53906250
3.05244903
3.95642121
2.90714539
6.03580563
0.28434390
4.15657469
5.85514406
3.27709774
5.35270390
2.14842815
4.98125110
8.15970856
9.90535461
5.59509308
4.34977172
3.21858765
5.17142731
8.65266844
0.78670351
5.27249779
20.80908577
7.37109375
5.74609375
3.42382812
14.41068512
11.74654144
11.40237811
6.45309064
7.96439606
8.28666168
17.60070147
1.34204787
3.63955854
4.54016705
3.32564550
5.10937500
3.60709220
7.56824135
9.19185394
7.52343750
2.80191767
1.78792608
0.26322418
2.97277676
6.05704898
4.75520501
5.45394171
4.44531250
4.65112367
16.31449247
7.56697695
2.28995789
10.24218750
18.76028702
1.89400986
6.73498504
3.56970246
11.70210661
1.09236757
13.88243352
4.35584773
12.18713099
12.84066046
2.68404144
4.56257868
6.44087987
10.13627106
0.36519379
12.35156250
2.12935394
1.71011830
1.84163951
9.35457336
17.59138852
5.13548870
8.40593528
8.05468750
4.53560394
2.51562500
1.57474762
2.36863303
1.18723459
12.73950133
5.82344636
5.01037567
15.21529144
3.51529283
8.57414007
4.26733710
2.80871675
7.64318817
7.33715758
5.11686281
1.85786957
2.10546875
8.97220856
16.37022275
5.05677858
2.63789949
9.58068817
7.64754211
2.54801142
6.04703236
0.61272052
8.97989805
7.29699800
10.46214761
6.87724844
0.69331879
5.78771942
1.54378297
9.50781250
1.47265625
4.68180297
18.33683289
3.60697418
4.46785461
2.80708832
4.98917664
1.40820312
2.55708832
11.77973959
12.66121897
2.83292664
8.44441711
2.36027039
8.90677638
1.83886968
0.40303559
7.78694205
5.92749335
2.98042941
8.35156250
7.50154477
6.09086214
11.74743683
3.86088043
5.01997894
8.12796654
3.67627327
4.55859375
11.16650266
3.52775210
9.08504211
2.13691078
17.54428246
3.64949524
13.50826019
3.23555512
1.24483184
5.44319703
1.83451324
8.02689606
2.45267731
0.56005859
1.43981965
0.86983184
0.67362519
3.13671875
10.62010473
9.38172539
5.91072695
17.57096188
19.67716368
0.57711034
0.98042816
10.06612090
1.37341340
2.47851562
5.26505430
12.55826906
0.83186890
6.89965758
3.17846742
1.15234001
3.08447639
4.01127106
6.87654477
25.47891401
7.21831227
2.83833832
5.13281250
8.80033356
8.72566711
0.37829621
6.59907802
5.20678524
2.02661569
0.33548981
12.49369293
11.23046875
7.84375000
2.22460938
4.07076019
11.48872894
10.67626330
0.63916639
0.02012634
1.84819747
4.34306626
17.43827239
7.56954011
9.26871454
4.95349401
4.15669769
9.58593750
8.07287567
0.24768098
5.40347518
10.15031693
2.53409851
15.39285351
7.72343860
19.71651153
3.77469941
1.31311004
10.38460328
2.27310284
15.30323138
7.71223626
2.59859596
14.20312500
1.65970856
0.18440766
2.44331567
6.30505651
4.47049646
1.94206061
7.28214539
0.22924805
2.38069205
17.45719858
11.10502106
13.63146942
12.99743683
1.83203125
11.87064606
8.34375000
9.56673094
11.85949800
16.87650543
4.89575133
2.26289949
14.91957372
12.85266954
9.87850288
9.48616578
2.55904144
7.86078680
1.04591090
2.38227460
10.82967974
0.31624390
2.28442321
5.13244349
5.22001440
13.56774933
5.13281250
9.73131982
5.20272163
2.02864500
3.72064883
4.01152953
5.87561004
3.16467254
4.89721742
8.31827571
3.98295323
1.59810394
11.25401929
2.84318927
2.82092254
5.54477395
2.53469414
10.50951463
4.97652814
3.26591035
9.45312500
2.85502106
0.87398285
6.65625000
7.54544327
0.97648880
2.20267731
14.32031250
5.48887634
5.69382202
5.04386414
2.49430297
10.89587433
6.59529477
12.31966312
20.98713028
1.51127106
13.57364930
2.95507812
13.71952239
8.55289672
4.36164783
7.38638409
9.96046542
0.44873047
2.08005176
4.12427194
8.31876773
2.30167664
2.82543883
5.77221742
5.30638963
1.34550642
5.07039367
5.41841644
1.89941406
1.28019226
2.85351562
2.64982055
3.27237976
3.36177582
10.56314938
17.63216312
6.01171875
1.01757812
11.15523161
1.43265902
8.25345856
0.99763977
10.50524933
4.94921875
6.83548981
5.05122894
11.76874890
0.61459247
15.41704004
4.17524046
1.63175476
2.11568207
7.77734375
6.15970856
6.12027704
7.80941046
0.92724609
0.96236176
24.39318817
8.96112922
14.36455064
5.44440714
11.35084441
8.11539672
1.21255970
1.01485760
6.89318817
7.59163453
0.39550781
4.47231018
2.04101562
12.88386027
7.15312610
0.50451754
9.12500000
5.50000000
0.94693408
0.45610150
6.90445922
10.10034149
7.23795656
0.14424621
2.42626953
4.83593750
7.80558289
1.32617188
6.84676086
1.65945756
1.55839705
11.55122894
4.09855164
5.43404144
6.74609375
6.00890958
10.90425753
1.57226562
9.90714539
10.36193817
2.08142121
12.92095967
7.34408341
6.45191489
3.02429355
5.02779144
5.98681516
19.57914339
5.12154144
0.57666016
5.25020169
9.09825015
4.23010223
1.53259308
7.33337433
2.62544769
1.31986481
1.69673676
11.51472961
10.13448028
3.10746122
16.35783023
1.77274629
2.33548981
9.50000000
5.05167664
0.92626953
8.10774158
1.27808178
9.40625000
6.91584082
3.41130762
8.85591644
0.33540863
8.27494293
9.95031084
3.17078291
16.11437833
6.72937167
1.95800781
2.74458832
13.36616911
6.03137300
3.73087212
2.99787207
4.94695589
1.06693512
9.83744293
3.00044769
9.16573028
4.80257203
0.08030213
2.96723460
10.04989583
5.44608489
4.43314606
2.06901125
3.17232269
13.87308622
18.12601839
10.19966644
0.91699219
8.54252106
4.86644947
8.12227947
4.95267731
10.08593750
0.38037109
4.36417664
2.78400987
8.19796431
2.69851258
1.85369292
2.52058899
6.07120789
8.74910461
2.50870789
8.20222961
6.84073914
7.00345856
0.89826828
0.02731323
-0.00908386
5.79832863
4.10446032
14.02112034
9.80981383
11.54174867
4.60591644
11.40384918
15.93404144
8.44531250
9.94441711
10.95312500
3.07165558
10.01472961
0.19331879
0.71626801
11.72227727
7.73430629
5.16060394
5.72656250
2.32421875
6.69888409
5.68002216
0.23242188
1.48685699
6.36718750
3.99340758
9.04601397
5.03255873
2.95926972
2.61763519
0.24609282
9.52176972
13.27433289
8.08504211
0.35119660
4.44112090
4.39241578
2.34871399
4.94576019
2.22371399
1.85380097
6.57678192
6.41271942
8.58081117
12.35156250
0.80020619
0.59021526
2.03365082
12.80032732
3.43311170
17.36193817
5.64587433
0.91060394
6.93225067
7.08280364
3.16178468
3.16691101
5.98347961
2.64623837
0.71411320
1.88093410
1.76092198
1.99759918
18.23213653
6.04564495
9.35112477
8.51383422
3.18192597
8.98002106
6.26704677
5.49970717
3.61719747
15.56339539
2.39933289
1.01855469
12.03271484
4.01277649
3.97745789
1.62186614
5.30000886
7.39888519
4.51562500
2.15104125
1.57902039
9.21748560
4.33699773
7.58544548
2.23800088
12.16451019
0.86625152
0.18562836
5.38817861
3.12020334
3.32120789
4.81461547
9.11629211
5.40547761
12.79418883
8.12117243
2.14429022
8.70300293
2.68448914
5.14408356
32.76924590
2.22835328
11.26959425
0.05635528
12.05021055
3.56954011
0.86275301
2.41288176
5.62768617
3.06054688
7.07120789
0.17744934
2.83247894
4.39107269
1.21703541
2.52958721
8.10591644
17.55456450
3.07720280
2.42110261
2.97468806
0.89294714
5.21529144
3.02539062
0.15881348
0.68025695
12.36718750
5.86393063
1.48648050
2.60498421
3.81617021
7.49397828
0.65917969
2.04687500
10.47566711
4.67309508
1.43868074
1.58105469
2.83931239
0.05664312
3.40266346
3.10726451
3.36718750
7.11808289
2.32511414
3.55012689
1.34269476
3.60184785
2.51607269
16.74173981
4.03951019
2.43585910
0.00847683
0.53808594
2.48707290
4.79773603
7.95670656
1.64233461
1.27591949
6.44262633
6.66719636
19.64365164
4.63733377
4.36885528
3.32165558
11.11014739
5.61100343
6.83984375
1.87630125
3.17004488
9.70568817
16.59810394
3.53311946
5.27291112
1.43164062
6.96383010
4.07902039
0.02357483
0.02661133
1.77832031
2.07689277
7.66208000
8.37589539
6.57128657
6.25034971
4.45752327
4.46126219
2.81563386
4.40144836
14.61975067
6.79520722
3.90189606
9.92968750
2.28710938
0.35762543
8.11718750
15.76794216
33.71614812
3.02661071
2.18973847
5.46919769
0.02893066
0.60058594
12.12756317
5.57165558
8.76908356
7.53169769
11.94877106
4.97220856
1.70914672
2.98315492
2.61673981
6.33984375
15.89575133
4.06774933
0.95105012
3.46442792
3.97677415
9.60514406
1.03336422
1.72457003
4.67598294
0.53047886
5.47656250
9.13191711
5.32165558
22.11673981
8.58638519
1.56152344
4.60937500
18.55488919
3.56526859
5.08939606
2.97310394
2.20943207
0.75703887
5.60953236
1.97083111
6.34231827
12.65723404
2.95552582
5.43464650
2.75480662
0.05531799
1.81538910
3.11132812
9.87398161
6.95459109
1.63334137
14.23987792
6.23303192
7.14062500
0.74332765
1.87650543
6.66796875
6.35111481
1.46540822
10.04671764
1.26660156
7.53091036
13.09726285
7.28035461
2.34643617
2.23632812
2.03755707
5.76953125
3.18705231
0.23771180
17.70825133
13.33772828
3.34495762
0.98308621
5.52734375
3.13431793
5.04687500
5.57018950
0.08345644
17.50948028
2.61706450
1.73167886
2.13111535
2.04191101
8.73346466
6.50167774
4.20540780
5.42033023
2.01607269
5.03080231
7.56416778
8.49475067
6.79243739
5.02124335
11.53214539
0.15665649
1.44132508
0.14823426
1.65730774
0.00886048
2.52882188
5.96358931
4.62544769
18.84452239
13.28995789
2.87679078
3.10005707
8.31070922
10.15563996
2.54101562
14.40625000
3.93631926
12.98681516
5.07100620
5.48482269
0.17875152
8.01500001
2.56601285
2.76123171
3.15039062
0.12500000
4.21484375
5.10546875
6.82405142
0.84977670
3.93164062
2.63940367
2.09012910
7.53560394
2.50150543
8.47041778
2.94169160
13.20689828
7.40158133
5.12967864
5.82690492
3.54475953
8.32722961
2.43986978
4.87033133
6.62544769
0.34082031
1.57771665
1.80607242
5.78125000
5.85502106
16.93570922
10.10636414
7.05948914
5.11372894
3.89603668
10.59977172
7.98181183
0.29756684
6.56034021
2.73893561
6.26127106
5.98124114
0.53873781
1.31835938
16.05211333
9.15458222
2.77103668
11.73091644
24.05352555
2.06035017
5.52221742
11.89949524
3.89648438
1.89737976
14.69709861
8.27523440
5.79396276
14.61987367
13.19877106
8.06250000
1.51916473
1.84411652
4.14107269
0.26879883
9.00345856
8.11372894
0.59472656
14.86379766
3.65303933
3.07170988
4.29540891
2.86612976
2.44091921
9.26562500
1.10742188
8.17879211
6.18750000
6.54386414
0.18652344
3.16902649
3.49460523
2.00877215
5.13045102
3.91735871
3.02880984
2.04296875
13.61580009
1.41447335
1.26447986
4.70475842
3.73288633
5.31652925
1.31054688
4.54307929
5.25672539
20.60741689
11.99511968
4.73295323
10.70763631
8.15173869
8.40625000
3.83548981
5.00691711
3.19470246
5.15490692
4.10725953
1.53746312
0.70712488
12.79166002
15.79492188
6.27954787
1.06941711
2.72941101
5.76171875
5.29296875
19.77152372
7.10803192
2.08243960
1.09863281
2.38716644
12.63179411
2.29443484
0.08398438
0.09448242
2.26447558
8.21969968
6.81294769
4.32909907
13.27892942
9.72436835
8.34073914
2.08142121
2.70389739
5.77221742
7.38671875
0.16923035
3.72416168
12.82763298
3.66109596
3.40970856
7.59151153
4.24877992
2.77783079
3.59867464
3.60111481
3.63451962
3.55761719
12.03584995
3.24023438
10.21785461
13.55047696
3.32160628
6.50949024
4.31819703
4.51696808
0.74947113
12.19173094
3.02619487
3.66932180
5.17968750
4.03515625
10.13537567
3.15608765
4.45312500
1.40580231
5.46484375
15.10667886
3.17176196
3.80749667
12.04687500
8.20312500
5.39351286
0.57719027
2.91421986
3.72449135
0.64937472
1.49511719
12.69595461
2.00965757
13.47721188
5.65169437
8.58504211
2.93253601
9.93546321
2.89612034
12.97656250
1.43306488
3.96679688
8.65490692
10.42277039
3.07201962
3.67061558
6.42622894
8.60412567
16.72823028
1.48685699
6.24790393
4.60426861
0.72416293
3.55859375
8.55725067
16.09313996
5.03999848
0.42016602
5.88492797
8.65087766
0.37337406
9.20914672
1.77913453
3.73693817
3.93756996
7.49878989
8.20414339
4.61930297
0.55354859
1.05326324
22.32857269
14.88032906
18.71281070
3.96679688
4.99116911
5.33862367
7.35860261
0.67048697
4.15206338
3.56399048
5.33009308
2.06111508
1.45300449
11.30268133
8.34278590
2.02103668
1.60510223
1.40563996
7.93013519
0.02989303
17.84375000
13.16137633
3.90006593
4.35111481
4.81054688
3.05814606
7.47957336
5.89933289
3.29915282
0.17464297
6.98258422
0.21370484
0.60156250
16.72281361
1.89729859
0.57279948
5.94486481
1.91137135
2.36882092
1.44726562
14.48135417
8.12366688
2.95259551
9.08683289
5.69319703
1.61328125
8.05411680
5.07478945
6.04296875
5.63191711
3.56746399
2.25081173
9.40587849
2.62089705
6.22713320
2.39453125
2.59179688
6.09447806
2.65507424
3.67443817
9.07556183
1.38671875
10.96293121
3.45818271
1.31151151
4.71484375
0.53312133
8.65290947
5.09692819
8.21875000
10.78356716
13.80830342
3.51660904
0.26139344
3.67968750
3.80078125
0.18802887
1.89648438
8.75211298
2.56726230
7.74328208
5.80843639
9.02154541
2.19217864
1.65991273
2.24023438
9.57499414
6.89925421
1.24462891
11.80277372
6.98331228
0.68994764
2.49836160
0.75562583
3.16404505
3.59685948
1.59317930
3.40006593
5.85977837
3.08911569
4.14158972
2.03752770
3.06579621
3.62455231
2.46931572
2.84017342
0.88818359
5.85066711
2.25284851
11.65356383
5.17065492
3.64005430
3.68025820
8.67879211
2.37589539
1.82918274
3.63443595
1.45548897
4.41194703
3.00390625
21.93119293
1.92053192
1.50427277
1.46484375
3.39216977
4.60579344
6.42000554
5.64798981
5.39107269
5.88236481
6.80948914
9.95133422
0.29182984
5.53576629
16.53259308
2.60156250
3.92488586
0.00634278
2.26293883
4.39199746
1.52084496
4.14062500
2.01863586
1.01993587
4.39114639
2.40581227
8.53010860
1.92407413
3.12679078
1.31152344
1.18177286
2.42668661
4.19140625
4.08548981
14.69250333
0.03963382
6.47420102
0.44327945
3.47733551
9.75244016
1.93998199
1.21773410
5.00826019
9.04882812
15.56537789
7.95370567
7.44136566
2.69335938
15.27465509
8.38753546
2.39306516
0.43302554
3.72460938
7.59631317
9.42496454
3.15360815
1.91886414
5.03426086
4.89070368
1.39330619
5.67497451
11.59883325
2.93380042
4.82031250
5.55387079
4.84997341
0.76021830
4.26963432
2.50335549
11.07108489
2.93086824
6.05390265
3.77011192
1.68530336
3.26607269
7.87455231
4.98900931
1.82214760
9.39241578
7.14453125
3.91963653
2.45100953
5.42280475
3.92517619
0.74861757
1.58203125
4.98062611
2.45508311
2.42366578
10.22912567
3.36462433
2.59707371
4.09412898
5.43794769
2.11238586
0.19360352
1.85685242
3.91015625
6.20479278
4.65401153
2.32043550
9.27689606
0.82999695
0.21244262
6.79475953
0.25463743
1.77649019
1.82401457
2.22082613
9.22310394
0.16943359
4.20222961
0.09667969
4.75480164
1.63964844
5.21785461
16.59016844
8.76394726
17.06856604
2.59257674
1.01110871
14.26014407
10.81325921
6.10136081
11.78637633
10.48095579
7.68570922
11.25024601
1.13557984
19.12847297
15.16482047
1.79679383
11.38940492
2.97806793
6.70747894
4.67578125
8.31880707
3.64062500
1.54394531
0.50764953
1.87491883
0.88061461
8.37679078
1.33032164
1.69352172
10.25883089
4.77722075
7.81652925
5.71350067
3.72964706
8.04467587
12.01172872
1.55859375
1.74308289
3.43509918
5.50345856
11.42586242
5.03605164
15.77600067
14.07059785
1.82474762
3.44531250
6.01480829
5.41426419
1.84284713
2.25399988
7.16105164
5.11891662
4.61718750
2.53019226
3.96479444
6.20903368
3.80183899
5.66128768
4.70841866
6.08040780
3.52148438
1.58886719
2.13727450
2.38180906
6.79732269
0.91068512
8.60156250
10.33939606
3.85244294
4.16993683
4.69486481
15.17834442
6.91540558
9.25939661
12.10628546
2.38777649
1.34171570
9.60761858
0.93587904
2.57661957
0.06376098
0.44881226
2.62996399
5.42496454
4.13017065
2.11523438
9.30635528
4.04939384
0.84294077
2.65625000
3.04296875
0.74121094
3.53637633
2.34678992
2.23226950
11.17301640
2.71093750
1.34720856
9.54292443
10.37988032
0.50830701
3.04687500
0.15668638
3.04581726
1.76668274
2.75402925
3.86328125
18.53404671
16.60560172
5.93013519
3.60306793
9.66841644
2.05379211
3.03755707
4.40279144
3.46289062
9.70222961
3.64428524
0.33219609
2.62890625
20.68537456
1.96756677
10.72425033
5.11222850
3.75585938
2.82946808
12.51953125
3.20072418
2.88956726
5.39798981
1.47070312
6.32466644
1.85697418
1.42923981
0.71093750
0.27897156
2.63723640
3.34990469
6.96362367
6.67187500
1.96704039
1.95475343
0.55859375
2.85074579
1.18884558
11.47220856
6.46875000
0.89888519
5.23144282
2.10404698
1.08886719
9.47477172
1.39917054
2.90820312
13.28112700
4.73795656
17.36783688
3.63476562
3.33958528
4.93222628
8.30635528
1.88212129
9.40189606
0.27091492
3.85111481
0.38671875
2.33646637
2.51997894
0.97513824
7.38716644
7.18680630
6.69645390
0.77636719
4.87577239
7.50704011
3.12141844
0.63350496
11.63411126
4.44258948
0.64493836
4.78035461
15.65451967
5.22054078
0.60013824
5.61949406
3.21522273
11.23335536
3.83060948
9.02896720
2.93001717
4.10362866
14.31193927
0.02507538
8.12062612
5.50066683
6.20976174
13.83626219
19.11987367
7.24698914
1.63183594
18.88569039
10.15316046
2.15886247
2.89237395
6.53413786
2.44360538
7.51908356
2.96093750
12.71350067
8.56880707
12.40083334
4.91813608
8.35733821
6.10122784
0.87029199
4.08461382
7.60785017
0.83243836
1.16406250
0.00685120
0.04043579
2.06066863
8.41931183
7.00390625
6.56640625
0.71923828
12.95222961
6.87980164
8.40625000
0.03973389
2.65535461
3.21279512
8.81869902
9.33247894
6.85937500
6.21875000
2.95357269
4.11584442
5.58728058
2.16406250
8.05956782
1.37890874
1.07031250
4.58503214
0.91647329
3.98437500
5.41451019
7.59553081
4.52511524
1.04838043
5.68391844
7.82869570
1.04349762
6.00736481
3.42456055
6.24828790
0.90202155
2.56273293
4.00269614
11.85758422
6.92545656
6.07608821
9.46386968
14.88883422
0.86999543
8.13716644
2.67338043
4.50435394
3.77929688
9.19506649
0.34448429
3.41601562
16.42879211
0.24043793
1.81347656
15.86824025
4.48332225
9.07108489
5.30155364
11.37691378
6.56640625
7.30842642
2.16707834
6.56640625
1.24218750
12.75108711
2.04489250
4.46484375
10.53995789
5.29345080
2.65922650
4.00638824
3.42427582
5.86718750
8.28951019
1.57332336
0.15836609
0.23470031
7.38761414
0.03027344
0.58943664
8.25512633
13.48233821
1.40067847
2.89954589
2.53803445
4.70276595
1.74206948
2.76757812
13.25821587
2.88045600
5.95747894
1.64411666
0.84375748
1.37231383
2.49487367
4.19185394
9.84720856
5.18705231
10.01256982
5.80383643
2.16060394
9.10937500
1.88618988
17.56163398
9.89299645
2.50527528
3.05205562
9.10437167
5.77689606
2.77644836
3.45642121
1.10351562
14.56534353
5.31010416
3.60156250
8.35489805
9.53829011
2.95290836
0.44198941
9.53035461
8.43448914
0.20532227
2.89904754
5.64542664
13.01472961
2.88306671
3.75524933
14.01908356
15.73502064
0.06762633
1.62821504
2.44380707
6.73258422
1.99202515
3.95959442
11.22998047
18.73758755
4.19344304
7.02811614
17.75020418
12.24144947
3.79625250
18.77923315
5.91227172
9.05257203
10.05904144
2.98323360
3.80499474
3.17714427
0.73970551
8.13128662
3.02539062
0.78173828
6.56026153
11.73042443
18.10053663
14.77491356
7.08935173
3.70117686
5.79854278
4.74877992
7.04296875
5.64933289
5.55379211
16.08683289
4.75781250
11.98640930
1.44062842
5.12930962
9.08820036
2.94655252
3.91015625
4.65234375
3.60156250
3.71146637
8.14664672
7.63024933
1.85396332
6.21484375
9.22912567
7.01041002
14.61593306
19.45703125
5.64786680
6.81351839
4.88102172
5.00569703
3.07617188
0.65527344
0.02514648
3.64514160
6.63281250
4.40657469
0.47965578
21.63528702
1.04643478
8.58593750
1.70597351
0.13195801
0.55525384
3.13800505
4.59319924
0.32714844
2.20990072
0.77557291
12.43058289
0.79833984
0.35526520
5.37051308
2.95415336
4.63671875
14.77526264
2.89323498
4.48437500
6.94140625
5.07031250
6.63841839
6.43091755
4.22163910
4.95222961
5.83292664
5.28470856
7.45959442
8.43147828
0.00895691
0.52473751
-0.10489712
1.93404144
15.04252106
2.70418274
6.76672208
5.70459109
9.60770722
6.62335910
4.94268062
5.11897828
4.18359375
13.77164672
1.02425172
2.52408688
0.08675296
3.70267731
23.92475289
6.24577903
1.89811032
1.15446171
12.42187500
0.35327148
1.11621094
9.31790670
6.85396830
0.36307770
8.20898438
8.98131982
3.55037788
0.01006317
0.81005859
15.05191517
8.78365580
13.62991468
6.62598404
1.92073734
18.61718750
13.42187500
0.14542633
1.00976562
3.44405121
4.36629211
15.59083920
2.25476230
1.94824219
10.43904477
7.00626773
8.32031250
12.33056641
21.08398438
2.84061614
7.83235594
6.13606937
9.19531250
0.09967041
1.03515625
7.22656250
0.03112274
15.21446975
3.02059397
8.04378546
9.39843750
7.45043883
12.43281140
0.68014516
7.34871399
12.39664672
5.28002992
1.12304688
6.44832336
3.97115082
1.58052582
1.39680907
17.42891511
8.92187500
13.33312833
2.00280917
8.71093750
4.76082336
6.61062694
7.05945478
11.04956366
3.51883755
8.57926640
4.73828125
0.77396637
5.49629544
1.77225925
4.11718750
8.71405029
14.43802638
7.87101507
0.18741852
0.68599457
14.45983046
6.01749446
3.41285239
10.92783600
5.35786459
1.70943705
0.42553711
10.02106605
6.92020722
16.22631649
4.64401484
9.48164451
13.27572030
4.64350787
3.45956006
7.11027039
0.83003754
6.10982269
2.36328125
1.35074828
3.64152039
0.76359070
0.24032406
0.41919132
2.73242188
3.80619293
11.09810394
2.55769836
0.90958680
8.72363032
5.56933843
3.43684065
2.81226396
13.67277039
6.16406250
9.10937500
0.83414672
6.64978058
3.74507536
1.00350039
6.11417664
9.29943817
13.75436069
16.32626551
6.09265292
2.84647551
6.24385528
1.03226839
1.04121856
6.85424867
21.32710661
4.25101839
8.30969083
2.93054355
4.22969138
8.63163674
5.55468750
2.72776638
6.62721409
6.64700078
17.21343195
4.33247894
1.36555657
9.78776374
6.40820312
3.49190215
0.39799043
1.69868988
16.98453735
0.23010192
5.37166445
11.86299590
10.57645722
5.19193263
14.18238809
13.31260859
2.08020113
7.56685394
4.65625000
8.10475760
12.12566932
11.18448571
3.65116799
0.77160613
3.99495484
0.63720703
7.96785461
0.52205383
4.81038453
6.46484375
4.63337323
3.99117907
3.42321310
2.09428534
2.17578125
7.12328790
2.56049507
22.06848736
10.43531083
7.51171875
2.41576962
1.78975620
2.80273438
22.70255430
17.38528702
3.51807513
5.77929688
9.47134752
4.16492353
2.71413571
5.12888186
7.07377106
4.22468307
7.29964982
9.15535461
0.85966004
11.61616911
11.88728945
8.02689606
5.38281250
0.06819672
2.27274130
6.43766733
1.12259918
9.61193817
10.43990082
7.12198914
10.04597961
6.25134308
8.89229278
5.25915558
3.81534851
9.04418883
5.19384828
9.08413675
21.90445922
4.05827903
2.26171875
12.65881317
6.69131760
4.52698470
1.32828735
2.66764406
10.88191711
0.80314148
1.19726562
11.91616800
2.31385305
2.11568207
3.09106383
3.69213929
2.65429688
4.49490304
4.17501883
12.85502106
2.73002106
1.83976258
8.15189606
4.19140625
8.56294769
10.00552970
0.87789284
4.04777039
8.55468750
21.11629211
1.86560090
2.55574524
1.92923981
3.17036957
11.03131871
0.14340480
18.14396055
6.12121675
10.76517731
6.98917664
0.43782531
3.47701019
9.74564606
0.01487244
1.78591929
13.41427415
1.69608738
3.37056488
15.67968750
12.40881317
4.32946808
12.51504433
1.71347129
9.39664672
2.03649933
1.39453125
14.95943207
4.72656250
8.18660461
8.30904144
2.26216644
10.61629211
10.31294769
8.23437500
21.76226253
19.07101368
11.51570617
16.90588099
13.71386968
2.84695008
14.61546543
1.10964095
3.07373670
1.07625305
3.05362976
5.34431073
0.47164782
3.25328126
19.96367796
1.72587129
14.18314606
9.74450466
7.84826504
6.09289893
3.47497341
0.94584386
3.80362976
6.49932861
5.26338653
2.72374585
9.17310505
14.30533688
10.38988697
8.28915115
4.94868988
13.71529144
0.46240234
1.92773438
1.12825438
0.18058351
15.24844328
14.20962432
6.70068484
8.04137966
10.54801640
4.55643396
0.60514655
0.81205231
12.72017426
1.90873199
2.62845856
0.32975281
0.74173981
3.97115082
0.10278320
2.10892731
8.90742576
16.67218972
2.60743683
6.77197141
1.62300753
7.03446255
3.88786015
2.81445312
0.23437500
1.47753906
4.23615207
2.58586879
3.13309785
5.99129211
10.67846244
4.71545877
5.75410794
4.98571808
5.38908023
8.33927305
2.38924257
1.84179688
5.27742243
4.81632757
2.92968750
7.49519836
6.48241689
5.19035350
6.30078125
5.34061614
14.17020722
3.08047277
6.75175642
10.48315990
13.86706450
6.64420656
6.40323914
0.32006836
1.87259918
4.33621787
1.64079233
6.40144836
4.06685394
13.58239030
6.14432209
3.80551418
2.95267731
3.29581726
7.03914118
2.84322362
5.47310394
5.23242188
1.19584137
13.35668883
3.55000886
4.38281250
2.00166778
10.55912324
20.97817598
3.98654476
14.60489961
1.16829344
2.56742464
8.49654144
8.20222961
2.04019144
6.43706227
0.58040406
9.54767177
6.37119237
8.89497894
7.36124446
1.83573581
11.34631317
8.94108156
9.96289062
3.60892731
12.84065766
15.79662899
2.52714206
3.58398438
8.20747894
0.27075195
0.00621414
2.56337919
13.70765624
3.26513796
5.80423981
6.57511414
0.01426697
1.59243629
2.09896996
0.90730774
10.24820922
0.55204316
3.91853197
7.10498670
1.96618683
9.12988281
10.22656250
0.03323364
4.19082558
0.50546348
2.73758941
7.00390625
11.50052638
5.81978612
6.12577239
6.48750886
3.55033356
10.32120789
17.63865692
5.12306183
1.24218750
2.90580231
13.05150931
4.80050088
0.88916016
4.73548898
3.69863363
7.80122894
1.15926086
8.08748227
0.69612796
0.46411133
7.02298981
2.01757812
12.88525266
3.43838417
20.88530695
9.08939606
2.70454926
11.28637633
3.15409394
3.20312500
5.65921654
0.71134835
3.24584026
10.53984485
6.51997894
3.92879211
7.39933289
0.01061249
0.16894531
5.49816895
4.24475067
11.77087433
1.27539062
10.31648493
3.49210882
0.78309496
1.36084607
3.96425810
15.42988556
12.51224513
3.69580452
4.09541778
1.37524476
8.51204344
2.54760804
5.03906250
17.47647884
9.18652593
0.84375000
19.03125000
1.08158356
0.80643645
0.23209718
3.51953125
0.03699218
10.86216143
15.22222849
5.57658023
3.45943207
8.01249114
10.50581007
0.54818622
4.16137633
2.32344636
6.93835107
7.53475288
3.84923538
18.12928025
19.86299590
6.77005763
3.99638159
2.35262055
2.16502785
3.30917442
3.32110927
8.64900004
20.82675753
9.51896055
12.78226839
10.85550934
7.86315825
0.17342226
1.77494293
2.52419742
10.21355496
2.75844443
0.98862588
2.08024047
3.01411957
2.48392731
2.35921265
20.68225067
1.91345246
8.58593750
11.90336090
18.62385860
2.42256870
3.31986481
7.22040781
3.19019614
2.36027039
7.12500000
0.08337402
4.36083611
17.56600288
5.43838044
0.38140320
8.82466644
11.45064052
9.93162069
1.15875442
2.32058059
3.21756926
4.07107990
3.82117353
7.08939606
8.50023604
3.61304521
18.17197807
15.58514073
16.03629765
13.19531250
4.16113281
9.20556516
5.44722628
4.68359375
3.68314606
11.83007812
9.64485594
18.19456056
15.92146166
16.46583224
2.39350841
18.50773133
7.13281250
0.25317383
3.73196172
3.76466090
7.05725067
4.49353058
0.85009766
4.87455231
4.39542166
4.69547983
2.00284851
2.14347351
1.40977820
0.26498559
14.98091644
3.46830231
4.76975981
2.23528534
1.98856660
9.56123560
1.80249335
9.39062500
0.93896484
4.55468750
5.48380430
0.60315035
7.92187500
3.10502106
10.28010860
7.57486315
5.39986923
5.61820589
8.56339539
2.14843750
8.29508422
4.00960328
1.45214844
1.95539534
0.15218639
3.41443151
15.23872894
0.69344055
0.48335785
26.72333500
18.21265957
3.57499114
1.80790254
13.79341644
9.74055408
6.54895611
9.46093750
11.47656250
0.06031280
2.43164062
7.81640625
16.71980774
13.93404144
0.49898285
11.28125000
5.31685394
1.18029754
3.72806793
0.71374543
4.88959664
3.12602836
12.06034021
7.56901374
4.64697141
1.04834109
2.29838043
5.24604943
0.40482948
3.28275543
3.49698914
0.01022339
6.74189218
19.74744680
5.49910461
22.03995789
6.47656250
17.00870789
0.17480469
11.55468750
12.74820922
0.64046265
4.48392731
6.27901153
3.89469360
2.40441988
5.23437500
3.50601674
12.91922319
4.21387965
5.45312500
0.04397583
9.69531250
0.56298828
22.56831007
14.82450908
3.50792678
17.28349844
1.57653840
5.48482269
4.79687500
9.40970856
13.80969083
4.78361148
12.47477172
10.28971188
4.20459109
3.96932070
15.49910461
4.21255098
2.10234984
20.56327239
18.64827515
2.29671265
5.75395128
5.80244458
10.07161126
2.02047096
15.43990082
7.16406250
0.17968750
11.25781250
0.12335205
2.76388550
1.88183594
2.23771055
5.42146914
11.14785683
2.81168703
5.30323138
12.39599734
4.75231716
8.48685948
8.87320922
5.66194703
6.39062500
10.61425781
0.98148590
6.66137633
1.60762605
4.87845856
3.46529144
1.73021526
3.26685505
2.57812500
1.73042214
13.50749778
1.83878601
1.87259918
17.22212738
2.38102203
15.31595856
10.49308289
6.73395169
2.30030917
6.02042664
3.09220025
0.54158882
2.25736481
4.54966735
9.18255097
1.81632508
7.50789118
4.38664007
10.74910461
5.38667443
4.73262854
6.72249390
14.11657684
6.37308622
3.27758976
17.06054688
5.47656250
8.13191711
4.56738032
2.12296819
1.86969762
2.57805629
10.39843750
1.82714844
1.13183594
6.13060838
13.04081892
0.41113281
8.94429411
12.52524945
1.36418661
3.63191711
13.39065936
6.91312528
15.17184064
7.91597628
0.51460785
15.37064606
4.40323914
1.25349790
2.33589816
21.87597656
6.57812500
5.60892731
10.57531583
21.40710605
10.01037567
2.00809785
4.82332336
5.91860816
7.94954344
8.08932734
6.13716644
1.22598682
1.98934397
5.28182070
2.65974790
2.96179355
7.08007812
0.78560394
1.69042969
4.86189633
5.21720523
14.96007647
20.13443097
2.25225343
0.35542816
1.74458832
7.59741024
16.15413867
1.37088762
9.32828236
2.78996287
3.13521332
16.47297668
15.14280945
2.79121731
1.28584995
0.37890625
8.64870790
4.09738585
0.43750000
10.11104278
8.56232769
6.22555407
2.99515902
10.13448028
0.26224824
8.62935394
2.75797485
4.77705563
4.55379211
6.14314384
12.55570589
12.12235815
16.38490803
6.28679715
17.73055740
2.20853668
3.31835938
11.81571255
1.20817265
0.89750152
13.38822418
13.46093750
4.52831782
8.01164007
3.76127106
13.27900156
4.11898825
10.28515625
8.80904144
9.89746094
17.97851562
14.26639739
1.01831117
3.46576726
22.19434840
5.74662013
5.32096188
5.59993905
3.06339539
1.81686401
15.25256317
2.97369903
2.38701905
2.56331173
7.58707890
5.85546875
15.83868989
7.19499778
0.56844429
6.48828125
7.99609375
13.28857048
16.62064606
6.52136635
8.31160461
1.79679383
0.00929260
20.53050200
1.81084718
11.44518950
6.35168550
8.39497894
5.99430297
9.55558289
1.87687195
0.75732422
2.53035461
6.34464539
4.57421875
0.57967102
2.04067816
16.03480219
10.21093750
0.01275635
4.66528258
4.52958222
14.97594748
12.00459995
2.00578069
18.16406250
8.79321808
3.02451464
9.55310339
7.74810615
16.75434148
9.05449578
3.68282136
3.08096105
1.39372949
11.53214539
1.48535156
17.65000397
3.49107298
4.99893728
10.44500775
7.64798981
3.57482879
0.76062043
10.30712891
2.14603668
1.08736176
3.68794769
2.94531250
4.08984375
0.20951324
9.19591257
30.89046764
2.99316905
14.89896388
3.01660405
6.29341644
12.81611592
0.06433635
4.91917886
3.74878989
0.28755707
13.39170961
11.81364638
5.44080119
10.33003878
2.72888215
7.58939606
4.74609375
1.15128601
10.93887744
18.09557514
9.14328180
9.06640625
6.47452571
14.19677859
5.34643617
0.88273133
3.53409851
2.48898730
5.04142398
10.59782358
7.60892731
6.21138519
8.81416778
1.04280640
7.39399491
6.45410904
6.11824025
4.51457225
5.90144836
4.64609916
11.21775154
3.33878601
8.37589539
0.82975250
9.20747894
0.39526367
7.24039672
0.81453430
9.63003488
9.74712211
5.28515625
11.25919617
12.72777261
16.83370899
9.07914339
6.76953125
1.68945312
3.08504211
3.66255707
14.52972463
0.02254211
12.07364805
5.10201019
5.68989584
2.42546154
14.64127438
21.88020501
1.76803080
4.80859375
16.13735318
2.77731936
2.32259032
2.59041445
1.48339844
13.92818207
5.16451019
2.21289062
8.79336215
0.21009640
6.82466644
7.34195922
5.43929078
1.57972551
6.87630873
1.62470967
3.70197363
1.07415502
2.61673981
4.12935394
5.83357602
6.30704898
14.38797319
3.77429853
4.36836326
2.09017342
7.84509308
3.96484375
3.43839539
0.24438477
2.65284987
3.93398270
5.87878325
3.73840425
9.39229278
1.66284242
6.74807562
4.17213098
11.50512633
8.54341644
1.45776429
0.47973633
9.21158688
6.21430741
2.29842974
15.91304411
14.89778812
1.96634918
6.54252106
0.98982602
1.78938968
1.34916168
4.64716811
6.62012466
2.57751496
6.33816601
4.05726063
4.84810394
0.03628540
0.14506012
10.28872784
3.09038009
14.07167997
19.03012854
3.79809508
2.40458222
8.18750000
13.08593750
7.06640625
3.74393396
4.16186835
1.07316101
1.91796875
2.44486481
16.22310394
3.12695312
11.22912567
9.57800200
2.61670046
5.03125000
2.06054688
8.85066711
3.44708583
3.24228612
6.10358683
9.60279255
8.68237367
7.68013519
3.61478668
2.66841644
3.90474457
0.56835938
0.69775391
15.27254211
3.82572418
8.99864695
1.95582114
8.66406250
1.58105469
11.40242243
9.01164007
9.88191711
1.19816101
1.11091416
3.91601251
17.61214982
2.28584995
8.26216644
4.25829455
1.00334303
2.96801696
10.73689384
10.60909463
5.69006317
4.17907746
9.29162567
2.16149933
8.14456561
1.67033521
3.73776929
12.60451462
11.22835328
5.16194703
5.54528840
5.47960772
11.26302748
11.04206339
3.35592641
1.57767731
9.76899491
17.74240767
10.30090425
5.31345912
2.95456670
2.43229001
4.47134254
11.73595413
16.57261731
0.68473266
12.81429078
2.61774574
3.64795919
4.36519503
13.10982269
20.53283660
5.82556183
3.47636900
2.67581116
1.48262605
4.76908356
3.41601562
0.52628601
5.20287899
3.20063055
20.55112089
13.85066711
4.49796570
11.59606716
4.00984929
0.07387268
1.07950431
9.44389073
8.81774933
6.95548648
6.11027039
9.43750000
3.58744293
16.58939606
5.34419769
2.57963043
1.37490824
3.01351950
2.23392731
4.16540558
11.70735594
2.20084718
4.91796875
11.34992908
17.03634197
18.76375305
16.29882812
13.49157746
7.81640625
6.76953125
2.94832336
0.02048768
8.78470856
2.25063941
4.25585813
16.03252437
6.56660794
12.23026706
6.12455231
8.28951019
5.50736481
2.80139129
1.96468140
3.18900543
3.52779144
0.25585938
1.11328125
9.32812500
1.12695312
9.24441601
2.09933399
14.81346410
8.14657801
2.67277039
2.72656250
0.47167969
2.15039062
3.74836035
2.46363364
9.44722628
9.98693817
5.64632203
8.47875665
4.40405585
2.30664062
9.83146055
12.78047761
8.10681183
8.43996917
1.91662379
11.64136303
7.71875000
4.20818262
0.85111481
15.54597961
10.68802638
7.34847296
5.44295102
-0.01741391
6.12500000
2.00638824
2.22823028
12.03498892
26.96772662
11.17335106
5.48872894
9.29027261
1.92830507
6.78337544
5.22957336
8.26997894
11.74192155
17.72682845
1.73002106
22.16691101
3.30273438
11.57633422
5.76350953
1.06107574
5.34419769
1.95410156
5.23037512
1.09579676
3.53892454
8.93726147
4.40190602
2.07316101
1.05912262
8.94877106
1.71423371
5.25150045
14.44755347
12.13639406
7.76753878
0.71541320
3.52823914
5.38191711
5.54777039
1.00910877
1.99337322
2.97070312
8.05122894
1.46350067
2.07946808
4.80236785
2.83097351
2.69787567
6.46215758
0.63240664
2.37622008
2.40804078
4.40714539
3.23242188
3.99804688
4.86673981
10.00606106
1.45780613
9.77779144
1.72070312
2.27609253
5.05891844
4.67545656
0.03683960
3.79927582
15.99475067
6.41149933
2.79719969
14.13834718
3.80532816
3.77210438
2.45625886
8.21875000
12.17187500
5.85021942
0.86995484
0.54361688
10.07894171
4.61328125
2.47460938
2.24804688
1.31888824
11.54308179
0.96090564
8.51399127
16.14290780
11.76587101
2.95491578
3.64257812
7.45434508
2.10441101
5.64978058
9.49654144
0.59326172
5.42879211
2.06551086
4.30247341
4.74619237
6.22566711
0.07574463
9.29132536
2.76425753
8.19531250
1.88769531
8.24564606
14.56583555
7.43574358
6.90857712
4.11763519
13.26358821
4.99422429
2.38378408
4.63887854
0.81522800
4.25805664
8.96093750
6.88191711
1.23527039
0.92435699
5.89294216
14.77742243
3.83008311
0.19580078
7.13018507
1.32684618
5.37455231
9.28816711
4.77583832
15.21427305
6.43416445
2.69576019
6.28761748
1.62573304
1.53719055
0.03632630
2.10245041
25.38188275
1.75297152
20.14798981
4.08670989
8.37076906
0.56648742
1.95792664
0.73388672
2.09134918
3.91377217
2.75269115
2.04056793
3.40625000
9.86975067
16.16829344
14.85197054
8.71529144
2.01285766
2.66194703
1.59765625
4.95962877
0.72502271
3.17277039
2.92578125
0.44315582
9.39630957
4.99199578
0.56136109
18.72088986
1.93552249
14.28125000
3.36071808
8.24218750
2.07108489
2.31608156
1.51863586
0.19595181
4.18294437
6.46484375
5.87154144
0.79447418
9.84810394
7.28861481
6.42399047
3.98909547
8.46760860
7.57491245
2.38438935
3.10306793
3.84846798
7.93172429
4.85937500
8.96093750
4.42097961
1.34169785
14.10934064
16.56685394
8.34619016
13.30814855
7.25435394
2.53125000
2.61132812
17.20312500
8.41227172
4.58760029
1.79069592
3.16992188
8.66841644
0.49584961
0.00613022
16.83939606
7.85591644
4.09375000
0.06216431
4.58593750
2.89213043
13.27347186
5.54728834
3.49023438
9.25594055
3.00275987
4.86727615
0.50056634
4.80638714
6.43698359
1.99902344
11.64664672
7.91707336
0.31518617
7.12136415
4.48410460
0.67480469
10.30635528
0.30289734
1.98225953
2.45507812
1.88322174
15.36079677
13.46041112
6.27343750
4.00926862
7.75635638
11.87052305
11.61987367
3.36657746
0.76281707
1.81331422
7.53336547
2.89392121
2.04553192
2.77465758
0.30110781
12.77229610
0.04655156
1.12695312
9.48985788
17.96574911
15.84375000
4.75826019
2.92944149
5.71508976
0.19014465
1.16691101
5.76953125
4.86824524
7.37544769
1.90221825
3.04061225
4.40625000
0.84720856
2.82287567
13.57198028
8.15201906
1.95426391
5.42020722
16.65956561
9.69110150
3.47941101
8.98783356
1.90039062
3.35005707
14.31237700
1.69934175
2.93359375
3.55960467
16.58219858
4.69901706
2.70072418
10.12154144
6.78906250
8.67533356
2.55904144
5.20312500
6.61718750
4.20222961
8.36465869
8.13611369
5.62121675
3.49076324
4.08203125
6.06250000
15.15189606
1.74316406
8.33683289
3.55940548
4.19945978
12.09521609
6.08732491
1.65136719
0.66365290
0.28507757
0.69291168
16.09833002
1.57594580
8.65306423
2.61639073
2.66796875
16.03464674
9.73999335
7.06580119
9.05859375
8.58247894
14.39683844
1.96644281
3.71153321
9.85865691
1.35778840
0.74613434
13.35502106
3.69718445
4.11181516
2.21195589
4.52388519
7.04597961
2.22119016
12.55265445
1.27494293
9.45914672
3.71317597
13.96146388
7.99654394
12.86795989
1.64428773
6.84029144
1.44974762
7.47656250
9.94095856
0.09623230
5.25781250
2.19140625
6.58894836
6.35350815
4.57731826
21.03156472
9.50839317
6.82214387
21.52779144
16.04540953
7.80647828
14.28137248
7.66602559
3.74414062
2.23632812
3.71832275
3.63582336
4.89542664
5.75781250
7.48002106
7.43924646
0.49674811
1.53177887
4.13236481
1.33780945
3.93293939
0.06807776
9.03511193
2.77738807
1.98535156
6.26659159
9.26901235
6.20486450
13.72721188
7.57356937
5.35502106
3.54544825
0.24601507
0.02326965
6.02298981
2.65279144
1.83308899
7.02779144
0.73632812
9.76992465
3.40150265
13.70186060
1.42586491
12.24328582
19.30101418
1.19194758
6.21076269
3.23072473
3.27388519
6.30513519
3.06070922
18.97671986
17.52071697
16.44441711
3.86657746
3.33548981
5.95751330
5.21135084
3.06054688
3.32963043
3.42728668
8.53470856
13.62633312
2.42969747
0.22155762
4.99218750
2.34244626
3.50520999
0.16324859
11.85412567
0.31750519
0.22029633
4.54447418
6.17187500
5.55033356
0.65958680
6.01716977
1.17964816
1.80859375
6.76802084
1.12012217
11.97826463
2.55510084
9.96183289
1.78800476
5.67964318
5.83186392
1.91923814
8.20312500
2.51607269
5.03560394
4.78515625
0.02744537
6.80374779
14.30688850
0.20548523
0.44799805
5.39575133
2.60522274
0.00781499
0.17704254
11.45300200
7.26529283
6.46236923
2.52388519
7.07812500
5.56640625
0.07098389
3.15873199
3.97611481
10.61808289
1.35209137
7.63537567
1.85929383
1.47257508
14.31235706
7.34735150
0.33418793
12.03125000
2.20418274
8.21875000
1.78914118
5.13753546
0.27734375
11.51025266
11.09545213
3.91385334
12.28463984
7.57299867
4.50659242
1.04503522
1.43905474
1.80297789
4.37768617
3.28214539
6.26082336
3.82706726
1.26562500
4.78660739
3.82817929
3.37215149
10.73136414
7.71093750
2.45267731
7.39453125
0.98820008
2.72265625
2.28035461
11.30712766
2.30135195
0.23250367
6.56986481
1.68501801
9.17187500
1.70800781
11.41316711
9.97154921
4.50546099
8.19083555
9.68416445
6.96952239
1.76823000
1.25499959
2.54928080
15.45198360
4.42737034
7.53625333
0.43054355
5.56619460
5.20724290
4.61372894
8.19095856
8.46529144
0.61332184
1.33886719
3.77539062
6.74000777
5.94450576
3.02162233
5.10245789
8.14318817
7.82844969
4.37557070
0.94380707
6.39460495
1.89116134
5.88460328
0.06713867
0.62341786
0.35246287
10.68750000
4.87198914
3.19335938
4.92578125
0.86914062
13.60111481
3.76802582
12.58625222
5.42156028
9.53125000
0.12274170
4.36629211
3.35099305
1.58789062
12.51114805
4.34236757
4.12064606
1.01660156
6.71093750
3.89636137
7.00447695
2.90234375
2.61290600
4.97953900
1.28747839
5.60367797
7.09350399
1.63725011
2.84960938
6.82812500
1.41752106
2.96154754
0.63903840
3.83247894
10.01627438
4.63288620
2.34799091
4.87935394
3.28906250
5.10201019
0.13087951
11.87589539
0.74169922
2.04585826
2.65239306
7.24621675
0.86226410
13.94441711
1.35351562
7.05122894
1.12251801
9.11271055
1.72473238
6.43705231
4.25826019
5.98392731
14.09810394
5.51127106
4.92923981
3.54162068
10.66992686
3.67638631
11.73600842
9.73783356
4.49514656
4.52971520
4.72041778
2.80647828
5.16886414
7.28613281
6.65970856
4.32857269
0.24389648
2.06986481
6.19999114
2.82975343
0.44148555
0.38444218
6.45312500
13.71269226
2.53844249
14.41940048
3.50264683
5.98437500
1.97115082
11.61181516
0.05826937
1.34863281
14.04515293
3.94357601
3.06250000
6.15535461
0.09562195
0.35400391
8.37051308
12.96933067
3.30512647
6.94686724
2.68013519
9.16650266
9.31411348
2.98813386
1.21191406
6.22265625
2.08593750
3.59325798
0.87455604
4.23392731
6.75870789
0.52156555
3.35607194
8.37419326
6.00301086
2.83186890
8.19095856
9.65612700
5.34476839
0.38403320
0.76844652
2.38473127
5.23828125
9.90100067
4.60636414
0.26070160
4.74807625
1.10934563
3.04600026
9.21966533
6.05078125
5.02042664
13.89754211
1.73535156
2.61843944
6.75891954
12.22758089
1.41841644
0.67285156
6.92142731
0.70992035
9.53906250
0.03916412
7.77884420
2.80859873
8.59415337
1.30082557
3.10746122
2.46630984
4.37198914
1.60058594
2.00195312
1.81738281
2.48258422
-0.00022338
1.73307987
7.96485372
1.33712073
4.79296875
4.23783356
6.22985871
2.26188110
1.40563996
13.75333555
5.53226839
7.54354855
2.27092364
2.56256497
3.01995456
0.35864258
6.59525543
2.85546875
19.05664062
2.64229278
2.01591035
11.04263752
3.31413342
2.14396055
9.36385195
6.35935008
5.33400930
1.15136719
9.84467102
3.96579343
7.32735261
2.78714872
9.44812167
5.48034575
8.30598626
2.12742894
0.61354221
13.28906250
0.13535522
4.30948914
2.39908688
1.86971132
3.14526429
2.08433402
1.68438607
6.71919769
0.31429016
2.92277039
1.89260968
4.78894946
7.17578125
3.26623504
7.56384308
6.13236481
12.11584690
1.95484707
7.22656250
10.98091644
2.23242188
4.18965481
13.70247562
3.34810394
17.97510290
6.43711657
0.49487305
4.22028355
0.02254211
17.92594360
3.19515015
3.41600566
3.39844747
2.47159851
4.10892731
3.48799590
0.40429750
10.36165450
10.22941101
3.72310394
6.88236481
6.83060699
5.51306183
5.83939606
6.37231383
2.12829621
3.02042664
3.85396332
1.38062286
0.45674652
1.28995567
4.79732269
7.35937500
0.57861328
0.43538391
17.10058594
4.21817930
12.24990886
9.24854388
2.28255374
8.28214539
3.41421986
4.45842541
2.53320312
14.38537567
2.44380707
1.04280640
3.99218750
0.37451172
0.02027893
5.77644836
5.18000222
2.13249778
5.13326019
3.52583832
0.02510071
10.31160461
0.99722518
5.46070146
2.16992188
2.67578125
3.80468750
2.92187500
0.06644684
1.59908051
9.06216534
3.68693927
9.08161791
3.32507978
8.53470856
0.31192930
5.10982269
6.44588320
3.70161957
5.85156250
8.80468750
2.97220856
1.51704926
2.70703125
7.17443817
5.04749137
5.88460328
2.15986592
2.11703014
8.35502106
-0.00842773
4.33203125
7.04988586
3.49780087
7.33663120
23.36445482
6.73316084
8.88627106
12.85221188
7.09566378
7.44620789
7.40165191
3.21138519
2.33051056
5.50390625
6.86539672
3.47790558
2.36824524
5.04687500
5.51652039
1.56241883
6.54915282
2.59688386
5.70479278
1.92020722
4.56896942
5.94710328
7.61283356
1.16841644
0.95458984
5.48884045
2.33424534
7.84887633
3.50268617
8.46093750
0.97412109
0.38138824
12.87040005
3.99935062
9.92675532
0.03019476
4.67277039
7.78125000
3.50000000
6.53035461
15.03686337
3.32536015
0.08526611
4.59984542
4.95508311
13.50561835
2.13671875
0.87500000
0.04118835
0.13224305
1.20149657
9.92277039
3.23466035
1.86718750
11.36718750
1.83158356
6.86885029
3.81368572
3.79492188
19.45613586
8.71516844
9.46799806
3.41255707
12.11450133
1.84012910
7.45959442
17.94429411
2.96614749
0.39999078
0.38757480
3.85469636
5.54064163
0.38212876
10.29174867
2.44681793
0.81787109
10.04536957
10.33677860
4.80148492
3.48824191
7.24218750
2.58443207
9.53381317
15.65970856
4.63077820
3.00089539
2.60351562
8.55200133
1.63602754
3.06258148
12.06250000
7.51171875
4.44531250
3.78580065
8.76704677
4.12098071
2.11328125
1.75614410
2.36763519
17.16121399
1.76855220
1.28898382
0.57132965
6.17533356
4.48527039
1.13123682
5.91146498
5.11792304
4.06473847
7.28713470
5.94531250
8.44352172
1.73189301
2.26696808
0.94376648
4.95198360
3.89957890
1.30228668
8.43467681
0.72932984
0.15924986
0.75080892
8.36312389
9.84029144
0.07238801
4.73828125
12.06880707
6.36729960
5.28772938
7.78951019
5.99218750
2.30049590
2.80692597
7.47159851
7.53470856
13.42687833
1.09505374
0.39457184
6.42578125
8.60573915
3.94068816
10.75435394
2.25976562
13.23604278
0.90657469
11.27542249
2.41150930
8.20222961
0.92281098
5.86763519
6.64704012
2.44927304
8.23527039
4.19486481
8.22355164
3.85546875
1.45410156
12.14192376
4.31128241
4.73527039
4.45312500
0.03549194
4.91048094
1.16849326
9.40568553
1.21191406
13.19046654
6.91662972
14.81160461
4.82812500
4.07902039
6.10969969
11.15983156
0.71943997
5.79276706
10.46529144
1.52148438
2.92818207
4.52343750
2.18750000
4.85546875
0.03726196
0.16491699
10.06160461
3.60201019
14.67789672
5.30680297
5.16329011
10.09464539
0.16878234
0.70304383
2.49137079
0.94275183
4.05859375
3.45230455
10.25688275
0.64721742
1.88183594
2.33398438
1.69730621
1.64843750
16.73002106
6.63492797
6.04130097
4.79687500
7.21439606
17.98872894
15.46309231
1.66288425
0.97896332
8.04719969
3.66585328
0.88753297
9.41406250
0.32918274
0.34008789
1.00781250
0.67919922
2.51472961
1.55558289
0.67097712
2.86091541
9.59139849
1.82999695
4.26082336
10.20881206
4.63100589
15.01627438
9.14164339
1.98225953
12.25000000
4.93404144
5.47220856
2.30021055
0.64607851
11.89933289
5.25390625
5.82332336
5.87109375
0.08353699
2.10922355
2.22617471
3.06054688
7.31986481
0.99902344
1.25337738
8.25475732
4.08118018
8.56244508
2.41830839
15.02140071
7.31640376
12.65393534
11.44877106
0.12365754
10.47196255
3.09639683
5.38537567
3.22054078
8.87410461
0.22880004
-0.04345641
0.37459289
3.26359070
4.91406250
3.67968750
4.25345856
6.73872894
17.86629211
9.86808289
9.62645612
10.10010638
9.01179743
1.98490636
3.35021942
9.17801972
0.63521332
2.89318817
12.14062500
4.52990692
1.70491578
2.36588376
1.65409519
0.61132812
6.57156398
9.41430851
5.58292664
13.76261414
5.57031250
6.36673981
7.21875000
0.67496766
2.81986481
11.36673981
2.26607269
5.04162567
4.75915558
7.68314606
9.85537529
3.65714539
8.52689606
7.44576019
0.38212066
1.84570312
5.17175200
7.93762300
7.55904144
3.09676086
4.74652898
12.41745234
13.35546875
4.71244293
6.74475067
4.94896277
0.15048426
3.34765625
1.60156250
5.83630859
1.96596708
12.37452792
1.90332031
20.21474513
13.79607823
10.22566711
16.14143174
2.54411513
7.94470246
7.36193817
3.15295379
5.38940492
1.14204926
8.54863587
7.83709884
4.83184995
16.16202571
6.94690159
2.44966644
13.92578125
8.69185394
0.04969269
3.46634918
16.75136747
16.66900210
5.89045767
11.38972961
2.45516428
11.43314606
0.86865234
11.22656250
2.03365082
1.61726867
4.79861149
1.78972683
12.86193817
3.41149933
4.69921875
0.86128754
4.39017731
1.81339539
2.46128962
2.33705451
4.19531250
2.01863586
1.58780945
1.48730469
3.17301142
1.10726202
10.25007370
9.71281693
1.28869598
16.35444039
4.15291445
1.97055075
3.35262024
0.95234818
5.33203125
4.45658356
10.15189606
2.96666889
4.43176861
4.10591644
6.45703125
14.89843750
0.65519226
0.06995636
4.09810394
2.93855774
4.94563719
1.23689882
21.59964872
12.32527150
5.58936170
11.59798094
13.27958222
3.45385804
1.72460938
1.98298510
3.40967420
2.60546875
5.93013519
3.60953735
3.74983765
7.28592864
7.14420656
16.32934508
1.25472047
1.38492049
0.33765458
14.78881649
8.36653812
7.82076019
7.23783356
8.49475067
4.22220856
5.52945922
8.58170656
6.78125000
16.12500000
6.67187500
3.44620789
6.68750000
0.25268555
1.45507812
9.92175200
8.76574800
1.82031250
11.46186226
9.80872672
2.66105164
8.56941711
0.16532410
9.63476064
4.05229166
5.06640625
11.39062500
10.36283356
2.90132660
5.38326019
10.96004211
9.18404144
7.69726562
8.73783356
12.03560394
12.97477172
3.95145722
13.15588099
22.95664708
4.54642731
6.80212433
0.69278992
0.39721680
5.31250000
0.63728820
15.07710661
6.75883089
11.80870928
6.70789228
0.99015320
2.47025543
8.54920197
5.92834442
3.63566101
11.91406250
2.80558289
6.18359375
0.56644684
4.89514129
2.22355164
5.40323914
2.45222961
5.29777039
1.56542969
6.24579636
6.57099644
1.86167275
5.66361481
2.71333832
2.67377757
6.53036458
4.60156250
1.19380707
13.72566711
8.62410461
6.38415558
6.58638519
0.99910461
6.78560394
0.56294769
0.48535156
1.54012024
11.21289062
17.54687500
12.95402039
2.58593750
5.42578125
0.00630188
2.98941767
0.33919562
10.86148798
5.27380651
4.00931793
3.76757812
0.03777069
3.16796875
10.39408356
0.25703949
15.97147613
10.57271332
0.90865082
12.21004211
10.32031250
2.15705674
2.26917220
6.48749890
8.54810505
7.15563965
0.09759521
5.40580231
22.60711045
5.36734985
6.86507203
13.74039672
18.30896027
10.72050902
5.28739472
8.86181516
3.43489749
8.96260528
4.67366578
12.41996122
3.42679964
6.32836104
6.15556626
10.61027039
7.22566711
1.87483765
5.54642731
4.38716644
6.84541778
7.55692597
6.08203125
0.02015167
2.31835938
10.52250152
4.55122894
0.83548981
3.05769836
7.60245789
6.89933289
8.67097961
14.23527039
0.16186523
16.23543274
1.22851562
1.66796875
0.94527191
5.86271055
2.98885195
5.59330231
2.85111481
4.78951019
5.79296875
1.14542290
5.64066932
12.69185394
6.78906250
0.21472168
12.09016844
1.07983461
1.28373199
0.70011414
3.79272025
8.20707557
1.60612062
3.89453125
8.51908356
8.60937500
1.83984375
8.42187500
4.87455231
2.22408051
4.29137966
5.07580784
2.75931793
11.05468750
0.02391571
10.70186060
1.97196753
3.96679688
13.37006539
8.97022606
11.66406250
3.29492188
0.11006652
5.14888519
3.62455231
2.77295689
10.72034906
4.90189606
7.90592531
8.93750000
0.03344208
12.66832780
2.92692763
4.73482269
11.84720856
6.21972407
0.65181737
1.25097656
11.21004730
0.09659851
5.25781250
6.52787262
7.03983489
5.38940492
3.58789062
2.33833832
1.42232269
7.40056739
10.58200686
3.52625909
0.29484195
4.21484375
8.27600067
15.31677277
1.94868988
1.22851562
11.06595856
0.08681244
9.39229278
6.10335328
12.88370789
9.21317099
2.78983987
13.29934952
2.05025986
0.17528134
8.91341312
0.57568359
4.59781361
2.79207834
9.97143617
0.96386719
6.51953125
0.02883911
3.14257812
5.78816711
1.15226258
2.52929688
4.21484375
0.04091369
1.39302582
3.62890625
2.39302582
5.93269836
5.04328347
2.10169547
8.46773161
2.16117464
11.70747894
0.40043121
6.85156250
5.44054771
1.27474374
2.86625152
4.19576019
0.78125000
17.17341977
6.09419894
11.91227172
1.41752106
1.97880097
12.78906250
14.59541778
8.81339539
5.47790558
13.49039672
12.56624297
1.24487367
7.73091644
9.57198028
0.31099519
2.96093750
9.41918883
4.17712433
4.32901541
3.76412455
2.58744293
5.25617737
1.28515625
5.48046875
8.34059620
0.48484263
3.37052305
10.19120456
0.06390381
7.31986481
8.43969415
1.21488309
5.15641733
0.19689941
12.37845856
5.14017731
1.77921570
1.21556620
3.27601063
9.66841644
4.02798815
2.22636580
8.74552305
11.34281527
2.86328125
6.43750000
1.77246094
0.55236816
6.74173981
15.59004544
9.16141941
14.52844083
2.00252382
14.65022828
0.53759766
13.53906250
5.82812500
2.31266235
1.35921265
5.59810394
4.94653258
5.53438386
0.03088867
15.69885223
12.66495789
14.77754544
1.52999058
11.54597961
13.05944482
6.32426307
13.56160461
2.85095246
1.77396637
7.00496399
19.32767731
15.35245789
17.52766844
1.89172457
2.69531250
15.26037567
2.52913453
20.07873504
11.17899380
3.13244847
9.95222961
12.45661791
15.58862367
14.41646830
1.25838320
1.04003906
12.17536791
5.20008520
3.47701019
21.34549895
5.59297761
13.55870679
10.66171099
4.57946808
8.28189938
6.03495456
17.30260639
3.05721631
12.64408356
4.96875000
0.86515320
11.68469083
5.40478391
2.24361425
8.70812833
7.84745456
6.07543883
4.45581117
2.49853391
15.66853945
1.96085633
7.07697363
4.49679742
1.07954926
11.87719415
2.84501440
6.94786445
4.05360039
7.81738032
18.79252106
8.28519933
13.31494016
13.95992160
6.09073914
0.06749450
0.48457855
7.93359375
3.53576629
23.21186278
3.73262605
10.43916778
15.45971742
0.13146973
3.55078125
4.93342144
1.88839649
3.49068207
0.05569458
2.17826324
6.69486481
10.12064606
2.62829621
0.33479797
8.02726258
0.11273193
0.18505859
0.19757931
3.77278812
5.15836547
3.84464539
1.85013824
8.51383422
14.81083222
3.39078735
3.99442597
13.04886809
6.13191711
1.62752382
2.84375000
12.03470856
1.57124474
0.25834511
5.14577509
6.34429631
7.91841644
1.50044769
9.30366911
0.41166293
0.03984589
1.89474021
2.16151429
17.25154477
21.05414617
3.45708554
6.18058289
6.23730469
4.97583008
15.45568817
7.40368683
4.36027039
5.31250000
4.07722961
0.00634278
11.00333555
5.86596742
17.67614777
8.84977172
4.49833222
7.23693817
6.62589539
4.32076019
1.26562500
14.26643174
6.67619459
8.78486592
31.95180879
10.20224955
7.89676972
12.41316711
4.28515625
5.13326019
3.57018950
5.37060640
11.73002106
11.13911957
8.32031250
9.36209553
9.94840204
2.03105517
2.08593750
6.19486481
0.33780945
10.51863461
7.14689273
2.56009918
3.57797294
1.77628601
0.87692551
9.01135970
4.09330231
0.08498139
5.66451019
8.61283356
10.20747894
7.47252608
1.13603501
16.22594748
12.93928580
7.48415058
3.24309286
1.80664062
3.86372894
2.07421875
0.28271484
2.49324524
0.15006531
0.22289852
3.17602726
0.56160461
17.25154477
8.45068484
2.03304078
10.30200133
5.21752992
3.14408356
10.67443817
2.20357269
6.11299528
9.67724734
10.53995789
0.08852111
4.67088598
3.03329676
5.08292664
4.30468750
2.28401360
6.71834663
1.26562500
4.20287899
0.30444523
15.24596919
1.62754438
0.62269032
4.46785461
15.86759087
10.43559120
5.32385098
12.23974734
8.02868683
0.59712738
5.28125000
0.11295594
3.49039672
1.38557984
0.98559508
4.71272828
4.11328125
0.57560242
3.17923981
5.51562500
7.95488879
4.76713541
1.62894808
7.73872894
3.72265625
4.13761414
4.56986481
7.06595856
14.20312500
6.66954788
2.14925919
15.48170990
7.63671875
1.54101562
0.92089844
1.61621094
0.15661621
7.00177084
4.94312263
1.54471468
3.47059507
1.81152344
3.06054688
2.69042969
8.67187500
10.29252106
2.48201352
1.34407718
1.08007812
5.37109375
16.77751618
5.61059508
10.22835328
4.73482269
1.52734375
0.53515625
1.89798981
9.06924978
14.79162816
5.78328679
3.62573304
0.73002106
7.38627106
3.19607212
4.21842531
7.61372894
6.92187500
0.11796082
0.60701477
5.61718750
1.34908051
9.27510528
4.19755097
12.93916778
20.06429078
5.85156250
1.17036957
11.76236938
14.95310393
8.95670656
3.61808289
4.63456715
5.80363475
7.57812500
4.19531250
3.43404144
4.61673981
2.57076019
1.20552582
5.50301086
0.11368836
9.88077073
3.88456892
7.53304078
1.71582031
6.93037934
3.72460938
2.01908356
2.98482269
8.57722961
4.65323914
3.01863586
-0.00658142
0.15527344
2.91316711
2.03951019
1.32857269
2.79463154
11.21122783
3.40144836
12.09029144
4.22265625
11.60233489
0.13175539
11.09000610
1.30386456
3.02466755
7.52388519
16.59810394
11.76985594
5.12679078
0.94026734
5.29076463
2.68339705
11.16556793
6.10278258
5.67366578
11.86629211
0.10343476
14.13627106
1.70943207
9.44877106
2.60977837
1.22412483
0.93115234
6.83504211
7.39843252
4.74056405
2.48014406
12.22745789
4.82621122
0.80566531
1.66210938
15.88403258
4.12723847
0.27823914
5.53929854
2.01839982
9.78063498
2.89408854
4.70121122
11.24410128
0.81494141
1.59765625
10.06941711
5.25488032
1.89607353
2.13578900
3.65413453
3.72505707
3.09374481
2.77148438
5.09810394
15.25390625
0.02099609
10.36759087
10.97045836
6.02995124
1.93147828
8.10668883
2.97277925
11.82999446
21.55398881
14.01924092
6.40732269
6.45357269
2.42895508
3.98242188
2.91506345
5.35544436
9.13012633
1.47542359
33.32076019
5.76127106
5.07242797
1.51884004
4.00044769
21.27075133
22.23528481
13.55131759
7.33583443
4.60325965
6.27849512
5.18244238
3.90695367
29.87670369
5.49079231
8.24845523
6.13847060
10.11560837
5.12222020
5.45183621
11.07857269
5.64843750
2.78320312
0.42822266
0.37618012
2.53951019
39.67842310
21.86365026
6.53970191
2.71074578
7.15883755
8.52386081
8.20075355
2.40044118
7.10046542
5.24308289
6.21093750
3.78951019
6.90388354
5.81637189
17.52766844
6.18326906
6.41137633
6.79115358
13.07820617
1.25834137
10.01652039
6.43750000
11.68481383
4.02311281
7.35489805
3.85949800
16.31685394
0.70316559
15.65838986
3.29473514
2.05078125
6.76407867
4.74654144
7.16406250
8.18705231
3.57950743
2.25687777
7.64843750
16.21093750
5.76562500
8.22656250
8.60323028
0.77567597
38.96830231
6.06599291
12.59115248
0.16882324
5.23437500
10.74265678
11.65291445
3.78413536
2.57027814
8.71785461
7.59073914
0.28348661
15.97924867
8.48706117
3.38326019
4.52644836
6.47611481
5.74743683
17.38012633
5.85188719
6.21586214
8.36372894
10.08414672
2.20296265
14.61962891
0.97408051
22.51367188
10.29252106
8.11629211
0.40515168
2.20943207
25.99173981
6.07311420
21.52551861
3.81250000
8.46695922
10.95967310
2.72766456
7.91841644
1.37207031
0.09041320
0.51411957
1.22265625
4.88627106
0.07948822
12.98091644
7.43391844
11.96707724
11.06725732
7.00546099
7.65279144
2.68164062
7.36372894
1.02404754
13.12756317
11.39188691
1.02681488
0.04279296
17.16625665
23.49587068
2.46671819
16.54333403
2.73405031
5.16507591
0.20312874
3.39679394
8.88969525
1.34908051
2.93420379
13.40189606
3.07120789
5.95703125
4.74609375
1.85148133
5.11149047
9.96093750
24.92517121
10.67980926
5.89933289
7.38370789
1.86966949
10.05109597
8.03943899
6.76350953
4.49698914
2.42899566
2.20117188
6.04252106
0.91202820
5.70307075
4.56685394
7.64798981
3.01757812
0.05124939
12.75357533
6.66602061
5.07600953
3.54838043
12.63868589
4.64253878
6.74609375
1.70605469
10.76127106
2.28689772
5.65646165
24.42574066
3.69266318
6.32784463
4.70703125
1.73596160
10.28125000
5.30167664
3.18164062
8.58317016
2.61116578
8.68750000
2.59781860
3.66239472
10.33504211
2.95792664
3.11132812
7.75301086
5.08593750
12.72542110
1.44832585
0.34106445
3.01673370
6.50781250
5.83247894
5.25000000
8.71219443
15.73307499
7.70711491
4.53125000
4.76428192
2.84704621
5.40625000
10.45047319
3.61983931
9.28470856
2.26187611
3.44605053
23.10041362
16.20846485
16.87304688
2.59375000
10.51216644
12.92387878
3.96679688
11.10636414
9.97566711
6.57120789
3.75345856
12.27343750
2.12349457
5.17045074
1.49751801
4.92923981
14.86718750
2.99849457
8.00345856
8.79943817
3.37622008
5.16463320
6.55651264
13.48059612
1.72436586
12.28906250
6.43961547
3.27929688
0.75573762
1.86132812
15.84301197
19.34017342
5.09504876
1.42826823
7.91096299
1.43474013
1.76561378
7.73585106
3.64648438
1.72558594
3.23783356
2.06294769
3.21244293
12.88627106
10.96093750
5.85367797
8.08772828
2.74796259
14.50765265
4.11808289
0.84667969
13.78438825
1.09867464
4.49751552
6.82397274
6.88599069
12.82454344
1.04858461
4.14204926
2.88431793
8.40445922
15.93404144
12.84899933
7.86808289
3.28080231
5.82076019
2.05696033
5.11837322
3.85201019
17.57633422
8.15498560
1.89038397
3.61999543
12.22656250
2.53621399
12.43404144
6.89798981
2.62003601
0.03116333
0.22127196
0.34529726
10.47508644
6.76319481
2.84720856
16.35224873
6.67651928
20.00540670
15.12260416
8.67533356
10.67598294
4.82536015
0.07971191
0.47688781
0.03004975
13.40266844
1.87902925
2.49414062
13.96830231
19.50011553
5.61458998
1.12109375
8.12845856
0.38452148
3.02412747
3.80643894
13.81762633
16.56176820
2.13236481
5.07633422
8.92456117
1.41166168
11.08414672
0.33703644
11.74194149
17.69030917
7.16390015
3.11283356
11.67879211
2.78304078
0.31689453
6.77254211
2.92187500
0.35319031
4.17105829
2.87191046
3.42549590
16.00182514
3.44918439
2.86958832
3.02840149
0.03437317
0.62500000
2.99222186
14.81502881
14.69966644
2.39152039
13.37668085
1.61568456
12.63627106
4.59073914
6.67097961
0.01194275
3.52689606
2.44921875
3.30773770
7.16296542
12.97179771
10.40072030
3.36088043
11.26216644
17.92521055
3.88293550
7.74173981
4.20402039
0.02738953
1.97151672
12.83593750
0.05460633
6.57228576
1.28189938
2.78344913
1.05566406
2.24470011
6.33415731
7.92968750
2.26908356
4.68314606
4.41015625
4.29687500
4.70979610
7.74723515
8.28035461
2.32946808
9.03470856
5.25000000
0.05143250
1.83146055
10.91072695
3.19726562
2.37905489
4.96925199
4.04475953
7.04573360
0.04610386
1.74511719
16.70596604
4.46448470
9.34134420
15.65776041
16.18892426
15.23498504
8.70402039
7.96618683
7.36673981
0.17317719
5.21919769
6.81986481
1.41263077
5.65723404
-0.00453674
0.70560699
9.60591644
3.51367188
2.14524560
0.85284186
2.80318207
17.66014628
5.64799977
6.96093750
11.50435394
4.17187500
0.23887115
1.98677582
6.58113586
0.22159851
13.60961852
5.24247285
0.88330078
4.42232269
3.42199302
2.70691323
8.16406250
0.82189910
4.07571920
7.51892619
7.55078125
2.67818207
1.83300781
11.26293883
4.40112367
4.53515625
14.56363642
1.46663702
2.17533356
6.64888519
7.76383422
0.09700562
4.65510860
0.10465702
4.04207336
7.29732269
1.10502106
3.00976562
2.47279846
6.23181183
6.28381317
9.00524933
3.71289062
2.84224457
7.76953125
0.03876739
17.00948028
11.88114472
1.74556488
2.94140625
4.45312500
0.00995636
1.75976562
1.82665642
1.24862007
5.10245789
5.94167914
2.96554742
9.83235594
1.66817293
16.08158356
2.30318207
17.90860151
10.42420026
1.03072362
2.15820312
8.22061946
17.31848363
0.17704285
0.07364449
0.05133119
0.03662109
0.00456619
0.00289726
8.21367519
7.16707336
5.61942597
9.56160461
6.14896388
9.73039007
0.57579985
9.34793662
6.83732491
17.53304078
1.98254488
1.49153563
8.04264406
4.74218750
3.20563925
5.00594304
4.91841644
4.61372894
9.60400266
0.36112582
1.59029144
4.84285461
2.25240082
25.10395584
0.91569104
3.06050753
4.82287567
0.16487672
1.03027344
7.72220856
6.00516069
9.27263076
0.00917053
15.74112914
8.87243683
4.19966644
1.14245263
14.57157690
10.53214539
0.58683289
2.25211547
2.45882203
7.21427305
1.09725039
4.72220856
23.59138852
6.73343529
17.73661347
7.10518838
10.16841644
1.62837738
8.30468750
8.65279144
13.79943817
14.30647828
5.72611481
1.27246094
7.70479278
2.57059785
3.47163786
4.17724734
13.19486481
1.45170074
17.84452239
12.38358489
4.33190825
2.96236425
2.52058899
3.36099970
3.77470190
23.00044769
6.18762176
2.24698914
14.59720856
18.16723446
4.86963015
7.43717531
4.44262633
0.11084047
0.91947418
4.33661625
2.40361812
1.24361176
2.52689606
1.60502106
8.22566711
0.88216187
7.01517731
2.48107879
8.96272828
1.58451324
4.39497894
7.34330231
14.60502106
3.60050476
5.23392731
14.32287567
4.22399933
1.27193207
2.87426696
6.91284242
13.90625000
1.80664062
4.19083057
5.93612256
17.36502771
1.71114417
1.00683594
10.12988032
1.21297429
6.51509115
13.92135112
11.95658356
3.84134918
1.29394531
0.40128601
7.28125000
0.59082031
3.60758422
6.89196808
2.18208832
0.40901672
0.01378388
1.55517454
2.49408633
11.30230163
4.58458445
2.72445700
20.78727172
9.65714539
7.56099457
19.05004821
2.88979158
3.70898438
16.17008422
10.46964539
3.26607269
2.43990082
19.77025931
2.40991522
12.66495789
3.58064882
0.28295898
3.31070922
-0.01603149
1.65234375
16.79633616
8.11316821
13.53906250
6.10905031
7.71048981
10.15498560
1.29468085
2.71634918
12.61763519
6.96439606
11.08158356
18.52433289
2.86523438
10.03035461
1.12101258
8.45133422
6.41194703
10.60892731
2.33939606
4.76863586
3.20056183
4.84370007
2.19849567
3.83572585
8.71627548
24.71317597
6.13838653
2.12333222
3.30513519
7.44945479
6.12687943
4.84509308
14.27254211
1.27673371
8.86718750
11.05328109
5.81543716
9.35245789
9.52343750
3.85847961
16.60953236
6.23421764
6.62064606
2.31823637
2.55525820
3.37589539
17.62756317
2.10831726
4.25781250
4.82857269
10.16316711
0.21866883
15.22574579
7.57414007
6.43404144
4.72656250
7.52388519
1.40482574
1.66548676
9.54943817
9.80993683
6.46484375
3.33593750
2.70117188
12.63281250
1.21439606
14.05659132
12.32141954
4.11853058
1.74466949
12.03666106
1.56280349
4.36865359
11.56379876
1.31136358
2.53499390
0.56835938
5.79207336
4.60485373
5.78666666
1.83256012
17.88602505
13.56245754
6.95483772
7.29296875
9.10489805
8.15791778
2.10827792
6.12109375
11.55610927
13.95215093
7.51171875
0.02849823
5.67968750
11.09977172
15.10876496
5.78214539
1.44584137
4.89709442
3.65714539
0.27709961
4.63761414
6.87243185
5.85038674
2.51332642
11.28470856
18.13716644
1.29003906
0.01765686
4.50390625
8.18797326
6.76171875
6.19531250
9.69006317
8.21125222
4.37993461
1.15917969
13.60982269
11.48828125
4.61673981
5.51127106
3.43709165
6.18956865
2.80835771
9.48681516
5.04699800
8.18929078
2.95613586
0.90958680
1.78523742
3.72265625
0.41666687
7.81551086
1.58780945
1.92871094
16.48437500
13.00512633
2.47684785
18.30814606
6.09855164
0.75000000
8.93251676
3.91943484
4.90189606
9.03470856
10.86177582
7.87455231
7.43404144
0.57613129
4.23893063
3.33919437
10.01085522
9.91004321
3.55814606
17.07594527
3.53778368
4.76171875
2.51953125
12.83504211
14.18839539
6.79687500
4.21093750
6.39453125
4.14843750
3.35937500
6.78336547
13.13229297
0.34764256
2.21573914
5.35156250
6.45703125
0.38000364
6.85927032
0.69319828
1.85847961
0.00510163
5.01997894
5.88289118
10.67045323
9.09269226
7.96830231
6.93058289
0.34993469
6.90698136
1.18457031
5.00000000
3.40038564
16.57393091
4.80505651
3.07902039
1.13191711
0.82649532
1.58504460
0.03122955
4.67232269
1.02547055
2.93599582
4.66841644
6.91316711
4.74654144
6.47015381
9.41971770
1.27029756
0.30961090
0.29536957
2.06603729
3.87784851
8.87500000
2.06445312
0.85588951
2.27152870
1.59509308
1.22025543
0.70650238
3.60904034
0.72156665
9.13716644
20.90191619
9.33927305
11.52852200
5.89363586
1.99194647
8.85156250
5.96875000
5.94966644
13.45723294
0.48759128
1.95703125
9.15970856
5.25691711
0.28894074
12.98750793
2.41149933
8.52343750
7.44584137
6.90234375
2.42232269
3.95117188
3.40340149
3.60742188
1.30558289
0.25512695
0.01811218
6.69921875
0.12048340
6.52333888
2.82606133
4.03756205
0.98466035
5.43794769
0.14998352
7.74169548
3.02588264
1.64949524
6.47957336
2.59012910
5.22656250
9.22656250
1.55273438
0.70878020
0.04164705
14.31204224
3.07617188
5.98482269
6.10937500
0.10424805
2.05004821
0.22249390
5.06730164
0.80521637
1.67045074
11.36372894
10.25211547
6.87064606
2.73242188
10.31083222
2.76842171
3.48796653
6.12064606
11.14933289
15.63268950
2.53784242
2.40413453
2.19616906
4.48069037
14.46170989
5.43371364
4.20048315
7.89224845
6.43542885
4.26171875
4.23368130
0.12882695
3.14379322
6.94458444
0.20630007
4.80859375
2.34134918
14.52619415
2.54341644
4.17187500
1.77246094
8.60835661
2.44245402
5.31487145
6.60937500
3.17773438
1.93261719
2.32380666
9.54111371
0.81216089
0.53043827
0.84619141
2.21980774
7.15714539
3.78141235
7.84464539
2.00284851
1.56835938
3.56461547
6.83292664
4.40279144
7.61283356
4.94230164
1.97265625
0.75878906
2.30379211
1.21190534
0.51018146
4.97176086
1.02237976
3.11250201
5.18746533
10.52779144
8.06160461
0.52099609
0.10306824
4.51517731
3.48197418
4.29777039
2.18554688
7.91349180
6.52010195
6.32767731
3.81749336
5.18987145
4.00781250
9.17277039
2.98648424
3.88444592
1.13737062
5.24519836
4.42488586
0.34700562
8.44441711
0.50870789
3.82421875
2.26277649
2.12695312
7.62589539
0.95222961
0.39363461
0.27303226
1.43451908
1.12476894
3.30273438
10.13627106
4.54463653
2.37919160
13.93378568
2.51017398
9.14423967
3.07357435
10.08939606
0.46671570
1.21492492
1.31746399
7.64826020
0.63193206
7.70312500
1.49425865
2.08040780
2.70552582
0.13684020
8.30301972
12.05712766
5.38383089
12.16845080
9.98869459
0.03400665
14.53467316
12.44534686
4.66614361
4.88806183
2.91992188
8.21695922
3.97302028
3.12492132
1.64656555
8.56762633
12.57906266
13.14497894
0.13008637
3.79882812
10.60502106
4.82963043
2.21138519
4.78560394
2.84330231
0.01742554
7.85156250
7.03844498
5.32084884
0.87497955
12.58158356
2.17862976
6.18750000
1.51029449
11.98258422
10.32466644
1.21476258
6.68359375
0.04253144
8.26842421
3.69473682
2.24387023
4.16796875
13.75504516
1.30204316
0.99023438
0.03025299
11.12154144
2.01105940
6.58333998
1.27880984
2.88024933
11.58939606
0.76945008
2.83398438
12.16080563
7.53841312
15.04687500
5.63671875
5.36572266
8.71875000
3.67285156
1.33007812
2.00349790
12.82824800
3.36942597
2.18420379
1.09684203
19.04104936
5.62252548
8.81810838
11.57231244
1.33711824
9.55122894
1.31213348
1.66646332
3.58129821
0.31144289
1.23347836
0.56201296
4.84720856
4.41963440
0.98278840
7.39257812
3.43794769
2.61816157
0.91023742
2.11035405
4.05859375
3.36372894
9.05122894
1.55957031
0.01904922
2.54536957
1.91367179
7.42761635
2.00240082
1.08203125
4.26082336
1.80904144
14.15535461
17.91752106
1.39843501
3.58992741
0.54093476
2.52689606
1.72233094
4.09285461
0.79524888
2.17293274
4.70524047
13.23437500
3.45251496
8.00422689
11.97103280
12.77400820
7.23046875
15.80366911
8.52597139
6.26652039
7.01692200
7.95312500
7.37699247
6.36930297
9.37287571
5.60400391
2.59570312
7.23767777
5.99617991
15.38009197
10.56774933
2.28031527
13.48437500
9.08133755
4.42814273
0.16117402
4.23196920
1.66016123
4.05122894
6.87455231
2.70011414
2.05340171
9.45695257
3.46675753
12.75728270
7.83862367
2.75903258
6.11027039
3.82314108
10.36029033
-0.00487243
3.76367188
4.60009641
7.84545213
2.10242353
2.65319980
5.40144836
3.29702987
9.79964982
13.49910461
9.00089539
9.54278227
3.50252382
11.43660461
7.33638519
8.76607269
8.10758422
11.96127236
1.76994957
6.37231383
6.06429078
13.38956726
7.73437500
11.30228668
3.48872894
6.03547596
13.16724069
13.95356273
9.01410878
4.52356050
8.43810506
0.90291943
6.95047568
11.63419991
1.44852754
0.62508117
7.14017731
4.72355164
14.86283356
14.05582641
4.90401153
7.43481383
4.70666224
2.40987588
6.03560394
0.17317688
10.81794230
4.22836325
0.04051177
5.08117022
3.29337710
0.53206920
0.02708435
2.42195617
3.85396332
14.59866468
7.91624814
9.29041555
11.80464501
3.50585938
3.40189606
4.87670898
5.31839872
2.71785617
4.81205231
13.46605438
2.87740082
4.83984375
0.85742188
2.81445312
1.94449828
1.28597047
0.21960449
0.81152344
3.65848224
15.17082225
1.55550172
3.10201019
9.24910461
6.15279144
8.31953015
0.64966755
5.93349015
0.87616134
6.61027039
4.89453125
9.38671875
5.82934508
4.11266373
10.83346298
7.26953125
9.78165337
1.91260139
2.50976562
6.12109375
2.96439606
12.07641290
2.44747229
0.39866119
10.89216977
9.36388117
3.45150155
5.02823914
2.40523161
12.90340273
3.69966644
17.60502106
10.85323028
2.91063332
9.37577239
1.76706172
13.40603461
7.82012078
3.83593750
3.13326019
8.81595856
0.03684510
9.34631317
5.77510029
17.83309397
10.22233156
3.46378601
0.92812788
3.77409685
2.14013672
9.57031250
0.33471680
8.09570312
4.95027649
6.78023285
0.87402344
3.62052056
2.97615913
5.90490692
11.07120789
23.90285248
2.68900543
1.48632812
4.51652039
3.04687500
1.77832031
3.09375000
10.13284686
0.76461408
0.74389275
3.21045296
6.74519836
1.61222351
2.87109375
8.91316711
0.45157898
3.85546875
10.25821587
2.34139350
0.08020020
5.90046432
0.46041611
4.23505209
2.81266733
9.61629211
1.43404144
15.07828766
3.75390625
9.47505707
5.86673981
5.72989805
0.68310671
3.81595856
3.43509918
0.69824219
3.30786071
10.95235261
17.06205231
12.94816101
1.30033356
3.67232269
4.31551086
0.93644226
10.41697173
2.16977448
4.88671875
1.30273438
0.01544189
3.76953125
1.42826324
1.72017177
0.19051335
13.72122701
5.05769359
7.85111481
8.29777039
0.16593414
11.11115509
4.15714539
5.49564606
4.00826019
9.84285461
14.49308289
4.92923981
5.58792997
7.49410128
12.19185394
2.29296875
8.57127037
4.76027260
2.61718750
0.39550781
1.84818512
1.11893645
8.58170656
4.50781250
4.66796875
4.01562500
8.57995512
7.05000886
0.57857269
9.62047873
5.72180612
6.64542664
6.95792664
0.04721557
5.36328125
5.07031250
2.23803524
3.33903202
6.63972961
4.09464539
0.95023590
9.69778702
4.17330673
7.17057494
1.97054078
5.56640625
4.91601064
7.81055186
3.16918883
5.24532136
7.52923553
5.47835328
8.26037567
13.67691559
3.62979167
2.82138020
4.34106383
6.59962038
1.97347051
0.07064965
3.02758041
7.48804521
0.53373199
8.52176910
3.93448914
6.48258422
3.22550476
5.63761414
0.51664215
6.51858157
4.08733488
3.34803968
5.93276262
4.39107269
0.46036742
0.00155671
4.66015625
9.52322585
24.06840806
2.27978391
3.20593417
11.13281250
0.04437256
0.03186523
11.06250000
3.03872909
8.07764451
3.38175476
1.89400238
8.49796321
10.32145390
2.02001829
2.73868960
13.48002106
1.56197113
1.92285156
2.29915032
0.81661292
4.83593750
6.29296875
15.44173094
0.77649019
7.16227172
6.87837582
1.08919437
2.54101562
-0.00256836
8.70914672
2.84114002
2.68852338
12.86283356
0.04405731
5.99564606
9.69006317
3.53153535
0.93701172
2.20942958
5.42346409
2.04386414
8.34977172
6.16975953
8.01562500
2.35156250
4.03188941
1.09701684
11.44612298
13.42391179
4.94978945
9.90970856
2.05618608
19.96179853
6.61584442
13.95581117
1.39986176
11.58927305
7.17289339
0.79304992
6.48136414
11.03575830
8.51688940
19.15534963
3.60352092
13.14856201
4.43814938
5.44332003
5.98527939
3.55379211
7.91105164
0.06413757
11.04085328
1.44344055
3.12500000
1.30611176
5.04966922
5.39324246
5.96875000
12.64754211
5.48339096
5.38168107
4.07702045
6.43087322
1.01074219
3.33052582
6.29642731
3.62589539
6.30468750
0.23758910
7.95352837
3.31734596
4.85220627
5.00545974
13.13187590
8.46647218
3.45703125
4.41361481
2.91451019
0.01307678
3.57788086
7.82836914
0.38730865
2.37154144
15.50387966
3.07511414
0.14453125
0.02389770
8.66406250
9.07287567
2.07966105
7.04566489
0.77636719
3.61425532
0.39656804
5.53816711
0.10154236
1.35351562
3.09992410
0.60409629
27.77563414
5.09554078
1.54980469
1.87988281
2.30850292
4.90402149
8.64152039
0.01941162
2.80318207
10.06571255
1.62569370
13.21890736
0.65120983
3.26517731
7.15100098
9.26127106
3.62740082
2.51143340
1.94995179
0.85302734
0.26054683
2.19120456
0.40865082
16.04709869
2.10982269
5.38370789
1.44164977
4.14696892
6.01790780
9.77945922
7.52221742
1.73250305
1.92570008
4.62410461
0.83789085
0.65210023
2.64363586
0.01349915
2.25829060
12.40806072
10.83593750
7.91361481
10.60937500
7.38281250
1.30122894
11.30814606
4.35982269
10.59195922
1.15413453
8.46235927
3.17586491
5.24564606
0.34318055
3.98135666
7.28479720
4.52388519
6.40625000
1.44681793
2.60306793
3.58203125
9.40535461
1.05505402
4.14453125
10.71004211
3.69620789
8.35982269
5.92187500
2.35937500
0.61820465
5.05814606
7.08894836
5.30993683
3.56205231
0.18123352
7.99129211
9.90893617
1.01529906
3.31429078
3.73437500
0.48152649
2.53327682
0.28207169
1.70019531
2.23152649
0.12959809
17.39309308
8.22421099
2.35306793
5.42846742
1.85457336
0.51460785
5.40234375
3.82661957
0.06237793
10.69482048
0.18458256
0.47118290
0.10898253
5.52958222
5.29176344
0.00466317
1.82725462
3.22429964
10.41662567
4.98725289
2.22893395
12.24414062
2.63130707
4.76358821
0.80770085
9.26908356
3.02420989
2.05782136
3.48046875
2.82572418
7.64794548
0.79293190
12.90725677
0.54870637
4.76953125
7.76487213
6.92743906
5.92847739
9.18436676
9.10156250
5.28419982
2.47514146
9.03121564
5.47668550
5.72745789
2.28080231
16.44529174
14.86860927
1.71883366
0.84301820
0.38720703
0.02557373
1.51127106
11.50577571
4.93998448
0.31445312
8.50585439
3.91557291
7.02779144
9.21695922
12.90804078
0.94535309
2.73632812
8.70914672
2.84598847
1.91601562
0.56990539
0.09714783
2.36478668
12.64635389
2.30294603
18.88627106
4.60636414
1.21724457
3.63521332
6.10502106
1.26750365
7.95235261
1.55228668
1.04687500
0.03623475
2.82963043
13.47773987
5.47382951
12.50175642
11.53125000
0.48079406
2.14241578
3.38671875
0.07480865
5.73091644
0.31319121
0.78592988
6.66739805
2.25447695
5.37801086
17.03125000
0.12394226
13.97802703
5.09118683
0.24617492
0.01544708
4.87890625
4.78169769
0.29276520
9.83593750
4.52851701
2.62675642
10.83247894
0.22033691
0.48213653
2.60575410
4.55769836
7.11328125
0.03028382
2.95088653
6.27958222
1.61921931
1.14905003
4.28259308
3.04084331
0.15784657
16.80975227
