0.01127106
1.59427638
5.71041112
2.35982269
15.07812500
1.68066406
1.57377106
6.40901485
4.86442265
3.53568512
7.75308954
4.96085882
8.60335328
2.32421875
3.89408356
14.17919548
4.53520057
2.89888519
5.41451019
0.22277832
18.66698471
8.16504654
8.05379211
0.13277191
10.06851674
4.45227393
1.92016788
6.33593750
2.69966644
12.95287899
3.42362644
4.42219969
6.50748781
4.03125000
2.15669769
11.05756539
1.27837211
14.60351562
4.34765625
11.58504211
3.77868683
8.07633422
14.94262633
12.54637924
4.04798204
20.17508755
1.77067265
7.13329704
20.17749335
11.69905142
3.94771830
17.59243130
2.05645389
2.03666168
27.91605497
19.60420879
8.31721353
7.66520390
8.70105385
8.50394061
1.64075299
3.76245179
11.52343750
11.07775599
5.27079565
10.92332987
3.08895833
9.69966644
12.21952239
1.15201906
7.80092864
1.89633698
4.09330231
2.17488586
8.89374890
2.65988087
8.05146499
10.37744016
7.10625110
11.54764739
1.81465730
3.33548981
9.49950798
0.67033272
15.48034575
3.75358156
8.40625000
2.90270778
5.36096409
2.24218750
4.96875000
4.54341644
2.18314606
7.13341756
2.50179576
6.23469969
2.14766511
15.16707336
9.83504211
3.43929078
9.19803303
5.67651928
2.93599457
8.55098294
8.37089206
18.29715537
0.45626260
1.44193512
13.43354943
1.73682014
14.69441711
4.41451019
16.42622894
8.02343750
15.03168773
2.53097462
9.44750665
9.77995124
11.50435394
4.68794769
9.93578042
5.28121564
8.28788674
4.58247894
14.84106383
5.81774933
19.23767121
0.84468037
8.51200908
0.99462891
3.40299313
0.13537753
2.42968750
11.23289894
8.37212211
9.09810394
16.75695147
2.67708998
2.36328125
0.88334137
3.54536957
10.28470856
3.17232269
2.98693817
15.89294216
1.71846714
5.55257203
8.41752106
0.15804047
13.65510611
6.00907690
3.12540835
13.10245789
15.42879211
0.55900086
0.80756378
5.06986481
12.58850067
14.88806183
4.88883422
7.54130097
1.10892731
4.29296875
11.71953680
10.26919214
5.34375000
1.88085938
1.44238281
13.96768479
4.27307845
17.80541556
6.23441932
11.37768617
5.26171875
4.69576019
10.59606716
2.74768284
1.81054688
8.72220856
11.31077793
9.61890957
16.85929134
9.59460605
12.87512300
11.34977172
0.96663453
1.16556793
8.68660461
18.13862506
3.22066877
15.78470856
2.60005707
4.53603669
14.18714095
8.00187943
9.85498047
9.87701416
4.61283356
18.75801419
12.86307956
11.65087766
2.08890902
6.26505430
2.12740082
1.88578402
12.59313498
7.13900155
4.96618683
5.04732269
1.18750000
14.13235484
4.00481161
14.43700798
6.59379432
8.51065603
3.67904061
5.86596742
3.63765348
2.82914339
8.44006317
2.32165558
13.51204344
4.63204011
13.38883422
0.94115775
0.71875498
10.77856383
2.00809785
17.16193706
7.38989694
6.45943705
7.30334442
2.61897828
13.50244016
15.67545656
1.47196504
0.52864500
0.05094484
0.69140625
17.61478668
9.74862068
4.29265403
16.03734043
5.42103390
1.85396332
5.71484375
0.01991516
1.57759613
5.94689163
2.48820755
2.12935394
8.93805824
13.45065422
1.95943207
10.78035461
7.15323914
0.77347809
7.41752106
-0.00933563
1.33744293
13.77075133
9.13744681
2.48047373
1.51908356
2.95742964
5.71416001
9.59297761
6.04207336
6.24263519
11.47656250
7.93591091
3.97188386
9.15404588
4.13782579
11.07710661
7.37121675
3.61763519
13.50435394
0.03827911
2.05423981
4.51435561
8.22242021
8.31595856
8.23762190
3.19987810
7.80904144
3.80122894
13.54931516
6.94677859
8.79687500
0.63671875
3.64684093
5.14441821
2.91198637
2.63667941
13.12935394
7.02779144
6.89408356
2.09810394
9.31990103
3.02706338
5.25435394
10.98437500
10.40946255
9.25805851
11.59443374
6.67074357
3.56099457
21.39603170
2.33133755
13.24483931
1.38183594
15.40600399
1.00557652
11.94482048
1.93754432
11.97582447
5.38843085
2.45365636
3.67517121
10.10644282
3.16699468
13.00488032
3.88875554
2.38175476
4.74129211
2.57812500
6.98046875
5.15168440
9.02019060
16.01847227
3.18461214
5.75231716
10.82856273
8.50326684
8.55200133
6.03478724
7.36385444
5.15144836
1.99682679
8.65970856
2.24609375
19.63011636
9.92847739
1.71919769
17.61271055
11.53804411
14.82055851
11.67533356
17.20402039
2.97851562
4.06685394
3.92232269
0.19812012
4.81986481
16.80826408
6.28398049
4.56205231
9.40189606
3.38110938
2.13396387
10.96992576
7.68286569
12.85731827
13.58941599
8.24076573
1.13085938
0.03510009
0.00021118
5.30513519
13.18630680
6.18271176
4.93302305
3.90637300
3.66601562
24.77829986
4.43257536
2.93310671
8.01562500
10.88577904
2.18107491
0.04501343
2.23884032
7.89965758
9.94889406
4.68404144
13.16727505
3.93819370
3.72460938
4.15625000
9.88146942
8.78649933
8.57377106
0.00416321
1.59082031
23.69095856
15.73908799
3.35120345
20.59517177
12.40739140
1.82991578
12.79182486
19.50407358
1.43847656
7.10066711
2.30078125
3.66886414
1.63138824
5.99084442
0.15071656
0.86523438
7.98762190
6.46948803
6.40893617
5.16341312
1.50427277
1.81933594
12.94819039
8.84433067
1.14888519
12.40094637
5.52092863
3.88476562
9.85579344
15.20491578
6.45837433
14.93705231
3.04235871
3.36573438
12.65825243
11.89300781
2.37740082
20.47867797
15.75602172
3.51875886
2.08984375
8.41601562
10.52343750
10.72566711
5.82902039
15.43391844
0.22937105
4.21048981
4.96004211
10.63024933
11.60847961
1.16646332
11.17293274
8.84464539
2.67578125
2.35937500
16.07775723
4.09598847
8.59455674
2.93095689
20.23758755
12.75280917
3.31909242
2.05273438
7.15217642
0.69433469
1.49142010
10.38281250
1.27876801
9.91523826
6.86556405
4.39408356
13.52587766
16.12994903
8.28219968
5.49601507
13.14733170
8.06824135
3.39233710
8.22131317
4.22855497
7.69421542
0.89111328
7.62544769
8.82454344
2.85709718
13.60212448
4.96578346
1.77437721
8.82812500
8.57377106
2.28019226
2.51578735
0.28328492
10.03470856
3.40083832
17.01065603
9.03197806
3.46473071
9.38000333
4.18249667
6.68359375
4.82539451
1.29614694
2.63085938
6.14798981
20.27216126
2.27300476
8.36193817
6.75557403
1.90441988
1.57670074
14.65489695
5.51848348
5.20703125
3.27388519
22.88675934
3.14274047
2.73270722
8.83939606
13.10996212
1.61767703
9.35623117
4.28048758
6.75008117
15.28381317
11.53365082
6.85339262
7.53348847
1.71158937
1.19042969
1.84780613
0.76840480
7.46093750
4.17381816
11.91362477
3.74414062
24.23038010
5.76961990
8.38627106
11.83146055
4.67199800
9.26127106
2.40759308
18.95764129
2.75003436
2.51257978
9.60502106
5.57857269
4.73527039
2.93159942
11.74397828
9.72656250
3.62890625
7.12186614
7.26920656
2.55619293
15.36681350
4.12899490
9.62333222
3.84932403
3.38114472
1.81880707
13.91869681
3.17475787
5.53305075
10.21439606
0.05118836
4.15144836
3.18679383
3.08176085
4.91271942
5.12679078
8.41841644
3.39017731
5.87935394
1.69628906
1.12500000
3.73607215
0.89433953
3.79882812
6.93570922
21.98595216
7.72701019
6.42488586
14.73351397
0.67949080
4.51908356
5.39989362
7.96639849
5.78259308
4.10156250
2.84826629
17.82137024
12.57556183
6.98124114
2.69108156
4.62702931
12.28800975
2.22070312
12.32287567
11.60550809
0.55936863
1.99076324
11.05326262
3.63834718
10.37873985
18.37585356
1.98665780
2.59313996
6.49263519
3.05134323
3.79830673
7.68692930
19.66914700
11.69824468
6.37243683
10.20340537
2.31852670
1.64115387
16.00735484
4.09342531
6.14095966
7.37544769
6.14798981
-0.00520813
15.71093750
10.41121399
10.12740082
7.61372894
3.12019836
12.34541778
4.01891124
0.98572805
3.84810394
12.04943817
6.87544769
8.57031250
0.00338257
7.72220856
0.80029297
2.30859375
21.60697418
3.01748948
2.90438552
11.01562500
1.94148742
5.94921875
1.52327515
12.68015958
7.09673647
0.75634766
15.73061614
5.69382202
7.05065825
5.03950272
3.45122118
9.89908688
3.37479831
1.07474762
6.29471521
4.35673315
10.49963099
1.86063940
4.12109375
11.56615027
3.32357934
2.27433289
9.04162567
15.60821471
10.03483156
2.44307403
0.43139711
2.58779948
1.30575520
5.88326019
2.01171875
11.85465204
4.46911901
13.18232436
13.91728501
17.18135528
0.37406465
15.85619681
2.52661569
29.76708112
4.24508532
10.33763963
10.60677748
5.39933289
6.38627106
7.16385085
0.57475509
3.78092531
9.55073693
2.57035682
20.23017592
9.18726396
4.72611481
2.54931641
10.90625000
1.98482269
14.39664672
0.02227814
4.21484375
9.64106273
7.77991688
10.12398161
2.37300753
19.26367188
12.31941711
7.32657026
16.32385970
3.01310118
3.81933843
2.57661957
13.25500333
5.02234042
5.81884641
21.22308401
9.29363807
13.05115026
3.99653646
-0.10595205
13.24129211
1.41007508
12.60403702
1.67135361
4.44441711
17.61014739
3.30045656
3.16210938
9.99490803
2.17350842
1.77937805
7.35265459
7.83679853
11.62154144
13.19095856
1.74556488
12.46479943
6.00785682
11.03730608
12.71269392
5.04642731
1.64107269
7.91406250
13.59645059
4.49729941
1.89400238
2.26953125
0.01783615
0.87792969
23.98530412
11.37459663
8.08516761
3.10742188
11.21695922
12.10245789
2.94185394
13.17854610
0.74963597
1.72318512
14.06342725
3.61137743
10.48086215
3.16021054
17.40677887
9.21899103
2.55294104
5.18155696
4.40482823
16.45417277
4.45748891
5.28470856
22.67345413
5.43323470
6.23360261
1.17480469
3.20312500
19.70865875
26.43972851
12.43860704
7.84619016
6.71932070
10.96785461
3.44030917
3.73437500
19.37755320
4.77824911
8.59206602
10.87530030
4.37980164
1.96671570
0.95947266
1.67089844
23.75381854
4.26168439
3.20577847
14.26753878
8.54777039
1.46093750
9.94083555
16.48510804
5.97265625
8.43534021
8.56600288
4.53125000
11.91969527
3.62237809
4.07812500
10.89062500
13.77600067
5.96317597
18.55379211
5.44606495
7.38641400
5.07421875
8.39850621
0.56190242
6.44794687
14.01006094
2.39648438
8.51256982
6.56555518
7.91406250
5.76204344
5.38639406
7.36629211
20.43021512
20.49637412
17.52462322
16.76562500
0.38537629
15.85619681
2.52661569
29.76708112
4.24508532
4.36311392
3.81681460
3.70438940
11.03816711
2.34073914
9.72760528
7.47596741
8.23258422
2.70597351
14.35990138
38.00849624
8.80681294
7.40592531
3.42667664
1.54146332
1.62544769
6.54227505
2.69738863
7.88248781
4.83158356
2.81970246
1.35351562
5.23896499
13.38859818
14.25577571
1.86185948
9.49654144
19.04943817
3.21228058
2.14453125
8.51907359
2.89108266
1.76810699
7.35265459
14.58635084
7.43871011
9.81527482
3.38753546
7.61328125
6.62544769
5.56062057
4.65377548
20.78442321
13.69147247
10.68844968
8.94685727
1.78821143
11.19531250
17.18049424
5.82731826
7.17879211
14.70633941
7.57241800
12.92847739
7.86127882
7.93360247
1.12890625
7.26562500
3.67187500
2.84810394
17.09187805
9.94473183
7.77735372
2.49772218
7.20402039
2.04012024
2.85681183
16.29227505
7.63760417
1.35723016
14.47477172
10.41752106
2.02893035
1.97579011
15.63236481
2.63415558
13.06509752
3.77474623
1.59082031
12.51353392
3.01726839
10.28560394
4.42008422
8.95491578
8.91587767
5.29896608
9.29678635
0.84383865
4.05769836
10.28502328
15.82101493
0.17207887
1.99076324
13.91406250
3.06250000
10.33235594
1.96301363
0.22351074
5.78628768
12.25187943
0.26509613
13.18916778
5.03304078
19.30244903
3.35229554
8.33247894
4.34920102
4.84220523
5.11473239
2.67237699
6.62923094
4.83907136
11.46004211
22.43705231
2.31835938
12.15038564
5.92908244
0.58247894
7.71101618
0.86959081
5.46748560
0.11767890
5.56941711
1.61320008
6.34943706
12.62623005
8.59073914
2.11088043
12.38960661
8.57043550
1.68253601
1.42480469
20.27254211
19.91583190
5.06563386
14.91190271
6.14094969
2.81282967
6.85111481
0.15201844
2.28970440
2.46473071
6.77762412
2.99536569
4.55122894
3.87154144
22.13289274
4.24141511
4.06339539
6.06339539
8.79252106
9.58223294
0.73319675
20.38719582
3.55225731
12.49116911
12.83516511
4.26741578
10.31416778
23.21128139
3.20605718
8.97912567
0.18172242
7.61193817
2.33532746
10.69685727
27.12178683
12.68228502
3.91537123
8.15100067
14.39037899
2.74227116
5.77510528
20.61892959
6.79619126
11.80379211
13.83621195
3.44410239
11.24462766
15.69698028
7.85872562
0.90372742
1.57551751
3.49495733
3.17805907
9.52445589
14.14408356
4.26261414
1.33886719
15.15480431
2.60355995
6.14888519
12.46785461
8.74507037
4.33110150
21.73803524
6.51932956
3.35591644
11.98091644
2.45853668
12.65396720
12.54736702
-0.01434264
2.53498549
17.72426528
6.22713320
6.67097961
5.07343640
4.95826130
7.30558289
0.03742462
4.01029200
8.73820257
2.31986481
1.66841644
7.19681793
8.77779144
15.81250000
0.15299469
17.98902373
14.20815325
8.58602615
11.26037567
2.92277039
11.30468750
10.23632812
3.01021332
3.55830840
3.07645722
4.08024047
7.77176972
1.04492188
15.49438165
0.58817847
5.54585661
0.95414339
1.59908051
16.62320922
16.53023161
20.86689717
0.49592642
12.07426307
3.73645113
16.05769836
7.07323471
7.26660904
3.03359653
4.57427304
11.81160461
5.78259308
0.82910156
11.64383755
3.10827792
9.80859375
11.10335328
6.27343750
0.09622130
0.22904512
14.64485594
7.80904144
13.95491578
16.65653037
2.33895334
13.07812500
4.17187500
3.95674590
3.40893617
1.45410156
14.38838653
16.56148161
6.43685062
10.48839429
7.14352282
2.01652039
5.08414672
3.87198914
2.77628601
16.07315603
3.95374002
6.58605054
8.81193927
20.35351562
2.45104887
15.55391511
3.75134308
1.46822113
11.00691711
14.95466977
-0.02648770
1.57466644
14.62222518
5.59652482
1.13732879
12.58850067
6.00077239
1.51070285
0.55732872
2.96444038
1.85786957
10.56115692
9.83097351
9.38012633
1.69950410
1.06001801
7.84407469
6.53649933
18.09847047
3.87080840
10.16674867
4.95568817
4.85367797
9.82649158
5.79773603
5.40234375
6.41455078
6.96072335
4.29265403
5.33984375
11.50333555
2.82780031
6.56986481
4.03560394
17.66890348
1.89359652
10.83504211
8.12543773
9.17233266
4.12857159
5.35234485
9.04397718
2.59863032
1.31442375
8.80468750
10.34004544
2.22457003
5.60570479
1.39803911
4.37845856
14.12857253
9.42208665
8.60937500
2.57198090
3.07076019
11.90356383
13.71381539
10.62586103
18.74768284
1.85628546
5.59330231
10.46093750
2.32466644
11.41060394
5.94730497
2.52880984
1.65722656
10.16214872
2.88589706
5.09362700
6.71920766
11.59785794
2.55375277
3.74727449
6.22611481
0.98824066
3.43135528
2.19409242
16.00340426
2.48548703
6.06237700
1.22705203
0.83109527
19.75000000
16.78487090
9.23616578
10.58235594
0.19079683
10.53560394
6.21439606
6.56685394
1.22318512
1.64257812
1.89497894
12.70966811
9.74496232
3.46679688
15.93855774
12.06070922
18.39603170
6.10274822
6.18794769
1.14994293
14.09720856
2.31099457
5.68713099
8.55070257
0.71280945
11.17097961
8.09464539
2.04056793
4.04992022
1.40515791
20.62064606
4.39933289
7.84072917
7.24866688
2.70312500
13.86111149
15.49480496
9.06673094
5.62410461
2.03332613
1.04199219
10.58242465
9.18230496
1.56933594
10.77249280
4.09799091
10.82519282
20.16853945
23.45646304
6.37515736
13.95207225
0.87300504
5.74365359
9.52840149
5.99654144
2.57393340
15.98582894
1.65906914
9.88281250
5.14107269
19.26309619
3.41659131
2.53080231
5.63281250
15.67923981
5.38326019
4.57185727
18.67264739
8.76676640
4.10982269
2.17773438
20.92722554
5.44515514
2.20507812
10.95852671
4.90084330
2.52690104
6.32421875
4.49218750
13.32124225
1.77641400
9.23848294
11.77445589
9.22823152
7.06205231
6.04687500
1.82910156
7.11718750
15.08430408
12.56759197
1.99320340
9.71569482
5.56746897
10.89139739
10.16206007
5.41964649
3.76752882
2.91366411
21.15909353
11.23934397
4.87019836
4.65401153
7.41710772
10.86638076
1.31062805
2.91585328
2.61149047
17.67605165
5.60262771
5.31482712
1.71785212
8.23730718
5.78605164
2.31400543
10.79748504
8.21964539
3.47192321
2.62422761
7.37804522
6.99846021
3.69067321
4.08951906
3.42923981
5.14692709
8.87808954
6.08154920
0.98665531
3.84570312
4.58400876
17.11955895
1.64799479
10.49636415
4.75094968
15.22647385
6.75232712
3.53710938
8.39037899
2.49288120
13.44877106
8.81506317
1.36560090
9.74519836
6.54988586
7.16975953
1.72477172
23.41324081
17.34831560
17.51773050
5.41586325
5.01774047
7.02164672
8.69108156
17.23002106
3.02823914
0.56791168
9.51655475
8.79940381
2.94966644
12.69156860
8.07902039
5.79386414
7.45703125
4.83203125
17.05663564
2.22103280
4.32902039
7.50659242
5.33800865
2.35294991
2.31144226
21.03956362
4.16313275
6.65625000
4.81180630
11.40560062
5.02909021
8.79301307
22.73851729
14.93579787
7.86084109
1.53568263
6.01810948
9.32210203
3.14526429
8.32120789
4.13281250
1.45943207
16.28621399
22.53613032
4.96130651
8.11718750
3.15808012
4.82780031
9.58813165
11.60103612
0.87679078
0.00745667
2.91597410
5.55000886
4.15433622
11.01139406
8.06864472
16.00228866
6.81348404
12.35681183
7.87935394
6.58894836
1.32759613
1.84863281
4.83955342
7.71859264
6.06294769
2.12740082
8.25244016
12.36385195
5.58044216
4.27592198
0.28397613
12.24885860
1.30448581
0.14693238
0.38964844
4.89831450
4.65547761
9.25435394
2.85351562
2.89253380
2.59489140
8.67122562
13.31250000
11.04508422
2.29866578
2.13476562
7.05712766
-0.03326291
4.11718750
5.97912567
6.87270972
5.37724844
10.69287234
4.06250000
11.05085993
1.01448858
0.16894531
2.54449432
2.81534851
9.31250000
1.22265625
10.43623560
5.64274047
0.97713569
3.25561461
4.43103058
8.91279810
3.53853612
7.39331117
13.08353170
5.55127327
0.63761539
12.00153480
12.10649711
3.62980164
20.95507812
14.86706450
1.78768007
0.93314606
9.39062500
11.12759752
2.76693373
7.99414062
17.96439606
3.70735594
1.62325105
7.52233046
13.46717087
3.85709718
1.76953125
11.53271360
1.13330203
12.70479278
8.07397274
0.35693609
12.82380292
8.01481826
18.57275266
10.34411901
2.55753601
9.40677638
4.19360040
1.89376385
21.91634032
1.83178773
8.32722961
2.89091035
10.39485594
5.54956117
5.17622894
4.83467310
6.46541445
6.04227505
1.26941323
1.81054688
13.95323804
12.77592853
2.29882812
10.23054743
10.13664007
11.00256317
0.24715211
3.82185229
0.28805158
16.21919769
6.24865692
14.67533356
0.20837433
4.71919769
4.26171875
4.96785461
6.28397053
0.65149518
2.63212035
12.80212433
2.86328125
13.63948360
10.66943484
5.79174867
10.86372894
2.20869903
3.55887910
12.15279144
6.64408356
7.20962877
3.67708998
8.34029144
0.75899199
1.78641816
9.93957115
10.48140846
14.17531362
3.67279033
5.39512135
6.07212322
3.17036957
15.14216977
5.83785128
4.77030364
4.33081117
4.03951019
3.06490082
9.82031250
0.85061936
2.94540115
6.55814606
0.79101562
16.93334026
13.27803745
8.47665115
2.91699219
8.54418883
2.46183289
4.81127992
1.42601978
6.25374889
13.99654144
1.78222656
16.16617797
5.62288453
14.17439384
3.96187721
13.33861869
9.74870124
14.13423427
3.71098182
5.50158660
3.35050476
7.28125000
2.04536957
5.13704344
3.50899324
9.09029144
19.07287567
6.12007536
2.83968140
25.29687500
11.24377535
16.85156250
2.76367188
10.56685394
5.60502106
5.42622894
13.96244255
6.61764516
2.43404144
1.09179688
13.75858489
5.58471742
3.55318207
7.37109375
3.29882812
15.74430297
10.23091644
21.88956726
16.17956450
3.69348238
4.72656250
15.57187515
3.29687500
10.41227172
2.15067597
9.39664672
7.23107381
7.07105053
13.48404034
11.74654144
0.92957446
10.10937500
0.95304383
3.25390625
11.28893950
12.63280168
4.52465758
8.24576906
13.67923981
4.88716644
8.78893950
11.84643617
9.95568817
1.74983765
4.56416279
0.13253338
7.37064606
2.32271332
2.53710938
9.35892731
8.83158356
8.18058289
1.47558594
11.50589872
3.92223903
4.37024268
5.70658356
1.24353058
12.82107482
12.23128048
5.91043662
3.32385970
8.58939606
10.65742576
6.91109596
4.56038453
7.97265625
7.66841644
0.00766754
6.83548981
5.72957336
2.72204621
19.81611592
6.31705563
5.80510084
2.25073304
10.06506317
2.57991578
0.77197266
12.63260085
11.88342752
0.98201850
15.88041168
2.44921875
6.32832669
9.07914339
14.60721521
8.37024268
8.85156250
13.62304688
3.25675476
4.91105164
12.06839872
8.31954011
9.18583222
10.43079970
6.07116357
2.92130928
5.14419659
3.69174091
17.55814606
12.41542541
1.42757203
1.29349762
17.15625000
10.59720856
13.60579344
9.39843750
2.87902925
6.93175865
2.87142342
1.55898902
1.76453789
3.41601562
7.42911680
4.05135195
16.31481716
10.25679161
6.67773936
6.25044769
18.46439606
9.17789672
0.74605441
7.87365692
4.01533965
4.83184897
7.34466533
8.92443817
8.45491578
7.62935394
9.87577239
6.27221742
13.38972961
18.22435838
7.97806295
11.79143395
11.78783245
3.24243600
5.63915891
2.78390181
3.37650543
9.58247894
12.23258422
1.65511109
12.27217310
13.09322362
10.41573028
13.16239472
5.59944703
4.98030142
8.25407358
11.66694039
2.03183067
3.97477172
2.02673371
16.73437500
4.27779144
4.49218750
4.39933289
3.99917706
4.23641179
2.33378767
13.31416778
2.79325410
3.28515625
13.31957447
12.01151706
3.14111702
6.69966644
13.47163786
10.64074800
3.53275543
3.63146942
7.51101508
8.83497340
23.76025266
2.78361148
3.26367188
8.29329344
7.74189717
4.24951795
6.74027372
1.23042941
1.50944453
4.03080231
9.19339872
10.66157303
20.34884197
13.75997229
2.68990082
4.83927305
8.90059057
4.59884197
6.74955231
15.96651153
2.64091035
4.69905142
2.17834940
8.53381317
8.91242908
19.63296986
12.94157358
5.18535017
5.53426086
16.19083555
5.05704898
13.91137633
3.78633699
3.89603668
8.65100067
7.79784907
2.33435339
5.37568374
2.72197251
13.68314606
1.22550476
11.59260860
10.34790226
2.74023438
6.33504211
16.12243683
8.98783356
3.95943207
7.78914118
8.51164007
4.76562500
15.50602172
8.40022828
12.83385389
8.18079454
8.86246454
4.54032690
18.13627106
16.28232778
5.42679964
7.67968750
10.45133422
21.34069482
5.46623116
4.58548981
6.97074247
0.34834933
11.15791778
11.82970413
2.39519060
7.74910461
5.74698914
6.43013519
4.64530364
13.45747894
9.00488032
5.49345190
6.48604278
0.44515015
0.15116363
7.62036071
4.38505097
3.07991578
10.48783356
8.28429522
2.44271498
9.41406250
9.92284409
20.02840647
14.97603612
6.18110927
14.54304743
8.23678080
3.80619293
2.49698914
6.41324579
5.23820257
7.43180297
6.25614472
6.11592310
8.31543218
6.63114472
7.12845856
5.62304688
15.34887633
5.03605164
0.96948304
4.29445373
8.02433289
4.01517731
21.98046875
10.56176197
5.65698803
18.91499225
3.32133588
5.27343750
17.38525266
3.15576296
12.55529754
3.86808289
8.25870789
2.88041168
6.08512079
3.61755651
9.71248227
0.23665531
2.25976562
10.65498560
7.56783300
2.91646332
5.59151153
7.80045656
1.23144531
7.69909575
15.72579011
9.36975067
3.18733765
3.93310173
4.80517952
1.98384613
5.06461547
8.57271332
9.69185394
3.38627106
7.04341644
6.90881317
19.19848072
12.94153424
1.70637938
2.75988863
8.27737312
21.86520500
5.32173676
8.80289672
17.07982713
7.97665115
21.20115692
6.36435394
16.56685394
4.70747894
5.16182403
10.86462433
5.05948914
6.92533356
12.61584442
19.15368683
2.13476562
22.64399491
5.74663009
13.45609527
2.83925426
5.01046431
3.39249944
10.27779144
4.55513519
8.27343750
0.06217438
17.75361592
5.01591533
6.29341644
11.19232603
5.82195589
4.61462433
20.30236785
13.09696255
7.35526706
12.02689606
0.01804658
6.81807403
9.43839539
11.20011414
8.22216423
5.27047096
4.25390625
6.61226286
2.75935229
4.23926529
0.66267883
6.38460328
3.05468750
5.97220856
15.84850233
6.60612810
3.05513519
6.40055297
7.37878325
3.84622452
0.89637134
8.62577239
3.02657136
6.40234375
2.34525543
1.19921875
13.24926696
20.57840537
15.91544991
7.82959109
9.07722961
1.59073914
4.63671875
3.39491593
1.89223403
3.70869903
3.23466035
7.67053192
10.86808289
2.47488600
7.86739915
1.27335633
1.62988281
14.07861328
4.30456450
8.33862367
10.14229278
0.23217836
2.64315069
7.24903590
8.63525391
4.37890625
2.51607269
2.61132812
15.69051086
12.94113574
4.61222850
1.60603945
0.57568359
4.41752106
3.42036957
2.78469734
11.38428856
1.49804688
11.40689938
2.50972628
7.74841340
8.91406250
1.68713099
6.89880651
2.49458832
7.22989805
3.68611757
0.35742188
11.61144615
7.84619514
6.47643950
2.33545046
7.76472961
1.69380707
10.72131317
9.08793152
18.31098959
1.62109873
2.31250000
5.20681960
3.12911790
8.76997894
9.88793883
2.53861481
3.22660184
9.02368351
0.82621246
3.99698914
21.31388305
9.32377106
0.94169160
17.82405142
1.40641733
10.66406250
6.64379322
11.60131649
11.62410461
14.93156693
7.63627106
0.19429473
3.86641511
2.27734375
11.15010528
9.56725732
7.48966866
0.35131836
3.22773452
0.86787124
2.24256150
10.38207447
1.33464123
11.60156250
1.50406236
5.97396498
1.62064606
6.94352172
5.20666224
0.94161292
0.99560547
7.42097961
1.96586090
2.07316101
2.30318207
11.39819149
3.61157413
3.69657192
5.66868684
-0.19977200
5.17565077
6.14384751
6.34118683
5.97586880
9.20426640
5.62410461
17.08865803
2.48901928
0.93839539
21.71732574
3.77505597
20.37708111
3.65511358
0.42366578
5.92312944
4.09640181
3.06640625
13.05240470
6.28511193
0.71131150
7.76472961
3.85697418
9.02087433
5.48046875
13.07377106
0.38008637
2.72460938
2.57035184
2.85489182
7.03760638
9.37250555
9.16875110
4.70093085
9.80033356
1.80025238
4.72566711
0.00011719
9.15811448
11.66325576
2.37320922
1.76350953
7.44921875
3.88867188
1.30610428
4.17721298
1.18302305
6.59464539
7.22985871
3.61897828
6.02420989
3.16719636
9.70222961
4.60245789
8.98091644
2.73978668
3.74190215
0.59061738
1.65865082
14.69518950
11.07619695
3.65837544
17.81494016
15.19633089
0.27974457
6.75602172
4.94737368
5.29615691
8.45300200
8.70377438
1.19238530
3.20357269
18.71826110
6.92110261
5.44803303
5.94169658
7.02343750
10.55459885
8.07475509
6.43143396
6.45919104
1.11230469
4.61843695
2.15544824
5.65970856
10.86283356
13.72363032
6.43652593
1.64986176
11.61193817
3.82995512
5.15816378
2.04687500
13.14318817
4.84219775
7.70565381
2.04146332
0.64200867
18.63614805
7.39843750
8.54264406
2.73152649
7.47941101
2.30273438
6.03995789
10.10912899
14.81787234
7.44319703
2.18208832
10.28125000
10.28212545
2.23215646
3.73543274
5.50569703
6.80948914
3.75349790
2.78165835
0.80082184
8.45108821
2.99227116
4.27388519
10.07377106
10.59187057
8.51794216
7.15031693
8.77893284
7.08369903
12.65881317
8.61686281
5.30468750
2.00931793
6.93750000
7.57535018
1.93531083
7.60098183
5.67982047
3.05468750
16.93180297
4.78304078
9.65189606
3.63810118
6.33349734
6.83308899
10.03369016
2.97261691
4.41817044
2.95532413
3.89648438
3.62906860
4.37881760
11.51660904
7.51752383
4.81466976
11.22310394
8.49397828
5.42610594
16.23270224
9.23153147
2.29040558
8.69095856
1.28011109
0.39139801
9.79959553
8.16915447
1.92720551
3.62369127
6.87105939
2.66149933
9.09375000
3.55664062
10.96504544
6.55794437
6.10452405
16.78223404
3.10219942
1.17457612
2.58548981
16.07025821
7.16065824
9.76806516
3.33545046
8.56250000
6.27262079
1.28161901
1.14986176
9.35782026
8.26994459
15.82812500
7.47109041
8.06787234
8.10847961
3.08223294
11.73116245
2.22505707
9.48343030
5.42208665
7.34830563
4.60270390
4.09029144
9.99938498
7.56567819
5.87821255
15.16702904
6.00297650
9.76269282
11.84606716
3.70150155
2.59598847
9.11527372
15.30289049
10.68681626
4.46740692
0.97696961
3.15909851
3.58942854
13.40031693
4.16585328
8.56205231
3.18167997
5.98673648
8.16060394
4.74955231
0.02814759
13.27643839
7.25391622
7.08247894
12.19185394
11.91035794
4.95984042
3.87516235
6.53304078
2.14933289
6.61059508
3.22729554
1.60599762
5.36914062
4.72310394
15.37602691
9.56083222
14.41707336
3.34810394
6.31896942
5.44352172
1.28149352
8.64652372
6.59508312
4.53765070
4.70658356
15.55948416
14.63073139
3.37244680
2.64676972
11.00691711
7.83296100
1.99996564
8.87935394
0.06158447
8.49898161
8.25589872
2.84399601
11.85424867
3.86091977
3.19774518
4.57430740
4.35974401
13.60758422
9.16927125
1.79785156
3.78906250
10.34094083
8.48091644
9.96146388
8.90808510
4.97701019
18.76818817
6.62544769
3.42036957
4.44531250
3.02832031
1.53177887
2.69771332
16.86779754
5.83772828
0.27563477
6.72912567
7.85652150
12.39482158
3.35099180
5.33260195
1.49076324
13.21244293
7.70825133
3.87813386
10.94506649
6.85917331
9.97073250
18.35444268
3.23197418
5.83158356
5.51863586
1.63525017
3.40462655
2.76757812
7.04036126
7.83463874
1.67675781
9.60502106
14.41808179
4.68246232
8.47758089
3.02929688
12.83939606
10.95800532
1.07519780
5.31640625
10.09464539
2.60262024
11.85635417
5.52299977
5.23091644
7.62650543
2.31640625
2.78308012
5.73706117
1.98132231
6.48193484
8.52075133
1.44506898
12.03234209
3.93054853
14.55468750
2.07332336
8.03995789
12.31685394
11.46952239
2.54565492
10.95312500
16.32877838
16.25948028
1.79805574
6.77510528
7.23331726
3.57556183
5.14408356
2.49068207
9.88627106
7.50000000
14.97061448
8.41325576
4.19014185
3.51041999
3.01562500
14.21659021
1.68725897
10.37847083
8.25407358
0.81062556
5.12882757
3.83540614
5.41264073
5.17162899
1.76347019
7.30859375
1.50370207
17.92630264
5.07609818
5.35770722
8.31250000
10.11808289
8.41707336
5.34419769
3.34964872
4.74800753
2.83581450
6.89119570
0.20137449
2.48405031
0.45117188
12.38972961
13.05664062
8.52343750
5.68424313
2.81815769
5.03470856
9.96093750
4.12801086
1.68180048
13.71687306
11.41561724
4.53026596
2.89356216
7.87845856
4.61718750
10.07710661
5.94677859
5.73152150
0.57369487
9.99234985
6.90458222
6.76428192
4.31294769
7.11027039
3.54447418
15.22416168
13.26822252
4.00956892
6.13537567
8.44575272
3.32955673
14.53214539
10.98002106
4.36059508
2.22684785
7.73091644
8.23749890
6.48843861
5.46111480
6.71875000
7.17277039
5.24519836
5.43404144
15.06160461
8.42162899
6.41174534
2.98933899
8.42187500
2.20987976
11.77236980
35.72933732
11.49499667
3.14782746
14.40061171
3.93833665
6.07466644
9.23002106
9.34195922
4.51504682
8.65043993
6.25736481
18.46370235
7.23429632
1.10839844
22.17064495
4.49496232
8.00191378
3.34810394
10.66015625
22.58007812
13.07173427
4.23990470
3.71045545
6.55558289
10.05110594
10.31864472
5.12930962
1.94234596
5.44208999
5.48759751
4.15189606
11.26216644
2.00000000
5.88846521
3.03385749
7.39549784
10.18669326
9.09411901
6.10803192
0.14689148
9.95402039
0.87841797
5.01761747
10.10693484
4.50052638
18.39623338
7.46985704
12.89331117
17.63806183
6.77978391
3.13300920
18.94844636
3.15804576
6.98852726
1.97550476
9.50345856
6.65523161
1.01912539
2.34179688
2.60937500
9.14933289
7.10082447
2.29325908
6.53727172
9.54418883
3.87557070
4.31294769
11.56160461
2.89876219
11.46304300
0.48727532
1.95800781
6.24295989
15.25284353
10.34961436
4.85335328
10.72977505
9.03995789
3.13305851
10.41292110
2.64327183
13.76065603
3.47176584
4.77779144
11.07686060
10.86845190
5.95267731
10.05033356
8.24433733
2.59204787
4.12154144
8.72721188
12.22937167
0.95670531
2.28393617
8.71199025
5.26847850
3.41210938
2.26322418
8.65279144
4.48054992
5.71651153
5.67085661
2.34550144
11.21350067
2.68343140
1.69877106
6.53291778
9.00268617
5.51427381
4.49516400
1.08557347
2.58638519
12.80078125
10.84651298
13.00401929
4.20651484
6.16975953
9.48347961
3.64094969
9.69108156
23.86372894
6.67879211
2.99548371
10.06407913
4.49581338
15.47680851
2.14644503
3.54687500
6.80423981
2.17923981
14.62859598
0.21364859
0.62773407
3.17578125
8.49552305
2.47082613
11.41214872
5.91597628
4.05904144
21.67541224
11.27201573
6.91585328
4.57377106
10.09179688
6.09260860
15.21614251
7.10563608
7.40983156
1.56542969
6.44071255
2.77040764
1.87573803
10.32096188
3.36218417
11.36975067
0.07318146
16.64577833
1.18258532
15.17711437
6.57679188
9.24027372
0.39152164
4.91584580
6.38066267
5.65279144
14.07621122
10.15035128
8.74654144
5.37699247
1.79923648
1.50585938
7.98408467
1.95687389
20.07222504
3.81782303
2.55327072
0.27347809
11.04881816
3.02344747
8.62475399
2.77563663
14.52343750
3.87650543
1.15323914
8.59375000
8.02254211
16.01948693
3.69958776
5.18066157
4.65149268
7.02689606
2.50858489
2.64514129
5.08178773
2.37723847
6.57287567
5.50736481
10.54740138
2.27816046
4.57511414
2.46093750
6.31432015
4.34388297
12.60363365
6.47058510
1.59594415
2.32548315
6.52689606
4.35457336
9.36116578
12.28369016
2.59529726
4.19966644
3.36914062
10.53291778
1.93973847
10.84029144
3.93554688
0.01847839
2.45657359
7.68400709
3.35897163
12.20365138
5.50773382
10.77254211
2.82812500
4.98860594
5.78857484
4.59554078
16.46430741
2.78915115
11.94469748
9.31913674
7.15290448
5.17273105
4.03703568
1.16894531
5.60245789
4.31986481
17.26171875
11.04056793
5.29015958
12.10590897
3.34363696
9.22631649
5.22680851
17.09848541
4.00736481
0.81929535
9.76491136
6.69814161
5.61417664
7.63716644
8.78125000
7.28160905
3.05778701
12.04764739
5.93973847
3.91992188
2.08577515
10.70507314
7.00093971
9.40291445
2.41255707
6.63358489
0.93379793
11.22554411
8.57262966
0.40836921
11.06375444
19.91609929
3.23454233
11.45312500
10.24218750
2.32857269
4.73002106
4.69388326
6.14681405
1.77844332
5.32377106
11.33504211
13.63761414
4.60201019
5.12109375
1.12426696
3.93627992
9.68314606
2.33328818
4.50452127
3.66324828
2.16345246
4.14107269
4.66752106
3.82108489
10.12422761
7.84586547
9.33158356
0.45780488
10.37849291
7.00086103
7.31957946
9.44274933
4.66495789
8.33247894
3.06612090
2.17126496
7.55558289
5.67923981
10.65791778
6.42020722
4.30078125
9.21350067
5.27811614
4.60994570
7.16596632
4.84660350
3.45227393
7.09330231
5.95613586
7.68155696
7.95259862
6.31294769
10.92443817
4.34151153
9.68672761
16.73002106
7.46830231
2.47159851
8.48339096
3.09668716
3.26021332
7.65132536
13.00630209
4.64828014
8.37398161
6.64749779
4.88310283
8.81416778
7.63712212
6.98922096
2.12784851
18.78381317
19.05956782
15.91239472
6.24813054
2.93119293
14.27481494
4.12016400
6.77530696
11.92110261
5.10457336
9.77082004
7.50196808
6.22745789
12.01908356
4.01171875
5.91182403
10.18839539
0.74015320
5.89497894
9.01997894
8.69013686
29.55310837
7.52779144
1.94140625
2.85937500
4.87552887
15.73383866
10.99227615
3.03145169
2.35180851
4.68130223
2.78614029
5.71033244
4.24653646
3.86588874
7.43294437
6.76647607
7.20662788
3.15865082
10.16137633
15.39664672
20.68952433
5.44243461
9.12564938
11.86910128
0.65319855
14.51767621
0.74404254
6.14888519
10.87808954
1.74060339
8.99715149
6.91495789
3.72416168
0.15974945
5.10591644
6.02600067
13.02807181
10.98208971
3.56788231
6.12886193
8.90238807
2.45507812
16.54894615
17.03015292
2.68847905
2.76216644
5.67911680
1.47180269
2.81791168
6.05769836
0.22058137
1.09570312
12.35713653
1.77913453
8.33247894
9.36848626
3.72916999
6.47701019
10.01537899
3.96464206
7.29934952
3.56437943
0.90531402
7.25190382
2.13872118
7.91100732
6.21565049
2.42021719
1.63033051
12.87491135
0.51180740
2.04793274
12.93660461
15.58194260
3.71281693
13.41292110
6.63350620
4.64888519
0.96582031
6.08203125
1.22013243
4.45011414
2.36686281
4.53967254
2.69380707
6.03727172
4.38549867
8.58068817
12.07380541
3.68144392
15.98379433
1.64421653
13.25149048
11.64605163
5.04597961
1.58036347
8.06091091
5.78149601
4.54899047
2.88745179
5.58939606
9.87308622
0.08919437
4.31896942
2.78320312
3.85095246
8.48347961
4.65689938
9.15560062
5.39379322
1.51530529
12.58307902
6.01217641
2.22505707
13.93855275
0.93937694
1.37943512
7.02892288
9.39583998
9.71797761
2.56473847
5.88883422
3.49743683
12.72867797
8.08772828
20.05326324
2.68750000
7.89151042
4.49174977
7.86328125
1.46679688
12.86002438
3.43105497
9.45546209
2.42773438
0.49267578
5.08353668
12.68265404
3.84468971
11.50812722
7.17378878
17.63477061
8.65853280
0.19075562
12.97220856
21.71244293
3.31685394
15.88048538
14.24984264
5.06799534
7.09509308
6.57633422
4.24698914
10.68212766
7.86910128
2.84077848
5.40637300
8.47912567
0.37345398
8.64216977
4.49633976
5.92251441
3.66643395
9.36629211
6.76863586
10.43583222
17.97106716
1.42064869
2.28162400
12.72407303
20.87626814
5.42500886
2.72656250
5.23693817
8.48091644
9.94692744
24.78764073
6.14953458
2.00777316
3.45161957
7.02831782
3.87146276
10.49580840
2.76635804
9.48437500
12.00488032
2.87703679
3.51607269
7.07421875
11.07377106
0.80370969
0.34269351
0.36669922
0.17626953
2.09751570
10.85177415
4.23726286
14.35949800
3.84855164
7.69250333
2.79036624
6.31372008
3.75577571
3.49646276
19.63537567
3.86507203
7.30790005
2.67859042
13.01652039
5.28951019
15.90010528
3.04280640
4.42399047
4.41585328
6.12215149
9.94274933
12.86372894
2.54402649
12.79060727
5.47802859
3.43990082
11.38992133
4.81958444
2.49382092
10.50655308
9.45312500
8.85502106
0.87398254
9.31102394
0.06762633
13.60424867
0.03002930
1.55430758
4.59771054
12.56852172
7.93583222
5.75813719
5.54565492
0.65568055
0.55143188
2.37740082
2.76086270
5.45638187
5.25781250
5.63716644
18.48303192
3.40173371
5.98778923
6.93921210
2.94258699
5.50781250
6.73278591
8.40303745
2.10742188
8.24470634
23.46581782
6.46257092
9.36206117
1.77140320
5.10502106
1.64941406
13.52319149
6.54712101
9.59362700
5.76920656
10.26997894
3.28470856
11.47733489
2.12121675
13.95393174
9.43925642
3.54431183
12.62064606
1.80859375
8.44531250
7.01127106
7.28274048
6.51848847
2.05619293
8.79687500
0.02898163
15.57979278
10.43929078
15.11616911
8.52420989
6.39522495
9.80379211
13.41779893
1.66565658
9.13626607
2.68254100
16.64843750
5.04117797
9.92801972
12.11629211
4.65234375
3.95552582
10.29817376
0.44450202
9.63627106
12.62231383
16.50540022
3.41698409
5.34058178
1.66947667
2.94966644
19.07408578
5.00525930
3.32796265
9.93839539
9.91227172
0.79089387
1.39204926
13.81673094
6.38114472
3.25362090
2.20430574
5.55468750
13.43379544
2.38049036
4.34001108
20.45502882
4.59575243
11.49898161
9.10502106
8.90637300
10.81099457
1.82609070
3.80664062
20.19494598
3.21032746
10.29793274
1.53019226
7.87455231
0.74308289
10.70479278
2.60725953
2.76997894
14.81221465
6.88716644
4.51696808
8.39062500
4.58638519
9.43045989
6.05737367
3.16646332
2.15653037
2.80981881
4.03906250
16.97989805
11.04353945
6.19877106
8.67813276
1.61137743
0.32515473
6.27944925
2.72986868
25.47753906
4.65445922
3.90608765
10.06250000
9.92097961
7.11681849
4.46264960
5.75390625
14.58239030
12.26546764
8.94030917
3.16646332
5.62231383
21.25569703
12.48527039
11.28673538
4.68791334
0.79443484
4.49263519
7.86763519
11.27600067
10.90307181
3.85730385
3.01591035
6.35546875
5.45233766
6.73711546
3.24865692
10.85974152
5.34240692
8.70491578
9.32287567
1.22399933
15.87176662
1.56347656
9.90523161
0.10038363
1.75174646
6.04122229
1.06685394
16.95315936
7.24845523
8.12382424
5.69018617
0.28519684
9.33158356
6.58959774
2.38891788
8.96943374
3.05640458
0.52738434
10.61827461
5.01543328
1.79785156
12.54295878
5.81161458
5.08638519
5.80423981
11.04988586
4.21272828
1.03568512
8.24564606
5.62052305
0.75146609
10.00589872
2.39839816
3.39062500
13.84545213
5.67684397
3.76391788
24.21529144
12.91064453
1.93021637
14.62650543
5.22355164
10.64908688
4.21976839
2.35530640
4.43570922
0.95979859
2.13716644
12.89741911
7.30961214
6.58984375
2.69563719
2.92981050
5.91181406
11.18104055
1.94531250
13.13809619
3.84282025
9.84720856
6.94986813
9.63908023
9.33455009
9.44759530
0.83736176
14.09064052
7.31560948
8.06250000
1.39648438
3.40039062
15.35184287
6.71700354
0.45776429
7.41190271
1.51265846
6.60977837
10.55774268
6.59855164
3.56791168
5.55435284
9.04196032
4.09163453
2.38085938
11.93225067
2.98962433
2.97070312
0.72412109
7.86457503
14.26583665
1.07617188
9.25207115
7.94324135
2.17187500
5.63012633
12.99905032
7.37863585
3.26367188
8.30802305
7.03438386
11.81339539
2.03365082
10.85066711
0.88273133
5.28807846
2.31348404
10.11762523
1.61284352
4.78470856
0.02834076
7.39558899
2.50480164
4.98009974
6.80070257
3.41495789
0.68806945
5.63716644
7.92521055
1.70023714
3.48588043
8.12845856
2.26908356
1.24255402
9.37796155
6.50444259
4.32658023
5.12455231
1.41939301
9.03189938
2.21704091
1.74048537
11.33092919
6.30729499
17.73669216
5.47033909
3.08789062
11.05033356
3.76594221
3.74329454
8.56250000
8.76985594
5.30436281
13.67097961
8.07902039
3.89619903
18.52433289
3.59879267
10.43228502
3.75000997
6.78470108
3.36035904
8.29252106
0.43721527
2.93404144
12.74731383
6.89152039
12.06774933
8.62398161
6.27596132
3.20161957
13.53470856
5.10724956
2.16317708
3.42736785
4.66105164
3.03125000
15.49873560
7.11275487
14.51643174
2.15572861
10.02990692
16.75435394
6.60445036
10.12246994
11.63497229
6.36959330
8.75089539
3.03560394
15.64093972
4.28830008
10.41752106
0.74605316
1.38671875
4.65490692
6.74161680
3.64884585
1.27734375
9.21881871
4.92526484
8.08504211
9.82018950
9.77445589
7.89664672
7.00301086
5.42110261
1.83233486
2.53692264
7.93404144
3.48002106
14.44954344
7.92545656
5.15917221
2.63184341
8.71936004
7.41918883
3.61731050
2.88521332
5.98380430
0.10595797
12.20544216
15.61987367
16.17780807
6.64486591
13.85323028
2.43627992
7.19832336
1.62829621
5.93003658
2.70668217
4.20955009
4.33341866
29.19843640
5.60177415
2.93912843
9.17789672
13.16483489
7.86014739
7.43428745
5.86718750
7.71561614
13.29206339
8.82630485
2.50826019
6.33935649
5.36525930
2.64515624
10.76513298
1.29594276
4.52734375
3.96724457
9.40189606
9.80551863
5.23700243
6.61629211
0.52868683
3.46244293
11.95019282
5.39054632
1.93762051
0.19714511
20.89215980
18.01038563
10.19832336
3.46598515
5.17578125
8.49456787
6.67179196
6.83349734
2.28605164
11.11002438
0.68823429
1.77689606
4.94310838
4.54907912
9.14843750
6.82006649
12.19466312
2.77433289
4.36750222
13.64979055
2.01981660
0.61865234
20.33789062
5.72611481
6.87052305
3.09102449
3.84944703
8.69136504
6.26545767
1.57031748
0.99361176
17.87584608
8.08704454
17.02737811
2.81397107
5.65714539
11.84798094
1.77799562
2.54882812
2.84572326
3.01757812
3.28014794
11.00231716
6.31323803
1.43415573
3.18547318
4.48917664
4.81640625
0.61971008
3.88370789
0.77970149
0.86682347
14.88342254
1.92321808
5.43253103
13.81046321
14.74536569
6.79724401
1.76659907
3.18457280
7.65934203
3.14937223
1.14156222
2.60396332
9.33670989
2.26680574
7.37561004
2.09659851
6.24942930
14.73449800
3.75089539
6.67297208
7.91296542
3.56115692
11.69787567
2.39961824
9.20714429
11.29712101
16.62944197
11.14916556
3.21020944
14.33683289
2.11734985
1.49165863
10.80032857
5.22294658
12.24898161
16.93416445
5.94966644
0.96089691
9.91316711
6.39330120
10.93437610
5.07076019
12.86360594
2.01184175
7.80106162
4.45284463
4.94486481
9.65261415
1.71847960
8.42700133
7.10079011
6.19531250
10.20747894
2.21980774
4.59106383
3.76831117
12.66817044
0.38456394
6.13671875
5.00000000
3.17781306
8.68786901
4.78962323
5.04240802
12.82979278
13.14241578
5.63326019
6.04630430
3.09387300
6.28906250
10.46248227
1.36556156
5.11164783
22.27507092
5.95222961
6.13326019
2.75000000
16.53967254
10.33772828
21.67268174
5.67452681
12.46439606
8.16548427
23.13102172
3.23759253
4.81782303
10.58309397
3.83886968
5.41361481
5.39839318
7.01611702
8.52343750
8.59810394
4.19954344
1.27461824
0.20178223
3.19189391
5.33817597
4.83992243
4.93742132
4.44230164
3.82377106
15.48201352
8.38818484
2.27974457
11.25781250
20.36478170
2.71379100
8.80228668
7.43794769
14.84619016
1.74658328
13.46629987
4.43559618
12.93725399
13.27714206
2.43253601
2.91271443
9.29582225
8.30468750
0.92472351
13.92968750
2.42187500
4.27083001
2.29752936
10.28906250
15.21081450
5.25028037
9.91646830
10.71004211
4.02522828
2.38671875
3.16361481
2.07086575
1.05014682
12.88012633
3.28588929
4.79988586
15.81595856
4.33214678
9.16020057
4.44209995
4.07043550
6.86283356
4.74674313
4.89176640
1.64160156
2.88476562
10.24820922
18.02464761
5.89409352
2.53768007
9.99731383
8.01428192
4.68367243
5.91454455
2.58655751
7.80423981
6.44274933
10.28035461
4.10681183
0.94193512
5.42923981
3.80122894
9.89843750
3.32421875
4.45658356
17.71244293
4.27298981
4.49263519
8.28560394
2.43554688
6.11372894
2.75781250
9.75735484
10.55770833
4.58292664
8.29687500
7.12198914
11.75361592
2.13114971
1.07519531
10.49596576
7.18709663
3.74768284
9.57812500
6.98713985
6.28405917
10.67891511
4.48437500
3.34090149
12.74453901
7.38046099
6.03515625
10.18635860
3.99422429
8.17968750
2.40147835
19.92396110
7.29117797
15.95402039
4.25453705
7.12455231
6.16451019
4.96651153
9.67187500
3.35034242
0.36206055
2.02773010
1.88240415
1.34220523
2.44380707
14.62970801
8.50672539
5.97489472
16.29150266
19.93526153
0.55936863
1.05220551
9.18615692
2.57271332
3.64347351
14.32457780
18.31726728
1.44364472
11.27945922
3.48030640
2.71699856
3.53300144
2.24068207
5.39453125
24.69794438
7.87057734
2.84944703
5.51908356
9.86975067
9.92277039
0.18937195
7.34293329
4.83984375
1.46228308
0.96777344
10.83113586
11.01623504
8.77176972
4.20601286
3.80420046
11.19531250
8.55240470
-0.12515861
0.33056641
3.33751507
4.53203235
17.58459442
8.06774933
9.12206782
3.95080784
4.52433289
9.01997894
8.19787567
0.35754426
9.06252439
16.67307069
3.53979554
13.61348294
11.89331117
23.86385195
7.13887356
2.34505374
13.74295989
3.61018673
24.06469913
8.11034907
2.83793495
13.13627106
2.11734985
1.49165863
10.80032857
7.29626994
4.60599513
2.42179632
7.30948914
0.86767578
3.44518451
23.57975842
9.70747894
16.99010639
11.88009197
1.88911957
12.18750000
9.20646055
7.79821808
11.65547761
17.02400695
9.09696255
7.14612034
13.81282531
22.57071587
10.12785101
8.30481050
2.32694426
10.54055298
1.78964815
5.03958264
11.93258532
0.71093750
2.83520446
4.08495845
6.13273382
16.57556183
6.55859375
11.96634420
5.12740580
4.97989805
8.52534132
8.17985981
10.89351286
4.58837766
6.59232823
6.36213985
3.70036015
2.00044769
9.06546654
4.53174202
5.35579344
6.81223405
2.92661790
15.69603558
6.25098404
3.31921542
10.99308289
3.07185229
4.61369459
7.23783356
8.14997230
3.45940270
2.32076019
16.75781250
9.65301752
5.75880651
4.29520722
4.38537567
11.79162567
6.66849513
9.59245124
22.45890152
3.89603668
13.92667664
3.33007812
13.32454344
8.09016844
5.15307181
9.13760417
13.43869569
1.49609375
2.33081407
7.13029366
7.51599401
3.06099457
9.98950133
5.93493683
6.63459331
1.91513020
8.63736813
6.75280917
5.34375000
2.51607269
4.77343750
8.55619293
2.65669769
4.19185394
14.67431516
18.55224734
6.71048981
1.07812500
11.31969748
0.76571116
10.69787567
4.89326685
18.33630651
7.28304078
8.11283356
4.44966644
17.73595413
0.35095994
16.86113821
7.18918771
4.77901153
2.91674867
7.14017731
7.07421875
9.23388298
7.25260749
0.81713929
1.22949219
24.07722961
11.17646249
13.64824080
5.41820479
11.23943262
6.63671875
0.66743521
0.82438608
7.05680297
5.96183289
0.22379578
19.14290282
3.00659242
11.58885971
8.06848736
0.84655917
8.30558289
8.03035461
1.25886525
0.51501994
6.32287567
12.22113037
8.55212433
3.98632812
9.85412567
4.41105164
10.55468750
3.54402649
4.21964539
1.36253855
1.41557790
11.93493683
3.46573914
7.31685394
7.15580231
5.37629876
9.56783300
3.35274324
9.83593750
8.09273161
1.90140902
14.92229279
4.17230080
5.85100177
3.07491245
6.39062500
6.90824247
17.99410128
5.84375000
1.17675781
7.80687168
18.45720606
7.61702515
2.32991578
6.81339539
3.12471465
5.17801972
2.16646332
17.52298981
9.80981383
2.97843196
16.61731050
3.34798343
5.14363586
9.15022828
5.87154144
1.42525238
11.21544881
1.86568705
9.23437500
8.33490914
4.19019614
8.15112367
0.45678711
12.11132812
10.01370623
2.51949689
13.75809287
8.32259530
4.13736813
4.01286015
15.48771055
3.23103945
6.31013852
4.65139905
5.17322805
0.82080078
14.96606383
3.63114472
11.11014739
5.55346742
0.08011902
2.11970011
10.13327016
5.30110594
5.44608489
2.73181308
2.21875000
15.94942044
17.35962101
6.36283356
0.96431488
9.21785461
7.22899269
12.92680961
5.37544769
10.83504211
0.46028687
4.68750000
4.55330009
8.29826241
4.93329345
5.99639405
5.04296875
5.83939606
10.23002106
10.28995789
10.50691711
2.18253601
8.71439606
2.87305694
0.03153504
0.03250122
6.08149241
3.71358931
13.62793218
8.13179411
11.19030917
2.55033356
11.99121094
18.34375000
7.71875000
12.63614805
10.46093750
3.10994570
15.90287262
0.20442719
0.80078125
11.34696255
10.39778812
13.16149933
8.80468750
2.56054688
11.30101729
7.00411790
1.25496399
1.65226258
11.56595856
6.41304411
12.79267842
4.75342420
3.19169160
6.16707336
7.36010306
8.57080452
10.40458222
8.21785461
1.58622285
7.03576629
6.64888519
4.91796875
9.81506317
2.61718750
2.54626496
7.26818817
10.51216644
11.38370789
14.15625000
2.63923510
0.76896803
1.78462738
17.42263991
4.12867021
15.87845856
5.09855164
1.04492188
8.66406250
12.16393950
6.41809175
3.64843750
14.38256649
3.45373504
0.59871648
1.46041600
1.40317043
2.67533356
19.08178524
11.83047651
7.66541555
9.68367243
4.26554632
8.77343750
6.66658134
11.24580092
4.18551750
15.73270722
2.49112976
1.10982269
13.27246031
2.43343140
7.02343750
3.54402649
9.12935394
9.84810394
7.20357269
4.94156860
4.75826019
14.00744349
9.22994237
8.62678580
2.80078623
14.57031250
2.11734985
1.49165863
10.80032857
3.99504100
3.22399933
5.68257536
10.85681183
5.21407136
22.68725399
16.33760528
5.76045435
14.19120830
6.32666016
6.33548981
37.33858184
4.33036347
33.37434065
0.05635528
12.05021055
3.56954011
0.86226472
2.41288176
6.74096742
3.03426086
6.93538453
0.22786438
2.61958832
3.93314606
2.47248643
2.74378158
9.08247894
16.75512633
2.34299942
4.43237367
7.68058289
6.74955231
9.57299867
7.70357269
0.14953613
4.21695922
16.38191711
9.48786791
3.32182291
9.27713210
4.92969747
8.76652039
0.94185394
1.78365082
10.43660461
6.30501219
2.46301363
2.00585938
4.98099513
-0.04060602
5.92027843
5.76994459
3.28642065
9.17968750
2.98917664
3.97273493
1.34969304
3.20056183
3.07617188
16.65926086
6.06774933
2.21743629
0.18881371
0.93066406
2.70568100
4.40462655
7.43139960
2.19425476
0.70463043
5.76338653
6.34989472
18.89505326
5.38277814
5.74104610
4.64445257
13.82979278
9.18929078
7.30814606
2.82377106
4.36853058
10.13281250
14.74129211
4.40189107
4.89001994
1.85103363
8.49566240
13.84896498
4.02734375
3.12455231
4.35982269
3.31525613
7.79220633
7.53560394
7.61873227
2.04296963
3.78296210
3.85481439
3.95288397
5.18347075
9.46797761
6.02913453
4.37019836
8.07812500
2.79341644
0.38574219
7.41015625
15.58491911
32.57352816
3.54793274
3.09118683
5.94140625
0.05068970
0.65433746
12.03816711
5.97745789
9.13281250
11.99519836
9.54854278
7.65747008
4.19038786
4.20605718
3.07421875
4.50390625
18.32710661
5.53047761
2.02673371
8.93069593
3.03154033
8.42928413
0.90535336
2.19197695
4.55712766
1.02872867
4.75691711
10.39152039
7.05513519
21.37500000
9.77929688
3.78906250
5.38281250
17.80053524
4.89380070
2.65820312
4.60982269
6.49218750
2.35233489
8.43367243
2.97180518
5.91185838
12.56425642
2.79341644
4.81656361
2.98617076
0.12125610
2.38753297
3.17187500
9.11360594
6.83125886
1.43750000
11.75492817
8.17953014
11.60668883
1.38541750
2.10546875
6.99385528
6.26517731
1.29792526
7.35177415
1.60058594
16.89549535
9.22905695
9.61629211
2.59029144
2.61763519
2.30904144
6.53125000
4.62455231
0.28120941
16.36962766
12.83760528
5.29763742
4.24167109
6.86328125
2.78515625
5.07031250
6.96947806
0.66333444
17.86885528
3.49763852
1.83303968
2.18087821
2.84765625
14.12828624
6.98315492
3.01433122
6.12422761
1.68509918
4.85636414
6.50858489
8.03682403
10.48136414
5.77612367
13.44274933
1.63439910
3.47054078
0.16825348
1.25760832
-0.00825926
2.31278670
6.39474290
4.19185394
20.32454344
12.45491578
3.07405640
3.53710938
7.97477172
13.33850067
5.91658134
24.53487588
13.26448360
11.85847961
4.08451573
5.40279144
0.18261719
7.33112838
2.77010693
4.45593417
5.58638519
0.30692535
5.75390625
5.60201019
9.13809619
1.25643506
4.63281250
3.24157621
3.00358156
7.16361481
1.62882508
8.19787567
1.80310090
12.60842532
7.72917996
5.03995789
6.82377106
4.03214539
11.02433289
2.63309068
5.25867353
6.23872894
0.59818512
4.45666224
3.31722296
6.98046875
6.31205231
15.68827239
9.20898438
7.48795656
5.82812500
2.61718750
11.40445922
3.73046875
0.37512238
4.36592310
4.34501440
7.21875000
5.90991024
0.51741703
1.32023133
17.30678283
10.23962433
4.13236481
10.81250000
20.56589217
3.54850842
7.89266179
14.18855774
5.55904144
2.04687500
17.83328569
14.51922171
8.83370899
14.26587101
20.21244293
6.44173094
2.19710328
3.66630097
3.36763519
0.18400055
8.12845856
9.31339539
0.82914215
15.31525488
2.95286852
1.53862976
8.76012966
6.22143617
3.51106937
9.58504211
2.23091644
9.63537567
5.03637633
9.32478945
2.37064606
6.27331450
2.29345329
5.71545877
6.03454123
4.85026374
4.18505984
2.80318207
12.01989030
1.67391677
1.93871136
6.61060505
2.33701537
6.47054078
1.65384918
11.36611855
4.64511192
19.06668662
12.07222628
5.09155585
10.49132647
7.61715314
7.94230164
2.61673981
3.24641844
3.57629488
4.28381317
3.41780640
1.69201006
5.57463209
8.99848959
13.09618767
6.25981493
2.74475067
4.21663453
4.37109375
4.82767731
19.93904477
6.97489472
4.03100648
4.69339872
3.71569980
12.72875665
3.31706061
0.22900328
0.00799623
2.43011453
10.23226950
15.53426086
4.97997673
15.02010195
8.55070257
7.60054411
2.26949191
3.48876829
8.26318484
8.73347961
0.54195160
1.98242188
11.73620014
3.53723736
3.82857269
6.91573028
4.32991578
3.02844083
4.12390292
3.91947418
2.46354001
3.29105746
11.67456117
2.71289062
7.09586547
16.74528929
3.12296321
8.89099401
3.59903868
2.88606937
0.76359070
14.17789672
4.55443152
4.22816156
7.18404144
2.70117188
14.34952571
5.02022495
4.34509308
5.20902372
10.25602172
16.68065659
3.85934064
4.95784796
12.23002106
7.76171875
5.14741911
0.35888796
4.77033799
6.06413342
0.48877078
2.99218750
13.16926315
2.65182236
14.13268950
6.71932070
9.15881317
3.72550476
7.98490138
2.13244847
12.87398161
2.29187167
4.88671875
6.92293274
8.68058289
3.71398770
3.31966312
5.88281250
7.75301086
19.84606716
4.53361148
4.75454068
5.19536679
1.31734596
3.54536957
9.85233489
15.23315492
9.39017731
5.94929743
4.32299867
8.43082890
0.62495941
9.71862700
2.63924257
7.81160461
8.37087960
7.19821032
8.50805851
8.03727172
0.72001191
1.04980469
20.14843750
15.59719763
22.19377085
5.07031250
3.25948028
6.44230164
8.82645722
3.18277206
4.17420212
3.28681156
4.51254543
1.89737727
3.86230718
18.06509503
8.24252216
2.02254211
3.74430297
3.75028535
7.41451019
0.02985107
14.94185394
11.92354278
4.60380097
3.55904144
10.27990692
4.60253657
10.13574468
7.19274933
4.35668883
1.08178773
7.29630430
0.26546328
0.66699219
15.84647053
3.87699247
2.55538619
13.91060394
2.69669493
3.05721132
0.69531250
11.87074912
7.12143838
18.53401485
9.34053745
11.81250000
1.45117188
13.02909021
4.36588874
6.00781250
8.35502106
9.32531583
3.24697917
12.68770667
2.29277205
9.35693484
1.75089539
1.60058594
8.39289783
2.35079510
3.56262176
9.41585328
1.25345856
9.86181641
1.35261089
1.80921376
3.23437500
3.37302611
14.31607658
4.10954233
7.89017731
12.55354610
11.89443014
8.07712654
1.48030890
6.18404144
5.85591644
6.59285461
4.56640625
25.08157857
3.63285682
6.19957032
5.64796542
17.42578125
2.56311004
2.48767121
4.10502106
15.56843806
7.96476507
2.36962891
15.43290005
6.02941490
0.75688275
3.56334110
1.16171597
4.15753879
3.05852504
3.24324524
3.35664949
6.47521942
4.11116578
5.30927499
3.92957446
5.02490359
4.59375000
3.34244626
2.77909519
3.59810394
5.49910461
2.62544769
10.40958555
5.29789339
3.94600371
2.78890015
8.05122894
4.75736481
4.40702239
5.84598847
0.63765473
15.39843750
4.01607269
25.23437500
4.20133422
3.36507203
2.38867188
7.70479278
5.72285794
4.51810948
4.61673981
4.09810394
4.57722961
8.18058289
12.13793883
0.42875215
5.19323637
21.36340425
1.95996094
3.39798981
0.01511658
2.55379211
5.37784353
2.41797373
6.69095856
4.33068817
0.97354915
4.55911514
2.89995290
11.45340537
2.42086159
3.84432070
1.72265625
1.26506509
3.13941489
5.16015625
3.39603668
14.40869016
0.84814578
9.28893950
1.79744570
4.46732574
7.85208888
2.01481078
1.27372534
8.43404144
8.28426086
21.50869792
6.92489583
7.99898285
1.75781250
20.18501552
9.31889073
3.99629544
0.72973820
5.22265625
8.81506317
9.79829677
4.64445257
2.07031250
5.76953125
3.25728114
4.93098626
5.27181405
13.04080896
4.51624002
4.83638519
5.47061946
6.02542997
1.61287788
7.52509531
2.07691489
11.57108489
1.44161043
5.90156140
5.60087876
1.13285433
3.82421875
9.34631317
8.03075798
1.89697639
11.57812500
7.75915558
3.59240692
2.27913453
6.80740803
3.29163065
1.02746675
1.76509613
8.46642288
3.27397384
3.50329621
11.07031250
4.08247894
3.43391221
5.04952681
6.30122894
3.93074524
1.58398438
2.10734070
3.70507812
6.76293883
2.82181793
3.19169160
12.17622894
4.08247894
1.12405904
6.05318705
0.14726683
2.01066101
4.28816711
2.45776429
8.03560394
0.42232269
6.15535461
0.22220887
7.46004211
7.23091644
5.56551086
17.77766844
9.83092421
19.23958998
6.69881289
2.86564273
13.59104389
7.75090910
7.42452681
13.51639739
12.27937556
9.58016179
6.19307403
3.37630374
24.70406916
12.11701572
0.54862519
9.01847351
1.52689606
8.48091644
4.02343750
6.33496094
2.02722075
3.34822695
1.09285461
2.15474457
2.94201629
10.79866578
1.82560118
1.87280336
10.63716644
3.71366301
7.39465425
11.37284021
4.38843085
12.23566878
10.75546099
1.75292969
1.64558899
3.15767426
5.28112700
8.18819246
6.32946808
15.72208555
13.53572695
2.73588043
5.63281250
7.78132868
5.27363919
1.52726507
5.86206117
8.52099734
7.24745666
3.79882812
5.55468750
7.59036514
6.21672318
4.22521942
8.62861592
11.03625333
6.22709884
4.03951019
4.93359375
1.98623948
1.82776595
8.15279144
1.28906250
5.79162567
9.76908356
4.14398494
6.84954565
6.16406250
15.28067930
5.66463320
11.15344083
11.21810062
1.76668274
1.09126801
11.00617908
1.39616467
2.22896332
0.08467590
0.77335633
3.43570922
7.25251884
3.87817819
3.93314606
11.82108489
6.85831228
2.25810283
4.39107269
5.43359375
0.65043121
9.17264739
3.43199531
2.06865469
11.01587101
2.59570312
1.97265625
13.99030807
6.89916556
1.75851617
9.05122894
1.32177610
2.63789949
2.41678801
2.27836214
4.29252106
12.49486370
15.51189106
4.48693817
4.08630402
14.60803192
2.89888519
3.12935394
4.43794769
6.03426086
8.71093750
3.55549923
0.25744847
6.83593750
17.09874834
5.78079981
12.10832225
3.72660682
3.36088043
3.09358765
19.67956450
3.73706117
3.80798371
5.62154144
1.71341949
8.30122894
1.99804688
1.89168274
0.63761414
0.24548340
3.21275765
1.80530751
7.48929964
7.77298981
2.17024657
3.32283632
0.74169922
4.06835439
1.44434092
14.15970856
6.24417997
1.32755679
5.37487700
1.89082918
1.18253601
6.19474180
1.85799257
3.21830231
14.94429411
1.66117464
17.70133422
11.54662899
4.73086464
6.01869015
9.63960661
1.81066988
9.43750000
0.27095551
3.05708832
1.48197418
15.62471465
2.80692597
4.64729610
6.84098515
5.73547208
6.79622562
0.46289062
4.25496399
12.54777039
3.12174313
3.09310062
12.06213099
9.05460882
2.30664062
7.97611481
14.46065507
5.89420656
0.86083984
7.24425366
3.97990802
15.89835384
3.57385472
10.53665670
2.87785350
3.25645945
12.85702349
0.01896273
9.83360041
8.80607989
5.08370899
15.83011747
18.92981050
5.08426972
1.21386719
20.53237146
11.56499445
4.17562389
4.29064910
7.70247064
2.99027870
6.87500000
2.44771332
10.67443817
12.13326019
23.49429300
5.08928302
8.91804743
4.62629378
1.47844691
3.43625998
7.09454232
1.61568207
6.48771055
0.10079043
6.87109375
3.35363738
9.17712433
7.33203125
6.47656250
0.80029297
12.78275543
7.57857269
8.00691711
0.15995301
4.79988586
3.74058968
8.67591422
8.05122894
7.59765625
8.41992188
3.21289062
5.14318817
7.09944703
1.60449219
7.61970634
3.57560616
1.38920074
6.27053968
1.77047595
4.48783356
7.57812500
8.40078901
5.06059618
2.36763519
7.61360594
8.26831117
0.47237152
9.35579344
2.90641359
12.94148493
1.20154089
2.96320784
4.33814162
11.97054078
7.68025820
6.49796321
9.06799534
15.10233489
1.93086824
8.99564606
3.86914062
4.80558289
2.18359375
8.87320922
0.66735871
3.19335938
11.72208555
6.32869570
1.43750000
18.93773604
3.67163896
6.64363586
5.08556849
11.77470190
6.67142731
8.71443041
1.89193373
6.52734375
1.65820312
11.99592144
3.18649157
6.38114472
9.34810394
8.00939163
2.82894669
3.05273438
4.31941711
5.68013519
10.59224457
2.89664672
0.22517945
0.12416565
7.72656250
0.04654969
2.02689606
13.06404477
11.06237700
1.58451573
3.32246824
12.72093917
5.29032690
1.83952404
2.66886414
11.79727837
2.74524268
6.12500000
1.67044077
2.19442708
1.16959469
4.04411015
4.42533356
10.41752106
4.86763519
12.93546321
4.99768284
7.85534575
13.59476839
3.47806793
16.93086326
18.15547761
2.22053143
4.03927415
13.12036569
6.01171875
2.65881317
3.47204621
1.26757812
17.03661237
5.84575243
3.55513519
9.65100067
13.77343750
8.87486703
1.33696586
10.30814606
8.82902039
0.14672852
3.08548981
6.64453125
14.28381317
3.90441557
5.55961214
15.23079344
28.01565936
0.06762633
1.62821504
2.44380707
6.73258422
1.99202515
3.95959442
10.68253601
20.25488032
4.78853612
5.31628325
17.81998781
15.09992908
3.50654311
17.60446531
6.02510528
13.98225953
20.76607269
3.58503713
4.51093141
3.32244791
0.59964996
9.77254242
2.82617188
1.33398438
7.34497008
11.07584220
19.43131095
17.72229720
7.98693817
2.95398105
5.14139739
4.57478945
10.50691711
6.21618683
7.46785461
13.39933289
5.67622894
11.48689758
2.37552831
9.74178413
11.53335550
7.60238918
5.91227172
6.63114472
5.12109375
6.84720856
9.32377106
6.82857269
2.49894226
7.39843750
11.34798094
6.26590287
13.49992630
23.11718750
6.24027372
8.66251773
5.34317930
4.65592531
3.61808289
0.36425781
0.02998352
2.61633270
4.22355164
4.12528037
1.42159463
19.35863697
1.16968334
9.14408356
3.53352782
0.89705507
4.14493462
8.93750000
9.70272163
1.10644531
2.46075771
1.90109928
12.70312500
4.31941711
0.66593445
5.37779921
3.91561724
3.93900543
15.26232381
3.36613475
4.38716644
6.80078125
6.26171875
10.30455951
6.93913342
5.67134613
4.95869903
6.83471742
5.37064606
10.21337766
8.89945589
-0.00851928
0.21817930
0.07434175
2.50931793
17.01493130
4.67647495
7.03381317
5.26472961
9.57299867
6.99701851
5.60124778
4.82210328
3.94681793
14.73514739
1.90201906
2.57950743
0.09562258
5.31685394
22.70084220
9.33386635
2.10066462
2.62536901
13.51127106
0.41837586
1.76713043
11.47159353
9.29057291
0.41186523
6.57963043
8.67402483
2.50415724
0.01110077
0.70170074
17.64220413
7.73625443
13.04934952
5.84518173
1.73722351
17.42578125
14.48347961
0.68111176
1.17089844
9.56347656
10.13972961
14.47234827
2.81571753
1.31250000
10.65433622
6.63126773
9.81506317
12.35123719
19.26171875
4.28202239
9.02856383
5.64253878
9.12154144
0.11564117
1.34375000
7.95747894
0.09283447
15.52778148
4.64787677
8.39766511
9.73437500
6.95524047
13.59199358
0.77299728
8.35021942
11.22310394
3.57316101
1.94824219
6.61706450
4.43371675
4.79687500
1.97240775
20.24101174
8.75000000
14.88960661
2.65922152
7.62890625
5.78035461
10.86575577
7.03910682
13.20487893
14.10746122
9.50972628
2.50000000
0.78271484
5.73664783
1.18034436
3.80423981
10.53051758
19.85729389
13.37752881
0.35941559
1.45117188
15.38707780
7.91145501
2.52568594
12.88089996
6.21158688
1.17602726
0.80566406
7.18134531
12.46557929
19.08979943
7.11341422
9.11746787
15.61422096
6.47532747
5.38343749
7.99308289
0.29484070
7.33158356
2.11958832
2.01570617
3.01171875
1.15714539
0.24415952
0.40519351
2.83984375
4.69877106
10.65970856
3.51188110
1.28169769
9.32506982
9.77482491
3.99527206
2.55550919
11.12410461
6.40714539
7.88972961
0.94799742
6.17065492
3.15567930
1.12264101
7.72701019
8.26908356
13.07058757
18.33346298
7.74422429
3.00467864
5.09407469
1.28503574
0.96561614
6.32389406
22.14998227
4.32613253
8.29764739
3.41764406
3.34500942
9.90649601
3.30033356
2.50104527
6.23910793
7.90803081
16.01685505
4.51607269
2.70372756
7.47498337
6.82271332
4.38671875
0.24906402
2.21679688
17.09151153
0.28090268
6.51631870
15.78336547
9.59554078
5.15946255
11.62322364
13.59744015
2.18868074
9.75423094
5.86250886
9.97598183
13.66362477
11.66536126
3.68721963
1.33858184
3.23225953
2.30167664
5.20043883
0.61425781
3.92216035
4.41406250
4.04104998
5.39840314
7.93541889
6.01628186
1.65812195
16.47894837
4.64437015
24.38432291
12.23849290
6.54296875
1.73478086
2.58150238
7.09041445
16.45658356
20.77591202
3.72062943
5.15384918
8.25732048
3.60596077
2.43777164
4.38498226
6.00736481
2.73607464
6.93917774
13.76127106
2.04394531
14.61706450
10.63728945
8.08939606
8.32633422
0.36844941
4.29414451
6.61210549
3.64302582
7.78727172
9.32242797
7.42110261
12.53035461
5.97745789
11.22566711
3.23527039
4.57076019
12.30635528
5.14180512
8.20970745
17.37240248
5.09155585
2.39648438
12.25256317
9.02115470
8.10038674
5.67309508
3.21993074
12.55635528
0.96362367
1.34960938
14.94819039
1.76079399
6.08593750
4.76204344
5.32735261
2.32271332
9.51199413
4.14966755
15.12154144
2.43811004
2.18688996
10.60156250
4.72566711
10.89184508
19.47643950
2.39253878
2.20402039
15.51025266
21.18416445
1.82893922
2.69742797
6.23136414
7.26562500
10.00056073
0.30404560
19.69352172
5.08772828
17.09134918
7.33638519
0.43896484
3.76517731
12.09631317
0.05678346
3.21511664
11.10022938
5.31844304
3.61914062
15.60156250
17.42443817
5.00524933
13.75389628
0.82129903
11.54508422
3.36657746
1.42427582
11.36088043
10.66727505
10.89432956
8.70837433
2.47851562
9.53202239
10.88309785
5.53906250
27.73444870
18.77967087
8.99369293
29.13162678
14.97640514
3.09699192
14.59467975
2.44524379
3.69149490
1.23347961
4.34765625
3.77229112
1.23055740
5.20274851
19.65235372
1.57946808
14.99173981
13.48286459
6.63426862
7.14670101
3.08284298
1.53267675
4.26472961
11.38199891
6.63423427
3.21300366
7.52926750
14.75512633
8.80431849
6.81209663
6.06791168
8.43225067
1.24397828
3.15625000
1.79630430
0.18831484
11.85611895
14.56162455
6.92769503
8.30867243
10.29289007
7.07783467
0.90706920
0.75435394
12.85937500
4.59765625
6.06424646
2.40840979
1.56347656
5.24955231
0.20869965
2.64648438
10.34248560
17.80049092
5.28492021
8.17354278
2.73014406
7.12385860
5.52156804
8.75691711
0.31783051
3.56986481
3.15091326
6.53577127
2.71268894
6.10502106
10.52025931
5.07047983
5.82320036
5.51997894
6.08260195
7.07844969
3.22428468
2.10652649
4.55720634
4.42025155
2.20267731
7.67488586
8.22398937
5.36329122
7.39798981
5.90055297
10.81774933
5.35472698
7.48384862
10.07198775
13.25333555
5.70760195
6.67968750
0.38769531
2.95780364
5.48620014
2.35091810
6.02945922
3.99397828
12.98583112
7.78499141
3.83908133
5.93269836
6.11462433
8.85042110
3.12178745
7.91406250
8.43119293
2.23482269
17.04150266
4.85347628
4.11149047
4.74910461
10.80375215
25.52301419
15.43153257
19.89176640
2.13793883
3.02160738
8.70747894
7.76127106
4.05732436
6.02051529
1.34448304
12.34187057
6.46403701
11.14241578
6.39216977
2.94677859
14.39062500
10.37243683
12.57617188
4.33939606
10.62670898
19.32519282
4.28462987
6.31205231
10.83593750
0.24796570
0.00743484
2.55760597
15.48125110
4.67602726
3.56445312
10.69966644
0.03509002
2.74856577
2.94186391
2.58744293
11.00512633
0.95723543
4.27835218
6.66606493
1.27335633
10.03125000
19.68314606
0.04979462
8.16128768
1.00277482
6.55566406
9.99129211
12.23054743
4.74691046
7.59183622
3.29878878
2.49475067
8.94710328
16.01723848
5.02182402
2.28320312
3.70898438
14.42919548
5.44971077
0.98974609
7.26300754
1.71310726
10.77779144
5.49039672
9.94661126
2.92387245
3.37365692
4.50524933
2.28755707
9.04687500
2.88725623
21.45728723
8.95658356
6.30566406
12.52331450
3.53625582
3.57226562
6.53568263
1.85884862
5.89875222
9.91810172
6.77298981
4.33638519
6.96394836
-0.01002990
0.43579102
8.44067321
7.87410461
9.87858156
0.60111481
14.69624225
3.07959607
1.51484140
2.28305075
8.69127328
13.02132224
14.01627438
3.13261081
5.59362700
2.75842379
11.30891844
2.18868074
9.24324524
21.36960274
7.24652703
3.59029144
17.64497894
0.23791504
5.74942930
0.67887453
5.91015625
0.27502254
14.29396471
14.90562056
5.72591312
3.00044769
9.34362700
8.89912124
0.65621814
6.55244903
3.23856660
8.44160794
6.99198581
4.23684702
17.33053579
20.32649657
7.60953236
5.08065381
15.46569855
11.41059398
3.30034352
3.57558373
10.31306162
18.93800199
8.39998227
14.06876773
8.56685394
7.41528258
0.09289613
2.50976562
3.77863753
3.39775376
9.68088764
2.06956005
6.74507536
2.27596132
4.06506317
2.60921265
19.21529144
2.88867188
9.14408356
11.55712891
20.33825466
3.53914616
6.52644836
7.87674646
3.72135749
2.99263519
8.07287567
0.08101441
5.26500499
18.56071919
4.69925311
0.47599928
6.73392731
21.20226397
16.74645280
2.66891843
2.92646271
5.70959442
4.10546377
5.87874889
6.82421875
7.84838431
1.87622506
19.86570147
15.16172096
17.70259862
18.01818817
3.91735871
9.18570922
4.12723847
4.63236481
3.76757812
12.90083832
8.93994016
15.25227968
20.70087656
15.32010085
3.59230385
16.90279144
7.14497894
0.22607422
4.70982796
3.62077903
4.86975067
3.85530640
0.50325500
5.60457336
3.78368518
6.20654920
6.09855164
2.34570312
2.24835786
1.50453124
19.56294769
6.18660461
10.81484653
2.36199246
2.11853058
9.42101397
2.01843916
7.37845856
0.99796570
4.53125000
5.72957336
0.61275238
9.15625000
5.25390625
13.05317709
11.22712822
4.84742021
4.43627992
8.75870789
2.69140625
8.41573028
2.39632203
3.01021332
3.16780142
2.77083001
3.66248337
14.98002106
5.28515625
0.55411805
29.28421155
17.17477282
3.98921598
2.88728945
14.02075133
9.77347186
6.75700576
9.43660461
10.82902039
0.06348663
2.77929688
8.48002106
18.21048981
13.87243683
0.48685699
10.19095856
6.62784851
1.09578430
4.58031915
1.99825354
6.04618130
7.93864140
11.64473294
9.58093417
7.34977172
1.18387910
1.71875000
6.12829123
0.61825022
3.13972961
4.44531250
-0.00687133
4.94127328
16.73841422
4.44173094
20.82120789
7.05737367
18.65625000
0.22961426
9.90970856
16.24929633
12.89328180
11.20658356
7.23559508
3.88102172
2.51513796
6.50390625
4.41230608
12.63219748
4.02580895
4.90144836
0.07926453
10.50166778
0.64294465
22.24246787
15.58707890
9.24828541
19.64295212
1.58825715
6.38671875
6.94486481
10.27779144
13.90612700
7.93326906
11.31070922
11.77575466
2.54472019
6.34432070
15.85847961
4.60781528
2.20122617
22.76460661
17.90682070
2.25480164
3.76596971
5.58608044
10.33288232
1.92716866
14.57226562
7.38326019
0.30037414
13.64152039
1.42578125
3.44066345
2.92818207
15.28010860
5.40629183
12.27310284
3.54789339
14.68413009
11.79968417
4.80610927
9.51029698
9.95991911
3.11580507
5.83683289
13.61869293
2.67923981
7.12186614
6.25134308
5.45145722
5.63326019
4.68983656
2.60508532
5.02343750
3.85362866
15.73035571
2.91015625
2.12695312
16.76082336
12.87386047
15.56250000
12.29866578
5.79295878
3.85848958
7.02042664
4.25146111
0.28125374
4.10892731
7.11331062
8.27491356
1.32609070
9.79243241
5.26961990
9.09375000
6.41209442
8.92282468
11.77612367
14.87154113
5.20902372
2.57190159
15.56595856
5.98091644
8.15535461
5.21760860
1.79109929
2.14549784
2.85503102
17.56595856
2.41646332
0.97900391
10.42150599
13.53943151
0.92919922
8.15177305
16.05197558
2.55237533
4.87064606
11.61299092
12.13683677
15.96717087
7.88126773
0.57702668
18.90625000
6.03169769
4.31494016
3.25643007
30.11088043
6.52779144
6.63671875
10.20307071
22.00245511
9.97643950
7.32478945
6.89363586
6.06798538
9.06872341
8.26608266
5.64497894
1.08446643
4.95776928
6.75569703
1.77669188
5.61385195
7.69592254
1.93599457
4.38012633
4.50695832
4.20145722
12.61299092
23.06009420
3.67692265
2.49915392
3.60396332
8.06046321
16.65835862
0.42985981
2.36226036
3.86755651
4.35469636
17.69122219
17.88549742
5.14139739
2.20353335
1.02832031
3.48847297
3.84746453
1.44238281
10.85668883
7.99234237
5.73267287
4.15124667
10.10233489
0.33662996
8.05814606
1.72469055
4.68802971
8.64152039
9.80342310
12.74552305
11.97164284
16.17193374
9.39333111
21.05326573
2.77209442
3.42081726
11.92866911
1.25244265
1.09667969
20.00691711
13.95658356
7.35900599
8.62972296
2.44034851
12.79051862
4.04887743
14.70222961
11.25512633
16.56600008
20.62064606
16.15958555
2.40185671
8.04979223
25.24858820
6.07686060
4.79040558
7.13362921
1.54687500
14.63164183
14.80993683
3.28371455
3.53102393
2.43167997
6.00732546
8.87154144
16.49640847
7.05668993
2.43082890
6.08593750
6.93615692
12.34159021
15.31660794
5.99158244
9.26127106
2.16300476
0.02452087
23.35530142
6.28532358
9.16023493
7.46041112
5.85982269
6.25602172
9.67366578
1.54882812
0.65238434
5.20246067
8.27170101
4.38326019
5.49173981
6.89102339
17.09620013
11.52254211
0.01145447
6.10323028
4.26741578
16.82531583
10.87679078
3.31697695
19.24536071
10.24808840
2.14981494
10.72863115
7.13620234
17.50051641
8.87224512
4.12634308
3.70970745
1.13058399
11.69877106
1.98242188
17.27823914
3.92015293
10.70963874
10.22958333
7.22611481
3.71415005
2.11246952
19.45463043
1.81009918
0.46773285
4.38281250
3.94531250
1.81880707
0.39208984
14.30541058
29.53858045
3.99540503
15.68963986
2.66778202
7.35982269
12.03369016
0.39457308
8.93419881
4.83142619
1.28666168
13.46499613
12.20264295
4.92187874
11.37243683
2.74792512
7.17923981
4.82031250
1.77486176
16.38711215
16.75675975
6.81804216
8.77343750
5.39696144
16.18192597
7.45191489
5.35982269
4.38281250
2.71227062
7.28915115
11.70170323
6.91015625
6.22656250
10.02075133
1.10432984
7.89679411
9.44304964
5.08771831
3.60368794
4.93090758
5.58780198
9.98613142
3.67094027
7.60937500
0.73563660
10.29492188
1.59623199
7.61193817
9.66227172
10.97793589
9.62468528
5.59810394
10.62890625
12.81692266
17.53451684
8.92545656
6.71875000
0.77978516
4.59029144
7.51127106
18.40387855
0.02254211
12.07364805
5.10201019
5.68989584
2.42936779
14.64127438
21.95186060
2.75496897
3.27734375
15.54894365
3.83879100
9.14933289
7.72233156
2.26741578
16.90580231
7.91841644
2.88867188
7.86815160
0.82671320
6.01997894
8.41137633
11.07645722
7.32787401
7.66236037
1.97407802
5.19107159
2.45443871
3.27689606
4.09029144
3.76090204
6.12492132
20.05150433
5.67554521
10.61953901
2.08220356
11.24654144
5.41105164
5.39107269
1.42382812
1.81985110
5.84937832
7.76070036
5.04622562
9.17187500
1.59073914
10.54434121
4.05091422
11.08158356
8.15881317
1.53251191
0.45463043
9.68994016
9.42422651
3.32589649
15.21427305
14.77970523
2.50781250
6.63972961
0.89932915
3.48051307
2.12935394
8.19851508
10.02597129
6.95536347
4.45458112
1.79285571
6.58247894
0.31107574
0.96142578
9.20754766
5.11531804
11.59415337
20.60792386
4.48380430
3.69633089
8.64843750
10.20312500
8.76562500
4.51289451
4.77270944
0.98974609
3.69921875
3.03572570
18.85245789
2.93554688
12.37320922
6.54707669
2.49137577
4.79341644
2.93945312
10.33504211
5.44623228
2.00538729
8.12967116
7.30131759
8.50012300
7.62064606
4.41361481
2.19140625
5.01652039
1.45914672
1.65022828
11.19352172
9.07031250
10.26321920
2.27718639
13.81595856
2.02628601
12.03535794
9.07747562
10.53381317
2.22550476
4.26578236
11.98990470
18.64160904
2.98161015
8.78906250
4.68154201
1.29591588
2.53381317
25.69176530
12.11381759
6.04239805
4.69588320
8.99039672
2.22249390
7.99612811
0.53068678
5.99640847
15.74943927
13.01062167
5.36808289
7.67818207
7.93985151
7.76237810
10.13946366
6.33274489
5.20357269
10.30484486
21.98447704
11.97505707
4.97980442
3.57728390
3.11604610
4.63532636
22.29035129
18.32933949
0.86218168
14.26831117
2.87479333
11.31587489
7.64225842
13.03515625
19.84330231
6.43750000
2.48398729
3.27402814
3.16479554
9.23872894
2.57031250
0.63720703
3.22029477
3.80297042
21.28292774
14.35847961
4.84855164
11.24027372
5.96329898
0.10565186
2.73037917
6.92513187
16.55351174
6.31754765
5.48046875
8.75089539
3.20853668
14.41752106
3.96378601
1.18359375
4.94253270
3.01209773
4.83268063
4.74979831
14.22298094
2.52071199
7.71484375
15.28242576
16.48230385
20.67834442
13.44396942
20.38444093
7.72656250
5.69576019
3.23543274
0.01932801
11.87756317
3.68203403
7.80672429
16.71766289
6.44327571
12.16955784
7.45747894
9.63236481
6.67968750
3.39017731
1.91300476
3.42097961
5.52823914
3.86629211
0.92716492
8.35847961
2.02823914
8.64041335
3.72306959
21.54308179
7.67156028
5.18359375
3.16992188
0.59521484
3.05680297
4.73620014
6.28788674
7.53975620
8.55814606
5.25089539
10.60107048
4.51957557
2.10396332
10.21337766
9.14510195
11.15625000
11.66617797
4.38430796
8.06449247
10.80135195
5.82044547
1.68127410
14.68448914
10.18473017
6.48608710
5.48950133
0.09444215
5.87154144
1.54243988
4.49385528
11.83390071
34.53159908
10.81500193
6.10546875
7.59734972
1.83725620
6.51066600
13.97884032
3.97623781
12.50779256
15.65537455
1.45703125
21.46183289
2.92578125
9.70479278
8.49833222
2.91121399
10.02689606
7.18493683
5.99306295
0.62607767
5.84431073
10.28849180
5.00855053
5.51835549
1.02734375
11.12487700
1.01033632
5.53197806
13.84024587
17.78736037
7.76676640
2.11523438
4.36930297
5.27522828
4.96484375
1.38451214
2.06027149
4.12500000
7.85156250
4.67008422
4.37333222
7.38297485
3.06774933
1.80049590
6.44116024
0.91618046
3.97220856
2.84419769
6.14933289
3.75044769
3.59765625
8.32539451
8.90267342
3.01216644
14.69441711
2.72985871
3.46927887
3.15808012
4.93807070
0.23018371
4.60982269
15.21350067
7.07902039
3.43994016
15.31001925
4.73139351
3.48214649
2.90560062
10.67622894
12.44095856
6.03503325
2.00447695
0.51554134
9.26151706
7.38850953
3.69921875
3.89453125
5.03515625
15.66564163
1.55192763
10.59094653
17.47717752
11.56620456
2.77718140
3.48002106
8.86104278
2.96980774
4.67936281
12.03906250
4.26549701
9.83232158
1.99182098
8.33678857
7.86165780
8.44441711
0.13574219
8.10846964
5.42713430
7.12890625
1.85689301
5.10111481
16.74462766
8.25418412
6.55880540
3.83007812
12.92854610
7.31408909
2.10045795
5.05953346
1.22965702
8.33548981
4.87890625
10.84029144
2.04252106
1.00435394
6.57275266
11.11156915
4.45630319
0.61914062
8.24526707
1.54725398
4.21484375
9.60502106
4.44388824
14.01204344
8.48449800
2.73677582
7.50267486
1.88753297
1.15714539
2.69726562
1.91714706
23.38847517
1.26273714
19.71590149
3.83520446
7.92456117
2.47941101
2.54687500
0.31909180
0.55175781
9.96109486
2.72205119
7.21439606
1.88814301
9.95088653
15.12231383
21.06837969
7.15144836
3.41438719
1.45369570
0.68115234
3.87222518
0.95935837
4.86372894
4.53861481
0.75923676
8.63223183
5.18449911
1.62422761
19.47085550
1.99504598
9.78125000
3.97550476
7.15625000
2.94201629
1.41585328
1.89168274
1.32862158
8.38441156
6.53637633
8.09720856
0.78059937
8.04777039
8.41752106
4.91573028
3.90006593
9.34875333
7.38952792
2.56449371
2.90820312
5.24027372
7.01753878
4.17187500
7.67988919
8.24243351
2.32962358
15.18298869
17.55635528
9.16674867
15.00626773
7.14497894
3.07226562
2.32812500
17.05859375
9.49295989
9.64245014
2.91162732
4.55647828
9.05468750
1.97070312
0.01248932
17.17142731
8.17968750
5.50044769
0.27030426
4.78125000
6.01472961
12.77297984
5.20057180
3.24023438
7.53902067
4.14151541
6.18221631
1.47924369
5.14456810
6.23759751
2.74503601
12.50333555
8.99104610
0.44950659
6.96112922
3.54232934
1.15279144
8.55635528
1.41422485
4.35213320
2.73242188
4.63484680
17.06994349
14.94657690
5.69095856
5.91051530
8.07385970
11.53893950
14.12512300
2.99564606
0.78531860
1.65848847
8.13012633
3.92801972
3.28295712
2.01440492
0.58943789
12.36271055
0.20235324
1.29003906
8.84833999
18.89685837
15.11808289
4.84375000
4.89294216
5.67391179
0.12784820
1.53560394
7.05033356
11.03413786
6.43070589
6.71736259
3.57560616
7.85982269
0.92635070
5.31205231
14.13793883
7.71496675
2.42508755
7.70772495
13.40431628
10.14166333
4.34855164
10.82181793
4.66451019
2.53666168
14.59887633
1.59493074
4.95703125
4.22065257
15.73637743
6.05961214
2.75585938
11.23872894
7.51713043
8.44531250
10.75256317
5.25870789
7.10156250
4.87935394
8.36245706
7.32182291
11.41825908
4.29349762
2.86372894
6.90926086
14.17968750
2.58443207
7.38326019
3.28055630
5.68179549
14.99854388
5.59130984
1.87402344
1.65722158
0.17285655
1.00000000
15.43263410
1.02004321
7.04407662
3.52100731
2.29882812
19.26239242
9.62011968
6.98376994
6.51367188
9.11718750
17.43419881
2.64933787
6.70152843
8.36150044
2.07902039
0.71138519
10.49564606
14.33833832
12.38655142
6.54268838
4.81294769
5.66483489
2.51533965
14.95194613
2.25345856
10.54777039
3.75931793
15.28112700
8.18762300
15.21773161
4.27880984
8.63281250
1.45996094
8.27254211
7.33203125
0.26411864
4.94197695
2.20853668
7.06250000
6.31375444
4.92965314
18.26871454
9.43709663
5.98193359
21.92578125
15.62792906
6.91630097
13.59976518
9.70276595
3.62455231
2.66451019
4.30349731
4.10334830
7.98063608
6.93705231
7.20357269
6.55101729
0.26245927
1.65535461
6.39798981
2.29431183
8.01480829
0.13761663
9.72977505
3.60315159
2.08984375
6.41238476
10.45337849
6.91855377
16.87475399
5.16341312
4.66451019
5.28747341
-0.02164485
0.03095489
5.97265625
6.59765625
3.52689606
6.62154144
0.87353516
8.08824469
3.98206781
13.93892177
3.81803468
14.88285433
17.91010943
1.51107435
6.38520335
3.62232380
3.21228058
4.65323914
3.69982879
19.63744681
19.40251108
14.91406250
3.93990082
4.09631317
5.86535240
7.65507424
2.33247894
14.14558899
8.19966644
8.17789672
12.31139296
3.00920489
1.63964844
4.63582336
3.58129821
2.73795656
0.25699859
10.04252106
0.26017273
0.36694336
9.53816711
6.25736481
5.72163786
1.86128878
6.71170989
2.15352449
3.03951019
15.08019615
2.64005928
18.94611924
3.78800975
9.50370456
2.10245789
12.53369016
5.76675643
1.80848071
9.98091644
5.18359375
4.45267731
3.49458832
0.02241516
7.57909907
23.51286015
0.22937043
1.22896332
8.76025266
2.64460993
0.91695534
0.20381684
15.13960661
7.47106217
6.41382646
2.59810394
6.39062500
7.26517731
0.02482117
5.42045074
5.93013519
9.58939606
2.11523438
9.26818817
1.66495789
1.25826019
14.77317155
6.01243239
1.23437500
14.27494293
6.18737700
14.50948028
3.74186281
7.26049867
1.18306488
9.95133422
13.67447252
2.66495291
15.47868794
8.67647495
7.27087433
1.65339027
1.67290336
1.86983184
4.04956117
2.36975067
4.91361481
4.38460328
0.70703125
6.11665116
4.79395279
5.54349513
15.03462987
7.62109375
2.52929688
7.13281250
1.94042969
5.23046875
6.18135528
13.01985594
3.65983156
0.62133851
6.08593750
9.56250000
8.24218750
2.38041168
17.55379211
9.13695479
2.96354997
9.03893950
8.81697695
5.67130430
1.97322695
4.97525377
2.55314771
14.98246122
4.76843417
8.05411680
0.41365664
7.12784353
6.22327127
2.46875000
6.07421875
10.44185394
0.86918121
1.58540863
6.54947252
8.12162013
5.31368572
4.77649268
5.32421875
8.69006317
7.11047208
4.99979831
0.84029144
5.52908771
2.14933787
6.28393617
0.13948547
0.67854298
0.79919963
9.70389739
6.51440492
4.68286071
4.50704011
1.97363281
16.17683899
4.50524933
15.17830009
5.13765846
11.76997894
0.45507812
5.72220856
7.40783660
3.99353058
13.42008422
9.07405640
2.61132812
3.29732269
8.55468750
2.92687833
7.76452792
5.58850067
6.40485761
4.92664228
0.89498144
5.35847961
9.63333888
1.73323858
3.48828125
11.61751219
2.25704011
4.77884420
2.18014018
3.03951019
11.58735927
3.67715869
3.55880540
4.02823914
3.04296875
5.51953125
1.51196227
11.32120789
1.79191101
2.19768571
2.72986369
8.16520390
2.83939606
9.49430297
1.81730164
5.72355164
1.96822113
10.28804411
1.88338320
7.30277372
2.64554964
4.65323914
13.66406250
6.35066711
2.04626496
14.29943817
17.97387633
6.08646388
9.94055518
10.21529144
5.14492714
4.73495567
5.73079344
2.28649933
4.71228058
10.57661957
6.71004211
4.96919769
3.23828125
2.39888519
11.83850067
10.75524933
5.72846632
2.39217974
6.62263852
16.78084476
6.90664839
13.99650709
3.50024601
5.41451019
1.91503906
11.02600067
0.18530305
1.32368988
15.79824247
5.15052858
2.64843750
7.10803192
0.02687623
0.61234527
4.68284575
16.75632202
5.22439772
6.66260638
2.96724457
9.07889739
6.75295657
3.18377105
1.27246094
6.79252106
2.74068207
6.11335993
1.69287359
5.00044769
6.63716644
0.57910156
3.99665448
9.10446032
5.00301086
2.89347351
7.07722961
13.02075133
5.98014406
1.72896332
1.24508646
2.25916555
4.75000000
14.94636525
5.71936502
0.29569551
8.02566601
0.49724263
3.01634558
8.52324578
5.86673981
5.61027039
14.98693817
1.81188996
4.11526624
7.38033798
11.37601839
1.74466949
0.74267578
6.19185394
1.27095551
9.98437500
0.05179840
5.47106716
2.97619847
8.54650599
3.08195257
7.58626219
3.75659242
4.77433289
3.02343750
6.07076019
2.34810394
2.93375610
0.13187684
1.78743728
8.72640514
5.32926640
6.09163453
4.30244903
6.46122285
3.02990692
1.80212433
13.94441711
5.19274933
6.42949926
5.19995678
2.49042609
4.99154809
1.91015625
15.68225067
2.81339539
20.14888519
2.79764739
2.97233156
13.12369314
3.81702127
3.27949856
7.65214206
5.32904478
7.17140292
1.59525543
13.12539340
6.09099512
7.56787234
2.97058012
10.20068484
4.81135860
8.17162899
2.49632107
1.20867962
14.13281250
6.36962766
5.56083222
2.57832669
3.11295656
5.92814273
1.27775428
2.79668328
7.47701019
4.26774047
3.74983765
4.53978558
4.53593860
6.41796875
3.62996399
9.72745789
5.44486481
11.98802475
9.59383865
5.40669769
14.38358489
3.12272218
9.95454677
15.26932956
2.88895722
17.79088319
6.36399489
1.92000305
7.27631414
0.02254211
17.92594360
3.19515015
3.40668773
3.40971852
3.79927582
8.17968750
5.55033356
0.25752777
18.32063781
12.79402649
4.97355164
11.50000000
9.27681488
7.91060394
4.85937500
10.03369016
2.88879488
12.88370789
4.64497894
5.17146820
0.61865234
1.73205810
4.80904144
10.50000000
0.81803344
4.00480164
16.61726867
10.19173094
8.92402607
7.98869459
2.54777039
7.23649047
9.20867909
4.31063218
3.42622894
13.91662567
4.85290558
2.61958832
7.23046875
2.02539062
0.02247101
6.95357269
6.00886525
2.96920268
5.44576019
4.17187500
0.05419922
9.01562500
1.21483440
5.78638630
4.12500000
2.65384918
4.68404144
1.94726562
0.14957672
1.49023438
8.95828569
4.47831892
17.04491191
2.91496786
8.76216644
0.38814176
7.61417664
8.33170656
3.99023438
18.20568817
10.26652039
3.49894226
2.17187500
4.57421875
9.23258422
13.14691353
9.62589539
6.99938498
4.19112588
12.88460328
0.02015686
4.02343750
17.69006317
5.70763631
6.36312389
25.94302472
6.87993275
7.80468750
15.95633755
6.80224734
6.67155031
6.94217926
3.44877106
3.96895355
5.88281250
18.10502106
3.13326019
3.40994958
2.78686835
12.10375665
4.70093085
5.45532164
3.20625886
4.65926086
2.38956726
10.34887633
10.72489472
8.60847961
0.77482117
1.73286957
11.23639014
3.02715203
8.86104278
4.96272828
8.78214539
1.37890625
0.30423981
12.99629544
4.99109042
8.91727505
0.99963597
6.98347961
9.48181183
3.46048981
7.72220856
17.47810727
4.26106937
0.06158447
5.25019670
4.75875221
11.69568151
2.69771332
1.05566406
0.01722717
0.27396637
2.08939606
13.73693817
3.58968140
3.12845856
11.41495789
3.82722961
6.64773881
6.76872451
4.30122894
17.62459289
10.56034021
9.94905890
5.25134308
14.56994349
0.82458776
8.77254211
19.28714872
10.31966312
0.75906880
0.25000249
12.06197362
17.53588431
0.95032081
9.73795656
3.45987976
0.79394531
21.16406250
16.82096188
8.84980608
6.50802415
10.53023161
3.53707003
6.64408356
16.14408356
7.86511168
6.05826906
3.33398438
12.79150266
3.21781527
9.43672699
15.00000000
7.15234375
3.75000000
5.03616218
10.46859264
4.59583111
2.30273438
1.62451172
2.43945312
16.16813110
2.55387079
0.56661292
0.53955078
7.61372894
4.49519836
1.20485604
12.26302748
5.78548592
3.74397828
5.89191681
5.88281250
15.12898493
3.76951630
4.91550420
1.71183289
5.96467642
3.13102670
1.85449219
18.04809508
2.15608765
0.33403254
0.79544825
14.22550975
11.51216644
0.07948822
4.66361481
23.02229610
7.70401898
5.48406028
10.34029144
7.33203125
4.15356383
2.94108156
7.72851562
11.46439606
20.45210661
1.16552859
1.16406250
7.90189606
12.70473848
4.13420988
12.03995789
2.26171875
12.93045989
3.88362423
14.60961104
3.33997672
10.99820922
3.45642121
9.12154144
8.02477062
2.82003712
8.25089539
4.19531250
7.17219969
5.45324800
2.33203125
16.56278037
3.15409768
6.18404144
6.87455231
0.47892273
7.68782469
2.01631279
11.59241190
2.25630707
15.39973626
9.08044714
15.53125000
4.94302970
2.40641733
5.10281694
13.21704787
2.30886913
7.63839649
10.98091644
2.93505859
2.18554688
4.55122894
3.58158356
9.40279144
0.09899902
0.53080231
12.58593750
2.24849457
15.43587157
5.95666224
5.35461768
10.51216644
0.71293121
3.10172485
9.69587323
5.39275044
11.40100067
8.02998061
9.67888076
0.64607851
2.73331726
2.57031250
2.28153473
3.58789062
16.30379211
8.84785794
6.58272495
3.52779144
6.52107602
20.52535128
20.84683954
5.79378546
1.18794769
10.66573028
7.84504876
6.43017952
12.99564606
2.33833832
1.24707031
3.60713653
9.61027039
2.85384032
1.90576296
0.80883602
2.31924853
9.38123337
1.78267426
6.64798981
11.33026486
5.22418786
17.88936060
5.03373448
4.07299867
12.23091644
5.04252106
5.54687500
2.57112423
3.45231327
13.03995789
5.51562500
3.80965149
6.84285461
0.55135070
1.53116883
15.84118683
6.12455231
10.72810727
1.68941378
1.78898133
11.99295989
5.49141511
12.42462863
2.16472683
15.03535794
8.78075798
12.08866924
12.19185394
0.19694000
9.99206450
2.29309175
5.26672208
1.18249667
9.23783356
0.05369080
0.03204834
1.85262024
3.49210633
5.93404144
8.71529144
5.95267731
7.23437500
18.39062500
10.09810394
13.18757370
9.61471298
9.20096521
2.59562444
2.76171875
9.22835328
1.45792664
2.90641235
11.98872894
6.69051086
6.39632203
2.75231716
2.11531804
0.89798981
15.02575466
10.31380374
6.92789672
15.85905031
7.39888519
8.76562500
9.26562500
3.36966949
7.19185394
10.99039672
2.81579621
5.85111481
4.95792664
9.18314606
9.46721946
2.42517121
8.38716644
9.55981383
2.64676972
1.89941406
7.92764074
5.96733820
9.75781250
3.50736481
6.40591036
12.95151152
12.70312500
3.38863129
7.30289672
7.52236481
0.14552277
4.20747894
1.66113281
9.12563049
2.14167775
12.74638408
3.19726562
20.55207004
14.49504848
11.03103835
17.40649601
4.02910017
10.49759918
7.10591644
3.77811614
6.48014406
1.06197113
11.04738144
9.10365358
5.13358323
14.65266844
10.31608156
3.36763519
10.54882812
9.76216644
0.34012848
4.45747894
20.51133977
14.00814965
14.60847961
10.38871122
10.83736425
14.46093750
1.43457031
13.79341644
3.52494293
2.41556793
4.51944260
1.61231216
12.74564606
6.37500000
9.83158356
5.22265625
4.32747064
3.95272163
3.85783226
2.56011413
3.76171875
7.09683954
5.91097296
11.95747894
1.02404629
1.09851230
14.37722851
9.80245899
1.13529449
14.24352062
4.94543519
1.62053302
4.36718750
3.44703394
5.79386414
4.39408356
11.28125000
3.20995346
5.34819259
3.61478668
7.74788453
14.67187500
0.60009766
0.39208984
5.23738586
5.47656250
8.71581782
1.42472601
19.84785794
11.78372825
5.55017619
12.65433622
14.27791445
3.25463929
1.83886719
2.75389877
4.60555740
3.26607269
6.82031250
3.69771332
4.23392731
7.67533356
10.09464539
18.13020003
3.60523271
3.27896720
0.60233987
13.85400266
13.50101839
6.65970856
7.39888519
9.31506317
12.20389739
4.13773714
11.12219083
11.17273105
16.37935394
7.15144836
3.60636414
7.97957336
0.52535004
1.64257812
13.17700133
8.27612367
1.62988281
11.03909187
9.40426750
1.89400238
9.72566711
0.14078797
10.88423427
3.81844304
4.36328125
11.98091644
11.70133422
12.45011414
5.80558289
11.91316711
10.60156250
6.98482269
6.44140625
12.24218750
13.80635528
6.33426972
12.48518174
25.57746047
3.84570312
4.89933289
1.63423676
1.57377106
11.31250000
2.46679688
14.64050200
6.61775820
15.30232104
8.05465314
1.45259613
3.60066711
9.76895905
12.35696920
3.73153147
12.60156250
1.87235566
5.91259641
1.67386996
8.44006317
2.77433289
6.99263519
10.59362700
5.51530031
1.62837738
7.50758746
9.12622591
3.99130208
5.88281250
7.07120789
3.81265238
6.70057180
4.80122894
1.44095856
13.78470856
10.10233489
6.55871675
6.40580231
1.05041473
6.91975953
0.56982422
1.68900543
3.20898438
10.14798981
17.38627106
16.23872894
2.70206726
6.56640625
0.00449753
3.44888908
1.24695229
9.32750998
8.63778147
3.24519836
10.94620789
0.08162414
3.34810394
11.43314606
0.18001312
14.20658356
11.39257812
7.29732269
14.14318817
14.88012633
2.87564440
3.45109818
11.25170213
9.83423537
9.22509766
0.12538635
5.51607269
30.90228749
11.22611979
7.79911347
12.13627106
20.55468750
13.56632383
7.47322695
10.09016844
4.58606050
12.26127106
5.00044769
12.31917110
1.96358433
12.79800394
5.51307180
10.55904144
6.35758422
1.60913148
5.67879211
3.92427582
15.00423094
5.60079011
9.57120789
0.01670700
1.51900238
18.35404449
3.66796875
2.34134918
4.27587766
7.63037234
7.38370789
9.49910461
12.20312500
0.23551453
15.78832946
3.41885916
7.49459330
1.48331726
6.84631317
3.55603058
8.56160461
3.01216644
5.94576019
6.26171875
1.75691213
7.33053080
17.73054743
6.03987921
0.10780822
12.88525266
1.24170046
2.94848571
1.40645418
7.13451463
7.69706892
3.49112976
3.93554688
13.72566711
11.84375000
5.90189606
6.50870789
15.85066711
8.43750000
7.74853391
4.18550753
5.05859375
8.06250000
0.03505463
13.04023826
2.77616799
3.82421875
14.94151929
8.05848071
12.81595856
5.85546875
1.18639669
2.98889627
5.79451352
8.27790323
9.94589317
4.75211547
9.03662234
6.33504211
0.02074188
13.15180741
2.63485427
3.92578125
8.86283356
6.28267177
0.51408148
1.14355469
16.81796753
0.12764496
6.18705231
9.63972961
5.29239805
3.81050753
4.10111481
4.36027039
1.99173981
7.20900378
10.10173980
5.31610788
5.33765957
6.27388519
8.82633422
13.69360289
1.62548953
1.47220856
11.69095856
0.15669769
9.64501330
8.78813275
8.20312500
9.29414451
2.79765237
11.99475067
4.14196808
0.22794918
10.50114140
0.99324524
3.83430907
6.30737367
10.35335328
1.15775543
11.06685394
0.08386230
3.23783356
4.93737700
0.65446047
2.97550476
4.56160461
0.71439014
5.39315381
5.74654144
4.14107269
5.44051086
4.32322973
2.39446254
9.43367243
2.18457280
13.76562500
1.09419769
6.13627106
10.01106439
1.61678413
3.93802887
5.19486481
0.76652039
15.88411126
8.28117132
15.62052305
1.95084718
1.88834718
12.41752106
15.87064606
8.12410461
5.68884308
17.93570922
16.60032622
6.06804964
11.67622894
19.51794216
0.59818761
2.52539062
12.06852172
4.33984375
5.63610373
3.73242686
3.13822418
10.95517487
2.60306793
9.70747894
11.66054965
7.40707668
5.08833334
11.48511303
0.33837891
6.31205231
10.05790005
2.35461021
6.51078900
0.60111481
17.26818817
6.82902039
1.80362976
1.26545518
3.67798537
9.70222961
7.78774879
2.81365137
8.45043883
11.83276429
3.95703125
7.04597961
2.15323914
4.11966949
3.90820312
16.17484154
9.92724983
15.52152372
2.14917054
12.86295656
0.88769531
13.73002106
9.89062500
1.58618102
6.52221742
10.30468750
6.77388519
7.35591644
0.03074127
19.81408660
15.46093750
10.88590204
3.38106604
11.93660461
14.11413232
5.70752327
15.78727172
1.74300172
1.47806793
11.21936004
22.21927638
14.81978612
17.98079344
1.63720828
3.02929688
15.90344083
2.96720523
19.91422485
9.11657248
3.64738475
9.13102172
11.74197585
15.71488807
12.56990913
1.49507785
1.56640625
14.56355275
4.91886060
3.19771332
22.29451352
3.90079898
12.06290337
13.11934729
4.46618683
15.68904477
7.79008089
25.41543994
3.36324689
12.44006317
5.03605164
0.66743988
9.73681516
5.80680297
3.51017398
12.92703569
6.49182845
6.18660461
10.23181183
7.20286902
16.80091422
3.06022218
9.51028702
4.78658798
1.62552887
13.54011525
4.04236369
6.53230026
4.44283798
8.42585993
19.04276706
8.45341035
15.54585661
17.76151706
7.67187500
0.08300781
0.52001953
7.31986481
5.58548981
25.70145598
7.38204011
13.65055297
17.15502992
0.07517486
3.95703125
6.12340094
1.43954676
7.87890625
2.41361481
4.47131317
10.32600953
10.33504211
8.14843750
0.49263519
7.94283051
1.61726867
0.55948914
2.92862478
9.51880319
14.41495789
8.30183899
4.92008422
8.44018617
13.58068817
3.49523895
4.37813386
15.91087995
15.73792220
4.30179964
1.92854859
11.91316711
2.84744958
0.03796729
16.09015224
5.76438053
7.79296875
1.48482269
10.70263298
1.85596077
6.20088653
3.66400347
3.35470633
17.03613032
19.86233530
3.83664117
4.70100953
6.48189301
5.37377930
16.05379211
6.84899933
4.61718750
5.32031250
3.88085938
0.02308136
10.61885528
5.91886414
16.12154144
9.03548094
7.43416445
9.42610594
10.36987367
7.17277039
1.74556488
11.97810727
8.55647828
9.53038897
27.56526485
9.69129321
7.56864472
11.84631317
3.78365082
3.88761414
3.19177028
8.27897218
13.80660128
8.92578125
8.51216644
9.44546986
9.23205784
2.87724097
3.71919769
8.92097961
1.02185090
11.51541926
10.06018284
2.85591644
6.46509521
3.00134308
0.87076345
10.60999002
5.40580231
0.13167328
5.55033356
10.55904144
11.15970856
6.08882286
2.53129432
22.23095080
12.93928580
7.48410480
3.24699911
3.26607269
6.61629211
3.49894226
2.01562500
13.63883422
2.82405640
1.54283328
7.01478390
3.35066711
17.91906583
7.33093417
2.78214539
15.52856383
6.44755097
2.52539062
12.54496122
2.84281527
7.83084926
16.75895390
16.26997894
0.88968902
3.86083611
4.40238807
5.90580231
6.48002106
12.37010971
7.23279587
1.92765320
8.96939938
0.16980136
17.07124536
1.64431120
2.66077626
8.84594415
21.91116468
15.84628379
22.00129128
16.40748005
7.29411015
2.52868683
4.25435394
0.05838013
10.74820922
1.85148133
1.59810394
6.67923981
3.70450743
0.60498171
2.25931793
7.10111481
8.46487842
5.19856937
1.56221963
8.95747894
4.27689606
4.00781250
3.20898438
7.80468750
13.46093750
6.33983877
2.54492686
19.68750000
9.12154144
2.06250000
1.98640930
1.90226258
1.34277344
6.56861980
8.66404071
1.69409760
6.34527038
1.59472656
8.89408356
3.73339844
9.23091644
9.76908356
3.40030696
1.74857823
0.95161957
4.46484375
18.06537448
4.85546875
7.86629211
5.83292664
1.38252715
2.76049867
1.63867188
12.69652760
15.42403479
7.42692265
2.90173371
1.20410156
6.17533356
15.91558655
7.24598071
9.57902039
7.14017731
0.36694336
2.31685394
5.33593750
1.47505707
9.00333555
6.16072695
13.96350067
19.98054992
7.43884308
3.69726562
17.88915953
14.75146235
8.34924534
7.74186281
9.39610788
8.75570700
6.47957336
5.22399933
3.24654144
4.33805297
2.38850953
1.26127106
6.65490692
0.06738312
12.84666972
2.49069204
12.78470856
2.03515625
9.41939301
3.28149414
5.06941711
2.00089539
7.81640625
5.34720856
4.61372894
0.02758789
0.20324707
6.90836547
4.75569703
0.71488434
4.23237506
13.33154920
2.99234985
12.64587433
3.54101562
12.85143950
0.68029879
11.96154754
1.98444870
3.44808732
5.96919769
15.17968750
14.10746122
7.60693484
1.16060394
5.40563498
4.31702127
12.57572418
4.98437500
9.82466644
9.41841644
0.03198242
10.92533356
2.36718750
11.77945922
3.01899989
1.12829870
1.62695312
6.77343750
8.50569205
4.43876440
2.89644503
12.77087433
5.22509641
0.51570742
2.23677582
19.02449524
7.30513519
0.52530945
5.92980054
1.31539782
5.82360373
3.51278147
13.30098294
15.21464206
1.94726562
2.28906250
10.75345856
7.52904588
2.44343806
2.71652149
3.20642121
4.60546875
3.06600890
2.89872285
4.29296875
16.33638519
0.03763824
12.06855608
16.60750554
6.46366799
2.52945922
8.76306183
4.80993683
11.69384641
26.28991357
19.83890404
6.11483599
9.63623047
2.91703277
4.96919769
4.37861093
10.57601950
9.37564938
1.17273105
37.07902039
6.00781250
4.34744958
3.40059729
4.08638519
21.77555297
22.79778481
14.57659020
4.27149933
6.04047430
6.84534906
6.92487589
10.43494680
36.13004142
18.23734029
6.45199357
9.18842834
6.60288120
7.26553635
11.83167220
10.85982269
5.89107269
2.37695312
0.49487305
0.83988434
2.66601562
40.03958888
23.67480718
7.46645723
2.15553191
7.53367022
5.77447583
10.47814163
8.35681682
5.87614140
6.46272828
6.03125000
4.43750000
8.38496233
6.79081892
16.27075133
6.07690492
6.43001219
5.67493958
18.20023216
2.75772884
9.22831892
6.54093196
10.57954677
4.82572916
10.09541778
3.53454621
13.50044769
0.81783051
15.13581339
3.99655141
0.73677582
17.15844695
6.07511414
5.12109375
7.30664062
4.86136747
1.88863253
6.64453125
12.10786957
8.83939606
7.19531250
9.81750333
1.44279117
42.43750000
8.21825798
11.13330452
0.71134461
3.11718750
23.66243282
17.13553303
22.77152372
3.17957446
12.83581450
13.20760195
0.46846309
21.20670656
10.93851839
4.55468750
6.60457336
7.27164672
6.89766511
19.30379211
8.77550865
7.59949135
10.85156250
9.04777039
5.95222961
15.40136719
0.96777344
28.50435394
11.28470856
9.85847961
0.23571808
2.61132812
22.27388519
15.64749280
25.54301806
4.00781250
8.13525266
13.30277372
2.53072362
9.54341644
1.32954926
0.14461242
0.38106293
1.15767426
14.13537567
0.25309266
12.51216644
9.01985594
16.29609763
11.31929411
6.49907025
7.96394836
2.94816101
8.47220856
1.54109680
12.44095856
14.65608765
3.05513519
0.08919219
14.54162567
26.94795061
3.42676529
22.42565825
7.77266511
19.52550865
8.17069924
18.64092363
9.46179853
1.16210938
3.52494293
10.82812500
3.13281250
7.69620789
8.00634641
2.61751406
6.42565825
9.27356050
25.72115082
19.41889850
11.08065381
9.05904144
2.82617188
17.78840315
23.29460217
8.29891179
6.11853058
2.58797180
3.01021332
6.19486481
1.57271332
11.59976134
4.04565492
8.25345856
11.08235594
0.20503816
10.86596244
6.45931405
5.50960328
4.25390625
13.71209499
9.21643284
9.16483489
3.35664949
10.73437500
6.38361924
6.00309951
27.99792387
6.65714041
7.28589428
5.62544769
14.65100067
9.12141844
4.80224734
2.81835938
8.65250610
3.45642121
12.21004211
10.69034353
4.37349955
14.55965149
2.70161957
5.29687500
12.28470856
19.78637633
14.51537899
3.02877050
4.70357269
3.08113586
5.35201019
8.27689606
6.68794769
20.67984486
16.73938331
8.16768589
4.52298981
10.33593750
3.75240082
5.16406250
13.75182514
4.43132092
6.37198914
2.45140854
3.17827072
28.56574441
15.13383962
15.60123781
3.53409851
9.25000000
16.34736083
3.84073914
12.10546875
21.06070922
8.28739472
3.45747894
22.25736481
2.89107269
7.00992797
2.24157746
6.36238586
16.01997894
2.76607269
8.00435394
10.02856383
9.17431516
11.38305851
11.88809619
13.31034893
2.38265015
11.88716644
7.09081782
3.07340204
1.87048869
1.12890625
8.98131234
22.80457446
4.85062279
1.12468029
6.39208112
1.10551806
2.41962157
6.77809175
7.26562500
3.00976562
4.79597961
2.42277039
4.00345856
13.17533356
17.87320922
7.14709442
8.38895722
4.90461907
16.79602393
4.27087433
0.81595856
13.83109828
2.04651097
3.74214318
8.74385528
7.76009530
12.58235594
1.24336824
4.45568817
2.88460328
9.38358489
14.32902039
8.62589539
12.03702571
5.13228612
6.67968750
6.10367049
5.97543107
3.06880707
12.89754211
10.82828236
2.76908854
8.82344636
12.30814606
10.89408356
13.60245789
8.21875000
8.49564606
2.93705231
0.74690548
0.86389378
16.97724624
7.34306626
3.19335938
16.97333999
8.54619126
21.34736592
18.57796764
5.48046875
9.53023161
6.18160128
0.48535156
1.23933899
0.03737396
13.93354943
2.74658577
2.34375000
14.61238586
21.89102837
7.16801307
1.03710938
8.59720856
0.26725281
3.91564412
5.13521830
18.86885528
16.53059937
3.77779144
12.52180408
12.28723736
1.46431488
10.07633422
0.05450471
12.19661126
18.02816046
9.18644226
4.12980164
15.06595856
6.46573914
0.41068512
5.43705231
5.94966644
1.75646942
11.98990470
4.53052194
4.11584442
15.75833888
2.42073858
3.76456726
4.63492797
0.06703736
1.42089844
7.28888769
19.42514184
13.54431183
3.26367188
12.84057212
1.72209053
17.53637633
5.67110261
6.72310394
0.07352691
3.52974457
1.91166168
3.46398770
6.83439273
10.07962545
10.41646830
5.96919769
11.95658356
15.05802305
4.24755984
7.85066711
6.02433289
0.16385895
7.14920989
16.71362367
0.29854340
14.40726653
3.55988753
2.48727282
1.79626496
3.62706616
7.46940997
8.72656250
2.14497894
6.93750000
7.00000000
4.98738586
8.11042775
6.88611369
8.55725067
3.55407746
13.26562500
4.26908356
0.01465882
1.80781887
9.33964206
3.42097961
1.65201158
4.68535017
7.10201019
9.11783688
0.25183261
1.25488281
19.97513077
4.87207779
11.42024158
16.39392619
16.68371551
22.00226785
12.95166888
7.23128546
7.41105164
0.07354736
6.64843750
7.86238586
5.40339650
5.89046764
0.03323364
0.50618469
11.65714539
5.62019836
0.83756220
0.56474097
4.46875000
16.90611952
6.22722185
7.42622894
13.62935394
5.49910461
0.33083100
3.40039062
12.64497894
0.57373047
17.09895750
10.85274324
2.95898438
8.93404144
6.24470385
2.81681959
12.01127106
1.69494598
7.03584497
7.59635749
7.30904144
6.78080231
9.33593750
12.91573028
4.11987367
5.00345856
20.34569814
3.45508311
9.75000000
9.45133422
9.79764739
0.75537234
5.83210993
0.05875921
5.96048981
6.00826019
1.53125000
10.02945922
3.66654449
6.67801972
4.90445922
9.96618683
3.87695312
2.82031250
8.20747894
0.09631317
19.16292110
10.46313165
6.18734264
4.29296875
5.43013519
0.02983093
2.34960938
3.20323804
6.42932845
5.63606937
5.86909132
3.04887743
9.97208555
1.38383089
15.41841644
2.25390625
19.08763963
12.13073139
4.67872340
2.06685394
13.07754433
26.07471762
1.53588929
0.15454969
0.07531801
0.02406311
0.05010986
0.20800781
13.06831848
7.03682403
6.89766511
9.39318817
7.55757536
13.90470523
10.01838705
8.51472961
7.79109929
20.96832669
3.91094857
1.53824828
9.03649933
8.93404144
5.42325436
13.37573803
3.65714539
6.59330231
12.86860927
0.68412511
1.39257812
4.29101562
3.62845856
23.69583888
5.81566116
5.20748891
5.92321808
0.21313477
0.52099609
9.73783356
14.61510639
9.30721631
0.01056671
17.31966125
8.69966644
6.69486481
1.71598017
17.65649601
11.32161126
1.12862588
1.90099568
4.93209330
7.68045989
1.63195894
6.13281250
22.23131982
6.49263519
16.64880153
8.01009530
9.29008089
1.38378906
8.60245789
8.39062500
10.42354278
16.82299867
4.45703125
1.71927887
8.18770169
1.97876163
6.25080674
10.22486037
21.57678192
2.22790558
16.08146055
14.91060394
6.65991024
3.05985815
2.72957336
5.63980829
5.23909796
24.39790863
8.11136871
3.33878601
16.35502106
21.37772426
7.18273583
12.74984264
10.27600067
0.51794465
1.34863281
4.75776818
3.85941932
2.91841644
8.40250610
3.33292664
12.87500000
2.11808289
6.35111481
3.12215149
8.93404144
0.67716492
6.03080231
8.59720856
14.05468750
3.13370789
4.87410461
16.85912899
3.72725620
2.08007812
5.95379877
9.83916998
17.30122894
4.72220856
5.98424203
7.33216422
14.89819149
0.34497257
2.05664062
9.60567044
2.22066378
9.25967698
15.44039658
11.23527039
4.70312500
2.10457336
0.58980316
12.41752106
1.43404144
5.68850843
6.68303302
2.13671875
0.91357422
0.03777557
2.85147884
2.50084359
10.40361812
13.29311988
2.60617242
24.56852172
9.04866578
6.71875000
19.30309841
9.52653202
6.75781250
13.88448028
11.06429078
4.79386414
2.65625000
17.48876330
3.98332225
13.32173427
6.94791999
1.29732269
3.31705563
-0.07395260
1.56693512
17.94395945
7.77645833
12.34554078
11.71183289
7.95267731
10.70275599
0.96761358
3.77103668
12.09826629
10.22656250
13.79687500
15.10681183
2.19921875
14.51908356
0.46695984
11.80981383
7.21272828
13.98197418
3.33247894
7.05110594
6.33996675
10.99555304
2.48808953
4.91393202
8.78927415
23.82120789
6.43180297
2.00134308
2.72355164
7.98107381
4.49280252
6.01395722
17.29252106
1.21297180
7.22355164
16.14644867
15.23482269
9.27433289
7.29899047
2.78063996
19.97236592
9.65609264
9.56070922
3.33715758
3.30721132
3.12154144
18.50345856
2.85636414
6.05814606
5.44966644
12.32096188
0.25500644
18.71320535
14.04131094
6.54821808
5.23437500
12.75000000
0.74173981
1.89933289
8.92443817
9.87935394
7.07902039
2.45703125
3.92578125
16.08939606
1.38867188
15.13093556
13.26367686
4.78649933
1.93607574
15.98453610
2.27398526
6.62280585
12.79418883
6.42456117
3.28605164
1.00195312
6.19921875
6.98880763
6.06933843
1.56933594
18.19339872
18.12747919
7.91679299
6.80078125
10.27766844
9.18916778
2.24214816
5.53861481
12.48030142
12.59045877
7.63236481
0.05775971
5.09765625
11.79764739
11.96870941
8.20926972
2.95206726
12.31160461
3.34224457
0.71203582
3.93343140
9.07217698
6.17196365
2.22056061
11.81250000
17.42232269
3.33984375
0.05677245
2.61267121
14.77017170
9.83068817
10.75960328
8.36629211
9.95405475
4.48478834
2.94681793
22.24218750
13.92578125
5.77734375
9.82377106
9.43750000
12.00650377
2.98027205
9.57429743
6.63484929
7.17321808
3.40625000
3.93058289
3.28470856
5.02388519
0.29125977
9.61718750
1.12207031
2.10546875
15.53035461
13.66048094
2.51184175
16.46875000
5.95747894
1.26562500
6.57711242
4.94657690
3.22115082
8.56506317
11.41841644
10.01908356
7.09073914
0.62646484
6.53714872
5.55660128
12.76569620
10.01262411
4.38671875
15.39845192
4.33982933
5.57812500
2.27343750
12.13627106
14.31339539
6.50390625
3.58203125
7.39408356
6.95613586
4.45792664
9.49910461
24.03856550
6.13613251
4.43896609
6.48091644
9.82031250
1.22383450
10.96591359
1.14713874
1.90722656
0.04313141
5.89107269
8.54483821
11.21553745
10.23197418
6.89241578
7.00390625
0.57535766
10.36515320
0.74023438
5.58292664
5.75699330
16.57393091
4.80115026
3.55318207
2.33443207
0.97704704
2.39307014
0.01747131
8.05273438
4.40869016
4.09920351
9.42968750
9.57722961
4.49397828
7.91532379
12.62768368
10.28438386
1.79886996
0.89204926
2.94917785
6.05948914
12.91752106
5.59061614
12.02694365
6.01965425
4.31563386
1.49466949
0.88960785
4.53067432
0.77303662
6.77343750
26.58973113
10.58068817
16.16161736
5.77816046
1.74979831
8.40625000
4.77734375
5.74430297
16.47261193
3.48230385
3.11914062
10.22220856
7.28605164
0.48075348
14.74726982
5.15194038
12.27241911
8.97546542
7.81640625
2.34029144
10.38627106
17.57377106
6.10982269
2.39453125
5.89107269
0.03424072
7.62109375
0.10864258
5.22121953
5.74264018
4.77718639
1.78930851
6.31730164
0.29207336
9.35236924
5.40934951
1.71927887
6.28381317
2.59358765
7.68058289
7.77689606
2.60697418
4.18391844
0.02742617
15.05726105
3.24609375
7.49430297
5.87288453
2.21289062
5.70352837
1.24809120
7.71093750
2.43875942
5.25557403
13.97758089
12.50252382
6.46919769
2.47762024
8.95837433
9.34597851
4.21216755
7.00602172
7.78694703
14.56237700
2.89135804
3.44816101
1.71735480
6.51632867
14.91227172
7.81245069
5.73035571
8.37153646
6.95418772
3.30513519
6.80065825
0.07613222
4.52778148
9.30758532
0.12666933
3.44921875
8.58699524
16.19143365
9.24434729
3.38627106
1.97355164
8.81852172
3.70905309
6.19312832
6.52978391
4.31787234
4.52734375
7.79865581
12.62703679
4.33488475
1.04659214
1.86816406
9.25768950
9.38639406
5.03906250
9.85245789
1.89355469
1.46289062
4.67834442
9.01802582
5.30167664
14.49129211
6.07421875
2.16060394
2.01757812
7.58024047
8.73017842
0.86784436
13.35937500
1.68351258
4.91796252
6.62938031
11.49654144
8.92879211
1.66210938
0.14900727
5.83984375
7.26558068
4.64457557
5.24609375
11.77766844
6.27356050
7.20222961
7.15721410
5.44345301
6.75781250
11.59554078
3.41702530
4.87927526
1.72868295
4.10156250
3.80875610
0.68680879
11.98091644
0.48396789
3.34419769
3.88643340
1.96903535
5.22265625
4.94966644
0.59374751
0.41609929
1.75732878
5.89572694
5.23527039
9.65970856
7.94718196
2.20996343
13.17398642
5.04179299
19.64578569
2.76437056
11.76908356
0.71134461
1.02298981
1.16475371
5.34841368
1.25388186
9.37935394
2.98074912
3.44653756
9.01908356
0.26839172
9.08683289
12.10489805
4.62255984
12.17447252
12.05208998
0.04392486
15.44853210
12.09106383
6.05346742
9.40791778
5.80981383
17.74039672
5.22114584
4.88757978
2.06205231
8.51794216
16.48565670
11.79777039
0.51359070
2.24218750
15.28035461
9.64514129
5.79431183
4.71529144
9.11372894
0.30423981
7.78202239
8.94941545
4.87598404
0.64404297
13.12845856
2.79581726
6.42834442
1.56392426
13.76550200
10.73360261
0.82267273
6.36629211
0.04974396
8.89847186
3.68785905
3.65976285
8.20658356
20.67382812
4.76216644
9.28470856
0.05977387
11.05033356
8.11164783
6.83130319
1.06335605
2.97806793
9.99910461
1.05265320
2.21378601
19.46848136
9.05261635
17.77343750
5.25390625
4.25533051
8.62500000
3.18509918
3.82031250
2.54833112
13.99496232
6.03527925
3.31896942
1.24234985
18.07567861
4.73901928
10.83332503
23.07821365
1.61918246
5.08113586
1.57767731
2.56009918
8.31660794
0.66129765
2.41283868
3.78462987
14.39115138
8.51428347
2.28149601
10.39497894
4.63529449
10.99697917
4.23108377
2.93599955
6.36763519
4.32767731
8.17533356
1.15820312
0.01134247
13.01729278
5.43700798
7.44023049
2.11568207
0.86429840
5.84375000
4.06205231
14.66573028
17.12478835
4.81905806
4.55179964
0.78409914
4.89754211
5.37910980
8.97733489
5.12913713
3.14453125
11.23644615
12.20874335
6.89196808
17.36750721
12.32874002
20.63305851
5.85457336
16.79585661
9.19779512
7.62032136
15.36180634
13.98783356
8.91845080
14.90263408
19.05475053
10.84033203
5.12109375
10.26460439
7.77026928
16.99894725
15.35701352
2.32503546
14.82031250
13.13142509
5.83899268
0.72680726
6.58975510
3.40544326
7.70357269
7.69877106
5.00870789
2.42626486
14.25883089
8.73307624
11.72952146
7.91943484
4.16951352
6.54353945
5.83250333
10.66538120
0.00450653
2.57076019
8.83019615
13.08748227
2.84269725
2.00524933
6.45959442
5.59606217
10.45756759
16.46952239
9.74833222
7.75275540
3.11849124
8.95312500
9.03548094
16.47631898
10.30468750
15.78592864
6.41373781
5.03189938
7.49454898
19.43839539
5.95015473
11.38382965
5.06250000
6.24519338
13.93888741
13.63769282
9.69128387
6.79032690
9.33772828
5.04610261
7.18993767
10.85282690
2.74292054
1.72167969
8.36629211
5.24698914
15.53470856
13.65005846
9.26444924
8.12947695
6.12413897
3.94462876
6.30513519
0.89408356
15.19892343
7.38160239
0.04944336
6.83178524
6.11604610
0.54525155
0.03329468
4.16178344
4.62980164
17.01822252
9.56241010
9.05653257
10.05241000
4.09375000
5.28995789
8.10359680
9.83146055
2.78096621
4.52388519
23.65380859
3.74414062
5.71919769
3.60457336
1.39497894
6.88179411
5.22758089
1.44295102
4.99109042
8.64635639
22.57438608
1.58349734
4.15625000
7.29252106
6.66105164
16.55667000
3.99756981
6.27044604
2.95762189
13.75000000
12.87935394
14.14453125
9.08056516
7.83300283
12.21000775
7.91707336
12.05867243
2.96175421
3.47505707
6.51562500
6.18794769
16.43810256
5.22888962
1.63834625
15.80265071
9.94792757
4.76888187
7.95703125
5.55110594
15.38993379
5.10982269
11.49218750
9.08146055
3.38617742
13.81794105
1.65041555
15.26163010
8.62163009
8.74475067
2.96618683
8.28906250
0.08738189
10.42533356
10.94156361
21.51444924
7.56832003
2.33593750
1.13518778
5.59766622
3.31791168
18.96183289
4.69877106
10.46679688
8.50337738
6.60937500
1.40775543
8.75902760
3.05977947
6.73258422
6.93103058
24.92822266
7.27644836
3.06541972
13.27389516
6.07466644
2.55904144
0.86132812
9.18997452
0.97168716
0.97448388
5.30489417
9.11348294
4.74320589
4.50447695
14.17789672
1.48225953
8.26127106
14.44738365
2.98621010
0.26025391
7.27053968
0.93649157
6.98827595
2.90564494
7.96830231
2.12544769
13.63140838
5.54642731
8.69169160
3.41752106
6.24035240
0.84851479
3.70507812
5.49173981
0.91796875
5.70796100
12.54594525
22.75435394
12.38911957
0.88920074
2.82812500
14.10066711
2.88566101
19.78953458
3.75388186
5.39062500
1.78320312
0.04456573
7.79296875
5.31294769
3.93969415
0.34643866
18.33389573
5.55764480
8.15535461
8.36808289
0.24499512
14.15613395
9.36857491
10.73091644
4.09375000
11.55468750
12.61283356
3.23482269
9.11348294
6.62736148
19.25870789
7.47310394
12.48244626
4.68401706
2.93359375
3.37890625
1.09330231
2.67146665
9.85783023
5.03125000
4.01908356
3.28214539
20.92061060
9.81376440
1.09916168
12.02013631
22.51790780
6.00057070
7.16886414
0.06080108
5.13236481
8.01997894
5.58978946
6.63632535
10.24385528
2.33907136
1.33414672
15.41808179
3.80982380
11.50486205
3.60095246
7.66406250
11.05244404
8.20296764
3.73933899
6.18147828
10.79346679
7.56314938
10.05147495
18.18099944
3.59622452
3.68291001
5.72086547
12.77791383
2.69294261
0.77450520
5.07087572
7.70052748
0.73002106
10.16236327
3.66585328
7.25781250
4.70312500
7.00052638
0.55656194
11.86685284
4.89095966
2.15225136
8.88790946
5.26306183
0.51456664
0.01132233
4.28515625
13.60224624
23.51282517
3.23498504
5.07600953
8.15625000
-0.00842773
0.03033554
10.18058289
11.83930741
20.74801252
1.62121675
1.45845551
9.87015404
10.08988807
3.92431516
3.30269503
12.39497894
3.74173981
1.32271332
9.12475399
2.43774601
5.55468750
8.44441711
16.44954344
0.93957613
5.70222961
5.79050544
6.19992242
8.17533356
0.03025330
4.35457336
5.38178663
2.91260638
13.48872894
0.10652649
7.94441711
13.78214539
5.83683289
1.35066711
3.32872258
5.52861812
3.52539062
5.87686946
7.35571476
8.97399933
2.78560394
6.23030142
1.86300088
13.74546015
5.19958776
4.36027039
9.50345856
6.96377605
21.12745013
10.66841644
13.67110261
2.71423371
8.79841977
9.37255984
0.39453125
8.35245789
18.81627131
9.98384862
17.25634143
6.24752424
18.27852356
5.56974180
5.18461214
7.31079971
5.27693041
7.17363142
0.09741180
11.83593750
1.54679383
4.44525322
4.31060615
12.11469305
5.53329676
8.76997894
11.18314606
10.21532580
6.11369459
10.44518451
6.52104166
1.22180269
3.35396332
7.83894836
5.17277039
16.38191711
0.95532164
6.91340315
1.96082446
5.04593030
5.39791736
13.41617828
4.18794769
4.45703125
6.09676086
11.17712433
0.13236449
2.39733918
4.49458832
2.48807770
3.80033356
18.41555786
6.58984375
0.67382812
0.05725098
9.68404144
13.66869681
2.29910849
6.52678302
1.57767731
4.84305630
0.51823124
7.71695922
0.60148133
4.10502106
6.07099624
1.25456560
24.99888061
7.14152039
1.04829926
10.33760528
8.53274546
5.47881094
6.98917664
0.02211242
2.86523438
9.64998227
0.96525210
12.28177638
0.84908300
2.72656250
10.60892731
13.32031250
4.17277039
7.51684508
2.75569703
1.31347656
0.79804920
6.17049756
0.59781860
20.35540771
2.19274933
5.21529144
3.14709442
5.16169604
6.72697584
10.13012633
11.38114472
3.49894226
3.53560394
4.57421875
4.80036207
1.17891511
3.41316711
0.13094117
1.51552005
10.04603390
7.54207336
14.74173981
9.70402039
9.09375000
1.78674285
12.48527039
3.94966644
12.19864805
1.19535433
10.10554743
6.31152593
7.92187500
1.20845551
7.96964041
8.52751108
4.15490692
5.08862367
0.26440430
2.52298981
2.91947418
13.89664672
1.20438691
4.72265625
12.21439606
7.13590453
9.43237367
5.62064606
4.65970856
1.37837738
8.37064606
13.58504211
5.42321808
8.22220856
0.67163024
4.83772828
11.98872894
5.75157913
4.82007646
4.33805297
0.39632203
0.86531119
0.13643838
1.80859375
4.54642731
0.15889496
22.57956192
14.65532025
3.84957003
5.96093750
2.34224457
0.41556793
5.77779144
6.84029144
0.04709869
15.58658688
0.07643496
0.71032777
0.51806173
4.09737588
7.69049223
0.02972028
0.99356369
7.10600509
11.94877106
5.11119515
1.44243461
15.28177887
3.64152039
6.30720634
1.94039284
8.83939606
6.59375000
2.65865082
4.12500000
6.75781250
6.63692044
0.40702488
15.40637176
0.73913605
5.66796875
11.79966217
4.53713875
3.18250664
20.74142425
11.73181183
8.94368407
9.52965779
9.04582225
5.96362367
6.60502106
2.64978058
22.60884177
12.11551972
6.62764185
3.55644392
15.31595856
3.45402039
2.14453125
14.62083777
4.48463098
0.63769531
7.61437334
5.26949689
6.67763275
14.01729278
11.85424867
0.71244293
3.00976562
8.15791778
3.90262910
3.72505707
1.04785156
0.04989624
2.31835938
16.05980885
2.77869182
20.81250000
5.31294769
2.11808289
4.08158356
6.60892731
1.55718719
11.34118683
2.81400543
0.77343750
0.05332459
3.77298981
15.28412872
9.91499225
12.65621564
11.17187500
0.58512328
1.63273133
3.60441101
0.09629303
6.42533356
0.13741059
1.10493988
7.33805297
2.09749390
5.92142731
16.20178192
0.80944855
20.14019744
6.45837433
1.42468168
0.02697847
6.89062500
8.67622894
1.56693512
10.88883422
9.01570119
2.87378490
10.80814606
0.37451172
0.39632141
3.72444703
7.83894836
6.23917664
0.54052734
3.21997008
7.50179078
2.32616689
1.00053385
4.48482269
3.68854777
1.15760305
18.51734602
