story	token_index	word_index	token	pronoun_replacement
0	0	0	In	NA
0	1	1	Ireland's	NA
0	2	1	Ireland's	NA
0	3	2	County	NA
0	4	3	Limerick,	NA
0	5	3	Limerick,	NA
0	6	3	Limerick,	NA
0	7	4	near	NA
0	8	5	the	NA
0	9	6	River	NA
0	10	7	Shannon,	NA
0	11	7	Shannon,	NA
0	12	8	there	NA
0	13	9	is	NA
0	14	10	a	it."
0	15	11	quiet	it."
0	16	12	little	it."
0	17	13	suburb	it."
0	18	14	by	it."
0	19	15	the	it."
0	20	16	name	it."
0	21	17	of	it."
0	22	18	Garryowen,	it."
0	23	18	Garryowen,	it."
0	24	18	Garryowen,	it."
0	25	18	Garryowen,	it."
0	26	19	which	it."
0	27	20	means	it."
0	28	21	"Garden	it."
0	29	21	"Garden	it."
0	30	21	"Garden	it."
0	31	22	of	it."
0	32	23	Owen."	it."
0	33	23	Owen."	it."
0	34	24	Undoubtedly	NA
0	35	24	Undoubtedly	NA
0	36	25	none	NA
0	37	26	of	NA
0	38	27	the	they
0	39	28	residents	they
0	40	29	realize	NA
0	41	30	the	NA
0	42	31	influence	NA
0	43	32	their	it
0	44	33	town	it
0	45	34	has	NA
0	46	35	had	NA
0	47	36	on	NA
0	48	37	American	NA
0	49	38	military	NA
0	50	39	history,	NA
0	51	39	history,	NA
0	52	40	or	NA
0	53	41	the	NA
0	54	42	deeds	NA
0	55	43	of	NA
0	56	44	valor	NA
0	57	44	valor	NA
0	58	45	that	NA
0	59	46	have	NA
0	60	47	been	NA
0	61	48	done	NA
0	62	49	in	NA
0	63	50	its	NA
0	64	51	name.	NA
0	65	51	name.	NA
0	66	52	The	It
0	67	53	cry	It
0	68	54	"Garryowen!"	"it!"
0	69	54	"Garryowen!"	"it!"
0	70	54	"Garryowen!"	"it!"
0	71	54	"Garryowen!"	"it!"
0	72	54	"Garryowen!"	"it!"
0	73	54	"Garryowen!"	"it!"
0	74	55	Bursting	NA
0	75	55	Bursting	NA
0	76	56	from	NA
0	77	57	the	NA
0	78	58	lips	NA
0	79	59	of	NA
0	80	60	a	NA
0	81	61	charging	NA
0	82	62	cavalry	NA
0	83	63	trooper	NA
0	84	64	was	NA
0	85	65	the	it.
0	86	66	last	it.
0	87	67	sound	it.
0	88	68	heard	it.
0	89	69	on	it.
0	90	70	this	it.
0	91	71	earth	it.
0	92	72	by	it.
0	93	73	untold	it.
0	94	74	numbers	it.
0	95	75	of	it.
0	96	76	Cheyennes,	it.
0	97	76	Cheyennes,	it.
0	98	76	Cheyennes,	it.
0	99	76	Cheyennes,	it.
0	100	77	Sioux	it.
0	101	78	and	it.
0	102	79	Apaches,	it.
0	103	79	Apaches,	it.
0	104	79	Apaches,	it.
0	105	80	Mexican	it.
0	106	81	banditos	it.
0	107	81	banditos	it.
0	108	81	banditos	it.
0	109	82	under	it.
0	110	83	Pancho	it.
0	111	83	Pancho	it.
0	112	83	Pancho	it.
0	113	84	Villa,	it.
0	114	84	Villa,	it.
0	115	85	Japanese	it.
0	116	86	in	it.
0	117	87	the	it.
0	118	88	South	it.
0	119	89	Pacific,	it.
0	120	89	Pacific,	it.
0	121	90	and	it.
0	122	91	Chinese	it.
0	123	92	and	it.
0	124	93	North	it.
0	125	94	Korean	it.
0	126	95	Communists	it.
0	127	96	in	it.
0	128	97	Korea.	it.
0	129	97	Korea.	it.
0	130	98	Garryowen	It
0	131	98	Garryowen	It
0	132	98	Garryowen	It
0	133	99	is	NA
0	134	100	the	it,
0	135	101	battle	it,
0	136	102	cry	it,
0	137	103	of	it,
0	138	104	the	it,
0	139	105	7th	it,
0	140	105	7th	it,
0	141	106	U.S.	it,
0	142	106	U.S.	it,
0	143	106	U.S.	it,
0	144	106	U.S.	it,
0	145	107	Cavalry	it,
0	146	107	Cavalry	it,
0	147	108	Regiment,	it,
0	148	108	Regiment,	it,
0	149	109	"The	"it."
0	150	109	"The	"it."
0	151	110	Fighting	"it."
0	152	111	Seventh."	"it."
0	153	111	Seventh."	"it."
0	154	112	Today	NA
0	155	113	a	it
0	156	114	battle	it
0	157	115	cry	it
0	158	116	may	NA
0	159	117	seem	NA
0	160	118	an	NA
0	161	119	anachronism,	NA
0	162	119	anachronism,	NA
0	163	119	anachronism,	NA
0	164	119	anachronism,	NA
0	165	119	anachronism,	NA
0	166	120	for	NA
0	167	121	in	NA
0	168	122	the	it,
0	169	123	modern	it,
0	170	124	Army,	it,
0	171	124	Army,	it,
0	172	125	esprit	it.
0	173	125	esprit	it.
0	174	126	de	it.
0	175	127	corps	it.
0	176	128	has	it.
0	177	129	been	it.
0	178	130	sacrificed	it.
0	179	131	to	it.
0	180	132	organizational	it.
0	181	133	charts	it.
0	182	134	and	it.
0	183	135	tables.	it.
0	184	135	tables.	it.
0	185	136	But	NA
0	186	137	don't	NA
0	187	137	don't	NA
0	188	138	tell	NA
0	189	139	that	NA
0	190	140	to	NA
0	191	141	a	NA
0	192	142	veteran	NA
0	193	143	of	NA
0	194	144	the	it,
0	195	145	Fighting	it,
0	196	146	Seventh,	it,
0	197	146	Seventh,	it,
0	198	147	especially	NA
0	199	148	in	NA
0	200	149	a	NA
0	201	150	saloon	NA
0	202	150	saloon	NA
0	203	151	on	NA
0	204	152	Saturday	NA
0	205	153	night.	NA
0	206	153	night.	NA
0	207	154	Of	NA
0	208	155	all	NA
0	209	156	the	NA
0	210	157	thousands	NA
0	211	158	of	NA
0	212	159	men	NA
0	213	160	who	NA
0	214	161	have	NA
0	215	162	served	NA
0	216	163	in	NA
0	217	164	the	it,
0	218	165	7th	it,
0	219	165	7th	it,
0	220	166	Cav,	it,
0	221	166	Cav,	it,
0	222	167	perhaps	NA
0	223	168	no	NA
0	224	169	one	NA
0	225	170	knows	NA
0	226	171	its	NA
0	227	172	spirit	NA
0	228	173	better	NA
0	229	174	than	NA
0	230	175	Lieutenant	he.
0	231	176	Colonel	he.
0	232	177	Melbourne	he.
0	233	178	C.	he.
0	234	178	C.	he.
0	235	179	Chandler.	he.
0	236	179	Chandler.	he.
0	237	180	Wiry	NA
0	238	180	Wiry	NA
0	239	181	and	NA
0	240	182	burr-headed,	NA
0	241	182	burr-headed,	NA
0	242	182	burr-headed,	NA
0	243	182	burr-headed,	NA
0	244	182	burr-headed,	NA
0	245	183	with	NA
0	246	184	steel	NA
0	247	185	blue	NA
0	248	186	eyes	NA
0	249	187	and	NA
0	250	188	a	NA
0	251	189	chest	NA
0	252	190	splattered	NA
0	253	190	splattered	NA
0	254	191	with	NA
0	255	192	medals,	NA
0	256	192	medals,	NA
0	257	193	Chandler	he
0	258	194	is	NA
0	259	195	the	it.
0	260	196	epitome	it.
0	261	196	epitome	it.
0	262	197	of	it.
0	263	198	the	it.
0	264	199	old-time	it.
0	265	199	old-time	it.
0	266	199	old-time	it.
0	267	200	trooper.	it.
0	268	200	trooper.	it.
0	269	201	The	NA
0	270	202	truth	NA
0	271	203	is,	NA
0	272	203	is,	NA
0	273	204	however,	NA
0	274	204	however,	NA
0	275	205	that	NA
0	276	206	when	NA
0	277	207	Mel	he
0	278	208	Chandler	he
0	279	209	first	NA
0	280	210	reported	NA
0	281	211	to	NA
0	282	212	the	it
0	283	213	regiment	it
0	284	214	the	it
0	285	215	only	it
0	286	216	steed	it
0	287	216	steed	it
0	288	217	he	it
0	289	218	had	it
0	290	219	ever	it
0	291	220	ridden	it
0	292	221	was	NA
0	293	222	a	it
0	294	223	swivel	it
0	295	223	swivel	it
0	296	223	swivel	it
0	297	224	chair	it
0	298	225	and	NA
0	299	226	the	it
0	300	227	only	it
0	301	228	weapon	it
0	302	229	he	it
0	303	230	had	it
0	304	231	ever	it
0	305	232	wielded	it
0	306	233	was	NA
0	307	234	a	it.
0	308	235	pencil.	it.
0	309	235	pencil.	it.
0	310	236	Chandler	He
0	311	237	had	NA
0	312	238	been	NA
0	313	239	commissioned	NA
0	314	240	in	NA
0	315	241	the	NA
0	316	242	Medical	NA
0	317	243	Service	NA
0	318	244	Corps	NA
0	319	245	and	NA
0	320	246	was	NA
0	321	247	serving	NA
0	322	248	as	NA
0	323	249	a	NA
0	324	250	personnel	NA
0	325	251	officer	NA
0	326	252	for	NA
0	327	253	the	NA
0	328	254	Kansas	NA
0	329	255	City	NA
0	330	256	Medical	NA
0	331	257	Depot	NA
0	332	258	when	NA
0	333	259	he	NA
0	334	260	decided	NA
0	335	261	that	NA
0	336	262	if	NA
0	337	263	he	NA
0	338	264	was	NA
0	339	265	going	NA
0	340	266	to	NA
0	341	267	make	NA
0	342	268	the	it
0	343	269	Army	it
0	344	270	his	NA
0	345	271	career,	NA
0	346	271	career,	NA
0	347	272	he	NA
0	348	273	wanted	NA
0	349	274	to	NA
0	350	275	be	NA
0	351	276	in	NA
0	352	277	the	NA
0	353	278	fighting	NA
0	354	279	part	NA
0	355	280	of	NA
0	356	281	it.	NA
0	357	281	it.	NA
0	358	282	Though	NA
0	359	283	he	NA
0	360	284	knew	NA
0	361	285	no	NA
0	362	286	more	NA
0	363	287	about	NA
0	364	288	military	NA
0	365	289	science	NA
0	366	290	and	NA
0	367	291	tactics	NA
0	368	292	than	NA
0	369	293	any	NA
0	370	294	other	NA
0	371	295	desk	NA
0	372	296	officer,	NA
0	373	296	officer,	NA
0	374	297	he	NA
0	375	298	managed	NA
0	376	299	to	NA
0	377	300	get	NA
0	378	301	transferred	NA
0	379	302	to	NA
0	380	303	the	NA
0	381	304	combat	NA
0	382	305	forces.	NA
0	383	305	forces.	NA
0	384	306	The	NA
0	385	307	next	NA
0	386	308	thing	NA
0	387	309	he	NA
0	388	310	knew	NA
0	389	311	he	NA
0	390	312	was	NA
0	391	313	reporting	NA
0	392	314	for	NA
0	393	315	duty	NA
0	394	316	as	NA
0	395	317	commanding	its,
0	396	318	officer	its,
0	397	319	of	its,
0	398	320	Troop	its,
0	399	320	Troop	its,
0	400	321	H,	its,
0	401	321	H,	its,
0	402	322	7th	its,
0	403	322	7th	its,
0	404	323	Cavalry,	its,
0	405	323	Cavalry,	its,
0	406	323	Cavalry,	its,
0	407	324	in	NA
0	408	325	the	NA
0	409	326	middle	NA
0	410	327	of	NA
0	411	328	corps	their.
0	412	329	maneuvers	their.
0	413	330	in	their.
0	414	331	Japan.	their.
0	415	331	Japan.	their.
0	416	332	Outside	NA
0	417	333	of	NA
0	418	334	combat,	it,
0	419	334	combat,	it,
0	420	335	he	NA
0	421	336	couldn't	NA
0	422	336	couldn't	NA
0	423	337	have	NA
0	424	338	landed	NA
0	425	339	in	NA
0	426	340	a	NA
0	427	341	tougher	NA
0	428	342	spot.	NA
0	429	342	spot.	NA
0	430	343	First	NA
0	431	344	of	NA
0	432	345	all,	NA
0	433	345	all,	NA
0	434	346	no	NA
0	435	347	unit	NA
0	436	348	likes	NA
0	437	349	to	NA
0	438	350	have	NA
0	439	351	a	him
0	440	352	new	him
0	441	353	CO	him
0	442	354	brought	NA
0	443	355	in	NA
0	444	356	from	NA
0	445	357	the	NA
0	446	358	outside,	NA
0	447	358	outside,	NA
0	448	359	especially	NA
0	449	360	when	NA
0	450	361	he's	NA
0	451	361	he's	NA
0	452	362	an	it.
0	453	363	armchair	it.
0	454	363	armchair	it.
0	455	364	trooper.	it.
0	456	364	trooper.	it.
0	457	365	Second,	NA
0	458	365	Second,	NA
0	459	366	if	NA
0	460	367	there	NA
0	461	368	is	NA
0	462	369	ever	NA
0	463	370	a	it,
0	464	371	perfect	it,
0	465	372	time	it,
0	466	373	to	it,
0	467	374	pull	it,
0	468	375	the	it,
0	469	376	rug	it,
0	470	377	out	it,
0	471	378	from	it,
0	472	379	under	it,
0	473	380	him,	it,
0	474	380	him,	it,
0	475	381	it's	NA
0	476	381	it's	NA
0	477	382	on	NA
0	478	383	maneuvers.	them.
0	479	383	maneuvers.	them.
0	480	384	In	NA
0	481	385	combat,	it,
0	482	385	combat,	it,
0	483	386	helping	it.
0	484	387	your	it.
0	485	388	CO	it.
0	486	389	make	it.
0	487	390	a	it.
0	488	391	fool	it.
0	489	392	of	it.
0	490	393	himself	it.
0	491	394	might	it.
0	492	395	mean	it.
0	493	396	getting	it.
0	494	397	yourself	it.
0	495	398	killed.	it.
0	496	398	killed.	it.
0	497	399	But	NA
0	498	400	in	NA
0	499	401	maneuvers,	them,
0	500	401	maneuvers,	them,
0	501	402	with	NA
0	502	403	the	NA
0	503	404	top	NA
0	504	405	brass	NA
0	505	406	watching	NA
0	506	407	him	NA
0	507	408	all	NA
0	508	409	the	NA
0	509	410	time,	NA
0	510	410	time,	NA
0	511	411	it's	NA
0	512	411	it's	NA
0	513	412	easy.	NA
0	514	412	easy.	NA
0	515	413	Chandler	He
0	516	414	understood	NA
0	517	415	this	NA
0	518	416	and	NA
0	519	417	expected	NA
0	520	418	the	NA
0	521	419	worst.	NA
0	522	419	worst.	NA
0	523	420	But	NA
0	524	421	his	NA
0	525	422	first	NA
0	526	423	few	NA
0	527	424	days	NA
0	528	425	with	NA
0	529	426	Troop	them
0	530	426	Troop	them
0	531	427	H	them
0	532	428	were	NA
0	533	429	full	NA
0	534	430	of	NA
0	535	431	surprises,	NA
0	536	431	surprises,	NA
0	537	432	beginning	NA
0	538	433	with	NA
0	539	434	First	its.
0	540	435	Sergeant	its.
0	541	436	Robert	its.
0	542	437	Early.	its.
0	543	437	Early.	its.
0	544	438	Chandler	He
0	545	439	had	NA
0	546	440	expected	NA
0	547	441	a	NA
0	548	442	tough	NA
0	549	443	old	NA
0	550	444	trooper	NA
0	551	445	with	NA
0	552	446	a	NA
0	553	447	gravel	NA
0	554	448	voice.	NA
0	555	448	voice.	NA
0	556	449	Instead	NA
0	557	450	Sergeant	he
0	558	451	Early	he
0	559	452	was	NA
0	560	453	quiet,	NA
0	561	453	quiet,	NA
0	562	454	sharp	NA
0	563	455	and	NA
0	564	456	confident.	NA
0	565	456	confident.	NA
0	566	457	He	NA
0	567	458	had	NA
0	568	459	enlisted	NA
0	569	460	in	NA
0	570	461	the	it
0	571	462	Army	it
0	572	463	straight	NA
0	573	464	out	NA
0	574	465	of	NA
0	575	466	high	NA
0	576	467	school	NA
0	577	468	and	NA
0	578	469	had	NA
0	579	470	immediately	NA
0	580	471	set	NA
0	581	472	about	NA
0	582	473	learning	NA
0	583	474	his	NA
0	584	475	new	NA
0	585	476	trade.	NA
0	586	476	trade.	NA
0	587	477	There	NA
0	588	478	was	NA
0	589	479	no	NA
0	590	480	weapon	NA
0	591	481	Early	NA
0	592	482	could	NA
0	593	483	not	NA
0	594	484	take	NA
0	595	485	apart	NA
0	596	486	and	NA
0	597	487	reassemble	NA
0	598	487	reassemble	NA
0	599	487	reassemble	NA
0	600	488	blind-folded.	NA
0	601	488	blind-folded.	NA
0	602	488	blind-folded.	NA
0	603	488	blind-folded.	NA
0	604	488	blind-folded.	NA
0	605	489	He	NA
0	606	490	could	NA
0	607	491	lead	NA
0	608	492	a	NA
0	609	493	patrol	NA
0	610	494	and	NA
0	611	495	he	NA
0	612	496	knew	NA
0	613	497	his	NA
0	614	498	paper	NA
0	615	499	work.	NA
0	616	499	work.	NA
0	617	500	Further,	NA
0	618	500	Further,	NA
0	619	501	he	NA
0	620	502	had	NA
0	621	503	taken	NA
0	622	504	full	NA
0	623	505	advantage	NA
0	624	506	of	NA
0	625	507	the	its
0	626	508	Army's	its
0	627	508	Army's	its
0	628	509	correspondence	NA
0	629	510	courses.	NA
0	630	510	courses.	NA
0	631	511	He	NA
0	632	512	not	NA
0	633	513	only	NA
0	634	514	knew	NA
0	635	515	soldiering,	NA
0	636	515	soldiering,	NA
0	637	515	soldiering,	NA
0	638	516	but	NA
0	639	517	mathematics,	NA
0	640	517	mathematics,	NA
0	641	518	history	NA
0	642	519	and	NA
0	643	520	literature	NA
0	644	521	as	NA
0	645	522	well.	NA
0	646	522	well.	NA
0	647	523	But	NA
0	648	524	for	NA
0	649	525	all	NA
0	650	526	his	NA
0	651	527	erudite	NA
0	652	527	erudite	NA
0	653	527	erudite	NA
0	654	528	confidence,	NA
0	655	528	confidence,	NA
0	656	529	Sergeant	he
0	657	530	Early	he
0	658	531	was	NA
0	659	532	right	NA
0	660	533	out	NA
0	661	534	of	NA
0	662	535	the	NA
0	663	536	Garryowen	NA
0	664	536	Garryowen	NA
0	665	536	Garryowen	NA
0	666	537	mold.	NA
0	667	537	mold.	NA
0	668	538	He	NA
0	669	539	was	NA
0	670	540	filled	NA
0	671	541	with	NA
0	672	542	the	NA
0	673	543	spirit	NA
0	674	544	of	NA
0	675	545	the	NA
0	676	546	Fighting	NA
0	677	547	Seventh.	NA
0	678	547	Seventh.	NA
0	679	548	That	NA
0	680	549	saved	NA
0	681	550	Mel	him.
0	682	551	Chandler.	him.
0	683	551	Chandler.	him.
0	684	552	Sergeant	He
0	685	553	Early	He
0	686	554	let	NA
0	687	555	the	him
0	688	556	new	him
0	689	557	CO	him
0	690	558	know	NA
0	691	559	just	NA
0	692	560	how	NA
0	693	561	lucky	NA
0	694	562	he	NA
0	695	563	was	NA
0	696	564	to	NA
0	697	565	be	NA
0	698	566	in	NA
0	699	567	the	it
0	700	568	best	it
0	701	569	troop	it
0	702	570	in	NA
0	703	571	the	it.
0	704	572	best	it.
0	705	573	regiment	it.
0	706	574	in	it.
0	707	575	the	it.
0	708	576	United	it.
0	709	577	States	it.
0	710	578	Army.	it.
0	711	578	Army.	it.
0	712	579	He	NA
0	713	580	fed	NA
0	714	581	the	him
0	715	582	captain	him
0	716	583	bits	NA
0	717	584	of	NA
0	718	585	history	NA
0	719	586	about	NA
0	720	587	the	them
0	721	588	troops	them
0	722	589	and	NA
0	723	590	the	it.
0	724	591	regiment.	it.
0	725	591	regiment.	it.
0	726	592	For	NA
0	727	593	example,	NA
0	728	593	example,	NA
0	729	594	it	NA
0	730	595	was	NA
0	731	596	a	it.
0	732	597	battalion	it.
0	733	598	of	it.
0	734	599	the	it.
0	735	600	7th	it.
0	736	600	7th	it.
0	737	601	Cavalry	it.
0	738	601	Cavalry	it.
0	739	602	under	it.
0	740	603	Colonel	it.
0	741	604	George	it.
0	742	605	Armstrong	it.
0	743	606	Custer	it.
0	744	606	Custer	it.
0	745	607	that	it.
0	746	608	had	it.
0	747	609	been	it.
0	748	610	wiped	it.
0	749	611	out	it.
0	750	612	at	it.
0	751	613	the	it.
0	752	614	Battle	it.
0	753	615	of	it.
0	754	616	The	it.
0	755	617	Little	it.
0	756	618	Big	it.
0	757	619	Horn.	it.
0	758	619	Horn.	it.
0	759	620	It	NA
0	760	621	didn't	NA
0	761	621	didn't	NA
0	762	622	take	NA
0	763	623	Captain	him
0	764	624	Chandler	him
0	765	625	long	NA
0	766	626	to	NA
0	767	627	realize	NA
0	768	628	that	NA
0	769	629	he	NA
0	770	630	had	NA
0	771	631	to	NA
0	772	632	carry	NA
0	773	633	a	it
0	774	634	heavy	it
0	775	635	load	it
0	776	636	of	it
0	777	637	tradition	it
0	778	638	on	NA
0	779	639	his	NA
0	780	640	shoulders	NA
0	781	641	as	NA
0	782	642	commander	him.
0	783	643	of	him.
0	784	644	Troop	him.
0	785	644	Troop	him.
0	786	645	A.	him.
0	787	645	A.	him.
0	788	646	But	NA
0	789	647	what	NA
0	790	648	made	NA
0	791	649	the	it
0	792	650	load	it
0	793	651	lighter	NA
0	794	652	was	NA
0	795	653	the	NA
0	796	654	realization	NA
0	797	655	that	NA
0	798	656	every	NA
0	799	657	officer,	NA
0	800	657	officer,	NA
0	801	658	non-com	NA
0	802	658	non-com	NA
0	803	658	non-com	NA
0	804	659	and	NA
0	805	660	trooper	NA
0	806	661	was	NA
0	807	662	ready	NA
0	808	663	and	NA
0	809	664	willing	NA
0	810	665	to	NA
0	811	666	help	NA
0	812	667	him	NA
0	813	668	carry	NA
0	814	669	it,	NA
0	815	669	it,	NA
0	816	670	for	NA
0	817	671	the	NA
0	818	672	good	NA
0	819	673	of	NA
0	820	674	the	it
0	821	675	troop	it
0	822	676	and	NA
0	823	677	the	it.
0	824	678	regiment.	it.
0	825	678	regiment.	it.
1	0	0	O'Banion	He
1	1	0	O'Banion	He
1	2	0	O'Banion	He
1	3	0	O'Banion	He
1	4	1	was	NA
1	5	2	a	he'.
1	6	3	complex	he'.
1	7	4	and	he'.
1	8	5	frightening	he'.
1	9	6	man,	he'.
1	10	6	man,	he'.
1	11	7	whose	he'.
1	12	8	bright	he'.
1	13	9	blue	he'.
1	14	10	eyes	he'.
1	15	11	stared	he'.
1	16	12	with	he'.
1	17	13	a	he'.
1	18	14	kind	he'.
1	19	15	of	he'.
1	20	16	frozen	he'.
1	21	17	candour	he'.
1	22	17	candour	he'.
1	23	18	into	he'.
1	24	19	others'.	he'.
1	25	19	others'.	he'.
1	26	20	He	NA
1	27	21	had	NA
1	28	22	a	NA
1	29	23	round,	NA
1	30	23	round,	NA
1	31	24	frank	NA
1	32	25	Irish	NA
1	33	26	face,	NA
1	34	26	face,	NA
1	35	27	creased	NA
1	36	27	creased	NA
1	37	28	in	NA
1	38	29	a	NA
1	39	30	jovial	NA
1	40	30	jovial	NA
1	41	30	jovial	NA
1	42	31	grin	NA
1	43	32	that	NA
1	44	33	stayed	NA
1	45	34	bleakly	NA
1	46	34	bleakly	NA
1	47	35	in	NA
1	48	36	place	NA
1	49	37	even	NA
1	50	38	when	NA
1	51	39	he	NA
1	52	40	was	NA
1	53	41	pumping	NA
1	54	42	bullets	NA
1	55	43	into	NA
1	56	44	someone's	NA
1	57	44	someone's	NA
1	58	45	body.	NA
1	59	45	body.	NA
1	60	46	He	NA
1	61	47	carried	NA
1	62	48	three	them
1	63	49	guns	them
1	64	50	--	NA
1	65	51	one	NA
1	66	52	in	NA
1	67	53	the	NA
1	68	54	right	NA
1	69	55	trouser	NA
1	70	55	trouser	NA
1	71	56	pocket,	NA
1	72	56	pocket,	NA
1	73	57	one	NA
1	74	58	under	NA
1	75	59	his	NA
1	76	60	left	NA
1	77	61	armpit,	NA
1	78	61	armpit,	NA
1	79	61	armpit,	NA
1	80	61	armpit,	NA
1	81	62	one	NA
1	82	63	in	NA
1	83	64	the	NA
1	84	65	left	NA
1	85	66	outside	NA
1	86	67	coat	NA
1	87	68	pocket	NA
1	88	69	--	NA
1	89	70	and	NA
1	90	71	was	NA
1	91	72	equally	NA
1	92	73	lethal	NA
1	93	74	with	NA
1	94	75	both	NA
1	95	76	hands.	NA
1	96	76	hands.	NA
1	97	77	He	NA
1	98	78	killed	NA
1	99	79	accurately,	NA
1	100	79	accurately,	NA
1	101	80	freely,	NA
1	102	80	freely,	NA
1	103	81	and	NA
1	104	82	dispassionately.	NA
1	105	82	dispassionately.	NA
1	106	82	dispassionately.	NA
1	107	82	dispassionately.	NA
1	108	83	The	NA
1	109	84	police	NA
1	110	85	credited	NA
1	111	86	him	NA
1	112	87	with	NA
1	113	88	twenty-five	them
1	114	88	twenty-five	them
1	115	88	twenty-five	them
1	116	89	murders	them
1	117	90	but	NA
1	118	91	he	NA
1	119	92	was	NA
1	120	93	never	NA
1	121	94	brought	NA
1	122	95	to	NA
1	123	96	trial	NA
1	124	97	for	NA
1	125	98	one	NA
1	126	99	of	NA
1	127	100	them.	NA
1	128	100	them.	NA
1	129	101	Like	NA
1	130	102	a	NA
1	131	103	fair	NA
1	132	104	number	NA
1	133	105	of	NA
1	134	106	bootleggers	NA
1	135	106	bootleggers	NA
1	136	106	bootleggers	NA
1	137	106	bootleggers	NA
1	138	107	he	NA
1	139	108	disliked	NA
1	140	109	alcohol.	NA
1	141	109	alcohol.	NA
1	142	110	He	NA
1	143	111	was	NA
1	144	112	an	he,
1	145	113	expert	he,
1	146	114	florist,	he,
1	147	114	florist,	he,
1	148	114	florist,	he,
1	149	114	florist,	he,
1	150	115	tenderly	NA
1	151	115	tenderly	NA
1	152	116	dextrous	NA
1	153	116	dextrous	NA
1	154	116	dextrous	NA
1	155	117	in	NA
1	156	118	the	NA
1	157	119	arrangement	NA
1	158	120	of	NA
1	159	121	bouquets	NA
1	160	121	bouquets	NA
1	161	121	bouquets	NA
1	162	122	and	NA
1	163	123	wreaths.	NA
1	164	123	wreaths.	NA
1	165	123	wreaths.	NA
1	166	123	wreaths.	NA
1	167	124	He	NA
1	168	125	had	NA
1	169	126	no	NA
1	170	127	apparent	NA
1	171	128	comprehension	NA
1	172	129	of	NA
1	173	130	morality;	NA
1	174	130	morality;	NA
1	175	131	he	NA
1	176	132	divided	NA
1	177	133	humanity	NA
1	178	134	into	NA
1	179	135	"right	NA
1	180	135	"right	NA
1	181	136	guys"	NA
1	182	136	guys"	NA
1	183	137	and	NA
1	184	138	"wrong	"them,"
1	185	138	"wrong	"them,"
1	186	139	guys,"	"them,"
1	187	139	guys,"	"them,"
1	188	140	and	NA
1	189	141	the	them.
1	190	142	wrong	them.
1	191	143	ones	them.
1	192	144	he	them.
1	193	145	was	them.
1	194	146	always	them.
1	195	147	willing	them.
1	196	148	to	them.
1	197	149	kill	them.
1	198	150	and	them.
1	199	151	trample	them.
1	200	151	trample	them.
1	201	152	under.	them.
1	202	152	under.	them.
1	203	153	He	NA
1	204	154	had	NA
1	205	155	what	NA
1	206	156	was	NA
1	207	157	described	NA
1	208	158	by	NA
1	209	159	a	NA
1	210	160	psychologist	NA
1	211	161	as	NA
1	212	162	a	NA
1	213	163	"sunny	NA
1	214	163	"sunny	NA
1	215	163	"sunny	NA
1	216	164	brutality."	NA
1	217	164	brutality."	NA
1	218	165	He	NA
1	219	166	walked	NA
1	220	167	with	NA
1	221	168	a	it,
1	222	169	heavy	it,
1	223	170	list	it,
1	224	171	to	it,
1	225	172	the	it,
1	226	173	right,	it,
1	227	173	right,	it,
1	228	174	as	NA
1	229	175	that	it
1	230	176	leg	it
1	231	177	was	NA
1	232	178	four	it,
1	233	179	inches	it,
1	234	180	shorter	it,
1	235	181	than	it,
1	236	182	the	it,
1	237	183	other,	it,
1	238	183	other,	it,
1	239	184	but	NA
1	240	185	the	it
1	241	186	lurch	it
1	242	186	lurch	it
1	243	187	did	NA
1	244	188	not	NA
1	245	189	reduce	NA
1	246	190	his	NA
1	247	191	feline	NA
1	248	191	feline	NA
1	249	192	quickness	NA
1	250	192	quickness	NA
1	251	193	with	NA
1	252	194	his	them.
1	253	195	guns.	them.
1	254	195	guns.	them.
1	255	196	Landesco	NA
1	256	196	Landesco	NA
1	257	196	Landesco	NA
1	258	197	thought	NA
1	259	198	him	NA
1	260	199	"just	NA
1	261	199	"just	NA
1	262	200	a	NA
1	263	201	superior	NA
1	264	202	sort	NA
1	265	203	of	NA
1	266	204	plugugly"	NA
1	267	204	plugugly"	NA
1	268	204	plugugly"	NA
1	269	204	plugugly"	NA
1	270	205	but	NA
1	271	206	he	NA
1	272	207	was,	NA
1	273	207	was,	NA
1	274	208	in	NA
1	275	209	fact,	NA
1	276	209	fact,	NA
1	277	210	with	NA
1	278	211	his	NA
1	279	212	aggression	NA
1	280	213	and	NA
1	281	214	hostility,	NA
1	282	214	hostility,	NA
1	283	215	and	NA
1	284	216	nerveless	NA
1	285	216	nerveless	NA
1	286	216	nerveless	NA
1	287	217	indifference	NA
1	288	218	to	NA
1	289	219	risking	NA
1	290	220	or	NA
1	291	221	administering	NA
1	292	222	pain,	NA
1	293	222	pain,	NA
1	294	223	a	he.
1	295	224	casebook	he.
1	296	224	casebook	he.
1	297	225	psychopath.	he.
1	298	225	psychopath.	he.
1	299	226	He	NA
1	300	227	was	NA
1	301	228	also	NA
1	302	229	at	NA
1	303	230	this	NA
1	304	231	time,	NA
1	305	231	time,	NA
1	306	232	although	NA
1	307	233	not	NA
1	308	234	so	NA
1	309	235	interwoven	NA
1	310	235	interwoven	NA
1	311	235	interwoven	NA
1	312	236	in	NA
1	313	237	high	NA
1	314	238	politics	NA
1	315	239	and	NA
1	316	240	the	NA
1	317	241	rackets	NA
1	318	241	rackets	NA
1	319	242	as	NA
1	320	243	Torrio	NA
1	321	243	Torrio	NA
1	322	244	and	NA
1	323	245	Capone,	NA
1	324	245	Capone,	NA
1	325	245	Capone,	NA
1	326	246	the	he,
1	327	247	most	he,
1	328	248	powerful	he,
1	329	249	and	he,
1	330	250	most	he,
1	331	251	dangerous	he,
1	332	252	mob	he,
1	333	253	leader	he,
1	334	254	in	he,
1	335	255	the	he,
1	336	256	Chicago	he,
1	337	257	underworld,	he,
1	338	257	underworld,	he,
1	339	258	the	he.
1	340	259	roughneck	he.
1	341	259	roughneck	he.
1	342	260	king.	he.
1	343	260	king.	he.
2	0	0	Chairs	NA
2	1	0	Chairs	NA
2	2	1	scraped	NA
2	3	1	scraped	NA
2	4	2	back	NA
2	5	3	and	NA
2	6	4	customers	they
2	7	5	hastily	NA
2	8	6	vacated	NA
2	9	7	their	NA
2	10	8	tables	NA
2	11	9	as	NA
2	12	10	the	he
2	13	11	tall	he
2	14	12	young	he
2	15	13	buffalo	he
2	16	14	hunter	he
2	17	15	pushed	NA
2	18	16	open	NA
2	19	17	the	NA
2	20	18	swing	NA
2	21	19	doors	NA
2	22	20	and	NA
2	23	21	walked	NA
2	24	22	towards	NA
2	25	23	the	it.
2	26	24	bar.	it.
2	27	24	bar.	it.
2	28	25	Only	NA
2	29	26	Blue	NA
2	30	27	Throat	NA
2	31	27	Throat	NA
2	32	28	and	NA
2	33	29	his	his
2	34	30	gang	his
2	35	31	stayed	NA
2	36	32	where	NA
2	37	33	they	NA
2	38	34	were.	NA
2	39	34	were.	NA
2	40	35	Blue	He
2	41	36	Throat	He
2	42	36	Throat	He
2	43	37	was	NA
2	44	38	slumped	NA
2	45	39	with	NA
2	46	40	his	NA
2	47	41	back	NA
2	48	42	against	NA
2	49	43	the	it,
2	50	44	bar,	it,
2	51	44	bar,	it,
2	52	45	elbows	NA
2	53	46	supporting	NA
2	54	47	his	NA
2	55	48	massive	NA
2	56	49	frame.	NA
2	57	49	frame.	NA
2	58	50	He	NA
2	59	51	leered	NA
2	60	51	leered	NA
2	61	52	at	NA
2	62	53	the	him
2	63	54	stranger	him
2	64	55	as	NA
2	65	56	the	NA
2	66	57	distance	NA
2	67	58	between	NA
2	68	59	them	NA
2	69	60	closed.	NA
2	70	60	closed.	NA
2	71	61	"Since	NA
2	72	61	"Since	NA
2	73	62	when	NA
2	74	63	did	NA
2	75	64	they	NA
2	76	65	allow	it,
2	77	66	beardless	it,
2	78	66	beardless	it,
2	79	67	kids	it,
2	80	68	into	it,
2	81	69	the	it,
2	82	70	saloon	it,
2	83	70	saloon	it,
2	84	71	bars	it,
2	85	72	of	it,
2	86	73	this	it,
2	87	74	town,	it,
2	88	74	town,	it,
2	89	75	boys?"	them?"
2	90	75	boys?"	them?"
2	91	76	he	NA
2	92	77	asked.	NA
2	93	77	asked.	NA
2	94	78	"Seems	NA
2	95	78	"Seems	NA
2	96	78	"Seems	NA
2	97	79	to	NA
2	98	80	me	NA
2	99	81	I	NA
2	100	82	don't	NA
2	101	82	don't	NA
2	102	83	remember	NA
2	103	84	altering	NA
2	104	85	any	NA
2	105	86	law	NA
2	106	87	about	NA
2	107	88	that."	NA
2	108	88	that."	NA
2	109	89	He	NA
2	110	90	straightened	NA
2	111	90	straightened	NA
2	112	91	up,	NA
2	113	91	up,	NA
2	114	92	alert	NA
2	115	93	now	NA
2	116	94	as	NA
2	117	95	the	he
2	118	96	buffalo	he
2	119	97	hunter	he
2	120	98	came	NA
2	121	99	closer.	NA
2	122	99	closer.	NA
2	123	100	"Stay	NA
2	124	100	"Stay	NA
2	125	101	right	NA
2	126	102	here	NA
2	127	103	where	NA
2	128	104	you	NA
2	129	105	are,	NA
2	130	105	are,	NA
2	131	106	kid,"	it,"
2	132	106	kid,"	it,"
2	133	107	he	NA
2	134	108	called.	NA
2	135	108	called.	NA
2	136	109	"I	NA
2	137	109	"I	NA
2	138	110	don't	NA
2	139	110	don't	NA
2	140	111	aim	NA
2	141	112	to	NA
2	142	113	have	NA
2	143	114	minors	NA
2	144	115	breathing	NA
2	145	116	down	NA
2	146	117	my	NA
2	147	118	neck	NA
2	148	119	when	NA
2	149	120	I'm	NA
2	150	120	I'm	NA
2	151	121	a-drinking."	NA
2	152	121	a-drinking."	NA
2	153	121	a-drinking."	NA
2	154	121	a-drinking."	NA
2	155	121	a-drinking."	NA
2	156	122	The	He
2	157	123	stranger	He
2	158	124	ignored	NA
2	159	125	him.	NA
2	160	125	him.	NA
2	161	126	He	NA
2	162	127	didn't	NA
2	163	127	didn't	NA
2	164	128	stop	NA
2	165	129	till	NA
2	166	130	he	NA
2	167	131	was	NA
2	168	132	within	NA
2	169	133	three	NA
2	170	134	feet	NA
2	171	135	of	NA
2	172	136	Blue	him
2	173	137	Throat	him
2	174	137	Throat	him
2	175	138	and	NA
2	176	139	by	NA
2	177	140	that	NA
2	178	141	time	NA
2	179	142	the	NA
2	180	143	gang	NA
2	181	144	leader's	NA
2	182	144	leader's	NA
2	183	145	right	NA
2	184	146	hand	NA
2	185	147	was	NA
2	186	148	on	NA
2	187	149	the	NA
2	188	150	butt	NA
2	189	151	of	NA
2	190	152	his	it.
2	191	153	revolver.	it.
2	192	153	revolver.	it.
2	193	154	"I'm	NA
2	194	154	"I'm	NA
2	195	154	"I'm	NA
2	196	155	Billy	he,"
2	197	156	Tilghman,"	he,"
2	198	156	Tilghman,"	he,"
2	199	156	Tilghman,"	he,"
2	200	156	Tilghman,"	he,"
2	201	157	said	NA
2	202	158	the	he,
2	203	159	stranger,	he,
2	204	159	stranger,	he,
2	205	160	"and	NA
2	206	160	"and	NA
2	207	161	I've	NA
2	208	161	I've	NA
2	209	162	come	NA
2	210	163	for	NA
2	211	164	Pat	it."
2	212	165	Conyers'	it."
2	213	165	Conyers'	it."
2	214	165	Conyers'	it."
2	215	166	body."	it."
2	216	166	body."	it."
2	217	167	"And	NA
2	218	167	"And	NA
2	219	168	what	NA
2	220	169	makes	NA
2	221	170	you	NA
2	222	171	think	NA
2	223	172	you're	NA
2	224	172	you're	NA
2	225	173	going	NA
2	226	174	to	NA
2	227	175	get	NA
2	228	176	it,	NA
2	229	176	it,	NA
2	230	177	pretty	you?"
2	231	178	boy?"	you?"
2	232	178	boy?"	you?"
2	233	179	"Because	NA
2	234	179	"Because	NA
2	235	180	I'm	NA
2	236	180	I'm	NA
2	237	181	asking.	NA
2	238	181	asking.	NA
2	239	182	Most	NA
2	240	183	of	NA
2	241	184	the	NA
2	242	185	time	NA
2	243	186	I	NA
2	244	187	get	NA
2	245	188	what	NA
2	246	189	I	NA
2	247	190	ask	NA
2	248	191	for."	NA
2	249	191	for."	NA
2	250	192	Blue	He
2	251	193	Throat	He
2	252	193	Throat	He
2	253	194	winked	NA
2	254	194	winked	NA
2	255	195	at	NA
2	256	196	his	them.
2	257	197	six	them.
2	258	198	cronies.	them.
2	259	198	cronies.	them.
2	260	198	cronies.	them.
2	261	199	"The	"He
2	262	199	"The	"He
2	263	200	kid	"He
2	264	201	has	NA
2	265	202	no	NA
2	266	203	manners,	NA
2	267	203	manners,	NA
2	268	204	boys.	they.
2	269	204	boys.	they.
2	270	205	Shall	NA
2	271	206	we	NA
2	272	207	teach	NA
2	273	208	him	NA
2	274	209	some?"	NA
2	275	209	some?"	NA
2	276	210	His	his
2	277	211	gun	his
2	278	212	was	NA
2	279	213	half	NA
2	280	214	drawn	NA
2	281	215	when	NA
2	282	216	he	NA
2	283	217	asked	NA
2	284	218	the	NA
2	285	219	question,	NA
2	286	219	question,	NA
2	287	220	but	NA
2	288	221	the	it
2	289	222	weapon	it
2	290	223	never	NA
2	291	224	left	NA
2	292	225	its	NA
2	293	226	holster.	NA
2	294	226	holster.	NA
2	295	227	Tilghman's	His
2	296	227	Tilghman's	His
2	297	227	Tilghman's	His
2	298	227	Tilghman's	His
2	299	228	clenched	NA
2	300	229	fist	NA
2	301	230	swept	NA
2	302	231	over	NA
2	303	232	in	NA
2	304	233	a	NA
2	305	234	terrific	NA
2	306	235	right	NA
2	307	236	cross	NA
2	308	237	and	NA
2	309	238	clipped	NA
2	310	239	the	him
2	311	240	big	him
2	312	241	gunfighter	him
2	313	241	gunfighter	him
2	314	242	on	NA
2	315	243	the	NA
2	316	244	side	NA
2	317	245	of	NA
2	318	246	his	NA
2	319	247	chin.	NA
2	320	247	chin.	NA
2	321	248	His	NA
2	322	249	head	NA
2	323	250	snapped	NA
2	324	251	round	NA
2	325	252	and	NA
2	326	253	he	NA
2	327	254	reeled	NA
2	328	254	reeled	NA
2	329	255	back,	NA
2	330	255	back,	NA
2	331	256	crashing	NA
2	332	257	into	NA
2	333	258	the	NA
2	334	259	table	NA
2	335	260	where	NA
2	336	261	his	they
2	337	262	buddies	they
2	338	263	were	NA
2	339	264	sprawling.	NA
2	340	264	sprawling.	NA
2	341	265	Tilghman	He
2	342	265	Tilghman	He
2	343	265	Tilghman	He
2	344	266	leapt	NA
2	345	267	on	NA
2	346	268	to	NA
2	347	269	him,	NA
2	348	269	him,	NA
2	349	270	dragged	NA
2	350	271	him	NA
2	351	272	upright	NA
2	352	273	and	NA
2	353	274	hit	NA
2	354	275	him	NA
2	355	276	again,	NA
2	356	276	again,	NA
2	357	277	this	NA
2	358	278	time	NA
2	359	279	sending	NA
2	360	280	him	NA
2	361	281	careening	NA
2	362	281	careening	NA
2	363	282	against	NA
2	364	283	the	it.
2	365	284	bar.	it.
2	366	284	bar.	it.
2	367	285	A	NA
2	368	286	bullet	NA
2	369	287	gouged	NA
2	370	287	gouged	NA
2	371	288	into	NA
2	372	289	the	NA
2	373	290	bar	NA
2	374	291	top	NA
2	375	292	an	NA
2	376	293	inch	NA
2	377	294	from	NA
2	378	295	Tilghman's	his
2	379	295	Tilghman's	his
2	380	295	Tilghman's	his
2	381	295	Tilghman's	his
2	382	296	stomach	NA
2	383	297	as	NA
2	384	298	Blue	his
2	385	299	Throat's	his
2	386	299	Throat's	his
2	387	299	Throat's	his
2	388	300	henchmen	NA
2	389	300	henchmen	NA
2	390	300	henchmen	NA
2	391	301	started	NA
2	392	302	shooting.	NA
2	393	302	shooting.	NA
2	394	303	Tilghman	He
2	395	303	Tilghman	He
2	396	303	Tilghman	He
2	397	304	flung	NA
2	398	305	himself	NA
2	399	306	aside,	NA
2	400	306	aside,	NA
2	401	307	dropped	NA
2	402	308	on	NA
2	403	309	one	NA
2	404	310	knee	NA
2	405	311	and	NA
2	406	312	pulled	NA
2	407	313	his	NA
2	408	314	own	NA
2	409	315	gun.	NA
2	410	315	gun.	NA
2	411	316	The	NA
2	412	317	Colt	NA
2	413	318	roared	NA
2	414	319	twice	NA
2	415	320	and	NA
2	416	321	two	NA
2	417	322	men	NA
2	418	323	dropped,	NA
2	419	323	dropped,	NA
2	420	324	writhing.	NA
2	421	324	writhing.	NA
2	422	324	writhing.	NA
2	423	325	A	NA
2	424	326	third	NA
2	425	327	shot	NA
2	426	328	doused	NA
2	427	328	doused	NA
2	428	329	the	NA
2	429	330	light.	NA
2	430	330	light.	NA
2	431	331	Somewhere	NA
2	432	332	at	NA
2	433	333	the	NA
2	434	334	far	NA
2	435	335	end	NA
2	436	336	of	NA
2	437	337	the	NA
2	438	338	room	NA
2	439	339	a	NA
2	440	340	voice	NA
2	441	341	yelled,	NA
2	442	341	yelled,	NA
2	443	342	"You	NA
2	444	342	"You	NA
2	445	343	all	NA
2	446	344	right,	NA
2	447	344	right,	NA
2	448	345	Billy?"	you?"
2	449	345	Billy?"	you?"
2	450	346	"Yes,	NA
2	451	346	"Yes,	NA
2	452	346	"Yes,	NA
2	453	347	George,	NA
2	454	347	George,	NA
2	455	348	but	NA
2	456	349	I	NA
2	457	350	ain't	NA
2	458	350	ain't	NA
2	459	351	got	NA
2	460	352	poor	it
2	461	353	old	it
2	462	354	Pat's	it
2	463	354	Pat's	it
2	464	355	body	it
2	465	356	yet.	NA
2	466	356	yet.	NA
2	467	357	And	NA
2	468	358	I	NA
2	469	359	aim	NA
2	470	360	to	NA
2	471	361	have	NA
2	472	362	it."	NA
2	473	362	it."	NA
2	474	363	He	NA
2	475	364	fired	NA
2	476	365	again,	NA
2	477	365	again,	NA
2	478	366	and	NA
2	479	367	somewhere	NA
2	480	368	in	NA
2	481	369	the	NA
2	482	370	gloom	NA
2	483	371	a	NA
2	484	372	man	NA
2	485	373	screamed.	NA
2	486	373	screamed.	NA
2	487	374	Another	He
2	488	375	took	NA
2	489	376	off	NA
2	490	377	his	NA
2	491	378	gun	NA
2	492	379	belt	NA
2	493	380	and	NA
2	494	381	flung	NA
2	495	382	his	NA
2	496	383	weapons	NA
2	497	384	to	NA
2	498	385	the	NA
2	499	386	floor.	NA
2	500	386	floor.	NA
2	501	387	"OK,	NA
2	502	387	"OK,	NA
2	503	387	"OK,	NA
2	504	388	Tilghman,	you,
2	505	388	Tilghman,	you,
2	506	388	Tilghman,	you,
2	507	388	Tilghman,	you,
2	508	389	I'm	NA
2	509	389	I'm	NA
2	510	390	quitting."	NA
2	511	390	quitting."	NA
2	512	391	"And	NA
2	513	391	"And	NA
2	514	392	me,"	NA
2	515	392	me,"	NA
2	516	393	said	NA
2	517	394	another	NA
2	518	395	Blue	NA
2	519	396	Throat	NA
2	520	396	Throat	NA
2	521	397	henchman.	NA
2	522	397	henchman.	NA
2	523	397	henchman.	NA
2	524	397	henchman.	NA
2	525	398	Somebody	NA
2	526	399	brought	NA
2	527	400	a	NA
2	528	401	light.	NA
2	529	401	light.	NA
2	530	402	Tilghman	He
2	531	402	Tilghman	He
2	532	402	Tilghman	He
2	533	403	and	NA
2	534	404	his	he,
2	535	405	partner,	he,
2	536	405	partner,	he,
2	537	406	George	he,
2	538	407	Rust,	he,
2	539	407	Rust,	he,
2	540	408	herded	NA
2	541	408	herded	NA
2	542	409	the	them
2	543	410	men	them
2	544	411	into	NA
2	545	412	a	NA
2	546	413	corner.	NA
2	547	413	corner.	NA
2	548	414	"And	NA
2	549	414	"And	NA
2	550	415	now,"	NA
2	551	415	now,"	NA
2	552	416	said	NA
2	553	417	Tilghman	he
2	554	417	Tilghman	he
2	555	417	Tilghman	he
2	556	418	with	NA
2	557	419	deadly	NA
2	558	420	calm,	NA
2	559	420	calm,	NA
2	560	421	"I'll	NA
2	561	421	"I'll	NA
2	562	421	"I'll	NA
2	563	422	repeat	NA
2	564	423	what	NA
2	565	424	I	NA
2	566	425	said.	NA
2	567	425	said.	NA
2	568	426	I've	NA
2	569	426	I've	NA
2	570	427	come	NA
2	571	428	for	NA
2	572	429	Pat	it."
2	573	430	Conyers'	it."
2	574	430	Conyers'	it."
2	575	430	Conyers'	it."
2	576	431	body."	it."
2	577	431	body."	it."
2	578	432	In	NA
2	579	433	two	NA
2	580	434	minutes	NA
2	581	435	the	NA
2	582	436	body	NA
2	583	437	of	NA
2	584	438	Tilghman's	he,
2	585	438	Tilghman's	he,
2	586	438	Tilghman's	he,
2	587	438	Tilghman's	he,
2	588	439	former	he,
2	589	440	comrade,	he,
2	590	440	comrade,	he,
2	591	441	who	NA
2	592	442	had	NA
2	593	443	been	NA
2	594	444	killed	NA
2	595	445	by	NA
2	596	446	Blue	he
2	597	447	Throat	he
2	598	447	Throat	he
2	599	448	in	NA
2	600	449	a	NA
2	601	450	gambling	NA
2	602	451	brawl	NA
2	603	452	the	NA
2	604	453	previous	NA
2	605	454	night,	NA
2	606	454	night,	NA
2	607	455	was	NA
2	608	456	carried	NA
2	609	457	into	NA
2	610	458	the	its
2	611	459	town's	its
2	612	459	town's	its
2	613	460	funeral	NA
2	614	461	parlor	NA
2	615	461	parlor	NA
2	616	462	to	NA
2	617	463	be	NA
2	618	464	prepared	NA
2	619	465	for	NA
2	620	466	decent	NA
2	621	467	burial.	NA
2	622	467	burial.	NA
2	623	468	Blue	He,
2	624	469	Throat,	He,
2	625	469	Throat,	He,
2	626	469	Throat,	He,
2	627	470	nursing	NA
2	628	471	an	NA
2	629	472	aching	NA
2	630	472	aching	NA
2	631	473	jaw	NA
2	632	474	and	NA
2	633	475	a	NA
2	634	476	colossal	NA
2	635	477	dose	NA
2	636	478	of	NA
2	637	479	wounded	NA
2	638	480	pride,	NA
2	639	480	pride,	NA
2	640	481	rode	NA
2	641	482	out	NA
2	642	483	of	NA
2	643	484	town	it
2	644	485	with	NA
2	645	486	the	NA
2	646	487	survivors	NA
2	647	488	of	NA
2	648	489	the	NA
2	649	490	fight.	NA
2	650	490	fight.	NA
2	651	491	"That	"It
2	652	491	"That	"It
2	653	492	critter	"It
2	654	492	critter	"It
2	655	493	will	NA
2	656	494	be	NA
2	657	495	back	NA
2	658	496	tomorrow,"	NA
2	659	496	tomorrow,"	NA
2	660	497	predicted	NA
2	661	498	George	he,
2	662	499	Rust,	he,
2	663	499	Rust,	he,
2	664	500	"and	NA
2	665	500	"and	NA
2	666	501	he'll	NA
2	667	501	he'll	NA
2	668	502	bring	NA
2	669	503	fifty	NA
2	670	504	of	NA
2	671	505	his	NA
2	672	506	kind	NA
2	673	507	back	NA
2	674	508	with	NA
2	675	509	him.	NA
2	676	509	him.	NA
2	677	510	Blue	He
2	678	511	Throat	He
2	679	511	Throat	He
2	680	512	won't	NA
2	681	512	won't	NA
2	682	513	stand	NA
2	683	514	for	NA
2	684	515	this.	NA
2	685	515	this.	NA
2	686	516	He'll	NA
2	687	516	He'll	NA
2	688	517	shoot	NA
2	689	518	up	NA
2	690	519	the	it."
2	691	520	town."	it."
2	692	520	town."	it."
3	0	0	She	NA
3	1	1	was	NA
3	2	2	just	NA
3	3	3	another	it,
3	4	4	freighter	it,
3	5	4	freighter	it,
3	6	5	from	it,
3	7	6	the	it,
3	8	7	States,	it,
3	9	7	States,	it,
3	10	8	and	NA
3	11	9	she	NA
3	12	10	seemed	NA
3	13	11	as	NA
3	14	12	commonplace	NA
3	15	13	as	NA
3	16	14	her	her.
3	17	15	name.	her.
3	18	15	name.	her.
3	19	16	She	NA
3	20	17	was	NA
3	21	18	the	it,
3	22	19	John	it,
3	23	20	Harvey,	it,
3	24	20	Harvey,	it,
3	25	21	one	it.
3	26	22	of	it.
3	27	23	those	it.
3	28	24	Atlantic	it.
3	29	25	sea-horses	it.
3	30	25	sea-horses	it.
3	31	25	sea-horses	it.
3	32	25	sea-horses	it.
3	33	26	that	it.
3	34	27	had	it.
3	35	28	sailed	it.
3	36	29	to	it.
3	37	30	Bari	it.
3	38	30	Bari	it.
3	39	31	to	it.
3	40	32	bring	it.
3	41	33	beans,	it.
3	42	33	beans,	it.
3	43	34	bombs,	it.
3	44	34	bombs,	it.
3	45	35	and	it.
3	46	36	bullets	it.
3	47	37	to	it.
3	48	38	the	it.
3	49	39	U.S.	it.
3	50	39	U.S.	it.
3	51	39	U.S.	it.
3	52	39	U.S.	it.
3	53	40	Fifteenth	it.
3	54	40	Fifteenth	it.
3	55	41	Air	it.
3	56	42	Force,	it.
3	57	42	Force,	it.
3	58	43	to	it.
3	59	44	Field	it.
3	60	45	Marshal	it.
3	61	46	Montgomery's	it.
3	62	46	Montgomery's	it.
3	63	47	Eighth	it.
3	64	48	Army	it.
3	65	49	then	it.
3	66	50	racing	it.
3	67	51	up	it.
3	68	52	the	it.
3	69	53	calf	it.
3	70	54	of	it.
3	71	55	the	it.
3	72	56	boot	it.
3	73	57	of	it.
3	74	58	Italy	it.
3	75	59	in	it.
3	76	60	that	it.
3	77	61	early	it.
3	78	62	December	it.
3	79	63	of	it.
3	80	64	1943.	it.
3	81	64	1943.	it.
3	82	65	The	It
3	83	66	John	It
3	84	67	Harvey	It
3	85	68	arrived	NA
3	86	69	in	NA
3	87	70	Bari,	it,
3	88	70	Bari,	it,
3	89	70	Bari,	it,
3	90	71	a	it,
3	91	72	port	it,
3	92	73	on	it,
3	93	74	the	it,
3	94	75	Adriatic,	it,
3	95	75	Adriatic,	it,
3	96	75	Adriatic,	it,
3	97	75	Adriatic,	it,
3	98	76	on	NA
3	99	77	November	NA
3	100	78	28th,	NA
3	101	78	28th,	NA
3	102	78	28th,	NA
3	103	79	making	NA
3	104	80	for	NA
3	105	81	Porto	NA
3	106	81	Porto	NA
3	107	82	Nuovo,	NA
3	108	82	Nuovo,	NA
3	109	82	Nuovo,	NA
3	110	83	which,	NA
3	111	83	which,	NA
3	112	84	as	NA
3	113	85	the	its
3	114	86	name	its
3	115	87	indicates,	NA
3	116	87	indicates,	NA
3	117	88	was	NA
3	118	89	the	its
3	119	90	ancient	its
3	120	91	city's	its
3	121	91	city's	its
3	122	92	new	NA
3	123	93	and	NA
3	124	94	modern	NA
3	125	95	harbor.	NA
3	126	95	harbor.	NA
3	127	96	Hardly	NA
3	128	96	Hardly	NA
3	129	97	anyone	NA
3	130	98	ashore	NA
3	131	99	marked	NA
3	132	100	her	NA
3	133	101	as	NA
3	134	102	she	NA
3	135	103	anchored	NA
3	136	104	stern-to	NA
3	137	104	stern-to	NA
3	138	104	stern-to	NA
3	139	105	off	NA
3	140	106	Berth	NA
3	141	106	Berth	NA
3	142	107	29	NA
3	143	108	on	NA
3	144	109	the	NA
3	145	110	mole.	NA
3	146	110	mole.	NA
3	147	111	If	NA
3	148	112	anyone	NA
3	149	113	thought	NA
3	150	114	of	NA
3	151	115	the	NA
3	152	116	John	NA
3	153	117	Harvey,	NA
3	154	117	Harvey,	NA
3	155	118	it	NA
3	156	119	was	NA
3	157	120	to	NA
3	158	121	observe	NA
3	159	122	that	NA
3	160	123	she	NA
3	161	124	was	NA
3	162	125	straddled	NA
3	163	125	straddled	NA
3	164	125	straddled	NA
3	165	126	by	NA
3	166	127	a	them
3	167	128	pair	them
3	168	129	of	them
3	169	130	ships	them
3	170	131	heavily	them
3	171	132	laden	them
3	172	132	laden	them
3	173	133	with	them
3	174	134	high	them
3	175	135	explosive	them
3	176	136	and	NA
3	177	137	if	NA
3	178	138	they	NA
3	179	139	were	NA
3	180	140	hit	NA
3	181	141	the	she
3	182	142	John	she
3	183	143	Harvey	she
3	184	144	would	NA
3	185	145	likely	NA
3	186	146	be	NA
3	187	147	blown	NA
3	188	148	up	NA
3	189	149	with	NA
3	190	150	her	NA
3	191	151	own	NA
3	192	152	ammo	NA
3	193	153	and	NA
3	194	154	whatever	it.
3	195	155	else	it.
3	196	156	it	it.
3	197	157	was	it.
3	198	158	that	it.
3	199	159	she	it.
3	200	160	carried.	it.
3	201	160	carried.	it.
3	202	161	Which	NA
3	203	162	was	NA
3	204	163	poison	it.
3	205	164	gas.	it.
3	206	164	gas.	it.
3	207	165	It	NA
3	208	166	had	NA
3	209	167	required	NA
3	210	168	the	NA
3	211	169	approval	NA
3	212	170	of	NA
3	213	171	President	him
3	214	172	Franklin	him
3	215	173	Delano	him
3	216	173	Delano	him
3	217	174	Roosevelt	him
3	218	175	before	NA
3	219	176	the	it
3	220	177	John	it
3	221	178	Harvey	it
3	222	179	could	NA
3	223	180	be	NA
3	224	181	loaded	NA
3	225	182	with	NA
3	226	183	100	it
3	227	184	tons	it
3	228	185	of	it
3	229	186	mustard	it
3	230	187	gas	it
3	231	188	and	NA
3	232	189	dispatched	NA
3	233	190	to	NA
3	234	191	the	NA
3	235	192	Italian	NA
3	236	193	warfront.	NA
3	237	193	warfront.	NA
3	238	193	warfront.	NA
3	239	194	For	NA
3	240	195	in	NA
3	241	196	a	NA
3	242	197	world	NA
3	243	198	as	NA
3	244	199	yet	NA
3	245	200	unacquainted	NA
3	246	200	unacquainted	NA
3	247	200	unacquainted	NA
3	248	201	with	NA
3	249	202	the	NA
3	250	203	horrors	NA
3	251	204	of	NA
3	252	205	the	NA
3	253	206	mushroom	NA
3	254	207	cloud,	NA
3	255	207	cloud,	NA
3	256	208	poison	it
3	257	209	gas	it
3	258	210	was	NA
3	259	211	still	NA
3	260	212	regarded	NA
3	261	213	as	NA
3	262	214	the	it.
3	263	215	ultimate	it.
3	264	216	in	it.
3	265	217	hideous	it.
3	266	218	weapons.	it.
3	267	218	weapons.	it.
3	268	219	Throughout	NA
3	269	220	the	NA
3	270	221	early	NA
3	271	222	years	NA
3	272	223	of	NA
3	273	224	World	it,
3	274	225	War	it,
3	275	226	II,	it,
3	276	226	II,	it,
3	277	227	reports	they
3	278	228	persisted	NA
3	279	229	that	NA
3	280	230	the	they
3	281	231	Axis	they
3	282	232	powers	they
3	283	233	had	NA
3	284	234	used	NA
3	285	235	gas	it
3	286	236	--	NA
3	287	237	Germany	it
3	288	238	in	NA
3	289	239	Russia,	NA
3	290	239	Russia,	NA
3	291	240	Japan	NA
3	292	241	in	NA
3	293	242	China	NA
3	294	243	again.	NA
3	295	243	again.	NA
3	296	244	They	NA
3	297	245	were	NA
3	298	246	always	NA
3	299	247	denied.	NA
3	300	247	denied.	NA
3	301	248	Influential	NA
3	302	248	Influential	NA
3	303	249	people	NA
3	304	250	in	NA
3	305	251	America	its
3	306	252	were	NA
3	307	253	warning	NA
3	308	254	the	NA
3	309	255	Pentagon	NA
3	310	256	to	NA
3	311	257	be	NA
3	312	258	prepared	NA
3	313	259	against	NA
3	314	260	desperation	NA
3	315	261	gas	its
3	316	262	attacks	NA
3	317	263	by	NA
3	318	264	the	their
3	319	265	Germans	their
3	320	266	in	NA
3	321	267	future	NA
3	322	268	campaigns.	NA
3	323	268	campaigns.	NA
3	324	269	Some	They
3	325	270	extremists	They
3	326	271	went	NA
3	327	272	so	NA
3	328	273	far	NA
3	329	274	as	NA
3	330	275	to	NA
3	331	276	urge	NA
3	332	277	our	NA
3	333	278	using	NA
3	334	279	it	NA
3	335	280	first.	NA
3	336	280	first.	NA
3	337	281	To	NA
3	338	282	silence	NA
3	339	283	extremists,	them,
3	340	283	extremists,	them,
3	341	284	to	NA
3	342	285	warn	NA
3	343	286	the	them,
3	344	287	Axis,	them,
3	345	287	Axis,	them,
3	346	288	President	he
3	347	289	Roosevelt	he
3	348	290	issued	NA
3	349	291	this	NA
3	350	292	statement	NA
3	351	293	for	NA
3	352	294	the	NA
3	353	295	Allies	NA
3	354	296	in	NA
3	355	297	August:	NA
3	356	297	August:	NA
3	357	298	"From	NA
3	358	298	"From	NA
3	359	299	time	NA
3	360	300	to	NA
3	361	301	time	NA
3	362	302	since	NA
3	363	303	the	it
3	364	304	present	it
3	365	305	war	it
3	366	306	began	NA
3	367	307	there	NA
3	368	308	have	NA
3	369	309	been	NA
3	370	310	reports	NA
3	371	311	that	NA
3	372	312	one	NA
3	373	313	or	NA
3	374	314	more	NA
3	375	315	of	NA
3	376	316	the	they
3	377	317	Axis	they
3	378	318	powers	they
3	379	319	were	NA
3	380	320	seriously	NA
3	381	321	contemplating	NA
3	382	322	use	it.
3	383	323	of	it.
3	384	324	poisonous	it.
3	385	325	gas	it.
3	386	326	or	it.
3	387	327	noxious	it.
3	388	327	noxious	it.
3	389	328	gases	it.
3	390	329	or	it.
3	391	330	other	it.
3	392	331	inhumane	it.
3	393	331	inhumane	it.
3	394	332	devices	it.
3	395	333	of	it.
3	396	334	warfare.	it.
3	397	334	warfare.	it.
3	398	335	I	NA
3	399	336	have	NA
3	400	337	been	NA
3	401	338	loath	NA
3	402	338	loath	NA
3	403	339	to	NA
3	404	340	believe	NA
3	405	341	that	NA
3	406	342	any	it,
3	407	343	nation,	it,
3	408	343	nation,	it,
3	409	344	even	NA
3	410	345	our	they,
3	411	346	present	they,
3	412	347	enemies,	they,
3	413	347	enemies,	they,
3	414	348	could	NA
3	415	349	or	NA
3	416	350	would	NA
3	417	351	be	NA
3	418	352	willing	NA
3	419	353	to	NA
3	420	354	loose	NA
3	421	355	upon	NA
3	422	356	mankind	NA
3	423	357	such	them.
3	424	358	terrible	them.
3	425	359	and	them.
3	426	360	inhumane	them.
3	427	360	inhumane	them.
3	428	361	weapons.	them.
3	429	361	weapons.	them.
3	430	362	"However,	NA
3	431	362	"However,	NA
3	432	362	"However,	NA
3	433	363	evidence	NA
3	434	364	that	NA
3	435	365	the	they
3	436	366	Axis	they
3	437	367	powers	they
3	438	368	are	NA
3	439	369	making	NA
3	440	370	significant	NA
3	441	371	preparations	NA
3	442	372	indicative	NA
3	443	373	of	NA
3	444	374	such	NA
3	445	375	an	NA
3	446	376	intention	NA
3	447	377	is	NA
3	448	378	being	NA
3	449	379	reported	NA
3	450	380	with	NA
3	451	381	increasing	NA
3	452	382	frequency	NA
3	453	383	from	NA
3	454	384	a	NA
3	455	385	variety	NA
3	456	386	of	NA
3	457	387	sources.	NA
3	458	387	sources.	NA
3	459	388	"Use	"It
3	460	388	"Use	"It
3	461	389	of	"It
3	462	390	such	"It
3	463	391	weapons	"It
3	464	392	has	NA
3	465	393	been	NA
3	466	394	outlawed	NA
3	467	395	by	NA
3	468	396	the	NA
3	469	397	general	NA
3	470	398	opinion	NA
3	471	399	of	NA
3	472	400	civilized	NA
3	473	401	mankind.	NA
3	474	401	mankind.	NA
3	475	402	This	It
3	476	403	country	It
3	477	404	has	NA
3	478	405	not	NA
3	479	406	used	NA
3	480	407	them,	NA
3	481	407	them,	NA
3	482	408	and	NA
3	483	409	I	NA
3	484	410	hope	NA
3	485	411	that	NA
3	486	412	we	NA
3	487	413	never	NA
3	488	414	will	NA
3	489	415	be	NA
3	490	416	compelled	NA
3	491	417	to	NA
3	492	418	use	NA
3	493	419	them.	NA
3	494	419	them.	NA
3	495	420	I	NA
3	496	421	state	NA
3	497	422	categorically	NA
3	498	422	categorically	NA
3	499	423	that	NA
3	500	424	we	NA
3	501	425	shall	NA
3	502	426	under	NA
3	503	427	no	NA
3	504	428	circumstances	NA
3	505	429	resort	NA
3	506	430	to	NA
3	507	431	the	it
3	508	432	use	it
3	509	433	of	it
3	510	434	such	it
3	511	435	weapons	it
3	512	436	unless	NA
3	513	437	they	NA
3	514	438	are	NA
3	515	439	first	NA
3	516	440	used	NA
3	517	441	by	NA
3	518	442	our	them."
3	519	443	enemies."	them."
3	520	443	enemies."	them."
3	521	444	The	NA
3	522	445	following	NA
3	523	446	month	NA
3	524	447	the	NA
3	525	448	invasion	NA
3	526	449	of	NA
3	527	450	Italy	it
3	528	451	was	NA
3	529	452	begun,	NA
3	530	452	begun,	NA
3	531	453	and	NA
3	532	454	Roosevelt	he
3	533	455	gave	NA
3	534	456	effect	NA
3	535	457	to	NA
3	536	458	his	NA
3	537	459	warning	NA
3	538	460	by	NA
3	539	461	consenting	NA
3	540	461	consenting	NA
3	541	462	to	NA
3	542	463	the	NA
3	543	464	stockpiling	NA
3	544	464	stockpiling	NA
3	545	465	of	NA
3	546	466	poison	it
3	547	467	gas	it
3	548	468	in	NA
3	549	469	southern	it.
3	550	470	Italy.	it.
3	551	470	Italy.	it.
3	552	471	Bari	It
3	553	471	Bari	It
3	554	472	was	NA
3	555	473	chosen	NA
3	556	474	as	NA
3	557	475	a	it,
3	558	476	depot,	it,
3	559	476	depot,	it,
3	560	477	not	NA
3	561	478	only	NA
3	562	479	for	NA
3	563	480	its	NA
3	564	481	seeming	NA
3	565	482	safety,	NA
3	566	482	safety,	NA
3	567	483	but	NA
3	568	484	because	NA
3	569	485	of	NA
3	570	486	its	NA
3	571	487	proximity	NA
3	572	488	to	NA
3	573	489	airfields.	NA
3	574	489	airfields.	NA
3	575	489	airfields.	NA
3	576	490	Any	It
3	577	491	retaliatory	It
3	578	491	retaliatory	It
3	579	492	gas	It
3	580	493	attack	It
3	581	494	would	NA
3	582	495	be	NA
3	583	496	airborne.	NA
3	584	496	airborne.	NA
3	585	497	It	NA
3	586	498	would	NA
3	587	499	be	NA
3	588	500	made	NA
3	589	501	in	NA
3	590	502	three	NA
3	591	503	waves	NA
3	592	504	--	NA
3	593	505	the	NA
3	594	506	first	NA
3	595	507	to	NA
3	596	508	lay	NA
3	597	509	down	NA
3	598	510	a	NA
3	599	511	smokescreen,	NA
3	600	511	smokescreen,	NA
3	601	511	smokescreen,	NA
3	602	512	the	NA
3	603	513	second	NA
3	604	514	to	NA
3	605	515	drop	NA
3	606	516	the	NA
3	607	517	gas	NA
3	608	518	bombs,	NA
3	609	518	bombs,	NA
3	610	519	the	NA
3	611	520	third	NA
3	612	521	to	NA
3	613	522	shower	NA
3	614	523	incendiaries	NA
3	615	523	incendiaries	NA
3	616	523	incendiaries	NA
3	617	524	which	NA
3	618	525	would	NA
3	619	526	burn	NA
3	620	527	everything	NA
3	621	528	below.	NA
3	622	528	below.	NA
3	623	529	So	NA
3	624	530	the	it
3	625	531	vile	it
3	626	532	cargo	it
3	627	533	went	NA
3	628	534	into	NA
3	629	535	the	NA
3	630	536	hole	NA
3	631	537	of	NA
3	632	538	the	NA
3	633	539	John	NA
3	634	540	Harvey.	NA
3	635	540	Harvey.	NA
3	636	541	A	NA
3	637	542	detachment	NA
3	638	543	of	NA
3	639	544	six	NA
3	640	545	men	NA
3	641	546	from	NA
3	642	547	the	NA
3	643	548	701st	NA
3	644	548	701st	NA
3	645	549	Chemical	NA
3	646	550	Maintenance	NA
3	647	551	Company	NA
3	648	552	under	NA
3	649	553	First	NA
3	650	554	Lt.	NA
3	651	554	Lt.	NA
3	652	555	Howard	NA
3	653	556	D.	NA
3	654	556	D.	NA
3	655	557	Beckstrom	NA
3	656	557	Beckstrom	NA
3	657	558	went	NA
3	658	559	aboard,	NA
3	659	559	aboard,	NA
3	660	560	followed	NA
3	661	561	by	NA
3	662	562	Lt.	him,
3	663	562	Lt.	him,
3	664	563	Thomas	him,
3	665	564	H.	him,
3	666	564	H.	him,
3	667	565	Richardson,	him,
3	668	565	Richardson,	him,
3	669	566	the	him.
3	670	567	Cargo	him.
3	671	568	Security	him.
3	672	569	Officer.	him.
3	673	569	Officer.	him.
3	674	570	Secrecy	NA
3	675	570	Secrecy	NA
3	676	571	was	NA
3	677	572	paramount.	NA
3	678	572	paramount.	NA
3	679	573	Only	They
3	680	574	a	They
3	681	575	few	They
3	682	576	other	They
3	683	577	people	They
3	684	578	--	NA
3	685	579	very	they
3	686	580	important	they
3	687	581	people	they
3	688	582	--	NA
3	689	583	knew	NA
3	690	584	of	NA
3	691	585	the	NA
3	692	586	nitrogen-mustard	NA
3	693	586	nitrogen-mustard	NA
3	694	586	nitrogen-mustard	NA
3	695	586	nitrogen-mustard	NA
3	696	587	eggs	NA
3	697	588	nestled	NA
3	698	588	nestled	NA
3	699	589	below	NA
3	700	590	decks.	NA
3	701	590	decks.	NA
3	702	591	No	NA
3	703	592	one	NA
3	704	593	else	NA
3	705	594	must	NA
3	706	595	know.	NA
3	707	595	know.	NA
3	708	596	Thus,	NA
3	709	596	Thus,	NA
3	710	597	in	NA
3	711	598	the	NA
3	712	599	immemorial	NA
3	713	599	immemorial	NA
3	714	599	immemorial	NA
3	715	600	way	NA
3	716	601	--	NA
3	717	602	in	NA
3	718	603	the	NA
3	719	604	way	NA
3	720	605	of	NA
3	721	606	the	NA
3	722	607	right	NA
3	723	608	hand	NA
3	724	609	that	NA
3	725	610	knows	NA
3	726	611	and	NA
3	727	612	the	NA
3	728	613	left	NA
3	729	614	that	NA
3	730	615	does	NA
3	731	616	not	NA
3	732	617	--	NA
3	733	618	was	NA
3	734	619	the	NA
3	735	620	stage	NA
3	736	621	set	NA
3	737	622	for	NA
3	738	623	tragedy	NA
3	739	624	at	NA
3	740	625	Bari.	it.
3	741	625	Bari.	it.
3	742	625	Bari.	it.
4	0	0	Franklin	He
4	1	0	Franklin	He
4	2	1	D.	He
4	3	1	D.	He
4	4	2	Lee	He
4	5	3	proved	NA
4	6	4	a	himself
4	7	5	man	himself
4	8	6	of	himself
4	9	7	prompt	himself
4	10	8	action	himself
4	11	9	when	NA
4	12	10	Mrs.	she,
4	13	10	Mrs.	she,
4	14	11	Claire	she,
4	15	12	Shaefer,	she,
4	16	12	Shaefer,	she,
4	17	12	Shaefer,	she,
4	18	13	accompanied	NA
4	19	14	by	NA
4	20	15	a	her,
4	21	16	friend,	her,
4	22	16	friend,	her,
4	23	17	visited	NA
4	24	18	him	NA
4	25	19	in	NA
4	26	20	Bakersfield,	NA
4	27	20	Bakersfield,	NA
4	28	20	Bakersfield,	NA
4	29	20	Bakersfield,	NA
4	30	21	California,	it,
4	31	21	California,	it,
4	32	22	several	NA
4	33	23	months	NA
4	34	24	ago	NA
4	35	25	as	NA
4	36	26	a	she.
4	37	27	prospective	she.
4	38	28	patient.	she.
4	39	28	patient.	she.
4	40	29	"Doctor"	"He
4	41	29	"Doctor"	"He
4	42	29	"Doctor"	"He
4	43	30	Lee	"He
4	44	31	asked	NA
4	45	32	her	NA
4	46	33	to	NA
4	47	34	lie	NA
4	48	35	down	NA
4	49	36	on	NA
4	50	37	a	NA
4	51	38	bed	NA
4	52	39	and	NA
4	53	40	remove	NA
4	54	41	her	NA
4	55	42	shoes.	NA
4	56	42	shoes.	NA
4	57	43	Then,	NA
4	58	43	Then,	NA
4	59	44	by	NA
4	60	45	squeezing	NA
4	61	46	her	it
4	62	47	foot	it
4	63	48	three	NA
4	64	49	times,	NA
4	65	49	times,	NA
4	66	50	he	NA
4	67	51	came	NA
4	68	52	up	NA
4	69	53	--	NA
4	70	54	presto	NA
4	71	54	presto	NA
4	72	55	--	NA
4	73	56	with	NA
4	74	57	a	NA
4	75	58	different	NA
4	76	59	diagnosis	NA
4	77	60	with	NA
4	78	61	each	NA
4	79	62	squeeze.	NA
4	80	62	squeeze.	NA
4	81	63	She	NA
4	82	64	had	NA
4	83	65	--	NA
4	84	66	he	NA
4	85	67	informed	NA
4	86	68	her	NA
4	87	69	--	NA
4	88	70	kidney	it,
4	89	71	trouble,	it,
4	90	71	trouble,	it,
4	91	72	liver	NA
4	92	73	trouble,	NA
4	93	73	trouble,	NA
4	94	74	and	NA
4	95	75	a	NA
4	96	76	severe	NA
4	97	77	female	NA
4	98	78	disorder.	NA
4	99	78	disorder.	NA
4	100	79	(He	NA
4	101	79	(He	NA
4	102	80	explained	NA
4	103	81	that	NA
4	104	82	he	NA
4	105	83	could	NA
4	106	84	diagnose	NA
4	107	85	these	them
4	108	86	ailments	them
4	109	87	from	NA
4	110	88	squeezing	NA
4	111	89	her	it
4	112	90	foot	it
4	113	91	because	NA
4	114	92	all	NA
4	115	93	of	NA
4	116	94	the	NA
4	117	95	nervous	NA
4	118	96	system	NA
4	119	97	was	NA
4	120	98	connected	NA
4	121	99	to	NA
4	122	100	it.)	NA
4	123	100	it.)	NA
4	124	101	He	NA
4	125	102	knew	NA
4	126	103	just	it
4	127	104	the	it
4	128	105	thing	it
4	129	106	for	it
4	130	107	her	it
4	131	108	--	NA
4	132	109	a	it.
4	133	110	treatment	it.
4	134	111	from	it.
4	135	112	his	it.
4	136	113	"cosmic	it.
4	137	113	"cosmic	it.
4	138	113	"cosmic	it.
4	139	114	light	it.
4	140	115	ozone	it.
4	141	116	generator"	it.
4	142	116	generator"	it.
4	143	117	machine.	it.
4	144	117	machine.	it.
4	145	118	As	NA
4	146	119	he	NA
4	147	120	applied	NA
4	148	121	the	NA
4	149	122	applicator	NA
4	150	122	applicator	NA
4	151	123	extending	NA
4	152	124	from	NA
4	153	125	the	it
4	154	126	machine	it
4	155	127	--	it
4	156	128	which	it
4	157	129	consisted	it
4	158	130	of	it
4	159	131	seven	it
4	160	132	differently	it
4	161	133	colored	it
4	162	134	neon	it
4	163	135	tubes	it
4	164	136	superimposed	it
4	165	136	superimposed	it
4	166	137	on	it
4	167	138	a	it
4	168	139	rectangular	it
4	169	140	base	it
4	170	141	--	NA
4	171	142	to	NA
4	172	143	the	NA
4	173	144	supposedly	NA
4	174	145	diseased	NA
4	175	145	diseased	NA
4	176	146	portions	NA
4	177	147	of	NA
4	178	148	Mrs.	her.
4	179	148	Mrs.	her.
4	180	149	Shaefer's	her,
4	181	149	Shaefer's	her,
4	182	149	Shaefer's	her,
4	183	150	body,	her,
4	184	150	body,	her,
4	185	151	Lee	he
4	186	152	kept	NA
4	187	153	up	NA
4	188	154	a	NA
4	189	155	steady	NA
4	190	156	stream	NA
4	191	157	of	NA
4	192	158	pseudo-scientific	NA
4	193	158	pseudo-scientific	NA
4	194	158	pseudo-scientific	NA
4	195	159	mumbo-jumbo.	NA
4	196	159	mumbo-jumbo.	NA
4	197	159	mumbo-jumbo.	NA
4	198	159	mumbo-jumbo.	NA
4	199	159	mumbo-jumbo.	NA
4	200	159	mumbo-jumbo.	NA
4	201	160	Yes,	NA
4	202	160	Yes,	NA
4	203	161	the	it
4	204	162	ozone	it
4	205	163	from	it
4	206	164	his	it
4	207	165	machine	it
4	208	166	would	NA
4	209	167	cure	NA
4	210	168	practically	NA
4	211	169	everything,	NA
4	212	169	everything,	NA
4	213	170	he	NA
4	214	171	assured	NA
4	215	172	her.	NA
4	216	172	her.	NA
4	217	173	Did	NA
4	218	174	she	NA
4	219	175	know,	NA
4	220	175	know,	NA
4	221	176	he	NA
4	222	177	asked,	NA
4	223	177	asked,	NA
4	224	178	why	NA
4	225	179	the	NA
4	226	180	colors	NA
4	227	181	of	NA
4	228	182	the	them
4	229	183	tubes	them
4	230	184	were	NA
4	231	185	important	NA
4	232	186	to	NA
4	233	187	people's	NA
4	234	187	people's	NA
4	235	188	health?	NA
4	236	188	health?	NA
4	237	189	The	NA
4	238	190	human	NA
4	239	191	body	NA
4	240	192	--	NA
4	241	193	he	NA
4	242	194	pointed	NA
4	243	195	out,	NA
4	244	195	out,	NA
4	245	196	for	NA
4	246	197	example	NA
4	247	198	--	NA
4	248	199	required	it.
4	249	200	33	it.
4	250	201	units	it.
4	251	202	of	it.
4	252	203	blue	it.
4	253	204	light.	it.
4	254	204	light.	it.
4	255	205	For	NA
4	256	206	that	it,
4	257	207	reason,	it,
4	258	207	reason,	it,
4	259	208	he	NA
4	260	209	informed	NA
4	261	210	her,	NA
4	262	210	her,	NA
4	263	211	the	NA
4	264	212	Lord	NA
4	265	213	made	NA
4	266	214	the	NA
4	267	215	sky	NA
4	268	216	blue.	NA
4	269	216	blue.	NA
4	270	217	Continuing	NA
4	271	218	glibly	NA
4	272	218	glibly	NA
4	273	219	in	NA
4	274	220	this	NA
4	275	221	vein,	NA
4	276	221	vein,	NA
4	277	222	he	NA
4	278	223	paused	NA
4	279	224	to	NA
4	280	225	comfort	NA
4	281	226	her:	NA
4	282	226	her:	NA
4	283	227	"Don't	NA
4	284	227	"Don't	NA
4	285	227	"Don't	NA
4	286	228	you	NA
4	287	229	worry.	NA
4	288	229	worry.	NA
4	289	230	This	It
4	290	231	machine	It
4	291	232	will	NA
4	292	233	cure	NA
4	293	234	your	it."
4	294	235	cancer-ridden	it."
4	295	235	cancer-ridden	it."
4	296	235	cancer-ridden	it."
4	297	236	body."	it."
4	298	236	body."	it."
4	299	237	"Cancer!"	"It!"
4	300	237	"Cancer!"	"It!"
4	301	237	"Cancer!"	"It!"
4	302	237	"Cancer!"	"It!"
4	303	238	Mrs.	she
4	304	238	Mrs.	she
4	305	239	Shaefer	she
4	306	239	Shaefer	she
4	307	240	practically	NA
4	308	241	shrieked.	NA
4	309	241	shrieked.	NA
4	310	241	shrieked.	NA
4	311	241	shrieked.	NA
4	312	242	"You	NA
4	313	242	"You	NA
4	314	243	didn't	NA
4	315	243	didn't	NA
4	316	244	tell	NA
4	317	245	me	NA
4	318	246	I	NA
4	319	247	had	NA
4	320	248	cancer."	it."
4	321	248	cancer."	it."
4	322	249	"You	NA
4	323	249	"You	NA
4	324	250	have	NA
4	325	251	it,	NA
4	326	251	it,	NA
4	327	252	all	NA
4	328	253	right.	NA
4	329	253	right.	NA
4	330	254	But	NA
4	331	255	as	NA
4	332	256	long	NA
4	333	257	as	NA
4	334	258	you	NA
4	335	259	can	NA
4	336	260	have	NA
4	337	261	treatment	it
4	338	262	from	it
4	339	263	my	it
4	340	264	machine	it
4	341	265	you	NA
4	342	266	have	NA
4	343	267	nothing	NA
4	344	268	to	NA
4	345	269	worry	NA
4	346	270	about.	NA
4	347	270	about.	NA
4	348	271	Why,	NA
4	349	271	Why,	NA
4	350	272	I	NA
4	351	273	once	NA
4	352	274	used	NA
4	353	275	this	it
4	354	276	machine	it
4	355	277	to	NA
4	356	278	cure	NA
4	357	279	a	NA
4	358	280	woman	NA
4	359	281	with	NA
4	360	282	97	NA
4	361	283	pounds	NA
4	362	284	of	NA
4	363	285	cancer	NA
4	364	286	in	NA
4	365	287	her	NA
4	366	288	body."	NA
4	367	288	body."	NA
4	368	289	He	NA
4	369	290	urged	NA
4	370	291	her	NA
4	371	292	to	NA
4	372	293	buy	NA
4	373	294	one	NA
4	374	295	of	NA
4	375	296	his	NA
4	376	297	machines	NA
4	377	298	--	NA
4	378	299	for	NA
4	379	300	$300.	NA
4	380	300	$300.	NA
4	381	300	$300.	NA
4	382	301	When	NA
4	383	302	she	NA
4	384	303	said	NA
4	385	304	that	NA
4	386	305	she	NA
4	387	306	didn't	NA
4	388	306	didn't	NA
4	389	307	have	NA
4	390	308	the	NA
4	391	309	money,	NA
4	392	309	money,	NA
4	393	310	he	NA
4	394	311	said	NA
4	395	312	that	NA
4	396	313	she	NA
4	397	314	could	NA
4	398	315	come	NA
4	399	316	in	NA
4	400	317	for	NA
4	401	318	treatment	it
4	402	319	with	it
4	403	320	his	it
4	404	321	office	it
4	405	322	model	it
4	406	323	until	NA
4	407	324	she	NA
4	408	325	was	NA
4	409	326	ready	NA
4	410	327	to	NA
4	411	328	buy	NA
4	412	329	one.	it.
4	413	329	one.	it.
4	414	330	He	NA
4	415	331	then	NA
4	416	332	sold	NA
4	417	333	her	NA
4	418	334	minerals	NA
4	419	335	to	NA
4	420	336	cure	NA
4	421	337	her	NA
4	422	338	kidney	NA
4	423	339	ailment,	NA
4	424	339	ailment,	NA
4	425	339	ailment,	NA
4	426	340	a	NA
4	427	341	can	NA
4	428	342	of	NA
4	429	343	sage	NA
4	430	344	"to	NA
4	431	344	"to	NA
4	432	345	make	NA
4	433	346	her	NA
4	434	347	look	NA
4	435	348	like	NA
4	436	349	a	NA
4	437	350	girl	NA
4	438	351	again,"	NA
4	439	351	again,"	NA
4	440	352	and	NA
4	441	353	an	NA
4	442	354	application	NA
4	443	355	of	NA
4	444	356	plain	NA
4	445	357	mud	NA
4	446	358	to	NA
4	447	359	take	NA
4	448	360	her	NA
4	449	361	wrinkles	NA
4	450	362	away.	NA
4	451	362	away.	NA
4	452	363	Lee	He
4	453	364	renewed	NA
4	454	365	his	NA
4	455	366	pressure	NA
4	456	367	on	NA
4	457	368	Mrs.	her
4	458	368	Mrs.	her
4	459	369	Shaefer	her
4	460	369	Shaefer	her
4	461	370	to	NA
4	462	371	buy	NA
4	463	372	his	it
4	464	373	machine	it
4	465	374	when	NA
4	466	375	she	NA
4	467	376	visited	NA
4	468	377	him	NA
4	469	378	the	NA
4	470	379	next	NA
4	471	380	day.	NA
4	472	380	day.	NA
4	473	381	After	NA
4	474	382	another	NA
4	475	383	treatment	NA
4	476	384	with	NA
4	477	385	the	it,
4	478	386	machine,	it,
4	479	386	machine,	it,
4	480	387	he	NA
4	481	388	told	NA
4	482	389	her	NA
4	483	390	that	NA
4	484	391	"her	"she
4	485	391	"her	"she
4	486	392	entire	"she
4	487	393	body	"she
4	488	394	was	NA
4	489	395	shot	NA
4	490	396	through	NA
4	491	397	with	NA
4	492	398	tumors	they
4	493	399	and	NA
4	494	400	cysts."	they."
4	495	400	cysts."	they."
4	496	400	cysts."	they."
4	497	401	He	NA
4	498	402	then	NA
4	499	403	sold	NA
4	500	404	her	NA
4	501	405	some	them.
4	502	406	capsules	them.
4	503	407	that	them.
4	504	408	he	them.
4	505	409	asserted	them.
4	506	410	would	them.
4	507	411	take	them.
4	508	412	care	them.
4	509	413	of	them.
4	510	414	the	them.
4	511	415	tumors	them.
4	512	416	and	them.
4	513	417	cysts	them.
4	514	417	cysts	them.
4	515	418	until	them.
4	516	419	she	them.
4	517	420	could	them.
4	518	421	collect	them.
4	519	422	the	them.
4	520	423	money	them.
4	521	424	for	them.
4	522	425	buying	them.
4	523	426	his	them.
4	524	427	machine.	them.
4	525	427	machine.	them.
4	526	428	When	NA
4	527	429	she	NA
4	528	430	submitted	NA
4	529	431	to	NA
4	530	432	his	it,
4	531	433	treatment	it,
4	532	434	with	it,
4	533	435	the	it,
4	534	436	capsules,	it,
4	535	436	capsules,	it,
4	536	437	Mrs.	she
4	537	437	Mrs.	she
4	538	438	Shaefer	she
4	539	438	Shaefer	she
4	540	439	felt	NA
4	541	440	intense	NA
4	542	441	pain.	NA
4	543	441	pain.	NA
4	544	442	Leaving	NA
4	545	443	Lee's	his
4	546	443	Lee's	his
4	547	444	office,	NA
4	548	444	office,	NA
4	549	445	Mrs.	she
4	550	445	Mrs.	she
4	551	446	Shaefer	she
4	552	446	Shaefer	she
4	553	447	hurried	NA
4	554	448	over	NA
4	555	449	to	NA
4	556	450	her	him.
4	557	451	family	him.
4	558	452	physician,	him.
4	559	452	physician,	him.
4	560	453	who	him.
4	561	454	treated	him.
4	562	455	her	him.
4	563	456	for	him.
4	564	457	burned	him.
4	565	458	tissue.	him.
4	566	458	tissue.	him.
4	567	459	For	NA
4	568	460	several	NA
4	569	461	days,	NA
4	570	461	days,	NA
4	571	462	she	NA
4	572	463	was	NA
4	573	464	ill	NA
4	574	465	as	NA
4	575	466	a	NA
4	576	467	result	NA
4	577	468	of	NA
4	578	469	Lee's	it.
4	579	469	Lee's	it.
4	580	470	treatment.	it.
4	581	470	treatment.	it.
4	582	471	Mrs.	She.
4	583	471	Mrs.	She.
4	584	472	Shaefer	NA
4	585	472	Shaefer	NA
4	586	473	never	NA
4	587	474	got	NA
4	588	475	around	NA
4	589	476	to	NA
4	590	477	joining	NA
4	591	478	the	NA
4	592	479	thousand	NA
4	593	480	or	NA
4	594	481	so	NA
4	595	482	people	NA
4	596	483	who	NA
4	597	484	paid	NA
4	598	485	Lee	him
4	599	486	some	NA
4	600	487	$30,000	NA
4	601	487	$30,000	NA
4	602	487	$30,000	NA
4	603	487	$30,000	NA
4	604	488	for	NA
4	605	489	his	his.
4	606	490	ozone	his.
4	607	491	machines.	his.
4	608	491	machines.	his.
4	609	492	For	NA
4	610	493	Mrs.	she
4	611	493	Mrs.	she
4	612	494	Shaefer	she
4	613	494	Shaefer	she
4	614	495	--	NA
4	615	496	who	NA
4	616	497	had	NA
4	617	498	been	NA
4	618	499	given	NA
4	619	500	a	NA
4	620	501	clean	NA
4	621	502	bill	NA
4	622	503	of	NA
4	623	504	health	NA
4	624	505	by	NA
4	625	506	her	her
4	626	507	own	her
4	627	508	physician	her
4	628	509	at	NA
4	629	510	the	NA
4	630	511	time	NA
4	631	512	she	NA
4	632	513	visited	NA
4	633	514	Lee	him
4	634	515	--	NA
4	635	516	and	NA
4	636	517	her	they
4	637	518	friend	they
4	638	519	were	NA
4	639	520	agents	NA
4	640	521	for	NA
4	641	522	the	NA
4	642	523	California	its
4	643	524	Pure	NA
4	644	525	Food	NA
4	645	526	and	NA
4	646	527	Drug	NA
4	647	528	Inspection	NA
4	648	529	Bureau.	NA
4	649	529	Bureau.	NA
4	650	530	And	NA
4	651	531	she	NA
4	652	532	felt	NA
4	653	533	amply	NA
4	654	533	amply	NA
4	655	534	rewarded	NA
4	656	535	for	NA
4	657	536	her	NA
4	658	537	suffering	NA
4	659	538	when	NA
4	660	539	the	NA
4	661	540	evidence	NA
4	662	541	of	NA
4	663	542	Lee's	his
4	664	542	Lee's	his
4	665	543	quack	NA
4	666	543	quack	NA
4	667	544	shenanigans,	NA
4	668	544	shenanigans,	NA
4	669	545	gathered	NA
4	670	546	by	NA
4	671	547	the	NA
4	672	548	tape	NA
4	673	549	recorder	NA
4	674	550	under	NA
4	675	551	her	her
4	676	552	friend's	her
4	677	552	friend's	her
4	678	553	clothing,	NA
4	679	553	clothing,	NA
4	680	554	proved	NA
4	681	555	adequate	NA
4	682	556	in	NA
4	683	557	court	NA
4	684	558	for	NA
4	685	559	convicting	NA
4	686	559	convicting	NA
4	687	560	Franklin	him.
4	688	561	D.	him.
4	689	561	D.	him.
4	690	562	Lee.	him.
4	691	562	Lee.	him.
4	692	563	The	NA
4	693	564	charge:	NA
4	694	564	charge:	NA
4	695	565	violation	NA
4	696	566	of	NA
4	697	567	the	NA
4	698	568	California	it
4	699	569	Medical	NA
4	700	570	Practices	NA
4	701	571	Act	NA
4	702	572	by	NA
4	703	573	practicing	NA
4	704	574	medicine	NA
4	705	575	without	NA
4	706	576	a	NA
4	707	577	license	NA
4	708	578	and	NA
4	709	579	selling	NA
4	710	580	misbranded	NA
4	711	580	misbranded	NA
4	712	581	drugs.	NA
4	713	581	drugs.	NA
4	714	582	The	NA
4	715	583	sentence:	NA
4	716	583	sentence:	NA
4	717	584	360	NA
4	718	585	days'	NA
4	719	585	days'	NA
4	720	586	confinement	NA
4	721	587	in	NA
4	722	588	the	NA
4	723	589	county	NA
4	724	590	jail.	NA
4	725	590	jail.	NA
5	0	0	A	NA
5	1	1	tsunami	NA
5	2	2	may	NA
5	3	3	be	NA
5	4	4	started	NA
5	5	5	by	NA
5	6	6	a	NA
5	7	7	sea	NA
5	8	8	bottom	NA
5	9	9	slide,	NA
5	10	9	slide,	NA
5	11	10	an	NA
5	12	11	earthquake	NA
5	13	12	or	NA
5	14	13	a	NA
5	15	14	volcanic	NA
5	16	15	eruption.	NA
5	17	15	eruption.	NA
5	18	16	The	It
5	19	17	most	It
5	20	18	infamous	It
5	21	19	of	It
5	22	20	all	It
5	23	21	was	NA
5	24	22	launched	NA
5	25	23	by	NA
5	26	24	the	NA
5	27	25	explosion	NA
5	28	26	of	NA
5	29	27	the	NA
5	30	28	island	NA
5	31	29	of	NA
5	32	30	Krakatoa	NA
5	33	30	Krakatoa	NA
5	34	30	Krakatoa	NA
5	35	30	Krakatoa	NA
5	36	31	in	NA
5	37	32	1883;	NA
5	38	32	1883;	NA
5	39	32	1883;	NA
5	40	33	it	NA
5	41	34	raced	NA
5	42	35	across	NA
5	43	36	the	it
5	44	37	Pacific	it
5	45	38	at	NA
5	46	39	300	NA
5	47	40	miles	NA
5	48	41	an	NA
5	49	42	hour,	NA
5	50	42	hour,	NA
5	51	43	devastated	NA
5	52	44	the	NA
5	53	45	coasts	NA
5	54	46	of	NA
5	55	47	Java	NA
5	56	48	and	NA
5	57	49	Sumatra	NA
5	58	49	Sumatra	NA
5	59	50	with	NA
5	60	51	waves	NA
5	61	52	100	NA
5	62	53	to	NA
5	63	54	130	NA
5	64	55	feet	NA
5	65	56	high,	NA
5	66	56	high,	NA
5	67	57	and	NA
5	68	58	pounded	NA
5	69	59	the	NA
5	70	60	shore	NA
5	71	61	as	NA
5	72	62	far	NA
5	73	63	away	NA
5	74	64	as	NA
5	75	65	San	NA
5	76	66	Francisco.	NA
5	77	66	Francisco.	NA
5	78	67	The	NA
5	79	68	ancient	NA
5	80	69	Greeks	NA
5	81	70	recorded	NA
5	82	71	several	NA
5	83	72	catastrophic	NA
5	84	73	inundations	NA
5	85	73	inundations	NA
5	86	74	by	NA
5	87	75	huge	NA
5	88	76	waves.	NA
5	89	76	waves.	NA
5	90	77	Whether	NA
5	91	78	or	NA
5	92	79	not	NA
5	93	80	Plato's	it
5	94	80	Plato's	it
5	95	81	tale	it
5	96	82	of	it
5	97	83	the	it
5	98	84	lost	it
5	99	85	continent	it
5	100	86	of	it
5	101	87	Atlantis	it
5	102	88	is	NA
5	103	89	true,	NA
5	104	89	true,	NA
5	105	90	skeptics	NA
5	106	91	concede	NA
5	107	92	that	NA
5	108	93	the	it
5	109	94	myth	it
5	110	95	may	NA
5	111	96	have	NA
5	112	97	some	NA
5	113	98	foundation	NA
5	114	99	in	NA
5	115	100	a	NA
5	116	101	great	NA
5	117	102	tsunami	NA
5	118	103	of	NA
5	119	104	ancient	NA
5	120	105	times.	NA
5	121	105	times.	NA
5	122	106	Indeed,	NA
5	123	106	Indeed,	NA
5	124	107	a	NA
5	125	108	tremendously	NA
5	126	109	destructive	NA
5	127	110	tsunami	NA
5	128	111	that	NA
5	129	112	arose	NA
5	130	113	in	NA
5	131	114	the	NA
5	132	115	Arabian	NA
5	133	116	Sea	NA
5	134	117	in	NA
5	135	118	1945	NA
5	136	119	has	NA
5	137	120	even	NA
5	138	121	revived	NA
5	139	122	the	NA
5	140	123	interest	NA
5	141	124	of	NA
5	142	125	geologists	NA
5	143	125	geologists	NA
5	144	126	and	NA
5	145	127	archaeologists	NA
5	146	128	in	NA
5	147	129	the	NA
5	148	130	Biblical	NA
5	149	131	story	NA
5	150	132	of	NA
5	151	133	the	NA
5	152	134	Flood.	NA
5	153	134	Flood.	NA
5	154	135	One	NA
5	155	136	of	NA
5	156	137	the	NA
5	157	138	most	NA
5	158	139	damaging	NA
5	159	140	tsunami	NA
5	160	141	on	NA
5	161	142	record	NA
5	162	143	followed	NA
5	163	144	the	it;
5	164	145	famous	it;
5	165	146	Lisbon	it;
5	166	147	earthquake	it;
5	167	148	of	it;
5	168	149	November	it;
5	169	150	1,	it;
5	170	150	1,	it;
5	171	151	1755;	it;
5	172	151	1755;	it;
5	173	151	1755;	it;
5	174	152	its	NA
5	175	153	waves	NA
5	176	154	persisted	NA
5	177	155	for	NA
5	178	156	a	NA
5	179	157	week	NA
5	180	158	and	NA
5	181	159	were	NA
5	182	160	felt	NA
5	183	161	as	NA
5	184	162	far	NA
5	185	163	away	NA
5	186	164	as	NA
5	187	165	the	NA
5	188	166	English	NA
5	189	167	coast.	NA
5	190	167	coast.	NA
5	191	168	Tsunami	They
5	192	168	Tsunami	They
5	193	168	Tsunami	They
5	194	169	are	NA
5	195	170	rare,	NA
5	196	170	rare,	NA
5	197	171	however,	NA
5	198	171	however,	NA
5	199	172	in	NA
5	200	173	the	it;
5	201	174	Atlantic	it;
5	202	175	Ocean;	it;
5	203	175	Ocean;	it;
5	204	176	they	NA
5	205	177	are	NA
5	206	178	far	NA
5	207	179	more	NA
5	208	180	common	NA
5	209	181	in	NA
5	210	182	the	it.
5	211	183	Pacific.	it.
5	212	183	Pacific.	it.
5	213	184	Japan	It
5	214	185	has	NA
5	215	186	had	NA
5	216	187	15	them
5	217	188	destructive	them
5	218	189	ones	them
5	219	190	(eight	NA
5	220	190	(eight	NA
5	221	191	of	NA
5	222	192	them	NA
5	223	193	disastrous)	NA
5	224	193	disastrous)	NA
5	225	194	since	NA
5	226	195	1596.	NA
5	227	195	1596.	NA
5	228	195	1596.	NA
5	229	196	The	They
5	230	197	Hawaiian	They
5	231	198	Islands	They
5	232	199	are	NA
5	233	200	struck	NA
5	234	201	severely	NA
5	235	202	an	NA
5	236	203	average	NA
5	237	204	of	NA
5	238	205	once	NA
5	239	206	every	NA
5	240	207	25	NA
5	241	208	years.	NA
5	242	208	years.	NA
5	243	209	In	NA
5	244	210	1707	NA
5	245	210	1707	NA
5	246	211	an	NA
5	247	212	earthquake	NA
5	248	213	in	NA
5	249	214	Japan	it
5	250	215	generated	NA
5	251	216	waves	NA
5	252	217	so	NA
5	253	218	huge	NA
5	254	219	that	NA
5	255	220	they	NA
5	256	221	piled	NA
5	257	222	into	NA
5	258	223	the	NA
5	259	224	Inland	NA
5	260	224	Inland	NA
5	261	225	Sea;	NA
5	262	225	Sea;	NA
5	263	226	one	NA
5	264	227	wave	NA
5	265	228	swamped	NA
5	266	228	swamped	NA
5	267	229	more	NA
5	268	230	than	NA
5	269	231	1,000	NA
5	270	231	1,000	NA
5	271	231	1,000	NA
5	272	232	ships	NA
5	273	233	and	NA
5	274	234	boats	NA
5	275	235	in	NA
5	276	236	Osaka	NA
5	277	237	Bay.	NA
5	278	237	Bay.	NA
5	279	238	A	NA
5	280	239	tsunami	NA
5	281	240	in	NA
5	282	241	the	them
5	283	242	Hawaiian	them
5	284	243	Islands	them
5	285	244	in	NA
5	286	245	1869	NA
5	287	245	1869	NA
5	288	246	washed	NA
5	289	247	away	NA
5	290	248	an	it
5	291	249	entire	it
5	292	250	town	it
5	293	251	(Ponoluu),	(it),
5	294	251	(Ponoluu),	(it),
5	295	251	(Ponoluu),	(it),
5	296	251	(Ponoluu),	(it),
5	297	251	(Ponoluu),	(it),
5	298	251	(Ponoluu),	(it),
5	299	252	leaving	NA
5	300	253	only	NA
5	301	254	two	NA
5	302	255	forlorn	NA
5	303	255	forlorn	NA
5	304	255	forlorn	NA
5	305	256	trees	NA
5	306	257	standing	NA
5	307	258	where	NA
5	308	259	the	NA
5	309	260	community	NA
5	310	261	had	NA
5	311	262	been.	NA
5	312	262	been.	NA
6	0	0	Bong!	NA
6	1	0	Bong!	NA
6	2	0	Bong!	NA
6	3	1	Bong!	it!
6	4	1	Bong!	it!
6	5	1	Bong!	it!
6	6	2	Startled	NA
6	7	2	Startled	NA
6	8	3	him	NA
6	9	4	awake.	NA
6	10	4	awake.	NA
6	11	5	The	It
6	12	6	room	It
6	13	7	vibrated	NA
6	14	7	vibrated	NA
6	15	8	as	NA
6	16	9	if	NA
6	17	10	a	NA
6	18	11	giant	NA
6	19	12	hand	NA
6	20	13	had	NA
6	21	14	rocked	NA
6	22	15	it.	NA
6	23	15	it.	NA
6	24	16	Bong!	NA
6	25	16	Bong!	NA
6	26	16	Bong!	NA
6	27	17	A	NA
6	28	18	dull	NA
6	29	19	boom	NA
6	30	20	and	NA
6	31	21	a	NA
6	32	22	throbbing	NA
6	33	22	throbbing	NA
6	34	23	echo.	NA
6	35	23	echo.	NA
6	36	24	The	NA
6	37	25	walls	NA
6	38	26	bulged,	NA
6	39	26	bulged,	NA
6	40	26	bulged,	NA
6	41	27	the	NA
6	42	28	floor	NA
6	43	29	trembled,	NA
6	44	29	trembled,	NA
6	45	29	trembled,	NA
6	46	30	the	NA
6	47	31	windowpanes	NA
6	48	31	windowpanes	NA
6	49	31	windowpanes	NA
6	50	32	rattled.	NA
6	51	32	rattled.	NA
6	52	33	He	NA
6	53	34	stared	NA
6	54	35	at	NA
6	55	36	the	NA
6	56	37	far	NA
6	57	38	morning,	NA
6	58	38	morning,	NA
6	59	39	expecting	NA
6	60	40	a	NA
6	61	41	pendulum	NA
6	62	41	pendulum	NA
6	63	42	to	NA
6	64	43	swing	NA
6	65	44	across	NA
6	66	45	the	it.
6	67	46	horizon.	it.
6	68	46	horizon.	it.
6	69	47	Bong!	NA
6	70	47	Bong!	NA
6	71	47	Bong!	NA
6	72	48	He	NA
6	73	49	raced	NA
6	74	50	to	NA
6	75	51	the	NA
6	76	52	window	NA
6	77	53	and	NA
6	78	54	yanked	NA
6	79	54	yanked	NA
6	80	55	at	NA
6	81	56	the	NA
6	82	57	sash.	NA
6	83	57	sash.	NA
6	84	57	sash.	NA
6	85	58	Bong!	NA
6	86	58	Bong!	NA
6	87	58	Bong!	NA
6	88	59	The	NA
6	89	60	wood	NA
6	90	61	was	NA
6	91	62	old,	NA
6	92	62	old,	NA
6	93	63	the	NA
6	94	64	paint	NA
6	95	65	alligatored.	NA
6	96	65	alligatored.	NA
6	97	65	alligatored.	NA
6	98	65	alligatored.	NA
6	99	65	alligatored.	NA
6	100	66	Bong!	NA
6	101	66	Bong!	NA
6	102	66	Bong!	NA
6	103	67	A	NA
6	104	68	fresh	NA
6	105	69	breeze	NA
6	106	70	saluted	NA
6	107	70	saluted	NA
6	108	71	him.	NA
6	109	71	him.	NA
6	110	72	Six	NA
6	111	73	o'clock!	NA
6	112	73	o'clock!	NA
6	113	73	o'clock!	NA
6	114	73	o'clock!	NA
6	115	74	He	NA
6	116	75	put	NA
6	117	76	his	NA
6	118	77	head	NA
6	119	78	out.	NA
6	120	78	out.	NA
6	121	79	There	NA
6	122	80	was	NA
6	123	81	the	NA
6	124	82	slate	NA
6	125	83	roof	NA
6	126	84	of	NA
6	127	85	the	it;
6	128	86	church;	it;
6	129	86	church;	it;
6	130	87	ivy	NA
6	131	87	ivy	NA
6	132	88	climbed	NA
6	133	89	the	NA
6	134	90	red	NA
6	135	91	brick	NA
6	136	92	walls	NA
6	137	93	like	NA
6	138	94	a	NA
6	139	95	green-scaled	NA
6	140	95	green-scaled	NA
6	141	95	green-scaled	NA
6	142	95	green-scaled	NA
6	143	96	monster.	NA
6	144	96	monster.	NA
6	145	97	The	It
6	146	98	clock	It
6	147	99	which	It
6	148	100	had	It
6	149	101	struck	It
6	150	102	presented	NA
6	151	103	an	NA
6	152	104	innocent	NA
6	153	105	face.	NA
6	154	105	face.	NA
6	155	106	In	NA
6	156	107	the	NA
6	157	108	kitchen	NA
6	158	109	Mama	she
6	159	110	was	NA
6	160	111	wiping	NA
6	161	112	the	NA
6	162	113	cupboards.	NA
6	163	113	cupboards.	NA
6	164	113	cupboards.	NA
6	165	114	"There's	NA
6	166	114	"There's	NA
6	167	114	"There's	NA
6	168	115	a	NA
6	169	116	tower	NA
6	170	117	and	NA
6	171	118	a	it
6	172	119	steeple	it
6	173	119	steeple	it
6	174	120	on	NA
6	175	121	the	it
6	176	122	church	it
6	177	123	a	NA
6	178	124	million	NA
6	179	125	feet	NA
6	180	126	high.	NA
6	181	126	high.	NA
6	182	127	And	NA
6	183	128	the	it!"
6	184	129	loudest	it!"
6	185	129	loudest	it!"
6	186	130	clock	it!"
6	187	131	in	it!"
6	188	132	the	it!"
6	189	133	whole	it!"
6	190	134	world!"	it!"
6	191	134	world!"	it!"
6	192	135	"I	NA
6	193	135	"I	NA
6	194	136	know,	NA
6	195	136	know,	NA
6	196	137	Stephen,"	he,"
6	197	137	Stephen,"	he,"
6	198	138	she	NA
6	199	139	smiled.	NA
6	200	139	smiled.	NA
6	201	140	"They	NA
6	202	140	"They	NA
6	203	141	say	NA
6	204	142	that	NA
6	205	143	our	it
6	206	144	steeple	it
6	207	144	steeple	it
6	208	145	is	NA
6	209	146	one	NA
6	210	147	hundred	NA
6	211	148	and	NA
6	212	149	sixty-two	NA
6	213	149	sixty-two	NA
6	214	149	sixty-two	NA
6	215	150	feet	NA
6	216	151	high.	NA
6	217	151	high.	NA
6	218	152	The	It
6	219	153	clock	It
6	220	154	you	It
6	221	155	heard	It
6	222	156	strike	It
6	223	157	--	NA
6	224	158	it's	NA
6	225	158	it's	NA
6	226	159	really	NA
6	227	160	the	it
6	228	161	town	it
6	229	162	clock	it
6	230	163	--	NA
6	231	164	was	NA
6	232	165	installed	NA
6	233	166	last	NA
6	234	167	April	NA
6	235	168	by	NA
6	236	169	Mrs.	her,
6	237	169	Mrs.	her,
6	238	170	Shorter,	her,
6	239	170	Shorter,	her,
6	240	170	Shorter,	her,
6	241	171	on	NA
6	242	172	her	NA
6	243	173	birthday."	NA
6	244	173	birthday."	NA
6	245	174	He	NA
6	246	175	dressed,	NA
6	247	175	dressed,	NA
6	248	176	and	NA
6	249	177	sped	NA
6	250	178	outdoors.	NA
6	251	178	outdoors.	NA
6	252	179	He	NA
6	253	180	crossed	NA
6	254	181	Broome	it
6	255	181	Broome	it
6	256	182	Street	it
6	257	183	to	NA
6	258	184	Orange	it.
6	259	185	Square.	it.
6	260	185	Square.	it.
6	261	186	The	It
6	262	187	steeple	It
6	263	187	steeple	It
6	264	188	leaned	NA
6	265	189	backward,	NA
6	266	189	backward,	NA
6	267	190	while	NA
6	268	191	the	it
6	269	192	church	it
6	270	193	advanced	NA
6	271	194	like	NA
6	272	195	a	NA
6	273	196	headless	NA
6	274	196	headless	NA
6	275	197	creature	NA
6	276	198	in	NA
6	277	199	a	NA
6	278	200	long,	NA
6	279	200	long,	NA
6	280	201	shapeless	NA
6	281	201	shapeless	NA
6	282	201	shapeless	NA
6	283	202	coat.	NA
6	284	202	coat.	NA
6	285	203	The	It
6	286	204	spire	It
6	287	204	spire	It
6	288	205	seemed	NA
6	289	206	to	NA
6	290	207	hold	NA
6	291	208	up	NA
6	292	209	the	NA
6	293	210	sky.	NA
6	294	210	sky.	NA
6	295	211	Port	It,
6	296	212	Jervis,	It,
6	297	212	Jervis,	It,
6	298	212	Jervis,	It,
6	299	212	Jervis,	It,
6	300	213	basking	It,
6	301	213	basking	It,
6	302	214	in	It,
6	303	215	the	It,
6	304	216	foothills,	It,
6	305	216	foothills,	It,
6	306	216	foothills,	It,
6	307	217	was	NA
6	308	218	the	it.
6	309	219	city	it.
6	310	220	of	it.
6	311	221	God.	it.
6	312	221	God.	it.
6	313	222	The	NA
6	314	223	Dutch	NA
6	315	224	Reformed	NA
6	316	224	Reformed	NA
6	317	225	Church,	NA
6	318	225	Church,	NA
6	319	226	with	NA
6	320	227	two	NA
6	321	228	steeples	NA
6	322	228	steeples	NA
6	323	228	steeples	NA
6	324	229	and	NA
6	325	230	its	NA
6	326	231	own	NA
6	327	232	school	NA
6	328	233	was	NA
6	329	234	on	NA
6	330	235	Main	it;
6	331	236	Street;	it;
6	332	236	Street;	it;
6	333	237	the	NA
6	334	238	Episcopal	NA
6	335	239	Church	NA
6	336	240	was	NA
6	337	241	one	NA
6	338	242	block	NA
6	339	243	down	NA
6	340	244	Sussex	NA
6	341	245	Street;	NA
6	342	245	Street;	NA
6	343	246	the	NA
6	344	247	Catholic	NA
6	345	248	Saint	NA
6	346	249	Mary's	NA
6	347	249	Mary's	NA
6	348	250	Church,	NA
6	349	250	Church,	NA
6	350	251	with	NA
6	351	252	an	NA
6	352	253	even	NA
6	353	254	taller	NA
6	354	255	steeple	NA
6	355	255	steeple	NA
6	356	256	and	NA
6	357	257	a	NA
6	358	258	cross	NA
6	359	259	on	NA
6	360	260	top,	NA
6	361	260	top,	NA
6	362	261	stood	NA
6	363	262	on	NA
6	364	263	Ball	NA
6	365	264	Street.	NA
6	366	264	Street.	NA
6	367	265	The	NA
6	368	266	Catholics	NA
6	369	267	had	NA
6	370	268	the	it,
6	371	269	largest	it,
6	372	270	cemetery,	it,
6	373	270	cemetery,	it,
6	374	271	near	NA
6	375	272	the	it;
6	376	273	Neversink	it;
6	377	273	Neversink	it;
6	378	273	Neversink	it;
6	379	274	River	it;
6	380	275	where	it;
6	381	276	Main	it;
6	382	277	Street	it;
6	383	278	ran	it;
6	384	279	south;	it;
6	385	279	south;	it;
6	386	280	Stevie	he
6	387	280	Stevie	he
6	388	281	whistled	NA
6	389	281	whistled	NA
6	390	282	when	NA
6	391	283	he	NA
6	392	284	passed	NA
6	393	285	these	them.
6	394	286	alien	them.
6	395	287	grounds.	them.
6	396	287	grounds.	them.
6	397	288	God	He
6	398	289	was	NA
6	399	290	everywhere,	NA
6	400	290	everywhere,	NA
6	401	291	in	NA
6	402	292	the	NA
6	403	293	belfry,	NA
6	404	293	belfry,	NA
6	405	293	belfry,	NA
6	406	293	belfry,	NA
6	407	294	in	NA
6	408	295	the	NA
6	409	296	steeple,	NA
6	410	296	steeple,	NA
6	411	296	steeple,	NA
6	412	297	in	NA
6	413	298	the	NA
6	414	299	clouds,	NA
6	415	299	clouds,	NA
6	416	300	in	NA
6	417	301	the	NA
6	418	302	trees,	NA
6	419	302	trees,	NA
6	420	303	and	NA
6	421	304	in	NA
6	422	305	the	NA
6	423	306	mountains	NA
6	424	307	hulking	NA
6	425	307	hulking	NA
6	426	307	hulking	NA
6	427	308	on	NA
6	428	309	the	it.
6	429	310	horizon.	it.
6	430	310	horizon.	it.
6	431	311	Somewhere,	NA
6	432	311	Somewhere,	NA
6	433	312	beyond,	NA
6	434	312	beyond,	NA
6	435	313	where	NA
6	436	314	shadows	NA
6	437	315	lurked,	NA
6	438	315	lurked,	NA
6	439	315	lurked,	NA
6	440	316	must	NA
6	441	317	be	NA
6	442	318	the	NA
6	443	319	yawning	NA
6	444	319	yawning	NA
6	445	320	pit	NA
6	446	321	of	NA
6	447	322	which	NA
6	448	323	Papa	he
6	449	324	preached	NA
6	450	325	and	NA
6	451	326	the	NA
6	452	327	dreadful	NA
6	453	328	Lake	NA
6	454	329	of	NA
6	455	330	Fire.	NA
6	456	330	Fire.	NA
6	457	331	So,	NA
6	458	331	So,	NA
6	459	332	walking	NA
6	460	333	in	NA
6	461	334	awe,	NA
6	462	334	awe,	NA
6	463	335	he	NA
6	464	336	became	NA
6	465	337	familiar	NA
6	466	338	with	NA
6	467	339	God,	him.
6	468	339	God,	him.
6	469	340	who	him.
6	470	341	resided	him.
6	471	342	chiefly	him.
6	472	343	in	him.
6	473	344	Drew	him.
6	474	345	Centennial	him.
6	475	345	Centennial	him.
6	476	346	Church	him.
6	477	347	with	him.
6	478	348	its	him.
6	479	349	high	him.
6	480	350	steeple	him.
6	481	350	steeple	him.
6	482	351	and	him.
6	483	352	clock.	him.
6	484	352	clock.	him.
6	485	353	There	NA
6	486	354	was	NA
6	487	355	no	NA
6	488	356	church	NA
6	489	357	like	NA
6	490	358	Drew	it,
6	491	359	Church,	it,
6	492	359	Church,	it,
6	493	360	no	NA
6	494	361	preacher	NA
6	495	362	like	NA
6	496	363	Papa,	him,
6	497	363	Papa,	him,
6	498	364	who	NA
6	499	365	was	NA
6	500	366	intimate	NA
6	501	367	with	NA
6	502	368	Him,	NA
6	503	368	Him,	NA
6	504	369	and	NA
6	505	370	could	NA
6	506	371	consign	NA
6	507	371	consign	NA
6	508	372	sinners	NA
6	509	373	to	NA
6	510	374	hellfire.	NA
6	511	374	hellfire.	NA
6	512	374	hellfire.	NA
6	513	375	To	NA
6	514	376	know	NA
6	515	377	God	him
6	516	378	he	NA
6	517	379	must	NA
6	518	380	follow	NA
6	519	381	in	NA
6	520	382	Papa's	his
6	521	382	Papa's	his
6	522	383	footsteps.	NA
6	523	383	footsteps.	NA
6	524	384	He	NA
6	525	385	was	NA
6	526	386	fortunate,	NA
6	527	386	fortunate,	NA
6	528	387	and	NA
6	529	388	proud.	NA
6	530	388	proud.	NA
6	531	389	The	They,
6	532	390	veterans,	They,
6	533	390	veterans,	They,
6	534	391	idling	They,
6	535	391	idling	They,
6	536	392	on	They,
6	537	393	their	They,
6	538	394	benches	They,
6	539	395	in	They,
6	540	396	the	They,
6	541	397	Square,	They,
6	542	397	Square,	They,
6	543	398	beneath	They,
6	544	399	the	They,
6	545	400	soldiers'	They,
6	546	400	soldiers'	They,
6	547	401	monument,	They,
6	548	401	monument,	They,
6	549	402	got	NA
6	550	403	to	NA
6	551	404	their	NA
6	552	405	feet	NA
6	553	406	when	NA
6	554	407	Papa	he
6	555	408	approached:	NA
6	556	408	approached:	NA
6	557	409	"Morning,	NA
6	558	409	"Morning,	NA
6	559	409	"Morning,	NA
6	560	410	Reverend!"	you!"
6	561	410	Reverend!"	you!"
6	562	411	His	NA
6	563	412	being	NA
6	564	413	and	NA
6	565	414	His	NA
6	566	415	will	NA
6	567	416	--	NA
6	568	417	Stevie	he
6	569	417	Stevie	he
6	570	418	could	NA
6	571	419	not	NA
6	572	420	divide	NA
6	573	421	God	him
6	574	422	from	NA
6	575	423	his	him
6	576	424	Papa	him
6	577	425	--	NA
6	578	426	illumined	NA
6	579	426	illumined	NA
6	580	427	every	NA
6	581	428	parish	NA
6	582	429	face,	NA
6	583	429	face,	NA
6	584	430	turned	NA
6	585	431	the	NA
6	586	432	choir	NA
6	587	433	into	NA
6	588	434	a	NA
6	589	435	band	NA
6	590	436	of	NA
6	591	437	angels,	NA
6	592	437	angels,	NA
6	593	438	and	NA
6	594	439	the	NA
6	595	440	pulpit	NA
6	596	440	pulpit	NA
6	597	441	into	NA
6	598	442	the	NA
6	599	443	tollgate	NA
6	600	443	tollgate	NA
6	601	444	to	NA
6	602	445	Heaven.	NA
6	603	445	Heaven.	NA
6	604	446	"We	NA
6	605	446	"We	NA
6	606	447	have	NA
6	607	448	nine	NA
6	608	449	hundred	NA
6	609	450	and	NA
6	610	451	eleven	NA
6	611	452	members	NA
6	612	453	in	NA
6	613	454	our	NA
6	614	455	charge,"	NA
6	615	455	charge,"	NA
6	616	456	Mama	she
6	617	457	announced,	NA
6	618	457	announced,	NA
6	619	458	"and	NA
6	620	458	"and	NA
6	621	459	three	NA
6	622	460	hundred	NA
6	623	461	and	NA
6	624	462	eighty	NA
6	625	463	Sunday-school	NA
6	626	463	Sunday-school	NA
6	627	463	Sunday-school	NA
6	628	464	scholars."	NA
6	629	464	scholars."	NA
6	630	465	When	NA
6	631	466	Papa	he
6	632	467	went	NA
6	633	468	out	NA
6	634	469	to	NA
6	635	470	do	NA
6	636	471	God's	his
6	637	471	God's	his
6	638	472	work,	NA
6	639	472	work,	NA
6	640	473	Stevie	he
6	641	473	Stevie	he
6	642	474	often	NA
6	643	475	accompanied	NA
6	644	476	him	NA
6	645	477	in	NA
6	646	478	the	NA
6	647	479	buggy,	NA
6	648	479	buggy,	NA
6	649	480	which	NA
6	650	481	was	NA
6	651	482	drawn	NA
6	652	483	by	NA
6	653	484	Violet,	her,
6	654	484	Violet,	her,
6	655	485	the	her.
6	656	486	new	her.
6	657	487	black	her.
6	658	488	mare.	her.
6	659	488	mare.	her.
6	660	488	mare.	her.
6	661	489	Although	NA
6	662	490	they	NA
6	663	491	journeyed	NA
6	664	491	journeyed	NA
6	665	492	westerly	NA
6	666	492	westerly	NA
6	667	492	westerly	NA
6	668	493	as	NA
6	669	494	far	NA
6	670	495	as	NA
6	671	496	Germantown,	NA
6	672	496	Germantown,	NA
6	673	496	Germantown,	NA
6	674	496	Germantown,	NA
6	675	497	beyond	NA
6	676	498	the	NA
6	677	499	Erie	NA
6	678	500	roundhouse	NA
6	679	500	roundhouse	NA
6	680	501	and	NA
6	681	502	the	NA
6	682	503	machine	NA
6	683	504	shop,	NA
6	684	504	shop,	NA
6	685	505	and	NA
6	686	506	along	NA
6	687	507	the	NA
6	688	508	Delaware	it
6	689	509	and	NA
6	690	510	Hudson	NA
6	691	511	Canal,	NA
6	692	511	Canal,	NA
6	693	512	and	NA
6	694	513	northward	NA
6	695	513	northward	NA
6	696	514	to	NA
6	697	515	Brooklyn,	NA
6	698	515	Brooklyn,	NA
6	699	516	below	NA
6	700	517	Point	NA
6	701	518	Peter,	NA
6	702	518	Peter,	NA
6	703	519	he	NA
6	704	520	could	NA
6	705	521	see	NA
6	706	522	the	it
6	707	523	church	it
6	708	524	spire	it
6	709	524	spire	it
6	710	525	wherever	NA
6	711	526	he	NA
6	712	527	looked	NA
6	713	528	back.	NA
6	714	528	back.	NA
6	715	529	Sometimes	NA
6	716	530	they	NA
6	717	531	went	NA
6	718	532	south	NA
6	719	533	and	NA
6	720	534	rolled	NA
6	721	535	past	NA
6	722	536	the	NA
6	723	537	tollhouse	NA
6	724	537	tollhouse	NA
6	725	538	--	NA
6	726	539	"Afternoon,	NA
6	727	539	"Afternoon,	NA
6	728	539	"Afternoon,	NA
6	729	539	"Afternoon,	NA
6	730	540	Reverend!	you!
6	731	540	Reverend!	you!
6	732	541	--"	NA
6	733	541	--"	NA
6	734	542	and	NA
6	735	543	crossed	NA
6	736	544	the	NA
6	737	545	suspension	NA
6	738	546	bridge	NA
6	739	547	to	NA
6	740	548	Matamoras;	NA
6	741	548	Matamoras;	NA
6	742	548	Matamoras;	NA
6	743	548	Matamoras;	NA
6	744	549	that	NA
6	745	550	was	NA
6	746	551	Pennsylvania.	it.
6	747	551	Pennsylvania.	it.
6	748	552	In	NA
6	749	553	the	it,
6	750	554	Delaware	it,
6	751	555	River,	it,
6	752	555	River,	it,
6	753	556	three	NA
6	754	557	long	NA
6	755	558	islands	NA
6	756	559	were	NA
6	757	560	overgrown	NA
6	758	560	overgrown	NA
6	759	561	with	NA
6	760	562	greening	NA
6	761	562	greening	NA
6	762	563	trees	NA
6	763	564	and	NA
6	764	565	underbrush.	NA
6	765	565	underbrush.	NA
6	766	565	underbrush.	NA
6	767	566	South	NA
6	768	567	of	NA
6	769	568	Laurel	NA
6	770	569	Grove	NA
6	771	570	Cemetery,	NA
6	772	570	Cemetery,	NA
6	773	571	and	NA
6	774	572	below	NA
6	775	573	the	NA
6	776	574	junction	NA
6	777	575	of	NA
6	778	576	the	NA
6	779	577	Neversink	NA
6	780	577	Neversink	NA
6	781	577	Neversink	NA
6	782	578	and	NA
6	783	579	the	it,
6	784	580	Delaware,	it,
6	785	580	Delaware,	it,
6	786	581	was	NA
6	787	582	the	NA
6	788	583	Tri-State	NA
6	789	583	Tri-State	NA
6	790	583	Tri-State	NA
6	791	584	Rock,	NA
6	792	584	Rock,	NA
6	793	585	from	NA
6	794	586	which	NA
6	795	587	Stevie	he
6	796	587	Stevie	he
6	797	588	could	NA
6	798	589	spy	NA
6	799	590	New	NA
6	800	591	Jersey	NA
6	801	592	and	NA
6	802	593	Pennsylvania,	it,
6	803	593	Pennsylvania,	it,
6	804	594	as	NA
6	805	595	well	NA
6	806	596	as	NA
6	807	597	New	NA
6	808	598	York,	NA
6	809	598	York,	NA
6	810	599	simply	NA
6	811	600	by	NA
6	812	601	spinning	NA
6	813	602	around	NA
6	814	603	on	NA
6	815	604	his	NA
6	816	605	heel.	NA
6	817	605	heel.	NA
6	818	606	On	NA
6	819	607	these	NA
6	820	608	excursions,	NA
6	821	608	excursions,	NA
6	822	608	excursions,	NA
6	823	609	Papa	he
6	824	610	instructed	NA
6	825	611	him	NA
6	826	612	on	NA
6	827	613	man's	it
6	828	613	man's	it
6	829	614	chief	NA
6	830	615	end,	NA
6	831	615	end,	NA
6	832	616	which	NA
6	833	617	was	NA
6	834	618	his	NA
6	835	619	duty	NA
6	836	620	to	NA
6	837	621	God	it
6	838	622	and	NA
6	839	623	his	NA
6	840	624	own	NA
6	841	625	salvation.	NA
6	842	625	salvation.	NA
6	843	626	However,	NA
6	844	626	However,	NA
6	845	627	a	NA
6	846	628	boy's	NA
6	847	628	boy's	NA
6	848	629	lively	NA
6	849	630	eyes	NA
6	850	631	might	NA
6	851	632	rove.	NA
6	852	632	rove.	NA
6	853	632	rove.	NA
7	0	0	They	NA
7	1	1	were	NA
7	2	2	west	NA
7	3	3	of	NA
7	4	4	the	NA
7	5	5	Sabine,	NA
7	6	5	Sabine,	NA
7	7	5	Sabine,	NA
7	8	6	but	NA
7	9	7	only	he
7	10	8	God	he
7	11	9	knew	NA
7	12	10	where.	NA
7	13	10	where.	NA
7	14	11	For	NA
7	15	12	three	NA
7	16	13	days,	NA
7	17	13	days,	NA
7	18	14	their	they
7	19	15	stolid	they
7	20	15	stolid	they
7	21	16	oxen	they
7	22	16	oxen	they
7	23	17	had	NA
7	24	18	plodded	NA
7	25	18	plodded	NA
7	26	18	plodded	NA
7	27	19	up	NA
7	28	20	a	it.
7	29	21	blazing	it.
7	30	22	valley	it.
7	31	23	as	it.
7	32	24	flat	it.
7	33	25	and	it.
7	34	26	featureless	it.
7	35	26	featureless	it.
7	36	27	as	it.
7	37	28	a	it.
7	38	29	dead	it.
7	39	30	sea.	it.
7	40	30	sea.	it.
7	41	31	Molten	NA
7	42	31	Molten	NA
7	43	32	glare	NA
7	44	33	singed	NA
7	45	33	singed	NA
7	46	34	their	NA
7	47	35	eyelids	NA
7	48	35	eyelids	NA
7	49	36	an	NA
7	50	37	angry	NA
7	51	38	crimson;	NA
7	52	38	crimson;	NA
7	53	39	suffocating	it
7	54	39	suffocating	it
7	55	40	air	it
7	56	41	sapped	NA
7	57	41	sapped	NA
7	58	42	their	NA
7	59	43	strength	NA
7	60	44	and	NA
7	61	45	strained	NA
7	62	46	their	NA
7	63	47	nerves	NA
7	64	48	to	NA
7	65	49	snapping;	NA
7	66	49	snapping;	NA
7	67	50	dust	NA
7	68	51	choked	NA
7	69	52	their	them
7	70	53	throats	them
7	71	54	and	NA
7	72	55	lay	NA
7	73	56	like	NA
7	74	57	acid	NA
7	75	58	in	NA
7	76	59	their	NA
7	77	60	lungs.	NA
7	78	60	lungs.	NA
7	79	61	And	NA
7	80	62	the	it
7	81	63	valley	it
7	82	64	stretched	NA
7	83	65	endlessly	NA
7	84	66	out	NA
7	85	67	ahead,	NA
7	86	67	ahead,	NA
7	87	68	scorched	NA
7	88	68	scorched	NA
7	89	69	and	NA
7	90	70	baked	NA
7	91	71	and	NA
7	92	72	writhing	NA
7	93	72	writhing	NA
7	94	73	in	NA
7	95	74	its	NA
7	96	75	heat,	NA
7	97	75	heat,	NA
7	98	76	until	NA
7	99	77	it	NA
7	100	78	vanished	NA
7	101	79	into	NA
7	102	80	the	NA
7	103	81	throbbing	NA
7	104	81	throbbing	NA
7	105	82	wall	NA
7	106	83	of	NA
7	107	84	fiery	NA
7	108	85	orange	NA
7	109	86	brown	NA
7	110	87	haze.	NA
7	111	87	haze.	NA
7	112	88	Ben	He
7	113	89	Prime	He
7	114	90	extended	NA
7	115	91	his	NA
7	116	92	high-stepped	NA
7	117	92	high-stepped	NA
7	118	92	high-stepped	NA
7	119	92	high-stepped	NA
7	120	93	stride	NA
7	121	94	until	NA
7	122	95	he	NA
7	123	96	could	NA
7	124	97	lay	NA
7	125	98	his	NA
7	126	99	goad	NA
7	127	99	goad	NA
7	128	100	across	NA
7	129	101	the	NA
7	130	102	noses	NA
7	131	103	of	NA
7	132	104	the	them.
7	133	105	oxen.	them.
7	134	105	oxen.	them.
7	135	105	oxen.	them.
7	136	106	"Hoa-whup!"	NA
7	137	106	"Hoa-whup!"	NA
7	138	106	"Hoa-whup!"	NA
7	139	106	"Hoa-whup!"	NA
7	140	106	"Hoa-whup!"	NA
7	141	106	"Hoa-whup!"	NA
7	142	106	"Hoa-whup!"	NA
7	143	107	He	NA
7	144	108	commanded	NA
7	145	109	from	NA
7	146	110	his	it,
7	147	111	raw	it,
7	148	112	throat,	it,
7	149	112	throat,	it,
7	150	113	and	NA
7	151	114	felt	NA
7	152	115	the	NA
7	153	116	pain	NA
7	154	117	of	NA
7	155	118	movement	NA
7	156	119	in	NA
7	157	120	his	them.
7	158	121	cracked,	them.
7	159	121	cracked,	them.
7	160	122	black	them.
7	161	123	burned	them.
7	162	124	lips.	them.
7	163	124	lips.	them.
7	164	125	He	NA
7	165	126	removed	NA
7	166	127	his	NA
7	167	128	hat	NA
7	168	129	to	NA
7	169	130	let	NA
7	170	131	the	NA
7	171	132	trapped	NA
7	172	133	sweat	NA
7	173	134	cut	NA
7	174	135	rivulets	NA
7	175	135	rivulets	NA
7	176	135	rivulets	NA
7	177	135	rivulets	NA
7	178	136	through	NA
7	179	137	the	NA
7	180	138	dust	NA
7	181	139	film	NA
7	182	140	upon	NA
7	183	141	his	NA
7	184	142	gaunt	NA
7	185	142	gaunt	NA
7	186	143	face.	NA
7	187	143	face.	NA
7	188	144	He	NA
7	189	145	spat.	NA
7	190	145	spat.	NA
7	191	146	The	NA
7	192	147	dust-thick	NA
7	193	147	dust-thick	NA
7	194	147	dust-thick	NA
7	195	147	dust-thick	NA
7	196	148	saliva	NA
7	197	149	came	NA
7	198	150	from	NA
7	199	151	his	it
7	200	152	mouth	it
7	201	153	like	NA
7	202	154	balled	NA
7	203	154	balled	NA
7	204	155	cotton.	NA
7	205	155	cotton.	NA
7	206	156	He	NA
7	207	157	moved	NA
7	208	158	back	NA
7	209	159	to	NA
7	210	160	the	NA
7	211	161	wheel	NA
7	212	162	and	NA
7	213	163	stood	NA
7	214	164	there	NA
7	215	165	blowing,	NA
7	216	165	blowing,	NA
7	217	166	grasping	NA
7	218	167	the	NA
7	219	168	top	NA
7	220	169	of	NA
7	221	170	a	NA
7	222	171	spoke	NA
7	223	172	to	NA
7	224	173	still	NA
7	225	174	the	NA
7	226	175	trembling	NA
7	227	176	of	NA
7	228	177	his	NA
7	229	178	played-out	NA
7	230	178	played-out	NA
7	231	178	played-out	NA
7	232	179	limbs.	NA
7	233	179	limbs.	NA
7	234	180	The	It
7	235	181	burning	It
7	236	182	air	It
7	237	183	dried	NA
7	238	184	his	NA
7	239	185	sweat-soaked	NA
7	240	185	sweat-soaked	NA
7	241	185	sweat-soaked	NA
7	242	185	sweat-soaked	NA
7	243	186	clothes	NA
7	244	187	in	NA
7	245	188	salt-edged	NA
7	246	188	salt-edged	NA
7	247	188	salt-edged	NA
7	248	189	patches.	NA
7	249	189	patches.	NA
7	250	190	He	NA
7	251	191	cleared	NA
7	252	192	his	it
7	253	193	throat	it
7	254	194	and	NA
7	255	195	wet	NA
7	256	196	his	them.
7	257	197	lips.	them.
7	258	197	lips.	them.
7	259	198	As	NA
7	260	199	cheerfully	NA
7	261	199	cheerfully	NA
7	262	200	as	NA
7	263	201	possible,	NA
7	264	201	possible,	NA
7	265	202	he	NA
7	266	203	said,	NA
7	267	203	said,	NA
7	268	204	"Well,	NA
7	269	204	"Well,	NA
7	270	204	"Well,	NA
7	271	205	I	NA
7	272	206	guess	NA
7	273	207	we	NA
7	274	208	could	NA
7	275	209	all	NA
7	276	210	do	NA
7	277	211	with	NA
7	278	212	a	NA
7	279	213	little	NA
7	280	214	drink."	NA
7	281	214	drink."	NA
7	282	215	He	NA
7	283	216	unlashed	NA
7	284	216	unlashed	NA
7	285	217	the	it
7	286	218	dipper	it
7	287	218	dipper	it
7	288	219	and	NA
7	289	220	drew	NA
7	290	221	water	it
7	291	222	from	NA
7	292	223	a	NA
7	293	224	barrel.	NA
7	294	224	barrel.	NA
7	295	225	They	NA
7	296	226	could	NA
7	297	227	no	NA
7	298	228	longer	NA
7	299	229	afford	NA
7	300	230	the	NA
7	301	231	luxury	NA
7	302	232	of	NA
7	303	233	the	NA
7	304	234	canvas	NA
7	305	235	sweat	NA
7	306	236	bag	NA
7	307	237	that	NA
7	308	238	cooled	NA
7	309	239	it	NA
7	310	240	by	NA
7	311	241	evaporation.	NA
7	312	241	evaporation.	NA
7	313	241	evaporation.	NA
7	314	241	evaporation.	NA
7	315	242	The	It
7	316	243	water	It
7	317	244	was	NA
7	318	245	warm	NA
7	319	246	and	NA
7	320	247	stale	NA
7	321	248	and	NA
7	322	249	had	NA
7	323	250	a	NA
7	324	251	brackish	NA
7	325	251	brackish	NA
7	326	251	brackish	NA
7	327	252	taste.	NA
7	328	252	taste.	NA
7	329	253	But	NA
7	330	254	it	NA
7	331	255	was	NA
7	332	256	water.	it.
7	333	256	water.	it.
7	334	257	Thank	NA
7	335	258	the	him,
7	336	259	Lord,	him,
7	337	259	Lord,	him,
7	338	260	they	NA
7	339	261	still	NA
7	340	262	had	NA
7	341	263	water!	it!
7	342	263	water!	it!
7	343	264	He	NA
7	344	265	cleansed	NA
7	345	265	cleansed	NA
7	346	266	his	it
7	347	267	mouth	it
7	348	268	with	NA
7	349	269	a	NA
7	350	270	small	NA
7	351	271	quantity.	NA
7	352	271	quantity.	NA
7	353	272	He	NA
7	354	273	took	NA
7	355	274	a	NA
7	356	275	long	NA
7	357	276	but	NA
7	358	277	carefully	NA
7	359	278	controlled	NA
7	360	279	draught.	NA
7	361	279	draught.	NA
7	362	279	draught.	NA
7	363	280	He	NA
7	364	281	replenished	NA
7	365	281	replenished	NA
7	366	282	the	it
7	367	283	dipper	it
7	368	283	dipper	it
7	369	284	and	NA
7	370	285	handed	NA
7	371	286	it	NA
7	372	287	to	NA
7	373	288	his	her.
7	374	289	young	her.
7	375	290	wife	her.
7	376	291	riding	her.
7	377	292	the	her.
7	378	293	hurricane	her.
7	379	294	deck.	her.
7	380	294	deck.	her.
7	381	295	She	NA
7	382	296	took	NA
7	383	297	it	NA
7	384	298	grudgingly,	NA
7	385	298	grudgingly,	NA
7	386	298	grudgingly,	NA
7	387	298	grudgingly,	NA
7	388	299	her	they
7	389	300	dark	they
7	390	301	eyes	they
7	391	302	baleful	NA
7	392	302	baleful	NA
7	393	303	as	NA
7	394	304	they	NA
7	395	305	met	NA
7	396	306	his.	NA
7	397	306	his.	NA
7	398	307	She	NA
7	399	308	drank	NA
7	400	309	and	NA
7	401	310	pushed	NA
7	402	311	back	NA
7	403	312	her	NA
7	404	313	gingham	NA
7	405	313	gingham	NA
7	406	314	bonnet	NA
7	407	314	bonnet	NA
7	408	315	to	NA
7	409	316	wet	NA
7	410	317	a	NA
7	411	318	kerchief	NA
7	412	318	kerchief	NA
7	413	319	and	NA
7	414	320	wipe	NA
7	415	321	her	NA
7	416	322	face.	NA
7	417	322	face.	NA
7	418	323	She	NA
7	419	324	set	NA
7	420	325	the	NA
7	421	326	dipper	NA
7	422	326	dipper	NA
7	423	327	on	NA
7	424	328	the	NA
7	425	329	edge	NA
7	426	330	of	NA
7	427	331	the	it,
7	428	332	deck,	it,
7	429	332	deck,	it,
7	430	333	leaving	NA
7	431	334	it	NA
7	432	335	for	NA
7	433	336	him	NA
7	434	337	to	NA
7	435	338	stretch	NA
7	436	339	after	NA
7	437	340	it	NA
7	438	341	while	NA
7	439	342	she	NA
7	440	343	looked	NA
7	441	344	on	NA
7	442	345	scornfully.	NA
7	443	345	scornfully.	NA
7	444	345	scornfully.	NA
7	445	346	"What	NA
7	446	346	"What	NA
7	447	347	happens	NA
7	448	348	when	NA
7	449	349	there's	NA
7	450	349	there's	NA
7	451	350	no	NA
7	452	351	more	NA
7	453	352	water?"	NA
7	454	352	water?"	NA
7	455	353	She	NA
7	456	354	asked	NA
7	457	355	smolderingly.	NA
7	458	355	smolderingly.	NA
7	459	355	smolderingly.	NA
7	460	355	smolderingly.	NA
7	461	355	smolderingly.	NA
7	462	356	She	NA
7	463	357	was	NA
7	464	358	like	NA
7	465	359	charcoal,	NA
7	466	359	charcoal,	NA
7	467	360	he	NA
7	468	361	thought	NA
7	469	362	--	NA
7	470	363	dark,	NA
7	471	363	dark,	NA
7	472	364	opaque,	NA
7	473	364	opaque,	NA
7	474	365	explosive.	NA
7	475	365	explosive.	NA
7	476	366	Her	NA
7	477	367	thick	NA
7	478	368	hair	NA
7	479	369	was	NA
7	480	370	the	NA
7	481	371	color	NA
7	482	372	and	NA
7	483	373	texture	NA
7	484	374	of	NA
7	485	375	charcoal.	NA
7	486	375	charcoal.	NA
7	487	376	Her	NA
7	488	377	temper	NA
7	489	378	sparked	NA
7	490	379	like	NA
7	491	380	charcoal	NA
7	492	381	when	NA
7	493	382	it	NA
7	494	383	first	NA
7	495	384	lights	NA
7	496	385	up.	NA
7	497	385	up.	NA
7	498	386	And	NA
7	499	387	all	NA
7	500	388	the	NA
7	501	389	time,	NA
7	502	389	time,	NA
7	503	390	she	NA
7	504	391	had	NA
7	505	392	the	NA
7	506	393	heat	NA
7	507	394	of	NA
7	508	395	hatred	NA
7	509	396	in	NA
7	510	397	her,	NA
7	511	397	her,	NA
7	512	398	like	NA
7	513	399	charcoal	NA
7	514	400	that	NA
7	515	401	is	NA
7	516	402	burning	NA
7	517	403	on	NA
7	518	404	its	NA
7	519	405	under	NA
7	520	406	side,	NA
7	521	406	side,	NA
7	522	407	but	NA
7	523	408	not	NA
7	524	409	visibly.	NA
7	525	409	visibly.	NA
7	526	410	A	NA
7	527	411	ripple	NA
7	528	412	ran	NA
7	529	413	through	NA
7	530	414	the	NA
7	531	415	muscles	NA
7	532	416	of	NA
7	533	417	his	NA
7	534	418	jaws,	NA
7	535	418	jaws,	NA
7	536	419	but	NA
7	537	420	he	NA
7	538	421	kept	NA
7	539	422	control	NA
7	540	423	upon	NA
7	541	424	his	NA
7	542	425	voice.	NA
7	543	425	voice.	NA
7	544	426	"There	NA
7	545	426	"There	NA
7	546	427	must	NA
7	547	428	be	NA
7	548	429	some	NA
7	549	430	water	NA
7	550	431	under	NA
7	551	432	there."	NA
7	552	432	there."	NA
7	553	433	He	NA
7	554	434	tilted	NA
7	555	435	his	NA
7	556	436	homely	NA
7	557	436	homely	NA
7	558	437	face	NA
7	559	438	toward	NA
7	560	439	the	NA
7	561	440	dry	NA
7	562	441	bed	NA
7	563	442	of	NA
7	564	443	the	NA
7	565	444	river.	NA
7	566	444	river.	NA
7	567	445	"We	NA
7	568	445	"We	NA
7	569	446	can	NA
7	570	447	get	NA
7	571	448	it	NA
7	572	449	if	NA
7	573	450	we	NA
7	574	451	dig,"	NA
7	575	451	dig,"	NA
7	576	452	he	NA
7	577	453	said	NA
7	578	454	patiently.	NA
7	579	454	patiently.	NA
7	580	455	"And	NA
7	581	455	"And	NA
7	582	456	add	NA
7	583	457	fever	NA
7	584	458	to	NA
7	585	459	our	NA
7	586	460	troubles?"	NA
7	587	460	troubles?"	NA
7	588	461	She	NA
7	589	462	scoffed.	NA
7	590	462	scoffed.	NA
7	591	462	scoffed.	NA
7	592	463	"Or	NA
7	593	463	"Or	NA
7	594	464	do	NA
7	595	465	you	NA
7	596	466	want	NA
7	597	467	to	NA
7	598	468	see	NA
7	599	469	if	NA
7	600	470	I	NA
7	601	471	can	NA
7	602	472	stand	NA
7	603	473	fever,	NA
7	604	473	fever,	NA
7	605	474	too?"	NA
7	606	474	too?"	NA
7	607	475	"We	NA
7	608	475	"We	NA
7	609	476	can	NA
7	610	477	boil	NA
7	611	478	it,"	NA
7	612	478	it,"	NA
7	613	479	he	NA
7	614	480	said.	NA
7	615	480	said.	NA
7	616	481	Her	NA
7	617	482	chin	NA
7	618	483	sharpened.	NA
7	619	483	sharpened.	NA
7	620	483	sharpened.	NA
7	621	484	"We're	NA
7	622	484	"We're	NA
7	623	484	"We're	NA
7	624	485	lost	NA
7	625	486	and	NA
7	626	487	burning	NA
7	627	488	up	NA
7	628	489	already,"	NA
7	629	489	already,"	NA
7	630	490	she	NA
7	631	491	bit	NA
7	632	492	out	NA
7	633	493	tensely.	NA
7	634	493	tensely.	NA
7	635	493	tensely.	NA
7	636	494	"The	NA
7	637	494	"The	NA
7	638	495	tires	NA
7	639	496	are	NA
7	640	497	rattling	NA
7	641	497	rattling	NA
7	642	498	on	NA
7	643	499	the	NA
7	644	500	wheels	NA
7	645	501	now.	NA
7	646	501	now.	NA
7	647	502	They'll	NA
7	648	502	They'll	NA
7	649	503	roll	NA
7	650	504	off	NA
7	651	505	in	NA
7	652	506	another	NA
7	653	507	day.	NA
7	654	507	day.	NA
7	655	508	There	NA
7	656	509	was	NA
7	657	510	no	NA
7	658	511	valley	NA
7	659	512	like	NA
7	660	513	this	NA
7	661	514	on	NA
7	662	515	your	NA
7	663	516	map.	NA
7	664	516	map.	NA
7	665	517	You	NA
7	666	518	don't	NA
7	667	518	don't	NA
7	668	519	even	NA
7	669	520	know	NA
7	670	521	where	NA
7	671	522	we're	NA
7	672	522	we're	NA
7	673	523	headed."	NA
7	674	523	headed."	NA
7	675	524	"Hettie,"	"She,"
7	676	524	"Hettie,"	"She,"
7	677	524	"Hettie,"	"She,"
7	678	524	"Hettie,"	"She,"
7	679	524	"Hettie,"	"She,"
7	680	525	he	NA
7	681	526	said	NA
7	682	527	as	NA
7	683	528	gently	NA
7	684	529	as	NA
7	685	530	he	NA
7	686	531	could,	NA
7	687	531	could,	NA
7	688	532	"we're	NA
7	689	532	"we're	NA
7	690	532	"we're	NA
7	691	533	still	NA
7	692	534	headed	NA
7	693	535	west.	NA
7	694	535	west.	NA
7	695	536	Somewhere,	NA
7	696	536	Somewhere,	NA
7	697	537	we'll	NA
7	698	537	we'll	NA
7	699	538	hit	NA
7	700	539	a	NA
7	701	540	trail."	NA
7	702	540	trail."	NA
7	703	541	"Somewhere!"	NA
7	704	541	"Somewhere!"	NA
7	705	541	"Somewhere!"	NA
7	706	541	"Somewhere!"	NA
7	707	541	"Somewhere!"	NA
7	708	542	She	NA
7	709	543	repeated.	NA
7	710	543	repeated.	NA
7	711	544	"Maybe	NA
7	712	544	"Maybe	NA
7	713	545	in	NA
7	714	546	time	NA
7	715	547	to	NA
7	716	548	make	NA
7	717	549	a	NA
7	718	550	cross	NA
7	719	551	and	NA
7	720	552	dig	NA
7	721	553	our	NA
7	722	554	graves."	NA
7	723	554	graves."	NA
7	724	555	His	NA
7	725	556	wide	NA
7	726	557	mouth	NA
7	727	558	compressed.	NA
7	728	558	compressed.	NA
7	729	559	In	NA
7	730	560	a	NA
7	731	561	way,	NA
7	732	561	way,	NA
7	733	562	he	NA
7	734	563	couldn't	NA
7	735	563	couldn't	NA
7	736	564	blame	NA
7	737	565	her.	NA
7	738	565	her.	NA
7	739	566	He	NA
7	740	567	had	NA
7	741	568	picked	NA
7	742	569	out	NA
7	743	570	this	NA
7	744	571	pathless	NA
7	745	571	pathless	NA
7	746	572	trail,	NA
7	747	572	trail,	NA
7	748	573	instead	NA
7	749	574	of	NA
7	750	575	the	NA
7	751	576	common	NA
7	752	577	one,	NA
7	753	577	one,	NA
7	754	578	in	NA
7	755	579	a	NA
7	756	580	moment	NA
7	757	581	of	NA
7	758	582	romantic	NA
7	759	583	fancy,	NA
7	760	583	fancy,	NA
7	761	584	to	NA
7	762	585	give	NA
7	763	586	them	NA
7	764	587	privacy	NA
7	765	588	on	NA
7	766	589	their	NA
7	767	590	honeymoon.	NA
7	768	590	honeymoon.	NA
7	769	590	honeymoon.	NA
7	770	591	It	NA
7	771	592	had	NA
7	772	593	been	NA
7	773	594	a	NA
7	774	595	mistake,	NA
7	775	595	mistake,	NA
7	776	596	but	NA
7	777	597	anything	NA
7	778	598	would	NA
7	779	599	have	NA
7	780	600	been	NA
7	781	601	a	NA
7	782	602	mistake,	NA
7	783	602	mistake,	NA
7	784	603	as	NA
7	785	604	it	NA
7	786	605	turned	NA
7	787	606	out.	NA
7	788	606	out.	NA
7	789	607	It	NA
7	790	608	wasn't	NA
7	791	608	wasn't	NA
7	792	609	the	NA
7	793	610	roughness	NA
7	794	610	roughness	NA
7	795	611	and	NA
7	796	612	crudity	NA
7	797	612	crudity	NA
7	798	612	crudity	NA
7	799	613	and	NA
7	800	614	discomfort	NA
7	801	615	of	NA
7	802	616	the	NA
7	803	617	trip	NA
7	804	618	that	NA
7	805	619	had	NA
7	806	620	frightened	NA
7	807	621	her.	NA
7	808	621	her.	NA
7	809	622	She	NA
7	810	623	had	NA
7	811	624	hated	NA
7	812	625	the	NA
7	813	626	whole	NA
7	814	627	idea	NA
7	815	628	before	NA
7	816	629	they	NA
7	817	630	started.	NA
7	818	630	started.	NA
8	0	0	Buffeted	NA
8	1	0	Buffeted	NA
8	2	0	Buffeted	NA
8	3	1	by	NA
8	4	2	swirling	NA
8	5	3	winds,	NA
8	6	3	winds,	NA
8	7	4	the	it
8	8	5	little	it
8	9	6	green	it
8	10	7	biplane	it
8	11	7	biplane	it
8	12	8	struggled	NA
8	13	9	northward	NA
8	14	9	northward	NA
8	15	10	between	NA
8	16	11	the	NA
8	17	12	mountains	NA
8	18	13	beyond	NA
8	19	14	Northfield	NA
8	20	14	Northfield	NA
8	21	15	Gulf.	NA
8	22	15	Gulf.	NA
8	23	16	Wires	NA
8	24	16	Wires	NA
8	25	17	whined	NA
8	26	17	whined	NA
8	27	18	as	NA
8	28	19	a	NA
8	29	20	cold	NA
8	30	21	November	NA
8	31	22	blast	NA
8	32	23	rocked	NA
8	33	24	the	NA
8	34	25	silver	NA
8	35	26	wings,	NA
8	36	26	wings,	NA
8	37	27	but	NA
8	38	28	the	NA
8	39	29	engine	NA
8	40	30	roar	NA
8	41	31	was	NA
8	42	32	reassuring	NA
8	43	33	to	NA
8	44	34	the	him.
8	45	35	pilot	him.
8	46	36	bundled	him.
8	47	37	in	him.
8	48	38	the	him.
8	49	39	open	him.
8	50	40	cockpit.	him.
8	51	40	cockpit.	him.
8	52	41	He	NA
8	53	42	peered	NA
8	54	42	peered	NA
8	55	43	ahead	NA
8	56	44	and	NA
8	57	45	grinned	NA
8	58	46	as	NA
8	59	47	the	NA
8	60	48	railroad	NA
8	61	49	tracks	NA
8	62	50	came	NA
8	63	51	into	NA
8	64	52	view	NA
8	65	53	again	NA
8	66	54	below.	NA
8	67	54	below.	NA
8	68	55	"Good	NA
8	69	55	"Good	NA
8	70	56	old	NA
8	71	57	iron	NA
8	72	58	compass!"	NA
8	73	58	compass!"	NA
8	74	59	He	NA
8	75	60	thought.	NA
8	76	60	thought.	NA
8	77	61	A	NA
8	78	62	plume	NA
8	79	62	plume	NA
8	80	63	of	NA
8	81	64	smoke	NA
8	82	65	rose	NA
8	83	66	from	NA
8	84	67	a	NA
8	85	68	Central	it
8	86	69	Vermont	it
8	87	70	locomotive	NA
8	88	70	locomotive	NA
8	89	71	which	NA
8	90	72	idled	NA
8	91	72	idled	NA
8	92	73	behind	NA
8	93	74	a	NA
8	94	75	string	NA
8	95	76	of	NA
8	96	77	gravel	NA
8	97	78	cars,	NA
8	98	78	cars,	NA
8	99	79	and	NA
8	100	80	little	NA
8	101	81	figures	NA
8	102	82	that	NA
8	103	83	were	NA
8	104	84	workmen	NA
8	105	84	workmen	NA
8	106	85	labored	NA
8	107	85	labored	NA
8	108	86	to	NA
8	109	87	set	NA
8	110	88	the	NA
8	111	89	ruptured	NA
8	112	89	ruptured	NA
8	113	90	roadbed	NA
8	114	90	roadbed	NA
8	115	91	to	NA
8	116	92	rights.	NA
8	117	92	rights.	NA
8	118	93	The	NA
8	119	94	girders	NA
8	120	94	girders	NA
8	121	94	girders	NA
8	122	95	of	NA
8	123	96	a	NA
8	124	97	shattered	NA
8	125	98	Dog	NA
8	126	99	River	NA
8	127	100	bridge	NA
8	128	101	lay	NA
8	129	102	strewn	NA
8	130	102	strewn	NA
8	131	103	for	NA
8	132	104	half	NA
8	133	105	a	NA
8	134	106	mile	NA
8	135	107	downstream.	NA
8	136	107	downstream.	NA
8	137	108	Vermont's	Its
8	138	108	Vermont's	Its
8	139	109	main	NA
8	140	110	railroad	NA
8	141	111	line	NA
8	142	112	was	NA
8	143	113	prostrate.	NA
8	144	113	prostrate.	NA
8	145	113	prostrate.	NA
8	146	114	And	NA
8	147	115	in	NA
8	148	116	the	NA
8	149	117	dark	NA
8	150	118	days	NA
8	151	119	after	NA
8	152	120	the	it
8	153	121	Great	it
8	154	122	Flood	it
8	155	123	of	it
8	156	124	1927	it
8	157	125	--	NA
8	158	126	the	it
8	159	127	worst	it
8	160	128	natural	it
8	161	129	disaster	it
8	162	130	in	it
8	163	131	the	it
8	164	132	state's	it
8	165	132	state's	it
8	166	133	history	it
8	167	134	--	NA
8	168	135	the	it
8	169	136	little	it
8	170	137	plane	it
8	171	138	was	NA
8	172	139	its	NA
8	173	140	sole	NA
8	174	141	replacement	NA
8	175	142	in	NA
8	176	143	carrying	NA
8	177	144	the	them.
8	178	145	United	them.
8	179	146	States	them.
8	180	147	mails.	them.
8	181	147	mails.	them.
8	182	147	mails.	them.
8	183	148	Rain	NA
8	184	149	of	NA
8	185	150	near	NA
8	186	151	cloudburst	NA
8	187	151	cloudburst	NA
8	188	152	proportions	NA
8	189	153	had	NA
8	190	154	fallen	NA
8	191	155	for	NA
8	192	156	three	NA
8	193	157	full	NA
8	194	158	days	NA
8	195	159	and	NA
8	196	160	it	NA
8	197	161	was	NA
8	198	162	still	NA
8	199	163	raining	NA
8	200	164	on	NA
8	201	165	the	NA
8	202	166	morning	NA
8	203	167	of	NA
8	204	168	Friday,	it,
8	205	168	Friday,	it,
8	206	169	November	it,
8	207	170	4,	it,
8	208	170	4,	it,
8	209	171	1927,	it,
8	210	171	1927,	it,
8	211	172	when	NA
8	212	173	officials	they
8	213	174	of	they
8	214	175	the	they
8	215	176	Post	they
8	216	177	Office	they
8	217	178	Department's	they
8	218	178	Department's	they
8	219	179	Railway	they
8	220	180	Mail	they
8	221	181	Service	they
8	222	182	realized	NA
8	223	183	that	NA
8	224	184	their	their
8	225	185	distribution	their
8	226	186	system	their
8	227	187	for	their
8	228	188	Vermont	their
8	229	189	had	NA
8	230	190	been	NA
8	231	191	almost	NA
8	232	192	totally	NA
8	233	193	destroyed	NA
8	234	194	overnight.	NA
8	235	194	overnight.	NA
8	236	195	Clerks	They
8	237	195	Clerks	They
8	238	195	Clerks	They
8	239	196	and	They
8	240	197	postmasters	They
8	241	197	postmasters	They
8	242	198	shoveled	NA
8	243	198	shoveled	NA
8	244	199	muck	NA
8	245	199	muck	NA
8	246	200	out	NA
8	247	201	of	NA
8	248	202	their	their
8	249	203	offices	their
8	250	204	--	NA
8	251	205	those	NA
8	252	206	who	NA
8	253	207	still	NA
8	254	208	had	NA
8	255	209	offices	them
8	256	210	--	NA
8	257	211	and	NA
8	258	212	wondered	NA
8	259	213	how	NA
8	260	214	to	NA
8	261	215	move	NA
8	262	216	the	it.
8	263	217	mail.	it.
8	264	217	mail.	it.
8	265	218	The	It
8	266	219	state's	It
8	267	219	state's	It
8	268	220	railroad	It
8	269	221	system	It
8	270	222	counted	NA
8	271	223	miles	NA
8	272	224	of	NA
8	273	225	broken	NA
8	274	226	bridges	NA
8	275	227	and	NA
8	276	228	missing	NA
8	277	229	rights-of-way:	NA
8	278	229	rights-of-way:	NA
8	279	229	rights-of-way:	NA
8	280	229	rights-of-way:	NA
8	281	229	rights-of-way:	NA
8	282	229	rights-of-way:	NA
8	283	230	it	NA
8	284	231	would	NA
8	285	232	obviously	NA
8	286	233	remain	NA
8	287	234	out	NA
8	288	235	of	NA
8	289	236	commission	NA
8	290	237	for	NA
8	291	238	weeks.	NA
8	292	238	weeks.	NA
8	293	239	And	NA
8	294	240	once	NA
8	295	241	medicine,	it,
8	296	241	medicine,	it,
8	297	242	food,	NA
8	298	242	food,	NA
8	299	243	clothing	NA
8	300	244	and	NA
8	301	245	shelter	NA
8	302	246	had	NA
8	303	247	been	NA
8	304	248	provided	NA
8	305	249	for	NA
8	306	250	the	its
8	307	251	flood's	its
8	308	251	flood's	its
8	309	252	victims,	NA
8	310	252	victims,	NA
8	311	253	communications	NA
8	312	254	and	NA
8	313	255	the	it
8	314	256	mail	it
8	315	257	were	NA
8	316	258	the	NA
8	317	259	next	NA
8	318	260	top	NA
8	319	261	problems.	NA
8	320	261	problems.	NA
8	321	262	From	NA
8	322	263	Burlington,	it,
8	323	263	Burlington,	it,
8	324	264	outgoing	NA
8	325	265	mail	NA
8	326	266	could	NA
8	327	267	be	NA
8	328	268	ferried	NA
8	329	268	ferried	NA
8	330	269	across	NA
8	331	270	Lake	NA
8	332	271	Champlain	NA
8	333	271	Champlain	NA
8	334	272	to	NA
8	335	273	the	NA
8	336	274	railroad	NA
8	337	275	at	NA
8	338	276	Port	NA
8	339	277	Kent,	NA
8	340	277	Kent,	NA
8	341	278	N.	NA
8	342	278	N.	NA
8	343	279	Y.	NA
8	344	279	Y.	NA
8	345	280	But	NA
8	346	281	what	NA
8	347	282	came	NA
8	348	283	in	NA
8	349	284	was	NA
8	350	285	piling	NA
8	351	286	up.	NA
8	352	286	up.	NA
8	353	287	The	NA
8	354	288	nearest	NA
8	355	289	undisrupted	NA
8	356	289	undisrupted	NA
8	357	290	end	NA
8	358	291	of	NA
8	359	292	track	NA
8	360	293	from	NA
8	361	294	Boston	it
8	362	295	was	NA
8	363	296	at	NA
8	364	297	Concord,	it.
8	365	297	Concord,	it.
8	366	298	N.	it.
8	367	298	N.	it.
8	368	299	H.	it.
8	369	299	H.	it.
8	370	300	When	NA
8	371	301	Governor	NA
8	372	302	Al	NA
8	373	303	Smith	NA
8	374	304	offered	he,
8	375	305	New	he,
8	376	306	York	he,
8	377	307	National	he,
8	378	308	Guard	he,
8	379	309	planes	he,
8	380	310	to	he,
8	381	311	fly	he,
8	382	312	the	he,
8	383	313	mail	he,
8	384	314	in	he,
8	385	315	and	he,
8	386	316	out	he,
8	387	317	of	he,
8	388	318	the	he,
8	389	319	state,	he,
8	390	319	state,	he,
8	391	320	it	NA
8	392	321	seemed	NA
8	393	322	a	it,
8	394	323	likely	it,
8	395	324	temporary	it,
8	396	325	solution,	it,
8	397	325	solution,	it,
8	398	326	easing	NA
8	399	327	Burlington's	its
8	400	327	Burlington's	its
8	401	328	bottleneck	NA
8	402	329	and	NA
8	403	330	that	NA
8	404	331	at	NA
8	405	332	Montpelier	it
8	406	332	Montpelier	it
8	407	332	Montpelier	it
8	408	333	too.	NA
8	409	333	too.	NA
8	410	334	The	NA
8	411	335	question	NA
8	412	336	was	NA
8	413	337	"Where	NA
8	414	337	"Where	NA
8	415	338	to	NA
8	416	339	land?"	NA
8	417	339	land?"	NA
8	418	340	There	NA
8	419	341	was	NA
8	420	342	no	NA
8	421	343	such	NA
8	422	344	thing	NA
8	423	345	as	NA
8	424	346	an	NA
8	425	347	airport	NA
8	426	348	in	NA
8	427	349	Vermont.	it.
8	428	349	Vermont.	it.
8	429	350	Burlington	It
8	430	351	aviator	NA
8	431	351	aviator	NA
8	432	352	John	NA
8	433	353	J.	NA
8	434	353	J.	NA
8	435	354	Burns	NA
8	436	355	suggested	NA
8	437	356	the	NA
8	438	357	parade	NA
8	439	358	ground	NA
8	440	359	southwest	NA
8	441	360	of	NA
8	442	361	Fort	it,
8	443	362	Ethan	it,
8	444	363	Allen,	it,
8	445	363	Allen,	it,
8	446	364	and	NA
8	447	365	soon	NA
8	448	366	a	they
8	449	367	dozen	they
8	450	368	hastily-summoned	they
8	451	368	hastily-summoned	they
8	452	368	hastily-summoned	they
8	453	368	hastily-summoned	they
8	454	368	hastily-summoned	they
8	455	369	National	they
8	456	370	Guard	they
8	457	371	pilots	they
8	458	372	were	NA
8	459	373	bringing	NA
8	460	374	their	NA
8	461	375	wide-winged	NA
8	462	375	wide-winged	NA
8	463	375	wide-winged	NA
8	464	375	wide-winged	NA
8	465	376	"Jenny"	NA
8	466	376	"Jenny"	NA
8	467	376	"Jenny"	NA
8	468	376	"Jenny"	NA
8	469	377	and	NA
8	470	378	DeHaviland	NA
8	471	378	DeHaviland	NA
8	472	378	DeHaviland	NA
8	473	378	DeHaviland	NA
8	474	379	two-seaters	NA
8	475	379	two-seaters	NA
8	476	379	two-seaters	NA
8	477	379	two-seaters	NA
8	478	380	to	NA
8	479	381	rest	NA
8	480	382	on	NA
8	481	383	the	NA
8	482	384	frozen	NA
8	483	385	sod	NA
8	484	386	of	NA
8	485	387	the	it.
8	486	388	military	it.
8	487	389	base.	it.
8	488	389	base.	it.
8	489	390	The	NA
8	490	391	only	NA
8	491	392	available	NA
8	492	393	field	NA
8	493	394	that	NA
8	494	395	could	NA
8	495	396	be	NA
8	496	397	used	NA
8	497	398	near	NA
8	498	399	flood-ravaged	it
8	499	399	flood-ravaged	it
8	500	399	flood-ravaged	it
8	501	399	flood-ravaged	it
8	502	400	Montpelier	it
8	503	400	Montpelier	it
8	504	400	Montpelier	it
8	505	401	was	NA
8	506	402	on	NA
8	507	403	the	it,
8	508	404	Towne	it,
8	509	404	Towne	it,
8	510	405	farm	it,
8	511	406	off	it,
8	512	407	upper	it,
8	513	408	Main	it,
8	514	409	Street,	it,
8	515	409	Street,	it,
8	516	410	a	it.
8	517	411	narrow	it.
8	518	412	hillside	it.
8	519	412	hillside	it.
8	520	413	where	it.
8	521	414	takeoffs	it.
8	522	414	takeoffs	it.
8	523	415	and	it.
8	524	416	landings	it.
8	525	416	landings	it.
8	526	417	could	it.
8	527	418	be	it.
8	528	419	safely	it.
8	529	420	made	it.
8	530	421	only	it.
8	531	422	under	it.
8	532	423	light	it.
8	533	424	wind	it.
8	534	425	conditions.	it.
8	535	425	conditions.	it.
8	536	426	Over	NA
8	537	427	in	NA
8	538	428	Barre	it
8	539	428	Barre	it
8	540	429	the	NA
8	541	430	streets	NA
8	542	431	had	NA
8	543	432	been	NA
8	544	433	deep	NA
8	545	434	in	NA
8	546	435	swirling	NA
8	547	436	water,	NA
8	548	436	water,	NA
8	549	437	and	NA
8	550	438	bridges	NA
8	551	439	were	NA
8	552	440	crumpled	NA
8	553	440	crumpled	NA
8	554	440	crumpled	NA
8	555	441	and	NA
8	556	442	gone.	NA
8	557	442	gone.	NA
8	558	443	Anticipating	NA
8	559	443	Anticipating	NA
8	560	443	Anticipating	NA
8	561	444	delivery	NA
8	562	445	of	NA
8	563	446	medicines	them
8	564	447	and	NA
8	565	448	yeast	NA
8	566	449	by	NA
8	567	450	plane,	NA
8	568	450	plane,	NA
8	569	451	Granite	NA
8	570	451	Granite	NA
8	571	452	City	NA
8	572	453	citizens	NA
8	573	454	formed	NA
8	574	455	an	NA
8	575	456	airfield	NA
8	576	456	airfield	NA
8	577	457	committee	NA
8	578	458	and	NA
8	579	459	with	NA
8	580	460	the	NA
8	581	461	aid	NA
8	582	462	of	NA
8	583	463	quarrymen	NA
8	584	463	quarrymen	NA
8	585	464	and	NA
8	586	465	the	NA
8	587	466	172nd	NA
8	588	466	172nd	NA
8	589	467	Infantry,	NA
8	590	467	Infantry,	NA
8	591	468	Vermont	it,
8	592	469	National	it,
8	593	470	Guard,	it,
8	594	470	Guard,	it,
8	595	471	laid	NA
8	596	472	out	NA
8	597	473	runways	NA
8	598	473	runways	NA
8	599	474	on	NA
8	600	475	Wilson	NA
8	601	476	flat,	NA
8	602	476	flat,	NA
8	603	477	high	NA
8	604	478	on	NA
8	605	479	Millstone	NA
8	606	479	Millstone	NA
8	607	480	Hill.	NA
8	608	480	Hill.	NA
8	609	481	The	It"
8	610	482	"Barre	It"
8	611	482	"Barre	It"
8	612	482	"Barre	It"
8	613	483	Aviation	It"
8	614	484	Field"	It"
8	615	484	Field"	It"
8	616	485	was	NA
8	617	486	set	NA
8	618	487	to	NA
8	619	488	receive	NA
8	620	489	its	NA
8	621	490	first	NA
8	622	491	aircraft	NA
8	623	492	the	NA
8	624	493	Sunday	NA
8	625	494	following	NA
8	626	495	the	it.
8	627	496	flood.	it.
8	628	496	flood.	it.
8	629	497	Though	NA
8	630	498	the	NA
8	631	499	makeshift	NA
8	632	500	airports	NA
8	633	501	were	NA
8	634	502	ready,	NA
8	635	502	ready,	NA
8	636	503	the	they
8	637	504	York	they
8	638	505	State	they
8	639	506	Guard	they
8	640	507	flyers	they
8	641	508	proved	NA
8	642	509	unable	NA
8	643	510	to	NA
8	644	511	keep	NA
8	645	512	any	NA
8	646	513	kind	NA
8	647	514	of	NA
8	648	515	mail	its
8	649	516	schedule.	NA
8	650	516	schedule.	NA
8	651	517	They	NA
8	652	518	had	NA
8	653	519	courage	NA
8	654	520	but	NA
8	655	521	their	NA
8	656	522	meager	NA
8	657	523	training	NA
8	658	524	consisted	NA
8	659	525	of	NA
8	660	526	weekend	NA
8	661	527	hops	NA
8	662	528	in	NA
8	663	529	good	NA
8	664	530	weather,	NA
8	665	530	weather,	NA
8	666	531	in	NA
8	667	532	and	NA
8	668	533	out	NA
8	669	534	of	NA
8	670	535	established	NA
8	671	536	airports,	NA
8	672	536	airports,	NA
8	673	537	and	NA
8	674	538	the	NA
8	675	539	increasingly	NA
8	676	540	cold	NA
8	677	541	weather	NA
8	678	542	soon	NA
8	679	543	raised	NA
8	680	544	hob	NA
8	681	545	with	NA
8	682	546	the	NA
8	683	547	water	NA
8	684	548	cooled	NA
8	685	549	engines	NA
8	686	550	of	NA
8	687	551	their	NA
8	688	552	World	NA
8	689	553	War	NA
8	690	554	I	NA
8	691	555	planes.	NA
8	692	555	planes.	NA
8	693	556	It	NA
8	694	557	seemed	NA
8	695	558	like	NA
8	696	559	a	NA
8	697	560	good	NA
8	698	561	time	NA
8	699	562	for	NA
8	700	563	officials	they
8	701	564	to	NA
8	702	565	use	NA
8	703	566	a	NA
8	704	567	recently-passed	NA
8	705	567	recently-passed	NA
8	706	567	recently-passed	NA
8	707	567	recently-passed	NA
8	708	568	law	NA
8	709	569	empowering	NA
8	710	570	the	NA
8	711	571	post	NA
8	712	572	office	NA
8	713	573	department	NA
8	714	574	to	NA
8	715	575	contract	NA
8	716	576	for	NA
8	717	577	the	NA
8	718	578	transport	NA
8	719	579	of	NA
8	720	580	first	it
8	721	581	class	it
8	722	582	mail	it
8	723	583	by	NA
8	724	584	air.	NA
8	725	584	air.	NA
8	726	585	They	NA
8	727	586	had	NA
8	728	587	to	NA
8	729	588	act	NA
8	730	589	fast,	NA
8	731	589	fast,	NA
8	732	590	for	NA
8	733	591	letters	NA
8	734	592	were	NA
8	735	593	clogging	NA
8	736	593	clogging	NA
8	737	594	the	NA
8	738	595	terminals.	NA
8	739	595	terminals.	NA
8	740	596	Down	NA
8	741	597	in	NA
8	742	598	Concord,	it,
8	743	598	Concord,	it,
8	744	599	New	it,
8	745	600	Hampshire,	it,
8	746	600	Hampshire,	it,
8	747	601	was	NA
8	748	602	a	he:
8	749	603	flier	he:
8	750	603	flier	he:
8	751	604	in	he:
8	752	605	the	he:
8	753	606	right	he:
8	754	607	place	he:
8	755	608	at	he:
8	756	609	the	he:
8	757	610	right	he:
8	758	611	time:	he:
8	759	611	time:	he:
8	760	612	Robert	he,
8	761	613	S.	he,
8	762	613	S.	he,
8	763	614	Fogg,	he,
8	764	614	Fogg,	he,
8	765	614	Fogg,	he,
8	766	615	a	he,
8	767	616	native	he,
8	768	617	New	he,
8	769	618	Englander,	he,
8	770	618	Englander,	he,
8	771	618	Englander,	he,
8	772	619	had	NA
8	773	620	been	NA
8	774	621	a	NA
8	775	622	World	NA
8	776	623	War	NA
8	777	624	I	NA
8	778	625	flying	NA
8	779	626	instructor,	NA
8	780	626	instructor,	NA
8	781	627	barnstormer,	NA
8	782	627	barnstormer,	NA
8	783	627	barnstormer,	NA
8	784	627	barnstormer,	NA
8	785	628	and	NA
8	786	629	one	NA
8	787	630	of	NA
8	788	631	the	NA
8	789	632	original	NA
8	790	633	planners	NA
8	791	634	of	NA
8	792	635	the	NA
8	793	636	Concord	its
8	794	637	Airport.	NA
8	795	637	Airport.	NA
9	0	0	I	NA
9	1	1	don't	NA
9	2	1	don't	NA
9	3	2	really	NA
9	4	3	believe	NA
9	5	4	in	NA
9	6	5	intuition.	NA
9	7	5	intuition.	NA
9	8	6	But	NA
9	9	7	I	NA
9	10	8	swear	NA
9	11	9	to	NA
9	12	10	you	NA
9	13	11	from	NA
9	14	12	the	NA
9	15	13	moment	NA
9	16	14	I	NA
9	17	15	opened	NA
9	18	16	my	NA
9	19	17	eyes,	NA
9	20	17	eyes,	NA
9	21	18	I	NA
9	22	19	knew	NA
9	23	20	it	NA
9	24	21	was	NA
9	25	22	going	NA
9	26	23	to	NA
9	27	24	be	NA
9	28	25	a	it.
9	29	26	bad	it.
9	30	27	day.	it.
9	31	27	day.	it.
9	32	28	Part	NA
9	33	29	of	NA
9	34	30	it	NA
9	35	31	was	NA
9	36	32	the	NA
9	37	33	weather,	NA
9	38	33	weather,	NA
9	39	34	so	NA
9	40	35	foggy	NA
9	41	35	foggy	NA
9	42	36	it	NA
9	43	37	would	NA
9	44	38	take	NA
9	45	39	me	NA
9	46	40	twice	NA
9	47	41	as	NA
9	48	42	long	NA
9	49	43	to	NA
9	50	44	get	NA
9	51	45	to	NA
9	52	46	the	it.
9	53	47	hospital.	it.
9	54	47	hospital.	it.
9	55	48	Part	NA
9	56	49	of	NA
9	57	50	it	NA
9	58	51	was	NA
9	59	52	being	NA
9	60	53	so	NA
9	61	54	tired	NA
9	62	55	--	NA
9	63	56	I'd	NA
9	64	56	I'd	NA
9	65	57	not	NA
9	66	58	only	NA
9	67	59	had	NA
9	68	60	my	NA
9	69	61	usual	NA
9	70	62	full	NA
9	71	63	day	NA
9	72	64	yesterday,	NA
9	73	64	yesterday,	NA
9	74	65	but	NA
9	75	66	a	NA
9	76	67	dinner	NA
9	77	68	meeting	NA
9	78	69	as	NA
9	79	70	well,	NA
9	80	70	well,	NA
9	81	71	that	NA
9	82	72	kept	NA
9	83	73	me	NA
9	84	74	up	NA
9	85	75	late.	NA
9	86	75	late.	NA
9	87	76	But	NA
9	88	77	the	it,
9	89	78	rest	it,
9	90	79	of	it,
9	91	80	it,	it,
9	92	80	it,	it,
9	93	81	the	it,
9	94	82	main	it,
9	95	83	part,	it,
9	96	83	part,	it,
9	97	84	wasn't	NA
9	98	84	wasn't	NA
9	99	85	based	NA
9	100	86	on	NA
9	101	87	logic	NA
9	102	88	at	NA
9	103	89	all.	NA
9	104	89	all.	NA
9	105	90	It	NA
9	106	91	was	NA
9	107	92	just	NA
9	108	93	going	NA
9	109	94	to	NA
9	110	95	be	NA
9	111	96	one	it.
9	112	97	of	it.
9	113	98	those	it.
9	114	99	days.	it.
9	115	99	days.	it.
9	116	100	For	NA
9	117	101	the	it,
9	118	102	thousandth	it,
9	119	102	thousandth	it,
9	120	103	time,	it,
9	121	103	time,	it,
9	122	104	I	NA
9	123	105	wished	NA
9	124	106	I'd	NA
9	125	106	I'd	NA
9	126	107	chosen	NA
9	127	108	some	it.
9	128	109	nice,	it.
9	129	109	nice,	it.
9	130	110	nine-to-five,	it.
9	131	110	nine-to-five,	it.
9	132	110	nine-to-five,	it.
9	133	110	nine-to-five,	it.
9	134	110	nine-to-five,	it.
9	135	110	nine-to-five,	it.
9	136	111	five-days-a-week	it.
9	137	111	five-days-a-week	it.
9	138	111	five-days-a-week	it.
9	139	111	five-days-a-week	it.
9	140	111	five-days-a-week	it.
9	141	111	five-days-a-week	it.
9	142	111	five-days-a-week	it.
9	143	112	profession.	it.
9	144	112	profession.	it.
9	145	113	And	NA
9	146	114	for	NA
9	147	115	the	it,
9	148	116	thousandth	it,
9	149	116	thousandth	it,
9	150	117	time,	it,
9	151	117	time,	it,
9	152	118	I	NA
9	153	119	answered	NA
9	154	120	myself.	NA
9	155	120	myself.	NA
9	156	121	I	NA
9	157	122	hadn't	NA
9	158	122	hadn't	NA
9	159	123	chosen	NA
9	160	124	medicine	it
9	161	125	--	NA
9	162	126	it	NA
9	163	127	had	NA
9	164	128	chosen	NA
9	165	129	me.	NA
9	166	129	me.	NA
9	167	130	Actually,	NA
9	168	130	Actually,	NA
9	169	131	I	NA
9	170	132	shouldn't	NA
9	171	132	shouldn't	NA
9	172	133	complain,	NA
9	173	133	complain,	NA
9	174	134	I	NA
9	175	135	told	NA
9	176	136	myself	NA
9	177	137	in	NA
9	178	138	the	NA
9	179	139	shaving	NA
9	180	140	mirror.	NA
9	181	140	mirror.	NA
9	182	141	I	NA
9	183	142	had	NA
9	184	143	a	NA
9	185	144	lot	NA
9	186	145	to	NA
9	187	146	be	NA
9	188	147	thankful	NA
9	189	148	for.	NA
9	190	148	for.	NA
9	191	149	A	It
9	192	150	profession	It
9	193	151	that	It
9	194	152	brought	It
9	195	153	me	It
9	196	154	as	It
9	197	155	good	It
9	198	156	an	It
9	199	157	income	It
9	200	158	as	It
9	201	159	mine	It
9	202	160	wasn't	NA
9	203	160	wasn't	NA
9	204	161	to	NA
9	205	162	be	NA
9	206	163	sneezed	NA
9	207	163	sneezed	NA
9	208	163	sneezed	NA
9	209	164	at.	NA
9	210	164	at.	NA
9	211	165	Maybe	NA
9	212	166	I	NA
9	213	167	didn't	NA
9	214	167	didn't	NA
9	215	168	see	NA
9	216	169	as	NA
9	217	170	much	NA
9	218	171	of	NA
9	219	172	Gladdy	her
9	220	172	Gladdy	her
9	221	173	as	NA
9	222	174	I'd	NA
9	223	174	I'd	NA
9	224	175	like,	NA
9	225	175	like,	NA
9	226	176	but	NA
9	227	177	how	NA
9	228	178	much	NA
9	229	179	worse	NA
9	230	180	it	NA
9	231	181	would	NA
9	232	182	have	NA
9	233	183	been	NA
9	234	184	if	NA
9	235	185	I'd	NA
9	236	185	I'd	NA
9	237	186	had	NA
9	238	187	to	NA
9	239	188	board	NA
9	240	189	her	NA
9	241	190	out	NA
9	242	191	somewhere	NA
9	243	192	after	NA
9	244	193	Alice	she
9	245	194	went	NA
9	246	195	--	NA
9	247	196	send	NA
9	248	197	my	her
9	249	198	daughter	her
9	250	199	to	NA
9	251	200	an	NA
9	252	201	orphanage	NA
9	253	201	orphanage	NA
9	254	202	or	NA
9	255	203	a	NA
9	256	204	boarding-home.	NA
9	257	204	boarding-home.	NA
9	258	204	boarding-home.	NA
9	259	204	boarding-home.	NA
9	260	205	At	NA
9	261	206	least,	NA
9	262	206	least,	NA
9	263	207	we	NA
9	264	208	were	NA
9	265	209	together	NA
9	266	210	and	NA
9	267	211	we	NA
9	268	212	had	NA
9	269	213	Mrs.	NA
9	270	213	Mrs.	NA
9	271	214	Hodges,	NA
9	272	214	Hodges,	NA
9	273	214	Hodges,	NA
9	274	215	bless	NA
9	275	216	her,	NA
9	276	216	her,	NA
9	277	217	to	NA
9	278	218	look	NA
9	279	219	after	NA
9	280	220	us	NA
9	281	221	--	NA
9	282	222	no	NA
9	283	223	mother	NA
9	284	224	could	NA
9	285	225	be	NA
9	286	226	fonder	NA
9	287	226	fonder	NA
9	288	227	of	NA
9	289	228	Gladdy	her
9	290	228	Gladdy	her
9	291	229	than	NA
9	292	230	Mrs.	she
9	293	230	Mrs.	she
9	294	231	Hodges	she
9	295	231	Hodges	she
9	296	232	was.	NA
9	297	232	was.	NA
9	298	233	I	I,
9	299	234	was	I,
9	300	235	lucky	I,
9	301	236	in	I,
9	302	237	lots	I,
9	303	238	of	I,
9	304	239	ways,	I,
9	305	239	ways,	I,
9	306	240	no	NA
9	307	241	doubt	NA
9	308	242	about	NA
9	309	243	it.	NA
9	310	243	it.	NA
9	311	244	Especially	NA
9	312	245	in	NA
9	313	246	the	NA
9	314	247	way	NA
9	315	248	Gladdy	she
9	316	248	Gladdy	she
9	317	249	had	NA
9	318	250	turned	NA
9	319	251	out.	NA
9	320	251	out.	NA
9	321	252	Growing	It
9	322	253	up	It
9	323	254	without	It
9	324	255	a	It
9	325	256	mother	It
9	326	257	from	It
9	327	258	the	It
9	328	259	time	It
9	329	260	she	It
9	330	261	was	It
9	331	262	three	It
9	332	263	--	NA
9	333	264	it	NA
9	334	265	wasn't	NA
9	335	265	wasn't	NA
9	336	266	a	it
9	337	267	good	it
9	338	268	thing	it
9	339	269	for	NA
9	340	270	a	NA
9	341	271	child,	NA
9	342	271	child,	NA
9	343	272	even	NA
9	344	273	knowing	NA
9	345	274	the	NA
9	346	275	kind	NA
9	347	276	of	NA
9	348	277	mother	NA
9	349	278	Alice	she
9	350	279	had	NA
9	351	280	been.	NA
9	352	280	been.	NA
9	353	281	But	NA
9	354	282	I	NA
9	355	283	mustn't	NA
9	356	283	mustn't	NA
9	357	283	mustn't	NA
9	358	284	start	NA
9	359	285	on	NA
9	360	286	Alice.	her.
9	361	286	Alice.	her.
9	362	287	She	NA
9	363	288	is	NA
9	364	289	a	it,
9	365	290	closed	it,
9	366	291	book,	it,
9	367	291	book,	it,
9	368	292	a	it.
9	369	293	picture	it.
9	370	294	I	it.
9	371	295	keep	it.
9	372	296	on	it.
9	373	297	my	it.
9	374	298	bureau,	it.
9	375	298	bureau,	it.
9	376	299	but	it.
9	377	300	never	it.
9	378	301	look	it.
9	379	302	at.	it.
9	380	302	at.	it.
9	381	303	If	NA
9	382	304	she'd	NA
9	383	304	she'd	NA
9	384	305	kept	NA
9	385	306	on	NA
9	386	307	as	NA
9	387	308	she'd	NA
9	388	308	she'd	NA
9	389	309	been	NA
9	390	310	going,	NA
9	391	310	going,	NA
9	392	311	the	NA
9	393	312	story	NA
9	394	313	I'd	NA
9	395	313	I'd	NA
9	396	314	told	NA
9	397	315	Gladdy	her
9	398	315	Gladdy	her
9	399	316	would	NA
9	400	317	probably	NA
9	401	318	have	NA
9	402	319	been	NA
9	403	320	true	NA
9	404	321	by	NA
9	405	322	now,	NA
9	406	322	now,	NA
9	407	323	anyhow...	NA
9	408	323	anyhow...	NA
9	409	323	anyhow...	NA
9	410	324	As	NA
9	411	325	usual,	NA
9	412	325	usual,	NA
9	413	326	Gladdy's	her
9	414	326	Gladdy's	her
9	415	326	Gladdy's	her
9	416	327	bright	NA
9	417	328	smile	NA
9	418	329	greeted	NA
9	419	330	me	NA
9	420	331	at	NA
9	421	332	the	NA
9	422	333	breakfast	NA
9	423	334	table.	NA
9	424	334	table.	NA
9	425	335	Her	NA
9	426	336	first	NA
9	427	337	class	NA
9	428	338	wasn't	NA
9	429	338	wasn't	NA
9	430	339	until	NA
9	431	340	ten,	NA
9	432	340	ten,	NA
9	433	341	but	NA
9	434	342	she	NA
9	435	343	always	NA
9	436	344	got	NA
9	437	345	up	NA
9	438	346	to	NA
9	439	347	have	NA
9	440	348	breakfast	NA
9	441	349	with	NA
9	442	350	me.	NA
9	443	350	me.	NA
9	444	351	It	NA
9	445	352	made	NA
9	446	353	me	NA
9	447	354	feel	NA
9	448	355	good	NA
9	449	356	and	NA
9	450	357	knowing	NA
9	451	358	that	NA
9	452	359	she'd	NA
9	453	359	she'd	NA
9	454	360	decided,	NA
9	455	360	decided,	NA
9	456	361	all	NA
9	457	362	on	NA
9	458	363	her	NA
9	459	364	own,	NA
9	460	364	own,	NA
9	461	365	to	NA
9	462	366	go	NA
9	463	367	to	NA
9	464	368	college	NA
9	465	369	right	NA
9	466	370	here	NA
9	467	371	in	NA
9	468	372	town	NA
9	469	373	made	NA
9	470	374	me	NA
9	471	375	feel	NA
9	472	376	good,	NA
9	473	376	good,	NA
9	474	377	too.	NA
9	475	377	too.	NA
9	476	378	Oh,	NA
9	477	378	Oh,	NA
9	478	379	I	NA
9	479	380	knew	NA
9	480	381	that	NA
9	481	382	I	NA
9	482	383	couldn't	NA
9	483	383	couldn't	NA
9	484	384	give	NA
9	485	385	myself	NA
9	486	386	all	NA
9	487	387	the	NA
9	488	388	credit	NA
9	489	389	for	NA
9	490	390	her	NA
9	491	391	decision.	NA
9	492	391	decision.	NA
9	493	392	I	NA
9	494	393	had	NA
9	495	394	a	NA
9	496	395	feeling	NA
9	497	396	that	NA
9	498	397	young	he,
9	499	398	Pete	he,
9	500	399	Michelson,	he,
9	501	399	Michelson,	he,
9	502	399	Michelson,	he,
9	503	400	the	NA
9	504	401	most	NA
9	505	402	promising	NA
9	506	403	intern	NA
9	507	404	at	NA
9	508	405	Fairview,	NA
9	509	405	Fairview,	NA
9	510	405	Fairview,	NA
9	511	406	had	NA
9	512	407	something	NA
9	513	408	to	NA
9	514	409	do	NA
9	515	410	with	NA
9	516	411	it,	NA
9	517	411	it,	NA
9	518	412	too.	NA
9	519	412	too.	NA
9	520	413	She'd	NA
9	521	413	She'd	NA
9	522	414	been	NA
9	523	415	out	NA
9	524	416	with	NA
9	525	417	Pete	him
9	526	418	the	NA
9	527	419	night	NA
9	528	420	before	NA
9	529	421	and	NA
9	530	422	her	NA
9	531	423	gay	NA
9	532	424	chatter	NA
9	533	425	about	NA
9	534	426	their	NA
9	535	427	date	NA
9	536	428	lightened	NA
9	537	428	lightened	NA
9	538	429	my	NA
9	539	430	mood	NA
9	540	431	a	NA
9	541	432	little.	NA
9	542	432	little.	NA
9	543	433	But	NA
9	544	434	once	NA
9	545	435	I	NA
9	546	436	was	NA
9	547	437	alone	NA
9	548	438	again,	NA
9	549	438	again,	NA
9	550	439	driving	NA
9	551	440	to	NA
9	552	441	the	it,
9	553	442	hospital,	it,
9	554	442	hospital,	it,
9	555	443	the	NA
9	556	444	heaviness	NA
9	557	444	heaviness	NA
9	558	445	returned.	NA
9	559	445	returned.	NA
9	560	446	If	NA
9	561	447	she	NA
9	562	448	and	NA
9	563	449	Pete	he
9	564	450	were	NA
9	565	451	really	NA
9	566	452	getting	NA
9	567	453	serious,	NA
9	568	453	serious,	NA
9	569	454	I'd	NA
9	570	454	I'd	NA
9	571	455	have	NA
9	572	456	to	NA
9	573	457	do	NA
9	574	458	some	NA
9	575	459	hard	NA
9	576	460	thinking.	NA
9	577	460	thinking.	NA
9	578	461	Should	NA
9	579	462	I	NA
9	580	463	tell	NA
9	581	464	him	NA
9	582	465	the	NA
9	583	466	truth	NA
9	584	467	about	NA
9	585	468	Alice?	NA
9	586	468	Alice?	NA
9	587	469	Did	NA
9	588	470	he	NA
9	589	471	have	NA
9	590	472	a	NA
9	591	473	right	NA
9	592	474	to	NA
9	593	475	know	NA
9	594	476	the	NA
9	595	477	secret	NA
9	596	478	I'd	NA
9	597	478	I'd	NA
9	598	479	kept	NA
9	599	480	from	NA
9	600	481	Gladdy	NA
9	601	481	Gladdy	NA
9	602	482	all	NA
9	603	483	these	NA
9	604	484	years?	NA
9	605	484	years?	NA
10	0	0	Sulphur,	NA
10	1	0	Sulphur,	NA
10	2	0	Sulphur,	NA
10	3	0	Sulphur,	NA
10	4	0	Sulphur,	NA
10	5	1	oil,	NA
10	6	1	oil,	NA
10	7	2	and	NA
10	8	3	copra	NA
10	9	3	copra	NA
10	10	4	make	NA
10	11	5	the	NA
10	12	6	kind	NA
10	13	7	of	NA
10	14	8	tinder	NA
10	15	8	tinder	NA
10	16	9	any	NA
10	17	10	firebug	NA
10	18	10	firebug	NA
10	19	11	dreams	NA
10	20	12	of.	NA
10	21	12	of.	NA
10	22	13	I	NA
10	23	14	suppose	NA
10	24	15	a	NA
10	25	16	Lascar	NA
10	26	16	Lascar	NA
10	27	17	sailor	NA
10	28	18	had	NA
10	29	19	sneaked	NA
10	30	19	sneaked	NA
10	31	20	a	NA
10	32	21	cigarette	NA
10	33	22	in	NA
10	34	23	the	NA
10	35	24	hold	NA
10	36	25	and	NA
10	37	26	touched	NA
10	38	27	off	NA
10	39	28	the	NA
10	40	29	blaze.	NA
10	41	29	blaze.	NA
10	42	30	Now,	NA
10	43	30	Now,	NA
10	44	31	roaring	NA
10	45	32	up	NA
10	46	33	in	NA
10	47	34	great	NA
10	48	35	oily	NA
10	49	36	clouds	NA
10	50	37	of	NA
10	51	38	smoke	NA
10	52	39	and	NA
10	53	40	flames,	NA
10	54	40	flames,	NA
10	55	41	the	NA
10	56	42	fierce	NA
10	57	43	heat	NA
10	58	44	quickly	NA
10	59	45	drove	NA
10	60	46	us	NA
10	61	47	to	NA
10	62	48	the	NA
10	63	49	stern	NA
10	64	50	where	NA
10	65	51	we	NA
10	66	52	huddled	NA
10	67	52	huddled	NA
10	68	53	like	NA
10	69	54	suffocating	NA
10	70	54	suffocating	NA
10	71	55	sheep,	NA
10	72	55	sheep,	NA
10	73	56	not	NA
10	74	57	knowing	NA
10	75	58	what	NA
10	76	59	to	NA
10	77	60	do...	NA
10	78	60	do...	NA
10	79	61	The	they
10	80	62	lifeboats	they
10	81	62	lifeboats	they
10	82	63	were	NA
10	83	64	stuck	NA
10	84	65	fast.	NA
10	85	65	fast.	NA
10	86	66	We	NA
10	87	67	couldn't	NA
10	88	67	couldn't	NA
10	89	68	budge	NA
10	90	68	budge	NA
10	91	69	them.	NA
10	92	69	them.	NA
10	93	70	I	NA
10	94	71	heard	NA
10	95	72	a	NA
10	96	73	cry	NA
10	97	74	from	NA
10	98	75	a	NA
10	99	76	stoker	NA
10	100	76	stoker	NA
10	101	77	as	NA
10	102	78	a	NA
10	103	79	pillar	NA
10	104	80	of	NA
10	105	81	flame	NA
10	106	82	leaped	NA
10	107	82	leaped	NA
10	108	83	from	NA
10	109	84	a	NA
10	110	85	hatch	NA
10	111	86	and	NA
10	112	87	tongued	NA
10	113	87	tongued	NA
10	114	88	the	his
10	115	89	man's	his
10	116	89	man's	his
10	117	90	bare	NA
10	118	91	back.	NA
10	119	91	back.	NA
10	120	92	He	NA
10	121	93	sprinted	NA
10	122	93	sprinted	NA
10	123	94	to	NA
10	124	95	the	NA
10	125	96	rail	NA
10	126	97	and	NA
10	127	98	leaped	NA
10	128	98	leaped	NA
10	129	99	overboard	NA
10	130	100	into	NA
10	131	101	the	them.
10	132	102	shark-infested	them.
10	133	102	shark-infested	them.
10	134	102	shark-infested	them.
10	135	102	shark-infested	them.
10	136	103	waters.	them.
10	137	103	waters.	them.
10	138	104	One	NA
10	139	105	especially	NA
10	140	106	bad	NA
10	141	107	detonation	NA
10	142	107	detonation	NA
10	143	108	shook	NA
10	144	109	Lifeboat	it.
10	145	109	Lifeboat	it.
10	146	110	No.	it.
10	147	110	No.	it.
10	148	111	3	it.
10	149	112	which	it.
10	150	113	trembled	it.
10	151	113	trembled	it.
10	152	114	violently	it.
10	153	115	in	it.
10	154	116	the	it.
10	155	117	davits.	it.
10	156	117	davits.	it.
10	157	117	davits.	it.
10	158	117	davits.	it.
10	159	118	Brassnose	He
10	160	118	Brassnose	He
10	161	118	Brassnose	He
10	162	119	yelled:	NA
10	163	119	yelled:	NA
10	164	120	"Come	NA
10	165	120	"Come	NA
10	166	121	on,	NA
10	167	121	on,	NA
10	168	122	Sommers,	you,
10	169	122	Sommers,	you,
10	170	122	Sommers,	you,
10	171	122	Sommers,	you,
10	172	123	Max...	you...
10	173	123	Max...	you...
10	174	124	step	NA
10	175	125	on	NA
10	176	126	it,	NA
10	177	126	it,	NA
10	178	127	we	NA
10	179	128	got	NA
10	180	129	a	NA
10	181	130	chance	NA
10	182	131	now.	NA
10	183	131	now.	NA
10	184	132	Heave	NA
10	185	132	Heave	NA
10	186	133	on	NA
10	187	134	those	NA
10	188	135	ropes;	NA
10	189	135	ropes;	NA
10	190	136	the	it
10	191	137	boat's	it
10	192	137	boat's	it
10	193	138	come	NA
10	194	139	unstuck."	NA
10	195	139	unstuck."	NA
10	196	139	unstuck."	NA
10	197	140	We	NA
10	198	141	pulled	NA
10	199	142	and	NA
10	200	143	swore	NA
10	201	144	and	NA
10	202	145	yanked	NA
10	203	145	yanked	NA
10	204	146	and	NA
10	205	147	wept,	NA
10	206	147	wept,	NA
10	207	147	wept,	NA
10	208	148	scraping	NA
10	209	149	our	them
10	210	150	hands	them
10	211	151	until	NA
10	212	152	they	NA
10	213	153	bled	NA
10	214	153	bled	NA
10	215	154	profusely.	NA
10	216	154	profusely.	NA
10	217	154	profusely.	NA
10	218	154	profusely.	NA
10	219	155	The	It
10	220	156	Bonaventure	It
10	221	156	Bonaventure	It
10	222	156	Bonaventure	It
10	223	157	was	NA
10	224	158	quivering	NA
10	225	158	quivering	NA
10	226	159	and	NA
10	227	160	lurching	NA
10	228	160	lurching	NA
10	229	160	lurching	NA
10	230	161	like	NA
10	231	162	an	NA
10	232	163	old	NA
10	233	164	spavined	NA
10	234	164	spavined	NA
10	235	164	spavined	NA
10	236	165	mare.	NA
10	237	165	mare.	NA
10	238	165	mare.	NA
10	239	166	Her	NA
10	240	167	stern	NA
10	241	168	was	NA
10	242	169	down	NA
10	243	170	and	NA
10	244	171	a	NA
10	245	172	sharp	NA
10	246	173	list	NA
10	247	174	helped	NA
10	248	175	us	NA
10	249	176	to	NA
10	250	177	cut	NA
10	251	178	loose	NA
10	252	179	the	it.
10	253	180	lifeboat	it.
10	254	180	lifeboat	it.
10	255	181	which	it.
10	256	182	dropped	it.
10	257	183	heavily	it.
10	258	184	into	it.
10	259	185	the	it.
10	260	186	water.	it.
10	261	186	water.	it.
10	262	187	Brassnose,	He,
10	263	187	Brassnose,	He,
10	264	187	Brassnose,	He,
10	265	187	Brassnose,	He,
10	266	188	Max	he
10	267	189	and	NA
10	268	190	I	NA
10	269	191	leaped	NA
10	270	191	leaped	NA
10	271	192	into	NA
10	272	193	the	it
10	273	194	sea	it
10	274	195	and	NA
10	275	196	swam	NA
10	276	196	swam	NA
10	277	197	to	NA
10	278	198	the	it.
10	279	199	boat.	it.
10	280	199	boat.	it.
10	281	200	"Let's	NA
10	282	200	"Let's	NA
10	283	200	"Let's	NA
10	284	201	get	NA
10	285	202	away	NA
10	286	203	fast,"	NA
10	287	203	fast,"	NA
10	288	204	said	NA
10	289	205	Brassnose,	he,
10	290	205	Brassnose,	he,
10	291	205	Brassnose,	he,
10	292	205	Brassnose,	he,
10	293	206	shaking	NA
10	294	207	water	NA
10	295	208	from	NA
10	296	209	his	NA
10	297	210	mop	NA
10	298	210	mop	NA
10	299	211	of	NA
10	300	212	bleached	NA
10	301	212	bleached	NA
10	302	213	hair.	NA
10	303	213	hair.	NA
10	304	214	"That	NA
10	305	214	"That	NA
10	306	215	tub	NA
10	307	216	is	NA
10	308	217	going	NA
10	309	218	to	NA
10	310	219	explode	NA
10	311	220	all	NA
10	312	221	at	NA
10	313	222	once."	NA
10	314	222	once."	NA
10	315	223	Then	NA
10	316	224	the	it
10	317	225	Bonaventure	it
10	318	225	Bonaventure	it
10	319	225	Bonaventure	it
10	320	226	seemed	NA
10	321	227	to	NA
10	322	228	disintegrate	NA
10	323	228	disintegrate	NA
10	324	229	with	NA
10	325	230	a	NA
10	326	231	roar	NA
10	327	232	of	NA
10	328	233	live	NA
10	329	234	steam,	NA
10	330	234	steam,	NA
10	331	235	geysers	NA
10	332	235	geysers	NA
10	333	235	geysers	NA
10	334	236	of	NA
10	335	237	sparks	NA
10	336	238	and	NA
10	337	239	flames,	NA
10	338	239	flames,	NA
10	339	240	and	NA
10	340	241	a	NA
10	341	242	dense	NA
10	342	243	cloud	NA
10	343	244	of	NA
10	344	245	black-and-orange	NA
10	345	245	black-and-orange	NA
10	346	245	black-and-orange	NA
10	347	245	black-and-orange	NA
10	348	245	black-and-orange	NA
10	349	246	smoke.	NA
10	350	246	smoke.	NA
10	351	247	Dimly,	NA
10	352	247	Dimly,	NA
10	353	247	Dimly,	NA
10	354	248	we	NA
10	355	249	heard	NA
10	356	250	the	NA
10	357	251	voices	NA
10	358	252	of	NA
10	359	253	men	NA
10	360	254	in	NA
10	361	255	mortal	NA
10	362	256	agony	NA
10	363	257	but	NA
10	364	258	we	NA
10	365	259	couldn't	NA
10	366	259	couldn't	NA
10	367	260	go	NA
10	368	261	back	NA
10	369	262	into	NA
10	370	263	that	NA
10	371	264	inferno.	NA
10	372	264	inferno.	NA
10	373	264	inferno.	NA
10	374	265	Already	NA
10	375	266	our	it
10	376	267	leaky	it
10	377	267	leaky	it
10	378	268	lifeboat	it
10	379	268	lifeboat	it
10	380	269	was	NA
10	381	270	filled	NA
10	382	271	with	NA
10	383	272	five	NA
10	384	273	inches	NA
10	385	274	of	NA
10	386	275	water.	NA
10	387	275	water.	NA
10	388	276	"Sommers,	"You,
10	389	276	"Sommers,	"You,
10	390	276	"Sommers,	"You,
10	391	276	"Sommers,	"You,
10	392	276	"Sommers,	"You,
10	393	277	you	NA
10	394	278	bale	NA
10	395	278	bale	NA
10	396	279	while	NA
10	397	280	we	NA
10	398	281	row,"	NA
10	399	281	row,"	NA
10	400	282	Brassnose	he
10	401	282	Brassnose	he
10	402	282	Brassnose	he
10	403	283	commanded.	NA
10	404	283	commanded.	NA
10	405	284	As	NA
10	406	285	best	NA
10	407	286	as	NA
10	408	287	I	NA
10	409	288	could	NA
10	410	289	determine,	NA
10	411	289	determine,	NA
10	412	290	we	NA
10	413	291	were	NA
10	414	292	some	NA
10	415	293	700	NA
10	416	294	miles	NA
10	417	295	west	NA
10	418	296	of	NA
10	419	297	New	NA
10	420	298	Guinea,	NA
10	421	298	Guinea,	NA
10	422	299	in	NA
10	423	300	the	it.
10	424	301	Bismark	it.
10	425	301	Bismark	it.
10	426	301	Bismark	it.
10	427	302	Archipelago.	it.
10	428	302	Archipelago.	it.
10	429	302	Archipelago.	it.
10	430	302	Archipelago.	it.
10	431	303	Three	NA
10	432	304	days	NA
10	433	305	previously,	NA
10	434	305	previously,	NA
10	435	306	we	NA
10	436	307	had	NA
10	437	308	steamed	NA
10	438	308	steamed	NA
10	439	309	past	NA
10	440	310	barren	NA
10	441	311	Rennell	NA
10	442	311	Rennell	NA
10	443	311	Rennell	NA
10	444	312	Island	NA
10	445	313	in	NA
10	446	314	the	NA
10	447	315	distance.	NA
10	448	315	distance.	NA
10	449	316	Now	NA
10	450	317	we	NA
10	451	318	peered	NA
10	452	318	peered	NA
10	453	319	anxiously	NA
10	454	319	anxiously	NA
10	455	320	for	NA
10	456	321	any	NA
10	457	322	speck	NA
10	458	322	speck	NA
10	459	323	of	NA
10	460	324	land	NA
10	461	325	in	NA
10	462	326	the	NA
10	463	327	Pacific,	NA
10	464	327	Pacific,	NA
10	465	328	for	NA
10	466	329	this	NA
10	467	330	interminable	NA
10	468	330	interminable	NA
10	469	330	interminable	NA
10	470	331	bailing	NA
10	471	331	bailing	NA
10	472	332	would	NA
10	473	333	have	NA
10	474	334	to	NA
10	475	335	stop	NA
10	476	336	soon.	NA
10	477	336	soon.	NA
10	478	337	There	NA
10	479	338	were	NA
10	480	339	gigantic	NA
10	481	340	blisters	NA
10	482	340	blisters	NA
10	483	341	and	NA
10	484	342	rope	NA
10	485	343	burns	NA
10	486	344	on	NA
10	487	345	our	NA
10	488	346	hands;	NA
10	489	346	hands;	NA
10	490	347	our	they
10	491	348	muscles	they
10	492	349	were	NA
10	493	350	hot	they.
10	494	351	wires	they.
10	495	352	of	they.
10	496	353	pain.	they.
10	497	353	pain.	they.
10	498	354	Brassnose	He
10	499	354	Brassnose	He
10	500	354	Brassnose	He
10	501	355	was	NA
10	502	356	strangely	NA
10	503	357	silent.	NA
10	504	357	silent.	NA
10	505	358	The	He
10	506	359	big	He
10	507	360	man	He
10	508	361	with	He
10	509	362	the	He
10	510	363	whitened	He
10	511	363	whitened	He
10	512	364	hair	He
10	513	365	murmured	NA
10	514	365	murmured	NA
10	515	366	something:	NA
10	516	366	something:	NA
10	517	367	his	they
10	518	368	words	they
10	519	369	sounded	NA
10	520	370	as	NA
10	521	371	if	NA
10	522	372	they	NA
10	523	373	were	NA
10	524	374	in	NA
10	525	375	the	NA
10	526	376	Manu	NA
10	527	376	Manu	NA
10	528	377	tongue,	NA
10	529	377	tongue,	NA
10	530	378	which	NA
10	531	379	I	NA
10	532	380	recognized,	NA
10	533	380	recognized,	NA
10	534	381	having	NA
10	535	382	studied	NA
10	536	383	the	NA
10	537	384	dialect	NA
10	538	385	in	NA
10	539	386	my	NA
10	540	387	Anthropology	NA
10	541	388	6,	NA
10	542	388	6,	NA
10	543	389	class	NA
10	544	390	at	NA
10	545	391	the	NA
10	546	392	University	NA
10	547	393	of	NA
10	548	394	Chicago.	NA
10	549	394	Chicago.	NA
10	550	395	He	NA
10	551	396	then	NA
10	552	397	said	NA
10	553	398	something	it.
10	554	399	which	it.
10	555	400	struck	it.
10	556	401	a	it.
10	557	402	chord	it.
10	558	403	in	it.
10	559	404	my	it.
10	560	405	memory.	it.
10	561	405	memory.	it.
10	562	406	"God	NA
10	563	406	"God	NA
10	564	407	help	NA
10	565	408	us	NA
10	566	409	if	NA
10	567	410	we're	NA
10	568	410	we're	NA
10	569	411	near	NA
10	570	412	the	it.
10	571	413	island	it.
10	572	414	of	it.
10	573	415	Eromonga.	it.
10	574	415	Eromonga.	it.
10	575	415	Eromonga.	it.
10	576	415	Eromonga.	it.
10	577	416	We'd	NA
10	578	416	We'd	NA
10	579	417	be	NA
10	580	418	in	NA
10	581	419	real	NA
10	582	420	trouble	NA
10	583	421	then.	NA
10	584	421	then.	NA
10	585	422	I'd	NA
10	586	422	I'd	NA
10	587	423	rather	NA
10	588	424	keep	NA
10	589	425	bailing	NA
10	590	425	bailing	NA
10	591	426	--	NA
10	592	427	or	NA
10	593	428	sink."	NA
10	594	428	sink."	NA
10	595	429	I	NA
10	596	430	was	NA
10	597	431	puzzled	NA
10	598	432	by	NA
10	599	433	the	it,
10	600	434	remark,	it,
10	601	434	remark,	it,
10	602	435	then	NA
10	603	436	I	NA
10	604	437	recalled	NA
10	605	438	the	NA
10	606	439	voice	NA
10	607	440	of	NA
10	608	441	mild	him
10	609	442	Professor	him
10	610	443	Howard	him
10	611	444	Griggs	him
10	612	444	Griggs	him
10	613	445	three	NA
10	614	446	years	NA
10	615	447	ago	NA
10	616	448	in	NA
10	617	449	a	NA
10	618	450	university	NA
10	619	451	lecture	NA
10	620	452	on	NA
10	621	453	primitive	NA
10	622	454	societies.	NA
10	623	454	societies.	NA
10	624	455	He	NA
10	625	456	had	NA
10	626	457	been	NA
10	627	458	speaking	NA
10	628	459	of	NA
10	629	460	this	it:
10	630	461	archipelago:	it:
10	631	461	archipelago:	it:
10	632	461	archipelago:	it:
10	633	461	archipelago:	it:
10	634	462	"Even	NA
10	635	462	"Even	NA
10	636	463	when	NA
10	637	464	the	they
10	638	465	islands	they
10	639	466	were	NA
10	640	467	under	NA
10	641	468	German	NA
10	642	469	mandate	NA
10	643	470	before	NA
10	644	471	World	NA
10	645	472	War	NA
10	646	473	I,	NA
10	647	473	I,	NA
10	648	474	Europeans	NA
10	649	475	gave	NA
10	650	476	Eromonga	it
10	651	476	Eromonga	it
10	652	476	Eromonga	it
10	653	477	a	NA
10	654	478	wide	NA
10	655	479	berth.	NA
10	656	479	berth.	NA
10	657	480	The	It
10	658	481	place	It
10	659	482	is	NA
10	660	483	inhabited	NA
10	661	484	by	NA
10	662	485	several	them
10	663	486	hundred	them
10	664	487	warlike	them
10	665	487	warlike	them
10	666	488	women	them
10	667	489	who	them
10	668	490	are	them
10	669	491	anachronisms	them
10	670	491	anachronisms	them
10	671	491	anachronisms	them
10	672	491	anachronisms	them
10	673	492	of	them
10	674	493	the	them
10	675	494	Twentieth	them
10	676	494	Twentieth	them
10	677	494	Twentieth	them
10	678	495	Century	them
10	679	496	--	NA
10	680	497	stone	they."
10	681	498	age	they."
10	682	499	amazons	they."
10	683	499	amazons	they."
10	684	500	who	they."
10	685	501	live	they."
10	686	502	in	they."
10	687	503	an	they."
10	688	504	all-female,	they."
10	689	504	all-female,	they."
10	690	504	all-female,	they."
10	691	504	all-female,	they."
10	692	505	matriarchal	they."
10	693	505	matriarchal	they."
10	694	505	matriarchal	they."
10	695	505	matriarchal	they."
10	696	506	society	they."
10	697	507	which	they."
10	698	508	is	they."
10	699	509	self-sufficient."	they."
10	700	509	self-sufficient."	they."
10	701	509	self-sufficient."	they."
10	702	509	self-sufficient."	they."
10	703	510	I	NA
10	704	511	remembered,	NA
10	705	511	remembered,	NA
10	706	512	too,	NA
10	707	512	too,	NA
10	708	513	the	NA
10	709	514	jesting	NA
10	710	514	jesting	NA
10	711	515	voice	NA
10	712	516	of	NA
10	713	517	a	she,
10	714	518	classmate,	she,
10	715	518	classmate,	she,
10	716	519	Bobby	he:
10	717	520	Pauson:	he:
10	718	520	Pauson:	he:
10	719	520	Pauson:	he:
10	720	520	Pauson:	he:
10	721	521	"But	NA
10	722	521	"But	NA
10	723	522	how	NA
10	724	523	do	NA
10	725	524	they	NA
10	726	525	reproduce,	they,
10	727	525	reproduce,	they,
10	728	526	Dr.	him?
10	729	526	Dr.	him?
10	730	527	Griggs?	him?
10	731	527	Griggs?	him?
10	732	527	Griggs?	him?
10	733	528	I'm	NA
10	734	528	I'm	NA
10	735	529	sure	NA
10	736	530	that	NA
10	737	531	males	they
10	738	532	have	NA
10	739	533	something	NA
10	740	534	to	NA
10	741	535	do	NA
10	742	536	with	NA
10	743	537	that	it!"
10	744	538	process!"	it!"
10	745	538	process!"	it!"
10	746	539	There	NA
10	747	540	had	NA
10	748	541	been	NA
10	749	542	classroom	NA
10	750	543	guffaws	NA
10	751	543	guffaws	NA
10	752	543	guffaws	NA
10	753	544	which	NA
10	754	545	quickly	NA
10	755	546	subsided	NA
10	756	546	subsided	NA
10	757	547	as	NA
10	758	548	Professor	he
10	759	549	Griggs	he
10	760	549	Griggs	he
10	761	550	said	NA
10	762	551	dryly:	NA
10	763	551	dryly:	NA
10	764	551	dryly:	NA
10	765	552	"I	NA
10	766	552	"I	NA
10	767	553	see	NA
10	768	554	your	NA
10	769	555	point,	NA
10	770	555	point,	NA
10	771	556	Pauson.	him.
10	772	556	Pauson.	him.
10	773	556	Pauson.	him.
10	774	556	Pauson.	him.
10	775	557	Of	NA
10	776	558	course,	NA
10	777	558	course,	NA
10	778	559	males	they
10	779	560	play	NA
10	780	561	a	NA
10	781	562	role	NA
10	782	563	there,	NA
10	783	563	there,	NA
10	784	564	but	NA
10	785	565	believe	NA
10	786	566	me	NA
10	787	567	when	NA
10	788	568	I	NA
10	789	569	say	NA
10	790	570	you	NA
10	791	571	wouldn't	NA
10	792	571	wouldn't	NA
10	793	572	enjoy	NA
10	794	573	yourself	NA
10	795	574	one	NA
10	796	575	bit	NA
10	797	576	on	NA
10	798	577	Eromonga.	it.
10	799	577	Eromonga.	it.
10	800	577	Eromonga.	it.
10	801	577	Eromonga.	it.
10	802	578	Indeed,	NA
10	803	578	Indeed,	NA
10	804	579	you	NA
10	805	580	wouldn't	NA
10	806	580	wouldn't	NA
10	807	581	live	NA
10	808	582	long,	NA
10	809	582	long,	NA
10	810	583	for	NA
10	811	584	the	they
10	812	585	females	they
10	813	586	either	NA
10	814	587	drive	NA
10	815	588	the	them
10	816	589	men	them
10	817	590	they've	them
10	818	590	they've	them
10	819	591	seized	them
10	820	592	from	them
10	821	593	neighboring	them
10	822	594	islands	them
10	823	595	back	NA
10	824	596	to	NA
10	825	597	their	NA
10	826	598	boats	NA
10	827	599	after	NA
10	828	600	exploiting	NA
10	829	601	them	NA
10	830	602	for	NA
10	831	603	amatory	NA
10	832	603	amatory	NA
10	833	604	purposes,	NA
10	834	604	purposes,	NA
10	835	605	or	NA
10	836	606	they	NA
10	837	607	destroy	NA
10	838	608	them	NA
10	839	609	by	NA
10	840	610	revolting	NA
10	841	610	revolting	NA
10	842	611	but	NA
10	843	612	ingenious	NA
10	844	613	methods.	NA
10	845	613	methods.	NA
10	846	614	In	NA
10	847	615	fact,	NA
10	848	615	fact,	NA
10	849	616	one	NA
10	850	617	important	NA
10	851	618	aspect	NA
10	852	619	of	NA
10	853	620	their	NA
10	854	621	very	NA
10	855	622	religion	NA
10	856	623	is	NA
10	857	624	the	NA
10	858	625	annihilation	NA
10	859	626	of	NA
10	860	627	men."	them."
10	861	627	men."	them."
10	862	628	"I	NA
10	863	628	"I	NA
10	864	629	think	NA
10	865	630	I	NA
10	866	631	know	NA
10	867	632	what	NA
10	868	633	you	NA
10	869	634	mean,	NA
10	870	634	mean,	NA
10	871	635	Brassnose,"	you,"
10	872	635	Brassnose,"	you,"
10	873	635	Brassnose,"	you,"
10	874	635	Brassnose,"	you,"
10	875	636	I	NA
10	876	637	said.	NA
10	877	637	said.	NA
10	878	638	"I	NA
10	879	638	"I	NA
10	880	639	know	NA
10	881	640	something	NA
10	882	641	about	NA
10	883	642	Eromonga.	it.
10	884	642	Eromonga.	it.
10	885	642	Eromonga.	it.
10	886	642	Eromonga.	it.
10	887	643	Let's	NA
10	888	643	Let's	NA
10	889	644	hope	NA
10	890	645	we	NA
10	891	646	come	NA
10	892	647	to	NA
10	893	648	a	NA
10	894	649	safer	NA
10	895	650	place."	NA
10	896	650	place."	NA
10	897	651	But	NA
10	898	652	we	NA
10	899	653	didn't.	NA
10	900	653	didn't.	NA
10	901	653	didn't.	NA
10	902	654	Three	NA
10	903	655	hours	NA
10	904	656	later,	NA
10	905	656	later,	NA
10	906	657	while	NA
10	907	658	we	NA
10	908	659	were	NA
10	909	660	bailing	NA
10	910	660	bailing	NA
10	911	661	desperately,	NA
10	912	661	desperately,	NA
10	913	662	a	NA
10	914	663	dot	NA
10	915	664	of	NA
10	916	665	land	NA
10	917	666	came	NA
10	918	667	into	NA
10	919	668	view.	NA
10	920	668	view.	NA
11	0	0	The	NA
11	1	1	first	NA
11	2	2	rattle	NA
11	3	2	rattle	NA
11	4	3	of	NA
11	5	4	the	NA
11	6	5	machine	NA
11	7	6	guns,	NA
11	8	6	guns,	NA
11	9	7	at	NA
11	10	8	7:10	NA
11	11	8	7:10	NA
11	12	8	7:10	NA
11	13	9	in	NA
11	14	10	the	NA
11	15	11	evening,	NA
11	16	11	evening,	NA
11	17	12	roused	NA
11	18	12	roused	NA
11	19	13	around	NA
11	20	14	me	NA
11	21	15	the	NA
11	22	16	varied	NA
11	23	17	voices	NA
11	24	18	and	NA
11	25	19	faces	NA
11	26	20	of	NA
11	27	21	fear.	NA
11	28	21	fear.	NA
11	29	22	"Sounds	NA
11	30	22	"Sounds	NA
11	31	23	exactly	NA
11	32	24	like	NA
11	33	25	last	NA
11	34	26	time."	NA
11	35	26	time."	NA
11	36	27	The	He
11	37	28	young	He
11	38	29	man	He
11	39	30	spoke	NA
11	40	31	steadily	NA
11	41	32	enough,	NA
11	42	32	enough,	NA
11	43	33	but	NA
11	44	34	all	NA
11	45	35	at	NA
11	46	36	once	NA
11	47	37	he	NA
11	48	38	looked	NA
11	49	39	grotesquely	NA
11	50	39	grotesquely	NA
11	51	40	unshaven.	NA
11	52	40	unshaven.	NA
11	53	40	unshaven.	NA
11	54	40	unshaven.	NA
11	55	41	The	He
11	56	42	middle-aged	He
11	57	42	middle-aged	He
11	58	42	middle-aged	He
11	59	43	man	He
11	60	44	said	NA
11	61	45	over	NA
11	62	46	and	NA
11	63	47	over,	NA
11	64	47	over,	NA
11	65	48	"Why	NA
11	66	48	"Why	NA
11	67	49	did	NA
11	68	50	I	NA
11	69	51	come	NA
11	70	52	here,	NA
11	71	52	here,	NA
11	72	53	why	NA
11	73	54	did	NA
11	74	55	I	NA
11	75	56	come	NA
11	76	57	here."	NA
11	77	57	here."	NA
11	78	58	Then	NA
11	79	59	he	NA
11	80	60	was	NA
11	81	61	sick.	NA
11	82	61	sick.	NA
11	83	62	Amid	NA
11	84	63	the	NA
11	85	64	crackle	NA
11	86	64	crackle	NA
11	87	65	of	NA
11	88	66	small	NA
11	89	67	arms	NA
11	90	68	and	NA
11	91	69	automatic	NA
11	92	70	weapons,	NA
11	93	70	weapons,	NA
11	94	71	I	NA
11	95	72	heard	NA
11	96	73	the	NA
11	97	74	thumping	NA
11	98	74	thumping	NA
11	99	75	of	NA
11	100	76	mortars.	NA
11	101	76	mortars.	NA
11	102	76	mortars.	NA
11	103	77	Then	NA
11	104	78	the	NA
11	105	79	lights	NA
11	106	80	went	NA
11	107	81	out.	NA
11	108	81	out.	NA
11	109	82	This	NA
11	110	83	was	NA
11	111	84	my	it,
11	112	85	second	it,
11	113	86	day	it,
11	114	87	in	it,
11	115	88	Vientiane,	it,
11	116	88	Vientiane,	it,
11	117	88	Vientiane,	it,
11	118	88	Vientiane,	it,
11	119	89	the	it,
11	120	90	administrative	it,
11	121	91	capital	it,
11	122	92	of	it,
11	123	93	Laos,	it,
11	124	93	Laos,	it,
11	125	94	and	NA
11	126	95	my	NA
11	127	96	thoughts	NA
11	128	97	were	NA
11	129	98	none	NA
11	130	99	too	NA
11	131	100	brave.	NA
11	132	100	brave.	NA
11	133	101	Where	NA
11	134	102	was	NA
11	135	103	my	NA
11	136	104	flashlight?	NA
11	137	104	flashlight?	NA
11	138	105	Where	NA
11	139	106	should	NA
11	140	107	I	NA
11	141	108	go?	NA
11	142	108	go?	NA
11	143	109	To	NA
11	144	110	my	NA
11	145	111	room?	NA
11	146	111	room?	NA
11	147	112	Better	NA
11	148	113	stay	NA
11	149	114	in	NA
11	150	115	the	it.
11	151	116	hotel	it.
11	152	117	lobby,	it.
11	153	117	lobby,	it.
11	154	118	where	it.
11	155	119	the	it.
11	156	120	walls	it.
11	157	121	looked	it.
11	158	122	good	it.
11	159	123	and	it.
11	160	124	thick.	it.
11	161	124	thick.	it.
11	162	125	Chinese	They
11	163	126	and	They
11	164	127	Indian	They
11	165	128	merchants	They
11	166	129	across	They
11	167	130	the	They
11	168	131	street	They
11	169	132	were	NA
11	170	133	slamming	NA
11	171	134	their	NA
11	172	135	steel	NA
11	173	136	shutters.	NA
11	174	136	shutters.	NA
11	175	136	shutters.	NA
11	176	137	Hotel	Its
11	177	138	attendants	NA
11	178	139	pulled	NA
11	179	140	parked	them
11	180	141	bicycles	them
11	181	142	into	NA
11	182	143	the	it.
11	183	144	lobby.	it.
11	184	144	lobby.	it.
11	185	145	A	She
11	186	146	woman	She
11	187	147	with	She
11	188	148	a	She
11	189	149	small	She
11	190	150	boy	She
11	191	151	slipped	NA
11	192	152	in	NA
11	193	153	between	NA
11	194	154	them.	NA
11	195	154	them.	NA
11	196	155	"Please,"	NA
11	197	155	"Please,"	NA
11	198	155	"Please,"	NA
11	199	156	she	NA
11	200	157	said,	NA
11	201	157	said,	NA
11	202	158	"please."	NA
11	203	158	"please."	NA
11	204	158	"please."	NA
11	205	159	She	NA
11	206	160	held	NA
11	207	161	out	NA
11	208	162	her	NA
11	209	163	hand	NA
11	210	164	to	NA
11	211	165	show	NA
11	212	166	that	NA
11	213	167	she	NA
11	214	168	had	NA
11	215	169	money.	NA
11	216	169	money.	NA
11	217	170	The	NA
11	218	171	American	NA
11	219	172	newspaperman	NA
11	220	172	newspaperman	NA
11	221	173	worried	NA
11	222	174	about	NA
11	223	175	getting	NA
11	224	176	to	NA
11	225	177	the	NA
11	226	178	cable	NA
11	227	179	office.	NA
11	228	179	office.	NA
11	229	180	But	NA
11	230	181	what	NA
11	231	182	was	NA
11	232	183	the	NA
11	233	184	story?	NA
11	234	184	story?	NA
11	235	185	Had	NA
11	236	186	the	it
11	237	187	Communist-led	it
11	238	187	Communist-led	it
11	239	187	Communist-led	it
11	240	188	Pathet	it
11	241	188	Pathet	it
11	242	189	Lao	it
11	243	189	Lao	it
11	244	190	finally	NA
11	245	191	come	NA
11	246	192	this	NA
11	247	193	far?	NA
11	248	193	far?	NA
11	249	194	Or	NA
11	250	195	was	NA
11	251	196	it	NA
11	252	197	another	NA
11	253	198	revolt	NA
11	254	199	inside	NA
11	255	200	Vientiane?	it?
11	256	200	Vientiane?	it?
11	257	200	Vientiane?	it?
11	258	200	Vientiane?	it?
11	259	201	"Let's	NA
11	260	201	"Let's	NA
11	261	201	"Let's	NA
11	262	202	play	NA
11	263	203	hero,"	NA
11	264	203	hero,"	NA
11	265	204	I	NA
11	266	205	said.	NA
11	267	205	said.	NA
11	268	206	"Let's	NA
11	269	206	"Let's	NA
11	270	206	"Let's	NA
11	271	207	go	NA
11	272	208	to	NA
11	273	209	the	NA
11	274	210	roof	NA
11	275	211	and	NA
11	276	212	see."	NA
11	277	212	see."	NA
11	278	213	By	NA
11	279	214	7:50	NA
11	280	214	7:50	NA
11	281	214	7:50	NA
11	282	215	the	NA
11	283	216	answer	NA
11	284	217	was	NA
11	285	218	plain.	NA
11	286	218	plain.	NA
11	287	219	There	NA
11	288	220	had	NA
11	289	221	been	NA
11	290	222	an	NA
11	291	223	eclipse	NA
11	292	224	of	NA
11	293	225	the	it.
11	294	226	moon.	it.
11	295	226	moon.	it.
11	296	227	A	NA
11	297	228	traditional	NA
11	298	229	Lao	NA
11	299	229	Lao	NA
11	300	230	explanation	NA
11	301	231	is	NA
11	302	232	that	NA
11	303	233	the	it
11	304	234	moon	it
11	305	235	was	NA
11	306	236	being	NA
11	307	237	swallowed	NA
11	308	238	by	NA
11	309	239	a	it,
11	310	240	toad,	it,
11	311	240	toad,	it,
11	312	240	toad,	it,
11	313	241	and	NA
11	314	242	the	NA
11	315	243	remedy	NA
11	316	244	was	NA
11	317	245	to	NA
11	318	246	make	NA
11	319	247	all	it,
11	320	248	possible	it,
11	321	249	noise,	it,
11	322	249	noise,	it,
11	323	250	ideally	NA
11	324	251	with	NA
11	325	252	firearms.	NA
11	326	252	firearms.	NA
11	327	253	The	It
11	328	254	din	It
11	329	255	was	NA
11	330	256	successful,	NA
11	331	256	successful,	NA
11	332	257	too,	NA
11	333	257	too,	NA
11	334	258	for	NA
11	335	259	just	NA
11	336	260	before	NA
11	337	261	the	it
11	338	262	moon	it
11	339	263	disappeared,	NA
11	340	263	disappeared,	NA
11	341	264	the	it
11	342	265	frightened	it
11	343	266	toad	it
11	344	266	toad	it
11	345	267	had	NA
11	346	268	begun	NA
11	347	269	to	NA
11	348	270	spit	NA
11	349	271	it	NA
11	350	272	out	NA
11	351	273	again,	NA
11	352	273	again,	NA
11	353	274	which	NA
11	354	275	meant	NA
11	355	276	good	NA
11	356	277	luck	NA
11	357	278	all	NA
11	358	279	around.	NA
11	359	279	around.	NA
11	360	280	How	NA
11	361	281	quaint	NA
11	362	282	it	NA
11	363	283	all	NA
11	364	284	seemed	NA
11	365	285	the	NA
11	366	286	next	NA
11	367	287	day.	NA
11	368	287	day.	NA
11	369	288	A	NA
11	370	289	restaurant	NA
11	371	290	posted	NA
11	372	291	a	NA
11	373	292	reminder	NA
11	374	293	to	NA
11	375	294	patrons	NA
11	376	295	"who	NA
11	377	295	"who	NA
11	378	296	became	NA
11	379	297	excited	NA
11	380	298	and	NA
11	381	299	left	NA
11	382	300	without	NA
11	383	301	paying	NA
11	384	302	their	NA
11	385	303	checks."	NA
11	386	303	checks."	NA
11	387	304	But	NA
11	388	305	everyone	NA
11	389	306	I	NA
11	390	307	met	NA
11	391	308	had	NA
11	392	309	sought	NA
11	393	310	cover	NA
11	394	311	first	NA
11	395	312	and	NA
11	396	313	asked	NA
11	397	314	questions	NA
11	398	315	later.	NA
11	399	315	later.	NA
11	400	316	And	NA
11	401	317	no	NA
11	402	318	wonder,	NA
11	403	318	wonder,	NA
11	404	319	for	NA
11	405	320	Vientiane,	it,
11	406	320	Vientiane,	it,
11	407	320	Vientiane,	it,
11	408	320	Vientiane,	it,
11	409	321	the	it,
11	410	322	old	it,
11	411	323	City	it,
11	412	324	of	it,
11	413	325	Sandalwood,	it,
11	414	325	Sandalwood,	it,
11	415	325	Sandalwood,	it,
11	416	325	Sandalwood,	it,
11	417	326	had	NA
11	418	327	become	NA
11	419	328	the	it.
11	420	329	City	it.
11	421	330	of	it.
11	422	331	Bullet	it.
11	423	332	Holes.	it.
11	424	332	Holes.	it.
11	425	332	Holes.	it.
11	426	333	I	NA
11	427	334	saw	NA
11	428	335	holes	NA
11	429	336	in	NA
11	430	337	planes	NA
11	431	338	at	NA
11	432	339	the	NA
11	433	340	airport	NA
11	434	341	and	NA
11	435	342	in	NA
11	436	343	cars	NA
11	437	344	in	NA
11	438	345	the	NA
11	439	346	streets.	NA
11	440	346	streets.	NA
11	441	347	Along	NA
11	442	348	the	NA
11	443	349	main	NA
11	444	350	thoroughfares	NA
11	445	350	thoroughfares	NA
11	446	350	thoroughfares	NA
11	447	351	hardly	NA
11	448	352	a	NA
11	449	353	house	NA
11	450	354	had	NA
11	451	355	not	NA
11	452	356	been	NA
11	453	357	peppered.	NA
11	454	357	peppered.	NA
11	455	357	peppered.	NA
11	456	358	In	NA
11	457	359	place	NA
11	458	360	of	NA
11	459	361	the	NA
11	460	362	police	NA
11	461	363	headquarters	NA
11	462	364	was	NA
11	463	365	a	NA
11	464	366	new	NA
11	465	367	square	NA
11	466	368	filled	NA
11	467	369	with	NA
11	468	370	rubble.	NA
11	469	370	rubble.	NA
11	470	371	Mortars	NA
11	471	371	Mortars	NA
11	472	372	had	NA
11	473	373	demolished	NA
11	474	374	the	NA
11	475	375	defense	NA
11	476	376	ministry	NA
11	477	377	and	NA
11	478	378	set	NA
11	479	379	fire	NA
11	480	380	to	NA
11	481	381	the	it
11	482	382	American	it
11	483	383	Embassy	it
11	484	384	next	NA
11	485	385	door.	NA
11	486	385	door.	NA
11	487	386	What	NA
11	488	387	had	NA
11	489	388	been	NA
11	490	389	the	his
11	491	390	ambassador's	his
11	492	390	ambassador's	his
11	493	391	suite	NA
11	494	392	was	NA
11	495	393	now	NA
11	496	394	jagged	NA
11	497	394	jagged	NA
11	498	395	walls	NA
11	499	396	of	NA
11	500	397	blackened	NA
11	501	397	blackened	NA
11	502	398	brick.	NA
11	503	398	brick.	NA
11	504	399	This	NA
11	505	400	damage	NA
11	506	401	had	NA
11	507	402	been	NA
11	508	403	done	NA
11	509	404	in	NA
11	510	405	the	NA
11	511	406	battle	NA
11	512	407	of	NA
11	513	408	Vientiane,	it,
11	514	408	Vientiane,	it,
11	515	408	Vientiane,	it,
11	516	408	Vientiane,	it,
11	517	409	fought	NA
11	518	410	less	NA
11	519	411	than	NA
11	520	412	three	NA
11	521	413	months	NA
11	522	414	earlier	NA
11	523	415	when	NA
11	524	416	four	NA
11	525	417	successive	NA
11	526	418	governments	NA
11	527	419	had	NA
11	528	420	ruled	NA
11	529	421	here	NA
11	530	422	in	NA
11	531	423	three	NA
11	532	424	days	NA
11	533	425	(December	NA
11	534	425	(December	NA
11	535	426	9-11,	NA
11	536	426	9-11,	NA
11	537	426	9-11,	NA
11	538	426	9-11,	NA
11	539	427	1960).	NA
11	540	427	1960).	NA
11	541	428	And	NA
11	542	429	now,	NA
11	543	429	now,	NA
11	544	430	in	NA
11	545	431	March,	NA
11	546	431	March,	NA
11	547	432	all	it
11	548	433	Laos	it
11	549	434	suffered	NA
11	550	435	a	NA
11	551	436	state	NA
11	552	437	of	NA
11	553	438	siege.	NA
11	554	438	siege.	NA
11	555	439	The	They
11	556	440	Pathet	They
11	557	440	Pathet	They
11	558	441	Lao	They
11	559	441	Lao	They
11	560	442	forces	They
11	561	443	held	NA
11	562	444	two	NA
11	563	445	northern	NA
11	564	446	provinces	NA
11	565	447	and	NA
11	566	448	openly	NA
11	567	449	took	NA
11	568	450	the	NA
11	569	451	offensive	NA
11	570	452	in	NA
11	571	453	three	NA
11	572	454	more.	NA
11	573	454	more.	NA
11	574	455	Throughout	NA
11	575	456	the	it
11	576	457	land	it
11	577	458	their	NA
11	578	459	hit-and-run	NA
11	579	459	hit-and-run	NA
11	580	459	hit-and-run	NA
11	581	459	hit-and-run	NA
11	582	459	hit-and-run	NA
11	583	460	terrorists	NA
11	584	461	spread	NA
11	585	462	fear	NA
11	586	463	of	NA
11	587	464	ambush	NA
11	588	465	and	NA
11	589	466	death.	NA
11	590	466	death.	NA
12	0	0	On	NA
12	1	1	April	NA
12	2	2	17,	NA
12	3	2	17,	NA
12	4	3	1610,	NA
12	5	3	1610,	NA
12	6	3	1610,	NA
12	7	4	the	it,
12	8	5	sturdy	it,
12	9	6	little	it,
12	10	7	three-masted	it,
12	11	7	three-masted	it,
12	12	7	three-masted	it,
12	13	7	three-masted	it,
12	14	8	bark,	it,
12	15	8	bark,	it,
12	16	9	Discovery,	it,
12	17	9	Discovery,	it,
12	18	10	weighed	NA
12	19	11	anchor	NA
12	20	12	in	NA
12	21	13	St.	NA
12	22	13	St.	NA
12	23	14	Katherine's	NA
12	24	14	Katherine's	NA
12	25	15	Pool,	NA
12	26	15	Pool,	NA
12	27	16	London,	it,
12	28	16	London,	it,
12	29	17	and	NA
12	30	18	floated	NA
12	31	19	down	NA
12	32	20	the	it
12	33	21	Thames	it
12	34	22	toward	NA
12	35	23	the	it.
12	36	24	sea.	it.
12	37	24	sea.	it.
12	38	25	She	NA
12	39	26	carried,	NA
12	40	26	carried,	NA
12	41	27	besides	NA
12	42	28	her	her,
12	43	29	captain,	her,
12	44	29	captain,	her,
12	45	30	a	them
12	46	31	crew	them
12	47	32	of	them
12	48	33	twenty-one	them
12	49	33	twenty-one	them
12	50	33	twenty-one	them
12	51	34	and	NA
12	52	35	provisions	NA
12	53	36	for	NA
12	54	37	a	it.
12	55	38	voyage	it.
12	56	39	of	it.
12	57	40	exploration	it.
12	58	41	of	it.
12	59	42	the	it.
12	60	43	Arctic	it.
12	61	44	waters	it.
12	62	45	of	it.
12	63	46	North	it.
12	64	47	America.	it.
12	65	47	America.	it.
12	66	48	Seventeen	They
12	67	48	Seventeen	They
12	68	49	months	They
12	69	50	later,	NA
12	70	50	later,	NA
12	71	51	on	NA
12	72	52	September	NA
12	73	53	6,	NA
12	74	53	6,	NA
12	75	54	1611,	NA
12	76	54	1611,	NA
12	77	54	1611,	NA
12	78	55	an	NA
12	79	56	Irish	NA
12	80	57	fishing	NA
12	81	58	boat	NA
12	82	59	sighted	NA
12	83	59	sighted	NA
12	84	60	the	it
12	85	61	Discovery	it
12	86	62	limping	NA
12	87	62	limping	NA
12	88	63	eastward	NA
12	89	63	eastward	NA
12	90	64	outside	NA
12	91	65	Galway	NA
12	92	65	Galway	NA
12	93	66	Bay.	NA
12	94	66	Bay.	NA
12	95	67	When	NA
12	96	68	she	NA
12	97	69	reached	NA
12	98	70	port,	NA
12	99	70	port,	NA
12	100	71	she	NA
12	101	72	was	NA
12	102	73	found	NA
12	103	74	to	NA
12	104	75	have	NA
12	105	76	on	NA
12	106	77	board	NA
12	107	78	only	them,
12	108	79	eight	them,
12	109	80	men,	them,
12	110	80	men,	them,
12	111	81	all	them
12	112	82	near	NA
12	113	83	starvation.	NA
12	114	83	starvation.	NA
12	115	84	The	He
12	116	85	captain	He
12	117	86	was	NA
12	118	87	gone,	NA
12	119	87	gone,	NA
12	120	88	and	NA
12	121	89	the	he
12	122	90	mate	he
12	123	91	was	NA
12	124	92	gone.	NA
12	125	92	gone.	NA
12	126	93	The	He
12	127	94	man	He
12	128	95	who	He
12	129	96	now	He
12	130	97	commanded	He
12	131	98	her	He
12	132	99	had	NA
12	133	100	started	NA
12	134	101	the	it
12	135	102	voyage	it
12	136	103	as	NA
12	137	104	an	it.
12	138	105	ordinary	it.
12	139	106	seaman.	it.
12	140	106	seaman.	it.
12	141	106	seaman.	it.
12	142	107	What	NA
12	143	108	disaster	NA
12	144	109	struck	NA
12	145	110	the	it
12	146	111	Discovery	it
12	147	112	during	NA
12	148	113	those	them?
12	149	114	seventeen	them?
12	150	115	months?	them?
12	151	115	months?	them?
12	152	116	What	NA
12	153	117	happened	NA
12	154	118	to	NA
12	155	119	the	them?
12	156	120	fourteen	them?
12	157	121	missing	them?
12	158	122	men?	them?
12	159	122	men?	them?
12	160	123	These	they
12	161	124	questions	they
12	162	125	have	NA
12	163	126	remained	NA
12	164	127	one	it.
12	165	128	of	it.
12	166	129	the	it.
12	167	130	great	it.
12	168	131	sea	it.
12	169	132	mysteries	it.
12	170	133	of	it.
12	171	134	all	it.
12	172	135	time.	it.
12	173	135	time.	it.
12	174	136	For	NA
12	175	137	hundreds	NA
12	176	138	of	NA
12	177	139	years,	NA
12	178	139	years,	NA
12	179	140	the	it
12	180	141	evidence	it
12	181	142	available	it
12	182	143	consisted	NA
12	183	144	of	NA
12	184	145	(1)	NA
12	185	145	(1)	NA
12	186	145	(1)	NA
12	187	146	the	his
12	188	147	captain's	his
12	189	147	captain's	his
12	190	148	fragmentary	NA
12	191	148	fragmentary	NA
12	192	149	journal,	NA
12	193	149	journal,	NA
12	194	150	(2)	NA
12	195	150	(2)	NA
12	196	150	(2)	NA
12	197	151	a	NA
12	198	152	highly	NA
12	199	153	prejudiced	NA
12	200	153	prejudiced	NA
12	201	154	account	NA
12	202	155	by	NA
12	203	156	one	NA
12	204	157	of	NA
12	205	158	the	NA
12	206	159	survivors,	NA
12	207	159	survivors,	NA
12	208	160	(3)	NA
12	209	160	(3)	NA
12	210	160	(3)	NA
12	211	161	a	NA
12	212	162	note	NA
12	213	163	found	NA
12	214	164	in	NA
12	215	165	a	NA
12	216	166	dead	NA
12	217	167	man's	NA
12	218	167	man's	NA
12	219	168	desk	NA
12	220	169	on	NA
12	221	170	board,	NA
12	222	170	board,	NA
12	223	171	and	NA
12	224	172	(4)	NA
12	225	172	(4)	NA
12	226	172	(4)	NA
12	227	173	several	NA
12	228	174	second-hand	NA
12	229	174	second-hand	NA
12	230	174	second-hand	NA
12	231	175	reports.	NA
12	232	175	reports.	NA
12	233	176	All	NA
12	234	177	told,	NA
12	235	177	told,	NA
12	236	178	they	NA
12	237	179	offered	NA
12	238	180	a	NA
12	239	181	highly	NA
12	240	182	confused	NA
12	241	183	picture.	NA
12	242	183	picture.	NA
12	243	184	But	NA
12	244	185	since	NA
12	245	186	1927,	NA
12	246	186	1927,	NA
12	247	187	researchers	NA
12	248	188	digging	NA
12	249	189	into	NA
12	250	190	ancient	NA
12	251	191	court	NA
12	252	192	records	NA
12	253	193	and	NA
12	254	194	legal	NA
12	255	195	files	NA
12	256	196	have	NA
12	257	197	been	NA
12	258	198	able	NA
12	259	199	to	NA
12	260	200	find	NA
12	261	201	illuminating	NA
12	262	202	pieces	NA
12	263	203	of	NA
12	264	204	information.	NA
12	265	204	information.	NA
12	266	205	Not	NA
12	267	206	enough	NA
12	268	207	to	NA
12	269	208	do	NA
12	270	209	away	NA
12	271	210	with	NA
12	272	211	all	NA
12	273	212	doubts,	NA
12	274	212	doubts,	NA
12	275	213	but	NA
12	276	214	sufficient	NA
12	277	215	to	NA
12	278	216	give	NA
12	279	217	a	NA
12	280	218	fairly	NA
12	281	219	accurate	NA
12	282	220	picture	NA
12	283	221	of	NA
12	284	222	the	NA
12	285	223	events	NA
12	286	224	of	NA
12	287	225	the	it.
12	288	226	voyage.	it.
12	289	226	voyage.	it.
12	290	227	Historians	They
12	291	227	Historians	They
12	292	228	have	NA
12	293	229	had	NA
12	294	230	two	NA
12	295	231	reasons	NA
12	296	232	for	NA
12	297	233	persisting	NA
12	298	233	persisting	NA
12	299	234	so	NA
12	300	235	long	NA
12	301	236	in	NA
12	302	237	their	NA
12	303	238	investigations.	NA
12	304	238	investigations.	NA
12	305	239	First,	NA
12	306	239	First,	NA
12	307	240	they	NA
12	308	241	wanted	NA
12	309	242	to	NA
12	310	243	clarify	NA
12	311	244	a	NA
12	312	245	tantalizing,	NA
12	313	245	tantalizing,	NA
12	314	245	tantalizing,	NA
12	315	246	bizarre	NA
12	316	247	enigma.	NA
12	317	247	enigma.	NA
12	318	247	enigma.	NA
12	319	248	Second,	NA
12	320	248	Second,	NA
12	321	249	they	NA
12	322	250	believed	NA
12	323	251	it	NA
12	324	252	important	NA
12	325	253	to	it
12	326	254	determine	it
12	327	255	the	it
12	328	256	fate	it
12	329	257	of	it
12	330	258	the	it
12	331	259	captain	it
12	332	260	--	NA
12	333	261	a	him.
12	334	262	man	him.
12	335	263	whose	him.
12	336	264	name	him.
12	337	265	is	him.
12	338	266	permanently	him.
12	339	267	stamped	him.
12	340	268	on	him.
12	341	269	our	him.
12	342	270	maps,	him.
12	343	270	maps,	him.
12	344	271	on	him.
12	345	272	American	him.
12	346	273	towns	him.
12	347	274	and	him.
12	348	275	counties,	him.
12	349	275	counties,	him.
12	350	276	on	him.
12	351	277	a	him.
12	352	278	great	him.
12	353	279	American	him.
12	354	280	river,	him.
12	355	280	river,	him.
12	356	281	and	him.
12	357	282	on	him.
12	358	283	half	him.
12	359	284	a	him.
12	360	285	million	him.
12	361	286	square	him.
12	362	287	miles	him.
12	363	288	of	him.
12	364	289	Arctic	him.
12	365	290	seas.	him.
12	366	290	seas.	him.
12	367	291	The	It:
12	368	292	name:	It:
12	369	292	name:	It:
12	370	293	Henry	him.
12	371	294	Hudson.	him.
12	372	294	Hudson.	him.
12	373	295	This	NA
12	374	296	is	NA
12	375	297	the	it,
12	376	298	story	it,
12	377	299	of	it,
12	378	300	his	it,
12	379	301	last	it,
12	380	302	tragic	it,
12	381	303	voyage,	it,
12	382	303	voyage,	it,
12	383	304	as	NA
12	384	305	nearly	NA
12	385	306	as	NA
12	386	307	we	NA
12	387	308	are	NA
12	388	309	able	NA
12	389	310	--	NA
12	390	311	or	NA
12	391	312	ever,	NA
12	392	312	ever,	NA
12	393	313	probably,	NA
12	394	313	probably,	NA
12	395	314	will	NA
12	396	315	be	NA
12	397	316	able	NA
12	398	317	--	NA
12	399	318	to	NA
12	400	319	determine:	NA
12	401	319	determine:	NA
12	402	320	The	it
12	403	321	sailing	it
12	404	322	in	it
12	405	323	the	it
12	406	324	spring	it
12	407	325	of	it
12	408	326	1610	it
12	409	326	1610	it
12	410	327	was	NA
12	411	328	Hudson's	it.
12	412	328	Hudson's	it.
12	413	329	fourth	it.
12	414	330	in	it.
12	415	331	four	it.
12	416	332	years.	it.
12	417	332	years.	it.
12	418	333	Each	NA
12	419	334	time	NA
12	420	335	his	it
12	421	336	objective	it
12	422	337	had	NA
12	423	338	been	NA
12	424	339	the	NA
12	425	340	same	NA
12	426	341	--	NA
12	427	342	a	it.
12	428	343	direct	it.
12	429	344	water	it.
12	430	345	passage	it.
12	431	346	from	it.
12	432	347	Western	it.
12	433	348	Europe	it.
12	434	349	to	it.
12	435	350	the	it.
12	436	351	Far	it.
12	437	352	East.	it.
12	438	352	East.	it.
12	439	353	In	NA
12	440	354	1607	NA
12	441	354	1607	NA
12	442	355	and	NA
12	443	356	1608,	NA
12	444	356	1608,	NA
12	445	356	1608,	NA
12	446	357	the	it
12	447	358	English	it
12	448	359	Muscovy	it
12	449	359	Muscovy	it
12	450	359	Muscovy	it
12	451	360	Company	it
12	452	361	had	NA
12	453	362	sent	NA
12	454	363	him	NA
12	455	364	northward	NA
12	456	364	northward	NA
12	457	365	to	NA
12	458	366	look	NA
12	459	367	for	NA
12	460	368	a	NA
12	461	369	route	NA
12	462	370	over	NA
12	463	371	the	NA
12	464	372	North	NA
12	465	373	Pole	NA
12	466	374	or	NA
12	467	375	across	NA
12	468	376	the	NA
12	469	377	top	NA
12	470	378	of	NA
12	471	379	Russia.	NA
12	472	379	Russia.	NA
12	473	380	Twice	NA
12	474	381	he	NA
12	475	382	had	NA
12	476	383	failed,	NA
12	477	383	failed,	NA
12	478	384	and	NA
12	479	385	the	it
12	480	386	Muscovy	it
12	481	386	Muscovy	it
12	482	386	Muscovy	it
12	483	387	Company	it
12	484	388	indicated	NA
12	485	389	it	NA
12	486	390	would	NA
12	487	391	not	NA
12	488	392	back	NA
12	489	393	him	NA
12	490	394	again.	NA
12	491	394	again.	NA
12	492	395	In	NA
12	493	396	1609,	it,
12	494	396	1609,	it,
12	495	396	1609,	it,
12	496	397	the	NA
12	497	398	Dutch	NA
12	498	399	East	NA
12	499	400	India	NA
12	500	401	Company	NA
12	501	402	hired	NA
12	502	403	Hudson,	him,
12	503	403	Hudson,	him,
12	504	404	gave	NA
12	505	405	him	NA
12	506	406	two	NA
12	507	407	learned	NA
12	508	408	geographers,	NA
12	509	408	geographers,	NA
12	510	408	geographers,	NA
12	511	409	fitted	NA
12	512	410	him	NA
12	513	411	out	NA
12	514	412	with	NA
12	515	413	a	it,
12	516	414	ship	it,
12	517	415	called	it,
12	518	416	the	it,
12	519	417	Half	it,
12	520	418	Moon,	it,
12	521	418	Moon,	it,
12	522	419	and	NA
12	523	420	supplied	NA
12	524	421	him	NA
12	525	422	with	NA
12	526	423	Dutch	NA
12	527	424	sailors.	NA
12	528	424	sailors.	NA
12	529	425	This	It
12	530	426	time	It
12	531	427	he	NA
12	532	428	turned	NA
12	533	429	westward,	NA
12	534	429	westward,	NA
12	535	429	westward,	NA
12	536	430	to	NA
12	537	431	the	it.
12	538	432	middle	it.
12	539	433	Atlantic	it.
12	540	434	coast	it.
12	541	435	of	it.
12	542	436	North	it.
12	543	437	America.	it.
12	544	437	America.	it.
12	545	438	His	It
12	546	439	chief	It
12	547	440	discovery	It
12	548	441	was	NA
12	549	442	important	NA
12	550	443	--	NA
12	551	444	the	it
12	552	445	Great	it
12	553	446	North	it
12	554	447	(later,	it
12	555	447	(later,	it
12	556	447	(later,	it
12	557	448	the	it
12	558	449	Hudson)	it
12	559	449	Hudson)	it
12	560	450	River	it
12	561	451	--	NA
12	562	452	but	NA
12	563	453	it	NA
12	564	454	produced	NA
12	565	455	no	NA
12	566	456	northwest	NA
12	567	457	passage.	NA
12	568	457	passage.	NA
12	569	458	When	NA
12	570	459	the	it
12	571	460	Half	it
12	572	461	Moon	it
12	573	462	put	NA
12	574	463	in	NA
12	575	464	at	NA
12	576	465	Dartmouth,	NA
12	577	465	Dartmouth,	NA
12	578	466	England,	NA
12	579	466	England,	NA
12	580	467	in	NA
12	581	468	the	NA
12	582	469	fall	NA
12	583	470	of	NA
12	584	471	1609,	it,
12	585	471	1609,	it,
12	586	471	1609,	it,
12	587	472	word	NA
12	588	473	of	NA
12	589	474	Hudson's	his
12	590	474	Hudson's	his
12	591	475	findings	NA
12	592	476	leaked	NA
12	593	477	out,	NA
12	594	477	out,	NA
12	595	478	and	NA
12	596	479	English	NA
12	597	480	interest	NA
12	598	481	in	NA
12	599	482	him	NA
12	600	483	revived.	NA
12	601	483	revived.	NA
12	602	484	The	NA
12	603	485	government	NA
12	604	486	forbade	NA
12	605	486	forbade	NA
12	606	487	Hudson	him
12	607	488	to	NA
12	608	489	return	NA
12	609	490	to	NA
12	610	491	Amsterdam	NA
12	611	492	with	NA
12	612	493	his	NA
12	613	494	ship.	NA
12	614	494	ship.	NA
12	615	495	He	NA
12	616	496	thereupon	NA
12	617	496	thereupon	NA
12	618	497	went	NA
12	619	498	to	NA
12	620	499	London	it
12	621	500	and	NA
12	622	501	spent	NA
12	623	502	the	NA
12	624	503	winter	NA
12	625	504	talking	NA
12	626	505	to	NA
12	627	506	men	NA
12	628	507	of	NA
12	629	508	wealth.	NA
12	630	508	wealth.	NA
12	631	509	By	NA
12	632	510	springtime,	NA
12	633	510	springtime,	NA
12	634	510	springtime,	NA
12	635	511	he	NA
12	636	512	was	NA
12	637	513	supported	NA
12	638	514	by	NA
12	639	515	a	NA
12	640	516	rich	NA
12	641	517	merchant	NA
12	642	518	syndicate	NA
12	643	518	syndicate	NA
12	644	519	under	NA
12	645	520	the	NA
12	646	521	patronage	NA
12	647	522	of	NA
12	648	523	Henry,	him,
12	649	523	Henry,	him,
12	650	524	Prince	him.
12	651	525	of	him.
12	652	526	Wales.	him.
12	653	526	Wales.	him.
12	654	527	He	NA
12	655	528	had	NA
12	656	529	obtained	NA
12	657	530	and	NA
12	658	531	provisioned	NA
12	659	531	provisioned	NA
12	660	532	a	NA
12	661	533	veteran	NA
12	662	534	ship	NA
12	663	535	called	NA
12	664	536	the	NA
12	665	537	Discovery	NA
12	666	538	and	NA
12	667	539	had	NA
12	668	540	recruited	NA
12	669	541	a	it,
12	670	542	crew	it,
12	671	543	of	it,
12	672	544	twenty-one,	it,
12	673	544	twenty-one,	it,
12	674	544	twenty-one,	it,
12	675	544	twenty-one,	it,
12	676	545	the	it.
12	677	546	largest	it.
12	678	547	he	it.
12	679	548	had	it.
12	680	549	ever	it.
12	681	550	commanded.	it.
12	682	550	commanded.	it.
12	683	551	The	NA
12	684	552	purpose	NA
12	685	553	of	NA
12	686	554	this	NA
12	687	555	fourth	NA
12	688	556	voyage	NA
12	689	557	was	NA
12	690	558	clear.	NA
12	691	558	clear.	NA
12	692	559	A	NA
12	693	560	century	NA
12	694	561	of	NA
12	695	562	exploration	NA
12	696	563	had	NA
12	697	564	established	NA
12	698	565	that	NA
12	699	566	a	NA
12	700	567	great	NA
12	701	568	land	NA
12	702	569	mass,	NA
12	703	569	mass,	NA
12	704	570	North	they,
12	705	571	and	they,
12	706	572	South	they,
12	707	573	America,	they,
12	708	573	America,	they,
12	709	574	lay	NA
12	710	575	between	NA
12	711	576	Europe	it
12	712	577	and	NA
12	713	578	the	NA
12	714	579	Indies.	NA
12	715	579	Indies.	NA
12	716	580	One	NA
12	717	581	by	NA
12	718	582	one,	NA
12	719	582	one,	NA
12	720	583	the	NA
12	721	584	openings	NA
12	722	585	in	NA
12	723	586	the	it
12	724	587	coast	it
12	725	588	that	NA
12	726	589	promised	NA
12	727	590	a	it
12	728	591	passage	it
12	729	592	through	it
12	730	593	had	NA
12	731	594	been	NA
12	732	595	explored	NA
12	733	596	and	NA
12	734	597	discarded.	NA
12	735	597	discarded.	NA
12	736	598	In	NA
12	737	599	fact,	NA
12	738	599	fact,	NA
12	739	600	Hudson's	they
12	740	600	Hudson's	they
12	741	601	sail	NA
12	742	602	up	NA
12	743	603	the	it
12	744	604	Great	it
12	745	605	North	it
12	746	606	River	it
12	747	607	had	NA
12	748	608	disposed	NA
12	749	609	of	NA
12	750	610	one	NA
12	751	611	of	NA
12	752	612	the	NA
12	753	613	last	NA
12	754	614	hopes.	NA
12	755	614	hopes.	NA
12	756	615	But	NA
12	757	616	there	NA
12	758	617	remained	NA
12	759	618	one	it.
12	760	619	mysterious,	it.
12	761	619	mysterious,	it.
12	762	620	unexplored	it.
12	763	620	unexplored	it.
12	764	621	gap,	it.
12	765	621	gap,	it.
12	766	622	far	it.
12	767	623	to	it.
12	768	624	the	it.
12	769	625	north.	it.
12	770	625	north.	it.
12	771	626	Nearly	NA
12	772	627	twenty-five	NA
12	773	627	twenty-five	NA
12	774	627	twenty-five	NA
12	775	628	years	NA
12	776	629	before,	NA
12	777	629	before,	NA
12	778	630	Captain	he
12	779	631	John	he
12	780	632	Davis	he
12	781	633	had	NA
12	782	634	noted,	NA
12	783	634	noted,	NA
12	784	635	as	NA
12	785	636	he	NA
12	786	637	sailed	NA
12	787	638	near	NA
12	788	639	the	NA
12	789	640	Arctic	NA
12	790	641	Circle,	NA
12	791	641	Circle,	NA
12	792	642	"a	"it,
12	793	642	"a	"it,
12	794	643	very	"it,
12	795	644	great	"it,
12	796	645	gulf,	"it,
12	797	645	gulf,	"it,
12	798	646	the	NA
12	799	647	water	NA
12	800	648	whirling	NA
12	801	648	whirling	NA
12	802	649	and	NA
12	803	650	roaring,	NA
12	804	650	roaring,	NA
12	805	651	as	NA
12	806	652	it	NA
12	807	653	were	NA
12	808	654	the	NA
12	809	655	meeting	NA
12	810	656	of	NA
12	811	657	tides."	NA
12	812	657	tides."	NA
12	813	658	He	NA
12	814	659	named	NA
12	815	660	this	it,
12	816	661	opening,	it,
12	817	661	opening,	it,
12	818	662	between	it,
12	819	663	Baffin	it,
12	820	663	Baffin	it,
12	821	663	Baffin	it,
12	822	664	Island	it,
12	823	665	and	it,
12	824	666	Labrador,	it,
12	825	666	Labrador,	it,
12	826	667	the	it."
12	827	668	"Furious	it."
12	828	668	"Furious	it."
12	829	668	"Furious	it."
12	830	669	Overfall."	it."
12	831	669	Overfall."	it."
12	832	669	Overfall."	it."
12	833	670	(Later,	NA
12	834	670	(Later,	NA
12	835	670	(Later,	NA
12	836	671	it	NA
12	837	672	was	NA
12	838	673	to	NA
12	839	674	be	NA
12	840	675	called	NA
12	841	676	Hudson	it.)
12	842	677	Strait.)	it.)
12	843	677	Strait.)	it.)
12	844	678	In	NA
12	845	679	1602,	NA
12	846	679	1602,	NA
12	847	679	1602,	NA
12	848	680	George	he,
12	849	681	Waymouth,	he,
12	850	681	Waymouth,	he,
12	851	681	Waymouth,	he,
12	852	682	in	NA
12	853	683	the	it,
12	854	684	same	it,
12	855	685	little	it,
12	856	686	Discovery	it,
12	857	687	that	it,
12	858	688	Hudson	it,
12	859	689	now	it,
12	860	690	commanded,	it,
12	861	690	commanded,	it,
12	862	691	had	NA
12	863	692	sailed	NA
12	864	693	300	NA
12	865	694	miles	NA
12	866	695	up	NA
12	867	696	the	it
12	868	697	strait	it
12	869	697	strait	it
12	870	698	before	NA
12	871	699	his	NA
12	872	700	frightened	NA
12	873	701	men	NA
12	874	702	turned	NA
12	875	703	the	it
12	876	704	ship	it
12	877	705	back.	NA
12	878	705	back.	NA
12	879	706	Hudson	He
12	880	707	now	NA
12	881	708	proposed	NA
12	882	709	to	NA
12	883	710	sail	NA
12	884	711	all	NA
12	885	712	the	NA
12	886	713	way	NA
12	887	714	through	NA
12	888	715	and	NA
12	889	716	test	NA
12	890	717	the	them
12	891	718	seas	them
12	892	719	beyond	them
12	893	720	for	NA
12	894	721	the	NA
12	895	722	long-sought	NA
12	896	722	long-sought	NA
12	897	722	long-sought	NA
12	898	722	long-sought	NA
12	899	723	waterway.	NA
12	900	723	waterway.	NA
12	901	723	waterway.	NA
12	902	724	Even	NA
12	903	725	Hudson,	he,
12	904	725	Hudson,	he,
12	905	726	experienced	he,
12	906	727	in	he,
12	907	728	Arctic	he,
12	908	729	sailing	he,
12	909	730	and	he,
12	910	731	determined	he,
12	911	732	as	he,
12	912	733	he	he,
12	913	734	was,	he,
12	914	734	was,	he,
12	915	735	must	NA
12	916	736	have	NA
12	917	737	had	NA
12	918	738	qualms	NA
12	919	738	qualms	NA
12	920	739	as	NA
12	921	740	he	NA
12	922	741	slid	NA
12	923	742	down	NA
12	924	743	the	it.
12	925	744	Thames.	it.
12	926	744	Thames.	it.
12	927	745	Ahead	NA
12	928	746	were	NA
12	929	747	perilous,	they.
12	930	747	perilous,	they.
12	931	748	ice-filled	they.
12	932	748	ice-filled	they.
12	933	748	ice-filled	they.
12	934	749	waters.	they.
12	935	749	waters.	they.
12	936	750	On	NA
12	937	751	previous	NA
12	938	752	voyages,	NA
12	939	752	voyages,	NA
12	940	752	voyages,	NA
12	941	753	it	NA
12	942	754	had	NA
12	943	755	been	NA
12	944	756	in	NA
12	945	757	precisely	NA
12	946	758	such	them
12	947	759	dangerous	them
12	948	760	situations	them
12	949	761	that	NA
12	950	762	he	NA
12	951	763	had	NA
12	952	764	failed	NA
12	953	765	as	NA
12	954	766	a	NA
12	955	767	leader	NA
12	956	768	and	NA
12	957	769	captain.	NA
12	958	769	captain.	NA
