story	token_index	word_index	token	pronoun_replacement
0	0	0	Unveiling	NA
0	1	0	Unveiling	NA
0	2	0	Unveiling	NA
0	3	1	a	NA
0	4	2	car	NA
0	5	3	with	NA
0	6	4	a	NA
0	7	5	top	NA
0	8	6	speed	NA
0	9	7	of	NA
0	10	8	25mph,	NA
0	11	8	25mph,	NA
0	12	8	25mph,	NA
0	13	9	two	they
0	14	10	seats	they
0	15	11	and	NA
0	16	12	no	they
0	17	13	pedals	they
0	18	14	or	NA
0	19	15	steering	it
0	20	16	wheel	it
0	21	17	might	NA
0	22	18	not	NA
0	23	19	make	NA
0	24	20	much	NA
0	25	21	of	NA
0	26	22	an	NA
0	27	23	impression	NA
0	28	24	at	NA
0	29	25	a	NA
0	30	26	motor	NA
0	31	27	show.	NA
0	32	27	show.	NA
0	33	28	But	NA
0	34	29	Google,	it,
0	35	29	Google,	it,
0	36	30	in	it,
0	37	31	the	it,
0	38	32	US,	it,
0	39	32	US,	it,
0	40	33	sent	NA
0	41	34	a	NA
0	42	35	minor	NA
0	43	36	earthquake	NA
0	44	37	through	NA
0	45	38	the	NA
0	46	39	car	NA
0	47	40	and	NA
0	48	41	taxi	NA
0	49	42	industries	NA
0	50	43	as	NA
0	51	44	it	NA
0	52	45	unveiled	NA
0	53	46	the	it.
0	54	47	latest	it.
0	55	48	version	it.
0	56	49	of	it.
0	57	50	its	it.
0	58	51	driverless	it.
0	59	51	driverless	it.
0	60	52	car.	it.
0	61	52	car.	it.
0	62	53	The	It,
0	63	54	electrically	It,
0	64	54	electrically	It,
0	65	55	powered	It,
0	66	56	vehicle,	It,
0	67	56	vehicle,	It,
0	68	57	which	It,
0	69	58	Google	It,
0	70	59	has	It,
0	71	60	begun	It,
0	72	61	testing	It,
0	73	62	around	It,
0	74	63	its	It,
0	75	64	headquarters	It,
0	76	65	in	It,
0	77	66	Mountain	It,
0	78	67	View,	It,
0	79	67	View,	It,
0	80	68	California,	It,
0	81	68	California,	It,
0	82	69	dispenses	NA
0	83	69	dispenses	NA
0	84	70	with	NA
0	85	71	all	NA
0	86	72	the	NA
0	87	73	normal	NA
0	88	74	controls,	NA
0	89	74	controls,	NA
0	90	75	including	NA
0	91	76	foot	them.
0	92	77	pedals.	them.
0	93	77	pedals.	them.
0	94	78	Instead,	NA
0	95	78	Instead,	NA
0	96	79	it	NA
0	97	80	has	NA
0	98	81	a	it,
0	99	82	smartphone	it,
0	100	83	app	it,
0	101	84	that	it,
0	102	85	summons	it,
0	103	86	it	it,
0	104	87	and	it,
0	105	88	tells	it,
0	106	89	it	it,
0	107	90	the	it,
0	108	91	destination,	it,
0	109	91	destination,	it,
0	110	92	and	NA
0	111	93	a	NA
0	112	94	single	NA
0	113	95	STOP	NA
0	114	96	button	NA
0	115	97	mounted	NA
0	116	98	between	NA
0	117	99	the	them
0	118	100	two	them
0	119	101	front-facing	them
0	120	101	front-facing	them
0	121	101	front-facing	them
0	122	102	seats	them
0	123	103	in	NA
0	124	104	case	NA
0	125	105	the	NA
0	126	106	occupants	NA
0	127	107	need	NA
0	128	108	to	NA
0	129	109	override	NA
0	130	110	the	it.
0	131	111	computer.	it.
0	132	111	computer.	it.
0	133	112	The	It,
0	134	113	car,	It,
0	135	113	car,	It,
0	136	114	in	NA
0	137	115	fact,	NA
0	138	115	fact,	NA
0	139	116	takes	NA
0	140	117	over	NA
0	141	118	all	NA
0	142	119	the	NA
0	143	120	tasks	NA
0	144	121	of	NA
0	145	122	navigation,	NA
0	146	122	navigation,	NA
0	147	123	steering,	NA
0	148	123	steering,	NA
0	149	124	acceleration	NA
0	150	125	and	NA
0	151	126	braking.	NA
0	152	126	braking.	NA
0	153	127	The	It
0	154	128	company	It
0	155	129	is	NA
0	156	130	building	NA
0	157	131	about	NA
0	158	132	100	NA
0	159	133	prototypes	NA
0	160	134	for	NA
0	161	135	a	NA
0	162	136	two-year	NA
0	163	136	two-year	NA
0	164	136	two-year	NA
0	165	137	test.	NA
0	166	137	test.	NA
0	167	138	The	He,
0	168	139	company's	He,
0	169	139	company's	He,
0	170	140	co-founder,	He,
0	171	140	co-founder,	He,
0	172	140	co-founder,	He,
0	173	140	co-founder,	He,
0	174	141	Sergey	he,
0	175	142	Brin,	he,
0	176	142	Brin,	he,
0	177	142	Brin,	he,
0	178	143	told	NA
0	179	144	a	NA
0	180	145	conference	NA
0	181	146	in	NA
0	182	147	California	it
0	183	148	that	NA
0	184	149	the	it
0	185	150	vehicle	it
0	186	151	was	NA
0	187	152	“still	NA
0	188	152	“still	NA
0	189	152	“still	NA
0	190	153	in	NA
0	191	154	the	NA
0	192	155	prototype	NA
0	193	156	stage”	NA
0	194	156	stage”	NA
0	195	156	stage”	NA
0	196	157	but	NA
0	197	158	that	NA
0	198	159	the	it
0	199	160	project	it
0	200	161	was	NA
0	201	162	“about	NA
0	202	162	“about	NA
0	203	162	“about	NA
0	204	163	changing	NA
0	205	164	the	NA
0	206	165	world	NA
0	207	166	for	NA
0	208	167	people	NA
0	209	168	who	NA
0	210	169	are	NA
0	211	170	not	NA
0	212	171	well	NA
0	213	172	served	NA
0	214	173	by	NA
0	215	174	transportation	NA
0	216	175	today.”	NA
0	217	175	today.”	NA
0	218	175	today.”	NA
0	219	175	today.”	NA
0	220	176	He	NA
0	221	177	said	NA
0	222	178	of	NA
0	223	179	the	it:
0	224	180	car:	it:
0	225	180	car:	it:
0	226	181	“You're	NA
0	227	181	“You're	NA
0	228	181	“You're	NA
0	229	181	“You're	NA
0	230	182	just	NA
0	231	183	sitting	NA
0	232	184	there;	NA
0	233	184	there;	NA
0	234	185	no	it,
0	235	186	steering	it,
0	236	187	wheel,	it,
0	237	187	wheel,	it,
0	238	188	no	they.
0	239	189	pedals.	they.
0	240	189	pedals.	they.
0	241	190	For	NA
0	242	191	me,	NA
0	243	191	me,	NA
0	244	192	it	NA
0	245	193	was	NA
0	246	194	very	NA
0	247	195	relaxing.	NA
0	248	195	relaxing.	NA
0	249	196	About	NA
0	250	197	ten	NA
0	251	198	seconds	NA
0	252	199	after	NA
0	253	200	getting	NA
0	254	201	in,	NA
0	255	201	in,	NA
0	256	202	I	NA
0	257	203	forgot	NA
0	258	204	I	NA
0	259	205	was	NA
0	260	206	there.	NA
0	261	206	there.	NA
0	262	207	It	NA
0	263	208	reminded	NA
0	264	209	me	NA
0	265	210	of	NA
0	266	211	catching	NA
0	267	212	a	NA
0	268	213	chairlift	NA
0	269	213	chairlift	NA
0	270	214	by	NA
0	271	215	yourself	NA
0	272	216	–	NA
0	273	217	a	NA
0	274	218	bit	NA
0	275	219	of	NA
0	276	220	solitude	NA
0	277	221	I	NA
0	278	222	found	NA
0	279	223	really	NA
0	280	224	enjoyable.”	NA
0	281	224	enjoyable.”	NA
0	282	224	enjoyable.”	NA
0	283	224	enjoyable.”	NA
0	284	225	Google	it
0	285	226	says	NA
0	286	227	that	NA
0	287	228	the	NA
0	288	229	principal	NA
0	289	230	aim	NA
0	290	231	of	NA
0	291	232	the	its
0	292	233	project	its
0	293	234	is	NA
0	294	235	to	NA
0	295	236	improve	NA
0	296	237	safety	it
0	297	238	and	NA
0	298	239	that,	NA
0	299	239	that,	NA
0	300	240	because	NA
0	301	241	the	it
0	302	242	car	it
0	303	243	is	NA
0	304	244	constructed	NA
0	305	245	with	NA
0	306	246	impact-absorbing	NA
0	307	246	impact-absorbing	NA
0	308	246	impact-absorbing	NA
0	309	246	impact-absorbing	NA
0	310	247	foam	NA
0	311	248	at	NA
0	312	249	the	NA
0	313	250	front	NA
0	314	251	and	NA
0	315	252	a	NA
0	316	253	plastic	NA
0	317	254	windscreen,	NA
0	318	254	windscreen,	NA
0	319	254	windscreen,	NA
0	320	255	“it	NA
0	321	255	“it	NA
0	322	255	“it	NA
0	323	256	should	NA
0	324	257	be	NA
0	325	258	far	NA
0	326	259	safer	NA
0	327	260	than	NA
0	328	261	any	NA
0	329	262	other	NA
0	330	263	car	NA
0	331	264	for	NA
0	332	265	pedestrians”.	NA
0	333	265	pedestrians”.	NA
0	334	265	pedestrians”.	NA
0	335	265	pedestrians”.	NA
0	336	266	The	They,
0	337	267	cars,	They,
0	338	267	cars,	They,
0	339	268	which	They,
0	340	269	have	They,
0	341	270	been	They,
0	342	271	built	They,
0	343	272	specially	They,
0	344	273	by	They,
0	345	274	a	They,
0	346	275	company	They,
0	347	276	(as	They,
0	348	276	(as	They,
0	349	277	yet	They,
0	350	278	unnamed)	They,
0	351	278	unnamed)	They,
0	352	279	in	They,
0	353	280	Detroit,	They,
0	354	280	Detroit,	They,
0	355	281	will	NA
0	356	282	be	NA
0	357	283	used	NA
0	358	284	to	NA
0	359	285	investigate	NA
0	360	286	further	NA
0	361	287	how	NA
0	362	288	best	NA
0	363	289	to	NA
0	364	290	make	NA
0	365	291	driverless	NA
0	366	291	driverless	NA
0	367	292	vehicles	NA
0	368	293	work.	NA
0	369	293	work.	NA
0	370	294	Google	It
0	371	295	will	NA
0	372	296	now	NA
0	373	297	run	NA
0	374	298	a	NA
0	375	299	program	NA
0	376	300	to	NA
0	377	301	test	NA
0	378	302	the	them
0	379	303	cars	them
0	380	304	further,	NA
0	381	304	further,	NA
0	382	305	which	NA
0	383	306	are	NA
0	384	307	not	NA
0	385	308	yet	NA
0	386	309	for	NA
0	387	310	sale.	NA
0	388	310	sale.	NA
0	389	311	One	NA
0	390	312	challenge	NA
0	391	313	is	NA
0	392	314	creating	NA
0	393	315	high-definition	NA
0	394	315	high-definition	NA
0	395	315	high-definition	NA
0	396	316	scans	NA
0	397	317	of	NA
0	398	318	the	them
0	399	319	roads	them
0	400	320	and	NA
0	401	321	surroundings	NA
0	402	322	before	NA
0	403	323	the	they
0	404	324	cars	they
0	405	325	can	NA
0	406	326	drive	NA
0	407	327	along	NA
0	408	328	them	NA
0	409	329	because	NA
0	410	330	they	NA
0	411	331	cannot	NA
0	412	332	gather	NA
0	413	333	and	NA
0	414	334	process	NA
0	415	335	enough	NA
0	416	336	information	NA
0	417	337	in	NA
0	418	338	real	NA
0	419	339	time.	NA
0	420	339	time.	NA
0	421	340	So	NA
0	422	341	far,	NA
0	423	341	far,	NA
0	424	342	there	NA
0	425	343	are	NA
0	426	344	high-detail	NA
0	427	344	high-detail	NA
0	428	344	high-detail	NA
0	429	345	maps	NA
0	430	346	of	NA
0	431	347	about	NA
0	432	348	2,000	NA
0	433	348	2,000	NA
0	434	348	2,000	NA
0	435	349	miles	NA
0	436	350	of	NA
0	437	351	California's	its
0	438	351	California's	its
0	439	352	roads,	NA
0	440	352	roads,	NA
0	441	353	but	NA
0	442	354	the	it
0	443	355	state	it
0	444	356	has	NA
0	445	357	more	NA
0	446	358	than	NA
0	447	359	170,000	NA
0	448	359	170,000	NA
0	449	359	170,000	NA
0	450	360	miles	NA
0	451	361	of	NA
0	452	362	public	NA
0	453	363	roads.	NA
0	454	363	roads.	NA
0	455	364	Google	It
0	456	365	says	NA
0	457	366	it	NA
0	458	367	is	NA
0	459	368	interested	NA
0	460	369	in	NA
0	461	370	licensing	NA
0	462	371	the	it
0	463	372	technology	it
0	464	373	to	NA
0	465	374	traditional	NA
0	466	375	vehicle	NA
0	467	376	manufacturers	NA
0	468	377	once	NA
0	469	378	it	NA
0	470	379	has	NA
0	471	380	refined	NA
0	472	381	it	NA
0	473	382	sufficiently.	NA
0	474	382	sufficiently.	NA
0	475	383	Members	NA
0	476	384	of	NA
0	477	385	the	NA
0	478	386	team	NA
0	479	387	had	NA
0	480	388	been	NA
0	481	389	working	NA
0	482	390	on	NA
0	483	391	the	it
0	484	392	project	it
0	485	393	even	NA
0	486	394	before	NA
0	487	395	joining	NA
0	488	396	Google,	it,
0	489	396	Google,	it,
0	490	397	for	NA
0	491	398	more	NA
0	492	399	than	NA
0	493	400	a	NA
0	494	401	decade.	NA
0	495	401	decade.	NA
0	496	402	But	NA
0	497	403	the	NA
0	498	404	prospect	NA
0	499	405	of	NA
0	500	406	driverless	them
0	501	406	driverless	them
0	502	407	cars	them
0	503	408	replacing	NA
0	504	409	human-driven	NA
0	505	409	human-driven	NA
0	506	409	human-driven	NA
0	507	410	taxis	NA
0	508	411	has	NA
0	509	412	been	NA
0	510	413	the	NA
0	511	414	cause	NA
0	512	415	of	NA
0	513	416	some	NA
0	514	417	alarm.	NA
0	515	417	alarm.	NA
0	516	418	“If	“It,
0	517	418	“If	“It,
0	518	418	“If	“It,
0	519	419	you	“It,
0	520	420	get	“It,
0	521	421	rid	“It,
0	522	422	of	“It,
0	523	423	the	“It,
0	524	424	driver,	“It,
0	525	424	driver,	“It,
0	526	425	then	NA
0	527	426	they're	NA
0	528	426	they're	NA
0	529	427	unemployed,”	NA
0	530	427	unemployed,”	NA
0	531	427	unemployed,”	NA
0	532	427	unemployed,”	NA
0	533	428	said	NA
0	534	429	Dennis	he,
0	535	430	Conyon,	he,
0	536	430	Conyon,	he,
0	537	430	Conyon,	he,
0	538	431	the	he.
0	539	432	south-	he.
0	540	432	south-	he.
0	541	433	east	he.
0	542	434	director	he.
0	543	435	for	he.
0	544	436	the	he.
0	545	437	UK	he.
0	546	438	National	he.
0	547	439	Taxi	he.
0	548	440	Association.	he.
0	549	440	Association.	he.
0	550	441	“It	NA
0	551	441	“It	NA
0	552	441	“It	NA
0	553	442	would	NA
0	554	443	have	NA
0	555	444	a	NA
0	556	445	major	NA
0	557	446	impact	NA
0	558	447	on	NA
0	559	448	the	NA
0	560	449	labor	NA
0	561	450	force.”	NA
0	562	450	force.”	NA
0	563	450	force.”	NA
0	564	450	force.”	NA
0	565	451	London	it
0	566	452	has	NA
0	567	453	about	NA
0	568	454	22,000	NA
0	569	454	22,000	NA
0	570	454	22,000	NA
0	571	455	licensed	NA
0	572	456	cabs	NA
0	573	456	cabs	NA
0	574	457	and	NA
0	575	458	Conyon	it
0	576	458	Conyon	it
0	577	459	estimates	NA
0	578	460	that	NA
0	579	461	the	NA
0	580	462	total	NA
0	581	463	number	NA
0	582	464	of	NA
0	583	465	people	NA
0	584	466	who	NA
0	585	467	drive	NA
0	586	468	taxis	NA
0	587	469	for	NA
0	588	470	hire	NA
0	589	471	in	NA
0	590	472	the	it
0	591	473	UK	it
0	592	474	is	NA
0	593	475	about	NA
0	594	476	100,000.	NA
0	595	476	100,000.	NA
0	596	476	100,000.	NA
0	597	476	100,000.	NA
0	598	477	However,	NA
0	599	477	However,	NA
0	600	478	Steve	he,
0	601	479	McNamara,	he,
0	602	479	McNamara,	he,
0	603	479	McNamara,	he,
0	604	480	general	he,
0	605	481	secretary	he,
0	606	482	of	he,
0	607	483	the	he,
0	608	484	10,500-strong	he,
0	609	484	10,500-strong	he,
0	610	484	10,500-strong	he,
0	611	484	10,500-strong	he,
0	612	484	10,500-strong	he,
0	613	485	London	he,
0	614	486	Taxi	he,
0	615	487	Drivers'	he,
0	616	487	Drivers'	he,
0	617	488	Association,	he,
0	618	488	Association,	he,
0	619	489	said:	NA
0	620	489	said:	NA
0	621	490	“You	NA
0	622	490	“You	NA
0	623	490	“You	NA
0	624	491	won't	NA
0	625	491	won't	NA
0	626	492	get	NA
0	627	493	these	them
0	628	494	driverless	them
0	629	494	driverless	them
0	630	495	cars	them
0	631	496	in	NA
0	632	497	London	it
0	633	498	for	NA
0	634	499	20	them.
0	635	500	or	them.
0	636	501	25	them.
0	637	502	years.	them.
0	638	502	years.	them.
0	639	503	Maybe,	NA
0	640	503	Maybe,	NA
0	641	504	by	NA
0	642	505	then,	NA
0	643	505	then,	NA
0	644	506	they'll	NA
0	645	506	they'll	NA
0	646	507	have	NA
0	647	508	a	NA
0	648	509	charge	NA
0	649	510	point	NA
0	650	511	–	NA
0	651	512	because	NA
0	652	513	there	NA
0	653	514	isn't	NA
0	654	514	isn't	NA
0	655	515	a	NA
0	656	516	single	NA
0	657	517	one	NA
0	658	518	in	NA
0	659	519	London	it
0	660	520	now.”	NA
0	661	520	now.”	NA
0	662	520	now.”	NA
0	663	520	now.”	NA
0	664	521	Other	NA
0	665	522	car	NA
0	666	523	makers,	NA
0	667	523	makers,	NA
0	668	524	including	NA
0	669	525	Volvo,	NA
0	670	525	Volvo,	NA
0	671	526	Ford	NA
0	672	527	and	NA
0	673	528	Mercedes,	NA
0	674	528	Mercedes,	NA
0	675	529	are	NA
0	676	530	working	NA
0	677	531	on	NA
0	678	532	driver-assisted	NA
0	679	532	driver-assisted	NA
0	680	532	driver-assisted	NA
0	681	533	vehicles,	NA
0	682	533	vehicles,	NA
0	683	534	which,	NA
0	684	534	which,	NA
0	685	535	unlike	NA
0	686	536	Google's	it,
0	687	536	Google's	it,
0	688	537	version,	it,
0	689	537	version,	it,
0	690	538	do	NA
0	691	539	not	NA
0	692	540	dispense	NA
0	693	540	dispense	NA
0	694	541	with	NA
0	695	542	the	NA
0	696	543	driver	NA
0	697	544	controls.	NA
0	698	544	controls.	NA
0	699	545	But	NA
0	700	546	Chris	he,
0	701	547	Urmson,	he,
0	702	547	Urmson,	he,
0	703	547	Urmson,	he,
0	704	548	director	he,
0	705	549	of	he,
0	706	550	the	he,
0	707	551	self-driving	he,
0	708	551	self-driving	he,
0	709	551	self-driving	he,
0	710	552	car	he,
0	711	553	project	he,
0	712	554	at	he,
0	713	555	Google,	he,
0	714	555	Google,	he,
0	715	556	said	NA
0	716	557	that	NA
0	717	558	the	they
0	718	559	new	they
0	719	560	prototypes	they
0	720	561	dispensed	NA
0	721	561	dispensed	NA
0	722	562	with	NA
0	723	563	the	NA
0	724	564	steering	NA
0	725	565	wheel	NA
0	726	566	and	NA
0	727	567	brakes	NA
0	728	568	because	NA
0	729	569	there	NA
0	730	570	was	NA
0	731	571	no	NA
0	732	572	guarantee	NA
0	733	573	that	NA
0	734	574	a	NA
0	735	575	human	NA
0	736	576	occupant	NA
0	737	577	would	NA
0	738	578	be	NA
0	739	579	able	NA
0	740	580	to	NA
0	741	581	take	NA
0	742	582	over	NA
0	743	583	in	NA
0	744	584	an	NA
0	745	585	emergency,	NA
0	746	585	emergency,	NA
0	747	586	and	NA
0	748	587	that	NA
0	749	588	it	NA
0	750	589	was	NA
0	751	590	simpler	NA
0	752	591	just	NA
0	753	592	to	it.
0	754	593	have	it.
0	755	594	an	it.
0	756	595	emergency	it.
0	757	596	stop	it.
0	758	597	button.	it.
0	759	597	button.	it.
0	760	598	Urmson	He
0	761	598	Urmson	He
0	762	599	said:	NA
0	763	599	said:	NA
0	764	600	“The	“they
0	765	600	“The	“they
0	766	600	“The	“they
0	767	601	vehicles	“they
0	768	602	will	NA
0	769	603	be	NA
0	770	604	very	NA
0	771	605	basic.	NA
0	772	605	basic.	NA
0	773	606	We	NA
0	774	607	want	NA
0	775	608	to	NA
0	776	609	learn	NA
0	777	610	from	NA
0	778	611	them	NA
0	779	612	and	NA
0	780	613	adapt	NA
0	781	614	them	NA
0	782	615	as	NA
0	783	616	quickly	NA
0	784	617	as	NA
0	785	618	possible.	NA
0	786	618	possible.	NA
0	787	619	But	NA
0	788	620	they	NA
0	789	621	will	NA
0	790	622	take	NA
0	791	623	you	NA
0	792	624	where	NA
0	793	625	you	NA
0	794	626	want	NA
0	795	627	to	NA
0	796	628	go	NA
0	797	629	at	NA
0	798	630	the	NA
0	799	631	push	NA
0	800	632	of	NA
0	801	633	a	NA
0	802	634	button.	NA
0	803	634	button.	NA
0	804	635	And,	NA
0	805	635	And,	NA
0	806	636	that's	NA
0	807	636	that's	NA
0	808	637	an	it.”
0	809	638	important	it.”
0	810	639	step	it.”
0	811	640	towards	it.”
0	812	641	improving	it.”
0	813	642	road	it.”
0	814	643	safety	it.”
0	815	644	and	it.”
0	816	645	transforming	it.”
0	817	646	mobility	it.”
0	818	647	for	it.”
0	819	648	millions	it.”
0	820	649	of	it.”
0	821	650	people.”	it.”
0	822	650	people.”	it.”
0	823	650	people.”	it.”
0	824	650	people.”	it.”
0	825	651	So	NA
0	826	652	far,	NA
0	827	652	far,	NA
0	828	653	the	NA
0	829	654	Google	its
0	830	655	versions	NA
0	831	656	of	NA
0	832	657	the	NA
0	833	658	self-driving	NA
0	834	658	self-driving	NA
0	835	658	self-driving	NA
0	836	659	cars	NA
0	837	660	have	NA
0	838	661	covered	NA
0	839	662	700,000	NA
0	840	662	700,000	NA
0	841	662	700,000	NA
0	842	663	miles	NA
0	843	664	without	NA
0	844	665	an	NA
0	845	666	accident	NA
0	846	667	caused	NA
0	847	668	by	NA
0	848	669	the	NA
0	849	670	computer.	NA
0	850	670	computer.	NA
0	851	671	The	It
0	852	672	company	It
0	853	673	points	NA
0	854	674	out	NA
0	855	675	that	NA
0	856	676	thousands	NA
0	857	677	of	NA
0	858	678	people	NA
0	859	679	die	NA
0	860	680	each	NA
0	861	681	year	NA
0	862	682	on	NA
0	863	683	the	them
0	864	684	roads	them
0	865	685	and	NA
0	866	686	that	NA
0	867	687	about	NA
0	868	688	80%	NA
0	869	688	80%	NA
0	870	689	of	NA
0	871	690	crashes	NA
0	872	691	can	NA
0	873	692	be	NA
0	874	693	ascribed	NA
0	875	693	ascribed	NA
0	876	694	to	NA
0	877	695	human	NA
0	878	696	error.	NA
0	879	696	error.	NA
0	880	697	But,	NA
0	881	697	But,	NA
0	882	698	they	NA
0	883	699	could	NA
0	884	700	have	NA
0	885	701	some	NA
0	886	702	way	NA
0	887	703	to	NA
0	888	704	go	NA
0	889	705	to	NA
0	890	706	match	NA
0	891	707	Conyon	him
0	892	707	Conyon	him
0	893	708	at	NA
0	894	709	the	it.
0	895	710	National	it.
0	896	711	Taxi	it.
0	897	712	Association.	it.
0	898	712	Association.	it.
0	899	713	Aged	NA
0	900	713	Aged	NA
0	901	714	79,	NA
0	902	714	79,	NA
0	903	715	he	NA
0	904	716	has	NA
0	905	717	been	NA
0	906	718	driving	NA
0	907	719	a	NA
0	908	720	taxi	NA
0	909	721	for	NA
0	910	722	50	NA
0	911	723	years	NA
0	912	724	and	NA
0	913	725	claims	NA
0	914	726	never	NA
0	915	727	to	NA
0	916	728	have	NA
0	917	729	had	NA
0	918	730	an	NA
0	919	731	accident.	NA
0	920	731	accident.	NA
1	0	0	A	NA
1	1	1	car	NA
1	2	2	with	NA
1	3	3	a	NA
1	4	4	maximum	NA
1	5	5	speed	NA
1	6	6	of	NA
1	7	7	25	NA
1	8	8	miles	NA
1	9	9	per	NA
1	10	10	hour,	NA
1	11	10	hour,	NA
1	12	11	two	it
1	13	12	seats	it
1	14	13	and	NA
1	15	14	no	NA
1	16	15	pedals	NA
1	17	16	or	NA
1	18	17	steering	NA
1	19	18	wheel	NA
1	20	19	does	NA
1	21	20	not	NA
1	22	21	sound	NA
1	23	22	very	NA
1	24	23	interesting.	NA
1	25	23	interesting.	NA
1	26	24	But	NA
1	27	25	Google,	it,
1	28	25	Google,	it,
1	29	26	in	it,
1	30	27	the	it,
1	31	28	US,	it,
1	32	28	US,	it,
1	33	29	shocked	NA
1	34	30	the	NA
1	35	31	car	NA
1	36	32	and	NA
1	37	33	taxi	NA
1	38	34	industries	NA
1	39	35	when	NA
1	40	36	it	NA
1	41	37	unveiled	NA
1	42	38	the	it.
1	43	39	latest	it.
1	44	40	version	it.
1	45	41	of	it.
1	46	42	its	it.
1	47	43	driverless	it.
1	48	43	driverless	it.
1	49	44	car.	it.
1	50	44	car.	it.
1	51	45	Google	It
1	52	46	has	NA
1	53	47	begun	NA
1	54	48	testing	NA
1	55	49	the	it
1	56	50	electric	it
1	57	51	car	it
1	58	52	at	NA
1	59	53	its	NA
1	60	54	headquarters	NA
1	61	55	in	NA
1	62	56	Mountain	NA
1	63	57	View,	NA
1	64	57	View,	NA
1	65	58	California.	it.
1	66	58	California.	it.
1	67	59	The	It
1	68	60	car	It
1	69	61	does	NA
1	70	62	not	NA
1	71	63	have	NA
1	72	64	all	NA
1	73	65	the	NA
1	74	66	normal	NA
1	75	67	car	NA
1	76	68	controls,	NA
1	77	68	controls,	NA
1	78	69	such	NA
1	79	70	as	NA
1	80	71	foot	NA
1	81	72	pedals.	NA
1	82	72	pedals.	NA
1	83	73	Instead,	NA
1	84	73	Instead,	NA
1	85	74	it	NA
1	86	75	has	NA
1	87	76	a	it,
1	88	77	smartphone	it,
1	89	78	app	it,
1	90	79	that	it,
1	91	80	calls	it,
1	92	81	it	it,
1	93	82	and	it,
1	94	83	tells	it,
1	95	84	it	it,
1	96	85	the	it,
1	97	86	destination,	it,
1	98	86	destination,	it,
1	99	87	and	NA
1	100	88	a	NA
1	101	89	STOP	NA
1	102	90	button	NA
1	103	91	between	NA
1	104	92	the	them
1	105	93	two	them
1	106	94	seats	them
1	107	95	in	NA
1	108	96	case	NA
1	109	97	the	NA
1	110	98	passengers	NA
1	111	99	need	NA
1	112	100	to	NA
1	113	101	override	NA
1	114	102	the	it.
1	115	103	computer.	it.
1	116	103	computer.	it.
1	117	104	The	It
1	118	105	company	It
1	119	106	is	NA
1	120	107	building	NA
1	121	108	about	NA
1	122	109	100	NA
1	123	110	prototypes	NA
1	124	111	for	NA
1	125	112	a	NA
1	126	113	two-year	NA
1	127	113	two-year	NA
1	128	113	two-year	NA
1	129	114	test.	NA
1	130	114	test.	NA
1	131	115	The	He,
1	132	116	company's	He,
1	133	116	company's	He,
1	134	117	co-founder,	He,
1	135	117	co-founder,	He,
1	136	117	co-founder,	He,
1	137	117	co-founder,	He,
1	138	118	Sergey	he,
1	139	119	Brin,	he,
1	140	119	Brin,	he,
1	141	119	Brin,	he,
1	142	120	said	NA
1	143	121	that	NA
1	144	122	the	it
1	145	123	vehicle	it
1	146	124	was	NA
1	147	125	still	NA
1	148	126	just	NA
1	149	127	a	it.
1	150	128	prototype.	it.
1	151	128	prototype.	it.
1	152	129	He	NA
1	153	130	says	NA
1	154	131	that	NA
1	155	132	they	NA
1	156	133	want	NA
1	157	134	to	NA
1	158	135	change	NA
1	159	136	the	NA
1	160	137	world	NA
1	161	138	for	NA
1	162	139	people	NA
1	163	140	who	NA
1	164	141	do	NA
1	165	142	not	NA
1	166	143	find	NA
1	167	144	it	NA
1	168	145	easy	NA
1	169	146	to	it
1	170	147	use	it
1	171	148	transportation	it
1	172	149	today.	NA
1	173	149	today.	NA
1	174	150	Talking	NA
1	175	151	about	NA
1	176	152	the	it,
1	177	153	car,	it,
1	178	153	car,	it,
1	179	154	he	NA
1	180	155	said,	NA
1	181	155	said,	NA
1	182	156	“You're	NA
1	183	156	“You're	NA
1	184	156	“You're	NA
1	185	156	“You're	NA
1	186	157	just	NA
1	187	158	sitting	NA
1	188	159	there;	NA
1	189	159	there;	NA
1	190	160	no	NA
1	191	161	steering	NA
1	192	162	wheel,	NA
1	193	162	wheel,	NA
1	194	163	no	NA
1	195	164	pedals.	NA
1	196	164	pedals.	NA
1	197	165	For	NA
1	198	166	me,	NA
1	199	166	me,	NA
1	200	167	it	NA
1	201	168	was	NA
1	202	169	very	NA
1	203	170	relaxing.	NA
1	204	170	relaxing.	NA
1	205	171	About	NA
1	206	172	ten	NA
1	207	173	seconds	NA
1	208	174	after	NA
1	209	175	getting	NA
1	210	176	into	NA
1	211	177	the	it,
1	212	178	car,	it,
1	213	178	car,	it,
1	214	179	I	NA
1	215	180	forgot	NA
1	216	181	I	NA
1	217	182	was	NA
1	218	183	there.	NA
1	219	183	there.	NA
1	220	184	I	NA
1	221	185	found	NA
1	222	186	it	NA
1	223	187	really	NA
1	224	188	fun.”	NA
1	225	188	fun.”	NA
1	226	188	fun.”	NA
1	227	188	fun.”	NA
1	228	189	Google	it
1	229	190	says	NA
1	230	191	that	NA
1	231	192	the	NA
1	232	193	aim	NA
1	233	194	of	NA
1	234	195	the	NA
1	235	196	project	NA
1	236	197	is	NA
1	237	198	to	NA
1	238	199	improve	NA
1	239	200	safety.	NA
1	240	200	safety.	NA
1	241	201	They	NA
1	242	202	say	NA
1	243	203	that	NA
1	244	204	the	it
1	245	205	car	it
1	246	206	is	NA
1	247	207	made	NA
1	248	208	with	NA
1	249	209	foam	NA
1	250	210	at	NA
1	251	211	the	NA
1	252	212	front	NA
1	253	213	and	NA
1	254	214	a	NA
1	255	215	plastic	NA
1	256	216	windscreen,	NA
1	257	216	windscreen,	NA
1	258	216	windscreen,	NA
1	259	217	so	NA
1	260	218	“it	NA
1	261	218	“it	NA
1	262	218	“it	NA
1	263	219	should	NA
1	264	220	be	NA
1	265	221	far	NA
1	266	222	safer	NA
1	267	223	than	NA
1	268	224	any	NA
1	269	225	other	NA
1	270	226	car	NA
1	271	227	for	NA
1	272	228	pedestrians.”	NA
1	273	228	pedestrians.”	NA
1	274	228	pedestrians.”	NA
1	275	228	pedestrians.”	NA
1	276	229	The	they
1	277	230	cars	they
1	278	231	have	NA
1	279	232	been	NA
1	280	233	built	NA
1	281	234	specially	NA
1	282	235	by	NA
1	283	236	a	NA
1	284	237	company	NA
1	285	238	in	NA
1	286	239	Detroit.	NA
1	287	239	Detroit.	NA
1	288	240	Google	It
1	289	241	will	NA
1	290	242	now	NA
1	291	243	test	NA
1	292	244	the	them.
1	293	245	cars,	them.
1	294	245	cars,	them.
1	295	246	which	them.
1	296	247	are	them.
1	297	248	not	them.
1	298	249	yet	them.
1	299	250	for	them.
1	300	251	sale.	them.
1	301	251	sale.	them.
1	302	252	There	NA
1	303	253	need	NA
1	304	254	to	NA
1	305	255	be	NA
1	306	256	detailed	NA
1	307	257	scans	NA
1	308	258	of	NA
1	309	259	the	them
1	310	260	roads	them
1	311	261	before	NA
1	312	262	the	they
1	313	263	cars	they
1	314	264	can	NA
1	315	265	drive	NA
1	316	266	on	NA
1	317	267	them,	NA
1	318	267	them,	NA
1	319	268	because	NA
1	320	269	they	NA
1	321	270	cannot	NA
1	322	271	collect	NA
1	323	272	and	NA
1	324	273	process	NA
1	325	274	enough	NA
1	326	275	information	NA
1	327	276	in	NA
1	328	277	real	NA
1	329	278	time.	NA
1	330	278	time.	NA
1	331	279	So	NA
1	332	280	far,	NA
1	333	280	far,	NA
1	334	281	there	NA
1	335	282	are	NA
1	336	283	detailed	NA
1	337	284	maps	NA
1	338	285	of	NA
1	339	286	about	NA
1	340	287	2,000	NA
1	341	287	2,000	NA
1	342	287	2,000	NA
1	343	288	miles	NA
1	344	289	of	NA
1	345	290	California's	its
1	346	290	California's	its
1	347	291	roads,	NA
1	348	291	roads,	NA
1	349	292	but	NA
1	350	293	California	it
1	351	294	has	NA
1	352	295	more	NA
1	353	296	than	NA
1	354	297	170,000	NA
1	355	297	170,000	NA
1	356	297	170,000	NA
1	357	298	miles	NA
1	358	299	of	NA
1	359	300	roads.	NA
1	360	300	roads.	NA
1	361	301	Google	It
1	362	302	says	NA
1	363	303	it	NA
1	364	304	wants	NA
1	365	305	to	NA
1	366	306	license	NA
1	367	307	the	it
1	368	308	technology	it
1	369	309	to	NA
1	370	310	traditional	them
1	371	311	car	them
1	372	312	makers	them
1	373	313	when	NA
1	374	314	they	NA
1	375	315	have	NA
1	376	316	improved	NA
1	377	317	it.	NA
1	378	317	it.	NA
1	379	318	But	NA
1	380	319	the	NA
1	381	320	idea	NA
1	382	321	that	NA
1	383	322	driverless	they
1	384	322	driverless	they
1	385	323	cars	they
1	386	324	will	NA
1	387	325	replace	NA
1	388	326	taxis	them
1	389	327	with	NA
1	390	328	human	NA
1	391	329	drivers	NA
1	392	330	has	NA
1	393	331	alarmed	NA
1	394	332	some	NA
1	395	333	people.	NA
1	396	333	people.	NA
1	397	334	Dennis	NA
1	398	335	Conyon	NA
1	399	335	Conyon	NA
1	400	336	from	NA
1	401	337	the	NA
1	402	338	UK	NA
1	403	339	National	NA
1	404	340	Taxi	NA
1	405	341	Association	NA
1	406	342	said	NA
1	407	343	that	NA
1	408	344	taxi	their
1	409	345	drivers	NA
1	410	346	will	NA
1	411	347	become	NA
1	412	348	unemployed.	NA
1	413	348	unemployed.	NA
1	414	349	London	NA
1	415	350	has	NA
1	416	351	about	NA
1	417	352	22,000	NA
1	418	352	22,000	NA
1	419	352	22,000	NA
1	420	353	taxis	NA
1	421	354	and	NA
1	422	355	Conyon	NA
1	423	355	Conyon	NA
1	424	356	thinks	NA
1	425	357	that	NA
1	426	358	the	NA
1	427	359	total	NA
1	428	360	number	NA
1	429	361	of	NA
1	430	362	people	NA
1	431	363	who	NA
1	432	364	drive	NA
1	433	365	taxis	NA
1	434	366	in	NA
1	435	367	the	NA
1	436	368	UK	NA
1	437	369	is	NA
1	438	370	about	NA
1	439	371	100,000.	NA
1	440	371	100,000.	NA
1	441	371	100,000.	NA
1	442	371	100,000.	NA
1	443	372	Other	They,
1	444	373	car	They,
1	445	374	makers,	They,
1	446	374	makers,	They,
1	447	375	including	NA
1	448	376	Volvo,	NA
1	449	376	Volvo,	NA
1	450	377	Ford	NA
1	451	378	and	NA
1	452	379	Mercedes,	NA
1	453	379	Mercedes,	NA
1	454	380	are	NA
1	455	381	going	NA
1	456	382	to	NA
1	457	383	make	NA
1	458	384	vehicles	them
1	459	385	that	them
1	460	386	will	them
1	461	387	be	them
1	462	388	different	them
1	463	389	from	them
1	464	390	Google's	them
1	465	390	Google's	them
1	466	391	version	them
1	467	392	because	NA
1	468	393	they	NA
1	469	394	will	NA
1	470	395	have	NA
1	471	396	driver	NA
1	472	397	controls.	NA
1	473	397	controls.	NA
1	474	398	But	NA
1	475	399	Chris	he,
1	476	400	Urmson,	he,
1	477	400	Urmson,	he,
1	478	400	Urmson,	he,
1	479	401	director	he,
1	480	402	of	he,
1	481	403	the	he,
1	482	404	driverless	he,
1	483	404	driverless	he,
1	484	405	car	he,
1	485	406	project	he,
1	486	407	at	he,
1	487	408	Google,	he,
1	488	408	Google,	he,
1	489	409	said	NA
1	490	410	that	NA
1	491	411	the	they
1	492	412	new	they
1	493	413	prototypes	they
1	494	414	do	NA
1	495	415	not	NA
1	496	416	have	NA
1	497	417	a	NA
1	498	418	steering	NA
1	499	419	wheel	NA
1	500	420	or	NA
1	501	421	brakes	NA
1	502	422	because	NA
1	503	423	a	NA
1	504	424	human	NA
1	505	425	passenger	NA
1	506	426	might	NA
1	507	427	not	NA
1	508	428	be	NA
1	509	429	able	NA
1	510	430	to	NA
1	511	431	take	NA
1	512	432	control	NA
1	513	433	in	NA
1	514	434	an	NA
1	515	435	emergency.	NA
1	516	435	emergency.	NA
1	517	436	He	NA
1	518	437	said	NA
1	519	438	that	NA
1	520	439	it	NA
1	521	440	was	NA
1	522	441	simpler	NA
1	523	442	just	NA
1	524	443	to	NA
1	525	444	have	NA
1	526	445	an	NA
1	527	446	emergency	NA
1	528	447	stop	NA
1	529	448	button.	NA
1	530	448	button.	NA
1	531	449	Urmson	He
1	532	449	Urmson	He
1	533	450	said:	NA
1	534	450	said:	NA
1	535	451	“The	“they
1	536	451	“The	“they
1	537	451	“The	“they
1	538	452	vehicles	“they
1	539	453	will	NA
1	540	454	be	NA
1	541	455	very	NA
1	542	456	basic.	NA
1	543	456	basic.	NA
1	544	457	But	NA
1	545	458	they	NA
1	546	459	will	NA
1	547	460	take	it.
1	548	461	you	it.
1	549	462	where	it.
1	550	463	you	it.
1	551	464	want	it.
1	552	465	to	it.
1	553	466	go	it.
1	554	467	at	it.
1	555	468	the	it.
1	556	469	push	it.
1	557	470	of	it.
1	558	471	a	it.
1	559	472	button.	it.
1	560	472	button.	it.
1	561	473	And,	NA
1	562	473	And,	NA
1	563	474	that's	NA
1	564	474	that's	NA
1	565	475	an	NA
1	566	476	important	NA
1	567	477	step	NA
1	568	478	towards	NA
1	569	479	improving	NA
1	570	480	road	NA
1	571	481	safety	NA
1	572	482	and	NA
1	573	483	helping	NA
1	574	484	millions	NA
1	575	485	of	NA
1	576	486	people	NA
1	577	487	travel	NA
1	578	488	around	NA
1	579	489	more	NA
1	580	490	easily.”	NA
1	581	490	easily.”	NA
1	582	490	easily.”	NA
1	583	490	easily.”	NA
1	584	491	So	NA
1	585	492	far,	NA
1	586	492	far,	NA
1	587	493	the	NA
1	588	494	Google	its
1	589	495	versions	NA
1	590	496	of	NA
1	591	497	the	NA
1	592	498	driverless	NA
1	593	498	driverless	NA
1	594	499	cars	NA
1	595	500	have	NA
1	596	501	driven	NA
1	597	502	700,000	NA
1	598	502	700,000	NA
1	599	502	700,000	NA
1	600	503	miles	NA
1	601	504	without	NA
1	602	505	an	NA
1	603	506	accident	NA
1	604	507	caused	NA
1	605	508	by	NA
1	606	509	the	NA
1	607	510	computer.	NA
1	608	510	computer.	NA
1	609	511	The	It
1	610	512	company	It
1	611	513	says	NA
1	612	514	that	NA
1	613	515	thousands	NA
1	614	516	of	NA
1	615	517	people	NA
1	616	518	die	NA
1	617	519	each	NA
1	618	520	year	NA
1	619	521	on	NA
1	620	522	the	them
1	621	523	roads	them
1	622	524	and	NA
1	623	525	that	NA
1	624	526	about	NA
1	625	527	80%	NA
1	626	527	80%	NA
1	627	528	of	NA
1	628	529	crashes	NA
1	629	530	are	NA
1	630	531	caused	NA
1	631	532	by	NA
1	632	533	human	NA
1	633	534	mistakes.	NA
1	634	534	mistakes.	NA
2	0	0	A	NA
2	1	1	nasal	NA
2	2	2	spray	NA
2	3	3	laced	NA
2	4	4	with	NA
2	5	5	the	its'
2	6	6	‘Love	its'
2	7	6	‘Love	its'
2	8	6	‘Love	its'
2	9	7	hormone'	its'
2	10	7	hormone'	its'
2	11	8	oxytocin	it
2	12	8	oxytocin	it
2	13	8	oxytocin	it
2	14	9	could	NA
2	15	10	help	NA
2	16	11	children	NA
2	17	12	with	NA
2	18	13	autism	it
2	19	14	learn	NA
2	20	15	to	NA
2	21	16	handle	NA
2	22	17	social	them
2	23	18	situations	them
2	24	19	better,	NA
2	25	19	better,	NA
2	26	20	US	they
2	27	21	researchers	they
2	28	22	claim.	NA
2	29	22	claim.	NA
2	30	23	Scans	NA
2	31	23	Scans	NA
2	32	24	of	NA
2	33	25	children	them
2	34	26	with	them
2	35	27	autistic	them
2	36	28	spectrum	them
2	37	29	disorder	them
2	38	30	showed	NA
2	39	31	that	NA
2	40	32	a	NA
2	41	33	single	NA
2	42	34	dose	NA
2	43	35	of	NA
2	44	36	the	it
2	45	37	chemical	it
2	46	38	improved	NA
2	47	39	brain	their,
2	48	40	responses	their,
2	49	41	to	their,
2	50	42	facial	their,
2	51	43	expressions,	their,
2	52	43	expressions,	their,
2	53	44	a	it
2	54	45	shift	it
2	55	46	that	NA
2	56	47	could	NA
2	57	48	make	NA
2	58	49	social	NA
2	59	50	interactions	NA
2	60	51	feel	NA
2	61	52	more	NA
2	62	53	natural	NA
2	63	54	and	NA
2	64	55	rewarding	NA
2	65	56	for	NA
2	66	57	them.	NA
2	67	57	them.	NA
2	68	58	The	They
2	69	59	scientists	They
2	70	60	behind	They
2	71	61	the	They
2	72	62	research	They
2	73	63	said	NA
2	74	64	a	NA
2	75	65	course	NA
2	76	66	of	NA
2	77	67	oxytocin	NA
2	78	67	oxytocin	NA
2	79	67	oxytocin	NA
2	80	68	might	NA
2	81	69	boost	NA
2	82	70	the	NA
2	83	71	success	NA
2	84	72	of	NA
2	85	73	behavioral	NA
2	86	74	therapies	NA
2	87	75	that	NA
2	88	76	are	NA
2	89	77	already	NA
2	90	78	used	NA
2	91	79	to	NA
2	92	80	help	NA
2	93	81	people	NA
2	94	82	with	NA
2	95	83	autism	NA
2	96	84	learn	NA
2	97	85	to	NA
2	98	86	cope	NA
2	99	87	with	NA
2	100	88	social	them.
2	101	89	situations.	them.
2	102	89	situations.	them.
2	103	90	“Over	NA
2	104	90	“Over	NA
2	105	90	“Over	NA
2	106	91	time,	NA
2	107	91	time,	NA
2	108	92	what	NA
2	109	93	you	NA
2	110	94	would	NA
2	111	95	expect	NA
2	112	96	to	NA
2	113	97	see	NA
2	114	98	is	NA
2	115	99	more	NA
2	116	100	appropriate	NA
2	117	101	social	NA
2	118	102	responding,	NA
2	119	102	responding,	NA
2	120	103	being	NA
2	121	104	more	NA
2	122	105	interested	NA
2	123	106	in	NA
2	124	107	interacting	NA
2	125	108	with	NA
2	126	109	other	NA
2	127	110	people,	NA
2	128	110	people,	NA
2	129	111	more	NA
2	130	112	eye	NA
2	131	113	contact	NA
2	132	114	and	NA
2	133	115	more	NA
2	134	116	conversational	NA
2	135	116	conversational	NA
2	136	117	ability,”	NA
2	137	117	ability,”	NA
2	138	117	ability,”	NA
2	139	117	ability,”	NA
2	140	118	said	NA
2	141	119	Kevin	he,
2	142	120	Pelphrey,	he,
2	143	120	Pelphrey,	he,
2	144	120	Pelphrey,	he,
2	145	120	Pelphrey,	he,
2	146	121	director	she.
2	147	122	of	she.
2	148	123	the	she.
2	149	124	Child	she.
2	150	125	Neuroscience	she.
2	151	126	Lab	she.
2	152	127	at	she.
2	153	128	Yale	she.
2	154	129	University.	she.
2	155	129	University.	she.
2	156	130	Autism	It
2	157	131	is	NA
2	158	132	a	it.
2	159	133	developmental	it.
2	160	134	disorder	it.
2	161	135	seen	it.
2	162	136	in	it.
2	163	137	more	it.
2	164	138	than	it.
2	165	139	one	it.
2	166	140	in	it.
2	167	141	100	it.
2	168	142	people.	it.
2	169	142	people.	it.
2	170	143	The	It
2	171	144	condition	It
2	172	145	affects	NA
2	173	146	individuals	NA
2	174	147	in	NA
2	175	148	different	NA
2	176	149	ways,	NA
2	177	149	ways,	NA
2	178	150	but	NA
2	179	151	is	NA
2	180	152	characterized	NA
2	181	153	by	NA
2	182	154	difficulties	NA
2	183	155	in	NA
2	184	156	social	NA
2	185	157	interaction	NA
2	186	158	and	NA
2	187	159	communication.	NA
2	188	159	communication.	NA
2	189	160	So	NA
2	190	161	far,	NA
2	191	161	far,	NA
2	192	162	there	NA
2	193	163	is	NA
2	194	164	no	NA
2	195	165	effective	NA
2	196	166	treatment	NA
2	197	167	for	NA
2	198	168	the	NA
2	199	169	social	NA
2	200	170	problems	NA
2	201	171	caused	NA
2	202	172	by	NA
2	203	173	autism.	it.
2	204	173	autism.	it.
2	205	174	Researchers	They
2	206	175	at	They
2	207	176	Yale	They
2	208	177	have	NA
2	209	178	studied	NA
2	210	179	the	it
2	211	180	brain	it
2	212	181	chemical	it
2	213	182	oxytocin	it
2	214	182	oxytocin	it
2	215	182	oxytocin	it
2	216	183	as	NA
2	217	184	a	NA
2	218	185	potential	NA
2	219	186	treatment	NA
2	220	187	for	NA
2	221	188	the	NA
2	222	189	social	NA
2	223	190	impairments	NA
2	224	190	impairments	NA
2	225	191	caused	NA
2	226	192	by	NA
2	227	193	autism	it
2	228	194	because	NA
2	229	195	it	NA
2	230	196	plays	NA
2	231	197	a	NA
2	232	198	crucial	NA
2	233	199	role	NA
2	234	200	in	NA
2	235	201	bonding	NA
2	236	202	and	NA
2	237	203	trust.	NA
2	238	203	trust.	NA
2	239	204	Results	NA
2	240	205	have	NA
2	241	206	been	NA
2	242	207	mixed,	NA
2	243	207	mixed,	NA
2	244	208	though:	NA
2	245	208	though:	NA
2	246	209	one	NA
2	247	210	recent	NA
2	248	211	study	NA
2	249	212	found	NA
2	250	213	no	NA
2	251	214	significant	NA
2	252	215	benefit	NA
2	253	216	for	NA
2	254	217	youths	NA
2	255	218	given	NA
2	256	219	the	it
2	257	220	chemical	it
2	258	221	over	NA
2	259	222	several	NA
2	260	223	days.	NA
2	261	223	days.	NA
2	262	224	But	NA
2	263	225	Pelphrey	he
2	264	225	Pelphrey	he
2	265	225	Pelphrey	he
2	266	226	said	NA
2	267	227	oxytocin	it
2	268	227	oxytocin	it
2	269	227	oxytocin	it
2	270	228	might	NA
2	271	229	help	NA
2	272	230	the	it
2	273	231	brain	it
2	274	232	learn	NA
2	275	233	from	NA
2	276	234	social	NA
2	277	235	interactions;	NA
2	278	235	interactions;	NA
2	279	236	it	NA
2	280	237	would	NA
2	281	238	work	NA
2	282	239	best	NA
2	283	240	when	NA
2	284	241	used	NA
2	285	242	with	NA
2	286	243	therapies	NA
2	287	244	that	NA
2	288	245	encourage	NA
2	289	246	people	NA
2	290	247	with	NA
2	291	248	autism	NA
2	292	249	to	NA
2	293	250	engage	NA
2	294	251	more	NA
2	295	252	socially,	NA
2	296	252	socially,	NA
2	297	253	he	NA
2	298	254	said.	NA
2	299	254	said.	NA
2	300	255	“Our	“It
2	301	255	“Our	“It
2	302	255	“Our	“It
2	303	256	study	“It
2	304	257	shows	NA
2	305	258	that	NA
2	306	259	oxytocin	it
2	307	259	oxytocin	it
2	308	259	oxytocin	it
2	309	260	affects	NA
2	310	261	the	it
2	311	262	brain	it
2	312	263	and	NA
2	313	264	opens	NA
2	314	265	up	NA
2	315	266	the	NA
2	316	267	possibility	NA
2	317	268	that,	NA
2	318	268	that,	NA
2	319	269	when	NA
2	320	270	combined	NA
2	321	271	with	NA
2	322	272	behavioral	NA
2	323	273	treatments,	NA
2	324	273	treatments,	NA
2	325	274	it	NA
2	326	275	works	NA
2	327	276	like	NA
2	328	277	a	NA
2	329	278	social	NA
2	330	279	enhancer,”	NA
2	331	279	enhancer,”	NA
2	332	279	enhancer,”	NA
2	333	279	enhancer,”	NA
2	334	279	enhancer,”	NA
2	335	280	he	NA
2	336	281	said.	NA
2	337	281	said.	NA
2	338	282	The	They
2	339	283	scientists	They
2	340	284	used	NA
2	341	285	a	NA
2	342	286	technique	NA
2	343	287	called	NA
2	344	288	functional	NA
2	345	289	MRI	NA
2	346	290	to	it
2	347	291	scan	it
2	348	292	the	it
2	349	293	brains	it
2	350	294	of	it
2	351	295	17	it
2	352	296	youths	it
2	353	297	aged	it
2	354	298	eight	it
2	355	299	to	it
2	356	300	16	it
2	357	301	with	it
2	358	302	autism	it
2	359	303	while	NA
2	360	304	they	NA
2	361	305	looked	NA
2	362	306	at	NA
2	363	307	images	NA
2	364	308	of	NA
2	365	309	cars	NA
2	366	310	or	NA
2	367	311	the	NA
2	368	312	eyes	NA
2	369	313	of	NA
2	370	314	people	NA
2	371	315	expressing	NA
2	372	316	various	NA
2	373	317	emotions.	NA
2	374	317	emotions.	NA
2	375	318	The	They
2	376	319	scans	They
2	377	320	were	NA
2	378	321	given	NA
2	379	322	45	NA
2	380	323	minutes	NA
2	381	324	after	NA
2	382	325	the	they
2	383	326	participants	they
2	384	327	inhaled	NA
2	385	327	inhaled	NA
2	386	328	a	NA
2	387	329	placebo	NA
2	388	330	or	NA
2	389	331	oxytocin	NA
2	390	331	oxytocin	NA
2	391	331	oxytocin	NA
2	392	332	through	NA
2	393	333	a	NA
2	394	334	nasal	NA
2	395	335	spray.	NA
2	396	335	spray.	NA
2	397	336	The	They
2	398	337	scans	They
2	399	338	showed	NA
2	400	339	that	NA
2	401	340	reward	NA
2	402	341	circuitry	NA
2	403	342	in	NA
2	404	343	the	their
2	405	344	children's	their
2	406	344	children's	their
2	407	345	brains	NA
2	408	346	behaved	NA
2	409	347	more	NA
2	410	348	normally	NA
2	411	349	after	NA
2	412	350	a	NA
2	413	351	snort	NA
2	414	351	snort	NA
2	415	352	of	NA
2	416	353	oxytocin,	it,
2	417	353	oxytocin,	it,
2	418	353	oxytocin,	it,
2	419	353	oxytocin,	it,
2	420	354	being	NA
2	421	355	more	NA
2	422	356	active	NA
2	423	357	when	NA
2	424	358	the	NA
2	425	359	person	NA
2	426	360	was	NA
2	427	361	looking	NA
2	428	362	at	NA
2	429	363	faces	them
2	430	364	and	NA
2	431	365	less	NA
2	432	366	active	NA
2	433	367	when	NA
2	434	368	viewing	NA
2	435	369	the	NA
2	436	370	inanimate	NA
2	437	370	inanimate	NA
2	438	371	cars.	NA
2	439	371	cars.	NA
2	440	372	The	It
2	441	373	study	It
2	442	374	appears	NA
2	443	375	in	NA
2	444	376	the	NA
2	445	377	latest	NA
2	446	378	issue	NA
2	447	379	of	NA
2	448	380	the	NA
2	449	381	journal	NA
2	450	382	Proceedings	NA
2	451	383	of	NA
2	452	384	the	NA
2	453	385	National	NA
2	454	386	Academy	NA
2	455	387	of	NA
2	456	388	Sciences	NA
2	457	389	in	NA
2	458	390	the	NA
2	459	391	United	NA
2	460	392	States.	NA
2	461	392	States.	NA
2	462	393	“If	NA
2	463	393	“If	NA
2	464	393	“If	NA
2	465	394	our	it
2	466	395	study	it
2	467	396	is	NA
2	468	397	replicated,	NA
2	469	397	replicated,	NA
2	470	398	it	NA
2	471	399	suggests	NA
2	472	400	that	NA
2	473	401	oxytocin	it
2	474	401	oxytocin	it
2	475	401	oxytocin	it
2	476	402	might	NA
2	477	403	treat	NA
2	478	404	something	it,
2	479	405	for	it,
2	480	406	which	it,
2	481	407	we	it,
2	482	408	don't	it,
2	483	408	don't	it,
2	484	409	have	it,
2	485	410	a	it,
2	486	411	treatment	it,
2	487	412	in	it,
2	488	413	autism,	it,
2	489	413	autism,	it,
2	490	414	and	NA
2	491	415	that's	NA
2	492	415	that's	NA
2	493	416	the	it,”
2	494	417	core	it,”
2	495	418	social	it,”
2	496	419	motivation,”	it,”
2	497	419	motivation,”	it,”
2	498	419	motivation,”	it,”
2	499	419	motivation,”	it,”
2	500	420	Pelphrey	he
2	501	420	Pelphrey	he
2	502	420	Pelphrey	he
2	503	421	told	NA
2	504	422	the	NA
2	505	423	Guardian.	NA
2	506	423	Guardian.	NA
2	507	424	He	NA
2	508	425	warned	NA
2	509	426	that	NA
2	510	427	it	NA
2	511	428	was	NA
2	512	429	too	NA
2	513	430	early	NA
2	514	431	to	NA
2	515	432	use	NA
2	516	433	oxytocin	NA
2	517	433	oxytocin	NA
2	518	433	oxytocin	NA
2	519	434	as	NA
2	520	435	a	NA
2	521	436	treatment	NA
2	522	437	for	NA
2	523	438	the	NA
2	524	439	social	NA
2	525	440	difficulties	NA
2	526	441	caused	NA
2	527	442	by	NA
2	528	443	autism	it
2	529	444	and	NA
2	530	445	cautioned	NA
2	531	446	against	NA
2	532	447	buying	NA
2	533	448	oxytocin	it
2	534	448	oxytocin	it
2	535	448	oxytocin	it
2	536	449	from	NA
2	537	450	suppliers	NA
2	538	451	online.	NA
2	539	451	online.	NA
2	540	452	“We	NA
2	541	452	“We	NA
2	542	452	“We	NA
2	543	453	don't	NA
2	544	453	don't	NA
2	545	454	want	NA
2	546	455	them	NA
2	547	456	running	NA
2	548	457	out	NA
2	549	458	on	NA
2	550	459	the	NA
2	551	460	basis	NA
2	552	461	of	NA
2	553	462	this	it
2	554	463	study	it
2	555	464	or	NA
2	556	465	any	NA
2	557	466	other	NA
2	558	467	and	NA
2	559	468	trying	NA
2	560	469	oxytocin	it
2	561	469	oxytocin	it
2	562	469	oxytocin	it
2	563	470	at	NA
2	564	471	home.	NA
2	565	471	home.	NA
2	566	472	There	NA
2	567	473	is	NA
2	568	474	no	NA
2	569	475	telling	NA
2	570	476	what	NA
2	571	477	they	NA
2	572	478	are	NA
2	573	479	buying.	NA
2	574	479	buying.	NA
2	575	480	We	NA
2	576	481	are	NA
2	577	482	nowhere	NA
2	578	483	near	NA
2	579	484	thinking	NA
2	580	485	this	NA
2	581	486	is	NA
2	582	487	a	NA
2	583	488	ready	NA
2	584	489	treatment.	NA
2	585	489	treatment.	NA
2	586	490	It	NA
2	587	491	needs	NA
2	588	492	more	NA
2	589	493	follow-up	NA
2	590	493	follow-up	NA
2	591	493	follow-up	NA
2	592	494	research,”	NA
2	593	494	research,”	NA
2	594	494	research,”	NA
2	595	494	research,”	NA
2	596	495	said	NA
2	597	496	Pelphrey.	he.
2	598	496	Pelphrey.	he.
2	599	496	Pelphrey.	he.
2	600	496	Pelphrey.	he.
2	601	497	“This	NA
2	602	497	“This	NA
2	603	497	“This	NA
2	604	498	is	NA
2	605	499	an	it,”
2	606	500	important	it,”
2	607	501	new	it,”
2	608	502	study	it,”
2	609	503	in	it,”
2	610	504	identifying	it,”
2	611	505	changes	it,”
2	612	506	in	it,”
2	613	507	brain	it,”
2	614	508	activity	it,”
2	615	509	in	it,”
2	616	510	key	it,”
2	617	511	regions	it,”
2	618	512	of	it,”
2	619	513	the	it,”
2	620	514	brain	it,”
2	621	515	involved	it,”
2	622	516	in	it,”
2	623	517	social	it,”
2	624	518	cognition	it,”
2	625	519	in	it,”
2	626	520	autism	it,”
2	627	521	following	it,”
2	628	522	oxytocin	it,”
2	629	522	oxytocin	it,”
2	630	522	oxytocin	it,”
2	631	523	administration,”	it,”
2	632	523	administration,”	it,”
2	633	523	administration,”	it,”
2	634	523	administration,”	it,”
2	635	524	said	NA
2	636	525	Simon	he,
2	637	526	Baron-Cohen,	he,
2	638	526	Baron-Cohen,	he,
2	639	526	Baron-Cohen,	he,
2	640	526	Baron-Cohen,	he,
2	641	526	Baron-Cohen,	he,
2	642	527	director	he.
2	643	528	of	he.
2	644	529	the	he.
2	645	530	Autism	he.
2	646	531	Research	he.
2	647	532	Center	he.
2	648	533	at	he.
2	649	534	Cambridge	he.
2	650	535	University.	he.
2	651	535	University.	he.
2	652	536	A	NA
2	653	537	surprising	NA
2	654	538	finding,	NA
2	655	538	finding,	NA
2	656	539	however,	NA
2	657	539	however,	NA
2	658	540	is	NA
2	659	541	that	NA
2	660	542	oxytocin	it
2	661	542	oxytocin	it
2	662	542	oxytocin	it
2	663	543	nasal	it
2	664	544	spray	it
2	665	545	did	NA
2	666	546	not	NA
2	667	547	change	NA
2	668	548	performance	NA
2	669	549	on	NA
2	670	550	the	it.
2	671	551	social	it.
2	672	552	cognitive	it.
2	673	553	task.	it.
2	674	553	task.	it.
2	675	554	Nor	NA
2	676	555	is	NA
2	677	556	it	NA
2	678	557	clear	NA
2	679	558	yet	NA
2	680	559	if	NA
2	681	560	oxytocin	it
2	682	560	oxytocin	it
2	683	560	oxytocin	it
2	684	561	only	NA
2	685	562	has	NA
2	686	563	benefits	NA
2	687	564	for	NA
2	688	565	people	NA
2	689	566	with	NA
2	690	567	autism	it
2	691	568	or	NA
2	692	569	has	NA
2	693	570	any	NA
2	694	571	unwanted	NA
2	695	572	side	NA
2	696	573	effects.	NA
2	697	573	effects.	NA
2	698	574	Finally,	NA
2	699	574	Finally,	NA
2	700	575	oxytocin	its
2	701	575	oxytocin	its
2	702	575	oxytocin	its
2	703	576	effects	NA
2	704	577	only	NA
2	705	578	last	NA
2	706	579	about	NA
2	707	580	45	NA
2	708	581	minutes,	NA
2	709	581	minutes,	NA
2	710	582	so	NA
2	711	583	there	NA
2	712	584	may	NA
2	713	585	be	NA
2	714	586	practical	NA
2	715	587	considerations	NA
2	716	588	as	NA
2	717	589	to	NA
2	718	590	whether	NA
2	719	591	this	NA
2	720	592	could	NA
2	721	593	be	NA
2	722	594	used	NA
2	723	595	as	NA
2	724	596	a	NA
2	725	597	treatment.	NA
2	726	597	treatment.	NA
2	727	598	“From	NA
2	728	598	“From	NA
2	729	598	“From	NA
2	730	599	a	NA
2	731	600	scientific	NA
2	732	601	perspective,	NA
2	733	601	perspective,	NA
2	734	602	this	it
2	735	603	study	it
2	736	604	has	NA
2	737	605	a	NA
2	738	606	lot	NA
2	739	607	of	NA
2	740	608	evidence	NA
2	741	609	from	NA
2	742	610	animal	NA
2	743	611	and	NA
2	744	612	human	NA
2	745	613	work	NA
2	746	614	to	NA
2	747	615	justify	NA
2	748	616	serious	NA
2	749	617	attention,	NA
2	750	617	attention,	NA
2	751	618	but	NA
2	752	619	more	NA
2	753	620	research	NA
2	754	621	is	NA
2	755	622	needed.	NA
2	756	622	needed.	NA
2	757	623	Doctors	NA
2	758	624	should	NA
2	759	625	be	NA
2	760	626	cautious	NA
2	761	627	about	NA
2	762	628	the	NA
2	763	629	clinical	NA
2	764	630	potential	NA
2	765	631	of	NA
2	766	632	this	it
2	767	633	hormone	it
2	768	634	until	NA
2	769	635	we	NA
2	770	636	know	NA
2	771	637	much	NA
2	772	638	more	NA
2	773	639	about	NA
2	774	640	its	NA
2	775	641	benefits	NA
2	776	642	and	NA
2	777	643	risks,	NA
2	778	643	risks,	NA
2	779	644	in	NA
2	780	645	much	NA
2	781	646	larger	NA
2	782	647	studies,”	NA
2	783	647	studies,”	NA
2	784	647	studies,”	NA
2	785	647	studies,”	NA
2	786	648	said	NA
2	787	649	Simon	he.
2	788	650	Baron-Cohen.	he.
2	789	650	Baron-Cohen.	he.
2	790	650	Baron-Cohen.	he.
2	791	650	Baron-Cohen.	he.
2	792	650	Baron-Cohen.	he.
2	793	651	Uta	NA
2	794	651	Uta	NA
2	795	652	Frith,	NA
2	796	652	Frith,	NA
2	797	652	Frith,	NA
2	798	653	who	NA
2	799	654	studies	NA
2	800	655	autism	it
2	801	656	at	NA
2	802	657	University	NA
2	803	658	College	NA
2	804	659	London,	NA
2	805	659	London,	NA
2	806	660	said:	NA
2	807	660	said:	NA
2	808	661	“According	NA
2	809	661	“According	NA
2	810	661	“According	NA
2	811	662	to	NA
2	812	663	this	it,
2	813	664	study,	it,
2	814	664	study,	it,
2	815	665	oxytocin	it
2	816	665	oxytocin	it
2	817	665	oxytocin	it
2	818	666	may	NA
2	819	667	have	NA
2	820	668	the	it
2	821	669	effect	it
2	822	670	of	it
2	823	671	making	it
2	824	672	faces	it
2	825	673	more	it
2	826	674	interesting	it
2	827	675	as	NA
2	828	676	assessed	NA
2	829	677	by	NA
2	830	678	greater	it.
2	831	679	activity	it.
2	832	680	in	it.
2	833	681	brain	it.
2	834	682	structures	it.
2	835	683	concerned	it.
2	836	684	with	it.
2	837	685	reward	it.
2	838	686	evaluation.	it.
2	839	686	evaluation.	it.
2	840	687	Disappointingly,	NA
2	841	687	Disappointingly,	NA
2	842	687	Disappointingly,	NA
2	843	687	Disappointingly,	NA
2	844	688	this	it
2	845	689	effect	it
2	846	690	is	NA
2	847	691	seen	NA
2	848	692	only	NA
2	849	693	in	NA
2	850	694	brain	it
2	851	695	activity	it
2	852	696	and	NA
2	853	697	not	NA
2	854	698	in	NA
2	855	699	behavior.	it.
2	856	699	behavior.	it.
2	857	700	Demonstrating	NA
2	858	700	Demonstrating	NA
2	859	700	Demonstrating	NA
2	860	701	an	NA
2	861	702	effect	NA
2	862	703	on	NA
2	863	704	behavior	it
2	864	705	will	NA
2	865	706	be	NA
2	866	707	critical	NA
2	867	708	if	NA
2	868	709	nasal	it
2	869	710	spray	it
2	870	711	treatment	NA
2	871	712	is	NA
2	872	713	to	NA
2	873	714	be	NA
2	874	715	of	NA
2	875	716	any	NA
2	876	717	value.”	NA
2	877	717	value.”	NA
2	878	717	value.”	NA
2	879	717	value.”	NA
3	0	0	American	They
3	1	1	researchers	They
3	2	2	say	NA
3	3	3	that	NA
3	4	4	a	NA
3	5	5	nasal	NA
3	6	6	spray	NA
3	7	7	containing	NA
3	8	8	the	NA
3	9	9	‘Love	NA
3	10	9	‘Love	NA
3	11	9	‘Love	NA
3	12	10	hormone'	NA
3	13	10	hormone'	NA
3	14	11	oxytocin	it
3	15	11	oxytocin	it
3	16	11	oxytocin	it
3	17	12	could	NA
3	18	13	help	NA
3	19	14	children	NA
3	20	15	with	NA
3	21	16	autism	NA
3	22	17	behave	NA
3	23	18	more	NA
3	24	19	normally	NA
3	25	20	in	NA
3	26	21	social	their.
3	27	22	situations.	their.
3	28	22	situations.	their.
3	29	23	Scans	NA
3	30	23	Scans	NA
3	31	24	of	NA
3	32	25	autistic	them
3	33	26	children	them
3	34	27	showed	NA
3	35	28	that	NA
3	36	29	the	it
3	37	30	chemical	it
3	38	31	made	NA
3	39	32	the	it.
3	40	33	brain	it.
3	41	34	respond	it.
3	42	35	better	it.
3	43	36	to	it.
3	44	37	faces.	it.
3	45	37	faces.	it.
3	46	38	This	NA
3	47	39	could	NA
3	48	40	make	NA
3	49	41	social	NA
3	50	42	interactions	NA
3	51	43	easier	NA
3	52	44	for	NA
3	53	45	them.	NA
3	54	45	them.	NA
3	55	46	The	They
3	56	47	researchers	They
3	57	48	said	NA
3	58	49	oxytocin	it
3	59	49	oxytocin	it
3	60	49	oxytocin	it
3	61	50	might	NA
3	62	51	help	NA
3	63	52	other	NA
3	64	53	treatments	NA
3	65	54	that	NA
3	66	55	are	NA
3	67	56	used	NA
3	68	57	to	NA
3	69	58	help	NA
3	70	59	people	NA
3	71	60	with	NA
3	72	61	autism	NA
3	73	62	in	NA
3	74	63	social	their.
3	75	64	situations.	their.
3	76	64	situations.	their.
3	77	65	“Over	NA
3	78	65	“Over	NA
3	79	65	“Over	NA
3	80	66	time,	NA
3	81	66	time,	NA
3	82	67	there	NA
3	83	68	would	NA
3	84	69	be	NA
3	85	70	more	NA
3	86	71	normal	NA
3	87	72	social	NA
3	88	73	responding.	NA
3	89	73	responding.	NA
3	90	74	Autistic	NA
3	91	74	Autistic	NA
3	92	75	people	NA
3	93	76	would	NA
3	94	77	be	NA
3	95	78	more	NA
3	96	79	interested	NA
3	97	80	in	NA
3	98	81	interacting	NA
3	99	82	with	NA
3	100	83	other	NA
3	101	84	people;	NA
3	102	84	people;	NA
3	103	85	there	NA
3	104	86	would	NA
3	105	87	be	NA
3	106	88	more	NA
3	107	89	eye	NA
3	108	90	contact	NA
3	109	91	and	NA
3	110	92	more	NA
3	111	93	conversation,”	NA
3	112	93	conversation,”	NA
3	113	93	conversation,”	NA
3	114	93	conversation,”	NA
3	115	94	said	NA
3	116	95	Kevin	he,
3	117	96	Pelphrey,	he,
3	118	96	Pelphrey,	he,
3	119	96	Pelphrey,	he,
3	120	96	Pelphrey,	he,
3	121	97	of	NA
3	122	98	Yale	NA
3	123	99	University.	NA
3	124	99	University.	NA
3	125	100	Autism	It
3	126	101	is	NA
3	127	102	a	it.
3	128	103	disorder	it.
3	129	104	that	it.
3	130	105	one	it.
3	131	106	in	it.
3	132	107	100	it.
3	133	108	people	it.
3	134	109	have.	it.
3	135	109	have.	it.
3	136	110	It	NA
3	137	111	affects	NA
3	138	112	people	NA
3	139	113	in	NA
3	140	114	different	NA
3	141	115	ways,	NA
3	142	115	ways,	NA
3	143	116	but	NA
3	144	117	causes	NA
3	145	118	difficulties	NA
3	146	119	in	NA
3	147	120	social	NA
3	148	121	interaction	NA
3	149	122	and	NA
3	150	123	communication.	NA
3	151	123	communication.	NA
3	152	124	So	NA
3	153	125	far,	NA
3	154	125	far,	NA
3	155	126	there	NA
3	156	127	is	NA
3	157	128	no	NA
3	158	129	effective	NA
3	159	130	treatment	NA
3	160	131	for	NA
3	161	132	the	them.
3	162	133	social	them.
3	163	134	problems	them.
3	164	135	that	them.
3	165	136	autism	them.
3	166	137	causes.	them.
3	167	137	causes.	them.
3	168	138	Researchers	They
3	169	139	at	They
3	170	140	Yale	They
3	171	141	have	NA
3	172	142	studied	NA
3	173	143	the	it.
3	174	144	brain	it.
3	175	145	chemical	it.
3	176	146	oxytocin.	it.
3	177	146	oxytocin.	it.
3	178	146	oxytocin.	it.
3	179	146	oxytocin.	it.
3	180	147	They	NA
3	181	148	say	NA
3	182	149	it	NA
3	183	150	is	NA
3	184	151	a	NA
3	185	152	possible	NA
3	186	153	treatment	NA
3	187	154	for	NA
3	188	155	the	them
3	189	156	social	them
3	190	157	problems	them
3	191	158	caused	them
3	192	159	by	them
3	193	160	autism	them
3	194	161	because	NA
3	195	162	it	NA
3	196	163	plays	NA
3	197	164	an	NA
3	198	165	important	NA
3	199	166	role	NA
3	200	167	in	NA
3	201	168	bonding	NA
3	202	169	and	NA
3	203	170	trust.	NA
3	204	170	trust.	NA
3	205	171	But	NA
3	206	172	not	NA
3	207	173	all	NA
3	208	174	results	NA
3	209	175	are	NA
3	210	176	positive:	NA
3	211	176	positive:	NA
3	212	177	one	NA
3	213	178	recent	NA
3	214	179	study	NA
3	215	180	found	NA
3	216	181	no	NA
3	217	182	significant	NA
3	218	183	benefit	NA
3	219	184	for	NA
3	220	185	young	NA
3	221	186	people	NA
3	222	187	who	NA
3	223	188	took	NA
3	224	189	the	it
3	225	190	chemical	it
3	226	191	for	NA
3	227	192	several	NA
3	228	193	days.	NA
3	229	193	days.	NA
3	230	194	But	NA
3	231	195	Pelphrey	he
3	232	195	Pelphrey	he
3	233	195	Pelphrey	he
3	234	196	said	NA
3	235	197	oxytocin	it
3	236	197	oxytocin	it
3	237	197	oxytocin	it
3	238	198	might	NA
3	239	199	help	NA
3	240	200	the	NA
3	241	201	brain	NA
3	242	202	learn	NA
3	243	203	from	NA
3	244	204	social	NA
3	245	205	interactions;	NA
3	246	205	interactions;	NA
3	247	206	it	NA
3	248	207	would	NA
3	249	208	work	NA
3	250	209	best	NA
3	251	210	when	NA
3	252	211	used	NA
3	253	212	together	NA
3	254	213	with	NA
3	255	214	therapies	NA
3	256	215	that	NA
3	257	216	encourage	NA
3	258	217	people	NA
3	259	218	with	NA
3	260	219	autism	NA
3	261	220	to	NA
3	262	221	interact	NA
3	263	222	more	NA
3	264	223	socially,	NA
3	265	223	socially,	NA
3	266	224	he	NA
3	267	225	said.	NA
3	268	225	said.	NA
3	269	226	Scientists	They
3	270	227	tested	NA
3	271	228	17	them.
3	272	229	young	them.
3	273	230	people	them.
3	274	231	aged	them.
3	275	232	eight	them.
3	276	233	to	them.
3	277	234	16	them.
3	278	235	with	them.
3	279	236	autism.	them.
3	280	236	autism.	them.
3	281	237	They	NA
3	282	238	gave	NA
3	283	239	them	NA
3	284	240	either	NA
3	285	241	oxytocin	NA
3	286	241	oxytocin	NA
3	287	241	oxytocin	NA
3	288	242	or	NA
3	289	243	a	NA
3	290	244	placebo	NA
3	291	245	through	NA
3	292	246	a	NA
3	293	247	nose	NA
3	294	248	spray.	NA
3	295	248	spray.	NA
3	296	249	Then,	NA
3	297	249	Then,	NA
3	298	250	the	they
3	299	251	scientists	they
3	300	252	scanned	they
3	301	253	their	they
3	302	254	brains	they
3	303	255	while	NA
3	304	256	they	NA
3	305	257	looked	NA
3	306	258	at	NA
3	307	259	images	NA
3	308	260	of	NA
3	309	261	cars	NA
3	310	262	or	NA
3	311	263	the	NA
3	312	264	eyes	NA
3	313	265	of	NA
3	314	266	people	NA
3	315	267	expressing	NA
3	316	268	different	NA
3	317	269	emotions.	NA
3	318	269	emotions.	NA
3	319	270	The	They
3	320	271	scans	They
3	321	272	showed	NA
3	322	273	that	NA
3	323	274	some	they
3	324	275	parts	they
3	325	276	of	they
3	326	277	the	they
3	327	278	children's	they
3	328	278	children's	they
3	329	279	brains	they
3	330	280	behaved	NA
3	331	281	more	NA
3	332	282	normally	NA
3	333	283	after	NA
3	334	284	oxytocin:	it:
3	335	284	oxytocin:	it:
3	336	284	oxytocin:	it:
3	337	284	oxytocin:	it:
3	338	285	they	NA
3	339	286	were	NA
3	340	287	more	NA
3	341	288	active	NA
3	342	289	when	NA
3	343	290	the	NA
3	344	291	person	NA
3	345	292	was	NA
3	346	293	looking	NA
3	347	294	at	NA
3	348	295	faces	NA
3	349	296	and	NA
3	350	297	less	NA
3	351	298	active	NA
3	352	299	when	NA
3	353	300	the	NA
3	354	301	person	NA
3	355	302	was	NA
3	356	303	looking	NA
3	357	304	at	NA
3	358	305	the	NA
3	359	306	cars.	NA
3	360	306	cars.	NA
3	361	307	“Our	“It
3	362	307	“Our	“It
3	363	307	“Our	“It
3	364	308	study	“It
3	365	309	suggests	NA
3	366	310	that	NA
3	367	311	oxytocin	it
3	368	311	oxytocin	it
3	369	311	oxytocin	it
3	370	312	might	NA
3	371	313	treat	NA
3	372	314	basic	it.
3	373	315	social	it.
3	374	316	motivation.	it.
3	375	316	motivation.	it.
3	376	317	This	NA
3	377	318	is	NA
3	378	319	something	it,”
3	379	320	for	it,”
3	380	321	which	it,”
3	381	322	we	it,”
3	382	323	don't	it,”
3	383	323	don't	it,”
3	384	324	have	it,”
3	385	325	a	it,”
3	386	326	treatment	it,”
3	387	327	in	it,”
3	388	328	autism,”	it,”
3	389	328	autism,”	it,”
3	390	328	autism,”	it,”
3	391	328	autism,”	it,”
3	392	329	said	NA
3	393	330	Pelphrey.	he.
3	394	330	Pelphrey.	he.
3	395	330	Pelphrey.	he.
3	396	330	Pelphrey.	he.
3	397	331	He	NA
3	398	332	said	NA
3	399	333	that	NA
3	400	334	it	NA
3	401	335	was	NA
3	402	336	too	NA
3	403	337	early	NA
3	404	338	to	NA
3	405	339	use	NA
3	406	340	oxytocin	NA
3	407	340	oxytocin	NA
3	408	340	oxytocin	NA
3	409	341	as	NA
3	410	342	a	NA
3	411	343	treatment	NA
3	412	344	for	NA
3	413	345	the	them
3	414	346	social	them
3	415	347	difficulties	them
3	416	348	caused	them
3	417	349	by	them
3	418	350	autism	them
3	419	351	and	NA
3	420	352	said	NA
3	421	353	people	NA
3	422	354	should	NA
3	423	355	not	NA
3	424	356	buy	NA
3	425	357	oxytocin	it
3	426	357	oxytocin	it
3	427	357	oxytocin	it
3	428	358	online.	NA
3	429	358	online.	NA
3	430	359	“We	NA
3	431	359	“We	NA
3	432	359	“We	NA
3	433	360	don't	NA
3	434	360	don't	NA
3	435	361	want	NA
3	436	362	them	NA
3	437	363	to	NA
3	438	364	try	NA
3	439	365	oxytocin	it
3	440	365	oxytocin	it
3	441	365	oxytocin	it
3	442	366	at	NA
3	443	367	home.	NA
3	444	367	home.	NA
3	445	368	It	NA
3	446	369	is	NA
3	447	370	impossible	NA
3	448	371	to	it.
3	449	372	say	it.
3	450	373	what	it.
3	451	374	they	it.
3	452	375	are	it.
3	453	376	buying.	it.
3	454	376	buying.	it.
3	455	377	This	NA
3	456	378	is	NA
3	457	379	not	NA
3	458	380	a	NA
3	459	381	treatment	NA
3	460	382	yet.	NA
3	461	382	yet.	NA
3	462	383	It	NA
3	463	384	needs	NA
3	464	385	more	it,”
3	465	386	research,”	it,”
3	466	386	research,”	it,”
3	467	386	research,”	it,”
3	468	386	research,”	it,”
3	469	387	said	NA
3	470	388	Pelphrey.	he.
3	471	388	Pelphrey.	he.
3	472	388	Pelphrey.	he.
3	473	388	Pelphrey.	he.
3	474	389	“This	NA
3	475	389	“This	NA
3	476	389	“This	NA
3	477	390	is	NA
3	478	391	an	it,”
3	479	392	important	it,”
3	480	393	new	it,”
3	481	394	study,”	it,”
3	482	394	study,”	it,”
3	483	394	study,”	it,”
3	484	394	study,”	it,”
3	485	395	said	NA
3	486	396	Simon	he,
3	487	397	Baron-Cohen,	he,
3	488	397	Baron-Cohen,	he,
3	489	397	Baron-Cohen,	he,
3	490	397	Baron-Cohen,	he,
3	491	397	Baron-Cohen,	he,
3	492	398	director	he.
3	493	399	of	he.
3	494	400	the	he.
3	495	401	Autism	he.
3	496	402	Research	he.
3	497	403	Center	he.
3	498	404	at	he.
3	499	405	Cambridge	he.
3	500	406	University.	he.
3	501	406	University.	he.
3	502	407	But,	NA
3	503	407	But,	NA
3	504	408	the	they
3	505	409	scientists	they
3	506	410	were	NA
3	507	411	surprised	NA
3	508	412	to	NA
3	509	413	find	NA
3	510	414	that	NA
3	511	415	oxytocin	it
3	512	415	oxytocin	it
3	513	415	oxytocin	it
3	514	416	did	NA
3	515	417	not	NA
3	516	418	help	NA
3	517	419	the	them
3	518	420	children	them
3	519	421	in	NA
3	520	422	social	NA
3	521	423	recognition	NA
3	522	424	tasks.	NA
3	523	424	tasks.	NA
3	524	425	It	NA
3	525	426	is	NA
3	526	427	also	NA
3	527	428	not	NA
3	528	429	known	NA
3	529	430	yet	NA
3	530	431	if	NA
3	531	432	oxytocin	it
3	532	432	oxytocin	it
3	533	432	oxytocin	it
3	534	433	only	NA
3	535	434	has	NA
3	536	435	benefits	NA
3	537	436	for	NA
3	538	437	people	NA
3	539	438	with	NA
3	540	439	autism	it
3	541	440	or	NA
3	542	441	has	NA
3	543	442	any	NA
3	544	443	bad	NA
3	545	444	side	NA
3	546	445	effects.	NA
3	547	445	effects.	NA
3	548	446	Finally,	NA
3	549	446	Finally,	NA
3	550	447	oxytocin	its
3	551	447	oxytocin	its
3	552	447	oxytocin	its
3	553	448	effects	NA
3	554	449	only	NA
3	555	450	last	NA
3	556	451	about	NA
3	557	452	45	NA
3	558	453	minutes,	NA
3	559	453	minutes,	NA
3	560	454	so	NA
3	561	455	it	NA
3	562	456	might	NA
3	563	457	be	NA
3	564	458	difficult	NA
3	565	459	to	it.
3	566	460	use	it.
3	567	461	it	it.
3	568	462	as	it.
3	569	463	a	it.
3	570	464	treatment.	it.
3	571	464	treatment.	it.
3	572	465	“This	“It
3	573	465	“This	“It
3	574	465	“This	“It
3	575	466	study	“It
3	576	467	has	NA
3	577	468	a	NA
3	578	469	lot	NA
3	579	470	of	NA
3	580	471	evidence	NA
3	581	472	from	NA
3	582	473	animal	NA
3	583	474	and	NA
3	584	475	human	NA
3	585	476	work	NA
3	586	477	to	NA
3	587	478	show	NA
3	588	479	that	NA
3	589	480	oxytocin	it
3	590	480	oxytocin	it
3	591	480	oxytocin	it
3	592	481	helps,	NA
3	593	481	helps,	NA
3	594	482	but	NA
3	595	483	we	NA
3	596	484	need	NA
3	597	485	more	it,”
3	598	486	research,”	it,”
3	599	486	research,”	it,”
3	600	486	research,”	it,”
3	601	486	research,”	it,”
3	602	487	said	NA
3	603	488	Simon	he.
3	604	489	Baron-Cohen.	he.
3	605	489	Baron-Cohen.	he.
3	606	489	Baron-Cohen.	he.
3	607	489	Baron-Cohen.	he.
3	608	489	Baron-Cohen.	he.
3	609	490	Uta	She,
3	610	490	Uta	She,
3	611	491	Frith,	She,
3	612	491	Frith,	She,
3	613	491	Frith,	She,
3	614	492	who	She,
3	615	493	studies	She,
3	616	494	autism	She,
3	617	495	at	She,
3	618	496	University	She,
3	619	497	College	She,
3	620	498	London,	She,
3	621	498	London,	She,
3	622	499	said:	NA
3	623	499	said:	NA
3	624	500	“According	NA
3	625	500	“According	NA
3	626	500	“According	NA
3	627	501	to	NA
3	628	502	this	it,
3	629	503	study,	it,
3	630	503	study,	it,
3	631	504	oxytocin	it.
3	632	504	oxytocin	it.
3	633	504	oxytocin	it.
3	634	505	may	it.
3	635	506	make	it.
3	636	507	faces	it.
3	637	508	more	it.
3	638	509	interesting.	it.
3	639	509	interesting.	it.
3	640	510	Disappointingly,	NA
3	641	510	Disappointingly,	NA
3	642	510	Disappointingly,	NA
3	643	510	Disappointingly,	NA
3	644	511	this	it
3	645	512	effect	it
3	646	513	is	NA
3	647	514	seen	NA
3	648	515	only	NA
3	649	516	in	NA
3	650	517	brain	its
3	651	518	activity	NA
3	652	519	and	NA
3	653	520	not	NA
3	654	521	in	NA
3	655	522	behavior.”	its.”
3	656	522	behavior.”	its.”
3	657	522	behavior.”	its.”
3	658	522	behavior.”	its.”
3	659	523	She	NA
3	660	524	said	NA
3	661	525	that,	NA
3	662	525	that,	NA
3	663	526	if	NA
3	664	527	we	NA
3	665	528	want	NA
3	666	529	oxytocin	it
3	667	529	oxytocin	it
3	668	529	oxytocin	it
3	669	530	to	NA
3	670	531	become	NA
3	671	532	a	NA
3	672	533	useful	NA
3	673	534	treatment	NA
3	674	535	for	NA
3	675	536	autism,	it,
3	676	536	autism,	it,
3	677	537	we	NA
3	678	538	need	NA
3	679	539	to	NA
3	680	540	show	NA
3	681	541	that	NA
3	682	542	is	it
3	683	543	has	NA
3	684	544	an	NA
3	685	545	effect	NA
3	686	546	on	NA
3	687	547	behavior.	it.
3	688	547	behavior.	it.
4	0	0	They	NA
4	1	1	call	NA
4	2	2	him	him,
4	3	3	the	him,
4	4	4	Robin	him,
4	5	5	Hood	him,
4	6	6	of	him,
4	7	7	the	him,
4	8	8	banks,	him,
4	9	8	banks,	him,
4	10	9	a	he.
4	11	10	man	he.
4	12	11	who	he.
4	13	12	took	he.
4	14	13	out	he.
4	15	14	dozens	he.
4	16	15	of	he.
4	17	16	loans,	he.
4	18	16	loans,	he.
4	19	17	worth	he.
4	20	18	almost	he.
4	21	19	half	he.
4	22	20	a	he.
4	23	21	million	he.
4	24	22	euros,	he.
4	25	22	euros,	he.
4	26	23	with	he.
4	27	24	no	he.
4	28	25	intention	he.
4	29	26	of	he.
4	30	27	ever	he.
4	31	28	paying	he.
4	32	29	them	he.
4	33	30	back.	he.
4	34	30	back.	he.
4	35	31	Instead,	NA
4	36	31	Instead,	NA
4	37	32	Enric	he
4	38	32	Enric	he
4	39	33	Duran	he
4	40	33	Duran	he
4	41	34	handed	NA
4	42	35	the	it
4	43	36	money	it
4	44	37	out	NA
4	45	38	to	NA
4	46	39	projects	NA
4	47	40	that	NA
4	48	41	created	NA
4	49	42	and	NA
4	50	43	promoted	NA
4	51	44	alternatives	them.
4	52	45	to	them.
4	53	46	capitalism.	them.
4	54	46	capitalism.	them.
4	55	47	After	NA
4	56	48	14	NA
4	57	49	months	NA
4	58	50	in	NA
4	59	51	hiding,	NA
4	60	51	hiding,	NA
4	61	52	Duran	he
4	62	52	Duran	he
4	63	53	is	NA
4	64	54	unapologetic,	NA
4	65	54	unapologetic,	NA
4	66	54	unapologetic,	NA
4	67	54	unapologetic,	NA
4	68	55	even	NA
4	69	56	though	NA
4	70	57	his	they
4	71	58	activities	they
4	72	59	could	NA
4	73	60	land	NA
4	74	61	him	NA
4	75	62	in	NA
4	76	63	jail.	NA
4	77	63	jail.	NA
4	78	64	“I'm	NA
4	79	64	“I'm	NA
4	80	64	“I'm	NA
4	81	64	“I'm	NA
4	82	65	proud	NA
4	83	66	of	NA
4	84	67	what	NA
4	85	68	I	NA
4	86	69	did,”	NA
4	87	69	did,”	NA
4	88	69	did,”	NA
4	89	69	did,”	NA
4	90	70	he	NA
4	91	71	said	NA
4	92	72	in	NA
4	93	73	an	NA
4	94	74	interview	NA
4	95	75	by	NA
4	96	76	Skype	NA
4	97	77	from	NA
4	98	78	an	NA
4	99	79	undisclosed	NA
4	100	80	location.	NA
4	101	80	location.	NA
4	102	81	From	NA
4	103	82	2006	NA
4	104	83	to	NA
4	105	84	2008,	NA
4	106	84	2008,	NA
4	107	85	Duran	he
4	108	85	Duran	he
4	109	86	took	NA
4	110	87	out	NA
4	111	88	68	them
4	112	89	commercial	them
4	113	90	and	them
4	114	91	personal	them
4	115	92	loans	them
4	116	93	from	NA
4	117	94	39	them.
4	118	95	banks	them.
4	119	96	in	them.
4	120	97	Spain.	them.
4	121	97	Spain.	them.
4	122	98	He	NA
4	123	99	farmed	NA
4	124	99	farmed	NA
4	125	100	the	it
4	126	101	money	it
4	127	102	out	NA
4	128	103	to	NA
4	129	104	social	them,
4	130	105	activists,	them,
4	131	105	activists,	them,
4	132	106	funding	NA
4	133	107	speaking	NA
4	134	108	tours	NA
4	135	109	against	NA
4	136	110	capitalism	it
4	137	111	and	NA
4	138	112	TV	NA
4	139	113	cameras	NA
4	140	114	for	NA
4	141	115	a	NA
4	142	116	media	NA
4	143	117	network.	NA
4	144	117	network.	NA
4	145	118	“I	NA
4	146	118	“I	NA
4	147	118	“I	NA
4	148	119	saw	NA
4	149	120	that,	NA
4	150	120	that,	NA
4	151	121	on	NA
4	152	122	one	NA
4	153	123	side,	NA
4	154	123	side,	NA
4	155	124	these	they
4	156	125	social	they
4	157	126	movements	they
4	158	127	were	NA
4	159	128	building	NA
4	160	129	alternatives	them
4	161	130	but	NA
4	162	131	that	NA
4	163	132	they	NA
4	164	133	lacked	NA
4	165	134	resources	NA
4	166	135	and	NA
4	167	136	communication	NA
4	168	137	capacities,”	NA
4	169	137	capacities,”	NA
4	170	137	capacities,”	NA
4	171	137	capacities,”	NA
4	172	138	he	NA
4	173	139	said.	NA
4	174	139	said.	NA
4	175	140	“Meanwhile,	NA
4	176	140	“Meanwhile,	NA
4	177	140	“Meanwhile,	NA
4	178	140	“Meanwhile,	NA
4	179	141	our	it
4	180	142	economy	it
4	181	143	was	NA
4	182	144	perpetually	NA
4	183	145	growing,	NA
4	184	145	growing,	NA
4	185	146	which	NA
4	186	147	lead	NA
4	187	148	to	NA
4	188	149	a	it.”
4	189	150	system	it.”
4	190	151	that	it.”
4	191	152	created	it.”
4	192	153	money	it.”
4	193	154	out	it.”
4	194	155	of	it.”
4	195	156	nothing.”	it.”
4	196	156	nothing.”	it.”
4	197	156	nothing.”	it.”
4	198	156	nothing.”	it.”
4	199	157	The	they
4	200	158	loans	they
4	201	159	Duran	they
4	202	159	Duran	they
4	203	160	swindled	they
4	204	160	swindled	they
4	205	160	swindled	they
4	206	161	from	they
4	207	162	banks	they
4	208	163	were	NA
4	209	164	his	them,
4	210	165	way	them,
4	211	166	of	them,
4	212	167	regulating	them,
4	213	168	and	them,
4	214	169	denouncing	them,
4	215	170	this	them,
4	216	171	situation,	them,
4	217	171	situation,	them,
4	218	172	he	NA
4	219	173	said.	NA
4	220	173	said.	NA
4	221	174	He	NA
4	222	175	started	NA
4	223	176	slowly.	NA
4	224	176	slowly.	NA
4	225	177	“I	NA
4	226	177	“I	NA
4	227	177	“I	NA
4	228	178	filled	NA
4	229	179	out	NA
4	230	180	a	NA
4	231	181	few	NA
4	232	182	credit	NA
4	233	183	applications	NA
4	234	184	with	NA
4	235	185	my	NA
4	236	186	real	NA
4	237	187	details.	NA
4	238	187	details.	NA
4	239	188	They	NA
4	240	189	denied	NA
4	241	190	me,	NA
4	242	190	me,	NA
4	243	191	but	NA
4	244	192	I	NA
4	245	193	just	NA
4	246	194	wanted	NA
4	247	195	to	NA
4	248	196	get	NA
4	249	197	a	NA
4	250	198	feel	NA
4	251	199	for	NA
4	252	200	what	NA
4	253	201	they	NA
4	254	202	were	NA
4	255	203	asking	NA
4	256	204	for.”	NA
4	257	204	for.”	NA
4	258	204	for.”	NA
4	259	204	for.”	NA
4	260	205	From	NA
4	261	206	there,	NA
4	262	206	there,	NA
4	263	207	the	he
4	264	208	former	he
4	265	209	table-tennis	he
4	266	209	table-tennis	he
4	267	209	table-tennis	he
4	268	209	table-tennis	he
4	269	210	coach	he
4	270	211	began	NA
4	271	212	to	NA
4	272	213	weave	NA
4	273	214	an	NA
4	274	215	intricate	NA
4	275	216	web	NA
4	276	217	of	NA
4	277	218	accounts,	NA
4	278	218	accounts,	NA
4	279	219	payments	NA
4	280	220	and	NA
4	281	221	transfers.	NA
4	282	221	transfers.	NA
4	283	222	“I	NA
4	284	222	“I	NA
4	285	222	“I	NA
4	286	223	was	NA
4	287	224	learning	NA
4	288	225	constantly.”	NA
4	289	225	constantly.”	NA
4	290	225	constantly.”	NA
4	291	225	constantly.”	NA
4	292	226	By	NA
4	293	227	the	NA
4	294	228	summer	NA
4	295	229	of	NA
4	296	230	2007,	NA
4	297	230	2007,	NA
4	298	231	he	NA
4	299	232	had	NA
4	300	233	discovered	NA
4	301	234	how	NA
4	302	235	to	NA
4	303	236	make	NA
4	304	237	the	it
4	305	238	system	it
4	306	239	work,	NA
4	307	239	work,	NA
4	308	240	applying	NA
4	309	241	for	NA
4	310	242	loans	NA
4	311	243	under	NA
4	312	244	the	NA
4	313	245	name	NA
4	314	246	of	NA
4	315	247	a	NA
4	316	248	false	NA
4	317	249	television	NA
4	318	250	production	NA
4	319	251	company.	NA
4	320	251	company.	NA
4	321	252	“Then,	NA
4	322	252	“Then,	NA
4	323	252	“Then,	NA
4	324	252	“Then,	NA
4	325	253	I	NA
4	326	254	managed	NA
4	327	255	to	NA
4	328	256	get	NA
4	329	257	a	NA
4	330	258	lot.”	NA
4	331	258	lot.”	NA
4	332	258	lot.”	NA
4	333	258	lot.”	NA
4	334	259	€492,000,	NA
4	335	259	€492,000,	NA
4	336	259	€492,000,	NA
4	337	259	€492,000,	NA
4	338	259	€492,000,	NA
4	339	260	to	NA
4	340	261	be	NA
4	341	262	exact.	NA
4	342	262	exact.	NA
4	343	263	Duran	He
4	344	263	Duran	He
4	345	264	was	NA
4	346	265	arrested	NA
4	347	266	in	NA
4	348	267	Spain	it
4	349	268	in	NA
4	350	269	2009,	NA
4	351	269	2009,	NA
4	352	270	on	NA
4	353	271	charges	NA
4	354	272	brought	NA
4	355	273	against	NA
4	356	274	him	NA
4	357	275	by	NA
4	358	276	six	NA
4	359	277	of	NA
4	360	278	the	them.
4	361	279	39	them.
4	362	280	banks	them.
4	363	281	that	them.
4	364	282	had	them.
4	365	283	lent	them.
4	366	284	him	them.
4	367	285	money.	them.
4	368	285	money.	them.
4	369	286	He	NA
4	370	287	spent	NA
4	371	288	two	NA
4	372	289	months	NA
4	373	290	in	NA
4	374	291	prison	it
4	375	292	before	NA
4	376	293	being	NA
4	377	294	bailed	NA
4	378	295	for	NA
4	379	296	€50,000.	NA
4	380	296	€50,000.	NA
4	381	296	€50,000.	NA
4	382	296	€50,000.	NA
4	383	296	€50,000.	NA
4	384	297	In	NA
4	385	298	February	NA
4	386	299	2013,	NA
4	387	299	2013,	NA
4	388	300	facing	NA
4	389	301	up	NA
4	390	302	to	NA
4	391	303	eight	NA
4	392	304	years	NA
4	393	305	in	NA
4	394	306	prison,	it,
4	395	306	prison,	it,
4	396	307	he	NA
4	397	308	decided	NA
4	398	309	to	NA
4	399	310	flee	NA
4	400	311	rather	NA
4	401	312	than	NA
4	402	313	stand	NA
4	403	314	trial.	NA
4	404	314	trial.	NA
4	405	315	“I	NA
4	406	315	“I	NA
4	407	315	“I	NA
4	408	316	don't	NA
4	409	316	don't	NA
4	410	317	see	NA
4	411	318	legitimacy	NA
4	412	319	in	NA
4	413	320	a	it,
4	414	321	judicial	it,
4	415	322	system	it,
4	416	323	based	it,
4	417	324	on	it,
4	418	325	authority,	it,
4	419	325	authority,	it,
4	420	326	because	NA
4	421	327	I	NA
4	422	328	don't	NA
4	423	328	don't	NA
4	424	329	recognize	NA
4	425	330	its	its,”
4	426	331	authority,”	its,”
4	427	331	authority,”	its,”
4	428	331	authority,”	its,”
4	429	331	authority,”	its,”
4	430	332	he	NA
4	431	333	said.	NA
4	432	333	said.	NA
4	433	334	His	They,
4	434	335	actions,	They,
4	435	335	actions,	They,
4	436	336	he	NA
4	437	337	said,	NA
4	438	337	said,	NA
4	439	338	were	NA
4	440	339	in	NA
4	441	340	the	NA
4	442	341	vanguard	NA
4	443	341	vanguard	NA
4	444	342	of	NA
4	445	343	a	NA
4	446	344	worldwide	NA
4	447	345	debate	NA
4	448	346	on	NA
4	449	347	the	NA
4	450	348	economic	NA
4	451	349	crisis.	NA
4	452	349	crisis.	NA
4	453	350	The	NA
4	454	351	timing	NA
4	455	352	pushed	NA
4	456	353	the	it
4	457	354	anti-capitalist	it
4	458	354	anti-capitalist	it
4	459	354	anti-capitalist	it
4	460	355	movement	it
4	461	356	into	NA
4	462	357	the	NA
4	463	358	light,	NA
4	464	358	light,	NA
4	465	359	just	NA
4	466	360	as	NA
4	467	361	many	they
4	468	362	Spaniards	they
4	469	362	Spaniards	they
4	470	363	were	NA
4	471	364	seeking	NA
4	472	365	alternatives	NA
4	473	366	to	NA
4	474	367	a	it.
4	475	368	system	it.
4	476	369	that	it.
4	477	370	had	it.
4	478	371	wreaked	it.
4	479	371	wreaked	it.
4	480	372	havoc	it.
4	481	373	on	it.
4	482	374	their	it.
4	483	375	lives.	it.
4	484	375	lives.	it.
4	485	376	While	NA
4	486	377	the	they
4	487	378	same	they
4	488	379	actions	they
4	489	380	would	NA
4	490	381	probably	NA
4	491	382	be	NA
4	492	383	better	NA
4	493	384	understood	NA
4	494	385	in	NA
4	495	386	today's	NA
4	496	386	today's	NA
4	497	387	Spain,	NA
4	498	387	Spain,	NA
4	499	388	he	NA
4	500	389	said	NA
4	501	390	that	NA
4	502	391	they	NA
4	503	392	would	NA
4	504	393	not	NA
4	505	394	be	NA
4	506	395	needed.	NA
4	507	395	needed.	NA
4	508	396	The	It
4	509	397	anti-capitalist	It
4	510	397	anti-capitalist	It
4	511	397	anti-capitalist	It
4	512	398	movement	It
4	513	399	has	NA
4	514	400	grown	NA
4	515	401	from	NA
4	516	402	a	NA
4	517	403	fringe	NA
4	518	404	movement	NA
4	519	405	to	NA
4	520	406	one	NA
4	521	407	supported	NA
4	522	408	by	NA
4	523	409	thousands	NA
4	524	410	of	NA
4	525	411	Spaniards,	NA
4	526	411	Spaniards,	NA
4	527	411	Spaniards,	NA
4	528	412	he	NA
4	529	413	said,	NA
4	530	413	said,	NA
4	531	414	evidenced	NA
4	532	415	by	NA
4	533	416	the	NA
4	534	417	widely	NA
4	535	418	supported	NA
4	536	419	movements	NA
4	537	420	such	NA
4	538	421	as	NA
4	539	422	the	NA
4	540	423	Indignados.	NA
4	541	423	Indignados.	NA
4	542	423	Indignados.	NA
4	543	423	Indignados.	NA
4	544	424	Duran	He
4	545	424	Duran	He
4	546	425	is	NA
4	547	426	widening	NA
4	548	427	his	NA
4	549	428	focus	NA
4	550	429	to	NA
4	551	430	include	NA
4	552	431	Spain's	its
4	553	431	Spain's	its
4	554	432	justice	NA
4	555	433	system,	NA
4	556	433	system,	NA
4	557	434	by	NA
4	558	435	promoting	NA
4	559	436	restorative	NA
4	560	436	restorative	NA
4	561	437	justice.	NA
4	562	437	justice.	NA
4	563	438	“The	“They,
4	564	438	“The	“They,
4	565	438	“The	“They,
4	566	439	people	“They,
4	567	440	in	“They,
4	568	441	Spain	“They,
4	569	442	who	“They,
4	570	443	believe	“They,
4	571	444	that	“They,
4	572	445	banks	“They,
4	573	446	don't	“They,
4	574	446	don't	“They,
4	575	447	work,	“They,
4	576	447	work,	“They,
4	577	448	they	NA
4	578	449	think	NA
4	579	450	that	NA
4	580	451	I	I.
4	581	452	don't	I.
4	582	452	don't	I.
4	583	453	owe	I.
4	584	454	anything.	I.
4	585	454	anything.	I.
4	586	455	I	NA
4	587	456	also	NA
4	588	457	think	NA
4	589	458	that,”	NA
4	590	458	that,”	NA
4	591	458	that,”	NA
4	592	458	that,”	NA
4	593	459	he	NA
4	594	460	said.	NA
4	595	460	said.	NA
4	596	461	“But	NA
4	597	461	“But	NA
4	598	461	“But	NA
4	599	462	there	NA
4	600	463	is	NA
4	601	464	a	them
4	602	465	part	them
4	603	466	of	them
4	604	467	a	them
4	605	468	population	them
4	606	469	that	them
4	607	470	is	them
4	608	471	not	them
4	609	472	in	them
4	610	473	agreement	them
4	611	474	with	them
4	612	475	us	them
4	613	476	and	NA
4	614	477	I	NA
4	615	478	think	NA
4	616	479	I	NA
4	617	480	should	NA
4	618	481	respond	NA
4	619	482	to	NA
4	620	483	that.”	NA
4	621	483	that.”	NA
4	622	483	that.”	NA
4	623	483	that.”	NA
4	624	484	In	NA
4	625	485	his	NA
4	626	486	case,	NA
4	627	486	case,	NA
4	628	487	he	NA
4	629	488	said,	NA
4	630	488	said,	NA
4	631	489	the	NA
4	632	490	element	NA
4	633	491	of	NA
4	634	492	reciprocity	NA
4	635	492	reciprocity	NA
4	636	493	he	NA
4	637	494	could	NA
4	638	495	offer	NA
4	639	496	to	NA
4	640	497	banks	them
4	641	498	might	NA
4	642	499	lie	NA
4	643	500	in	NA
4	644	501	the	NA
4	645	502	insight	NA
4	646	503	he	NA
4	647	504	gleaned	NA
4	648	504	gleaned	NA
4	649	505	from	NA
4	650	506	years	NA
4	651	507	of	NA
4	652	508	obtaining	NA
4	653	509	bank	its
4	654	510	loans	NA
4	655	511	fraudulently.	NA
4	656	511	fraudulently.	NA
4	657	511	fraudulently.	NA
4	658	511	fraudulently.	NA
4	659	512	He	NA
4	660	513	could	NA
4	661	514	share	NA
4	662	515	his	NA
4	663	516	thoughts	NA
4	664	517	on	NA
4	665	518	“which	NA
4	666	518	“which	NA
4	667	518	“which	NA
4	668	519	best	NA
4	669	520	practices	NA
4	670	521	work	NA
4	671	522	and	NA
4	672	523	the	NA
4	673	524	bad	NA
4	674	525	ones	NA
4	675	526	that	NA
4	676	527	don't,	NA
4	677	527	don't,	NA
4	678	527	don't,	NA
4	679	528	for	NA
4	680	529	the	NA
4	681	530	general	NA
4	682	531	population	NA
4	683	532	and	NA
4	684	533	for	NA
4	685	534	bank	its
4	686	535	workers”.	NA
4	687	535	workers”.	NA
4	688	535	workers”.	NA
4	689	535	workers”.	NA
5	0	0	They	NA
5	1	1	call	NA
5	2	2	him	him.
5	3	3	the	him.
5	4	4	Robin	him.
5	5	5	Hood	him.
5	6	6	of	him.
5	7	7	the	him.
5	8	8	banks.	him.
5	9	8	banks.	him.
5	10	9	He	NA
5	11	10	is	NA
5	12	11	a	him.
5	13	12	man	him.
5	14	13	who	him.
5	15	14	took	him.
5	16	15	out	him.
5	17	16	loans	him.
5	18	17	for	him.
5	19	18	almost	him.
5	20	19	half	him.
5	21	20	a	him.
5	22	21	million	him.
5	23	22	euros	him.
5	24	23	and	him.
5	25	24	never	him.
5	26	25	paid	him.
5	27	26	the	him.
5	28	27	money	him.
5	29	28	back.	him.
5	30	28	back.	him.
5	31	29	Enric	He
5	32	29	Enric	He
5	33	30	Duran	He
5	34	30	Duran	He
5	35	31	gave	NA
5	36	32	the	it
5	37	33	money	it
5	38	34	to	NA
5	39	35	projects	NA
5	40	36	that	NA
5	41	37	created	NA
5	42	38	and	NA
5	43	39	supported	NA
5	44	40	alternatives	them.
5	45	41	to	them.
5	46	42	capitalism.	them.
5	47	42	capitalism.	them.
5	48	43	Duran	He
5	49	43	Duran	He
5	50	44	has	NA
5	51	45	spent	NA
5	52	46	14	NA
5	53	47	months	NA
5	54	48	in	NA
5	55	49	hiding.	NA
5	56	49	hiding.	NA
5	57	50	He	NA
5	58	51	will	NA
5	59	52	not	NA
5	60	53	say	NA
5	61	54	he	NA
5	62	55	is	NA
5	63	56	sorry,	NA
5	64	56	sorry,	NA
5	65	57	even	NA
5	66	58	though	NA
5	67	59	he	NA
5	68	60	might	NA
5	69	61	go	NA
5	70	62	to	NA
5	71	63	prison	it
5	72	64	for	NA
5	73	65	what	NA
5	74	66	he	NA
5	75	67	has	NA
5	76	68	done.	NA
5	77	68	done.	NA
5	78	69	“I'm	NA
5	79	69	“I'm	NA
5	80	69	“I'm	NA
5	81	69	“I'm	NA
5	82	70	proud	NA
5	83	71	of	NA
5	84	72	what	NA
5	85	73	I've	NA
5	86	73	I've	NA
5	87	74	done,”	NA
5	88	74	done,”	NA
5	89	74	done,”	NA
5	90	74	done,”	NA
5	91	75	he	NA
5	92	76	said	NA
5	93	77	in	NA
5	94	78	an	NA
5	95	79	interview	NA
5	96	80	by	NA
5	97	81	Skype	NA
5	98	82	from	NA
5	99	83	a	NA
5	100	84	secret	NA
5	101	85	location.	NA
5	102	85	location.	NA
5	103	86	From	NA
5	104	87	2006	it
5	105	88	to	NA
5	106	89	2008,	it,
5	107	89	2008,	it,
5	108	90	Duran	he
5	109	90	Duran	he
5	110	91	took	NA
5	111	92	out	NA
5	112	93	68	them
5	113	94	loans	them
5	114	95	from	NA
5	115	96	39	NA
5	116	97	banks	NA
5	117	98	in	NA
5	118	99	Spain.	it.
5	119	99	Spain.	it.
5	120	100	He	NA
5	121	101	gave	NA
5	122	102	the	it
5	123	103	money	it
5	124	104	to	NA
5	125	105	social	them.
5	126	106	activists.	them.
5	127	106	activists.	them.
5	128	107	They	NA
5	129	108	used	NA
5	130	109	the	it
5	131	110	money	it
5	132	111	to	NA
5	133	112	pay	NA
5	134	113	for	NA
5	135	114	speaking	NA
5	136	115	tours	NA
5	137	116	against	NA
5	138	117	capitalism	it
5	139	118	and	NA
5	140	119	TV	NA
5	141	120	cameras	NA
5	142	121	for	NA
5	143	122	a	NA
5	144	123	media	NA
5	145	124	network.	NA
5	146	124	network.	NA
5	147	125	He	NA
5	148	126	said	NA
5	149	127	that	NA
5	150	128	these	they
5	151	129	social	they
5	152	130	activists	they
5	153	131	didn't	NA
5	154	131	didn't	NA
5	155	132	have	NA
5	156	133	enough	NA
5	157	134	money.	NA
5	158	134	money.	NA
5	159	135	At	NA
5	160	136	the	NA
5	161	137	same	NA
5	162	138	time,	NA
5	163	138	time,	NA
5	164	139	he	NA
5	165	140	said,	NA
5	166	140	said,	NA
5	167	141	the	it
5	168	142	economy	it
5	169	143	was	NA
5	170	144	constantly	NA
5	171	145	growing,	NA
5	172	145	growing,	NA
5	173	146	which	NA
5	174	147	created	NA
5	175	148	money	NA
5	176	149	from	NA
5	177	150	nothing.	NA
5	178	150	nothing.	NA
5	179	151	The	They
5	180	152	loans	They
5	181	153	Duran	They
5	182	153	Duran	They
5	183	154	took	They
5	184	155	out	They
5	185	156	dishonestly	They
5	186	156	dishonestly	They
5	187	157	from	They
5	188	158	banks	They
5	189	159	were	NA
5	190	160	his	it,
5	191	161	way	it,
5	192	162	of	it,
5	193	163	showing	it,
5	194	164	that	it,
5	195	165	this	it,
5	196	166	situation	it,
5	197	167	was	it,
5	198	168	wrong,	it,
5	199	168	wrong,	it,
5	200	169	he	NA
5	201	170	said.	NA
5	202	170	said.	NA
5	203	171	He	NA
5	204	172	started	NA
5	205	173	slowly.	NA
5	206	173	slowly.	NA
5	207	174	He	NA
5	208	175	tried	NA
5	209	176	to	NA
5	210	177	take	NA
5	211	178	out	NA
5	212	179	a	NA
5	213	180	few	NA
5	214	181	bank	NA
5	215	182	loans	NA
5	216	183	using	NA
5	217	184	his	NA
5	218	185	real	NA
5	219	186	details.	NA
5	220	186	details.	NA
5	221	187	The	They
5	222	188	banks	They
5	223	189	said	NA
5	224	190	no.	NA
5	225	190	no.	NA
5	226	191	Then,	NA
5	227	191	Then,	NA
5	228	192	he	NA
5	229	193	learned	NA
5	230	194	how	NA
5	231	195	to	NA
5	232	196	get	NA
5	233	197	money	NA
5	234	198	from	NA
5	235	199	the	them.
5	236	200	banks.	them.
5	237	200	banks.	them.
5	238	201	“I	NA
5	239	201	“I	NA
5	240	201	“I	NA
5	241	202	was	NA
5	242	203	learning	NA
5	243	204	all	NA
5	244	205	the	NA
5	245	206	time.”	NA
5	246	206	time.”	NA
5	247	206	time.”	NA
5	248	206	time.”	NA
5	249	207	By	NA
5	250	208	the	NA
5	251	209	summer	NA
5	252	210	of	NA
5	253	211	2007,	NA
5	254	211	2007,	NA
5	255	212	he	NA
5	256	213	learned	NA
5	257	214	how	NA
5	258	215	to	NA
5	259	216	make	NA
5	260	217	the	it
5	261	218	system	it
5	262	219	work	NA
5	263	220	–	NA
5	264	221	he	NA
5	265	222	took	NA
5	266	223	out	NA
5	267	224	loans	NA
5	268	225	under	NA
5	269	226	the	NA
5	270	227	name	NA
5	271	228	of	NA
5	272	229	a	NA
5	273	230	false	NA
5	274	231	television	NA
5	275	232	production	NA
5	276	233	company.	NA
5	277	233	company.	NA
5	278	234	This	NA
5	279	235	way,	NA
5	280	235	way,	NA
5	281	236	he	NA
5	282	237	got	NA
5	283	238	a	NA
5	284	239	lot	NA
5	285	240	of	NA
5	286	241	money.	NA
5	287	241	money.	NA
5	288	242	€492,000,	NA
5	289	242	€492,000,	NA
5	290	242	€492,000,	NA
5	291	242	€492,000,	NA
5	292	242	€492,000,	NA
5	293	243	to	NA
5	294	244	be	NA
5	295	245	exact.	NA
5	296	245	exact.	NA
5	297	246	Duran	He
5	298	246	Duran	He
5	299	247	was	NA
5	300	248	arrested	NA
5	301	249	in	NA
5	302	250	Spain	it
5	303	251	in	NA
5	304	252	2009.	NA
5	305	252	2009.	NA
5	306	253	He	NA
5	307	254	spent	NA
5	308	255	two	NA
5	309	256	months	NA
5	310	257	in	NA
5	311	258	prison;	it;
5	312	258	prison;	it;
5	313	259	then,	NA
5	314	259	then,	NA
5	315	260	they	NA
5	316	261	let	NA
5	317	262	him	NA
5	318	263	out	NA
5	319	264	on	NA
5	320	265	€50,000	NA
5	321	265	€50,000	NA
5	322	265	€50,000	NA
5	323	265	€50,000	NA
5	324	266	bail.	NA
5	325	266	bail.	NA
5	326	267	In	NA
5	327	268	February	NA
5	328	269	2013,	NA
5	329	269	2013,	NA
5	330	270	with	NA
5	331	271	the	NA
5	332	272	possibility	NA
5	333	273	of	NA
5	334	274	up	NA
5	335	275	to	NA
5	336	276	eight	NA
5	337	277	years	NA
5	338	278	in	NA
5	339	279	prison,	NA
5	340	279	prison,	NA
5	341	280	he	NA
5	342	281	decided	NA
5	343	282	to	NA
5	344	283	run	NA
5	345	284	away.	NA
5	346	284	away.	NA
5	347	285	His	NA
5	348	286	actions	NA
5	349	287	in	NA
5	350	288	2006	it
5	351	289	to	NA
5	352	290	2008	it
5	353	291	made	NA
5	354	292	many	NA
5	355	293	people	NA
5	356	294	notice	NA
5	357	295	the	it
5	358	296	anti-capitalist	it
5	359	296	anti-capitalist	it
5	360	296	anti-capitalist	it
5	361	297	movement	it
5	362	298	for	NA
5	363	299	the	NA
5	364	300	first	NA
5	365	301	time.	NA
5	366	301	time.	NA
5	367	302	This	NA
5	368	303	happened	NA
5	369	304	at	NA
5	370	305	a	NA
5	371	306	time	NA
5	372	307	when	NA
5	373	308	many	they
5	374	309	Spanish	they
5	375	310	people	they
5	376	311	were	NA
5	377	312	looking	NA
5	378	313	for	NA
5	379	314	alternatives	them.
5	380	315	to	them.
5	381	316	a	them.
5	382	317	system	them.
5	383	318	that	them.
5	384	319	has	them.
5	385	320	caused	them.
5	386	321	problems	them.
5	387	322	in	them.
5	388	323	their	them.
5	389	324	lives.	them.
5	390	324	lives.	them.
5	391	325	In	NA
5	392	326	today's	NA
5	393	326	today's	NA
5	394	327	Spain,	NA
5	395	327	Spain,	NA
5	396	328	thousands	NA
5	397	329	of	NA
5	398	330	people	NA
5	399	331	support	NA
5	400	332	the	it
5	401	333	anti-capitalist	it
5	402	333	anti-capitalist	it
5	403	333	anti-capitalist	it
5	404	334	movement	it
5	405	335	and	NA
5	406	336	groups	NA
5	407	337	such	NA
5	408	338	as	NA
5	409	339	the	NA
5	410	340	Indignados.	NA
5	411	340	Indignados.	NA
5	412	340	Indignados.	NA
5	413	340	Indignados.	NA
5	414	341	Duran	He
5	415	341	Duran	He
5	416	342	says	NA
5	417	343	he	NA
5	418	344	does	NA
5	419	345	not	NA
5	420	346	want	NA
5	421	347	to	NA
5	422	348	give	NA
5	423	349	back	NA
5	424	350	the	it
5	425	351	money	it
5	426	352	to	NA
5	427	353	the	them
5	428	354	banks	them
5	429	355	but	NA
5	430	356	he	NA
5	431	357	can	NA
5	432	358	offer	NA
5	433	359	them	NA
5	434	360	something.	NA
5	435	360	something.	NA
5	436	361	He	NA
5	437	362	learned	NA
5	438	363	a	NA
5	439	364	lot	NA
5	440	365	in	NA
5	441	366	the	NA
5	442	367	years	NA
5	443	368	when	NA
5	444	369	he	NA
5	445	370	was	NA
5	446	371	taking	NA
5	447	372	loans	NA
5	448	373	out	NA
5	449	374	dishonestly,	NA
5	450	374	dishonestly,	NA
5	451	374	dishonestly,	NA
5	452	375	so	NA
5	453	376	he	NA
5	454	377	can	NA
5	455	378	show	NA
5	456	379	the	them
5	457	380	banks	them
5	458	381	how	NA
5	459	382	they	NA
5	460	383	can	NA
5	461	384	improve	NA
5	462	385	things	NA
5	463	386	for	NA
5	464	387	people	NA
5	465	388	in	NA
5	466	389	general	NA
5	467	390	and	NA
5	468	391	for	NA
5	469	392	bank	NA
5	470	393	workers.	NA
5	471	393	workers.	NA
6	0	0	How	NA
6	1	1	far	NA
6	2	2	away	NA
6	3	3	are	NA
6	4	4	we	NA
6	5	5	from	NA
6	6	6	a	NA
6	7	7	world	NA
6	8	8	where	NA
6	9	9	drones	they
6	10	10	deliver	NA
6	11	11	packages?	NA
6	12	11	packages?	NA
6	13	12	If	NA
6	14	13	Amazon	it
6	15	14	is	NA
6	16	15	to	NA
6	17	16	be	NA
6	18	17	believed,	NA
6	19	17	believed,	NA
6	20	18	not	NA
6	21	19	far	NA
6	22	20	at	NA
6	23	21	all.	NA
6	24	21	all.	NA
6	25	22	Others	NA
6	26	23	are	NA
6	27	24	not	NA
6	28	25	so	NA
6	29	26	sure:	NA
6	30	26	sure:	NA
6	31	27	technical	it
6	32	28	progress	it
6	33	29	past	it
6	34	30	this	it
6	35	31	point	it
6	36	32	isn't	NA
6	37	32	isn't	NA
6	38	33	merely	NA
6	39	34	a	NA
6	40	35	matter	NA
6	41	36	of	NA
6	42	37	invention;	NA
6	43	37	invention;	NA
6	44	38	it's	NA
6	45	38	it's	NA
6	46	39	a	it.
6	47	40	matter	it.
6	48	41	of	it.
6	49	42	public	it.
6	50	43	safety.	it.
6	51	43	safety.	it.
6	52	44	Paul	He,
6	53	45	Misener,	He,
6	54	45	Misener,	He,
6	55	45	Misener,	He,
6	56	46	Amazon's	he,
6	57	46	Amazon's	he,
6	58	47	vice-president	he,
6	59	47	vice-president	he,
6	60	47	vice-president	he,
6	61	48	of	he,
6	62	49	global	he,
6	63	50	public	he,
6	64	51	policy,	he,
6	65	51	policy,	he,
6	66	52	told	NA
6	67	53	a	NA
6	68	54	congressional	NA
6	69	55	hearing	NA
6	70	56	recently	NA
6	71	57	that	NA
6	72	58	his	his
6	73	59	company	his
6	74	60	would	NA
6	75	61	be	NA
6	76	62	ready	NA
6	77	63	as	NA
6	78	64	soon	NA
6	79	65	as	NA
6	80	66	all	NA
6	81	67	the	NA
6	82	68	rules	NA
6	83	69	were	NA
6	84	70	in	NA
6	85	71	place.	NA
6	86	71	place.	NA
6	87	72	The	It
6	88	73	Federal	It
6	89	74	Aviation	It
6	90	75	Authority	It
6	91	76	(FAA)	(it)
6	92	76	(FAA)	(it)
6	93	76	(FAA)	(it)
6	94	76	(FAA)	(it)
6	95	77	will	NA
6	96	78	finally	NA
6	97	79	have	NA
6	98	80	regulations	them
6	99	81	governing	them
6	100	82	the	them
6	101	83	commercial	them
6	102	84	use	them
6	103	85	of	them
6	104	86	unmanned	them
6	105	87	aircraft	them
6	106	88	by	NA
6	107	89	June	NA
6	108	90	2016.	NA
6	109	90	2016.	NA
6	110	91	But	NA
6	111	92	the	NA
6	112	93	technology	NA
6	113	94	has	NA
6	114	95	a	NA
6	115	96	long	NA
6	116	97	way	NA
6	117	98	to	NA
6	118	99	go	NA
6	119	100	before	NA
6	120	101	then	NA
6	121	102	and	NA
6	122	103	larger	NA
6	123	104	machines	NA
6	124	105	aren't	NA
6	125	105	aren't	NA
6	126	106	airway-legal	NA
6	127	106	airway-legal	NA
6	128	106	airway-legal	NA
6	129	106	airway-legal	NA
6	130	107	at	NA
6	131	108	all	NA
6	132	109	yet	NA
6	133	110	–	NA
6	134	111	only	NA
6	135	112	drones	NA
6	136	113	up	NA
6	137	114	to	NA
6	138	115	25kg	NA
6	139	115	25kg	NA
6	140	116	will	NA
6	141	117	be	NA
6	142	118	covered	NA
6	143	119	and	NA
6	144	120	the	it
6	145	121	FAA	it
6	146	122	points	NA
6	147	123	out	NA
6	148	124	in	NA
6	149	125	the	its
6	150	126	proposed	its
6	151	127	rules	its
6	152	128	that,	NA
6	153	128	that,	NA
6	154	129	if	NA
6	155	130	you're	NA
6	156	130	you're	NA
6	157	131	going	NA
6	158	132	to	NA
6	159	133	crowd	NA
6	160	134	the	NA
6	161	135	skies	NA
6	162	136	with	NA
6	163	137	radio-controlled	them,
6	164	137	radio-controlled	them,
6	165	137	radio-controlled	them,
6	166	138	flying	them,
6	167	139	robots,	them,
6	168	139	robots,	them,
6	169	140	they	NA
6	170	141	had	NA
6	171	142	better	NA
6	172	143	all	NA
6	173	144	be	NA
6	174	145	using	NA
6	175	146	different	NA
6	176	147	radio	NA
6	177	148	frequencies	NA
6	178	149	that	NA
6	179	150	nobody	NA
6	180	151	can	NA
6	181	152	jam	NA
6	182	153	or	NA
6	183	154	hijack.	NA
6	184	154	hijack.	NA
6	185	154	hijack.	NA
6	186	155	Professor	He,
6	187	156	Sanjiv	He,
6	188	156	Sanjiv	He,
6	189	156	Sanjiv	He,
6	190	157	Singh,	He,
6	191	157	Singh,	He,
6	192	158	who	He,
6	193	159	runs	He,
6	194	160	a	He,
6	195	161	cargo	He,
6	196	162	delivery	He,
6	197	163	company	He,
6	198	164	called	He,
6	199	165	NearEarth,	He,
6	200	165	NearEarth,	He,
6	201	165	NearEarth,	He,
6	202	166	said	NA
6	203	167	that	NA
6	204	168	piloting	NA
6	205	168	piloting	NA
6	206	169	a	it
6	207	170	state-of-the-art	it
6	208	170	state-of-the-art	it
6	209	170	state-of-the-art	it
6	210	170	state-of-the-art	it
6	211	170	state-of-the-art	it
6	212	170	state-of-the-art	it
6	213	170	state-of-the-art	it
6	214	171	drone	it
6	215	172	was	NA
6	216	173	a	NA
6	217	174	little	NA
6	218	175	more	NA
6	219	176	like	NA
6	220	177	leaving	NA
6	221	178	it	NA
6	222	179	a	NA
6	223	180	trail	NA
6	224	181	of	NA
6	225	182	breadcrumbs:	NA
6	226	182	breadcrumbs:	NA
6	227	182	breadcrumbs:	NA
6	228	182	breadcrumbs:	NA
6	229	183	go	NA
6	230	184	to	NA
6	231	185	this	NA
6	232	186	altitude,	NA
6	233	186	altitude,	NA
6	234	187	perform	NA
6	235	188	this	NA
6	236	189	short	NA
6	237	190	task,	NA
6	238	190	task,	NA
6	239	191	go	NA
6	240	192	back	NA
6	241	193	home.	NA
6	242	193	home.	NA
6	243	194	But	NA
6	244	195	even	NA
6	245	196	short	NA
6	246	197	flights	NA
6	247	198	from	NA
6	248	199	a	NA
6	249	200	mobile	NA
6	250	201	landing	NA
6	251	202	pad	NA
6	252	203	pose	NA
6	253	204	serious	NA
6	254	205	logistical	NA
6	255	206	problems,	NA
6	256	206	problems,	NA
6	257	207	he	NA
6	258	208	said.	NA
6	259	208	said.	NA
6	260	209	“They're	NA
6	261	209	“They're	NA
6	262	209	“They're	NA
6	263	209	“They're	NA
6	264	210	not	NA
6	265	211	proposing	NA
6	266	212	to	NA
6	267	213	deliver	NA
6	268	214	from	NA
6	269	215	one	NA
6	270	216	uninhabited	NA
6	271	216	uninhabited	NA
6	272	216	uninhabited	NA
6	273	217	place	NA
6	274	218	to	NA
6	275	219	another	NA
6	276	220	uninhabited	NA
6	277	220	uninhabited	NA
6	278	220	uninhabited	NA
6	279	221	place;	NA
6	280	221	place;	NA
6	281	222	they're	NA
6	282	222	they're	NA
6	283	223	proposing	NA
6	284	224	to	NA
6	285	225	deliver	NA
6	286	226	from	NA
6	287	227	a	NA
6	288	228	warehouse	NA
6	289	229	to	NA
6	290	230	where	NA
6	291	231	the	NA
6	292	232	consumer	NA
6	293	233	is,	NA
6	294	233	is,	NA
6	295	234	which	NA
6	296	235	is	NA
6	297	236	likely	NA
6	298	237	an	NA
6	299	238	urban	NA
6	300	239	area,”	NA
6	301	239	area,”	NA
6	302	239	area,”	NA
6	303	239	area,”	NA
6	304	240	he	NA
6	305	241	said.	NA
6	306	241	said.	NA
6	307	242	“There	NA
6	308	242	“There	NA
6	309	242	“There	NA
6	310	243	are	NA
6	311	244	going	NA
6	312	245	to	NA
6	313	246	be	NA
6	314	247	hazards	NA
6	315	248	along	NA
6	316	249	the	NA
6	317	250	way	NA
6	318	251	that	NA
6	319	252	the	it
6	320	253	vehicle	it
6	321	254	is	NA
6	322	255	going	NA
6	323	256	to	NA
6	324	257	have	NA
6	325	258	to	NA
6	326	259	detect.	NA
6	327	259	detect.	NA
6	328	260	Maybe	NA
6	329	261	there	NA
6	330	262	will	NA
6	331	263	be	NA
6	332	264	terrain	NA
6	333	265	that	NA
6	334	266	the	NA
6	335	267	map	NA
6	336	268	doesn't	NA
6	337	268	doesn't	NA
6	338	269	know	NA
6	339	270	about.	NA
6	340	270	about.	NA
6	341	271	Even	NA
6	342	272	then,	NA
6	343	272	then,	NA
6	344	273	maybe	NA
6	345	274	there's	NA
6	346	274	there's	NA
6	347	275	construction	it.
6	348	276	equipment	it.
6	349	277	that	it.
6	350	278	wasn't	it.
6	351	278	wasn't	it.
6	352	279	there	it.
6	353	280	but	it.
6	354	281	is	it.
6	355	282	there	it.
6	356	283	now.	it.
6	357	283	now.	it.
6	358	284	Maybe	NA
6	359	285	GPS	NA
6	360	286	signals	NA
6	361	287	are	NA
6	362	288	blocked,	NA
6	363	288	blocked,	NA
6	364	289	in	NA
6	365	290	which	NA
6	366	291	case	NA
6	367	292	it's	NA
6	368	292	it's	NA
6	369	293	going	NA
6	370	294	to	NA
6	371	295	have	NA
6	372	296	an	NA
6	373	297	incorrect	NA
6	374	298	idea	NA
6	375	299	about	NA
6	376	300	where	NA
6	377	301	it	NA
6	378	302	is.”	NA
6	379	302	is.”	NA
6	380	302	is.”	NA
6	381	302	is.”	NA
6	382	303	All	NA
6	383	304	this	NA
6	384	305	is	NA
6	385	306	surmountable,	NA
6	386	306	surmountable,	NA
6	387	306	surmountable,	NA
6	388	306	surmountable,	NA
6	389	307	he	NA
6	390	308	said	NA
6	391	309	–	NA
6	392	310	but	NA
6	393	311	it's	NA
6	394	311	it's	NA
6	395	312	difficult.	NA
6	396	312	difficult.	NA
6	397	313	One	It
6	398	314	major	It
6	399	315	problem	It
6	400	316	is	NA
6	401	317	maintaining	it
6	402	318	radio	it
6	403	319	contact	it
6	404	320	with	it
6	405	321	a	it
6	406	322	drone	it
6	407	323	and	NA
6	408	324	planning	NA
6	409	325	for	NA
6	410	326	what	NA
6	411	327	happens	NA
6	412	328	if	NA
6	413	329	that	it
6	414	330	contact	it
6	415	331	breaks.	NA
6	416	331	breaks.	NA
6	417	332	“If	NA
6	418	332	“If	NA
6	419	332	“If	NA
6	420	333	you	NA
6	421	334	have	NA
6	422	335	an	it
6	423	336	off-the-shelf	it
6	424	336	off-the-shelf	it
6	425	336	off-the-shelf	it
6	426	336	off-the-shelf	it
6	427	336	off-the-shelf	it
6	428	336	off-the-shelf	it
6	429	337	UAV	it
6	430	337	UAV	it
6	431	338	(unmanned	(it),
6	432	338	(unmanned	(it),
6	433	338	(unmanned	(it),
6	434	338	(unmanned	(it),
6	435	339	aerial	(it),
6	436	340	vehicle),	(it),
6	437	340	vehicle),	(it),
6	438	341	it'll	NA
6	439	341	it'll	NA
6	440	342	just	NA
6	441	343	keep	NA
6	442	344	going	NA
6	443	345	and	NA
6	444	346	crash	NA
6	445	347	into	NA
6	446	348	the	NA
6	447	349	ground,”	NA
6	448	349	ground,”	NA
6	449	349	ground,”	NA
6	450	349	ground,”	NA
6	451	350	said	NA
6	452	351	roboticist	he.
6	453	351	roboticist	he.
6	454	352	Daniel	he.
6	455	353	Huber.	he.
6	456	353	Huber.	he.
6	457	353	Huber.	he.
6	458	354	“Technologically,	NA
6	459	354	“Technologically,	NA
6	460	354	“Technologically,	NA
6	461	354	“Technologically,	NA
6	462	354	“Technologically,	NA
6	463	355	most	NA
6	464	356	of	NA
6	465	357	the	NA
6	466	358	things	NA
6	467	359	that	NA
6	468	360	are	NA
6	469	361	needed	NA
6	470	362	for	NA
6	471	363	this	NA
6	472	364	are	NA
6	473	365	in	NA
6	474	366	place,”	NA
6	475	366	place,”	NA
6	476	366	place,”	NA
6	477	366	place,”	NA
6	478	367	said	NA
6	479	368	Huber.	he.
6	480	368	Huber.	he.
6	481	368	Huber.	he.
6	482	369	He	NA
6	483	370	is	NA
6	484	371	working	NA
6	485	372	on	NA
6	486	373	a	NA
6	487	374	program	NA
6	488	375	that	NA
6	489	376	proposes	NA
6	490	377	using	NA
6	491	378	drones	them
6	492	379	to	NA
6	493	380	inspect	NA
6	494	381	infrastructure	NA
6	495	382	–	NA
6	496	383	pipelines,	NA
6	497	383	pipelines,	NA
6	498	384	telephone	NA
6	499	385	lines,	NA
6	500	385	lines,	NA
6	501	386	bridges	NA
6	502	387	and	NA
6	503	388	so	NA
6	504	389	on.	NA
6	505	389	on.	NA
6	506	390	“We've	NA
6	507	390	“We've	NA
6	508	390	“We've	NA
6	509	390	“We've	NA
6	510	391	developed	NA
6	511	392	an	NA
6	512	393	exploration	NA
6	513	394	algorithm	NA
6	514	395	where	NA
6	515	396	you	NA
6	516	397	draw	NA
6	517	398	a	it
6	518	399	box	it
6	519	400	around	NA
6	520	401	an	it
6	521	402	area	it
6	522	403	and	NA
6	523	404	it'll	NA
6	524	404	it'll	NA
6	525	405	autonomously	NA
6	526	405	autonomously	NA
6	527	406	fly	NA
6	528	407	around	NA
6	529	408	that	it
6	530	409	area	it
6	531	410	and	NA
6	532	411	look	NA
6	533	412	at	NA
6	534	413	every	NA
6	535	414	surface	NA
6	536	415	and	NA
6	537	416	then	NA
6	538	417	report	NA
6	539	418	back.”	NA
6	540	418	back.”	NA
6	541	418	back.”	NA
6	542	418	back.”	NA
6	543	419	Huber	he
6	544	419	Huber	he
6	545	420	said	NA
6	546	421	about	NA
6	547	422	Amazon:	them:
6	548	422	Amazon:	them:
6	549	423	“I	NA
6	550	423	“I	NA
6	551	423	“I	NA
6	552	424	have	NA
6	553	425	heard	NA
6	554	426	them	NA
6	555	427	say	NA
6	556	428	that	NA
6	557	429	many	NA
6	558	430	packages	NA
6	559	431	are	NA
6	560	432	lightweight	NA
6	561	433	–	NA
6	562	434	a	NA
6	563	435	drone	NA
6	564	436	can	NA
6	565	437	carry	NA
6	566	438	a	NA
6	567	439	kilogram	NA
6	568	439	kilogram	NA
6	569	440	for	NA
6	570	441	15	NA
6	571	442	minutes.	NA
6	572	442	minutes.	NA
6	573	443	If	NA
6	574	444	you	NA
6	575	445	have	NA
6	576	446	a	it,
6	577	447	vehicle	it,
6	578	448	that	it,
6	579	449	can	it,
6	580	450	go	it,
6	581	451	into	it,
6	582	452	a	it,
6	583	453	neighborhood,	it,
6	584	453	neighborhood,	it,
6	585	454	it	NA
6	586	455	can	NA
6	587	456	deliver	NA
6	588	457	from	NA
6	589	458	that	it.
6	590	459	base.	it.
6	591	459	base.	it.
6	592	460	You	NA
6	593	461	need	NA
6	594	462	a	it
6	595	463	15-minute	it
6	596	463	15-minute	it
6	597	463	15-minute	it
6	598	464	distance	it
6	599	465	and	NA
6	600	466	typical	NA
6	601	467	off-the-shelf	NA
6	602	467	off-the-shelf	NA
6	603	467	off-the-shelf	NA
6	604	467	off-the-shelf	NA
6	605	467	off-the-shelf	NA
6	606	467	off-the-shelf	NA
6	607	468	drones	NA
6	608	469	have	NA
6	609	470	about	it.”
6	610	471	that	it.”
6	611	472	distance.”	it.”
6	612	472	distance.”	it.”
6	613	472	distance.”	it.”
6	614	472	distance.”	it.”
6	615	473	It's	NA
6	616	473	It's	NA
6	617	474	one	it,
6	618	475	way,	it,
6	619	475	way,	it,
6	620	476	he	NA
6	621	477	said,	NA
6	622	477	said,	NA
6	623	478	of	NA
6	624	479	making	NA
6	625	480	sure	NA
6	626	481	the	NA
6	627	482	surrounding	NA
6	628	483	population	NA
6	629	484	is	NA
6	630	485	relatively	NA
6	631	486	safe.	NA
6	632	486	safe.	NA
6	633	487	“The	NA
6	634	487	“The	NA
6	635	487	“The	NA
6	636	488	larger	NA
6	637	489	the	NA
6	638	490	distance	NA
6	639	491	the	it
6	640	492	drone	it
6	641	493	travels,	NA
6	642	493	travels,	NA
6	643	494	the	NA
6	644	495	more	NA
6	645	496	dangerous	NA
6	646	497	it	NA
6	647	498	becomes.”	NA
6	648	498	becomes.”	NA
6	649	498	becomes.”	NA
6	650	498	becomes.”	NA
6	651	499	Of	NA
6	652	500	course,	NA
6	653	500	course,	NA
6	654	501	safety	it
6	655	502	remains	NA
6	656	503	a	it
6	657	504	major	it
6	658	505	concern	it
6	659	506	–	NA
6	660	507	Singh	he
6	661	508	points	NA
6	662	509	out	NA
6	663	510	that,	NA
6	664	510	that,	NA
6	665	511	for	NA
6	666	512	a	it
6	667	513	commercial	it
6	668	514	aircraft	it
6	669	515	to	NA
6	670	516	be	NA
6	671	517	considered	NA
6	672	518	skyworthy,	NA
6	673	518	skyworthy,	NA
6	674	518	skyworthy,	NA
6	675	519	it	NA
6	676	520	has	NA
6	677	521	to	NA
6	678	522	prove	NA
6	679	523	a	it.
6	680	524	rate	it.
6	681	525	of	it.
6	682	526	one	it.
6	683	527	serious	it.
6	684	528	failure	it.
6	685	529	every	it.
6	686	530	one	it.
6	687	531	million	it.
6	688	532	hours.	it.
6	689	532	hours.	it.
6	690	533	Drones,	NA
6	691	533	Drones,	NA
6	692	533	Drones,	NA
6	693	534	he	NA
6	694	535	said,	NA
6	695	535	said,	NA
6	696	536	are	NA
6	697	537	“one	NA
6	698	537	“one	NA
6	699	537	“one	NA
6	700	538	or	NA
6	701	539	two	NA
6	702	540	orders	NA
6	703	541	of	NA
6	704	542	magnitude	NA
6	705	543	away”	NA
6	706	543	away”	NA
6	707	543	away”	NA
6	708	544	from	NA
6	709	545	that	it.
6	710	546	benchmark.	it.
6	711	546	benchmark.	it.
6	712	547	“The	NA
6	713	547	“The	NA
6	714	547	“The	NA
6	715	548	Reaper	NA
6	716	549	drone	NA
6	717	550	has	NA
6	718	551	one	NA
6	719	552	failure	NA
6	720	553	in	NA
6	721	554	10,000	NA
6	722	554	10,000	NA
6	723	554	10,000	NA
6	724	555	hours,”	NA
6	725	555	hours,”	NA
6	726	555	hours,”	NA
6	727	555	hours,”	NA
6	728	556	Singh	he
6	729	557	said.	NA
6	730	557	said.	NA
6	731	558	An	It.
6	732	559	oil	It.
6	733	560	leak,	It.
6	734	560	leak,	It.
6	735	561	by	It.
6	736	562	the	It.
6	737	563	way,	It.
6	738	563	way,	It.
6	739	564	doesn't	It.
6	740	564	doesn't	It.
6	741	565	count	It.
6	742	566	as	It.
6	743	567	catastrophic	It.
6	744	568	failure	It.
6	745	569	–	It.
6	746	570	something	It.
6	747	571	has	It.
6	748	572	to	It.
6	749	573	fall	It.
6	750	574	out	It.
6	751	575	of	It.
6	752	576	the	It.
6	753	577	sky.	It.
6	754	577	sky.	It.
6	755	578	Part	NA
6	756	579	of	NA
6	757	580	this	NA
6	758	581	is	NA
6	759	582	simply	NA
6	760	583	that	NA
6	761	584	air	NA
6	762	585	travel	NA
6	763	586	is	NA
6	764	587	inherently	NA
6	765	588	dangerous	NA
6	766	589	and,	NA
6	767	589	and,	NA
6	768	590	thus,	NA
6	769	590	thus,	NA
6	770	591	standards	NA
6	771	592	are	NA
6	772	593	much	NA
6	773	594	higher.	NA
6	774	594	higher.	NA
6	775	595	“If	NA
6	776	595	“If	NA
6	777	595	“If	NA
6	778	596	you	NA
6	779	597	fly	NA
6	780	598	commercial	them,
6	781	599	airlines,	them,
6	782	599	airlines,	them,
6	783	600	often	NA
6	784	601	they'll	NA
6	785	601	they'll	NA
6	786	602	say,	NA
6	787	602	say,	NA
6	788	603	'Oh,	NA
6	789	603	'Oh,	NA
6	790	603	'Oh,	NA
6	791	604	a	NA
6	792	605	small	NA
6	793	606	component	NA
6	794	607	has	NA
6	795	608	failed	NA
6	796	609	–	NA
6	797	610	we	NA
6	798	611	have	NA
6	799	612	to	NA
6	800	613	go	NA
6	801	614	back	NA
6	802	615	to	NA
6	803	616	the	NA
6	804	617	gate,'”	NA
6	805	617	gate,'”	NA
6	806	617	gate,'”	NA
6	807	617	gate,'”	NA
6	808	618	Singh	he
6	809	619	said.	NA
6	810	619	said.	NA
6	811	620	“And	NA
6	812	620	“And	NA
6	813	620	“And	NA
6	814	621	that's	NA
6	815	621	that's	NA
6	816	622	an	it!
6	817	623	established	it!
6	818	624	industry	it!
6	819	625	with	it!
6	820	626	60	it!
6	821	627	years	it!
6	822	628	of	it!
6	823	629	legacy!	it!
6	824	629	legacy!	it!
6	825	630	I	NA
6	826	631	shudder	NA
6	827	632	to	NA
6	828	633	think	NA
6	829	634	that	NA
6	830	635	one	NA
6	831	636	of	NA
6	832	637	these	NA
6	833	638	things	NA
6	834	639	might	NA
6	835	640	come	NA
6	836	641	down	NA
6	837	642	on	NA
6	838	643	a	NA
6	839	644	crowded	NA
6	840	645	highway.”	NA
6	841	645	highway.”	NA
6	842	645	highway.”	NA
6	843	645	highway.”	NA
6	844	646	Part	NA
6	845	647	of	NA
6	846	648	the	NA
6	847	649	solution,	NA
6	848	649	solution,	NA
6	849	650	Singh	he
6	850	651	said,	NA
6	851	651	said,	NA
6	852	652	is	NA
6	853	653	comprehensive	NA
6	854	654	contingency	NA
6	855	655	planning:	NA
6	856	655	planning:	NA
6	857	656	“If	NA
6	858	656	“If	NA
6	859	656	“If	NA
6	860	657	things	NA
6	861	658	fail,	NA
6	862	658	fail,	NA
6	863	659	the	it
6	864	660	vehicle	it
6	865	661	has	NA
6	866	662	to	NA
6	867	663	do	NA
6	868	664	something	NA
6	869	665	reasonable.”	NA
6	870	665	reasonable.”	NA
6	871	665	reasonable.”	NA
6	872	665	reasonable.”	NA
7	0	0	One	NA
7	1	1	day,	NA
7	2	1	day,	NA
7	3	2	drones	they.
7	4	3	could	they.
7	5	4	deliver	they.
7	6	5	packages	they.
7	7	6	to	they.
7	8	7	your	they.
7	9	8	home.	they.
7	10	8	home.	they.
7	11	9	When	NA
7	12	10	will	NA
7	13	11	this	NA
7	14	12	happen?	NA
7	15	12	happen?	NA
7	16	13	If	NA
7	17	14	you	NA
7	18	15	believe	NA
7	19	16	Amazon,	it,
7	20	16	Amazon,	it,
7	21	17	it	NA
7	22	18	will	NA
7	23	19	be	NA
7	24	20	soon.	NA
7	25	20	soon.	NA
7	26	21	Other	They
7	27	22	people	They
7	28	23	are	NA
7	29	24	not	NA
7	30	25	so	NA
7	31	26	sure.	NA
7	32	26	sure.	NA
7	33	27	They	NA
7	34	28	have	NA
7	35	29	to	NA
7	36	30	invent	NA
7	37	31	the	NA
7	38	32	right	NA
7	39	33	technology	NA
7	40	34	but,	NA
7	41	34	but,	NA
7	42	35	also,	NA
7	43	35	also,	NA
7	44	36	they	NA
7	45	37	have	NA
7	46	38	to	NA
7	47	39	consider	NA
7	48	40	public	NA
7	49	41	safety.	NA
7	50	41	safety.	NA
7	51	42	Amazon	It
7	52	43	says	NA
7	53	44	that	NA
7	54	45	they	NA
7	55	46	will	NA
7	56	47	be	NA
7	57	48	ready	NA
7	58	49	as	NA
7	59	50	soon	NA
7	60	51	as	NA
7	61	52	the	it
7	62	53	Federal	it
7	63	54	Aviation	it
7	64	55	Authority	it
7	65	56	(FAA)	(it)
7	66	56	(FAA)	(it)
7	67	56	(FAA)	(it)
7	68	56	(FAA)	(it)
7	69	57	introduce	NA
7	70	58	rules	them.
7	71	59	for	them.
7	72	60	using	them.
7	73	61	drones.	them.
7	74	61	drones.	them.
7	75	62	The	It
7	76	63	FAA	It
7	77	64	will	NA
7	78	65	finally	NA
7	79	66	introduce	NA
7	80	67	rules	them
7	81	68	for	them
7	82	69	using	them
7	83	70	unmanned	them
7	84	71	aircraft	them
7	85	72	by	NA
7	86	73	June	NA
7	87	74	2016.	NA
7	88	74	2016.	NA
7	89	75	But	NA
7	90	76	the	NA
7	91	77	technology	NA
7	92	78	has	NA
7	93	79	a	NA
7	94	80	long	NA
7	95	81	way	NA
7	96	82	to	NA
7	97	83	go	NA
7	98	84	before	NA
7	99	85	then	NA
7	100	86	and	NA
7	101	87	larger	NA
7	102	88	machines	NA
7	103	89	aren't	NA
7	104	89	aren't	NA
7	105	90	legal	NA
7	106	91	yet	NA
7	107	92	–	NA
7	108	93	only	NA
7	109	94	drones	NA
7	110	95	up	NA
7	111	96	to	NA
7	112	97	25kg	NA
7	113	97	25kg	NA
7	114	98	will	NA
7	115	99	be	NA
7	116	100	legal.	NA
7	117	100	legal.	NA
7	118	101	And	NA
7	119	102	the	it
7	120	103	FAA	it
7	121	104	says	NA
7	122	105	in	NA
7	123	106	the	them
7	124	107	rules	them
7	125	108	they	them
7	126	109	want	them
7	127	110	to	them
7	128	111	introduce	them
7	129	112	that	NA
7	130	113	drones	they
7	131	114	will	NA
7	132	115	all	NA
7	133	116	have	NA
7	134	117	to	NA
7	135	118	use	NA
7	136	119	different	NA
7	137	120	radio	NA
7	138	121	frequencies	NA
7	139	122	that	NA
7	140	123	nobody	NA
7	141	124	can	NA
7	142	125	block	NA
7	143	126	or	NA
7	144	127	hijack.	NA
7	145	127	hijack.	NA
7	146	127	hijack.	NA
7	147	128	Professor	He,
7	148	129	Sanjiv	He,
7	149	129	Sanjiv	He,
7	150	129	Sanjiv	He,
7	151	130	Singh,	He,
7	152	130	Singh,	He,
7	153	131	who	He,
7	154	132	works	He,
7	155	133	for	He,
7	156	134	delivery	He,
7	157	135	company	He,
7	158	136	NearEarth,	He,
7	159	136	NearEarth,	He,
7	160	136	NearEarth,	He,
7	161	137	said	NA
7	162	138	that	NA
7	163	139	flying	NA
7	164	140	drones	them
7	165	141	is	NA
7	166	142	quite	NA
7	167	143	simple	NA
7	168	144	–	NA
7	169	145	you	NA
7	170	146	just	NA
7	171	147	give	NA
7	172	148	it	NA
7	173	149	some	NA
7	174	150	basic	NA
7	175	151	instructions:	NA
7	176	151	instructions:	NA
7	177	152	go	NA
7	178	153	to	NA
7	179	154	this	NA
7	180	155	height,	NA
7	181	155	height,	NA
7	182	156	do	NA
7	183	157	this	NA
7	184	158	short	NA
7	185	159	task,	NA
7	186	159	task,	NA
7	187	160	go	NA
7	188	161	back	NA
7	189	162	home.	NA
7	190	162	home.	NA
7	191	163	But	NA
7	192	164	even	NA
7	193	165	short	NA
7	194	166	flights	NA
7	195	167	from	NA
7	196	168	a	NA
7	197	169	mobile	NA
7	198	170	landing	NA
7	199	171	place	NA
7	200	172	could	NA
7	201	173	cause	NA
7	202	174	serious	NA
7	203	175	problems,	NA
7	204	175	problems,	NA
7	205	176	he	NA
7	206	177	said.	NA
7	207	177	said.	NA
7	208	178	“They're	NA
7	209	178	“They're	NA
7	210	178	“They're	NA
7	211	178	“They're	NA
7	212	179	not	NA
7	213	180	planning	NA
7	214	181	to	NA
7	215	182	deliver	NA
7	216	183	in	NA
7	217	184	areas	NA
7	218	185	where	NA
7	219	186	nobody	NA
7	220	187	lives;	NA
7	221	187	lives;	NA
7	222	188	they're	NA
7	223	188	they're	NA
7	224	189	planning	NA
7	225	190	to	NA
7	226	191	deliver	NA
7	227	192	from	NA
7	228	193	a	NA
7	229	194	warehouse	NA
7	230	195	to	NA
7	231	196	the	NA
7	232	197	consumer,	NA
7	233	197	consumer,	NA
7	234	198	which	NA
7	235	199	will	NA
7	236	200	probably	NA
7	237	201	be	NA
7	238	202	in	NA
7	239	203	a	NA
7	240	204	town	NA
7	241	205	or	NA
7	242	206	city,”	NA
7	243	206	city,”	NA
7	244	206	city,”	NA
7	245	206	city,”	NA
7	246	207	he	NA
7	247	208	said.	NA
7	248	208	said.	NA
7	249	209	“The	“It
7	250	209	“The	“It
7	251	209	“The	“It
7	252	210	drone	“It
7	253	211	will	NA
7	254	212	have	NA
7	255	213	to	NA
7	256	214	see	NA
7	257	215	hazards.	NA
7	258	215	hazards.	NA
7	259	216	Maybe	NA
7	260	217	there	NA
7	261	218	will	NA
7	262	219	be	NA
7	263	220	things	NA
7	264	221	that	NA
7	265	222	the	NA
7	266	223	map	NA
7	267	224	doesn't	NA
7	268	224	doesn't	NA
7	269	225	know	NA
7	270	226	about.	NA
7	271	226	about.	NA
7	272	227	Maybe	NA
7	273	228	there	NA
7	274	229	will	NA
7	275	230	be	NA
7	276	231	construction	NA
7	277	232	equipment	NA
7	278	233	that	NA
7	279	234	wasn't	NA
7	280	234	wasn't	NA
7	281	235	there	NA
7	282	236	but	NA
7	283	237	is	NA
7	284	238	there	NA
7	285	239	now.	NA
7	286	239	now.	NA
7	287	240	Maybe	NA
7	288	241	GPS	NA
7	289	242	signals	NA
7	290	243	will	NA
7	291	244	be	NA
7	292	245	blocked	NA
7	293	246	so	NA
7	294	247	it's	NA
7	295	247	it's	NA
7	296	248	going	NA
7	297	249	to	NA
7	298	250	have	NA
7	299	251	an	NA
7	300	252	incorrect	NA
7	301	253	idea	NA
7	302	254	about	NA
7	303	255	where	NA
7	304	256	it	NA
7	305	257	is.”	NA
7	306	257	is.”	NA
7	307	257	is.”	NA
7	308	257	is.”	NA
7	309	258	All	it,
7	310	259	this	it,
7	311	260	can	it,
7	312	261	be	it,
7	313	262	solved,	it,
7	314	262	solved,	it,
7	315	263	he	NA
7	316	264	said	NA
7	317	265	–	NA
7	318	266	but	NA
7	319	267	it's	NA
7	320	267	it's	NA
7	321	268	difficult.	NA
7	322	268	difficult.	NA
7	323	269	One	It
7	324	270	big	It
7	325	271	problem	It
7	326	272	is	NA
7	327	273	keeping	it
7	328	274	radio	it
7	329	275	contact	it
7	330	276	with	it
7	331	277	a	it
7	332	278	drone	it
7	333	279	and	NA
7	334	280	planning	NA
7	335	281	for	NA
7	336	282	what	NA
7	337	283	happens	NA
7	338	284	if	NA
7	339	285	that	it
7	340	286	contact	it
7	341	287	breaks.	NA
7	342	287	breaks.	NA
7	343	288	”If	NA
7	344	288	”If	NA
7	345	288	”If	NA
7	346	289	a	it
7	347	290	drone	it
7	348	291	loses	NA
7	349	292	radio	it,
7	350	293	contact,	it,
7	351	293	contact,	it,
7	352	294	it	NA
7	353	295	will	NA
7	354	296	keep	NA
7	355	297	going	NA
7	356	298	and	NA
7	357	299	crash	NA
7	358	300	into	NA
7	359	301	the	NA
7	360	302	ground,”	NA
7	361	302	ground,”	NA
7	362	302	ground,”	NA
7	363	302	ground,”	NA
7	364	303	said	NA
7	365	304	robot	his
7	366	305	expert	his
7	367	306	Daniel	NA
7	368	307	Huber.	NA
7	369	307	Huber.	NA
7	370	307	Huber.	NA
7	371	308	“We	NA
7	372	308	“We	NA
7	373	308	“We	NA
7	374	309	already	NA
7	375	310	have	NA
7	376	311	most	NA
7	377	312	of	NA
7	378	313	the	NA
7	379	314	technology	NA
7	380	315	we	NA
7	381	316	need,”	NA
7	382	316	need,”	NA
7	383	316	need,”	NA
7	384	316	need,”	NA
7	385	317	said	NA
7	386	318	Huber.	he.
7	387	318	Huber.	he.
7	388	318	Huber.	he.
7	389	319	He	NA
7	390	320	is	NA
7	391	321	working	NA
7	392	322	on	NA
7	393	323	a	NA
7	394	324	program	NA
7	395	325	that	NA
7	396	326	will	NA
7	397	327	use	NA
7	398	328	drones	them
7	399	329	to	NA
7	400	330	check	NA
7	401	331	telephone	NA
7	402	332	lines,	NA
7	403	332	lines,	NA
7	404	333	bridges	NA
7	405	334	and	NA
7	406	335	so	NA
7	407	336	on.	NA
7	408	336	on.	NA
7	409	337	“We	NA
7	410	337	“We	NA
7	411	337	“We	NA
7	412	338	can	NA
7	413	339	make	NA
7	414	340	drones	them
7	415	341	fly	NA
7	416	342	around	NA
7	417	343	a	NA
7	418	344	certain	NA
7	419	345	area	NA
7	420	346	and	NA
7	421	347	look	NA
7	422	348	at	NA
7	423	349	every	NA
7	424	350	surface.”	NA
7	425	350	surface.”	NA
7	426	350	surface.”	NA
7	427	350	surface.”	NA
7	428	351	Huber	he
7	429	351	Huber	he
7	430	352	said	NA
7	431	353	about	NA
7	432	354	Amazon:	it:
7	433	354	Amazon:	it:
7	434	355	“They	NA
7	435	355	“They	NA
7	436	355	“They	NA
7	437	356	say	NA
7	438	357	that	NA
7	439	358	many	NA
7	440	359	packages	NA
7	441	360	are	NA
7	442	361	light	NA
7	443	362	–	NA
7	444	363	a	it
7	445	364	drone	it
7	446	365	can	NA
7	447	366	carry	NA
7	448	367	a	NA
7	449	368	kilogram	NA
7	450	368	kilogram	NA
7	451	369	for	NA
7	452	370	15	NA
7	453	371	minutes.	NA
7	454	371	minutes.	NA
7	455	372	If	NA
7	456	373	you	NA
7	457	374	have	NA
7	458	375	a	it,
7	459	376	vehicle	it,
7	460	377	that	it,
7	461	378	can	it,
7	462	379	go	it,
7	463	380	into	it,
7	464	381	a	it,
7	465	382	neighborhood,	it,
7	466	382	neighborhood,	it,
7	467	383	it	NA
7	468	384	can	NA
7	469	385	deliver	NA
7	470	386	from	NA
7	471	387	that	it.
7	472	388	vehicle.	it.
7	473	388	vehicle.	it.
7	474	389	You	NA
7	475	390	need	NA
7	476	391	a	it,
7	477	392	15-minute	it,
7	478	392	15-minute	it,
7	479	392	15-minute	it,
7	480	393	distance,	it,
7	481	393	distance,	it,
7	482	394	and	NA
7	483	395	typical	NA
7	484	396	drones	NA
7	485	397	have	NA
7	486	398	about	it.”
7	487	399	that	it.”
7	488	400	distance.”	it.”
7	489	400	distance.”	it.”
7	490	400	distance.”	it.”
7	491	400	distance.”	it.”
7	492	401	It's	NA
7	493	401	It's	NA
7	494	402	one	it,
7	495	403	way,	it,
7	496	403	way,	it,
7	497	404	he	NA
7	498	405	said,	NA
7	499	405	said,	NA
7	500	406	to	NA
7	501	407	make	NA
7	502	408	sure	NA
7	503	409	people	NA
7	504	410	are	NA
7	505	411	safe.	NA
7	506	411	safe.	NA
7	507	412	“The	NA
7	508	412	“The	NA
7	509	412	“The	NA
7	510	413	larger	NA
7	511	414	the	NA
7	512	415	distance,	NA
7	513	415	distance,	NA
7	514	416	the	NA
7	515	417	more	NA
7	516	418	dangerous	NA
7	517	419	it	NA
7	518	420	becomes.”	NA
7	519	420	becomes.”	NA
7	520	420	becomes.”	NA
7	521	420	becomes.”	NA
7	522	421	Of	NA
7	523	422	course,	NA
7	524	422	course,	NA
7	525	423	safety	it
7	526	424	is	NA
7	527	425	still	NA
7	528	426	a	it
7	529	427	big	it
7	530	428	worry	it
7	531	429	–	NA
7	532	430	Singh	he
7	533	431	points	NA
7	534	432	out	NA
7	535	433	that	NA
7	536	434	for	NA
7	537	435	a	it
7	538	436	passenger	it
7	539	437	airplane	it
7	540	438	to	NA
7	541	439	be	NA
7	542	440	allowed	NA
7	543	441	to	NA
7	544	442	fly,	NA
7	545	442	fly,	NA
7	546	443	it	NA
7	547	444	can	NA
7	548	445	only	NA
7	549	446	have	NA
7	550	447	one	NA
7	551	448	serious	NA
7	552	449	failure	NA
7	553	450	every	NA
7	554	451	one	NA
7	555	452	million	NA
7	556	453	hours.	NA
7	557	453	hours.	NA
7	558	454	Drones,	They,
7	559	454	Drones,	They,
7	560	454	Drones,	They,
7	561	455	he	NA
7	562	456	said,	NA
7	563	456	said,	NA
7	564	457	are	NA
7	565	458	much	NA
7	566	459	less	NA
7	567	460	safe.	NA
7	568	460	safe.	NA
7	569	461	“The	“It,”
7	570	461	“The	“It,”
7	571	461	“The	“It,”
7	572	462	Reaper	“It,”
7	573	463	drone,	“It,”
7	574	463	drone,	“It,”
7	575	464	for	“It,”
7	576	465	example,	“It,”
7	577	465	example,	“It,”
7	578	466	has	“It,”
7	579	467	one	“It,”
7	580	468	failure	“It,”
7	581	469	in	“It,”
7	582	470	10,000	“It,”
7	583	470	10,000	“It,”
7	584	470	10,000	“It,”
7	585	471	hours,”	“It,”
7	586	471	hours,”	“It,”
7	587	471	hours,”	“It,”
7	588	471	hours,”	“It,”
7	589	472	Singh	he
7	590	473	said.	NA
7	591	473	said.	NA
7	592	474	Part	NA
7	593	475	of	NA
7	594	476	the	NA
7	595	477	reason	NA
7	596	478	for	NA
7	597	479	this	NA
7	598	480	is	NA
7	599	481	simply	NA
7	600	482	that	NA
7	601	483	air	NA
7	602	484	travel	NA
7	603	485	is	NA
7	604	486	dangerous	NA
7	605	487	so	NA
7	606	488	standards	NA
7	607	489	are	NA
7	608	490	much	NA
7	609	491	higher.	NA
7	610	491	higher.	NA
7	611	492	“If	NA
7	612	492	“If	NA
7	613	492	“If	NA
7	614	493	you	NA
7	615	494	fly	NA
7	616	495	a	it,
7	617	496	passenger	it,
7	618	497	airplane,	it,
7	619	497	airplane,	it,
7	620	498	often	NA
7	621	499	they	NA
7	622	500	will	NA
7	623	501	say,	NA
7	624	501	say,	NA
7	625	502	‘Oh,	NA
7	626	502	‘Oh,	NA
7	627	502	‘Oh,	NA
7	628	502	‘Oh,	NA
7	629	503	a	NA
7	630	504	small	NA
7	631	505	part	NA
7	632	506	isn't	NA
7	633	506	isn't	NA
7	634	507	working;	NA
7	635	507	working;	NA
7	636	508	we	NA
7	637	509	have	NA
7	638	510	to	NA
7	639	511	go	NA
7	640	512	back,'”	NA
7	641	512	back,'”	NA
7	642	512	back,'”	NA
7	643	512	back,'”	NA
7	644	513	Singh	he
7	645	514	said.	NA
7	646	514	said.	NA
7	647	515	“And	NA
7	648	515	“And	NA
7	649	515	“And	NA
7	650	516	people	NA
7	651	517	have	NA
7	652	518	been	NA
7	653	519	flying	NA
7	654	520	passenger	NA
7	655	521	airplanes	NA
7	656	522	for	NA
7	657	523	60	NA
7	658	524	years!	NA
7	659	524	years!	NA
7	660	525	I	NA
7	661	526	hate	NA
7	662	527	to	NA
7	663	528	think	NA
7	664	529	that	NA
7	665	530	a	NA
7	666	531	drone	NA
7	667	532	might	NA
7	668	533	come	NA
7	669	534	down	NA
7	670	535	on	NA
7	671	536	a	NA
7	672	537	busy	NA
7	673	538	road.”	NA
7	674	538	road.”	NA
7	675	538	road.”	NA
7	676	538	road.”	NA
7	677	539	Part	NA
7	678	540	of	NA
7	679	541	the	NA
7	680	542	solution,	NA
7	681	542	solution,	NA
7	682	543	Singh	he
7	683	544	said,	NA
7	684	544	said,	NA
7	685	545	is	NA
7	686	546	planning	NA
7	687	547	for	NA
7	688	548	every	NA
7	689	549	situation:	NA
7	690	549	situation:	NA
7	691	550	“If	NA
7	692	550	“If	NA
7	693	550	“If	NA
7	694	551	things	NA
7	695	552	fail,	NA
7	696	552	fail,	NA
7	697	553	the	it
7	698	554	drone	it
7	699	555	has	NA
7	700	556	to	NA
7	701	557	do	NA
7	702	558	something	NA
7	703	559	sensible.”	NA
7	704	559	sensible.”	NA
7	705	559	sensible.”	NA
7	706	559	sensible.”	NA
8	0	0	Illegal	NA
8	1	0	Illegal	NA
8	2	1	downloading	NA
8	3	2	is	NA
8	4	3	a	NA
8	5	4	kind	NA
8	6	5	of	NA
8	7	6	“moral	NA
8	8	6	“moral	NA
8	9	6	“moral	NA
8	10	7	squalor”	NA
8	11	7	squalor”	NA
8	12	7	squalor”	NA
8	13	7	squalor”	NA
8	14	7	squalor”	NA
8	15	8	and	NA
8	16	9	theft,	NA
8	17	9	theft,	NA
8	18	10	as	NA
8	19	11	much	NA
8	20	12	as	NA
8	21	13	reaching	NA
8	22	14	in	NA
8	23	15	to	NA
8	24	16	someone's	their
8	25	16	someone's	their
8	26	17	pocket	NA
8	27	18	and	NA
8	28	19	stealing	NA
8	29	20	their	NA
8	30	21	wallet	NA
8	31	22	is	NA
8	32	23	theft,	NA
8	33	23	theft,	NA
8	34	24	says	NA
8	35	25	author	he.
8	36	26	Philip	he.
8	37	27	Pullman.	he.
8	38	27	Pullman.	he.
8	39	27	Pullman.	he.
8	40	28	In	NA
8	41	29	an	it,
8	42	30	article	it,
8	43	31	for	it,
8	44	32	Index	it,
8	45	33	on	it,
8	46	34	Censorship,	it,
8	47	34	Censorship,	it,
8	48	34	Censorship,	it,
8	49	34	Censorship,	it,
8	50	35	Pullman,	he,
8	51	35	Pullman,	he,
8	52	35	Pullman,	he,
8	53	36	who	NA
8	54	37	is	NA
8	55	38	president	NA
8	56	39	of	NA
8	57	40	the	NA
8	58	41	Society	NA
8	59	42	of	NA
8	60	43	Authors,	NA
8	61	43	Authors,	NA
8	62	44	makes	NA
8	63	45	a	NA
8	64	46	robust	NA
8	65	47	defence	NA
8	66	48	of	NA
8	67	49	copyright	their
8	68	50	laws.	NA
8	69	50	laws.	NA
8	70	51	He	NA
8	71	52	is	NA
8	72	53	highly	NA
8	73	54	critical	NA
8	74	55	of	NA
8	75	56	Internet	NA
8	76	57	users	NA
8	77	58	who	NA
8	78	59	think	NA
8	79	60	it	NA
8	80	61	is	NA
8	81	62	OK	NA
8	82	63	to	NA
8	83	64	download	NA
8	84	65	music	it
8	85	66	or	NA
8	86	67	books	NA
8	87	68	without	NA
8	88	69	paying	NA
8	89	70	for	NA
8	90	71	them.	NA
8	91	71	them.	NA
8	92	72	“The	NA
8	93	72	“The	NA
8	94	72	“The	NA
8	95	73	technical	NA
8	96	74	brilliance	NA
8	97	75	is	NA
8	98	76	so	NA
8	99	77	dazzling	NA
8	100	78	that	NA
8	101	79	people	they
8	102	80	can't	NA
8	103	80	can't	NA
8	104	81	see	NA
8	105	82	the	NA
8	106	83	moral	NA
8	107	84	squalor	NA
8	108	84	squalor	NA
8	109	84	squalor	NA
8	110	85	of	NA
8	111	86	what	NA
8	112	87	they're	NA
8	113	87	they're	NA
8	114	88	doing,”	NA
8	115	88	doing,”	NA
8	116	88	doing,”	NA
8	117	88	doing,”	NA
8	118	89	he	NA
8	119	90	writes.	NA
8	120	90	writes.	NA
8	121	91	“It	NA
8	122	91	“It	NA
8	123	91	“It	NA
8	124	92	is	NA
8	125	93	outrageous	NA
8	126	94	that	NA
8	127	95	anyone	NA
8	128	96	can	NA
8	129	97	steal	it
8	130	98	an	it
8	131	99	artist's	it
8	132	99	artist's	it
8	133	100	work	it
8	134	101	and	NA
8	135	102	get	NA
8	136	103	away	NA
8	137	104	with	NA
8	138	105	it.	NA
8	139	105	it.	NA
8	140	106	It	NA
8	141	107	is	NA
8	142	108	theft,	NA
8	143	108	theft,	NA
8	144	109	as	NA
8	145	110	surely	NA
8	146	111	as	NA
8	147	112	reaching	NA
8	148	113	into	NA
8	149	114	someone's	their
8	150	114	someone's	their
8	151	115	pocket	NA
8	152	116	and	NA
8	153	117	taking	NA
8	154	118	their	NA
8	155	119	wallet	NA
8	156	120	is	NA
8	157	121	theft.”	NA
8	158	121	theft.”	NA
8	159	121	theft.”	NA
8	160	121	theft.”	NA
8	161	122	His	it
8	162	123	article	it
8	163	124	comes	NA
8	164	125	after	NA
8	165	126	music	NA
8	166	127	industry	NA
8	167	128	leaders	NA
8	168	129	met	NA
8	169	130	British	NA
8	170	131	Prime	NA
8	171	132	Minister	NA
8	172	133	David	NA
8	173	134	Cameron	NA
8	174	135	in	NA
8	175	136	Downing	NA
8	176	137	Street,	NA
8	177	137	Street,	NA
8	178	138	where	NA
8	179	139	the	NA
8	180	140	issue	NA
8	181	141	of	NA
8	182	142	web	NA
8	183	143	piracy	NA
8	184	144	was	NA
8	185	145	discussed.	NA
8	186	145	discussed.	NA
8	187	146	Pullman,	He,
8	188	146	Pullman,	He,
8	189	146	Pullman,	He,
8	190	147	writer	NA
8	191	148	of	NA
8	192	149	the	NA
8	193	150	His	NA
8	194	151	Dark	NA
8	195	152	Materials	NA
8	196	153	trilogy,	NA
8	197	153	trilogy,	NA
8	198	154	says	NA
8	199	155	authors	they
8	200	156	and	NA
8	201	157	musicians	NA
8	202	158	work	NA
8	203	159	in	NA
8	204	160	poverty	NA
8	205	161	and	NA
8	206	162	obscurity	NA
8	207	163	for	NA
8	208	164	years	NA
8	209	165	to	NA
8	210	166	bring	NA
8	211	167	their	their
8	212	168	work	their
8	213	169	to	NA
8	214	170	the	it
8	215	171	level	it
8	216	172	“that	it
8	217	172	“that	it
8	218	172	“that	it
8	219	173	gives	it
8	220	174	delight	it
8	221	175	to	it
8	222	176	their	it
8	223	177	audiences	it
8	224	178	and,	NA
8	225	178	and,	NA
8	226	179	as	NA
8	227	180	soon	NA
8	228	181	as	NA
8	229	182	they	NA
8	230	183	achieve	NA
8	231	184	that,	NA
8	232	184	that,	NA
8	233	185	the	NA
8	234	186	possibility	NA
8	235	187	of	NA
8	236	188	making	NA
8	237	189	a	NA
8	238	190	living	NA
8	239	191	from	NA
8	240	192	it	NA
8	241	193	is	NA
8	242	194	taken	NA
8	243	195	away	NA
8	244	196	from	NA
8	245	197	them”.	NA
8	246	197	them”.	NA
8	247	197	them”.	NA
8	248	197	them”.	NA
8	249	198	He	NA
8	250	199	concludes:	NA
8	251	199	concludes:	NA
8	252	200	“The	NA
8	253	200	“The	NA
8	254	200	“The	NA
8	255	201	principle	NA
8	256	202	is	NA
8	257	203	simple,	NA
8	258	203	simple,	NA
8	259	204	and	NA
8	260	205	unaltered	NA
8	261	205	unaltered	NA
8	262	205	unaltered	NA
8	263	206	by	NA
8	264	207	technology,	NA
8	265	207	technology,	NA
8	266	208	science	NA
8	267	209	or	NA
8	268	210	magic:	NA
8	269	210	magic:	NA
8	270	211	if	NA
8	271	212	we	NA
8	272	213	want	NA
8	273	214	to	NA
8	274	215	enjoy	NA
8	275	216	the	it,
8	276	217	work	it,
8	277	218	that	it,
8	278	219	someone	it,
8	279	220	does,	it,
8	280	220	does,	it,
8	281	221	we	NA
8	282	222	should	NA
8	283	223	pay	NA
8	284	224	for	NA
8	285	225	it.”	NA
8	286	225	it.”	NA
8	287	225	it.”	NA
8	288	225	it.”	NA
8	289	226	Pullman	he
8	290	226	Pullman	he
8	291	227	is	NA
8	292	228	writing	NA
8	293	229	in	NA
8	294	230	the	NA
8	295	231	next	NA
8	296	232	issue	NA
8	297	233	of	NA
8	298	234	the	NA
8	299	235	campaign	NA
8	300	236	group's	NA
8	301	236	group's	NA
8	302	237	magazine	NA
8	303	238	in	NA
8	304	239	a	NA
8	305	240	dialogue	NA
8	306	241	with	NA
8	307	242	Cathy	her,
8	308	243	Casserly,	her,
8	309	243	Casserly,	her,
8	310	243	Casserly,	her,
8	311	243	Casserly,	her,
8	312	244	chief	NA
8	313	245	executive	NA
8	314	246	of	NA
8	315	247	Creative	NA
8	316	248	Commons,	NA
8	317	248	Commons,	NA
8	318	249	which	NA
8	319	250	offers	NA
8	320	251	open	they
8	321	252	content	they
8	322	253	licenses	they
8	323	254	“that	NA
8	324	254	“that	NA
8	325	254	“that	NA
8	326	255	lets	NA
8	327	256	creators	they
8	328	257	take	NA
8	329	258	copyright	it
8	330	259	into	NA
8	331	260	their	NA
8	332	261	own	NA
8	333	262	hands”.	NA
8	334	262	hands”.	NA
8	335	262	hands”.	NA
8	336	262	hands”.	NA
8	337	263	Casserly	He
8	338	263	Casserly	He
8	339	263	Casserly	He
8	340	264	argues	NA
8	341	265	that	NA
8	342	266	there	NA
8	343	267	is	NA
8	344	268	much	NA
8	345	269	wrong	NA
8	346	270	with	NA
8	347	271	copyright,	it,
8	348	271	copyright,	it,
8	349	272	which	NA
8	350	273	was	NA
8	351	274	created	NA
8	352	275	“in	NA
8	353	275	“in	NA
8	354	275	“in	NA
8	355	276	an	NA
8	356	277	analog	NA
8	357	278	age”.	NA
8	358	278	age”.	NA
8	359	278	age”.	NA
8	360	278	age”.	NA
8	361	279	Casserly	He
8	362	279	Casserly	He
8	363	279	Casserly	He
8	364	280	writes:	NA
8	365	280	writes:	NA
8	366	281	“By	NA
8	367	281	“By	NA
8	368	281	“By	NA
8	369	282	default,	NA
8	370	282	default,	NA
8	371	283	copyright	it
8	372	284	closes	NA
8	373	285	the	NA
8	374	286	door	NA
8	375	287	on	NA
8	376	288	countless	them,
8	377	289	ways	them,
8	378	290	that	them,
8	379	291	people	them,
8	380	292	can	them,
8	381	293	share,	them,
8	382	293	share,	them,
8	383	294	build	them,
8	384	295	upon	them,
8	385	296	and	them,
8	386	297	remix	them,
8	387	298	each	them,
8	388	299	other's	them,
8	389	299	other's	them,
8	390	300	work,	them,
8	391	300	work,	them,
8	392	301	possibilities	them.”
8	393	302	that	them.”
8	394	303	were	them.”
8	395	304	unimaginable	them.”
8	396	305	when	them.”
8	397	306	those	them.”
8	398	307	laws	them.”
8	399	308	were	them.”
8	400	309	established.”	them.”
8	401	309	established.”	them.”
8	402	309	established.”	them.”
8	403	309	established.”	them.”
8	404	310	She	NA
8	405	311	says	NA
8	406	312	artists	they
8	407	313	need	NA
8	408	314	to	NA
8	409	315	think	NA
8	410	316	creatively	NA
8	411	317	about	NA
8	412	318	how	NA
8	413	319	they	NA
8	414	320	distribute	NA
8	415	321	and	NA
8	416	322	monetize	NA
8	417	322	monetize	NA
8	418	323	their	NA
8	419	324	work,	NA
8	420	324	work,	NA
8	421	325	quoting	NA
8	422	326	the	him,
8	423	327	science	him,
8	424	328	fiction	him,
8	425	329	writer	him,
8	426	330	Cory	him,
8	427	331	Doctorow,	him,
8	428	331	Doctorow,	him,
8	429	331	Doctorow,	him,
8	430	332	who	NA
8	431	333	said:	NA
8	432	333	said:	NA
8	433	334	“My	“my
8	434	334	“My	“my
8	435	334	“My	“my
8	436	335	problem	“my
8	437	336	is	NA
8	438	337	not	NA
8	439	338	piracy,	NA
8	440	338	piracy,	NA
8	441	339	it's	NA
8	442	339	it's	NA
8	443	340	obscurity.”	NA
8	444	340	obscurity.”	NA
8	445	340	obscurity.”	NA
8	446	340	obscurity.”	NA
8	447	341	Index	NA
8	448	342	on	NA
8	449	343	Censorship	NA
8	450	343	Censorship	NA
8	451	343	Censorship	NA
8	452	344	agrees.	NA
8	453	344	agrees.	NA
8	454	345	The	She,
8	455	346	magazine's	She,
8	456	346	magazine's	She,
8	457	347	editor,	She,
8	458	347	editor,	She,
8	459	348	Rachael	she,
8	460	348	Rachael	she,
8	461	348	Rachael	she,
8	462	349	Jolley,	she,
8	463	349	Jolley,	she,
8	464	349	Jolley,	she,
8	465	350	said:	NA
8	466	350	said:	NA
8	467	351	“Existing	NA
8	468	351	“Existing	NA
8	469	351	“Existing	NA
8	470	351	“Existing	NA
8	471	352	copyright	they
8	472	353	laws	NA
8	473	354	don't	NA
8	474	354	don't	NA
8	475	355	work	NA
8	476	356	in	NA
8	477	357	the	NA
8	478	358	digital	NA
8	479	359	age	NA
8	480	360	and	NA
8	481	361	risk	NA
8	482	362	criminalizing	NA
8	483	362	criminalizing	NA
8	484	363	consumers.	NA
8	485	363	consumers.	NA
8	486	364	We	NA
8	487	365	need	NA
8	488	366	new	NA
8	489	367	models	NA
8	490	368	for	NA
8	491	369	how	NA
8	492	370	artists,	they,
8	493	370	artists,	they,
8	494	371	writers	NA
8	495	372	and	NA
8	496	373	musicians	NA
8	497	374	earn	NA
8	498	375	a	NA
8	499	376	living	NA
8	500	377	from	NA
8	501	378	their	NA
8	502	379	work.”	NA
8	503	379	work.”	NA
8	504	379	work.”	NA
8	505	379	work.”	NA
8	506	380	The	NA
8	507	381	scale	NA
8	508	382	of	NA
8	509	383	illegal	NA
8	510	384	downloading	NA
8	511	385	vast.	NA
8	512	385	vast.	NA
8	513	386	Data	NA
8	514	387	collected	NA
8	515	388	by	NA
8	516	389	Ofcom	it
8	517	389	Ofcom	it
8	518	390	(the	(it)
8	519	390	(the	(it)
8	520	391	competition	(it)
8	521	392	authority	(it)
8	522	393	for	(it)
8	523	394	the	(it)
8	524	395	UK	(it)
8	525	396	communications	(it)
8	526	397	industries)	(it)
8	527	397	industries)	(it)
8	528	398	suggests	NA
8	529	399	that,	NA
8	530	399	that,	NA
8	531	400	between	NA
8	532	401	November	NA
8	533	402	2012	NA
8	534	403	and	NA
8	535	404	January	NA
8	536	405	2013	NA
8	537	406	in	NA
8	538	407	the	NA
8	539	408	UK,	NA
8	540	408	UK,	NA
8	541	409	280	NA
8	542	410	million	NA
8	543	411	music	NA
8	544	412	tracks	NA
8	545	413	were	NA
8	546	414	digitally	NA
8	547	415	pirated,	NA
8	548	415	pirated,	NA
8	549	415	pirated,	NA
8	550	416	along	NA
8	551	417	with	NA
8	552	418	52	NA
8	553	419	million	NA
8	554	420	TV	NA
8	555	421	shows,	NA
8	556	421	shows,	NA
8	557	422	29	NA
8	558	423	million	NA
8	559	424	films,	NA
8	560	424	films,	NA
8	561	425	18	NA
8	562	426	million	NA
8	563	427	ebooks	NA
8	564	427	ebooks	NA
8	565	428	and	NA
8	566	429	7	NA
8	567	430	million	NA
8	568	431	software	NA
8	569	432	or	NA
8	570	433	games	NA
8	571	434	files.	NA
8	572	434	files.	NA
8	573	435	Ofcom	It
8	574	435	Ofcom	It
8	575	436	has	NA
8	576	437	said	NA
8	577	438	18%	NA
8	578	438	18%	NA
8	579	439	of	NA
8	580	440	Internet	NA
8	581	441	users	NA
8	582	442	aged	NA
8	583	443	over	NA
8	584	444	12	NA
8	585	445	admit	NA
8	586	446	to	NA
8	587	447	having	NA
8	588	448	recently	NA
8	589	449	pirated	NA
8	590	449	pirated	NA
8	591	450	content,	NA
8	592	450	content,	NA
8	593	451	and	NA
8	594	452	9%	they%
8	595	452	9%	they%
8	596	453	say	NA
8	597	454	they	NA
8	598	455	fear	NA
8	599	456	getting	NA
8	600	457	caught.	NA
8	601	457	caught.	NA
8	602	458	Pullman	He
8	603	458	Pullman	He
8	604	459	writes	NA
8	605	460	in	NA
8	606	461	his	NA
8	607	462	article:	NA
8	608	462	article:	NA
8	609	463	“The	NA
8	610	463	“The	NA
8	611	463	“The	NA
8	612	464	ease	NA
8	613	465	and	NA
8	614	466	swiftness	NA
8	615	466	swiftness	NA
8	616	467	with	NA
8	617	468	which	NA
8	618	469	music	NA
8	619	470	can	NA
8	620	471	be	NA
8	621	472	acquired	NA
8	622	473	in	NA
8	623	474	the	NA
8	624	475	form	NA
8	625	476	of	NA
8	626	477	MP3	NA
8	627	477	MP3	NA
8	628	478	downloads	NA
8	629	479	is	NA
8	630	480	still	NA
8	631	481	astonishing	NA
8	632	482	to	NA
8	633	483	those	us
8	634	484	of	us
8	635	485	us	us
8	636	486	who	NA
8	637	487	have	NA
8	638	488	been	NA
8	639	489	building	NA
8	640	490	up	NA
8	641	491	our	NA
8	642	492	iTunes	NA
8	643	493	list	NA
8	644	494	for	NA
8	645	495	some	NA
8	646	496	time.”	NA
8	647	496	time.”	NA
8	648	496	time.”	NA
8	649	496	time.”	NA
8	650	497	One	NA
8	651	498	thing	NA
8	652	499	to	NA
8	653	500	emerge	NA
8	654	501	from	NA
8	655	502	the	NA
8	656	503	Downing	NA
8	657	504	Street	NA
8	658	505	meeting	NA
8	659	506	was	NA
8	660	507	Cameron's	his
8	661	507	Cameron's	his
8	662	508	appointment	NA
8	663	509	of	NA
8	664	510	the	his
8	665	511	Conservative	his
8	666	512	Member	his
8	667	513	of	his
8	668	514	Parliament	his
8	669	515	Mike	NA
8	670	516	Weatherley	NA
8	671	516	Weatherley	NA
8	672	517	to	NA
8	673	518	be	NA
8	674	519	his	NA
8	675	520	adviser	NA
8	676	521	on	NA
8	677	522	the	NA
8	678	523	subject.	NA
8	679	523	subject.	NA
8	680	524	A	NA
8	681	525	spokesman	NA
8	682	526	for	NA
8	683	527	the	its,
8	684	528	BPI,	its,
8	685	528	BPI,	its,
8	686	528	BPI,	its,
8	687	529	the	its,
8	688	530	record	its,
8	689	531	industry	its,
8	690	532	trade	its,
8	691	533	body,	its,
8	692	533	body,	its,
8	693	534	said:	NA
8	694	534	said:	NA
8	695	535	“Mike	“he
8	696	535	“Mike	“he
8	697	535	“Mike	“he
8	698	536	Weatherley	“he
8	699	536	Weatherley	“he
8	700	537	is	NA
8	701	538	a	NA
8	702	539	strong	NA
8	703	540	champion	NA
8	704	541	of	NA
8	705	542	copyright	it
8	706	543	and	NA
8	707	544	the	NA
8	708	545	artists	NA
8	709	546	and	NA
8	710	547	creative	NA
8	711	548	producers	NA
8	712	549	it's	NA
8	713	549	it's	NA
8	714	550	there	NA
8	715	551	to	NA
8	716	552	protect.	NA
8	717	552	protect.	NA
8	718	553	We	NA
8	719	554	hope	NA
8	720	555	Weatherley's	his
8	721	555	Weatherley's	his
8	722	555	Weatherley's	his
8	723	556	influence	NA
8	724	557	and	NA
8	725	558	the	his
8	726	559	prime	his
8	727	560	minister's	his
8	728	560	minister's	his
8	729	561	endorsement	NA
8	730	562	of	NA
8	731	563	copyright	it
8	732	564	will	NA
8	733	565	be	NA
8	734	566	brought	NA
8	735	567	to	NA
8	736	568	bear	NA
8	737	569	on	NA
8	738	570	the	NA
8	739	571	approach	NA
8	740	572	of	NA
8	741	573	the	NA
8	742	574	UK's	NA
8	743	574	UK's	NA
8	744	575	intellectual	NA
8	745	576	property	NA
8	746	577	office.”	NA
8	747	577	office.”	NA
8	748	577	office.”	NA
8	749	577	office.”	NA
9	0	0	Illegal	It
9	1	0	Illegal	It
9	2	1	downloading	It
9	3	2	is	NA
9	4	3	morally	NA
9	5	4	wrong,	NA
9	6	4	wrong,	NA
9	7	5	and	NA
9	8	6	it	NA
9	9	7	is	NA
9	10	8	theft,	NA
9	11	8	theft,	NA
9	12	9	the	NA
9	13	10	same	NA
9	14	11	as	NA
9	15	12	how	NA
9	16	13	putting	NA
9	17	14	your	NA
9	18	15	hand	NA
9	19	16	in	NA
9	20	17	someone's	their
9	21	17	someone's	their
9	22	18	pocket	NA
9	23	19	and	NA
9	24	20	stealing	NA
9	25	21	their	NA
9	26	22	wallet	NA
9	27	23	is	NA
9	28	24	theft,	NA
9	29	24	theft,	NA
9	30	25	says	NA
9	31	26	author	he.
9	32	27	Philip	he.
9	33	28	Pullman.	he.
9	34	28	Pullman.	he.
9	35	28	Pullman.	he.
9	36	29	In	NA
9	37	30	an	it,
9	38	31	article	it,
9	39	32	for	it,
9	40	33	the	it,
9	41	34	magazine	it,
9	42	35	Index	it,
9	43	36	on	it,
9	44	37	Censorship,	it,
9	45	37	Censorship,	it,
9	46	37	Censorship,	it,
9	47	37	Censorship,	it,
9	48	38	Pullman,	he,
9	49	38	Pullman,	he,
9	50	38	Pullman,	he,
9	51	39	who	he,
9	52	40	is	he,
9	53	41	president	he,
9	54	42	of	he,
9	55	43	the	he,
9	56	44	Society	he,
9	57	45	of	he,
9	58	46	Authors,	he,
9	59	46	Authors,	he,
9	60	47	strongly	NA
9	61	48	defends	NA
9	62	49	copyright	its
9	63	50	laws.	NA
9	64	50	laws.	NA
9	65	51	He	NA
9	66	52	criticizes	NA
9	67	52	criticizes	NA
9	68	53	Internet	NA
9	69	54	users	NA
9	70	55	who	NA
9	71	56	think	NA
9	72	57	it	NA
9	73	58	is	NA
9	74	59	OK	NA
9	75	60	to	NA
9	76	61	download	NA
9	77	62	music	it
9	78	63	or	NA
9	79	64	books	NA
9	80	65	without	NA
9	81	66	paying	NA
9	82	67	for	NA
9	83	68	them.	NA
9	84	68	them.	NA
9	85	69	“The	NA
9	86	69	“The	NA
9	87	69	“The	NA
9	88	70	technology	NA
9	89	71	is	NA
9	90	72	so	NA
9	91	73	dazzling	NA
9	92	74	that	NA
9	93	75	people	they
9	94	76	can't	NA
9	95	76	can't	NA
9	96	77	see	NA
9	97	78	that	NA
9	98	79	what	NA
9	99	80	they're	NA
9	100	80	they're	NA
9	101	81	doing	NA
9	102	82	is	NA
9	103	83	morally	NA
9	104	84	wrong,”	NA
9	105	84	wrong,”	NA
9	106	84	wrong,”	NA
9	107	84	wrong,”	NA
9	108	85	he	NA
9	109	86	writes.	NA
9	110	86	writes.	NA
9	111	87	“It	NA
9	112	87	“It	NA
9	113	87	“It	NA
9	114	88	is	NA
9	115	89	outrageous	NA
9	116	90	that	NA
9	117	91	anyone	it
9	118	92	can	it
9	119	93	steal	it
9	120	94	an	it
9	121	95	artist's	it
9	122	95	artist's	it
9	123	96	work	it
9	124	97	without	NA
9	125	98	punishment.	NA
9	126	98	punishment.	NA
9	127	99	It	NA
9	128	100	is	NA
9	129	101	theft,	NA
9	130	101	theft,	NA
9	131	102	just	NA
9	132	103	as	NA
9	133	104	putting	NA
9	134	105	your	NA
9	135	106	hand	NA
9	136	107	in	NA
9	137	108	someone's	their
9	138	108	someone's	their
9	139	109	pocket	NA
9	140	110	and	NA
9	141	111	taking	NA
9	142	112	their	NA
9	143	113	wallet	NA
9	144	114	is	NA
9	145	115	theft.”	NA
9	146	115	theft.”	NA
9	147	115	theft.”	NA
9	148	115	theft.”	NA
9	149	116	His	it
9	150	117	article	it
9	151	118	comes	NA
9	152	119	after	NA
9	153	120	music	NA
9	154	121	industry	NA
9	155	122	leaders	NA
9	156	123	met	NA
9	157	124	British	him
9	158	125	Prime	him
9	159	126	Minister	him
9	160	127	David	him
9	161	128	Cameron	him
9	162	129	in	NA
9	163	130	Downing	NA
9	164	131	Street	NA
9	165	132	to	NA
9	166	133	discuss	NA
9	167	134	the	NA
9	168	135	issue	NA
9	169	136	of	NA
9	170	137	web	NA
9	171	138	piracy.	NA
9	172	138	piracy.	NA
9	173	139	Pullman,	He,
9	174	139	Pullman,	He,
9	175	139	Pullman,	He,
9	176	140	writer	he,
9	177	141	of	he,
9	178	142	the	he,
9	179	143	His	he,
9	180	144	Dark	he,
9	181	145	Materials	he,
9	182	146	trilogy,	he,
9	183	146	trilogy,	he,
9	184	147	says	NA
9	185	148	authors	they
9	186	149	and	NA
9	187	150	musicians	NA
9	188	151	work	NA
9	189	152	in	NA
9	190	153	poverty	NA
9	191	154	for	NA
9	192	155	years	NA
9	193	156	to	NA
9	194	157	bring	NA
9	195	158	their	it
9	196	159	work	it
9	197	160	to	NA
9	198	161	the	it
9	199	162	level	it
9	200	163	“that	it
9	201	163	“that	it
9	202	163	“that	it
9	203	164	gives	it
9	204	165	happiness	it
9	205	166	to	it
9	206	167	their	it
9	207	168	audiences	it
9	208	169	and,	NA
9	209	169	and,	NA
9	210	170	when	NA
9	211	171	they	NA
9	212	172	achieve	NA
9	213	173	that,	NA
9	214	173	that,	NA
9	215	174	the	NA
9	216	175	possibility	NA
9	217	176	of	NA
9	218	177	making	NA
9	219	178	money	NA
9	220	179	from	NA
9	221	180	it	NA
9	222	181	is	NA
9	223	182	taken	NA
9	224	183	away	NA
9	225	184	from	NA
9	226	185	them”.	NA
9	227	185	them”.	NA
9	228	185	them”.	NA
9	229	185	them”.	NA
9	230	186	He	NA
9	231	187	concludes:	NA
9	232	187	concludes:	NA
9	233	188	“If	NA
9	234	188	“If	NA
9	235	188	“If	NA
9	236	189	we	NA
9	237	190	want	NA
9	238	191	to	NA
9	239	192	enjoy	NA
9	240	193	the	it,
9	241	194	work	it,
9	242	195	that	it,
9	243	196	someone	it,
9	244	197	does,	it,
9	245	197	does,	it,
9	246	198	we	NA
9	247	199	should	NA
9	248	200	pay	NA
9	249	201	for	NA
9	250	202	it.”	NA
9	251	202	it.”	NA
9	252	202	it.”	NA
9	253	202	it.”	NA
9	254	203	Pullman	he
9	255	203	Pullman	he
9	256	204	is	NA
9	257	205	writing	NA
9	258	206	in	NA
9	259	207	the	NA
9	260	208	next	NA
9	261	209	issue	NA
9	262	210	of	NA
9	263	211	the	NA
9	264	212	campaign	NA
9	265	213	group's	NA
9	266	213	group's	NA
9	267	214	magazine	NA
9	268	215	in	NA
9	269	216	a	NA
9	270	217	dialogue	NA
9	271	218	with	NA
9	272	219	Cathy	she,
9	273	220	Casserly,	she,
9	274	220	Casserly,	she,
9	275	220	Casserly,	she,
9	276	220	Casserly,	she,
9	277	221	chief	NA
9	278	222	executive	NA
9	279	223	of	NA
9	280	224	Creative	NA
9	281	225	Commons.	NA
9	282	225	Commons.	NA
9	283	226	Casserly	He
9	284	226	Casserly	He
9	285	226	Casserly	He
9	286	227	argues	NA
9	287	228	that	NA
9	288	229	there	NA
9	289	230	is	NA
9	290	231	a	NA
9	291	232	lot	NA
9	292	233	wrong	NA
9	293	234	with	NA
9	294	235	copyright,	it,
9	295	235	copyright,	it,
9	296	236	which	NA
9	297	237	was	NA
9	298	238	created	NA
9	299	239	a	NA
9	300	240	long	NA
9	301	241	time	NA
9	302	242	ago.	NA
9	303	242	ago.	NA
9	304	243	Casserly	He
9	305	243	Casserly	He
9	306	243	Casserly	He
9	307	244	writes:	NA
9	308	244	writes:	NA
9	309	245	“Copyright	“it
9	310	245	“Copyright	“it
9	311	245	“Copyright	“it
9	312	246	closes	NA
9	313	247	the	NA
9	314	248	door	NA
9	315	249	on	NA
9	316	250	the	them,
9	317	251	many	them,
9	318	252	ways	them,
9	319	253	that	them,
9	320	254	people	them,
9	321	255	can	them,
9	322	256	share,	them,
9	323	256	share,	them,
9	324	257	build	them,
9	325	258	upon	them,
9	326	259	and	them,
9	327	260	remix	them,
9	328	261	each	them,
9	329	262	other's	them,
9	330	262	other's	them,
9	331	263	work,	them,
9	332	263	work,	them,
9	333	264	possibilities	them.”
9	334	265	that	them.”
9	335	266	we	them.”
9	336	267	could	them.”
9	337	268	not	them.”
9	338	269	imagine	them.”
9	339	270	when	them.”
9	340	271	those	them.”
9	341	272	laws	them.”
9	342	273	were	them.”
9	343	274	made.”	them.”
9	344	274	made.”	them.”
9	345	274	made.”	them.”
9	346	274	made.”	them.”
9	347	275	She	NA
9	348	276	says	NA
9	349	277	artists	they
9	350	278	need	NA
9	351	279	to	NA
9	352	280	think	NA
9	353	281	creatively	NA
9	354	282	about	NA
9	355	283	how	NA
9	356	284	they	NA
9	357	285	earn	NA
9	358	286	money	NA
9	359	287	from	NA
9	360	288	their	NA
9	361	289	work.	NA
9	362	289	work.	NA
9	363	290	Index	It
9	364	291	on	It
9	365	292	Censorship	It
9	366	292	Censorship	It
9	367	292	Censorship	It
9	368	293	agrees.	NA
9	369	293	agrees.	NA
9	370	294	The	He,
9	371	295	magazine's	He,
9	372	295	magazine's	He,
9	373	296	editor,	He,
9	374	296	editor,	He,
9	375	297	Rachael	she,
9	376	297	Rachael	she,
9	377	297	Rachael	she,
9	378	298	Jolley,	she,
9	379	298	Jolley,	she,
9	380	298	Jolley,	she,
9	381	299	said:	NA
9	382	299	said:	NA
9	383	300	“Illegal	“it
9	384	300	“Illegal	“it
9	385	300	“Illegal	“it
9	386	300	“Illegal	“it
9	387	301	downloading	“it
9	388	302	is	NA
9	389	303	a	it.”
9	390	304	very	it.”
9	391	305	big	it.”
9	392	306	problem.”	it.”
9	393	306	problem.”	it.”
9	394	306	problem.”	it.”
9	395	306	problem.”	it.”
9	396	307	Between	NA
9	397	308	November	NA
9	398	309	2012	NA
9	399	310	and	NA
9	400	311	January	NA
9	401	312	2013	NA
9	402	313	in	NA
9	403	314	the	it,
9	404	315	UK,	it,
9	405	315	UK,	it,
9	406	316	280	NA
9	407	317	million	NA
9	408	318	music	NA
9	409	319	tracks	NA
9	410	320	were	NA
9	411	321	digitally	NA
9	412	322	pirated	NA
9	413	322	pirated	NA
9	414	323	along	NA
9	415	324	with	NA
9	416	325	52	NA
9	417	326	million	NA
9	418	327	TV	NA
9	419	328	shows,	NA
9	420	328	shows,	NA
9	421	329	29	NA
9	422	330	million	NA
9	423	331	films,	NA
9	424	331	films,	NA
9	425	332	18	NA
9	426	333	million	NA
9	427	334	ebooks	NA
9	428	334	ebooks	NA
9	429	335	and	NA
9	430	336	7	NA
9	431	337	million	NA
9	432	338	software	NA
9	433	339	or	NA
9	434	340	games	NA
9	435	341	files.	NA
9	436	341	files.	NA
9	437	342	18%	They
9	438	342	18%	They
9	439	343	of	They
9	440	344	Internet	They
9	441	345	users	They
9	442	346	aged	They
9	443	347	over	They
9	444	348	12	They
9	445	349	say	NA
9	446	350	they	NA
9	447	351	have	NA
9	448	352	pirated	NA
9	449	352	pirated	NA
9	450	353	items,	NA
9	451	353	items,	NA
9	452	354	and	NA
9	453	355	9%	they%
9	454	355	9%	they%
9	455	356	say	NA
9	456	357	they	NA
9	457	358	are	NA
9	458	359	afraid	NA
9	459	360	they	NA
9	460	361	will	NA
9	461	362	get	NA
9	462	363	caught.	NA
9	463	363	caught.	NA
9	464	364	Pullman	He
9	465	364	Pullman	He
9	466	365	writes	NA
9	467	366	in	NA
9	468	367	his	his:
9	469	368	article:	his:
9	470	368	article:	his:
9	471	369	“The	NA
9	472	369	“The	NA
9	473	369	“The	NA
9	474	370	ease	NA
9	475	371	and	NA
9	476	372	speed	NA
9	477	373	with	NA
9	478	374	which	NA
9	479	375	people	NA
9	480	376	can	NA
9	481	377	get	NA
9	482	378	music	NA
9	483	379	in	NA
9	484	380	MP3	NA
9	485	380	MP3	NA
9	486	381	is	NA
9	487	382	still	NA
9	488	383	very	NA
9	489	384	surprising	NA
9	490	385	to	NA
9	491	386	people	us
9	492	387	like	us
9	493	388	me	us
9	494	389	who	NA
9	495	390	have	NA
9	496	391	been	NA
9	497	392	building	NA
9	498	393	up	NA
9	499	394	their	NA
9	500	395	iTunes	NA
9	501	396	list	NA
9	502	397	for	NA
9	503	398	some	NA
9	504	399	time.”	NA
9	505	399	time.”	NA
9	506	399	time.”	NA
9	507	399	time.”	NA
9	508	400	After	NA
9	509	401	the	NA
9	510	402	Downing	NA
9	511	403	Street	NA
9	512	404	meeting,	NA
9	513	404	meeting,	NA
9	514	405	Cameron	he
9	515	406	asked	NA
9	516	407	the	he
9	517	408	Conservative	he
9	518	409	member	he
9	519	410	of	he
9	520	411	parliament	he
9	521	412	Mike	NA
9	522	413	Weatherley	NA
9	523	413	Weatherley	NA
9	524	414	to	NA
9	525	415	be	NA
9	526	416	his	NA
9	527	417	adviser	NA
9	528	418	on	NA
9	529	419	the	NA
9	530	420	subject.	NA
9	531	420	subject.	NA
9	532	421	The	It,
9	533	422	BPI,	It,
9	534	422	BPI,	It,
9	535	422	BPI,	It,
9	536	423	an	it,
9	537	424	organization	it,
9	538	425	that	it,
9	539	426	supports	it,
9	540	427	music	it,
9	541	428	companies,	it,
9	542	428	companies,	it,
9	543	429	said:	NA
9	544	429	said:	NA
9	545	430	“Mike	“he
9	546	430	“Mike	“he
9	547	430	“Mike	“he
9	548	431	Weatherley	“he
9	549	431	Weatherley	“he
9	550	432	is	NA
9	551	433	a	NA
9	552	434	strong	NA
9	553	435	supporter	NA
9	554	436	of	NA
9	555	437	copyright	it
9	556	438	and	NA
9	557	439	the	NA
9	558	440	artists	NA
9	559	441	and	NA
9	560	442	creative	NA
9	561	443	producers	NA
9	562	444	it's	NA
9	563	444	it's	NA
9	564	445	there	NA
9	565	446	to	NA
9	566	447	protect.	NA
9	567	447	protect.	NA
9	568	448	We	NA
9	569	449	hope	NA
9	570	450	Weatherley's	his
9	571	450	Weatherley's	his
9	572	450	Weatherley's	his
9	573	451	influence	NA
9	574	452	and	NA
9	575	453	the	his
9	576	454	prime	his
9	577	455	minister's	his
9	578	455	minister's	his
9	579	456	support	NA
9	580	457	for	NA
9	581	458	copyright	it
9	582	459	will	NA
9	583	460	change	NA
9	584	461	what	NA
9	585	462	the	NA
9	586	463	government	NA
9	587	464	does	NA
9	588	465	about	NA
9	589	466	illegal	NA
9	590	467	downloading	NA
9	591	468	in	NA
9	592	469	the	it.”
9	593	470	UK.”	it.”
9	594	470	UK.”	it.”
9	595	470	UK.”	it.”
9	596	470	UK.”	it.”
10	0	0	DNA	It
10	1	1	taken	It
10	2	2	from	It
10	3	3	the	It
10	4	4	wisdom	It
10	5	5	tooth	It
10	6	6	of	It
10	7	7	a	It
10	8	8	European	It
10	9	9	hunter-gatherer	It
10	10	9	hunter-gatherer	It
10	11	9	hunter-gatherer	It
10	12	9	hunter-gatherer	It
10	13	10	has	NA
10	14	11	given	NA
10	15	12	scientists	them
10	16	13	an	NA
10	17	14	unprecedented	NA
10	18	15	glimpse	NA
10	19	16	of	NA
10	20	17	modern	them
10	21	18	humans	them
10	22	19	before	NA
10	23	20	the	it.
10	24	21	rise	it.
10	25	22	of	it.
10	26	23	farming.	it.
10	27	23	farming.	it.
10	28	24	The	He,
10	29	25	Mesolithic	He,
10	30	25	Mesolithic	He,
10	31	26	man,	He,
10	32	26	man,	He,
10	33	27	who	He,
10	34	28	lived	He,
10	35	29	in	He,
10	36	30	Spain	He,
10	37	31	around	He,
10	38	32	7,000	He,
10	39	32	7,000	He,
10	40	32	7,000	He,
10	41	33	years	He,
10	42	34	ago,	He,
10	43	34	ago,	He,
10	44	35	had	NA
10	45	36	an	NA
10	46	37	unusual	NA
10	47	38	mix	NA
10	48	39	of	NA
10	49	40	blue	NA
10	50	41	eyes,	NA
10	51	41	eyes,	NA
10	52	42	black	NA
10	53	43	or	NA
10	54	44	brown	NA
10	55	45	hair	NA
10	56	46	and	NA
10	57	47	dark	NA
10	58	48	skin,	NA
10	59	48	skin,	NA
10	60	49	according	NA
10	61	50	to	NA
10	62	51	analyses	it.
10	63	52	of	it.
10	64	53	his	it.
10	65	54	genetic	it.
10	66	55	make-up.	it.
10	67	55	make-up.	it.
10	68	55	make-up.	it.
10	69	55	make-up.	it.
10	70	56	He	NA
10	71	57	was	NA
10	72	58	probably	NA
10	73	59	lactose	NA
10	74	59	lactose	NA
10	75	60	intolerant	NA
10	76	60	intolerant	NA
10	77	61	and	NA
10	78	62	had	NA
10	79	63	more	NA
10	80	64	difﬁculty	NA
10	81	64	difﬁculty	NA
10	82	64	difﬁculty	NA
10	83	64	difﬁculty	NA
10	84	64	difﬁculty	NA
10	85	64	difﬁculty	NA
10	86	64	difﬁculty	NA
10	87	65	digesting	NA
10	88	65	digesting	NA
10	89	66	starchy	NA
10	90	66	starchy	NA
10	91	67	foods	NA
10	92	68	than	NA
10	93	69	the	NA
10	94	70	farmers	NA
10	95	71	who	NA
10	96	72	transformed	NA
10	97	73	diets	NA
10	98	74	and	NA
10	99	75	lifestyles	NA
10	100	76	when	NA
10	101	77	they	NA
10	102	78	took	NA
10	103	79	up	NA
10	104	80	tools	NA
10	105	81	in	NA
10	106	82	the	it.
10	107	83	ﬁrst	it.
10	108	83	ﬁrst	it.
10	109	83	ﬁrst	it.
10	110	83	ﬁrst	it.
10	111	83	ﬁrst	it.
10	112	84	agricultural	it.
10	113	85	revolution.	it.
10	114	85	revolution.	it.
10	115	86	The	It
10	116	87	invention	It
10	117	88	of	It
10	118	89	farming	It
10	119	90	brought	NA
10	120	91	humans	NA
10	121	92	and	NA
10	122	93	animals	them
10	123	94	into	NA
10	124	95	much	NA
10	125	96	closer	NA
10	126	97	contact	NA
10	127	98	and	NA
10	128	99	humans	them
10	129	100	likely	NA
10	130	101	evolved	NA
10	131	102	more	them
10	132	103	robust	them
10	133	104	immune	them
10	134	105	systems	them
10	135	106	to	NA
10	136	107	fend	NA
10	137	108	off	NA
10	138	109	infections	NA
10	139	110	that	NA
10	140	111	the	they
10	141	112	animals	they
10	142	113	passed	NA
10	143	114	on.	NA
10	144	114	on.	NA
10	145	115	But	NA
10	146	116	scientists	they
10	147	117	may	NA
10	148	118	have	NA
10	149	119	overestimated	NA
10	150	119	overestimated	NA
10	151	120	the	NA
10	152	121	impact	NA
10	153	122	farming	it
10	154	123	had	NA
10	155	124	in	NA
10	156	125	shaping	NA
10	157	126	the	it,
10	158	127	human	it,
10	159	128	immune	it,
10	160	129	system,	it,
10	161	129	system,	it,
10	162	130	because	NA
10	163	131	tests	they
10	164	132	on	they
10	165	133	the	they
10	166	134	hunter-gatherer's	they
10	167	134	hunter-gatherer's	they
10	168	134	hunter-gatherer's	they
10	169	134	hunter-gatherer's	they
10	170	134	hunter-gatherer's	they
10	171	135	DNA	they
10	172	136	found	NA
10	173	137	that	NA
10	174	138	he	NA
10	175	139	already	NA
10	176	140	carried	NA
10	177	141	mutations	NA
10	178	142	that	NA
10	179	143	boost	NA
10	180	144	the	it
10	181	145	immune	it
10	182	146	system	it
10	183	147	to	NA
10	184	148	tackle	NA
10	185	149	various	NA
10	186	150	nasty	NA
10	187	151	bugs.	NA
10	188	151	bugs.	NA
10	189	152	Some	NA
10	190	153	live	NA
10	191	154	on	NA
10	192	155	in	NA
10	193	156	modern	them
10	194	157	Europeans	them
10	195	158	today.	NA
10	196	158	today.	NA
10	197	159	“Before	NA
10	198	159	“Before	NA
10	199	159	“Before	NA
10	200	160	we	NA
10	201	161	started	NA
10	202	162	this	it,
10	203	163	work,	it,
10	204	163	work,	it,
10	205	164	I	NA
10	206	165	had	NA
10	207	166	some	them,”
10	208	167	ideas	them,”
10	209	168	of	them,”
10	210	169	what	them,”
10	211	170	we	them,”
10	212	171	were	them,”
10	213	172	going	them,”
10	214	173	to	them,”
10	215	174	ﬁnd,”	them,”
10	216	174	ﬁnd,”	them,”
10	217	174	ﬁnd,”	them,”
10	218	174	ﬁnd,”	them,”
10	219	174	ﬁnd,”	them,”
10	220	174	ﬁnd,”	them,”
10	221	174	ﬁnd,”	them,”
10	222	175	said	NA
10	223	176	Carles	he.
10	224	176	Carles	he.
10	225	177	Lalueza-Fox,	he.
10	226	177	Lalueza-Fox,	he.
10	227	177	Lalueza-Fox,	he.
10	228	177	Lalueza-Fox,	he.
10	229	177	Lalueza-Fox,	he.
10	230	177	Lalueza-Fox,	he.
10	231	178	who	he.
10	232	179	led	he.
10	233	180	the	he.
10	234	181	study	he.
10	235	182	at	he.
10	236	183	the	he.
10	237	184	Institute	he.
10	238	185	of	he.
10	239	186	Evolutionary	he.
10	240	186	Evolutionary	he.
10	241	187	Biology	he.
10	242	188	in	he.
10	243	189	Barcelona.	he.
10	244	189	Barcelona.	he.
10	245	190	“Most	NA
10	246	190	“Most	NA
10	247	190	“Most	NA
10	248	191	of	NA
10	249	192	those	them
10	250	193	ideas	them
10	251	194	turned	NA
10	252	195	out	NA
10	253	196	to	NA
10	254	197	be	NA
10	255	198	completely	NA
10	256	199	wrong.”	NA
10	257	199	wrong.”	NA
10	258	199	wrong.”	NA
10	259	199	wrong.”	NA
10	260	200	The	they
10	261	201	Spanish	they
10	262	202	team	they
10	263	203	started	NA
10	264	204	their	it
10	265	205	work	it
10	266	206	after	NA
10	267	207	a	NA
10	268	208	group	NA
10	269	209	of	NA
10	270	210	cavers	NA
10	271	210	cavers	NA
10	272	211	stumbled	NA
10	273	212	upon	NA
10	274	213	two	them
10	275	214	skeletons	them
10	276	215	in	NA
10	277	216	a	it
10	278	217	deep	it
10	279	218	and	it
10	280	219	complex	it
10	281	220	cave	it
10	282	221	system	it
10	283	222	high	it
10	284	223	up	it
10	285	224	in	it
10	286	225	the	it
10	287	226	Cantabrian	it
10	288	226	Cantabrian	it
10	289	226	Cantabrian	it
10	290	227	Mountains	it
10	291	228	of	it
10	292	229	northwest	it
10	293	230	Spain	it
10	294	231	in	NA
10	295	232	2006.	NA
10	296	232	2006.	NA
10	297	233	The	They,
10	298	234	human	They,
10	299	235	remains,	They,
10	300	235	remains,	They,
10	301	236	which	They,
10	302	237	belonged	They,
10	303	238	to	They,
10	304	239	two	They,
10	305	240	men	They,
10	306	241	in	They,
10	307	242	their	They,
10	308	243	early	They,
10	309	244	30s,	They,
10	310	244	30s,	They,
10	311	244	30s,	They,
10	312	245	had	NA
10	313	246	been	NA
10	314	247	extremely	NA
10	315	248	well	NA
10	316	249	preserved	NA
10	317	250	by	NA
10	318	251	the	NA
10	319	252	cool	NA
10	320	253	environment	NA
10	321	254	of	NA
10	322	255	the	it.
10	323	256	cave.	it.
10	324	256	cave.	it.
10	325	257	Carbon	NA
10	326	258	dating	NA
10	327	259	put	NA
10	328	260	the	them
10	329	261	remains	them
10	330	262	at	NA
10	331	263	around	it
10	332	264	7,000	it
10	333	264	7,000	it
10	334	264	7,000	it
10	335	265	years	it
10	336	266	old,	NA
10	337	266	old,	NA
10	338	267	before	NA
10	339	268	farming	it
10	340	269	had	NA
10	341	270	swept	NA
10	342	271	into	NA
10	343	272	Europe	NA
10	344	273	from	NA
10	345	274	the	NA
10	346	275	Middle	NA
10	347	276	East.	NA
10	348	276	East.	NA
10	349	277	The	It
10	350	278	timing	It
10	351	279	ﬁtted	NA
10	352	279	ﬁtted	NA
10	353	279	ﬁtted	NA
10	354	279	ﬁtted	NA
10	355	280	with	NA
10	356	281	ancient	NA
10	357	282	artifacts	NA
10	358	283	found	NA
10	359	284	at	NA
10	360	285	the	it,
10	361	286	site,	it,
10	362	286	site,	it,
10	363	287	including	NA
10	364	288	perforated	NA
10	365	288	perforated	NA
10	366	288	perforated	NA
10	367	289	reindeer	NA
10	368	289	reindeer	NA
10	369	289	reindeer	NA
10	370	290	teeth	NA
10	371	291	that	NA
10	372	292	were	NA
10	373	293	strung	NA
10	374	293	strung	NA
10	375	294	and	NA
10	376	295	hung	NA
10	377	296	from	NA
10	378	297	the	their
10	379	298	people's	their
10	380	298	people's	their
10	381	299	clothing.	NA
10	382	299	clothing.	NA
10	383	300	On	NA
10	384	301	top	NA
10	385	302	of	NA
10	386	303	the	NA
10	387	304	scientiﬁc	NA
10	388	304	scientiﬁc	NA
10	389	304	scientiﬁc	NA
10	390	304	scientiﬁc	NA
10	391	304	scientiﬁc	NA
10	392	304	scientiﬁc	NA
10	393	305	impact,	NA
10	394	305	impact,	NA
10	395	306	artists	they
10	396	307	might	NA
10	397	308	have	NA
10	398	309	to	NA
10	399	310	rethink	NA
10	400	311	their	NA
10	401	312	drawings	NA
10	402	313	of	NA
10	403	314	the	them.
10	404	315	people.	them.
10	405	315	people.	them.
10	406	316	“You	NA
10	407	316	“You	NA
10	408	316	“You	NA
10	409	317	see	NA
10	410	318	a	NA
10	411	319	lot	NA
10	412	320	of	NA
10	413	321	reconstructions	NA
10	414	321	reconstructions	NA
10	415	322	of	NA
10	416	323	these	them
10	417	324	people	them
10	418	325	hunting	them
10	419	326	and	them
10	420	327	gathering	them
10	421	328	and	NA
10	422	329	they	NA
10	423	330	look	NA
10	424	331	like	NA
10	425	332	modern	us.
10	426	333	Europeans	us.
10	427	334	with	us.
10	428	335	light	us.
10	429	336	skin.	us.
10	430	336	skin.	us.
10	431	337	You	NA
10	432	338	never	NA
10	433	339	see	NA
10	434	340	a	NA
10	435	341	reconstruction	NA
10	436	342	of	NA
10	437	343	a	NA
10	438	344	Mesolithic	NA
10	439	344	Mesolithic	NA
10	440	345	hunter-	NA
10	441	345	hunter-	NA
10	442	346	gatherer	NA
10	443	346	gatherer	NA
10	444	346	gatherer	NA
10	445	347	with	NA
10	446	348	dark	NA
10	447	349	skin	NA
10	448	350	and	NA
10	449	351	blue	NA
10	450	352	eye	NA
10	451	353	color,”	NA
10	452	353	color,”	NA
10	453	353	color,”	NA
10	454	353	color,”	NA
10	455	354	Lalueza-Fox	NA
10	456	354	Lalueza-Fox	NA
10	457	354	Lalueza-Fox	NA
10	458	354	Lalueza-Fox	NA
10	459	354	Lalueza-Fox	NA
10	460	355	said.	NA
10	461	355	said.	NA
10	462	356	The	It
10	463	357	Spanish	It
10	464	358	team	It
10	465	359	went	NA
10	466	360	on	NA
10	467	361	to	NA
10	468	362	compare	NA
10	469	363	the	it
10	470	364	genome	it
10	471	365	of	it
10	472	366	the	it
10	473	367	hunter-gatherer	it
10	474	367	hunter-gatherer	it
10	475	367	hunter-gatherer	it
10	476	367	hunter-gatherer	it
10	477	368	to	NA
10	478	369	those	them
10	479	370	of	them
10	480	371	modern	them
10	481	372	Europeans	them
10	482	373	from	them
10	483	374	different	them
10	484	375	regions	them
10	485	376	to	NA
10	486	377	see	NA
10	487	378	how	NA
10	488	379	they	NA
10	489	380	might	NA
10	490	381	be	NA
10	491	382	related.	NA
10	492	382	related.	NA
10	493	383	They	NA
10	494	384	found	NA
10	495	385	that	NA
10	496	386	the	it
10	497	387	ancient	it
10	498	388	DNA	it
10	499	389	most	NA
10	500	390	closely	NA
10	501	391	matched	NA
10	502	392	the	NA
10	503	393	genetic	NA
10	504	394	makeup	NA
10	505	395	of	NA
10	506	396	people	NA
10	507	397	living	NA
10	508	398	in	NA
10	509	399	northern	NA
10	510	400	Europe,	NA
10	511	400	Europe,	NA
10	512	401	in	NA
10	513	402	particular	NA
10	514	403	Sweden	NA
10	515	404	and	NA
10	516	405	Finland.	NA
10	517	405	Finland.	NA
11	0	0	Scientists	They
11	1	1	have	NA
11	2	2	taken	NA
11	3	3	DNA	it
11	4	4	from	NA
11	5	5	the	NA
11	6	6	tooth	NA
11	7	7	of	NA
11	8	8	a	it
11	9	9	European	it
11	10	10	hunter-gatherer	it
11	11	10	hunter-gatherer	it
11	12	10	hunter-gatherer	it
11	13	10	hunter-gatherer	it
11	14	11	and	NA
11	15	12	have	NA
11	16	13	found	NA
11	17	14	out	NA
11	18	15	what	NA
11	19	16	modern	they
11	20	17	humans	they
11	21	18	looked	NA
11	22	19	like	NA
11	23	20	before	NA
11	24	21	they	NA
11	25	22	started	NA
11	26	23	farming.	it.
11	27	23	farming.	it.
11	28	24	The	He,
11	29	25	Mesolithic	He,
11	30	25	Mesolithic	He,
11	31	26	man,	He,
11	32	26	man,	He,
11	33	27	who	He,
11	34	28	lived	He,
11	35	29	in	He,
11	36	30	Spain	He,
11	37	31	about	He,
11	38	32	7,000	He,
11	39	32	7,000	He,
11	40	32	7,000	He,
11	41	33	years	He,
11	42	34	ago,	He,
11	43	34	ago,	He,
11	44	35	had	NA
11	45	36	an	NA
11	46	37	unusual	NA
11	47	38	mix	NA
11	48	39	of	NA
11	49	40	blue	NA
11	50	41	eyes,	NA
11	51	41	eyes,	NA
11	52	42	black	NA
11	53	43	or	NA
11	54	44	brown	NA
11	55	45	hair	NA
11	56	46	and	NA
11	57	47	dark	NA
11	58	48	skin.	NA
11	59	48	skin.	NA
11	60	49	He	NA
11	61	50	was	NA
11	62	51	probably	NA
11	63	52	lactose	NA
11	64	52	lactose	NA
11	65	53	intolerant	NA
11	66	53	intolerant	NA
11	67	54	and	NA
11	68	55	could	NA
11	69	56	not	NA
11	70	57	digest	NA
11	71	58	starchy	NA
11	72	58	starchy	NA
11	73	59	foods	NA
11	74	60	easily.	NA
11	75	60	easily.	NA
11	76	61	The	NA
11	77	62	invention	NA
11	78	63	of	NA
11	79	64	farming	it
11	80	65	brought	NA
11	81	66	humans	them
11	82	67	and	NA
11	83	68	animals	them
11	84	69	much	NA
11	85	70	closer	NA
11	86	71	and	NA
11	87	72	humans	they.
11	88	73	probably	they.
11	89	74	developed	they.
11	90	75	stronger	they.
11	91	76	immune	they.
11	92	77	systems	they.
11	93	78	to	they.
11	94	79	ﬁght	they.
11	95	79	ﬁght	they.
11	96	79	ﬁght	they.
11	97	79	ﬁght	they.
11	98	79	ﬁght	they.
11	99	80	infections	they.
11	100	81	from	they.
11	101	82	the	they.
11	102	83	animals.	they.
11	103	83	animals.	they.
11	104	84	But	NA
11	105	85	the	it
11	106	86	change	it
11	107	87	to	it
11	108	88	humans'	it
11	109	88	humans'	it
11	110	89	immune	it
11	111	90	systems	it
11	112	91	may	NA
11	113	92	not	NA
11	114	93	be	NA
11	115	94	as	NA
11	116	95	big	NA
11	117	96	as	NA
11	118	97	scientists	they
11	119	98	thought	NA
11	120	99	–	NA
11	121	100	tests	NA
11	122	101	on	NA
11	123	102	the	it
11	124	103	hunter-gatherer's	it
11	125	103	hunter-gatherer's	it
11	126	103	hunter-gatherer's	it
11	127	103	hunter-gatherer's	it
11	128	103	hunter-gatherer's	it
11	129	104	DNA	it
11	130	105	found	NA
11	131	106	that	NA
11	132	107	he	NA
11	133	108	already	NA
11	134	109	had	NA
11	135	110	genes	them.
11	136	111	that	them.
11	137	112	made	them.
11	138	113	his	them.
11	139	114	immune	them.
11	140	115	system	them.
11	141	116	strong.	them.
11	142	116	strong.	them.
11	143	117	Some	NA
11	144	118	of	NA
11	145	119	these	them
11	146	120	genes	them
11	147	121	still	NA
11	148	122	exist	NA
11	149	123	in	NA
11	150	124	modern	them
11	151	125	Europeans	them
11	152	126	today.	NA
11	153	126	today.	NA
11	154	127	“Before	NA
11	155	127	“Before	NA
11	156	127	“Before	NA
11	157	128	we	NA
11	158	129	started	NA
11	159	130	this	it,
11	160	131	work,	it,
11	161	131	work,	it,
11	162	132	I	NA
11	163	133	had	NA
11	164	134	some	them,”
11	165	135	ideas	them,”
11	166	136	of	them,”
11	167	137	what	them,”
11	168	138	we	them,”
11	169	139	were	them,”
11	170	140	going	them,”
11	171	141	to	them,”
11	172	142	ﬁnd,”	them,”
11	173	142	ﬁnd,”	them,”
11	174	142	ﬁnd,”	them,”
11	175	142	ﬁnd,”	them,”
11	176	142	ﬁnd,”	them,”
11	177	142	ﬁnd,”	them,”
11	178	142	ﬁnd,”	them,”
11	179	143	said	NA
11	180	144	Carles	he.
11	181	144	Carles	he.
11	182	145	Lalueza-Fox,	he.
11	183	145	Lalueza-Fox,	he.
11	184	145	Lalueza-Fox,	he.
11	185	145	Lalueza-Fox,	he.
11	186	145	Lalueza-Fox,	he.
11	187	145	Lalueza-Fox,	he.
11	188	146	who	he.
11	189	147	led	he.
11	190	148	the	he.
11	191	149	study	he.
11	192	150	at	he.
11	193	151	the	he.
11	194	152	Institute	he.
11	195	153	of	he.
11	196	154	Evolutionary	he.
11	197	154	Evolutionary	he.
11	198	155	Biology	he.
11	199	156	in	he.
11	200	157	Barcelona.	he.
11	201	157	Barcelona.	he.
11	202	158	“Most	NA
11	203	158	“Most	NA
11	204	158	“Most	NA
11	205	159	of	NA
11	206	160	those	them
11	207	161	ideas	them
11	208	162	turned	NA
11	209	163	out	NA
11	210	164	to	NA
11	211	165	be	NA
11	212	166	completely	NA
11	213	167	wrong.”	NA
11	214	167	wrong.”	NA
11	215	167	wrong.”	NA
11	216	167	wrong.”	NA
11	217	168	The	they
11	218	169	Spanish	they
11	219	170	team	they
11	220	171	started	NA
11	221	172	their	their
11	222	173	work	their
11	223	174	after	NA
11	224	175	a	NA
11	225	176	group	NA
11	226	177	of	NA
11	227	178	cave	NA
11	228	179	explorers	NA
11	229	180	found	NA
11	230	181	two	them
11	231	182	skeletons	them
11	232	183	in	NA
11	233	184	a	it
11	234	185	deep	it
11	235	186	cave	it
11	236	187	high	it
11	237	188	up	it
11	238	189	in	it
11	239	190	the	it
11	240	191	Cantabrian	it
11	241	191	Cantabrian	it
11	242	191	Cantabrian	it
11	243	192	Mountains	it
11	244	193	of	it
11	245	194	northwest	it
11	246	195	Spain	it
11	247	196	in	NA
11	248	197	2006.	NA
11	249	197	2006.	NA
11	250	198	The	They,
11	251	199	skeletons,	They,
11	252	199	skeletons,	They,
11	253	200	which	They,
11	254	201	belonged	They,
11	255	202	to	They,
11	256	203	two	They,
11	257	204	men	They,
11	258	205	in	They,
11	259	206	their	They,
11	260	207	early	They,
11	261	208	30s,	They,
11	262	208	30s,	They,
11	263	208	30s,	They,
11	264	209	had	NA
11	265	210	been	NA
11	266	211	very	NA
11	267	212	well	NA
11	268	213	preserved	NA
11	269	214	in	NA
11	270	215	the	it.
11	271	216	cool	it.
11	272	217	cave.	it.
11	273	217	cave.	it.
11	274	218	Carbon	NA
11	275	219	dating	NA
11	276	220	showed	NA
11	277	221	the	they
11	278	222	skeletons	they
11	279	223	are	NA
11	280	224	around	NA
11	281	225	7,000	NA
11	282	225	7,000	NA
11	283	225	7,000	NA
11	284	226	years	NA
11	285	227	old,	NA
11	286	227	old,	NA
11	287	228	from	NA
11	288	229	the	NA
11	289	230	time	NA
11	290	231	before	NA
11	291	232	farming	it
11	292	233	arrived	NA
11	293	234	in	NA
11	294	235	Europe	NA
11	295	236	from	NA
11	296	237	the	NA
11	297	238	Middle	NA
11	298	239	East.	NA
11	299	239	East.	NA
11	300	240	Other	NA
11	301	241	things	NA
11	302	242	were	NA
11	303	243	found	NA
11	304	244	in	NA
11	305	245	the	it,
11	306	246	cave,	it,
11	307	246	cave,	it,
11	308	247	including	NA
11	309	248	reindeer	NA
11	310	248	reindeer	NA
11	311	248	reindeer	NA
11	312	249	teeth	NA
11	313	250	that	NA
11	314	251	were	NA
11	315	252	hung	NA
11	316	253	from	NA
11	317	254	the	their
11	318	255	people's	their
11	319	255	people's	their
11	320	256	clothing.	NA
11	321	256	clothing.	NA
11	322	257	This	It
11	323	258	discovery	It
11	324	259	is	NA
11	325	260	important	NA
11	326	261	for	NA
11	327	262	science.	NA
11	328	262	science.	NA
11	329	263	It	NA
11	330	264	is	NA
11	331	265	also	NA
11	332	266	important	NA
11	333	267	to	NA
11	334	268	artists	NA
11	335	269	who	NA
11	336	270	will	NA
11	337	271	have	NA
11	338	272	to	NA
11	339	273	draw	NA
11	340	274	Mesolithic	them
11	341	274	Mesolithic	them
11	342	275	people	them
11	343	276	in	NA
11	344	277	a	NA
11	345	278	new	NA
11	346	279	way.	NA
11	347	279	way.	NA
11	348	280	“You	NA
11	349	280	“You	NA
11	350	280	“You	NA
11	351	281	see	NA
11	352	282	a	NA
11	353	283	lot	NA
11	354	284	of	NA
11	355	285	pictures	NA
11	356	286	of	NA
11	357	287	these	them
11	358	288	people	them
11	359	289	hunting	NA
11	360	290	and	NA
11	361	291	gathering	NA
11	362	292	and	NA
11	363	293	they	NA
11	364	294	look	NA
11	365	295	like	NA
11	366	296	modern	them.
11	367	297	Europeans	them.
11	368	298	with	them.
11	369	299	light	them.
11	370	300	skin.	them.
11	371	300	skin.	them.
11	372	301	You	NA
11	373	302	never	NA
11	374	303	see	NA
11	375	304	a	NA
11	376	305	picture	NA
11	377	306	of	NA
11	378	307	a	NA
11	379	308	Mesolithic	NA
11	380	308	Mesolithic	NA
11	381	309	hunter-gatherer	NA
11	382	309	hunter-gatherer	NA
11	383	309	hunter-gatherer	NA
11	384	309	hunter-gatherer	NA
11	385	310	with	NA
11	386	311	dark	NA
11	387	312	skin	NA
11	388	313	and	NA
11	389	314	blue	NA
11	390	315	eyes,”	NA
11	391	315	eyes,”	NA
11	392	315	eyes,”	NA
11	393	315	eyes,”	NA
11	394	316	Lalueza-Fox	he
11	395	316	Lalueza-Fox	he
11	396	316	Lalueza-Fox	he
11	397	316	Lalueza-Fox	he
11	398	316	Lalueza-Fox	he
11	399	317	said.	NA
11	400	317	said.	NA
11	401	318	The	It
11	402	319	Spanish	It
11	403	320	team	It
11	404	321	compared	NA
11	405	322	the	him
11	406	323	hunter-gatherer	him
11	407	323	hunter-gatherer	him
11	408	323	hunter-gatherer	him
11	409	323	hunter-gatherer	him
11	410	324	to	NA
11	411	325	modern	them
11	412	326	Europeans	them
11	413	327	from	them
11	414	328	different	them
11	415	329	regions	them
11	416	330	to	NA
11	417	331	see	NA
11	418	332	how	NA
11	419	333	they	NA
11	420	334	might	NA
11	421	335	be	NA
11	422	336	related.	NA
11	423	336	related.	NA
11	424	337	They	NA
11	425	338	found	NA
11	426	339	that	NA
11	427	340	the	it
11	428	341	ancient	it
11	429	342	DNA	it
11	430	343	was	NA
11	431	344	most	NA
11	432	345	closely	NA
11	433	346	related	NA
11	434	347	to	NA
11	435	348	the	NA
11	436	349	DNA	NA
11	437	350	of	NA
11	438	351	people	NA
11	439	352	living	NA
11	440	353	in	NA
11	441	354	northern	NA
11	442	355	Europe,	NA
11	443	355	Europe,	NA
11	444	356	in	NA
11	445	357	particular	NA
11	446	358	Sweden	NA
11	447	359	and	NA
11	448	360	Finland.	NA
11	449	360	Finland.	NA
12	0	0	An	It
12	1	1	octopus	It
12	2	1	octopus	It
12	3	2	has	NA
12	4	3	made	NA
12	5	4	a	its
12	6	5	brazen	its
12	7	6	escape	its
12	8	7	from	its
12	9	8	the	its
12	10	9	National	its
12	11	10	Aquarium	its
12	12	10	Aquarium	its
12	13	11	in	its
12	14	12	New	its
12	15	13	Zealand	its
12	16	14	by	NA
12	17	15	breaking	NA
12	18	16	out	NA
12	19	17	of	NA
12	20	18	its	its,
12	21	19	tank,	its,
12	22	19	tank,	its,
12	23	20	slithering	NA
12	24	20	slithering	NA
12	25	21	down	NA
12	26	22	a	it
12	27	23	50-meter	it
12	28	23	50-meter	it
12	29	23	50-meter	it
12	30	24	drainpipe	it
12	31	24	drainpipe	it
12	32	25	and	NA
12	33	26	disappearing	NA
12	34	27	into	NA
12	35	28	the	it.
12	36	29	sea.	it.
12	37	29	sea.	it.
12	38	30	In	NA
12	39	31	scenes	NA
12	40	32	reminiscent	NA
12	41	33	of	NA
12	42	34	Finding	NA
12	43	35	Nemo,	NA
12	44	35	Nemo,	NA
12	45	35	Nemo,	NA
12	46	36	Inky	he
12	47	36	Inky	he
12	48	37	–	NA
12	49	38	a	it
12	50	39	common	it
12	51	40	New	it
12	52	41	Zealand	it
12	53	42	octopus	it
12	54	42	octopus	it
12	55	43	–	NA
12	56	44	made	NA
12	57	45	his	his
12	58	46	dash	his
12	59	47	for	his
12	60	48	freedom	his
12	61	49	after	NA
12	62	50	the	NA
12	63	51	lid	NA
12	64	52	of	NA
12	65	53	his	his
12	66	54	tank	his
12	67	55	was	NA
12	68	56	accidentally	NA
12	69	57	left	NA
12	70	58	slightly	NA
12	71	59	ajar.	NA
12	72	59	ajar.	NA
12	73	59	ajar.	NA
12	74	60	Staff	They
12	75	61	believe	NA
12	76	62	that	NA
12	77	63	in	NA
12	78	64	the	NA
12	79	65	middle	NA
12	80	66	of	NA
12	81	67	the	NA
12	82	68	night,	NA
12	83	68	night,	NA
12	84	69	while	NA
12	85	70	the	it
12	86	71	aquarium	it
12	87	72	was	NA
12	88	73	deserted,	NA
12	89	73	deserted,	NA
12	90	74	Inky	he
12	91	74	Inky	he
12	92	75	clambered	NA
12	93	75	clambered	NA
12	94	75	clambered	NA
12	95	76	to	NA
12	96	77	the	NA
12	97	78	top	NA
12	98	79	of	NA
12	99	80	his	his,
12	100	81	glass	his,
12	101	82	enclosure,	his,
12	102	82	enclosure,	his,
12	103	83	down	NA
12	104	84	the	NA
12	105	85	side	NA
12	106	86	of	NA
12	107	87	the	it
12	108	88	tank	it
12	109	89	and	NA
12	110	90	traveled	NA
12	111	91	across	NA
12	112	92	the	it.
12	113	93	floor	it.
12	114	94	of	it.
12	115	95	the	it.
12	116	96	aquarium.	it.
12	117	96	aquarium.	it.
12	118	97	Rob	He,
12	119	98	Yarrell,	He,
12	120	98	Yarrell,	He,
12	121	98	Yarrell,	He,
12	122	99	national	he,
12	123	100	manager	he,
12	124	101	of	he,
12	125	102	the	he,
12	126	103	National	he,
12	127	104	Aquarium	he,
12	128	104	Aquarium	he,
12	129	105	of	he,
12	130	106	New	he,
12	131	107	Zealand	he,
12	132	108	in	he,
12	133	109	Napier,	he,
12	134	109	Napier,	he,
12	135	109	Napier,	he,
12	136	110	said:	NA
12	137	110	said:	NA
12	138	111	“Octopuses	“they
12	139	111	“Octopuses	“they
12	140	111	“Octopuses	“they
12	141	111	“Octopuses	“they
12	142	111	“Octopuses	“they
12	143	112	are	NA
12	144	113	famous	they.
12	145	114	escape	they.
12	146	115	artists.	they.
12	147	115	artists.	they.
12	148	116	I	NA
12	149	117	don't	NA
12	150	117	don't	NA
12	151	118	think	NA
12	152	119	he	NA
12	153	120	was	NA
12	154	121	unhappy	NA
12	155	122	with	NA
12	156	123	us,	NA
12	157	123	us,	NA
12	158	124	or	NA
12	159	125	lonely,	NA
12	160	125	lonely,	NA
12	161	126	as	NA
12	162	127	octopuses	they
12	163	127	octopuses	they
12	164	127	octopuses	they
12	165	128	are	NA
12	166	129	solitary	they.
12	167	130	creatures.	they.
12	168	130	creatures.	they.
12	169	131	But,	NA
12	170	131	But,	NA
12	171	132	he	NA
12	172	133	is	NA
12	173	134	such	he.
12	174	135	a	he.
12	175	136	curious	he.
12	176	137	boy.	he.
12	177	137	boy.	he.
12	178	138	He	He.
12	179	139	would	He.
12	180	140	want	He.
12	181	141	to	He.
12	182	142	know	He.
12	183	143	what's	He.
12	184	143	what's	He.
12	185	144	happening	He.
12	186	145	on	He.
12	187	146	the	He.
12	188	147	outside.	He.
12	189	147	outside.	He.
12	190	148	That's	NA
12	191	148	That's	NA
12	192	149	just	NA
12	193	150	his	it.”
12	194	151	personality.”	it.”
12	195	151	personality.”	it.”
12	196	151	personality.”	it.”
12	197	151	personality.”	it.”
12	198	152	One	NA
12	199	153	theory	NA
12	200	154	is	NA
12	201	155	that	NA
12	202	156	Inky	it
12	203	156	Inky	it
12	204	157	slid	NA
12	205	158	across	NA
12	206	159	the	it
12	207	160	aquarium	it
12	208	161	floor	it
12	209	162	–	NA
12	210	163	a	NA
12	211	164	journey	NA
12	212	165	of	NA
12	213	166	three	NA
12	214	167	or	NA
12	215	168	four	NA
12	216	169	meters	NA
12	217	170	–	NA
12	218	171	and	NA
12	219	172	then,	NA
12	220	172	then,	NA
12	221	173	sensing	NA
12	222	174	freedom	it
12	223	175	was	NA
12	224	176	at	NA
12	225	177	hand,	NA
12	226	177	hand,	NA
12	227	178	into	NA
12	228	179	a	it.
12	229	180	drainpipe	it.
12	230	180	drainpipe	it.
12	231	181	that	it.
12	232	182	led	it.
12	233	183	directly	it.
12	234	184	to	it.
12	235	185	the	it.
12	236	186	sea.	it.
12	237	186	sea.	it.
12	238	187	The	It
12	239	188	drainpipe	It
12	240	188	drainpipe	It
12	241	189	was	NA
12	242	190	50	NA
12	243	191	meters	NA
12	244	192	long	NA
12	245	193	and	NA
12	246	194	opened	NA
12	247	195	onto	NA
12	248	196	the	NA
12	249	197	waters	NA
12	250	198	of	NA
12	251	199	Hawke's	NA
12	252	199	Hawke's	NA
12	253	199	Hawke's	NA
12	254	200	Bay,	NA
12	255	200	Bay,	NA
12	256	201	on	NA
12	257	202	the	NA
12	258	203	east	NA
12	259	204	coast	NA
12	260	205	of	NA
12	261	206	New	its
12	262	207	Zealand's	its
12	263	207	Zealand's	its
12	264	208	North	NA
12	265	209	Island.	NA
12	266	209	Island.	NA
12	267	210	Another	NA
12	268	211	possible	NA
12	269	212	escape	NA
12	270	213	route	NA
12	271	214	could	NA
12	272	215	have	NA
12	273	216	involved	NA
12	274	217	Inky	him
12	275	217	Inky	him
12	276	218	squeezing	NA
12	277	219	into	NA
12	278	220	an	NA
12	279	221	open	NA
12	280	222	pipe	NA
12	281	223	at	NA
12	282	224	the	NA
12	283	225	top	NA
12	284	226	of	NA
12	285	227	his	his,
12	286	228	tank,	his,
12	287	228	tank,	his,
12	288	229	which	NA
12	289	230	led	NA
12	290	231	under	NA
12	291	232	the	it
12	292	233	floor	it
12	293	234	to	NA
12	294	235	the	it.
12	295	236	drain.	it.
12	296	236	drain.	it.
12	297	237	“When	NA
12	298	237	“When	NA
12	299	237	“When	NA
12	300	238	we	NA
12	301	239	came	NA
12	302	240	in	NA
12	303	241	the	NA
12	304	242	next	NA
12	305	243	morning	NA
12	306	244	and	NA
12	307	245	his	it
12	308	246	tank	it
12	309	247	was	NA
12	310	248	empty,	NA
12	311	248	empty,	NA
12	312	249	I	NA
12	313	250	was	NA
12	314	251	really	NA
12	315	252	surprised,”	NA
12	316	252	surprised,”	NA
12	317	252	surprised,”	NA
12	318	252	surprised,”	NA
12	319	253	said	NA
12	320	254	Yarrell,	he.
12	321	254	Yarrell,	he.
12	322	254	Yarrell,	he.
12	323	255	who	he.
12	324	256	has	he.
12	325	257	not	he.
12	326	258	launched	he.
12	327	259	a	he.
12	328	260	search	he.
12	329	261	for	he.
12	330	262	Inky.	he.
12	331	262	Inky.	he.
12	332	262	Inky.	he.
12	333	263	“The	“They
12	334	263	“The	“They
12	335	263	“The	“They
12	336	264	staff	“They
12	337	265	and	NA
12	338	266	I	NA
12	339	267	have	NA
12	340	268	been	NA
12	341	269	pretty	NA
12	342	270	sad.	NA
12	343	270	sad.	NA
12	344	271	But	NA
12	345	272	then,	NA
12	346	272	then,	NA
12	347	273	this	NA
12	348	274	is	NA
12	349	275	Inky	he
12	350	275	Inky	he
12	351	276	and	NA
12	352	277	he's	NA
12	353	277	he's	NA
12	354	278	always	NA
12	355	279	been	NA
12	356	280	a	NA
12	357	281	bit	NA
12	358	282	of	NA
12	359	283	a	NA
12	360	284	surprise	NA
12	361	285	octopus.”	NA
12	362	285	octopus.”	NA
12	363	285	octopus.”	NA
12	364	285	octopus.”	NA
12	365	285	octopus.”	NA
12	366	286	Reiss	he,
12	367	286	Reiss	he,
12	368	287	Jenkinson,	he,
12	369	287	Jenkinson,	he,
12	370	287	Jenkinson,	he,
12	371	288	exhibits	he,
12	372	289	keeper	he,
12	373	290	at	he,
12	374	291	the	he,
12	375	292	National	he,
12	376	293	Aquarium,	he,
12	377	293	Aquarium,	he,
12	378	293	Aquarium,	he,
12	379	294	said	NA
12	380	295	he	NA
12	381	296	was	NA
12	382	297	absolutely	NA
12	383	298	certain	NA
12	384	299	Inky	he
12	385	299	Inky	he
12	386	300	had	NA
12	387	301	not	NA
12	388	302	been	NA
12	389	303	taken.	NA
12	390	303	taken.	NA
12	391	304	“I	NA
12	392	304	“I	NA
12	393	304	“I	NA
12	394	305	understand	NA
12	395	306	the	NA
12	396	307	nature	NA
12	397	308	of	NA
12	398	309	octopus	its
12	399	309	octopus	its
12	400	310	behavior	NA
12	401	311	very	NA
12	402	312	well,”	NA
12	403	312	well,”	NA
12	404	312	well,”	NA
12	405	312	well,”	NA
12	406	313	he	NA
12	407	314	said.	NA
12	408	314	said.	NA
12	409	315	“I	NA
12	410	315	“I	NA
12	411	315	“I	NA
12	412	316	have	NA
12	413	317	seen	NA
12	414	318	octopuses	NA
12	415	318	octopuses	NA
12	416	318	octopuses	NA
12	417	319	on	NA
12	418	320	boats	NA
12	419	321	slip	NA
12	420	322	through	NA
12	421	323	bilge	NA
12	422	323	bilge	NA
12	423	324	pumps.	NA
12	424	324	pumps.	NA
12	425	325	And,	NA
12	426	325	And,	NA
12	427	326	the	NA
12	428	327	security	NA
12	429	328	here	NA
12	430	329	is	NA
12	431	330	too	NA
12	432	331	tight	NA
12	433	332	for	NA
12	434	333	anyone	NA
12	435	334	to	NA
12	436	335	take	NA
12	437	336	Inky	him
12	438	336	Inky	him
12	439	337	and	NA
12	440	338	why	NA
12	441	339	would	NA
12	442	340	they?”	NA
12	443	340	they?”	NA
12	444	340	they?”	NA
12	445	340	they?”	NA
12	446	341	Because	NA
12	447	342	octopuses	they
12	448	342	octopuses	they
12	449	342	octopuses	they
12	450	343	have	NA
12	451	344	no	NA
12	452	345	bones,	NA
12	453	345	bones,	NA
12	454	346	they	NA
12	455	347	are	NA
12	456	348	able	NA
12	457	349	to	NA
12	458	350	fit	NA
12	459	351	into	NA
12	460	352	extremely	NA
12	461	353	small	NA
12	462	354	spaces	NA
12	463	355	and	NA
12	464	356	have	NA
12	465	357	been	NA
12	466	358	filmed	NA
12	467	359	squeezing	NA
12	468	360	through	NA
12	469	361	gaps	NA
12	470	362	the	NA
12	471	363	size	NA
12	472	364	of	NA
12	473	365	coins.	NA
12	474	365	coins.	NA
12	475	366	They	NA
12	476	367	are	NA
12	477	368	also	NA
12	478	369	understood	NA
12	479	370	to	NA
12	480	371	be	NA
12	481	372	extremely	NA
12	482	373	intelligent	NA
12	483	374	and	NA
12	484	375	capable	NA
12	485	376	of	NA
12	486	377	using	NA
12	487	378	tools.	NA
12	488	378	tools.	NA
12	489	379	At	NA
12	490	380	the	it,
12	491	381	Island	it,
12	492	382	Bay	it,
12	493	383	Marine	it,
12	494	384	Education	it,
12	495	385	Center	it,
12	496	386	in	it,
12	497	387	Wellington,	it,
12	498	387	Wellington,	it,
12	499	388	an	it
12	500	389	octopus	it
12	501	389	octopus	it
12	502	390	was	NA
12	503	391	found	NA
12	504	392	to	NA
12	505	393	be	NA
12	506	394	in	NA
12	507	395	the	NA
12	508	396	habit	NA
12	509	397	of	NA
12	510	398	visiting	NA
12	511	399	another	NA
12	512	400	tank	NA
12	513	401	overnight	NA
12	514	402	to	NA
12	515	403	steal	NA
12	516	404	crabs,	NA
12	517	404	crabs,	NA
12	518	405	then	NA
12	519	406	returning	NA
12	520	407	to	NA
12	521	408	its	NA
12	522	409	own.	NA
12	523	409	own.	NA
12	524	410	Another	It,
12	525	411	at	It,
12	526	412	the	It,
12	527	413	center,	It,
12	528	413	center,	It,
12	529	414	Ozymandias,	it,
12	530	414	Ozymandias,	it,
12	531	414	Ozymandias,	it,
12	532	414	Ozymandias,	it,
12	533	414	Ozymandias,	it,
12	534	415	was	NA
12	535	416	thought	NA
12	536	417	to	NA
12	537	418	have	NA
12	538	419	broken	NA
12	539	420	a	NA
12	540	421	world	NA
12	541	422	record	NA
12	542	423	for	NA
12	543	424	opening	NA
12	544	425	a	its
12	545	426	jar	its
12	546	427	before	NA
12	547	428	it	NA
12	548	429	was	NA
12	549	430	released	NA
12	550	431	into	NA
12	551	432	the	it.
12	552	433	ocean.	it.
12	553	433	ocean.	it.
12	554	434	Inky	He
12	555	434	Inky	He
12	556	435	was	NA
12	557	436	brought	NA
12	558	437	to	NA
12	559	438	the	it
12	560	439	National	it
12	561	440	Aquarium	it
12	562	440	Aquarium	it
12	563	441	a	NA
12	564	442	number	NA
12	565	443	of	NA
12	566	444	years	NA
12	567	445	ago	NA
12	568	446	by	NA
12	569	447	a	NA
12	570	448	local	NA
12	571	449	fisherman	NA
12	572	450	who	NA
12	573	451	found	NA
12	574	452	him	NA
12	575	453	caught	NA
12	576	454	in	NA
12	577	455	a	NA
12	578	456	crayfish	NA
12	579	456	crayfish	NA
12	580	456	crayfish	NA
12	581	457	pot.	NA
12	582	457	pot.	NA
12	583	458	He	NA
12	584	459	was	NA
12	585	460	scarred	NA
12	586	460	scarred	NA
12	587	461	and	NA
12	588	462	“rough	NA
12	589	462	“rough	NA
12	590	462	“rough	NA
12	591	463	looking”,	NA
12	592	463	looking”,	NA
12	593	463	looking”,	NA
12	594	463	looking”,	NA
12	595	464	said	NA
12	596	465	Yarrell.	he.
12	597	465	Yarrell.	he.
12	598	465	Yarrell.	he.
12	599	466	“He	NA
12	600	466	“He	NA
12	601	466	“He	NA
12	602	467	had	NA
12	603	468	been	NA
12	604	469	living	NA
12	605	470	on	NA
12	606	471	the	NA
12	607	472	reef	NA
12	608	473	and	NA
12	609	474	fighting	NA
12	610	475	with	NA
12	611	476	fish	NA
12	612	477	so	NA
12	613	478	he	NA
12	614	479	wasn't	NA
12	615	479	wasn't	NA
12	616	480	in	NA
12	617	481	the	NA
12	618	482	best	NA
12	619	483	shape.”	NA
12	620	483	shape.”	NA
12	621	483	shape.”	NA
12	622	483	shape.”	NA
12	623	484	According	NA
12	624	485	to	NA
12	625	486	Yarrell,	he,
12	626	486	Yarrell,	he,
12	627	486	Yarrell,	he,
12	628	487	Inky	it
12	629	487	Inky	it
12	630	488	–	it
12	631	489	who	it
12	632	490	is	it
12	633	491	about	it
12	634	492	the	it
12	635	493	size	it
12	636	494	of	it
12	637	495	a	it
12	638	496	rugby	it
12	639	497	ball	it
12	640	498	–	NA
12	641	499	was	NA
12	642	500	an	it.
12	643	501	“unusually	it.
12	644	501	“unusually	it.
12	645	501	“unusually	it.
12	646	501	“unusually	it.
12	647	502	intelligent”	it.
12	648	502	intelligent”	it.
12	649	502	intelligent”	it.
12	650	503	octopus.	it.
12	651	503	octopus.	it.
12	652	503	octopus.	it.
12	653	504	“He	NA
12	654	504	“He	NA
12	655	504	“He	NA
12	656	505	was	NA
12	657	506	very	NA
12	658	507	friendly,	NA
12	659	507	friendly,	NA
12	660	508	very	NA
12	661	509	inquisitive	NA
12	662	509	inquisitive	NA
12	663	509	inquisitive	NA
12	664	510	and	NA
12	665	511	a	it
12	666	512	popular	it
12	667	513	attraction	it
12	668	514	here.	NA
12	669	514	here.	NA
12	670	515	We	NA
12	671	516	have	NA
12	672	517	another	it,
12	673	518	octopus,	it,
12	674	518	octopus,	it,
12	675	518	octopus,	it,
12	676	519	Blotchy,	he,
12	677	519	Blotchy,	he,
12	678	519	Blotchy,	he,
12	679	519	Blotchy,	he,
12	680	520	but	NA
12	681	521	he	NA
12	682	522	is	NA
12	683	523	smaller	NA
12	684	524	than	NA
12	685	525	Inky	NA
12	686	525	Inky	NA
12	687	526	and	NA
12	688	527	Inky	he
12	689	527	Inky	he
12	690	528	had	NA
12	691	529	the	NA
12	692	530	personality.”	NA
12	693	530	personality.”	NA
12	694	530	personality.”	NA
12	695	530	personality.”	NA
12	696	531	The	it
12	697	532	aquarium	it
12	698	533	has	NA
12	699	534	no	NA
12	700	535	plans	NA
12	701	536	to	NA
12	702	537	step	NA
12	703	538	up	NA
12	704	539	security	NA
12	705	540	as	NA
12	706	541	a	NA
12	707	542	result	NA
12	708	543	of	NA
12	709	544	the	it
12	710	545	escape	it
12	711	546	as	NA
12	712	547	Inky	he
12	713	547	Inky	he
12	714	548	was	NA
12	715	549	a	NA
12	716	550	“one-off”	NA
12	717	550	“one-off”	NA
12	718	550	“one-off”	NA
12	719	550	“one-off”	NA
12	720	550	“one-off”	NA
12	721	550	“one-off”	NA
12	722	550	“one-off”	NA
12	723	551	but	NA
12	724	552	the	they
12	725	553	staff	they
12	726	554	are	NA
12	727	555	“increasingly	NA
12	728	555	“increasingly	NA
12	729	555	“increasingly	NA
12	730	555	“increasingly	NA
12	731	556	aware	NA
12	732	557	of	NA
12	733	558	what	NA
12	734	559	octopuses	they
12	735	559	octopuses	they
12	736	559	octopuses	they
12	737	560	can	NA
12	738	561	actually	NA
12	739	562	do”.	NA
12	740	562	do”.	NA
12	741	562	do”.	NA
12	742	562	do”.	NA
12	743	563	Although	NA
12	744	564	the	it
12	745	565	aquarium	it
12	746	566	is	NA
12	747	567	not	NA
12	748	568	actively	NA
12	749	569	searching	NA
12	750	570	for	NA
12	751	571	a	NA
12	752	572	replacement	NA
12	753	573	for	NA
12	754	574	Inky,	him,
12	755	574	Inky,	him,
12	756	574	Inky,	him,
12	757	575	if	NA
12	758	576	a	NA
12	759	577	fisherman	NA
12	760	578	brought	NA
12	761	579	in	NA
12	762	580	another	it,
12	763	581	octopus,	it,
12	764	581	octopus,	it,
12	765	581	octopus,	it,
12	766	582	it	NA
12	767	583	might	NA
12	768	584	be	NA
12	769	585	willing	NA
12	770	586	to	NA
12	771	587	take	NA
12	772	588	it	NA
12	773	589	on.	NA
12	774	589	on.	NA
13	0	0	An	It
13	1	1	octopus	It
13	2	1	octopus	It
13	3	2	has	NA
13	4	3	escaped	NA
13	5	4	from	NA
13	6	5	the	it.
13	7	6	National	it.
13	8	7	Aquarium	it.
13	9	7	Aquarium	it.
13	10	8	in	it.
13	11	9	New	it.
13	12	10	Zealand.	it.
13	13	10	Zealand.	it.
13	14	11	It	NA
13	15	12	escaped	NA
13	16	13	from	NA
13	17	14	its	its,
13	18	15	tank,	its,
13	19	15	tank,	its,
13	20	16	slid	NA
13	21	17	down	NA
13	22	18	a	it
13	23	19	50-meter	it
13	24	19	50-meter	it
13	25	19	50-meter	it
13	26	20	drainpipe	it
13	27	20	drainpipe	it
13	28	21	and	NA
13	29	22	disappeared	NA
13	30	23	into	NA
13	31	24	the	it.
13	32	25	sea.	it.
13	33	25	sea.	it.
13	34	26	Inky	He
13	35	26	Inky	He
13	36	27	–	NA
13	37	28	a	it
13	38	29	common	it
13	39	30	New	it
13	40	31	Zealand	it
13	41	32	octopus	it
13	42	32	octopus	it
13	43	33	–	NA
13	44	34	escaped	NA
13	45	35	after	NA
13	46	36	someone	NA
13	47	37	left	NA
13	48	38	the	NA
13	49	39	lid	NA
13	50	40	of	NA
13	51	41	his	his
13	52	42	tank	his
13	53	43	open.	NA
13	54	43	open.	NA
13	55	44	Staff	They
13	56	45	at	They
13	57	46	the	They
13	58	47	aquarium	They
13	59	48	believe	NA
13	60	49	that,	NA
13	61	49	that,	NA
13	62	50	in	NA
13	63	51	the	NA
13	64	52	middle	NA
13	65	53	of	NA
13	66	54	the	NA
13	67	55	night,	NA
13	68	55	night,	NA
13	69	56	when	NA
13	70	57	there	NA
13	71	58	was	NA
13	72	59	no-one	NA
13	73	59	no-one	NA
13	74	59	no-one	NA
13	75	60	in	NA
13	76	61	the	it,
13	77	62	building,	it,
13	78	62	building,	it,
13	79	63	Inky	he
13	80	63	Inky	he
13	81	64	climbed	NA
13	82	65	down	NA
13	83	66	the	NA
13	84	67	side	NA
13	85	68	of	NA
13	86	69	the	his
13	87	70	tank	his
13	88	71	and	NA
13	89	72	traveled	NA
13	90	73	across	NA
13	91	74	the	it.
13	92	75	floor.	it.
13	93	75	floor.	it.
13	94	76	Rob	He,
13	95	77	Yarrell,	He,
13	96	77	Yarrell,	He,
13	97	77	Yarrell,	He,
13	98	78	national	he,
13	99	79	manager	he,
13	100	80	of	he,
13	101	81	the	he,
13	102	82	National	he,
13	103	83	Aquarium	he,
13	104	83	Aquarium	he,
13	105	84	of	he,
13	106	85	New	he,
13	107	86	Zealand	he,
13	108	87	in	he,
13	109	88	Napier,	he,
13	110	88	Napier,	he,
13	111	88	Napier,	he,
13	112	89	said:	NA
13	113	89	said:	NA
13	114	90	“Octopuses	“they
13	115	90	“Octopuses	“they
13	116	90	“Octopuses	“they
13	117	90	“Octopuses	“they
13	118	90	“Octopuses	“they
13	119	91	are	NA
13	120	92	famous	NA
13	121	93	for	NA
13	122	94	their	NA
13	123	95	ability	NA
13	124	96	to	NA
13	125	97	escape.	NA
13	126	97	escape.	NA
13	127	98	I	NA
13	128	99	don't	NA
13	129	99	don't	NA
13	130	100	think	NA
13	131	101	he	NA
13	132	102	was	NA
13	133	103	unhappy	NA
13	134	104	with	NA
13	135	105	us,	NA
13	136	105	us,	NA
13	137	106	or	NA
13	138	107	lonely,	NA
13	139	107	lonely,	NA
13	140	108	because	NA
13	141	109	octopuses	they
13	142	109	octopuses	they
13	143	109	octopuses	they
13	144	110	like	NA
13	145	111	to	NA
13	146	112	live	NA
13	147	113	alone.	NA
13	148	113	alone.	NA
13	149	114	But,	NA
13	150	114	But,	NA
13	151	115	he	NA
13	152	116	is	NA
13	153	117	such	he.
13	154	118	a	he.
13	155	119	curious	he.
13	156	120	boy.	he.
13	157	120	boy.	he.
13	158	121	He	He.
13	159	122	would	He.
13	160	123	want	He.
13	161	124	to	He.
13	162	125	know	He.
13	163	126	what's	He.
13	164	126	what's	He.
13	165	127	happening	He.
13	166	128	on	He.
13	167	129	the	He.
13	168	130	outside.	He.
13	169	130	outside.	He.
13	170	131	That's	NA
13	171	131	That's	NA
13	172	132	his	his.”
13	173	133	personality.”	his.”
13	174	133	personality.”	his.”
13	175	133	personality.”	his.”
13	176	133	personality.”	his.”
13	177	134	One	NA
13	178	135	idea	NA
13	179	136	is	NA
13	180	137	that	NA
13	181	138	Inky	he
13	182	138	Inky	he
13	183	139	crossed	he
13	184	140	the	he
13	185	141	aquarium	he
13	186	142	floor	he
13	187	143	–	NA
13	188	144	a	it
13	189	145	journey	it
13	190	146	of	it
13	191	147	three	it
13	192	148	or	it
13	193	149	four	it
13	194	150	meters	it
13	195	151	–	NA
13	196	152	and	NA
13	197	153	then,	NA
13	198	153	then,	NA
13	199	154	he	NA
13	200	155	realized	NA
13	201	156	that	NA
13	202	157	freedom	NA
13	203	158	was	NA
13	204	159	very	NA
13	205	160	near	NA
13	206	161	so	NA
13	207	162	he	NA
13	208	163	entered	NA
13	209	164	a	it.
13	210	165	drainpipe	it.
13	211	165	drainpipe	it.
13	212	166	that	it.
13	213	167	led	it.
13	214	168	directly	it.
13	215	169	to	it.
13	216	170	the	it.
13	217	171	sea.	it.
13	218	171	sea.	it.
13	219	172	The	It
13	220	173	drainpipe	It
13	221	173	drainpipe	It
13	222	174	was	NA
13	223	175	50	NA
13	224	176	meters	NA
13	225	177	long	NA
13	226	178	and	NA
13	227	179	opened	NA
13	228	180	into	NA
13	229	181	Hawke's	NA
13	230	181	Hawke's	NA
13	231	181	Hawke's	NA
13	232	182	Bay,	NA
13	233	182	Bay,	NA
13	234	183	on	NA
13	235	184	the	NA
13	236	185	east	NA
13	237	186	coast	NA
13	238	187	of	NA
13	239	188	New	its
13	240	189	Zealand's	its
13	241	189	Zealand's	its
13	242	190	North	NA
13	243	191	Island.	NA
13	244	191	Island.	NA
13	245	192	It	NA
13	246	193	is	NA
13	247	194	also	NA
13	248	195	possible	NA
13	249	196	that	NA
13	250	197	Inky	he
13	251	197	Inky	he
13	252	198	escaped	NA
13	253	199	through	NA
13	254	200	an	NA
13	255	201	open	NA
13	256	202	pipe	NA
13	257	203	at	NA
13	258	204	the	NA
13	259	205	top	NA
13	260	206	of	NA
13	261	207	his	it,
13	262	208	tank,	it,
13	263	208	tank,	it,
13	264	209	which	NA
13	265	210	led	NA
13	266	211	under	NA
13	267	212	the	it
13	268	213	floor	it
13	269	214	to	NA
13	270	215	the	NA
13	271	216	drain.	NA
13	272	216	drain.	NA
13	273	217	“When	NA
13	274	217	“When	NA
13	275	217	“When	NA
13	276	218	we	NA
13	277	219	came	NA
13	278	220	in	NA
13	279	221	the	NA
13	280	222	next	NA
13	281	223	morning	NA
13	282	224	and	NA
13	283	225	his	it
13	284	226	tank	it
13	285	227	was	NA
13	286	228	empty,	NA
13	287	228	empty,	NA
13	288	229	I	NA
13	289	230	was	NA
13	290	231	really	NA
13	291	232	surprised,”	NA
13	292	232	surprised,”	NA
13	293	232	surprised,”	NA
13	294	232	surprised,”	NA
13	295	233	said	NA
13	296	234	Yarrell,	he.
13	297	234	Yarrell,	he.
13	298	234	Yarrell,	he.
13	299	235	who	he.
13	300	236	has	he.
13	301	237	not	he.
13	302	238	started	he.
13	303	239	looking	he.
13	304	240	for	he.
13	305	241	Inky.	he.
13	306	241	Inky.	he.
13	307	241	Inky.	he.
13	308	242	“The	“They
13	309	242	“The	“They
13	310	242	“The	“They
13	311	243	staff	“They
13	312	244	and	NA
13	313	245	I	NA
13	314	246	have	NA
13	315	247	been	NA
13	316	248	sad.	NA
13	317	248	sad.	NA
13	318	249	But	NA
13	319	250	then,	NA
13	320	250	then,	NA
13	321	251	this	NA
13	322	252	is	NA
13	323	253	Inky	he
13	324	253	Inky	he
13	325	254	and	NA
13	326	255	he's	NA
13	327	255	he's	NA
13	328	256	always	NA
13	329	257	been	NA
13	330	258	a	NA
13	331	259	bit	NA
13	332	260	of	NA
13	333	261	a	NA
13	334	262	surprise	NA
13	335	263	octopus.”	NA
13	336	263	octopus.”	NA
13	337	263	octopus.”	NA
13	338	263	octopus.”	NA
13	339	263	octopus.”	NA
13	340	264	Reiss	he,
13	341	264	Reiss	he,
13	342	265	Jenkinson,	he,
13	343	265	Jenkinson,	he,
13	344	265	Jenkinson,	he,
13	345	266	a	he,
13	346	267	keeper	he,
13	347	268	at	he,
13	348	269	the	he,
13	349	270	National	he,
13	350	271	Aquarium,	he,
13	351	271	Aquarium,	he,
13	352	271	Aquarium,	he,
13	353	272	said	NA
13	354	273	he	NA
13	355	274	was	NA
13	356	275	absolutely	NA
13	357	276	certain	NA
13	358	277	Inky	he
13	359	277	Inky	he
13	360	278	was	NA
13	361	279	not	NA
13	362	280	stolen.	NA
13	363	280	stolen.	NA
13	364	281	“I	NA
13	365	281	“I	NA
13	366	281	“I	NA
13	367	282	understand	NA
13	368	283	octopus	NA
13	369	283	octopus	NA
13	370	284	behavior	NA
13	371	285	very	NA
13	372	286	well,”	NA
13	373	286	well,”	NA
13	374	286	well,”	NA
13	375	286	well,”	NA
13	376	287	he	NA
13	377	288	said.	NA
13	378	288	said.	NA
13	379	289	“I	NA
13	380	289	“I	NA
13	381	289	“I	NA
13	382	290	have	NA
13	383	291	seen	NA
13	384	292	octopuses	NA
13	385	292	octopuses	NA
13	386	292	octopuses	NA
13	387	293	on	NA
13	388	294	boats	NA
13	389	295	escape	NA
13	390	296	through	NA
13	391	297	waste	NA
13	392	298	pumps.	NA
13	393	298	pumps.	NA
13	394	299	And,	NA
13	395	299	And,	NA
13	396	300	the	NA
13	397	301	security	NA
13	398	302	here	NA
13	399	303	is	NA
13	400	304	too	NA
13	401	305	good	NA
13	402	306	for	NA
13	403	307	anyone	NA
13	404	308	to	NA
13	405	309	take	NA
13	406	310	Inky	him
13	407	310	Inky	him
13	408	311	and	NA
13	409	312	why	NA
13	410	313	would	NA
13	411	314	they?”	NA
13	412	314	they?”	NA
13	413	314	they?”	NA
13	414	314	they?”	NA
13	415	315	Because	NA
13	416	316	octopuses	they
13	417	316	octopuses	they
13	418	316	octopuses	they
13	419	317	have	NA
13	420	318	no	NA
13	421	319	bones,	NA
13	422	319	bones,	NA
13	423	320	they	NA
13	424	321	can	NA
13	425	322	fit	NA
13	426	323	into	NA
13	427	324	very	NA
13	428	325	small	NA
13	429	326	spaces	NA
13	430	327	and	NA
13	431	328	can	NA
13	432	329	squeeze	NA
13	433	330	through	NA
13	434	331	gaps	NA
13	435	332	the	NA
13	436	333	size	NA
13	437	334	of	NA
13	438	335	coins.	NA
13	439	335	coins.	NA
13	440	336	They	NA
13	441	337	are	NA
13	442	338	also	NA
13	443	339	very	NA
13	444	340	intelligent	NA
13	445	341	and	NA
13	446	342	able	NA
13	447	343	to	NA
13	448	344	use	NA
13	449	345	tools.	NA
13	450	345	tools.	NA
13	451	346	At	NA
13	452	347	the	it,
13	453	348	Island	it,
13	454	349	Bay	it,
13	455	350	Marine	it,
13	456	351	Education	it,
13	457	352	Center	it,
13	458	353	in	it,
13	459	354	Wellington,	it,
13	460	354	Wellington,	it,
13	461	355	an	it
13	462	356	octopus	it
13	463	356	octopus	it
13	464	357	visited	NA
13	465	358	another	NA
13	466	359	tank	NA
13	467	360	every	NA
13	468	361	night	NA
13	469	362	to	NA
13	470	363	steal	NA
13	471	364	crabs,	NA
13	472	364	crabs,	NA
13	473	365	then	NA
13	474	366	return	NA
13	475	367	to	NA
13	476	368	its	NA
13	477	369	own	NA
13	478	370	tank.	NA
13	479	370	tank.	NA
13	480	371	Another	It,
13	481	372	octopus	It,
13	482	372	octopus	It,
13	483	373	at	It,
13	484	374	the	It,
13	485	375	center,	It,
13	486	375	center,	It,
13	487	376	Ozymandias,	he,
13	488	376	Ozymandias,	he,
13	489	376	Ozymandias,	he,
13	490	376	Ozymandias,	he,
13	491	376	Ozymandias,	he,
13	492	377	broke	NA
13	493	378	a	NA
13	494	379	world	NA
13	495	380	record	NA
13	496	381	for	NA
13	497	382	opening	NA
13	498	383	a	NA
13	499	384	jar.	NA
13	500	384	jar.	NA
13	501	385	Inky	He
13	502	385	Inky	He
13	503	386	was	NA
13	504	387	brought	NA
13	505	388	to	NA
13	506	389	the	it
13	507	390	National	it
13	508	391	Aquarium	it
13	509	391	Aquarium	it
13	510	392	several	NA
13	511	393	years	NA
13	512	394	ago	NA
13	513	395	by	NA
13	514	396	a	NA
13	515	397	local	NA
13	516	398	fisherman	NA
13	517	399	who	NA
13	518	400	found	NA
13	519	401	him	NA
13	520	402	in	NA
13	521	403	a	NA
13	522	404	fishing	NA
13	523	405	pot.	NA
13	524	405	pot.	NA
13	525	406	Yarrell	He
13	526	406	Yarrell	He
13	527	407	said,	NA
13	528	407	said,	NA
13	529	408	“He	NA
13	530	408	“He	NA
13	531	408	“He	NA
13	532	409	lived	NA
13	533	410	on	NA
13	534	411	the	NA
13	535	412	reef	NA
13	536	413	and	NA
13	537	414	fought	NA
13	538	415	with	NA
13	539	416	fish	NA
13	540	417	so	NA
13	541	418	he	NA
13	542	419	wasn't	NA
13	543	419	wasn't	NA
13	544	420	in	NA
13	545	421	a	NA
13	546	422	good	NA
13	547	423	shape.”	NA
13	548	423	shape.”	NA
13	549	423	shape.”	NA
13	550	423	shape.”	NA
13	551	424	According	NA
13	552	425	to	NA
13	553	426	Yarrell,	he,
13	554	426	Yarrell,	he,
13	555	426	Yarrell,	he,
13	556	427	Inky	he
13	557	427	Inky	he
13	558	428	–	he
13	559	429	who	he
13	560	430	is	he
13	561	431	about	he
13	562	432	the	he
13	563	433	size	he
13	564	434	of	he
13	565	435	a	he
13	566	436	rugby	he
13	567	437	ball	he
13	568	438	–	NA
13	569	439	was	NA
13	570	440	an	NA
13	571	441	“unusually	NA
13	572	441	“unusually	NA
13	573	441	“unusually	NA
13	574	441	“unusually	NA
13	575	442	intelligent”	NA
13	576	442	intelligent”	NA
13	577	442	intelligent”	NA
13	578	443	octopus.	NA
13	579	443	octopus.	NA
13	580	443	octopus.	NA
13	581	444	“He	NA
13	582	444	“He	NA
13	583	444	“He	NA
13	584	445	was	NA
13	585	446	very	NA
13	586	447	friendly	NA
13	587	448	and	NA
13	588	449	a	it
13	589	450	popular	it
13	590	451	attraction	it
13	591	452	here.	NA
13	592	452	here.	NA
13	593	453	We	NA
13	594	454	have	NA
13	595	455	another	it,
13	596	456	octopus,	it,
13	597	456	octopus,	it,
13	598	456	octopus,	it,
13	599	457	Blotchy,	he,
13	600	457	Blotchy,	he,
13	601	457	Blotchy,	he,
13	602	457	Blotchy,	he,
13	603	458	but	NA
13	604	459	he	NA
13	605	460	is	NA
13	606	461	smaller	NA
13	607	462	than	NA
13	608	463	Inky	NA
13	609	463	Inky	NA
13	610	464	and	NA
13	611	465	Inky	he
13	612	465	Inky	he
13	613	466	had	NA
13	614	467	the	NA
13	615	468	personality.”	NA
13	616	468	personality.”	NA
13	617	468	personality.”	NA
13	618	468	personality.”	NA
13	619	469	The	it
13	620	470	aquarium	it
13	621	471	has	NA
13	622	472	no	NA
13	623	473	plans	NA
13	624	474	to	NA
13	625	475	increase	NA
13	626	476	security	NA
13	627	477	as	NA
13	628	478	a	NA
13	629	479	result	NA
13	630	480	of	NA
13	631	481	the	NA
13	632	482	escape	NA
13	633	483	but	NA
13	634	484	the	they
13	635	485	staff	they
13	636	486	now	NA
13	637	487	know	NA
13	638	488	“what	NA
13	639	488	“what	NA
13	640	488	“what	NA
13	641	489	octopuses	NA
13	642	489	octopuses	NA
13	643	489	octopuses	NA
13	644	490	can	NA
13	645	491	do”	NA
13	646	491	do”	NA
13	647	491	do”	NA
13	648	492	so	NA
13	649	493	they	NA
13	650	494	will	NA
13	651	495	be	NA
13	652	496	more	NA
13	653	497	careful.	NA
13	654	497	careful.	NA
13	655	498	The	It
13	656	499	aquarium	It
13	657	500	is	NA
13	658	501	not	NA
13	659	502	looking	NA
13	660	503	for	NA
13	661	504	another	NA
13	662	505	octopus	NA
13	663	505	octopus	NA
13	664	506	but,	NA
13	665	506	but,	NA
13	666	507	if	NA
13	667	508	a	NA
13	668	509	fisherman	NA
13	669	510	brought	NA
13	670	511	in	NA
13	671	512	another	it,
13	672	513	octopus,	it,
13	673	513	octopus,	it,
13	674	513	octopus,	it,
13	675	514	the	it
13	676	515	aquarium	it
13	677	516	might	NA
13	678	517	take	NA
13	679	518	it.	NA
13	680	518	it.	NA
14	0	0	Do	NA
14	1	1	you	NA
14	2	2	want	NA
14	3	3	your	NA
14	4	4	child	NA
14	5	5	to	NA
14	6	6	be	NA
14	7	7	good	NA
14	8	8	at	NA
14	9	9	sports,	it,
14	10	9	sports,	it,
14	11	10	make	NA
14	12	11	the	NA
14	13	12	school	NA
14	14	13	team	NA
14	15	14	and,	NA
14	16	14	and,	NA
14	17	15	maybe	NA
14	18	16	one	NA
14	19	17	day,	NA
14	20	17	day,	NA
14	21	18	even	NA
14	22	19	compete	NA
14	23	20	on	NA
14	24	21	the	NA
14	25	22	world	NA
14	26	23	stage?	NA
14	27	23	stage?	NA
14	28	24	Well,	NA
14	29	24	Well,	NA
14	30	25	try	NA
14	31	26	to	NA
14	32	27	ensure	NA
14	33	28	that	NA
14	34	29	your	NA
14	35	30	would-be	NA
14	36	30	would-be	NA
14	37	30	would-be	NA
14	38	31	Olympian	NA
14	39	31	Olympian	NA
14	40	32	or	NA
14	41	33	World	NA
14	42	34	Cup	NA
14	43	35	winner	NA
14	44	36	is	NA
14	45	37	born	NA
14	46	38	in	NA
14	47	39	November	it
14	48	40	or,	NA
14	49	40	or,	NA
14	50	41	failing	NA
14	51	42	that,	NA
14	52	42	that,	NA
14	53	43	in	NA
14	54	44	October.	it.
14	55	44	October.	it.
14	56	45	A	It
14	57	46	study	It
14	58	47	has	NA
14	59	48	found	NA
14	60	49	that	NA
14	61	50	school	they
14	62	51	pupils	they
14	63	52	born	they
14	64	53	in	they
14	65	54	those	they
14	66	55	months	they
14	67	56	are	NA
14	68	57	fitter	NA
14	69	57	fitter	NA
14	70	58	than	NA
14	71	59	everyone	NA
14	72	60	else	NA
14	73	61	in	NA
14	74	62	their	their.
14	75	63	class.	their.
14	76	63	class.	their.
14	77	64	November-	They
14	78	64	November-	They
14	79	65	and	They
14	80	66	October-born	They
14	81	66	October-born	They
14	82	66	October-born	They
14	83	67	children	They
14	84	68	emerged	NA
14	85	69	as	NA
14	86	70	fitter,	NA
14	87	70	fitter,	NA
14	88	70	fitter,	NA
14	89	71	stronger	NA
14	90	72	and	NA
14	91	73	more	NA
14	92	74	powerful	NA
14	93	75	than	NA
14	94	76	their	their,
14	95	77	peers	their,
14	96	78	born	their,
14	97	79	in	their,
14	98	80	the	their,
14	99	81	other	their,
14	100	82	ten	their,
14	101	83	months	their,
14	102	84	of	their,
14	103	85	the	their,
14	104	86	year,	their,
14	105	86	year,	their,
14	106	87	especially	NA
14	107	88	those	NA
14	108	89	whose	NA
14	109	90	birthdays	NA
14	110	90	birthdays	NA
14	111	91	fell	NA
14	112	92	in	NA
14	113	93	April	it
14	114	94	or	NA
14	115	95	June.	it.
14	116	95	June.	it.
14	117	96	Dr.	He,
14	118	96	Dr.	He,
14	119	97	Gavin	He,
14	120	98	Sandercock,	He,
14	121	98	Sandercock,	He,
14	122	98	Sandercock,	He,
14	123	98	Sandercock,	He,
14	124	99	who	He,
14	125	100	is	He,
14	126	101	from	He,
14	127	102	the	He,
14	128	103	Center	He,
14	129	104	for	He,
14	130	105	Sports	He,
14	131	106	and	He,
14	132	107	Exercise	He,
14	133	108	Science	He,
14	134	109	at	He,
14	135	110	Essex	He,
14	136	111	University	He,
14	137	112	and	He,
14	138	113	led	He,
14	139	114	the	He,
14	140	115	study,	He,
14	141	115	study,	He,
14	142	116	found	NA
14	143	117	that	NA
14	144	118	autumn-born	they
14	145	118	autumn-born	they
14	146	118	autumn-born	they
14	147	119	children	they
14	148	120	enjoyed	NA
14	149	121	“a	NA
14	150	121	“a	NA
14	151	121	“a	NA
14	152	122	clear	NA
14	153	123	physical	NA
14	154	124	advantage”	NA
14	155	124	advantage”	NA
14	156	124	advantage”	NA
14	157	125	over	NA
14	158	126	their	their.
14	159	127	classmates.	their.
14	160	127	classmates.	their.
14	161	128	The	It
14	162	129	research	It
14	163	130	involved	NA
14	164	131	8,550	them.
14	165	131	8,550	them.
14	166	131	8,550	them.
14	167	132	boys	them.
14	168	133	and	them.
14	169	134	girls	them.
14	170	135	aged	them.
14	171	136	between	them.
14	172	137	ten	them.
14	173	138	and	them.
14	174	139	16	them.
14	175	140	from	them.
14	176	141	26	them.
14	177	142	state	them.
14	178	143	schools	them.
14	179	144	in	them.
14	180	145	Essex.	them.
14	181	145	Essex.	them.
14	182	146	All	They.
14	183	147	were	They.
14	184	148	tested	They.
14	185	149	between	They.
14	186	150	2007	They.
14	187	151	and	They.
14	188	152	2010	They.
14	189	153	on	They.
14	190	154	three	They.
14	191	155	different	They.
14	192	156	measures	They.
14	193	157	of	They.
14	194	158	fitness:	They.
14	195	158	fitness:	They.
14	196	159	stamina,	They.
14	197	159	stamina,	They.
14	198	160	handgrip	They.
14	199	160	handgrip	They.
14	200	160	handgrip	They.
14	201	161	strength	They.
14	202	162	and	They.
14	203	163	lower-body	They.
14	204	163	lower-body	They.
14	205	163	lower-body	They.
14	206	164	power.	They.
14	207	164	power.	They.
14	208	165	The	They
14	209	166	results	They
14	210	167	revealed	NA
14	211	168	that	NA
14	212	169	a	its
14	213	170	child's	its
14	214	170	child's	its
14	215	171	month	NA
14	216	172	of	NA
14	217	173	birth	NA
14	218	174	could	NA
14	219	175	make	NA
14	220	176	“significant”	NA
14	221	176	“significant”	NA
14	222	176	“significant”	NA
14	223	176	“significant”	NA
14	224	176	“significant”	NA
14	225	177	differences	NA
14	226	178	to	NA
14	227	179	their	NA
14	228	180	levels	NA
14	229	181	of	NA
14	230	182	cardiovascular	NA
14	231	183	fitness,	NA
14	232	183	fitness,	NA
14	233	184	muscle	NA
14	234	185	strength	NA
14	235	186	and	NA
14	236	187	ability	NA
14	237	188	to	NA
14	238	189	accelerate,	NA
14	239	189	accelerate,	NA
14	240	190	all	NA
14	241	191	of	NA
14	242	192	which	NA
14	243	193	predict	NA
14	244	194	how	NA
14	245	195	good	NA
14	246	196	someone	NA
14	247	197	is	NA
14	248	198	at	NA
14	249	199	sports,	it.
14	250	199	sports,	it.
14	251	200	in	it.
14	252	201	which	it.
14	253	202	such	it.
14	254	203	attributes	it.
14	255	204	are	it.
14	256	205	vital.	it.
14	257	205	vital.	it.
14	258	206	Performances	NA
14	259	206	Performances	NA
14	260	207	at	NA
14	261	208	school	NA
14	262	209	sports	NA
14	263	210	days	NA
14	264	211	in	NA
14	265	212	the	NA
14	266	213	weeks	NA
14	267	214	ahead	NA
14	268	215	may	NA
14	269	216	bear	NA
14	270	217	out	NA
14	271	218	the	NA
14	272	219	findings.	NA
14	273	219	findings.	NA
14	274	220	November-born	They
14	275	220	November-born	They
14	276	220	November-born	They
14	277	221	children	They
14	278	222	were	NA
14	279	223	the	NA
14	280	224	fittest	NA
14	281	224	fittest	NA
14	282	225	overall	NA
14	283	226	as	NA
14	284	227	they	NA
14	285	228	had	NA
14	286	229	the	NA
14	287	230	most	NA
14	288	231	stamina	NA
14	289	232	and	NA
14	290	233	power	it
14	291	234	and	NA
14	292	235	were	NA
14	293	236	the	NA
14	294	237	second	NA
14	295	238	strongest.	NA
14	296	238	strongest.	NA
14	297	239	Those	NA
14	298	240	born	NA
14	299	241	in	NA
14	300	242	October	it
14	301	243	were	NA
14	302	244	almost	NA
14	303	245	as	NA
14	304	246	fit,	NA
14	305	246	fit,	NA
14	306	247	scoring	NA
14	307	248	highest	NA
14	308	249	for	NA
14	309	250	strength	NA
14	310	251	and	NA
14	311	252	coming	NA
14	312	253	third	NA
14	313	254	for	NA
14	314	255	power,	it,
14	315	255	power,	it,
14	316	256	with	NA
14	317	257	December	NA
14	318	258	children	NA
14	319	259	close	NA
14	320	260	behind.	NA
14	321	260	behind.	NA
14	322	261	The	It
14	323	262	gap	It
14	324	263	in	It
14	325	264	physical	It
14	326	265	prowess	It
14	327	266	between	It
14	328	267	children	It
14	329	268	in	It
14	330	269	the	It
14	331	270	same	It
14	332	271	class	It
14	333	272	but	It
14	334	273	born	It
14	335	274	in	It
14	336	275	different	It
14	337	276	months	It
14	338	277	was	NA
14	339	278	sometimes	NA
14	340	279	very	NA
14	341	280	wide.	NA
14	342	280	wide.	NA
14	343	281	“For	NA
14	344	281	“For	NA
14	345	281	“For	NA
14	346	282	example,	NA
14	347	282	example,	NA
14	348	283	we	NA
14	349	284	found	NA
14	350	285	that	NA
14	351	286	a	he.
14	352	287	boy	he.
14	353	288	born	he.
14	354	289	in	he.
14	355	290	November	he.
14	356	291	can	he.
14	357	292	run	he.
14	358	293	at	he.
14	359	294	least	he.
14	360	295	10%	he.
14	361	295	10%	he.
14	362	296	faster,	he.
14	363	296	faster,	he.
14	364	297	jump	he.
14	365	298	12%	he.
14	366	298	12%	he.
14	367	299	higher	he.
14	368	300	and	he.
14	369	301	is	he.
14	370	302	15%	he.
14	371	302	15%	he.
14	372	303	more	he.
14	373	304	powerful	he.
14	374	305	than	he.
14	375	306	a	he.
14	376	307	child	he.
14	377	308	of	he.
14	378	309	the	he.
14	379	310	same	he.
14	380	311	age	he.
14	381	312	born	he.
14	382	313	in	he.
14	383	314	April.	he.
14	384	314	April.	he.
14	385	315	This	NA
14	386	316	is,	NA
14	387	316	is,	NA
14	388	317	potentially,	NA
14	389	317	potentially,	NA
14	390	318	a	it,”
14	391	319	huge	it,”
14	392	320	physical	it,”
14	393	321	advantage,”	it,”
14	394	321	advantage,”	it,”
14	395	321	advantage,”	it,”
14	396	321	advantage,”	it,”
14	397	322	said	NA
14	398	323	Sandercock.	he.
14	399	323	Sandercock.	he.
14	400	323	Sandercock.	he.
14	401	323	Sandercock.	he.
14	402	324	Such	They
14	403	325	gaps	They
14	404	326	could	NA
14	405	327	ultimately	NA
14	406	328	decide	NA
14	407	329	who	NA
14	408	330	became	NA
14	409	331	a	NA
14	410	332	top-level	NA
14	411	332	top-level	NA
14	412	332	top-level	NA
14	413	333	athlete	NA
14	414	334	because,	NA
14	415	334	because,	NA
14	416	335	as	NA
14	417	336	the	NA
14	418	337	paper	NA
14	419	338	says,	NA
14	420	338	says,	NA
14	421	339	“selection	NA
14	422	339	“selection	NA
14	423	339	“selection	NA
14	424	340	into	NA
14	425	341	elite	NA
14	426	342	sports	NA
14	427	343	may	NA
14	428	344	often	NA
14	429	345	depend	NA
14	430	346	on	NA
14	431	347	very	NA
14	432	348	small	NA
14	433	349	margins	NA
14	434	350	or	NA
14	435	351	differences	NA
14	436	352	in	NA
14	437	353	an	NA
14	438	354	individual's	NA
14	439	354	individual's	NA
14	440	355	physical	NA
14	441	356	performance”.	NA
14	442	356	performance”.	NA
14	443	356	performance”.	NA
14	444	356	performance”.	NA
14	445	357	The	It,
14	446	358	study,	It,
14	447	358	study,	It,
14	448	359	which	It,
14	449	360	has	It,
14	450	361	been	It,
14	451	362	published	It,
14	452	363	in	It,
14	453	364	the	It,
14	454	365	International	It,
14	455	366	Journal	It,
14	456	367	of	It,
14	457	368	Sports	It,
14	458	369	Medicine,	It,
14	459	369	Medicine,	It,
14	460	370	found	NA
14	461	371	that,	NA
14	462	371	that,	NA
14	463	372	when	NA
14	464	373	scores	NA
14	465	374	for	NA
14	466	375	the	them
14	467	376	three	them
14	468	377	kinds	them
14	469	378	of	them
14	470	379	fitness	them
14	471	380	were	NA
14	472	381	combined,	NA
14	473	381	combined,	NA
14	474	382	those	they,
14	475	383	born	they,
14	476	384	in	they,
14	477	385	April	they,
14	478	386	were	they,
14	479	387	the	they,
14	480	388	least	they,
14	481	389	fit,	they,
14	482	389	fit,	they,
14	483	390	then	NA
14	484	391	those	they.
14	485	392	in	they.
14	486	393	June.	they.
14	487	393	June.	they.
14	488	394	That	NA
14	489	395	could	NA
14	490	396	see	NA
14	491	397	those	them
14	492	398	children	them
14	493	399	excluded	NA
14	494	400	from	NA
14	495	401	school	their
14	496	402	teams	NA
14	497	403	and	NA
14	498	404	becoming	NA
14	499	405	sporting	NA
14	500	406	underachievers,	NA
14	501	406	underachievers,	NA
14	502	406	underachievers,	NA
14	503	406	underachievers,	NA
14	504	407	Sandercock	he
14	505	407	Sandercock	he
14	506	407	Sandercock	he
14	507	408	said.	NA
14	508	408	said.	NA
14	509	409	The	They
14	510	410	findings	They
14	511	411	seem	NA
14	512	412	to	NA
14	513	413	show	NA
14	514	414	that	NA
14	515	415	children	they
14	516	416	born	they
14	517	417	in	they
14	518	418	the	they
14	519	419	early	they
14	520	420	months	they
14	521	421	of	they
14	522	422	the	they
14	523	423	school	they
14	524	424	year	they
14	525	425	enjoy	NA
14	526	426	a	NA
14	527	427	double	NA
14	528	428	“autumn	NA
14	529	428	“autumn	NA
14	530	428	“autumn	NA
14	531	428	“autumn	NA
14	532	429	advantage”	NA
14	533	429	advantage”	NA
14	534	429	advantage”	NA
14	535	430	–	NA
14	536	431	they	NA
14	537	432	are	NA
14	538	433	already	NA
14	539	434	known	NA
14	540	435	to	NA
14	541	436	have	NA
14	542	437	an	NA
14	543	438	academic	NA
14	544	439	advantage	NA
14	545	440	and,	NA
14	546	440	and,	NA
14	547	441	now,	NA
14	548	441	now,	NA
14	549	442	they	NA
14	550	443	also	NA
14	551	444	appear	NA
14	552	445	to	NA
14	553	446	be	NA
14	554	447	better	NA
14	555	448	equipped	NA
14	556	449	for	NA
14	557	450	sports,	it,
14	558	450	sports,	it,
14	559	451	too.	NA
14	560	451	too.	NA
14	561	452	The	They
14	562	453	authors	They
14	563	454	believe	NA
14	564	455	that	NA
14	565	456	autumn-born	their,
14	566	456	autumn-born	their,
14	567	456	autumn-born	their,
14	568	457	children's	their,
14	569	457	children's	their,
14	570	458	greater	their,
14	571	459	exposure	their,
14	572	460	over	their,
14	573	461	the	their,
14	574	462	summer	their,
14	575	463	months,	their,
14	576	463	months,	their,
14	577	464	towards	their,
14	578	465	the	their,
14	579	466	end	their,
14	580	467	of	their,
14	581	468	pregnancy,	their,
14	582	468	pregnancy,	their,
14	583	469	to	NA
14	584	470	vitamin	NA
14	585	471	D	NA
14	586	472	is	NA
14	587	473	the	it.
14	588	474	most	it.
14	589	475	likely	it.
14	590	476	explanation.	it.
14	591	476	explanation.	it.
14	592	477	John	He,
14	593	478	Steele,	He,
14	594	478	Steele,	He,
14	595	479	chief	he,
14	596	480	executive	he,
14	597	481	of	he,
14	598	482	the	he,
14	599	483	Youth	he,
14	600	484	Sport	he,
14	601	485	Trust,	he,
14	602	485	Trust,	he,
14	603	486	said	NA
14	604	487	the	it
14	605	488	quality	it
14	606	489	of	it
14	607	490	a	it
14	608	491	young	it
14	609	492	person's	it
14	610	492	person's	it
14	611	493	introduction	it
14	612	494	to	it
14	613	495	sports	it
14	614	496	at	it
14	615	497	school	it
14	616	498	can	NA
14	617	499	be	NA
14	618	500	“a	“it.
14	619	500	“a	“it.
14	620	500	“a	“it.
14	621	501	major	“it.
14	622	502	factor”	“it.
14	623	502	factor”	“it.
14	624	502	factor”	“it.
14	625	503	in	“it.
14	626	504	their	“it.
14	627	505	sporting	“it.
14	628	506	development.	“it.
14	629	506	development.	“it.
14	630	507	“Children	“They,
14	631	507	“Children	“They,
14	632	507	“Children	“They,
14	633	508	that	“They,
14	634	509	get	“They,
14	635	510	a	“They,
14	636	511	high-quality	“They,
14	637	511	high-quality	“They,
14	638	511	high-quality	“They,
14	639	512	first	“They,
14	640	513	experience,	“They,
14	641	513	experience,	“They,
14	642	514	which	“They,
14	643	515	develops	“They,
14	644	516	their	“They,
14	645	517	physical	“They,
14	646	518	literacy,	“They,
14	647	518	literacy,	“They,
14	648	519	are	NA
14	649	520	those	they,
14	650	521	that	they,
14	651	522	will	they,
14	652	523	have	they,
14	653	524	greater	they,
14	654	525	agility,	they,
14	655	525	agility,	they,
14	656	526	balance	they,
14	657	527	and	they,
14	658	528	coordination,	they,
14	659	528	coordination,	they,
14	660	529	and	NA
14	661	530	are	NA
14	662	531	more	NA
14	663	532	likely	NA
14	664	533	to	NA
14	665	534	develop	NA
14	666	535	an	NA
14	667	536	enjoyment	NA
14	668	537	of	NA
14	669	538	physical	NA
14	670	539	activity	NA
14	671	540	and	NA
14	672	541	excel	NA
14	673	542	in	NA
14	674	543	sports	them
14	675	544	as	NA
14	676	545	they	NA
14	677	546	grow	NA
14	678	547	up”,	NA
14	679	547	up”,	NA
14	680	547	up”,	NA
14	681	547	up”,	NA
14	682	548	he	NA
14	683	549	said.	NA
14	684	549	said.	NA
14	685	550	UK	It
14	686	551	Sport	It
14	687	552	could	NA
14	688	553	not	NA
14	689	554	say	NA
14	690	555	if	NA
14	691	556	a	NA
14	692	557	disproportionately	NA
14	693	558	high	NA
14	694	559	number	NA
14	695	560	of	NA
14	696	561	the	NA
14	697	562	1,300	NA
14	698	562	1,300	NA
14	699	562	1,300	NA
14	700	563	athletes	NA
14	701	564	across	NA
14	702	565	47	NA
14	703	566	sports	NA
14	704	567	it	NA
14	705	568	funds	NA
14	706	569	were	NA
14	707	570	born	NA
14	708	571	in	NA
14	709	572	November	it
14	710	573	and	NA
14	711	574	October.	it.
14	712	574	October.	it.
14	713	575	Natalie	She,
14	714	576	Dunman,	She,
14	715	576	Dunman,	She,
14	716	576	Dunman,	She,
14	717	577	its	she,
14	718	578	head	she,
14	719	579	of	she,
14	720	580	performance	she,
14	721	581	pathways,	she,
14	722	581	pathways,	she,
14	723	582	said	NA
14	724	583	that,	NA
14	725	583	that,	NA
14	726	584	while	NA
14	727	585	the	they
14	728	586	differences	they
14	729	587	highlighted	they
14	730	588	in	they
14	731	589	the	they
14	732	590	new	they
14	733	591	findings	they
14	734	592	were	NA
14	735	593	borne	NA
14	736	594	out	NA
14	737	595	by	NA
14	738	596	teenagers	NA
14	739	597	competing	NA
14	740	598	in	NA
14	741	599	junior-level	NA
14	742	599	junior-level	NA
14	743	599	junior-level	NA
14	744	600	competitions,	NA
14	745	600	competitions,	NA
14	746	601	they	NA
14	747	602	had	NA
14	748	603	disappeared	NA
14	749	604	by	NA
14	750	605	the	NA
14	751	606	time	NA
14	752	607	athletes	NA
14	753	608	were	NA
14	754	609	taking	NA
14	755	610	part	NA
14	756	611	in	NA
14	757	612	adult	NA
14	758	613	competitions.	NA
14	759	613	competitions.	NA
14	760	614	She	NA
14	761	615	said:	NA
14	762	615	said:	NA
14	763	616	“Looking	NA
14	764	616	“Looking	NA
14	765	616	“Looking	NA
14	766	617	at	NA
14	767	618	elite,	NA
14	768	618	elite,	NA
14	769	619	senior	NA
14	770	620	athletes,	NA
14	771	620	athletes,	NA
14	772	621	there	NA
14	773	622	are	NA
14	774	623	many	NA
14	775	624	factors	NA
14	776	625	that	NA
14	777	626	go	NA
14	778	627	into	NA
14	779	628	making	NA
14	780	629	a	NA
14	781	630	champion	NA
14	782	631	and	NA
14	783	632	our	it
14	784	633	work	it
14	785	634	hasn't	NA
14	786	634	hasn't	NA
14	787	635	uncovered	NA
14	788	636	anything	NA
14	789	637	to	NA
14	790	638	suggest	NA
14	791	639	that	NA
14	792	640	month	it
14	793	641	of	it
14	794	642	birth	it
14	795	643	is	NA
14	796	644	one	it.”
14	797	645	of	it.”
14	798	646	the	it.”
14	799	647	key	it.”
14	800	648	ingredients.”	it.”
14	801	648	ingredients.”	it.”
14	802	648	ingredients.”	it.”
14	803	648	ingredients.”	it.”
15	0	0	Do	NA
15	1	1	you	NA
15	2	2	want	NA
15	3	3	your	NA
15	4	4	child	NA
15	5	5	to	NA
15	6	6	be	NA
15	7	7	good	NA
15	8	8	at	NA
15	9	9	sports,	it,
15	10	9	sports,	it,
15	11	10	play	NA
15	12	11	for	NA
15	13	12	the	NA
15	14	13	school	NA
15	15	14	team	NA
15	16	15	and,	NA
15	17	15	and,	NA
15	18	16	maybe	NA
15	19	17	one	NA
15	20	18	day,	NA
15	21	18	day,	NA
15	22	19	even	NA
15	23	20	be	NA
15	24	21	in	NA
15	25	22	international	NA
15	26	23	competitions?	NA
15	27	23	competitions?	NA
15	28	24	Well,	NA
15	29	24	Well,	NA
15	30	25	try	NA
15	31	26	to	NA
15	32	27	make	NA
15	33	28	sure	NA
15	34	29	that	NA
15	35	30	your	they
15	36	31	child	they
15	37	32	is	NA
15	38	33	born	NA
15	39	34	in	NA
15	40	35	November	it
15	41	36	or	NA
15	42	37	October.	it.
15	43	37	October.	it.
15	44	38	A	It
15	45	39	study	It
15	46	40	has	NA
15	47	41	found	NA
15	48	42	that	NA
15	49	43	schoolchildren	they
15	50	43	schoolchildren	they
15	51	44	born	they
15	52	45	in	they
15	53	46	November	they
15	54	47	or	they
15	55	48	October	they
15	56	49	are	NA
15	57	50	fitter	NA
15	58	50	fitter	NA
15	59	51	than	NA
15	60	52	everyone	NA
15	61	53	else	NA
15	62	54	in	NA
15	63	55	their	NA
15	64	56	class.	NA
15	65	56	class.	NA
15	66	57	Children	They
15	67	58	born	They
15	68	59	in	They
15	69	60	November	They
15	70	61	or	They
15	71	62	October	They
15	72	63	were	NA
15	73	64	fitter,	NA
15	74	64	fitter,	NA
15	75	64	fitter,	NA
15	76	65	stronger	NA
15	77	66	and	NA
15	78	67	more	NA
15	79	68	powerful	NA
15	80	69	than	NA
15	81	70	children	NA
15	82	71	born	NA
15	83	72	in	NA
15	84	73	the	NA
15	85	74	other	NA
15	86	75	ten	NA
15	87	76	months	NA
15	88	77	of	NA
15	89	78	the	it.
15	90	79	year.	it.
15	91	79	year.	it.
15	92	80	They	NA
15	93	81	are	NA
15	94	82	especially	NA
15	95	83	fitter,	NA
15	96	83	fitter,	NA
15	97	83	fitter,	NA
15	98	84	stronger	NA
15	99	85	and	NA
15	100	86	more	NA
15	101	87	powerful	NA
15	102	88	than	NA
15	103	89	children	NA
15	104	90	with	NA
15	105	91	birthdays	NA
15	106	91	birthdays	NA
15	107	92	in	NA
15	108	93	April	it
15	109	94	or	NA
15	110	95	June.	it.
15	111	95	June.	it.
15	112	96	Dr.	He
15	113	96	Dr.	He
15	114	97	Gavin	He
15	115	98	Sandercock	He
15	116	98	Sandercock	He
15	117	98	Sandercock	He
15	118	99	of	He
15	119	100	Essex	He
15	120	101	University	He
15	121	102	found	NA
15	122	103	in	NA
15	123	104	his	his
15	124	105	study	his
15	125	106	that	NA
15	126	107	children	they
15	127	108	born	they
15	128	109	in	they
15	129	110	the	they
15	130	111	autumn	they
15	131	112	had	NA
15	132	113	“a	NA
15	133	113	“a	NA
15	134	113	“a	NA
15	135	114	clear	NA
15	136	115	physical	NA
15	137	116	advantage”	NA
15	138	116	advantage”	NA
15	139	116	advantage”	NA
15	140	117	over	NA
15	141	118	their	NA
15	142	119	classmates.	NA
15	143	119	classmates.	NA
15	144	120	The	It
15	145	121	research	It
15	146	122	involved	NA
15	147	123	8,550	them.
15	148	123	8,550	them.
15	149	123	8,550	them.
15	150	124	boys	them.
15	151	125	and	them.
15	152	126	girls	them.
15	153	127	aged	them.
15	154	128	between	them.
15	155	129	ten	them.
15	156	130	and	them.
15	157	131	16	them.
15	158	132	from	them.
15	159	133	26	them.
15	160	134	state	them.
15	161	135	schools	them.
15	162	136	in	them.
15	163	137	Essex.	them.
15	164	137	Essex.	them.
15	165	138	All	They.
15	166	139	were	They.
15	167	140	tested	They.
15	168	141	between	They.
15	169	142	2007	They.
15	170	143	and	They.
15	171	144	2010	They.
15	172	145	on	They.
15	173	146	three	They.
15	174	147	different	They.
15	175	148	things:	They.
15	176	148	things:	They.
15	177	149	stamina,	They.
15	178	149	stamina,	They.
15	179	150	handgrip	They.
15	180	150	handgrip	They.
15	181	150	handgrip	They.
15	182	151	strength	They.
15	183	152	and	They.
15	184	153	lower-body	They.
15	185	153	lower-body	They.
15	186	153	lower-body	They.
15	187	154	power.	They.
15	188	154	power.	They.
15	189	155	The	It
15	190	156	results	It
15	191	157	showed	NA
15	192	158	that	NA
15	193	159	a	their
15	194	160	child's	their
15	195	160	child's	their
15	196	161	month	NA
15	197	162	of	NA
15	198	163	birth	NA
15	199	164	could	NA
15	200	165	make	NA
15	201	166	big	NA
15	202	167	differences	NA
15	203	168	to	NA
15	204	169	their	NA
15	205	170	levels	NA
15	206	171	of	NA
15	207	172	fitness,	NA
15	208	172	fitness,	NA
15	209	173	muscle	NA
15	210	174	strength	NA
15	211	175	and	NA
15	212	176	ability	NA
15	213	177	to	NA
15	214	178	accelerate,	NA
15	215	178	accelerate,	NA
15	216	179	all	NA
15	217	180	of	NA
15	218	181	which	NA
15	219	182	predict	NA
15	220	183	how	NA
15	221	184	good	NA
15	222	185	someone	NA
15	223	186	is	NA
15	224	187	at	NA
15	225	188	sports.	them.
15	226	188	sports.	them.
15	227	189	November	They
15	228	190	children	They
15	229	191	were	NA
15	230	192	the	NA
15	231	193	fittest	NA
15	232	193	fittest	NA
15	233	194	because	NA
15	234	195	they	NA
15	235	196	had	NA
15	236	197	the	NA
15	237	198	most	NA
15	238	199	stamina	NA
15	239	200	and	NA
15	240	201	power	it
15	241	202	and	NA
15	242	203	were	NA
15	243	204	the	NA
15	244	205	second	NA
15	245	206	strongest.	NA
15	246	206	strongest.	NA
15	247	207	Children	They
15	248	208	born	They
15	249	209	in	They
15	250	210	October	They
15	251	211	were	NA
15	252	212	almost	NA
15	253	213	as	NA
15	254	214	fit	NA
15	255	215	–	NA
15	256	216	they	NA
15	257	217	scored	NA
15	258	218	highest	NA
15	259	219	for	NA
15	260	220	strength	NA
15	261	221	and	NA
15	262	222	came	NA
15	263	223	third	NA
15	264	224	for	NA
15	265	225	power,	it,
15	266	225	power,	it,
15	267	226	with	NA
15	268	227	December	NA
15	269	228	children	NA
15	270	229	close	NA
15	271	230	behind.	NA
15	272	230	behind.	NA
15	273	231	The	It
15	274	232	gap	It
15	275	233	in	It
15	276	234	physical	It
15	277	235	ability	It
15	278	236	between	It
15	279	237	children	It
15	280	238	in	It
15	281	239	the	It
15	282	240	same	It
15	283	241	class	It
15	284	242	but	It
15	285	243	born	It
15	286	244	in	It
15	287	245	different	It
15	288	246	months	It
15	289	247	was	NA
15	290	248	sometimes	NA
15	291	249	very	NA
15	292	250	wide.	NA
15	293	250	wide.	NA
15	294	251	“For	NA
15	295	251	“For	NA
15	296	251	“For	NA
15	297	252	example,	NA
15	298	252	example,	NA
15	299	253	we	NA
15	300	254	found	NA
15	301	255	that	NA
15	302	256	a	he.
15	303	257	boy	he.
15	304	258	born	he.
15	305	259	in	he.
15	306	260	November	he.
15	307	261	can	he.
15	308	262	run	he.
15	309	263	at	he.
15	310	264	least	he.
15	311	265	10%	he.
15	312	265	10%	he.
15	313	266	faster,	he.
15	314	266	faster,	he.
15	315	267	jump	he.
15	316	268	12%	he.
15	317	268	12%	he.
15	318	269	higher	he.
15	319	270	and	he.
15	320	271	is	he.
15	321	272	15%	he.
15	322	272	15%	he.
15	323	273	more	he.
15	324	274	powerful	he.
15	325	275	than	he.
15	326	276	a	he.
15	327	277	child	he.
15	328	278	of	he.
15	329	279	the	he.
15	330	280	same	he.
15	331	281	age	he.
15	332	282	born	he.
15	333	283	in	he.
15	334	284	April.	he.
15	335	284	April.	he.
15	336	285	This	NA
15	337	286	is	NA
15	338	287	a	it,”
15	339	288	huge	it,”
15	340	289	physical	it,”
15	341	290	advantage,”	it,”
15	342	290	advantage,”	it,”
15	343	290	advantage,”	it,”
15	344	290	advantage,”	it,”
15	345	291	said	NA
15	346	292	Sandercock.	he.
15	347	292	Sandercock.	he.
15	348	292	Sandercock.	he.
15	349	292	Sandercock.	he.
15	350	293	These	They
15	351	294	gaps	They
15	352	295	could	NA
15	353	296	decide	NA
15	354	297	who	NA
15	355	298	became	NA
15	356	299	a	NA
15	357	300	top-	NA
15	358	300	top-	NA
15	359	301	level	NA
15	360	302	athlete	NA
15	361	303	because	NA
15	362	304	“selection	NA
15	363	304	“selection	NA
15	364	304	“selection	NA
15	365	305	into	NA
15	366	306	elite	NA
15	367	307	sports	NA
15	368	308	may	NA
15	369	309	often	NA
15	370	310	depend	NA
15	371	311	on	NA
15	372	312	very	NA
15	373	313	small	NA
15	374	314	differences	NA
15	375	315	in	NA
15	376	316	a	NA
15	377	317	person's	NA
15	378	317	person's	NA
15	379	318	physical	NA
15	380	319	performance”.	NA
15	381	319	performance”.	NA
15	382	319	performance”.	NA
15	383	319	performance”.	NA
15	384	320	The	It
15	385	321	study	It
15	386	322	found	NA
15	387	323	that,	NA
15	388	323	that,	NA
15	389	324	when	NA
15	390	325	scores	NA
15	391	326	for	NA
15	392	327	the	them
15	393	328	three	them
15	394	329	kinds	them
15	395	330	of	them
15	396	331	fitness	them
15	397	332	were	NA
15	398	333	put	NA
15	399	334	together,	NA
15	400	334	together,	NA
15	401	335	children	they
15	402	336	born	they
15	403	337	in	they
15	404	338	April	they
15	405	339	were	NA
15	406	340	the	they,
15	407	341	least	they,
15	408	342	fit,	they,
15	409	342	fit,	they,
15	410	343	followed	NA
15	411	344	by	NA
15	412	345	children	NA
15	413	346	born	NA
15	414	347	in	NA
15	415	348	June.	it.
15	416	348	June.	it.
15	417	349	The	NA
15	418	350	findings	NA
15	419	351	seem	NA
15	420	352	to	NA
15	421	353	show	NA
15	422	354	that	NA
15	423	355	children	they
15	424	356	born	they
15	425	357	in	they
15	426	358	the	they
15	427	359	early	they
15	428	360	months	they
15	429	361	of	they
15	430	362	the	they
15	431	363	school	they
15	432	364	year	they
15	433	365	enjoy	NA
15	434	366	a	NA
15	435	367	double	NA
15	436	368	“autumn	NA
15	437	368	“autumn	NA
15	438	368	“autumn	NA
15	439	368	“autumn	NA
15	440	369	advantage”	NA
15	441	369	advantage”	NA
15	442	369	advantage”	NA
15	443	370	–	NA
15	444	371	we	NA
15	445	372	already	NA
15	446	373	know	NA
15	447	374	that	NA
15	448	375	they	NA
15	449	376	have	NA
15	450	377	an	NA
15	451	378	academic	NA
15	452	379	advantage	NA
15	453	380	and,	NA
15	454	380	and,	NA
15	455	381	now,	NA
15	456	381	now,	NA
15	457	382	they	NA
15	458	383	also	NA
15	459	384	seem	NA
15	460	385	to	NA
15	461	386	be	NA
15	462	387	better	NA
15	463	388	at	NA
15	464	389	sports,	it,
15	465	389	sports,	it,
15	466	390	too.	NA
15	467	390	too.	NA
15	468	391	The	They
15	469	392	authors	They
15	470	393	of	They
15	471	394	the	They
15	472	395	study	They
15	473	396	believe	NA
15	474	397	that	NA
15	475	398	the	NA
15	476	399	most	NA
15	477	400	likely	NA
15	478	401	explanation	NA
15	479	402	is	NA
15	480	403	that	NA
15	481	404	children	they
15	482	405	born	they
15	483	406	in	they
15	484	407	autumn	they
15	485	408	get	NA
15	486	409	more	NA
15	487	410	vitamin	NA
15	488	411	D	NA
15	489	412	over	NA
15	490	413	the	NA
15	491	414	summer	NA
15	492	415	months	NA
15	493	416	towards	NA
15	494	417	the	NA
15	495	418	end	NA
15	496	419	of	NA
15	497	420	pregnancy.	NA
15	498	420	pregnancy.	NA
15	499	421	John	He,
15	500	422	Steele,	He,
15	501	422	Steele,	He,
15	502	423	chief	he,
15	503	424	executive	he,
15	504	425	of	he,
15	505	426	the	he,
15	506	427	Youth	he,
15	507	428	Sport	he,
15	508	429	Trust,	he,
15	509	429	Trust,	he,
15	510	430	said	NA
15	511	431	the	it
15	512	432	quality	it
15	513	433	of	it
15	514	434	a	it
15	515	435	young	it
15	516	436	person's	it
15	517	436	person's	it
15	518	437	introduction	it
15	519	438	to	it
15	520	439	sports	it
15	521	440	at	it
15	522	441	school	it
15	523	442	can	NA
15	524	443	be	NA
15	525	444	“a	“it.
15	526	444	“a	“it.
15	527	444	“a	“it.
15	528	445	major	“it.
15	529	446	factor”	“it.
15	530	446	factor”	“it.
15	531	446	factor”	“it.
15	532	447	in	“it.
15	533	448	their	“it.
15	534	449	sporting	“it.
15	535	450	development.	“it.
15	536	450	development.	“it.
15	537	451	“Children	“They
15	538	451	“Children	“They
15	539	451	“Children	“They
15	540	452	that	“They
15	541	453	get	“They
15	542	454	a	“They
15	543	455	high-quality	“They
15	544	455	high-quality	“They
15	545	455	high-quality	“They
15	546	456	first	“They
15	547	457	experience	“They
15	548	458	will	NA
15	549	459	have	NA
15	550	460	greater	NA
15	551	461	agility,	NA
15	552	461	agility,	NA
15	553	462	balance	NA
15	554	463	and	NA
15	555	464	coordination,	NA
15	556	464	coordination,	NA
15	557	465	and	NA
15	558	466	are	NA
15	559	467	more	NA
15	560	468	likely	NA
15	561	469	to	NA
15	562	470	develop	NA
15	563	471	an	NA
15	564	472	enjoyment	NA
15	565	473	of	NA
15	566	474	physical	NA
15	567	475	activity	NA
15	568	476	and	NA
15	569	477	be	NA
15	570	478	good	NA
15	571	479	at	NA
15	572	480	sports	them
15	573	481	as	NA
15	574	482	they	NA
15	575	483	grow	NA
15	576	484	up”,	NA
15	577	484	up”,	NA
15	578	484	up”,	NA
15	579	484	up”,	NA
15	580	485	he	NA
15	581	486	said.	NA
15	582	486	said.	NA
15	583	487	UK	It
15	584	488	Sport	It
15	585	489	could	NA
15	586	490	not	NA
15	587	491	say	NA
15	588	492	if	NA
15	589	493	a	NA
15	590	494	majority	NA
15	591	495	of	NA
15	592	496	the	NA
15	593	497	1,300	NA
15	594	497	1,300	NA
15	595	497	1,300	NA
15	596	498	athletes	NA
15	597	499	it	NA
15	598	500	gives	NA
15	599	501	money	NA
15	600	502	to	NA
15	601	503	were	NA
15	602	504	born	NA
15	603	505	in	NA
15	604	506	November	it
15	605	507	and	NA
15	606	508	October.	it.
15	607	508	October.	it.
15	608	509	Natalie	She,
15	609	510	Dunman,	She,
15	610	510	Dunman,	She,
15	611	510	Dunman,	She,
15	612	511	its	she,
15	613	512	head	she,
15	614	513	of	she,
15	615	514	performance,	she,
15	616	514	performance,	she,
15	617	515	said	NA
15	618	516	that	NA
15	619	517	the	they
15	620	518	differences	they
15	621	519	shown	they
15	622	520	in	they
15	623	521	the	they
15	624	522	new	they
15	625	523	study	they
15	626	524	were	NA
15	627	525	true	NA
15	628	526	for	NA
15	629	527	teenagers	NA
15	630	528	in	NA
15	631	529	junior-level	NA
15	632	529	junior-level	NA
15	633	529	junior-level	NA
15	634	530	competitions,	NA
15	635	530	competitions,	NA
15	636	531	but	NA
15	637	532	that	NA
15	638	533	the	they
15	639	534	differences	they
15	640	535	disappear	NA
15	641	536	before	NA
15	642	537	athletes	they
15	643	538	were	NA
15	644	539	in	NA
15	645	540	adult	NA
15	646	541	competitions.	NA
15	647	541	competitions.	NA
15	648	542	She	NA
15	649	543	said:	NA
15	650	543	said:	NA
15	651	544	“With	NA
15	652	544	“With	NA
15	653	544	“With	NA
15	654	545	adult	them,
15	655	546	athletes,	them,
15	656	546	athletes,	them,
15	657	547	there	NA
15	658	548	are	NA
15	659	549	many	they
15	660	550	factors	they
15	661	551	that	they
15	662	552	make	they
15	663	553	a	they
15	664	554	champion	they
15	665	555	and	NA
15	666	556	we	NA
15	667	557	don't	NA
15	668	557	don't	NA
15	669	558	think	NA
15	670	559	that	NA
15	671	560	month	it
15	672	561	of	it
15	673	562	birth	it
15	674	563	is	NA
15	675	564	one	it.”
15	676	565	of	it.”
15	677	566	the	it.”
15	678	567	key	it.”
15	679	568	ingredients.”	it.”
15	680	568	ingredients.”	it.”
15	681	568	ingredients.”	it.”
15	682	568	ingredients.”	it.”
16	0	0	Lots	We
16	1	1	of	We
16	2	2	us	We
16	3	3	know	NA
16	4	4	we	NA
16	5	5	are	NA
16	6	6	sleep-deprived,	we,
16	7	6	sleep-deprived,	we,
16	8	6	sleep-deprived,	we,
16	9	6	sleep-deprived,	we,
16	10	6	sleep-deprived,	we,
16	11	7	but	NA
16	12	8	imagine	NA
16	13	9	if	NA
16	14	10	we	NA
16	15	11	could	NA
16	16	12	fix	NA
16	17	13	it	NA
16	18	14	with	NA
16	19	15	a	it:
16	20	16	fairly	it:
16	21	17	simple	it:
16	22	18	solution:	it:
16	23	18	solution:	it:
16	24	19	getting	it.
16	25	20	up	it.
16	26	21	later.	it.
16	27	21	later.	it.
16	28	22	In	NA
16	29	23	a	NA
16	30	24	speech	NA
16	31	25	at	NA
16	32	26	the	NA
16	33	27	British	NA
16	34	28	Science	NA
16	35	29	Festival,	NA
16	36	29	Festival,	NA
16	37	30	Dr.	he,
16	38	30	Dr.	he,
16	39	31	Paul	he,
16	40	32	Kelley,	he,
16	41	32	Kelley,	he,
16	42	33	clinical	she,
16	43	34	research	she,
16	44	35	associate	she,
16	45	36	at	she,
16	46	37	the	she,
16	47	38	Sleep	she,
16	48	39	and	she,
16	49	40	Circadian	she,
16	50	40	Circadian	she,
16	51	41	Neuroscience	she,
16	52	42	Institute	she,
16	53	43	at	she,
16	54	44	Oxford	she,
16	55	45	University,	she,
16	56	45	University,	she,
16	57	46	called	NA
16	58	47	for	NA
16	59	48	schools	them
16	60	49	to	them.
16	61	50	stagger	them.
16	62	51	their	them.
16	63	52	starting	them.
16	64	53	times	them.
16	65	54	to	them.
16	66	55	work	them.
16	67	56	with	them.
16	68	57	the	them.
16	69	58	natural	them.
16	70	59	biological	them.
16	71	60	rhythms	them.
16	72	61	of	them.
16	73	62	their	them.
16	74	63	students.	them.
16	75	63	students.	them.
16	76	64	It	NA
16	77	65	would	NA
16	78	66	improve	NA
16	79	67	cognitive	NA
16	80	68	performance,	NA
16	81	68	performance,	NA
16	82	69	exam	NA
16	83	70	results	NA
16	84	71	and	NA
16	85	72	students'	their'
16	86	72	students'	their'
16	87	73	health	NA
16	88	74	(sleep	(it
16	89	74	(sleep	(it
16	90	75	deprivation	(it
16	91	76	has	NA
16	92	77	been	NA
16	93	78	linked	NA
16	94	79	with	NA
16	95	80	diabetes,	NA
16	96	80	diabetes,	NA
16	97	81	depression,	NA
16	98	81	depression,	NA
16	99	82	obesity	NA
16	100	83	and	NA
16	101	84	an	NA
16	102	85	impaired	NA
16	103	86	immune	NA
16	104	87	system).	NA
16	105	87	system).	NA
16	106	88	It	NA
16	107	89	follows	NA
16	108	90	a	it.
16	109	91	paper,	it.
16	110	91	paper,	it.
16	111	92	published	it.
16	112	93	in	it.
16	113	94	2014,	it.
16	114	94	2014,	it.
16	115	95	in	it.
16	116	96	which	it.
16	117	97	he	it.
16	118	98	noted	it.
16	119	99	that,	it.
16	120	99	that,	it.
16	121	100	when	it.
16	122	101	children	it.
16	123	102	are	it.
16	124	103	around	it.
16	125	104	ten,	it.
16	126	104	ten,	it.
16	127	105	their	it.
16	128	106	biological	it.
16	129	107	wake-up	it.
16	130	107	wake-up	it.
16	131	107	wake-up	it.
16	132	108	time	it.
16	133	109	is	it.
16	134	110	about	it.
16	135	111	6.30am;	it.
16	136	111	6.30am;	it.
16	137	111	6.30am;	it.
16	138	111	6.30am;	it.
16	139	111	6.30am;	it.
16	140	112	at	it.
16	141	113	16,	it.
16	142	113	16,	it.
16	143	114	this	it.
16	144	115	rises	it.
16	145	116	to	it.
16	146	117	8am;	it.
16	147	117	8am;	it.
16	148	117	8am;	it.
16	149	118	and,	it.
16	150	118	and,	it.
16	151	119	at	it.
16	152	120	18,	it.
16	153	120	18,	it.
16	154	121	someone	it.
16	155	122	you	it.
16	156	123	may	it.
16	157	124	think	it.
16	158	125	of	it.
16	159	126	as	it.
16	160	127	a	it.
16	161	128	lazy	it.
16	162	129	teenager	it.
16	163	130	actually	it.
16	164	131	has	it.
16	165	132	a	it.
16	166	133	natural	it.
16	167	134	waking	it.
16	168	135	hour	it.
16	169	136	of	it.
16	170	137	9am.	it.
16	171	137	9am.	it.
16	172	137	9am.	it.
16	173	138	The	It
16	174	139	conventional	It
16	175	140	school	It
16	176	141	starting	It
16	177	142	time	It
16	178	143	works	NA
16	179	144	for	NA
16	180	145	10-year-olds	NA
16	181	145	10-year-olds	NA
16	182	145	10-year-olds	NA
16	183	145	10-year-olds	NA
16	184	145	10-year-olds	NA
16	185	146	but	NA
16	186	147	not	NA
16	187	148	16-	they.
16	188	148	16-	they.
16	189	149	to	they.
16	190	150	18-year-olds.	they.
16	191	150	18-year-olds.	they.
16	192	150	18-year-olds.	they.
16	193	150	18-year-olds.	they.
16	194	150	18-year-olds.	they.
16	195	150	18-year-olds.	they.
16	196	151	For	NA
16	197	152	the	them,
16	198	153	older	them,
16	199	154	teenagers,	them,
16	200	154	teenagers,	them,
16	201	155	it	NA
16	202	156	might	NA
16	203	157	be	NA
16	204	158	more	NA
16	205	159	sensible	NA
16	206	160	to	it.
16	207	161	start	it.
16	208	162	the	it.
16	209	163	school	it.
16	210	164	day	it.
16	211	165	at	it.
16	212	166	11am	it.
16	213	166	11am	it.
16	214	167	or	it.
16	215	168	even	it.
16	216	169	later.	it.
16	217	169	later.	it.
16	218	170	“A	“It,”
16	219	170	“A	“It,”
16	220	170	“A	“It,”
16	221	171	7am	“It,”
16	222	171	7am	“It,”
16	223	172	alarm	“It,”
16	224	173	call	“It,”
16	225	174	for	“It,”
16	226	175	older	“It,”
16	227	176	adolescents,”	“It,”
16	228	176	adolescents,”	“It,”
16	229	176	adolescents,”	“It,”
16	230	176	adolescents,”	“It,”
16	231	177	Kelley	he
16	232	178	and	NA
16	233	179	his	NA
16	234	180	colleagues	NA
16	235	181	pointed	NA
16	236	182	out	NA
16	237	183	in	NA
16	238	184	the	it,
16	239	185	paper,	it,
16	240	185	paper,	it,
16	241	186	“is	NA
16	242	186	“is	NA
16	243	186	“is	NA
16	244	187	the	it.”
16	245	188	equivalent	it.”
16	246	189	of	it.”
16	247	190	a	it.”
16	248	191	4.30am	it.”
16	249	191	4.30am	it.”
16	250	191	4.30am	it.”
16	251	191	4.30am	it.”
16	252	192	start	it.”
16	253	193	for	it.”
16	254	194	a	it.”
16	255	195	teacher	it.”
16	256	196	in	it.”
16	257	197	their	it.”
16	258	198	50s.”	it.”
16	259	198	50s.”	it.”
16	260	198	50s.”	it.”
16	261	198	50s.”	it.”
16	262	198	50s.”	it.”
16	263	199	He	NA
16	264	200	says	NA
16	265	201	it's	NA
16	266	201	it's	NA
16	267	202	not	NA
16	268	203	as	NA
16	269	204	simple	NA
16	270	205	as	NA
16	271	206	persuading	NA
16	272	206	persuading	NA
16	273	207	teenagers	NA
16	274	208	to	NA
16	275	209	go	NA
16	276	210	to	NA
16	277	211	bed	NA
16	278	212	earlier.	NA
16	279	212	earlier.	NA
16	280	213	“The	“It
16	281	213	“The	“It
16	282	213	“The	“It
16	283	214	body's	“It
16	284	214	body's	“It
16	285	215	natural	“It
16	286	216	rhythm	“It
16	287	217	is	NA
16	288	218	controlled	NA
16	289	219	by	NA
16	290	220	a	NA
16	291	221	particular	NA
16	292	222	kind	NA
16	293	223	of	NA
16	294	224	light,”	NA
16	295	224	light,”	NA
16	296	224	light,”	NA
16	297	224	light,”	NA
16	298	225	says	NA
16	299	226	Kelley.	she.
16	300	226	Kelley.	she.
16	301	227	“The	“It
16	302	227	“The	“It
16	303	227	“The	“It
16	304	228	eye	“It
16	305	229	doesn't	NA
16	306	229	doesn't	NA
16	307	230	just	NA
16	308	231	contain	NA
16	309	232	rods	NA
16	310	233	and	NA
16	311	234	cones;	NA
16	312	234	cones;	NA
16	313	235	it	NA
16	314	236	contains	NA
16	315	237	cells	NA
16	316	238	that	NA
16	317	239	then	NA
16	318	240	report	NA
16	319	241	to	NA
16	320	242	the	NA
16	321	243	suprachiasmatic	NA
16	322	243	suprachiasmatic	NA
16	323	243	suprachiasmatic	NA
16	324	243	suprachiasmatic	NA
16	325	243	suprachiasmatic	NA
16	326	244	nuclei	NA
16	327	244	nuclei	NA
16	328	245	in	NA
16	329	246	the	it.”
16	330	247	hypothalamus.”	it.”
16	331	247	hypothalamus.”	it.”
16	332	247	hypothalamus.”	it.”
16	333	247	hypothalamus.”	it.”
16	334	247	hypothalamus.”	it.”
16	335	248	This	it.
16	336	249	part	it.
16	337	250	of	it.
16	338	251	the	it.
16	339	252	brain	it.
16	340	253	controls	it.
16	341	254	our	it.
16	342	255	circadian	it.
16	343	256	rhythms	it.
16	344	257	over	it.
16	345	258	a	it.
16	346	259	24-hour	it.
16	347	259	24-hour	it.
16	348	259	24-hour	it.
16	349	260	cycle.	it.
16	350	260	cycle.	it.
16	351	261	It's	NA
16	352	261	It's	NA
16	353	262	like	NA
16	354	263	saying:	NA
16	355	263	saying:	NA
16	356	264	‘Why	NA
16	357	264	‘Why	NA
16	358	264	‘Why	NA
16	359	265	can't	NA
16	360	265	can't	NA
16	361	266	you	NA
16	362	267	control	NA
16	363	268	your	NA
16	364	269	heartbeat?'”	NA
16	365	269	heartbeat?'”	NA
16	366	269	heartbeat?'”	NA
16	367	269	heartbeat?'”	NA
16	368	270	But	NA
16	369	271	it	NA
16	370	272	isn't	NA
16	371	272	isn't	NA
16	372	273	just	NA
16	373	274	students	NA
16	374	275	who	NA
16	375	276	would	NA
16	376	277	benefit	NA
16	377	278	from	NA
16	378	279	a	NA
16	379	280	later	NA
16	380	281	start.	NA
16	381	281	start.	NA
16	382	282	Kelley	He
16	383	283	says	NA
16	384	284	the	it
16	385	285	working	it
16	386	286	day	it
16	387	287	should	NA
16	388	288	be	NA
16	389	289	more	NA
16	390	290	forgiving	NA
16	391	291	of	NA
16	392	292	our	them.
16	393	293	natural	them.
16	394	294	rhythms.	them.
16	395	294	rhythms.	them.
16	396	295	Describing	NA
16	397	295	Describing	NA
16	398	296	the	it,
16	399	297	average	it,
16	400	298	sleep	it,
16	401	299	loss	it,
16	402	300	per	it,
16	403	301	night	it,
16	404	302	for	it,
16	405	303	different	it,
16	406	304	age	it,
16	407	305	groups,	it,
16	408	305	groups,	it,
16	409	306	he	NA
16	410	307	says:	NA
16	411	307	says:	NA
16	412	308	“Between	NA
16	413	308	“Between	NA
16	414	308	“Between	NA
16	415	309	14	NA
16	416	310	and	NA
16	417	311	24,	NA
16	418	311	24,	NA
16	419	312	it's	NA
16	420	312	it's	NA
16	421	313	more	NA
16	422	314	than	NA
16	423	315	two	NA
16	424	316	hours.	NA
16	425	316	hours.	NA
16	426	317	For	NA
16	427	318	people	NA
16	428	319	aged	NA
16	429	320	between	NA
16	430	321	24	NA
16	431	322	and	NA
16	432	323	about	NA
16	433	324	30	NA
16	434	325	or	NA
16	435	326	35,	NA
16	436	326	35,	NA
16	437	327	it's	NA
16	438	327	it's	NA
16	439	328	about	it.
16	440	329	an	it.
16	441	330	hour	it.
16	442	331	and	it.
16	443	332	a	it.
16	444	333	half.	it.
16	445	333	half.	it.
16	446	334	That	NA
16	447	335	can	NA
16	448	336	continue	NA
16	449	337	up	NA
16	450	338	until	NA
16	451	339	you're	NA
16	452	339	you're	NA
16	453	340	about	NA
16	454	341	55	NA
16	455	342	when	NA
16	456	343	it's	NA
16	457	343	it's	NA
16	458	344	in	NA
16	459	345	balance	NA
16	460	346	again.	NA
16	461	346	again.	NA
16	462	347	The	They.”
16	463	348	10-year-old	They.”
16	464	348	10-year-old	They.”
16	465	348	10-year-old	They.”
16	466	348	10-year-old	They.”
16	467	348	10-year-old	They.”
16	468	349	and	They.”
16	469	350	55-year-old	They.”
16	470	350	55-year-old	They.”
16	471	350	55-year-old	They.”
16	472	350	55-year-old	They.”
16	473	350	55-year-old	They.”
16	474	351	wake	They.”
16	475	352	and	They.”
16	476	353	sleep	They.”
16	477	354	naturally	They.”
16	478	355	at	They.”
16	479	356	the	They.”
16	480	357	same	They.”
16	481	358	time.”	They.”
16	482	358	time.”	They.”
16	483	358	time.”	They.”
16	484	358	time.”	They.”
16	485	359	This	NA
16	486	360	might	NA
16	487	361	be	NA
16	488	362	why,	NA
16	489	362	why,	NA
16	490	363	he	NA
16	491	364	adds,	NA
16	492	364	adds,	NA
16	493	365	the	it
16	494	366	traditional	it
16	495	367	nine	it
16	496	368	to	it
16	497	369	five	it
16	498	370	is	NA
16	499	371	so	NA
16	500	372	ingrained;	NA
16	501	372	ingrained;	NA
16	502	373	it	NA
16	503	374	is	NA
16	504	375	maintained	NA
16	505	376	by	NA
16	506	377	bosses,	they
16	507	377	bosses,	they
16	508	378	many	they
16	509	379	of	they
16	510	380	them	they
16	511	381	in	they
16	512	382	their	they
16	513	383	mid-50s	they
16	514	383	mid-50s	they
16	515	383	mid-50s	they
16	516	383	mid-50s	they
16	517	384	and	they
16	518	385	upwards	they
16	519	386	because	NA
16	520	387	“it	NA
16	521	387	“it	NA
16	522	387	“it	NA
16	523	388	is	NA
16	524	389	best	NA
16	525	390	for	NA
16	526	391	them”.	NA
16	527	391	them”.	NA
16	528	391	them”.	NA
16	529	391	them”.	NA
16	530	392	So,	NA
16	531	392	So,	NA
16	532	393	should	NA
16	533	394	workplaces	NA
16	534	395	have	NA
16	535	396	staggered	them,
16	536	397	starting	them,
16	537	398	times,	them,
16	538	398	times,	them,
16	539	399	too?	NA
16	540	399	too?	NA
16	541	400	Should	NA
16	542	401	those	NA
16	543	402	in	NA
16	544	403	their	NA
16	545	404	50s	NA
16	546	404	50s	NA
16	547	405	and	NA
16	548	406	above	NA
16	549	407	come	NA
16	550	408	in	NA
16	551	409	at	NA
16	552	410	8am,	NA
16	553	410	8am,	NA
16	554	410	8am,	NA
16	555	411	while	NA
16	556	412	those	NA
16	557	413	in	NA
16	558	414	their	NA
16	559	415	30s	NA
16	560	415	30s	NA
16	561	416	start	NA
16	562	417	at	NA
16	563	418	10am	NA
16	564	418	10am	NA
16	565	419	and	NA
16	566	420	the	NA
16	567	421	teenage	NA
16	568	422	intern	NA
16	569	423	or	NA
16	570	424	apprentice	NA
16	571	425	be	NA
16	572	426	encouraged	NA
16	573	427	to	NA
16	574	428	turn	NA
16	575	429	up	NA
16	576	430	at	NA
16	577	431	11am?	NA
16	578	431	11am?	NA
16	579	431	11am?	NA
16	580	432	Kelley	he
16	581	433	says	NA
16	582	434	that	NA
16	583	435	synchronized	they
16	584	436	hours	they
16	585	437	could	NA
16	586	438	have	NA
16	587	439	“many	NA
16	588	439	“many	NA
16	589	439	“many	NA
16	590	440	positive	NA
16	591	441	consequences.	NA
16	592	441	consequences.	NA
16	593	442	The	NA
16	594	443	positive	NA
16	595	444	side	NA
16	596	445	of	NA
16	597	446	this	NA
16	598	447	is	NA
16	599	448	people's	their
16	600	448	people's	their
16	601	449	performance,	NA
16	602	449	performance,	NA
16	603	450	mood	NA
16	604	451	and	NA
16	605	452	health	NA
16	606	453	will	NA
16	607	454	improve.	NA
16	608	454	improve.	NA
16	609	455	It's	NA
16	610	455	It's	NA
16	611	456	very	NA
16	612	457	uplifting	NA
16	613	457	uplifting	NA
16	614	458	in	NA
16	615	459	a	NA
16	616	460	way	NA
16	617	461	because	NA
16	618	462	it's	NA
16	619	462	it's	NA
16	620	463	a	it.”
16	621	464	solution	it.”
16	622	465	that	it.”
16	623	466	will	it.”
16	624	467	make	it.”
16	625	468	people	it.”
16	626	469	less	it.”
16	627	470	ill,	it.”
16	628	470	ill,	it.”
16	629	471	and	it.”
16	630	472	happier	it.”
16	631	473	and	it.”
16	632	474	better	it.”
16	633	475	at	it.”
16	634	476	what	it.”
16	635	477	they	it.”
16	636	478	do.”	it.”
16	637	478	do.”	it.”
16	638	478	do.”	it.”
16	639	478	do.”	it.”
16	640	479	There	NA
16	641	480	would	NA
16	642	481	probably	NA
16	643	482	be	NA
16	644	483	fewer	NA
16	645	484	accidents	NA
16	646	485	as	NA
16	647	486	drivers	NA
16	648	487	would	NA
16	649	488	be	NA
16	650	489	more	NA
16	651	490	alert,	NA
16	652	490	alert,	NA
16	653	491	he	NA
16	654	492	says.	NA
16	655	492	says.	NA
16	656	493	It	NA
16	657	494	could	NA
16	658	495	spell	NA
16	659	496	the	NA
16	660	497	end	NA
16	661	498	of	NA
16	662	499	rush	NA
16	663	500	hour	NA
16	664	501	as	NA
16	665	502	people	they
16	666	503	stagger	NA
16	667	504	their	NA
16	668	505	work	NA
16	669	506	and	NA
16	670	507	school-run	NA
16	671	507	school-run	NA
16	672	507	school-run	NA
16	673	508	times.	NA
16	674	508	times.	NA
16	675	509	A	It,
16	676	510	later	It,
16	677	511	start	It,
16	678	512	to	It,
16	679	513	the	It,
16	680	514	day	It,
16	681	515	for	It,
16	682	516	many,	It,
16	683	516	many,	It,
16	684	517	says	NA
16	685	518	Kelley,	she,
16	686	518	Kelley,	she,
16	687	519	“is	NA
16	688	519	“is	NA
16	689	519	“is	NA
16	690	520	something	it.
16	691	521	that	it.
16	692	522	would	it.
16	693	523	benefit	it.
16	694	524	everyone,	it.
16	695	524	everyone,	it.
16	696	525	particularly	it.
16	697	526	families.	it.
16	698	526	families.	it.
16	699	527	Parents	NA
16	700	528	go	NA
16	701	529	and	NA
16	702	530	try	NA
16	703	531	to	NA
16	704	532	wake	NA
16	705	533	up	NA
16	706	534	teenagers	NA
16	707	535	who	NA
16	708	536	are	NA
16	709	537	waking	NA
16	710	538	up	NA
16	711	539	three	NA
16	712	540	hours	NA
16	713	541	too	NA
16	714	542	early.	NA
16	715	542	early.	NA
16	716	543	It	NA
16	717	544	creates	NA
16	718	545	tensions	NA
16	719	546	for	NA
16	720	547	everybody.”	NA
16	721	547	everybody.”	NA
16	722	547	everybody.”	NA
16	723	547	everybody.”	NA
16	724	548	So,	NA
16	725	548	So,	NA
16	726	549	what	NA
16	727	550	time	NA
16	728	551	does	NA
16	729	552	Kelley	she
16	730	553	start	NA
16	731	554	work?	NA
16	732	554	work?	NA
16	733	555	“I	NA
16	734	555	“I	NA
16	735	555	“I	NA
16	736	556	am	NA
16	737	557	67	it
16	738	558	so	NA
16	739	559	that	NA
16	740	560	means	NA
16	741	561	I'm	NA
16	742	561	I'm	NA
16	743	562	back	NA
16	744	563	to	NA
16	745	564	being	NA
16	746	565	ten	NA
16	747	566	years	NA
16	748	567	old	NA
16	749	568	and	NA
16	750	569	I	NA
16	751	570	get	NA
16	752	571	up	NA
16	753	572	just	NA
16	754	573	after	NA
16	755	574	six.	NA
16	756	574	six.	NA
16	757	575	I	NA
16	758	576	wake	NA
16	759	577	naturally.”	NA
16	760	577	naturally.”	NA
16	761	577	naturally.”	NA
16	762	577	naturally.”	NA
16	763	578	And,	NA
16	764	578	And,	NA
16	765	579	yes,	NA
16	766	579	yes,	NA
16	767	580	he	NA
16	768	581	says	NA
16	769	582	he	NA
16	770	583	finds	NA
16	771	584	the	NA
16	772	585	start	NA
16	773	586	of	NA
16	774	587	his	it
16	775	588	working	it
16	776	589	day	it
16	777	590	much	NA
16	778	591	easier	NA
16	779	592	now	NA
16	780	593	than	NA
16	781	594	he	NA
16	782	595	did	NA
16	783	596	when	NA
16	784	597	he	NA
16	785	598	was	NA
16	786	599	younger.	NA
16	787	599	younger.	NA
17	0	0	Many	We
17	1	1	of	We
17	2	2	us	We
17	3	3	know	NA
17	4	4	we	NA
17	5	5	don't	NA
17	6	5	don't	NA
17	7	6	get	NA
17	8	7	enough	NA
17	9	8	sleep,	NA
17	10	8	sleep,	NA
17	11	9	but	NA
17	12	10	imagine	NA
17	13	11	if	NA
17	14	12	there	NA
17	15	13	was	NA
17	16	14	a	it:
17	17	15	simple	it:
17	18	16	solution:	it:
17	19	16	solution:	it:
17	20	17	getting	NA
17	21	18	up	NA
17	22	19	later.	NA
17	23	19	later.	NA
17	24	20	In	NA
17	25	21	a	NA
17	26	22	speech	NA
17	27	23	at	NA
17	28	24	the	NA
17	29	25	British	NA
17	30	26	Science	NA
17	31	27	Festival,	NA
17	32	27	Festival,	NA
17	33	28	Dr.	he
17	34	28	Dr.	he
17	35	29	Paul	he
17	36	30	Kelley	he
17	37	31	from	he
17	38	32	Oxford	he
17	39	33	University	he
17	40	34	said	NA
17	41	35	schools	they
17	42	36	should	NA
17	43	37	stagger	they.
17	44	38	their	they.
17	45	39	starting	they.
17	46	40	times	they.
17	47	41	to	they.
17	48	42	work	they.
17	49	43	with	they.
17	50	44	the	they.
17	51	45	natural	they.
17	52	46	rhythms	they.
17	53	47	of	they.
17	54	48	their	they.
17	55	49	students.	they.
17	56	49	students.	they.
17	57	50	This	NA
17	58	51	would	NA
17	59	52	improve	NA
17	60	53	exam	NA
17	61	54	results	NA
17	62	55	and	NA
17	63	56	students'	their
17	64	56	students'	their
17	65	57	health	their
17	66	58	(lack	NA
17	67	58	(lack	NA
17	68	58	(lack	NA
17	69	59	of	NA
17	70	60	sleep	NA
17	71	61	can	NA
17	72	62	cause	NA
17	73	63	diabetes,	NA
17	74	63	diabetes,	NA
17	75	64	depression,	NA
17	76	64	depression,	NA
17	77	65	obesity	NA
17	78	66	and	NA
17	79	67	other	NA
17	80	68	health	it
17	81	69	problems).	NA
17	82	69	problems).	NA
17	83	70	Dr.	He
17	84	70	Dr.	He
17	85	71	Kelley	He
17	86	72	said	NA
17	87	73	that,	NA
17	88	73	that,	NA
17	89	74	when	NA
17	90	75	children	they
17	91	76	are	NA
17	92	77	around	NA
17	93	78	ten,	NA
17	94	78	ten,	NA
17	95	79	their	their
17	96	80	natural	their
17	97	81	wake-up	their
17	98	81	wake-up	their
17	99	81	wake-up	their
17	100	82	time	their
17	101	83	is	NA
17	102	84	about	it;
17	103	85	6.30am;	it;
17	104	85	6.30am;	it;
17	105	85	6.30am;	it;
17	106	85	6.30am;	it;
17	107	85	6.30am;	it;
17	108	86	at	NA
17	109	87	16,	NA
17	110	87	16,	NA
17	111	88	this	NA
17	112	89	rises	NA
17	113	90	to	NA
17	114	91	8am;	NA
17	115	91	8am;	NA
17	116	91	8am;	NA
17	117	92	and,	NA
17	118	92	and,	NA
17	119	93	at	NA
17	120	94	18,	NA
17	121	94	18,	NA
17	122	95	a	their
17	123	96	person's	their
17	124	96	person's	their
17	125	97	natural	NA
17	126	98	waking	NA
17	127	99	hour	NA
17	128	100	is	NA
17	129	101	9am,	NA
17	130	101	9am,	NA
17	131	101	9am,	NA
17	132	102	although	NA
17	133	103	you	NA
17	134	104	may	NA
17	135	105	think	NA
17	136	106	they	NA
17	137	107	are	NA
17	138	108	just	NA
17	139	109	a	it.
17	140	110	lazy	it.
17	141	111	teenager.	it.
17	142	111	teenager.	it.
17	143	112	The	It
17	144	113	normal	It
17	145	114	school	It
17	146	115	starting	It
17	147	116	time	It
17	148	117	works	NA
17	149	118	for	NA
17	150	119	10-year-olds	them
17	151	119	10-year-olds	them
17	152	119	10-year-olds	them
17	153	119	10-year-olds	them
17	154	119	10-year-olds	them
17	155	120	but	NA
17	156	121	not	NA
17	157	122	for	NA
17	158	123	16-	them.
17	159	123	16-	them.
17	160	124	to	them.
17	161	125	18-year-olds.	them.
17	162	125	18-year-olds.	them.
17	163	125	18-year-olds.	them.
17	164	125	18-year-olds.	them.
17	165	125	18-year-olds.	them.
17	166	125	18-year-olds.	them.
17	167	126	For	NA
17	168	127	the	them,
17	169	128	older	them,
17	170	129	teenagers,	them,
17	171	129	teenagers,	them,
17	172	130	it	NA
17	173	131	might	NA
17	174	132	be	NA
17	175	133	better	NA
17	176	134	to	it.
17	177	135	start	it.
17	178	136	the	it.
17	179	137	school	it.
17	180	138	day	it.
17	181	139	at	it.
17	182	140	11am	it.
17	183	140	11am	it.
17	184	141	or	it.
17	185	142	even	it.
17	186	143	later.	it.
17	187	143	later.	it.
17	188	144	“A	NA
17	189	144	“A	NA
17	190	144	“A	NA
17	191	145	7am	NA
17	192	145	7am	NA
17	193	146	wake-up	NA
17	194	146	wake-up	NA
17	195	146	wake-up	NA
17	196	147	time	NA
17	197	148	for	NA
17	198	149	older	them,”
17	199	150	teenagers,”	them,”
17	200	150	teenagers,”	them,”
17	201	150	teenagers,”	them,”
17	202	150	teenagers,”	them,”
17	203	151	says	NA
17	204	152	Kelley,	he,
17	205	152	Kelley,	he,
17	206	153	“is	NA
17	207	153	“is	NA
17	208	153	“is	NA
17	209	154	the	NA
17	210	155	same	NA
17	211	156	as	NA
17	212	157	a	NA
17	213	158	4.30am	NA
17	214	158	4.30am	NA
17	215	158	4.30am	NA
17	216	158	4.30am	NA
17	217	159	start	NA
17	218	160	for	NA
17	219	161	a	NA
17	220	162	teacher	NA
17	221	163	in	NA
17	222	164	their	NA
17	223	165	50s.”	NA
17	224	165	50s.”	NA
17	225	165	50s.”	NA
17	226	165	50s.”	NA
17	227	165	50s.”	NA
17	228	166	He	NA
17	229	167	says	NA
17	230	168	the	it
17	231	169	solution	it
17	232	170	is	NA
17	233	171	not	NA
17	234	172	to	NA
17	235	173	tell	NA
17	236	174	teenagers	them
17	237	175	to	NA
17	238	176	go	NA
17	239	177	to	NA
17	240	178	bed	NA
17	241	179	earlier.	NA
17	242	179	earlier.	NA
17	243	180	“The	“It
17	244	180	“The	“It
17	245	180	“The	“It
17	246	181	body's	“It
17	247	181	body's	“It
17	248	182	natural	“It
17	249	183	rhythm	“It
17	250	184	is	NA
17	251	185	controlled	NA
17	252	186	by	NA
17	253	187	a	NA
17	254	188	particular	NA
17	255	189	kind	NA
17	256	190	of	NA
17	257	191	light,”	NA
17	258	191	light,”	NA
17	259	191	light,”	NA
17	260	191	light,”	NA
17	261	192	says	NA
17	262	193	Kelley.	he.
17	263	193	Kelley.	he.
17	264	194	“The	NA
17	265	194	“The	NA
17	266	194	“The	NA
17	267	195	eye	NA
17	268	196	has	NA
17	269	197	cells	NA
17	270	198	that	NA
17	271	199	report	NA
17	272	200	to	NA
17	273	201	a	NA
17	274	202	part	NA
17	275	203	of	NA
17	276	204	the	NA
17	277	205	brain	NA
17	278	206	that	NA
17	279	207	controls	NA
17	280	208	our	NA
17	281	209	sleep	NA
17	282	210	rhythms	NA
17	283	211	over	NA
17	284	212	a	NA
17	285	213	24-hour	NA
17	286	213	24-hour	NA
17	287	213	24-hour	NA
17	288	214	cycle.	NA
17	289	214	cycle.	NA
17	290	215	It's	NA
17	291	215	It's	NA
17	292	216	like	NA
17	293	217	saying:	NA
17	294	217	saying:	NA
17	295	218	‘Why	NA
17	296	218	‘Why	NA
17	297	218	‘Why	NA
17	298	219	can't	NA
17	299	219	can't	NA
17	300	220	you	NA
17	301	221	control	NA
17	302	222	your	NA
17	303	223	heartbeat?'”	NA
17	304	223	heartbeat?'”	NA
17	305	223	heartbeat?'”	NA
17	306	223	heartbeat?'”	NA
17	307	224	But	NA
17	308	225	it	NA
17	309	226	isn't	NA
17	310	226	isn't	NA
17	311	227	just	NA
17	312	228	students	NA
17	313	229	who	NA
17	314	230	would	NA
17	315	231	benefit	NA
17	316	232	from	NA
17	317	233	a	NA
17	318	234	later	NA
17	319	235	start.	NA
17	320	235	start.	NA
17	321	236	Kelley	She
17	322	237	says	NA
17	323	238	the	it
17	324	239	working	it
17	325	240	day	it
17	326	241	should	NA
17	327	242	be	NA
17	328	243	more	NA
17	329	244	linked	NA
17	330	245	to	NA
17	331	246	our	our.
17	332	247	natural	our.
17	333	248	rhythms.	our.
17	334	248	rhythms.	our.
17	335	249	Describing	NA
17	336	249	Describing	NA
17	337	250	the	NA
17	338	251	average	NA
17	339	252	sleep	NA
17	340	253	loss	NA
17	341	254	per	NA
17	342	255	night	NA
17	343	256	for	NA
17	344	257	different	NA
17	345	258	age	NA
17	346	259	groups,	NA
17	347	259	groups,	NA
17	348	260	he	NA
17	349	261	says:	NA
17	350	261	says:	NA
17	351	262	“Between	NA
17	352	262	“Between	NA
17	353	262	“Between	NA
17	354	263	14	NA
17	355	264	and	NA
17	356	265	24,	NA
17	357	265	24,	NA
17	358	266	people	NA
17	359	267	lose	NA
17	360	268	more	NA
17	361	269	than	NA
17	362	270	two	NA
17	363	271	hours.	NA
17	364	271	hours.	NA
17	365	272	For	NA
17	366	273	people	them,
17	367	274	aged	them,
17	368	275	between	them,
17	369	276	24	them,
17	370	277	and	them,
17	371	278	about	them,
17	372	279	30	them,
17	373	280	or	them,
17	374	281	35,	them,
17	375	281	35,	them,
17	376	282	they	they.
17	377	283	lose	they.
17	378	284	about	they.
17	379	285	an	they.
17	380	286	hour	they.
17	381	287	and	they.
17	382	288	a	they.
17	383	289	half.	they.
17	384	289	half.	they.
17	385	290	That	NA
17	386	291	can	NA
17	387	292	continue	NA
17	388	293	up	NA
17	389	294	until	NA
17	390	295	you're	NA
17	391	295	you're	NA
17	392	296	about	NA
17	393	297	55	NA
17	394	298	when	NA
17	395	299	it's	NA
17	396	299	it's	NA
17	397	300	in	NA
17	398	301	balance	NA
17	399	302	again.	NA
17	400	302	again.	NA
17	401	303	The	They
17	402	304	10-year-old	They
17	403	304	10-year-old	They
17	404	304	10-year-old	They
17	405	304	10-year-old	They
17	406	304	10-year-old	They
17	407	305	and	NA
17	408	306	55-year-old	NA
17	409	306	55-year-old	NA
17	410	306	55-year-old	NA
17	411	306	55-year-old	NA
17	412	306	55-year-old	NA
17	413	307	wake	NA
17	414	308	and	NA
17	415	309	sleep	NA
17	416	310	naturally	NA
17	417	311	at	NA
17	418	312	the	NA
17	419	313	same	NA
17	420	314	time.”	NA
17	421	314	time.”	NA
17	422	314	time.”	NA
17	423	314	time.”	NA
17	424	315	So,	NA
17	425	315	So,	NA
17	426	316	should	NA
17	427	317	workplaces	NA
17	428	318	have	NA
17	429	319	staggered	them,
17	430	320	starting	them,
17	431	321	times,	them,
17	432	321	times,	them,
17	433	322	too?	NA
17	434	322	too?	NA
17	435	323	Should	NA
17	436	324	people	NA
17	437	325	in	NA
17	438	326	their	NA
17	439	327	50s	NA
17	440	327	50s	NA
17	441	328	and	NA
17	442	329	above	NA
17	443	330	come	NA
17	444	331	in	NA
17	445	332	at	NA
17	446	333	8am,	NA
17	447	333	8am,	NA
17	448	333	8am,	NA
17	449	334	people	NA
17	450	335	in	NA
17	451	336	their	NA
17	452	337	30s	NA
17	453	337	30s	NA
17	454	338	start	NA
17	455	339	at	NA
17	456	340	10am	NA
17	457	340	10am	NA
17	458	341	and	NA
17	459	342	the	NA
17	460	343	teenage	NA
17	461	344	apprentice	NA
17	462	345	at	NA
17	463	346	11am?	NA
17	464	346	11am?	NA
17	465	346	11am?	NA
17	466	347	Kelley	she
17	467	348	says	NA
17	468	349	that	NA
17	469	350	synchronized	NA
17	470	351	hours	NA
17	471	352	could	NA
17	472	353	have	NA
17	473	354	“many	NA
17	474	354	“many	NA
17	475	354	“many	NA
17	476	355	positive	NA
17	477	356	effects.	NA
17	478	356	effects.	NA
17	479	357	The	It
17	480	358	positive	It
17	481	359	side	It
17	482	360	is	NA
17	483	361	that	NA
17	484	362	people's	their
17	485	362	people's	their
17	486	363	performance,	NA
17	487	363	performance,	NA
17	488	364	mood	NA
17	489	365	and	NA
17	490	366	health	NA
17	491	367	will	NA
17	492	368	improve.	NA
17	493	368	improve.	NA
17	494	369	It's	NA
17	495	369	It's	NA
17	496	370	very	NA
17	497	371	positive	NA
17	498	372	because	NA
17	499	373	it's	NA
17	500	373	it's	NA
17	501	374	a	it.”
17	502	375	solution	it.”
17	503	376	that	it.”
17	504	377	will	it.”
17	505	378	make	it.”
17	506	379	people	it.”
17	507	380	less	it.”
17	508	381	ill,	it.”
17	509	381	ill,	it.”
17	510	382	and	it.”
17	511	383	happier	it.”
17	512	384	and	it.”
17	513	385	better	it.”
17	514	386	at	it.”
17	515	387	what	it.”
17	516	388	they	it.”
17	517	389	do.”	it.”
17	518	389	do.”	it.”
17	519	389	do.”	it.”
17	520	389	do.”	it.”
17	521	390	There	NA
17	522	391	would	NA
17	523	392	probably	NA
17	524	393	be	NA
17	525	394	fewer	NA
17	526	395	accidents	NA
17	527	396	because	NA
17	528	397	drivers	NA
17	529	398	would	NA
17	530	399	be	NA
17	531	400	more	NA
17	532	401	awake,	NA
17	533	401	awake,	NA
17	534	402	he	NA
17	535	403	says.	NA
17	536	403	says.	NA
17	537	404	It	NA
17	538	405	could	NA
17	539	406	mean	NA
17	540	407	the	NA
17	541	408	end	NA
17	542	409	of	NA
17	543	410	rush	NA
17	544	411	hour	NA
17	545	412	because	NA
17	546	413	people	they
17	547	414	would	NA
17	548	415	stagger	NA
17	549	416	their	NA
17	550	417	work	NA
17	551	418	times	NA
17	552	419	and	NA
17	553	420	the	NA
17	554	421	times	NA
17	555	422	of	NA
17	556	423	their	NA
17	557	424	school	NA
17	558	425	run.	NA
17	559	425	run.	NA
17	560	426	A	It,
17	561	427	later	It,
17	562	428	start	It,
17	563	429	to	It,
17	564	430	the	It,
17	565	431	day	It,
17	566	432	for	It,
17	567	433	many,	It,
17	568	433	many,	It,
17	569	434	says	NA
17	570	435	Kelley,	she,
17	571	435	Kelley,	she,
17	572	436	“is	NA
17	573	436	“is	NA
17	574	436	“is	NA
17	575	437	something	it.
17	576	438	that	it.
17	577	439	would	it.
17	578	440	benefit	it.
17	579	441	all	it.
17	580	442	people,	it.
17	581	442	people,	it.
17	582	443	particularly	it.
17	583	444	families.	it.
17	584	444	families.	it.
17	585	445	Parents	They.
17	586	446	go	They.
17	587	447	and	They.
17	588	448	try	They.
17	589	449	to	They.
17	590	450	wake	They.
17	591	451	up	They.
17	592	452	teenagers	They.
17	593	453	who	They.
17	594	454	are	They.
17	595	455	waking	They.
17	596	456	up	They.
17	597	457	three	They.
17	598	458	hours	They.
17	599	459	too	They.
17	600	460	early.	They.
17	601	460	early.	They.
17	602	461	It	NA
17	603	462	creates	NA
17	604	463	problems	NA
17	605	464	for	NA
17	606	465	everybody.”	NA
17	607	465	everybody.”	NA
17	608	465	everybody.”	NA
17	609	465	everybody.”	NA
17	610	466	So,	NA
17	611	466	So,	NA
17	612	467	what	NA
17	613	468	time	NA
17	614	469	does	NA
17	615	470	Kelley	she
17	616	471	start	NA
17	617	472	work?	NA
17	618	472	work?	NA
17	619	473	“I	NA
17	620	473	“I	NA
17	621	473	“I	NA
17	622	474	am	NA
17	623	475	67	it
17	624	476	so	NA
17	625	477	that	NA
17	626	478	means	NA
17	627	479	I'm	NA
17	628	479	I'm	NA
17	629	480	like	NA
17	630	481	a	NA
17	631	482	10-year-old	NA
17	632	482	10-year-old	NA
17	633	482	10-year-old	NA
17	634	482	10-year-old	NA
17	635	482	10-year-old	NA
17	636	483	and	NA
17	637	484	I	NA
17	638	485	get	NA
17	639	486	up	NA
17	640	487	just	NA
17	641	488	after	NA
17	642	489	six.	NA
17	643	489	six.	NA
17	644	490	I	NA
17	645	491	wake	NA
17	646	492	naturally.”	NA
17	647	492	naturally.”	NA
17	648	492	naturally.”	NA
17	649	492	naturally.”	NA
17	650	493	And,	NA
17	651	493	And,	NA
17	652	494	yes,	NA
17	653	494	yes,	NA
17	654	495	he	NA
17	655	496	says	NA
17	656	497	he	NA
17	657	498	finds	NA
17	658	499	the	NA
17	659	500	start	NA
17	660	501	of	NA
17	661	502	his	it
17	662	503	working	it
17	663	504	day	it
17	664	505	much	NA
17	665	506	easier	NA
17	666	507	now	NA
17	667	508	than	NA
17	668	509	when	NA
17	669	510	he	NA
17	670	511	was	NA
17	671	512	younger.	NA
17	672	512	younger.	NA
18	0	0	Agios	It
18	1	0	Agios	It
18	2	1	Efstratios	It
18	3	1	Efstratios	It
18	4	1	Efstratios	It
18	5	1	Efstratios	It
18	6	1	Efstratios	It
18	7	2	is	NA
18	8	3	so	NA
18	9	4	remote,	NA
18	10	4	remote,	NA
18	11	5	so	NA
18	12	6	forgotten	NA
18	13	7	by	NA
18	14	8	the	them,
18	15	9	banks,	them,
18	16	9	banks,	them,
18	17	10	the	it
18	18	11	government	it
18	19	12	and	NA
18	20	13	most	NA
18	21	14	of	NA
18	22	15	the	NA
18	23	16	modern	NA
18	24	17	world	NA
18	25	18	that	NA
18	26	19	the	NA
18	27	20	mobile	NA
18	28	21	phone	NA
18	29	22	network	NA
18	30	23	can't	NA
18	31	23	can't	NA
18	32	24	process	NA
18	33	25	data	NA
18	34	26	and	NA
18	35	27	there	NA
18	36	28	isn't	NA
18	37	28	isn't	NA
18	38	29	a	NA
18	39	30	single	NA
18	40	31	ATM	NA
18	41	32	or	NA
18	42	33	credit-	NA
18	43	33	credit-	NA
18	44	34	card	NA
18	45	35	machine	NA
18	46	36	on	NA
18	47	37	the	it.
18	48	38	island.	it.
18	49	38	island.	it.
18	50	39	Before	NA
18	51	40	Greece	it
18	52	41	was	NA
18	53	42	plunged	NA
18	54	43	into	NA
18	55	44	financial	NA
18	56	45	chaos,	NA
18	57	45	chaos,	NA
18	58	46	residents	they
18	59	47	of	they
18	60	48	this	they
18	61	49	tranquil	they
18	62	50	outpost	they
18	63	51	in	they
18	64	52	the	they
18	65	53	northern	they
18	66	54	Aegean	they
18	67	54	Aegean	they
18	68	54	Aegean	they
18	69	55	managed	NA
18	70	56	quite	NA
18	71	57	well.	NA
18	72	57	well.	NA
18	73	58	They	NA
18	74	59	did	NA
18	75	60	their	NA
18	76	61	banking	NA
18	77	62	at	NA
18	78	63	the	NA
18	79	64	post	NA
18	80	65	office	NA
18	81	66	and	NA
18	82	67	the	NA
18	83	68	few	NA
18	84	69	dozen	NA
18	85	70	rooms	NA
18	86	71	to	NA
18	87	72	rent	NA
18	88	73	were	NA
18	89	74	booked	NA
18	90	75	out	NA
18	91	76	every	NA
18	92	77	summer	NA
18	93	78	with	NA
18	94	79	people	NA
18	95	80	who	NA
18	96	81	had	NA
18	97	82	heard	NA
18	98	83	–	NA
18	99	84	by	NA
18	100	85	word	NA
18	101	86	of	NA
18	102	87	mouth	NA
18	103	88	–	NA
18	104	89	of	NA
18	105	90	its	NA
18	106	91	spectacular	NA
18	107	92	empty	NA
18	108	93	beaches,	NA
18	109	93	beaches,	NA
18	110	94	clear	NA
18	111	95	seas	NA
18	112	96	and	NA
18	113	97	fresh	NA
18	114	98	seafood.	NA
18	115	98	seafood.	NA
18	116	99	But,	NA
18	117	99	But,	NA
18	118	100	because	NA
18	119	101	the	it
18	120	102	island	it
18	121	103	still	NA
18	122	104	runs	NA
18	123	105	on	NA
18	124	106	cash,	it,
18	125	106	cash,	it,
18	126	107	the	NA
18	127	108	closure	NA
18	128	109	of	NA
18	129	110	banks	they
18	130	111	nationwide	they
18	131	112	has	NA
18	132	113	been	NA
18	133	114	devastating.	NA
18	134	114	devastating.	NA
18	135	115	Residents	NA
18	136	116	have	NA
18	137	117	been	NA
18	138	118	forced	NA
18	139	119	to	NA
18	140	120	make	NA
18	141	121	nine-hour	NA
18	142	121	nine-hour	NA
18	143	121	nine-hour	NA
18	144	122	round	NA
18	145	123	trips	NA
18	146	124	to	NA
18	147	125	the	NA
18	148	126	nearest	NA
18	149	127	big	NA
18	150	128	island	NA
18	151	129	to	NA
18	152	130	get	NA
18	153	131	cash	NA
18	154	132	and	NA
18	155	133	Greek	they
18	156	134	visitors	they
18	157	135	say	NA
18	158	136	they	NA
18	159	137	can't	NA
18	160	137	can't	NA
18	161	138	get	NA
18	162	139	together	NA
18	163	140	enough	NA
18	164	141	cash	it
18	165	142	to	NA
18	166	143	come.	NA
18	167	143	come.	NA
18	168	144	“Tourist	NA
18	169	144	“Tourist	NA
18	170	144	“Tourist	NA
18	171	144	“Tourist	NA
18	172	145	numbers	NA
18	173	146	are	NA
18	174	147	down	NA
18	175	148	80%	NA
18	176	148	80%	NA
18	177	149	this	NA
18	178	150	year,”	NA
18	179	150	year,”	NA
18	180	150	year,”	NA
18	181	150	year,”	NA
18	182	151	said	NA
18	183	152	Mayor	she,
18	184	153	Maria	she,
18	185	154	Kakali,	she,
18	186	154	Kakali,	she,
18	187	154	Kakali,	she,
18	188	155	in	NA
18	189	156	an	NA
18	190	157	office	NA
18	191	158	in	NA
18	192	159	the	it.
18	193	160	village	it.
18	194	161	where	it.
18	195	162	she	it.
18	196	163	grew	it.
18	197	164	up,	it.
18	198	164	up,	it.
18	199	165	home	it.
18	200	166	to	it.
18	201	167	around	it.
18	202	168	200	it.
18	203	169	people.	it.
18	204	169	people.	it.
18	205	170	“Even	NA
18	206	170	“Even	NA
18	207	170	“Even	NA
18	208	171	people	NA
18	209	172	born	NA
18	210	173	here	NA
18	211	174	and	NA
18	212	175	living	NA
18	213	176	in	NA
18	214	177	Athens,	it,
18	215	177	Athens,	it,
18	216	178	who	NA
18	217	179	have	NA
18	218	180	their	NA
18	219	181	own	NA
18	220	182	places	NA
18	221	183	on	NA
18	222	184	the	it,
18	223	185	island,	it,
18	224	185	island,	it,
18	225	186	aren't	NA
18	226	186	aren't	NA
18	227	187	coming.”	NA
18	228	187	coming.”	NA
18	229	187	coming.”	NA
18	230	187	coming.”	NA
18	231	188	Kakali	she
18	232	188	Kakali	she
18	233	189	has	NA
18	234	190	badgered	NA
18	235	190	badgered	NA
18	236	191	the	it
18	237	192	government	it
18	238	193	and	NA
18	239	194	a	NA
18	240	195	major	NA
18	241	196	Greek	NA
18	242	197	bank	NA
18	243	198	into	NA
18	244	199	promising	NA
18	245	200	an	it
18	246	201	ATM	it
18	247	202	within	NA
18	248	203	weeks	NA
18	249	204	but	NA
18	250	205	she	NA
18	251	206	still	NA
18	252	207	feels	NA
18	253	208	it	NA
18	254	209	may	NA
18	255	210	come	NA
18	256	211	too	NA
18	257	212	late	NA
18	258	213	for	NA
18	259	214	this	it
18	260	215	season	it
18	261	216	on	NA
18	262	217	an	it:
18	263	218	island	it:
18	264	219	where	it:
18	265	220	tourism	it:
18	266	221	dwarfs	it:
18	267	221	dwarfs	it:
18	268	222	the	it:
18	269	223	two	it:
18	270	224	other	it:
18	271	225	sources	it:
18	272	226	of	it:
18	273	227	income:	it:
18	274	227	income:	it:
18	275	228	fishing	it:
18	276	229	and	it:
18	277	230	agriculture:	it:
18	278	230	agriculture:	it:
18	279	231	“We	NA
18	280	231	“We	NA
18	281	231	“We	NA
18	282	232	have	NA
18	283	233	almost	NA
18	284	234	no	NA
18	285	235	reservations	NA
18	286	236	in	NA
18	287	237	August,	NA
18	288	237	August,	NA
18	289	238	when	NA
18	290	239	usually	NA
18	291	240	we	NA
18	292	241	have	NA
18	293	242	people	them
18	294	243	calling	them
18	295	244	us	them
18	296	245	up	them
18	297	246	asking	them
18	298	247	to	them
18	299	248	find	them
18	300	249	a	them
18	301	250	room	them
18	302	251	and	NA
18	303	252	we	NA
18	304	253	can't	NA
18	305	253	can't	NA
18	306	254	help	NA
18	307	255	them.”	NA
18	308	255	them.”	NA
18	309	255	them.”	NA
18	310	255	them.”	NA
18	311	256	A	NA
18	312	257	hard	NA
18	313	258	winter	NA
18	314	259	ahead	NA
18	315	260	may	NA
18	316	261	be	NA
18	317	262	slightly	NA
18	318	263	improved	NA
18	319	264	by	NA
18	320	265	50	NA
18	321	266	workers	NA
18	322	267	billeted	NA
18	323	267	billeted	NA
18	324	267	billeted	NA
18	325	268	in	NA
18	326	269	the	it
18	327	270	village	it
18	328	271	to	NA
18	329	272	expand	NA
18	330	273	the	NA
18	331	274	harbor	NA
18	332	275	but	NA
18	333	276	there	NA
18	334	277	is	NA
18	335	278	an	it
18	336	279	even	it
18	337	280	bigger	it
18	338	281	crisis	it
18	339	282	looming	NA
18	340	283	because	NA
18	341	284	the	it
18	342	285	government	it
18	343	286	has	NA
18	344	287	said	NA
18	345	288	it	NA
18	346	289	will	NA
18	347	290	end	NA
18	348	291	a	it.
18	349	292	decades-old	it.
18	350	292	decades-old	it.
18	351	292	decades-old	it.
18	352	293	tax	it.
18	353	294	break	it.
18	354	295	for	it.
18	355	296	islands.	it.
18	356	296	islands.	it.
18	357	297	Created	NA
18	358	298	to	NA
18	359	299	help	NA
18	360	300	island	they
18	361	301	communities	they
18	362	302	survive	NA
18	363	303	when	NA
18	364	304	they	NA
18	365	305	were	NA
18	366	306	suffering	NA
18	367	307	mass	NA
18	368	308	emigration,	NA
18	369	308	emigration,	NA
18	370	308	emigration,	NA
18	371	309	a	it
18	372	310	lower	it
18	373	311	sales	it
18	374	312	tax	it
18	375	313	contained	NA
18	376	314	the	NA
18	377	315	costs	NA
18	378	316	of	NA
18	379	317	living	NA
18	380	318	in	NA
18	381	319	places	NA
18	382	320	where	NA
18	383	321	everything	NA
18	384	322	had	NA
18	385	323	to	NA
18	386	324	be	NA
18	387	325	imported	NA
18	388	326	and	NA
18	389	327	made	NA
18	390	328	tourism	it
18	391	329	more	NA
18	392	330	affordable.	NA
18	393	330	affordable.	NA
18	394	331	Tourist	They
18	395	331	Tourist	They
18	396	332	favorites	They
18	397	333	such	They
18	398	334	as	They
18	399	335	Mykonos	They
18	400	335	Mykonos	They
18	401	335	Mykonos	They
18	402	335	Mykonos	They
18	403	336	fear	NA
18	404	337	that	NA
18	405	338	losing	it
18	406	339	the	it
18	407	340	tax	it
18	408	341	breaks	it
18	409	342	will	NA
18	410	343	make	NA
18	411	344	it	NA
18	412	345	hard	NA
18	413	346	for	NA
18	414	347	them	NA
18	415	348	to	them
18	416	349	compete	them
18	417	350	with	them
18	418	351	Turkey	them
18	419	352	but,	NA
18	420	352	but,	NA
18	421	353	for	NA
18	422	354	Agios	it,
18	423	354	Agios	it,
18	424	355	Efstratios,	it,
18	425	355	Efstratios,	it,
18	426	355	Efstratios,	it,
18	427	355	Efstratios,	it,
18	428	355	Efstratios,	it,
18	429	355	Efstratios,	it,
18	430	356	it	NA
18	431	357	poses	NA
18	432	358	a	NA
18	433	359	far	NA
18	434	360	greater	NA
18	435	361	threat.	NA
18	436	361	threat.	NA
18	437	362	“If	“It%,
18	438	362	“If	“It%,
18	439	362	“If	“It%,
18	440	363	we	“It%,
18	441	364	have	“It%,
18	442	365	to	“It%,
18	443	366	pay	“It%,
18	444	367	a	“It%,
18	445	368	tax	“It%,
18	446	369	of	“It%,
18	447	370	23%,	“It%,
18	448	370	23%,	“It%,
18	449	371	I'm	NA
18	450	371	I'm	NA
18	451	372	sorry	NA
18	452	373	to	NA
18	453	374	say	NA
18	454	375	it	NA
18	455	376	but	NA
18	456	377	we	NA
18	457	378	will	NA
18	458	379	all	NA
18	459	380	die	NA
18	460	381	on	NA
18	461	382	the	it,”
18	462	383	island,”	it,”
18	463	383	island,”	it,”
18	464	383	island,”	it,”
18	465	383	island,”	it,”
18	466	384	says	NA
18	467	385	Kakali.	he.
18	468	385	Kakali.	he.
18	469	385	Kakali.	he.
18	470	386	Food	NA
18	471	387	and	NA
18	472	388	fuel	NA
18	473	389	are	NA
18	474	390	already	NA
18	475	391	more	NA
18	476	392	expensive	NA
18	477	393	than	NA
18	478	394	on	NA
18	479	395	mainland	it,
18	480	396	Greece,	it,
18	481	396	Greece,	it,
18	482	397	there	NA
18	483	398	are	NA
18	484	399	no	NA
18	485	400	economies	NA
18	486	401	of	NA
18	487	402	scale	NA
18	488	403	and	NA
18	489	404	little	NA
18	490	405	economic	NA
18	491	406	flexibility	NA
18	492	407	on	NA
18	493	408	an	it.
18	494	409	island	it.
18	495	410	which,	it.
18	496	410	which,	it.
18	497	411	even	it.
18	498	412	in	it.
18	499	413	summer,	it.
18	500	413	summer,	it.
18	501	414	has	it.
18	502	415	only	it.
18	503	416	three	it.
18	504	417	shops,	it.
18	505	417	shops,	it.
18	506	418	two	it.
18	507	419	restaurants	it.
18	508	420	and	it.
18	509	421	not	it.
18	510	422	a	it.
18	511	423	single	it.
18	512	424	official	it.
18	513	425	hotel.	it.
18	514	425	hotel.	it.
18	515	426	“This	NA
18	516	426	“This	NA
18	517	426	“This	NA
18	518	427	is	NA
18	519	428	an	it.
18	520	429	expensive	it.
18	521	430	island.	it.
18	522	430	island.	it.
18	523	431	Everything,	NA
18	524	431	Everything,	NA
18	525	432	even	NA
18	526	433	milk	it
18	527	434	or	NA
18	528	435	bread,	NA
18	529	435	bread,	NA
18	530	436	has	NA
18	531	437	changed	NA
18	532	438	hands	NA
18	533	439	three	NA
18	534	440	or	NA
18	535	441	four	NA
18	536	442	times	NA
18	537	443	before	NA
18	538	444	it	NA
18	539	445	gets	NA
18	540	446	to	NA
18	541	447	us	NA
18	542	448	and	NA
18	543	449	each	NA
18	544	450	middleman	NA
18	545	450	middleman	NA
18	546	451	has	NA
18	547	452	to	NA
18	548	453	take	NA
18	549	454	a	NA
18	550	455	profit,”	NA
18	551	455	profit,”	NA
18	552	455	profit,”	NA
18	553	455	profit,”	NA
18	554	456	said	NA
18	555	457	Provatas	he,
18	556	457	Provatas	he,
18	557	457	Provatas	he,
18	558	458	Costas,	he,
18	559	458	Costas,	he,
18	560	458	Costas,	he,
18	561	459	a	he.
18	562	460	58-year-old	he.
18	563	460	58-year-old	he.
18	564	460	58-year-old	he.
18	565	460	58-year-old	he.
18	566	460	58-year-old	he.
18	567	461	fisherman.	he.
18	568	461	fisherman.	he.
18	569	462	For	NA
18	570	463	Agios	it
18	571	463	Agios	it
18	572	464	Efstratios	it
18	573	464	Efstratios	it
18	574	464	Efstratios	it
18	575	464	Efstratios	it
18	576	464	Efstratios	it
18	577	465	and	NA
18	578	466	its	its,
18	579	467	closest	its,
18	580	468	large	its,
18	581	469	neighbor,	its,
18	582	469	neighbor,	its,
18	583	470	Lemnos,	it,
18	584	470	Lemnos,	it,
18	585	470	Lemnos,	it,
18	586	471	the	NA
18	587	472	timing	NA
18	588	473	of	NA
18	589	474	the	it
18	590	475	crisis	it
18	591	476	is	NA
18	592	477	particularly	NA
18	593	478	cruel.	NA
18	594	478	cruel.	NA
18	595	479	They	NA
18	596	480	were	NA
18	597	481	condemned	NA
18	598	482	to	NA
18	599	483	relative	NA
18	600	484	obscurity	NA
18	601	485	for	NA
18	602	486	years	NA
18	603	487	in	NA
18	604	488	part	NA
18	605	489	because	NA
18	606	490	they	NA
18	607	491	are	NA
18	608	492	served	NA
18	609	493	by	NA
18	610	494	slow	NA
18	611	495	and	NA
18	612	496	unreliable	NA
18	613	497	ferries.	NA
18	614	497	ferries.	NA
18	615	497	ferries.	NA
18	616	498	In	NA
18	617	499	2015,	NA
18	618	499	2015,	NA
18	619	500	the	it
18	620	501	government	it
18	621	502	had	NA
18	622	503	finally	NA
18	623	504	given	NA
18	624	505	the	NA
18	625	506	contract	NA
18	626	507	to	NA
18	627	508	a	NA
18	628	509	new,	NA
18	629	509	new,	NA
18	630	510	efficient	NA
18	631	511	company,	NA
18	632	511	company,	NA
18	633	512	drawing	NA
18	634	513	floods	NA
18	635	514	of	NA
18	636	515	new	NA
18	637	516	visitors	NA
18	638	517	to	NA
18	639	518	explore	NA
18	640	519	the	their'
18	641	520	islands'	their'
18	642	520	islands'	their'
18	643	521	largely	NA
18	644	522	overlooked	NA
18	645	523	charms,	NA
18	646	523	charms,	NA
18	647	524	before	NA
18	648	525	the	NA
18	649	526	bank	NA
18	650	527	controls	NA
18	651	528	hit.	NA
18	652	528	hit.	NA
18	653	529	“This	“It
18	654	529	“This	“It
18	655	529	“This	“It
18	656	530	season	“It
18	657	531	started	NA
18	658	532	out	NA
18	659	533	as	NA
18	660	534	the	it
18	661	535	best	it
18	662	536	season	it
18	663	537	in	it
18	664	538	30	it
18	665	539	years	it
18	666	540	and,	NA
18	667	540	and,	NA
18	668	541	in	NA
18	669	542	one	NA
18	670	543	week,	NA
18	671	543	week,	NA
18	672	544	became	NA
18	673	545	the	NA
18	674	546	worst,”	NA
18	675	546	worst,”	NA
18	676	546	worst,”	NA
18	677	546	worst,”	NA
18	678	547	said	NA
18	679	548	Atzamis	he,
18	680	548	Atzamis	he,
18	681	548	Atzamis	he,
18	682	548	Atzamis	he,
18	683	549	Konstantinos,	he,
18	684	549	Konstantinos,	he,
18	685	549	Konstantinos,	he,
18	686	549	Konstantinos,	he,
18	687	550	a	he.
18	688	551	travel	he.
18	689	552	agent	he.
18	690	553	in	he.
18	691	554	Lemnos	he.
18	692	554	Lemnos	he.
18	693	555	who	he.
18	694	556	used	he.
18	695	557	to	he.
18	696	558	earn	he.
18	697	559	€15,000	he.
18	698	559	€15,000	he.
18	699	559	€15,000	he.
18	700	559	€15,000	he.
18	701	560	a	he.
18	702	561	month	he.
18	703	562	as	he.
18	704	563	a	he.
18	705	564	captain	he.
18	706	565	of	he.
18	707	566	petroleum	he.
18	708	567	tankers	he.
18	709	567	tankers	he.
18	710	568	and	he.
18	711	569	other	he.
18	712	570	large	he.
18	713	571	ships	he.
18	714	572	but	he.
18	715	573	came	he.
18	716	574	home	he.
18	717	575	because	he.
18	718	576	he	he.
18	719	577	missed	he.
18	720	578	it	he.
18	721	579	so	he.
18	722	580	much.	he.
18	723	580	much.	he.
18	724	581	Lemnos	It
18	725	581	Lemnos	It
18	726	582	has	NA
18	727	583	dozens	NA
18	728	584	of	NA
18	729	585	wild	NA
18	730	586	beaches,	NA
18	731	586	beaches,	NA
18	732	587	where	NA
18	733	588	even	NA
18	734	589	at	NA
18	735	590	the	NA
18	736	591	height	NA
18	737	592	of	NA
18	738	593	summer	NA
18	739	594	you	NA
18	740	595	can	NA
18	741	596	swim	NA
18	742	597	and	NA
18	743	598	sunbathe	NA
18	744	598	sunbathe	NA
18	745	598	sunbathe	NA
18	746	599	virtually	NA
18	747	600	alone,	NA
18	748	600	alone,	NA
18	749	601	a	NA
18	750	602	small	NA
18	751	603	nightlife	NA
18	752	603	nightlife	NA
18	753	604	scene,	NA
18	754	604	scene,	NA
18	755	605	and	NA
18	756	606	numerous	NA
18	757	607	cultural	NA
18	758	608	sites.	NA
18	759	608	sites.	NA
18	760	609	Lemnos	It
18	761	609	Lemnos	It
18	762	610	is	NA
18	763	611	the	it
18	764	612	eighth	it
18	765	613	largest	it
18	766	614	island	it
18	767	615	in	it
18	768	616	Greece	it
18	769	617	so	NA
18	770	618	it	NA
18	771	619	is	NA
18	772	620	in	NA
18	773	621	line	NA
18	774	622	for	NA
18	775	623	the	NA
18	776	624	first	NA
18	777	625	round	NA
18	778	626	of	NA
18	779	627	tax	NA
18	780	628	increases	NA
18	781	629	in	NA
18	782	630	autumn	NA
18	783	631	2015	NA
18	784	632	but	NA
18	785	633	far	NA
18	786	634	less	NA
18	787	635	wealthy	NA
18	788	636	than	NA
18	789	637	many	NA
18	790	638	smaller	NA
18	791	639	ones.	NA
18	792	639	ones.	NA
18	793	640	It	NA
18	794	641	has	NA
18	795	642	just	NA
18	796	643	over	NA
18	797	644	3,000	NA
18	798	644	3,000	NA
18	799	644	3,000	NA
18	800	645	beds	NA
18	801	646	for	NA
18	802	647	visitors,	NA
18	803	647	visitors,	NA
18	804	648	compared	NA
18	805	649	with	NA
18	806	650	tens	NA
18	807	651	of	NA
18	808	652	thousands	NA
18	809	653	on	NA
18	810	654	an	NA
18	811	655	island	NA
18	812	656	such	NA
18	813	657	as	NA
18	814	658	Rhodes.	NA
18	815	658	Rhodes.	NA
18	816	659	Its	They
18	817	660	councilors	They
18	818	660	councilors	They
18	819	661	say	NA
18	820	662	that	NA
18	821	663	they	NA
18	822	664	will	NA
18	823	665	fight	NA
18	824	666	the	it,
18	825	667	tax	it,
18	826	668	rise,	it,
18	827	668	rise,	it,
18	828	669	although	NA
18	829	670	none	NA
18	830	671	can	NA
18	831	672	say	NA
18	832	673	how.	NA
18	833	673	how.	NA
18	834	674	“We	NA
18	835	674	“We	NA
18	836	674	“We	NA
18	837	675	have	NA
18	838	676	been	NA
18	839	677	suffering	NA
18	840	678	economically	NA
18	841	679	in	NA
18	842	680	recent	NA
18	843	681	years	NA
18	844	682	and,	NA
18	845	682	and,	NA
18	846	683	now,	NA
18	847	683	now,	NA
18	848	684	we	NA
18	849	685	will	NA
18	850	686	suffer	NA
18	851	687	more,”	NA
18	852	687	more,”	NA
18	853	687	more,”	NA
18	854	687	more,”	NA
18	855	688	said	NA
18	856	689	Lemnos	he,
18	857	689	Lemnos	he,
18	858	690	Mayor,	he,
18	859	690	Mayor,	he,
18	860	691	Dimitris	he.
18	861	691	Dimitris	he.
18	862	691	Dimitris	he.
18	863	692	Marinakis.	he.
18	864	692	Marinakis.	he.
18	865	692	Marinakis.	he.
18	866	693	“When	NA
18	867	693	“When	NA
18	868	693	“When	NA
18	869	694	there	NA
18	870	695	is	NA
18	871	696	not	NA
18	872	697	enough	NA
18	873	698	money,	NA
18	874	698	money,	NA
18	875	699	you	NA
18	876	700	reduce	NA
18	877	701	your	NA
18	878	702	consumption	NA
18	879	703	and	NA
18	880	704	therefore	NA
18	881	705	the	NA
18	882	706	whole	NA
18	883	707	economy	NA
18	884	708	declines.”	NA
18	885	708	declines.”	NA
18	886	708	declines.”	NA
18	887	708	declines.”	NA
18	888	709	If	NA
18	889	710	taxes	NA
18	890	711	go	NA
18	891	712	up,	NA
18	892	712	up,	NA
18	893	713	even	NA
18	894	714	more	NA
18	895	715	young	NA
18	896	716	people	NA
18	897	717	will	NA
18	898	718	leave,	NA
18	899	718	leave,	NA
18	900	719	warns	NA
18	901	720	Mayor	she,
18	902	721	Kakali,	she,
18	903	721	Kakali,	she,
18	904	721	Kakali,	she,
18	905	722	who	NA
18	906	723	has	NA
18	907	724	devoted	NA
18	908	725	her	NA
18	909	726	year	NA
18	910	727	in	NA
18	911	728	office	NA
18	912	729	to	NA
18	913	730	improving	NA
18	914	731	education	NA
18	915	732	on	NA
18	916	733	the	it
18	917	734	island	it
18	918	735	to	NA
18	919	736	help	NA
18	920	737	keep	NA
18	921	738	it	NA
18	922	739	an	NA
18	923	740	attractive	NA
18	924	741	place	NA
18	925	742	for	NA
18	926	743	families.	NA
18	927	743	families.	NA
18	928	744	Because	NA
18	929	745	it	NA
18	930	746	is	NA
18	931	747	one	it,
18	932	748	of	it,
18	933	749	the	it,
18	934	750	smallest	it,
18	935	751	islands,	it,
18	936	751	islands,	it,
18	937	752	Agios	it
18	938	752	Agios	it
18	939	753	Efstratios	it
18	940	753	Efstratios	it
18	941	753	Efstratios	it
18	942	753	Efstratios	it
18	943	753	Efstratios	it
18	944	754	has	NA
18	945	755	until	NA
18	946	756	2017	NA
18	947	757	before	NA
18	948	758	the	it
18	949	759	rise	it
18	950	760	is	NA
18	951	761	due	NA
18	952	762	to	NA
18	953	763	come	NA
18	954	764	in,	NA
18	955	764	in,	NA
18	956	765	so	NA
18	957	766	Kakali	she
18	958	766	Kakali	she
18	959	767	hopes	NA
18	960	768	that	NA
18	961	769	the	NA
18	962	770	roller	NA
18	963	771	coaster	NA
18	964	772	of	NA
18	965	773	Greek	NA
18	966	774	politics	NA
18	967	775	means	NA
18	968	776	it	NA
18	969	777	yet	NA
18	970	778	may	NA
18	971	779	be	NA
18	972	780	spared.	NA
18	973	780	spared.	NA
18	974	781	If	NA
18	975	782	not,	NA
18	976	782	not,	NA
18	977	783	though,	NA
18	978	783	though,	NA
18	979	784	she	NA
18	980	785	plans	NA
18	981	786	to	NA
18	982	787	travel	NA
18	983	788	to	NA
18	984	789	Athens	it
18	985	790	to	NA
18	986	791	remind	NA
18	987	792	the	it
18	988	793	distant	it
18	989	794	government	it
18	990	795	what	NA
18	991	796	the	it
18	992	797	tax	it
18	993	798	rise	it
18	994	799	would	NA
18	995	800	cost.	NA
18	996	800	cost.	NA
18	997	801	“The	NA
18	998	801	“The	NA
18	999	801	“The	NA
18	1000	802	truth	NA
18	1001	803	is	NA
18	1002	804	the	it
18	1003	805	government	it
18	1004	806	doesn't	NA
18	1005	806	doesn't	NA
18	1006	807	pay	NA
18	1007	808	much	NA
18	1008	809	attention	NA
18	1009	810	to	NA
18	1010	811	the	them,”
18	1011	812	islands	them,”
18	1012	813	of	them,”
18	1013	814	the	them,”
18	1014	815	north	them,”
18	1015	816	Aegean,”	them,”
18	1016	816	Aegean,”	them,”
18	1017	816	Aegean,”	them,”
18	1018	816	Aegean,”	them,”
18	1019	816	Aegean,”	them,”
18	1020	816	Aegean,”	them,”
18	1021	817	she	NA
18	1022	818	said,	NA
18	1023	818	said,	NA
18	1024	819	“so	NA
18	1025	819	“so	NA
18	1026	819	“so	NA
18	1027	820	I	NA
18	1028	821	would	NA
18	1029	822	take	NA
18	1030	823	all	them
18	1031	824	the	them
18	1032	825	kids	them
18	1033	826	from	them
18	1034	827	our	them
18	1035	828	school	them
18	1036	829	to	NA
18	1037	830	the	NA
18	1038	831	gates	NA
18	1039	832	of	NA
18	1040	833	parliament,	NA
18	1041	833	parliament,	NA
18	1042	834	to	NA
18	1043	835	tell	NA
18	1044	836	them:	NA
18	1045	836	them:	NA
18	1046	837	‘There	NA
18	1047	837	‘There	NA
18	1048	837	‘There	NA
18	1049	838	is	NA
18	1050	839	still	NA
18	1051	840	life	NA
18	1052	841	in	NA
18	1053	842	these	them'.”
18	1054	843	islands'.”	them'.”
18	1055	843	islands'.”	them'.”
18	1056	843	islands'.”	them'.”
18	1057	843	islands'.”	them'.”
19	0	0	The	It
19	1	1	Greek	It
19	2	2	island	It
19	3	3	of	It
19	4	4	Agios	It
19	5	4	Agios	It
19	6	5	Efstratios	It
19	7	5	Efstratios	It
19	8	5	Efstratios	It
19	9	5	Efstratios	It
19	10	5	Efstratios	It
19	11	6	is	NA
19	12	7	very	NA
19	13	8	remote.	NA
19	14	8	remote.	NA
19	15	9	It	NA
19	16	10	has	NA
19	17	11	been	NA
19	18	12	forgotten	NA
19	19	13	by	NA
19	20	14	the	they,
19	21	15	banks,	they,
19	22	15	banks,	they,
19	23	16	the	it
19	24	17	government	it
19	25	18	and	NA
19	26	19	most	NA
19	27	20	of	NA
19	28	21	the	NA
19	29	22	modern	NA
19	30	23	world.	NA
19	31	23	world.	NA
19	32	24	It	NA
19	33	25	doesn't	NA
19	34	25	doesn't	NA
19	35	26	have	NA
19	36	27	a	it.
19	37	28	single	it.
19	38	29	ATM	it.
19	39	30	or	it.
19	40	31	credit-card	it.
19	41	31	credit-card	it.
19	42	31	credit-card	it.
19	43	32	machine.	it.
19	44	32	machine.	it.
19	45	33	Before	NA
19	46	34	the	NA
19	47	35	economic	NA
19	48	36	crisis	NA
19	49	37	in	NA
19	50	38	Greece,	it,
19	51	38	Greece,	it,
19	52	39	the	they
19	53	40	people	they
19	54	41	of	they
19	55	42	this	they
19	56	43	peaceful	they
19	57	44	island	they
19	58	45	in	they
19	59	46	the	they
19	60	47	northern	they
19	61	48	Aegean	they
19	62	48	Aegean	they
19	63	48	Aegean	they
19	64	49	lived	NA
19	65	50	quite	NA
19	66	51	well.	NA
19	67	51	well.	NA
19	68	52	The	NA
19	69	53	few	NA
19	70	54	rooms	NA
19	71	55	to	NA
19	72	56	rent	NA
19	73	57	were	NA
19	74	58	fully	NA
19	75	59	booked	NA
19	76	60	every	NA
19	77	61	summer	NA
19	78	62	with	NA
19	79	63	people	NA
19	80	64	enjoying	NA
19	81	65	its	NA
19	82	66	empty	NA
19	83	67	beaches,	NA
19	84	67	beaches,	NA
19	85	68	clear	NA
19	86	69	seas	NA
19	87	70	and	NA
19	88	71	fresh	NA
19	89	72	seafood.	NA
19	90	72	seafood.	NA
19	91	73	But	NA
19	92	74	the	it
19	93	75	island	it
19	94	76	still	NA
19	95	77	uses	NA
19	96	78	only	NA
19	97	79	cash	it
19	98	80	so	NA
19	99	81	the	NA
19	100	82	closure	NA
19	101	83	of	NA
19	102	84	the	they
19	103	85	Greek	they
19	104	86	banks	they
19	105	87	has	NA
19	106	88	had	NA
19	107	89	a	NA
19	108	90	serious	NA
19	109	91	effect.	NA
19	110	91	effect.	NA
19	111	92	Local	They
19	112	93	people	They
19	113	94	have	NA
19	114	95	to	NA
19	115	96	make	NA
19	116	97	nine-hour	NA
19	117	97	nine-hour	NA
19	118	97	nine-hour	NA
19	119	98	round	NA
19	120	99	trips	NA
19	121	100	to	NA
19	122	101	the	NA
19	123	102	nearest	NA
19	124	103	big	NA
19	125	104	island	NA
19	126	105	to	NA
19	127	106	get	NA
19	128	107	cash.	it.
19	129	107	cash.	it.
19	130	108	Greek	They
19	131	109	visitors	They
19	132	110	say	NA
19	133	111	they	NA
19	134	112	don't	NA
19	135	112	don't	NA
19	136	113	have	NA
19	137	114	enough	NA
19	138	115	cash	NA
19	139	116	to	NA
19	140	117	come.	NA
19	141	117	come.	NA
19	142	118	“Tourist	NA
19	143	118	“Tourist	NA
19	144	118	“Tourist	NA
19	145	118	“Tourist	NA
19	146	119	numbers	NA
19	147	120	have	NA
19	148	121	reduced	NA
19	149	122	by	NA
19	150	123	80%	NA
19	151	123	80%	NA
19	152	124	this	it,”
19	153	125	year,”	it,”
19	154	125	year,”	it,”
19	155	125	year,”	it,”
19	156	125	year,”	it,”
19	157	126	said	NA
19	158	127	Mayor	she,
19	159	128	Maria	she,
19	160	129	Kakali,	she,
19	161	129	Kakali,	she,
19	162	129	Kakali,	she,
19	163	130	in	NA
19	164	131	an	NA
19	165	132	office	NA
19	166	133	in	NA
19	167	134	the	it.
19	168	135	village	it.
19	169	136	where	it.
19	170	137	she	it.
19	171	138	grew	it.
19	172	139	up.	it.
19	173	139	up.	it.
19	174	140	The	It
19	175	141	village	It
19	176	142	has	NA
19	177	143	about	NA
19	178	144	200	NA
19	179	145	people.	NA
19	180	145	people.	NA
19	181	146	“Even	NA
19	182	146	“Even	NA
19	183	146	“Even	NA
19	184	147	people	NA
19	185	148	born	NA
19	186	149	here	NA
19	187	150	and	NA
19	188	151	living	NA
19	189	152	in	NA
19	190	153	Athens,	it,
19	191	153	Athens,	it,
19	192	154	who	NA
19	193	155	have	NA
19	194	156	their	NA
19	195	157	own	NA
19	196	158	places	NA
19	197	159	on	NA
19	198	160	the	it,
19	199	161	island,	it,
19	200	161	island,	it,
19	201	162	aren't	NA
19	202	162	aren't	NA
19	203	163	coming.”	NA
19	204	163	coming.”	NA
19	205	163	coming.”	NA
19	206	163	coming.”	NA
19	207	164	Kakali	she
19	208	164	Kakali	she
19	209	165	has	NA
19	210	166	asked	NA
19	211	167	the	it
19	212	168	government	it
19	213	169	and	NA
19	214	170	a	NA
19	215	171	major	NA
19	216	172	Greek	NA
19	217	173	bank	NA
19	218	174	to	NA
19	219	175	install	NA
19	220	176	an	it,
19	221	177	ATM,	it,
19	222	177	ATM,	it,
19	223	178	and	NA
19	224	179	this	NA
19	225	180	should	NA
19	226	181	arrive	NA
19	227	182	soon.	NA
19	228	182	soon.	NA
19	229	183	But	NA
19	230	184	tourism	it
19	231	185	is	NA
19	232	186	the	it,
19	233	187	main	it,
19	234	188	business	it,
19	235	189	on	it,
19	236	190	the	it,
19	237	191	island,	it,
19	238	191	island,	it,
19	239	192	and	NA
19	240	193	she	NA
19	241	194	feels	NA
19	242	195	the	it
19	243	196	ATM	it
19	244	197	may	NA
19	245	198	come	NA
19	246	199	too	NA
19	247	200	late	NA
19	248	201	for	NA
19	249	202	this	it.
19	250	203	season.	it.
19	251	203	season.	it.
19	252	204	“We	NA
19	253	204	“We	NA
19	254	204	“We	NA
19	255	205	have	NA
19	256	206	almost	NA
19	257	207	no	NA
19	258	208	reservations	NA
19	259	209	in	NA
19	260	210	August,	NA
19	261	210	August,	NA
19	262	211	when	NA
19	263	212	usually	NA
19	264	213	we	NA
19	265	214	are	NA
19	266	215	full.”	NA
19	267	215	full.”	NA
19	268	215	full.”	NA
19	269	215	full.”	NA
19	270	216	But	NA
19	271	217	there	NA
19	272	218	is	NA
19	273	219	an	NA
19	274	220	even	NA
19	275	221	bigger	NA
19	276	222	crisis	NA
19	277	223	ahead	NA
19	278	224	–	NA
19	279	225	the	it
19	280	226	government	it
19	281	227	has	NA
19	282	228	said	NA
19	283	229	it	NA
19	284	230	will	NA
19	285	231	end	NA
19	286	232	a	it.
19	287	233	tax	it.
19	288	234	break	it.
19	289	235	for	it.
19	290	236	islands.	it.
19	291	236	islands.	it.
19	292	237	The	It
19	293	238	sales	It
19	294	239	tax	It
19	295	240	break	It
19	296	241	was	NA
19	297	242	created	NA
19	298	243	to	NA
19	299	244	help	NA
19	300	245	people	NA
19	301	246	on	NA
19	302	247	islands	them
19	303	248	survive	NA
19	304	249	when	NA
19	305	250	lots	NA
19	306	251	of	NA
19	307	252	people	NA
19	308	253	were	NA
19	309	254	emigrating.	NA
19	310	254	emigrating.	NA
19	311	254	emigrating.	NA
19	312	254	emigrating.	NA
19	313	255	Islands	They,
19	314	256	that	They,
19	315	257	are	They,
19	316	258	popular	They,
19	317	259	with	They,
19	318	260	tourists,	They,
19	319	260	tourists,	They,
19	320	261	such	They,
19	321	262	as	They,
19	322	263	Mykonos,	They,
19	323	263	Mykonos,	They,
19	324	263	Mykonos,	They,
19	325	263	Mykonos,	They,
19	326	263	Mykonos,	They,
19	327	264	fear	NA
19	328	265	that	NA
19	329	266	losing	NA
19	330	267	the	it
19	331	268	tax	it
19	332	269	break	it
19	333	270	will	NA
19	334	271	make	NA
19	335	272	things	NA
19	336	273	very	NA
19	337	274	hard	NA
19	338	275	for	NA
19	339	276	them.	NA
19	340	276	them.	NA
19	341	277	But,	NA
19	342	277	But,	NA
19	343	278	for	NA
19	344	279	Agios	it,
19	345	279	Agios	it,
19	346	280	Efstratios,	it,
19	347	280	Efstratios,	it,
19	348	280	Efstratios,	it,
19	349	280	Efstratios,	it,
19	350	280	Efstratios,	it,
19	351	280	Efstratios,	it,
19	352	281	it	NA
19	353	282	is	NA
19	354	283	a	it.
19	355	284	much	it.
19	356	285	bigger	it.
19	357	286	problem.	it.
19	358	286	problem.	it.
19	359	287	“If	NA
19	360	287	“If	NA
19	361	287	“If	NA
19	362	288	we	NA
19	363	289	have	NA
19	364	290	to	NA
19	365	291	pay	NA
19	366	292	a	NA
19	367	293	tax	NA
19	368	294	of	NA
19	369	295	23%,	NA
19	370	295	23%,	NA
19	371	296	we	NA
19	372	297	will	NA
19	373	298	all	NA
19	374	299	die	NA
19	375	300	on	NA
19	376	301	the	it,”
19	377	302	island,”	it,”
19	378	302	island,”	it,”
19	379	302	island,”	it,”
19	380	302	island,”	it,”
19	381	303	says	NA
19	382	304	Kakali.	she.
19	383	304	Kakali.	she.
19	384	304	Kakali.	she.
19	385	305	Food	NA
19	386	306	and	NA
19	387	307	fuel	NA
19	388	308	are	NA
19	389	309	already	NA
19	390	310	more	NA
19	391	311	expensive	NA
19	392	312	than	NA
19	393	313	on	NA
19	394	314	mainland	it.
19	395	315	Greece.	it.
19	396	315	Greece.	it.
19	397	316	Even	NA
19	398	317	in	NA
19	399	318	summer,	NA
19	400	318	summer,	NA
19	401	319	the	it
19	402	320	island	it
19	403	321	has	NA
19	404	322	only	NA
19	405	323	three	NA
19	406	324	shops,	NA
19	407	324	shops,	NA
19	408	325	two	NA
19	409	326	restaurants	NA
19	410	327	and	NA
19	411	328	not	NA
19	412	329	one	NA
19	413	330	official	NA
19	414	331	hotel.	NA
19	415	331	hotel.	NA
19	416	332	“This	NA
19	417	332	“This	NA
19	418	332	“This	NA
19	419	333	is	NA
19	420	334	an	it.
19	421	335	expensive	it.
19	422	336	island.	it.
19	423	336	island.	it.
19	424	337	Everything,	NA
19	425	337	Everything,	NA
19	426	338	even	NA
19	427	339	milk	NA
19	428	340	or	NA
19	429	341	bread,	NA
19	430	341	bread,	NA
19	431	342	has	NA
19	432	343	been	NA
19	433	344	bought	NA
19	434	345	and	NA
19	435	346	sold	NA
19	436	347	three	NA
19	437	348	or	NA
19	438	349	four	NA
19	439	350	times	NA
19	440	351	by	NA
19	441	352	middlemen	NA
19	442	352	middlemen	NA
19	443	353	before	NA
19	444	354	it	NA
19	445	355	gets	NA
19	446	356	to	NA
19	447	357	us	NA
19	448	358	and	NA
19	449	359	so	NA
19	450	360	is	NA
19	451	361	very	NA
19	452	362	expensive,”	NA
19	453	362	expensive,”	NA
19	454	362	expensive,”	NA
19	455	362	expensive,”	NA
19	456	363	said	NA
19	457	364	Provatas	he,
19	458	364	Provatas	he,
19	459	364	Provatas	he,
19	460	365	Costas,	he,
19	461	365	Costas,	he,
19	462	365	Costas,	he,
19	463	366	a	he.
19	464	367	58-year-old	he.
19	465	367	58-year-old	he.
19	466	367	58-year-old	he.
19	467	367	58-year-old	he.
19	468	367	58-year-old	he.
19	469	368	fisherman.	he.
19	470	368	fisherman.	he.
19	471	369	Things	NA
19	472	370	are	NA
19	473	371	also	NA
19	474	372	difficult	NA
19	475	373	for	NA
19	476	374	the	it,
19	477	375	island	it,
19	478	376	of	it,
19	479	377	Lemnos,	it,
19	480	377	Lemnos,	it,
19	481	377	Lemnos,	it,
19	482	378	the	it.
19	483	379	closest	it.
19	484	380	large	it.
19	485	381	neighbor	it.
19	486	382	of	it.
19	487	383	Agios	it.
19	488	383	Agios	it.
19	489	384	Efstratios.	it.
19	490	384	Efstratios.	it.
19	491	384	Efstratios.	it.
19	492	384	Efstratios.	it.
19	493	384	Efstratios.	it.
19	494	384	Efstratios.	it.
19	495	385	People	NA
19	496	386	saw	NA
19	497	387	the	them
19	498	388	islands	them
19	499	389	as	NA
19	500	390	remote	NA
19	501	391	for	NA
19	502	392	years	NA
19	503	393	partly	NA
19	504	394	because	NA
19	505	395	the	NA
19	506	396	only	NA
19	507	397	way	NA
19	508	398	to	NA
19	509	399	get	NA
19	510	400	there	NA
19	511	401	was	NA
19	512	402	by	NA
19	513	403	slow	NA
19	514	404	and	NA
19	515	405	unreliable	NA
19	516	406	ferries.	NA
19	517	406	ferries.	NA
19	518	406	ferries.	NA
19	519	407	In	NA
19	520	408	2015,	it,
19	521	408	2015,	it,
19	522	409	they	they
19	523	410	finally	they
19	524	411	had	they
19	525	412	new,	they
19	526	412	new,	they
19	527	413	efficient	they
19	528	414	ferries	they
19	529	414	ferries	they
19	530	415	and	NA
19	531	416	this	NA
19	532	417	brought	NA
19	533	418	many	NA
19	534	419	new	NA
19	535	420	visitors	NA
19	536	421	to	NA
19	537	422	explore	NA
19	538	423	these	them.
19	539	424	islands.	them.
19	540	424	islands.	them.
19	541	425	But,	NA
19	542	425	But,	NA
19	543	426	then,	NA
19	544	426	then,	NA
19	545	427	the	NA
19	546	428	bank	NA
19	547	429	controls	NA
19	548	430	began.	NA
19	549	430	began.	NA
19	550	431	“This	“It
19	551	431	“This	“It
19	552	431	“This	“It
19	553	432	season	“It
19	554	433	started	NA
19	555	434	as	NA
19	556	435	the	it
19	557	436	best	it
19	558	437	season	it
19	559	438	in	it
19	560	439	30	it
19	561	440	years	it
19	562	441	and,	NA
19	563	441	and,	NA
19	564	442	in	NA
19	565	443	one	NA
19	566	444	week,	NA
19	567	444	week,	NA
19	568	445	it	NA
19	569	446	became	NA
19	570	447	the	NA
19	571	448	worst,”	NA
19	572	448	worst,”	NA
19	573	448	worst,”	NA
19	574	448	worst,”	NA
19	575	449	said	NA
19	576	450	Atzamis	he,
19	577	450	Atzamis	he,
19	578	450	Atzamis	he,
19	579	450	Atzamis	he,
19	580	451	Konstantinos,	he,
19	581	451	Konstantinos,	he,
19	582	451	Konstantinos,	he,
19	583	451	Konstantinos,	he,
19	584	452	a	he.
19	585	453	travel	he.
19	586	454	agent	he.
19	587	455	in	he.
19	588	456	Lemnos.	he.
19	589	456	Lemnos.	he.
19	590	456	Lemnos.	he.
19	591	457	Lemnos	It
19	592	457	Lemnos	It
19	593	458	has	NA
19	594	459	wild	NA
19	595	460	beaches,	NA
19	596	460	beaches,	NA
19	597	461	where	NA
19	598	462	you	NA
19	599	463	can	NA
19	600	464	swim	NA
19	601	465	and	NA
19	602	466	sunbathe	NA
19	603	466	sunbathe	NA
19	604	466	sunbathe	NA
19	605	467	almost	NA
19	606	468	alone,	NA
19	607	468	alone,	NA
19	608	469	a	NA
19	609	470	small	NA
19	610	471	nightlife	NA
19	611	471	nightlife	NA
19	612	472	scene	NA
19	613	473	and	NA
19	614	474	many	NA
19	615	475	cultural	NA
19	616	476	sites.	NA
19	617	476	sites.	NA
19	618	477	Lemnos	It
19	619	477	Lemnos	It
19	620	478	is	NA
19	621	479	the	it
19	622	480	eighth	it
19	623	481	largest	it
19	624	482	island	it
19	625	483	in	it
19	626	484	Greece	it
19	627	485	so	NA
19	628	486	it	NA
19	629	487	will	NA
19	630	488	have	NA
19	631	489	to	NA
19	632	490	pay	NA
19	633	491	the	NA
19	634	492	first	NA
19	635	493	round	NA
19	636	494	of	NA
19	637	495	tax	NA
19	638	496	increases	NA
19	639	497	in	NA
19	640	498	autumn	NA
19	641	499	2015.	it.
19	642	499	2015.	it.
19	643	500	But	NA
19	644	501	Lemnos	it
19	645	501	Lemnos	it
19	646	502	is	NA
19	647	503	far	NA
19	648	504	less	NA
19	649	505	wealthy	NA
19	650	506	than	NA
19	651	507	many	NA
19	652	508	smaller	NA
19	653	509	islands.	NA
19	654	509	islands.	NA
19	655	510	It	NA
19	656	511	has	NA
19	657	512	just	NA
19	658	513	over	NA
19	659	514	3,000	NA
19	660	514	3,000	NA
19	661	514	3,000	NA
19	662	515	beds	NA
19	663	516	for	NA
19	664	517	visitors	NA
19	665	518	–	NA
19	666	519	Rhodes,	NA
19	667	519	Rhodes,	NA
19	668	520	for	NA
19	669	521	example,	NA
19	670	521	example,	NA
19	671	522	has	NA
19	672	523	tens	NA
19	673	524	of	NA
19	674	525	thousands	NA
19	675	526	of	NA
19	676	527	beds.	NA
19	677	527	beds.	NA
19	678	528	“We	NA
19	679	528	“We	NA
19	680	528	“We	NA
19	681	529	have	NA
19	682	530	been	NA
19	683	531	suffering	NA
19	684	532	economically	NA
19	685	533	in	NA
19	686	534	recent	NA
19	687	535	years	NA
19	688	536	and	NA
19	689	537	now	NA
19	690	538	we	NA
19	691	539	will	NA
19	692	540	suffer	NA
19	693	541	more,”	NA
19	694	541	more,”	NA
19	695	541	more,”	NA
19	696	541	more,”	NA
19	697	542	said	NA
19	698	543	Lemnos	he,
19	699	543	Lemnos	he,
19	700	544	Mayor,	he,
19	701	544	Mayor,	he,
19	702	545	Dimitris	he.
19	703	545	Dimitris	he.
19	704	545	Dimitris	he.
19	705	546	Marinakis.	he.
19	706	546	Marinakis.	he.
19	707	546	Marinakis.	he.
19	708	547	If	NA
19	709	548	taxes	NA
19	710	549	go	NA
19	711	550	up,	NA
19	712	550	up,	NA
19	713	551	more	NA
19	714	552	young	NA
19	715	553	people	NA
19	716	554	will	NA
19	717	555	leave,	NA
19	718	555	leave,	NA
19	719	556	warns	NA
19	720	557	Mayor	he.
19	721	558	Kakali.	he.
19	722	558	Kakali.	he.
19	723	558	Kakali.	he.
19	724	559	Because	NA
19	725	560	it	NA
19	726	561	is	NA
19	727	562	one	it,
19	728	563	of	it,
19	729	564	the	it,
19	730	565	smallest	it,
19	731	566	islands,	it,
19	732	566	islands,	it,
19	733	567	Agios	it
19	734	567	Agios	it
19	735	568	Efstratios	it
19	736	568	Efstratios	it
19	737	568	Efstratios	it
19	738	568	Efstratios	it
19	739	568	Efstratios	it
19	740	569	will	NA
19	741	570	not	NA
19	742	571	have	NA
19	743	572	to	NA
19	744	573	pay	NA
19	745	574	the	it
19	746	575	tax	it
19	747	576	increase	it
19	748	577	until	NA
19	749	578	2017.	it.
19	750	578	2017.	it.
19	751	579	And	NA
19	752	580	Kakali	he
19	753	580	Kakali	he
19	754	581	hopes	NA
19	755	582	the	NA
19	756	583	political	NA
19	757	584	situation	NA
19	758	585	in	NA
19	759	586	Greece	it
19	760	587	will	NA
19	761	588	change	NA
19	762	589	before	NA
19	763	590	then.	NA
19	764	590	then.	NA
19	765	591	But,	NA
19	766	591	But,	NA
19	767	592	if	NA
19	768	593	not,	NA
19	769	593	not,	NA
19	770	594	she	NA
19	771	595	plans	NA
19	772	596	to	NA
19	773	597	travel	NA
19	774	598	to	NA
19	775	599	Athens	it
19	776	600	to	NA
19	777	601	remind	NA
19	778	602	the	it
19	779	603	distant	it
19	780	604	government	it
19	781	605	what	NA
19	782	606	the	it
19	783	607	tax	it
19	784	608	rise	it
19	785	609	would	NA
19	786	610	cost.	NA
19	787	610	cost.	NA
19	788	611	“The	“It
19	789	611	“The	“It
19	790	611	“The	“It
19	791	612	government	“It
19	792	613	doesn't	NA
19	793	613	doesn't	NA
19	794	614	pay	NA
19	795	615	much	NA
19	796	616	attention	NA
19	797	617	to	NA
19	798	618	the	them,”
19	799	619	islands	them,”
19	800	620	of	them,”
19	801	621	the	them,”
19	802	622	north	them,”
19	803	623	Aegean,”	them,”
19	804	623	Aegean,”	them,”
19	805	623	Aegean,”	them,”
19	806	623	Aegean,”	them,”
19	807	623	Aegean,”	them,”
19	808	623	Aegean,”	them,”
19	809	624	she	NA
19	810	625	said,	NA
19	811	625	said,	NA
19	812	626	“so	NA
19	813	626	“so	NA
19	814	626	“so	NA
19	815	627	I	NA
19	816	628	would	NA
19	817	629	take	NA
19	818	630	all	them
19	819	631	the	them
19	820	632	kids	them
19	821	633	from	them
19	822	634	our	them
19	823	635	school	them
19	824	636	to	NA
19	825	637	the	NA
19	826	638	gates	NA
19	827	639	of	NA
19	828	640	parliament,	NA
19	829	640	parliament,	NA
19	830	641	to	NA
19	831	642	tell	NA
19	832	643	them:	NA
19	833	643	them:	NA
19	834	644	‘There	NA
19	835	644	‘There	NA
19	836	644	‘There	NA
19	837	645	is	NA
19	838	646	still	NA
19	839	647	life	NA
19	840	648	in	NA
19	841	649	these	them'.”
19	842	650	islands'.”	them'.”
19	843	650	islands'.”	them'.”
19	844	650	islands'.”	them'.”
19	845	650	islands'.”	them'.”
20	0	0	There	NA
20	1	1	are	NA
20	2	2	approximately	NA
20	3	3	50,000	NA
20	4	3	50,000	NA
20	5	3	50,000	NA
20	6	4	mystery	NA
20	7	5	shopping	NA
20	8	6	trips	NA
20	9	7	carried	NA
20	10	8	out	NA
20	11	9	every	NA
20	12	10	month	NA
20	13	11	in	NA
20	14	12	the	it,
20	15	13	UK,	it,
20	16	13	UK,	it,
20	17	14	according	NA
20	18	15	to	NA
20	19	16	the	NA
20	20	17	Mystery	NA
20	21	18	Shopping	NA
20	22	19	Providers	NA
20	23	19	Providers	NA
20	24	20	Association,	NA
20	25	20	Association,	NA
20	26	21	and,	NA
20	27	21	and,	NA
20	28	22	because	NA
20	29	23	more	NA
20	30	24	and	NA
20	31	25	more	NA
20	32	26	spending	NA
20	33	27	takes	NA
20	34	28	place	NA
20	35	29	online,	NA
20	36	29	online,	NA
20	37	30	the	NA
20	38	31	demand	NA
20	39	32	for	NA
20	40	33	mystery	them
20	41	34	shoppers	them
20	42	35	is	NA
20	43	36	growing.	NA
20	44	36	growing.	NA
20	45	37	Mystery	They
20	46	38	shoppers	They
20	47	39	pretend	NA
20	48	40	to	NA
20	49	41	be	NA
20	50	42	a	NA
20	51	43	customer	NA
20	52	44	in	NA
20	53	45	a	it
20	54	46	store	it
20	55	47	but	NA
20	56	48	they	NA
20	57	49	are	NA
20	58	50	really	NA
20	59	51	collecting	NA
20	60	52	information	NA
20	61	53	on	NA
20	62	54	how	NA
20	63	55	good	NA
20	64	56	or	NA
20	65	57	bad	NA
20	66	58	its	NA
20	67	59	service	NA
20	68	60	is.	NA
20	69	60	is.	NA
20	70	61	“Retailers	NA
20	71	61	“Retailers	NA
20	72	61	“Retailers	NA
20	73	61	“Retailers	NA
20	74	61	“Retailers	NA
20	75	62	are	NA
20	76	63	becoming	NA
20	77	64	increasingly	NA
20	78	65	aware	NA
20	79	66	that	NA
20	80	67	shoppers	they
20	81	68	who	they
20	82	69	are	they
20	83	70	prepared	they
20	84	71	to	they
20	85	72	set	they
20	86	73	foot	they
20	87	74	in	they
20	88	75	a	they
20	89	76	physical	they
20	90	77	store	they
20	91	78	want	NA
20	92	79	a	NA
20	93	80	service	NA
20	94	81	and	NA
20	95	82	an	NA
20	96	83	experience	NA
20	97	84	they	NA
20	98	85	can't	NA
20	99	85	can't	NA
20	100	86	get	NA
20	101	87	online,”	NA
20	102	87	online,”	NA
20	103	87	online,”	NA
20	104	87	online,”	NA
20	105	88	says	NA
20	106	89	Simon	NA
20	107	90	Boydell,	NA
20	108	90	Boydell,	NA
20	109	90	Boydell,	NA
20	110	91	spokesman	NA
20	111	92	for	NA
20	112	93	Marketforce,	it.
20	113	93	Marketforce,	it.
20	114	93	Marketforce,	it.
20	115	94	which	it.
20	116	95	has	it.
20	117	96	more	it.
20	118	97	than	it.
20	119	98	300,000	it.
20	120	98	300,000	it.
20	121	98	300,000	it.
20	122	99	mystery	it.
20	123	100	shoppers	it.
20	124	101	on	it.
20	125	102	its	it.
20	126	103	books.	it.
20	127	103	books.	it.
20	128	104	“Our	“They
20	129	104	“Our	“They
20	130	104	“Our	“They
20	131	105	clients	“They
20	132	106	want	NA
20	133	107	to	NA
20	134	108	measure	NA
20	135	109	how	NA
20	136	110	well	NA
20	137	111	their	NA
20	138	112	stores	NA
20	139	113	are	NA
20	140	114	delivering	NA
20	141	115	on	NA
20	142	116	that	NA
20	143	117	experience.”	NA
20	144	117	experience.”	NA
20	145	117	experience.”	NA
20	146	117	experience.”	NA
20	147	118	“We	NA
20	148	118	“We	NA
20	149	118	“We	NA
20	150	119	assign	NA
20	151	120	different	NA
20	152	121	store	NA
20	153	122	locations	NA
20	154	123	to	NA
20	155	124	each	them
20	156	125	shopper	them
20	157	125	shopper	them
20	158	126	and	NA
20	159	127	rotate	NA
20	160	128	them	NA
20	161	129	so	NA
20	162	130	that	NA
20	163	131	they	NA
20	164	132	never	NA
20	165	133	go	NA
20	166	134	back	NA
20	167	135	to	NA
20	168	136	the	NA
20	169	137	same	NA
20	170	138	shop	NA
20	171	139	within	NA
20	172	140	three	NA
20	173	141	months,”	NA
20	174	141	months,”	NA
20	175	141	months,”	NA
20	176	141	months,”	NA
20	177	142	says	NA
20	178	143	Jill	NA
20	179	144	Spencer	NA
20	180	145	of	NA
20	181	146	mystery	it.
20	182	147	shopping	it.
20	183	148	company	it.
20	184	149	ABa.	it.
20	185	149	ABa.	it.
20	186	149	ABa.	it.
20	187	150	“Each	NA
20	188	150	“Each	NA
20	189	150	“Each	NA
20	190	151	day,	NA
20	191	151	day,	NA
20	192	152	they	they.”
20	193	153	typically	they.”
20	194	154	spend	they.”
20	195	155	up	they.”
20	196	156	to	they.”
20	197	157	eight	they.”
20	198	158	hours	they.”
20	199	159	visiting	they.”
20	200	160	five	they.”
20	201	161	to	they.”
20	202	162	ten	they.”
20	203	163	stores,	they.”
20	204	163	stores,	they.”
20	205	164	plus	they.”
20	206	165	another	they.”
20	207	166	hour	they.”
20	208	167	or	they.”
20	209	168	two	they.”
20	210	169	filing	they.”
20	211	170	detailed	they.”
20	212	171	reports	they.”
20	213	172	on	they.”
20	214	173	every	they.”
20	215	174	aspect	they.”
20	216	175	of	they.”
20	217	176	their	they.”
20	218	177	visit.”	they.”
20	219	177	visit.”	they.”
20	220	177	visit.”	they.”
20	221	177	visit.”	they.”
20	222	178	For	NA
20	223	179	that,	NA
20	224	179	that,	NA
20	225	180	the	they
20	226	181	mystery	they
20	227	182	shoppers	they
20	228	183	can	NA
20	229	184	earn	NA
20	230	185	up	NA
20	231	186	to	NA
20	232	187	£155	NA
20	233	187	£155	NA
20	234	188	a	NA
20	235	189	day.	NA
20	236	189	day.	NA
20	237	190	They	NA
20	238	191	are	NA
20	239	192	also	NA
20	240	193	reimbursed	NA
20	241	193	reimbursed	NA
20	242	194	for	NA
20	243	195	their	NA
20	244	196	gasoline	NA
20	245	197	and	NA
20	246	198	hotel	NA
20	247	199	stays,	NA
20	248	199	stays,	NA
20	249	200	and	NA
20	250	201	compensated	NA
20	251	202	for	NA
20	252	203	their	NA
20	253	204	car	NA
20	254	205	depreciation	NA
20	255	206	(the	(they
20	256	206	(the	(they
20	257	207	shoppers	(they
20	258	208	can	NA
20	259	209	be	NA
20	260	210	expected	NA
20	261	211	to	NA
20	262	212	drive	NA
20	263	213	as	NA
20	264	214	many	NA
20	265	215	as	NA
20	266	216	20,000	NA
20	267	216	20,000	NA
20	268	216	20,000	NA
20	269	217	miles	NA
20	270	218	a	NA
20	271	219	year).	NA
20	272	219	year).	NA
20	273	220	Meanwhile,	NA
20	274	220	Meanwhile,	NA
20	275	221	video	NA
20	276	222	mystery	NA
20	277	223	shoppers,	NA
20	278	223	shoppers,	NA
20	279	224	who	NA
20	280	225	film	NA
20	281	226	their	NA
20	282	227	visits	NA
20	283	228	with	NA
20	284	229	a	NA
20	285	230	hidden	NA
20	286	231	camera	NA
20	287	232	planted	NA
20	288	233	in	NA
20	289	234	a	NA
20	290	235	buttonhole	NA
20	291	235	buttonhole	NA
20	292	236	or	NA
20	293	237	handbag,	NA
20	294	237	handbag,	NA
20	295	237	handbag,	NA
20	296	238	can	NA
20	297	239	earn	NA
20	298	240	even	NA
20	299	241	more	NA
20	300	242	–	NA
20	301	243	around	NA
20	302	244	£300	NA
20	303	244	£300	NA
20	304	245	a	NA
20	305	246	day.	NA
20	306	246	day.	NA
20	307	247	Shoppers	They
20	308	247	Shoppers	They
20	309	248	are	NA
20	310	249	usually	NA
20	311	250	repaid	NA
20	312	251	any	NA
20	313	252	money	NA
20	314	253	they	NA
20	315	254	spend	NA
20	316	255	in	NA
20	317	256	the	NA
20	318	257	stores.	NA
20	319	257	stores.	NA
20	320	258	“I'm	NA
20	321	258	“I'm	NA
20	322	258	“I'm	NA
20	323	258	“I'm	NA
20	324	259	typically	NA
20	325	260	given	NA
20	326	261	between	NA
20	327	262	£5	NA
20	328	262	£5	NA
20	329	263	and	NA
20	330	264	£20	NA
20	331	264	£20	NA
20	332	265	to	NA
20	333	266	spend	NA
20	334	267	at	NA
20	335	268	each	NA
20	336	269	store,	NA
20	337	269	store,	NA
20	338	270	to	NA
20	339	271	assess	NA
20	340	272	the	NA
20	341	273	service	NA
20	342	274	I	NA
20	343	275	receive	NA
20	344	276	at	NA
20	345	277	the	NA
20	346	278	counter,”	NA
20	347	278	counter,”	NA
20	348	278	counter,”	NA
20	349	278	counter,”	NA
20	350	279	says	NA
20	351	280	Laura,	she,
20	352	280	Laura,	she,
20	353	281	a	she,
20	354	282	50-year-old	she,
20	355	282	50-year-old	she,
20	356	282	50-year-old	she,
20	357	282	50-year-old	she,
20	358	282	50-year-old	she,
20	359	283	mystery	she,
20	360	284	shopper	she,
20	361	284	shopper	she,
20	362	285	from	she,
20	363	286	Devon,	she,
20	364	286	Devon,	she,
20	365	287	who	NA
20	366	288	has	NA
20	367	289	been	NA
20	368	290	paid	NA
20	369	291	to	NA
20	370	292	visit	NA
20	371	293	around	NA
20	372	294	7,000	NA
20	373	294	7,000	NA
20	374	294	7,000	NA
20	375	295	shops	NA
20	376	296	since	NA
20	377	297	2001.	NA
20	378	297	2001.	NA
20	379	298	The	NA
20	380	299	purchase	NA
20	381	300	usually	NA
20	382	301	has	NA
20	383	302	to	NA
20	384	303	be	NA
20	385	304	related	NA
20	386	305	to	NA
20	387	306	a	NA
20	388	307	service	NA
20	389	308	or	NA
20	390	309	a	NA
20	391	310	type	NA
20	392	311	of	NA
20	393	312	product	NA
20	394	313	that	NA
20	395	314	the	NA
20	396	315	retailer	NA
20	397	316	wants	NA
20	398	317	her	NA
20	399	318	to	NA
20	400	319	check.	NA
20	401	319	check.	NA
20	402	320	“I'm	NA
20	403	320	“I'm	NA
20	404	320	“I'm	NA
20	405	320	“I'm	NA
20	406	321	always	NA
20	407	322	given	NA
20	408	323	a	it,
20	409	324	scenario,	it,
20	410	324	scenario,	it,
20	411	325	such	it,
20	412	326	as	it,
20	413	327	buying	it,
20	414	328	something	it,
20	415	329	from	it,
20	416	330	a	it,
20	417	331	specific	it,
20	418	332	department	it,
20	419	333	or	it,
20	420	334	a	it,
20	421	335	new	it,
20	422	336	product	it,
20	423	337	range,	it,
20	424	337	range,	it,
20	425	338	but,	NA
20	426	338	but,	NA
20	427	339	within	NA
20	428	340	that	it,
20	429	341	framework,	it,
20	430	341	framework,	it,
20	431	342	I	NA
20	432	343	can	NA
20	433	344	often	NA
20	434	345	buy	NA
20	435	346	whatever	it
20	436	347	I	it
20	437	348	want	it
20	438	349	–	NA
20	439	350	and	NA
20	440	351	keep	NA
20	441	352	it.”	NA
20	442	352	it.”	NA
20	443	352	it.”	NA
20	444	352	it.”	NA
20	445	353	Like	NA
20	446	354	most	NA
20	447	355	full-time	NA
20	448	355	full-time	NA
20	449	355	full-time	NA
20	450	356	mystery	NA
20	451	357	shoppers,	NA
20	452	357	shoppers,	NA
20	453	358	Laura	she
20	454	359	is	NA
20	455	360	self-employed,	NA
20	456	360	self-employed,	NA
20	457	360	self-employed,	NA
20	458	360	self-employed,	NA
20	459	361	taking	NA
20	460	362	jobs	them
20	461	363	from	NA
20	462	364	ABa	it
20	463	364	ABa	it
20	464	365	and	NA
20	465	366	other	NA
20	466	367	mystery	NA
20	467	368	shopping	NA
20	468	369	companies	NA
20	469	370	as	NA
20	470	371	and	NA
20	471	372	when	NA
20	472	373	they	NA
20	473	374	come	NA
20	474	375	up.	NA
20	475	375	up.	NA
20	476	376	Her	It
20	477	377	income	It
20	478	378	is	NA
20	479	379	typically	NA
20	480	380	£30,000	£it
20	481	380	£30,000	£it
20	482	380	£30,000	£it
20	483	380	£30,000	£it
20	484	381	to	£it
20	485	382	£40,000	£it
20	486	382	£40,000	£it
20	487	382	£40,000	£it
20	488	382	£40,000	£it
20	489	383	a	NA
20	490	384	year	NA
20	491	385	and	NA
20	492	386	that	NA
20	493	387	doesn't	NA
20	494	387	doesn't	NA
20	495	388	include	NA
20	496	389	all	them.
20	497	390	the	them.
20	498	391	freebies	them.
20	499	391	freebies	them.
20	500	392	she	them.
20	501	393	gets	them.
20	502	394	on	them.
20	503	395	the	them.
20	504	396	job.	them.
20	505	396	job.	them.
20	506	397	“With	NA
20	507	397	“With	NA
20	508	397	“With	NA
20	509	398	the	them,
20	510	399	perks,	them,
20	511	399	perks,	them,
20	512	400	it's	NA
20	513	400	it's	NA
20	514	401	enough	NA
20	515	402	to	NA
20	516	403	live	NA
20	517	404	on.	NA
20	518	404	on.	NA
20	519	405	But	NA
20	520	406	I	NA
20	521	407	don't	NA
20	522	407	don't	NA
20	523	408	do	NA
20	524	409	it	NA
20	525	410	because	NA
20	526	411	I	NA
20	527	412	love	NA
20	528	413	shopping.	NA
20	529	413	shopping.	NA
20	530	414	In	NA
20	531	415	fact,	NA
20	532	415	fact,	NA
20	533	416	I	NA
20	534	417	hate	NA
20	535	418	shopping	NA
20	536	419	now.	NA
20	537	419	now.	NA
20	538	420	When	NA
20	539	421	I'm	NA
20	540	421	I'm	NA
20	541	422	not	NA
20	542	423	working,	NA
20	543	423	working,	NA
20	544	424	it	NA
20	545	425	pains	NA
20	546	426	me	NA
20	547	427	to	it.”
20	548	428	have	it.”
20	549	429	to	it.”
20	550	430	go	it.”
20	551	431	out	it.”
20	552	432	and	it.”
20	553	433	buy	it.”
20	554	434	a	it.”
20	555	435	pint	it.”
20	556	436	of	it.”
20	557	437	milk.”	it.”
20	558	437	milk.”	it.”
20	559	437	milk.”	it.”
20	560	437	milk.”	it.”
20	561	438	She	NA
20	562	439	does,	NA
20	563	439	does,	NA
20	564	440	however,	NA
20	565	440	however,	NA
20	566	441	find	NA
20	567	442	it	NA
20	568	443	satisfying	NA
20	569	444	to	it.
20	570	445	return	it.
20	571	446	to	it.
20	572	447	a	it.
20	573	448	store	it.
20	574	449	she	it.
20	575	450	has	it.
20	576	451	previously	it.
20	577	452	mystery	it.
20	578	453	shopped	it.
20	579	453	shopped	it.
20	580	454	and	it.
20	581	455	see	it.
20	582	456	standards	it.
20	583	457	have	it.
20	584	458	improved.	it.
20	585	458	improved.	it.
20	586	459	“I	NA
20	587	459	“I	NA
20	588	459	“I	NA
20	589	460	know	NA
20	590	461	it	NA
20	591	462	must	NA
20	592	463	be	NA
20	593	464	because	NA
20	594	465	of	NA
20	595	466	my	my
20	596	467	feedback	my
20	597	468	or	NA
20	598	469	why	NA
20	599	470	would	NA
20	600	471	they	NA
20	601	472	pay	NA
20	602	473	me	NA
20	603	474	to	NA
20	604	475	give	NA
20	605	476	it?	NA
20	606	476	it?	NA
20	607	477	Some	it
20	608	478	of	it
20	609	479	the	it
20	610	480	retailers	it
20	611	481	I	it
20	612	482	shop	it
20	613	483	at	it
20	614	484	win	it
20	615	485	awards	it
20	616	486	for	it
20	617	487	customer	it
20	618	488	service	it
20	619	489	and	NA
20	620	490	I	NA
20	621	491	think	NA
20	622	492	that	NA
20	623	493	is	NA
20	624	494	down	NA
20	625	495	to	NA
20	626	496	us	NA
20	627	497	mystery	NA
20	628	498	shoppers.	NA
20	629	498	shoppers.	NA
20	630	499	I	NA
20	631	500	feel	NA
20	632	501	I'm	NA
20	633	501	I'm	NA
20	634	502	not	NA
20	635	503	just	NA
20	636	504	doing	NA
20	637	505	a	NA
20	638	506	service	NA
20	639	507	to	NA
20	640	508	my	NA
20	641	509	company;	NA
20	642	509	company;	NA
20	643	510	I'm	NA
20	644	510	I'm	NA
20	645	511	doing	NA
20	646	512	a	it
20	647	513	service	it
20	648	514	to	NA
20	649	515	all	NA
20	650	516	shoppers	NA
20	651	517	everywhere.”	NA
20	652	517	everywhere.”	NA
20	653	517	everywhere.”	NA
20	654	517	everywhere.”	NA
20	655	518	It's	NA
20	656	518	It's	NA
20	657	519	estimated	NA
20	658	520	that	NA
20	659	521	more	NA
20	660	522	than	NA
20	661	523	500,000	NA
20	662	523	500,000	NA
20	663	523	500,000	NA
20	664	524	people	NA
20	665	525	have	NA
20	666	526	registered	NA
20	667	527	as	NA
20	668	528	mystery	NA
20	669	529	shoppers	NA
20	670	530	in	NA
20	671	531	the	it,
20	672	532	UK,	it,
20	673	532	UK,	it,
20	674	533	but	NA
20	675	534	just	they
20	676	535	10%	they
20	677	535	10%	they
20	678	536	or	they
20	679	537	less	they
20	680	538	manage	they
20	681	539	to	they
20	682	540	get	they
20	683	541	regular	they
20	684	542	work	they
20	685	543	each	they
20	686	544	month	they
20	687	545	and	NA
20	688	546	this	NA
20	689	547	has	NA
20	690	548	led	NA
20	691	549	to	NA
20	692	550	a	NA
20	693	551	dramatic	NA
20	694	552	reduction	NA
20	695	553	in	NA
20	696	554	compensation.	NA
20	697	554	compensation.	NA
20	698	555	“Where	NA
20	699	555	“Where	NA
20	700	555	“Where	NA
20	701	556	once	NA
20	702	557	you	NA
20	703	558	got	NA
20	704	559	a	NA
20	705	560	fee,	NA
20	706	560	fee,	NA
20	707	561	reimbursement	NA
20	708	562	for	NA
20	709	563	your	NA
20	710	564	purchase	NA
20	711	565	and	NA
20	712	566	mileage,	NA
20	713	566	mileage,	NA
20	714	567	you	NA
20	715	568	now	NA
20	716	569	often	NA
20	717	570	just	NA
20	718	571	receive	NA
20	719	572	a	NA
20	720	573	contribution	NA
20	721	574	towards	NA
20	722	575	a	NA
20	723	576	purchase,”	NA
20	724	576	purchase,”	NA
20	725	576	purchase,”	NA
20	726	576	purchase,”	NA
20	727	577	says	NA
20	728	578	Val,	she,
20	729	578	Val,	she,
20	730	579	a	she.
20	731	580	51-year-old	she.
20	732	580	51-year-old	she.
20	733	580	51-year-old	she.
20	734	580	51-year-old	she.
20	735	580	51-year-old	she.
20	736	581	former	she.
20	737	582	mystery	she.
20	738	583	shopper.	she.
20	739	583	shopper.	she.
20	740	583	shopper.	she.
20	741	584	Nowadays,	NA
20	742	584	Nowadays,	NA
20	743	584	Nowadays,	NA
20	744	585	mystery	they
20	745	586	shopping	they
20	746	587	companies	they
20	747	588	mostly	NA
20	748	589	rely	NA
20	749	590	on	NA
20	750	591	the	NA
20	751	592	promise	NA
20	752	593	of	NA
20	753	594	freebies	NA
20	754	594	freebies	NA
20	755	595	to	NA
20	756	596	incentivize	NA
20	757	596	incentivize	NA
20	758	597	their	NA
20	759	598	workers.	NA
20	760	598	workers.	NA
20	761	599	“Marketforce	“They
20	762	599	“Marketforce	“They
20	763	599	“Marketforce	“They
20	764	599	“Marketforce	“They
20	765	600	shoppers	“They
20	766	601	typically	NA
20	767	602	get	NA
20	768	603	a	NA
20	769	604	couple	NA
20	770	605	of	NA
20	771	606	pounds	NA
20	772	607	for	NA
20	773	608	a	NA
20	774	609	visit	NA
20	775	610	as	NA
20	776	611	a	NA
20	777	612	token	NA
20	778	613	gesture	NA
20	779	614	for	NA
20	780	615	their	NA
20	781	616	time	NA
20	782	617	and	NA
20	783	618	effort,”	NA
20	784	618	effort,”	NA
20	785	618	effort,”	NA
20	786	618	effort,”	NA
20	787	619	says	NA
20	788	620	Boydell.	NA
20	789	620	Boydell.	NA
20	790	620	Boydell.	NA
20	791	621	“At	NA
20	792	621	“At	NA
20	793	621	“At	NA
20	794	622	the	NA
20	795	623	most,	NA
20	796	623	most,	NA
20	797	624	we'll	NA
20	798	624	we'll	NA
20	799	625	pay	NA
20	800	626	£15	NA
20	801	626	£15	NA
20	802	627	to	NA
20	803	628	£25	NA
20	804	628	£25	NA
20	805	629	plus	NA
20	806	630	reimbursement	NA
20	807	631	for	NA
20	808	632	expenses,	NA
20	809	632	expenses,	NA
20	810	633	such	NA
20	811	634	as	NA
20	812	635	a	NA
20	813	636	meal	NA
20	814	637	for	NA
20	815	638	two	NA
20	816	639	or	NA
20	817	640	a	NA
20	818	641	hotel	NA
20	819	642	stay.	NA
20	820	642	stay.	NA
20	821	643	We	NA
20	822	644	don't	NA
20	823	644	don't	NA
20	824	645	directly	NA
20	825	646	employ	NA
20	826	647	any	them
20	827	648	shoppers	them
20	828	649	so	NA
20	829	650	we	NA
20	830	651	don't	NA
20	831	651	don't	NA
20	832	652	have	NA
20	833	653	to	NA
20	834	654	pay	NA
20	835	655	them	NA
20	836	656	the	NA
20	837	657	minimum	NA
20	838	658	wage.”	NA
20	839	658	wage.”	NA
20	840	658	wage.”	NA
20	841	658	wage.”	NA
20	842	659	Hannah,	she,
20	843	659	Hannah,	she,
20	844	660	a	she,
20	845	661	41-year-old	she,
20	846	661	41-year-old	she,
20	847	661	41-year-old	she,
20	848	661	41-year-old	she,
20	849	661	41-year-old	she,
20	850	662	City	she,
20	851	663	lawyer,	she,
20	852	663	lawyer,	she,
20	853	664	has	NA
20	854	665	conducted	NA
20	855	666	nearly	NA
20	856	667	500	NA
20	857	668	visits	NA
20	858	669	for	NA
20	859	670	the	NA
20	860	671	Mystery	NA
20	861	672	Dining	NA
20	862	672	Dining	NA
20	863	673	Company	NA
20	864	674	in	NA
20	865	675	her	NA
20	866	676	spare	NA
20	867	677	time	NA
20	868	678	without	NA
20	869	679	receiving	NA
20	870	680	remuneration	NA
20	871	680	remuneration	NA
20	872	680	remuneration	NA
20	873	681	or	NA
20	874	682	travel	NA
20	875	683	expenses.	NA
20	876	683	expenses.	NA
20	877	684	As	NA
20	878	685	a	it”,
20	879	686	prestigious	it”,
20	880	687	“platinum	it”,
20	881	687	“platinum	it”,
20	882	687	“platinum	it”,
20	883	687	“platinum	it”,
20	884	688	diner”,	it”,
20	885	688	diner”,	it”,
20	886	688	diner”,	it”,
20	887	688	diner”,	it”,
20	888	689	she	NA
20	889	690	is	NA
20	890	691	regularly	NA
20	891	692	hand-picked	NA
20	892	692	hand-picked	NA
20	893	692	hand-picked	NA
20	894	693	by	NA
20	895	694	the	it
20	896	695	Mystery	it
20	897	696	Dining	it
20	898	696	Dining	it
20	899	697	Company	it
20	900	698	to	NA
20	901	699	carry	NA
20	902	700	out	NA
20	903	701	their	NA
20	904	702	most	NA
20	905	703	exclusive	NA
20	906	704	assignments,	NA
20	907	704	assignments,	NA
20	908	705	enjoying	NA
20	909	706	£200	NA
20	910	706	£200	NA
20	911	707	meals	NA
20	912	708	at	NA
20	913	709	Michelin-starred	NA
20	914	709	Michelin-starred	NA
20	915	709	Michelin-starred	NA
20	916	709	Michelin-starred	NA
20	917	709	Michelin-starred	NA
20	918	710	Mayfair	NA
20	919	710	Mayfair	NA
20	920	711	restaurants	NA
20	921	712	and	NA
20	922	713	overnight	NA
20	923	714	stays	NA
20	924	715	at	NA
20	925	716	boutique	NA
20	926	717	hotels.	NA
20	927	717	hotels.	NA
20	928	718	But	NA
20	929	719	there's	NA
20	930	719	there's	NA
20	931	720	no	NA
20	932	721	such	NA
20	933	722	thing	NA
20	934	723	as	NA
20	935	724	a	NA
20	936	725	free	NA
20	937	726	lunch,	NA
20	938	726	lunch,	NA
20	939	727	even	NA
20	940	728	if	NA
20	941	729	you	NA
20	942	730	work	NA
20	943	731	for	NA
20	944	732	a	it.
20	945	733	mystery	it.
20	946	734	dining	it.
20	947	735	company.	it.
20	948	735	company.	it.
20	949	736	Hannah	She
20	950	737	says	NA
20	951	738	she	NA
20	952	739	typically	NA
20	953	740	spends	NA
20	954	741	two	NA
20	955	742	to	NA
20	956	743	four	NA
20	957	744	hours	NA
20	958	745	after	NA
20	959	746	each	NA
20	960	747	visit	NA
20	961	748	writing	NA
20	962	749	detailed	NA
20	963	750	reports	NA
20	964	751	on	NA
20	965	752	everything	it.
20	966	753	from	it.
20	967	754	the	it.
20	968	755	quality	it.
20	969	756	of	it.
20	970	757	the	it.
20	971	758	food	it.
20	972	759	to	it.
20	973	760	specific	it.
20	974	761	interactions	it.
20	975	762	with	it.
20	976	763	staff,	it.
20	977	763	staff,	it.
20	978	764	whom	it.
20	979	765	she	it.
20	980	766	always	it.
20	981	767	needs	it.
20	982	768	to	it.
20	983	769	be	it.
20	984	770	able	it.
20	985	771	to	it.
20	986	772	name	it.
20	987	773	or	it.
20	988	774	“subtly”	it.
20	989	774	“subtly”	it.
20	990	774	“subtly”	it.
20	991	774	“subtly”	it.
20	992	774	“subtly”	it.
20	993	774	“subtly”	it.
20	994	774	“subtly”	it.
20	995	775	describe.	it.
20	996	775	describe.	it.
20	997	776	Trickiest	NA
20	998	776	Trickiest	NA
20	999	777	of	NA
20	1000	778	all,	NA
20	1001	778	all,	NA
20	1002	779	she	NA
20	1003	780	must	NA
20	1004	781	memorize	NA
20	1005	781	memorize	NA
20	1006	782	all	them
20	1007	783	these	them
20	1008	784	details	them
20	1009	785	while	NA
20	1010	786	eating	NA
20	1011	787	her	NA
20	1012	788	meal	NA
20	1013	789	–	NA
20	1014	790	unable,	NA
20	1015	790	unable,	NA
20	1016	791	of	NA
20	1017	792	course,	NA
20	1018	792	course,	NA
20	1019	793	to	NA
20	1020	794	openly	NA
20	1021	795	write	NA
20	1022	796	anything	NA
20	1023	797	down.	NA
20	1024	797	down.	NA
21	0	0	There	NA
21	1	1	are	NA
21	2	2	about	NA
21	3	3	50,000	NA
21	4	3	50,000	NA
21	5	3	50,000	NA
21	6	4	mystery	its
21	7	5	shopping	its
21	8	6	trips	NA
21	9	7	every	NA
21	10	8	month	NA
21	11	9	in	NA
21	12	10	the	its,
21	13	11	UK,	its,
21	14	11	UK,	its,
21	15	12	according	NA
21	16	13	to	NA
21	17	14	the	NA
21	18	15	Mystery	its
21	19	16	Shopping	its
21	20	17	Providers	NA
21	21	17	Providers	NA
21	22	18	Association.	NA
21	23	18	Association.	NA
21	24	19	Mystery	They
21	25	20	shoppers	They
21	26	21	pretend	NA
21	27	22	to	NA
21	28	23	be	NA
21	29	24	a	NA
21	30	25	customer	NA
21	31	26	in	NA
21	32	27	a	it
21	33	28	store	it
21	34	29	but	NA
21	35	30	they	NA
21	36	31	are	NA
21	37	32	really	NA
21	38	33	collecting	NA
21	39	34	information	NA
21	40	35	on	NA
21	41	36	how	NA
21	42	37	good	NA
21	43	38	or	NA
21	44	39	bad	NA
21	45	40	its	NA
21	46	41	service	NA
21	47	42	is.	NA
21	48	42	is.	NA
21	49	43	The	NA
21	50	44	demand	NA
21	51	45	for	NA
21	52	46	mystery	them
21	53	47	shoppers	them
21	54	48	is	NA
21	55	49	growing	NA
21	56	50	because	NA
21	57	51	online	NA
21	58	52	shopping	NA
21	59	53	is	NA
21	60	54	becoming	NA
21	61	55	more	NA
21	62	56	popular.	NA
21	63	56	popular.	NA
21	64	57	“Retailers	NA
21	65	57	“Retailers	NA
21	66	57	“Retailers	NA
21	67	57	“Retailers	NA
21	68	57	“Retailers	NA
21	69	58	are	NA
21	70	59	becoming	NA
21	71	60	increasingly	NA
21	72	61	aware	NA
21	73	62	that	NA
21	74	63	shoppers	they
21	75	64	who	they
21	76	65	visit	they
21	77	66	a	they
21	78	67	physical	they
21	79	68	store	they
21	80	69	want	NA
21	81	70	a	NA
21	82	71	service	NA
21	83	72	and	NA
21	84	73	an	it,”
21	85	74	experience	it,”
21	86	75	they	it,”
21	87	76	can't	it,”
21	88	76	can't	it,”
21	89	77	get	it,”
21	90	78	online,”	it,”
21	91	78	online,”	it,”
21	92	78	online,”	it,”
21	93	78	online,”	it,”
21	94	79	says	NA
21	95	80	Simon	he,
21	96	81	Boydell,	he,
21	97	81	Boydell,	he,
21	98	81	Boydell,	he,
21	99	82	spokesman	he.
21	100	83	for	he.
21	101	84	Marketforce,	he.
21	102	84	Marketforce,	he.
21	103	84	Marketforce,	he.
21	104	85	which	he.
21	105	86	has	he.
21	106	87	more	he.
21	107	88	than	he.
21	108	89	300,000	he.
21	109	89	300,000	he.
21	110	89	300,000	he.
21	111	90	mystery	he.
21	112	91	shoppers.	he.
21	113	91	shoppers.	he.
21	114	92	“Our	“Our
21	115	92	“Our	“Our
21	116	92	“Our	“Our
21	117	93	clients	“Our
21	118	94	want	NA
21	119	95	to	NA
21	120	96	know	NA
21	121	97	how	NA
21	122	98	well	NA
21	123	99	their	NA
21	124	100	stores	NA
21	125	101	are	NA
21	126	102	delivering	NA
21	127	103	on	NA
21	128	104	that	it.”
21	129	105	experience.”	it.”
21	130	105	experience.”	it.”
21	131	105	experience.”	it.”
21	132	105	experience.”	it.”
21	133	106	“We	NA
21	134	106	“We	NA
21	135	106	“We	NA
21	136	107	assign	NA
21	137	108	different	NA
21	138	109	store	NA
21	139	110	locations	NA
21	140	111	to	NA
21	141	112	each	them
21	142	113	shopper	them
21	143	113	shopper	them
21	144	114	and	NA
21	145	115	rotate	NA
21	146	116	them	NA
21	147	117	so	NA
21	148	118	that	NA
21	149	119	they	NA
21	150	120	never	NA
21	151	121	go	NA
21	152	122	back	NA
21	153	123	to	NA
21	154	124	the	NA
21	155	125	same	NA
21	156	126	shop	NA
21	157	127	within	NA
21	158	128	three	NA
21	159	129	months,”	NA
21	160	129	months,”	NA
21	161	129	months,”	NA
21	162	129	months,”	NA
21	163	130	says	NA
21	164	131	Jill	NA
21	165	132	Spencer	NA
21	166	133	of	NA
21	167	134	mystery	NA
21	168	135	shopping	NA
21	169	136	company	NA
21	170	137	ABa.	NA
21	171	137	ABa.	NA
21	172	137	ABa.	NA
21	173	138	“Each	NA
21	174	138	“Each	NA
21	175	138	“Each	NA
21	176	139	day,	NA
21	177	139	day,	NA
21	178	140	they	they,
21	179	141	spend	they,
21	180	142	up	they,
21	181	143	to	they,
21	182	144	eight	they,
21	183	145	hours	they,
21	184	146	visiting	they,
21	185	147	five	they,
21	186	148	to	they,
21	187	149	ten	they,
21	188	150	stores,	they,
21	189	150	stores,	they,
21	190	151	plus	NA
21	191	152	another	NA
21	192	153	hour	NA
21	193	154	or	NA
21	194	155	two	NA
21	195	156	writing	NA
21	196	157	detailed	NA
21	197	158	reports	NA
21	198	159	on	NA
21	199	160	every	NA
21	200	161	part	NA
21	201	162	of	NA
21	202	163	their	NA
21	203	164	visit.”	NA
21	204	164	visit.”	NA
21	205	164	visit.”	NA
21	206	164	visit.”	NA
21	207	165	For	NA
21	208	166	that,	NA
21	209	166	that,	NA
21	210	167	the	they
21	211	168	mystery	they
21	212	169	shoppers	they
21	213	170	can	NA
21	214	171	earn	NA
21	215	172	up	NA
21	216	173	to	NA
21	217	174	£155	NA
21	218	174	£155	NA
21	219	175	a	NA
21	220	176	day.	NA
21	221	176	day.	NA
21	222	177	Their	NA
21	223	178	expenses	NA
21	224	179	are	NA
21	225	180	also	NA
21	226	181	paid.	NA
21	227	181	paid.	NA
21	228	182	Mystery	NA
21	229	183	shoppers	NA
21	230	184	who	NA
21	231	185	film	NA
21	232	186	their	NA
21	233	187	visits	NA
21	234	188	with	NA
21	235	189	a	NA
21	236	190	hidden	NA
21	237	191	camera	NA
21	238	192	can	NA
21	239	193	earn	NA
21	240	194	even	NA
21	241	195	more	NA
21	242	196	–	NA
21	243	197	around	NA
21	244	198	£300	NA
21	245	198	£300	NA
21	246	199	a	NA
21	247	200	day.	NA
21	248	200	day.	NA
21	249	201	Mystery	They
21	250	202	shoppers	They
21	251	203	are	NA
21	252	204	usually	NA
21	253	205	repaid	NA
21	254	206	any	NA
21	255	207	money	NA
21	256	208	they	NA
21	257	209	spend	NA
21	258	210	in	NA
21	259	211	the	NA
21	260	212	stores.	NA
21	261	212	stores.	NA
21	262	213	”They	NA
21	263	213	”They	NA
21	264	213	”They	NA
21	265	214	usually	NA
21	266	215	give	NA
21	267	216	me	NA
21	268	217	between	NA
21	269	218	£5	NA
21	270	218	£5	NA
21	271	219	and	NA
21	272	220	£20	NA
21	273	220	£20	NA
21	274	221	to	NA
21	275	222	spend	NA
21	276	223	at	NA
21	277	224	each	NA
21	278	225	store,	NA
21	279	225	store,	NA
21	280	226	to	NA
21	281	227	check	NA
21	282	228	the	NA
21	283	229	service	NA
21	284	230	I	NA
21	285	231	receive	NA
21	286	232	at	NA
21	287	233	the	NA
21	288	234	counter,”	NA
21	289	234	counter,”	NA
21	290	234	counter,”	NA
21	291	234	counter,”	NA
21	292	235	says	NA
21	293	236	mystery	NA
21	294	237	shopper	NA
21	295	237	shopper	NA
21	296	238	Laura.	NA
21	297	238	Laura.	NA
21	298	239	“I'm	NA
21	299	239	“I'm	NA
21	300	239	“I'm	NA
21	301	239	“I'm	NA
21	302	240	always	NA
21	303	241	given	NA
21	304	242	a	it,
21	305	243	specific	it,
21	306	244	task,	it,
21	307	244	task,	it,
21	308	245	such	it,
21	309	246	as	it,
21	310	247	buying	it,
21	311	248	something	it,
21	312	249	from	it,
21	313	250	a	it,
21	314	251	specific	it,
21	315	252	department	it,
21	316	253	or	it,
21	317	254	a	it,
21	318	255	new	it,
21	319	256	product	it,
21	320	257	range,	it,
21	321	257	range,	it,
21	322	258	but	NA
21	323	259	within	NA
21	324	260	these	them,
21	325	261	limitations,	them,
21	326	261	limitations,	them,
21	327	262	I	NA
21	328	263	can	NA
21	329	264	often	NA
21	330	265	buy	NA
21	331	266	whatever	it
21	332	267	I	it
21	333	268	want	it
21	334	269	–	NA
21	335	270	and	NA
21	336	271	keep	NA
21	337	272	it.”	NA
21	338	272	it.”	NA
21	339	272	it.”	NA
21	340	272	it.”	NA
21	341	273	Like	NA
21	342	274	most	NA
21	343	275	full-time	NA
21	344	275	full-time	NA
21	345	275	full-time	NA
21	346	276	mystery	NA
21	347	277	shoppers,	NA
21	348	277	shoppers,	NA
21	349	278	Laura	she
21	350	279	is	NA
21	351	280	self-employed.	NA
21	352	280	self-employed.	NA
21	353	280	self-employed.	NA
21	354	280	self-employed.	NA
21	355	281	She	NA
21	356	282	earns	NA
21	357	283	around	NA
21	358	284	£30,000	£it
21	359	284	£30,000	£it
21	360	284	£30,000	£it
21	361	284	£30,000	£it
21	362	285	to	£it
21	363	286	£40,000	£it
21	364	286	£40,000	£it
21	365	286	£40,000	£it
21	366	286	£40,000	£it
21	367	287	a	NA
21	368	288	year	NA
21	369	289	and	NA
21	370	290	that	NA
21	371	291	doesn't	NA
21	372	291	doesn't	NA
21	373	292	include	NA
21	374	293	all	NA
21	375	294	the	NA
21	376	295	freebies	NA
21	377	295	freebies	NA
21	378	296	she	NA
21	379	297	gets	NA
21	380	298	on	NA
21	381	299	the	NA
21	382	300	job.	NA
21	383	300	job.	NA
21	384	301	“With	NA
21	385	301	“With	NA
21	386	301	“With	NA
21	387	302	the	NA
21	388	303	perks,	NA
21	389	303	perks,	NA
21	390	304	it's	NA
21	391	304	it's	NA
21	392	305	enough	NA
21	393	306	to	NA
21	394	307	live	NA
21	395	308	on.”	NA
21	396	308	on.”	NA
21	397	308	on.”	NA
21	398	308	on.”	NA
21	399	309	She	NA
21	400	310	finds	NA
21	401	311	it	NA
21	402	312	satisfying	NA
21	403	313	to	it
21	404	314	return	it
21	405	315	to	it
21	406	316	a	it
21	407	317	store	it
21	408	318	where	it
21	409	319	she	it
21	410	320	has	it
21	411	321	previously	it
21	412	322	been	it
21	413	323	a	it
21	414	324	mystery	it
21	415	325	shopper	it
21	416	325	shopper	it
21	417	326	and	NA
21	418	327	see	NA
21	419	328	standards	NA
21	420	329	have	NA
21	421	330	improved.	NA
21	422	330	improved.	NA
21	423	331	“I	NA
21	424	331	“I	NA
21	425	331	“I	NA
21	426	332	know	NA
21	427	333	it	NA
21	428	334	must	NA
21	429	335	be	NA
21	430	336	because	NA
21	431	337	of	NA
21	432	338	my	it
21	433	339	feedback	it
21	434	340	or	NA
21	435	341	why	NA
21	436	342	would	NA
21	437	343	they	NA
21	438	344	pay	NA
21	439	345	me	NA
21	440	346	to	NA
21	441	347	give	NA
21	442	348	it?	NA
21	443	348	it?	NA
21	444	349	I	NA
21	445	350	feel	NA
21	446	351	I'm	NA
21	447	351	I'm	NA
21	448	352	not	NA
21	449	353	just	NA
21	450	354	doing	NA
21	451	355	a	NA
21	452	356	service	NA
21	453	357	for	NA
21	454	358	my	NA
21	455	359	company;	NA
21	456	359	company;	NA
21	457	360	I'm	NA
21	458	360	I'm	NA
21	459	361	doing	NA
21	460	362	a	NA
21	461	363	service	NA
21	462	364	for	NA
21	463	365	all	NA
21	464	366	shoppers	NA
21	465	367	everywhere.”	NA
21	466	367	everywhere.”	NA
21	467	367	everywhere.”	NA
21	468	367	everywhere.”	NA
21	469	368	More	NA
21	470	369	than	NA
21	471	370	500,000	NA
21	472	370	500,000	NA
21	473	370	500,000	NA
21	474	371	people	NA
21	475	372	have	NA
21	476	373	registered	NA
21	477	374	as	NA
21	478	375	mystery	NA
21	479	376	shoppers	NA
21	480	377	in	NA
21	481	378	the	it,
21	482	379	UK,	it,
21	483	379	UK,	it,
21	484	380	but	NA
21	485	381	just	they.
21	486	382	10%	they.
21	487	382	10%	they.
21	488	383	or	they.
21	489	384	less	they.
21	490	385	get	they.
21	491	386	regular	they.
21	492	387	work	they.
21	493	388	each	they.
21	494	389	month.	they.
21	495	389	month.	they.
21	496	390	This	NA
21	497	391	has	NA
21	498	392	led	NA
21	499	393	to	NA
21	500	394	a	NA
21	501	395	dramatic	NA
21	502	396	reduction	NA
21	503	397	in	NA
21	504	398	payment.	it.
21	505	398	payment.	it.
21	506	399	Before,	NA
21	507	399	Before,	NA
21	508	400	people	NA
21	509	401	were	NA
21	510	402	paid	NA
21	511	403	and	NA
21	512	404	got	NA
21	513	405	travel	their,
21	514	406	expenses,	their,
21	515	406	expenses,	their,
21	516	407	but	NA
21	517	408	now	NA
21	518	409	“you	NA
21	519	409	“you	NA
21	520	409	“you	NA
21	521	410	often	NA
21	522	411	just	NA
21	523	412	receive	NA
21	524	413	some	NA
21	525	414	money	NA
21	526	415	towards	NA
21	527	416	a	NA
21	528	417	purchase,”	NA
21	529	417	purchase,”	NA
21	530	417	purchase,”	NA
21	531	417	purchase,”	NA
21	532	418	says	NA
21	533	419	Val,	she,
21	534	419	Val,	she,
21	535	420	a	she.
21	536	421	51-year-old	she.
21	537	421	51-year-old	she.
21	538	421	51-year-old	she.
21	539	421	51-year-old	she.
21	540	421	51-year-old	she.
21	541	422	former	she.
21	542	423	mystery	she.
21	543	424	shopper.	she.
21	544	424	shopper.	she.
21	545	424	shopper.	she.
21	546	425	Nowadays,	NA
21	547	425	Nowadays,	NA
21	548	425	Nowadays,	NA
21	549	426	mystery	NA
21	550	427	shopping	NA
21	551	428	companies	NA
21	552	429	mostly	NA
21	553	430	give	NA
21	554	431	freebies	NA
21	555	431	freebies	NA
21	556	432	as	NA
21	557	433	an	NA
21	558	434	incentive.	NA
21	559	434	incentive.	NA
21	560	435	“Marketforce	“They
21	561	435	“Marketforce	“They
21	562	435	“Marketforce	“They
21	563	435	“Marketforce	“They
21	564	436	shoppers	“They
21	565	437	usually	NA
21	566	438	get	NA
21	567	439	a	NA
21	568	440	couple	NA
21	569	441	of	NA
21	570	442	pounds	NA
21	571	443	for	NA
21	572	444	a	NA
21	573	445	visit,	NA
21	574	445	visit,	NA
21	575	446	for	NA
21	576	447	their	NA
21	577	448	time	NA
21	578	449	and	NA
21	579	450	effort,”	NA
21	580	450	effort,”	NA
21	581	450	effort,”	NA
21	582	450	effort,”	NA
21	583	451	says	NA
21	584	452	Boydell.	NA
21	585	452	Boydell.	NA
21	586	452	Boydell.	NA
21	587	453	“At	NA
21	588	453	“At	NA
21	589	453	“At	NA
21	590	454	the	NA
21	591	455	most,	NA
21	592	455	most,	NA
21	593	456	we'll	NA
21	594	456	we'll	NA
21	595	457	pay	NA
21	596	458	£15	NA
21	597	458	£15	NA
21	598	459	to	NA
21	599	460	£25	NA
21	600	460	£25	NA
21	601	461	plus	NA
21	602	462	expenses	NA
21	603	463	for	NA
21	604	464	a	NA
21	605	465	meal	NA
21	606	466	for	NA
21	607	467	two	NA
21	608	468	or	NA
21	609	469	a	NA
21	610	470	hotel	NA
21	611	471	stay,	NA
21	612	471	stay,	NA
21	613	472	for	NA
21	614	473	example.	NA
21	615	473	example.	NA
21	616	474	We	NA
21	617	475	don't	NA
21	618	475	don't	NA
21	619	476	directly	NA
21	620	477	employ	NA
21	621	478	any	them
21	622	479	shoppers	them
21	623	480	so	NA
21	624	481	we	NA
21	625	482	don't	NA
21	626	482	don't	NA
21	627	483	have	NA
21	628	484	to	NA
21	629	485	pay	NA
21	630	486	them	NA
21	631	487	the	NA
21	632	488	minimum	NA
21	633	489	wage.”	NA
21	634	489	wage.”	NA
21	635	489	wage.”	NA
21	636	489	wage.”	NA
21	637	490	Hannah,	she,
21	638	490	Hannah,	she,
21	639	491	a	she,
21	640	492	41-year-old	she,
21	641	492	41-year-old	she,
21	642	492	41-year-old	she,
21	643	492	41-year-old	she,
21	644	492	41-year-old	she,
21	645	493	lawyer,	she,
21	646	493	lawyer,	she,
21	647	494	has	NA
21	648	495	made	NA
21	649	496	nearly	NA
21	650	497	500	NA
21	651	498	visits	NA
21	652	499	for	NA
21	653	500	the	NA
21	654	501	Mystery	NA
21	655	502	Dining	NA
21	656	502	Dining	NA
21	657	503	Company	NA
21	658	504	in	NA
21	659	505	her	NA
21	660	506	spare	NA
21	661	507	time	NA
21	662	508	without	NA
21	663	509	receiving	NA
21	664	510	pay	it
21	665	511	or	NA
21	666	512	travel	them.
21	667	513	expenses.	them.
21	668	513	expenses.	them.
21	669	514	She	NA
21	670	515	has	NA
21	671	516	enjoyed	NA
21	672	517	£200	NA
21	673	517	£200	NA
21	674	518	meals	NA
21	675	519	at	NA
21	676	520	Michelin-starred	NA
21	677	520	Michelin-starred	NA
21	678	520	Michelin-starred	NA
21	679	520	Michelin-starred	NA
21	680	520	Michelin-starred	NA
21	681	521	restaurants	NA
21	682	522	and	NA
21	683	523	overnight	NA
21	684	524	stays	NA
21	685	525	at	NA
21	686	526	expensive	NA
21	687	527	hotels.	NA
21	688	527	hotels.	NA
21	689	528	But,	NA
21	690	528	But,	NA
21	691	529	it	NA
21	692	530	can	NA
21	693	531	be	NA
21	694	532	hard	NA
21	695	533	work.	NA
21	696	533	work.	NA
21	697	534	Hannah	She
21	698	535	says	NA
21	699	536	she	NA
21	700	537	spends	NA
21	701	538	two	NA
21	702	539	to	NA
21	703	540	four	NA
21	704	541	hours	NA
21	705	542	after	NA
21	706	543	each	NA
21	707	544	visit	NA
21	708	545	writing	NA
21	709	546	detailed	NA
21	710	547	reports	NA
21	711	548	on	NA
21	712	549	everything	it.
21	713	550	from	it.
21	714	551	the	it.
21	715	552	quality	it.
21	716	553	of	it.
21	717	554	the	it.
21	718	555	food	it.
21	719	556	to	it.
21	720	557	specific	it.
21	721	558	conversations	it.
21	722	559	with	it.
21	723	560	staff.	it.
21	724	560	staff.	it.
21	725	561	And,	NA
21	726	561	And,	NA
21	727	562	she	NA
21	728	563	always	NA
21	729	564	needs	NA
21	730	565	to	NA
21	731	566	be	NA
21	732	567	able	NA
21	733	568	to	NA
21	734	569	name	NA
21	735	570	or	NA
21	736	571	describe	NA
21	737	572	the	them.
21	738	573	staff.	them.
21	739	573	staff.	them.
21	740	574	She	NA
21	741	575	has	NA
21	742	576	to	NA
21	743	577	memorize	NA
21	744	577	memorize	NA
21	745	578	all	them
21	746	579	these	them
21	747	580	details	them
21	748	581	while	NA
21	749	582	eating	NA
21	750	583	her	NA
21	751	584	meal	NA
21	752	585	because	NA
21	753	586	she	NA
21	754	587	cannot	NA
21	755	588	openly	NA
21	756	589	write	NA
21	757	590	anything	NA
21	758	591	down.	NA
21	759	591	down.	NA
22	0	0	Robert	He
22	1	1	Myslajek	He
22	2	1	Myslajek	He
22	3	1	Myslajek	He
22	4	1	Myslajek	He
22	5	1	Myslajek	He
22	6	2	stops	NA
22	7	3	dead.	NA
22	8	3	dead.	NA
22	9	4	Between	NA
22	10	5	two	NA
22	11	6	paw	NA
22	12	7	prints	NA
22	13	8	on	NA
22	14	9	a	NA
22	15	10	muddy	NA
22	16	11	mountain	NA
22	17	12	track,	NA
22	18	12	track,	NA
22	19	13	the	he
22	20	14	scientist	he
22	21	15	finds	NA
22	22	16	what	NA
22	23	17	he	NA
22	24	18	is	NA
22	25	19	looking	NA
22	26	20	for.	NA
22	27	20	for.	NA
22	28	21	“Droppings!”	NA
22	29	21	“Droppings!”	NA
22	30	21	“Droppings!”	NA
22	31	21	“Droppings!”	NA
22	32	21	“Droppings!”	NA
22	33	21	“Droppings!”	NA
22	34	21	“Droppings!”	NA
22	35	22	he	NA
22	36	23	enthuses.	NA
22	37	23	enthuses.	NA
22	38	23	enthuses.	NA
22	39	23	enthuses.	NA
22	40	24	Wolf	It
22	41	25	sightings	NA
22	42	26	are	NA
22	43	27	so	NA
22	44	28	rare	NA
22	45	29	that	NA
22	46	30	the	NA
22	47	31	sighting	NA
22	48	32	of	NA
22	49	33	their	NA
22	50	34	feces	NA
22	51	35	marks	NA
22	52	36	a	NA
22	53	37	good	NA
22	54	38	day,	NA
22	55	38	day,	NA
22	56	39	even	NA
22	57	40	for	NA
22	58	41	a	NA
22	59	42	seasoned	NA
22	60	43	tracker.	NA
22	61	43	tracker.	NA
22	62	44	But	NA
22	63	45	it	NA
22	64	46	is	NA
22	65	47	getting	NA
22	66	48	easier.	NA
22	67	48	easier.	NA
22	68	49	There	NA
22	69	50	are	NA
22	70	51	now	NA
22	71	52	an	they
22	72	53	estimated	they
22	73	54	1,500	they
22	74	54	1,500	they
22	75	54	1,500	they
22	76	55	wolves	they
22	77	56	in	NA
22	78	57	Poland.	it.
22	79	57	Poland.	it.
22	80	58	The	It
22	81	59	number	It
22	82	60	has	NA
22	83	61	doubled	NA
22	84	62	in	NA
22	85	63	15	NA
22	86	64	years.	NA
22	87	64	years.	NA
22	88	65	Wolves	They
22	89	66	are	NA
22	90	67	–	NA
22	91	68	along	NA
22	92	69	with	NA
22	93	70	the	NA
22	94	71	brown	NA
22	95	72	bear,	NA
22	96	72	bear,	NA
22	97	73	the	NA
22	98	74	lynx	NA
22	99	74	lynx	NA
22	100	75	and	NA
22	101	76	the	NA
22	102	77	wolverine	NA
22	103	77	wolverine	NA
22	104	77	wolverine	NA
22	105	78	–	NA
22	106	79	Europe's	its
22	107	79	Europe's	its
22	108	80	last	NA
22	109	81	large	NA
22	110	82	predator	NA
22	111	83	carnivores.	NA
22	112	83	carnivores.	NA
22	113	83	carnivores.	NA
22	114	84	Conservationists	NA
22	115	84	Conservationists	NA
22	116	85	from	NA
22	117	86	Britain,	NA
22	118	86	Britain,	NA
22	119	87	Germany	NA
22	120	88	and	NA
22	121	89	the	NA
22	122	90	Netherlands	NA
22	123	91	are	NA
22	124	92	beating	NA
22	125	93	a	NA
22	126	94	path	NA
22	127	95	here	NA
22	128	96	to	NA
22	129	97	find	NA
22	130	98	out	NA
22	131	99	how	NA
22	132	100	Poland	it
22	133	101	has	NA
22	134	102	saved	NA
22	135	103	this	it.
22	136	104	protected	it.
22	137	105	species,	it.
22	138	105	species,	it.
22	139	106	slandered	it.
22	140	106	slandered	it.
22	141	106	slandered	it.
22	142	107	even	it.
22	143	108	in	it.
22	144	109	fairy	it.
22	145	110	tales.	it.
22	146	110	tales.	it.
22	147	111	The	He,
22	148	112	scientist,	He,
22	149	112	scientist,	He,
22	150	113	who	He,
22	151	114	is	He,
22	152	115	a	He,
22	153	116	familiar	He,
22	154	117	face	He,
22	155	118	on	He,
22	156	119	Polish	He,
22	157	120	television,	He,
22	158	120	television,	He,
22	159	121	says	NA
22	160	122	wolves	they
22	161	123	are	NA
22	162	124	exceptional	they.
22	163	125	animals	they.
22	164	126	that	they.
22	165	127	are	they.
22	166	128	capable	they.
22	167	129	of	they.
22	168	130	moving	they.
22	169	131	up	they.
22	170	132	to	they.
22	171	133	30km	they.
22	172	133	30km	they.
22	173	134	during	they.
22	174	135	a	they.
22	175	136	single	they.
22	176	137	hunt.	they.
22	177	137	hunt.	they.
22	178	138	“The	“It
22	179	138	“The	“It
22	180	138	“The	“It
22	181	139	Beskidy	“It
22	182	139	Beskidy	“It
22	183	139	Beskidy	“It
22	184	140	pack	“It
22	185	141	is	NA
22	186	142	a	it,
22	187	143	strong	it,
22	188	144	unit,	it,
22	189	144	unit,	it,
22	190	145	eight	they.
22	191	146	or	they.
22	192	147	nine	they.
22	193	148	individuals.	they.
22	194	148	individuals.	they.
22	195	149	This	NA
22	196	150	year,	NA
22	197	150	year,	NA
22	198	151	we	NA
22	199	152	have	NA
22	200	153	recorded	NA
22	201	154	five	them,
22	202	155	cubs,	them,
22	203	155	cubs,	them,
22	204	155	cubs,	them,
22	205	156	two	them
22	206	157	yearlings	them
22	207	157	yearlings	them
22	208	158	and	NA
22	209	159	two	NA
22	210	160	adults.	NA
22	211	160	adults.	NA
22	212	161	We	NA
22	213	162	track	NA
22	214	163	them	NA
22	215	164	using	NA
22	216	165	motion-activated	NA
22	217	165	motion-activated	NA
22	218	165	motion-activated	NA
22	219	166	cameras	NA
22	220	167	in	NA
22	221	168	the	it
22	222	169	forest	it
22	223	170	and	NA
22	224	171	by	NA
22	225	172	following	NA
22	226	173	their	NA
22	227	174	prints	NA
22	228	175	in	NA
22	229	176	the	NA
22	230	177	mud	NA
22	231	178	and	NA
22	232	179	snow.	NA
22	233	179	snow.	NA
22	234	180	In	NA
22	235	181	each	NA
22	236	182	family	NA
22	237	183	group,	NA
22	238	183	group,	NA
22	239	184	only	NA
22	240	185	one	NA
22	241	186	pair	NA
22	242	187	reproduces,	NA
22	243	187	reproduces,	NA
22	244	187	reproduces,	NA
22	245	188	once	NA
22	246	189	a	NA
22	247	190	year.	NA
22	248	190	year.	NA
22	249	191	All	NA
22	250	192	pack	its
22	251	193	members	NA
22	252	194	care	NA
22	253	195	for	NA
22	254	196	the	them
22	255	197	young	them
22	256	198	with	NA
22	257	199	solidarity	NA
22	258	200	and	NA
22	259	201	devotion.”	NA
22	260	201	devotion.”	NA
22	261	201	devotion.”	NA
22	262	201	devotion.”	NA
22	263	202	Myslajek,	he,
22	264	202	Myslajek,	he,
22	265	202	Myslajek,	he,
22	266	202	Myslajek,	he,
22	267	202	Myslajek,	he,
22	268	202	Myslajek,	he,
22	269	203	the	he,
22	270	204	son	he,
22	271	205	of	he,
22	272	206	a	he,
22	273	207	shepherd,	he,
22	274	207	shepherd,	he,
22	275	208	is	NA
22	276	209	puzzled	NA
22	277	210	by	NA
22	278	211	wolves'	their'
22	279	211	wolves'	their'
22	280	212	bad	NA
22	281	213	reputation.	NA
22	282	213	reputation.	NA
22	283	214	“Why	NA
22	284	214	“Why	NA
22	285	214	“Why	NA
22	286	215	does	NA
22	287	216	one	NA
22	288	217	speak	NA
22	289	218	of	NA
22	290	219	a	NA
22	291	220	'lone-wolf	NA
22	292	220	'lone-wolf	NA
22	293	220	'lone-wolf	NA
22	294	220	'lone-wolf	NA
22	295	220	'lone-wolf	NA
22	296	221	gunman'?	NA
22	297	221	gunman'?	NA
22	298	222	Why	NA
22	299	223	did	NA
22	300	224	we	NA
22	301	225	have	NA
22	302	226	to	NA
22	303	227	have	NA
22	304	228	Little	her,
22	305	229	Red	her,
22	306	230	Riding	her,
22	307	231	Hood,	her,
22	308	231	Hood,	her,
22	309	232	with	NA
22	310	233	its	its?”
22	311	234	big	its?”
22	312	235	bad	its?”
22	313	236	wolf?”	its?”
22	314	236	wolf?”	its?”
22	315	236	wolf?”	its?”
22	316	236	wolf?”	its?”
22	317	237	He	NA
22	318	238	is	NA
22	319	239	fascinated	NA
22	320	240	by	NA
22	321	241	these	NA
22	322	242	aloof	NA
22	323	242	aloof	NA
22	324	243	canines	NA
22	325	243	canines	NA
22	326	244	who	NA
22	327	245	remained	NA
22	328	246	in	NA
22	329	247	the	NA
22	330	248	wild	NA
22	331	249	33,000	NA
22	332	249	33,000	NA
22	333	249	33,000	NA
22	334	250	years	NA
22	335	251	ago	NA
22	336	252	when	NA
22	337	253	others	NA
22	338	254	decided	NA
22	339	255	on	NA
22	340	256	a	NA
22	341	257	much	NA
22	342	258	more	NA
22	343	259	comfortable	NA
22	344	260	existence	NA
22	345	261	as	NA
22	346	262	domestic	NA
22	347	263	dogs.	NA
22	348	263	dogs.	NA
22	349	264	Wolves	They
22	350	265	are	NA
22	351	266	not	NA
22	352	267	pooches.	NA
22	353	267	pooches.	NA
22	354	267	pooches.	NA
22	355	267	pooches.	NA
22	356	268	Myslajek	He
22	357	268	Myslajek	He
22	358	268	Myslajek	He
22	359	268	Myslajek	He
22	360	268	Myslajek	He
22	361	269	says	NA
22	362	270	only	NA
22	363	271	scientific	NA
22	364	272	arguments	NA
22	365	273	–	NA
22	366	274	the	NA
22	367	275	need	NA
22	368	276	to	NA
22	369	277	regenerate	NA
22	370	278	forests	its
22	371	279	and	NA
22	372	280	control	NA
22	373	281	the	NA
22	374	282	wild	NA
22	375	283	animal	NA
22	376	284	population	NA
22	377	285	–	NA
22	378	286	can	NA
22	379	287	save	NA
22	380	288	Europe's	them,
22	381	288	Europe's	them,
22	382	289	wild	them,
22	383	290	carnivores,	them,
22	384	290	carnivores,	them,
22	385	290	carnivores,	them,
22	386	291	especially	NA
22	387	292	the	it.
22	388	293	unpopular	it.
22	389	294	wolf.	it.
22	390	294	wolf.	it.
22	391	295	“Natural	NA
22	392	295	“Natural	NA
22	393	295	“Natural	NA
22	394	296	predators	NA
22	395	297	balance	NA
22	396	298	the	NA
22	397	299	ecosystem.	NA
22	398	299	ecosystem.	NA
22	399	300	They	NA
22	400	301	keep	NA
22	401	302	herbivores	NA
22	402	302	herbivores	NA
22	403	302	herbivores	NA
22	404	303	in	NA
22	405	304	check,	NA
22	406	304	check,	NA
22	407	305	thus	NA
22	408	306	allowing	NA
22	409	307	trees	NA
22	410	308	to	NA
22	411	309	grow	NA
22	412	310	tall	NA
22	413	311	for	NA
22	414	312	birds	NA
22	415	313	to	NA
22	416	314	nest	NA
22	417	315	in.”	NA
22	418	315	in.”	NA
22	419	315	in.”	NA
22	420	315	in.”	NA
22	421	316	The	NA
22	422	317	ban	NA
22	423	318	on	NA
22	424	319	wolf	NA
22	425	320	hunting	NA
22	426	321	in	NA
22	427	322	the	NA
22	428	323	western	NA
22	429	324	Carpathian	NA
22	430	324	Carpathian	NA
22	431	324	Carpathian	NA
22	432	325	mountains	NA
22	433	326	came	NA
22	434	327	into	NA
22	435	328	force	NA
22	436	329	in	NA
22	437	330	1995	NA
22	438	331	and	NA
22	439	332	nationwide	NA
22	440	333	in	NA
22	441	334	Poland	it
22	442	335	in	NA
22	443	336	1998.	NA
22	444	336	1998.	NA
22	445	337	There	NA
22	446	338	are	NA
22	447	339	now	NA
22	448	340	resident	NA
22	449	341	packs	NA
22	450	342	in	NA
22	451	343	virtually	NA
22	452	344	all	NA
22	453	345	the	its
22	454	346	country's	its
22	455	346	country's	its
22	456	347	major	NA
22	457	348	forests.	NA
22	458	348	forests.	NA
22	459	349	The	They
22	460	350	predators	They
22	461	351	coexist	NA
22	462	351	coexist	NA
22	463	352	with	NA
22	464	353	humans	NA
22	465	354	rather	NA
22	466	355	than	NA
22	467	356	being	NA
22	468	357	fenced	NA
22	469	357	fenced	NA
22	470	358	off,	NA
22	471	358	off,	NA
22	472	359	as	NA
22	473	360	they	NA
22	474	361	are	NA
22	475	362	in	NA
22	476	363	African	NA
22	477	364	safari	NA
22	478	364	safari	NA
22	479	365	parks.	NA
22	480	365	parks.	NA
22	481	366	The	NA
22	482	367	Polish	NA
22	483	368	government	NA
22	484	369	pays	NA
22	485	370	compensation	NA
22	486	371	for	NA
22	487	372	livestock	NA
22	488	373	killed	NA
22	489	374	by	NA
22	490	375	wolves.	NA
22	491	375	wolves.	NA
22	492	376	Myslajek	He
22	493	376	Myslajek	He
22	494	376	Myslajek	He
22	495	376	Myslajek	He
22	496	376	Myslajek	He
22	497	377	advises	NA
22	498	378	farmers	NA
22	499	379	on	NA
22	500	380	erecting	NA
22	501	380	erecting	NA
22	502	381	electric	NA
22	503	382	fences.	NA
22	504	382	fences.	NA
22	505	383	He	NA
22	506	384	has	NA
22	507	385	helped	NA
22	508	386	revive	NA
22	509	387	the	NA
22	510	388	use	NA
22	511	389	of	NA
22	512	390	two	NA
22	513	391	deterrents	NA
22	514	391	deterrents	NA
22	515	392	that,	NA
22	516	392	that,	NA
22	517	393	for	NA
22	518	394	reasons	NA
22	519	395	no	NA
22	520	396	one	NA
22	521	397	quite	NA
22	522	398	understands,	NA
22	523	398	understands,	NA
22	524	399	wolves	NA
22	525	400	find	NA
22	526	401	particularly	NA
22	527	402	scary:	NA
22	528	402	scary:	NA
22	529	403	strings	NA
22	530	404	of	NA
22	531	405	small	NA
22	532	406	red	NA
22	533	407	flags	NA
22	534	408	(hung	NA
22	535	408	(hung	NA
22	536	409	around	NA
22	537	410	sheep	NA
22	538	411	pens)	NA
22	539	411	pens)	NA
22	540	412	and	NA
22	541	413	the	NA
22	542	414	bark	NA
22	543	415	of	NA
22	544	416	the	NA
22	545	417	fluffy	NA
22	546	418	white	NA
22	547	419	Tatra	NA
22	548	419	Tatra	NA
22	549	420	Mountain	NA
22	550	421	Sheepdog.	NA
22	551	421	Sheepdog.	NA
22	552	421	Sheepdog.	NA
22	553	422	The	NA
22	554	423	survival	NA
22	555	424	of	NA
22	556	425	Poland's	their
22	557	425	Poland's	their
22	558	426	wolves	their
22	559	427	has	NA
22	560	428	been	NA
22	561	429	helped	NA
22	562	430	by	NA
22	563	431	the	its
22	564	432	country's	its
22	565	432	country's	its
22	566	433	belated	NA
22	567	433	belated	NA
22	568	434	infrastructure	NA
22	569	435	development.	NA
22	570	435	development.	NA
22	571	436	In	NA
22	572	437	1989,	NA
22	573	437	1989,	NA
22	574	438	when	NA
22	575	439	the	NA
22	576	440	communists	NA
22	577	441	relinquished	NA
22	578	441	relinquished	NA
22	579	442	power,	NA
22	580	442	power,	NA
22	581	443	Poland	it
22	582	444	had	NA
22	583	445	only	NA
22	584	446	one	NA
22	585	447	motorway.	NA
22	586	447	motorway.	NA
22	587	447	motorway.	NA
22	588	448	Major	NA
22	589	449	road	NA
22	590	450	projects	NA
22	591	451	–	NA
22	592	452	requiring	NA
22	593	453	wildlife	NA
22	594	454	impact	NA
22	595	455	studies	NA
22	596	456	–	NA
22	597	457	began	NA
22	598	458	after	NA
22	599	459	Poland	it
22	600	460	joined	NA
22	601	461	the	NA
22	602	462	European	NA
22	603	463	Union	NA
22	604	464	in	NA
22	605	465	2004.	NA
22	606	465	2004.	NA
22	607	466	The	NA
22	608	467	country	NA
22	609	468	now	NA
22	610	469	has	NA
22	611	470	one	NA
22	612	471	of	NA
22	613	472	the	NA
22	614	473	highest	NA
22	615	474	densities	NA
22	616	474	densities	NA
22	617	475	in	NA
22	618	476	the	NA
22	619	477	world	NA
22	620	478	of	NA
22	621	479	overhead	NA
22	622	480	crossings	NA
22	623	481	and	NA
22	624	482	underpasses	NA
22	625	482	underpasses	NA
22	626	482	underpasses	NA
22	627	483	for	NA
22	628	484	wild	NA
22	629	485	animals.	NA
22	630	485	animals.	NA
22	631	486	Attitudes	NA
22	632	486	Attitudes	NA
22	633	487	have	NA
22	634	488	also	NA
22	635	489	changed.	NA
22	636	489	changed.	NA
22	637	490	“For	NA
22	638	490	“For	NA
22	639	490	“For	NA
22	640	491	many	NA
22	641	492	years,	NA
22	642	492	years,	NA
22	643	493	hunting	NA
22	644	494	was	NA
22	645	495	cultural.	NA
22	646	495	cultural.	NA
22	647	496	In	NA
22	648	497	1975,	NA
22	649	497	1975,	NA
22	650	498	there	NA
22	651	499	were	NA
22	652	500	fewer	NA
22	653	501	than	NA
22	654	502	100	NA
22	655	503	wolves	NA
22	656	504	in	NA
22	657	505	Poland.	it.
22	658	505	Poland.	it.
22	659	506	Beginning	NA
22	660	507	in	NA
22	661	508	the	NA
22	662	509	1950s,	NA
22	663	509	1950s,	NA
22	664	509	1950s,	NA
22	665	510	hunting	NA
22	666	511	wolves	NA
22	667	512	had	NA
22	668	513	been	NA
22	669	514	encouraged	NA
22	670	515	by	NA
22	671	516	the	they.
22	672	517	authorities.	they.
22	673	517	authorities.	they.
22	674	518	They	NA
22	675	519	paid	NA
22	676	520	a	NA
22	677	521	reward	NA
22	678	522	for	NA
22	679	523	killing	NA
22	680	524	a	NA
22	681	525	wolf	NA
22	682	526	worth	NA
22	683	527	a	NA
22	684	528	month's	NA
22	685	528	month's	NA
22	686	529	salary.	NA
22	687	529	salary.	NA
22	688	530	It	NA
22	689	531	was	NA
22	690	532	carnage.”	NA
22	691	532	carnage.”	NA
22	692	532	carnage.”	NA
22	693	532	carnage.”	NA
22	694	533	Myslajek	he
22	695	533	Myslajek	he
22	696	533	Myslajek	he
22	697	533	Myslajek	he
22	698	533	Myslajek	he
22	699	534	says	NA
22	700	535	the	NA
22	701	536	improvement	NA
22	702	537	in	NA
22	703	538	Polish	their'
22	704	539	wolves'	their'
22	705	539	wolves'	their'
22	706	540	survival	NA
22	707	541	chances	NA
22	708	542	has	NA
22	709	543	been	NA
22	710	544	considerable	NA
22	711	545	but	NA
22	712	546	remains	NA
22	713	547	fragile.	NA
22	714	547	fragile.	NA
22	715	548	Packs	NA
22	716	549	are	NA
22	717	550	mobile	NA
22	718	551	across	NA
22	719	552	borders	NA
22	720	553	and	NA
22	721	554	hunting	NA
22	722	555	still	NA
22	723	556	goes	NA
22	724	557	on	NA
22	725	558	in	NA
22	726	559	neighboring	NA
22	727	560	Russia,	NA
22	728	560	Russia,	NA
22	729	561	Lithuania	NA
22	730	562	and	NA
22	731	563	Belarus.	NA
22	732	563	Belarus.	NA
22	733	564	He	NA
22	734	565	claims	NA
22	735	566	Poland's	its
22	736	566	Poland's	its
22	737	567	new	NA
22	738	568	government,	NA
22	739	568	government,	NA
22	740	569	elected	NA
22	741	570	in	NA
22	742	571	October	NA
22	743	572	2015,	NA
22	744	572	2015,	NA
22	745	573	is	NA
22	746	574	hostile	NA
22	747	575	to	NA
22	748	576	wolves.	NA
22	749	576	wolves.	NA
22	750	577	“The	“He,
22	751	577	“The	“He,
22	752	577	“The	“He,
22	753	578	Environment	“He,
22	754	579	Minister,	“He,
22	755	579	Minister,	“He,
22	756	580	Jan	he,
22	757	581	Szyszko,	he,
22	758	581	Szyszko,	he,
22	759	581	Szyszko,	he,
22	760	581	Szyszko,	he,
22	761	581	Szyszko,	he,
22	762	582	makes	NA
22	763	583	no	NA
22	764	584	secret	NA
22	765	585	of	NA
22	766	586	being	NA
22	767	587	a	NA
22	768	588	hunter.	NA
22	769	588	hunter.	NA
22	770	589	There	NA
22	771	590	are	NA
22	772	591	120,000	they
22	773	591	120,000	they
22	774	591	120,000	they
22	775	592	licensed	they
22	776	593	hunters	they
22	777	594	in	NA
22	778	595	Poland	it
22	779	596	and	NA
22	780	597	they	NA
22	781	598	are	NA
22	782	599	influential	NA
22	783	600	in	NA
22	784	601	parliament.	NA
22	785	601	parliament.	NA
22	786	602	Being	NA
22	787	603	a	NA
22	788	604	wolf	NA
22	789	605	advocate	NA
22	790	606	is	NA
22	791	607	not	NA
22	792	608	easy.	NA
22	793	608	easy.	NA
22	794	609	It	NA
22	795	610	is	NA
22	796	611	not	NA
22	797	612	as	NA
22	798	613	if	NA
22	799	614	you	NA
22	800	615	can	NA
22	801	616	argue	NA
22	802	617	to	NA
22	803	618	the	NA
22	804	619	politicians	NA
22	805	620	that	NA
22	806	621	wolves	they
22	807	622	are	NA
22	808	623	a	NA
22	809	624	big	NA
22	810	625	tourist	NA
22	811	626	attraction.	NA
22	812	626	attraction.	NA
22	813	627	Most	NA
22	814	628	tourists	NA
22	815	629	want	NA
22	816	630	to	NA
22	817	631	see	NA
22	818	632	the	them
22	819	633	animals	them
22	820	634	but	NA
22	821	635	wolves	they
22	822	636	stay	NA
22	823	637	away	NA
22	824	638	from	NA
22	825	639	humans.	NA
22	826	639	humans.	NA
22	827	640	They	NA
22	828	641	have	NA
22	829	642	a	NA
22	830	643	tremendously	NA
22	831	644	sensitive	NA
22	832	645	sense	NA
22	833	646	of	NA
22	834	647	smell.”	NA
22	835	647	smell.”	NA
22	836	647	smell.”	NA
22	837	647	smell.”	NA
23	0	0	Robert	He
23	1	1	Myslajek	He
23	2	1	Myslajek	He
23	3	1	Myslajek	He
23	4	1	Myslajek	He
23	5	1	Myslajek	He
23	6	2	stops.	NA
23	7	2	stops.	NA
23	8	3	Between	NA
23	9	4	two	NA
23	10	5	paw	NA
23	11	6	prints	NA
23	12	7	on	NA
23	13	8	a	NA
23	14	9	mountain	NA
23	15	10	path,	NA
23	16	10	path,	NA
23	17	11	the	he
23	18	12	scientist	he
23	19	13	finds	NA
23	20	14	what	NA
23	21	15	he	NA
23	22	16	is	NA
23	23	17	looking	NA
23	24	18	for.	NA
23	25	18	for.	NA
23	26	19	“Droppings!”	NA
23	27	19	“Droppings!”	NA
23	28	19	“Droppings!”	NA
23	29	19	“Droppings!”	NA
23	30	19	“Droppings!”	NA
23	31	19	“Droppings!”	NA
23	32	19	“Droppings!”	NA
23	33	20	he	NA
23	34	21	says	NA
23	35	22	happily.	NA
23	36	22	happily.	NA
23	37	23	It	NA
23	38	24	is	NA
23	39	25	so	NA
23	40	26	rare	NA
23	41	27	to	NA
23	42	28	see	NA
23	43	29	a	NA
23	44	30	wolf	NA
23	45	31	that	NA
23	46	32	seeing	NA
23	47	33	droppings	NA
23	48	33	droppings	NA
23	49	34	makes	NA
23	50	35	it	NA
23	51	36	a	NA
23	52	37	good	NA
23	53	38	day.	NA
23	54	38	day.	NA
23	55	39	But	NA
23	56	40	it	NA
23	57	41	is	NA
23	58	42	getting	NA
23	59	43	easier	NA
23	60	44	to	NA
23	61	45	see	NA
23	62	46	a	NA
23	63	47	wolf.	NA
23	64	47	wolf.	NA
23	65	48	There	NA
23	66	49	are	NA
23	67	50	now	NA
23	68	51	about	them
23	69	52	1,500	them
23	70	52	1,500	them
23	71	52	1,500	them
23	72	53	wolves	them
23	73	54	in	NA
23	74	55	Poland.	it.
23	75	55	Poland.	it.
23	76	56	The	It
23	77	57	number	It
23	78	58	has	NA
23	79	59	doubled	NA
23	80	60	in	NA
23	81	61	15	NA
23	82	62	years.	NA
23	83	62	years.	NA
23	84	63	The	It,
23	85	64	wolf,	It,
23	86	64	wolf,	It,
23	87	65	the	NA
23	88	66	brown	NA
23	89	67	bear,	NA
23	90	67	bear,	NA
23	91	68	the	NA
23	92	69	lynx	NA
23	93	69	lynx	NA
23	94	70	and	NA
23	95	71	the	NA
23	96	72	wolverine	NA
23	97	72	wolverine	NA
23	98	72	wolverine	NA
23	99	73	are	NA
23	100	74	Europe's	them.
23	101	74	Europe's	them.
23	102	75	last	them.
23	103	76	large	them.
23	104	77	predator	them.
23	105	78	carnivores.	them.
23	106	78	carnivores.	them.
23	107	78	carnivores.	them.
23	108	79	Scientists	NA
23	109	80	from	NA
23	110	81	Britain,	NA
23	111	81	Britain,	NA
23	112	82	Germany	NA
23	113	83	and	NA
23	114	84	the	NA
23	115	85	Netherlands	NA
23	116	86	are	NA
23	117	87	coming	NA
23	118	88	here	NA
23	119	89	to	NA
23	120	90	find	NA
23	121	91	out	NA
23	122	92	how	NA
23	123	93	Poland	it
23	124	94	has	NA
23	125	95	saved	NA
23	126	96	wolves	them.
23	127	97	who	them.
23	128	98	have	them.
23	129	99	a	them.
23	130	100	bad	them.
23	131	101	reputation	them.
23	132	102	even	them.
23	133	103	in	them.
23	134	104	fairy	them.
23	135	105	tales.	them.
23	136	105	tales.	them.
23	137	106	The	He
23	138	107	scientist	He
23	139	108	says	NA
23	140	109	wolves	they
23	141	110	can	NA
23	142	111	move	NA
23	143	112	up	NA
23	144	113	to	NA
23	145	114	30	NA
23	146	115	kilometers	NA
23	147	116	during	NA
23	148	117	a	NA
23	149	118	single	NA
23	150	119	hunt.	NA
23	151	119	hunt.	NA
23	152	120	“The	“It
23	153	120	“The	“It
23	154	120	“The	“It
23	155	121	pack	“It
23	156	122	that	“It
23	157	123	he	“It
23	158	124	is	“It
23	159	125	tracking	“It
23	160	126	is	NA
23	161	127	a	it.
23	162	128	strong	it.
23	163	129	group	it.
23	164	130	of	it.
23	165	131	eight	it.
23	166	132	or	it.
23	167	133	nine	it.
23	168	134	animals.	it.
23	169	134	animals.	it.
23	170	135	This	NA
23	171	136	year,	NA
23	172	136	year,	NA
23	173	137	we	NA
23	174	138	have	NA
23	175	139	recorded	NA
23	176	140	five	them,
23	177	141	cubs,	them,
23	178	141	cubs,	them,
23	179	141	cubs,	them,
23	180	142	two	NA
23	181	143	young	NA
23	182	144	wolves	NA
23	183	145	and	NA
23	184	146	two	NA
23	185	147	adults.	NA
23	186	147	adults.	NA
23	187	148	We	NA
23	188	149	track	NA
23	189	150	them	NA
23	190	151	using	NA
23	191	152	special	NA
23	192	153	cameras	NA
23	193	154	in	NA
23	194	155	the	NA
23	195	156	forest	NA
23	196	157	and	NA
23	197	158	by	NA
23	198	159	following	NA
23	199	160	their	NA
23	200	161	prints	NA
23	201	162	in	NA
23	202	163	the	NA
23	203	164	mud	NA
23	204	165	and	NA
23	205	166	snow.	NA
23	206	166	snow.	NA
23	207	167	In	NA
23	208	168	each	NA
23	209	169	family	NA
23	210	170	group,	NA
23	211	170	group,	NA
23	212	171	only	NA
23	213	172	one	NA
23	214	173	pair	NA
23	215	174	of	NA
23	216	175	adults	NA
23	217	176	has	NA
23	218	177	cubs	NA
23	219	177	cubs	NA
23	220	178	each	NA
23	221	179	year.	NA
23	222	179	year.	NA
23	223	180	All	NA
23	224	181	the	NA
23	225	182	wolves	NA
23	226	183	in	NA
23	227	184	the	it
23	228	185	pack	it
23	229	186	look	NA
23	230	187	after	NA
23	231	188	the	NA
23	232	189	young.”	NA
23	233	189	young.”	NA
23	234	189	young.”	NA
23	235	189	young.”	NA
23	236	190	Myslajek,	he,
23	237	190	Myslajek,	he,
23	238	190	Myslajek,	he,
23	239	190	Myslajek,	he,
23	240	190	Myslajek,	he,
23	241	190	Myslajek,	he,
23	242	191	the	he,
23	243	192	son	he,
23	244	193	of	he,
23	245	194	a	he,
23	246	195	shepherd,	he,
23	247	195	shepherd,	he,
23	248	196	doesn't	NA
23	249	196	doesn't	NA
23	250	197	understand	NA
23	251	198	wolves'	it.
23	252	198	wolves'	it.
23	253	199	bad	it.
23	254	200	reputation.	it.
23	255	200	reputation.	it.
23	256	201	“Why	NA
23	257	201	“Why	NA
23	258	201	“Why	NA
23	259	202	did	NA
23	260	203	we	NA
23	261	204	have	NA
23	262	205	to	NA
23	263	206	have	NA
23	264	207	the	NA
23	265	208	fairy	NA
23	266	209	tale	NA
23	267	210	Little	it,
23	268	211	Red	it,
23	269	212	Riding	it,
23	270	213	Hood,	it,
23	271	213	Hood,	it,
23	272	214	with	NA
23	273	215	its	NA
23	274	216	big	NA
23	275	217	bad	NA
23	276	218	wolf?”	NA
23	277	218	wolf?”	NA
23	278	218	wolf?”	NA
23	279	218	wolf?”	NA
23	280	219	He	NA
23	281	220	is	NA
23	282	221	fascinated	NA
23	283	222	by	NA
23	284	223	these	NA
23	285	224	animals,	NA
23	286	224	animals,	NA
23	287	225	who	NA
23	288	226	remained	NA
23	289	227	in	NA
23	290	228	the	NA
23	291	229	wild	NA
23	292	230	33,000	NA
23	293	230	33,000	NA
23	294	230	33,000	NA
23	295	231	years	NA
23	296	232	ago	NA
23	297	233	when	NA
23	298	234	other	NA
23	299	235	types	NA
23	300	236	of	NA
23	301	237	dog	NA
23	302	238	decided	NA
23	303	239	on	NA
23	304	240	a	NA
23	305	241	much	NA
23	306	242	more	NA
23	307	243	comfortable	NA
23	308	244	life	NA
23	309	245	as	NA
23	310	246	pets.	NA
23	311	246	pets.	NA
23	312	247	Myslajek	He
23	313	247	Myslajek	He
23	314	247	Myslajek	He
23	315	247	Myslajek	He
23	316	247	Myslajek	He
23	317	248	says	NA
23	318	249	only	NA
23	319	250	the	NA
23	320	251	need	NA
23	321	252	to	NA
23	322	253	save	NA
23	323	254	forests	NA
23	324	255	and	NA
23	325	256	control	NA
23	326	257	the	NA
23	327	258	wild	NA
23	328	259	animal	NA
23	329	260	population	NA
23	330	261	can	NA
23	331	262	save	NA
23	332	263	Europe's	them,
23	333	263	Europe's	them,
23	334	264	wild	them,
23	335	265	carnivores,	them,
23	336	265	carnivores,	them,
23	337	265	carnivores,	them,
23	338	266	especially	NA
23	339	267	the	it.
23	340	268	unpopular	it.
23	341	269	wolf.	it.
23	342	269	wolf.	it.
23	343	270	“Natural	“They
23	344	270	“Natural	“They
23	345	270	“Natural	“They
23	346	271	predators	“They
23	347	272	balance	NA
23	348	273	the	NA
23	349	274	ecosystem.	NA
23	350	274	ecosystem.	NA
23	351	275	They	NA
23	352	276	reduce	NA
23	353	277	the	NA
23	354	278	number	NA
23	355	279	of	NA
23	356	280	herbivores,	NA
23	357	280	herbivores,	NA
23	358	280	herbivores,	NA
23	359	280	herbivores,	NA
23	360	281	which	NA
23	361	282	allows	NA
23	362	283	trees	NA
23	363	284	to	NA
23	364	285	grow	NA
23	365	286	tall	NA
23	366	287	for	NA
23	367	288	birds	NA
23	368	289	to	NA
23	369	290	nest	NA
23	370	291	in.”	NA
23	371	291	in.”	NA
23	372	291	in.”	NA
23	373	291	in.”	NA
23	374	292	The	NA
23	375	293	ban	NA
23	376	294	on	NA
23	377	295	wolf	NA
23	378	296	hunting	NA
23	379	297	in	NA
23	380	298	the	NA
23	381	299	western	NA
23	382	300	Carpathian	NA
23	383	300	Carpathian	NA
23	384	300	Carpathian	NA
23	385	301	mountains	NA
23	386	302	became	NA
23	387	303	law	NA
23	388	304	in	NA
23	389	305	1995	NA
23	390	306	and	NA
23	391	307	in	NA
23	392	308	the	NA
23	393	309	whole	NA
23	394	310	of	NA
23	395	311	Poland	NA
23	396	312	in	NA
23	397	313	1998.	NA
23	398	313	1998.	NA
23	399	314	There	NA
23	400	315	are	NA
23	401	316	now	NA
23	402	317	wolf	its
23	403	318	packs	NA
23	404	319	in	NA
23	405	320	nearly	NA
23	406	321	all	NA
23	407	322	the	its
23	408	323	country's	its
23	409	323	country's	its
23	410	324	major	NA
23	411	325	forests	NA
23	412	326	where	NA
23	413	327	the	they
23	414	328	wolves	they
23	415	329	exist	NA
23	416	330	together	NA
23	417	331	with	NA
23	418	332	humans.	them.
23	419	332	humans.	them.
23	420	333	The	It
23	421	334	Polish	It
23	422	335	government	It
23	423	336	pays	NA
23	424	337	compensation	NA
23	425	338	to	NA
23	426	339	farmers	them
23	427	340	when	NA
23	428	341	a	NA
23	429	342	wolf	NA
23	430	343	kills	NA
23	431	344	their	NA
23	432	345	farm	NA
23	433	346	animals.	NA
23	434	346	animals.	NA
23	435	347	Myslajek	He
23	436	347	Myslajek	He
23	437	347	Myslajek	He
23	438	347	Myslajek	He
23	439	347	Myslajek	He
23	440	348	tells	NA
23	441	349	farmers	them
23	442	350	to	NA
23	443	351	put	NA
23	444	352	up	NA
23	445	353	electric	NA
23	446	354	fences.	NA
23	447	354	fences.	NA
23	448	355	He	NA
23	449	356	also	NA
23	450	357	tells	NA
23	451	358	them	NA
23	452	359	to	NA
23	453	360	use	NA
23	454	361	two	NA
23	455	362	things	NA
23	456	363	that	NA
23	457	364	wolves	NA
23	458	365	find	NA
23	459	366	scary:	NA
23	460	366	scary:	NA
23	461	367	strings	NA
23	462	368	of	NA
23	463	369	small	NA
23	464	370	red	NA
23	465	371	flags	NA
23	466	372	(to	NA
23	467	372	(to	NA
23	468	373	keep	NA
23	469	374	wolves	they
23	470	375	away	NA
23	471	376	from	NA
23	472	377	sheep)	NA
23	473	377	sheep)	NA
23	474	378	and	NA
23	475	379	the	NA
23	476	380	Tatra	NA
23	477	380	Tatra	NA
23	478	381	Mountain	NA
23	479	382	Sheepdog.	NA
23	480	382	Sheepdog.	NA
23	481	382	Sheepdog.	NA
23	482	383	Poland	It
23	483	384	didn't	It
23	484	384	didn't	It
23	485	385	have	It
23	486	386	many	It
23	487	387	big	It
23	488	388	roads	It
23	489	389	until	It
23	490	390	recently	It
23	491	391	and	NA
23	492	392	this	NA
23	493	393	has	NA
23	494	394	helped	NA
23	495	395	wolves.	them.
23	496	395	wolves.	them.
23	497	396	In	NA
23	498	397	1989,	NA
23	499	397	1989,	NA
23	500	398	when	NA
23	501	399	the	NA
23	502	400	communists	NA
23	503	401	left	NA
23	504	402	power,	NA
23	505	402	power,	NA
23	506	403	Poland	it
23	507	404	had	NA
23	508	405	only	NA
23	509	406	one	NA
23	510	407	motorway.	NA
23	511	407	motorway.	NA
23	512	407	motorway.	NA
23	513	408	Major	NA
23	514	409	road	NA
23	515	410	projects	NA
23	516	411	began	NA
23	517	412	after	NA
23	518	413	Poland	it
23	519	414	joined	NA
23	520	415	the	NA
23	521	416	European	NA
23	522	417	Union	NA
23	523	418	in	NA
23	524	419	2004	NA
23	525	420	and	NA
23	526	421	they	NA
23	527	422	now	NA
23	528	423	have	NA
23	529	424	to	NA
23	530	425	consider	NA
23	531	426	wild	NA
23	532	427	animals.	NA
23	533	427	animals.	NA
23	534	428	The	NA
23	535	429	way	NA
23	536	430	people	NA
23	537	431	think	NA
23	538	432	about	NA
23	539	433	wolves	them
23	540	434	has	NA
23	541	435	also	NA
23	542	436	changed.	NA
23	543	436	changed.	NA
23	544	437	“For	NA
23	545	437	“For	NA
23	546	437	“For	NA
23	547	438	many	NA
23	548	439	years,	NA
23	549	439	years,	NA
23	550	440	hunting	NA
23	551	441	was	NA
23	552	442	a	NA
23	553	443	part	NA
23	554	444	of	NA
23	555	445	the	NA
23	556	446	culture	NA
23	557	447	in	NA
23	558	448	Poland.	it.
23	559	448	Poland.	it.
23	560	449	In	NA
23	561	450	1975,	NA
23	562	450	1975,	NA
23	563	451	there	NA
23	564	452	were	NA
23	565	453	fewer	NA
23	566	454	than	NA
23	567	455	100	NA
23	568	456	wolves	NA
23	569	457	in	NA
23	570	458	Poland.”	it.”
23	571	458	Poland.”	it.”
23	572	458	Poland.”	it.”
23	573	458	Poland.”	it.”
23	574	459	Myslajek	he
23	575	459	Myslajek	he
23	576	459	Myslajek	he
23	577	459	Myslajek	he
23	578	459	Myslajek	he
23	579	460	says	NA
23	580	461	that	NA
23	581	462	Polish	they
23	582	463	wolves	they
23	583	464	are	NA
23	584	465	much	NA
23	585	466	safer	NA
23	586	467	now	NA
23	587	468	but	NA
23	588	469	they	NA
23	589	470	are	NA
23	590	471	not	NA
23	591	472	completely	NA
23	592	473	safe.	NA
23	593	473	safe.	NA
23	594	474	Packs	NA
23	595	475	go	NA
23	596	476	into	NA
23	597	477	neighboring	NA
23	598	478	countries	NA
23	599	479	–	NA
23	600	480	Russia,	NA
23	601	480	Russia,	NA
23	602	481	Lithuania	NA
23	603	482	and	NA
23	604	483	Belarus	NA
23	605	484	–	NA
23	606	485	where	NA
23	607	486	there	NA
23	608	487	is	NA
23	609	488	still	NA
23	610	489	hunting.	NA
23	611	489	hunting.	NA
23	612	490	He	NA
23	613	491	says	NA
23	614	492	Poland's	it
23	615	492	Poland's	it
23	616	493	new	it
23	617	494	government	it
23	618	495	doesn't	NA
23	619	495	doesn't	NA
23	620	496	like	NA
23	621	497	wolves.	them.
23	622	497	wolves.	them.
23	623	498	“The	“He,
23	624	498	“The	“He,
23	625	498	“The	“He,
23	626	499	Environment	“He,
23	627	500	Minister,	“He,
23	628	500	Minister,	“He,
23	629	501	Jan	he,
23	630	502	Szyszko,	he,
23	631	502	Szyszko,	he,
23	632	502	Szyszko,	he,
23	633	502	Szyszko,	he,
23	634	502	Szyszko,	he,
23	635	503	is	NA
23	636	504	a	he.
23	637	505	hunter.	he.
23	638	505	hunter.	he.
23	639	506	There	NA
23	640	507	are	NA
23	641	508	120,000	they
23	642	508	120,000	they
23	643	508	120,000	they
23	644	509	hunters	they
23	645	510	in	NA
23	646	511	Poland	it
23	647	512	and	NA
23	648	513	they	NA
23	649	514	have	NA
23	650	515	a	NA
23	651	516	lot	NA
23	652	517	of	NA
23	653	518	influence.	NA
23	654	518	influence.	NA
23	655	519	It's	NA
23	656	519	It's	NA
23	657	520	not	NA
23	658	521	easy	NA
23	659	522	to	NA
23	660	523	defend	NA
23	661	524	wolves.	them.
23	662	524	wolves.	them.
23	663	525	You	NA
23	664	526	can't	NA
23	665	526	can't	NA
23	666	527	say	NA
23	667	528	to	NA
23	668	529	the	NA
23	669	530	politicians	NA
23	670	531	that	NA
23	671	532	wolves	they
23	672	533	are	NA
23	673	534	a	NA
23	674	535	big	NA
23	675	536	tourist	NA
23	676	537	attraction.	NA
23	677	537	attraction.	NA
23	678	538	Most	NA
23	679	539	tourists	NA
23	680	540	want	NA
23	681	541	to	NA
23	682	542	see	NA
23	683	543	the	them
23	684	544	animals	them
23	685	545	but	NA
23	686	546	wolves	they
23	687	547	stay	NA
23	688	548	away	NA
23	689	549	from	NA
23	690	550	humans.	them.
23	691	550	humans.	them.
23	692	551	They	NA
23	693	552	have	NA
23	694	553	a	NA
23	695	554	very	NA
23	696	555	strong	NA
23	697	556	sense	NA
23	698	557	of	NA
23	699	558	smell.”	NA
23	700	558	smell.”	NA
23	701	558	smell.”	NA
23	702	558	smell.”	NA
24	0	0	Swedish	They
24	1	0	Swedish	They
24	2	0	Swedish	They
24	3	1	prisons	They
24	4	2	have	NA
24	5	3	long	NA
24	6	4	had	NA
24	7	5	a	NA
24	8	6	reputation	NA
24	9	7	around	NA
24	10	8	the	NA
24	11	9	world	NA
24	12	10	for	NA
24	13	11	being	NA
24	14	12	progressive.	NA
24	15	12	progressive.	NA
24	16	13	But	NA
24	17	14	are	NA
24	18	15	the	they
24	19	16	country's	they
24	20	16	country's	they
24	21	17	prisons	they
24	22	18	a	NA
24	23	19	soft	NA
24	24	20	option?	NA
24	25	20	option?	NA
24	26	21	The	he,
24	27	22	head	he,
24	28	23	of	he,
24	29	24	Sweden's	he,
24	30	24	Sweden's	he,
24	31	25	prison	he,
24	32	26	and	he,
24	33	27	probation	he,
24	34	28	service,	he,
24	35	28	service,	he,
24	36	29	Nils	he,
24	37	29	Nils	he,
24	38	30	Oberg,	he,
24	39	30	Oberg,	he,
24	40	30	Oberg,	he,
24	41	31	announced	NA
24	42	32	in	NA
24	43	33	November	NA
24	44	34	2013	it
24	45	35	that	NA
24	46	36	four	NA
24	47	37	Swedish	NA
24	48	38	prisons	NA
24	49	39	are	NA
24	50	40	to	NA
24	51	41	be	NA
24	52	42	closed	NA
24	53	43	due	NA
24	54	44	to	NA
24	55	45	an	it.
24	56	46	“out	it.
24	57	46	“out	it.
24	58	46	“out	it.
24	59	47	of	it.
24	60	48	the	it.
24	61	49	ordinary”	it.
24	62	49	ordinary”	it.
24	63	49	ordinary”	it.
24	64	50	decline	it.
24	65	51	in	it.
24	66	52	prisoner	it.
24	67	53	numbers.	it.
24	68	53	numbers.	it.
24	69	54	Although	NA
24	70	55	there	NA
24	71	56	has	NA
24	72	57	been	NA
24	73	58	no	NA
24	74	59	fall	NA
24	75	60	in	NA
24	76	61	crime	its
24	77	62	rates,	NA
24	78	62	rates,	NA
24	79	63	between	NA
24	80	64	2011	NA
24	81	65	and	NA
24	82	66	2012	NA
24	83	67	there	NA
24	84	68	was	NA
24	85	69	a	it,
24	86	70	6%	it,
24	87	70	6%	it,
24	88	71	drop	it,
24	89	72	in	it,
24	90	73	Sweden's	it,
24	91	73	Sweden's	it,
24	92	74	prisoner	it,
24	93	75	population,	it,
24	94	75	population,	it,
24	95	76	now	NA
24	96	77	a	NA
24	97	78	little	NA
24	98	79	over	NA
24	99	80	4,500.	NA
24	100	80	4,500.	NA
24	101	80	4,500.	NA
24	102	80	4,500.	NA
24	103	81	A	It
24	104	82	similar	It
24	105	83	decrease	It
24	106	84	is	NA
24	107	85	expected	NA
24	108	86	in	NA
24	109	87	2013	it
24	110	88	and	NA
24	111	89	2014.	NA
24	112	89	2014.	NA
24	113	90	Oberg	He
24	114	90	Oberg	He
24	115	91	admitted	NA
24	116	92	to	NA
24	117	93	being	NA
24	118	94	puzzled	NA
24	119	95	by	NA
24	120	96	the	it,
24	121	97	unexpected	it,
24	122	98	dip,	it,
24	123	98	dip,	it,
24	124	99	but	NA
24	125	100	expressed	NA
24	126	101	optimism	NA
24	127	102	that	NA
24	128	103	the	NA
24	129	104	reason	NA
24	130	105	was	NA
24	131	106	to	NA
24	132	107	do	NA
24	133	108	with	NA
24	134	109	how	NA
24	135	110	his	his
24	136	111	prisons	his
24	137	112	are	NA
24	138	113	run.	NA
24	139	113	run.	NA
24	140	114	“We	NA
24	141	114	“We	NA
24	142	114	“We	NA
24	143	115	certainly	NA
24	144	116	hope	NA
24	145	117	that	NA
24	146	118	the	NA
24	147	119	efforts	NA
24	148	120	we	NA
24	149	121	invest	NA
24	150	122	in	NA
24	151	123	rehabilitation	NA
24	152	124	and	NA
24	153	125	preventing	NA
24	154	126	relapse	NA
24	155	127	of	NA
24	156	128	crime	it
24	157	129	has	NA
24	158	130	had	NA
24	159	131	an	NA
24	160	132	impact,”	NA
24	161	132	impact,”	NA
24	162	132	impact,”	NA
24	163	132	impact,”	NA
24	164	133	he	NA
24	165	134	said.	NA
24	166	134	said.	NA
24	167	135	“The	“It
24	168	135	“The	“It
24	169	135	“The	“It
24	170	136	modern	“It
24	171	137	prison	“It
24	172	138	service	“It
24	173	139	in	“It
24	174	140	Sweden	“It
24	175	141	is	NA
24	176	142	very	NA
24	177	143	different	NA
24	178	144	from	NA
24	179	145	when	NA
24	180	146	I	NA
24	181	147	joined	NA
24	182	148	as	NA
24	183	149	a	it
24	184	150	young	it
24	185	151	prison	it
24	186	152	officer	it
24	187	153	in	NA
24	188	154	1978,”	NA
24	189	154	1978,”	NA
24	190	154	1978,”	NA
24	191	154	1978,”	NA
24	192	155	says	NA
24	193	156	Kenneth	he,
24	194	157	Gustafsson,	he,
24	195	157	Gustafsson,	he,
24	196	157	Gustafsson,	he,
24	197	157	Gustafsson,	he,
24	198	158	governor	he,
24	199	159	of	he,
24	200	160	Kumla	he,
24	201	160	Kumla	he,
24	202	161	Prison,	he,
24	203	161	Prison,	he,
24	204	162	Sweden's	it.
24	205	162	Sweden's	it.
24	206	163	most	it.
24	207	164	secure	it.
24	208	165	jail.	it.
24	209	165	jail.	it.
24	210	166	However,	NA
24	211	166	However,	NA
24	212	167	he	NA
24	213	168	doesn't	NA
24	214	168	doesn't	NA
24	215	169	think	NA
24	216	170	the	it
24	217	171	system	it
24	218	172	has	NA
24	219	173	gone	NA
24	220	174	soft.	NA
24	221	174	soft.	NA
24	222	175	“When	NA
24	223	175	“When	NA
24	224	175	“When	NA
24	225	176	I	NA
24	226	177	joined,	NA
24	227	177	joined,	NA
24	228	178	the	NA
24	229	179	focus	NA
24	230	180	was	NA
24	231	181	very	NA
24	232	182	much	NA
24	233	183	on	NA
24	234	184	humanity	NA
24	235	185	in	NA
24	236	186	prisons.	them.
24	237	186	prisons.	them.
24	238	187	Prisoners	NA
24	239	187	Prisoners	NA
24	240	188	were	NA
24	241	189	treated	NA
24	242	190	well	NA
24	243	191	–	NA
24	244	192	maybe	NA
24	245	193	too	NA
24	246	194	well,	NA
24	247	194	well,	NA
24	248	195	some	NA
24	249	196	might	NA
24	250	197	say.	NA
24	251	197	say.	NA
24	252	198	But,	NA
24	253	198	But,	NA
24	254	199	after	NA
24	255	200	a	NA
24	256	201	number	NA
24	257	202	of	NA
24	258	203	high-profile	NA
24	259	203	high-profile	NA
24	260	203	high-profile	NA
24	261	204	escapes	NA
24	262	205	in	NA
24	263	206	2004,	NA
24	264	206	2004,	NA
24	265	207	we	NA
24	266	208	had	NA
24	267	209	to	NA
24	268	210	implement	NA
24	269	211	changes	NA
24	270	212	to	NA
24	271	213	make	NA
24	272	214	prisons	them
24	273	215	more	NA
24	274	216	secure.”	NA
24	275	216	secure.”	NA
24	276	216	secure.”	NA
24	277	216	secure.”	NA
24	278	217	The	NA
24	279	218	Swedes	NA
24	280	218	Swedes	NA
24	281	219	still	NA
24	282	220	managed	NA
24	283	221	to	NA
24	284	222	maintain	NA
24	285	223	a	NA
24	286	224	broadly	NA
24	287	225	humane	NA
24	288	226	approach	NA
24	289	227	to	NA
24	290	228	sentencing,	NA
24	291	228	sentencing,	NA
24	292	229	even	NA
24	293	230	of	NA
24	294	231	the	NA
24	295	232	most	NA
24	296	233	serious	NA
24	297	234	offenders:	NA
24	298	234	offenders:	NA
24	299	235	jail	NA
24	300	236	terms	NA
24	301	237	rarely	NA
24	302	238	exceed	NA
24	303	239	ten	NA
24	304	240	years.	NA
24	305	240	years.	NA
24	306	241	Sweden	It
24	307	242	was	NA
24	308	243	the	it
24	309	244	first	it
24	310	245	country	it
24	311	246	in	it
24	312	247	Europe	it
24	313	248	to	it
24	314	249	introduce	it
24	315	250	the	it
24	316	251	electronic	it
24	317	252	tagging	it
24	318	253	of	it
24	319	254	convicted	it
24	320	255	criminals	it
24	321	256	and	NA
24	322	257	continues	NA
24	323	258	to	NA
24	324	259	strive	NA
24	325	260	to	NA
24	326	261	minimize	NA
24	327	262	short-term	NA
24	328	262	short-term	NA
24	329	262	short-term	NA
24	330	263	prison	NA
24	331	264	sentences	NA
24	332	265	wherever	NA
24	333	266	possible	NA
24	334	267	by	NA
24	335	268	using	NA
24	336	269	community-based	NA
24	337	269	community-based	NA
24	338	269	community-based	NA
24	339	270	punishments,	NA
24	340	270	punishments,	NA
24	341	271	which	NA
24	342	272	have	NA
24	343	273	been	NA
24	344	274	proven	NA
24	345	275	to	NA
24	346	276	be	NA
24	347	277	more	NA
24	348	278	effective	NA
24	349	279	at	NA
24	350	280	reducing	NA
24	351	281	reoffending.	it.
24	352	281	reoffending.	it.
24	353	281	reoffending.	it.
24	354	281	reoffending.	it.
24	355	282	The	It
24	356	283	overall	It
24	357	284	reoffending	It
24	358	284	reoffending	It
24	359	284	reoffending	It
24	360	285	rate	It
24	361	286	in	It
24	362	287	Sweden	It
24	363	288	stands	NA
24	364	289	at	NA
24	365	290	between	NA
24	366	291	30	NA
24	367	292	and	NA
24	368	293	40%	NA
24	369	293	40%	NA
24	370	294	over	NA
24	371	295	three	NA
24	372	296	years	NA
24	373	297	–	NA
24	374	298	to	NA
24	375	299	compare	NA
24	376	300	that	NA
24	377	301	with	NA
24	378	302	another	NA
24	379	303	European	NA
24	380	304	country,	NA
24	381	304	country,	NA
24	382	305	the	it
24	383	306	number	it
24	384	307	is	NA
24	385	308	around	NA
24	386	309	half	NA
24	387	310	that	it
24	388	311	of	NA
24	389	312	the	it.
24	390	313	UK.	it.
24	391	313	UK.	it.
24	392	314	One	NA
24	393	315	likely	NA
24	394	316	reason	NA
24	395	317	for	NA
24	396	318	the	it
24	397	319	relatively	it
24	398	320	low	it
24	399	321	reoffending	it
24	400	321	reoffending	it
24	401	321	reoffending	it
24	402	322	rate	it
24	403	323	and	NA
24	404	324	the	NA
24	405	325	low	NA
24	406	326	rate	NA
24	407	327	of	NA
24	408	328	incarceration	NA
24	409	329	in	NA
24	410	330	Sweden	it
24	411	331	(below	NA
24	412	331	(below	NA
24	413	332	70	NA
24	414	333	per	NA
24	415	334	100,000	NA
24	416	334	100,000	NA
24	417	334	100,000	NA
24	418	335	head	NA
24	419	336	of	NA
24	420	337	population)	NA
24	421	337	population)	NA
24	422	338	is	NA
24	423	339	that	NA
24	424	340	the	NA
24	425	341	age	NA
24	426	342	of	NA
24	427	343	criminal	NA
24	428	344	responsibility	NA
24	429	345	is	NA
24	430	346	set	NA
24	431	347	at	NA
24	432	348	15.	NA
24	433	348	15.	NA
24	434	349	In	NA
24	435	350	the	it,
24	436	351	UK,	it,
24	437	351	UK,	it,
24	438	352	for	NA
24	439	353	example,	NA
24	440	353	example,	NA
24	441	354	children	they
24	442	355	aged	they
24	443	356	ten	they
24	444	357	to	they
24	445	358	17	they
24	446	359	and	NA
24	447	360	young	NA
24	448	361	people	NA
24	449	362	under	NA
24	450	363	the	NA
24	451	364	age	NA
24	452	365	of	NA
24	453	366	21	NA
24	454	367	record	NA
24	455	368	the	NA
24	456	369	highest	NA
24	457	370	reoffending	NA
24	458	370	reoffending	NA
24	459	370	reoffending	NA
24	460	371	rates:	NA
24	461	371	rates:	NA
24	462	372	almost	NA
24	463	373	three	NA
24	464	374	quarters	NA
24	465	375	and	NA
24	466	376	two	NA
24	467	377	thirds,	NA
24	468	377	thirds,	NA
24	469	378	respectively.	NA
24	470	378	respectively.	NA
24	471	379	A	NA
24	472	380	good	NA
24	473	381	proportion	NA
24	474	382	of	NA
24	475	383	these	them
24	476	384	offenders	them
24	477	385	go	NA
24	478	386	on	NA
24	479	387	to	NA
24	480	388	populate	NA
24	481	389	adult	NA
24	482	390	jails.	NA
24	483	390	jails.	NA
24	484	391	In	NA
24	485	392	Sweden,	it,
24	486	392	Sweden,	it,
24	487	393	no	it
24	488	394	young	it
24	489	395	person	it
24	490	396	under	it
24	491	397	the	it
24	492	398	age	it
24	493	399	of	it
24	494	400	21	it
24	495	401	can	it
24	496	402	be	it
24	497	403	sentenced	it
24	498	404	to	it
24	499	405	life	it
24	500	406	–	NA
24	501	407	this	NA
24	502	408	is	NA
24	503	409	not	NA
24	504	410	the	NA
24	505	411	case	NA
24	506	412	in	NA
24	507	413	many	NA
24	508	414	other	NA
24	509	415	countries	NA
24	510	416	–	NA
24	511	417	and	NA
24	512	418	every	NA
24	513	419	effort	NA
24	514	420	is	NA
24	515	421	made	NA
24	516	422	to	NA
24	517	423	ensure	NA
24	518	424	that	NA
24	519	425	as	NA
24	520	426	few	NA
24	521	427	juvenile	NA
24	522	428	offenders	NA
24	523	429	as	NA
24	524	430	possible	NA
24	525	431	end	NA
24	526	432	up	NA
24	527	433	in	NA
24	528	434	prison.	NA
24	529	434	prison.	NA
24	530	435	One	NA
24	531	436	strong	NA
24	532	437	reason	NA
24	533	438	for	NA
24	534	439	the	it
24	535	440	drop	it
24	536	441	in	it
24	537	442	prison	it
24	538	443	numbers	it
24	539	444	might	NA
24	540	445	be	NA
24	541	446	the	NA
24	542	447	amount	NA
24	543	448	of	NA
24	544	449	post-prison	NA
24	545	449	post-prison	NA
24	546	449	post-prison	NA
24	547	450	support	NA
24	548	451	available	NA
24	549	452	in	NA
24	550	453	Sweden.	it.
24	551	453	Sweden.	it.
24	552	454	A	It
24	553	455	confident	It
24	554	456	probation	It
24	555	457	service	It
24	556	458	–	NA
24	557	459	a	it
24	558	460	government	it
24	559	461	agency	it
24	560	462	–	NA
24	561	463	is	NA
24	562	464	tasked	NA
24	563	465	not	NA
24	564	466	only	NA
24	565	467	with	NA
24	566	468	supervising	NA
24	567	468	supervising	NA
24	568	469	those	NA
24	569	470	on	NA
24	570	471	probation	NA
24	571	472	but	NA
24	572	473	is	NA
24	573	474	also	NA
24	574	475	guaranteed	NA
24	575	476	to	NA
24	576	477	provide	NA
24	577	478	treatment	NA
24	578	479	programs	NA
24	579	480	for	NA
24	580	481	offenders	NA
24	581	482	with	NA
24	582	483	drug,	NA
24	583	483	drug,	NA
24	584	484	alcohol	NA
24	585	485	or	NA
24	586	486	violence	NA
24	587	487	issues.	NA
24	588	487	issues.	NA
24	589	488	The	It
24	590	489	service	It
24	591	490	is	NA
24	592	491	assisted	NA
24	593	492	by	NA
24	594	493	around	they
24	595	494	4,500	they
24	596	494	4,500	they
24	597	494	4,500	they
24	598	495	lay	they
24	599	496	supervisors	they
24	600	497	–	NA
24	601	498	members	they.
24	602	499	of	they.
24	603	500	the	they.
24	604	501	public	they.
24	605	502	who	they.
24	606	503	volunteer	they.
24	607	504	to	they.
24	608	505	befriend	they.
24	609	506	and	they.
24	610	507	support	they.
24	611	508	offenders	they.
24	612	509	under	they.
24	613	510	supervision.	they.
24	614	510	supervision.	they.
24	615	511	“In	NA
24	616	511	“In	NA
24	617	511	“In	NA
24	618	512	Sweden,	it,
24	619	512	Sweden,	it,
24	620	513	we	NA
24	621	514	believe	NA
24	622	515	very	NA
24	623	516	much	NA
24	624	517	in	NA
24	625	518	the	NA
24	626	519	concept	NA
24	627	520	of	NA
24	628	521	rehabilitation,	NA
24	629	521	rehabilitation,	NA
24	630	522	without	NA
24	631	523	being	NA
24	632	524	naive	NA
24	633	525	of	NA
24	634	526	course,”	NA
24	635	526	course,”	NA
24	636	526	course,”	NA
24	637	526	course,”	NA
24	638	527	says	NA
24	639	528	Gustafsson.	he.
24	640	528	Gustafsson.	he.
24	641	528	Gustafsson.	he.
24	642	528	Gustafsson.	he.
24	643	529	“There	NA
24	644	529	“There	NA
24	645	529	“There	NA
24	646	530	are	NA
24	647	531	some	NA
24	648	532	people	NA
24	649	533	who	NA
24	650	534	will	NA
24	651	535	not	NA
24	652	536	or	NA
24	653	537	cannot	NA
24	654	538	change.	NA
24	655	538	change.	NA
24	656	539	But,	NA
24	657	539	But,	NA
24	658	540	in	NA
24	659	541	my	NA
24	660	542	experience,	NA
24	661	542	experience,	NA
24	662	543	the	they,
24	663	544	majority	they,
24	664	545	of	they,
24	665	546	prisoners	they,
24	666	547	want	they,
24	667	548	to	they,
24	668	549	change,	they,
24	669	549	change,	they,
24	670	550	and	NA
24	671	551	we	NA
24	672	552	must	NA
24	673	553	do	NA
24	674	554	what	NA
24	675	555	we	NA
24	676	556	can	NA
24	677	557	to	NA
24	678	558	help	NA
24	679	559	to	NA
24	680	560	facilitate	NA
24	681	561	that.	NA
24	682	561	that.	NA
24	683	562	It	NA
24	684	563	is	NA
24	685	564	not	NA
24	686	565	always	NA
24	687	566	possible	NA
24	688	567	to	NA
24	689	568	achieve	NA
24	690	569	this	NA
24	691	570	in	NA
24	692	571	one	NA
24	693	572	prison	NA
24	694	573	sentence.”	NA
24	695	573	sentence.”	NA
24	696	573	sentence.”	NA
24	697	573	sentence.”	NA
25	0	0	Swedish	They
25	1	0	Swedish	They
25	2	0	Swedish	They
25	3	1	prisons	They
25	4	2	have	NA
25	5	3	a	NA
25	6	4	reputation	NA
25	7	5	around	NA
25	8	6	the	NA
25	9	7	world	NA
25	10	8	for	NA
25	11	9	being	NA
25	12	10	liberal	NA
25	13	11	and	NA
25	14	12	modern.	NA
25	15	12	modern.	NA
25	16	13	But	NA
25	17	14	are	NA
25	18	15	the	they
25	19	16	country's	they
25	20	16	country's	they
25	21	17	prisons	they
25	22	18	too	NA
25	23	19	soft?	NA
25	24	19	soft?	NA
25	25	20	The	he,
25	26	21	head	he,
25	27	22	of	he,
25	28	23	Sweden's	he,
25	29	23	Sweden's	he,
25	30	24	prison	he,
25	31	25	and	he,
25	32	26	probation	he,
25	33	27	service,	he,
25	34	27	service,	he,
25	35	28	Nils	he,
25	36	28	Nils	he,
25	37	29	Oberg,	he,
25	38	29	Oberg,	he,
25	39	29	Oberg,	he,
25	40	30	said	NA
25	41	31	in	NA
25	42	32	November	NA
25	43	33	2013	NA
25	44	34	that	NA
25	45	35	four	NA
25	46	36	Swedish	NA
25	47	37	prisons	NA
25	48	38	will	NA
25	49	39	close	NA
25	50	40	because	NA
25	51	41	of	NA
25	52	42	an	it.
25	53	43	“out	it.
25	54	43	“out	it.
25	55	43	“out	it.
25	56	44	of	it.
25	57	45	the	it.
25	58	46	ordinary”	it.
25	59	46	ordinary”	it.
25	60	46	ordinary”	it.
25	61	47	drop	it.
25	62	48	in	it.
25	63	49	the	it.
25	64	50	number	it.
25	65	51	of	it.
25	66	52	prisoners.	it.
25	67	52	prisoners.	it.
25	68	53	There	NA
25	69	54	has	NA
25	70	55	been	NA
25	71	56	no	NA
25	72	57	fall	NA
25	73	58	in	NA
25	74	59	crime	NA
25	75	60	rates,	NA
25	76	60	rates,	NA
25	77	61	but,	NA
25	78	61	but,	NA
25	79	62	between	NA
25	80	63	2011	NA
25	81	64	and	NA
25	82	65	2012,	NA
25	83	65	2012,	NA
25	84	66	there	NA
25	85	67	was	NA
25	86	68	a	it,
25	87	69	6%	it,
25	88	69	6%	it,
25	89	70	drop	it,
25	90	71	in	it,
25	91	72	the	it,
25	92	73	number	it,
25	93	74	of	it,
25	94	75	people	it,
25	95	76	in	it,
25	96	77	Sweden's	it,
25	97	77	Sweden's	it,
25	98	78	prisons,	it,
25	99	78	prisons,	it,
25	100	79	now	NA
25	101	80	a	NA
25	102	81	little	NA
25	103	82	over	NA
25	104	83	4,500.	NA
25	105	83	4,500.	NA
25	106	83	4,500.	NA
25	107	83	4,500.	NA
25	108	84	Oberg	He
25	109	84	Oberg	He
25	110	85	said	NA
25	111	86	he	NA
25	112	87	was	NA
25	113	88	confused	NA
25	114	89	by	NA
25	115	90	the	it,
25	116	91	drop	it,
25	117	92	in	it,
25	118	93	numbers,	it,
25	119	93	numbers,	it,
25	120	94	but	NA
25	121	95	hoped	NA
25	122	96	that	NA
25	123	97	the	NA
25	124	98	reason	NA
25	125	99	was	NA
25	126	100	to	NA
25	127	101	do	NA
25	128	102	with	NA
25	129	103	how	NA
25	130	104	his	they
25	131	105	prisons	they
25	132	106	are	NA
25	133	107	managed.	NA
25	134	107	managed.	NA
25	135	108	“We	NA
25	136	108	“We	NA
25	137	108	“We	NA
25	138	109	certainly	NA
25	139	110	hope	NA
25	140	111	that	NA
25	141	112	the	NA
25	142	113	efforts	NA
25	143	114	we	NA
25	144	115	put	NA
25	145	116	into	NA
25	146	117	rehabilitation	NA
25	147	118	and	NA
25	148	119	into	NA
25	149	120	stopping	NA
25	150	121	criminals	them
25	151	122	from	NA
25	152	123	reoffending	NA
25	153	123	reoffending	NA
25	154	123	reoffending	NA
25	155	124	has	NA
25	156	125	made	NA
25	157	126	a	NA
25	158	127	difference,”	NA
25	159	127	difference,”	NA
25	160	127	difference,”	NA
25	161	127	difference,”	NA
25	162	128	he	NA
25	163	129	said.	NA
25	164	129	said.	NA
25	165	130	“The	NA
25	166	130	“The	NA
25	167	130	“The	NA
25	168	131	modern	NA
25	169	132	prison	NA
25	170	133	service	NA
25	171	134	in	NA
25	172	135	Sweden	it
25	173	136	is	NA
25	174	137	very	NA
25	175	138	different	NA
25	176	139	from	NA
25	177	140	when	NA
25	178	141	I	NA
25	179	142	joined	NA
25	180	143	as	NA
25	181	144	a	it
25	182	145	young	it
25	183	146	prison	it
25	184	147	officer	it
25	185	148	in	NA
25	186	149	1978,”	NA
25	187	149	1978,”	NA
25	188	149	1978,”	NA
25	189	149	1978,”	NA
25	190	150	says	NA
25	191	151	Kenneth	he,
25	192	152	Gustafsson,	he,
25	193	152	Gustafsson,	he,
25	194	152	Gustafsson,	he,
25	195	152	Gustafsson,	he,
25	196	153	governor	he.
25	197	154	of	he.
25	198	155	Kumla	he.
25	199	155	Kumla	he.
25	200	156	Prison,	he.
25	201	156	Prison,	he.
25	202	157	Sweden's	he.
25	203	157	Sweden's	he.
25	204	158	most	he.
25	205	159	secure	he.
25	206	160	jail.	he.
25	207	160	jail.	he.
25	208	161	“When	NA
25	209	161	“When	NA
25	210	161	“When	NA
25	211	162	I	NA
25	212	163	joined,	NA
25	213	163	joined,	NA
25	214	164	prisoners	NA
25	215	165	were	NA
25	216	166	treated	NA
25	217	167	well	NA
25	218	168	–	NA
25	219	169	maybe	NA
25	220	170	too	NA
25	221	171	well.	NA
25	222	171	well.	NA
25	223	172	But,	NA
25	224	172	But,	NA
25	225	173	after	NA
25	226	174	high	NA
25	227	175	profile	NA
25	228	176	escapes	NA
25	229	177	in	NA
25	230	178	2004,	NA
25	231	178	2004,	NA
25	232	179	we	NA
25	233	180	had	NA
25	234	181	to	NA
25	235	182	make	NA
25	236	183	the	them
25	237	184	prisons	them
25	238	185	more	NA
25	239	186	secure.”	NA
25	240	186	secure.”	NA
25	241	186	secure.”	NA
25	242	186	secure.”	NA
25	243	187	In	NA
25	244	188	Sweden,	it,
25	245	188	Sweden,	it,
25	246	189	prison	they
25	247	190	sentences	they
25	248	191	are	NA
25	249	192	not	NA
25	250	193	usually	NA
25	251	194	for	NA
25	252	195	more	NA
25	253	196	than	NA
25	254	197	ten	NA
25	255	198	years.	NA
25	256	198	years.	NA
25	257	199	Sweden	It
25	258	200	was	NA
25	259	201	the	it
25	260	202	first	it
25	261	203	country	it
25	262	204	in	it
25	263	205	Europe	it
25	264	206	to	it
25	265	207	introduce	it
25	266	208	the	it
25	267	209	electronic	it
25	268	210	tagging	it
25	269	211	of	it
25	270	212	criminals	it
25	271	213	and	NA
25	272	214	it	NA
25	273	215	continues	NA
25	274	216	to	NA
25	275	217	keep	NA
25	276	218	prison	them
25	277	219	sentences	them
25	278	220	short	NA
25	279	221	when	NA
25	280	222	possible	NA
25	281	223	by	NA
25	282	224	using	NA
25	283	225	community-based	them.
25	284	225	community-based	them.
25	285	225	community-based	them.
25	286	226	punishments.	them.
25	287	226	punishments.	them.
25	288	227	These	NA
25	289	228	have	NA
25	290	229	stopped	NA
25	291	230	many	NA
25	292	231	criminals	NA
25	293	232	from	NA
25	294	233	reoffending.	NA
25	295	233	reoffending.	NA
25	296	233	reoffending.	NA
25	297	233	reoffending.	NA
25	298	234	The	It
25	299	235	reoffending	It
25	300	235	reoffending	It
25	301	235	reoffending	It
25	302	236	rate	It
25	303	237	in	It
25	304	238	Sweden	It
25	305	239	is	NA
25	306	240	between	NA
25	307	241	30	NA
25	308	242	and	NA
25	309	243	40%	NA
25	310	243	40%	NA
25	311	244	–	NA
25	312	245	to	NA
25	313	246	compare	NA
25	314	247	that	NA
25	315	248	with	NA
25	316	249	another	NA
25	317	250	European	NA
25	318	251	country,	NA
25	319	251	country,	NA
25	320	252	the	it
25	321	253	number	it
25	322	254	is	NA
25	323	255	around	NA
25	324	256	half	NA
25	325	257	that	it
25	326	258	of	NA
25	327	259	the	NA
25	328	260	UK.	NA
25	329	260	UK.	NA
25	330	261	One	NA
25	331	262	thing	NA
25	332	263	that	NA
25	333	264	has	NA
25	334	265	kept	NA
25	335	266	reoffending	NA
25	336	266	reoffending	NA
25	337	266	reoffending	NA
25	338	267	down	NA
25	339	268	and	NA
25	340	269	the	it
25	341	270	number	it
25	342	271	of	it
25	343	272	prisoners	it
25	344	273	in	it
25	345	274	Sweden	it
25	346	275	below	NA
25	347	276	70	NA
25	348	277	per	NA
25	349	278	100,000	NA
25	350	278	100,000	NA
25	351	278	100,000	NA
25	352	279	people	NA
25	353	280	is	NA
25	354	281	that	NA
25	355	282	anyone	they
25	356	283	under	they
25	357	284	15	they
25	358	285	cannot	NA
25	359	286	be	NA
25	360	287	responsible	NA
25	361	288	for	NA
25	362	289	their	NA
25	363	290	crime.	NA
25	364	290	crime.	NA
25	365	291	Also,	NA
25	366	291	Also,	NA
25	367	292	in	NA
25	368	293	Sweden,	it,
25	369	293	Sweden,	it,
25	370	294	no	it
25	371	295	young	it
25	372	296	person	it
25	373	297	under	it
25	374	298	the	it
25	375	299	age	it
25	376	300	of	it
25	377	301	21	it
25	378	302	can	it
25	379	303	be	it
25	380	304	sentenced	it
25	381	305	to	it
25	382	306	life	it
25	383	307	–	NA
25	384	308	this	NA
25	385	309	is	NA
25	386	310	not	NA
25	387	311	the	NA
25	388	312	same	NA
25	389	313	in	NA
25	390	314	many	NA
25	391	315	other	NA
25	392	316	countries	NA
25	393	317	–	NA
25	394	318	and	NA
25	395	319	they	NA
25	396	320	try	NA
25	397	321	to	NA
25	398	322	keep	NA
25	399	323	young	NA
25	400	324	offenders	NA
25	401	325	out	NA
25	402	326	of	NA
25	403	327	prison.	it.
25	404	327	prison.	it.
25	405	328	One	It
25	406	329	reason	It
25	407	330	for	It
25	408	331	the	It
25	409	332	drop	It
25	410	333	in	It
25	411	334	prison	It
25	412	335	numbers	It
25	413	336	might	NA
25	414	337	be	NA
25	415	338	the	it.
25	416	339	amount	it.
25	417	340	of	it.
25	418	341	post-prison	it.
25	419	341	post-prison	it.
25	420	341	post-prison	it.
25	421	342	support	it.
25	422	343	available	it.
25	423	344	in	it.
25	424	345	Sweden.	it.
25	425	345	Sweden.	it.
25	426	346	A	NA
25	427	347	government-run	NA
25	428	347	government-run	NA
25	429	347	government-run	NA
25	430	348	probation	NA
25	431	349	service	NA
25	432	350	gives	NA
25	433	351	treatment	NA
25	434	352	programs	NA
25	435	353	to	NA
25	436	354	offenders	them.
25	437	355	with	them.
25	438	356	drug,	them.
25	439	356	drug,	them.
25	440	357	alcohol	them.
25	441	358	or	them.
25	442	359	violence	them.
25	443	360	problems.	them.
25	444	360	problems.	them.
25	445	361	Around	They
25	446	362	4,500	They
25	447	362	4,500	They
25	448	362	4,500	They
25	449	363	Swedes	They
25	450	363	Swedes	They
25	451	364	help	NA
25	452	365	the	NA
25	453	366	service	NA
25	454	367	–	NA
25	455	368	they	NA
25	456	369	volunteer	NA
25	457	370	to	NA
25	458	371	make	NA
25	459	372	friends	NA
25	460	373	with	NA
25	461	374	and	NA
25	462	375	support	NA
25	463	376	offenders.	them.
25	464	376	offenders.	them.
25	465	377	“In	NA
25	466	377	“In	NA
25	467	377	“In	NA
25	468	378	Sweden,	it,
25	469	378	Sweden,	it,
25	470	379	we	NA
25	471	380	believe	NA
25	472	381	very	NA
25	473	382	much	NA
25	474	383	in	NA
25	475	384	the	NA
25	476	385	idea	NA
25	477	386	of	NA
25	478	387	rehabilitation,”	NA
25	479	387	rehabilitation,”	NA
25	480	387	rehabilitation,”	NA
25	481	387	rehabilitation,”	NA
25	482	388	says	NA
25	483	389	Gustafsson.	he.
25	484	389	Gustafsson.	he.
25	485	389	Gustafsson.	he.
25	486	389	Gustafsson.	he.
25	487	390	“Of	NA
25	488	390	“Of	NA
25	489	390	“Of	NA
25	490	391	course,	NA
25	491	391	course,	NA
25	492	392	there	NA
25	493	393	are	NA
25	494	394	some	NA
25	495	395	people	NA
25	496	396	who	NA
25	497	397	will	NA
25	498	398	not	NA
25	499	399	or	NA
25	500	400	cannot	NA
25	501	401	change.	NA
25	502	401	change.	NA
25	503	402	But,	NA
25	504	402	But,	NA
25	505	403	in	NA
25	506	404	my	NA
25	507	405	experience,	NA
25	508	405	experience,	NA
25	509	406	most	they
25	510	407	prisoners	they
25	511	408	want	NA
25	512	409	to	NA
25	513	410	change	NA
25	514	411	and	NA
25	515	412	we	NA
25	516	413	must	NA
25	517	414	do	NA
25	518	415	what	NA
25	519	416	we	NA
25	520	417	can	NA
25	521	418	to	NA
25	522	419	help	NA
25	523	420	them.”	NA
25	524	420	them.”	NA
25	525	420	them.”	NA
25	526	420	them.”	NA
26	0	0	Such	NA
26	1	1	is	NA
26	2	2	the	NA
26	3	3	lot	NA
26	4	4	of	NA
26	5	5	the	him:
26	6	6	modern-day	him:
26	7	6	modern-day	him:
26	8	6	modern-day	him:
26	9	7	chemist:	him:
26	10	7	chemist:	him:
26	11	8	you	NA
26	12	9	wait	NA
26	13	10	ages	NA
26	14	11	for	NA
26	15	12	a	NA
26	16	13	new	NA
26	17	14	element	NA
26	18	15	to	NA
26	19	16	turn	NA
26	20	17	up	NA
26	21	18	and	NA
26	22	19	then	NA
26	23	20	four	they
26	24	21	come	NA
26	25	22	along	NA
26	26	23	at	NA
26	27	24	once.	NA
26	28	24	once.	NA
26	29	25	Discovered	NA
26	30	25	Discovered	NA
26	31	26	by	NA
26	32	27	researchers	them,
26	33	28	in	them,
26	34	29	Japan,	them,
26	35	29	Japan,	them,
26	36	30	Russia	them,
26	37	31	and	them,
26	38	32	the	them,
26	39	33	US,	them,
26	40	33	US,	them,
26	41	34	the	they
26	42	35	four	they
26	43	36	new	they
26	44	37	elements	they
26	45	38	are	NA
26	46	39	the	they.
26	47	40	first	they.
26	48	41	to	they.
26	49	42	be	they.
26	50	43	added	they.
26	51	44	to	they.
26	52	45	the	they.
26	53	46	periodic	they.
26	54	47	table	they.
26	55	48	since	they.
26	56	49	2011,	they.
26	57	49	2011,	they.
26	58	50	when	they.
26	59	51	elements	they.
26	60	52	114	they.
26	61	53	and	they.
26	62	54	116	they.
26	63	55	were	they.
26	64	56	included.	they.
26	65	56	included.	they.
26	66	57	The	They,
26	67	58	new	They,
26	68	59	elements,	They,
26	69	59	elements,	They,
26	70	60	all	NA
26	71	61	spectacularly	NA
26	72	61	spectacularly	NA
26	73	62	short-lived	NA
26	74	62	short-lived	NA
26	75	62	short-lived	NA
26	76	63	and	NA
26	77	64	highly	NA
26	78	65	radioactive,	NA
26	79	65	radioactive,	NA
26	80	66	complete	NA
26	81	67	the	its
26	82	68	periodic	its
26	83	69	table's	its
26	84	69	table's	its
26	85	70	seventh	its
26	86	71	row	its
26	87	72	and	NA
26	88	73	render	NA
26	89	74	science	NA
26	90	75	textbooks	NA
26	91	76	around	NA
26	92	77	the	themselves
26	93	78	world	themselves
26	94	79	out	NA
26	95	80	of	NA
26	96	81	date.	NA
26	97	81	date.	NA
26	98	82	The	It
26	99	83	US-based	It
26	100	83	US-based	It
26	101	83	US-based	It
26	102	84	International	It
26	103	85	Union	It
26	104	86	of	It
26	105	87	Pure	It
26	106	88	and	It
26	107	89	Applied	It
26	108	90	Chemistry	It
26	109	91	(IUPAC),	(it),
26	110	91	(IUPAC),	(it),
26	111	91	(IUPAC),	(it),
26	112	91	(IUPAC),	(it),
26	113	91	(IUPAC),	(it),
26	114	92	the	it,
26	115	93	global	it,
26	116	94	organization	it,
26	117	95	that	it,
26	118	96	governs	it,
26	119	97	chemical	it,
26	120	98	nomenclature,	it,
26	121	98	nomenclature,	it,
26	122	98	nomenclature,	it,
26	123	98	nomenclature,	it,
26	124	98	nomenclature,	it,
26	125	99	terminology	it,
26	126	100	and	it,
26	127	101	measurement,	it,
26	128	101	measurement,	it,
26	129	102	verified	NA
26	130	103	the	them
26	131	104	elements	them
26	132	105	on	NA
26	133	106	30	NA
26	134	107	December,	NA
26	135	107	December,	NA
26	136	108	2015	NA
26	137	109	after	NA
26	138	110	poring	NA
26	139	110	poring	NA
26	140	111	over	NA
26	141	112	studies	NA
26	142	113	dating	NA
26	143	114	back	NA
26	144	115	to	NA
26	145	116	2004.	NA
26	146	116	2004.	NA
26	147	117	The	They
26	148	118	scientists	They
26	149	119	who	They
26	150	120	found	They
26	151	121	them	They
26	152	122	must	NA
26	153	123	now	NA
26	154	124	come	NA
26	155	125	up	NA
26	156	126	with	NA
26	157	127	formal	them
26	158	128	names	them
26	159	129	to	NA
26	160	130	replace	NA
26	161	131	the	them
26	162	132	clunky	them
26	163	132	clunky	them
26	164	133	Latin-	them
26	165	133	Latin-	them
26	166	134	based	them
26	167	135	placeholders	them
26	168	135	placeholders	them
26	169	136	–	NA
26	170	137	ununtrium,	they
26	171	137	ununtrium,	they
26	172	137	ununtrium,	they
26	173	137	ununtrium,	they
26	174	138	ununpentium,	they
26	175	138	ununpentium,	they
26	176	138	ununpentium,	they
26	177	138	ununpentium,	they
26	178	138	ununpentium,	they
26	179	139	ununseptium	they
26	180	139	ununseptium	they
26	181	139	ununseptium	they
26	182	139	ununseptium	they
26	183	139	ununseptium	they
26	184	140	and	they
26	185	141	ununoctium	they
26	186	141	ununoctium	they
26	187	141	ununoctium	they
26	188	141	ununoctium	they
26	189	142	–	NA
26	190	143	which	NA
26	191	144	reflect	NA
26	192	145	their	their,
26	193	146	atomic	their,
26	194	147	numbers,	their,
26	195	147	numbers,	their,
26	196	148	113,	NA
26	197	148	113,	NA
26	198	149	115,	it,
26	199	149	115,	it,
26	200	150	117,	NA
26	201	150	117,	NA
26	202	151	and	NA
26	203	152	118.	it.
26	204	152	118.	it.
26	205	153	The	It
26	206	154	atomic	It
26	207	155	number	It
26	208	156	is	NA
26	209	157	the	it.
26	210	158	number	it.
26	211	159	of	it.
26	212	160	protons	it.
26	213	160	protons	it.
26	214	161	found	it.
26	215	162	in	it.
26	216	163	an	it.
26	217	164	element's	it.
26	218	164	element's	it.
26	219	165	atomic	it.
26	220	166	nucleus.	it.
26	221	166	nucleus.	it.
26	222	167	IUPAC	It
26	223	167	IUPAC	It
26	224	167	IUPAC	It
26	225	168	announced	NA
26	226	169	that	NA
26	227	170	a	it
26	228	171	Russian-American	it
26	229	171	Russian-American	it
26	230	171	Russian-American	it
26	231	172	team	it
26	232	173	of	it
26	233	174	scientists	it
26	234	175	at	it
26	235	176	the	it
26	236	177	Joint	it
26	237	178	Institute	it
26	238	179	for	it
26	239	180	Nuclear	it
26	240	181	Research	it
26	241	182	in	it
26	242	183	Dubna	it
26	243	183	Dubna	it
26	244	184	and	it
26	245	185	Lawrence	it
26	246	186	Livermore	it
26	247	186	Livermore	it
26	248	187	National	it
26	249	188	Laboratory	it
26	250	189	in	it
26	251	190	California	it
26	252	191	had	NA
26	253	192	produced	NA
26	254	193	sufficient	NA
26	255	194	evidence	NA
26	256	195	to	NA
26	257	196	claim	NA
26	258	197	the	it.
26	259	198	discovery	it.
26	260	199	of	it.
26	261	200	elements	it.
26	262	201	115,	it.
26	263	201	115,	it.
26	264	202	117	it.
26	265	203	and	it.
26	266	204	118.	it.
26	267	204	118.	it.
26	268	205	The	It
26	269	206	body	It
26	270	207	awarded	NA
26	271	208	credit	NA
26	272	209	for	NA
26	273	210	the	it,
26	274	211	discovery	it,
26	275	212	of	it,
26	276	213	element	it,
26	277	214	113,	it,
26	278	214	113,	it,
26	279	215	which	it,
26	280	216	had	it,
26	281	217	also	it,
26	282	218	been	it,
26	283	219	claimed	it,
26	284	220	by	it,
26	285	221	the	it,
26	286	222	Russians	it,
26	287	223	and	it,
26	288	224	Americans,	it,
26	289	224	Americans,	it,
26	290	225	to	NA
26	291	226	a	NA
26	292	227	team	NA
26	293	228	of	NA
26	294	229	scientists	NA
26	295	230	from	NA
26	296	231	the	NA
26	297	232	RIKEN	NA
26	298	232	RIKEN	NA
26	299	232	RIKEN	NA
26	300	233	Institute	NA
26	301	234	in	NA
26	302	235	Japan.	it.
26	303	235	Japan.	it.
26	304	236	The	NA
26	305	237	decision	NA
26	306	238	means	NA
26	307	239	Japan	it
26	308	240	becomes	NA
26	309	241	the	it.
26	310	242	first	it.
26	311	243	Asian	it.
26	312	244	country	it.
26	313	245	to	it.
26	314	246	name	it.
26	315	247	an	it.
26	316	248	element.	it.
26	317	248	element.	it.
26	318	249	Under	NA
26	319	250	IUPAC	its
26	320	250	IUPAC	its
26	321	250	IUPAC	its
26	322	251	rules,	NA
26	323	251	rules,	NA
26	324	252	new	NA
26	325	253	elements	NA
26	326	254	can	NA
26	327	255	be	NA
26	328	256	named	NA
26	329	257	after	NA
26	330	258	mythological	NA
26	331	258	mythological	NA
26	332	259	concepts,	NA
26	333	259	concepts,	NA
26	334	260	minerals,	NA
26	335	260	minerals,	NA
26	336	261	a	NA
26	337	262	place	NA
26	338	263	or	NA
26	339	264	country,	NA
26	340	264	country,	NA
26	341	265	or	NA
26	342	266	a	NA
26	343	267	scientist.	NA
26	344	267	scientist.	NA
26	345	268	When	NA
26	346	269	elements	they
26	347	270	114	they
26	348	271	and	they
26	349	272	116	they
26	350	273	were	NA
26	351	274	assigned	NA
26	352	275	formal	their
26	353	276	names	their
26	354	277	in	NA
26	355	278	2012,	NA
26	356	278	2012,	NA
26	357	279	scientists	they
26	358	280	chose	NA
26	359	281	flerovium	it
26	360	281	flerovium	it
26	361	281	flerovium	it
26	362	281	flerovium	it
26	363	282	and	NA
26	364	283	livermorium	it
26	365	283	livermorium	it
26	366	283	livermorium	it
26	367	284	respectively,	NA
26	368	284	respectively,	NA
26	369	285	after	NA
26	370	286	the	NA
26	371	287	Flerov	NA
26	372	287	Flerov	NA
26	373	287	Flerov	NA
26	374	288	Lab	NA
26	375	289	at	NA
26	376	290	Dubna's	its
26	377	290	Dubna's	its
26	378	290	Dubna's	its
26	379	291	Joint	its
26	380	292	Institute	its
26	381	293	of	its
26	382	294	Research	its
26	383	295	and	NA
26	384	296	the	its.
26	385	297	Lawrence	its.
26	386	298	Livermore	its.
26	387	298	Livermore	its.
26	388	299	Lab	its.
26	389	300	in	its.
26	390	301	the	its.
26	391	302	US,	its.
26	392	302	US,	its.
26	393	303	where	its.
26	394	304	the	its.
26	395	305	elements	its.
26	396	306	were	its.
26	397	307	discovered.	its.
26	398	307	discovered.	its.
26	399	308	Kosuke	He,
26	400	308	Kosuke	He,
26	401	309	Morita,	He,
26	402	309	Morita,	He,
26	403	309	Morita,	He,
26	404	310	who	He,
26	405	311	led	He,
26	406	312	the	He,
26	407	313	research	He,
26	408	314	at	He,
26	409	315	RIKEN,	He,
26	410	315	RIKEN,	He,
26	411	315	RIKEN,	He,
26	412	315	RIKEN,	He,
26	413	316	said	NA
26	414	317	his	his
26	415	318	team	his
26	416	319	now	NA
26	417	320	planned	NA
26	418	321	to	NA
26	419	322	“look	NA
26	420	322	“look	NA
26	421	322	“look	NA
26	422	323	into	NA
26	423	324	the	NA
26	424	325	uncharted	NA
26	425	325	uncharted	NA
26	426	326	territory	NA
26	427	327	of	NA
26	428	328	element	NA
26	429	329	119	NA
26	430	330	and	NA
26	431	331	beyond.”	NA
26	432	331	beyond.”	NA
26	433	331	beyond.”	NA
26	434	331	beyond.”	NA
26	435	332	Jan	he,
26	436	333	Reedijk,	he,
26	437	333	Reedijk,	he,
26	438	333	Reedijk,	he,
26	439	334	president	he,
26	440	335	of	he,
26	441	336	the	he,
26	442	337	Inorganic	he,
26	443	337	Inorganic	he,
26	444	338	Chemistry	he,
26	445	339	Division	he,
26	446	340	of	he,
26	447	341	IUPAC,	he,
26	448	341	IUPAC,	he,
26	449	341	IUPAC,	he,
26	450	341	IUPAC,	he,
26	451	342	said:	NA
26	452	342	said:	NA
26	453	343	“The	“it
26	454	343	“The	“it
26	455	343	“The	“it
26	456	344	chemistry	“it
26	457	345	community	“it
26	458	346	is	NA
26	459	347	eager	NA
26	460	348	to	NA
26	461	349	see	NA
26	462	350	its	NA
26	463	351	most	NA
26	464	352	cherished	NA
26	465	353	table	NA
26	466	354	finally	NA
26	467	355	being	NA
26	468	356	completed	NA
26	469	357	down	NA
26	470	358	to	NA
26	471	359	the	its.”
26	472	360	seventh	its.”
26	473	361	row.”	its.”
26	474	361	row.”	its.”
26	475	361	row.”	its.”
26	476	361	row.”	its.”
26	477	362	The	it
26	478	363	Japanese	it
26	479	364	team	it
26	480	365	is	NA
26	481	366	believed	NA
26	482	367	to	NA
26	483	368	be	NA
26	484	369	considering	NA
26	485	370	three	NA
26	486	371	names	NA
26	487	372	for	NA
26	488	373	ununtrium:	it:
26	489	373	ununtrium:	it:
26	490	373	ununtrium:	it:
26	491	373	ununtrium:	it:
26	492	374	japonium,	NA
26	493	374	japonium,	NA
26	494	374	japonium,	NA
26	495	374	japonium,	NA
26	496	375	rikenium	NA
26	497	375	rikenium	NA
26	498	375	rikenium	NA
26	499	376	and	NA
26	500	377	nishinarium,	NA
26	501	377	nishinarium,	NA
26	502	377	nishinarium,	NA
26	503	377	nishinarium,	NA
26	504	377	nishinarium,	NA
26	505	378	after	NA
26	506	379	the	NA
26	507	380	Nishina	NA
26	508	380	Nishina	NA
26	509	381	Center	NA
26	510	382	for	NA
26	511	383	Accelerator-Based	NA
26	512	383	Accelerator-Based	NA
26	513	383	Accelerator-Based	NA
26	514	383	Accelerator-Based	NA
26	515	384	Science,	NA
26	516	384	Science,	NA
26	517	385	where	NA
26	518	386	the	it
26	519	387	element	it
26	520	388	was	NA
26	521	389	found.	NA
26	522	389	found.	NA
26	523	390	“They	NA
26	524	390	“They	NA
26	525	390	“They	NA
26	526	391	will	NA
26	527	392	have	NA
26	528	393	been	NA
26	529	394	thinking	NA
26	530	395	about	NA
26	531	396	it	NA
26	532	397	for	NA
26	533	398	a	NA
26	534	399	while	NA
26	535	400	already,”	NA
26	536	400	already,”	NA
26	537	400	already,”	NA
26	538	400	already,”	NA
26	539	401	said	NA
26	540	402	Polly	she,
26	541	403	Arnold,	she,
26	542	403	Arnold,	she,
26	543	404	professor	she.
26	544	405	of	she.
26	545	406	chemistry	she.
26	546	407	at	she.
26	547	408	Edinburgh	she.
26	548	409	University.	she.
26	549	409	University.	she.
26	550	410	“This	NA
26	551	410	“This	NA
26	552	410	“This	NA
26	553	411	is	NA
26	554	412	painstaking	it.
26	555	413	work.	it.
26	556	413	work.	it.
26	557	414	All	NA
26	558	415	this	NA
26	559	416	trying	NA
26	560	417	to	NA
26	561	418	understand	NA
26	562	419	Mother	her
26	563	420	Nature	her
26	564	421	helps	NA
26	565	422	us	NA
26	566	423	with	NA
26	567	424	our	NA
26	568	425	models	NA
26	569	426	and	NA
26	570	427	with	NA
26	571	428	understanding	NA
26	572	429	radioactive	NA
26	573	430	decay.	NA
26	574	430	decay.	NA
26	575	431	If	NA
26	576	432	we	NA
26	577	433	understand	NA
26	578	434	it	NA
26	579	435	better,	NA
26	580	435	better,	NA
26	581	436	hopefully	NA
26	582	437	we	NA
26	583	438	can	NA
26	584	439	do	NA
26	585	440	better	NA
26	586	441	at	NA
26	587	442	dealing	NA
26	588	443	with	NA
26	589	444	nuclear	NA
26	590	445	waste	NA
26	591	446	and	NA
26	592	447	things	NA
26	593	448	that	NA
26	594	449	are	NA
26	595	450	important	NA
26	596	451	in	NA
26	597	452	the	it.
26	598	453	real	it.
26	599	454	world.	it.
26	600	454	world.	it.
26	601	455	It	NA
26	602	456	also	NA
26	603	457	leads	NA
26	604	458	to	NA
26	605	459	fantastic	NA
26	606	460	technological	NA
26	607	461	advances	NA
26	608	462	in	NA
26	609	463	building	NA
26	610	464	the	NA
26	611	465	equipment	NA
26	612	466	to	NA
26	613	467	make	NA
26	614	468	these	NA
26	615	469	observations.”	NA
26	616	469	observations.”	NA
26	617	469	observations.”	NA
26	618	469	observations.”	NA
26	619	470	Along	NA
26	620	471	with	NA
26	621	472	new	them,
26	622	473	names,	them,
26	623	473	names,	them,
26	624	474	the	they
26	625	475	scientists	they
26	626	476	must	NA
26	627	477	propose	NA
26	628	478	two-letter	their.
26	629	478	two-letter	their.
26	630	478	two-letter	their.
26	631	479	symbols	their.
26	632	480	for	their.
26	633	481	the	their.
26	634	482	elements.	their.
26	635	482	elements.	their.
26	636	483	When	NA
26	637	484	IUPAC	it
26	638	484	IUPAC	it
26	639	484	IUPAC	it
26	640	485	has	NA
26	641	486	received	NA
26	642	487	the	them,
26	643	488	researchers'	them,
26	644	488	researchers'	them,
26	645	489	suggestions,	them,
26	646	489	suggestions,	them,
26	647	490	they	they.
26	648	491	will	they.
26	649	492	be	they.
26	650	493	put	they.
26	651	494	up	they.
26	652	495	for	they.
26	653	496	public	they.
26	654	497	review	they.
26	655	498	for	they.
26	656	499	five	they.
26	657	500	months.	they.
26	658	500	months.	they.
26	659	501	That	NA
26	660	502	allows	NA
26	661	503	scientists	NA
26	662	504	and	NA
26	663	505	others	NA
26	664	506	to	NA
26	665	507	raise	NA
26	666	508	any	NA
26	667	509	objections.	NA
26	668	509	objections.	NA
26	669	510	In	NA
26	670	511	1996,	NA
26	671	511	1996,	NA
26	672	512	the	it
26	673	513	symbol	it
26	674	514	Cp	it
26	675	514	Cp	it
26	676	515	was	NA
26	677	516	proposed	NA
26	678	517	for	NA
26	679	518	copernicium,	it,
26	680	518	copernicium,	it,
26	681	518	copernicium,	it,
26	682	518	copernicium,	it,
26	683	518	copernicium,	it,
26	684	519	or	NA
26	685	520	element	it,
26	686	521	112,	it,
26	687	521	112,	it,
26	688	522	but	NA
26	689	523	it	NA
26	690	524	was	NA
26	691	525	swapped	NA
26	692	526	to	NA
26	693	527	Cn	NA
26	694	527	Cn	NA
26	695	528	when	NA
26	696	529	scientists	NA
26	697	530	complained	NA
26	698	531	that	NA
26	699	532	Cp	it
26	700	532	Cp	it
26	701	533	referred	NA
26	702	534	to	NA
26	703	535	another	NA
26	704	536	substance.	NA
26	705	536	substance.	NA
26	706	537	To	NA
26	707	538	discover	NA
26	708	539	the	them,
26	709	540	elements,	them,
26	710	540	elements,	them,
26	711	541	researchers	they
26	712	542	at	they
26	713	543	the	they
26	714	544	three	they
26	715	545	labs	they
26	716	546	slammed	NA
26	717	547	lighter	NA
26	718	548	nuclei	NA
26	719	548	nuclei	NA
26	720	549	into	NA
26	721	550	one	NA
26	722	551	another	NA
26	723	552	and	NA
26	724	553	looked	NA
26	725	554	for	NA
26	726	555	signature	NA
26	727	556	radioactive	NA
26	728	557	decays	NA
26	729	557	decays	NA
26	730	558	that	NA
26	731	559	should	NA
26	732	560	come	NA
26	733	561	from	NA
26	734	562	the	them.
26	735	563	new	them.
26	736	564	elements.	them.
26	737	564	elements.	them.
26	738	565	Ununtrium	It
26	739	565	Ununtrium	It
26	740	565	Ununtrium	It
26	741	566	and	NA
26	742	567	ununpentium	it
26	743	567	ununpentium	it
26	744	567	ununpentium	it
26	745	567	ununpentium	it
26	746	568	are	NA
26	747	569	thought	NA
26	748	570	to	NA
26	749	571	be	NA
26	750	572	metals,	NA
26	751	572	metals,	NA
26	752	573	while	NA
26	753	574	ununseptium	it
26	754	574	ununseptium	it
26	755	574	ununseptium	it
26	756	574	ununseptium	it
26	757	574	ununseptium	it
26	758	575	could	NA
26	759	576	be	NA
26	760	577	a	it
26	761	578	metalloid	it
26	762	578	metalloid	it
26	763	578	metalloid	it
26	764	579	–	NA
26	765	580	a	it.
26	766	581	material	it.
26	767	582	bearing	it.
26	768	583	some	it.
26	769	584	metallic	it.
26	770	585	properties.	it.
26	771	585	properties.	it.
26	772	586	The	It,
26	773	587	fourth	It,
26	774	588	element,	It,
26	775	588	element,	It,
26	776	589	ununoctium,	it,
26	777	589	ununoctium,	it,
26	778	589	ununoctium,	it,
26	779	589	ununoctium,	it,
26	780	589	ununoctium,	it,
26	781	590	may	NA
26	782	591	be	NA
26	783	592	a	NA
26	784	593	noble	NA
26	785	594	gas,	NA
26	786	594	gas,	NA
26	787	595	like	NA
26	788	596	other	NA
26	789	597	group-18	NA
26	790	597	group-18	NA
26	791	597	group-18	NA
26	792	598	elements,	NA
26	793	598	elements,	NA
26	794	599	helium,	NA
26	795	599	helium,	NA
26	796	600	neon	NA
26	797	601	and	NA
26	798	602	argon.	NA
26	799	602	argon.	NA
26	800	602	argon.	NA
26	801	603	It	NA
26	802	604	is	NA
26	803	605	hard	NA
26	804	606	to	it
26	805	607	know	it
26	806	608	for	it
26	807	609	sure	it
26	808	610	because	NA
26	809	611	so	NA
26	810	612	few	NA
26	811	613	atoms	NA
26	812	614	of	NA
26	813	615	each	NA
26	814	616	element	NA
26	815	617	have	NA
26	816	618	ever	NA
26	817	619	been	NA
26	818	620	made.	NA
26	819	620	made.	NA
26	820	621	Paul	He,
26	821	622	Karol,	He,
26	822	622	Karol,	He,
26	823	622	Karol,	He,
26	824	623	chair	he,
26	825	624	of	he,
26	826	625	the	he,
26	827	626	IUPAC	he,
26	828	626	IUPAC	he,
26	829	626	IUPAC	he,
26	830	627	panel	he,
26	831	628	that	he,
26	832	629	verified	he,
26	833	630	the	he,
26	834	631	elements,	he,
26	835	631	elements,	he,
26	836	632	said:	NA
26	837	632	said:	NA
26	838	633	“Practical	NA
26	839	633	“Practical	NA
26	840	633	“Practical	NA
26	841	633	“Practical	NA
26	842	634	applications	NA
26	843	635	of	NA
26	844	636	the	them,
26	845	637	new	them,
26	846	638	elements,	them,
26	847	638	elements,	them,
26	848	639	if	NA
26	849	640	any,	NA
26	850	640	any,	NA
26	851	641	are	NA
26	852	642	a	NA
26	853	643	long	NA
26	854	644	way	NA
26	855	645	off	NA
26	856	646	because	NA
26	857	647	of	NA
26	858	648	the	NA
26	859	649	difficulty	NA
26	860	650	in	NA
26	861	651	synthesis.”	NA
26	862	651	synthesis.”	NA
26	863	651	synthesis.”	NA
26	864	651	synthesis.”	NA
27	0	0	Chemists	They
27	1	0	Chemists	They
27	2	1	have	NA
27	3	2	waited	NA
27	4	3	a	NA
27	5	4	long	NA
27	6	5	time	NA
27	7	6	to	NA
27	8	7	find	NA
27	9	8	a	NA
27	10	9	new	NA
27	11	10	element	NA
27	12	11	and,	NA
27	13	11	and,	NA
27	14	12	now,	NA
27	15	12	now,	NA
27	16	13	researchers	they
27	17	14	in	they
27	18	15	Japan,	they
27	19	15	Japan,	they
27	20	16	Russia	they
27	21	17	and	they
27	22	18	the	they
27	23	19	US	they
27	24	20	have	NA
27	25	21	discovered	NA
27	26	22	four.	them.
27	27	22	four.	them.
27	28	23	The	They
27	29	24	four	They
27	30	25	new	They
27	31	26	elements	They
27	32	27	will	NA
27	33	28	be	NA
27	34	29	added	NA
27	35	30	to	NA
27	36	31	the	it.
27	37	32	periodic	it.
27	38	33	table.	it.
27	39	33	table.	it.
27	40	34	They	NA
27	41	35	are	NA
27	42	36	the	them.
27	43	37	first	them.
27	44	38	elements	them.
27	45	39	to	them.
27	46	40	be	them.
27	47	41	added	them.
27	48	42	since	them.
27	49	43	2011,	them.
27	50	43	2011,	them.
27	51	44	when	them.
27	52	45	elements	them.
27	53	46	114	them.
27	54	47	and	them.
27	55	48	116	them.
27	56	49	were	them.
27	57	50	included.	them.
27	58	50	included.	them.
27	59	51	The	They,
27	60	52	new	They,
27	61	53	elements,	They,
27	62	53	elements,	They,
27	63	54	all	NA
27	64	55	very	NA
27	65	56	radioactive,	NA
27	66	56	radioactive,	NA
27	67	57	complete	NA
27	68	58	the	it.
27	69	59	seventh	it.
27	70	60	row	it.
27	71	61	of	it.
27	72	62	the	it.
27	73	63	periodic	it.
27	74	64	table.	it.
27	75	64	table.	it.
27	76	65	The	It
27	77	66	International	It
27	78	67	Union	It
27	79	68	of	It
27	80	69	Pure	It
27	81	70	and	It
27	82	71	Applied	It
27	83	72	Chemistry	It
27	84	73	(IUPAC)	(it)
27	85	73	(IUPAC)	(it)
27	86	73	(IUPAC)	(it)
27	87	73	(IUPAC)	(it)
27	88	73	(IUPAC)	(it)
27	89	74	is	NA
27	90	75	the	it.
27	91	76	global	it.
27	92	77	organization	it.
27	93	78	that	it.
27	94	79	controls	it.
27	95	80	chemical	it.
27	96	81	names.	it.
27	97	81	names.	it.
27	98	82	IUPAC	It
27	99	82	IUPAC	It
27	100	82	IUPAC	It
27	101	83	confirmed	NA
27	102	84	the	them
27	103	85	new	them
27	104	86	elements	them
27	105	87	on	NA
27	106	88	30	NA
27	107	89	December,	NA
27	108	89	December,	NA
27	109	90	2015	NA
27	110	91	after	NA
27	111	92	examining	NA
27	112	93	studies	NA
27	113	94	dating	NA
27	114	95	back	NA
27	115	96	to	NA
27	116	97	2004.	NA
27	117	97	2004.	NA
27	118	98	The	They
27	119	99	scientists	They
27	120	100	who	They
27	121	101	found	They
27	122	102	them	They
27	123	103	must	NA
27	124	104	now	NA
27	125	105	think	NA
27	126	106	of	NA
27	127	107	formal	NA
27	128	108	names	NA
27	129	109	for	NA
27	130	110	the	them.
27	131	111	elements,	them.
27	132	111	elements,	them.
27	133	112	which	them.
27	134	113	have	them.
27	135	114	the	them.
27	136	115	atomic	them.
27	137	116	numbers,	them.
27	138	116	numbers,	them.
27	139	117	113,	them.
27	140	117	113,	them.
27	141	118	115,	them.
27	142	118	115,	them.
27	143	119	117,	them.
27	144	119	117,	them.
27	145	120	and	them.
27	146	121	118.	them.
27	147	121	118.	them.
27	148	122	The	It
27	149	123	atomic	It
27	150	124	number	It
27	151	125	is	NA
27	152	126	the	it.
27	153	127	number	it.
27	154	128	of	it.
27	155	129	protons	it.
27	156	129	protons	it.
27	157	130	in	it.
27	158	131	an	it.
27	159	132	element's	it.
27	160	132	element's	it.
27	161	133	atomic	it.
27	162	134	nucleus.	it.
27	163	134	nucleus.	it.
27	164	135	IUPAC	It
27	165	135	IUPAC	It
27	166	135	IUPAC	It
27	167	136	said	NA
27	168	137	that	NA
27	169	138	a	NA
27	170	139	Russian-American	NA
27	171	139	Russian-American	NA
27	172	139	Russian-American	NA
27	173	140	team	NA
27	174	141	of	NA
27	175	142	scientists	NA
27	176	143	at	NA
27	177	144	the	it
27	178	145	Joint	it
27	179	146	Institute	it
27	180	147	for	it
27	181	148	Nuclear	it
27	182	149	Research	it
27	183	150	in	it
27	184	151	Dubna	it
27	185	151	Dubna	it
27	186	152	and	NA
27	187	153	Lawrence	it
27	188	154	Livermore	it
27	189	154	Livermore	it
27	190	155	National	it
27	191	156	Laboratory	it
27	192	157	in	it
27	193	158	California	it
27	194	159	had	NA
27	195	160	discovered	NA
27	196	161	elements	them.
27	197	162	115,	them.
27	198	162	115,	them.
27	199	163	117	them.
27	200	164	and	them.
27	201	165	118.	them.
27	202	165	118.	them.
27	203	166	The	It
27	204	167	organization	It
27	205	168	said	NA
27	206	169	a	they
27	207	170	team	they
27	208	171	of	they
27	209	172	scientists	they
27	210	173	from	they
27	211	174	the	they
27	212	175	RIKEN	they
27	213	175	RIKEN	they
27	214	175	RIKEN	they
27	215	176	Institute	they
27	216	177	in	they
27	217	178	Japan	they
27	218	179	discovered	NA
27	219	180	element	it.
27	220	181	113.	it.
27	221	181	113.	it.
27	222	182	The	NA
27	223	183	decision	NA
27	224	184	means	NA
27	225	185	Japan	it
27	226	186	becomes	NA
27	227	187	the	it.
27	228	188	first	it.
27	229	189	Asian	it.
27	230	190	country	it.
27	231	191	to	it.
27	232	192	name	it.
27	233	193	an	it.
27	234	194	element.	it.
27	235	194	element.	it.
27	236	195	Under	NA
27	237	196	IUPAC	its
27	238	196	IUPAC	its
27	239	196	IUPAC	its
27	240	197	rules,	NA
27	241	197	rules,	NA
27	242	198	new	NA
27	243	199	elements	NA
27	244	200	can	NA
27	245	201	be	NA
27	246	202	named	NA
27	247	203	after	NA
27	248	204	mythological	NA
27	249	204	mythological	NA
27	250	205	concepts,	NA
27	251	205	concepts,	NA
27	252	206	minerals,	NA
27	253	206	minerals,	NA
27	254	207	a	NA
27	255	208	place	NA
27	256	209	or	NA
27	257	210	country,	NA
27	258	210	country,	NA
27	259	211	or	NA
27	260	212	a	NA
27	261	213	scientist.	NA
27	262	213	scientist.	NA
27	263	214	In	NA
27	264	215	2012,	NA
27	265	215	2012,	NA
27	266	216	scientists	they
27	267	217	chose	NA
27	268	218	the	NA
27	269	219	formal	NA
27	270	220	name	NA
27	271	221	flerovium	NA
27	272	221	flerovium	NA
27	273	221	flerovium	NA
27	274	221	flerovium	NA
27	275	222	for	NA
27	276	223	element	it,
27	277	224	114,	it,
27	278	224	114,	it,
27	279	225	after	NA
27	280	226	the	NA
27	281	227	Flerov	NA
27	282	227	Flerov	NA
27	283	227	Flerov	NA
27	284	228	Lab	NA
27	285	229	at	NA
27	286	230	Dubna's	it.
27	287	230	Dubna's	it.
27	288	230	Dubna's	it.
27	289	231	Joint	it.
27	290	232	Institute	it.
27	291	233	of	it.
27	292	234	Research.	it.
27	293	234	Research.	it.
27	294	235	And	NA
27	295	236	they	NA
27	296	237	chose	NA
27	297	238	the	NA
27	298	239	formal	NA
27	299	240	name	NA
27	300	241	livermorium	NA
27	301	241	livermorium	NA
27	302	241	livermorium	NA
27	303	242	for	NA
27	304	243	element	it,
27	305	244	116,	it,
27	306	244	116,	it,
27	307	245	after	NA
27	308	246	the	it.
27	309	247	Lawrence	it.
27	310	248	Livermore	it.
27	311	248	Livermore	it.
27	312	249	Lab	it.
27	313	250	in	it.
27	314	251	the	it.
27	315	252	US.	it.
27	316	252	US.	it.
27	317	253	The	They
27	318	254	elements	They
27	319	255	were	NA
27	320	256	discovered	NA
27	321	257	there.	NA
27	322	257	there.	NA
27	323	258	Kosuke	He,
27	324	258	Kosuke	He,
27	325	259	Morita,	He,
27	326	259	Morita,	He,
27	327	259	Morita,	He,
27	328	260	who	He,
27	329	261	led	He,
27	330	262	the	He,
27	331	263	research	He,
27	332	264	at	He,
27	333	265	RIKEN,	He,
27	334	265	RIKEN,	He,
27	335	265	RIKEN,	He,
27	336	265	RIKEN,	He,
27	337	266	said	NA
27	338	267	his	his
27	339	268	team	his
27	340	269	now	NA
27	341	270	planned	NA
27	342	271	to	NA
27	343	272	“look	NA
27	344	272	“look	NA
27	345	272	“look	NA
27	346	273	into	NA
27	347	274	the	it
27	348	275	undiscovered	it
27	349	275	undiscovered	it
27	350	276	element	it
27	351	277	119	it
27	352	278	and	NA
27	353	279	beyond.”	NA
27	354	279	beyond.”	NA
27	355	279	beyond.”	NA
27	356	279	beyond.”	NA
27	357	280	Jan	NA
27	358	281	Reedijk	NA
27	359	281	Reedijk	NA
27	360	282	of	NA
27	361	283	IUPAC	it
27	362	283	IUPAC	it
27	363	283	IUPAC	it
27	364	284	said:	NA
27	365	284	said:	NA
27	366	285	“Chemists	“they
27	367	285	“Chemists	“they
27	368	285	“Chemists	“they
27	369	285	“Chemists	“they
27	370	286	want	NA
27	371	287	to	NA
27	372	288	see	NA
27	373	289	the	it
27	374	290	periodic	it
27	375	291	table	it
27	376	292	finally	NA
27	377	293	completed	NA
27	378	294	down	NA
27	379	295	to	NA
27	380	296	the	its.”
27	381	297	seventh	its.”
27	382	298	row.”	its.”
27	383	298	row.”	its.”
27	384	298	row.”	its.”
27	385	298	row.”	its.”
27	386	299	The	it
27	387	300	Japanese	it
27	388	301	team	it
27	389	302	is	NA
27	390	303	considering	NA
27	391	304	three	them:
27	392	305	names	them:
27	393	306	for	them:
27	394	307	element	them:
27	395	308	113:	them:
27	396	308	113:	them:
27	397	309	japonium,	it,
27	398	309	japonium,	it,
27	399	309	japonium,	it,
27	400	309	japonium,	it,
27	401	310	rikenium	NA
27	402	310	rikenium	NA
27	403	310	rikenium	NA
27	404	311	and	NA
27	405	312	nishinarium,	NA
27	406	312	nishinarium,	NA
27	407	312	nishinarium,	NA
27	408	312	nishinarium,	NA
27	409	312	nishinarium,	NA
27	410	313	after	NA
27	411	314	the	NA
27	412	315	Nishina	NA
27	413	315	Nishina	NA
27	414	316	Center	NA
27	415	317	for	NA
27	416	318	Accelerator-Based	NA
27	417	318	Accelerator-Based	NA
27	418	318	Accelerator-Based	NA
27	419	318	Accelerator-Based	NA
27	420	319	Science,	NA
27	421	319	Science,	NA
27	422	320	where	NA
27	423	321	they	NA
27	424	322	found	NA
27	425	323	the	it.
27	426	324	element.	it.
27	427	324	element.	it.
27	428	325	Polly	She,
27	429	326	Arnold,	She,
27	430	326	Arnold,	She,
27	431	327	professor	he,
27	432	328	of	he,
27	433	329	chemistry	he,
27	434	330	at	he,
27	435	331	Edinburgh	he,
27	436	332	University,	he,
27	437	332	University,	he,
27	438	333	said,	NA
27	439	333	said,	NA
27	440	334	“This	NA
27	441	334	“This	NA
27	442	334	“This	NA
27	443	335	is	NA
27	444	336	very	it.
27	445	337	difficult	it.
27	446	338	and	it.
27	447	339	slow	it.
27	448	340	work.	it.
27	449	340	work.	it.
27	450	341	The	It
27	451	342	work	It
27	452	343	helps	NA
27	453	344	us	NA
27	454	345	understand	NA
27	455	346	radioactive	it.
27	456	347	decay.	it.
27	457	347	decay.	it.
27	458	348	If	NA
27	459	349	we	NA
27	460	350	understand	NA
27	461	351	it	NA
27	462	352	better,	NA
27	463	352	better,	NA
27	464	353	hopefully	NA
27	465	354	we	NA
27	466	355	can	NA
27	467	356	find	NA
27	468	357	a	NA
27	469	358	better	NA
27	470	359	way	NA
27	471	360	to	NA
27	472	361	deal	NA
27	473	362	with	NA
27	474	363	nuclear	NA
27	475	364	waste	NA
27	476	365	and	NA
27	477	366	things	NA
27	478	367	that	NA
27	479	368	are	NA
27	480	369	important	NA
27	481	370	in	NA
27	482	371	the	NA
27	483	372	real	NA
27	484	373	world.	NA
27	485	373	world.	NA
27	486	374	And,	NA
27	487	374	And,	NA
27	488	375	when	they,
27	489	376	they	they,
27	490	377	build	they,
27	491	378	the	they,
27	492	379	equipment	they,
27	493	380	to	they,
27	494	381	make	they,
27	495	382	these	they,
27	496	383	discoveries,	they,
27	497	383	discoveries,	they,
27	498	384	it	NA
27	499	385	also	NA
27	500	386	leads	NA
27	501	387	to	NA
27	502	388	fantastic	NA
27	503	389	improvements	NA
27	504	390	in	NA
27	505	391	technology.”	NA
27	506	391	technology.”	NA
27	507	391	technology.”	NA
27	508	391	technology.”	NA
27	509	392	Scientists	they
27	510	393	must	NA
27	511	394	find	NA
27	512	395	new	them
27	513	396	names	them
27	514	397	for	them
27	515	398	the	them
27	516	399	elements	them
27	517	400	but,	NA
27	518	400	but,	NA
27	519	401	also,	NA
27	520	401	also,	NA
27	521	402	they	NA
27	522	403	must	NA
27	523	404	suggest	NA
27	524	405	two-letter	them.
27	525	405	two-letter	them.
27	526	405	two-letter	them.
27	527	406	symbols	them.
27	528	407	for	them.
27	529	408	the	them.
27	530	409	elements.	them.
27	531	409	elements.	them.
27	532	410	When	NA
27	533	411	IUPAC	it
27	534	411	IUPAC	it
27	535	411	IUPAC	it
27	536	412	has	NA
27	537	413	received	NA
27	538	414	the	its'
27	539	415	researchers'	its'
27	540	415	researchers'	its'
27	541	416	suggestions,	NA
27	542	416	suggestions,	NA
27	543	417	they	it.
27	544	418	will	it.
27	545	419	tell	it.
27	546	420	the	it.
27	547	421	public	it.
27	548	422	so	it.
27	549	423	that	it.
27	550	424	people	it.
27	551	425	can	it.
27	552	426	comment	it.
27	553	427	on	it.
27	554	428	the	it.
27	555	429	names.	it.
27	556	429	names.	it.
27	557	430	That	NA
27	558	431	allows	NA
27	559	432	scientists	them
27	560	433	and	NA
27	561	434	others	NA
27	562	435	to	NA
27	563	436	find	NA
27	564	437	any	NA
27	565	438	problems	NA
27	566	439	with	NA
27	567	440	the	them.
27	568	441	names.	them.
27	569	441	names.	them.
27	570	442	In	NA
27	571	443	1996,	NA
27	572	443	1996,	NA
27	573	444	someone	NA
27	574	445	suggested	NA
27	575	446	the	it,
27	576	447	symbol	it,
27	577	448	Cp	it,
27	578	448	Cp	it,
27	579	449	for	it,
27	580	450	copernicium,	it,
27	581	450	copernicium,	it,
27	582	450	copernicium,	it,
27	583	450	copernicium,	it,
27	584	450	copernicium,	it,
27	585	451	or	it,
27	586	452	element	it,
27	587	453	112,	it,
27	588	453	112,	it,
27	589	454	but	NA
27	590	455	it	NA
27	591	456	was	NA
27	592	457	changed	NA
27	593	458	to	NA
27	594	459	Cn,	NA
27	595	459	Cn,	NA
27	596	459	Cn,	NA
27	597	460	when	NA
27	598	461	scientists	NA
27	599	462	complained	NA
27	600	463	that	NA
27	601	464	Cp	it
27	602	464	Cp	it
27	603	465	was	NA
27	604	466	already	NA
27	605	467	the	it.
27	606	468	symbol	it.
27	607	469	for	it.
27	608	470	another	it.
27	609	471	substance.	it.
27	610	471	substance.	it.
27	611	472	To	NA
27	612	473	discover	NA
27	613	474	the	them,
27	614	475	elements,	them,
27	615	475	elements,	them,
27	616	476	researchers	they
27	617	477	at	they
27	618	478	the	they
27	619	479	three	they
27	620	480	labs	they
27	621	481	crashed	NA
27	622	482	lighter	NA
27	623	483	nuclei	NA
27	624	483	nuclei	NA
27	625	484	into	NA
27	626	485	one	NA
27	627	486	another	NA
27	628	487	and	NA
27	629	488	looked	NA
27	630	489	for	NA
27	631	490	the	NA
27	632	491	radioactive	NA
27	633	492	decays	NA
27	634	492	decays	NA
27	635	493	that	NA
27	636	494	should	NA
27	637	495	come	NA
27	638	496	from	NA
27	639	497	the	them.
27	640	498	new	them.
27	641	499	elements.	them.
27	642	499	elements.	them.
27	643	500	113	NA
27	644	501	and	NA
27	645	502	115	it
27	646	503	are	NA
27	647	504	probably	NA
27	648	505	metals.	NA
27	649	505	metals.	NA
27	650	506	117	It
27	651	507	could	NA
27	652	508	be	NA
27	653	509	a	it
27	654	510	metalloid	it
27	655	510	metalloid	it
27	656	510	metalloid	it
27	657	511	–	NA
27	658	512	a	it.
27	659	513	material	it.
27	660	514	with	it.
27	661	515	some	it.
27	662	516	metallic	it.
27	663	517	characteristics.	it.
27	664	517	characteristics.	it.
27	665	518	The	NA
27	666	519	fourth	NA
27	667	520	element,	NA
27	668	520	element,	NA
27	669	521	118,	it,
27	670	521	118,	it,
27	671	522	may	NA
27	672	523	be	NA
27	673	524	a	NA
27	674	525	gas.	NA
27	675	525	gas.	NA
27	676	526	Paul	He,
27	677	527	Karol,	He,
27	678	527	Karol,	He,
27	679	527	Karol,	He,
27	680	528	chair	he,
27	681	529	of	he,
27	682	530	the	he,
27	683	531	IUPAC	he,
27	684	531	IUPAC	he,
27	685	531	IUPAC	he,
27	686	532	panel	he,
27	687	533	that	he,
27	688	534	checked	he,
27	689	535	the	he,
27	690	536	elements,	he,
27	691	536	elements,	he,
27	692	537	said:	NA
27	693	537	said:	NA
27	694	538	“It	NA
27	695	538	“It	NA
27	696	538	“It	NA
27	697	539	will	NA
27	698	540	be	NA
27	699	541	a	NA
27	700	542	long	NA
27	701	543	time	NA
27	702	544	before	NA
27	703	545	we	NA
27	704	546	can	NA
27	705	547	find	NA
27	706	548	practical	NA
27	707	549	uses	NA
27	708	550	for	NA
27	709	551	the	them.”
27	710	552	new	them.”
27	711	553	elements.”	them.”
27	712	553	elements.”	them.”
27	713	553	elements.”	them.”
27	714	553	elements.”	them.”
28	0	0	Police	NA
28	1	1	and	NA
28	2	2	intelligence	NA
28	3	3	agencies	NA
28	4	4	around	NA
28	5	5	the	it
28	6	6	world	it
28	7	7	have,	NA
28	8	7	have,	NA
28	9	8	for	NA
28	10	9	almost	NA
28	11	10	100	NA
28	12	11	years,	NA
28	13	11	years,	NA
28	14	12	relied	NA
28	15	13	on	NA
28	16	14	polygraphs	them
28	17	14	polygraphs	them
28	18	14	polygraphs	them
28	19	15	as	NA
28	20	16	lie	NA
28	21	17	detectors	NA
28	22	18	to	NA
28	23	19	help	NA
28	24	20	convict	NA
28	25	21	criminals	NA
28	26	22	or	NA
28	27	23	unearth	NA
28	28	23	unearth	NA
28	29	24	spies	NA
28	30	25	and	NA
28	31	26	traitors.	NA
28	32	26	traitors.	NA
28	33	26	traitors.	NA
28	34	27	The	It
28	35	28	polygraph	It
28	36	28	polygraph	It
28	37	29	is	NA
28	38	30	beloved	NA
28	39	31	of	NA
28	40	32	the	them,
28	41	33	movies,	them,
28	42	33	movies,	them,
28	43	34	with	NA
28	44	35	countless	NA
28	45	36	dramatic	NA
28	46	37	moments	NA
28	47	38	showing	NA
28	48	39	the	them
28	49	40	guilty	them
28	50	41	sweating	NA
28	51	42	profusely	NA
28	52	42	profusely	NA
28	53	42	profusely	NA
28	54	43	as	NA
28	55	44	they	NA
28	56	45	are	NA
28	57	46	hooked	NA
28	58	47	up.	NA
28	59	47	up.	NA
28	60	48	But	NA
28	61	49	the	it
28	62	50	invention	it
28	63	51	could	NA
28	64	52	soon	NA
28	65	53	be	NA
28	66	54	defunct.	NA
28	67	54	defunct.	NA
28	68	55	Researchers	They
28	69	56	in	They
28	70	57	Britain	They
28	71	58	and	They
28	72	59	the	They
28	73	60	Netherlands	They
28	74	61	have	NA
28	75	62	made	NA
28	76	63	a	NA
28	77	64	breakthrough,	NA
28	78	64	breakthrough,	NA
28	79	65	developing	NA
28	80	66	a	it.
28	81	67	method	it.
28	82	68	with	it.
28	83	69	a	it.
28	84	70	success	it.
28	85	71	rate	it.
28	86	72	in	it.
28	87	73	tests	it.
28	88	74	of	it.
28	89	75	over	it.
28	90	76	70%	it.
28	91	76	70%	it.
28	92	77	that	it.
28	93	78	could	it.
28	94	79	be	it.
28	95	80	in	it.
28	96	81	use	it.
28	97	82	in	it.
28	98	83	police	it.
28	99	84	stations	it.
28	100	85	around	it.
28	101	86	the	it.
28	102	87	world	it.
28	103	88	within	it.
28	104	89	a	it.
28	105	90	decade.	it.
28	106	90	decade.	it.
28	107	91	Rather	NA
28	108	92	than	NA
28	109	93	relying	NA
28	110	94	on	NA
28	111	95	facial	NA
28	112	96	tics,	NA
28	113	96	tics,	NA
28	114	96	tics,	NA
28	115	97	talking	NA
28	116	98	too	NA
28	117	99	much	NA
28	118	100	or	NA
28	119	101	waving	NA
28	120	102	of	NA
28	121	103	arms	them
28	122	104	–	NA
28	123	105	all	NA
28	124	106	seen	NA
28	125	107	as	NA
28	126	108	tell-tale	NA
28	127	108	tell-tale	NA
28	128	108	tell-tale	NA
28	129	109	signs	NA
28	130	110	of	NA
28	131	111	lying	NA
28	132	112	–	NA
28	133	113	the	it
28	134	114	new	it
28	135	115	method	it
28	136	116	involves	NA
28	137	117	monitoring	NA
28	138	118	full-body	NA
28	139	118	full-body	NA
28	140	118	full-body	NA
28	141	119	motions	NA
28	142	120	to	NA
28	143	121	provide	NA
28	144	122	an	NA
28	145	123	indicator	NA
28	146	124	of	NA
28	147	125	signs	NA
28	148	126	of	NA
28	149	127	guilty	NA
28	150	128	feelings.	NA
28	151	128	feelings.	NA
28	152	129	The	It
28	153	130	polygraph	It
28	154	130	polygraph	It
28	155	131	is	NA
28	156	132	widely	NA
28	157	133	used	NA
28	158	134	in	NA
28	159	135	the	it
28	160	136	US	it
28	161	137	in	NA
28	162	138	criminal	NA
28	163	139	and	NA
28	164	140	other	NA
28	165	141	cases	NA
28	166	142	and	NA
28	167	143	for	NA
28	168	144	security	NA
28	169	145	clearance	NA
28	170	146	for	NA
28	171	147	the	NA
28	172	148	FBI	NA
28	173	149	and	NA
28	174	150	CIA	NA
28	175	151	but	NA
28	176	152	is	NA
28	177	153	much	NA
28	178	154	less	NA
28	179	155	popular	NA
28	180	156	in	NA
28	181	157	Europe.	NA
28	182	157	Europe.	NA
28	183	158	There	NA
28	184	159	has	NA
28	185	160	been	NA
28	186	161	a	NA
28	187	162	lot	NA
28	188	163	of	NA
28	189	164	skepticism	NA
28	190	165	in	NA
28	191	166	the	NA
28	192	167	scientific	NA
28	193	168	and	NA
28	194	169	legal	NA
28	195	170	communities	NA
28	196	171	about	NA
28	197	172	its	NA
28	198	173	reliability.	NA
28	199	173	reliability.	NA
28	200	174	By	NA
28	201	175	contrast,	NA
28	202	175	contrast,	NA
28	203	176	the	it
28	204	177	new	it
28	205	178	method	it
28	206	179	developed	it
28	207	180	by	it
28	208	181	the	it
28	209	182	researchers	it
28	210	183	has	NA
28	211	184	performed	NA
28	212	185	well	NA
28	213	186	in	NA
28	214	187	experiments.	NA
28	215	187	experiments.	NA
28	216	188	The	It
28	217	189	basic	It
28	218	190	premise	It
28	219	191	is	NA
28	220	192	that	NA
28	221	193	liars	they
28	222	193	liars	they
28	223	194	fidget	they
28	224	194	fidget	they
28	225	195	more	they
28	226	196	and	NA
28	227	197	so	NA
28	228	198	the	NA
28	229	199	use	NA
28	230	200	of	NA
28	231	201	an	it
28	232	202	all-body	it
28	233	202	all-body	it
28	234	202	all-body	it
28	235	203	motion	it
28	236	204	suit	it
28	237	205	–	NA
28	238	206	the	it
28	239	207	kind	it
28	240	208	used	it
28	241	209	in	it
28	242	210	films	it
28	243	211	to	it
28	244	212	create	it
28	245	213	computer-generated	it
28	246	213	computer-generated	it
28	247	213	computer-generated	it
28	248	214	characters	it
28	249	215	–	NA
28	250	216	will	NA
28	251	217	pick	NA
28	252	218	this	NA
28	253	219	up.	NA
28	254	219	up.	NA
28	255	220	One	They,
28	256	221	of	They,
28	257	222	the	They,
28	258	223	research	They,
28	259	224	team,	They,
28	260	224	team,	They,
28	261	225	Ross	he,
28	262	226	Anderson,	he,
28	263	226	Anderson,	he,
28	264	227	said:	NA
28	265	227	said:	NA
28	266	228	“Decades	NA
28	267	228	“Decades	NA
28	268	228	“Decades	NA
28	269	228	“Decades	NA
28	270	229	of	NA
28	271	230	deception	its
28	272	231	research	NA
28	273	232	show	NA
28	274	233	that	NA
28	275	234	the	NA
28	276	235	interviewer	NA
28	277	236	will	NA
28	278	237	tell	NA
28	279	238	truth	it
28	280	239	from	NA
28	281	240	lies	NA
28	282	241	only	NA
28	283	242	slightly	NA
28	284	243	better	NA
28	285	244	than	NA
28	286	245	random.”	NA
28	287	245	random.”	NA
28	288	245	random.”	NA
28	289	245	random.”	NA
28	290	246	He	NA
28	291	247	said	NA
28	292	248	the	it,
28	293	249	new	it,
28	294	250	method,	it,
28	295	250	method,	it,
28	296	251	by	NA
28	297	252	contrast,	NA
28	298	252	contrast,	NA
28	299	253	achieved	NA
28	300	254	a	it%.
28	301	255	reliability	it%.
28	302	256	rating	it%.
28	303	257	of	it%.
28	304	258	over	it%.
28	305	259	70%.	it%.
28	306	259	70%.	it%.
28	307	260	In	NA
28	308	261	some	NA
28	309	262	tests,	NA
28	310	262	tests,	NA
28	311	263	the	it
28	312	264	team	it
28	313	265	has	NA
28	314	266	already	NA
28	315	267	achieved	NA
28	316	268	more	NA
28	317	269	than	NA
28	318	270	80%.	NA
28	319	270	80%.	NA
28	320	271	Anderson	He
28	321	272	said:	NA
28	322	272	said:	NA
28	323	273	“The	NA
28	324	273	“The	NA
28	325	273	“The	NA
28	326	274	takeaway	NA
28	327	275	message	NA
28	328	276	is	NA
28	329	277	that	it
28	330	278	guilty	it
28	331	279	people	it
28	332	280	fidget	it
28	333	280	fidget	it
28	334	281	more	it
28	335	282	and	NA
28	336	283	we	NA
28	337	284	can	NA
28	338	285	measure	NA
28	339	286	this	NA
28	340	287	robustly.”	NA
28	341	287	robustly.”	NA
28	342	287	robustly.”	NA
28	343	287	robustly.”	NA
28	344	287	robustly.”	NA
28	345	288	The	it
28	346	289	polygraph	it
28	347	289	polygraph	it
28	348	290	was	NA
28	349	291	created	NA
28	350	292	in	NA
28	351	293	1921	NA
28	352	294	by	NA
28	353	295	policeman	NA
28	354	296	John	NA
28	355	297	Larson,	NA
28	356	297	Larson,	NA
28	357	298	based	NA
28	358	299	on	NA
28	359	300	research	NA
28	360	301	by	NA
28	361	302	the	NA
28	362	303	psychologist	NA
28	363	304	William	NA
28	364	305	Marston.	NA
28	365	305	Marston.	NA
28	366	305	Marston.	NA
28	367	306	It	NA
28	368	307	records	NA
28	369	308	changes	NA
28	370	309	in	NA
28	371	310	pulse,	NA
28	372	310	pulse,	NA
28	373	311	blood	NA
28	374	312	pressure,	NA
28	375	312	pressure,	NA
28	376	313	sweating	NA
28	377	314	and	NA
28	378	315	breathing	NA
28	379	316	to	NA
28	380	317	ascertain	NA
28	381	318	whether	NA
28	382	319	a	NA
28	383	320	subject	NA
28	384	321	is	NA
28	385	322	lying.	NA
28	386	322	lying.	NA
28	387	323	While	NA
28	388	324	cinema	NA
28	389	325	depictions	NA
28	390	326	suggest	NA
28	391	327	the	it
28	392	328	device	it
28	393	329	is	NA
28	394	330	near-infallible,	NA
28	395	330	near-infallible,	NA
28	396	330	near-infallible,	NA
28	397	330	near-infallible,	NA
28	398	330	near-infallible,	NA
28	399	330	near-infallible,	NA
28	400	331	the	NA
28	401	332	US	NA
28	402	333	Supreme	NA
28	403	334	Court	NA
28	404	335	ruled,	NA
28	405	335	ruled,	NA
28	406	336	in	NA
28	407	337	1998,	NA
28	408	337	1998,	NA
28	409	338	that	NA
28	410	339	there	NA
28	411	340	was	NA
28	412	341	no	NA
28	413	342	consensus	NA
28	414	343	that	NA
28	415	344	the	it
28	416	345	polygraph	it
28	417	345	polygraph	it
28	418	346	was	NA
28	419	347	reliable,	NA
28	420	347	reliable,	NA
28	421	348	a	NA
28	422	349	finding	NA
28	423	350	supported	NA
28	424	351	by	NA
28	425	352	the	NA
28	426	353	US	us
28	427	354	National	NA
28	428	355	Academy	NA
28	429	356	of	NA
28	430	357	Scientists	NA
28	431	358	in	NA
28	432	359	2003.	NA
28	433	359	2003.	NA
28	434	360	The	It
28	435	361	experiment	It
28	436	362	carried	It
28	437	363	out	It
28	438	364	by	It
28	439	365	Anderson	It
28	440	366	and	It
28	441	367	his	It
28	442	368	colleagues	It
28	443	369	involved	NA
28	444	370	180	them.
28	445	371	students	them.
28	446	372	and	them.
28	447	373	employees	them.
28	448	374	at	them.
28	449	375	Lancaster	them.
28	450	376	University,	them.
28	451	376	University,	them.
28	452	377	of	them.
28	453	378	which	them.
28	454	379	half	them.
28	455	380	were	them.
28	456	381	told	them.
28	457	382	to	them.
28	458	383	tell	them.
28	459	384	the	them.
28	460	385	truth	them.
28	461	386	and	them.
28	462	387	half	them.
28	463	388	to	them.
28	464	389	lie.	them.
28	465	389	lie.	them.
28	466	390	They	NA
28	467	391	were	NA
28	468	392	each	NA
28	469	393	paid	NA
28	470	394	£7.50	NA
28	471	394	£7.50	NA
28	472	394	£7.50	NA
28	473	394	£7.50	NA
28	474	395	for	NA
28	475	396	their	NA
28	476	397	participation	NA
28	477	398	in	NA
28	478	399	the	it.
28	479	400	70-minute	it.
28	480	400	70-minute	it.
28	481	400	70-minute	it.
28	482	401	experiment,	it.
28	483	401	experiment,	it.
28	484	402	involving	it.
28	485	403	two	it.
28	486	404	tests.	it.
28	487	404	tests.	it.
28	488	405	Some	They
28	489	406	were	NA
28	490	407	interviewed	NA
28	491	408	about	NA
28	492	409	a	it
28	493	410	computer	it
28	494	411	game	it
28	495	412	Never	NA
28	496	413	End,	NA
28	497	413	End,	NA
28	498	414	which	NA
28	499	415	they	NA
28	500	416	played	NA
28	501	417	for	NA
28	502	418	seven	NA
28	503	419	minutes,	NA
28	504	419	minutes,	NA
28	505	420	while	NA
28	506	421	others	NA
28	507	422	lied	NA
28	508	423	about	NA
28	509	424	playing	NA
28	510	425	it,	NA
28	511	425	it,	NA
28	512	426	having	NA
28	513	427	only	NA
28	514	428	been	NA
28	515	429	shown	NA
28	516	430	notes	NA
28	517	431	about	NA
28	518	432	it.	NA
28	519	432	it.	NA
28	520	433	The	NA
28	521	434	second	NA
28	522	435	test	NA
28	523	436	involved	NA
28	524	437	a	it.
28	525	438	lost	it.
28	526	439	wallet	it.
28	527	440	containing	it.
28	528	441	£5.	it.
28	529	441	£5.	it.
28	530	441	£5.	it.
28	531	442	Some	NA
28	532	443	were	NA
28	533	444	asked	NA
28	534	445	to	NA
28	535	446	bring	NA
28	536	447	the	it
28	537	448	wallet	it
28	538	449	to	NA
28	539	450	a	NA
28	540	451	lost-and-found	NA
28	541	451	lost-and-found	NA
28	542	451	lost-and-found	NA
28	543	451	lost-and-found	NA
28	544	451	lost-and-found	NA
28	545	452	box	NA
28	546	453	while	NA
28	547	454	others	NA
28	548	455	hid	NA
28	549	456	it	NA
28	550	457	and	NA
28	551	458	lied	NA
28	552	459	about	NA
28	553	460	it.	NA
28	554	460	it.	NA
28	555	461	“Overall,	NA
28	556	461	“Overall,	NA
28	557	461	“Overall,	NA
28	558	461	“Overall,	NA
28	559	462	we	NA
28	560	463	correctly	NA
28	561	464	classified	NA
28	562	465	82.2%	NA
28	563	465	82.2%	NA
28	564	465	82.2%	NA
28	565	465	82.2%	NA
28	566	466	(truths:	(they:
28	567	466	(truths:	(they:
28	568	466	(truths:	(they:
28	569	466	(truths:	(they:
28	570	467	88.9%;	NA
28	571	467	88.9%;	NA
28	572	467	88.9%;	NA
28	573	467	88.9%;	NA
28	574	468	lies:	they:
28	575	468	lies:	they:
28	576	469	75.6%)	NA
28	577	469	75.6%)	NA
28	578	469	75.6%)	NA
28	579	469	75.6%)	NA
28	580	470	of	NA
28	581	471	the	them
28	582	472	interviewees	them
28	583	472	interviewees	them
28	584	473	as	NA
28	585	474	either	NA
28	586	475	being	NA
28	587	476	truthful	NA
28	588	477	or	NA
28	589	478	deceptive	NA
28	590	479	based	NA
28	591	480	on	NA
28	592	481	the	NA
28	593	482	combined	NA
28	594	483	movement	NA
28	595	484	in	NA
28	596	485	their	NA
28	597	486	individual	NA
28	598	487	limbs,”	NA
28	599	487	limbs,”	NA
28	600	487	limbs,”	NA
28	601	487	limbs,”	NA
28	602	488	the	NA
28	603	489	report	NA
28	604	490	says.	NA
28	605	490	says.	NA
28	606	491	Anderson	He
28	607	492	said:	NA
28	608	492	said:	NA
28	609	493	“Our	NA
28	610	493	“Our	NA
28	611	493	“Our	NA
28	612	494	first	NA
28	613	495	attempt	NA
28	614	496	looked	NA
28	615	497	at	NA
28	616	498	the	NA
28	617	499	extent	NA
28	618	500	to	NA
28	619	501	which	NA
28	620	502	different	NA
28	621	503	body	NA
28	622	504	parts	NA
28	623	505	and	NA
28	624	506	body	NA
28	625	507	signals	NA
28	626	508	indicated	NA
28	627	509	deception.	it.
28	628	509	deception.	it.
28	629	510	It	NA
28	630	511	turned	NA
28	631	512	out	NA
28	632	513	that	NA
28	633	514	liars	it
28	634	514	liars	it
28	635	515	wave	it
28	636	516	their	it
28	637	517	arms	it
28	638	518	more	it
28	639	519	but,	NA
28	640	519	but,	NA
28	641	520	again,	NA
28	642	520	again,	NA
28	643	521	this	NA
28	644	522	is	NA
28	645	523	only	NA
28	646	524	at	NA
28	647	525	the	NA
28	648	526	55%	NA
28	649	526	55%	NA
28	650	527	level	NA
28	651	528	that	NA
28	652	529	you	NA
28	653	530	can	NA
28	654	531	get	NA
28	655	532	from	NA
28	656	533	a	NA
28	657	534	conventional	NA
28	658	535	polygraph.	NA
28	659	535	polygraph.	NA
28	660	535	polygraph.	NA
28	661	536	The	NA
28	662	537	pay	NA
28	663	538	dirt	NA
28	664	539	was	NA
28	665	540	when	NA
28	666	541	we	NA
28	667	542	considered	NA
28	668	543	total	it.
28	669	544	body	it.
28	670	545	motion.	it.
28	671	545	motion.	it.
28	672	546	That	NA
28	673	547	turns	NA
28	674	548	out	NA
28	675	549	to	NA
28	676	550	tell	NA
28	677	551	truth	it
28	678	552	from	NA
28	679	553	lies	them
28	680	554	over	NA
28	681	555	70%	NA
28	682	555	70%	NA
28	683	556	of	NA
28	684	557	the	NA
28	685	558	time.”	NA
28	686	558	time.”	NA
28	687	558	time.”	NA
28	688	558	time.”	NA
28	689	559	The	NA
28	690	560	use	NA
28	691	561	of	NA
28	692	562	all-body	they
28	693	562	all-body	they
28	694	562	all-body	they
28	695	563	suits	they
28	696	564	is	NA
28	697	565	expensive	NA
28	698	566	–	NA
28	699	567	they	NA
28	700	568	cost	NA
28	701	569	about	NA
28	702	570	£30,000	NA
28	703	570	£30,000	NA
28	704	570	£30,000	NA
28	705	570	£30,000	NA
28	706	571	–	NA
28	707	572	and	NA
28	708	573	can	NA
28	709	574	be	NA
28	710	575	uncomfortable,	NA
28	711	575	uncomfortable,	NA
28	712	576	and	NA
28	713	577	Anderson	he
28	714	578	and	NA
28	715	579	his	they
28	716	580	colleagues	they
28	717	581	are	NA
28	718	582	now	NA
28	719	583	looking	NA
28	720	584	at	NA
28	721	585	low-cost	them.
28	722	585	low-cost	them.
28	723	585	low-cost	them.
28	724	586	alternatives.	them.
28	725	586	alternatives.	them.
28	726	587	These	NA
28	727	588	include	NA
28	728	589	using	NA
28	729	590	motion-sensing	NA
28	730	590	motion-sensing	NA
28	731	590	motion-sensing	NA
28	732	590	motion-sensing	NA
28	733	591	technology	NA
28	734	592	from	NA
28	735	593	computer	NA
28	736	594	games,	NA
28	737	594	games,	NA
28	738	595	such	NA
28	739	596	as	NA
28	740	597	the	NA
28	741	598	Kinect	NA
28	742	599	camera	NA
28	743	600	devices	NA
28	744	601	developed	NA
28	745	602	by	NA
28	746	603	Microsoft	NA
28	747	604	for	NA
28	748	605	the	NA
28	749	606	Xbox	NA
28	750	607	console.	NA
28	751	607	console.	NA
29	0	0	Police	NA
29	1	1	and	NA
29	2	2	intelligence	NA
29	3	3	agencies	NA
29	4	4	around	NA
29	5	5	the	it
29	6	6	world	it
29	7	7	have,	NA
29	8	7	have,	NA
29	9	8	for	NA
29	10	9	almost	NA
29	11	10	100	NA
29	12	11	years,	NA
29	13	11	years,	NA
29	14	12	used	NA
29	15	13	the	it,
29	16	14	polygraph,	it,
29	17	14	polygraph,	it,
29	18	14	polygraph,	it,
29	19	15	a	it,
29	20	16	lie-detector	it,
29	21	16	lie-detector	it,
29	22	16	lie-detector	it,
29	23	16	lie-detector	it,
29	24	17	test,	it,
29	25	17	test,	it,
29	26	18	to	NA
29	27	19	help	NA
29	28	20	catch	NA
29	29	21	criminals	NA
29	30	22	and	NA
29	31	23	spies.	NA
29	32	23	spies.	NA
29	33	24	But,	NA
29	34	24	But,	NA
29	35	25	now,	NA
29	36	25	now,	NA
29	37	26	researchers	they
29	38	27	in	they
29	39	28	Britain	they
29	40	29	and	they
29	41	30	the	they
29	42	31	Netherlands	they
29	43	32	have	NA
29	44	33	developed	NA
29	45	34	a	it.
29	46	35	new	it.
29	47	36	method,	it.
29	48	36	method,	it.
29	49	37	which	it.
29	50	38	is	it.
29	51	39	correct	it.
29	52	40	(in	it.
29	53	40	(in	it.
29	54	41	tests)	it.
29	55	41	tests)	it.
29	56	42	over	it.
29	57	43	70%	it.
29	58	43	70%	it.
29	59	44	of	it.
29	60	45	the	it.
29	61	46	time.	it.
29	62	46	time.	it.
29	63	47	Police	NA
29	64	48	stations	NA
29	65	49	around	NA
29	66	50	the	it
29	67	51	world	it
29	68	52	might	NA
29	69	53	begin	NA
29	70	54	using	NA
29	71	55	this	it
29	72	56	new	it
29	73	57	method	it
29	74	58	within	NA
29	75	59	ten	NA
29	76	60	years.	NA
29	77	60	years.	NA
29	78	61	It	NA
29	79	62	doesn't	NA
29	80	62	doesn't	NA
29	81	63	monitor	NA
29	82	64	movements	them
29	83	65	in	them
29	84	66	the	them
29	85	67	face,	them
29	86	67	face,	them
29	87	68	talking	them
29	88	69	too	them
29	89	70	much	them
29	90	71	or	them
29	91	72	waving	them
29	92	73	arms	them
29	93	74	–	NA
29	94	75	all	they.
29	95	76	signs	they.
29	96	77	that	they.
29	97	78	someone	they.
29	98	79	is	they.
29	99	80	lying.	they.
29	100	80	lying.	they.
29	101	81	The	It
29	102	82	new	It
29	103	83	method	It
29	104	84	monitors	NA
29	105	85	movements	NA
29	106	86	in	NA
29	107	87	the	NA
29	108	88	whole	NA
29	109	89	body,	NA
29	110	89	body,	NA
29	111	90	which	NA
29	112	91	can	NA
29	113	92	show	NA
29	114	93	that	NA
29	115	94	the	they
29	116	95	person	they
29	117	96	is	NA
29	118	97	feeling	NA
29	119	98	guilty.	NA
29	120	98	guilty.	NA
29	121	99	The	It
29	122	100	polygraph	It
29	123	100	polygraph	It
29	124	101	is	NA
29	125	102	often	NA
29	126	103	used	NA
29	127	104	in	NA
29	128	105	the	it
29	129	106	US	it
29	130	107	in	NA
29	131	108	criminal	NA
29	132	109	cases	NA
29	133	110	and	NA
29	134	111	by	NA
29	135	112	the	NA
29	136	113	FBI	NA
29	137	114	and	NA
29	138	115	CIA	NA
29	139	116	but	NA
29	140	117	is	NA
29	141	118	much	NA
29	142	119	less	NA
29	143	120	popular	NA
29	144	121	in	NA
29	145	122	Europe.	NA
29	146	122	Europe.	NA
29	147	123	Many	NA
29	148	124	people	NA
29	149	125	do	NA
29	150	126	not	NA
29	151	127	believe	NA
29	152	128	that	NA
29	153	129	it	NA
29	154	130	is	NA
29	155	131	reliable.	NA
29	156	131	reliable.	NA
29	157	132	The	NA
29	158	133	basic	NA
29	159	134	idea	NA
29	160	135	behind	NA
29	161	136	the	it
29	162	137	new	it
29	163	138	method	it
29	164	139	is	NA
29	165	140	that	NA
29	166	141	liars	they
29	167	141	liars	they
29	168	142	fidget	they
29	169	142	fidget	they
29	170	143	more	they
29	171	144	and	NA
29	172	145	that	NA
29	173	146	an	it
29	174	147	all-body	it
29	175	147	all-body	it
29	176	147	all-body	it
29	177	148	motion	it
29	178	149	suit	it
29	179	150	–	NA
29	180	151	the	it
29	181	152	kind	it
29	182	153	used	it
29	183	154	in	it
29	184	155	films	it
29	185	156	to	it
29	186	157	create	it
29	187	158	computer-generated	it
29	188	158	computer-generated	it
29	189	158	computer-generated	it
29	190	159	characters	it
29	191	160	–	NA
29	192	161	will	NA
29	193	162	record	NA
29	194	163	this.	NA
29	195	163	this.	NA
29	196	164	The	It
29	197	165	new	It
29	198	166	method	It
29	199	167	is	NA
29	200	168	over	NA
29	201	169	70%	NA
29	202	169	70%	NA
29	203	170	reliable	NA
29	204	171	–	NA
29	205	172	the	it
29	206	173	polygraph	it
29	207	173	polygraph	it
29	208	174	is	NA
29	209	175	only	NA
29	210	176	55%	NA
29	211	176	55%	NA
29	212	177	reliable.	NA
29	213	177	reliable.	NA
29	214	178	In	NA
29	215	179	some	NA
29	216	180	tests,	NA
29	217	180	tests,	NA
29	218	181	the	NA
29	219	182	success	NA
29	220	183	rate	NA
29	221	184	of	NA
29	222	185	the	it
29	223	186	new	it
29	224	187	method	it
29	225	188	was	NA
29	226	189	more	NA
29	227	190	than	NA
29	228	191	80%.	NA
29	229	191	80%.	NA
29	230	192	Ross	He,
29	231	193	Anderson,	He,
29	232	193	Anderson,	He,
29	233	194	one	he,
29	234	195	of	he,
29	235	196	the	he,
29	236	197	research	he,
29	237	198	team,	he,
29	238	198	team,	he,
29	239	199	said:	NA
29	240	199	said:	NA
29	241	200	“Guilty	“they
29	242	200	“Guilty	“they
29	243	200	“Guilty	“they
29	244	200	“Guilty	“they
29	245	201	people	“they
29	246	202	fidget	“they
29	247	202	fidget	“they
29	248	203	more	“they
29	249	204	and	NA
29	250	205	we	NA
29	251	206	can	NA
29	252	207	now	NA
29	253	208	measure	NA
29	254	209	this.”	NA
29	255	209	this.”	NA
29	256	209	this.”	NA
29	257	209	this.”	NA
29	258	210	The	it
29	259	211	polygraph	it
29	260	211	polygraph	it
29	261	212	was	NA
29	262	213	created	NA
29	263	214	in	NA
29	264	215	1921	NA
29	265	216	by	NA
29	266	217	policeman	NA
29	267	218	John	NA
29	268	219	Larson,	NA
29	269	219	Larson,	NA
29	270	220	based	NA
29	271	221	on	NA
29	272	222	research	NA
29	273	223	by	NA
29	274	224	the	NA
29	275	225	psychologist	NA
29	276	226	William	NA
29	277	227	Marston.	NA
29	278	227	Marston.	NA
29	279	227	Marston.	NA
29	280	228	It	NA
29	281	229	records	NA
29	282	230	changes	NA
29	283	231	in	NA
29	284	232	pulse,	NA
29	285	232	pulse,	NA
29	286	233	blood	NA
29	287	234	pressure,	NA
29	288	234	pressure,	NA
29	289	235	sweating	NA
29	290	236	and	NA
29	291	237	breathing	NA
29	292	238	to	NA
29	293	239	find	NA
29	294	240	out	NA
29	295	241	if	NA
29	296	242	someone	NA
29	297	243	is	NA
29	298	244	lying.	NA
29	299	244	lying.	NA
29	300	245	In	NA
29	301	246	movies,	them,
29	302	246	movies,	them,
29	303	247	the	it
29	304	248	polygraph	it
29	305	248	polygraph	it
29	306	249	is	NA
29	307	250	always	NA
29	308	251	correct	NA
29	309	252	but,	NA
29	310	252	but,	NA
29	311	253	in	NA
29	312	254	1998,	NA
29	313	254	1998,	NA
29	314	255	the	NA
29	315	256	US	its
29	316	257	Supreme	NA
29	317	258	Court	NA
29	318	259	decided	NA
29	319	260	that	NA
29	320	261	there	NA
29	321	262	was	NA
29	322	263	no	NA
29	323	264	agreement	NA
29	324	265	that	NA
29	325	266	the	it.
29	326	267	polygraph	it.
29	327	267	polygraph	it.
29	328	268	was	it.
29	329	269	reliable.	it.
29	330	269	reliable.	it.
29	331	270	The	NA
29	332	271	US	it
29	333	272	National	NA
29	334	273	Academy	NA
29	335	274	of	NA
29	336	275	Scientists	NA
29	337	276	said	NA
29	338	277	the	it
29	339	278	same	it
29	340	279	thing	it
29	341	280	in	NA
29	342	281	2003.	NA
29	343	281	2003.	NA
29	344	282	The	They
29	345	283	tests	They
29	346	284	Anderson	They
29	347	285	and	They
29	348	286	his	They
29	349	287	colleagues	They
29	350	288	did	They
29	351	289	involved	NA
29	352	290	180	them.
29	353	291	students	them.
29	354	292	and	them.
29	355	293	employees	them.
29	356	294	at	them.
29	357	295	Lancaster	them.
29	358	296	University.	them.
29	359	296	University.	them.
29	360	297	Half	NA
29	361	298	of	NA
29	362	299	the	them
29	363	300	people	them
29	364	301	were	NA
29	365	302	told	NA
29	366	303	to	NA
29	367	304	tell	NA
29	368	305	the	it
29	369	306	truth	it
29	370	307	and	NA
29	371	308	half	NA
29	372	309	to	NA
29	373	310	lie.	NA
29	374	310	lie.	NA
29	375	311	The	They
29	376	312	researchers	They
29	377	313	interviewed	NA
29	378	314	some	them
29	379	315	of	them
29	380	316	the	them
29	381	317	people	them
29	382	318	about	NA
29	383	319	a	it.
29	384	320	computer	it.
29	385	321	game	it.
29	386	322	called	it.
29	387	323	Never	it.
29	388	324	End	it.
29	389	325	that	it.
29	390	326	they	it.
29	391	327	played	it.
29	392	328	for	it.
29	393	329	seven	it.
29	394	330	minutes.	it.
29	395	330	minutes.	it.
29	396	331	Others	NA
29	397	332	lied	NA
29	398	333	about	NA
29	399	334	playing	NA
29	400	335	it.	NA
29	401	335	it.	NA
29	402	336	The	NA
29	403	337	second	NA
29	404	338	test	NA
29	405	339	involved	NA
29	406	340	a	it.
29	407	341	lost	it.
29	408	342	wallet	it.
29	409	343	with	it.
29	410	344	£5	it.
29	411	344	£5	it.
29	412	345	inside.	it.
29	413	345	inside.	it.
29	414	346	Some	NA
29	415	347	people	NA
29	416	348	had	NA
29	417	349	to	NA
29	418	350	bring	NA
29	419	351	the	it
29	420	352	wallet	it
29	421	353	to	NA
29	422	354	a	NA
29	423	355	lost-and-found	NA
29	424	355	lost-and-found	NA
29	425	355	lost-and-found	NA
29	426	355	lost-and-found	NA
29	427	355	lost-and-found	NA
29	428	356	box.	NA
29	429	356	box.	NA
29	430	357	Others	NA
29	431	358	hid	NA
29	432	359	it	NA
29	433	360	and	NA
29	434	361	lied	NA
29	435	362	about	NA
29	436	363	it.	NA
29	437	363	it.	NA
29	438	364	The	It
29	439	365	new	It
29	440	366	body-suit	It
29	441	366	body-suit	It
29	442	366	body-suit	It
29	443	367	method	It
29	444	368	was	NA
29	445	369	correct	NA
29	446	370	82.2%	NA
29	447	370	82.2%	NA
29	448	370	82.2%	NA
29	449	370	82.2%	NA
29	450	371	of	NA
29	451	372	the	NA
29	452	373	time.	NA
29	453	373	time.	NA
29	454	374	Researchers	They
29	455	375	monitored	NA
29	456	376	how	NA
29	457	377	much	NA
29	458	378	the	they
29	459	379	people	they
29	460	380	moved	NA
29	461	381	their	NA
29	462	382	arms	NA
29	463	383	and	NA
29	464	384	legs,	NA
29	465	384	legs,	NA
29	466	385	to	NA
29	467	386	decide	NA
29	468	387	if	NA
29	469	388	they	NA
29	470	389	were	NA
29	471	390	telling	NA
29	472	391	the	it
29	473	392	truth	it
29	474	393	or	NA
29	475	394	lying.	NA
29	476	394	lying.	NA
29	477	395	All-body	They
29	478	395	All-body	They
29	479	395	All-body	They
29	480	396	suits	They
29	481	397	are	NA
29	482	398	expensive	NA
29	483	399	–	NA
29	484	400	they	NA
29	485	401	cost	NA
29	486	402	about	NA
29	487	403	£30,000	NA
29	488	403	£30,000	NA
29	489	403	£30,000	NA
29	490	403	£30,000	NA
29	491	404	–	NA
29	492	405	and	NA
29	493	406	they	NA
29	494	407	can	NA
29	495	408	be	NA
29	496	409	uncomfortable,	NA
29	497	409	uncomfortable,	NA
29	498	410	so	NA
29	499	411	Anderson	he
29	500	412	and	NA
29	501	413	his	they
29	502	414	colleagues	they
29	503	415	are	NA
29	504	416	now	NA
29	505	417	looking	NA
29	506	418	at	NA
29	507	419	cheaper	them.
29	508	420	alternatives.	them.
29	509	420	alternatives.	them.
29	510	421	These	NA
29	511	422	include	NA
29	512	423	using	NA
29	513	424	motion-sensing	NA
29	514	424	motion-sensing	NA
29	515	424	motion-sensing	NA
29	516	424	motion-sensing	NA
29	517	425	technology	NA
29	518	426	from	NA
29	519	427	computer	NA
29	520	428	games,	NA
29	521	428	games,	NA
29	522	429	such	NA
29	523	430	as	NA
29	524	431	the	NA
29	525	432	Kinect	NA
29	526	433	camera	NA
29	527	434	devices	NA
29	528	435	developed	NA
29	529	436	by	NA
29	530	437	Microsoft	NA
29	531	438	for	NA
29	532	439	the	NA
29	533	440	Xbox	NA
29	534	441	console.	NA
29	535	441	console.	NA
30	0	0	Vienna	It
30	1	0	Vienna	It
30	2	1	is	NA
30	3	2	the	it,
30	4	3	world's	it,
30	5	3	world's	it,
30	6	4	best	it,
30	7	5	city	it,
30	8	6	to	it,
30	9	7	live	it,
30	10	8	in,	it,
30	11	8	in,	it,
30	12	9	Baghdad	it
30	13	10	is	NA
30	14	11	the	it
30	15	12	worst	it
30	16	13	and	NA
30	17	14	London,	it,
30	18	14	London,	it,
30	19	15	Paris	it
30	20	16	and	NA
30	21	17	New	it
30	22	18	York	it
30	23	19	do	NA
30	24	20	not	NA
30	25	21	even	NA
30	26	22	make	NA
30	27	23	it	NA
30	28	24	into	NA
30	29	25	the	NA
30	30	26	top	NA
30	31	27	35,	NA
30	32	27	35,	NA
30	33	28	according	NA
30	34	29	to	NA
30	35	30	international	NA
30	36	31	research	NA
30	37	32	into	NA
30	38	33	quality	its.
30	39	34	of	its.
30	40	35	life.	its.
30	41	35	life.	its.
30	42	36	German-speaking	NA
30	43	36	German-speaking	NA
30	44	36	German-speaking	NA
30	45	37	cities	NA
30	46	38	dominate	NA
30	47	39	the	NA
30	48	40	rankings	NA
30	49	41	in	NA
30	50	42	the	it,
30	51	43	18th	it,
30	52	43	18th	it,
30	53	44	Mercer	it,
30	54	45	Quality	it,
30	55	46	of	it,
30	56	47	Life	it,
30	57	48	study,	it,
30	58	48	study,	it,
30	59	49	with	NA
30	60	50	Vienna	it
30	61	51	joined	NA
30	62	52	by	NA
30	63	53	Zurich,	it,
30	64	53	Zurich,	it,
30	65	54	Munich,	NA
30	66	54	Munich,	NA
30	67	55	Dusseldorf	NA
30	68	55	Dusseldorf	NA
30	69	55	Dusseldorf	NA
30	70	55	Dusseldorf	NA
30	71	55	Dusseldorf	NA
30	72	56	and	NA
30	73	57	Frankfurt	NA
30	74	58	in	NA
30	75	59	the	NA
30	76	60	top	NA
30	77	61	seven.	NA
30	78	61	seven.	NA
30	79	62	Paris	It
30	80	63	has	NA
30	81	64	tumbled	NA
30	82	64	tumbled	NA
30	83	65	down	NA
30	84	66	the	NA
30	85	67	league,	NA
30	86	67	league,	NA
30	87	68	falling	NA
30	88	69	ten	NA
30	89	70	places	NA
30	90	71	to	NA
30	91	72	37th,	NA
30	92	72	37th,	NA
30	93	72	37th,	NA
30	94	73	just	NA
30	95	74	ahead	NA
30	96	75	of	NA
30	97	76	London	it
30	98	77	at	NA
30	99	78	39th,	NA
30	100	78	39th,	NA
30	101	78	39th,	NA
30	102	79	almost	NA
30	103	80	entirely	NA
30	104	81	because	NA
30	105	82	of	NA
30	106	83	the	its
30	107	84	city's	its
30	108	84	city's	its
30	109	85	vulnerability	NA
30	110	86	to	NA
30	111	87	terrorist	NA
30	112	88	attacks.	NA
30	113	88	attacks.	NA
30	114	89	The	It
30	115	90	study	It
30	116	91	examined	NA
30	117	92	social	NA
30	118	93	and	NA
30	119	94	economic	NA
30	120	95	conditions,	NA
30	121	95	conditions,	NA
30	122	96	health,	NA
30	123	96	health,	NA
30	124	97	education,	NA
30	125	97	education,	NA
30	126	98	housing	NA
30	127	99	and	NA
30	128	100	the	NA
30	129	101	environment,	NA
30	130	101	environment,	NA
30	131	102	and	NA
30	132	103	is	NA
30	133	104	used	NA
30	134	105	by	NA
30	135	106	big	they
30	136	107	companies	they
30	137	108	to	NA
30	138	109	assess	NA
30	139	110	where	NA
30	140	111	they	NA
30	141	112	should	NA
30	142	113	locate	NA
30	143	114	offices	NA
30	144	115	and	NA
30	145	116	factories	NA
30	146	117	and	NA
30	147	118	how	NA
30	148	119	much	NA
30	149	120	they	NA
30	150	121	should	NA
30	151	122	pay	NA
30	152	123	staff.	NA
30	153	123	staff.	NA
30	154	124	Viennese-born	She,
30	155	124	Viennese-born	She,
30	156	124	Viennese-born	She,
30	157	124	Viennese-born	She,
30	158	124	Viennese-born	She,
30	159	125	Helena	She,
30	160	126	Hartlauer,	She,
30	161	126	Hartlauer,	She,
30	162	126	Hartlauer,	She,
30	163	126	Hartlauer,	She,
30	164	127	32,	NA
30	165	127	32,	NA
30	166	128	said	NA
30	167	129	she	NA
30	168	130	was	NA
30	169	131	not	NA
30	170	132	surprised	NA
30	171	133	at	NA
30	172	134	her	her
30	173	135	city's	her
30	174	135	city's	her
30	175	136	top	NA
30	176	137	position.	NA
30	177	137	position.	NA
30	178	138	The	Its
30	179	139	municipality's	Its
30	180	139	municipality's	Its
30	181	140	social	NA
30	182	141	democratic	NA
30	183	142	government	NA
30	184	143	has	NA
30	185	144	a	NA
30	186	145	long	NA
30	187	146	tradition	NA
30	188	147	of	NA
30	189	148	investing	NA
30	190	149	in	NA
30	191	150	high-quality	NA
30	192	150	high-quality	NA
30	193	150	high-quality	NA
30	194	151	social	NA
30	195	152	housing,	NA
30	196	152	housing,	NA
30	197	153	making	NA
30	198	154	Vienna	it
30	199	155	almost	NA
30	200	156	uniquely	NA
30	201	157	affordable	NA
30	202	158	among	NA
30	203	159	major	NA
30	204	160	cities.	NA
30	205	160	cities.	NA
30	206	161	“I	NA
30	207	161	“I	NA
30	208	161	“I	NA
30	209	162	live	NA
30	210	163	in	NA
30	211	164	a	NA
30	212	165	100sq-	NA
30	213	165	100sq-	NA
30	214	165	100sq-	NA
30	215	166	meter	NA
30	216	167	turn-of-the-century	NA
30	217	167	turn-of-the-century	NA
30	218	167	turn-of-the-century	NA
30	219	167	turn-of-the-century	NA
30	220	167	turn-of-the-century	NA
30	221	167	turn-of-the-century	NA
30	222	167	turn-of-the-century	NA
30	223	168	apartment	NA
30	224	169	in	NA
30	225	170	a	NA
30	226	171	good	NA
30	227	172	area	NA
30	228	173	about	NA
30	229	174	20	NA
30	230	175	minutes'	NA
30	231	175	minutes'	NA
30	232	176	walk	NA
30	233	177	from	NA
30	234	178	the	NA
30	235	179	city	NA
30	236	180	center.	NA
30	237	180	center.	NA
30	238	181	But	NA
30	239	182	my	it
30	240	183	rent	it
30	241	184	is	NA
30	242	185	just	NA
30	243	186	€800	€it
30	244	186	€800	€it
30	245	187	(£625)	NA
30	246	187	(£625)	NA
30	247	187	(£625)	NA
30	248	188	a	NA
30	249	189	month.”	NA
30	250	189	month.”	NA
30	251	189	month.”	NA
30	252	189	month.”	NA
30	253	190	An	NA
30	254	191	equivalent	NA
30	255	192	apartment	NA
30	256	193	in	NA
30	257	194	London	it
30	258	195	would	NA
30	259	196	cost	NA
30	260	197	upwards	NA
30	261	198	of	NA
30	262	199	£2,000	NA
30	263	199	£2,000	NA
30	264	199	£2,000	NA
30	265	199	£2,000	NA
30	266	200	and	NA
30	267	201	even	NA
30	268	202	more	NA
30	269	203	in	NA
30	270	204	New	it.
30	271	205	York,	it.
30	272	205	York,	it.
30	273	206	ranked	it.
30	274	207	44th	it.
30	275	207	44th	it.
30	276	208	in	it.
30	277	209	the	it.
30	278	210	table.	it.
30	279	210	table.	it.
30	280	211	US	Their
30	281	212	cities	NA
30	282	213	perform	NA
30	283	214	relatively	NA
30	284	215	poorly	NA
30	285	216	in	NA
30	286	217	the	it,
30	287	218	study,	it,
30	288	218	study,	it,
30	289	219	largely	NA
30	290	220	because	NA
30	291	221	of	NA
30	292	222	issues	NA
30	293	223	around	NA
30	294	224	personal	NA
30	295	225	safety	NA
30	296	226	and	NA
30	297	227	crime.	NA
30	298	227	crime.	NA
30	299	228	The	It
30	300	229	highest	It
30	301	230	ranking	It
30	302	231	city	It
30	303	232	in	It
30	304	233	the	It
30	305	234	US	It
30	306	235	is	NA
30	307	236	San	it,
30	308	237	Francisco,	it,
30	309	237	Francisco,	it,
30	310	238	at	NA
30	311	239	28th;	NA
30	312	239	28th;	NA
30	313	239	28th;	NA
30	314	240	Boston	NA
30	315	241	is	NA
30	316	242	34th.	NA
30	317	242	34th.	NA
30	318	242	34th.	NA
30	319	243	Canadian	They,
30	320	244	cities,	They,
30	321	244	cities,	They,
30	322	245	led	They,
30	323	246	by	They,
30	324	247	Vancouver,	They,
30	325	247	Vancouver,	They,
30	326	248	far	NA
30	327	249	outrank	NA
30	328	249	outrank	NA
30	329	250	their	their
30	330	251	US	their
30	331	252	rivals	their
30	332	253	in	NA
30	333	254	the	it.
30	334	255	table.	it.
30	335	255	table.	it.
30	336	256	“You	NA
30	337	256	“You	NA
30	338	256	“You	NA
30	339	257	don't	NA
30	340	257	don't	NA
30	341	258	realize	NA
30	342	259	how	NA
30	343	260	safe	NA
30	344	261	Vienna	it
30	345	262	is	NA
30	346	263	until	NA
30	347	264	you	NA
30	348	265	head	NA
30	349	266	abroad,”	NA
30	350	266	abroad,”	NA
30	351	266	abroad,”	NA
30	352	266	abroad,”	NA
30	353	267	said	NA
30	354	268	Hartlauer.	he.
30	355	268	Hartlauer.	he.
30	356	268	Hartlauer.	he.
30	357	268	Hartlauer.	he.
30	358	269	“We	NA
30	359	269	“We	NA
30	360	269	“We	NA
30	361	270	also	NA
30	362	271	have	NA
30	363	272	terrific	it,
30	364	273	public	it,
30	365	274	transport,	it,
30	366	274	transport,	it,
30	367	275	with	NA
30	368	276	the	NA
30	369	277	underground	NA
30	370	278	working	NA
30	371	279	24	NA
30	372	280	hours	NA
30	373	281	at	NA
30	374	282	weekends,	NA
30	375	282	weekends,	NA
30	376	283	and	NA
30	377	284	it	NA
30	378	285	only	NA
30	379	286	costs	NA
30	380	287	€1	NA
30	381	287	€1	NA
30	382	288	per	NA
30	383	289	trip.”	NA
30	384	289	trip.”	NA
30	385	289	trip.”	NA
30	386	289	trip.”	NA
30	387	290	“Our	“our
30	388	290	“Our	“our
30	389	290	“Our	“our
30	390	291	big	“our
30	391	292	USP	“our
30	392	292	USP	“our
30	393	293	(unique	(it)
30	394	293	(unique	(it)
30	395	294	selling	(it)
30	396	295	point)	(it)
30	397	295	point)	(it)
30	398	296	is	NA
30	399	297	our	our,”
30	400	298	geographical	our,”
30	401	299	location,”	our,”
30	402	299	location,”	our,”
30	403	299	location,”	our,”
30	404	299	location,”	our,”
30	405	300	said	NA
30	406	301	Martin	he,
30	407	302	Eichtinger,	he,
30	408	302	Eichtinger,	he,
30	409	302	Eichtinger,	he,
30	410	302	Eichtinger,	he,
30	411	302	Eichtinger,	he,
30	412	303	Austrian	he,
30	413	304	ambassador	he,
30	414	305	to	he,
30	415	306	London,	he,
30	416	306	London,	he,
30	417	307	who	NA
30	418	308	lived	NA
30	419	309	in	NA
30	420	310	Vienna	it
30	421	311	for	NA
30	422	312	20	NA
30	423	313	years.	NA
30	424	313	years.	NA
30	425	314	“The	NA
30	426	314	“The	NA
30	427	314	“The	NA
30	428	315	fall	NA
30	429	316	of	NA
30	430	317	the	NA
30	431	318	Berlin	NA
30	432	319	Wall	NA
30	433	320	helped	NA
30	434	321	define	NA
30	435	322	Vienna	it
30	436	323	as	NA
30	437	324	a	NA
30	438	325	hub	NA
30	439	326	for	NA
30	440	327	companies	NA
30	441	328	wanting	NA
30	442	329	to	NA
30	443	330	do	NA
30	444	331	business	NA
30	445	332	in	NA
30	446	333	Central	NA
30	447	334	Europe.”	NA
30	448	334	Europe.”	NA
30	449	334	Europe.”	NA
30	450	334	Europe.”	NA
30	451	335	According	NA
30	452	336	to	NA
30	453	337	the	NA
30	454	338	World	NA
30	455	339	Bank,	NA
30	456	339	Bank,	NA
30	457	340	Austria	NA
30	458	341	has	NA
30	459	342	one	NA
30	460	343	of	NA
30	461	344	the	NA
30	462	345	highest	NA
30	463	346	figures	NA
30	464	347	for	NA
30	465	348	GDP	NA
30	466	349	per	NA
30	467	350	head	NA
30	468	351	in	NA
30	469	352	the	it,
30	470	353	world,	it,
30	471	353	world,	it,
30	472	354	just	NA
30	473	355	behind	NA
30	474	356	the	them
30	475	357	US	them
30	476	358	and	NA
30	477	359	ahead	NA
30	478	360	of	NA
30	479	361	Germany	NA
30	480	362	and	NA
30	481	363	Britain,	NA
30	482	363	Britain,	NA
30	483	364	although	NA
30	484	365	quite	NA
30	485	366	some	NA
30	486	367	way	NA
30	487	368	below	NA
30	488	369	neighboring	its.
30	489	370	Switzerland.	its.
30	490	370	Switzerland.	its.
30	491	371	Zurich	It
30	492	372	in	It
30	493	373	Switzerland	It
30	494	374	is	NA
30	495	375	named	NA
30	496	376	by	NA
30	497	377	Mercer	it
30	498	378	as	NA
30	499	379	having	NA
30	500	380	the	its
30	501	381	world's	its
30	502	381	world's	its
30	503	382	second	NA
30	504	383	highest	NA
30	505	384	quality	NA
30	506	385	of	NA
30	507	386	life	NA
30	508	387	but	NA
30	509	388	the	they
30	510	389	Viennese	they
30	511	389	Viennese	they
30	512	389	Viennese	they
30	513	390	say	NA
30	514	391	their	their
30	515	392	city	their
30	516	393	is	NA
30	517	394	far	NA
30	518	395	more	NA
30	519	396	fun.	NA
30	520	396	fun.	NA
30	521	397	“There	NA
30	522	397	“There	NA
30	523	397	“There	NA
30	524	398	are	NA
30	525	399	more	NA
30	526	400	students	NA
30	527	401	in	NA
30	528	402	Vienna	it
30	529	403	than	NA
30	530	404	any	NA
30	531	405	other	NA
30	532	406	German-speaking	NA
30	533	406	German-speaking	NA
30	534	406	German-speaking	NA
30	535	407	city,”	NA
30	536	407	city,”	NA
30	537	407	city,”	NA
30	538	407	city,”	NA
30	539	408	said	NA
30	540	409	Hartlauer.	he.
30	541	409	Hartlauer.	he.
30	542	409	Hartlauer.	he.
30	543	409	Hartlauer.	he.
30	544	410	“It's	NA
30	545	410	“It's	NA
30	546	410	“It's	NA
30	547	410	“It's	NA
30	548	411	a	it,”
30	549	412	very	it,”
30	550	413	fast	it,”
30	551	414	growing,	it,”
30	552	414	growing,	it,”
30	553	415	young	it,”
30	554	416	and	it,”
30	555	417	lively	it,”
30	556	418	city,”	it,”
30	557	418	city,”	it,”
30	558	418	city,”	it,”
30	559	418	city,”	it,”
30	560	419	she	NA
30	561	420	added	NA
30	562	421	–	NA
30	563	422	though	NA
30	564	423	she	NA
30	565	424	conceded	NA
30	566	425	she	NA
30	567	426	works	NA
30	568	427	for	NA
30	569	428	the	its
30	570	429	city's	its
30	571	429	city's	its
30	572	430	tourist	NA
30	573	431	board.	NA
30	574	431	board.	NA
31	0	0	Vienna	It
31	1	0	Vienna	It
31	2	1	is	NA
31	3	2	the	it,
31	4	3	world's	it,
31	5	3	world's	it,
31	6	4	best	it,
31	7	5	city	it,
31	8	6	to	it,
31	9	7	live	it,
31	10	8	in,	it,
31	11	8	in,	it,
31	12	9	Baghdad	it
31	13	10	is	NA
31	14	11	the	it
31	15	12	worst	it
31	16	13	and	NA
31	17	14	London,	it,
31	18	14	London,	it,
31	19	15	Paris	it
31	20	16	and	NA
31	21	17	New	they
31	22	18	York	they
31	23	19	are	NA
31	24	20	not	NA
31	25	21	in	NA
31	26	22	the	NA
31	27	23	top	NA
31	28	24	35,	NA
31	29	24	35,	NA
31	30	25	says	NA
31	31	26	an	it.
31	32	27	international	it.
31	33	28	study	it.
31	34	29	on	it.
31	35	30	quality	it.
31	36	31	of	it.
31	37	32	life.	it.
31	38	32	life.	it.
31	39	33	German-speaking	NA
31	40	33	German-speaking	NA
31	41	33	German-speaking	NA
31	42	34	cities	NA
31	43	35	do	NA
31	44	36	well	NA
31	45	37	in	NA
31	46	38	the	it,
31	47	39	18th	it,
31	48	39	18th	it,
31	49	40	Mercer	it,
31	50	41	Quality	it,
31	51	42	of	it,
31	52	43	Life	it,
31	53	44	study,	it,
31	54	44	study,	it,
31	55	45	with	NA
31	56	46	Vienna,	it,
31	57	46	Vienna,	it,
31	58	47	Zurich,	it,
31	59	47	Zurich,	it,
31	60	48	Munich,	NA
31	61	48	Munich,	NA
31	62	49	Dusseldorf	NA
31	63	49	Dusseldorf	NA
31	64	49	Dusseldorf	NA
31	65	49	Dusseldorf	NA
31	66	49	Dusseldorf	NA
31	67	50	and	NA
31	68	51	Frankfurt	NA
31	69	52	in	NA
31	70	53	the	NA
31	71	54	top	NA
31	72	55	seven.	NA
31	73	55	seven.	NA
31	74	56	Paris	It
31	75	57	fell	NA
31	76	58	ten	NA
31	77	59	places	NA
31	78	60	to	NA
31	79	61	37th.	NA
31	80	61	37th.	NA
31	81	61	37th.	NA
31	82	62	This	NA
31	83	63	was	NA
31	84	64	mostly	NA
31	85	65	because	NA
31	86	66	of	NA
31	87	67	the	NA
31	88	68	terrorist	NA
31	89	69	attacks	NA
31	90	70	on	NA
31	91	71	the	it.
31	92	72	city.	it.
31	93	72	city.	it.
31	94	73	Paris	It
31	95	74	was	NA
31	96	75	just	NA
31	97	76	above	NA
31	98	77	London	it
31	99	78	in	NA
31	100	79	39th	NA
31	101	79	39th	NA
31	102	80	place.	NA
31	103	80	place.	NA
31	104	81	The	It
31	105	82	study	It
31	106	83	looked	NA
31	107	84	at	NA
31	108	85	the	NA
31	109	86	economy,	NA
31	110	86	economy,	NA
31	111	87	health,	NA
31	112	87	health,	NA
31	113	88	education,	NA
31	114	88	education,	NA
31	115	89	housing	NA
31	116	90	and	NA
31	117	91	the	NA
31	118	92	environment.	NA
31	119	92	environment.	NA
31	120	93	Big	They
31	121	94	companies	They
31	122	95	use	NA
31	123	96	the	NA
31	124	97	results	NA
31	125	98	of	NA
31	126	99	the	it
31	127	100	study	it
31	128	101	to	NA
31	129	102	decide	NA
31	130	103	where	NA
31	131	104	they	NA
31	132	105	should	NA
31	133	106	open	NA
31	134	107	offices	NA
31	135	108	and	NA
31	136	109	factories	NA
31	137	110	and	NA
31	138	111	how	NA
31	139	112	much	NA
31	140	113	they	NA
31	141	114	should	NA
31	142	115	pay	NA
31	143	116	their	NA
31	144	117	employees.	NA
31	145	117	employees.	NA
31	146	118	Helena	She,
31	147	119	Hartlauer,	She,
31	148	119	Hartlauer,	She,
31	149	119	Hartlauer,	She,
31	150	119	Hartlauer,	She,
31	151	120	32,	NA
31	152	120	32,	NA
31	153	121	is	NA
31	154	122	from	NA
31	155	123	Vienna.	it.
31	156	123	Vienna.	it.
31	157	124	She	NA
31	158	125	said	NA
31	159	126	she	NA
31	160	127	was	NA
31	161	128	not	NA
31	162	129	surprised	NA
31	163	130	about	NA
31	164	131	her	its
31	165	132	city's	its
31	166	132	city's	its
31	167	133	top	NA
31	168	134	position.	NA
31	169	134	position.	NA
31	170	135	For	NA
31	171	136	many	NA
31	172	137	years,	NA
31	173	137	years,	NA
31	174	138	Vienna's	it.
31	175	138	Vienna's	it.
31	176	139	government	it.
31	177	140	has	it.
31	178	141	spent	it.
31	179	142	money	it.
31	180	143	on	it.
31	181	144	good	it.
31	182	145	social	it.
31	183	146	housing.	it.
31	184	146	housing.	it.
31	185	147	This	NA
31	186	148	makes	NA
31	187	149	Vienna	it
31	188	150	a	NA
31	189	151	cheap	NA
31	190	152	place	NA
31	191	153	to	NA
31	192	154	live	NA
31	193	155	compared	NA
31	194	156	to	NA
31	195	157	other	NA
31	196	158	big	NA
31	197	159	cities.	NA
31	198	159	cities.	NA
31	199	160	“I	NA
31	200	160	“I	NA
31	201	160	“I	NA
31	202	161	live	NA
31	203	162	in	NA
31	204	163	a	NA
31	205	164	100	NA
31	206	165	square-meter	NA
31	207	165	square-meter	NA
31	208	165	square-meter	NA
31	209	166	apartment	NA
31	210	167	in	NA
31	211	168	a	NA
31	212	169	good	NA
31	213	170	area	NA
31	214	171	about	NA
31	215	172	20	NA
31	216	173	minutes'	NA
31	217	173	minutes'	NA
31	218	174	walk	NA
31	219	175	from	NA
31	220	176	the	NA
31	221	177	city	NA
31	222	178	center.	NA
31	223	178	center.	NA
31	224	179	But	NA
31	225	180	my	NA
31	226	181	rent	NA
31	227	182	is	NA
31	228	183	just	NA
31	229	184	€800	NA
31	230	184	€800	NA
31	231	185	(£625)	NA
31	232	185	(£625)	NA
31	233	185	(£625)	NA
31	234	186	a	NA
31	235	187	month.”	NA
31	236	187	month.”	NA
31	237	187	month.”	NA
31	238	187	month.”	NA
31	239	188	A	NA
31	240	189	similar	NA
31	241	190	apartment	NA
31	242	191	in	NA
31	243	192	London	it
31	244	193	costs	NA
31	245	194	over	NA
31	246	195	£2,000	NA
31	247	195	£2,000	NA
31	248	195	£2,000	NA
31	249	195	£2,000	NA
31	250	196	and	NA
31	251	197	even	NA
31	252	198	more	NA
31	253	199	in	NA
31	254	200	New	it.
31	255	201	York,	it.
31	256	201	York,	it.
31	257	202	which	it.
31	258	203	came	it.
31	259	204	44th	it.
31	260	204	44th	it.
31	261	205	in	it.
31	262	206	the	it.
31	263	207	study.	it.
31	264	207	study.	it.
31	265	208	US	Their
31	266	209	cities	NA
31	267	210	do	NA
31	268	211	badly	NA
31	269	212	in	NA
31	270	213	the	it,
31	271	214	study,	it,
31	272	214	study,	it,
31	273	215	mostly	NA
31	274	216	because	NA
31	275	217	of	NA
31	276	218	worries	NA
31	277	219	about	NA
31	278	220	personal	NA
31	279	221	safety	NA
31	280	222	and	NA
31	281	223	crime.	NA
31	282	223	crime.	NA
31	283	224	The	It
31	284	225	US	It
31	285	226	city	It
31	286	227	in	It
31	287	228	top	It
31	288	229	position	It
31	289	230	is	NA
31	290	231	San	it;
31	291	232	Francisco,	it;
31	292	232	Francisco,	it;
31	293	233	in	it;
31	294	234	28th	it;
31	295	234	28th	it;
31	296	235	position;	it;
31	297	235	position;	it;
31	298	236	Boston	NA
31	299	237	is	NA
31	300	238	34th.	NA
31	301	238	34th.	NA
31	302	238	34th.	NA
31	303	239	“You	NA
31	304	239	“You	NA
31	305	239	“You	NA
31	306	240	don't	NA
31	307	240	don't	NA
31	308	241	realize	NA
31	309	242	how	NA
31	310	243	safe	NA
31	311	244	Vienna	it
31	312	245	is	NA
31	313	246	until	NA
31	314	247	you	NA
31	315	248	go	NA
31	316	249	abroad,”	NA
31	317	249	abroad,”	NA
31	318	249	abroad,”	NA
31	319	249	abroad,”	NA
31	320	250	said	NA
31	321	251	Hartlauer.	he.
31	322	251	Hartlauer.	he.
31	323	251	Hartlauer.	he.
31	324	251	Hartlauer.	he.
31	325	252	“We	NA
31	326	252	“We	NA
31	327	252	“We	NA
31	328	253	also	NA
31	329	254	have	NA
31	330	255	terrific	it
31	331	256	public	it
31	332	257	transport	it
31	333	258	–	NA
31	334	259	the	NA
31	335	260	underground	NA
31	336	261	trains	NA
31	337	262	run	NA
31	338	263	24	NA
31	339	264	hours	NA
31	340	265	at	NA
31	341	266	weekends	NA
31	342	267	and	NA
31	343	268	it	NA
31	344	269	only	NA
31	345	270	costs	NA
31	346	271	€1	NA
31	347	271	€1	NA
31	348	272	per	NA
31	349	273	trip.”	NA
31	350	273	trip.”	NA
31	351	273	trip.”	NA
31	352	273	trip.”	NA
31	353	274	“Vienna's	“its
31	354	274	“Vienna's	“its
31	355	274	“Vienna's	“its
31	356	274	“Vienna's	“its
31	357	274	“Vienna's	“its
31	358	275	location	NA
31	359	276	is	NA
31	360	277	very	NA
31	361	278	special,”	NA
31	362	278	special,”	NA
31	363	278	special,”	NA
31	364	278	special,”	NA
31	365	279	said	NA
31	366	280	Martin	he,
31	367	281	Eichtinger,	he,
31	368	281	Eichtinger,	he,
31	369	281	Eichtinger,	he,
31	370	281	Eichtinger,	he,
31	371	281	Eichtinger,	he,
31	372	282	Austrian	he,
31	373	283	ambassador	he,
31	374	284	to	he,
31	375	285	London,	he,
31	376	285	London,	he,
31	377	286	who	NA
31	378	287	lived	NA
31	379	288	in	NA
31	380	289	Vienna	it
31	381	290	for	NA
31	382	291	20	NA
31	383	292	years.	NA
31	384	292	years.	NA
31	385	293	“The	NA
31	386	293	“The	NA
31	387	293	“The	NA
31	388	294	fall	NA
31	389	295	of	NA
31	390	296	the	NA
31	391	297	Berlin	NA
31	392	298	Wall	NA
31	393	299	helped	NA
31	394	300	make	NA
31	395	301	Vienna	it
31	396	302	a	NA
31	397	303	center	NA
31	398	304	for	NA
31	399	305	companies	NA
31	400	306	who	NA
31	401	307	want	NA
31	402	308	to	NA
31	403	309	do	NA
31	404	310	business	NA
31	405	311	in	NA
31	406	312	Central	NA
31	407	313	Europe.”	NA
31	408	313	Europe.”	NA
31	409	313	Europe.”	NA
31	410	313	Europe.”	NA
31	411	314	Mercer	it
31	412	315	says	NA
31	413	316	Zurich	it
31	414	317	in	it
31	415	318	Switzerland	it
31	416	319	has	NA
31	417	320	the	its
31	418	321	world's	its
31	419	321	world's	its
31	420	322	second	NA
31	421	323	highest	NA
31	422	324	quality	NA
31	423	325	of	NA
31	424	326	life	NA
31	425	327	but	NA
31	426	328	the	they
31	427	329	Viennese	they
31	428	329	Viennese	they
31	429	329	Viennese	they
31	430	330	say	NA
31	431	331	their	it
31	432	332	city	it
31	433	333	is	NA
31	434	334	far	NA
31	435	335	more	NA
31	436	336	fun.	NA
31	437	336	fun.	NA
31	438	337	“There	NA
31	439	337	“There	NA
31	440	337	“There	NA
31	441	338	are	NA
31	442	339	more	NA
31	443	340	students	NA
31	444	341	in	NA
31	445	342	Vienna	it
31	446	343	than	NA
31	447	344	any	NA
31	448	345	other	NA
31	449	346	German-speaking	NA
31	450	346	German-speaking	NA
31	451	346	German-speaking	NA
31	452	347	city,”	NA
31	453	347	city,”	NA
31	454	347	city,”	NA
31	455	347	city,”	NA
31	456	348	said	NA
31	457	349	Hartlauer.	he.
31	458	349	Hartlauer.	he.
31	459	349	Hartlauer.	he.
31	460	349	Hartlauer.	he.
31	461	350	“It's	NA
31	462	350	“It's	NA
31	463	350	“It's	NA
31	464	350	“It's	NA
31	465	351	a	it,”
31	466	352	very	it,”
31	467	353	young	it,”
31	468	354	and	it,”
31	469	355	lively	it,”
31	470	356	city,”	it,”
31	471	356	city,”	it,”
31	472	356	city,”	it,”
31	473	356	city,”	it,”
31	474	357	she	NA
31	475	358	added.	NA
31	476	358	added.	NA
32	0	0	Clay	He
32	1	0	Clay	He
32	2	1	Cockrell	He
32	3	1	Cockrell	He
32	4	2	is	NA
32	5	3	sitting	NA
32	6	4	in	NA
32	7	5	his	NA
32	8	6	office	NA
32	9	7	at	NA
32	10	8	Columbus	NA
32	11	9	Circle,	NA
32	12	9	Circle,	NA
32	13	10	across	NA
32	14	11	the	NA
32	15	12	street	NA
32	16	13	from	NA
32	17	14	1	NA
32	18	15	Central	NA
32	19	16	Park	NA
32	20	17	West,	NA
32	21	17	West,	NA
32	22	18	which	NA
32	23	19	houses	NA
32	24	20	Trump	it.
32	25	21	International	it.
32	26	22	Hotel	it.
32	27	23	and	it.
32	28	24	Tower.	it.
32	29	24	Tower.	it.
32	30	25	In	NA
32	31	26	front	NA
32	32	27	of	NA
32	33	28	the	it
32	34	29	tower	it
32	35	30	is	NA
32	36	31	Central	it.
32	37	32	Park,	it.
32	38	32	Park,	it.
32	39	33	where	it.
32	40	34	Cockrell	it.
32	41	34	Cockrell	it.
32	42	35	holds	it.
32	43	36	his	it.
32	44	37	popular	it.
32	45	38	walk	it.
32	46	39	and	it.
32	47	40	talk	it.
32	48	41	therapy	it.
32	49	42	sessions.	it.
32	50	42	sessions.	it.
32	51	43	Cockrell,	He,
32	52	43	Cockrell,	He,
32	53	43	Cockrell,	He,
32	54	44	a	he,
32	55	45	former	he,
32	56	46	Wall	he,
32	57	47	Street	he,
32	58	48	worker	he,
32	59	49	turned	he,
32	60	50	therapist,	he,
32	61	50	therapist,	he,
32	62	51	spends	NA
32	63	52	large	NA
32	64	53	parts	NA
32	65	54	of	NA
32	66	55	his	NA
32	67	56	days	NA
32	68	57	walking	NA
32	69	58	through	NA
32	70	59	Central	it
32	71	60	Park	it
32	72	61	or	NA
32	73	62	the	NA
32	74	63	Battery	NA
32	75	64	Park	NA
32	76	65	in	NA
32	77	66	downtown	NA
32	78	67	Manhattan	NA
32	79	68	near	NA
32	80	69	Wall	it,
32	81	70	Street,	it,
32	82	70	Street,	it,
32	83	71	as	NA
32	84	72	a	NA
32	85	73	confidant	NA
32	86	73	confidant	NA
32	87	74	and	NA
32	88	75	counselor	NA
32	89	76	to	NA
32	90	77	some	NA
32	91	78	of	NA
32	92	79	New	NA
32	93	80	York's	NA
32	94	80	York's	NA
32	95	81	wealthiest	NA
32	96	82	people.	NA
32	97	82	people.	NA
32	98	83	“I	NA
32	99	83	“I	NA
32	100	83	“I	NA
32	101	84	shifted	NA
32	102	85	towards	NA
32	103	86	it	NA
32	104	87	naturally,”	NA
32	105	87	naturally,”	NA
32	106	87	naturally,”	NA
32	107	87	naturally,”	NA
32	108	88	he	NA
32	109	89	said	NA
32	110	90	of	NA
32	111	91	his	NA
32	112	92	becoming	NA
32	113	93	an	it.
32	114	94	expert	it.
32	115	95	in	it.
32	116	96	wealth	it.
32	117	97	therapy.	it.
32	118	97	therapy.	it.
32	119	98	“Many	“They
32	120	98	“Many	“They
32	121	98	“Many	“They
32	122	99	of	“They
32	123	100	the	“They
32	124	101	extremely	“They
32	125	102	wealthy	“They
32	126	103	–	NA
32	127	104	the	they%
32	128	105	1%	they%
32	129	105	1%	they%
32	130	106	of	they%
32	131	107	the	they%
32	132	108	1%	they%
32	133	108	1%	they%
32	134	109	–	NA
32	135	110	feel	NA
32	136	111	that	NA
32	137	112	their	their
32	138	113	problems	their
32	139	114	are	NA
32	140	115	really	NA
32	141	116	not	NA
32	142	117	problems.	our.
32	143	117	problems.	our.
32	144	118	But	NA
32	145	119	they	NA
32	146	120	are.	NA
32	147	120	are.	NA
32	148	121	A	NA
32	149	122	lot	NA
32	150	123	of	NA
32	151	124	therapists	NA
32	152	125	do	NA
32	153	126	not	NA
32	154	127	give	NA
32	155	128	enough	NA
32	156	129	weight	NA
32	157	130	to	NA
32	158	131	their	their.”
32	159	132	issues.”	their.”
32	160	132	issues.”	their.”
32	161	132	issues.”	their.”
32	162	132	issues.”	their.”
32	163	133	So,	NA
32	164	133	So,	NA
32	165	134	what	NA
32	166	135	issues	NA
32	167	136	are	NA
32	168	137	America's	they%
32	169	137	America's	they%
32	170	138	1%	they%
32	171	138	1%	they%
32	172	139	struggling	NA
32	173	140	with?	NA
32	174	140	with?	NA
32	175	141	“There	NA
32	176	141	“There	NA
32	177	141	“There	NA
32	178	142	is	NA
32	179	143	guilt	NA
32	180	144	over	NA
32	181	145	being	NA
32	182	146	rich	NA
32	183	147	in	NA
32	184	148	the	NA
32	185	149	first	NA
32	186	150	place,”	NA
32	187	150	place,”	NA
32	188	150	place,”	NA
32	189	150	place,”	NA
32	190	151	he	NA
32	191	152	said.	NA
32	192	152	said.	NA
32	193	153	“There	NA
32	194	153	“There	NA
32	195	153	“There	NA
32	196	154	is	NA
32	197	155	the	NA
32	198	156	feeling	NA
32	199	157	that	NA
32	200	158	they	NA
32	201	159	have	NA
32	202	160	to	NA
32	203	161	hide	NA
32	204	162	the	NA
32	205	163	fact	NA
32	206	164	that	NA
32	207	165	they	NA
32	208	166	are	NA
32	209	167	rich.	NA
32	210	167	rich.	NA
32	211	168	And,	NA
32	212	168	And,	NA
32	213	169	then,	NA
32	214	169	then,	NA
32	215	170	there	NA
32	216	171	is	NA
32	217	172	the	NA
32	218	173	isolation	NA
32	219	174	–	NA
32	220	175	being	NA
32	221	176	in	NA
32	222	177	the	it%,
32	223	178	1%,	it%,
32	224	178	1%,	it%,
32	225	179	it	NA
32	226	180	turns	NA
32	227	181	out,	NA
32	228	181	out,	NA
32	229	182	can	NA
32	230	183	be	NA
32	231	184	lonely.”	NA
32	232	184	lonely.”	NA
32	233	184	lonely.”	NA
32	234	184	lonely.”	NA
32	235	185	It	NA
32	236	186	seems	NA
32	237	187	F.	NA
32	238	187	F.	NA
32	239	188	Scott	NA
32	240	189	Fitzgerald	NA
32	241	190	was	NA
32	242	191	right:	NA
32	243	191	right:	NA
32	244	192	the	they
32	245	193	very	they
32	246	194	rich	they
32	247	195	“are	NA
32	248	195	“are	NA
32	249	195	“are	NA
32	250	196	different	NA
32	251	197	from	NA
32	252	198	you	NA
32	253	199	and	NA
32	254	200	me.”	NA
32	255	200	me.”	NA
32	256	200	me.”	NA
32	257	200	me.”	NA
32	258	201	Counselors	NA
32	259	201	Counselors	NA
32	260	202	argue	NA
32	261	203	things	NA
32	262	204	have	NA
32	263	205	become	NA
32	264	206	worse	NA
32	265	207	since	NA
32	266	208	the	it
32	267	209	financial	it
32	268	210	crisis	it
32	269	211	and	NA
32	270	212	the	NA
32	271	213	debate	NA
32	272	214	over	NA
32	273	215	income	it
32	274	216	inequality	it
32	275	217	that	NA
32	276	218	has	NA
32	277	219	been	NA
32	278	220	spurred	NA
32	279	221	on	NA
32	280	222	by	NA
32	281	223	movements	NA
32	282	224	like	NA
32	283	225	Occupy	it
32	284	226	Wall	it
32	285	227	Street	it
32	286	228	and	NA
32	287	229	the	NA
32	288	230	Fight	NA
32	289	231	for	NA
32	290	232	$15	NA
32	291	232	$15	NA
32	292	233	fair	NA
32	293	234	wage	NA
32	294	235	campaign.	NA
32	295	235	campaign.	NA
32	296	236	“The	“It
32	297	236	“The	“It
32	298	236	“The	“It
32	299	237	Occupy	“It
32	300	238	Wall	“It
32	301	239	Street	“It
32	302	240	movement	“It
32	303	241	was	NA
32	304	242	a	it
32	305	243	good	it
32	306	244	one	it
32	307	245	and	NA
32	308	246	had	NA
32	309	247	some	NA
32	310	248	important	NA
32	311	249	things	NA
32	312	250	to	NA
32	313	251	say	NA
32	314	252	about	NA
32	315	253	income	it
32	316	254	inequality	it
32	317	255	but	NA
32	318	256	it	NA
32	319	257	singled	NA
32	320	258	out	NA
32	321	259	the	them%
32	322	260	1%	them%
32	323	260	1%	them%
32	324	261	and	NA
32	325	262	painted	NA
32	326	263	them	NA
32	327	264	globally	NA
32	328	265	as	NA
32	329	266	something	NA
32	330	267	negative,”	NA
32	331	267	negative,”	NA
32	332	267	negative,”	NA
32	333	267	negative,”	NA
32	334	268	said	NA
32	335	269	Jamie	she,
32	336	270	Traeger-Muney,	she,
32	337	270	Traeger-Muney,	she,
32	338	270	Traeger-Muney,	she,
32	339	270	Traeger-Muney,	she,
32	340	270	Traeger-Muney,	she,
32	341	270	Traeger-Muney,	she,
32	342	270	Traeger-Muney,	she,
32	343	271	a	he.
32	344	272	wealth	he.
32	345	273	psychologist	he.
32	346	274	and	he.
32	347	275	founder	he.
32	348	276	of	he.
32	349	277	the	he.
32	350	278	Wealth	he.
32	351	279	Legacy	he.
32	352	280	Group.	he.
32	353	280	Group.	he.
32	354	281	The	NA
32	355	282	media,	NA
32	356	282	media,	NA
32	357	283	she	NA
32	358	284	said,	NA
32	359	284	said,	NA
32	360	285	is	NA
32	361	286	partly	NA
32	362	287	to	NA
32	363	288	blame	NA
32	364	289	for	NA
32	365	290	making	NA
32	366	291	the	them
32	367	292	rich	them
32	368	293	“feel	NA
32	369	293	“feel	NA
32	370	293	“feel	NA
32	371	294	like	NA
32	372	295	they	NA
32	373	296	need	NA
32	374	297	to	NA
32	375	298	hide	NA
32	376	299	or	NA
32	377	300	feel	NA
32	378	301	ashamed”.	NA
32	379	301	ashamed”.	NA
32	380	301	ashamed”.	NA
32	381	301	ashamed”.	NA
32	382	302	“Sometimes,	NA
32	383	302	“Sometimes,	NA
32	384	302	“Sometimes,	NA
32	385	302	“Sometimes,	NA
32	386	303	I	NA
32	387	304	am	NA
32	388	305	shocked	NA
32	389	306	by	NA
32	390	307	things	NA
32	391	308	that	NA
32	392	309	people	NA
32	393	310	say.	NA
32	394	310	say.	NA
32	395	311	You	NA
32	396	312	would	NA
32	397	313	never	NA
32	398	314	refer	NA
32	399	315	to	NA
32	400	316	another	NA
32	401	317	group	NA
32	402	318	of	NA
32	403	319	people	NA
32	404	320	in	NA
32	405	321	the	NA
32	406	322	way	NA
32	407	323	that	NA
32	408	324	it	NA
32	409	325	seems	NA
32	410	326	perfectly	NA
32	411	327	normal	NA
32	412	328	to	NA
32	413	329	refer	NA
32	414	330	to	NA
32	415	331	wealth	them.”
32	416	332	holders.”	them.”
32	417	332	holders.”	them.”
32	418	332	holders.”	them.”
32	419	332	holders.”	them.”
32	420	333	“It's	NA
32	421	333	“It's	NA
32	422	333	“It's	NA
32	423	333	“It's	NA
32	424	334	really	NA
32	425	335	isolating	NA
32	426	335	isolating	NA
32	427	336	to	it.
32	428	337	have	it.
32	429	338	a	it.
32	430	339	lot	it.
32	431	340	of	it.
32	432	341	money.	it.
32	433	341	money.	it.
32	434	342	People's	NA
32	435	342	People's	NA
32	436	343	reactions	NA
32	437	344	to	NA
32	438	345	you	NA
32	439	346	can	NA
32	440	347	be	NA
32	441	348	scary,”	NA
32	442	348	scary,”	NA
32	443	348	scary,”	NA
32	444	348	scary,”	NA
32	445	349	said	NA
32	446	350	Barbara	she,
32	447	351	Nusbaum,	she,
32	448	351	Nusbaum,	she,
32	449	351	Nusbaum,	she,
32	450	351	Nusbaum,	she,
32	451	352	an	she.
32	452	353	expert	she.
32	453	354	in	she.
32	454	355	money	she.
32	455	356	psychology.	she.
32	456	356	psychology.	she.
32	457	357	“We	NA
32	458	357	“We	NA
32	459	357	“We	NA
32	460	358	are	NA
32	461	359	all	NA
32	462	360	taught	NA
32	463	361	not	NA
32	464	362	to	NA
32	465	363	talk	NA
32	466	364	about	NA
32	467	365	money.	it.
32	468	365	money.	it.
32	469	366	It's	NA
32	470	366	It's	NA
32	471	367	not	NA
32	472	368	polite	NA
32	473	369	to	NA
32	474	370	talk	NA
32	475	371	about	NA
32	476	372	money.	it.
32	477	372	money.	it.
32	478	373	Ironically,	NA
32	479	373	Ironically,	NA
32	480	374	it's	NA
32	481	374	it's	NA
32	482	375	harder	NA
32	483	376	to	NA
32	484	377	talk	NA
32	485	378	about	NA
32	486	379	having	NA
32	487	380	money	it
32	488	381	than	NA
32	489	382	it	NA
32	490	383	is	NA
32	491	384	to	it.
32	492	385	talk	it.
32	493	386	about	it.
32	494	387	not	it.
32	495	388	having	it.
32	496	389	money.	it.
32	497	389	money.	it.
32	498	390	It's	NA
32	499	390	It's	NA
32	500	391	much	NA
32	501	392	more	NA
32	502	393	socially	NA
32	503	394	acceptable	NA
32	504	395	to	it.
32	505	396	say	it.
32	506	397	‘I	it.
32	507	397	‘I	it.
32	508	397	‘I	it.
32	509	398	am	it.
32	510	399	broke.	it.
32	511	399	broke.	it.
32	512	400	Things	NA
32	513	401	are	NA
32	514	402	hard.'	NA
32	515	402	hard.'	NA
32	516	403	You	NA
32	517	404	can't	NA
32	518	404	can't	NA
32	519	405	say	NA
32	520	406	‘I	NA
32	521	406	‘I	NA
32	522	406	‘I	NA
32	523	407	have	NA
32	524	408	a	NA
32	525	409	ton	NA
32	526	410	of	NA
32	527	411	money.'	NA
32	528	411	money.'	NA
32	529	412	You	NA
32	530	413	have	NA
32	531	414	to	NA
32	532	415	keep	NA
32	533	416	a	NA
32	534	417	lot	NA
32	535	418	of	NA
32	536	419	your	NA
32	537	420	life	NA
32	538	421	private.”	NA
32	539	421	private.”	NA
32	540	421	private.”	NA
32	541	421	private.”	NA
32	542	422	As	NA
32	543	423	a	NA
32	544	424	result,	NA
32	545	424	result,	NA
32	546	425	Cockrell	he
32	547	425	Cockrell	he
32	548	426	points	NA
32	549	427	out,	NA
32	550	427	out,	NA
32	551	428	the	they
32	552	429	rich	they
32	553	430	tend	NA
32	554	431	to	NA
32	555	432	hang	NA
32	556	433	out	NA
32	557	434	with	NA
32	558	435	other	NA
32	559	436	rich	NA
32	560	437	Americans,	NA
32	561	437	Americans,	NA
32	562	438	not	NA
32	563	439	out	NA
32	564	440	of	NA
32	565	441	snobbery	NA
32	566	441	snobbery	NA
32	567	441	snobbery	NA
32	568	442	but	NA
32	569	443	in	NA
32	570	444	order	NA
32	571	445	to	NA
32	572	446	be	NA
32	573	447	around	NA
32	574	448	those	NA
32	575	449	who	NA
32	576	450	understand	NA
32	577	451	them	NA
32	578	452	and	NA
32	579	453	their	NA
32	580	454	problems.	NA
32	581	454	problems.	NA
32	582	455	In	NA
32	583	456	the	it,
32	584	457	US,	it,
32	585	457	US,	it,
32	586	458	over	NA
32	587	459	the	NA
32	588	460	last	NA
32	589	461	three	NA
32	590	462	decades,	NA
32	591	462	decades,	NA
32	592	463	the	NA
32	593	464	number	NA
32	594	465	of	NA
32	595	466	extremely	NA
32	596	467	wealthy	NA
32	597	468	people	NA
32	598	469	has	NA
32	599	470	been	NA
32	600	471	climbing.	NA
32	601	471	climbing.	NA
32	602	472	According	NA
32	603	473	to	NA
32	604	474	research	NA
32	605	475	from	NA
32	606	476	Spectrem	NA
32	607	476	Spectrem	NA
32	608	477	Group,	NA
32	609	477	Group,	NA
32	610	478	in	NA
32	611	479	2014,	NA
32	612	479	2014,	NA
32	613	480	the	NA
32	614	481	number	NA
32	615	482	of	NA
32	616	483	US	us
32	617	484	households	NA
32	618	485	with	NA
32	619	486	$1m	NA
32	620	486	$1m	NA
32	621	486	$1m	NA
32	622	487	or	NA
32	623	488	more	NA
32	624	489	in	NA
32	625	490	assets	NA
32	626	491	–	NA
32	627	492	excluding	NA
32	628	493	the	NA
32	629	494	value	NA
32	630	495	of	NA
32	631	496	their	NA
32	632	497	primary	NA
32	633	498	home	NA
32	634	499	–	NA
32	635	500	increased	NA
32	636	501	by	NA
32	637	502	500,000	NA
32	638	502	500,000	NA
32	639	502	500,000	NA
32	640	503	to	NA
32	641	504	10.1m.	it.
32	642	504	10.1m.	it.
32	643	504	10.1m.	it.
32	644	504	10.1m.	it.
32	645	504	10.1m.	it.
32	646	505	In	NA
32	647	506	2007,	NA
32	648	506	2007,	NA
32	649	507	that	it
32	650	508	number	it
32	651	509	was	NA
32	652	510	9.2m.	NA
32	653	510	9.2m.	NA
32	654	510	9.2m.	NA
32	655	510	9.2m.	NA
32	656	510	9.2m.	NA
32	657	511	Households	NA
32	658	511	Households	NA
32	659	512	worth	NA
32	660	513	$5m	NA
32	661	513	$5m	NA
32	662	513	$5m	NA
32	663	514	or	NA
32	664	515	more	NA
32	665	516	reached	NA
32	666	517	1.3m	NA
32	667	517	1.3m	NA
32	668	517	1.3m	NA
32	669	517	1.3m	NA
32	670	518	and	NA
32	671	519	142,000	NA
32	672	519	142,000	NA
32	673	519	142,000	NA
32	674	520	households	NA
32	675	521	are	NA
32	676	522	now	NA
32	677	523	worth	NA
32	678	524	$25m	NA
32	679	524	$25m	NA
32	680	524	$25m	NA
32	681	525	or	NA
32	682	526	more.	NA
32	683	526	more.	NA
32	684	527	Since	NA
32	685	528	the	it,
32	686	529	2008	it,
32	687	530	financial	it,
32	688	531	crisis,	it,
32	689	531	crisis,	it,
32	690	532	the	it
32	691	533	income	it
32	692	534	gap	it
32	693	535	has	NA
32	694	536	expanded	NA
32	695	537	and	NA
32	696	538	the	NA
32	697	539	situation	NA
32	698	540	“has	NA
32	699	540	“has	NA
32	700	540	“has	NA
32	701	541	gotten	NA
32	702	542	worse	NA
32	703	543	for	NA
32	704	544	the	them,”
32	705	545	wealthy,”	them,”
32	706	545	wealthy,”	them,”
32	707	545	wealthy,”	them,”
32	708	545	wealthy,”	them,”
32	709	546	Cockrell	he
32	710	546	Cockrell	he
32	711	547	said.	NA
32	712	547	said.	NA
32	713	548	The	NA
32	714	549	main	NA
32	715	550	reason?	NA
32	716	550	reason?	NA
32	717	551	Not	NA
32	718	552	knowing	NA
32	719	553	if	NA
32	720	554	your	NA
32	721	555	friends	NA
32	722	556	are	NA
32	723	557	friends	NA
32	724	558	with	NA
32	725	559	you	NA
32	726	560	or	NA
32	727	561	your	NA
32	728	562	money.	NA
32	729	562	money.	NA
32	730	563	“Someone	“They
32	731	563	“Someone	“They
32	732	563	“Someone	“They
32	733	564	else	“They
32	734	565	who	“They
32	735	566	is	“They
32	736	567	also	“They
32	737	568	a	“They
32	738	569	billionaire	“They
32	739	570	–	NA
32	740	571	they	NA
32	741	572	don't	NA
32	742	572	don't	NA
32	743	573	want	NA
32	744	574	anything	NA
32	745	575	from	NA
32	746	576	you.	NA
32	747	576	you.	NA
32	748	577	Never	It,
32	749	578	being	It,
32	750	579	able	It,
32	751	580	to	It,
32	752	581	trust	It,
32	753	582	your	It,
32	754	583	friendships	It,
32	755	584	with	It,
32	756	585	people	It,
32	757	586	of	It,
32	758	587	different	It,
32	759	588	means,	It,
32	760	588	means,	It,
32	761	589	I	NA
32	762	590	think	NA
32	763	591	that	NA
32	764	592	is	NA
32	765	593	difficult,”	NA
32	766	593	difficult,”	NA
32	767	593	difficult,”	NA
32	768	593	difficult,”	NA
32	769	594	said	NA
32	770	595	Cockrell.	he.
32	771	595	Cockrell.	he.
32	772	595	Cockrell.	he.
32	773	596	“As	NA
32	774	596	“As	NA
32	775	596	“As	NA
32	776	597	the	it
32	777	598	gap	it
32	778	599	has	NA
32	779	600	widened,	NA
32	780	600	widened,	NA
32	781	601	the	they
32	782	602	rich	they
32	783	603	have	NA
32	784	604	become	NA
32	785	605	more	NA
32	786	606	and	NA
32	787	607	more	NA
32	788	608	isolated.”	NA
32	789	608	isolated.”	NA
32	790	608	isolated.”	NA
32	791	608	isolated.”	NA
32	792	609	Some	they
32	793	610	Americans	they
32	794	611	have	NA
32	795	612	taken	NA
32	796	613	to	NA
32	797	614	keeping	NA
32	798	615	their	their
32	799	616	wealth	their
32	800	617	secret.	NA
32	801	617	secret.	NA
32	802	618	“There	NA
32	803	618	“There	NA
32	804	618	“There	NA
32	805	619	are	NA
32	806	620	a	NA
32	807	621	lot	NA
32	808	622	of	NA
32	809	623	people	NA
32	810	624	that	NA
32	811	625	are	NA
32	812	626	hiding	NA
32	813	627	their	their
32	814	628	wealth	their
32	815	629	because	NA
32	816	630	they	NA
32	817	631	are	NA
32	818	632	concerned	NA
32	819	633	about	NA
32	820	634	negative	NA
32	821	635	judgment,”	NA
32	822	635	judgment,”	NA
32	823	635	judgment,”	NA
32	824	635	judgment,”	NA
32	825	636	said	NA
32	826	637	Traeger-Muney.	she.
32	827	637	Traeger-Muney.	she.
32	828	637	Traeger-Muney.	she.
32	829	637	Traeger-Muney.	she.
32	830	637	Traeger-Muney.	she.
32	831	637	Traeger-Muney.	she.
32	832	637	Traeger-Muney.	she.
32	833	638	“If	NA
32	834	638	“If	NA
32	835	638	“If	NA
32	836	639	wealthy	they
32	837	640	Americans	they
32	838	641	talk	NA
32	839	642	about	NA
32	840	643	the	NA
32	841	644	unique	NA
32	842	645	challenges	NA
32	843	646	that	NA
32	844	647	come	NA
32	845	648	with	NA
32	846	649	their	their,
32	847	650	wealth,	their,
32	848	650	wealth,	their,
32	849	651	people	they
32	850	652	often	NA
32	851	653	dismiss	NA
32	852	654	their	NA
32	853	655	experience.	NA
32	854	655	experience.	NA
32	855	656	People	They
32	856	657	say	NA
32	857	658	‘Oh,	NA
32	858	658	‘Oh,	NA
32	859	658	‘Oh,	NA
32	860	658	‘Oh,	NA
32	861	659	poor	NA
32	862	660	you.'	NA
32	863	660	you.'	NA
32	864	661	There	NA
32	865	662	is	NA
32	866	663	not	NA
32	867	664	a	NA
32	868	665	lot	NA
32	869	666	of	NA
32	870	667	sympathy	NA
32	871	668	there,”	NA
32	872	668	there,”	NA
32	873	668	there,”	NA
32	874	668	there,”	NA
32	875	669	she	NA
32	876	670	said.	NA
32	877	670	said.	NA
32	878	671	“Wealth	“It
32	879	671	“Wealth	“It
32	880	671	“Wealth	“It
32	881	671	“Wealth	“It
32	882	672	is	NA
32	883	673	still	NA
32	884	674	one	it.”
32	885	675	of	it.”
32	886	676	our	it.”
32	887	677	last	it.”
32	888	678	taboos.”	it.”
32	889	678	taboos.”	it.”
32	890	678	taboos.”	it.”
32	891	678	taboos.”	it.”
32	892	678	taboos.”	it.”
32	893	679	Cockrell	he
32	894	679	Cockrell	he
32	895	680	said	NA
32	896	681	that	NA
32	897	682	a	NA
32	898	683	common	NA
32	899	684	mistake	NA
32	900	685	that	NA
32	901	686	many	they
32	902	687	of	they
32	903	688	his	they
32	904	689	wealthy	they
32	905	690	clients	they
32	906	691	make	NA
32	907	692	is	NA
32	908	693	letting	NA
32	909	694	their	NA
32	910	695	money	NA
32	911	696	define	NA
32	912	697	them.	NA
32	913	697	them.	NA
32	914	698	“I	NA
32	915	698	“I	NA
32	916	698	“I	NA
32	917	699	don't	NA
32	918	699	don't	NA
32	919	700	think	NA
32	920	701	it's	NA
32	921	701	it's	NA
32	922	702	healthy	NA
32	923	703	to	it.
32	924	704	discount	it.
32	925	705	your	it.
32	926	706	problems.	it.
32	927	706	problems.	it.
32	928	707	If	NA
32	929	708	you	NA
32	930	709	are	NA
32	931	710	part	NA
32	932	711	of	NA
32	933	712	the	it%,
32	934	713	1%,	it%,
32	935	713	1%,	it%,
32	936	714	you	NA
32	937	715	still	NA
32	938	716	have	NA
32	939	717	problems	them
32	940	718	and	NA
32	941	719	they	NA
32	942	720	are	NA
32	943	721	legitimate	NA
32	944	722	to	NA
32	945	723	you.	NA
32	946	723	you.	NA
32	947	724	Even	NA
32	948	725	when	NA
32	949	726	you	NA
32	950	727	say,	NA
32	951	727	say,	NA
32	952	728	‘I	NA
32	953	728	‘I	NA
32	954	728	‘I	NA
32	955	729	don't	NA
32	956	729	don't	NA
32	957	730	have	NA
32	958	731	to	NA
32	959	732	struggle	NA
32	960	733	for	NA
32	961	734	money',	it',
32	962	734	money',	it',
32	963	735	there	NA
32	964	736	are	NA
32	965	737	other	NA
32	966	738	parts	NA
32	967	739	of	NA
32	968	740	your	NA
32	969	741	life.	NA
32	970	741	life.	NA
32	971	742	Money	It
32	972	743	is	NA
32	973	744	not	NA
32	974	745	the	it,”
32	975	746	only	it,”
32	976	747	thing	it,”
32	977	748	that	it,”
32	978	749	defines	it,”
32	979	750	you,”	it,”
32	980	750	you,”	it,”
32	981	750	you,”	it,”
32	982	750	you,”	it,”
32	983	751	he	NA
32	984	752	said.	NA
32	985	752	said.	NA
32	986	753	“Your	“They
32	987	753	“Your	“They
32	988	753	“Your	“They
32	989	754	problems	“They
32	990	755	are	NA
32	991	756	real.”	NA
32	992	756	real.”	NA
32	993	756	real.”	NA
32	994	756	real.”	NA
33	0	0	Clay	He
33	1	0	Clay	He
33	2	1	Cockrell	He
33	3	1	Cockrell	He
33	4	2	is	NA
33	5	3	sitting	NA
33	6	4	in	NA
33	7	5	his	NA
33	8	6	office	NA
33	9	7	opposite	NA
33	10	8	the	it.
33	11	9	Trump	it.
33	12	10	International	it.
33	13	11	Hotel	it.
33	14	12	and	it.
33	15	13	Tower.	it.
33	16	13	Tower.	it.
33	17	14	In	NA
33	18	15	front	NA
33	19	16	of	NA
33	20	17	the	it
33	21	18	tower	it
33	22	19	is	NA
33	23	20	Central	it.
33	24	21	Park,	it.
33	25	21	Park,	it.
33	26	22	where	it.
33	27	23	Cockrell	it.
33	28	23	Cockrell	it.
33	29	24	holds	it.
33	30	25	his	it.
33	31	26	popular	it.
33	32	27	walk	it.
33	33	28	and	it.
33	34	29	talk	it.
33	35	30	therapy	it.
33	36	31	sessions.	it.
33	37	31	sessions.	it.
33	38	32	Cockrell	He
33	39	32	Cockrell	He
33	40	33	is	NA
33	41	34	a	she.
33	42	35	former	she.
33	43	36	Wall	she.
33	44	37	Street	she.
33	45	38	worker	she.
33	46	39	who	she.
33	47	40	is	she.
33	48	41	now	she.
33	49	42	a	she.
33	50	43	therapist.	she.
33	51	43	therapist.	she.
33	52	44	He	NA
33	53	45	spends	NA
33	54	46	large	NA
33	55	47	parts	NA
33	56	48	of	NA
33	57	49	his	NA
33	58	50	days	NA
33	59	51	walking	NA
33	60	52	in	NA
33	61	53	Central	it
33	62	54	Park	it
33	63	55	or	NA
33	64	56	the	NA
33	65	57	Battery	NA
33	66	58	Park	NA
33	67	59	in	NA
33	68	60	downtown	NA
33	69	61	Manhattan	NA
33	70	62	near	NA
33	71	63	Wall	it,
33	72	64	Street,	it,
33	73	64	Street,	it,
33	74	65	talking	NA
33	75	66	to	NA
33	76	67	some	NA
33	77	68	of	NA
33	78	69	New	NA
33	79	70	York's	NA
33	80	70	York's	NA
33	81	71	wealthiest	NA
33	82	72	people.	NA
33	83	72	people.	NA
33	84	73	“Many	“They
33	85	73	“Many	“They
33	86	73	“Many	“They
33	87	74	of	“They
33	88	75	the	“They
33	89	76	extremely	“They
33	90	77	wealthy	“They
33	91	78	–	NA
33	92	79	the	they%
33	93	80	1%	they%
33	94	80	1%	they%
33	95	81	of	they%
33	96	82	the	they%
33	97	83	1%	they%
33	98	83	1%	they%
33	99	84	–	NA
33	100	85	feel	NA
33	101	86	that	NA
33	102	87	their	their
33	103	88	problems	their
33	104	89	are	NA
33	105	90	really	NA
33	106	91	not	NA
33	107	92	problems.	them.
33	108	92	problems.	them.
33	109	93	But	NA
33	110	94	they	NA
33	111	95	are,”	NA
33	112	95	are,”	NA
33	113	95	are,”	NA
33	114	95	are,”	NA
33	115	96	he	NA
33	116	97	says.	NA
33	117	97	says.	NA
33	118	98	So,	NA
33	119	98	So,	NA
33	120	99	what	NA
33	121	100	problems	NA
33	122	101	do	NA
33	123	102	America's	they%
33	124	102	America's	they%
33	125	103	1%	they%
33	126	103	1%	they%
33	127	104	have?	NA
33	128	104	have?	NA
33	129	105	“There	NA
33	130	105	“There	NA
33	131	105	“There	NA
33	132	106	is	NA
33	133	107	guilt	NA
33	134	108	that	NA
33	135	109	they	NA
33	136	110	are	NA
33	137	111	rich,”	NA
33	138	111	rich,”	NA
33	139	111	rich,”	NA
33	140	111	rich,”	NA
33	141	112	he	NA
33	142	113	said.	NA
33	143	113	said.	NA
33	144	114	“There	NA
33	145	114	“There	NA
33	146	114	“There	NA
33	147	115	is	NA
33	148	116	the	NA
33	149	117	feeling	NA
33	150	118	that	NA
33	151	119	they	NA
33	152	120	have	NA
33	153	121	to	NA
33	154	122	hide	NA
33	155	123	that	NA
33	156	124	they	NA
33	157	125	are	NA
33	158	126	rich.	NA
33	159	126	rich.	NA
33	160	127	And,	NA
33	161	127	And,	NA
33	162	128	then,	NA
33	163	128	then,	NA
33	164	129	there	NA
33	165	130	is	NA
33	166	131	the	NA
33	167	132	isolation	NA
33	168	133	–	NA
33	169	134	being	NA
33	170	135	in	NA
33	171	136	the	it%
33	172	137	1%	it%
33	173	137	1%	it%
33	174	138	can	NA
33	175	139	be	NA
33	176	140	lonely.”	NA
33	177	140	lonely.”	NA
33	178	140	lonely.”	NA
33	179	140	lonely.”	NA
33	180	141	Counselors	NA
33	181	141	Counselors	NA
33	182	142	say	NA
33	183	143	that	NA
33	184	144	things	NA
33	185	145	have	NA
33	186	146	become	NA
33	187	147	worse	NA
33	188	148	since	NA
33	189	149	the	it.
33	190	150	financial	it.
33	191	151	crisis.	it.
33	192	151	crisis.	it.
33	193	152	People	NA
33	194	153	now	NA
33	195	154	talk	NA
33	196	155	about	NA
33	197	156	the	it
33	198	157	gap	it
33	199	158	between	it
33	200	159	rich	it
33	201	160	and	it
33	202	161	poor	it
33	203	162	more	NA
33	204	163	because	NA
33	205	164	of	NA
33	206	165	movements	NA
33	207	166	like	NA
33	208	167	Occupy	it.
33	209	168	Wall	it.
33	210	169	Street.	it.
33	211	169	Street.	it.
33	212	170	“Occupy	“It
33	213	170	“Occupy	“It
33	214	170	“Occupy	“It
33	215	170	“Occupy	“It
33	216	171	Wall	“It
33	217	172	Street	“It
33	218	173	had	NA
33	219	174	some	NA
33	220	175	important	NA
33	221	176	things	NA
33	222	177	to	NA
33	223	178	say	NA
33	224	179	about	NA
33	225	180	the	it
33	226	181	gap	it
33	227	182	between	it
33	228	183	rich	it
33	229	184	and	it
33	230	185	poor	it
33	231	186	but	NA
33	232	187	it	NA
33	233	188	was	NA
33	234	189	negative	NA
33	235	190	about	NA
33	236	191	the	them%,”
33	237	192	1%,”	them%,”
33	238	192	1%,”	them%,”
33	239	192	1%,”	them%,”
33	240	192	1%,”	them%,”
33	241	193	said	NA
33	242	194	Jamie	he,
33	243	195	Traeger-Muney,	he,
33	244	195	Traeger-Muney,	he,
33	245	195	Traeger-Muney,	he,
33	246	195	Traeger-Muney,	he,
33	247	195	Traeger-Muney,	he,
33	248	195	Traeger-Muney,	he,
33	249	195	Traeger-Muney,	he,
33	250	196	a	he.
33	251	197	wealth	he.
33	252	198	psychologist.	he.
33	253	198	psychologist.	he.
33	254	199	The	NA
33	255	200	media,	NA
33	256	200	media,	NA
33	257	201	she	NA
33	258	202	said,	NA
33	259	202	said,	NA
33	260	203	makes	NA
33	261	204	the	them
33	262	205	rich	them
33	263	206	“feel	NA
33	264	206	“feel	NA
33	265	206	“feel	NA
33	266	207	like	NA
33	267	208	they	NA
33	268	209	need	NA
33	269	210	to	NA
33	270	211	hide	NA
33	271	212	or	NA
33	272	213	feel	NA
33	273	214	ashamed”.	NA
33	274	214	ashamed”.	NA
33	275	214	ashamed”.	NA
33	276	214	ashamed”.	NA
33	277	215	“Sometimes,	NA
33	278	215	“Sometimes,	NA
33	279	215	“Sometimes,	NA
33	280	215	“Sometimes,	NA
33	281	216	I	NA
33	282	217	am	NA
33	283	218	shocked	NA
33	284	219	by	NA
33	285	220	things	NA
33	286	221	that	NA
33	287	222	people	NA
33	288	223	say.	NA
33	289	223	say.	NA
33	290	224	You	NA
33	291	225	would	NA
33	292	226	never	NA
33	293	227	talk	NA
33	294	228	about	NA
33	295	229	another	NA
33	296	230	group	NA
33	297	231	of	NA
33	298	232	people	NA
33	299	233	in	NA
33	300	234	the	NA
33	301	235	way	NA
33	302	236	that	NA
33	303	237	it	NA
33	304	238	seems	NA
33	305	239	perfectly	NA
33	306	240	normal	NA
33	307	241	to	NA
33	308	242	talk	NA
33	309	243	about	NA
33	310	244	wealthy	them.”
33	311	245	people.”	them.”
33	312	245	people.”	them.”
33	313	245	people.”	them.”
33	314	245	people.”	them.”
33	315	246	“It's	NA
33	316	246	“It's	NA
33	317	246	“It's	NA
33	318	246	“It's	NA
33	319	247	really	NA
33	320	248	isolating	NA
33	321	248	isolating	NA
33	322	249	to	it.
33	323	250	have	it.
33	324	251	a	it.
33	325	252	lot	it.
33	326	253	of	it.
33	327	254	money.	it.
33	328	254	money.	it.
33	329	255	People's	Their
33	330	255	People's	Their
33	331	256	reaction	NA
33	332	257	to	NA
33	333	258	you	NA
33	334	259	can	NA
33	335	260	be	NA
33	336	261	scary,”	NA
33	337	261	scary,”	NA
33	338	261	scary,”	NA
33	339	261	scary,”	NA
33	340	262	said	NA
33	341	263	Barbara	she,
33	342	264	Nusbaum,	she,
33	343	264	Nusbaum,	she,
33	344	264	Nusbaum,	she,
33	345	264	Nusbaum,	she,
33	346	265	an	she.
33	347	266	expert	she.
33	348	267	in	she.
33	349	268	money	she.
33	350	269	psychology.	she.
33	351	269	psychology.	she.
33	352	270	“We	NA
33	353	270	“We	NA
33	354	270	“We	NA
33	355	271	are	NA
33	356	272	all	NA
33	357	273	taught	NA
33	358	274	not	NA
33	359	275	to	NA
33	360	276	talk	NA
33	361	277	about	NA
33	362	278	money.	it.
33	363	278	money.	it.
33	364	279	It's	NA
33	365	279	It's	NA
33	366	280	not	NA
33	367	281	polite	NA
33	368	282	to	NA
33	369	283	talk	NA
33	370	284	about	NA
33	371	285	money.	it.
33	372	285	money.	it.
33	373	286	But	NA
33	374	287	it's	NA
33	375	287	it's	NA
33	376	288	harder	NA
33	377	289	to	NA
33	378	290	talk	NA
33	379	291	about	NA
33	380	292	being	NA
33	381	293	rich	NA
33	382	294	than	NA
33	383	295	it	NA
33	384	296	is	NA
33	385	297	to	NA
33	386	298	talk	NA
33	387	299	about	NA
33	388	300	being	NA
33	389	301	poor.	NA
33	390	301	poor.	NA
33	391	302	People	They
33	392	303	don't	NA
33	393	303	don't	NA
33	394	304	mind	NA
33	395	305	if	NA
33	396	306	you	NA
33	397	307	say	NA
33	398	308	‘I	NA
33	399	308	‘I	NA
33	400	308	‘I	NA
33	401	309	am	NA
33	402	310	broke.	NA
33	403	310	broke.	NA
33	404	311	Things	NA
33	405	312	are	NA
33	406	313	hard.'	NA
33	407	313	hard.'	NA
33	408	314	You	NA
33	409	315	can't	NA
33	410	315	can't	NA
33	411	316	say	NA
33	412	317	‘I	NA
33	413	317	‘I	NA
33	414	317	‘I	NA
33	415	318	have	NA
33	416	319	a	NA
33	417	320	ton	NA
33	418	321	of	NA
33	419	322	money.'	NA
33	420	322	money.'	NA
33	421	323	You	NA
33	422	324	have	NA
33	423	325	to	NA
33	424	326	keep	NA
33	425	327	a	NA
33	426	328	lot	NA
33	427	329	of	NA
33	428	330	your	NA
33	429	331	life	NA
33	430	332	private.”	NA
33	431	332	private.”	NA
33	432	332	private.”	NA
33	433	332	private.”	NA
33	434	333	As	NA
33	435	334	a	NA
33	436	335	result,	NA
33	437	335	result,	NA
33	438	336	Cockrell	he
33	439	336	Cockrell	he
33	440	337	says,	NA
33	441	337	says,	NA
33	442	338	the	they
33	443	339	rich	they
33	444	340	hang	NA
33	445	341	out	NA
33	446	342	with	NA
33	447	343	other	NA
33	448	344	rich	NA
33	449	345	Americans	NA
33	450	346	who	NA
33	451	347	understand	NA
33	452	348	them	NA
33	453	349	and	NA
33	454	350	their	their.
33	455	351	problems.	their.
33	456	351	problems.	their.
33	457	352	In	NA
33	458	353	the	it,
33	459	354	US,	it,
33	460	354	US,	it,
33	461	355	over	NA
33	462	356	the	NA
33	463	357	last	NA
33	464	358	30	NA
33	465	359	years,	NA
33	466	359	years,	NA
33	467	360	the	NA
33	468	361	number	NA
33	469	362	of	NA
33	470	363	very	NA
33	471	364	wealthy	NA
33	472	365	people	NA
33	473	366	has	NA
33	474	367	grown.	NA
33	475	367	grown.	NA
33	476	368	In	NA
33	477	369	2014,	NA
33	478	369	2014,	NA
33	479	370	the	NA
33	480	371	number	NA
33	481	372	of	NA
33	482	373	US	its
33	483	374	households	NA
33	484	375	with	NA
33	485	376	$1	NA
33	486	376	$1	NA
33	487	377	million	NA
33	488	378	or	NA
33	489	379	more	NA
33	490	380	–	NA
33	491	381	excluding	NA
33	492	382	the	NA
33	493	383	value	NA
33	494	384	of	NA
33	495	385	their	NA
33	496	386	main	NA
33	497	387	home	NA
33	498	388	–	NA
33	499	389	increased	NA
33	500	390	by	NA
33	501	391	500,000	NA
33	502	391	500,000	NA
33	503	391	500,000	NA
33	504	392	to	NA
33	505	393	10.1	NA
33	506	393	10.1	NA
33	507	393	10.1	NA
33	508	394	million.	NA
33	509	394	million.	NA
33	510	395	There	NA
33	511	396	were	NA
33	512	397	1.3	NA
33	513	397	1.3	NA
33	514	397	1.3	NA
33	515	398	million	NA
33	516	399	households	NA
33	517	400	worth	NA
33	518	401	$5	NA
33	519	401	$5	NA
33	520	402	million	NA
33	521	403	and	NA
33	522	404	142,000	NA
33	523	404	142,000	NA
33	524	404	142,000	NA
33	525	405	worth	NA
33	526	406	$25	NA
33	527	406	$25	NA
33	528	407	million	NA
33	529	408	or	NA
33	530	409	more.	NA
33	531	409	more.	NA
33	532	410	Since	NA
33	533	411	the	it,
33	534	412	2008	it,
33	535	413	financial	it,
33	536	414	crisis,	it,
33	537	414	crisis,	it,
33	538	415	the	it
33	539	416	gap	it
33	540	417	between	it
33	541	418	the	it
33	542	419	rich	it
33	543	420	and	it
33	544	421	the	it
33	545	422	poor	it
33	546	423	has	NA
33	547	424	grown	NA
33	548	425	and	NA
33	549	426	the	NA
33	550	427	situation	NA
33	551	428	“has	NA
33	552	428	“has	NA
33	553	428	“has	NA
33	554	429	gotten	NA
33	555	430	worse	NA
33	556	431	for	NA
33	557	432	the	them,”
33	558	433	wealthy,”	them,”
33	559	433	wealthy,”	them,”
33	560	433	wealthy,”	them,”
33	561	433	wealthy,”	them,”
33	562	434	Cockrell	he
33	563	434	Cockrell	he
33	564	435	said.	NA
33	565	435	said.	NA
33	566	436	The	NA
33	567	437	main	NA
33	568	438	reason?	NA
33	569	438	reason?	NA
33	570	439	Not	NA
33	571	440	knowing	NA
33	572	441	if	NA
33	573	442	your	NA
33	574	443	friends	NA
33	575	444	are	NA
33	576	445	friends	NA
33	577	446	with	NA
33	578	447	you	NA
33	579	448	or	NA
33	580	449	with	NA
33	581	450	your	it.
33	582	451	money.	it.
33	583	451	money.	it.
33	584	452	“Someone	“They
33	585	452	“Someone	“They
33	586	452	“Someone	“They
33	587	453	else	“They
33	588	454	who	“They
33	589	455	is	“They
33	590	456	also	“They
33	591	457	a	“They
33	592	458	billionaire	“They
33	593	459	–	NA
33	594	460	they	NA
33	595	461	don't	NA
33	596	461	don't	NA
33	597	462	want	NA
33	598	463	anything	NA
33	599	464	from	NA
33	600	465	you.	NA
33	601	465	you.	NA
33	602	466	Never	It,
33	603	467	being	It,
33	604	468	able	It,
33	605	469	to	It,
33	606	470	trust	It,
33	607	471	your	It,
33	608	472	friendships	It,
33	609	473	with	It,
33	610	474	other	It,
33	611	475	people,	It,
33	612	475	people,	It,
33	613	476	I	NA
33	614	477	think	NA
33	615	478	that	NA
33	616	479	is	NA
33	617	480	difficult,”	NA
33	618	480	difficult,”	NA
33	619	480	difficult,”	NA
33	620	480	difficult,”	NA
33	621	481	said	NA
33	622	482	Cockrell.	he.
33	623	482	Cockrell.	he.
33	624	482	Cockrell.	he.
33	625	483	Some	They
33	626	484	Americans	They
33	627	485	keep	NA
33	628	486	their	their
33	629	487	wealth	their
33	630	488	secret.	NA
33	631	488	secret.	NA
33	632	489	“There	NA
33	633	489	“There	NA
33	634	489	“There	NA
33	635	490	are	NA
33	636	491	a	they
33	637	492	lot	they
33	638	493	of	they
33	639	494	people	they
33	640	495	hiding	NA
33	641	496	their	their
33	642	497	wealth	their
33	643	498	because	NA
33	644	499	they	NA
33	645	500	are	NA
33	646	501	worried	NA
33	647	502	about	NA
33	648	503	negative	NA
33	649	504	judgment,”	NA
33	650	504	judgment,”	NA
33	651	504	judgment,”	NA
33	652	504	judgment,”	NA
33	653	505	said	NA
33	654	506	Traeger-Muney.	she.
33	655	506	Traeger-Muney.	she.
33	656	506	Traeger-Muney.	she.
33	657	506	Traeger-Muney.	she.
33	658	506	Traeger-Muney.	she.
33	659	506	Traeger-Muney.	she.
33	660	506	Traeger-Muney.	she.
33	661	507	“If	NA
33	662	507	“If	NA
33	663	507	“If	NA
33	664	508	wealthy	they
33	665	509	Americans	they
33	666	510	talk	NA
33	667	511	about	NA
33	668	512	their	their,
33	669	513	problems,	their,
33	670	513	problems,	their,
33	671	514	people	NA
33	672	515	often	NA
33	673	516	don't	NA
33	674	516	don't	NA
33	675	517	have	NA
33	676	518	a	NA
33	677	519	lot	NA
33	678	520	of	NA
33	679	521	sympathy,”	NA
33	680	521	sympathy,”	NA
33	681	521	sympathy,”	NA
33	682	521	sympathy,”	NA
33	683	522	she	NA
33	684	523	said.	NA
33	685	523	said.	NA
33	686	524	Cockrell	He
33	687	524	Cockrell	He
33	688	525	said	NA
33	689	526	that	NA
33	690	527	there	NA
33	691	528	is	NA
33	692	529	a	NA
33	693	530	common	NA
33	694	531	mistake	NA
33	695	532	that	NA
33	696	533	many	they
33	697	534	of	they
33	698	535	his	they
33	699	536	wealthy	they
33	700	537	clients	they
33	701	538	make	NA
33	702	539	–	NA
33	703	540	they	NA
33	704	541	let	NA
33	705	542	their	their
33	706	543	money	their
33	707	544	define	NA
33	708	545	them.	NA
33	709	545	them.	NA
33	710	546	“If	NA
33	711	546	“If	NA
33	712	546	“If	NA
33	713	547	you	NA
33	714	548	are	NA
33	715	549	part	NA
33	716	550	of	NA
33	717	551	the	it%,
33	718	552	1%,	it%,
33	719	552	1%,	it%,
33	720	553	you	NA
33	721	554	still	NA
33	722	555	have	NA
33	723	556	problems.	they.
33	724	556	problems.	they.
33	725	557	There	NA
33	726	558	are	NA
33	727	559	other	NA
33	728	560	parts	NA
33	729	561	of	NA
33	730	562	your	NA
33	731	563	life.	NA
33	732	563	life.	NA
33	733	564	Money	It
33	734	565	is	NA
33	735	566	not	NA
33	736	567	the	it,”
33	737	568	only	it,”
33	738	569	thing,”	it,”
33	739	569	thing,”	it,”
33	740	569	thing,”	it,”
33	741	569	thing,”	it,”
33	742	570	he	NA
33	743	571	said.	NA
33	744	571	said.	NA
33	745	572	“Your	“They
33	746	572	“Your	“They
33	747	572	“Your	“They
33	748	573	problems	“They
33	749	574	are	NA
33	750	575	real.”	NA
33	751	575	real.”	NA
33	752	575	real.”	NA
33	753	575	real.”	NA
34	0	0	From	NA
34	1	1	all	NA
34	2	2	across	NA
34	3	3	Rwanda,	it,
34	4	3	Rwanda,	it,
34	5	4	and	NA
34	6	5	even	NA
34	7	6	parts	NA
34	8	7	of	NA
34	9	8	neighboring	NA
34	10	9	Burundi,	NA
34	11	9	Burundi,	NA
34	12	9	Burundi,	NA
34	13	9	Burundi,	NA
34	14	10	people	they
34	15	11	flock	NA
34	16	12	to	NA
34	17	13	the	it
34	18	14	southern	it
34	19	15	town	it
34	20	16	of	it
34	21	17	Butare	it
34	22	17	Butare	it
34	23	18	to	NA
34	24	19	a	it
34	25	20	little	it
34	26	21	shop	it
34	27	22	called	NA
34	28	23	Inzozi	it
34	29	23	Inzozi	it
34	30	23	Inzozi	it
34	31	23	Inzozi	it
34	32	24	Nziza	it
34	33	24	Nziza	it
34	34	24	Nziza	it
34	35	25	(Sweet	NA
34	36	25	(Sweet	NA
34	37	26	Dreams).	NA
34	38	26	Dreams).	NA
34	39	27	They	NA
34	40	28	come	NA
34	41	29	for	NA
34	42	30	a	it,
34	43	31	taste	it,
34	44	32	of	it,
34	45	33	the	it,
34	46	34	unknown,	it,
34	47	34	unknown,	it,
34	48	35	something	it
34	49	36	most	it
34	50	37	have	it
34	51	38	never	it
34	52	39	tasted	it
34	53	40	–	NA
34	54	41	the	it.
34	55	42	sweet,	it.
34	56	42	sweet,	it.
34	57	43	cold,	it.
34	58	43	cold,	it.
34	59	44	velvety	it.
34	60	44	velvety	it.
34	61	44	velvety	it.
34	62	45	embrace	it.
34	63	46	of	it.
34	64	47	ice	it.
34	65	48	cream.	it.
34	66	48	cream.	it.
34	67	49	Here,	NA
34	68	49	Here,	NA
34	69	50	at	NA
34	70	51	the	it,
34	71	52	central	it,
34	72	53	African	it,
34	73	54	country's	it,
34	74	54	country's	it,
34	75	55	first	it,
34	76	56	ice-cream	it,
34	77	56	ice-cream	it,
34	78	56	ice-cream	it,
34	79	57	parlor,	it,
34	80	57	parlor,	it,
34	81	57	parlor,	it,
34	82	58	customers	NA
34	83	59	can	NA
34	84	60	buy	NA
34	85	61	scoops	NA
34	86	61	scoops	NA
34	87	62	in	NA
34	88	63	sweet	NA
34	89	64	cream,	NA
34	90	64	cream,	NA
34	91	65	passion	NA
34	92	66	fruit,	NA
34	93	66	fruit,	NA
34	94	67	strawberry	NA
34	95	68	and	NA
34	96	69	pineapple	NA
34	97	70	flavors.	NA
34	98	70	flavors.	NA
34	99	71	Toppings	NA
34	100	71	Toppings	NA
34	101	72	include	NA
34	102	73	fresh	NA
34	103	74	fruit,	NA
34	104	74	fruit,	NA
34	105	75	honey,	it,
34	106	75	honey,	it,
34	107	76	chocolate	NA
34	108	77	chips	NA
34	109	78	and	NA
34	110	79	granola.	NA
34	111	79	granola.	NA
34	112	79	granola.	NA
34	113	80	Black	NA
34	114	81	tea	NA
34	115	82	and	NA
34	116	83	coffee	it
34	117	84	are	NA
34	118	85	also	NA
34	119	86	on	NA
34	120	87	sale.	NA
34	121	87	sale.	NA
34	122	88	The	It,
34	123	89	shop,	It,
34	124	89	shop,	It,
34	125	90	which	It,
34	126	91	has	It,
34	127	92	“ice	It,
34	128	92	“ice	It,
34	129	92	“ice	It,
34	130	93	cream,	It,
34	131	93	cream,	It,
34	132	94	coffee,	It,
34	133	94	coffee,	It,
34	134	95	dreams”	It,
34	135	95	dreams”	It,
34	136	95	dreams”	It,
34	137	96	across	It,
34	138	97	its	It,
34	139	98	signage,	It,
34	140	98	signage,	It,
34	141	99	is	NA
34	142	100	milking	it
34	143	100	milking	it
34	144	101	local	it
34	145	102	curiosity	it
34	146	103	about	it
34	147	104	the	it
34	148	105	dessert	it
34	149	106	–	NA
34	150	107	and	NA
34	151	108	“changing	NA
34	152	108	“changing	NA
34	153	108	“changing	NA
34	154	109	lives”	NA
34	155	109	lives”	NA
34	156	109	lives”	NA
34	157	110	in	NA
34	158	111	the	it,
34	159	112	process,	it,
34	160	112	process,	it,
34	161	113	says	NA
34	162	114	Inzozi	it,
34	163	114	Inzozi	it,
34	164	114	Inzozi	it,
34	165	114	Inzozi	it,
34	166	115	Nziza's	it,
34	167	115	Nziza's	it,
34	168	115	Nziza's	it,
34	169	115	Nziza's	it,
34	170	116	manager,	it,
34	171	116	manager,	it,
34	172	117	Louise	she.
34	173	118	Ingabire.	she.
34	174	118	Ingabire.	she.
34	175	118	Ingabire.	she.
34	176	118	Ingabire.	she.
34	177	119	“Ice	“It
34	178	119	“Ice	“It
34	179	119	“Ice	“It
34	180	120	cream	“It
34	181	121	is	NA
34	182	122	important,”	NA
34	183	122	important,”	NA
34	184	122	important,”	NA
34	185	122	important,”	NA
34	186	123	she	NA
34	187	124	says	NA
34	188	125	between	NA
34	189	126	mouthfuls	NA
34	190	126	mouthfuls	NA
34	191	126	mouthfuls	NA
34	192	127	of	NA
34	193	128	a	NA
34	194	129	honey-flavored	it
34	195	129	honey-flavored	it
34	196	129	honey-flavored	it
34	197	129	honey-flavored	it
34	198	130	offering.	NA
34	199	130	offering.	NA
34	200	131	“Some	NA
34	201	131	“Some	NA
34	202	131	“Some	NA
34	203	132	Rwandans	NA
34	204	132	Rwandans	NA
34	205	132	Rwandans	NA
34	206	133	like	NA
34	207	134	ice	it,
34	208	135	cream,	it,
34	209	135	cream,	it,
34	210	136	but	NA
34	211	137	it's	NA
34	212	137	it's	NA
34	213	138	a	it.
34	214	139	new	it.
34	215	140	thing.	it.
34	216	140	thing.	it.
34	217	141	We	NA
34	218	142	still	NA
34	219	143	have	NA
34	220	144	some	NA
34	221	145	work	NA
34	222	146	to	NA
34	223	147	do,	NA
34	224	147	do,	NA
34	225	148	to	NA
34	226	149	tell	NA
34	227	150	others	them
34	228	151	that	NA
34	229	152	they'll	NA
34	230	152	they'll	NA
34	231	153	enjoy	NA
34	232	154	it.”	NA
34	233	154	it.”	NA
34	234	154	it.”	NA
34	235	154	it.”	NA
34	236	155	True	NA
34	237	156	to	NA
34	238	157	Inzozi	its
34	239	157	Inzozi	its
34	240	157	Inzozi	its
34	241	157	Inzozi	its
34	242	158	Nziza's	its
34	243	158	Nziza's	its
34	244	158	Nziza's	its
34	245	158	Nziza's	its
34	246	159	motto,	NA
34	247	159	motto,	NA
34	248	160	the	it
34	249	161	shop	it
34	250	162	can	NA
34	251	163	certainly	NA
34	252	164	make	NA
34	253	165	dreams	NA
34	254	166	come	NA
34	255	167	true.	NA
34	256	167	true.	NA
34	257	168	“I	NA
34	258	168	“I	NA
34	259	168	“I	NA
34	260	169	didn't	NA
34	261	169	didn't	NA
34	262	170	have	NA
34	263	171	a	NA
34	264	172	job	NA
34	265	173	before:	NA
34	266	173	before:	NA
34	267	174	I	NA
34	268	175	just	NA
34	269	176	stayed	NA
34	270	177	at	NA
34	271	178	home.	NA
34	272	178	home.	NA
34	273	179	Now,	NA
34	274	179	Now,	NA
34	275	180	I	NA
34	276	181	have	NA
34	277	182	a	NA
34	278	183	vision	NA
34	279	184	for	NA
34	280	185	the	NA
34	281	186	future.	NA
34	282	186	future.	NA
34	283	187	I	NA
34	284	188	am	NA
34	285	189	making	NA
34	286	190	money	it
34	287	191	and	NA
34	288	192	I	NA
34	289	193	can	NA
34	290	194	give	NA
34	291	195	some	NA
34	292	196	of	NA
34	293	197	it	NA
34	294	198	to	NA
34	295	199	my	NA
34	296	200	family,”	NA
34	297	200	family,”	NA
34	298	200	family,”	NA
34	299	200	family,”	NA
34	300	201	says	NA
34	301	202	the	he.
34	302	203	27-year-old.	he.
34	303	203	27-year-old.	he.
34	304	203	27-year-old.	he.
34	305	203	27-year-old.	he.
34	306	203	27-year-old.	he.
34	307	203	27-year-old.	he.
34	308	204	Butare,	It,
34	309	204	Butare,	It,
34	310	204	Butare,	It,
34	311	205	which	It,
34	312	206	has	It,
34	313	207	89,600	It,
34	314	207	89,600	It,
34	315	207	89,600	It,
34	316	208	residents	It,
34	317	209	and	It,
34	318	210	is	It,
34	319	211	located	It,
34	320	212	135km	It,
34	321	212	135km	It,
34	322	213	south	It,
34	323	214	of	It,
34	324	215	the	It,
34	325	216	capital,	It,
34	326	216	capital,	It,
34	327	217	Kigali,	It,
34	328	217	Kigali,	It,
34	329	217	Kigali,	It,
34	330	217	Kigali,	It,
34	331	218	is	NA
34	332	219	the	it.
34	333	220	home	it.
34	334	221	of	it.
34	335	222	the	it.
34	336	223	National	it.
34	337	224	University	it.
34	338	225	of	it.
34	339	226	Rwanda.	it.
34	340	226	Rwanda.	it.
34	341	227	Inzozi	It
34	342	227	Inzozi	It
34	343	227	Inzozi	It
34	344	227	Inzozi	It
34	345	228	Nziza	It
34	346	228	Nziza	It
34	347	228	Nziza	It
34	348	229	has	NA
34	349	230	become	NA
34	350	231	a	it.
34	351	232	hub	it.
34	352	233	for	it.
34	353	234	tired	it.
34	354	235	students	it.
34	355	236	looking	it.
34	356	237	to	it.
34	357	238	treat	it.
34	358	239	themselves	it.
34	359	240	to	it.
34	360	241	something	it.
34	361	242	cool	it.
34	362	243	and	it.
34	363	244	different.	it.
34	364	244	different.	it.
34	365	245	“It's	NA
34	366	245	“It's	NA
34	367	245	“It's	NA
34	368	245	“It's	NA
34	369	246	something	it,”
34	370	247	uniting	it,”
34	371	247	uniting	it,”
34	372	248	people	it,”
34	373	249	here,”	it,”
34	374	249	here,”	it,”
34	375	249	here,”	it,”
34	376	249	here,”	it,”
34	377	250	Kalisa	he,
34	378	250	Kalisa	he,
34	379	251	Migendo,	he,
34	380	251	Migendo,	he,
34	381	251	Migendo,	he,
34	382	252	a	he,
34	383	253	24-year-old	he,
34	384	253	24-year-old	he,
34	385	253	24-year-old	he,
34	386	253	24-year-old	he,
34	387	253	24-year-old	he,
34	388	254	agriculture	he,
34	389	255	student,	he,
34	390	255	student,	he,
34	391	256	says.	NA
34	392	256	says.	NA
34	393	257	“If	NA
34	394	257	“If	NA
34	395	257	“If	NA
34	396	258	you	NA
34	397	259	need	NA
34	398	260	to	NA
34	399	261	go	NA
34	400	262	out	NA
34	401	263	and	NA
34	402	264	talk	NA
34	403	265	to	NA
34	404	266	a	NA
34	405	267	friend,	NA
34	406	267	friend,	NA
34	407	268	a	NA
34	408	269	girl	NA
34	409	270	or	NA
34	410	271	a	NA
34	411	272	boy,	NA
34	412	272	boy,	NA
34	413	273	you	NA
34	414	274	come	NA
34	415	275	to	NA
34	416	276	Inzozi	it
34	417	276	Inzozi	it
34	418	276	Inzozi	it
34	419	276	Inzozi	it
34	420	277	Nziza	it
34	421	277	Nziza	it
34	422	277	Nziza	it
34	423	278	for	NA
34	424	279	an	NA
34	425	280	ice	NA
34	426	281	cream.”	NA
34	427	281	cream.”	NA
34	428	281	cream.”	NA
34	429	281	cream.”	NA
34	430	282	Most	NA
34	431	283	of	NA
34	432	284	the	NA
34	433	285	ingredients	NA
34	434	286	are	NA
34	435	287	sourced	NA
34	436	288	locally	NA
34	437	289	and	NA
34	438	290	the	NA
34	439	291	milk	NA
34	440	292	comes	NA
34	441	293	from	NA
34	442	294	a	NA
34	443	295	depot	NA
34	444	296	in	NA
34	445	297	nearby	NA
34	446	298	Nyanza.	NA
34	447	298	Nyanza.	NA
34	448	298	Nyanza.	NA
34	449	298	Nyanza.	NA
34	450	299	The	NA
34	451	300	vanilla	NA
34	452	301	beans	NA
34	453	302	and	NA
34	454	303	cocoa	NA
34	455	304	are	NA
34	456	305	imported.	NA
34	457	305	imported.	NA
34	458	306	Inzozi	It
34	459	306	Inzozi	It
34	460	306	Inzozi	It
34	461	306	Inzozi	It
34	462	307	Nziza	It
34	463	307	Nziza	It
34	464	307	Nziza	It
34	465	308	was	NA
34	466	309	opened	NA
34	467	310	by	NA
34	468	311	the	she.
34	469	312	theater	she.
34	470	313	director	she.
34	471	314	Odile	she.
34	472	314	Odile	she.
34	473	315	Gakire	she.
34	474	315	Gakire	she.
34	475	315	Gakire	she.
34	476	316	Katese.	she.
34	477	316	Katese.	she.
34	478	316	Katese.	she.
34	479	316	Katese.	she.
34	480	317	She	NA
34	481	318	met	NA
34	482	319	Alexis	them,
34	483	320	Miesen	them,
34	484	320	Miesen	them,
34	485	320	Miesen	them,
34	486	321	and	them,
34	487	322	Jennie	them,
34	488	322	Jennie	them,
34	489	323	Dundas,	them,
34	490	323	Dundas,	them,
34	491	323	Dundas,	them,
34	492	324	co-founders	NA
34	493	324	co-founders	NA
34	494	324	co-founders	NA
34	495	324	co-founders	NA
34	496	325	of	NA
34	497	326	Blue	NA
34	498	327	Marble	NA
34	499	328	Ice	NA
34	500	329	Cream	NA
34	501	330	in	NA
34	502	331	Brooklyn,	NA
34	503	331	Brooklyn,	NA
34	504	332	New	NA
34	505	333	York,	NA
34	506	333	York,	NA
34	507	334	and	NA
34	508	335	formed	NA
34	509	336	a	NA
34	510	337	partnership	NA
34	511	338	with	NA
34	512	339	them	NA
34	513	340	to	NA
34	514	341	open	NA
34	515	342	the	it
34	516	343	shop	it
34	517	344	in	NA
34	518	345	2010.	NA
34	519	345	2010.	NA
34	520	346	“An	NA
34	521	346	“An	NA
34	522	346	“An	NA
34	523	347	ice-cream	NA
34	524	347	ice-cream	NA
34	525	347	ice-cream	NA
34	526	348	shop,	NA
34	527	348	shop,	NA
34	528	349	Katese	he
34	529	349	Katese	he
34	530	349	Katese	he
34	531	350	proposed,	NA
34	532	350	proposed,	NA
34	533	351	might	NA
34	534	352	help	NA
34	535	353	to	NA
34	536	354	put	NA
34	537	355	the	NA
34	538	356	human	NA
34	539	357	pieces	NA
34	540	358	back	NA
34	541	359	together	NA
34	542	360	by	NA
34	543	361	rebuilding	NA
34	544	362	spirits,	NA
34	545	362	spirits,	NA
34	546	363	hopes	NA
34	547	364	and	NA
34	548	365	family	NA
34	549	366	traditions,”	NA
34	550	366	traditions,”	NA
34	551	366	traditions,”	NA
34	552	366	traditions,”	NA
34	553	367	Miesen	she
34	554	367	Miesen	she
34	555	367	Miesen	she
34	556	368	says.	NA
34	557	368	says.	NA
34	558	369	At	NA
34	559	370	the	NA
34	560	371	start,	NA
34	561	371	start,	NA
34	562	372	Miesen	she
34	563	372	Miesen	she
34	564	372	Miesen	she
34	565	373	and	NA
34	566	374	Dundas	NA
34	567	374	Dundas	NA
34	568	375	owned	NA
34	569	376	the	it
34	570	377	shop	it
34	571	378	in	NA
34	572	379	partnership	NA
34	573	380	with	NA
34	574	381	its	NA
34	575	382	staff	NA
34	576	383	and	NA
34	577	384	had	NA
34	578	385	shares	them.
34	579	386	in	them.
34	580	387	the	them.
34	581	388	business,	them.
34	582	388	business,	them.
34	583	389	which	them.
34	584	390	is	them.
34	585	391	a	them.
34	586	392	cooperative	them.
34	587	393	and	them.
34	588	394	non-profit.	them.
34	589	394	non-profit.	them.
34	590	394	non-profit.	them.
34	591	394	non-profit.	them.
34	592	395	They	NA
34	593	396	did	NA
34	594	397	not	NA
34	595	398	set	NA
34	596	399	financial	NA
34	597	400	targets,	NA
34	598	400	targets,	NA
34	599	401	but	NA
34	600	402	waited	NA
34	601	403	for	NA
34	602	404	18	NA
34	603	405	months	NA
34	604	406	before	NA
34	605	407	they	NA
34	606	408	transferred	NA
34	607	409	their	them
34	608	410	shares	them
34	609	411	to	NA
34	610	412	the	them.
34	611	413	women,	them.
34	612	413	women,	them.
34	613	414	who	them.
34	614	415	had	them.
34	615	416	by	them.
34	616	417	then	them.
34	617	418	proved	them.
34	618	419	their	them.
34	619	420	business	them.
34	620	421	credentials.	them.
34	621	421	credentials.	them.
34	622	422	Though	NA
34	623	423	ice	it
34	624	424	cream	it
34	625	425	is	NA
34	626	426	somewhat	NA
34	627	427	new	NA
34	628	428	to	NA
34	629	429	Rwanda,	it,
34	630	429	Rwanda,	it,
34	631	430	Ndangiza	she
34	632	430	Ndangiza	she
34	633	430	Ndangiza	she
34	634	430	Ndangiza	she
34	635	431	is	NA
34	636	432	enthused	NA
34	637	432	enthused	NA
34	638	432	enthused	NA
34	639	433	by	NA
34	640	434	the	it.
34	641	435	idea	it.
34	642	436	of	it.
34	643	437	the	it.
34	644	438	shop.	it.
34	645	438	shop.	it.
34	646	439	“I	NA
34	647	439	“I	NA
34	648	439	“I	NA
34	649	440	think	NA
34	650	441	it's	NA
34	651	441	it's	NA
34	652	442	great.	NA
34	653	442	great.	NA
34	654	443	It	NA
34	655	444	requires	NA
34	656	445	a	NA
34	657	446	lot	NA
34	658	447	of	NA
34	659	448	skills	NA
34	660	449	and	NA
34	661	450	changing	NA
34	662	451	people's	NA
34	663	451	people's	NA
34	664	452	mindsets	NA
34	665	452	mindsets	NA
34	666	453	because	NA
34	667	454	selling	NA
34	668	455	and	NA
34	669	456	eating	NA
34	670	457	ice	it
34	671	458	cream	it
34	672	459	is	NA
34	673	460	not	NA
34	674	461	part	NA
34	675	462	of	NA
34	676	463	Rwanda's	its
34	677	463	Rwanda's	its
34	678	464	culture"""".	NA
34	679	464	culture"""".	NA
34	680	464	culture"""".	NA
34	681	465	The	It
34	682	466	Butare	It
34	683	466	Butare	It
34	684	467	shop	It
34	685	468	employs	NA
34	686	469	nine	NA
34	687	470	women,	NA
34	688	470	women,	NA
34	689	471	who	NA
34	690	472	spend	NA
34	691	473	their	NA
34	692	474	spare	NA
34	693	475	time	NA
34	694	476	practicing	NA
34	695	477	with	NA
34	696	478	Ingoma	them,
34	697	478	Ingoma	them,
34	698	479	Nshya,	them,
34	699	479	Nshya,	them,
34	700	479	Nshya,	them,
34	701	479	Nshya,	them,
34	702	480	Rwanda's	it.
34	703	480	Rwanda's	it.
34	704	481	first	it.
34	705	482	and	it.
34	706	483	only	it.
34	707	484	female	it.
34	708	485	drumming	it.
34	709	485	drumming	it.
34	710	486	troupe,	it.
34	711	486	troupe,	it.
34	712	486	troupe,	it.
34	713	487	which	it.
34	714	488	was	it.
34	715	489	established	it.
34	716	490	by	it.
34	717	491	Katese	it.
34	718	491	Katese	it.
34	719	491	Katese	it.
34	720	492	ten	it.
34	721	493	years	it.
34	722	494	ago.	it.
34	723	494	ago.	it.
34	724	495	The	They
34	725	496	musicians	They
34	726	497	are	NA
34	727	498	Hutu	NA
34	728	498	Hutu	NA
34	729	499	and	NA
34	730	500	Tutsi	NA
34	731	500	Tutsi	NA
34	732	500	Tutsi	NA
34	733	501	women,	NA
34	734	501	women,	NA
34	735	502	some	NA
34	736	503	survivors	NA
34	737	504	of	NA
34	738	505	the	it.
34	739	506	1994	it.
34	740	507	genocide,	it.
34	741	507	genocide,	it.
34	742	508	during	it.
34	743	509	which	it.
34	744	510	almost	it.
34	745	511	a	it.
34	746	512	million	it.
34	747	513	Tutsis	it.
34	748	513	Tutsis	it.
34	749	513	Tutsis	it.
34	750	514	and	it.
34	751	515	moderate	it.
34	752	516	Hutus	it.
34	753	516	Hutus	it.
34	754	517	were	it.
34	755	518	killed.	it.
34	756	518	killed.	it.
34	757	519	Some	NA
34	758	520	members	NA
34	759	521	of	NA
34	760	522	Ingoma	it
34	761	522	Ingoma	it
34	762	523	Nshya	it
34	763	523	Nshya	it
34	764	523	Nshya	it
34	765	524	are	NA
34	766	525	widows,	NA
34	767	525	widows,	NA
34	768	525	widows,	NA
34	769	526	some	NA
34	770	527	orphans.	NA
34	771	527	orphans.	NA
34	772	528	Ingabire's	Her
34	773	528	Ingabire's	Her
34	774	528	Ingabire's	Her
34	775	528	Ingabire's	Her
34	776	529	father,	NA
34	777	529	father,	NA
34	778	530	two	NA
34	779	531	siblings	NA
34	780	532	and	NA
34	781	533	many	NA
34	782	534	cousins	NA
34	783	535	were	NA
34	784	536	killed	NA
34	785	537	in	NA
34	786	538	the	it.
34	787	539	genocide.	it.
34	788	539	genocide.	it.
34	789	540	“Some	NA
34	790	540	“Some	NA
34	791	540	“Some	NA
34	792	541	of	NA
34	793	542	us	NA
34	794	543	are	NA
34	795	544	survivors;	NA
34	796	544	survivors;	NA
34	797	545	some	NA
34	798	546	know	NA
34	799	547	someone	NA
34	800	548	who	NA
34	801	549	was	NA
34	802	550	killed,”	NA
34	803	550	killed,”	NA
34	804	550	killed,”	NA
34	805	550	killed,”	NA
34	806	551	she	NA
34	807	552	says.	NA
34	808	552	says.	NA
34	809	553	“When	NA
34	810	553	“When	NA
34	811	553	“When	NA
34	812	554	I'm	NA
34	813	554	I'm	NA
34	814	555	drumming	them,
34	815	555	drumming	them,
34	816	556	with	them,
34	817	557	them,	them,
34	818	557	them,	them,
34	819	558	it	NA
34	820	559	gives	NA
34	821	560	me	NA
34	822	561	power	NA
34	823	562	because	NA
34	824	563	we're	NA
34	825	563	we're	NA
34	826	564	still	NA
34	827	565	alive	NA
34	828	566	and	NA
34	829	567	survivors.”	NA
34	830	567	survivors.”	NA
34	831	567	survivors.”	NA
34	832	567	survivors.”	NA
34	833	568	The	it
34	834	569	popular	it
34	835	570	ice-cream	it
34	836	570	ice-cream	it
34	837	570	ice-cream	it
34	838	571	shop	it
34	839	572	features	NA
34	840	573	in	NA
34	841	574	a	it,
34	842	575	documentary	it,
34	843	576	by	it,
34	844	577	Rob	it,
34	845	578	and	it,
34	846	579	Lisa	it,
34	847	580	Fruchtman,	it,
34	848	580	Fruchtman,	it,
34	849	580	Fruchtman,	it,
34	850	580	Fruchtman,	it,
34	851	580	Fruchtman,	it,
34	852	581	sibling	their.
34	853	582	film-	their.
34	854	582	film-	their.
34	855	583	makers.	their.
34	856	583	makers.	their.
34	857	584	Sweet	It,
34	858	585	Dreams,	It,
34	859	585	Dreams,	It,
34	860	586	which	It,
34	861	587	tells	It,
34	862	588	the	It,
34	863	589	story	It,
34	864	590	of	It,
34	865	591	how	It,
34	866	592	the	It,
34	867	593	women	It,
34	868	594	have	It,
34	869	595	forged	It,
34	870	596	a	It,
34	871	597	promising	It,
34	872	598	post-	It,
34	873	598	post-	It,
34	874	599	genocide	It,
34	875	600	future,	It,
34	876	600	future,	It,
34	877	601	also	NA
34	878	602	includes	NA
34	879	603	the	them.
34	880	604	female	them.
34	881	605	drummers.	them.
34	882	605	drummers.	them.
34	883	605	drummers.	them.
34	884	606	The	It,
34	885	607	film,	It,
34	886	607	film,	It,
34	887	608	which	It,
34	888	609	has	It,
34	889	610	been	It,
34	890	611	screened	It,
34	891	612	in	It,
34	892	613	more	It,
34	893	614	than	It,
34	894	615	a	It,
34	895	616	dozen	It,
34	896	617	countries,	It,
34	897	617	countries,	It,
34	898	618	including	It,
34	899	619	the	It,
34	900	620	US,	It,
34	901	620	US,	It,
34	902	621	UK	It,
34	903	622	and	It,
34	904	623	several	It,
34	905	624	African	It,
34	906	625	states,	It,
34	907	625	states,	It,
34	908	626	premieres	NA
34	909	626	premieres	NA
34	910	627	in	NA
34	911	628	Rwanda	it
34	912	629	in	NA
34	913	630	2014.	NA
34	914	630	2014.	NA
34	915	631	“We	NA
34	916	631	“We	NA
34	917	631	“We	NA
34	918	632	feel	NA
34	919	633	the	it
34	920	634	film	it
34	921	635	is	NA
34	922	636	about	NA
34	923	637	resilience,	NA
34	924	637	resilience,	NA
34	925	638	hope,	NA
34	926	638	hope,	NA
34	927	639	bravery,	NA
34	928	639	bravery,	NA
34	929	640	resourcefulness	NA
34	930	640	resourcefulness	NA
34	931	641	and	NA
34	932	642	the	NA
34	933	643	ability	NA
34	934	644	to	NA
34	935	645	change	NA
34	936	646	the	NA
34	937	647	course	NA
34	938	648	of	NA
34	939	649	your	NA
34	940	650	own	NA
34	941	651	life,”	NA
34	942	651	life,”	NA
34	943	651	life,”	NA
34	944	651	life,”	NA
34	945	652	says	NA
34	946	653	Lisa	she.
34	947	654	Fruchtman,	she.
34	948	654	Fruchtman,	she.
34	949	654	Fruchtman,	she.
34	950	654	Fruchtman,	she.
34	951	654	Fruchtman,	she.
34	952	655	who	she.
34	953	656	won	she.
34	954	657	an	she.
34	955	658	Academy	she.
34	956	659	Award	she.
34	957	660	for	she.
34	958	661	film-	she.
34	959	661	film-	she.
34	960	662	editing	she.
34	961	663	in	she.
34	962	664	1984.	she.
34	963	664	1984.	she.
35	0	0	From	NA
35	1	1	all	NA
35	2	2	across	NA
35	3	3	Rwanda,	it,
35	4	3	Rwanda,	it,
35	5	4	and	NA
35	6	5	even	NA
35	7	6	from	NA
35	8	7	Burundi,	NA
35	9	7	Burundi,	NA
35	10	7	Burundi,	NA
35	11	7	Burundi,	NA
35	12	8	people	they
35	13	9	are	NA
35	14	10	coming	NA
35	15	11	to	NA
35	16	12	the	it
35	17	13	southern	it
35	18	14	town	it
35	19	15	of	it
35	20	16	Butare	it
35	21	16	Butare	it
35	22	17	to	NA
35	23	18	a	it
35	24	19	little	it
35	25	20	shop	it
35	26	21	called	NA
35	27	22	Inzozi	it
35	28	22	Inzozi	it
35	29	22	Inzozi	it
35	30	22	Inzozi	it
35	31	23	Nziza	it
35	32	23	Nziza	it
35	33	23	Nziza	it
35	34	24	(Sweet	(it).
35	35	24	(Sweet	(it).
35	36	25	Dreams).	(it).
35	37	25	Dreams).	(it).
35	38	26	They	NA
35	39	27	come	NA
35	40	28	for	NA
35	41	29	a	NA
35	42	30	taste	NA
35	43	31	of	NA
35	44	32	something	it,
35	45	33	new,	it,
35	46	33	new,	it,
35	47	34	something	it
35	48	35	most	it
35	49	36	of	it
35	50	37	them	it
35	51	38	have	it
35	52	39	never	it
35	53	40	tasted	it
35	54	41	before	it
35	55	42	–	NA
35	56	43	sweet,	NA
35	57	43	sweet,	NA
35	58	44	cold	NA
35	59	45	ice	NA
35	60	46	cream.	NA
35	61	46	cream.	NA
35	62	47	Here,	NA
35	63	47	Here,	NA
35	64	48	at	NA
35	65	49	the	it,
35	66	50	central	it,
35	67	51	African	it,
35	68	52	country's	it,
35	69	52	country's	it,
35	70	53	first	it,
35	71	54	ice-cream	it,
35	72	54	ice-cream	it,
35	73	54	ice-cream	it,
35	74	55	shop,	it,
35	75	55	shop,	it,
35	76	56	customers	they
35	77	57	can	NA
35	78	58	buy	NA
35	79	59	ice	NA
35	80	60	cream	NA
35	81	61	in	NA
35	82	62	sweet	NA
35	83	63	cream,	NA
35	84	63	cream,	NA
35	85	64	passion	NA
35	86	65	fruit,	NA
35	87	65	fruit,	NA
35	88	66	strawberry	NA
35	89	67	and	NA
35	90	68	pineapple	NA
35	91	69	flavors.	NA
35	92	69	flavors.	NA
35	93	70	Toppings	NA
35	94	70	Toppings	NA
35	95	71	include	NA
35	96	72	fresh	NA
35	97	73	fruit,	NA
35	98	73	fruit,	NA
35	99	74	honey,	it,
35	100	74	honey,	it,
35	101	75	chocolate	NA
35	102	76	chips	NA
35	103	77	and	NA
35	104	78	granola.	NA
35	105	78	granola.	NA
35	106	78	granola.	NA
35	107	79	They	NA
35	108	80	can	NA
35	109	81	also	NA
35	110	82	buy	NA
35	111	83	black	NA
35	112	84	tea	NA
35	113	85	and	NA
35	114	86	coffee.	it.
35	115	86	coffee.	it.
35	116	87	The	It,
35	117	88	shop,	It,
35	118	88	shop,	It,
35	119	89	which	It,
35	120	90	has	It,
35	121	91	“ice	It,
35	122	91	“ice	It,
35	123	91	“ice	It,
35	124	92	cream,	It,
35	125	92	cream,	It,
35	126	93	coffee,	It,
35	127	93	coffee,	It,
35	128	94	dreams”	It,
35	129	94	dreams”	It,
35	130	94	dreams”	It,
35	131	95	written	It,
35	132	96	on	It,
35	133	97	its	It,
35	134	98	signs,	It,
35	135	98	signs,	It,
35	136	99	is	NA
35	137	100	taking	NA
35	138	101	advantage	NA
35	139	102	of	NA
35	140	103	local	NA
35	141	104	people's	NA
35	142	104	people's	NA
35	143	105	curiosity	NA
35	144	106	about	NA
35	145	107	ice	it
35	146	108	cream	it
35	147	109	–	NA
35	148	110	and	NA
35	149	111	the	it
35	150	112	shop	it
35	151	113	is	NA
35	152	114	also	NA
35	153	115	“changing	NA
35	154	115	“changing	NA
35	155	115	“changing	NA
35	156	116	lives,”	NA
35	157	116	lives,”	NA
35	158	116	lives,”	NA
35	159	116	lives,”	NA
35	160	117	says	NA
35	161	118	Inzozi	its,
35	162	118	Inzozi	its,
35	163	118	Inzozi	its,
35	164	118	Inzozi	its,
35	165	119	Nziza's	its,
35	166	119	Nziza's	its,
35	167	119	Nziza's	its,
35	168	119	Nziza's	its,
35	169	120	manager,	its,
35	170	120	manager,	its,
35	171	121	Louise	she.
35	172	122	Ingabire.	she.
35	173	122	Ingabire.	she.
35	174	122	Ingabire.	she.
35	175	122	Ingabire.	she.
35	176	123	“Ice	“It
35	177	123	“Ice	“It
35	178	123	“Ice	“It
35	179	124	cream	“It
35	180	125	is	NA
35	181	126	important,”	NA
35	182	126	important,”	NA
35	183	126	important,”	NA
35	184	126	important,”	NA
35	185	127	she	NA
35	186	128	says	NA
35	187	129	between	NA
35	188	130	mouthfuls	NA
35	189	130	mouthfuls	NA
35	190	130	mouthfuls	NA
35	191	131	of	NA
35	192	132	honey-	it-
35	193	132	honey-	it-
35	194	133	flavored	NA
35	195	134	ice	NA
35	196	135	cream.	NA
35	197	135	cream.	NA
35	198	136	“Some	NA
35	199	136	“Some	NA
35	200	136	“Some	NA
35	201	137	Rwandans	NA
35	202	137	Rwandans	NA
35	203	137	Rwandans	NA
35	204	138	like	NA
35	205	139	ice	it,
35	206	140	cream,	it,
35	207	140	cream,	it,
35	208	141	but	NA
35	209	142	it's	NA
35	210	142	it's	NA
35	211	143	a	it.
35	212	144	new	it.
35	213	145	thing.	it.
35	214	145	thing.	it.
35	215	146	We	NA
35	216	147	still	NA
35	217	148	have	NA
35	218	149	some	NA
35	219	150	work	NA
35	220	151	to	NA
35	221	152	do,	NA
35	222	152	do,	NA
35	223	153	to	NA
35	224	154	tell	NA
35	225	155	others	them
35	226	156	that	NA
35	227	157	they'll	NA
35	228	157	they'll	NA
35	229	158	enjoy	NA
35	230	159	it.”	NA
35	231	159	it.”	NA
35	232	159	it.”	NA
35	233	159	it.”	NA
35	234	160	The	it
35	235	161	shop	it
35	236	162	can	NA
35	237	163	certainly	NA
35	238	164	make	NA
35	239	165	dreams	NA
35	240	166	come	NA
35	241	167	true.	NA
35	242	167	true.	NA
35	243	168	“I	NA
35	244	168	“I	NA
35	245	168	“I	NA
35	246	169	didn't	NA
35	247	169	didn't	NA
35	248	170	have	NA
35	249	171	a	NA
35	250	172	job	NA
35	251	173	before:	NA
35	252	173	before:	NA
35	253	174	I	NA
35	254	175	just	NA
35	255	176	stayed	NA
35	256	177	at	NA
35	257	178	home.	NA
35	258	178	home.	NA
35	259	179	Now,	NA
35	260	179	Now,	NA
35	261	180	I	NA
35	262	181	have	NA
35	263	182	a	NA
35	264	183	vision	NA
35	265	184	for	NA
35	266	185	the	NA
35	267	186	future.	NA
35	268	186	future.	NA
35	269	187	I	NA
35	270	188	am	NA
35	271	189	making	NA
35	272	190	money	it
35	273	191	and	NA
35	274	192	I	NA
35	275	193	can	NA
35	276	194	give	NA
35	277	195	some	NA
35	278	196	of	NA
35	279	197	it	NA
35	280	198	to	NA
35	281	199	my	NA
35	282	200	family,”	NA
35	283	200	family,”	NA
35	284	200	family,”	NA
35	285	200	family,”	NA
35	286	201	says	NA
35	287	202	the	he.
35	288	203	27-year-old.	he.
35	289	203	27-year-old.	he.
35	290	203	27-year-old.	he.
35	291	203	27-year-old.	he.
35	292	203	27-year-old.	he.
35	293	203	27-year-old.	he.
35	294	204	Butare	It
35	295	204	Butare	It
35	296	205	has	NA
35	297	206	89,600	NA
35	298	206	89,600	NA
35	299	206	89,600	NA
35	300	207	residents	NA
35	301	208	and	NA
35	302	209	is	NA
35	303	210	135km	NA
35	304	210	135km	NA
35	305	211	south	NA
35	306	212	of	NA
35	307	213	the	it,
35	308	214	capital,	it,
35	309	214	capital,	it,
35	310	215	Kigali.	it.
35	311	215	Kigali.	it.
35	312	215	Kigali.	it.
35	313	215	Kigali.	it.
35	314	216	It	NA
35	315	217	is	NA
35	316	218	the	it.
35	317	219	home	it.
35	318	220	of	it.
35	319	221	the	it.
35	320	222	National	it.
35	321	223	University	it.
35	322	224	of	it.
35	323	225	Rwanda.	it.
35	324	225	Rwanda.	it.
35	325	226	Inzozi	It
35	326	226	Inzozi	It
35	327	226	Inzozi	It
35	328	226	Inzozi	It
35	329	227	Nziza	It
35	330	227	Nziza	It
35	331	227	Nziza	It
35	332	228	has	NA
35	333	229	become	NA
35	334	230	a	it.
35	335	231	meeting	it.
35	336	232	place	it.
35	337	233	for	it.
35	338	234	students	it.
35	339	235	who	it.
35	340	236	want	it.
35	341	237	to	it.
35	342	238	treat	it.
35	343	239	themselves	it.
35	344	240	to	it.
35	345	241	something	it.
35	346	242	cool	it.
35	347	243	and	it.
35	348	244	different.	it.
35	349	244	different.	it.
35	350	245	“The	“It
35	351	245	“The	“It
35	352	245	“The	“It
35	353	246	shop	“It
35	354	247	is	NA
35	355	248	uniting	NA
35	356	248	uniting	NA
35	357	249	people	NA
35	358	250	here,”	NA
35	359	250	here,”	NA
35	360	250	here,”	NA
35	361	250	here,”	NA
35	362	251	Kalisa	he,
35	363	251	Kalisa	he,
35	364	252	Migendo,	he,
35	365	252	Migendo,	he,
35	366	252	Migendo,	he,
35	367	253	a	he,
35	368	254	24-year-old	he,
35	369	254	24-year-old	he,
35	370	254	24-year-old	he,
35	371	254	24-year-old	he,
35	372	254	24-year-old	he,
35	373	255	student,	he,
35	374	255	student,	he,
35	375	256	says.	NA
35	376	256	says.	NA
35	377	257	“If	NA
35	378	257	“If	NA
35	379	257	“If	NA
35	380	258	you	NA
35	381	259	need	NA
35	382	260	to	NA
35	383	261	go	NA
35	384	262	out	NA
35	385	263	and	NA
35	386	264	talk	NA
35	387	265	to	NA
35	388	266	a	NA
35	389	267	friend,	NA
35	390	267	friend,	NA
35	391	268	a	NA
35	392	269	girl	NA
35	393	270	or	NA
35	394	271	a	NA
35	395	272	boy,	NA
35	396	272	boy,	NA
35	397	273	you	NA
35	398	274	come	NA
35	399	275	to	NA
35	400	276	Inzozi	it
35	401	276	Inzozi	it
35	402	276	Inzozi	it
35	403	276	Inzozi	it
35	404	277	Nziza	it
35	405	277	Nziza	it
35	406	277	Nziza	it
35	407	278	for	NA
35	408	279	an	NA
35	409	280	ice	NA
35	410	281	cream.”	NA
35	411	281	cream.”	NA
35	412	281	cream.”	NA
35	413	281	cream.”	NA
35	414	282	Most	NA
35	415	283	of	NA
35	416	284	the	NA
35	417	285	ingredients	NA
35	418	286	are	NA
35	419	287	from	NA
35	420	288	local	NA
35	421	289	sources	NA
35	422	290	and	NA
35	423	291	the	NA
35	424	292	milk	NA
35	425	293	comes	NA
35	426	294	from	NA
35	427	295	nearby	NA
35	428	296	Nyanza.	NA
35	429	296	Nyanza.	NA
35	430	296	Nyanza.	NA
35	431	296	Nyanza.	NA
35	432	297	The	NA
35	433	298	vanilla	NA
35	434	299	beans	NA
35	435	300	and	NA
35	436	301	cocoa	NA
35	437	302	are	NA
35	438	303	imported.	NA
35	439	303	imported.	NA
35	440	304	Inzozi	It
35	441	304	Inzozi	It
35	442	304	Inzozi	It
35	443	304	Inzozi	It
35	444	305	Nziza	It
35	445	305	Nziza	It
35	446	305	Nziza	It
35	447	306	was	NA
35	448	307	opened	NA
35	449	308	by	NA
35	450	309	Odile	it.
35	451	309	Odile	it.
35	452	310	Gakire	it.
35	453	310	Gakire	it.
35	454	310	Gakire	it.
35	455	311	Katese.	it.
35	456	311	Katese.	it.
35	457	311	Katese.	it.
35	458	311	Katese.	it.
35	459	312	She	NA
35	460	313	met	NA
35	461	314	Alexis	them,
35	462	315	Miesen	them,
35	463	315	Miesen	them,
35	464	315	Miesen	them,
35	465	316	and	them,
35	466	317	Jennie	them,
35	467	317	Jennie	them,
35	468	318	Dundas,	them,
35	469	318	Dundas,	them,
35	470	318	Dundas,	them,
35	471	319	co-founders	NA
35	472	319	co-founders	NA
35	473	319	co-founders	NA
35	474	319	co-founders	NA
35	475	320	of	NA
35	476	321	Blue	NA
35	477	322	Marble	NA
35	478	323	Ice	NA
35	479	324	Cream	NA
35	480	325	in	NA
35	481	326	Brooklyn,	NA
35	482	326	Brooklyn,	NA
35	483	327	New	NA
35	484	328	York.	NA
35	485	328	York.	NA
35	486	329	The	NA
35	487	330	three	NA
35	488	331	women	NA
35	489	332	formed	NA
35	490	333	a	NA
35	491	334	partnership	NA
35	492	335	to	NA
35	493	336	open	NA
35	494	337	the	it
35	495	338	shop	it
35	496	339	in	NA
35	497	340	2010.	NA
35	498	340	2010.	NA
35	499	341	At	NA
35	500	342	the	NA
35	501	343	start,	NA
35	502	343	start,	NA
35	503	344	Miesen	she
35	504	344	Miesen	she
35	505	344	Miesen	she
35	506	345	and	NA
35	507	346	Dundas	NA
35	508	346	Dundas	NA
35	509	347	owned	NA
35	510	348	the	it
35	511	349	shop	it
35	512	350	in	NA
35	513	351	partnership	NA
35	514	352	with	NA
35	515	353	its	NA
35	516	354	employees	NA
35	517	355	and	NA
35	518	356	had	NA
35	519	357	shares	them
35	520	358	in	NA
35	521	359	the	NA
35	522	360	business,	NA
35	523	360	business,	NA
35	524	361	which	NA
35	525	362	is	NA
35	526	363	a	NA
35	527	364	cooperative.	NA
35	528	364	cooperative.	NA
35	529	365	After	NA
35	530	366	18	NA
35	531	367	months,	NA
35	532	367	months,	NA
35	533	368	they	NA
35	534	369	gave	NA
35	535	370	their	them
35	536	371	shares	them
35	537	372	to	NA
35	538	373	the	NA
35	539	374	women	NA
35	540	375	employees,	NA
35	541	375	employees,	NA
35	542	376	who	NA
35	543	377	by	NA
35	544	378	then	NA
35	545	379	could	NA
35	546	380	control	NA
35	547	381	the	NA
35	548	382	business	NA
35	549	383	by	NA
35	550	384	themselves.	NA
35	551	384	themselves.	NA
35	552	385	Ice	It
35	553	386	cream	It
35	554	387	is	NA
35	555	388	new	NA
35	556	389	to	NA
35	557	390	Rwanda.	it.
35	558	390	Rwanda.	it.
35	559	391	Selling	NA
35	560	392	and	NA
35	561	393	eating	NA
35	562	394	ice	it
35	563	395	cream	it
35	564	396	is	NA
35	565	397	not	NA
35	566	398	part	NA
35	567	399	of	NA
35	568	400	the	NA
35	569	401	Rwandan	NA
35	570	401	Rwandan	NA
35	571	402	culture.	NA
35	572	402	culture.	NA
35	573	403	The	It
35	574	404	Butare	It
35	575	404	Butare	It
35	576	405	shop	It
35	577	406	employs	NA
35	578	407	nine	them.
35	579	408	women.	them.
35	580	408	women.	them.
35	581	409	They	NA
35	582	410	spend	NA
35	583	411	their	NA
35	584	412	free	NA
35	585	413	time	NA
35	586	414	practicing	NA
35	587	415	with	NA
35	588	416	Ingoma	them,
35	589	416	Ingoma	them,
35	590	417	Nshya,	them,
35	591	417	Nshya,	them,
35	592	417	Nshya,	them,
35	593	417	Nshya,	them,
35	594	418	Rwanda's	it.
35	595	418	Rwanda's	it.
35	596	419	first	it.
35	597	420	and	it.
35	598	421	only	it.
35	599	422	female	it.
35	600	423	drumming	it.
35	601	423	drumming	it.
35	602	424	group.	it.
35	603	424	group.	it.
35	604	425	The	They
35	605	426	musicians	They
35	606	427	are	NA
35	607	428	Hutu	them.
35	608	428	Hutu	them.
35	609	429	and	them.
35	610	430	Tutsi	them.
35	611	430	Tutsi	them.
35	612	430	Tutsi	them.
35	613	431	women.	them.
35	614	431	women.	them.
35	615	432	Some	They
35	616	433	are	NA
35	617	434	survivors	they.
35	618	435	of	they.
35	619	436	the	they.
35	620	437	1994	they.
35	621	438	genocide,	they.
35	622	438	genocide,	they.
35	623	439	when	they.
35	624	440	almost	they.
35	625	441	a	they.
35	626	442	million	they.
35	627	443	Tutsis	they.
35	628	443	Tutsis	they.
35	629	443	Tutsis	they.
35	630	444	and	they.
35	631	445	Hutus	they.
35	632	445	Hutus	they.
35	633	446	were	they.
35	634	447	killed.	they.
35	635	447	killed.	they.
35	636	448	Some	They
35	637	449	members	They
35	638	450	of	They
35	639	451	Ingoma	They
35	640	451	Ingoma	They
35	641	452	Nshya	They
35	642	452	Nshya	They
35	643	452	Nshya	They
35	644	453	are	NA
35	645	454	widows,	they,
35	646	454	widows,	they,
35	647	454	widows,	they,
35	648	455	some	NA
35	649	456	orphans.	NA
35	650	456	orphans.	NA
35	651	457	Ingabire's	Her
35	652	457	Ingabire's	Her
35	653	457	Ingabire's	Her
35	654	457	Ingabire's	Her
35	655	458	father,	NA
35	656	458	father,	NA
35	657	459	two	NA
35	658	460	siblings	NA
35	659	461	and	NA
35	660	462	many	NA
35	661	463	cousins	NA
35	662	464	were	NA
35	663	465	killed	NA
35	664	466	in	NA
35	665	467	the	it.
35	666	468	genocide.	it.
35	667	468	genocide.	it.
35	668	469	“When	NA
35	669	469	“When	NA
35	670	469	“When	NA
35	671	470	I'm	NA
35	672	470	I'm	NA
35	673	471	drumming,	it,
35	674	471	drumming,	it,
35	675	471	drumming,	it,
35	676	472	it	NA
35	677	473	gives	NA
35	678	474	me	NA
35	679	475	power	NA
35	680	476	because	NA
35	681	477	we're	NA
35	682	477	we're	NA
35	683	478	still	NA
35	684	479	alive	NA
35	685	480	and	NA
35	686	481	survivors,”	NA
35	687	481	survivors,”	NA
35	688	481	survivors,”	NA
35	689	481	survivors,”	NA
35	690	482	she	NA
35	691	483	says.	NA
35	692	483	says.	NA
35	693	484	The	It
35	694	485	ice-cream	It
35	695	485	ice-cream	It
35	696	485	ice-cream	It
35	697	486	shop	It
35	698	487	is	NA
35	699	488	in	NA
35	700	489	a	it.
35	701	490	documentary	it.
35	702	491	by	it.
35	703	492	film-makers	it.
35	704	492	film-makers	it.
35	705	492	film-makers	it.
35	706	493	Rob	it.
35	707	494	and	it.
35	708	495	Lisa	it.
35	709	496	Fruchtman.	it.
35	710	496	Fruchtman.	it.
35	711	496	Fruchtman.	it.
35	712	496	Fruchtman.	it.
35	713	496	Fruchtman.	it.
35	714	497	Sweet	It,
35	715	498	Dreams,	It,
35	716	498	Dreams,	It,
35	717	499	which	It,
35	718	500	tells	It,
35	719	501	the	It,
35	720	502	story	It,
35	721	503	of	It,
35	722	504	how	It,
35	723	505	the	It,
35	724	506	women	It,
35	725	507	have	It,
35	726	508	made	It,
35	727	509	a	It,
35	728	510	positive	It,
35	729	511	future	It,
35	730	512	after	It,
35	731	513	the	It,
35	732	514	genocide,	It,
35	733	514	genocide,	It,
35	734	515	also	NA
35	735	516	includes	NA
35	736	517	the	them.
35	737	518	female	them.
35	738	519	drummers.	them.
35	739	519	drummers.	them.
35	740	519	drummers.	them.
35	741	520	The	It
35	742	521	film	It
35	743	522	has	NA
35	744	523	been	NA
35	745	524	shown	NA
35	746	525	in	NA
35	747	526	many	NA
35	748	527	countries,	NA
35	749	527	countries,	NA
35	750	528	including	NA
35	751	529	the	NA
35	752	530	US,	NA
35	753	530	US,	NA
35	754	531	UK	NA
35	755	532	and	NA
35	756	533	several	NA
35	757	534	African	NA
35	758	535	states.	NA
35	759	535	states.	NA
35	760	536	“We	NA
35	761	536	“We	NA
35	762	536	“We	NA
35	763	537	feel	NA
35	764	538	the	it
35	765	539	film	it
35	766	540	is	NA
35	767	541	about	NA
35	768	542	hope,	NA
35	769	542	hope,	NA
35	770	543	bravery	NA
35	771	544	and	NA
35	772	545	the	NA
35	773	546	ability	NA
35	774	547	to	NA
35	775	548	change	NA
35	776	549	your	NA
35	777	550	life,”	NA
35	778	550	life,”	NA
35	779	550	life,”	NA
35	780	550	life,”	NA
35	781	551	says	NA
35	782	552	Lisa	she.
35	783	553	Fruchtman.	she.
35	784	553	Fruchtman.	she.
35	785	553	Fruchtman.	she.
35	786	553	Fruchtman.	she.
35	787	553	Fruchtman.	she.
36	0	0	A	NA
36	1	1	major	NA
36	2	2	international	NA
36	3	3	disagreement	NA
36	4	4	with	NA
36	5	5	wide-ranging	NA
36	6	5	wide-ranging	NA
36	7	5	wide-ranging	NA
36	8	6	implications	NA
36	9	7	for	NA
36	10	8	global	it
36	11	9	drugs	it
36	12	10	policy	it
36	13	11	has	NA
36	14	12	erupted	NA
36	15	13	over	NA
36	16	14	the	it.
36	17	15	right	it.
36	18	16	of	it.
36	19	17	Bolivia's	it.
36	20	17	Bolivia's	it.
36	21	18	indigenous	it.
36	22	19	Indian	it.
36	23	20	tribes	it.
36	24	21	to	it.
36	25	22	chew	it.
36	26	23	coca	it.
36	27	23	coca	it.
36	28	24	leaves,	it.
36	29	24	leaves,	it.
36	30	25	the	it.
36	31	26	principal	it.
36	32	27	ingredient	it.
36	33	28	in	it.
36	34	29	cocaine.	it.
36	35	29	cocaine.	it.
36	36	30	Bolivia	It
36	37	31	has	NA
36	38	32	obtained	NA
36	39	33	a	it,
36	40	34	special	it,
36	41	35	exemption	it,
36	42	36	from	it,
36	43	37	the	it,
36	44	38	1961	it,
36	45	39	Single	it,
36	46	40	Convention	it,
36	47	41	on	it,
36	48	42	Narcotic	it,
36	49	42	Narcotic	it,
36	50	43	Drugs,	it,
36	51	43	Drugs,	it,
36	52	44	the	it,
36	53	45	framework	it,
36	54	46	that	it,
36	55	47	governs	it,
36	56	48	international	it,
36	57	49	drugs	it,
36	58	50	policy,	it,
36	59	50	policy,	it,
36	60	51	allowing	NA
36	61	52	its	its
36	62	53	indigenous	its
36	63	54	people	its
36	64	55	to	NA
36	65	56	chew	NA
36	66	57	the	them.
36	67	58	leaves.	them.
36	68	58	leaves.	them.
36	69	59	Bolivia	It
36	70	60	had	NA
36	71	61	argued	NA
36	72	62	that	NA
36	73	63	the	it
36	74	64	convention	it
36	75	65	was	NA
36	76	66	in	NA
36	77	67	opposition	NA
36	78	68	to	NA
36	79	69	its	NA
36	80	70	new	NA
36	81	71	constitution,	NA
36	82	71	constitution,	NA
36	83	72	adopted	NA
36	84	73	in	NA
36	85	74	2009,	NA
36	86	74	2009,	NA
36	87	75	which	NA
36	88	76	obliges	NA
36	89	76	obliges	NA
36	90	77	it	NA
36	91	78	to	NA
36	92	79	“protect	NA
36	93	79	“protect	NA
36	94	79	“protect	NA
36	95	80	native	it
36	96	81	and	it
36	97	82	ancestral	it
36	98	83	coca	it
36	99	83	coca	it
36	100	84	as	NA
36	101	85	cultural	NA
36	102	86	patrimony”	NA
36	103	86	patrimony”	NA
36	104	86	patrimony”	NA
36	105	86	patrimony”	NA
36	106	86	patrimony”	NA
36	107	87	and	NA
36	108	88	maintains	NA
36	109	89	that	NA
36	110	90	coca	it
36	111	90	coca	it
36	112	91	“in	NA
36	113	91	“in	NA
36	114	91	“in	NA
36	115	92	its	NA
36	116	93	natural	NA
36	117	94	state	NA
36	118	95	...	NA
36	119	96	is	NA
36	120	97	not	NA
36	121	98	a	NA
36	122	99	dangerous	NA
36	123	100	narcotic.”	NA
36	124	100	narcotic.”	NA
36	125	100	narcotic.”	NA
36	126	100	narcotic.”	NA
36	127	100	narcotic.”	NA
36	128	101	South	NA
36	129	102	American	NA
36	130	103	Indians	NA
36	131	104	have	NA
36	132	105	chewed	NA
36	133	105	chewed	NA
36	134	106	coca	them
36	135	106	coca	them
36	136	107	leaves	them
36	137	108	for	NA
36	138	109	centuries.	NA
36	139	109	centuries.	NA
36	140	110	The	They
36	141	111	leaves	They
36	142	112	reputedly	NA
36	143	112	reputedly	NA
36	144	112	reputedly	NA
36	145	113	provide	NA
36	146	114	energy	NA
36	147	115	and	NA
36	148	116	are	NA
36	149	117	said	NA
36	150	118	to	NA
36	151	119	have	NA
36	152	120	medicinal	NA
36	153	121	qualities.	NA
36	154	121	qualities.	NA
36	155	122	Supporters	NA
36	156	123	of	NA
36	157	124	Bolivia's	its
36	158	124	Bolivia's	its
36	159	125	position	its
36	160	126	praised	NA
36	161	127	it	NA
36	162	128	for	NA
36	163	129	doing	NA
36	164	130	the	NA
36	165	131	right	NA
36	166	132	thing	NA
36	167	133	by	NA
36	168	134	defending	NA
36	169	135	the	NA
36	170	136	rights	NA
36	171	137	of	NA
36	172	138	indigenous	NA
36	173	139	people.	NA
36	174	139	people.	NA
36	175	140	“The	“It
36	176	140	“The	“It
36	177	140	“The	“It
36	178	141	Bolivian	“It
36	179	141	Bolivian	“It
36	180	141	Bolivian	“It
36	181	142	move	“It
36	182	143	is	NA
36	183	144	inspirational	NA
36	184	145	and	NA
36	185	146	groundbreaking,”	NA
36	186	146	groundbreaking,”	NA
36	187	146	groundbreaking,”	NA
36	188	146	groundbreaking,”	NA
36	189	147	said	NA
36	190	148	Danny	he,
36	191	149	Kushlick,	he,
36	192	149	Kushlick,	he,
36	193	149	Kushlick,	he,
36	194	149	Kushlick,	he,
36	195	150	Head	she.
36	196	151	of	she.
36	197	152	External	she.
36	198	153	Affairs	she.
36	199	154	at	she.
36	200	155	the	she.
36	201	156	Transform	she.
36	202	157	Drug	she.
36	203	158	Policy	she.
36	204	159	Foundation,	she.
36	205	159	Foundation,	she.
36	206	160	which	she.
36	207	161	promotes	she.
36	208	162	drug	she.
36	209	163	liberalization.	she.
36	210	163	liberalization.	she.
36	211	163	liberalization.	she.
36	212	164	“It	NA
36	213	164	“It	NA
36	214	164	“It	NA
36	215	165	shows	NA
36	216	166	that	NA
36	217	167	any	it
36	218	168	country	it
36	219	169	that	it
36	220	170	has	it
36	221	171	had	it
36	222	172	enough	it
36	223	173	of	it
36	224	174	the	it
36	225	175	war	it
36	226	176	on	it
36	227	177	drugs	it
36	228	178	can	NA
36	229	179	change	NA
36	230	180	the	NA
36	231	181	terms	NA
36	232	182	of	NA
36	233	183	its	NA
36	234	184	engagement	NA
36	235	185	with	NA
36	236	186	the	its.”
36	237	187	UN	its.”
36	238	188	conventions.”	its.”
36	239	188	conventions.”	its.”
36	240	188	conventions.”	its.”
36	241	188	conventions.”	its.”
36	242	189	However,	NA
36	243	189	However,	NA
36	244	190	the	it
36	245	191	UN's	it
36	246	191	UN's	it
36	247	192	International	it
36	248	193	Narcotics	it
36	249	193	Narcotics	it
36	250	194	Control	it
36	251	195	Board	it
36	252	196	(INCB),	(it),
36	253	196	(INCB),	(it),
36	254	196	(INCB),	(it),
36	255	196	(INCB),	(it),
36	256	197	which	NA
36	257	198	monitors	NA
36	258	199	implementation	NA
36	259	200	of	NA
36	260	201	the	them,
36	261	202	global	them,
36	262	203	drug	them,
36	263	204	treaties,	them,
36	264	204	treaties,	them,
36	265	205	has	NA
36	266	206	accused	NA
36	267	207	Bolivia	it
36	268	208	of	NA
36	269	209	threatening	NA
36	270	210	the	NA
36	271	211	integrity	NA
36	272	212	of	NA
36	273	213	the	NA
36	274	214	international	NA
36	275	215	drug	it
36	276	216	control	NA
36	277	217	regime.	NA
36	278	217	regime.	NA
36	279	218	A	NA
36	280	219	number	NA
36	281	220	of	NA
36	282	221	countries	NA
36	283	222	–	NA
36	284	223	including	NA
36	285	224	the	it,
36	286	225	UK,	it,
36	287	225	UK,	it,
36	288	226	the	it,
36	289	227	US,	it,
36	290	227	US,	it,
36	291	228	Italy,	NA
36	292	228	Italy,	NA
36	293	229	Sweden,	NA
36	294	229	Sweden,	NA
36	295	230	the	NA
36	296	231	Netherlands	NA
36	297	232	and	NA
36	298	233	Russia	it
36	299	234	–	NA
36	300	235	opposed	NA
36	301	236	Bolivia's	its.
36	302	236	Bolivia's	its.
36	303	237	demands.	its.
36	304	237	demands.	its.
36	305	238	The	It,
36	306	239	UK's	It,
36	307	239	UK's	It,
36	308	240	submission	It,
36	309	241	to	It,
36	310	242	the	It,
36	311	243	UN,	It,
36	312	243	UN,	It,
36	313	244	which	It,
36	314	245	oversees	It,
36	315	246	the	It,
36	316	247	convention,	It,
36	317	247	convention,	It,
36	318	248	told	NA
36	319	249	the	it
36	320	250	UN	it
36	321	251	that	NA
36	322	252	it	NA
36	323	253	“acknowledges	NA
36	324	253	“acknowledges	NA
36	325	253	“acknowledges	NA
36	326	253	“acknowledges	NA
36	327	253	“acknowledges	NA
36	328	253	“acknowledges	NA
36	329	254	and	NA
36	330	255	respects	NA
36	331	256	the	NA
36	332	257	cultural	NA
36	333	258	importance	NA
36	334	259	of	NA
36	335	260	the	it
36	336	261	coca	it
36	337	261	coca	it
36	338	262	leaf	it
36	339	263	in	NA
36	340	264	Bolivia,”	it,”
36	341	264	Bolivia,”	it,”
36	342	264	Bolivia,”	it,”
36	343	264	Bolivia,”	it,”
36	344	265	but	NA
36	345	266	it	NA
36	346	267	adds:	NA
36	347	267	adds:	NA
36	348	268	“The	“it
36	349	268	“The	“it
36	350	268	“The	“it
36	351	269	United	“it
36	352	270	Kingdom	“it
36	353	271	is	NA
36	354	272	…	NA
36	355	273	concerned	NA
36	356	274	that	NA
36	357	275	the	it
36	358	276	reservation	it
36	359	277	could	NA
36	360	278	lead	NA
36	361	279	to	NA
36	362	280	increases	NA
36	363	281	in	NA
36	364	282	coca	NA
36	365	282	coca	NA
36	366	283	production	NA
36	367	284	and	NA
36	368	285	–	NA
36	369	286	most	NA
36	370	287	importantly	NA
36	371	288	–	NA
36	372	289	the	NA
36	373	290	amount	NA
36	374	291	of	NA
36	375	292	coca	it
36	376	292	coca	it
36	377	293	diverted	NA
36	378	294	to	NA
36	379	295	the	it.
36	380	296	cocaine	it.
36	381	297	trade.	it.
36	382	297	trade.	it.
36	383	298	As	NA
36	384	299	such,	NA
36	385	299	such,	NA
36	386	300	the	it
36	387	301	reservation	it
36	388	302	would	NA
36	389	303	weaken	NA
36	390	304	international	it
36	391	305	law	it
36	392	306	as	NA
36	393	307	it	NA
36	394	308	relates	NA
36	395	309	to	NA
36	396	310	the	NA
36	397	311	global	NA
36	398	312	effort	NA
36	399	313	to	NA
36	400	314	tackle	NA
36	401	315	the	it
36	402	316	illegal	it
36	403	317	drugs	it
36	404	318	trade	it
36	405	319	and	NA
36	406	320	could	NA
36	407	321	weaken	NA
36	408	322	the	NA
36	409	323	international	NA
36	410	324	community's	NA
36	411	324	community's	NA
36	412	325	response	NA
36	413	326	to	NA
36	414	327	that	it.”
36	415	328	trade.”	it.”
36	416	328	trade.”	it.”
36	417	328	trade.”	it.”
36	418	328	trade.”	it.”
36	419	329	The	it.
36	420	330	right	it.
36	421	331	of	it.
36	422	332	indigenous	it.
36	423	333	communities	it.
36	424	334	in	it.
36	425	335	South	it.
36	426	336	America's	it.
36	427	336	America's	it.
36	428	337	Andean	it.
36	429	337	Andean	it.
36	430	338	region	it.
36	431	339	to	it.
36	432	340	chew	it.
36	433	341	coca	it.
36	434	341	coca	it.
36	435	342	leaf	it.
36	436	343	was	it.
36	437	344	removed	it.
36	438	345	in	it.
36	439	346	1964	it.
36	440	347	when	it.
36	441	348	Bolivia	it.
36	442	349	was	it.
36	443	350	under	it.
36	444	351	a	it.
36	445	352	dictatorship	it.
36	446	353	and	it.
36	447	354	it	it.
36	448	355	signed	it.
36	449	356	up	it.
36	450	357	to	it.
36	451	358	the	it.
36	452	359	convention.	it.
36	453	359	convention.	it.
36	454	360	But	NA
36	455	361	Bolivia	it
36	456	362	was	NA
36	457	363	given	NA
36	458	364	25	it
36	459	365	years	it
36	460	366	to	NA
36	461	367	implement	NA
36	462	368	the	it.
36	463	369	ban.	it.
36	464	369	ban.	it.
36	465	370	This	NA
36	466	371	expired	NA
36	467	372	in	NA
36	468	373	1989	NA
36	469	374	and	NA
36	470	375	since	NA
36	471	376	then	NA
36	472	377	the	it
36	473	378	issue	it
36	474	379	has	NA
36	475	380	been	NA
36	476	381	under	NA
36	477	382	dispute.	NA
36	478	382	dispute.	NA
36	479	383	In	NA
36	480	384	2011,	NA
36	481	384	2011,	NA
36	482	385	Bolivia	it
36	483	386	formally	NA
36	484	387	notified	NA
36	485	388	the	them
36	486	389	UN	them
36	487	390	of	NA
36	488	391	its	NA
36	489	392	withdrawal	NA
36	490	393	from	NA
36	491	394	the	it.
36	492	395	convention.	it.
36	493	395	convention.	it.
36	494	396	On	NA
36	495	397	Friday	NA
36	496	398	it	it,
36	497	399	reacceded	it,
36	498	399	reacceded	it,
36	499	399	reacceded	it,
36	500	399	reacceded	it,
36	501	400	to	it,
36	502	401	the	it,
36	503	402	convention,	it,
36	504	402	convention,	it,
36	505	403	but	NA
36	506	404	with	NA
36	507	405	an	it.
36	508	406	exemption	it.
36	509	407	from	it.
36	510	408	the	it.
36	511	409	prohibition	it.
36	512	410	on	it.
36	513	411	the	it.
36	514	412	chewing	it.
36	515	413	of	it.
36	516	414	coca	it.
36	517	414	coca	it.
36	518	415	leaves.	it.
36	519	415	leaves.	it.
36	520	416	The	It
36	521	417	move	It
36	522	418	is	NA
36	523	419	the	it
36	524	420	first	it
36	525	421	of	it
36	526	422	its	it
36	527	423	kind	it
36	528	424	in	NA
36	529	425	the	NA
36	530	426	history	NA
36	531	427	of	NA
36	532	428	UN	it
36	533	429	drug-control	it
36	534	429	drug-control	it
36	535	429	drug-control	it
36	536	430	treaties	it
36	537	431	and	NA
36	538	432	has	NA
36	539	433	sparked	NA
36	540	434	concerns	NA
36	541	435	that	NA
36	542	436	other	they
36	543	437	countries	they
36	544	438	may	NA
36	545	439	apply	NA
36	546	440	for	NA
36	547	441	amendments.	NA
36	548	441	amendments.	NA
36	549	442	Russia	It
36	550	443	has	NA
36	551	444	argued	NA
36	552	445	that	NA
36	553	446	the	it
36	554	447	move	it
36	555	448	will	NA
36	556	449	lead	NA
36	557	450	to	NA
36	558	451	“an	NA
36	559	451	“an	NA
36	560	451	“an	NA
36	561	452	increase	NA
36	562	453	in	NA
36	563	454	illegal	NA
36	564	455	circulation	NA
36	565	456	of	NA
36	566	457	cocaine”	it”
36	567	457	cocaine”	it”
36	568	457	cocaine”	it”
36	569	458	and	NA
36	570	459	warned	NA
36	571	460	that	NA
36	572	461	“it	NA
36	573	461	“it	NA
36	574	461	“it	NA
36	575	462	also	NA
36	576	463	sets	NA
36	577	464	a	NA
36	578	465	dangerous	NA
36	579	466	precedent	NA
36	580	467	that	NA
36	581	468	could	NA
36	582	469	be	NA
36	583	470	used	NA
36	584	471	by	NA
36	585	472	other	they
36	586	473	states	they
36	587	474	in	NA
36	588	475	creating	NA
36	589	476	a	NA
36	590	477	more	NA
36	591	478	liberal	NA
36	592	479	drug-control	its
36	593	479	drug-control	its
36	594	479	drug-control	its
36	595	480	regime.”	NA
36	596	480	regime.”	NA
36	597	480	regime.”	NA
36	598	480	regime.”	NA
36	599	481	The	NA
36	600	482	British	NA
36	601	483	parliament	NA
36	602	484	has	NA
36	603	485	recommended	NA
36	604	486	that	NA
36	605	487	Bolivia's	it
36	606	487	Bolivia's	it
36	607	488	request	it
36	608	489	should	NA
36	609	490	be	NA
36	610	491	backed	NA
36	611	492	by	NA
36	612	493	the	NA
36	613	494	UK	NA
36	614	495	government,	NA
36	615	495	government,	NA
36	616	496	arguing	NA
36	617	497	that	NA
36	618	498	it	NA
36	619	499	was	NA
36	620	500	important	NA
36	621	501	that	NA
36	622	502	countries	NA
36	623	503	remained	NA
36	624	504	within	NA
36	625	505	the	it.
36	626	506	single	it.
36	627	507	convention.	it.
36	628	507	convention.	it.
36	629	508	Bolivia's	It
36	630	508	Bolivia's	It
36	631	509	re-accession	It
36	632	509	re-accession	It
36	633	509	re-accession	It
36	634	509	re-accession	It
36	635	510	could	NA
36	636	511	be	NA
36	637	512	blocked	NA
36	638	513	only	NA
36	639	514	if	NA
36	640	515	a	NA
36	641	516	third	NA
36	642	517	or	NA
36	643	518	more	NA
36	644	519	of	NA
36	645	520	the	NA
36	646	521	184	NA
36	647	522	countries	NA
36	648	523	that	NA
36	649	524	have	NA
36	650	525	signed	NA
36	651	526	up	NA
36	652	527	to	NA
36	653	528	the	it
36	654	529	convention	it
36	655	530	opposed	NA
36	656	531	its	its.
36	657	532	request.	its.
36	658	532	request.	its.
36	659	533	There	NA
36	660	534	are	NA
36	661	535	suspicions	NA
36	662	536	that	NA
36	663	537	the	they
36	664	538	US	they
36	665	539	and	NA
36	666	540	UK	they
36	667	541	are	NA
36	668	542	frantically	NA
36	669	543	lobbying	NA
36	670	544	other	NA
36	671	545	countries	NA
36	672	546	to	NA
36	673	547	gain	NA
36	674	548	sufficient	NA
36	675	549	numbers	NA
36	676	550	to	NA
36	677	551	block	NA
36	678	552	Bolivia's	it.
36	679	552	Bolivia's	it.
36	680	553	request.	it.
36	681	553	request.	it.
36	682	554	Nancie	She,
36	683	554	Nancie	She,
36	684	554	Nancie	She,
36	685	555	Prud'homme,	She,
36	686	555	Prud'homme,	She,
36	687	555	Prud'homme,	She,
36	688	555	Prud'homme,	She,
36	689	555	Prud'homme,	She,
36	690	555	Prud'homme,	She,
36	691	556	of	She,
36	692	557	the	She,
36	693	558	International	She,
36	694	559	Center	She,
36	695	560	on	She,
36	696	561	Human	She,
36	697	562	Rights	She,
36	698	563	and	She,
36	699	564	Drug	She,
36	700	565	Policy,	She,
36	701	565	Policy,	She,
36	702	566	criticized	NA
36	703	567	the	it.
36	704	568	co-ordinated	it.
36	705	568	co-ordinated	it.
36	706	568	co-ordinated	it.
36	707	568	co-ordinated	it.
36	708	569	opposition	it.
36	709	570	to	it.
36	710	571	Bolivia's	it.
36	711	571	Bolivia's	it.
36	712	572	demands.	it.
36	713	572	demands.	it.
36	714	573	“These	“They
36	715	573	“These	“They
36	716	573	“These	“They
36	717	574	objections	“They
36	718	575	are	NA
36	719	576	legally	NA
36	720	577	questionable,”	NA
36	721	577	questionable,”	NA
36	722	577	questionable,”	NA
36	723	577	questionable,”	NA
36	724	578	she	NA
36	725	579	said.	NA
36	726	579	said.	NA
36	727	580	“They	“They.
36	728	580	“They	“They.
36	729	580	“They	“They.
36	730	581	support	“They.
36	731	582	an	“They.
36	732	583	arbitrary	“They.
36	733	584	and	“They.
36	734	585	over-broad	“They.
36	735	585	over-broad	“They.
36	736	585	over-broad	“They.
36	737	586	provision	“They.
36	738	587	and	“They.
36	739	588	apply	“They.
36	740	589	international	“They.
36	741	590	drug	“They.
36	742	591	laws	“They.
36	743	592	in	“They.
36	744	593	a	“They.
36	745	594	vacuum.	“They.
36	746	594	vacuum.	“They.
36	747	595	This	NA
36	748	596	is	NA
36	749	597	not	NA
36	750	598	appropriate.	NA
36	751	598	appropriate.	NA
36	752	599	There	NA
36	753	600	are	NA
36	754	601	established	NA
36	755	602	international	NA
36	756	603	norms	NA
36	757	604	on	NA
36	758	605	cultural	NA
36	759	606	and	NA
36	760	607	indigenous	NA
36	761	608	rights,	NA
36	762	608	rights,	NA
36	763	609	so	NA
36	764	610	we	NA
36	765	611	should	NA
36	766	612	support	NA
36	767	613	Bolivia's	them.”
36	768	613	Bolivia's	them.”
36	769	614	efforts.”	them.”
36	770	614	efforts.”	them.”
36	771	614	efforts.”	them.”
36	772	614	efforts.”	them.”
36	773	615	The	NA
36	774	616	decision	NA
36	775	617	to	NA
36	776	618	ban	NA
36	777	619	coca	it
36	778	619	coca	it
36	779	620	chewing	it
36	780	621	was	NA
36	781	622	based	NA
36	782	623	on	NA
36	783	624	a	NA
36	784	625	1950	it
36	785	626	report	NA
36	786	627	produced	NA
36	787	628	by	NA
36	788	629	the	it,
36	789	630	UN	it,
36	790	631	Commission	it,
36	791	632	of	it,
36	792	633	Inquiry	it,
36	793	634	on	it,
36	794	635	the	it,
36	795	636	Coca	it,
36	796	637	Leaf,	it,
36	797	637	Leaf,	it,
36	798	638	which	NA
36	799	639	proponents	NA
36	800	640	of	NA
36	801	641	drug	it
36	802	642	liberalization	it
36	803	642	liberalization	it
36	804	643	say	NA
36	805	644	was	NA
36	806	645	not	NA
36	807	646	based	NA
36	808	647	on	NA
36	809	648	supporting	NA
36	810	649	evidence.	NA
36	811	649	evidence.	NA
36	812	650	In	NA
36	813	651	an	NA
36	814	652	interview	NA
36	815	653	in	NA
36	816	654	1949,	it,
36	817	654	1949,	it,
36	818	655	the	he,
36	819	656	head	he,
36	820	657	of	he,
36	821	658	the	he,
36	822	659	Commission,	he,
36	823	659	Commission,	he,
36	824	660	Howard	he,
36	825	661	B	he,
36	826	662	Fonda,	he,
36	827	662	Fonda,	he,
36	828	662	Fonda,	he,
36	829	663	signaled	NA
36	830	664	his	NA
36	831	665	opposition	NA
36	832	666	to	NA
36	833	667	the	it
36	834	668	chewing	it
36	835	669	of	it
36	836	670	coca	it
36	837	670	coca	it
36	838	671	leaves	it
36	839	672	before	NA
36	840	673	his	NA
36	841	674	inquiry	NA
36	842	675	had	NA
36	843	676	begun.	NA
36	844	676	begun.	NA
36	845	677	Fonda	She
36	846	677	Fonda	She
36	847	678	told	NA
36	848	679	an	NA
36	849	680	interviewer:	NA
36	850	680	interviewer:	NA
36	851	681	“We	NA
36	852	681	“We	NA
36	853	681	“We	NA
36	854	682	believe	NA
36	855	683	that	NA
36	856	684	the	NA
36	857	685	daily,	NA
36	858	685	daily,	NA
36	859	686	inveterate	NA
36	860	686	inveterate	NA
36	861	686	inveterate	NA
36	862	686	inveterate	NA
36	863	687	use	NA
36	864	688	of	NA
36	865	689	coca	them
36	866	689	coca	them
36	867	690	leaves	them
36	868	691	by	NA
36	869	692	chewing	NA
36	870	693	…	NA
36	871	694	is	NA
36	872	695	thoroughly	NA
36	873	696	noxious	NA
36	874	696	noxious	NA
36	875	697	and	NA
36	876	698	therefore	NA
36	877	699	detrimental.”	NA
36	878	699	detrimental.”	NA
36	879	699	detrimental.”	NA
36	880	699	detrimental.”	NA
36	881	700	The	NA
36	882	701	growing	NA
36	883	702	of	NA
36	884	703	coca	them
36	885	703	coca	them
36	886	704	leaves	them
36	887	705	is	NA
36	888	706	legal	NA
36	889	707	and	NA
36	890	708	licensed	NA
36	891	709	in	NA
36	892	710	Bolivia.	it.
36	893	710	Bolivia.	it.
36	894	711	The	NA
36	895	712	policy	NA
36	896	713	has	NA
36	897	714	been	NA
36	898	715	credited	NA
36	899	716	with	NA
36	900	717	a	NA
36	901	718	fall	NA
36	902	719	in	NA
36	903	720	cocaine	its
36	904	721	production	NA
36	905	722	in	NA
36	906	723	the	it,
36	907	724	country,	it,
36	908	724	country,	it,
36	909	725	leading	NA
36	910	726	some	NA
36	911	727	experts	NA
36	912	728	to	NA
36	913	729	see	NA
36	914	730	the	NA
36	915	731	Bolivian	NA
36	916	731	Bolivian	NA
36	917	731	Bolivian	NA
36	918	732	model	NA
36	919	733	as	NA
36	920	734	a	NA
36	921	735	way	NA
36	922	736	forward	NA
36	923	737	for	NA
36	924	738	other	NA
36	925	739	countries.	NA
36	926	739	countries.	NA
37	0	0	A	NA
37	1	1	big	NA
37	2	2	international	NA
37	3	3	disagreement	NA
37	4	4	has	NA
37	5	5	started	NA
37	6	6	over	NA
37	7	7	the	it.
37	8	8	right	it.
37	9	9	of	it.
37	10	10	Bolivia's	it.
37	11	10	Bolivia's	it.
37	12	11	indigenous	it.
37	13	12	Indian	it.
37	14	13	tribes	it.
37	15	14	to	it.
37	16	15	chew	it.
37	17	16	coca	it.
37	18	16	coca	it.
37	19	17	leaves,	it.
37	20	17	leaves,	it.
37	21	18	the	it.
37	22	19	main	it.
37	23	20	ingredient	it.
37	24	21	in	it.
37	25	22	cocaine.	it.
37	26	22	cocaine.	it.
37	27	23	This	NA
37	28	24	could	NA
37	29	25	have	NA
37	30	26	a	NA
37	31	27	significant	NA
37	32	28	effect	NA
37	33	29	on	NA
37	34	30	global	it.
37	35	31	drugs	it.
37	36	32	policy.	it.
37	37	32	policy.	it.
37	38	33	Bolivia	It.
37	39	34	has	It.
37	40	35	received	It.
37	41	36	a	It.
37	42	37	special	It.
37	43	38	exemption	It.
37	44	39	from	It.
37	45	40	the	It.
37	46	41	1961	It.
37	47	42	Convention	It.
37	48	43	on	It.
37	49	44	Drugs,	It.
37	50	44	Drugs,	It.
37	51	45	the	It.
37	52	46	agreement	It.
37	53	47	that	It.
37	54	48	controls	It.
37	55	49	international	It.
37	56	50	drugs	It.
37	57	51	policy.	It.
37	58	51	policy.	It.
37	59	52	The	It
37	60	53	exemption	It
37	61	54	allows	NA
37	62	55	Bolivia's	them
37	63	55	Bolivia's	them
37	64	56	indigenous	them
37	65	57	people	them
37	66	58	to	NA
37	67	59	chew	NA
37	68	60	the	them.
37	69	61	leaves.	them.
37	70	61	leaves.	them.
37	71	62	Bolivia	It
37	72	63	said	NA
37	73	64	that	NA
37	74	65	the	it
37	75	66	convention	it
37	76	67	was	NA
37	77	68	against	NA
37	78	69	its	NA
37	79	70	new	NA
37	80	71	constitution,	NA
37	81	71	constitution,	NA
37	82	72	adopted	NA
37	83	73	in	NA
37	84	74	2009,	NA
37	85	74	2009,	NA
37	86	75	which	NA
37	87	76	says	NA
37	88	77	it	NA
37	89	78	must	NA
37	90	79	“protect	NA
37	91	79	“protect	NA
37	92	79	“protect	NA
37	93	80	native	it”
37	94	81	and	it”
37	95	82	ancestral	it”
37	96	83	coca”	it”
37	97	83	coca”	it”
37	98	83	coca”	it”
37	99	83	coca”	it”
37	100	84	as	NA
37	101	85	part	NA
37	102	86	of	NA
37	103	87	its	NA
37	104	88	cultural	NA
37	105	89	heritage	NA
37	106	90	and	NA
37	107	91	says	NA
37	108	92	that	NA
37	109	93	coca	it
37	110	93	coca	it
37	111	94	“in	NA
37	112	94	“in	NA
37	113	94	“in	NA
37	114	95	its	NA
37	115	96	natural	NA
37	116	97	state	NA
37	117	98	...	NA
37	118	99	is	NA
37	119	100	not	NA
37	120	101	a	NA
37	121	102	dangerous	NA
37	122	103	drug.”	NA
37	123	103	drug.”	NA
37	124	103	drug.”	NA
37	125	103	drug.”	NA
37	126	104	South	NA
37	127	105	American	NA
37	128	106	Indians	NA
37	129	107	have	NA
37	130	108	chewed	NA
37	131	108	chewed	NA
37	132	109	coca	them
37	133	109	coca	them
37	134	110	leaves	them
37	135	111	for	NA
37	136	112	hundreds	NA
37	137	113	of	NA
37	138	114	years.	NA
37	139	114	years.	NA
37	140	115	The	They
37	141	116	leaves	They
37	142	117	give	NA
37	143	118	energy	NA
37	144	119	and	NA
37	145	120	have	NA
37	146	121	medicinal	NA
37	147	122	qualities.	NA
37	148	122	qualities.	NA
37	149	123	People	NA
37	150	124	who	NA
37	151	125	support	NA
37	152	126	Bolivia's	its
37	153	126	Bolivia's	its
37	154	127	position	NA
37	155	128	said	NA
37	156	129	that	NA
37	157	130	defending	NA
37	158	131	the	NA
37	159	132	rights	NA
37	160	133	of	NA
37	161	134	indigenous	NA
37	162	135	people	NA
37	163	136	was	NA
37	164	137	the	NA
37	165	138	right	NA
37	166	139	thing	NA
37	167	140	to	NA
37	168	141	do.	NA
37	169	141	do.	NA
37	170	142	“The	“It
37	171	142	“The	“It
37	172	142	“The	“It
37	173	143	Bolivian	“It
37	174	143	Bolivian	“It
37	175	143	Bolivian	“It
37	176	144	move	“It
37	177	145	is	NA
37	178	146	very	NA
37	179	147	important,”	NA
37	180	147	important,”	NA
37	181	147	important,”	NA
37	182	147	important,”	NA
37	183	148	said	NA
37	184	149	Danny	NA
37	185	150	Kushlick,	NA
37	186	150	Kushlick,	NA
37	187	150	Kushlick,	NA
37	188	150	Kushlick,	NA
37	189	151	of	NA
37	190	152	the	NA
37	191	153	Transform	NA
37	192	154	Drug	NA
37	193	155	Policy	NA
37	194	156	Foundation.	NA
37	195	156	Foundation.	NA
37	196	157	“It	NA
37	197	157	“It	NA
37	198	157	“It	NA
37	199	158	shows	NA
37	200	159	that	NA
37	201	160	any	it
37	202	161	country	it
37	203	162	that	it
37	204	163	doesn't	it
37	205	163	doesn't	it
37	206	164	want	it
37	207	165	to	it
37	208	166	continue	it
37	209	167	the	it
37	210	168	war	it
37	211	169	on	it
37	212	170	drugs	it
37	213	171	can	NA
37	214	172	change	NA
37	215	173	its	NA
37	216	174	relations	NA
37	217	175	with	NA
37	218	176	the	NA
37	219	177	UN	its
37	220	178	conventions.”	NA
37	221	178	conventions.”	NA
37	222	178	conventions.”	NA
37	223	178	conventions.”	NA
37	224	179	But	NA
37	225	180	the	it
37	226	181	UN's	it
37	227	181	UN's	it
37	228	182	International	it
37	229	183	Narcotics	it
37	230	183	Narcotics	it
37	231	184	Control	it
37	232	185	Board	it
37	233	186	(INCB),	(it),
37	234	186	(INCB),	(it),
37	235	186	(INCB),	(it),
37	236	186	(INCB),	(it),
37	237	187	which	NA
37	238	188	checks	NA
37	239	189	global	NA
37	240	190	drug	NA
37	241	191	agreements,	NA
37	242	191	agreements,	NA
37	243	192	says	NA
37	244	193	Bolivia	it
37	245	194	may	NA
37	246	195	harm	NA
37	247	196	international	NA
37	248	197	drug	NA
37	249	198	controls.	NA
37	250	198	controls.	NA
37	251	199	Many	NA
37	252	200	countries	NA
37	253	201	–	NA
37	254	202	including	NA
37	255	203	the	it,
37	256	204	UK,	it,
37	257	204	UK,	it,
37	258	205	the	us,
37	259	206	US,	us,
37	260	206	US,	us,
37	261	207	Italy,	NA
37	262	207	Italy,	NA
37	263	208	Sweden,	NA
37	264	208	Sweden,	NA
37	265	209	the	NA
37	266	210	Netherlands	NA
37	267	211	and	NA
37	268	212	Russia	it
37	269	213	–	NA
37	270	214	do	NA
37	271	215	not	NA
37	272	216	want	NA
37	273	217	to	NA
37	274	218	give	NA
37	275	219	Bolivia	it
37	276	220	what	NA
37	277	221	it	NA
37	278	222	is	NA
37	279	223	asking	NA
37	280	224	for.	NA
37	281	224	for.	NA
37	282	225	The	It
37	283	226	UK	It
37	284	227	told	NA
37	285	228	the	it
37	286	229	UN	it
37	287	230	that	NA
37	288	231	it	NA
37	289	232	“respects	NA
37	290	232	“respects	NA
37	291	232	“respects	NA
37	292	232	“respects	NA
37	293	233	the	NA
37	294	234	cultural	NA
37	295	235	importance	NA
37	296	236	of	NA
37	297	237	the	it
37	298	238	coca	it
37	299	238	coca	it
37	300	239	leaf	it
37	301	240	in	NA
37	302	241	Bolivia,”	it,”
37	303	241	Bolivia,”	it,”
37	304	241	Bolivia,”	it,”
37	305	241	Bolivia,”	it,”
37	306	242	but	NA
37	307	243	it	NA
37	308	244	adds:	NA
37	309	244	adds:	NA
37	310	245	“The	“it
37	311	245	“The	“it
37	312	245	“The	“it
37	313	246	United	“it
37	314	247	Kingdom	“it
37	315	248	is	NA
37	316	249	worried	NA
37	317	250	that	NA
37	318	251	the	it
37	319	252	exemption	it
37	320	253	could	NA
37	321	254	lead	NA
37	322	255	to	NA
37	323	256	more	NA
37	324	257	coca	NA
37	325	257	coca	NA
37	326	258	production	NA
37	327	259	and	NA
37	328	260	–	NA
37	329	261	most	NA
37	330	262	importantly	NA
37	331	263	–	NA
37	332	264	more	NA
37	333	265	coca	it
37	334	265	coca	it
37	335	266	reaching	NA
37	336	267	the	it.
37	337	268	cocaine	it.
37	338	269	trade.	it.
37	339	269	trade.	it.
37	340	270	The	It
37	341	271	exemption	It
37	342	272	would	NA
37	343	273	make	NA
37	344	274	it	NA
37	345	275	more	NA
37	346	276	difficult	NA
37	347	277	to	NA
37	348	278	control	NA
37	349	279	the	it.”
37	350	280	illegal	it.”
37	351	281	drugs	it.”
37	352	282	trade.”	it.”
37	353	282	trade.”	it.”
37	354	282	trade.”	it.”
37	355	282	trade.”	it.”
37	356	283	The	it
37	357	284	right	it
37	358	285	of	it
37	359	286	indigenous	it
37	360	287	people	it
37	361	288	in	it
37	362	289	South	it
37	363	290	America's	it
37	364	290	America's	it
37	365	291	Andean	it
37	366	291	Andean	it
37	367	292	region	it
37	368	293	to	it
37	369	294	chew	it
37	370	295	coca	it
37	371	295	coca	it
37	372	296	leaf	it
37	373	297	was	NA
37	374	298	removed	NA
37	375	299	in	NA
37	376	300	1964	NA
37	377	301	when	NA
37	378	302	Bolivia	it
37	379	303	was	NA
37	380	304	under	NA
37	381	305	a	NA
37	382	306	dictatorship	NA
37	383	307	and	NA
37	384	308	it	NA
37	385	309	signed	NA
37	386	310	the	it.
37	387	311	convention.	it.
37	388	311	convention.	it.
37	389	312	In	NA
37	390	313	2011,	NA
37	391	313	2011,	NA
37	392	314	Bolivia	it
37	393	315	told	NA
37	394	316	the	it
37	395	317	UN	it
37	396	318	that	NA
37	397	319	it	NA
37	398	320	did	NA
37	399	321	not	NA
37	400	322	want	NA
37	401	323	to	NA
37	402	324	be	NA
37	403	325	part	NA
37	404	326	of	NA
37	405	327	the	it
37	406	328	convention	it
37	407	329	any	NA
37	408	330	more.	NA
37	409	330	more.	NA
37	410	331	It	NA
37	411	332	is	NA
37	412	333	now	NA
37	413	334	part	NA
37	414	335	of	NA
37	415	336	the	it
37	416	337	convention	it
37	417	338	again,	NA
37	418	338	again,	NA
37	419	339	but	NA
37	420	340	with	NA
37	421	341	an	it
37	422	342	exemption	it
37	423	343	so	NA
37	424	344	that	NA
37	425	345	its	they
37	426	346	indigenous	they
37	427	347	people	they
37	428	348	can	NA
37	429	349	continue	NA
37	430	350	chewing	NA
37	431	351	coca	them.
37	432	351	coca	them.
37	433	352	leaves.	them.
37	434	352	leaves.	them.
37	435	353	The	It
37	436	354	exemption	It
37	437	355	is	NA
37	438	356	the	it.
37	439	357	first	it.
37	440	358	in	it.
37	441	359	the	it.
37	442	360	history	it.
37	443	361	of	it.
37	444	362	UN	it.
37	445	363	drug-control	it.
37	446	363	drug-control	it.
37	447	363	drug-control	it.
37	448	364	agreements.	it.
37	449	364	agreements.	it.
37	450	365	It	NA
37	451	366	has	NA
37	452	367	led	NA
37	453	368	to	NA
37	454	369	worries	NA
37	455	370	that	NA
37	456	371	other	NA
37	457	372	countries	NA
37	458	373	may	NA
37	459	374	also	NA
37	460	375	ask	NA
37	461	376	for	NA
37	462	377	exemptions.	NA
37	463	377	exemptions.	NA
37	464	378	Russia	It
37	465	379	says	NA
37	466	380	that	NA
37	467	381	the	it
37	468	382	exemption	it
37	469	383	will	NA
37	470	384	lead	NA
37	471	385	to	NA
37	472	386	more	NA
37	473	387	illegal	NA
37	474	388	cocaine	NA
37	475	389	and	NA
37	476	390	warns	NA
37	477	391	that	NA
37	478	392	“it	NA
37	479	392	“it	NA
37	480	392	“it	NA
37	481	393	also	NA
37	482	394	sets	NA
37	483	395	a	NA
37	484	396	dangerous	NA
37	485	397	example	NA
37	486	398	that	NA
37	487	399	could	NA
37	488	400	be	NA
37	489	401	used	NA
37	490	402	by	NA
37	491	403	other	NA
37	492	404	states	NA
37	493	405	in	NA
37	494	406	creating	NA
37	495	407	a	NA
37	496	408	more	NA
37	497	409	liberal	NA
37	498	410	drug-control	NA
37	499	410	drug-control	NA
37	500	410	drug-control	NA
37	501	411	regime.”	NA
37	502	411	regime.”	NA
37	503	411	regime.”	NA
37	504	411	regime.”	NA
37	505	412	The	it
37	506	413	British	it
37	507	414	parliament	it
37	508	415	has	NA
37	509	416	recommended	NA
37	510	417	that	NA
37	511	418	the	it
37	512	419	UK	it
37	513	420	government	it
37	514	421	should	NA
37	515	422	support	NA
37	516	423	Bolivia's	it.
37	517	423	Bolivia's	it.
37	518	424	request.	it.
37	519	424	request.	it.
37	520	425	It	NA
37	521	426	says	NA
37	522	427	that	NA
37	523	428	it	NA
37	524	429	is	NA
37	525	430	important	NA
37	526	431	that	it.
37	527	432	countries	it.
37	528	433	stay	it.
37	529	434	in	it.
37	530	435	the	it.
37	531	436	convention.	it.
37	532	436	convention.	it.
37	533	437	Bolivia's	It
37	534	437	Bolivia's	It
37	535	438	return	It
37	536	439	could	NA
37	537	440	be	NA
37	538	441	blocked	NA
37	539	442	only	NA
37	540	443	if	NA
37	541	444	a	NA
37	542	445	third	NA
37	543	446	or	NA
37	544	447	more	NA
37	545	448	of	NA
37	546	449	the	NA
37	547	450	184	NA
37	548	451	countries	NA
37	549	452	that	NA
37	550	453	have	NA
37	551	454	signed	NA
37	552	455	the	it
37	553	456	convention	it
37	554	457	opposed	NA
37	555	458	the	it.
37	556	459	exemption.	it.
37	557	459	exemption.	it.
37	558	460	Some	NA
37	559	461	people	NA
37	560	462	believe	NA
37	561	463	that	NA
37	562	464	the	they
37	563	465	US	they
37	564	466	and	NA
37	565	467	UK	they
37	566	468	are	NA
37	567	469	telling	NA
37	568	470	other	them
37	569	471	countries	them
37	570	472	that	NA
37	571	473	they	NA
37	572	474	should	NA
37	573	475	block	NA
37	574	476	Bolivia's	it.
37	575	476	Bolivia's	it.
37	576	477	request.	it.
37	577	477	request.	it.
37	578	478	Nancie	She,
37	579	478	Nancie	She,
37	580	478	Nancie	She,
37	581	479	Prud'homme,	She,
37	582	479	Prud'homme,	She,
37	583	479	Prud'homme,	She,
37	584	479	Prud'homme,	She,
37	585	479	Prud'homme,	She,
37	586	479	Prud'homme,	She,
37	587	480	of	She,
37	588	481	the	She,
37	589	482	International	She,
37	590	483	Center	She,
37	591	484	on	She,
37	592	485	Human	She,
37	593	486	Rights	She,
37	594	487	and	She,
37	595	488	Drug	She,
37	596	489	Policy,	She,
37	597	489	Policy,	She,
37	598	490	said	NA
37	599	491	people	NA
37	600	492	are	NA
37	601	493	wrong	NA
37	602	494	to	it.
37	603	495	oppose	it.
37	604	496	Bolivia's	it.
37	605	496	Bolivia's	it.
37	606	497	request.	it.
37	607	497	request.	it.
37	608	498	“These	“They
37	609	498	“These	“They
37	610	498	“These	“They
37	611	499	objections	“They
37	612	500	are	NA
37	613	501	not	NA
37	614	502	completely	NA
37	615	503	legal,”	NA
37	616	503	legal,”	NA
37	617	503	legal,”	NA
37	618	503	legal,”	NA
37	619	504	she	NA
37	620	505	said.	NA
37	621	505	said.	NA
37	622	506	She	NA
37	623	507	added	NA
37	624	508	that,	NA
37	625	508	that,	NA
37	626	509	all	NA
37	627	510	over	NA
37	628	511	the	NA
37	629	512	world,	NA
37	630	512	world,	NA
37	631	513	it	NA
37	632	514	has	NA
37	633	515	become	NA
37	634	516	the	NA
37	635	517	norm	NA
37	636	518	to	it,
37	637	519	support	it,
37	638	520	cultural	it,
37	639	521	and	it,
37	640	522	indigenous	it,
37	641	523	rights,	it,
37	642	523	rights,	it,
37	643	524	so	NA
37	644	525	we	NA
37	645	526	should	NA
37	646	527	support	NA
37	647	528	Bolivia's	its
37	648	528	Bolivia's	its
37	649	529	efforts.	NA
37	650	529	efforts.	NA
37	651	530	The	NA
37	652	531	decision	NA
37	653	532	to	NA
37	654	533	ban	NA
37	655	534	coca	it
37	656	534	coca	it
37	657	535	chewing	NA
37	658	536	was	NA
37	659	537	based	NA
37	660	538	on	NA
37	661	539	a	it.
37	662	540	1950	it.
37	663	541	report	it.
37	664	542	by	it.
37	665	543	the	it.
37	666	544	UN.	it.
37	667	544	UN.	it.
37	668	545	Supporters	NA
37	669	546	of	NA
37	670	547	drug	NA
37	671	548	liberalization	NA
37	672	548	liberalization	NA
37	673	549	say	NA
37	674	550	the	it
37	675	551	report	it
37	676	552	was	NA
37	677	553	not	NA
37	678	554	based	NA
37	679	555	on	NA
37	680	556	any	NA
37	681	557	evidence.	NA
37	682	557	evidence.	NA
37	683	558	It	NA
37	684	559	is	NA
37	685	560	legal	NA
37	686	561	to	it.
37	687	562	grow	it.
37	688	563	coca	it.
37	689	563	coca	it.
37	690	564	leaves	it.
37	691	565	in	it.
37	692	566	Bolivia.	it.
37	693	566	Bolivia.	it.
37	694	567	As	NA
37	695	568	a	NA
37	696	569	result,	NA
37	697	569	result,	NA
37	698	570	cocaine	its
37	699	571	production	NA
37	700	572	has	NA
37	701	573	decreased	NA
37	702	574	in	NA
37	703	575	the	it
37	704	576	country	it
37	705	577	and	NA
37	706	578	some	NA
37	707	579	experts	NA
37	708	580	see	NA
37	709	581	Bolivia	it
37	710	582	as	NA
37	711	583	a	NA
37	712	584	model	NA
37	713	585	for	NA
37	714	586	other	NA
37	715	587	countries.	NA
37	716	587	countries.	NA
38	0	0	Crunchy,	NA
38	1	0	Crunchy,	NA
38	2	0	Crunchy,	NA
38	3	1	full	NA
38	4	2	of	NA
38	5	3	protein	NA
38	6	4	and	NA
38	7	5	to	NA
38	8	6	be	NA
38	9	7	found	NA
38	10	8	under	NA
38	11	9	a	NA
38	12	10	rock	NA
38	13	11	near	NA
38	14	12	you.	NA
38	15	12	you.	NA
38	16	13	Insects	They
38	17	13	Insects	They
38	18	14	have	NA
38	19	15	long	NA
38	20	16	been	NA
38	21	17	overlooked	NA
38	22	18	as	NA
38	23	19	food	NA
38	24	20	in	NA
38	25	21	all	NA
38	26	22	but	NA
38	27	23	a	NA
38	28	24	handful	NA
38	29	25	of	NA
38	30	26	places	NA
38	31	27	around	NA
38	32	28	the	them
38	33	29	world	them
38	34	30	–	NA
38	35	31	but	NA
38	36	32	now	NA
38	37	33	they	NA
38	38	34	are	NA
38	39	35	crawling	NA
38	40	36	closer	NA
38	41	37	and	NA
38	42	38	closer	NA
38	43	39	to	NA
38	44	40	our	NA
38	45	41	plates.	NA
38	46	41	plates.	NA
38	47	42	Spring	NA
38	48	43	2013	it
38	49	44	will	NA
38	50	45	see	NA
38	51	46	a	NA
38	52	47	drive	NA
38	53	48	towards	NA
38	54	49	removing	NA
38	55	50	the	NA
38	56	51	yuck	NA
38	57	51	yuck	NA
38	58	52	factor	NA
38	59	53	and	NA
38	60	54	putting	NA
38	61	55	insects	it
38	62	56	not	NA
38	63	57	just	NA
38	64	58	on	NA
38	65	59	experimental	NA
38	66	60	gastronomic	NA
38	67	60	gastronomic	NA
38	68	60	gastronomic	NA
38	69	61	menus	NA
38	70	62	but	NA
38	71	63	also	NA
38	72	64	on	NA
38	73	65	supermarket	NA
38	74	66	shelves.	NA
38	75	66	shelves.	NA
38	76	67	In	NA
38	77	68	April,	NA
38	78	68	April,	NA
38	79	69	there	NA
38	80	70	will	NA
38	81	71	be	NA
38	82	72	a	it,
38	83	73	festival	it,
38	84	74	in	it,
38	85	75	London,	it,
38	86	75	London,	it,
38	87	76	Pestival	it
38	88	76	Pestival	it
38	89	77	2013	it
38	90	78	–	NA
38	91	79	a	it.
38	92	80	Wellcome	it.
38	93	80	Wellcome	it.
38	94	81	Trust-backed	it.
38	95	81	Trust-backed	it.
38	96	81	Trust-backed	it.
38	97	82	insect	it.
38	98	83	appreciation	it.
38	99	84	event	it.
38	100	85	where	it.
38	101	86	the	it.
38	102	87	consumption	it.
38	103	88	of	it.
38	104	89	creepy-crawlies	it.
38	105	89	creepy-crawlies	it.
38	106	89	creepy-crawlies	it.
38	107	89	creepy-crawlies	it.
38	108	89	creepy-crawlies	it.
38	109	90	comes	it.
38	110	91	high	it.
38	111	92	on	it.
38	112	93	the	it.
38	113	94	agenda.	it.
38	114	94	agenda.	it.
38	115	95	It	NA
38	116	96	will	NA
38	117	97	feature	NA
38	118	98	a	NA
38	119	99	two-day	NA
38	120	99	two-day	NA
38	121	99	two-day	NA
38	122	100	“pop-up”	NA
38	123	100	“pop-up”	NA
38	124	100	“pop-up”	NA
38	125	100	“pop-up”	NA
38	126	100	“pop-up”	NA
38	127	100	“pop-up”	NA
38	128	100	“pop-up”	NA
38	129	101	restaurant	NA
38	130	102	by	NA
38	131	103	the	it,
38	132	104	Nordic	it,
38	133	105	Food	it,
38	134	106	Lab,	it,
38	135	106	Lab,	it,
38	136	107	the	it.
38	137	108	Scandinavian	it.
38	138	109	team	it.
38	139	110	behind	it.
38	140	111	the	it.
38	141	112	Danish	it.
38	142	113	restaurant	it.
38	143	114	Noma,	it.
38	144	114	Noma,	it.
38	145	114	Noma,	it.
38	146	115	which	it.
38	147	116	brought	it.
38	148	117	ants	it.
38	149	118	to	it.
38	150	119	the	it.
38	151	120	table	it.
38	152	121	for	it.
38	153	122	a	it.
38	154	123	sellout	it.
38	155	123	sellout	it.
38	156	124	ten-day	it.
38	157	124	ten-day	it.
38	158	124	ten-day	it.
38	159	125	run	it.
38	160	126	at	it.
38	161	127	Claridge's	it.
38	162	127	Claridge's	it.
38	163	127	Claridge's	it.
38	164	128	hotel	it.
38	165	129	in	it.
38	166	130	London	it.
38	167	131	in	it.
38	168	132	2012.	it.
38	169	132	2012.	it.
38	170	133	In	NA
38	171	134	March,	NA
38	172	134	March,	NA
38	173	135	a	NA
38	174	136	BBC	NA
38	175	137	documentary	NA
38	176	138	will	NA
38	177	139	feature	NA
38	178	140	food	NA
38	179	141	writer	NA
38	180	142	Stefan	NA
38	181	143	Gates	NA
38	182	144	searching	NA
38	183	145	out	NA
38	184	146	and	NA
38	185	147	eating	NA
38	186	148	deep-	NA
38	187	148	deep-	NA
38	188	149	fried	NA
38	189	150	locusts	NA
38	190	150	locusts	NA
38	191	150	locusts	NA
38	192	151	and	NA
38	193	152	barbecued	NA
38	194	152	barbecued	NA
38	195	152	barbecued	NA
38	196	153	tarantulas.	NA
38	197	153	tarantulas.	NA
38	198	153	tarantulas.	NA
38	199	153	tarantulas.	NA
38	200	154	But,	NA
38	201	154	But,	NA
38	202	155	behind	NA
38	203	156	all	NA
38	204	157	the	NA
38	205	158	gimmicks	NA
38	206	158	gimmicks	NA
38	207	159	and	NA
38	208	160	jokes	NA
38	209	161	about	NA
38	210	162	flies	NA
38	211	163	in	NA
38	212	164	the	NA
38	213	165	soup,	NA
38	214	165	soup,	NA
38	215	166	there	NA
38	216	167	is	NA
38	217	168	a	it.
38	218	169	deeply	it.
38	219	170	serious	it.
38	220	171	message.	it.
38	221	171	message.	it.
38	222	172	Many	NA
38	223	173	experts	NA
38	224	174	believe	NA
38	225	175	there	NA
38	226	176	is	NA
38	227	177	a	it.
38	228	178	clear	it.
38	229	179	environmental	it.
38	230	180	benefit	it.
38	231	181	to	it.
38	232	182	humans	it.
38	233	183	eating	it.
38	234	184	creepy-crawlies.	it.
38	235	184	creepy-crawlies.	it.
38	236	184	creepy-crawlies.	it.
38	237	184	creepy-crawlies.	it.
38	238	184	creepy-crawlies.	it.
38	239	184	creepy-crawlies.	it.
38	240	185	The	It
38	241	186	UN's	It
38	242	186	UN's	It
38	243	187	Food	It
38	244	188	and	It
38	245	189	Agriculture	It
38	246	190	Organization	It
38	247	191	(FAO)	(it)
38	248	191	(FAO)	(it)
38	249	191	(FAO)	(it)
38	250	191	(FAO)	(it)
38	251	192	has	NA
38	252	193	been	NA
38	253	194	funding	NA
38	254	195	projects	NA
38	255	196	since	NA
38	256	197	2011	NA
38	257	198	aimed	NA
38	258	199	at	NA
38	259	200	promoting	NA
38	260	201	the	NA
38	261	202	eating	NA
38	262	203	and	NA
38	263	204	farming	NA
38	264	205	of	NA
38	265	206	insects	NA
38	266	207	in	NA
38	267	208	south-east	NA
38	268	208	south-east	NA
38	269	208	south-east	NA
38	270	209	Asia	NA
38	271	210	and	NA
38	272	211	Africa,	NA
38	273	211	Africa,	NA
38	274	212	where	NA
38	275	213	an	they
38	276	214	estimated	they
38	277	215	two	they
38	278	216	billion	they
38	279	217	people	they
38	280	218	already	NA
38	281	219	eat	NA
38	282	220	insects	them
38	283	221	and	NA
38	284	222	caterpillar	NA
38	285	222	caterpillar	NA
38	286	223	larvae	NA
38	287	224	as	NA
38	288	225	a	NA
38	289	226	regular	NA
38	290	227	part	NA
38	291	228	of	NA
38	292	229	their	NA
38	293	230	diet.	NA
38	294	230	diet.	NA
38	295	231	In	NA
38	296	232	2012,	it,
38	297	232	2012,	it,
38	298	233	the	it
38	299	234	FAO	it
38	300	234	FAO	it
38	301	235	published	NA
38	302	236	a	NA
38	303	237	list	NA
38	304	238	of	NA
38	305	239	1,909	NA
38	306	239	1,909	NA
38	307	239	1,909	NA
38	308	240	edible	NA
38	309	241	species	NA
38	310	242	of	NA
38	311	243	insect	NA
38	312	244	and,	NA
38	313	244	and,	NA
38	314	245	with	NA
38	315	246	sponsorship	NA
38	316	247	from	NA
38	317	248	the	NA
38	318	249	Dutch	NA
38	319	250	government,	NA
38	320	250	government,	NA
38	321	251	plans	NA
38	322	252	a	NA
38	323	253	major	NA
38	324	254	international	NA
38	325	255	conference	NA
38	326	256	on	NA
38	327	257	“this	NA
38	328	257	“this	NA
38	329	257	“this	NA
38	330	258	valuable	NA
38	331	259	food	NA
38	332	260	source”	NA
38	333	260	source”	NA
38	334	260	source”	NA
38	335	261	in	NA
38	336	262	2013.	it.
38	337	262	2013.	it.
38	338	263	Over	NA
38	339	264	the	NA
38	340	265	next	NA
38	341	266	30	NA
38	342	267	years,	NA
38	343	267	years,	NA
38	344	268	the	it.
38	345	269	planet's	it.
38	346	269	planet's	it.
38	347	270	human	it.
38	348	271	population	it.
38	349	272	will	it.
38	350	273	increase	it.
38	351	274	to	it.
38	352	275	nine	it.
38	353	276	billion.	it.
38	354	276	billion.	it.
38	355	277	Already	NA
38	356	278	one	NA
38	357	279	billion	NA
38	358	280	people	NA
38	359	281	do	NA
38	360	282	not	NA
38	361	283	get	NA
38	362	284	enough	NA
38	363	285	food.	NA
38	364	285	food.	NA
38	365	286	The	It
38	366	287	increase	It
38	367	288	will	NA
38	368	289	mean	NA
38	369	290	more	NA
38	370	291	pressure	NA
38	371	292	on	NA
38	372	293	agricultural	NA
38	373	294	land,	NA
38	374	294	land,	NA
38	375	295	water,	NA
38	376	295	water,	NA
38	377	296	forests,	NA
38	378	296	forests,	NA
38	379	297	fisheries	NA
38	380	298	and	NA
38	381	299	biodiversity	NA
38	382	300	resources,	NA
38	383	300	resources,	NA
38	384	301	as	NA
38	385	302	well	NA
38	386	303	as	NA
38	387	304	nutrients	NA
38	388	305	and	NA
38	389	306	energy	NA
38	390	307	supplies.	NA
38	391	307	supplies.	NA
38	392	308	The	NA
38	393	309	cost	NA
38	394	310	of	NA
38	395	311	meat	NA
38	396	312	is	NA
38	397	313	rising,	NA
38	398	313	rising,	NA
38	399	314	not	NA
38	400	315	just	NA
38	401	316	in	NA
38	402	317	terms	NA
38	403	318	of	NA
38	404	319	hard	NA
38	405	320	cash	NA
38	406	321	but	NA
38	407	322	also	NA
38	408	323	in	NA
38	409	324	terms	NA
38	410	325	of	NA
38	411	326	the	NA
38	412	327	amount	NA
38	413	328	of	NA
38	414	329	rainforest	NA
38	415	329	rainforest	NA
38	416	330	that	NA
38	417	331	is	NA
38	418	332	destroyed	NA
38	419	333	for	NA
38	420	334	grazing	NA
38	421	335	or	NA
38	422	336	to	NA
38	423	337	grow	NA
38	424	338	feedstuff	NA
38	425	338	feedstuff	NA
38	426	339	for	NA
38	427	340	cattle.	NA
38	428	340	cattle.	NA
38	429	341	There	NA
38	430	342	is	NA
38	431	343	also	NA
38	432	344	the	NA
38	433	345	issue	NA
38	434	346	of	NA
38	435	347	methane	it.
38	436	348	excreted	it.
38	437	348	excreted	it.
38	438	348	excreted	it.
38	439	349	by	it.
38	440	350	cows.	it.
38	441	350	cows.	it.
38	442	351	The	NA
38	443	352	livestock	NA
38	444	353	farming	NA
38	445	354	contribution,	NA
38	446	354	contribution,	NA
38	447	355	in	NA
38	448	356	terms	NA
38	449	357	of	NA
38	450	358	greenhouse	its,
38	451	359	gas	its,
38	452	360	emissions,	its,
38	453	360	emissions,	its,
38	454	361	is	NA
38	455	362	enormous	NA
38	456	363	–	NA
38	457	364	35%	NA
38	458	364	35%	NA
38	459	365	of	NA
38	460	366	the	its,
38	461	367	planet's	its,
38	462	367	planet's	its,
38	463	368	methane,	its,
38	464	368	methane,	its,
38	465	369	65%	NA
38	466	369	65%	NA
38	467	370	of	NA
38	468	371	its	NA
38	469	372	nitrous	NA
38	470	372	nitrous	NA
38	471	373	oxide	NA
38	472	374	and	NA
38	473	375	9%	NA
38	474	375	9%	NA
38	475	376	of	NA
38	476	377	the	NA
38	477	378	carbon	NA
38	478	379	dioxide.	NA
38	479	379	dioxide.	NA
38	480	380	Edible	They
38	481	380	Edible	They
38	482	381	insects	They
38	483	382	emit	NA
38	484	383	few	NA
38	485	384	gases,	NA
38	486	384	gases,	NA
38	487	385	contain	NA
38	488	386	high-quality	NA
38	489	386	high-quality	NA
38	490	386	high-quality	NA
38	491	387	protein,	NA
38	492	387	protein,	NA
38	493	388	vitamins	NA
38	494	389	and	NA
38	495	390	amino	NA
38	496	391	acids,	NA
38	497	391	acids,	NA
38	498	392	and	NA
38	499	393	have	NA
38	500	394	a	NA
38	501	395	high	NA
38	502	396	food-conversion	NA
38	503	396	food-conversion	NA
38	504	396	food-conversion	NA
38	505	396	food-conversion	NA
38	506	397	rate,	NA
38	507	397	rate,	NA
38	508	398	needing	NA
38	509	399	a	NA
38	510	400	quarter	NA
38	511	401	of	NA
38	512	402	the	NA
38	513	403	food	NA
38	514	404	intake	NA
38	515	405	of	NA
38	516	406	sheep,	NA
38	517	406	sheep,	NA
38	518	407	and	NA
38	519	408	half	NA
38	520	409	of	NA
38	521	410	pigs	NA
38	522	411	and	NA
38	523	412	chickens,	NA
38	524	412	chickens,	NA
38	525	413	to	NA
38	526	414	produce	NA
38	527	415	the	NA
38	528	416	same	NA
38	529	417	amount	NA
38	530	418	of	NA
38	531	419	protein.	NA
38	532	419	protein.	NA
38	533	420	They	NA
38	534	421	emit	NA
38	535	422	fewer	NA
38	536	423	greenhouse	NA
38	537	424	gases	NA
38	538	425	and	NA
38	539	426	less	NA
38	540	427	ammonia	NA
38	541	428	than	NA
38	542	429	cows	they
38	543	430	and	NA
38	544	431	can	NA
38	545	432	be	NA
38	546	433	grown	NA
38	547	434	on	NA
38	548	435	organic	NA
38	549	436	waste.	NA
38	550	436	waste.	NA
38	551	437	China	NA
38	552	438	is	NA
38	553	439	already	NA
38	554	440	successfully	NA
38	555	441	setting	NA
38	556	442	up	NA
38	557	443	huge	NA
38	558	444	maggot	NA
38	559	444	maggot	NA
38	560	445	farms.	NA
38	561	445	farms.	NA
38	562	446	Zimbabwe	NA
38	563	447	has	NA
38	564	448	a	NA
38	565	449	thriving	NA
38	566	450	mapone	NA
38	567	450	mapone	NA
38	568	451	caterpillar	NA
38	569	451	caterpillar	NA
38	570	452	industry	NA
38	571	453	and	NA
38	572	454	Laos	NA
38	573	455	was	NA
38	574	456	given	NA
38	575	457	nearly	NA
38	576	458	$500,000	NA
38	577	458	$500,000	NA
38	578	458	$500,000	NA
38	579	458	$500,000	NA
38	580	459	by	NA
38	581	460	the	it
38	582	461	FAO	it
38	583	461	FAO	it
38	584	462	to	NA
38	585	463	develop	NA
38	586	464	an	NA
38	587	465	insect-harvesting	its
38	588	465	insect-harvesting	its
38	589	465	insect-harvesting	its
38	590	465	insect-harvesting	its
38	591	465	insect-harvesting	its
38	592	466	project.	NA
38	593	466	project.	NA
38	594	467	It's	NA
38	595	467	It's	NA
38	596	468	already	NA
38	597	469	big	NA
38	598	470	business	NA
38	599	471	in	NA
38	600	472	the	NA
38	601	473	UK,	NA
38	602	473	UK,	NA
38	603	474	though	NA
38	604	475	not	NA
38	605	476	always	NA
38	606	477	official:	NA
38	607	477	official:	NA
38	608	478	a	he
38	609	479	man	he
38	610	480	was	NA
38	611	481	recently	NA
38	612	482	detained	NA
38	613	483	by	NA
38	614	484	Gatwick	NA
38	615	484	Gatwick	NA
38	616	485	customs	NA
38	617	486	as	NA
38	618	487	he	NA
38	619	488	stepped	NA
38	620	489	off	NA
38	621	490	a	NA
38	622	491	flight	NA
38	623	492	from	NA
38	624	493	Burkina	NA
38	625	493	Burkina	NA
38	626	494	Faso	NA
38	627	494	Faso	NA
38	628	495	with	NA
38	629	496	94	NA
38	630	497	kilos	NA
38	631	497	kilos	NA
38	632	498	of	NA
38	633	499	mapone,	NA
38	634	499	mapone,	NA
38	635	499	mapone,	NA
38	636	500	worth	NA
38	637	501	nearly	NA
38	638	502	£40,000,	NA
38	639	502	£40,000,	NA
38	640	502	£40,000,	NA
38	641	502	£40,000,	NA
38	642	502	£40,000,	NA
38	643	503	in	NA
38	644	504	his	NA
38	645	505	luggage.	NA
38	646	505	luggage.	NA
38	647	506	A	NA
38	648	507	study	NA
38	649	508	by	NA
38	650	509	FoodServiceWarehouse.com	NA
38	651	509	FoodServiceWarehouse.com	NA
38	652	509	FoodServiceWarehouse.com	NA
38	653	509	FoodServiceWarehouse.com	NA
38	654	509	FoodServiceWarehouse.com	NA
38	655	509	FoodServiceWarehouse.com	NA
38	656	510	suggested	NA
38	657	511	that	NA
38	658	512	swapping	NA
38	659	513	pork	NA
38	660	514	and	NA
38	661	515	beef	NA
38	662	516	for	NA
38	663	517	crickets	NA
38	664	517	crickets	NA
38	665	518	and	NA
38	666	519	locusts	NA
38	667	519	locusts	NA
38	668	519	locusts	NA
38	669	520	could	NA
38	670	521	help	NA
38	671	522	to	NA
38	672	523	reduce	NA
38	673	524	greenhouse	them
38	674	525	gas	them
38	675	526	emissions	them
38	676	527	by	NA
38	677	528	as	NA
38	678	529	much	NA
38	679	530	as	NA
38	680	531	95%.	NA
38	681	531	95%.	NA
39	0	0	In	NA
39	1	1	the	NA
39	2	2	West,	NA
39	3	2	West,	NA
39	4	3	people	they
39	5	4	do	NA
39	6	5	not	NA
39	7	6	usually	NA
39	8	7	eat	NA
39	9	8	insects.	them.
39	10	8	insects.	them.
39	11	9	But	NA
39	12	10	in	NA
39	13	11	some	NA
39	14	12	parts	NA
39	15	13	of	NA
39	16	14	the	it,
39	17	15	world,	it,
39	18	15	world,	it,
39	19	16	insects	NA
39	20	17	are	NA
39	21	18	an	it
39	22	19	important	it
39	23	20	food	it
39	24	21	and	NA
39	25	22	in	NA
39	26	23	spring	NA
39	27	24	2013	it
39	28	25	there	NA
39	29	26	will	NA
39	30	27	be	NA
39	31	28	an	NA
39	32	29	effort	NA
39	33	30	to	NA
39	34	31	show	NA
39	35	32	people	them
39	36	33	that	NA
39	37	34	eating	NA
39	38	35	insects	they
39	39	36	is	NA
39	40	37	not	NA
39	41	38	disgusting.	NA
39	42	38	disgusting.	NA
39	43	39	And	NA
39	44	40	we	NA
39	45	41	may	NA
39	46	42	soon	NA
39	47	43	be	NA
39	48	44	able	NA
39	49	45	to	NA
39	50	46	buy	NA
39	51	47	insects	them
39	52	48	in	NA
39	53	49	supermarkets.	NA
39	54	49	supermarkets.	NA
39	55	50	In	NA
39	56	51	April,	NA
39	57	51	April,	NA
39	58	52	there	NA
39	59	53	will	NA
39	60	54	be	NA
39	61	55	a	it,
39	62	56	festival	it,
39	63	57	in	it,
39	64	58	London,	it,
39	65	58	London,	it,
39	66	59	Pestival	it,
39	67	59	Pestival	it,
39	68	60	2013,	it,
39	69	60	2013,	it,
39	70	61	where	NA
39	71	62	there	NA
39	72	63	will	NA
39	73	64	be	NA
39	74	65	a	NA
39	75	66	discussion	NA
39	76	67	about	NA
39	77	68	the	NA
39	78	69	question	NA
39	79	70	of	NA
39	80	71	eating	NA
39	81	72	insects.	them.
39	82	72	insects.	them.
39	83	73	The	It
39	84	74	festival	It
39	85	75	will	NA
39	86	76	include	NA
39	87	77	a	NA
39	88	78	restaurant	NA
39	89	79	by	NA
39	90	80	the	it,
39	91	81	Nordic	it,
39	92	82	Food	it,
39	93	83	Lab,	it,
39	94	83	Lab,	it,
39	95	84	the	they.
39	96	85	Scandinavian	they.
39	97	86	team	they.
39	98	87	behind	they.
39	99	88	the	they.
39	100	89	Danish	they.
39	101	90	restaurant	they.
39	102	91	Noma,	they.
39	103	91	Noma,	they.
39	104	91	Noma,	they.
39	105	92	which	they.
39	106	93	brought	they.
39	107	94	extremely	they.
39	108	95	popular	they.
39	109	96	insect	they.
39	110	97	dishes	they.
39	111	98	to	they.
39	112	99	Claridge's	they.
39	113	99	Claridge's	they.
39	114	99	Claridge's	they.
39	115	100	hotel	they.
39	116	101	in	they.
39	117	102	London	they.
39	118	103	in	they.
39	119	104	2012.	they.
39	120	104	2012.	they.
39	121	105	In	NA
39	122	106	March,	NA
39	123	106	March,	NA
39	124	107	a	NA
39	125	108	BBC	NA
39	126	109	documentary	NA
39	127	110	will	NA
39	128	111	show	NA
39	129	112	a	NA
39	130	113	food	NA
39	131	114	writer	NA
39	132	115	eating	NA
39	133	116	deep-fried	NA
39	134	116	deep-fried	NA
39	135	116	deep-fried	NA
39	136	117	locusts	NA
39	137	117	locusts	NA
39	138	117	locusts	NA
39	139	118	and	NA
39	140	119	barbecued	NA
39	141	119	barbecued	NA
39	142	119	barbecued	NA
39	143	120	spiders.	NA
39	144	120	spiders.	NA
39	145	121	But,	NA
39	146	121	But,	NA
39	147	122	behind	NA
39	148	123	all	NA
39	149	124	the	NA
39	150	125	jokes	NA
39	151	126	there	NA
39	152	127	is	NA
39	153	128	a	NA
39	154	129	very	NA
39	155	130	serious	NA
39	156	131	message.	NA
39	157	131	message.	NA
39	158	132	Many	NA
39	159	133	experts	NA
39	160	134	believe	NA
39	161	135	that	NA
39	162	136	if	it,
39	163	137	humans	it,
39	164	138	eat	it,
39	165	139	insects,	it,
39	166	139	insects,	it,
39	167	140	it	NA
39	168	141	will	NA
39	169	142	be	NA
39	170	143	very	NA
39	171	144	good	NA
39	172	145	for	NA
39	173	146	the	NA
39	174	147	environment.	NA
39	175	147	environment.	NA
39	176	148	The	It
39	177	149	UN's	It
39	178	149	UN's	It
39	179	150	Food	It
39	180	151	and	It
39	181	152	Agriculture	It
39	182	153	Organization	It
39	183	154	(FAO)	(it)
39	184	154	(FAO)	(it)
39	185	154	(FAO)	(it)
39	186	154	(FAO)	(it)
39	187	155	gives	NA
39	188	156	money	NA
39	189	157	to	NA
39	190	158	projects	NA
39	191	159	that	NA
39	192	160	show	NA
39	193	161	people	they
39	194	162	they	they
39	195	163	can	NA
39	196	164	eat	NA
39	197	165	and	NA
39	198	166	farm	NA
39	199	167	insects	them
39	200	168	in	NA
39	201	169	south-east	it
39	202	169	south-east	it
39	203	169	south-east	it
39	204	170	Asia	it
39	205	171	and	NA
39	206	172	Africa.	NA
39	207	172	Africa.	NA
39	208	173	In	NA
39	209	174	these	it
39	210	175	places	it
39	211	176	about	they
39	212	177	two	they
39	213	178	billion	they
39	214	179	people	they
39	215	180	already	NA
39	216	181	eat	NA
39	217	182	insects	NA
39	218	183	and	NA
39	219	184	larvae	NA
39	220	185	as	NA
39	221	186	a	NA
39	222	187	normal	NA
39	223	188	part	NA
39	224	189	of	NA
39	225	190	their	NA
39	226	191	diet.	NA
39	227	191	diet.	NA
39	228	192	In	NA
39	229	193	2012,	it,
39	230	193	2012,	it,
39	231	194	the	it
39	232	195	FAO	it
39	233	195	FAO	it
39	234	196	published	NA
39	235	197	a	NA
39	236	198	list	NA
39	237	199	of	NA
39	238	200	1,909	NA
39	239	200	1,909	NA
39	240	200	1,909	NA
39	241	201	edible	NA
39	242	202	species	NA
39	243	203	of	NA
39	244	204	insect	NA
39	245	205	and	NA
39	246	206	plans	NA
39	247	207	a	NA
39	248	208	major	NA
39	249	209	international	NA
39	250	210	conference	NA
39	251	211	on	NA
39	252	212	“this	NA
39	253	212	“this	NA
39	254	212	“this	NA
39	255	213	valuable	NA
39	256	214	food	NA
39	257	215	source”	NA
39	258	215	source”	NA
39	259	215	source”	NA
39	260	216	in	NA
39	261	217	2013.	it.
39	262	217	2013.	it.
39	263	218	In	NA
39	264	219	the	NA
39	265	220	next	NA
39	266	221	30	NA
39	267	222	years,	NA
39	268	222	years,	NA
39	269	223	the	it.
39	270	224	planet's	it.
39	271	224	planet's	it.
39	272	225	human	it.
39	273	226	population	it.
39	274	227	will	it.
39	275	228	increase	it.
39	276	229	to	it.
39	277	230	nine	it.
39	278	231	billion.	it.
39	279	231	billion.	it.
39	280	232	Already	NA
39	281	233	one	NA
39	282	234	billion	NA
39	283	235	people	NA
39	284	236	do	NA
39	285	237	not	NA
39	286	238	get	NA
39	287	239	enough	NA
39	288	240	food.	NA
39	289	240	food.	NA
39	290	241	The	It
39	291	242	increase	It
39	292	243	will	NA
39	293	244	put	NA
39	294	245	more	NA
39	295	246	pressure	NA
39	296	247	on	NA
39	297	248	agricultural	NA
39	298	249	land,	NA
39	299	249	land,	NA
39	300	250	water,	NA
39	301	250	water,	NA
39	302	251	forests,	NA
39	303	251	forests,	NA
39	304	252	fisheries	NA
39	305	253	and	NA
39	306	254	resources,	NA
39	307	254	resources,	NA
39	308	255	and	NA
39	309	256	also	NA
39	310	257	food	NA
39	311	258	and	NA
39	312	259	energy	NA
39	313	260	supplies.	NA
39	314	260	supplies.	NA
39	315	261	The	NA
39	316	262	cost	NA
39	317	263	of	NA
39	318	264	meat	it
39	319	265	is	NA
39	320	266	increasing	NA
39	321	267	–	NA
39	322	268	it	NA
39	323	269	costs	NA
39	324	270	more	NA
39	325	271	money	NA
39	326	272	now,	NA
39	327	272	now,	NA
39	328	273	but	NA
39	329	274	also	NA
39	330	275	people	they
39	331	276	have	NA
39	332	277	to	NA
39	333	278	destroy	NA
39	334	279	a	NA
39	335	280	lot	NA
39	336	281	of	NA
39	337	282	rainforest	NA
39	338	282	rainforest	NA
39	339	283	to	NA
39	340	284	make	NA
39	341	285	fields	NA
39	342	286	or	NA
39	343	287	to	NA
39	344	288	grow	NA
39	345	289	food	NA
39	346	290	for	NA
39	347	291	cows.	them.
39	348	291	cows.	them.
39	349	292	Cows	They
39	350	292	Cows	They
39	351	293	also	NA
39	352	294	make	NA
39	353	295	methane.	it.
39	354	295	methane.	it.
39	355	296	The	NA
39	356	297	farming	NA
39	357	298	of	NA
39	358	299	cows,	it,
39	359	299	cows,	it,
39	360	300	pigs	NA
39	361	301	and	NA
39	362	302	sheep	NA
39	363	303	makes	NA
39	364	304	very	NA
39	365	305	large	NA
39	366	306	amounts	NA
39	367	307	of	NA
39	368	308	greenhouse	NA
39	369	309	gases	NA
39	370	310	–	NA
39	371	311	35%	NA
39	372	311	35%	NA
39	373	312	of	NA
39	374	313	the	its,
39	375	314	planet's	its,
39	376	314	planet's	its,
39	377	315	methane,	its,
39	378	315	methane,	its,
39	379	316	65%	NA
39	380	316	65%	NA
39	381	317	of	NA
39	382	318	its	NA
39	383	319	nitrous	NA
39	384	319	nitrous	NA
39	385	320	oxide	NA
39	386	321	and	NA
39	387	322	9%	NA
39	388	322	9%	NA
39	389	323	of	NA
39	390	324	the	NA
39	391	325	carbon	NA
39	392	326	dioxide.	NA
39	393	326	dioxide.	NA
39	394	327	Edible	They
39	395	327	Edible	They
39	396	328	insects	They
39	397	329	make	NA
39	398	330	few	NA
39	399	331	gases,	NA
39	400	331	gases,	NA
39	401	332	contain	NA
39	402	333	high-quality	NA
39	403	333	high-quality	NA
39	404	333	high-quality	NA
39	405	334	protein,	NA
39	406	334	protein,	NA
39	407	335	vitamins	NA
39	408	336	and	NA
39	409	337	amino	NA
39	410	338	acids,	NA
39	411	338	acids,	NA
39	412	339	and	NA
39	413	340	are	NA
39	414	341	good	NA
39	415	342	at	NA
39	416	343	converting	NA
39	417	344	food	NA
39	418	345	-	NA
39	419	346	they	NA
39	420	347	only	NA
39	421	348	need	NA
39	422	349	a	NA
39	423	350	quarter	NA
39	424	351	of	NA
39	425	352	the	NA
39	426	353	food	NA
39	427	354	that	NA
39	428	355	sheep	NA
39	429	356	need	NA
39	430	357	to	NA
39	431	358	make	NA
39	432	359	the	NA
39	433	360	same	NA
39	434	361	amount	NA
39	435	362	of	NA
39	436	363	protein.	NA
39	437	363	protein.	NA
39	438	364	You	NA
39	439	365	can	NA
39	440	366	grow	NA
39	441	367	them	NA
39	442	368	on	NA
39	443	369	organic	NA
39	444	370	waste.	NA
39	445	370	waste.	NA
39	446	371	China	NA
39	447	372	is	NA
39	448	373	already	NA
39	449	374	building	NA
39	450	375	huge	NA
39	451	376	maggot	NA
39	452	376	maggot	NA
39	453	377	farms.	NA
39	454	377	farms.	NA
39	455	378	Zimbabwe	NA
39	456	379	is	NA
39	457	380	growing	NA
39	458	381	caterpillars	them
39	459	381	caterpillars	them
39	460	381	caterpillars	them
39	461	382	and	NA
39	462	383	Laos	NA
39	463	384	is	NA
39	464	385	developing	NA
39	465	386	an	NA
39	466	387	insect-harvesting	NA
39	467	387	insect-harvesting	NA
39	468	387	insect-harvesting	NA
39	469	387	insect-harvesting	NA
39	470	387	insect-harvesting	NA
39	471	388	project.	NA
39	472	388	project.	NA
39	473	389	One	NA
39	474	390	study	NA
39	475	391	says	NA
39	476	392	that	NA
39	477	393	eating	NA
39	478	394	crickets	them
39	479	394	crickets	them
39	480	395	and	NA
39	481	396	locusts,	NA
39	482	396	locusts,	NA
39	483	396	locusts,	NA
39	484	396	locusts,	NA
39	485	397	and	NA
39	486	398	not	NA
39	487	399	eating	NA
39	488	400	pork	NA
39	489	401	and	NA
39	490	402	beef,	NA
39	491	402	beef,	NA
39	492	403	could	NA
39	493	404	help	NA
39	494	405	to	NA
39	495	406	reduce	NA
39	496	407	greenhouse	NA
39	497	408	gas	NA
39	498	409	emissions	NA
39	499	410	by	NA
39	500	411	up	NA
39	501	412	to	NA
39	502	413	95%.	NA
39	503	413	95%.	NA
40	0	0	The	It
40	1	1	Moroccan	It
40	2	2	city	It
40	3	3	of	It
40	4	4	Ouarzazate	It
40	5	4	Ouarzazate	It
40	6	4	Ouarzazate	It
40	7	4	Ouarzazate	It
40	8	4	Ouarzazate	It
40	9	5	is	NA
40	10	6	used	NA
40	11	7	to	NA
40	12	8	big	NA
40	13	9	productions.	NA
40	14	9	productions.	NA
40	15	10	It	NA
40	16	11	is	NA
40	17	12	on	NA
40	18	13	the	NA
40	19	14	edge	NA
40	20	15	of	NA
40	21	16	the	it
40	22	17	Sahara	it
40	23	18	Desert	it
40	24	19	and	NA
40	25	20	at	NA
40	26	21	the	NA
40	27	22	center	NA
40	28	23	of	NA
40	29	24	Morocco's	its
40	30	24	Morocco's	its
40	31	25	“Ouallywood”	NA
40	32	25	“Ouallywood”	NA
40	33	25	“Ouallywood”	NA
40	34	25	“Ouallywood”	NA
40	35	25	“Ouallywood”	NA
40	36	25	“Ouallywood”	NA
40	37	25	“Ouallywood”	NA
40	38	26	film	NA
40	39	27	industry.	NA
40	40	27	industry.	NA
40	41	28	Now,	NA
40	42	28	Now,	NA
40	43	29	the	it
40	44	30	trading	it
40	45	31	city	it
40	46	32	is	NA
40	47	33	the	it.
40	48	34	location	it.
40	49	35	for	it.
40	50	36	a	it.
40	51	37	complex	it.
40	52	38	of	it.
40	53	39	four	it.
40	54	40	linked	it.
40	55	41	solar	it.
40	56	42	mega-plants,	it.
40	57	42	mega-plants,	it.
40	58	42	mega-plants,	it.
40	59	42	mega-plants,	it.
40	60	42	mega-plants,	it.
40	61	43	which,	it.
40	62	43	which,	it.
40	63	44	alongside	it.
40	64	45	hydro	it.
40	65	46	and	it.
40	66	47	wind,	it.
40	67	47	wind,	it.
40	68	48	will	it.
40	69	49	help	it.
40	70	50	provide	it.
40	71	51	nearly	it.
40	72	52	half	it.
40	73	53	of	it.
40	74	54	Morocco's	it.
40	75	54	Morocco's	it.
40	76	55	electricity	it.
40	77	56	from	it.
40	78	57	renewables	it.
40	79	58	by	it.
40	80	59	2020	it.
40	81	60	with,	it.
40	82	60	with,	it.
40	83	61	it	it.
40	84	62	is	it.
40	85	63	hoped,	it.
40	86	63	hoped,	it.
40	87	64	some	it.
40	88	65	spare	it.
40	89	66	to	it.
40	90	67	export	it.
40	91	68	to	it.
40	92	69	Europe.	it.
40	93	69	Europe.	it.
40	94	70	The	It
40	95	71	project	It
40	96	72	is	NA
40	97	73	a	it.
40	98	74	key	it.
40	99	75	plank	it.
40	100	76	in	it.
40	101	77	Morocco's	it.
40	102	77	Morocco's	it.
40	103	78	ambitions	it.
40	104	79	to	it.
40	105	80	use	it.
40	106	81	its	it.
40	107	82	deserts	it.
40	108	83	to	it.
40	109	84	become	it.
40	110	85	a	it.
40	111	86	global	it.
40	112	87	solar	it.
40	113	88	superpower.	it.
40	114	88	superpower.	it.
40	115	89	When	NA
40	116	90	the	it
40	117	91	full	it
40	118	92	complex	it
40	119	93	is	NA
40	120	94	complete,	NA
40	121	94	complete,	NA
40	122	95	it	NA
40	123	96	will	NA
40	124	97	be	NA
40	125	98	the	it
40	126	99	largest	it
40	127	100	concentrated	it
40	128	101	solar	it
40	129	102	power	it
40	130	103	plant	it
40	131	104	in	it
40	132	105	the	it
40	133	106	world	it
40	134	107	and	NA
40	135	108	the	it,
40	136	109	first	it,
40	137	110	phase,	it,
40	138	110	phase,	it,
40	139	111	called	it,
40	140	112	Noor	it,
40	141	112	Noor	it,
40	142	113	1,	it,
40	143	113	1,	it,
40	144	114	will	NA
40	145	115	go	NA
40	146	116	live	NA
40	147	117	in	NA
40	148	118	November	NA
40	149	119	2015.	NA
40	150	119	2015.	NA
40	151	120	The	It
40	152	121	mirror	It
40	153	122	technology	It
40	154	123	it	It
40	155	124	uses	It
40	156	125	is	NA
40	157	126	less	NA
40	158	127	widespread	NA
40	159	128	and	NA
40	160	129	more	NA
40	161	130	expensive	NA
40	162	131	than	NA
40	163	132	the	NA
40	164	133	photovoltaic	NA
40	165	133	photovoltaic	NA
40	166	133	photovoltaic	NA
40	167	133	photovoltaic	NA
40	168	134	panels	NA
40	169	135	that	NA
40	170	136	are	NA
40	171	137	now	NA
40	172	138	familiar	NA
40	173	139	on	NA
40	174	140	roofs	NA
40	175	141	the	it
40	176	142	world	it
40	177	143	over	NA
40	178	144	but	NA
40	179	145	it	NA
40	180	146	will	NA
40	181	147	have	NA
40	182	148	the	NA
40	183	149	advantage	NA
40	184	150	of	NA
40	185	151	being	NA
40	186	152	able	NA
40	187	153	to	NA
40	188	154	continue	NA
40	189	155	producing	NA
40	190	156	power	NA
40	191	157	even	NA
40	192	158	after	NA
40	193	159	the	it
40	194	160	sun	it
40	195	161	goes	NA
40	196	162	down.	NA
40	197	162	down.	NA
40	198	163	As	NA
40	199	164	engineers	NA
40	200	165	put	NA
40	201	166	the	NA
40	202	167	finishing	NA
40	203	168	touches	NA
40	204	169	to	NA
40	205	170	Noor	it,
40	206	170	Noor	it,
40	207	171	1,	it,
40	208	171	1,	it,
40	209	172	its	NA
40	210	173	500,000	NA
40	211	173	500,000	NA
40	212	173	500,000	NA
40	213	174	crescent-shaped	NA
40	214	174	crescent-shaped	NA
40	215	174	crescent-shaped	NA
40	216	174	crescent-shaped	NA
40	217	175	solar	NA
40	218	176	mirrors	NA
40	219	177	glitter	NA
40	220	178	across	NA
40	221	179	the	NA
40	222	180	desert	it
40	223	181	skyline.	NA
40	224	181	skyline.	NA
40	225	182	The	They
40	226	183	800	They
40	227	184	rows	They
40	228	185	follow	NA
40	229	186	the	it
40	230	187	sun	it
40	231	188	as	NA
40	232	189	it	NA
40	233	190	tracks	NA
40	234	191	across	NA
40	235	192	the	NA
40	236	193	heavens,	NA
40	237	193	heavens,	NA
40	238	194	whirring	NA
40	239	194	whirring	NA
40	240	194	whirring	NA
40	241	195	quietly	NA
40	242	196	every	NA
40	243	197	few	NA
40	244	198	minutes	NA
40	245	199	as	NA
40	246	200	their	NA
40	247	201	shadows	NA
40	248	202	slip	NA
40	249	203	further	NA
40	250	204	east.	NA
40	251	204	east.	NA
40	252	205	When	NA
40	253	206	they	NA
40	254	207	are	NA
40	255	208	finished,	NA
40	256	208	finished,	NA
40	257	209	the	they
40	258	210	four	they
40	259	211	plants	they
40	260	212	at	they
40	261	213	Ouarzazate	they
40	262	213	Ouarzazate	they
40	263	213	Ouarzazate	they
40	264	213	Ouarzazate	they
40	265	213	Ouarzazate	they
40	266	214	will	NA
40	267	215	occupy	NA
40	268	216	a	NA
40	269	217	space	NA
40	270	218	as	NA
40	271	219	big	NA
40	272	220	as	NA
40	273	221	Morocco's	it,
40	274	221	Morocco's	it,
40	275	222	capital	it,
40	276	223	city,	it,
40	277	223	city,	it,
40	278	224	Rabat,	it,
40	279	224	Rabat,	it,
40	280	224	Rabat,	it,
40	281	225	and	NA
40	282	226	generate	NA
40	283	227	580	NA
40	284	228	mega-watts	NA
40	285	228	mega-watts	NA
40	286	228	mega-watts	NA
40	287	228	mega-watts	NA
40	288	229	(MW)	NA
40	289	229	(MW)	NA
40	290	229	(MW)	NA
40	291	230	of	NA
40	292	231	electricity,	NA
40	293	231	electricity,	NA
40	294	232	enough	NA
40	295	233	to	NA
40	296	234	power	NA
40	297	235	a	NA
40	298	236	million	NA
40	299	237	homes.	NA
40	300	237	homes.	NA
40	301	238	The	NA
40	302	239	potential	NA
40	303	240	for	NA
40	304	241	solar	NA
40	305	242	power	NA
40	306	243	from	NA
40	307	244	the	it
40	308	245	desert	it
40	309	246	has	NA
40	310	247	been	NA
40	311	248	known	NA
40	312	249	for	NA
40	313	250	decades.	NA
40	314	250	decades.	NA
40	315	251	In	NA
40	316	252	the	NA
40	317	253	days	NA
40	318	254	after	NA
40	319	255	the	NA
40	320	256	Chernobyl	NA
40	321	256	Chernobyl	NA
40	322	257	nuclear	NA
40	323	258	accident	NA
40	324	259	in	NA
40	325	260	1986,	NA
40	326	260	1986,	NA
40	327	261	the	NA
40	328	262	German	NA
40	329	263	particle	NA
40	330	264	physicist	NA
40	331	265	Gerhard	NA
40	332	265	Gerhard	NA
40	333	266	Knies	NA
40	334	266	Knies	NA
40	335	267	calculated	NA
40	336	268	that	NA
40	337	269	the	they
40	338	270	world's	they
40	339	270	world's	they
40	340	271	deserts	they
40	341	272	receive	NA
40	342	273	enough	it
40	343	274	energy	it
40	344	275	in	NA
40	345	276	a	NA
40	346	277	few	NA
40	347	278	hours	NA
40	348	279	to	NA
40	349	280	provide	NA
40	350	281	for	NA
40	351	282	humanity's	NA
40	352	282	humanity's	NA
40	353	283	power	NA
40	354	284	needs	NA
40	355	285	for	NA
40	356	286	a	NA
40	357	287	whole	NA
40	358	288	year.	NA
40	359	288	year.	NA
40	360	289	The	NA
40	361	290	challenge,	NA
40	362	290	challenge,	NA
40	363	291	though,	NA
40	364	291	though,	NA
40	365	292	has	NA
40	366	293	been	NA
40	367	294	capturing	NA
40	368	295	that	it
40	369	296	energy	it
40	370	297	and	NA
40	371	298	transporting	NA
40	372	299	it	NA
40	373	300	to	NA
40	374	301	the	NA
40	375	302	population	NA
40	376	303	centers	NA
40	377	304	where	NA
40	378	305	it	NA
40	379	306	is	NA
40	380	307	required.	NA
40	381	307	required.	NA
40	382	308	Experts	NA
40	383	309	expect	NA
40	384	310	that	NA
40	385	311	solar	NA
40	386	312	energy	NA
40	387	313	will	NA
40	388	314	make	NA
40	389	315	up	NA
40	390	316	a	NA
40	391	317	third	NA
40	392	318	of	NA
40	393	319	Morocco's	its
40	394	319	Morocco's	its
40	395	320	renewable	NA
40	396	321	energy	NA
40	397	322	supply	NA
40	398	323	by	NA
40	399	324	2020,	it,
40	400	324	2020,	it,
40	401	325	with	NA
40	402	326	wind	it
40	403	327	and	NA
40	404	328	hydro	it
40	405	329	taking	NA
40	406	330	the	NA
40	407	331	same	NA
40	408	332	share	NA
40	409	333	each.	NA
40	410	333	each.	NA
40	411	334	“We	NA
40	412	334	“We	NA
40	413	334	“We	NA
40	414	335	are	NA
40	415	336	very	NA
40	416	337	proud	NA
40	417	338	of	NA
40	418	339	this	it,”
40	419	340	project,”	it,”
40	420	340	project,”	it,”
40	421	340	project,”	it,”
40	422	340	project,”	it,”
40	423	341	Morocco's	she,
40	424	341	Morocco's	she,
40	425	342	environment	she,
40	426	343	minister,	she,
40	427	343	minister,	she,
40	428	344	Hakima	she
40	429	344	Hakima	she
40	430	345	el-Haite	she
40	431	345	el-Haite	she
40	432	345	el-Haite	she
40	433	345	el-Haite	she
40	434	346	said.	NA
40	435	346	said.	NA
40	436	347	“I	NA
40	437	347	“I	NA
40	438	347	“I	NA
40	439	348	think	NA
40	440	349	it	NA
40	441	350	is	NA
40	442	351	the	it.”
40	443	352	most	it.”
40	444	353	important	it.”
40	445	354	solar	it.”
40	446	355	plant	it.”
40	447	356	in	it.”
40	448	357	the	it.”
40	449	358	world.”	it.”
40	450	358	world.”	it.”
40	451	358	world.”	it.”
40	452	358	world.”	it.”
40	453	359	Technicians	NA
40	454	359	Technicians	NA
40	455	360	say	NA
40	456	361	that	NA
40	457	362	the	NA
40	458	363	Noor	NA
40	459	363	Noor	NA
40	460	364	2	NA
40	461	365	and	NA
40	462	366	3	NA
40	463	367	plants,	NA
40	464	367	plants,	NA
40	465	368	due	NA
40	466	369	to	NA
40	467	370	open	NA
40	468	371	in	NA
40	469	372	2017,	NA
40	470	372	2017,	NA
40	471	373	will	NA
40	472	374	store	NA
40	473	375	energy	NA
40	474	376	for	NA
40	475	377	up	NA
40	476	378	to	NA
40	477	379	eight	NA
40	478	380	hours	NA
40	479	381	–	NA
40	480	382	opening	NA
40	481	383	the	NA
40	482	384	prospect	NA
40	483	385	of	NA
40	484	386	24/7	NA
40	485	386	24/7	NA
40	486	386	24/7	NA
40	487	387	solar	NA
40	488	388	energy	it
40	489	389	in	NA
40	490	390	the	it
40	491	391	Sahara	it
40	492	392	and	NA
40	493	393	the	NA
40	494	394	surrounding	NA
40	495	395	region.	NA
40	496	395	region.	NA
40	497	396	But,	NA
40	498	396	But,	NA
40	499	397	even	NA
40	500	398	as	NA
40	501	399	the	NA
40	502	400	first	NA
40	503	401	phase	NA
40	504	402	of	NA
40	505	403	the	it
40	506	404	project	it
40	507	405	nears	NA
40	508	405	nears	NA
40	509	406	completion,	NA
40	510	406	completion,	NA
40	511	407	Morocco	it
40	512	408	is	NA
40	513	409	eyeing	NA
40	514	410	grander	NA
40	515	410	grander	NA
40	516	411	international	NA
40	517	412	ambitions.	NA
40	518	412	ambitions.	NA
40	519	413	“We	NA
40	520	413	“We	NA
40	521	413	“We	NA
40	522	414	are	NA
40	523	415	already	NA
40	524	416	involved	NA
40	525	417	in	NA
40	526	418	high	NA
40	527	419	tension	NA
40	528	420	transportation	NA
40	529	421	lines	NA
40	530	422	to	NA
40	531	423	cover	NA
40	532	424	the	NA
40	533	425	full	NA
40	534	426	south	NA
40	535	427	of	NA
40	536	428	Morocco	it
40	537	429	and	NA
40	538	430	Mauritania	NA
40	539	430	Mauritania	NA
40	540	431	as	NA
40	541	432	a	NA
40	542	433	first	NA
40	543	434	step,”	NA
40	544	434	step,”	NA
40	545	434	step,”	NA
40	546	434	step,”	NA
40	547	435	says	NA
40	548	436	Ahmed	he,
40	549	437	Baroudi,	he,
40	550	437	Baroudi,	he,
40	551	437	Baroudi,	he,
40	552	437	Baroudi,	he,
40	553	438	manager	he.
40	554	439	of	he.
40	555	440	the	he.
40	556	441	national	he.
40	557	442	renewable	he.
40	558	443	energy	he.
40	559	444	investment	he.
40	560	445	company.	he.
40	561	445	company.	he.
40	562	446	But	NA
40	563	447	he	NA
40	564	448	says	NA
40	565	449	the	it
40	566	450	project's	it
40	567	450	project's	it
40	568	451	ultimate	it
40	569	452	impact	it
40	570	453	will	NA
40	571	454	go	NA
40	572	455	far	NA
40	573	456	wider	NA
40	574	457	–	NA
40	575	458	even	NA
40	576	459	as	NA
40	577	460	far	NA
40	578	461	as	NA
40	579	462	the	it.
40	580	463	Middle	it.
40	581	464	East.	it.
40	582	464	East.	it.
40	583	465	Whether	NA
40	584	466	that	it
40	585	467	ambition	it
40	586	468	is	NA
40	587	469	achieved	NA
40	588	470	remains	NA
40	589	471	to	NA
40	590	472	be	NA
40	591	473	seen	NA
40	592	474	but	NA
40	593	475	exporting	NA
40	594	476	solar	it
40	595	477	energy	it
40	596	478	could	NA
40	597	479	have	NA
40	598	480	stabilizing	NA
40	599	480	stabilizing	NA
40	600	481	effects	NA
40	601	482	within	NA
40	602	483	and	NA
40	603	484	between	NA
40	604	485	countries,	NA
40	605	485	countries,	NA
40	606	486	according	NA
40	607	487	to	NA
40	608	488	the	it
40	609	489	Moroccan	it
40	610	490	solar	it
40	611	491	energy	it
40	612	492	agency	it
40	613	493	(Masen).	(it).
40	614	493	(Masen).	(it).
40	615	493	(Masen).	(it).
40	616	493	(Masen).	(it).
40	617	494	Talks	NA
40	618	495	are	NA
40	619	496	ongoing	NA
40	620	497	with	NA
40	621	498	Tunisia	NA
40	622	499	and	NA
40	623	500	energy	NA
40	624	501	exports	NA
40	625	502	northwards	NA
40	626	502	northwards	NA
40	627	503	across	NA
40	628	504	the	NA
40	629	505	Mediterranean	NA
40	630	506	remain	NA
40	631	507	a	NA
40	632	508	key	NA
40	633	509	goal.	NA
40	634	509	goal.	NA
40	635	510	“We	NA
40	636	510	“We	NA
40	637	510	“We	NA
40	638	511	believe	NA
40	639	512	that	NA
40	640	513	it's	NA
40	641	513	it's	NA
40	642	514	possible	NA
40	643	515	to	it
40	644	516	export	it
40	645	517	energy	it
40	646	518	to	it
40	647	519	Europe	it
40	648	520	but,	NA
40	649	520	but,	NA
40	650	521	first,	NA
40	651	521	first,	NA
40	652	522	we	NA
40	653	523	would	NA
40	654	524	have	NA
40	655	525	to	NA
40	656	526	build	NA
40	657	527	the	them,”
40	658	528	interconnectors	them,”
40	659	528	interconnectors	them,”
40	660	528	interconnectors	them,”
40	661	529	which	them,”
40	662	530	don't	them,”
40	663	530	don't	them,”
40	664	531	yet	them,”
40	665	532	exist,”	them,”
40	666	532	exist,”	them,”
40	667	532	exist,”	them,”
40	668	532	exist,”	them,”
40	669	533	said	NA
40	670	534	Maha	she,
40	671	534	Maha	she,
40	672	535	el-Kadiri,	she,
40	673	535	el-Kadiri,	she,
40	674	535	el-Kadiri,	she,
40	675	535	el-Kadiri,	she,
40	676	535	el-Kadiri,	she,
40	677	535	el-Kadiri,	she,
40	678	536	a	she.
40	679	537	Masen	she.
40	680	537	Masen	she.
40	681	538	spokeswoman.	she.
40	682	538	spokeswoman.	she.
40	683	539	“Specifically,	NA
40	684	539	“Specifically,	NA
40	685	539	“Specifically,	NA
40	686	539	“Specifically,	NA
40	687	540	we	NA
40	688	541	would	NA
40	689	542	have	NA
40	690	543	to	NA
40	691	544	build	NA
40	692	545	interconnections,	them,
40	693	545	interconnections,	them,
40	694	545	interconnections,	them,
40	695	545	interconnections,	them,
40	696	546	which	them,
40	697	547	would	them,
40	698	548	not	them,
40	699	549	go	them,
40	700	550	through	them,
40	701	551	the	them,
40	702	552	existing	them,
40	703	553	one	them,
40	704	554	in	them,
40	705	555	Spain,	them,
40	706	555	Spain,	them,
40	707	556	and,	NA
40	708	556	and,	NA
40	709	557	then,	NA
40	710	557	then,	NA
40	711	558	start	NA
40	712	559	exporting.”	NA
40	713	559	exporting.”	NA
40	714	559	exporting.”	NA
40	715	559	exporting.”	NA
40	716	560	Spain	it
40	717	561	has	NA
40	718	562	itself	NA
40	719	563	prohibited	NA
40	720	564	new	NA
40	721	565	solar	NA
40	722	566	projects	NA
40	723	567	because	NA
40	724	568	of	NA
40	725	569	a	NA
40	726	570	lack	NA
40	727	571	of	NA
40	728	572	interconnectors	NA
40	729	572	interconnectors	NA
40	730	572	interconnectors	NA
40	731	573	to	NA
40	732	574	transmit	NA
40	733	575	the	it
40	734	576	energy	it
40	735	577	to	NA
40	736	578	France.	NA
40	737	578	France.	NA
40	738	579	In	NA
40	739	580	the	NA
40	740	581	meantime,	NA
40	741	581	meantime,	NA
40	742	582	Morocco	it
40	743	583	is	NA
40	744	584	focused	NA
40	745	585	on	NA
40	746	586	using	it.
40	747	587	solar	it.
40	748	588	to	it.
40	749	589	meet	it.
40	750	590	its	it.
40	751	591	own	it.
40	752	592	needs	it.
40	753	593	for	it.
40	754	594	resource	it.
40	755	595	independence.	it.
40	756	595	independence.	it.
40	757	596	This	NA
40	758	597	could,	NA
40	759	597	could,	NA
40	760	598	one	NA
40	761	599	day,	NA
40	762	599	day,	NA
40	763	600	include	NA
40	764	601	the	NA
40	765	602	removal	NA
40	766	603	of	NA
40	767	604	salt	NA
40	768	605	from	NA
40	769	606	sea	NA
40	770	607	water,	NA
40	771	607	water,	NA
40	772	608	in	NA
40	773	609	a	it.
40	774	610	country	it.
40	775	611	that	it.
40	776	612	is	it.
40	777	613	increasingly	it.
40	778	614	being	it.
40	779	615	hit	it.
40	780	616	by	it.
40	781	617	drought	it.
40	782	618	as	it.
40	783	619	the	it.
40	784	620	climate	it.
40	785	621	warms.	it.
40	786	621	warms.	it.
40	787	621	warms.	it.
40	788	622	Officials	They
40	789	623	are	NA
40	790	624	keenly	NA
40	791	624	keenly	NA
40	792	625	aware	NA
40	793	626	of	NA
40	794	627	the	NA
40	795	628	running	NA
40	796	629	they	NA
40	797	630	are	NA
40	798	631	making	NA
40	799	632	in	NA
40	800	633	what	NA
40	801	634	is	NA
40	802	635	the	NA
40	803	636	most	NA
40	804	637	advanced	NA
40	805	638	renewable	NA
40	806	639	energy	NA
40	807	640	program	NA
40	808	641	in	NA
40	809	642	the	it
40	810	643	Middle	it
40	811	644	East	it
40	812	645	and	NA
40	813	646	North	NA
40	814	647	African	NA
40	815	648	region.	NA
40	816	648	region.	NA
40	817	649	“We	NA
40	818	649	“We	NA
40	819	649	“We	NA
40	820	650	are	NA
40	821	651	at	NA
40	822	652	the	NA
40	823	653	avant-garde	NA
40	824	653	avant-garde	NA
40	825	653	avant-garde	NA
40	826	653	avant-garde	NA
40	827	653	avant-garde	NA
40	828	654	of	NA
40	829	655	solar,”	it,”
40	830	655	solar,”	it,”
40	831	655	solar,”	it,”
40	832	655	solar,”	it,”
40	833	656	el-Kadiri	she
40	834	656	el-Kadiri	she
40	835	656	el-Kadiri	she
40	836	656	el-Kadiri	she
40	837	656	el-Kadiri	she
40	838	657	says.	NA
40	839	657	says.	NA
41	0	0	The	It
41	1	1	Moroccan	It
41	2	2	city	It
41	3	3	of	It
41	4	4	Ouarzazate	It
41	5	4	Ouarzazate	It
41	6	4	Ouarzazate	It
41	7	4	Ouarzazate	It
41	8	4	Ouarzazate	It
41	9	5	is	NA
41	10	6	on	NA
41	11	7	the	NA
41	12	8	edge	NA
41	13	9	of	NA
41	14	10	the	it.
41	15	11	Sahara	it.
41	16	12	Desert.	it.
41	17	12	Desert.	it.
41	18	13	It	NA
41	19	14	is	NA
41	20	15	now	NA
41	21	16	the	it.
41	22	17	center	it.
41	23	18	for	it.
41	24	19	four	it.
41	25	20	linked	it.
41	26	21	solar	it.
41	27	22	mega-plants.	it.
41	28	22	mega-plants.	it.
41	29	22	mega-plants.	it.
41	30	22	mega-plants.	it.
41	31	22	mega-plants.	it.
41	32	23	The	They,
41	33	24	plants,	They,
41	34	24	plants,	They,
41	35	25	together	NA
41	36	26	with	NA
41	37	27	hydro	it
41	38	28	and	NA
41	39	29	wind,	it,
41	40	29	wind,	it,
41	41	30	will	NA
41	42	31	give	NA
41	43	32	Morocco,	it,
41	44	32	Morocco,	it,
41	45	33	in	it,
41	46	34	North	it,
41	47	35	Africa,	it,
41	48	35	Africa,	it,
41	49	36	nearly	NA
41	50	37	half	NA
41	51	38	of	NA
41	52	39	its	NA
41	53	40	electricity	NA
41	54	41	from	NA
41	55	42	renewable	NA
41	56	43	energy	NA
41	57	44	by	NA
41	58	45	2020.	it.
41	59	45	2020.	it.
41	60	46	The	It
41	61	47	project	It
41	62	48	is	NA
41	63	49	a	it.
41	64	50	key	it.
41	65	51	part	it.
41	66	52	of	it.
41	67	53	Morocco's	it.
41	68	53	Morocco's	it.
41	69	54	plans	it.
41	70	55	to	it.
41	71	56	use	it.
41	72	57	its	it.
41	73	58	deserts	it.
41	74	59	to	it.
41	75	60	become	it.
41	76	61	a	it.
41	77	62	global	it.
41	78	63	solar	it.
41	79	64	superpower.	it.
41	80	64	superpower.	it.
41	81	65	When	NA
41	82	66	the	it
41	83	67	full	it
41	84	68	complex	it
41	85	69	is	NA
41	86	70	complete,	NA
41	87	70	complete,	NA
41	88	71	it	NA
41	89	72	will	NA
41	90	73	be	NA
41	91	74	the	it.
41	92	75	largest	it.
41	93	76	concentrated	it.
41	94	77	solar	it.
41	95	78	power	it.
41	96	79	plant	it.
41	97	80	in	it.
41	98	81	the	it.
41	99	82	world.	it.
41	100	82	world.	it.
41	101	83	The	It,
41	102	84	first	It,
41	103	85	phase,	It,
41	104	85	phase,	It,
41	105	86	called	NA
41	106	87	Noor	it,
41	107	87	Noor	it,
41	108	88	1,	it,
41	109	88	1,	it,
41	110	89	will	NA
41	111	90	be	NA
41	112	91	ready	NA
41	113	92	in	NA
41	114	93	November	NA
41	115	94	2015.	NA
41	116	94	2015.	NA
41	117	95	The	NA
41	118	96	mirror	NA
41	119	97	technology	NA
41	120	98	it	NA
41	121	99	uses	NA
41	122	100	is	NA
41	123	101	more	NA
41	124	102	expensive	NA
41	125	103	than	NA
41	126	104	the	NA
41	127	105	solar	NA
41	128	106	panels	NA
41	129	107	that	NA
41	130	108	we	NA
41	131	109	can	NA
41	132	110	see	NA
41	133	111	on	NA
41	134	112	roofs	NA
41	135	113	all	NA
41	136	114	over	NA
41	137	115	the	it
41	138	116	world	it
41	139	117	but	NA
41	140	118	it	NA
41	141	119	will	NA
41	142	120	be	NA
41	143	121	able	NA
41	144	122	to	NA
41	145	123	produce	NA
41	146	124	power	it
41	147	125	even	NA
41	148	126	after	NA
41	149	127	the	it
41	150	128	sun	it
41	151	129	goes	NA
41	152	130	down.	NA
41	153	130	down.	NA
41	154	131	At	NA
41	155	132	Noor	it,
41	156	132	Noor	it,
41	157	133	1,	it,
41	158	133	1,	it,
41	159	134	there	NA
41	160	135	are	NA
41	161	136	500,000	they.
41	162	136	500,000	they.
41	163	136	500,000	they.
41	164	137	moon-shaped	they.
41	165	137	moon-shaped	they.
41	166	137	moon-shaped	they.
41	167	138	solar	they.
41	168	139	mirrors.	they.
41	169	139	mirrors.	they.
41	170	140	The	They
41	171	141	800	They
41	172	142	rows	They
41	173	143	of	They
41	174	144	mirrors	They
41	175	145	follow	NA
41	176	146	the	it
41	177	147	sun	it
41	178	148	across	NA
41	179	149	the	NA
41	180	150	sky.	NA
41	181	150	sky.	NA
41	182	151	They	NA
41	183	152	whir	NA
41	184	152	whir	NA
41	185	153	quietly	NA
41	186	154	every	NA
41	187	155	few	NA
41	188	156	minutes.	NA
41	189	156	minutes.	NA
41	190	157	When	NA
41	191	158	they	NA
41	192	159	are	NA
41	193	160	finished,	NA
41	194	160	finished,	NA
41	195	161	the	they
41	196	162	four	they
41	197	163	plants	they
41	198	164	at	they
41	199	165	Ouarzazate	they
41	200	165	Ouarzazate	they
41	201	165	Ouarzazate	they
41	202	165	Ouarzazate	they
41	203	165	Ouarzazate	they
41	204	166	will	NA
41	205	167	be	NA
41	206	168	as	NA
41	207	169	big	NA
41	208	170	as	NA
41	209	171	Morocco's	it,
41	210	171	Morocco's	it,
41	211	172	capital	it,
41	212	173	city,	it,
41	213	173	city,	it,
41	214	174	Rabat,	it,
41	215	174	Rabat,	it,
41	216	174	Rabat,	it,
41	217	175	and	NA
41	218	176	make	NA
41	219	177	580	NA
41	220	178	mega-watts	NA
41	221	178	mega-watts	NA
41	222	178	mega-watts	NA
41	223	178	mega-watts	NA
41	224	179	of	NA
41	225	180	electricity,	NA
41	226	180	electricity,	NA
41	227	181	enough	NA
41	228	182	for	NA
41	229	183	a	NA
41	230	184	million	NA
41	231	185	homes.	NA
41	232	185	homes.	NA
41	233	186	People	NA
41	234	187	have	NA
41	235	188	known	NA
41	236	189	for	NA
41	237	190	many	NA
41	238	191	years	NA
41	239	192	that	NA
41	240	193	the	it
41	241	194	desert	it
41	242	195	is	NA
41	243	196	a	it.
41	244	197	useful	it.
41	245	198	place	it.
41	246	199	to	it.
41	247	200	produce	it.
41	248	201	solar	it.
41	249	202	energy.	it.
41	250	202	energy.	it.
41	251	203	In	NA
41	252	204	1986,	NA
41	253	204	1986,	NA
41	254	205	the	NA
41	255	206	German	NA
41	256	207	scientist	NA
41	257	208	Gerhard	NA
41	258	208	Gerhard	NA
41	259	209	Knies	NA
41	260	209	Knies	NA
41	261	210	said	NA
41	262	211	that	NA
41	263	212	the	they
41	264	213	world's	they
41	265	213	world's	they
41	266	214	deserts	they
41	267	215	receive	NA
41	268	216	enough	it
41	269	217	energy	it
41	270	218	in	NA
41	271	219	a	NA
41	272	220	few	NA
41	273	221	hours	NA
41	274	222	to	NA
41	275	223	make	NA
41	276	224	power	it
41	277	225	for	NA
41	278	226	all	NA
41	279	227	the	NA
41	280	228	people	NA
41	281	229	in	NA
41	282	230	the	it
41	283	231	world	it
41	284	232	for	NA
41	285	233	a	NA
41	286	234	whole	NA
41	287	235	year.	NA
41	288	235	year.	NA
41	289	236	But	NA
41	290	237	the	NA
41	291	238	challenge	NA
41	292	239	is	NA
41	293	240	to	NA
41	294	241	capture	NA
41	295	242	that	it
41	296	243	energy	it
41	297	244	and	NA
41	298	245	take	NA
41	299	246	it	NA
41	300	247	to	NA
41	301	248	where	NA
41	302	249	it	NA
41	303	250	is	NA
41	304	251	needed.	NA
41	305	251	needed.	NA
41	306	252	Experts	NA
41	307	253	say	NA
41	308	254	that	NA
41	309	255	solar	it
41	310	256	energy	it
41	311	257	will	NA
41	312	258	make	NA
41	313	259	up	NA
41	314	260	a	NA
41	315	261	third	NA
41	316	262	of	NA
41	317	263	Morocco's	its
41	318	263	Morocco's	its
41	319	264	renewable	NA
41	320	265	energy	NA
41	321	266	supply	NA
41	322	267	by	NA
41	323	268	2020.	it.
41	324	268	2020.	it.
41	325	269	Wind	It
41	326	270	and	NA
41	327	271	hydro	it
41	328	272	will	NA
41	329	273	make	NA
41	330	274	up	NA
41	331	275	the	NA
41	332	276	other	NA
41	333	277	two-thirds.	NA
41	334	277	two-thirds.	NA
41	335	277	two-thirds.	NA
41	336	277	two-thirds.	NA
41	337	278	“We	NA
41	338	278	“We	NA
41	339	278	“We	NA
41	340	279	are	NA
41	341	280	very	NA
41	342	281	proud	NA
41	343	282	of	NA
41	344	283	this	it,”
41	345	284	project,”	it,”
41	346	284	project,”	it,”
41	347	284	project,”	it,”
41	348	284	project,”	it,”
41	349	285	Morocco's	she,
41	350	285	Morocco's	she,
41	351	286	environment	she,
41	352	287	minister,	she,
41	353	287	minister,	she,
41	354	288	Hakima	she
41	355	288	Hakima	she
41	356	289	el-Haite	she
41	357	289	el-Haite	she
41	358	289	el-Haite	she
41	359	289	el-Haite	she
41	360	290	said.	NA
41	361	290	said.	NA
41	362	291	“I	NA
41	363	291	“I	NA
41	364	291	“I	NA
41	365	292	think	NA
41	366	293	it	NA
41	367	294	is	NA
41	368	295	the	it.”
41	369	296	most	it.”
41	370	297	important	it.”
41	371	298	solar	it.”
41	372	299	plant	it.”
41	373	300	in	it.”
41	374	301	the	it.”
41	375	302	world.”	it.”
41	376	302	world.”	it.”
41	377	302	world.”	it.”
41	378	302	world.”	it.”
41	379	303	The	they.
41	380	304	Noor	they.
41	381	304	Noor	they.
41	382	305	2	they.
41	383	306	and	they.
41	384	307	3	they.
41	385	308	plants,	they.
41	386	308	plants,	they.
41	387	309	which	they.
41	388	310	are	they.
41	389	311	planned	they.
41	390	312	to	they.
41	391	313	open	they.
41	392	314	in	they.
41	393	315	2017,	they.
41	394	315	2017,	they.
41	395	316	will	they.
41	396	317	store	they.
41	397	318	energy	they.
41	398	319	for	they.
41	399	320	up	they.
41	400	321	to	they.
41	401	322	eight	they.
41	402	323	hours.	they.
41	403	323	hours.	they.
41	404	324	This	NA
41	405	325	will	NA
41	406	326	mean	NA
41	407	327	that	NA
41	408	328	there	NA
41	409	329	could	NA
41	410	330	be	NA
41	411	331	solar	it
41	412	332	energy	it
41	413	333	available	NA
41	414	334	24/7	NA
41	415	334	24/7	NA
41	416	334	24/7	NA
41	417	335	in	NA
41	418	336	the	it
41	419	337	Sahara	it
41	420	338	and	NA
41	421	339	the	NA
41	422	340	rest	NA
41	423	341	of	NA
41	424	342	the	NA
41	425	343	region.	NA
41	426	343	region.	NA
41	427	344	“We	NA
41	428	344	“We	NA
41	429	344	“We	NA
41	430	345	are	NA
41	431	346	already	NA
41	432	347	involved	NA
41	433	348	in	NA
41	434	349	transportation	NA
41	435	350	lines	NA
41	436	351	to	NA
41	437	352	take	NA
41	438	353	energy	it
41	439	354	to	NA
41	440	355	the	NA
41	441	356	south	NA
41	442	357	of	NA
41	443	358	Morocco	it
41	444	359	and	NA
41	445	360	Mauritania,”	it,”
41	446	360	Mauritania,”	it,”
41	447	360	Mauritania,”	it,”
41	448	360	Mauritania,”	it,”
41	449	360	Mauritania,”	it,”
41	450	361	says	NA
41	451	362	Ahmed	he,
41	452	363	Baroudi,	he,
41	453	363	Baroudi,	he,
41	454	363	Baroudi,	he,
41	455	363	Baroudi,	he,
41	456	364	manager	he.
41	457	365	of	he.
41	458	366	the	he.
41	459	367	national	he.
41	460	368	renewable	he.
41	461	369	energy	he.
41	462	370	investment	he.
41	463	371	company.	he.
41	464	371	company.	he.
41	465	372	But	NA
41	466	373	he	NA
41	467	374	says	NA
41	468	375	the	it
41	469	376	project	it
41	470	377	will	NA
41	471	378	go	NA
41	472	379	further	NA
41	473	380	–	NA
41	474	381	even	NA
41	475	382	as	NA
41	476	383	far	NA
41	477	384	as	NA
41	478	385	the	it.
41	479	386	Middle	it.
41	480	387	East.	it.
41	481	387	East.	it.
41	482	388	Exporting	NA
41	483	388	Exporting	NA
41	484	389	solar	it
41	485	390	energy	it
41	486	391	could	NA
41	487	392	have	NA
41	488	393	stabilizing	NA
41	489	393	stabilizing	NA
41	490	394	effects	NA
41	491	395	within	NA
41	492	396	and	NA
41	493	397	between	NA
41	494	398	countries,	NA
41	495	398	countries,	NA
41	496	399	according	NA
41	497	400	to	NA
41	498	401	the	it
41	499	402	Moroccan	it
41	500	403	solar	it
41	501	404	energy	it
41	502	405	agency	it
41	503	406	(Masen).	(it).
41	504	406	(Masen).	(it).
41	505	406	(Masen).	(it).
41	506	406	(Masen).	(it).
41	507	407	Morocco	It
41	508	408	is	NA
41	509	409	making	NA
41	510	410	plans	NA
41	511	411	with	NA
41	512	412	Tunisia	it
41	513	413	and	NA
41	514	414	they	NA
41	515	415	hope	NA
41	516	416	to	NA
41	517	417	export	NA
41	518	418	energy	it
41	519	419	north	NA
41	520	420	across	NA
41	521	421	the	NA
41	522	422	Mediterranean,	NA
41	523	422	Mediterranean,	NA
41	524	423	too.	NA
41	525	423	too.	NA
41	526	424	“We	NA
41	527	424	“We	NA
41	528	424	“We	NA
41	529	425	believe	NA
41	530	426	that	NA
41	531	427	it's	NA
41	532	427	it's	NA
41	533	428	possible	NA
41	534	429	to	it
41	535	430	export	it
41	536	431	energy	it
41	537	432	to	it
41	538	433	Europe	it
41	539	434	but,	NA
41	540	434	but,	NA
41	541	435	first,	NA
41	542	435	first,	NA
41	543	436	we	NA
41	544	437	have	NA
41	545	438	to	NA
41	546	439	build	NA
41	547	440	the	NA
41	548	441	interconnectors,	NA
41	549	441	interconnectors,	NA
41	550	441	interconnectors,	NA
41	551	441	interconnectors,	NA
41	552	442	which	NA
41	553	443	don't	NA
41	554	443	don't	NA
41	555	444	yet	NA
41	556	445	exist,”	NA
41	557	445	exist,”	NA
41	558	445	exist,”	NA
41	559	445	exist,”	NA
41	560	446	said	NA
41	561	447	Maha	she,
41	562	447	Maha	she,
41	563	448	el-Kadiri,	she,
41	564	448	el-Kadiri,	she,
41	565	448	el-Kadiri,	she,
41	566	448	el-Kadiri,	she,
41	567	448	el-Kadiri,	she,
41	568	448	el-Kadiri,	she,
41	569	449	a	she.
41	570	450	Masen	she.
41	571	450	Masen	she.
41	572	451	spokeswoman.	she.
41	573	451	spokeswoman.	she.
41	574	452	Until	NA
41	575	453	that	NA
41	576	454	time,	NA
41	577	454	time,	NA
41	578	455	the	it
41	579	456	solar	it
41	580	457	energy	it
41	581	458	will	NA
41	582	459	be	NA
41	583	460	used	NA
41	584	461	in	NA
41	585	462	Morocco.	it.
41	586	462	Morocco.	it.
41	587	463	They	NA
41	588	464	might	NA
41	589	465	one	NA
41	590	466	day	NA
41	591	467	use	NA
41	592	468	solar	it
41	593	469	energy	it
41	594	470	to	NA
41	595	471	remove	NA
41	596	472	salt	NA
41	597	473	from	NA
41	598	474	sea	NA
41	599	475	water.	NA
41	600	475	water.	NA
41	601	476	Officials	NA
41	602	477	are	NA
41	603	478	aware	NA
41	604	479	this	NA
41	605	480	is	NA
41	606	481	the	it.
41	607	482	most	it.
41	608	483	advanced	it.
41	609	484	renewable	it.
41	610	485	energy	it.
41	611	486	program	it.
41	612	487	in	it.
41	613	488	the	it.
41	614	489	Middle	it.
41	615	490	East	it.
41	616	491	and	it.
41	617	492	North	it.
41	618	493	Africa.	it.
41	619	493	Africa.	it.
41	620	494	“We	NA
41	621	494	“We	NA
41	622	494	“We	NA
41	623	495	are	NA
41	624	496	at	NA
41	625	497	the	NA
41	626	498	forefront	NA
41	627	499	of	NA
41	628	500	solar,”	NA
41	629	500	solar,”	NA
41	630	500	solar,”	NA
41	631	500	solar,”	NA
41	632	501	el-Kadiri	NA
41	633	501	el-Kadiri	NA
41	634	501	el-Kadiri	NA
41	635	501	el-Kadiri	NA
41	636	501	el-Kadiri	NA
41	637	502	says.	NA
41	638	502	says.	NA
42	0	0	Tigers	NA
42	1	0	Tigers	NA
42	2	1	are	NA
42	3	2	more	NA
42	4	3	numerous	NA
42	5	4	in	NA
42	6	5	Nepal	it
42	7	6	than	NA
42	8	7	at	NA
42	9	8	any	NA
42	10	9	time	NA
42	11	10	since	NA
42	12	11	the	NA
42	13	12	1970s,	NA
42	14	12	1970s,	NA
42	15	12	1970s,	NA
42	16	13	a	it
42	17	14	new	it
42	18	15	census	it
42	19	16	has	NA
42	20	17	revealed,	NA
42	21	17	revealed,	NA
42	22	18	giving	NA
42	23	19	conservationists	NA
42	24	19	conservationists	NA
42	25	20	hope	NA
42	26	21	that	NA
42	27	22	the	they,
42	28	23	big	they,
42	29	24	cats,	they,
42	30	24	cats,	they,
42	31	25	whose	NA
42	32	26	numbers	NA
42	33	27	have	NA
42	34	28	been	NA
42	35	29	dropping	NA
42	36	30	across	NA
42	37	31	south	it
42	38	32	Asia	it
42	39	33	for	NA
42	40	34	100	NA
42	41	35	years,	NA
42	42	35	years,	NA
42	43	36	can	NA
42	44	37	be	NA
42	45	38	saved.	NA
42	46	38	saved.	NA
42	47	39	The	It
42	48	40	number	It
42	49	41	of	It
42	50	42	wild	It
42	51	43	royal	It
42	52	44	bengal	It
42	53	44	bengal	It
42	54	44	bengal	It
42	55	45	tigers	It
42	56	46	in	It
42	57	47	Nepal	It
42	58	48	has	It
42	59	49	increased	It
42	60	50	to	It
42	61	51	198	It
42	62	52	–	NA
42	63	53	a	NA
42	64	54	63.6%	NA
42	65	54	63.6%	NA
42	66	54	63.6%	NA
42	67	54	63.6%	NA
42	68	55	rise	NA
42	69	56	in	NA
42	70	57	five	NA
42	71	58	years	NA
42	72	59	–	NA
42	73	60	the	it
42	74	61	government	it
42	75	62	survey	it
42	76	63	showed.	NA
42	77	63	showed.	NA
42	78	64	“This	NA
42	79	64	“This	NA
42	80	64	“This	NA
42	81	65	is	NA
42	82	66	very	NA
42	83	67	encouraging,”	NA
42	84	67	encouraging,”	NA
42	85	67	encouraging,”	NA
42	86	67	encouraging,”	NA
42	87	68	said	NA
42	88	69	Maheshwar	he,
42	89	69	Maheshwar	he,
42	90	69	Maheshwar	he,
42	91	69	Maheshwar	he,
42	92	70	Dhakal,	he,
42	93	70	Dhakal,	he,
42	94	70	Dhakal,	he,
42	95	70	Dhakal,	he,
42	96	71	an	he
42	97	72	ecologist	he
42	98	72	ecologist	he
42	99	73	with	NA
42	100	74	Nepal's	its
42	101	74	Nepal's	its
42	102	75	Department	NA
42	103	76	of	NA
42	104	77	National	NA
42	105	78	Parks	NA
42	106	79	and	NA
42	107	80	Wildlife	NA
42	108	81	Conservation.	NA
42	109	81	Conservation.	NA
42	110	82	The	It
42	111	83	census	It
42	112	84	is	NA
42	113	85	based	NA
42	114	86	on	NA
42	115	87	the	NA
42	116	88	examination	NA
42	117	89	of	NA
42	118	90	pictures	NA
42	119	91	from	NA
42	120	92	more	NA
42	121	93	than	NA
42	122	94	500	NA
42	123	95	cameras	NA
42	124	96	placed	NA
42	125	97	in	NA
42	126	98	five	NA
42	127	99	protected	NA
42	128	100	areas	NA
42	129	101	and	NA
42	130	102	three	NA
42	131	103	wildlife	NA
42	132	104	corridors.	NA
42	133	104	corridors.	NA
42	134	105	More	NA
42	135	106	than	NA
42	136	107	250	NA
42	137	108	conservationists	NA
42	138	108	conservationists	NA
42	139	109	and	NA
42	140	110	wildlife	NA
42	141	111	experts	NA
42	142	112	worked	NA
42	143	113	on	NA
42	144	114	the	it,
42	145	115	survey,	it,
42	146	115	survey,	it,
42	147	116	which	NA
42	148	117	cost	NA
42	149	118	about	NA
42	150	119	£250,000.	NA
42	151	119	£250,000.	NA
42	152	119	£250,000.	NA
42	153	119	£250,000.	NA
42	154	119	£250,000.	NA
42	155	120	Increasing	NA
42	156	121	prosperity	NA
42	157	122	in	NA
42	158	123	Asia	it
42	159	124	has	NA
42	160	125	pushed	NA
42	161	126	up	NA
42	162	127	prices	NA
42	163	128	for	NA
42	164	129	tiger	NA
42	165	130	skins	NA
42	166	131	and	NA
42	167	132	the	NA
42	168	133	body	NA
42	169	134	parts	NA
42	170	135	used	NA
42	171	136	in	NA
42	172	137	traditional	NA
42	173	138	Chinese	NA
42	174	139	medicines.	NA
42	175	139	medicines.	NA
42	176	140	International	NA
42	177	141	gangs	NA
42	178	142	pay	NA
42	179	143	poor	NA
42	180	144	local	NA
42	181	145	Nepali	NA
42	182	145	Nepali	NA
42	183	146	significant	NA
42	184	147	sums	NA
42	185	148	to	NA
42	186	149	kill	NA
42	187	150	the	NA
42	188	151	cats.	NA
42	189	151	cats.	NA
42	190	152	The	NA
42	191	153	skin	NA
42	192	154	and	NA
42	193	155	bones	NA
42	194	156	are	NA
42	195	157	handed	NA
42	196	158	to	NA
42	197	159	middlemen,	NA
42	198	159	middlemen,	NA
42	199	159	middlemen,	NA
42	200	160	who	NA
42	201	161	pass	NA
42	202	162	easily	NA
42	203	163	through	NA
42	204	164	the	NA
42	205	165	porous	NA
42	206	166	border	NA
42	207	167	to	NA
42	208	168	India,	NA
42	209	168	India,	NA
42	210	169	where	NA
42	211	170	the	NA
42	212	171	major	NA
42	213	172	dealers	NA
42	214	173	are	NA
42	215	174	based.	NA
42	216	174	based.	NA
42	217	175	One	It
42	218	176	major	It
42	219	177	problem	It
42	220	178	is	NA
42	221	179	complicity	it.
42	222	180	between	it.
42	223	181	senior	it.
42	224	182	officials	it.
42	225	183	and	it.
42	226	184	mafia	it.
42	227	185	networks	it.
42	228	186	involved	it.
42	229	187	in	it.
42	230	188	the	it.
42	231	189	trade.	it.
42	232	189	trade.	it.
42	233	190	Conservation	They
42	234	191	experts	They
42	235	192	credit	NA
42	236	193	the	NA
42	237	194	increase	NA
42	238	195	in	NA
42	239	196	numbers	NA
42	240	197	to	NA
42	241	198	the	NA
42	242	199	effective	NA
42	243	200	policing	NA
42	244	201	of	NA
42	245	202	national	NA
42	246	203	parks,	NA
42	247	203	parks,	NA
42	248	204	stronger	NA
42	249	205	anti-poaching	NA
42	250	205	anti-poaching	NA
42	251	205	anti-poaching	NA
42	252	205	anti-poaching	NA
42	253	206	drives	NA
42	254	207	and	NA
42	255	208	better	NA
42	256	209	management	NA
42	257	210	of	NA
42	258	211	tiger	NA
42	259	212	habitats	NA
42	260	213	in	NA
42	261	214	Nepal,	it,
42	262	214	Nepal,	it,
42	263	215	where	NA
42	264	216	forests	NA
42	265	217	cover	NA
42	266	218	29%	NA
42	267	218	29%	NA
42	268	219	of	NA
42	269	220	the	NA
42	270	221	land.	NA
42	271	221	land.	NA
42	272	222	But	NA
42	273	223	they	NA
42	274	224	say	NA
42	275	225	Nepal	it
42	276	226	needs	NA
42	277	227	to	NA
42	278	228	do	NA
42	279	229	more	NA
42	280	230	to	NA
42	281	231	protect	NA
42	282	232	the	NA
42	283	233	habitat	NA
42	284	234	and	NA
42	285	235	animals	NA
42	286	236	on	NA
42	287	237	which	NA
42	288	238	tigers	NA
42	289	239	prey	NA
42	290	240	so	NA
42	291	241	the	they
42	292	242	big	they
42	293	243	cats	they
42	294	244	have	NA
42	295	245	enough	NA
42	296	246	space	NA
42	297	247	to	NA
42	298	248	roam	NA
42	299	249	and	NA
42	300	250	food	NA
42	301	251	to	NA
42	302	252	eat.	NA
42	303	252	eat.	NA
42	304	253	As	NA
42	305	254	the	NA
42	306	255	number	NA
42	307	256	of	NA
42	308	257	tigers	NA
42	309	258	has	NA
42	310	259	increased	NA
42	311	260	over	NA
42	312	261	the	NA
42	313	262	years,	NA
42	314	262	years,	NA
42	315	263	so	NA
42	316	264	have	NA
42	317	265	incidents	NA
42	318	266	of	NA
42	319	267	conflict	NA
42	320	268	with	NA
42	321	269	villagers.	NA
42	322	269	villagers.	NA
42	323	270	Seven	NA
42	324	271	people	NA
42	325	272	were	NA
42	326	273	killed	NA
42	327	274	in	NA
42	328	275	attacks	NA
42	329	276	by	NA
42	330	277	tigers	NA
42	331	278	around	NA
42	332	279	national	NA
42	333	280	parks	NA
42	334	281	in	NA
42	335	282	2012	NA
42	336	283	compared	NA
42	337	284	to	NA
42	338	285	four	NA
42	339	286	in	NA
42	340	287	2011,	NA
42	341	287	2011,	NA
42	342	288	park	NA
42	343	289	officials	NA
42	344	290	said.	NA
42	345	290	said.	NA
42	346	291	Villagers	NA
42	347	291	Villagers	NA
42	348	292	are	NA
42	349	293	also	NA
42	350	294	seeking	NA
42	351	295	better	NA
42	352	296	protection.”	NA
42	353	296	protection.”	NA
42	354	296	protection.”	NA
42	355	296	protection.”	NA
42	356	297	The	it
42	357	298	government	it
42	358	299	is	NA
42	359	300	making	NA
42	360	301	conservation	NA
42	361	302	plans	NA
42	362	303	for	NA
42	363	304	tigers.	NA
42	364	304	tigers.	NA
42	365	305	But	NA
42	366	306	it	NA
42	367	307	should	NA
42	368	308	also	NA
42	369	309	come	NA
42	370	310	up	NA
42	371	311	with	NA
42	372	312	plans	NA
42	373	313	to	NA
42	374	314	protect	NA
42	375	315	people	NA
42	376	316	from	NA
42	377	317	tigers,”	NA
42	378	317	tigers,”	NA
42	379	317	tigers,”	NA
42	380	317	tigers,”	NA
42	381	318	Krishna	NA
42	382	319	Bhurtel,	NA
42	383	319	Bhurtel,	NA
42	384	319	Bhurtel,	NA
42	385	319	Bhurtel,	NA
42	386	320	a	NA
42	387	321	local	NA
42	388	322	village	NA
42	389	323	headman	NA
42	390	323	headman	NA
42	391	324	in	NA
42	392	325	Chitwan,	NA
42	393	325	Chitwan,	NA
42	394	325	Chitwan,	NA
42	395	325	Chitwan,	NA
42	396	326	told	NA
42	397	327	Nepali	NA
42	398	327	Nepali	NA
42	399	328	newspaper	NA
42	400	329	Nagarik.	NA
42	401	329	Nagarik.	NA
42	402	329	Nagarik.	NA
42	403	329	Nagarik.	NA
42	404	330	Wildlife	NA
42	405	331	authorities	NA
42	406	332	captured	NA
42	407	333	a	it
42	408	334	tiger	it
42	409	335	in	NA
42	410	336	Chitwan	NA
42	411	336	Chitwan	NA
42	412	336	Chitwan	NA
42	413	337	after	NA
42	414	338	it	NA
42	415	339	killed	NA
42	416	340	two	NA
42	417	341	people,	NA
42	418	341	people,	NA
42	419	342	including	NA
42	420	343	a	NA
42	421	344	villager	NA
42	422	344	villager	NA
42	423	345	who	NA
42	424	346	was	NA
42	425	347	pulled	NA
42	426	348	from	NA
42	427	349	his	NA
42	428	350	bed	NA
42	429	351	in	NA
42	430	352	May.	NA
42	431	352	May.	NA
42	432	353	Thousands	They
42	433	354	of	They
42	434	355	tigers	They
42	435	356	once	NA
42	436	357	roamed	NA
42	437	357	roamed	NA
42	438	358	the	NA
42	439	359	forests	NA
42	440	360	in	NA
42	441	361	Bangladesh,	NA
42	442	361	Bangladesh,	NA
42	443	362	India	it
42	444	363	and	NA
42	445	364	Nepal.	it.
42	446	364	Nepal.	it.
42	447	365	But	NA
42	448	366	their	NA
42	449	367	numbers	NA
42	450	368	have	NA
42	451	369	dropped	NA
42	452	370	to	NA
42	453	371	about	NA
42	454	372	3,000,	NA
42	455	372	3,000,	NA
42	456	372	3,000,	NA
42	457	372	3,000,	NA
42	458	373	a	NA
42	459	374	95%	NA
42	460	374	95%	NA
42	461	375	drop	NA
42	462	376	over	NA
42	463	377	a	NA
42	464	378	century.	NA
42	465	378	century.	NA
42	466	379	Chitwan	NA
42	467	379	Chitwan	NA
42	468	379	Chitwan	NA
42	469	380	National	NA
42	470	381	Park	NA
42	471	382	in	NA
42	472	383	central	it
42	473	384	Nepal	it
42	474	385	has	NA
42	475	386	the	NA
42	476	387	highest	NA
42	477	388	number	NA
42	478	389	of	NA
42	479	390	adult	NA
42	480	391	tigers,	NA
42	481	391	tigers,	NA
42	482	392	with	NA
42	483	393	120,	NA
42	484	393	120,	NA
42	485	394	followed	NA
42	486	395	by	NA
42	487	396	Bardiya	NA
42	488	396	Bardiya	NA
42	489	397	National	NA
42	490	398	Park	NA
42	491	399	(50)	NA
42	492	399	(50)	NA
42	493	399	(50)	NA
42	494	400	and	NA
42	495	401	Shukla	NA
42	496	401	Shukla	NA
42	497	401	Shukla	NA
42	498	402	Phanta	NA
42	499	402	Phanta	NA
42	500	403	Wildlife	NA
42	501	404	Reserve	NA
42	502	405	(17).	NA
42	503	405	(17).	NA
42	504	405	(17).	NA
42	505	406	Dhakal	He
42	506	406	Dhakal	He
42	507	406	Dhakal	He
42	508	407	said	NA
42	509	408	that	NA
42	510	409	a	NA
42	511	410	parallel	NA
42	512	411	survey	NA
42	513	412	was	NA
42	514	413	conducted	NA
42	515	414	in	NA
42	516	415	India	it
42	517	416	and	NA
42	518	417	the	they
42	519	418	results	they
42	520	419	from	they
42	521	420	both	they
42	522	421	countries	they
42	523	422	will	NA
42	524	423	be	NA
42	525	424	published	NA
42	526	425	later	NA
42	527	426	in	NA
42	528	427	2013.	NA
42	529	427	2013.	NA
42	530	428	“It	NA
42	531	428	“It	NA
42	532	428	“It	NA
42	533	429	will	NA
42	534	430	take	NA
42	535	431	a	NA
42	536	432	few	NA
42	537	433	more	NA
42	538	434	months	NA
42	539	435	for	NA
42	540	436	India,	it,
42	541	436	India,	it,
42	542	437	which	it,
42	543	438	now	it,
42	544	439	has	it,
42	545	440	1,300	it,
42	546	440	1,300	it,
42	547	440	1,300	it,
42	548	441	big	it,
42	549	442	cats	it,
42	550	443	in	it,
42	551	444	several	it,
42	552	445	huge	it,
42	553	446	protected	it,
42	554	447	areas,	it,
42	555	447	areas,	it,
42	556	448	to	NA
42	557	449	finalize	NA
42	558	449	finalize	NA
42	559	450	the	them,”
42	560	451	data,”	them,”
42	561	451	data,”	them,”
42	562	451	data,”	them,”
42	563	451	data,”	them,”
42	564	452	he	NA
42	565	453	added.	NA
42	566	453	added.	NA
42	567	454	Nepal	It
42	568	455	has	NA
42	569	456	pledged	NA
42	570	457	to	NA
42	571	458	double	NA
42	572	459	its	NA
42	573	460	own	NA
42	574	461	population	NA
42	575	462	of	NA
42	576	463	tigers	NA
42	577	464	by	NA
42	578	465	the	NA
42	579	466	year	NA
42	580	467	2022	NA
42	581	468	from	NA
42	582	469	121	NA
42	583	470	in	NA
42	584	471	2009	NA
42	585	472	when	NA
42	586	473	the	NA
42	587	474	last	NA
42	588	475	systematic	NA
42	589	476	tiger	NA
42	590	477	count	NA
42	591	478	took	NA
42	592	479	place.	NA
42	593	479	place.	NA
42	594	480	Diwakar	He,
42	595	480	Diwakar	He,
42	596	480	Diwakar	He,
42	597	480	Diwakar	He,
42	598	481	Chapagain,	He,
42	599	481	Chapagain,	He,
42	600	481	Chapagain,	He,
42	601	482	who	He,
42	602	483	heads	He,
42	603	484	a	He,
42	604	485	World	He,
42	605	486	Wildlife	He,
42	606	487	Fund	He,
42	607	488	Nepal	He,
42	608	489	unit	He,
42	609	490	that	He,
42	610	491	monitors	He,
42	611	492	wildlife	He,
42	612	493	trade,	He,
42	613	493	trade,	He,
42	614	494	said	NA
42	615	495	tiger	they
42	616	496	skins	they
42	617	497	were	NA
42	618	498	in	NA
42	619	499	demand	NA
42	620	500	in	NA
42	621	501	Tibet,	NA
42	622	501	Tibet,	NA
42	623	502	where	NA
42	624	503	well-heeled	NA
42	625	503	well-heeled	NA
42	626	503	well-heeled	NA
42	627	503	well-heeled	NA
42	628	504	people	NA
42	629	505	use	NA
42	630	506	them	NA
42	631	507	as	NA
42	632	508	festival	NA
42	633	509	costumes.	NA
42	634	509	costumes.	NA
42	635	510	In	NA
42	636	511	Nepal,	it,
42	637	511	Nepal,	it,
42	638	512	kings	NA
42	639	513	used	NA
42	640	514	to	NA
42	641	515	stand	NA
42	642	516	on	NA
42	643	517	tiger	them
42	644	518	skins	them
42	645	519	for	NA
42	646	520	special	NA
42	647	521	occasions.	NA
42	648	521	occasions.	NA
42	649	522	Some	They
42	650	523	affluent	They
42	651	524	Nepali	They
42	652	524	Nepali	They
42	653	525	have	NA
42	654	526	mounted	NA
42	655	527	tiger	its
42	656	528	heads	NA
42	657	529	on	NA
42	658	530	the	NA
42	659	531	walls	NA
42	660	532	of	NA
42	661	533	their	NA
42	662	534	living	NA
42	663	535	rooms.	NA
42	664	535	rooms.	NA
42	665	536	Tiger	Its
42	666	537	bones	NA
42	667	538	are	NA
42	668	539	in	NA
42	669	540	high	NA
42	670	541	demand	NA
42	671	542	for	NA
42	672	543	use	NA
42	673	544	in	NA
42	674	545	traditional	NA
42	675	546	Chinese	NA
42	676	547	medicines.”	NA
42	677	547	medicines.”	NA
42	678	547	medicines.”	NA
42	679	547	medicines.”	NA
42	680	548	The	it
42	681	549	trade	it
42	682	550	in	it
42	683	551	tiger	it
42	684	552	parts	it
42	685	553	is	NA
42	686	554	lucrative	NA
42	687	555	and	NA
42	688	556	fetches	NA
42	689	556	fetches	NA
42	690	557	thousands	NA
42	691	558	of	NA
42	692	559	dollars	NA
42	693	560	in	NA
42	694	561	illegal	NA
42	695	562	markets,”	NA
42	696	562	markets,”	NA
42	697	562	markets,”	NA
42	698	562	markets,”	NA
42	699	563	Chapagain	he
42	700	563	Chapagain	he
42	701	564	said.	NA
42	702	564	said.	NA
43	0	0	According	NA
43	1	1	to	NA
43	2	2	a	it,
43	3	3	new	it,
43	4	4	survey,	it,
43	5	4	survey,	it,
43	6	5	there	NA
43	7	6	are	NA
43	8	7	more	NA
43	9	8	tigers	NA
43	10	9	in	NA
43	11	10	Nepal	it
43	12	11	than	NA
43	13	12	at	NA
43	14	13	any	NA
43	15	14	time	NA
43	16	15	since	NA
43	17	16	the	NA
43	18	17	1970s.	NA
43	19	17	1970s.	NA
43	20	17	1970s.	NA
43	21	18	The	NA
43	22	19	number	NA
43	23	20	of	NA
43	24	21	big	they
43	25	22	cats	they
43	26	23	has	NA
43	27	24	been	NA
43	28	25	decreasing	NA
43	29	26	in	NA
43	30	27	south	NA
43	31	28	Asia	NA
43	32	29	for	NA
43	33	30	100	NA
43	34	31	years,	NA
43	35	31	years,	NA
43	36	32	but	NA
43	37	33	conservationists	NA
43	38	33	conservationists	NA
43	39	34	now	NA
43	40	35	hope	NA
43	41	36	that	NA
43	42	37	we	NA
43	43	38	can	NA
43	44	39	save	NA
43	45	40	them.	NA
43	46	40	them.	NA
43	47	41	The	It
43	48	42	number	It
43	49	43	of	It
43	50	44	wild	It
43	51	45	royal	It
43	52	46	bengal	It
43	53	46	bengal	It
43	54	46	bengal	It
43	55	47	tigers	It
43	56	48	in	It
43	57	49	Nepal	It
43	58	50	has	It
43	59	51	increased	It
43	60	52	to	It
43	61	53	198	It
43	62	54	–	NA
43	63	55	a	NA
43	64	56	63.6%	NA
43	65	56	63.6%	NA
43	66	56	63.6%	NA
43	67	56	63.6%	NA
43	68	57	increase	NA
43	69	58	in	NA
43	70	59	five	NA
43	71	60	years	NA
43	72	61	–	NA
43	73	62	the	it
43	74	63	survey	it
43	75	64	showed.	NA
43	76	64	showed.	NA
43	77	65	“This	NA
43	78	65	“This	NA
43	79	65	“This	NA
43	80	66	is	NA
43	81	67	very	NA
43	82	68	good	NA
43	83	69	news,”	NA
43	84	69	news,”	NA
43	85	69	news,”	NA
43	86	69	news,”	NA
43	87	70	said	NA
43	88	71	Maheshwar	he,
43	89	71	Maheshwar	he,
43	90	71	Maheshwar	he,
43	91	71	Maheshwar	he,
43	92	72	Dhakal,	he,
43	93	72	Dhakal,	he,
43	94	72	Dhakal,	he,
43	95	72	Dhakal,	he,
43	96	73	an	he.
43	97	74	ecologist	he.
43	98	74	ecologist	he.
43	99	75	with	he.
43	100	76	Nepal's	he.
43	101	76	Nepal's	he.
43	102	77	Department	he.
43	103	78	of	he.
43	104	79	National	he.
43	105	80	Parks	he.
43	106	81	and	he.
43	107	82	Wildlife	he.
43	108	83	Conservation.	he.
43	109	83	Conservation.	he.
43	110	84	The	It
43	111	85	survey	It
43	112	86	looked	NA
43	113	87	at	NA
43	114	88	pictures	NA
43	115	89	from	NA
43	116	90	more	NA
43	117	91	than	NA
43	118	92	500	NA
43	119	93	cameras	NA
43	120	94	in	NA
43	121	95	five	NA
43	122	96	protected	NA
43	123	97	areas	NA
43	124	98	and	NA
43	125	99	three	NA
43	126	100	wildlife	NA
43	127	101	corridors.	NA
43	128	101	corridors.	NA
43	129	102	More	NA
43	130	103	than	NA
43	131	104	250	NA
43	132	105	conservationists	NA
43	133	105	conservationists	NA
43	134	106	and	NA
43	135	107	wildlife	NA
43	136	108	experts	NA
43	137	109	worked	NA
43	138	110	on	NA
43	139	111	the	it,
43	140	112	survey,	it,
43	141	112	survey,	it,
43	142	113	which	NA
43	143	114	cost	NA
43	144	115	about	NA
43	145	116	£250,000.	NA
43	146	116	£250,000.	NA
43	147	116	£250,000.	NA
43	148	116	£250,000.	NA
43	149	116	£250,000.	NA
43	150	117	Some	NA
43	151	118	rich	NA
43	152	119	people	NA
43	153	120	want	NA
43	154	121	tiger	NA
43	155	122	skins.	NA
43	156	122	skins.	NA
43	157	123	Tiger	NA
43	158	124	body	NA
43	159	125	parts	NA
43	160	126	are	NA
43	161	127	used	NA
43	162	128	in	NA
43	163	129	traditional	NA
43	164	130	Chinese	NA
43	165	131	medicine.	NA
43	166	131	medicine.	NA
43	167	132	International	NA
43	168	133	gangs	NA
43	169	134	pay	NA
43	170	135	poor	NA
43	171	136	local	NA
43	172	137	Nepali	NA
43	173	137	Nepali	NA
43	174	138	people	NA
43	175	139	large	NA
43	176	140	amounts	NA
43	177	141	of	NA
43	178	142	money	NA
43	179	143	to	NA
43	180	144	kill	NA
43	181	145	the	NA
43	182	146	cats.	NA
43	183	146	cats.	NA
43	184	147	The	NA
43	185	148	skin	NA
43	186	149	and	NA
43	187	150	bones	NA
43	188	151	are	NA
43	189	152	taken	NA
43	190	153	through	NA
43	191	154	the	NA
43	192	155	border	NA
43	193	156	to	NA
43	194	157	India,	it,
43	195	157	India,	it,
43	196	158	where	NA
43	197	159	the	NA
43	198	160	big	NA
43	199	161	dealers	NA
43	200	162	are.	NA
43	201	162	are.	NA
43	202	163	One	NA
43	203	164	big	NA
43	204	165	problem	NA
43	205	166	is	NA
43	206	167	that	NA
43	207	168	some	NA
43	208	169	senior	NA
43	209	170	officials	NA
43	210	171	help	NA
43	211	172	the	NA
43	212	173	mafia	NA
43	213	174	who	NA
43	214	175	are	NA
43	215	176	involved	NA
43	216	177	in	NA
43	217	178	the	NA
43	218	179	illegal	NA
43	219	180	buying	NA
43	220	181	and	NA
43	221	182	selling.	NA
43	222	182	selling.	NA
43	223	183	Conservation	They
43	224	184	experts	They
43	225	185	believe	NA
43	226	186	that	NA
43	227	187	tiger	NA
43	228	188	numbers	NA
43	229	189	have	NA
43	230	190	increased	NA
43	231	191	because	NA
43	232	192	the	NA
43	233	193	police	NA
43	234	194	are	NA
43	235	195	controlling	NA
43	236	196	national	NA
43	237	197	parks	NA
43	238	198	better,	NA
43	239	198	better,	NA
43	240	199	and	NA
43	241	200	because	NA
43	242	201	there	NA
43	243	202	is	NA
43	244	203	now	NA
43	245	204	better	NA
43	246	205	management	NA
43	247	206	of	NA
43	248	207	tiger	NA
43	249	208	habitats	NA
43	250	209	in	NA
43	251	210	Nepal,	its.
43	252	210	Nepal,	its.
43	253	211	where	its.
43	254	212	forests	its.
43	255	213	cover	its.
43	256	214	29%	its.
43	257	214	29%	its.
43	258	215	of	its.
43	259	216	the	its.
43	260	217	land.	its.
43	261	217	land.	its.
43	262	218	But	NA
43	263	219	they	NA
43	264	220	say	NA
43	265	221	Nepal	it
43	266	222	must	NA
43	267	223	do	NA
43	268	224	more	NA
43	269	225	to	NA
43	270	226	protect	NA
43	271	227	the	NA
43	272	228	habitat	NA
43	273	229	and	NA
43	274	230	animals	NA
43	275	231	that	NA
43	276	232	tigers	NA
43	277	233	eat	NA
43	278	234	so	NA
43	279	235	the	they
43	280	236	big	they
43	281	237	cats	they
43	282	238	have	NA
43	283	239	enough	NA
43	284	240	space	NA
43	285	241	to	NA
43	286	242	move	NA
43	287	243	around	NA
43	288	244	and	NA
43	289	245	food	NA
43	290	246	to	NA
43	291	247	eat.	NA
43	292	247	eat.	NA
43	293	248	The	NA
43	294	249	number	NA
43	295	250	of	NA
43	296	251	tigers	NA
43	297	252	has	NA
43	298	253	increased	NA
43	299	254	but	NA
43	300	255	attacks	NA
43	301	256	on	NA
43	302	257	villagers	NA
43	303	258	have	NA
43	304	259	increased,	NA
43	305	259	increased,	NA
43	306	260	too.	NA
43	307	260	too.	NA
43	308	261	Seven	NA
43	309	262	people	NA
43	310	263	were	NA
43	311	264	killed	NA
43	312	265	in	NA
43	313	266	attacks	NA
43	314	267	by	NA
43	315	268	tigers	NA
43	316	269	around	NA
43	317	270	national	NA
43	318	271	parks	NA
43	319	272	in	NA
43	320	273	2012	NA
43	321	274	compared	NA
43	322	275	to	NA
43	323	276	four	NA
43	324	277	in	NA
43	325	278	2011,	NA
43	326	278	2011,	NA
43	327	279	park	NA
43	328	280	officials	NA
43	329	281	said.	NA
43	330	281	said.	NA
43	331	282	Villagers	NA
43	332	282	Villagers	NA
43	333	283	also	NA
43	334	284	want	NA
43	335	285	better	NA
43	336	286	protection.	NA
43	337	286	protection.	NA
43	338	287	“The	“It
43	339	287	“The	“It
43	340	287	“The	“It
43	341	288	government	“It
43	342	289	is	NA
43	343	290	making	NA
43	344	291	conservation	NA
43	345	292	plans	NA
43	346	293	for	NA
43	347	294	tigers.	NA
43	348	294	tigers.	NA
43	349	295	But	NA
43	350	296	it	NA
43	351	297	should	NA
43	352	298	also	NA
43	353	299	make	NA
43	354	300	plans	NA
43	355	301	to	NA
43	356	302	protect	NA
43	357	303	people	NA
43	358	304	from	NA
43	359	305	tigers,”	NA
43	360	305	tigers,”	NA
43	361	305	tigers,”	NA
43	362	305	tigers,”	NA
43	363	306	Krishna	NA
43	364	307	Bhurtel,	NA
43	365	307	Bhurtel,	NA
43	366	307	Bhurtel,	NA
43	367	307	Bhurtel,	NA
43	368	308	a	NA
43	369	309	village	NA
43	370	310	leader,	NA
43	371	310	leader,	NA
43	372	311	told	NA
43	373	312	a	NA
43	374	313	Nepali	NA
43	375	313	Nepali	NA
43	376	314	newspaper.	NA
43	377	314	newspaper.	NA
43	378	315	Recently,	NA
43	379	315	Recently,	NA
43	380	316	a	it
43	381	317	tiger	it
43	382	318	was	NA
43	383	319	captured	NA
43	384	320	after	NA
43	385	321	it	NA
43	386	322	killed	NA
43	387	323	two	NA
43	388	324	people,	NA
43	389	324	people,	NA
43	390	325	including	NA
43	391	326	a	NA
43	392	327	villager	NA
43	393	327	villager	NA
43	394	328	who	NA
43	395	329	was	NA
43	396	330	pulled	NA
43	397	331	from	NA
43	398	332	his	NA
43	399	333	bed	NA
43	400	334	in	NA
43	401	335	May.	NA
43	402	335	May.	NA
43	403	336	Thousands	NA
43	404	337	of	NA
43	405	338	tigers	NA
43	406	339	used	NA
43	407	340	to	NA
43	408	341	live	NA
43	409	342	in	NA
43	410	343	the	NA
43	411	344	forests	NA
43	412	345	in	NA
43	413	346	Bangladesh,	NA
43	414	346	Bangladesh,	NA
43	415	347	India	it
43	416	348	and	NA
43	417	349	Nepal.	it.
43	418	349	Nepal.	it.
43	419	350	But	NA
43	420	351	their	NA
43	421	352	numbers	NA
43	422	353	have	NA
43	423	354	decreased	NA
43	424	355	to	NA
43	425	356	about	NA
43	426	357	3,000,	NA
43	427	357	3,000,	NA
43	428	357	3,000,	NA
43	429	357	3,000,	NA
43	430	358	a	NA
43	431	359	95%	NA
43	432	359	95%	NA
43	433	360	decrease	NA
43	434	361	in	NA
43	435	362	one	NA
43	436	363	hundred	NA
43	437	364	years.	NA
43	438	364	years.	NA
43	439	365	Chitwan	NA
43	440	365	Chitwan	NA
43	441	365	Chitwan	NA
43	442	366	National	NA
43	443	367	Park	NA
43	444	368	in	NA
43	445	369	central	it
43	446	370	Nepal	it
43	447	371	has	NA
43	448	372	the	NA
43	449	373	most	NA
43	450	374	adult	NA
43	451	375	tigers,	NA
43	452	375	tigers,	NA
43	453	376	with	NA
43	454	377	120,	NA
43	455	377	120,	NA
43	456	378	followed	NA
43	457	379	by	NA
43	458	380	Bardiya	NA
43	459	380	Bardiya	NA
43	460	381	National	NA
43	461	382	Park	NA
43	462	383	(50)	NA
43	463	383	(50)	NA
43	464	383	(50)	NA
43	465	384	and	NA
43	466	385	Shukla	NA
43	467	385	Shukla	NA
43	468	385	Shukla	NA
43	469	386	Phanta	NA
43	470	386	Phanta	NA
43	471	387	Wildlife	NA
43	472	388	Reserve	NA
43	473	389	(17).	NA
43	474	389	(17).	NA
43	475	389	(17).	NA
43	476	390	Dhakal	He
43	477	390	Dhakal	He
43	478	390	Dhakal	He
43	479	391	said	NA
43	480	392	that	NA
43	481	393	there	NA
43	482	394	was	NA
43	483	395	a	it
43	484	396	similar	it
43	485	397	survey	it
43	486	398	in	it
43	487	399	India	it
43	488	400	and	NA
43	489	401	the	NA
43	490	402	results	NA
43	491	403	from	NA
43	492	404	both	NA
43	493	405	countries	NA
43	494	406	will	NA
43	495	407	be	NA
43	496	408	published	NA
43	497	409	later	NA
43	498	410	in	NA
43	499	411	2013.	NA
43	500	411	2013.	NA
43	501	412	“It	NA
43	502	412	“It	NA
43	503	412	“It	NA
43	504	413	will	NA
43	505	414	take	NA
43	506	415	a	NA
43	507	416	few	NA
43	508	417	more	NA
43	509	418	months	NA
43	510	419	for	NA
43	511	420	India,	it,
43	512	420	India,	it,
43	513	421	which	it,
43	514	422	now	it,
43	515	423	has	it,
43	516	424	1,300	it,
43	517	424	1,300	it,
43	518	424	1,300	it,
43	519	425	big	it,
43	520	426	cats	it,
43	521	427	in	it,
43	522	428	several	it,
43	523	429	huge	it,
43	524	430	protected	it,
43	525	431	areas,	it,
43	526	431	areas,	it,
43	527	432	to	NA
43	528	433	finish	NA
43	529	434	the	it,”
43	530	435	survey,”	it,”
43	531	435	survey,”	it,”
43	532	435	survey,”	it,”
43	533	435	survey,”	it,”
43	534	436	he	NA
43	535	437	added.	NA
43	536	437	added.	NA
43	537	438	Nepal	It
43	538	439	says	NA
43	539	440	it	NA
43	540	441	will	NA
43	541	442	double	NA
43	542	443	its	NA
43	543	444	own	NA
43	544	445	population	NA
43	545	446	of	NA
43	546	447	tigers	NA
43	547	448	by	NA
43	548	449	the	NA
43	549	450	year	NA
43	550	451	2022	NA
43	551	452	from	NA
43	552	453	121	NA
43	553	454	in	NA
43	554	455	2009	NA
43	555	456	to	NA
43	556	457	242.	NA
43	557	457	242.	NA
43	558	458	Diwakar	He
43	559	458	Diwakar	He
43	560	458	Diwakar	He
43	561	458	Diwakar	He
43	562	459	Chapagain	He
43	563	459	Chapagain	He
43	564	460	said	NA
43	565	461	tiger	they
43	566	462	skins	they
43	567	463	are	NA
43	568	464	popular	NA
43	569	465	in	NA
43	570	466	Tibet,	NA
43	571	466	Tibet,	NA
43	572	467	where	NA
43	573	468	rich	NA
43	574	469	people	NA
43	575	470	use	NA
43	576	471	them	NA
43	577	472	as	NA
43	578	473	festival	NA
43	579	474	costumes.	NA
43	580	474	costumes.	NA
43	581	475	In	NA
43	582	476	Nepal,	its,
43	583	476	Nepal,	its,
43	584	477	kings	NA
43	585	478	used	NA
43	586	479	to	NA
43	587	480	stand	NA
43	588	481	on	NA
43	589	482	tiger	their
43	590	483	skins	NA
43	591	484	for	NA
43	592	485	special	NA
43	593	486	occasions.	NA
43	594	486	occasions.	NA
43	595	487	Some	They
43	596	488	rich	They
43	597	489	Nepali	They
43	598	489	Nepali	They
43	599	490	have	NA
43	600	491	tiger	its
43	601	492	heads	NA
43	602	493	on	NA
43	603	494	the	NA
43	604	495	walls	NA
43	605	496	of	NA
43	606	497	their	NA
43	607	498	living	NA
43	608	499	rooms.	NA
43	609	499	rooms.	NA
43	610	500	Tiger	They
43	611	501	bones	They
43	612	502	are	NA
43	613	503	in	NA
43	614	504	high	NA
43	615	505	demand	NA
43	616	506	for	NA
43	617	507	use	NA
43	618	508	in	NA
43	619	509	traditional	NA
43	620	510	Chinese	NA
43	621	511	medicine.	NA
43	622	511	medicine.	NA
43	623	512	Chapagain	He
43	624	512	Chapagain	He
43	625	513	said	NA
43	626	514	people	NA
43	627	515	can	NA
43	628	516	make	NA
43	629	517	a	NA
43	630	518	lot	NA
43	631	519	of	NA
43	632	520	money	NA
43	633	521	selling	NA
43	634	522	tiger	their
43	635	523	skins	NA
43	636	524	and	NA
43	637	525	bones	them
43	638	526	illegally.	NA
43	639	526	illegally.	NA
44	0	0	On	NA
44	1	1	Black	NA
44	2	2	Fell,	NA
44	3	2	Fell,	NA
44	4	3	looking	NA
44	5	4	down	NA
44	6	5	on	NA
44	7	6	Northumberland's	its
44	8	6	Northumberland's	its
44	9	6	Northumberland's	its
44	10	6	Northumberland's	its
44	11	7	beautiful	NA
44	12	8	Kielder	NA
44	13	8	Kielder	NA
44	14	8	Kielder	NA
44	15	9	Water	NA
44	16	10	reservoir,	NA
44	17	10	reservoir,	NA
44	18	11	a	they
44	19	12	group	they
44	20	13	of	they
44	21	14	people	they
44	22	15	wait	NA
44	23	16	in	NA
44	24	17	a	NA
44	25	18	car	NA
44	26	19	park	NA
44	27	20	next	NA
44	28	21	to	NA
44	29	22	a	it.
44	30	23	strange	it.
44	31	24	wooden	it.
44	32	25	building	it.
44	33	26	with	it.
44	34	27	a	it.
44	35	28	minimalist	it.
44	36	29	design	it.
44	37	30	beamed	it.
44	38	30	beamed	it.
44	39	31	down	it.
44	40	32	from	it.
44	41	33	the	it.
44	42	34	future.	it.
44	43	34	future.	it.
44	44	35	This	NA
44	45	36	is	NA
44	46	37	Kielder	it,
44	47	37	Kielder	it,
44	48	37	Kielder	it,
44	49	38	Observatory,	it,
44	50	38	Observatory,	it,
44	51	39	the	it.
44	52	40	center	it.
44	53	41	of	it.
44	54	42	Britain's	it.
44	55	42	Britain's	it.
44	56	43	nascent	it.
44	57	44	astrotourism	it.
44	58	44	astrotourism	it.
44	59	44	astrotourism	it.
44	60	44	astrotourism	it.
44	61	45	industry.	it.
44	62	45	industry.	it.
44	63	46	And	NA
44	64	47	those	they
44	65	48	waiting	they
44	66	49	outside	they
44	67	50	were	NA
44	68	51	the	they.
44	69	52	lucky	they.
44	70	53	ones.	they.
44	71	53	ones.	they.
44	72	54	Many	NA
44	73	55	more	NA
44	74	56	had	NA
44	75	57	applied	NA
44	76	58	for	NA
44	77	59	a	NA
44	78	60	night	NA
44	79	61	of	NA
44	80	62	stargazing	NA
44	81	62	stargazing	NA
44	82	62	stargazing	NA
44	83	63	at	NA
44	84	64	the	it
44	85	65	observatory	it
44	86	65	observatory	it
44	87	66	but	NA
44	88	67	numbers	NA
44	89	68	are	NA
44	90	69	strictly	NA
44	91	70	limited.	NA
44	92	70	limited.	NA
44	93	71	Inside,	NA
44	94	71	Inside,	NA
44	95	72	next	NA
44	96	73	to	NA
44	97	74	a	NA
44	98	75	woodburner	NA
44	99	75	woodburner	NA
44	100	75	woodburner	NA
44	101	76	and	NA
44	102	77	under	NA
44	103	78	dimmed	NA
44	104	78	dimmed	NA
44	105	79	lights,	NA
44	106	79	lights,	NA
44	107	80	the	he,
44	108	81	observatory's	he,
44	109	81	observatory's	he,
44	110	81	observatory's	he,
44	111	82	founder	he,
44	112	83	and	he,
44	113	84	lead	he,
44	114	85	astronomer,	he,
44	115	85	astronomer,	he,
44	116	86	Gary	he,
44	117	87	Fildes,	he,
44	118	87	Fildes,	he,
44	119	87	Fildes,	he,
44	120	87	Fildes,	he,
44	121	88	a	he,
44	122	89	former	he,
44	123	90	bricklayer	he,
44	124	90	bricklayer	he,
44	125	91	with	he,
44	126	92	Tarzan	he,
44	127	92	Tarzan	he,
44	128	93	hair,	he,
44	129	93	hair,	he,
44	130	94	delivers	NA
44	131	95	a	NA
44	132	96	pep	NA
44	133	96	pep	NA
44	134	97	talk	NA
44	135	98	to	NA
44	136	99	his	them.
44	137	100	colleagues.	them.
44	138	100	colleagues.	them.
44	139	101	The	They
44	140	102	team	They
44	141	103	discusses	NA
44	142	104	the	NA
44	143	105	prospect	NA
44	144	106	of	NA
44	145	107	seeing	NA
44	146	108	the	NA
44	147	109	northern	NA
44	148	110	lights	NA
44	149	111	but	NA
44	150	112	Fildes	he
44	151	112	Fildes	he
44	152	112	Fildes	he
44	153	113	is	NA
44	154	114	doubtful.	NA
44	155	114	doubtful.	NA
44	156	115	Instead,	NA
44	157	115	Instead,	NA
44	158	116	they	NA
44	159	117	decide	NA
44	160	118	to	NA
44	161	119	train	NA
44	162	120	their	NA
44	163	121	powerful	NA
44	164	122	telescopes	NA
44	165	123	on	NA
44	166	124	Jupiter	NA
44	167	125	and	NA
44	168	126	Venus	it
44	169	127	and	NA
44	170	128	later	NA
44	171	129	to	NA
44	172	130	pick	NA
44	173	131	out	NA
44	174	132	stars	NA
44	175	133	such	NA
44	176	134	as	NA
44	177	135	Capella	NA
44	178	135	Capella	NA
44	179	136	and	NA
44	180	137	Betelgeuse.	NA
44	181	137	Betelgeuse.	NA
44	182	137	Betelgeuse.	NA
44	183	137	Betelgeuse.	NA
44	184	137	Betelgeuse.	NA
44	185	138	An	It
44	186	139	additional	It
44	187	140	attraction	It
44	188	141	is	NA
44	189	142	the	it.
44	190	143	appearance	it.
44	191	144	of	it.
44	192	145	the	it.
44	193	146	International	it.
44	194	147	Space	it.
44	195	148	Station.	it.
44	196	148	Station.	it.
44	197	149	“Remember,”	NA
44	198	149	“Remember,”	NA
44	199	149	“Remember,”	NA
44	200	149	“Remember,”	NA
44	201	149	“Remember,”	NA
44	202	149	“Remember,”	NA
44	203	150	Fildes	he
44	204	150	Fildes	he
44	205	150	Fildes	he
44	206	151	tells	NA
44	207	152	his	them,
44	208	153	team,	them,
44	209	153	team,	them,
44	210	154	“it's	NA
44	211	154	“it's	NA
44	212	154	“it's	NA
44	213	154	“it's	NA
44	214	155	about	NA
44	215	156	interaction,	NA
44	216	156	interaction,	NA
44	217	157	it's	NA
44	218	157	it's	NA
44	219	158	about	NA
44	220	159	entertainment,	NA
44	221	159	entertainment,	NA
44	222	160	it's	NA
44	223	160	it's	NA
44	224	161	about	NA
44	225	162	inspiring	NA
44	226	163	people.”	NA
44	227	163	people.”	NA
44	228	163	people.”	NA
44	229	163	people.”	NA
44	230	164	Fildes,	he,
44	231	164	Fildes,	he,
44	232	164	Fildes,	he,
44	233	164	Fildes,	he,
44	234	165	49,	NA
44	235	165	49,	NA
44	236	166	is	NA
44	237	167	at	NA
44	238	168	the	NA
44	239	169	forefront	NA
44	240	170	of	NA
44	241	171	the	its.
44	242	172	UK's	its.
44	243	172	UK's	its.
44	244	173	burgeoning	its.
44	245	174	astrotourism	its.
44	246	174	astrotourism	its.
44	247	174	astrotourism	its.
44	248	174	astrotourism	its.
44	249	175	industry.	its.
44	250	175	industry.	its.
44	251	176	The	NA
44	252	177	pivotal	NA
44	253	178	moment	NA
44	254	179	for	NA
44	255	180	Northumberland	it
44	256	180	Northumberland	it
44	257	180	Northumberland	it
44	258	181	came	NA
44	259	182	in	NA
44	260	183	2013	it
44	261	184	when	NA
44	262	185	the	NA
44	263	186	entire	NA
44	264	187	national	NA
44	265	188	park	NA
44	266	189	housing	NA
44	267	190	Hadrian's	NA
44	268	190	Hadrian's	NA
44	269	190	Hadrian's	NA
44	270	191	Wall,	NA
44	271	191	Wall,	NA
44	272	192	along	NA
44	273	193	with	NA
44	274	194	Kielder	NA
44	275	194	Kielder	NA
44	276	194	Kielder	NA
44	277	195	Water	NA
44	278	196	and	NA
44	279	197	Forest	NA
44	280	198	Park,	NA
44	281	198	Park,	NA
44	282	199	some	NA
44	283	200	1,500	NA
44	284	200	1,500	NA
44	285	200	1,500	NA
44	286	201	square	NA
44	287	202	kilometers,	NA
44	288	202	kilometers,	NA
44	289	203	was	NA
44	290	204	awarded	NA
44	291	205	Dark	its,
44	292	206	Sky	its,
44	293	207	Park	its,
44	294	208	status,	its,
44	295	208	status,	its,
44	296	209	the	it.
44	297	210	only	it.
44	298	211	one	it.
44	299	212	in	it.
44	300	213	England.	it.
44	301	213	England.	it.
44	302	214	Dark	It
44	303	215	Sky	It
44	304	216	Parks	NA
44	305	217	are	NA
44	306	218	rare.	NA
44	307	218	rare.	NA
44	308	219	The	NA
44	309	220	2013	it
44	310	221	Star	NA
44	311	222	Count	NA
44	312	223	revealed	NA
44	313	224	that	NA
44	314	225	only	NA
44	315	226	5%	NA
44	316	226	5%	NA
44	317	227	of	NA
44	318	228	the	NA
44	319	229	UK	NA
44	320	230	population	NA
44	321	231	can	NA
44	322	232	see	NA
44	323	233	more	NA
44	324	234	than	NA
44	325	235	31	NA
44	326	236	stars	NA
44	327	237	on	NA
44	328	238	a	NA
44	329	239	good	NA
44	330	240	night.	NA
44	331	240	night.	NA
44	332	241	The	It
44	333	242	Tucson,	It
44	334	242	Tucson,	It
44	335	243	Arizona-based	It
44	336	243	Arizona-based	It
44	337	243	Arizona-based	It
44	338	244	International	It
44	339	245	Dark-Sky	It
44	340	245	Dark-Sky	It
44	341	245	Dark-Sky	It
44	342	246	Association	It
44	343	247	(IDA)	(it)
44	344	247	(IDA)	(it)
44	345	247	(IDA)	(it)
44	346	248	confers	NA
44	347	248	confers	NA
44	348	249	the	it
44	349	250	status	it
44	350	251	only	NA
44	351	252	on	NA
44	352	253	places	them.
44	353	254	that	them.
44	354	255	take	them.
44	355	256	major	them.
44	356	257	steps	them.
44	357	258	to	them.
44	358	259	avoid	them.
44	359	260	light	them.
44	360	261	pollution.	them.
44	361	261	pollution.	them.
44	362	262	Recipients	They
44	363	262	Recipients	They
44	364	262	Recipients	They
44	365	263	must	NA
44	366	264	also	NA
44	367	265	prove	NA
44	368	266	their	NA
44	369	267	night	NA
44	370	268	skies	NA
44	371	269	are	NA
44	372	270	sufficiently	NA
44	373	271	dark.	NA
44	374	271	dark.	NA
44	375	272	In	NA
44	376	273	Northumberland	it,
44	377	273	Northumberland	it,
44	378	273	Northumberland	it,
44	379	274	Dark	it,
44	380	275	Sky	it,
44	381	276	Park,	it,
44	382	276	Park,	it,
44	383	277	as	NA
44	384	278	the	it
44	385	279	area	it
44	386	280	was	NA
44	387	281	rebadged,	NA
44	388	281	rebadged,	NA
44	389	281	rebadged,	NA
44	390	281	rebadged,	NA
44	391	282	it	NA
44	392	283	is	NA
44	393	284	so	NA
44	394	285	dark	NA
44	395	286	that	NA
44	396	287	Venus	it
44	397	288	casts	NA
44	398	289	a	NA
44	399	290	shadow	NA
44	400	291	on	NA
44	401	292	the	NA
44	402	293	Earth.	NA
44	403	293	Earth.	NA
44	404	294	Duncan	He,
44	405	295	Wise,	He,
44	406	295	Wise,	He,
44	407	296	visitor	she,
44	408	297	development	she,
44	409	298	officer	she,
44	410	299	for	she,
44	411	300	the	she,
44	412	301	Northumberland	she,
44	413	301	Northumberland	she,
44	414	301	Northumberland	she,
44	415	302	National	she,
44	416	303	Park	she,
44	417	304	Authority,	she,
44	418	304	Authority,	she,
44	419	305	helped	NA
44	420	306	to	NA
44	421	307	spearhead	NA
44	422	307	spearhead	NA
44	423	308	the	NA
44	424	309	campaign	NA
44	425	310	for	NA
44	426	311	dark-sky	it.
44	427	311	dark-sky	it.
44	428	311	dark-sky	it.
44	429	312	status.	it.
44	430	312	status.	it.
44	431	313	“We	NA
44	432	313	“We	NA
44	433	313	“We	NA
44	434	314	tend	NA
44	435	315	to	NA
44	436	316	look	NA
44	437	317	at	NA
44	438	318	landscape	NA
44	439	319	as	NA
44	440	320	everything	NA
44	441	321	up	NA
44	442	322	to	NA
44	443	323	the	it,”
44	444	324	horizon,”	it,”
44	445	324	horizon,”	it,”
44	446	324	horizon,”	it,”
44	447	324	horizon,”	it,”
44	448	325	Wise	he
44	449	326	said.	NA
44	450	326	said.	NA
44	451	327	“But	NA
44	452	327	“But	NA
44	453	327	“But	NA
44	454	328	what	NA
44	455	329	about	NA
44	456	330	what's	NA
44	457	330	what's	NA
44	458	331	above	NA
44	459	332	it?”	NA
44	460	332	it?”	NA
44	461	332	it?”	NA
44	462	332	it?”	NA
44	463	333	Wise	they
44	464	334	and	they
44	465	335	others	they
44	466	336	spent	NA
44	467	337	years	NA
44	468	338	drawing	NA
44	469	339	up	NA
44	470	340	their	NA
44	471	341	submission	NA
44	472	342	to	NA
44	473	343	the	it,
44	474	344	IDA,	it,
44	475	344	IDA,	it,
44	476	344	IDA,	it,
44	477	345	collecting	NA
44	478	346	reams	NA
44	479	346	reams	NA
44	480	347	of	NA
44	481	348	light	NA
44	482	349	readings	NA
44	483	350	and	NA
44	484	351	forming	NA
44	485	352	an	NA
44	486	353	alliance	NA
44	487	354	of	NA
44	488	355	local	NA
44	489	356	councils,	NA
44	490	356	councils,	NA
44	491	357	parks'	NA
44	492	357	parks'	NA
44	493	358	bodies	NA
44	494	359	and	NA
44	495	360	community	NA
44	496	361	groups	NA
44	497	362	to	NA
44	498	363	produce	NA
44	499	364	an	NA
44	500	365	exterior	NA
44	501	366	lighting	NA
44	502	367	master	NA
44	503	368	plan	NA
44	504	369	that	NA
44	505	370	influences	NA
44	506	371	the	NA
44	507	372	construction	NA
44	508	373	of	NA
44	509	374	new	NA
44	510	375	developments	NA
44	511	376	in	NA
44	512	377	the	it.
44	513	378	area.	it.
44	514	378	area.	it.
44	515	379	Their	NA
44	516	380	efforts	NA
44	517	381	have	NA
44	518	382	been	NA
44	519	383	vindicated.	NA
44	520	383	vindicated.	NA
44	521	383	vindicated.	NA
44	522	384	Many	NA
44	523	385	of	NA
44	524	386	the	NA
44	525	387	1.5	NA
44	526	387	1.5	NA
44	527	387	1.5	NA
44	528	388	million	NA
44	529	389	who	NA
44	530	390	visit	NA
44	531	391	Northumberland	it
44	532	391	Northumberland	it
44	533	391	Northumberland	it
44	534	392	each	NA
44	535	393	year	NA
44	536	394	are	NA
44	537	395	now	NA
44	538	396	aware	NA
44	539	397	of	NA
44	540	398	its	its.
44	541	399	Dark	its.
44	542	400	Sky	its.
44	543	401	status.	its.
44	544	401	status.	its.
44	545	402	“We	NA
44	546	402	“We	NA
44	547	402	“We	NA
44	548	403	get	NA
44	549	404	a	them
44	550	405	lot	them
44	551	406	of	them
44	552	407	people	them
44	553	408	coming	NA
44	554	409	here	NA
44	555	410	to	NA
44	556	411	see	NA
44	557	412	the	NA
44	558	413	sky	NA
44	559	414	now,”	NA
44	560	414	now,”	NA
44	561	414	now,”	NA
44	562	414	now,”	NA
44	563	415	says	NA
44	564	416	the	NA
44	565	417	man	NA
44	566	418	at	NA
44	567	419	the	NA
44	568	420	car-hire	NA
44	569	420	car-hire	NA
44	570	420	car-hire	NA
44	571	421	firm	NA
44	572	422	in	NA
44	573	423	Newcastle.	NA
44	574	423	Newcastle.	NA
44	575	424	“They	NA
44	576	424	“They	NA
44	577	424	“They	NA
44	578	425	come	NA
44	579	426	in	NA
44	580	427	autumn	NA
44	581	428	and	NA
44	582	429	winter,	NA
44	583	429	winter,	NA
44	584	430	when	NA
44	585	431	it's	NA
44	586	431	it's	NA
44	587	432	darkest.	NA
44	588	432	darkest.	NA
44	589	433	Good	NA
44	590	434	for	NA
44	591	435	the	them
44	592	436	local	them
44	593	437	hotels	them
44	594	438	as	NA
44	595	439	they	NA
44	596	440	get	NA
44	597	441	business	NA
44	598	442	all	NA
44	599	443	year	NA
44	600	444	round	NA
44	601	445	now.”	NA
44	602	445	now.”	NA
44	603	445	now.”	NA
44	604	445	now.”	NA
44	605	446	Wise	he
44	606	447	acknowledges	NA
44	607	448	that	NA
44	608	449	Northumberland	it
44	609	449	Northumberland	it
44	610	449	Northumberland	it
44	611	450	needs	NA
44	612	451	to	NA
44	613	452	do	NA
44	614	453	more	NA
44	615	454	to	NA
44	616	455	capitalize	NA
44	617	456	on	NA
44	618	457	its	NA
44	619	458	scarce	NA
44	620	459	resource	NA
44	621	460	and	NA
44	622	461	believes	NA
44	623	462	the	it
44	624	463	region	it
44	625	464	needs	NA
44	626	465	a	NA
44	627	466	couple	NA
44	628	467	more	NA
44	629	468	observatories	NA
44	630	468	observatories	NA
44	631	469	to	NA
44	632	470	ensure	NA
44	633	471	that	NA
44	634	472	visitors	they
44	635	473	will	NA
44	636	474	see	NA
44	637	475	what	NA
44	638	476	they	NA
44	639	477	came	NA
44	640	478	for.	NA
44	641	478	for.	NA
44	642	479	A	It,
44	643	480	£14m	It,
44	644	480	£14m	It,
44	645	480	£14m	It,
44	646	481	national	It,
44	647	482	landscape	It,
44	648	483	discovery	It,
44	649	484	center,	It,
44	650	484	center,	It,
44	651	485	which	It,
44	652	486	he	It,
44	653	487	describes	It,
44	654	488	as	It,
44	655	489	the	It,
44	656	490	north's	It,
44	657	490	north's	It,
44	658	491	answer	It,
44	659	492	to	It,
44	660	493	the	It,
44	661	494	Eden	It,
44	662	495	Project,	It,
44	663	495	Project,	It,
44	664	496	will	NA
44	665	497	have	NA
44	666	498	an	it
44	667	499	observatory	it
44	668	499	observatory	it
44	669	500	when	NA
44	670	501	it	NA
44	671	502	is	NA
44	672	503	completed	NA
44	673	504	in	NA
44	674	505	a	NA
44	675	506	couple	NA
44	676	507	of	NA
44	677	508	years.	NA
44	678	508	years.	NA
44	679	509	Fildes	He
44	680	509	Fildes	He
44	681	509	Fildes	He
44	682	510	has	NA
44	683	511	grand	NA
44	684	512	designs.	NA
44	685	512	designs.	NA
44	686	513	He	NA
44	687	514	is	NA
44	688	515	planning	NA
44	689	516	Britain's	it.
44	690	516	Britain's	it.
44	691	517	first	it.
44	692	518	“astrovillage,”	it.
44	693	518	“astrovillage,”	it.
44	694	518	“astrovillage,”	it.
44	695	518	“astrovillage,”	it.
44	696	518	“astrovillage,”	it.
44	697	518	“astrovillage,”	it.
44	698	518	“astrovillage,”	it.
44	699	518	“astrovillage,”	it.
44	700	518	“astrovillage,”	it.
44	701	519	one	it.
44	702	520	that	it.
44	703	521	would	it.
44	704	522	house	it.
44	705	523	the	it.
44	706	524	largest	it.
44	707	525	public	it.
44	708	526	observatory	it.
44	709	526	observatory	it.
44	710	527	in	it.
44	711	528	the	it.
44	712	529	world	it.
44	713	530	and	it.
44	714	531	boast	it.
44	715	532	a	it.
44	716	533	100-seat	it.
44	717	533	100-seat	it.
44	718	533	100-seat	it.
44	719	534	auditorium,	it.
44	720	534	auditorium,	it.
44	721	534	auditorium,	it.
44	722	535	a	it.
44	723	536	100-seat	it.
44	724	536	100-seat	it.
44	725	536	100-seat	it.
44	726	537	planetarium,	it.
44	727	537	planetarium,	it.
44	728	537	planetarium,	it.
44	729	538	a	it.
44	730	539	one-meter	it.
44	731	539	one-meter	it.
44	732	539	one-meter	it.
44	733	540	aperture	it.
44	734	541	telescope,	it.
44	735	541	telescope,	it.
44	736	542	and	it.
44	737	543	radiomagnetic	it.
44	738	543	radiomagnetic	it.
44	739	543	radiomagnetic	it.
44	740	544	and	it.
44	741	545	solar	it.
44	742	546	telescopes.	it.
44	743	546	telescopes.	it.
44	744	547	The	It
44	745	548	multimillion-pound	It
44	746	548	multimillion-pound	It
44	747	548	multimillion-pound	It
44	748	548	multimillion-pound	It
44	749	549	project	It
44	750	550	would	NA
44	751	551	feature	NA
44	752	552	a	NA
44	753	553	hotel	NA
44	754	554	and	NA
44	755	555	draw	NA
44	756	556	in	NA
44	757	557	100,000	them
44	758	557	100,000	them
44	759	557	100,000	them
44	760	558	people	them
44	761	559	a	NA
44	762	560	year,	NA
44	763	560	year,	NA
44	764	561	four	it.
44	765	562	times	it.
44	766	563	the	it.
44	767	564	number	it.
44	768	565	currently	it.
44	769	566	able	it.
44	770	567	to	it.
44	771	568	use	it.
44	772	569	the	it.
44	773	570	observatory.	it.
44	774	570	observatory.	it.
44	775	570	observatory.	it.
44	776	571	Fildes	He
44	777	571	Fildes	He
44	778	571	Fildes	He
44	779	572	is	NA
44	780	573	cryptic	NA
44	781	574	about	NA
44	782	575	his	NA
44	783	576	backers	NA
44	784	577	but	NA
44	785	578	believes	NA
44	786	579	the	it
44	787	580	astrovillage	it
44	788	580	astrovillage	it
44	789	580	astrovillage	it
44	790	580	astrovillage	it
44	791	581	will	NA
44	792	582	be	NA
44	793	583	a	NA
44	794	584	reality	NA
44	795	585	by	NA
44	796	586	2018.	NA
44	797	586	2018.	NA
44	798	587	However,	NA
44	799	587	However,	NA
44	800	588	Northumberland	it
44	801	588	Northumberland	it
44	802	588	Northumberland	it
44	803	589	faces	NA
44	804	590	competition.	NA
44	805	590	competition.	NA
44	806	591	Galloway	It
44	807	591	Galloway	It
44	808	592	Forest	It
44	809	593	Park	It
44	810	594	in	It
44	811	595	Scotland	It
44	812	596	also	NA
44	813	597	has	NA
44	814	598	Dark	it.
44	815	599	Sky	it.
44	816	600	Park	it.
44	817	601	status.	it.
44	818	601	status.	it.
44	819	602	Since	NA
44	820	603	Exmoor	it
44	821	603	Exmoor	it
44	822	603	Exmoor	it
44	823	604	was	NA
44	824	605	designated	NA
44	825	606	Europe's	it
44	826	606	Europe's	it
44	827	607	first	it
44	828	608	International	it
44	829	609	Dark	it
44	830	610	Sky	it
44	831	611	Reserve	it
44	832	612	–	NA
44	833	613	one	NA
44	834	614	notch	NA
44	835	615	below	NA
44	836	616	Dark	it
44	837	617	Sky	it
44	838	618	Park	it
44	839	619	–	NA
44	840	620	in	NA
44	841	621	2011,	NA
44	842	621	2011,	NA
44	843	622	a	NA
44	844	623	range	NA
44	845	624	of	NA
44	846	625	local	NA
44	847	626	businesses	NA
44	848	627	offering	NA
44	849	628	stargazing	NA
44	850	628	stargazing	NA
44	851	628	stargazing	NA
44	852	629	breaks	NA
44	853	630	and	NA
44	854	631	safaris	NA
44	855	631	safaris	NA
44	856	632	has	NA
44	857	633	sprung	NA
44	858	634	up.	NA
44	859	634	up.	NA
44	860	635	The	It
44	861	636	UK	It
44	862	637	will	NA
44	863	638	have	NA
44	864	639	to	NA
44	865	640	go	NA
44	866	641	some	NA
44	867	642	way	NA
44	868	643	to	NA
44	869	644	eclipse	NA
44	870	645	northern	NA
44	871	646	Chile,	NA
44	872	646	Chile,	NA
44	873	647	which	NA
44	874	648	boasts	NA
44	875	649	more	NA
44	876	650	than	NA
44	877	651	a	NA
44	878	652	dozen	NA
44	879	653	tourist	NA
44	880	654	observatories	NA
44	881	654	observatories	NA
44	882	655	and	NA
44	883	656	has	NA
44	884	657	some	NA
44	885	658	of	NA
44	886	659	the	NA
44	887	660	clearest	NA
44	888	660	clearest	NA
44	889	661	skies	NA
44	890	662	in	NA
44	891	663	the	it.
44	892	664	world.	it.
44	893	664	world.	it.
44	894	665	The	It
44	895	666	Teide	It
44	896	666	Teide	It
44	897	667	National	It
44	898	668	Park	It
44	899	669	in	It
44	900	670	Tenerife	It
44	901	670	Tenerife	It
44	902	670	Tenerife	It
44	903	671	is	NA
44	904	672	also	NA
44	905	673	becoming	NA
44	906	674	a	it.
44	907	675	major	it.
44	908	676	astrotourism	it.
44	909	676	astrotourism	it.
44	910	676	astrotourism	it.
44	911	676	astrotourism	it.
44	912	677	destination.	it.
44	913	677	destination.	it.
44	914	678	So,	NA
44	915	678	So,	NA
44	916	679	what	NA
44	917	680	is	NA
44	918	681	driving	NA
44	919	682	the	NA
44	920	683	desire	NA
44	921	684	to	NA
44	922	685	look	NA
44	923	686	upwards?	NA
44	924	686	upwards?	NA
44	925	687	The	NA
44	926	688	media	NA
44	927	689	have	NA
44	928	690	helped.	NA
44	929	690	helped.	NA
44	930	691	TV	NA
44	931	692	presenters	NA
44	932	692	presenters	NA
44	933	693	like	NA
44	934	694	Brian	NA
44	935	695	Cox	NA
44	936	696	have	NA
44	937	697	attracted	NA
44	938	698	a	NA
44	939	699	new	NA
44	940	700	generation	NA
44	941	701	of	NA
44	942	702	stargazers.	NA
44	943	702	stargazers.	NA
44	944	702	stargazers.	NA
44	945	702	stargazers.	NA
44	946	702	stargazers.	NA
44	947	703	Technology	NA
44	948	704	has	NA
44	949	705	also	NA
44	950	706	played	NA
44	951	707	a	NA
44	952	708	part.	NA
44	953	708	part.	NA
44	954	709	Apps	NA
44	955	710	such	NA
44	956	711	as	NA
44	957	712	Stellarium	NA
44	958	712	Stellarium	NA
44	959	713	now	NA
44	960	714	turn	NA
44	961	715	smartphones	NA
44	962	716	into	NA
44	963	717	pocket-size	NA
44	964	717	pocket-size	NA
44	965	717	pocket-size	NA
44	966	718	planetariums.	NA
44	967	718	planetariums.	NA
44	968	718	planetariums.	NA
44	969	718	planetariums.	NA
44	970	719	Ultimately,	NA
44	971	719	Ultimately,	NA
44	972	720	though,	NA
44	973	720	though,	NA
44	974	721	Fildes	he
44	975	721	Fildes	he
44	976	721	Fildes	he
44	977	722	believes	NA
44	978	723	people	NA
44	979	724	are	NA
44	980	725	starting	NA
44	981	726	to	NA
44	982	727	appreciate	NA
44	983	728	what	NA
44	984	729	lies	NA
44	985	730	above.	NA
44	986	730	above.	NA
45	0	0	On	NA
45	1	1	the	NA
45	2	2	top	NA
45	3	3	of	NA
45	4	4	a	NA
45	5	5	hill,	NA
45	6	5	hill,	NA
45	7	6	above	NA
45	8	7	Northumberland's	its
45	9	7	Northumberland's	its
45	10	7	Northumberland's	its
45	11	7	Northumberland's	its
45	12	8	beautiful	NA
45	13	9	Kielder	NA
45	14	9	Kielder	NA
45	15	9	Kielder	NA
45	16	10	Water	NA
45	17	11	lake,	NA
45	18	11	lake,	NA
45	19	12	a	they
45	20	13	group	they
45	21	14	of	they
45	22	15	people	they
45	23	16	are	NA
45	24	17	waiting	NA
45	25	18	in	NA
45	26	19	a	NA
45	27	20	car	NA
45	28	21	park	NA
45	29	22	next	NA
45	30	23	to	NA
45	31	24	a	it.
45	32	25	strange	it.
45	33	26	wooden	it.
45	34	27	building.	it.
45	35	27	building.	it.
45	36	28	They	NA
45	37	29	are	NA
45	38	30	here	NA
45	39	31	because	NA
45	40	32	of	NA
45	41	33	the	NA
45	42	34	darkness	NA
45	43	35	and	NA
45	44	36	this	NA
45	45	37	is	NA
45	46	38	Kielder	it,
45	47	38	Kielder	it,
45	48	38	Kielder	it,
45	49	39	Observatory,	it,
45	50	39	Observatory,	it,
45	51	40	the	it.
45	52	41	center	it.
45	53	42	of	it.
45	54	43	Britain's	it.
45	55	43	Britain's	it.
45	56	44	latest	it.
45	57	45	industry	it.
45	58	46	–	it.
45	59	47	astrotourism.	it.
45	60	47	astrotourism.	it.
45	61	47	astrotourism.	it.
45	62	47	astrotourism.	it.
45	63	47	astrotourism.	it.
45	64	48	The	They
45	65	49	people	They
45	66	50	who	They
45	67	51	are	They
45	68	52	waiting	They
45	69	53	outside	They
45	70	54	are	NA
45	71	55	lucky.	NA
45	72	55	lucky.	NA
45	73	56	Many	NA
45	74	57	more	NA
45	75	58	people	NA
45	76	59	apply	NA
45	77	60	for	NA
45	78	61	a	NA
45	79	62	night	NA
45	80	63	of	NA
45	81	64	stargazing	NA
45	82	64	stargazing	NA
45	83	64	stargazing	NA
45	84	65	at	NA
45	85	66	the	it
45	86	67	observatory	it
45	87	67	observatory	it
45	88	68	but	NA
45	89	69	not	NA
45	90	70	everyone	NA
45	91	71	can	NA
45	92	72	come	NA
45	93	73	because	NA
45	94	74	numbers	NA
45	95	75	are	NA
45	96	76	strictly	NA
45	97	77	limited.	NA
45	98	77	limited.	NA
45	99	78	Inside,	NA
45	100	78	Inside,	NA
45	101	79	the	he,
45	102	80	observatory's	he,
45	103	80	observatory's	he,
45	104	80	observatory's	he,
45	105	81	founder	he,
45	106	82	and	he,
45	107	83	lead	he,
45	108	84	astronomer,	he,
45	109	84	astronomer,	he,
45	110	85	Gary	he,
45	111	86	Fildes,	he,
45	112	86	Fildes,	he,
45	113	86	Fildes,	he,
45	114	86	Fildes,	he,
45	115	87	speaks	NA
45	116	88	to	NA
45	117	89	his	them.
45	118	90	colleagues.	them.
45	119	90	colleagues.	them.
45	120	91	The	They
45	121	92	team	They
45	122	93	discusses	NA
45	123	94	that	NA
45	124	95	they	NA
45	125	96	might	NA
45	126	97	see	NA
45	127	98	the	NA
45	128	99	northern	NA
45	129	100	lights	NA
45	130	101	but	NA
45	131	102	Fildes	he
45	132	102	Fildes	he
45	133	102	Fildes	he
45	134	103	doesn't	NA
45	135	103	doesn't	NA
45	136	104	think	NA
45	137	105	they	NA
45	138	106	will.	NA
45	139	106	will.	NA
45	140	107	Instead,	NA
45	141	107	Instead,	NA
45	142	108	they	NA
45	143	109	decide	NA
45	144	110	to	NA
45	145	111	use	NA
45	146	112	their	NA
45	147	113	powerful	NA
45	148	114	telescopes	NA
45	149	115	to	NA
45	150	116	look	NA
45	151	117	at	NA
45	152	118	Jupiter	NA
45	153	119	and	NA
45	154	120	Venus	it
45	155	121	and,	NA
45	156	121	and,	NA
45	157	122	later,	NA
45	158	122	later,	NA
45	159	123	to	NA
45	160	124	find	NA
45	161	125	stars	NA
45	162	126	such	NA
45	163	127	as	NA
45	164	128	Capella	NA
45	165	128	Capella	NA
45	166	129	and	NA
45	167	130	Betelgeuse.	NA
45	168	130	Betelgeuse.	NA
45	169	130	Betelgeuse.	NA
45	170	130	Betelgeuse.	NA
45	171	130	Betelgeuse.	NA
45	172	131	An	It
45	173	132	extra	It
45	174	133	attraction	It
45	175	134	is	NA
45	176	135	the	it.
45	177	136	appearance	it.
45	178	137	of	it.
45	179	138	the	it.
45	180	139	International	it.
45	181	140	Space	it.
45	182	141	Station.	it.
45	183	141	Station.	it.
45	184	142	Fildes	He
45	185	142	Fildes	He
45	186	142	Fildes	He
45	187	143	is	NA
45	188	144	a	it.
45	189	145	leading	it.
45	190	146	figure	it.
45	191	147	in	it.
45	192	148	the	it.
45	193	149	UK's	it.
45	194	149	UK's	it.
45	195	150	growing	it.
45	196	151	astrotourism	it.
45	197	151	astrotourism	it.
45	198	151	astrotourism	it.
45	199	151	astrotourism	it.
45	200	152	industry.	it.
45	201	152	industry.	it.
45	202	153	The	NA
45	203	154	key	NA
45	204	155	moment	NA
45	205	156	for	NA
45	206	157	Northumberland	it
45	207	157	Northumberland	it
45	208	157	Northumberland	it
45	209	158	came	NA
45	210	159	in	NA
45	211	160	2013	it
45	212	161	when	NA
45	213	162	the	it,
45	214	163	entire	it,
45	215	164	national	it,
45	216	165	park,	it,
45	217	165	park,	it,
45	218	166	about	NA
45	219	167	1,500	NA
45	220	167	1,500	NA
45	221	167	1,500	NA
45	222	168	square	NA
45	223	169	kilometers	NA
45	224	170	in	NA
45	225	171	area,	NA
45	226	171	area,	NA
45	227	172	got	NA
45	228	173	Dark	its.
45	229	174	Sky	its.
45	230	175	Park	its.
45	231	176	status.	its.
45	232	176	status.	its.
45	233	177	It	NA
45	234	178	is	NA
45	235	179	the	it.
45	236	180	only	it.
45	237	181	one	it.
45	238	182	in	it.
45	239	183	England.	it.
45	240	183	England.	it.
45	241	184	Dark	It
45	242	185	Sky	It
45	243	186	Parks	NA
45	244	187	are	NA
45	245	188	rare.	NA
45	246	188	rare.	NA
45	247	189	The	NA
45	248	190	2013	it
45	249	191	Star	NA
45	250	192	Count	NA
45	251	193	showed	NA
45	252	194	that	NA
45	253	195	only	NA
45	254	196	5%	NA
45	255	196	5%	NA
45	256	197	of	NA
45	257	198	the	NA
45	258	199	UK	NA
45	259	200	population	NA
45	260	201	can	NA
45	261	202	see	NA
45	262	203	more	NA
45	263	204	than	NA
45	264	205	31	NA
45	265	206	stars	NA
45	266	207	on	NA
45	267	208	a	NA
45	268	209	clear	NA
45	269	210	night.	NA
45	270	210	night.	NA
45	271	211	The	It
45	272	212	International	It
45	273	213	Dark-Sky	It
45	274	213	Dark-Sky	It
45	275	213	Dark-Sky	It
45	276	214	Association	It
45	277	215	(IDA)	(it)
45	278	215	(IDA)	(it)
45	279	215	(IDA)	(it)
45	280	216	gives	NA
45	281	217	the	it
45	282	218	status	it
45	283	219	of	it
45	284	220	Dark	it
45	285	221	Sky	it
45	286	222	Park	it
45	287	223	only	NA
45	288	224	to	NA
45	289	225	places	them.
45	290	226	that	them.
45	291	227	take	them.
45	292	228	big	them.
45	293	229	steps	them.
45	294	230	to	them.
45	295	231	prevent	them.
45	296	232	light	them.
45	297	233	pollution.	them.
45	298	233	pollution.	them.
45	299	234	The	They
45	300	235	areas	They
45	301	236	must	NA
45	302	237	also	NA
45	303	238	prove	NA
45	304	239	their	they
45	305	240	night	they
45	306	241	skies	they
45	307	242	are	NA
45	308	243	very	NA
45	309	244	dark.	NA
45	310	244	dark.	NA
45	311	245	In	NA
45	312	246	Northumberland	it,
45	313	246	Northumberland	it,
45	314	246	Northumberland	it,
45	315	247	Dark	it,
45	316	248	Sky	it,
45	317	249	Park,	it,
45	318	249	Park,	it,
45	319	250	it	NA
45	320	251	is	NA
45	321	252	so	NA
45	322	253	dark	NA
45	323	254	that	NA
45	324	255	Venus	it
45	325	256	casts	NA
45	326	257	a	NA
45	327	258	shadow	NA
45	328	259	on	NA
45	329	260	the	NA
45	330	261	Earth.	NA
45	331	261	Earth.	NA
45	332	262	Duncan	He,
45	333	263	Wise,	He,
45	334	263	Wise,	He,
45	335	264	visitor	he,
45	336	265	development	he,
45	337	266	officer	he,
45	338	267	for	he,
45	339	268	the	he,
45	340	269	Northumberland	he,
45	341	269	Northumberland	he,
45	342	269	Northumberland	he,
45	343	270	National	he,
45	344	271	Park,	he,
45	345	271	Park,	he,
45	346	272	helped	NA
45	347	273	to	NA
45	348	274	lead	NA
45	349	275	the	NA
45	350	276	campaign	NA
45	351	277	for	NA
45	352	278	dark-sky	it.
45	353	278	dark-sky	it.
45	354	278	dark-sky	it.
45	355	279	status.	it.
45	356	279	status.	it.
45	357	280	“We	NA
45	358	280	“We	NA
45	359	280	“We	NA
45	360	281	usually	NA
45	361	282	think	NA
45	362	283	that	NA
45	363	284	'landscape'	'it'
45	364	284	'landscape'	'it'
45	365	284	'landscape'	'it'
45	366	284	'landscape'	'it'
45	367	285	is	NA
45	368	286	everything	it,”
45	369	287	up	it,”
45	370	288	to	it,”
45	371	289	the	it,”
45	372	290	horizon,”	it,”
45	373	290	horizon,”	it,”
45	374	290	horizon,”	it,”
45	375	290	horizon,”	it,”
45	376	291	Wise	he
45	377	292	said.	NA
45	378	292	said.	NA
45	379	293	“But	NA
45	380	293	“But	NA
45	381	293	“But	NA
45	382	294	what	NA
45	383	295	about	NA
45	384	296	what's	NA
45	385	296	what's	NA
45	386	297	above	NA
45	387	298	the	it?”
45	388	299	horizon?”	it?”
45	389	299	horizon?”	it?”
45	390	299	horizon?”	it?”
45	391	299	horizon?”	it?”
45	392	300	Wise	they
45	393	301	and	they
45	394	302	others	they
45	395	303	spent	NA
45	396	304	years	NA
45	397	305	preparing	NA
45	398	306	their	NA
45	399	307	application	NA
45	400	308	to	NA
45	401	309	the	it
45	402	310	IDA	it
45	403	310	IDA	it
45	404	311	–	NA
45	405	312	they	NA
45	406	313	collected	NA
45	407	314	thousands	NA
45	408	315	of	NA
45	409	316	light	NA
45	410	317	readings.	NA
45	411	317	readings.	NA
45	412	318	Because	NA
45	413	319	of	NA
45	414	320	their	NA
45	415	321	hard	NA
45	416	322	work,	NA
45	417	322	work,	NA
45	418	323	many	NA
45	419	324	of	NA
45	420	325	the	NA
45	421	326	1.5	NA
45	422	326	1.5	NA
45	423	326	1.5	NA
45	424	327	million	NA
45	425	328	tourists	NA
45	426	329	who	NA
45	427	330	visit	NA
45	428	331	Northumberland	it
45	429	331	Northumberland	it
45	430	331	Northumberland	it
45	431	332	each	NA
45	432	333	year	NA
45	433	334	are	NA
45	434	335	now	NA
45	435	336	aware	NA
45	436	337	of	NA
45	437	338	its	it.
45	438	339	Dark	it.
45	439	340	Sky	it.
45	440	341	status.	it.
45	441	341	status.	it.
45	442	342	“A	“They
45	443	342	“A	“They
45	444	342	“A	“They
45	445	343	lot	“They
45	446	344	of	“They
45	447	345	people	“They
45	448	346	come	NA
45	449	347	here	NA
45	450	348	to	NA
45	451	349	see	NA
45	452	350	the	it
45	453	351	sky	it
45	454	352	now,”	NA
45	455	352	now,”	NA
45	456	352	now,”	NA
45	457	352	now,”	NA
45	458	353	says	NA
45	459	354	a	NA
45	460	355	man	NA
45	461	356	who	NA
45	462	357	works	NA
45	463	358	for	NA
45	464	359	a	NA
45	465	360	local	NA
45	466	361	car-hire	NA
45	467	361	car-hire	NA
45	468	361	car-hire	NA
45	469	362	company.	NA
45	470	362	company.	NA
45	471	363	“They	NA
45	472	363	“They	NA
45	473	363	“They	NA
45	474	364	come	NA
45	475	365	in	NA
45	476	366	autumn	NA
45	477	367	and	NA
45	478	368	winter,	NA
45	479	368	winter,	NA
45	480	369	when	NA
45	481	370	it's	NA
45	482	370	it's	NA
45	483	371	darkest.	NA
45	484	371	darkest.	NA
45	485	372	It's	NA
45	486	372	It's	NA
45	487	373	good	NA
45	488	374	for	NA
45	489	375	the	NA
45	490	376	local	NA
45	491	377	hotels	NA
45	492	378	because	NA
45	493	379	tourists	they
45	494	380	come	NA
45	495	381	all	NA
45	496	382	year	NA
45	497	383	round	NA
45	498	384	now.”	NA
45	499	384	now.”	NA
45	500	384	now.”	NA
45	501	384	now.”	NA
45	502	385	Wise	he
45	503	386	agrees	NA
45	504	387	that	NA
45	505	388	Northumberland	it
45	506	388	Northumberland	it
45	507	388	Northumberland	it
45	508	389	needs	NA
45	509	390	to	NA
45	510	391	do	NA
45	511	392	more	NA
45	512	393	to	NA
45	513	394	take	NA
45	514	395	advantage	NA
45	515	396	of	NA
45	516	397	its	NA
45	517	398	dark	NA
45	518	399	skies,	NA
45	519	399	skies,	NA
45	520	400	which	NA
45	521	401	are	NA
45	522	402	very	NA
45	523	403	rare.	NA
45	524	403	rare.	NA
45	525	404	He	NA
45	526	405	believes	NA
45	527	406	the	it
45	528	407	region	it
45	529	408	needs	NA
45	530	409	more	NA
45	531	410	observatories	NA
45	532	410	observatories	NA
45	533	411	to	NA
45	534	412	make	NA
45	535	413	sure	NA
45	536	414	that	NA
45	537	415	visitors	they
45	538	416	will	NA
45	539	417	see	NA
45	540	418	what	NA
45	541	419	they	NA
45	542	420	came	NA
45	543	421	for.	NA
45	544	421	for.	NA
45	545	422	A	It
45	546	423	new	It
45	547	424	£14-million	It
45	548	424	£14-million	It
45	549	424	£14-million	It
45	550	424	£14-million	It
45	551	425	national	It
45	552	426	landscape	It
45	553	427	discovery	It
45	554	428	center	It
45	555	429	will	NA
45	556	430	have	NA
45	557	431	an	it
45	558	432	observatory	it
45	559	432	observatory	it
45	560	433	when	NA
45	561	434	it	NA
45	562	435	is	NA
45	563	436	completed	NA
45	564	437	in	NA
45	565	438	a	NA
45	566	439	couple	NA
45	567	440	of	NA
45	568	441	years.	NA
45	569	441	years.	NA
45	570	442	Fildes	He
45	571	442	Fildes	He
45	572	442	Fildes	He
45	573	443	has	NA
45	574	444	big	NA
45	575	445	ambitions.	NA
45	576	445	ambitions.	NA
45	577	446	He	NA
45	578	447	is	NA
45	579	448	planning	NA
45	580	449	Britain's	it”
45	581	449	Britain's	it”
45	582	450	first	it”
45	583	451	“astrovillage”	it”
45	584	451	“astrovillage”	it”
45	585	451	“astrovillage”	it”
45	586	451	“astrovillage”	it”
45	587	451	“astrovillage”	it”
45	588	451	“astrovillage”	it”
45	589	451	“astrovillage”	it”
45	590	451	“astrovillage”	it”
45	591	452	–	NA
45	592	453	it	NA
45	593	454	would	NA
45	594	455	have	NA
45	595	456	the	it,
45	596	457	largest	it,
45	597	458	public	it,
45	598	459	observatory	it,
45	599	459	observatory	it,
45	600	460	in	it,
45	601	461	the	it,
45	602	462	world,	it,
45	603	462	world,	it,
45	604	463	a	NA
45	605	464	100-seat	NA
45	606	464	100-seat	NA
45	607	464	100-seat	NA
45	608	465	auditorium,	NA
45	609	465	auditorium,	NA
45	610	465	auditorium,	NA
45	611	466	a	NA
45	612	467	100-seat	NA
45	613	467	100-seat	NA
45	614	467	100-seat	NA
45	615	468	planetarium,	NA
45	616	468	planetarium,	NA
45	617	468	planetarium,	NA
45	618	469	and	NA
45	619	470	radiomagnetic	NA
45	620	470	radiomagnetic	NA
45	621	470	radiomagnetic	NA
45	622	471	and	NA
45	623	472	solar	NA
45	624	473	telescopes.	NA
45	625	473	telescopes.	NA
45	626	474	The	It
45	627	475	multimillion-pound	It
45	628	475	multimillion-pound	It
45	629	475	multimillion-pound	It
45	630	475	multimillion-pound	It
45	631	476	project	It
45	632	477	would	NA
45	633	478	also	NA
45	634	479	have	NA
45	635	480	a	NA
45	636	481	hotel	NA
45	637	482	and	NA
45	638	483	attract	NA
45	639	484	100,000	them
45	640	484	100,000	them
45	641	484	100,000	them
45	642	485	visitors	them
45	643	486	a	NA
45	644	487	year	NA
45	645	488	–	NA
45	646	489	that	NA
45	647	490	is	NA
45	648	491	four	NA
45	649	492	times	NA
45	650	493	the	it.
45	651	494	number	it.
45	652	495	that	it.
45	653	496	are	it.
45	654	497	currently	it.
45	655	498	able	it.
45	656	499	to	it.
45	657	500	use	it.
45	658	501	the	it.
45	659	502	observatory.	it.
45	660	502	observatory.	it.
45	661	502	observatory.	it.
45	662	503	Fildes	He
45	663	503	Fildes	He
45	664	503	Fildes	He
45	665	504	believes	NA
45	666	505	the	it
45	667	506	astrovillage	it
45	668	506	astrovillage	it
45	669	506	astrovillage	it
45	670	506	astrovillage	it
45	671	507	will	NA
45	672	508	be	NA
45	673	509	a	NA
45	674	510	reality	NA
45	675	511	by	NA
45	676	512	2018.	NA
45	677	512	2018.	NA
45	678	513	However,	NA
45	679	513	However,	NA
45	680	514	Northumberland	it
45	681	514	Northumberland	it
45	682	514	Northumberland	it
45	683	515	has	NA
45	684	516	competition.	NA
45	685	516	competition.	NA
45	686	517	Galloway	NA
45	687	517	Galloway	NA
45	688	518	Forest	NA
45	689	519	Park	NA
45	690	520	in	NA
45	691	521	Scotland	NA
45	692	522	also	NA
45	693	523	has	NA
45	694	524	Dark	NA
45	695	525	Sky	NA
45	696	526	Park	NA
45	697	527	status.	NA
45	698	527	status.	NA
45	699	528	Exmoor	It
45	700	528	Exmoor	It
45	701	528	Exmoor	It
45	702	529	in	It
45	703	530	south-west	It
45	704	530	south-west	It
45	705	530	south-west	It
45	706	531	England	It
45	707	532	became	NA
45	708	533	Europe's	it
45	709	533	Europe's	it
45	710	534	first	it
45	711	535	International	it
45	712	536	Dark	it
45	713	537	Sky	it
45	714	538	Reserve	it
45	715	539	–	NA
45	716	540	one	NA
45	717	541	level	NA
45	718	542	below	NA
45	719	543	Dark	NA
45	720	544	Sky	NA
45	721	545	Park	NA
45	722	546	–	NA
45	723	547	in	NA
45	724	548	2011.	NA
45	725	548	2011.	NA
45	726	549	A	NA
45	727	550	number	NA
45	728	551	of	NA
45	729	552	local	NA
45	730	553	businesses	NA
45	731	554	there	NA
45	732	555	now	NA
45	733	556	offer	NA
45	734	557	stargazing	NA
45	735	557	stargazing	NA
45	736	557	stargazing	NA
45	737	558	holidays.	NA
45	738	558	holidays.	NA
45	739	559	The	It
45	740	560	UK	It
45	741	561	is	NA
45	742	562	not	NA
45	743	563	as	NA
45	744	564	good	NA
45	745	565	as	NA
45	746	566	northern	NA
45	747	567	Chile,	NA
45	748	567	Chile,	NA
45	749	568	which	NA
45	750	569	has	NA
45	751	570	more	NA
45	752	571	than	NA
45	753	572	ten	NA
45	754	573	tourist	NA
45	755	574	observatories	NA
45	756	574	observatories	NA
45	757	575	and	NA
45	758	576	some	NA
45	759	577	of	NA
45	760	578	the	NA
45	761	579	clearest	NA
45	762	579	clearest	NA
45	763	580	skies	NA
45	764	581	in	NA
45	765	582	the	it.
45	766	583	world.	it.
45	767	583	world.	it.
45	768	584	So,	NA
45	769	584	So,	NA
45	770	585	why	NA
45	771	586	do	NA
45	772	587	people	they
45	773	588	want	NA
45	774	589	to	NA
45	775	590	look	NA
45	776	591	at	NA
45	777	592	the	it?
45	778	593	night	it?
45	779	594	sky?	it?
45	780	594	sky?	it?
45	781	595	The	NA
45	782	596	media	NA
45	783	597	have	NA
45	784	598	helped.	NA
45	785	598	helped.	NA
45	786	599	TV	NA
45	787	600	programmes	NA
45	788	601	about	NA
45	789	602	astronomy	it
45	790	603	have	NA
45	791	604	attracted	NA
45	792	605	a	NA
45	793	606	new	NA
45	794	607	generation	NA
45	795	608	of	NA
45	796	609	stargazers.	NA
45	797	609	stargazers.	NA
45	798	609	stargazers.	NA
45	799	609	stargazers.	NA
45	800	609	stargazers.	NA
45	801	610	Technology	NA
45	802	611	has	NA
45	803	612	also	NA
45	804	613	made	NA
45	805	614	astronomy	it
45	806	615	more	NA
45	807	616	popular.	NA
45	808	616	popular.	NA
45	809	617	Apps	NA
45	810	618	such	NA
45	811	619	as	NA
45	812	620	Stellarium	NA
45	813	620	Stellarium	NA
45	814	621	now	NA
45	815	622	turn	NA
45	816	623	smartphones	NA
45	817	624	into	NA
45	818	625	pocket-size	NA
45	819	625	pocket-size	NA
45	820	625	pocket-size	NA
45	821	626	planetariums.	NA
45	822	626	planetariums.	NA
45	823	626	planetariums.	NA
45	824	626	planetariums.	NA
45	825	627	But	NA
45	826	628	Fildes	he
45	827	628	Fildes	he
45	828	628	Fildes	he
45	829	629	believes	NA
45	830	630	that,	NA
45	831	630	that,	NA
45	832	631	most	NA
45	833	632	importantly,	NA
45	834	632	importantly,	NA
45	835	633	people	they
45	836	634	are	NA
45	837	635	starting	NA
45	838	636	to	NA
45	839	637	appreciate	NA
45	840	638	the	it.
45	841	639	sky.	it.
45	842	639	sky.	it.
46	0	0	The	NA
46	1	1	regulation	NA
46	2	2	eight	NA
46	3	3	hours	NA
46	4	4	in	NA
46	5	5	the	it
46	6	6	office	it
46	7	7	is	NA
46	8	8	over.	NA
46	9	8	over.	NA
46	10	9	The	It.
46	11	10	most	It.
46	12	11	important	It.
46	13	12	work	It.
46	14	13	of	It.
46	15	14	the	It.
46	16	15	day	It.
46	17	16	is	It.
46	18	17	done;	It.
46	19	17	done;	It.
46	20	18	whatever	It.
46	21	19	is	It.
46	22	20	left	It.
46	23	21	can	It.
46	24	22	wait	It.
46	25	23	until	It.
46	26	24	the	It.
46	27	25	morning.	It.
46	28	25	morning.	It.
46	29	26	This	NA
46	30	27	is	NA
46	31	28	the	it.
46	32	29	point	it.
46	33	30	many	it.
46	34	31	workers	it.
46	35	32	would	it.
46	36	33	think	it.
46	37	34	about	it.
46	38	35	heading	it.
46	39	36	for	it.
46	40	37	the	it.
46	41	38	door.	it.
46	42	38	door.	it.
46	43	39	Yet,	NA
46	44	39	Yet,	NA
46	45	40	for	NA
46	46	41	millions	them,
46	47	42	of	them,
46	48	43	Japanese	them,
46	49	44	employees,	them,
46	50	44	employees,	them,
46	51	45	the	NA
46	52	46	thought	NA
46	53	47	of	NA
46	54	48	clearing	NA
46	55	49	away	NA
46	56	50	their	NA
46	57	51	desks	NA
46	58	52	and	NA
46	59	53	being	NA
46	60	54	at	NA
46	61	55	home	NA
46	62	56	in	NA
46	63	57	time	NA
46	64	58	for	NA
46	65	59	dinner	NA
46	66	60	is	NA
46	67	61	enough	NA
46	68	62	to	NA
46	69	63	invite	NA
46	70	64	accusations	NA
46	71	65	of	NA
46	72	66	disloyalty	NA
46	73	66	disloyalty	NA
46	74	66	disloyalty	NA
46	75	67	to	NA
46	76	68	the	it.
46	77	69	company.	it.
46	78	69	company.	it.
46	79	70	But,	NA
46	80	70	But,	NA
46	81	71	after	NA
46	82	72	decades	NA
46	83	73	of	NA
46	84	74	giving	NA
46	85	75	companies	them
46	86	76	carte	NA
46	87	76	carte	NA
46	88	77	blanche	NA
46	89	77	blanche	NA
46	90	78	to	NA
46	91	79	milk	NA
46	92	80	every	NA
46	93	81	last	NA
46	94	82	drop	NA
46	95	83	of	NA
46	96	84	productivity	NA
46	97	85	from	NA
46	98	86	their	NA
46	99	87	workforce,	NA
46	100	87	workforce,	NA
46	101	88	a	it
46	102	89	challenge	it
46	103	90	to	it
46	104	91	Japan's	it
46	105	91	Japan's	it
46	106	92	ingrained	it
46	107	93	culture	it
46	108	94	of	it
46	109	95	overwork	it
46	110	95	overwork	it
46	111	96	has	NA
46	112	97	come	NA
46	113	98	from	NA
46	114	99	the	it.
46	115	100	government,	it.
46	116	100	government,	it.
46	117	101	which	it.
46	118	102	is	it.
46	119	103	considering	it.
46	120	104	making	it.
46	121	105	it	it.
46	122	106	a	it.
46	123	107	legal	it.
46	124	108	requirement	it.
46	125	109	for	it.
46	126	110	workers	it.
46	127	111	to	it.
46	128	112	take	it.
46	129	113	at	it.
46	130	114	least	it.
46	131	115	five	it.
46	132	116	days'	it.
46	133	116	days'	it.
46	134	117	paid	it.
46	135	118	holiday	it.
46	136	119	a	it.
46	137	120	year.	it.
46	138	120	year.	it.
46	139	121	Japanese	They
46	140	122	employees	They
46	141	123	are	NA
46	142	124	currently	NA
46	143	125	entitled	NA
46	144	126	to	NA
46	145	127	an	it
46	146	128	average	it
46	147	129	18.5	it
46	148	129	18.5	it
46	149	129	18.5	it
46	150	130	days'	it
46	151	130	days'	it
46	152	131	paid	it
46	153	132	holiday	it
46	154	133	a	it
46	155	134	year	it
46	156	135	–	NA
46	157	136	only	NA
46	158	137	two	NA
46	159	138	fewer	NA
46	160	139	than	NA
46	161	140	the	NA
46	162	141	global	NA
46	163	142	average	NA
46	164	143	–	NA
46	165	144	with	NA
46	166	145	a	NA
46	167	146	minimum	NA
46	168	147	of	NA
46	169	148	ten	NA
46	170	149	days,	NA
46	171	149	days,	NA
46	172	150	as	NA
46	173	151	well	NA
46	174	152	as	NA
46	175	153	15	NA
46	176	154	one-day	NA
46	177	154	one-day	NA
46	178	154	one-day	NA
46	179	155	national	NA
46	180	156	holidays.	NA
46	181	156	holidays.	NA
46	182	157	In	NA
46	183	158	reality,	NA
46	184	158	reality,	NA
46	185	159	few	it
46	186	160	come	NA
46	187	161	even	NA
46	188	162	close	NA
46	189	163	to	NA
46	190	164	taking	NA
46	191	165	their	NA
46	192	166	full	NA
46	193	167	quota,	NA
46	194	167	quota,	NA
46	195	168	typically	NA
46	196	169	using	NA
46	197	170	only	NA
46	198	171	nine	NA
46	199	172	of	NA
46	200	173	their	them.
46	201	174	18.5-day	them.
46	202	174	18.5-day	them.
46	203	174	18.5-day	them.
46	204	174	18.5-day	them.
46	205	174	18.5-day	them.
46	206	175	average	them.
46	207	176	entitlement.	them.
46	208	176	entitlement.	them.
46	209	177	While	NA
46	210	178	many	NA
46	211	179	British	NA
46	212	180	workers	NA
46	213	181	regard	NA
46	214	182	a	NA
46	215	183	two-week	NA
46	216	183	two-week	NA
46	217	183	two-week	NA
46	218	184	summer	NA
46	219	185	holiday	NA
46	220	186	as	NA
46	221	187	an	NA
46	222	188	inalienable	NA
46	223	188	inalienable	NA
46	224	188	inalienable	NA
46	225	189	right,	NA
46	226	189	right,	NA
46	227	190	workers	NA
46	228	191	in	NA
46	229	192	Japan	it
46	230	193	have	NA
46	231	194	come	NA
46	232	195	to	NA
46	233	196	see	NA
46	234	197	a	NA
46	235	198	four-night	NA
46	236	198	four-night	NA
46	237	198	four-night	NA
46	238	199	vacation	NA
46	239	200	as	NA
46	240	201	the	NA
46	241	202	height	NA
46	242	203	of	NA
46	243	204	self-indulgence.	NA
46	244	204	self-indulgence.	NA
46	245	204	self-indulgence.	NA
46	246	204	self-indulgence.	NA
46	247	204	self-indulgence.	NA
46	248	204	self-indulgence.	NA
46	249	205	The	It,
46	250	206	move,	It,
46	251	206	move,	It,
46	252	207	to	It,
46	253	208	be	It,
46	254	209	debated	It,
46	255	210	in	It,
46	256	211	the	It,
46	257	212	current	It,
46	258	213	parliamentary	It,
46	259	214	session,	It,
46	260	214	session,	It,
46	261	215	comes	NA
46	262	216	after	NA
46	263	217	companies	they
46	264	218	started	NA
46	265	219	encouraging	NA
46	266	220	employees	them
46	267	221	to	NA
46	268	222	nap	NA
46	269	223	on	NA
46	270	224	the	NA
46	271	225	job	NA
46	272	226	to	NA
46	273	227	improve	NA
46	274	228	their	NA
46	275	229	performance.	NA
46	276	229	performance.	NA
46	277	230	By	NA
46	278	231	the	NA
46	279	232	end	NA
46	280	233	of	NA
46	281	234	the	NA
46	282	235	decade,	NA
46	283	235	decade,	NA
46	284	236	the	it
46	285	237	government	it
46	286	238	hopes	NA
46	287	239	that,	NA
46	288	239	that,	NA
46	289	240	if	NA
46	290	241	passed,	NA
46	291	241	passed,	NA
46	292	242	the	it
46	293	243	law	it
46	294	244	will	NA
46	295	245	push	NA
46	296	246	Japanese	them
46	297	247	employees	them
46	298	248	towards	NA
46	299	249	following	NA
46	300	250	the	NA
46	301	251	example	NA
46	302	252	set	NA
46	303	253	by	NA
46	304	254	British	NA
46	305	255	workers,	NA
46	306	255	workers,	NA
46	307	256	who	NA
46	308	257	use	NA
46	309	258	an	NA
46	310	259	average	NA
46	311	260	of	NA
46	312	261	20	NA
46	313	262	days'	NA
46	314	262	days'	NA
46	315	263	paid	NA
46	316	264	annual	NA
46	317	265	leave,	NA
46	318	265	leave,	NA
46	319	266	and	NA
46	320	267	those	NA
46	321	268	in	NA
46	322	269	France,	it,
46	323	269	France,	it,
46	324	270	who	NA
46	325	271	take	NA
46	326	272	an	NA
46	327	273	average	NA
46	328	274	of	NA
46	329	275	25.	NA
46	330	275	25.	NA
46	331	276	Japan's	It
46	332	276	Japan's	It
46	333	277	unforgiving	It
46	334	277	unforgiving	It
46	335	278	work	It
46	336	279	culture	It
46	337	280	may	NA
46	338	281	have	NA
46	339	282	helped	NA
46	340	283	turn	NA
46	341	284	it	NA
46	342	285	into	NA
46	343	286	an	NA
46	344	287	economic	NA
46	345	288	superpower,	NA
46	346	288	superpower,	NA
46	347	289	its	its,
46	348	290	corporate	its,
46	349	291	foot	its,
46	350	292	soldiers	its,
46	351	293	revered	its,
46	352	294	in	its,
46	353	295	the	its,
46	354	296	rest	its,
46	355	297	of	its,
46	356	298	the	its,
46	357	299	world	its,
46	358	300	for	its,
46	359	301	their	its,
46	360	302	commitment	its,
46	361	303	to	its,
46	362	304	the	its,
46	363	305	company,	its,
46	364	305	company,	its,
46	365	306	but	NA
46	366	307	this	NA
46	367	308	has	NA
46	368	309	often	NA
46	369	310	been	NA
46	370	311	to	NA
46	371	312	the	NA
46	372	313	exclusion	NA
46	373	314	of	NA
46	374	315	everything	NA
46	375	316	else.	NA
46	376	316	else.	NA
46	377	317	Japan's	Its
46	378	317	Japan's	Its
46	379	318	low	NA
46	380	319	birth	NA
46	381	320	rate	NA
46	382	321	and	NA
46	383	322	predictions	NA
46	384	323	of	NA
46	385	324	rapid	NA
46	386	325	population	NA
46	387	326	decline	NA
46	388	327	are	NA
46	389	328	partly	NA
46	390	329	blamed	NA
46	391	330	on	NA
46	392	331	the	NA
46	393	332	lack	NA
46	394	333	of	NA
46	395	334	time	NA
46	396	335	couples	NA
46	397	336	have	NA
46	398	337	to	NA
46	399	338	start	NA
46	400	339	families.	NA
46	401	339	families.	NA
46	402	340	More	NA
46	403	341	employees	NA
46	404	342	are	NA
46	405	343	falling	NA
46	406	344	ill	NA
46	407	345	from	NA
46	408	346	stress,	NA
46	409	346	stress,	NA
46	410	347	or	NA
46	411	348	worse,	NA
46	412	348	worse,	NA
46	413	349	succumbing	NA
46	414	349	succumbing	NA
46	415	350	to	NA
46	416	351	karoshi,	it,
46	417	351	karoshi,	it,
46	418	351	karoshi,	it,
46	419	351	karoshi,	it,
46	420	352	death	it.
46	421	353	through	it.
46	422	354	overwork.	it.
46	423	354	overwork.	it.
46	424	354	overwork.	it.
46	425	355	Despite	NA
46	426	356	studies	NA
46	427	357	suggesting	NA
46	428	358	that	NA
46	429	359	longer	they
46	430	360	hours	they
46	431	361	in	NA
46	432	362	the	it
46	433	363	office	it
46	434	364	or	NA
46	435	365	workshop	NA
46	436	366	or	NA
46	437	367	on	NA
46	438	368	the	NA
46	439	369	factory	NA
46	440	370	floor	NA
46	441	371	do	NA
46	442	372	not	NA
46	443	373	necessarily	NA
46	444	374	make	NA
46	445	375	people	NA
46	446	376	more	NA
46	447	377	productive,	NA
46	448	377	productive,	NA
46	449	378	today's	NA
46	450	378	today's	NA
46	451	379	workers	NA
46	452	380	are	NA
46	453	381	still	NA
46	454	382	nursing	NA
46	455	383	a	NA
46	456	384	collective	NA
46	457	385	hangover	NA
46	458	385	hangover	NA
46	459	386	from	NA
46	460	387	the	NA
46	461	388	bubble	NA
46	462	389	years	NA
46	463	390	of	NA
46	464	391	the	NA
46	465	392	1980s.	NA
46	466	392	1980s.	NA
46	467	392	1980s.	NA
46	468	393	About	NA
46	469	394	22%	NA
46	470	394	22%	NA
46	471	395	of	NA
46	472	396	Japanese	NA
46	473	397	work	NA
46	474	398	more	NA
46	475	399	than	NA
46	476	400	49	NA
46	477	401	hours	NA
46	478	402	a	NA
46	479	403	week,	NA
46	480	403	week,	NA
46	481	404	compared	NA
46	482	405	with	NA
46	483	406	16%	NA
46	484	406	16%	NA
46	485	407	of	NA
46	486	408	US	NA
46	487	409	workers	NA
46	488	410	and	NA
46	489	411	11%	NA
46	490	411	11%	NA
46	491	412	in	NA
46	492	413	France	it
46	493	414	and	NA
46	494	415	Germany,	NA
46	495	415	Germany,	NA
46	496	416	according	NA
46	497	417	to	NA
46	498	418	data	NA
46	499	419	from	NA
46	500	420	the	it.
46	501	421	Japanese	it.
46	502	422	government.	it.
46	503	422	government.	it.
46	504	423	In	NA
46	505	424	spending	NA
46	506	425	14	NA
46	507	426	hours	NA
46	508	427	a	NA
46	509	428	day	NA
46	510	429	at	NA
46	511	430	work	it
46	512	431	and	NA
46	513	432	giving	NA
46	514	433	up	NA
46	515	434	many	NA
46	516	435	of	NA
46	517	436	her	NA
46	518	437	paid	NA
46	519	438	holidays,	NA
46	520	438	holidays,	NA
46	521	439	Erika	she
46	522	439	Erika	she
46	523	440	Sekiguchi	she
46	524	440	Sekiguchi	she
46	525	440	Sekiguchi	she
46	526	441	is	NA
46	527	442	not	NA
46	528	443	even	NA
46	529	444	an	NA
46	530	445	extreme	NA
46	531	446	example.	NA
46	532	446	example.	NA
46	533	447	The	She
46	534	448	36-year-old	She
46	535	448	36-year-old	She
46	536	448	36-year-old	She
46	537	448	36-year-old	She
46	538	448	36-year-old	She
46	539	449	trading	She
46	540	450	company	She
46	541	451	employee	She
46	542	452	used	NA
46	543	453	eight	NA
46	544	454	of	NA
46	545	455	her	NA
46	546	456	20	NA
46	547	457	days	NA
46	548	458	of	NA
46	549	459	paid	NA
46	550	460	vacation	NA
46	551	461	in	NA
46	552	462	2014,	NA
46	553	462	2014,	NA
46	554	463	six	NA
46	555	464	of	NA
46	556	465	which	NA
46	557	466	counted	NA
46	558	467	as	NA
46	559	468	sick	NA
46	560	469	leave.	NA
46	561	469	leave.	NA
46	562	470	“Nobody	“It
46	563	470	“Nobody	“It
46	564	470	“Nobody	“It
46	565	471	else	“It
46	566	472	uses	NA
46	567	473	their	NA
46	568	474	vacation	NA
46	569	475	days,”	NA
46	570	475	days,”	NA
46	571	475	days,”	NA
46	572	475	days,”	NA
46	573	476	Sekiguchi	she
46	574	476	Sekiguchi	she
46	575	476	Sekiguchi	she
46	576	477	said.	NA
46	577	477	said.	NA
46	578	478	She	NA
46	579	479	faces	NA
46	580	480	a	NA
46	581	481	dilemma:	NA
46	582	481	dilemma:	NA
46	583	482	never	NA
46	584	483	to	NA
46	585	484	take	NA
46	586	485	time	NA
46	587	486	off	NA
46	588	487	or	NA
46	589	488	to	NA
46	590	489	invite	NA
46	591	490	criticism	NA
46	592	491	for	NA
46	593	492	leaving	NA
46	594	493	her	NA
46	595	494	colleagues	NA
46	596	495	in	NA
46	597	496	the	NA
46	598	497	lurch.	NA
46	599	497	lurch.	NA
46	600	497	lurch.	NA
46	601	498	Yuu	He,
46	602	498	Yuu	He,
46	603	499	Wakebe,	He,
46	604	499	Wakebe,	He,
46	605	499	Wakebe,	He,
46	606	500	a	he,
46	607	501	health	he,
46	608	502	ministry	he,
46	609	503	official	he,
46	610	504	overseeing	he,
46	611	505	policy	he,
46	612	506	on	he,
46	613	507	working	he,
46	614	508	hours,	he,
46	615	508	hours,	he,
46	616	509	who	NA
46	617	510	admits	NA
46	618	511	putting	NA
46	619	512	in	NA
46	620	513	100	NA
46	621	514	hours	NA
46	622	515	of	NA
46	623	516	overtime	NA
46	624	517	a	NA
46	625	518	month,	NA
46	626	518	month,	NA
46	627	519	blames	NA
46	628	520	the	NA
46	629	521	irresistible	NA
46	630	522	pressure	NA
46	631	523	to	NA
46	632	524	match	NA
46	633	525	one's	NA
46	634	525	one's	NA
46	635	526	colleagues,	NA
46	636	526	colleagues,	NA
46	637	527	hour	NA
46	638	528	for	NA
46	639	529	hour.	NA
46	640	529	hour.	NA
46	641	530	“It	NA
46	642	530	“It	NA
46	643	530	“It	NA
46	644	531	is	NA
46	645	532	a	it,”
46	646	533	worker's	it,”
46	647	533	worker's	it,”
46	648	534	right	it,”
46	649	535	to	it,”
46	650	536	take	it,”
46	651	537	paid	it,”
46	652	538	vacations,”	it,”
46	653	538	vacations,”	it,”
46	654	538	vacations,”	it,”
46	655	538	vacations,”	it,”
46	656	539	Wakebe	he
46	657	539	Wakebe	he
46	658	540	said.	NA
46	659	540	said.	NA
46	660	541	“But	NA
46	661	541	“But	NA
46	662	541	“But	NA
46	663	542	unfortunately	NA
46	664	543	working	NA
46	665	544	in	NA
46	666	545	Japan	it
46	667	546	involves	NA
46	668	547	quite	NA
46	669	548	a	NA
46	670	549	lot	NA
46	671	550	of	NA
46	672	551	volunteer	NA
46	673	552	spirit.”	NA
46	674	552	spirit.”	NA
46	675	552	spirit.”	NA
46	676	552	spirit.”	NA
46	677	553	That	NA
46	678	554	fear	NA
46	679	555	of	NA
46	680	556	being	NA
46	681	557	ostracized	NA
46	682	557	ostracized	NA
46	683	557	ostracized	NA
46	684	558	at	NA
46	685	559	work	it
46	686	560	is	NA
46	687	561	being	NA
46	688	562	blamed	NA
46	689	563	for	NA
46	690	564	a	NA
46	691	565	rise	NA
46	692	566	in	NA
46	693	567	stress-related	NA
46	694	567	stress-related	NA
46	695	567	stress-related	NA
46	696	568	illness,	NA
46	697	568	illness,	NA
46	698	569	premature	NA
46	699	570	death	NA
46	700	571	and	NA
46	701	572	suicide.	NA
46	702	572	suicide.	NA
46	703	573	According	NA
46	704	574	to	NA
46	705	575	official	NA
46	706	576	data,	NA
46	707	576	data,	NA
46	708	577	about	NA
46	709	578	200	NA
46	710	579	people	NA
46	711	580	die	NA
46	712	581	every	NA
46	713	582	year	NA
46	714	583	from	NA
46	715	584	heart	NA
46	716	585	attacks,	NA
46	717	585	attacks,	NA
46	718	586	strokes	NA
46	719	587	and	NA
46	720	588	other	NA
46	721	589	karoshi	NA
46	722	589	karoshi	NA
46	723	589	karoshi	NA
46	724	590	events	NA
46	725	591	brought	NA
46	726	592	on	NA
46	727	593	by	NA
46	728	594	punishing	NA
46	729	595	work	NA
46	730	596	schedules.	NA
46	731	596	schedules.	NA
46	732	597	The	He,
46	733	598	prime	He,
46	734	599	minister,	He,
46	735	599	minister,	He,
46	736	600	Shinzo	he,
46	737	601	Abe,	he,
46	738	601	Abe,	he,
46	739	602	is	NA
46	740	603	not	NA
46	741	604	known	NA
46	742	605	for	NA
46	743	606	taking	NA
46	744	607	long	NA
46	745	608	vacations.	NA
46	746	608	vacations.	NA
46	747	609	Yet	NA
46	748	610	even	NA
46	749	611	he	NA
46	750	612	has	NA
46	751	613	spoken	NA
46	752	614	out	NA
46	753	615	against	NA
46	754	616	the	NA
46	755	617	unreasonable	NA
46	756	618	demands	NA
46	757	619	companies	they
46	758	620	place	NA
46	759	621	on	NA
46	760	622	their	NA
46	761	623	employees	NA
46	762	624	as	NA
46	763	625	they	NA
46	764	626	struggle	NA
46	765	627	to	NA
46	766	628	stay	NA
46	767	629	afloat	NA
46	768	630	in	NA
46	769	631	a	NA
46	770	632	more	NA
46	771	633	complex	NA
46	772	634	globalized	NA
46	773	634	globalized	NA
46	774	635	market.	NA
46	775	635	market.	NA
46	776	636	Japan's	It,
46	777	636	Japan's	It,
46	778	637	working	It,
46	779	638	culture,	It,
46	780	638	culture,	It,
46	781	639	Abe	he
46	782	640	said	NA
46	783	641	recently,	NA
46	784	641	recently,	NA
46	785	642	“falsely	NA
46	786	642	“falsely	NA
46	787	642	“falsely	NA
46	788	642	“falsely	NA
46	789	643	beatifies	NA
46	790	643	beatifies	NA
46	791	644	long	them”.
46	792	645	hours”.	them”.
46	793	645	hours”.	them”.
46	794	645	hours”.	them”.
46	795	645	hours”.	them”.
47	0	0	You've	NA
47	1	0	You've	NA
47	2	1	spent	NA
47	3	2	eight	NA
47	4	3	hours	NA
47	5	4	in	NA
47	6	5	the	it.
47	7	6	office.	it.
47	8	6	office.	it.
47	9	7	You've	NA
47	10	7	You've	NA
47	11	8	finished	NA
47	12	9	the	NA
47	13	10	most	NA
47	14	11	important	NA
47	15	12	work	NA
47	16	13	of	NA
47	17	14	the	NA
47	18	15	day.	NA
47	19	15	day.	NA
47	20	16	This	NA
47	21	17	is	NA
47	22	18	the	it.
47	23	19	time	it.
47	24	20	when	it.
47	25	21	most	it.
47	26	22	workers	it.
47	27	23	would	it.
47	28	24	think	it.
47	29	25	about	it.
47	30	26	going	it.
47	31	27	home.	it.
47	32	27	home.	it.
47	33	28	But,	NA
47	34	28	But,	NA
47	35	29	for	NA
47	36	30	millions	they,
47	37	31	of	they,
47	38	32	Japanese	they,
47	39	33	employees,	they,
47	40	33	employees,	they,
47	41	34	if	NA
47	42	35	they	NA
47	43	36	leave	NA
47	44	37	work	it
47	45	38	and	NA
47	46	39	arrive	NA
47	47	40	home	NA
47	48	41	in	NA
47	49	42	time	NA
47	50	43	for	NA
47	51	44	dinner,	NA
47	52	44	dinner,	NA
47	53	45	people	NA
47	54	46	say	NA
47	55	47	that	NA
47	56	48	they	NA
47	57	49	are	NA
47	58	50	disloyal	NA
47	59	50	disloyal	NA
47	60	51	to	NA
47	61	52	their	NA
47	62	53	company.	NA
47	63	53	company.	NA
47	64	54	But	NA
47	65	55	now,	NA
47	66	55	now,	NA
47	67	56	the	it
47	68	57	government	it
47	69	58	is	NA
47	70	59	trying	NA
47	71	60	to	NA
47	72	61	do	NA
47	73	62	something	NA
47	74	63	about	NA
47	75	64	Japan's	its
47	76	64	Japan's	its
47	77	65	culture	NA
47	78	66	of	NA
47	79	67	overwork.	NA
47	80	67	overwork.	NA
47	81	67	overwork.	NA
47	82	68	It	NA
47	83	69	wants	NA
47	84	70	to	NA
47	85	71	make	NA
47	86	72	workers	them
47	87	73	take	NA
47	88	74	at	NA
47	89	75	least	NA
47	90	76	five	NA
47	91	77	days'	NA
47	92	77	days'	NA
47	93	78	paid	NA
47	94	79	holiday	NA
47	95	80	a	it.
47	96	81	year.	it.
47	97	81	year.	it.
47	98	82	Japanese	They
47	99	83	employees	They
47	100	84	are	NA
47	101	85	allowed	NA
47	102	86	an	NA
47	103	87	average	NA
47	104	88	of	NA
47	105	89	18.5	NA
47	106	89	18.5	NA
47	107	89	18.5	NA
47	108	90	days'	NA
47	109	90	days'	NA
47	110	91	paid	NA
47	111	92	holiday	NA
47	112	93	a	it,
47	113	94	year,	it,
47	114	94	year,	it,
47	115	95	fewer	NA
47	116	96	than	NA
47	117	97	the	NA
47	118	98	global	NA
47	119	99	average.	NA
47	120	99	average.	NA
47	121	100	Companies	They
47	122	101	must	NA
47	123	102	allow	NA
47	124	103	them	NA
47	125	104	a	NA
47	126	105	minimum	NA
47	127	106	of	NA
47	128	107	ten	NA
47	129	108	days'	NA
47	130	108	days'	NA
47	131	109	paid	NA
47	132	110	holiday,	NA
47	133	110	holiday,	NA
47	134	111	plus	NA
47	135	112	15	them.
47	136	113	one-day	them.
47	137	113	one-day	them.
47	138	113	one-day	them.
47	139	114	national	them.
47	140	115	holidays.	them.
47	141	115	holidays.	them.
47	142	116	But	NA
47	143	117	very	NA
47	144	118	few	NA
47	145	119	employees	NA
47	146	120	take	NA
47	147	121	these	them.
47	148	122	days.	them.
47	149	122	days.	them.
47	150	123	Most	NA
47	151	124	take	NA
47	152	125	only	NA
47	153	126	nine	NA
47	154	127	days	NA
47	155	128	of	NA
47	156	129	holiday,	NA
47	157	129	holiday,	NA
47	158	130	according	NA
47	159	131	to	NA
47	160	132	the	it.
47	161	133	labor	it.
47	162	134	ministry.	it.
47	163	134	ministry.	it.
47	164	135	Many	They
47	165	136	British	They
47	166	137	workers	They
47	167	138	think	NA
47	168	139	that	NA
47	169	140	a	NA
47	170	141	two-week	NA
47	171	141	two-week	NA
47	172	141	two-week	NA
47	173	142	summer	NA
47	174	143	holiday	NA
47	175	144	is	NA
47	176	145	their	NA
47	177	146	right	NA
47	178	147	but	NA
47	179	148	workers	NA
47	180	149	in	NA
47	181	150	Japan	it
47	182	151	think	NA
47	183	152	that	NA
47	184	153	a	it
47	185	154	four-night	it
47	186	154	four-night	it
47	187	154	four-night	it
47	188	155	vacation	it
47	189	156	is	NA
47	190	157	a	it.
47	191	158	big	it.
47	192	159	self-indulgence.	it.
47	193	159	self-indulgence.	it.
47	194	159	self-indulgence.	it.
47	195	159	self-indulgence.	it.
47	196	159	self-indulgence.	it.
47	197	159	self-indulgence.	it.
47	198	160	By	NA
47	199	161	2020,	NA
47	200	161	2020,	NA
47	201	162	the	it
47	202	163	government	it
47	203	164	hopes	NA
47	204	165	that	NA
47	205	166	the	NA
47	206	167	law	NA
47	207	168	will	NA
47	208	169	make	NA
47	209	170	Japanese	them
47	210	171	employees	them
47	211	172	follow	NA
47	212	173	the	NA
47	213	174	example	NA
47	214	175	of	NA
47	215	176	British	NA
47	216	177	workers,	NA
47	217	177	workers,	NA
47	218	178	who	NA
47	219	179	take	NA
47	220	180	an	NA
47	221	181	average	NA
47	222	182	of	NA
47	223	183	20	NA
47	224	184	days'	NA
47	225	184	days'	NA
47	226	185	paid	NA
47	227	186	annual	NA
47	228	187	leave,	NA
47	229	187	leave,	NA
47	230	188	and	NA
47	231	189	workers	NA
47	232	190	in	NA
47	233	191	France,	it,
47	234	191	France,	it,
47	235	192	who	NA
47	236	193	take	NA
47	237	194	an	NA
47	238	195	average	NA
47	239	196	of	NA
47	240	197	25.	NA
47	241	197	25.	NA
47	242	198	Japan's	They
47	243	198	Japan's	They
47	244	199	employees	They
47	245	200	are	NA
47	246	201	respected	NA
47	247	202	and	NA
47	248	203	admired	NA
47	249	204	in	NA
47	250	205	the	NA
47	251	206	rest	NA
47	252	207	of	NA
47	253	208	the	NA
47	254	209	world	NA
47	255	210	for	NA
47	256	211	their	NA
47	257	212	commitment	NA
47	258	213	to	NA
47	259	214	the	NA
47	260	215	company.	NA
47	261	215	company.	NA
47	262	216	But	NA
47	263	217	they	NA
47	264	218	often	NA
47	265	219	have	NA
47	266	220	no	NA
47	267	221	time	NA
47	268	222	for	NA
47	269	223	anything	NA
47	270	224	else.	NA
47	271	224	else.	NA
47	272	225	Couples	NA
47	273	225	Couples	NA
47	274	226	don't	NA
47	275	226	don't	NA
47	276	227	have	NA
47	277	228	time	NA
47	278	229	to	NA
47	279	230	start	NA
47	280	231	families.	NA
47	281	231	families.	NA
47	282	232	So,	NA
47	283	232	So,	NA
47	284	233	Japan	it
47	285	234	has	NA
47	286	235	a	NA
47	287	236	low	NA
47	288	237	birth	NA
47	289	238	rate	NA
47	290	239	and	NA
47	291	240	the	NA
47	292	241	population	NA
47	293	242	is	NA
47	294	243	declining.	NA
47	295	243	declining.	NA
47	296	244	More	NA
47	297	245	employees	NA
47	298	246	are	NA
47	299	247	falling	NA
47	300	248	ill	NA
47	301	249	from	NA
47	302	250	stress	NA
47	303	251	or	NA
47	304	252	even	NA
47	305	253	dying	NA
47	306	254	through	NA
47	307	255	overwork.	NA
47	308	255	overwork.	NA
47	309	255	overwork.	NA
47	310	256	Japanese	They
47	311	257	people	They
47	312	258	continue	NA
47	313	259	to	NA
47	314	260	work	NA
47	315	261	hard,	NA
47	316	261	hard,	NA
47	317	262	despite	NA
47	318	263	studies	NA
47	319	264	that	NA
47	320	265	suggest	NA
47	321	266	that	NA
47	322	267	longer	NA
47	323	268	hours	NA
47	324	269	at	NA
47	325	270	work	NA
47	326	271	do	NA
47	327	272	not	NA
47	328	273	necessarily	NA
47	329	274	make	NA
47	330	275	people	NA
47	331	276	more	NA
47	332	277	productive.	NA
47	333	277	productive.	NA
47	334	278	About	NA
47	335	279	22%	NA
47	336	279	22%	NA
47	337	280	of	NA
47	338	281	Japanese	they
47	339	282	work	NA
47	340	283	more	NA
47	341	284	than	NA
47	342	285	49	NA
47	343	286	hours	NA
47	344	287	a	NA
47	345	288	week,	NA
47	346	288	week,	NA
47	347	289	compared	NA
47	348	290	with	NA
47	349	291	16%	NA
47	350	291	16%	NA
47	351	292	of	NA
47	352	293	US	NA
47	353	294	workers	NA
47	354	295	and	NA
47	355	296	11%	NA
47	356	296	11%	NA
47	357	297	in	NA
47	358	298	France	it
47	359	299	and	NA
47	360	300	Germany,	NA
47	361	300	Germany,	NA
47	362	301	according	NA
47	363	302	to	NA
47	364	303	data	NA
47	365	304	from	NA
47	366	305	the	it.
47	367	306	Japanese	it.
47	368	307	government.	it.
47	369	307	government.	it.
47	370	308	“Nobody	“It
47	371	308	“Nobody	“It
47	372	308	“Nobody	“It
47	373	309	else	“It
47	374	310	uses	NA
47	375	311	their	NA
47	376	312	vacation	NA
47	377	313	days,”	NA
47	378	313	days,”	NA
47	379	313	days,”	NA
47	380	313	days,”	NA
47	381	314	says	NA
47	382	315	Erika	she,
47	383	315	Erika	she,
47	384	316	Sekiguchi,	she,
47	385	316	Sekiguchi,	she,
47	386	316	Sekiguchi,	she,
47	387	316	Sekiguchi,	she,
47	388	317	a	she.
47	389	318	36-year-old	she.
47	390	318	36-year-old	she.
47	391	318	36-year-old	she.
47	392	318	36-year-old	she.
47	393	318	36-year-old	she.
47	394	319	employee.	she.
47	395	319	employee.	she.
47	396	320	She	NA
47	397	321	spends	NA
47	398	322	14	NA
47	399	323	hours	NA
47	400	324	a	NA
47	401	325	day	NA
47	402	326	at	NA
47	403	327	work	it
47	404	328	and	NA
47	405	329	used	NA
47	406	330	only	NA
47	407	331	eight	them
47	408	332	of	them
47	409	333	her	them
47	410	334	20	them
47	411	335	days	them
47	412	336	of	them
47	413	337	paid	them
47	414	338	vacation	them
47	415	339	in	NA
47	416	340	2014,	NA
47	417	340	2014,	NA
47	418	341	six	they
47	419	342	of	they
47	420	343	which	they
47	421	344	were	NA
47	422	345	sick	it.
47	423	346	leave.	it.
47	424	346	leave.	it.
47	425	347	Yuu	He,
47	426	347	Yuu	He,
47	427	348	Wakebe,	He,
47	428	348	Wakebe,	He,
47	429	348	Wakebe,	He,
47	430	349	who	He,
47	431	350	works	He,
47	432	351	at	He,
47	433	352	the	He,
47	434	353	health	He,
47	435	354	ministry,	He,
47	436	354	ministry,	He,
47	437	355	admits	NA
47	438	356	that	NA
47	439	357	he	NA
47	440	358	does	NA
47	441	359	100	NA
47	442	360	hours	NA
47	443	361	of	NA
47	444	362	overtime	NA
47	445	363	a	NA
47	446	364	month.	NA
47	447	364	month.	NA
47	448	365	“It	NA
47	449	365	“It	NA
47	450	365	“It	NA
47	451	366	is	NA
47	452	367	a	it
47	453	368	worker's	it
47	454	368	worker's	it
47	455	369	right	it
47	456	370	to	NA
47	457	371	take	NA
47	458	372	paid	NA
47	459	373	vacations,”	NA
47	460	373	vacations,”	NA
47	461	373	vacations,”	NA
47	462	373	vacations,”	NA
47	463	374	Wakebe	he
47	464	374	Wakebe	he
47	465	375	said.	NA
47	466	375	said.	NA
47	467	376	“But	NA
47	468	376	“But	NA
47	469	376	“But	NA
47	470	377	sadly	NA
47	471	378	workers	they
47	472	379	in	they
47	473	380	Japan	they
47	474	381	have	NA
47	475	382	to	NA
47	476	383	do	NA
47	477	384	a	NA
47	478	385	lot	NA
47	479	386	of	NA
47	480	387	extra	NA
47	481	388	work	NA
47	482	389	for	NA
47	483	390	no	NA
47	484	391	money.”	NA
47	485	391	money.”	NA
47	486	391	money.”	NA
47	487	391	money.”	NA
47	488	392	Workers	they.
47	489	393	are	they.
47	490	394	scared	they.
47	491	395	that	they.
47	492	396	their	they.
47	493	397	colleagues	they.
47	494	398	will	they.
47	495	399	think	they.
47	496	400	they	they.
47	497	401	are	they.
47	498	402	not	they.
47	499	403	working	they.
47	500	404	hard	they.
47	501	405	enough.	they.
47	502	405	enough.	they.
47	503	406	This	NA
47	504	407	is	NA
47	505	408	one	it.
47	506	409	reason	it.
47	507	410	for	it.
47	508	411	a	it.
47	509	412	rise	it.
47	510	413	in	it.
47	511	414	stress-related	it.
47	512	414	stress-related	it.
47	513	414	stress-related	it.
47	514	415	illness,	it.
47	515	415	illness,	it.
47	516	416	early	it.
47	517	417	death	it.
47	518	418	and	it.
47	519	419	suicide.	it.
47	520	419	suicide.	it.
47	521	420	About	NA
47	522	421	200	NA
47	523	422	people	NA
47	524	423	die	NA
47	525	424	every	NA
47	526	425	year	NA
47	527	426	from	NA
47	528	427	heart	NA
47	529	428	attacks	NA
47	530	429	and	NA
47	531	430	strokes	NA
47	532	431	in	NA
47	533	432	Japan,	it,
47	534	432	Japan,	it,
47	535	433	caused	NA
47	536	434	by	NA
47	537	435	long	them
47	538	436	hours	them
47	539	437	and	NA
47	540	438	hard	NA
47	541	439	work.	NA
47	542	439	work.	NA
47	543	440	The	He,
47	544	441	prime	He,
47	545	442	minister,	He,
47	546	442	minister,	He,
47	547	443	Shinzo	he,
47	548	444	Abe,	he,
47	549	444	Abe,	he,
47	550	445	is	NA
47	551	446	not	NA
47	552	447	known	NA
47	553	448	for	NA
47	554	449	taking	NA
47	555	450	long	NA
47	556	451	vacations.	NA
47	557	451	vacations.	NA
47	558	452	But	NA
47	559	453	even	NA
47	560	454	he	NA
47	561	455	has	NA
47	562	456	said	NA
47	563	457	that	NA
47	564	458	companies	they
47	565	459	ask	NA
47	566	460	too	NA
47	567	461	much	NA
47	568	462	of	NA
47	569	463	their	NA
47	570	464	employees	NA
47	571	465	and	NA
47	572	466	that	NA
47	573	467	working	they
47	574	468	hours	they
47	575	469	in	they
47	576	470	Japan	they
47	577	471	are	NA
47	578	472	too	NA
47	579	473	long.	NA
47	580	473	long.	NA
48	0	0	A	He
48	1	1	lonely	He
48	2	2	old	He
48	3	3	man	He
48	4	4	living	He
48	5	5	in	He
48	6	6	a	He
48	7	7	crater	He
48	8	8	on	He
48	9	9	the	He
48	10	10	moon	He
48	11	11	is	NA
48	12	12	the	it,
48	13	13	unlikely	it,
48	14	14	focus	it,
48	15	15	of	it,
48	16	16	John	it,
48	17	17	Lewis's	it,
48	18	17	Lewis's	it,
48	19	18	Christmas	it,
48	20	19	2015	it,
48	21	20	advertisement,	it,
48	22	20	advertisement,	it,
48	23	21	as	NA
48	24	22	the	it
48	25	23	department	it
48	26	24	store	it
48	27	25	puts	NA
48	28	26	a	NA
48	29	27	charitable	NA
48	30	28	spin	NA
48	31	29	on	NA
48	32	30	its	its.
48	33	31	latest	its.
48	34	32	multi-million	its.
48	35	32	multi-million	its.
48	36	32	multi-million	its.
48	37	33	pound	its.
48	38	34	campaign.	its.
48	39	34	campaign.	its.
48	40	35	Amid	NA
48	41	36	increasing	NA
48	42	37	hype	NA
48	43	38	around	NA
48	44	39	John	it,
48	45	40	Lewis's	it,
48	46	40	Lewis's	it,
48	47	41	seasonal	it,
48	48	42	ad,	it,
48	49	42	ad,	it,
48	50	43	which	it,
48	51	44	has	it,
48	52	45	come	it,
48	53	46	to	it,
48	54	47	mark	it,
48	55	48	the	it,
48	56	49	beginning	it,
48	57	50	of	it,
48	58	51	the	it,
48	59	52	Christmas	it,
48	60	53	shopping	it,
48	61	54	season	it,
48	62	55	for	it,
48	63	56	many,	it,
48	64	56	many,	it,
48	65	57	the	it
48	66	58	department	it
48	67	59	store	it
48	68	60	will	NA
48	69	61	aim	NA
48	70	62	to	NA
48	71	63	use	NA
48	72	64	its	NA
48	73	65	profile	NA
48	74	66	to	NA
48	75	67	raise	NA
48	76	68	hundreds	NA
48	77	69	of	NA
48	78	70	thousands	NA
48	79	71	of	NA
48	80	72	pounds	NA
48	81	73	for	NA
48	82	74	the	it
48	83	75	charity	it
48	84	76	Age	NA
48	85	77	UK.	NA
48	86	77	UK.	NA
48	87	78	It	NA
48	88	79	will	NA
48	89	80	also	NA
48	90	81	encourage	NA
48	91	82	staff	its
48	92	83	and	NA
48	93	84	customers	NA
48	94	85	to	NA
48	95	86	join	NA
48	96	87	up	NA
48	97	88	with	NA
48	98	89	their	NA
48	99	90	local	NA
48	100	91	branch	NA
48	101	92	of	NA
48	102	93	the	it
48	103	94	charity	it
48	104	95	to	NA
48	105	96	care	NA
48	106	97	for	NA
48	107	98	elderly	NA
48	108	99	people	NA
48	109	100	who	NA
48	110	101	might	NA
48	111	102	otherwise	NA
48	112	103	be	NA
48	113	104	alone	NA
48	114	105	over	NA
48	115	106	the	it.
48	116	107	holiday.	it.
48	117	107	holiday.	it.
48	118	108	The	It
48	119	109	retailer	It
48	120	110	has	NA
48	121	111	spent	NA
48	122	112	£7m	NA
48	123	112	£7m	NA
48	124	112	£7m	NA
48	125	113	on	NA
48	126	114	a	it.
48	127	115	campaign	it.
48	128	116	that	it.
48	129	117	ranges	it.
48	130	118	from	it.
48	131	119	the	it.
48	132	120	slick	it.
48	133	121	TV	it.
48	134	122	ad	it.
48	135	123	to	it.
48	136	124	a	it.
48	137	125	smartphone	it.
48	138	126	game	it.
48	139	127	and	it.
48	140	128	merchandise,	it.
48	141	128	merchandise,	it.
48	142	129	including	it.
48	143	130	glow-in-the-dark	it.
48	144	130	glow-in-the-dark	it.
48	145	130	glow-in-the-dark	it.
48	146	130	glow-in-the-dark	it.
48	147	130	glow-in-the-dark	it.
48	148	130	glow-in-the-dark	it.
48	149	130	glow-in-the-dark	it.
48	150	131	pyjamas,	it.
48	151	131	pyjamas,	it.
48	152	131	pyjamas,	it.
48	153	131	pyjamas,	it.
48	154	132	as	it.
48	155	133	well	it.
48	156	134	as	it.
48	157	135	areas	it.
48	158	136	decked	it.
48	159	136	decked	it.
48	160	137	out	it.
48	161	138	like	it.
48	162	139	the	it.
48	163	140	surface	it.
48	164	141	of	it.
48	165	142	the	it.
48	166	143	moon	it.
48	167	144	in	it.
48	168	145	11	it.
48	169	146	stores.	it.
48	170	146	stores.	it.
48	171	147	After	NA
48	172	148	two	NA
48	173	149	years	NA
48	174	150	of	NA
48	175	151	successful	NA
48	176	152	ads	NA
48	177	153	featuring	NA
48	178	154	cuddly	NA
48	179	154	cuddly	NA
48	180	154	cuddly	NA
48	181	155	animals	NA
48	182	156	–	NA
48	183	157	a	NA
48	184	158	bear	NA
48	185	159	and	NA
48	186	160	hare,	NA
48	187	160	hare,	NA
48	188	160	hare,	NA
48	189	161	then	NA
48	190	162	a	NA
48	191	163	penguin	NA
48	192	163	penguin	NA
48	193	164	–	NA
48	194	165	this	NA
48	195	166	time,	NA
48	196	166	time,	NA
48	197	167	the	it
48	198	168	retailer	it
48	199	169	is	NA
48	200	170	tugging	NA
48	201	170	tugging	NA
48	202	171	at	NA
48	203	172	the	NA
48	204	173	heartstrings	NA
48	205	173	heartstrings	NA
48	206	174	with	NA
48	207	175	a	NA
48	208	176	story	NA
48	209	177	of	NA
48	210	178	a	her,
48	211	179	young	her,
48	212	180	girl,	her,
48	213	180	girl,	her,
48	214	181	Lily,	she,
48	215	181	Lily,	she,
48	216	182	who	NA
48	217	183	spots	NA
48	218	184	an	him
48	219	185	old	him
48	220	186	man	him
48	221	187	living	him
48	222	188	in	him
48	223	189	a	him
48	224	190	shack	him
48	225	191	on	him
48	226	192	the	him
48	227	193	moon	him
48	228	194	through	NA
48	229	195	her	NA
48	230	196	telescope.	NA
48	231	196	telescope.	NA
48	232	197	The	She
48	233	198	determined	She
48	234	199	child	She
48	235	200	tries	NA
48	236	201	sending	NA
48	237	202	him	NA
48	238	203	a	NA
48	239	204	letter	NA
48	240	205	and	NA
48	241	206	firing	NA
48	242	207	a	NA
48	243	208	note	NA
48	244	209	via	NA
48	245	210	bow	NA
48	246	211	and	NA
48	247	212	arrow,	NA
48	248	212	arrow,	NA
48	249	213	before	NA
48	250	214	floating	NA
48	251	215	him	NA
48	252	216	a	NA
48	253	217	present	NA
48	254	218	of	NA
48	255	219	a	NA
48	256	220	telescope	NA
48	257	221	tied	NA
48	258	222	to	NA
48	259	223	balloons,	NA
48	260	223	balloons,	NA
48	261	224	which	NA
48	262	225	finally	NA
48	263	226	enables	NA
48	264	227	them	NA
48	265	228	to	NA
48	266	229	make	NA
48	267	230	contact.	NA
48	268	230	contact.	NA
48	269	231	The	Its
48	270	232	ad's	Its
48	271	232	ad's	Its
48	272	233	strapline	NA
48	273	233	strapline	NA
48	274	233	strapline	NA
48	275	234	is:	NA
48	276	234	is:	NA
48	277	235	“Show	NA
48	278	235	“Show	NA
48	279	235	“Show	NA
48	280	236	someone	NA
48	281	237	they're	NA
48	282	237	they're	NA
48	283	238	loved	NA
48	284	239	this	it,”
48	285	240	Christmas,”	it,”
48	286	240	Christmas,”	it,”
48	287	240	Christmas,”	it,”
48	288	240	Christmas,”	it,”
48	289	241	which	NA
48	290	242	echoes	NA
48	291	243	Age	its
48	292	244	UK's	its
48	293	244	UK's	its
48	294	245	own	NA
48	295	246	campaign:	NA
48	296	246	campaign:	NA
48	297	247	“No	NA
48	298	247	“No	NA
48	299	247	“No	NA
48	300	248	one	NA
48	301	249	should	NA
48	302	250	have	NA
48	303	251	no	NA
48	304	252	one	NA
48	305	253	at	NA
48	306	254	Christmas.”	it.”
48	307	254	Christmas.”	it.”
48	308	254	Christmas.”	it.”
48	309	254	Christmas.”	it.”
48	310	255	Profits	NA
48	311	255	Profits	NA
48	312	256	from	NA
48	313	257	three	they
48	314	258	products	they
48	315	259	–	NA
48	316	260	a	they
48	317	261	mug,	they
48	318	261	mug,	they
48	319	262	gift	they
48	320	263	tag	they
48	321	264	and	they
48	322	265	card	they
48	323	266	–	NA
48	324	267	will	NA
48	325	268	go	NA
48	326	269	to	NA
48	327	270	the	it.
48	328	271	charity.	it.
48	329	271	charity.	it.
48	330	272	“The	“It
48	331	272	“The	“It
48	332	272	“The	“It
48	333	273	charity	“It
48	334	274	really	NA
48	335	275	resonates	NA
48	336	275	resonates	NA
48	337	276	with	NA
48	338	277	people	NA
48	339	278	at	NA
48	340	279	this	NA
48	341	280	time	NA
48	342	281	of	NA
48	343	282	year	NA
48	344	283	and	NA
48	345	284	the	it
48	346	285	ad	it
48	347	286	lends	NA
48	348	287	itself	NA
48	349	288	to	NA
48	350	289	thinking	NA
48	351	290	about	NA
48	352	291	someone	NA
48	353	292	who	NA
48	354	293	lives	NA
48	355	294	on	NA
48	356	295	your	NA
48	357	296	street	NA
48	358	297	that	NA
48	359	298	might	NA
48	360	299	not	NA
48	361	300	see	NA
48	362	301	anybody,”	NA
48	363	301	anybody,”	NA
48	364	301	anybody,”	NA
48	365	301	anybody,”	NA
48	366	302	said	NA
48	367	303	Rachel	she,
48	368	304	Swift,	she,
48	369	304	Swift,	she,
48	370	305	head	she.
48	371	306	of	she.
48	372	307	marketing	she.
48	373	308	at	she.
48	374	309	John	she.
48	375	310	Lewis.	she.
48	376	310	Lewis.	she.
48	377	311	The	It
48	378	312	campaign	It
48	379	313	features	NA
48	380	314	the	NA
48	381	315	Oasis	NA
48	382	315	Oasis	NA
48	383	316	track	NA
48	384	317	Half	NA
48	385	318	the	NA
48	386	319	World	NA
48	387	320	Away	NA
48	388	321	reinterpreted	NA
48	389	321	reinterpreted	NA
48	390	321	reinterpreted	NA
48	391	322	by	NA
48	392	323	little-known	NA
48	393	323	little-known	NA
48	394	323	little-known	NA
48	395	324	Norwegian	NA
48	396	325	artist	NA
48	397	326	Aurora.	NA
48	398	326	Aurora.	NA
48	399	327	The	It
48	400	328	ad	It
48	401	329	cost	NA
48	402	330	£1m	NA
48	403	330	£1m	NA
48	404	330	£1m	NA
48	405	331	to	NA
48	406	332	make.	NA
48	407	332	make.	NA
48	408	333	The	NA
48	409	334	moon	NA
48	410	335	scenes	NA
48	411	336	were	NA
48	412	337	shot	NA
48	413	338	at	NA
48	414	339	the	NA
48	415	340	Warner	NA
48	416	341	Bros	NA
48	417	342	Studios,	NA
48	418	342	Studios,	NA
48	419	343	where	NA
48	420	344	the	NA
48	421	345	Harry	NA
48	422	346	Potter	NA
48	423	347	films	NA
48	424	348	were	NA
48	425	349	made,	NA
48	426	349	made,	NA
48	427	350	and	NA
48	428	351	the	NA
48	429	352	specially	NA
48	430	353	built	NA
48	431	354	set	NA
48	432	355	was	NA
48	433	356	created	NA
48	434	357	by	NA
48	435	358	one	NA
48	436	359	of	NA
48	437	360	the	NA
48	438	361	team	NA
48	439	362	behind	NA
48	440	363	the	it,
48	441	364	latest	it,
48	442	365	Star	it,
48	443	366	Wars	it,
48	444	367	film,	it,
48	445	367	film,	it,
48	446	368	The	it.
48	447	369	Force	it.
48	448	370	Awakens.	it.
48	449	370	Awakens.	it.
48	450	371	As	NA
48	451	372	in	NA
48	452	373	the	NA
48	453	374	last	NA
48	454	375	few	NA
48	455	376	years,	NA
48	456	376	years,	NA
48	457	377	John	it
48	458	378	Lewis	it
48	459	379	has	NA
48	460	380	drummed	NA
48	461	380	drummed	NA
48	462	381	up	NA
48	463	382	interest	NA
48	464	383	in	NA
48	465	384	their	its
48	466	385	most	its
48	467	386	recent	its
48	468	387	ad	its
48	469	388	prior	NA
48	470	389	to	NA
48	471	390	its	NA
48	472	391	release	NA
48	473	392	with	NA
48	474	393	a	NA
48	475	394	teaser	NA
48	476	395	campaign	NA
48	477	396	on	NA
48	478	397	TV	NA
48	479	398	and	NA
48	480	399	social	NA
48	481	400	media	NA
48	482	401	using	NA
48	483	402	the	NA
48	484	403	hashtag	NA
48	485	404	#OnTheMoon.	NA
48	486	404	#OnTheMoon.	NA
48	487	404	#OnTheMoon.	NA
48	488	404	#OnTheMoon.	NA
48	489	404	#OnTheMoon.	NA
48	490	405	There	NA
48	491	406	will	NA
48	492	407	be	NA
48	493	408	a	NA
48	494	409	full	NA
48	495	410	moon	NA
48	496	411	on	NA
48	497	412	Christmas	NA
48	498	413	Day	NA
48	499	414	2015	it
48	500	415	–	NA
48	501	416	a	NA
48	502	417	complete	NA
48	503	418	coincidence,	NA
48	504	418	coincidence,	NA
48	505	419	according	NA
48	506	420	to	NA
48	507	421	Swift.	him.
48	508	421	Swift.	him.
48	509	422	In	NA
48	510	423	2014,	it,
48	511	423	2014,	it,
48	512	424	the	NA
48	513	425	retailer	NA
48	514	426	John	NA
48	515	427	Lewis	NA
48	516	428	also	NA
48	517	429	spent	NA
48	518	430	£7m	NA
48	519	430	£7m	NA
48	520	430	£7m	NA
48	521	431	on	NA
48	522	432	a	it.
48	523	433	campaign	it.
48	524	434	featuring	it.
48	525	435	a	it.
48	526	436	realistic	it.
48	527	437	animated	it.
48	528	438	penguin	it.
48	529	438	penguin	it.
48	530	439	and	it.
48	531	440	a	it.
48	532	441	young	it.
48	533	442	boy	it.
48	534	443	playing	it.
48	535	444	together	it.
48	536	445	to	it.
48	537	446	the	it.
48	538	447	tune	it.
48	539	448	of	it.
48	540	449	John	it.
48	541	450	Lennon's	it.
48	542	450	Lennon's	it.
48	543	451	Real	it.
48	544	452	Love,	it.
48	545	452	Love,	it.
48	546	453	sung	it.
48	547	454	by	it.
48	548	455	British	it.
48	549	456	singer-songwriter	it.
48	550	456	singer-songwriter	it.
48	551	456	singer-songwriter	it.
48	552	456	singer-songwriter	it.
48	553	457	Tom	it.
48	554	458	Odell.	it.
48	555	458	Odell.	it.
48	556	458	Odell.	it.
48	557	459	It	NA
48	558	460	had	NA
48	559	461	drummed	NA
48	560	461	drummed	NA
48	561	462	up	NA
48	562	463	22	NA
48	563	464	million	NA
48	564	465	views	NA
48	565	466	on	NA
48	566	467	YouTube	NA
48	567	468	by	NA
48	568	469	the	NA
48	569	470	first	NA
48	570	471	week	NA
48	571	472	of	NA
48	572	473	January,	NA
48	573	473	January,	NA
48	574	474	ahead	NA
48	575	475	of	NA
48	576	476	the	NA
48	577	477	16.6	NA
48	578	477	16.6	NA
48	579	477	16.6	NA
48	580	478	million	NA
48	581	479	clocked	NA
48	582	479	clocked	NA
48	583	480	by	NA
48	584	481	Sainsbury's	it,
48	585	481	Sainsbury's	it,
48	586	481	Sainsbury's	it,
48	587	481	Sainsbury's	it,
48	588	482	ad	it,
48	589	483	featuring	it,
48	590	484	First	it,
48	591	485	World	it,
48	592	486	War	it,
48	593	487	soldiers	it,
48	594	488	sharing	it,
48	595	489	a	it,
48	596	490	bar	it,
48	597	491	of	it,
48	598	492	chocolate,	it,
48	599	492	chocolate,	it,
48	600	493	the	it.
48	601	494	UK's	it.
48	602	494	UK's	it.
48	603	495	next	it.
48	604	496	most	it.
48	605	497	popular	it.
48	606	498	ad	it.
48	607	499	of	it.
48	608	500	2014.	it.
48	609	500	2014.	it.
48	610	501	Swift	He
48	611	502	said	NA
48	612	503	that,	NA
48	613	503	that,	NA
48	614	504	despite	NA
48	615	505	the	NA
48	616	506	hype,	NA
48	617	506	hype,	NA
48	618	507	John	it
48	619	508	Lewis	it
48	620	509	had	NA
48	621	510	stuck	NA
48	622	511	to	NA
48	623	512	the	NA
48	624	513	same	NA
48	625	514	strategy	NA
48	626	515	for	NA
48	627	516	the	NA
48	628	517	last	NA
48	629	518	five	NA
48	630	519	years.	NA
48	631	519	years.	NA
48	632	520	“It's	NA
48	633	520	“It's	NA
48	634	520	“It's	NA
48	635	520	“It's	NA
48	636	521	all	NA
48	637	522	about	NA
48	638	523	thoughtful	NA
48	639	524	gifting	NA
48	640	524	gifting	NA
48	641	525	and	NA
48	642	526	going	NA
48	643	527	the	NA
48	644	528	extra	NA
48	645	529	mile	NA
48	646	530	for	NA
48	647	531	someone	NA
48	648	532	you	NA
48	649	533	love	NA
48	650	534	at	NA
48	651	535	Christmas,”	it,”
48	652	535	Christmas,”	it,”
48	653	535	Christmas,”	it,”
48	654	535	Christmas,”	it,”
48	655	536	she	NA
48	656	537	said.	NA
48	657	537	said.	NA
48	658	538	“In	NA
48	659	538	“In	NA
48	660	538	“In	NA
48	661	539	2015,	it,
48	662	539	2015,	it,
48	663	540	we	NA
48	664	541	don't	NA
48	665	541	don't	NA
48	666	542	go	NA
48	667	543	into	NA
48	668	544	it	NA
48	669	545	thinking,	NA
48	670	545	thinking,	NA
48	671	546	'This	NA
48	672	546	'This	NA
48	673	547	is	NA
48	674	548	going	NA
48	675	549	to	NA
48	676	550	be	NA
48	677	551	huge,'	NA
48	678	551	huge,'	NA
48	679	552	just	NA
48	680	553	getting	NA
48	681	554	something	NA
48	682	555	right	NA
48	683	556	for	NA
48	684	557	the	NA
48	685	558	brand	NA
48	686	559	at	NA
48	687	560	this	NA
48	688	561	time	NA
48	689	562	of	NA
48	690	563	year	NA
48	691	564	and	NA
48	692	565	something	NA
48	693	566	we	NA
48	694	567	hope	NA
48	695	568	customers	NA
48	696	569	really	NA
48	697	570	love.”	NA
48	698	570	love.”	NA
48	699	570	love.”	NA
48	700	570	love.”	NA
49	0	0	The	NA
49	1	1	department	NA
49	2	2	store	NA
49	3	3	John	it
49	4	4	Lewis	it
49	5	5	has	NA
49	6	6	a	it.
49	7	7	2015	it.
49	8	8	Christmas	it.
49	9	9	advertisement.	it.
49	10	9	advertisement.	it.
49	11	10	The	It
49	12	11	ad	It
49	13	12	shows	NA
49	14	13	a	him.
49	15	14	lonely	him.
49	16	15	old	him.
49	17	16	man	him.
49	18	17	who	him.
49	19	18	lives	him.
49	20	19	on	him.
49	21	20	the	him.
49	22	21	moon.	him.
49	23	21	moon.	him.
49	24	22	The	It,
49	25	23	ad,	It,
49	26	23	ad,	It,
49	27	24	which	It,
49	28	25	for	It,
49	29	26	many	It,
49	30	27	people	It,
49	31	28	shows	It,
49	32	29	that	It,
49	33	30	the	It,
49	34	31	Christmas	It,
49	35	32	shopping	It,
49	36	33	season	It,
49	37	34	has	It,
49	38	35	begun,	It,
49	39	35	begun,	It,
49	40	36	aims	NA
49	41	37	to	NA
49	42	38	raise	NA
49	43	39	hundreds	NA
49	44	40	of	NA
49	45	41	thousands	NA
49	46	42	of	NA
49	47	43	pounds	NA
49	48	44	for	NA
49	49	45	the	it.
49	50	46	charity	it.
49	51	47	Age	it.
49	52	48	UK.	it.
49	53	48	UK.	it.
49	54	49	John	It
49	55	50	Lewis	It
49	56	51	will	NA
49	57	52	also	NA
49	58	53	encourage	NA
49	59	54	staff	NA
49	60	55	and	NA
49	61	56	customers	NA
49	62	57	to	NA
49	63	58	care	NA
49	64	59	for	NA
49	65	60	elderly	NA
49	66	61	people	NA
49	67	62	who	NA
49	68	63	might	NA
49	69	64	be	NA
49	70	65	alone	NA
49	71	66	over	NA
49	72	67	the	it.
49	73	68	holiday.	it.
49	74	68	holiday.	it.
49	75	69	The	It
49	76	70	department	It
49	77	71	store	It
49	78	72	has	NA
49	79	73	spent	NA
49	80	74	£7	NA
49	81	74	£7	NA
49	82	75	million	NA
49	83	76	on	NA
49	84	77	a	it.
49	85	78	campaign	it.
49	86	79	that	it.
49	87	80	includes	it.
49	88	81	the	it.
49	89	82	TV	it.
49	90	83	ad,	it.
49	91	83	ad,	it.
49	92	84	a	it.
49	93	85	smartphone	it.
49	94	86	game	it.
49	95	87	and	it.
49	96	88	merchandise,	it.
49	97	88	merchandise,	it.
49	98	89	including	it.
49	99	90	glow-in-the-dark	it.
49	100	90	glow-in-the-dark	it.
49	101	90	glow-in-the-dark	it.
49	102	90	glow-in-the-dark	it.
49	103	90	glow-in-the-dark	it.
49	104	90	glow-in-the-dark	it.
49	105	90	glow-in-the-dark	it.
49	106	91	pyjamas.	it.
49	107	91	pyjamas.	it.
49	108	91	pyjamas.	it.
49	109	91	pyjamas.	it.
49	110	92	It	NA
49	111	93	will	NA
49	112	94	also	NA
49	113	95	build	NA
49	114	96	areas	NA
49	115	97	that	NA
49	116	98	look	NA
49	117	99	like	NA
49	118	100	the	NA
49	119	101	surface	NA
49	120	102	of	NA
49	121	103	the	it
49	122	104	moon	it
49	123	105	in	NA
49	124	106	11	NA
49	125	107	of	NA
49	126	108	its	NA
49	127	109	stores.	NA
49	128	109	stores.	NA
49	129	110	After	NA
49	130	111	two	NA
49	131	112	years	NA
49	132	113	of	NA
49	133	114	successful	NA
49	134	115	ads	NA
49	135	116	with	NA
49	136	117	cute	NA
49	137	118	animals	NA
49	138	119	–	NA
49	139	120	a	NA
49	140	121	bear	NA
49	141	122	and	NA
49	142	123	hare,	NA
49	143	123	hare,	NA
49	144	123	hare,	NA
49	145	124	then	NA
49	146	125	a	NA
49	147	126	penguin	NA
49	148	126	penguin	NA
49	149	127	–	NA
49	150	128	this	NA
49	151	129	time,	NA
49	152	129	time,	NA
49	153	130	the	NA
49	154	131	story	NA
49	155	132	is	NA
49	156	133	about	NA
49	157	134	a	she,
49	158	135	young	she,
49	159	136	girl,	she,
49	160	136	girl,	she,
49	161	137	Lily,	she,
49	162	137	Lily,	she,
49	163	138	who	NA
49	164	139	sees	NA
49	165	140	an	him
49	166	141	old	him
49	167	142	man	him
49	168	143	living	NA
49	169	144	in	NA
49	170	145	a	NA
49	171	146	small	NA
49	172	147	wooden	NA
49	173	148	house	NA
49	174	149	on	NA
49	175	150	the	it
49	176	151	moon	it
49	177	152	through	NA
49	178	153	her	NA
49	179	154	telescope.	NA
49	180	154	telescope.	NA
49	181	155	The	She
49	182	156	girl	She
49	183	157	first	NA
49	184	158	tries	NA
49	185	159	to	NA
49	186	160	send	NA
49	187	161	him	NA
49	188	162	a	NA
49	189	163	letter	NA
49	190	164	and	NA
49	191	165	a	NA
49	192	166	note	NA
49	193	167	via	NA
49	194	168	bow	NA
49	195	169	and	NA
49	196	170	arrow.	NA
49	197	170	arrow.	NA
49	198	171	Then,	NA
49	199	171	Then,	NA
49	200	172	she	NA
49	201	173	floats	it.
49	202	174	him	it.
49	203	175	a	it.
49	204	176	present	it.
49	205	177	of	it.
49	206	178	a	it.
49	207	179	telescope	it.
49	208	180	tied	it.
49	209	181	to	it.
49	210	182	balloons.	it.
49	211	182	balloons.	it.
49	212	183	This	NA
49	213	184	finally	NA
49	214	185	allows	NA
49	215	186	them	NA
49	216	187	to	NA
49	217	188	make	NA
49	218	189	contact.	NA
49	219	189	contact.	NA
49	220	190	The	It
49	221	191	ad's	It
49	222	191	ad's	It
49	223	192	message	It
49	224	193	is:	NA
49	225	193	is:	NA
49	226	194	“Show	“it.”
49	227	194	“Show	“it.”
49	228	194	“Show	“it.”
49	229	195	someone	“it.”
49	230	196	they're	“it.”
49	231	196	they're	“it.”
49	232	197	loved	“it.”
49	233	198	this	“it.”
49	234	199	Christmas.”	“it.”
49	235	199	Christmas.”	“it.”
49	236	199	Christmas.”	“it.”
49	237	199	Christmas.”	“it.”
49	238	200	This	NA
49	239	201	is	NA
49	240	202	similar	NA
49	241	203	to	NA
49	242	204	Age	it:
49	243	205	UK's	it:
49	244	205	UK's	it:
49	245	206	campaign:	it:
49	246	206	campaign:	it:
49	247	207	“No	NA
49	248	207	“No	NA
49	249	207	“No	NA
49	250	208	one	NA
49	251	209	should	NA
49	252	210	have	NA
49	253	211	no	NA
49	254	212	one	NA
49	255	213	at	NA
49	256	214	Christmas.”	it.”
49	257	214	Christmas.”	it.”
49	258	214	Christmas.”	it.”
49	259	214	Christmas.”	it.”
49	260	215	Profits	NA
49	261	215	Profits	NA
49	262	216	from	NA
49	263	217	three	they
49	264	218	products	they
49	265	219	–	NA
49	266	220	a	them
49	267	221	mug,	them
49	268	221	mug,	them
49	269	222	gift	them
49	270	223	tag	them
49	271	224	and	them
49	272	225	card	them
49	273	226	–	NA
49	274	227	will	NA
49	275	228	go	NA
49	276	229	to	NA
49	277	230	the	it.
49	278	231	charity.	it.
49	279	231	charity.	it.
49	280	232	Rachel	She,
49	281	233	Swift,	She,
49	282	233	Swift,	She,
49	283	234	head	she,
49	284	235	of	she,
49	285	236	marketing	she,
49	286	237	at	she,
49	287	238	John	she,
49	288	239	Lewis,	she,
49	289	239	Lewis,	she,
49	290	240	said	NA
49	291	241	that	NA
49	292	242	people	NA
49	293	243	talk	NA
49	294	244	about	NA
49	295	245	charities	NA
49	296	246	at	NA
49	297	247	Christmas	it
49	298	248	and	NA
49	299	249	the	it
49	300	250	ad	it
49	301	251	makes	NA
49	302	252	you	NA
49	303	253	think	NA
49	304	254	about	NA
49	305	255	someone	them.
49	306	256	who	them.
49	307	257	lives	them.
49	308	258	on	them.
49	309	259	your	them.
49	310	260	street	them.
49	311	261	that	them.
49	312	262	might	them.
49	313	263	not	them.
49	314	264	see	them.
49	315	265	anybody.	them.
49	316	265	anybody.	them.
49	317	266	The	It
49	318	267	campaign	It
49	319	268	features	NA
49	320	269	the	NA
49	321	270	Oasis	NA
49	322	270	Oasis	NA
49	323	271	track	NA
49	324	272	Half	NA
49	325	273	the	NA
49	326	274	World	NA
49	327	275	Away	NA
49	328	276	sung	NA
49	329	277	by	NA
49	330	278	Norwegian	NA
49	331	279	singer	NA
49	332	280	Aurora.	NA
49	333	280	Aurora.	NA
49	334	281	The	It
49	335	282	ad	It
49	336	283	cost	NA
49	337	284	£1	NA
49	338	284	£1	NA
49	339	285	million	NA
49	340	286	to	NA
49	341	287	make.	NA
49	342	287	make.	NA
49	343	288	The	NA
49	344	289	moon	its
49	345	290	scenes	NA
49	346	291	were	NA
49	347	292	shot	NA
49	348	293	at	NA
49	349	294	the	NA
49	350	295	Warner	NA
49	351	296	Bros	NA
49	352	297	Studios,	NA
49	353	297	Studios,	NA
49	354	298	where	NA
49	355	299	the	NA
49	356	300	Harry	NA
49	357	301	Potter	NA
49	358	302	films	NA
49	359	303	were	NA
49	360	304	made,	NA
49	361	304	made,	NA
49	362	305	and	NA
49	363	306	the	NA
49	364	307	specially	NA
49	365	308	built	NA
49	366	309	set	NA
49	367	310	was	NA
49	368	311	created	NA
49	369	312	by	NA
49	370	313	one	NA
49	371	314	of	NA
49	372	315	the	NA
49	373	316	team	NA
49	374	317	behind	NA
49	375	318	the	it,
49	376	319	latest	it,
49	377	320	Star	it,
49	378	321	Wars	it,
49	379	322	film,	it,
49	380	322	film,	it,
49	381	323	The	it.
49	382	324	Force	it.
49	383	325	Awakens.	it.
49	384	325	Awakens.	it.
49	385	326	As	NA
49	386	327	in	NA
49	387	328	the	NA
49	388	329	last	NA
49	389	330	few	NA
49	390	331	years,	NA
49	391	331	years,	NA
49	392	332	John	it
49	393	333	Lewis	it
49	394	334	showed	NA
49	395	335	a	NA
49	396	336	short	NA
49	397	337	film	NA
49	398	338	on	NA
49	399	339	TV	NA
49	400	340	and	NA
49	401	341	social	NA
49	402	342	media	NA
49	403	343	using	NA
49	404	344	the	NA
49	405	345	hashtag	NA
49	406	346	#OnTheMoon	NA
49	407	346	#OnTheMoon	NA
49	408	346	#OnTheMoon	NA
49	409	346	#OnTheMoon	NA
49	410	347	before	NA
49	411	348	it	NA
49	412	349	showed	NA
49	413	350	the	it.
49	414	351	full	it.
49	415	352	advertisement.	it.
49	416	352	advertisement.	it.
49	417	353	There	NA
49	418	354	will	NA
49	419	355	be	NA
49	420	356	a	NA
49	421	357	full	NA
49	422	358	moon	NA
49	423	359	on	NA
49	424	360	Christmas	NA
49	425	361	Day	NA
49	426	362	2015	NA
49	427	363	–	NA
49	428	364	a	NA
49	429	365	complete	NA
49	430	366	coincidence,	NA
49	431	366	coincidence,	NA
49	432	367	says	NA
49	433	368	Swift.	she.
49	434	368	Swift.	she.
49	435	369	In	NA
49	436	370	2014,	it,
49	437	370	2014,	it,
49	438	371	John	it
49	439	372	Lewis	it
49	440	373	also	NA
49	441	374	spent	NA
49	442	375	£7	NA
49	443	375	£7	NA
49	444	376	million	NA
49	445	377	on	NA
49	446	378	a	it.
49	447	379	campaign	it.
49	448	380	with	it.
49	449	381	a	it.
49	450	382	penguin	it.
49	451	382	penguin	it.
49	452	383	and	it.
49	453	384	a	it.
49	454	385	young	it.
49	455	386	boy	it.
49	456	387	playing	it.
49	457	388	together.	it.
49	458	388	together.	it.
49	459	389	It	NA
49	460	390	had	NA
49	461	391	22	NA
49	462	392	million	NA
49	463	393	views	NA
49	464	394	on	NA
49	465	395	YouTube	NA
49	466	396	by	NA
49	467	397	the	NA
49	468	398	first	NA
49	469	399	week	NA
49	470	400	of	NA
49	471	401	January	NA
49	472	402	–	NA
49	473	403	more	NA
49	474	404	than	NA
49	475	405	the	NA
49	476	406	16.6	NA
49	477	406	16.6	NA
49	478	406	16.6	NA
49	479	407	million	NA
49	480	408	views	NA
49	481	409	of	NA
49	482	410	Sainsbury's	its,
49	483	410	Sainsbury's	its,
49	484	410	Sainsbury's	its,
49	485	410	Sainsbury's	its,
49	486	411	ad	its,
49	487	412	with	its,
49	488	413	First	its,
49	489	414	World	its,
49	490	415	War	its,
49	491	416	soldiers	its,
49	492	417	sharing	its,
49	493	418	a	its,
49	494	419	bar	its,
49	495	420	of	its,
49	496	421	chocolate,	its,
49	497	421	chocolate,	its,
49	498	422	the	it.
49	499	423	UK's	it.
49	500	423	UK's	it.
49	501	424	second	it.
49	502	425	most	it.
49	503	426	popular	it.
49	504	427	ad	it.
49	505	428	of	it.
49	506	429	2014.	it.
49	507	429	2014.	it.
49	508	430	Swift	He
49	509	431	said	NA
49	510	432	that	NA
49	511	433	in	NA
49	512	434	2015	NA
49	513	435	John	it
49	514	436	Lewis	it
49	515	437	wants	NA
49	516	438	to	NA
49	517	439	just	NA
49	518	440	get	NA
49	519	441	“something	NA
49	520	441	“something	NA
49	521	441	“something	NA
49	522	442	right	NA
49	523	443	for	NA
49	524	444	the	NA
49	525	445	company	NA
49	526	446	at	NA
49	527	447	this	NA
49	528	448	time	NA
49	529	449	of	NA
49	530	450	year	NA
49	531	451	and	NA
49	532	452	do	NA
49	533	453	something	NA
49	534	454	we	NA
49	535	455	hope	NA
49	536	456	customers	NA
49	537	457	really	NA
49	538	458	love.”	NA
49	539	458	love.”	NA
49	540	458	love.”	NA
49	541	458	love.”	NA
50	0	0	When	NA
50	1	1	Larry	he
50	2	2	Pizzi	he
50	3	2	Pizzi	he
50	4	2	Pizzi	he
50	5	3	first	NA
50	6	4	heard	NA
50	7	5	about	NA
50	8	6	electric	them
50	9	7	bikes	them
50	10	8	nearly	NA
50	11	9	20	NA
50	12	10	years	NA
50	13	11	ago,	NA
50	14	11	ago,	NA
50	15	12	he	NA
50	16	13	asked:	NA
50	17	13	asked:	NA
50	18	14	“Why	“it
50	19	14	“Why	“it
50	20	14	“Why	“it
50	21	15	would	“it
50	22	16	anyone	“it
50	23	17	want	“it
50	24	18	to	“it
50	25	19	screw	“it
50	26	20	up	“it
50	27	21	a	“it
50	28	22	bike	“it
50	29	23	by	“it
50	30	24	putting	“it
50	31	25	a	“it
50	32	26	motor	“it
50	33	27	and	“it
50	34	28	batteries	“it
50	35	29	on	“it
50	36	30	it?”	“it
50	37	30	it?”	“it
50	38	30	it?”	“it
50	39	30	it?”	“it
50	40	31	It's	“it
50	41	31	It's	“it
50	42	32	a	it.
50	43	33	question	it.
50	44	34	that	it.
50	45	35	still	it.
50	46	36	puzzles	it.
50	47	37	traditionalists.	it.
50	48	37	traditionalists.	it.
50	49	37	traditionalists.	it.
50	50	38	Bicycle	They
50	51	39	shops	They
50	52	40	have	NA
50	53	41	been	NA
50	54	42	slow	NA
50	55	43	to	NA
50	56	44	stock	NA
50	57	45	e-bikes,	them,
50	58	45	e-bikes,	them,
50	59	45	e-bikes,	them,
50	60	45	e-bikes,	them,
50	61	45	e-bikes,	them,
50	62	46	even	NA
50	63	47	though	NA
50	64	48	they	NA
50	65	49	have	NA
50	66	50	been	NA
50	67	51	around	NA
50	68	52	since	NA
50	69	53	the	NA
50	70	54	late	NA
50	71	55	1990s.	NA
50	72	55	1990s.	NA
50	73	55	1990s.	NA
50	74	56	Sales	They.
50	75	57	in	They.
50	76	58	the	They.
50	77	59	US	They.
50	78	60	have	They.
50	79	61	been	They.
50	80	62	modest.	They.
50	81	62	modest.	They.
50	82	63	Pizzi,	He,
50	83	63	Pizzi,	He,
50	84	63	Pizzi,	He,
50	85	63	Pizzi,	He,
50	86	64	who	He,
50	87	65	is	He,
50	88	66	now	He,
50	89	67	CEO	He,
50	90	68	of	He,
50	91	69	Currie	He,
50	92	69	Currie	He,
50	93	70	Technologies,	He,
50	94	70	Technologies,	He,
50	95	71	the	He,
50	96	72	number	He,
50	97	73	one	He,
50	98	74	seller	He,
50	99	75	of	He,
50	100	76	e-bikes	He,
50	101	76	e-bikes	He,
50	102	76	e-bikes	He,
50	103	76	e-bikes	He,
50	104	77	in	He,
50	105	78	the	He,
50	106	79	US,	He,
50	107	79	US,	He,
50	108	80	believes	NA
50	109	81	that's	NA
50	110	81	that's	NA
50	111	82	about	NA
50	112	83	to	NA
50	113	84	change.	NA
50	114	84	change.	NA
50	115	85	Others	NA
50	116	86	in	NA
50	117	87	the	NA
50	118	88	industry	NA
50	119	89	agree.	NA
50	120	89	agree.	NA
50	121	90	Familiar	They
50	122	90	Familiar	They
50	123	91	brands	They
50	124	92	including	They
50	125	93	Trek,	They
50	126	93	Trek,	They
50	127	94	Raleigh	They
50	128	95	and	They
50	129	96	Specialized	They
50	130	96	Specialized	They
50	131	97	all	NA
50	132	98	offer	NA
50	133	99	electric	NA
50	134	100	models	NA
50	135	101	and	NA
50	136	102	they're	NA
50	137	102	they're	NA
50	138	103	betting	NA
50	139	104	the	NA
50	140	105	market	NA
50	141	106	is	NA
50	142	107	about	NA
50	143	108	to	NA
50	144	109	take	NA
50	145	110	off.	NA
50	146	110	off.	NA
50	147	111	“We're	NA
50	148	111	“We're	NA
50	149	111	“We're	NA
50	150	111	“We're	NA
50	151	112	on	NA
50	152	113	the	NA
50	153	114	cusp	NA
50	154	114	cusp	NA
50	155	115	of	NA
50	156	116	mainstream	NA
50	157	117	adoption,”	NA
50	158	117	adoption,”	NA
50	159	117	adoption,”	NA
50	160	117	adoption,”	NA
50	161	118	Pizzi	he
50	162	118	Pizzi	he
50	163	118	Pizzi	he
50	164	119	said.	NA
50	165	119	said.	NA
50	166	120	“There	NA
50	167	120	“There	NA
50	168	120	“There	NA
50	169	121	are	NA
50	170	122	more	NA
50	171	123	players	NA
50	172	124	entering	NA
50	173	125	the	NA
50	174	126	category,	NA
50	175	126	category,	NA
50	176	127	it	NA
50	177	128	seems,	NA
50	178	128	seems,	NA
50	179	129	with	NA
50	180	130	every	NA
50	181	131	passing	NA
50	182	132	month.”	NA
50	183	132	month.”	NA
50	184	132	month.”	NA
50	185	132	month.”	NA
50	186	133	The	it
50	187	134	US	it
50	188	135	is	NA
50	189	136	an	it
50	190	137	outlier	it
50	191	137	outlier	it
50	192	138	when	NA
50	193	139	it	NA
50	194	140	comes	NA
50	195	141	to	NA
50	196	142	electric	them.
50	197	143	bikes.	them.
50	198	143	bikes.	them.
50	199	144	Nearly	They
50	200	145	32	They
50	201	146	million	They
50	202	147	e-bikes	They
50	203	147	e-bikes	They
50	204	147	e-bikes	They
50	205	147	e-bikes	They
50	206	148	were	NA
50	207	149	sold	NA
50	208	150	in	NA
50	209	151	2014,	it,
50	210	151	2014,	it,
50	211	152	the	NA
50	212	153	vast	NA
50	213	154	majority	NA
50	214	155	in	NA
50	215	156	China,	NA
50	216	156	China,	NA
50	217	157	where	NA
50	218	158	they	NA
50	219	159	are	NA
50	220	160	primarily	NA
50	221	161	used	NA
50	222	162	for	NA
50	223	163	transportation.	NA
50	224	163	transportation.	NA
50	225	164	They	NA
50	226	165	are	NA
50	227	166	popular	NA
50	228	167	in	NA
50	229	168	much	NA
50	230	169	of	NA
50	231	170	Europe,	it,
50	232	170	Europe,	it,
50	233	171	too.	NA
50	234	171	too.	NA
50	235	172	They're	NA
50	236	172	They're	NA
50	237	173	common	NA
50	238	174	in	NA
50	239	175	the	it
50	240	176	Netherlands	it
50	241	177	and	NA
50	242	178	Switzerland;	NA
50	243	178	Switzerland;	NA
50	244	179	German	NA
50	245	180	postal	NA
50	246	181	workers	NA
50	247	182	use	NA
50	248	183	them	NA
50	249	184	to	NA
50	250	185	get	NA
50	251	186	around	NA
50	252	187	and	NA
50	253	188	BMW	NA
50	254	189	offers	NA
50	255	190	one	NA
50	256	191	for	NA
50	257	192	about	NA
50	258	193	$3,000.	NA
50	259	193	$3,000.	NA
50	260	193	$3,000.	NA
50	261	193	$3,000.	NA
50	262	193	$3,000.	NA
50	263	194	Electric	They
50	264	195	bikes	They
50	265	196	are	NA
50	266	197	different	NA
50	267	198	from	NA
50	268	199	motorcycles	NA
50	269	200	or	NA
50	270	201	mopeds,	them,
50	271	201	mopeds,	them,
50	272	201	mopeds,	them,
50	273	201	mopeds,	them,
50	274	202	which	NA
50	275	203	rely	NA
50	276	204	on	NA
50	277	205	motorized	NA
50	278	205	motorized	NA
50	279	206	power;	NA
50	280	206	power;	NA
50	281	207	they	NA
50	282	208	are	NA
50	283	209	bicycles	them.
50	284	210	that	them.
50	285	211	can	them.
50	286	212	be	them.
50	287	213	pedaled	them.
50	288	213	pedaled	them.
50	289	214	with	them.
50	290	215	–	them.
50	291	216	or	them.
50	292	217	without	them.
50	293	218	–	them.
50	294	219	assistance	them.
50	295	220	from	them.
50	296	221	an	them.
50	297	222	electric	them.
50	298	223	motor.	them.
50	299	223	motor.	them.
50	300	224	Riding	NA
50	301	225	an	NA
50	302	226	e-bike	NA
50	303	226	e-bike	NA
50	304	226	e-bike	NA
50	305	227	feels	NA
50	306	228	like	NA
50	307	229	riding	NA
50	308	230	a	NA
50	309	231	conventional	NA
50	310	232	bike	NA
50	311	233	with	NA
50	312	234	a	NA
50	313	235	brisk	NA
50	314	236	tailwind;	NA
50	315	236	tailwind;	NA
50	316	236	tailwind;	NA
50	317	237	the	it
50	318	238	motor	it
50	319	239	helps	NA
50	320	240	you	NA
50	321	241	go	NA
50	322	242	faster	NA
50	323	243	or	NA
50	324	244	climb	NA
50	325	245	hills	NA
50	326	246	but	NA
50	327	247	it's	NA
50	328	247	it's	NA
50	329	248	typically	NA
50	330	249	not	NA
50	331	250	the	it.
50	332	251	primary	it.
50	333	252	source	it.
50	334	253	of	it.
50	335	254	propulsion.	it.
50	336	254	propulsion.	it.
50	337	255	Unlike	NA
50	338	256	mopeds,	they,
50	339	256	mopeds,	they,
50	340	256	mopeds,	they,
50	341	256	mopeds,	they,
50	342	257	e-	they
50	343	257	e-	they
50	344	258	bicycles	they
50	345	259	are	NA
50	346	260	usually	NA
50	347	261	permitted	NA
50	348	262	on	NA
50	349	263	bike	NA
50	350	264	paths	NA
50	351	265	and	NA
50	352	266	they	NA
50	353	267	can't	NA
50	354	267	can't	NA
50	355	268	travel	NA
50	356	269	faster	NA
50	357	270	than	NA
50	358	271	20mph.	NA
50	359	271	20mph.	NA
50	360	271	20mph.	NA
50	361	272	To	NA
50	362	273	succeed,	NA
50	363	273	succeed,	NA
50	364	274	the	it
50	365	275	electric	it
50	366	276	bike	it
50	367	277	business	it
50	368	278	in	it
50	369	279	the	it
50	370	280	US	it
50	371	281	must	NA
50	372	282	clear	NA
50	373	283	legal,	NA
50	374	283	legal,	NA
50	375	284	cultural	NA
50	376	285	and	NA
50	377	286	financial	NA
50	378	287	hurdles.	NA
50	379	287	hurdles.	NA
50	380	288	E-bikes	They,
50	381	288	E-bikes	They,
50	382	288	E-bikes	They,
50	383	288	E-bikes	They,
50	384	289	are	They,
50	385	290	banned	They,
50	386	291	in	They,
50	387	292	some	They,
50	388	293	states,	They,
50	389	293	states,	They,
50	390	294	including	They,
50	391	295	New	They,
50	392	296	York,	They,
50	393	296	York,	They,
50	394	297	although	NA
50	395	298	the	it
50	396	299	law	it
50	397	300	isn't	NA
50	398	300	isn't	NA
50	399	301	strictly	NA
50	400	302	enforced.	NA
50	401	302	enforced.	NA
50	402	303	Traditionalists	NA
50	403	303	Traditionalists	NA
50	404	304	who	NA
50	405	305	own	NA
50	406	306	and	NA
50	407	307	staff	NA
50	408	308	bike	them
50	409	309	shops	them
50	410	310	don't	NA
50	411	310	don't	NA
50	412	311	like	NA
50	413	312	putting	NA
50	414	313	motors	NA
50	415	314	on	NA
50	416	315	bicycles,	them,
50	417	315	bicycles,	them,
50	418	316	citing,	NA
50	419	316	citing,	NA
50	420	317	among	NA
50	421	318	other	NA
50	422	319	things,	NA
50	423	319	things,	NA
50	424	320	the	NA
50	425	321	added	NA
50	426	322	weight.	NA
50	427	322	weight.	NA
50	428	323	Some	NA
50	429	324	e-bikes	NA
50	430	324	e-bikes	NA
50	431	324	e-bikes	NA
50	432	324	e-bikes	NA
50	433	325	are	NA
50	434	326	close	NA
50	435	327	to	NA
50	436	328	30kg.	NA
50	437	328	30kg.	NA
50	438	328	30kg.	NA
50	439	329	E-bikes	They
50	440	329	E-bikes	They
50	441	329	E-bikes	They
50	442	329	E-bikes	They
50	443	330	are	NA
50	444	331	also	NA
50	445	332	pricey.	NA
50	446	332	pricey.	NA
50	447	333	While	NA
50	448	334	low-end	NA
50	449	334	low-end	NA
50	450	334	low-end	NA
50	451	335	models	NA
50	452	336	sell	NA
50	453	337	for	NA
50	454	338	as	NA
50	455	339	little	NA
50	456	340	as	NA
50	457	341	$700,	NA
50	458	341	$700,	NA
50	459	341	$700,	NA
50	460	342	Court	he,
50	461	343	Rye,	he,
50	462	343	Rye,	he,
50	463	344	the	he,
50	464	345	founder	he,
50	465	346	and	he,
50	466	347	editor	he,
50	467	348	of	he,
50	468	349	ElectricBikeReview.com,	he,
50	469	349	ElectricBikeReview.com,	he,
50	470	349	ElectricBikeReview.com,	he,
50	471	349	ElectricBikeReview.com,	he,
50	472	349	ElectricBikeReview.com,	he,
50	473	349	ElectricBikeReview.com,	he,
50	474	349	ElectricBikeReview.com,	he,
50	475	350	a	he,
50	476	351	popular	he,
50	477	352	website,	he,
50	478	352	website,	he,
50	479	353	says	NA
50	480	354	riders	NA
50	481	355	should	NA
50	482	356	expect	NA
50	483	357	to	NA
50	484	358	pay	NA
50	485	359	at	it
50	486	360	least	it
50	487	361	$1,500	it
50	488	361	$1,500	it
50	489	361	$1,500	it
50	490	361	$1,500	it
50	491	362	for	NA
50	492	363	a	NA
50	493	364	quality	NA
50	494	365	e-bike	NA
50	495	365	e-bike	NA
50	496	365	e-bike	NA
50	497	366	with	NA
50	498	367	a	NA
50	499	368	good	NA
50	500	369	battery.	NA
50	501	369	battery.	NA
50	502	370	Top-of-the-line	NA
50	503	370	Top-of-the-line	NA
50	504	370	Top-of-the-line	NA
50	505	370	Top-of-the-line	NA
50	506	370	Top-of-the-line	NA
50	507	370	Top-of-the-line	NA
50	508	370	Top-of-the-line	NA
50	509	371	models	NA
50	510	372	cost	NA
50	511	373	more	NA
50	512	374	than	NA
50	513	375	twice	NA
50	514	376	that.	NA
50	515	376	that.	NA
50	516	377	The	They
50	517	378	companies	They
50	518	379	that	They
50	519	380	make	They
50	520	381	and	They
50	521	382	sell	They
50	522	383	e-bikes	They
50	523	383	e-bikes	They
50	524	383	e-bikes	They
50	525	383	e-bikes	They
50	526	384	say	NA
50	527	385	they	NA
50	528	386	can	NA
50	529	387	overcome	NA
50	530	388	those	NA
50	531	389	obstacles.	NA
50	532	389	obstacles.	NA
50	533	390	E-bike	NA
50	534	390	E-bike	NA
50	535	390	E-bike	NA
50	536	391	technology,	NA
50	537	391	technology,	NA
50	538	392	particularly	NA
50	539	393	the	they,
50	540	394	batteries,	they,
50	541	394	batteries,	they,
50	542	395	is	NA
50	543	396	improving.	NA
50	544	396	improving.	NA
50	545	397	“Batteries	“They
50	546	397	“Batteries	“They
50	547	397	“Batteries	“They
50	548	397	“Batteries	“They
50	549	397	“Batteries	“They
50	550	398	are	NA
50	551	399	getting	NA
50	552	400	smaller,	NA
50	553	400	smaller,	NA
50	554	401	they're	NA
50	555	401	they're	NA
50	556	402	getting	NA
50	557	403	lighter,	NA
50	558	403	lighter,	NA
50	559	404	they're	NA
50	560	404	they're	NA
50	561	405	getting	NA
50	562	406	more	NA
50	563	407	reliable	NA
50	564	408	and	NA
50	565	409	they	NA
50	566	410	are	NA
50	567	411	lasting	NA
50	568	412	longer,”	NA
50	569	412	longer,”	NA
50	570	412	longer,”	NA
50	571	412	longer,”	NA
50	572	413	says	NA
50	573	414	Don	he,
50	574	415	DiCostanza,	he,
50	575	415	DiCostanza,	he,
50	576	415	DiCostanza,	he,
50	577	415	DiCostanza,	he,
50	578	416	the	he,
50	579	417	founder	he,
50	580	418	and	he,
50	581	419	CEO	he,
50	582	420	of	he,
50	583	421	Pedego,	he,
50	584	421	Pedego,	he,
50	585	421	Pedego,	he,
50	586	421	Pedego,	he,
50	587	422	an	he.
50	588	423	electric	he.
50	589	424	bikemaker	he.
50	590	424	bikemaker	he.
50	591	425	and	he.
50	592	426	retailer.	he.
50	593	426	retailer.	he.
50	594	427	Big	NA
50	595	428	companies	NA
50	596	429	like	NA
50	597	430	Bosch	NA
50	598	430	Bosch	NA
50	599	431	and	NA
50	600	432	Shimano	NA
50	601	432	Shimano	NA
50	602	433	are	NA
50	603	434	entering	NA
50	604	435	the	it,
50	605	436	business,	it,
50	606	436	business,	it,
50	607	437	which	NA
50	608	438	should	NA
50	609	439	help	NA
50	610	440	erode	NA
50	611	440	erode	NA
50	612	441	resistance	NA
50	613	442	from	NA
50	614	443	bike	them.
50	615	444	shops.	them.
50	616	444	shops.	them.
50	617	445	In	NA
50	618	446	the	NA
50	619	447	meantime,	NA
50	620	447	meantime,	NA
50	621	448	lobbying	NA
50	622	449	efforts	NA
50	623	450	are	NA
50	624	451	underway	NA
50	625	452	to	NA
50	626	453	permit	NA
50	627	454	the	NA
50	628	455	use	NA
50	629	456	of	NA
50	630	457	e-bikes	them
50	631	457	e-bikes	them
50	632	457	e-bikes	them
50	633	457	e-bikes	them
50	634	458	everywhere.	NA
50	635	458	everywhere.	NA
50	636	459	Perhaps	NA
50	637	460	most	NA
50	638	461	importantly,	NA
50	639	461	importantly,	NA
50	640	462	as	NA
50	641	463	more	NA
50	642	464	cities	NA
50	643	465	build	NA
50	644	466	cycling	NA
50	645	467	infrastructure,	NA
50	646	467	infrastructure,	NA
50	647	468	including	NA
50	648	469	dedicated	NA
50	649	470	bike	NA
50	650	471	lanes,	NA
50	651	471	lanes,	NA
50	652	472	bicycle	its
50	653	473	commuting	NA
50	654	474	has	NA
50	655	475	become	NA
50	656	476	more	NA
50	657	477	popular.	NA
50	658	477	popular.	NA
50	659	478	As	NA
50	660	479	the	NA
50	661	480	US	its
50	662	481	Census	NA
50	663	482	Bureau	NA
50	664	483	reported	NA
50	665	484	in	NA
50	666	485	2014,	it,
50	667	485	2014,	it,
50	668	486	the	NA
50	669	487	number	NA
50	670	488	of	NA
50	671	489	bike	it
50	672	490	commuters	NA
50	673	491	grew	NA
50	674	492	from	NA
50	675	493	about	NA
50	676	494	488,000	NA
50	677	494	488,000	NA
50	678	494	488,000	NA
50	679	494	488,000	NA
50	680	495	in	NA
50	681	496	2000	NA
50	682	497	to	NA
50	683	498	786,000	NA
50	684	498	786,000	NA
50	685	498	786,000	NA
50	686	498	786,000	NA
50	687	499	in	NA
50	688	500	2012.	NA
50	689	500	2012.	NA
50	690	501	Electric	They
50	691	502	bikes	They
50	692	503	make	NA
50	693	504	commuting	NA
50	694	505	more	NA
50	695	506	practical	NA
50	696	507	–	NA
50	697	508	and	NA
50	698	509	fun	NA
50	699	510	–	NA
50	700	511	by	NA
50	701	512	easing	NA
50	702	513	worry	NA
50	703	514	about	NA
50	704	515	hills,	them,
50	705	515	hills,	them,
50	706	516	headwinds	NA
50	707	516	headwinds	NA
50	708	516	headwinds	NA
50	709	517	and	NA
50	710	518	fatigue.	NA
50	711	518	fatigue.	NA
50	712	519	Most	They
50	713	520	of	They
50	714	521	our	They
50	715	522	customers	They
50	716	523	are	NA
50	717	524	“aging	“they,”
50	718	524	“aging	“they,”
50	719	524	“aging	“they,”
50	720	525	baby	“they,”
50	721	526	boomers	“they,”
50	722	526	boomers	“they,”
50	723	527	who	“they,”
50	724	528	want	“they,”
50	725	529	to	“they,”
50	726	530	rekindle	“they,”
50	727	530	rekindle	“they,”
50	728	530	rekindle	“they,”
50	729	531	the	“they,”
50	730	532	experience	“they,”
50	731	533	they	“they,”
50	732	534	had	“they,”
50	733	535	as	“they,”
50	734	536	a	“they,”
50	735	537	kid,”	“they,”
50	736	537	kid,”	“they,”
50	737	537	kid,”	“they,”
50	738	537	kid,”	“they,”
50	739	538	says	NA
50	740	539	Pedego's	he.
50	741	539	Pedego's	he.
50	742	539	Pedego's	he.
50	743	539	Pedego's	he.
50	744	540	Don	he.
50	745	541	DiCostanza.	he.
50	746	541	DiCostanza.	he.
50	747	541	DiCostanza.	he.
50	748	541	DiCostanza.	he.
50	749	542	“The	NA
50	750	542	“The	NA
50	751	542	“The	NA
50	752	543	main	NA
50	753	544	reason	NA
50	754	545	they	NA
50	755	546	stopped	NA
50	756	547	riding	NA
50	757	548	bikes	NA
50	758	549	was	NA
50	759	550	because	NA
50	760	551	of	NA
50	761	552	hills.”	them.”
50	762	552	hills.”	them.”
50	763	552	hills.”	them.”
50	764	552	hills.”	them.”
50	765	553	Pedego	it
50	766	553	Pedego	it
50	767	553	Pedego	it
50	768	554	has	NA
50	769	555	opened	NA
50	770	556	nearly	NA
50	771	557	60	NA
50	772	558	stores	NA
50	773	559	in	NA
50	774	560	the	it
50	775	561	US	it
50	776	562	and	NA
50	777	563	it	NA
50	778	564	has	NA
50	779	565	sold	NA
50	780	566	bikes	them
50	781	567	to	NA
50	782	568	tour	NA
50	783	569	companies	NA
50	784	570	in	NA
50	785	571	San	NA
50	786	572	Francisco	NA
50	787	573	and	NA
50	788	574	Washington,	NA
50	789	574	Washington,	NA
50	790	575	DC.	NA
50	791	575	DC.	NA
50	792	576	ElectroBike,	It,
50	793	576	ElectroBike,	It,
50	794	576	ElectroBike,	It,
50	795	576	ElectroBike,	It,
50	796	577	which	It,
50	797	578	operates	It,
50	798	579	30	It,
50	799	580	stores	It,
50	800	581	in	It,
50	801	582	Mexico,	It,
50	802	582	Mexico,	It,
50	803	583	opened	NA
50	804	584	its	NA
50	805	585	first	NA
50	806	586	American	NA
50	807	587	store	NA
50	808	588	in	NA
50	809	589	Venice	NA
50	810	590	Beach,	NA
50	811	590	Beach,	NA
50	812	591	California	NA
50	813	592	in	NA
50	814	593	the	NA
50	815	594	autumn	NA
50	816	595	of	NA
50	817	596	2014	it
50	818	597	and	NA
50	819	598	hopes	NA
50	820	599	to	NA
50	821	600	grow	NA
50	822	601	to	NA
50	823	602	25	NA
50	824	603	US	us
50	825	604	stores	NA
50	826	605	in	NA
50	827	606	a	NA
50	828	607	year.	NA
50	829	607	year.	NA
50	830	608	CEO	NA
50	831	609	Craig	NA
50	832	610	Anderson	NA
50	833	611	says:	NA
50	834	611	says:	NA
50	835	612	“We	NA
50	836	612	“We	NA
50	837	612	“We	NA
50	838	613	want	NA
50	839	614	to	NA
50	840	615	help	NA
50	841	616	reduce	NA
50	842	617	traffic,	NA
50	843	617	traffic,	NA
50	844	618	help	NA
50	845	619	reduce	NA
50	846	620	our	NA
50	847	621	carbon	NA
50	848	622	footprint	NA
50	849	623	and	NA
50	850	624	promote	NA
50	851	625	a	NA
50	852	626	healthy	NA
50	853	627	lifestyle.”	NA
50	854	627	lifestyle.”	NA
50	855	627	lifestyle.”	NA
50	856	627	lifestyle.”	NA
50	857	628	Startups	NA
50	858	628	Startups	NA
50	859	629	like	NA
50	860	630	Pedego	it
50	861	630	Pedego	it
50	862	630	Pedego	it
50	863	631	and	NA
50	864	632	ElectroBike	it
50	865	632	ElectroBike	it
50	866	632	ElectroBike	it
50	867	633	will	NA
50	868	634	have	NA
50	869	635	to	NA
50	870	636	compete	NA
50	871	637	with	NA
50	872	638	big	NA
50	873	639	companies	NA
50	874	640	like	NA
50	875	641	Trek	it
50	876	642	and	NA
50	877	643	Currie,	it.
50	878	643	Currie,	it.
50	879	643	Currie,	it.
50	880	644	which,	it.
50	881	644	which,	it.
50	882	645	in	it.
50	883	646	2012,	it.
50	884	646	2012,	it.
50	885	647	was	it.
50	886	648	acquired	it.
50	887	649	by	it.
50	888	650	Accell,	it.
50	889	650	Accell,	it.
50	890	650	Accell,	it.
50	891	651	a	it.
50	892	652	public	it.
50	893	653	company	it.
50	894	654	based	it.
50	895	655	in	it.
50	896	656	the	it.
50	897	657	Netherlands	it.
50	898	658	that	it.
50	899	659	is	it.
50	900	660	Europe's	it.
50	901	660	Europe's	it.
50	902	661	market	it.
50	903	662	leader	it.
50	904	663	in	it.
50	905	664	e-bikes.	it.
50	906	664	e-bikes.	it.
50	907	664	e-bikes.	it.
50	908	664	e-bikes.	it.
50	909	664	e-bikes.	it.
50	910	665	Accell	It
50	911	665	Accell	It
50	912	666	owns	NA
50	913	667	the	NA
50	914	668	Raleigh	NA
50	915	669	brand,	NA
50	916	669	brand,	NA
50	917	670	as	NA
50	918	671	well	NA
50	919	672	as	NA
50	920	673	Haibike,	it,
50	921	673	Haibike,	it,
50	922	673	Haibike,	it,
50	923	673	Haibike,	it,
50	924	674	an	it.
50	925	675	award-winning	it.
50	926	675	award-winning	it.
50	927	675	award-winning	it.
50	928	676	German	it.
50	929	677	electric	it.
50	930	678	bike.	it.
50	931	678	bike.	it.
50	932	679	“Accell	“It
50	933	679	“Accell	“It
50	934	679	“Accell	“It
50	935	679	“Accell	“It
50	936	680	has	NA
50	937	681	great	NA
50	938	682	expectations	NA
50	939	683	about	NA
50	940	684	e-bikes	them
50	941	684	e-bikes	them
50	942	684	e-bikes	them
50	943	684	e-bikes	them
50	944	685	in	NA
50	945	686	North	it,”
50	946	687	America,”	it,”
50	947	687	America,”	it,”
50	948	687	America,”	it,”
50	949	687	America,”	it,”
50	950	688	Currie's	he
50	951	688	Currie's	he
50	952	688	Currie's	he
50	953	689	Larry	he
50	954	690	Pizzi	he
50	955	690	Pizzi	he
50	956	690	Pizzi	he
50	957	691	says.	NA
50	958	691	says.	NA
50	959	692	“While	NA
50	960	692	“While	NA
50	961	692	“While	NA
50	962	693	baby	they
50	963	694	boomers	they
50	964	694	boomers	they
50	965	695	are	NA
50	966	696	still	NA
50	967	697	a	it,
50	968	698	very	it,
50	969	699	important	it,
50	970	700	segment,	it,
50	971	700	segment,	it,
50	972	701	we're	NA
50	973	701	we're	NA
50	974	702	finding	NA
50	975	703	that	NA
50	976	704	a	NA
50	977	705	lot	NA
50	978	706	of	NA
50	979	707	younger	NA
50	980	708	people	NA
50	981	709	are	NA
50	982	710	now	NA
50	983	711	using	NA
50	984	712	e-bikes	them
50	985	712	e-bikes	them
50	986	712	e-bikes	them
50	987	712	e-bikes	them
50	988	713	for	NA
50	989	714	transportation,	NA
50	990	714	transportation,	NA
50	991	715	instead	NA
50	992	716	of	NA
50	993	717	cars.”	NA
50	994	717	cars.”	NA
50	995	717	cars.”	NA
50	996	717	cars.”	NA
50	997	718	Accell's	its
50	998	718	Accell's	its
50	999	718	Accell's	its
50	1000	719	Yuba	NA
50	1001	719	Yuba	NA
50	1002	720	brand	NA
50	1003	721	even	NA
50	1004	722	sells	NA
50	1005	723	a	it.
50	1006	724	cargo	it.
50	1007	725	bike	it.
50	1008	726	with	it.
50	1009	727	a	it.
50	1010	728	stronger	it.
50	1011	729	motor	it.
50	1012	730	and	it.
50	1013	731	rear	it.
50	1014	732	rack.	it.
50	1015	732	rack.	it.
50	1016	733	“You	NA
50	1017	733	“You	NA
50	1018	733	“You	NA
50	1019	734	can	NA
50	1020	735	carry	NA
50	1021	736	two	NA
50	1022	737	children,”	NA
50	1023	737	children,”	NA
50	1024	737	children,”	NA
50	1025	737	children,”	NA
50	1026	738	says	NA
50	1027	739	Pizzi.	he.
50	1028	739	Pizzi.	he.
50	1029	739	Pizzi.	he.
50	1030	739	Pizzi.	he.
50	1031	740	“You	NA
50	1032	740	“You	NA
50	1033	740	“You	NA
50	1034	741	can	NA
50	1035	742	carry	NA
50	1036	743	45kg	NA
50	1037	743	45kg	NA
50	1038	744	of	NA
50	1039	745	shopping.	NA
50	1040	745	shopping.	NA
50	1041	746	It's	NA
50	1042	746	It's	NA
50	1043	747	a	it.”
50	1044	748	minivan	it.”
50	1045	748	minivan	it.”
50	1046	749	alternative.”	it.”
50	1047	749	alternative.”	it.”
50	1048	749	alternative.”	it.”
50	1049	749	alternative.”	it.”
51	0	0	When	NA
51	1	1	Larry	he
51	2	2	Pizzi	he
51	3	2	Pizzi	he
51	4	2	Pizzi	he
51	5	3	first	NA
51	6	4	heard	NA
51	7	5	about	NA
51	8	6	electric	them
51	9	7	bikes	them
51	10	8	nearly	NA
51	11	9	20	NA
51	12	10	years	NA
51	13	11	ago,	NA
51	14	11	ago,	NA
51	15	12	he	NA
51	16	13	asked:	NA
51	17	13	asked:	NA
51	18	14	“Why	“it
51	19	14	“Why	“it
51	20	14	“Why	“it
51	21	15	would	“it
51	22	16	anyone	“it
51	23	17	want	“it
51	24	18	to	“it
51	25	19	spoil	“it
51	26	20	a	“it
51	27	21	bike	“it
51	28	22	by	“it
51	29	23	putting	“it
51	30	24	a	“it
51	31	25	motor	“it
51	32	26	and	“it
51	33	27	batteries	“it
51	34	28	on	“it
51	35	29	it?”	“it
51	36	29	it?”	“it
51	37	29	it?”	“it
51	38	29	it?”	“it
51	39	30	It's	“it
51	40	30	It's	“it
51	41	31	a	it.
51	42	32	question	it.
51	43	33	that	it.
51	44	34	some	it.
51	45	35	people	it.
51	46	36	still	it.
51	47	37	ask.	it.
51	48	37	ask.	it.
51	49	38	Many	NA
51	50	39	bicycle	NA
51	51	40	shops	NA
51	52	41	in	NA
51	53	42	the	it
51	54	43	US	it
51	55	44	do	NA
51	56	45	not	NA
51	57	46	sell	NA
51	58	47	e-bikes.	them.
51	59	47	e-bikes.	them.
51	60	47	e-bikes.	them.
51	61	47	e-bikes.	them.
51	62	47	e-bikes.	them.
51	63	48	Pizzi	He
51	64	48	Pizzi	He
51	65	48	Pizzi	He
51	66	49	is	NA
51	67	50	CEO	he,
51	68	51	of	he,
51	69	52	Currie	he,
51	70	52	Currie	he,
51	71	53	Technologies,	he,
51	72	53	Technologies,	he,
51	73	54	the	it.
51	74	55	number	it.
51	75	56	one	it.
51	76	57	seller	it.
51	77	58	of	it.
51	78	59	e-bikes	it.
51	79	59	e-bikes	it.
51	80	59	e-bikes	it.
51	81	59	e-bikes	it.
51	82	60	in	it.
51	83	61	the	it.
51	84	62	US.	it.
51	85	62	US.	it.
51	86	63	He	NA
51	87	64	believes	NA
51	88	65	that	NA
51	89	66	things	NA
51	90	67	will	NA
51	91	68	change	NA
51	92	69	very	NA
51	93	70	soon.	NA
51	94	70	soon.	NA
51	95	71	Other	NA
51	96	72	people	NA
51	97	73	who	NA
51	98	74	sell	NA
51	99	75	bikes	them
51	100	76	agree.	NA
51	101	76	agree.	NA
51	102	77	Familiar	They
51	103	77	Familiar	They
51	104	78	brands	They
51	105	79	including	They
51	106	80	Trek,	They
51	107	80	Trek,	They
51	108	81	Raleigh	They
51	109	82	and	They
51	110	83	Specialized	They
51	111	83	Specialized	They
51	112	84	all	NA
51	113	85	offer	NA
51	114	86	electric	them
51	115	87	bikes	them
51	116	88	and	NA
51	117	89	they	NA
51	118	90	believe	NA
51	119	91	that	NA
51	120	92	the	NA
51	121	93	market	NA
51	122	94	is	NA
51	123	95	going	NA
51	124	96	to	NA
51	125	97	grow.	NA
51	126	97	grow.	NA
51	127	98	The	It
51	128	99	US	It
51	129	100	is	NA
51	130	101	different	NA
51	131	102	from	NA
51	132	103	other	NA
51	133	104	countries	NA
51	134	105	when	NA
51	135	106	it	NA
51	136	107	comes	NA
51	137	108	to	NA
51	138	109	electric	them.
51	139	110	bikes.	them.
51	140	110	bikes.	them.
51	141	111	Nearly	They
51	142	112	32	They
51	143	113	million	They
51	144	114	e-bikes	They
51	145	114	e-bikes	They
51	146	114	e-bikes	They
51	147	114	e-bikes	They
51	148	115	were	NA
51	149	116	sold	NA
51	150	117	in	NA
51	151	118	2014,	it,
51	152	118	2014,	it,
51	153	119	most	NA
51	154	120	of	NA
51	155	121	them	NA
51	156	122	in	NA
51	157	123	China,	NA
51	158	123	China,	NA
51	159	124	where	NA
51	160	125	people	NA
51	161	126	mostly	NA
51	162	127	use	NA
51	163	128	them	NA
51	164	129	for	NA
51	165	130	transportation.	NA
51	166	130	transportation.	NA
51	167	131	They	NA
51	168	132	are	NA
51	169	133	popular	NA
51	170	134	in	NA
51	171	135	many	NA
51	172	136	parts	NA
51	173	137	of	NA
51	174	138	Europe,	it,
51	175	138	Europe,	it,
51	176	139	too.	NA
51	177	139	too.	NA
51	178	140	They're	NA
51	179	140	They're	NA
51	180	141	common	NA
51	181	142	in	NA
51	182	143	the	NA
51	183	144	Netherlands	NA
51	184	145	and	NA
51	185	146	Switzerland;	NA
51	186	146	Switzerland;	NA
51	187	147	German	NA
51	188	148	postal	NA
51	189	149	workers	NA
51	190	150	use	NA
51	191	151	them	NA
51	192	152	and	NA
51	193	153	BMW	NA
51	194	154	sells	NA
51	195	155	one	NA
51	196	156	for	NA
51	197	157	about	NA
51	198	158	$3,000.	NA
51	199	158	$3,000.	NA
51	200	158	$3,000.	NA
51	201	158	$3,000.	NA
51	202	158	$3,000.	NA
51	203	159	Electric	They
51	204	160	bikes	They
51	205	161	are	NA
51	206	162	different	NA
51	207	163	from	NA
51	208	164	motorcycles	NA
51	209	165	or	NA
51	210	166	mopeds,	they,
51	211	166	mopeds,	they,
51	212	166	mopeds,	they,
51	213	166	mopeds,	they,
51	214	167	which	NA
51	215	168	use	NA
51	216	169	motors;	their;
51	217	169	motors;	their;
51	218	170	you	NA
51	219	171	pedal	NA
51	220	172	an	it
51	221	173	electric	it
51	222	174	bike	it
51	223	175	with	NA
51	224	176	–	NA
51	225	177	or	NA
51	226	178	without	NA
51	227	179	–	NA
51	228	180	help	NA
51	229	181	from	NA
51	230	182	an	it.
51	231	183	electric	it.
51	232	184	motor.	it.
51	233	184	motor.	it.
51	234	185	Riding	NA
51	235	186	an	it
51	236	187	e-bike	it
51	237	187	e-bike	it
51	238	187	e-bike	it
51	239	188	feels	NA
51	240	189	like	NA
51	241	190	riding	NA
51	242	191	a	NA
51	243	192	normal	NA
51	244	193	bike	NA
51	245	194	with	NA
51	246	195	a	NA
51	247	196	strong	NA
51	248	197	wind	NA
51	249	198	behind	NA
51	250	199	you;	NA
51	251	199	you;	NA
51	252	200	the	it
51	253	201	motor	it
51	254	202	just	NA
51	255	203	helps	NA
51	256	204	you	NA
51	257	205	go	NA
51	258	206	faster	NA
51	259	207	or	NA
51	260	208	climb	NA
51	261	209	hills.	NA
51	262	209	hills.	NA
51	263	210	Unlike	NA
51	264	211	mopeds,	them,
51	265	211	mopeds,	them,
51	266	211	mopeds,	them,
51	267	211	mopeds,	them,
51	268	212	you	NA
51	269	213	can	NA
51	270	214	usually	NA
51	271	215	ride	NA
51	272	216	e-bicycles	them
51	273	216	e-bicycles	them
51	274	216	e-bicycles	them
51	275	216	e-bicycles	them
51	276	216	e-bicycles	them
51	277	217	on	NA
51	278	218	bike	them
51	279	219	lanes	them
51	280	220	and	NA
51	281	221	they	NA
51	282	222	can't	NA
51	283	222	can't	NA
51	284	223	travel	NA
51	285	224	faster	NA
51	286	225	than	NA
51	287	226	20mph.	NA
51	288	226	20mph.	NA
51	289	226	20mph.	NA
51	290	227	To	NA
51	291	228	succeed,	NA
51	292	228	succeed,	NA
51	293	229	the	NA
51	294	230	electric	its
51	295	231	bike	its
51	296	232	business	NA
51	297	233	in	NA
51	298	234	the	it
51	299	235	US	it
51	300	236	must	NA
51	301	237	overcome	NA
51	302	238	legal,	them.
51	303	238	legal,	them.
51	304	239	cultural	them.
51	305	240	and	them.
51	306	241	financial	them.
51	307	242	challenges.	them.
51	308	242	challenges.	them.
51	309	243	E-bikes	They
51	310	243	E-bikes	They
51	311	243	E-bikes	They
51	312	243	E-bikes	They
51	313	244	are	NA
51	314	245	banned	NA
51	315	246	in	NA
51	316	247	some	NA
51	317	248	states	NA
51	318	249	in	NA
51	319	250	the	it,
51	320	251	US,	it,
51	321	251	US,	it,
51	322	252	including	NA
51	323	253	New	NA
51	324	254	York.	NA
51	325	254	York.	NA
51	326	255	Some	NA
51	327	256	bike	NA
51	328	257	shops	NA
51	329	258	don't	NA
51	330	258	don't	NA
51	331	259	like	NA
51	332	260	putting	it
51	333	261	motors	it
51	334	262	on	it
51	335	263	bicycles	it
51	336	264	because	NA
51	337	265	it	NA
51	338	266	makes	NA
51	339	267	them	NA
51	340	268	too	NA
51	341	269	heavy.	NA
51	342	269	heavy.	NA
51	343	270	Some	NA
51	344	271	e-bikes	NA
51	345	271	e-bikes	NA
51	346	271	e-bikes	NA
51	347	271	e-bikes	NA
51	348	272	weigh	NA
51	349	273	nearly	NA
51	350	274	30kg.	NA
51	351	274	30kg.	NA
51	352	274	30kg.	NA
51	353	275	E-bikes	They
51	354	275	E-bikes	They
51	355	275	E-bikes	They
51	356	275	E-bikes	They
51	357	276	are	NA
51	358	277	also	NA
51	359	278	expensive.	NA
51	360	278	expensive.	NA
51	361	279	While	NA
51	362	280	cheap	NA
51	363	281	bikes	NA
51	364	282	sell	NA
51	365	283	for	NA
51	366	284	just	NA
51	367	285	$700,	NA
51	368	285	$700,	NA
51	369	285	$700,	NA
51	370	286	you	NA
51	371	287	will	NA
51	372	288	pay	NA
51	373	289	at	NA
51	374	290	least	NA
51	375	291	$1,500	NA
51	376	291	$1,500	NA
51	377	291	$1,500	NA
51	378	291	$1,500	NA
51	379	292	for	NA
51	380	293	a	NA
51	381	294	quality	NA
51	382	295	e-bike	NA
51	383	295	e-bike	NA
51	384	295	e-bike	NA
51	385	296	with	NA
51	386	297	a	NA
51	387	298	good	NA
51	388	299	battery.	NA
51	389	299	battery.	NA
51	390	300	The	NA
51	391	301	best	NA
51	392	302	bikes	NA
51	393	303	cost	NA
51	394	304	more	NA
51	395	305	than	NA
51	396	306	$3,000.	NA
51	397	306	$3,000.	NA
51	398	306	$3,000.	NA
51	399	306	$3,000.	NA
51	400	306	$3,000.	NA
51	401	307	The	They
51	402	308	companies	They
51	403	309	that	They
51	404	310	make	They
51	405	311	and	They
51	406	312	sell	They
51	407	313	e-bikes	They
51	408	313	e-bikes	They
51	409	313	e-bikes	They
51	410	313	e-bikes	They
51	411	314	say	NA
51	412	315	they	NA
51	413	316	can	NA
51	414	317	deal	NA
51	415	318	with	NA
51	416	319	those	them.
51	417	320	challenges.	them.
51	418	320	challenges.	them.
51	419	321	E-bike	It
51	420	321	E-bike	It
51	421	321	E-bike	It
51	422	322	technology,	NA
51	423	322	technology,	NA
51	424	323	particularly	NA
51	425	324	the	its,
51	426	325	batteries,	its,
51	427	325	batteries,	its,
51	428	326	is	NA
51	429	327	improving.	NA
51	430	327	improving.	NA
51	431	328	“Batteries	“They
51	432	328	“Batteries	“They
51	433	328	“Batteries	“They
51	434	328	“Batteries	“They
51	435	328	“Batteries	“They
51	436	329	are	NA
51	437	330	getting	NA
51	438	331	smaller,	NA
51	439	331	smaller,	NA
51	440	332	they're	NA
51	441	332	they're	NA
51	442	333	getting	NA
51	443	334	lighter,	NA
51	444	334	lighter,	NA
51	445	335	they're	NA
51	446	335	they're	NA
51	447	336	getting	NA
51	448	337	more	NA
51	449	338	reliable	NA
51	450	339	and	NA
51	451	340	they	NA
51	452	341	are	NA
51	453	342	lasting	NA
51	454	343	longer,”	NA
51	455	343	longer,”	NA
51	456	343	longer,”	NA
51	457	343	longer,”	NA
51	458	344	says	NA
51	459	345	Don	he,
51	460	346	DiCostanza,	he,
51	461	346	DiCostanza,	he,
51	462	346	DiCostanza,	he,
51	463	346	DiCostanza,	he,
51	464	347	the	he,
51	465	348	CEO	he,
51	466	349	of	he,
51	467	350	Pedego,	he,
51	468	350	Pedego,	he,
51	469	350	Pedego,	he,
51	470	350	Pedego,	he,
51	471	351	an	it.
51	472	352	electric	it.
51	473	353	bikemaker	it.
51	474	353	bikemaker	it.
51	475	354	and	it.
51	476	355	retailer.	it.
51	477	355	retailer.	it.
51	478	356	Perhaps	NA
51	479	357	most	NA
51	480	358	importantly,	NA
51	481	358	importantly,	NA
51	482	359	more	NA
51	483	360	cities	NA
51	484	361	are	NA
51	485	362	building	NA
51	486	363	bike	them
51	487	364	lanes	them
51	488	365	so	NA
51	489	366	bicycle	its
51	490	367	commuting	NA
51	491	368	has	NA
51	492	369	become	NA
51	493	370	more	NA
51	494	371	popular.	NA
51	495	371	popular.	NA
51	496	372	As	NA
51	497	373	the	NA
51	498	374	US	us
51	499	375	Census	NA
51	500	376	Bureau	NA
51	501	377	reported	NA
51	502	378	in	NA
51	503	379	2014,	it,
51	504	379	2014,	it,
51	505	380	the	NA
51	506	381	number	NA
51	507	382	of	NA
51	508	383	bike	it
51	509	384	commuters	NA
51	510	385	grew	NA
51	511	386	from	NA
51	512	387	about	NA
51	513	388	488,000	NA
51	514	388	488,000	NA
51	515	388	488,000	NA
51	516	388	488,000	NA
51	517	389	in	NA
51	518	390	2000	NA
51	519	391	to	NA
51	520	392	786,000	NA
51	521	392	786,000	NA
51	522	392	786,000	NA
51	523	392	786,000	NA
51	524	393	in	NA
51	525	394	2012.	NA
51	526	394	2012.	NA
51	527	395	Electric	They
51	528	396	bikes	They
51	529	397	make	NA
51	530	398	commuting	NA
51	531	399	more	NA
51	532	400	practical	NA
51	533	401	–	NA
51	534	402	and	NA
51	535	403	fun	NA
51	536	404	–	NA
51	537	405	because	NA
51	538	406	people	NA
51	539	407	don't	NA
51	540	407	don't	NA
51	541	408	have	NA
51	542	409	to	NA
51	543	410	worry	NA
51	544	411	about	NA
51	545	412	hills,	them,
51	546	412	hills,	them,
51	547	413	strong	NA
51	548	414	winds	NA
51	549	415	and	NA
51	550	416	tiredness.	NA
51	551	416	tiredness.	NA
51	552	416	tiredness.	NA
51	553	417	Most	They
51	554	418	of	They
51	555	419	our	They
51	556	420	customers	They
51	557	421	are	NA
51	558	422	“baby	“they,”
51	559	422	“baby	“they,”
51	560	422	“baby	“they,”
51	561	423	boomers	“they,”
51	562	423	boomers	“they,”
51	563	424	who	“they,”
51	564	425	want	“they,”
51	565	426	to	“they,”
51	566	427	have	“they,”
51	567	428	the	“they,”
51	568	429	cycling	“they,”
51	569	430	experience	“they,”
51	570	431	they	“they,”
51	571	432	had	“they,”
51	572	433	as	“they,”
51	573	434	a	“they,”
51	574	435	kid,”	“they,”
51	575	435	kid,”	“they,”
51	576	435	kid,”	“they,”
51	577	435	kid,”	“they,”
51	578	436	says	NA
51	579	437	Pedego's	he.
51	580	437	Pedego's	he.
51	581	437	Pedego's	he.
51	582	437	Pedego's	he.
51	583	438	Don	he.
51	584	439	DiCostanza.	he.
51	585	439	DiCostanza.	he.
51	586	439	DiCostanza.	he.
51	587	439	DiCostanza.	he.
51	588	440	“The	NA
51	589	440	“The	NA
51	590	440	“The	NA
51	591	441	main	NA
51	592	442	reason	NA
51	593	443	they	NA
51	594	444	stopped	NA
51	595	445	riding	NA
51	596	446	bikes	them
51	597	447	was	NA
51	598	448	because	NA
51	599	449	of	NA
51	600	450	hills.”	them.”
51	601	450	hills.”	them.”
51	602	450	hills.”	them.”
51	603	450	hills.”	them.”
51	604	451	Pedego	it
51	605	451	Pedego	it
51	606	451	Pedego	it
51	607	452	has	NA
51	608	453	opened	NA
51	609	454	nearly	NA
51	610	455	60	NA
51	611	456	stores	NA
51	612	457	in	NA
51	613	458	the	it.
51	614	459	US.	it.
51	615	459	US.	it.
51	616	460	ElectroBike	It
51	617	460	ElectroBike	It
51	618	460	ElectroBike	It
51	619	461	has	NA
51	620	462	30	NA
51	621	463	stores	NA
51	622	464	in	NA
51	623	465	Mexico.	NA
51	624	465	Mexico.	NA
51	625	466	It	NA
51	626	467	opened	NA
51	627	468	its	NA
51	628	469	first	NA
51	629	470	American	NA
51	630	471	store	NA
51	631	472	in	NA
51	632	473	Venice	NA
51	633	474	Beach,	NA
51	634	474	Beach,	NA
51	635	475	California	NA
51	636	476	in	NA
51	637	477	2014	it
51	638	478	and	NA
51	639	479	hopes	NA
51	640	480	to	NA
51	641	481	have	NA
51	642	482	25	NA
51	643	483	US	its
51	644	484	stores	NA
51	645	485	in	NA
51	646	486	a	NA
51	647	487	year.	NA
51	648	487	year.	NA
51	649	488	CEO	He
51	650	489	Craig	He
51	651	490	Anderson	He
51	652	491	says:	NA
51	653	491	says:	NA
51	654	492	“We	NA
51	655	492	“We	NA
51	656	492	“We	NA
51	657	493	want	NA
51	658	494	to	NA
51	659	495	help	NA
51	660	496	reduce	NA
51	661	497	traffic,	NA
51	662	497	traffic,	NA
51	663	498	help	NA
51	664	499	reduce	NA
51	665	500	our	NA
51	666	501	carbon	NA
51	667	502	footprint	NA
51	668	503	and	NA
51	669	504	encourage	NA
51	670	505	a	NA
51	671	506	healthy	NA
51	672	507	lifestyle.”	NA
51	673	507	lifestyle.”	NA
51	674	507	lifestyle.”	NA
51	675	507	lifestyle.”	NA
51	676	508	He	NA
51	677	509	tells	NA
51	678	510	customers:	NA
51	679	510	customers:	NA
51	680	511	“Ride	NA
51	681	511	“Ride	NA
51	682	511	“Ride	NA
51	683	511	“Ride	NA
51	684	512	this	NA
51	685	513	bike	NA
51	686	514	once	NA
51	687	515	and	NA
51	688	516	try	NA
51	689	517	not	NA
51	690	518	to	NA
51	691	519	smile.”	NA
51	692	519	smile.”	NA
51	693	519	smile.”	NA
51	694	519	smile.”	NA
51	695	520	Startups	NA
51	696	520	Startups	NA
51	697	521	like	NA
51	698	522	Pedego	it
51	699	522	Pedego	it
51	700	522	Pedego	it
51	701	523	and	NA
51	702	524	ElectroBike	it
51	703	524	ElectroBike	it
51	704	524	ElectroBike	it
51	705	525	will	NA
51	706	526	have	NA
51	707	527	to	NA
51	708	528	compete	NA
51	709	529	with	NA
51	710	530	big	NA
51	711	531	companies	NA
51	712	532	like	NA
51	713	533	Trek,	it,
51	714	533	Trek,	it,
51	715	534	Currie,	it,
51	716	534	Currie,	it,
51	717	534	Currie,	it,
51	718	535	and	NA
51	719	536	Accell	it
51	720	536	Accell	it
51	721	537	-	NA
51	722	538	the	it.
51	723	539	market	it.
51	724	540	leader	it.
51	725	541	in	it.
51	726	542	e-bikes	it.
51	727	542	e-bikes	it.
51	728	542	e-bikes	it.
51	729	542	e-bikes	it.
51	730	543	in	it.
51	731	544	Europe.	it.
51	732	544	Europe.	it.
51	733	545	Accell	It
51	734	545	Accell	It
51	735	546	owns	NA
51	736	547	the	NA
51	737	548	Raleigh	NA
51	738	549	brand,	NA
51	739	549	brand,	NA
51	740	550	as	NA
51	741	551	well	NA
51	742	552	as	NA
51	743	553	Haibike,	it,
51	744	553	Haibike,	it,
51	745	553	Haibike,	it,
51	746	553	Haibike,	it,
51	747	554	an	it.
51	748	555	award-winning	it.
51	749	555	award-winning	it.
51	750	555	award-winning	it.
51	751	556	German	it.
51	752	557	electric	it.
51	753	558	bike.	it.
51	754	558	bike.	it.
51	755	559	Currie's	He
51	756	559	Currie's	He
51	757	559	Currie's	He
51	758	560	Larry	He
51	759	561	Pizzi	He
51	760	561	Pizzi	He
51	761	561	Pizzi	He
51	762	562	thinks	NA
51	763	563	that	NA
51	764	564	e-bikes	they
51	765	564	e-bikes	they
51	766	564	e-bikes	they
51	767	564	e-bikes	they
51	768	565	will	NA
51	769	566	become	NA
51	770	567	popular	NA
51	771	568	in	NA
51	772	569	North	NA
51	773	570	America.	NA
51	774	570	America.	NA
51	775	571	Pizzi	He
51	776	571	Pizzi	He
51	777	571	Pizzi	He
51	778	572	says	NA
51	779	573	“Baby	NA
51	780	573	“Baby	NA
51	781	573	“Baby	NA
51	782	574	boomers	NA
51	783	574	boomers	NA
51	784	575	are	NA
51	785	576	still	NA
51	786	577	very	NA
51	787	578	important,	NA
51	788	578	important,	NA
51	789	579	but	NA
51	790	580	also	NA
51	791	581	a	NA
51	792	582	lot	NA
51	793	583	of	NA
51	794	584	young	NA
51	795	585	people	NA
51	796	586	are	NA
51	797	587	now	NA
51	798	588	using	NA
51	799	589	e-bikes	them
51	800	589	e-bikes	them
51	801	589	e-bikes	them
51	802	589	e-bikes	them
51	803	590	for	NA
51	804	591	transportation,	NA
51	805	591	transportation,	NA
51	806	592	instead	NA
51	807	593	of	NA
51	808	594	cars.”	NA
51	809	594	cars.”	NA
51	810	594	cars.”	NA
51	811	594	cars.”	NA
51	812	595	There	NA
51	813	596	is	NA
51	814	597	even	NA
51	815	598	a	it.
51	816	599	cargo	it.
51	817	600	bike	it.
51	818	601	with	it.
51	819	602	a	it.
51	820	603	stronger	it.
51	821	604	motor	it.
51	822	605	and	it.
51	823	606	rack	it.
51	824	607	at	it.
51	825	608	the	it.
51	826	609	back.	it.
51	827	609	back.	it.
51	828	610	“You	NA
51	829	610	“You	NA
51	830	610	“You	NA
51	831	611	can	NA
51	832	612	carry	NA
51	833	613	two	NA
51	834	614	children,”	NA
51	835	614	children,”	NA
51	836	614	children,”	NA
51	837	614	children,”	NA
51	838	615	says	NA
51	839	616	Pizzi.	he.
51	840	616	Pizzi.	he.
51	841	616	Pizzi.	he.
51	842	616	Pizzi.	he.
51	843	617	“You	NA
51	844	617	“You	NA
51	845	617	“You	NA
51	846	618	can	NA
51	847	619	carry	NA
51	848	620	45kg	NA
51	849	620	45kg	NA
51	850	621	of	NA
51	851	622	shopping.	NA
51	852	622	shopping.	NA
51	853	623	It's	NA
51	854	623	It's	NA
51	855	624	a	it.”
51	856	625	minivan	it.”
51	857	625	minivan	it.”
51	858	626	alternative.”	it.”
51	859	626	alternative.”	it.”
51	860	626	alternative.”	it.”
51	861	626	alternative.”	it.”
52	0	0	Benjamin	He
52	1	0	Benjamin	He
52	2	1	Carle	He
52	3	1	Carle	He
52	4	2	is	NA
52	5	3	96.9%	NA
52	6	3	96.9%	NA
52	7	3	96.9%	NA
52	8	3	96.9%	NA
52	9	4	made	NA
52	10	5	in	NA
52	11	6	France,	it,
52	12	6	France,	it,
52	13	7	right	NA
52	14	8	down	NA
52	15	9	to	NA
52	16	10	his	NA
52	17	11	underpants	NA
52	18	11	underpants	NA
52	19	12	and	NA
52	20	13	socks.	NA
52	21	13	socks.	NA
52	22	14	Unfortunately,	NA
52	23	14	Unfortunately,	NA
52	24	15	six	NA
52	25	16	Ikea	NA
52	26	16	Ikea	NA
52	27	17	forks,	NA
52	28	17	forks,	NA
52	29	18	a	NA
52	30	19	Chinese	it
52	31	20	guitar	NA
52	32	21	and	NA
52	33	22	unsourced	NA
52	34	22	unsourced	NA
52	35	23	wall	NA
52	36	24	paint	NA
52	37	25	stopped	NA
52	38	26	him	NA
52	39	27	being	NA
52	40	28	declared	NA
52	41	29	a	NA
52	42	30	100%	NA
52	43	30	100%	NA
52	44	31	economic	NA
52	45	32	patriot,	NA
52	46	32	patriot,	NA
52	47	33	but	NA
52	48	34	nobody	NA
52	49	35	is	NA
52	50	36	perfect.	NA
52	51	36	perfect.	NA
52	52	37	Carle,	He,
52	53	37	Carle,	He,
52	54	37	Carle,	He,
52	55	38	26,	NA
52	56	38	26,	NA
52	57	39	set	NA
52	58	40	out,	NA
52	59	40	out,	NA
52	60	41	in	NA
52	61	42	2013,	NA
52	62	42	2013,	NA
52	63	43	to	NA
52	64	44	see	NA
52	65	45	if	NA
52	66	46	it	NA
52	67	47	was	NA
52	68	48	possible	NA
52	69	49	to	it.
52	70	50	live	it.
52	71	51	using	it.
52	72	52	only	it.
52	73	53	French-made	it.
52	74	53	French-made	it.
52	75	53	French-made	it.
52	76	54	products	it.
52	77	55	for	it.
52	78	56	ten	it.
52	79	57	months	it.
52	80	58	as	it.
52	81	59	part	it.
52	82	60	of	it.
52	83	61	a	it.
52	84	62	television	it.
52	85	63	documentary.	it.
52	86	63	documentary.	it.
52	87	64	The	NA
52	88	65	idea	NA
52	89	66	was	NA
52	90	67	triggered	NA
52	91	68	by	NA
52	92	69	the	his
52	93	70	Minister	his
52	94	71	for	his
52	95	72	Economic	his
52	96	73	Renewal	his
52	97	73	Renewal	his
52	98	74	Arnaud	his
52	99	74	Arnaud	his
52	100	74	Arnaud	his
52	101	75	Montebourg's	his
52	102	75	Montebourg's	his
52	103	75	Montebourg's	his
52	104	76	call	NA
52	105	77	for	NA
52	106	78	the	NA
52	107	79	public	NA
52	108	80	to	NA
52	109	81	buy	NA
52	110	82	French	NA
52	111	83	to	NA
52	112	84	save	NA
52	113	85	the	its
52	114	86	country's	its
52	115	86	country's	its
52	116	87	industrial	NA
52	117	88	production	NA
52	118	89	sector.	NA
52	119	89	sector.	NA
52	120	90	The	It
52	121	91	experiment	It
52	122	92	cost	NA
52	123	93	Carle	him
52	124	93	Carle	him
52	125	94	his	him
52	126	95	smartphone,	NA
52	127	95	smartphone,	NA
52	128	96	television,	NA
52	129	96	television,	NA
52	130	97	refrigerator	it
52	131	98	(all	NA
52	132	98	(all	NA
52	133	99	made	NA
52	134	100	in	NA
52	135	101	China);	it);
52	136	101	China);	it);
52	137	102	his	NA
52	138	103	spectacles	NA
52	139	103	spectacles	NA
52	140	104	(Italian);	NA
52	141	104	(Italian);	NA
52	142	104	(Italian);	NA
52	143	105	his	NA
52	144	106	underpants	NA
52	145	106	underpants	NA
52	146	107	(Moroccan);	NA
52	147	107	(Moroccan);	NA
52	148	107	(Moroccan);	NA
52	149	107	(Moroccan);	NA
52	150	107	(Moroccan);	NA
52	151	108	morning	NA
52	152	109	coffee	NA
52	153	110	(Guatemalan)	NA
52	154	110	(Guatemalan)	NA
52	155	110	(Guatemalan)	NA
52	156	110	(Guatemalan)	NA
52	157	110	(Guatemalan)	NA
52	158	111	and	NA
52	159	112	his	NA
52	160	113	adored	NA
52	161	113	adored	NA
52	162	114	David	his
52	163	115	Bowie	his
52	164	116	music	NA
52	165	117	(British).	NA
52	166	117	(British).	NA
52	167	117	(British).	NA
52	168	118	Fortunately,	NA
52	169	118	Fortunately,	NA
52	170	119	his	she,
52	171	120	long-suffering	she,
52	172	120	long-suffering	she,
52	173	120	long-suffering	she,
52	174	120	long-suffering	she,
52	175	121	girlfriend,	she,
52	176	121	girlfriend,	she,
52	177	122	Anaïs,	she,
52	178	122	Anaïs,	she,
52	179	122	Anaïs,	she,
52	180	122	Anaïs,	she,
52	181	123	and	NA
52	182	124	cat,	it,
52	183	124	cat,	it,
52	184	125	Loon,	it,
52	185	125	Loon,	it,
52	186	125	Loon,	it,
52	187	126	(both	(they)
52	188	126	(both	(they)
52	189	127	French)	(they)
52	190	127	French)	(they)
52	191	128	stuck	NA
52	192	129	with	NA
52	193	130	him.	NA
52	194	130	him.	NA
52	195	131	“Politicians	NA
52	196	131	“Politicians	NA
52	197	131	“Politicians	NA
52	198	131	“Politicians	NA
52	199	132	say	NA
52	200	133	all	it
52	201	134	sorts	it
52	202	135	of	it
52	203	136	things	it
52	204	137	and	NA
52	205	138	expect	NA
52	206	139	us	NA
52	207	140	to	NA
52	208	141	go	NA
52	209	142	along	NA
52	210	143	with	NA
52	211	144	it.	NA
52	212	144	it.	NA
52	213	145	I	NA
52	214	146	wanted	NA
52	215	147	to	NA
52	216	148	see	NA
52	217	149	if	NA
52	218	150	it	NA
52	219	151	was	NA
52	220	152	possible	NA
52	221	153	and	NA
52	222	154	feasible	NA
52	223	155	to	NA
52	224	156	do	NA
52	225	157	what	NA
52	226	158	the	he
52	227	159	minister	he
52	228	160	was	NA
52	229	161	asking	NA
52	230	162	us	NA
52	231	163	to	NA
52	232	164	do;	NA
52	233	164	do;	NA
52	234	165	to	NA
52	235	166	hold	NA
52	236	167	him	NA
52	237	168	to	NA
52	238	169	account	NA
52	239	170	for	NA
52	240	171	his	NA
52	241	172	words,”	NA
52	242	172	words,”	NA
52	243	172	words,”	NA
52	244	172	words,”	NA
52	245	173	Carle	she
52	246	173	Carle	she
52	247	174	told	NA
52	248	175	the	NA
52	249	176	Guardian	NA
52	250	177	over	NA
52	251	178	a	NA
52	252	179	non-French	NA
52	253	179	non-French	NA
52	254	179	non-French	NA
52	255	180	coffee	NA
52	256	181	in	NA
52	257	182	a	NA
52	258	183	Parisian	NA
52	259	183	Parisian	NA
52	260	184	café	NA
52	261	185	after	NA
52	262	186	finishing	NA
52	263	187	his	it.
52	264	188	documentary.	it.
52	265	188	documentary.	it.
52	266	189	He	NA
52	267	190	set	NA
52	268	191	just	NA
52	269	192	three	NA
52	270	193	rules	NA
52	271	194	for	NA
52	272	195	himself:	NA
52	273	195	himself:	NA
52	274	196	eat	NA
52	275	197	only	them,
52	276	198	foods	them,
52	277	199	produced	them,
52	278	200	in	them,
52	279	201	France,	them,
52	280	201	France,	them,
52	281	202	eliminate	NA
52	282	203	contact	NA
52	283	204	with	NA
52	284	205	foreign-made	NA
52	285	205	foreign-made	NA
52	286	205	foreign-made	NA
52	287	206	goods	NA
52	288	207	and	NA
52	289	208	do	NA
52	290	209	so	NA
52	291	210	on	NA
52	292	211	€1,800	NA
52	293	211	€1,800	NA
52	294	211	€1,800	NA
52	295	211	€1,800	NA
52	296	212	a	NA
52	297	213	month	NA
52	298	214	(above	NA
52	299	214	(above	NA
52	300	215	the	NA
52	301	216	minimum	NA
52	302	217	wage	NA
52	303	218	of	NA
52	304	219	€1,430	NA
52	305	219	€1,430	NA
52	306	219	€1,430	NA
52	307	219	€1,430	NA
52	308	220	to	NA
52	309	221	cover	NA
52	310	222	the	NA
52	311	223	extra	NA
52	312	224	expense	NA
52	313	225	of	NA
52	314	226	living	NA
52	315	227	in	NA
52	316	228	Paris).	NA
52	317	228	Paris).	NA
52	318	229	The	NA
52	319	230	journalist	NA
52	320	231	was	NA
52	321	232	shocked	NA
52	322	233	to	NA
52	323	234	find	NA
52	324	235	out	NA
52	325	236	at	NA
52	326	237	the	NA
52	327	238	start	NA
52	328	239	of	NA
52	329	240	the	it
52	330	241	experiment	it
52	331	242	that	NA
52	332	243	only	NA
52	333	244	4.5%	NA
52	334	244	4.5%	NA
52	335	244	4.5%	NA
52	336	244	4.5%	NA
52	337	245	of	NA
52	338	246	the	NA
52	339	247	contents	NA
52	340	248	of	NA
52	341	249	his	it
52	342	250	flat	it
52	343	251	were	NA
52	344	252	made	NA
52	345	253	nationally	NA
52	346	254	–	NA
52	347	255	and	NA
52	348	256	that	NA
52	349	257	the	NA
52	350	258	rest	NA
52	351	259	would	NA
52	352	260	have	NA
52	353	261	to	NA
52	354	262	go,	NA
52	355	262	go,	NA
52	356	263	including	NA
52	357	264	the	NA
52	358	265	lightbulbs	NA
52	359	265	lightbulbs	NA
52	360	265	lightbulbs	NA
52	361	266	(China)	(it)
52	362	266	(China)	(it)
52	363	266	(China)	(it)
52	364	267	and	NA
52	365	268	green	NA
52	366	269	beans	NA
52	367	270	(Kenya).	NA
52	368	270	(Kenya).	NA
52	369	270	(Kenya).	NA
52	370	270	(Kenya).	NA
52	371	271	The	NA
52	372	272	removal	NA
52	373	273	men	NA
52	374	274	left	NA
52	375	275	Carle's	it
52	376	275	Carle's	it
52	377	275	Carle's	it
52	378	276	home	it
52	379	277	almost	NA
52	380	278	bare.	NA
52	381	278	bare.	NA
52	382	279	Left	NA
52	383	280	without	NA
52	384	281	a	it
52	385	282	refrigerator	it
52	386	283	(none	NA
52	387	283	(none	NA
52	388	284	are	NA
52	389	285	made	NA
52	390	286	in	NA
52	391	287	France)	it)
52	392	287	France)	it)
52	393	288	or	NA
52	394	289	nail	NA
52	395	290	clippers,	NA
52	396	290	clippers,	NA
52	397	290	clippers,	NA
52	398	291	he	NA
52	399	292	was	NA
52	400	293	forced	NA
52	401	294	to	NA
52	402	295	chill	NA
52	403	296	his	NA
52	404	297	food	NA
52	405	298	on	NA
52	406	299	the	NA
52	407	300	window	NA
52	408	301	ledge	NA
52	409	302	and	NA
52	410	303	saw	NA
52	411	304	at	NA
52	412	305	his	NA
52	413	306	toenails	NA
52	414	306	toenails	NA
52	415	306	toenails	NA
52	416	307	with	NA
52	417	308	a	NA
52	418	309	penknife.	NA
52	419	309	penknife.	NA
52	420	309	penknife.	NA
52	421	310	His	NA
52	422	311	foreign-made	NA
52	423	311	foreign-made	NA
52	424	311	foreign-made	NA
52	425	312	clothes,	NA
52	426	312	clothes,	NA
52	427	313	down	NA
52	428	314	to	NA
52	429	315	his	NA
52	430	316	underwear,	NA
52	431	316	underwear,	NA
52	432	317	were	NA
52	433	318	replaced	NA
52	434	319	with	NA
52	435	320	more	NA
52	436	321	expensive	NA
52	437	322	alternatives:	NA
52	438	322	alternatives:	NA
52	439	323	French-produced	NA
52	440	323	French-produced	NA
52	441	323	French-produced	NA
52	442	324	underpants	NA
52	443	324	underpants	NA
52	444	325	(€26),	NA
52	445	325	(€26),	NA
52	446	325	(€26),	NA
52	447	325	(€26),	NA
52	448	326	socks	NA
52	449	327	(€9),	NA
52	450	327	(€9),	NA
52	451	327	(€9),	NA
52	452	327	(€9),	NA
52	453	328	polo	NA
52	454	328	polo	NA
52	455	329	shirt	NA
52	456	330	(€75),	NA
52	457	330	(€75),	NA
52	458	330	(€75),	NA
52	459	330	(€75),	NA
52	460	331	espadrille	NA
52	461	331	espadrille	NA
52	462	331	espadrille	NA
52	463	332	sandals	NA
52	464	332	sandals	NA
52	465	333	(	NA
52	466	334	€26),	NA
52	467	334	€26),	NA
52	468	334	€26),	NA
52	469	335	but	NA
52	470	336	no	NA
52	471	337	jeans	NA
52	472	338	as	NA
52	473	339	none	NA
52	474	340	are	NA
52	475	341	produced	NA
52	476	342	in	NA
52	477	343	France.	it.
52	478	343	France.	it.
52	479	344	During	NA
52	480	345	the	it,
52	481	346	experiment,	it,
52	482	346	experiment,	it,
52	483	347	Carle	he
52	484	347	Carle	he
52	485	348	scoured	NA
52	486	348	scoured	NA
52	487	349	supermarket	NA
52	488	350	shelves	NA
52	489	351	for	NA
52	490	352	100%	them,
52	491	352	100%	them,
52	492	353	French-made	them,
52	493	353	French-made	them,
52	494	353	French-made	them,
52	495	354	products,	them,
52	496	354	products,	them,
52	497	355	learned	NA
52	498	356	to	NA
52	499	357	cook	NA
52	500	358	seasonal	NA
52	501	359	fruit	NA
52	502	360	and	NA
52	503	361	vegetables	NA
52	504	362	grown	NA
52	505	363	in	NA
52	506	364	France,	NA
52	507	364	France,	NA
52	508	365	proudly	NA
52	509	366	brushed	NA
52	510	367	his	NA
52	511	368	teeth	NA
52	512	369	with	NA
52	513	370	the	NA
52	514	371	last	NA
52	515	372	toothbrush	NA
52	516	372	toothbrush	NA
52	517	373	made	NA
52	518	374	in	NA
52	519	375	France	it
52	520	376	by	NA
52	521	377	a	NA
52	522	378	company	NA
52	523	379	in	NA
52	524	380	Picardie	NA
52	525	380	Picardie	NA
52	526	381	employing	NA
52	527	382	29	NA
52	528	383	people	NA
52	529	384	and	NA
52	530	385	hand-washed	NA
52	531	385	hand-washed	NA
52	532	385	hand-washed	NA
52	533	386	his	NA
52	534	387	smalls	NA
52	535	387	smalls	NA
52	536	388	until	NA
52	537	389	he	NA
52	538	390	found	NA
52	539	391	the	NA
52	540	392	last	NA
52	541	393	French-made	NA
52	542	393	French-made	NA
52	543	393	French-made	NA
52	544	394	washing	NA
52	545	395	machine	NA
52	546	396	(which,	NA
52	547	396	(which,	NA
52	548	396	(which,	NA
52	549	397	being	NA
52	550	398	top	NA
52	551	399	opening,	NA
52	552	399	opening,	NA
52	553	400	would	NA
52	554	401	not	NA
52	555	402	fit	NA
52	556	403	under	NA
52	557	404	the	NA
52	558	405	kitchen	NA
52	559	406	counter).	NA
52	560	406	counter).	NA
52	561	407	Going	NA
52	562	408	out	NA
52	563	409	with	NA
52	564	410	friends	NA
52	565	411	was	NA
52	566	412	problematic	NA
52	567	413	–	NA
52	568	414	no	NA
52	569	415	American	NA
52	570	416	films,	NA
52	571	416	films,	NA
52	572	417	no	NA
52	573	418	Belgian	NA
52	574	419	beer,	NA
52	575	419	beer,	NA
52	576	420	no	NA
52	577	421	sushi	NA
52	578	422	or	NA
52	579	423	pizza.	NA
52	580	423	pizza.	NA
52	581	424	Staying	NA
52	582	424	Staying	NA
52	583	425	home,	NA
52	584	425	home,	NA
52	585	426	with	NA
52	586	427	no	NA
52	587	428	sofa	NA
52	588	429	for	NA
52	589	430	the	NA
52	590	431	first	NA
52	591	432	few	NA
52	592	433	months	NA
52	593	434	and	NA
52	594	435	no	NA
52	595	436	television,	NA
52	596	436	television,	NA
52	597	437	meant	NA
52	598	438	listening	NA
52	599	439	to	NA
52	600	440	crooner	him
52	601	440	crooner	him
52	602	441	Michel	him
52	603	442	Sardou	him
52	604	442	Sardou	him
52	605	443	and	NA
52	606	444	reading	NA
52	607	445	French	NA
52	608	446	novels.	NA
52	609	446	novels.	NA
52	610	447	French	NA
52	611	448	wine	NA
52	612	449	was,	NA
52	613	449	was,	NA
52	614	450	of	NA
52	615	451	course,	NA
52	616	451	course,	NA
52	617	452	allowed	NA
52	618	453	and	NA
52	619	454	French-	NA
52	620	454	French-	NA
52	621	455	Canadian	NA
52	622	456	singer	NA
52	623	457	Céline	NA
52	624	457	Céline	NA
52	625	457	Céline	NA
52	626	458	Dion,	NA
52	627	458	Dion,	NA
52	628	459	but	NA
52	629	460	not,	NA
52	630	460	not,	NA
52	631	461	according	NA
52	632	462	to	NA
52	633	463	his	NA
52	634	464	advisers,	NA
52	635	464	advisers,	NA
52	636	465	French	NA
52	637	466	bands	NA
52	638	467	such	NA
52	639	468	as	NA
52	640	469	Daft	NA
52	641	469	Daft	NA
52	642	470	Punk,	NA
52	643	470	Punk,	NA
52	644	471	who	NA
52	645	472	sing	NA
52	646	473	in	NA
52	647	474	English.	NA
52	648	474	English.	NA
52	649	475	Unable	NA
52	650	476	to	NA
52	651	477	use	NA
52	652	478	his	NA
52	653	479	British-made	NA
52	654	479	British-made	NA
52	655	479	British-made	NA
52	656	480	bicycle	NA
52	657	481	or	NA
52	658	482	even	NA
52	659	483	a	NA
52	660	484	French	NA
52	661	485	car	NA
52	662	486	after	NA
52	663	487	discovering	NA
52	664	488	the	NA
52	665	489	only	NA
52	666	490	affordable	NA
52	667	491	Peugeot,	NA
52	668	491	Peugeot,	NA
52	669	491	Peugeot,	NA
52	670	491	Peugeot,	NA
52	671	492	Renault	NA
52	672	493	and	NA
52	673	494	Citroën	NA
52	674	494	Citroën	NA
52	675	494	Citroën	NA
52	676	494	Citroën	NA
52	677	495	models	NA
52	678	496	are	NA
52	679	497	mostly	NA
52	680	498	made	NA
52	681	499	overseas,	NA
52	682	499	overseas,	NA
52	683	500	Carle	he
52	684	500	Carle	he
52	685	501	invested	NA
52	686	502	in	NA
52	687	503	a	NA
52	688	504	fug-emitting	NA
52	689	504	fug-emitting	NA
52	690	504	fug-emitting	NA
52	691	504	fug-emitting	NA
52	692	505	orange	NA
52	693	506	Mobylette	NA
52	694	506	Mobylette	NA
52	695	506	Mobylette	NA
52	696	507	moped.	NA
52	697	507	moped.	NA
52	698	507	moped.	NA
52	699	508	The	They
52	700	509	last	They
52	701	510	things	They
52	702	511	to	They
52	703	512	go	They
52	704	513	were	NA
52	705	514	the	them.
52	706	515	computer,	them.
52	707	515	computer,	them.
52	708	516	replaced	them.
52	709	517	by	them.
52	710	518	a	them.
52	711	519	Qooq,	them.
52	712	519	Qooq,	them.
52	713	519	Qooq,	them.
52	714	519	Qooq,	them.
52	715	520	a	them.
52	716	521	recipe	them.
52	717	522	tablet	them.
52	718	523	that	them.
52	719	524	connects	them.
52	720	525	–	them.
52	721	526	slowly	them.
52	722	527	–	them.
52	723	528	to	them.
52	724	529	the	them.
52	725	530	internet	them.
52	726	531	and	them.
52	727	532	the	them.
52	728	533	iPhone,	them.
52	729	533	iPhone,	them.
52	730	534	swapped	them.
52	731	535	for	them.
52	732	536	an	them.
52	733	537	old	them.
52	734	538	Sagem	them.
52	735	538	Sagem	them.
52	736	539	mobile.	them.
52	737	539	mobile.	them.
52	738	540	The	It
52	739	541	documentary	It
52	740	542	shows	NA
52	741	543	Carle	him
52	742	543	Carle	him
52	743	544	–	him
52	744	545	realizing	him
52	745	546	he	him
52	746	547	is	him
52	747	548	addicted	him
52	748	549	to	him
52	749	550	his	him
52	750	551	iPhone	him
52	751	552	–	NA
52	752	553	smashing	NA
52	753	554	it	NA
52	754	555	with	NA
52	755	556	a	it,
52	756	557	brand-	it,
52	757	557	brand-	it,
52	758	558	new	it,
52	759	559	French-made	it,
52	760	559	French-made	it,
52	761	559	French-made	it,
52	762	560	Tefal	it,
52	763	560	Tefal	it,
52	764	560	Tefal	it,
52	765	561	saucepan,	it,
52	766	561	saucepan,	it,
52	767	561	saucepan,	it,
52	768	562	while	NA
52	769	563	his	NA
52	770	564	girlfriend	NA
52	771	565	shrieks:	NA
52	772	565	shrieks:	NA
52	773	565	shrieks:	NA
52	774	566	“Are	NA
52	775	566	“Are	NA
52	776	566	“Are	NA
52	777	567	you	NA
52	778	568	crazy?	NA
52	779	568	crazy?	NA
52	780	569	Those	NA
52	781	570	are	NA
52	782	571	new	my!”
52	783	572	pans!”	my!”
52	784	572	pans!”	my!”
52	785	572	pans!”	my!”
52	786	572	pans!”	my!”
52	787	573	Carle	he
52	788	573	Carle	he
52	789	574	tells	NA
52	790	575	viewers	NA
52	791	576	his	NA
52	792	577	aim	NA
52	793	578	is	NA
52	794	579	to	NA
52	795	580	“save	NA
52	796	580	“save	NA
52	797	580	“save	NA
52	798	581	the	NA
52	799	582	French	NA
52	800	583	economy.	NA
52	801	583	economy.	NA
52	802	584	After	NA
52	803	585	all,	NA
52	804	585	all,	NA
52	805	586	I	NA
52	806	587	like	NA
52	807	588	Mission	NA
52	808	589	Impossible.”	NA
52	809	589	Impossible.”	NA
52	810	589	Impossible.”	NA
52	811	589	Impossible.”	NA
52	812	590	He	NA
52	813	591	admits	NA
52	814	592	the	it
52	815	593	experiment	it
52	816	594	was	NA
52	817	595	part	NA
52	818	596	serious	NA
52	819	597	and	NA
52	820	598	part	NA
52	821	599	jest.	NA
52	822	599	jest.	NA
52	823	599	jest.	NA
52	824	600	At	NA
52	825	601	one	NA
52	826	602	point,	NA
52	827	602	point,	NA
52	828	603	he	NA
52	829	604	consults	NA
52	830	604	consults	NA
52	831	605	a	them
52	832	606	French	them
52	833	607	language	them
52	834	608	expert	them
52	835	609	to	NA
52	836	610	check	NA
52	837	611	if	NA
52	838	612	he	NA
52	839	613	should	NA
52	840	614	keep	NA
52	841	615	using	NA
52	842	616	“cool”	“it”
52	843	616	“cool”	“it”
52	844	616	“cool”	“it”
52	845	616	“cool”	“it”
52	846	616	“cool”	“it”
52	847	617	and	NA
52	848	618	other	NA
52	849	619	Anglicisms	NA
52	850	619	Anglicisms	NA
52	851	620	–	NA
52	852	621	he	NA
52	853	622	was	NA
52	854	623	advised	NA
52	855	624	to	NA
52	856	625	swap	NA
52	857	626	it	NA
52	858	627	for	NA
52	859	628	the	it:
52	860	629	nearest	it:
52	861	630	French	it:
52	862	631	equivalent:	it:
52	863	631	equivalent:	it:
52	864	632	“chouette.”	“it.”
52	865	632	“chouette.”	“it.”
52	866	632	“chouette.”	“it.”
52	867	632	“chouette.”	“it.”
52	868	632	“chouette.”	“it.”
52	869	632	“chouette.”	“it.”
52	870	632	“chouette.”	“it.”
52	871	632	“chouette.”	“it.”
52	872	633	On	NA
52	873	634	discovering	NA
52	874	635	France	it
52	875	636	makes	NA
52	876	637	no	NA
52	877	638	refrigerators	NA
52	878	638	refrigerators	NA
52	879	639	(apart	NA
52	880	639	(apart	NA
52	881	639	(apart	NA
52	882	640	from	NA
52	883	641	wine	NA
52	884	642	coolers)	NA
52	885	642	coolers)	NA
52	886	642	coolers)	NA
52	887	643	or	NA
52	888	644	televisions,	NA
52	889	644	televisions,	NA
52	890	644	televisions,	NA
52	891	645	but	NA
52	892	646	is	NA
52	893	647	big	NA
52	894	648	in	NA
52	895	649	airplane	NA
52	896	650	seats	NA
52	897	651	and	NA
52	898	652	windmills,	NA
52	899	652	windmills,	NA
52	900	652	windmills,	NA
52	901	652	windmills,	NA
52	902	653	he	NA
52	903	654	sighs	NA
52	904	654	sighs	NA
52	905	655	and	NA
52	906	656	says:	NA
52	907	656	says:	NA
52	908	657	“Great.	NA
52	909	657	“Great.	NA
52	910	657	“Great.	NA
52	911	657	“Great.	NA
52	912	658	Nothing	NA
52	913	659	that	NA
52	914	660	will	NA
52	915	661	fit	NA
52	916	662	into	NA
52	917	663	my	it.”
52	918	664	apartment.”	it.”
52	919	664	apartment.”	it.”
52	920	664	apartment.”	it.”
52	921	664	apartment.”	it.”
52	922	665	At	NA
52	923	666	the	NA
52	924	667	end	NA
52	925	668	of	NA
52	926	669	the	it,
52	927	670	experiment,	it,
52	928	670	experiment,	it,
52	929	671	Carle	he
52	930	671	Carle	he
52	931	672	takes	NA
52	932	673	out	NA
52	933	674	a	NA
52	934	675	bank	NA
52	935	676	loan	NA
52	936	677	to	NA
52	937	678	refurnish	NA
52	938	678	refurnish	NA
52	939	678	refurnish	NA
52	940	679	his	it
52	941	680	home	it
52	942	681	and	NA
52	943	682	clothe	NA
52	944	682	clothe	NA
52	945	683	himself.	NA
52	946	683	himself.	NA
52	947	684	A	It”
52	948	685	special	It”
52	949	686	“auditor”	It”
52	950	686	“auditor”	It”
52	951	686	“auditor”	It”
52	952	686	“auditor”	It”
52	953	686	“auditor”	It”
52	954	686	“auditor”	It”
52	955	687	declares	NA
52	956	688	him	NA
52	957	689	96.9%	NA
52	958	689	96.9%	NA
52	959	689	96.9%	NA
52	960	689	96.9%	NA
52	961	690	“made	NA
52	962	690	“made	NA
52	963	690	“made	NA
52	964	691	in	NA
52	965	692	France”	it”
52	966	692	France”	it”
52	967	692	France”	it”
52	968	693	and	NA
52	969	694	Montebourg	he
52	970	694	Montebourg	he
52	971	695	visits	NA
52	972	696	to	NA
52	973	697	present	NA
52	974	698	him	NA
52	975	699	with	NA
52	976	700	a	NA
52	977	701	medal.	NA
52	978	701	medal.	NA
52	979	702	Carle's	His
52	980	702	Carle's	His
52	981	702	Carle's	His
52	982	703	conclusion:	NA
52	983	703	conclusion:	NA
52	984	704	“It's	NA
52	985	704	“It's	NA
52	986	704	“It's	NA
52	987	704	“It's	NA
52	988	705	not	NA
52	989	706	entirely	NA
52	990	707	possible	NA
52	991	708	or	NA
52	992	709	even	NA
52	993	710	desirable	NA
52	994	711	to	it.”
52	995	712	live	it.”
52	996	713	100%	it.”
52	997	713	100%	it.”
52	998	714	‘made	it.”
52	999	714	‘made	it.”
52	1000	714	‘made	it.”
52	1001	715	in	it.”
52	1002	716	France,'	it.”
52	1003	716	France,'	it.”
52	1004	717	particularly	it.”
52	1005	718	in	it.”
52	1006	719	terms	it.”
52	1007	720	of	it.”
52	1008	721	new	it.”
52	1009	722	technology.”	it.”
52	1010	722	technology.”	it.”
52	1011	722	technology.”	it.”
52	1012	722	technology.”	it.”
52	1013	723	But	NA
52	1014	724	that	NA
52	1015	725	wasn't	NA
52	1016	725	wasn't	NA
52	1017	726	the	NA
52	1018	727	point.	NA
52	1019	727	point.	NA
52	1020	728	“This	NA
52	1021	728	“This	NA
52	1022	728	“This	NA
52	1023	729	wasn't	NA
52	1024	729	wasn't	NA
52	1025	730	about	NA
52	1026	731	French	NA
52	1027	732	nationalism	NA
52	1028	733	or	NA
52	1029	734	patriotism.	NA
52	1030	734	patriotism.	NA
52	1031	735	It	NA
52	1032	736	was	NA
52	1033	737	trying	NA
52	1034	738	to	NA
52	1035	739	show	NA
52	1036	740	that	NA
52	1037	741	we	we,
52	1038	742	should	we,
52	1039	743	reflect	we,
52	1040	744	about	we,
52	1041	745	the	we,
52	1042	746	way	we,
52	1043	747	we	we,
52	1044	748	consume	we,
52	1045	749	and	we,
52	1046	750	make	we,
52	1047	751	different	we,
52	1048	752	choices,	we,
52	1049	752	choices,	we,
52	1050	753	and	NA
52	1051	754	that	NA
52	1052	755	applies	NA
52	1053	756	in	NA
52	1054	757	all	NA
52	1055	758	countries.	NA
52	1056	758	countries.	NA
52	1057	759	If	NA
52	1058	760	we	NA
52	1059	761	want	NA
52	1060	762	to	NA
52	1061	763	save	NA
52	1062	764	jobs	them
52	1063	765	and	NA
52	1064	766	industries,	NA
52	1065	766	industries,	NA
52	1066	767	wherever	NA
52	1067	768	we	NA
52	1068	769	are,	NA
52	1069	769	are,	NA
52	1070	770	we	NA
52	1071	771	might	NA
52	1072	772	think	NA
52	1073	773	about	NA
52	1074	774	supporting	NA
52	1075	775	them.”	NA
52	1076	775	them.”	NA
52	1077	775	them.”	NA
52	1078	775	them.”	NA
52	1079	776	According	NA
52	1080	777	to	NA
52	1081	778	Carle,	it,
52	1082	778	Carle,	it,
52	1083	778	Carle,	it,
52	1084	779	“A	“it
52	1085	779	“A	“it
52	1086	779	“A	“it
52	1087	780	T-shirt	“it
52	1088	780	T-shirt	“it
52	1089	780	T-shirt	“it
52	1090	781	is	NA
52	1091	782	more	NA
52	1092	783	expensive	NA
52	1093	784	in	NA
52	1094	785	France	it
52	1095	786	but	NA
52	1096	787	I	NA
52	1097	788	can	NA
52	1098	789	be	NA
52	1099	790	sure	NA
52	1100	791	it	NA
52	1101	792	has	NA
52	1102	793	been	NA
52	1103	794	produced	NA
52	1104	795	by	NA
52	1105	796	workers	NA
52	1106	797	who	NA
52	1107	798	are	NA
52	1108	799	correctly	NA
52	1109	800	paid	NA
52	1110	801	and	NA
52	1111	802	have	NA
52	1112	803	good	NA
52	1113	804	working	NA
52	1114	805	conditions.	NA
52	1115	805	conditions.	NA
52	1116	806	I	NA
52	1117	807	cannot	NA
52	1118	808	be	NA
52	1119	809	sure	NA
52	1120	810	about	NA
52	1121	811	a	NA
52	1122	812	cheaper	NA
52	1123	813	T-shirt	NA
52	1124	813	T-shirt	NA
52	1125	813	T-shirt	NA
52	1126	814	produced	NA
52	1127	815	in	NA
52	1128	816	Asia	NA
52	1129	817	or	NA
52	1130	818	Morocco.”	NA
52	1131	818	Morocco.”	NA
52	1132	818	Morocco.”	NA
52	1133	818	Morocco.”	NA
52	1134	819	He	NA
52	1135	820	added:	NA
52	1136	820	added:	NA
52	1137	821	“It's	NA
52	1138	821	“It's	NA
52	1139	821	“It's	NA
52	1140	821	“It's	NA
52	1141	822	hypocrisy	NA
52	1142	823	to	it
52	1143	824	go	it
52	1144	825	around	it
52	1145	826	blaming	it
52	1146	827	capitalists	it
52	1147	828	for	it
52	1148	829	a	it
52	1149	830	country's	it
52	1150	830	country's	it
52	1151	831	economic	it
52	1152	832	decline	it
52	1153	833	when	NA
52	1154	834	people	NA
52	1155	835	could	NA
52	1156	836	be	NA
52	1157	837	doing	NA
52	1158	838	more	NA
52	1159	839	as	NA
52	1160	840	consumers.”	NA
52	1161	840	consumers.”	NA
52	1162	840	consumers.”	NA
52	1163	840	consumers.”	NA
52	1164	841	Carle	he
52	1165	841	Carle	he
52	1166	842	says	NA
52	1167	843	he	NA
52	1168	844	hopes	NA
52	1169	845	to	NA
52	1170	846	continue	NA
52	1171	847	supporting	NA
52	1172	848	French	NA
52	1173	849	industry	NA
52	1174	850	and	NA
52	1175	851	producers,	NA
52	1176	851	producers,	NA
52	1177	852	but	NA
52	1178	853	not	NA
52	1179	854	100%.	NA
52	1180	854	100%.	NA
52	1181	855	“It	NA
52	1182	855	“It	NA
52	1183	855	“It	NA
52	1184	856	is	NA
52	1185	857	a	it
52	1186	858	full-time	it
52	1187	858	full-time	it
52	1188	858	full-time	it
52	1189	859	job	it
52	1190	860	just	NA
52	1191	861	finding	NA
52	1192	862	the	NA
52	1193	863	stuff,”	NA
52	1194	863	stuff,”	NA
52	1195	863	stuff,”	NA
52	1196	863	stuff,”	NA
52	1197	864	he	NA
52	1198	865	said.	NA
52	1199	865	said.	NA
52	1200	866	The	It
52	1201	867	first	It
52	1202	868	thing	It
52	1203	869	he	It
52	1204	870	did	It
52	1205	871	when	It
52	1206	872	the	It
52	1207	873	experiment	It
52	1208	874	ended	It
52	1209	875	was	NA
52	1210	876	invite	it.”
52	1211	877	his	it.”
52	1212	878	friends	it.”
52	1213	879	around	it.”
52	1214	880	for	it.”
52	1215	881	the	it.”
52	1216	882	evening	it.”
52	1217	883	to	it.”
52	1218	884	enjoy	it.”
52	1219	885	“a	it.”
52	1220	885	“a	it.”
52	1221	885	“a	it.”
52	1222	886	plate	it.”
52	1223	887	of	it.”
52	1224	888	cheese	it.”
52	1225	889	and	it.”
52	1226	890	listen	it.”
52	1227	891	to	it.”
52	1228	892	the	it.”
52	1229	893	David	it.”
52	1230	894	Bowie	it.”
52	1231	895	album	it.”
52	1232	896	Aladdin	it.”
52	1233	896	Aladdin	it.”
52	1234	897	Sane.”	it.”
52	1235	897	Sane.”	it.”
52	1236	897	Sane.”	it.”
52	1237	897	Sane.”	it.”
52	1238	897	Sane.”	it.”
52	1239	898	“It	NA
52	1240	898	“It	NA
52	1241	898	“It	NA
52	1242	899	was	NA
52	1243	900	difficult	NA
52	1244	901	not	NA
52	1245	902	being	NA
52	1246	903	able	NA
52	1247	904	to	NA
52	1248	905	invite	NA
52	1249	906	people	NA
52	1250	907	around	NA
52	1251	908	because	NA
52	1252	909	there	NA
52	1253	910	was	NA
52	1254	911	nowhere	NA
52	1255	912	to	NA
52	1256	913	sit	NA
52	1257	914	...	NA
52	1258	915	but	NA
52	1259	916	I'd	NA
52	1260	916	I'd	NA
52	1261	917	choose	NA
52	1262	918	Bowie	him
52	1263	919	over	NA
52	1264	920	a	NA
52	1265	921	sofa	NA
52	1266	922	any	NA
52	1267	923	day.”	NA
52	1268	923	day.”	NA
52	1269	923	day.”	NA
52	1270	923	day.”	NA
53	0	0	Benjamin	He
53	1	0	Benjamin	He
53	2	1	Carle	He
53	3	1	Carle	He
53	4	2	is	NA
53	5	3	96.9%	NA
53	6	3	96.9%	NA
53	7	3	96.9%	NA
53	8	3	96.9%	NA
53	9	4	made	NA
53	10	5	in	NA
53	11	6	France,	it,
53	12	6	France,	it,
53	13	7	even	NA
53	14	8	his	they.
53	15	9	underpants	they.
53	16	9	underpants	they.
53	17	10	and	they.
53	18	11	socks.	they.
53	19	11	socks.	they.
53	20	12	Six	NA
53	21	13	Ikea	NA
53	22	13	Ikea	NA
53	23	14	forks,	NA
53	24	14	forks,	NA
53	25	15	a	NA
53	26	16	Chinese	it
53	27	17	guitar	NA
53	28	18	and	NA
53	29	19	some	NA
53	30	20	wall	NA
53	31	21	paint	NA
53	32	22	stopped	NA
53	33	23	him	NA
53	34	24	being	NA
53	35	25	called	NA
53	36	26	100%	NA
53	37	26	100%	NA
53	38	27	French,	NA
53	39	27	French,	NA
53	40	28	but	NA
53	41	29	nobody	NA
53	42	30	is	NA
53	43	31	perfect.	NA
53	44	31	perfect.	NA
53	45	32	Carle,	He.
53	46	32	Carle,	He.
53	47	32	Carle,	He.
53	48	33	26,	He.
53	49	33	26,	He.
53	50	34	decided,	He.
53	51	34	decided,	He.
53	52	35	in	He.
53	53	36	2013,	He.
53	54	36	2013,	He.
53	55	37	to	He.
53	56	38	see	He.
53	57	39	if	He.
53	58	40	it	He.
53	59	41	was	He.
53	60	42	possible	He.
53	61	43	to	He.
53	62	44	live	He.
53	63	45	using	He.
53	64	46	only	He.
53	65	47	French-made	He.
53	66	47	French-made	He.
53	67	47	French-made	He.
53	68	48	products	He.
53	69	49	for	He.
53	70	50	ten	He.
53	71	51	months	He.
53	72	52	as	He.
53	73	53	part	He.
53	74	54	of	He.
53	75	55	a	He.
53	76	56	television	He.
53	77	57	documentary.	He.
53	78	57	documentary.	He.
53	79	58	He	NA
53	80	59	got	NA
53	81	60	the	it
53	82	61	idea	it
53	83	62	after	NA
53	84	63	the	he,
53	85	64	Minister	he,
53	86	65	for	he,
53	87	66	Economic	he,
53	88	67	Renewal,	he,
53	89	67	Renewal,	he,
53	90	67	Renewal,	he,
53	91	68	Arnaud	he,
53	92	68	Arnaud	he,
53	93	68	Arnaud	he,
53	94	69	Montebourg,	he,
53	95	69	Montebourg,	he,
53	96	69	Montebourg,	he,
53	97	70	asked	NA
53	98	71	the	NA
53	99	72	French	NA
53	100	73	people	NA
53	101	74	to	NA
53	102	75	buy	NA
53	103	76	French	them.
53	104	77	products.	them.
53	105	77	products.	them.
53	106	78	For	NA
53	107	79	the	it,
53	108	80	experiment,	it,
53	109	80	experiment,	it,
53	110	81	Carle	he
53	111	81	Carle	he
53	112	82	had	NA
53	113	83	to	NA
53	114	84	give	NA
53	115	85	up	NA
53	116	86	his	NA
53	117	87	smartphone,	NA
53	118	87	smartphone,	NA
53	119	88	television,	NA
53	120	88	television,	NA
53	121	89	refrigerator	it
53	122	90	(all	NA
53	123	90	(all	NA
53	124	91	made	NA
53	125	92	in	NA
53	126	93	China);	it);
53	127	93	China);	it);
53	128	94	his	NA
53	129	95	glasses	NA
53	130	96	(Italian);	NA
53	131	96	(Italian);	NA
53	132	96	(Italian);	NA
53	133	97	his	NA
53	134	98	morning	NA
53	135	99	coffee	NA
53	136	100	(Guatemalan)	NA
53	137	100	(Guatemalan)	NA
53	138	100	(Guatemalan)	NA
53	139	100	(Guatemalan)	NA
53	140	100	(Guatemalan)	NA
53	141	101	and	NA
53	142	102	his	NA
53	143	103	favourite	NA
53	144	104	David	his
53	145	105	Bowie	his
53	146	106	music	NA
53	147	107	(British).	NA
53	148	107	(British).	NA
53	149	107	(British).	NA
53	150	108	It	NA
53	151	109	is	NA
53	152	110	lucky	NA
53	153	111	that	NA
53	154	112	his	she,
53	155	113	girlfriend,	she,
53	156	113	girlfriend,	she,
53	157	114	Anaïs,	she,
53	158	114	Anaïs,	she,
53	159	114	Anaïs,	she,
53	160	114	Anaïs,	she,
53	161	115	and	NA
53	162	116	cat,	it,
53	163	116	cat,	it,
53	164	117	Loon,	it,
53	165	117	Loon,	it,
53	166	117	Loon,	it,
53	167	118	are	NA
53	168	119	both	they,
53	169	120	French,	they,
53	170	120	French,	they,
53	171	121	so	NA
53	172	122	he	NA
53	173	123	didn't	NA
53	174	123	didn't	NA
53	175	124	have	NA
53	176	125	to	NA
53	177	126	give	NA
53	178	127	them	NA
53	179	128	up.	NA
53	180	128	up.	NA
53	181	129	“I	NA
53	182	129	“I	NA
53	183	129	“I	NA
53	184	130	wanted	NA
53	185	131	to	NA
53	186	132	see	NA
53	187	133	if	NA
53	188	134	it	NA
53	189	135	was	NA
53	190	136	possible	NA
53	191	137	to	NA
53	192	138	do	NA
53	193	139	what	it,”
53	194	140	the	it,”
53	195	141	minister	it,”
53	196	142	was	it,”
53	197	143	asking	it,”
53	198	144	us	it,”
53	199	145	to	it,”
53	200	146	do,”	it,”
53	201	146	do,”	it,”
53	202	146	do,”	it,”
53	203	146	do,”	it,”
53	204	147	Carle	he
53	205	147	Carle	he
53	206	148	said.	NA
53	207	148	said.	NA
53	208	149	He	NA
53	209	150	had	NA
53	210	151	just	NA
53	211	152	three	NA
53	212	153	rules	NA
53	213	154	for	NA
53	214	155	himself:	NA
53	215	155	himself:	NA
53	216	156	eat	NA
53	217	157	only	it,
53	218	158	food	it,
53	219	159	made	it,
53	220	160	in	it,
53	221	161	France,	it,
53	222	161	France,	it,
53	223	162	not	NA
53	224	163	have	NA
53	225	164	any	NA
53	226	165	contact	NA
53	227	166	with	NA
53	228	167	foreign-made	NA
53	229	167	foreign-made	NA
53	230	167	foreign-made	NA
53	231	168	products	NA
53	232	169	and	NA
53	233	170	to	NA
53	234	171	do	NA
53	235	172	it	it
53	236	173	all	it
53	237	174	on	NA
53	238	175	€1,800	NA
53	239	175	€1,800	NA
53	240	175	€1,800	NA
53	241	175	€1,800	NA
53	242	176	a	NA
53	243	177	month	NA
53	244	178	(above	NA
53	245	178	(above	NA
53	246	179	the	NA
53	247	180	minimum	NA
53	248	181	wage	NA
53	249	182	of	NA
53	250	183	€1,430	NA
53	251	183	€1,430	NA
53	252	183	€1,430	NA
53	253	183	€1,430	NA
53	254	184	to	NA
53	255	185	cover	NA
53	256	186	the	NA
53	257	187	extra	NA
53	258	188	cost	NA
53	259	189	of	NA
53	260	190	living	NA
53	261	191	in	NA
53	262	192	Paris).	NA
53	263	192	Paris).	NA
53	264	193	The	NA
53	265	194	journalist	NA
53	266	195	was	NA
53	267	196	shocked	NA
53	268	197	to	NA
53	269	198	find	NA
53	270	199	out	NA
53	271	200	at	NA
53	272	201	the	NA
53	273	202	start	NA
53	274	203	of	NA
53	275	204	the	it
53	276	205	experiment	it
53	277	206	that	NA
53	278	207	only	NA
53	279	208	4.5%	NA
53	280	208	4.5%	NA
53	281	208	4.5%	NA
53	282	208	4.5%	NA
53	283	209	of	NA
53	284	210	the	NA
53	285	211	things	NA
53	286	212	in	NA
53	287	213	his	it
53	288	214	flat	it
53	289	215	were	NA
53	290	216	made	NA
53	291	217	in	NA
53	292	218	France.	it.
53	293	218	France.	it.
53	294	219	Everything	NA
53	295	220	not	NA
53	296	221	made	NA
53	297	222	in	NA
53	298	223	France	it
53	299	224	had	NA
53	300	225	to	NA
53	301	226	go,	NA
53	302	226	go,	NA
53	303	227	including	NA
53	304	228	the	NA
53	305	229	lightbulbs	NA
53	306	229	lightbulbs	NA
53	307	229	lightbulbs	NA
53	308	230	(China)	(them)
53	309	230	(China)	(them)
53	310	230	(China)	(them)
53	311	231	and	NA
53	312	232	green	NA
53	313	233	beans	NA
53	314	234	(Kenya).	NA
53	315	234	(Kenya).	NA
53	316	234	(Kenya).	NA
53	317	234	(Kenya).	NA
53	318	235	The	NA
53	319	236	removal	NA
53	320	237	men	NA
53	321	238	left	NA
53	322	239	Carle's	it
53	323	239	Carle's	it
53	324	239	Carle's	it
53	325	240	home	it
53	326	241	almost	NA
53	327	242	empty.	NA
53	328	242	empty.	NA
53	329	243	Without	NA
53	330	244	a	it
53	331	245	refrigerator	it
53	332	246	(none	NA
53	333	246	(none	NA
53	334	247	are	NA
53	335	248	made	NA
53	336	249	in	NA
53	337	250	France),	it),
53	338	250	France),	it),
53	339	251	he	NA
53	340	252	had	NA
53	341	253	to	NA
53	342	254	chill	NA
53	343	255	his	NA
53	344	256	food	NA
53	345	257	on	NA
53	346	258	the	NA
53	347	259	window	NA
53	348	260	ledge.	NA
53	349	260	ledge.	NA
53	350	261	His	They,
53	351	262	foreign-made	They,
53	352	262	foreign-made	They,
53	353	262	foreign-made	They,
53	354	263	clothes,	They,
53	355	263	clothes,	They,
53	356	264	including	They,
53	357	265	his	They,
53	358	266	underwear,	They,
53	359	266	underwear,	They,
53	360	267	were	NA
53	361	268	replaced	NA
53	362	269	with	NA
53	363	270	more	NA
53	364	271	expensive	NA
53	365	272	alternatives:	NA
53	366	272	alternatives:	NA
53	367	273	French-produced	NA
53	368	273	French-produced	NA
53	369	273	French-produced	NA
53	370	274	underpants	NA
53	371	274	underpants	NA
53	372	275	(€26),	NA
53	373	275	(€26),	NA
53	374	275	(€26),	NA
53	375	275	(€26),	NA
53	376	276	socks	they
53	377	277	(€9),	NA
53	378	277	(€9),	NA
53	379	277	(€9),	NA
53	380	277	(€9),	NA
53	381	278	polo	NA
53	382	278	polo	NA
53	383	279	shirt	NA
53	384	280	(€75),	NA
53	385	280	(€75),	NA
53	386	280	(€75),	NA
53	387	280	(€75),	NA
53	388	281	espadrille	NA
53	389	281	espadrille	NA
53	390	281	espadrille	NA
53	391	282	sandals	NA
53	392	282	sandals	NA
53	393	283	(€26),	NA
53	394	283	(€26),	NA
53	395	283	(€26),	NA
53	396	283	(€26),	NA
53	397	284	but	NA
53	398	285	no	NA
53	399	286	jeans	NA
53	400	287	because	NA
53	401	288	none	NA
53	402	289	are	NA
53	403	290	produced	NA
53	404	291	in	NA
53	405	292	France.	it.
53	406	292	France.	it.
53	407	293	During	NA
53	408	294	the	it,
53	409	295	experiment,	it,
53	410	295	experiment,	it,
53	411	296	Carle	he
53	412	296	Carle	he
53	413	297	bought	NA
53	414	298	in	NA
53	415	299	supermarkets	NA
53	416	300	only	NA
53	417	301	French-made	them
53	418	301	French-made	them
53	419	301	French-made	them
53	420	302	products	them
53	421	303	and	NA
53	422	304	learned	NA
53	423	305	to	NA
53	424	306	cook	NA
53	425	307	seasonal	NA
53	426	308	fruit	NA
53	427	309	and	NA
53	428	310	vegetables	NA
53	429	311	grown	NA
53	430	312	in	NA
53	431	313	France.	it.
53	432	313	France.	it.
53	433	314	He	NA
53	434	315	brushed	NA
53	435	316	his	NA
53	436	317	teeth	NA
53	437	318	with	NA
53	438	319	a	NA
53	439	320	toothbrush	NA
53	440	320	toothbrush	NA
53	441	321	made	NA
53	442	322	in	NA
53	443	323	France	it
53	444	324	and	NA
53	445	325	hand-washed	NA
53	446	325	hand-washed	NA
53	447	325	hand-washed	NA
53	448	326	his	NA
53	449	327	underwear	NA
53	450	328	until	NA
53	451	329	he	NA
53	452	330	found	NA
53	453	331	a	it.
53	454	332	French-made	it.
53	455	332	French-made	it.
53	456	332	French-made	it.
53	457	333	washing	it.
53	458	334	machine.	it.
53	459	334	machine.	it.
53	460	335	The	It
53	461	336	washing	It
53	462	337	machine	It
53	463	338	opened	NA
53	464	339	at	NA
53	465	340	the	NA
53	466	341	top	NA
53	467	342	and	NA
53	468	343	so	NA
53	469	344	would	NA
53	470	345	not	NA
53	471	346	fit	NA
53	472	347	under	NA
53	473	348	the	NA
53	474	349	kitchen	NA
53	475	350	counter.	NA
53	476	350	counter.	NA
53	477	351	Going	NA
53	478	352	out	NA
53	479	353	with	NA
53	480	354	friends	NA
53	481	355	was	NA
53	482	356	a	NA
53	483	357	problem	NA
53	484	358	–	NA
53	485	359	no	NA
53	486	360	American	NA
53	487	361	films,	NA
53	488	361	films,	NA
53	489	362	no	NA
53	490	363	Belgian	NA
53	491	364	beer,	NA
53	492	364	beer,	NA
53	493	365	no	NA
53	494	366	sushi	NA
53	495	367	or	NA
53	496	368	pizza.	NA
53	497	368	pizza.	NA
53	498	369	When	NA
53	499	370	Carle	he
53	500	370	Carle	he
53	501	371	stayed	NA
53	502	372	home,	NA
53	503	372	home,	NA
53	504	373	with	NA
53	505	374	no	NA
53	506	375	sofa	NA
53	507	376	for	NA
53	508	377	the	NA
53	509	378	first	NA
53	510	379	few	NA
53	511	380	months	NA
53	512	381	and	NA
53	513	382	no	NA
53	514	383	television,	NA
53	515	383	television,	NA
53	516	384	he	NA
53	517	385	listened	NA
53	518	386	to	NA
53	519	387	French	NA
53	520	388	singer	NA
53	521	389	Michel	NA
53	522	390	Sardou	NA
53	523	390	Sardou	NA
53	524	391	and	NA
53	525	392	read	NA
53	526	393	French	NA
53	527	394	novels.	NA
53	528	394	novels.	NA
53	529	395	French	NA
53	530	396	wine	NA
53	531	397	was,	NA
53	532	397	was,	NA
53	533	398	of	NA
53	534	399	course,	NA
53	535	399	course,	NA
53	536	400	allowed	NA
53	537	401	and	NA
53	538	402	French-Canadian	NA
53	539	402	French-Canadian	NA
53	540	402	French-Canadian	NA
53	541	403	singer	NA
53	542	404	Céline	NA
53	543	404	Céline	NA
53	544	404	Céline	NA
53	545	405	Dion,	NA
53	546	405	Dion,	NA
53	547	406	but	NA
53	548	407	not	NA
53	549	408	French	NA
53	550	409	bands	NA
53	551	410	such	NA
53	552	411	as	NA
53	553	412	Daft	NA
53	554	412	Daft	NA
53	555	413	Punk,	NA
53	556	413	Punk,	NA
53	557	414	who	NA
53	558	415	sing	NA
53	559	416	in	NA
53	560	417	English.	NA
53	561	417	English.	NA
53	562	418	He	NA
53	563	419	could	NA
53	564	420	not	NA
53	565	421	use	NA
53	566	422	his	NA
53	567	423	British-made	NA
53	568	423	British-made	NA
53	569	423	British-made	NA
53	570	424	bicycle	NA
53	571	425	or	NA
53	572	426	even	NA
53	573	427	a	NA
53	574	428	French	NA
53	575	429	car	NA
53	576	430	because	NA
53	577	431	he	NA
53	578	432	discovered	NA
53	579	433	that	NA
53	580	434	the	NA
53	581	435	only	NA
53	582	436	affordable	NA
53	583	437	Peugeot,	NA
53	584	437	Peugeot,	NA
53	585	437	Peugeot,	NA
53	586	437	Peugeot,	NA
53	587	438	Renault	NA
53	588	439	and	NA
53	589	440	Citroën	NA
53	590	440	Citroën	NA
53	591	440	Citroën	NA
53	592	440	Citroën	NA
53	593	441	cars	NA
53	594	442	are	NA
53	595	443	not	NA
53	596	444	made	NA
53	597	445	in	NA
53	598	446	France.	it.
53	599	446	France.	it.
53	600	447	So,	NA
53	601	447	So,	NA
53	602	448	he	NA
53	603	449	bought	NA
53	604	450	an	NA
53	605	451	orange	NA
53	606	452	Mobylette	NA
53	607	452	Mobylette	NA
53	608	452	Mobylette	NA
53	609	453	moped.	NA
53	610	453	moped.	NA
53	611	453	moped.	NA
53	612	454	His	NA
53	613	455	computer	NA
53	614	456	was	NA
53	615	457	replaced	NA
53	616	458	by	NA
53	617	459	a	it,
53	618	460	Qooq,	it,
53	619	460	Qooq,	it,
53	620	460	Qooq,	it,
53	621	460	Qooq,	it,
53	622	461	a	it
53	623	462	tablet	it
53	624	463	that	it
53	625	464	connects	it
53	626	465	–	it
53	627	466	slowly	it
53	628	467	–	it
53	629	468	to	it
53	630	469	the	it
53	631	470	internet	it
53	632	471	and	NA
53	633	472	the	it.
53	634	473	iPhone,	it.
53	635	473	iPhone,	it.
53	636	474	which	it.
53	637	475	he	it.
53	638	476	swapped	it.
53	639	477	for	it.
53	640	478	an	it.
53	641	479	old	it.
53	642	480	Sagem	it.
53	643	480	Sagem	it.
53	644	481	mobile.	it.
53	645	481	mobile.	it.
53	646	482	The	It
53	647	483	documentary	It
53	648	484	shows	NA
53	649	485	Carle	NA
53	650	485	Carle	NA
53	651	486	–	NA
53	652	487	breaking	NA
53	653	488	his	his
53	654	489	iPhone	his
53	655	490	with	NA
53	656	491	a	it,
53	657	492	new	it,
53	658	493	French-made	it,
53	659	493	French-made	it,
53	660	493	French-made	it,
53	661	494	Tefal	it,
53	662	494	Tefal	it,
53	663	494	Tefal	it,
53	664	495	saucepan,	it,
53	665	495	saucepan,	it,
53	666	495	saucepan,	it,
53	667	496	while	NA
53	668	497	his	NA
53	669	498	girlfriend	NA
53	670	499	shouts:	NA
53	671	499	shouts:	NA
53	672	500	“Are	NA
53	673	500	“Are	NA
53	674	500	“Are	NA
53	675	501	you	NA
53	676	502	crazy?	NA
53	677	502	crazy?	NA
53	678	503	Those	NA
53	679	504	are	NA
53	680	505	new	they!”
53	681	506	pans!”	they!”
53	682	506	pans!”	they!”
53	683	506	pans!”	they!”
53	684	506	pans!”	they!”
53	685	507	Carle	he
53	686	507	Carle	he
53	687	508	said	NA
53	688	509	his	NA
53	689	510	aim	NA
53	690	511	was	NA
53	691	512	to	NA
53	692	513	“save	NA
53	693	513	“save	NA
53	694	513	“save	NA
53	695	514	the	NA
53	696	515	French	NA
53	697	516	economy.”	NA
53	698	516	economy.”	NA
53	699	516	economy.”	NA
53	700	516	economy.”	NA
53	701	517	He	NA
53	702	518	said	NA
53	703	519	the	it
53	704	520	experiment	it
53	705	521	was	NA
53	706	522	part	NA
53	707	523	serious	NA
53	708	524	and	NA
53	709	525	part	NA
53	710	526	fun.	NA
53	711	526	fun.	NA
53	712	527	He	NA
53	713	528	even	NA
53	714	529	asked	NA
53	715	530	a	her
53	716	531	French	her
53	717	532	language	her
53	718	533	expert	her
53	719	534	to	NA
53	720	535	check	NA
53	721	536	if	NA
53	722	537	he	NA
53	723	538	should	NA
53	724	539	keep	NA
53	725	540	using	NA
53	726	541	the	it
53	727	542	word	it
53	728	543	“cool”	NA
53	729	543	“cool”	NA
53	730	543	“cool”	NA
53	731	543	“cool”	NA
53	732	543	“cool”	NA
53	733	544	and	NA
53	734	545	other	NA
53	735	546	English	NA
53	736	547	words	NA
53	737	548	–	NA
53	738	549	the	he
53	739	550	expert	he
53	740	551	told	NA
53	741	552	him	NA
53	742	553	swap	NA
53	743	554	it	NA
53	744	555	for	NA
53	745	556	the	it:
53	746	557	nearest	it:
53	747	558	French	it:
53	748	559	alternative:	it:
53	749	559	alternative:	it:
53	750	560	“chouette.”	“it.”
53	751	560	“chouette.”	“it.”
53	752	560	“chouette.”	“it.”
53	753	560	“chouette.”	“it.”
53	754	560	“chouette.”	“it.”
53	755	560	“chouette.”	“it.”
53	756	560	“chouette.”	“it.”
53	757	560	“chouette.”	“it.”
53	758	561	When	NA
53	759	562	he	NA
53	760	563	discovered	NA
53	761	564	that	NA
53	762	565	France	it
53	763	566	makes	NA
53	764	567	no	NA
53	765	568	refrigerators	NA
53	766	568	refrigerators	NA
53	767	569	or	NA
53	768	570	televisions,	NA
53	769	570	televisions,	NA
53	770	570	televisions,	NA
53	771	571	but	NA
53	772	572	makes	NA
53	773	573	airplane	NA
53	774	574	seats	NA
53	775	575	and	NA
53	776	576	windmills,	NA
53	777	576	windmills,	NA
53	778	576	windmills,	NA
53	779	576	windmills,	NA
53	780	577	he	NA
53	781	578	sighed	NA
53	782	579	and	NA
53	783	580	said:	NA
53	784	580	said:	NA
53	785	581	“Great.	NA
53	786	581	“Great.	NA
53	787	581	“Great.	NA
53	788	581	“Great.	NA
53	789	582	Nothing	NA
53	790	583	that	NA
53	791	584	will	NA
53	792	585	fit	NA
53	793	586	into	NA
53	794	587	my	my.”
53	795	588	apartment.”	my.”
53	796	588	apartment.”	my.”
53	797	588	apartment.”	my.”
53	798	588	apartment.”	my.”
53	799	589	At	NA
53	800	590	the	NA
53	801	591	end	NA
53	802	592	of	NA
53	803	593	the	it,
53	804	594	experiment,	it,
53	805	594	experiment,	it,
53	806	595	Carle	he
53	807	595	Carle	he
53	808	596	bought	NA
53	809	597	new	NA
53	810	598	furniture	NA
53	811	599	and	NA
53	812	600	clothes.	NA
53	813	600	clothes.	NA
53	814	601	A	NA
53	815	602	special	NA
53	816	603	“auditor”	NA
53	817	603	“auditor”	NA
53	818	603	“auditor”	NA
53	819	603	“auditor”	NA
53	820	603	“auditor”	NA
53	821	603	“auditor”	NA
53	822	604	said	NA
53	823	605	Carle	he
53	824	605	Carle	he
53	825	606	was	NA
53	826	607	96.9%	NA
53	827	607	96.9%	NA
53	828	607	96.9%	NA
53	829	607	96.9%	NA
53	830	608	“made	NA
53	831	608	“made	NA
53	832	608	“made	NA
53	833	609	in	NA
53	834	610	France”	it”
53	835	610	France”	it”
53	836	610	France”	it”
53	837	611	and	NA
53	838	612	Montebourg	NA
53	839	612	Montebourg	NA
53	840	613	gave	NA
53	841	614	him	NA
53	842	615	a	NA
53	843	616	medal.	NA
53	844	616	medal.	NA
53	845	617	Carle's	His
53	846	617	Carle's	His
53	847	617	Carle's	His
53	848	618	conclusion:	NA
53	849	618	conclusion:	NA
53	850	619	“It's	NA
53	851	619	“It's	NA
53	852	619	“It's	NA
53	853	619	“It's	NA
53	854	620	not	NA
53	855	621	entirely	NA
53	856	622	possible	NA
53	857	623	to	it.”
53	858	624	live	it.”
53	859	625	100%	it.”
53	860	625	100%	it.”
53	861	626	‘made	it.”
53	862	626	‘made	it.”
53	863	626	‘made	it.”
53	864	627	in	it.”
53	865	628	France,'	it.”
53	866	628	France,'	it.”
53	867	629	particularly	it.”
53	868	630	in	it.”
53	869	631	terms	it.”
53	870	632	of	it.”
53	871	633	new	it.”
53	872	634	technology.”	it.”
53	873	634	technology.”	it.”
53	874	634	technology.”	it.”
53	875	634	technology.”	it.”
53	876	635	“This	NA
53	877	635	“This	NA
53	878	635	“This	NA
53	879	636	wasn't	NA
53	880	636	wasn't	NA
53	881	637	about	NA
53	882	638	French	NA
53	883	639	nationalism	NA
53	884	640	or	NA
53	885	641	patriotism.	NA
53	886	641	patriotism.	NA
53	887	642	It	NA
53	888	643	was	NA
53	889	644	trying	NA
53	890	645	to	NA
53	891	646	show	NA
53	892	647	that	NA
53	893	648	we	NA
53	894	649	should	NA
53	895	650	think	NA
53	896	651	about	NA
53	897	652	the	it
53	898	653	way	it
53	899	654	we	it
53	900	655	buy	it
53	901	656	and	NA
53	902	657	make	NA
53	903	658	different	NA
53	904	659	choices,	NA
53	905	659	choices,	NA
53	906	660	and	NA
53	907	661	that	NA
53	908	662	is	NA
53	909	663	the	NA
53	910	664	same	NA
53	911	665	in	NA
53	912	666	all	NA
53	913	667	countries.	NA
53	914	667	countries.	NA
53	915	668	If	NA
53	916	669	we	NA
53	917	670	want	NA
53	918	671	to	NA
53	919	672	save	NA
53	920	673	jobs	them
53	921	674	and	NA
53	922	675	industries,	NA
53	923	675	industries,	NA
53	924	676	we	NA
53	925	677	should	NA
53	926	678	support	NA
53	927	679	them.”	NA
53	928	679	them.”	NA
53	929	679	them.”	NA
53	930	679	them.”	NA
53	931	680	Carle	he
53	932	680	Carle	he
53	933	681	said,	NA
53	934	681	said,	NA
53	935	682	“A	“it
53	936	682	“A	“it
53	937	682	“A	“it
53	938	683	T-shirt	“it
53	939	683	T-shirt	“it
53	940	683	T-shirt	“it
53	941	684	is	NA
53	942	685	more	NA
53	943	686	expensive	NA
53	944	687	in	NA
53	945	688	France	it
53	946	689	but	NA
53	947	690	I	NA
53	948	691	can	NA
53	949	692	be	NA
53	950	693	sure	NA
53	951	694	it	NA
53	952	695	has	NA
53	953	696	been	NA
53	954	697	made	NA
53	955	698	by	NA
53	956	699	workers	NA
53	957	700	who	NA
53	958	701	are	NA
53	959	702	correctly	NA
53	960	703	paid	NA
53	961	704	and	NA
53	962	705	have	NA
53	963	706	good	NA
53	964	707	working	NA
53	965	708	conditions.	NA
53	966	708	conditions.	NA
53	967	709	I	NA
53	968	710	cannot	NA
53	969	711	be	NA
53	970	712	sure	NA
53	971	713	about	NA
53	972	714	a	NA
53	973	715	cheaper	NA
53	974	716	T-shirt	NA
53	975	716	T-shirt	NA
53	976	716	T-shirt	NA
53	977	717	produced	NA
53	978	718	in	NA
53	979	719	Asia	NA
53	980	720	or	NA
53	981	721	Morocco.	NA
53	982	721	Morocco.	NA
53	983	722	People	They
53	984	723	could	NA
53	985	724	do	NA
53	986	725	more	NA
53	987	726	when	NA
53	988	727	they	NA
53	989	728	decide	NA
53	990	729	what	NA
53	991	730	to	NA
53	992	731	buy.”	NA
53	993	731	buy.”	NA
53	994	731	buy.”	NA
53	995	731	buy.”	NA
53	996	732	Carle	he
53	997	732	Carle	he
53	998	733	says	NA
53	999	734	he	NA
53	1000	735	hopes	NA
53	1001	736	to	NA
53	1002	737	continue	NA
53	1003	738	supporting	NA
53	1004	739	French	NA
53	1005	740	industry	NA
53	1006	741	and	NA
53	1007	742	producers,	NA
53	1008	742	producers,	NA
53	1009	743	but	NA
53	1010	744	not	NA
53	1011	745	100%.	NA
53	1012	745	100%.	NA
53	1013	746	“It	NA
53	1014	746	“It	NA
53	1015	746	“It	NA
53	1016	747	is	NA
53	1017	748	a	it
53	1018	749	full-time	it
53	1019	749	full-time	it
53	1020	749	full-time	it
53	1021	750	job	it
53	1022	751	just	NA
53	1023	752	finding	NA
53	1024	753	the	NA
53	1025	754	stuff,”	NA
53	1026	754	stuff,”	NA
53	1027	754	stuff,”	NA
53	1028	754	stuff,”	NA
53	1029	755	he	NA
53	1030	756	said.	NA
53	1031	756	said.	NA
53	1032	757	The	It
53	1033	758	first	It
53	1034	759	thing	It
53	1035	760	he	It
53	1036	761	did	It
53	1037	762	when	It
53	1038	763	the	It
53	1039	764	experiment	It
53	1040	765	ended	It
53	1041	766	was	NA
53	1042	767	invite	it.”
53	1043	768	his	it.”
53	1044	769	friends	it.”
53	1045	770	to	it.”
53	1046	771	enjoy	it.”
53	1047	772	“a	it.”
53	1048	772	“a	it.”
53	1049	772	“a	it.”
53	1050	773	plate	it.”
53	1051	774	of	it.”
53	1052	775	cheese	it.”
53	1053	776	and	it.”
53	1054	777	listen	it.”
53	1055	778	to	it.”
53	1056	779	the	it.”
53	1057	780	David	it.”
53	1058	781	Bowie	it.”
53	1059	782	album	it.”
53	1060	783	Aladdin	it.”
53	1061	783	Aladdin	it.”
53	1062	784	Sane.”	it.”
53	1063	784	Sane.”	it.”
53	1064	784	Sane.”	it.”
53	1065	784	Sane.”	it.”
53	1066	784	Sane.”	it.”
53	1067	785	“It	NA
53	1068	785	“It	NA
53	1069	785	“It	NA
53	1070	786	was	NA
53	1071	787	difficult	NA
53	1072	788	not	NA
53	1073	789	being	NA
53	1074	790	able	NA
53	1075	791	to	NA
53	1076	792	invite	NA
53	1077	793	people	NA
53	1078	794	because	NA
53	1079	795	there	NA
53	1080	796	was	NA
53	1081	797	nowhere	NA
53	1082	798	to	NA
53	1083	799	sit	NA
53	1084	800	...	NA
53	1085	801	but	NA
53	1086	802	I'd	NA
53	1087	802	I'd	NA
53	1088	803	choose	NA
53	1089	804	Bowie	him
53	1090	805	over	NA
53	1091	806	a	NA
53	1092	807	sofa	NA
53	1093	808	any	NA
53	1094	809	day.”	NA
53	1095	809	day.”	NA
53	1096	809	day.”	NA
53	1097	809	day.”	NA
54	0	0	Galina	She
54	1	0	Galina	She
54	2	1	Zaglumyonova	She
54	3	1	Zaglumyonova	She
54	4	1	Zaglumyonova	She
54	5	1	Zaglumyonova	She
54	6	1	Zaglumyonova	She
54	7	1	Zaglumyonova	She
54	8	2	was	NA
54	9	3	woken	NA
54	10	3	woken	NA
54	11	4	in	NA
54	12	5	her	NA
54	13	6	flat	NA
54	14	7	in	NA
54	15	8	central	NA
54	16	9	Chelyabinsk	NA
54	17	9	Chelyabinsk	NA
54	18	9	Chelyabinsk	NA
54	19	9	Chelyabinsk	NA
54	20	10	by	NA
54	21	11	an	it.
54	22	12	enormous	it.
54	23	13	explosion	it.
54	24	14	that	it.
54	25	15	blew	it.
54	26	16	in	it.
54	27	17	the	it.
54	28	18	balcony	it.
54	29	19	windows	it.
54	30	20	and	it.
54	31	21	shattered	it.
54	32	22	clay	it.
54	33	23	pots	it.
54	34	24	containing	it.
54	35	25	her	it.
54	36	26	few	it.
54	37	27	houseplants.	it.
54	38	27	houseplants.	it.
54	39	27	houseplants.	it.
54	40	27	houseplants.	it.
54	41	28	When	NA
54	42	29	she	NA
54	43	30	jumped	NA
54	44	31	out	NA
54	45	32	of	NA
54	46	33	bed	NA
54	47	34	she	NA
54	48	35	could	NA
54	49	36	see	NA
54	50	37	a	it
54	51	38	huge	it
54	52	39	vapor	it
54	53	40	trail	it
54	54	41	hanging	NA
54	55	42	in	NA
54	56	43	the	it
54	57	44	morning	it
54	58	45	sky	it
54	59	46	and	NA
54	60	47	hear	NA
54	61	48	the	NA
54	62	49	wail	NA
54	63	49	wail	NA
54	64	50	of	NA
54	65	51	car	NA
54	66	52	alarms	NA
54	67	53	from	NA
54	68	54	the	NA
54	69	55	street	NA
54	70	56	below.	NA
54	71	56	below.	NA
54	72	57	“I	NA
54	73	57	“I	NA
54	74	57	“I	NA
54	75	58	didn't	NA
54	76	58	didn't	NA
54	77	59	understand	NA
54	78	60	what	NA
54	79	61	was	NA
54	80	62	going	NA
54	81	63	on,”	NA
54	82	63	on,”	NA
54	83	63	on,”	NA
54	84	63	on,”	NA
54	85	64	said	NA
54	86	65	Zaglumyonova.	she.
54	87	65	Zaglumyonova.	she.
54	88	65	Zaglumyonova.	she.
54	89	65	Zaglumyonova.	she.
54	90	65	Zaglumyonova.	she.
54	91	65	Zaglumyonova.	she.
54	92	65	Zaglumyonova.	she.
54	93	66	“There	NA
54	94	66	“There	NA
54	95	66	“There	NA
54	96	67	was	NA
54	97	68	a	it
54	98	69	big	it
54	99	70	explosion	it
54	100	71	and	NA
54	101	72	then	NA
54	102	73	a	them.
54	103	74	series	them.
54	104	75	of	them.
54	105	76	little	them.
54	106	77	explosions.	them.
54	107	77	explosions.	them.
54	108	78	My	NA
54	109	79	first	NA
54	110	80	thought	NA
54	111	81	was	NA
54	112	82	that	NA
54	113	83	it	NA
54	114	84	was	NA
54	115	85	a	it.”
54	116	86	plane	it.”
54	117	87	crash.”	it.”
54	118	87	crash.”	it.”
54	119	87	crash.”	it.”
54	120	87	crash.”	it.”
54	121	88	What	they
54	122	89	she	they
54	123	90	had	they
54	124	91	actually	they
54	125	92	witnessed	they
54	126	93	were	NA
54	127	94	the	they.
54	128	95	death	they.
54	129	96	throes	they.
54	130	96	throes	they.
54	131	97	of	they.
54	132	98	a	they.
54	133	99	ten-ton	they.
54	134	99	ten-ton	they.
54	135	99	ten-ton	they.
54	136	100	meteorite	they.
54	137	100	meteorite	they.
54	138	101	that	they.
54	139	102	plunged	they.
54	140	103	to	they.
54	141	104	Earth	they.
54	142	105	in	they.
54	143	106	a	they.
54	144	107	series	they.
54	145	108	of	they.
54	146	109	fireballs	they.
54	147	109	fireballs	they.
54	148	110	just	they.
54	149	111	after	they.
54	150	112	sunrise.	they.
54	151	112	sunrise.	they.
54	152	113	Officials	NA
54	153	114	put	NA
54	154	115	the	NA
54	155	116	number	NA
54	156	117	of	NA
54	157	118	people	NA
54	158	119	injured	NA
54	159	120	at	NA
54	160	121	almost	NA
54	161	122	1,200,	NA
54	162	122	1,200,	NA
54	163	122	1,200,	NA
54	164	122	1,200,	NA
54	165	123	with	NA
54	166	124	more	NA
54	167	125	than	NA
54	168	126	40	NA
54	169	127	taken	NA
54	170	128	to	NA
54	171	129	hospital	NA
54	172	130	–	NA
54	173	131	most	NA
54	174	132	as	NA
54	175	133	a	NA
54	176	134	result	NA
54	177	135	of	NA
54	178	136	flying	NA
54	179	137	glass	NA
54	180	138	shattered	NA
54	181	139	by	NA
54	182	140	the	NA
54	183	141	sonic	NA
54	184	142	boom	NA
54	185	143	created	NA
54	186	144	by	NA
54	187	145	the	its
54	188	146	meteorite's	its
54	189	146	meteorite's	its
54	190	146	meteorite's	its
54	191	147	descent.	NA
54	192	147	descent.	NA
54	193	148	There	NA
54	194	149	were	NA
54	195	150	no	NA
54	196	151	reported	NA
54	197	152	deaths.	NA
54	198	152	deaths.	NA
54	199	153	The	It
54	200	154	meteorite	It
54	201	154	meteorite	It
54	202	155	entered	NA
54	203	156	the	NA
54	204	157	atmosphere	NA
54	205	158	traveling	NA
54	206	159	at	NA
54	207	160	a	NA
54	208	161	speed	NA
54	209	162	of	NA
54	210	163	at	NA
54	211	164	least	NA
54	212	165	33,000mph	NA
54	213	165	33,000mph	NA
54	214	165	33,000mph	NA
54	215	165	33,000mph	NA
54	216	166	and	NA
54	217	167	broke	NA
54	218	168	up	NA
54	219	169	into	NA
54	220	170	chunks	they,
54	221	171	between	they,
54	222	172	18	they,
54	223	173	and	they,
54	224	174	32	they,
54	225	175	miles	they,
54	226	176	above	they,
54	227	177	the	they,
54	228	178	ground,	they,
54	229	178	ground,	they,
54	230	179	according	NA
54	231	180	to	NA
54	232	181	a	NA
54	233	182	statement	NA
54	234	183	from	NA
54	235	184	the	NA
54	236	185	Russian	NA
54	237	186	Academy	NA
54	238	187	of	NA
54	239	188	Sciences.	NA
54	240	188	Sciences.	NA
54	241	189	The	It
54	242	190	event	It
54	243	191	caused	NA
54	244	192	panic	NA
54	245	193	in	NA
54	246	194	Chelyabinsk,	it,
54	247	194	Chelyabinsk,	it,
54	248	194	Chelyabinsk,	it,
54	249	194	Chelyabinsk,	it,
54	250	194	Chelyabinsk,	it,
54	251	195	a	it,
54	252	196	Russian	it,
54	253	197	city	it,
54	254	198	of	it,
54	255	199	one	it,
54	256	200	million	it,
54	257	201	people	it,
54	258	202	to	it,
54	259	203	the	it,
54	260	204	south	it,
54	261	205	of	it,
54	262	206	the	it,
54	263	207	Ural	it,
54	264	207	Ural	it,
54	265	208	mountains,	it,
54	266	208	mountains,	it,
54	267	209	as	NA
54	268	210	mobile	NA
54	269	211	phone	NA
54	270	212	networks	NA
54	271	213	swiftly	NA
54	272	214	became	NA
54	273	215	jammed	NA
54	274	216	by	NA
54	275	217	the	NA
54	276	218	volume	NA
54	277	219	of	NA
54	278	220	calls.	NA
54	279	220	calls.	NA
54	280	221	Amateur	NA
54	281	222	video	NA
54	282	223	footage	NA
54	283	224	from	NA
54	284	225	the	NA
54	285	226	area,	NA
54	286	226	area,	NA
54	287	227	often	NA
54	288	228	peppered	NA
54	289	228	peppered	NA
54	290	229	with	NA
54	291	230	the	NA
54	292	231	obscene	NA
54	293	232	language	NA
54	294	233	of	NA
54	295	234	frightened	NA
54	296	235	observers,	NA
54	297	235	observers,	NA
54	298	236	showed	NA
54	299	237	the	them
54	300	238	chunks	them
54	301	239	of	them
54	302	240	meteorite	them
54	303	240	meteorite	them
54	304	241	glowing	NA
54	305	242	more	NA
54	306	243	brightly	NA
54	307	244	as	NA
54	308	245	they	NA
54	309	246	approached	NA
54	310	247	the	NA
54	311	248	moment	NA
54	312	249	of	NA
54	313	250	impact.	NA
54	314	250	impact.	NA
54	315	251	The	It
54	316	252	vapor	It
54	317	253	trail	It
54	318	254	was	NA
54	319	255	visible	NA
54	320	256	for	NA
54	321	257	hundreds	NA
54	322	258	of	NA
54	323	259	miles	NA
54	324	260	around,	NA
54	325	260	around,	NA
54	326	261	including	NA
54	327	262	in	NA
54	328	263	neighboring	NA
54	329	264	Kazakhstan.	NA
54	330	264	Kazakhstan.	NA
54	331	265	Tatyana	She
54	332	265	Tatyana	She
54	333	265	Tatyana	She
54	334	266	Bets	She
54	335	266	Bets	She
54	336	267	was	NA
54	337	268	at	NA
54	338	269	work	NA
54	339	270	in	NA
54	340	271	the	it
54	341	272	reception	it
54	342	273	area	it
54	343	274	of	it
54	344	275	a	it
54	345	276	hospital	it
54	346	277	clinic	it
54	347	278	in	it
54	348	279	the	it
54	349	280	center	it
54	350	281	of	it
54	351	282	the	it
54	352	283	city	it
54	353	284	when	NA
54	354	285	the	it
54	355	286	meteorite	it
54	356	286	meteorite	it
54	357	287	struck.	NA
54	358	287	struck.	NA
54	359	288	“First	NA
54	360	288	“First	NA
54	361	288	“First	NA
54	362	289	we	NA
54	363	290	noticed	NA
54	364	291	the	NA
54	365	292	wind,	NA
54	366	292	wind,	NA
54	367	293	and	NA
54	368	294	then	NA
54	369	295	the	it
54	370	296	room	it
54	371	297	was	NA
54	372	298	filled	NA
54	373	299	with	NA
54	374	300	a	NA
54	375	301	very	NA
54	376	302	bright	NA
54	377	303	light	NA
54	378	304	and	NA
54	379	305	we	NA
54	380	306	could	NA
54	381	307	see	NA
54	382	308	a	NA
54	383	309	cloud	NA
54	384	310	of	NA
54	385	311	some	NA
54	386	312	unspecified	NA
54	387	313	smoke	NA
54	388	314	in	NA
54	389	315	the	it,”
54	390	316	sky,”	it,”
54	391	316	sky,”	it,”
54	392	316	sky,”	it,”
54	393	316	sky,”	it,”
54	394	317	she	NA
54	395	318	said.	NA
54	396	318	said.	NA
54	397	319	Then,	NA
54	398	319	Then,	NA
54	399	320	after	NA
54	400	321	a	NA
54	401	322	few	NA
54	402	323	minutes,	NA
54	403	323	minutes,	NA
54	404	324	came	NA
54	405	325	the	them.
54	406	326	explosions.	them.
54	407	326	explosions.	them.
54	408	327	At	NA
54	409	328	least	NA
54	410	329	three	NA
54	411	330	craters	NA
54	412	330	craters	NA
54	413	331	were	NA
54	414	332	subsequently	NA
54	415	333	discovered,	NA
54	416	333	discovered,	NA
54	417	334	according	NA
54	418	335	to	NA
54	419	336	the	NA
54	420	337	Ministry	NA
54	421	338	of	NA
54	422	339	the	NA
54	423	340	Interior,	NA
54	424	340	Interior,	NA
54	425	341	and	NA
54	426	342	were	NA
54	427	343	being	NA
54	428	344	monitored	NA
54	429	345	by	NA
54	430	346	the	NA
54	431	347	military.	NA
54	432	347	military.	NA
54	433	348	One	NA
54	434	349	crater	NA
54	435	350	was	NA
54	436	351	more	NA
54	437	352	than	NA
54	438	353	six	NA
54	439	354	meters	NA
54	440	355	wide,	NA
54	441	355	wide,	NA
54	442	356	while	NA
54	443	357	another	NA
54	444	358	lump	NA
54	445	359	of	NA
54	446	360	meteorite	NA
54	447	360	meteorite	NA
54	448	361	was	NA
54	449	362	reported	NA
54	450	363	to	NA
54	451	364	have	NA
54	452	365	slammed	NA
54	453	366	through	NA
54	454	367	the	NA
54	455	368	thick	NA
54	456	369	ice	NA
54	457	370	of	NA
54	458	371	a	NA
54	459	372	nearby	NA
54	460	373	lake.	NA
54	461	373	lake.	NA
54	462	374	Radiation	NA
54	463	375	levels	NA
54	464	376	at	NA
54	465	377	the	NA
54	466	378	impact	NA
54	467	379	sites	NA
54	468	380	were	NA
54	469	381	normal,	NA
54	470	381	normal,	NA
54	471	382	according	NA
54	472	383	to	NA
54	473	384	local	NA
54	474	385	military	NA
54	475	386	officials.	NA
54	476	386	officials.	NA
54	477	387	In	NA
54	478	388	Chelyabinsk	it
54	479	388	Chelyabinsk	it
54	480	388	Chelyabinsk	it
54	481	388	Chelyabinsk	it
54	482	389	itself,	NA
54	483	389	itself,	NA
54	484	390	schools	NA
54	485	391	and	NA
54	486	392	universities	NA
54	487	393	were	NA
54	488	394	closed	NA
54	489	395	and	NA
54	490	396	many	NA
54	491	397	other	NA
54	492	398	staff	NA
54	493	399	told	NA
54	494	400	to	NA
54	495	401	go	NA
54	496	402	home	NA
54	497	403	early.	NA
54	498	403	early.	NA
54	499	404	About	NA
54	500	405	200	NA
54	501	406	children	NA
54	502	407	were	NA
54	503	408	among	NA
54	504	409	the	NA
54	505	410	injured.	NA
54	506	410	injured.	NA
54	507	411	A	NA
54	508	412	steady	NA
54	509	413	stream	NA
54	510	414	of	NA
54	511	415	lightly	NA
54	512	416	injured	NA
54	513	417	people,	NA
54	514	417	people,	NA
54	515	418	most	NA
54	516	419	suffering	NA
54	517	420	cuts	NA
54	518	421	from	NA
54	519	422	flying	NA
54	520	423	glass,	NA
54	521	423	glass,	NA
54	522	424	came	NA
54	523	425	into	NA
54	524	426	the	NA
54	525	427	clinic	NA
54	526	428	where	NA
54	527	429	Bets	she
54	528	429	Bets	she
54	529	430	works.	NA
54	530	430	works.	NA
54	531	431	She	NA
54	532	432	said	NA
54	533	433	a	it
54	534	434	nearby	it
54	535	435	college	it
54	536	436	was	NA
54	537	437	particularly	NA
54	538	438	badly	NA
54	539	439	affected	NA
54	540	440	and	NA
54	541	441	many	NA
54	542	442	of	NA
54	543	443	the	NA
54	544	444	students	NA
54	545	445	were	NA
54	546	446	brought	NA
54	547	447	in	NA
54	548	448	suffering	NA
54	549	449	from	NA
54	550	450	fright.	NA
54	551	450	fright.	NA
54	552	451	“There	NA
54	553	451	“There	NA
54	554	451	“There	NA
54	555	452	were	NA
54	556	453	a	NA
54	557	454	lot	NA
54	558	455	of	NA
54	559	456	girls	NA
54	560	457	from	NA
54	561	458	the	it
54	562	459	college	it
54	563	460	in	NA
54	564	461	shock.	NA
54	565	461	shock.	NA
54	566	462	Some	NA
54	567	463	were	NA
54	568	464	very	NA
54	569	465	pale	NA
54	570	466	and	NA
54	571	467	many	NA
54	572	468	of	NA
54	573	469	them	NA
54	574	470	fainted,”	NA
54	575	470	fainted,”	NA
54	576	470	fainted,”	NA
54	577	470	fainted,”	NA
54	578	470	fainted,”	NA
54	579	471	she	NA
54	580	472	said.	NA
54	581	472	said.	NA
54	582	473	Early	NA
54	583	474	estimates	NA
54	584	475	suggested	NA
54	585	476	more	NA
54	586	477	than	NA
54	587	478	100,000	NA
54	588	478	100,000	NA
54	589	478	100,000	NA
54	590	479	square	NA
54	591	480	meters	NA
54	592	481	of	NA
54	593	482	glass	NA
54	594	483	had	NA
54	595	484	been	NA
54	596	485	broken	NA
54	597	486	and	NA
54	598	487	3,000	NA
54	599	487	3,000	NA
54	600	487	3,000	NA
54	601	488	buildings	NA
54	602	489	hit.	NA
54	603	489	hit.	NA
54	604	490	The	NA
54	605	491	total	NA
54	606	492	cost	NA
54	607	493	of	NA
54	608	494	the	NA
54	609	495	damage	NA
54	610	496	in	NA
54	611	497	the	NA
54	612	498	city	NA
54	613	499	was	NA
54	614	500	being	NA
54	615	501	valued	NA
54	616	502	at	NA
54	617	503	in	NA
54	618	504	excess	NA
54	619	505	of	NA
54	620	506	one	NA
54	621	507	billion	NA
54	622	508	roubles	NA
54	623	508	roubles	NA
54	624	509	(£20m).	NA
54	625	509	(£20m).	NA
54	626	509	(£20m).	NA
54	627	509	(£20m).	NA
54	628	510	The	It
54	629	511	meteorite	It
54	630	511	meteorite	It
54	631	512	over	It
54	632	513	Chelyabinsk	It
54	633	513	Chelyabinsk	It
54	634	513	Chelyabinsk	It
54	635	513	Chelyabinsk	It
54	636	514	arrived	NA
54	637	515	less	NA
54	638	516	than	NA
54	639	517	a	NA
54	640	518	day	NA
54	641	519	before	NA
54	642	520	asteroid	NA
54	643	521	2012	NA
54	644	522	DA14	NA
54	645	522	DA14	NA
54	646	523	was	NA
54	647	524	expected	NA
54	648	525	to	NA
54	649	526	make	NA
54	650	527	the	NA
54	651	528	closest	NA
54	652	529	pass	NA
54	653	530	to	NA
54	654	531	Earth	it
54	655	532	(about	NA
54	656	532	(about	NA
54	657	533	17,510	NA
54	658	533	17,510	NA
54	659	533	17,510	NA
54	660	534	miles)	NA
54	661	534	miles)	NA
54	662	535	of	NA
54	663	536	any	NA
54	664	537	recorded	NA
54	665	538	cosmic	NA
54	666	539	body.	NA
54	667	539	body.	NA
54	668	540	But	NA
54	669	541	experts	NA
54	670	542	said	NA
54	671	543	the	NA
54	672	544	two	NA
54	673	545	events	NA
54	674	546	were	NA
54	675	547	linked	NA
54	676	548	by	NA
54	677	549	nothing	NA
54	678	550	more	NA
54	679	551	than	NA
54	680	552	coincidence.	NA
54	681	552	coincidence.	NA
54	682	553	Rumors	NA
54	683	553	Rumors	NA
54	684	554	and	NA
54	685	555	conspiracy	NA
54	686	556	theories,	NA
54	687	556	theories,	NA
54	688	557	however,	NA
54	689	557	however,	NA
54	690	558	swirled	NA
54	691	558	swirled	NA
54	692	559	in	NA
54	693	560	the	NA
54	694	561	first	NA
54	695	562	few	NA
54	696	563	hours	NA
54	697	564	after	NA
54	698	565	the	NA
54	699	566	incident.	NA
54	700	566	incident.	NA
54	701	567	Reports	NA
54	702	568	on	NA
54	703	569	Russian	NA
54	704	570	state	NA
54	705	571	television	NA
54	706	572	and	NA
54	707	573	in	NA
54	708	574	local	NA
54	709	575	media	NA
54	710	576	suggested	NA
54	711	577	that	NA
54	712	578	the	it
54	713	579	meteorite	it
54	714	579	meteorite	it
54	715	580	was	NA
54	716	581	engaged	NA
54	717	582	by	NA
54	718	583	local	NA
54	719	584	air	NA
54	720	585	defense	NA
54	721	586	units	NA
54	722	587	and	NA
54	723	588	blown	NA
54	724	589	apart	NA
54	725	590	at	NA
54	726	591	an	NA
54	727	592	altitude	NA
54	728	593	of	NA
54	729	594	more	NA
54	730	595	than	NA
54	731	596	15	NA
54	732	597	miles.	NA
54	733	597	miles.	NA
54	734	598	The	He,
54	735	599	ultranationalist	He,
54	736	599	ultranationalist	He,
54	737	599	ultranationalist	He,
54	738	599	ultranationalist	He,
54	739	600	leader	He,
54	740	601	of	He,
54	741	602	Russia's	He,
54	742	602	Russia's	He,
54	743	603	Liberal	He,
54	744	604	Democrat	He,
54	745	605	party,	He,
54	746	605	party,	He,
54	747	606	Vladimir	he,
54	748	607	Zhirinovsky,	he,
54	749	607	Zhirinovsky,	he,
54	750	607	Zhirinovsky,	he,
54	751	607	Zhirinovsky,	he,
54	752	608	said	NA
54	753	609	it	NA
54	754	610	was	NA
54	755	611	not	NA
54	756	612	a	NA
54	757	613	meteorite	NA
54	758	613	meteorite	NA
54	759	614	but	NA
54	760	615	military	NA
54	761	616	action	NA
54	762	617	by	NA
54	763	618	the	NA
54	764	619	United	NA
54	765	620	States,	NA
54	766	620	States,	NA
54	767	621	echoing	NA
54	768	622	much	NA
54	769	623	of	NA
54	770	624	the	NA
54	771	625	speculation	NA
54	772	626	voiced	NA
54	773	627	on	NA
54	774	628	amateur	NA
54	775	629	film	NA
54	776	630	footage.	NA
54	777	630	footage.	NA
54	778	631	“It's	NA
54	779	631	“It's	NA
54	780	631	“It's	NA
54	781	631	“It's	NA
54	782	632	not	NA
54	783	633	a	NA
54	784	634	meteorite	NA
54	785	634	meteorite	NA
54	786	635	falling	NA
54	787	636	–	NA
54	788	637	it's	NA
54	789	637	it's	NA
54	790	638	a	NA
54	791	639	test	NA
54	792	640	of	NA
54	793	641	new	NA
54	794	642	American	NA
54	795	643	weapons,”	NA
54	796	643	weapons,”	NA
54	797	643	weapons,”	NA
54	798	643	weapons,”	NA
54	799	644	Zhirinovsky	he
54	800	644	Zhirinovsky	he
54	801	644	Zhirinovsky	he
54	802	645	said.	NA
54	803	645	said.	NA
54	804	646	Some	NA
54	805	647	were	NA
54	806	648	quick	NA
54	807	649	to	NA
54	808	650	take	NA
54	809	651	advantage	NA
54	810	652	of	NA
54	811	653	the	NA
54	812	654	confusion.	NA
54	813	654	confusion.	NA
54	814	655	Enterprising	NA
54	815	655	Enterprising	NA
54	816	656	people	NA
54	817	657	were	NA
54	818	658	offering	NA
54	819	659	lumps	NA
54	820	659	lumps	NA
54	821	660	of	NA
54	822	661	meteorite	NA
54	823	661	meteorite	NA
54	824	662	for	NA
54	825	663	sale	NA
54	826	664	through	NA
54	827	665	internet	NA
54	828	666	sites	NA
54	829	667	within	NA
54	830	668	a	NA
54	831	669	few	NA
54	832	670	hours	NA
54	833	671	of	NA
54	834	672	the	it.
54	835	673	impact.	it.
54	836	673	impact.	it.
54	837	674	President	He
54	838	675	Vladimir	He
54	839	676	Putin	He
54	840	677	and	NA
54	841	678	the	he,
54	842	679	Prime	he,
54	843	680	Minister,	he,
54	844	680	Minister,	he,
54	845	681	Dmitry	he,
54	846	682	Medvedev,	he,
54	847	682	Medvedev,	he,
54	848	682	Medvedev,	he,
54	849	682	Medvedev,	he,
54	850	683	were	NA
54	851	684	informed	NA
54	852	685	about	NA
54	853	686	the	it,
54	854	687	incident,	it,
54	855	687	incident,	it,
54	856	688	and	NA
54	857	689	Putin	he
54	858	690	convened	NA
54	859	691	a	NA
54	860	692	meeting	NA
54	861	693	with	NA
54	862	694	the	NA
54	863	695	head	NA
54	864	696	of	NA
54	865	697	the	NA
54	866	698	Emergency	NA
54	867	699	Situations	NA
54	868	699	Situations	NA
54	869	700	Ministry.	NA
54	870	700	Ministry.	NA
54	871	701	“It's	NA
54	872	701	“It's	NA
54	873	701	“It's	NA
54	874	701	“It's	NA
54	875	702	proof	NA
54	876	703	that	NA
54	877	704	not	NA
54	878	705	only	NA
54	879	706	are	NA
54	880	707	economies	NA
54	881	708	vulnerable	NA
54	882	709	but	NA
54	883	710	the	it,”
54	884	711	whole	it,”
54	885	712	planet,”	it,”
54	886	712	planet,”	it,”
54	887	712	planet,”	it,”
54	888	712	planet,”	it,”
54	889	713	Medvedev	he
54	890	713	Medvedev	he
54	891	713	Medvedev	he
54	892	714	said	NA
54	893	715	at	NA
54	894	716	an	NA
54	895	717	economic	NA
54	896	718	forum	NA
54	897	719	in	NA
54	898	720	Siberia.	NA
54	899	720	Siberia.	NA
55	0	0	Galina	She
55	1	0	Galina	She
55	2	1	Zaglumyonova	She
55	3	1	Zaglumyonova	She
55	4	1	Zaglumyonova	She
55	5	1	Zaglumyonova	She
55	6	1	Zaglumyonova	She
55	7	1	Zaglumyonova	She
55	8	2	was	NA
55	9	3	woken	NA
55	10	3	woken	NA
55	11	4	in	NA
55	12	5	her	NA
55	13	6	flat	NA
55	14	7	in	NA
55	15	8	central	it
55	16	9	Chelyabinsk	it
55	17	9	Chelyabinsk	it
55	18	9	Chelyabinsk	it
55	19	9	Chelyabinsk	it
55	20	10	by	NA
55	21	11	a	it.
55	22	12	very	it.
55	23	13	big	it.
55	24	14	explosion	it.
55	25	15	that	it.
55	26	16	broke	it.
55	27	17	the	it.
55	28	18	balcony	it.
55	29	19	windows	it.
55	30	20	and	it.
55	31	21	broken	it.
55	32	22	pots	it.
55	33	23	containing	it.
55	34	24	her	it.
55	35	25	houseplants.	it.
55	36	25	houseplants.	it.
55	37	25	houseplants.	it.
55	38	25	houseplants.	it.
55	39	26	When	NA
55	40	27	she	NA
55	41	28	jumped	NA
55	42	29	out	NA
55	43	30	of	NA
55	44	31	bed	NA
55	45	32	she	NA
55	46	33	could	NA
55	47	34	see	NA
55	48	35	a	it
55	49	36	huge	it
55	50	37	vapor	it
55	51	38	trail	it
55	52	39	in	NA
55	53	40	the	it
55	54	41	morning	it
55	55	42	sky	it
55	56	43	and	NA
55	57	44	hear	NA
55	58	45	car	NA
55	59	46	alarms	NA
55	60	47	from	NA
55	61	48	the	NA
55	62	49	street	NA
55	63	50	below.	NA
55	64	50	below.	NA
55	65	51	“I	NA
55	66	51	“I	NA
55	67	51	“I	NA
55	68	52	didn't	NA
55	69	52	didn't	NA
55	70	53	understand	NA
55	71	54	what	NA
55	72	55	was	NA
55	73	56	going	NA
55	74	57	on,”	NA
55	75	57	on,”	NA
55	76	57	on,”	NA
55	77	57	on,”	NA
55	78	58	said	NA
55	79	59	Zaglumyonova.	she.
55	80	59	Zaglumyonova.	she.
55	81	59	Zaglumyonova.	she.
55	82	59	Zaglumyonova.	she.
55	83	59	Zaglumyonova.	she.
55	84	59	Zaglumyonova.	she.
55	85	59	Zaglumyonova.	she.
55	86	60	“There	NA
55	87	60	“There	NA
55	88	60	“There	NA
55	89	61	was	NA
55	90	62	a	it
55	91	63	big	it
55	92	64	explosion	it
55	93	65	and	NA
55	94	66	then	NA
55	95	67	lots	NA
55	96	68	of	NA
55	97	69	little	NA
55	98	70	explosions.	NA
55	99	70	explosions.	NA
55	100	71	My	NA
55	101	72	first	NA
55	102	73	thought	NA
55	103	74	was	NA
55	104	75	that	NA
55	105	76	it	NA
55	106	77	was	NA
55	107	78	a	it.”
55	108	79	plane	it.”
55	109	80	crash.”	it.”
55	110	80	crash.”	it.”
55	111	80	crash.”	it.”
55	112	80	crash.”	it.”
55	113	81	In	NA
55	114	82	fact,	NA
55	115	82	fact,	NA
55	116	83	it	NA
55	117	84	was	NA
55	118	85	a	it.
55	119	86	ten-ton	it.
55	120	86	ten-ton	it.
55	121	86	ten-ton	it.
55	122	87	meteorite	it.
55	123	87	meteorite	it.
55	124	88	that	it.
55	125	89	fell	it.
55	126	90	to	it.
55	127	91	Earth	it.
55	128	92	in	it.
55	129	93	lots	it.
55	130	94	of	it.
55	131	95	pieces.	it.
55	132	95	pieces.	it.
55	133	96	Almost	NA
55	134	97	1,200	NA
55	135	97	1,200	NA
55	136	97	1,200	NA
55	137	98	people	NA
55	138	99	were	NA
55	139	100	injured.	NA
55	140	100	injured.	NA
55	141	101	More	They
55	142	102	than	They
55	143	103	40	They
55	144	104	people	They
55	145	105	were	NA
55	146	106	taken	NA
55	147	107	to	NA
55	148	108	hospital	NA
55	149	109	–	NA
55	150	110	most	NA
55	151	111	of	NA
55	152	112	them	NA
55	153	113	were	NA
55	154	114	hurt	NA
55	155	115	by	NA
55	156	116	flying	it.
55	157	117	glass.	it.
55	158	117	glass.	it.
55	159	118	There	NA
55	160	119	were	NA
55	161	120	no	NA
55	162	121	deaths.	NA
55	163	121	deaths.	NA
55	164	122	The	It
55	165	123	meteorite	It
55	166	123	meteorite	It
55	167	124	entered	It
55	168	125	the	It
55	169	126	atmosphere	It
55	170	127	at	It
55	171	128	a	It
55	172	129	speed	It
55	173	130	of	It
55	174	131	at	It
55	175	132	least	It
55	176	133	33,000	It
55	177	133	33,000	It
55	178	133	33,000	It
55	179	134	miles	It
55	180	135	per	It
55	181	136	hour	It
55	182	137	and	NA
55	183	138	broke	NA
55	184	139	into	NA
55	185	140	pieces	them
55	186	141	between	NA
55	187	142	18	NA
55	188	143	and	NA
55	189	144	32	NA
55	190	145	miles	NA
55	191	146	above	NA
55	192	147	the	it.
55	193	148	ground.	it.
55	194	148	ground.	it.
55	195	149	The	It
55	196	150	event	It
55	197	151	caused	NA
55	198	152	panic	NA
55	199	153	in	NA
55	200	154	Chelyabinsk,	it,
55	201	154	Chelyabinsk,	it,
55	202	154	Chelyabinsk,	it,
55	203	154	Chelyabinsk,	it,
55	204	154	Chelyabinsk,	it,
55	205	155	a	it.
55	206	156	Russian	it.
55	207	157	city	it.
55	208	158	of	it.
55	209	159	one	it.
55	210	160	million	it.
55	211	161	people	it.
55	212	162	to	it.
55	213	163	the	it.
55	214	164	south	it.
55	215	165	of	it.
55	216	166	the	it.
55	217	167	Ural	it.
55	218	167	Ural	it.
55	219	168	mountains.	it.
55	220	168	mountains.	it.
55	221	169	Mobile	NA
55	222	170	phone	NA
55	223	171	networks	NA
55	224	172	quickly	NA
55	225	173	became	NA
55	226	174	jammed	NA
55	227	175	by	NA
55	228	176	the	NA
55	229	177	large	NA
55	230	178	number	NA
55	231	179	of	NA
55	232	180	calls.	NA
55	233	180	calls.	NA
55	234	181	A	NA
55	235	182	video	NA
55	236	183	showed	NA
55	237	184	the	they
55	238	185	pieces	they
55	239	186	of	they
55	240	187	meteorite	they
55	241	187	meteorite	they
55	242	188	glowing	NA
55	243	189	more	NA
55	244	190	brightly	NA
55	245	191	as	NA
55	246	192	they	NA
55	247	193	approached	NA
55	248	194	the	NA
55	249	195	moment	NA
55	250	196	of	NA
55	251	197	impact.	its.
55	252	197	impact.	its.
55	253	198	People	NA
55	254	199	could	NA
55	255	200	see	NA
55	256	201	the	it
55	257	202	vapor	it
55	258	203	trail	it
55	259	204	for	NA
55	260	205	hundreds	NA
55	261	206	of	NA
55	262	207	miles,	NA
55	263	207	miles,	NA
55	264	208	even	NA
55	265	209	from	NA
55	266	210	neighboring	NA
55	267	211	Kazakhstan.	NA
55	268	211	Kazakhstan.	NA
55	269	212	Tatyana	She
55	270	212	Tatyana	She
55	271	212	Tatyana	She
55	272	213	Bets	She
55	273	213	Bets	She
55	274	214	was	NA
55	275	215	at	NA
55	276	216	work	NA
55	277	217	in	NA
55	278	218	the	it
55	279	219	reception	it
55	280	220	area	it
55	281	221	of	it
55	282	222	a	it
55	283	223	hospital	it
55	284	224	clinic	it
55	285	225	in	it
55	286	226	the	it
55	287	227	center	it
55	288	228	of	it
55	289	229	the	it
55	290	230	city	it
55	291	231	when	NA
55	292	232	the	it
55	293	233	meteorite	it
55	294	233	meteorite	it
55	295	234	hit.	NA
55	296	234	hit.	NA
55	297	235	“First	NA
55	298	235	“First	NA
55	299	235	“First	NA
55	300	236	we	NA
55	301	237	noticed	NA
55	302	238	the	NA
55	303	239	wind,	NA
55	304	239	wind,	NA
55	305	240	and	NA
55	306	241	then	NA
55	307	242	the	it
55	308	243	room	it
55	309	244	was	NA
55	310	245	filled	NA
55	311	246	with	NA
55	312	247	a	NA
55	313	248	very	NA
55	314	249	bright	NA
55	315	250	light	NA
55	316	251	and	NA
55	317	252	we	NA
55	318	253	could	NA
55	319	254	see	NA
55	320	255	smoke	NA
55	321	256	in	NA
55	322	257	the	it,”
55	323	258	sky,”	it,”
55	324	258	sky,”	it,”
55	325	258	sky,”	it,”
55	326	258	sky,”	it,”
55	327	259	she	NA
55	328	260	said.	NA
55	329	260	said.	NA
55	330	261	Then,	NA
55	331	261	Then,	NA
55	332	262	after	NA
55	333	263	a	NA
55	334	264	few	NA
55	335	265	minutes,	NA
55	336	265	minutes,	NA
55	337	266	the	NA
55	338	267	explosions	NA
55	339	268	came.	NA
55	340	268	came.	NA
55	341	269	At	They
55	342	270	least	They
55	343	271	three	They
55	344	272	craters	They
55	345	272	craters	They
55	346	273	were	NA
55	347	274	found.	NA
55	348	274	found.	NA
55	349	275	One	NA
55	350	276	crater	NA
55	351	277	was	NA
55	352	278	more	NA
55	353	279	than	NA
55	354	280	six	NA
55	355	281	meters	NA
55	356	282	wide.	NA
55	357	282	wide.	NA
55	358	283	Another	NA
55	359	284	piece	NA
55	360	285	of	NA
55	361	286	meteorite	NA
55	362	286	meteorite	NA
55	363	287	broke	NA
55	364	288	through	NA
55	365	289	the	NA
55	366	290	thick	NA
55	367	291	ice	NA
55	368	292	of	NA
55	369	293	a	NA
55	370	294	lake.	NA
55	371	294	lake.	NA
55	372	295	The	They
55	373	296	local	They
55	374	297	military	They
55	375	298	said	NA
55	376	299	that	NA
55	377	300	the	NA
55	378	301	radiation	NA
55	379	302	levels	NA
55	380	303	at	NA
55	381	304	the	them
55	382	305	impact	them
55	383	306	sites	them
55	384	307	were	NA
55	385	308	normal.	NA
55	386	308	normal.	NA
55	387	309	In	NA
55	388	310	Chelyabinsk,	it,
55	389	310	Chelyabinsk,	it,
55	390	310	Chelyabinsk,	it,
55	391	310	Chelyabinsk,	it,
55	392	310	Chelyabinsk,	it,
55	393	311	schools	NA
55	394	312	and	NA
55	395	313	universities	NA
55	396	314	were	NA
55	397	315	closed	NA
55	398	316	and	NA
55	399	317	people	NA
55	400	318	were	NA
55	401	319	told	NA
55	402	320	to	NA
55	403	321	go	NA
55	404	322	home	NA
55	405	323	early.	NA
55	406	323	early.	NA
55	407	324	About	NA
55	408	325	200	NA
55	409	326	children	NA
55	410	327	were	NA
55	411	328	injured.	NA
55	412	328	injured.	NA
55	413	329	Many	NA
55	414	330	people,	NA
55	415	330	people,	NA
55	416	331	mostly	NA
55	417	332	with	NA
55	418	333	cuts	NA
55	419	334	from	NA
55	420	335	flying	it,
55	421	336	glass,	it,
55	422	336	glass,	it,
55	423	337	came	NA
55	424	338	into	NA
55	425	339	the	it.
55	426	340	clinic	it.
55	427	341	where	it.
55	428	342	Bets	it.
55	429	342	Bets	it.
55	430	343	works.	it.
55	431	343	works.	it.
55	432	344	She	NA
55	433	345	said	NA
55	434	346	many	they
55	435	347	of	they
55	436	348	the	they
55	437	349	students	they
55	438	350	at	they
55	439	351	a	they
55	440	352	nearby	they
55	441	353	college	they
55	442	354	came	NA
55	443	355	to	NA
55	444	356	the	NA
55	445	357	hospital	NA
55	446	358	because	NA
55	447	359	they	NA
55	448	360	were	NA
55	449	361	scared.	NA
55	450	361	scared.	NA
55	451	362	“There	NA
55	452	362	“There	NA
55	453	362	“There	NA
55	454	363	were	NA
55	455	364	a	NA
55	456	365	lot	NA
55	457	366	of	NA
55	458	367	girls	NA
55	459	368	from	NA
55	460	369	the	it
55	461	370	college	it
55	462	371	in	NA
55	463	372	shock,”	NA
55	464	372	shock,”	NA
55	465	372	shock,”	NA
55	466	372	shock,”	NA
55	467	373	she	NA
55	468	374	said.	NA
55	469	374	said.	NA
55	470	375	More	NA
55	471	376	than	NA
55	472	377	100,000	NA
55	473	377	100,000	NA
55	474	377	100,000	NA
55	475	378	square	NA
55	476	379	meters	NA
55	477	380	of	NA
55	478	381	glass	NA
55	479	382	were	NA
55	480	383	broken	NA
55	481	384	and	NA
55	482	385	3,000	NA
55	483	385	3,000	NA
55	484	385	3,000	NA
55	485	386	buildings	NA
55	486	387	were	NA
55	487	388	hit.	NA
55	488	388	hit.	NA
55	489	389	The	NA
55	490	390	total	NA
55	491	391	cost	NA
55	492	392	of	NA
55	493	393	the	NA
55	494	394	damage	NA
55	495	395	in	NA
55	496	396	the	it
55	497	397	city	it
55	498	398	is	NA
55	499	399	probably	NA
55	500	400	more	NA
55	501	401	than	NA
55	502	402	one	NA
55	503	403	billion	NA
55	504	404	roubles	NA
55	505	404	roubles	NA
55	506	405	(£20	NA
55	507	405	(£20	NA
55	508	406	million).	NA
55	509	406	million).	NA
55	510	407	The	It
55	511	408	meteorite	It
55	512	408	meteorite	It
55	513	409	arrived	NA
55	514	410	a	NA
55	515	411	day	NA
55	516	412	before	NA
55	517	413	asteroid	NA
55	518	414	2012	NA
55	519	415	DA14	NA
55	520	415	DA14	NA
55	521	416	passed	NA
55	522	417	Earth	it
55	523	418	very	NA
55	524	419	closely	NA
55	525	420	(about	NA
55	526	420	(about	NA
55	527	421	17,510	NA
55	528	421	17,510	NA
55	529	421	17,510	NA
55	530	422	miles).	NA
55	531	422	miles).	NA
55	532	423	But	NA
55	533	424	experts	NA
55	534	425	said	NA
55	535	426	the	NA
55	536	427	two	NA
55	537	428	events	NA
55	538	429	were	NA
55	539	430	not	NA
55	540	431	connected.	NA
55	541	431	connected.	NA
55	542	432	There	NA
55	543	433	were	NA
55	544	434	lots	NA
55	545	435	of	NA
55	546	436	rumors	NA
55	547	437	in	NA
55	548	438	the	NA
55	549	439	first	NA
55	550	440	few	NA
55	551	441	hours	NA
55	552	442	after	NA
55	553	443	the	it.
55	554	444	incident.	it.
55	555	444	incident.	it.
55	556	445	Reports	NA
55	557	446	on	NA
55	558	447	Russian	NA
55	559	448	state	NA
55	560	449	television	NA
55	561	450	and	NA
55	562	451	in	NA
55	563	452	local	NA
55	564	453	media	NA
55	565	454	suggested	NA
55	566	455	that	NA
55	567	456	the	it
55	568	457	Russian	it
55	569	458	military	it
55	570	459	blew	NA
55	571	460	apart	NA
55	572	461	the	it.
55	573	462	meteorite.	it.
55	574	462	meteorite.	it.
55	575	462	meteorite.	it.
55	576	463	The	He,
55	577	464	ultra-nationalist	He,
55	578	464	ultra-nationalist	He,
55	579	464	ultra-nationalist	He,
55	580	464	ultra-nationalist	He,
55	581	465	leader	He,
55	582	466	of	He,
55	583	467	Russia's	He,
55	584	467	Russia's	He,
55	585	468	Liberal	He,
55	586	469	Democrat	He,
55	587	470	party,	He,
55	588	470	party,	He,
55	589	471	Vladimir	he,
55	590	472	Zhirinovsky,	he,
55	591	472	Zhirinovsky,	he,
55	592	472	Zhirinovsky,	he,
55	593	472	Zhirinovsky,	he,
55	594	473	said	NA
55	595	474	it	NA
55	596	475	was	NA
55	597	476	not	NA
55	598	477	a	NA
55	599	478	meteorite.	NA
55	600	478	meteorite.	NA
55	601	478	meteorite.	NA
55	602	479	He	NA
55	603	480	said	NA
55	604	481	it	NA
55	605	482	was	NA
55	606	483	a	NA
55	607	484	weapons	NA
55	608	485	test	NA
55	609	486	by	NA
55	610	487	the	NA
55	611	488	United	NA
55	612	489	States.	NA
55	613	489	States.	NA
55	614	490	Some	NA
55	615	491	people	NA
55	616	492	were	NA
55	617	493	selling	NA
55	618	494	pieces	NA
55	619	495	of	NA
55	620	496	meteorite	NA
55	621	496	meteorite	NA
55	622	497	through	NA
55	623	498	internet	NA
55	624	499	sites	NA
55	625	500	within	NA
55	626	501	a	NA
55	627	502	few	NA
55	628	503	hours	NA
55	629	504	of	NA
55	630	505	the	it.
55	631	506	impact.	it.
55	632	506	impact.	it.
55	633	507	President	He
55	634	508	Vladimir	He
55	635	509	Putin	He
55	636	510	and	NA
55	637	511	the	he,
55	638	512	Prime	he,
55	639	513	Minister,	he,
55	640	513	Minister,	he,
55	641	514	Dmitry	he,
55	642	515	Medvedev,	he,
55	643	515	Medvedev,	he,
55	644	515	Medvedev,	he,
55	645	515	Medvedev,	he,
55	646	516	were	NA
55	647	517	updated	NA
55	648	518	about	NA
55	649	519	the	it,
55	650	520	incident,	it,
55	651	520	incident,	it,
55	652	521	and	NA
55	653	522	Putin	he
55	654	523	met	NA
55	655	524	with	NA
55	656	525	the	NA
55	657	526	head	NA
55	658	527	of	NA
55	659	528	the	NA
55	660	529	Emergency	NA
55	661	530	Situations	NA
55	662	530	Situations	NA
55	663	531	Ministry.	NA
55	664	531	Ministry.	NA
55	665	532	Prime	He
55	666	533	Minister	He
55	667	534	Dmitry	He
55	668	535	Medvedev	He
55	669	535	Medvedev	He
55	670	535	Medvedev	He
55	671	536	said	NA
55	672	537	that	NA
55	673	538	it	NA
55	674	539	shows	NA
55	675	540	us	NA
55	676	541	that	NA
55	677	542	the	it
55	678	543	whole	it
55	679	544	planet	it
55	680	545	is	NA
55	681	546	vulnerable.	NA
55	682	546	vulnerable.	NA
56	0	0	The	It
56	1	1	small	It
56	2	2	space	It
56	3	3	is	NA
56	4	4	set	NA
56	5	5	up	NA
56	6	6	to	NA
56	7	7	look	NA
56	8	8	like	NA
56	9	9	a	NA
56	10	10	classroom.	NA
56	11	10	classroom.	NA
56	12	11	Its	NA
56	13	12	corrugated	NA
56	14	12	corrugated	NA
56	15	12	corrugated	NA
56	16	13	iron	NA
56	17	14	walls	NA
56	18	15	are	NA
56	19	16	hung	NA
56	20	17	with	NA
56	21	18	educational	NA
56	22	19	charts	NA
56	23	20	–	NA
56	24	21	illustrated	NA
56	25	22	letters	NA
56	26	23	of	NA
56	27	24	the	NA
56	28	25	alphabet	NA
56	29	26	and	NA
56	30	27	a	NA
56	31	28	map	NA
56	32	29	of	NA
56	33	30	Bangladesh.	it.
56	34	30	Bangladesh.	it.
56	35	31	But,	NA
56	36	31	But,	NA
56	37	32	the	NA
56	38	33	constant	NA
56	39	34	sound	NA
56	40	35	of	NA
56	41	36	hammering	NA
56	42	36	hammering	NA
56	43	37	and	NA
56	44	38	the	NA
56	45	39	chemicals	NA
56	46	40	in	NA
56	47	41	the	NA
56	48	42	air	NA
56	49	43	that	NA
56	50	44	catch	NA
56	51	45	in	NA
56	52	46	the	NA
56	53	47	back	NA
56	54	48	of	NA
56	55	49	the	NA
56	56	50	throat	NA
56	57	51	and	NA
56	58	52	irritate	NA
56	59	52	irritate	NA
56	60	53	the	NA
56	61	54	eyes	NA
56	62	55	make	NA
56	63	56	it	NA
56	64	57	hard	NA
56	65	58	to	NA
56	66	59	concentrate.	NA
56	67	59	concentrate.	NA
56	68	60	The	They
56	69	61	children	They
56	70	62	who	They
56	71	63	learn	They
56	72	64	in	They
56	73	65	this	They
56	74	66	three-square-	They
56	75	66	three-square-	They
56	76	66	three-square-	They
56	77	66	three-square-	They
56	78	67	meter	They
56	79	68	room	They
56	80	69	are	NA
56	81	70	the	they,
56	82	71	lucky	they,
56	83	72	ones,	they,
56	84	72	ones,	they,
56	85	73	however.	NA
56	86	73	however.	NA
56	87	74	They	NA
56	88	75	have	NA
56	89	76	escaped	NA
56	90	77	working	NA
56	91	78	in	NA
56	92	79	the	NA
56	93	80	factories	NA
56	94	81	opposite.	NA
56	95	81	opposite.	NA
56	96	82	For	NA
56	97	83	14	NA
56	98	84	years,	NA
56	99	84	years,	NA
56	100	85	SOHAY,	it,
56	101	85	SOHAY,	it,
56	102	85	SOHAY,	it,
56	103	85	SOHAY,	it,
56	104	86	a	it,
56	105	87	grassroots	it,
56	106	88	non-governmental	it,
56	107	88	non-governmental	it,
56	108	88	non-governmental	it,
56	109	89	organization	it,
56	110	90	(NGO)	it,
56	111	90	(NGO)	it,
56	112	90	(NGO)	it,
56	113	90	(NGO)	it,
56	114	91	funded	it,
56	115	92	by	it,
56	116	93	the	it,
56	117	94	Global	it,
56	118	95	Fund	it,
56	119	96	for	it,
56	120	97	Children	it,
56	121	98	and	it,
56	122	99	Comic	it,
56	123	100	Relief,	it,
56	124	100	Relief,	it,
56	125	101	has	NA
56	126	102	been	NA
56	127	103	working	NA
56	128	104	in	NA
56	129	105	slum	NA
56	130	105	slum	NA
56	131	106	areas	NA
56	132	107	of	NA
56	133	108	Dhaka	it
56	134	108	Dhaka	it
56	135	109	to	NA
56	136	110	get	NA
56	137	111	child	them
56	138	112	laborers	them
56	139	113	into	NA
56	140	114	school.	it.
56	141	114	school.	it.
56	142	115	It	NA
56	143	116	focuses	NA
56	144	117	on	NA
56	145	118	children	them.
56	146	119	working	them.
56	147	120	in	them.
56	148	121	hazardous	them.
56	149	122	conditions	them.
56	150	123	–	them.
56	151	124	in	them.
56	152	125	aluminum	them.
56	153	126	and	them.
56	154	127	plastic	them.
56	155	128	factories,	them.
56	156	128	factories,	them.
56	157	129	and	them.
56	158	130	tanneries.	them.
56	159	130	tanneries.	them.
56	160	130	tanneries.	them.
56	161	130	tanneries.	them.
56	162	131	The	It
56	163	132	classroom	It
56	164	133	is	NA
56	165	134	one	it.
56	166	135	of	it.
56	167	136	23	it.
56	168	137	urban	it.
56	169	138	development	it.
56	170	139	centers	it.
56	171	140	that	it.
56	172	141	SOHAY	it.
56	173	141	SOHAY	it.
56	174	141	SOHAY	it.
56	175	142	has	it.
56	176	143	set	it.
56	177	144	up	it.
56	178	145	across	it.
56	179	146	the	it.
56	180	147	capital.	it.
56	181	147	capital.	it.
56	182	148	The	They
56	183	149	centers	They
56	184	150	prepare	NA
56	185	151	children	them
56	186	152	for	NA
56	187	153	primary	it
56	188	154	school	it
56	189	155	with	NA
56	190	156	classes	NA
56	191	157	that	NA
56	192	158	help	NA
56	193	159	them	NA
56	194	160	catch	NA
56	195	161	up	NA
56	196	162	on	NA
56	197	163	their	their.
56	198	164	education.	their.
56	199	164	education.	their.
56	200	165	Once	NA
56	201	166	they	NA
56	202	167	are	NA
56	203	168	in	NA
56	204	169	primary	it,
56	205	170	school,	it,
56	206	170	school,	it,
56	207	171	the	they
56	208	172	children	they
56	209	173	can	NA
56	210	174	do	NA
56	211	175	homework	NA
56	212	176	at	NA
56	213	177	the	them,
56	214	178	centers,	them,
56	215	178	centers,	them,
56	216	179	with	NA
56	217	180	help	NA
56	218	181	from	NA
56	219	182	their	NA
56	220	183	peers.	NA
56	221	183	peers.	NA
56	222	184	Alamin,	He,
56	223	184	Alamin,	He,
56	224	184	Alamin,	He,
56	225	185	ten,	NA
56	226	185	ten,	NA
56	227	186	who	NA
56	228	187	used	NA
56	229	188	to	NA
56	230	189	work	NA
56	231	190	in	NA
56	232	191	a	it,
56	233	192	plastic	it,
56	234	193	factory,	it,
56	235	193	factory,	it,
56	236	194	attends	NA
56	237	195	one	NA
56	238	196	of	NA
56	239	197	the	them.
56	240	198	centers.	them.
56	241	198	centers.	them.
56	242	199	His	His
56	243	200	father	His
56	244	201	is	NA
56	245	202	a	it
56	246	203	street	it
56	247	204	seller	it
56	248	205	and	NA
56	249	206	his	NA
56	250	207	mother	NA
56	251	208	a	NA
56	252	209	part-time	NA
56	253	209	part-time	NA
56	254	209	part-time	NA
56	255	210	domestic	NA
56	256	211	worker.	NA
56	257	211	worker.	NA
56	258	212	They	NA
56	259	213	are	NA
56	260	214	all	NA
56	261	215	happy	NA
56	262	216	that	NA
56	263	217	he's	NA
56	264	217	he's	NA
56	265	218	now	NA
56	266	219	in	NA
56	267	220	school	it
56	268	221	and	NA
56	269	222	away	NA
56	270	223	from	NA
56	271	224	hazardous	it.
56	272	225	work.	it.
56	273	225	work.	it.
56	274	226	His	NA
56	275	227	friend	NA
56	276	228	Rabi	NA
56	277	228	Rabi	NA
56	278	229	says	NA
56	279	230	he	NA
56	280	231	wants	NA
56	281	232	to	NA
56	282	233	forget	NA
56	283	234	his	NA
56	284	235	past	NA
56	285	236	in	NA
56	286	237	the	it.
56	287	238	factory.	it.
56	288	238	factory.	it.
56	289	239	“I	NA
56	290	239	“I	NA
56	291	239	“I	NA
56	292	240	like	NA
56	293	241	school,”	it,”
56	294	241	school,”	it,”
56	295	241	school,”	it,”
56	296	241	school,”	it,”
56	297	242	he	NA
56	298	243	says.	NA
56	299	243	says.	NA
56	300	244	SOHAY	It
56	301	244	SOHAY	It
56	302	244	SOHAY	It
56	303	245	also	NA
56	304	246	runs	NA
56	305	247	sessions	NA
56	306	248	for	NA
56	307	249	parents	NA
56	308	250	and	NA
56	309	251	employers	NA
56	310	252	to	NA
56	311	253	discourage	NA
56	312	254	child	it
56	313	255	labor	it
56	314	256	and	NA
56	315	257	offers	NA
56	316	258	skills	NA
56	317	259	training	NA
56	318	260	to	NA
56	319	261	increase	NA
56	320	262	family	their.
56	321	263	income.	their.
56	322	263	income.	their.
56	323	264	“Getting	NA
56	324	264	“Getting	NA
56	325	264	“Getting	NA
56	326	265	working	them
56	327	266	children	them
56	328	267	into	NA
56	329	268	formal	it
56	330	269	education	it
56	331	270	is	NA
56	332	271	really	NA
56	333	272	very	NA
56	334	273	challenging,”	NA
56	335	273	challenging,”	NA
56	336	273	challenging,”	NA
56	337	273	challenging,”	NA
56	338	274	says	NA
56	339	275	SOHAY's	he,
56	340	275	SOHAY's	he,
56	341	275	SOHAY's	he,
56	342	275	SOHAY's	he,
56	343	276	program	he,
56	344	277	manager,	he,
56	345	277	manager,	he,
56	346	278	Mohammed	he.
56	347	279	al-Mamun.	he.
56	348	279	al-Mamun.	he.
56	349	279	al-Mamun.	he.
56	350	279	al-Mamun.	he.
56	351	279	al-Mamun.	he.
56	352	279	al-Mamun.	he.
56	353	280	“Their	NA
56	354	280	“Their	NA
56	355	280	“Their	NA
56	356	281	psychological	NA
56	357	282	and	NA
56	358	283	physical	NA
56	359	284	condition	NA
56	360	285	is	NA
56	361	286	not	NA
56	362	287	like	NA
56	363	288	other	NA
56	364	289	children	NA
56	365	290	in	NA
56	366	291	society.	NA
56	367	291	society.	NA
56	368	292	After	NA
56	369	293	they	NA
56	370	294	leave	NA
56	371	295	work,	it,
56	372	295	work,	it,
56	373	296	they	NA
56	374	297	sometimes	NA
56	375	298	find	NA
56	376	299	it	NA
56	377	300	difficult	NA
56	378	301	to	NA
56	379	302	make	NA
56	380	303	friends	NA
56	381	304	and	NA
56	382	305	adapt	NA
56	383	306	to	NA
56	384	307	school.”	it.”
56	385	307	school.”	it.”
56	386	307	school.”	it.”
56	387	307	school.”	it.”
56	388	308	It	NA
56	389	309	is	NA
56	390	310	also	NA
56	391	311	very	NA
56	392	312	challenging	NA
56	393	313	to	NA
56	394	314	ensure	NA
56	395	315	they	NA
56	396	316	stay	NA
56	397	317	in	NA
56	398	318	school	it
56	399	319	–	NA
56	400	320	the	NA
56	401	321	dropout	NA
56	402	321	dropout	NA
56	403	322	rate	NA
56	404	323	is	NA
56	405	324	very	NA
56	406	325	high	NA
56	407	326	for	NA
56	408	327	these	them.
56	409	328	children.	them.
56	410	328	children.	them.
56	411	329	Seven-year-old	She
56	412	329	Seven-year-old	She
56	413	329	Seven-year-old	She
56	414	329	Seven-year-old	She
56	415	329	Seven-year-old	She
56	416	330	Zhorna	She
56	417	330	Zhorna	She
56	418	330	Zhorna	She
56	419	331	Akter	She
56	420	331	Akter	She
56	421	332	Sumayya	She
56	422	332	Sumayya	She
56	423	332	Sumayya	She
56	424	333	has	NA
56	425	334	two	NA
56	426	335	older	NA
56	427	336	brothers,	NA
56	428	336	brothers,	NA
56	429	337	both	NA
56	430	338	of	NA
56	431	339	whom	NA
56	432	340	are	NA
56	433	341	in	NA
56	434	342	work	NA
56	435	343	(one	NA
56	436	343	(one	NA
56	437	344	at	NA
56	438	345	a	NA
56	439	346	restaurant,	NA
56	440	346	restaurant,	NA
56	441	347	one	NA
56	442	348	at	NA
56	443	349	a	NA
56	444	350	local	NA
56	445	351	club).	NA
56	446	351	club).	NA
56	447	352	But,	NA
56	448	352	But,	NA
56	449	353	after	NA
56	450	354	being	NA
56	451	355	introduced	NA
56	452	356	to	NA
56	453	357	education	her
56	454	358	at	NA
56	455	359	one	NA
56	456	360	of	NA
56	457	361	SOHAY's	its
56	458	361	SOHAY's	its
56	459	361	SOHAY's	its
56	460	361	SOHAY's	its
56	461	362	centers,	NA
56	462	362	centers,	NA
56	463	363	she	NA
56	464	364	now	NA
56	465	365	goes	NA
56	466	366	to	NA
56	467	367	a	NA
56	468	368	state	NA
56	469	369	primary	NA
56	470	370	school.	NA
56	471	370	school.	NA
56	472	371	Her	They
56	473	372	parents	They
56	474	373	can't	NA
56	475	373	can't	NA
56	476	374	survive	NA
56	477	375	without	NA
56	478	376	the	it,
56	479	377	income	it,
56	480	378	their	it,
56	481	379	sons	it,
56	482	380	bring	it,
56	483	381	home,	it,
56	484	381	home,	it,
56	485	382	but	NA
56	486	383	they	NA
56	487	384	were	NA
56	488	385	keen	NA
56	489	386	for	NA
56	490	387	their	her
56	491	388	daughter	her
56	492	389	to	NA
56	493	390	go	NA
56	494	391	to	NA
56	495	392	school.	it.
56	496	392	school.	it.
56	497	393	In	NA
56	498	394	2015,	it,
56	499	394	2015,	it,
56	500	395	SOHAY	it
56	501	395	SOHAY	it
56	502	395	SOHAY	it
56	503	396	helped	NA
56	504	397	1,540	NA
56	505	397	1,540	NA
56	506	397	1,540	NA
56	507	398	children	NA
56	508	399	to	NA
56	509	400	leave	NA
56	510	401	hazardous	it
56	511	402	work	it
56	512	403	and	NA
56	513	404	2,125	them
56	514	404	2,125	them
56	515	404	2,125	them
56	516	405	vulnerable	them
56	517	406	children	them
56	518	407	–	NA
56	519	408	those	them
56	520	409	in	them
56	521	410	danger	them
56	522	411	of	them
56	523	412	entering	them
56	524	413	work	them
56	525	414	–	NA
56	526	415	into	NA
56	527	416	school.	it.
56	528	416	school.	it.
56	529	417	About	NA
56	530	418	780	NA
56	531	419	more	NA
56	532	420	children	NA
56	533	421	are	NA
56	534	422	preparing	NA
56	535	423	to	NA
56	536	424	enter	NA
56	537	425	school	it
56	538	426	in	NA
56	539	427	2017.	NA
56	540	427	2017.	NA
56	541	428	The	It
56	542	429	organization	It
56	543	430	is	NA
56	544	431	also	NA
56	545	432	helping	NA
56	546	433	635	them
56	547	433	635	them
56	548	434	children	them
56	549	435	who	them
56	550	436	are	them
56	551	437	working	them
56	552	438	in	them
56	553	439	hazardous	them
56	554	440	conditions	them
56	555	441	to	NA
56	556	442	know	NA
56	557	443	their	NA
56	558	444	rights	NA
56	559	445	under	NA
56	560	446	Bangladesh's	it.
56	561	446	Bangladesh's	it.
56	562	447	2010	it.
56	563	448	child	it.
56	564	449	labor	it.
56	565	450	elimination	it.
56	566	451	code	it.
56	567	452	of	it.
56	568	453	conduct.	it.
56	569	453	conduct.	it.
56	570	454	The	It
56	571	455	policy	It
56	572	456	aimed	NA
56	573	457	to	it
56	574	458	eradicate	it
56	575	459	all	it
56	576	460	forms	it
56	577	461	of	it
56	578	462	child	it
56	579	463	labor	it
56	580	464	by	it
56	581	465	2015	it
56	582	466	but	NA
56	583	467	that	it
56	584	468	target	it
56	585	469	was	NA
56	586	470	missed.	NA
56	587	470	missed.	NA
56	588	471	The	NA
56	589	472	Labor	NA
56	590	473	Law	NA
56	591	474	of	NA
56	592	475	Bangladesh	it
56	593	476	2006	NA
56	594	477	bans	NA
56	595	478	children	NA
56	596	479	under	NA
56	597	480	the	it
56	598	481	age	it
56	599	482	of	it
56	600	483	14	it
56	601	484	from	NA
56	602	485	working	NA
56	603	486	but,	NA
56	604	486	but,	NA
56	605	487	according	NA
56	606	488	to	NA
56	607	489	the	it,
56	608	490	UN	it,
56	609	491	children's	it,
56	610	491	children's	it,
56	611	492	agency,	it,
56	612	492	agency,	it,
56	613	493	UNICEF,	it,
56	614	493	UNICEF,	it,
56	615	493	UNICEF,	it,
56	616	493	UNICEF,	it,
56	617	494	4.7	NA
56	618	494	4.7	NA
56	619	494	4.7	NA
56	620	495	million	NA
56	621	496	children	NA
56	622	497	under	NA
56	623	498	that	it
56	624	499	age	it
56	625	500	are	NA
56	626	501	employed	NA
56	627	502	in	NA
56	628	503	the	NA
56	629	504	informal	NA
56	630	505	sector	NA
56	631	506	and	NA
56	632	507	1.3	NA
56	633	507	1.3	NA
56	634	507	1.3	NA
56	635	508	million	NA
56	636	509	aged	NA
56	637	510	five	NA
56	638	511	to	NA
56	639	512	17	NA
56	640	513	work	NA
56	641	514	in	NA
56	642	515	hazardous	NA
56	643	516	industries.	NA
56	644	516	industries.	NA
57	0	0	The	It
57	1	1	small	It
57	2	2	room	It
57	3	3	looks	NA
57	4	4	like	NA
57	5	5	a	NA
57	6	6	classroom.	NA
57	7	6	classroom.	NA
57	8	7	The	NA
57	9	8	posters	NA
57	10	9	on	NA
57	11	10	the	NA
57	12	11	walls	NA
57	13	12	show	NA
57	14	13	letters	NA
57	15	14	of	NA
57	16	15	the	NA
57	17	16	alphabet	NA
57	18	17	and	NA
57	19	18	a	NA
57	20	19	map	NA
57	21	20	of	NA
57	22	21	Bangladesh.	it.
57	23	21	Bangladesh.	it.
57	24	22	But,	NA
57	25	22	But,	NA
57	26	23	it	NA
57	27	24	is	NA
57	28	25	hard	NA
57	29	26	to	NA
57	30	27	concentrate	NA
57	31	28	–	NA
57	32	29	there	NA
57	33	30	is	NA
57	34	31	the	NA
57	35	32	loud	NA
57	36	33	hammering	NA
57	37	33	hammering	NA
57	38	34	and	NA
57	39	35	chemicals	NA
57	40	36	in	NA
57	41	37	the	NA
57	42	38	air	NA
57	43	39	that	NA
57	44	40	hurt	NA
57	45	41	the	NA
57	46	42	throat	NA
57	47	43	and	NA
57	48	44	eyes.	NA
57	49	44	eyes.	NA
57	50	45	But,	NA
57	51	45	But,	NA
57	52	46	the	they
57	53	47	children	they
57	54	48	who	they
57	55	49	learn	they
57	56	50	in	they
57	57	51	this	they
57	58	52	three-	they
57	59	52	three-	they
57	60	53	square-meter	they
57	61	53	square-meter	they
57	62	53	square-meter	they
57	63	54	room	they
57	64	55	are	NA
57	65	56	lucky.	NA
57	66	56	lucky.	NA
57	67	57	They	NA
57	68	58	have	NA
57	69	59	escaped	NA
57	70	60	working	NA
57	71	61	in	NA
57	72	62	the	NA
57	73	63	factories	NA
57	74	64	opposite.	NA
57	75	64	opposite.	NA
57	76	65	For	NA
57	77	66	14	NA
57	78	67	years,	NA
57	79	67	years,	NA
57	80	68	SOHAY,	it,
57	81	68	SOHAY,	it,
57	82	68	SOHAY,	it,
57	83	68	SOHAY,	it,
57	84	69	a	it
57	85	70	non-governmental	it
57	86	70	non-governmental	it
57	87	70	non-governmental	it
57	88	71	organization	it
57	89	72	(NGO),	(it),
57	90	72	(NGO),	(it),
57	91	72	(NGO),	(it),
57	92	72	(NGO),	(it),
57	93	73	has	NA
57	94	74	worked	NA
57	95	75	in	NA
57	96	76	slums	NA
57	97	76	slums	NA
57	98	77	in	NA
57	99	78	Dhaka	it
57	100	78	Dhaka	it
57	101	79	to	NA
57	102	80	send	NA
57	103	81	child	them
57	104	82	workers	them
57	105	83	to	NA
57	106	84	school.	it.
57	107	84	school.	it.
57	108	85	It	NA
57	109	86	especially	NA
57	110	87	tries	NA
57	111	88	to	NA
57	112	89	help	NA
57	113	90	children	them.
57	114	91	who	them.
57	115	92	do	them.
57	116	93	dangerous	them.
57	117	94	work.	them.
57	118	94	work.	them.
57	119	95	The	It
57	120	96	classroom	It
57	121	97	is	NA
57	122	98	one	it.
57	123	99	of	it.
57	124	100	23	it.
57	125	101	centers	it.
57	126	102	that	it.
57	127	103	SOHAY	it.
57	128	103	SOHAY	it.
57	129	103	SOHAY	it.
57	130	104	has	it.
57	131	105	set	it.
57	132	106	up	it.
57	133	107	in	it.
57	134	108	Dhaka.	it.
57	135	108	Dhaka.	it.
57	136	108	Dhaka.	it.
57	137	109	The	NA
57	138	110	classes	NA
57	139	111	at	NA
57	140	112	the	they
57	141	113	centers	they
57	142	114	help	NA
57	143	115	children	them
57	144	116	enter	NA
57	145	117	primary	it.
57	146	118	school.	it.
57	147	118	school.	it.
57	148	119	When	NA
57	149	120	they	NA
57	150	121	are	NA
57	151	122	in	NA
57	152	123	school,	it,
57	153	123	school,	it,
57	154	124	the	they
57	155	125	children	they
57	156	126	get	NA
57	157	127	extra	NA
57	158	128	help	NA
57	159	129	with	NA
57	160	130	their	NA
57	161	131	homework	NA
57	162	132	at	NA
57	163	133	the	them.
57	164	134	centers.	them.
57	165	134	centers.	them.
57	166	135	Alamin,	He,
57	167	135	Alamin,	He,
57	168	135	Alamin,	He,
57	169	136	ten	NA
57	170	137	years	NA
57	171	138	old,	NA
57	172	138	old,	NA
57	173	139	used	NA
57	174	140	to	NA
57	175	141	work	NA
57	176	142	in	NA
57	177	143	a	it.
57	178	144	plastic	it.
57	179	145	factory.	it.
57	180	145	factory.	it.
57	181	146	He	NA
57	182	147	now	NA
57	183	148	goes	NA
57	184	149	to	NA
57	185	150	one	NA
57	186	151	of	NA
57	187	152	the	them.
57	188	153	centers.	them.
57	189	153	centers.	them.
57	190	154	His	They
57	191	155	parents	They
57	192	156	are	NA
57	193	157	happy	NA
57	194	158	that	NA
57	195	159	he's	NA
57	196	159	he's	NA
57	197	160	now	NA
57	198	161	in	NA
57	199	162	school	it
57	200	163	and	NA
57	201	164	not	NA
57	202	165	doing	NA
57	203	166	dangerous	it.
57	204	167	work.	it.
57	205	167	work.	it.
57	206	168	His	His
57	207	169	friend	His
57	208	170	Rabi	NA
57	209	170	Rabi	NA
57	210	171	says	NA
57	211	172	he	NA
57	212	173	wants	NA
57	213	174	to	NA
57	214	175	forget	NA
57	215	176	his	NA
57	216	177	past	NA
57	217	178	in	NA
57	218	179	the	it.
57	219	180	factory.	it.
57	220	180	factory.	it.
57	221	181	“I	NA
57	222	181	“I	NA
57	223	181	“I	NA
57	224	182	like	NA
57	225	183	school,”	it,”
57	226	183	school,”	it,”
57	227	183	school,”	it,”
57	228	183	school,”	it,”
57	229	184	he	NA
57	230	185	says.	NA
57	231	185	says.	NA
57	232	186	SOHAY	It
57	233	186	SOHAY	It
57	234	186	SOHAY	It
57	235	187	also	NA
57	236	188	has	NA
57	237	189	classes	NA
57	238	190	for	NA
57	239	191	parents	them
57	240	192	and	NA
57	241	193	employers	NA
57	242	194	to	NA
57	243	195	stop	NA
57	244	196	child	NA
57	245	197	labor.	NA
57	246	197	labor.	NA
57	247	198	“It	NA
57	248	198	“It	NA
57	249	198	“It	NA
57	250	199	can	NA
57	251	200	be	NA
57	252	201	very	NA
57	253	202	difficult	NA
57	254	203	for	NA
57	255	204	working	them
57	256	205	children	them
57	257	206	to	NA
57	258	207	go	NA
57	259	208	to	NA
57	260	209	school,”	it,”
57	261	209	school,”	it,”
57	262	209	school,”	it,”
57	263	209	school,”	it,”
57	264	210	says	NA
57	265	211	SOHAY's	he,
57	266	211	SOHAY's	he,
57	267	211	SOHAY's	he,
57	268	211	SOHAY's	he,
57	269	212	program	he,
57	270	213	manager,	he,
57	271	213	manager,	he,
57	272	214	Mohammed	he.
57	273	215	al-Mamun.	he.
57	274	215	al-Mamun.	he.
57	275	215	al-Mamun.	he.
57	276	215	al-Mamun.	he.
57	277	215	al-Mamun.	he.
57	278	215	al-Mamun.	he.
57	279	216	“They	NA
57	280	216	“They	NA
57	281	216	“They	NA
57	282	217	are	NA
57	283	218	not	NA
57	284	219	like	NA
57	285	220	other	NA
57	286	221	children.	NA
57	287	221	children.	NA
57	288	222	After	NA
57	289	223	they	NA
57	290	224	stop	NA
57	291	225	working,	NA
57	292	225	working,	NA
57	293	226	they	NA
57	294	227	sometimes	NA
57	295	228	find	NA
57	296	229	it	NA
57	297	230	difficult	NA
57	298	231	to	NA
57	299	232	make	NA
57	300	233	friends	NA
57	301	234	and	NA
57	302	235	adapt	NA
57	303	236	to	NA
57	304	237	school.”	it.”
57	305	237	school.”	it.”
57	306	237	school.”	it.”
57	307	237	school.”	it.”
57	308	238	It	NA
57	309	239	is	NA
57	310	240	also	NA
57	311	241	difficult	NA
57	312	242	to	it
57	313	243	make	it
57	314	244	sure	it
57	315	245	they	it
57	316	246	stay	it
57	317	247	in	it
57	318	248	school	it
57	319	249	–	NA
57	320	250	lots	NA
57	321	251	of	NA
57	322	252	these	they
57	323	253	children	they
57	324	254	don't	NA
57	325	254	don't	NA
57	326	255	finish	NA
57	327	256	school.	it.
57	328	256	school.	it.
57	329	257	Seven-year-old	She
57	330	257	Seven-year-old	She
57	331	257	Seven-year-old	She
57	332	257	Seven-year-old	She
57	333	257	Seven-year-old	She
57	334	258	Zhorna	She
57	335	258	Zhorna	She
57	336	258	Zhorna	She
57	337	259	Akter	She
57	338	259	Akter	She
57	339	260	Sumayya	She
57	340	260	Sumayya	She
57	341	260	Sumayya	She
57	342	261	has	NA
57	343	262	two	they
57	344	263	older	they
57	345	264	brothers	they
57	346	265	–	NA
57	347	266	they	NA
57	348	267	both	NA
57	349	268	work	NA
57	350	269	(one	NA
57	351	269	(one	NA
57	352	270	at	NA
57	353	271	a	NA
57	354	272	restaurant,	NA
57	355	272	restaurant,	NA
57	356	273	one	NA
57	357	274	at	NA
57	358	275	a	NA
57	359	276	local	NA
57	360	277	club).	NA
57	361	277	club).	NA
57	362	278	But,	NA
57	363	278	But,	NA
57	364	279	she	NA
57	365	280	went	NA
57	366	281	to	NA
57	367	282	a	NA
57	368	283	SOHAY	it
57	369	283	SOHAY	it
57	370	283	SOHAY	it
57	371	284	center	NA
57	372	285	and	NA
57	373	286	she	NA
57	374	287	now	NA
57	375	288	goes	NA
57	376	289	to	NA
57	377	290	school.	it.
57	378	290	school.	it.
57	379	291	Her	They
57	380	292	parents	They
57	381	293	need	NA
57	382	294	the	NA
57	383	295	money	NA
57	384	296	their	they
57	385	297	sons	they
57	386	298	make,	NA
57	387	298	make,	NA
57	388	299	but	NA
57	389	300	they	NA
57	390	301	want	NA
57	391	302	their	her
57	392	303	daughter	her
57	393	304	to	NA
57	394	305	go	NA
57	395	306	to	NA
57	396	307	school.	it.
57	397	307	school.	it.
57	398	308	In	NA
57	399	309	2015,	NA
57	400	309	2015,	NA
57	401	310	SOHAY	it
57	402	310	SOHAY	it
57	403	310	SOHAY	it
57	404	311	helped	NA
57	405	312	1,540	NA
57	406	312	1,540	NA
57	407	312	1,540	NA
57	408	313	children	NA
57	409	314	to	NA
57	410	315	leave	NA
57	411	316	dangerous	it
57	412	317	work	it
57	413	318	and	NA
57	414	319	helped	NA
57	415	320	2,125	them
57	416	320	2,125	them
57	417	320	2,125	them
57	418	321	more	them
57	419	322	children	them
57	420	323	–	NA
57	421	324	those	them
57	422	325	who	them
57	423	326	would	them
57	424	327	soon	them
57	425	328	start	them
57	426	329	work	them
57	427	330	–	NA
57	428	331	to	NA
57	429	332	go	NA
57	430	333	to	NA
57	431	334	school.	it.
57	432	334	school.	it.
57	433	335	About	NA
57	434	336	780	NA
57	435	337	more	NA
57	436	338	children	NA
57	437	339	are	NA
57	438	340	preparing	NA
57	439	341	to	NA
57	440	342	start	NA
57	441	343	school	it
57	442	344	in	NA
57	443	345	2017.	NA
57	444	345	2017.	NA
57	445	346	The	NA
57	446	347	Labor	NA
57	447	348	Law	NA
57	448	349	of	NA
57	449	350	Bangladesh	NA
57	450	351	2006	NA
57	451	352	does	NA
57	452	353	not	NA
57	453	354	allow	NA
57	454	355	children	NA
57	455	356	younger	NA
57	456	357	than	NA
57	457	358	14	NA
57	458	359	to	NA
57	459	360	work	NA
57	460	361	but	NA
57	461	362	UNICEF	NA
57	462	362	UNICEF	NA
57	463	362	UNICEF	NA
57	464	363	says	NA
57	465	364	that,	NA
57	466	364	that,	NA
57	467	365	in	NA
57	468	366	Bangladesh,	it,
57	469	366	Bangladesh,	it,
57	470	367	4.7	NA
57	471	367	4.7	NA
57	472	367	4.7	NA
57	473	368	million	NA
57	474	369	children	NA
57	475	370	younger	NA
57	476	371	than	NA
57	477	372	14	NA
57	478	373	are	NA
57	479	374	employed	NA
57	480	375	and	NA
57	481	376	1.3	NA
57	482	376	1.3	NA
57	483	376	1.3	NA
57	484	377	million	NA
57	485	378	children	NA
57	486	379	aged	NA
57	487	380	five	NA
57	488	381	to	NA
57	489	382	17	NA
57	490	383	do	NA
57	491	384	dangerous	NA
57	492	385	work.	NA
57	493	385	work.	NA
58	0	0	Angela	She
58	1	0	Angela	She
58	2	1	Erdmann	She
58	3	1	Erdmann	She
58	4	2	never	NA
58	5	3	knew	NA
58	6	4	her	him.
58	7	5	grandfather.	him.
58	8	5	grandfather.	him.
58	9	6	He	NA
58	10	7	died	NA
58	11	8	in	NA
58	12	9	1946,	NA
58	13	9	1946,	NA
58	14	10	six	NA
58	15	11	years	NA
58	16	12	before	NA
58	17	13	she	NA
58	18	14	was	NA
58	19	15	born.	NA
58	20	15	born.	NA
58	21	16	But,	NA
58	22	16	But,	NA
58	23	17	on	NA
58	24	18	Tuesday	NA
58	25	19	8th	NA
58	26	19	8th	NA
58	27	20	April,	NA
58	28	20	April,	NA
58	29	21	2014,	she,
58	30	21	2014,	she,
58	31	22	she	NA
58	32	23	described	NA
58	33	24	the	NA
58	34	25	extraordinary	NA
58	35	26	moment	NA
58	36	27	when	NA
58	37	28	she	NA
58	38	29	received	NA
58	39	30	a	it,
58	40	31	message	it,
58	41	32	in	it,
58	42	33	a	it,
58	43	34	bottle,	it,
58	44	34	bottle,	it,
58	45	35	101	NA
58	46	36	years	NA
58	47	37	after	NA
58	48	38	he	NA
58	49	39	had	NA
58	50	40	lobbed	NA
58	51	40	lobbed	NA
58	52	41	it	NA
58	53	42	into	NA
58	54	43	the	it.
58	55	44	Baltic	it.
58	56	45	Sea.	it.
58	57	45	Sea.	it.
58	58	46	Thought	NA
58	59	47	to	NA
58	60	48	be	NA
58	61	49	the	it,
58	62	50	world's	it,
58	63	50	world's	it,
58	64	51	oldest	it,
58	65	52	message	it,
58	66	53	in	it,
58	67	54	a	it,
58	68	55	bottle,	it,
58	69	55	bottle,	it,
58	70	56	it	NA
58	71	57	was	NA
58	72	58	presented	NA
58	73	59	to	NA
58	74	60	Erdmann	her
58	75	60	Erdmann	her
58	76	61	by	NA
58	77	62	the	NA
58	78	63	museum	NA
58	79	64	that	NA
58	80	65	is	NA
58	81	66	now	NA
58	82	67	exhibiting	NA
58	83	68	it	NA
58	84	69	in	NA
58	85	70	Germany.	NA
58	86	70	Germany.	NA
58	87	71	“It	NA
58	88	71	“It	NA
58	89	71	“It	NA
58	90	72	was	NA
58	91	73	very	NA
58	92	74	surprising,”	NA
58	93	74	surprising,”	NA
58	94	74	surprising,”	NA
58	95	74	surprising,”	NA
58	96	75	Angela	she,
58	97	76	Erdmann,	she,
58	98	76	Erdmann,	she,
58	99	76	Erdmann,	she,
58	100	77	62,	NA
58	101	77	62,	NA
58	102	78	said,	NA
58	103	78	said,	NA
58	104	79	recalling	NA
58	105	80	how	NA
58	106	81	she	NA
58	107	82	found	NA
58	108	83	out	NA
58	109	84	about	NA
58	110	85	the	it.
58	111	86	bottle.	it.
58	112	86	bottle.	it.
58	113	87	“A	“He
58	114	87	“A	“He
58	115	87	“A	“He
58	116	88	man	“He
58	117	89	stood	NA
58	118	90	at	NA
58	119	91	my	NA
58	120	92	door	NA
58	121	93	and	NA
58	122	94	told	NA
58	123	95	me	NA
58	124	96	he	NA
58	125	97	had	NA
58	126	98	post	NA
58	127	99	from	NA
58	128	100	my	my.
58	129	101	grandfather.	my.
58	130	101	grandfather.	my.
58	131	102	He	NA
58	132	103	then	NA
58	133	104	told	NA
58	134	105	me	NA
58	135	106	that	NA
58	136	107	a	it
58	137	108	message	it
58	138	109	in	it
58	139	110	a	it
58	140	111	bottle	it
58	141	112	had	NA
58	142	113	been	NA
58	143	114	found	NA
58	144	115	and	NA
58	145	116	that	NA
58	146	117	the	it
58	147	118	name	it
58	148	119	that	it
58	149	120	was	it
58	150	121	on	it
58	151	122	the	it
58	152	123	card	it
58	153	124	was	NA
58	154	125	that	it.”
58	155	126	of	it.”
58	156	127	my	it.”
58	157	128	grandfather.”	it.”
58	158	128	grandfather.”	it.”
58	159	128	grandfather.”	it.”
58	160	128	grandfather.”	it.”
58	161	129	Her	he
58	162	130	visitor	he
58	163	131	was	NA
58	164	132	a	she.
58	165	133	genealogical	she.
58	166	133	genealogical	she.
58	167	133	genealogical	she.
58	168	134	researcher	she.
58	169	135	who	she.
58	170	136	had	she.
58	171	137	managed	she.
58	172	138	to	she.
58	173	139	track	she.
58	174	140	her	she.
58	175	141	down	she.
58	176	142	in	she.
58	177	143	Berlin	she.
58	178	144	after	she.
58	179	145	the	she.
58	180	146	letter	she.
58	181	147	was	she.
58	182	148	given	she.
58	183	149	to	she.
58	184	150	the	she.
58	185	151	International	she.
58	186	152	Maritime	she.
58	187	153	Museum	she.
58	188	154	in	she.
58	189	155	the	she.
58	190	156	northern	she.
58	191	157	port	she.
58	192	158	city	she.
58	193	159	of	she.
58	194	160	Hamburg.	she.
58	195	160	Hamburg.	she.
58	196	161	The	It,
58	197	162	brown	It,
58	198	163	beer	It,
58	199	164	bottle,	It,
58	200	164	bottle,	It,
58	201	165	which	It,
58	202	166	had	It,
58	203	167	been	It,
58	204	168	in	It,
58	205	169	the	It,
58	206	170	water	It,
58	207	171	for	It,
58	208	172	101	It,
58	209	173	years,	It,
58	210	173	years,	It,
58	211	174	was	NA
58	212	175	found	NA
58	213	176	in	NA
58	214	177	the	NA
58	215	178	catch	NA
58	216	179	of	NA
58	217	180	Konrad	his,
58	218	180	Konrad	his,
58	219	181	Fischer,	his,
58	220	181	Fischer,	his,
58	221	182	a	he,
58	222	183	fisherman,	he,
58	223	183	fisherman,	he,
58	224	184	who	NA
58	225	185	had	NA
58	226	186	been	NA
58	227	187	out	NA
58	228	188	in	NA
58	229	189	the	it
58	230	190	Baltic	it
58	231	191	Sea	it
58	232	192	off	NA
58	233	193	the	NA
58	234	194	northern	NA
58	235	195	city	NA
58	236	196	of	NA
58	237	197	Kiel.	NA
58	238	197	Kiel.	NA
58	239	197	Kiel.	NA
58	240	198	Holger	He,
58	241	198	Holger	He,
58	242	199	von	He,
58	243	200	Neuhoff,	He,
58	244	200	Neuhoff,	He,
58	245	200	Neuhoff,	He,
58	246	200	Neuhoff,	He,
58	247	201	curator	he,
58	248	202	for	he,
58	249	203	ocean	he,
58	250	204	and	he,
58	251	205	science	he,
58	252	206	at	he,
58	253	207	the	he,
58	254	208	museum,	he,
58	255	208	museum,	he,
58	256	209	said	NA
58	257	210	this	it
58	258	211	bottled	it
58	259	212	message	it
58	260	213	was	NA
58	261	214	the	it.
58	262	215	oldest	it.
58	263	216	he	it.
58	264	217	had	it.
58	265	218	come	it.
58	266	219	across.	it.
58	267	219	across.	it.
58	268	220	“There	NA
58	269	220	“There	NA
58	270	220	“There	NA
58	271	221	are	NA
58	272	222	documents	NA
58	273	223	that	NA
58	274	224	have	NA
58	275	225	been	NA
58	276	226	found	NA
58	277	227	without	NA
58	278	228	the	it
58	279	229	bottle	it
58	280	230	that	NA
58	281	231	are	NA
58	282	232	older	NA
58	283	233	and	NA
58	284	234	are	NA
58	285	235	in	NA
58	286	236	the	it,”
58	287	237	museum,”	it,”
58	288	237	museum,”	it,”
58	289	237	museum,”	it,”
58	290	237	museum,”	it,”
58	291	238	he	NA
58	292	239	said.	NA
58	293	239	said.	NA
58	294	240	“But,	NA
58	295	240	“But,	NA
58	296	240	“But,	NA
58	297	240	“But,	NA
58	298	241	with	NA
58	299	242	the	it
58	300	243	bottle	it
58	301	244	and	NA
58	302	245	the	it,
58	303	246	document,	it,
58	304	246	document,	it,
58	305	247	this	NA
58	306	248	is	NA
58	307	249	certainly	NA
58	308	250	the	it
58	309	251	oldest	it
58	310	252	at	NA
58	311	253	the	NA
58	312	254	moment.	NA
58	313	254	moment.	NA
58	314	255	It	NA
58	315	256	is	NA
58	316	257	in	NA
58	317	258	extremely	NA
58	318	259	good	NA
58	319	260	condition.”	NA
58	320	260	condition.”	NA
58	321	260	condition.”	NA
58	322	260	condition.”	NA
58	323	261	Researchers	NA
58	324	262	believe	NA
58	325	263	Erdmann's	he,
58	326	263	Erdmann's	he,
58	327	263	Erdmann's	he,
58	328	264	grandfather,	he,
58	329	264	grandfather,	he,
58	330	265	Richard	he,
58	331	266	Platz,	he,
58	332	266	Platz,	he,
58	333	266	Platz,	he,
58	334	267	threw	NA
58	335	268	the	it
58	336	269	bottle	it
58	337	270	in	NA
58	338	271	the	it
58	339	272	sea	it
58	340	273	while	NA
58	341	274	on	NA
58	342	275	a	NA
58	343	276	hike	NA
58	344	277	with	NA
58	345	278	a	NA
58	346	279	nature	NA
58	347	280	appreciation	NA
58	348	281	group	NA
58	349	282	in	NA
58	350	283	1913.	it.
58	351	283	1913.	it.
58	352	284	He	NA
58	353	285	was	NA
58	354	286	20	NA
58	355	287	years	NA
58	356	288	old	NA
58	357	289	at	NA
58	358	290	the	it.
58	359	291	time.	it.
58	360	291	time.	it.
58	361	292	Much	NA
58	362	293	of	NA
58	363	294	the	it
58	364	295	postcard	it
58	365	295	postcard	it
58	366	296	was	NA
58	367	297	indecipherable,	NA
58	368	297	indecipherable,	NA
58	369	297	indecipherable,	NA
58	370	297	indecipherable,	NA
58	371	298	although	NA
58	372	299	the	NA
58	373	300	address	NA
58	374	301	in	NA
58	375	302	Berlin	it
58	376	303	on	NA
58	377	304	the	NA
58	378	305	front	NA
58	379	306	of	NA
58	380	307	the	it
58	381	308	card	it
58	382	309	was	NA
58	383	310	legible,	NA
58	384	310	legible,	NA
58	385	310	legible,	NA
58	386	311	as	NA
58	387	312	was	NA
58	388	313	the	his
58	389	314	author's	his
58	390	314	author's	his
58	391	315	polite	NA
58	392	316	request	NA
58	393	317	that	NA
58	394	318	the	it
58	395	319	note	it
58	396	320	be	NA
58	397	321	sent	NA
58	398	322	by	NA
58	399	323	the	they
58	400	324	finder	they
58	401	324	finder	they
58	402	325	to	NA
58	403	326	his	NA
58	404	327	home	NA
58	405	328	address.	NA
58	406	328	address.	NA
58	407	329	“He	NA
58	408	329	“He	NA
58	409	329	“He	NA
58	410	330	also	NA
58	411	331	included	NA
58	412	332	two	NA
58	413	333	stamps	NA
58	414	334	from	NA
58	415	335	that	it
58	416	336	time	it
58	417	337	that	NA
58	418	338	were	NA
58	419	339	also	NA
58	420	340	in	NA
58	421	341	the	it,
58	422	342	bottle,	it,
58	423	342	bottle,	it,
58	424	343	so	NA
58	425	344	the	he
58	426	345	finder	he
58	427	345	finder	he
58	428	346	would	NA
58	429	347	not	NA
58	430	348	incur	NA
58	431	349	a	NA
58	432	350	cost,”	NA
58	433	350	cost,”	NA
58	434	350	cost,”	NA
58	435	350	cost,”	NA
58	436	351	Erdmann	he
58	437	351	Erdmann	he
58	438	352	said.	NA
58	439	352	said.	NA
58	440	353	“But	NA
58	441	353	“But	NA
58	442	353	“But	NA
58	443	354	he	NA
58	444	355	did	NA
58	445	356	not	NA
58	446	357	think	NA
58	447	358	it	NA
58	448	359	would	NA
58	449	360	take	NA
58	450	361	101	NA
58	451	362	years.”	NA
58	452	362	years.”	NA
58	453	362	years.”	NA
58	454	362	years.”	NA
58	455	363	She	NA
58	456	364	said	NA
58	457	365	she	NA
58	458	366	was	NA
58	459	367	moved	NA
58	460	368	by	NA
58	461	369	the	NA
58	462	370	arrival	NA
58	463	371	of	NA
58	464	372	the	it,
58	465	373	message,	it,
58	466	373	message,	it,
58	467	374	although	NA
58	468	375	she	NA
58	469	376	had	NA
58	470	377	not	NA
58	471	378	known	NA
58	472	379	her	him
58	473	380	grandfather	him
58	474	381	because	NA
58	475	382	he	NA
58	476	383	died,	NA
58	477	383	died,	NA
58	478	384	at	NA
58	479	385	the	NA
58	480	386	age	NA
58	481	387	of	NA
58	482	388	54,	NA
58	483	388	54,	NA
58	484	389	six	NA
58	485	390	years	NA
58	486	391	before	NA
58	487	392	she	NA
58	488	393	was	NA
58	489	394	born.	NA
58	490	394	born.	NA
58	491	395	“I	NA
58	492	395	“I	NA
58	493	395	“I	NA
58	494	396	knew	NA
58	495	397	very	NA
58	496	398	little	NA
58	497	399	about	NA
58	498	400	my	him,
58	499	401	grandfather,	him,
58	500	401	grandfather,	him,
58	501	402	but	NA
58	502	403	I	NA
58	503	404	found	NA
58	504	405	out	NA
58	505	406	that	NA
58	506	407	he	NA
58	507	408	was	NA
58	508	409	a	it,”
58	509	410	writer	it,”
58	510	411	who	it,”
58	511	412	was	it,”
58	512	413	very	it,”
58	513	414	open-minded,	it,”
58	514	414	open-minded,	it,”
58	515	414	open-minded,	it,”
58	516	414	open-minded,	it,”
58	517	415	and	it,”
58	518	416	believed	it,”
58	519	417	in	it,”
58	520	418	freedom	it,”
58	521	419	and	it,”
58	522	420	that	it,”
58	523	421	everyone	it,”
58	524	422	should	it,”
58	525	423	respect	it,”
58	526	424	each	it,”
58	527	425	other,”	it,”
58	528	425	other,”	it,”
58	529	425	other,”	it,”
58	530	425	other,”	it,”
58	531	426	she	NA
58	532	427	said.	NA
58	533	427	said.	NA
58	534	428	“He	NA
58	535	428	“He	NA
58	536	428	“He	NA
58	537	429	did	NA
58	538	430	a	NA
58	539	431	lot	NA
58	540	432	for	NA
58	541	433	the	NA
58	542	434	young	NA
58	543	435	and	NA
58	544	436	later	NA
58	545	437	traveled	NA
58	546	438	with	NA
58	547	439	his	NA
58	548	440	wife	NA
58	549	441	and	NA
58	550	442	two	them.
58	551	443	daughters.	them.
58	552	443	daughters.	them.
58	553	444	It	NA
58	554	445	was	NA
58	555	446	wonderful	NA
58	556	447	because	NA
58	557	448	I	NA
58	558	449	could	NA
58	559	450	see	NA
58	560	451	where	NA
58	561	452	my	NA
58	562	453	roots	NA
58	563	454	came	NA
58	564	455	from.”	NA
58	565	455	from.”	NA
58	566	455	from.”	NA
58	567	455	from.”	NA
58	568	456	Like	NA
58	569	457	her	him,
58	570	458	grandfather,	him,
58	571	458	grandfather,	him,
58	572	459	Erdmann	she
58	573	459	Erdmann	she
58	574	460	said,	NA
58	575	460	said,	NA
58	576	461	she	NA
58	577	462	also	NA
58	578	463	liked	NA
58	579	464	culture	NA
58	580	465	and	NA
58	581	466	traveling	NA
58	582	467	around	NA
58	583	468	the	it.
58	584	469	world.	it.
58	585	469	world.	it.
58	586	470	She	NA
58	587	471	described	NA
58	588	472	herself	NA
58	589	473	as	NA
58	590	474	open-minded,	NA
58	591	474	open-minded,	NA
58	592	474	open-minded,	NA
58	593	474	open-minded,	NA
58	594	475	too.	NA
58	595	475	too.	NA
58	596	476	“What	NA
58	597	476	“What	NA
58	598	476	“What	NA
58	599	477	he	NA
58	600	478	taught	NA
58	601	479	his	them,
58	602	480	two	them,
58	603	481	daughters,	them,
58	604	481	daughters,	them,
58	605	482	my	NA
58	606	483	mother	NA
58	607	484	taught	NA
58	608	485	me	NA
58	609	486	and	NA
58	610	487	I	NA
58	611	488	have	NA
58	612	489	then	NA
58	613	490	given	NA
58	614	491	to	NA
58	615	492	my	NA
58	616	493	sons,”	NA
58	617	493	sons,”	NA
58	618	493	sons,”	NA
58	619	493	sons,”	NA
58	620	494	she	NA
58	621	495	said.	NA
58	622	495	said.	NA
58	623	496	Despite	NA
58	624	497	her	NA
58	625	498	joy	NA
58	626	499	at	NA
58	627	500	receiving	NA
58	628	501	the	it,
58	629	502	bottled	it,
58	630	503	message,	it,
58	631	503	message,	it,
58	632	504	she	NA
58	633	505	said	NA
58	634	506	that	NA
58	635	507	she	NA
58	636	508	hoped	NA
58	637	509	others	NA
58	638	510	would	NA
58	639	511	not	NA
58	640	512	repeat	NA
58	641	513	what	NA
58	642	514	her	he
58	643	515	grandfather	he
58	644	516	had	NA
58	645	517	done	NA
58	646	518	and	NA
58	647	519	throw	NA
58	648	520	bottles	NA
58	649	521	with	NA
58	650	522	messages	NA
58	651	523	into	NA
58	652	524	the	it.
58	653	525	sea.	it.
58	654	525	sea.	it.
58	655	526	“Today,	NA
58	656	526	“Today,	NA
58	657	526	“Today,	NA
58	658	526	“Today,	NA
58	659	527	the	it
58	660	528	sea	it
58	661	529	is	NA
58	662	530	so	NA
58	663	531	full	NA
58	664	532	of	NA
58	665	533	so	NA
58	666	534	many	NA
58	667	535	bottles	NA
58	668	536	and	NA
58	669	537	rubbish	NA
58	670	538	that	NA
58	671	539	more	NA
58	672	540	shouldn't	NA
58	673	540	shouldn't	NA
58	674	541	be	NA
58	675	542	thrown	NA
58	676	543	in	NA
58	677	544	there,“	NA
58	678	544	there,“	NA
58	679	544	there,“	NA
58	680	544	there,“	NA
58	681	545	she	NA
58	682	546	said.	NA
58	683	546	said.	NA
58	684	547	The	It
58	685	548	message	It
58	686	549	and	NA
58	687	550	the	it
58	688	551	bottle	it
58	689	552	will	NA
58	690	553	be	NA
58	691	554	on	NA
58	692	555	display	NA
58	693	556	at	NA
58	694	557	Hamburg's	it
58	695	557	Hamburg's	it
58	696	558	Maritime	it
58	697	559	Museum	it
58	698	560	until	NA
58	699	561	the	NA
58	700	562	beginning	NA
58	701	563	of	NA
58	702	564	May	NA
58	703	565	2014,	it,
58	704	565	2014,	it,
58	705	566	after	NA
58	706	567	which	NA
58	707	568	experts	NA
58	708	569	will	NA
58	709	570	attempt	NA
58	710	571	to	NA
58	711	572	decipher	NA
58	712	573	the	NA
58	713	574	rest	NA
58	714	575	of	NA
58	715	576	the	it.
58	716	577	text.	it.
58	717	577	text.	it.
58	718	578	It	NA
58	719	579	is	NA
58	720	580	not	NA
58	721	581	clear	NA
58	722	582	what	NA
58	723	583	will	NA
58	724	584	then	NA
58	725	585	happen	NA
58	726	586	to	NA
58	727	587	the	it,
58	728	588	bottle,	it,
58	729	588	bottle,	it,
58	730	589	but	NA
58	731	590	Erdmann	he
58	732	590	Erdmann	he
58	733	591	hopes	NA
58	734	592	it	NA
58	735	593	will	NA
58	736	594	stay	NA
58	737	595	at	NA
58	738	596	the	it.
58	739	597	museum.	it.
58	740	597	museum.	it.
58	741	598	“We	NA
58	742	598	“We	NA
58	743	598	“We	NA
58	744	599	want	NA
58	745	600	to	NA
58	746	601	make	NA
58	747	602	a	NA
58	748	603	few	NA
58	749	604	photos	NA
58	750	605	available	NA
58	751	606	to	NA
58	752	607	put	NA
58	753	608	with	NA
58	754	609	the	it
58	755	610	bottle	it
58	756	611	and	NA
58	757	612	give	NA
58	758	613	it	NA
58	759	614	a	NA
58	760	615	face,	NA
58	761	615	face,	NA
58	762	616	so	NA
58	763	617	visitors	NA
58	764	618	can	NA
58	765	619	see	NA
58	766	620	the	him,”
58	767	621	young	him,”
58	768	622	man	him,”
58	769	623	who	him,”
58	770	624	threw	him,”
58	771	625	the	him,”
58	772	626	bottle	him,”
58	773	627	into	him,”
58	774	628	the	him,”
58	775	629	water,”	him,”
58	776	629	water,”	him,”
58	777	629	water,”	him,”
58	778	629	water,”	him,”
58	779	630	she	NA
58	780	631	said.	NA
58	781	631	said.	NA
59	0	0	Angela	She
59	1	0	Angela	She
59	2	1	Erdmann	She
59	3	1	Erdmann	She
59	4	2	never	NA
59	5	3	knew	NA
59	6	4	her	him.
59	7	5	grandfather.	him.
59	8	5	grandfather.	him.
59	9	6	He	NA
59	10	7	died	NA
59	11	8	in	NA
59	12	9	1946,	NA
59	13	9	1946,	NA
59	14	10	six	NA
59	15	11	years	NA
59	16	12	before	NA
59	17	13	she	NA
59	18	14	was	NA
59	19	15	born.	NA
59	20	15	born.	NA
59	21	16	But,	NA
59	22	16	But,	NA
59	23	17	on	NA
59	24	18	Tuesday	NA
59	25	19	April	NA
59	26	20	28th,	NA
59	27	20	28th,	NA
59	28	20	28th,	NA
59	29	21	2014,	she,
59	30	21	2014,	she,
59	31	22	she	NA
59	32	23	described	NA
59	33	24	the	NA
59	34	25	extraordinary	NA
59	35	26	moment	NA
59	36	27	when	NA
59	37	28	she	NA
59	38	29	received	NA
59	39	30	a	it,
59	40	31	message	it,
59	41	32	in	it,
59	42	33	a	it,
59	43	34	bottle,	it,
59	44	34	bottle,	it,
59	45	35	101	NA
59	46	36	years	NA
59	47	37	after	NA
59	48	38	he	NA
59	49	39	threw	NA
59	50	40	it	NA
59	51	41	into	NA
59	52	42	the	it.
59	53	43	Baltic	it.
59	54	44	Sea.	it.
59	55	44	Sea.	it.
59	56	45	The	It
59	57	46	bottle	It
59	58	47	is	NA
59	59	48	possibly	NA
59	60	49	the	it.
59	61	50	world's	it.
59	62	50	world's	it.
59	63	51	oldest	it.
59	64	52	message	it.
59	65	53	in	it.
59	66	54	a	it.
59	67	55	bottle.	it.
59	68	55	bottle.	it.
59	69	56	It	NA
59	70	57	was	NA
59	71	58	presented	NA
59	72	59	to	NA
59	73	60	Erdmann	her
59	74	60	Erdmann	her
59	75	61	by	NA
59	76	62	the	it.
59	77	63	museum	it.
59	78	64	that	it.
59	79	65	is	it.
59	80	66	now	it.
59	81	67	exhibiting	it.
59	82	68	it	it.
59	83	69	in	it.
59	84	70	Germany.	it.
59	85	70	Germany.	it.
59	86	71	“It	NA
59	87	71	“It	NA
59	88	71	“It	NA
59	89	72	was	NA
59	90	73	very	NA
59	91	74	surprising,”	NA
59	92	74	surprising,”	NA
59	93	74	surprising,”	NA
59	94	74	surprising,”	NA
59	95	75	Angela	she,
59	96	76	Erdmann,	she,
59	97	76	Erdmann,	she,
59	98	76	Erdmann,	she,
59	99	77	62,	NA
59	100	77	62,	NA
59	101	78	said,	NA
59	102	78	said,	NA
59	103	79	when	NA
59	104	80	she	NA
59	105	81	described	NA
59	106	82	how	NA
59	107	83	she	NA
59	108	84	found	NA
59	109	85	out	NA
59	110	86	about	NA
59	111	87	the	it.
59	112	88	bottle.	it.
59	113	88	bottle.	it.
59	114	89	“A	“He
59	115	89	“A	“He
59	116	89	“A	“He
59	117	90	man	“He
59	118	91	came	NA
59	119	92	to	NA
59	120	93	my	NA
59	121	94	door	NA
59	122	95	and	NA
59	123	96	told	NA
59	124	97	me	NA
59	125	98	he	NA
59	126	99	had	NA
59	127	100	post	NA
59	128	101	from	NA
59	129	102	my	my.
59	130	103	grandfather.	my.
59	131	103	grandfather.	my.
59	132	104	Then,	NA
59	133	104	Then,	NA
59	134	105	he	NA
59	135	106	told	NA
59	136	107	me	NA
59	137	108	that	NA
59	138	109	someone	NA
59	139	110	had	NA
59	140	111	found	NA
59	141	112	a	it
59	142	113	message	it
59	143	114	in	it
59	144	115	a	it
59	145	116	bottle	it
59	146	117	and	NA
59	147	118	that	NA
59	148	119	on	NA
59	149	120	the	it
59	150	121	card	it
59	151	122	was	NA
59	152	123	my	his
59	153	124	grandfather's	his
59	154	124	grandfather's	his
59	155	125	name.”	NA
59	156	125	name.”	NA
59	157	125	name.”	NA
59	158	125	name.”	NA
59	159	126	Her	he
59	160	127	visitor	he
59	161	128	was	NA
59	162	129	a	she.
59	163	130	family-tree	she.
59	164	130	family-tree	she.
59	165	130	family-tree	she.
59	166	131	researcher	she.
59	167	132	who	she.
59	168	133	found	she.
59	169	134	her	she.
59	170	135	in	she.
59	171	136	Berlin	she.
59	172	137	after	she.
59	173	138	someone	she.
59	174	139	gave	she.
59	175	140	the	she.
59	176	141	letter	she.
59	177	142	to	she.
59	178	143	a	she.
59	179	144	museum	she.
59	180	145	in	she.
59	181	146	the	she.
59	182	147	northern	she.
59	183	148	city	she.
59	184	149	of	she.
59	185	150	Hamburg.	she.
59	186	150	Hamburg.	she.
59	187	151	The	It
59	188	152	brown	It
59	189	153	beer	It
59	190	154	bottle	It
59	191	155	was	NA
59	192	156	in	NA
59	193	157	the	it
59	194	158	water	it
59	195	159	for	NA
59	196	160	101	it.
59	197	161	years.	it.
59	198	161	years.	it.
59	199	162	A	NA
59	200	163	fisherman	NA
59	201	164	found	NA
59	202	165	it	NA
59	203	166	in	NA
59	204	167	the	it
59	205	168	Baltic	it
59	206	169	Sea	it
59	207	170	off	NA
59	208	171	the	NA
59	209	172	northern	NA
59	210	173	city	NA
59	211	174	of	NA
59	212	175	Kiel.	NA
59	213	175	Kiel.	NA
59	214	175	Kiel.	NA
59	215	176	Holger	He,
59	216	176	Holger	He,
59	217	177	von	He,
59	218	178	Neuhoff,	He,
59	219	178	Neuhoff,	He,
59	220	178	Neuhoff,	He,
59	221	178	Neuhoff,	He,
59	222	179	a	he,
59	223	180	curator	he,
59	224	181	at	he,
59	225	182	the	he,
59	226	183	museum,	he,
59	227	183	museum,	he,
59	228	184	said	NA
59	229	185	this	it
59	230	186	bottled	it
59	231	187	message	it
59	232	188	was	NA
59	233	189	the	it.
59	234	190	oldest	it.
59	235	191	he	it.
59	236	192	had	it.
59	237	193	ever	it.
59	238	194	seen.	it.
59	239	194	seen.	it.
59	240	195	“There	NA
59	241	195	“There	NA
59	242	195	“There	NA
59	243	196	are	NA
59	244	197	documents	they
59	245	198	without	they
59	246	199	the	they
59	247	200	bottle	they
59	248	201	that	they
59	249	202	are	they
59	250	203	older	they
59	251	204	and	NA
59	252	205	they	NA
59	253	206	are	NA
59	254	207	in	NA
59	255	208	the	it,”
59	256	209	museum,”	it,”
59	257	209	museum,”	it,”
59	258	209	museum,”	it,”
59	259	209	museum,”	it,”
59	260	210	he	NA
59	261	211	said.	NA
59	262	211	said.	NA
59	263	212	“But,	NA
59	264	212	“But,	NA
59	265	212	“But,	NA
59	266	212	“But,	NA
59	267	213	with	NA
59	268	214	the	it
59	269	215	bottle	it
59	270	216	and	NA
59	271	217	the	it,
59	272	218	document,	it,
59	273	218	document,	it,
59	274	219	this	NA
59	275	220	is	NA
59	276	221	certainly	NA
59	277	222	the	it
59	278	223	oldest	it
59	279	224	at	NA
59	280	225	the	NA
59	281	226	moment.	NA
59	282	226	moment.	NA
59	283	227	It	NA
59	284	228	is	NA
59	285	229	in	NA
59	286	230	very	NA
59	287	231	good	NA
59	288	232	condition.”	NA
59	289	232	condition.”	NA
59	290	232	condition.”	NA
59	291	232	condition.”	NA
59	292	233	Researchers	NA
59	293	234	believe	NA
59	294	235	that	NA
59	295	236	Erdmann's	he,
59	296	236	Erdmann's	he,
59	297	236	Erdmann's	he,
59	298	237	grandfather,	he,
59	299	237	grandfather,	he,
59	300	238	Richard	he,
59	301	239	Platz,	he,
59	302	239	Platz,	he,
59	303	239	Platz,	he,
59	304	240	threw	NA
59	305	241	the	it
59	306	242	bottle	it
59	307	243	into	NA
59	308	244	the	it
59	309	245	sea	it
59	310	246	when	NA
59	311	247	he	NA
59	312	248	was	NA
59	313	249	on	NA
59	314	250	a	NA
59	315	251	hike	NA
59	316	252	in	NA
59	317	253	1913.	it.
59	318	253	1913.	it.
59	319	254	He	NA
59	320	255	was	NA
59	321	256	20	NA
59	322	257	years	NA
59	323	258	old	NA
59	324	259	at	NA
59	325	260	the	it.
59	326	261	time.	it.
59	327	261	time.	it.
59	328	262	A	NA
59	329	263	lot	NA
59	330	264	of	NA
59	331	265	the	NA
59	332	266	message	NA
59	333	267	on	NA
59	334	268	the	it
59	335	269	postcard	it
59	336	269	postcard	it
59	337	270	was	NA
59	338	271	impossible	NA
59	339	272	to	NA
59	340	273	read,	NA
59	341	273	read,	NA
59	342	274	but	NA
59	343	275	the	NA
59	344	276	address	NA
59	345	277	in	NA
59	346	278	Berlin	it
59	347	279	on	NA
59	348	280	the	NA
59	349	281	front	NA
59	350	282	of	NA
59	351	283	the	it
59	352	284	card	it
59	353	285	was	NA
59	354	286	legible.	NA
59	355	286	legible.	NA
59	356	286	legible.	NA
59	357	287	Platz	He
59	358	287	Platz	He
59	359	288	asked	NA
59	360	289	the	him
59	361	290	person	him
59	362	291	who	him
59	363	292	found	him
59	364	293	it	him
59	365	294	to	NA
59	366	295	send	NA
59	367	296	the	it
59	368	297	postcard	it
59	369	297	postcard	it
59	370	298	to	NA
59	371	299	his	NA
59	372	300	home	NA
59	373	301	address.	NA
59	374	301	address.	NA
59	375	302	“He	NA
59	376	302	“He	NA
59	377	302	“He	NA
59	378	303	also	NA
59	379	304	included	NA
59	380	305	two	NA
59	381	306	stamps	NA
59	382	307	from	NA
59	383	308	that	it
59	384	309	time	it
59	385	310	that	NA
59	386	311	were	NA
59	387	312	also	NA
59	388	313	in	NA
59	389	314	the	it,
59	390	315	bottle,	it,
59	391	315	bottle,	it,
59	392	316	so	NA
59	393	317	the	NA
59	394	318	finder	NA
59	395	318	finder	NA
59	396	319	would	NA
59	397	320	not	NA
59	398	321	have	NA
59	399	322	to	NA
59	400	323	pay	NA
59	401	324	for	NA
59	402	325	postage,”	NA
59	403	325	postage,”	NA
59	404	325	postage,”	NA
59	405	325	postage,”	NA
59	406	326	Erdmann	he
59	407	326	Erdmann	he
59	408	327	said.	NA
59	409	327	said.	NA
59	410	328	“But	NA
59	411	328	“But	NA
59	412	328	“But	NA
59	413	329	he	NA
59	414	330	did	NA
59	415	331	not	NA
59	416	332	think	NA
59	417	333	it	NA
59	418	334	would	NA
59	419	335	take	NA
59	420	336	101	it.”
59	421	337	years.”	it.”
59	422	337	years.”	it.”
59	423	337	years.”	it.”
59	424	337	years.”	it.”
59	425	338	She	NA
59	426	339	said	NA
59	427	340	she	NA
59	428	341	was	NA
59	429	342	moved	NA
59	430	343	by	NA
59	431	344	the	NA
59	432	345	arrival	NA
59	433	346	of	NA
59	434	347	the	it,
59	435	348	message,	it,
59	436	348	message,	it,
59	437	349	but	NA
59	438	350	she	NA
59	439	351	did	NA
59	440	352	not	NA
59	441	353	know	NA
59	442	354	her	him
59	443	355	grandfather	him
59	444	356	because	NA
59	445	357	he	NA
59	446	358	died,	NA
59	447	358	died,	NA
59	448	359	at	NA
59	449	360	the	NA
59	450	361	age	NA
59	451	362	of	NA
59	452	363	54,	NA
59	453	363	54,	NA
59	454	364	six	NA
59	455	365	years	NA
59	456	366	before	NA
59	457	367	she	NA
59	458	368	was	NA
59	459	369	born.	NA
59	460	369	born.	NA
59	461	370	“I	NA
59	462	370	“I	NA
59	463	370	“I	NA
59	464	371	knew	NA
59	465	372	very	NA
59	466	373	little	NA
59	467	374	about	NA
59	468	375	my	him.
59	469	376	grandfather.	him.
59	470	376	grandfather.	him.
59	471	377	But	NA
59	472	378	I	NA
59	473	379	found	NA
59	474	380	out	NA
59	475	381	that	NA
59	476	382	he	NA
59	477	383	was	NA
59	478	384	a	it.
59	479	385	writer.	it.
59	480	385	writer.	it.
59	481	386	He	NA
59	482	387	was	NA
59	483	388	very	NA
59	484	389	open-minded,	NA
59	485	389	open-minded,	NA
59	486	389	open-minded,	NA
59	487	389	open-minded,	NA
59	488	390	and	NA
59	489	391	he	NA
59	490	392	believed	NA
59	491	393	in	NA
59	492	394	freedom	NA
59	493	395	and	NA
59	494	396	that	NA
59	495	397	everyone	NA
59	496	398	should	NA
59	497	399	respect	NA
59	498	400	each	it,”
59	499	401	other,”	it,”
59	500	401	other,”	it,”
59	501	401	other,”	it,”
59	502	401	other,”	it,”
59	503	402	she	NA
59	504	403	said.	NA
59	505	403	said.	NA
59	506	404	“He	NA
59	507	404	“He	NA
59	508	404	“He	NA
59	509	405	did	NA
59	510	406	a	NA
59	511	407	lot	NA
59	512	408	for	NA
59	513	409	the	NA
59	514	410	young	NA
59	515	411	and	NA
59	516	412	later	NA
59	517	413	traveled	NA
59	518	414	with	NA
59	519	415	his	NA
59	520	416	wife	NA
59	521	417	and	NA
59	522	418	two	NA
59	523	419	daughters.	NA
59	524	419	daughters.	NA
59	525	420	It	NA
59	526	421	was	NA
59	527	422	wonderful	NA
59	528	423	because	NA
59	529	424	I	NA
59	530	425	could	NA
59	531	426	see	NA
59	532	427	where	NA
59	533	428	my	NA
59	534	429	roots	NA
59	535	430	came	NA
59	536	431	from.”	NA
59	537	431	from.”	NA
59	538	431	from.”	NA
59	539	431	from.”	NA
59	540	432	Erdmann	she
59	541	432	Erdmann	she
59	542	433	said	NA
59	543	434	she	NA
59	544	435	also	NA
59	545	436	liked	NA
59	546	437	culture	NA
59	547	438	and	NA
59	548	439	traveling	NA
59	549	440	around	NA
59	550	441	the	it,
59	551	442	world,	it,
59	552	442	world,	it,
59	553	443	just	NA
59	554	444	like	NA
59	555	445	her	him.
59	556	446	grandfather.	him.
59	557	446	grandfather.	him.
59	558	447	She	NA
59	559	448	described	NA
59	560	449	herself	NA
59	561	450	as	NA
59	562	451	open-	NA
59	563	451	open-	NA
59	564	452	minded,	NA
59	565	452	minded,	NA
59	566	453	too.	NA
59	567	453	too.	NA
59	568	454	She	NA
59	569	455	was	NA
59	570	456	very	NA
59	571	457	happy	NA
59	572	458	to	NA
59	573	459	receive	NA
59	574	460	the	it,
59	575	461	bottled	it,
59	576	462	message,	it,
59	577	462	message,	it,
59	578	463	she	NA
59	579	464	said,	NA
59	580	464	said,	NA
59	581	465	but	NA
59	582	466	she	NA
59	583	467	hoped	NA
59	584	468	other	NA
59	585	469	people	NA
59	586	470	would	NA
59	587	471	not	NA
59	588	472	do	NA
59	589	473	what	NA
59	590	474	her	he
59	591	475	grandfather	he
59	592	476	did	NA
59	593	477	and	NA
59	594	478	throw	NA
59	595	479	bottles	NA
59	596	480	with	NA
59	597	481	messages	NA
59	598	482	into	NA
59	599	483	the	it.
59	600	484	sea.	it.
59	601	484	sea.	it.
59	602	485	“Today,	NA
59	603	485	“Today,	NA
59	604	485	“Today,	NA
59	605	485	“Today,	NA
59	606	486	the	it
59	607	487	sea	it
59	608	488	is	NA
59	609	489	so	NA
59	610	490	full	NA
59	611	491	of	NA
59	612	492	bottles	NA
59	613	493	and	NA
59	614	494	rubbish	NA
59	615	495	that	NA
59	616	496	we	NA
59	617	497	shouldn't	NA
59	618	497	shouldn't	NA
59	619	498	throw	NA
59	620	499	more	NA
59	621	500	in	NA
59	622	501	there,”	NA
59	623	501	there,”	NA
59	624	501	there,”	NA
59	625	501	there,”	NA
59	626	502	she	NA
59	627	503	said.	NA
59	628	503	said.	NA
59	629	504	The	It
59	630	505	message	It
59	631	506	and	NA
59	632	507	the	it
59	633	508	bottle	it
59	634	509	will	NA
59	635	510	be	NA
59	636	511	on	NA
59	637	512	display	NA
59	638	513	at	NA
59	639	514	Hamburg's	it
59	640	514	Hamburg's	it
59	641	515	Maritime	it
59	642	516	Museum	it
59	643	517	until	NA
59	644	518	the	NA
59	645	519	beginning	NA
59	646	520	of	NA
59	647	521	May	NA
59	648	522	2014.	it.
59	649	522	2014.	it.
59	650	523	Then,	NA
59	651	523	Then,	NA
59	652	524	experts	NA
59	653	525	will	NA
59	654	526	try	NA
59	655	527	to	NA
59	656	528	decipher	NA
59	657	529	the	NA
59	658	530	rest	NA
59	659	531	of	NA
59	660	532	the	it.
59	661	533	text.	it.
59	662	533	text.	it.
59	663	534	It	NA
59	664	535	is	NA
59	665	536	not	NA
59	666	537	clear	NA
59	667	538	what	NA
59	668	539	will	NA
59	669	540	happen	NA
59	670	541	to	NA
59	671	542	the	it
59	672	543	bottle	it
59	673	544	after	NA
59	674	545	that,	NA
59	675	545	that,	NA
59	676	546	but	NA
59	677	547	Erdmann	he
59	678	547	Erdmann	he
59	679	548	hopes	NA
59	680	549	it	NA
59	681	550	will	NA
59	682	551	stay	NA
59	683	552	at	NA
59	684	553	the	it.
59	685	554	museum.	it.
59	686	554	museum.	it.
59	687	555	“We	NA
59	688	555	“We	NA
59	689	555	“We	NA
59	690	556	want	NA
59	691	557	to	NA
59	692	558	find	NA
59	693	559	a	NA
59	694	560	few	NA
59	695	561	photos	NA
59	696	562	to	NA
59	697	563	put	NA
59	698	564	with	NA
59	699	565	the	it
59	700	566	bottle	it
59	701	567	and	NA
59	702	568	give	NA
59	703	569	it	NA
59	704	570	a	NA
59	705	571	face,	NA
59	706	571	face,	NA
59	707	572	so	NA
59	708	573	visitors	NA
59	709	574	can	NA
59	710	575	see	NA
59	711	576	the	him,”
59	712	577	young	him,”
59	713	578	man	him,”
59	714	579	who	him,”
59	715	580	threw	him,”
59	716	581	the	him,”
59	717	582	bottle	him,”
59	718	583	into	him,”
59	719	584	the	him,”
59	720	585	water,”	him,”
59	721	585	water,”	him,”
59	722	585	water,”	him,”
59	723	585	water,”	him,”
59	724	586	she	NA
59	725	587	said.	NA
59	726	587	said.	NA
