0.00000000
0.78572259
5.74870124
1.77343750
14.21093750
1.86718750
1.96093750
6.58805297
7.12288453
4.39941406
2.39159907
0.44189702
5.16406250
2.10156250
2.40429688
8.48502438
3.98372562
2.54101562
5.82031250
0.16528320
11.40172156
8.02759973
6.28906250
0.04714966
7.21305172
2.77498227
0.90405585
5.61718750
3.61718750
8.61425532
6.74511968
3.13085938
3.37304688
0.85009766
1.60058594
9.14127438
0.28914554
10.27343750
3.58984375
11.67610594
6.15983156
5.47265625
16.65266844
12.28922609
9.43750000
12.91284180
3.04101562
8.61588376
11.41829344
9.37271720
5.47787123
9.19432846
4.20020279
1.59667969
22.72021484
10.68275710
5.71437665
6.21663453
10.03662234
18.72524380
5.96648714
4.25390625
13.44889406
11.43098626
6.95963874
11.82812002
2.59180186
14.61718750
8.48681516
0.95849734
3.84438941
1.86068871
4.76953125
3.08006566
8.26383422
3.46176418
7.24706782
5.54555630
4.57488807
7.51627438
1.05859624
2.62109375
10.91267509
0.31291085
13.99023438
1.06054688
6.09375000
1.50000000
3.56250000
2.37890625
3.31445312
4.09375000
2.16210938
7.50276485
5.89567265
5.85969969
2.89030031
13.76855469
12.43994016
5.76513796
0.46044922
0.39038086
3.66048094
5.28515625
3.15592531
21.14964761
0.27027426
2.22656250
10.26334220
0.73177499
11.62109375
3.43977782
11.25781250
6.48795656
14.80937058
3.84297317
10.11425532
3.32519780
4.96875000
1.07714844
6.90429189
2.02930186
11.69954344
5.54655031
14.03125000
9.47656250
17.56787109
1.03612783
13.78711436
2.64453125
6.65689938
-0.06296627
1.72460938
9.00422097
8.48406028
8.14408356
15.80382647
3.86458998
1.72546387
1.24414062
5.19531250
4.27343750
2.92968750
2.41829344
17.22004876
0.72786874
4.15625000
6.22611481
0.32564301
11.63150876
4.45068484
3.38460328
8.66015625
15.92968750
6.60546875
10.14453125
2.03320312
16.87500000
11.88177490
3.78938719
5.54687500
1.86686281
2.25195312
5.21614251
12.54557624
5.66796875
2.83894836
1.68937195
12.58698963
1.58171154
14.65527344
5.85546875
13.00602172
0.41585328
3.95312500
7.22330563
1.17513187
2.00032469
8.62858156
8.62889628
8.70704122
14.87988032
7.95019780
16.82454344
13.90625000
1.28873781
2.01953125
12.00423094
12.25992672
3.78450687
11.82633547
3.84570312
5.87889628
10.37175310
8.35872562
9.17285156
8.77960205
5.34375000
12.67480220
13.62793218
10.73258422
1.26546265
5.34375000
4.27376219
2.24772218
9.25976064
5.46680186
3.10546875
3.92773438
0.85156250
8.00292221
1.55762466
6.91471188
2.71614749
10.89485594
3.88541750
5.03125000
2.18001219
3.86881593
4.41406250
3.58398438
13.91048094
4.98014406
15.13883422
0.59537719
0.83561281
7.60790891
3.79052859
10.87174064
6.01855718
7.25716312
6.19531250
2.43945312
14.41829344
14.02343750
3.67155031
4.75813719
0.05656008
2.10742188
11.37109375
9.59656789
3.19727061
14.31216534
4.55502216
2.30468750
3.79492188
0.00250053
1.58105469
6.11555408
2.03288342
1.84863281
6.15526845
10.30127452
2.68359375
12.39062500
8.68750000
1.76562500
10.69531250
0.02879333
1.65234375
13.80468750
6.89094969
3.73014406
2.08593750
5.96369238
2.52686668
9.98014406
5.42968750
3.86523438
8.72656250
5.92968750
1.20312500
3.65592282
3.92903812
8.04719969
6.20280031
2.80859375
12.22656250
0.18066406
1.17578125
6.67056627
6.55990248
4.64453125
5.91372784
0.85092060
12.10758422
4.59944703
12.63476064
10.81836436
10.71234638
0.99517315
1.10522212
2.67090093
6.03580563
2.07161624
6.62923094
1.91373781
4.83593750
0.51367188
0.89081280
5.33919437
3.46679688
9.83376053
13.64280197
3.29101562
3.03971188
1.46419437
1.16894531
16.09504876
4.80045656
1.39160405
2.37890625
3.57519282
0.55810796
8.60985705
1.48975232
10.92008297
8.59016844
1.97591312
4.18326906
6.87418329
0.75472296
15.29817376
5.67057624
2.62695312
5.16048094
2.39225343
7.39453125
7.24283688
6.25716312
15.27093007
1.74023936
3.42675532
11.88841091
5.82545877
9.24641844
7.54655031
2.67219969
3.89615968
1.63867188
8.46093750
1.24511719
11.64420158
8.46322030
2.40429688
15.76985594
11.79264406
9.07031250
7.27734375
19.43750000
1.88378906
3.98437500
6.86328125
1.59667969
4.06250000
12.47240962
8.37793218
1.67675781
7.23046875
8.79918333
3.45475343
10.32454344
7.15112367
8.57185727
9.06966312
6.93359375
2.10156250
0.02336121
0.00616455
1.90169188
9.63801751
7.06014413
5.17187500
1.03320312
2.08398438
24.40640259
3.95312500
3.12500000
6.37890625
14.65396720
1.56478280
0.09887695
1.42329069
0.82194093
4.90144836
5.56339539
8.28189938
2.03645999
2.23828125
3.16796875
7.45312500
7.18359375
5.17968750
0.00944519
1.28222656
15.46093750
8.22118891
3.55566655
12.33699212
11.24511968
2.00553468
14.61181142
16.81836436
1.99511719
8.43750000
1.87239500
4.21061281
1.48339844
4.65055297
0.16451051
0.34326172
6.93424313
6.18814938
1.54459968
5.05078125
2.33398438
1.29296875
10.11197252
6.90787913
1.19303898
8.43586658
4.19694592
2.13476562
10.19954344
10.43326906
7.57844969
13.95686890
1.99983765
1.75698178
10.86653812
14.45660400
3.18945312
17.89892578
13.43391844
1.07780031
2.19140625
6.57747313
12.01139406
4.70019531
6.83593750
12.09285461
0.47379578
1.20507812
4.50976562
7.00000000
6.94921875
0.52294922
5.07031250
8.52343750
1.43261719
3.78906250
12.89648438
1.45507812
5.12385985
3.56217531
12.03995602
9.66510010
2.46810062
2.19140625
4.13154810
0.83540489
1.29037123
10.60156250
0.43041992
10.94942044
9.40214206
3.24609375
11.71939938
13.14727616
12.73641179
8.08441267
12.13671919
7.95344969
2.45442874
12.09375000
1.47265625
6.06852172
2.09944703
8.68750000
9.89192376
2.82096686
4.94529387
1.47753906
2.25748781
1.06835938
6.80078125
3.20703125
3.83821532
1.46940187
7.95312500
3.79492188
5.52760491
7.65560062
3.73567874
10.14127438
2.53450687
6.91015625
5.01757314
1.70898936
3.55664062
6.96484375
13.70262167
0.10258463
1.64647690
7.52408688
4.43783466
1.68359375
15.70896942
7.05567902
2.26171875
5.10156250
17.28247070
3.58203125
2.16992188
7.26562500
13.28341961
3.71875000
4.52164672
0.08809449
4.20996094
13.34798094
7.56119875
6.93587157
6.86328125
1.48457918
0.16621918
1.90664278
3.05307402
8.31250000
5.04361813
7.98372562
4.03125000
9.92504634
4.69043218
5.77734375
13.69173094
3.53873781
11.15266844
3.18717531
12.85498047
1.92138049
1.04639295
6.41829344
4.92155031
1.26171875
5.92382812
11.11718750
9.05468750
5.71093750
6.91856384
4.34315491
2.64648438
18.52441157
2.29264406
6.71028812
2.55338376
3.64974124
1.16699219
15.81509752
6.73355829
4.53728169
4.58203125
0.04251099
0.62500000
2.10252162
1.53029088
5.66861813
4.55794437
6.19531250
5.42578125
5.44140625
2.50585938
1.16992188
1.84277095
0.50651249
4.55647828
7.07812500
17.27651978
7.68750000
7.25781250
11.41088431
0.68872506
5.06250000
3.42935783
12.53353280
7.11718750
1.16894531
3.49414062
8.76953125
5.33593750
6.78515625
2.41796875
4.54166501
10.22591312
2.47070312
13.82031250
9.06067665
1.94189827
1.36734985
9.39995362
4.73828125
10.55415521
12.23388423
3.80241467
2.72102782
7.16373781
2.46891110
3.85091312
8.09798094
15.97442378
4.52995124
7.20703125
13.66894282
2.27441655
1.89648438
13.97851064
6.63736813
3.00130873
5.66796875
4.43314606
0.23970551
17.75000000
10.91796875
7.27148438
5.57812500
3.28320312
12.66829344
1.68903854
0.81535599
2.28483156
8.97265625
4.26562500
4.65625000
0.07891846
7.33593750
1.61132812
1.83593750
15.23274657
3.74706782
3.13020999
4.15560062
0.33622067
6.27132203
0.82763796
7.71483378
8.53516622
0.87988281
14.21548316
5.46029809
4.46997008
1.69388232
3.38802748
12.45735594
1.68912843
1.57519531
4.49316157
3.51855718
13.66048094
2.60905031
3.09179688
14.10953236
4.23421764
2.35156250
9.46093750
14.28424923
11.58528812
4.63492797
0.47298219
1.68261220
1.70963874
5.56575687
1.10351562
9.97721188
5.95638187
17.81347407
12.07324468
19.04329344
0.49088625
17.45832004
11.53386746
8.72688719
1.20084718
8.33463376
8.61686281
4.10123781
5.48437500
3.92316878
1.59082779
2.13639406
6.30110594
2.02115968
13.43025384
8.25651374
4.25000000
2.86523438
9.16406250
2.04687500
8.70312500
0.02992249
2.13281250
8.66258644
10.37289450
8.04687500
1.14225343
6.02587891
10.82812500
5.14843252
10.29590093
5.55826906
3.25520999
3.48079344
9.33984375
6.11295656
2.56673094
8.95442376
7.03125000
9.17220467
4.76383422
0.52815797
9.64843750
1.79199219
11.22589318
0.85027869
2.44531250
5.90527344
0.70507812
2.24414062
9.54620568
2.65301307
1.26953125
5.65730774
10.27433289
13.15625000
3.52555297
4.37288453
10.44238032
6.49121343
7.55175532
5.08496343
4.58593750
0.72265625
8.00781250
7.42170767
6.64860483
3.86328125
0.72119141
0.00107861
1.60449219
12.12642332
13.63704344
5.49935062
3.26367188
9.31673094
6.02913453
2.44319703
12.77115470
2.10535073
0.87398285
11.65274400
3.53646498
8.69431849
2.32163120
13.88452211
4.65169125
2.25325687
5.15071532
4.70491578
12.44440029
5.59116245
4.19498781
3.38671875
5.05078125
4.97656250
1.48535156
1.68457031
16.27056885
18.48657227
6.89851805
7.30956782
5.05794437
8.90201906
2.50358156
1.16406250
1.12695312
3.73437500
5.02197266
10.30468750
5.85156250
0.88476562
1.74804688
2.95312500
16.28106689
3.96679688
12.49802487
10.07812500
10.56966312
1.57226562
8.73209220
8.44613046
2.58728027
4.55468750
7.20540282
4.48795656
6.03743407
3.11686281
3.67968750
7.92968750
14.68391844
4.11686281
16.98079344
4.88083944
12.07391400
6.77945922
3.49917332
1.08855496
1.30411618
11.96810062
2.22656250
7.88411126
6.38106604
6.67923981
2.92765320
3.46875000
8.76985594
13.52957153
19.00423094
9.50520999
18.85400266
0.48486453
19.49543440
7.18457779
10.40820312
1.05436281
3.07942625
4.46875000
2.26334718
7.94140625
2.56835938
3.42701752
8.39259308
11.10156250
2.82031250
14.32454344
12.89127438
6.89746343
2.26171875
3.09016844
0.86881593
2.40429688
6.31054189
2.00814217
8.42545656
2.18359375
3.28515625
1.14355469
2.25878906
6.34375000
14.00846188
0.80501468
9.87500000
16.33984375
2.22851562
2.00390625
8.83071255
1.96030307
1.30957031
5.46972656
4.50634766
6.89127438
9.83951906
2.53678468
8.31250000
5.46484375
2.34016844
2.25748781
8.61224365
4.87727782
8.67024657
7.68717531
1.16862062
7.51953125
3.32080078
5.37500000
8.94173094
11.05482483
7.82104554
13.45402039
8.89485594
4.18778566
0.63378906
5.79296875
3.38688110
1.32503297
4.02190399
1.74982893
11.23958998
1.64681156
7.07421875
1.51074219
2.54101562
11.77668440
6.87922097
1.56479775
12.39843750
6.10969969
1.54264406
0.32470703
12.21395874
1.88378906
8.86197252
2.74154310
1.09667969
7.63670878
4.48470966
6.17545656
5.54687500
0.38525391
4.73176253
5.01302748
11.48323360
0.61377327
1.52832031
2.67398922
16.67887453
0.51530031
2.72265625
2.61816406
1.76269531
7.56282469
2.98405031
1.38574219
4.79752438
9.65560062
0.49096680
8.68750000
6.05859375
14.49153563
2.49381593
6.66617797
6.39697141
0.43831546
2.25612510
0.79136025
6.07031250
3.91992188
11.34375000
4.44311523
1.73437500
7.76593972
6.15984153
0.72900391
6.20409907
0.59668218
2.53059564
0.48405280
6.35546875
3.39453125
2.98551266
12.27278812
6.82942625
2.64225343
8.57454344
3.79069093
1.88476562
1.74414062
9.34016844
2.70255896
1.55989749
13.64843750
6.62923094
3.29655031
11.09977172
0.10103394
13.49966534
1.12370622
6.09733156
1.76074219
4.69140625
5.35546875
9.77712440
0.34033203
2.04492188
3.97265625
5.14453125
14.16421986
0.30355358
20.46386220
3.06055186
8.87141844
9.51920656
2.95898438
10.46875000
5.48652767
0.53385998
10.35642994
0.36866772
6.43750000
2.08203125
9.91048094
8.44614748
5.86522939
1.28906748
5.91829344
12.18750000
4.19108156
9.38281250
7.33159726
5.57747562
5.48828125
3.11792638
2.60156748
11.34798094
9.37858156
7.24218750
0.64697266
0.37011719
4.92968750
1.34375000
8.64062500
11.46875000
4.19921875
3.52539062
14.93930619
2.15755374
1.91503906
8.70312500
11.20409907
4.21777593
4.73288815
6.13216312
1.95507812
9.48860594
1.36393312
5.11002438
16.07812500
0.63069828
0.27782572
12.03418218
11.45312500
4.65234375
1.31868407
1.23112062
6.19921875
0.00787354
8.51204344
7.37858156
2.34570312
1.41992188
6.97460938
8.96875000
13.27343750
0.11993408
10.61148050
11.05257701
5.53320811
11.31250000
4.05468750
10.47656250
11.25195312
1.74121094
3.76367188
1.14257812
2.25976562
8.23437500
0.72851562
6.54245955
0.06020158
5.22566711
0.50773133
1.90722656
11.87923094
17.45881206
15.75179327
0.54101064
11.81478280
4.65592531
17.72836304
6.43586658
10.76725842
3.00585938
10.72656250
14.87564938
7.93685062
0.84033203
10.39485594
1.72070312
6.52929688
13.88153092
3.78416002
0.22735420
0.26920781
16.59016844
7.77766844
8.57356937
16.10904034
3.53939716
10.81250000
3.70312500
4.61360594
2.95670656
2.36360594
12.09049562
12.07096188
4.78060062
6.79166501
7.11084109
1.39445008
6.75089539
0.58821532
2.76920656
10.94238032
5.65136968
13.09959442
10.21290558
19.29882812
2.28743407
4.01530031
5.00813719
1.79069093
11.84798094
12.83390071
0.41968085
1.59863281
12.79604832
4.91879543
1.95019531
10.86002438
7.44889406
1.31608156
1.00365463
2.65243240
0.60880555
9.30078125
7.38867188
9.38704344
4.05045656
1.12890625
6.09586547
3.65999390
16.37988281
1.77246094
3.37890625
2.66796875
2.09016844
2.65754378
6.97299091
4.98046875
6.49279785
4.25032220
6.51432624
8.38671875
6.80110594
1.21744875
4.62109375
5.31250000
19.05859375
5.65657469
10.89062500
8.71678192
5.87371121
5.52733378
7.71420434
9.75812722
3.36523438
6.36133311
2.90202404
10.64485594
3.29101562
3.53253879
1.24806183
5.75390625
13.94677485
9.98730718
5.32812500
2.19262695
4.06250000
11.87923094
13.52831782
9.14355718
13.68212766
1.32536015
6.05078125
8.48046875
1.33300781
9.17187500
3.79231439
3.23698249
2.15820312
11.50781250
2.34634254
5.33309397
2.26099318
9.46288564
3.24088874
2.87044437
6.88102172
0.43733765
4.37109375
1.62304688
15.89322252
2.76335217
7.12744016
0.38200077
1.48242188
15.35546875
21.68050047
10.32584718
7.87174313
-0.04740231
8.28125000
1.98242188
4.16015625
2.93782469
2.19303468
2.02148438
6.15364251
8.73307624
7.23046875
9.59667969
10.73079344
18.51204344
4.08138187
5.57812500
3.53906250
6.30078125
2.10579344
2.52701906
7.38313719
1.56119875
12.02343750
9.13281250
3.04687500
11.10545878
1.36329122
19.34016844
4.80045656
10.52082004
9.45574246
3.15820312
7.55532691
10.92514184
4.16666501
4.70280031
2.13834718
1.49023438
4.62759254
12.81218528
1.34830812
8.62621572
4.38867686
6.92675532
11.05826906
20.01399906
9.29524158
8.07194592
0.66357422
3.29492188
7.18652344
5.50423094
0.70426515
11.14195824
1.75359153
11.03125000
5.45703125
17.45084220
1.95931405
6.37890625
7.02734375
15.19531250
5.66227172
1.53108765
18.41471188
5.72591312
4.34375000
2.68359375
18.62854562
4.04948249
1.29003906
10.06509752
3.94662123
1.73437500
6.03125000
5.54687500
10.05663564
1.63477061
9.75423094
8.23795656
4.79223633
7.75390625
6.89094969
2.20865968
4.70312500
12.61425532
2.86230718
4.08203125
11.66894282
2.70801030
12.88346188
6.12304189
7.17318373
9.10774158
5.06803967
14.29036126
3.79166999
2.17187500
4.51594969
6.37239251
12.62320922
1.58219858
2.67219969
1.53841063
19.80793440
2.37077654
6.56966312
1.20703125
11.23079344
4.17155031
3.46093750
6.63574219
8.49218750
2.75813719
2.90006593
7.41014628
5.30811544
2.07812500
1.06835938
3.11360594
3.16405752
7.60937500
5.06543218
0.72526374
1.90039062
4.70848239
14.77068262
1.48177249
5.56850677
2.59360261
9.26953125
4.79687500
4.13281250
10.90331782
1.09570562
11.39843750
10.41357048
3.10205452
6.26367188
9.52766844
3.06608156
0.31958008
19.36100094
14.68685062
18.58072252
5.34115248
6.05110594
6.87597407
6.99479499
14.86718750
2.97265625
1.25781250
6.98209220
6.26790780
2.96712157
5.15592531
7.68750000
6.22656250
3.44531250
6.95312500
7.71126219
0.70817140
1.49153563
6.24967531
6.14346853
1.72371897
2.71289062
21.42633365
5.84928967
7.46875000
4.28905752
16.08398936
4.19367410
3.26531028
12.65689938
15.89420656
4.05257203
0.51114867
1.76627687
12.60839844
2.09960938
8.28125000
4.12890625
1.20214844
17.22265625
20.68879876
7.20963874
7.19173094
7.40625000
1.81022218
5.62923094
8.00878657
6.32682624
0.02964783
1.99841309
5.53515625
3.11718750
7.95703125
8.49641844
10.10949281
3.43750000
12.39843750
8.47656250
2.83268063
2.49576906
1.22526125
7.50162345
4.15364999
7.66406250
2.33007812
4.58984375
12.42968750
2.95344969
5.68717531
0.54541016
12.56673094
2.49446532
0.11775882
0.35424805
4.34277344
5.86718750
8.14843750
1.34375000
0.89876219
3.98795656
3.10546875
9.79687500
13.10057846
1.57129654
3.22656250
2.45019282
0.02832280
5.23241689
4.83398936
5.30240470
8.07259530
9.99218750
4.11328125
11.53807846
2.96387466
0.24938965
1.10437012
0.93847656
5.48783356
0.37154144
7.12955563
7.48828125
0.71224124
2.07704163
2.78352782
7.76594969
0.96614749
6.82031250
10.50064938
3.59912234
0.82503297
11.43879876
11.68620124
3.90625000
19.14257812
9.67870346
2.59473404
1.64257812
11.35156250
12.08640958
1.88234042
2.42639160
9.91048094
4.20670656
3.61523438
5.97460439
9.22233156
4.04525155
1.84960938
9.05664062
0.47346922
7.98046875
8.88972961
0.14998476
5.70084469
5.47656250
20.25358156
7.36686281
1.85253906
5.46939938
6.02018063
3.17871343
19.37597656
0.65885500
7.42610594
2.74576906
3.67773438
5.24609375
6.78515625
0.57657711
4.03971188
5.40625000
1.05338874
0.89599609
7.89518063
10.60872562
3.46289062
2.23079344
6.06998781
13.46093750
0.33154297
1.33714823
0.57325216
12.71256469
6.03352906
13.87500000
0.08575439
4.10937500
5.12890625
1.97949219
11.92039894
0.41260887
1.49438477
4.03906250
2.46093750
10.66048094
9.03125000
4.48828125
9.21451906
0.45792602
0.49739625
10.85156250
7.69921875
7.09634752
2.62630873
10.38281250
0.98714110
1.58756593
7.97330563
8.89778812
13.89906694
1.42319868
9.23256428
5.82993572
1.53027344
9.22460938
4.24218750
3.62890625
1.70507812
6.19921875
2.69140625
10.63281250
0.92430893
1.40528091
5.24609375
1.89062500
9.17870595
11.72103280
2.87662843
1.69726562
9.20312500
4.32812500
3.64648438
0.46018821
5.75260749
10.44108156
1.46386719
15.54899047
5.85725953
6.45735594
4.71842531
12.98486204
1.19091921
9.43750000
0.97509766
3.79882812
1.61425781
6.12500000
2.29882812
5.67578125
6.79687500
7.58984375
16.58593750
2.59960938
1.82975094
10.59147218
11.80729250
16.39843750
0.96630859
7.58984375
5.69921875
0.57666016
10.54306163
7.78450687
1.12955812
2.06054688
11.85579344
5.27311281
4.41796875
9.40625000
4.67968750
14.90234375
9.75781250
19.11816406
3.21484375
2.25585938
6.19531250
17.35491606
1.48795656
10.12923094
4.03092531
9.92187500
7.20768063
1.43685062
8.94791501
12.94889406
0.71940187
7.90689938
2.35091312
3.56640625
7.71972407
10.09524785
7.58984375
9.13281250
13.29195067
3.53678468
12.63281250
9.63867188
10.64908688
2.79231937
3.03303580
0.38932749
8.95312500
2.16048094
3.31998781
9.33496094
3.94563719
6.45670656
1.46777344
7.22298094
3.08626219
0.69222171
5.46875000
1.50195312
13.94183350
9.07291501
5.36523438
3.80989749
7.29719969
10.12466534
7.60189716
4.03483156
8.12500000
7.25390625
0.03007507
3.86914062
0.25317383
2.66992188
18.46418440
2.73926030
4.47038342
1.54980469
5.13671875
2.81445312
1.01464844
7.31282469
10.91227172
1.50927859
14.77929688
4.18750000
5.73469969
11.65201906
2.12532469
6.00358156
6.53548094
8.19108156
9.30468750
7.66406250
11.13704344
13.15266844
7.72200687
10.72413254
3.44335439
1.41211436
2.22317505
3.28906250
14.46093750
19.09309813
4.33203125
1.18457031
10.77506593
3.59570312
12.46516844
10.49218750
3.81022218
10.68944814
1.74609873
2.79262661
1.59734651
5.66764406
6.19775266
0.28637820
14.13525266
6.07633422
4.25716312
7.09375000
17.36783688
11.12768617
1.51717226
1.84863281
2.63671875
1.98232637
3.26042996
6.56608156
6.00000000
5.19531250
8.22721188
4.00716312
8.76204344
4.81705563
6.32486813
10.98860594
4.50195811
2.38970947
1.69531250
0.69970703
4.00781250
10.38704344
9.21093750
2.34342531
13.30793440
14.18229997
7.80956782
10.32324468
6.00813719
3.85937002
6.75553967
12.96915337
1.96069647
3.43050172
2.14029782
6.72493656
2.01725094
9.05826906
0.83756593
4.09122555
3.60123781
1.14843750
12.12923094
2.35091312
3.83203125
5.75308954
2.09749390
0.82161624
2.63053468
16.58137938
6.78630624
1.55939689
1.73046875
6.06250000
12.55737367
14.99373227
3.72591312
2.38671875
8.35937500
5.93228502
4.06201795
8.84619016
1.34700687
1.26567090
4.73046875
10.11327128
9.21419935
19.94596188
8.74805186
1.34375000
6.31282469
12.48476586
4.02572030
5.27734375
9.65820312
1.80175781
4.94921875
1.34863281
5.42578125
11.82087323
16.23079344
6.23690381
0.52327765
10.23795656
10.23990470
11.48665780
14.69596188
5.16943484
6.74007203
7.98046875
4.48958001
2.85221686
1.13964345
2.37305186
9.59375000
0.54052734
7.15884752
6.63412123
4.35156250
6.14453125
10.54687500
7.09619016
6.16552859
4.34309564
7.06811835
6.55558289
12.41829344
7.45670656
11.83768551
6.61653812
7.34863032
3.60644780
21.07812500
11.73563576
5.37890625
11.33593750
10.05110594
19.88834220
5.56055186
0.48632812
8.13655142
1.55290170
8.02376219
4.77342753
1.85710715
3.11474609
4.73469969
5.20280031
1.27018063
11.90201906
7.07161126
5.47103280
8.45312500
1.64746094
0.20117188
2.32128906
0.55126953
4.70312500
8.58593750
5.93260971
1.92090591
8.06250000
3.10481439
19.70670656
5.86621343
6.39094969
8.29426751
7.68978280
1.40429688
2.15234375
4.18782469
8.00781250
4.10514406
5.99641844
1.20865968
7.42675532
6.84668218
5.34375000
5.55664062
15.43814938
4.92122562
0.78906250
3.31707764
7.03125000
4.71484375
9.89062500
10.72134752
4.86068373
13.47866800
1.99984762
6.71093750
7.10025377
1.28255873
17.70507812
3.92187500
6.01953125
1.31347656
5.31314938
0.93294437
7.64786680
0.50154726
3.36132812
11.16113032
8.50293218
1.57128906
3.94726562
7.83203125
2.52539062
8.02376219
18.84733156
9.54687500
1.82714844
6.63443595
4.48275155
1.07714844
4.38928192
8.95251496
5.13313719
2.13444093
4.80078125
5.98437500
11.15856186
13.16211685
2.30598377
5.56413342
7.49804438
18.44824468
6.63281250
9.00129876
7.72916999
3.51171875
16.07485816
4.24545434
12.98437500
3.99218750
4.72298094
15.45312500
1.37076906
5.80859375
5.68066406
19.34375000
1.26953125
13.57062971
3.39909685
14.35644531
1.68148554
4.89355718
0.72346922
8.05045656
3.35351562
5.92968750
0.02815247
18.74413564
2.43164561
1.40136719
5.89640071
6.53149601
1.90511109
22.03222656
6.11360594
0.68619875
6.70703125
0.03424072
6.54752438
14.64062500
8.74349124
4.57812500
4.85156250
3.84016844
4.96785461
6.87622008
2.26888187
1.70996094
6.08203125
2.41992188
3.32844969
9.93001219
6.48014406
3.41569093
5.69921875
6.52018063
9.25064938
1.21159186
9.55468750
4.45312500
11.53125000
1.13476562
1.84863281
9.59960938
19.62988032
7.17513187
6.22233156
9.80891844
12.87076906
8.03906250
7.10235927
1.46990635
2.16601562
4.53515625
6.18359375
7.75602172
2.48421016
10.09310062
3.50162843
1.32910156
10.86718750
2.58593750
5.02376219
10.78906250
1.13737062
2.16511712
7.11198249
6.77441406
4.28515625
1.53027344
2.32617188
15.71305297
6.22336542
1.92545656
2.61230718
0.66699219
4.31250000
5.42968750
1.63028556
11.51790780
1.45019531
10.68814938
2.49609375
5.46810062
8.00000000
4.03515625
11.18750000
2.10156250
3.65494626
3.72200687
0.68945312
7.72232159
13.61801044
1.84863032
1.52832280
5.25000000
1.69628906
6.53548094
10.36111237
24.06025156
0.83021110
1.77246094
2.10513658
5.85677748
8.96875000
3.53938719
3.17545656
1.07796141
8.51139406
0.57128906
2.24218750
17.89184570
11.34081782
0.92383062
15.25796986
2.62093639
5.25000000
7.60269393
13.09733156
12.31070922
10.84473404
8.27343750
0.15596434
4.46451906
2.43945312
8.37500000
6.77342753
6.35112477
0.26582855
1.64762204
1.17218972
1.83366965
11.53384752
1.21712904
10.94531250
4.79784409
6.19239029
1.15039062
7.12500000
6.69661126
0.72526374
2.04296875
9.92789672
4.38948609
1.47949219
2.53515625
5.22298094
1.55924562
2.31119626
6.23240692
2.04819370
8.26627438
5.16341312
5.69921875
4.84439938
12.37255984
6.29085328
20.83658688
1.88997562
0.68945312
20.88606688
4.09407469
24.60091312
4.34765625
0.47875977
4.78287345
2.36556405
2.17578125
11.50976064
6.26496565
0.80535183
8.57454344
2.37272218
6.67187500
5.48437500
11.47477172
0.61458375
1.47656250
12.80435284
5.70768811
12.56901374
6.80728502
2.50749279
2.33951906
10.69531250
1.77343750
3.79296875
0.00317764
8.10200054
9.34587544
4.62532469
1.49446532
8.35091312
7.02734375
2.10969969
8.17545656
0.55029297
5.30078125
3.98925781
1.11816406
2.74804688
0.82128906
7.18359375
6.78125000
10.51601119
2.77305131
0.33821594
0.44303406
2.30664062
15.27408688
12.46298119
3.70019780
8.84999510
16.34733156
4.98437500
2.27929688
3.66503657
3.57519780
4.97265625
7.36572141
1.52002078
4.58203125
16.54299927
3.54492188
4.14713376
2.52278812
8.11718750
3.15950189
6.36979499
5.93814938
5.45247562
0.47973633
6.57550754
5.08855496
6.50781250
10.21875000
11.83691157
3.43847905
1.23730469
8.18750000
4.82909907
2.89941655
3.05664062
6.04719969
3.51318110
6.83073249
1.11621094
1.50585938
5.53978392
5.08593750
6.15983156
2.18359375
8.12500000
2.09375000
7.19140625
9.76627438
12.44466312
4.17968750
1.47656250
3.80468750
6.10709220
1.85384530
4.82454344
5.16373781
5.53125000
1.07975094
2.59505374
0.91210938
11.04947252
1.80990248
3.11914062
4.97265625
6.74055408
7.05794437
6.04166999
5.79264406
2.90039062
11.82096188
5.31673343
6.36718750
1.66210938
5.74218750
8.64956893
1.94645888
9.03253879
3.33823027
2.75390625
6.23144531
5.73860594
3.53906250
3.53287843
16.30533688
8.14192874
10.40266844
2.58951906
1.22656250
3.65234375
2.44531250
4.40657469
4.04687500
6.01139406
6.53417470
2.63086436
9.86718750
6.40234375
1.69075438
12.91234853
7.44694592
0.85449219
7.82633422
2.44124390
0.51318359
5.81412345
5.24837655
1.85546875
6.29686503
1.73780294
1.07812500
5.17610594
3.87467531
7.76985594
5.06608156
4.54134032
18.43879876
6.06542221
2.17318871
3.10156250
7.84863032
7.34277593
7.75455563
2.20833499
7.61328125
1.13101674
0.47933483
1.57226562
5.40266844
6.92187500
15.65754876
6.10514655
3.25162843
7.83203125
0.66357422
8.34375000
0.77685547
8.09049313
5.43750000
3.28255374
2.41406250
2.99023438
8.03548094
11.48795656
3.98469969
11.90526596
5.51628435
2.66992188
9.09699690
2.44597185
4.32421875
7.05078125
15.07583722
7.44385638
5.16585328
1.74316406
6.87410461
1.61140805
7.97591312
4.52343750
11.91015625
6.73925532
7.12402593
10.07812500
9.76946975
0.26300096
7.31640376
8.07926640
2.55647828
13.95703125
13.92252438
7.08138187
5.25781250
4.31250000
4.51171875
6.00064938
4.38997562
1.17675781
3.49853516
5.12109375
15.32896423
8.86360594
15.00748781
5.54719969
2.08561281
4.32421875
0.28501217
6.15071033
2.86815160
3.88673869
0.92333984
9.33855952
13.20865968
2.52669437
2.85156250
9.70735594
6.63866689
1.85352061
11.30826906
0.02061462
9.18750000
5.26171875
1.12402344
13.54687500
2.58105220
3.79362062
4.66731937
1.00390625
13.72477172
6.36885621
0.90966797
2.42382812
9.19596188
11.03483156
5.12988032
9.14323249
5.39843750
15.32031250
5.22298094
2.86881593
5.43359375
2.13671875
4.73046875
2.98437500
18.04882812
1.59765625
0.10064697
5.85156250
5.97298094
8.23014406
5.13313719
7.34342531
0.79931641
4.60742188
1.12402344
2.75195312
11.54524158
6.40788342
2.60188470
14.33794990
0.75732422
8.44531250
6.18750000
0.91601313
3.37793218
2.60351562
3.38548724
8.74927838
1.12304688
7.85156250
12.74967033
2.00423592
6.83984375
3.83984375
9.31070922
9.88883422
0.72770265
5.76985594
5.83951906
0.48876953
8.84927970
3.01204842
2.62695312
5.41210938
4.10156250
2.67187500
2.61718750
0.89746094
5.50781250
6.68750000
0.52539062
4.19921626
3.56738530
13.06640625
2.29882812
9.53906250
4.56250000
11.72298094
1.75651125
11.10937500
8.63995218
17.18570922
1.72542359
4.41406250
8.58203125
2.63085938
1.61328125
2.91992188
11.68570922
10.63460328
13.83528314
4.92838874
4.64192376
2.31120124
4.12109375
12.35644282
3.69629155
13.45910895
6.04753435
0.28620661
4.47558843
3.35253657
0.40136968
5.03157469
1.68229250
6.51953125
3.95344969
14.04817625
3.40006593
4.99186281
9.01562500
6.73437500
4.07104492
6.07421875
1.50781250
6.90234375
2.74446532
6.50748781
0.83642080
3.59961436
0.97119141
8.56673094
9.84928468
7.79296875
1.19726562
1.83398438
3.44140625
7.47656250
5.07031250
2.54979721
9.49569100
9.19816413
4.58984375
0.79833984
7.16796875
5.09765625
7.73828125
6.17578125
2.75650876
5.03841312
11.00585938
4.21093750
5.67578125
1.70605469
4.64062500
4.94921875
18.26171875
5.02635971
2.15528091
2.60986204
4.83902704
3.75228280
12.82031250
7.38281250
7.66438719
1.88053468
7.54687500
3.59895501
6.26757314
10.02800310
2.94726562
9.17097961
4.03605164
6.42968750
11.74218750
3.63867188
3.98242188
0.67626953
9.47656250
1.84863281
12.07974845
30.57454842
12.96516844
3.25748781
13.48339096
4.70801529
0.76904297
6.00781250
4.25423094
4.63573970
10.45605718
5.76920656
13.55989251
3.58073249
1.83691406
19.24251219
4.24576906
8.54687500
2.64648438
13.01367188
18.80883789
11.47721188
2.46060783
3.04655529
8.41406250
5.14518063
9.88216312
4.04915282
1.93750000
6.61717753
3.08171653
1.80078125
6.00781250
4.12109375
3.91438719
4.00812860
1.99154422
8.45670656
3.95247562
7.18603391
0.41308718
8.50781250
0.56689453
4.71093750
9.67187500
3.54231439
13.00130374
6.46419437
10.93750000
13.55468750
5.27083001
1.54166999
15.39127438
3.31998781
6.46484375
1.65104250
8.94531250
3.95377438
1.98567874
2.65071532
2.27115968
9.05891844
6.88639406
2.56250000
7.80078125
8.55468750
7.06347656
4.12890625
13.12141844
3.99023438
9.42382314
5.69694592
3.91015625
12.18750000
15.57031250
7.61328125
5.26562500
6.09016844
6.49186281
4.52343750
8.37500000
4.20703125
9.48567376
5.53385749
8.22656250
4.25813719
11.12858156
3.08789062
9.49218750
4.11197252
2.62630873
5.13671875
9.88704344
13.33593750
1.10644531
1.02311281
8.30956782
14.07812500
4.59668218
2.16210938
4.63281250
10.78906250
6.52766844
1.30859375
2.69303468
5.39453125
6.10937500
0.93212891
5.67610594
4.69889406
1.76755612
3.88606937
1.82552000
3.35319093
12.88281250
11.20816891
8.34633755
2.50848182
5.33203125
5.71875000
0.60742188
12.97656250
18.06250000
3.71289062
2.62109375
10.37141844
2.65039062
8.78613032
1.56413093
4.03906250
7.65625000
2.34375000
13.09653924
0.26478889
1.28445669
2.83951906
3.08495845
1.66504155
11.33658688
4.86653812
1.58105469
14.13704344
10.98990470
11.48437500
3.73633311
10.42968750
9.26269282
7.68457031
2.17871343
7.57031250
2.13671875
10.30533688
4.91757129
1.18653091
4.93750000
4.05078125
7.92309508
0.17138734
12.66272437
1.11085106
14.59390003
5.97868794
8.41406250
0.20275879
1.80891844
6.22233156
4.89062500
14.24283688
14.28841312
9.64062500
10.12988032
3.83886968
1.61914062
6.73306627
1.97201185
14.56187439
3.35220690
2.98373060
0.36206055
13.43521969
3.91341312
7.55533688
3.31380374
12.67610594
4.23405031
0.36425781
5.37500000
6.92610594
15.54067598
5.58041777
1.53075673
6.00553967
1.68359375
0.91601562
1.14648438
2.94628906
1.72167969
5.72656250
1.45800781
6.40657469
3.97623781
3.70312500
1.11816406
3.71581782
3.90918218
9.30175532
4.60840093
1.61230220
2.82910405
7.89453125
6.21516844
6.35123781
4.85400266
2.33105593
2.78710938
4.45312500
10.55891844
1.33268312
6.12622008
0.18286195
0.00184631
1.18424313
5.06217531
4.25748781
16.61555408
4.36100842
9.25390625
2.56640625
4.52408688
6.66804035
5.23828125
9.79036126
4.71745124
10.98175754
9.35417996
2.77130334
3.88136261
1.88151374
1.30175781
7.13281250
2.80468750
13.45703125
12.08203125
6.63704344
12.11490470
3.97461436
6.55533688
4.44856937
18.97310257
4.32031250
1.11230469
6.65444925
8.13070700
4.12141844
4.23795656
10.34375000
7.64289783
2.83952404
9.33593750
1.83984375
2.17187500
2.49023438
5.94400377
13.36458998
6.54296875
1.75781250
2.53727172
1.89339234
6.18814938
7.10725953
0.32690554
6.90820063
20.32454344
3.00456061
8.58984375
5.51562500
3.86328125
5.68359375
1.99479001
5.13248781
1.04850343
5.42610594
7.05045656
10.09472656
3.43164062
3.36930297
0.99886109
1.46777344
8.94173094
1.46842282
6.74511968
2.45166016
2.56250000
5.03125000
0.72070312
0.33764648
9.52343750
7.81640625
9.36718750
0.27880859
9.11783688
3.29036624
9.08007812
4.80078125
1.46679688
6.85156250
0.16566893
2.11686281
8.03125000
7.12890625
9.16829344
5.55240968
5.44921875
8.25781250
5.22330563
6.36263187
5.07812500
3.81054688
0.71337891
3.25520501
6.82324468
14.91079566
4.31544215
6.18750000
7.89453125
1.86718750
8.78906250
15.66406250
4.82812500
2.54882812
8.76578236
3.27718639
6.24609375
7.50781250
11.71939938
3.18977782
8.81185062
2.05826657
5.65136968
8.45735594
8.25064938
13.62614140
3.19319703
9.86718750
11.71093750
12.63704344
5.85905031
2.26757812
14.72721188
3.27083499
7.07096188
9.85156250
3.58919437
12.57989584
2.07244791
4.44531250
10.42480469
2.19335938
1.41796875
7.35367797
0.53938844
9.44954344
6.96451906
2.81314938
19.49935062
5.99609375
2.62109375
6.74609375
6.18945312
13.03222407
10.68261968
2.26854970
3.59570811
3.59692383
2.21354001
5.15560062
2.63997064
2.32096686
6.06770501
3.41405752
5.42074357
3.22054078
7.43782469
14.28384752
5.12500498
4.72949468
5.90234375
11.02945922
0.89339234
12.00423094
1.80729250
8.38281250
13.08300532
1.64453374
5.66601562
7.12500000
2.08984375
0.34082031
4.49609375
1.96386719
15.68879876
10.55176030
3.87662843
7.16796875
6.75781250
2.80078125
6.21516844
15.66829344
4.45638187
2.15625000
5.54068595
2.33073249
3.21842531
4.84720856
0.15425629
1.29785156
8.58398438
0.93750000
5.27376219
12.05956782
5.82291999
5.10546875
11.95735594
2.15234375
10.24348626
3.58040780
1.60742188
2.41763908
4.02181405
1.80371094
1.50455563
3.31575687
1.94531250
5.84781361
0.68343639
0.99121094
8.31250000
5.16080563
3.61263187
11.91471188
6.62044437
4.34016844
2.56217531
3.86328125
7.00455563
8.31005984
0.30989625
1.31936646
1.08561032
5.56966312
5.62890625
6.98828125
8.26041002
3.40755873
12.85187722
1.17156028
7.42526929
13.09426196
1.00488281
1.76074219
7.65820312
6.39094969
5.35514406
0.87890625
5.27343750
9.02945922
0.02486207
6.13378906
2.15625000
4.01171875
8.28906250
8.67610594
5.09342531
6.54459220
1.48372811
10.43358877
6.00195811
1.14941406
9.54548759
1.58146553
1.54882812
3.24608877
4.61133311
9.41406250
2.21093750
9.10579344
1.80338625
8.08007812
7.57421875
17.18360138
1.20117188
2.90656472
2.23991965
8.62500000
2.32617188
9.86425532
2.92186503
10.83497340
2.69140625
0.62500000
5.70410156
14.16829344
3.40592531
12.71125222
8.80436779
12.64323249
11.47835328
0.48779421
9.60937500
3.60449219
0.76562500
15.60790891
12.89664672
6.18326906
5.31998781
0.77148438
3.57226562
9.88281250
7.07812500
6.23925532
4.82747562
7.62890625
0.81803468
7.41113032
5.58886968
3.94041224
5.24708776
7.05468750
3.40039062
8.42187500
23.81214540
3.15707668
0.73194979
7.54752438
19.54769046
7.19531250
3.40055297
0.68912719
7.42936281
7.48585364
7.44889406
2.37890625
2.19205563
2.58138187
2.71614251
6.67838874
3.94238281
1.28417969
5.47656250
9.94596188
4.54622562
1.54980469
7.67968750
10.23323360
5.06707503
0.77195699
0.59228516
2.64648438
0.79633845
10.47949468
3.74804688
11.00423094
3.37272218
3.40168939
1.00260749
4.44205563
3.38931627
2.57487810
15.48242188
1.61132812
3.76399657
0.07401613
10.00000000
4.45312500
15.05533688
5.03060062
1.94238281
2.04101562
7.20507812
6.31640625
13.82031250
1.38281250
11.69596188
0.84798343
0.72998047
7.07680630
5.62241245
1.78808594
14.39648438
7.87109375
12.14664672
0.32106018
5.69449579
0.00000000
12.08593750
0.00543976
1.79891495
3.85525986
11.47298094
7.12467531
5.09765625
5.81640625
1.28027344
2.16589262
0.82190035
3.16406250
3.28906250
7.67578125
4.69531250
14.58007812
1.87109375
3.70507812
6.67968750
3.25976562
3.14257812
6.18782469
4.81217531
1.45019531
5.47948471
13.12565686
6.84130984
11.57210328
2.23632812
3.33007812
0.83886719
12.58837766
1.20849734
7.76562500
10.23079344
15.00358156
2.52734375
9.86360594
3.20865968
14.52473626
6.99479499
3.11914062
9.92610594
1.76139406
9.04687500
1.55078125
4.52033301
5.50115137
3.05664062
8.11718750
0.03921509
7.21289062
9.41829344
9.45312500
2.79947751
3.33301030
11.23632812
15.48668811
1.06397107
9.28971188
3.61458499
12.70703125
3.64843750
11.68750000
9.57031250
1.75097656
4.16015625
16.70794550
1.03033575
5.52148438
10.67610594
21.36230469
7.75781250
5.36686281
0.54736328
3.85937500
17.61555408
1.98796154
3.70312500
8.20312500
10.37401596
3.07910904
1.95507812
8.03710938
9.17187500
1.40136719
1.45214844
3.29687500
13.43586658
5.97835328
7.50765514
13.70182126
3.70833499
10.67610594
10.07031250
4.84798094
9.51106937
2.03906250
3.93554688
19.66015625
3.40625000
10.35107422
0.76269531
7.95312500
0.81982422
8.23413086
2.44742797
1.08089234
9.45900726
4.13671875
3.13867188
6.96093750
4.51562500
8.53548094
5.12858156
4.35937500
8.62988032
1.87402593
3.98242188
4.47851562
3.57812500
2.61718750
8.05434287
2.49643838
0.68750000
5.09423579
2.98730718
13.26916504
2.44531250
2.68782469
8.23014406
8.99218750
9.75096410
3.76287012
5.20491578
9.93814938
9.48795656
6.60335328
0.98030640
6.12141844
1.76139406
3.54947751
6.44791750
4.55826906
0.65413328
3.08561281
7.86718750
6.85156250
5.00373892
1.41715952
2.89062500
6.51953125
7.69855940
4.41081560
1.49670410
10.60937500
5.87109375
7.63671875
9.61759087
1.53963569
17.32971859
0.88330078
7.41031361
0.84456920
2.25943097
6.35580341
0.89746094
4.48404533
6.66666999
9.84375000
3.52215270
0.45831605
8.37076906
5.65331782
2.72168218
7.42675532
3.56152593
1.72167969
2.27961907
5.69010749
1.87988281
6.40364251
1.51725593
6.53125000
0.74267578
1.96093750
8.30814606
1.38521332
9.77343750
5.21191157
0.92187749
2.69433345
2.74707280
8.73860594
10.78222407
5.09277593
1.56542969
19.76334718
9.88110352
2.23632812
12.47460938
3.39257812
12.16113032
4.27636968
1.41015625
5.08414672
1.21761109
1.93164062
5.34407469
2.90787843
5.61718750
6.70735594
2.95865968
5.66471188
3.08561281
1.61783937
10.83528314
2.57487311
4.58203125
1.51139157
10.22233156
6.88801751
7.00529366
0.45475281
13.79490692
6.26759308
3.15771484
1.90234375
4.48437500
8.45019282
5.84277593
0.40909665
7.51204344
3.51074468
4.20474845
17.87011968
7.33919437
1.76953125
1.99705910
9.11085106
5.54687500
3.24609375
15.65625000
2.29882812
2.45898438
0.01016235
3.93180172
14.35091312
0.68896484
4.02896720
10.33040780
1.62402344
6.93359375
9.24348626
8.40495124
1.26464844
1.89453125
4.77928192
7.96290558
1.40234375
8.03125000
0.73632812
2.32903804
2.51074468
8.46516844
0.57194093
10.55891844
0.97330812
13.74511719
2.54492188
4.75781250
3.31054688
2.83398438
0.82470703
4.52734375
9.22298094
1.37402344
6.06998781
5.78906250
2.58593750
0.94873047
4.01757563
9.79199468
0.96142578
2.27376219
1.03580812
4.18782469
5.02978017
1.58952404
5.89493649
7.16341312
13.65266844
5.01920656
1.16210938
6.48828125
2.14501704
2.64551030
8.58593750
4.89843750
4.94140625
12.78125000
5.99609375
5.14101119
10.48398881
3.38704344
10.13182846
2.08464372
7.16113032
2.58301030
11.91406250
0.33935547
2.35546875
10.95312500
4.02571532
9.24576906
3.84960938
9.21484375
2.48632812
6.83593750
4.13052472
3.07845966
1.80175781
8.85937500
3.23828125
13.96158688
8.74153812
13.33072252
2.55013685
14.89062500
9.52766844
5.39241578
0.68697996
12.05045656
5.51139406
10.10156250
4.04687500
8.23827128
10.75391622
8.41406250
0.72412109
1.93554688
4.81314938
7.35481937
4.96875000
0.64453125
12.24804189
3.77148936
7.55078125
4.25846188
7.92903812
6.21516844
7.83170656
6.57812500
0.85950507
3.56136857
8.57812500
2.87695312
11.33235594
5.62858156
6.03864916
0.98576490
11.70898438
8.38704344
3.16959718
2.99804688
1.62711298
0.23226202
4.78319814
7.43978280
4.03092531
5.25000000
13.37500000
1.45507812
7.06640625
3.19531250
7.41469194
2.20249556
1.86686032
2.43685062
14.70800532
3.69433843
3.00585938
4.46484375
10.71093750
8.60579344
8.26139406
3.06250000
6.08707641
5.91601189
7.21907967
3.35546875
3.40659420
5.44531250
0.40462406
6.83430408
0.72038342
5.26171875
3.30273438
10.45312500
3.95505819
7.41831338
6.78483156
0.95507812
1.86914062
4.16015625
6.18750000
0.54711665
0.12635541
3.34809037
19.76106937
6.79817874
2.89062500
6.44531250
17.78784180
6.20167967
4.01334718
2.74414062
8.74641844
0.87223390
0.76074219
5.34798094
2.36100343
8.78125000
3.25390625
11.17187500
3.53906250
5.02376219
6.05924313
2.87402593
0.54248047
10.71923828
7.54101562
10.53548094
1.84830812
1.04785156
8.23637141
7.08365470
3.54037123
1.15527344
14.64127438
5.90169437
17.63441227
1.97935726
7.42578125
13.15087766
5.81005984
0.31860352
1.76577759
1.12109375
1.50781250
8.65331782
4.77246343
1.33707018
3.94662123
4.20312500
5.12109375
0.66406250
4.52734375
0.45507626
0.79614445
8.80761719
2.01562500
7.02734375
2.64452876
16.31608156
2.01106937
0.16768309
1.96647218
9.26660156
3.11165282
1.33854250
1.66406250
10.55110594
3.40983156
2.38330078
1.41308594
3.01269282
17.91699468
1.14160156
1.25829829
8.54785405
0.71582031
8.29687500
3.25195312
4.37401596
14.13639406
12.88810865
3.24934750
1.67610843
13.84179688
2.51082336
0.39811219
2.01350828
4.50748781
8.78254876
15.88932624
9.62500000
2.57812500
8.93391844
8.30532691
6.81153590
6.05859375
11.27766844
1.69108156
10.14452128
4.69532247
2.39453125
11.02634974
3.39161901
7.20735594
2.79264406
2.49609375
10.42008422
2.46663453
5.48828125
3.34375000
7.12776485
0.26847538
4.45768063
5.01497562
4.33626219
8.51920656
4.08561032
3.60091312
5.59798094
14.17984486
6.06983045
4.44173094
2.75944093
4.40234375
8.72721188
2.22981937
8.79752438
14.55599124
8.07812500
4.94140625
3.75390625
8.23437500
10.47656250
6.68945312
5.59765625
6.59765625
6.37109375
14.75503394
2.87045434
3.30029297
3.62629876
3.30338874
4.96875000
4.30891346
6.25163342
9.52766844
7.64030031
1.55012938
2.95084718
1.01660156
4.50976562
6.60937500
4.62500000
2.18750000
3.69335938
4.75390625
7.58496094
8.02343750
3.49609375
11.29687500
17.19726064
3.05469248
6.90625000
3.45703125
5.57551751
1.63053718
3.35436762
3.70215093
3.33626219
12.27701906
2.58007812
6.48469969
7.91764406
9.25602172
0.69026734
11.32031250
1.48925781
4.99543440
2.31315935
6.46988891
6.88183469
3.37076906
9.62858156
9.49218750
4.63281250
4.83984375
4.47656250
2.16811614
0.62680573
11.88281250
3.50000000
5.90625000
17.45312500
4.13248532
5.68750000
2.11686281
3.53092531
4.78548094
2.28125000
4.50748781
2.01757812
3.29882812
7.85546875
2.48437251
5.08528812
2.50162843
11.67968750
7.66015625
3.95930907
5.60171986
0.68701795
3.96516844
4.96842531
9.92675532
3.46386968
0.72005125
6.11328125
1.33951906
7.47656250
1.88378906
3.61523438
14.33789062
2.92773438
1.72004876
1.10416999
6.67219969
2.49576906
2.74414062
7.03254876
8.23307624
4.41406250
8.54687500
7.67578125
9.57161126
1.73698249
0.63427734
7.33268063
2.75358156
3.42155031
10.44531250
7.58658688
5.10481937
10.14062500
7.80078125
2.71875000
9.39192376
0.77213874
9.33658688
10.03405917
0.23787445
4.38281250
1.67079339
22.92871343
4.35123781
14.80859375
8.61767578
3.68359375
4.19531250
0.74365234
9.46875000
1.65429688
0.30175781
1.03125000
0.82340453
0.74544312
4.99218750
3.11848626
9.61230718
6.97623781
12.47363032
26.70344969
1.18522468
3.55664062
9.57812500
4.76953125
3.20898438
7.55110594
17.04687500
0.89274172
9.02766844
4.61686281
2.01985096
2.52702404
3.85156250
9.85937500
16.38801751
6.81901374
2.82421875
6.08593750
4.42252438
7.02311281
1.68229250
8.14062500
4.85676751
2.07096686
1.10351562
8.76269531
9.21289062
5.36718750
2.42773438
2.45312500
9.39062500
12.98518174
1.04997451
0.04272461
1.36404170
3.72949468
15.68359375
8.49218750
5.16113032
4.86621343
3.48242188
9.61360594
7.70882203
0.33455445
14.35709220
13.67415780
3.23437500
14.80175532
8.10432735
28.48454233
13.23632812
1.00781250
15.81250000
4.90038564
17.01038065
10.23734154
1.27181405
4.78417969
2.32844969
0.77653078
1.72664056
7.90136968
2.71647218
1.45800781
10.07812500
0.37768555
2.25618407
16.98795656
10.78906250
9.13281250
11.80468750
2.08593750
10.36718750
2.63476562
8.71093750
12.58593750
16.24487305
4.96126219
2.11686281
14.92115109
5.92935284
3.08366965
10.14062500
3.08593750
6.49900599
1.00294713
1.06673094
7.56758699
0.43990082
2.93001219
2.95930907
3.85872562
12.85156250
4.65625000
9.49055408
4.51725842
3.45768063
3.38606937
7.50488281
6.06445312
3.19205563
5.36653812
7.42643063
4.33740359
1.72542359
6.98762190
3.49284685
1.73828125
5.97718696
1.93882867
5.23958250
4.53125000
0.99381593
9.06250000
2.18587157
2.27897218
6.37890625
6.57681627
1.29037123
1.04980469
19.49609375
2.54783910
7.79591090
6.01953125
10.63281250
9.96093750
3.91698970
12.10359929
11.87921084
0.59228516
10.44573975
2.35351562
8.98860594
9.89843750
7.62988032
7.86620346
11.11815436
0.10247818
1.64714901
3.03483156
6.83170656
1.27832031
4.52376219
4.60514406
6.12971299
2.41130263
6.70410156
5.40625000
1.71289062
2.14257812
4.84765625
4.17578125
4.17578125
4.09375000
8.34798094
17.20670656
8.03906250
1.25000000
7.50634641
2.18505984
10.52343750
3.27180907
6.90201906
4.61718750
12.06250000
4.49609375
15.02375222
0.90984153
12.42005434
6.43199024
1.85839844
2.30859375
9.31250000
5.43750000
6.63378657
10.46386968
1.00683594
0.81347656
7.54101562
6.92805657
7.74544437
6.52049535
11.52963652
7.33593750
2.42740221
2.53646498
4.89876219
7.21451906
1.51562500
0.87710571
0.42626953
3.86197751
2.61865359
0.40828492
3.90820312
1.93562805
0.54837700
0.21777718
5.87564938
13.77160395
3.66634530
0.44873047
1.87658691
3.52539062
9.25000000
1.37207031
1.94433594
0.58800958
1.00854804
6.91438719
3.24967531
7.57031250
7.37109375
3.66634032
9.41764406
0.64160156
8.57031250
1.13378906
1.45117188
9.62141844
1.49039298
3.32812998
4.16015625
7.77734375
5.61393063
16.91341312
9.30468750
13.59195922
13.29150266
17.37898929
4.74414062
1.28938719
6.06217531
0.32495117
3.21289062
2.43554688
17.19921875
10.22656250
2.59212157
14.43929078
1.72884156
0.52441406
9.57812500
5.40625000
1.93164062
3.85937002
0.81055186
5.16406250
4.17577876
3.76855718
8.41406250
0.53320312
11.41263824
6.55317709
3.08594248
17.65209774
5.96329898
3.26936890
2.09570312
1.32975094
3.76497562
1.89908688
2.30581021
5.50066932
0.42944336
4.97558594
0.22290039
8.70312500
0.67187500
0.10137939
2.17158934
9.38639406
4.58593750
1.91015625
3.52734375
2.66210938
1.65266844
16.09733156
9.57812500
2.66601562
7.49609375
4.20474845
6.06868905
3.88281250
6.18660461
0.39689148
6.18750000
2.01855220
8.01074468
5.30191268
7.28402482
0.47338867
5.16406250
6.34016844
5.60123781
9.92968750
5.90234375
6.72477172
1.58907105
0.08233643
0.01528931
1.22473746
2.11198249
8.32389406
4.01562500
8.57031250
3.07421875
11.49121094
16.35937500
7.76953125
11.43750000
10.30110594
3.02115968
7.91015625
0.64404297
1.60449219
10.98110816
7.33139184
7.89062500
5.67968750
4.86718750
5.41177970
5.22493905
1.96289062
6.23437500
7.96484375
2.91406250
10.88394767
6.01790780
4.91796875
7.30468750
4.03222407
7.62011968
5.63671875
6.76863586
0.27433289
4.97167969
3.76367188
1.69531250
3.91992188
2.64648438
2.27929688
7.68001219
0.88037109
6.58170656
11.74129211
0.48840020
1.37663093
1.83593750
12.61913564
4.42383311
20.22566711
4.18058289
1.24609375
3.28906250
0.41023680
7.25781250
4.24576906
5.67578125
5.60823360
1.18473515
1.76058440
0.74985261
2.62890625
13.42415282
5.82192598
7.78321808
11.10416002
3.41537123
8.62500000
3.07454344
5.26692376
3.73275155
11.60937500
2.99609375
1.34667969
11.86865234
2.97851562
4.03125000
1.83300781
6.38102172
5.43929078
8.62500000
2.06494141
1.18391844
9.69531250
8.76920656
8.56119626
1.74153812
12.51774047
2.05061890
0.80468750
3.77018063
2.96224124
3.42968750
4.05859375
0.32088133
6.89632203
11.45914672
6.90983156
4.44433594
8.77493286
2.77880859
6.75000000
24.86914062
2.32421875
2.94408930
0.00000000
14.56135860
5.21720523
19.81909242
5.05598626
5.82682624
3.52213376
8.96028812
0.55794188
2.50195312
2.99576906
1.87222393
3.06674091
6.97656250
18.41829344
4.87952042
5.03125000
3.41764406
8.50781250
7.34765625
7.38671875
0.27294922
0.95263672
11.00781250
5.00488032
0.69612547
5.48567874
3.54427249
4.47265625
1.09570312
2.07421875
9.79508422
2.29134032
0.90380984
2.66796875
2.76375056
0.08097601
2.06314938
2.35677249
2.04101562
6.54687500
2.91406250
5.13443595
2.43001717
1.95312500
4.92968750
15.45312500
7.10156250
3.10350067
0.13380402
2.90820312
1.64371579
4.55403812
6.42578125
0.40445922
0.34016969
3.78352782
11.00781250
20.40190052
2.74544935
2.20117188
1.75357907
10.10156250
7.86263187
3.56640625
2.28710938
4.29296875
9.53548094
12.40201906
2.61002438
5.72981937
2.73437500
6.41806632
14.79736702
1.63753297
1.31835938
5.16015625
2.18505610
7.34277593
8.38281250
6.03971188
2.37392279
4.80371343
4.39941157
3.16797124
2.99218750
11.17968750
8.41406250
4.90625000
11.30110594
2.62858156
0.97900391
5.89453125
14.24283688
39.72444828
3.04329344
1.28385500
6.10937500
0.10778809
0.94873047
7.34765625
6.07421875
7.34765625
5.16796875
6.45344969
7.64811281
0.30147215
0.91666750
6.24609375
7.44921875
17.63346188
7.67545656
1.85026125
6.72070063
1.59668218
4.12109375
0.33373774
1.59505374
2.43326906
0.29793211
5.35905031
7.20344969
5.05436281
22.96875000
6.86718750
1.35253906
4.76562500
17.05501219
3.64420656
2.82438110
2.92171265
2.60697418
0.65279144
6.27083001
1.52897468
6.39062500
9.19531250
5.63671875
3.15299313
2.32356937
0.00158405
1.02343750
4.85156250
4.13671875
6.77343750
0.70361328
12.06903076
4.73828125
8.21158688
2.07747562
3.10546875
9.02766844
7.71004211
1.23542650
9.31348404
1.87988281
17.61488975
9.37566932
3.15234375
1.35514406
3.78710938
2.30859375
5.62890625
3.76171875
0.44702148
17.03613032
14.76465093
4.15167942
5.33074246
4.57844969
2.64811281
7.55859375
6.96939938
-0.03861325
19.50488032
4.63639406
3.19187833
4.58123448
6.27311281
14.46451657
6.27734375
4.39811281
1.68538453
1.22932984
4.20312500
8.06250000
8.21516844
8.48405031
7.16406250
10.92187500
0.17932129
1.73339844
0.24731445
1.72753906
0.04418945
1.02860348
5.78841312
4.80859375
13.73860594
11.80826906
1.05761719
4.29296875
8.12923094
7.94010500
2.48079344
21.02701906
9.98860594
13.41406250
2.33951906
2.32226562
0.22033691
13.33463376
1.97395999
3.65234375
1.71875000
0.03414917
4.55468750
4.06640625
9.01887190
2.06918107
1.69222047
3.08618164
4.20703125
4.27343750
1.80468750
10.17187500
2.92024657
9.35301862
6.01384419
4.08040282
6.64453125
1.61360594
8.35872562
1.87532469
4.66764406
6.30423981
0.39766449
1.97070312
2.08007812
5.83203125
6.68750000
13.26985594
11.35709718
7.67968750
3.15039062
3.17187500
11.57812500
2.57861204
0.83903078
5.70133422
1.06835938
1.14917054
11.88858821
1.04687749
2.18945312
15.18048096
8.50000000
1.46093750
13.62500000
20.00574582
1.94075687
5.22656250
9.44726562
7.35937500
2.29882812
19.35448970
12.49713902
5.07740691
12.73795656
14.08789062
1.08789062
1.58333250
1.21744875
1.33007812
0.11889648
9.89843750
10.52343750
0.74365234
12.03449690
3.64079894
1.93327903
3.43977782
1.52539062
2.71842531
10.73860594
1.82194093
8.85221188
5.33593750
6.28450687
0.20678711
4.61751219
3.29741828
1.70713984
1.29492188
1.01155516
1.11295656
2.83398438
9.64859486
1.00570201
1.47655752
7.52148936
3.44531250
3.82031250
0.19934082
5.03458493
7.33170656
18.17252438
9.38117908
4.59440935
7.33202128
2.64844747
5.18782469
1.87565187
2.29101562
2.79101562
4.50032469
2.67740968
2.00335994
1.55523381
7.36522939
7.82096686
6.05826906
1.12369875
2.95898438
6.37890625
7.83984375
18.95800532
6.75000000
8.80761968
1.39648438
3.38150876
11.16177970
5.48991467
0.02198792
0.07995605
1.31679814
10.25716312
15.60937500
7.06314938
16.83333001
9.40853280
6.89420656
2.21289062
1.82910156
7.09375000
9.19352172
0.28865601
5.54687500
14.91014628
3.49219747
2.34570312
9.13085938
3.69335938
3.26236813
2.23958499
3.88281250
1.07307860
2.91739992
12.37320922
4.33772828
8.14062500
14.80209101
3.79881816
4.67123559
1.27506095
3.11328623
1.24218750
14.03075798
5.94334442
2.83058510
4.51562500
3.91015625
8.85156250
5.60156250
2.74609375
6.81282469
1.73893312
10.94791501
2.46875000
3.63476562
9.29622562
8.45312500
5.80078125
0.40478516
3.36458001
3.18880374
0.70101078
3.02343750
11.33027078
2.44499778
9.82519282
7.26855718
5.06250000
4.46484375
5.13346188
3.86100343
10.92968750
2.12272218
1.75585938
6.26367188
8.72656250
1.60709469
2.42122562
6.76953125
6.54296875
19.05533688
5.72623781
7.81510001
5.08008311
0.87402344
4.53515625
8.78125000
13.33007812
7.54687500
3.15625000
2.91992188
5.80924313
0.50081546
11.68586658
1.78874279
6.08203125
6.80093986
7.80697030
7.99218750
4.93961547
0.69124390
1.21582031
22.25195312
16.82533308
14.61954836
2.75781250
6.73437500
4.91048094
6.26530031
1.17658674
3.33269060
8.13279256
6.53191932
2.89420656
1.51725343
14.75846188
9.19466312
0.88281250
4.45344969
1.57780031
6.57031250
0.00293350
14.96875000
11.01985594
4.66764406
3.99804688
7.46875000
2.28125000
8.17252438
3.18880374
3.14168274
0.70792664
7.67968750
0.12213135
0.26025391
13.96679189
7.95914672
0.58870983
7.43750000
2.73111813
3.10286624
2.26757812
11.76170878
9.01954122
16.13281250
9.86783688
6.79187167
1.57661957
12.99259087
6.25350288
4.41406250
4.14062500
5.51301751
3.69140625
8.48372562
2.03255374
4.22656250
2.79882812
1.98925781
5.30208001
1.49577155
3.50537109
8.85156250
1.47265625
10.82397461
2.71254350
1.08140181
0.01907349
0.56290524
8.32812002
4.55599623
8.60156250
11.30305408
9.43945811
6.33805297
1.14111453
3.21484375
6.55468750
2.07226313
8.90136968
21.27782705
3.82617686
8.12369626
5.07356937
6.32521057
2.21679688
1.64257812
3.72493407
11.51156367
4.28776374
1.46948242
17.39680408
2.62882259
1.86109208
1.33607656
0.66806238
4.13604195
4.77932180
1.61555907
2.93814938
5.60643285
3.07586214
1.52766595
1.76237311
3.62304688
3.56250000
2.25325189
4.53776374
0.97705078
6.68782469
2.37076906
2.90331782
1.42578374
2.54821777
2.70930907
7.51920656
1.51562500
2.05468750
3.41454954
0.64404421
3.08593750
3.28320312
23.11718750
3.33414672
1.78206422
1.40527344
3.06477782
1.83040032
5.91243905
4.21875000
4.43359375
4.51562500
8.34375000
9.71875000
0.28125000
2.44628906
10.67587280
1.77937805
2.95597351
0.05569458
6.66015625
4.22297596
2.28874279
4.59375000
2.14843750
0.91227047
4.11165282
2.60449468
8.87271720
3.52799811
2.97037843
0.95996094
0.70208117
3.99561170
5.55859375
5.68359375
14.43680630
-0.16126308
6.60611813
0.67073734
2.26493835
9.37500000
1.43977782
1.36393312
8.18750000
7.01160683
6.42117146
7.91341312
5.56396484
5.97265625
15.54459469
6.58919437
1.03881774
0.62475648
5.45703125
6.17187500
8.55175532
2.93261968
2.89062500
5.35156250
5.23502438
1.53075673
3.68490248
16.46372311
2.66927249
1.56933594
7.47721188
3.41210439
3.57943373
4.65720912
-1.04816130
7.41015625
1.49153812
3.42423513
5.79915780
0.67399172
4.78906250
9.32812500
10.86555408
1.55827404
9.47656250
6.09375000
1.15364500
2.39420656
5.38792886
3.39364583
0.97721437
2.39062500
8.30110594
1.77929688
1.30143312
6.23111813
6.87435062
2.84667720
5.48730718
5.82812500
1.08789062
0.91357422
1.29174805
4.89843750
5.79719969
3.25944093
2.86328125
6.26171875
2.53320312
1.94107907
8.27278812
0.59016844
2.27311281
1.04296875
1.97949219
8.61718750
0.07434082
6.21048981
0.21736664
8.21875000
2.77734375
7.65234375
17.55891844
9.08170407
12.37499003
4.87159449
0.50244141
10.38735816
10.47429465
5.67936281
13.06673094
15.10546875
7.79264406
5.16048094
2.98209718
18.97548981
5.53443816
0.49251344
4.54296875
2.22265625
10.44531250
3.14257812
4.58691406
1.60807126
2.44466312
0.34106445
1.31835938
0.30761719
9.22656250
2.10742188
2.47362534
10.08333998
3.52132203
9.65022828
5.47298094
2.71647218
7.76334469
10.85091312
2.33398438
0.80078125
1.58772703
6.17545656
8.34512615
6.36718750
21.71158688
11.39974124
2.21289062
5.75390625
7.28157469
15.06151596
5.54037123
5.36653812
6.92187500
9.89550781
1.38671875
3.50541168
4.25060879
6.44075687
2.65234375
6.10806627
12.29508422
4.28166334
5.34144143
3.62413536
3.33294604
2.49322583
8.50000000
3.31445312
11.99218750
13.44954344
3.97312833
3.75701573
2.08007812
11.19775391
5.73046875
9.14778563
5.60905031
0.76562500
1.74316406
13.52538564
1.89648936
3.07421875
0.05719970
0.99788453
3.43750000
7.95897939
2.86914561
3.80078125
13.84195922
7.90021831
1.67188497
5.15234375
4.21093750
1.53125000
7.29150266
1.32568235
1.57910405
9.92187500
0.91992188
1.36230469
12.13052970
3.32519282
0.53841810
4.91015625
0.06545470
2.83968140
0.95117188
2.53710938
4.69531250
4.47005125
9.01334718
6.50423094
4.62272218
7.75292969
0.72265625
1.53540039
6.04687500
3.20117188
9.38281250
2.71868850
0.40338181
3.91015625
18.31392606
4.75410613
3.40852532
5.90072030
3.49414062
6.64811281
10.87304688
0.41430664
2.29475828
3.01139406
1.17089844
7.54687500
1.89062500
6.33984375
0.66796875
0.09332275
1.19742672
2.88606937
6.13671875
6.12109375
0.81282469
2.14420656
0.47412109
3.73925532
0.64795171
10.07031250
6.62109375
0.89599609
6.11425532
2.62044437
1.24967531
5.96158688
0.95931156
0.63720703
14.56314938
7.61263187
19.92317376
5.63671875
6.86653563
6.09635749
6.78125000
0.93522218
8.67610594
2.33951906
6.71695922
2.35335328
17.13671875
3.10546875
1.62597656
6.87109375
1.31412594
5.68685062
0.70849609
7.34765625
8.22656250
4.26953125
1.21679688
10.43391844
5.11100343
0.61132812
2.50585938
19.49252224
4.42578125
0.75097656
3.68179923
4.24837655
16.04427000
3.05631593
8.06021720
1.68978280
0.98774397
17.33269060
0.18843167
7.30207004
11.43621121
6.27278812
14.10025876
16.98079344
4.62793218
2.20117188
19.36294659
3.73730718
2.84310560
3.42728668
4.42671224
3.43164561
6.50813719
2.61295656
11.73437500
11.25032469
13.22721188
2.26855718
12.90396720
3.70254433
1.77044159
2.29295255
6.29640292
1.21386719
1.23242188
0.00222969
0.01161957
2.37792969
9.36718750
5.28125000
7.92968750
0.53906250
12.30468750
5.98437500
5.67968750
0.04135132
0.38012695
1.21661128
9.46386968
8.90625000
6.71093750
9.25195312
6.28906250
3.26822751
5.47591312
3.93359375
5.99739251
1.71549811
0.96582031
5.47655253
1.02767841
5.76920656
4.47265625
8.80077128
6.97868794
1.90511109
6.28222407
7.86230718
0.61425781
7.30501219
2.37321047
7.94986813
0.88509281
1.67252438
2.45052249
10.72298094
7.36686281
5.50162345
9.72103280
16.17740470
-0.03458243
6.35156250
3.71679688
3.80078125
4.04687500
9.38102172
0.58186890
3.83007812
12.55981383
0.33789125
2.83789062
16.21874502
6.03711436
4.93782469
2.04264406
10.42187500
2.57617188
5.93260971
3.08301529
7.85156250
2.83984375
11.93066157
2.35254155
4.45312500
10.30078125
6.50406361
1.93929576
1.51953125
2.75585938
5.80078125
10.92236328
0.98551391
0.12434937
0.06793213
11.21093750
0.01537323
1.42089844
12.49039672
14.37898493
5.02124335
19.60757425
14.46566544
5.44856937
0.81412843
3.31445312
12.01513298
3.91064827
5.94921875
1.46825673
1.72656748
1.84570312
2.09179688
4.94921875
8.04687500
4.18750000
9.11002438
4.63606937
2.95312500
7.41796875
1.54003906
16.23273660
9.77312278
1.05572261
2.15006593
8.26497562
4.36328125
3.17610594
1.24381593
2.37695312
15.46467642
5.75797983
3.59570312
10.29329344
7.34733156
4.55866745
0.65324662
6.86360594
9.90157136
0.31437102
2.58365968
5.13281250
13.63704344
3.84672598
4.35937500
13.14062500
15.97688470
0.00000000
1.10351562
2.70507812
6.98828125
2.43164062
4.49609375
10.57084137
18.93110927
3.40332280
6.75520501
21.02628913
15.19139628
3.49707280
17.54590591
5.82844969
10.92740968
23.97656250
3.79036126
3.84063554
4.28892508
1.09667969
8.56259155
2.48046875
1.83984375
6.37532469
11.72786126
14.99357242
17.49666445
4.14094969
2.90755374
2.61197751
5.62011968
7.14192376
5.07291999
4.49609375
16.37141844
5.25358156
15.14160156
2.10200143
4.91113032
5.87173316
5.33823027
3.69726562
5.81640625
6.22265625
8.12890625
8.95312500
7.28125000
1.05078125
8.07812500
5.91471188
5.05240719
15.53971686
20.10546875
7.19563719
7.56217531
2.20312500
3.39843750
4.11328125
2.57047485
0.10347535
2.97656250
3.43750000
5.25781250
0.83251953
23.87759752
0.62663342
8.11295656
2.50032469
1.20182375
0.27457516
4.19562224
8.43458776
1.08300781
2.15436122
1.38006260
13.16406250
2.37605774
0.35074891
3.13475316
3.33497340
2.17773438
15.68635860
3.24992070
4.06640625
9.73437500
6.07421875
5.84830314
7.70540780
2.88769531
1.22460938
5.52343750
1.50878906
10.26985594
14.35079011
0.04543061
1.22305401
2.98080341
1.05273438
16.03808594
0.84179688
2.74283688
0.96028812
6.01953125
6.31119626
4.49935062
5.03906250
6.95312500
7.03906250
1.36132812
1.72167969
0.10717773
4.29296875
22.85122784
3.51205341
1.17187500
1.48242188
11.61718750
0.37329102
2.02929688
9.97721188
10.28841312
0.54199219
10.00000000
9.62500000
3.02343750
0.02052307
0.85888672
15.65592282
7.22981937
14.04669770
8.86801418
8.22664554
12.21484375
16.89062500
0.19775391
1.91992188
8.21582031
10.59798094
14.79723872
2.69987311
2.54492188
11.00423094
8.00358156
5.97265625
10.46044922
19.68977782
2.14453125
11.49641844
2.41536624
12.09375000
0.10357666
1.21191406
10.04687500
0.00304604
10.74999502
3.63509530
4.92155031
8.50781250
6.82031250
7.64647939
0.51172373
3.68359375
11.54329344
5.76920656
1.38671875
6.90234375
3.55273438
2.21484375
0.45906492
15.31608156
6.78938719
17.89062500
1.93522218
7.91796875
5.81640625
8.61458001
6.76855718
4.69498781
19.17626330
10.95475842
10.33837766
2.42708499
7.57355940
0.97038591
5.62532469
3.41382555
0.31424611
6.71675753
0.32385285
0.62646484
14.43765736
12.45621454
3.45769060
12.12988281
4.69726064
2.02930186
0.91455078
10.08282802
14.11834136
15.75406361
6.96371232
8.64062500
15.90625000
6.39648188
3.84668218
7.38313719
0.75797609
7.37109375
1.91796875
2.35351562
1.08300781
0.86376953
0.05789397
0.57991578
2.99023438
6.51953125
8.53125000
3.58398438
0.63769531
8.43814938
6.77278812
1.54914534
7.23894060
10.17968750
6.60546875
5.82031250
0.82486813
3.30599124
1.18457031
1.08984375
7.08235594
4.27766844
11.86572266
15.08951906
8.60514406
3.47460938
5.95409907
10.55403812
1.35416750
6.61718750
7.39550444
4.34375000
6.04655031
2.85156250
3.27213376
10.20247562
8.46093750
1.60790019
7.53516622
9.43261470
9.96972905
5.50781250
6.13019504
7.19011746
3.96191406
5.81640625
0.12139893
2.05273438
16.72967420
0.29160506
3.87825687
2.85156250
6.39062500
5.59375000
10.29425754
12.77148936
3.54037123
8.76497562
6.96093750
5.47558345
13.31185062
15.81087157
2.65560062
1.70019531
3.28389168
2.24218750
3.25195312
0.62939453
3.08593750
3.92578125
3.82844471
3.71289561
3.60709220
3.88502023
1.52441406
10.97492908
4.95947764
16.22753657
9.92057624
7.83984375
2.36051142
4.23128546
6.52734375
7.61914062
6.13484617
3.36490968
5.91015625
10.13476064
3.26562998
1.04239743
5.18294437
5.67968750
2.27571282
7.45182624
13.69531250
2.00177002
11.91048094
11.14420656
9.64843750
4.23079344
0.66617922
2.12890376
4.69824468
2.88476562
5.92968750
10.60156250
7.91406250
4.89908688
5.92122562
7.93945312
5.53548094
4.76920656
3.23437500
2.50413966
6.32909907
17.87988032
10.08398936
2.87500000
14.10937500
6.12955563
6.29655031
0.93717531
2.61718750
8.96158688
1.04817874
2.49023438
10.77603502
3.30599623
4.61718750
3.71191157
6.58886968
3.44335938
5.45914547
4.32356937
9.48046875
2.80273438
1.46093750
6.18359375
5.32421875
9.06250000
20.32942376
2.61002936
4.59375000
8.98860594
24.61295656
9.17187500
5.28515625
2.75813719
6.04655031
10.24185284
0.73959247
20.12694814
1.94141123
6.03906250
7.85156250
0.50935789
3.97233156
11.50512633
0.10376039
1.05007685
10.05761968
1.45214844
3.01611328
15.97265625
11.26204344
4.67545656
6.16510030
8.55560283
9.62500000
5.07421875
1.26367188
12.50097656
5.26171875
10.84016844
6.22623781
2.55078125
9.89062500
10.64843750
9.93391844
27.76399657
18.40169437
10.45515930
16.13598571
4.26530031
1.80565409
13.49006206
5.06560948
3.76074468
1.09765625
3.39062500
3.82388409
1.30697528
2.33268063
8.48177249
0.66308594
11.78515625
11.93391844
2.84375000
7.52766844
3.00292720
1.31999030
7.73510804
7.64863524
6.61686281
3.41470191
8.62045434
12.99283688
10.05435284
7.36687278
4.78027344
11.31250000
2.09765625
2.99804688
2.91292110
0.21622929
1.17877711
4.64778812
4.85905031
8.06282469
9.30647828
5.85920767
3.15234873
1.01171875
11.66796875
5.00390625
5.64453125
0.64111328
1.50488281
1.50467864
0.17671785
3.18359375
11.70930408
15.19188830
3.25896387
2.72330563
0.94075687
8.15461658
5.82194592
4.15625000
0.10247803
1.15429688
2.97070063
2.42676030
3.87695312
6.07031250
8.88997064
5.84245124
8.85579344
5.72851064
3.56413342
17.18033688
3.00130374
2.45117188
3.66242908
3.43522717
2.42382812
2.64168274
8.09203790
7.61198249
4.75390625
4.60546875
11.78906250
1.34012692
6.48079344
4.58301030
20.72085550
7.44320700
10.98258422
1.02050781
3.99397828
2.75504267
6.76644171
3.94238032
3.88965093
10.09585550
5.96403950
3.85514406
1.84667969
3.52148438
8.55110594
5.82031250
5.11686281
12.32226562
1.17089844
17.74641844
2.17740968
2.44921875
0.81201172
14.93314606
19.31359708
16.77278812
12.65290451
0.34529539
2.72037843
8.50000000
5.14843750
1.59259738
7.23341090
1.82487062
9.55988254
5.86199246
6.53125000
8.99218750
0.52441406
10.74771720
7.11947030
8.68554688
1.30175781
12.62894684
17.56392177
0.53662359
4.05859375
3.62923094
0.06046633
0.00161362
3.10038083
15.97233156
4.45670656
6.35579344
13.45491578
0.06288697
1.84081034
4.23438497
0.24426270
10.00064938
1.56478031
3.51366938
7.05761968
1.48046875
15.30468750
10.42187500
0.03439331
2.53129294
0.63667581
2.73437500
5.48828125
9.86360594
4.49576906
10.29036126
6.10416999
5.09765625
6.69596188
11.47573582
4.74627105
0.44897461
3.20312500
14.05598626
11.46386968
1.11979250
4.77618740
2.96795323
9.51562500
1.77343750
9.00000000
0.14514160
0.19616699
3.26204344
1.77213625
13.19596188
1.21703852
16.47689217
7.64843750
3.89746094
13.07161126
5.31706061
3.81445312
7.81673094
1.36979250
4.54658435
10.76725842
6.35156250
7.57031250
7.11718750
0.01823425
0.62939453
4.44335938
1.16796875
10.36718750
0.84863281
10.23567376
4.16276374
0.56199148
1.58984873
4.36196255
11.17768318
9.58188468
3.36361092
6.21484375
0.80608368
8.66048094
3.39225343
4.05566406
15.58300781
6.05468750
1.14160156
18.71439606
0.62788910
2.30484985
0.23103883
8.41573028
0.21236051
2.77294174
15.05925310
4.89453125
4.33561281
8.06282469
10.24185284
0.88021747
2.73600343
2.54882812
8.51464096
5.51660904
3.57975094
11.87044437
18.86718750
7.61360594
3.64811281
4.01975203
0.95488783
1.27897218
2.81509503
9.10793194
19.28841312
11.09081782
11.90560062
17.85856203
9.23002964
0.30952114
4.14843750
2.91535378
7.87468528
2.68398466
0.72324190
3.27799313
2.81998781
1.66210938
2.54264406
17.56640625
3.00000000
9.15625000
11.40087891
17.57787899
1.05005070
3.36914062
5.53270612
3.17855607
2.38248781
6.27343750
0.08557129
6.20149657
10.90787843
3.90445424
0.16390514
5.96093750
5.16341063
13.82777040
3.31252991
2.73616028
6.07031250
4.57941878
3.73112810
5.60156250
4.88833722
1.87142841
8.78515625
11.10416501
17.63997562
3.26367188
3.77050781
8.34016844
5.50748781
4.35546875
5.01953125
15.82812500
14.15266844
15.92106203
16.49185284
13.45989917
2.57168549
13.46984863
5.39453125
0.34106445
1.24625485
4.38997562
4.63313719
3.32780031
0.71240234
4.73860594
3.14550532
4.78385749
5.05859375
4.12500000
1.14067607
0.42220966
16.46061281
7.68750000
9.30501219
2.23014406
1.81933594
9.17642066
4.60873559
8.80379211
1.10636414
4.99218750
3.48325576
0.39760361
5.05078125
2.59570312
16.37629876
8.47395999
2.65169437
3.34179688
7.23437500
2.35937500
10.51204344
3.19498781
3.81054688
4.37988032
0.69994868
2.66048592
13.93326906
0.30639648
0.80712891
13.71956297
20.12076906
5.49641844
2.54069093
12.77343750
9.90526596
6.86426529
8.54687500
10.61718750
0.00495529
2.34765625
7.57031250
16.39648438
8.05942764
0.47621689
6.66617797
10.33772828
2.50000000
3.06640625
0.87792969
4.79214706
4.69418107
14.77473626
9.74153812
5.61987367
0.67928164
2.20117188
6.69400377
0.97201185
5.06250000
5.28125000
0.00423431
5.66015127
16.82617686
1.30387328
23.23616578
7.89062500
15.53970329
0.29721077
8.85156250
13.07519282
4.83203374
4.28125000
6.19921875
4.99609375
2.51562500
5.39453125
3.15364251
10.67740470
5.86817154
3.76171875
0.04971313
11.76383422
0.47395875
23.16014628
9.25163342
6.60514157
14.83789561
1.27506593
4.96093750
8.48437500
8.80110594
11.33658688
7.51074468
11.86515071
11.59643617
4.18814938
5.77604499
14.93750000
7.71124225
2.24578900
21.69596188
8.66927249
0.62353516
4.79784907
3.47949468
7.83788564
2.09570811
17.84960938
5.70703125
0.34106445
16.85758422
2.03336547
6.04850343
1.59212157
16.01562500
4.05077342
7.83984375
0.81074949
7.27376219
11.28483156
3.93554189
13.24382092
10.49641844
4.75748781
5.69921875
6.71191406
1.83203125
6.79003657
1.52051030
3.02929688
8.29687500
1.66315652
2.17156028
2.36914062
1.19653071
9.37011968
2.37890625
2.70898438
16.36877441
2.66845703
6.64843750
9.67968750
9.04458223
3.58041777
8.60156250
3.94270501
0.82877936
2.14648438
5.76431876
8.18978280
1.55859375
6.92740470
3.64681405
12.52907303
2.84005763
4.16797872
4.19482422
13.53405762
4.54459220
3.75618905
14.76953125
4.94531250
8.29687500
3.77668939
2.74088874
2.07269961
3.98866023
9.77091554
2.88867188
2.53515625
5.53514628
12.58985372
0.77832031
10.52766844
11.65151956
1.28305075
4.52701906
12.50976064
11.39502202
3.24544437
6.12076906
0.71582031
10.31250000
7.02734375
1.06347656
5.84375000
22.62011719
6.04687500
5.13281250
10.40038564
19.78125498
9.50781250
7.99218750
2.47460938
5.58626219
10.04427000
7.51888187
4.96330757
1.94586963
0.94824468
2.95898438
1.69954344
1.91959718
7.32226562
2.23274657
3.51139406
4.00822973
5.50781250
4.83871953
3.88133172
2.08170656
0.41666625
1.54866578
6.46939938
12.59000382
1.03125498
5.56151596
2.69043716
2.90429688
18.50141144
16.77246094
3.96451408
1.76986092
0.60742188
5.29262412
4.35581338
0.59960938
11.22656250
7.59814204
6.27636968
3.03710938
11.61258755
0.52413120
7.55859375
1.17968750
8.21017265
4.52734375
4.95768063
12.56574690
12.94743794
17.18030697
7.18052913
17.41634530
2.73632812
3.14648438
11.38704344
0.46647218
1.92773438
14.56445312
11.58593750
3.96158688
7.36653812
4.92968750
11.40396720
3.10840093
13.37239749
5.72265625
8.47460938
20.83398438
13.83235594
1.84440187
2.60457024
16.46354499
5.47004876
6.20930408
8.19629654
1.73177249
2.57019043
17.25000000
2.75959082
2.99333887
4.37890625
10.37988281
5.03906250
11.61555907
6.44238032
0.91959968
6.43001219
6.37467531
8.76562500
0.55325919
1.37923592
9.42252438
3.27083499
0.03018188
21.81639628
3.53125997
9.87531472
6.82390403
8.35156250
6.54296875
7.32242797
2.49983765
0.78613281
5.78548094
6.83561281
3.35937500
1.43164062
0.52204220
7.58528812
9.31250000
0.01899719
4.54361813
4.88997562
14.67577128
16.27050532
2.51270777
14.18359375
7.87188435
0.41709101
1.17985234
7.60123781
13.82812500
7.45768063
3.84310062
6.27961658
2.35514904
9.60156250
2.66210938
22.15405273
6.20392177
7.78718307
7.65733266
7.16406250
4.18750000
0.79736328
14.99414062
2.67187500
1.10449219
4.69531250
5.48046875
4.32812500
0.31079102
9.85123532
25.53937722
8.20216090
13.23502438
2.38899906
7.86328125
19.23079344
3.37272218
9.48762190
3.96940935
0.64257812
9.95996094
5.01333971
4.34115248
12.51985594
2.38297609
7.07812500
5.62320922
2.20686890
6.48502438
9.13378159
7.26400653
7.10546875
6.10221188
18.09310062
7.96907469
2.53851396
2.47678635
3.36230469
4.20962877
10.37435560
6.57031250
7.06640625
7.66829344
1.26953125
4.71483378
6.71062278
6.43878879
3.37761746
7.03189938
6.08724124
11.11002438
3.07356937
9.14843750
1.83862305
2.55777953
0.28767945
7.66015625
1.70239196
1.66817199
9.52701906
3.45507812
11.73828125
8.18131095
16.90495124
10.28483156
5.10156250
1.04101562
5.59375000
6.72265625
11.24251219
0.00000000
11.15266844
7.22656250
10.90087766
2.78076296
17.80533688
19.13541002
1.43978778
4.89843750
17.68293440
3.66472185
1.22033660
1.41638215
1.51757812
11.66796875
7.91406250
2.07226562
9.15860151
0.46379349
8.47233156
6.36718750
5.62890625
1.14564441
8.38444592
2.43456782
4.57599956
1.09294824
1.53320312
2.31640625
2.50095912
2.54396276
17.76562002
3.16797373
1.82161375
1.94531250
6.33951906
8.16227172
6.81819703
0.73494445
2.39296779
5.42677526
2.86165282
1.91568844
12.33235594
1.59440436
6.83983877
4.43555186
10.80468750
6.22265625
3.08593750
0.65234375
6.55891844
4.15950189
2.50260749
13.02164672
13.10693484
3.04915282
7.82389406
1.53678219
2.26497562
2.09960938
5.09602283
8.63477061
4.48437500
3.32454344
1.44173343
3.31835938
0.09149170
1.39648438
7.07876441
6.87533466
12.41503657
18.71289561
4.48469969
2.38834718
7.95312500
10.50781250
7.18359375
2.05956782
5.55761968
1.28417969
2.29047138
1.81353252
20.10579344
3.39225343
10.56314938
8.23209220
2.88249279
5.98046875
3.15039062
2.91992188
5.58625222
3.25749778
3.87760001
2.00814217
9.03906250
7.73046875
3.46093750
2.23665282
6.74186281
2.48360906
2.31326594
5.46939938
5.44466312
10.29394282
6.77278812
5.93326906
2.27929688
10.24836658
7.71257092
7.35546875
2.20540282
1.16991689
7.05729250
18.16276374
2.37467531
8.31608156
4.12760251
0.09310062
0.95230954
8.25292969
6.74544437
4.84798094
5.28580812
11.28971188
2.89583499
10.46581782
2.45215093
2.86034907
12.19889406
12.75716312
4.42578125
10.62109375
5.08007314
11.41992686
15.41014628
3.19922872
1.95019531
9.86978502
15.66203199
7.13228363
3.21613254
3.97136746
3.01985096
4.33991246
6.96640347
17.38934777
1.06054688
12.28906250
1.94546986
2.88916514
6.62288453
13.68554688
22.14843750
7.26562500
2.60829546
2.17547650
1.34635500
3.41992188
1.91308594
0.64648438
2.08333250
1.12186769
9.39453125
14.66406250
2.92675781
11.07649158
7.02897717
0.10516357
0.84254837
8.03548094
17.10579344
7.29296875
4.97656250
8.56966312
3.37890625
12.42187500
4.42187500
3.34375000
0.97167470
5.01367686
4.06673094
5.10514406
14.59798094
2.18131593
6.60546875
10.36132314
9.89648936
17.70288086
16.08821532
12.09537843
8.18391844
6.08170656
3.80078125
0.19531250
8.94352172
2.29410018
5.95996841
15.93326906
10.72721188
9.98372562
2.74804688
9.05664062
4.25781250
1.77343750
1.41894531
3.08593750
5.63281250
0.77636719
2.01562500
10.65625000
1.80859375
7.42837877
3.44662123
13.38133644
9.09522606
2.90039062
4.36328125
0.01728821
2.92399047
3.14143922
1.96289062
7.75000000
8.24283688
4.01106937
8.88182846
5.41114029
2.86132812
8.30956782
6.66308843
8.75781250
14.92419434
1.63235079
10.09619016
13.31086658
3.86086103
0.35107422
11.61132812
3.30305657
5.15495124
3.82633422
0.03755738
5.69921875
3.25195312
2.86197751
9.14908688
23.03060062
7.08431156
5.99837157
8.64420656
1.91047845
6.28776374
4.78027344
1.23925781
9.82127660
10.73764184
2.51530031
21.45344969
3.64420656
8.75602172
6.27913453
1.98242188
7.34765625
3.81445312
3.71288066
1.70508809
1.91535378
7.64714622
5.44140625
2.33203125
0.99804688
6.28938719
2.83170656
8.97427970
9.45377936
12.71093750
6.19889406
1.19303219
2.03255374
5.49609375
3.24609375
0.99478751
1.76009530
3.92578125
5.70312500
1.56021969
2.60872562
5.71679688
3.37304688
1.79785156
2.21093750
0.00721359
0.89892578
2.51985594
3.11881593
2.87500000
3.80664062
3.93456782
11.68847905
0.81152344
10.32031250
1.23730469
2.77215576
10.05175532
4.95996343
1.58543800
2.79835106
13.30891844
5.67545656
1.70149657
15.79996828
1.86360594
1.80924562
2.66796875
6.78125000
11.70312500
3.54101562
2.25390625
0.73038322
6.28255624
5.33593750
2.67187500
1.83691406
1.39355469
12.23648050
1.23031637
6.81372496
14.83235594
7.63216312
2.69921875
4.33984375
6.72298094
3.20475343
3.14453125
10.91406250
0.32332274
5.36686281
2.05468750
3.35253159
5.03223404
5.97265625
0.01939392
6.66601064
1.36621592
2.83007812
1.56640625
6.01953125
9.12923094
2.31200923
6.92480718
4.14030031
12.32812500
13.96093750
4.93814938
10.59106383
2.94539616
8.23535156
9.65625000
6.68359375
1.67968750
1.61035156
5.70735594
13.50194814
4.86100842
0.27856445
7.08551419
0.87542331
4.54687500
12.27343750
2.85620117
11.66471188
4.08528812
2.07421875
7.36991882
0.83349609
0.42626953
0.02920532
1.79971915
21.33105718
2.13606937
22.96679688
3.75390625
8.00736481
0.18452973
4.27734375
0.56103516
3.04687500
7.98697252
2.30404310
2.77539062
6.90234375
8.75146484
12.58593750
13.23887682
4.89843750
1.99658079
0.65039187
0.38183594
1.78482408
1.18197279
4.26171875
5.74955231
0.71724457
11.42870595
3.72461436
0.79036375
19.40224513
2.66383643
12.04508422
2.71858765
8.49218750
9.15445922
1.09847047
2.31673094
0.15694090
1.01692874
4.94921875
7.82844969
1.83951906
8.51562500
9.99820922
5.74397828
6.46002197
6.40299313
10.28841312
3.03173828
4.72265625
1.74414062
7.78125000
3.24609375
8.84439938
5.49576906
2.73689446
15.07324468
9.13281250
7.86084109
18.93929078
6.96093750
3.73437500
2.30273438
15.23046875
9.87500000
4.35188719
2.35123781
2.48437500
8.80468750
2.61132812
0.00835419
15.68359375
6.98046875
2.17578125
0.01741028
3.65429688
1.97558594
9.52017066
3.09311059
3.42968750
10.17773438
2.84537345
7.32650155
0.63305539
4.52453489
4.23340093
3.90039062
13.51627438
5.67891511
0.32995699
8.71110207
4.73811668
3.33007812
13.32584220
2.13932624
9.17366578
7.74788453
12.16406250
10.79459220
12.07259530
3.57617188
6.02293551
8.82113918
13.60579344
16.19466312
3.15266844
0.78271484
1.69205812
10.14062500
3.41992188
3.91080563
7.15592531
0.61198000
13.91894282
0.40592656
1.51448609
10.34211907
18.14713874
12.05891844
5.29264406
6.27994127
5.19483045
0.61149047
3.64420656
7.14062500
6.25748532
6.71028812
6.80614362
7.92041888
6.00000000
1.18652344
3.22102782
8.69156860
6.63818484
2.57063719
7.27701906
11.06932846
12.34473404
3.35066711
6.96411071
3.37272218
4.05078125
10.40266844
1.88248781
5.27343750
2.17464110
12.53548094
1.48177249
3.06250000
10.42968750
4.85156250
5.56640625
8.16829344
5.91284242
5.96964539
4.82421875
10.40266844
6.92578125
9.77701906
2.31868407
4.67936281
7.11328125
13.53548094
2.63281250
4.29296875
6.47623781
11.64908688
11.05664062
5.17513187
0.50097656
1.85627300
0.57373919
1.51334718
15.77196144
1.74594137
10.41421114
2.93946808
4.40625000
7.89558836
7.25390625
0.74869875
4.46419188
8.12858156
13.57291002
1.08041029
3.08203125
9.99218750
1.61425781
0.92822266
11.73079344
7.69108156
15.06078652
-0.46801308
8.30468750
5.09830563
2.35091312
10.64912701
2.03710938
10.51627438
3.50716312
15.36360594
7.15690187
11.13704344
0.92252687
6.51562500
2.66796875
6.53125000
5.22721188
0.11824710
5.37500000
3.14648438
7.37141844
8.22542235
5.97981937
20.91471188
10.53060062
0.94245911
8.66601562
10.59322020
1.41862062
13.22992399
7.47039339
4.18750000
1.84993407
1.78931764
2.85351562
1.19726562
5.23828125
5.75781250
5.57942376
0.79752936
3.59765625
2.07226562
1.34960938
7.18554189
0.59766123
10.02115470
3.53939217
3.24609375
4.61848626
8.71745124
5.99353027
4.07454344
2.34342531
4.62890625
3.47680353
0.09717108
0.20867245
7.48372562
3.65266844
3.95280031
6.52734375
0.78320312
10.25031472
4.39242575
15.34927970
2.36735483
12.86795646
15.33869363
1.97267120
5.98664783
2.87142342
3.42122562
6.87109375
3.99837157
23.19628657
8.85807624
18.96516844
6.85905031
2.30273438
8.70832004
9.56592420
3.46403701
9.49414062
1.76106688
7.23795656
15.04564495
7.12623005
0.83251953
3.21028314
5.19856937
4.96028812
0.21276855
11.82210757
0.53824399
0.51757812
8.45117188
7.96126219
4.09163453
1.04182984
3.96712157
0.70280031
3.63476562
15.11067376
1.13965093
12.70409907
2.21549811
7.32031250
2.30273438
7.71549313
7.49381095
1.83366467
9.91406250
2.41015625
5.48828125
4.73437500
0.00478363
7.32519282
12.11188969
0.22810914
2.23632812
5.91796875
3.38752549
0.27360732
0.54785156
14.62923094
7.13199704
5.67090093
4.64843750
11.61718750
5.36411514
0.64272080
12.85644531
1.03222656
10.88102172
1.95296265
8.24218750
2.70898438
1.99121094
14.39671543
5.02125332
2.56445312
14.34863281
2.31282469
10.62076906
0.05560303
6.78906250
0.51123047
10.78906250
11.98925532
2.60709469
13.72591312
6.96419437
3.22037843
1.11548931
1.42432513
1.82161375
4.10872562
4.67187500
6.43750000
2.83398438
0.90869141
2.29100566
3.47266622
2.95117188
9.17187500
7.24218750
3.33300532
7.46777593
1.39941406
1.90917969
2.26594969
9.22656250
1.06949828
0.84375125
7.25390625
2.64648438
7.86328125
2.41992188
13.59439938
6.71891110
4.57291999
5.05924313
7.28092531
9.47656250
1.28393617
0.85513845
2.02539561
14.20019282
3.77636968
7.08235594
0.27433351
5.35806627
5.33757092
2.79850343
6.77343750
10.36718750
0.98046875
2.29296875
4.59375000
6.38150377
3.01269282
2.76400653
5.21093750
7.15234375
10.55305408
4.60710217
0.94677734
1.38240228
2.28971686
6.87109375
0.06604004
0.34495783
1.48917913
8.91918883
9.13191711
6.31022218
9.84195922
2.14632203
13.74511719
6.38671875
11.70735594
3.46842531
7.57031250
0.09710693
5.52734375
5.60595703
2.62500000
14.97786126
5.73991218
2.08398438
3.39062500
7.71516844
2.54264406
5.96093750
0.44555664
2.41291736
3.79850842
1.16113281
5.17187500
3.67935783
2.55892342
2.90429688
6.49218750
2.56640625
2.86979001
1.49153812
5.96875000
9.05956782
5.85513409
2.41146996
3.23242188
2.19335938
3.68641151
0.08214317
8.19173094
1.55826906
2.22748155
1.67708998
7.93359375
0.42749023
9.63476562
3.27148438
6.95312500
2.58007812
5.90657469
1.98014406
6.09765625
3.36914062
6.42578125
14.18750000
1.81347656
3.93164062
3.49446532
8.11295656
0.50000000
6.45312500
8.48437500
4.16536126
3.30729499
5.35579344
1.57780031
5.93359375
12.72070312
7.63671875
4.83658688
0.30745609
3.98242188
5.46907469
9.00358156
2.62589041
0.50692209
4.80859375
12.82885742
2.30671868
14.75716312
3.53287843
5.20670656
2.86523438
7.78747341
0.18835667
2.58430907
5.90672208
5.13982823
3.62304688
5.48502438
-0.00284665
2.55664062
3.70668662
15.37925088
3.02326892
6.64616467
3.50585938
2.20735594
9.17398050
5.26319481
3.06640625
6.95312500
8.58235594
7.01008533
3.05355482
1.04166501
6.67686115
0.10795090
3.27693353
7.95963874
6.43001219
2.22819093
7.15657469
12.22721188
7.53027593
3.03515625
4.39810284
2.59017841
4.34375000
11.14973626
7.29166999
4.27343750
13.61197252
0.71712904
5.61489473
3.64682402
6.73437500
3.66601562
17.32812500
0.80712891
2.54736079
13.42545656
10.29622562
1.00976562
0.49633789
8.20312500
1.22167969
9.07031250
0.16210938
7.98958001
2.40690436
11.53792110
0.94645390
2.37500000
1.01464844
6.21093750
0.88916016
1.62304688
1.94433594
3.10546875
0.12230345
0.83220937
6.74511968
1.03092780
4.87141844
4.37500000
8.03092531
3.73046875
1.45214844
9.41829344
5.36686281
12.57139148
2.05099789
3.01711174
5.37054299
1.66796875
5.08398438
3.52539062
19.59179688
5.72656250
1.58105469
12.64671502
3.46354499
1.72125949
2.93230496
5.98151153
6.79973847
2.31250000
15.63606439
2.13379155
5.48469969
3.04036624
11.35156250
2.23502438
9.89843750
2.12522856
1.22275487
10.21093750
0.12877318
3.18717531
1.88085938
2.72004876
3.40690436
1.88866481
1.51962987
7.59157303
0.18003342
3.78906250
1.03344228
4.48242686
6.92578125
3.21289062
5.70703125
6.78125000
14.48812074
2.68294935
6.50781250
8.03548094
2.80045656
5.41894282
10.20426640
4.74397828
13.67629433
9.07601950
1.16292359
4.10871814
0.00000000
17.77164672
3.94759032
3.84032580
2.19434341
4.23046875
13.00781250
14.11834178
0.32941212
15.06640625
11.22460938
4.03125000
4.94531250
6.81982422
3.05664062
4.94921875
6.45735594
2.96647218
4.92968750
3.34960938
6.02511978
0.14709473
1.15342695
4.38671875
19.18750000
0.34912109
2.05078125
27.02099609
17.27668440
11.92839123
10.35449468
3.13867188
8.46516844
8.88808622
4.11390080
2.84375000
12.24039672
2.97249390
0.71516844
2.98405031
6.22265625
0.02194214
4.82812500
5.90298316
4.98764184
5.04687500
10.69262633
0.58325258
10.89062500
1.18179674
6.09896498
3.84960938
3.69921875
5.23828125
3.00000000
0.14929199
1.19433594
11.92268174
4.60466201
13.38215814
3.02018561
8.62500000
0.27844114
6.84586547
15.30224734
3.09358765
16.97721188
11.65560062
8.36783688
8.81966312
7.40625000
10.87923094
18.69988207
9.94954344
8.28287345
2.52539561
14.07812500
0.01260376
3.41601562
12.26204344
4.21777095
12.08284796
23.04508173
8.13761726
7.87890625
7.27408688
9.11653812
6.06461547
7.18977906
3.83984375
1.63693237
7.02734375
9.56250000
7.68750000
1.87825438
10.69799867
19.55558289
1.89648438
21.19140625
3.27376219
2.37500000
2.55826906
9.75846188
8.85872562
11.61718750
0.29296875
1.90039062
11.70128852
3.58822030
8.91048094
2.15592531
10.18750000
5.19832336
0.94376648
10.28189938
4.67545656
11.91122833
0.41657198
3.49707031
9.78906250
4.58203125
6.21126219
11.39009036
5.65104499
0.07873535
10.18684564
2.94824468
13.70670656
2.75781250
1.14355469
0.00646210
0.24914551
1.17089844
7.81250000
3.49414062
3.48046875
11.78906250
2.69596188
6.42252438
7.58105718
3.10709718
7.51245117
1.45507812
3.18301392
6.36328125
12.00423094
1.22656250
6.65983156
17.04679196
9.66341312
1.20534187
0.47515860
3.90852782
9.70393174
1.28597545
15.18261968
2.17350343
1.25097656
18.92187500
15.30793440
8.30990248
1.81315187
2.37272218
3.27929688
8.17610594
10.96875000
6.54069093
3.20117188
2.29296875
12.77766844
2.65787843
9.85333252
17.60937500
7.76562500
3.88476562
2.97265376
9.02538564
4.07910904
3.64062500
2.61328125
5.90625000
16.38183594
1.33479610
0.57633671
0.63916016
9.36718750
0.49584961
0.86663071
4.53288342
4.49983890
3.52148438
0.32287598
6.92578125
11.71093750
0.63313719
1.73893312
1.21289062
1.92740470
2.82064217
2.61523438
6.19595575
3.78336547
0.93721029
2.65205840
8.85319592
6.32421875
0.04812622
5.72656250
15.26562500
2.97222270
6.10449468
6.41796875
2.43750000
5.02018063
3.95247562
8.05664062
9.43750000
16.39908688
1.48177249
1.27636719
3.61718750
7.56997784
3.75814716
8.73437500
2.34765625
12.93033688
4.87890625
11.87727782
2.78418218
9.48079344
1.21061281
8.46093750
8.23322363
2.12256981
8.30826906
3.27929688
5.78906250
5.33203125
1.97851562
6.37988032
14.20410405
5.85546875
6.40625000
0.09027100
5.24218750
1.02475577
6.71126717
1.52050781
16.25846188
8.21883304
14.39062500
1.89322751
3.00911624
3.79784907
9.83105718
0.96451657
7.58528812
10.68391844
10.33170656
8.42187500
6.31640625
1.71777344
5.72656250
0.04833984
0.38012695
11.76562500
3.31445312
7.96906328
4.24316157
5.31543218
7.20267731
0.50581879
2.35937500
2.19416362
0.61540669
9.48437500
4.11718750
9.92789672
0.98616578
1.75585938
2.92187500
1.52441406
3.47070312
12.34375000
6.32812500
6.59765625
3.11946532
3.81835938
14.07812500
11.03448486
3.26025764
2.01171875
5.99641844
6.29899047
11.27880984
7.33203125
0.62304688
0.92187500
2.44921875
5.59798094
3.56640625
1.84537843
0.96166930
1.07271052
6.25651374
1.48632812
2.75390625
3.29719969
1.95912889
9.24283688
2.19270999
2.20898438
9.35156250
4.92968750
2.17382812
2.61653064
1.46452404
8.50341797
3.91406250
3.18750000
5.05078125
0.43326657
1.44115027
1.21152066
4.17968750
6.07031250
1.87711547
1.60628297
7.95572252
3.57943373
6.71090093
3.83249459
12.38834220
12.73592538
13.80534788
7.08951906
0.40795898
5.78580563
2.03450687
4.88378657
3.88574468
8.35937500
0.04489136
0.03653114
0.76224762
2.97151734
5.50781250
5.28515625
6.60546875
12.37500000
16.01562500
11.23437500
12.23990719
8.32747562
4.24543939
12.09668218
11.22835328
11.11116578
0.47167969
3.67773438
10.94596188
7.70312500
1.52767093
4.79687500
2.65820312
2.22265625
5.62154746
3.20312500
4.22298094
12.76530031
8.31135860
11.59619016
8.52636968
1.31974367
2.25781250
13.22363281
0.62178496
0.33402558
4.37500000
8.28125000
8.78231430
4.45312500
7.53515625
4.10156250
0.70605469
2.03125000
4.48860594
2.05045656
9.78125000
1.00878906
1.29981071
10.83822030
8.83398438
2.90710449
6.72867797
7.51023272
0.15952681
5.09765625
2.90039062
12.57969666
0.81607907
10.89778812
2.94726562
18.16242908
13.74756358
4.91764406
15.44074690
0.43132341
5.29882812
7.93359375
3.66601562
5.17187500
0.70849609
6.81475289
3.12225509
4.39273254
15.47656250
12.50781250
4.46516844
16.96842531
7.79296875
0.00725937
5.42187500
16.92975621
11.08131067
9.74250222
12.98650044
2.35661015
5.70312500
1.74511719
2.44368407
1.97623781
1.58886719
3.95392676
5.79802637
14.34798094
5.12467531
6.79687500
2.26757812
3.98502438
6.60091312
6.26410370
1.56621952
7.08984375
6.32844969
0.95768312
9.50166778
0.43786590
2.41569093
4.88524892
8.99626108
1.12972047
7.80468750
5.71873600
2.03142231
5.99609375
0.93926430
3.93945312
5.94921875
11.00781250
9.46695922
11.39241578
4.10188719
7.73750886
16.37935394
1.39648438
0.17871094
3.26953125
3.35969969
6.36783688
2.04394780
15.47656250
14.26806391
4.74935062
13.17968750
10.41406250
4.97623781
1.75976562
1.03482658
4.38509530
3.58789062
10.20914672
4.54085328
4.77734375
5.85969969
4.05436281
9.58814731
1.01188359
0.95637689
0.98209968
8.10156250
8.87500000
6.16406250
7.91796875
8.23079344
6.55468750
3.86100343
6.53157469
4.70768312
13.50602172
6.38883422
4.58951906
9.08235594
0.94694093
1.96972656
7.20051751
7.20182624
1.92871094
10.77018063
8.55403812
4.30859375
7.78125000
0.15441895
2.63411126
3.52213874
7.02734375
9.21093750
7.48860594
4.48209718
5.14062500
13.53906250
8.60156250
10.31445312
4.14453125
18.26562500
12.54329344
4.69108156
14.91137633
20.19802919
3.94173094
5.52612367
0.81290711
0.39843750
7.32812500
0.89697266
12.50064938
5.36263187
14.72135251
7.60123781
0.97969636
4.39139739
10.77851442
2.26790282
2.55826906
13.79329344
2.44498781
5.47330563
1.47395999
7.46875000
3.26953125
6.23437500
4.10937500
6.18359375
2.21875000
17.87532469
14.69604664
6.69043218
6.00781250
8.31250000
6.89518063
6.55013187
4.42578125
1.22460938
12.01562500
8.05143063
5.71028812
6.48828125
1.62597656
5.10111481
0.77437348
0.41674805
1.27734375
10.53417969
14.03189938
10.65983156
5.19889406
8.62500000
0.02804565
10.21646720
1.39779061
7.85384032
6.92578125
2.89290282
5.11737201
0.25014267
2.77343750
9.13281250
0.13977051
16.07525635
2.52539062
1.03710938
10.35156250
8.28906250
1.73973862
1.61231216
5.31997784
10.52377216
11.12597656
0.73144531
5.22656250
35.08865356
3.13258865
0.88922041
8.85514406
19.28515625
18.28426024
4.96061281
6.62060173
4.14144171
9.33951906
5.75781250
12.39680408
5.65820811
3.70344969
6.09310062
9.71875000
2.96516844
2.11295656
5.03125000
4.16796875
6.61002438
5.17806156
5.91796875
0.00359917
2.86328125
8.32324219
2.94140625
0.42797852
0.78206297
8.01920656
10.27343750
11.75423094
13.76562500
-0.05794188
12.73197418
0.44673676
0.68164062
1.08886719
3.09700189
3.42838874
3.85742188
1.26106688
6.12467531
3.59765625
0.76863274
4.25260749
16.45312500
7.22656250
0.23657227
4.36400931
0.24113350
1.13484680
3.25073304
3.41991938
8.29622562
1.31412843
4.40625000
11.33593750
12.24218750
6.07973848
7.96713652
5.67968750
2.49023438
3.52148438
3.86914062
4.18001219
8.07389406
0.11673399
12.53548094
4.21419437
4.21516844
4.94367908
8.91927748
4.95703125
5.38671875
0.51416016
3.67187500
7.87109375
2.74922782
9.99447030
4.74039672
9.52522828
6.78515625
0.06146240
9.54036126
2.39518561
3.05664062
11.63281250
8.34798094
0.05912355
1.87695312
10.32598114
0.09429932
3.08789062
2.12744141
4.54329344
1.26237062
3.64257812
0.54394531
1.31542969
6.74948804
6.58506205
3.56949496
0.27486425
3.77343750
8.73079344
8.65983156
3.62019836
1.85929383
9.10937500
0.07641602
6.61751219
1.51432375
8.70312500
5.74690672
3.20670656
10.97477172
1.32796265
0.28160609
11.12793218
2.11132812
4.46907469
6.71093750
11.44889406
2.44335938
7.16406250
0.02302551
3.33398438
4.59765625
0.31665039
3.42578125
4.70703125
0.12323660
12.52291971
2.82421875
2.42382812
5.67187500
3.14680907
2.50553468
5.31583555
1.53572695
11.21093750
1.28027344
5.41015625
6.34407469
1.61490968
2.38134766
4.98046875
0.60986328
12.40625000
6.42700195
3.93574856
0.47701019
2.15169437
9.39062500
14.13281250
5.05891844
12.15983156
17.68750000
9.98388423
1.77832280
7.32454344
16.69954344
0.83333499
2.81835938
10.14843750
6.82031250
2.91177970
4.23275155
2.35351562
11.23120117
2.14648438
3.86328125
8.64322252
4.33757092
5.51269282
9.45182624
0.15124512
5.51953125
11.12988032
2.78906250
6.37793218
0.40112305
7.48437500
6.47688719
4.51530031
2.50559716
2.12509862
10.07389406
1.82844969
1.38737062
2.23777801
3.11134308
1.54101562
6.08593750
0.74804688
0.46301270
6.45703125
11.32031250
6.79541016
1.59098266
0.57991578
15.62500000
1.29980469
12.50000000
4.26171875
1.83040282
1.85221437
4.93098626
6.96745124
8.37564938
-0.08164303
19.69759032
14.84733156
8.25732048
2.43408577
7.98469969
10.17138298
6.85954233
10.52343750
3.42578125
2.69368407
5.07194093
15.23360168
1.63468445
1.76269531
0.18469238
5.08203125
10.86539672
0.42854859
18.66601562
14.33365221
4.00521498
4.98828125
13.61880098
18.27865248
12.75586436
2.56152593
1.87792969
10.23330231
4.08779327
0.62996399
10.42333611
5.04915780
11.36002438
7.58170656
3.89615968
11.26204344
10.27701906
12.85253657
2.53808843
11.00781250
2.04410766
0.56624390
10.57031250
9.73502438
3.84700687
8.13704344
8.59733156
9.27343750
2.79492188
1.59505125
13.73014406
2.34179688
7.69091423
5.49658577
1.70019531
11.29817376
4.88151374
8.42398673
4.11198249
8.52766844
10.64843750
8.00716312
17.74771720
18.59798592
6.13671875
0.02868652
0.46459961
8.07031250
2.36328125
23.17757078
3.29264406
9.84765625
16.96484375
0.27343750
2.72851562
4.33723128
1.93034685
6.56640625
0.08239746
2.50244141
7.27246094
11.60937500
1.36846908
0.89324967
8.80859375
0.45054092
0.75600205
0.14146849
9.44889406
8.79687500
6.95703125
1.06640625
7.36718750
10.60937500
0.73828125
5.21484375
13.35964966
6.57063719
1.99576906
2.16601562
11.66406250
0.84635251
-0.05472653
5.69331170
3.68702792
4.46875000
1.85644531
11.08186392
1.13688608
7.35066711
11.04780722
2.20378435
11.82031250
10.19677485
4.02246343
4.85156250
4.93863891
3.61702515
10.64062500
5.29687500
3.68554688
4.89062500
11.67610594
0.22208742
8.42187500
4.68359375
15.93554688
7.77766844
8.36718750
7.05044659
9.86752216
5.25748781
2.06640625
15.06639628
3.15267841
6.75747784
19.80811045
7.56055186
7.73828125
11.29687500
2.74731383
3.32690492
3.61034907
3.08911382
12.08593750
9.42968750
8.50781250
8.98990470
13.56151596
3.49398950
3.23242188
10.48258422
0.33772828
7.62385735
13.05338874
3.85937500
8.74224854
0.37288328
12.64387190
8.00033466
5.81640625
0.75439453
5.36328125
7.66406250
10.53125000
12.61254260
1.87679576
18.04328846
14.54459220
13.66536126
2.19434341
2.87890625
9.64062500
3.51562500
3.01757812
13.08235594
9.03483156
0.67032462
6.89290780
0.15091918
16.12320922
8.90201906
3.45117188
14.31673094
7.34342531
4.13281250
14.53125000
3.00390625
8.81608031
18.42008422
11.29085328
0.06844117
3.19724444
2.18117353
7.09407469
6.21093750
5.61653563
7.56185062
2.37695312
7.25781250
0.14086914
20.93668080
13.31607159
6.60173980
11.51105940
15.47640514
17.22314329
18.83724124
16.35937500
9.05826906
2.12858156
4.98469969
0.19010500
4.35502106
2.80879544
1.48527288
8.83593750
4.39037899
0.30005070
4.38281250
11.25781250
5.80917109
4.22379765
5.50960328
9.85156250
4.47137896
2.97393354
5.03906250
10.09375000
9.53906250
4.84569814
3.40430186
9.86950684
9.78125000
2.79492188
2.09570312
1.41308594
1.86816406
5.76455231
5.10723234
1.29428985
3.88812472
3.58789062
9.13281250
0.88330078
14.52766844
8.45670656
3.05142565
2.35287123
1.94824219
5.30859375
17.11611366
6.59407469
9.08593750
3.62858156
2.18570922
2.17952515
3.24023438
8.26855220
9.84749515
10.33235594
5.78060062
2.66601562
6.34375000
14.04785857
3.19791999
7.57421875
4.00618407
1.15983156
2.29296875
6.80078125
2.07226562
5.25846188
4.67155031
5.61751219
14.07552249
5.92142731
1.96431488
17.03100586
9.02665036
7.48974734
4.59944703
23.84521235
1.60449468
5.59765625
3.25781250
3.61523438
7.23649047
2.65804078
0.94531250
4.07633422
0.13265015
10.85741191
3.09799091
7.26530031
1.77343750
5.37011719
6.25520750
3.03515625
4.14030031
8.45133422
4.48616578
3.30859375
0.04348755
0.10803223
5.16048094
2.19303468
0.77832031
1.07047360
9.40364749
1.63867188
5.33593750
5.51562500
12.06314938
-0.02384274
4.10009641
4.41910018
5.73861591
7.93359375
17.21875000
8.88769282
6.23340093
2.24609375
2.18911847
3.50033466
11.42187500
3.24055907
3.37304688
10.66829344
-0.08329098
9.08593750
1.97070312
9.66406250
3.29882812
0.69824219
1.36425781
7.57812500
2.95702876
4.56152593
1.47558594
9.06250000
3.75634641
0.40372804
2.86311890
8.92024657
2.52093584
0.24924728
3.73665282
1.89518312
10.17903314
2.83659186
6.55989251
12.31120124
1.10937500
3.31835938
11.60156250
6.67675532
1.87271471
9.35189716
6.53906250
13.06250000
3.81282469
5.16796875
6.48795656
14.47568600
-0.12979977
4.68586658
9.17757328
5.98665780
1.95117188
11.75781250
3.76757812
14.21875000
24.41730940
5.55321892
6.30583887
8.66992188
2.52832031
3.55078125
4.05402815
-0.18977034
4.52343750
0.20214844
36.04687500
7.57454344
6.56021720
1.14844248
4.29296875
12.69055176
24.62464540
14.40284574
3.89829011
5.57680630
7.26694370
7.74705785
6.72592309
31.37658411
5.46148464
1.02800061
10.29584086
0.61378324
13.87677084
6.26385416
9.95149657
5.40592531
1.67968750
0.38671875
0.51286316
3.78125000
31.77872119
8.35995068
7.37238254
0.45085965
4.38346188
0.34700687
4.88883422
3.06819703
5.48437500
1.96093750
2.95312500
1.35351562
3.04133782
4.58463874
14.59439938
5.66341312
5.40266844
4.80455354
13.75781250
7.90266844
6.33951906
3.48632812
13.94596188
5.07356937
9.88704344
4.36002687
14.60156250
1.42903563
16.83560284
3.67579122
2.70898438
6.23422241
5.13281250
7.24218750
8.37890625
5.67968750
2.73828125
7.19531250
7.65234375
0.70654297
5.84798094
8.25819869
0.68630084
20.29589844
6.94610927
6.94060948
0.12915039
4.41406250
12.53055111
21.70849734
2.95084220
3.57227061
10.50423094
13.52229610
7.10270390
15.12923094
11.62435062
2.22656250
6.18359375
7.52766844
7.60123781
16.41829344
5.67057126
8.71028812
8.32389406
9.06070922
2.81233765
13.61798080
0.66766373
25.30175781
8.52343750
9.75000000
0.08868408
1.77246094
22.63623047
7.76236813
16.60905031
1.84830812
8.26562500
5.70507314
2.76172373
9.45312500
1.50618407
0.05692629
0.24108887
2.31054688
3.90852782
0.15641359
10.88281250
5.94596188
4.96516844
9.16536126
8.80542553
8.81339539
2.54492188
8.14062500
0.76708984
12.59081782
3.07226812
1.79199219
0.07632384
13.26960993
7.88634506
5.52165669
11.76969484
2.43058289
9.36246641
1.18017703
4.47045312
7.62370124
2.07031250
1.43098875
3.92578125
6.42545656
4.92578125
4.99641844
1.57487062
3.80696532
12.38639406
22.87304688
14.66748047
4.43359375
4.48828125
2.83984375
8.11001940
9.12468029
7.32780031
5.26953125
12.55859375
3.28548094
5.67936281
1.56933594
9.04837894
5.11328125
9.53906250
5.59195922
0.13826539
13.45279533
11.34245124
4.14811281
5.05468750
4.74856993
6.18717531
6.68359375
2.86914062
9.98437500
8.26301751
8.85026374
30.24609375
5.49771720
5.51790780
4.85937500
9.42610594
4.30924313
4.05371343
3.65234375
7.23925781
3.12304688
8.99641844
7.74967531
1.57617188
12.07812500
2.83007812
5.51562500
7.95914672
16.03304078
11.21581782
2.97575077
1.67757203
2.26733398
6.21093750
6.74609375
6.94140625
10.78515376
15.21679937
6.90966797
3.48828125
7.94173094
2.29655031
6.07421875
10.65689938
2.98763187
4.74218750
3.61860584
3.55241467
13.92365955
16.67204358
16.15625000
3.27929688
10.13704344
9.17435793
3.20703125
6.85156250
19.55533688
9.06966312
2.75000000
10.97493407
5.76530031
11.81445312
1.52539062
5.56640625
16.27766844
4.34733156
9.53906250
14.76204344
5.02343750
7.35514406
5.73567376
14.49115239
1.97037843
11.32812500
5.64518063
1.89225343
0.80778078
1.74414062
14.79426751
9.83325445
9.21451906
2.42578125
7.40624003
0.97461934
2.87253990
6.37746010
4.25390625
3.10546875
4.59179688
1.91308594
5.21093750
10.85937500
4.76594969
3.47233156
7.51171875
1.82625242
12.40112305
4.70670656
1.07812500
9.77371264
2.97851562
8.82877438
4.13964595
7.31087655
12.44352172
3.09944703
19.19726562
3.05078125
8.99218750
16.88704344
15.85514406
12.32031250
3.48632812
6.01953125
2.44823970
7.25325687
3.24381593
5.47265625
7.06086658
3.38444592
7.32763672
12.89062500
1.02734375
9.55468750
6.42968750
8.43314606
0.22432465
0.79198720
4.62695811
7.81509752
5.32943373
3.62890625
19.22721188
6.81185062
14.93098626
17.61784186
6.41796875
9.93456782
4.04980718
0.37475586
1.63476562
0.06298828
11.18844692
2.24514683
2.55078125
11.59960938
12.71386719
2.42382812
0.94482422
6.80289672
0.52718140
2.56038328
3.83756593
11.17968750
6.11242676
2.44921875
8.21516844
9.60514406
1.39843750
9.84016844
0.12589601
13.13346188
12.22591312
9.87109375
3.66015625
13.24218750
4.70133422
0.44490601
4.19921875
6.51562500
2.43391844
9.34081782
3.09635749
3.29882812
2.31640127
3.58822030
3.92155031
4.93359375
0.02507019
0.97998047
3.76570555
9.03881836
10.80045656
3.08789062
9.38463006
1.53320562
15.66406250
5.04264406
5.37500000
0.06402588
3.45117188
2.64062500
2.65527095
9.83528812
13.14550781
9.74576906
3.64843750
10.46875000
1.86718750
2.81054688
8.30468750
4.78125000
0.14270020
2.48388672
16.46875000
0.23437500
12.97558345
3.42870845
3.98633311
2.55664062
10.11360594
6.82572511
7.57031250
3.66601562
4.85156250
6.89062500
1.61621094
6.78677970
9.42838874
7.76530031
4.60156250
15.67968750
3.16796875
0.03524780
2.14811032
9.10872562
4.21875000
2.20636941
5.47234153
5.34375000
4.75064938
0.12337406
1.24511719
21.86686032
3.32552249
7.96939938
8.54622562
4.15487671
11.69172845
6.07682624
8.92968750
3.70507812
0.01029968
4.84765625
8.25781250
3.87369127
5.93490248
0.02745056
1.13997313
16.20670656
5.71093750
1.52131081
1.36687278
1.62402344
10.82063719
8.88639406
7.11718750
11.82031250
12.90445922
2.25862672
2.16210938
7.47656250
0.63769531
9.71468016
9.57389406
1.44824219
6.05859375
13.58658688
2.74153812
11.69954344
4.46842531
3.48176751
10.48502438
5.65430186
5.77376219
6.94889406
7.09472407
3.58886968
5.21093750
14.20897690
3.62598404
5.39453125
8.28125000
6.91048094
1.12174562
5.73022274
0.05713078
3.88281250
5.77516678
0.84250900
6.59375000
3.06152344
4.86718750
0.58992430
7.79264406
2.51171875
3.79296875
7.65869016
0.17920046
19.23209220
10.69824468
4.25325687
4.07812500
5.59765625
0.06149292
3.54101562
3.23095080
0.72803357
2.02180907
2.52701657
3.53613530
12.17610594
1.41406250
18.09375000
2.26334718
13.33593750
9.38410628
2.23698747
2.81835938
7.31917110
25.45312625
8.17805408
13.32663897
2.63170101
5.11328125
6.72176086
0.17557801
7.26770020
7.76985594
5.28092531
10.54687500
7.00911126
17.05941046
9.24015009
12.21451906
7.13606937
15.15625000
4.05436281
1.44270750
8.84733156
6.62923094
5.56306683
7.90007092
4.36686281
5.22265625
6.71012079
0.40853155
1.68750000
3.46972656
1.69042969
21.36392814
5.84937873
1.55696532
6.59310062
0.56250000
0.37792969
5.76562500
15.75064938
9.30403812
0.00569153
5.11401939
8.63281250
5.24039672
1.73030391
11.37011968
11.33593750
0.48608398
1.66113281
1.81445312
6.86930297
1.44515015
5.08984375
22.86848626
6.77376219
19.98926030
5.37825687
8.17008422
0.71712281
6.99218750
6.73046875
11.87923094
10.43326906
8.86718750
2.33398438
8.88188743
2.78022194
2.04882563
4.81185062
11.62662843
1.22656250
21.00488032
11.38216312
6.81705563
4.79980718
3.82031250
6.81900876
4.23763187
13.99806976
5.99414062
3.72265625
16.68391844
12.60428832
17.12874390
7.86718750
7.85579344
0.79720218
1.86816406
6.88670878
2.96875997
2.00585938
3.85839844
2.77929688
7.22298094
0.75309328
6.88671875
2.10351562
7.98046875
1.32812500
4.34765625
5.19531250
12.06250000
4.03906250
3.92578125
2.04492188
4.76953125
2.03515625
5.41438719
3.30045656
15.55468750
3.30468750
6.98664783
16.95001552
8.82749556
0.58447390
2.33984375
9.12222518
2.02816544
6.73795407
13.23401035
10.22310394
2.44921875
1.93961547
0.73177125
6.47656250
0.96142578
2.73274657
7.92545656
2.43945312
3.41992188
0.10757872
4.39453125
2.12532469
2.08365968
4.83886470
2.49674811
18.15266844
10.05045656
8.30664062
19.64290282
1.29924561
1.83870484
12.07031250
12.82812500
3.78906250
1.84960938
4.86490470
4.51790780
7.69400377
4.91537123
1.10839844
4.39518063
0.00093753
1.15625000
14.76138658
8.36100842
9.26139406
7.01627438
5.64778812
5.82258533
0.92253186
5.01953125
8.12304688
6.16048094
10.07812500
9.45670656
2.38671875
8.21875000
1.00976562
10.56086658
8.31413342
13.89648438
1.27832031
4.83593750
4.96093750
4.55398076
2.15333277
4.12906486
7.71745124
21.97428468
5.59765625
2.57421875
5.53125000
7.62109375
11.01562500
6.87109375
15.50000000
0.32104492
7.16752106
8.92008142
4.38273444
7.24609375
4.69173094
1.32194093
19.09960439
7.85384530
9.40201906
4.55533688
3.24538287
3.40435838
14.87532469
2.44108156
3.65266844
7.83951906
11.85194869
0.54062943
15.17643063
12.05013187
7.89453125
5.93359375
3.45267731
0.60884613
2.55273438
8.91406250
15.17187500
6.63671875
4.14062500
0.62988281
10.33593750
1.52343750
16.89941157
14.08528812
3.50179078
1.31917359
16.27945797
4.31982422
1.99218750
6.28205674
3.33269060
1.74007203
1.08984375
7.11328125
5.70833001
6.66276374
2.14257812
15.75389628
14.71373396
5.23844733
4.48437500
5.03125000
7.74251219
2.63053468
5.58984375
12.90477394
9.78077293
10.27343750
0.04971313
5.12500000
9.49218750
16.23840332
2.55078125
1.00976562
4.65657469
3.20084718
0.61856930
3.16731937
8.04491689
5.52930186
1.00592041
10.80468750
24.51790282
1.17350343
0.09248015
2.82975343
9.94606400
5.91796875
4.28515625
6.49251219
3.70474845
9.46501108
2.47054078
13.07031250
16.43164062
4.46093750
8.52343750
7.37597407
12.84602782
3.08073249
10.24641844
3.99023438
3.29069093
2.34375000
0.50195312
1.30273438
7.96484375
1.58789062
11.99283688
0.90950687
3.58984375
16.62500000
12.95149158
2.81803967
14.04687500
4.48437500
0.93212891
8.28376363
4.61133311
5.23795656
6.62890625
10.24218750
6.46484375
5.23828125
1.21191406
6.89306516
4.31005984
7.53645501
9.77995124
2.01953125
15.58271361
2.58916139
5.05859375
2.30468750
8.66406250
16.18750000
7.10546875
3.79492188
3.17773438
3.73925781
2.93945312
6.16406250
38.25763520
3.75176421
8.28548094
3.67936281
7.23437500
3.99283688
11.16057514
1.34082779
3.04101562
0.04931641
5.31640625
7.38150377
5.13412123
4.54980469
8.12141844
14.09733156
0.23876953
13.95751953
0.49267578
13.12141844
7.57095690
14.55126829
5.01709109
8.40625000
15.60156250
1.66259392
3.20752327
0.01042175
8.71679688
4.25423094
2.81217531
10.10221188
11.69889406
3.50162843
9.23706055
12.00618407
11.90657469
2.74935062
0.35791016
4.74340820
5.24609375
15.23860594
8.28125000
9.38890722
1.33691905
3.76139406
3.16210938
1.70019531
4.99804189
0.92383311
7.81640625
23.14305159
5.43359375
19.42643063
3.87971798
4.80876108
8.57454344
5.71451906
5.91227172
14.75568706
4.64454122
3.02539062
12.08593750
10.81250000
0.54785156
11.09276243
1.85026125
5.14843750
4.10937500
7.51953125
2.31054688
10.69531250
8.32031250
5.98046875
3.24804688
1.39941406
0.00844574
4.88671875
0.16381836
3.85960606
1.89494957
2.35481937
1.00000000
9.89664672
0.39705445
8.64257314
4.31266733
1.61409547
5.50423094
3.29655031
4.23828125
10.27343750
2.70117188
1.38638783
0.22347545
12.60317993
4.73046875
9.15689938
1.24642093
0.44799805
4.99836658
3.26530529
3.91992188
1.17122313
5.31835439
13.32617686
12.36686281
6.29296875
2.16992188
8.99218750
1.98860096
5.52897717
4.37890625
8.52766844
13.56250000
3.24023438
8.37858156
5.83400689
4.95757756
11.93326906
8.07086762
3.35564605
14.58821282
7.16666999
3.55664062
3.69075189
0.18620124
2.98908799
6.16998836
0.32236896
4.57421875
3.10839844
12.64161132
1.38167359
3.06640625
2.93554688
6.40266844
2.13801003
5.72592309
5.31282469
3.12858156
4.03125000
2.27522454
8.45278037
0.87420821
0.47542359
1.07324219
4.34375000
8.52343750
5.85546875
6.16015625
2.80859375
1.94433594
2.76790282
5.15592531
3.85937500
10.29687500
4.31640625
2.81054688
1.27636719
2.57031250
0.82136712
0.73893561
8.02343750
1.97656250
2.03852771
6.60563733
10.92968750
5.52945922
0.70815049
0.37445084
3.09765625
4.42219969
2.83756593
2.82812500
7.53548094
5.02311281
7.96484375
6.43456782
2.38769780
5.42578125
5.65625000
3.36864736
3.70117686
0.76660156
3.32226562
2.50016235
0.51790406
5.88972961
0.38810242
3.70507812
2.42968750
1.13378906
6.41406250
1.82714844
0.32169430
0.23323734
1.18004800
3.68718528
4.62109375
8.73437500
0.26895993
1.87825687
3.51629683
1.89030031
8.27180408
5.27604499
11.30761968
0.79687500
1.21484375
1.78678219
5.49026375
0.78643062
8.16406250
1.54231439
3.48502936
4.85156250
0.06921387
7.66406250
11.69954344
3.97884032
8.00097407
10.99447030
0.03732300
4.65928650
9.87531472
5.05437278
7.02734375
2.93359375
6.09114500
2.93326906
2.65820312
2.01953125
5.65657469
11.45557264
12.85937500
0.02134705
1.88671875
6.09765625
7.43945312
0.76708984
4.94921875
0.66406250
0.00462723
7.26953125
4.88346188
3.92513187
2.95776367
7.17968750
1.17968750
4.55859375
1.56542969
14.64485594
4.91796875
0.35514406
8.44531250
0.04693604
12.16048094
2.29035877
0.98080092
6.78906250
17.76106688
2.61295656
4.50390625
0.00767136
10.46875000
2.55680172
6.27669437
1.60644531
3.06054688
8.37923094
0.86783937
2.75195312
12.16597410
14.35709220
15.44336436
8.60156250
5.10058594
8.77343750
2.67138672
2.51562500
2.85221188
10.77278812
5.01953125
0.39843750
1.09895750
5.02079575
6.20589982
4.11897454
8.80664312
3.72428468
12.72003158
0.48406998
6.61718750
8.58235594
1.86100343
2.99072016
3.72591312
16.33170656
0.59836667
1.55924562
15.61686281
6.66308594
12.46505985
6.96299423
1.96843029
8.12500000
3.58203125
6.69531250
1.78808594
0.02427673
5.95703125
4.40201657
5.70247562
3.36523438
2.12695312
3.11132812
0.76269531
5.44531250
0.85750242
7.39550532
8.56250000
5.52588140
15.82389406
13.01424071
9.98437500
6.84052614
3.19531250
7.03938719
10.70312500
9.94108156
7.31266110
7.77311281
15.68326906
5.74609375
17.17675532
10.29229736
7.29199468
19.00712872
7.18359375
0.77799313
11.75716312
15.00244141
7.68267822
3.09765625
10.16009053
3.86313760
2.82421875
13.85676751
1.29720467
18.92968750
13.61913564
6.89355718
0.55224859
6.97134752
1.55632092
7.25358156
5.78906250
5.25781250
2.44136473
6.26530031
12.45377438
10.21969355
3.21517342
0.09313965
7.23046875
7.42645346
11.83416666
0.00324059
4.68359375
8.14338985
7.68781472
2.91553856
3.35091312
6.83626219
3.73095703
7.19108156
1.84570312
2.87500000
0.28306668
4.76497562
14.17968750
8.75000000
19.27734375
6.09765625
9.94063459
1.85987200
11.11002438
7.22981937
10.83691406
5.47131348
9.45312500
2.73242188
6.63215814
6.33886968
8.69666003
2.35551358
2.27701906
9.85286126
2.65690436
6.46321282
10.11230718
1.66666750
0.66406250
7.38671875
3.88281250
8.20312500
7.81298704
5.54085328
8.76985594
6.64388187
1.53808594
6.78906250
0.26855469
13.98316322
4.80705895
0.09313437
7.19530253
5.71289561
0.94206311
0.00456619
2.21484375
5.45703125
11.08560284
2.62594501
8.08593750
19.60121155
4.43359375
2.15820312
8.79283568
10.07389406
3.38998413
3.42968750
13.69226074
0.77441406
0.70849609
7.17578125
3.48242188
2.75292720
3.34472905
0.37479489
3.49935062
4.67805408
7.75431897
3.22851562
3.05468750
9.55468750
4.56640625
13.22134752
1.72396498
7.92267177
2.13592198
10.82031250
6.16406250
10.06640625
7.20377438
6.52554923
9.75944592
7.90625000
10.56379876
2.40495124
4.28125000
5.85156250
4.31640625
2.84806149
3.37825687
0.27328491
13.06444814
11.70648868
3.88151374
4.61718750
9.69173094
9.99161867
3.76757812
8.21093750
9.83658688
0.91422360
11.49185284
3.08887965
21.53385251
2.68880374
2.34179688
4.89453125
12.75000000
0.04333496
9.73437500
3.29166002
6.46989514
9.73795656
2.31250000
0.72767610
4.18880873
1.55224609
11.05468750
2.01171875
11.85351562
3.65771484
9.51074219
1.30859375
5.05045158
3.81868905
8.01562500
4.87923094
23.62052492
7.47265625
3.85156250
6.15234375
4.89453125
2.59179688
3.09765625
10.08739362
6.18213763
15.31673094
10.85123781
6.05859375
2.02180907
1.58170656
12.36718750
0.77539062
6.40234375
10.94432846
3.69629654
0.38037109
8.03393479
0.95434646
4.66324029
3.74870124
5.59798094
3.12858156
8.57775116
3.16796875
11.27832031
3.99023438
5.58626219
1.60514406
3.28548094
6.32735261
0.36494965
2.87955563
8.94531250
12.18685062
11.92260742
0.38085938
6.73046875
5.56250000
3.09960938
3.65838726
5.20736591
3.46093750
1.24804688
0.01887512
4.79296875
2.83203125
3.35366800
0.33969137
12.48843736
7.21365004
5.83984375
7.04508422
1.13601216
13.78789226
4.85725953
12.45312500
4.42578125
9.55468750
10.02600067
3.34509308
6.18310173
6.31689827
13.58365470
6.01790780
11.00877162
6.02052526
1.67480469
0.26269531
1.58593750
1.54101562
7.00390625
3.83203125
7.68750000
3.71679688
13.46875000
7.18961547
0.52425172
14.75617908
20.83040780
6.61653812
7.29687500
0.03604126
7.29687500
7.74218750
2.38118407
3.37662843
6.81250000
3.29687500
1.56835938
11.76464096
2.79004654
15.10620117
1.59472656
3.73632812
4.83788564
6.74023936
2.39648438
2.68359375
11.30390930
4.35937500
8.91471188
15.33729465
4.30533190
3.38672373
3.88053468
10.93424562
7.63716715
1.25036457
3.79805169
5.38118905
0.44384766
9.28970337
4.03515625
5.33593750
2.35937500
4.85546875
0.68212891
8.80719637
4.76702238
2.84910489
6.07960604
4.03125000
0.07531738
0.05502319
4.66796875
7.24022939
22.67131966
2.88932126
1.72558843
8.89062500
0.01466370
0.00055838
7.26953125
3.56648181
12.56542492
1.01155640
4.77734375
8.82454344
15.06608156
3.57812500
6.18359375
10.42968750
1.58886719
1.33593750
3.42447751
2.04655031
4.41764406
9.34375000
11.47900266
1.00634890
7.62532469
6.87119132
3.30859873
0.97656250
0.00142574
3.11914062
2.18293689
4.18522717
9.82031250
0.12548828
9.29687500
5.41406250
5.07031250
1.46289062
1.90201657
4.41731937
1.85839844
6.70735594
10.04264406
9.73437500
3.51562500
5.42642066
1.29818871
7.93828453
6.66174534
5.03060062
8.52343750
6.97216298
18.47070811
3.70312500
16.31250000
2.17578125
6.22688719
8.51139406
1.04980469
4.68359375
12.54296156
11.71451906
17.63964595
5.51880132
17.63471647
3.41243407
8.28060062
7.78788083
9.51139406
8.21451906
0.01657104
12.05110594
1.41178468
2.18164062
3.79492188
6.09211658
3.59603280
7.10481937
11.21093750
6.63899158
4.87663342
4.34016346
5.18913342
1.21809813
3.78678468
9.83593750
3.44335938
8.34375000
0.37288328
10.02050532
1.86002936
5.34504876
5.17997565
13.66519165
7.04101562
4.05078125
5.27734375
4.73046875
0.00759506
2.90209961
10.34533691
2.46203613
2.11946532
11.25373796
6.89062500
0.10205078
0.01330566
8.82812500
8.64843750
1.09911611
4.03320811
0.42944336
5.82226064
0.77344248
3.53320312
0.14013672
2.63281250
2.89745346
2.51660904
24.44339415
3.12467531
1.37727782
7.49576906
1.48339345
4.40820811
8.46093750
0.00231171
3.88281250
8.53906250
0.29785156
11.80919881
0.72400432
2.55468750
5.22094727
8.75000000
3.92187500
5.76171875
4.45312500
2.46093750
0.17439696
1.76811807
0.42906700
15.44152832
1.06152344
6.87109375
4.44531250
4.95247064
6.46354499
10.26562500
8.76562500
0.30126953
5.54860428
5.11936447
5.70924377
0.18324705
7.03381317
0.13724886
1.71417942
11.71355496
11.03125000
5.34716797
4.31250000
0.41699219
1.10058594
13.29687500
5.37500000
9.35579344
1.41862062
4.27408688
4.38997562
5.14453125
0.30566406
2.28613032
6.38574468
3.46875000
4.92968750
0.34667969
2.97460938
5.64062500
2.29915282
1.67936281
4.14062500
10.59375000
4.74609375
9.08203125
5.63671875
0.82714844
0.83837891
4.65625000
1.95930907
7.69889406
6.21516844
0.42260742
6.32844969
10.10091312
2.54524657
3.33951906
2.89648438
1.07226562
2.24803441
0.70216090
2.63281250
4.13932126
0.13997562
12.70028188
6.29102061
3.28743407
3.74576906
2.36869293
0.80318207
5.11328125
6.41406250
0.10400391
12.14664672
0.20102079
0.42386264
0.04360962
5.29687500
8.11233587
0.06653052
0.13444945
11.02701906
7.65234375
4.11993740
1.25896885
13.21996307
2.40039062
4.07454344
1.06119875
6.87500000
2.18391844
2.28287843
4.10156250
3.18391844
5.10253657
1.78776374
7.17555725
2.19034851
3.89680907
11.56477312
7.55214872
4.81894503
17.25648499
11.19531250
6.89813232
1.69766339
7.98894060
3.28483156
6.86501053
4.89703291
1.49028353
12.96158688
8.82812500
1.58626468
9.69531250
0.08111572
1.77636719
12.79329344
5.50358156
0.26879883
8.93814938
3.82356937
6.50097656
3.73079344
11.41764406
0.76171875
4.94140625
11.03906250
1.78613281
0.75732422
0.37719727
0.12377930
1.92871094
11.12393666
2.58382701
2.36930297
8.16585328
1.67187500
7.83984375
5.18750000
1.81276153
2.63850953
0.36132812
0.11132812
0.06640625
0.79296875
13.90861174
4.59309564
10.26009530
9.26562500
0.66096922
0.73356203
16.10937500
0.44311523
10.76204344
1.77213625
1.42578125
4.16015625
1.39355469
4.89843750
14.31640625
0.13256836
3.49929428
3.25781250
0.19921875
0.00791168
3.94140625
5.26171875
0.63916016
8.58593750
3.91372784
3.31674091
9.92097961
0.12967957
0.38728758
2.03678468
4.08203125
8.21093750
0.07971191
2.36132812
5.12532469
3.28840814
1.18197030
3.50781250
3.49608378
0.84375997
4.71920469
