dataset,model,context,mean_dll_orig,mean_dll_pron,mean_dll_pron_baseline,pct_worse_linking,pct_worse_singleton
ns_spr,gpt2,1,0.0126490553610502,0.0131524403625029,0.012672840549934,-3.9796252533037855,-0.18803925040127195
ns_spr,gpt2,2,0.0153121689181298,0.0155771713375234,0.0150476677894334,-1.7306654649021265,1.7273916589517724
ns_spr,gpt2,3,0.0159545863085674,0.0153984007100539,0.015247642420286,3.486054653857341,4.430975987774942
ns_spr,gpt2,4,0.0162592431165028,0.0164742119519238,0.0150917758907602,-1.322133102265142,7.180329473994178
ns_spr,gpt2,5,0.0173610486396302,0.0178485415736008,0.0157243280697077,-2.8079694037477445,9.427544406427014
ns_spr,gpt2,6,0.0176022514823314,0.018102634210297,0.015909738652875,-2.842720026287085,9.61532012626477
ns_spr,gpt2,7,0.0175771927250187,0.0179899858726003,0.0157944244471843,-2.348458903758711,10.14250856621084
ns_spr,gpt2,10,0.020369243116814,0.0189055588046222,0.0177241551666667,7.185756995475333,12.98569581097471
ns_spr,gpt2,12,0.0206946044580212,0.018949162567155,0.017249308232358,8.434284861093825,16.64828256394989
ns_spr,gpt2,16,0.0220128841246349,0.0200274787779084,0.0193926040801545,9.019287683910068,11.90339271148941
ns_spr,gpt2,20,0.0244542957392864,0.020397429518988,0.0206657927604102,16.58958517370414,15.492177813118744
ns_spr,gpt2,25,0.0282256119763133,0.0217727791019726,0.0224281739114908,22.861622556690122,20.53963637595405
ns_spr,gpt2,32,0.030662024455081,0.0204000628917033,0.0256851107538971,33.4679844066108,16.231523487547236
ns_spr,gpt2,40,0.0314397828993706,0.0202683500343043,0.0271608767999702,35.53279264307497,13.609846203760142
ns_spr,gpt2,50,0.0356188697641951,0.0225364798975942,0.0307324749356902,36.728818048436835,13.718556655093042
ns_spr,gpt2,64,0.0387148751070508,0.0220844663950363,0.0351757135825422,42.95612129970619,9.141606461915314
ns_spr,gpt2,80,0.0415345413982344,0.023146459252549,0.0380141328170975,44.27178325957672,8.475857593763175
ns_spr,gpt2,100,0.0439521162116537,0.0239359084382646,0.0375836357234337,45.54094204929749,14.489587844990673
ns_spr,gpt2,128,0.044562446448778,0.0245357938502646,0.0370689142698151,44.94064889712215,16.81580069347474
ns_spr,gpt2,160,0.0444333082448092,0.025783037009216,0.0382444273790954,41.97362738069828,13.92847192834625
ns_spr,gpt2,200,0.046525895134988,0.0267317700841255,0.0392342144023162,42.544318585236624,15.672306167384844
ns_spr,gpt2,256,0.0463361326499271,0.0265590683880997,0.0394191166431629,42.68173265827897,14.927909627294051
ns_spr,gpt2,320,0.0461682423886782,0.0271007541555377,0.0393099286214022,41.30000893821422,14.855046266517476
ns_spr,gpt2,400,0.0466030673570346,0.0279451682645594,0.0395754657366316,40.035774790388004,15.079697579910977
ns_spr,gpt2,512,0.047372315863506,0.0277287609451708,0.0402263497534383,41.46631753223578,15.084688134431456
ns_spr,gpt2,640,0.0470802328299938,0.0283496404640414,0.040701844036904,39.78440895479078,13.54791259448969
ns_spr,gpt2,800,0.0473361185081569,0.0281618555420636,0.0405295395320429,40.50662278697231,14.379250328564769
ns_spr,gpt2,1023,0.0469667935690734,0.0282247969736894,0.0404095767385446,39.90478201970592,13.961389169318606
ns_spr,gpt2-medium,1,0.00843759033473761,0.00914221247000572,0.00845720299233271,-8.350987750224926,-0.23244382361577065
ns_spr,gpt2-medium,2,0.0135008543794126,0.0140830350036068,0.0132470092548607,-4.312176161842875,1.8802152620727282
ns_spr,gpt2-medium,3,0.0151744722906667,0.0146254382873157,0.0142362056232741,3.6181423171376577,6.183191411339462
ns_spr,gpt2-medium,4,0.0144358166566797,0.014650972840639,0.0131286237007953,-1.4904330601884828,9.055206137433792
ns_spr,gpt2-medium,5,0.0149565500035061,0.0151855715034872,0.0133165261478288,-1.5312455073353346,10.965255057435419
ns_spr,gpt2-medium,6,0.0153353508675107,0.0154403679107331,0.013323139417893,-0.684803654834386,13.121391659064017
ns_spr,gpt2-medium,7,0.0150110825028209,0.0145556062285934,0.0124994178548307,3.034266676916048,16.732068773309685
ns_spr,gpt2-medium,10,0.0170120881454561,0.0155257877049658,0.0143225523049969,8.736731362912483,15.809557400968382
ns_spr,gpt2-medium,12,0.017945297374381,0.0165807804000991,0.0145962893210684,7.603757941787729,18.662315722300196
ns_spr,gpt2-medium,16,0.0200866835863182,0.0183357025366324,0.0168037512786351,8.717123671318392,16.343824472444368
ns_spr,gpt2-medium,20,0.022505853271864,0.0186201674318916,0.0190598950675662,17.265223375601508,15.31138660983746
ns_spr,gpt2-medium,25,0.0266200454259701,0.0193143638647952,0.0213296547249579,27.44428660533994,19.87371026741749
ns_spr,gpt2-medium,32,0.0294857013691287,0.0182932993422888,0.0246457360229504,37.95874443250741,16.41461834530311
ns_spr,gpt2-medium,40,0.0302190026855221,0.0181582964206261,0.0257070598455245,39.91100034110085,14.930813193776341
ns_spr,gpt2-medium,50,0.0347350790262202,0.0204684356299063,0.0296065425249639,41.07272473900131,14.764718103520167
ns_spr,gpt2-medium,64,0.0375287903531802,0.0198797444590921,0.0341018625638823,47.02801696509388,9.13146348988976
ns_spr,gpt2-medium,80,0.0400223616251625,0.0202896987625552,0.0364635541694629,49.30409416470081,8.892047623351838
ns_spr,gpt2-medium,100,0.0426889221286051,0.0219491814969955,0.0368177455775585,48.58342538874333,13.75339609971655
ns_spr,gpt2-medium,128,0.04311302510208,0.0217057608403202,0.0367221496967594,49.65382088376605,14.82353741169596
ns_spr,gpt2-medium,160,0.0437484319396172,0.0234140772936495,0.0378761241976773,46.48019081925894,13.422898791081225
ns_spr,gpt2-medium,200,0.0453445103368642,0.0240106309386923,0.0385646358248526,47.048428221371424,14.951919122389848
ns_spr,gpt2-medium,256,0.0453860291143173,0.0237785722970129,0.0384577193343947,47.60816762109773,15.265291798213346
ns_spr,gpt2-medium,320,0.0453049181778932,0.0245377709624479,0.0386649145928167,45.83861543221781,14.656253343189105
ns_spr,gpt2-medium,400,0.0462833525392178,0.0251700938137353,0.038869117481359,45.61739279278086,16.019226462854828
ns_spr,gpt2-medium,512,0.0469947213922174,0.0251253354724848,0.0394284726434879,46.53583481687434,16.10020982054928
ns_spr,gpt2-medium,640,0.0468100948940871,0.0254287019131412,0.0398065463291648,45.67688450391676,14.9616200966237
ns_spr,gpt2-medium,800,0.0469833139348104,0.0252346330716996,0.0396364032584435,46.29022314876982,15.637276430863938
ns_spr,gpt2-medium,1023,0.04613283957776,0.0253029999677703,0.0391984690905119,45.15186968900886,15.031310777130274
ns_spr,gpt2-large,1,0.0116672152652705,0.0121860015705794,0.0117065722929971,-4.446530671746478,-0.33733008975833806
ns_spr,gpt2-large,2,0.013621218903323,0.0142511941817093,0.0134307678456641,-4.624955247085653,1.3981939429255337
ns_spr,gpt2-large,3,0.0138579461673131,0.0135720027072249,0.0130421114022403,2.0633898893516283,5.887126095186305
ns_spr,gpt2-large,4,0.0118585722751038,0.0123633047469198,0.0106582437405919,-4.256266775686637,10.122032456064895
ns_spr,gpt2-large,5,0.0124678184612686,0.0125871850523198,0.0111230476918093,-0.9573975705694102,10.785934793940683
ns_spr,gpt2-large,6,0.0122788467122049,0.0127128862598168,0.0107307911813201,-3.534855982691472,12.607499443299405
ns_spr,gpt2-large,7,0.0129094861026541,0.0126207683251724,0.010764063647392,2.2364776969887408,16.618960957873114
ns_spr,gpt2-large,10,0.0151220949159391,0.0140778311433697,0.0127441650416013,6.905549650192366,15.724870711077187
ns_spr,gpt2-large,12,0.0158657584572805,0.0142403600726107,0.0128065843768127,10.244693873578322,19.281612591700792
ns_spr,gpt2-large,16,0.0168475167729967,0.0150521177712413,0.0140387722036952,10.65675746726708,16.671564166674592
ns_spr,gpt2-large,20,0.019085005579972,0.0148861771049377,0.015836696838467,22.00066674038882,17.0202137373946
ns_spr,gpt2-large,25,0.0229942620016172,0.0158618198101638,0.0182810410503477,31.018356627195825,20.49737865445739
ns_spr,gpt2-large,32,0.0255550178897627,0.0151414263515477,0.021132357257773,40.74969379061428,17.306427454161444
ns_spr,gpt2-large,40,0.0264403834675917,0.0149924146469796,0.0217131566786123,43.29728740373231,17.8788132735428
ns_spr,gpt2-large,50,0.0308852406267939,0.0170530892213921,0.0258111516544842,44.78563587230718,16.428847142954783
ns_spr,gpt2-large,64,0.0331837293280158,0.016287187223035,0.0298711076036235,50.91815310437598,9.982668589318457
ns_spr,gpt2-large,80,0.0359138850851778,0.0172287678428642,0.0320361266547362,52.02755758113546,10.79737940143379
ns_spr,gpt2-large,100,0.0386980999397588,0.0185285329297677,0.0327414254435589,52.12030317092828,15.392679499697955
ns_spr,gpt2-large,128,0.0398018377829439,0.0187313871579581,0.0324859868090695,52.938386262191706,18.380686373757065
ns_spr,gpt2-large,160,0.0396394511029222,0.0200018212331614,0.0336335936083277,49.54062007259511,15.151212560942252
ns_spr,gpt2-large,200,0.0412115219376661,0.0204238765829259,0.0340141179745682,50.4413435305356,17.464542983838964
ns_spr,gpt2-large,256,0.0412599189884044,0.0206084008301597,0.0345181398096634,50.05225086372215,16.339778031642975
ns_spr,gpt2-large,320,0.0413415239419177,0.0211921040965596,0.0341878415041346,48.73893829764669,17.30386728808939
ns_spr,gpt2-large,400,0.0419301164230812,0.0215816382222197,0.0345902961015612,48.529505607717105,17.50488896205328
ns_spr,gpt2-large,512,0.0429391144609089,0.0216285167801779,0.0351558643200607,49.629802450006125,18.126247451921763
ns_spr,gpt2-large,640,0.0425319414274324,0.0219684041045439,0.035072052140121,48.34845678976074,17.53949863784011
ns_spr,gpt2-large,800,0.0427013053040181,0.0218839584002707,0.0351582322903265,48.75107858070192,17.664736382149364
ns_spr,gpt2-large,1023,0.0422124510957955,0.0219905669986975,0.0348719895730991,47.90502226749909,17.389327869254206
ns_spr,gpt2-xl,1,0.0119520652441125,0.0125852206185673,0.0119402204660545,-5.297455808039265,0.09910235441387294
ns_spr,gpt2-xl,2,0.0131179854972457,0.0138016214712294,0.0129235954248911,-5.2114402331609435,1.4818591802483305
ns_spr,gpt2-xl,3,0.0151569589861007,0.0148855468518187,0.0144049852803776,1.790676708506314,4.961243917151377
ns_spr,gpt2-xl,4,0.011705420146758,0.0122663734113,0.0105782489673691,-4.792252285770407,9.62948074701204
ns_spr,gpt2-xl,5,0.0121433968135143,0.0127260957915524,0.0108488532449238,-4.798484204927146,10.66047324707187
ns_spr,gpt2-xl,6,0.0119314417429274,0.0118698431243774,0.0104793595955141,0.5162713767300068,12.170215290822258
ns_spr,gpt2-xl,7,0.0119749308772301,0.0117093415264922,0.00986423866844487,2.2178779440211938,17.62592394415074
ns_spr,gpt2-xl,10,0.0138537736364064,0.0133773452406602,0.0118187477119775,3.4389792142566233,14.68932565117872
ns_spr,gpt2-xl,12,0.0148255456638676,0.0139445767501477,0.0121409670471818,5.942236014064241,18.107789605535594
ns_spr,gpt2-xl,16,0.0155726971799089,0.0144251830937453,0.0131813285405369,7.368756182095957,15.356162209699114
ns_spr,gpt2-xl,20,0.0178009548826403,0.0147373394358324,0.0148769380307152,17.210399481409357,16.426179781943137
ns_spr,gpt2-xl,25,0.0212201659316569,0.0153922885161731,0.017358079145787,27.46386354495745,18.200078162953048
ns_spr,gpt2-xl,32,0.0236340962437645,0.0143956018022381,0.0200872704424522,39.089687823217815,15.007241083940523
ns_spr,gpt2-xl,40,0.0243422715598397,0.0141055334884057,0.0209489617065676,42.05333937824746,13.939988488463257
ns_spr,gpt2-xl,50,0.028057872594636,0.0164559942190057,0.0236812263864134,41.349814874589974,15.598638825736705
ns_spr,gpt2-xl,64,0.0307141229062634,0.0157546653408913,0.0283706098288675,48.70546885231576,7.630083022549954
ns_spr,gpt2-xl,80,0.0329293249192848,0.0167550365635066,0.030243330965435,49.11818992774388,8.15684488046343
ns_spr,gpt2-xl,100,0.0343639500066138,0.0175477311750561,0.0300716760812016,48.935639902633994,12.490630223202178
ns_spr,gpt2-xl,128,0.0352313389469272,0.0176505635477012,0.0298258581199581,49.900957286096435,15.342819741003924
ns_spr,gpt2-xl,160,0.035409192549816,0.018948178504517,0.0308452119893588,46.48796784095134,12.88925341642925
ns_spr,gpt2-xl,200,0.0364530302275549,0.0191230559269811,0.0314766919417458,47.540558884660136,13.651370694684795
ns_spr,gpt2-xl,256,0.036459857127736,0.019156640415487,0.0316670516932574,47.45826801138525,13.14543120036689
ns_spr,gpt2-xl,320,0.0364748921417708,0.0199106165848975,0.0315764473830097,45.41281573223381,13.42963466409104
ns_spr,gpt2-xl,400,0.037089732221155,0.020415075373426,0.0318593448507882,44.957609152589455,14.101982023433177
ns_spr,gpt2-xl,512,0.0378062523720096,0.0205700087212382,0.0322140301692319,45.5909871234222,14.791791970679302
ns_spr,gpt2-xl,640,0.037473713986264,0.020791840053961,0.0325151505180867,44.51620124553933,13.232111100583447
ns_spr,gpt2-xl,800,0.0375591536049742,0.0204286680798733,0.0324176779999628,45.60934920224667,13.689008168518663
ns_spr,gpt2-xl,1023,0.0370896238734,0.0203211395463869,0.0321048114141684,45.210715493502626,13.439911055033955
ns_maze,gpt2,1,0.0126394868647935,0.0125247091672147,0.0125721819153411,0.9080882697738789,0.5324974832627408
ns_maze,gpt2,2,0.0351409285362769,0.0347366353668018,0.034345535643594,1.1504908558628086,2.2634373245481973
ns_maze,gpt2,3,0.041304101106365,0.040350028866491,0.0407445397679951,2.309872904429329,1.3547355429159575
ns_maze,gpt2,4,0.0461785292095712,0.0446822684891574,0.044630324071622,3.240165388601717,3.3526514690907936
ns_maze,gpt2,5,0.0513426850843282,0.0485169719547086,0.0497577610978937,5.50363333156136,3.086951887754447
ns_maze,gpt2,6,0.0538020641028747,0.0506222522802789,0.051920495679421703,5.910204144799548,3.4972049025018466
ns_maze,gpt2,7,0.0553026353841297,0.0508256046760334,0.0538575902675634,8.095510597278158,2.6129769522357833
ns_maze,gpt2,10,0.05974985086156,0.0551878396229304,0.057823898469165,7.6351843106685235,3.223359329979599
ns_maze,gpt2,12,0.0621077979343325,0.0573075754310471,0.0598144407050023,7.728856380258009,3.6925431356541747
ns_maze,gpt2,16,0.0698022496033444,0.0608685254867094,0.0648656675964555,12.798619195515146,7.072239125445559
ns_maze,gpt2,20,0.0727613253955165,0.0621361359268093,0.067672100566543,14.602798136167428,6.9944091882732735
ns_maze,gpt2,25,0.0771986772041557,0.0634201804412874,0.06924716097565,17.84809955542423,10.300067975876795
ns_maze,gpt2,32,0.0799552215572057,0.0639788090461034,0.0734808048594519,19.981700006511307,8.097553320043668
ns_maze,gpt2,40,0.0847314607530215,0.0654365368445214,0.0768807891250375,22.771853260905868,9.265356171384225
ns_maze,gpt2,50,0.0888123768230837,0.0680431243176641,0.0812480338384401,23.385538421961762,8.517217143858154
ns_maze,gpt2,64,0.0923473932458886,0.0698899033360482,0.0866720700037927,24.318488178701493,6.145623652834977
ns_maze,gpt2,80,0.0953183485138214,0.0710454463976228,0.0897145655455561,25.465088825661898,5.87901810683672
ns_maze,gpt2,100,0.100228448283641,0.0729588724281258,0.0931613527545409,27.20742096928788,7.05098766879099
ns_maze,gpt2,128,0.10295773544172,0.0726350654874869,0.0947838144007217,29.451570417841673,7.939103366959086
ns_maze,gpt2,160,0.10485426328753,0.0757573911086307,0.0967391491641838,27.749822722144003,7.739422193157268
ns_maze,gpt2,200,0.107645501472819,0.0770343017995367,0.098252966336933,28.437044980474337,8.725432096443027
ns_maze,gpt2,256,0.109531400593053,0.0776442192826824,0.100235891364575,29.112365164436266,8.486615872843998
ns_maze,gpt2,320,0.109998129155602,0.0790783638135367,0.0995959052570695,28.109355658518954,9.456728017453408
ns_maze,gpt2,400,0.110991348972062,0.0807511616329475,0.100595202025882,27.245535457656665,9.366628158377143
ns_maze,gpt2,512,0.112453024644944,0.081453465799535,0.101524794957044,27.566674123071326,9.718039796976633
ns_maze,gpt2,640,0.112978313605037,0.0821399095769291,0.102366292285566,27.295861518978548,9.392971961477814
ns_maze,gpt2,800,0.113116518948474,0.0815100098286179,0.102236107898292,27.941550370952413,9.618764042003681
ns_maze,gpt2,1023,0.112597670826216,0.0814835748044382,0.101625668834527,27.63298369626065,9.744430689533056
ns_maze,gpt2-medium,1,0.0205948165172909,0.0206599978852067,0.0205061881650549,-0.31649404529113495,0.430343004811841
ns_maze,gpt2-medium,2,0.0351627009594486,0.0351023745472903,0.0344091342573315,0.17156364702436924,2.143085376138258
ns_maze,gpt2-medium,3,0.0414167551936686,0.0404443712920841,0.0407970697035232,2.3478031947154294,1.4962193132891097
ns_maze,gpt2-medium,4,0.0447713375530169,0.0431831677721793,0.0430795057719454,3.547291342271975,3.7788278696566593
ns_maze,gpt2-medium,5,0.048990079343258,0.0461917402790701,0.047549420688885,5.712052525126287,2.940715086984714
ns_maze,gpt2-medium,6,0.0509258171256823,0.0487000103938116,0.0486250902878933,4.370684374838018,4.517800533491636
ns_maze,gpt2-medium,7,0.05283212708214,0.0498026144850671,0.0509016496678054,5.734224163193029,3.653983893802435
ns_maze,gpt2-medium,10,0.0570589471987392,0.0537488438938526,0.0548688247958534,5.8011994041133335,3.838350531175336
ns_maze,gpt2-medium,12,0.0607103649322035,0.0571094161479249,0.0575627465018453,5.931357500980043,5.184647520852839
ns_maze,gpt2-medium,16,0.0669455955522034,0.0594880768488183,0.0616541914304082,11.139670417256594,7.904036222471057
ns_maze,gpt2-medium,20,0.0706354047142827,0.0602229464965745,0.0658598941262056,14.741131957587367,6.760788881148064
ns_maze,gpt2-medium,25,0.0737932946971354,0.0596734912953503,0.0667572090915467,19.13426343102854,9.53485765131695
ns_maze,gpt2-medium,32,0.0764524115689431,0.06087246547424,0.0706620354338437,20.37861955558256,7.573830591174781
ns_maze,gpt2-medium,40,0.0808320844757128,0.0629496685739698,0.0751615713494688,22.12291816761949,7.015176168007631
ns_maze,gpt2-medium,50,0.0866948656190095,0.0660764292267952,0.079932762979934,23.782765271041974,7.799888252658851
ns_maze,gpt2-medium,64,0.0905198608042933,0.0673043925584107,0.0864954271362747,25.64682274100603,4.445912347036755
ns_maze,gpt2-medium,80,0.093897850145077,0.0692145414700512,0.0902636164946397,26.28740555496087,3.8704119900745573
ns_maze,gpt2-medium,100,0.0983995221039083,0.0719577222931849,0.0941991585633916,26.871878282905975,4.268682866245218
ns_maze,gpt2-medium,128,0.101144010805853,0.0710761341280414,0.0961617691564023,29.727787575605447,4.925888947605485
ns_maze,gpt2-medium,160,0.10282796303512,0.0743940093466046,0.0966345336500946,27.651966302983194,6.023098389015271
ns_maze,gpt2-medium,200,0.105489571159563,0.0760080542140476,0.0987578102017292,27.947328462376632,6.3814468898082275
ns_maze,gpt2-medium,256,0.107191118337809,0.0766793752775792,0.100293240133551,28.4648052314122,6.43512103541955
ns_maze,gpt2-medium,320,0.107455273310702,0.0783196824199304,0.100571714485039,27.114156423508295,6.405975820060357
ns_maze,gpt2-medium,400,0.109309400911156,0.0794997146402904,0.101401343084306,27.27092640009452,7.23456332294532
ns_maze,gpt2-medium,512,0.11119589777747001,0.0796780850193015,0.101963228695505,28.344402435819617,8.303066269981958
ns_maze,gpt2-medium,640,0.111686956213829,0.0798611223785121,0.102251622671927,28.495569146306497,8.448017442464122
ns_maze,gpt2-medium,800,0.111239532177735,0.0795962643126493,0.101698892637976,28.446063414333306,8.576662768157025
ns_maze,gpt2-medium,1023,0.110348361183243,0.0793452313867964,0.101443983333946,28.095686663586534,8.06933401984141
ns_maze,gpt2-large,1,0.0235140147147006,0.0233667812754946,0.02345924510248,0.6261518545105865,0.23292327101574142
ns_maze,gpt2-large,2,0.0358678855569487,0.0360454385617503,0.0350062743251942,-0.4950194360348142,2.4021801630500343
ns_maze,gpt2-large,3,0.0404137047898946,0.039608549123503,0.0395594185310681,1.9922837329007712,2.113852870623515
ns_maze,gpt2-large,4,0.0429189842782912,0.0416137104971105,0.0414352054231179,3.041250400329066,3.4571620930083578
ns_maze,gpt2-large,5,0.0468673083925338,0.0440910054829707,0.0456043930971853,5.923751554730438,2.6946614573445804
ns_maze,gpt2-large,6,0.0488929901103082,0.0470585342426699,0.0477042303249251,3.7519813443593795,2.4313501438572103
ns_maze,gpt2-large,7,0.0506827541959199,0.0475295550232215,0.049395742259807,6.221444005409321,2.5393488505731163
ns_maze,gpt2-large,10,0.0553788629138785,0.0516517326844748,0.0541390043308448,6.730239721967464,2.238866090410551
ns_maze,gpt2-large,12,0.0581409036006412,0.0546645557631048,0.0569072444759739,5.979177519177861,2.121843742128708
ns_maze,gpt2-large,16,0.0642621480046679,0.0573389702684808,0.0601571499533547,10.773336950523598,6.38789424065775
ns_maze,gpt2-large,20,0.0680591577417999,0.0583648443122529,0.0637509838917163,14.243951513953343,6.330042852466435
ns_maze,gpt2-large,25,0.0715423627920003,0.0585229003022039,0.0649640801761291,18.19825622428591,9.194947383827207
ns_maze,gpt2-large,32,0.072998401142568,0.0593701446973281,0.0681979145977923,18.669253342444332,6.576152997378874
ns_maze,gpt2-large,40,0.0765512509886825,0.0607736853929103,0.0713542821589359,20.6104608246112,6.788875116508443
ns_maze,gpt2-large,50,0.0813469030325731,0.0629635472281896,0.0758973762050184,22.598716262157392,6.699120217732996
ns_maze,gpt2-large,64,0.0857028254646192,0.0644796390215795,0.08207677927492,24.763695161720538,4.230952912043868
ns_maze,gpt2-large,80,0.0893303098965053,0.0650867239208188,0.0859230082734067,27.139261023245187,3.814272699877746
ns_maze,gpt2-large,100,0.0946064464909013,0.0670046463498148,0.0897134535135011,29.175390435725834,5.1719445755430415
ns_maze,gpt2-large,128,0.0979106518895508,0.0673711471804694,0.0915237520977037,31.191197402639936,6.523191980226946
ns_maze,gpt2-large,160,0.0995733238618435,0.0700340499759953,0.092751809312674,29.66585099321742,6.850745043556364
ns_maze,gpt2-large,200,0.103143080391677,0.0706632748102477,0.0951656645813459,31.490048055661735,7.73431991757188
ns_maze,gpt2-large,256,0.104633459046221,0.0725662197861993,0.096820462549334,30.64721318814076,7.467015396514073
ns_maze,gpt2-large,320,0.104723647754434,0.073970688460244,0.0968022513726187,29.365821334167592,7.564095170166604
ns_maze,gpt2-large,400,0.10621499511135,0.0753030530097946,0.0984357004128097,29.10318083538855,7.324102110426933
ns_maze,gpt2-large,512,0.107834383307114,0.0762990294599506,0.0986039162929492,29.244247409799268,8.55985515109456
ns_maze,gpt2-large,640,0.107709204244857,0.0760105586819295,0.098395611779857,29.429839153640554,8.646979179074943
ns_maze,gpt2-large,800,0.107468632448624,0.0759057011066913,0.0985230423199008,29.369436106876247,8.323908032419853
ns_maze,gpt2-large,1023,0.107057546033272,0.0756226256877301,0.0983745673674065,29.362638609120335,8.110571358666638
ns_maze,gpt2-xl,1,0.0247481714513922,0.0245896044258443,0.0246659574129864,0.6407221877354493,0.3322024763216818
ns_maze,gpt2-xl,2,0.0342295973878414,0.0341677765188344,0.03355756100616,0.1806064742935423,1.9633195625028945
ns_maze,gpt2-xl,3,0.0398102483893133,0.0390696303909062,0.0390991352667975,1.8603702020756094,1.78625643216723
ns_maze,gpt2-xl,4,0.0403278682310038,0.0391912273332937,0.0388479402223354,2.818499830438044,3.6697402406473865
ns_maze,gpt2-xl,5,0.044678419945925,0.0433850537818116,0.0438840214565622,2.8948341630675425,1.7780362204489395
ns_maze,gpt2-xl,6,0.0469605133745316,0.0458106100106626,0.0458976795914651,2.448660121532156,2.263249923589727
ns_maze,gpt2-xl,7,0.0485480612823773,0.0464156416637992,0.046688007779377,4.39238882511691,3.831365154174529
ns_maze,gpt2-xl,10,0.0509796734511177,0.0486577716244027,0.0498985820701353,4.554563945846801,2.1206322202495547
ns_maze,gpt2-xl,12,0.0540591887855646,0.0520641138310142,0.0518998704579626,3.6905380923568245,3.9943594717399313
ns_maze,gpt2-xl,16,0.0590835664096733,0.0531860733948558,0.0554278970535577,9.98161311713214,6.187286208770643
ns_maze,gpt2-xl,20,0.062472559002582,0.0549283822817526,0.0586468678529782,12.07598478640444,6.123794527843247
ns_maze,gpt2-xl,25,0.0657339961077386,0.0558304929091331,0.0603303537534881,15.066029429237135,8.220468363727381
ns_maze,gpt2-xl,32,0.0685738607293303,0.0565410045387781,0.0637527876477252,17.547292893493783,7.030482213382216
ns_maze,gpt2-xl,40,0.0726420491713561,0.0578718203284661,0.0677991434803094,20.332891226744515,6.666807649688816
ns_maze,gpt2-xl,50,0.0783680416409795,0.0605478642090256,0.0723493498453054,22.739087335615558,7.680033428992604
ns_maze,gpt2-xl,64,0.0823116797499382,0.0622334594612256,0.0784128610625714,24.392917687635425,4.736653047552024
ns_maze,gpt2-xl,80,0.0859543703345777,0.0631133769840721,0.0821856196749891,26.57339383861106,4.384594576074078
ns_maze,gpt2-xl,100,0.0920986785437278,0.0647785553727291,0.085196187125713,29.663968694216713,7.494669334194155
ns_maze,gpt2-xl,128,0.0948906969543791,0.0647888897916652,0.0871655962512824,31.722611519215672,8.141051705849174
ns_maze,gpt2-xl,160,0.0954180190374927,0.0673503334754476,0.0882395133950714,29.41549808429416,7.523218061779949
ns_maze,gpt2-xl,200,0.0976663289952307,0.0681625182882354,0.0901407413838596,30.208784348223066,7.705406447434473
ns_maze,gpt2-xl,256,0.0988334385116197,0.0696031855167563,0.0923414684836667,29.575266665873258,6.568596747941497
ns_maze,gpt2-xl,320,0.0987234008908443,0.0707305521446724,0.0913720312007256,28.35482620490638,7.446430758850106
ns_maze,gpt2-xl,400,0.100163655873595,0.0715481629833478,0.092570017998364,28.568738471726725,7.581230745825196
ns_maze,gpt2-xl,512,0.100873968398486,0.0720000328822809,0.0928369196711441,28.623772787587647,7.967416029072388
ns_maze,gpt2-xl,640,0.100580396429008,0.0715312176740408,0.0928697926143415,28.881551262795718,7.666109986063452
ns_maze,gpt2-xl,800,0.100098679742045,0.0709462612495023,0.09306801022072,29.12367932091511,7.023738514277475
ns_maze,gpt2-xl,1023,0.10009179532488,0.0707537098261916,0.09292003269161,29.311179206509525,7.165185328119598
brown,gpt2,1,0.00625083045268527,0.00630591538265276,0.00630118779138119,-0.881241786742446,-0.805610375726681
brown,gpt2,2,0.00648444012942991,0.00628016273823916,0.00556572197931066,3.1502702949421693,14.168041215302432
brown,gpt2,3,0.00608348413537066,0.00581878143163194,0.00520462269064937,4.3511694589566305,14.446679323307416
brown,gpt2,4,0.00598657076606825,0.00581800113638648,0.00488748296200434,2.8157961589165357,18.359221781750502
brown,gpt2,5,0.00590795976307028,0.00634189976447292,0.00471657361584112,-7.345006039396716,20.16577964319148
brown,gpt2,6,0.00618186241947632,0.00633384662316738,0.00484772856592393,-2.458550407272489,21.581422604118835
brown,gpt2,7,0.00630994111091979,0.00618597899870713,0.00480652286873648,1.964552600944801,23.826184995317
brown,gpt2,10,0.0068131836910668,0.00595251159573547,0.00529282486438668,12.632451058963992,22.314954294767652
brown,gpt2,12,0.00669782828116241,0.00593950487731135,0.00552894860673218,11.321929616855494,17.451622008848673
brown,gpt2,16,0.0061134544410886,0.00584225180301704,0.00562800411506477,4.436160286871427,7.940687719223074
brown,gpt2,20,0.00608351849589293,0.00494777478913936,0.00626870253498206,18.669191316182022,-3.0440285373365827
brown,gpt2,25,0.0066569557745206,0.00546805175055721,0.00716794310954498,17.85957522076236,-7.675991133667679
brown,gpt2,32,0.00843819555305883,0.00580321151964428,0.00811437447759148,31.22686618064182,3.8375630599123225
brown,gpt2,40,0.00885468594214266,0.00607274596581805,0.00871034774561929,31.417714806623902,1.6300769724243092
brown,gpt2,50,0.00966855266060271,0.00677525441808574,0.00959638352138815,29.924833054967504,0.7464316712948563
brown,gpt2,64,0.00926592262479349,0.00599734952400344,0.00876351156704972,35.27520391810844,5.422137417804816
brown,gpt2,80,0.0104083353770061,0.00669394380064596,0.00806923891272824,35.68670149278563,22.473300288203514
brown,gpt2,100,0.0106550257969214,0.00639508052811603,0.00831582197912057,39.98061900550483,21.95399487889307
brown,gpt2,128,0.010278654489134,0.00665902380141152,0.00893982553517876,35.215024413447544,13.025332794000931
brown,gpt2,160,0.0105027379098082,0.00672924057940491,0.009029616104103,35.92870128539798,14.026074137577444
brown,gpt2,200,0.0107048086515222,0.00735413976398077,0.0100712218134649,31.300595803410197,5.918712409373103
brown,gpt2,256,0.0111021413945372,0.00709344610067582,0.0104835769690658,36.107406232763935,5.571577621734886
brown,gpt2,320,0.0114649261565128,0.00716756927445813,0.011354740571287,37.482638992955756,0.9610666804264383
brown,gpt2,400,0.0115341601287376,0.00736517018756384,0.0116798815512642,36.14472050536801,-1.2633899729157743
brown,gpt2,512,0.0120538532993007,0.0072744777943835,0.0116040136857301,39.65018808711115,3.731915449781003
brown,gpt2,640,0.0120577617335296,0.00731076197739975,0.0116594490998703,39.368830310601,3.303371243036864
brown,gpt2,800,0.0121023442850218,0.00735090128129268,0.0116314117667728,39.26051756443294,3.891250382224535
brown,gpt2,1023,0.0121142005260034,0.00727821645726293,0.0116747437758133,39.919960531938884,3.6276166078541983
brown,gpt2-medium,1,0.00754048178876616,0.0074659587077244,0.0075321494520222,0.9883066245552676,0.11050138409414209
brown,gpt2-medium,2,0.00753382053481345,0.00729063970497013,0.00653289844658338,3.2278553586403103,13.28571716839887
brown,gpt2-medium,3,0.00648486766648382,0.00617597751360355,0.00548851879211256,4.763245277567156,15.364212897061066
brown,gpt2-medium,4,0.00599394014152626,0.00567733063696912,0.00500826331519271,5.282159932890329,16.444555718945892
brown,gpt2-medium,5,0.00507352191497648,0.00555514357480011,0.00430786870492468,-9.492846742258779,15.091158033469132
brown,gpt2-medium,6,0.00548004797980096,0.00541951452166081,0.0048726136522935,1.1046154771504104,11.084470970809319
brown,gpt2-medium,7,0.00552792663432851,0.0054867215258377,0.0049045398680351,0.7453989753576855,11.277044858413253
brown,gpt2-medium,10,0.00550983584609835,0.00450902717957167,0.00456099171141137,18.164037813129536,17.220914763892285
brown,gpt2-medium,12,0.00583417713801551,0.00484457870050448,0.00513947419754206,16.96209103873097,11.907470823036283
brown,gpt2-medium,16,0.00541478677236255,0.00509143714896443,0.00533442706167181,5.971603998305327,1.4840789502718295
brown,gpt2-medium,20,0.00582295696778921,0.0046322087572625,0.00623386666881963,20.44920161892934,-7.056718833806172
brown,gpt2-medium,25,0.00645451227850159,0.00451733146013064,0.00718676844245117,30.01281483069167,-11.344872119750196
brown,gpt2-medium,32,0.00779843774755924,0.00489784842239028,0.00774292750545605,37.1944922696445,0.7118123385747258
brown,gpt2-medium,40,0.00788315658717027,0.00474227177055983,0.00821012714704342,39.84298398590975,-4.147711088287783
brown,gpt2-medium,50,0.00847642415629698,0.00520299575486576,0.0089540756653147,38.61803445736561,-5.635059079280282
brown,gpt2-medium,64,0.00821581732158744,0.00455799934471428,0.00871339494266536,44.52165662522795,-6.056337447651153
brown,gpt2-medium,80,0.0094831024721562,0.00514273085232942,0.00829667034780907,45.76953199199067,12.511012380501754
brown,gpt2-medium,100,0.00967288361420083,0.00501069423205263,0.00790090240791234,48.19854728018858,18.319058483108716
brown,gpt2-medium,128,0.00932464553444108,0.00492557990143722,0.00890479128006736,47.176759875275415,4.502629647668275
brown,gpt2-medium,160,0.0095566933432212,0.00479355071389249,0.00908302620698597,49.8409068729544,4.956391496763929
brown,gpt2-medium,200,0.0097012616953451,0.00520975672699681,0.0101432214055271,46.29815285266898,-4.555693105300755
brown,gpt2-medium,256,0.0100557949108184,0.00499073439473748,0.0105829552138579,50.36956860199783,-5.242353366538743
brown,gpt2-medium,320,0.0101949195265779,0.00508071209249874,0.0114479516781749,50.16427467373901,-12.290750783567802
brown,gpt2-medium,400,0.0102934488787052,0.00514668919024299,0.0117007069175618,50.000342442168844,-13.67139483995404
brown,gpt2-medium,512,0.0108672657763085,0.00521241044070787,0.0118474750126559,52.0356771611187,-9.019833107278501
brown,gpt2-medium,640,0.0109255561362944,0.00519525880876805,0.011838663047431,52.4485642290595,-8.357532557114265
brown,gpt2-medium,800,0.0109708589722758,0.0052052185942224,0.011802693350388,52.554138127412116,-7.582217401702721
brown,gpt2-medium,1023,0.010935421865907,0.00521770508392485,0.011828354017913,52.286202142855466,-8.16550255632885
brown,gpt2-large,1,0.00779452043514818,0.00766627808879944,0.00779662854997068,1.645288474329236,-0.02704611322837225
brown,gpt2-large,2,0.00565044373974112,0.00559060649718708,0.00476235810749358,1.058983069474478,15.717095384941013
brown,gpt2-large,3,0.00494631234051137,0.00473842666322553,0.00420304775769086,4.202841692450378,15.026640690136206
brown,gpt2-large,4,0.00427291780627461,0.00399173875244886,0.00359284852798531,6.580492922490803,15.915805290957044
brown,gpt2-large,5,0.00426423917749481,0.00467246113411991,0.00376866600342336,-9.573148682173958,11.621608297370257
brown,gpt2-large,6,0.00428441086037955,0.00421168461719882,0.00371582010389516,1.697461927689346,13.271153841534685
brown,gpt2-large,7,0.00412662217196768,0.00386899973651856,0.00379103754324872,6.242937315636749,8.13218692514669
brown,gpt2-large,10,0.00396704394454702,0.00285869494731273,0.00338202421074343,27.938914030881694,14.746994033371891
brown,gpt2-large,12,0.00388054488279722,0.0029000953460366,0.00375189965759369,25.26576979194403,3.3151330312867926
brown,gpt2-large,16,0.00394741144228306,0.00297285130336791,0.00403255913702452,24.688587778716446,-2.157051424368617
brown,gpt2-large,20,0.0044146547909821,0.00285753647580676,0.00524972960635879,35.27157589662696,-18.91597089499531
brown,gpt2-large,25,0.00498128677819016,0.00344143177858521,0.00577589253913115,30.91279559223495,-15.951817197517032
brown,gpt2-large,32,0.00599907452312105,0.0036968044197958,0.00618599477889615,38.377087906677346,-3.1158181992020624
brown,gpt2-large,40,0.00599279630613006,0.0033207761255742,0.00639358969171433,44.58720176793991,-6.687919380378347
brown,gpt2-large,50,0.00662229613704072,0.00337251745726758,0.00755454419718986,49.07329138598982,-14.077414251150058
brown,gpt2-large,64,0.00672015210363676,0.00326219418521653,0.00761263115403244,51.45654242779533,-13.280637649744492
brown,gpt2-large,80,0.00802135571092507,0.00375214504476139,0.00728560568482976,53.22305630143074,9.172389962624647
brown,gpt2-large,100,0.00811556977813833,0.00377897444173155,0.00707478973568869,53.4355005866461,12.824485167428376
brown,gpt2-large,128,0.00780239089807994,0.00396616077268579,0.00780941840267637,49.167366458635044,-0.09006860446016979
brown,gpt2-large,160,0.00787412622379204,0.0040705794221935,0.00808025488473905,48.304366649672765,-2.6177972652277606
brown,gpt2-large,200,0.00807341478290178,0.00457949192622702,0.00900458853497528,43.276890270450835,-11.53382771866954
brown,gpt2-large,256,0.00850710596774459,0.00456462906098389,0.00951410515768578,46.3433384009666,-11.837153478037331
brown,gpt2-large,320,0.00879188916676893,0.00469948285287266,0.0100822007530582,46.54751938143748,-14.676158466218553
brown,gpt2-large,400,0.00903720715513489,0.00474143061860356,0.010202807399137,47.534337354328486,-12.897792691847199
brown,gpt2-large,512,0.0094621502565455,0.00479320763041034,0.0103464977404379,49.34335747739147,-9.34615769053823
brown,gpt2-large,640,0.00946841388598911,0.00485075475628946,0.0102968836830544,48.76908831090108,-8.749826602861527
brown,gpt2-large,800,0.00942286912916649,0.00485489493889506,0.010303213075964,48.47752980174835,-9.342631577813092
brown,gpt2-large,1023,0.00945170478222203,0.00485498268953194,0.0102982071405502,48.63378828056702,-8.956081234364614
brown,gpt2-xl,1,0.00763089244249714,0.00756353772709741,0.00766561287905389,0.8826584296303931,-0.45499837428425804
brown,gpt2-xl,2,0.00555038166335353,0.00545132188401534,0.00463457919158497,1.7847381557963398,16.49981077544916
brown,gpt2-xl,3,0.00496282828094233,0.0048103775245174,0.00423175694048511,3.0718523348942672,14.73094169436799
brown,gpt2-xl,4,0.00385488775643905,0.00358824937253302,0.0033023456175019,6.916890990162761,14.333546755393739
brown,gpt2-xl,5,0.00374836303181195,0.00391389865605091,0.00329237448418092,-4.416211098927109,12.165004930448164
brown,gpt2-xl,6,0.00384988491745136,0.00364313592896386,0.00352461334548261,5.3702641227096395,8.448864808771509
brown,gpt2-xl,7,0.0032093509340276,0.00289980209910516,0.00305421227079302,9.645216160077865,4.833957595278853
brown,gpt2-xl,10,0.00252898249082212,0.00188708256101574,0.00253658565455888,25.381746695988856,-0.3006412169459322
brown,gpt2-xl,12,0.00282893993251786,0.00228349402672922,0.00319123731515197,19.280929210227633,-12.806824862896685
brown,gpt2-xl,16,0.00279342957434382,0.00238833062959326,0.0035266680221545,14.501849213281428,-26.24868206970704
brown,gpt2-xl,20,0.0029512887336069,0.0017484624553869,0.00381019597217257,40.75596753794987,-29.102785802863878
brown,gpt2-xl,25,0.00348563296111957,0.00232606444154102,0.00515102488173447,33.267086136519424,-47.77875178458215
brown,gpt2-xl,32,0.00482428112684055,0.00285377158727191,0.00587223825067363,40.845661514322614,-21.722555055977704
brown,gpt2-xl,40,0.0046505613385275,0.00269839724893288,0.0060858544514148,41.976956059518194,-30.862792863232176
brown,gpt2-xl,50,0.00543451883777271,0.00319949754009742,0.00744033200516793,41.126387899159326,-36.90875360397674
brown,gpt2-xl,64,0.00505370871036679,0.00327888577975995,0.00753226490835768,35.11921704086554,-49.04430270993993
brown,gpt2-xl,80,0.00676400990524375,0.00353916560088491,0.00732899663967694,47.676516586097726,-8.352837183091468
brown,gpt2-xl,100,0.00704936336739677,0.00335696353972543,0.00730399019887454,52.37919561287831,-3.6120542835884493
brown,gpt2-xl,128,0.00682945079723892,0.00351577036132461,0.00771545506156606,48.52045258535282,-12.973287173916429
brown,gpt2-xl,160,0.00697981144311059,0.00347679721330575,0.00793101076307509,50.1878060511575,-13.62786556223334
brown,gpt2-xl,200,0.0070576579575126,0.00396935790566433,0.00894753596834314,43.75814286325531,-26.777693424754865
brown,gpt2-xl,256,0.00761923895462287,0.00392706108489931,0.00935803150967961,48.458617608828,-22.821079184053563
brown,gpt2-xl,320,0.00794347447686206,0.00390499995060679,0.0100912547078002,50.84015235422037,-27.038297122930466
brown,gpt2-xl,400,0.0081804675863639,0.00407008137042304,0.0103742515067197,50.24634805463336,-26.81734139516242
brown,gpt2-xl,512,0.00853102985333964,0.00391609120683948,0.0102686664691545,54.09591486417729,-20.36842732574272
brown,gpt2-xl,640,0.00854968810277208,0.0039275060871385,0.0102696051407088,54.06258053010053,-20.11672258990475
brown,gpt2-xl,800,0.00856849565869955,0.0039277195971240304,0.0102468765201263,54.160919797675035,-19.587812473508208
brown,gpt2-xl,1023,0.00857911660499171,0.00393286388764965,0.0102518167494258,54.15770563881443,-19.497347121507342
osff,gpt2,2,3.8369626855986e-4,3.3285682952382e-4,3.5487133609234e-4,13.249917500334044,7.51243492038726
osff,gpt2,3,5.5525638017623e-4,5.0527451118161e-4,5.0798169729464e-4,9.001583913137425,8.514027856208951
osff,gpt2,4,7.3814327617688e-4,6.7332816274989e-4,6.3842796160405e-4,8.780830973993897,13.50893759938996
osff,gpt2,5,7.7136505240739e-4,6.9795656665846e-4,6.7250373864735e-4,9.516698419227545,12.816410783908387
osff,gpt2,6,7.8351237829417e-4,7.4561088792795e-4,6.9994483363881e-4,4.837382460854316,10.665759338390663
osff,gpt2,7,7.3857564041544e-4,7.2049910634527e-4,6.9317179175055e-4,2.447485820138824,6.1474879728434555
osff,gpt2,10,7.8587758976384e-4,7.0928308199992e-4,7.9840367217007e-4,9.746366197683983,-1.593897391831398
osff,gpt2,12,9.3572160952831e-4,7.9756606396225e-4,9.2421246765829e-4,14.764599231143452,1.2299750003454946
osff,gpt2,16,9.6046226735553e-4,9.297764218322e-4,0.00101562255576828,3.1949038047916627,-5.743097911031237
osff,gpt2,20,0.00108953485638941,0.00103745305592248,0.00112824222367298,4.780186715596768,-3.552650661571806
osff,gpt2,25,0.00127644389655145,0.00123736377138176,0.00142125322196441,3.0616406467426973,-11.34474658887784
osff,gpt2,32,0.00150746538052918,0.00147154782646046,0.0015713727607266,2.3826453683546434,-4.239392892391764
osff,gpt2,40,0.00170548063175768,0.00160069619529885,0.0017895788224939,6.1439827874702075,-4.931055162411586
osff,gpt2,50,0.00190050077704767,0.00172861912821247,0.00204209996955238,9.044018866553651,-7.45062534121491
osff,gpt2,64,0.00216263284200034,0.0019306323134277,0.00252706693978017,10.72768914200155,-16.85140864885528
osff,gpt2,80,0.00255340969555422,0.00213689646402269,0.00297521422417823,16.31204080789375,-16.519265567073713
osff,gpt2,100,0.00291613419730206,0.00236075758482757,0.00346159692412648,19.04496072191402,-18.704994006416424
osff,gpt2,128,0.00347880231420613,0.0025776112827156,0.00381931369152832,25.905209612239027,-9.788178417947426
osff,gpt2,160,0.00372110894249704,0.00265662858463928,0.0041244818329462,28.606535694261165,-10.840125798049808
osff,gpt2,200,0.0040436571397056,0.00281808627096727,0.00437326169964301,30.308476371652965,-8.151150024589054
osff,gpt2,256,0.00423158025660441,0.00290301881645002,0.00440456473616892,31.396342727538883,-4.0879404164559014
osff,gpt2,320,0.00443695020478806,0.0029455488719564,0.00457394396783766,33.61320871309846,-3.087565934406149
osff,gpt2,400,0.00453124770651685,0.003002875014191,0.00470695503863303,33.729621316613105,-3.877681016278747
osff,gpt2,512,0.00461070094468789,0.00308218878027092,0.00472750784779096,33.15140545339443,-2.533387103269977
osff,gpt2,640,0.00469782530512774,0.0030886491088563902,0.0047197974550489,34.253640605045746,-0.4677089609352012
osff,gpt2,800,0.00473409088330063,0.00309001151295834,0.00472454475470572,34.7285130528806,0.2016465004629521
osff,gpt2,1023,0.00474104535786958,0.00308553824345545,0.00472671876936449,34.91860949328785,0.302182059517934
osff,gpt2-medium,1,2.9448196587449e-4,2.6238056189969e-4,2.7213524153218e-4,10.90097448904138,7.588486539729298
osff,gpt2-medium,2,6.3367262380183e-4,5.6129143313282e-4,5.8738448079083e-4,11.422489776305365,7.304740850770145
osff,gpt2-medium,3,7.9133965899176e-4,6.9892234908949e-4,7.6408551604109e-4,11.678589446662563,3.444051191038814
osff,gpt2-medium,4,9.6413388383691e-4,8.6038726857258e-4,8.8445382691835e-4,10.760602547382254,8.264418277829217
osff,gpt2-medium,5,9.5019297066334e-4,8.6610910519162e-4,8.6022961840489e-4,8.849135709035687,9.467903366581517
osff,gpt2-medium,6,9.4542124850567e-4,9.2650432849386e-4,8.4231032071483e-4,2.0008985456699357,10.906347615288615
osff,gpt2-medium,7,8.4403227011338e-4,8.4077256687087e-4,8.0042419569399e-4,0.3862059968478231,5.16663591707588
osff,gpt2-medium,10,9.8671536623943e-4,9.1607511478641e-4,9.7297798102538e-4,7.159131586471583,1.3922338380526218
osff,gpt2-medium,12,0.0011214906585569,0.00100116910299889,0.00108975431080675,10.72871669861487,2.829836121059097
osff,gpt2-medium,16,0.001150970391056,0.00106069097137725,0.00124026912885405,7.843765606856605,-7.758560818938383
osff,gpt2-medium,20,0.00137432389530284,0.00124705852489525,0.00136821969418528,9.260216666722975,0.44416029863335776
osff,gpt2-medium,25,0.00162917253912224,0.00144825467983357,0.00180339966879674,11.104892511024909,-10.69420982067188
osff,gpt2-medium,32,0.00198367500902556,0.0018028753161613,0.00204461122709955,9.11438073482935,-3.071885152393278
osff,gpt2-medium,40,0.00238496805086845,0.00206158113970847,0.00238091851327009,13.559381268952997,0.16979420738495604
osff,gpt2-medium,50,0.0025907199679803,0.00224894395867062,0.00265866765932126,13.192317716071617,-2.622733918785227
osff,gpt2-medium,64,0.00301247046641325,0.00253860889701129,0.00321723226955682,15.72999883932989,-6.797138940497775
osff,gpt2-medium,80,0.00338688768755831,0.00273622703835776,0.00363762774623896,19.211166983503585,-7.403258738154515
osff,gpt2-medium,100,0.00374910878380465,0.0028823261741284,0.00407867687322175,23.119697497724417,-8.79057153104636
osff,gpt2-medium,128,0.00426771363506368,0.00316870184100651,0.00438609298399326,25.751769871053483,-2.7738353378952434
osff,gpt2-medium,160,0.00460919519261172,0.00321334907828374,0.00459391135436262,30.28394450652562,0.3315945107639319
osff,gpt2-medium,200,0.00492939557585044,0.00329586710479461,0.00471725048652906,33.13851456877666,4.303673463754831
osff,gpt2-medium,256,0.00494078951871513,0.0034180297112719,0.00477985466205923,30.820171587459953,3.2572700384482616
osff,gpt2-medium,320,0.00514279634512676,0.0034567819763433,0.00486287972973856,32.78400029161378,5.442887421615187
osff,gpt2-medium,400,0.00519075720148392,0.00348660932682341,0.00499523717236203,32.830429328756175,3.766695715723041
osff,gpt2-medium,512,0.00523672518352206,0.00356567046800735,0.0050136605265648,31.91029998619882,4.2596212163120155
osff,gpt2-medium,640,0.00534646438225268,0.0035757888129454,0.00496288025708621,33.118626492396515,7.174538119803964
osff,gpt2-medium,800,0.00532429097413694,0.00358748463906533,0.00497687542880047,32.6204248323065,6.525104413415075
osff,gpt2-medium,1023,0.00535609898040064,0.00357719517799173,0.00497280581802317,33.212676033777235,7.156200133343865
osff,gpt2-large,1,2.4610561991975e-4,2.258026357794e-4,2.2797279757893e-4,8.249703581317803,7.367902588623104
osff,gpt2-large,2,5.7076289041589e-4,5.1847913866243e-4,5.2322567534708e-4,9.160327805363048,8.328715105176144
osff,gpt2-large,3,6.9678793708891e-4,6.2909150530698e-4,6.5565818557529e-4,9.715499964704076,5.902764575037821
osff,gpt2-large,4,8.6143210114064e-4,8.142306364802e-4,7.9119082827237e-4,5.479417890039142,8.154011532106232
osff,gpt2-large,5,8.317692302049e-4,7.4386925387303e-4,7.5861102568616e-4,10.567832175063282,8.79549301201294
osff,gpt2-large,6,8.0783847176151e-4,8.1418872498176e-4,7.4160536259096e-4,-0.7860795743490057,8.198806009588267
osff,gpt2-large,7,7.4536345209724e-4,7.2828545256275e-4,7.1209758839648e-4,2.2912311418585904,4.463039287364889
osff,gpt2-large,10,7.745914596468e-4,7.0467485944117e-4,7.8920208221799e-4,9.026254980594793,-1.8862359491860503
osff,gpt2-large,12,9.7060819862448e-4,8.5348331776033e-4,9.8152620810335e-4,12.067163767020126,-1.1248626886050634
osff,gpt2-large,16,0.00103835664075191,9.3083449269691e-4,0.00111287195577573,10.355030616179187,-7.176273748281764
osff,gpt2-large,20,0.00126702322641286,0.0011437609266465,0.00123145678161276,9.728495673700849,2.8070870413953295
osff,gpt2-large,25,0.00150384954592771,0.00132599438212455,0.00161047546743521,11.826659407835436,-7.09019873671761
osff,gpt2-large,32,0.00177093959274928,0.0016837074807401,0.00181636442762592,4.925753106787525,-2.5650132315422067
osff,gpt2-large,40,0.00212831445336328,0.00195597753538712,0.00211418195844082,8.09734283878088,0.6640228797076039
osff,gpt2-large,50,0.00236227208188812,0.00212930332846817,0.00242682743857252,9.862062681354319,-2.7327655090772356
osff,gpt2-large,64,0.00273116262840643,0.00234972659118838,0.00289097512116164,13.966068268904555,-5.851445501377811
osff,gpt2-large,80,0.00307996477829839,0.00259942339839951,0.00333781376634503,15.602171274320808,-8.371816128010908
osff,gpt2-large,100,0.00344293467282632,0.00272300712024265,0.00379531492920399,20.91028790832904,-10.234880701015147
osff,gpt2-large,128,0.00402652774234715,0.00299338492337812,0.00402412654947369,25.658405581151882,0.059634330795853716
osff,gpt2-large,160,0.00425015684327669,0.00300320244876504,0.00422150593958942,29.33902066424215,0.6741140325819475
osff,gpt2-large,200,0.00453364086827791,0.0030854055393885,0.00434618903883219,31.94420049948769,4.134686334714312
osff,gpt2-large,256,0.00457988572267566,0.0031826534563629302,0.00443653458088354,30.5080159401106,3.1300156919280377
osff,gpt2-large,320,0.0048169425611199,0.00326099895893194,0.00451296266215237,32.30147718070808,6.310639894714816
osff,gpt2-large,400,0.00489712336908614,0.00331214479881003,0.00463689419823862,32.36550216973369,5.31391903439165
osff,gpt2-large,512,0.00494510888443871,0.00341898162062884,0.00462028144512277,30.8613480405314,6.568661012462202
osff,gpt2-large,640,0.00506896437823851,0.00341021550755469,0.00459101914537216,32.72362452979504,9.428853651412684
osff,gpt2-large,800,0.0050789877215437,0.00340571496746037,0.00460412211134354,32.94500490689822,9.349611305140742
osff,gpt2-large,1023,0.00510849021454919,0.00340302843008294,0.00460209331517016,33.38484978612711,9.912848573865931
osff,gpt2-xl,1,3.4096834142736e-4,3.0953336672926e-4,3.195711067331e-4,9.219323578989552,6.275431497448943
osff,gpt2-xl,2,4.4794723401971e-4,3.9888795205947e-4,3.9945610184882e-4,10.952022522830749,10.825188434750856
osff,gpt2-xl,3,5.8275040526368e-4,5.3289777054118e-4,5.5829789278587e-4,8.554714723869395,4.19605241917336
osff,gpt2-xl,4,7.0434815402638e-4,6.692406000035e-4,6.2370508045713e-4,4.98440349735979,11.449319929108633
osff,gpt2-xl,5,6.848854105563e-4,6.3746099310812e-4,6.0727359068116e-4,6.924430965708277,11.332088357979183
osff,gpt2-xl,6,6.5103494041289e-4,6.736259215236e-4,5.7060594150268e-4,-3.4700105491092184,12.354021868503613
osff,gpt2-xl,7,6.063843323167e-4,6.2057804020117e-4,5.778137433235e-4,-2.3407115138089956,4.711630474364131
osff,gpt2-xl,10,6.6540032324546e-4,5.9479647736927e-4,6.731966217164e-4,10.61073212766446,-1.1716703762507217
osff,gpt2-xl,12,7.7565522243395e-4,6.8376809972469e-4,7.6319282578673e-4,11.846387422097687,1.606692804584091
osff,gpt2-xl,16,7.8875430550438e-4,7.0703659617341e-4,8.3157098063912e-4,10.360350334786265,-5.4283919385219175
osff,gpt2-xl,20,9.455507687246e-4,8.2665339812687e-4,9.4752510356764e-4,12.57440367354298,-0.20880262682302914
osff,gpt2-xl,25,0.00115692787659412,9.9227472806105e-4,0.00126996810729094,14.231928529355036,-9.770724086068281
osff,gpt2-xl,32,0.00135214212477646,0.00126018059482509,0.00144879851702588,6.801173357909543,-7.148389986400596
osff,gpt2-xl,40,0.00166624147112869,0.001454991383024,0.00176037042419119,12.678239724857043,-5.649178387016084
osff,gpt2-xl,50,0.00183743501783999,0.00163561460833603,0.00199712062508864,10.983812082846415,-8.690680524657116
osff,gpt2-xl,64,0.00225451032083115,0.00188731468153913,0.00245925075864762,16.287157166645805,-9.081370616257821
osff,gpt2-xl,80,0.00247418448364567,0.00219643959684628,0.00274789114214902,11.225714518673948,-11.062500000001933
osff,gpt2-xl,100,0.00284813186065871,0.00236785216045999,0.00327186676373855,16.862972772884255,-14.877643445266592
osff,gpt2-xl,128,0.00333583413441961,0.0026627459327665,0.00355479219668467,20.17750806936383,-6.563817427425711
osff,gpt2-xl,160,0.00353321860377305,0.00267028500459773,0.00368768839608127,24.423442077821093,-4.371928534035933
osff,gpt2-xl,200,0.00381553652589108,0.00272960781487674,0.0038390033567183,28.46070804578977,-0.6150335783180757
osff,gpt2-xl,256,0.00389657982473756,0.00284946296593779,0.00392176612793037,26.87271673871829,-0.6463694913398914
osff,gpt2-xl,320,0.00411368752878786,0.00291295921949629,0.00402264136492717,29.1886124283576,2.2132493832732885
osff,gpt2-xl,400,0.00414769342066922,0.00296478062265672,0.00413043937987723,28.51977419829742,0.4159912279439063
osff,gpt2-xl,512,0.00419986946326265,0.00306798541802295,0.00413759243942994,26.95045774971303,1.4828323684214357
osff,gpt2-xl,640,0.00428777083037453,0.0030587934721391,0.00411515451997355,28.662384414982384,4.0257820958657025
osff,gpt2-xl,800,0.00428611332094125,0.00305538945972224,0.0041285138305057,28.714216565527884,3.676979086519822
osff,gpt2-xl,1023,0.00429730173232197,0.00304697498005986,0.00412843227092892,29.09562395532599,3.929662656054742
osgd,gpt2,1,2.6469847053929e-4,2.7424075700578e-4,2.7696783788302e-4,-3.604964715906864,-4.635224116985037
osgd,gpt2,2,7.6690111785182e-5,6.17164233431757e-5,7.01755229657933e-5,19.5249271300443,8.494692037529921
osgd,gpt2,3,1.2374277245771e-4,1.2213948144305e-4,9.65975129936559e-5,1.2956643711967066,21.936844411124287
osgd,gpt2,4,1.5326401134535e-4,1.6292810043767e-4,8.96858336227954e-5,-6.305517523314476,41.4827833125812
osgd,gpt2,5,1.3128389964318e-4,1.4284274679657e-4,9.73459229684341e-5,-8.804466644273289,25.850829208299064
osgd,gpt2,6,1.3121585116853e-4,1.4088923826246e-4,1.1259767845803e-4,-7.372117779812577,14.18896615362921
osgd,gpt2,7,8.4326584628863e-5,1.3297330113318e-4,7.91479491765294e-5,-57.688470034006066,6.141165891071942
osgd,gpt2,10,4.26136193076216e-5,7.26214426394613e-5,1.01613366238e-4,-70.41838693685587,-138.4527948787309
osgd,gpt2,12,8.94542463064048e-5,1.2971296003133e-4,1.8055609472809e-4,-45.00481015404982,-101.84183779230125
osgd,gpt2,16,1.1318760040061e-4,2.2803881937525e-4,2.934606539798e-4,-101.4697887119542,-159.26926000828837
osgd,gpt2,20,2.1788135749128e-4,3.7398568815918e-4,4.2453670585444e-4,-71.64648341891645,-94.84765045647869
osgd,gpt2,25,4.0532309163252e-4,6.1650427121056e-4,7.0604351628481e-4,-52.101936439758575,-74.1927688948286
osgd,gpt2,32,6.1704724010026e-4,7.927200516799e-4,8.9372603512345e-4,-28.469912862927004,-44.83915931270096
osgd,gpt2,40,8.6404854347053e-4,9.5318376215456e-4,0.00121765129290753,-10.315996636717255,-40.923944853457215
osgd,gpt2,50,0.0011647017211097,0.00114570396384438,0.00155573880522232,1.6311264009487416,-33.57401101288313
osgd,gpt2,64,0.00151587407688448,0.00144403394857938,0.00221402540260096,4.739188393058522,-46.05602380584043
osgd,gpt2,80,0.00210891649863454,0.00167024476607852,0.00296486902084713,20.800810882746507,-40.58731214663044
osgd,gpt2,100,0.00264568242925688,0.00199198816430846,0.00378629033404745,24.70796410482379,-43.11204898128814
osgd,gpt2,128,0.00337385907812079,0.0022914626404166,0.00411829455263663,32.08185086103464,-22.06480642133056
osgd,gpt2,160,0.0037732549315612,0.00239760942981925,0.00461184894936403,36.45779377999172,-22.224684867922463
osgd,gpt2,200,0.00424320660770048,0.00263377302541499,0.0050260967233391,37.9296539406006,-18.450435908961822
osgd,gpt2,256,0.00448043100666662,0.00277063162520125,0.00508703502081308,38.161493367965896,-13.538965631740977
osgd,gpt2,320,0.00478453653027871,0.00283915000145429,0.00534919116602758,40.65987408630146,-11.801657949008861
osgd,gpt2,400,0.00499410989082006,0.00296003176326038,0.00550437513844325,40.72954284203132,-10.21734120350707
osgd,gpt2,512,0.00509663577832678,0.00303833728513471,0.00550829383485376,40.38543428873011,-8.077054638228963
osgd,gpt2,640,0.00510366670033858,0.00302221249050507,0.00553837494574986,40.78350589969805,-8.517567289071428
osgd,gpt2,800,0.00518375571497443,0.00302043243109375,0.00555196917411771,41.73273979002212,-7.103217809427507
osgd,gpt2,1023,0.00522335258753918,0.00301106988923093,0.00554405825324359,42.35369259938277,-6.139843334900937
osgd,gpt2-medium,2,1.1010755305169e-4,8.60088767372869e-5,9.23559145279695e-5,21.88648793520929,16.122089749280136
osgd,gpt2-medium,3,1.7873485692944e-4,1.4956866554952e-4,1.5860320140751e-4,16.31813283708089,11.263418824833852
osgd,gpt2-medium,4,2.1039315749205e-4,1.8500235342692e-4,1.5596028774117e-4,12.068265131713531,25.871977206735075
osgd,gpt2-medium,5,1.9578995652798e-4,1.8396085538921e-4,1.6643589738362e-4,6.0417303055497245,14.99262764286449
osgd,gpt2-medium,6,2.194149060257e-4,2.0489574407946e-4,1.8870488444458e-4,6.6172176764247626,13.99632419573338
osgd,gpt2-medium,7,1.295071806783e-4,1.8591115524702e-4,1.2695352089855e-4,-43.55277774815451,1.9718287174281504
osgd,gpt2-medium,10,1.5055126541876e-4,1.7038371128694e-4,1.8886439566175e-4,-13.17321764982648,-25.448560751996673
osgd,gpt2-medium,12,2.5196317257721e-4,2.6804662383535e-4,3.1651680021922e-4,-6.383254780304445,-25.620263065320227
osgd,gpt2-medium,16,2.7293866479895e-4,3.1501722908643e-4,4.4568661348998e-4,-15.416857233646683,-63.29185673208971
osgd,gpt2-medium,20,4.3235914973715e-4,5.7036351759496e-4,5.9426257203918e-4,-31.918919246119547,-37.44651232672147
osgd,gpt2-medium,25,6.8978748184493e-4,8.6231314485921e-4,0.00104933199512336,-25.01142272875506,-52.12395451375394
osgd,gpt2-medium,32,0.00114617660542389,0.00120369365229667,0.00138483990846573,-5.018166188403767,-20.822559273365666
osgd,gpt2-medium,40,0.00161099846639944,0.00151905771609126,0.00185043915451489,5.707066283785293,-14.86287498774575
osgd,gpt2-medium,50,0.00197130400314754,0.00178915062834456,0.00226489182306093,9.240247801056533,-14.89307683871257
osgd,gpt2-medium,64,0.00250055336848546,0.00211684244940353,0.00303831253209148,15.345040178620014,-21.50560633431835
osgd,gpt2-medium,80,0.00320935049902651,0.00232230884670801,0.00378900113681912,27.63928877782485,-18.06130673382153
osgd,gpt2-medium,100,0.00377811532138423,0.00266346583350507,0.00457254973579997,29.50279155244958,-21.027267482260818
osgd,gpt2-medium,128,0.00444778971605541,0.00303768588165863,0.00489041651316599,31.703473509699826,-9.951612494466584
osgd,gpt2-medium,160,0.00489598833656841,0.00313808050103371,0.00522221745544233,35.90506583532457,-6.6631923208904835
osgd,gpt2-medium,200,0.00538687914658734,0.00332858169650739,0.0054640379780032,38.20946032145382,-1.43234754885378
osgd,gpt2-medium,256,0.00545995048732863,0.00349971782864454,0.00558452238292337,35.90202261418612,-2.281557239096482
osgd,gpt2-medium,320,0.00585167251935105,0.00360814962126254,0.00572400687713155,38.339857377003675,2.1816949222176927
osgd,gpt2-medium,400,0.00597987596159776,0.00366802189774827,0.00586538134323975,38.66056885955519,1.9146654394386176
osgd,gpt2-medium,512,0.00603543467996826,0.00375877138325909,0.0058961987208489,37.7216127326417,2.306974832839749
osgd,gpt2-medium,640,0.00609089720783323,0.00379131032592609,0.00589701701631679,37.754485151214574,3.1831138320162315
osgd,gpt2-medium,800,0.00610398079733043,0.00378851689311916,0.0059411682863572,37.93366953618081,2.667316893336655
osgd,gpt2-medium,1023,0.00617824410466686,0.00377443690178778,0.0059362035958134,38.90761132379532,3.9176261855796515
osgd,gpt2-large,1,1.16218710782551e-5,4.80627042676532e-6,1.57459480343539e-6,58.644607271904626,86.45145181156313
osgd,gpt2-large,2,5.09290182900544e-5,3.78767351509794e-5,3.9321016849102e-5,25.628381573622434,22.79250971389596
osgd,gpt2-large,3,1.0400643735274e-4,9.46135046677466e-5,8.7552047116916e-5,9.031107039211394,15.820549818489976
osgd,gpt2-large,4,1.1897957466696e-4,1.2308883334411e-4,7.80920748052536e-5,-3.4537513591276934,34.365142064227975
osgd,gpt2-large,5,1.1369035763721e-4,1.0308123553891e-4,9.75667290994593e-5,9.331593565877405,14.182054549605672
osgd,gpt2-large,6,1.1946803998766e-4,1.3116047240388e-4,9.65037278216745e-5,-9.78707980596637,19.222138547149275
osgd,gpt2-large,7,6.53436348760134e-5,1.1216420974391e-4,5.4405191040518e-5,-71.65284722336051,16.73987658667995
osgd,gpt2-large,10,7.80875864090809e-5,9.02306822120421e-5,1.0047734143567e-4,-15.550609720918542,-28.672617577521347
osgd,gpt2-large,12,1.7537272739249e-4,1.9424612461469e-4,2.3578964470879e-4,-10.761877004944909,-34.45057747267962
osgd,gpt2-large,16,1.8172977661714e-4,2.2099013408443e-4,3.3623661693321e-4,-21.60370094439753,-85.02010137919113
osgd,gpt2-large,20,3.0798701016228e-4,3.8254821872537e-4,4.6127827235663e-4,-24.209205616756208,-49.771989446428286
osgd,gpt2-large,25,5.124715851146e-4,5.8378019031586e-4,8.0004007819198e-4,-13.914645664757261,-56.11403664713885
osgd,gpt2-large,32,8.0804467541552e-4,9.1068699565862e-4,0.00103950343861003,-12.702555114334283,-28.644302751636495
osgd,gpt2-large,40,0.00119814613365256,0.0011714261568744,0.00146086779119727,2.230110003084448,-21.92734677061391
osgd,gpt2-large,50,0.00150247005100505,0.00137707385775992,0.00183481847629922,8.346002847859662,-22.120136442776452
osgd,gpt2-large,64,0.00195490177965471,0.00158242856706189,0.00246444709892737,19.053295488769216,-26.065008716839465
osgd,gpt2-large,80,0.00255928126370209,0.0018880003244934,0.00316370509377989,26.229275723984262,-23.616936467681153
osgd,gpt2-large,100,0.00302062377581092,0.00207840053913413,0.00381331881196229,31.193002062093605,-26.24275960810618
osgd,gpt2-large,128,0.00383477504352047,0.00238772527231573,0.00413314947389622,37.734932421910806,-7.780754463808935
osgd,gpt2-large,160,0.00411961513534675,0.00241004834640633,0.00442623137926662,41.498216041400305,-7.442837106045634
osgd,gpt2-large,200,0.00451265458177561,0.00258375145763718,0.00464213441640218,42.74431134012162,-2.869260925696935
osgd,gpt2-large,256,0.0046226207664443,0.00270946399594437,0.00481720217853747,41.386842381438136,-4.209331068333368
osgd,gpt2-large,320,0.0049935724451106,0.002796440602356,0.00493659933256019,43.99919830753425,1.1409289276696302
osgd,gpt2-large,400,0.00516897795618256,0.00289987516448448,0.00502924569687058,43.89848072352563,2.703286036359426
osgd,gpt2-large,512,0.00522771236472474,0.00298649845321506,0.00503235241424075,42.871790855074885,3.737006492595476
osgd,gpt2-large,640,0.00531147902493309,0.00298097304428491,0.00506278157029772,43.87678026606794,4.682263705983343
osgd,gpt2-large,800,0.00536662797269121,0.00297399805935758,0.00509538231453553,44.58348753647245,5.0543033639736
osgd,gpt2-large,1023,0.00544387015349823,0.00297193417133603,0.0050932083828589304,45.40769548982968,6.44140585193706
osgd,gpt2-xl,1,1.1277504069306e-4,1.0090106492784e-4,9.64971843245734e-5,10.528903995283777,14.433917530380649
osgd,gpt2-xl,2,3.8945561946975e-6,-4.86952591582838e-6,-7.72156449395187e-6,225.03416749919586,298.26558169747125
osgd,gpt2-xl,3,8.59549288503746e-5,8.09241682214252e-5,7.21597939401547e-5,5.852789009582731,16.04926569625074
osgd,gpt2-xl,4,1.2253540180223e-4,1.1437281813722e-4,9.1609197129513e-5,6.661408494983088,25.238587557444873
osgd,gpt2-xl,5,1.3730876617804e-4,1.0079996981728e-4,1.1485784046586e-4,26.58883141766946,16.350686367012894
osgd,gpt2-xl,6,1.3620448472481e-4,1.0073966470597e-4,1.2023326149365e-4,26.037923854344637,11.725915826804712
osgd,gpt2-xl,7,9.26143948322683e-5,8.65157838006668e-5,9.57911985640107e-5,6.584949394364156,-3.4301403550666967
osgd,gpt2-xl,10,7.30651060346184e-5,6.54883002449321e-5,1.1692520916192e-4,10.369937444689977,-60.02879556012509
osgd,gpt2-xl,12,1.2975430496531e-4,1.4182075563674e-4,1.8275747016754e-4,-9.299460757505106,-40.84886834112439
osgd,gpt2-xl,16,1.0862054445097e-4,1.3700826876334e-4,2.1626484267016e-4,-26.1347652562953,-99.10123242640285
osgd,gpt2-xl,20,1.7295271665749e-4,2.2205598328037e-4,2.8540435744309e-4,-28.391150813847077,-65.01871896484033
osgd,gpt2-xl,25,3.2078696890493e-4,3.7547687423637e-4,5.3674483390877e-4,-17.048668004855326,-67.32127110432667
osgd,gpt2-xl,32,5.0846196020751e-4,5.9808947688342e-4,6.990797682631e-4,-17.627182304715625,-37.489099081826375
osgd,gpt2-xl,40,7.6958850368427e-4,7.7168997902024e-4,0.00104661314982516,-0.2730648035818344,-35.996463670477546
osgd,gpt2-xl,50,9.8733878933973e-4,9.4708796701917e-4,0.00129576465278447,4.076698166338843,-31.238098490082194
osgd,gpt2-xl,64,0.00135676988662558,0.00114006160030817,0.00189458444853054,15.972368524214136,-39.639335100704336
osgd,gpt2-xl,80,0.00181953122509053,0.00144287276964364,0.00243948485434578,20.70085142002108,-34.07216214299342
osgd,gpt2-xl,100,0.002292412901855,0.00170406257762668,0.00312212456164329,25.665111365942504,-36.193813911834326
osgd,gpt2-xl,128,0.00299136365741214,0.00200246611983387,0.00342975078744804,33.058419197141866,-14.65509313619038
osgd,gpt2-xl,160,0.00326265035457857,0.00212272402770815,0.00366478555088559,34.9386603829837,-12.325415003255936
osgd,gpt2-xl,200,0.00365432521778452,0.00228612987408048,0.00394393311618152,37.440437349293326,-7.925071829610678
osgd,gpt2-xl,256,0.00382629746272989,0.00247752380497531,0.00406661845640744,35.25009936870619,-6.280771320536377
osgd,gpt2-xl,320,0.00417013452888275,0.00257617369888267,0.00422834347954772,38.22324721085507,-1.3958530656938513
osgd,gpt2-xl,400,0.00426490332622471,0.00264173986139242,0.00432518813251856,38.05862268557265,-1.4135093267686345
osgd,gpt2-xl,512,0.00435015157435204,0.00275055859637785,0.00436450427369798,36.77097109455206,-0.32993561490063367
osgd,gpt2-xl,640,0.00443968913918624,0.00273262067674869,0.00439426448205768,38.450179931977,1.0231494977345597
osgd,gpt2-xl,800,0.00446147064329853,0.00271963809450697,0.00441464336919812,39.041667827802826,1.0495927877671534
osgd,gpt2-xl,1023,0.00450085487202659,0.0027137701058259,0.00441484649462448,39.70545189776411,1.9109342524386081
ostf,gpt2,1,8.3214366545248e-4,8.6062135219722e-4,8.5757839595527e-4,-3.4222079584356377,-3.056531168684509
ostf,gpt2,2,2.2602182415074e-4,2.0012592796923e-4,1.7910206946168e-4,11.45725474909827,20.758948772030067
ostf,gpt2,3,4.5614151096069e-4,4.4067453054015e-4,3.5359601698305e-4,3.390829391511231,22.481070350660833
ostf,gpt2,4,6.1796754534338e-4,6.0804932379492e-4,4.5007558522505e-4,1.6049745044378145,27.16841060399687
ostf,gpt2,5,6.8256044061674e-4,7.2501175819159e-4,5.4301263673683e-4,-6.219422493411461,20.444754131049407
ostf,gpt2,6,6.9377841207279e-4,7.5411771326304e-4,5.82493289003e-4,-8.697200740215912,16.040441895173032
ostf,gpt2,7,6.5857239773588e-4,8.3504745874536e-4,5.9630880966818e-4,-26.796607573620967,9.454327008201696
ostf,gpt2,10,7.3366192162373e-4,9.8930887214474e-4,8.3475203769217e-4,-34.84533447711391,-13.778841873748718
ostf,gpt2,12,8.7273634120768e-4,0.0010936571454275,0.00104430629276321,-25.313579117617923,-19.658852674579126
ostf,gpt2,16,0.00102896480649196,0.00134415318988593,0.00132481088786084,-30.631599973620943,-28.751817312148432
ostf,gpt2,20,0.00128502513688085,0.00171873163158188,0.00147260594888142,-33.750817960943444,-14.59744300845944
ostf,gpt2,25,0.00167633923066627,0.00213590184388896,0.00205993061567295,-27.41465479156235,-22.88268257339653
ostf,gpt2,32,0.00226328874770119,0.00263524549570117,0.00249850469721994,-16.434347953957023,-10.392661994968497
ostf,gpt2,40,0.00286472424354795,0.00313781923729114,0.00314224205060245,-9.533029029172905,-9.687417826673093
ostf,gpt2,50,0.00321122341940238,0.00384067331915681,0.00353235590616593,-19.601560450489387,-10.000315917704471
ostf,gpt2,64,0.00407614379212439,0.00475017590678152,0.00467279123996223,-16.536023973428826,-14.637546619200137
ostf,gpt2,80,0.00510934378536824,0.00555247665886711,0.00629807460974417,-8.672989959451957,-23.265821880691004
ostf,gpt2,100,0.00647979074247377,0.00634483704847046,0.00788573546034853,2.0826859904395483,-21.697378414692707
ostf,gpt2,128,0.00790762362084866,0.00709602480274182,0.00844258929296961,10.2634983279558,-6.7651888578825234
ostf,gpt2,160,0.00846936644907242,0.00749266995486069,0.00950092680079632,11.532108099050307,-12.179899853511335
ostf,gpt2,200,0.00922150141595831,0.00802771340516496,0.00999004491024975,12.945701105976463,-8.334255558009499
ostf,gpt2,256,0.0100130047182065,0.00833751131918591,0.0101978518768693,16.733172970288475,-1.8460708235421595
ostf,gpt2,320,0.0105090776490391,0.00846774842606892,0.0106393828796122,19.4244375305083,-1.2399302291288568
ostf,gpt2,400,0.0109237020914679,0.00866419141707512,0.0108156368824725,20.684477253893444,0.9892727583604257
ostf,gpt2,512,0.0111438502966284,0.00878563951387749,0.0108688355360007,21.161543990449896,2.4678612266618156
ostf,gpt2,640,0.0111606520240144,0.00875878038519943,0.0108559204050641,21.520889941258247,2.7304105377949988
ostf,gpt2,800,0.0112001729936981,0.00877268877119287,0.0109047814397805,21.67363150436195,2.6373838518724244
ostf,gpt2,1023,0.0113056388655737,0.00874409943050786,0.0108895041919335,22.657184308848308,3.680770972681281
ostf,gpt2-medium,2,3.9957748479289e-4,3.6914286272757e-4,3.1229800680124e-4,7.616700946273874,21.842941935750712
ostf,gpt2-medium,3,6.4724988565651e-4,6.3009914418502e-4,5.0826169313713e-4,2.6497867132249526,21.473652695728685
ostf,gpt2-medium,4,9.0821085174423e-4,8.9350491074799e-4,7.1444635359564e-4,1.6192210176735569,21.33474817840515
ostf,gpt2-medium,5,0.00102070851541351,0.00108302906462893,8.6453757174534e-4,-6.10561666473218,15.30024892609933
ostf,gpt2-medium,6,0.00105895706698208,0.00110807078564914,8.8647626488121e-4,-4.637932943497805,16.287799333774007
ostf,gpt2-medium,7,9.5773641086121e-4,0.00117869769310831,8.446781689e-4,-23.071199939908155,11.804734651316686
ostf,gpt2-medium,10,0.00111450528064272,0.00137975678898154,0.00111810017438914,-23.79993284426998,-0.3225551111202805
ostf,gpt2-medium,12,0.00134067395814972,0.00161071285111887,0.00143046792144767,-20.142025682503288,-6.69767341657613
ostf,gpt2-medium,16,0.00170233180724097,0.00198580383181103,0.00198949037502598,-16.651984258550232,-16.868542699111526
ostf,gpt2-medium,20,0.00215870011331487,0.00276032745566779,0.00232625235006235,-27.869889784230818,-7.761718995335072
ostf,gpt2-medium,25,0.00292198779508376,0.00354903817790661,0.00332457066161397,-21.459719437495643,-13.777705273360313
ostf,gpt2-medium,32,0.00424342181841448,0.00454321813216357,0.00434094263828651,-7.064966118807779,-2.2981646427142977
ostf,gpt2-medium,40,0.00536895197272661,0.00552144539675088,0.00531248861254935,-2.8402828857270737,1.051664467555105
ostf,gpt2-medium,50,0.00611146854558128,0.0065379633567704,0.00594613339375104,-6.978597828135345,2.7053260701107718
ostf,gpt2-medium,64,0.00734238519820762,0.00769413154568589,0.00728022642308986,-4.790627813481186,0.8465746952765857
ostf,gpt2-medium,80,0.00868579426136543,0.0082379208379177,0.00924429872641739,5.156389962399629,-6.430090884562946
ostf,gpt2-medium,100,0.0101918575863687,0.00915407321759116,0.0108085324376953,10.182484988463683,-6.050661973057432
ostf,gpt2-medium,128,0.0116614400988015,0.00990812381411255,0.0113624853028411,15.035160922098347,2.5636181588847244
ostf,gpt2-medium,160,0.0121609781870516,0.0101614918215693,0.0118989192754013,16.441821823275145,2.15491638599687
ostf,gpt2-medium,200,0.0129826233122566,0.0105349293863818,0.0122391806843493,18.85361584483444,5.726443801272758
ostf,gpt2-medium,256,0.0133627600955885,0.010793996232541,0.0122789945565929,19.223303005309106,8.11034195961834
ostf,gpt2-medium,320,0.0137940583682219,0.0109155495161273,0.0124262577790493,20.867744468343,9.915867779156889
ostf,gpt2-medium,400,0.0140027949911627,0.0110310586277562,0.0127136764154584,21.222451412607214,9.206151889803895
ostf,gpt2-medium,512,0.0142283779969968,0.0112797851039256,0.0128435058994812,20.72332414624916,9.733169148359332
ostf,gpt2-medium,640,0.0143760900227095,0.0113457410611032,0.0128030124948294,21.07909005034981,10.942318289570977
ostf,gpt2-medium,800,0.0143984070273187,0.0113390801025124,0.0129040694741217,21.247676350596638,10.378492220436197
ostf,gpt2-medium,1023,0.0146116814678712,0.0113271258174954,0.0129147721137517,22.478971072548998,11.613374941486017
ostf,gpt2-large,2,3.2391221135505e-4,3.032311437746e-4,2.6354209966362e-4,6.384775521100271,18.637800482691127
ostf,gpt2-large,3,4.4695024798748e-4,4.8169103521855e-4,3.4501721328132e-4,-7.772853329314421,22.80634928946395
ostf,gpt2-large,4,6.3730350797582e-4,6.8683199424324e-4,4.6957219382238e-4,-7.7715696912958085,26.318906463606652
ostf,gpt2-large,5,7.0695110199725e-4,7.6127625232486e-4,5.7011414105071e-4,-7.6844282686787615,19.35593007210169
ostf,gpt2-large,6,6.4871461420124e-4,7.5270555074264e-4,5.2230826695307e-4,-16.030305817827717,19.48566356930369
ostf,gpt2-large,7,6.024293000995e-4,8.0148583163087e-4,5.5170137472069e-4,-33.04230579397166,8.42056078122841
ostf,gpt2-large,10,8.1247242350439e-4,9.4752211437616e-4,8.7647216433175e-4,-16.62206457288212,-7.877158531893112
ostf,gpt2-large,12,9.7070518649145e-4,0.0011262510880675,0.00109445236566764,-16.024010558575505,-12.74817327632255
ostf,gpt2-large,16,0.00130481545481027,0.00151831803812621,0.00154206740322731,-16.3626651208676,-18.182797233309
ostf,gpt2-large,20,0.0016609781763327,0.00215976730888976,0.00180980264636952,-30.029842635159387,-8.960049695860658
ostf,gpt2-large,25,0.00237742931210816,0.00284519996079998,0.00270228495614383,-19.675480835938266,-13.664155749287357
ostf,gpt2-large,32,0.00325528896835478,0.00370909763225883,0.00352034849567294,-13.9406568300262,-8.142426982514884
ostf,gpt2-large,40,0.00441877878965292,0.00461704208584603,0.00457853109679353,-4.486834612707166,-3.6153044708797926
ostf,gpt2-large,50,0.0050459129315065,0.00556359925692563,0.00529443025749825,-10.25951760258694,-4.9251211696503265
ostf,gpt2-large,64,0.00631459587516948,0.00666895693363332,0.00641651842502525,-5.611777308778595,-1.6140787450318734
ostf,gpt2-large,80,0.00767000972350529,0.00749912383251865,0.00828441755324148,2.2279748937336814,-8.010522175132238
ostf,gpt2-large,100,0.00901464702962143,0.00816615546270532,0.00966489835264417,9.412365943203573,-7.213275471419621
ostf,gpt2-large,128,0.0106419017397916,0.0087997233430395,0.0102373043968491,17.310612725016433,3.801927069384905
ostf,gpt2-large,160,0.01099376793601,0.00891481573140759,0.0107896090848636,18.910279139081958,1.8570416651935984
ostf,gpt2-large,200,0.0118019881798023,0.00928455775171974,0.0111864345890151,21.330562187740902,5.2156770656717555
ostf,gpt2-large,256,0.0122200467440213,0.00959260525564627,0.0113484601898424,21.501075596626215,7.132432243807798
ostf,gpt2-large,320,0.012722374582407,0.00963727613628852,0.0115892985864248,24.24939170070221,8.906167544767877
ostf,gpt2-large,400,0.0130545423135132,0.00988781982062539,0.0118033243862509,24.25762938934939,9.584540746151719
ostf,gpt2-large,512,0.0132548123972315,0.0100403236829239,0.011860514372412,24.25148404951376,10.519183395690712
ostf,gpt2-large,640,0.0134523469789057,0.0100292978427325,0.011856991755927,25.445739256806792,11.859307713965213
ostf,gpt2-large,800,0.0134817002260775,0.0100358375641962,0.0119401309698027,25.559555576054176,11.434531479145042
ostf,gpt2-large,1023,0.0136496226027864,0.0100341216137301,0.0119404984607472,26.487919074907023,12.521402179209728
ostf,gpt2-xl,1,2.4686343899799e-5,1.14880565652554e-5,1.46132884860809e-5,53.463920733321565,40.80416061043417
ostf,gpt2-xl,2,2.0458044862899e-4,1.8887680960684e-4,1.5987035884651e-4,7.676021402531534,21.854527195589096
ostf,gpt2-xl,3,3.7203084738894e-4,3.9551607316908e-4,2.9625357945053e-4,-6.3127092672464995,20.368544294175983
ostf,gpt2-xl,4,5.4387222579425e-4,5.8125861184956e-4,4.0603527078992e-4,-6.874112021570668,25.343628239709837
ostf,gpt2-xl,5,6.4917850658101e-4,6.7864245487201e-4,5.1388062199142e-4,-4.538651232644212,20.84139927893721
ostf,gpt2-xl,6,5.8169644194928e-4,6.0538527427372e-4,4.5901725460623e-4,-4.072370160122675,21.089898183311696
ostf,gpt2-xl,7,5.255710769891e-4,6.3474848137354e-4,4.8185237448853e-4,-20.77309980790748,8.318323517919557
ostf,gpt2-xl,10,6.3207191510626e-4,7.460913461352e-4,7.0452321876788e-4,-18.038996560978628,-11.462509554698524
ostf,gpt2-xl,12,7.4738851093566e-4,8.9516773786878e-4,8.2981837996824e-4,-19.77274533536973,-11.029052203303376
ostf,gpt2-xl,16,9.2346609091257e-4,0.00109990530907339,0.00109615019215237,-19.106193491788378,-18.6995605944928
ostf,gpt2-xl,20,0.00124202196354011,0.00165618456971544,0.00137729081408209,-33.34583592989377,-10.891019201981415
ostf,gpt2-xl,25,0.0018174404631044,0.00219970593564374,0.00207748653216682,-21.033177168641664,-14.308367968116602
ostf,gpt2-xl,32,0.00260353540332003,0.00297140492482724,0.00283187613995586,-14.129614716900052,-8.770410279216474
ostf,gpt2-xl,40,0.00349626295736522,0.00374682958998149,0.00355542559477993,-7.166698720083879,-1.69216784138246
ostf,gpt2-xl,50,0.00389056678993925,0.00443033855401778,0.00412063252288655,-13.873859342919761,-5.913424582305716
ostf,gpt2-xl,64,0.00495440682028318,0.0055275180224643,0.00518064755455988,-11.567705740974105,-4.566454521870869
ostf,gpt2-xl,80,0.00595116291652675,0.00647028697647167,0.00675974263996119,-8.723069208931927,-13.586919645385
ostf,gpt2-xl,100,0.00736566765406697,0.00732119295479943,0.00818721817767177,0.6038108336721206,-11.153782144259102
ostf,gpt2-xl,128,0.00882343921252621,0.00790078447202435,0.00876301614101301,10.456860621785683,0.684801810924452
ostf,gpt2-xl,160,0.00922587483402671,0.00828592904578064,0.00915131896757579,10.188148063524212,0.80811703813655
ostf,gpt2-xl,200,0.0100303678507529,0.00871244341747935,0.00965574795373395,13.139342972098413,3.734857012156341
ostf,gpt2-xl,256,0.0106227134020832,0.00899304474057874,0.00981168133131385,15.341359592596262,7.634886116859181
ostf,gpt2-xl,320,0.011151727336985,0.00921731146407617,0.0101430336184176,17.346334020321034,9.045179173472889
ostf,gpt2-xl,400,0.0114404205844982,0.00939570882814095,0.0103825999923568,17.872697434985824,9.246343561657774
ostf,gpt2-xl,512,0.0117664449114084,0.00959110342564901,0.0105192612892605,18.48766982838013,10.599493997874221
ostf,gpt2-xl,640,0.0119591428601791,0.00956325247406098,0.0105002835472923,20.033964090318335,12.198694588258746
ostf,gpt2-xl,800,0.011896276283509,0.00954627226376297,0.010553490520523401,19.75411434419778,11.287446012388285
ostf,gpt2-xl,1023,0.0119951621188026,0.00953820556124862,0.0105549649333368,20.482895797653818,12.006483707362477
provoff,gpt2,1,0.00925099860249503,0.00951840071961173,0.00856612634992175,-2.8905216464368575,7.403225121972966
provoff,gpt2,2,0.0217463018807574,0.0227135402939623,0.0192507167904231,-4.447829421796209,11.47590566901176
provoff,gpt2,3,0.0235824999049208,0.023470053528991,0.0235889273006963,0.4768212716341264,-0.02725493820198981
provoff,gpt2,4,0.019684407197307,0.0197499515322178,0.0188627849087626,-0.332975914660841,4.173975270420057
provoff,gpt2,5,0.0163394194242875,0.0167070025244017,0.0170075094392579,-2.249670508902913,-4.088823461972811
provoff,gpt2,6,0.0164147577016825,0.0157743043250824,0.0174068379634106,3.9016925393570943,-6.04383128741774
provoff,gpt2,7,0.0167086013432875,0.0171693592665946,0.0166027693829353,-2.7576091729074887,0.6333980814897883
provoff,gpt2,10,0.0177958792094286,0.0181886610442649,0.0188615100576902,-2.2071504881211297,-5.988076428935291
provoff,gpt2,12,0.018642994566507,0.0177321813134291,0.01914135855187,4.885552317406281,-2.6731970745640505
provoff,gpt2,16,0.0200223103717072,0.0184106615923243,0.0216764984296365,8.049264792439798,-8.261724182773348
provoff,gpt2,20,0.0200902631450466,0.0177348556896232,0.0202294706424843,11.724124459784106,-0.6929102741591647
provoff,gpt2,25,0.0207970941348806,0.0184993193076212,0.0209211844905321,11.04853789840569,-0.5966716063634937
provoff,gpt2,32,0.0217751199588312,0.018432774745073,0.0219887155434586,15.349376812056303,-0.9809157654756034
provoff,gpt2,40,0.0219416025461629,0.0179822625151622,0.020980587048098,18.044899057262025,4.379878343174758
provoff,gpt2,50,0.0221508556544212,0.0181940019338597,0.0210324508751354,17.863209359913654,5.049036464930383
provoff,gpt2,64,0.021762990184192,0.0181614645245159,0.0210224002162165,16.54885486412659,3.4029789183722228
provoff,gpt2,80,0.0217849858950299,0.0181663547705497,0.0209881045364783,16.610665445992996,3.657938372746035
provoff,gpt2,100,0.0217161289995773,0.018134274087791,0.0210280357668598,16.493984318549682,3.1685814388510662
provoff,gpt2-medium,1,0.0188760423756264,0.0191126490300215,0.0173657805742893,-1.2534759653887364,8.000945173164096
provoff,gpt2-medium,2,0.0242582176030855,0.0247586247652931,0.0215256957682563,-2.0628356559222687,11.264314136919934
provoff,gpt2-medium,3,0.0221134457361617,0.0221840534861847,0.0218202588106277,-0.31929781936937435,1.3258310307316648
provoff,gpt2-medium,4,0.019579279884294,0.0204714656476336,0.0188072425223369,-4.556785380320492,3.943134612302104
provoff,gpt2-medium,5,0.0169014932583988,0.0184681051087338,0.0172464902546546,-9.269073604230261,-2.041221985426713
provoff,gpt2-medium,6,0.0161226675796098,0.0168537502307415,0.0167049140908753,-4.534501797061387,-3.6113534462612886
provoff,gpt2-medium,7,0.0154209451034095,0.0178453306169956,0.0159600645340984,-15.721380870813551,-3.496020685332336
provoff,gpt2-medium,10,0.0171284916138124,0.0190247299452745,0.0189234081953623,-11.070667366488857,-10.479128121839235
provoff,gpt2-medium,12,0.0169760477297412,0.0177164703328521,0.0184228224121948,-4.361572345333102,-8.522447070639133
provoff,gpt2-medium,16,0.0189608804034059,0.017780443627369,0.02170309887862,6.225643276695163,-14.462506048619462
provoff,gpt2-medium,20,0.0193348992095777,0.01705112985373,0.0207155307740176,11.811643448942553,-7.140619402639517
provoff,gpt2-medium,25,0.0203583872052447,0.0176739942053681,0.021600243725127,13.185685942671826,-6.099974950679662
provoff,gpt2-medium,32,0.0213837702360655,0.0180079268476996,0.0220189376754468,15.786941924171307,-2.9703248415476216
provoff,gpt2-medium,40,0.0218304650300919,0.0177917395982283,0.0211268016452077,18.500409525387823,3.223309187020134
provoff,gpt2-medium,50,0.0221718478572226,0.0184093049358205,0.0211448321405316,16.96991132913805,4.632070918511169
provoff,gpt2-medium,64,0.0217096587109908,0.0181245769585632,0.0209593526811984,16.51376375904346,3.4560931601036993
provoff,gpt2-medium,80,0.0216658214482949,0.01825402290309,0.0210149633511634,15.747376822739573,3.004077637604193
provoff,gpt2-medium,100,0.0217216383816727,0.0183082257832925,0.020970851187704,15.714342253576207,3.45640223254124
provoff,gpt2-large,1,0.022303670077467,0.0224729590626094,0.0209650750507296,-0.7590185137889914,6.001680539965343
provoff,gpt2-large,2,0.0241261835492407,0.0249484651655333,0.0210102192908302,-3.4082540017750915,12.91528041329415
provoff,gpt2-large,3,0.0212627132945813,0.0215551463219746,0.021075012411734,-1.3753325990984657,0.8827701349626657
provoff,gpt2-large,4,0.0183306851904128,0.0195177366174079,0.0174743386403955,-6.475761351332214,4.671655975331959
provoff,gpt2-large,5,0.0155259542022073,0.0172956723442323,0.0157916220811015,-11.398450098309592,-1.7111211036318172
provoff,gpt2-large,6,0.0156920231108757,0.0166362328786108,0.015995513091865102,-6.01713215092498,-1.9340398548036781
provoff,gpt2-large,7,0.0148145597174079,0.0170630503290972,0.0141402834046988,-15.177572972669404,4.551443482432821
provoff,gpt2-large,10,0.0153987168984688,0.0178643223933151,0.0164320168168258,-16.01175936347984,-6.7102988201555815
provoff,gpt2-large,12,0.0165502730203184,0.0173687101441909,0.0161425050086334,-4.945157840403859,2.4638144107009734
provoff,gpt2-large,16,0.0186609893822473,0.0185282678548576,0.0182720221338398,0.7112244944311021,2.08438706244335
provoff,gpt2-large,20,0.0184286890319909,0.0174980793608808,0.0179884409272489,5.049787695123714,2.3889279588892105
provoff,gpt2-large,25,0.019755351755922,0.0182391223010952,0.0186455541021906,7.675031422167791,5.6177063685982676
provoff,gpt2-large,32,0.0200580724818359,0.0183268673408659,0.0189343945922787,8.630964628020548,5.602122988511261
provoff,gpt2-large,40,0.0205689615406321,0.0179861235707894,0.0183355477039554,12.556968249177336,10.858174984987771
provoff,gpt2-large,50,0.0208628526886659,0.0181674696579035,0.0182316944304534,12.91953248668943,12.61168976974027
provoff,gpt2-large,64,0.0206128803295845,0.01787877672945,0.0182440423097572,13.264054108005356,11.492028197667315
provoff,gpt2-large,80,0.0206202851143125,0.0179203044477197,0.0182575334263896,13.0938086046092,11.458385152409793
provoff,gpt2-large,100,0.0206241815500587,0.0179121958489208,0.018250735034101,13.149543386996715,11.508076139636994
provoff,gpt2-xl,1,0.0228013164860099,0.023144063121852,0.0214555352357182,-1.5031879236114174,5.9022085462364196
provoff,gpt2-xl,2,0.0246301643076594,0.0254738473388942,0.0215313476398681,-3.42540561522943,12.581388532709303
provoff,gpt2-xl,3,0.0216181063229878,0.0221473834839159,0.0215774159094377,-2.448304920978849,0.1882237645708787
provoff,gpt2-xl,4,0.0186876012889132,0.0203190721662247,0.0175105333649493,-8.730231623035662,6.298657092294609
provoff,gpt2-xl,5,0.0154746891289964,0.0174647529430239,0.0157477012476484,-12.860121437260977,-1.7642494551984325
provoff,gpt2-xl,6,0.0150089785077564,0.0170259816411596,0.0154053394836778,-13.43864362495259,-2.6408257944840616
provoff,gpt2-xl,7,0.0137159458740952,0.0161656883102955,0.0146412161317865,-17.860543185920545,-6.745945676548665
provoff,gpt2-xl,10,0.0153095155837354,0.0172199230303242,0.0178597478749136,-12.478562343399215,-16.6578248490604
provoff,gpt2-xl,12,0.015482640327816,0.0169386649612851,0.016530183205104,-9.404239862455931,-6.765918829787849
provoff,gpt2-xl,16,0.017831757794168,0.0171036749658207,0.0185552438024792,4.0830681795458474,-4.057289341086391
provoff,gpt2-xl,20,0.0189679011587807,0.0177147752280841,0.0191544737032208,6.606560843008705,-0.9836225045578703
provoff,gpt2-xl,25,0.0201696851382975,0.0175361850272389,0.019878624826263,13.056723954794222,1.4430582829571035
provoff,gpt2-xl,32,0.0201644543216921,0.0173390839862501,0.0193853138966811,14.011637956413836,3.863930124668796
provoff,gpt2-xl,40,0.0204000396126,0.0173499583936954,0.0187118514489829,14.951349491599661,8.275416105439213
provoff,gpt2-xl,50,0.0208229158412781,0.0178489488064435,0.0186052211936098,14.2821834247594,10.65025986068702
provoff,gpt2-xl,64,0.0204317838765023,0.0177303664043743,0.018591737465857,13.22164275256813,9.005804005011116
provoff,gpt2-xl,80,0.0204278387145323,0.01777632954039,0.0185987560843327,12.979881088722392,8.953872486267263
provoff,gpt2-xl,100,0.020432521656277,0.017782067498171,0.0185980245769267,12.971742806360092,8.978319515382726
provogd,gpt2,1,0.0127209372172641,0.0129672604863645,0.0121120497158887,-1.9363610156499684,4.786498753794996
provogd,gpt2,2,0.0284323901441378,0.0288079510172388,0.0260421842496522,-1.3208909669468758,8.406630193129766
provogd,gpt2,3,0.0274435406117898,0.026872469046076,0.0262045781254984,2.0808960978909425,4.5145868888329925
provogd,gpt2,4,0.0245319231894069,0.0225072477033951,0.0223997113012953,8.25322772446207,8.69158064636505
provogd,gpt2,5,0.0227375130581274,0.0208705957467275,0.0222250982781229,8.210736621138832,2.2536096128654677
provogd,gpt2,6,0.0235027226608994,0.0198946993326796,0.0214898681651998,15.351512164258157,8.564346032335738
provogd,gpt2,7,0.023399185167759,0.0214066477942808,0.0215985468917147,8.515413503473978,7.6953033327218705
provogd,gpt2,10,0.0251272204572686,0.0234329541112039,0.0245749176584727,6.742752740781468,2.1980258410797453
provogd,gpt2,12,0.02540117982878,0.0217656638804176,0.0240935737348063,14.312390104979785,5.147816372262318
provogd,gpt2,16,0.0256487461553159,0.0213969220495969,0.0271481998705747,16.577122639727037,-5.8461092256866385
provogd,gpt2,20,0.0270104113976211,0.0222217261785564,0.0261880674459469,17.729034736162724,3.0445443409523434
provogd,gpt2,25,0.0285540071787584,0.022256065189603,0.0267866154943691,22.056245730163152,6.1896450236382226
provogd,gpt2,32,0.0316581870177514,0.0236592863783656,0.0285542254754251,25.266452039406584,9.804609280328638
provogd,gpt2,40,0.0314973298964438,0.0237885592640735,0.0274400300887866,24.4743622958359,12.881408744794392
provogd,gpt2,50,0.0327656485472242,0.0242908894881752,0.0276163638252338,25.86476823992838,15.715497633348665
provogd,gpt2,64,0.0321830006558881,0.0239583490774314,0.0276608271772459,25.555887924800956,14.051435187771336
provogd,gpt2,80,0.0323480733953447,0.0240503784762129,0.0276911945946016,25.65128011712136,14.396155047098738
provogd,gpt2,100,0.0321322412263244,0.0239955447250894,0.0275378126026073,25.322530239717562,14.298500348469673
provogd,gpt2-medium,1,0.0230065742075376,0.0233843801968696,0.0220193980038964,-1.6421653477126992,4.290843976752494
provogd,gpt2-medium,2,0.0279644973751386,0.0281864782576075,0.0251198553805175,-0.7937953594910261,10.172333714640997
provogd,gpt2-medium,3,0.0251032657356184,0.02410231345502,0.0235967967167199,3.987338902994457,6.001087805723135
provogd,gpt2-medium,4,0.021675977201758,0.0202526922445934,0.0194618921316528,6.56618589287493,10.214464840485066
provogd,gpt2-medium,5,0.0206830480606208,0.0193366684214865,0.0193308822339109,6.509580382872439,6.537555889957473
provogd,gpt2-medium,6,0.0212238799209385,0.0189627579221991,0.019090487604535,10.653669391093056,10.051848787076691
provogd,gpt2-medium,7,0.0197460285535825,0.0204401011046122,0.0196679775057124,-3.5149982141789473,0.3952746632486348
provogd,gpt2-medium,10,0.0215302188075606,0.0217640057669779,0.0207335214600165,-1.0858550092167798,3.70036809502563
provogd,gpt2-medium,12,0.0204779038471607,0.0198991422544143,0.018927782471489,2.8262736121138996,7.5697268003656895
provogd,gpt2-medium,16,0.0202975422541942,0.0190127132022923,0.0223858229897082,6.3299735298567406,-10.288342841520166
provogd,gpt2-medium,20,0.0219421260919051,0.020385407840829,0.0229822922743924,7.094655479399488,-4.740498610437975
provogd,gpt2-medium,25,0.0239278221730924,0.0202630692206194,0.0241315211832605,15.315865045980248,-0.8513061017194288
provogd,gpt2-medium,32,0.0266225461974782,0.0216352965228123,0.025680647465408,18.733180656996336,3.5379738853056084
provogd,gpt2-medium,40,0.0268006639213104,0.0219225618016278,0.0251981644201623,18.20142267372617,5.979327623573949
provogd,gpt2-medium,50,0.0278084726556488,0.0227475491173459,0.0253257320432973,18.19921432209576,8.928000624468618
provogd,gpt2-medium,64,0.0275862163757379,0.0223998896062671,0.0251625042536708,18.800428079119317,8.785953423459466
provogd,gpt2-medium,80,0.0274898127061469,0.0224896279270394,0.0252912177158926,18.1892282517784,7.997853654938397
provogd,gpt2-medium,100,0.0275635865666749,0.0225464731026885,0.0252167504716934,18.201961678137387,8.514262428456739
provogd,gpt2-large,1,0.0282119977407496,0.0284852957791221,0.0271834739766598,-0.9687298321936858,3.6456963223280834
provogd,gpt2-large,2,0.0278738972576349,0.0278390855365092,0.0245699939313572,0.12489003889196608,11.853036895918034
provogd,gpt2-large,3,0.0214478476427866,0.0208461617535841,0.0202031672634736,2.805343917131427,5.8032880503586775
provogd,gpt2-large,4,0.0171883219830609,0.0157784725434999,0.0154937592181883,8.202368101728588,9.85880277634194
provogd,gpt2-large,5,0.0160018541507188,0.0150579281452239,0.0151288433634266,5.898853949074951,5.455685191662958
provogd,gpt2-large,6,0.0173756719933949,0.015261669659335,0.0161532881942882,12.166449360136955,7.035030354920378
provogd,gpt2-large,7,0.0158878603039408,0.0174386919404394,0.01587908318892,-9.761110727502206,0.05524416033983349
provogd,gpt2-large,10,0.0188838076695683,0.0175003098152581,0.0179813372906821,7.32637124100665,4.779069956005443
provogd,gpt2-large,12,0.0182830798148283,0.016397735428039,0.0161806282297703,10.311962786818178,11.499438860146576
provogd,gpt2-large,16,0.0187914156360176,0.0169308126095839,0.0188834929833263,9.90134571270662,-0.489996863952505
provogd,gpt2-large,20,0.020077320223014,0.018151701344628,0.0189599774501227,9.591015419371923,5.565198744056218
provogd,gpt2-large,25,0.0223054730846982,0.0172498726653941,0.0197167898763013,22.665291160187667,11.605596521388087
provogd,gpt2-large,32,0.0237833980701047,0.0188718062964509,0.0217625311403841,20.651345779842877,8.496964663181386
provogd,gpt2-large,40,0.0241579177846177,0.0189995572569955,0.0217142496286212,21.352670265757183,10.115392302363409
provogd,gpt2-large,50,0.025603217294105,0.0200145948912068,0.0216943084336325,21.827813038891016,15.267256515346158
provogd,gpt2-large,64,0.0254276814794427,0.019555663499143,0.0217426048992977,23.093013749786742,14.492381395937581
provogd,gpt2-large,80,0.0254583161842771,0.0196362880767062,0.0217589881681751,22.86886558179582,14.530921799088395
provogd,gpt2-large,100,0.0254630084200715,0.019640122186204,0.0217535661565213,22.868021475724625,14.56796542794272
provogd,gpt2-xl,1,0.0273229160142399,0.0276295467575082,0.0263249979832142,-1.122247505019095,3.652311599924417
provogd,gpt2-xl,2,0.0269305586779689,0.0272128828011533,0.0238088840227054,-1.0483411300905208,11.591570351703547
provogd,gpt2-xl,3,0.0204000773214828,0.0200946204781319,0.0193850451712687,1.4973317921161564,4.975628936196362
provogd,gpt2-xl,4,0.0164580647201147,0.0151109457552583,0.0152100069588393,8.185160210301456,7.583259529597732
provogd,gpt2-xl,5,0.0151235849477248,0.0135423666006568,0.0145007538300468,10.455314348638014,4.118276981488302
provogd,gpt2-xl,6,0.0149978426561564,0.014038032274557,0.0133352917852121,6.3996562946034885,11.085266788433044
provogd,gpt2-xl,7,0.0147682273274159,0.0158580153525516,0.013535743707318,-7.379274444892959,8.34550818302955
provogd,gpt2-xl,10,0.0159041470392335,0.0180094715767752,0.0169923738425682,-13.237582200089784,-6.842409093994186
provogd,gpt2-xl,12,0.0154484384957285,0.0171661111273476,0.0149657591597004,-11.118745963186488,3.124453880316454
provogd,gpt2-xl,16,0.0174071110804843,0.0171829367006463,0.0178124807908035,1.2878321899680383,-2.3287592550247105
provogd,gpt2-xl,20,0.0187036343369148,0.0189919374070537,0.0176020145853401,-1.5414280719224978,5.88987002061084
provogd,gpt2-xl,25,0.0211095303913571,0.017524126560134,0.0193430971502199,16.984763586645613,8.367941912437962
provogd,gpt2-xl,32,0.021703246137706,0.0184541340854526,0.0200054321655579,14.970627120191923,7.822857287686626
provogd,gpt2-xl,40,0.0215907054443394,0.0189236429852939,0.0200830187973711,12.35282684913264,6.983035597679471
provogd,gpt2-xl,50,0.0225877706055449,0.0196845558776859,0.0198757201476573,12.853037949421854,12.00672038533019
provogd,gpt2-xl,64,0.0221932348752233,0.0192704119558976,0.0198514014131032,13.169882334678269,10.552014950892
provogd,gpt2-xl,80,0.0222016227490887,0.0193387950517133,0.0198554340756781,12.894677698696096,10.567644986702259
provogd,gpt2-xl,100,0.0222132541714651,0.0193414764324691,0.0198588222161234,12.928217166330649,10.599221244972371
provotf,gpt2,1,0.0217863346212171,0.0215537036903469,0.0210013466175924,1.0677837043942549,3.603121026426365
provotf,gpt2,2,0.0510587355816035,0.0507086311117775,0.0443457460656026,0.68568965885656,13.147582758433163
provotf,gpt2,3,0.0549275787614151,0.0524797543916117,0.0481615021094495,4.456457803166303,12.318177506703584
provotf,gpt2,4,0.050883601262781,0.0478958902741048,0.0427980366921323,5.871657890813641,15.890315091677495
provotf,gpt2,5,0.0528836115784938,0.0469784126642899,0.0448519214243366,11.166406260735357,15.18748420242813
provotf,gpt2,6,0.0528216152548132,0.0466432058261142,0.0423345528967236,11.696744597631389,19.853732809001897
provotf,gpt2,7,0.0545013269578564,0.0495154336652549,0.0441740117427769,9.14820532068308,18.9487408683924
provotf,gpt2,10,0.0590638886313685,0.0535917537914492,0.0517534076741127,9.264772379062594,12.377242891815413
provotf,gpt2,12,0.0614809260658538,0.0526910984138672,0.0513204895684127,14.296836782470779,16.52616046569971
provotf,gpt2,16,0.0643399315748797,0.0545503173009698,0.0572059498202526,15.215456458042127,11.087953592745905
provotf,gpt2,20,0.0681352622168221,0.0558592524741845,0.0559987409884077,18.017116751635314,17.812393808353143
provotf,gpt2,25,0.0709437056472505,0.0544296730190749,0.05713917496247,23.27765723190077,19.45842912889272
provotf,gpt2,32,0.0732598582040771,0.0557841391261245,0.058875257710035,23.854426566416876,19.63503731330135
provotf,gpt2,40,0.0748980771387284,0.0566937698182659,0.058428416000625,24.305440160691912,21.98943119407153
provotf,gpt2,50,0.0760821394647864,0.0567546360494602,0.0586422480557245,25.403469922493016,22.922451355529535
provotf,gpt2,64,0.0757664090320166,0.0566995245675455,0.0585673231592893,25.165353232478004,22.700146532560996
provotf,gpt2,80,0.0757587476896686,0.0567259311538039,0.0585147433941136,25.12292918809725,22.76173355741281
provotf,gpt2,100,0.0755544908378686,0.0567635873943366,0.0584018967487709,24.870663854852992,22.70228268218408
provotf,gpt2-medium,1,0.0424178782455218,0.0423695069553098,0.0414330653539322,0.11403514794391258,2.3216929566567837
provotf,gpt2-medium,2,0.0494966299334365,0.0480981747983987,0.0426630504255034,2.8253542451646396,13.806151079624767
provotf,gpt2-medium,3,0.0504769740542706,0.0476489609518124,0.0432737800408459,5.602580494261752,14.270257178411816
provotf,gpt2-medium,4,0.0480674917332523,0.0447018900612727,0.0403356247914179,7.001825039377501,16.085438750875348
provotf,gpt2-medium,5,0.0496066186585856,0.0441038694786514,0.0418121264288084,11.092772151648676,15.712605375146083
provotf,gpt2-medium,6,0.0495609699817219,0.04472666911927,0.0405021047843266,9.754249895098443,18.2782241766781
provotf,gpt2-medium,7,0.0499558882263099,0.047055548665221,0.0422894583950401,5.805801205955556,15.346398799956074
provotf,gpt2-medium,10,0.0525018144631349,0.0495629311811943,0.0457523914043373,5.5976794554485165,12.855599616536795
provotf,gpt2-medium,12,0.0535441842286599,0.0480721675412794,0.042238766806788,10.219628454908039,21.114183705913288
provotf,gpt2-medium,16,0.0560566649397976,0.0488127910377879,0.0476927197047796,12.92241325770852,14.92051880717565
provotf,gpt2-medium,20,0.0613155721824666,0.0509921763631395,0.0490595691684536,16.83649919894103,19.98840193081921
provotf,gpt2-medium,25,0.0635371924405295,0.0492321199133392,0.0503015062210473,22.514486362581696,20.831399234189863
provotf,gpt2-medium,32,0.0661835274648473,0.0500695067671872,0.0515444153960462,24.347479372747085,22.11896619831349
provotf,gpt2-medium,40,0.0684023199337041,0.0518956340171079,0.0519507587994724,24.13176326854786,24.051174214817042
provotf,gpt2-medium,50,0.0691600767183771,0.0525745996459186,0.0515968513400765,23.981287846159134,25.39503455124672
provotf,gpt2-medium,64,0.0685089474242673,0.0521714174950808,0.0512849793537453,23.84729373815982,25.141195008961574
provotf,gpt2-medium,80,0.0684190216939599,0.052276932146351,0.0514394447221511,23.592985032456173,24.817041447565412
provotf,gpt2-medium,100,0.0684286624780648,0.052196522694657,0.0512914230219988,23.721258308404327,25.04394918073905
provotf,gpt2-large,1,0.0470434686213418,0.0468959658833532,0.0462038436717171,0.3135456255911872,1.7847853787800727
provotf,gpt2-large,2,0.0523867587094587,0.0513702196969282,0.0449867209255442,1.9404502923501332,14.125779044578234
provotf,gpt2-large,3,0.0460113360918103,0.0436896037721655,0.0399277509846535,5.046000652995756,13.221926646550164
provotf,gpt2-large,4,0.0435898914219391,0.0406222321508184,0.0360259747639251,6.808136414919071,17.35245583614158
provotf,gpt2-large,5,0.04543872920724,0.0394678463924992,0.0374398240476527,13.14051453223623,17.603716695300584
provotf,gpt2-large,6,0.0473639493160624,0.0414096461898324,0.0382518379536902,12.571382269026168,19.23849572079931
provotf,gpt2-large,7,0.046383150760245,0.0436256383825483,0.0389816058754928,5.945073442617775,15.957399968386914
provotf,gpt2-large,10,0.050451588089432,0.0440590109571747,0.0444935632515753,12.670715381497121,11.809390077662819
provotf,gpt2-large,12,0.0512157362646639,0.0437825007415722,0.040466521918271,14.513577398711131,20.988108597804885
provotf,gpt2-large,16,0.0551879177524074,0.0459265852873698,0.0465112088565746,16.781449350177002,15.722116813248032
provotf,gpt2-large,20,0.060623919578216,0.0490233710601561,0.0458555128429159,19.135266407664485,24.360692673864712
provotf,gpt2-large,25,0.0629540746046981,0.0448333475768314,0.0468725284750716,28.784041607553707,25.54488526851648
provotf,gpt2-large,32,0.0644755917304118,0.0467352440263331,0.0485056326178921,27.514827282633597,24.768999684863694
provotf,gpt2-large,40,0.0656700205158912,0.0476553512236347,0.0486161965672647,27.432105473299355,25.9689639422295
provotf,gpt2-large,50,0.066177633397828,0.048239683229376,0.0481749541446705,27.105759525454314,27.203570645891904
provotf,gpt2-large,64,0.0655474302307562,0.0474490437348903,0.0483253638160444,27.611130493066632,26.27420534120475
provotf,gpt2-large,80,0.0655757612132017,0.0476387488272184,0.0483142258939433,27.353113489092408,26.323042233756656
provotf,gpt2-large,100,0.0655784380590813,0.0476324779722142,0.0483132837824821,27.36564123515587,26.32748627078382
provotf,gpt2-xl,1,0.0467835875766783,0.0464644829869181,0.0460207750349902,0.682086616887167,1.630513137620988
provotf,gpt2-xl,2,0.0504212174523043,0.0502548580689102,0.0428562435687331,0.3299392434375208,15.003552603082698
provotf,gpt2-xl,3,0.0452331060242154,0.043551445508153,0.0395362172383583,3.717764849404899,12.59451160131977
provotf,gpt2-xl,4,0.0422062577364891,0.0396216705044041,0.0362315270488749,6.123706224374625,14.156030427802655
provotf,gpt2-xl,5,0.0434046409953251,0.0375688378139212,0.0369607022051986,13.445113350971905,14.846197646976403
provotf,gpt2-xl,6,0.0427479412184949,0.0393035183179645,0.035342404475073,8.057517630908036,17.323727254069265
provotf,gpt2-xl,7,0.0442545886592014,0.0420913655040213,0.0361065481084659,4.888133006587834,18.411741691878436
provotf,gpt2-xl,10,0.0460624829923431,0.0443131793556379,0.0438997164150692,3.7976755117520353,4.695288739934914
provotf,gpt2-xl,12,0.0477845381585269,0.0442758244383964,0.040533986946398,7.342780437660018,15.17342532028875
provotf,gpt2-xl,16,0.0536585846209041,0.0460902009464967,0.047096570649197,14.104702402938447,12.229196908691243
provotf,gpt2-xl,20,0.0595337718025928,0.0498196399365137,0.0466520123504394,16.317010617586945,21.637734452417774
provotf,gpt2-xl,25,0.0621675537289215,0.0459262502409985,0.0481969400753923,26.125048379324028,22.4725163136503
provotf,gpt2-xl,32,0.0637646999061733,0.0480136499135626,0.0494445634918702,24.70183348433791,22.457780614312455
provotf,gpt2-xl,40,0.0652077270891731,0.0492295820315679,0.0495400293202673,24.50345345691119,24.027363731724392
provotf,gpt2-xl,50,0.0657584596429668,0.0493880086035463,0.0488616107907824,24.89482133295606,25.695323375768435
provotf,gpt2-xl,64,0.0648477568758192,0.0487462861592056,0.0488691693504375,24.829649462582275,24.64015456383486
provotf,gpt2-xl,80,0.0647534411032104,0.048877408931119,0.0488752079447479,24.517665627663742,24.521064653775102
provotf,gpt2-xl,100,0.0647735551403387,0.0488907837105416,0.048887113567548,24.520456527954057,24.526122641209298
