"model","context","n_folds","mean_dll_no_unisurp","lower_ci_no_unisurp","upper_ci_no_unisurp","mean_dll_with_unisurp","lower_ci_with_unisurp","upper_ci_with_unisurp","dataset","corpus"
"gpt2",1,10,0.0675345841637545,0.0587974656834991,0.07627170264401,0.0126490553610502,0.00707072947331136,0.0182273812487891,"ns_spr","ns"
"gpt2",2,10,0.0640854175016939,0.0578868227965906,0.0702840122067971,0.0153121689181298,0.00950445419112371,0.0211198836451359,"ns_spr","ns"
"gpt2",3,10,0.0616201714961736,0.0573274614184912,0.0659128815738561,0.0159545863085674,0.0120294740233304,0.0198796985938045,"ns_spr","ns"
"gpt2",4,10,0.0597721461011983,0.0544959619757251,0.0650483302266715,0.0162592431165028,0.0118481797776138,0.0206703064553918,"ns_spr","ns"
"gpt2",5,10,0.059941622096444,0.0533434597676663,0.0665397844252216,0.0173610486396302,0.0123790722213863,0.0223430250578741,"ns_spr","ns"
"gpt2",6,10,0.0594575883846391,0.0522963935219995,0.0666187832472787,0.0176022514823314,0.0125237794283589,0.0226807235363039,"ns_spr","ns"
"gpt2",7,10,0.0585758849429973,0.0509800418615748,0.0661717280244197,0.0175771927250187,0.0124797467537867,0.0226746386962508,"ns_spr","ns"
"gpt2",10,10,0.0608092620201328,0.0520941800678118,0.0695243439724538,0.020369243116814,0.0143185602655352,0.026419925968093,"ns_spr","ns"
"gpt2",12,10,0.0601488272598278,0.05217734159817,0.0681203129214857,0.0206946044580212,0.0148857173687335,0.0265034915473088,"ns_spr","ns"
"gpt2",16,10,0.0604986907384556,0.0515575128915796,0.0694398685853316,0.0220128841246349,0.0157403001566679,0.028285468092602,"ns_spr","ns"
"gpt2",20,10,0.0628593636848757,0.0532822591377842,0.0724364682319672,0.0244542957392864,0.0175186270803833,0.0313899643981895,"ns_spr","ns"
"gpt2",25,10,0.0668260185391722,0.0568370810032381,0.0768149560751062,0.0282256119763133,0.0203784178142708,0.0360728061383557,"ns_spr","ns"
"gpt2",32,10,0.0677664018582787,0.0569284774794335,0.0786043262371238,0.030662024455081,0.0217424957376253,0.0395815531725368,"ns_spr","ns"
"gpt2",40,10,0.0674989436297147,0.0556951441739229,0.0793027430855066,0.0314397828993706,0.0214557866292989,0.0414237791694424,"ns_spr","ns"
"gpt2",50,10,0.0709477441054498,0.0580885187036009,0.0838069695072986,0.0356188697641951,0.0245858319829191,0.046651907545471,"ns_spr","ns"
"gpt2",64,10,0.0732098310640512,0.0599579220867901,0.0864617400413123,0.0387148751070508,0.027131634101042,0.0502981161130595,"ns_spr","ns"
"gpt2",80,10,0.0757538923605728,0.0621202331013108,0.0893875516198347,0.0415345413982344,0.0293344885705166,0.0537345942259523,"ns_spr","ns"
"gpt2",100,10,0.0768933300406195,0.0643337611096891,0.0894528989715499,0.0439521162116537,0.032294665371763,0.0556095670515444,"ns_spr","ns"
"gpt2",128,10,0.0762479444913407,0.0637628424860969,0.0887330464965845,0.044562446448778,0.0325770915348496,0.0565478013627064,"ns_spr","ns"
"gpt2",160,10,0.0749092155880827,0.0624618489898193,0.0873565821863462,0.0444333082448092,0.0323163881396765,0.056550228349942,"ns_spr","ns"
"gpt2",200,10,0.0763516523394008,0.0646618033469511,0.0880415013318504,0.046525895134988,0.0348976203658042,0.0581541699041718,"ns_spr","ns"
"gpt2",256,10,0.0755643605445909,0.0645553985053891,0.0865733225837928,0.0463361326499271,0.0352721263944089,0.0574001389054452,"ns_spr","ns"
"gpt2",320,10,0.0751712401138248,0.0642688229775428,0.0860736572501067,0.0461682423886782,0.0351218044113577,0.0572146803659987,"ns_spr","ns"
"gpt2",400,10,0.0748890547102143,0.0638175436183491,0.0859605658020796,0.0466030673570346,0.035426790416805,0.0577793442972643,"ns_spr","ns"
"gpt2",512,10,0.0756455168298631,0.06505780258574,0.0862332310739862,0.047372315863506,0.0365902270879681,0.0581544046390438,"ns_spr","ns"
"gpt2",640,10,0.0751520719040368,0.0650564886420642,0.0852476551660095,0.0470802328299938,0.0366711918154824,0.0574892738445053,"ns_spr","ns"
"gpt2",800,10,0.0752783760000639,0.065180241798553,0.0853765102015749,0.0473361185081569,0.0369287580213008,0.0577434789950129,"ns_spr","ns"
"gpt2",1023,10,0.074965910625233,0.0650284707886002,0.0849033504618657,0.0469667935690734,0.0367199019199336,0.0572136852182133,"ns_spr","ns"
"gpt2-large",1,10,0.0645109922212335,0.0572313518825682,0.0717906325598988,0.0116672152652705,0.00446046709765865,0.0188739634328824,"ns_spr","ns"
"gpt2-large",2,10,0.0600512956504829,0.0557599201922845,0.0643426711086814,0.013621218903323,0.00909699983092141,0.0181454379757246,"ns_spr","ns"
"gpt2-large",3,10,0.0563808145492089,0.0517294723019087,0.0610321567965091,0.0138579461673131,0.010094453791386,0.0176214385432401,"ns_spr","ns"
"gpt2-large",4,10,0.0505661145275295,0.0446492018335893,0.0564830272214697,0.0118585722751038,0.00774207782461091,0.0159750667255967,"ns_spr","ns"
"gpt2-large",5,10,0.0501118917960982,0.0441988138262925,0.0560249697659039,0.0124678184612686,0.00825827452196911,0.0166773624005681,"ns_spr","ns"
"gpt2-large",6,10,0.0485024569169044,0.0419006451987574,0.0551042686350515,0.0122788467122049,0.00778692511434194,0.0167707683100678,"ns_spr","ns"
"gpt2-large",7,10,0.0487794613429201,0.0421067378445361,0.0554521848413041,0.0129094861026541,0.00860017712877702,0.0172187950765312,"ns_spr","ns"
"gpt2-large",10,10,0.049938119994376,0.0432387261724381,0.056637513816314,0.0151220949159391,0.0108762987354687,0.0193678910964096,"ns_spr","ns"
"gpt2-large",12,10,0.0493874172700791,0.0433632927626897,0.0554115417774685,0.0158657584572805,0.0116221408215368,0.0201093760930242,"ns_spr","ns"
"gpt2-large",16,10,0.0487371282916505,0.0420599466145317,0.0554143099687693,0.0168475167729967,0.0120782068361259,0.0216168267098674,"ns_spr","ns"
"gpt2-large",20,10,0.0508720374704761,0.0433823050090768,0.0583617699318753,0.019085005579972,0.0136111509001555,0.0245588602597884,"ns_spr","ns"
"gpt2-large",25,10,0.0549357003486422,0.0473762891591422,0.0624951115381422,0.0229942620016172,0.0171261583064941,0.0288623656967404,"ns_spr","ns"
"gpt2-large",32,10,0.0558438377668969,0.0468577481509037,0.0648299273828901,0.0255550178897627,0.0184468085578405,0.0326632272216849,"ns_spr","ns"
"gpt2-large",40,10,0.0554273664128093,0.046362587942643,0.0644921448829755,0.0264403834675917,0.0187433578437593,0.0341374090914241,"ns_spr","ns"
"gpt2-large",50,10,0.0592438445855236,0.0497058317234372,0.06878185744761,0.0308852406267939,0.0224104922630327,0.0393599889905551,"ns_spr","ns"
"gpt2-large",64,10,0.0603214590918302,0.0498748541792128,0.0707680640044477,0.0331837293280158,0.0239755266098205,0.0423919320462111,"ns_spr","ns"
"gpt2-large",80,10,0.0627165726342626,0.0525951917786998,0.0728379534898255,0.0359138850851778,0.0264923913401379,0.0453353788302178,"ns_spr","ns"
"gpt2-large",100,10,0.0644147520314655,0.0559007915905358,0.0729287124723953,0.0386980999397588,0.0300501571518908,0.0473460427276267,"ns_spr","ns"
"gpt2-large",128,10,0.0647715411120954,0.056072913673875,0.0734701685503159,0.0398018377829439,0.0304145013578268,0.0491891742080611,"ns_spr","ns"
"gpt2-large",160,10,0.0633489546070997,0.0540333110263155,0.072664598187884,0.0396394511029222,0.0298309990324173,0.0494479031734271,"ns_spr","ns"
"gpt2-large",200,10,0.0641935087655306,0.0552765177802136,0.0731104997508476,0.0412115219376661,0.0317405369664943,0.0506825069088379,"ns_spr","ns"
"gpt2-large",256,10,0.0638933993796043,0.0550103311559122,0.0727764676032964,0.0412599189884044,0.0318823998632569,0.0506374381135519,"ns_spr","ns"
"gpt2-large",320,10,0.0636832195087461,0.0551053087096756,0.0722611303078166,0.0413415239419177,0.0321215526239929,0.0505614952598426,"ns_spr","ns"
"gpt2-large",400,10,0.0636361296972048,0.0550101714582656,0.0722620879361439,0.0419301164230812,0.0326733842348758,0.0511868486112867,"ns_spr","ns"
"gpt2-large",512,10,0.0645721473694851,0.0560600389362751,0.0730842558026951,0.0429391144609089,0.0338110285651498,0.0520672003566681,"ns_spr","ns"
"gpt2-large",640,10,0.0641965627965548,0.0558712438959636,0.072521881697146,0.0425319414274324,0.0336343426424807,0.0514295402123841,"ns_spr","ns"
"gpt2-large",800,10,0.0644031195852597,0.0560156508519037,0.0727905883186158,0.0427013053040181,0.0337769690344069,0.0516256415736293,"ns_spr","ns"
"gpt2-large",1023,10,0.0637583924777079,0.0552558645218901,0.0722609204335258,0.0422124510957955,0.0332726595959127,0.0511522425956783,"ns_spr","ns"
"gpt2-medium",1,10,0.0582713769289628,0.051480010552993,0.0650627433049326,0.00843759033473761,0.00292532595273618,0.013949854716739,"ns_spr","ns"
"gpt2-medium",2,10,0.0601244981299936,0.0559967325494919,0.0642522637104952,0.0135008543794126,0.00922619705618872,0.0177755117026366,"ns_spr","ns"
"gpt2-medium",3,10,0.0590268891973096,0.0549497932938543,0.0631039851007649,0.0151744722906667,0.0116118617942149,0.0187370827871184,"ns_spr","ns"
"gpt2-medium",4,10,0.055440628417053,0.0496273801886717,0.0612538766454344,0.0144358166566797,0.0101482960071428,0.0187233373062165,"ns_spr","ns"
"gpt2-medium",5,10,0.0548579133056879,0.0484144232312345,0.0613014033801414,0.0149565500035061,0.0106458018487631,0.0192672981582492,"ns_spr","ns"
"gpt2-medium",6,10,0.0541718599816779,0.0462365136764969,0.062107206286859,0.0153353508675107,0.0102149266789648,0.0204557750560567,"ns_spr","ns"
"gpt2-medium",7,10,0.0524973902620893,0.0442268742812782,0.0607679062429004,0.0150110825028209,0.00999220659771655,0.0200299584079253,"ns_spr","ns"
"gpt2-medium",10,10,0.0533724748799071,0.0454739728945908,0.0612709768652233,0.0170120881454561,0.0121778526050496,0.0218463236858627,"ns_spr","ns"
"gpt2-medium",12,10,0.0534359006431164,0.046212948228572,0.0606588530576608,0.017945297374381,0.0132602540943929,0.0226303406543692,"ns_spr","ns"
"gpt2-medium",16,10,0.0548164810598481,0.0457321096564416,0.0639008524632545,0.0200866835863182,0.014238185234951,0.0259351819376854,"ns_spr","ns"
"gpt2-medium",20,10,0.0570637982895771,0.0476920629497521,0.0664355336294021,0.022505853271864,0.0160238587816816,0.0289878477620464,"ns_spr","ns"
"gpt2-medium",25,10,0.0613167312885192,0.0515834801902558,0.0710499823867825,0.0266200454259701,0.0194789400328437,0.0337611508190965,"ns_spr","ns"
"gpt2-medium",32,10,0.0627415897130347,0.0517952520442582,0.0736879273818113,0.0294857013691287,0.020967053943442,0.0380043487948154,"ns_spr","ns"
"gpt2-medium",40,10,0.0621086330622937,0.0505169517089145,0.073700314415673,0.0302190026855221,0.0207551045262923,0.0396829008447519,"ns_spr","ns"
"gpt2-medium",50,10,0.0658952140539958,0.0534701641086662,0.0783202639993254,0.0347350790262202,0.0243126673781375,0.045157490674303,"ns_spr","ns"
"gpt2-medium",64,10,0.0677437275187506,0.0552928973152959,0.0801945577222052,0.0375287903531802,0.0270035541001663,0.0480540266061942,"ns_spr","ns"
"gpt2-medium",80,10,0.0698752753144766,0.0571052198637596,0.0826453307651936,0.0400223616251625,0.0288293089008248,0.0512154143495001,"ns_spr","ns"
"gpt2-medium",100,10,0.0717223377667572,0.0601445149305688,0.0833001606029456,0.0426889221286051,0.0319704332879229,0.0534074109692873,"ns_spr","ns"
"gpt2-medium",128,10,0.0710888949683792,0.0596383888655067,0.0825394010712517,0.04311302510208,0.0321212697204678,0.0541047804836923,"ns_spr","ns"
"gpt2-medium",160,10,0.0709187718928773,0.059566550272067,0.0822709935136876,0.0437484319396172,0.0326541611106188,0.0548427027686156,"ns_spr","ns"
"gpt2-medium",200,10,0.07159351124153,0.0607928670474347,0.0823941554356252,0.0453445103368642,0.0346669653200891,0.0560220553536393,"ns_spr","ns"
"gpt2-medium",256,10,0.0713412573743323,0.0609614879035339,0.0817210268451308,0.0453860291143173,0.0349936427233616,0.0557784155052729,"ns_spr","ns"
"gpt2-medium",320,10,0.0707914644345936,0.0605656079435939,0.0810173209255932,0.0453049181778932,0.0349598169692077,0.0556500193865787,"ns_spr","ns"
"gpt2-medium",400,10,0.0711175285502819,0.0607790047725049,0.0814560523280588,0.0462833525392178,0.0358137656030878,0.0567529394753478,"ns_spr","ns"
"gpt2-medium",512,10,0.0718194493992282,0.0618781542839865,0.0817607445144698,0.0469947213922174,0.0369002586637068,0.057089184120728,"ns_spr","ns"
"gpt2-medium",640,10,0.0715810165696867,0.0618354117801818,0.0813266213591917,0.0468100948940871,0.0369281666421351,0.0566920231460391,"ns_spr","ns"
"gpt2-medium",800,10,0.0717933491958207,0.0620109865871415,0.0815757118044998,0.0469833139348104,0.0371205373014921,0.0568460905681287,"ns_spr","ns"
"gpt2-medium",1023,10,0.0706974373632704,0.0607091311786885,0.0806857435478524,0.04613283957776,0.0362157341207365,0.0560499450347834,"ns_spr","ns"
"gpt2-xl",1,10,0.0648321090081786,0.0578852683725903,0.0717789496437669,0.0119520652441125,0.00522420624568584,0.0186799242425391,"ns_spr","ns"
"gpt2-xl",2,10,0.0590032646810817,0.0537433219481283,0.0642632074140352,0.0131179854972457,0.00798850432930632,0.018247466665185,"ns_spr","ns"
"gpt2-xl",3,10,0.058165721615364,0.0528207288423333,0.0635107143883947,0.0151569589861007,0.0110398569336144,0.0192740610385869,"ns_spr","ns"
"gpt2-xl",4,10,0.0499506826499353,0.0442305521461218,0.0556708131537487,0.011705420146758,0.00782806266447576,0.0155827776290403,"ns_spr","ns"
"gpt2-xl",5,10,0.0491087488132552,0.0438757755435102,0.0543417220830003,0.0121433968135143,0.00851388122137058,0.015772912405658,"ns_spr","ns"
"gpt2-xl",6,10,0.0476648747056341,0.0408026280605791,0.0545271213506891,0.0119314417429274,0.00743249047359751,0.0164303930122573,"ns_spr","ns"
"gpt2-xl",7,10,0.0466474920620118,0.039760049378185,0.0535349347458385,0.0119749308772301,0.00780308268528047,0.0161467790691797,"ns_spr","ns"
"gpt2-xl",10,10,0.0470330425003423,0.0394440816379545,0.0546220033627301,0.0138537736364064,0.0093112849991986,0.0183962622736142,"ns_spr","ns"
"gpt2-xl",12,10,0.0471037770622818,0.0400290736297621,0.0541784804948015,0.0148255456638676,0.0104313886290892,0.019219702698646,"ns_spr","ns"
"gpt2-xl",16,10,0.0459716889969819,0.0389343553517874,0.0530090226421764,0.0155726971799089,0.0109726688272462,0.0201727255325717,"ns_spr","ns"
"gpt2-xl",20,10,0.0478428229118746,0.0405860690291779,0.0550995767945714,0.0178009548826403,0.0127749086870475,0.0228270010782331,"ns_spr","ns"
"gpt2-xl",25,10,0.0512507480247862,0.0441590830017898,0.0583424130477825,0.0212201659316569,0.0158719572871481,0.0265683745761657,"ns_spr","ns"
"gpt2-xl",32,10,0.0519817445100824,0.0439283822659383,0.0600351067542265,0.0236340962437645,0.0173405947598865,0.0299275977276425,"ns_spr","ns"
"gpt2-xl",40,10,0.051440781485535,0.0434936324157503,0.0593879305553196,0.0243422715598397,0.0178007256180993,0.0308838175015801,"ns_spr","ns"
"gpt2-xl",50,10,0.0544429084629875,0.046263822575552,0.062621994350423,0.028057872594636,0.0208507316901638,0.0352650134991082,"ns_spr","ns"
"gpt2-xl",64,10,0.0560596997992656,0.046949902809966,0.0651694967885652,0.0307141229062634,0.0228644597349393,0.0385637860775875,"ns_spr","ns"
"gpt2-xl",80,10,0.057901790146709,0.0489538504655159,0.066849729827902,0.0329293249192848,0.024666346485233,0.0411923033533367,"ns_spr","ns"
"gpt2-xl",100,10,0.0577716230863752,0.0505245199359033,0.065018726236847,0.0343639500066138,0.0271006149404657,0.0416272850727619,"ns_spr","ns"
"gpt2-xl",128,10,0.0578992951823922,0.0501082994352686,0.0656902909295159,0.0352313389469272,0.0272316202674725,0.043231057626382,"ns_spr","ns"
"gpt2-xl",160,10,0.0571490098987321,0.04840339671089,0.0658946230865742,0.035409192549816,0.0265819926402888,0.0442363924593432,"ns_spr","ns"
"gpt2-xl",200,10,0.0575692791099738,0.0492200274648447,0.0659185307551028,0.0364530302275549,0.0279645653796619,0.0449414950754478,"ns_spr","ns"
"gpt2-xl",256,10,0.0571906232839804,0.0489109871612125,0.0654702594067483,0.036459857127736,0.0281913463339896,0.0447283679214825,"ns_spr","ns"
"gpt2-xl",320,10,0.056770470508047,0.0485982981700751,0.0649426428460189,0.0364748921417708,0.0281498888650375,0.0447998954185042,"ns_spr","ns"
"gpt2-xl",400,10,0.0567264300782375,0.0484302434782271,0.0650226166782479,0.037089732221155,0.0286593102999984,0.0455201541423115,"ns_spr","ns"
"gpt2-xl",512,10,0.0573110614864464,0.048939491707315,0.0656826312655777,0.0378062523720096,0.0293108766725355,0.0463016280714837,"ns_spr","ns"
"gpt2-xl",640,10,0.0569193875022659,0.0487543676199052,0.0650844073846266,0.037473713986264,0.0291589525474278,0.0457884754251003,"ns_spr","ns"
"gpt2-xl",800,10,0.0569772752304696,0.0488534781259645,0.0651010723349746,0.0375591536049742,0.0293017243572795,0.0458165828526689,"ns_spr","ns"
"gpt2-xl",1023,10,0.056420136932297,0.04824235162258,0.064597922242014,0.0370896238734,0.028759978335511,0.0454192694112889,"ns_spr","ns"
"gpt2",1,10,0.0219323221493422,0.0150090494489381,0.0288555948497464,0.0126394868647935,0.00816511489725309,0.0171138588323339,"ns_maze","ns"
"gpt2",2,10,0.0459400494053991,0.0387585082032764,0.0531215906075218,0.0351409285362769,0.0284966040812481,0.0417852529913057,"ns_maze","ns"
"gpt2",3,10,0.0527783298877121,0.0453812338327585,0.0601754259426657,0.041304101106365,0.0347731771528933,0.0478350250598367,"ns_maze","ns"
"gpt2",4,10,0.0576009371707395,0.0497733671983254,0.0654285071431537,0.0461785292095712,0.0389277447477742,0.0534293136713682,"ns_maze","ns"
"gpt2",5,10,0.0623421520633319,0.0539507250773687,0.070733579049295,0.0513426850843282,0.0431374042486366,0.0595479659200198,"ns_maze","ns"
"gpt2",6,10,0.0647554771027963,0.0561651154168909,0.0733458387887017,0.0538020641028747,0.0449410902883183,0.0626630379174311,"ns_maze","ns"
"gpt2",7,10,0.0662559103123799,0.0564204410072981,0.0760913796174618,0.0553026353841297,0.0446042286535439,0.0660010421147155,"ns_maze","ns"
"gpt2",10,10,0.0709264505662909,0.0597098341976316,0.0821430669349501,0.05974985086156,0.0473595557537639,0.0721401459693562,"ns_maze","ns"
"gpt2",12,10,0.0733203028333063,0.0614780341950725,0.08516257147154,0.0621077979343325,0.0490471937690703,0.0751684020995946,"ns_maze","ns"
"gpt2",16,10,0.0807177726109321,0.0676737428517313,0.093761802370133,0.0698022496033444,0.0558315373333798,0.0837729618733091,"ns_maze","ns"
"gpt2",20,10,0.0837758068760613,0.0706500189922751,0.0969015947598476,0.0727613253955165,0.0594259596863281,0.0860966911047048,"ns_maze","ns"
"gpt2",25,10,0.0885085081635503,0.0757757631068129,0.101241253220288,0.0771986772041557,0.0643144284516242,0.0900829259566872,"ns_maze","ns"
"gpt2",32,10,0.0916191508897584,0.0784479144639734,0.104790387315544,0.0799552215572057,0.0663305576979986,0.0935798854164128,"ns_maze","ns"
"gpt2",40,10,0.0964818384475361,0.0830680970559601,0.109895579839112,0.0847314607530215,0.0708359327663035,0.0986269887397395,"ns_maze","ns"
"gpt2",50,10,0.10092406897255,0.0872415990423681,0.114606538902731,0.0888123768230837,0.0750340671606422,0.102590686485525,"ns_maze","ns"
"gpt2",64,10,0.104807734566525,0.0915418343445338,0.118073634788517,0.0923473932458886,0.0783123915575977,0.106382394934179,"ns_maze","ns"
"gpt2",80,10,0.108009410691648,0.0941356304561657,0.121883190927131,0.0953183485138214,0.080815509992206,0.109821187035437,"ns_maze","ns"
"gpt2",100,10,0.112987069754712,0.0996405436240104,0.126333595885414,0.100228448283641,0.0865754554500432,0.113881441117239,"ns_maze","ns"
"gpt2",128,10,0.115711684839153,0.102337244834326,0.12908612484398,0.10295773544172,0.089450400619655,0.116465070263785,"ns_maze","ns"
"gpt2",160,10,0.117510521427946,0.104029060431918,0.130991982423973,0.10485426328753,0.0914670444926312,0.11824148208243,"ns_maze","ns"
"gpt2",200,10,0.120269036672041,0.105879659994733,0.134658413349348,0.107645501472819,0.0932984493850385,0.1219925535606,"ns_maze","ns"
"gpt2",256,10,0.122194373482854,0.108110690184524,0.136278056781184,0.109531400593053,0.0956115096158637,0.123451291570243,"ns_maze","ns"
"gpt2",320,10,0.12265498395513,0.108474692839192,0.136835275071068,0.109998129155602,0.0962323474424318,0.123763910868772,"ns_maze","ns"
"gpt2",400,10,0.123624463813362,0.110527961229252,0.136720966397471,0.110991348972062,0.0982771675465804,0.123705530397544,"ns_maze","ns"
"gpt2",512,10,0.125077591000709,0.111454699416503,0.138700482584914,0.112453024644944,0.0989615871608372,0.12594446212905,"ns_maze","ns"
"gpt2",640,10,0.125579431473894,0.112236055271467,0.13892280767632,0.112978313605037,0.0996044379028332,0.126352189307241,"ns_maze","ns"
"gpt2",800,10,0.125703276614735,0.112283586481675,0.139122966747794,0.113116518948474,0.0997168506518102,0.126516187245137,"ns_maze","ns"
"gpt2",1023,10,0.125188080324238,0.112285190872469,0.138090969776006,0.112597670826216,0.0996276677206172,0.125567673931814,"ns_maze","ns"
"gpt2-large",1,10,0.0334164737995319,0.0269891878265675,0.0398437597724963,0.0235140147147006,0.0174085898734966,0.0296194395559046,"ns_maze","ns"
"gpt2-large",2,10,0.0471016226845304,0.0396236018457127,0.054579643523348,0.0358678855569487,0.029104173289198,0.0426315978246993,"ns_maze","ns"
"gpt2-large",3,10,0.0521513456823705,0.0457345985163101,0.058568092848431,0.0404137047898946,0.0339881239953878,0.0468392855844015,"ns_maze","ns"
"gpt2-large",4,10,0.0546584858455531,0.0478883308744433,0.0614286408166629,0.0429189842782912,0.0362634241167807,0.0495745444398017,"ns_maze","ns"
"gpt2-large",5,10,0.0583771649762191,0.0510529753189811,0.0657013546334571,0.0468673083925338,0.0393432770012657,0.0543913397838018,"ns_maze","ns"
"gpt2-large",6,10,0.06037073231727,0.0529253008394392,0.0678161637951009,0.0488929901103082,0.040579490485464,0.0572064897351523,"ns_maze","ns"
"gpt2-large",7,10,0.0620969373868898,0.0536509346289215,0.070542940144858,0.0506827541959199,0.0412218503872449,0.0601436580045948,"ns_maze","ns"
"gpt2-large",10,10,0.067093283536605,0.05689106588567,0.07729550118754,0.0553788629138785,0.043552806376144,0.067204919451613,"ns_maze","ns"
"gpt2-large",12,10,0.0698851216173438,0.0597719264719506,0.0799983167627371,0.0581409036006412,0.046423654259164,0.0698581529421183,"ns_maze","ns"
"gpt2-large",16,10,0.0759405200863021,0.0642975444373813,0.0875834957352229,0.0642621480046679,0.051577760132431,0.0769465358769047,"ns_maze","ns"
"gpt2-large",20,10,0.0798883930264541,0.0685749577398562,0.091201828313052,0.0680591577417999,0.0558025683633563,0.0803157471202436,"ns_maze","ns"
"gpt2-large",25,10,0.0836937139735063,0.0718785710654515,0.095508856881561,0.0715423627920003,0.0595233147086254,0.0835614108753752,"ns_maze","ns"
"gpt2-large",32,10,0.0852258164514566,0.0731014613578731,0.0973501715450401,0.072998401142568,0.0601114276124466,0.0858853746726893,"ns_maze","ns"
"gpt2-large",40,10,0.0887305094916384,0.075833823970738,0.101627195012539,0.0765512509886825,0.0629659624141527,0.0901365395632122,"ns_maze","ns"
"gpt2-large",50,10,0.0936426358333927,0.0805150664763946,0.106770205190391,0.0813469030325731,0.0678535807849355,0.0948402252802108,"ns_maze","ns"
"gpt2-large",64,10,0.0979791616555776,0.0855977564338452,0.11036056687731,0.0857028254646192,0.0725438864952169,0.0988617644340214,"ns_maze","ns"
"gpt2-large",80,10,0.101681734634963,0.088717814763949,0.114645654505977,0.0893303098965053,0.0758106944638832,0.102849925329127,"ns_maze","ns"
"gpt2-large",100,10,0.10688720222309,0.0945645278749677,0.119209876571213,0.0946064464909013,0.081955396989183,0.10725749599262,"ns_maze","ns"
"gpt2-large",128,10,0.110190909618316,0.098122227198498,0.122259592038134,0.0979106518895508,0.0855498537467631,0.110271450032339,"ns_maze","ns"
"gpt2-large",160,10,0.111675270609285,0.0996950114137566,0.123655529804814,0.0995733238618435,0.0871049092482983,0.112041738475389,"ns_maze","ns"
"gpt2-large",200,10,0.115112911958737,0.103067054203422,0.127158769714051,0.103143080391677,0.0909156362519511,0.115370524531402,"ns_maze","ns"
"gpt2-large",256,10,0.116654610635774,0.104987525654339,0.128321695617209,0.104633459046221,0.0926547948040198,0.116612123288421,"ns_maze","ns"
"gpt2-large",320,10,0.116716167797564,0.104757952232015,0.128674383363113,0.104723647754434,0.0927660810788335,0.116681214430035,"ns_maze","ns"
"gpt2-large",400,10,0.118153384612179,0.106944660859865,0.129362108364493,0.10621499511135,0.0949451114790521,0.117484878743648,"ns_maze","ns"
"gpt2-large",512,10,0.119777412679479,0.10865830410483,0.130896521254128,0.107834383307114,0.0964136615015119,0.119255105112717,"ns_maze","ns"
"gpt2-large",640,10,0.119641659914955,0.108666086534855,0.130617233295055,0.107709204244857,0.0963375105243507,0.119080897965363,"ns_maze","ns"
"gpt2-large",800,10,0.1194300972568,0.108502568690536,0.130357625823063,0.107468632448624,0.0961222259824543,0.118815038914793,"ns_maze","ns"
"gpt2-large",1023,10,0.118995080781873,0.108463176273061,0.129526985290685,0.107057546033272,0.0959084879829571,0.118206604083588,"ns_maze","ns"
"gpt2-medium",1,10,0.0314827910338869,0.0260999271854253,0.0368656548823484,0.0205948165172909,0.0155074278017152,0.0256822052328665,"ns_maze","ns"
"gpt2-medium",2,10,0.0461233212072818,0.038204208900178,0.0540424335143855,0.0351627009594486,0.028249018111439,0.0420763838074583,"ns_maze","ns"
"gpt2-medium",3,10,0.0528715343551314,0.0459794548458348,0.0597636138644279,0.0414167551936686,0.0354390426393262,0.0473944677480109,"ns_maze","ns"
"gpt2-medium",4,10,0.0563133834270336,0.0490351256685813,0.0635916411854859,0.0447713375530169,0.0381522043509043,0.0513904707551294,"ns_maze","ns"
"gpt2-medium",5,10,0.0602350357474009,0.0529515674489587,0.0675185040458432,0.048990079343258,0.0415160161424403,0.0564641425440757,"ns_maze","ns"
"gpt2-medium",6,10,0.0624639749963086,0.0549738517361472,0.06995409825647,0.0509258171256823,0.0429810316555161,0.0588706025958485,"ns_maze","ns"
"gpt2-medium",7,10,0.0641671987469104,0.0554152805802634,0.0729191169135574,0.05283212708214,0.0433326775011255,0.0623315766631545,"ns_maze","ns"
"gpt2-medium",10,10,0.0687196210872117,0.0576181459223327,0.0798210962520907,0.0570589471987392,0.0444826629184236,0.0696352314790548,"ns_maze","ns"
"gpt2-medium",12,10,0.0724323725163873,0.0614674500220621,0.0833972950107125,0.0607103649322035,0.0479908547758023,0.0734298750886047,"ns_maze","ns"
"gpt2-medium",16,10,0.0785035561767135,0.0654195474432289,0.0915875649101981,0.0669455955522034,0.0528139052488893,0.0810772858555174,"ns_maze","ns"
"gpt2-medium",20,10,0.082378485537415,0.0690854585824712,0.0956715124923588,0.0706354047142827,0.0566364278099226,0.0846343816186429,"ns_maze","ns"
"gpt2-medium",25,10,0.0858745481192784,0.0725501098174842,0.0991989864210726,0.0737932946971354,0.060121738799156,0.0874648505951148,"ns_maze","ns"
"gpt2-medium",32,10,0.0886720973147268,0.0751259297559163,0.102218264873537,0.0764524115689431,0.062591721121664,0.0903131020162223,"ns_maze","ns"
"gpt2-medium",40,10,0.0930590884926811,0.0788218619780562,0.107296315007306,0.0808320844757128,0.0663831649354926,0.095281004015933,"ns_maze","ns"
"gpt2-medium",50,10,0.0990940660872119,0.085131443185949,0.113056688988475,0.0866948656190095,0.0728909651402571,0.100498766097762,"ns_maze","ns"
"gpt2-medium",64,10,0.103028250592002,0.089358169477809,0.116698331706196,0.0905198608042933,0.0764973168579599,0.104542404750627,"ns_maze","ns"
"gpt2-medium",80,10,0.106524869152369,0.0932586537742522,0.119791084530487,0.093897850145077,0.0802484811502904,0.107547219139864,"ns_maze","ns"
"gpt2-medium",100,10,0.111012470571446,0.0981127184443299,0.123912222698561,0.0983995221039083,0.0854971020252101,0.111301942182607,"ns_maze","ns"
"gpt2-medium",128,10,0.113744307908057,0.100935669478109,0.126552946338005,0.101144010805853,0.088431509511926,0.113856512099779,"ns_maze","ns"
"gpt2-medium",160,10,0.115328085876836,0.102961126926123,0.127695044827549,0.10282796303512,0.0906387911429289,0.115017134927311,"ns_maze","ns"
"gpt2-medium",200,10,0.117851590102172,0.105519512390257,0.130183667814088,0.105489571159563,0.0934080986188568,0.11757104370027,"ns_maze","ns"
"gpt2-medium",256,10,0.119606227089232,0.107352890834363,0.131859563344102,0.107191118337809,0.0954545984936824,0.118927638181936,"ns_maze","ns"
"gpt2-medium",320,10,0.11980403538656,0.107701136833569,0.13190693393955,0.107455273310702,0.096196878422119,0.118713668199286,"ns_maze","ns"
"gpt2-medium",400,10,0.12158534945773,0.110197999891691,0.132972699023768,0.109309400911156,0.0988203465712142,0.119798455251098,"ns_maze","ns"
"gpt2-medium",512,10,0.123496190452066,0.112236561896414,0.134755819007717,0.11119589777747,0.100666940059846,0.121724855495095,"ns_maze","ns"
"gpt2-medium",640,10,0.123987371745258,0.112880735560059,0.135094007930457,0.111686956213829,0.10125610248995,0.122117809937708,"ns_maze","ns"
"gpt2-medium",800,10,0.12356242138951,0.112322560784214,0.134802281994806,0.111239532177735,0.100584204607808,0.121894859747663,"ns_maze","ns"
"gpt2-medium",1023,10,0.122617603884733,0.111495570491195,0.133739637278271,0.110348361183243,0.0997698593533989,0.120926863013087,"ns_maze","ns"
"gpt2-xl",1,10,0.0346627450639345,0.0280882506401969,0.041237239487672,0.0247481714513922,0.0186802449639694,0.030816097938815,"ns_maze","ns"
"gpt2-xl",2,10,0.045586589554872,0.0376900804861091,0.0534830986236348,0.0342295973878414,0.0270877191443057,0.0413714756313771,"ns_maze","ns"
"gpt2-xl",3,10,0.0516832371640243,0.0449489088256526,0.058417565502396,0.0398102483893133,0.0331065749106419,0.0465139218679847,"ns_maze","ns"
"gpt2-xl",4,10,0.0523348834902261,0.0448892905449466,0.0597804764355056,0.0403278682310038,0.0329682931101613,0.0476874433518463,"ns_maze","ns"
"gpt2-xl",5,10,0.0564980327834181,0.0485179754311875,0.0644780901356488,0.044678419945925,0.0358988851705277,0.0534579547213223,"ns_maze","ns"
"gpt2-xl",6,10,0.0588038465697041,0.0503060751917237,0.0673016179476844,0.0469605133745316,0.0374910411787883,0.0564299855702748,"ns_maze","ns"
"gpt2-xl",7,10,0.0602824386386823,0.0510806574483459,0.0694842198290187,0.0485480612823773,0.0381365447234868,0.0589595778412677,"ns_maze","ns"
"gpt2-xl",10,10,0.0629437028903853,0.0517599967277289,0.0741274090530417,0.0509796734511177,0.0384352612972343,0.0635240856050011,"ns_maze","ns"
"gpt2-xl",12,10,0.0659884640583691,0.0547313385250828,0.0772455895916554,0.0540591887855646,0.0412387042018176,0.0668796733693116,"ns_maze","ns"
"gpt2-xl",16,10,0.0708972167489852,0.0584353268672668,0.0833591066307037,0.0590835664096733,0.0459059449373896,0.072261187881957,"ns_maze","ns"
"gpt2-xl",20,10,0.0743884847944969,0.0620953191171085,0.0866816504718852,0.062472559002582,0.0496248253942513,0.0753202926109126,"ns_maze","ns"
"gpt2-xl",25,10,0.077839388220931,0.0654517825939939,0.090226993847868,0.0657339961077386,0.0529997720294338,0.0784682201860433,"ns_maze","ns"
"gpt2-xl",32,10,0.0806733028480809,0.0688289796944988,0.0925176260016629,0.0685738607293303,0.0561105575525106,0.0810371639061499,"ns_maze","ns"
"gpt2-xl",40,10,0.084769853711904,0.0723381009797676,0.0972016064440405,0.0726420491713561,0.0592449172650095,0.0860391810777027,"ns_maze","ns"
"gpt2-xl",50,10,0.090557488760841,0.0781181761643546,0.102996801357327,0.0783680416409795,0.0650845504080607,0.0916515328738983,"ns_maze","ns"
"gpt2-xl",64,10,0.0944370040500689,0.0823399526061952,0.106534055493943,0.0823116797499382,0.0691399222040517,0.0954834372958246,"ns_maze","ns"
"gpt2-xl",80,10,0.0980678382738151,0.0850238377160235,0.111111838831607,0.0859543703345777,0.0722161598261282,0.0996925808430272,"ns_maze","ns"
"gpt2-xl",100,10,0.104092174217633,0.0919925006230189,0.116191847812247,0.0920986785437278,0.0794466682415634,0.104750688845892,"ns_maze","ns"
"gpt2-xl",128,10,0.106831065859404,0.094479989389048,0.119182142329759,0.0948906969543791,0.0820707440566946,0.107710649852064,"ns_maze","ns"
"gpt2-xl",160,10,0.107118751443088,0.0958110975713578,0.118426405314819,0.0954180190374927,0.083550027835032,0.107286010239953,"ns_maze","ns"
"gpt2-xl",200,10,0.109258020301134,0.0978848278401963,0.120631212762073,0.0976663289952307,0.085973622655732,0.109359035334729,"ns_maze","ns"
"gpt2-xl",256,10,0.110425010226217,0.100131863007939,0.120718157444495,0.0988334385116197,0.0882151024113484,0.109451774611891,"ns_maze","ns"
"gpt2-xl",320,10,0.1102421920578,0.0998885867056835,0.120595797409916,0.0987234008908443,0.0883382615606424,0.109108540221046,"ns_maze","ns"
"gpt2-xl",400,10,0.111592076853888,0.10216060580772,0.121023547900056,0.100163655873595,0.0906650342724314,0.10966227747476,"ns_maze","ns"
"gpt2-xl",512,10,0.112259708179802,0.102979481712258,0.121539934647346,0.100873968398486,0.091190573492277,0.110557363304696,"ns_maze","ns"
"gpt2-xl",640,10,0.111923277024595,0.102312039108655,0.121534514940536,0.100580396429008,0.0905381122817839,0.110622680576232,"ns_maze","ns"
"gpt2-xl",800,10,0.111446216106624,0.101705348810497,0.121187083402752,0.100098679742045,0.0899438867796519,0.110253472704439,"ns_maze","ns"
"gpt2-xl",1023,10,0.111442836130302,0.101941455409958,0.120944216850646,0.10009179532488,0.0899082097308837,0.110275380918876,"ns_maze","ns"
"gpt2",1,10,0.0147455692544918,0.0104155098840382,0.0190756286249455,0.00625083045268527,0.00305779176057786,0.00944386914479267,"brown","brown"
"gpt2",2,10,0.0168362220070592,0.0103032331546494,0.023369210859469,0.00648444012942991,0.0017396657188146,0.0112292145400452,"brown","brown"
"gpt2",3,10,0.016226668079754,0.00948806321556066,0.0229652729439473,0.00608348413537066,0.0010199251503509,0.0111470431203904,"brown","brown"
"gpt2",4,10,0.0159100536210107,0.00946103351051773,0.0223590737315037,0.00598657076606825,0.00132165753489743,0.0106514839972391,"brown","brown"
"gpt2",5,10,0.0156725481251277,0.00912051553631903,0.0222245807139364,0.00590795976307028,0.00118747608829047,0.0106284434378501,"brown","brown"
"gpt2",6,10,0.0158716977401312,0.00888773004878196,0.0228556654314804,0.00618186241947632,0.0011067001036588,0.0112570247352939,"brown","brown"
"gpt2",7,10,0.0159437384915806,0.0088347989313942,0.0230526780517671,0.00630994111091979,0.00108939600684216,0.0115304862149974,"brown","brown"
"gpt2",10,10,0.0163528514865831,0.00951572952019106,0.0231899734529751,0.0068131836910668,0.00196721619109857,0.011659151191035,"brown","brown"
"gpt2",12,10,0.0161702188861548,0.00921801544700698,0.0231224223253026,0.00669782828116241,0.00178615062889497,0.0116095059334298,"brown","brown"
"gpt2",16,10,0.0152868073069018,0.00841299601041326,0.0221606186033904,0.0061134544410886,0.00127002662840285,0.0109568822537743,"brown","brown"
"gpt2",20,10,0.0151740416902998,0.00831085835921636,0.0220372250213833,0.00608351849589293,0.00115945668355888,0.011007580308227,"brown","brown"
"gpt2",25,10,0.0157419198820006,0.00822753144973656,0.0232563083142646,0.0066569557745206,0.00135846773017345,0.0119554438188677,"brown","brown"
"gpt2",32,10,0.0175541717665623,0.0105973089098788,0.0245110346232459,0.00843819555305883,0.00342004091522131,0.0134563501908964,"brown","brown"
"gpt2",40,10,0.0178824511530841,0.010635899248812,0.0251290030573562,0.00885468594214266,0.00363011909815047,0.0140792527861348,"brown","brown"
"gpt2",50,10,0.0187779611203458,0.0113082656760363,0.0262476565646553,0.00966855266060271,0.00423921590899291,0.0150978894122125,"brown","brown"
"gpt2",64,10,0.0182389304489342,0.0116233366978689,0.0248545241999995,0.00926592262479349,0.00455757320799438,0.0139742720415926,"brown","brown"
"gpt2",80,10,0.0192856533670321,0.0124858623745676,0.0260854443594967,0.0104083353770061,0.00534745460548413,0.0154692161485281,"brown","brown"
"gpt2",100,10,0.0193822648656944,0.0128174099125989,0.02594711981879,0.0106550257969214,0.00581406916875274,0.0154959824250901,"brown","brown"
"gpt2",128,10,0.0186976321696696,0.0123942029424153,0.025001061396924,0.010278654489134,0.00576489549842555,0.0147924134798424,"brown","brown"
"gpt2",160,10,0.0187031420674591,0.0122403199060094,0.0251659642289088,0.0105027379098082,0.00590027639645234,0.015105199423164,"brown","brown"
"gpt2",200,10,0.0189112411566437,0.0121597991104293,0.0256626832028581,0.0107048086515222,0.00581933887943592,0.0155902784236085,"brown","brown"
"gpt2",256,10,0.0193405039621923,0.0126027021941258,0.0260783057302589,0.0111021413945372,0.00617076763786212,0.0160335151512123,"brown","brown"
"gpt2",320,10,0.0197309060564109,0.0127954879851793,0.0266663241276425,0.0114649261565128,0.00634815637556334,0.0165816959374622,"brown","brown"
"gpt2",400,10,0.019803909564301,0.0126541675966891,0.0269536515319128,0.0115341601287376,0.00624182132835775,0.0168264989291175,"brown","brown"
"gpt2",512,10,0.0203297752511797,0.0131662160820373,0.027493334420322,0.0120538532993007,0.00676877787763292,0.0173389287209684,"brown","brown"
"gpt2",640,10,0.0203367183378074,0.0131800402827058,0.0274933963929091,0.0120577617335296,0.00681382402518217,0.017301699441877,"brown","brown"
"gpt2",800,10,0.0203811732639351,0.0131991633621885,0.0275631831656817,0.0121023442850218,0.00682655705675581,0.0173781315132878,"brown","brown"
"gpt2",1023,10,0.0203976125444874,0.0131689675678564,0.0276262575211184,0.0121142005260034,0.00680289152927453,0.0174255095227323,"brown","brown"
"gpt2-large",1,10,0.0177099657030885,0.0119320486750421,0.0234878827311349,0.00779452043514818,0.00357751118095544,0.0120115296893409,"brown","brown"
"gpt2-large",2,10,0.0158531972739657,0.0103350832143728,0.0213713113335586,0.00565044373974112,0.00201203409865177,0.00928885338083048,"brown","brown"
"gpt2-large",3,10,0.0146857497734962,0.00887265143685664,0.0204988481101358,0.00494631234051137,0.000946727578597575,0.00894589710242516,"brown","brown"
"gpt2-large",4,10,0.0135572382354156,0.00813617562182304,0.0189783008490082,0.00427291780627461,0.00072041501355646,0.00782542059899277,"brown","brown"
"gpt2-large",5,10,0.01322525013213,0.00767243811026848,0.0187780621539914,0.00426423917749481,0.000740708480551259,0.00778776987443837,"brown","brown"
"gpt2-large",6,10,0.0130071886361663,0.00726219859590284,0.0187521786764297,0.00428441086037955,0.0005459695953231,0.008022852125436,"brown","brown"
"gpt2-large",7,10,0.0125932763762393,0.00670219481798128,0.0184843579344973,0.00412662217196768,0.000522523597257055,0.00773072074667831,"brown","brown"
"gpt2-large",10,10,0.0120809656487647,0.00653247337459298,0.0176294579229364,0.00396704394454702,0.000621706691478797,0.00731238119761524,"brown","brown"
"gpt2-large",12,10,0.0119589747521881,0.00654039109789775,0.0173775584064785,0.00388054488279722,0.000584295050552522,0.00717679471504192,"brown","brown"
"gpt2-large",16,10,0.0117666613718332,0.0060600004959971,0.0174733222476692,0.00394741144228306,0.00033137113703284,0.00756345174753329,"brown","brown"
"gpt2-large",20,10,0.0122827203526217,0.0067868726175066,0.0177785680877368,0.0044146547909821,0.00080130470707689,0.0080280048748873,"brown","brown"
"gpt2-large",25,10,0.0129292125305001,0.00697031803959848,0.0188881070214016,0.00498128677819016,0.00123753433345781,0.00872503922292251,"brown","brown"
"gpt2-large",32,10,0.0139233179857634,0.00844037191323484,0.019406264058292,0.00599907452312105,0.00240040773944264,0.00959774130679945,"brown","brown"
"gpt2-large",40,10,0.0137756863019856,0.00792741078063619,0.019623961823335,0.00599279630613006,0.00205214441192023,0.0099334482003399,"brown","brown"
"gpt2-large",50,10,0.0145217528849836,0.00860228933696388,0.0204412164330032,0.00662229613704072,0.00270136527704924,0.0105432269970322,"brown","brown"
"gpt2-large",64,10,0.0145912668107977,0.00913407980889333,0.0200484538127021,0.00672015210363676,0.00313585780548195,0.0103044464017916,"brown","brown"
"gpt2-large",80,10,0.0157573631624312,0.0101813089902896,0.0213334173345728,0.00802135571092507,0.00408344497748921,0.0119592664443609,"brown","brown"
"gpt2-large",100,10,0.0157453745318651,0.0100269321030296,0.0214638169607006,0.00811556977813833,0.00406703648970701,0.0121641030665697,"brown","brown"
"gpt2-large",128,10,0.0150593375417558,0.00943349255842258,0.020685182525089,0.00780239089807994,0.00385230234928014,0.0117524794468797,"brown","brown"
"gpt2-large",160,10,0.0148707205532407,0.00869542606514168,0.0210460150413398,0.00787412622379204,0.00338413571209624,0.0123641167354878,"brown","brown"
"gpt2-large",200,10,0.0150948877827539,0.00878741603417382,0.021402359531334,0.00807341478290178,0.00355520635568443,0.0125916232101191,"brown","brown"
"gpt2-large",256,10,0.0155310511442666,0.00921133453546566,0.0218507677530675,0.00850710596774459,0.00387848289376438,0.0131357290417248,"brown","brown"
"gpt2-large",320,10,0.0158272225494261,0.00936914204563418,0.0222853030532181,0.00879188916676893,0.00402477501492809,0.0135590033186098,"brown","brown"
"gpt2-large",400,10,0.0160966230967361,0.00934446820135739,0.0228487779921148,0.00903720715513489,0.00401228579401196,0.0140621285162578,"brown","brown"
"gpt2-large",512,10,0.0165525492941227,0.00988548592911898,0.0232196126591265,0.0094621502565455,0.00454304627165106,0.0143812542414399,"brown","brown"
"gpt2-large",640,10,0.0165647308768498,0.00989662644461348,0.0232328353090862,0.00946841388598911,0.004573631012354,0.0143631967596242,"brown","brown"
"gpt2-large",800,10,0.0165112125071517,0.00983820223982958,0.0231842227744738,0.00942286912916649,0.00452714807096112,0.0143185901873719,"brown","brown"
"gpt2-large",1023,10,0.0165490479148947,0.00985858685754728,0.0232395089722421,0.00945170478222203,0.00453833530688321,0.0143650742575609,"brown","brown"
"gpt2-medium",1,10,0.0175231067063748,0.0126602543604629,0.0223859590522867,0.00754048178876616,0.00445831628626443,0.0106226472912679,"brown","brown"
"gpt2-medium",2,10,0.017874223240248,0.010981213825475,0.0247672326550209,0.00753382053481345,0.00253358714849917,0.0125340539211277,"brown","brown"
"gpt2-medium",3,10,0.0165730678688932,0.00964242822155488,0.0235037075162315,0.00648486766648382,0.00155544356442151,0.0114142917685461,"brown","brown"
"gpt2-medium",4,10,0.0158361965941483,0.00879316064672932,0.0228792325415673,0.00599394014152626,0.00106412425123902,0.0109237560318135,"brown","brown"
"gpt2-medium",5,10,0.014442415190762,0.00777596100181336,0.0211088693797107,0.00507352191497648,0.00057501833686362,0.00957202549308933,"brown","brown"
"gpt2-medium",6,10,0.0147462853637498,0.00768771163094163,0.0218048590965579,0.00548004797980096,0.000637886768952742,0.0103222091906492,"brown","brown"
"gpt2-medium",7,10,0.0147400361724481,0.00739812318961921,0.0220819491552771,0.00552792663432851,0.000454796749831281,0.0106010565188257,"brown","brown"
"gpt2-medium",10,10,0.0144293858721408,0.00773347893544258,0.021125292808839,0.00550983584609835,0.00114390762338098,0.00987576406881572,"brown","brown"
"gpt2-medium",12,10,0.014813283339675,0.0082148371797174,0.0214117294996326,0.00583417713801551,0.00135232611284195,0.0103160281631891,"brown","brown"
"gpt2-medium",16,10,0.0140022465745602,0.00721478049110928,0.0207897126580111,0.00541478677236255,0.000813008136384305,0.0100165654083408,"brown","brown"
"gpt2-medium",20,10,0.014366049824739,0.00774493003881382,0.0209871696106642,0.00582295696778921,0.00126786657280289,0.0103780473627755,"brown","brown"
"gpt2-medium",25,10,0.0150818794707665,0.00795911489855687,0.0222046440429762,0.00645451227850159,0.00166583858056016,0.011243185976443,"brown","brown"
"gpt2-medium",32,10,0.0164063249337865,0.0101926850485185,0.0226199648190544,0.00779843774755924,0.00362268969730224,0.0119741857978162,"brown","brown"
"gpt2-medium",40,10,0.0163251793281968,0.00980584543612623,0.0228445132202673,0.00788315658717027,0.00334651119527066,0.0124198019790699,"brown","brown"
"gpt2-medium",50,10,0.0169540001767146,0.0101456000940051,0.0237624002594241,0.00847642415629698,0.00379164739850162,0.0131612009140924,"brown","brown"
"gpt2-medium",64,10,0.0165420703557693,0.0105249769399361,0.0225591637716025,0.00821581732158744,0.00417226842233133,0.0122593662208436,"brown","brown"
"gpt2-medium",80,10,0.0177064577084119,0.0115092868311184,0.0239036285857053,0.0094831024721562,0.00514736409061904,0.0138188408536934,"brown","brown"
"gpt2-medium",100,10,0.017740608238495,0.0118683279839649,0.023612888493025,0.00967288361420083,0.00556599078874885,0.0137797764396528,"brown","brown"
"gpt2-medium",128,10,0.0170815657015098,0.0113565392402763,0.0228065921627433,0.00932464553444108,0.00536086536233087,0.0132884257065513,"brown","brown"
"gpt2-medium",160,10,0.0170954476705551,0.0109966262781157,0.0231942690629944,0.0095566933432212,0.00520139250433229,0.0139119941821101,"brown","brown"
"gpt2-medium",200,10,0.0173179300558517,0.0109879761559617,0.0236478839557417,0.0097012616953451,0.00517725051608082,0.0142252728746094,"brown","brown"
"gpt2-medium",256,10,0.0176596655443991,0.0113912022449336,0.0239281288438645,0.0100557949108184,0.00549900201700129,0.0146125878046354,"brown","brown"
"gpt2-medium",320,10,0.0177917828871329,0.0113855705691547,0.0241979952051112,0.0101949195265779,0.00553821340029036,0.0148516256528655,"brown","brown"
"gpt2-medium",400,10,0.0178956254529421,0.0113058824011236,0.0244853685047606,0.0102934488787052,0.00548188067212294,0.0151050170852874,"brown","brown"
"gpt2-medium",512,10,0.0184905447653632,0.0119348824333003,0.0250462070974262,0.0108672657763085,0.00610013164552913,0.0156343999070879,"brown","brown"
"gpt2-medium",640,10,0.0185626799627855,0.0119391445170066,0.0251862154085644,0.0109255561362944,0.00611913686853228,0.0157319754040565,"brown","brown"
"gpt2-medium",800,10,0.0186106363801868,0.0119097952371328,0.0253114775232408,0.0109708589722758,0.006101174562083,0.0158405433824686,"brown","brown"
"gpt2-medium",1023,10,0.0185705249892671,0.0119303571187697,0.0252106928597645,0.010935421865907,0.00611597031678692,0.0157548734150271,"brown","brown"
"gpt2-xl",1,10,0.0175909352983807,0.0119341564591242,0.0232477141376371,0.00763089244249714,0.00363461181319827,0.011627173071796,"brown","brown"
"gpt2-xl",2,10,0.0157264579398538,0.00980602600091825,0.0216468898787893,0.00555038166335353,0.00138162844619442,0.00971913488051265,"brown","brown"
"gpt2-xl",3,10,0.0147776569649862,0.00857406231689425,0.0209812516130782,0.00496282828094233,0.000518473361072843,0.00940718320081181,"brown","brown"
"gpt2-xl",4,10,0.0129500233782046,0.00723132394894686,0.0186687228074623,0.00385488775643905,0.000229082962239073,0.00748069255063902,"brown","brown"
"gpt2-xl",5,10,0.0125556995792894,0.0065093564580162,0.0186020427005627,0.00374836303181195,-0.000224135513345799,0.0077208615769697,"brown","brown"
"gpt2-xl",6,10,0.0124122118072629,0.00605051556422203,0.0187739080503039,0.00384988491745136,-0.000325015948270809,0.00802478578317353,"brown","brown"
"gpt2-xl",7,10,0.0114897683637181,0.00513750695434109,0.0178420297730952,0.0032093509340276,-0.000800451810021906,0.00721915367807712,"brown","brown"
"gpt2-xl",10,10,0.0102974676876654,0.00436909652827447,0.0162258388470563,0.00252898249082212,-0.00113754450258594,0.00619550948423018,"brown","brown"
"gpt2-xl",12,10,0.0106470983780671,0.00485273523064575,0.0164414615254885,0.00282893993251786,-0.000728752154167099,0.00638663201920281,"brown","brown"
"gpt2-xl",16,10,0.0102838207397263,0.00434634244849875,0.0162212990309538,0.00279342957434382,-0.000895725254032548,0.00648258440272019,"brown","brown"
"gpt2-xl",20,10,0.0102951083213538,0.00492039708170072,0.0156698195610068,0.0029512887336069,-0.000383244541527362,0.00628582200874116,"brown","brown"
"gpt2-xl",25,10,0.0110066383204921,0.00490972867722863,0.0171035479637555,0.00348563296111957,-0.000222892317454548,0.0071941582396937,"brown","brown"
"gpt2-xl",32,10,0.0123892500340158,0.00679582261438446,0.0179826774536472,0.00482428112684055,0.00126701649204234,0.00838154576163876,"brown","brown"
"gpt2-xl",40,10,0.0119678429511886,0.00628922223702783,0.0176464636653493,0.0046505613385275,0.000966620434621209,0.0083345022424338,"brown","brown"
"gpt2-xl",50,10,0.0128415722642719,0.00714820335252417,0.0185349411760196,0.00543451883777271,0.00170693324530418,0.00916210443024124,"brown","brown"
"gpt2-xl",64,10,0.0122297891690807,0.00729357868738385,0.0171659996507776,0.00505370871036679,0.0018894490827087,0.00821796833802488,"brown","brown"
"gpt2-xl",80,10,0.0139554883343163,0.00851519883864197,0.0193957778299906,0.00676400990524375,0.0029802808335429,0.0105477389769446,"brown","brown"
"gpt2-xl",100,10,0.0140904922939241,0.00868140572418294,0.0194995788636653,0.00704936336739677,0.00328892002065033,0.0108098067141432,"brown","brown"
"gpt2-xl",128,10,0.0135026673903264,0.00838845578786876,0.018616878992784,0.00682945079723892,0.00336409378730309,0.0102948078071748,"brown","brown"
"gpt2-xl",160,10,0.0134167146482684,0.00795831955024739,0.0188751097462895,0.00697981144311059,0.00309734899913687,0.0108622738870843,"brown","brown"
"gpt2-xl",200,10,0.0135193957576018,0.00795403150399561,0.0190847600112079,0.0070576579575126,0.00310633824236785,0.0110089776726574,"brown","brown"
"gpt2-xl",256,10,0.0141206724144206,0.00847237107355383,0.0197689737552873,0.00761923895462287,0.00347534639700957,0.0117631315122362,"brown","brown"
"gpt2-xl",320,10,0.0144660623635111,0.00876373394029449,0.0201683907867277,0.00794347447686206,0.00373220522275921,0.0121547437309649,"brown","brown"
"gpt2-xl",400,10,0.0147425830249431,0.00881130915053371,0.0206738568993526,0.0081804675863639,0.00373871517894662,0.0126222199937812,"brown","brown"
"gpt2-xl",512,10,0.0151245559334438,0.00925615928383862,0.020992952583049,0.00853102985333964,0.00415350779177588,0.0129085519149034,"brown","brown"
"gpt2-xl",640,10,0.0151498502931589,0.00926826183467828,0.0210314387516396,0.00854968810277208,0.00417344960785861,0.0129259265976855,"brown","brown"
"gpt2-xl",800,10,0.0151721237710671,0.00928455901433855,0.0210596885277957,0.00856849565869955,0.00417971527080921,0.0129572760465899,"brown","brown"
"gpt2-xl",1023,10,0.0151833924608621,0.00929702924708154,0.0210697556746426,0.00857911660499171,0.00419342640079269,0.0129648068091907,"brown","brown"
"gpt2",1,10,0.00399604918436165,0.00294160250232089,0.00505049586640242,0.000393816656808236,3.94826446760731e-05,0.000748150668940399,"osff","os"
"gpt2",2,10,0.00521603339199835,0.00409070454822368,0.00634136223577302,0.000445420046091874,0.000110080110280754,0.000780759981902995,"osff","os"
"gpt2",3,10,0.0057955361167108,0.00450991886964476,0.00708115336377684,0.000886118946636543,0.000366233100064729,0.00140600479320836,"osff","os"
"gpt2",4,10,0.00622357921806503,0.0048621848689849,0.00758497356714516,0.00119244197038675,0.000569615836807283,0.00181526810396622,"osff","os"
"gpt2",5,10,0.00625892400571147,0.00494267457500047,0.00757517343642246,0.00128781529701751,0.000659762602592402,0.00191586799144261,"osff","os"
"gpt2",6,10,0.00626662598028245,0.00488824688865857,0.00764500507190633,0.00132273224461645,0.000695629176896785,0.00194983531233612,"osff","os"
"gpt2",7,10,0.00604311537115141,0.00477564050085787,0.00731059024144494,0.00121521617726123,0.0006470092503622,0.00178342310416026,"osff","os"
"gpt2",10,10,0.00602227432783516,0.00470480115178664,0.00733974750388368,0.0012838513963139,0.000743974853492198,0.0018237279391356,"osff","os"
"gpt2",12,10,0.00615915082579351,0.00483278600815182,0.0074855156434352,0.00141340326889663,0.000853075288912823,0.00197373124888044,"osff","os"
"gpt2",16,10,0.00610247157362236,0.00487203562425132,0.00733290752299341,0.00140428937000704,0.000789380871768963,0.00201919786824512,"osff","os"
"gpt2",20,10,0.00625497518886959,0.0050752451445459,0.00743470523319327,0.00153279749963418,0.000996693377494535,0.00206890162177382,"osff","os"
"gpt2",25,10,0.00663689364830092,0.00543985697558028,0.00783393032102156,0.00181545812615082,0.00128134681725561,0.00234956943504602,"osff","os"
"gpt2",32,10,0.00722447559073674,0.00597197369308663,0.00847697748838685,0.00223906990266908,0.00167458888259375,0.00280355092274441,"osff","os"
"gpt2",40,10,0.0075831879739705,0.00635161625651968,0.00881475969142131,0.00255661900758653,0.00189128124974126,0.0032219567654318,"osff","os"
"gpt2",50,10,0.0078350164004337,0.00649800936234836,0.00917202343851903,0.00280954588674059,0.0020345091882963,0.00358458258518488,"osff","os"
"gpt2",64,10,0.00846756051826273,0.007161560855107,0.00977356018141847,0.003339500581245,0.00246654658973646,0.00421245457275354,"osff","os"
"gpt2",80,10,0.00905011973546094,0.00766487762715141,0.0104353618437705,0.00389984817742037,0.00304092620724406,0.00475877014759668,"osff","os"
"gpt2",100,10,0.00994668313366497,0.00837874211584976,0.0115146241514802,0.00467042381306811,0.00361491290629412,0.00572593471984209,"osff","os"
"gpt2",128,10,0.0110363393028895,0.00925672968784316,0.0128159489179358,0.00568202014009904,0.00447464535281746,0.00688939492738062,"osff","os"
"gpt2",160,10,0.0113147583341672,0.00940283752972671,0.0132266791386076,0.00603596124675891,0.00467239043338564,0.00739953206013219,"osff","os"
"gpt2",200,10,0.011877717854295,0.00986023867314188,0.013895197035448,0.00656799347702366,0.00508740481635318,0.00804858213769413,"osff","os"
"gpt2",256,10,0.0125379487750293,0.0103277891346777,0.0147481084153808,0.00720334259740882,0.00543188998646894,0.00897479520834871,"osff","os"
"gpt2",320,10,0.012934500415335,0.0106338128042316,0.0152351880264384,0.00758220938107106,0.00575125818678816,0.00941316057535395,"osff","os"
"gpt2",400,10,0.0133269185348899,0.0109352126408341,0.0157186244289457,0.00795209428995869,0.00606273797258398,0.00984145060733341,"osff","os"
"gpt2",512,10,0.0133939754880598,0.0110175414168861,0.0157704095592335,0.00803631935736493,0.00617252948783327,0.00990010922689658,"osff","os"
"gpt2",640,10,0.0134490203314152,0.0110859615047611,0.0158120791580692,0.00810346997360066,0.00625816147321171,0.00994877847398961,"osff","os"
"gpt2",800,10,0.0135230462846525,0.0112092540071516,0.0158368385621533,0.0081771043399577,0.0063815938436356,0.00997261483627978,"osff","os"
"gpt2",1023,10,0.0135988985741351,0.0112824339234519,0.0159153632248183,0.00824549163146817,0.00644008837644118,0.0100508948864952,"osff","os"
"gpt2-large",1,10,0.00494077723955738,0.0038918039599323,0.00598975051918246,-6.02858573131829e-06,-0.000176618613124266,0.000164561441661629,"osff","os"
"gpt2-large",2,10,0.00591772874192059,0.00460422023490515,0.00723123724893604,0.000859380987550941,0.000304544470153535,0.00141421750494835,"osff","os"
"gpt2-large",3,10,0.00610998238070665,0.00466553410652464,0.00755443065488866,0.00118990818306056,0.000547763494464638,0.00183205287165649,"osff","os"
"gpt2-large",4,10,0.00664221171124593,0.00518706119994773,0.00809736222254413,0.0016261221215956,0.000901092739996544,0.00235115150319466,"osff","os"
"gpt2-large",5,10,0.00650173327351686,0.00503868453643259,0.00796478201060112,0.00164660134785737,0.000912799055325511,0.00238040364038923,"osff","os"
"gpt2-large",6,10,0.00628606734951075,0.00486630505453244,0.00770582964448905,0.00158478463657199,0.000966557383848267,0.00220301188929571,"osff","os"
"gpt2-large",7,10,0.00594961175257504,0.00468594043847426,0.00721328306667581,0.00143117507313144,0.000891887675183045,0.00197046247107984,"osff","os"
"gpt2-large",10,10,0.00607189583253698,0.00476957185127336,0.00737421981380061,0.00161295405634514,0.00111212505820625,0.00211378305448402,"osff","os"
"gpt2-large",12,10,0.00625149806463365,0.0049366779195395,0.0075663182097278,0.00177182835621279,0.00124152947040499,0.00230212724202058,"osff","os"
"gpt2-large",16,10,0.00647346096078039,0.00520701109839689,0.00773991082316389,0.00194367893224524,0.00133916958805118,0.00254818827643931,"osff","os"
"gpt2-large",20,10,0.00688960864667685,0.00575687891065261,0.0080223383827011,0.00228169247765064,0.00177354874715269,0.0027898362081486,"osff","os"
"gpt2-large",25,10,0.00750309708118666,0.00620667601798817,0.00879951814438515,0.00274346216479189,0.00213051583447435,0.00335640849510943,"osff","os"
"gpt2-large",32,10,0.0082783043991755,0.00683444819384496,0.00972216060450605,0.00337045873651168,0.00262627110488862,0.00411464636813475,"osff","os"
"gpt2-large",40,10,0.00916735358726918,0.00762118775242837,0.01071351942211,0.00414605612448462,0.00325246680014512,0.00503964544882411,"osff","os"
"gpt2-large",50,10,0.00968451693447535,0.00799230118986076,0.0113767326790899,0.00464852705762563,0.00353159423539441,0.00576545987985685,"osff","os"
"gpt2-large",64,10,0.0106307369710776,0.0090953633161219,0.0121661106260333,0.00548953043801753,0.00451328006773322,0.00646578080830185,"osff","os"
"gpt2-large",80,10,0.0112776759759163,0.00953936555659933,0.0130159863952332,0.00616979514276261,0.00502618593854694,0.00731340434697829,"osff","os"
"gpt2-large",100,10,0.0120873484086288,0.0101555587566331,0.0140191380606244,0.00694153081600824,0.00560563117656583,0.00827743045545065,"osff","os"
"gpt2-large",128,10,0.0133190083525266,0.0110118213917306,0.0156261953133225,0.00814245614333112,0.0065189006725195,0.00976601161414273,"osff","os"
"gpt2-large",160,10,0.0135413641286123,0.0109792120621852,0.0161035161950394,0.00845827924378507,0.00655238071916521,0.0103641777684049,"osff","os"
"gpt2-large",200,10,0.0140347171245414,0.0113788174644427,0.0166906167846402,0.00894738297514951,0.0069310565902412,0.0109637093600578,"osff","os"
"gpt2-large",256,10,0.014456839470067,0.0117303370336487,0.0171833419064853,0.00937729646302546,0.0071985964234247,0.0115559965026262,"osff","os"
"gpt2-large",320,10,0.0148211201595992,0.0118624162162639,0.0177798241029345,0.00974602309454125,0.00738123281178618,0.0121108133772963,"osff","os"
"gpt2-large",400,10,0.0150188211108835,0.0120279564266035,0.0180096857951635,0.00993987635186267,0.00753211267883528,0.0123476400248901,"osff","os"
"gpt2-large",512,10,0.0150776679233716,0.0122438489929379,0.0179114868538054,0.0100153006557768,0.00775278730959501,0.0122778140019585,"osff","os"
"gpt2-large",640,10,0.0152183897893326,0.0124921585204434,0.0179446210582219,0.0101549616301878,0.00801143346766196,0.0122984897927137,"osff","os"
"gpt2-large",800,10,0.0152193520669497,0.0125090823121747,0.0179296218217248,0.0101713486145283,0.00804507155641302,0.0122976256726435,"osff","os"
"gpt2-large",1023,10,0.015331321879524,0.0126304581116697,0.0180321856473783,0.0102832161728157,0.00815476469392296,0.0124116676517084,"osff","os"
"gpt2-medium",1,10,0.00480844086469336,0.00368876292357482,0.0059281188058119,2.73274969667383e-05,-0.000172809784321392,0.000227464778254869,"osff","os"
"gpt2-medium",2,10,0.00592277702646152,0.00470953027568502,0.00713602377723801,0.000839060194296045,0.000360734398229232,0.00131738599036286,"osff","os"
"gpt2-medium",3,10,0.0065084910243173,0.00512946434769114,0.00788751770094347,0.00138617683746796,0.000734030804833349,0.00203832287010256,"osff","os"
"gpt2-medium",4,10,0.00701182437929541,0.00558723795127848,0.00843641080731233,0.00181850913914992,0.00110546473965466,0.00253155353864518,"osff","os"
"gpt2-medium",5,10,0.00696357385424018,0.00559261399257835,0.008334533715902,0.00189090431767335,0.00116729922650144,0.00261450940884526,"osff","os"
"gpt2-medium",6,10,0.00686565598919628,0.00547730186940136,0.0082540101089912,0.00190541937312793,0.00128234570420664,0.00252849304204923,"osff","os"
"gpt2-medium",7,10,0.00652911662903496,0.00532667825039948,0.00773155500767043,0.00172831931196338,0.0011955824956863,0.00226105612824045,"osff","os"
"gpt2-medium",10,10,0.00664725790199755,0.00538099198889153,0.00791352381510358,0.00186565563885238,0.00137473030043791,0.00235658097726685,"osff","os"
"gpt2-medium",12,10,0.00678516323444629,0.00557819942654903,0.00799212704234355,0.00201663753751813,0.00149552516754475,0.00253774990749151,"osff","os"
"gpt2-medium",16,10,0.00692063627920589,0.00575072174274011,0.00809055081567167,0.00215783375592675,0.00153582405850384,0.00277984345334967,"osff","os"
"gpt2-medium",20,10,0.00732939582841896,0.00636632908530697,0.00829246257153095,0.00250038255184677,0.00202632833616017,0.00297443676753336,"osff","os"
"gpt2-medium",25,10,0.0079499821209314,0.00689662284042247,0.00900334140144033,0.00297241827913604,0.00240659042979066,0.00353824612848143,"osff","os"
"gpt2-medium",32,10,0.00898977410070171,0.00778984538006423,0.0101897028213392,0.00381270705970154,0.00316532030050525,0.00446009381889783,"osff","os"
"gpt2-medium",40,10,0.00973567931350387,0.00842280017214618,0.0110485584548616,0.00446921217834471,0.0036310977688888,0.00530732658780062,"osff","os"
"gpt2-medium",50,10,0.0102323527619445,0.00883563726402852,0.0116290682598604,0.00496131399230711,0.00393720513762567,0.00598542284698855,"osff","os"
"gpt2-medium",64,10,0.0111109323123539,0.00995316931920804,0.0122686953054997,0.00576148720296891,0.00493641713760439,0.00658655726833344,"osff","os"
"gpt2-medium",80,10,0.0116556025108025,0.0103393339575756,0.0129718710640294,0.00637036510738919,0.00545620417441666,0.00728452604036173,"osff","os"
"gpt2-medium",100,10,0.0125112624712918,0.0108977174702108,0.0141248074723728,0.00718226705998506,0.00606348820961488,0.00830104591035524,"osff","os"
"gpt2-medium",128,10,0.0136331615056152,0.0117901669437296,0.0154761560675008,0.008268875654956,0.00701059612863525,0.00952715518127675,"osff","os"
"gpt2-medium",160,10,0.0139954751077636,0.0118412261424132,0.016149724073114,0.00870148237247404,0.00713223659891729,0.0102707281460308,"osff","os"
"gpt2-medium",200,10,0.0144964709049372,0.0122924316286893,0.0167005101811852,0.00918899536993967,0.00753787191223828,0.0108401188276411,"osff","os"
"gpt2-medium",256,10,0.0148963125147401,0.0126207645961896,0.0171718604332906,0.00959713353938588,0.00777353596094289,0.0114207311178289,"osff","os"
"gpt2-medium",320,10,0.0151927845190963,0.0127841314837155,0.0176014375544771,0.00990369858333559,0.00797917583881511,0.0118282213278561,"osff","os"
"gpt2-medium",400,10,0.0153487661671402,0.0129328487296499,0.0177646836046306,0.0100673095017736,0.00812513847800659,0.0120094805255405,"osff","os"
"gpt2-medium",512,10,0.0153658448360789,0.0130171864165229,0.0177145032556349,0.0101118188750343,0.00823947393144079,0.0119841638186277,"osff","os"
"gpt2-medium",640,10,0.0154966358126615,0.0131551283456718,0.0178381432796513,0.0102548948284873,0.00840518745375808,0.0121046022032165,"osff","os"
"gpt2-medium",800,10,0.0155220866940121,0.0132679455121601,0.0177762278758641,0.0102967744547679,0.00852674219993397,0.0120668067096018,"osff","os"
"gpt2-medium",1023,10,0.0156676295834182,0.0134351932664374,0.0179000659003989,0.010437198689553,0.00867668202976138,0.0121977153493446,"osff","os"
"gpt2-xl",1,10,0.00538982945019193,0.00427478942670211,0.00650486947368176,0.000160644249817466,-7.51781562954986e-05,0.000396466655930431,"osff","os"
"gpt2-xl",2,10,0.0054470411773739,0.00420793911803667,0.00668614323671112,0.000658192686030111,0.000179159755601003,0.00113722561645922,"osff","os"
"gpt2-xl",3,10,0.00577173465311228,0.00438038078593608,0.00716308852028848,0.00111477563529378,0.000518638613612391,0.00171091265697517,"osff","os"
"gpt2-xl",4,10,0.00614051307674046,0.00477224069571531,0.00750878545776561,0.00146557970420036,0.000835462284694898,0.00209569712370583,"osff","os"
"gpt2-xl",5,10,0.00601942210679283,0.00472159417355957,0.00731725004002608,0.00149432658048037,0.000884394345951133,0.00210425881500961,"osff","os"
"gpt2-xl",6,10,0.0057301083292113,0.00439822947507919,0.00706198718334342,0.00136996153619945,0.000829803299585968,0.00191011977281293,"osff","os"
"gpt2-xl",7,10,0.00546004335758727,0.00428055116865632,0.00663953554651823,0.00127331923228056,0.000823858409455824,0.0017227800551053,"osff","os"
"gpt2-xl",10,10,0.00551234265396971,0.00433022479400935,0.00669446051393006,0.00138621893977135,0.000993901123206953,0.00177853675633575,"osff","os"
"gpt2-xl",12,10,0.00560381260111652,0.00444042392418228,0.00676720127805077,0.00147864830709125,0.00105797259562406,0.00189932401855844,"osff","os"
"gpt2-xl",16,10,0.00562225345958086,0.00446166087147062,0.0067828460476911,0.00150966407884592,0.0010245741295993,0.00199475402809253,"osff","os"
"gpt2-xl",20,10,0.00604311703179827,0.0049303893771429,0.00715584468645364,0.00185370616421524,0.00139383526405636,0.00231357706437411,"osff","os"
"gpt2-xl",25,10,0.00665363537217471,0.0054417910437956,0.00786547970055382,0.00230398774399456,0.00174893719122078,0.00285903829676833,"osff","os"
"gpt2-xl",32,10,0.00730396771187683,0.00604034007174343,0.00856759535201024,0.00280903040910495,0.00222501907861323,0.00339304173959667,"osff","os"
"gpt2-xl",40,10,0.00803230533309907,0.00666300044685465,0.00940161021934349,0.00344592981775339,0.00274409564321497,0.00414776399229181,"osff","os"
"gpt2-xl",50,10,0.00840799345832989,0.00693860104611825,0.00987738587054154,0.00380971144025682,0.00297506321267315,0.00464435966784048,"osff","os"
"gpt2-xl",64,10,0.00932969169189508,0.0079261319801964,0.0107332514035938,0.00460948119970288,0.00378203894535003,0.00543692345405573,"osff","os"
"gpt2-xl",80,10,0.00970053929240933,0.00818714927004824,0.0112139293147704,0.00503089991011435,0.00409135578459921,0.0059704440356295,"osff","os"
"gpt2-xl",100,10,0.0106493170551586,0.00874425565107035,0.0125543784592468,0.00589263640521952,0.00461355501966668,0.00717171779077235,"osff","os"
"gpt2-xl",128,10,0.0118110998220159,0.00955866571267169,0.0140635339313602,0.006998260177407,0.00544841335882441,0.00854810699598959,"osff","os"
"gpt2-xl",160,10,0.0120539749426706,0.00967356877272098,0.0144343811126202,0.00733736706472295,0.00564744594690441,0.00902728818254149,"osff","os"
"gpt2-xl",200,10,0.0125545603659239,0.0100485510715532,0.0150605696602946,0.00783042699204096,0.00599138558795155,0.00966946839613037,"osff","os"
"gpt2-xl",256,10,0.0131585560314298,0.0105744871558973,0.0157426249069623,0.00840497903840623,0.00639563799086803,0.0104143200859444,"osff","os"
"gpt2-xl",320,10,0.0135325325615106,0.0106617514353144,0.0164033136877069,0.00878434720090871,0.00652550169996803,0.0110431927018494,"osff","os"
"gpt2-xl",400,10,0.0136583603867844,0.0108148854158803,0.0165018353576885,0.00891993221951912,0.00666303167820807,0.0111768327608302,"osff","os"
"gpt2-xl",512,10,0.0137625649907109,0.0110824965251405,0.0164426334562812,0.00904089499567037,0.00693192742332414,0.0111498625680166,"osff","os"
"gpt2-xl",640,10,0.0138301275894894,0.0111615820878392,0.0164986730911396,0.00910475877405256,0.00701843920317301,0.0111910783449321,"osff","os"
"gpt2-xl",800,10,0.0137738507702969,0.0111341641782728,0.016413537362321,0.00907171946140107,0.00701861183692895,0.0111248270858732,"osff","os"
"gpt2-xl",1023,10,0.0138339791168158,0.0111870545492922,0.0164809036843394,0.00913474520009695,0.00706998532009744,0.0111995050800965,"osff","os"
"gpt2",1,10,0.00985566975378366,0.00698606481434522,0.0127252746932221,0.00073100609906815,0.000134753641413457,0.00132725855672284,"osgd","os"
"gpt2",2,10,0.00931078557993741,0.00672565549871559,0.0118959156611592,0.000183817997264625,-0.00017727190697829,0.00054490790150754,"osgd","os"
"gpt2",3,10,0.00942147740047642,0.00664792892863341,0.0121950258723194,0.000380981839144613,-0.00018001103427298,0.000941974712562206,"osgd","os"
"gpt2",4,10,0.00962390016049409,0.00685143290203709,0.0123963674189511,0.00051761341432817,-0.000106784071522747,0.00114201090017909,"osgd","os"
"gpt2",5,10,0.0093965999394305,0.00677717852391116,0.0120160213549498,0.000549375910738663,-5.17410104965466e-05,0.00115049283197387,"osgd","os"
"gpt2",6,10,0.00926221086337186,0.00669076797858086,0.0118336537481629,0.000549528831092897,1.17432107152208e-05,0.00108731445147057,"osgd","os"
"gpt2",7,10,0.00888049801389508,0.0064840634399908,0.0112769325877994,0.00046779317547833,-2.95613816429069e-06,0.00093854248912095,"osgd","os"
"gpt2",10,10,0.00858256343828814,0.00620839686592323,0.010956730010653,0.00046400562103208,1.36060109157085e-05,0.000914405231148451,"osgd","os"
"gpt2",12,10,0.0086588398699393,0.00630340473111111,0.0110142750087675,0.000537477645404403,7.03072781441684e-05,0.00100464801266464,"osgd","os"
"gpt2",16,10,0.00864195462961842,0.00643552591399946,0.0108483833452374,0.000553404118912332,5.47427127419398e-05,0.00105206552508272,"osgd","os"
"gpt2",20,10,0.00891876119318698,0.00679285430701464,0.0110446680793593,0.000685452734885043,0.000230968297295852,0.00113993717247423,"osgd","os"
"gpt2",25,10,0.0095141802829922,0.00720871223696365,0.0118196483290207,0.000970423308217347,0.000464444297454887,0.00147640231897981,"osgd","os"
"gpt2",32,10,0.0102731875695757,0.00783982791516831,0.0127065472239831,0.00131639867913983,0.000659065964203793,0.00197373139407587,"osgd","os"
"gpt2",40,10,0.010818612902562,0.00843481234702996,0.0132024134580941,0.00163735089823515,0.000822951816098964,0.00245174998037134,"osgd","os"
"gpt2",50,10,0.0112303335640469,0.00893773642647842,0.0135229307016154,0.00196293821091416,0.00108834473261385,0.00283753168921447,"osgd","os"
"gpt2",64,10,0.0120835048299485,0.00955122554097497,0.0146157841189221,0.00251798758603913,0.00142718289145076,0.0036087922806275,"osgd","os"
"gpt2",80,10,0.0129336896193174,0.0103669696564178,0.015500409582217,0.0032421014871496,0.00215388916932005,0.00433031380497914,"osgd","os"
"gpt2",100,10,0.0140588845332793,0.0114076196753987,0.0167101493911599,0.00407049975682427,0.00285520183654657,0.00528579767710197,"osgd","os"
"gpt2",128,10,0.0153931507776294,0.0127404755677056,0.0180458259875532,0.00520093428213625,0.00395544555471252,0.00644642300955998,"osgd","os"
"gpt2",160,10,0.0157313201783127,0.0131070308290772,0.0183556095275482,0.00566903021394909,0.00419148949587304,0.00714657093202513,"osgd","os"
"gpt2",200,10,0.0164879523580458,0.0137407372205958,0.0192351674954958,0.00634184233569545,0.00468264897906875,0.00800103569232214,"osgd","os"
"gpt2",256,10,0.0170992540538559,0.014085129450369,0.0201133786573428,0.00696298755947516,0.00490335533311326,0.00902261978583706,"osgd","os"
"gpt2",320,10,0.0175176222677194,0.0143147210453007,0.0207205234901381,0.00737688764852606,0.00519595338395298,0.00955782191309914,"osgd","os"
"gpt2",400,10,0.0180233017678568,0.0147557921051211,0.0212908114305924,0.00782080161218941,0.0055588565710085,0.0100827466533703,"osgd","os"
"gpt2",512,10,0.0180684413462252,0.0147912541963205,0.0213456284961299,0.00791664603688296,0.00565251842743754,0.0101807736463284,"osgd","os"
"gpt2",640,10,0.0180112492205803,0.014659992856274,0.0213625055848867,0.00791163550413331,0.00559667581204782,0.0102265951962188,"osgd","os"
"gpt2",800,10,0.0181126057768181,0.0147499130385686,0.0214752985150676,0.00801351363530011,0.00572097328075983,0.0103060539898404,"osgd","os"
"gpt2",1023,10,0.0182102974203321,0.0148427851741364,0.0215778096665279,0.00809683188770928,0.00579345902321013,0.0104002047522084,"osgd","os"
"gpt2-large",1,10,0.0105136014529723,0.0077354245737477,0.0132917783321969,-7.50979545537663e-05,-0.000237246596495203,8.705068738767e-05,"osgd","os"
"gpt2-large",2,10,0.00931171197581877,0.00671030917009926,0.0119131147815383,0.000276328997350084,-0.00019787711390368,0.000750535108603847,"osgd","os"
"gpt2-large",3,10,0.0088714901903332,0.00629655905327569,0.0114464213273907,0.00042875634539358,-0.000130337487768914,0.000987850178556075,"osgd","os"
"gpt2-large",4,10,0.00903746385860477,0.00656964261846205,0.0115052850987475,0.000623692850952755,-5.15355110262397e-06,0.00125253925300813,"osgd","os"
"gpt2-large",5,10,0.00862222698540544,0.00628493288776062,0.0109595210830503,0.000651785371026181,5.3652715975964e-05,0.0012499180260764,"osgd","os"
"gpt2-large",6,10,0.00827103720923103,0.00607769208925207,0.01046438232921,0.000628474655380285,0.000122278665513377,0.00113467064524719,"osgd","os"
"gpt2-large",7,10,0.00770867959933073,0.00571503647399384,0.00970232272466762,0.000519035361464489,5.71370623172258e-05,0.000980933660611753,"osgd","os"
"gpt2-large",10,10,0.00768611385458753,0.00575031423786496,0.0096219134713101,0.000641831447193093,0.000210827326267845,0.00107283556811834,"osgd","os"
"gpt2-large",12,10,0.00790184193276075,0.00597703069540238,0.00982665317011913,0.000743057805063878,0.000297847050857034,0.00118826855927072,"osgd","os"
"gpt2-large",16,10,0.00808079637387944,0.00624024463795938,0.00992134810979951,0.000816543581968139,0.000378507457003976,0.0012545797069323,"osgd","os"
"gpt2-large",20,10,0.00858210302518026,0.00692174082838157,0.010242465221979,0.00107387200783659,0.000700548775911224,0.00144719523976197,"osgd","os"
"gpt2-large",25,10,0.00944709701759964,0.00753842082087484,0.0113557732143244,0.00150204510789071,0.00109505716814981,0.00190903304763161,"osgd","os"
"gpt2-large",32,10,0.0104844224174397,0.00844203659302862,0.0125268082418507,0.00207787147497975,0.00144290147955344,0.00271284147040605,"osgd","os"
"gpt2-large",40,10,0.0115693196717187,0.00953392316811457,0.0136047161753228,0.00279482803147467,0.00201259986696518,0.00357705619598417,"osgd","os"
"gpt2-large",50,10,0.0121421611447551,0.0102922634613241,0.013992058828186,0.00329585478010225,0.00239213025726036,0.00419957930294414,"osgd","os"
"gpt2-large",64,10,0.0132701563358303,0.0111500847663095,0.0153902279053511,0.00414389773674722,0.00319578028839004,0.0050920151851044,"osgd","os"
"gpt2-large",80,10,0.0140948562618872,0.0118111919363871,0.0163785205873873,0.00498332599380467,0.00383845441207226,0.00612819757553708,"osgd","os"
"gpt2-large",100,10,0.0149820947675666,0.0126239864082816,0.0173402031268516,0.00577304955510312,0.00449432144000589,0.00705177767020034,"osgd","os"
"gpt2-large",128,10,0.0163977145740471,0.0138653476832938,0.0189300814648005,0.00710049636260196,0.00569708673179488,0.00850390599340903,"osgd","os"
"gpt2-large",160,10,0.016547525370706,0.0137959072295883,0.0192991435118237,0.00745562694927463,0.00564023190962284,0.00927102198892643,"osgd","os"
"gpt2-large",200,10,0.0171608701749568,0.0142562019869192,0.0200655383629944,0.00806210207845551,0.00605549902174665,0.0100687051351644,"osgd","os"
"gpt2-large",256,10,0.0175196460692622,0.0144328963711619,0.0206063957673625,0.00846773767577282,0.00612730408671455,0.0108081712648311,"osgd","os"
"gpt2-large",320,10,0.0179871391960729,0.0145702573957255,0.0214040209964203,0.00892462402852295,0.00636020612911854,0.0114890419279274,"osgd","os"
"gpt2-large",400,10,0.0183098892592202,0.0149362953474775,0.0216834831709628,0.00921235263309613,0.0066060925017231,0.0118186127644692,"osgd","os"
"gpt2-large",512,10,0.0183558270419535,0.0150716251537773,0.0216400289301297,0.00930255194546788,0.00679727266039883,0.0118078312305369,"osgd","os"
"gpt2-large",640,10,0.0184507734236779,0.0152086624035839,0.0216928844437718,0.00940516379590456,0.00695866311040869,0.0118516644814004,"osgd","os"
"gpt2-large",800,10,0.0184758506626101,0.0152381573726186,0.0217135439526016,0.00945693623686685,0.00701433472847492,0.0118995377452588,"osgd","os"
"gpt2-large",1023,10,0.0186162656023152,0.0153744557698038,0.0218580754348266,0.00959238838260962,0.00713340930582043,0.0120513674593988,"osgd","os"
"gpt2-medium",1,10,0.00980008493625976,0.00712898703690593,0.0124711828356136,-7.2670168879806e-05,-0.000204210133821499,5.88697960618873e-05,"osgd","os"
"gpt2-medium",2,10,0.00973743620411242,0.00705830329174869,0.0124165691164761,0.000325353227093647,-0.000147635489982184,0.000798341944169479,"osgd","os"
"gpt2-medium",3,10,0.0097447041683149,0.00707961059437056,0.0124097977422593,0.000590856803316312,-1.65077073485845e-05,0.00119822131398121,"osgd","os"
"gpt2-medium",4,10,0.00984045167125274,0.00721399500204172,0.0124669083404638,0.000797520038481466,0.000106915270794464,0.00148812480616847,"osgd","os"
"gpt2-medium",5,10,0.00956962341754364,0.00716041132771391,0.0119788355073734,0.000841644439693837,0.000171818152556464,0.00151147072683121,"osgd","os"
"gpt2-medium",6,10,0.00935986393151192,0.00701995679788289,0.0116997710651409,0.000863020613160743,0.000288374739601585,0.0014376664867199,"osgd","os"
"gpt2-medium",7,10,0.00876313688586436,0.00671715398651719,0.0108091197852115,0.00071933039672201,0.000214572273533646,0.00122408851991037,"osgd","os"
"gpt2-medium",10,10,0.00871553064544783,0.0066506434406019,0.0107804178502938,0.00076620584447332,0.000329440714940628,0.00120297097400601,"osgd","os"
"gpt2-medium",12,10,0.00890146940282836,0.00684840853211099,0.0109545302735457,0.000905047314037796,0.000393693677658352,0.00141640095041724,"osgd","os"
"gpt2-medium",16,10,0.00903907890490617,0.00700558846297575,0.0110725693468366,0.00101319113262912,0.00045508644899224,0.00157129581626601,"osgd","os"
"gpt2-medium",20,10,0.00952824887933718,0.00785471580502864,0.0112017819536457,0.00128692281627041,0.000823701894691977,0.00175014373784884,"osgd","os"
"gpt2-medium",25,10,0.0103962573768769,0.00849391002139015,0.0122986047323636,0.00174785490436717,0.00120682160842356,0.00228888820031077,"osgd","os"
"gpt2-medium",32,10,0.0118238450200929,0.00967258052921272,0.0139751095109731,0.00257206886645987,0.00175291141587778,0.00339122631704197,"osgd","os"
"gpt2-medium",40,10,0.0128136734695735,0.0106293491463691,0.0149979977927778,0.00324053584378773,0.00218712343687824,0.00429394825069721,"osgd","os"
"gpt2-medium",50,10,0.013488242092604,0.0115772176855301,0.0153992664996778,0.00382534093619334,0.00266011600553989,0.00499056586684678,"osgd","os"
"gpt2-medium",64,10,0.0145686950363829,0.0125416785600623,0.0165957115127035,0.00468615611050785,0.00353390668509133,0.00583840553592436,"osgd","os"
"gpt2-medium",80,10,0.0153387144053819,0.013159046775364,0.0175183820353998,0.00554276271513595,0.00428055954577403,0.00680496588449787,"osgd","os"
"gpt2-medium",100,10,0.0163691251705019,0.0140741714745153,0.0186640788664885,0.0064596268835545,0.00510844519150975,0.00781080857559926,"osgd","os"
"gpt2-medium",128,10,0.0175716780053914,0.0152791666751722,0.0198641893356105,0.00762712832608367,0.00632811273433873,0.0089261439178286,"osgd","os"
"gpt2-medium",160,10,0.0179275273497911,0.0154274991080964,0.0204275555914859,0.00814111950053914,0.00646312308807578,0.00981911591300249,"osgd","os"
"gpt2-medium",200,10,0.0186277393669224,0.0158941295230675,0.0213613492107772,0.00880481860973897,0.00693161075705569,0.0106780264624222,"osgd","os"
"gpt2-medium",256,10,0.0189650319386494,0.0160996782180367,0.0218303856592621,0.00920365108858602,0.007011705498332,0.01139559667884,"osgd","os"
"gpt2-medium",320,10,0.0193699744746392,0.0163093794081405,0.0224305695411379,0.0096257287521856,0.00729200031163811,0.0119594571927331,"osgd","os"
"gpt2-medium",400,10,0.0195849575386521,0.0166146580578712,0.022555257019433,0.00985617082567075,0.00751435008165691,0.0121979915696846,"osgd","os"
"gpt2-medium",512,10,0.0195387558668416,0.0165804055769169,0.0224971061567662,0.00989457067687376,0.00758040375631455,0.012208737597433,"osgd","os"
"gpt2-medium",640,10,0.0195695904526561,0.0165104731956433,0.0226287077096689,0.00997454006751094,0.00760708111795252,0.0123419990170694,"osgd","os"
"gpt2-medium",800,10,0.0195952223261283,0.0165641716849067,0.0226262729673499,0.0100352128758714,0.00769668504337504,0.0123737407083677,"osgd","os"
"gpt2-medium",1023,10,0.019771266191916,0.0167690385503942,0.0227734938334378,0.0102005574977041,0.00787034681656654,0.0125307681788417,"osgd","os"
"gpt2-xl",1,10,0.0111654829886227,0.0082870994638691,0.0140438665133762,3.3196217380049e-05,-0.000189245913195297,0.000255638347955395,"osgd","os"
"gpt2-xl",2,10,0.00866429372499076,0.00626396634993941,0.0110646211000421,0.00018087054384433,-0.000226538794160448,0.000588279881849107,"osgd","os"
"gpt2-xl",3,10,0.00824198651825332,0.00580372044098462,0.010680252595522,0.00041015077170425,-0.000144090126852871,0.000964391670261371,"osgd","os"
"gpt2-xl",4,10,0.00810494579872204,0.00588121201573827,0.0103286795817058,0.000556655168589553,-3.28156185726833e-05,0.00114612595575179,"osgd","os"
"gpt2-xl",5,10,0.007827741085585,0.0056992193487836,0.00995626282238641,0.00059662934892944,2.55152372095057e-05,0.00116774346064937,"osgd","os"
"gpt2-xl",6,10,0.00747746365352328,0.00540332921857279,0.00955159808847376,0.000535777219906551,4.65437399005435e-05,0.00102501069991256,"osgd","os"
"gpt2-xl",7,10,0.00697224201376433,0.00518044973657353,0.00876403429095513,0.000466188579691984,3.26159190577648e-05,0.000899761240326203,"osgd","os"
"gpt2-xl",10,10,0.00685377939570128,0.00511049091223106,0.00859706787917151,0.000516966633292506,0.000154767239925365,0.000879166026659646,"osgd","os"
"gpt2-xl",12,10,0.00699704231876756,0.00530457770423386,0.00868950693330126,0.000574402466575206,0.000205174330342174,0.000943630602808238,"osgd","os"
"gpt2-xl",16,10,0.00699346600018722,0.00537122783033357,0.00861570417004087,0.000575422879559166,0.000236527118866679,0.000914318640251652,"osgd","os"
"gpt2-xl",20,10,0.00740672800735321,0.00601979781858351,0.00879365819612291,0.000803821687261127,0.000503483885847016,0.00110415948867524,"osgd","os"
"gpt2-xl",25,10,0.00817729177240045,0.00654493196468111,0.00980965158011978,0.00116692528134667,0.000846772668520062,0.00148707789417328,"osgd","os"
"gpt2-xl",32,10,0.00902199357387736,0.00723749866200899,0.0108064884857457,0.00160198746937349,0.00116318668584918,0.0020407882528978,"osgd","os"
"gpt2-xl",40,10,0.00977833863296931,0.00802214710512477,0.0115345301608139,0.00211479490993459,0.00156539706193999,0.0026641927579292,"osgd","os"
"gpt2-xl",50,10,0.0101873002979236,0.00855854050068878,0.0118160600951583,0.00247196554756895,0.00186699714894049,0.00307693394619742,"osgd","os"
"gpt2-xl",64,10,0.0111681299047151,0.00947092752038627,0.012865332289044,0.00317779048750609,0.00254734995284044,0.00380823102217174,"osgd","os"
"gpt2-xl",80,10,0.0117972873021442,0.00997288688163515,0.0136216877226532,0.00379637312537674,0.0029884823375408,0.00460426391321267,"osgd","os"
"gpt2-xl",100,10,0.0128429033519204,0.0107536292174677,0.0149321774863732,0.00465031974865906,0.00357626059675489,0.00572437890056323,"osgd","os"
"gpt2-xl",128,10,0.014210399655278,0.0118498128264362,0.0165709864841198,0.00586568295767541,0.00458004889185313,0.0071513170234977,"osgd","os"
"gpt2-xl",160,10,0.0143676929633058,0.0118860765661288,0.0168493093604828,0.00621879586400379,0.00467991269991979,0.0077576790280878,"osgd","os"
"gpt2-xl",200,10,0.0150050219392972,0.0123229682770572,0.0176870756015372,0.00682404437421116,0.00506120934846323,0.0085868793999591,"osgd","os"
"gpt2-xl",256,10,0.0155903468821115,0.0126842165661023,0.0184964771981207,0.00737332204604035,0.00525860249606068,0.00948804159602002,"osgd","os"
"gpt2-xl",320,10,0.01605948124432,0.0128748480472988,0.0192441144413413,0.00783478592543131,0.00548866194370966,0.010180909907153,"osgd","os"
"gpt2-xl",400,10,0.0162691980868576,0.013147623394456,0.0193907727792593,0.0080349298531267,0.005682441719746,0.0103874179865074,"osgd","os"
"gpt2-xl",512,10,0.0163597494034146,0.0133332768321528,0.0193862219746764,0.00817321552040701,0.00590634762971573,0.0104400834110983,"osgd","os"
"gpt2-xl",640,10,0.0164595619554152,0.0134585325753032,0.0194605913355272,0.00825688754798753,0.00601816641246732,0.0104956086835077,"osgd","os"
"gpt2-xl",800,10,0.0164095513041416,0.0134316376434174,0.0193874649648658,0.00824892339050571,0.00603497655180241,0.010462870229209,"osgd","os"
"gpt2-xl",1023,10,0.0164864874064126,0.0134895410791335,0.0194834337336916,0.00832894365439105,0.00610051903363067,0.0105573682751514,"osgd","os"
"gpt2",1,10,0.0137105130226876,0.011102764141114,0.0163182619042613,0.000805737470250499,0.000347105712370196,0.0012643692281308,"ostf","os"
"gpt2",2,10,0.0120089081191427,0.00980868145937143,0.014209134778914,0.000158844145411825,-0.00014020916930996,0.000457897460133609,"ostf","os"
"gpt2",3,10,0.0121315223888128,0.00978813816105471,0.0144749066165708,0.000365894214446995,-8.1320173386923e-05,0.000813108602280913,"ostf","os"
"gpt2",4,10,0.0123877553013829,0.00995152822072539,0.0148239823820403,0.000519284571295968,-9.78166049677473e-06,0.00104835080308871,"ostf","os"
"gpt2",5,10,0.0123015585177166,0.00989146675408085,0.0147116502813523,0.000591673721712809,4.81793602150797e-05,0.00113516808321054,"ostf","os"
"gpt2",6,10,0.0121915378390922,0.00976689480921437,0.01461618086897,0.000622232894353988,0.000102044215695308,0.00114242157301267,"ostf","os"
"gpt2",7,10,0.0118700329908073,0.00956157492812095,0.0141784910534937,0.000575650053944203,8.71161233268739e-05,0.00106418398456153,"ostf","os"
"gpt2",10,10,0.0118596275662518,0.0095181750009739,0.0142010801315297,0.00067441843078576,0.000157693850946713,0.00119114301062481,"ostf","os"
"gpt2",12,10,0.0120617061104075,0.00965359360910326,0.0144698186117118,0.000803425171620652,0.000247505690654534,0.00135934465258677,"ostf","os"
"gpt2",16,10,0.012319696449724,0.0101388604652276,0.0145005324342204,0.000942859582925315,0.000338706650495805,0.00154701251535483,"ostf","os"
"gpt2",20,10,0.012823792979335,0.0106678062879776,0.0149797796706923,0.00117607213988945,0.000582148408443997,0.00176999587133491,"ostf","os"
"gpt2",25,10,0.0135587677878776,0.0115676123139578,0.0155499232617974,0.0015359428167131,0.000949114987646355,0.00212277064577985,"ostf","os"
"gpt2",32,10,0.0145509729692633,0.0126363436682016,0.0164656022703251,0.00202899752405388,0.00131581295716166,0.00274218209094611,"ostf","os"
"gpt2",40,10,0.0153944176078089,0.0137203027188077,0.01706853249681,0.00255361054176195,0.00172166420581528,0.00338555687770862,"ostf","os"
"gpt2",50,10,0.0156458221369444,0.0141669091858167,0.0171247350880721,0.00283695739230882,0.00193135638601088,0.00374255839860677,"ostf","os"
"gpt2",64,10,0.0168976737794689,0.0149959532647306,0.0187993942942072,0.00364519880121876,0.00252072129452511,0.00476967630791241,"ostf","os"
"gpt2",80,10,0.0179205665634069,0.015857578134768,0.0199835549920457,0.0045652343249555,0.00338998699620244,0.00574048165370857,"ostf","os"
"gpt2",100,10,0.0196781206790194,0.0175640417887418,0.021792199569297,0.00586360553959722,0.00461650061930885,0.00711071045988559,"ostf","os"
"gpt2",128,10,0.0211906837843176,0.0191109335471963,0.0232704340214388,0.00719808454120985,0.00578400126103093,0.00861216782138876,"ostf","os"
"gpt2",160,10,0.02144824717061,0.0196651961507105,0.0232312981905095,0.00772628188991618,0.00630840856750285,0.00914415521232951,"ostf","os"
"gpt2",200,10,0.0221855815386537,0.0204282597399886,0.0239429033373187,0.00846872881403407,0.00701829943357069,0.00991915819449745,"ostf","os"
"gpt2",256,10,0.0229078055713384,0.021255231450013,0.0245603796926639,0.00924744991458722,0.00752976371438949,0.010965136114785,"ostf","os"
"gpt2",320,10,0.0233436617055086,0.0214730298855022,0.0252142935255151,0.00968585980677445,0.00782683840275257,0.0115448812107963,"ostf","os"
"gpt2",400,10,0.0237481738083574,0.0218080875908754,0.0256882600258393,0.0100855891162796,0.00814006360869847,0.0120311146238608,"ostf","os"
"gpt2",512,10,0.0238692873795506,0.0219774189704719,0.0257611557886292,0.0102567480674722,0.00833045151914604,0.0121830446157983,"ostf","os"
"gpt2",640,10,0.0238560068327173,0.0218945275880494,0.0258174860773851,0.0102895843039799,0.00826904949582532,0.0123101191121346,"ostf","os"
"gpt2",800,10,0.0238444796353899,0.0218160516050003,0.0258729076657794,0.0103155517831529,0.00827577285349402,0.0123553307128118,"ostf","os"
"gpt2",1023,10,0.023956308956326,0.0218966930017079,0.0260159249109442,0.0104131024265752,0.00835796081189413,0.0124682440412562,"ostf","os"
"gpt2-large",1,10,0.0140072581147006,0.0114663196098634,0.0165481966195378,-7.91206141643591e-05,-0.000225922234965915,6.76810066371971e-05,"ostf","os"
"gpt2-large",2,10,0.0119339232470551,0.00973219195182846,0.0141356545422817,0.000242081309235347,-0.000115782639533988,0.000599945258004682,"ostf","os"
"gpt2-large",3,10,0.0114136169188368,0.00913515315564353,0.01369208068203,0.000358158043959698,-7.19204729143236e-05,0.000788236560833719,"ostf","os"
"gpt2-large",4,10,0.0114093528671572,0.00936784450808197,0.0134508612262325,0.000540610809957276,3.68067550855668e-05,0.00104441486482898,"ostf","os"
"gpt2-large",5,10,0.0111132253102358,0.00917612389883066,0.0130503267216409,0.000630066263434467,0.000122139399403227,0.00113799312746571,"ostf","os"
"gpt2-large",6,10,0.0106108925797998,0.00868398112595836,0.0125378040336412,0.000595712248850457,0.000127460296924459,0.00106396420077645,"ostf","os"
"gpt2-large",7,10,0.0101904996733388,0.0083626391149548,0.0120183602317229,0.000532719993941884,8.98146584299568e-05,0.000975625329453812,"ostf","os"
"gpt2-large",10,10,0.0104381709445417,0.00847864086675962,0.0123977010223237,0.000752950436716884,0.000316728693627182,0.00118917217980659,"ostf","os"
"gpt2-large",12,10,0.0107672072213338,0.00886187992576979,0.0126725345168978,0.000896299278368174,0.000457870947926102,0.00133472760881025,"ostf","os"
"gpt2-large",16,10,0.011405354819238,0.00964940439505293,0.0131613052434231,0.00119679371735583,0.00075256319754383,0.00164102423716783,"ostf","os"
"gpt2-large",20,10,0.0121134589495956,0.0103310135322761,0.0138959043669151,0.0015407004759494,0.00108328705890922,0.00199811389298959,"ostf","os"
"gpt2-large",25,10,0.0134134309319254,0.0118087000334275,0.0150181618304233,0.00221067604355825,0.0017822281955558,0.00263912389156071,"ostf","os"
"gpt2-large",32,10,0.0147292030119986,0.0132876825716715,0.0161707234523258,0.00297285057630367,0.00235349145775384,0.00359220969485351,"ostf","os"
"gpt2-large",40,10,0.0163199036638576,0.0150852074032647,0.0175545999244506,0.00402247182516981,0.0032219530265277,0.00482299062381193,"ostf","os"
"gpt2-large",50,10,0.0168546751489845,0.0157992787080163,0.0179100715899527,0.00457085207528555,0.0035185396817929,0.0056231644687782,"ostf","os"
"gpt2-large",64,10,0.0184738568010072,0.0168462455578656,0.0201014680441489,0.00579905823605073,0.00474806162019249,0.00685005485190897,"ostf","os"
"gpt2-large",80,10,0.0197303571345037,0.0177673986680188,0.0216933156009886,0.00705269945528785,0.00575356254325991,0.00835183636731578,"ostf","os"
"gpt2-large",100,10,0.0212308111508274,0.0191925441769763,0.0232690781246786,0.00836753412539408,0.00705478051484364,0.00968028773594451,"ostf","os"
"gpt2-large",128,10,0.0228403502898727,0.0206511536955077,0.0250295468842377,0.00995581312053599,0.00843543227289594,0.011476193968176,"ostf","os"
"gpt2-large",160,10,0.02282139065432,0.0205194142419363,0.0251233670667036,0.0103177936099895,0.00857139418980045,0.0120641930301786,"ostf","os"
"gpt2-large",200,10,0.0235872128242152,0.0212118662670199,0.0259625593814105,0.0111210143321168,0.00920446365335188,0.0130375650108817,"ostf","os"
"gpt2-large",256,10,0.0239303365262645,0.0214432711888479,0.0264174018636812,0.0115879279982338,0.0093000829219707,0.013875773074497,"ostf","os"
"gpt2-large",320,10,0.0243393163097584,0.0216046249897564,0.0270740076297604,0.0120319540045134,0.00958459452347883,0.0144793134855479,"ostf","os"
"gpt2-large",400,10,0.0246486268949299,0.0219865664204224,0.0273106873694374,0.0123384246500677,0.00986220831301838,0.014814640987117,"ostf","os"
"gpt2-large",512,10,0.0247320741247652,0.0222993990695261,0.0271647491800043,0.0124815330561705,0.0101701743359884,0.0147928917763526,"ostf","os"
"gpt2-large",640,10,0.0249365964522321,0.022515966295544,0.0273572266089203,0.0126707009607565,0.0103719978354586,0.0149694040860545,"ostf","os"
"gpt2-large",800,10,0.024894934958436,0.0224503384998609,0.0273395314170111,0.0126827271037542,0.0103567910632192,0.0150086631442892,"ostf","os"
"gpt2-large",1023,10,0.0250528672154152,0.0225763483508683,0.0275293860799621,0.0128422626350796,0.0104881111324207,0.0151964141377384,"ostf","os"
"gpt2-medium",1,10,0.0127106157867743,0.0104032850173711,0.0150179465561775,-0.000108379016506121,-0.000190616349358514,-2.61416836537282e-05,"ostf","os"
"gpt2-medium",2,10,0.0126834470777093,0.0102926708765318,0.0150742232788868,0.000307818114346844,-5.63586180940852e-05,0.000671994846787773,"ostf","os"
"gpt2-medium",3,10,0.0124742039902429,0.0101048719021986,0.0148435360782872,0.000536099483608693,7.2647483687283e-05,0.000999551483530104,"ostf","os"
"gpt2-medium",4,10,0.0126350196054664,0.0103663065363138,0.014903732674619,0.000772459860415211,0.000226390605322101,0.00131852911550832,"ostf","os"
"gpt2-medium",5,10,0.0125294905576001,0.0104095890706102,0.0146493920445899,0.000896310166278217,0.000340650814307619,0.00145196951824881,"ostf","os"
"gpt2-medium",6,10,0.0123766667765207,0.0101925229441749,0.0145608106088666,0.00095346542957616,0.00042042318482843,0.00148650767432389,"ostf","os"
"gpt2-medium",7,10,0.011819948617452,0.00980969714618571,0.0138302000887183,0.00083276825192662,0.000333408038816796,0.00133212846503644,"ostf","os"
"gpt2-medium",10,10,0.0120706180919242,0.00997929901475572,0.0141619371690928,0.00101859225123094,0.000521596990996116,0.00151558751146576,"ostf","os"
"gpt2-medium",12,10,0.0123749416483433,0.0102750386019439,0.0144748446947426,0.00121793456476054,0.000648368312348344,0.00178750081717274,"ostf","os"
"gpt2-medium",16,10,0.0129260372512154,0.0109208570095275,0.0149312174929034,0.00154790888661985,0.000884162509345797,0.0022116552638939,"ostf","os"
"gpt2-medium",20,10,0.0137426615354294,0.0119497554230968,0.015535567647762,0.0019816602964356,0.0012973183696628,0.00266600222320841,"ostf","os"
"gpt2-medium",25,10,0.0150102729503378,0.0133209181100766,0.0166996277905989,0.00269369340834356,0.00195751270308643,0.00342987411360069,"ostf","os"
"gpt2-medium",32,10,0.0169211043841384,0.015364550317596,0.0184776584506807,0.0038546746869231,0.00291053935905258,0.00479881001479363,"ostf","os"
"gpt2-medium",40,10,0.0183125551796557,0.0169806229924578,0.0196444873668535,0.00483425245145039,0.00367752930975342,0.00599097559314735,"ostf","os"
"gpt2-medium",50,10,0.0189974038071431,0.0179335666959684,0.0200612409183177,0.00550003166493236,0.004086813489928,0.00691324983993672,"ostf","os"
"gpt2-medium",64,10,0.0204415193719174,0.019094245324465,0.0217887934193698,0.00667298497729643,0.00526276981697778,0.00808320013761508,"ostf","os"
"gpt2-medium",80,10,0.0215683573310136,0.0196800955712977,0.0234566190907295,0.00791448073769659,0.00623654669768286,0.00959241477771031,"ostf","os"
"gpt2-medium",100,10,0.0232168851692403,0.0211989696973457,0.0252348006411349,0.00937878130741793,0.00767663459496782,0.011080928019868,"ostf","os"
"gpt2-medium",128,10,0.0246028478671601,0.0225909012295852,0.026614794504735,0.0107975077343878,0.00902229390208845,0.0125727215666871,"ostf","os"
"gpt2-medium",160,10,0.0247559559688736,0.0227660247836916,0.0267458871540556,0.0113012292478073,0.00950976846622595,0.0130926900293887,"ostf","os"
"gpt2-medium",200,10,0.0255313734068694,0.0233944880604252,0.0276682587533137,0.0121091078840774,0.0102916065769739,0.013926609191181,"ostf","os"
"gpt2-medium",256,10,0.0258580038870214,0.0237886524791396,0.0279273552949032,0.0125671165116818,0.0105349770897426,0.014599255933621,"ostf","os"
"gpt2-medium",320,10,0.0261627734662086,0.0240235486639857,0.0283019982684315,0.0129393858641343,0.0108610246810231,0.0150177470472456,"ostf","os"
"gpt2-medium",400,10,0.0262991576576007,0.0241808110936544,0.0284175042215471,0.0131382793277553,0.0110080598518041,0.0152684988037065,"ostf","os"
"gpt2-medium",512,10,0.0263985086500685,0.0242934477780652,0.0285035695220717,0.0133123401432334,0.0112202771887182,0.0154044030977486,"ostf","os"
"gpt2-medium",640,10,0.0265238079509689,0.0244821577159334,0.0285654581860044,0.0134731128405455,0.0113483881620776,0.0155978375190133,"ostf","os"
"gpt2-medium",800,10,0.026464604915913,0.0243727978074422,0.0285564120243837,0.0134804478639307,0.0113262461838736,0.0156346495439879,"ostf","os"
"gpt2-medium",1023,10,0.0266803224893277,0.024533830890878,0.0288268140877773,0.0136892831985057,0.011505836373694,0.0158727300233174,"ostf","os"
"gpt2-xl",1,10,0.0147065701430719,0.0121302950926923,0.0172828451934515,-2.04244330443265e-06,-0.000201309391178218,0.000197224504569353,"ostf","os"
"gpt2-xl",2,10,0.0110122304840635,0.0089973114696833,0.0130271494984436,0.000149994804349539,-0.000174681056991197,0.000474670665690275,"ostf","os"
"gpt2-xl",3,10,0.0103876129009025,0.00835739900055351,0.0124178268012515,0.000301438270477235,-0.000107270293751131,0.000710146834705601,"ostf","os"
"gpt2-xl",4,10,0.0103006305480228,0.00843813741968763,0.0121631236763579,0.000447172718407206,-2.10734232407716e-05,0.000915418860055184,"ostf","os"
"gpt2-xl",5,10,0.0102144581855325,0.00835336962700337,0.0120755467440617,0.000570136123024845,8.01878578915316e-05,0.00106008438815816,"ostf","os"
"gpt2-xl",6,10,0.00982541835323598,0.007910986159804,0.011739850546668,0.000519281492616795,7.82325034914725e-05,0.000960330481742118,"ostf","os"
"gpt2-xl",7,10,0.00934207001913597,0.00761871183267397,0.011065428205598,0.000454344341558935,3.90502071856075e-05,0.000869638475932263,"ostf","os"
"gpt2-xl",10,10,0.00938329460513468,0.0075405949707084,0.011225994239561,0.000576630852392425,0.000224291769245517,0.000928969935539334,"ostf","os"
"gpt2-xl",12,10,0.00962237742497419,0.00778308614005653,0.0114616687098919,0.000681484994366148,0.000315119475719326,0.00104785051301297,"ostf","os"
"gpt2-xl",16,10,0.00985961233750642,0.00822272505951721,0.0114964996154956,0.000824920007941875,0.000500598193909808,0.00114924182197394,"ostf","os"
"gpt2-xl",20,10,0.0105124324679608,0.00894577306913438,0.0120790918667871,0.00112826695956637,0.00080646325230288,0.00145007066682986,"ostf","os"
"gpt2-xl",25,10,0.0116032094785953,0.0100650215252925,0.013141397431898,0.00165363902092718,0.00132136650504,0.00198591153681437,"ostf","os"
"gpt2-xl",32,10,0.0128165083121531,0.011400336919987,0.0142326797043192,0.00232866687300426,0.00185599940345294,0.00280133434255558,"ostf","os"
"gpt2-xl",40,10,0.0140109246306278,0.0127231058217697,0.0152987434394859,0.00311859125840774,0.00243991633635637,0.0037972661804591,"ostf","os"
"gpt2-xl",50,10,0.0142931381490932,0.0130861810894158,0.0155000952087707,0.00346162926577915,0.00262190503364451,0.00430135349791379,"ostf","os"
"gpt2-xl",64,10,0.0156680267217241,0.0142374969078221,0.017098556535626,0.00448311768985938,0.00363870883052167,0.00532752654919709,"ostf","os"
"gpt2-xl",80,10,0.0165729519884995,0.0146157560992817,0.0185301478777174,0.00538176794036241,0.0040660391153291,0.00669749676539572,"ostf","os"
"gpt2-xl",100,10,0.0182270408561079,0.0161338623192237,0.0203202193929921,0.00673393826966925,0.00528064361839063,0.00818723292094786,"ostf","os"
"gpt2-xl",128,10,0.0196947324669327,0.0173748429109912,0.0220146220228742,0.00813288055083892,0.00645043412483237,0.00981532697684546,"ostf","os"
"gpt2-xl",160,10,0.0197083299895841,0.0174411359609345,0.0219755240182337,0.0085134047899986,0.00679770258666963,0.0102291069933276,"ostf","os"
"gpt2-xl",200,10,0.0204967538588251,0.0180631626536241,0.0229303450640262,0.00931078197696752,0.00744196992113861,0.0111795940327964,"ostf","os"
"gpt2-xl",256,10,0.0210757806112792,0.0185453477623601,0.0236062134601983,0.00991834972580697,0.00776630153323534,0.0120703979183786,"ostf","os"
"gpt2-xl",320,10,0.0215467683455042,0.0188701665158538,0.0242233701751546,0.010418143267576,0.0081644450743752,0.0126718414607769,"ostf","os"
"gpt2-xl",400,10,0.0218367933103859,0.0193049559279738,0.024368630692798,0.0107007261318875,0.00847471675390565,0.0129267355098694,"ostf","os"
"gpt2-xl",512,10,0.0220523137962263,0.0195920621328729,0.0245125654595796,0.0109654203992045,0.00881375448281213,0.0131170863155969,"ostf","os"
"gpt2-xl",640,10,0.0223066272981364,0.0198588467856761,0.0247544078105967,0.0111690124788512,0.00900695946295903,0.0133310654947434,"ostf","os"
"gpt2-xl",800,10,0.0221607938052698,0.0196667022701834,0.0246548853403563,0.0110988356411287,0.00891073091827092,0.0132869403639865,"ostf","os"
"gpt2-xl",1023,10,0.0222434660264135,0.0197257122918837,0.0247612197609432,0.0111914338834416,0.00898992458621673,0.0133929431806664,"ostf","os"
"gpt2",1,10,0.0194324049311559,0.0106141024559969,0.0282507074063149,0.00925099860249503,0.00132737169974469,0.0171746255052454,"provoff","provo"
"gpt2",2,10,0.033634167423956,0.0257007230779732,0.0415676117699388,0.0217463018807574,0.0128401144138951,0.0306524893476197,"provoff","provo"
"gpt2",3,10,0.0355198130000948,0.027013636551111,0.0440259894490785,0.0235824999049208,0.0148174119853157,0.0323475878245258,"provoff","provo"
"gpt2",4,10,0.031651574292735,0.0198548724289085,0.0434482761565615,0.019684407197307,0.00767531866054206,0.0316934957340719,"provoff","provo"
"gpt2",5,10,0.0278974619507684,0.0172475171677608,0.0385474067337759,0.0163394194242875,0.00568097315449533,0.0269978656940797,"provoff","provo"
"gpt2",6,10,0.0279301113568478,0.018117019371337,0.0377432033423586,0.0164147577016825,0.00643332574362224,0.0263961896597427,"provoff","provo"
"gpt2",7,10,0.0281859815016461,0.0180557776707466,0.0383161853325457,0.0167086013432875,0.00671921619319658,0.0266979864933784,"provoff","provo"
"gpt2",10,10,0.0293772962010749,0.0187289607326824,0.0400256316694673,0.0177958792094286,0.00704759042295467,0.0285441679959025,"provoff","provo"
"gpt2",12,10,0.0302052975615772,0.0207171194052321,0.0396934757179223,0.018642994566507,0.00878159649158396,0.0285043926414301,"provoff","provo"
"gpt2",16,10,0.0317670563032002,0.024274289872233,0.0392598227341674,0.0200223103717072,0.0118865261309998,0.0281580946124146,"provoff","provo"
"gpt2",20,10,0.0318004888117427,0.0249718184851955,0.0386291591382898,0.0200902631450466,0.0128929656072363,0.0272875606828569,"provoff","provo"
"gpt2",25,10,0.0324832531302073,0.0249743342137496,0.039992172046665,0.0207970941348806,0.0134834982804201,0.0281106899893411,"provoff","provo"
"gpt2",32,10,0.0335612386207847,0.024735029301139,0.0423874479404304,0.0217751199588312,0.0129584648558756,0.0305917750617869,"provoff","provo"
"gpt2",40,10,0.0338155327386066,0.0245625791664302,0.0430684863107829,0.0219416025461629,0.0124711347461789,0.0314120703461469,"provoff","provo"
"gpt2",50,10,0.0340595505939397,0.0240006568788112,0.0441184443090682,0.0221508556544212,0.0117387888685741,0.0325629224402683,"provoff","provo"
"gpt2",64,10,0.0336401500435886,0.0235914370576893,0.0436888630294879,0.021762990184192,0.0114116163043889,0.032114364063995,"provoff","provo"
"gpt2",80,10,0.0336561483399313,0.0236743150668548,0.0436379816130078,0.0217849858950299,0.0115009748078865,0.0320689969821733,"provoff","provo"
"gpt2",100,10,0.0335916407096906,0.0236195411066172,0.0435637403127639,0.0217161289995773,0.0114607785283895,0.0319714794707651,"provoff","provo"
"gpt2",128,10,0.0335714082203595,0.0235148526453058,0.0436279637954131,0.0216980258986806,0.0113383160167147,0.0320577357806466,"provoff","provo"
"gpt2",160,10,0.0336781036926567,0.0236549221002522,0.0437012852850612,0.0217916297000579,0.0114603899621568,0.0321228694379591,"provoff","provo"
"gpt2",200,10,0.0335755638393422,0.0236020116163838,0.0435491160623006,0.0217038864275999,0.0114637761436013,0.0319439967115984,"provoff","provo"
"gpt2",256,10,0.0335714084310573,0.0235148527049228,0.0436279641571918,0.0216980260820624,0.0113383160579037,0.0320577361062212,"provoff","provo"
"gpt2",320,10,0.0335714084310573,0.0235148527049228,0.0436279641571918,0.0216980260820624,0.0113383160579037,0.0320577361062212,"provoff","provo"
"gpt2",400,10,0.0336561483387876,0.0236743150724377,0.0436379816051375,0.0217849858903446,0.0115009748114988,0.0320689969691903,"provoff","provo"
"gpt2",512,10,0.0335714084142451,0.023514852249888,0.0436279645786023,0.0216980260367584,0.0113383158627203,0.0320577362107964,"provoff","provo"
"gpt2",640,10,0.0335714084142451,0.023514852249888,0.0436279645786023,0.0216980260367584,0.0113383158627203,0.0320577362107964,"provoff","provo"
"gpt2",800,10,0.0336781037055901,0.0236549221142987,0.0437012852968814,0.0217916297116824,0.011460389975248,0.0321228694481169,"provoff","provo"
"gpt2",1023,10,0.033746296333255,0.0237121742625682,0.0437804184039418,0.0218628838772963,0.0115553338734232,0.0321704338811695,"provoff","provo"
"gpt2-large",1,10,0.0315699630255889,0.0214493606650109,0.041690565386167,0.022303670077467,0.0116316692444889,0.0329756709104451,"provoff","provo"
"gpt2-large",2,10,0.0360717904501579,0.0262676773283118,0.0458759035720039,0.0241261835492407,0.013996756522715,0.0342556105757664,"provoff","provo"
"gpt2-large",3,10,0.0333811553150105,0.0224400451293941,0.0443222655006269,0.0212627132945813,0.00949333275410462,0.0330320938350581,"provoff","provo"
"gpt2-large",4,10,0.0300963477689522,0.0168475643336501,0.0433451312042544,0.0183306851904128,0.00544075311317718,0.0312206172676483,"provoff","provo"
"gpt2-large",5,10,0.0269586873188181,0.0138157811377314,0.0401015934999047,0.0155259542022073,0.00265059758000699,0.0284013108244077,"provoff","provo"
"gpt2-large",6,10,0.0268101513162425,0.0144142232857042,0.0392060793467809,0.0156920231108757,0.00384225317015432,0.0275417930515971,"provoff","provo"
"gpt2-large",7,10,0.0258581036371016,0.0132905508597978,0.0384256564144055,0.0148145597174079,0.00283479479091977,0.026794324643896,"provoff","provo"
"gpt2-large",10,10,0.0262793770554564,0.0152166995142155,0.0373420545966974,0.0153987168984688,0.00514464728050223,0.0256527865164353,"provoff","provo"
"gpt2-large",12,10,0.0274965435200941,0.0162080380096129,0.0387850490305753,0.0165502730203184,0.00603121641791836,0.0270693296227185,"provoff","provo"
"gpt2-large",16,10,0.0297691077738177,0.0201669800916079,0.0393712354560275,0.0186609893822473,0.00954833876668294,0.0277736399978117,"provoff","provo"
"gpt2-large",20,10,0.029308885680826,0.0204403916786791,0.0381773796829729,0.0184286890319909,0.0103814031130632,0.0264759749509185,"provoff","provo"
"gpt2-large",25,10,0.0307546011378668,0.0207727376753631,0.0407364646003706,0.019755351755922,0.0107994662689971,0.028711237242847,"provoff","provo"
"gpt2-large",32,10,0.03100943844267,0.0197536836709497,0.0422651932143903,0.0200580724818359,0.00988289622817338,0.0302332487354984,"provoff","provo"
"gpt2-large",40,10,0.03160070386212,0.0207813761301723,0.0424200315940676,0.0205689615406321,0.0106613615734961,0.0304765615077681,"provoff","provo"
"gpt2-large",50,10,0.031886135650555,0.0203797839722414,0.0433924873288686,0.0208628526886659,0.0103016775042712,0.0314240278730605,"provoff","provo"
"gpt2-large",64,10,0.0315798442513327,0.0201711324173199,0.0429885560853456,0.0206128803295845,0.0102129934991131,0.0310127671600559,"provoff","provo"
"gpt2-large",80,10,0.0315871562070708,0.0202014720174579,0.0429728403966838,0.0206202851143125,0.0102361915171219,0.0310043787115032,"provoff","provo"
"gpt2-large",100,10,0.0315918118403733,0.0202030042726537,0.042980619408093,0.0206241815500587,0.0102385381552795,0.031009824944838,"provoff","provo"
"gpt2-large",128,10,0.0315970162919063,0.020206513299949,0.0429875192838635,0.0206291572267723,0.0102411855102763,0.0310171289432684,"provoff","provo"
"gpt2-large",160,10,0.0315961495488035,0.0202014077335765,0.0429908913640304,0.0206286555516974,0.010237560292829,0.0310197508105657,"provoff","provo"
"gpt2-large",200,10,0.031591520184545,0.0201994293925392,0.0429836109765507,0.0206243458829678,0.0102354805369383,0.0310132112289972,"provoff","provo"
"gpt2-large",256,10,0.0315970152846878,0.0202065129839456,0.0429875175854301,0.0206291563415796,0.0102411850601707,0.0310171276229886,"provoff","provo"
"gpt2-large",320,10,0.0315970152846878,0.0202065129839456,0.0429875175854301,0.0206291563415796,0.0102411850601707,0.0310171276229886,"provoff","provo"
"gpt2-large",400,10,0.0315925195847955,0.0202016160115529,0.042983423158038,0.0206245990429629,0.0102366111211427,0.031012586964783,"provoff","provo"
"gpt2-large",512,10,0.0315970166437399,0.0202065135694845,0.0429875197179954,0.0206291575704239,0.0102411857254085,0.0310171294154394,"provoff","provo"
"gpt2-large",640,10,0.0315970166437399,0.0202065135694845,0.0429875197179954,0.0206291575704239,0.0102411857254085,0.0310171294154394,"provoff","provo"
"gpt2-large",800,10,0.0315894502814368,0.0201922878872858,0.0429866126755878,0.0206224482959269,0.0102303757361325,0.0310145208557214,"provoff","provo"
"gpt2-large",1023,10,0.0315939790308108,0.0201961301651382,0.0429918278964834,0.0206263712698294,0.0102293680322122,0.0310233745074466,"provoff","provo"
"gpt2-medium",1,10,0.0288925033005774,0.0200818624249268,0.0377031441762281,0.0188760423756264,0.0113475753853986,0.0264045093658541,"provoff","provo"
"gpt2-medium",2,10,0.0362494684487057,0.0260676901266148,0.0464312467707965,0.0242582176030855,0.0133687997935737,0.0351476354125973,"provoff","provo"
"gpt2-medium",3,10,0.0342492419486672,0.024125152277501,0.0443733316198334,0.0221134457361617,0.0110731024493241,0.0331537890229993,"provoff","provo"
"gpt2-medium",4,10,0.0314942697035044,0.0190884332187341,0.0439001061882746,0.019579279884294,0.00736875696693231,0.0317898028016557,"provoff","provo"
"gpt2-medium",5,10,0.0286166947202092,0.0164387652499741,0.0407946241904444,0.0169014932583988,0.00462294749793844,0.0291800390188591,"provoff","provo"
"gpt2-medium",6,10,0.0273714046649818,0.0170774106089074,0.0376653987210561,0.0161226675796098,0.00600056714066551,0.0262447680185542,"provoff","provo"
"gpt2-medium",7,10,0.026536625242127,0.0163333253184422,0.0367399251658118,0.0154209451034095,0.00519421694332814,0.0256476732634909,"provoff","provo"
"gpt2-medium",10,10,0.0282464417020782,0.0182294208592212,0.0382634625449352,0.0171284916138124,0.00733048982760484,0.0269264934000199,"provoff","provo"
"gpt2-medium",12,10,0.0280073096992386,0.018134527330593,0.0378800920678842,0.0169760477297412,0.00718732940630785,0.0267647660531745,"provoff","provo"
"gpt2-medium",16,10,0.0301733540294513,0.0214609484596009,0.0388857595993017,0.0189608804034059,0.010122618239112,0.0277991425676998,"provoff","provo"
"gpt2-medium",20,10,0.0304483567272636,0.0226964973761603,0.0382002160783668,0.0193348992095777,0.0117127575582976,0.0269570408608578,"provoff","provo"
"gpt2-medium",25,10,0.0315336272328058,0.0223896972247841,0.0406775572408274,0.0203583872052447,0.0116658732948937,0.0290509011155957,"provoff","provo"
"gpt2-medium",32,10,0.0325279325562484,0.0216649475343664,0.0433909175781304,0.0213837702360655,0.0111589610473111,0.0316085794248199,"provoff","provo"
"gpt2-medium",40,10,0.0330495876850073,0.0217885177108007,0.0443106576592139,0.0218304650300919,0.0110553167920915,0.0326056132680922,"provoff","provo"
"gpt2-medium",50,10,0.0334128120390615,0.0216971742216908,0.0451284498564323,0.0221718478572226,0.010809339338212,0.0335343563762331,"provoff","provo"
"gpt2-medium",64,10,0.03288508304073,0.0214315137089858,0.0443386523724742,0.0217096587109908,0.0106980570575613,0.0327212603644202,"provoff","provo"
"gpt2-medium",80,10,0.0328356656045451,0.0212920299089554,0.0443793013001347,0.0216658214482949,0.0105551529306288,0.0327764899659611,"provoff","provo"
"gpt2-medium",100,10,0.0329051984505789,0.0214376842990815,0.0443727126020763,0.0217216383816727,0.0107031676805255,0.0327401090828198,"provoff","provo"
"gpt2-medium",128,10,0.0328717577472303,0.0214338928111962,0.0443096226832644,0.0216950345557517,0.0107002159561587,0.0326898531553447,"provoff","provo"
"gpt2-medium",160,10,0.0328358598602401,0.0213344380407591,0.0443372816797211,0.0216656438458013,0.010600852554841,0.0327304351367616,"provoff","provo"
"gpt2-medium",200,10,0.0327409463401718,0.0212955854121488,0.0441863072681947,0.0215761421628314,0.0105885195788697,0.0325637647467932,"provoff","provo"
"gpt2-medium",256,10,0.0328717577640035,0.0214338928618258,0.0443096226661813,0.0216950345779441,0.0107002159959455,0.0326898531599427,"provoff","provo"
"gpt2-medium",320,10,0.0328717577640035,0.0214338928618258,0.0443096226661813,0.0216950345779441,0.0107002159959455,0.0326898531599427,"provoff","provo"
"gpt2-medium",400,10,0.03283566374101,0.0212920290933798,0.0443792983886403,0.0216658197953921,0.0105551527085837,0.0327764868822006,"provoff","provo"
"gpt2-medium",512,10,0.0328717578036278,0.0214338928411064,0.0443096227661492,0.0216950346080776,0.0107002159808241,0.0326898532353311,"provoff","provo"
"gpt2-medium",640,10,0.0328717578036278,0.0214338928411064,0.0443096227661492,0.0216950346080776,0.0107002159808241,0.0326898532353311,"provoff","provo"
"gpt2-medium",800,10,0.0328358599010445,0.0213344380705286,0.0443372817315604,0.0216656438789917,0.0106008525771014,0.0327304351808821,"provoff","provo"
"gpt2-medium",1023,10,0.0328310784490214,0.0213567806295038,0.044305376268539,0.0216613598887033,0.0106442412835578,0.0326784784938488,"provoff","provo"
"gpt2-xl",1,10,0.0321004345562507,0.0222193430281247,0.0419815260843767,0.0228013164860099,0.0131436608035076,0.0324589721685123,"provoff","provo"
"gpt2-xl",2,10,0.0368027935001079,0.0282106988713001,0.0453948881289156,0.0246301643076594,0.014582966958766,0.0346773616565528,"provoff","provo"
"gpt2-xl",3,10,0.0337939635050204,0.0224109115171284,0.0451770154929124,0.0216181063229878,0.00876515182214525,0.0344710608238303,"provoff","provo"
"gpt2-xl",4,10,0.0305529182632234,0.0165194371093843,0.0445863994170625,0.0186876012889132,0.00448251356216312,0.0328926890156633,"provoff","provo"
"gpt2-xl",5,10,0.0267084666350467,0.0133115811809815,0.0401053520891119,0.0154746891289964,0.00221581884728052,0.0287335594107122,"provoff","provo"
"gpt2-xl",6,10,0.0258409656398088,0.0139804079363981,0.0377015233432195,0.0150089785077564,0.00358657386199786,0.026431383153515,"provoff","provo"
"gpt2-xl",7,10,0.0242636501330059,0.0131531098767145,0.0353741903892972,0.0137159458740952,0.00307017210010042,0.02436171964809,"provoff","provo"
"gpt2-xl",10,10,0.0257741865743897,0.0153202361306124,0.0362281370181671,0.0153095155837354,0.0057307832457598,0.024888247921711,"provoff","provo"
"gpt2-xl",12,10,0.0259073405662956,0.0154104187375343,0.036404262395057,0.015482640327816,0.00576791084855051,0.0251973698070814,"provoff","provo"
"gpt2-xl",16,10,0.0285096048824183,0.019295634391203,0.0377235753736336,0.017831757794168,0.00914742643580892,0.0265160891525272,"provoff","provo"
"gpt2-xl",20,10,0.02978764952313,0.0210737587946206,0.0385015402516393,0.0189679011587807,0.0109426095849521,0.0269931927326094,"provoff","provo"
"gpt2-xl",25,10,0.0310451824058346,0.0216951564339753,0.040395208377694,0.0201696851382975,0.0119673800005705,0.0283719902760246,"provoff","provo"
"gpt2-xl",32,10,0.0308181041454193,0.0207583644064965,0.0408778438843421,0.0201644543216921,0.0113827748239545,0.0289461338194296,"provoff","provo"
"gpt2-xl",40,10,0.0310915489757246,0.0214549326892062,0.0407281652622429,0.0204000396126,0.0118481798049768,0.0289518994202231,"provoff","provo"
"gpt2-xl",50,10,0.0315198317780193,0.0218651295687281,0.0411745339873106,0.0208229158412781,0.0119488958820314,0.0296969358005248,"provoff","provo"
"gpt2-xl",64,10,0.0310206467251254,0.0216037731122321,0.0404375203380187,0.0204317838765023,0.0118757325303065,0.028987835222698,"provoff","provo"
"gpt2-xl",80,10,0.0310158844112007,0.0216013674170726,0.0404304014053287,0.0204278387145323,0.0118708824015849,0.0289847950274797,"provoff","provo"
"gpt2-xl",100,10,0.0310220875364511,0.0216015053083451,0.0404426697645571,0.020432521656277,0.0118656710821399,0.0289993722304142,"provoff","provo"
"gpt2-xl",128,10,0.0310197273810868,0.0215997954721563,0.0404396592900174,0.020431300873069,0.011869161308056,0.028993440438082,"provoff","provo"
"gpt2-xl",160,10,0.0310214683071353,0.0216024514376379,0.0404404851766326,0.0204324126089105,0.0118724421514128,0.0289923830664082,"provoff","provo"
"gpt2-xl",200,10,0.0310309581353882,0.021621001689976,0.0404409145808004,0.0204418417807214,0.0118869311611408,0.0289967524003019,"provoff","provo"
"gpt2-xl",256,10,0.0310197099361023,0.0215997880567572,0.0404396318154473,0.0204312853633413,0.0118691573476577,0.0289934133790249,"provoff","provo"
"gpt2-xl",320,10,0.0310197099361023,0.0215997880567572,0.0404396318154473,0.0204312853633413,0.0118691573476577,0.0289934133790249,"provoff","provo"
"gpt2-xl",400,10,0.0310045136067422,0.021591246978128,0.0404177802353563,0.0204173575564509,0.0118581540428416,0.0289765610700602,"provoff","provo"
"gpt2-xl",512,10,0.0310197142061074,0.0215997965710121,0.0404396318412028,0.0204312889712923,0.0118691656930677,0.0289934122495169,"provoff","provo"
"gpt2-xl",640,10,0.0310197142061074,0.0215997965710121,0.0404396318412028,0.0204312889712923,0.0118691656930677,0.0289934122495169,"provoff","provo"
"gpt2-xl",800,10,0.0310235151796056,0.0215980518839308,0.0404489784752803,0.0204352019322697,0.011870860091468,0.0289995437730715,"provoff","provo"
"gpt2-xl",1023,10,0.0310265949939704,0.0216029120383213,0.0404502779496195,0.0204366239276905,0.0118709838677192,0.0290022639876618,"provoff","provo"
"gpt2",1,10,0.0686793983834452,0.043337630550516,0.0940211662163744,0.0127209372172641,-0.000359018230185167,0.0258008926647133,"provogd","provo"
"gpt2",2,10,0.0780331617075464,0.0492840951499429,0.10678222826515,0.0284323901441378,0.0138639537471873,0.0430008265410883,"provogd","provo"
"gpt2",3,10,0.0717851684771785,0.0485962849440111,0.094974052010346,0.0274435406117898,0.0163378119368643,0.0385492692867154,"provogd","provo"
"gpt2",4,10,0.0653984402374082,0.0402593669809044,0.0905375134939121,0.0245319231894069,0.01106452412929,0.0379993222495239,"provogd","provo"
"gpt2",5,10,0.0621740088294826,0.0381578779658227,0.0861901396931424,0.0227375130581274,0.0101016545893718,0.0353733715268831,"provogd","provo"
"gpt2",6,10,0.0627358725117608,0.0391769462348067,0.0862947987887148,0.0235027226608994,0.0108226150510706,0.0361828302707282,"provogd","provo"
"gpt2",7,10,0.0619611543660131,0.037934717966421,0.0859875907656053,0.023399185167759,0.0104823316834768,0.0363160386520412,"provogd","provo"
"gpt2",10,10,0.0637019183155789,0.0412757239293677,0.0861281127017902,0.0251272204572686,0.0124690209744846,0.0377854199400525,"provogd","provo"
"gpt2",12,10,0.063904290622598,0.0412510282606245,0.0865575529845715,0.02540117982878,0.0120855008290459,0.0387168588285141,"provogd","provo"
"gpt2",16,10,0.0643110391244053,0.0431122721918381,0.0855098060569724,0.0256487461553159,0.0132924763926026,0.0380050159180291,"provogd","provo"
"gpt2",20,10,0.0661594353397803,0.0438102898565379,0.0885085808230227,0.0270104113976211,0.0141313111415813,0.039889511653661,"provogd","provo"
"gpt2",25,10,0.0679163441665536,0.0442005938542069,0.0916320944789002,0.0285540071787584,0.014576278848391,0.0425317355091258,"provogd","provo"
"gpt2",32,10,0.0714778336622253,0.0466875042951329,0.0962681630293177,0.0316581870177514,0.0164735885652762,0.0468427854702266,"provogd","provo"
"gpt2",40,10,0.0711854177124252,0.0463618239275715,0.0960090114972789,0.0314973298964438,0.0160949012193651,0.0468997585735225,"provogd","provo"
"gpt2",50,10,0.0725241000576346,0.0480637699772477,0.0969844301380215,0.0327656485472242,0.0172094180467756,0.0483218790476727,"provogd","provo"
"gpt2",64,10,0.0717322966057412,0.0476508480655825,0.0958137451459,0.0321830006558881,0.016860787197495,0.0475052141142811,"provogd","provo"
"gpt2",80,10,0.07195061735171,0.0479366811859063,0.0959645535175136,0.0323480733953447,0.0170505390793269,0.0476456077113626,"provogd","provo"
"gpt2",100,10,0.0716599102240078,0.0477426856924888,0.0955771347555267,0.0321322412263244,0.0169292674429785,0.0473352150096703,"provogd","provo"
"gpt2",128,10,0.0716346566362676,0.0475366334791233,0.0957326797934118,0.0321106064237592,0.0167732702907667,0.0474479425567518,"provogd","provo"
"gpt2",160,10,0.0718237601116958,0.0476995424062116,0.0959479778171799,0.0322588518296485,0.016900663177314,0.047617040481983,"provogd","provo"
"gpt2",200,10,0.0718265560495687,0.0477757096092928,0.0958774024898446,0.0322519332105493,0.0169860939694089,0.0475177724516898,"provogd","provo"
"gpt2",256,10,0.0716346572559117,0.047536634336491,0.0957326801753323,0.032110606822043,0.0167732706139351,0.047447943030151,"provogd","provo"
"gpt2",320,10,0.0716346572559117,0.047536634336491,0.0957326801753323,0.032110606822043,0.0167732706139351,0.047447943030151,"provogd","provo"
"gpt2",400,10,0.0719506173022442,0.0479366811137822,0.0959645534907063,0.0323480733422271,0.0170505390137167,0.0476456076707376,"provogd","provo"
"gpt2",512,10,0.0716346569365586,0.0475366340708961,0.095732679802221,0.0321106066109283,0.016773270634869,0.0474479425869875,"provogd","provo"
"gpt2",640,10,0.0716346569365586,0.0475366340708961,0.095732679802221,0.0321106066109283,0.016773270634869,0.0474479425869875,"provogd","provo"
"gpt2",800,10,0.0718237601296502,0.0476995424790296,0.0959479777802708,0.0322588518301509,0.0169006632270129,0.047617040433289,"provogd","provo"
"gpt2",1023,10,0.0720393513385714,0.0478970882892684,0.0961816143878744,0.0324268536837606,0.0170636984747181,0.047790008892803,"provogd","provo"
"gpt2-large",1,10,0.0823692852161441,0.0590806864832409,0.105657883949047,0.0282119977407496,0.0199739263529769,0.0364500691285223,"provogd","provo"
"gpt2-large",2,10,0.0753900429558118,0.0524572955805158,0.0983227903311078,0.0278738972576349,0.0177222660571037,0.0380255284581661,"provogd","provo"
"gpt2-large",3,10,0.0615152442771745,0.0442734015088763,0.0787570870454726,0.0214478476427866,0.0134774011335981,0.0294182941519751,"provogd","provo"
"gpt2-large",4,10,0.0530743733825145,0.0351309379423079,0.0710178088227211,0.0171883219830609,0.0080826245825965,0.0262940193835254,"provogd","provo"
"gpt2-large",5,10,0.0504538390824204,0.035404708456759,0.0655029697080818,0.0160018541507188,0.00742597582522546,0.0245777324762122,"provogd","provo"
"gpt2-large",6,10,0.0513562469822719,0.0365187347794388,0.066193759185105,0.0173756719933949,0.00854860929012835,0.0262027346966615,"provogd","provo"
"gpt2-large",7,10,0.0483939734453551,0.0334438724872056,0.0633440744035046,0.0158878603039408,0.00673198459251738,0.0250437360153643,"provogd","provo"
"gpt2-large",10,10,0.0515549743385083,0.034794784110282,0.0683151645667347,0.0188838076695683,0.00874130499531995,0.0290263103438167,"provogd","provo"
"gpt2-large",12,10,0.0503993406537355,0.0333979092141581,0.0674007720933129,0.0182830798148283,0.0076594265302489,0.0289067330994077,"provogd","provo"
"gpt2-large",16,10,0.0510306665436798,0.0357161147539692,0.0663452183333904,0.0187914156360176,0.00910367651996644,0.0284791547520687,"provogd","provo"
"gpt2-large",20,10,0.0524396442775607,0.0363803490455522,0.0684989395095691,0.020077320223014,0.0102242200252405,0.0299304204207875,"provogd","provo"
"gpt2-large",25,10,0.0553026462506847,0.0365594082603601,0.0740458842410092,0.0223054730846982,0.0103358477756173,0.0342750983937792,"provogd","provo"
"gpt2-large",32,10,0.0565018707634476,0.0374512097940864,0.0755525317328088,0.0237833980701047,0.0114713225839689,0.0360954735562405,"provogd","provo"
"gpt2-large",40,10,0.0570928499339348,0.0374299891971928,0.0767557106706767,0.0241579177846177,0.0111188050598203,0.0371970305094151,"provogd","provo"
"gpt2-large",50,10,0.0586944381947622,0.038815010877345,0.0785738655121793,0.025603217294105,0.012101424323162,0.039105010265048,"provogd","provo"
"gpt2-large",64,10,0.0582899518569059,0.0392089404211059,0.0773709632927059,0.0254276814794427,0.0123954412467879,0.0384599217120975,"provogd","provo"
"gpt2-large",80,10,0.0583337365328742,0.0393269918024386,0.0773404812633098,0.0254583161842771,0.0124534411782713,0.0384631911902829,"provogd","provo"
"gpt2-large",100,10,0.0583439228456362,0.0393257158239028,0.0773621298673696,0.0254630084200715,0.0124479847922858,0.0384780320478571,"provogd","provo"
"gpt2-large",128,10,0.058348666599784,0.0393277138830365,0.0773696193165316,0.0254679115914732,0.012449351554488,0.0384864716284584,"provogd","provo"
"gpt2-large",160,10,0.0583333149348296,0.0393126284312108,0.0773540014384483,0.0254580667372825,0.0124372618205174,0.0384788716540476,"provogd","provo"
"gpt2-large",200,10,0.0583281842957499,0.0393111115609714,0.0773452570305284,0.0254549615652553,0.0124418963104229,0.0384680268200878,"provogd","provo"
"gpt2-large",256,10,0.0583486661291643,0.0393277137225101,0.0773696185358184,0.0254679113461978,0.0124493516464866,0.0384864710459089,"provogd","provo"
"gpt2-large",320,10,0.0583486661291643,0.0393277137225101,0.0773696185358184,0.0254679113461978,0.0124493516464866,0.0384864710459089,"provogd","provo"
"gpt2-large",400,10,0.0583526023197959,0.0393418553031022,0.0773633493364897,0.0254706536773854,0.0124597029471452,0.0384816044076255,"provogd","provo"
"gpt2-large",512,10,0.0583486664423627,0.0393277137026558,0.0773696191820695,0.025467911628669,0.0124493518261819,0.0384864714311562,"provogd","provo"
"gpt2-large",640,10,0.0583486664423627,0.0393277137026558,0.0773696191820695,0.025467911628669,0.0124493518261819,0.0384864714311562,"provogd","provo"
"gpt2-large",800,10,0.0583324626417403,0.0393065488804685,0.077358376403012,0.0254580699084306,0.0124376964924658,0.0384784433243955,"provogd","provo"
"gpt2-large",1023,10,0.0583321163845103,0.0393251973938198,0.0773390353752007,0.025456926973058,0.0124429070686548,0.0384709468774613,"provogd","provo"
"gpt2-medium",1,10,0.075969873982343,0.056023639007313,0.095916108957373,0.0230065742075376,0.0160592510635632,0.0299538973515119,"provogd","provo"
"gpt2-medium",2,10,0.0759060566752707,0.0535461431545495,0.0982659701959918,0.0279644973751386,0.0179891845949452,0.0379398101553321,"provogd","provo"
"gpt2-medium",3,10,0.0677058827947461,0.0478216869567351,0.0875900786327572,0.0251032657356184,0.0157107019016441,0.0344958295695926,"provogd","provo"
"gpt2-medium",4,10,0.0606677082535699,0.0367735570996803,0.0845618594074596,0.021675977201758,0.0086011116072639,0.034750842796252,"provogd","provo"
"gpt2-medium",5,10,0.0582593505873458,0.0376238323677642,0.0788948688069275,0.0206830480606208,0.00918807560701286,0.0321780205142287,"provogd","provo"
"gpt2-medium",6,10,0.057790793097947,0.0371022811834946,0.0784793050123994,0.0212238799209385,0.00979752998933969,0.0326502298525373,"provogd","provo"
"gpt2-medium",7,10,0.0549038369514835,0.0350799198587061,0.074727754044261,0.0197460285535825,0.00860233161911493,0.0308897254880501,"provogd","provo"
"gpt2-medium",10,10,0.0559764324303932,0.0385304935033687,0.0734223713574177,0.0215302188075606,0.0109146784892884,0.0321457591258329,"provogd","provo"
"gpt2-medium",12,10,0.054244519733579,0.037284645240551,0.0712043942266071,0.0204779038471607,0.00999310848316996,0.0309626992111514,"provogd","provo"
"gpt2-medium",16,10,0.0537460322368423,0.0387204763164461,0.0687715881572384,0.0202975422541942,0.0107780716974904,0.0298170128108981,"provogd","provo"
"gpt2-medium",20,10,0.0559054886757878,0.0399205884106077,0.0718903889409679,0.0219421260919051,0.0123237965416666,0.0315604556421436,"provogd","provo"
"gpt2-medium",25,10,0.058381516339431,0.0399424267469161,0.0768206059319459,0.0239278221730924,0.0124746659405989,0.0353809784055859,"provogd","provo"
"gpt2-medium",32,10,0.0610315294541194,0.0413096271366376,0.0807534317716012,0.0266225461974782,0.0139054959884927,0.0393395964064638,"provogd","provo"
"gpt2-medium",40,10,0.061101193816846,0.0412975161597568,0.0809048714739351,0.0268006639213104,0.0136498090702624,0.0399515187723584,"provogd","provo"
"gpt2-medium",50,10,0.0620329868958305,0.0422277672132801,0.081838206578381,0.0278084726556488,0.0140140740388311,0.0416028712724665,"provogd","provo"
"gpt2-medium",64,10,0.061667020450594,0.0425006178351101,0.0808334230660779,0.0275862163757379,0.014203549710851,0.0409688830406249,"provogd","provo"
"gpt2-medium",80,10,0.0615476712448257,0.0423125568271879,0.0807827856624635,0.0274898127061469,0.0140214592266074,0.0409581661856863,"provogd","provo"
"gpt2-medium",100,10,0.0616748468347001,0.0424009584100384,0.0809487352593617,0.0275635865666749,0.014135067780738,0.0409921053526119,"provogd","provo"
"gpt2-medium",128,10,0.0616407448886922,0.0425367722147129,0.0807447175626715,0.0275525604454305,0.0142134163651791,0.0408917045256818,"provogd","provo"
"gpt2-medium",160,10,0.0615297732373042,0.0423115811842747,0.0807479652903337,0.0274826824047245,0.014055405684236,0.0409099591252129,"provogd","provo"
"gpt2-medium",200,10,0.0613490943756655,0.0421186948256438,0.0805794939256872,0.0273290388217161,0.0139290047684396,0.0407290728749926,"provogd","provo"
"gpt2-medium",256,10,0.0616407449299543,0.0425367723123121,0.0807447175475964,0.0275525604966908,0.0142134164339924,0.0408917045593892,"provogd","provo"
"gpt2-medium",320,10,0.0616407449299543,0.0425367723123121,0.0807447175475964,0.0275525604966908,0.0142134164339924,0.0408917045593892,"provogd","provo"
"gpt2-medium",400,10,0.061547669157698,0.0423125536832411,0.0807827846321548,0.0274898109616664,0.0140214570667792,0.0409581648565536,"provogd","provo"
"gpt2-medium",512,10,0.0616407448978869,0.0425367722517099,0.0807447175440639,0.0275525604442161,0.0142134163232662,0.040891704565166,"provogd","provo"
"gpt2-medium",640,10,0.0616407448978869,0.0425367722517099,0.0807447175440639,0.0275525604442161,0.0142134163232662,0.040891704565166,"provogd","provo"
"gpt2-medium",800,10,0.0615297732264827,0.042311581123658,0.0807479653293074,0.0274826823802568,0.0140554056540663,0.0409099591064474,"provogd","provo"
"gpt2-medium",1023,10,0.0615084515725939,0.0422772809389415,0.0807396222062463,0.027455316360986,0.0140591833685782,0.0408514493533938,"provogd","provo"
"gpt2-xl",1,10,0.0813161382005824,0.0558786880056554,0.106753588395509,0.0273229160142399,0.0182303858799378,0.0364154461485419,"provogd","provo"
"gpt2-xl",2,10,0.073628898952481,0.0540876297422437,0.0931701681627182,0.0269305586779689,0.0185470386275083,0.0353140787284296,"provogd","provo"
"gpt2-xl",3,10,0.0593380768518993,0.0426783844372244,0.0759977692665742,0.0204000773214828,0.0113081154038479,0.0294920392391177,"provogd","provo"
"gpt2-xl",4,10,0.0512759737725195,0.0344423552218586,0.0681095923231804,0.0164580647201147,0.00731784488081576,0.0255982845594137,"provogd","provo"
"gpt2-xl",5,10,0.0480164116905279,0.0332357362099179,0.0627970871711379,0.0151235849477248,0.00633549149862684,0.0239116783968227,"provogd","provo"
"gpt2-xl",6,10,0.0467949098163372,0.03294756471004,0.0606422549226344,0.0149978426561564,0.00648951596212918,0.0235061693501837,"provogd","provo"
"gpt2-xl",7,10,0.0457153312347853,0.0310497715056153,0.0603808909639553,0.0147682273274159,0.00556917468990901,0.0239672799649228,"provogd","provo"
"gpt2-xl",10,10,0.0459217533064532,0.0320143182980091,0.0598291883148974,0.0159041470392335,0.00613532904414428,0.0256729650343228,"provogd","provo"
"gpt2-xl",12,10,0.0447365581244509,0.0302451242744234,0.0592279919744783,0.0154484384957285,0.00576163274000708,0.0251352442514499,"provogd","provo"
"gpt2-xl",16,10,0.0473362976730085,0.0337759079626315,0.0608966873833855,0.0174071110804843,0.00854170502886978,0.0262725171320988,"provogd","provo"
"gpt2-xl",20,10,0.0494671536915978,0.035270366090232,0.0636639412929637,0.0187036343369148,0.0092329786386953,0.0281742900351342,"provogd","provo"
"gpt2-xl",25,10,0.0526407215310796,0.0356138862888724,0.0696675567732868,0.0211095303913571,0.00989654193455691,0.0323225188481573,"provogd","provo"
"gpt2-xl",32,10,0.0522608187317409,0.0347669472927727,0.0697546901707091,0.021703246137706,0.00999546056312604,0.0334110317122859,"provogd","provo"
"gpt2-xl",40,10,0.0520141440531415,0.0336714981429434,0.0703567899633396,0.0215907054443394,0.00909856761924605,0.0340828432694328,"provogd","provo"
"gpt2-xl",50,10,0.0529729658043628,0.0349067333737116,0.071039198235014,0.0225877706055449,0.00986977191202513,0.0353057692990647,"provogd","provo"
"gpt2-xl",64,10,0.0522914792944883,0.034509061412602,0.0700738971763745,0.0221932348752233,0.00954062215493921,0.0348458475955074,"provogd","provo"
"gpt2-xl",80,10,0.0523041512589064,0.0345661671407371,0.0700421353770757,0.0222016227490887,0.00955460609020209,0.0348486394079753,"provogd","provo"
"gpt2-xl",100,10,0.0523197809012833,0.0345801129460514,0.0700594488565152,0.0222132541714651,0.0095633001163663,0.0348632082265639,"provogd","provo"
"gpt2-xl",128,10,0.0523022496593209,0.0345413689485832,0.0700631303700585,0.0222012079166314,0.009537901373489,0.0348645144597738,"provogd","provo"
"gpt2-xl",160,10,0.0523271710781329,0.0345747795907859,0.07007956256548,0.0222175555594232,0.00955647232541262,0.0348786387934338,"provogd","provo"
"gpt2-xl",200,10,0.0523213561284413,0.0345868181894251,0.0700558940674574,0.0222177603953628,0.0095689557377114,0.0348665650530142,"provogd","provo"
"gpt2-xl",256,10,0.052302225894996,0.0345413653287612,0.0700630864612308,0.0222011904713017,0.00953790713193032,0.0348644738106731,"provogd","provo"
"gpt2-xl",320,10,0.052302225894996,0.0345413653287612,0.0700630864612308,0.0222011904713017,0.00953790713193032,0.0348644738106731,"provogd","provo"
"gpt2-xl",400,10,0.052292488867462,0.0345635671539424,0.0700214105809816,0.0221918105799268,0.00954850096210901,0.0348351201977447,"provogd","provo"
"gpt2-xl",512,10,0.0523022308980573,0.0345413708748598,0.0700630909212548,0.0222011923963497,0.00953790812435685,0.0348644766683426,"provogd","provo"
"gpt2-xl",640,10,0.0523022308980573,0.0345413708748598,0.0700630909212548,0.0222011923963497,0.00953790812435685,0.0348644766683426,"provogd","provo"
"gpt2-xl",800,10,0.0523249189408257,0.0345683408443849,0.0700814970372664,0.0222174809969962,0.00955777079587725,0.0348771911981151,"provogd","provo"
"gpt2-xl",1023,10,0.0523383889531584,0.0345853551931432,0.0700914227131736,0.0222235305279524,0.00956426969265168,0.034882791363253,"provogd","provo"
"gpt2",1,10,0.10874541489277,0.0687648972718032,0.148725932513736,0.0217863346212171,-0.000370778571738967,0.0439434478141732,"provotf","provo"
"gpt2",2,10,0.130448742189835,0.102499154739834,0.158398329639837,0.0510587355816035,0.0346774036037473,0.0674400675594597,"provotf","provo"
"gpt2",3,10,0.127378872198973,0.098468446907084,0.156289297490862,0.0549275787614151,0.0375766624994861,0.072278495023344,"provotf","provo"
"gpt2",4,10,0.117866551437673,0.0883778415193998,0.147355261355946,0.050883601262781,0.0311190597206129,0.0706481428049492,"provotf","provo"
"gpt2",5,10,0.118967151451532,0.09192949840736,0.146004804495703,0.0528836115784938,0.033703884930436,0.0720633382265516,"provotf","provo"
"gpt2",6,10,0.118233479850896,0.0910903030531978,0.145376656648595,0.0528216152548132,0.033239197855446,0.0724040326541803,"provotf","provo"
"gpt2",7,10,0.119126284981552,0.0898940723177105,0.148358497645393,0.0545013269578564,0.0342184797556729,0.0747841741600399,"provotf","provo"
"gpt2",10,10,0.124003717961927,0.0916828774231866,0.156324558500668,0.0590638886313685,0.0356276845890822,0.0825000926736549,"provotf","provo"
"gpt2",12,10,0.126619378053495,0.0934872672704972,0.159751488836492,0.0614809260658538,0.0372510049118019,0.0857108472199058,"provotf","provo"
"gpt2",16,10,0.130056466584015,0.0964110461496545,0.163701887018375,0.0643399315748797,0.0400081935303877,0.0886716696193717,"provotf","provo"
"gpt2",20,10,0.134495486361601,0.101365644554843,0.16762532816836,0.0681352622168221,0.0448038648582164,0.0914666595754278,"provotf","provo"
"gpt2",25,10,0.137343094066996,0.10243865730768,0.172247530826311,0.0709437056472505,0.0469797449197145,0.0949076663747865,"provotf","provo"
"gpt2",32,10,0.139267880761957,0.103854647446071,0.174681114077844,0.0732598582040771,0.0489289104684383,0.097590805939716,"provotf","provo"
"gpt2",40,10,0.141023549977486,0.103824410368479,0.178222689586493,0.0748980771387284,0.0486800273797967,0.10111612689766,"provotf","provo"
"gpt2",50,10,0.141925416008907,0.104242361583589,0.179608470434225,0.0760821394647864,0.0493919361949793,0.102772342734593,"provotf","provo"
"gpt2",64,10,0.14154018997729,0.103711129366627,0.179369250587953,0.0757664090320166,0.0489786943370278,0.102554123727006,"provotf","provo"
"gpt2",80,10,0.141531664137289,0.103733680607916,0.179329647666662,0.0757587476896686,0.048964708220811,0.102552787158526,"provotf","provo"
"gpt2",100,10,0.141261438680678,0.103527441192032,0.178995436169324,0.0755544908378686,0.0489193410718124,0.102189640603925,"provotf","provo"
"gpt2",128,10,0.141297518735412,0.103445937109312,0.179149100361513,0.0755761883211205,0.048814825922439,0.102337550719802,"provotf","provo"
"gpt2",160,10,0.141385123715305,0.103521203131667,0.179249044298943,0.0756630186607571,0.0488731051561421,0.102452932165372,"provotf","provo"
"gpt2",200,10,0.141488781657623,0.103653186785385,0.179324376529862,0.0757033105788671,0.0489275626894007,0.102479058468334,"provotf","provo"
"gpt2",256,10,0.141297519353589,0.103445937601913,0.179149101105266,0.0755761887362208,0.0488148261079414,0.1023375513645,"provotf","provo"
"gpt2",320,10,0.141297519353589,0.103445937601913,0.179149101105266,0.0755761887362208,0.0488148261079414,0.1023375513645,"provotf","provo"
"gpt2",400,10,0.141531664118108,0.10373368055724,0.179329647678975,0.0757587476472891,0.0489647081476296,0.102552787146949,"provotf","provo"
"gpt2",512,10,0.141297518613247,0.103445937310029,0.179149099916466,0.0755761881563083,0.0488148262101404,0.102337550102476,"provotf","provo"
"gpt2",640,10,0.141297518613247,0.103445937310029,0.179149099916466,0.0755761881563083,0.0488148262101404,0.102337550102476,"provotf","provo"
"gpt2",800,10,0.141385123714263,0.103521203211695,0.179249044216831,0.0756630186285383,0.0488731051960658,0.102452932061011,"provotf","provo"
"gpt2",1023,10,0.141473534465296,0.1036356462262,0.179311422704393,0.0757466645678765,0.0489942904704276,0.102499038665325,"provotf","provo"
"gpt2-large",1,10,0.131909306082767,0.0928982586477269,0.170920353517806,0.0470434686213418,0.0271730553966292,0.0669138818460544,"provotf","provo"
"gpt2-large",2,10,0.129178200133793,0.10289963813256,0.155456762135026,0.0523867587094587,0.0358364351958094,0.068937082223108,"provotf","provo"
"gpt2-large",3,10,0.11253937855482,0.0872492189917191,0.13782953811792,0.0460113360918103,0.0294546920454644,0.0625679801381562,"provotf","provo"
"gpt2-large",4,10,0.105323815648939,0.0806312005684495,0.130016430729428,0.0435898914219391,0.0244212954848252,0.0627584873590531,"provotf","provo"
"gpt2-large",5,10,0.106064730687622,0.0836257150235079,0.128503746351736,0.04543872920724,0.0262912024549017,0.0645862559595783,"provotf","provo"
"gpt2-large",6,10,0.106743805929884,0.0831266711771027,0.130360940682666,0.0473639493160624,0.0275919351836976,0.0671359634484271,"provotf","provo"
"gpt2-large",7,10,0.104094263566199,0.0789573986728589,0.129231128459539,0.046383150760245,0.0260842752734746,0.0666820262470154,"provotf","provo"
"gpt2-large",10,10,0.107065038435709,0.0770991337727818,0.137030943098636,0.050451588089432,0.0272611894984334,0.0736419866804306,"provotf","provo"
"gpt2-large",12,10,0.10741555983279,0.077431829942851,0.13739928972273,0.0512157362646639,0.0278879848465181,0.0745434876828097,"provotf","provo"
"gpt2-large",16,10,0.112323612890654,0.0833327408387259,0.141314484942582,0.0551879177524074,0.0321789717136038,0.078196863791211,"provotf","provo"
"gpt2-large",20,10,0.118034585098851,0.0903283808854969,0.145740789312205,0.060623919578216,0.0391133894245123,0.0821344497319197,"provotf","provo"
"gpt2-large",25,10,0.12034573833051,0.0902479790032564,0.150443497657765,0.0629540746046981,0.0405407171602104,0.0853674320491857,"provotf","provo"
"gpt2-large",32,10,0.12071304709618,0.0895423776386588,0.1518837165537,0.0644755917304118,0.0418172002835016,0.087133983177322,"provotf","provo"
"gpt2-large",40,10,0.122107434003877,0.0887090811207583,0.155505786886996,0.0656700205158912,0.0407378124030584,0.0906022286287241,"provotf","provo"
"gpt2-large",50,10,0.122123006228508,0.086920831239198,0.157325181217818,0.066177633397828,0.0398724665405388,0.0924828002551171,"provotf","provo"
"gpt2-large",64,10,0.121041801731737,0.0868454399182665,0.155238163545208,0.0655474302307562,0.0401642145492889,0.0909306459122235,"provotf","provo"
"gpt2-large",80,10,0.121084948229065,0.0870908326883083,0.155079063769822,0.0655757612132017,0.0402945873488279,0.0908569350775756,"provotf","provo"
"gpt2-large",100,10,0.121093140449977,0.087073909499759,0.155112371400196,0.0655784380590813,0.0402763221279503,0.0908805539902122,"provotf","provo"
"gpt2-large",128,10,0.121103311142053,0.0870643437640504,0.155142278520056,0.0655884668730932,0.0402776072564201,0.0908993264897663,"provotf","provo"
"gpt2-large",160,10,0.121070832201587,0.0870454649670675,0.155096199436106,0.0655667837918628,0.040262459798939,0.0908711077847866,"provotf","provo"
"gpt2-large",200,10,0.121050534556281,0.0870463182503331,0.155054750862229,0.065551818462065,0.0402670061463695,0.0908366307777605,"provotf","provo"
"gpt2-large",256,10,0.121103312113545,0.0870643446509852,0.155142279576104,0.0655884678793267,0.0402776082322867,0.0908993275263668,"provotf","provo"
"gpt2-large",320,10,0.121103312113545,0.0870643446509852,0.155142279576104,0.0655884678793267,0.0402776082322867,0.0908993275263668,"provotf","provo"
"gpt2-large",400,10,0.121104831033126,0.0871009772147122,0.15510868485154,0.0655891227167038,0.0402997310154325,0.0908785144179751,"provotf","provo"
"gpt2-large",512,10,0.121103311513399,0.087064343975525,0.155142279051273,0.065588467450636,0.0402776079912236,0.0908993269100483,"provotf","provo"
"gpt2-large",640,10,0.121103311513399,0.087064343975525,0.155142279051273,0.065588467450636,0.0402776079912236,0.0908993269100483,"provotf","provo"
"gpt2-large",800,10,0.121091093026149,0.0870535959698338,0.155128590082464,0.0655837631452001,0.0402685386436307,0.0908989876467695,"provotf","provo"
"gpt2-large",1023,10,0.121048887610252,0.0870563586027578,0.155041416617746,0.0655484171424362,0.0402606231961384,0.090836211088734,"provotf","provo"
"gpt2-medium",1,10,0.125836712834659,0.0859521813486724,0.165721244320646,0.0424178782455218,0.0201905808174019,0.0646451756736416,"provotf","provo"
"gpt2-medium",2,10,0.126314439001749,0.100097028285278,0.15253184971822,0.0494966299334365,0.0336404359113154,0.0653528239555575,"provotf","provo"
"gpt2-medium",3,10,0.119936920795101,0.0920840846125792,0.147789756977622,0.0504769740542706,0.0330431363866926,0.0679108117218485,"provotf","provo"
"gpt2-medium",4,10,0.112899803218545,0.082601257025645,0.143198349411446,0.0480674917332523,0.0264555783687707,0.0696794050977339,"provotf","provo"
"gpt2-medium",5,10,0.113004809480857,0.0856462151174926,0.140363403844222,0.0496066186585856,0.029381313089611,0.0698319242275601,"provotf","provo"
"gpt2-medium",6,10,0.111071165532987,0.0835611099144036,0.13858122115157,0.0495609699817219,0.0293086033800836,0.0698133365833601,"provotf","provo"
"gpt2-medium",7,10,0.110233365744007,0.0806791387859759,0.139787592702039,0.0499558882263099,0.0290616629834607,0.0708501134691591,"provotf","provo"
"gpt2-medium",10,10,0.110868770093249,0.0801375571061814,0.141599983080317,0.0525018144631349,0.0289846100509046,0.0760190188753651,"provotf","provo"
"gpt2-medium",12,10,0.111686681442831,0.0818785256158181,0.141494837269843,0.0535441842286599,0.0307586574996181,0.0763297109577017,"provotf","provo"
"gpt2-medium",16,10,0.114166886015875,0.0846581767335347,0.143675595298216,0.0560566649397976,0.0335445464938536,0.0785687833857415,"provotf","provo"
"gpt2-medium",20,10,0.120146126240447,0.0914958397801739,0.148796412700721,0.0613155721824666,0.041036187225001,0.0815949571399323,"provotf","provo"
"gpt2-medium",25,10,0.122213645384962,0.0916126873142739,0.15281460345565,0.0635371924405295,0.0431181478855731,0.0839562369954859,"provotf","provo"
"gpt2-medium",32,10,0.123879850550868,0.0917142323340008,0.156045468767735,0.0661835274648473,0.0446420806999713,0.0877249742297234,"provotf","provo"
"gpt2-medium",40,10,0.126032926589954,0.0928236873375165,0.159242165842391,0.0684023199337041,0.0455396404902642,0.091264999377144,"provotf","provo"
"gpt2-medium",50,10,0.126242928045689,0.0921247179474861,0.160361138143892,0.0691600767183771,0.0453003915719168,0.0930197618648374,"provotf","provo"
"gpt2-medium",64,10,0.125382249073562,0.0922523288036351,0.15851216934349,0.0685089474242673,0.0454368981292957,0.091580996719239,"provotf","provo"
"gpt2-medium",80,10,0.125267169297914,0.0920477749670415,0.158486563628787,0.0684190216939599,0.0452750217318117,0.091563021656108,"provotf","provo"
"gpt2-medium",100,10,0.125332438546168,0.092066015683528,0.158598861408809,0.0684286624780648,0.045385523504437,0.0914718014516927,"provotf","provo"
"gpt2-medium",128,10,0.125269916690959,0.0921532711435213,0.158386562238397,0.068389738227878,0.045344456008687,0.0914350204470691,"provotf","provo"
"gpt2-medium",160,10,0.125266128023616,0.0920107203052374,0.158521535741995,0.0684179088372826,0.0453200742205758,0.0915157434539895,"provotf","provo"
"gpt2-medium",200,10,0.125099530728423,0.0918467515569002,0.158352309899947,0.0682603763194706,0.0451953819627252,0.091325370676216,"provotf","provo"
"gpt2-medium",256,10,0.12526991672214,0.09215327116785,0.158386562276431,0.0683897382886536,0.0453444560455518,0.0914350205317553,"provotf","provo"
"gpt2-medium",320,10,0.12526991672214,0.09215327116785,0.158386562276431,0.0683897382886536,0.0453444560455518,0.0914350205317553,"provotf","provo"
"gpt2-medium",400,10,0.125267177403954,0.0920477840675006,0.158486570740408,0.0684190280125707,0.0452750297762752,0.0915630262488662,"provotf","provo"
"gpt2-medium",512,10,0.125269916738238,0.0921532711832775,0.158386562293199,0.0683897382620034,0.0453444560206962,0.0914350205033107,"provotf","provo"
"gpt2-medium",640,10,0.125269916738238,0.0921532711832775,0.158386562293199,0.0683897382620034,0.0453444560206962,0.0914350205033107,"provotf","provo"
"gpt2-medium",800,10,0.125266127931739,0.0920107204457602,0.158521535417717,0.0684179087440703,0.0453200743252287,0.091515743162912,"provotf","provo"
"gpt2-medium",1023,10,0.125368966162534,0.092198720365253,0.158539211959815,0.0684938461920413,0.0454758041988585,0.0915118881852241,"provotf","provo"
"gpt2-xl",1,10,0.131727992145249,0.0952748586973728,0.168181125593126,0.0467835875766783,0.0290495738062896,0.064517601347067,"provotf","provo"
"gpt2-xl",2,10,0.125460933901164,0.0986588837060311,0.152262984096298,0.0504212174523043,0.0346970813438418,0.0661453535607668,"provotf","provo"
"gpt2-xl",3,10,0.109836824575558,0.0848116284196278,0.134862020731489,0.0452331060242154,0.0287825942113647,0.061683617837066,"provotf","provo"
"gpt2-xl",4,10,0.101687082720218,0.0769054888478,0.126468676592637,0.0422062577364891,0.02423696069973,0.0601755547732481,"provotf","provo"
"gpt2-xl",5,10,0.101108376380528,0.078849619643375,0.123367133117682,0.0434046409953251,0.0251855695063866,0.0616237124842637,"provotf","provo"
"gpt2-xl",6,10,0.0985033848913321,0.0762012162844845,0.12080555349818,0.0427479412184949,0.024521117225333,0.0609747652116567,"provotf","provo"
"gpt2-xl",7,10,0.0989771295707075,0.0730962341327033,0.124858025008712,0.0442545886592014,0.0246654406981859,0.0638437366202169,"provotf","provo"
"gpt2-xl",10,10,0.098346153224745,0.0704372014734116,0.126255104976079,0.0460624829923431,0.0243381013360156,0.0677868646486706,"provotf","provo"
"gpt2-xl",12,10,0.0997059112614694,0.0708729073378242,0.128538915185115,0.0477845381585269,0.0255491788241552,0.0700198974928986,"provotf","provo"
"gpt2-xl",16,10,0.106811796271724,0.0786177792106168,0.135005813332831,0.0536585846209041,0.0318386666321343,0.0754785026096739,"provotf","provo"
"gpt2-xl",20,10,0.114041012721453,0.0861693333414449,0.141912692101462,0.0595337718025928,0.0381686906616858,0.0808988529434998,"provotf","provo"
"gpt2-xl",25,10,0.116836115303848,0.0875061304545769,0.146166100153119,0.0621675537289215,0.0410186435105019,0.0833164639473411,"provotf","provo"
"gpt2-xl",32,10,0.11673717903712,0.0864426051528889,0.147031752921352,0.0637646999061733,0.0417614939362706,0.085767905876076,"provotf","provo"
"gpt2-xl",40,10,0.118148058042142,0.085812849708565,0.150483266375719,0.0652077270891731,0.0414940709921804,0.0889213831861657,"provotf","provo"
"gpt2-xl",50,10,0.118068257384673,0.0853407736112148,0.150795741158131,0.0657584596429668,0.0419384657421982,0.0895784535437355,"provotf","provo"
"gpt2-xl",64,10,0.116703434883587,0.0851844879115895,0.148222381855584,0.0648477568758192,0.0422103248275568,0.0874851889240815,"provotf","provo"
"gpt2-xl",80,10,0.116582358818111,0.0851032676993481,0.148061449936873,0.0647534411032104,0.0421585747889291,0.0873483074174916,"provotf","provo"
"gpt2-xl",100,10,0.116606716611974,0.0851122453435863,0.148101187880361,0.0647735551403387,0.0421595023788397,0.0873876079018377,"provotf","provo"
"gpt2-xl",128,10,0.116575989177428,0.0850774340053628,0.148074544349494,0.0647521880490782,0.0421397719527825,0.0873646041453739,"provotf","provo"
"gpt2-xl",160,10,0.116599588865686,0.0851169339748424,0.14808224375653,0.0647696532149407,0.0421712102084952,0.0873680962213862,"provotf","provo"
"gpt2-xl",200,10,0.116613045575105,0.0851340253327172,0.148092065817493,0.0647860746982168,0.0421875639246225,0.0873845854718111,"provotf","provo"
"gpt2-xl",256,10,0.116575988912747,0.0850774321899503,0.148074545635545,0.0647521857481476,0.0421397748386068,0.0873645966576884,"provotf","provo"
"gpt2-xl",320,10,0.116575988912747,0.0850774321899503,0.148074545635545,0.0647521857481476,0.0421397748386068,0.0873645966576884,"provotf","provo"
"gpt2-xl",400,10,0.116581915520878,0.085118972321402,0.148044858720354,0.0647518306927561,0.0421672579513509,0.0873364034341612,"provotf","provo"
"gpt2-xl",512,10,0.116576006334818,0.0850774589029715,0.148074553766664,0.064752197097159,0.0421397927906381,0.0873646014036799,"provotf","provo"
"gpt2-xl",640,10,0.116576006334818,0.0850774589029715,0.148074553766664,0.064752197097159,0.0421397927906381,0.0873646014036799,"provotf","provo"
"gpt2-xl",800,10,0.116594577177372,0.0851055653278187,0.148083589026925,0.0647657997221518,0.0421624941897332,0.0873691052545704,"provotf","provo"
"gpt2-xl",1023,10,0.116608677792756,0.0851010861970534,0.148116269388458,0.0647691918673977,0.0421522949125898,0.0873860888222055,"provotf","provo"
