"model","context","mean_dll_orig","lower_orig","upper_orig","mean_dll_pron","lower_pron","upper_pron","mean_dll_pron_baseline","lower_pron_baseline","upper_pron_baseline","mean_dll_delta","lower_delta","upper_delta","mean_dll_delta_baseline","lower_delta_baseline","upper_delta_baseline","mean_dll_pron_diff","lower_pron_diff","upper_pron_diff","dataset"
"gpt2",1,0.0126490553610502,0.00707072947331136,0.0182273812487891,0.0131524403625029,0.00753393778532267,0.0187709429396832,0.012672840549934,0.00714628510186247,0.0181993959980055,-0.000503385001452736,-0.000782119831104445,-0.000224650171801026,-2.37851888837607e-05,-9.70431858181757e-05,4.94728080506543e-05,-0.000479599812568975,-0.000754664209758358,-0.000204535415379591,"ns_spr"
"gpt2",2,0.0153121689181298,0.00950445419112371,0.0211198836451359,0.0155771713375234,0.00972324707651538,0.0214310955985314,0.0150476677894334,0.00963423630495553,0.0204610992739113,-0.000265002419393555,-0.000910925012185654,0.000380920173398545,0.000264501128696382,-0.000379737403998803,0.000908739661391566,-0.000529503548089937,-0.00125367469600549,0.000194667599825617,"ns_spr"
"gpt2",3,0.0159545863085674,0.0120294740233304,0.0198796985938045,0.0153984007100539,0.0111544123363473,0.0196423890837605,0.015247642420286,0.0114725493674091,0.0190227354731628,0.000556185598513501,-0.000718310320853655,0.00183068151788066,0.000706943888281456,-0.000189088235423301,0.00160297601198621,-0.000150758289767955,-0.00174337741943801,0.0014418608399021,"ns_spr"
"gpt2",4,0.0162592431165028,0.0118481797776138,0.0206703064553918,0.0164742119519238,0.0115772264438177,0.02137119746003,0.0150917758907602,0.0109712042670466,0.0192123475144737,-0.000214968835421056,-0.00114343850425846,0.000713500833416351,0.00116746722574262,0.000258153235882939,0.0020767812156023,-0.00138243606116368,-0.00267846187510403,-8.64102472233211e-05,"ns_spr"
"gpt2",5,0.0173610486396302,0.0123790722213863,0.0223430250578741,0.0178485415736008,0.0124071670845137,0.0232899160626878,0.0157243280697077,0.0112233815947897,0.0202252745446256,-0.000487492933970581,-0.00176832927127082,0.000793343403329659,0.00163672056992253,0.000423798791891226,0.00284964234795384,-0.00212421350389311,-0.00338648953046117,-0.000861937477325057,"ns_spr"
"gpt2",6,0.0176022514823314,0.0125237794283589,0.0226807235363039,0.018102634210297,0.0127029658824332,0.0235023025381609,0.015909738652875,0.0111766145642903,0.0206428627414598,-0.00050038272796565,-0.0019208417866979,0.000920076330766596,0.00169251282945635,0.000149153503291126,0.00323587215562157,-0.002192895557422,-0.00348702711266826,-0.000898764002175735,"ns_spr"
"gpt2",7,0.0175771927250187,0.0124797467537867,0.0226746386962508,0.0179899858726003,0.0124897507734137,0.0234902209717868,0.0157944244471843,0.0111234326123963,0.0204654162819724,-0.000412793147581532,-0.00124154041683917,0.000415954121676108,0.00178276827783441,3.20343421605907e-05,0.00353350221350824,-0.00219556142541595,-0.00377640633188446,-0.000614716518947428,"ns_spr"
"gpt2",10,0.020369243116814,0.0143185602655352,0.026419925968093,0.0189055588046222,0.0132917236113297,0.0245193939979147,0.0177241551666667,0.0126157291088153,0.0228325812245181,0.00146368431219184,3.03018105595626e-05,0.00289706681382411,0.00264508795014737,0.00085308197123079,0.00443709392906396,-0.00118140363795554,-0.0024975095955832,0.000134702319672129,"ns_spr"
"gpt2",12,0.0206946044580212,0.0148857173687335,0.0265034915473088,0.018949162567155,0.0137223333815179,0.0241759917527922,0.017249308232358,0.012351503666211,0.022147112798505,0.00174544189086613,0.000235021926687046,0.00325586185504521,0.00344529622566314,0.00141777082102986,0.00547282163029643,-0.00169985433479702,-0.00304770227229834,-0.000352006397295686,"ns_spr"
"gpt2",16,0.0220128841246349,0.0157403001566679,0.028285468092602,0.0200274787779084,0.0142088067359455,0.0258461508198712,0.0193926040801545,0.0139162652500444,0.0248689429102647,0.00198540534672659,0.000256097163139744,0.00371471353031343,0.0026202800444804,0.000500779438748066,0.00473978065021274,-0.000634874697753814,-0.00184949305366364,0.000579743658156014,"ns_spr"
"gpt2",20,0.0244542957392864,0.0175186270803833,0.0313899643981895,0.020397429518988,0.014308271353955,0.0264865876840209,0.0206657927604102,0.0152492106671594,0.026082374853661,0.00405686622029842,0.00216762215500009,0.00594611028559675,0.00378850297887617,0.0012673793375116,0.00630962662024073,0.000268363241422251,-0.000967777942997614,0.00150450442584212,"ns_spr"
"gpt2",25,0.0282256119763133,0.0203784178142708,0.0360728061383557,0.0217727791019726,0.0146654583825127,0.0288800998214324,0.0224281739114908,0.016003885872943,0.0288524619500385,0.00645283287434067,0.00479214424212565,0.0081135215065557,0.00579743806482249,0.00297643380657779,0.00861844232306719,0.00065539480951818,-0.00144882064015954,0.0027596102591959,"ns_spr"
"gpt2",32,0.030662024455081,0.0217424957376253,0.0395815531725368,0.0204000628917033,0.0131789859980916,0.0276211397853151,0.0256851107538971,0.018543301084194,0.0328269204236002,0.0102619615633777,0.00714837149040101,0.0133755516363545,0.00497691370118395,0.00194133051048831,0.00801249689187958,0.00528504786219379,0.00331249303312822,0.00725760269125935,"ns_spr"
"gpt2",40,0.0314397828993706,0.0214557866292989,0.0414237791694424,0.0202683500343043,0.0133812233907605,0.0271554766778482,0.0271608767999702,0.0194710079683367,0.0348507456316037,0.0111714328650663,0.00697857249243065,0.015364293237702,0.00427890609940042,0.000959089001190844,0.00759872319760999,0.00689252676566588,0.00488347063026595,0.00890158290106582,"ns_spr"
"gpt2",50,0.0356188697641951,0.0245858319829191,0.046651907545471,0.0225364798975942,0.0154358417336174,0.029637118061571,0.0307324749356902,0.0218296949614487,0.0396352549099316,0.0130823898666009,0.00823581727801842,0.0179289624551833,0.00488639482850491,0.0016443108500124,0.00812847880699742,0.00819599503809597,0.00514077413818089,0.0112512159380111,"ns_spr"
"gpt2",64,0.0387148751070508,0.027131634101042,0.0502981161130595,0.0220844663950363,0.015336039653295,0.0288328931367776,0.0351757135825422,0.0251808278239535,0.0451705993411309,0.0166304087120145,0.0105582447232982,0.0227025727007307,0.0035391615245086,0.000685486601178141,0.00639283644783906,0.0130912471875059,0.00850302833760597,0.0176794660374058,"ns_spr"
"gpt2",80,0.0415345413982344,0.0293344885705166,0.0537345942259523,0.023146459252549,0.0163151418017433,0.0299777767033546,0.0380141328170975,0.0273235132260724,0.0487047524081225,0.0183880821456855,0.0115143449447602,0.0252618193466108,0.00352040858113696,0.000706165389484994,0.00633465177278893,0.0148676735645485,0.00928238218765533,0.0204529649414417,"ns_spr"
"gpt2",100,0.0439521162116537,0.032294665371763,0.0556095670515444,0.0239359084382646,0.0167948840815416,0.0310769327949876,0.0375836357234337,0.0272801194795756,0.0478871519672919,0.0200162077733891,0.0134212657391941,0.026611149807584,0.00636848048821995,0.00297332268380536,0.00976363829263454,0.0136477272851691,0.00796391152216138,0.0193315430481769,"ns_spr"
"gpt2",128,0.044562446448778,0.0325770915348496,0.0565478013627064,0.0245357938502646,0.0181471323425895,0.0309244553579397,0.0370689142698151,0.0259805423538568,0.0481572861857733,0.0200266525985134,0.0130890084523228,0.0269642967447041,0.00749353217896292,0.00453651227335273,0.0104505520845731,0.0125331204195505,0.00655639144840255,0.0185098493906984,"ns_spr"
"gpt2",160,0.0444333082448092,0.0323163881396765,0.056550228349942,0.025783037009216,0.0191133591588546,0.0324527148595773,0.0382444273790954,0.0272733407420448,0.0492155140161461,0.0186502712355933,0.0116734842628727,0.0256270582083139,0.00618888086571381,0.00357368440310303,0.00880407732832458,0.0124613903698795,0.0063093086249401,0.0186134721148188,"ns_spr"
"gpt2",200,0.046525895134988,0.0348976203658042,0.0581541699041718,0.0267317700841255,0.0196252078343684,0.0338383323338826,0.0392342144023162,0.0286781738859637,0.0497902549186688,0.0197941250508624,0.0130876712401985,0.0265005788615264,0.00729168073267173,0.00493407125401952,0.00964929021132393,0.0125024443181907,0.00656897093889804,0.0184359176974834,"ns_spr"
"gpt2",256,0.0463361326499271,0.0352721263944089,0.0574001389054452,0.0265590683880997,0.0197617122105233,0.0333564245656761,0.0394191166431629,0.0291223663119398,0.0497158669743859,0.0197770642618274,0.0139941329313714,0.0255599955922833,0.00691701600676421,0.00443597713007623,0.0093980548834522,0.0128600482550632,0.00729907501394938,0.0184210214961769,"ns_spr"
"gpt2",320,0.0461682423886782,0.0351218044113577,0.0572146803659987,0.0271007541555377,0.0199498686797603,0.034251639631315,0.0393099286214022,0.0291475599886112,0.0494722972541931,0.0190674882331405,0.0134584819562447,0.0246764945100364,0.00685831376727608,0.00405578968870961,0.00966083784584254,0.0122091744658645,0.0065645403607955,0.0178538085709334,"ns_spr"
"gpt2",400,0.0466030673570346,0.035426790416805,0.0577793442972643,0.0279451682645594,0.0204721026301677,0.0354182338989511,0.0395754657366316,0.0296197969204933,0.0495311345527698,0.0186578990924752,0.0132687502860994,0.0240470478988511,0.00702760162040303,0.00415376929889804,0.00990143394190803,0.0116302974720722,0.00631764153966211,0.0169429534044823,"ns_spr"
"gpt2",512,0.047372315863506,0.0365902270879681,0.0581544046390438,0.0277287609451708,0.0204701463225693,0.0349873755677724,0.0402263497534383,0.030424115374758,0.0500285841321186,0.0196435549183351,0.014197450650363,0.0250896591863072,0.00714596611006768,0.00433706381673726,0.0099548684033981,0.0124975888082674,0.00683620690067872,0.0181589707158561,"ns_spr"
"gpt2",640,0.0470802328299938,0.0366711918154824,0.0574892738445053,0.0283496404640414,0.0210381680734427,0.0356611128546402,0.040701844036904,0.0308640736193322,0.0505396144544759,0.0187305923659524,0.0137137829195565,0.0237474018123483,0.0063783887930898,0.00401660391941792,0.00874017366676169,0.0123522035728626,0.00670096781644165,0.0180034393292836,"ns_spr"
"gpt2",800,0.0473361185081569,0.0369287580213008,0.0577434789950129,0.0281618555420636,0.0209615290509259,0.0353621820332013,0.0405295395320429,0.0307268350226653,0.0503322440414205,0.0191742629660933,0.014167393042133,0.0241811328900535,0.00680657897611396,0.00425231398839948,0.00936084396382845,0.0123676839899793,0.00668818181336939,0.0180471861665892,"ns_spr"
"gpt2",1023,0.0469667935690734,0.0367199019199336,0.0572136852182133,0.0282247969736894,0.0209896058576797,0.035459988089699,0.0404095767385446,0.0307652864309691,0.0500538670461201,0.018741996595384,0.0138947574956746,0.0235892356950935,0.00655721683052884,0.00394569128214381,0.00916874237891386,0.0121847797648552,0.00652463039469892,0.0178449291350115,"ns_spr"
"gpt2-medium",1,0.00843759033473761,0.00292532595273618,0.013949854716739,0.00914221247000572,0.00350053246630994,0.0147838924737015,0.00845720299233271,0.00302905875462296,0.0138853472300425,-0.000704622135268107,-0.00113783137756232,-0.000271412892973892,-1.96126575950988e-05,-0.000149976059842082,0.000110750744651885,-0.000685009477673008,-0.0011223268011428,-0.000247692154203219,"ns_spr"
"gpt2-medium",2,0.0135008543794126,0.00922619705618872,0.0177755117026366,0.0140830350036068,0.00955220867691205,0.0186138613303015,0.0132470092548607,0.00917945500383365,0.0173145635058878,-0.000582180624194152,-0.00134956460878882,0.000185203360400516,0.00025384512455193,-0.000445763494056086,0.000953453743159946,-0.000836025748746082,-0.00172163018153931,4.95786840471422e-05,"ns_spr"
"gpt2-medium",3,0.0151744722906667,0.0116118617942149,0.0187370827871184,0.0146254382873157,0.0106588920196948,0.0185919845549366,0.0142362056232741,0.0110158729824892,0.017456538264059,0.000549034003350943,-0.000654668145463648,0.00175273615216553,0.000938266667392597,-0.000253644934526545,0.00213017826931174,-0.000389232664041655,-0.00209554021939438,0.00131707489131107,"ns_spr"
"gpt2-medium",4,0.0144358166566797,0.0101482960071428,0.0187233373062165,0.014650972840639,0.00978127263212869,0.0195206730491493,0.0131286237007953,0.00925803215642052,0.0169992152451701,-0.000215156183959357,-0.00138867963405151,0.0009583672661328,0.00130719295588435,0.000178568658420608,0.0024358172533481,-0.00152234913984371,-0.00315822897416501,0.000113530694477594,"ns_spr"
"gpt2-medium",5,0.0149565500035061,0.0106458018487631,0.0192672981582492,0.0151855715034872,0.0103417798561693,0.0200293631508051,0.0133165261478288,0.00937850668831426,0.0172545456073434,-0.000229021499981051,-0.00180876202038935,0.00135071902042725,0.00164002385567731,0.000414190825403666,0.00286585688595095,-0.00186904535565836,-0.00354267573632526,-0.000195414974991462,"ns_spr"
"gpt2-medium",6,0.0153353508675107,0.0102149266789648,0.0204557750560567,0.0154403679107331,0.0103562772764873,0.020524458544979,0.013323139417893,0.00874179598463036,0.0179044828511556,-0.000105017043222393,-0.00177018596383435,0.00156015187738956,0.00201221144961775,0.000440373374010429,0.00358404952522507,-0.00211722849284015,-0.00341710693421394,-0.000817350051466354,"ns_spr"
"gpt2-medium",7,0.0150110825028209,0.00999220659771655,0.0200299584079253,0.0145556062285934,0.00972080848007047,0.0193904039771164,0.0124994178548307,0.0079952749887489,0.0170035607209124,0.000455476274227478,-0.00110190790719485,0.00201286045564981,0.00251166464799025,0.000822801026199149,0.00420052826978134,-0.00205618837376277,-0.00364443927664862,-0.000467937470876913,"ns_spr"
"gpt2-medium",10,0.0170120881454561,0.0121778526050496,0.0218463236858627,0.0155257877049658,0.0108065332600959,0.0202450421498356,0.0143225523049969,0.010072418043026,0.0185726865669678,0.00148630044049038,0.000155429302382919,0.00281717157859784,0.00268953584045922,0.000996133846540104,0.00438293783437833,-0.00120323539996884,-0.00268790218699564,0.000281431387057965,"ns_spr"
"gpt2-medium",12,0.017945297374381,0.0132602540943929,0.0226303406543692,0.0165807804000991,0.0123046239705405,0.0208569368296578,0.0145962893210684,0.0104684755192922,0.0187241031228446,0.00136451697428192,0.000360472326745207,0.00236856162181864,0.00334900805331263,0.00161168134640189,0.00508633476022337,-0.00198449107903071,-0.00321993913911376,-0.00074904301894765,"ns_spr"
"gpt2-medium",16,0.0200866835863182,0.014238185234951,0.0259351819376854,0.0183357025366324,0.0128227089051567,0.0238486961681082,0.0168037512786351,0.0117697382393082,0.0218377643179619,0.00175098104968577,0.000425026575753214,0.00307693552361832,0.00328293230768314,0.000924549889304828,0.00564131472606144,-0.00153195125799737,-0.00326780445400622,0.00020390193801148,"ns_spr"
"gpt2-medium",20,0.022505853271864,0.0160238587816816,0.0289878477620464,0.0186201674318916,0.0126325134947422,0.024607821369041,0.0190598950675662,0.0137060557135347,0.0244137344215976,0.00388568583997244,0.00257662831006968,0.00519474336987521,0.00344595820429785,0.00107660733092503,0.00581530907767068,0.000439727635674591,-0.00121108895033381,0.002090544221683,"ns_spr"
"gpt2-medium",25,0.0266200454259701,0.0194789400328437,0.0337611508190965,0.0193143638647952,0.0129620503390167,0.0256666773905737,0.0213296547249579,0.0154045304694415,0.0272547789804742,0.00730568156117492,0.00548428236380811,0.00912708075854173,0.00529039070101222,0.00259583237991727,0.00798494902210717,0.0020152908601627,0.000237201697883285,0.00379338002244211,"ns_spr"
"gpt2-medium",32,0.0294857013691287,0.020967053943442,0.0380043487948154,0.0182932993422888,0.0117930413281455,0.024793557356432,0.0246457360229504,0.0179491779487272,0.0313422940971736,0.0111924020268399,0.00788411087688846,0.0145006931767914,0.00483996534617829,0.00128019693067364,0.00839973376168293,0.00635243668066164,0.00462328318788421,0.00808159017343908,"ns_spr"
"gpt2-medium",40,0.0302190026855221,0.0207551045262923,0.0396829008447519,0.0181582964206261,0.0122635718013617,0.0240530210398905,0.0257070598455245,0.0180183428337029,0.0333957768573461,0.012060706264896,0.00751947074919722,0.0166019417805948,0.00451194283999756,0.00107128757891057,0.00795259810108455,0.00754876342489843,0.0050066845940959,0.010090842255701,"ns_spr"
"gpt2-medium",50,0.0347350790262202,0.0243126673781375,0.045157490674303,0.0204684356299063,0.0140062214016455,0.026930649858167,0.0296065425249639,0.020835611812147,0.0383774732377807,0.014266643396314,0.00975791145335127,0.0187753753392767,0.00512853650125637,0.00139298255545442,0.00886409044705833,0.0091381068950576,0.00601518784337782,0.0122610259467374,"ns_spr"
"gpt2-medium",64,0.0375287903531802,0.0270035541001663,0.0480540266061942,0.0198797444590921,0.0142351980034597,0.0255242909147246,0.0341018625638823,0.0240965492680386,0.0441071758597261,0.0176490458940881,0.0122052307411657,0.0230928610470104,0.00342692778929792,-0.000578863647958397,0.00743271922655423,0.0142221181047902,0.00883995072155201,0.0196042854880283,"ns_spr"
"gpt2-medium",80,0.0400223616251625,0.0288293089008248,0.0512154143495001,0.0202896987625552,0.014407096358991,0.0261723011661195,0.0364635541694629,0.0257025047461285,0.0472246035927973,0.0197326628626072,0.0133340940730634,0.026131231652151,0.00355880745569954,-0.000501766316149936,0.00761938122754901,0.0161738554069077,0.0100478029560291,0.0222999078577863,"ns_spr"
"gpt2-medium",100,0.0426889221286051,0.0319704332879229,0.0534074109692873,0.0219491814969955,0.0158165729739644,0.0280817900200267,0.0368177455775585,0.0263923075869469,0.04724318356817,0.0207397406316096,0.0148927707260899,0.0265867105371292,0.00587117655104661,0.00117821925365707,0.0105641338484362,0.0148685640805629,0.00865822710719028,0.0210789010539356,"ns_spr"
"gpt2-medium",128,0.04311302510208,0.0321212697204678,0.0541047804836923,0.0217057608403202,0.0160512403887877,0.0273602812918526,0.0367221496967594,0.0256964150639064,0.0477478843296123,0.0214072642617599,0.0146235474232,0.0281909811003198,0.0063908754053207,0.00238411959580968,0.0103976312148317,0.0150163888564392,0.00770984341641216,0.0223229342964662,"ns_spr"
"gpt2-medium",160,0.0437484319396172,0.0326541611106188,0.0548427027686156,0.0234140772936495,0.0175087878146875,0.0293193667726116,0.0378761241976773,0.0268097229458609,0.0489425254494937,0.0203343546459677,0.0135193748705254,0.02714933442141,0.00587230774193987,0.00266827883420694,0.0090763366496728,0.0144620469040278,0.00750587263530762,0.0214182211727481,"ns_spr"
"gpt2-medium",200,0.0453445103368642,0.0346669653200891,0.0560220553536393,0.0240106309386923,0.0179060187932214,0.0301152430841632,0.0385646358248526,0.0278276174879382,0.0493016541617669,0.0213338793981719,0.0143493939648939,0.02831836483145,0.00677987451201164,0.00373039753128865,0.00982935149273462,0.0145540048861603,0.00767159591196975,0.0214364138603508,"ns_spr"
"gpt2-medium",256,0.0453860291143173,0.0349936427233616,0.0557784155052729,0.0237785722970129,0.018082662734811,0.0294744818592147,0.0384577193343947,0.0280169998483362,0.0488984388204531,0.0216074568173044,0.0154027513371307,0.027812162297478,0.0069283097799226,0.00342390961029696,0.0104327099495482,0.0146791470373818,0.00822703057260095,0.0211312635021626,"ns_spr"
"gpt2-medium",320,0.0453049181778932,0.0349598169692077,0.0556500193865787,0.0245377709624479,0.0184923790829428,0.0305831628419529,0.0386649145928167,0.0282436759520822,0.0490861532335511,0.0207671472154454,0.0146602024879041,0.0268740919429866,0.00664000358507656,0.00310790533175776,0.0101721018383954,0.0141271436303688,0.00748414600950505,0.0207701412512325,"ns_spr"
"gpt2-medium",400,0.0462833525392178,0.0358137656030878,0.0567529394753478,0.0251700938137353,0.0188702777903557,0.0314699098371148,0.038869117481359,0.0286245569128684,0.0491136780498496,0.0211132587254825,0.0152496651421705,0.0269768523087945,0.00741423505785877,0.00386978783157262,0.0109586822841449,0.0136990236676237,0.0072615549024388,0.0201364924328087,"ns_spr"
"gpt2-medium",512,0.0469947213922174,0.0369002586637068,0.057089184120728,0.0251253354724848,0.0191171503155419,0.0311335206294277,0.0394284726434879,0.0292126066168397,0.049644338670136,0.0218693859197326,0.0162437147595718,0.0274950570798934,0.00756624874872956,0.00421118201192674,0.0109213154855324,0.0143031371710031,0.00792603979921063,0.0206802345427955,"ns_spr"
"gpt2-medium",640,0.0468100948940871,0.0369281666421351,0.0566920231460391,0.0254287019131412,0.0194630877475096,0.0313943160787727,0.0398065463291648,0.029622210969022,0.0499908816893075,0.021381392980946,0.0160030639179702,0.0267597220439218,0.00700354856492236,0.00390129729697004,0.0101057998328747,0.0143778444160236,0.0080980926050367,0.0206575962270105,"ns_spr"
"gpt2-medium",800,0.0469833139348104,0.0371205373014921,0.0568460905681287,0.0252346330716996,0.0192949700482572,0.0311742960951421,0.0396364032584435,0.029674677768747,0.04959812874814,0.0217486808631108,0.0164229356029987,0.0270744261232229,0.00734691067636692,0.00407965389595032,0.0106141674567835,0.0144017701867439,0.00814111720577775,0.02066242316771,"ns_spr"
"gpt2-medium",1023,0.04613283957776,0.0362157341207365,0.0560499450347834,0.0253029999677703,0.0192455408207706,0.0313604591147699,0.0391984690905119,0.0291508235032931,0.0492461146777307,0.0208298396099897,0.0154839079000043,0.0261757713199751,0.00693437048724806,0.00344625801184582,0.0104224829626503,0.0138954691227416,0.00750161876558739,0.0202893194798958,"ns_spr"
"gpt2-large",1,0.0116672152652705,0.00446046709765865,0.0188739634328824,0.0121860015705794,0.00493012007943285,0.019441883061726,0.0117065722929971,0.00457878534021563,0.0188343592457786,-0.00051878630530894,-0.000830494281573625,-0.000207078329044255,-3.93570277266355e-05,-0.000159465504433608,8.07514489803374e-05,-0.000479429277582305,-0.000781598221262032,-0.000177260333902578,"ns_spr"
"gpt2-large",2,0.013621218903323,0.00909699983092141,0.0181454379757246,0.0142511941817093,0.00945737540895729,0.0190450129544613,0.0134307678456641,0.009084529780241,0.0177770059110872,-0.000629975278386269,-0.00127386596598146,1.39154092089256e-05,0.000190451057658898,-0.0004902484626975,0.000871150578015296,-0.000820426336045167,-0.00168167847893363,4.08258068432998e-05,"ns_spr"
"gpt2-large",3,0.0138579461673131,0.010094453791386,0.0176214385432401,0.0135720027072249,0.00935918243753276,0.0177848229769171,0.0130421114022403,0.00962188680831432,0.0164623359961663,0.000285943460088134,-0.000712910363248854,0.00128479728342512,0.000815834765072766,-0.000177506284851183,0.00180917581499671,-0.000529891304984632,-0.00203476217535741,0.000974979565388148,"ns_spr"
"gpt2-large",4,0.0118585722751038,0.00774207782461091,0.0159750667255967,0.0123633047469198,0.00756428477980985,0.0171623247140298,0.0106582437405919,0.00704619000548448,0.0142702974756993,-0.000504732471816036,-0.00155938014731032,0.000549915203678247,0.00120032853451192,0.000149173469297931,0.0022514835997259,-0.00170506100632795,-0.00329265823813013,-0.00011746377452577,"ns_spr"
"gpt2-large",5,0.0124678184612686,0.00825827452196911,0.0166773624005681,0.0125871850523198,0.00775458560022502,0.0174197845044145,0.0111230476918093,0.0073756050672985,0.01487049031632,-0.000119366591051194,-0.00128687694827469,0.0010481437661723,0.00134477076945933,0.0001561476553882,0.00253339388353046,-0.00146413736051052,-0.00289885623098781,-2.9418490033238e-05,"ns_spr"
"gpt2-large",6,0.0122788467122049,0.00778692511434194,0.0167707683100678,0.0127128862598168,0.0079739706051236,0.0174518019145099,0.0107307911813201,0.00662621510004585,0.0148353672625943,-0.000434039547611899,-0.00167678090767914,0.000808701812455342,0.00154805553088482,0.00011348996239088,0.00298262109937875,-0.00198209507849672,-0.00326974571140283,-0.0006944444455906,"ns_spr"
"gpt2-large",7,0.0129094861026541,0.00860017712877702,0.0172187950765312,0.0126207683251724,0.00802080961943626,0.0172207270309085,0.010764063647392,0.0067454093360056,0.0147827179587783,0.000288717777481724,-0.000808061013457539,0.00138549656842099,0.00214542245526214,0.000718531754902508,0.00357231315562177,-0.00185670467778042,-0.0032231615826853,-0.00049024777287553,"ns_spr"
"gpt2-large",10,0.0151220949159391,0.0108762987354687,0.0193678910964096,0.0140778311433697,0.00966478952843627,0.0184908727583032,0.0127441650416013,0.00887645772869596,0.0166118723545067,0.00104426377256939,-0.000117158626790132,0.00220568617192891,0.0023779298743378,0.00103279973755927,0.00372306001111633,-0.00133366610176841,-0.00279836536906759,0.000131033165530771,"ns_spr"
"gpt2-large",12,0.0158657584572805,0.0116221408215368,0.0201093760930242,0.0142403600726107,0.0103114412103763,0.0181692789348452,0.0128065843768127,0.00878844195681065,0.0168247267968147,0.00162539838466975,0.000534519970715491,0.002716276798624,0.00305917408046783,0.00167993819477555,0.00443840996616011,-0.00143377569579808,-0.00283912088021053,-2.84305113856301e-05,"ns_spr"
"gpt2-large",16,0.0168475167729967,0.0120782068361259,0.0216168267098674,0.0150521177712413,0.0103121273858719,0.0197921081566106,0.0140387722036952,0.0095394033712349,0.0185381410361556,0.0017953990017554,0.000202983326243404,0.0033878146772674,0.00280874456930141,0.00107603922556282,0.00454144991304,-0.00101334556754601,-0.00308979834629885,0.00106310721120683,"ns_spr"
"gpt2-large",20,0.019085005579972,0.0136111509001555,0.0245588602597884,0.0148861771049377,0.00950947124448003,0.0202628829653954,0.015836696838467,0.0109746192865166,0.0206987743904174,0.00419882847503425,0.00264245023787341,0.0057552067121951,0.00324830874150492,0.00105442710456063,0.00544219037844922,0.000950519733529327,-0.00154168070945086,0.00344272017650952,"ns_spr"
"gpt2-large",25,0.0229942620016172,0.0171261583064941,0.0288623656967404,0.0158618198101638,0.0101095518646229,0.0216140877557047,0.0182810410503477,0.0130766125279651,0.0234854695727304,0.0071324421914534,0.00546891581010469,0.00879596857280212,0.00471322095126949,0.002311857929372,0.00711458397316698,0.00241922124018392,-0.000327364172526601,0.00516580665289443,"ns_spr"
"gpt2-large",32,0.0255550178897627,0.0184468085578405,0.0326632272216849,0.0151414263515477,0.00891765772510305,0.0213651949779924,0.021132357257773,0.0151543385107316,0.0271103760048144,0.010413591538215,0.00767096919549976,0.0131562138809303,0.00442266063198976,0.00126092711889127,0.00758439414508825,0.00599093090622526,0.00332122252675282,0.00866063928569771,"ns_spr"
"gpt2-large",40,0.0264403834675917,0.0187433578437593,0.0341374090914241,0.0149924146469796,0.00965515072399642,0.0203296785699629,0.0217131566786123,0.0152596898800628,0.0281666234771618,0.0114479688206121,0.0076675331102979,0.0152284045309262,0.0047272267889794,0.00139181716731196,0.00806263641064683,0.00672074203163267,0.00357098635969649,0.00987049770356885,"ns_spr"
"gpt2-large",50,0.0308852406267939,0.0224104922630327,0.0393599889905551,0.0170530892213921,0.0114870437682661,0.0226191346745182,0.0258111516544842,0.0180640059654014,0.0335582973435669,0.0138321514054018,0.00982447075251191,0.0178398320582916,0.00507408897230974,0.00191434002777869,0.00823383791684078,0.00875806243309203,0.00498404220057958,0.0125320826656045,"ns_spr"
"gpt2-large",64,0.0331837293280158,0.0239755266098205,0.0423919320462111,0.016287187223035,0.0109226248692254,0.0216517495768446,0.0298711076036235,0.0214164490763845,0.0383257661308625,0.0168965421049808,0.0115826765662722,0.0222104076436895,0.00331262172439229,-3.72136510962428e-05,0.00666245709988082,0.0135839203805885,0.00859546154394908,0.018572379217228,"ns_spr"
"gpt2-large",80,0.0359138850851778,0.0264923913401379,0.0453353788302178,0.0172287678428642,0.0117351475929805,0.0227223880927478,0.0320361266547362,0.0234701448240582,0.0406021084854142,0.0186851172423137,0.0126959365834715,0.0246742979011559,0.00387775843044159,-5.48104804255095e-05,0.00781032734130869,0.0148073588118721,0.00941542594793509,0.0201992916758091,"ns_spr"
"gpt2-large",100,0.0386980999397588,0.0300501571518908,0.0473460427276267,0.0185285329297677,0.0130307139892605,0.0240263518702749,0.0327414254435589,0.0242076476467506,0.0412752032403672,0.0201695670099911,0.0146175504242738,0.0257215835957083,0.00595667449619988,0.00221536253963914,0.00969798645276062,0.0142128925137912,0.00820867124243004,0.0202171137851523,"ns_spr"
"gpt2-large",128,0.0398018377829439,0.0304145013578268,0.0491891742080611,0.0187313871579581,0.0139226483237402,0.0235401259921761,0.0324859868090695,0.0231714578266908,0.0418005157914482,0.0210704506249858,0.0142732391524529,0.0278676620975187,0.00731585097387446,0.00398369704009859,0.0106480049076503,0.0137545996511113,0.00688258182418023,0.0206266174780424,"ns_spr"
"gpt2-large",160,0.0396394511029222,0.0298309990324173,0.0494479031734271,0.0200018212331614,0.0149238055100367,0.025079836956286,0.0336335936083277,0.024352341732098,0.0429148454845573,0.0196376298697608,0.0128252684083088,0.0264499913312128,0.00600585749459451,0.0030766153322164,0.00893509965697261,0.0136317723751663,0.00706283276975113,0.0202007119805815,"ns_spr"
"gpt2-large",200,0.0412115219376661,0.0317405369664943,0.0506825069088379,0.0204238765829259,0.0154650631301215,0.0253826900357302,0.0340141179745682,0.0249884656281109,0.0430397703210254,0.0207876453547402,0.0137600888101601,0.0278152018993204,0.00719740396309792,0.00409049728749801,0.0103043106386978,0.0135902413916423,0.006976100831924,0.0202043819513606,"ns_spr"
"gpt2-large",256,0.0412599189884044,0.0318823998632569,0.0506374381135519,0.0206084008301597,0.0158471059307207,0.0253696957295987,0.0345181398096634,0.0257021944531433,0.0433340851661835,0.0206515181582447,0.0143148796246992,0.0269881566917902,0.00674177917874099,0.00311165434718543,0.0103719040102966,0.0139097389795037,0.00776546948551605,0.0200540084734913,"ns_spr"
"gpt2-large",320,0.0413415239419177,0.0321215526239929,0.0505614952598426,0.0211921040965596,0.016196167169659,0.0261880410234603,0.0341878415041346,0.0253692251367369,0.0430064578715323,0.0201494198453581,0.0139748042911148,0.0263240353996014,0.00715368243778314,0.00368580554001089,0.0106215593355554,0.012995737407575,0.00674524118307066,0.0192462336320793,"ns_spr"
"gpt2-large",400,0.0419301164230812,0.0326733842348758,0.0511868486112867,0.0215816382222197,0.0165119583493505,0.0266513180950889,0.0345902961015612,0.0259400141798738,0.0432405780232486,0.0203484782008615,0.0142372973561821,0.026459659045541,0.00733982032152003,0.00386484058495323,0.0108148000580868,0.0130086578793415,0.00700601279931204,0.019011302959371,"ns_spr"
"gpt2-large",512,0.0429391144609089,0.0338110285651498,0.0520672003566681,0.0216285167801779,0.0165275030220009,0.0267295305383549,0.0351558643200607,0.0267664254723465,0.0435453031677749,0.0213105976807311,0.0152037951959957,0.0274174001654664,0.00778325014084827,0.00453816216615257,0.011028338115544,0.0135273475398828,0.00774009879448997,0.0193145962852756,"ns_spr"
"gpt2-large",640,0.0425319414274324,0.0336343426424807,0.0514295402123841,0.0219684041045439,0.0168607240106757,0.027076084198412,0.035072052140121,0.0268111255616942,0.0433329787185477,0.0205635373228885,0.0147966373745261,0.026330437271251,0.00745988928731146,0.00463980102777023,0.0102799775468527,0.0131036480355771,0.00736673750811049,0.0188405585630437,"ns_spr"
"gpt2-large",800,0.0427013053040181,0.0337769690344069,0.0516256415736293,0.0218839584002707,0.0167417492954714,0.02702616750507,0.0351582322903265,0.0269652917214316,0.0433511728592214,0.0208173469037473,0.0150379672707798,0.0265967265367149,0.00754307301369156,0.00452958332540977,0.0105565627019734,0.0132742738900558,0.00744931173374458,0.019099236046367,"ns_spr"
"gpt2-large",1023,0.0422124510957955,0.0332726595959127,0.0511522425956783,0.0219905669986975,0.0168206307382223,0.0271605032591728,0.0348719895730991,0.0265099928942635,0.0432339862519346,0.020221884097098,0.0145177610268512,0.0259260071673447,0.00734046152269647,0.004202801567245,0.0104781214781479,0.0128814225744015,0.00695714533548729,0.0188056998133158,"ns_spr"
"gpt2-xl",1,0.0119520652441125,0.00522420624568584,0.0186799242425391,0.0125852206185673,0.00578546429163557,0.0193849769454991,0.0119402204660545,0.005290405334738,0.0185900355973709,-0.00063315537445488,-0.00096222076857627,-0.00030408998033349,1.18447780579977e-05,-0.000115873136949325,0.00013956269306532,-0.000645000152512878,-0.000967718402842042,-0.000322281902183713,"ns_spr"
"gpt2-xl",2,0.0131179854972457,0.00798850432930632,0.018247466665185,0.0138016214712294,0.00846335771518085,0.0191398852272779,0.0129235954248911,0.00800533256886231,0.0178418582809199,-0.000683635973983686,-0.00130006861643127,-6.72033315360967e-05,0.000194390072354585,-0.000471505961916682,0.000860286106625852,-0.000878026046338271,-0.00175112523365081,-4.92685902573698e-06,"ns_spr"
"gpt2-xl",3,0.0151569589861007,0.0110398569336144,0.0192740610385869,0.0148855468518187,0.0100936316310817,0.0196774620725557,0.0144049852803776,0.0107865373664624,0.0180234331942929,0.00027141213428196,-0.000875133312965102,0.00141795758152902,0.000751973705723055,-0.000368740456613816,0.00187268786805993,-0.000480561571441095,-0.00229664753850298,0.00133552439562079,"ns_spr"
"gpt2-xl",4,0.011705420146758,0.00782806266447576,0.0155827776290403,0.0122663734113,0.00775936602020664,0.0167733808023935,0.0105782489673691,0.0071977227682056,0.0139587751665326,-0.00056095326454204,-0.00152750842893487,0.00040560189985079,0.00112717117938893,4.73433783076686e-05,0.00220699898047018,-0.00168812444393097,-0.00342929312547303,5.30442376110974e-05,"ns_spr"
"gpt2-xl",5,0.0121433968135143,0.00851388122137058,0.015772912405658,0.0127260957915524,0.0084893142910194,0.0169628772920854,0.0108488532449238,0.00755096653756901,0.0141467399522786,-0.00058269897803811,-0.00181816749041618,0.00065276953433996,0.00129454356859047,1.79170494503294e-05,0.00257117008773062,-0.00187724254662858,-0.00335736187725528,-0.00039712321600189,"ns_spr"
"gpt2-xl",6,0.0119314417429274,0.00743249047359751,0.0164303930122573,0.0118698431243774,0.0073428006105501,0.0163968856382048,0.0104793595955141,0.00626877012744295,0.0146899490635852,6.159861854995e-05,-0.00143080331042902,0.00155400054752892,0.0014520821474133,6.83929159911185e-05,0.00283577137883548,-0.00139048352886335,-0.00257872560660698,-0.000202241451119723,"ns_spr"
"gpt2-xl",7,0.0119749308772301,0.00780308268528047,0.0161467790691797,0.0117093415264922,0.00736648094857357,0.0160522021044108,0.00986423866844487,0.00609564445469359,0.0136328328821961,0.000265589350737871,-0.000863778054871038,0.00139495675634678,0.0021106922087852,0.000708487450996879,0.00351289696657352,-0.00184510285804733,-0.00319288138505553,-0.000497324331039134,"ns_spr"
"gpt2-xl",10,0.0138537736364064,0.0093112849991986,0.0183962622736142,0.0133773452406602,0.0085939364287853,0.0181607540525351,0.0118187477119775,0.00769925570208055,0.0159382397218745,0.000476428395746182,-0.000616087524386715,0.00156894431587908,0.00203502592442888,0.00061832293617578,0.00345172891268198,-0.0015585975286827,-0.00305453312734073,-6.26619300246668e-05,"ns_spr"
"gpt2-xl",12,0.0148255456638676,0.0104313886290892,0.019219702698646,0.0139445767501477,0.00979943817286772,0.0180897153274277,0.0121409670471818,0.00785916202555547,0.0164227720688082,0.000880968913719888,7.89394945549178e-05,0.00168299833288486,0.00268457861668575,0.00128421253849482,0.00408494469487668,-0.00180360970296586,-0.00307596296301676,-0.00053125644291496,"ns_spr"
"gpt2-xl",16,0.0155726971799089,0.0109726688272462,0.0201727255325717,0.0144251830937453,0.0097259985788608,0.0191243676086298,0.0131813285405369,0.00873488076403568,0.0176277763170381,0.00114751408616362,-0.000375645178378734,0.00267067335070597,0.00239136863937205,0.00088993465078654,0.00389280262795757,-0.00124385455320844,-0.00297358277518127,0.000485873668764395,"ns_spr"
"gpt2-xl",20,0.0178009548826403,0.0127749086870475,0.0228270010782331,0.0147373394358324,0.00975142796687503,0.0197232509047898,0.0148769380307152,0.0101930799021822,0.0195607961592481,0.00306361544680784,0.00151286464647978,0.00461436624713591,0.00292401685192508,0.00120687814688859,0.00464115555696158,0.000139598594882757,-0.00222665131440038,0.00250584850416589,"ns_spr"
"gpt2-xl",25,0.0212201659316569,0.0158719572871481,0.0265683745761657,0.0153922885161731,0.0102986721781349,0.0204859048542113,0.017358079145787,0.0123677768180505,0.0223483814735235,0.0058278774154838,0.00361614466425053,0.00803961016671708,0.00386208678586989,0.00172258769286775,0.00600158587887203,0.00196579062961392,-0.00117299195221663,0.00510457321144446,"ns_spr"
"gpt2-xl",32,0.0236340962437645,0.0173405947598865,0.0299275977276425,0.0143956018022381,0.00909381289501357,0.0196973907094626,0.0200872704424522,0.0145963468771557,0.0255781940077487,0.00923849444152639,0.00658745990367837,0.0118895289793744,0.00354682580131227,0.00104696225494418,0.00604668934768037,0.00569166864021412,0.00304537875041395,0.00833795853001429,"ns_spr"
"gpt2-xl",40,0.0243422715598397,0.0178007256180993,0.0308838175015801,0.0141055334884057,0.00942367386739566,0.0187873931094157,0.0209489617065676,0.0150431342632499,0.0268547891498853,0.010236738071434,0.00680167543158589,0.0136718007112822,0.00339330985327212,0.000686297957354702,0.00610032174918954,0.0068434282181619,0.00337249226366415,0.0103143641726596,"ns_spr"
"gpt2-xl",50,0.028057872594636,0.0208507316901638,0.0352650134991082,0.0164559942190057,0.0115883798477548,0.0213236085902567,0.0236812263864134,0.0166951374553879,0.0306673153174388,0.0116018783756303,0.0074986700450654,0.0157050867061951,0.00437664620822263,0.0018173537551957,0.00693593866124956,0.00722523216740764,0.00233149947754465,0.0121189648572706,"ns_spr"
"gpt2-xl",64,0.0307141229062634,0.0228644597349393,0.0385637860775875,0.0157546653408913,0.0109365372736979,0.0205727934080848,0.0283706098288675,0.0203389537638216,0.0364022658939134,0.0149594575653721,0.00981103226566254,0.0201078828650816,0.00234351307739593,-0.000302719382921846,0.0049897455377137,0.0126159444879761,0.00667860268862086,0.0185532862873314,"ns_spr"
"gpt2-xl",80,0.0329293249192848,0.024666346485233,0.0411923033533367,0.0167550365635066,0.0116961146115831,0.0218139585154302,0.030243330965435,0.0222497389072051,0.0382369230236648,0.0161742883557782,0.00993925145989282,0.0224093252516635,0.00268599395384985,-0.000436443979316068,0.00580843188701577,0.0134882944019283,0.00693242857241742,0.0200441602314393,"ns_spr"
"gpt2-xl",100,0.0343639500066138,0.0271006149404657,0.0416272850727619,0.0175477311750561,0.0126106841691853,0.0224847781809269,0.0300716760812016,0.0222793601274248,0.0378639920349784,0.0168162188315577,0.0116172039868193,0.0220152336762961,0.00429227392541219,0.0010646713930693,0.00751987645775508,0.0125239449061455,0.00591991869995615,0.0191279711123349,"ns_spr"
"gpt2-xl",128,0.0352313389469272,0.0272316202674725,0.043231057626382,0.0176505635477012,0.0134370232069146,0.0218641038884879,0.0298258581199581,0.021224218753099,0.0384274974868171,0.017580775399226,0.0111285377402939,0.0240330130581581,0.00540548082696915,0.00272231493832261,0.0080886467156157,0.0121752945722568,0.00490138676248522,0.0194492023820284,"ns_spr"
"gpt2-xl",160,0.035409192549816,0.0265819926402888,0.0442363924593432,0.018948178504517,0.0146248227046033,0.0232715343044307,0.0308452119893588,0.0221718688814104,0.0395185550973072,0.016461014045299,0.00944384809208962,0.0234781799985083,0.00456398056045717,0.00197689251286449,0.00715106860804986,0.0118970334848418,0.00463474101504141,0.0191593259546422,"ns_spr"
"gpt2-xl",200,0.0364530302275549,0.0279645653796619,0.0449414950754478,0.0191230559269811,0.015076096384808,0.0231700154691543,0.0314766919417458,0.0231441103525262,0.0398092735309655,0.0173299743005737,0.009948610870752,0.0247113377303954,0.00497633828580902,0.00232889559411789,0.00762378097750014,0.0123536360147647,0.00501060324163778,0.0196966687878916,"ns_spr"
"gpt2-xl",256,0.036459857127736,0.0281913463339896,0.0447283679214825,0.019156640415487,0.0154761235833697,0.0228371572476043,0.0316670516932574,0.0237650803435063,0.0395690230430086,0.0173032167122491,0.0107316274839889,0.0238748059405093,0.0047928054344786,0.00196732658569573,0.00761828428326146,0.0125104112777705,0.00586329277426337,0.0191575297812776,"ns_spr"
"gpt2-xl",320,0.0364748921417708,0.0281498888650375,0.0447998954185042,0.0199106165848975,0.0160885165574284,0.0237327166123665,0.0315764473830097,0.0233845984772074,0.0397682962888121,0.0165642755568734,0.00983967309260424,0.0232888780211425,0.00489844475876107,0.00200132608109726,0.00779556343642488,0.0116658307981123,0.00458110511954699,0.0187505564766776,"ns_spr"
"gpt2-xl",400,0.037089732221155,0.0286593102999984,0.0455201541423115,0.020415075373426,0.0164602963809785,0.0243698543658736,0.0318593448507882,0.0236715913990548,0.0400470983025215,0.0166746568477289,0.0101844568520448,0.023164856843413,0.00523038737036678,0.0022999556084189,0.00816081913231466,0.0114442694773621,0.00472657789265108,0.0181619610620732,"ns_spr"
"gpt2-xl",512,0.0378062523720096,0.0293108766725355,0.0463016280714837,0.0205700087212382,0.0166940735233174,0.024445943919159,0.0322140301692319,0.0241869736879473,0.0402410866505165,0.0172362436507714,0.0105486466468521,0.0239238406546906,0.00559222220277767,0.00292555906133029,0.00825888534422505,0.0116440214479937,0.00492801307722291,0.0183600298187645,"ns_spr"
"gpt2-xl",640,0.037473713986264,0.0291589525474278,0.0457884754251003,0.020791840053961,0.0168696913194992,0.0247139887884228,0.0325151505180867,0.0244022221883303,0.0406280788478431,0.0166818739323031,0.0102388124886101,0.0231249353759961,0.00495856346817733,0.00254332183198385,0.00737380510437081,0.0117233104641257,0.00485545045903284,0.0185911704692187,"ns_spr"
"gpt2-xl",800,0.0375591536049742,0.0293017243572795,0.0458165828526689,0.0204286680798733,0.0163578386295227,0.0244994975302239,0.0324176779999628,0.0243354481504498,0.0404999078494758,0.0171304855251009,0.0107438240324055,0.0235171470177962,0.00514147560501139,0.0026624900187413,0.00762046119128148,0.0119890099200895,0.00509273306234677,0.0188852867778322,"ns_spr"
"gpt2-xl",1023,0.0370896238734,0.028759978335511,0.0454192694112889,0.0203211395463869,0.0161562524923363,0.0244860266004375,0.0321048114141684,0.0239909349554616,0.0402186878728751,0.0167684843270131,0.0104868470777179,0.0230501215763082,0.0049848124592316,0.00233456435620556,0.00763506056225765,0.0117836718677815,0.00495491190865276,0.0186124318269102,"ns_spr"
"gpt2",1,0.0126394868647935,0.00816511489725309,0.0171138588323339,0.0125247091672147,0.00809237373637574,0.0169570445980536,0.0125721819153411,0.00812009165499697,0.0170242721756853,0.000114777697578804,-0.00018248302395199,0.000412038419109597,6.73049494523501e-05,-4.895896624098e-05,0.00018356886514568,4.74727481264534e-05,-0.000217637112446235,0.000312582608699141,"ns_maze"
"gpt2",2,0.0351409285362769,0.0284966040812481,0.0417852529913057,0.0347366353668018,0.0291433038759582,0.0403299668576453,0.034345535643594,0.0277089522998277,0.0409821189873604,0.000404293169475157,-0.00109628552079839,0.00190487185974871,0.0007953928926829,-0.000427194892207106,0.00201798067757291,-0.000391099723207744,-0.00209621604726134,0.00131401660084586,"ns_maze"
"gpt2",3,0.041304101106365,0.0347731771528933,0.0478350250598367,0.040350028866491,0.0348868589444165,0.0458131987885655,0.0407445397679951,0.0349851743675492,0.0465039051684411,0.000954072239874028,-0.000561249526410775,0.00246939400615883,0.000559561338369872,-0.0013629146256733,0.00248203730241305,0.000394510901504156,-0.00156454120471533,0.00235356300772364,"ns_maze"
"gpt2",4,0.0461785292095712,0.0389277447477742,0.0534293136713682,0.0446822684891574,0.038161015747822,0.0512035212304927,0.044630324071622,0.0379315479819542,0.0513291001612898,0.00149626072041386,-4.38933798200764e-05,0.00303641482064779,0.00154820513794921,-0.000263734038371724,0.00336014431427014,-5.19444175353476e-05,-0.0022585698354193,0.00215468100034861,"ns_maze"
"gpt2",5,0.0513426850843282,0.0431374042486366,0.0595479659200198,0.0485169719547086,0.0406710171444646,0.0563629267649525,0.0497577610978937,0.0424062532406378,0.0571092689551497,0.00282571312961967,0.000925484504532993,0.00472594175470635,0.00158492398643449,-0.000588421834250964,0.00375826980711994,0.00124078914318519,-0.00126330237668448,0.00374488066305485,"ns_maze"
"gpt2",6,0.0538020641028747,0.0449410902883183,0.0626630379174311,0.0506222522802789,0.0420852763579997,0.059159228202558,0.0519204956794217,0.0445791585009812,0.0592618328578622,0.00317981182259581,0.00161668060161056,0.00474294304358106,0.00188156842345292,-0.000853108294816566,0.00461624514172241,0.00129824339914289,-0.00108666025506922,0.00368314705335499,"ns_maze"
"gpt2",7,0.0553026353841297,0.0446042286535439,0.0660010421147155,0.0508256046760334,0.0416427675318478,0.060008441820219,0.0538575902675634,0.0449422927021582,0.0627728878329686,0.00447703070809632,0.00173806281996462,0.00721599859622803,0.0014450451165663,-0.00136504313505147,0.00425513336818407,0.00303198559153002,0.000998109868001111,0.00506586131505894,"ns_maze"
"gpt2",10,0.05974985086156,0.0473595557537639,0.0721401459693562,0.0551878396229304,0.0446634880345579,0.0657121912113028,0.057823898469165,0.0481139609180726,0.0675338360202575,0.00456201123862967,0.00146922199835977,0.00765480047889956,0.00192595239239499,-0.00229354098677725,0.00614544577156723,0.00263605884623468,-0.000487638623857287,0.00575975631632664,"ns_maze"
"gpt2",12,0.0621077979343325,0.0490471937690703,0.0751684020995946,0.0573075754310471,0.0465662986491827,0.0680488522129115,0.0598144407050023,0.0491463316199916,0.0704825497900131,0.00480022250328541,0.000747665746158194,0.00885277926041262,0.00229335722933016,-0.00141918678663272,0.00600590124529304,0.00250686527395525,-0.00129937154416058,0.00631310209207107,"ns_maze"
"gpt2",16,0.0698022496033444,0.0558315373333798,0.0837729618733091,0.0608685254867094,0.0495490798636114,0.0721879711098074,0.0648656675964555,0.0544792004131422,0.0752521347797688,0.00893372411663503,0.0043941030397755,0.0134733451934946,0.00493658200688889,-7.70272510221921e-05,0.00995019126479997,0.00399714210974614,6.79840414305353e-05,0.00792630017806175,"ns_maze"
"gpt2",20,0.0727613253955165,0.0594259596863281,0.0860966911047048,0.0621361359268093,0.0509230231555311,0.0733492486980875,0.067672100566543,0.0573554443082752,0.0779887568248109,0.0106251894687072,0.00724095756579285,0.0140094213716215,0.00508922482897342,0.000505814435930881,0.00967263522201596,0.00553596463973374,0.00239047036896172,0.00868145891050576,"ns_maze"
"gpt2",25,0.0771986772041557,0.0643144284516242,0.0900829259566872,0.0634201804412874,0.0525661537971764,0.0742742070853984,0.06924716097565,0.0591905218059945,0.0793038001453054,0.0137784967628683,0.00952331952900904,0.0180336739967276,0.00795151622850574,0.00331210497156189,0.0125909274854496,0.00582698053436256,0.00319511967101635,0.00845884139770878,"ns_maze"
"gpt2",32,0.0799552215572057,0.0663305576979986,0.0935798854164128,0.0639788090461034,0.0522562803135423,0.0757013377786644,0.0734808048594519,0.0636546663553812,0.0833069433635226,0.0159764125111023,0.0103372016260711,0.0216156233961336,0.00647441669775378,0.00206515722499686,0.0108836761705107,0.00950199581334856,0.00495556030557276,0.0140484313211244,"ns_maze"
"gpt2",40,0.0847314607530215,0.0708359327663035,0.0986269887397395,0.0654365368445214,0.0548042067937663,0.0760688668952766,0.0768807891250375,0.0677405599160902,0.0860210183339847,0.0192949239085001,0.0139995611262381,0.0245902866907621,0.00785067162798408,0.00279387910353187,0.0129074641524363,0.011444252280516,0.00776023716555787,0.0151282673954742,"ns_maze"
"gpt2",50,0.0888123768230837,0.0750340671606422,0.102590686485525,0.0680431243176641,0.0563439625362416,0.0797422860990865,0.0812480338384401,0.0709961822444939,0.0914998854323864,0.0207692525054197,0.0156685739722937,0.0258699310385456,0.00756434298464359,0.0037220565008434,0.0114066294684438,0.0132049095207761,0.00884013053131903,0.0175696885102331,"ns_maze"
"gpt2",64,0.0923473932458886,0.0783123915575977,0.106382394934179,0.0698899033360482,0.05878580376089,0.0809940029112064,0.0866720700037927,0.0768497735779131,0.0964943664296724,0.0224574899098404,0.0154407399066428,0.029474239913038,0.00567532324209586,-4.09109933808714e-05,0.0113915574775726,0.0167821666677445,0.010448455288796,0.0231158780466931,"ns_maze"
"gpt2",80,0.0953183485138214,0.080815509992206,0.109821187035437,0.0710454463976228,0.0596251517064264,0.0824657410888191,0.0897145655455561,0.0800404246780718,0.0993887064130404,0.0242729021161986,0.0174997954637602,0.0310460087686371,0.00560378296826529,-0.00148870298428204,0.0126962689208126,0.0186691191479333,0.0120391889870615,0.0252990493088052,"ns_maze"
"gpt2",100,0.100228448283641,0.0865754554500432,0.113881441117239,0.0729588724281258,0.0616680485462799,0.0842496963099717,0.0931613527545409,0.0831636259600547,0.103159079549027,0.0272695758555152,0.020330746234705,0.0342084054763255,0.00706709552910008,0.000943546719189329,0.0131906443390108,0.0202024803264151,0.0138018413046359,0.0266031193481944,"ns_maze"
"gpt2",128,0.10295773544172,0.089450400619655,0.116465070263785,0.0726350654874869,0.0613373383420188,0.0839327926329549,0.0947838144007217,0.0845106508297471,0.105056977971696,0.0303226699542333,0.0237656915586149,0.0368796483498517,0.00817392104099842,0.00229401668769531,0.0140538253943015,0.0221487489132348,0.0155998928725341,0.0286976049539355,"ns_maze"
"gpt2",160,0.10485426328753,0.0914670444926312,0.11824148208243,0.0757573911086307,0.0637650604363004,0.087749721780961,0.0967391491641838,0.0867822396961167,0.106696058632251,0.0290968721788997,0.0222731317628315,0.0359206125949679,0.00811511412334665,0.00210052699346893,0.0141297012532244,0.0209817580555531,0.0133735136131003,0.0285900024980058,"ns_maze"
"gpt2",200,0.107645501472819,0.0932984493850385,0.1219925535606,0.0770343017995367,0.0650631470700473,0.0890054565290261,0.098252966336933,0.0879859853634294,0.108519947310437,0.0306111996732827,0.022517997664137,0.0387044016824284,0.0093925351358864,0.00220500099013548,0.0165800692816373,0.0212186645373963,0.0132399341409252,0.0291973949338674,"ns_maze"
"gpt2",256,0.109531400593053,0.0956115096158637,0.123451291570243,0.0776442192826824,0.0659849635516018,0.089303475013763,0.100235891364575,0.090810142749624,0.109661639979526,0.0318871813103711,0.023175082584873,0.0405992800358691,0.00929550922847838,0.00242470310768814,0.0161663153492686,0.0225916720818927,0.0143218238081334,0.0308615203556519,"ns_maze"
"gpt2",320,0.109998129155602,0.0962323474424318,0.123763910868772,0.0790783638135367,0.0675887262308033,0.0905680013962701,0.0995959052570695,0.0908659291781673,0.108325881335972,0.0309197653420652,0.0228375064803428,0.0390020242037876,0.0104022238985324,0.00324962807893707,0.0175548197181277,0.0205175414435328,0.0130245489060514,0.0280105339810142,"ns_maze"
"gpt2",400,0.110991348972062,0.0982771675465804,0.123705530397544,0.0807511616329475,0.06913467515435,0.092367648111545,0.100595202025882,0.0920282866320362,0.109162117419728,0.0302401873391146,0.0232880172051465,0.0371923574730826,0.0103961469461798,0.00385244835173337,0.0169398455406261,0.0198440403929348,0.0129925544224706,0.026695526363399,"ns_maze"
"gpt2",512,0.112453024644944,0.0989615871608372,0.12594446212905,0.081453465799535,0.0694663782761289,0.0934405533229411,0.101524794957044,0.0923380443706098,0.110711545543479,0.0309995588454088,0.023256020746857,0.0387430969439605,0.0109282296878996,0.00430364861491213,0.017552810760887,0.0200713291575092,0.0124996068941625,0.0276430514208559,"ns_maze"
"gpt2",640,0.112978313605037,0.0996044379028332,0.126352189307241,0.0821399095769291,0.0708775592428389,0.0934022599110192,0.102366292285566,0.0928358349833794,0.111896749587752,0.0308384040281082,0.023717248959258,0.0379595590969584,0.0106120213194716,0.00379058723922891,0.0174334553997143,0.0202263827086366,0.0132697290009325,0.0271830364163408,"ns_maze"
"gpt2",800,0.113116518948474,0.0997168506518102,0.126516187245137,0.0815100098286179,0.0702886253777667,0.092731394279469,0.102236107898292,0.0925636662611366,0.111908549535447,0.0316065091198558,0.0242850004783006,0.038928017761411,0.0108804110501821,0.00416979244052671,0.0175910296598374,0.0207260980696737,0.0137502154029755,0.027701980736372,"ns_maze"
"gpt2",1023,0.112597670826216,0.0996276677206172,0.125567673931814,0.0814835748044382,0.0702050651050842,0.0927620845037922,0.101625668834527,0.0922013098949615,0.111050027774092,0.0311140960217775,0.0238238836572664,0.0384043083862887,0.0109720019916892,0.00439544928456369,0.0175485546988147,0.0201420940300884,0.013288660264056,0.0269955277961208,"ns_maze"
"gpt2-medium",1,0.0205948165172909,0.0155074278017152,0.0256822052328665,0.0206599978852067,0.0157128534346816,0.0256071423357319,0.0205061881650549,0.0155091077928529,0.0255032685372568,-6.51813679158608e-05,-0.000647944238580195,0.000517581502748474,8.8628352235995e-05,-0.000154137206556392,0.000331393911028382,-0.000153809720151856,-0.000653030756085408,0.000345411315781696,"ns_maze"
"gpt2-medium",2,0.0351627009594486,0.028249018111439,0.0420763838074583,0.0351023745472903,0.029121008721168,0.0410837403734127,0.0344091342573315,0.0270013575505656,0.0418169109640973,6.03264121583029e-05,-0.00136737698413823,0.00148802980845483,0.000753566702117178,-0.000501824912589385,0.00200895831682374,-0.000693240289958875,-0.00271885148055169,0.00133237090063394,"ns_maze"
"gpt2-medium",3,0.0414167551936686,0.0354390426393262,0.0473944677480109,0.0404443712920841,0.0355307034366254,0.0453580391475428,0.0407970697035232,0.035570058105094,0.0460240813019524,0.000972383901584429,-0.000224556129946088,0.00216932393311495,0.000619685490145345,-0.00122420577589064,0.00246357675618133,0.000352698411439084,-0.00133133194103633,0.00203672876391449,"ns_maze"
"gpt2-medium",4,0.0447713375530169,0.0381522043509043,0.0513904707551294,0.0431831677721793,0.0368392457695035,0.0495270897748552,0.0430795057719454,0.0370826706320525,0.0490763409118384,0.00158816978083753,-0.000333412445007567,0.00350975200668263,0.00169183178107146,-0.000303858772250889,0.0036875223343938,-0.000103662000233925,-0.00250241353820272,0.00229508953773487,"ns_maze"
"gpt2-medium",5,0.048990079343258,0.0415160161424403,0.0564641425440757,0.0461917402790701,0.0386770495673369,0.0537064309908033,0.047549420688885,0.0406694522962769,0.0544293890814932,0.00279833906418794,0.00110162890851027,0.00449504921986561,0.00144065865437297,-0.000780042802379802,0.00366136011112574,0.00135768040981497,-0.00109807470461996,0.00381343552424991,"ns_maze"
"gpt2-medium",6,0.0509258171256823,0.0429810316555161,0.0588706025958485,0.0487000103938116,0.0414043660181996,0.0559956547694235,0.0486250902878933,0.0422690638604097,0.0549811167153769,0.00222580673187078,0.00010758847272512,0.00434402499101643,0.00230072683778905,-0.000433123359675137,0.00503457703525323,-7.49201059182722e-05,-0.0030191864697908,0.00286934625795426,"ns_maze"
"gpt2-medium",7,0.05283212708214,0.0433326775011255,0.0623315766631545,0.0498026144850671,0.041391869023559,0.0582133599465752,0.0509016496678054,0.0430896021782869,0.0587136971573238,0.00302951259707292,0.000232471869962575,0.00582655332418327,0.00193047741433463,-0.000813909790318801,0.00467486461898807,0.00109903518273829,-0.00200705291485837,0.00420512328033495,"ns_maze"
"gpt2-medium",10,0.0570589471987392,0.0444826629184236,0.0696352314790548,0.0537488438938526,0.0432844325926638,0.0642132551950414,0.0548688247958534,0.0449240736027243,0.0648135759889824,0.0033101033048866,-0.000742198617080937,0.00736240522685413,0.00219012240288586,-0.002071962252773,0.00645220705854473,0.00111998090200074,-0.00302664720833105,0.00526660901233252,"ns_maze"
"gpt2-medium",12,0.0607103649322035,0.0479908547758023,0.0734298750886047,0.0571094161479249,0.0466122270246892,0.0676066052711606,0.0575627465018453,0.047575661337047,0.0675498316666436,0.00360094878427861,-0.0013734320128438,0.00857532958140101,0.0031476184303582,-0.000454900697958552,0.00675013755867495,0.000453330353920409,-0.00397660363828855,0.00488326434612937,"ns_maze"
"gpt2-medium",16,0.0669455955522034,0.0528139052488893,0.0810772858555174,0.0594880768488183,0.0484718117928551,0.0705043419047815,0.0616541914304082,0.0510755609390475,0.072232821921769,0.00745751870338505,0.00240679188459201,0.0125082455221781,0.00529140412179513,0.000377441576387318,0.0102053666672029,0.00216611458158992,-0.00284846601958062,0.00718069518276046,"ns_maze"
"gpt2-medium",20,0.0706354047142827,0.0566364278099226,0.0846343816186429,0.0602229464965745,0.0489919116825396,0.0714539813106093,0.0658598941262056,0.0558154714646553,0.0759043167877558,0.0104124582177083,0.00655913201099415,0.0142657844244224,0.00477551058807716,7.29647974030256e-06,0.00954372469641402,0.0056369476296311,0.00204758480880583,0.00922631045045637,"ns_maze"
"gpt2-medium",25,0.0737932946971354,0.060121738799156,0.0874648505951148,0.0596734912953503,0.0480173472070126,0.0713296353836879,0.0667572090915467,0.0563812567061825,0.0771331614769109,0.0141198034017851,0.0103722933795485,0.0178673134240218,0.00703608560558868,0.00246777132131614,0.0116043998898612,0.00708371779619647,0.00390405545898343,0.0102633801334095,"ns_maze"
"gpt2-medium",32,0.0764524115689431,0.062591721121664,0.0903131020162223,0.06087246547424,0.0494273441241977,0.0723175868242823,0.0706620354338437,0.0611894262098068,0.0801346446578805,0.0155799460947031,0.0107992392389373,0.0203606529504689,0.00579037613509946,0.00101421523048762,0.0105665370397113,0.00978956995960365,0.00641358857283984,0.0131655513463675,"ns_maze"
"gpt2-medium",40,0.0808320844757128,0.0663831649354926,0.095281004015933,0.0629496685739698,0.0515603163094199,0.0743390208385197,0.0751615713494688,0.0660541844939692,0.0842689582049685,0.017882415901743,0.0134241987673053,0.0223406330361807,0.005670513126244,-0.000538462933494387,0.0118794891859824,0.012211902775499,0.00825428646142595,0.0161695190895721,"ns_maze"
"gpt2-medium",50,0.0866948656190095,0.0728909651402571,0.100498766097762,0.0660764292267952,0.0542700576243594,0.077882800829231,0.079932762979934,0.0701244876935735,0.0897410382662946,0.0206184363922143,0.0159475820353188,0.0252892907491098,0.0067621026390755,0.00143837683368118,0.0120858284444698,0.0138563337531388,0.0102603401642217,0.017452327342056,"ns_maze"
"gpt2-medium",64,0.0905198608042933,0.0764973168579599,0.104542404750627,0.0673043925584107,0.0562119518620632,0.0783968332547583,0.0864954271362747,0.0777192862500741,0.0952715680224753,0.0232154682458825,0.0178613516762065,0.0285695848155586,0.00402443366801856,-0.00312107669156653,0.0111699440276036,0.019191034577864,0.0143518218234431,0.0240302473322849,"ns_maze"
"gpt2-medium",80,0.093897850145077,0.0802484811502904,0.107547219139864,0.0692145414700512,0.0579210510978755,0.080508031842227,0.0902636164946397,0.0823636256728313,0.098163607316448,0.0246833086750258,0.0185283688812062,0.0308382484688454,0.0036342336504373,-0.00461384071850098,0.0118823080193756,0.0210490750245884,0.0146483996855567,0.0274497503636201,"ns_maze"
"gpt2-medium",100,0.0983995221039083,0.0854971020252101,0.111301942182607,0.0719577222931849,0.0606280920390893,0.0832873525472805,0.0941991585633916,0.085023799878842,0.103374517247941,0.0264417998107234,0.020724023272946,0.0321595763485008,0.00420036354051671,-0.00207798082206658,0.0104787079031,0.0222414362702067,0.0166280531115269,0.0278548194288865,"ns_maze"
"gpt2-medium",128,0.101144010805853,0.088431509511926,0.113856512099779,0.0710761341280414,0.0596375353604939,0.0825147328955889,0.0961617691564023,0.0872046188739706,0.105118919438834,0.0300678766778114,0.0246019400228245,0.0355338133327983,0.00498224164945041,-0.00183142192331196,0.0117959052222128,0.025085635028361,0.0187506317430749,0.031420638313647,"ns_maze"
"gpt2-medium",160,0.10282796303512,0.0906387911429289,0.115017134927311,0.0743940093466046,0.0631638441794283,0.085624174513781,0.0966345336500946,0.0888129320375069,0.104456135262682,0.0284339536885154,0.0224352640383143,0.0344326433387166,0.00619342938502553,-0.000640318198087536,0.0130271769681386,0.0222405243034899,0.0163368729232569,0.0281441756837229,"ns_maze"
"gpt2-medium",200,0.105489571159563,0.0934080986188568,0.11757104370027,0.0760080542140476,0.0645835330625191,0.087432575365576,0.0987578102017292,0.0905898273089304,0.106925793094528,0.0294815169455156,0.0230768221306244,0.0358862117604068,0.00673176095783397,-0.000476236705299313,0.0139397586209673,0.0227497559876817,0.0158064024420036,0.0296931095333597,"ns_maze"
"gpt2-medium",256,0.107191118337809,0.0954545984936824,0.118927638181936,0.0766793752775792,0.0656812760441173,0.0876774745110411,0.100293240133551,0.0929323168088241,0.107654163458278,0.0305117430602299,0.0233144269588725,0.0377090591615873,0.00689787820425781,-0.000118972145228137,0.0139147285537438,0.0236138648559721,0.0159908679786459,0.0312368617332983,"ns_maze"
"gpt2-medium",320,0.107455273310702,0.096196878422119,0.118713668199286,0.0783196824199304,0.06748412078118,0.0891552440586807,0.100571714485039,0.0941711940026299,0.106972234967448,0.0291355908907721,0.0221792746987438,0.0360919070828003,0.00688355882566334,-0.000294003449843586,0.0140611211011703,0.0222520320651087,0.0149704468836527,0.0295336172465648,"ns_maze"
"gpt2-medium",400,0.109309400911156,0.0988203465712142,0.119798455251098,0.0794997146402904,0.0683258045748574,0.0906736247057234,0.101401343084306,0.0950148380017604,0.107787848166852,0.0298096862708656,0.0230876717248913,0.03653170081684,0.00790805782684975,0.00156753936151929,0.0142485762921802,0.0219016284440159,0.0143131444363764,0.0294901124516554,"ns_maze"
"gpt2-medium",512,0.11119589777747,0.100666940059846,0.121724855495095,0.0796780850193015,0.0686064425610496,0.0907497274775533,0.101963228695505,0.0955399340342939,0.108386523356717,0.0315178127581687,0.0241142431168423,0.0389213823994951,0.00923266908196473,0.00287378383592499,0.0155915543280045,0.022285143676204,0.0146819998539312,0.0298882874984767,"ns_maze"
"gpt2-medium",640,0.111686956213829,0.10125610248995,0.122117809937708,0.0798611223785121,0.0691803274760412,0.0905419172809831,0.102251622671927,0.0953543797082492,0.109148865635605,0.0318258338353167,0.0251801895297155,0.0384714781409179,0.00943533354190154,0.00319340196553299,0.0156772651182701,0.0223905002934152,0.0153882177918022,0.0293927827950282,"ns_maze"
"gpt2-medium",800,0.111239532177735,0.100584204607808,0.121894859747663,0.0795962643126493,0.0688300728538575,0.090362455771441,0.101698892637976,0.0945673965920817,0.108830388683869,0.0316432678650862,0.0251414541093555,0.0381450816208168,0.00954063953975985,0.00348694057895282,0.0155943385005669,0.0221026283253263,0.0152034462490891,0.0290018104015636,"ns_maze"
"gpt2-medium",1023,0.110348361183243,0.0997698593533989,0.120926863013087,0.0793452313867964,0.0686737536154481,0.0900167091581448,0.101443983333946,0.0946997612640975,0.108188205403795,0.0310031297964467,0.0246146430395461,0.0373916165533473,0.0089043778492969,0.00258653790336134,0.0152222177952325,0.0220987519471498,0.0149811568091763,0.0292163470851232,"ns_maze"
"gpt2-large",1,0.0235140147147006,0.0174085898734966,0.0296194395559046,0.0233667812754946,0.0174307936682701,0.0293027688827191,0.02345924510248,0.0174744338507272,0.0294440563542328,0.000147233439205993,-0.000367355134664989,0.000661822013076975,5.47696122206034e-05,-0.000234482199438474,0.000344021423879681,9.24638269853896e-05,-0.00039077061423771,0.00057569826820849,"ns_maze"
"gpt2-large",2,0.0358678855569487,0.029104173289198,0.0426315978246993,0.0360454385617503,0.030101146337674,0.0419897307858267,0.0350062743251942,0.02805445729737,0.0419580913530183,-0.000177553004801629,-0.0013640225378386,0.00100891652823534,0.000861611231754515,-0.000463267906122915,0.00218649036963195,-0.00103916423655614,-0.00274518784455917,0.000666859371446877,"ns_maze"
"gpt2-large",3,0.0404137047898946,0.0339881239953878,0.0468392855844015,0.039608549123503,0.0340931558690335,0.0451239423779725,0.0395594185310681,0.0339620924859416,0.0451567445761946,0.000805155666391615,-0.000349841144792198,0.00196015247757543,0.000854286258826508,-0.00113007324663876,0.00283864576429178,-4.91305924348931e-05,-0.00188867297263167,0.00179041178776188,"ns_maze"
"gpt2-large",4,0.0429189842782912,0.0362634241167807,0.0495745444398017,0.0416137104971105,0.0354139745292197,0.0478134464650012,0.0414352054231179,0.0353050967012761,0.0475653141449597,0.0013052737811807,-0.000118299911684685,0.00272884747404608,0.0014837788551733,-0.000585602518012266,0.00355316022835888,-0.000178505073992609,-0.002480447663431,0.00212343751544578,"ns_maze"
"gpt2-large",5,0.0468673083925338,0.0393432770012657,0.0543913397838018,0.0440910054829707,0.0367131248580514,0.0514688861078901,0.0456043930971853,0.0388888989014172,0.0523198872929535,0.00277630290956303,0.00106335024985692,0.00448925556926913,0.00126291529534843,-0.00111450361909632,0.00364033420979318,0.0015133876142146,-0.00133785521236074,0.00436463044078993,"ns_maze"
"gpt2-large",6,0.0488929901103082,0.040579490485464,0.0572064897351523,0.0470585342426699,0.0391427605177313,0.0549743079676085,0.0477042303249251,0.0407243966982133,0.0546840639516368,0.00183445586763824,-0.000604739760006531,0.00427365149528301,0.00118875978538307,-0.00129050223451727,0.00366802180528342,0.000645696082255163,-0.00302213997448686,0.00431353213899718,"ns_maze"
"gpt2-large",7,0.0506827541959199,0.0412218503872449,0.0601436580045948,0.0475295550232215,0.0391736020832914,0.0558855079631516,0.049395742259807,0.0413008508634842,0.0574906336561298,0.0031531991726984,0.000287537551729191,0.0060188607936676,0.00128701193611289,-0.00130910127597032,0.00388312514819609,0.00186618723658551,-0.00194626731554285,0.00567864178871387,"ns_maze"
"gpt2-large",10,0.0553788629138785,0.043552806376144,0.067204919451613,0.0516517326844748,0.0417604461028201,0.0615430192661294,0.0541390043308448,0.0447659050507538,0.0635121036109357,0.00372713022940376,-0.000348868482295376,0.0078031289411029,0.00123985858303377,-0.00368098473022551,0.00616070189629304,0.00248727164637,-0.00252006348457824,0.00749460677731824,"ns_maze"
"gpt2-large",12,0.0581409036006412,0.046423654259164,0.0698581529421183,0.0546645557631048,0.0450221955512854,0.0643069159749241,0.0569072444759739,0.047601149059398,0.0662133398925498,0.00347634783753641,-0.000980767300248056,0.00793346297532087,0.00123365912466729,-0.0025021707082599,0.00496948895759449,0.00224268871286912,-0.00240257619171223,0.00688795361745047,"ns_maze"
"gpt2-large",16,0.0642621480046679,0.051577760132431,0.0769465358769047,0.0573389702684808,0.0478058255110014,0.0668721150259602,0.0601571499533547,0.0508753624972507,0.0694389374094588,0.00692317773618705,0.00226888383469592,0.0115774716376782,0.00410499805131314,-0.000100472145090106,0.00831046824771639,0.00281817968487391,-0.000793151963438483,0.0064295113331863,"ns_maze"
"gpt2-large",20,0.0680591577417999,0.0558025683633563,0.0803157471202436,0.0583648443122529,0.0485476311137415,0.0681820575107644,0.0637509838917163,0.0551497814438401,0.0723521863395924,0.009694313429547,0.00602290515955679,0.0133657216995372,0.00430817385008366,-0.000291200488933998,0.00890754818910132,0.00538613957946335,0.00209974053813999,0.0086725386207867,"ns_maze"
"gpt2-large",25,0.0715423627920003,0.0595233147086254,0.0835614108753752,0.0585229003022039,0.0477112582110077,0.0693345423934001,0.0649640801761291,0.0554152483687735,0.0745129119834848,0.0130194624897964,0.00967924925044214,0.0163596757291507,0.0065782826158712,0.00238041989992482,0.0107761453318176,0.00644117987392521,0.00360062395381263,0.0092817357940378,"ns_maze"
"gpt2-large",32,0.072998401142568,0.0601114276124466,0.0858853746726893,0.0593701446973281,0.048363779907932,0.0703765094867242,0.0681979145977923,0.0588818850069533,0.0775139441886313,0.0136282564452398,0.00862620642326459,0.018630306467215,0.00480048654477564,0.000617669998678974,0.0089833030908723,0.00882776990046417,0.00509184446838524,0.0125636953325431,"ns_maze"
"gpt2-large",40,0.0765512509886825,0.0629659624141527,0.0901365395632122,0.0607736853929103,0.0491996225821392,0.0723477482036814,0.0713542821589359,0.0623528532381805,0.0803557110796912,0.0157775655957722,0.0113795744879051,0.0201755567036392,0.00519696882974659,-5.0874027451478e-05,0.0104448116869447,0.0105805967660256,0.00645375098600773,0.0147074425460434,"ns_maze"
"gpt2-large",50,0.0813469030325731,0.0678535807849355,0.0948402252802108,0.0629635472281896,0.0514013356888526,0.0745257587675267,0.0758973762050184,0.0666732202457531,0.0851215321642836,0.0183833558043835,0.014438311592287,0.0223284000164801,0.00544952682755476,0.000769516526981916,0.0101295371281276,0.0129338289768288,0.00930950234434703,0.0165581556093105,"ns_maze"
"gpt2-large",64,0.0857028254646192,0.0725438864952169,0.0988617644340214,0.0644796390215795,0.0533580090800772,0.0756012689630817,0.08207677927492,0.074256515349899,0.0898970431999409,0.0212231864430397,0.0156780555830054,0.026768317303074,0.00362604618969918,-0.00325403202146216,0.0105061244008605,0.0175971402533405,0.011870858943245,0.023323421563436,"ns_maze"
"gpt2-large",80,0.0893303098965053,0.0758106944638832,0.102849925329127,0.0650867239208188,0.0532802282168289,0.0768932196248087,0.0859230082734067,0.0786629040971561,0.0931831124496572,0.0242435859756864,0.0188714406511867,0.0296157313001862,0.00340730162309859,-0.00458169988042967,0.0113963031266269,0.0208362843525878,0.01365546546554,0.0280171032396357,"ns_maze"
"gpt2-large",100,0.0946064464909013,0.081955396989183,0.10725749599262,0.0670046463498148,0.0555629924739073,0.0784463002257222,0.0897134535135011,0.0812640784157982,0.098162828611204,0.0276018001410865,0.0227822288098808,0.0324213714722923,0.0048929929774002,-0.00170006811393739,0.0114860540687378,0.0227088071636863,0.015842206009578,0.0295754083177946,"ns_maze"
"gpt2-large",128,0.0979106518895508,0.0855498537467631,0.110271450032339,0.0673711471804694,0.0555091880122295,0.0792331063487094,0.0915237520977037,0.0825739576862103,0.100473546509197,0.0305395047090814,0.0254068907031783,0.0356721187149846,0.0063868997918471,7.28502525470295e-05,0.0127009493311472,0.0241526049172343,0.0166385953067684,0.0316666145277003,"ns_maze"
"gpt2-large",160,0.0995733238618435,0.0871049092482983,0.112041738475389,0.0700340499759953,0.0585287639643112,0.0815393359876793,0.092751809312674,0.0853851927420863,0.100118425883262,0.0295392738858483,0.0236845347662085,0.035394013005488,0.00682151454916957,0.000594707848103074,0.0130483212502361,0.0227177593366787,0.0154840613448065,0.0299514573285508,"ns_maze"
"gpt2-large",200,0.103143080391677,0.0909156362519511,0.115370524531402,0.0706632748102477,0.0589062065743072,0.0824203430461882,0.0951656645813459,0.087615058113094,0.102716271049598,0.0324798055814289,0.0261187102829997,0.0388409008798581,0.00797741581033065,0.00138468576022875,0.0145701458604326,0.0245023897710982,0.016298145723995,0.0327066338182014,"ns_maze"
"gpt2-large",256,0.104633459046221,0.0926547948040198,0.116612123288421,0.0725662197861993,0.061573876483802,0.0835585630885966,0.096820462549334,0.0901443796267073,0.103496545471961,0.0320672392600213,0.0249700919895267,0.039164386530516,0.00781299649688657,0.000768859834819032,0.0148571331589541,0.0242542427631348,0.0155944498976979,0.0329140356285716,"ns_maze"
"gpt2-large",320,0.104723647754434,0.0927660810788335,0.116681214430035,0.073970688460244,0.0630894711093923,0.0848519058110958,0.0968022513726187,0.090487211350728,0.103117291394509,0.0307529592941901,0.0237255628799462,0.037780355708434,0.00792139638181543,0.000821529791615711,0.0150212629720151,0.0228315629123747,0.0142230320087276,0.0314400938160218,"ns_maze"
"gpt2-large",400,0.10621499511135,0.0949451114790521,0.117484878743648,0.0753030530097946,0.0637958641999034,0.0868102418196859,0.0984357004128097,0.0923408690806604,0.104530531744959,0.0309119421015553,0.0244988633669909,0.0373250208361197,0.00777929469854025,0.00144668834273923,0.0141119010543413,0.0231326474030151,0.0141927154290366,0.0320725793769935,"ns_maze"
"gpt2-large",512,0.107834383307114,0.0964136615015119,0.119255105112717,0.0762990294599506,0.0647221362578312,0.0878759226620699,0.0986039162929492,0.0927008455920674,0.104506986993831,0.0315353538471637,0.0246694067625426,0.0384013009317849,0.00923046701416505,0.00282970589319685,0.0156312281351332,0.0223048868329987,0.013285322295669,0.0313244513703284,"ns_maze"
"gpt2-large",640,0.107709204244857,0.0963375105243507,0.119080897965363,0.0760105586819295,0.065072512130075,0.086948605233784,0.098395611779857,0.092161554652749,0.104629668906965,0.0316986455629276,0.025316124275999,0.0380811668498561,0.00931359246500009,0.00303966163280542,0.0155875232971948,0.0223850530979275,0.014441222687501,0.0303288835083539,"ns_maze"
"gpt2-large",800,0.107468632448624,0.0961222259824543,0.118815038914793,0.0759057011066913,0.0649934297239384,0.0868179724894441,0.0985230423199008,0.0921913465707521,0.104854738069049,0.0315629313419323,0.0251466335759372,0.0379792291079274,0.00894559012872278,0.00274520740430898,0.0151459728531366,0.0226173412132095,0.0147030060204821,0.0305316764059369,"ns_maze"
"gpt2-large",1023,0.107057546033272,0.0959084879829571,0.118206604083588,0.0756226256877301,0.0646653169866901,0.0865799343887701,0.0983745673674065,0.0922161433407793,0.104532991394034,0.0314349203455423,0.0248669262098532,0.0380029144812315,0.00868297866586591,0.00241262625457735,0.0149533310771545,0.0227519416796764,0.0147397933194159,0.0307640900399369,"ns_maze"
"gpt2-xl",1,0.0247481714513922,0.0186802449639694,0.030816097938815,0.0245896044258443,0.0187526567959519,0.0304265520557368,0.0246659574129864,0.0186727379191352,0.0306591769068375,0.000158567025547882,-0.000519444006654027,0.000836578057749792,8.22140384058604e-05,-9.70217272261293e-05,0.00026144980403785,7.63529871420217e-05,-0.00055091100402322,0.000703616978307263,"ns_maze"
"gpt2-xl",2,0.0342295973878414,0.0270877191443057,0.0413714756313771,0.0341677765188344,0.0280998826198821,0.0402356704177867,0.03355756100616,0.0261884059789314,0.0409267160333885,6.18208690070548e-05,-0.00121559419540762,0.00133923593342173,0.000672036381681476,-0.000707035934860938,0.00205110869822389,-0.000610215512674422,-0.00258926331191096,0.00136883228656211,"ns_maze"
"gpt2-xl",3,0.0398102483893133,0.0331065749106419,0.0465139218679847,0.0390696303909062,0.0332272448162297,0.0449120159655828,0.0390991352667975,0.0334430829513544,0.0447551875822405,0.000740617998407078,-0.000378175817089968,0.00185941181390412,0.000711113122515861,-0.00131563636665742,0.00273786261168914,2.95048758912163e-05,-0.00173088810960454,0.00178989786138697,"ns_maze"
"gpt2-xl",4,0.0403278682310038,0.0329682931101613,0.0476874433518463,0.0391912273332937,0.0322413877997702,0.0461410668668171,0.0388479402223354,0.0323755167000127,0.0453203637446581,0.00113664089771012,-0.000156682880650525,0.00242996467607076,0.0014799280086684,-0.000600387730466944,0.00356024374780374,-0.000343287110958282,-0.00244034084079704,0.00175376661888048,"ns_maze"
"gpt2-xl",5,0.044678419945925,0.0358988851705277,0.0534579547213223,0.0433850537818116,0.0348516353047019,0.0519184722589213,0.0438840214565622,0.0358236014280359,0.0519444414850885,0.00129336616411342,-0.000218065573616934,0.00280479790184378,0.000794398489362835,-0.00167158132513698,0.00326037830386265,0.000498967674750586,-0.00206871698933428,0.00306665233883545,"ns_maze"
"gpt2-xl",6,0.0469605133745316,0.0374910411787883,0.0564299855702748,0.0458106100106626,0.0375223685004658,0.0540988515208594,0.0458976795914651,0.0376636606671337,0.0541316985157965,0.00114990336386893,-0.00131160348538805,0.00361141021312592,0.00106283378306643,-0.00162585234939636,0.00375151991552922,8.70695808025043e-05,-0.00323207217040689,0.0034062113320119,"ns_maze"
"gpt2-xl",7,0.0485480612823773,0.0381365447234868,0.0589595778412677,0.0464156416637992,0.0377940866679354,0.055037196659663,0.046688007779377,0.0373526963048126,0.0560233192539413,0.00213241961857805,-0.00115196589987251,0.0054168051370286,0.0018600535030003,-0.00106164076429279,0.00478174777029338,0.000272366115577751,-0.00379127800653268,0.00433601023768818,"ns_maze"
"gpt2-xl",10,0.0509796734511177,0.0384352612972343,0.0635240856050011,0.0486577716244027,0.0382633303471573,0.059052212901648,0.0498985820701353,0.039715904458768,0.0600812596815026,0.00232190182671504,-0.0020172126845451,0.00666101633797517,0.00108109138098241,-0.00352156151621819,0.00568374427818301,0.00124081044573263,-0.00386082915743073,0.00634245004889599,"ns_maze"
"gpt2-xl",12,0.0540591887855646,0.0412387042018176,0.0668796733693116,0.0520641138310142,0.0419050031183636,0.0622232245436649,0.0518998704579626,0.0413528086748377,0.0624469322410876,0.00199507495455035,-0.00271541511029953,0.00670556501940022,0.00215931832760197,-0.00151821285789166,0.0058368495130956,-0.000164243373051625,-0.00439243396680544,0.00406394722070219,"ns_maze"
"gpt2-xl",16,0.0590835664096733,0.0459059449373896,0.072261187881957,0.0531860733948558,0.0438622953777291,0.0625098514119825,0.0554278970535577,0.0459162206890704,0.064939573418045,0.00589749301481743,0.000905166760813064,0.0108898192688218,0.00365566935611556,-0.00106208431498268,0.00837342302721379,0.00224182365870187,-0.00116932229611494,0.00565296961351868,"ns_maze"
"gpt2-xl",20,0.062472559002582,0.0496248253942513,0.0753202926109126,0.0549283822817526,0.0456584467163558,0.0641983178471494,0.0586468678529782,0.0495599181133158,0.0677338175926406,0.00754417672082934,0.00324254336653898,0.0118458100751197,0.00382569114960376,-0.00113503599039467,0.00878641828960218,0.00371848557122559,0.000154925313368083,0.00728204582908309,"ns_maze"
"gpt2-xl",25,0.0657339961077386,0.0529997720294338,0.0784682201860433,0.0558304929091331,0.0462433642692781,0.065417621548988,0.0603303537534881,0.0503592328938218,0.0703014746131544,0.00990350319860549,0.00599743168660672,0.0138095747106043,0.00540364235425044,0.00136789881036162,0.00943938589813927,0.00449986084435505,0.00212878880747033,0.00687093288123977,"ns_maze"
"gpt2-xl",32,0.0685738607293303,0.0561105575525106,0.0810371639061499,0.0565410045387781,0.0468220208587793,0.066259988218777,0.0637527876477252,0.0541045921241955,0.073400983171255,0.0120328561905521,0.00748703238339789,0.0165786799977064,0.00482107308160506,0.00131925535871977,0.00832289080449034,0.00721178310894706,0.00466716084942352,0.0097564053684706,"ns_maze"
"gpt2-xl",40,0.0726420491713561,0.0592449172650095,0.0860391810777027,0.0578718203284661,0.0487245994078351,0.067019041249097,0.0677991434803094,0.0590907723496863,0.0765075146109325,0.0147702288428901,0.00931572802778964,0.0202247296579905,0.00484290569104668,-0.000621724723066883,0.0103075361051602,0.00992732315184338,0.00716874201232081,0.0126859042913659,"ns_maze"
"gpt2-xl",50,0.0783680416409795,0.0650845504080607,0.0916515328738983,0.0605478642090256,0.0505324566743398,0.0705632717437114,0.0723493498453054,0.0627575602989667,0.0819411393916442,0.0178201774319539,0.0131485090427663,0.0224918458211416,0.00601869179567407,0.00107999353097246,0.0109573900603757,0.0118014856362799,0.00814076551605514,0.0154622057565046,"ns_maze"
"gpt2-xl",64,0.0823116797499382,0.0691399222040517,0.0954834372958246,0.0622334594612256,0.0526182017848545,0.0718487171375968,0.0784128610625714,0.0698761621553612,0.0869495599697817,0.0200782202887125,0.0143135857787376,0.0258428547986875,0.00389881868736671,-0.00357592857179815,0.0113735659465316,0.0161794016013458,0.00975306882967416,0.0226057343730175,"ns_maze"
"gpt2-xl",80,0.0859543703345777,0.0722161598261282,0.0996925808430272,0.0631133769840721,0.0532357438071674,0.0729910101609768,0.0821856196749891,0.0742834814778617,0.0900877578721166,0.0228409933505056,0.0164333230847365,0.0292486636162747,0.00376875065958852,-0.00535768075276426,0.0128951820719413,0.0190722426909171,0.012010749722734,0.0261337356591001,"ns_maze"
"gpt2-xl",100,0.0920986785437278,0.0794466682415634,0.104750688845892,0.0647785553727291,0.0551716528638764,0.0743854578815818,0.085196187125713,0.0765018965937586,0.0938904776576673,0.0273201231709987,0.022124538871078,0.0325157074709193,0.00690249141801482,-9.37616786497756e-05,0.0138987445146794,0.0204176317529838,0.0136218346170384,0.0272134288889293,"ns_maze"
"gpt2-xl",128,0.0948906969543791,0.0820707440566946,0.107710649852064,0.0647888897916652,0.0547124024103683,0.0748653771729621,0.0871655962512824,0.0782305332166381,0.0961006592859268,0.0301018071627139,0.0250578747733857,0.0351457395520421,0.00772510070309665,0.00104184749705178,0.0144083539091415,0.0223767064596173,0.0157559506347961,0.0289974622844384,"ns_maze"
"gpt2-xl",160,0.0954180190374927,0.083550027835032,0.107286010239953,0.0673503334754476,0.0574832279061896,0.0772174390447055,0.0882395133950714,0.0802695768446139,0.0962094499455289,0.0280676855620451,0.0226351535625401,0.0335002175615501,0.00717850564242128,0.0011016489277295,0.0132553623571131,0.0208891799196238,0.0143397799299208,0.0274385799093268,"ns_maze"
"gpt2-xl",200,0.0976663289952307,0.085973622655732,0.109359035334729,0.0681625182882354,0.0586578942524865,0.0776671423239844,0.0901407413838596,0.0825098459502973,0.097771636817422,0.0295038107069953,0.0239818964861006,0.0350257249278899,0.00752558761137107,0.0012898586573922,0.0137613165653499,0.0219782230956242,0.0149075869008621,0.0290488592903863,"ns_maze"
"gpt2-xl",256,0.0988334385116197,0.0882151024113484,0.109451774611891,0.0696031855167563,0.0605223702563928,0.0786840007771198,0.0923414684836667,0.0852321014692077,0.0994508354981257,0.0292302529948634,0.0232972272455896,0.0351632787441373,0.00649197002795301,0.000672634888012063,0.0123113051678939,0.0227382829669104,0.0154221278505116,0.0300544380833093,"ns_maze"
"gpt2-xl",320,0.0987234008908443,0.0883382615606424,0.109108540221046,0.0707305521446724,0.0620386224776894,0.0794224818116553,0.0913720312007256,0.084784129817051,0.0979599325844002,0.0279928487461719,0.0224128082589766,0.0335728892333672,0.00735136969011873,0.00161065793343165,0.0130920814468058,0.0206414790560532,0.0135791897158781,0.0277037683962283,"ns_maze"
"gpt2-xl",400,0.100163655873595,0.0906650342724314,0.10966227747476,0.0715481629833478,0.0620745236823153,0.0810218022843803,0.092570017998364,0.0859631007749151,0.0991769352218128,0.0286154928902477,0.0234666645265,0.0337643212539954,0.00759363787523153,0.00255097301747854,0.0126363027329845,0.0210218550150162,0.0134736697035604,0.028570040326472,"ns_maze"
"gpt2-xl",512,0.100873968398486,0.091190573492277,0.110557363304696,0.0720000328822809,0.0624866526207743,0.0815134131437875,0.0928369196711441,0.0861752847723564,0.0994985545699317,0.0288739355162056,0.0229323288964315,0.0348155421359796,0.00803704872734239,0.00309430331486955,0.0129797941398152,0.0208368867888632,0.0135943145376735,0.0280794590400528,"ns_maze"
"gpt2-xl",640,0.100580396429008,0.0905381122817839,0.110622680576232,0.0715312176740408,0.0622274074270671,0.0808350279210145,0.0928697926143415,0.0854992725658499,0.100240312662833,0.0290491787549671,0.0233166143490959,0.0347817431608383,0.00771060381466639,0.00243676679941617,0.0129844408299166,0.0213385749403008,0.0143815360335286,0.0282956138470729,"ns_maze"
"gpt2-xl",800,0.100098679742045,0.0899438867796519,0.110253472704439,0.0709462612495023,0.0614486531914293,0.0804438693075754,0.09306801022072,0.0856313016103278,0.100504718831112,0.029152418492543,0.0235232005241284,0.0347816364609577,0.00703066952132528,0.00181514486521166,0.0122461941774389,0.0221217489712177,0.0148647871507382,0.0293787107916973,"ns_maze"
"gpt2-xl",1023,0.10009179532488,0.0899082097308837,0.110275380918876,0.0707537098261916,0.0611993280470611,0.080308091605322,0.09292003269161,0.0857931734174669,0.100046891965753,0.0293380854986883,0.0234828226350043,0.0351933483623723,0.0071717626332698,0.00142353039164485,0.0129199948748947,0.0221663228654185,0.0148909742599163,0.0294416714709206,"ns_maze"
"gpt2",1,0.00625083045268527,0.00305779176057786,0.00944386914479267,0.00630591538265276,0.00308087782707169,0.00953095293823382,0.00630118779138119,0.00310691163428415,0.00949546394847822,-5.50849299674846e-05,-0.000269179910223261,0.000159010050288291,-5.03573386959156e-05,-0.000108573001735572,7.8583243437404e-06,-4.72759127156904e-06,-0.000242367133945703,0.000232911951402565,"brown"
"gpt2",2,0.00648444012942991,0.0017396657188146,0.0112292145400452,0.00628016273823916,0.00160937760319271,0.0109509478732856,0.00556572197931066,0.00107895393587202,0.0100524900227493,0.000204277391190745,-0.00013785840372754,0.000546413186109031,0.000918718150119247,9.58623140285363e-05,0.00174157398620996,-0.000714440758928502,-0.00138575195497773,-4.3129562879269e-05,"brown"
"gpt2",3,0.00608348413537066,0.0010199251503509,0.0111470431203904,0.00581878143163194,0.000863898682756249,0.0107736641805076,0.00520462269064937,0.000313629632512095,0.0100956157487866,0.000264702703738723,-0.000529724725273843,0.00105913013275129,0.000878861444721287,9.8628158403783e-05,0.00165909473103879,-0.000614158740982565,-0.00158568319562424,0.00035736571365911,"brown"
"gpt2",4,0.00598657076606825,0.00132165753489743,0.0106514839972391,0.00581800113638648,0.00116061819578496,0.010475384076988,0.00488748296200434,0.00016841347902724,0.00960655244498143,0.000168569629681771,-0.000357265508104813,0.000694404767468355,0.00109908780406391,0.000206706987425511,0.00199146862070231,-0.000930518174382139,-0.00172832036880309,-0.000132715979961185,"brown"
"gpt2",5,0.00590795976307028,0.00118747608829047,0.0106284434378501,0.00634189976447292,0.00128730546530609,0.0113964940636398,0.00471657361584112,-0.00021578134488592,0.00964892857656815,-0.00043394000140264,-0.0012087415788058,0.000340861576000516,0.00119138614722917,0.000152907193748086,0.00222986510071025,-0.00162532614863181,-0.0026660392590189,-0.000584613038244712,"brown"
"gpt2",6,0.00618186241947632,0.0011067001036588,0.0112570247352939,0.00633384662316738,0.00108430783131234,0.0115833854150224,0.00484772856592393,-0.000290770549588194,0.00998622768143605,-0.000151984203691061,-0.00103806637356264,0.000734097966180522,0.00133413385355239,9.74292994155932e-05,0.0025708384076892,-0.00148611805724346,-0.00291486028497439,-5.7375829512523e-05,"brown"
"gpt2",7,0.00630994111091979,0.00108939600684216,0.0115304862149974,0.00618597899870713,0.00121574590976026,0.011156212087654,0.00480652286873648,-0.000347808032443299,0.00996085376991625,0.000123962112212662,-0.000940881260041666,0.00118880548446699,0.00150341824218331,0.000411499965425226,0.0025953365189414,-0.00137945612997065,-0.00261568310481504,-0.000143229155126262,"brown"
"gpt2",10,0.0068131836910668,0.00196721619109857,0.011659151191035,0.00595251159573547,0.00122058058972651,0.0106844426017444,0.00529282486438668,0.000547113760155381,0.010038535968618,0.000860672095331334,-0.000451454835089871,0.00217279902575254,0.00152035882668012,0.000361477075965972,0.00267924057739428,-0.00065968673134879,-0.00198863584979977,0.000669262387102188,"brown"
"gpt2",12,0.00669782828116241,0.00178615062889497,0.0116095059334298,0.00593950487731135,0.00108687744136044,0.0107921323132623,0.00552894860673218,0.000739241154560273,0.0103186560589041,0.000758323403851055,-0.000678757893429668,0.00219540470113178,0.00116887967443023,-0.000298615555795343,0.0026363749046558,-0.000410556270579175,-0.0017119825395171,0.000890869998358754,"brown"
"gpt2",16,0.0061134544410886,0.00127002662840285,0.0109568822537743,0.00584225180301704,0.00108272480499894,0.0106017788010351,0.00562800411506477,0.000790690541561084,0.0104653176885685,0.000271202638071557,-0.000912152914293329,0.00145455819043644,0.000485450326023826,-0.00131725055501154,0.0022881512070592,-0.000214247687952269,-0.0015619139284285,0.00113341855252396,"brown"
"gpt2",20,0.00608351849589293,0.00115945668355888,0.011007580308227,0.00494777478913936,-0.00021473135071897,0.0101102809289977,0.00626870253498206,0.00151611262300914,0.011021292446955,0.00113574370675357,-0.000408271399812253,0.0026797588133194,-0.000185184039089138,-0.00204961028029349,0.00167924220211522,0.00132092774584271,-0.000142272770319345,0.00278412826200476,"brown"
"gpt2",25,0.0066569557745206,0.00135846773017345,0.0119554438188677,0.00546805175055721,0.000282391802761883,0.0106537116983525,0.00716794310954498,0.00226488132741407,0.0120710048916759,0.00118890402396339,-0.000257339085485393,0.00263514713341217,-0.000510987335024386,-0.00230745566733304,0.00128548099728427,0.00169989135898778,0.000558249988536775,0.00284153272943878,"brown"
"gpt2",32,0.00843819555305883,0.00342004091522131,0.0134563501908964,0.00580321151964428,0.00066819752675502,0.0109382255125335,0.00811437447759148,0.00343006407946208,0.0127986848757209,0.00263498403341455,0.00110195780060865,0.00416801026622045,0.000323821075467353,-0.00173551173421252,0.00238315388514723,0.0023111629579472,0.000554154241837794,0.0040681716740566,"brown"
"gpt2",40,0.00885468594214266,0.00363011909815047,0.0140792527861348,0.00607274596581805,0.000585708795227673,0.0115597831364084,0.00871034774561929,0.00379942123846571,0.0136212742527729,0.0027819399763246,0.000599257178122608,0.0049646227745266,0.000144338196523363,-0.00189502941421422,0.00218370580726095,0.00263760177980124,0.000547714292403384,0.00472748926719909,"brown"
"gpt2",50,0.00966855266060271,0.00423921590899291,0.0150978894122125,0.00677525441808574,0.000900017597192201,0.0126504912389793,0.00959638352138815,0.00450042745531877,0.0146923395874575,0.00289329824251698,0.000482398278299066,0.00530419820673488,7.21691392145601e-05,-0.00166763770665636,0.00181197598508548,0.00282112910330242,0.000947665110177834,0.004694593096427,"brown"
"gpt2",64,0.00926592262479349,0.00455757320799438,0.0139742720415926,0.00599734952400344,0.00139395715766519,0.0106007418903417,0.00876351156704972,0.00448229394931501,0.0130447291847844,0.00326857310079005,0.000777838900860328,0.00575930730071976,0.000502411057743771,-0.00122864920315593,0.00223347131864347,0.00276616204304627,0.00118577932364249,0.00434654476245006,"brown"
"gpt2",80,0.0104083353770061,0.00534745460548413,0.0154692161485281,0.00669394380064596,0.00118211360250417,0.0122057739987878,0.00806923891272824,0.00414675956260438,0.0119917182628521,0.00371439157636017,0.00137470051341069,0.00605408263930965,0.0023390964642779,0.000285278336751151,0.00439291459180464,0.00137529511208228,-0.00125780299554647,0.00400839321971102,"brown"
"gpt2",100,0.0106550257969214,0.00581406916875274,0.0154959824250901,0.00639508052811603,0.000934081960055426,0.0118560790961766,0.00831582197912057,0.0045989058183228,0.0120327381399183,0.0042599452688054,0.00186233013180364,0.00665756040580715,0.00233920381780086,0.000213785439651666,0.00446462219595005,0.00192074145100454,-0.000977651842491602,0.00481913474450068,"brown"
"gpt2",128,0.010278654489134,0.00576489549842555,0.0147924134798424,0.00665902380141152,0.00112067414015924,0.0121973734626638,0.00893982553517876,0.00536054761898276,0.0125191034513748,0.00361963068772246,0.000200083836411998,0.00703917753903292,0.00133882895395522,-0.000670897043591921,0.00334855495150237,0.00228080173376724,-0.00102831834097497,0.00558992180850945,"brown"
"gpt2",160,0.0105027379098082,0.00590027639645234,0.015105199423164,0.00672924057940491,0.000836823189743855,0.012621657969066,0.009029616104103,0.00550937798914291,0.0125498542190631,0.00377349733040324,-0.000660239543056879,0.00820723420386336,0.00147312180570515,-0.000743815594259167,0.00369005920566947,0.00230037552469809,-0.0014599571106513,0.00606070816004748,"brown"
"gpt2",200,0.0107048086515222,0.00581933887943592,0.0155902784236085,0.00735413976398077,0.00101871117575114,0.0136895683522104,0.0100712218134649,0.00629539441994148,0.0138470492069884,0.00335066888754145,-0.00115132056914555,0.00785265834422846,0.000633586838057299,-0.00156190516206421,0.00282907883817881,0.00271708204948416,-0.000845404126007332,0.00627956822497565,"brown"
"gpt2",256,0.0111021413945372,0.00617076763786212,0.0160335151512123,0.00709344610067582,0.000944138689966717,0.0132427535113849,0.0104835769690658,0.00653382178811162,0.01443333215002,0.00400869529386139,-0.000305086790428587,0.00832247737815136,0.000618564425471407,-0.00135155662381759,0.0025886854747604,0.00339013086838998,6.66407447420126e-05,0.00671362099203795,"brown"
"gpt2",320,0.0114649261565128,0.00634815637556334,0.0165816959374622,0.00716756927445813,0.000967154091507613,0.0133679844574086,0.011354740571287,0.00726531265526033,0.0154441684873137,0.00429735688205465,-0.000123081951275117,0.00871779571538441,0.00011018558522574,-0.00205815262371404,0.00227852379416552,0.00418717129682891,0.00107450453411485,0.00729983805954296,"brown"
"gpt2",400,0.0115341601287376,0.00624182132835775,0.0168264989291175,0.00736517018756384,0.0011266227731199,0.0136037176020078,0.0116798815512642,0.00770239917516053,0.0156573639273678,0.0041689899411738,-0.000356622428896166,0.00869460231124376,-0.000145721422526522,-0.00253583759577832,0.00224439475072527,0.00431471136370032,0.0011823758651973,0.00744704686220334,"brown"
"gpt2",512,0.0120538532993007,0.00676877787763292,0.0173389287209684,0.0072744777943835,0.00103088644881356,0.0135180691399534,0.0116040136857301,0.00769123201839126,0.015516795353069,0.00477937550491718,0.000172683988634242,0.00938606702120013,0.00044983961357054,-0.0020861191411515,0.00298579836829258,0.00432953589134664,0.000976601781295567,0.00768247000139772,"brown"
"gpt2",640,0.0120577617335296,0.00681382402518217,0.017301699441877,0.00731076197739975,0.00102448320642878,0.0135970407483707,0.0116594490998703,0.00773072563445922,0.0155881725652814,0.00474699975612985,-1.74839370811058e-06,0.00949574790596782,0.000398312633659323,-0.00210809758801973,0.00290472285533838,0.00434868712247053,0.000892832625609079,0.00780454161933198,"brown"
"gpt2",800,0.0121023442850218,0.00682655705675581,0.0173781315132878,0.00735090128129268,0.00103374058114731,0.013668061981438,0.0116314117667728,0.00767657733345519,0.0155862462000903,0.00475144300372913,-6.1019885305433e-05,0.00956390589276369,0.000470932518249046,-0.0019991530679721,0.00294101810447019,0.00428051048548008,0.000778718635491739,0.00778230233546843,"brown"
"gpt2",1023,0.0121142005260034,0.00680289152927453,0.0174255095227323,0.00727821645726293,0.000983184333736775,0.0135732485807891,0.0116747437758133,0.00770760404333712,0.0156418835082896,0.00483598406874049,8.47003300540666e-05,0.00958726780742691,0.000439456750190066,-0.00204978651521563,0.00292870001559576,0.00439652731855042,0.00093477386841771,0.00785828076868313,"brown"
"gpt2-medium",1,0.00754048178876616,0.00445831628626443,0.0106226472912679,0.0074659587077244,0.00438702268876936,0.0105448947266794,0.0075321494520222,0.00435882481965383,0.0107054740843906,7.45230810417595e-05,-0.000232887235323569,0.000381933397407088,8.33233674395333e-06,-0.000183487941339451,0.000200152614827358,6.61907442978061e-05,-0.000315995855949708,0.00044837734454532,"brown"
"gpt2-medium",2,0.00753382053481345,0.00253358714849917,0.0125340539211277,0.00729063970497013,0.00236896559096491,0.0122123138189753,0.00653289844658338,0.00187132409350863,0.0111944727996581,0.000243180829843327,-0.000234668387710883,0.000721030047397538,0.00100092208823007,0.000128802827806539,0.00187304134865361,-0.000757741258386747,-0.00142911235729458,-8.63701594789108e-05,"brown"
"gpt2-medium",3,0.00648486766648382,0.00155544356442151,0.0114142917685461,0.00617597751360355,0.0011994306783829,0.0111525243488242,0.00548851879211256,0.00088417062823832,0.0100928669559868,0.000308890152880273,-0.000372421681796439,0.000990201987556985,0.000996348874371258,7.08177168914503e-05,0.00192188003185107,-0.000687458721490985,-0.00166276817248445,0.000287850729502477,"brown"
"gpt2-medium",4,0.00599394014152626,0.00106412425123902,0.0109237560318135,0.00567733063696912,0.000870061888061808,0.0104845993858764,0.00500826331519271,-7.65515350366341e-06,0.0100241817838891,0.000316609504557138,-0.000278037792467031,0.000911256801581307,0.00098567682633355,0.000170378065796434,0.00180097558687066,-0.000669067321776411,-0.00155154809057473,0.000213413447021912,"brown"
"gpt2-medium",5,0.00507352191497648,0.00057501833686362,0.00957202549308933,0.00555514357480011,0.000634345355648768,0.0104759417939515,0.00430786870492468,-0.000164974805275026,0.00878071221512439,-0.000481621659823632,-0.00132583564759753,0.000362592327950266,0.000765653210051793,-0.000275643183993192,0.00180694960409678,-0.00124727486987543,-0.00240414031278942,-9.04094269614272e-05,"brown"
"gpt2-medium",6,0.00548004797980096,0.000637886768952742,0.0103222091906492,0.00541951452166081,0.000484978119946329,0.0103540509233753,0.0048726136522935,0.000281332666613558,0.00946389463797343,6.05334581401498e-05,-0.0011133818074581,0.00123444872373839,0.000607434327507468,-0.000703350509930061,0.001918219164945,-0.000546900869367318,-0.00209244936852672,0.00099864762979208,"brown"
"gpt2-medium",7,0.00552792663432851,0.000454796749831281,0.0106010565188257,0.0054867215258377,0.000778908601408748,0.0101945344502666,0.0049045398680351,2.79120536302415e-05,0.00978116768243997,4.12051084908093e-05,-0.0010320289103269,0.00111443912730852,0.000623386766293401,-0.000668725691919165,0.00191549922450597,-0.000582181657802592,-0.0017897077445972,0.000625344428992017,"brown"
"gpt2-medium",10,0.00550983584609835,0.00114390762338098,0.00987576406881572,0.00450902717957167,0.000114584622206391,0.00890346973693696,0.00456099171141137,0.000404629825712026,0.00871735359711071,0.00100080866652667,-0.000460596249368791,0.00246221358242214,0.00094884413468698,-0.000905196442874315,0.00280288471224828,5.19645318396926e-05,-0.00193967600978281,0.0020436050734622,"brown"
"gpt2-medium",12,0.00583417713801551,0.00135232611284195,0.0103160281631891,0.00484457870050448,0.000252540055002638,0.00943661734600633,0.00513947419754206,0.000612864121558802,0.00966608427352531,0.000989598437511029,-0.000766812865426856,0.00274600974044891,0.000694702940473455,-0.00124050786638045,0.00262991374732736,0.000294895497037574,-0.00134533597898277,0.00193512697305791,"brown"
"gpt2-medium",16,0.00541478677236255,0.000813008136384305,0.0100165654083408,0.00509143714896443,0.000779425560230638,0.00940344873769823,0.00533442706167181,0.000935124834979284,0.00973372928836433,0.000323349623398112,-0.00129515924471171,0.00194185849150794,8.0359710690736e-05,-0.00182462172323761,0.00198534114461908,0.000242989912707376,-0.00131326001526842,0.00179923984068317,"brown"
"gpt2-medium",20,0.00582295696778921,0.00126786657280289,0.0103780473627755,0.0046322087572625,-0.000148521201562608,0.0094129387160876,0.00623386666881963,0.00161315320258506,0.0108545801350542,0.00119074821052671,-0.000413881147999165,0.00279537756905259,-0.000410909701030418,-0.00251898479286322,0.00169716539080239,0.00160165791155713,-0.000350070577153796,0.00355338640026805,"brown"
"gpt2-medium",25,0.00645451227850159,0.00166583858056016,0.011243185976443,0.00451733146013064,-0.000110205193345772,0.00914486811360706,0.00718676844245117,0.00266969143832644,0.0117038454465759,0.00193718081837094,0.000237072383629477,0.00363728925311241,-0.000732256163949583,-0.00296370394340669,0.00149919161550752,0.00266943698232053,0.000568350478006253,0.0047705234866348,"brown"
"gpt2-medium",32,0.00779843774755924,0.00362268969730224,0.0119741857978162,0.00489784842239028,0.000480221275835699,0.00931547556894487,0.00774292750545605,0.00332737280022608,0.012158482210686,0.00290058932516896,0.0011718225389493,0.00462935611138862,5.55102421031956e-05,-0.00228669509559109,0.00239771557979748,0.00284507908306576,0.000822608511290517,0.00486754965484101,"brown"
"gpt2-medium",40,0.00788315658717027,0.00334651119527066,0.0124198019790699,0.00474227177055983,0.000324560932534143,0.00915998260858551,0.00821012714704342,0.00369063272094158,0.0127296215731453,0.00314088481661044,0.000811531715783281,0.0054702379174376,-0.000326970559873151,-0.00253413131293229,0.00188019019318599,0.00346785537648359,0.000967656708978749,0.00596805404398843,"brown"
"gpt2-medium",50,0.00847642415629698,0.00379164739850162,0.0131612009140924,0.00520299575486576,0.000361347214032144,0.0100446442956994,0.0089540756653147,0.00453403776845927,0.0133741135621701,0.00327342840143123,0.000557573820722698,0.00598928298213976,-0.00047765150901772,-0.00274607740708437,0.00179077438904893,0.00375107991044895,0.00146049189889127,0.00604166792200663,"brown"
"gpt2-medium",64,0.00821581732158744,0.00417226842233133,0.0122593662208436,0.00455799934471428,0.000617553894311423,0.00849844479511714,0.00871339494266536,0.0046816019998942,0.0127451878854365,0.00365781797687316,0.00097179188266219,0.00634384407108414,-0.000497577621077916,-0.00279453932010934,0.0017993840779535,0.00415539559795108,0.00185573076752415,0.006455060428378,"brown"
"gpt2-medium",80,0.0094831024721562,0.00514736409061904,0.0138188408536934,0.00514273085232942,0.000527296285104265,0.00975816541955457,0.00829667034780907,0.0046210071217604,0.0119723335738577,0.00434037161982679,0.00168035693490907,0.0070003863047445,0.00118643212434713,-0.00147014063886255,0.00384300488755681,0.00315393949547965,0.000146430628357569,0.00616144836260174,"brown"
"gpt2-medium",100,0.00967288361420083,0.00556599078874885,0.0137797764396528,0.00501069423205263,0.000677619032844822,0.00934376943126045,0.00790090240791234,0.00434766059637449,0.0114541442194502,0.0046621893821482,0.00207601047534606,0.00724836828895033,0.00177198120628849,-0.000803545585194684,0.00434750799777166,0.00289020817585971,-0.00044571281849033,0.00622612917020975,"brown"
"gpt2-medium",128,0.00932464553444108,0.00536086536233087,0.0132884257065513,0.00492557990143722,0.000598300880896439,0.009252858921978,0.00890479128006736,0.00526611374375845,0.0125434688163763,0.00439906563300386,0.000911170481008498,0.00788696078499922,0.000419854254373722,-0.00200058708465782,0.00284029559340526,0.00397921137863014,0.000131419796668669,0.00782700296059161,"brown"
"gpt2-medium",160,0.0095566933432212,0.00520139250433229,0.0139119941821101,0.00479355071389249,0.000311068792977652,0.00927603263480732,0.00908302620698597,0.00536997794977864,0.0127960744641933,0.00476314262932871,0.000304284867916759,0.00922200039074066,0.000473667136235229,-0.00219775013337031,0.00314508440584077,0.00428947549309348,7.18376269170607e-05,0.0085071133592699,"brown"
"gpt2-medium",200,0.0097012616953451,0.00517725051608082,0.0142252728746094,0.00520975672699681,0.000329626825755505,0.0100898866282381,0.0101432214055271,0.00638828261635277,0.0138981601947015,0.0044915049683483,-0.000177453944406055,0.00916046388110265,-0.000441959710182027,-0.00305337637524955,0.0021694569548855,0.00493346467853033,0.000928252601011253,0.0089386767560494,"brown"
"gpt2-medium",256,0.0100557949108184,0.00549900201700129,0.0146125878046354,0.00499073439473748,0.000277671600927958,0.009703797188547,0.0105829552138579,0.00679396784531893,0.0143719425823968,0.00506506051608088,0.000528885499179002,0.00960123553298275,-0.000527160303039521,-0.00295897957854092,0.00190465897246188,0.0055922208191204,0.00185766093229366,0.00932678070594714,"brown"
"gpt2-medium",320,0.0101949195265779,0.00553821340029036,0.0148516256528655,0.00508071209249874,0.000343038871487395,0.00981838531351008,0.0114479516781749,0.0075745580373245,0.0153213453190253,0.00511420743407919,0.000408327426673996,0.00982008744148439,-0.00125303215159698,-0.00390220739145532,0.00139614308826136,0.00636723958567617,0.00282929374594563,0.00990518542540671,"brown"
"gpt2-medium",400,0.0102934488787052,0.00548188067212294,0.0151050170852874,0.00514668919024299,0.000297814542946433,0.00999556383753956,0.0117007069175618,0.00795178636487749,0.0154496274702461,0.00514675968846219,0.000349033437175251,0.00994448593974914,-0.00140725803885661,-0.00417486374584091,0.00136034766812769,0.0065540177273188,0.00298503106501379,0.0101230043896238,"brown"
"gpt2-medium",512,0.0108672657763085,0.00610013164552913,0.0156343999070879,0.00521241044070787,0.0002730319267923,0.0101517889546234,0.0118474750126559,0.00808661667155272,0.0156083333537591,0.00565485533560063,0.000877242967849252,0.010432467703352,-0.000980209236347424,-0.00367580042705516,0.00171538195436031,0.00663506457194805,0.00292584680464625,0.0103442823392499,"brown"
"gpt2-medium",640,0.0109255561362944,0.00611913686853228,0.0157319754040565,0.00519525880876805,0.000218009798006851,0.0101725078195293,0.011838663047431,0.00809298064014682,0.0155843454547151,0.00573029732752632,0.000848096898765674,0.010612497756287,-0.000913106911136606,-0.00363628619036757,0.00181007236809436,0.00664340423866293,0.00289259412476526,0.0103942143525606,"brown"
"gpt2-medium",800,0.0109708589722758,0.006101174562083,0.0158405433824686,0.0052052185942224,0.000205366635295493,0.0102050705531493,0.011802693350388,0.00802856233002595,0.01557682437075,0.00576564037805341,0.000901158157219297,0.0106301225988875,-0.000831834378112166,-0.00358236228295075,0.00191869352672642,0.00659747475616557,0.00280646411136049,0.0103884854009707,"brown"
"gpt2-medium",1023,0.010935421865907,0.00611597031678692,0.0157548734150271,0.00521770508392485,0.000249314870561947,0.0101860952972878,0.011828354017913,0.00808827861926873,0.0155684294165573,0.00571771678198215,0.000811451437969056,0.0106239821259952,-0.000892932152005989,-0.00360461233423107,0.00181874803021909,0.00661064893398814,0.00283352996862418,0.0103877678993521,"brown"
"gpt2-large",1,0.00779452043514818,0.00357751118095544,0.0120115296893409,0.00766627808879944,0.00347082677512573,0.0118617294024732,0.00779662854997068,0.00344984273325244,0.0121434143666889,0.000128242346348733,-0.000180155347529542,0.000436640040227007,-2.10811482249879e-06,-0.000192857480392748,0.00018864125074775,0.000130350461171231,-0.000278600069514374,0.000539300991856837,"brown"
"gpt2-large",2,0.00565044373974112,0.00201203409865177,0.00928885338083048,0.00559060649718708,0.00198123266027696,0.00919998033409721,0.00476235810749358,0.0013368782378385,0.00818783797714865,5.9837242554039e-05,-0.000278268147905991,0.000397942633014069,0.000888085632247546,0.000131359260532201,0.00164481200396289,-0.000828248389693507,-0.00146091214192292,-0.000195584637464097,"brown"
"gpt2-large",3,0.00494631234051137,0.000946727578597575,0.00894589710242516,0.00473842666322553,0.000722828061048737,0.00875402526540233,0.00420304775769086,0.000363317537980757,0.00804277797740096,0.000207885677285836,-0.000477995753522301,0.000893767108093973,0.000743264582820512,-6.86260907837225e-05,0.00155515525642475,-0.000535378905534675,-0.00146291308551895,0.000392155274449596,"brown"
"gpt2-large",4,0.00427291780627461,0.00072041501355646,0.00782542059899277,0.00399173875244886,0.00042923702196279,0.00755424048293493,0.00359284852798531,-0.000236868770631579,0.0074225658266022,0.000281179053825755,-0.000321805845766814,0.000884163953418324,0.000680069278289305,-8.60296228404247e-05,0.00144616817941903,-0.00039889022446355,-0.00128768965001225,0.000489909201085147,"brown"
"gpt2-large",5,0.00426423917749481,0.000740708480551259,0.00778776987443837,0.00467246113411991,0.000761247335015989,0.00858367493322383,0.00376866600342336,-1.4692072483875e-05,0.00755202407933059,-0.000408221956625097,-0.00117670426063271,0.000360260347382516,0.000495573174071455,-0.000350560809177494,0.0013417071573204,-0.000903795130696552,-0.00194006399877708,0.000132473737383972,"brown"
"gpt2-large",6,0.00428441086037955,0.0005459695953231,0.008022852125436,0.00421168461719882,0.000358373728373531,0.00806499550602411,0.00371582010389516,-4.75077194174028e-05,0.00747914792720772,7.27262431807304e-05,-0.000830420256817923,0.000975872743179384,0.000568590756484392,-0.000532298008738396,0.00166947952170718,-0.000495864513303661,-0.00189507423367121,0.000903345207063892,"brown"
"gpt2-large",7,0.00412662217196768,0.000522523597257055,0.00773072074667831,0.00386899973651856,0.000569893951943637,0.00716810552109349,0.00379103754324872,-5.979404211143e-06,0.00758805449070858,0.000257622435449116,-0.000720300929506601,0.00123554580040483,0.000335584628718964,-0.000778118612545539,0.00144928786998347,-7.79621932698481e-05,-0.00136872420809208,0.00121279982155238,"brown"
"gpt2-large",10,0.00396704394454702,0.000621706691478797,0.00731238119761524,0.00285869494731273,-0.000313072634461111,0.00603046252908656,0.00338202421074343,-9.9026081731277e-05,0.00686307450321814,0.00110834899723429,-7.27669252048111e-05,0.0022894649196734,0.00058501973380359,-0.000697764184850971,0.00186780365245815,0.000523329263430703,-0.000873312525392561,0.00191997105225397,"brown"
"gpt2-large",12,0.00388054488279722,0.000584295050552522,0.00717679471504192,0.0029000953460366,-0.000379548336968628,0.00617973902904183,0.00375189965759369,0.000243809157318021,0.00725999015786936,0.000980449536760616,-0.000403285221230855,0.00236418429475209,0.000128645225203528,-0.00129064457863208,0.00154793502903914,0.000851804311557088,-0.000423051163987708,0.00212665978710188,"brown"
"gpt2-large",16,0.00394741144228306,0.00033137113703284,0.00756345174753329,0.00297285130336791,-0.00031337368264191,0.00625907628937772,0.00403255913702452,0.000444487627518076,0.00762063064653097,0.000974560138915158,-0.000263622193005796,0.00221274247083611,-8.51476947414565e-05,-0.00170332754240454,0.00153303215292162,0.00105970783365661,-0.000180992934491107,0.00230040860180433,"brown"
"gpt2-large",20,0.0044146547909821,0.00080130470707689,0.0080280048748873,0.00285753647580676,-0.000436690947536108,0.00615176389914963,0.00524972960635879,0.00116644395754427,0.00933301525517331,0.00155711831517533,0.000255612823703863,0.0028586238066468,-0.000835074815376696,-0.00258980758505029,0.0009196579542969,0.00239219313055203,0.000786977684722648,0.00399740857638141,"brown"
"gpt2-large",25,0.00498128677819016,0.00123753433345781,0.00872503922292251,0.00344143177858521,-3.83538882042229e-05,0.00692121744537464,0.00577589253913115,0.00173947245384461,0.00981231262441768,0.00153985499960495,0.000238259881818055,0.00284145011739185,-0.000794605760940986,-0.00248500845627419,0.00089579693439222,0.00233446076054594,0.000759057951558253,0.00390986356953363,"brown"
"gpt2-large",32,0.00599907452312105,0.00240040773944264,0.00959774130679945,0.0036968044197958,0.00022058695022647,0.00717302188936512,0.00618599477889615,0.00231770835465862,0.0100542812031337,0.00230227010332525,0.000838510200504496,0.00376603000614601,-0.000186920255775102,-0.00237761259455185,0.00200377208300164,0.00248919035910035,0.000542058391440494,0.00443632232676022,"brown"
"gpt2-large",40,0.00599279630613006,0.00205214441192023,0.0099334482003399,0.0033207761255742,-0.000115701134213948,0.00675725338536235,0.00639358969171433,0.00243184506898629,0.0103553343144424,0.00267202018055586,0.000508650601278441,0.00483538975983327,-0.000400793385584271,-0.00257570372329378,0.00177411695212524,0.00307281356614013,0.000587369241138367,0.00555825789114189,"brown"
"gpt2-large",50,0.00662229613704072,0.00270136527704924,0.0105432269970322,0.00337251745726758,-0.000267663132648284,0.00701269804718345,0.00755454419718986,0.00361649962931833,0.0114925887650614,0.00324977867977314,0.00095390061038697,0.00554565674915931,-0.000932248060149138,-0.00303818017677429,0.00117368405647602,0.00418202673992228,0.00221578233357772,0.00614827114626684,"brown"
"gpt2-large",64,0.00672015210363676,0.00313585780548195,0.0103044464017916,0.00326219418521653,-5.44902756646863e-05,0.00657887864609774,0.00761263115403244,0.00392196957625799,0.0113032927318069,0.00345795791842023,0.00111721020154973,0.00579870563529073,-0.000892479050395682,-0.00300650851734505,0.00122155041655369,0.00435043696881591,0.00239732887052238,0.00630354506710944,"brown"
"gpt2-large",80,0.00802135571092507,0.00408344497748921,0.0119592664443609,0.00375214504476139,6.05750015135295e-05,0.00744371508800924,0.00728560568482976,0.00399018040509576,0.0105810309645638,0.00426921066616368,0.00223743546599458,0.00630098586633278,0.000735750026095312,-0.00128790079218155,0.00275940084437217,0.00353346064006837,0.00122322764580803,0.00584369363432871,"brown"
"gpt2-large",100,0.00811556977813833,0.00406703648970701,0.0121641030665697,0.00377897444173155,2.20677695903916e-05,0.00753588111387271,0.00707478973568869,0.00382802578973498,0.0103215536816424,0.00433659533640678,0.00210290519243812,0.00657028548037544,0.00104078004244965,-0.00121290558145755,0.00329446566635685,0.00329581529395714,0.000514196771915017,0.00607743381599926,"brown"
"gpt2-large",128,0.00780239089807994,0.00385230234928014,0.0117524794468797,0.00396616077268579,5.62752536668945e-05,0.00787604629170468,0.00780941840267637,0.0042901020658501,0.0113287347395026,0.00383623012539415,0.00105354523488895,0.00661891501589936,-7.02750459642791e-06,-0.00231375815700709,0.00229970314781424,0.00384325762999058,0.000380256199907123,0.00730625906007404,"brown"
"gpt2-large",160,0.00787412622379204,0.00338413571209624,0.0123641167354878,0.0040705794221935,-9.89345414180807e-05,0.00824009338580509,0.00808025488473905,0.00445054780933343,0.0117099619601447,0.00380354680159854,-5.96191181599891e-05,0.00766671272135706,-0.000206128660947013,-0.00259719772641931,0.00218494040452529,0.00400967546254555,0.000289164406587468,0.00773018651850363,"brown"
"gpt2-large",200,0.00807341478290178,0.00355520635568443,0.0125916232101191,0.00457949192622702,-0.000109184489086648,0.00926816834154069,0.00900458853497528,0.00525291486488199,0.0127562622050686,0.00349392285667476,-0.000308951677995164,0.00729679739134468,-0.000931173752073498,-0.00328489140839753,0.00142254390425053,0.00442509660874826,0.000701046900501683,0.00814914631699483,"brown"
"gpt2-large",256,0.00850710596774459,0.00387848289376438,0.0131357290417248,0.00456462906098389,5.88095773411393e-05,0.00907044854462664,0.00951410515768578,0.0055619427936924,0.0134662675216792,0.0039424769067607,0.000266794423562656,0.00761815938995874,-0.0010069991899412,-0.00311642129658066,0.00110242291669827,0.00494947609670189,0.0015648320590601,0.00833412013434368,"brown"
"gpt2-large",320,0.00879188916676893,0.00402477501492809,0.0135590033186098,0.00469948285287266,8.27694136954346e-05,0.00931619629204988,0.0100822007530582,0.00600953383509385,0.0141548676710226,0.00409240631389627,0.000321170070624432,0.00786364255716811,-0.00129031158628931,-0.00336700016247521,0.000786376989896586,0.00538271790018558,0.00215014546340169,0.00861529033696948,"brown"
"gpt2-large",400,0.00903720715513489,0.00401228579401196,0.0140621285162578,0.00474143061860356,0.000128524622289994,0.00935433661491713,0.010202807399137,0.00632447569240004,0.0140811391058739,0.00429577653653133,0.000256203816819935,0.00833534925624272,-0.00116560024400208,-0.00350957415609799,0.00117837366809382,0.00546137678053341,0.00226242683848424,0.00866032672258258,"brown"
"gpt2-large",512,0.0094621502565455,0.00454304627165106,0.0143812542414399,0.00479320763041034,9.64864821953538e-05,0.00948992877862532,0.0103464977404379,0.00644739174113259,0.0142456037397432,0.00466894262613516,0.000664987853649729,0.00867289739862059,-0.000884347483892416,-0.0033399941505756,0.00157129918279077,0.00555329011002758,0.00226996412361444,0.00883661609644072,"brown"
"gpt2-large",640,0.00946841388598911,0.004573631012354,0.0143631967596242,0.00485075475628946,8.68303415550798e-05,0.00961467917102385,0.0102968836830544,0.00643021977003258,0.0141635475960763,0.00461765912969965,0.000489342182765117,0.00874597607663418,-0.00082846979706531,-0.00326609826984501,0.00160915867571439,0.00544612892676496,0.00199724340343815,0.00889501445009177,"brown"
"gpt2-large",800,0.00942286912916649,0.00452714807096112,0.0143185901873719,0.00485489493889506,8.64142876796058e-05,0.00962337559011052,0.010303213075964,0.00643581011010432,0.0141706160418237,0.00456797419027143,0.000402958600261218,0.00873298978028164,-0.000880343946797512,-0.00331914431154602,0.001558456417951,0.00544831813706894,0.00198034619381138,0.0089162900803265,"brown"
"gpt2-large",1023,0.00945170478222203,0.00453833530688321,0.0143650742575609,0.00485498268953194,8.76744077731549e-05,0.00962229097129072,0.0102982071405502,0.00643073738348672,0.0141656768976136,0.00459672209269009,0.00041890868063568,0.0087745355047445,-0.000846502358328131,-0.00329526144266208,0.00160225672600582,0.00544322445101822,0.00197385027708931,0.00891259862494714,"brown"
"gpt2-xl",1,0.00763089244249714,0.00363461181319827,0.011627173071796,0.00756353772709741,0.00360550823050552,0.0115215672236893,0.00766561287905389,0.00356666536939393,0.0117645603887138,6.73547153997296e-05,-0.000213162558327273,0.000347871989126732,-3.47204365567423e-05,-0.000195233527833495,0.00012579265472001,0.000102075151956472,-0.000260821855644637,0.000464972159557581,"brown"
"gpt2-xl",2,0.00555038166335353,0.00138162844619442,0.00971913488051265,0.00545132188401534,0.00127492526483691,0.00962771850319377,0.00463457919158497,0.000693275314323578,0.00857588306884636,9.9059779338194e-05,-0.000323266294163484,0.000521385852839872,0.000915802471768565,0.000158219152984347,0.00167338579055278,-0.000816742692430371,-0.00142331939835074,-0.000210165986509998,"brown"
"gpt2-xl",3,0.00496282828094233,0.000518473361072843,0.00940718320081181,0.0048103775245174,0.00030177836515573,0.00931897668387907,0.00423175694048511,-2.26923532735297e-05,0.00848620623424374,0.000152450756424925,-0.000576820321913273,0.000881721834763124,0.000731071340457221,-0.000152929628821431,0.00161507230973587,-0.000578620584032296,-0.0015526627280018,0.000395421559937209,"brown"
"gpt2-xl",4,0.00385488775643905,0.000229082962239073,0.00748069255063902,0.00358824937253302,-0.000223120833695336,0.00739961957876138,0.0033023456175019,-0.000494445562588085,0.00709913679759189,0.000266638383906029,-0.000339195518710115,0.000872472286522173,0.000552542138937148,-0.000223603164136244,0.00132868744201054,-0.000285903755031119,-0.00104111850442658,0.000469310994364339,"brown"
"gpt2-xl",5,0.00374836303181195,-0.000224135513345799,0.0077208615769697,0.00391389865605091,-0.000196060664932715,0.00802385797703454,0.00329237448418092,-0.000814663750996184,0.00739941271935803,-0.000165535624238965,-0.000778816436864785,0.000447745188386856,0.000455988547631024,-0.000422306333659736,0.00133428342892178,-0.000621524171869989,-0.0014340358455931,0.000190987501853124,"brown"
"gpt2-xl",6,0.00384988491745136,-0.000325015948270809,0.00802478578317353,0.00364313592896386,-0.000473131973233724,0.00775940383116144,0.00352461334548261,-0.000561872123057891,0.0076110988140231,0.000206748988487502,-0.000587905516476254,0.00100140349345126,0.000325271571968753,-0.0007350892132996,0.00138563235723711,-0.000118522583481251,-0.00139871564296262,0.00116167047600012,"brown"
"gpt2-xl",7,0.0032093509340276,-0.000800451810021906,0.00721915367807712,0.00289980209910516,-0.000594068906980048,0.00639367310519036,0.00305421227079302,-0.00101259826874889,0.00712102281033493,0.000309548834922447,-0.000491369690289948,0.00111046736013484,0.000155138663234584,-0.000861213645330544,0.00117149097179971,0.000154410171687863,-0.000946559539881145,0.00125537988325687,"brown"
"gpt2-xl",10,0.00252898249082212,-0.00113754450258594,0.00619550948423018,0.00188708256101574,-0.00131055283326154,0.00508471795529301,0.00253658565455888,-0.00116056218486786,0.00623373349398562,0.000641899929806382,-0.000316051185967748,0.00159985104558051,-7.60316373675717e-06,-0.00115110910772734,0.00113590278025382,0.000649503093543139,-0.000662834157217908,0.00196184034430419,"brown"
"gpt2-xl",12,0.00282893993251786,-0.000728752154167099,0.00638663201920281,0.00228349402672922,-0.00115300906902796,0.0057199971224864,0.00319123731515197,-0.000665336973080652,0.00704781160338459,0.000545445905788637,-0.000388750369616222,0.0014796421811935,-0.000362297382634112,-0.00176846490224408,0.00104387013697585,0.00090774328842275,-0.000671700606139218,0.00248718718298472,"brown"
"gpt2-xl",16,0.00279342957434382,-0.000895725254032548,0.00648258440272019,0.00238833062959326,-0.000842906894998306,0.00561956815418484,0.0035266680221545,-6.58449246265891e-05,0.00711918096893559,0.000405098944750557,-0.000728502538547716,0.00153870042804883,-0.00073323844781068,-0.0024264492260354,0.000959972330414039,0.00113833739256124,-0.000214030596598802,0.00249070538172128,"brown"
"gpt2-xl",20,0.0029512887336069,-0.000383244541527362,0.00628582200874116,0.0017484624553869,-0.00143015072996991,0.00492707564074371,0.00381019597217257,-0.000129253376238778,0.00774964532058392,0.00120282627822,0.000172919136035797,0.0022327334204042,-0.000858907238565671,-0.00274579328472206,0.00102797880759071,0.00206173351678567,0.000197882997487908,0.00392558403608343,"brown"
"gpt2-xl",25,0.00348563296111957,-0.000222892317454548,0.0071941582396937,0.00232606444154102,-0.00121344746965668,0.00586557635273872,0.00515102488173447,0.00102647201943122,0.00927557774403772,0.00115956851957856,-0.000181916427760597,0.00250105346691771,-0.0016653919206149,-0.00358700894412925,0.000256225102899452,0.00282496044019345,0.000940715554454132,0.00470920532593277,"brown"
"gpt2-xl",32,0.00482428112684055,0.00126701649204234,0.00838154576163876,0.00285377158727191,-0.000680068647370028,0.00638761182191385,0.00587223825067363,0.0019250113077863,0.00981946519356095,0.00197050953956864,0.000429035577729182,0.0035119835014081,-0.00104795712383308,-0.0033621805770082,0.00126626632934205,0.00301846666340172,0.000910740116337679,0.00512619321046576,"brown"
"gpt2-xl",40,0.0046505613385275,0.000966620434621209,0.0083345022424338,0.00269839724893288,-0.00108663337089896,0.00648342786876471,0.0060858544514148,0.00211492507566376,0.0100567838271658,0.00195216408959463,-0.000360163379514764,0.00426449155870402,-0.0014352931128873,-0.00385202497522921,0.000981438749454621,0.00338745720248192,0.000773530039547866,0.00600138436541598,"brown"
"gpt2-xl",50,0.00543451883777271,0.00170693324530418,0.00916210443024124,0.00319949754009742,-0.00106201180566265,0.00746100688585749,0.00744033200516793,0.00354308735100175,0.0113375766593341,0.00223502129767529,-0.000282554543876979,0.00475259713922755,-0.00200581316739523,-0.00414062883897404,0.000129002504183583,0.00424083446507051,0.00192956875086875,0.00655210017927227,"brown"
"gpt2-xl",64,0.00505370871036679,0.0018894490827087,0.00821796833802488,0.00327888577975995,-0.000693373229200238,0.00725114478872013,0.00753226490835768,0.00391456468019987,0.0111499651365155,0.00177482293060684,-0.00082227555075531,0.004371921411969,-0.00247855619799089,-0.00447783732596265,-0.000479275070019129,0.00425337912859773,0.0016955226690757,0.00681123558811976,"brown"
"gpt2-xl",80,0.00676400990524375,0.0029802808335429,0.0105477389769446,0.00353916560088491,-0.000678798963163342,0.00775713016493317,0.00732899663967694,0.00419067236461924,0.0104673209147346,0.00322484430435883,0.00087941604495331,0.00557027256376436,-0.000564986734433191,-0.00278803861200498,0.0016580651431386,0.00378983103879203,0.000956149348951046,0.00662351272863301,"brown"
"gpt2-xl",100,0.00704936336739677,0.00328892002065033,0.0108098067141432,0.00335696353972543,-0.000586260025927308,0.00730018710537817,0.00730399019887454,0.00397459081240954,0.0106333895853395,0.00369239982767134,0.00149943325305482,0.00588536640228786,-0.000254626831477775,-0.00261215276718312,0.00210289910422757,0.00394702665914911,0.000746410002650349,0.00714764331564788,"brown"
"gpt2-xl",128,0.00682945079723892,0.00336409378730309,0.0102948078071748,0.00351577036132461,-0.000455839459620546,0.00748738018226977,0.00771545506156606,0.00426992356907958,0.0111609865540525,0.00331368043591431,0.000524411823107575,0.00610294904872105,-0.000886004264327133,-0.00353844304735657,0.00176643451870231,0.00419968470024144,0.000284189765145181,0.00811517963533771,"brown"
"gpt2-xl",160,0.00697981144311059,0.00309734899913687,0.0108622738870843,0.00347679721330575,-0.000611924419424479,0.00756551884603597,0.00793101076307509,0.00435426439517867,0.0115077571309715,0.00350301422980484,-0.000148382071716067,0.00715441053132576,-0.000951199319964497,-0.00347281812550346,0.00157041948557446,0.00445421354976934,0.000254645744343702,0.00865378135519498,"brown"
"gpt2-xl",200,0.0070576579575126,0.00310633824236785,0.0110089776726574,0.00396935790566433,-0.000631697519074294,0.00857041333040296,0.00894753596834314,0.00535103895738637,0.0125440329792999,0.00308830005184827,-0.00067405370203334,0.00685065380572987,-0.00188987801083054,-0.00424321584175893,0.00046345982009784,0.00497817806267881,0.000803417033495772,0.00915293909186185,"brown"
"gpt2-xl",256,0.00761923895462287,0.00347534639700957,0.0117631315122362,0.00392706108489931,-0.000505465177109488,0.00835958734690811,0.00935803150967961,0.0055913242951616,0.0131247387241976,0.00369217786972356,-0.000110463869021016,0.00749481960846813,-0.00173879255505674,-0.00389051817044388,0.000412933060330396,0.0054309704247803,0.00144069465707288,0.00942124619248772,"brown"
"gpt2-xl",320,0.00794347447686206,0.00373220522275921,0.0121547437309649,0.00390499995060679,-0.000689255384724271,0.00849925528593784,0.0100912547078002,0.00617718651690294,0.0140053228986974,0.00403847452625528,0.000187754313600761,0.00788919473890979,-0.00214778023093811,-0.00427706670287454,-1.84937590016832e-05,0.00618625475719339,0.00227198491876385,0.0101005245956229,"brown"
"gpt2-xl",400,0.0081804675863639,0.00373871517894662,0.0126222199937812,0.00407008137042304,-0.000566775224030236,0.00870693796487631,0.0103742515067197,0.00659069583194386,0.0141578071814956,0.00411038621594087,0.000107571912216814,0.00811320051966492,-0.00219378392035581,-0.00450229654520148,0.000114728704489862,0.00630417013629668,0.00237409756558562,0.0102342427070077,"brown"
"gpt2-xl",512,0.00853102985333964,0.00415350779177588,0.0129085519149034,0.00391609120683948,-0.000661812217603682,0.00849399463128265,0.0102686664691545,0.00644831327957841,0.0140890196587307,0.00461493864650016,0.000633989864926839,0.00859588742807348,-0.0017376366158149,-0.00405829659609547,0.000583023364465666,0.00635257526231506,0.00239018319216132,0.0103149673324688,"brown"
"gpt2-xl",640,0.00854968810277208,0.00417344960785861,0.0129259265976855,0.0039275060871385,-0.000642439666094602,0.0084974518403716,0.0102696051407088,0.00641145694809812,0.0141277533333195,0.00462218201563358,0.000630403940820144,0.00861396009044701,-0.00171991703793675,-0.00405527309347152,0.000615439017598017,0.00634209905357033,0.00230034826453373,0.0103838498426069,"brown"
"gpt2-xl",800,0.00856849565869955,0.00417971527080921,0.0129572760465899,0.00392771959712403,-0.000641007777570332,0.00849644697181839,0.0102468765201263,0.00639490480578057,0.014098848234472,0.00464077606157553,0.000631635058800761,0.00864991706435029,-0.00167838086142676,-0.00398367383085715,0.000626912108003639,0.00631915692300228,0.00227131983988559,0.010366994006119,"brown"
"gpt2-xl",1023,0.00857911660499171,0.00419342640079269,0.0129648068091907,0.00393286388764965,-0.000636771726866393,0.0085024995021657,0.0102518167494258,0.00639922931889423,0.0141044041799574,0.00464625271734206,0.000628328723883079,0.00866417671080104,-0.00167270014443411,-0.00398848884208695,0.000643088553218732,0.00631895286177617,0.00226785306316904,0.0103700526603833,"brown"
"gpt2",1,1.15057601107188e-05,-0.00018144335084123,0.000204454871062667,1.39708637506726e-05,-0.000187632053691998,0.000215573781193343,1.80752017471374e-05,-0.00018007214352853,0.000216222547022805,-2.46510363995384e-06,-1.32897536808849e-05,8.35954640097726e-06,-6.56944163641862e-06,-1.41879092744087e-05,1.04902600157143e-06,4.10433799646478e-06,-7.36675900976485e-06,1.55754350026944e-05,"osff"
"gpt2",2,0.000441807929884624,0.000201759898061764,0.000681855961707483,0.000400437224629666,0.000168509323433849,0.000632365125825483,0.000431570080102915,0.000194199391314045,0.000668940768891784,4.1370705254958e-05,-3.2102681693303e-05,0.000114844092203219,1.02378497817088e-05,-4.34556161570674e-05,6.3931315720485e-05,3.11328554732492e-05,-8.1867834582313e-05,0.000144133545528811,"osff"
"gpt2",3,0.000737134516742153,0.000446035262299675,0.00102823377118463,0.000697064387782392,0.000393681175865526,0.00100044759969926,0.000691976006830309,0.00041342300157436,0.000970529012086258,4.00701289597611e-05,-4.65360576424355e-05,0.000126676315561958,4.51585099118437e-05,-3.40551158972284e-05,0.000124372135720916,-5.08838095208259e-06,-0.000133475209377234,0.000123298447473069,"osff"
"gpt2",4,0.000985596665573848,0.000626773104476087,0.00134442022667161,0.000922208389370579,0.000575122659184227,0.00126929411955693,0.00087673985921772,0.00051774985581277,0.00123572986262267,6.33882762032693e-05,-5.73605596163186e-05,0.000184137112022857,0.000108856806356129,-7.37937036550556e-06,0.000225092983077763,-4.54685301528594e-05,-0.000226252348224032,0.000135315287918314,"osff"
"gpt2",5,0.00102767757743954,0.000688659933640107,0.00136669522123897,0.000966844303832306,0.000649433067436923,0.00128425554022769,0.000913568494623983,0.000569735479778341,0.00125740150946963,6.08332736072328e-05,-0.000100633616854267,0.000222300164068732,0.000114109082815556,-5.19246281264643e-06,0.000233410628443758,-5.32758092083232e-05,-0.000279565239629569,0.000173013621212923,"osff"
"gpt2",6,0.00100458211432822,0.000609798003751148,0.00139936622490529,0.000980341478919318,0.000551487907961804,0.00140919504987683,0.000917744610190238,0.000495074355178815,0.00134041486520166,2.42406354088994e-05,-0.00015451190217818,0.000202993172995978,8.68375041379799e-05,-5.64192477326807e-05,0.00023009425600864,-6.25968687290804e-05,-0.000357494391844199,0.000232300654386038,"osff"
"gpt2",7,0.000988861303779485,0.000540503525370481,0.00143721908218849,0.000952773316866363,0.000492522543298471,0.00141302409043425,0.000980375674102074,0.000509955919136698,0.00145079542906745,3.60879869131218e-05,-0.000131396914102635,0.000203572887928878,8.48562967741046e-06,-0.000143341673211956,0.000160312932566777,2.76023572357114e-05,-0.000244530414036068,0.000299735128507491,"osff"
"gpt2",10,0.00102135517389911,0.00054451863185686,0.00149819171594136,0.000920782217890183,0.000451929115599778,0.00138963532018059,0.00109178152900912,0.000562267516491075,0.00162129554152716,0.000100572956008926,-9.97754165408364e-05,0.000300921328558689,-7.04263551100063e-05,-0.000226806056327798,8.5953346107785e-05,0.000170999311118932,-0.000143503378034871,0.000485502000272736,"osff"
"gpt2",12,0.0011481580250305,0.000669442585553688,0.0016268734645073,0.00104280347351751,0.000571962482500474,0.00151364446453455,0.00118580797380367,0.000623240071811485,0.00174837587579585,0.000105354551512984,-9.90459778054374e-05,0.000309755080831405,-3.76499487731693e-05,-0.000228528962671815,0.000153229065125477,0.000143004500286153,-0.000209463248066804,0.000495472248639111,"osff"
"gpt2",16,0.00116699900271089,0.000635091025938984,0.0016989069794828,0.00121484017777604,0.00068476080687044,0.00174491954868164,0.00125226948067652,0.000662515708114912,0.00184202325323813,-4.78411750651513e-05,-0.00034846138003733,0.000252779029907027,-8.52704779656298e-05,-0.00036793027949202,0.000197389323560761,3.74293029004785e-05,-0.000496490659380833,0.00057134926518179,"osff"
"gpt2",20,0.00134179869352183,0.000796410039225576,0.00188718734781809,0.00138816338973312,0.00075275802268572,0.00202356875678052,0.00139614508082099,0.000779884158466433,0.00201240600317554,-4.63646962112856e-05,-0.000339521510647339,0.000246792118224768,-5.43463872991531e-05,-0.000369735765766878,0.000261042991168572,7.98169108786745e-06,-0.000528608789224705,0.00054457217140044,"osff"
"gpt2",25,0.00164015538537259,0.00100234671118095,0.00227796405956423,0.00171485411484888,0.00110391898791491,0.00232578924178285,0.00176459792317435,0.000999281756829996,0.0025299140895187,-7.46987294762892e-05,-0.000386759564897185,0.000237362105944607,-0.000124442537801754,-0.000426975423110321,0.000178090347506813,4.97438083254647e-05,-0.000521050703308263,0.000620538319959192,"osff"
"gpt2",32,0.00193828748316443,0.00130522736869853,0.00257134759763033,0.00199901055070827,0.00138561707021261,0.00261240403120393,0.00201358247726123,0.00125604969914738,0.00277111525537509,-6.07230675438394e-05,-0.000451459881185367,0.000330013746097688,-7.5294994096804e-05,-0.000408721267612487,0.000258131279418879,1.45719265529646e-05,-0.000604126162573736,0.000633270015679666,"osff"
"gpt2",40,0.00220606840396419,0.00150413611026696,0.00290800069766141,0.00215313268704594,0.00146855277909568,0.00283771259499621,0.00228054790175324,0.00162609024287153,0.00293500556063494,5.29357169182429e-05,-0.00041924020115616,0.000525111634992645,-7.44794977890517e-05,-0.000414823453655229,0.000265864458077125,0.000127415214707295,-0.000427270979683321,0.00068210140909791,"osff"
"gpt2",50,0.00249484224270228,0.00176801875425152,0.00322166573115304,0.00238750693576243,0.00156034589737984,0.00321466797414502,0.00259486821444379,0.00188889150089908,0.0033008449279885,0.00010733530693985,-0.00046584828090077,0.00068051889478047,-0.000100025971741506,-0.00038031798455137,0.000180266041068359,0.000207361278681355,-0.000470787935055427,0.000885510492418138,"osff"
"gpt2",64,0.00278529916815526,0.00192412606625253,0.00364647227005799,0.00272976227524547,0.00185913181699856,0.00360039273349237,0.00318247920334837,0.00226332298767676,0.00410163541901999,5.55368929097875e-05,-0.000614323812387168,0.000725397598206743,-0.000397180035193114,-0.000855916922067,6.15568516807715e-05,0.000452716928102902,-0.000280055222850616,0.00118548907905642,"osff"
"gpt2",80,0.00334031034507362,0.00238912919276267,0.00429149149738458,0.00297141779994772,0.00203890435739662,0.00390393124249882,0.0037605868615889,0.00289811053038146,0.00462306319279634,0.000368892545125898,-0.000479737009452749,0.00121752209970455,-0.000420276516515277,-0.00100674039769868,0.000166187364668121,0.000789169061641176,-8.00894318698976e-05,0.00165842755515225,"osff"
"gpt2",100,0.00386226827367416,0.00293671917699027,0.00478781737035804,0.00327030450292924,0.00226223228311516,0.00427837672274332,0.00434981357059401,0.00349799603544831,0.0052016311057397,0.000591963770744916,-0.000187891243375442,0.00137181878486527,-0.000487545296919851,-0.00110696811076975,0.000131877516930054,0.00107950906766477,0.000259643744122262,0.00189937439120727,"osff"
"gpt2",128,0.00452390471395645,0.00356116331924021,0.00548664610867269,0.00363179882026731,0.00251307728663111,0.0047505203539035,0.00493277460921588,0.00392832785045234,0.00593722136797943,0.000892105893689143,0.000153213964941938,0.00163099782243635,-0.000408869895259433,-0.00106360590524343,0.000245866114724561,0.00130097578894858,0.000493467721090181,0.00210848385680697,"osff"
"gpt2",160,0.00496912001414215,0.003960653332082,0.0059775866962023,0.00382800559093014,0.00258457691023863,0.00507143427162165,0.00553645720007139,0.00451081649455681,0.00656209790558597,0.00114111442321201,0.0003355938589979,0.00194663498742612,-0.000567337185929245,-0.00127978630726012,0.000145111935401628,0.00170845160914126,0.000793474134241169,0.00262342908404134,"osff"
"gpt2",200,0.00565327078835064,0.00459651052827191,0.00671003104842937,0.00404578066467505,0.00274793612096293,0.00534362520838717,0.00580436987429097,0.00472019762130139,0.00688854212728055,0.00160749012367559,0.00082346665045241,0.00239151359689876,-0.000151099085940331,-0.000646143923204382,0.00034394575132372,0.00175858920961592,0.000976558895983632,0.00254061952324821,"osff"
"gpt2",256,0.00581729032508358,0.00467440607015244,0.00696017458001473,0.00419039301272075,0.00273053516666495,0.00565025085877654,0.00596248697155854,0.00479508836694137,0.00712988557617571,0.00162689731236284,0.000571507235686101,0.00268228738903957,-0.000145196646474959,-0.000774962120586596,0.000484568827636677,0.0017720939588378,0.00100471706525968,0.00253947085241591,"osff"
"gpt2",320,0.0061604223721697,0.00492852040812933,0.00739232433621008,0.00427343384133125,0.00281676533367395,0.00573010234898856,0.00608982326589315,0.00492008063721485,0.00725956589457145,0.00188698853083845,0.000930503802257965,0.00284347325941893,7.05991062765568e-05,-0.000455971862701172,0.000597170075254285,0.00181638942456189,0.0010540114104514,0.00257876743867239,"osff"
"gpt2",400,0.00624284851033757,0.0049404833313129,0.00754521368936225,0.0042956889195088,0.00280227304503522,0.00578910479398237,0.00624341063814588,0.00499176553639029,0.00749505573990146,0.00194715959082877,0.00100880167951677,0.00288551750214077,-5.62127808304583e-07,-0.000594984462080766,0.000593860206464157,0.00194772171863708,0.001193949794739,0.00270149364253515,"osff"
"gpt2",512,0.00635092150222791,0.00494221107296868,0.00775963193148713,0.00435798212161286,0.00285000906844796,0.00586595517477775,0.00625082697522052,0.00495198356734597,0.00754967038309506,0.00199293938061505,0.00108191431717881,0.00290396444405129,0.000100094527007389,-0.000575175978386655,0.000775365032401434,0.00189284485360766,0.00104792681230248,0.00273776289491284,"osff"
"gpt2",640,0.00643446720806896,0.00501349471046315,0.00785543970567478,0.00435168058274883,0.00287016655011119,0.00583319461538646,0.00627161238779701,0.00500015098182242,0.0075430737937716,0.00208278662532014,0.00115224080851404,0.00301333244212623,0.000162854820271953,-0.000541161354534073,0.00086687099507798,0.00191993180504818,0.00110198487640261,0.00273787873369376,"osff"
"gpt2",800,0.0064558112095838,0.00505971908663163,0.00785190333253597,0.00435114161822244,0.00285338574777725,0.00584889748866764,0.00626115552344751,0.00499952943650263,0.00752278161039239,0.00210466959136136,0.00114873995923371,0.003060599223489,0.000194655686136292,-0.000515465182015713,0.000904776554288297,0.00191001390522506,0.00106868216999462,0.00275134564045551,"osff"
"gpt2",1023,0.00646506934726797,0.00505769699151767,0.00787244170301826,0.00434832790534202,0.00285076074044941,0.00584589507023462,0.00626280177391495,0.00499932938389806,0.00752627416393184,0.00211674144192595,0.00117135069405862,0.00306213218979328,0.000202267573353015,-0.000501466534468436,0.000906001681174465,0.00191447386857294,0.00108648317730422,0.00274246455984165,"osff"
"gpt2-medium",1,0.000327908642539143,5.87124275974065e-05,0.00059710485748088,0.000296138492691446,2.65820628392505e-05,0.000565694922543642,0.000309973592738582,5.42050035671919e-05,0.000565742181909973,3.1770149847697e-05,-3.85682881252572e-06,6.73971285079196e-05,1.79350498005608e-05,4.11246586408295e-07,3.54588530147133e-05,1.38351000471362e-05,-2.00730149132085e-05,4.77432150074808e-05,"osff"
"gpt2-medium",2,0.000766269957992015,0.000434422366837986,0.00109811754914604,0.000696011183628548,0.000368432393542532,0.00102358997371456,0.000748222987129427,0.000419146397068022,0.00107729957719083,7.02587743634664e-05,-1.11584570415907e-05,0.000151676005768524,1.80469708625871e-05,-4.96892870328884e-05,8.57832287580626e-05,5.22118035008793e-05,-8.36311907631389e-05,0.000188054797764898,"osff"
"gpt2-medium",3,0.0010298828600303,0.000609506083918313,0.00145025963614228,0.000921924847431632,0.000521135219171565,0.0013227144756917,0.00101280071722991,0.000591700058371036,0.00143390137608878,0.000107958012598666,1.34541102910029e-05,0.000202461914906329,1.70821428003917e-05,-7.64368587124916e-05,0.000110601144313275,9.08758697982743e-05,-6.7087426142657e-05,0.000248839165739206,"osff"
"gpt2-medium",4,0.00128700626790761,0.000845585226283064,0.00172842730953217,0.00114189029733724,0.000709028068232588,0.00157475252644189,0.0011988011982951,0.000749563122943117,0.00164803927364708,0.000145115970570376,-7.03799547372975e-06,0.000297269936614482,8.82050696125152e-05,-7.38315019640786e-05,0.000250241641189109,5.69109009578611e-05,-0.000208152788164082,0.000321974590079804,"osff"
"gpt2-medium",5,0.00124422076953779,0.000845520282805214,0.00164292125627037,0.00112656445767294,0.000702645999543024,0.00155048291580285,0.00114672733706466,0.00073012751916933,0.00156332715496,0.000117656311864855,-9.69865612586575e-05,0.000332299184988368,9.74934324731281e-05,-7.30637115552582e-05,0.000268050576501514,2.01628793917269e-05,-0.000309315293450117,0.000349641052233571,"osff"
"gpt2-medium",6,0.0012015109390075,0.000735860212905174,0.00166716166510983,0.00116000141631804,0.000640535502529029,0.00167946733010706,0.00109995139290372,0.000586779353109636,0.0016131234326978,4.15095226894597e-05,-0.000172551305064525,0.000255570350443444,0.000101559546103785,-0.000112883144056867,0.000316002236264437,-6.00500234143251e-05,-0.000446775508181491,0.000326675461352841,"osff"
"gpt2-medium",7,0.00112223608905832,0.000609120500166521,0.00163535167795012,0.00106216063284533,0.00054695659221858,0.00157736467347208,0.00109543005879904,0.00055698733920536,0.00163387277839271,6.00754562129912e-05,-0.000115699571701507,0.00023585048412749,2.68060302592855e-05,-0.000191416245574765,0.000245028306093336,3.32694259537056e-05,-0.000300889757250539,0.00036742860915795,"osff"
"gpt2-medium",10,0.0012535647141501,0.000704404517680766,0.00180272491061944,0.0011516538241627,0.000547918979603868,0.00175538866872154,0.00128157782579248,0.000687040968644044,0.00187611468294091,0.0001019108899874,-0.000114428988364444,0.000318250768339244,-2.80131116423755e-05,-0.000283840413093166,0.000227814189808415,0.000129924001629775,-0.000295947294905451,0.000555795298165001,"osff"
"gpt2-medium",12,0.00137765489076061,0.000835882296749312,0.00191942748477191,0.00129236408117229,0.00070353665493447,0.00188119150741012,0.00138526906032782,0.000776001520014627,0.00199453660064101,8.52908095883205e-05,-0.000163879697701863,0.000334461316878504,-7.61416956720457e-06,-0.000258941243756072,0.000243712904621663,9.29049791555251e-05,-0.000346014870156947,0.000531824828467997,"osff"
"gpt2-medium",16,0.00147787324586545,0.000879546399405658,0.00207620009232525,0.00139895172050078,0.000840942407368002,0.00195696103363356,0.00154924035921586,0.000898544927728766,0.00219993579070296,7.89215253646723e-05,-0.000204095356328244,0.000361938407057589,-7.13671133504109e-05,-0.000476514925452655,0.000333780698751833,0.000150288638715083,-0.000452761439484217,0.000753338716914383,"osff"
"gpt2-medium",20,0.00179063637902465,0.00115075223771788,0.00243052052033143,0.00166600970634896,0.000919669011895825,0.0024123504008021,0.00175024113012556,0.00109687888864462,0.00240360337160651,0.000124626672675689,-0.000252837472635476,0.000502090817986854,4.03952488990867e-05,-0.00041167493324038,0.000492465431038554,8.4231423776602e-05,-0.000588470728050613,0.000756933575603817,"osff"
"gpt2-medium",25,0.00214273813982748,0.00133840180301968,0.00294707447663528,0.00203325558660254,0.00131358560826032,0.00275292556494476,0.00227535392266265,0.00141165899975546,0.00313904884556985,0.000109482553224938,-0.000325225783736949,0.000544190890186825,-0.000132615782835176,-0.000557735356815809,0.000292503791145456,0.000242098336060115,-0.000495920512381832,0.000980117184502061,"osff"
"gpt2-medium",32,0.00264987177472254,0.00189320299863701,0.00340654055080808,0.00252125588246866,0.00183657811626933,0.00320593364866799,0.00266233886892863,0.00178461758459293,0.00354006015326432,0.000128615892253888,-0.000325545506486994,0.000582777290994769,-1.24670942060846e-05,-0.000529660539956888,0.000504726351544719,0.000141082986459972,-0.000578807660821308,0.000860973633741252,"osff"
"gpt2-medium",40,0.00316908062556273,0.00230737907972598,0.00403078217139948,0.00285481739116115,0.00214964436748505,0.00355999041483724,0.00307371242972167,0.00232163763778764,0.0038257872216557,0.000314263234401581,-0.000226896572622714,0.000855423041425877,9.53681958410621e-05,-0.000392448292215401,0.000583184683897525,0.000218895038560519,-0.00031235875765046,0.000750148834771498,"osff"
"gpt2-medium",50,0.00349237008873618,0.00260298643398876,0.0043817537434836,0.00309592781266182,0.00226158459691026,0.00393027102841339,0.00344517741065196,0.00269422285298419,0.00419613196831974,0.000396442276074357,-0.000319802993030873,0.00111268754517959,4.71926780842187e-05,-0.000390825051901222,0.000485210408069659,0.000349249597990139,-0.000389068428288718,0.001087567624269,"osff"
"gpt2-medium",64,0.00398320362519859,0.00316276200760442,0.00480364524279275,0.00354749766062192,0.00270243098745857,0.00439256433378526,0.00417797165488685,0.00329441495579151,0.00506152835398219,0.000435705964576672,-0.000306729324040126,0.00117814125319347,-0.000194768029688262,-0.000762680408764445,0.000373144349387922,0.000630473994264934,-8.91594698970345e-05,0.0013501074584269,"osff"
"gpt2-medium",80,0.00456802774088128,0.00358039653911956,0.005555658942643,0.00377965454200046,0.00287706376685473,0.00468224531714619,0.00475163428066948,0.00387404876296641,0.00562921979837254,0.000788373198880817,-0.000153702101226062,0.0017304484989877,-0.000183606539788201,-0.000877551577804058,0.000510338498227655,0.000971979738669018,0.000147323229643664,0.00179663624769437,"osff"
"gpt2-medium",100,0.00511338030852884,0.00416402085675727,0.0060627397603004,0.00400675812814289,0.00305091070943181,0.00496260554685396,0.00523196951180473,0.00436036793709532,0.00610357108651413,0.00110662218038595,0.000282386249328399,0.0019308581114435,-0.00011858920327589,-0.000883957917069959,0.000646779510518178,0.00122521138366184,0.000468349534222849,0.00198207323310083,"osff"
"gpt2-medium",128,0.00573815623781909,0.00480717763656169,0.0066691348390765,0.0044079060846896,0.00342282392737124,0.00539298824200796,0.00572787457032226,0.00474776327766383,0.00670798586298068,0.0013302501531295,0.000532498592413769,0.00212800171384522,1.02816674968345e-05,-0.000810649334735856,0.000831212669729525,0.00131996848563266,0.000501586915948586,0.00213835005531674,"osff"
"gpt2-medium",160,0.00626543455700795,0.00531158864628514,0.00721928046773076,0.00452111574263317,0.00339596493447228,0.00564626655079407,0.00611294120158547,0.00506034825629983,0.0071655341468711,0.00174431881437478,0.000909996980890613,0.00257864064785895,0.000152493355422483,-0.00068201851238796,0.000987005223232925,0.0015918254589523,0.000725717836778708,0.00245793308112589,"osff"
"gpt2-medium",200,0.00687204819476572,0.00586846366881854,0.0078756327207129,0.00460794082827233,0.00344736084015586,0.00576852081638881,0.00629433617486873,0.00520144868095897,0.00738722366877849,0.00226410736649338,0.00137109498284879,0.00315711975013798,0.000577712019896985,-0.000236187990639462,0.00139161203043343,0.0016863953465964,0.000958331903430676,0.00241445878976212,"osff"
"gpt2-medium",256,0.00686734938579459,0.0057675487174167,0.00796715005417248,0.00476165240383628,0.00355393370789103,0.00596937109978152,0.00645414037262638,0.0053264609800267,0.00758181976522605,0.00210569698195831,0.00102184230379226,0.00318955166012436,0.000413209013168215,-0.000412284340747041,0.00123870236708347,0.0016924879687901,0.000911304585185971,0.00247367135239423,"osff"
"gpt2-medium",320,0.00715575612828875,0.00604848737563836,0.00826302488093914,0.00480290856102765,0.00358832080712717,0.00601749631492812,0.00650594948069896,0.00537642002769744,0.00763547893370047,0.00235284756726111,0.00131500334522095,0.00339069178930126,0.000649806647589798,-9.71704436661228e-05,0.00139678373884572,0.00170304091967131,0.000907475951146174,0.00249860588819644,"osff"
"gpt2-medium",400,0.00718853769252698,0.0060164170262242,0.00836065835882976,0.00479826963447928,0.00352971464418754,0.00606682462477102,0.00662491995645966,0.00543461644605102,0.0078152234668683,0.0023902680580477,0.0013416002897952,0.0034389358263002,0.000563617736067322,-0.000254152594969621,0.00138138806710427,0.00182665032198038,0.00103781585694738,0.00261548478701337,"osff"
"gpt2-medium",512,0.00725575447849208,0.00601895349573102,0.00849255546125314,0.00486243100184396,0.00358286784488258,0.00614199415880533,0.00661262348856451,0.00540088788426541,0.00782435909286361,0.00239332347664812,0.00141134093355294,0.0033753060197433,0.000643130989927565,-0.000197685335354484,0.00148394731520961,0.00175019248672055,0.000921429443108638,0.00257895553033247,"osff"
"gpt2-medium",640,0.00734218827008236,0.00607713837307259,0.00860723816709214,0.00487946511855528,0.00361680474551671,0.00614212549159384,0.00661268488890194,0.00542784086485056,0.00779752891295332,0.00246272315152709,0.00142488601729234,0.00350056028576183,0.000729503381180423,-0.000147672228801814,0.00160667899116266,0.00173321977034666,0.000912838088763204,0.00255360145193012,"osff"
"gpt2-medium",800,0.00732518337229014,0.00608560278645763,0.00856476395812264,0.00490269531899242,0.00363724719025957,0.00616814344772527,0.00660207953658292,0.00540693470355976,0.00779722436960607,0.00242248805329772,0.00139382349680829,0.00345115260978714,0.00072310383570722,-0.000154256049279769,0.00160046372069421,0.0016993842175905,0.000872876512647091,0.0025258919225339,"osff"
"gpt2-medium",1023,0.00735240954941172,0.00612697817865656,0.00857784092016689,0.00489760344942234,0.00362536496778927,0.0061698419310554,0.00658854135350598,0.00539509421198417,0.00778198849502778,0.00245480609998939,0.00143244565108645,0.00347716654889233,0.000763868195905747,-8.1243784566369e-05,0.00160898017637786,0.00169093790408364,0.000855259485192042,0.00252661632297524,"osff"
"gpt2-large",1,0.000268838732078925,-8.89067415830053e-06,0.00054656813831615,0.000246225586178517,-3.16670877126801e-05,0.000524118260069713,0.000254814659561465,-1.28541554931415e-05,0.000522483474616071,2.26131459004082e-05,-8.48423019265558e-06,5.37105219934719e-05,1.40240725174599e-05,-4.20079143596702e-07,2.84682241785164e-05,8.5890733829483e-06,-2.32620693451864e-05,4.0440216111083e-05,"osff"
"gpt2-large",2,0.000654250815379238,0.000363312789382704,0.000945188841375772,0.000611056955531274,0.000325445134190632,0.000896668776871917,0.000630838515374445,0.000337974421271565,0.000923702609477325,4.31938598479632e-05,-3.62314951505247e-05,0.000122619214846451,2.34123000047926e-05,-3.96089908888915e-05,8.64335908984767e-05,1.97815598431706e-05,-0.000105690519482918,0.000145253639169259,"osff"
"gpt2-large",3,0.000859595182769225,0.000505274558316531,0.00121391580722192,0.00078394317113466,0.000433573891603655,0.00113431245066566,0.00082786598334014,0.000468207434518938,0.00118752453216134,7.56520116345654e-05,-2.10490810211861e-05,0.000172353104290317,3.1729199429085e-05,-6.00954745689151e-05,0.000123553873427085,4.39228122054804e-05,-0.000105043567822841,0.000192889192233802,"osff"
"gpt2-large",4,0.00112783078385375,0.000662497580130562,0.00159316398757694,0.00106575337973988,0.000620183798198639,0.00151132296128112,0.00104552036289057,0.000589080996692056,0.00150195972908908,6.20774041138716e-05,-9.01790454600152e-05,0.000214333853687758,8.23104209631843e-05,-5.74351666966584e-05,0.000222056008623027,-2.02330168493128e-05,-0.000250764107249482,0.000210298073550857,"osff"
"gpt2-large",5,0.00104527669406975,0.000621692366545671,0.00146886102159383,0.000954577118854312,0.000533804276503826,0.0013753499612048,0.000948252621985956,0.000536256933488585,0.00136024831048333,9.06995752154392e-05,-0.000100856617885898,0.000282255768316776,9.70240720837948e-05,-4.33530871636678e-05,0.000237401231331257,-6.32449686835559e-06,-0.00026236371372225,0.000249714719985539,"osff"
"gpt2-large",6,0.00100328516670283,0.000526640436974834,0.00147992989643082,0.000995684125004986,0.000495173317894853,0.00149619493211512,0.000922920818091492,0.000447329771510926,0.00139851186467206,7.60104169784233e-06,-0.000162391859261986,0.00017759394265767,8.03643486113363e-05,-8.47697277240493e-05,0.000245498424946722,-7.2763306913494e-05,-0.000366066400004502,0.000220539786177514,"osff"
"gpt2-large",7,0.000961937422814585,0.000469300103113469,0.0014545747425157,0.000889288333096773,0.000388221370344999,0.00139035529584855,0.000937260466377044,0.000457153312477247,0.00141736762027684,7.26490897178123e-05,-8.47558310971323e-05,0.000230054010532757,2.46769564375413e-05,-0.000135690026394617,0.000185043939269699,4.7972133280271e-05,-0.0002118553343372,0.000307799600897743,"osff"
"gpt2-large",10,0.000969017461170989,0.00044172778459073,0.00149630713775125,0.000878766166591515,0.000376247904047772,0.00138128442913526,0.00105473095483803,0.000485691468648956,0.00162377044102711,9.02512945794743e-05,-0.00010059272897466,0.000281095318133609,-8.57134936670451e-05,-0.000296327123081891,0.000124900135747801,0.000175964788246519,-0.000172799118836975,0.000524728695330014,"osff"
"gpt2-large",12,0.00114886875106546,0.000623356870095408,0.00167438063203552,0.00107836802876145,0.00054615336268839,0.00161058269483451,0.00123855621818657,0.000688621548174033,0.0017884908881991,7.05007223040148e-05,-0.000151970837725222,0.000292972282333251,-8.96874671211023e-05,-0.000317926922286654,0.00013855198804445,0.000160188189425117,-0.000206082827487733,0.000526459206337967,"osff"
"gpt2-large",16,0.0012037127385937,0.000572155185941799,0.0018352702912456,0.00114896338850137,0.000575499981318706,0.00172242679568403,0.00133632600916481,0.000720438891017015,0.0019522131273126,5.47493500923322e-05,-0.00024060608795836,0.000350104788143024,-0.000132613270571107,-0.000464091144727194,0.000198864603584979,0.00018736262066344,-0.000318063056971747,0.000692788298298626,"osff"
"gpt2-large",20,0.00150825648179798,0.000822928773197272,0.00219358419039869,0.00146443597759956,0.000702174717823878,0.00222669723737524,0.00150714988611539,0.000882946214053967,0.00213135355817681,4.38205041984229e-05,-0.00030000189153405,0.000387642899930895,1.10659568259657e-06,-0.000382173084399109,0.000384386275764302,4.27139085158263e-05,-0.000554283363274653,0.000639711180306306,"osff"
"gpt2-large",25,0.00183104095481343,0.000989667370168453,0.0026724145394584,0.00175463609313451,0.00106146928889016,0.00244780289737885,0.00200290738320402,0.00115626849401765,0.0028495462723904,7.64048616789197e-05,-0.000336189067249862,0.000488998790607701,-0.000171866428390597,-0.000534403527909549,0.000190670671128355,0.000248271290069516,-0.000399806429831949,0.000896349009970981,"osff"
"gpt2-large",32,0.00221943691598888,0.00141618312008566,0.00302269071189209,0.00223334451496758,0.00159135542794113,0.00287533360199403,0.00235321444721864,0.00152510091222764,0.00318132798220963,-1.39075989787029e-05,-0.000434371825961487,0.000406556628004082,-0.000133777531229759,-0.000511608537292539,0.000244053474833021,0.000119869932251056,-0.000483155466594283,0.000722895331096395,"osff"
"gpt2-large",40,0.00268292625848881,0.00173152392846798,0.00363432858850965,0.00256768747305334,0.00186127752910061,0.00327409741700606,0.00274956261098539,0.00196718406860998,0.0035319411533608,0.000115238785435474,-0.000378967813093096,0.000609445383964044,-6.66363524965806e-05,-0.000498627840806893,0.000365355135813731,0.000181875137932055,-0.000273842971797255,0.000637593247661365,"osff"
"gpt2-large",50,0.00302187014573606,0.00197277916999211,0.00407096112148,0.00281978958495165,0.00202966752606852,0.00360991164383478,0.00316469261157253,0.00235172378761905,0.00397766143552602,0.000202080560784409,-0.000465167355528729,0.000869328477097546,-0.000142822465836474,-0.000541349632269728,0.00025570470059678,0.000344903026620883,-0.000267764424547509,0.000957570477789274,"osff"
"gpt2-large",64,0.00344217045193995,0.00238684749948672,0.00449749340439319,0.00316322302716816,0.002392138716482,0.00393430733785433,0.00373320040358121,0.00273011132310779,0.00473628948405462,0.000278947424771788,-0.000408224381463773,0.000966119231007348,-0.000291029951641255,-0.000837191606701555,0.000255131703419044,0.000569977376413043,-1.80362063898444e-05,0.00115799095921593,"osff"
"gpt2-large",80,0.0039408970231353,0.00278682328446517,0.00509497076180544,0.00348159640728948,0.00268608385274825,0.00427710896183071,0.0042928548075167,0.00332712406662969,0.00525858554840372,0.000459300615845821,-0.000408435130662783,0.00132703636235443,-0.000351957784381399,-0.000992543155081717,0.000288627586318919,0.00081125840022722,0.00010470919116563,0.00151780760928881,"osff"
"gpt2-large",100,0.00447754633438541,0.00330726900425543,0.00564782366451538,0.00361681784413759,0.00275082068482584,0.00448281500344934,0.00478531875738495,0.00377882591908648,0.00579181159568342,0.000860728490247816,3.9520621318014e-05,0.00168193635917762,-0.000307772422999539,-0.00095855571087487,0.000343010864875792,0.00116850091324735,0.000497534571696355,0.00183946725479835,"osff"
"gpt2-large",128,0.00518032751599937,0.00405722331965694,0.0063034317123418,0.00399447919822343,0.00312562629436855,0.00486333210207831,0.00520163897642729,0.00409804947314468,0.00630522847970991,0.00118584831777594,0.000369471728674632,0.00200222490687725,-2.13114604279246e-05,-0.000615233653166513,0.000572610732310664,0.00120715977820386,0.000483821218108741,0.00193049833829899,"osff"
"gpt2-large",160,0.00556089810430219,0.0044274047318402,0.00669439147676418,0.00411082014734184,0.00306566162454516,0.00515597867013851,0.00555469906143702,0.00440798866646704,0.006701409456407,0.00145007795696035,0.000584551060387875,0.00231560485353283,6.1990428651685e-06,-0.0007475111389044,0.000759909224634737,0.00144387891409519,0.000738874511176594,0.00214888331701378,"osff"
"gpt2-large",200,0.00610967462829449,0.0049647954051093,0.00725455385147967,0.00421955420971947,0.00312952589438462,0.00530958252505433,0.00571753611281684,0.00456944163075228,0.00686563059488139,0.00189012041857502,0.00101941909954008,0.00276082173760995,0.000392138515477652,-0.000368475757147081,0.00115275278810238,0.00149798190309736,0.000910208312923516,0.00208575549327121,"osff"
"gpt2-large",256,0.00614124412818953,0.00492082522323847,0.00736166303314059,0.00432182891876448,0.00315246678069543,0.00549119105683353,0.00591492245347614,0.00468746918249589,0.00714237572445638,0.00181941520942505,0.000766264881056777,0.00287256553779332,0.000226321674713396,-0.000597426672988173,0.00105007002241496,0.00159309353471165,0.000951781493818765,0.00223440557560454,"osff"
"gpt2-large",320,0.00649343286881763,0.00523930990800497,0.00774755582963028,0.00442909996523917,0.00323817905756259,0.00562002087291575,0.00599244689502404,0.00475292126887683,0.00723197252117124,0.00206433290357845,0.00110155712765409,0.00302710867950282,0.00050098597379359,-0.000231602573284624,0.00123357452087181,0.00156334692978486,0.000938189274237782,0.00218850458533194,"osff"
"gpt2-large",400,0.00655734232338489,0.00527235157333356,0.00784233307343622,0.00444235883181752,0.0032204804725367,0.00566423719109834,0.00614677035764979,0.00482286904354193,0.00747067167175766,0.00211498349156737,0.00118770031503415,0.00304226666810059,0.000410571965735094,-0.000338398159685276,0.00115954209115546,0.00170441152583228,0.00111064472943173,0.00229817832223282,"osff"
"gpt2-large",512,0.00666196608366632,0.00529981056520261,0.00802412160213003,0.00456479123926634,0.00333046228445171,0.00579912019408097,0.00611709170167516,0.00478302196182688,0.00745116144152344,0.00209717484439998,0.00124543321798322,0.00294891647081675,0.000544874381991159,-0.000205646773136102,0.00129539553711842,0.00155230046240883,0.000922269878422737,0.00218233104639492,"osff"
"gpt2-large",640,0.00677248973961657,0.00540332832010961,0.00814165115912353,0.0045719285518199,0.00334268796632077,0.00580116913731902,0.00611439373594401,0.00480715404816517,0.00742163342372285,0.00220056118779667,0.00127056661309342,0.00313055576249992,0.000658096003672556,-0.000160929494344359,0.00147712150168947,0.00154246518412411,0.000915408524595691,0.00216952184365253,"osff"
"gpt2-large",800,0.00678594534201826,0.00546009997425602,0.0081117907097805,0.00458027874920257,0.00335161078708774,0.0058089467113174,0.00610891676525277,0.00481036101214129,0.00740747251836424,0.00220566659281569,0.00130750264827179,0.00310383053735959,0.000677028576765494,-0.000143905008829882,0.00149796216236087,0.0015286380160502,0.000899811572110316,0.00215746445999008,"osff"
"gpt2-large",1023,0.00681340452960147,0.00549619632706286,0.00813061273214008,0.00457545214658543,0.00334399808703902,0.00580690620613184,0.00610752422673612,0.00480921022497024,0.00740583822850199,0.00223795238301604,0.00135249903233686,0.00312340573369522,0.000705880302865356,-0.000102097436351259,0.00151385804208197,0.00153207208015069,0.00090372766622594,0.00216041649407543,"osff"
"gpt2-xl",1,0.000391210100446358,8.41041496273131e-05,0.000698316051265403,0.000359808294946893,5.57328512616358e-05,0.00066388373863215,0.000373863468124366,7.67614784905874e-05,0.000670965457758145,3.14018054994651e-05,-8.31587543963363e-06,7.11194864385638e-05,1.73466323219921e-05,1.01843768758537e-06,3.36748269563989e-05,1.4055173177473e-05,-2.62752772866998e-05,5.43856236416458e-05,"osff"
"gpt2-xl",2,0.0005102626307241,0.000214779814041407,0.000805745447406792,0.000472435558807247,0.000172399598014061,0.000772471519600433,0.000491063790596923,0.0002043681191183,0.000777759462075545,3.78270719168524e-05,-3.50541813873403e-05,0.000110708325221045,1.91988401271767e-05,-3.01570012957378e-05,6.85546815500912e-05,1.86282317896757e-05,-8.45280354365605e-05,0.000121784499015912,"osff"
"gpt2-xl",3,0.00072018317145021,0.00037490408547133,0.00106546225742909,0.000672228991221251,0.000338683102835078,0.00100577487960742,0.000713197654455974,0.000373986452505614,0.00105240885640633,4.79541802289592e-05,-4.81734045105259e-05,0.000144081764968444,6.98551699423688e-06,-6.55253021591235e-05,7.94963361475972e-05,4.09686632347223e-05,-9.41486725117266e-05,0.000176085998981171,"osff"
"gpt2-xl",4,0.000895168992583851,0.000477651767648684,0.00131268621751902,0.000864675622658408,0.000468516716746777,0.00126083452857004,0.00079993046381867,0.000376584368619876,0.00122327655901746,3.04933699254432e-05,-0.000109445852623321,0.000170432592474207,9.52385287651814e-05,-2.94305197137161e-05,0.000219907577244079,-6.47451588397382e-05,-0.000287447300771051,0.000157956983091575,"osff"
"gpt2-xl",5,0.00084353010565162,0.000446981389422131,0.00124007882188111,0.000809180537728887,0.000437803582847783,0.00118055749260999,0.000754364913268891,0.000344125254978427,0.00116460457155935,3.43495679227332e-05,-0.000144208983184444,0.00021290811902991,8.91651923827298e-05,-2.26451809730557e-05,0.000200975565738515,-5.48156244599966e-05,-0.000301215506236219,0.000191584257316226,"osff"
"gpt2-xl",6,0.000780959635424394,0.000348956335137525,0.00121296293571126,0.000816021974927125,0.000361929812220513,0.00127011413763374,0.000696023099351526,0.000239937754134429,0.00115210844456862,-3.50623395027307e-05,-0.00020509983816061,0.000134975159155148,8.49365360728682e-05,-7.60580842440881e-05,0.000245931156389824,-0.000119998875575599,-0.000413936847699952,0.000173939096548754,"osff"
"gpt2-xl",7,0.000749385408478386,0.000325258236172814,0.00117351258078396,0.000730156882499621,0.000299934974886565,0.00116037879011268,0.00073330000496346,0.000300733204110074,0.00116586680581685,1.92285259787644e-05,-0.000138320940300931,0.00017677799225846,1.6085403514926e-05,-0.00014230543272225,0.000174476239752102,3.14312246383834e-06,-0.000268443607437784,0.000274729852365461,"osff"
"gpt2-xl",10,0.000741629239576028,0.000344756111209614,0.00113850236794244,0.00069596177120471,0.000270793936869581,0.00112112960553984,0.00080121698215638,0.000380472471902715,0.00122196149241005,4.56674683713177e-05,-0.000103898138168994,0.000195233074911629,-5.95877425803527e-05,-0.000242595803381231,0.000123420318220526,0.00010525521095167,-0.000179168930760648,0.000389679352663989,"osff"
"gpt2-xl",12,0.000839566041644237,0.000403571076896744,0.00127556100639173,0.000809785422324295,0.000352470431749305,0.00126710041289929,0.000892026608091697,0.000438630377795336,0.00134542283838806,2.97806193199419e-05,-0.000139478899656646,0.000199040138296529,-5.24605664474605e-05,-0.000248879490122009,0.000143958357227088,8.22411857674025e-05,-0.000217020251866901,0.000381502623401706,"osff"
"gpt2-xl",16,0.000910927022577431,0.000405906239820913,0.00141594780533395,0.00086899868048092,0.000394719495708173,0.00134327786525367,0.000973328363191133,0.000432347167832742,0.00151430955854952,4.19283420965107e-05,-0.000227238027882651,0.000311094712075672,-6.2401340613702e-05,-0.000388984073758435,0.000264181392531031,0.000104329682710213,-0.000365476625070408,0.000574135990490834,"osff"
"gpt2-xl",20,0.0011388171567042,0.000572568841158863,0.00170506547224953,0.00108088335080914,0.000463682520176976,0.00169808418144131,0.00111922080190823,0.000524479649533418,0.00171396195428305,5.79338058950566e-05,-0.000226173284929822,0.000342040896719935,1.95963547959631e-05,-0.00031864610743739,0.000357838817029316,3.83374510990935e-05,-0.000449235142227187,0.000525910044425374,"osff"
"gpt2-xl",25,0.00141533708467804,0.000728421267409483,0.00210225290194659,0.00136915830933852,0.000751422086498799,0.00198689453217824,0.0015281950201959,0.00075225605176483,0.00230413398862697,4.61787753395168e-05,-0.00030379579994056,0.000396153350619594,-0.000112857935517865,-0.000447165324613242,0.000221449453577511,0.000159036710857382,-0.0003884103130847,0.000706483734799464,"osff"
"gpt2-xl",32,0.00173267410513254,0.00108536887379532,0.00237997933646975,0.00173426096636819,0.00115029937177198,0.00231822256096441,0.00181023201520076,0.00109397865067151,0.00252648537973001,-1.58686123565637e-06,-0.000328927689172124,0.000325753966700811,-7.75579100682221e-05,-0.000433680797867922,0.000278564977731478,7.59710488325657e-05,-0.000363994326074729,0.00051593642373986,"osff"
"gpt2-xl",40,0.0021293626707722,0.00132336471310205,0.00293536062844236,0.00197517296212372,0.00134990084657782,0.00260044507766962,0.00224708884291035,0.00158134381216976,0.00291283387365094,0.000154189708648483,-0.000272940907474557,0.000581320324771524,-0.000117726172138149,-0.000561256740920019,0.000325804396643722,0.000271915880786632,-8.14046124670275e-05,0.000625236374040292,"osff"
"gpt2-xl",50,0.00239525415554355,0.00150227120084518,0.00328823711024192,0.00216609393467539,0.0014606472855826,0.00287154058376817,0.00254057171707839,0.00176999706837104,0.00331114636578573,0.000229160220868163,-0.000353213894288752,0.000811534336025078,-0.000145317561534838,-0.000573777126105543,0.000283142003035866,0.000374477782403001,-0.000139334902153677,0.000888290466959679,"osff"
"gpt2-xl",64,0.00284432884619674,0.00190751444760196,0.00378114324479152,0.00256228409491355,0.0019613636829592,0.0031632045068679,0.00309353376857143,0.00213335702798159,0.00405371050916127,0.000282044751283186,-0.000360161597783813,0.000924251100350184,-0.000249204922374689,-0.000791212386982992,0.000292802542233614,0.000531249673657875,-5.40884909580047e-05,0.00111658783827375,"osff"
"gpt2-xl",80,0.00319864192499805,0.00218125465215466,0.00421602919784144,0.00291154994096906,0.00220028345649409,0.00362281642544403,0.00353750961187748,0.00261802449202255,0.00445699473173241,0.000287091984028994,-0.000463259707147233,0.00103744367520522,-0.000338867686879427,-0.00100114557138576,0.00032341019762691,0.000625959670908421,-7.08812622724755e-05,0.00132280060408932,"osff"
"gpt2-xl",100,0.00374763414260294,0.00273443968050758,0.00476082860469831,0.00314934344522861,0.00236291729922049,0.00393576959123674,0.00415746211334062,0.00321076534233691,0.00510415888434432,0.000598290697374329,-0.000132670551334456,0.00132925194608311,-0.000409827970737673,-0.00114294694649781,0.000323291005022463,0.001008118668112,0.000331798020982516,0.00168443931524149,"osff"
"gpt2-xl",128,0.00440675750387961,0.00351415223094199,0.00529936277681722,0.00349340000223721,0.00277776757321946,0.00420903243125497,0.00461614770432593,0.00360901069121615,0.00562328471743571,0.000913357501642393,0.00028168914740643,0.00154502585587836,-0.000209390200446322,-0.000920538352532053,0.00050175795163941,0.00112274770208871,0.00050444785718557,0.00174104754699186,"osff"
"gpt2-xl",160,0.00475534851041743,0.00385686401260079,0.00565383300823407,0.00359080069255355,0.00268812299980375,0.00449347838530336,0.0049107098876327,0.00387778093189259,0.00594363884337282,0.00116454781786388,0.000454525526253173,0.00187457010947458,-0.000155361377215268,-0.000949479475538895,0.000638756721108358,0.00131990919507915,0.000658926209162939,0.00198089218099535,"osff"
"gpt2-xl",200,0.00525940458804648,0.0043274971431797,0.00619131203291326,0.00366099797032092,0.0028037601606838,0.00451823577995805,0.00509194164308831,0.0040627017883112,0.00612118149786543,0.00159840661772556,0.00087120377257604,0.00232560946287508,0.000167462944958166,-0.000571219736309286,0.000906145626225618,0.00143094367276739,0.000905837129762089,0.0019560502157727,"osff"
"gpt2-xl",256,0.00530682724713925,0.00428439737493696,0.00632925711934154,0.00383941907164125,0.00289800516142161,0.00478083298186088,0.00527601628486317,0.00420241232872378,0.00634962024100255,0.00146740817549801,0.000611183550249472,0.00232363280074654,3.0810962276085e-05,-0.000796322185545429,0.000857944110097599,0.00143659721322192,0.00086146903756333,0.00201172538888051,"osff"
"gpt2-xl",320,0.00566070458350698,0.00461302997297617,0.0067083791940378,0.00391544987390025,0.00294873775878377,0.00488216198901674,0.00537700860395838,0.00428424860532487,0.00646976860259189,0.00174525470960673,0.000940760053575105,0.00254974936563835,0.000283695979548603,-0.000447521516186102,0.00101491347528331,0.00146155873005812,0.000786420415355658,0.00213669704476059,"osff"
"gpt2-xl",400,0.0056831478875382,0.00462498357381761,0.00674131220125878,0.00396114503916356,0.0029475999860262,0.00497469009230093,0.00551898579131521,0.00436221889439464,0.00667575268823579,0.00172200284837463,0.000945362171871759,0.00249864352487751,0.000164162096222985,-0.000586976436599937,0.000915300629045906,0.00155784075215165,0.000900332978060027,0.00221534852624327,"osff"
"gpt2-xl",512,0.00577898478049503,0.00467967189463647,0.00687829766635359,0.0040554420100585,0.00302326422733962,0.00508761979277738,0.00552828983519178,0.00438400464459162,0.00667257502579195,0.00172354277043653,0.00102687724352519,0.00242020829734787,0.000250694945303247,-0.000407241023806688,0.000908630914413182,0.00147284782513329,0.000807166741670812,0.00213852890859576,"osff"
"gpt2-xl",640,0.00584374035969702,0.00475134358039024,0.00693613713900381,0.00406304356364119,0.00304203356012083,0.00508405356716154,0.00551097847591632,0.00440753884038967,0.00661441811144297,0.00178069679605584,0.00104597845424998,0.0025154151378617,0.000332761883780702,-0.00037253691375551,0.00103806068131691,0.00144793491227513,0.000786664260531579,0.00210920556401869,"osff"
"gpt2-xl",800,0.00581006924351089,0.00474251341634476,0.00687762507067702,0.00406711023124234,0.00304069386306765,0.00509352659941703,0.00550766513720533,0.00440206548886547,0.00661326478554519,0.00174295901226854,0.00099922207765749,0.0024866959468796,0.000302404106305558,-0.000412351840705587,0.0010171600533167,0.00144055490596299,0.000776925446475044,0.00210418436545093,"osff"
"gpt2-xl",1023,0.00582182077103907,0.00475434862763785,0.00688929291444029,0.00405640771040878,0.00302734630433174,0.00508546911648582,0.00550963880631673,0.00440603447247126,0.00661324314016221,0.00176541306063029,0.00102455645746451,0.00250626966379607,0.000312181964722337,-0.000403186789142165,0.00102755071858684,0.00145323109590795,0.000787454331589979,0.00211900786022593,"osff"
"gpt2",1,0.000574292351129739,-0.000163497920831573,0.00131208262309105,0.000587722155599738,-0.000167880399987532,0.00134332471118701,0.00058769230038765,-0.000155206725453338,0.00133059132622864,-1.34298044699991e-05,-3.59786903418203e-05,9.11908140182202e-06,-1.3399949257911e-05,-2.90398588937336e-05,2.23996037791164e-06,-2.98552120881352e-08,-2.75754719745281e-05,2.75157615503518e-05,"osgd"
"gpt2",2,0.000165542463977961,-8.62754048786655e-05,0.000417360332834587,0.000159552201584502,-8.79018471807378e-05,0.000407006250349742,0.00017924010292026,-7.10350278979399e-05,0.000429515233738459,5.99026239345867e-06,-3.36239644238794e-05,4.56044892107967e-05,-1.36976389422989e-05,-3.5260099771046e-05,7.86482188644832e-06,1.96879013357575e-05,-2.67225112097468e-05,6.60983138812619e-05,"osgd"
"gpt2",3,0.000279048376798036,-6.23860039864248e-05,0.000620482757582496,0.000290469111612669,-3.20818327103866e-05,0.000613020055935725,0.000276178712670489,-3.34425865346926e-05,0.00058580001187567,-1.14207348146338e-05,-5.61127779267808e-05,3.32713082975131e-05,2.86966412754666e-06,-6.37705462187341e-05,6.95098744738274e-05,-1.42903989421805e-05,-8.7025907518335e-05,5.84451096339741e-05,"osgd"
"gpt2",4,0.000375682348639042,-2.51089919419281e-05,0.000776473689220011,0.000375215498969325,-1.99003888539424e-05,0.000770331386792593,0.000321238068586022,-1.15456632749649e-05,0.000654021800447009,4.66849669716223e-07,-7.13755115005768e-05,7.23092108400093e-05,5.44442800530195e-05,-4.27020140099651e-05,0.000151590574116004,-5.39774303833033e-05,-0.000173490538525565,6.55356777589582e-05,"osgd"
"gpt2",5,0.000334039957893175,-7.01007943476861e-05,0.000738180710134036,0.000366038138053953,-7.6320222528681e-05,0.000808396498636587,0.000306725732756327,-2.12794781254628e-05,0.000634730943638116,-3.19981801607785e-05,-0.000116944991788085,5.29486314665284e-05,2.7314225136848e-05,-8.40265453869883e-05,0.000138654995660684,-5.93124052976265e-05,-0.00021820276622414,9.9577955628887e-05,"osgd"
"gpt2",6,0.000276208252603527,-0.000158314298235604,0.000710730803442658,0.000314528023521395,-0.000204650763234746,0.000833706810277537,0.000285541417727359,-9.41535596383076e-05,0.000665236395093025,-3.83197709178682e-05,-0.000165664642807761,8.90251009720249e-05,-9.33316512383164e-06,-0.000120116839935423,0.000101450509687759,-2.89866057940365e-05,-0.000219836244165374,0.000161863032577301,"osgd"
"gpt2",7,0.000260396587902197,-0.000199754434517695,0.000720547610322089,0.000338860516639784,-0.000195607039895197,0.000873328073174765,0.00031905478414968,-6.2288757888639e-05,0.000700398326187998,-7.8463928737587e-05,-0.000200963477533811,4.40356200586366e-05,-5.86581962474827e-05,-0.000205922282839675,8.86058903447098e-05,-1.98057324901042e-05,-0.000246875058077904,0.000207263593097695,"osgd"
"gpt2",10,0.000215134614106647,-0.000265724765367234,0.000695993993580528,0.000261608759769826,-0.000286006754523792,0.000809224274063445,0.000378738695823022,-9.19294897899772e-05,0.000849406881436021,-4.64741456631787e-05,-0.000184052946256195,9.11046549298372e-05,-0.000163604081716375,-0.000321729631324832,-5.47853210791744e-06,0.000117129936053196,-0.000134043123069763,0.000368302995176155,"osgd"
"gpt2",12,0.000271383418317418,-0.000193486155952224,0.00073625299258706,0.000366370393981523,-0.000203868772950629,0.000936609560913674,0.000449702509350464,-3.73431635056672e-05,0.000936748182206595,-9.49869756641045e-05,-0.000264751962900521,7.47780115723124e-05,-0.000178319091033046,-0.000345422064189862,-1.12161178762295e-05,8.33321153689413e-05,-0.000197620899597092,0.000364285130334974,"osgd"
"gpt2",16,0.000324133796467718,-0.000178123981461924,0.00082639157439736,0.000584852260927807,-4.65183506937058e-05,0.00121622287254932,0.000574763260212473,6.83248369138445e-05,0.0010812016835111,-0.000260718464460089,-0.000506891385830433,-1.45455430897456e-05,-0.000250629463744755,-0.00051007876403663,8.81983654712023e-06,-1.00890007153344e-05,-0.000470834050849501,0.000450656049418832,"osgd"
"gpt2",20,0.000506191207459009,-6.68254235079707e-05,0.00107920783842599,0.000820044237767121,5.96292981947258e-05,0.00158045917733952,0.000787963677744821,0.000194450182660966,0.00138147717282868,-0.000313853030308112,-0.000609919941933248,-1.77861186829773e-05,-0.000281772470285812,-0.000572292492322019,8.74755175039513e-06,-3.20805600223004e-05,-0.000494098983636042,0.000429937863591441,"osgd"
"gpt2",25,0.000887459444972078,0.000192733521707465,0.00158218536823669,0.0013282049615639,0.000458181382726093,0.0021982285404017,0.00126227141659978,0.000486527374643719,0.00203801545855585,-0.000440745516591819,-0.000781496910761084,-9.99941224225535e-05,-0.000374811971627707,-0.000691939965602716,-5.76839776526977e-05,-6.59335449641122e-05,-0.000535358643407853,0.000403491553479628,"osgd"
"gpt2",32,0.00131042022804015,0.000520365706502217,0.00210047474957808,0.00172028280350295,0.000821199350965314,0.00261936625604059,0.00174362522774353,0.000881969764891451,0.00260528069059561,-0.000409862575462802,-0.000889777891754327,7.00527408287231e-05,-0.00043320499970338,-0.000901120595279302,3.4710595872542e-05,2.33424242405781e-05,-0.000621847967991293,0.000668532816472449,"osgd"
"gpt2",40,0.00184109946267165,0.000977405171247616,0.00270479375409569,0.00194895173188152,0.000977769697343954,0.00292013376641909,0.00225618701798533,0.00137823126559436,0.0031341427703763,-0.000107852269209868,-0.000690197122177803,0.000474492583758067,-0.000415087555313675,-0.000878871434258953,4.8696323631602e-05,0.000307235286103807,-0.000371329499567038,0.000985800071774653,"osgd"
"gpt2",50,0.00236815386664496,0.00136514896070931,0.0033711587725806,0.00231858418545135,0.00114304126339064,0.00349412710751206,0.00285069118440215,0.00182597571152531,0.00387540665727899,4.95696811936066e-05,-0.000696357768584749,0.000795497130971962,-0.000482537317757192,-0.000892306831402683,-7.27678041117012e-05,0.000532106998950799,-0.000281838702889484,0.00134605270079108,"osgd"
"gpt2",64,0.00288739859723609,0.00168419882841212,0.00409059836606006,0.00293220375698774,0.00172103917300069,0.0041433683409748,0.00378545759566789,0.00237811899907357,0.0051927961922622,-4.48051597516552e-05,-0.00076879065531757,0.00067918033581426,-0.000898058998431802,-0.00145772402180575,-0.000338393975057854,0.000853253838680146,-3.12026796602749e-05,0.00173771035702057,"osgd"
"gpt2",80,0.00387533108033097,0.0024624515179845,0.00528821064267744,0.00330401363263579,0.00199753329101399,0.00461049397425758,0.00494450085639925,0.00366329466139311,0.00622570705140539,0.000571317447695185,-0.000530154622856817,0.00167278951824719,-0.00106916977606828,-0.00174094512348008,-0.000397394428656472,0.00164048722376346,0.00065102218907723,0.00262995225844969,"osgd"
"gpt2",100,0.00471959839220446,0.00314626802308227,0.00629292876132666,0.00382462162737894,0.00233603517669533,0.00531320807806255,0.00612147676620869,0.00461793460098814,0.00762501893142925,0.000894976764825525,-0.000326565002148956,0.00211651853180001,-0.00140187837400423,-0.00225819185794007,-0.000545564890068384,0.00229685513882975,0.00111273046092903,0.00348097981673047,"osgd"
"gpt2",128,0.00586135079813572,0.00417847387645235,0.00754422771981908,0.00438260864651975,0.00268961985574923,0.00607559743729028,0.00685965995355561,0.00502541777799926,0.00869390212911195,0.00147874215161596,0.000261620552242135,0.00269586375098979,-0.000998309155419891,-0.00188115571782765,-0.000115462593012136,0.00247705130703585,0.00133324021845722,0.00362086239561449,"osgd"
"gpt2",160,0.00661906486550958,0.00486269093534759,0.00837543879567158,0.00463019300812792,0.00278533180006978,0.00647505421618605,0.00787453464583598,0.00588140803701455,0.00986766125465741,0.00198887185738166,0.000813291116217942,0.00316445259854539,-0.0012554697803264,-0.00224823418741192,-0.000262705373240876,0.00324434163770806,0.00182819414250227,0.00466048913291385,"osgd"
"gpt2",200,0.007640686215698,0.00565716189918226,0.00962421053221375,0.00504847342033777,0.00322208242394948,0.00687486441672607,0.00848675368523554,0.00644021220070323,0.0105332951697678,0.00259221279536023,0.00127449786349271,0.00390992772722775,-0.000846067469537537,-0.00163577711688014,-5.635782219493e-05,0.00343828026489777,0.0020786549298804,0.00479790559991513,"osgd"
"gpt2",256,0.00798158857243437,0.00591917864681208,0.0100439984980567,0.00532000374550527,0.00330047940190963,0.00733952808910091,0.00871101180807687,0.00663911082646453,0.0107829127896892,0.0026615848269291,0.00111627979046375,0.00420688986339444,-0.000729423235642505,-0.00157059697107717,0.000111750499792163,0.0033910080625716,0.00208850172053281,0.00469351440461039,"osgd"
"gpt2",320,0.00856209696287069,0.00634384626030369,0.0107803476654377,0.00548426946901731,0.0034527290054959,0.00751580993253872,0.00904901074628259,0.00696550344773767,0.0111325180448275,0.00307782749385338,0.00158890121027805,0.00456675377742871,-0.000486913783411899,-0.00115497273697896,0.00018114517015516,0.00356474127726528,0.00225490455362552,0.00487457800090503,"osgd"
"gpt2",400,0.00881160410685263,0.00653731142387765,0.0110858967898276,0.00559123783857824,0.00347989209270343,0.00770258358445305,0.00927556467475617,0.00706332692283045,0.0114878024266819,0.00322036626827439,0.00171502802921946,0.00472570450732932,-0.000463960567903545,-0.00126187159357906,0.000333950457771971,0.00368432683617794,0.00235076575204369,0.00501788792031218,"osgd"
"gpt2",512,0.00897176706307753,0.0065645221762754,0.0113790119498797,0.00568509252201863,0.00352829244122669,0.00784189260281056,0.00921258049180759,0.00697016711038282,0.0114549938732324,0.0032866745410589,0.00179278964704133,0.00478055943507648,-0.000240813428730055,-0.00103354287604829,0.000551916018588183,0.00352748796978896,0.00209938100317509,0.00495559493640283,"osgd"
"gpt2",640,0.00897745344545068,0.00655779231692712,0.0113971145739742,0.00564735154711107,0.00352978846025764,0.0077649146339645,0.00927126267569756,0.00704967603733897,0.0114928493140561,0.00333010189833961,0.00176945733565913,0.00489074646102009,-0.000293809230246876,-0.00115563152699663,0.000568013066502875,0.00362391112858649,0.00222787792257129,0.00501994433460169,"osgd"
"gpt2",800,0.00903749141177962,0.00665582562438049,0.0114191571991787,0.00564507087794135,0.00351912224811609,0.00777101950776662,0.00928016492878954,0.00707862979401492,0.0114817000635642,0.00339242053383827,0.00180812932736174,0.00497671174031479,-0.000242673517009926,-0.00112343675507466,0.000638089721054809,0.00363509405084819,0.00222512483911135,0.00504506326258504,"osgd"
"gpt2",1023,0.0090670042493409,0.00668373694523903,0.0114502715534428,0.00564393461483398,0.00351536099532988,0.00777250823433809,0.00928161150490596,0.00708932539417464,0.0114738976156373,0.00342306963450692,0.00184695928242544,0.00499917998658841,-0.000214607255565057,-0.00111272009344485,0.000683505582314735,0.00363767689007198,0.0022225695715675,0.00505278420857646,"osgd"
"gpt2-medium",1,5.60449994257409e-05,-0.000153981205671803,0.000266071204523285,4.09591601388882e-05,-0.000168544602405001,0.000250462922682777,5.32340146746218e-05,-0.000148350100869721,0.000254818130218964,1.50858392868526e-05,-5.77160816109555e-06,3.59432867348008e-05,2.81098475111908e-06,-1.16938389534966e-05,1.73158084557348e-05,1.22748545357336e-05,-1.00998254400243e-05,3.46495345114914e-05,"osgd"
"gpt2-medium",2,0.000241958070313986,-4.72361067374613e-05,0.000531152247365434,0.000226493563165312,-3.62867616672477e-05,0.000489273887997872,0.000244052408255287,-3.89571680042251e-05,0.000527061984514798,1.54645071486742e-05,-3.35410940128098e-05,6.44701083101583e-05,-2.09433794130007e-06,-2.57324154164796e-05,2.15437395338795e-05,1.75588450899743e-05,-3.99038443150257e-05,7.50215344949743e-05,"osgd"
"gpt2-medium",3,0.000365165748501026,-1.4979797430234e-05,0.000745311294432285,0.000341940902388775,3.99715489860945e-06,0.00067988464987894,0.000362858794392733,3.64271087135987e-06,0.000722074877914106,2.32248461122507e-05,-3.86515640886501e-05,8.51012563131516e-05,2.30695410829283e-06,-6.43050772835704e-05,6.89189855001561e-05,2.09178920039579e-05,-5.69783702159981e-05,9.88141542239139e-05,"osgd"
"gpt2-medium",4,0.000448823178061167,5.65933628247012e-05,0.000841052993297632,0.000404385179998498,1.20155747509061e-05,0.00079675478524609,0.000401209977612327,5.93255124956494e-05,0.000743094442729004,4.44379980626684e-05,-3.85887306185521e-05,0.000127464726743889,4.761320044884e-05,-5.87361364586054e-05,0.000153962537356285,-3.17520238617163e-06,-0.0001435984027576,0.000137247997985257,"osgd"
"gpt2-medium",5,0.000379655757889687,-3.58803407971723e-05,0.000795191856576547,0.000367013799435411,-0.000104129499530331,0.000838157098401153,0.000365833230202746,1.77869373971734e-05,0.000713879523008319,1.26419584542767e-05,-0.000114353124397873,0.000139637041306426,1.38225276869412e-05,-0.000126113004273044,0.000153758059646926,-1.18056923266448e-06,-0.000226721306844029,0.0002243601683787,"osgd"
"gpt2-medium",6,0.000351796599023924,-0.00012735757735048,0.000830950775398328,0.000346519602724793,-0.000236537500076111,0.000929576705525697,0.000338670312734725,-8.43021626382283e-05,0.000761642788107678,5.27699629913167e-06,-0.000146447135364375,0.000157001127962638,1.31262862891997e-05,-0.000136757637166381,0.00016301020974478,-7.849289990068e-06,-0.000266248795508294,0.000250550215528158,"osgd"
"gpt2-medium",7,0.000257835077112307,-0.000249656558853896,0.000765326713078509,0.000325336535307037,-0.000286941475458062,0.000937614546072137,0.000288988102865091,-0.000159739462078337,0.00073771566780852,-6.75014581947309e-05,-0.000235361959734894,0.000100359043345433,-3.11530257527846e-05,-0.000192189736332297,0.000129883684826727,-3.63484324419463e-05,-0.000317136481105928,0.000244439616222035,"osgd"
"gpt2-medium",10,0.000285938475905674,-0.000256578633195051,0.000828455585006399,0.000358383231460959,-0.00030765093236131,0.00102441739528323,0.000440325440998431,-7.23392009628256e-05,0.000952990082959687,-7.24447555552847e-05,-0.000263649614661943,0.000118760103551374,-0.000154386965092757,-0.000344537965527576,3.57640353420623e-05,8.19422095374721e-05,-0.000239366309962184,0.000403250729037129,"osgd"
"gpt2-medium",12,0.000421581811871378,-0.000116715672775149,0.000959879296517905,0.000523801752042123,-0.000195361168612772,0.00124296467269702,0.000589589814648626,5.30271950414982e-05,0.00112615243425575,-0.000102219940170745,-0.000361980649670448,0.000157540769328958,-0.000168008002777248,-0.000378670317859915,4.26543123054196e-05,6.57880626065028e-05,-0.000342045271329117,0.000473621396542123,"osgd"
"gpt2-medium",16,0.000589327406041504,-1.60151302375457e-05,0.00119466994232055,0.000739871371866789,4.87216428572562e-05,0.00143102110087632,0.000831285617844249,0.000263861287845569,0.00139870994784293,-0.000150543965825285,-0.000441269275852339,0.000140181344201768,-0.000241958211802745,-0.000586852505284541,0.000102936081679051,9.14142459774597e-05,-0.000442545341766638,0.000625373833721557,"osgd"
"gpt2-medium",20,0.000878827793351057,0.000210642944221033,0.00154701264248108,0.00113003153561574,0.000266053920939072,0.0019940091502924,0.00113051906198101,0.000498832574788628,0.00176220554917339,-0.00025120374226468,-0.00065809370733493,0.000155686222805571,-0.000251691268629951,-0.000647637116897259,0.000144254579637356,4.87526365271435e-07,-0.00064554117270623,0.000646516225436773,"osgd"
"gpt2-medium",25,0.00140281501142806,0.000495822581810667,0.00230980744104545,0.00176613367788894,0.000774554660139217,0.00275771269563866,0.00181516222084725,0.000921543463631357,0.00270878097806314,-0.000363318666460878,-0.000800077710826512,7.34403779047557e-05,-0.00041234720941919,-0.000872920610715791,4.82261918774108e-05,4.90285429583119e-05,-0.000650638975268286,0.00074869606118491,"osgd"
"gpt2-medium",32,0.00221451999733194,0.00120417163401425,0.00322486836064963,0.00245531032064446,0.00137748960152586,0.00353313103976307,0.00259318466141393,0.0015310024546627,0.00365536686816516,-0.000240790323312524,-0.000758543202506382,0.000276962555881334,-0.000378664664081989,-0.00108054570235521,0.00032321637419123,0.000137874340769465,-0.00078363447266315,0.00105938315420208,"osgd"
"gpt2-medium",40,0.00316404732944869,0.00199734693582468,0.0043307477230727,0.00295590895759396,0.00185315333500263,0.00405866458018529,0.00336040684899268,0.00232643014304278,0.00439438355494257,0.000208138371854723,-0.000555022307858399,0.000971299051567846,-0.00019635951954399,-0.000898771865369957,0.000506052826281976,0.000404497891398714,-0.000528641443574137,0.00133763722637156,"osgd"
"gpt2-medium",50,0.00383366573745021,0.00250551137199817,0.00516182010290224,0.0034018133434258,0.00211414944341466,0.00468947724343694,0.00418689989176936,0.00303032092793665,0.00534347885560208,0.000431852394024408,-0.000527370987728614,0.00139107577577743,-0.000353234154319159,-0.00099107939305073,0.000284611084412411,0.000785086548343568,-0.000371121635648509,0.00194129473233564,"osgd"
"gpt2-medium",64,0.00467274268575444,0.00333258097523314,0.00601290439627575,0.00412642378451307,0.00284922912080067,0.00540361844822547,0.0053197231561035,0.00389480178342027,0.00674464452878673,0.000546318901241373,-0.000308104034191544,0.00140074183667429,-0.000646980470349057,-0.00118951453552291,-0.0001044464051752,0.00119329937159043,0.000147482007020568,0.00223911673616029,"osgd"
"gpt2-medium",80,0.00593091445401522,0.00427873310109066,0.00758309580693979,0.0044719545243466,0.00313750129263961,0.00580640775605358,0.00652971665087287,0.00510181406228833,0.0079576192394574,0.00145895992966863,0.000176948659223254,0.002740971200114,-0.000598802196857643,-0.00144919444420404,0.000251590050488749,0.00205776212652627,0.000802297748200119,0.00331322650485242,"osgd"
"gpt2-medium",100,0.00683677748379712,0.00503154730376521,0.00864200766382903,0.00503755619602731,0.00353933282142363,0.00653577957063099,0.00757810755348639,0.00599211147650271,0.00916410363047006,0.00179922128776981,0.000516821995345087,0.00308162058019453,-0.000741330069689268,-0.0018087143082509,0.000326054168872363,0.00254055135745908,0.00127936760432965,0.00380173511058851,"osgd"
"gpt2-medium",128,0.00789244932880719,0.00607732866435129,0.00970756999326309,0.00562683469330044,0.00400586151225638,0.0072478078743445,0.00829487642244787,0.00656716065031398,0.0100225921945818,0.00226561463550676,0.000762603163520994,0.00376862610749252,-0.000402427093640673,-0.00139984227218432,0.000594988084902976,0.00266804172914743,0.00140778459814086,0.003928298860154,"osgd"
"gpt2-medium",160,0.00867258529689921,0.0068290775657722,0.0105160930280262,0.00585949289846047,0.00406182134827583,0.00765716444864512,0.00895561284892242,0.00696900049265284,0.010942225205192,0.00281309239843874,0.00134699810840431,0.00427918668847318,-0.000283027552023203,-0.00125786921794557,0.00069181411389916,0.00309611995046195,0.0015608210972236,0.00463141880370029,"osgd"
"gpt2-medium",200,0.00964085426791874,0.00762110399936942,0.0116606045364681,0.00615358831544467,0.00430726816231329,0.00799990846857606,0.00940952310609853,0.00743055007562992,0.0113884961365671,0.00348726595247407,0.00190330347876368,0.00507122842618446,0.000231331161820214,-0.000742232815263506,0.00120489513890393,0.00325593479065386,0.00170355120879373,0.00480831837251398,"osgd"
"gpt2-medium",256,0.00981789419977568,0.00776004454764106,0.0118757438519103,0.00641173698908273,0.00455523731775277,0.00826823666041269,0.00970060176737824,0.00778031739247357,0.0116208861422829,0.00340615721069295,0.00173639873852009,0.00507591568286582,0.000117292432397446,-0.000860512226176453,0.00109509709097135,0.00328886477829551,0.00176596205569763,0.00481176750089338,"osgd"
"gpt2-medium",320,0.0104580145532341,0.0083028470307847,0.0126131820756834,0.0065626683651069,0.00463798527749519,0.0084873514527186,0.00996524985671648,0.00809423372074649,0.0118362659926865,0.00389534618812716,0.00225522856891601,0.00553546380733831,0.000492764696517581,-0.00042429432018336,0.00140982371321852,0.00340258149160958,0.00191616487650969,0.00488899810670947,"osgd"
"gpt2-medium",400,0.0106700818955154,0.00847057855890981,0.0128695852321209,0.00658465923001112,0.00464518274752636,0.00852413571249589,0.0101757165358061,0.0082086285466333,0.0121428045249788,0.00408542266550424,0.00241333956989281,0.00575750576111566,0.000494365359709306,-0.00053287504444167,0.00152160576386028,0.00359105730579493,0.00206149591309919,0.00512061869849067,"osgd"
"gpt2-medium",512,0.0107499475258101,0.00847661173691583,0.0130232833147045,0.00671285285579636,0.00474335763916835,0.00868234807242437,0.0101009807400305,0.0081879005542652,0.0120140609257958,0.00403709467001378,0.00246050396288642,0.00561368537714114,0.000648966785779633,-0.000390892003923005,0.00168882557548227,0.00338812788423415,0.00178514530379806,0.00499111046467024,"osgd"
"gpt2-medium",640,0.0107719886035338,0.00850115137421743,0.0130428258328502,0.00675172366116627,0.00480254046220081,0.00870090686013173,0.0101627186754721,0.00831429907098193,0.0120111382799622,0.00402026494236756,0.0023337025233513,0.00570682736138383,0.00060926992806178,-0.00053293638032574,0.0017514762364493,0.00341099501430578,0.0018696482754491,0.00495234175316247,"osgd"
"gpt2-medium",800,0.0107927535458097,0.00857529440532601,0.0130102126862933,0.00674174169978701,0.00479199705129387,0.00869148634828016,0.0101677222855314,0.00830692815534276,0.01202851641572,0.00405101184602265,0.00245129700550853,0.00565072668653676,0.000625031260278293,-0.000486182706489211,0.0017362452270458,0.00342598058574435,0.00189864941699589,0.00495331175449282,"osgd"
"gpt2-medium",1023,0.0108267718577327,0.00861460839344789,0.0130389353220175,0.00672446294684803,0.00478017630049381,0.00866874959320226,0.0101477479359223,0.00828618942063238,0.0120093064512122,0.00410230891088464,0.00251928861383487,0.0056853292079344,0.000679023921810398,-0.000432631474347152,0.00179067931796795,0.00342328498907424,0.00189511151496025,0.00495145846318824,"osgd"
"gpt2-large",1,9.4759506114287e-05,-0.000142019335630156,0.00033153834785873,7.83367459929735e-05,-0.000156696434909224,0.000313369926895171,9.13472665791351e-05,-0.000142627946387149,0.000325322479545419,1.64227601213135e-05,-7.23838208928251e-06,4.00839023319095e-05,3.41223953515191e-06,-7.12893490130755e-06,1.39534139716114e-05,1.30105205861616e-05,-9.20289342024318e-06,3.52239345925663e-05,"osgd"
"gpt2-large",2,0.000133600781455643,-9.29262662090521e-05,0.000360127829120338,0.000125955919254908,-9.03175721807724e-05,0.000342229410690588,0.000134315417579951,-8.1795901681159e-05,0.000350426736841062,7.64486220073556e-06,-2.0066962086478e-05,3.53566864879491e-05,-7.1463612430826e-07,-2.19625033436415e-05,2.0533231095025e-05,8.35949832504382e-06,-2.05367438538815e-05,3.72557405039691e-05,"osgd"
"gpt2-large",3,0.00019623157085706,-6.98623783589669e-05,0.000462325520073086,0.00018956580943503,-6.42363298333676e-05,0.000443367948703427,0.000186847736605757,-6.52785926993587e-05,0.000438974065910874,6.66576142202994e-06,-2.01193758684655e-05,3.34508987125254e-05,9.38383425130201e-06,-4.27625076208622e-05,6.15301761234662e-05,-2.71807282927207e-06,-6.24605670268038e-05,5.70244213682596e-05,"osgd"
"gpt2-large",4,0.000252996542199362,-8.31214906130731e-05,0.000589114575011798,0.000258293172937988,-8.58390808252276e-05,0.000602425426701203,0.000212321325658007,-8.43018774034022e-05,0.000508944528719416,-5.29663073862527e-06,-7.9369915915386e-05,6.87766544381355e-05,4.06752165413553e-05,-5.1846230115741e-05,0.000133196663198452,-4.59718472799805e-05,-0.000177819384558144,8.58756899981834e-05,"osgd"
"gpt2-large",5,0.000193326992637466,-0.000146168576537803,0.000532822561812734,0.000195129856584356,-0.000183947371844589,0.0005742070850133,0.000180044168447415,-0.000131889485345225,0.000491977822240055,-1.80286394689007e-06,-0.000105311395777945,0.000101705667884165,1.32828241900504e-05,-9.6514321753199e-05,0.0001230799701333,-1.50856881369404e-05,-0.000198832735025351,0.00016866135875147,"osgd"
"gpt2-large",6,0.000141391972789345,-0.000232546430556693,0.000515330376135384,0.000161136332745182,-0.000302995128325427,0.000625267793815792,0.000138058124377286,-0.000188479250264869,0.000464595499019441,-1.97443599558371e-05,-0.00014655917096465,0.000107070451052976,3.33384841205961e-06,-0.000108544991523267,0.000115212688347387,-2.30782083678967e-05,-0.000238603358605303,0.000192446941869509,"osgd"
"gpt2-large",7,0.000114373778821081,-0.000280488694908853,0.000509236252551014,0.000147909300887662,-0.000354369460267808,0.000650188062043132,0.000133625784499997,-0.000208033668675736,0.00047528523767573,-3.35355220665815e-05,-0.000191043828912883,0.00012397278477972,-1.9252005678916e-05,-0.000166906902217423,0.000128402890859591,-1.42835163876655e-05,-0.000297674712124,0.000269107679348669,"osgd"
"gpt2-large",10,0.000120136299388707,-0.000291599458833504,0.000531872057610918,0.000153364458988721,-0.000321163033970886,0.000627891951948328,0.000247392167630099,-0.000183744819155952,0.00067852915441615,-3.32281596000144e-05,-0.000165017836668497,9.85615174684677e-05,-0.000127255868241392,-0.000293404657465477,3.88929209826929e-05,9.40277086413777e-05,-0.000157245911280283,0.000345301328563038,"osgd"
"gpt2-large",12,0.000228748421433228,-0.000197967784533449,0.000655464627399905,0.000300025261574614,-0.000244638476324559,0.000844688999473788,0.000386648906050545,-6.03684286338495e-05,0.000833666240734939,-7.12768401413861e-05,-0.000278952791162645,0.000136399110879873,-0.000157900484617316,-0.000326292950959658,1.04919817250253e-05,8.66236444759304e-05,-0.000233902158333089,0.00040714944728495,"osgd"
"gpt2-large",16,0.000286260799707217,-0.000184610642250913,0.000757132241665348,0.000427337994648965,-0.000168145156668881,0.00102282114596681,0.000511536848451281,1.8514600428901e-05,0.00100455909647366,-0.000141077194941748,-0.000414890008963755,0.00013273561908026,-0.000225276048744064,-0.000464099145491833,1.35470480037053e-05,8.4198853802316e-05,-0.000357946156050838,0.00052634386365547,"osgd"
"gpt2-large",20,0.00051993448288233,-6.82723815642424e-05,0.0011081413473289,0.000726670010276599,-6.59663812881489e-05,0.00151930640184135,0.000765064729744244,0.000227836022512751,0.00130229343697574,-0.000206735527394269,-0.000596729918435504,0.000183258863646966,-0.000245130246861914,-0.000555140436528482,6.4879942804654e-05,3.8394719467645e-05,-0.000520800702632094,0.000597590141567384,"osgd"
"gpt2-large",25,0.000913835340246626,0.000166275469444445,0.00166139521104881,0.00114804334289169,0.00027978368639135,0.00201630299939202,0.00128271858477594,0.000497532724220185,0.00206790444533169,-0.000234208002645059,-0.000649448270886572,0.000181032265596453,-0.000368883244529311,-0.000760051727548628,2.22852384900064e-05,0.000134675241884251,-0.000461964397421227,0.00073131488118973,"osgd"
"gpt2-large",32,0.0014805369985738,0.00059831851349024,0.00236275548365736,0.00178088460560451,0.000811757397812318,0.0027500118133967,0.00190244308304538,0.000939861512397618,0.00286502465369315,-0.000300347607030708,-0.000758961267364789,0.000158266053303373,-0.000421906084471583,-0.000965207619468388,0.000121395450525221,0.000121558477440875,-0.000574441745413151,0.000817558700294902,"osgd"
"gpt2-large",40,0.00223095291747443,0.00109159358252956,0.00337031225241931,0.00218920811533592,0.00117198932590358,0.00320642690476827,0.00259961304117699,0.00150156640531847,0.00369765967703551,4.1744802138512e-05,-0.000598203207182199,0.000681692811459223,-0.000368660123702555,-0.000984250900319967,0.000246930652914857,0.000410404925841067,-0.000411163043050344,0.00123197289473248,"osgd"
"gpt2-large",50,0.00280122494147616,0.00145462940993827,0.00414782047301405,0.00259401048802234,0.00143458695622254,0.00375343401982214,0.00336706928350466,0.00216140761647388,0.00457273095053543,0.00020721445345382,-0.000634175468471478,0.00104860437537912,-0.000565844342028497,-0.00115218829086258,2.04996068055866e-05,0.000773058795482316,-0.00010674366258418,0.00165286125354881,"osgd"
"gpt2-large",64,0.00349855839786963,0.00206584010008915,0.00493127669565011,0.00305949035161953,0.00187737065410172,0.00424161004913734,0.00421888691637562,0.00268212313781867,0.00575565069493258,0.000439068046250099,-0.0003896129771623,0.0012677490696625,-0.000720328518505993,-0.00126738997778828,-0.000173267059223703,0.00115939656475609,0.000332613844409572,0.00198617928510261,"osgd"
"gpt2-large",80,0.00452126656515511,0.00276881271893072,0.00627372041137949,0.00355995834624481,0.00229214959629729,0.00482776709619233,0.00532060218236746,0.0037854681174736,0.00685573624726131,0.000961308218910299,-0.00022022445713486,0.00214284089495546,-0.000799335617212347,-0.00153304949642467,-6.56217380000245e-05,0.00176064383612265,0.000840396060878178,0.00268089161136712,"osgd"
"gpt2-large",100,0.00528459020094379,0.00329960407529772,0.00726957632658985,0.00382269431911218,0.00243131844824126,0.00521407018998311,0.00617666067988502,0.00442494486049435,0.0079283764992757,0.0014618958818316,0.000258389598802466,0.00266540216486074,-0.000892070478941233,-0.00180437591074809,2.02349528656213e-05,0.00235396636077284,0.0013479860724509,0.00335994664909477,"osgd"
"gpt2-large",128,0.006520980125968,0.00450342037759463,0.00853853987434136,0.00434313852460604,0.00291938247311767,0.00576689457609442,0.00689417384154933,0.00501540727732592,0.00877294040577273,0.00217784160136195,0.000843994685992608,0.0035116885167313,-0.000373193715581333,-0.00113514612035066,0.000388758689187991,0.00255103531694329,0.00151846516474249,0.00358360546914408,"osgd"
"gpt2-large",160,0.00712324644035923,0.0050934322465904,0.00915306063412806,0.00450219400475911,0.00286909205529708,0.00613529595422115,0.007495608611694,0.00549888963368085,0.00949232758970715,0.00262105243560012,0.00135021903636069,0.00389188583483955,-0.000372362171334769,-0.0012372584782074,0.000492534135537866,0.00299341460693488,0.00190230940277108,0.00408451981109869,"osgd"
"gpt2-large",200,0.00793961557964431,0.00579078701958587,0.0100884441397028,0.00478039340770019,0.00318247184666133,0.00637831496873905,0.00786762539601089,0.00588884556483179,0.00984640522718998,0.00315922217194412,0.00177707612946326,0.00454136821442499,7.19901836334265e-05,-0.00077874978692545,0.000922730154192303,0.0030872319883107,0.00201088246307459,0.00416358151354681,"osgd"
"gpt2-large",256,0.00812192297599636,0.00588797552099033,0.0103558704310024,0.00495867711680683,0.00325809113562921,0.00665926309798445,0.00824331645660634,0.00621864137246666,0.010267991540746,0.00316324585918953,0.00163096706374949,0.00469552465462956,-0.000121393480609978,-0.00118035571997359,0.000937568758753636,0.00328463933979951,0.00225870920043987,0.00431056947915914,"osgd"
"gpt2-large",320,0.00875167812633912,0.00641331912548716,0.0110900371271911,0.00512993165399997,0.00337440202130226,0.00688546128669767,0.00846190200611588,0.0063890317502173,0.0105347722620145,0.00362174647233916,0.00218174996909059,0.00506174297558773,0.000289776120223245,-0.000665205149067991,0.00124475738951448,0.00333197035211591,0.00232699422665865,0.00433694647757318,"osgd"
"gpt2-large",400,0.00901402220314355,0.00665401126256464,0.0113740331437225,0.00517896285784574,0.00338644148980971,0.00697148422588176,0.00867765808676739,0.00649481675992637,0.0108604994136084,0.00383505934529781,0.00243125191824202,0.00523886677235359,0.000336364116376159,-0.000634503672885911,0.00130723190563823,0.00349869522892165,0.00241017717858764,0.00458721327925566,"osgd"
"gpt2-large",512,0.00916780225677228,0.00672944232579799,0.0116061621877466,0.00532226718235809,0.00350037682338684,0.00714415754132933,0.00865803693712813,0.0064919657773431,0.0108241080969132,0.0038455350744142,0.00248524399806156,0.00520582615076684,0.000509765319644156,-0.000402557525820271,0.00142208816510858,0.00333576975477004,0.00222425406643895,0.00444728544310114,"osgd"
"gpt2-large",640,0.00926045899730931,0.00680319350118463,0.011717724493434,0.00533656914548437,0.00352269337203156,0.00715044491893718,0.00872158721532303,0.00658788400842499,0.0108552904222211,0.00392388985182494,0.0024725795745839,0.00537520012906599,0.000538871781986288,-0.000500968495699777,0.00157871205967235,0.00338501806983866,0.00228968051450063,0.00448035562517669,"osgd"
"gpt2-large",800,0.00935585960330303,0.00696216884864096,0.0117495503579651,0.00533480920366132,0.0035274060782675,0.00714221232905514,0.0087226555655613,0.00659912898616812,0.0108461821449545,0.00402105039964171,0.00263193450284235,0.00541016629644106,0.000633204037741726,-0.000404862823587637,0.00167127089907109,0.00338784636189998,0.00230223401469996,0.0044734587091,"osgd"
"gpt2-large",1023,0.009389143716602,0.00700857882288139,0.0117697086103226,0.00532679877523711,0.00351540583013156,0.00713819172034266,0.00872100676906548,0.00659900874106357,0.0108430047970674,0.00406234494136489,0.00267960434036837,0.0054450855423614,0.000668136947536523,-0.000390334996306895,0.00172660889137994,0.00339420799382836,0.00230806265439426,0.00448035333326247,"osgd"
"gpt2-xl",1,0.000179707577723509,-0.000107796929217276,0.000467212084664295,0.000158476733083766,-0.000127546717914416,0.000444500184081949,0.000172372737581067,-0.00010538731690513,0.000450132792067264,2.12308446397433e-05,-1.05372590598034e-05,5.29989483392901e-05,7.33484014244241e-06,-7.53869581142435e-06,2.22083760963092e-05,1.38960044973009e-05,-2.09997662614103e-05,4.87917752560121e-05,"osgd"
"gpt2-xl",2,6.66314597994415e-05,-0.000173279121946864,0.000306542041545747,6.1036414684138e-05,-0.000170381338432723,0.000292454167800999,7.27967668952626e-05,-0.000153718302424052,0.000299311836214577,5.59504511530351e-06,-1.71321357914631e-05,2.83222260220701e-05,-6.16530709582106e-06,-2.65340545015727e-05,1.42034403099306e-05,1.17603522111246e-05,-1.37846438889903e-05,3.73053483112395e-05,"osgd"
"gpt2-xl",3,0.000163001210889666,-0.000108053733319789,0.00043405615509912,0.000161160107051627,-0.000100304079568481,0.000422624293671736,0.000161275766217364,-0.000107138727363764,0.000429690259798492,1.84110383803868e-06,-3.44855713052687e-05,3.81677789813461e-05,1.72544467230197e-06,-4.08536077855372e-05,4.43044971301412e-05,1.15659165736705e-07,-6.62117650643132e-05,6.64430833957866e-05,"osgd"
"gpt2-xl",4,0.000183384299464597,-0.00014280788174472,0.000509576480673914,0.000184550957775228,-0.000125898887087647,0.000495000802638103,0.000145838819183985,-0.000182319687329685,0.000473997325697655,-1.16665831063097e-06,-6.6843600734114e-05,6.45102841128521e-05,3.75454802806126e-05,-5.20035625269773e-05,0.000127094523088203,-3.87121385912436e-05,-0.00017888022757834,0.000101455950395853,"osgd"
"gpt2-xl",5,0.000162238826638432,-0.00018781545697484,0.000512293110251703,0.000140923521833359,-0.000195356503015784,0.000477203546682502,0.000136564448668414,-0.000222947630128606,0.000496076527465434,2.13153048050731e-05,-8.7441868985223e-05,0.000130072478595369,2.56743779700178e-05,-6.75571494227976e-05,0.000118905905362833,-4.35907316494468e-06,-0.000185454224050978,0.000176736077721088,"osgd"
"gpt2-xl",6,9.33200125138475e-05,-0.000244176788027948,0.000430816813055643,7.04775193980989e-05,-0.000295650283872435,0.000436605322668632,8.285818740734e-05,-0.000251063362640706,0.000416779737455386,2.28424931157486e-05,-9.42859804309314e-05,0.000139970966662429,1.04618251065075e-05,-7.79184785707509e-05,9.88421287837659e-05,1.23806680092411e-05,-0.000183316434675339,0.000208077770693822,"osgd"
"gpt2-xl",7,6.0780219810677e-05,-0.00028608154912677,0.000407641988748125,4.52120553773668e-05,-0.000338625901218927,0.000429050011973661,9.02881859553197e-05,-0.000242669606251435,0.000423245978162074,1.55681644333102e-05,-0.000142243200741634,0.000173379529608254,-2.95079661446427e-05,-0.000155553193572881,9.65372612835956e-05,4.50761305779528e-05,-0.00022216143591796,0.000312313697073865,"osgd"
"gpt2-xl",10,4.71878327889522e-05,-0.000273709340235604,0.000368085005813508,6.92650153717792e-05,-0.0002995154252889,0.000438045456032458,0.000120532594132328,-0.000218828912005035,0.00045989410026969,-2.2077182582827e-05,-0.000162659836195114,0.00011850547102946,-7.33447613433753e-05,-0.000201785227054755,5.50957043680048e-05,5.12675787605483e-05,-0.000167122613562654,0.00026965777108375,"osgd"
"gpt2-xl",12,9.02472743488869e-05,-0.000246973118933895,0.000427467667631669,0.000159027161290887,-0.000265642510903731,0.000583696833485504,0.000186036904537796,-0.000180233655239524,0.000552307464315115,-6.87798869419998e-05,-0.000256800894733371,0.000119241120849371,-9.57896301889088e-05,-0.000246925730303384,5.53464699255667e-05,2.7009743246909e-05,-0.000267383686308527,0.000321403172802346,"osgd"
"gpt2-xl",16,0.000136459769798166,-0.000235714293832487,0.00050863383342882,0.000252024737762199,-0.000223090828467085,0.000727140303991482,0.000239773443442027,-0.000168998304588818,0.000648545191472873,-0.000115564967964033,-0.000327010733101341,9.58807971732764e-05,-0.000103313673643861,-0.000347750017445049,0.000141122670157327,-1.22512943201712e-05,-0.000401618567545247,0.000377115978904904,"osgd"
"gpt2-xl",20,0.000260037248147554,-0.000206751472835775,0.000726825969130884,0.000451723637931642,-0.000182353048814428,0.00108580032467771,0.000393228722080054,-5.93407770468761e-05,0.000845798221206983,-0.000191686389784088,-0.000493323634285555,0.000109950854717379,-0.000133191473932499,-0.000374443102308742,0.000108060154443744,-5.84949158515888e-05,-0.000475924246344545,0.000358934414641368,"osgd"
"gpt2-xl",25,0.000559177676694952,-7.61009356897828e-05,0.00119445628907969,0.000818454123953859,2.60746116085557e-05,0.00161083363629916,0.000763651296820612,9.92268560802335e-05,0.00142807573756099,-0.000259276447258907,-0.000606158837406236,8.76059428884216e-05,-0.000204473620125661,-0.000541849097725629,0.000132901857474308,-5.48028271332463e-05,-0.000542704237316382,0.00043309858304989,"osgd"
"gpt2-xl",32,0.000970738362926814,0.000186207473218129,0.0017552692526355,0.00127302135004549,0.00038235362655297,0.00216368907353801,0.00123893472132412,0.000442534413471093,0.00203533502917715,-0.000302282987118675,-0.000693228019039756,8.86620448024061e-05,-0.000268196358397308,-0.000731311119303173,0.000194918402508557,-3.40866287213666e-05,-0.000606072453773444,0.00053789919633071,"osgd"
"gpt2-xl",40,0.00150166699016769,0.000471629067409284,0.0025317049129261,0.00156023780068546,0.000639628033118167,0.00248084756825276,0.00187109202802952,0.000953370438640985,0.00278881361741805,-5.85708105177695e-05,-0.000554481126104519,0.00043733950506898,-0.000369425037861826,-0.000950683212574747,0.000211833136851095,0.000310854227344056,-0.000365492885312766,0.000987201340000879,"osgd"
"gpt2-xl",50,0.0019374137169751,0.000753066060886921,0.00312176137306328,0.00182226673714977,0.000766277736088993,0.00287825573821055,0.00231707962722859,0.00121843479244181,0.00341572446201537,0.000115146979825328,-0.000570341565030665,0.00080063552468132,-0.00037966591025349,-0.00093411050546481,0.00017477868495783,0.000494812890078818,-0.000292490040881595,0.00128211582103923,"osgd"
"gpt2-xl",64,0.00247456606839975,0.00114605089324713,0.00380308124355236,0.00229524207395789,0.00126309753208115,0.00332738661583464,0.00315052058953396,0.00172913233624438,0.00457190884282354,0.000179323994441854,-0.000505772374126509,0.000864420363010216,-0.000675954521134216,-0.0012060796624508,-0.000145829379817635,0.00085527851557607,0.000111977315833991,0.00159857971531815,"osgd"
"gpt2-xl",80,0.00329460781169999,0.00171441737976546,0.00487479824363452,0.00276524921847291,0.00161863105405789,0.00391186738288793,0.00410642375699416,0.00260858340762294,0.00560426410636538,0.00052935859322708,-0.000432581428995418,0.00149129861544958,-0.00081181594529417,-0.00154037188412574,-8.32600064625972e-05,0.00134117453852125,0.000442331583504424,0.00224001749353807,"osgd"
"gpt2-xl",100,0.00405075144645226,0.00231483677192433,0.00578666612098019,0.00316826027552826,0.00184272069379959,0.00449379985725694,0.00506442828853256,0.00341525952558411,0.00671359705148101,0.000882491170923991,-0.000160744148463555,0.00192572649031154,-0.0010136768420803,-0.00193052981167719,-9.68238724834192e-05,0.0018961680130043,0.00086463304279553,0.00292770298321306,"osgd"
"gpt2-xl",128,0.00520478381848159,0.00351068332753007,0.0068988843094331,0.00362443771846263,0.00232786457434499,0.00492101086258028,0.00574989498491819,0.00391747814772356,0.00758231182211281,0.00158034610001895,0.000559823427072462,0.00260086877296544,-0.0005451111664366,-0.00140039921877992,0.000310176885906721,0.00212545726645555,0.00112515517241197,0.00312575936049914,"osgd"
"gpt2-xl",160,0.00576905093470582,0.00407046930433527,0.00746763256507637,0.00386816952558484,0.00236061016213187,0.00537572888903781,0.00631333702000239,0.00440917432820804,0.00821749971179674,0.00190088140912098,0.000898818597327999,0.00290294422091396,-0.000544286085296571,-0.00147227292692313,0.000383700756329986,0.00244516749441755,0.00128786929914211,0.00360246568969299,"osgd"
"gpt2-xl",200,0.00651682499009015,0.0046651355851175,0.00836851439506281,0.00414096780593704,0.00272970941602274,0.00555222619585134,0.00675643362143815,0.00486176814094977,0.00865109910192654,0.00237585718415312,0.00121076325327352,0.00354095111503271,-0.000239608631348002,-0.00110641682380976,0.000627199561113757,0.00261546581550112,0.00149328320213143,0.0037376484288708,"osgd"
"gpt2-xl",256,0.00677464522902895,0.00489858120699431,0.00865070925106358,0.00442824619869273,0.00293614221078268,0.00592035018660277,0.00707008848219452,0.00519245931870642,0.00894771764568262,0.00234639903033622,0.00107636453069899,0.00361643352997344,-0.000295443253165578,-0.00123991000918145,0.000649023502850295,0.00264184228350179,0.00156439747598909,0.0037192870910145,"osgd"
"gpt2-xl",320,0.00737396894391394,0.00536602308994751,0.00938191479788037,0.00463731555149271,0.00304641988893811,0.00622821121404732,0.00731181014013183,0.00536026220881459,0.00926335807144908,0.00273665339242122,0.00155121341893201,0.00392209336591044,6.21588037821042e-05,-0.000793416532385291,0.0009177341399495,0.00267449458863912,0.00158944835439563,0.00375954082288261,"osgd"
"gpt2-xl",400,0.00753475549087249,0.00548925919449462,0.00958025178725035,0.00469082007422108,0.00310375489996513,0.00627788524847703,0.00750806467000405,0.00543630484898281,0.00957982449102529,0.00284393541665141,0.00164623690503619,0.00404163392826663,2.66908208684359e-05,-0.000959693922130157,0.00101307556386703,0.00281724459578297,0.00163682541528401,0.00399766377628193,"osgd"
"gpt2-xl",512,0.00769832783587876,0.00560478507078082,0.0097918706009767,0.00483522508450114,0.0031942863054793,0.00647616386352298,0.00752733998670221,0.00549423762422318,0.00956044234918124,0.00286310275137762,0.00176040573605485,0.00396579976670039,0.000170987849176545,-0.000652498786497349,0.00099447448485044,0.00269211490220107,0.00152240721763869,0.00386182258676346,"osgd"
"gpt2-xl",640,0.00778983888735371,0.00569312286708676,0.00988655490762065,0.00481212788089226,0.0031994279529623,0.00642482780882222,0.00758093935680496,0.00559745484428756,0.00956442386932235,0.00297771100646144,0.0018118364063487,0.00414358560657419,0.00020889953054875,-0.000680664969926699,0.0010984640310242,0.00276881147591269,0.00160957090545606,0.00392805204636933,"osgd"
"gpt2-xl",800,0.00781350536803907,0.00578849232624492,0.00983851840983321,0.0048046180440654,0.00320124443961343,0.00640799164851738,0.00758736573824987,0.00560811139184518,0.00956662008465456,0.00300888732397366,0.00190751782532681,0.00411025682262052,0.000226139629789199,-0.000655147642336022,0.00110742690191442,0.00278274769418447,0.00162450206994021,0.00394099331842872,"osgd"
"gpt2-xl",1023,0.00782236210214507,0.00580702348041573,0.00983770072387442,0.00479852858897579,0.00319263123102616,0.00640442594692542,0.00758971909237302,0.00561272160167985,0.00956671658306619,0.00302383351316929,0.00192466353490762,0.00412300349143095,0.000232643009772056,-0.000675664537402845,0.00114095055694696,0.00279119050339723,0.00162964037805092,0.00395274062874354,"osgd"
"gpt2",1,0.0012992776780163,0.000161600882683638,0.00243695447334896,0.00133003428640777,0.00016812808149034,0.00249194049132519,0.00132985449260564,0.000170130169859737,0.00248957881535154,-3.07566083914684e-05,-7.28903518506575e-05,1.13771350677207e-05,-3.05768145893383e-05,-5.7028674717702e-05,-4.12495446097451e-06,-1.79793802130142e-07,-3.31505705446701e-05,3.27909829404098e-05,"ostf"
"gpt2",2,0.000341037466244371,-0.000334326686013084,0.00101640161850183,0.000304379175290941,-0.00035616512569426,0.000964923476276142,0.000291989172093789,-0.000316912563043349,0.000900890907230928,3.66582909534304e-05,-5.89251346390996e-05,0.00013224171654596,4.90482941505822e-05,-2.39264612882025e-05,0.000122023049589367,-1.23900031971519e-05,-0.000108099193252261,8.33191868579574e-05,"ostf"
"gpt2",3,0.000901374758243133,-3.25555603503652e-05,0.00183530507683663,0.000890731504130883,-3.53455239457908e-05,0.00181680853220756,0.000768583749203977,-6.07831352850083e-05,0.00159795063369296,1.06432541122496e-05,-0.000114031726171251,0.00013531823439575,0.000132791009039156,-2.63678644748364e-05,0.000291949882553148,-0.000122147754926906,-0.000287480591571339,4.31850817175266e-05,"ostf"
"gpt2",4,0.00134610900045883,0.000196560757522549,0.00249565724339512,0.00128211221810755,0.000180310221739332,0.00238391421447576,0.00111077170504064,9.55666662811883e-05,0.00212597674380008,6.39967823512848e-05,-0.000140192071112189,0.000268185635814759,0.000235337295418197,4.56528215436724e-05,0.000425021769292721,-0.000171340513066912,-0.000376123265013738,3.34422388799135e-05,"ostf"
"gpt2",5,0.00143366031225286,0.0004474249071326,0.00241989571737312,0.00149081081702315,0.000561717455982162,0.00241990417806414,0.00125957982237395,0.000413315660505961,0.00210584398424195,-5.71505047702894e-05,-0.000301127912465466,0.000186826902924887,0.000174080489878907,-4.9660250542265e-05,0.000397821230300079,-0.000231230994649196,-0.000519510601491079,5.70486121926859e-05,"ostf"
"gpt2",6,0.00152737570059003,0.000678769161690507,0.00237598223948954,0.00160742778664947,0.00068819638508926,0.00252665918820968,0.00138143484607853,0.000640120289259384,0.00212274940289767,-8.00520860594456e-05,-0.000435849047097724,0.000275744874978833,0.000145940854511499,-3.52189567046306e-05,0.000327100665727628,-0.000225992940570944,-0.00062137830345165,0.000169392422309762,"ostf"
"gpt2",7,0.00159087205088243,0.000697168542841985,0.00248457555892287,0.00188014616792879,0.000801687062603287,0.0029586052732543,0.00154175174647028,0.000747534472753382,0.00233596902018718,-0.000289274117046366,-0.000740413717999504,0.000161865483906771,4.91203044121468e-05,-0.000189408017517188,0.000287648626341481,-0.000338394421458513,-0.000856368117902869,0.000179579274985843,"ostf"
"gpt2",10,0.00174907627375859,0.000720026869207867,0.0027781256783093,0.0021250999009132,0.000973124286865219,0.00327707551496117,0.00197725409620413,0.00100197549089029,0.00295253270151796,-0.00037602362715461,-0.0008809637418576,0.00012891648754838,-0.000228177822445542,-0.000528810751276219,7.24551063851347e-05,-0.000147845804709068,-0.000614563704156491,0.000318872094738354,"ostf"
"gpt2",12,0.00192642757738721,0.000895850246209725,0.0029570049085647,0.00236489261407807,0.00107190050459469,0.00365788472356145,0.00222974711757153,0.00120389911210157,0.00325559512304148,-0.000438465036690854,-0.00107356460665168,0.000196634533269975,-0.000303319540184314,-0.000636550382490385,2.99113021217575e-05,-0.00013514549650654,-0.000745863141103079,0.000475572148089999,"ostf"
"gpt2",16,0.0022341666042417,0.0010187077230627,0.0034496254854207,0.00296291785379353,0.00142680260941726,0.0044990330981698,0.00262938132544688,0.00146323309511889,0.00379552955577487,-0.000728751249551831,-0.0014072830224052,-5.02194766984577e-05,-0.00039521472120518,-0.000775848862001691,-1.45805804086701e-05,-0.000333536528346651,-0.00106678880644906,0.000399715749755754,"ostf"
"gpt2",20,0.00274581933665763,0.00131843400644887,0.0041732046668664,0.00378391672513614,0.00199472046682321,0.00557311298344908,0.00308540253490618,0.00182480626694732,0.00434599880286504,-0.00103809738847851,-0.00173216166092104,-0.000344033116035976,-0.00033958319824855,-0.000707750256544944,2.85838600478451e-05,-0.000698514190229957,-0.00161549679232762,0.000218468411867705,"ostf"
"gpt2",25,0.00365211338593541,0.00205515691061193,0.00524906986125889,0.00471037641223902,0.00271007949903809,0.00671067332543994,0.00424809910985434,0.00276452479451894,0.00573167342518974,-0.0010582630263036,-0.00191185142771622,-0.000204674624890991,-0.000595985723918924,-0.000950002153113878,-0.000241969294723971,-0.00046227730238468,-0.00144364030919561,0.000519085704426253,"ostf"
"gpt2",32,0.00480195539977387,0.00263192968541649,0.00697198111413125,0.0059171292536312,0.00354020584641721,0.00829405266084519,0.0052787011463208,0.00327128131421618,0.00728612097842542,-0.00111517385385733,-0.00196369449760656,-0.000266653210108096,-0.000476745746546928,-0.00117463115784466,0.000221139664750803,-0.000638428107310398,-0.0015947695817721,0.000317913367151306,"ostf"
"gpt2",40,0.00626818271684326,0.00386533491625671,0.00867103051742981,0.00693944054288446,0.00459777967950373,0.00928110140626519,0.00668010872329976,0.00470047306827042,0.00865974437832911,-0.000671257826041197,-0.00159301264280894,0.000250496990726546,-0.000411926006456502,-0.00115604283577302,0.000332190822860012,-0.000259331819584696,-0.00121852943514871,0.000699865795979318,"ostf"
"gpt2",50,0.00689256079473237,0.00418999710660709,0.00959512448285765,0.00845177057324045,0.00607742997407013,0.0108261111724108,0.00768940376000233,0.00546658984156325,0.00991221767844141,-0.00155920977850808,-0.00270712184588506,-0.000411297711131097,-0.00079684296526996,-0.00171539532107184,0.000121709390531919,-0.000762366813238118,-0.00162192231396991,9.71886874936731e-05,"ostf"
"gpt2",64,0.0084292114617353,0.00551712905010664,0.011341293873364,0.0104058969864012,0.00786844737227109,0.0129433466005313,0.00981305930663703,0.00748846516880696,0.0121376534444671,-0.0019766855246659,-0.00303133947009459,-0.000922031579237216,-0.00138384784490172,-0.00281767419128509,4.99785014816474e-05,-0.000592837679764179,-0.00202044437201258,0.000834769012484224,"ostf"
"gpt2",80,0.0105650499851659,0.00732427784122066,0.0138058221291112,0.0120148086832972,0.00980674807907654,0.0142228692875179,0.0130265557438332,0.0103571583414981,0.0156959531461684,-0.00144975869813133,-0.00311084910974543,0.000211331713482771,-0.00246150575866733,-0.00365084673991909,-0.00127216477741558,0.00101174706053601,-0.000509548592210341,0.00253304271328235,"ostf"
"gpt2",100,0.0132799103190246,0.0102481440479207,0.0163116765901286,0.0139461383568848,0.0114851555309689,0.0164071211828007,0.0158972897442491,0.0132307508366704,0.0185638286518278,-0.00066622803786021,-0.00228543809844048,0.000952982022720063,-0.00261737942522446,-0.00429432089281449,-0.000940437957634424,0.00195115138736425,0.000229390768452025,0.00367291200627647,"ostf"
"gpt2",128,0.0162714442844466,0.0132054931694805,0.0193373953994128,0.0155706501691311,0.0128772277146596,0.0182640726236027,0.0174968528888082,0.0147412099627795,0.0202524958148368,0.000700794115315455,-0.0012065686812172,0.00260815691184811,-0.00122540860436156,-0.0026079048470475,0.000157087638324386,0.00192620271967701,-0.000170476156279515,0.00402288159563354,"ostf"
"gpt2",160,0.0177334460494838,0.0142741640016543,0.0211927280973134,0.0163963968427432,0.0136680234016708,0.0191247702838157,0.0196067886380008,0.016692949091424,0.0225206281845777,0.00133704920674062,-0.000996186610119383,0.00367028502360062,-0.00187334258851699,-0.00396954670449084,0.000222861527456858,0.00321039179525761,0.000965419125741091,0.00545536446477412,"ostf"
"gpt2",200,0.0194762706605146,0.0160802358937242,0.0228723054273051,0.0172205628008545,0.0141338488116971,0.020307276790012,0.0203728400074489,0.0174493271599513,0.0232963528549466,0.00225570785966007,0.000341980005995223,0.00416943571332493,-0.000896569346934334,-0.00265003696424328,0.000856898270374608,0.00315227720659441,0.000773818202850636,0.00553073621033818,"ostf"
"gpt2",256,0.0210480754721191,0.0178047575273573,0.0242913934168809,0.0180325765475341,0.0149002834901346,0.0211648696049335,0.0209846134178958,0.018037384479371,0.0239318423564205,0.00301549892458499,0.0011351965417014,0.00489580130746859,6.34620542233043e-05,-0.00136936030844072,0.00149628441688733,0.00295203687036169,0.000721210585489612,0.00518286315523377,"ostf"
"gpt2",320,0.0221589726968016,0.0187118203059075,0.0256061250876957,0.0186044355921403,0.0153134819843986,0.0218953891998821,0.0215575752075604,0.0183453928940666,0.0247697575210542,0.00355453710466126,0.0016094997146782,0.00549957449464431,0.000601397489241196,-0.000980392356040679,0.00218318733452307,0.00295313961542006,0.000804785093610825,0.0051014941372293,"ostf"
"gpt2",400,0.0226396479070024,0.0189983075302734,0.0262809882837315,0.0187945079888825,0.0154634988251223,0.0221255171526427,0.0219708950756904,0.0186325354348332,0.0253092547165477,0.00384513991811994,0.0018602081695494,0.00583007166669048,0.000668752831312009,-0.000934979369263174,0.00227248503188719,0.00317638708680793,0.00105607145097952,0.00529670272263634,"ostf"
"gpt2",512,0.023250184659085,0.0195099069483936,0.0269904623697764,0.0190278769124859,0.0156509192099324,0.0224048346150395,0.0219001460203825,0.0186415475219823,0.0251587445187826,0.00422230774659908,0.00224240284122843,0.00620221265196973,0.00135003863870253,-0.000335464887730427,0.0030355421651355,0.00287226910789655,0.000636954140884662,0.00510758407490843,"ostf"
"gpt2",640,0.0232612063037781,0.0195287060946957,0.0269937065128605,0.018954537063081,0.0155078924641446,0.0224011816620175,0.0218632804330333,0.0185442897303807,0.0251822711356859,0.00430666924069703,0.00229864436279425,0.00631469411859981,0.00139792587074477,-0.00021273663509912,0.00300858837658866,0.00290874336995226,0.000613815257563512,0.00520367148234101,"ostf"
"gpt2",800,0.0232527240377906,0.019541934439492,0.0269635136360893,0.0189819850089624,0.0155554711931697,0.0224084988247552,0.02185793624102,0.018546714277978,0.025169158204062,0.0042707390288282,0.0022166330401188,0.0063248450175376,0.00139478779677067,-0.000270266904716335,0.00305984249825767,0.00287595123205754,0.000613140408514458,0.00513876205560061,"ostf"
"gpt2",1023,0.0232909511495054,0.0195959861971381,0.0269859161018727,0.018930290661774,0.0155008067325579,0.0223597745909901,0.0218637825579273,0.0185456261481631,0.0251819389676916,0.00436066048773141,0.00231086158917665,0.00641045938628617,0.00142716859157805,-0.000191997190436109,0.00304633437359221,0.00293349189615336,0.000655419171532474,0.00521156462077425,"ostf"
"gpt2-medium",1,-0.000129203093618369,-0.000446097187587591,0.000187691000350853,-0.000140952324589441,-0.00044975021863029,0.000167845569451408,-0.000142673749836634,-0.000448239514302023,0.000162892014628754,1.17492309710716e-05,-1.84373376937831e-05,4.19357996359262e-05,1.34706562182651e-05,-6.92792750232786e-06,3.38692399388581e-05,-1.72142524719353e-06,-2.68190555021167e-05,2.33762050077296e-05,"ostf"
"gpt2-medium",2,0.000726738995681508,-0.000117731142206274,0.00157120913356929,0.000686867261127574,-0.000171994111035354,0.0015457286332905,0.000602634654411635,-0.000171897954903165,0.00137716726372644,3.98717345539348e-05,-8.61365837182166e-05,0.000165880052826086,0.000124104341269873,4.10842372249475e-05,0.000207124445314799,-8.42326067159385e-05,-0.000231694241792429,6.3229028360552e-05,"ostf"
"gpt2-medium",3,0.00137789663977295,0.000263763038694835,0.00249203024085106,0.0013615937267579,0.000305980873452431,0.00241720658006338,0.00117397890701464,0.000162570364578088,0.00218538744945118,1.63029130150432e-05,-0.000171691501582766,0.000204297327612852,0.000203917732758312,2.60251905457262e-05,0.000381810274970897,-0.000187614819743268,-0.000352177758666081,-2.30518808204563e-05,"ostf"
"gpt2-medium",4,0.00193593730825663,0.000614523418605929,0.00325735119790733,0.00183867875344949,0.000643817877504072,0.00303353962939491,0.00167552493630298,0.000511578396368193,0.00283947147623777,9.72585548071368e-05,-0.000174998090802989,0.000369515200417263,0.000260412371953647,3.85056504737266e-05,0.000482319093433568,-0.00016315381714651,-0.000392279356647011,6.59717223539905e-05,"ostf"
"gpt2-medium",5,0.00200507948138037,0.000802046332959604,0.00320811262980114,0.00206871704018244,0.000985403328397423,0.00315203075196746,0.00181897492829148,0.000770184082332646,0.00286776577425032,-6.36375588020699e-05,-0.000429910135298592,0.000302635017694452,0.000186104553088889,-9.22942655759392e-05,0.000464503371753717,-0.000249742111890959,-0.000643588455939635,0.000144104232157718,"ostf"
"gpt2-medium",6,0.00213926795251792,0.0010659001506032,0.00321263575443264,0.00216783135135929,0.00108690603449416,0.00324875666822442,0.00190055716906689,0.000959862841591877,0.00284125149654191,-2.85633988413751e-05,-0.000469801796796854,0.000412674999114104,0.000238710783451025,-3.21756117503534e-05,0.000509597178652404,-0.000267274182292401,-0.000750021528733252,0.000215473164148451,"ostf"
"gpt2-medium",7,0.00205994723378619,0.00100005360969351,0.00311984085787887,0.00240900319313458,0.00119407857122615,0.003623927815043,0.00189677231725099,0.000927562871126062,0.00286598176337592,-0.000349055959348384,-0.000890977292217488,0.00019286537352072,0.000163174916535201,-0.000111649144279098,0.0004379989773495,-0.000512230875883585,-0.00111089168387712,8.64299321099488e-05,"ostf"
"gpt2-medium",10,0.00232833962349281,0.00109796905358439,0.00355871019340123,0.00275152523536006,0.00149390770076967,0.00400914276995045,0.0023728104652612,0.00125109608781243,0.00349452484270996,-0.000423185611867247,-0.00114951553662698,0.000303144312892489,-4.44708417683837e-05,-0.000385480312156871,0.000296538628620104,-0.000378714770098863,-0.00107096285110223,0.0003135333109045,"ostf"
"gpt2-medium",12,0.00266227218001346,0.00137485223646414,0.00394969212356277,0.00324897737483943,0.00175652809925683,0.00474142665042203,0.00289960134074078,0.0016370806840161,0.00416212199746547,-0.000586705194825974,-0.00147512244768568,0.000301712058033733,-0.000237329160727329,-0.000611351862971617,0.00013669354151696,-0.000349376034098645,-0.00124998808745101,0.000551236019253716,"ostf"
"gpt2-medium",16,0.00348135735208737,0.00200801658373819,0.00495469812043656,0.00426171138682658,0.00255793471301191,0.00596548806064125,0.0037641943815842,0.00242705540663221,0.00510133335653619,-0.000780354034739206,-0.00174744411064656,0.000186736041168152,-0.000282837029496825,-0.000715906068325576,0.000150232009331926,-0.000497517005242381,-0.00150096131657267,0.000505927306087906,"ostf"
"gpt2-medium",20,0.0044527078309328,0.00274080450849856,0.00616461115336704,0.0056883514035721,0.00374021548182468,0.00763648732531951,0.00472888760833178,0.0032149406629597,0.00624283455370386,-0.00123564357263929,-0.00227347981949224,-0.000197807325786343,-0.000276179777398978,-0.000794182858411444,0.000241823303613487,-0.000959463795240314,-0.00225483251877505,0.000335904928294425,"ostf"
"gpt2-medium",25,0.00612881982015364,0.00414930823151509,0.00810833140879218,0.00744538599065566,0.00517957416841793,0.00971119781289339,0.00665073807450146,0.00492768811006584,0.00837378803893708,-0.00131656617050202,-0.00270214351683318,6.90111758291367e-05,-0.000521918254347823,-0.00109479146422291,5.09549555272672e-05,-0.000794647916154201,-0.00224669562560154,0.000657399793293133,"ostf"
"gpt2-medium",32,0.00865729805491138,0.00615724341557236,0.0111573526942504,0.009771764051356,0.0071469206575045,0.0123966074452075,0.0088531180835302,0.00677976921719377,0.0109264669498666,-0.00111446599644463,-0.00248069179358145,0.0002517598006922,-0.000195820028618825,-0.00125124684514641,0.00085960678790876,-0.000918645967825801,-0.00225384146538136,0.000416549529729762,"ostf"
"gpt2-medium",40,0.0113664736569277,0.0088372541824118,0.0138956931314435,0.011735209092191,0.00916524847717022,0.0143051697072118,0.0108550388763334,0.00870094054399595,0.0130091372086709,-0.000368735435263335,-0.00172272389310793,0.000985253022581263,0.000511434780594265,-0.000456170424689764,0.00147903998587829,-0.0008801702158576,-0.0022432645926768,0.000482924160961597,"ostf"
"gpt2-medium",50,0.0127074022755005,0.00970636983402644,0.0157084347169745,0.0136191318323832,0.0110210720037137,0.0162171916610527,0.0126037810973983,0.0103872953031158,0.0148202668916808,-0.000911729556882699,-0.00245025898377011,0.000626799870004708,0.000103621178102134,-0.00116095202951117,0.00136819438571543,-0.00101535073498483,-0.00222889615958775,0.000198194689618084,"ostf"
"gpt2-medium",64,0.014934710599294,0.0117889802896666,0.0180804409089213,0.0160612428218714,0.0133268243914382,0.0187956612523045,0.015024298459018,0.0124782924666087,0.0175703044514273,-0.0011265322225774,-0.00231368402128493,6.06195761301256e-05,-8.95878597240289e-05,-0.00175133607525527,0.00157216035580722,-0.00103694436285337,-0.00265256326569901,0.000578674539992265,"ostf"
"gpt2-medium",80,0.0178890745062439,0.0144090883593143,0.0213690606531735,0.0174089384772652,0.0149988468621704,0.0198190300923601,0.0189189994138222,0.0160982164118928,0.0217397824157515,0.000480136028978661,-0.00151938758665196,0.00247965964460928,-0.00102992490757825,-0.00254478186966913,0.000484932054512642,0.00151006093655691,-0.000356063478462647,0.00337618535157646,"ostf"
"gpt2-medium",100,0.020861799241537,0.0174530668051481,0.024270531677926,0.0194904013158667,0.0166516201354259,0.0223291824963075,0.0215054669713805,0.0185705258606942,0.0244404080820668,0.00137139792567035,-0.000626227761050066,0.00336902361239077,-0.000643667729843449,-0.00243784596835281,0.00115051050866591,0.0020150656555138,-2.8038655978582e-05,0.00405816996700619,"ostf"
"gpt2-medium",128,0.0238462383194667,0.0202321629369216,0.0274603137020118,0.0210121591210379,0.0178620747481315,0.0241622434939443,0.0230636925222845,0.0198384997099306,0.0262888853346385,0.00283407919842881,0.000456220828045702,0.00521193756881192,0.000782545797182175,-0.00075028117126727,0.00231537276563162,0.00205153340124664,-0.000736268037579289,0.00483933484007256,"ostf"
"gpt2-medium",160,0.0250684981400456,0.0211602623485497,0.0289767339315415,0.0215394195956631,0.0182008885753465,0.0248779506159798,0.0240833626651032,0.0208729697082011,0.0272937556220053,0.00352907854438248,0.000785107309575919,0.00627304977918905,0.000985135474942436,-0.00109919729518394,0.00306946824506881,0.00254394306944005,-0.000183510863536481,0.00527139700241658,"ostf"
"gpt2-medium",200,0.0267446468471196,0.0230408580712137,0.0304484356230254,0.021957577079517,0.0183273957099518,0.0255877584490822,0.0246263106335591,0.0215781381749651,0.0276744830921532,0.00478706976760257,0.00266673096158965,0.0069074085736155,0.00211833621356043,0.000163818767294957,0.0040728536598259,0.00266873355404215,-9.75544861609289e-05,0.00543502159424522,"ostf"
"gpt2-medium",256,0.0275750048888839,0.0241332301659119,0.0310167796118559,0.0225999551885605,0.0189476909417959,0.0262522194353252,0.0248614233876912,0.0217322734835427,0.0279905732918396,0.00497504970032334,0.00307078536127696,0.00687931403936972,0.00271358150119269,0.000979660555147366,0.00444750244723802,0.00226146819913064,-0.000440075176940513,0.0049630115752018,"ostf"
"gpt2-medium",320,0.0285216454596488,0.0248227912766663,0.0322204996426313,0.0229609557755966,0.0191518246019406,0.0267700869492526,0.0252329726118237,0.0218764872823532,0.0285894579412943,0.0055606896840522,0.00348348930907598,0.00763789005902842,0.00328867284782508,0.00166568972274006,0.0049116559729101,0.00227201683622712,-0.000383644810552144,0.00492767848300639,"ostf"
"gpt2-medium",400,0.0288021644084474,0.0249894530712714,0.0326148757456234,0.0230131084575558,0.0191681618693848,0.0268580550457269,0.0258385775248357,0.0223482721686242,0.0293288828810473,0.00578905595089153,0.00378104903298392,0.00779706286879914,0.00296358688361163,0.00125697706610183,0.00467019670112142,0.0028254690672799,8.93028968323539e-05,0.00556163523772745,"ostf"
"gpt2-medium",512,0.0293974116008619,0.0253070966338143,0.0334877265679094,0.0234081874677177,0.019479623884732,0.0273367510507034,0.0258639135842905,0.0225315552982349,0.0291962718703461,0.00598922413314416,0.00395697048494146,0.00802147778134687,0.00353349801657134,0.00152635561151468,0.00554064042162801,0.00245572611657282,-0.000385302170080606,0.00529675440322625,"ostf"
"gpt2-medium",640,0.0295598268096674,0.0254756282885297,0.0336440253308051,0.0234501407633761,0.0194990582433821,0.0274012232833701,0.0257833251518264,0.0223841664469041,0.0291824838567487,0.0061096860462913,0.00404734566070134,0.00817202643188127,0.00377650165784099,0.00192544583013718,0.0056275574855448,0.00233318438845031,-0.000517634136399094,0.00518400291329972,"ostf"
"gpt2-medium",800,0.0295651877555692,0.0255358351914186,0.0335945403197197,0.02343107191768,0.0195066100419579,0.0273555337934021,0.0257764488368125,0.0224577343697112,0.0290951633039139,0.00613411583788916,0.00398841451829286,0.00827981715748547,0.00378873891875663,0.00187447966368073,0.00570299817383253,0.00234537691913253,-0.000495736491236143,0.00518649032950121,"ostf"
"gpt2-medium",1023,0.0296472348079334,0.0256758368089217,0.0336186328069452,0.0233923375343683,0.0194690773468551,0.0273155977218814,0.0257817753548004,0.0224492831524906,0.0291142675571102,0.00625489727356512,0.00415776908652976,0.00835202546060048,0.00386545945313301,0.00202779868491921,0.00570312022134681,0.00238943782043211,-0.000436532229814257,0.00521540787067848,"ostf"
"gpt2-large",1,-6.060823584008e-05,-0.000515973322842084,0.000394756851161924,-7.89075401298211e-05,-0.00052902050985903,0.000371205429599388,-7.87850998743618e-05,-0.000525409702770268,0.000367839503021545,1.82993042897412e-05,-1.82646919129226e-05,5.48633004924049e-05,1.81768640342818e-05,5.33717223472578e-07,3.58200108450911e-05,1.22440255459326e-07,-3.2771443102439e-05,3.30163236133576e-05,"ostf"
"gpt2-large",2,0.000546146671441075,-0.000182999296812633,0.00127529263969478,0.000519483851261229,-0.000233053586769736,0.00127202128929219,0.000457403958083957,-0.00019553105331952,0.00111033896948743,2.66628201798452e-05,-7.37686687307541e-05,0.000127094309090444,8.8742713357118e-05,6.34885488277781e-06,0.000171136571831458,-6.20798931772728e-05,-0.000196399849368016,7.22400630134703e-05,"ostf"
"gpt2-large",3,0.000971152913323718,2.42663284991707e-05,0.00191803949814826,0.00102365578055389,9.94061359464769e-05,0.0019479054251613,0.000809546255595053,-1.63792833275653e-05,0.00163547179451767,-5.25028672301702e-05,-0.000198830783036935,9.38250485765946e-05,0.000161606657728665,-1.10779515711955e-05,0.000334291267028525,-0.000214109524958835,-0.000381555369322069,-4.66636805956013e-05,"ostf"
"gpt2-large",4,0.00133128192132154,0.000269172562593471,0.0023933912800496,0.0013570911093114,0.000370600499687819,0.00234358171893498,0.00110403395604396,0.000186695849968593,0.00202137206211933,-2.58091879898628e-05,-0.000243670581441972,0.000192052205462246,0.000227247965277576,2.9699240791684e-05,0.000424796689763468,-0.000253057153267439,-0.000464688332754231,-4.14259737806473e-05,"ostf"
"gpt2-large",5,0.00132486726645401,0.000420851445558021,0.00222888308735,0.00142762603146982,0.000601641843909892,0.00225361021902974,0.00114542498119904,0.000382511361930807,0.00190833860046727,-0.000102758765015803,-0.000372337430478304,0.000166819900446698,0.000179442285254974,-4.31566718388931e-05,0.000402041242348842,-0.000282201050270777,-0.000576866408330715,1.24643077891598e-05,"ostf"
"gpt2-large",6,0.00123467065800707,0.000430214970751593,0.00203912634526255,0.0014023419599669,0.000553802423151299,0.0022508814967825,0.00108722468904525,0.00037030199689647,0.00180414738119402,-0.000167671301959827,-0.000518880496274068,0.000183537892354413,0.000147445968961825,-2.52039400490041e-05,0.000320095877972655,-0.000315117270921653,-0.000705967817305474,7.57332754621678e-05,"ostf"
"gpt2-large",7,0.00123826100315532,0.000422415012686663,0.00205410699362398,0.00158334006155543,0.000612510729422225,0.00255416939368864,0.00116492006743321,0.000393915035033353,0.00193592509983308,-0.000345079058400109,-0.000820748883477195,0.000130590766676977,7.33409357221072e-05,-9.70206128348697e-05,0.000243702484279084,-0.000418419994122216,-0.000908101963692861,7.12619754484278e-05,"ostf"
"gpt2-large",10,0.00158535173148568,0.000616180136044443,0.00255452332692692,0.00187221166195873,0.000947088043497024,0.00279733528042044,0.00172030541105649,0.000784719010885014,0.00265589181122796,-0.000286859930473049,-0.000828487614985616,0.000254767754039519,-0.000134953679570804,-0.000387871688320646,0.000117964329179039,-0.000151906250902245,-0.000658726075012183,0.000354913573207693,"ostf"
"gpt2-large",12,0.00177119953875852,0.000754901920444153,0.00278749715707288,0.00224484878271024,0.00111644005369176,0.00337325751172873,0.00201431229228256,0.000982976518013831,0.00304564806655129,-0.000473649243951727,-0.00119717116407624,0.000249872676172788,-0.000243112753524043,-0.000600089140917869,0.000113863633869784,-0.000230536490427684,-0.000939434427369464,0.000478361446514096,"ostf"
"gpt2-large",16,0.00240323183790694,0.00124192848409874,0.00356453519171513,0.00314741774223976,0.00171864042885749,0.00457619505562204,0.00262863282343986,0.00152925107950105,0.00372801456737867,-0.000744185904332826,-0.00156283647590014,7.44646672344867e-05,-0.000225400985532923,-0.000596869670028621,0.000146067698962774,-0.000518784918799903,-0.00139244537294217,0.000354875535342369,"ostf"
"gpt2-large",20,0.00319552545548819,0.00183189783467153,0.00455915307630485,0.00449336007666676,0.00294945293819503,0.00603726721513848,0.00342998627865997,0.00217605746641564,0.00468391509090431,-0.00129783462117857,-0.00207004889611264,-0.000525620346244499,-0.000234460823171787,-0.000683785715876393,0.00021486406953282,-0.00106337379800678,-0.00208976429550966,-3.69833005039015e-05,"ostf"
"gpt2-large",25,0.00457379415768127,0.0029444354249652,0.00620315289039734,0.0058291596466206,0.00407641980018581,0.00758189949305539,0.00506052450090458,0.00354588921492924,0.00657515978687992,-0.00125536548893933,-0.00238380648490582,-0.000126924492972845,-0.000486730343223313,-0.00087477000217764,-9.86906842689867e-05,-0.000768635145716018,-0.00198294095493629,0.000445670663504254,"ostf"
"gpt2-large",32,0.0064363708548533,0.00428206390615582,0.00859067780355079,0.00792016341785677,0.00591351832241037,0.00992680851330317,0.00694339100858991,0.00497152631673289,0.00891525570044694,-0.00148379256300346,-0.00278834835021542,-0.000179236775791511,-0.000507020153736609,-0.00138079658817088,0.000366756280697666,-0.000976772409266854,-0.00215143381243111,0.000197888993897404,"ostf"
"gpt2-large",40,0.00897335923561615,0.00666327761125545,0.0112834408599769,0.00974650471435418,0.00760337889844033,0.011889630530268,0.00903397016261251,0.00679719004218792,0.0112707502830371,-0.000773145478738029,-0.00213843645837348,0.000592145500897424,-6.06109269963613e-05,-0.000880648777062024,0.000759426923069301,-0.000712534551741668,-0.00178708187232373,0.000362012768840389,"ostf"
"gpt2-large",50,0.0101874983305729,0.00734976046776049,0.0130252361933853,0.0116448582651476,0.00957828605941534,0.0137114304708799,0.0108816768174327,0.0084626405558835,0.0133007130789819,-0.00145735993457474,-0.00298013924431224,6.54193751627621e-05,-0.000694178486859814,-0.0018919837966776,0.000503626822957973,-0.000763181447714927,-0.00173041824732067,0.000204055351890814,"ostf"
"gpt2-large",64,0.0124264710007765,0.00932472145874517,0.0155282205428078,0.013973009487005,0.011843682909798,0.0161023360642119,0.0129678894830523,0.0102627162974236,0.015673062668681,-0.00154653848622848,-0.00307382445209989,-1.9252520357076e-05,-0.000541418482275794,-0.00223777428844695,0.00115493732389536,-0.00100512000395269,-0.00255893665456242,0.000548696646657037,"ostf"
"gpt2-large",80,0.0152707005312407,0.0117834216204177,0.0187579794420637,0.0155201737475921,0.0135584240194959,0.0174819234756882,0.0168323552045417,0.0138125417330805,0.0198521686760029,-0.000249473216351352,-0.00251198864656988,0.00201304221386717,-0.00156165467330096,-0.00307655529995841,-4.67540466435033e-05,0.00131218145694961,-0.000685010639050741,0.00330937355294995,"ostf"
"gpt2-large",100,0.0180980472581066,0.0147038626025435,0.0214922319136697,0.017089676497816,0.0147818191617601,0.0193975338338719,0.0191212318952962,0.0160599399845386,0.0221825238060537,0.00100837076029059,-0.00118462163918581,0.003201363159767,-0.00102318463718955,-0.00273041972967449,0.000684050455295391,0.00203155539748015,0.000177055949322297,0.00388605484563799,"ostf"
"gpt2-large",128,0.0213035306169753,0.0178922517132179,0.0247148095207327,0.0185099203778346,0.0161258056060183,0.0208940351496509,0.0207682749332962,0.0174908590518587,0.0240456908147338,0.00279361023914065,0.000447004782965598,0.0051402156953157,0.000535255683679029,-0.000971879729922502,0.00204239109728056,0.00225835455546162,-0.000268736967603944,0.00478544607852718,"ostf"
"gpt2-large",160,0.0224034297383117,0.0189279723988643,0.025878887077759,0.0190447498133529,0.0163753188257631,0.0217141808009427,0.0217165146980594,0.0182224431179775,0.0252105862781414,0.00335867992495877,0.001204414851076,0.00551294499884154,0.00068691504025223,-0.00119093647530799,0.00256476655581245,0.00267176488470654,0.000233300894752956,0.00511022887466012,"ostf"
"gpt2-large",200,0.0241570483756718,0.0205868009937579,0.0277272957575858,0.0195053985152382,0.0166474129147338,0.0223633841157426,0.0223033710430755,0.018879086899952,0.025727655186199,0.00465164986043361,0.00280659319936731,0.00649670652149992,0.00185367733259636,0.00024113047963239,0.00346622418556033,0.00279797252783726,0.000326264474965116,0.0052696805807094,"ostf"
"gpt2-large",256,0.0250761225285565,0.0215611459738667,0.0285910990832463,0.0202245480820198,0.0173159388895869,0.0231331572744527,0.0227625678694708,0.0194352791556724,0.0260898565832692,0.00485157444653665,0.00288673552029076,0.00681641337278253,0.0023135546590857,0.0006617027246736,0.0039654065934978,0.00253801978745095,5.39441985084135e-05,0.00502209537639348,"ostf"
"gpt2-large",320,0.0261398045796069,0.0225071758471135,0.0297724333121004,0.0206066774586141,0.0176918040935092,0.023521550823719,0.0232691558633023,0.0197814274666018,0.0267568842600027,0.00553312712099288,0.00352262526308823,0.00754362897889753,0.00287064871630468,0.00103832840387837,0.00470296902873098,0.0026624784046882,2.29968535014665e-05,0.00530195995587494,"ostf"
"gpt2-large",400,0.0265946807138988,0.0228828825371604,0.0303064788906371,0.0208256153131988,0.0177513535111335,0.0238998771152642,0.0238872466771976,0.0202108842407132,0.027563609113682,0.00576906540069992,0.00362041415013277,0.00791771665126707,0.00270743403670113,0.000894966344992095,0.00451990172841017,0.00306163136399879,0.000190608993484404,0.00593265373451317,"ostf"
"gpt2-large",512,0.0272237570181487,0.0232867482074626,0.0311607658288347,0.0211865126817047,0.0180861557399618,0.0242868696234476,0.0239249421454231,0.0202795259101716,0.0275703583806746,0.00603724433644392,0.00389975014888481,0.00817473852400304,0.00329881487272555,0.00133368979925888,0.00526393994619222,0.00273842946371838,2.47459624744422e-05,0.00545211296496231,"ostf"
"gpt2-large",640,0.0275511616987433,0.023605143172032,0.0314971802254545,0.0211734809564149,0.018023819518459,0.0243231423943708,0.0239087846521903,0.0202223951555109,0.0275951741488698,0.00637768074232835,0.00419016614796339,0.00856519533669331,0.00364237704655296,0.0019855148962893,0.00529923919681662,0.0027353036957754,-6.58938992919959e-06,0.00547719678147999,"ostf"
"gpt2-large",800,0.0276331241837018,0.0237055660476388,0.0315606823197648,0.0211693785559736,0.0180488611709754,0.0242898959409718,0.0239318388464991,0.0202767410630295,0.0275869366299687,0.00646374562772817,0.00428356657573078,0.00864392467972557,0.00370128533720271,0.00201136473044353,0.0053912059439619,0.00276246029052546,1.54656659490248e-05,0.0055094549151019,"ostf"
"gpt2-large",1023,0.027664296922495,0.0237522604038585,0.0315763334411314,0.0211545220122715,0.0180376498652863,0.0242713941592567,0.0239302951333032,0.0202757817601951,0.0275848085064113,0.00650977491022345,0.00430793368377504,0.00871161613667186,0.00373400178919179,0.0020995287763113,0.00536847480207227,0.00277577312103166,2.61818484129824e-05,0.00552536439365034,"ostf"
"gpt2-xl",1,8.71624358024409e-05,-0.000507214493188442,0.000681539364793323,6.46198493529309e-05,-0.000523523970897722,0.000652763669603583,6.2055295087375e-05,-0.000523840191928548,0.000647950782103298,2.25425864495099e-05,-1.83862838058212e-05,6.34714567048411e-05,2.51071407150658e-05,1.05278633724951e-05,3.96864180576365e-05,-2.56455426555588e-06,-3.83190283683888e-05,3.3189919837277e-05,"ostf"
"gpt2-xl",2,0.000333966062394179,-0.000209482104441333,0.000877414229229691,0.000323188588887736,-0.000249737573183782,0.000896114750959253,0.000271438344169749,-0.000201813658029034,0.000744690346368531,1.07774735064437e-05,-6.69240371611316e-05,8.84789841740191e-05,6.25277182244308e-05,-1.77109608394379e-05,0.0001427663972883,-5.17502447179871e-05,-0.000175329698932019,7.18292094960448e-05,"ostf"
"gpt2-xl",3,0.00071023201500837,6.53417387904841e-06,0.00141392985613769,0.000768565832861438,7.08258534391734e-05,0.0014663058122837,0.000620327081016554,3.94693412005464e-07,0.0012402594686211,-5.83338178530681e-05,-0.000180275237946264,6.3607602240128e-05,8.99049339918159e-05,-4.35968555802731e-05,0.000223406723563905,-0.000148238751844884,-0.000291220842717359,-5.25666097240908e-06,"ostf"
"gpt2-xl",4,0.000960506893485226,0.000161613920527059,0.00175939986644339,0.000995292337462901,0.00023507827236262,0.00175550640256318,0.000795246928533694,0.000123943030845506,0.00146655082622188,-3.47854439776756e-05,-0.000203067791143251,0.0001334969031879,0.000165259964951531,-1.83098248392919e-05,0.000348829754742354,-0.000200045408929207,-0.000385708911339727,-1.43819065186861e-05,"ostf"
"gpt2-xl",5,0.00105297845839366,0.000415389903125797,0.00169056701366153,0.00112992444500376,0.000565243530564458,0.00169460535944306,0.000899881837355436,0.000369770939700254,0.00142999273501062,-7.6945986610096e-05,-0.000326678379550271,0.000172786406330079,0.000153096621038228,-4.88353869922531e-05,0.000355028629068708,-0.000230042607648324,-0.000494085102853731,3.39998875570844e-05,"ostf"
"gpt2-xl",6,0.000997306457761989,0.00036721141890451,0.00162740149661947,0.00107309037689674,0.000430812137011182,0.0017153686167823,0.000864274319692024,0.000343066574478438,0.00138548206490561,-7.57839191347538e-05,-0.000361716218837563,0.000210148380568055,0.000133032138069965,-4.83965130930285e-05,0.000314460789232959,-0.000208816057204719,-0.000527190600874555,0.000109558486465116,"ostf"
"gpt2-xl",7,0.000959289233879815,0.000333431762163698,0.00158514670559593,0.00115797676809958,0.00041538346422908,0.00190057007197007,0.000910057559362928,0.000349920072799643,0.00147019504592621,-0.000198687534219761,-0.000564407187378983,0.000167032118939461,4.92316745168866e-05,-0.000145460383457702,0.000243923732491475,-0.000247919208736647,-0.000652444177792265,0.00015660576031897,"ostf"
"gpt2-xl",10,0.0011667503374251,0.000428635355882866,0.00190486531896732,0.00140718803219209,0.000679709636717971,0.0021346664276662,0.00125235755717741,0.000544092928553951,0.00196062218580087,-0.00024043769476699,-0.000682414405068504,0.000201539015534523,-8.56072197523128e-05,-0.00031543680817986,0.000144222368675235,-0.000154830475014678,-0.000600048931999587,0.000290387981970231,"ostf"
"gpt2-xl",12,0.00134640254481338,0.000512186088949671,0.00218061900067709,0.00174446888421807,0.000842698414426671,0.00264623935400948,0.001463428362632,0.000633863903318009,0.00229299282194599,-0.000398066339404692,-0.000950486916826691,0.000154354238017307,-0.000117025817818616,-0.000433032689500875,0.000198981053863643,-0.000281040521586076,-0.000815108587060812,0.00025302754388866,"ostf"
"gpt2-xl",16,0.00178615433607392,0.00083154472450718,0.00274076394764065,0.00230109750776152,0.00117571826990357,0.00342647674561948,0.00183188820518995,0.00097106748877756,0.00269270892160234,-0.000514943171687608,-0.00116185537499894,0.000131969031623729,-4.57338691160324e-05,-0.000367104272780941,0.000275636534548876,-0.000469209302571576,-0.00120712990253103,0.000268711297387876,"ostf"
"gpt2-xl",20,0.00236928298055093,0.00116419961766964,0.00357436634343222,0.00337066564446954,0.00201464416316931,0.00472668712576977,0.00251771241197234,0.0014149928018382,0.00362043202210649,-0.00100138266391861,-0.00165995344403583,-0.000342811883801386,-0.000148429431421412,-0.000533447695711129,0.000236588832868304,-0.000852953232497197,-0.00172394390363185,1.80374386374541e-05,"ostf"
"gpt2-xl",25,0.00358250769920157,0.00211505786872593,0.00504995752967721,0.00456926531645728,0.00295285576456143,0.00618567486835312,0.00379468397601247,0.0024940548720769,0.00509531307994804,-0.000986757617255709,-0.00193653185718336,-3.69833773280606e-05,-0.000212176276810902,-0.000666671312828656,0.000242318759206852,-0.000774581340444807,-0.00172900734027473,0.000179844659385118,"ostf"
"gpt2-xl",32,0.0051867682403996,0.00315981997250097,0.00721371650829823,0.00622478113951773,0.00417679594729162,0.00827276633174385,0.00544687907733642,0.00366065962599332,0.00723309852867952,-0.00103801289911814,-0.00214947304344002,7.34472452037457e-05,-0.000260110836936823,-0.00105381587650536,0.000533594202631711,-0.000777902062181312,-0.00186436395064624,0.000308559826283613,"ostf"
"gpt2-xl",40,0.00710809340220743,0.00490136629337343,0.00931482051104142,0.00778773480885097,0.00578183322674826,0.00979363639095369,0.00709270342981964,0.00501644563839237,0.0091689612212469,-0.000679641406643546,-0.00162497102565392,0.00026568821236683,1.53899723877895e-05,-0.000785521425791874,0.000816301370567453,-0.000695031379031336,-0.00162064886787069,0.000230586109808018,"ostf"
"gpt2-xl",50,0.00784718765114522,0.00535839865574184,0.0103359766465486,0.00907242035378296,0.00712554162138077,0.0110192990861851,0.00850579399208597,0.00636735932119846,0.0106442286629735,-0.00122523270263774,-0.00246524927368611,1.47838684106364e-05,-0.000658606340940754,-0.00165201386572272,0.00033480118384121,-0.000566626361696982,-0.00145206621292056,0.000318813489526592,"ostf"
"gpt2-xl",64,0.00968425328614997,0.00692451264932639,0.0124439939229735,0.0113964327335902,0.00937658385703062,0.0134162816101498,0.0103905485529007,0.00782397592304024,0.0129571211827611,-0.00171217944744023,-0.00289721371325267,-0.0005271451816278,-0.000706295266750687,-0.00225273740483608,0.00084014687133471,-0.00100588418068955,-0.00258776909990593,0.000576000738526836,"ostf"
"gpt2-xl",80,0.0118180972538925,0.00859156868301766,0.0150446258247673,0.0133033229675735,0.0114787268434987,0.0151279190916483,0.0137567062121291,0.0107639591047752,0.0167494533194829,-0.00148522571368104,-0.00339924403893387,0.00042879261157179,-0.00193860895823661,-0.00323821509470034,-0.000639002821772874,0.000453383244555571,-0.00154789409842346,0.0024546605875346,"ostf"
"gpt2-xl",100,0.0146174763844015,0.0115237275966901,0.0177112251721129,0.015179897620394,0.0129360897717077,0.0174237054690803,0.0162057198752421,0.012968690244104,0.0194427495063803,-0.000562421235992514,-0.00235804495621822,0.00123320248423319,-0.00158824349084065,-0.00328182576385098,0.000105338782169674,0.00102582225484814,-0.00103969788012369,0.00309134238981996,"ostf"
"gpt2-xl",128,0.0177491877063101,0.0144725010620734,0.0210258743505468,0.0164318718778523,0.0139879115118665,0.0188758322438381,0.0180160989591473,0.0143913355434392,0.0216408623748554,0.00131731582845774,-0.000822220891866901,0.00345685254878239,-0.000266911252837232,-0.0017552058280114,0.00122138332233694,0.00158422708129498,-0.00100124845603138,0.00416970261862134,"ostf"
"gpt2-xl",160,0.0189969441124123,0.0156779762377208,0.0223159119871038,0.0172049970102466,0.0146501735162731,0.0197598205042201,0.0189390330766379,0.0151597323828566,0.0227183337704192,0.00179194710216572,-0.000423551416062152,0.00400744562039359,5.79110357743661e-05,-0.00187551535800041,0.00199133742954914,0.00173403606639135,-0.000842925314307393,0.0043109974470901,"ostf"
"gpt2-xl",200,0.020699249331463,0.0172348052827328,0.0241636933801932,0.0177824095923031,0.0148982943772682,0.0206665248073379,0.0196592622312894,0.01596622213066,0.0233523023319187,0.00291683973915997,0.00105963136955782,0.00477404810876211,0.00103998710017366,-0.000355777038583016,0.00243575123893033,0.00187685263898631,-0.000628155329705395,0.00438186060767801,"ostf"
"gpt2-xl",256,0.0217293196068976,0.0182892567957046,0.0251693824180905,0.0184680460455102,0.0155438464919355,0.0213922455990848,0.0200553491037491,0.0165053007880741,0.0236053974194242,0.00326127356138741,0.0012852065645128,0.00523734055826202,0.00167397050314846,0.000263661643305995,0.00308427936299092,0.00158730305823895,-0.000805677687023734,0.00398028380350164,"ostf"
"gpt2-xl",320,0.022779991013763,0.019129007053824,0.0264309749737019,0.0191755216555694,0.0160821518313766,0.0222688914797623,0.0206132929150089,0.016877833009502,0.0243487528205158,0.00360446935819352,0.00148145756082075,0.00572748115556629,0.00216669809875405,0.000604027086598986,0.00372936911090912,0.00143777125943947,-0.00109376508896564,0.00396930760784458,"ostf"
"gpt2-xl",400,0.023307739626144,0.0196541777436318,0.0269613015086562,0.0193055686955831,0.0161961207592307,0.0224150166319355,0.0213044663248272,0.0173704553662163,0.0252384772834381,0.00400217093056091,0.00186052505128417,0.00614381680983765,0.00200327330131681,0.000284531399848076,0.00372201520278555,0.0019988976292441,-0.000675799741858855,0.00467359500034705,"ostf"
"gpt2-xl",512,0.0239826127234712,0.02011137044502,0.0278538550019224,0.019643314640274,0.0164885815884066,0.0227980476921414,0.021427687744625,0.0175397615496467,0.0253156139396034,0.00433929808319723,0.00212569576088047,0.00655290040551399,0.00255492497884617,0.00101311313012831,0.00409673682756404,0.00178437310435105,-0.000851486145135595,0.0044202323538377,"ostf"
"gpt2-xl",640,0.0242882744158995,0.0204163953951231,0.028160153436676,0.0196003811480742,0.0164044823336991,0.0227962799624492,0.0214005111363764,0.0175214311111507,0.0252795911616021,0.00468789326782532,0.00249728148647492,0.00687850504917573,0.00288776327952314,0.00156950143102576,0.00420602512802051,0.00180012998830219,-0.000748802220878253,0.00434906219748263,"ostf"
"gpt2-xl",800,0.0242191411581032,0.020394336078065,0.0280439462381414,0.0195807982324724,0.0164110617719706,0.0227505346929743,0.0214515377253853,0.017588443386962,0.0253146320638085,0.0046383429256308,0.0024041185388716,0.00687256731239,0.00276760343271796,0.00138030661614469,0.00415490024929122,0.00187073949291284,-0.000681156110682986,0.00442263509650867,"ostf"
"gpt2-xl",1023,0.024239744968288,0.0204105291552292,0.0280689607813468,0.0195591347916537,0.0163943038060363,0.0227239657772711,0.0214509931114043,0.0175844285958878,0.0253175576269209,0.00468061017663432,0.00244416280484392,0.00691705754842471,0.00278875185688368,0.00144014640981841,0.00413735730394896,0.00189185831975064,-0.000677893573895128,0.0044616102133964,"ostf"
"gpt2",1,0.00925099860249503,0.00132737169974469,0.0171746255052454,0.00951840071961173,0.00161138846630294,0.0174254129729205,0.00856612634992175,0.000712155155480954,0.0164200975443625,-0.000267402117116693,-0.000567274978893456,3.24707446600704e-05,0.000684872252573287,0.000301561034221215,0.00106818347092536,-0.00095227436968998,-0.00145838603702673,-0.000446162702353225,"provoff"
"gpt2",2,0.0217463018807574,0.0128401144138951,0.0306524893476197,0.0227135402939623,0.0134672748897843,0.0319598056981403,0.0192507167904231,0.00987832527448128,0.028623108306365,-0.00096723841320495,-0.00258488278619066,0.000650405959780763,0.00249558509033425,0.00053303069739056,0.00445813948327794,-0.0034628235035392,-0.00580450047692909,-0.00112114653014931,"provoff"
"gpt2",3,0.0235824999049208,0.0148174119853157,0.0323475878245258,0.023470053528991,0.0150628322288765,0.0318772748291055,0.0235889273006963,0.0127018902418006,0.0344759643595921,0.000112446375929761,-0.00123347735526848,0.00145837010712801,-6.42739577557047e-06,-0.00387658489829538,0.00386373010674424,0.000118873771705331,-0.00443517546247132,0.00467292300588198,"provoff"
"gpt2",4,0.019684407197307,0.00767531866054206,0.0316934957340719,0.0197499515322178,0.00890527935036373,0.0305946237140718,0.0188627849087626,0.00433730781593552,0.0333882620015897,-6.55443349107974e-05,-0.0025569132019853,0.00242582453216371,0.000821622288544383,-0.00381866203151423,0.005461906608603,-0.00088716662345518,-0.00665023221719685,0.00487589897028649,"provoff"
"gpt2",5,0.0163394194242875,0.00568097315449533,0.0269978656940797,0.0167070025244017,0.0078736824746586,0.0255403225741448,0.0170075094392579,0.00484237916376853,0.0291726397147473,-0.000367583100114157,-0.00348549093033438,0.00275032473010607,-0.000668090014970416,-0.00479474805075572,0.00345856802081489,0.000300506914856258,-0.00462020283056333,0.00522121666027584,"provoff"
"gpt2",6,0.0164147577016825,0.00643332574362224,0.0263961896597427,0.0157743043250824,0.00770498226701948,0.0238436263831453,0.0174068379634106,0.00501610009463042,0.0297975758321907,0.000640453376600095,-0.00201624723924425,0.00329715399244444,-0.000992080261728102,-0.00500706426729594,0.00302290374383974,0.0016325336383282,-0.00367751384934287,0.00694258112599926,"provoff"
"gpt2",7,0.0167086013432875,0.00671921619319658,0.0266979864933784,0.0171693592665946,0.00782479831733779,0.0265139202158513,0.0166027693829353,0.0039140728030218,0.0292914659628489,-0.000460757923307047,-0.00240041441396109,0.00147889856734699,0.000105831960352168,-0.00403771159463313,0.00424937551533747,-0.000566589883659215,-0.00538962679351529,0.00425644702619686,"provoff"
"gpt2",10,0.0177958792094286,0.00704759042295467,0.0285441679959025,0.0181886610442649,0.0098459312589848,0.0265313908295451,0.0188615100576902,0.00623058703441461,0.0314924330809657,-0.000392781834836356,-0.00377601764929368,0.00299045397962097,-0.00106563084826159,-0.00492993879837997,0.00279867710185678,0.000672849013425237,-0.00454043757983489,0.00588613560668536,"provoff"
"gpt2",12,0.018642994566507,0.00878159649158396,0.0285043926414301,0.0177321813134291,0.0103481488072822,0.025116213819576,0.01914135855187,0.00785100458784658,0.0304317125158935,0.000910813253077913,-0.00306169305448232,0.00488331956063815,-0.000498363985363002,-0.00481734972619128,0.00382062175546527,0.00140917723844091,-0.00401569847244736,0.00683405294932918,"provoff"
"gpt2",16,0.0200223103717072,0.0118865261309998,0.0281580946124146,0.0184106615923243,0.012254404182981,0.0245669190016677,0.0216764984296365,0.00995046280332428,0.0334025340559486,0.00161164877938285,-0.0018901850156652,0.00511348257443089,-0.00165418805792927,-0.007343200788244,0.00403482467238547,0.00326583683731211,-0.00343510195777616,0.00996677563240038,"provoff"
"gpt2",20,0.0200902631450466,0.0128929656072363,0.0272875606828569,0.0177348556896232,0.0124795256642233,0.0229901857150231,0.0202294706424843,0.00678209781750175,0.0336768434674668,0.0023554074554234,-0.000800776619555361,0.00551159153040215,-0.000139207497437646,-0.00892213957638746,0.00864372458151217,0.00249461495286104,-0.00809177360449677,0.0130810035102189,"provoff"
"gpt2",25,0.0207970941348806,0.0134834982804201,0.0281106899893411,0.0184993193076212,0.0121175074128017,0.0248811312024407,0.0209211844905321,0.00635299347564093,0.0354893755054233,0.00229777482725939,-0.000599139801640624,0.00519468945615941,-0.000124090355651528,-0.00973667776656519,0.00948849705526213,0.00242186518291092,-0.00834526431815289,0.0131889946839747,"provoff"
"gpt2",32,0.0217751199588312,0.0129584648558756,0.0305917750617869,0.018432774745073,0.011505242044935,0.0253603074452109,0.0219887155434586,0.0079268256995348,0.0360506053873825,0.00334234521375828,0.000317454334863071,0.00636723609265348,-0.0002135955846274,-0.00870343645080463,0.00827624528154983,0.00355594079838568,-0.00617907492984003,0.0132909565266114,"provoff"
"gpt2",40,0.0219416025461629,0.0124711347461789,0.0314120703461469,0.0179822625151622,0.0110383252037236,0.0249261998266007,0.020980587048098,0.00728191669118116,0.0346792574050149,0.00395934003100073,0.000310067035667372,0.00760861302633409,0.00096101549806487,-0.00664061122636131,0.00856264222249105,0.00299832453293586,-0.00665606590097283,0.0126527149668445,"provoff"
"gpt2",50,0.0221508556544212,0.0117387888685741,0.0325629224402683,0.0181940019338597,0.0110628412002923,0.0253251626674271,0.0210324508751354,0.00709273872678041,0.0349721630234904,0.00395685372056153,-0.00031208953171809,0.00822579697284115,0.00111840477928582,-0.00608381127611688,0.00832062083468851,0.00283844894127571,-0.00680971220911421,0.0124866100916656,"provoff"
"gpt2",64,0.021762990184192,0.0114116163043889,0.032114364063995,0.0181614645245159,0.0111976800136938,0.0251252490353381,0.0210224002162165,0.00706294315339266,0.0349818572790403,0.00360152565967605,-0.00061102861138937,0.00781407993074148,0.000740589967975477,-0.0064555067484825,0.00793668668443345,0.00286093569170058,-0.00682608984803131,0.0125479612314325,"provoff"
"gpt2",80,0.0217849858950299,0.0115009748078865,0.0320689969821733,0.0181663547705497,0.011196803808468,0.0251359057326315,0.0209881045364783,0.00704401763235372,0.0349321914406029,0.00361863112448018,-0.000525377115129025,0.00776263936408938,0.00079688135855161,-0.00641669336987628,0.0080104560869795,0.00282174976592857,-0.00683754660776369,0.0124810461396208,"provoff"
"gpt2",100,0.0217161289995773,0.0114607785283895,0.0319714794707651,0.018134274087791,0.0111985148607994,0.0250700333147827,0.0210280357668598,0.00698486520720281,0.0350712063265167,0.0035818549117863,-0.00060308501260092,0.00776679483617352,0.000688093232717566,-0.0066528244658146,0.00802901093124974,0.00289376167906873,-0.00689493035145009,0.0126824537095876,"provoff"
"gpt2-medium",1,0.0188760423756264,0.0113475753853986,0.0264045093658541,0.0191126490300215,0.0117471913302125,0.0264781067298304,0.0173657805742893,0.00991064743149262,0.024820913717086,-0.000236606654395079,-0.000787538546979206,0.000314325238189047,0.00151026180133709,0.00043109031335178,0.0025894332893224,-0.00174686845573217,-0.0029693245843286,-0.000524412327135745,"provoff"
"gpt2-medium",2,0.0242582176030855,0.0133687997935737,0.0351476354125973,0.0247586247652931,0.0132131992838411,0.0363040502467451,0.0215256957682563,0.0105312644407366,0.032520127095776,-0.000500407162207669,-0.00211335674445316,0.00111254242003782,0.00273252183482916,0.000295590200217992,0.00516945346944033,-0.00323292899703683,-0.00632394621248545,-0.000141911781588213,"provoff"
"gpt2-medium",3,0.0221134457361617,0.0110731024493241,0.0331537890229993,0.0221840534861847,0.0107388378269242,0.0336292691454452,0.0218202588106277,0.00853846804306665,0.0351020495781887,-7.06077500229942e-05,-0.00180451975267852,0.00166330425263253,0.000293186925534044,-0.0042353364691653,0.00482171032023339,-0.000363794675557038,-0.00538620532570857,0.00465861597459449,"provoff"
"gpt2-medium",4,0.019579279884294,0.00736875696693231,0.0317898028016557,0.0204714656476336,0.00868553339989464,0.0322573978953725,0.0188072425223369,0.00341806752757595,0.0341964175170979,-0.000892185763339548,-0.00251259093173349,0.000728219405054399,0.000772037361957104,-0.00533675034327704,0.00688082506719124,-0.00166422312529665,-0.00805172087524582,0.00472327462465251,"provoff"
"gpt2-medium",5,0.0169014932583988,0.00462294749793844,0.0291800390188591,0.0184681051087338,0.00740418750401496,0.0295320227134526,0.0172464902546546,0.00343101894521576,0.0310619615640935,-0.001566611850335,-0.0044052479407725,0.0012720242401025,-0.000344996996255858,-0.00602666409146918,0.00533667009895746,-0.00122161485407914,-0.00680927333316504,0.00436604362500677,"provoff"
"gpt2-medium",6,0.0161226675796098,0.00600056714066551,0.0262447680185542,0.0168537502307415,0.00744685016989081,0.0262606502915922,0.0167049140908753,0.00281917223544325,0.0305906559463074,-0.00073108265113164,-0.00239807764696476,0.00093591234470148,-0.000582246511265495,-0.00651818259947197,0.00535368957694098,-0.000148836139866146,-0.00626710936348197,0.00596943708374968,"provoff"
"gpt2-medium",7,0.0154209451034095,0.00519421694332814,0.0256476732634909,0.0178453306169956,0.00792575557137252,0.0277649056626187,0.0159600645340984,0.00281883403019474,0.0291012950380021,-0.00242438551358608,-0.00413110899165483,-0.000717662035517335,-0.000539119430688943,-0.00567346064335254,0.00459522178197465,-0.00188526608289714,-0.0072788587552196,0.00350832658942532,"provoff"
"gpt2-medium",10,0.0171284916138124,0.00733048982760484,0.0269264934000199,0.0190247299452745,0.0104176078026364,0.0276318520879126,0.0189234081953623,0.00578915912357342,0.0320576572671511,-0.00189623833146211,-0.00453556854161956,0.000743091878695333,-0.00179491658154989,-0.00826621413647638,0.0046763809733766,-0.000101321749912225,-0.0077241121575326,0.00752146865770814,"provoff"
"gpt2-medium",12,0.0169760477297412,0.00718732940630785,0.0267647660531745,0.0177164703328521,0.00920082297886665,0.0262321176868376,0.0184228224121948,0.00626290506146404,0.0305827397629256,-0.000740422603110948,-0.00363685953199148,0.00215601432576958,-0.00144677468245363,-0.00795631811796523,0.00506276875305797,0.00070635207934268,-0.00679174820601045,0.00820445236469581,"provoff"
"gpt2-medium",16,0.0189608804034059,0.010122618239112,0.0277991425676998,0.017780443627369,0.0110913198668881,0.02446956738785,0.02170309887862,0.0101312035217868,0.0332749942354532,0.00118043677603685,-0.00207219228606077,0.00443306583813447,-0.00274221847521408,-0.00972666414100652,0.00424222719057836,0.00392265525125093,-0.0039790958870116,0.0118244063895135,"provoff"
"gpt2-medium",20,0.0193348992095777,0.0117127575582976,0.0269570408608578,0.01705112985373,0.0108296287399406,0.0232726309675193,0.0207155307740176,0.00721781918532152,0.0342132423627137,0.00228376935584773,-0.000665592457312142,0.0052331311690076,-0.0013806315644399,-0.0108087114913936,0.00804744836251381,0.00366440092028763,-0.00761602405769713,0.0149448258982724,"provoff"
"gpt2-medium",25,0.0203583872052447,0.0116658732948937,0.0290509011155957,0.0176739942053681,0.010369794519912,0.0249781938908241,0.021600243725127,0.00721166247239715,0.0359888249778569,0.00268439299987665,-0.00012267359824787,0.00549145959800118,-0.0012418565198823,-0.0102665767961952,0.00778286375643056,0.00392624951975896,-0.0064418886293432,0.0142943876688611,"provoff"
"gpt2-medium",32,0.0213837702360655,0.0111589610473111,0.0316085794248199,0.0180079268476996,0.0100128234382946,0.0260030302571046,0.0220189376754468,0.00788510177499364,0.0361527735759,0.00337584338836589,-7.6952865783225e-05,0.006828639642515,-0.00063516743938132,-0.00993942835963502,0.00866909348087238,0.00401101082774721,-0.00555809827139209,0.0135801199268865,"provoff"
"gpt2-medium",40,0.0218304650300919,0.0110553167920915,0.0326056132680922,0.0177917395982283,0.00984184765110246,0.0257416315453541,0.0211268016452077,0.00721998545040864,0.0350336178400068,0.00403872543186358,0.000138702896777503,0.00793874796694965,0.000703663384884171,-0.0076689260028348,0.00907625277260314,0.0033350620469794,-0.00633146410941022,0.013001588203369,"provoff"
"gpt2-medium",50,0.0221718478572226,0.010809339338212,0.0335343563762331,0.0184093049358205,0.0101932639098784,0.0266253459617626,0.0211448321405316,0.00750247930579826,0.034787184975265,0.00376254292140207,-0.00040877160183568,0.00793385744463982,0.00102701571669095,-0.00749974896698669,0.00955378040036859,0.00273552720471112,-0.00634551834095263,0.0118165727503749,"provoff"
"gpt2-medium",64,0.0217096587109908,0.0106980570575613,0.0327212603644202,0.0181245769585632,0.0100295536119552,0.0262196003051711,0.0209593526811984,0.00744518411969679,0.0344735212427,0.00358508175242762,-0.000358932486208222,0.00752909599106345,0.000750306029792414,-0.00765577539108835,0.00915638745067317,0.0028347757226352,-0.00614504473525978,0.0118145961805302,"provoff"
"gpt2-medium",80,0.0216658214482949,0.0105551529306288,0.0327764899659611,0.01825402290309,0.0100417045563167,0.0264663412498633,0.0210149633511634,0.007507302253163,0.0345226244491639,0.00341179854520493,-0.000518623534468326,0.00734222062487819,0.000650858097131486,-0.00775146434694289,0.00905318054120586,0.00276094044807344,-0.00621421290444632,0.0117360938005932,"provoff"
"gpt2-medium",100,0.0217216383816727,0.0107031676805255,0.0327401090828198,0.0183082257832925,0.0101555570679168,0.0264608944986682,0.020970851187704,0.00745330065569554,0.0344884017197125,0.00341341259838022,-0.000552797872162465,0.00737962306892291,0.000750787193968674,-0.00765826644405702,0.00915984083199437,0.00266262540441155,-0.00633581184286708,0.0116610626516902,"provoff"
"gpt2-large",1,0.022303670077467,0.0116316692444889,0.0329756709104451,0.0224729590626094,0.0119988330706534,0.0329470850545653,0.0209650750507296,0.0104013500155093,0.0315288000859499,-0.000169288985142393,-0.000745557816054292,0.000406979845769505,0.00133859502673741,0.000174323063944218,0.0025028669895306,-0.0015078840118798,-0.00271832809979409,-0.00029743992396552,"provoff"
"gpt2-large",2,0.0241261835492407,0.013996756522715,0.0342556105757664,0.0249484651655333,0.0144410104836237,0.0354559198474428,0.0210102192908302,0.010687780242341,0.0313326583393194,-0.0008222816162926,-0.00225210246946594,0.000607539236880738,0.00311596425841048,0.000858573279822623,0.00537335523699834,-0.00393824587470308,-0.00666410092464841,-0.00121239082475776,"provoff"
"gpt2-large",3,0.0212627132945813,0.00949333275410462,0.0330320938350581,0.0215551463219746,0.00931946011670746,0.0337908325272417,0.021075012411734,0.00709073139564516,0.0350592934278229,-0.000292433027393228,-0.00181651290524907,0.00123164685046261,0.0001877008828473,-0.00433599215262507,0.00471139391831967,-0.000480133910240528,-0.00572003786398127,0.00475977004350021,"provoff"
"gpt2-large",4,0.0183306851904128,0.00544075311317718,0.0312206172676483,0.0195177366174079,0.00711238359103233,0.0319230896437834,0.0174743386403955,0.00207882805846973,0.0328698492223213,-0.00118705142699513,-0.00248869328617162,0.000114590432181347,0.000856346550017212,-0.00530029898369391,0.00701299208372833,-0.00204339797701235,-0.00848535543510516,0.00439855948108047,"provoff"
"gpt2-large",5,0.0155259542022073,0.00265059758000699,0.0284013108244077,0.0172956723442323,0.00594581277389236,0.0286455319145723,0.0157916220811015,0.00195728624220036,0.0296259579200027,-0.001769718142025,-0.0048800582383048,0.00134062195425479,-0.000265667878894186,-0.00632588603023287,0.0057945502724445,-0.00150405026313082,-0.00725456854696312,0.00424646802070149,"provoff"
"gpt2-large",6,0.0156920231108757,0.00384225317015432,0.0275417930515971,0.0166362328786108,0.00560063726376486,0.0276718284934568,0.0159955130918651,0.00150538813305401,0.0304856380506761,-0.000944209767735084,-0.00267813132594333,0.000789711790473157,-0.000303489980989349,-0.00651721453408702,0.00591023457210832,-0.000640719786745735,-0.00696725863846192,0.00568581906497045,"provoff"
"gpt2-large",7,0.0148145597174079,0.00283479479091977,0.026794324643896,0.0170630503290972,0.0050625407226356,0.0290635599355587,0.0141402834046988,0.000523763707298184,0.0277568031020994,-0.00224849061168927,-0.00408625985096465,-0.000410721372413898,0.000674276312709086,-0.00485641984576535,0.00620497247118352,-0.00292276692439836,-0.00779122213258227,0.00194568828378555,"provoff"
"gpt2-large",10,0.0153987168984688,0.00514464728050223,0.0256527865164353,0.0178643223933151,0.00899964547769947,0.0267289993089307,0.0164320168168258,0.00384901214016856,0.0290150214934831,-0.00246560549484633,-0.0052360586459742,0.00030484765628154,-0.00103329991835705,-0.0072560299707277,0.0051894301340136,-0.00143230557648928,-0.00821261983970067,0.00534800868672212,"provoff"
"gpt2-large",12,0.0165502730203184,0.00603121641791836,0.0270693296227185,0.0173687101441909,0.0088173387946909,0.025920081493691,0.0161425050086334,0.00354467171905267,0.0287403382982142,-0.00081843712387252,-0.00413541237719148,0.00249853812944644,0.000407768011684966,-0.00673869095908481,0.00755422698245474,-0.00122620513555749,-0.00866934840645112,0.00621693813533615,"provoff"
"gpt2-large",16,0.0186609893822473,0.00954833876668294,0.0277736399978117,0.0185282678548576,0.0111377442500164,0.0259187914596988,0.0182720221338398,0.00636652941830104,0.0301775148493786,0.000132721527389734,-0.00312207086478148,0.00338751391956094,0.000388967248407499,-0.00695526855583844,0.00773320305265344,-0.000256245721017766,-0.00822199194417085,0.00770950050213531,"provoff"
"gpt2-large",20,0.0184286890319909,0.0103814031130632,0.0264759749509185,0.0174980793608808,0.0107887538554954,0.0242074048662661,0.0179884409272489,0.00398737829403767,0.0319895035604601,0.000930609671110093,-0.00192923754611463,0.00379045688833482,0.000440248104741988,-0.00923447952532503,0.010114975734809,0.000490361566368104,-0.0108205972665373,0.0118013203992736,"provoff"
"gpt2-large",25,0.019755351755922,0.0107994662689971,0.028711237242847,0.0182391223010952,0.0101955949148502,0.0262826496873403,0.0186455541021906,0.00435635728729748,0.0329347509170837,0.00151622945482679,-0.00192290282306542,0.004955361732719,0.00110979765373142,-0.00805044738510219,0.010270042692565,0.000406431801095374,-0.0103757120394509,0.0111885756416416,"provoff"
"gpt2-large",32,0.0200580724818359,0.00988289622817338,0.0302332487354984,0.0183268673408659,0.00955833723963723,0.0270953974420945,0.0189343945922787,0.00475137872821527,0.0331174104563421,0.00173120514096998,-0.0019455848823048,0.00540799516424477,0.00112367788955718,-0.00880321226001205,0.0110505680391264,0.000607527251412808,-0.0102135290861755,0.0114285835890011,"provoff"
"gpt2-large",40,0.0205689615406321,0.0106613615734961,0.0304765615077681,0.0179861235707894,0.00926558314999718,0.0267066639915817,0.0183355477039554,0.00440749653093755,0.0322635988769733,0.00258283796984267,-0.000940475753500506,0.00610615169318584,0.00223341383667667,-0.00739197502683286,0.0118588027001862,0.000349424133165992,-0.0105709786122445,0.0112698268785764,"provoff"
"gpt2-large",50,0.0208628526886659,0.0103016775042712,0.0314240278730605,0.0181674696579035,0.00901894126560787,0.0273159980501991,0.0182316944304534,0.00453704069984454,0.0319263481610623,0.00269538303076235,-0.000892433141162918,0.00628319920268761,0.00263115825821246,-0.00696814220241582,0.0122304587188407,6.42247725498889e-05,-0.0104889127735989,0.0106173623186987,"provoff"
"gpt2-large",64,0.0206128803295845,0.0102129934991131,0.0310127671600559,0.01787877672945,0.00885726015821915,0.0269002933006809,0.0182440423097572,0.0045490460111431,0.0319390386083713,0.00273410360013448,-0.000825307641805304,0.00629351484207426,0.00236883801982727,-0.00720585865477887,0.0119435346944334,0.000365265580307207,-0.0102043284026128,0.0109348595632272,"provoff"
"gpt2-large",80,0.0206202851143125,0.0102361915171219,0.0310043787115032,0.0179203044477197,0.00885351473634788,0.0269870941590916,0.0182575334263896,0.00456109224883683,0.0319539746039423,0.0026999806665928,-0.000823631247972526,0.00622359258115813,0.00236275168792295,-0.00717648746287891,0.0119019908387248,0.000337228978669854,-0.0102610696124355,0.0109355275697752,"provoff"
"gpt2-large",100,0.0206241815500587,0.0102385381552795,0.031009824944838,0.0179121958489208,0.00884280296952017,0.0269815887283214,0.018250735034101,0.00455076869046432,0.0319507013777377,0.00271198570113794,-0.000797149432194932,0.00622112083447081,0.00237344651595772,-0.00717601338469445,0.0119229064166099,0.000338539185180219,-0.0102508730397896,0.0109279514101501,"provoff"
"gpt2-xl",1,0.0228013164860099,0.0131436608035076,0.0324589721685123,0.023144063121852,0.013636907308126,0.0326512189355781,0.0214555352357182,0.0118670220448998,0.0310440484265367,-0.000342746635842125,-0.000773468132154222,8.79748604699718e-05,0.00134578125029169,0.0001174161739711,0.00257414632661229,-0.00168852788613382,-0.00289711685829975,-0.000479938913967882,"provoff"
"gpt2-xl",2,0.0246301643076594,0.014582966958766,0.0346773616565528,0.0254738473388942,0.0149625474167332,0.0359851472610553,0.0215313476398681,0.0109737552719378,0.0320889400077984,-0.000843683031234809,-0.00243061781673472,0.000743251754265103,0.00309881666779132,0.000766338780480274,0.00543129455510237,-0.00394249969902613,-0.0070465804306917,-0.00083841896736056,"provoff"
"gpt2-xl",3,0.0216181063229878,0.00876515182214525,0.0344710608238303,0.0221473834839159,0.00894809506934115,0.0353466718984907,0.0215774159094377,0.00639095992218027,0.0367638718966952,-0.00052927716092815,-0.00194204819440738,0.000883493872551076,4.06904135500628e-05,-0.00478617975337862,0.00486756058047874,-0.000569967574478213,-0.0059655934594398,0.00482565831048337,"provoff"
"gpt2-xl",4,0.0186876012889132,0.00448251356216312,0.0328926890156633,0.0203190721662247,0.00686925572676298,0.0337688886056865,0.0175105333649493,0.000734981543034904,0.0342860851868638,-0.00163147087731152,-0.00320922341476852,-5.37183398545131e-05,0.00117706792396387,-0.00511408212560279,0.00746821797353052,-0.00280853880127538,-0.00924962011425871,0.00363254251170794,"provoff"
"gpt2-xl",5,0.0154746891289964,0.00221581884728052,0.0287335594107122,0.0174647529430239,0.00560477769345525,0.0293247281925926,0.0157477012476484,0.000830731402834434,0.0306646710924623,-0.00199006381402756,-0.00477964832646055,0.000799520698405419,-0.000273012118651976,-0.00692384546783262,0.00637782123052866,-0.00171705169537559,-0.00799173654838951,0.00455763315763833,"provoff"
"gpt2-xl",6,0.0150089785077564,0.00358657386199786,0.026431383153515,0.0170259816411596,0.0058925330719365,0.0281594302103826,0.0154053394836778,0.00122458590953298,0.0295860930578227,-0.00201700313340311,-0.00321240295654665,-0.000821603310259577,-0.000396360975921402,-0.00675861023678887,0.00596588828494606,-0.00162064215748171,-0.00797725805171676,0.00473597373675333,"provoff"
"gpt2-xl",7,0.0137159458740952,0.00307017210010042,0.02436171964809,0.0161656883102955,0.00535223555314935,0.0269791410674416,0.0146412161317865,0.00133140389636582,0.0279510283672072,-0.00244974243620026,-0.00393634572537413,-0.000963139147026396,-0.00092527025769128,-0.00688149018820984,0.00503094967282728,-0.00152447217850898,-0.00690608963156608,0.00385714527454812,"provoff"
"gpt2-xl",10,0.0153095155837354,0.0057307832457598,0.024888247921711,0.0172199230303242,0.00865270007248959,0.0257871459881589,0.0178597478749136,0.00525169822133438,0.0304677975284929,-0.00191040744658884,-0.00454717689946654,0.000726362006288865,-0.00255023229117825,-0.00930458990425853,0.00420412532190204,0.000639824844589411,-0.00708412098714521,0.00836377067632403,"provoff"
"gpt2-xl",12,0.015482640327816,0.00576791084855051,0.0251973698070814,0.0169386649612851,0.00935343091317476,0.0245238990093954,0.016530183205104,0.00397232309483305,0.0290880433153749,-0.00145602463346915,-0.00511160047645527,0.00219955120951698,-0.00104754287728803,-0.00869221867200395,0.00659713291742788,-0.000408481756181112,-0.00921609920525462,0.0083991356928924,"provoff"
"gpt2-xl",16,0.017831757794168,0.00914742643580892,0.0265160891525272,0.0171036749658207,0.0105758891988719,0.0236314607327694,0.0185552438024792,0.0065729521329676,0.0305375354719907,0.000728082828347365,-0.00318316579585565,0.00463933145255038,-0.000723486008311126,-0.00789886709286889,0.00645189507624663,0.00145156883665849,-0.00791587950870377,0.0108190171820208,"provoff"
"gpt2-xl",20,0.0189679011587807,0.0109426095849521,0.0269931927326094,0.0177147752280841,0.0113741809574665,0.0240553694987018,0.0191544737032208,0.00525178606087202,0.0330571613455696,0.0012531259306966,-0.00312734945532337,0.00563360131671657,-0.000186572544440067,-0.00930788234780952,0.00893473725892938,0.00143969847513667,-0.0112774527230109,0.0141568496732843,"provoff"
"gpt2-xl",25,0.0201696851382975,0.0119673800005705,0.0283719902760246,0.0175361850272389,0.0102648547611212,0.0248075152933566,0.019878624826263,0.00571804154177115,0.0340392081107548,0.00263350011105866,-0.00108081233626235,0.00634781255837968,0.000291060312034576,-0.00901123311856193,0.00959335374263108,0.00234243979902409,-0.00939954449153446,0.0140844240895826,"provoff"
"gpt2-xl",32,0.0201644543216921,0.0113827748239545,0.0289461338194296,0.0173390839862501,0.0103406661917025,0.0243375017807978,0.0193853138966811,0.00608455898796824,0.032686068805394,0.00282537033544194,-0.000931593435752469,0.00658233410663635,0.000779140425010944,-0.00833176892501208,0.00989004977503397,0.002046229910431,-0.00880006190952094,0.0128925217303829,"provoff"
"gpt2-xl",40,0.0204000396126,0.0118481798049768,0.0289518994202231,0.0173499583936954,0.0106054143861045,0.0240945024012863,0.0187118514489829,0.00603928996839538,0.0313844129295704,0.0030500812189046,-0.000807428708467649,0.00690759114627686,0.00168818816361708,-0.00660196459516164,0.0099783409223958,0.00136189305528753,-0.00932849689304649,0.0120522830036215,"provoff"
"gpt2-xl",50,0.0208229158412781,0.0119488958820314,0.0296969358005248,0.0178489488064435,0.0110970778575773,0.0246008197553097,0.0186052211936098,0.00584692900882986,0.0313635133783898,0.00297396703483462,-0.00066951666137847,0.00661745073104772,0.00221769464766828,-0.0061351730815134,0.01057056237685,0.00075627238716634,-0.0092751126562848,0.0107876574306175,"provoff"
"gpt2-xl",64,0.0204317838765023,0.0118757325303065,0.028987835222698,0.0177303664043743,0.0110416429797745,0.0244190898289742,0.018591737465857,0.00584238536651985,0.0313410895651942,0.00270141747212795,-0.00067225923648353,0.00607509418073942,0.00184004641064526,-0.00658150582429629,0.0102615986455868,0.000861371061482686,-0.00919477720896574,0.0109175193319311,"provoff"
"gpt2-xl",80,0.0204278387145323,0.0118708824015849,0.0289847950274797,0.01777632954039,0.0110444080283468,0.0245082510524332,0.0185987560843327,0.00583963209342209,0.0313578800752434,0.00265150917414229,-0.000735533397321851,0.00603855174560643,0.00182908263019956,-0.00656844066445718,0.0102266059248563,0.00082242654394273,-0.00928043542375785,0.0109252885116433,"provoff"
"gpt2-xl",100,0.020432521656277,0.0118656710821399,0.0289993722304142,0.017782067498171,0.0110441876615061,0.0245199473348358,0.0185980245769267,0.00584076570056134,0.0313552834532921,0.00265045415810608,-0.000729870417710598,0.00603077873392275,0.00183449707935032,-0.0065651350171572,0.0102341291758579,0.000815957078755752,-0.00927382358891657,0.0109057377464281,"provoff"
"gpt2",1,0.0127209372172641,-0.000359018230185167,0.0258008926647133,0.0129672604863645,-0.000259800161702364,0.0261943211344314,0.0121120497158887,-0.00093964366379848,0.0251637430955759,-0.000246323269100416,-0.000781370147055693,0.00028872360885486,0.000608887501375391,0.000283536850859284,0.000934238151891499,-0.000855210770475808,-0.00133189859831221,-0.000378522942639403,"provogd"
"gpt2",2,0.0284323901441378,0.0138639537471873,0.0430008265410883,0.0288079510172388,0.0147021585950246,0.042913743439453,0.0260421842496522,0.0129004176153027,0.0391839508840018,-0.00037556087310101,-0.00193043044514348,0.00117930869894147,0.00239020589448554,0.000740256131660688,0.0040401556573104,-0.00276576676758655,-0.00455431179309779,-0.000977221742075323,"provogd"
"gpt2",3,0.0274435406117898,0.0163378119368643,0.0385492692867154,0.026872469046076,0.0154252827319726,0.0383196553601794,0.0262045781254984,0.0162074662550567,0.0362016899959401,0.000571071565713857,-0.000514903691714411,0.00165704682314212,0.00123896248629142,-0.000601349161142098,0.00307927413372494,-0.000667890920577565,-0.00322710977762615,0.00189132793647102,"provogd"
"gpt2",4,0.0245319231894069,0.01106452412929,0.0379993222495239,0.0225072477033951,0.00938969493624403,0.0356248004705461,0.0223997113012953,0.00961882300724851,0.0351805995953421,0.00202467548601187,-0.000653302355546188,0.00470265332756993,0.00213221188811163,-0.00103327128129507,0.00529769505751834,-0.000107536402099761,-0.00524024653550896,0.00502517373130944,"provogd"
"gpt2",5,0.0227375130581274,0.0101016545893718,0.0353733715268831,0.0208705957467275,0.00916610910771583,0.0325750823857392,0.0222250982781229,0.0114622588294471,0.0329879377267987,0.00186691731139989,-0.00116858945047248,0.00490242407327226,0.000512414780004506,-0.00297590439759609,0.0040007339576051,0.00135450253139539,-0.00309189538683393,0.0058009004496247,"provogd"
"gpt2",6,0.0235027226608994,0.0108226150510706,0.0361828302707282,0.0198946993326796,0.00856877470036458,0.0312206239649945,0.0214898681651998,0.0115809351971838,0.0313988011332158,0.00360802332821983,0.000785693512753312,0.00643035314368635,0.00201285449569961,-0.00294167584976808,0.0069673848411673,0.00159516883252022,-0.00372288154754034,0.00691321921258078,"provogd"
"gpt2",7,0.023399185167759,0.0104823316834768,0.0363160386520412,0.0214066477942808,0.0101613872912783,0.0326519082972833,0.0215985468917147,0.00924181263024193,0.0339552811531874,0.00199253737347823,-0.000880342759546115,0.00486541750650258,0.00180063827604432,-0.0034107311219261,0.00701200767401473,0.000191899097433913,-0.00538459613927904,0.00576839433414686,"provogd"
"gpt2",10,0.0251272204572686,0.0124690209744846,0.0377854199400525,0.0234329541112039,0.0122051344186663,0.0346607738037415,0.0245749176584727,0.0123607694582321,0.0367890658587133,0.00169426634606468,-0.00225539854188515,0.00564393123401451,0.000552302798795848,-0.00416294806105074,0.00526755365864244,0.00114196354726883,-0.00546201902948665,0.00774594612402432,"provogd"
"gpt2",12,0.02540117982878,0.0120855008290459,0.0387168588285141,0.0217656638804176,0.00944832396606609,0.0340830037947691,0.0240935737348063,0.0116020369261399,0.0365851105434726,0.00363551594836243,-0.00048899323973299,0.00776002513645785,0.00130760609397373,-0.00438579204521904,0.0070010042331665,0.0023279098543887,-0.0055797222257643,0.0102355419345417,"provogd"
"gpt2",16,0.0256487461553159,0.0132924763926026,0.0380050159180291,0.0213969220495969,0.00988193541177403,0.0329119086874197,0.0271481998705747,0.013949625080449,0.0403467746607004,0.00425182410571899,-0.000241284706034261,0.00874493291747224,-0.00149945371525887,-0.00473072135977555,0.00173181392925781,0.00575127782097786,-0.000229752546849473,0.0117323081888052,"provogd"
"gpt2",20,0.0270104113976211,0.0141313111415813,0.039889511653661,0.0222217261785564,0.00979224050180712,0.0346512118553057,0.0261880674459469,0.0109964505192372,0.0413796843726566,0.0047886852190647,0.000971732308516484,0.00860563812961293,0.000822343951674221,-0.00607736838786956,0.007722056291218,0.00396634126739048,-0.00537059969933542,0.0133032822341164,"provogd"
"gpt2",25,0.0285540071787584,0.014576278848391,0.0425317355091258,0.022256065189603,0.00947623121642818,0.0350358991627778,0.0267866154943691,0.0111584577739646,0.0424147732147735,0.00629794198915538,0.000954901866698636,0.0116409821116121,0.00176739168438932,-0.00452345614221687,0.00805823951099551,0.00453055030476606,-0.00506392359966183,0.014125024209194,"provogd"
"gpt2",32,0.0316581870177514,0.0164735885652762,0.0468427854702266,0.0236592863783656,0.0108236268561808,0.0364949459005504,0.0285542254754251,0.013007258073703,0.0441011928771473,0.0079989006393858,0.00271001526571228,0.0132877860130593,0.00310396154232625,-0.00395162264675962,0.0101595457314121,0.00489493909705956,-0.00405313615771751,0.0138430143518366,"provogd"
"gpt2",40,0.0314973298964438,0.0160949012193651,0.0468997585735225,0.0237885592640735,0.0110333235873923,0.0365437949407547,0.0274400300887866,0.0120795912875469,0.0428004688900262,0.00770877063237029,0.00209898604002833,0.0133185552247123,0.00405729980765725,-0.0025658123298015,0.010680411945116,0.00365147082471304,-0.00433600547151643,0.0116389471209425,"provogd"
"gpt2",50,0.0327656485472242,0.0172094180467756,0.0483218790476727,0.0242908894881752,0.0117381463591441,0.0368436326172062,0.0276163638252338,0.0122101956496608,0.0430225320008068,0.008474759059049,0.00235468063380711,0.0145948374842909,0.00514928472199036,-0.000871757523079928,0.0111703269670606,0.00332547433705864,-0.00468512160409628,0.0113360702782136,"provogd"
"gpt2",64,0.0321830006558881,0.016860787197495,0.0475052141142811,0.0239583490774314,0.0116181815401306,0.0362985166147321,0.0276608271772459,0.012181505362006,0.0431401489924859,0.00822465157845672,0.00207861549582398,0.0143706876610895,0.00452217347864214,-0.00132742838288411,0.0103717753401684,0.00370247809981458,-0.00450547934686051,0.0119104355464897,"provogd"
"gpt2",80,0.0323480733953447,0.0170505390793269,0.0476456077113626,0.0240503784762129,0.011748367102515,0.0363523898499108,0.0276911945946016,0.0120801737054052,0.0433022154837981,0.00829769491913188,0.0021303594157501,0.0144650304225137,0.00465687880074312,-0.00123950534405794,0.0105532629455442,0.00364081611838876,-0.00476172112339701,0.0120433533601745,"provogd"
"gpt2",100,0.0321322412263244,0.0169292674429785,0.0473352150096703,0.0239955447250894,0.0116734910580195,0.0363175983921594,0.0275378126026073,0.0120578939091222,0.0430177312960924,0.00813669650123499,0.00199062671442895,0.014282766288041,0.00459442862371711,-0.00133340254635973,0.010522259793794,0.00354226787751788,-0.00472702382358834,0.0118115595786241,"provogd"
"gpt2-medium",1,0.0230065742075376,0.0160592510635632,0.0299538973515119,0.0233843801968696,0.0170379154546254,0.0297308449391138,0.0220193980038964,0.0152238205717671,0.0288149754360256,-0.000377805989331996,-0.00126337310885968,0.000507761130195685,0.000987176203641221,0.000139137968188607,0.00183521443909383,-0.00136498219297322,-0.002248763140959,-0.000481201244987438,"provogd"
"gpt2-medium",2,0.0279644973751386,0.0179891845949452,0.0379398101553321,0.0281864782576075,0.0184249927188815,0.0379479637963334,0.0251198553805175,0.0163175271325843,0.0339221836284506,-0.000221980882468842,-0.00151340957765953,0.00106944781272184,0.00284464199462112,0.0011201667208569,0.00456911726838535,-0.00306662287708997,-0.00533468251687848,-0.000798563237301452,"provogd"
"gpt2-medium",3,0.0251032657356184,0.0157107019016441,0.0344958295695926,0.02410231345502,0.0139066993563913,0.0342979275536487,0.0235967967167199,0.0148829668613358,0.0323106265721041,0.00100095228059839,-0.000380769863142087,0.00238267442433888,0.00150646901889847,-0.000562273775029037,0.00357521181282597,-0.000505516738300074,-0.00368140695568833,0.00267037347908818,"provogd"
"gpt2-medium",4,0.021675977201758,0.0086011116072639,0.034750842796252,0.0202526922445934,0.00719997170902278,0.0333054127801639,0.0194618921316528,0.00795780998553427,0.0309659742777714,0.00142328495716462,-0.000443775187878947,0.00329034510220818,0.00221408507010513,-0.00102033274033105,0.0054485028805413,-0.000790800112940509,-0.00530456408628352,0.0037229638604025,"provogd"
"gpt2-medium",5,0.0206830480606208,0.00918807560701286,0.0321780205142287,0.0193366684214865,0.00902427336784705,0.029649063475126,0.0193308822339109,0.010633516110472,0.0280282483573499,0.00134637963913425,-0.0010898998438408,0.00378265912210931,0.00135216582670985,-0.00276168217283724,0.00546601382625693,-5.78618757559376e-06,-0.00458341198037656,0.00457183960522537,"provogd"
"gpt2-medium",6,0.0212238799209385,0.00979752998933969,0.0326502298525373,0.0189627579221991,0.00833094433468105,0.0295945715097172,0.019090487604535,0.00940949455035484,0.0287714806587152,0.00226112199873937,0.00072433399837292,0.00379790999910582,0.00213339231640347,-0.00324806186035122,0.00751484649315816,0.0001277296823359,-0.00538056028223754,0.00563601964690934,"provogd"
"gpt2-medium",7,0.0197460285535825,0.00860233161911493,0.0308897254880501,0.0204401011046122,0.00940997591966828,0.0314702262895562,0.0196679775057124,0.00853705603052901,0.0307988989808958,-0.000694072551029695,-0.00218570857772118,0.000797563475661791,7.80510478701525e-05,-0.00417943493626558,0.00433553703200589,-0.000772123598899848,-0.00582506690534761,0.00428081970754791,"provogd"
"gpt2-medium",10,0.0215302188075606,0.0109146784892884,0.0321457591258329,0.0217640057669779,0.0115539455917639,0.0319740659421919,0.0207335214600165,0.0120005082414274,0.0294665346786055,-0.000233786959417238,-0.00334589794597543,0.00287832402714095,0.000796697347544182,-0.00510118455017594,0.00669457924526431,-0.00103048430696142,-0.0079442873684239,0.00588331875450106,"provogd"
"gpt2-medium",12,0.0204779038471607,0.00999310848316996,0.0309626992111514,0.0198991422544143,0.00980273538356778,0.0299955491252609,0.018927782471489,0.0101206157028727,0.0277349492401054,0.000578761592746364,-0.00304122389491564,0.00419874708040837,0.00155012137567164,-0.0042804653815751,0.00738070813291838,-0.000971359782925276,-0.00862189945797414,0.00667917989212359,"provogd"
"gpt2-medium",16,0.0202975422541942,0.0107780716974904,0.0298170128108981,0.0190127132022923,0.00955475426664578,0.0284706721379387,0.0223858229897082,0.0140271800378129,0.0307444659416035,0.00128482905190198,-0.0054604921127412,0.00803015021654517,-0.00208828073551392,-0.00604624375732663,0.00186968228629878,0.00337310978741591,-0.003567141046849,0.0103133606216808,"provogd"
"gpt2-medium",20,0.0219421260919051,0.0123237965416666,0.0315604556421436,0.020385407840829,0.00991084708307089,0.0308599685985871,0.0229822922743924,0.0136997413081549,0.0322648432406299,0.00155671825107609,-0.00549718391987046,0.00861062042202265,-0.00104016618248731,-0.00708569717409912,0.0050053648091245,0.0025968844335634,-0.00571943245005537,0.0109132013171822,"provogd"
"gpt2-medium",25,0.0239278221730924,0.0124746659405989,0.0353809784055859,0.0202630692206194,0.0104681228472521,0.0300580155939867,0.0241315211832605,0.0138086811479438,0.0344543612185772,0.00366475295247297,-0.00395463898801143,0.0112841448929574,-0.000203699010168111,-0.00588743058828483,0.00548003256794861,0.00386845196264109,-0.00376629561610977,0.0115031995413919,"provogd"
"gpt2-medium",32,0.0266225461974782,0.0139054959884927,0.0393395964064638,0.0216352965228123,0.0118138593826507,0.031456733662974,0.025680647465408,0.0152014225357447,0.0361598723950713,0.0049872496746659,-0.0037262983264359,0.0137007976757677,0.000941898732070207,-0.00545054452374109,0.0073343419878815,0.0040453509425957,-0.00237033527218511,0.0104610371573765,"provogd"
"gpt2-medium",40,0.0268006639213104,0.0136498090702624,0.0399515187723584,0.0219225618016278,0.0120648008259785,0.0317803227772771,0.0251981644201623,0.0142541970043466,0.0361421318359779,0.00487810211968254,-0.00371080510209144,0.0134670093414565,0.00160249950114813,-0.00505707063812698,0.00826206964042324,0.00327560261853441,-0.00216142272169802,0.00871262795876684,"provogd"
"gpt2-medium",50,0.0278084726556488,0.0140140740388311,0.0416028712724665,0.0227475491173459,0.0131137632359454,0.0323813349987463,0.0253257320432973,0.0144304783905396,0.036220985696055,0.00506092353830292,-0.00426420514180208,0.0143860522184079,0.00248274061235151,-0.00491499153437532,0.00988047275907833,0.00257818292595142,-0.00243131802535827,0.0075876838772611,"provogd"
"gpt2-medium",64,0.0275862163757379,0.014203549710851,0.0409688830406249,0.0223998896062671,0.0130416611092897,0.0317581181032445,0.0251625042536708,0.0143052013952758,0.0360198071120658,0.00518632676947084,-0.00402299364348738,0.0143956471824291,0.00242371212206708,-0.00514466517245972,0.00999208941659389,0.00276261464740376,-0.00239228649262328,0.00791751578743079,"provogd"
"gpt2-medium",80,0.0274898127061469,0.0140214592266074,0.0409581661856863,0.0224896279270394,0.0130322899682924,0.0319469658857865,0.0252912177158926,0.0144975262529152,0.03608490917887,0.00500018477910744,-0.00415238268405917,0.014152752242274,0.00219859499025429,-0.00542877566868449,0.00982596564919308,0.00280158978885314,-0.00227127335180529,0.00787445292951157,"provogd"
"gpt2-medium",100,0.0275635865666749,0.014135067780738,0.0409921053526119,0.0225464731026885,0.0131655810439799,0.0319273651613972,0.0252167504716934,0.0143398280207833,0.0360936729226035,0.00501711346398639,-0.00420471610207813,0.0142389430300509,0.00234683609498155,-0.00527622653737531,0.00996989872733841,0.00267027736900484,-0.00246394111392438,0.00780449585193406,"provogd"
"gpt2-large",1,0.0282119977407496,0.0199739263529769,0.0364500691285223,0.0284852957791221,0.0204992824043979,0.0364713091538463,0.0271834739766598,0.0190387089597972,0.0353282389935224,-0.000273298038372455,-0.00118375753835339,0.000637161461608477,0.00102852376408979,5.90083713738868e-05,0.00199803915680569,-0.00130182180246224,-0.00229378468178924,-0.00030985892313524,"provogd"
"gpt2-large",2,0.0278738972576349,0.0177222660571037,0.0380255284581661,0.0278390855365092,0.0179826652155659,0.0376955058574524,0.0245699939313572,0.0156968796046814,0.033443108258033,3.48117211257669e-05,-0.00118103685224121,0.00125066029449274,0.00330390332627775,0.00170410504045362,0.00490370161210188,-0.00326909160515198,-0.00515974146871932,-0.00137844174158465,"provogd"
"gpt2-large",3,0.0214478476427866,0.0134774011335981,0.0294182941519751,0.0208461617535841,0.0117653455367339,0.0299269779704342,0.0202031672634736,0.0133621887284042,0.0270441457985431,0.000601685889202534,-0.000758804489184331,0.0019621762675894,0.00124468037931297,-0.000843086834854539,0.00333244759348048,-0.000642994490110436,-0.00390573829879,0.00261974931856913,"provogd"
"gpt2-large",4,0.0171883219830609,0.0080826245825965,0.0262940193835254,0.0157784725434999,0.00630320336116825,0.0252537417258316,0.0154937592181883,0.00822032858734366,0.022767189849033,0.00140984943956099,-0.000419094071442454,0.00323879295056443,0.0016945627648726,-0.00130149907841682,0.00469062460816202,-0.000284713325311609,-0.00438470010031092,0.0038152734496877,"provogd"
"gpt2-large",5,0.0160018541507188,0.00742597582522546,0.0245777324762122,0.0150579281452239,0.00772755045437294,0.022388305836075,0.0151288433634266,0.00892842123674586,0.0213292654901073,0.000943926005494893,-0.00132532721271122,0.00321317922370101,0.000873010787292274,-0.00266736333365491,0.00441338490823946,7.09152182026187e-05,-0.00368338965293404,0.00382522008933928,"provogd"
"gpt2-large",6,0.0173756719933949,0.00854860929012835,0.0262027346966615,0.015261669659335,0.00732786001010486,0.0231954793085652,0.0161532881942882,0.00855291737599812,0.0237536590125783,0.00211400233405989,0.000243550908075407,0.00398445376004437,0.00122238379910673,-0.00374984859091037,0.00619461618912383,0.000891618534953159,-0.00413096587350527,0.00591420294341159,"provogd"
"gpt2-large",7,0.0158878603039408,0.00673198459251738,0.0250437360153643,0.0174386919404394,0.0079779162936727,0.026899467587206,0.01587908318892,0.00618373259047929,0.0255744337873606,-0.00155083163649853,-0.00422790724195821,0.00112624396896115,8.77711502087781e-06,-0.0040221070132466,0.00403966124328836,-0.00155960875151941,-0.0058492352850197,0.00273001778198089,"provogd"
"gpt2-large",10,0.0188838076695683,0.00874130499531995,0.0290263103438167,0.0175003098152581,0.00945031566095471,0.0255503039695614,0.0179813372906821,0.00893535387752762,0.0270273207038366,0.00138349785431026,-0.00204008092095724,0.00480707662957776,0.000902470378886193,-0.0045004781536866,0.00630541891145899,0.000481027475424063,-0.0046480903737261,0.00561014532457423,"provogd"
"gpt2-large",12,0.0182830798148283,0.0076594265302489,0.0289067330994077,0.016397735428039,0.00792898747991839,0.0248664833761595,0.0161806282297703,0.00698800095572254,0.0253732555038181,0.00188534438678936,-0.00198448078897768,0.00575516956255639,0.00210245158505798,-0.0034092039704675,0.00761410714058347,-0.000217107198268627,-0.00663046717081491,0.00619625277427766,"provogd"
"gpt2-large",16,0.0187914156360176,0.00910367651996644,0.0284791547520687,0.0169308126095839,0.0085613819197733,0.0253002432993944,0.0188834929833263,0.00976342328339933,0.0280035626832534,0.00186060302643371,-0.00276544528193002,0.00648665133479743,-9.20773473087669e-05,-0.00474058459663764,0.0045564299020201,0.00195268037374248,-0.00426252963214814,0.00816789037963309,"provogd"
"gpt2-large",20,0.020077320223014,0.0102242200252405,0.0299304204207875,0.018151701344628,0.00878624645416721,0.0275171562350889,0.0189599774501227,0.0084711829670863,0.029448771933159,0.00192561887838595,-0.00175028398620883,0.00560152174298073,0.00111734277289132,-0.00538755068550655,0.00762223623128918,0.000808276105494636,-0.00703367689530206,0.00865022910629133,"provogd"
"gpt2-large",25,0.0223054730846982,0.0103358477756173,0.0342750983937792,0.0172498726653941,0.00762743653686227,0.0268723087939259,0.0197167898763013,0.00853713777717435,0.0308964419754283,0.00505560041930414,-9.53935961717544e-05,0.01020659443478,0.00258868320839689,-0.00381294899716672,0.00899031541396051,0.00246691721090724,-0.00491272040851502,0.00984655483032951,"provogd"
"gpt2-large",32,0.0237833980701047,0.0114713225839689,0.0360954735562405,0.0188718062964509,0.00957545643516294,0.0281681561577388,0.0217625311403841,0.0106425949579876,0.0328824673227806,0.0049115917736538,-0.000464298483840548,0.0102874820311481,0.00202086692972056,-0.00437144661037164,0.00841318046981276,0.00289072484393324,-0.00295982387543682,0.0087412735633033,"provogd"
"gpt2-large",40,0.0241579177846177,0.0111188050598203,0.0371970305094151,0.0189995572569955,0.0093378864514539,0.0286612280625372,0.0217142496286212,0.0103871194643282,0.0330413797929141,0.00515836052762213,-0.000567192896073309,0.0108839139513176,0.0024436681559965,-0.00447376848623029,0.0093611047982233,0.00271469237162563,-0.00269349979678721,0.00812288454003846,"provogd"
"gpt2-large",50,0.025603217294105,0.012101424323162,0.039105010265048,0.0200145948912068,0.0102457781786082,0.0297834116038054,0.0216943084336325,0.0105213834637975,0.0328672334034676,0.00558862240289825,-0.000134971287724026,0.0113122160935205,0.00390890886047248,-0.00327834896220507,0.01109616668315,0.00167971354242577,-0.00375146502366492,0.00711089210851645,"provogd"
"gpt2-large",64,0.0254276814794427,0.0123954412467879,0.0384599217120975,0.019555663499143,0.0101825997461884,0.0289287272520976,0.0217426048992977,0.0105567695347805,0.0329284402638149,0.00587201798029968,0.000295535338783649,0.0114485006218157,0.00368507658014502,-0.00348047651863717,0.0108506296789272,0.00218694140015466,-0.00357668277919238,0.00795056557950169,"provogd"
"gpt2-large",80,0.0254583161842771,0.0124534411782713,0.0384631911902829,0.0196362880767062,0.0100938287966391,0.0291787473567733,0.0217589881681751,0.0105691501782199,0.0329488261581303,0.0058220281075709,0.000406262436386023,0.0112377937787558,0.00369932801610197,-0.00347286447571416,0.0108715205079181,0.00212270009146894,-0.0036218932388978,0.00786729342183568,"provogd"
"gpt2-large",100,0.0254630084200715,0.0124479847922858,0.0384780320478571,0.019640122186204,0.0101072096890404,0.0291730346833675,0.0217535661565213,0.0105543537060822,0.0329527786069604,0.00582288623386752,0.000400123133024074,0.011245649334711,0.00370944226355016,-0.0034569834109517,0.010875867938052,0.00211344397031736,-0.00362132054785897,0.00784820848849369,"provogd"
"gpt2-xl",1,0.0273229160142399,0.0182303858799378,0.0364154461485419,0.0276295467575082,0.0186959329267514,0.0365631605882649,0.0263249979832142,0.0173970883847667,0.0352529075816617,-0.000306630743268275,-0.00112672330913365,0.000513461822597097,0.000997918031025696,2.52115910327849e-05,0.00197062447101861,-0.00130454877429397,-0.00223813987792415,-0.000370957670663791,"provogd"
"gpt2-xl",2,0.0269305586779689,0.0185470386275083,0.0353140787284296,0.0272128828011533,0.0189702060229791,0.0354555595793274,0.0238088840227054,0.0165781694432739,0.0310395986021368,-0.000282324123184318,-0.00136758202236097,0.000802933775992329,0.00312167465526357,0.00143936126602113,0.00480398804450601,-0.00340399877844789,-0.00514133494743452,-0.00166666260946125,"provogd"
"gpt2-xl",3,0.0204000773214828,0.0113081154038479,0.0294920392391177,0.0200946204781319,0.0104814453503253,0.0297077956059386,0.0193850451712687,0.0109056106444523,0.027864479698085,0.000305456843350842,-0.000888749180186499,0.00149966286688818,0.00101503215021413,-0.00113564667953383,0.00316571097996209,-0.00070957530686329,-0.00384235994423004,0.00242320933050346,"provogd"
"gpt2-xl",4,0.0164580647201147,0.00731784488081576,0.0255982845594137,0.0151109457552583,0.0059289895593236,0.0242929019511929,0.0152100069588393,0.00746875126276727,0.0229512626549113,0.00134711896485649,-0.000859007814080855,0.00355324574379384,0.00124805776127546,-0.00196478827108843,0.00446090379363936,9.90612035810268e-05,-0.00455262668077597,0.00475074908793803,"provogd"
"gpt2-xl",5,0.0151235849477248,0.00633549149862684,0.0239116783968227,0.0135423666006568,0.00632284765503089,0.0207618855462828,0.0145007538300468,0.008152705926903,0.0208488017331906,0.00158121834706793,-0.000840812555082036,0.00400324924921789,0.000622831117677983,-0.00346955262612562,0.00471521486148159,0.000958387229389946,-0.00338220932443,0.00529898378320989,"provogd"
"gpt2-xl",6,0.0149978426561564,0.00648951596212918,0.0235061693501837,0.014038032274557,0.00661904145509418,0.0214570230940198,0.0133352917852121,0.00632307337241973,0.0203475101980044,0.00095981038159944,-0.00125159672733913,0.00317121749053801,0.00166255087094435,-0.00321417443223525,0.00653927617412395,-0.000702740489344908,-0.00525711635732789,0.00385163537863807,"provogd"
"gpt2-xl",7,0.0147682273274159,0.00556917468990901,0.0239672799649228,0.0158580153525516,0.00689438849986515,0.0248216422052381,0.013535743707318,0.00470565935110404,0.022365828063532,-0.0010897880251357,-0.00277290231397454,0.000593326263703142,0.0012324836200979,-0.00326067292191887,0.00572564016211466,-0.0023222716452336,-0.00638681041353701,0.00174226712306982,"provogd"
"gpt2-xl",10,0.0159041470392335,0.00613532904414428,0.0256729650343228,0.0180094715767752,0.0095959171906769,0.0264230259628735,0.0169923738425682,0.00732407183012372,0.0266606758550128,-0.00210532453754168,-0.00739917810425357,0.00318852902917021,-0.00108822680333472,-0.00627550700305901,0.00409905339638957,-0.00101709773420696,-0.00861164035819104,0.00657744488977712,"provogd"
"gpt2-xl",12,0.0154484384957285,0.00576163274000708,0.0251352442514499,0.0171661111273476,0.00911076770332418,0.0252214545513711,0.0149657591597004,0.00572644412839267,0.0242050741910081,-0.00171767263161916,-0.00690184569233491,0.00346650042909659,0.000482679336028099,-0.00549423182051977,0.00645959049257597,-0.00220035196764726,-0.0105584849947859,0.00615778105949137,"provogd"
"gpt2-xl",16,0.0174071110804843,0.00854170502886978,0.0262725171320988,0.0171829367006463,0.00950913321018415,0.0248567401911085,0.0178124807908035,0.00892369836588619,0.0267012632157208,0.000224174379837979,-0.00592774769947317,0.00637609645914913,-0.000405369710319215,-0.00434323915388263,0.0035324997332442,0.000629544090157193,-0.00755569715094435,0.00881478533125874,"provogd"
"gpt2-xl",20,0.0187036343369148,0.0092329786386953,0.0281742900351342,0.0189919374070537,0.00927553430492189,0.0287083405091855,0.0176020145853401,0.00725020446535128,0.027953824705329,-0.00028830307013894,-0.00639024185103445,0.00581363571075657,0.00110161975157462,-0.0045712341314963,0.00677447363464555,-0.00138992282171356,-0.0114560243626408,0.0086761787192137,"provogd"
"gpt2-xl",25,0.0211095303913571,0.00989654193455691,0.0323225188481573,0.017524126560134,0.0079399742788457,0.0271082788414222,0.0193430971502199,0.00785365307754231,0.0308325412228975,0.00358540383122311,-0.00306390043215102,0.0102347080945972,0.0017664332411372,-0.00434236551906682,0.00787523200134123,0.00181897059008591,-0.00762894132278865,0.0112668825029605,"provogd"
"gpt2-xl",32,0.021703246137706,0.00999546056312604,0.0334110317122859,0.0184541340854526,0.00967884134032939,0.0272294268305757,0.0200054321655579,0.00928843231429719,0.0307224320168186,0.00324911205225342,-0.00321796866551844,0.00971619277002527,0.0016978139721481,-0.00393683420068534,0.00733246214498154,0.00155129808010532,-0.00596448670522515,0.0090670828654358,"provogd"
"gpt2-xl",40,0.0215907054443394,0.00909856761924605,0.0340828432694328,0.0189236429852939,0.00985915124943617,0.0279881347211517,0.0200830187973711,0.00912907651766238,0.0310369610770798,0.0026670624590455,-0.00390309551032041,0.00923722042841141,0.00150768664696834,-0.00435630610629501,0.00737167940023168,0.00115937581207716,-0.00603630695642285,0.00835505858057718,"provogd"
"gpt2-xl",50,0.0225877706055449,0.00986977191202513,0.0353057692990647,0.0196845558776859,0.0109265664748919,0.0284425452804799,0.0198757201476573,0.00915024026085954,0.0306012000344552,0.00290321472785904,-0.00405394790487195,0.00986037736059002,0.00271205045788758,-0.00333439372205163,0.00875849463782679,0.000191164269971456,-0.00658200621218022,0.00696433475212313,"provogd"
"gpt2-xl",64,0.0221932348752233,0.00954062215493921,0.0348458475955074,0.0192704119558976,0.0106858994489809,0.0278549244628143,0.0198514014131032,0.00905971997718783,0.0306430828490185,0.00292282291932569,-0.00417457763448685,0.0100202234731382,0.00234183346212014,-0.00394476776962083,0.00862843469386112,0.000580989457205545,-0.00617884467546797,0.00734082358987906,"provogd"
"gpt2-xl",80,0.0222016227490887,0.00955460609020209,0.0348486394079753,0.0193387950517133,0.010623701390829,0.0280538887125976,0.0198554340756781,0.00906060188722905,0.0306502662641271,0.00286282769737538,-0.00418675058502086,0.00991240597977162,0.00234618867341062,-0.00391835966775937,0.0086107370145806,0.000516639023964764,-0.00625341819746327,0.0072866962453928,"provogd"
"gpt2-xl",100,0.0222132541714651,0.0095633001163663,0.0348632082265639,0.0193414764324691,0.0106253011402069,0.0280576517247312,0.0198588222161234,0.00906587556010621,0.0306517688721407,0.00287177773899601,-0.00416913971051327,0.0099126951885053,0.00235443195534164,-0.00391676909270598,0.00862563300338927,0.000517345783654369,-0.00624294501773178,0.00727763658504052,"provogd"
"gpt2",1,0.0217863346212171,-0.000370778571738967,0.0439434478141732,0.0215537036903469,-0.000633963332285381,0.0437413707129793,0.0210013466175924,-0.000831796333552157,0.042834489568737,0.000232630930870165,-0.000312352221503196,0.000777614083243526,0.000784988003624689,0.000128540215740737,0.00144143579150864,-0.000552357072754524,-0.00116930377776014,6.4589632251091e-05,"provotf"
"gpt2",2,0.0510587355816035,0.0346774036037473,0.0674400675594597,0.0507086311117775,0.0345863668391089,0.0668308953844461,0.0443457460656026,0.029941844065517,0.0587496480656882,0.00035010446982597,-0.00211560472238863,0.00281581366204057,0.00671298951600088,0.00346624269921621,0.00995973633278555,-0.00636288504617491,-0.0095594926053774,-0.00316627748697242,"provotf"
"gpt2",3,0.0549275787614151,0.0375766624994861,0.072278495023344,0.0524797543916117,0.0342704145577791,0.0706890942254442,0.0481615021094495,0.0327655393330935,0.0635574648858056,0.0024478243698034,-0.000106168874519987,0.00500181761412679,0.00676607665196553,0.00131971705373249,0.0122124362501986,-0.00431825228216213,-0.01036765054528,0.00173114598095574,"provotf"
"gpt2",4,0.050883601262781,0.0311190597206129,0.0706481428049492,0.0478958902741048,0.0281030231461525,0.0676887574020571,0.0427980366921323,0.0246855421622159,0.0609105312220488,0.00298771098867623,-0.00270375307318519,0.00867917505053766,0.00808556457064869,0.00170493384728963,0.0144661952940077,-0.00509785358197245,-0.0137761769645,0.00358046980055505,"provotf"
"gpt2",5,0.0528836115784938,0.033703884930436,0.0720633382265516,0.0469784126642899,0.0282671580117297,0.0656896673168501,0.0448519214243366,0.0290573797858112,0.060646463062862,0.0059051989142039,0.00105711045846308,0.0107532873699447,0.0080316901541572,0.000879310641213034,0.0151840696671014,-0.00212649123995331,-0.0110535919989411,0.00680060951903453,"provotf"
"gpt2",6,0.0528216152548132,0.033239197855446,0.0724040326541803,0.0466432058261142,0.0275079376111927,0.0657784740410357,0.0423345528967236,0.027152022224155,0.0575170835692922,0.006178409428699,0.000926576190013322,0.0114302426673847,0.0104870623580896,0.000465654982211438,0.0205084697339677,-0.00430865292939058,-0.0154271433070285,0.0068098374482474,"provotf"
"gpt2",7,0.0545013269578564,0.0342184797556729,0.0747841741600399,0.0495154336652549,0.0300608505275278,0.068970016802982,0.0441740117427769,0.0258739822436743,0.0624740412418796,0.0049858932926015,-0.000964877059112713,0.0109366636443157,0.0103273152150795,0.000656032249282523,0.0199985981808764,-0.00534142192247796,-0.0149072471477233,0.00422440330276736,"provotf"
"gpt2",10,0.0590638886313685,0.0356276845890822,0.0825000926736549,0.0535917537914492,0.0318844267998922,0.0752990807830062,0.0517534076741127,0.0309573846660102,0.0725494306822152,0.00547213483991932,-0.00216085548174589,0.0131051251615845,0.00731048095725583,-0.0037409356851152,0.0183618975996269,-0.00183834611733651,-0.0147948525466563,0.0111181603119832,"provotf"
"gpt2",12,0.0614809260658538,0.0372510049118019,0.0857108472199058,0.0526910984138672,0.0285285113519487,0.0768536854757857,0.0513204895684127,0.0307801447682858,0.0718608343685395,0.00878982765198665,0.0011989579644413,0.016380697339532,0.0101604364974412,-0.00196062413706275,0.0222814971319451,-0.00137060884545453,-0.015936296371178,0.013195078680269,"provotf"
"gpt2",16,0.0643399315748797,0.0400081935303877,0.0886716696193717,0.0545503173009698,0.0306865803333549,0.0784140542685847,0.0572059498202526,0.035487385521376,0.0789245141191292,0.00978961427390992,0.000539047946549409,0.0190401806012704,0.00713398175462713,-0.00317983416389023,0.0174477976731445,0.00265563251928279,-0.00895721231355806,0.0142684773521236,"provotf"
"gpt2",20,0.0681352622168221,0.0448038648582164,0.0914666595754278,0.0558592524741845,0.0309537385331553,0.0807647664152136,0.0559987409884077,0.0316966834815775,0.080300798495238,0.0122760097426377,0.00441149316048802,0.0201405263247873,0.0121365212284144,-0.0011561941803027,0.0254292366371315,0.00013948851422327,-0.0143124552885319,0.0145914323169785,"provotf"
"gpt2",25,0.0709437056472505,0.0469797449197145,0.0949076663747865,0.0544296730190749,0.0292375644195772,0.0796217816185726,0.05713917496247,0.0327717985847024,0.0815065513402377,0.0165140326281756,0.00842660960905184,0.0246014556472993,0.0138045306847805,0.00127667828628557,0.0263323830832754,0.0027095019433951,-0.0121198156667665,0.0175388195535567,"provotf"
"gpt2",32,0.0732598582040771,0.0489289104684383,0.097590805939716,0.0557841391261245,0.0301113026817844,0.0814569755704645,0.058875257710035,0.033326571661187,0.084423943758883,0.0174757190779527,0.00927394496288321,0.0256774931930222,0.0143846004940422,0.000118828957125222,0.0286503720309591,0.00309111858391051,-0.0141145178387809,0.020296755006602,"provotf"
"gpt2",40,0.0748980771387284,0.0486800273797967,0.10111612689766,0.0566937698182659,0.0300679851711805,0.0833195544653514,0.058428416000625,0.0328028291785543,0.0840540028226958,0.0182043073204625,0.0104159612292081,0.0259926534117168,0.0164696611381033,0.00280464610089268,0.030134676175314,0.00173464618235913,-0.0150934834181718,0.01856277578289,"provotf"
"gpt2",50,0.0760821394647864,0.0493919361949793,0.102772342734593,0.0567546360494602,0.030438491860065,0.0830707802388554,0.0586422480557245,0.0325057635868447,0.0847787325246044,0.0193275034153262,0.0110497864764163,0.027605220354236,0.0174398914090618,0.00426945392598967,0.030610328892134,0.00188761200626433,-0.0148822550334502,0.0186574790459788,"provotf"
"gpt2",64,0.0757664090320166,0.0489786943370278,0.102554123727006,0.0566995245675455,0.0306518875466955,0.0827471615883955,0.0585673231592893,0.0324729105375642,0.0846617357810145,0.0190668844644711,0.0101206680170126,0.0280131009119296,0.0171990858727273,0.00422700819173617,0.0301711635537185,0.00186779859174377,-0.014888142181459,0.0186237393649466,"provotf"
"gpt2",80,0.0757587476896686,0.048964708220811,0.102552787158526,0.0567259311538039,0.0307758494119035,0.0826760128957043,0.0585147433941136,0.0323338393205227,0.0846956474677044,0.0190328165358647,0.0104095566915638,0.0276560763801656,0.017244004295555,0.00427548630263444,0.0302125222884756,0.00178881224030966,-0.0150143333777718,0.0185919578583911,"provotf"
"gpt2",100,0.0755544908378686,0.0489193410718124,0.102189640603925,0.0567635873943366,0.0308599845993447,0.0826671901893286,0.0584018967487709,0.0323798491133786,0.0844239443841631,0.018790903443532,0.0100939116928433,0.0274878951942207,0.0171525940890978,0.00421033081289626,0.0300948573652993,0.00163830935443423,-0.0150108841328836,0.018287502841752,"provotf"
"gpt2-medium",1,0.0424178782455218,0.0201905808174019,0.0646451756736416,0.0423695069553098,0.0197260346019218,0.0650129793086978,0.0414330653539322,0.0193116331564089,0.0635544975514555,4.83712902119495e-05,-0.000769597119534943,0.000866339699958842,0.000984812891589533,0.000271012323485345,0.00169861345969372,-0.000936441601377584,-0.00214310566528718,0.00027022246253201,"provotf"
"gpt2-medium",2,0.0494966299334365,0.0336404359113154,0.0653528239555575,0.0480981747983987,0.0321592697419493,0.064037079854848,0.0426630504255034,0.0291998849093003,0.0561262159417066,0.00139845513503778,-0.0010236325821992,0.00382054285227476,0.00683357950793302,0.00346245971423716,0.0102046993016289,-0.00543512437289524,-0.00945617204860921,-0.00141407669718127,"provotf"
"gpt2-medium",3,0.0504769740542706,0.0330431363866926,0.0679108117218485,0.0476489609518124,0.0294824263987187,0.0658154955049061,0.0432737800408459,0.0284576908248128,0.058089869256879,0.00282801310245813,0.00107722207253319,0.00457880413238308,0.00720319401342462,0.00132782370761876,0.0130785643192305,-0.00437518091096648,-0.0106583842753332,0.00190802245340023,"provotf"
"gpt2-medium",4,0.0480674917332523,0.0264555783687707,0.0696794050977339,0.0447018900612727,0.0236761787780936,0.0657276013444519,0.0403356247914179,0.0216133091112994,0.0590579404715364,0.00336560167197957,0.00038725198800248,0.00634395135595665,0.00773186694183437,0.00107753955021697,0.0143861943334518,-0.0043662652698548,-0.0112672662853412,0.00253473574563161,"provotf"
"gpt2-medium",5,0.0496066186585856,0.029381313089611,0.0698319242275601,0.0441038694786514,0.0242703996949303,0.0639373392623726,0.0418121264288084,0.0245887555263026,0.0590354973313142,0.00550274917993414,0.00202141159563355,0.00898408676423474,0.00779449222977714,0.001256377220246,0.0143326072393083,-0.002291743049843,-0.0102538477394629,0.00567036163977685,"provotf"
"gpt2-medium",6,0.0495609699817219,0.0293086033800836,0.0698133365833601,0.04472666911927,0.024805418489971,0.064647919748569,0.0405021047843266,0.0231453278655865,0.0578588817030667,0.00483430086245188,0.000540309066721202,0.00912829265818256,0.00905886519739527,0.000699302603559313,0.0174184277912312,-0.00422456433494339,-0.0139369627403922,0.00548783407050541,"provotf"
"gpt2-medium",7,0.0499558882263099,0.0290616629834607,0.0708501134691591,0.047055548665221,0.0259727043293504,0.0681383930010916,0.0422894583950401,0.0231406236539071,0.0614382931361731,0.00290033956108891,-0.00140598812923506,0.00720666725141288,0.00766642983126982,-4.40891541394432e-05,0.0153769488166791,-0.00476609027018092,-0.0138941135223985,0.00436193298203667,"provotf"
"gpt2-medium",10,0.0525018144631349,0.0289846100509046,0.0760190188753651,0.0495629311811943,0.0271781359460274,0.0719477264163611,0.0457523914043373,0.026173354907493,0.0653314279011815,0.0029388832819406,-0.00387316432410899,0.0097509308879902,0.00674942305879763,-0.00429484951589238,0.0177936956334876,-0.00381053977685703,-0.0171875346828436,0.00956645512912959,"provotf"
"gpt2-medium",12,0.0535441842286599,0.0307586574996181,0.0763297109577017,0.0480721675412794,0.0246407405499277,0.0715035945326311,0.042238766806788,0.0247389626055675,0.0597385710080085,0.00547201668738051,-0.00115591114912211,0.0120999445238831,0.0113054174218719,-0.000743197286795063,0.0233540321305389,-0.0058334007344914,-0.0207884608855647,0.00912165941658194,"provotf"
"gpt2-medium",16,0.0560566649397976,0.0335445464938536,0.0785687833857415,0.0488127910377879,0.0262078881212268,0.071417693954349,0.0476927197047796,0.0292553587308831,0.0661300806786762,0.00724387390200965,-0.00257263097822685,0.0170603787822462,0.00836394523501794,-0.00107788748484368,0.0178057779548796,-0.00112007133300828,-0.0125430658304778,0.0103029231644612,"provotf"
"gpt2-medium",20,0.0613155721824666,0.041036187225001,0.0815949571399323,0.0509921763631395,0.0277080832440262,0.0742762694822529,0.0490595691684536,0.0301356605650643,0.067983477771843,0.0103233958193271,0.00113572017482425,0.01951107146383,0.012256003014013,0.00169090297551609,0.0228211030525099,-0.00193260719468587,-0.0152259341412511,0.0113607197518793,"provotf"
"gpt2-medium",25,0.0635371924405295,0.0431181478855731,0.0839562369954859,0.0492321199133392,0.027805094724871,0.0706591451018074,0.0503015062210473,0.0305484481915616,0.070054564250533,0.0143050725271903,0.0054157724016651,0.0231943726527154,0.0132356862194822,0.00399490415732924,0.0224764682816352,0.00106938630770807,-0.0114074544870881,0.0135462271025043,"provotf"
"gpt2-medium",32,0.0661835274648473,0.0446420806999713,0.0877249742297234,0.0500695067671872,0.0283349265843132,0.0718040869500613,0.0515444153960462,0.0305510190637026,0.0725378117283898,0.0161140206976601,0.00573744356901415,0.0264905978263061,0.0146391120688011,0.00477870355518557,0.0244995205824166,0.00147490862885902,-0.0117977570463912,0.0147475743041093,"provotf"
"gpt2-medium",40,0.0684023199337041,0.0455396404902642,0.091264999377144,0.0518956340171079,0.0290906891439588,0.074700578890257,0.0519507587994724,0.0307156813291808,0.073185836269764,0.0165066859165962,0.00714006364098467,0.0258733081922077,0.0164515611342317,0.0062002171547508,0.0267029051137126,5.51247823644643e-05,-0.0130648258713101,0.013175075436039,"provotf"
"gpt2-medium",50,0.0691600767183771,0.0453003915719168,0.0930197618648374,0.0525745996459186,0.029861048003204,0.0752881512886332,0.0515968513400765,0.030389440779262,0.0728042619008909,0.0165854770724585,0.00715276264951345,0.0260181914954035,0.0175632253783006,0.00797242488762315,0.0271540258689781,-0.000977748305842175,-0.0131158958959736,0.0111603992842893,"provotf"
"gpt2-medium",64,0.0685089474242673,0.0454368981292957,0.091580996719239,0.0521714174950808,0.0294956456471485,0.0748471893430131,0.0512849793537453,0.0302093041026011,0.0723606546048894,0.0163375299291865,0.00718926660069918,0.0254857932576738,0.017223968070522,0.00776931651864353,0.0266786196224005,-0.000886438141335522,-0.0132686264009783,0.0114957501183072,"provotf"
"gpt2-medium",80,0.0684190216939599,0.0452750217318117,0.091563021656108,0.052276932146351,0.0295071605199849,0.0750467037727171,0.0514394447221511,0.0303814718662183,0.0724974175780839,0.0161420895476089,0.0071337605659608,0.025150418529257,0.0169795769718088,0.00741175862996719,0.0265473953136505,-0.000837487424199932,-0.0131499552505537,0.0114749804021538,"provotf"
"gpt2-medium",100,0.0684286624780648,0.045385523504437,0.0914718014516927,0.052196522694657,0.029540103474858,0.074852941914456,0.0512914230219988,0.0302184174213897,0.0723644286226079,0.0162321397834079,0.00714745986180303,0.0253168197050127,0.017137239456066,0.00758229652219917,0.0266921823899329,-0.000905099672658177,-0.0132082590397325,0.0113980596944161,"provotf"
"gpt2-large",1,0.0470434686213418,0.0271730553966292,0.0669138818460544,0.0468959658833532,0.0266399481443656,0.0671519836223408,0.0462038436717171,0.0263337826877759,0.0660739046556583,0.000147502737988588,-0.000916645829748918,0.00121165130572609,0.000839624949624705,0.000122090969256172,0.00155715892999324,-0.000692122211636118,-0.00196335630757831,0.000579111884306078,"provotf"
"gpt2-large",2,0.0523867587094587,0.0358364351958094,0.068937082223108,0.0513702196969282,0.0348331095663781,0.0679073298274783,0.0449867209255442,0.0308120318530848,0.0591614099980036,0.00101653901253045,-0.000931197217080352,0.00296427524214126,0.00740003778391448,0.00411795022418839,0.0106821253436406,-0.00638349877138403,-0.00999228998603808,-0.00277470755672997,"provotf"
"gpt2-large",3,0.0460113360918103,0.0294546920454644,0.0625679801381562,0.0436896037721655,0.0268426987114893,0.0605365088328416,0.0399277509846535,0.0258638855302819,0.0539916164390251,0.00232173231964482,6.35504729258481e-05,0.00457991416636379,0.00608358510715682,0.000686928592746032,0.0114802416215676,-0.003761852787512,-0.0095805647222797,0.0020568591472557,"provotf"
"gpt2-large",4,0.0435898914219391,0.0244212954848252,0.0627584873590531,0.0406222321508184,0.0223800743974162,0.0588643899042207,0.0360259747639251,0.0193314842702255,0.0527204652576247,0.00296765927112072,2.36110811738005e-05,0.00591170746106764,0.00756391665801405,0.00173198138109335,0.0133958519349347,-0.00459625738689333,-0.0106595327570531,0.00146701798326645,"provotf"
"gpt2-large",5,0.04543872920724,0.0262912024549017,0.0645862559595783,0.0394678463924992,0.0219626538177748,0.0569730389672236,0.0374398240476527,0.0210415973890413,0.053838050706264,0.00597088281474084,0.0020898117127128,0.00985195391676889,0.00799890515958733,0.0017609682455592,0.0142368420736155,-0.00202802234484648,-0.00984781920768006,0.00579177451798709,"provotf"
"gpt2-large",6,0.0473639493160624,0.0275919351836976,0.0671359634484271,0.0414096461898324,0.0242086132855676,0.0586106790940971,0.0382518379536902,0.0213436984638979,0.0551599774434824,0.00595430312623001,0.00160777781811844,0.0103008284343416,0.00911211136237222,0.00103925210541216,0.0171849706193323,-0.00315780823614221,-0.0121593927380931,0.00584377626580869,"provotf"
"gpt2-large",7,0.046383150760245,0.0260842752734746,0.0666820262470154,0.0436256383825483,0.0243608305588958,0.0628904462062008,0.0389816058754928,0.019719945794845,0.0582432659561406,0.00275751237769669,-0.00196625232345798,0.00748127707885135,0.00740154488475219,0.000947852639553547,0.0138552371299508,-0.0046440325070555,-0.0133945588795374,0.00410649386542641,"provotf"
"gpt2-large",10,0.050451588089432,0.0272611894984334,0.0736419866804306,0.0440590109571747,0.0252237671274059,0.0628942547869436,0.0444935632515753,0.0244930303837008,0.0644940961194497,0.00639257713225723,6.46886728882436e-05,0.0127204655916262,0.0059580248378567,-0.00420418953549354,0.0161202392112069,0.000434552294400536,-0.0107475045093144,0.0116166090981155,"provotf"
"gpt2-large",12,0.0512157362646639,0.0278879848465181,0.0745434876828097,0.0437825007415722,0.023284321965204,0.0642806795179403,0.040466521918271,0.0213230565149163,0.0596099873216256,0.00743323552309176,0.000634606474405467,0.014231864571778,0.010749214346393,-0.000126966445917125,0.0216253951387031,-0.00331597882330121,-0.0162427471274178,0.00961078948081534,"provotf"
"gpt2-large",16,0.0551879177524074,0.0321789717136038,0.078196863791211,0.0459265852873698,0.0257161286518559,0.0661370419228837,0.0465112088565746,0.0270124177739224,0.0660099999392269,0.00926133246503759,0.000474200868937777,0.0180484640611374,0.00867670889583274,-0.00140223408932974,0.0187556518809952,0.000584623569204851,-0.0109390374319779,0.0121082845703876,"provotf"
"gpt2-large",20,0.060623919578216,0.0391133894245123,0.0821344497319197,0.0490233710601561,0.0277282536753309,0.0703184884449813,0.0458555128429159,0.0246280727079106,0.0670829529779213,0.0116005485180599,0.00508303483347039,0.0181180622026495,0.0147684067353001,0.00406296538966366,0.0254738480809365,-0.00316785821724013,-0.0154008009813868,0.00906508454690653,"provotf"
"gpt2-large",25,0.0629540746046981,0.0405407171602104,0.0853674320491857,0.0448333475768314,0.0234059097049049,0.0662607854487578,0.0468725284750716,0.0250988657887106,0.0686461911614327,0.0181207270278667,0.0108952780219896,0.0253461760337439,0.0160815461296264,0.00641489800087399,0.0257481942583789,0.00203918089824028,-0.0103613975845665,0.0144397593810471,"provotf"
"gpt2-large",32,0.0644755917304118,0.0418172002835016,0.087133983177322,0.0467352440263331,0.0248257003141597,0.0686447877385065,0.0485056326178921,0.0266982140753,0.0703130511604843,0.0177403477040788,0.00959220837271855,0.025888487035439,0.0159699591125197,0.0068390095127131,0.0251009087123263,0.00177038859155906,-0.0106535999503521,0.0141943771334702,"provotf"
"gpt2-large",40,0.0656700205158912,0.0407378124030584,0.0906022286287241,0.0476553512236347,0.0243847154806936,0.0709259869665758,0.0486161965672647,0.0265366875760639,0.0706957055584656,0.0180146692922566,0.0104568400166987,0.0255724985678144,0.0170538239486265,0.0068005999091729,0.0273070479880801,0.000960845343630034,-0.0115006505229304,0.0134223412101904,"provotf"
"gpt2-large",50,0.066177633397828,0.0398724665405388,0.0924828002551171,0.048239683229376,0.0248462226001772,0.0716331438585748,0.0481749541446705,0.0262417169937572,0.0701081912955838,0.017937950168452,0.0101408184831801,0.0257350818537238,0.0180026792531575,0.00739170987820185,0.0286136486281131,-6.47290847055292e-05,-0.0122556846149105,0.0121262264454994,"provotf"
"gpt2-large",64,0.0655474302307562,0.0401642145492889,0.0909306459122235,0.0474490437348903,0.0246989147742166,0.0701991726955639,0.0483253638160444,0.0262997741116309,0.070350953520458,0.0180983864958659,0.0103041043511633,0.0258926686405685,0.0172220664147118,0.00679206903579368,0.0276520637936299,0.000876320081154161,-0.0116600318458419,0.0134126720081502,"provotf"
"gpt2-large",80,0.0655757612132017,0.0402945873488279,0.0908569350775756,0.0476387488272184,0.0246187040470795,0.0706587936073573,0.0483142258939433,0.026303564330291,0.0703248874575955,0.0179370123859833,0.0105239336453471,0.0253500911266196,0.0172615353192585,0.00685892269531324,0.0276641479432037,0.000675477066724862,-0.011801883793761,0.0131528379272108,"provotf"
"gpt2-large",100,0.0655784380590813,0.0402763221279503,0.0908805539902122,0.0476324779722142,0.0246289389753195,0.0706360169691088,0.0483132837824821,0.0262896175922097,0.0703369499727546,0.0179459600868671,0.0105195493878536,0.0253723707858806,0.0172651542765991,0.0068698573297877,0.0276604512234105,0.000680805810267974,-0.011780910640472,0.013142522261008,"provotf"
"gpt2-xl",1,0.0467835875766783,0.0290495738062896,0.064517601347067,0.0464644829869181,0.0283368508530596,0.0645921151207766,0.0460207750349902,0.028418957115555,0.0636225929544253,0.000319104589760218,-0.000390602571687528,0.00102881175120796,0.000762812541688165,2.94599400113531e-05,0.00149616514336498,-0.000443707951927947,-0.00146663970419025,0.000579223800334357,"provotf"
"gpt2-xl",2,0.0504212174523043,0.0346970813438418,0.0661453535607668,0.0502548580689102,0.0345609786665171,0.0659487374713033,0.0428562435687331,0.0294137209713939,0.0562987661660724,0.000166359383394127,-0.00233319247937265,0.00266591124616091,0.00756497388357119,0.00441711029825136,0.010712837468891,-0.00739861450017707,-0.0107033871332568,-0.00409384186709734,"provotf"
"gpt2-xl",3,0.0452331060242154,0.0287825942113647,0.061683617837066,0.043551445508153,0.0265374914996032,0.0605653995167029,0.0395362172383583,0.0248404862939429,0.0542319481827737,0.00168166051606233,-0.000262651164429482,0.00362597219655415,0.00569688878585708,0.000333378959440377,0.0110603986122738,-0.00401522826979475,-0.0102165487329376,0.00218609219334812,"provotf"
"gpt2-xl",4,0.0422062577364891,0.02423696069973,0.0601755547732481,0.0396216705044041,0.0224584505629321,0.0567848904458761,0.0362315270488749,0.019736002459719,0.0527270516380308,0.00258458723208498,0.000634654360663728,0.00453452010350623,0.00597473068761421,-6.29620143220797e-05,0.0120124233895505,-0.00339014345552923,-0.00980344296068359,0.00302315604962512,"provotf"
"gpt2-xl",5,0.0434046409953251,0.0251855695063866,0.0616237124842637,0.0375688378139212,0.0210541080621402,0.0540835675657023,0.0369607022051986,0.0208501316643128,0.0530712727460844,0.00583580318140388,0.00278587160575021,0.00888573475705755,0.00644393879012651,0.000481849566668566,0.0124060280135845,-0.000608135608722632,-0.0075718401560361,0.00635556893859083,"provotf"
"gpt2-xl",6,0.0427479412184949,0.024521117225333,0.0609747652116567,0.0393035183179645,0.0226577808606575,0.0559492557752714,0.035342404475073,0.0190921952936564,0.0515926136564895,0.00344442290053043,8.59421794425865e-05,0.00680290362161827,0.00740553674342191,-0.000990107133719051,0.0158011806205629,-0.00396111384289148,-0.0125759124712351,0.00465368478545209,"provotf"
"gpt2-xl",7,0.0442545886592014,0.0246654406981859,0.0638437366202169,0.0420913655040213,0.0237500524431411,0.0604326785649015,0.0361065481084659,0.0183547708824668,0.053858325334465,0.0021632231551801,-0.00150831955117523,0.00583476586153543,0.00814804055073549,-0.000193210354891411,0.0164892914563624,-0.00598481739555539,-0.0153066136185303,0.00333697882741949,"provotf"
"gpt2-xl",10,0.0460624829923431,0.0243381013360156,0.0677868646486706,0.0443131793556379,0.0250926501303932,0.0635337085808827,0.0438997164150692,0.0235163792849677,0.0642830535451706,0.00174930363670516,-0.00523116681638976,0.00872977408980007,0.00216276657727392,-0.00831081458288857,0.0126363477374364,-0.00041346294056876,-0.0131701167872444,0.0123431909061069,"provotf"
"gpt2-xl",12,0.0477845381585269,0.0255491788241552,0.0700198974928986,0.0442758244383964,0.0234933576292732,0.0650582912475196,0.040533986946398,0.0208622638223503,0.0602057100704456,0.0035087137201305,-0.0033589906579449,0.0103764180982059,0.00725055121212896,-0.00430351973825987,0.0188046221625178,-0.00374183749199846,-0.0179297606576973,0.0104460856737004,"provotf"
"gpt2-xl",16,0.0536585846209041,0.0318386666321343,0.0754785026096739,0.0460902009464967,0.0262307227817242,0.0659496791112691,0.047096570649197,0.028307638894356,0.065885502404038,0.00756838367440742,-0.000282622047850569,0.0154193893966654,0.00656201397170708,-0.00264943511242815,0.0157734630558423,0.00100636970270034,-0.00957792899607604,0.0115906684014767,"provotf"
"gpt2-xl",20,0.0595337718025928,0.0381686906616858,0.0808988529434998,0.0498196399365137,0.0282569755890782,0.0713823042839493,0.0466520123504394,0.0262485746512626,0.0670554500496162,0.00971413186607905,0.00188981298297917,0.0175384507491789,0.0128817594521534,0.00306246162019547,0.0227010572841112,-0.0031676275860743,-0.0160135382609732,0.00967828308882464,"provotf"
"gpt2-xl",25,0.0621675537289215,0.0410186435105019,0.0833164639473411,0.0459262502409985,0.0253264314116366,0.0665260690703605,0.0481969400753923,0.0274748014527013,0.0689190786980834,0.016241303487923,0.00775667815143216,0.0247259288244139,0.0139706136535292,0.00449835257422142,0.023442874732837,0.00227068983439381,-0.00978856161780332,0.0143299412865909,"provotf"
"gpt2-xl",32,0.0637646999061733,0.0417614939362706,0.085767905876076,0.0480136499135626,0.0267155803446463,0.0693117194824789,0.0494445634918702,0.0289580623986715,0.0699310645850689,0.0157510499926107,0.00694290837564658,0.0245591916095748,0.0143201364143031,0.00456458581187353,0.0240756870167326,0.00143091357830758,-0.00964582037246884,0.012507647529084,"provotf"
"gpt2-xl",40,0.0652077270891731,0.0414940709921804,0.0889213831861657,0.0492295820315679,0.0274843733075018,0.070974790755634,0.0495400293202673,0.0291354255377645,0.0699446331027701,0.0159781450576052,0.00722354143667154,0.0247327486785388,0.0156676977689058,0.00493746652314773,0.0263979290146639,0.000310447288699363,-0.0111557866028192,0.0117766811802179,"provotf"
"gpt2-xl",50,0.0657584596429668,0.0419384657421982,0.0895784535437355,0.0493880086035463,0.0280532141643581,0.0707228030427344,0.0488616107907824,0.0289778233513653,0.0687453982301994,0.0163704510394206,0.00738268735511405,0.0253582147237271,0.0168968488521845,0.00679620633198714,0.0269974913723818,-0.000526397812763897,-0.0107966214354271,0.00974382580989929,"provotf"
"gpt2-xl",64,0.0648477568758192,0.0422103248275568,0.0874851889240815,0.0487462861592056,0.0279530610316937,0.0695395112867176,0.0488691693504375,0.0288653806371208,0.0688729580637542,0.0161014707166135,0.00734139545425213,0.0248615459789749,0.0159785875253817,0.00585342905027882,0.0261037460004845,0.000122883191231846,-0.0102849632124554,0.0105307295949191,"provotf"
"gpt2-xl",80,0.0647534411032104,0.0421585747889291,0.0873483074174916,0.048877408931119,0.0278528817971564,0.0699019360650817,0.0488752079447479,0.0288809850874353,0.0688694308020606,0.0158760321720913,0.00724889270346825,0.0245031716407144,0.0158782331584624,0.00578111195586786,0.025975354361057,-2.20098637112032e-06,-0.0103769384977311,0.0103725365249889,"provotf"
"gpt2-xl",100,0.0647735551403387,0.0421595023788397,0.0873876079018377,0.0488907837105416,0.0278672989224186,0.0699142684986645,0.048887113567548,0.0288666605590863,0.0689075665760096,0.0158827714297971,0.00726791521299226,0.024497627646602,0.0158864415727908,0.00577851708496192,0.0259943660606196,-3.67014299361649e-06,-0.0103900116949543,0.0103826714089671,"provotf"
