story,zone,word,unisurp,bos,eos,is_punct,position,pos,wlen
1,1,If,12.574996883891082,1,0,0,1,IN,2
1,2,you,8.711964911935151,0,0,0,2,PRP,3
1,3,were,9.396668283684079,0,0,0,3,VBD,4
1,4,to,6.280557174231113,0,0,0,4,TO,2
1,5,journey,15.774369150470388,0,0,0,5,VB,7
1,6,to,6.280557174231113,0,0,0,6,TO,2
1,7,the,5.17205129965733,0,0,0,7,DT,3
1,8,North,14.034198096118661,0,0,0,8,NNP,5
1,9,of,5.986146708647226,0,0,0,9,IN,2
1,10,"England,",19.830069835326498,0,0,1,10,"NNP_,",8
1,11,you,8.711964911935151,0,0,0,11,PRP,3
1,12,would,10.257280448841584,0,0,0,12,MD,5
1,13,come,12.389346740104251,0,0,0,13,VB,4
1,14,to,6.280557174231113,0,0,0,14,TO,2
1,15,a,6.556670229096891,0,0,0,15,DT,1
1,16,valley,17.13323400648476,0,0,0,16,NN,6
1,17,that,7.5199882505590345,0,0,0,17,WDT,4
1,18,is,7.347528720939248,0,0,0,18,VBZ,2
1,19,surrounded,16.594439728400562,0,0,0,19,VBN,10
1,20,by,8.57862391074893,0,0,0,20,IN,2
1,21,moors,28.97853893917092,0,0,0,21,NNS,5
1,22,as,8.340623672004352,0,0,0,22,RB,2
1,23,high,11.744305671559701,0,0,0,23,JJ,4
1,24,as,8.340623672004352,0,0,0,24,IN,2
1,25,mountains.,21.61548496519473,0,1,1,25,NNS_.,10
1,26,It,10.702508639150992,1,0,0,1,PRP,2
1,27,is,7.347528720939248,0,0,0,2,VBZ,2
1,28,in,6.713150865180346,0,0,0,3,IN,2
1,29,this,8.876632627435416,0,0,0,4,DT,4
1,30,valley,17.13323400648476,0,0,0,5,NN,6
1,31,where,11.018728120918755,0,0,0,6,WRB,5
1,32,you,8.711964911935151,0,0,0,7,PRP,3
1,33,would,10.257280448841584,0,0,0,8,MD,5
1,34,find,12.108061468940654,0,0,0,9,VB,4
1,35,the,5.17205129965733,0,0,0,10,DT,3
1,36,city,13.397815222006045,0,0,0,11,NN,4
1,37,of,5.986146708647226,0,0,0,12,IN,2
1,38,"Bradford,",23.902476874852816,0,0,1,13,"NNP_,",9
1,39,where,11.018728120918755,0,0,0,14,WRB,5
1,40,once,13.031498725504989,0,0,0,15,RB,4
1,41,a,6.556670229096891,0,0,0,16,DT,1
1,42,thousand,15.430953070020486,0,0,0,17,CD,8
1,43,spinning,17.82025799948417,0,0,0,18,JJ,8
1,44,jennies,40.70741345113231,0,0,0,19,NNS,7
1,45,that,7.5199882505590345,0,0,0,20,WDT,4
1,46,hummed,30.88346945407747,0,0,0,21,VBD,6
1,47,and,6.2095491118355035,0,0,0,22,CC,3
1,48,clattered,32.727409495078646,0,0,0,23,VBD,9
1,49,spun,18.175478328567877,0,0,0,24,VBD,4
1,50,wool,18.00381843886543,0,0,0,25,NN,4
1,51,into,10.48069811501334,0,0,0,26,IN,4
1,52,money,13.1840785648903,0,0,0,27,NN,5
1,53,for,7.693494297163422,0,0,0,28,IN,3
1,54,the,5.17205129965733,0,0,0,29,DT,3
1,55,long-bearded,49.46353281766656,0,0,0,30,JJ,12
1,56,mill,16.471180011058475,0,0,0,31,NN,4
1,57,owners.,20.7647647088165,0,1,1,32,NNS_.,7
1,58,That,12.803635355257288,1,0,0,1,IN,4
1,59,all,9.763833843216453,0,0,0,2,DT,3
1,60,mill,16.471180011058475,0,0,0,3,NN,4
1,61,owners,15.868016904835795,0,0,0,4,NNS,6
1,62,were,9.396668283684079,0,0,0,5,VBD,4
1,63,generally,13.964858391554092,0,0,0,6,RB,9
1,64,busy,15.89382207356201,0,0,0,7,JJ,4
1,65,as,8.340623672004352,0,0,0,8,IN,2
1,66,beavers,32.70489380004368,0,0,0,9,NNS,7
1,67,and,6.2095491118355035,0,0,0,10,CC,3
1,68,quite,13.619207822239414,0,0,0,11,RB,5
1,69,pleased,16.58386452709842,0,0,0,12,VBN,7
1,70,with,8.014664635242958,0,0,0,13,IN,4
1,71,themselves,13.915551854074433,0,0,0,14,PRP,10
1,72,for,7.693494297163422,0,0,0,15,IN,3
1,73,being,11.57268805989128,0,0,0,16,VBG,5
1,74,so,10.292139907252675,0,0,0,17,RB,2
1,75,successful,14.705611505256535,0,0,0,18,JJ,10
1,76,and,6.2095491118355035,0,0,0,19,CC,3
1,77,well,11.24191454121933,0,0,0,20,JJ,4
1,78,off,11.981015731191064,0,0,0,21,RB,3
1,79,was,8.24568223794633,0,0,0,22,VBD,3
1,80,known,12.624967287282402,0,0,0,23,VBN,5
1,81,to,6.280557174231113,0,0,0,24,TO,2
1,82,the,5.17205129965733,0,0,0,25,DT,3
1,83,residents,15.620098184102837,0,0,0,26,NNS,9
1,84,of,5.986146708647226,0,0,0,27,IN,2
1,85,"Bradford,",23.902476874852816,0,0,1,28,"NNP_,",9
1,86,and,6.2095491118355035,0,0,0,29,CC,3
1,87,if,10.224647587236507,0,0,0,30,IN,2
1,88,you,8.711964911935151,0,0,0,31,PRP,3
1,89,were,9.396668283684079,0,0,0,32,VBD,4
1,90,to,6.280557174231113,0,0,0,33,TO,2
1,91,go,11.844842323862729,0,0,0,34,VB,2
1,92,into,10.48069811501334,0,0,0,35,IN,4
1,93,the,5.17205129965733,0,0,0,36,DT,3
1,94,city,13.397815222006045,0,0,0,37,NN,4
1,95,to,6.280557174231113,0,0,0,38,TO,2
1,96,visit,14.442792606921184,0,0,0,39,VB,5
1,97,the,5.17205129965733,0,0,0,40,DT,3
1,98,stately,31.166101070701124,0,0,0,41,JJ,7
1,99,City,13.761024597906061,0,0,0,42,NNP,4
1,100,"Hall,",20.31422150595864,0,0,1,43,"NNP_,",5
1,101,you,8.711964911935151,0,0,0,44,PRP,3
1,102,would,10.257280448841584,0,0,0,45,MD,5
1,103,see,11.365811672580193,0,0,0,46,VB,3
1,104,there,10.313087737286885,0,0,0,47,RB,5
1,105,the,5.17205129965733,0,0,0,48,DT,3
1,106,Crest,26.185805559935954,0,0,0,49,NNP,5
1,107,of,5.986146708647226,0,0,0,50,IN,2
1,108,the,5.17205129965733,0,0,0,51,DT,3
1,109,City,13.761024597906061,0,0,0,52,NNP,4
1,110,of,5.986146708647226,0,0,0,53,IN,2
1,111,"Bradford,",23.902476874852816,0,0,1,54,"NNP_,",9
1,112,which,9.57515612507219,0,0,0,55,WDT,5
1,113,those,11.51721368888743,0,0,0,56,DT,5
1,114,same,11.444632357470724,0,0,0,57,JJ,4
1,115,mill,16.471180011058475,0,0,0,58,NN,4
1,116,owners,15.868016904835795,0,0,0,59,NNS,6
1,117,created,13.820248675217137,0,0,0,60,VBD,7
1,118,to,6.280557174231113,0,0,0,61,TO,2
1,119,celebrate,17.069251673946543,0,0,0,62,VB,9
1,120,their,10.026103707581193,0,0,0,63,PRP$,5
1,121,achievements.,22.97058682270639,0,1,1,64,NNS_.,13
1,122,It,10.702508639150992,1,0,0,1,PRP,2
1,123,shows,13.27890911365645,0,0,0,2,VBZ,5
1,124,a,6.556670229096891,0,0,0,3,DT,1
1,125,sinister,19.275944871674746,0,0,0,4,JJ,8
1,126,looking,13.347439093871657,0,0,0,5,JJ,7
1,127,boar's,36.194708400023785,0,0,0,6,NN_POS,6
1,128,head,12.743157314316427,0,0,0,7,NN,4
1,129,sitting,15.193283332284686,0,0,0,8,VBG,7
1,130,on,8.232105999162414,0,0,0,9,IN,2
1,131,top,12.911178642588926,0,0,0,10,NN,3
1,132,of,5.986146708647226,0,0,0,11,IN,2
1,133,a,6.556670229096891,0,0,0,12,DT,1
1,134,well,11.24191454121933,0,0,0,13,NN,4
1,135,which,9.57515612507219,0,0,0,14,WDT,5
1,136,seems,13.548054786143982,0,0,0,15,VBZ,5
1,137,puzzling,33.18426257922307,0,0,0,16,JJ,8
1,138,at,8.781250634161243,0,0,0,17,IN,2
1,139,"first,",15.775187787089155,0,0,1,18,"RB_,",6
1,140,but,9.64272076435627,0,0,0,19,CC,3
1,141,the,5.17205129965733,0,0,0,20,DT,3
1,142,reason,13.412456242729206,0,0,0,21,NN,6
1,143,for,7.693494297163422,0,0,0,22,IN,3
1,144,this,8.876632627435416,0,0,0,23,DT,4
1,145,symbol,15.751344263357726,0,0,0,24,NN,6
1,146,is,7.347528720939248,0,0,0,25,VBZ,2
1,147,a,6.556670229096891,0,0,0,26,DT,1
1,148,matter,13.230462015159738,0,0,0,27,NN,6
1,149,of,5.986146708647226,0,0,0,28,IN,2
1,150,legend.,22.230248258170235,0,1,1,29,NN_.,7
1,151,There,12.46120785053467,1,0,0,1,EX,5
1,152,was,8.24568223794633,0,0,0,2,VBD,3
1,153,"once,",18.0478674034366,0,0,1,3,"RB_,",5
1,154,legend,17.33350045418953,0,0,0,4,NN,6
1,155,has,9.754877406931001,0,0,0,5,VBZ,3
1,156,"it,",13.392061936660106,0,0,1,6,"PRP_,",3
1,157,a,6.556670229096891,0,0,0,7,DT,1
1,158,fearsome,30.393158928552314,0,0,0,8,JJ,8
1,159,"boar,",32.378136944474264,0,0,1,9,"NN_,",5
1,160,which,9.57515612507219,0,0,0,10,WDT,5
1,161,lived,15.149383103204563,0,0,0,11,VBD,5
1,162,in,6.713150865180346,0,0,0,12,IN,2
1,163,a,6.556670229096891,0,0,0,13,DT,1
1,164,wood,15.428187824969925,0,0,0,14,NN,4
1,165,located,14.265243863834108,0,0,0,15,VBN,7
1,166,just,10.882719038846648,0,0,0,16,RB,4
1,167,outside,13.697038804078616,0,0,0,17,IN,7
1,168,the,5.17205129965733,0,0,0,18,DT,3
1,169,manor,23.61987626481513,0,0,0,19,NN,5
1,170,of,5.986146708647226,0,0,0,20,IN,2
1,171,Bradford.,23.78285600090191,0,1,1,21,NNP_.,9
1,172,A,10.24793691702159,1,0,0,1,DT,1
1,173,source,13.228472596757669,0,0,0,2,NN,6
1,174,of,5.986146708647226,0,0,0,3,IN,2
1,175,great,12.49183345875402,0,0,0,4,JJ,5
1,176,trouble,15.310617223529189,0,0,0,5,NN,7
1,177,to,6.280557174231113,0,0,0,6,TO,2
1,178,the,5.17205129965733,0,0,0,7,DT,3
1,179,local,12.92283408674751,0,0,0,8,JJ,5
1,180,folk,17.257701023886224,0,0,0,9,NN,4
1,181,the,5.17205129965733,0,0,0,10,DT,3
1,182,boar,27.361768266542654,0,0,0,11,NN,4
1,183,"was,",13.262050915877943,0,0,1,12,"VBD_,",4
1,184,bringing,15.82096184477416,0,0,0,13,VBG,8
1,185,terror,16.75315171517219,0,0,0,14,NN,6
1,186,to,6.280557174231113,0,0,0,15,TO,2
1,187,the,5.17205129965733,0,0,0,16,DT,3
1,188,peaceful,17.421282726247732,0,0,0,17,JJ,8
1,189,flocks,30.267524764259488,0,0,0,18,NNS,6
1,190,and,6.2095491118355035,0,0,0,19,CC,3
1,191,ravaging,34.64926616883045,0,0,0,20,VBG,8
1,192,the,5.17205129965733,0,0,0,21,DT,3
1,193,countryside,18.459282357765026,0,0,0,22,NN,11
1,194,around.,16.982702762370486,0,1,1,23,RP_.,7
1,195,Even,14.560355188094647,1,0,0,1,RB,4
1,196,"worse,",20.228341565628174,0,0,1,2,"RBR_,",6
1,197,"however,",17.965647821932627,0,0,1,3,"RB_,",8
1,198,the,5.17205129965733,0,0,0,4,DT,3
1,199,boar,27.361768266542654,0,0,0,5,NN,4
1,200,most,11.270487941956638,0,0,0,6,RBS,4
1,201,liked,15.969071980983081,0,0,0,7,VBD,5
1,202,to,6.280557174231113,0,0,0,8,TO,2
1,203,go,11.844842323862729,0,0,0,9,VB,2
1,204,to,6.280557174231113,0,0,0,10,TO,2
1,205,the,5.17205129965733,0,0,0,11,DT,3
1,206,well,11.24191454121933,0,0,0,12,NN,4
1,207,that,7.5199882505590345,0,0,0,13,WDT,4
1,208,was,8.24568223794633,0,0,0,14,VBD,3
1,209,in,6.713150865180346,0,0,0,15,IN,2
1,210,the,5.17205129965733,0,0,0,16,DT,3
1,211,wood,15.428187824969925,0,0,0,17,NN,4
1,212,and,6.2095491118355035,0,0,0,18,CC,3
1,213,drink,15.416108124089803,0,0,0,19,VB,5
1,214,its,10.588677784406197,0,0,0,20,PRP$,3
1,215,fresh,14.962587761987717,0,0,0,21,JJ,5
1,216,"water,",17.546363238857506,0,0,1,22,"NN_,",6
1,217,so,10.292139907252675,0,0,0,23,RB,2
1,218,that,7.5199882505590345,0,0,0,24,IN,4
1,219,the,5.17205129965733,0,0,0,25,DT,3
1,220,people,11.171465651218966,0,0,0,26,NNS,6
1,221,of,5.986146708647226,0,0,0,27,IN,2
1,222,Bradford,18.886108196921203,0,0,0,28,NNP,8
1,223,had,9.816722327264898,0,0,0,29,VBD,3
1,224,second,12.078231733387621,0,0,0,30,JJ,6
1,225,thoughts,15.421184671212906,0,0,0,31,NNS,8
1,226,about,10.294135891377458,0,0,0,32,IN,5
1,227,visiting,16.61328571866804,0,0,0,33,VBG,8
1,228,the,5.17205129965733,0,0,0,34,DT,3
1,229,well.,16.138662345200036,0,1,1,35,NN_.,5
1,230,That,12.803635355257288,1,0,0,1,IN,4
1,231,the,5.17205129965733,0,0,0,2,DT,3
1,232,people,11.171465651218966,0,0,0,3,NNS,6
1,233,of,5.986146708647226,0,0,0,4,IN,2
1,234,Bradford,18.886108196921203,0,0,0,5,NNP,8
1,235,bore,17.105025994755398,0,0,0,6,VBD,4
1,236,the,5.17205129965733,0,0,0,7,DT,3
1,237,brunt,30.110219944260272,0,0,0,8,NN,5
1,238,of,5.986146708647226,0,0,0,9,IN,2
1,239,the,5.17205129965733,0,0,0,10,DT,3
1,240,beast's,26.57350580509792,0,0,0,11,NN_POS,7
1,241,ferocity,35.02073474090314,0,0,0,12,NN,8
1,242,was,8.24568223794633,0,0,0,13,VBD,3
1,243,unfair,16.994978678566884,0,0,0,14,JJ,6
1,244,in,6.713150865180346,0,0,0,15,IN,2
1,245,the,5.17205129965733,0,0,0,16,DT,3
1,246,eyes,13.442879220912676,0,0,0,17,NNS,4
1,247,of,5.986146708647226,0,0,0,18,IN,2
1,248,the,5.17205129965733,0,0,0,19,DT,3
1,249,people,11.171465651218966,0,0,0,20,NNS,6
1,250,of,5.986146708647226,0,0,0,21,IN,2
1,251,the,5.17205129965733,0,0,0,22,DT,3
1,252,region.,18.321575826999943,0,1,1,23,NN_.,7
1,253,"Eventually,",22.941251548961432,1,0,1,1,"RB_,",11
1,254,the,5.17205129965733,0,0,0,2,DT,3
1,255,issue,13.131002092770494,0,0,0,3,NN,5
1,256,reached,14.43848474489321,0,0,0,4,VBD,7
1,257,the,5.17205129965733,0,0,0,5,DT,3
1,258,ears,16.566213646018635,0,0,0,6,NNS,4
1,259,of,5.986146708647226,0,0,0,7,IN,2
1,260,the,5.17205129965733,0,0,0,8,DT,3
1,261,kindly,18.030368255969123,0,0,0,9,JJ,6
1,262,Lord,15.030130980652054,0,0,0,10,NN,4
1,263,of,5.986146708647226,0,0,0,11,IN,2
1,264,the,5.17205129965733,0,0,0,12,DT,3
1,265,Manor,19.580828338589054,0,0,0,13,NNP,5
1,266,who,10.440803113603465,0,0,0,14,WP,3
1,267,the,5.17205129965733,0,0,0,15,DT,3
1,268,people,11.171465651218966,0,0,0,16,NNS,6
1,269,had,9.816722327264898,0,0,0,17,VBD,3
1,270,often,12.895166627859947,0,0,0,18,RB,5
1,271,asked,13.143244557178754,0,0,0,19,VBN,5
1,272,for,7.693494297163422,0,0,0,20,IN,3
1,273,help.,17.22695647646825,0,1,1,21,NN_.,5
1,274,The,8.824079763818386,1,0,0,1,DT,3
1,275,Lord,15.030130980652054,0,0,0,2,NNP,4
1,276,saw,13.495633104836841,0,0,0,3,VBD,3
1,277,the,5.17205129965733,0,0,0,4,DT,3
1,278,severity,16.31236652646446,0,0,0,5,NN,8
1,279,of,5.986146708647226,0,0,0,6,IN,2
1,280,the,5.17205129965733,0,0,0,7,DT,3
1,281,problem,12.6262162741622,0,0,0,8,NN,7
1,282,the,5.17205129965733,0,0,0,9,DT,3
1,283,people,11.171465651218966,0,0,0,10,NNS,6
1,284,faced,16.173361564777135,0,0,0,11,VBD,5
1,285,and,6.2095491118355035,0,0,0,12,CC,3
1,286,suggested,14.523992487679909,0,0,0,13,VBD,9
1,287,a,6.556670229096891,0,0,0,14,DT,1
1,288,contest,16.35396917024642,0,0,0,15,NN,7
1,289,could,10.893270167851,0,0,0,16,MD,5
1,290,solve,15.523587567817838,0,0,0,17,VB,5
1,291,the,5.17205129965733,0,0,0,18,DT,3
1,292,problem.,17.522964078142905,0,1,1,19,NN_.,8
1,293,He,11.093002573340865,1,0,0,1,PRP,2
1,294,said,10.57886849101402,0,0,0,2,VBD,4
1,295,that,7.5199882505590345,0,0,0,3,IN,4
1,296,whoever,17.976018908715893,0,0,0,4,WP,7
1,297,could,10.893270167851,0,0,0,5,MD,5
1,298,kill,14.953187691839972,0,0,0,6,VB,4
1,299,the,5.17205129965733,0,0,0,7,DT,3
1,300,boar,27.361768266542654,0,0,0,8,NN,4
1,301,and,6.2095491118355035,0,0,0,9,CC,3
1,302,bring,14.047146550664944,0,0,0,10,VB,5
1,303,as,8.340623672004352,0,0,0,11,IN,2
1,304,proof,14.505805694248068,0,0,0,12,NN,5
1,305,its,10.588677784406197,0,0,0,13,PRP$,3
1,306,head,12.743157314316427,0,0,0,14,NN,4
1,307,to,6.280557174231113,0,0,0,15,TO,2
1,308,the,5.17205129965733,0,0,0,16,DT,3
1,309,Manor,19.580828338589054,0,0,0,17,NNP,5
1,310,House,14.10087005161217,0,0,0,18,NNP,5
1,311,would,10.257280448841584,0,0,0,19,MD,5
1,312,be,8.447345415772759,0,0,0,20,VB,2
1,313,rewarded,18.554464583884453,0,0,0,21,VBN,8
1,314,with,8.014664635242958,0,0,0,22,IN,4
1,315,land,13.883486507206918,0,0,0,23,NN,4
1,316,and,6.2095491118355035,0,0,0,24,CC,3
1,317,fame.,22.68954946289444,0,1,1,25,NN_.,5
1,318,It,10.702508639150992,1,0,0,1,PRP,2
1,319,was,8.24568223794633,0,0,0,2,VBD,3
1,320,the,5.17205129965733,0,0,0,3,DT,3
1,321,people,11.171465651218966,0,0,0,4,NNS,6
1,322,of,5.986146708647226,0,0,0,5,IN,2
1,323,Bradford,18.886108196921203,0,0,0,6,NNP,8
1,324,and,6.2095491118355035,0,0,0,7,CC,3
1,325,the,5.17205129965733,0,0,0,8,DT,3
1,326,people,11.171465651218966,0,0,0,9,NNS,6
1,327,who,10.440803113603465,0,0,0,10,WP,3
1,328,knew,13.624615788883943,0,0,0,11,VBD,4
1,329,them,10.713072033397339,0,0,0,12,PRP,4
1,330,who,10.440803113603465,0,0,0,13,WP,3
1,331,rejoiced,35.51088100607461,0,0,0,14,VBD,8
1,332,at,8.781250634161243,0,0,0,15,IN,2
1,333,this,8.876632627435416,0,0,0,16,DT,4
1,334,proclamation,32.07679557994639,0,0,0,17,NN,12
1,335,but,9.64272076435627,0,0,0,18,CC,3
1,336,one,9.838114205706063,0,0,0,19,CD,3
1,337,question,12.925043624126513,0,0,0,20,NN,8
1,338,remained:,22.773527519788576,0,0,1,21,VBD_:,9
1,339,who,10.440803113603465,0,0,0,22,WP,3
1,340,would,10.257280448841584,0,0,0,23,MD,5
1,341,kill,14.953187691839972,0,0,0,24,VB,4
1,342,the,5.17205129965733,0,0,0,25,DT,3
1,343,boar?,37.088112765574536,0,1,1,26,NN_.,5
1,344,By,13.631736262578634,1,0,0,1,IN,2
1,345,the,5.17205129965733,0,0,0,2,DT,3
1,346,handsome,17.763924670877472,0,0,0,3,JJ,8
1,347,reward,16.657358633184742,0,0,0,4,NN,6
1,348,many,11.555553853436457,0,0,0,5,DT,4
1,349,felt,13.808886882388357,0,0,0,6,VBD,4
1,350,"tempted,",23.55639590212691,0,0,1,7,"VBN_,",8
1,351,but,9.64272076435627,0,0,0,8,CC,3
1,352,the,5.17205129965733,0,0,0,9,DT,3
1,353,thought,12.816412505192044,0,0,0,10,NN,7
1,354,of,5.986146708647226,0,0,0,11,IN,2
1,355,the,5.17205129965733,0,0,0,12,DT,3
1,356,boar,27.361768266542654,0,0,0,13,NN,4
1,357,with,8.014664635242958,0,0,0,14,IN,4
1,358,its,10.588677784406197,0,0,0,15,PRP$,3
1,359,deadly,17.253397439090072,0,0,0,16,JJ,6
1,360,tusks,37.46437005335271,0,0,0,17,NNS,5
1,361,and,6.2095491118355035,0,0,0,18,CC,3
1,362,face,13.116989148538625,0,0,0,19,NN,4
1,363,like,10.598838519142497,0,0,0,20,IN,4
1,364,thunder,17.84671658131981,0,0,0,21,NN,7
1,365,soon,13.930416920936057,0,0,0,22,RB,4
1,366,put,12.711916905175212,0,0,0,23,VBD,3
1,367,an,9.046558361117718,0,0,0,24,DT,2
1,368,end,12.009873466440204,0,0,0,25,NN,3
1,369,to,6.280557174231113,0,0,0,26,TO,2
1,370,their,10.026103707581193,0,0,0,27,PRP$,5
1,371,ambitions.,23.730656302030084,0,1,1,28,NNS_.,10
1,372,"However,",17.446028317169958,1,0,1,1,"RB_,",8
1,373,there,10.313087737286885,0,0,0,2,EX,5
1,374,was,8.24568223794633,0,0,0,3,VBD,3
1,375,one,9.838114205706063,0,0,0,4,CD,3
1,376,"huntsman,",49.56656239485889,0,0,1,5,"NN_,",9
1,377,who,10.440803113603465,0,0,0,6,WP,3
1,378,was,8.24568223794633,0,0,0,7,VBD,3
1,379,still,11.865358748213168,0,0,0,8,RB,5
1,380,wet,15.840648823809484,0,0,0,9,JJ,3
1,381,behind,13.602322364855635,0,0,0,10,IN,6
1,382,the,5.17205129965733,0,0,0,11,DT,3
1,383,"ears,",21.58258232395025,0,0,1,12,"NNS_,",5
1,384,who,10.440803113603465,0,0,0,13,WP,3
1,385,decided,14.30413223447701,0,0,0,14,VBD,7
1,386,the,5.17205129965733,0,0,0,15,DT,3
1,387,prize,17.176057324276666,0,0,0,16,NN,5
1,388,was,8.24568223794633,0,0,0,17,VBD,3
1,389,worth,14.602363519286804,0,0,0,18,JJ,5
1,390,a,6.556670229096891,0,0,0,19,DT,1
1,391,"shot,",19.619286025570407,0,0,1,20,"NN_,",5
1,392,in,6.713150865180346,0,0,0,21,IN,2
1,393,spite,16.898135364124986,0,0,0,22,NN,5
1,394,of,5.986146708647226,0,0,0,23,IN,2
1,395,the,5.17205129965733,0,0,0,24,DT,3
1,396,boar's,36.194708400023785,0,0,0,25,NN_POS,6
1,397,reputation.,21.29749089389415,0,1,1,26,NN_.,11
1,398,The,8.824079763818386,1,0,0,1,DT,3
1,399,huntsman,44.55019371692728,0,0,0,2,NN,8
1,400,discovered,15.138370668699793,0,0,0,3,VBD,10
1,401,the,5.17205129965733,0,0,0,4,DT,3
1,402,boar,27.361768266542654,0,0,0,5,NN,4
1,403,preferred,15.661758460196332,0,0,0,6,VBD,9
1,404,to,6.280557174231113,0,0,0,7,TO,2
1,405,come,12.389346740104251,0,0,0,8,VB,4
1,406,out,10.24888073574989,0,0,0,9,RP,3
1,407,in,6.713150865180346,0,0,0,10,IN,2
1,408,the,5.17205129965733,0,0,0,11,DT,3
1,409,middle,14.3915726362779,0,0,0,12,NN,6
1,410,of,5.986146708647226,0,0,0,13,IN,2
1,411,the,5.17205129965733,0,0,0,14,DT,3
1,412,day.,16.895768209434614,0,1,1,15,NN_.,4
1,413,So,12.883963296337498,1,0,0,1,IN,2
1,414,he,9.438290970210815,0,0,0,2,PRP,2
1,415,went,13.057769405402667,0,0,0,3,VBD,4
1,416,to,6.280557174231113,0,0,0,4,TO,2
1,417,the,5.17205129965733,0,0,0,5,DT,3
1,418,wood,15.428187824969925,0,0,0,6,NN,4
1,419,by,8.57862391074893,0,0,0,7,IN,2
1,420,the,5.17205129965733,0,0,0,8,DT,3
1,421,well,11.24191454121933,0,0,0,9,NN,4
1,422,with,8.014664635242958,0,0,0,10,IN,4
1,423,his,9.520696265560964,0,0,0,11,PRP$,3
1,424,good,11.715562174867838,0,0,0,12,JJ,4
1,425,"bow,",21.593230093265568,0,0,1,13,"NN_,",4
1,426,to,6.280557174231113,0,0,0,14,TO,2
1,427,bide,25.432912016271445,0,0,0,15,VB,4
1,428,his,9.520696265560964,0,0,0,16,PRP$,3
1,429,time.,15.227980891429535,0,1,1,17,NN_.,5
1,430,Around,18.076141141655548,1,0,0,1,IN,6
1,431,"noontime,",44.938498952429214,0,0,1,2,"NN_,",9
1,432,the,5.17205129965733,0,0,0,3,DT,3
1,433,"boar,",32.378136944474264,0,0,1,4,"NN_,",5
1,434,feared,17.57245298306054,0,0,0,5,VBN,6
1,435,by,8.57862391074893,0,0,0,6,IN,2
1,436,the,5.17205129965733,0,0,0,7,DT,3
1,437,"locals,",22.964591840832565,0,0,1,8,"NNS_,",7
1,438,came,12.886598870789097,0,0,0,9,VBD,4
1,439,"out,",15.265249413681502,0,0,1,10,"RP_,",4
1,440,as,8.340623672004352,0,0,0,11,RB,2
1,441,slow,14.88081511751971,0,0,0,12,JJ,4
1,442,as,8.340623672004352,0,0,0,13,IN,2
1,443,a,6.556670229096891,0,0,0,14,DT,1
1,444,"snail,",34.98048384259751,0,0,1,15,"NN_,",6
1,445,from,8.815789051907856,0,0,0,16,IN,4
1,446,among,12.963788889731834,0,0,0,17,IN,5
1,447,the,5.17205129965733,0,0,0,18,DT,3
1,448,"trees,",20.234590663335684,0,0,1,19,"NNS_,",6
1,449,just,10.882719038846648,0,0,0,20,RB,4
1,450,as,8.340623672004352,0,0,0,21,IN,2
1,451,the,5.17205129965733,0,0,0,22,DT,3
1,452,huntsman,44.55019371692728,0,0,0,23,NN,8
1,453,had,9.816722327264898,0,0,0,24,VBD,3
1,454,predicted.,20.347707828019814,0,1,1,25,VBN_.,10
1,455,The,8.824079763818386,1,0,0,1,DT,3
1,456,huntsman,44.55019371692728,0,0,0,2,NN,8
1,457,leaped,30.39467441854883,0,0,0,3,VBD,6
1,458,from,8.815789051907856,0,0,0,4,IN,4
1,459,his,9.520696265560964,0,0,0,5,PRP$,3
1,460,hiding,17.08047052646289,0,0,0,6,NN,6
1,461,place,12.402951275503977,0,0,0,7,NN,5
1,462,and,6.2095491118355035,0,0,0,8,CC,3
1,463,through,11.340957503730838,0,0,0,9,IN,7
1,464,the,5.17205129965733,0,0,0,10,DT,3
1,465,heart,13.538843734541853,0,0,0,11,NN,5
1,466,with,8.014664635242958,0,0,0,12,IN,4
1,467,his,9.520696265560964,0,0,0,13,PRP$,3
1,468,fine,14.05044146055355,0,0,0,14,JJ,4
1,469,arrows,17.192151891910378,0,0,0,15,NNS,6
1,470,shot,14.602917347638794,0,0,0,16,VBD,4
1,471,the,5.17205129965733,0,0,0,17,DT,3
1,472,boar.,32.258516070523356,0,1,1,18,NN_.,5
1,473,Now,14.067240067095316,1,0,0,1,RB,3
1,474,the,5.17205129965733,0,0,0,2,DT,3
1,475,problem,12.6262162741622,0,0,0,3,NN,7
1,476,was,8.24568223794633,0,0,0,4,VBD,3
1,477,no,10.387625509173944,0,0,0,5,RB,2
1,478,longer,13.698172152016731,0,0,0,6,RB,6
1,479,to,6.280557174231113,0,0,0,7,TO,2
1,480,kill,14.953187691839972,0,0,0,8,VB,4
1,481,the,5.17205129965733,0,0,0,9,DT,3
1,482,boar.,32.258516070523356,0,1,1,10,NN_.,5
1,483,It,10.702508639150992,1,0,0,1,PRP,2
1,484,was,8.24568223794633,0,0,0,2,VBD,3
1,485,to,6.280557174231113,0,0,0,3,TO,2
1,486,find,12.108061468940654,0,0,0,4,VB,4
1,487,a,6.556670229096891,0,0,0,5,DT,1
1,488,way,11.3685276337403,0,0,0,6,NN,3
1,489,to,6.280557174231113,0,0,0,7,TO,2
1,490,carry,14.98185731794084,0,0,0,8,VB,5
1,491,the,5.17205129965733,0,0,0,9,DT,3
1,492,boar,27.361768266542654,0,0,0,10,NN,4
1,493,back.,16.29329814208473,0,1,1,11,RB_.,5
1,494,The,8.824079763818386,1,0,0,1,DT,3
1,495,head,12.743157314316427,0,0,0,2,NN,4
1,496,was,8.24568223794633,0,0,0,3,VBD,3
1,497,too,12.118211762950164,0,0,0,4,RB,3
1,498,heavy,14.695368668066024,0,0,0,5,JJ,5
1,499,for,7.693494297163422,0,0,0,6,IN,3
1,500,the,5.17205129965733,0,0,0,7,DT,3
1,501,little,12.310603251626194,0,0,0,8,JJ,6
1,502,huntsman,44.55019371692728,0,0,0,9,NN,8
1,503,to,6.280557174231113,0,0,0,10,TO,2
1,504,carry,14.98185731794084,0,0,0,11,VB,5
1,505,back,11.396550338104024,0,0,0,12,RP,4
1,506,to,6.280557174231113,0,0,0,13,TO,2
1,507,the,5.17205129965733,0,0,0,14,DT,3
1,508,Manor,19.580828338589054,0,0,0,15,NNP,5
1,509,"House,",19.117238729543782,0,0,1,16,"NNP_,",6
1,510,but,9.64272076435627,0,0,0,17,CC,3
1,511,the,5.17205129965733,0,0,0,18,DT,3
1,512,"huntsman,",49.56656239485889,0,0,1,19,"NN_,",9
1,513,who,10.440803113603465,0,0,0,20,WP,3
1,514,was,8.24568223794633,0,0,0,21,VBD,3
1,515,as,8.340623672004352,0,0,0,22,RB,2
1,516,quick-witted,49.58701876905618,0,0,0,23,JJ,12
1,517,and,6.2095491118355035,0,0,0,24,CC,3
1,518,cunning,19.39663294534239,0,0,0,25,JJ,7
1,519,as,8.340623672004352,0,0,0,26,IN,2
1,520,"ever,",18.107084636445503,0,0,1,27,"RB_,",5
1,521,asked,13.143244557178754,0,0,0,28,VBD,5
1,522,"himself,",18.495191846913986,0,0,1,29,"PRP_,",8
1,523,'What,22.417602338252678,0,0,1,30,``_WP,5
1,524,else,13.151589691193124,0,0,0,31,RB,4
1,525,can,9.501706077262956,0,0,0,32,MD,3
1,526,I,8.339223813452126,0,0,0,33,PRP,1
1,527,do,10.414961517463322,0,0,0,34,VB,2
1,528,to,6.280557174231113,0,0,0,35,TO,2
1,529,prove,14.614728656833343,0,0,0,36,VB,5
1,530,I,8.339223813452126,0,0,0,37,PRP,1
1,531,killed,14.616666337897637,0,0,0,38,VBD,6
1,532,the,5.17205129965733,0,0,0,39,DT,3
1,533,boar?',42.1499129236442,0,1,1,40,NN_._'',6
1,534,The,8.824079763818386,1,0,0,1,DT,3
1,535,next,12.42005421982443,0,0,0,2,JJ,4
1,536,instance,14.249099122620343,0,0,0,3,NN,8
1,537,he,9.438290970210815,0,0,0,4,PRP,2
1,538,opened,14.677146173623203,0,0,0,5,VBD,6
1,539,the,5.17205129965733,0,0,0,6,DT,3
1,540,boar's,36.194708400023785,0,0,0,7,NN_POS,6
1,541,mouth,15.018385155064703,0,0,0,8,NN,5
1,542,and,6.2095491118355035,0,0,0,9,CC,3
1,543,cut,13.87114819634693,0,0,0,10,VBD,3
1,544,out,10.24888073574989,0,0,0,11,RP,3
1,545,its,10.588677784406197,0,0,0,12,PRP$,3
1,546,"tongue,",21.61817964994278,0,0,1,13,"NN_,",7
1,547,taking,13.598300777649332,0,0,0,14,VBG,6
1,548,that,7.5199882505590345,0,0,0,15,DT,4
1,549,as,8.340623672004352,0,0,0,16,IN,2
1,550,proof,14.505805694248068,0,0,0,17,NN,5
1,551,for,7.693494297163422,0,0,0,18,IN,3
1,552,the,5.17205129965733,0,0,0,19,DT,3
1,553,Lord.,19.92687878463276,0,1,1,20,NNP_.,5
1,554,He,11.093002573340865,1,0,0,1,PRP,2
1,555,set,11.618154405351628,0,0,0,2,VBP,3
1,556,out,10.24888073574989,0,0,0,3,RP,3
1,557,for,7.693494297163422,0,0,0,4,IN,3
1,558,the,5.17205129965733,0,0,0,5,DT,3
1,559,Manor,19.580828338589054,0,0,0,6,NNP,5
1,560,House,14.10087005161217,0,0,0,7,NNP,5
1,561,as,8.340623672004352,0,0,0,8,RB,2
1,562,quickly,14.30681748948967,0,0,0,9,RB,7
1,563,as,8.340623672004352,0,0,0,10,IN,2
1,564,he,9.438290970210815,0,0,0,11,PRP,2
1,565,could,10.893270167851,0,0,0,12,MD,5
1,566,and,6.2095491118355035,0,0,0,13,CC,3
1,567,he,9.438290970210815,0,0,0,14,PRP,2
1,568,had,9.816722327264898,0,0,0,15,VBD,3
1,569,only,10.623289958781577,0,0,0,16,RB,4
1,570,been,10.154650775356767,0,0,0,17,VBN,4
1,571,gone,14.39091791662737,0,0,0,18,VBN,4
1,572,a,6.556670229096891,0,0,0,19,DT,1
1,573,few,12.402199019809682,0,0,0,20,JJ,3
1,574,minutes,13.411674897935416,0,0,0,21,NNS,7
1,575,when,10.303515303910618,0,0,0,22,WRB,4
1,576,a,6.556670229096891,0,0,0,23,DT,1
1,577,second,12.078231733387621,0,0,0,24,JJ,6
1,578,"huntsman,",49.56656239485889,0,0,1,25,"NN_,",9
1,579,not,8.917353115369856,0,0,0,26,RB,3
1,580,so,10.292139907252675,0,0,0,27,RB,2
1,581,bold,16.544674368428325,0,0,0,28,JJ,4
1,582,as,8.340623672004352,0,0,0,29,IN,2
1,583,the,5.17205129965733,0,0,0,30,DT,3
1,584,first,10.758819109157542,0,0,0,31,JJ,5
1,585,but,9.64272076435627,0,0,0,32,CC,3
1,586,a,6.556670229096891,0,0,0,33,DT,1
1,587,little,12.310603251626194,0,0,0,34,RB,6
1,588,more,10.075051597559401,0,0,0,35,RBR,4
1,589,"cunning,",24.413001623274003,0,0,1,36,"JJ_,",8
1,590,came,12.886598870789097,0,0,0,37,VBD,4
1,591,on,8.232105999162414,0,0,0,38,IN,2
1,592,the,5.17205129965733,0,0,0,39,DT,3
1,593,scene.,19.8112601055349,0,1,1,40,NN_.,6
1,594,Seeing,19.116423834467852,1,0,0,1,VBG,6
1,595,the,5.17205129965733,0,0,0,2,DT,3
1,596,slain,19.385052564218952,0,0,0,3,VBN,5
1,597,carcass,32.80748698767936,0,0,0,4,NNS,7
1,598,of,5.986146708647226,0,0,0,5,IN,2
1,599,the,5.17205129965733,0,0,0,6,DT,3
1,600,"boar,",32.378136944474264,0,0,1,7,"NN_,",5
1,601,the,5.17205129965733,0,0,0,8,DT,3
1,602,huntsman,44.55019371692728,0,0,0,9,NN,8
1,603,rejoiced,35.51088100607461,0,0,0,10,VBD,8
1,604,in,6.713150865180346,0,0,0,11,IN,2
1,605,his,9.520696265560964,0,0,0,12,PRP$,3
1,606,good,11.715562174867838,0,0,0,13,JJ,4
1,607,fortune.,22.282661263569885,0,1,1,14,NN_.,8
1,608,The,8.824079763818386,1,0,0,1,DT,3
1,609,second,12.078231733387621,0,0,0,2,JJ,6
1,610,huntsman,44.55019371692728,0,0,0,3,NN,8
1,611,knew,13.624615788883943,0,0,0,4,VBD,4
1,612,a,6.556670229096891,0,0,0,5,DT,1
1,613,shortcut,18.22647067804297,0,0,0,6,NN,8
1,614,to,6.280557174231113,0,0,0,7,TO,2
1,615,the,5.17205129965733,0,0,0,8,DT,3
1,616,Manor,19.580828338589054,0,0,0,9,NNP,5
1,617,House,14.10087005161217,0,0,0,10,NNP,5
1,618,was,8.24568223794633,0,0,0,11,VBD,3
1,619,just,10.882719038846648,0,0,0,12,RB,4
1,620,around,12.085954958389781,0,0,0,13,IN,6
1,621,the,5.17205129965733,0,0,0,14,DT,3
1,622,nearby,15.936678315137964,0,0,0,15,JJ,6
1,623,"pond,",22.882379675826503,0,0,1,16,"NN_,",5
1,624,"and,",11.225917789767117,0,0,1,17,"CC_,",4
1,625,being,11.57268805989128,0,0,0,18,VBG,5
1,626,a,6.556670229096891,0,0,0,19,DT,1
1,627,bigger,15.620884063016458,0,0,0,20,JJR,6
1,628,man,12.17288107728454,0,0,0,21,NN,3
1,629,than,10.500242777420443,0,0,0,22,IN,4
1,630,the,5.17205129965733,0,0,0,23,DT,3
1,631,"first,",15.775187787089155,0,0,1,24,"JJ_,",6
1,632,was,8.24568223794633,0,0,0,25,VBD,3
1,633,able,12.794351640918677,0,0,0,26,JJ,4
1,634,to,6.280557174231113,0,0,0,27,TO,2
1,635,pick,14.67269138320065,0,0,0,28,VB,4
1,636,up,10.382393736990075,0,0,0,29,RP,2
1,637,the,5.17205129965733,0,0,0,30,DT,3
1,638,boar's,36.194708400023785,0,0,0,31,NN_POS,6
1,639,head,12.743157314316427,0,0,0,32,NN,4
1,640,and,6.2095491118355035,0,0,0,33,CC,3
1,641,carry,14.98185731794084,0,0,0,34,VBP,5
1,642,it,8.375693258728493,0,0,0,35,PRP,2
1,643,through,11.340957503730838,0,0,0,36,IN,7
1,644,the,5.17205129965733,0,0,0,37,DT,3
1,645,wood,15.428187824969925,0,0,0,38,NN,4
1,646,towards,14.24892424314076,0,0,0,39,IN,7
1,647,the,5.17205129965733,0,0,0,40,DT,3
1,648,prize,17.176057324276666,0,0,0,41,NN,5
1,649,that,7.5199882505590345,0,0,0,42,WDT,4
1,650,awaited,19.44069249405291,0,0,0,43,VBD,7
1,651,him.,15.776959186518361,0,1,1,44,PRP_.,4
1,652,The,8.824079763818386,1,0,0,1,DT,3
1,653,Lord,15.030130980652054,0,0,0,2,NN,4
1,654,of,5.986146708647226,0,0,0,3,IN,2
1,655,the,5.17205129965733,0,0,0,4,DT,3
1,656,Manor,19.580828338589054,0,0,0,5,NNP,5
1,657,was,8.24568223794633,0,0,0,6,VBD,3
1,658,seated,17.682468784953706,0,0,0,7,VBN,6
1,659,in,6.713150865180346,0,0,0,8,IN,2
1,660,his,9.520696265560964,0,0,0,9,PRP$,3
1,661,hall,15.972842493656739,0,0,0,10,NN,4
1,662,when,10.303515303910618,0,0,0,11,WRB,4
1,663,the,5.17205129965733,0,0,0,12,DT,3
1,664,second,12.078231733387621,0,0,0,13,JJ,6
1,665,huntsman,44.55019371692728,0,0,0,14,NN,8
1,666,burst,16.694487606448963,0,0,0,15,VBP,5
1,667,through,11.340957503730838,0,0,0,16,IN,7
1,668,the,5.17205129965733,0,0,0,17,DT,3
1,669,door,13.774096398388007,0,0,0,18,NN,4
1,670,and,6.2095491118355035,0,0,0,19,CC,3
1,671,began,13.744818247057847,0,0,0,20,VBD,5
1,672,to,6.280557174231113,0,0,0,21,TO,2
1,673,spin,14.918396859311326,0,0,0,22,VB,4
1,674,a,6.556670229096891,0,0,0,23,DT,1
1,675,line.,17.27452034978489,0,1,1,24,NN_.,5
1,676,'The,20.304178369368426,1,0,1,1,``_DT,4
1,677,woes,29.663126591256592,0,0,0,2,NNS,4
1,678,of,5.986146708647226,0,0,0,3,IN,2
1,679,Bradford,18.886108196921203,0,0,0,4,NNP,8
1,680,are,8.669385276796898,0,0,0,5,VBP,3
1,681,ended!',31.544549583601825,0,1,1,6,VBN_._'',7
1,682,he,9.438290970210815,1,0,0,1,PRP,2
1,683,announced.,19.796636012377256,0,1,1,2,VBD_.,10
1,684,'With,24.533645379767062,1,0,1,1,``_IN,5
1,685,my,10.229271388022482,0,0,0,2,PRP$,2
1,686,own,12.092377329137417,0,0,0,3,JJ,3
1,687,hand,12.611325141125857,0,0,0,4,NN,4
1,688,I,8.339223813452126,0,0,0,5,PRP,1
1,689,have,9.010965036933804,0,0,0,6,VBP,4
1,690,slain,19.385052564218952,0,0,0,7,VBN,5
1,691,the,5.17205129965733,0,0,0,8,DT,3
1,692,boar!',43.64506342991955,0,1,1,9,NN_._'',6
1,693,"And,",17.102590828575167,1,0,1,1,"CC_,",4
1,694,with,8.014664635242958,0,0,0,2,IN,4
1,695,"that,",12.536356928490648,0,0,1,3,"DT_,",5
1,696,at,8.781250634161243,0,0,0,4,IN,2
1,697,the,5.17205129965733,0,0,0,5,DT,3
1,698,feet,14.343920117510109,0,0,0,6,NNS,4
1,699,of,5.986146708647226,0,0,0,7,IN,2
1,700,his,9.520696265560964,0,0,0,8,PRP$,3
1,701,lord,17.1699925963513,0,0,0,9,NN,4
1,702,he,9.438290970210815,0,0,0,10,PRP,2
1,703,dropped,15.497651752469924,0,0,0,11,VBD,7
1,704,the,5.17205129965733,0,0,0,12,DT,3
1,705,boar's,36.194708400023785,0,0,0,13,NN_POS,6
1,706,enormous,16.722199055538074,0,0,0,14,JJ,8
1,707,head.,17.639905118297133,0,1,1,15,NN_.,5
1,708,'Then,25.382576276471728,1,0,1,1,``_RB,5
1,709,you,8.711964911935151,0,0,0,2,PRP,3
1,710,will,9.884653019348672,0,0,0,3,MD,4
1,711,be,8.447345415772759,0,0,0,4,VB,2
1,712,"rewarded,",23.570833261816066,0,0,1,5,"VBN_,",9
1,713,as,8.340623672004352,0,0,0,6,IN,2
1,714,I,8.339223813452126,0,0,0,7,PRP,1
1,715,promised.',29.60587495104837,0,1,1,8,VBD_._'',10
1,716,'But,23.496021553046827,1,0,1,1,``_RB,4
1,717,"first,",15.775187787089155,0,0,1,2,"RB_,",6
1,718,let,12.807699838865982,0,0,0,3,VB,3
1,719,me,10.527717319335423,0,0,0,4,PRP,2
1,720,examine,15.695807689996293,0,0,0,5,VB,7
1,721,the,5.17205129965733,0,0,0,6,DT,3
1,722,head,12.743157314316427,0,0,0,7,NN,4
1,723,of,5.986146708647226,0,0,0,8,IN,2
1,724,this,8.876632627435416,0,0,0,9,DT,4
1,725,"monster,'",31.601168730159355,0,0,1,10,"NN_,_''",9
1,726,said,10.57886849101402,0,0,0,11,VBD,4
1,727,the,5.17205129965733,0,0,0,12,DT,3
1,728,Lord,15.030130980652054,0,0,0,13,NN,4
1,729,of,5.986146708647226,0,0,0,14,IN,2
1,730,the,5.17205129965733,0,0,0,15,DT,3
1,731,Manor.,24.47757614256976,0,1,1,16,NNP_.,6
1,732,To,12.738322205541518,1,0,0,1,TO,2
1,733,not,8.917353115369856,0,0,0,2,RB,3
1,734,examine,15.695807689996293,0,0,0,3,VB,7
1,735,the,5.17205129965733,0,0,0,4,DT,3
1,736,head,12.743157314316427,0,0,0,5,NN,4
1,737,in,6.713150865180346,0,0,0,6,IN,2
1,738,advance,15.365065947972973,0,0,0,7,NN,7
1,739,had,9.816722327264898,0,0,0,8,VBD,3
1,740,not,8.917353115369856,0,0,0,9,RB,3
1,741,been,10.154650775356767,0,0,0,10,VBN,4
1,742,very,11.453179973007163,0,0,0,11,RB,4
1,743,clever,17.301291449262212,0,0,0,12,JJ,6
1,744,on,8.232105999162414,0,0,0,13,IN,2
1,745,the,5.17205129965733,0,0,0,14,DT,3
1,746,part,11.872891907978971,0,0,0,15,NN,4
1,747,of,5.986146708647226,0,0,0,16,IN,2
1,748,the,5.17205129965733,0,0,0,17,DT,3
1,749,huntsman.,49.446941520907984,0,1,1,18,NN_.,9
1,750,Right,15.99510217438964,1,0,0,1,RB,5
1,751,"away,",17.693206687745448,0,0,1,2,"RB_,",5
1,752,the,5.17205129965733,0,0,0,3,DT,3
1,753,Lord,15.030130980652054,0,0,0,4,NNP,4
1,754,noticed,15.51469991588218,0,0,0,5,VBD,7
1,755,the,5.17205129965733,0,0,0,6,DT,3
1,756,tongue,16.601810972011165,0,0,0,7,NN,6
1,757,of,5.986146708647226,0,0,0,8,IN,2
1,758,the,5.17205129965733,0,0,0,9,DT,3
1,759,boar,27.361768266542654,0,0,0,10,NN,4
1,760,was,8.24568223794633,0,0,0,11,VBD,3
1,761,missing,14.796463270721745,0,0,0,12,VBG,7
1,762,and,6.2095491118355035,0,0,0,13,CC,3
1,763,"exclaimed,",23.02966111950285,0,0,1,14,"VBD_,",10
1,764,'What,22.417602338252678,0,0,1,15,``_WP,5
1,765,is,7.347528720939248,0,0,0,16,VBZ,2
1,766,this?,18.602977126467295,0,1,1,17,DT_.,5
1,767,A,10.24793691702159,1,0,0,1,DT,1
1,768,boar,27.361768266542654,0,0,0,2,NN,4
1,769,with,8.014664635242958,0,0,0,3,IN,4
1,770,no,10.387625509173944,0,0,0,4,DT,2
1,771,tongue?',31.389955629112713,0,1,1,5,NN_._'',8
1,772,He,11.093002573340865,1,0,0,1,PRP,2
1,773,looked,13.60481780339861,0,0,0,2,VBD,6
1,774,at,8.781250634161243,0,0,0,3,IN,2
1,775,the,5.17205129965733,0,0,0,4,DT,3
1,776,"huntsman,",49.56656239485889,0,0,1,5,"NN_,",9
1,777,dubiously.,40.00599169192712,0,1,1,6,RB_.,10
1,778,'How,24.016050757495154,1,0,1,1,``_WRB,4
1,779,come,12.389346740104251,0,0,0,2,VBD,4
1,780,this,8.876632627435416,0,0,0,3,DT,4
1,781,creature,16.913708257559502,0,0,0,4,NN,8
1,782,has,9.754877406931001,0,0,0,5,VBZ,3
1,783,no,10.387625509173944,0,0,0,6,DT,2
1,784,tongue?',31.389955629112713,0,1,1,7,NN_._'',8
1,785,he,9.438290970210815,1,0,0,1,PRP,2
1,786,demanded.,21.754456691226334,0,1,1,2,VBD_.,9
1,787,All,12.907433622697205,1,0,0,1,DT,3
1,788,eyes,13.442879220912676,0,0,0,2,NNS,4
1,789,were,9.396668283684079,0,0,0,3,VBD,4
1,790,on,8.232105999162414,0,0,0,4,IN,2
1,791,the,5.17205129965733,0,0,0,5,DT,3
1,792,huntsman.,49.446941520907984,0,1,1,6,NN_.,9
1,793,The,8.824079763818386,1,0,0,1,DT,3
1,794,huntsman,44.55019371692728,0,0,0,2,NN,8
1,795,questioned,17.163063722167852,0,0,0,3,VBN,10
1,796,by,8.57862391074893,0,0,0,4,IN,2
1,797,the,5.17205129965733,0,0,0,5,DT,3
1,798,Lord,15.030130980652054,0,0,0,6,NNP,4
1,799,"replied,",20.870786855822274,0,0,1,7,"VBD_,",8
1,800,'I,20.387553075182254,0,0,1,8,``_PRP,2
1,801,cannot,13.1729158035639,0,0,0,9,MD_RB,6
1,802,"say,",17.246610979397282,0,0,1,10,"VB_,",4
1,803,my,10.229271388022482,0,0,0,11,PRP$,2
1,804,Lord.',28.288931391693545,0,1,1,12,NN_._'',6
1,805,He,11.093002573340865,1,0,0,1,PRP,2
1,806,was,8.24568223794633,0,0,0,2,VBD,3
1,807,suddenly,15.535443984733654,0,0,0,3,RB,8
1,808,realizing,18.067072621197855,0,0,0,4,VBG,9
1,809,his,9.520696265560964,0,0,0,5,PRP$,3
1,810,tricky,18.1765092296118,0,0,0,6,JJ,6
1,811,situation,14.110019710559456,0,0,0,7,NN,9
1,812,could,10.893270167851,0,0,0,8,MD,5
1,813,end,12.009873466440204,0,0,0,9,VB,3
1,814,badly,16.97839194532071,0,0,0,10,RB,5
1,815,for,7.693494297163422,0,0,0,11,IN,3
1,816,him.,15.776959186518361,0,1,1,12,PRP_.,4
1,817,Through,16.77712243672808,1,0,0,1,IN,7
1,818,the,5.17205129965733,0,0,0,2,DT,3
1,819,door,13.774096398388007,0,0,0,3,NN,4
1,820,at,8.781250634161243,0,0,0,4,IN,2
1,821,this,8.876632627435416,0,0,0,5,DT,4
1,822,"moment,",18.67947613066955,0,0,1,6,"NN_,",7
1,823,the,5.17205129965733,0,0,0,7,DT,3
1,824,first,10.758819109157542,0,0,0,8,JJ,5
1,825,huntsman,44.55019371692728,0,0,0,9,NN,8
1,826,burst.,21.591235410429668,0,1,1,10,VBP_.,6
1,827,'The,20.304178369368426,1,0,1,1,``_DT,4
1,828,woes,29.663126591256592,0,0,0,2,NNS,4
1,829,of,5.986146708647226,0,0,0,3,IN,2
1,830,Bradford,18.886108196921203,0,0,0,4,NNP,8
1,831,are,8.669385276796898,0,0,0,5,VBP,3
1,832,ended!',31.544549583601825,0,1,1,6,VBN_._'',7
1,833,he,9.438290970210815,1,0,0,1,PRP,2
1,834,cried.,21.506401858479993,0,1,1,2,VBD_.,6
1,835,'I,20.387553075182254,1,0,1,1,``_PRP,2
1,836,have,9.010965036933804,0,0,0,2,VBP,4
1,837,slain,19.385052564218952,0,0,0,3,VBN,5
1,838,the,5.17205129965733,0,0,0,4,DT,3
1,839,boar,27.361768266542654,0,0,0,5,NN,4
1,840,the,5.17205129965733,0,0,0,6,DT,3
1,841,people,11.171465651218966,0,0,0,7,NNS,6
1,842,of,5.986146708647226,0,0,0,8,IN,2
1,843,Bradford,18.886108196921203,0,0,0,9,NNP,8
1,844,dreaded!',44.9344887689045,0,1,1,10,VB_._'',9
1,845,All,12.907433622697205,1,0,0,1,DT,3
1,846,eyes,13.442879220912676,0,0,0,2,NNS,4
1,847,turned,13.794584281913906,0,0,0,3,VBD,6
1,848,to,6.280557174231113,0,0,0,4,TO,2
1,849,the,5.17205129965733,0,0,0,5,DT,3
1,850,man,12.17288107728454,0,0,0,6,NN,3
1,851,who,10.440803113603465,0,0,0,7,WP,3
1,852,now,11.365912160007252,0,0,0,8,RB,3
1,853,stood,14.921616881059563,0,0,0,9,VBD,5
1,854,in,6.713150865180346,0,0,0,10,IN,2
1,855,the,5.17205129965733,0,0,0,11,DT,3
1,856,doorway.,22.982218018854102,0,1,1,12,NN_.,8
1,857,'The,20.304178369368426,1,0,1,1,``_DT,4
1,858,reward,16.657358633184742,0,0,0,2,NN,6
1,859,is,7.347528720939248,0,0,0,3,VBZ,2
1,860,already,12.84782339224946,0,0,0,4,RB,7
1,861,"given,'",26.58942482797082,0,0,1,5,"VBN_,_''",7
1,862,said,10.57886849101402,0,0,0,6,VBD,4
1,863,the,5.17205129965733,0,0,0,7,DT,3
1,864,Lord,15.030130980652054,0,0,0,8,NN,4
1,865,of,5.986146708647226,0,0,0,9,IN,2
1,866,the,5.17205129965733,0,0,0,10,DT,3
1,867,Manor.,24.47757614256976,0,1,1,11,NNP_.,6
1,868,'The,20.304178369368426,1,0,1,1,``_DT,4
1,869,man,12.17288107728454,0,0,0,2,NN,3
1,870,here,11.51848117094579,0,0,0,3,RB,4
1,871,has,9.754877406931001,0,0,0,4,VBZ,3
1,872,brought,14.044140798647497,0,0,0,5,VBN,7
1,873,to,6.280557174231113,0,0,0,6,TO,2
1,874,me,10.527717319335423,0,0,0,7,PRP,2
1,875,the,5.17205129965733,0,0,0,8,DT,3
1,876,boar's,36.194708400023785,0,0,0,9,NN_POS,6
1,877,head.',26.00195772535792,0,1,1,10,NN_._'',6
1,878,'Then,25.382576276471728,1,0,1,1,``_RB,5
1,879,where,11.018728120918755,0,0,0,2,WRB,5
1,880,is,7.347528720939248,0,0,0,3,VBZ,2
1,881,its,10.588677784406197,0,0,0,4,PRP$,3
1,882,tongue?',31.389955629112713,0,1,1,5,NN_._'',8
1,883,the,5.17205129965733,1,0,0,1,DT,3
1,884,first,10.758819109157542,0,0,0,2,JJ,5
1,885,huntsman,44.55019371692728,0,0,0,3,NN,8
1,886,replied.,20.751165981871367,0,1,1,4,VBD_.,8
1,887,"And,",17.102590828575167,1,0,1,1,"CC_,",4
1,888,so,10.292139907252675,0,0,0,2,RB,2
1,889,"saying,",19.057525187656545,0,0,1,3,"VBG_,",7
1,890,he,9.438290970210815,0,0,0,4,PRP,2
1,891,drew,16.353907979236524,0,0,0,5,VBD,4
1,892,out,10.24888073574989,0,0,0,6,RP,3
1,893,the,5.17205129965733,0,0,0,7,DT,3
1,894,boar's,36.194708400023785,0,0,0,8,NN_POS,6
1,895,tongue,16.601810972011165,0,0,0,9,NN,6
1,896,he,9.438290970210815,0,0,0,10,PRP,2
1,897,had,9.816722327264898,0,0,0,11,VBD,3
1,898,put,12.711916905175212,0,0,0,12,VBN,3
1,899,in,6.713150865180346,0,0,0,13,IN,2
1,900,his,9.520696265560964,0,0,0,14,PRP$,3
1,901,hunting,16.976523129591975,0,0,0,15,NN,7
1,902,pouch,19.099065011102258,0,0,0,16,NN,5
1,903,and,6.2095491118355035,0,0,0,17,CC,3
1,904,related,13.406207970330957,0,0,0,18,VBN,7
1,905,how,11.245386235048318,0,0,0,19,WRB,3
1,906,he,9.438290970210815,0,0,0,20,PRP,2
1,907,had,9.816722327264898,0,0,0,21,VBD,3
1,908,ambushed,35.04284001547089,0,0,0,22,VBD,8
1,909,the,5.17205129965733,0,0,0,23,DT,3
1,910,creature,16.913708257559502,0,0,0,24,NN,8
1,911,in,6.713150865180346,0,0,0,25,IN,2
1,912,the,5.17205129965733,0,0,0,26,DT,3
1,913,wood,15.428187824969925,0,0,0,27,NN,4
1,914,and,6.2095491118355035,0,0,0,28,CC,3
1,915,cut,13.87114819634693,0,0,0,29,VBD,3
1,916,out,10.24888073574989,0,0,0,30,RP,3
1,917,its,10.588677784406197,0,0,0,31,PRP$,3
1,918,tongue,16.601810972011165,0,0,0,32,NN,6
1,919,as,8.340623672004352,0,0,0,33,IN,2
1,920,proof,14.505805694248068,0,0,0,34,NN,5
1,921,of,5.986146708647226,0,0,0,35,IN,2
1,922,his,9.520696265560964,0,0,0,36,PRP$,3
1,923,victory.,20.826257894289785,0,1,1,37,NN_.,8
1,924,Listening,30.01670809909526,1,0,0,1,VBG,9
1,925,to,6.280557174231113,0,0,0,2,TO,2
1,926,the,5.17205129965733,0,0,0,3,DT,3
1,927,"tale,",22.050325263732763,0,0,1,4,"NN_,",5
1,928,the,5.17205129965733,0,0,0,5,DT,3
1,929,Lord,15.030130980652054,0,0,0,6,NN,4
1,930,of,5.986146708647226,0,0,0,7,IN,2
1,931,the,5.17205129965733,0,0,0,8,DT,3
1,932,Manor,19.580828338589054,0,0,0,9,NNP,5
1,933,tried,13.8076890548409,0,0,0,10,VBD,5
1,934,to,6.280557174231113,0,0,0,11,TO,2
1,935,discern,18.07460993942964,0,0,0,12,VB,7
1,936,which,9.57515612507219,0,0,0,13,WDT,5
1,937,huntsman,44.55019371692728,0,0,0,14,NN,8
1,938,was,8.24568223794633,0,0,0,15,VBD,3
1,939,telling,15.354327369687358,0,0,0,16,VBG,7
1,940,him,10.880211382537656,0,0,0,17,PRP,3
1,941,the,5.17205129965733,0,0,0,18,DT,3
1,942,truth,14.61661127874359,0,0,0,19,NN,5
1,943,and,6.2095491118355035,0,0,0,20,CC,3
1,944,what,10.597278888354701,0,0,0,21,WP,4
1,945,the,5.17205129965733,0,0,0,22,DT,3
1,946,two,10.629746926962948,0,0,0,23,CD,3
1,947,huntsmen,46.40203763347507,0,0,0,24,NN,8
1,948,were,9.396668283684079,0,0,0,25,VBD,4
1,949,thinking,14.353395156627446,0,0,0,26,VBG,8
1,950,as,8.340623672004352,0,0,0,27,IN,2
1,951,they,9.911507183877728,0,0,0,28,PRP,4
1,952,waited,16.51819476225259,0,0,0,29,VBD,6
1,953,for,7.693494297163422,0,0,0,30,IN,3
1,954,him,10.880211382537656,0,0,0,31,PRP,3
1,955,to,6.280557174231113,0,0,0,32,TO,2
1,956,make,11.420941565900218,0,0,0,33,VB,4
1,957,a,6.556670229096891,0,0,0,34,DT,1
1,958,decision.,18.415905891843078,0,1,1,35,NN_.,9
1,959,Almost,17.87215309014022,1,0,0,1,RB,6
1,960,"instantly,",22.218432665747525,0,0,1,2,"RB_,",10
1,961,the,5.17205129965733,0,0,0,3,DT,3
1,962,Lord,15.030130980652054,0,0,0,4,NNP,4
1,963,saw,13.495633104836841,0,0,0,5,VBD,3
1,964,that,7.5199882505590345,0,0,0,6,IN,4
1,965,the,5.17205129965733,0,0,0,7,DT,3
1,966,second,12.078231733387621,0,0,0,8,JJ,6
1,967,huntsman,44.55019371692728,0,0,0,9,NN,8
1,968,had,9.816722327264898,0,0,0,10,VBD,3
1,969,fed,16.06308916151497,0,0,0,11,VBN,3
1,970,him,10.880211382537656,0,0,0,12,PRP,3
1,971,a,6.556670229096891,0,0,0,13,DT,1
1,972,pack,16.15567846420189,0,0,0,14,NN,4
1,973,of,5.986146708647226,0,0,0,15,IN,2
1,974,lies,15.615094200330379,0,0,0,16,NNS,4
1,975,and,6.2095491118355035,0,0,0,17,CC,3
1,976,it,8.375693258728493,0,0,0,18,PRP,2
1,977,was,8.24568223794633,0,0,0,19,VBD,3
1,978,the,5.17205129965733,0,0,0,20,DT,3
1,979,first,10.758819109157542,0,0,0,21,JJ,5
1,980,huntsman,44.55019371692728,0,0,0,22,NN,8
1,981,who,10.440803113603465,0,0,0,23,WP,3
1,982,was,8.24568223794633,0,0,0,24,VBD,3
1,983,the,5.17205129965733,0,0,0,25,DT,3
1,984,true,12.750716514086541,0,0,0,26,JJ,4
1,985,savior,32.185799772628165,0,0,0,27,NN,6
1,986,of,5.986146708647226,0,0,0,28,IN,2
1,987,Bradford.,23.78285600090191,0,1,1,29,NNP_.,9
1,988,The,8.824079763818386,1,0,0,1,DT,3
1,989,Lord,15.030130980652054,0,0,0,2,NNP,4
1,990,believed,15.042141404002589,0,0,0,3,VBD,8
1,991,the,5.17205129965733,0,0,0,4,DT,3
1,992,second,12.078231733387621,0,0,0,5,JJ,6
1,993,huntsman,44.55019371692728,0,0,0,6,NN,8
1,994,had,9.816722327264898,0,0,0,7,VBD,3
1,995,tried,13.8076890548409,0,0,0,8,VBN,5
1,996,to,6.280557174231113,0,0,0,9,TO,2
1,997,steal,17.396499478496413,0,0,0,10,VB,5
1,998,the,5.17205129965733,0,0,0,11,DT,3
1,999,first,10.758819109157542,0,0,0,12,JJ,5
1,1000,huntsman's,53.38313385040841,0,0,0,13,NN_POS,10
1,1001,prize,17.176057324276666,0,0,0,14,NN,5
1,1002,and,6.2095491118355035,0,0,0,15,CC,3
1,1003,so,10.292139907252675,0,0,0,16,RB,2
1,1004,proclaimed,18.827336939450298,0,0,0,17,VBD,10
1,1005,the,5.17205129965733,0,0,0,18,DT,3
1,1006,first,10.758819109157542,0,0,0,19,JJ,5
1,1007,huntsman,44.55019371692728,0,0,0,20,NN,8
1,1008,the,5.17205129965733,0,0,0,21,DT,3
1,1009,true,12.750716514086541,0,0,0,22,JJ,4
1,1010,victor.,34.52883340812049,0,1,1,23,NN_.,7
1,1011,The,8.824079763818386,1,0,0,1,DT,3
1,1012,Lord,15.030130980652054,0,0,0,2,NNP,4
1,1013,wondered,16.611653781157724,0,0,0,3,VBD,8
1,1014,for,7.693494297163422,0,0,0,4,IN,3
1,1015,a,6.556670229096891,0,0,0,5,DT,1
1,1016,moment,13.663107452737936,0,0,0,6,NN,6
1,1017,why,12.811796816973217,0,0,0,7,WRB,3
1,1018,he,9.438290970210815,0,0,0,8,PRP,2
1,1019,always,12.59942313223625,0,0,0,9,RB,6
1,1020,encountered,16.708875123350953,0,0,0,10,VBD,11
1,1021,so,10.292139907252675,0,0,0,11,RB,2
1,1022,much,11.661835042064435,0,0,0,12,JJ,4
1,1023,chicanery,46.226204797385904,0,0,0,13,NN,9
1,1024,in,6.713150865180346,0,0,0,14,IN,2
1,1025,his,9.520696265560964,0,0,0,15,PRP$,3
1,1026,everyday,16.80442673928329,0,0,0,16,JJ,8
1,1027,interactions.,19.84665519525149,0,1,1,17,NNS_.,13
1,1028,The,8.824079763818386,1,0,0,1,DT,3
1,1029,huntsman,44.55019371692728,0,0,0,2,NN,8
1,1030,who,10.440803113603465,0,0,0,3,WP,3
1,1031,had,9.816722327264898,0,0,0,4,VBD,3
1,1032,earned,16.372466535671204,0,0,0,5,VBN,6
1,1033,his,9.520696265560964,0,0,0,6,PRP$,3
1,1034,prize,17.176057324276666,0,0,0,7,NN,5
1,1035,fair,15.02544668033245,0,0,0,8,RB,4
1,1036,and,6.2095491118355035,0,0,0,9,CC,3
1,1037,square,15.085059384512665,0,0,0,10,RB,6
1,1038,received,13.465374452095318,0,0,0,11,VBD,8
1,1039,as,8.340623672004352,0,0,0,12,IN,2
1,1040,his,9.520696265560964,0,0,0,13,PRP$,3
1,1041,reward,16.657358633184742,0,0,0,14,NN,6
1,1042,a,6.556670229096891,0,0,0,15,DT,1
1,1043,piece,14.597428024160255,0,0,0,16,NN,5
1,1044,of,5.986146708647226,0,0,0,17,IN,2
1,1045,land,13.883486507206918,0,0,0,18,NN,4
1,1046,just,10.882719038846648,0,0,0,19,RB,4
1,1047,outside,13.697038804078616,0,0,0,20,IN,7
1,1048,the,5.17205129965733,0,0,0,21,DT,3
1,1049,"town,",19.279218903710525,0,0,1,22,"NN_,",5
1,1050,known,12.624967287282402,0,0,0,23,VBN,5
1,1051,thereafter,17.06870807900811,0,0,0,24,RB,10
1,1052,as,8.340623672004352,0,0,0,25,IN,2
1,1053,Hunt,17.822089209892162,0,0,0,26,NNP,4
1,1054,Yard.,24.13212950326601,0,1,1,27,NNP_.,5
1,1055,His,13.587430711100193,1,0,0,1,PRP$,3
1,1056,fame,17.792801658913735,0,0,0,2,NN,4
1,1057,was,8.24568223794633,0,0,0,3,VBD,3
1,1058,indeed,14.944283313097777,0,0,0,4,RB,6
1,1059,"assured,",22.146985695393948,0,0,1,5,"VBN_,",8
1,1060,but,9.64272076435627,0,0,0,6,CC,3
1,1061,it,8.375693258728493,0,0,0,7,PRP,2
1,1062,was,8.24568223794633,0,0,0,8,VBD,3
1,1063,not,8.917353115369856,0,0,0,9,RB,3
1,1064,nearly,14.401965953661094,0,0,0,10,RB,6
1,1065,as,8.340623672004352,0,0,0,11,RB,2
1,1066,lasting,17.562677621887307,0,0,0,12,JJ,7
1,1067,as,8.340623672004352,0,0,0,13,IN,2
1,1068,that,7.5199882505590345,0,0,0,14,DT,4
1,1069,of,5.986146708647226,0,0,0,15,IN,2
1,1070,the,5.17205129965733,0,0,0,16,DT,3
1,1071,fearsome,30.393158928552314,0,0,0,17,JJ,8
1,1072,Bradford,18.886108196921203,0,0,0,18,NNP,8
1,1073,Boar.,32.179247140978816,0,1,1,19,NNP_.,5
2,1,A,9.848847037435739,1,0,0,1,DT,1
2,2,clear,13.317894421795526,0,0,0,2,JJ,5
2,3,and,6.2095491118355035,0,0,0,3,CC,3
2,4,joyous,29.576338291704136,0,0,0,4,JJ,6
2,5,day,11.999020405453908,0,0,0,5,NN,3
2,6,it,8.375693258728493,0,0,0,6,PRP,2
2,7,was,8.24568223794633,0,0,0,7,VBD,3
2,8,and,6.2095491118355035,0,0,0,8,CC,3
2,9,out,10.24888073574989,0,0,0,9,IN,3
2,10,on,8.232105999162414,0,0,0,10,IN,2
2,11,the,5.17205129965733,0,0,0,11,DT,3
2,12,wide,14.348332505894877,0,0,0,12,JJ,4
2,13,open,12.847194353466698,0,0,0,13,JJ,4
2,14,"sea,",19.912137472798477,0,0,1,14,"NN_,",4
2,15,thousands,15.114274534195982,0,0,0,15,NNS,9
2,16,upon,12.898579282257913,0,0,0,16,IN,4
2,17,thousands,15.114274534195982,0,0,0,17,NNS,9
2,18,of,5.986146708647226,0,0,0,18,IN,2
2,19,sparkling,19.253263158703813,0,0,0,19,JJ,9
2,20,water,12.529994560925893,0,0,0,20,NN,5
2,21,"drops,",21.860463970779964,0,0,1,21,"NNS_,",6
2,22,excited,15.671834153537013,0,0,0,22,VBN,7
2,23,by,8.57862391074893,0,0,0,23,IN,2
2,24,getting,13.453527758955854,0,0,0,24,VBG,7
2,25,to,6.280557174231113,0,0,0,25,TO,2
2,26,play,13.093409474857072,0,0,0,26,VB,4
2,27,in,6.713150865180346,0,0,0,27,IN,2
2,28,the,5.17205129965733,0,0,0,28,DT,3
2,29,"ocean,",21.469495875782755,0,0,1,29,"NN_,",6
2,30,danced,18.926241648306714,0,0,0,30,VBN,6
2,31,all,9.763833843216453,0,0,0,31,RB,3
2,32,around.,16.982702762370486,0,1,1,32,RB_.,7
2,33,One,13.254498170015268,1,0,0,1,CD,3
2,34,of,5.986146708647226,0,0,0,2,IN,2
2,35,these,10.85037442666533,0,0,0,3,DT,5
2,36,was,8.24568223794633,0,0,0,4,VBD,3
2,37,a,6.556670229096891,0,0,0,5,DT,1
2,38,merry,19.375258422177406,0,0,0,6,JJ,5
2,39,little,12.310603251626194,0,0,0,7,JJ,6
2,40,fellow,15.650109784729498,0,0,0,8,NN,6
2,41,named,14.44678991980691,0,0,0,9,VBN,5
2,42,"Aqua,",32.26037702064696,0,0,1,10,"NNP_,",5
2,43,who,10.440803113603465,0,0,0,11,WP,3
2,44,danced,18.926241648306714,0,0,0,12,VBN,6
2,45,on,8.232105999162414,0,0,0,13,IN,2
2,46,the,5.17205129965733,0,0,0,14,DT,3
2,47,silver,15.829930431188377,0,0,0,15,JJ,6
2,48,backs,17.674913124635,0,0,0,16,NNS,5
2,49,of,5.986146708647226,0,0,0,17,IN,2
2,50,the,5.17205129965733,0,0,0,18,DT,3
2,51,fishes,19.62994712636484,0,0,0,19,NNS,6
2,52,as,8.340623672004352,0,0,0,20,IN,2
2,53,they,9.911507183877728,0,0,0,21,PRP,4
2,54,plunged,19.083654482127713,0,0,0,22,VBD,7
2,55,up,10.382393736990075,0,0,0,23,RB,2
2,56,and,6.2095491118355035,0,0,0,24,CC,3
2,57,down,11.728947275254644,0,0,0,25,RB,4
2,58,in,6.713150865180346,0,0,0,26,IN,2
2,59,the,5.17205129965733,0,0,0,27,DT,3
2,60,"waves,",20.955528938274412,0,0,1,28,"NNS_,",6
2,61,"and,",11.225917789767117,0,0,1,29,"CC_,",4
2,62,no,10.387625509173944,0,0,0,30,DT,2
2,63,matter,13.230462015159738,0,0,0,31,NN,6
2,64,how,11.245386235048318,0,0,0,32,WRB,3
2,65,high,11.744305671559701,0,0,0,33,RB,4
2,66,he,9.438290970210815,0,0,0,34,PRP,2
2,67,"sprung,",35.51154134949278,0,0,1,35,"VBD_,",7
2,68,he,9.438290970210815,0,0,0,36,PRP,2
2,69,always,12.59942313223625,0,0,0,37,RB,6
2,70,came,12.886598870789097,0,0,0,38,VBD,4
2,71,down,11.728947275254644,0,0,0,39,RB,4
2,72,again,12.45618531535958,0,0,0,40,RB,5
2,73,into,10.48069811501334,0,0,0,41,IN,4
2,74,his,9.520696265560964,0,0,0,42,PRP$,3
2,75,mother's,22.55658371278734,0,0,0,43,NN_POS,8
2,76,lap.,22.07987997578624,0,1,1,44,NN_.,4
2,77,His,13.587430711100193,1,0,0,1,PRP$,3
2,78,"mother,",18.740012257237822,0,0,1,2,"NN_,",7
2,79,you,8.711964911935151,0,0,0,3,PRP,3
2,80,"know,",16.33652386786414,0,0,1,4,"VBP_,",5
2,81,was,8.24568223794633,0,0,0,5,VBD,3
2,82,the,5.17205129965733,0,0,0,6,DT,3
2,83,"ocean,",21.469495875782755,0,0,1,7,"NN_,",6
2,84,and,6.2095491118355035,0,0,0,8,CC,3
2,85,very,11.453179973007163,0,0,0,9,RB,4
2,86,beautiful,14.786819965265028,0,0,0,10,JJ,9
2,87,she,10.66154210357584,0,0,0,11,PRP,3
2,88,looked,13.60481780339861,0,0,0,12,VBD,6
2,89,that,7.5199882505590345,0,0,0,13,DT,4
2,90,summer,14.780341662303211,0,0,0,14,NN,6
2,91,day,11.999020405453908,0,0,0,15,NN,3
2,92,in,6.713150865180346,0,0,0,16,IN,2
2,93,her,10.137194933376698,0,0,0,17,PRP$,3
2,94,dark,14.213421189622942,0,0,0,18,JJ,4
2,95,blue,14.386957156131505,0,0,0,19,JJ,4
2,96,dress,15.939376283588338,0,0,0,20,NN,5
2,97,and,6.2095491118355035,0,0,0,21,CC,3
2,98,white,13.584652027292123,0,0,0,22,JJ,5
2,99,ruffles.,46.29451923644142,0,1,1,23,NNS_.,8
2,100,By,13.631736262578634,1,0,0,1,IN,2
2,101,and,6.2095491118355035,0,0,0,2,CC,3
2,102,"by,",13.594992588680544,0,0,1,3,"IN_,",3
2,103,the,5.17205129965733,0,0,0,4,DT,3
2,104,happy,14.546085211716154,0,0,0,5,JJ,5
2,105,water,12.529994560925893,0,0,0,6,NN,5
2,106,drop,14.930239802709853,0,0,0,7,NN,4
2,107,tired,16.27383559578672,0,0,0,8,VBD,5
2,108,of,5.986146708647226,0,0,0,9,IN,2
2,109,his,9.520696265560964,0,0,0,10,PRP$,3
2,110,"play,",18.109778152788685,0,0,1,11,"NN_,",5
2,111,and,6.2095491118355035,0,0,0,12,CC,3
2,112,looking,13.347439093871657,0,0,0,13,VBG,7
2,113,up,10.382393736990075,0,0,0,14,RP,2
2,114,to,6.280557174231113,0,0,0,15,TO,2
2,115,the,5.17205129965733,0,0,0,16,DT,3
2,116,clear,13.317894421795526,0,0,0,17,JJ,5
2,117,sky,15.576071857104065,0,0,0,18,NN,3
2,118,above,12.530678682858493,0,0,0,19,IN,5
2,119,"him,",15.896580060469269,0,0,1,20,"PRP_,",4
2,120,thought,12.816412505192044,0,0,0,21,VBD,7
2,121,he,9.438290970210815,0,0,0,22,PRP,2
2,122,would,10.257280448841584,0,0,0,23,MD,5
2,123,like,10.598838519142497,0,0,0,24,VB,4
2,124,to,6.280557174231113,0,0,0,25,TO,2
2,125,have,9.010965036933804,0,0,0,26,VB,4
2,126,a,6.556670229096891,0,0,0,27,DT,1
2,127,sail,17.895172847985236,0,0,0,28,NN,4
2,128,on,8.232105999162414,0,0,0,29,IN,2
2,129,one,9.838114205706063,0,0,0,30,CD,3
2,130,of,5.986146708647226,0,0,0,31,IN,2
2,131,the,5.17205129965733,0,0,0,32,DT,3
2,132,"white,",18.601020705223736,0,0,1,33,"JJ_,",6
2,133,marshmallow-like,65.83462373190005,0,0,0,34,JJ,16
2,134,"clouds,",21.959958476195837,0,0,1,35,"NNS_,",7
2,135,instead,13.591801916380188,0,0,0,36,RB,7
2,136,of,5.986146708647226,0,0,0,37,IN,2
2,137,spending,15.671053664922788,0,0,0,38,VBG,8
2,138,his,9.520696265560964,0,0,0,39,PRP$,3
2,139,whole,13.221047694625529,0,0,0,40,JJ,5
2,140,life,12.112130333658929,0,0,0,41,NN,4
2,141,in,6.713150865180346,0,0,0,42,IN,2
2,142,the,5.17205129965733,0,0,0,43,DT,3
2,143,ocean.,21.349875001831847,0,1,1,44,NN_.,6
2,144,Of,14.421963638264693,1,0,0,1,IN,2
2,145,the,5.17205129965733,0,0,0,2,DT,3
2,146,"sky,",20.592440535035678,0,0,1,3,"NN_,",4
2,147,little,12.310603251626194,0,0,0,4,JJ,6
2,148,Aqua,27.24400834271535,0,0,0,5,NNS,4
2,149,had,9.816722327264898,0,0,0,6,VBD,3
2,150,always,12.59942313223625,0,0,0,7,RB,6
2,151,been,10.154650775356767,0,0,0,8,VBN,4
2,152,"afraid,",20.74289749581407,0,0,1,9,"JJ_,",7
2,153,but,9.64272076435627,0,0,0,10,CC,3
2,154,he,9.438290970210815,0,0,0,11,PRP,2
2,155,decided,14.30413223447701,0,0,0,12,VBD,7
2,156,to,6.280557174231113,0,0,0,13,TO,2
2,157,finally,14.39205671036478,0,0,0,14,RB,7
2,158,face,13.116989148538625,0,0,0,15,VB,4
2,159,his,9.520696265560964,0,0,0,16,PRP$,3
2,160,demons,18.53605233696261,0,0,0,17,NNS,6
2,161,and,6.2095491118355035,0,0,0,18,CC,3
2,162,suggested,14.523992487679909,0,0,0,19,VBD,9
2,163,a,6.556670229096891,0,0,0,20,DT,1
2,164,solution,13.412048653978815,0,0,0,21,NN,8
2,165,involving,15.345599351302688,0,0,0,22,VBG,9
2,166,the,5.17205129965733,0,0,0,23,DT,3
2,167,sun,14.882770320533606,0,0,0,24,NN,3
2,168,carrying,15.630315456879323,0,0,0,25,VBG,8
2,169,him,10.880211382537656,0,0,0,26,PRP,3
2,170,up,10.382393736990075,0,0,0,27,RP,2
2,171,to,6.280557174231113,0,0,0,28,TO,2
2,172,the,5.17205129965733,0,0,0,29,DT,3
2,173,sky,15.576071857104065,0,0,0,30,NN,3
2,174,would,10.257280448841584,0,0,0,31,MD,5
2,175,be,8.447345415772759,0,0,0,32,VB,2
2,176,ideal.,20.195284583416225,0,1,1,33,JJ_.,6
2,177,The,8.824079763818386,1,0,0,1,DT,3
2,178,sun,14.882770320533606,0,0,0,2,NN,3
2,179,understood,15.224620025987083,0,0,0,3,VBD,10
2,180,Aqua's,36.07694847619648,0,0,0,4,NNP_POS,6
2,181,request,14.085832589648863,0,0,0,5,NN,7
2,182,came,12.886598870789097,0,0,0,6,VBD,4
2,183,from,8.815789051907856,0,0,0,7,IN,4
2,184,his,9.520696265560964,0,0,0,8,PRP$,3
2,185,"heart,",18.555212412473466,0,0,1,9,"NN_,",6
2,186,so,10.292139907252675,0,0,0,10,IN,2
2,187,he,9.438290970210815,0,0,0,11,PRP,2
2,188,acquiesced,45.935647025088144,0,0,0,12,VBD,10
2,189,and,6.2095491118355035,0,0,0,13,CC,3
2,190,also,10.2982876731973,0,0,0,14,RB,4
2,191,took,12.976892749533743,0,0,0,15,VBD,4
2,192,ever,13.09071595851389,0,0,0,16,RB,4
2,193,so,10.292139907252675,0,0,0,17,RB,2
2,194,many,11.555553853436457,0,0,0,18,JJ,4
2,195,other,10.411287485854839,0,0,0,19,JJ,5
2,196,"drops,",21.860463970779964,0,0,1,20,"NNS_,",6
2,197,so,10.292139907252675,0,0,0,21,RB,2
2,198,that,7.5199882505590345,0,0,0,22,IN,4
2,199,Aqua,27.24400834271535,0,0,0,23,NNP,4
2,200,might,12.1759533185724,0,0,0,24,MD,5
2,201,not,8.917353115369856,0,0,0,25,RB,3
2,202,be,8.447345415772759,0,0,0,26,VB,2
2,203,lonesome,41.87494194482068,0,0,0,27,JJ,8
2,204,on,8.232105999162414,0,0,0,28,IN,2
2,205,the,5.17205129965733,0,0,0,29,DT,3
2,206,way.,16.265275437721005,0,1,1,30,NN_.,4
2,207,It,10.702508639150992,1,0,0,1,PRP,2
2,208,was,8.24568223794633,0,0,0,2,VBD,3
2,209,only,10.623289958781577,0,0,0,3,RB,4
2,210,the,5.17205129965733,0,0,0,4,DT,3
2,211,sun,14.882770320533606,0,0,0,5,NN,3
2,212,that,7.5199882505590345,0,0,0,6,WDT,4
2,213,knew,13.624615788883943,0,0,0,7,VBD,4
2,214,"this,",13.89300130536703,0,0,1,8,"DT_,",5
2,215,"however,",17.965647821932627,0,0,1,9,"RB_,",8
2,216,for,7.693494297163422,0,0,0,10,IN,3
2,217,all,9.763833843216453,0,0,0,11,PDT,3
2,218,the,5.17205129965733,0,0,0,12,DT,3
2,219,other,10.411287485854839,0,0,0,13,JJ,5
2,220,drops,16.84409529284835,0,0,0,14,NNS,5
2,221,had,9.816722327264898,0,0,0,15,VBD,3
2,222,been,10.154650775356767,0,0,0,16,VBN,4
2,223,changed,14.236639652358075,0,0,0,17,VBN,7
2,224,into,10.48069811501334,0,0,0,18,IN,4
2,225,fine,14.05044146055355,0,0,0,19,JJ,4
2,226,mist,17.098522129776974,0,0,0,20,NN,4
2,227,or,8.922107338283002,0,0,0,21,CC,2
2,228,vapor,17.319142561075846,0,0,0,22,NN,5
2,229,and,6.2095491118355035,0,0,0,23,CC,3
2,230,Aqua,27.24400834271535,0,0,0,24,NNP,4
2,231,could,10.893270167851,0,0,0,25,MD,5
2,232,not,8.917353115369856,0,0,0,26,RB,3
2,233,see,11.365811672580193,0,0,0,27,VB,3
2,234,them.,15.609819837378044,0,1,1,28,PRP_.,5
2,235,Do,14.426779739642797,1,0,0,1,VBP,2
2,236,you,8.711964911935151,0,0,0,2,PRP,3
2,237,know,11.320155189932528,0,0,0,3,VB,4
2,238,what,10.597278888354701,0,0,0,4,WP,4
2,239,vapor,17.319142561075846,0,0,0,5,NN,5
2,240,is?,17.073873219971127,0,1,1,6,VBZ_.,3
2,241,If,11.941681813900829,1,0,0,1,IN,2
2,242,you,8.711964911935151,0,0,0,2,PRP,3
2,243,breathe,17.696786562616154,0,0,0,3,VB,7
2,244,into,10.48069811501334,0,0,0,4,IN,4
2,245,the,5.17205129965733,0,0,0,5,DT,3
2,246,"air,",18.344841656968402,0,0,1,6,"NN_,",4
2,247,when,10.303515303910618,0,0,0,7,WRB,4
2,248,it,8.375693258728493,0,0,0,8,PRP,2
2,249,is,7.347528720939248,0,0,0,9,VBZ,2
2,250,cold,14.643291922273203,0,0,0,10,JJ,4
2,251,"enough,",17.900799172576807,0,0,1,11,"RB_,",7
2,252,you,8.711964911935151,0,0,0,12,PRP,3
2,253,will,9.884653019348672,0,0,0,13,MD,4
2,254,see,11.365811672580193,0,0,0,14,VB,3
2,255,it,8.375693258728493,0,0,0,15,PRP,2
2,256,coming,13.816760037482382,0,0,0,16,VBG,6
2,257,out,10.24888073574989,0,0,0,17,RB,3
2,258,of,5.986146708647226,0,0,0,18,IN,2
2,259,your,10.209775521911514,0,0,0,19,PRP$,4
2,260,mouth,15.018385155064703,0,0,0,20,NN,5
2,261,thick,15.462100148908043,0,0,0,21,RB,5
2,262,and,6.2095491118355035,0,0,0,22,CC,3
2,263,fast,14.214691179596382,0,0,0,23,RB,4
2,264,like,10.598838519142497,0,0,0,24,RB,4
2,265,steam.,21.746806089117552,0,1,1,25,NN_.,6
2,266,When,12.864300091874131,1,0,0,1,WRB,4
2,267,the,5.17205129965733,0,0,0,2,DT,3
2,268,vapor,17.319142561075846,0,0,0,3,NN,5
2,269,is,7.347528720939248,0,0,0,4,VBZ,2
2,270,quite,13.619207822239414,0,0,0,5,RB,5
2,271,near,13.62593808477629,0,0,0,6,IN,4
2,272,the,5.17205129965733,0,0,0,7,DT,3
2,273,"earth,",20.14821798975542,0,0,1,8,"NN_,",6
2,274,we,9.393249661109394,0,0,0,9,PRP,2
2,275,call,12.96118336811007,0,0,0,10,VBP,4
2,276,it,8.375693258728493,0,0,0,11,PRP,2
2,277,'fog'.,49.65683632661585,0,1,1,12,``_JJ_''_.,6
2,278,Into,19.033973886688457,1,0,0,1,IN,4
2,279,vapor,17.319142561075846,0,0,0,2,NN,5
2,280,the,5.17205129965733,0,0,0,3,DT,3
2,281,water,12.529994560925893,0,0,0,4,NN,5
2,282,drops,16.84409529284835,0,0,0,5,NNS,5
2,283,that,7.5199882505590345,0,0,0,6,WDT,4
2,284,danced,18.926241648306714,0,0,0,7,VBD,6
2,285,in,6.713150865180346,0,0,0,8,IN,2
2,286,the,5.17205129965733,0,0,0,9,DT,3
2,287,ocean,16.453127197851142,0,0,0,10,NN,5
2,288,had,9.816722327264898,0,0,0,11,VBD,3
2,289,been,10.154650775356767,0,0,0,12,VBN,4
2,290,"changed,",19.25300833028969,0,0,1,13,"VBN_,",8
2,291,because,11.238178964590961,0,0,0,14,IN,7
2,292,in,6.713150865180346,0,0,0,15,IN,2
2,293,their,10.026103707581193,0,0,0,16,PRP$,5
2,294,own,12.092377329137417,0,0,0,17,JJ,3
2,295,shape,14.5926792355314,0,0,0,18,NN,5
2,296,they,9.911507183877728,0,0,0,19,PRP,4
2,297,were,9.396668283684079,0,0,0,20,VBD,4
2,298,too,12.118211762950164,0,0,0,21,RB,3
2,299,heavy,14.695368668066024,0,0,0,22,JJ,5
2,300,for,7.693494297163422,0,0,0,23,IN,3
2,301,the,5.17205129965733,0,0,0,24,DT,3
2,302,sunbeams,43.81195018199199,0,0,0,25,NNS,8
2,303,that,7.5199882505590345,0,0,0,26,WDT,4
2,304,the,5.17205129965733,0,0,0,27,DT,3
2,305,sun,14.882770320533606,0,0,0,28,NN,3
2,306,let,12.807699838865982,0,0,0,29,VBD,3
2,307,out,10.24888073574989,0,0,0,30,RB,3
2,308,to,6.280557174231113,0,0,0,31,TO,2
2,309,carry.,19.878605121921545,0,1,1,32,VB_.,6
2,310,Higher,17.786356003150516,1,0,0,1,RBR,6
2,311,and,6.2095491118355035,0,0,0,2,CC,3
2,312,higher,12.85515990755328,0,0,0,3,RBR,6
2,313,they,9.911507183877728,0,0,0,4,PRP,4
2,314,"sailed,",23.596119020829814,0,0,1,5,"VBD_,",7
2,315,and,6.2095491118355035,0,0,0,6,CC,3
2,316,though,12.843604331043483,0,0,0,7,IN,6
2,317,it,8.375693258728493,0,0,0,8,PRP,2
2,318,was,8.24568223794633,0,0,0,9,VBD,3
2,319,"grand,",20.44599915540866,0,0,1,10,"JJ_,",6
2,320,Aqua,27.24400834271535,0,0,0,11,NNP,4
2,321,and,6.2095491118355035,0,0,0,12,CC,3
2,322,his,9.520696265560964,0,0,0,13,PRP$,3
2,323,friends,13.977869043027074,0,0,0,14,NNS,7
2,324,were,9.396668283684079,0,0,0,15,VBD,4
2,325,like,10.598838519142497,0,0,0,16,IN,4
2,326,fish,15.138150593290952,0,0,0,17,NN,4
2,327,out,10.24888073574989,0,0,0,18,RB,3
2,328,of,5.986146708647226,0,0,0,19,IN,2
2,329,"water,",17.546363238857506,0,0,1,20,"NN_,",6
2,330,so,10.292139907252675,0,0,0,21,IN,2
2,331,they,9.911507183877728,0,0,0,22,PRP,4
2,332,grew,15.646230068993056,0,0,0,23,VBD,4
2,333,quite,13.619207822239414,0,0,0,24,RB,5
2,334,dizzy.,38.52101450795759,0,1,1,25,JJ_.,6
2,335,They,12.247424622708692,1,0,0,1,PRP,4
2,336,enjoyed,16.17248208270683,0,0,0,2,VBD,7
2,337,looking,13.347439093871657,0,0,0,3,VBG,7
2,338,down,11.728947275254644,0,0,0,4,RB,4
2,339,on,8.232105999162414,0,0,0,5,IN,2
2,340,the,5.17205129965733,0,0,0,6,DT,3
2,341,world,12.279708713631408,0,0,0,7,NN,5
2,342,"below,",18.294410119366965,0,0,1,8,"JJ_,",6
2,343,while,11.735577870255007,0,0,0,9,IN,5
2,344,the,5.17205129965733,0,0,0,10,DT,3
2,345,wind,14.907297269019246,0,0,0,11,NN,4
2,346,scattered,17.11647879113856,0,0,0,12,VBN,9
2,347,them,10.713072033397339,0,0,0,13,PRP,4
2,348,across,13.078926916031726,0,0,0,14,IN,6
2,349,the,5.17205129965733,0,0,0,15,DT,3
2,350,four,12.687893336857279,0,0,0,16,CD,4
2,351,corners,17.271838206438115,0,0,0,17,NNS,7
2,352,of,5.986146708647226,0,0,0,18,IN,2
2,353,the,5.17205129965733,0,0,0,19,DT,3
2,354,"earth,",20.14821798975542,0,0,1,20,"NN_,",6
2,355,but,9.64272076435627,0,0,0,21,CC,3
2,356,after,10.950222297746166,0,0,0,22,IN,5
2,357,a,6.556670229096891,0,0,0,23,DT,1
2,358,while,11.735577870255007,0,0,0,24,NN,5
2,359,it,8.375693258728493,0,0,0,25,PRP,2
2,360,grew,15.646230068993056,0,0,0,26,VBD,4
2,361,nearly,14.401965953661094,0,0,0,27,RB,6
2,362,time,10.33123308744883,0,0,0,28,NN,4
2,363,for,7.693494297163422,0,0,0,29,IN,3
2,364,the,5.17205129965733,0,0,0,30,DT,3
2,365,sun,14.882770320533606,0,0,0,31,NN,3
2,366,to,6.280557174231113,0,0,0,32,TO,2
2,367,go,11.844842323862729,0,0,0,33,VB,2
2,368,to,6.280557174231113,0,0,0,34,TO,2
2,369,bed.,19.306582499573228,0,1,1,35,NN_.,4
2,370,He,11.093002573340865,1,0,0,1,PRP,2
2,371,became,13.729972111557817,0,0,0,2,VBD,6
2,372,very,11.453179973007163,0,0,0,3,RB,4
2,373,red,13.628552028445725,0,0,0,4,JJ,3
2,374,in,6.713150865180346,0,0,0,5,IN,2
2,375,the,5.17205129965733,0,0,0,6,DT,3
2,376,"face,",18.133357826470238,0,0,1,7,"NN_,",5
2,377,and,6.2095491118355035,0,0,0,8,CC,3
2,378,began,13.744818247057847,0,0,0,9,VBD,5
2,379,to,6.280557174231113,0,0,0,10,TO,2
2,380,sink,16.971604811702502,0,0,0,11,VB,4
2,381,lower,13.112653999722141,0,0,0,12,JJR,5
2,382,and,6.2095491118355035,0,0,0,13,CC,3
2,383,"lower,",18.129022677653754,0,0,1,14,"JJR_,",6
2,384,until,12.631746353885124,0,0,0,15,IN,5
2,385,suddenly,15.535443984733654,0,0,0,16,RB,8
2,386,he,9.438290970210815,0,0,0,17,PRP,2
2,387,went,13.057769405402667,0,0,0,18,VBD,4
2,388,clear,13.317894421795526,0,0,0,19,RB,5
2,389,out,10.24888073574989,0,0,0,20,RP,3
2,390,of,5.986146708647226,0,0,0,21,IN,2
2,391,sight!,26.665552252078026,0,1,1,22,NN_.,6
2,392,Poor,18.349365502905318,1,0,0,1,NNP,4
2,393,little,12.310603251626194,0,0,0,2,JJ,6
2,394,"Aqua,",32.26037702064696,0,0,1,3,"NN_,",5
2,395,frightened,18.037137667549015,0,0,0,4,VBN,10
2,396,by,8.57862391074893,0,0,0,5,IN,2
2,397,the,5.17205129965733,0,0,0,6,DT,3
2,398,impending,19.02081611360278,0,0,0,7,JJ,9
2,399,cold,14.643291922273203,0,0,0,8,NN,4
2,400,and,6.2095491118355035,0,0,0,9,CC,3
2,401,"darkness,",21.603990891441672,0,0,1,10,"NNS_,",9
2,402,wished,16.97967989745026,0,0,0,11,VBD,6
2,403,he,9.438290970210815,0,0,0,12,PRP,2
2,404,could,10.893270167851,0,0,0,13,MD,5
2,405,sleep,14.706239743964346,0,0,0,14,VB,5
2,406,not,8.917353115369856,0,0,0,15,RB,3
2,407,in,6.713150865180346,0,0,0,16,IN,2
2,408,the,5.17205129965733,0,0,0,17,DT,3
2,409,"sky,",20.592440535035678,0,0,1,18,"NN_,",4
2,410,but,9.64272076435627,0,0,0,19,CC,3
2,411,somewhere,15.725049979676605,0,0,0,20,NN,9
2,412,closer,15.418581109328361,0,0,0,21,RBR,6
2,413,to,6.280557174231113,0,0,0,22,TO,2
2,414,earth.,20.028597115804512,0,1,1,23,NN_.,6
2,415,Then,13.252496740913198,1,0,0,1,RB,4
2,416,Aqua,27.24400834271535,0,0,0,2,NNP,4
2,417,heard,13.903406883889144,0,0,0,3,VBD,5
2,418,the,5.17205129965733,0,0,0,4,DT,3
2,419,wind,14.907297269019246,0,0,0,5,NN,4
2,420,blow,16.067161136431544,0,0,0,6,VB,4
2,421,and,6.2095491118355035,0,0,0,7,CC,3
2,422,conjectured,34.27436874227461,0,0,0,8,VBD,11
2,423,that,7.5199882505590345,0,0,0,9,IN,4
2,424,maybe,14.479835176399956,0,0,0,10,RB,5
2,425,the,5.17205129965733,0,0,0,11,DT,3
2,426,wind,14.907297269019246,0,0,0,12,NN,4
2,427,could,10.893270167851,0,0,0,13,MD,5
2,428,take,11.95328976765742,0,0,0,14,VB,4
2,429,him,10.880211382537656,0,0,0,15,PRP,3
2,430,back,11.396550338104024,0,0,0,16,RB,4
2,431,down,11.728947275254644,0,0,0,17,RB,4
2,432,to,6.280557174231113,0,0,0,18,TO,2
2,433,the,5.17205129965733,0,0,0,19,DT,3
2,434,ocean.,21.349875001831847,0,1,1,20,NN_.,6
2,435,"Indeed,",20.502252395665863,1,0,1,1,"RB_,",7
2,436,the,5.17205129965733,0,0,0,2,DT,3
2,437,wind,14.907297269019246,0,0,0,3,NN,4
2,438,took,12.976892749533743,0,0,0,4,VBD,4
2,439,pity,18.02093041092115,0,0,0,5,NN,4
2,440,on,8.232105999162414,0,0,0,6,IN,2
2,441,him,10.880211382537656,0,0,0,7,PRP,3
2,442,and,6.2095491118355035,0,0,0,8,CC,3
2,443,fanned,29.297348852577027,0,0,0,9,VBD,6
2,444,"him,",15.896580060469269,0,0,1,10,"PRP_,",4
2,445,together,13.011519482580432,0,0,0,11,RB,8
2,446,with,8.014664635242958,0,0,0,12,IN,4
2,447,all,9.763833843216453,0,0,0,13,DT,3
2,448,of,5.986146708647226,0,0,0,14,IN,2
2,449,his,9.520696265560964,0,0,0,15,PRP$,3
2,450,brothers,16.49001920922744,0,0,0,16,NNS,8
2,451,and,6.2095491118355035,0,0,0,17,CC,3
2,452,"sisters,",22.291222747315704,0,0,1,18,"NNS_,",8
2,453,into,10.48069811501334,0,0,0,19,IN,4
2,454,a,6.556670229096891,0,0,0,20,DT,1
2,455,heavy,14.695368668066024,0,0,0,21,JJ,5
2,456,gray,16.271671598753546,0,0,0,22,JJ,4
2,457,"cloud,",20.665126660732575,0,0,1,23,"NN_,",6
2,458,after,10.950222297746166,0,0,0,24,IN,5
2,459,which,9.57515612507219,0,0,0,25,WDT,5
2,460,he,9.438290970210815,0,0,0,26,PRP,2
2,461,blew,17.83799069881883,0,0,0,27,VBD,4
2,462,them,10.713072033397339,0,0,0,28,PRP,4
2,463,apart,15.484216288101276,0,0,0,29,RB,5
2,464,and,6.2095491118355035,0,0,0,30,CC,3
2,465,told,12.864458400149847,0,0,0,31,VBD,4
2,466,them,10.713072033397339,0,0,0,32,PRP,4
2,467,to,6.280557174231113,0,0,0,33,TO,2
2,468,hurry,17.80893437211532,0,0,0,34,VB,5
2,469,"down,",16.745315953186257,0,0,1,35,"RB_,",5
2,470,fast,14.214691179596382,0,0,0,36,RB,4
2,471,and,6.2095491118355035,0,0,0,37,CC,3
2,472,furious,18.487466206678157,0,0,0,38,RB,7
2,473,to,6.280557174231113,0,0,0,39,TO,2
2,474,the,5.17205129965733,0,0,0,40,DT,3
2,475,"earth,",20.14821798975542,0,0,1,41,"NN_,",6
2,476,so,10.292139907252675,0,0,0,42,IN,2
2,477,they,9.911507183877728,0,0,0,43,PRP,4
2,478,could,10.893270167851,0,0,0,44,MD,5
2,479,have,9.010965036933804,0,0,0,45,VB,4
2,480,a,6.556670229096891,0,0,0,46,DT,1
2,481,fighting,15.576380489331044,0,0,0,47,VBG,8
2,482,chance,14.40954287509933,0,0,0,48,NN,6
2,483,of,5.986146708647226,0,0,0,49,IN,2
2,484,reaching,16.090760196920424,0,0,0,50,VBG,8
2,485,the,5.17205129965733,0,0,0,51,DT,3
2,486,ocean.,21.349875001831847,0,1,1,52,NN_.,6
2,487,Down,16.64431392552317,1,0,0,1,RB,4
2,488,they,9.911507183877728,0,0,0,2,PRP,4
2,489,"went,",18.07413808333428,0,0,1,3,"VBD_,",5
2,490,rolling,16.691382538527225,0,0,0,4,VBG,7
2,491,over,10.810818724204807,0,0,0,5,IN,4
2,492,each,11.317540876192414,0,0,0,6,DT,4
2,493,other,10.411287485854839,0,0,0,7,JJ,5
2,494,until,12.631746353885124,0,0,0,8,IN,5
2,495,with,8.014664635242958,0,0,0,9,IN,4
2,496,a,6.556670229096891,0,0,0,10,DT,1
2,497,patter,21.99620287677631,0,0,0,11,NN,6
2,498,and,6.2095491118355035,0,0,0,12,CC,3
2,499,clatter,30.333548388644296,0,0,0,13,NN,7
2,500,and,6.2095491118355035,0,0,0,14,CC,3
2,501,spatter,29.91860322469362,0,0,0,15,NN,7
2,502,they,9.911507183877728,0,0,0,16,PRP,4
2,503,touched,16.684454420327548,0,0,0,17,VBD,7
2,504,the,5.17205129965733,0,0,0,18,DT,3
2,505,"ground,",18.723146719618278,0,0,1,19,"NN_,",7
2,506,and,6.2095491118355035,0,0,0,20,CC,3
2,507,all,9.763833843216453,0,0,0,21,PDT,3
2,508,the,5.17205129965733,0,0,0,22,DT,3
2,509,people,11.171465651218966,0,0,0,23,NNS,6
2,510,that,7.5199882505590345,0,0,0,24,WPD,4
2,511,the,5.17205129965733,0,0,0,25,DT,3
2,512,raindrops,47.508378615456145,0,0,0,26,NNS,9
2,513,fell,15.021437714545819,0,0,0,27,VBD,4
2,514,on,8.232105999162414,0,0,0,28,RP,2
2,515,"cried,",21.6260227324309,0,0,1,29,"VBD_,",6
2,516,'It's,31.240405871379874,0,0,1,30,``_PRP_VBZ,5
2,517,"raining',",42.46764215099667,0,0,1,31,"VBG_''_,",9
2,518,and,6.2095491118355035,0,0,0,32,CC,3
2,519,took,12.976892749533743,0,0,0,33,VBD,4
2,520,out,10.24888073574989,0,0,0,34,RP,3
2,521,their,10.026103707581193,0,0,0,35,PRP$,5
2,522,umbrellas.,50.85731808294689,0,1,1,36,NNS_.,10
2,523,Some,14.126365286417489,1,0,0,1,DT,4
2,524,of,5.986146708647226,0,0,0,2,IN,2
2,525,the,5.17205129965733,0,0,0,3,DT,3
2,526,drops,16.84409529284835,0,0,0,4,NNS,5
2,527,that,7.5199882505590345,0,0,0,5,WDT,4
2,528,were,9.396668283684079,0,0,0,6,VBD,4
2,529,the,5.17205129965733,0,0,0,7,DT,3
2,530,most,11.270487941956638,0,0,0,8,RBS,4
2,531,"fortunate,",23.156234267899368,0,0,1,9,"JJ_,",10
2,532,including,12.367262387067662,0,0,0,10,VBG,9
2,533,"Aqua,",32.26037702064696,0,0,1,11,"NNP_,",5
2,534,fell,15.021437714545819,0,0,0,12,VBD,4
2,535,on,8.232105999162414,0,0,0,13,IN,2
2,536,a,6.556670229096891,0,0,0,14,DT,1
2,537,"mountainside,",35.322685729492996,0,0,1,15,"NN_,",13
2,538,and,6.2095491118355035,0,0,0,16,CC,3
2,539,down,11.728947275254644,0,0,0,17,IN,4
2,540,the,5.17205129965733,0,0,0,18,DT,3
2,541,rocky,18.585334311918796,0,0,0,19,JJ,5
2,542,cliff,18.22815875038974,0,0,0,20,NN,5
2,543,they,9.911507183877728,0,0,0,21,PRP,4
2,544,ran.,19.8324318417615,0,1,1,22,VBD_.,4
2,545,Together,17.42739034090789,1,0,0,1,RB,8
2,546,they,9.911507183877728,0,0,0,2,PRP,4
2,547,plunged,19.083654482127713,0,0,0,3,VBD,7
2,548,into,10.48069811501334,0,0,0,4,IN,4
2,549,a,6.556670229096891,0,0,0,5,DT,1
2,550,mountain,16.125489404957637,0,0,0,6,NN,8
2,551,"brook,",35.23239273611399,0,0,1,7,"NN_,",6
2,552,which,9.57515612507219,0,0,0,8,WDT,5
2,553,came,12.886598870789097,0,0,0,9,VBD,4
2,554,foaming,32.98987515849507,0,0,0,10,VBG,7
2,555,and,6.2095491118355035,0,0,0,11,CC,3
2,556,dashing,28.102385004603335,0,0,0,12,VBG,7
2,557,"along,",17.951676335569758,0,0,1,13,"RB_,",6
2,558,leaping,30.676709708678413,0,0,0,14,VBG,7
2,559,over,10.810818724204807,0,0,0,15,IN,4
2,560,rocks,16.97511064770046,0,0,0,16,NNS,5
2,561,and,6.2095491118355035,0,0,0,17,CC,3
2,562,rushing,18.04725276764499,0,0,0,18,VBG,7
2,563,down,11.728947275254644,0,0,0,19,IN,4
2,564,the,5.17205129965733,0,0,0,20,DT,3
2,565,"hillside,",37.150480246562495,0,0,1,21,"NN_,",9
2,566,until,12.631746353885124,0,0,0,22,IN,5
2,567,in,6.713150865180346,0,0,0,23,IN,2
2,568,the,5.17205129965733,0,0,0,24,DT,3
2,569,valley,17.13323400648476,0,0,0,25,NN,6
2,570,below,13.278041441435352,0,0,0,26,IN,5
2,571,they,9.911507183877728,0,0,0,27,PRP,4
2,572,heard,13.903406883889144,0,0,0,28,VBD,5
2,573,the,5.17205129965733,0,0,0,29,DT,3
2,574,strangest,31.295148355631675,0,0,0,30,JJ,9
2,575,clattering,31.688575381245233,0,0,0,31,NN,10
2,576,noise.,19.7750472445246,0,1,1,32,NN_.,6
2,577,The,8.824079763818386,1,0,0,1,DT,3
2,578,little,12.310603251626194,0,0,0,2,JJ,6
2,579,water,12.529994560925893,0,0,0,3,NN,5
2,580,drops,16.84409529284835,0,0,0,4,NNS,5
2,581,were,9.396668283684079,0,0,0,5,VBD,4
2,582,then,10.843719789981037,0,0,0,6,RB,4
2,583,able,12.794351640918677,0,0,0,7,JJ,4
2,584,to,6.280557174231113,0,0,0,8,TO,2
2,585,make,11.420941565900218,0,0,0,9,VB,4
2,586,out,10.24888073574989,0,0,0,10,RP,3
2,587,a,6.556670229096891,0,0,0,11,DT,1
2,588,flour,16.561712864349925,0,0,0,12,NN,5
2,589,mill,16.471180011058475,0,0,0,13,NN,4
2,590,that,7.5199882505590345,0,0,0,14,WDT,4
2,591,was,8.24568223794633,0,0,0,15,VBD,3
2,592,standing,14.94892162756447,0,0,0,16,VBG,8
2,593,on,8.232105999162414,0,0,0,17,IN,2
2,594,the,5.17205129965733,0,0,0,18,DT,3
2,595,bank.,19.866467744217672,0,1,1,19,NN_.,5
2,596,Inside,17.943069880830784,1,0,0,1,IN,6
2,597,the,5.17205129965733,0,0,0,2,DT,3
2,598,"mill,",21.48754868899009,0,0,1,3,"NN_,",5
2,599,the,5.17205129965733,0,0,0,4,DT,3
2,600,water,12.529994560925893,0,0,0,5,NN,5
2,601,drops,16.84409529284835,0,0,0,6,NNS,5
2,602,saw,13.495633104836841,0,0,0,7,VBD,3
2,603,two,10.629746926962948,0,0,0,8,CD,3
2,604,great,12.49183345875402,0,0,0,9,JJ,5
2,605,"stones,",22.13873383062511,0,0,1,10,"NNS_,",7
2,606,which,9.57515612507219,0,0,0,11,WDT,5
2,607,the,5.17205129965733,0,0,0,12,DT,3
2,608,big,13.249197867766782,0,0,0,13,JJ,3
2,609,wheel,15.977845468343766,0,0,0,14,NN,5
2,610,kept,14.451016810608596,0,0,0,15,VBD,4
2,611,whizzing,46.61096266322457,0,0,0,16,VBG,8
2,612,round,14.427182044767989,0,0,0,17,IN,5
2,613,and,6.2095491118355035,0,0,0,18,CC,3
2,614,round.,19.323929848748694,0,1,1,19,IN_.,6
2,615,The,8.824079763818386,1,0,0,1,DT,3
2,616,"stones,",22.13873383062511,0,0,1,2,"NNS_,",7
2,617,smoothed,19.15360932875069,0,0,0,3,VBN,8
2,618,by,8.57862391074893,0,0,0,4,IN,2
2,619,the,5.17205129965733,0,0,0,5,DT,3
2,620,"spinning,",22.836626677415783,0,0,1,6,"NN_,",9
2,621,were,9.396668283684079,0,0,0,7,VBD,4
2,622,busy,15.89382207356201,0,0,0,8,JJ,4
2,623,grinding,18.430757545976046,0,0,0,9,VBG,8
2,624,the,5.17205129965733,0,0,0,10,DT,3
2,625,wheat,17.14423516449458,0,0,0,11,NN,5
2,626,into,10.48069811501334,0,0,0,12,IN,4
2,627,flour,16.561712864349925,0,0,0,13,NN,5
2,628,and,6.2095491118355035,0,0,0,14,CC,3
2,629,the,5.17205129965733,0,0,0,15,DT,3
2,630,corn,16.64893903311892,0,0,0,16,NN,4
2,631,into,10.48069811501334,0,0,0,17,IN,4
2,632,golden,16.6577318083138,0,0,0,18,JJ,6
2,633,meal.,21.144629903873508,0,1,1,19,NN_.,5
2,634,But,11.89907815592499,1,0,0,1,CC,3
2,635,what,10.597278888354701,0,0,0,2,WDT,4
2,636,giant,16.088392725112353,0,0,0,3,NN,5
2,637,do,10.414961517463322,0,0,0,4,VBP,2
2,638,you,8.711964911935151,0,0,0,5,PRP,3
2,639,suppose,15.746766987618539,0,0,0,6,VB,7
2,640,it,8.375693258728493,0,0,0,7,PRP,2
2,641,was,8.24568223794633,0,0,0,8,VBD,3
2,642,who,10.440803113603465,0,0,0,9,WP,3
2,643,could,10.893270167851,0,0,0,10,MD,5
2,644,turn,13.543752363044629,0,0,0,11,VB,4
2,645,and,6.2095491118355035,0,0,0,12,CC,3
2,646,swing,17.102913255355258,0,0,0,13,VB,5
2,647,that,7.5199882505590345,0,0,0,14,DT,4
2,648,tremendous,17.400783990270913,0,0,0,15,JJ,10
2,649,wheel?,25.704189967375644,0,1,1,16,NN_.,6
2,650,No,12.395263643124455,1,0,0,1,DT,2
2,651,giant,16.088392725112353,0,0,0,2,NN,5
2,652,at,8.781250634161243,0,0,0,3,IN,2
2,653,all.,14.660581647197159,0,1,1,4,DT_.,4
2,654,It,10.702508639150992,1,0,0,1,PRP,2
2,655,was,8.24568223794633,0,0,0,2,VBD,3
2,656,just,10.882719038846648,0,0,0,3,RB,4
2,657,our,10.71003955157126,0,0,0,4,PRP$,3
2,658,tiny,15.914724665194285,0,0,0,5,JJ,4
2,659,little,12.310603251626194,0,0,0,6,JJ,6
2,660,water,12.529994560925893,0,0,0,7,NN,5
2,661,"drops,",21.860463970779964,0,0,1,8,"NNS_,",6
2,662,who,10.440803113603465,0,0,0,9,WP,3
2,663,sprang,18.954169554943636,0,0,0,10,VBD,6
2,664,on,8.232105999162414,0,0,0,11,IN,2
2,665,it,8.375693258728493,0,0,0,12,PRP,2
2,666,by,8.57862391074893,0,0,0,13,IN,2
2,667,hundreds,15.516372760014118,0,0,0,14,NNS,8
2,668,and,6.2095491118355035,0,0,0,15,CC,3
2,669,"thousands,",20.130643212127595,0,0,1,16,"NNS_,",10
2,670,and,6.2095491118355035,0,0,0,17,CC,3
2,671,whirled,34.9691705375964,0,0,0,18,VBD,7
2,672,it,8.375693258728493,0,0,0,19,PRP,2
2,673,over,10.810818724204807,0,0,0,20,RP,4
2,674,and,6.2095491118355035,0,0,0,21,CC,3
2,675,over.,15.707566528185513,0,1,1,22,RP_.,5
2,676,It,10.702508639150992,1,0,0,1,PRP,2
2,677,was,8.24568223794633,0,0,0,2,VBD,3
2,678,lucky,16.527972819642194,0,0,0,3,JJ,5
2,679,for,7.693494297163422,0,0,0,4,IN,3
2,680,the,5.17205129965733,0,0,0,5,DT,3
2,681,water,12.529994560925893,0,0,0,6,NN,5
2,682,drops,16.84409529284835,0,0,0,7,NNS,5
2,683,that,7.5199882505590345,0,0,0,8,IN,4
2,684,the,5.17205129965733,0,0,0,9,DT,3
2,685,brook,30.216024058182374,0,0,0,10,NN,5
2,686,where,11.018728120918755,0,0,0,11,WRB,5
2,687,they,9.911507183877728,0,0,0,12,PRP,4
2,688,were,9.396668283684079,0,0,0,13,VBD,4
2,689,swimming,17.054669429162782,0,0,0,14,VBG,8
2,690,next,12.42005421982443,0,0,0,15,RB,4
2,691,emptied,32.2209029004585,0,0,0,16,VBN,7
2,692,into,10.48069811501334,0,0,0,17,IN,4
2,693,a,6.556670229096891,0,0,0,18,DT,1
2,694,beautiful,14.786819965265028,0,0,0,19,JJ,9
2,695,pond,17.86601099789489,0,0,0,20,NN,4
2,696,where,11.018728120918755,0,0,0,21,WRB,5
2,697,ducks,19.35930274786604,0,0,0,22,NNS,5
2,698,and,6.2095491118355035,0,0,0,23,CC,3
2,699,geese,30.855010496705283,0,0,0,24,NNS,5
2,700,were,9.396668283684079,0,0,0,25,VBD,4
2,701,living,13.947698178169144,0,0,0,26,VBG,6
2,702,peacefully.,34.98997767999562,0,1,1,27,RB_.,11
2,703,Aqua,27.24400834271535,1,0,0,1,NNP,4
2,704,liked,15.969071980983081,0,0,0,2,VBD,5
2,705,to,6.280557174231113,0,0,0,3,TO,2
2,706,play,13.093409474857072,0,0,0,4,VB,4
2,707,hide-and-seek,59.1712383921524,0,0,0,5,NN,13
2,708,in,6.713150865180346,0,0,0,6,IN,2
2,709,this,8.876632627435416,0,0,0,7,DT,4
2,710,"pond,",22.882379675826503,0,0,1,8,"NN_,",5
2,711,and,6.2095491118355035,0,0,0,9,CC,3
2,712,it,8.375693258728493,0,0,0,10,PRP,2
2,713,was,8.24568223794633,0,0,0,11,VBD,3
2,714,his,9.520696265560964,0,0,0,12,PRP$,3
2,715,brother,14.859999733181215,0,0,0,13,NN,7
2,716,water,12.529994560925893,0,0,0,14,NN,5
2,717,drop,14.930239802709853,0,0,0,15,NN,4
2,718,who,10.440803113603465,0,0,0,16,WP,3
2,719,he,9.438290970210815,0,0,0,17,PRP,2
2,720,fooled,27.724651675821523,0,0,0,18,VBN,6
2,721,by,8.57862391074893,0,0,0,19,IN,2
2,722,swimming,17.054669429162782,0,0,0,20,VBG,8
2,723,to,6.280557174231113,0,0,0,21,TO,2
2,724,a,6.556670229096891,0,0,0,22,DT,1
2,725,big,13.249197867766782,0,0,0,23,JJ,3
2,726,pool,15.567137604924913,0,0,0,24,NN,4
2,727,of,5.986146708647226,0,0,0,25,IN,2
2,728,water,12.529994560925893,0,0,0,26,NN,5
2,729,and,6.2095491118355035,0,0,0,27,CC,3
2,730,pretending,18.614117468004075,0,0,0,28,VBG,10
2,731,to,6.280557174231113,0,0,0,29,TO,2
2,732,hide,16.035863815572366,0,0,0,30,VB,4
2,733,"there,",15.329456415218498,0,0,1,31,"RB_,",6
2,734,but,9.64272076435627,0,0,0,32,CC,3
2,735,then,10.843719789981037,0,0,0,33,RB,4
2,736,sneaking,33.25488198421978,0,0,0,34,VBG,8
2,737,under,11.42202342202987,0,0,0,35,IN,5
2,738,a,6.556670229096891,0,0,0,36,DT,1
2,739,rock,15.216291896984512,0,0,0,37,NN,4
2,740,into,10.48069811501334,0,0,0,38,IN,4
2,741,an,9.046558361117718,0,0,0,39,DT,2
2,742,obscured,19.280124817623076,0,0,0,40,JJ,8
2,743,little,12.310603251626194,0,0,0,41,JJ,6
2,744,puddle.,34.98853787613429,0,1,1,42,NN_.,7
2,745,His,13.587430711100193,1,0,0,1,PRP$,3
2,746,brother,14.859999733181215,0,0,0,2,NN,7
2,747,had,9.816722327264898,0,0,0,3,VBD,3
2,748,blatantly,35.122092309958425,0,0,0,4,RB,9
2,749,peeked,29.660199767424594,0,0,0,5,VBN,6
2,750,and,6.2095491118355035,0,0,0,6,CC,3
2,751,even,11.440265863958214,0,0,0,7,RB,4
2,752,followed,13.819407874105309,0,0,0,8,VBN,8
2,753,Aqua,27.24400834271535,0,0,0,9,NNP,4
2,754,as,8.340623672004352,0,0,0,10,IN,2
2,755,he,9.438290970210815,0,0,0,11,PRP,2
2,756,entered,14.837328819159776,0,0,0,12,VBD,7
2,757,the,5.17205129965733,0,0,0,13,DT,3
2,758,big,13.249197867766782,0,0,0,14,JJ,3
2,759,pool,15.567137604924913,0,0,0,15,NN,4
2,760,of,5.986146708647226,0,0,0,16,IN,2
2,761,"water,",17.546363238857506,0,0,1,17,"NN_,",6
2,762,so,10.292139907252675,0,0,0,18,IN,2
2,763,when,10.303515303910618,0,0,0,19,WRB,4
2,764,he,9.438290970210815,0,0,0,20,PRP,2
2,765,searched,16.92769813727745,0,0,0,21,VBD,8
2,766,there,10.313087737286885,0,0,0,22,RB,5
2,767,and,6.2095491118355035,0,0,0,23,CC,3
2,768,could,10.893270167851,0,0,0,24,MD,5
2,769,not,8.917353115369856,0,0,0,25,RB,3
2,770,find,12.108061468940654,0,0,0,26,VB,4
2,771,"him,",15.896580060469269,0,0,1,27,"PRP_,",4
2,772,he,9.438290970210815,0,0,0,28,PRP,2
2,773,was,8.24568223794633,0,0,0,29,VBD,3
2,774,extremely,15.074744892916662,0,0,0,30,RB,9
2,775,surprised,15.863510732574618,0,0,0,31,JJ,9
2,776,and,6.2095491118355035,0,0,0,32,CC,3
2,777,gave,13.802492533280088,0,0,0,33,VBD,4
2,778,up.,15.27914154097078,0,1,1,34,RP_.,3
2,779,Aqua,27.24400834271535,1,0,0,1,NNP,4
2,780,liked,15.969071980983081,0,0,0,2,VBD,5
2,781,this,8.876632627435416,0,0,0,3,DT,4
2,782,pond,17.86601099789489,0,0,0,4,NN,4
2,783,where,11.018728120918755,0,0,0,5,WRB,5
2,784,he,9.438290970210815,0,0,0,6,PRP,2
2,785,could,10.893270167851,0,0,0,7,MD,5
2,786,play,13.093409474857072,0,0,0,8,VB,4
2,787,all,9.763833843216453,0,0,0,9,DT,3
2,788,"day,",17.01538908338552,0,0,1,10,"NN_,",4
2,789,so,10.292139907252675,0,0,0,11,IN,2
2,790,he,9.438290970210815,0,0,0,12,PRP,2
2,791,stayed,16.25430415875288,0,0,0,13,VBD,6
2,792,a,6.556670229096891,0,0,0,14,DT,1
2,793,good,11.715562174867838,0,0,0,15,JJ,4
2,794,"while,",16.75194654818662,0,0,1,16,"NN_,",6
2,795,sailing,18.42146376843828,0,0,0,17,VBG,7
2,796,up,10.382393736990075,0,0,0,18,RB,2
2,797,and,6.2095491118355035,0,0,0,19,CC,3
2,798,"down,",16.745315953186257,0,0,1,20,"RB_,",5
2,799,taking,13.598300777649332,0,0,0,21,VBG,6
2,800,the,5.17205129965733,0,0,0,22,DT,3
2,801,ducks',29.364613967807397,0,0,0,23,NNS_POS,6
2,802,backs,17.674913124635,0,0,0,24,NNS,5
2,803,for,7.693494297163422,0,0,0,25,IN,3
2,804,ships,16.27462578703468,0,0,0,26,NNS,5
2,805,and,6.2095491118355035,0,0,0,27,CC,3
2,806,the,5.17205129965733,0,0,0,28,DT,3
2,807,frogs,33.1642300933283,0,0,0,29,NNS,5
2,808,for,7.693494297163422,0,0,0,30,IN,3
2,809,"horses,",21.3607732299266,0,0,1,31,"NNS_,",7
2,810,but,9.64272076435627,0,0,0,32,CC,3
2,811,after,10.950222297746166,0,0,0,33,IN,5
2,812,a,6.556670229096891,0,0,0,34,DT,1
2,813,time,10.33123308744883,0,0,0,35,NN,4
2,814,he,9.438290970210815,0,0,0,36,PRP,2
2,815,tired,16.27383559578672,0,0,0,37,VBN,5
2,816,of,5.986146708647226,0,0,0,38,IN,2
2,817,the,5.17205129965733,0,0,0,39,DT,3
2,818,dull,17.671060391468924,0,0,0,40,JJ,4
2,819,"life,",17.12849901159054,0,0,1,41,"NN_,",5
2,820,and,6.2095491118355035,0,0,0,42,CC,3
2,821,he,9.438290970210815,0,0,0,43,PRP,2
2,822,and,6.2095491118355035,0,0,0,44,CC,3
2,823,his,9.520696265560964,0,0,0,45,PRP$,3
2,824,brothers,16.49001920922744,0,0,0,46,NNS,8
2,825,floated,18.95996523147145,0,0,0,47,VBD,7
2,826,under,11.42202342202987,0,0,0,48,IN,5
2,827,a,6.556670229096891,0,0,0,49,DT,1
2,828,bridge,15.83075923027696,0,0,0,50,NN,6
2,829,for,7.693494297163422,0,0,0,51,IN,3
2,830,a,6.556670229096891,0,0,0,52,DT,1
2,831,long,11.842136076231203,0,0,0,53,JJ,4
2,832,"distance,",19.14484517905178,0,0,1,54,"NN_,",9
2,833,until,12.631746353885124,0,0,0,55,IN,5
2,834,they,9.911507183877728,0,0,0,56,PRP,4
2,835,saw,13.495633104836841,0,0,0,57,VBD,3
2,836,another,12.151965346508835,0,0,0,58,DT,7
2,837,brook,30.216024058182374,0,0,0,59,NN,5
2,838,tumbling,34.23308236272109,0,0,0,60,VBG,8
2,839,down,11.728947275254644,0,0,0,61,IN,4
2,840,a,6.556670229096891,0,0,0,62,DT,1
2,841,hillside.,37.03085937261159,0,1,1,63,NN_.,9
2,842,"'Come,",31.188055635085895,1,0,1,1,"``_VB_,",6
2,843,let's,21.640639972347113,0,0,0,2,VB_PRP,5
2,844,join,15.05503658352863,0,0,0,3,VB,4
2,845,hands!',30.194735672855465,0,1,1,4,NNS_._'',7
2,846,cried,16.609654054499288,1,0,0,1,VBD,5
2,847,Aqua,27.24400834271535,0,0,0,2,NNP,4
2,848,and,6.2095491118355035,0,0,0,3,CC,3
2,849,because,11.238178964590961,0,0,0,4,IN,7
2,850,the,5.17205129965733,0,0,0,5,DT,3
2,851,water,12.529994560925893,0,0,0,6,NN,5
2,852,drops,16.84409529284835,0,0,0,7,NNS,5
2,853,were,9.396668283684079,0,0,0,8,VBD,4
2,854,all,9.763833843216453,0,0,0,9,RB,3
2,855,"together,",18.027888160512045,0,0,1,10,"RB_,",9
2,856,overcoming,19.023561751582285,0,0,0,11,VBG,10
2,857,the,5.17205129965733,0,0,0,12,DT,3
2,858,brook,30.216024058182374,0,0,0,13,NN,5
2,859,was,8.24568223794633,0,0,0,14,VBD,3
2,860,child's,22.27209486725181,0,0,0,15,NN_POS,7
2,861,play.,17.990157278837778,0,1,1,16,NN_.,5
2,862,It,10.702508639150992,1,0,0,1,PRP,2
2,863,was,8.24568223794633,0,0,0,2,VBD,3
2,864,by,8.57862391074893,0,0,0,3,IN,2
2,865,the,5.17205129965733,0,0,0,4,DT,3
2,866,help,12.330208672487544,0,0,0,5,NN,4
2,867,of,5.986146708647226,0,0,0,6,IN,2
2,868,Aqua,27.24400834271535,0,0,0,7,NNP,4
2,869,and,6.2095491118355035,0,0,0,8,CC,3
2,870,his,9.520696265560964,0,0,0,9,PRP$,3
2,871,brothers,16.49001920922744,0,0,0,10,NNS,8
2,872,that,7.5199882505590345,0,0,0,11,IN,4
2,873,the,5.17205129965733,0,0,0,12,DT,3
2,874,bewitching,36.58818418851391,0,0,0,13,VBG,10
2,875,river,15.492556925065404,0,0,0,14,NN,5
2,876,was,8.24568223794633,0,0,0,15,VBD,3
2,877,able,12.794351640918677,0,0,0,16,JJ,4
2,878,to,6.280557174231113,0,0,0,17,TO,2
2,879,float,15.943029270171046,0,0,0,18,VB,5
2,880,heavy,14.695368668066024,0,0,0,19,JJ,5
2,881,"ships,",21.290994464966293,0,0,1,20,"NNS_,",6
2,882,though,12.843604331043483,0,0,0,21,IN,6
2,883,not,8.917353115369856,0,0,0,22,RB,3
2,884,so,10.292139907252675,0,0,0,23,RB,2
2,885,long,11.842136076231203,0,0,0,24,RB,4
2,886,ago,13.842911455665899,0,0,0,25,RB,3
2,887,it,8.375693258728493,0,0,0,26,PRP,2
2,888,was,8.24568223794633,0,0,0,27,VBD,3
2,889,only,10.623289958781577,0,0,0,28,RB,4
2,890,a,6.556670229096891,0,0,0,29,DT,1
2,891,little,12.310603251626194,0,0,0,30,JJ,6
2,892,stream.,19.942733752701297,0,1,1,31,NN_.,7
2,893,As,12.126470773808851,1,0,0,1,IN,2
2,894,the,5.17205129965733,0,0,0,2,DT,3
2,895,river,15.492556925065404,0,0,0,3,NN,5
2,896,grew,15.646230068993056,0,0,0,4,VBD,4
2,897,wider,16.652334620358054,0,0,0,5,JJR,5
2,898,and,6.2095491118355035,0,0,0,6,CC,3
2,899,he,9.438290970210815,0,0,0,7,PRP,2
2,900,could,10.893270167851,0,0,0,8,MD,5
2,901,almost,13.321123448276559,0,0,0,9,RB,6
2,902,see,11.365811672580193,0,0,0,10,VB,3
2,903,the,5.17205129965733,0,0,0,11,DT,3
2,904,"ocean,",21.469495875782755,0,0,1,12,"NN_,",6
2,905,Aqua,27.24400834271535,0,0,0,13,NNP,4
2,906,realized,15.465710848217121,0,0,0,14,VBD,8
2,907,his,9.520696265560964,0,0,0,15,PRP$,3
2,908,journey,15.774369150470388,0,0,0,16,NN,7
2,909,was,8.24568223794633,0,0,0,17,VBD,3
2,910,almost,13.321123448276559,0,0,0,18,RB,6
2,911,over,10.810818724204807,0,0,0,19,JJ,4
2,912,and,6.2095491118355035,0,0,0,20,CC,3
2,913,he,9.438290970210815,0,0,0,21,PRP,2
2,914,had,9.816722327264898,0,0,0,22,VBD,3
2,915,come,12.389346740104251,0,0,0,23,VBN,4
2,916,full,12.824616225211269,0,0,0,24,JJ,4
2,917,circle.,20.59193520066395,0,1,1,25,NN_.,7
2,918,Back,16.106407909885014,1,0,0,1,RB,4
2,919,in,6.713150865180346,0,0,0,2,IN,2
2,920,the,5.17205129965733,0,0,0,3,DT,3
2,921,"ocean,",21.469495875782755,0,0,1,4,"NN_,",6
2,922,he,9.438290970210815,0,0,0,5,PRP,2
2,923,felt,13.808886882388357,0,0,0,6,VBD,4
2,924,right,11.553197649137935,0,0,0,7,RB,5
2,925,at,8.781250634161243,0,0,0,8,IN,2
2,926,home.,17.399149588945328,0,1,1,9,NN_.,5
2,927,For,11.877498182383452,1,0,0,1,IN,3
2,928,"him,",15.896580060469269,0,0,1,2,"PRP_,",4
2,929,this,8.876632627435416,0,0,0,3,DT,4
2,930,was,8.24568223794633,0,0,0,4,VBD,3
2,931,the,5.17205129965733,0,0,0,5,DT,3
2,932,"safest,",36.23579825227331,0,0,1,6,"JJS_,",7
2,933,sweetest,28.120537004028353,0,0,0,7,JJS,8
2,934,place,12.402951275503977,0,0,0,8,NN,5
2,935,in,6.713150865180346,0,0,0,9,IN,2
2,936,the,5.17205129965733,0,0,0,10,DT,3
2,937,whole,13.221047694625529,0,0,0,11,JJ,5
2,938,wide,14.348332505894877,0,0,0,12,JJ,4
2,939,world.,17.176456517612113,0,1,1,13,NN_.,6
2,940,During,15.066432522669658,1,0,0,1,IN,6
2,941,the,5.17205129965733,0,0,0,2,DT,3
2,942,warm,15.340890285322573,0,0,0,3,JJ,4
2,943,summer,14.780341662303211,0,0,0,4,NN,6
2,944,"evenings,",23.94807975832978,0,0,1,5,"NNS_,",9
2,945,if,10.224647587236507,0,0,0,6,IN,2
2,946,you,8.711964911935151,0,0,0,7,PRP,3
2,947,take,11.95328976765742,0,0,0,8,VBP,4
2,948,a,6.556670229096891,0,0,0,9,DT,1
2,949,walk,14.61148487987586,0,0,0,10,NN,4
2,950,on,8.232105999162414,0,0,0,11,IN,2
2,951,the,5.17205129965733,0,0,0,12,DT,3
2,952,sea,14.895768794866864,0,0,0,13,NN,3
2,953,"beach,",21.254445081317815,0,0,1,14,"NN_,",6
2,954,you,8.711964911935151,0,0,0,15,PRP,3
2,955,will,9.884653019348672,0,0,0,16,MD,4
2,956,hear,14.196311843551069,0,0,0,17,VB,4
2,957,the,5.17205129965733,0,0,0,18,DT,3
2,958,gentle,17.147457101769096,0,0,0,19,JJ,6
2,959,rippling,32.17115235624007,0,0,0,20,JJ,8
2,960,swash,29.275038425014007,0,0,0,21,NN,5
2,961,of,5.986146708647226,0,0,0,22,IN,2
2,962,the,5.17205129965733,0,0,0,23,DT,3
2,963,waves,15.939160260342799,0,0,0,24,NNS,5
2,964,and,6.2095491118355035,0,0,0,25,CC,3
2,965,some,10.70366249120027,0,0,0,26,DT,4
2,966,say,12.230242301465669,0,0,0,27,VBP,3
2,967,that,7.5199882505590345,0,0,0,28,IN,4
2,968,it,8.375693258728493,0,0,0,29,PRP,2
2,969,must,11.937809330034693,0,0,0,30,MD,4
2,970,be,8.447345415772759,0,0,0,31,VB,2
2,971,the,5.17205129965733,0,0,0,32,DT,3
2,972,gurgling,41.82887607672636,0,0,0,33,VBG,8
2,973,voices,16.825598884825766,0,0,0,34,NNS,6
2,974,of,5.986146708647226,0,0,0,35,IN,2
2,975,Aqua,27.24400834271535,0,0,0,36,NNP,4
2,976,and,6.2095491118355035,0,0,0,37,CC,3
2,977,his,9.520696265560964,0,0,0,38,PRP$,3
2,978,brother,14.859999733181215,0,0,0,39,NN,7
2,979,water,12.529994560925893,0,0,0,40,NN,5
2,980,drops,16.84409529284835,0,0,0,41,NP,5
2,981,telling,15.354327369687358,0,0,0,42,VBG,7
2,982,each,11.317540876192414,0,0,0,43,DT,4
2,983,other,10.411287485854839,0,0,0,44,JJ,5
2,984,about,10.294135891377458,0,0,0,45,IN,5
2,985,their,10.026103707581193,0,0,0,46,PRP$,5
2,986,wonderful,15.768163422044498,0,0,0,47,JJ,9
2,987,journey,15.774369150470388,0,0,0,48,NN,7
2,988,around,12.085954958389781,0,0,0,49,IN,6
2,989,the,5.17205129965733,0,0,0,50,DT,3
2,990,world.,17.176456517612113,0,1,1,51,NN_.,6
3,1,It,11.724188992873788,1,0,0,1,PRP,2
3,2,was,8.24568223794633,0,0,0,2,VBD,3
3,3,cold,14.643291922273203,0,0,0,3,JJ,4
3,4,and,6.2095491118355035,0,0,0,4,CC,3
3,5,nearly,14.401965953661094,0,0,0,5,RB,6
3,6,dark,14.213421189622942,0,0,0,6,JJ,4
3,7,on,8.232105999162414,0,0,0,7,IN,2
3,8,the,5.17205129965733,0,0,0,8,DT,3
3,9,last,12.045017495502083,0,0,0,9,JJ,4
3,10,evening,15.237676193771001,0,0,0,10,NN,7
3,11,of,5.986146708647226,0,0,0,11,IN,2
3,12,the,5.17205129965733,0,0,0,12,DT,3
3,13,old,12.778866751933457,0,0,0,13,JJ,3
3,14,"year,",17.065538514333902,0,0,1,14,"NN_,",5
3,15,and,6.2095491118355035,0,0,0,15,CC,3
3,16,the,5.17205129965733,0,0,0,16,DT,3
3,17,snow,15.583387591253882,0,0,0,17,NN,4
3,18,was,8.24568223794633,0,0,0,18,VBD,3
3,19,falling,16.05827187060423,0,0,0,19,VBG,7
3,20,fast,14.214691179596382,0,0,0,20,JJ,4
3,21,and,6.2095491118355035,0,0,0,21,CC,3
3,22,furious.,23.384214010658862,0,1,1,22,JJ_.,8
3,23,A,10.24793691702159,1,0,0,1,DT,1
3,24,little,12.310603251626194,0,0,0,2,JJ,6
3,25,girl,14.411800409216628,0,0,0,3,NN,4
3,26,no,10.387625509173944,0,0,0,4,DT,2
3,27,one,9.838114205706063,0,0,0,5,NN,3
3,28,sheltered,34.70662641674989,0,0,0,6,VBD,9
3,29,from,8.815789051907856,0,0,0,7,IN,4
3,30,the,5.17205129965733,0,0,0,8,DT,3
3,31,gelid,27.67685193513113,0,0,0,9,JJ,5
3,32,air,13.328472979036789,0,0,0,10,NN,3
3,33,roamed,30.956386592490766,0,0,0,11,VBD,6
3,34,through,11.340957503730838,0,0,0,12,IN,7
3,35,the,5.17205129965733,0,0,0,13,DT,3
3,36,streets,15.943730641486201,0,0,0,14,NNS,7
3,37,with,8.014664635242958,0,0,0,15,IN,4
3,38,a,6.556670229096891,0,0,0,16,DT,1
3,39,bare,16.513724482526257,0,0,0,17,JJ,4
3,40,head,12.743157314316427,0,0,0,18,NN,4
3,41,and,6.2095491118355035,0,0,0,19,CC,3
3,42,naked,17.022909189269157,0,0,0,20,JJ,5
3,43,"feet,",19.360288795441722,0,0,1,21,"NNS_,",5
3,44,looking,13.347439093871657,0,0,0,22,VBG,7
3,45,as,8.340623672004352,0,0,0,23,RB,2
3,46,poor,14.339853534376171,0,0,0,24,JJ,4
3,47,as,8.340623672004352,0,0,0,25,IN,2
3,48,a,6.556670229096891,0,0,0,26,DT,1
3,49,church,14.932530598860719,0,0,0,27,NN,6
3,50,mouse.,19.931781765740265,0,1,1,28,NN_.,6
3,51,It's,19.535448772632122,1,0,0,1,PRP_VBZ,4
3,52,true,12.750716514086541,0,0,0,2,JJ,4
3,53,she,10.66154210357584,0,0,0,3,PRP,3
3,54,had,9.816722327264898,0,0,0,4,VBD,3
3,55,on,8.232105999162414,0,0,0,5,RP,2
3,56,a,6.556670229096891,0,0,0,6,DT,1
3,57,pair,14.606446310140559,0,0,0,7,NN,4
3,58,of,5.986146708647226,0,0,0,8,IN,2
3,59,slippers,35.978072689691,0,0,0,9,NNS,8
3,60,her,10.137194933376698,0,0,0,10,PRP$,3
3,61,mother,13.72364357930621,0,0,0,11,NN,6
3,62,had,9.816722327264898,0,0,0,12,VBD,3
3,63,once,13.031498725504989,0,0,0,13,RB,4
3,64,given,12.349004721766544,0,0,0,14,VBN,5
3,65,her,10.137194933376698,0,0,0,15,PRP,3
3,66,when,10.303515303910618,0,0,0,16,WRB,4
3,67,she,10.66154210357584,0,0,0,17,PRP,3
3,68,left,12.348388306494765,0,0,0,18,VBD,4
3,69,"home,",17.518770462896235,0,0,1,19,"NN_,",5
3,70,but,9.64272076435627,0,0,0,20,CC,3
3,71,they,9.911507183877728,0,0,0,21,PRP,4
3,72,were,9.396668283684079,0,0,0,22,VBD,4
3,73,as,8.340623672004352,0,0,0,23,IN,2
3,74,much,11.661835042064435,0,0,0,24,JJ,4
3,75,use,11.007767348641067,0,0,0,25,NN,3
3,76,to,6.280557174231113,0,0,0,26,TO,2
3,77,her,10.137194933376698,0,0,0,27,PRP,3
3,78,as,8.340623672004352,0,0,0,28,IN,2
3,79,a,6.556670229096891,0,0,0,29,DT,1
3,80,chocolate,16.7665143371621,0,0,0,30,NN,9
3,81,teapot.,45.32644056016113,0,1,1,31,NN_.,7
3,82,The,8.824079763818386,1,0,0,1,DT,3
3,83,slippers,35.978072689691,0,0,0,2,NNS,8
3,84,owned,15.806498993889303,0,0,0,3,VBN,5
3,85,by,8.57862391074893,0,0,0,4,IN,2
3,86,her,10.137194933376698,0,0,0,5,PRP$,3
3,87,mother,13.72364357930621,0,0,0,6,NN,6
3,88,were,9.396668283684079,0,0,0,7,VBD,4
3,89,so,10.292139907252675,0,0,0,8,RB,2
3,90,large,12.476577400681318,0,0,0,9,JJ,5
3,91,that,7.5199882505590345,0,0,0,10,IN,4
3,92,the,5.17205129965733,0,0,0,11,DT,3
3,93,emaciated,42.75270380901033,0,0,0,12,JJ,9
3,94,little,12.310603251626194,0,0,0,13,JJ,6
3,95,creature,16.913708257559502,0,0,0,14,NN,8
3,96,had,9.816722327264898,0,0,0,15,VBD,3
3,97,lost,13.866708639571634,0,0,0,16,VBN,4
3,98,them,10.713072033397339,0,0,0,17,PRP,4
3,99,while,11.735577870255007,0,0,0,18,IN,5
3,100,running,13.769670938943602,0,0,0,19,VBG,7
3,101,across,13.078926916031726,0,0,0,20,IN,6
3,102,the,5.17205129965733,0,0,0,21,DT,3
3,103,street,15.002718967302656,0,0,0,22,NN,6
3,104,to,6.280557174231113,0,0,0,23,TO,2
3,105,avoid,14.43887028453074,0,0,0,24,VB,5
3,106,two,10.629746926962948,0,0,0,25,CD,3
3,107,carriages,32.55207474318509,0,0,0,26,NNS,9
3,108,that,7.5199882505590345,0,0,0,27,WDT,4
3,109,were,9.396668283684079,0,0,0,28,VBD,4
3,110,rolling,16.691382538527225,0,0,0,29,VBG,7
3,111,along,12.935307657638145,0,0,0,30,RP,5
3,112,at,8.781250634161243,0,0,0,31,IN,2
3,113,a,6.556670229096891,0,0,0,32,DT,1
3,114,terrible,16.199387147676617,0,0,0,33,JJ,8
3,115,rate.,17.838739859337338,0,1,1,34,NN_.,5
3,116,One,13.254498170015268,1,0,0,1,CD,3
3,117,of,5.986146708647226,0,0,0,2,IN,2
3,118,the,5.17205129965733,0,0,0,3,DT,3
3,119,slippers,35.978072689691,0,0,0,4,NNS,8
3,120,she,10.66154210357584,0,0,0,5,PRP,3
3,121,could,10.893270167851,0,0,0,6,MD,5
3,122,not,8.917353115369856,0,0,0,7,RB,3
3,123,"find,",17.124430146872267,0,0,1,8,"VB_,",5
3,124,and,6.2095491118355035,0,0,0,9,CC,3
3,125,a,6.556670229096891,0,0,0,10,DT,1
3,126,boy,14.739645998730989,0,0,0,11,NN,3
3,127,seized,17.127167876182362,0,0,0,12,VBD,6
3,128,upon,12.898579282257913,0,0,0,13,RP,4
3,129,the,5.17205129965733,0,0,0,14,DT,3
3,130,"other,",15.427656163786452,0,0,1,15,"JJ_,",6
3,131,saying,14.041156509724932,0,0,0,16,VBG,6
3,132,that,7.5199882505590345,0,0,0,17,IN,4
3,133,he,9.438290970210815,0,0,0,18,PRP,2
3,134,could,10.893270167851,0,0,0,19,MD,5
3,135,use,11.007767348641067,0,0,0,20,VB,3
3,136,it,8.375693258728493,0,0,0,21,PRP,2
3,137,as,8.340623672004352,0,0,0,22,IN,2
3,138,a,6.556670229096891,0,0,0,23,DT,1
3,139,home,12.502401784964622,0,0,0,24,NN,4
3,140,for,7.693494297163422,0,0,0,25,IN,3
3,141,his,9.520696265560964,0,0,0,26,PRP$,3
3,142,little,12.310603251626194,0,0,0,27,JJ,6
3,143,pet,15.72162304406433,0,0,0,28,JJ,3
3,144,mouse.,19.931781765740265,0,1,1,29,NN_.,6
3,145,So,12.883963296337498,1,0,0,1,IN,2
3,146,with,8.014664635242958,0,0,0,2,IN,4
3,147,her,10.137194933376698,0,0,0,3,PRP$,3
3,148,naked,17.022909189269157,0,0,0,4,JJ,5
3,149,"feet,",19.360288795441722,0,0,1,5,"NNS_,",5
3,150,which,9.57515612507219,0,0,0,6,WDT,5
3,151,were,9.396668283684079,0,0,0,7,VBD,4
3,152,quite,13.619207822239414,0,0,0,8,RB,5
3,153,red,13.628552028445725,0,0,0,9,JJ,3
3,154,and,6.2095491118355035,0,0,0,10,CC,3
3,155,blue,14.386957156131505,0,0,0,11,JJ,4
3,156,with,8.014664635242958,0,0,0,12,IN,4
3,157,the,5.17205129965733,0,0,0,13,DT,3
3,158,"cold,",19.659660600204816,0,0,1,14,"NN_,",5
3,159,the,5.17205129965733,0,0,0,15,DT,3
3,160,little,12.310603251626194,0,0,0,16,JJ,6
3,161,girl,14.411800409216628,0,0,0,17,NN,4
3,162,went,13.057769405402667,0,0,0,18,VBD,4
3,163,"on,",13.248474677094027,0,0,1,19,"RP_,",3
3,164,wondering,16.32986747303824,0,0,0,20,VBG,9
3,165,how,11.245386235048318,0,0,0,21,WRB,3
3,166,she,10.66154210357584,0,0,0,22,PRP,3
3,167,would,10.257280448841584,0,0,0,23,MD,5
3,168,get,10.94551217426815,0,0,0,24,VB,3
3,169,through,11.340957503730838,0,0,0,25,IN,7
3,170,this,8.876632627435416,0,0,0,26,DT,4
3,171,dreadful,18.847466396501815,0,0,0,27,JJ,8
3,172,night.,18.05600487528257,0,1,1,28,NN_.,6
3,173,She,12.23137344081347,1,0,0,1,PRP,3
3,174,approached,16.589926466514576,0,0,0,2,VBD,10
3,175,an,9.046558361117718,0,0,0,3,DT,2
3,176,old,12.778866751933457,0,0,0,4,JJ,3
3,177,hovel,31.268921754071446,0,0,0,5,NN,5
3,178,she,10.66154210357584,0,0,0,6,PRP,3
3,179,had,9.816722327264898,0,0,0,7,VBD,3
3,180,used,11.055458890009728,0,0,0,8,VBN,4
3,181,as,8.340623672004352,0,0,0,9,IN,2
3,182,a,6.556670229096891,0,0,0,10,DT,1
3,183,shelter,17.161487881012636,0,0,0,11,NN,7
3,184,a,6.556670229096891,0,0,0,12,DT,1
3,185,few,12.402199019809682,0,0,0,13,JJ,3
3,186,times,12.785185829760003,0,0,0,14,NNS,5
3,187,"before,",16.49368656050132,0,0,1,15,"RB_,",7
3,188,and,6.2095491118355035,0,0,0,16,CC,3
3,189,found,11.688143035430375,0,0,0,17,VBD,5
3,190,the,5.17205129965733,0,0,0,18,DT,3
3,191,entrance,16.48483494372486,0,0,0,19,NN,8
3,192,was,8.24568223794633,0,0,0,20,VBD,3
3,193,locked.,21.27028666085235,0,1,1,21,VBN_.,7
3,194,Tough,26.80520282801069,1,0,0,1,JJ,5
3,195,luck,16.062947938888925,0,0,0,2,NN,4
3,196,for,7.693494297163422,0,0,0,3,IN,3
3,197,the,5.17205129965733,0,0,0,4,DT,3
3,198,girl!,25.59415637849231,0,1,1,5,NN_.,5
3,199,This,10.896424129402149,1,0,0,1,DT,4
3,200,day,11.999020405453908,0,0,0,2,NN,3
3,201,was,8.24568223794633,0,0,0,3,VBD,3
3,202,even,11.440265863958214,0,0,0,4,RB,4
3,203,worse,15.211972887696561,0,0,0,5,JJR,5
3,204,than,10.500242777420443,0,0,0,6,IN,4
3,205,the,5.17205129965733,0,0,0,7,DT,3
3,206,others.,18.08500920123242,0,1,1,8,NNS_.,7
3,207,No,12.395263643124455,1,0,0,1,DT,2
3,208,Good,15.296287021524527,0,0,0,2,NNP,4
3,209,Samaritan,44.00939190764393,0,0,0,3,NNP,9
3,210,had,9.816722327264898,0,0,0,4,VBD,3
3,211,given,12.349004721766544,0,0,0,5,VBN,5
3,212,her,10.137194933376698,0,0,0,6,PRP,3
3,213,even,11.440265863958214,0,0,0,7,RB,4
3,214,a,6.556670229096891,0,0,0,8,DT,1
3,215,penny.,23.71166479881671,0,1,1,9,NN_.,6
3,216,And,12.086222150643554,1,0,0,1,CC,3
3,217,she,10.66154210357584,0,0,0,2,PRP,3
3,218,had,9.816722327264898,0,0,0,3,VBD,3
3,219,no,10.387625509173944,0,0,0,4,DT,2
3,220,luck,16.062947938888925,0,0,0,5,NN,4
3,221,selling,15.9263165787678,0,0,0,6,VBG,7
3,222,any,10.749509183326555,0,0,0,7,DT,3
3,223,matches,15.96176882321538,0,0,0,8,NNS,7
3,224,that,7.5199882505590345,0,0,0,9,WDT,4
3,225,she,10.66154210357584,0,0,0,10,PRP,3
3,226,carried,14.41465076708846,0,0,0,11,VBD,7
3,227,in,6.713150865180346,0,0,0,12,IN,2
3,228,the,5.17205129965733,0,0,0,13,DT,3
3,229,old,12.778866751933457,0,0,0,14,JJ,3
3,230,apron,29.228963376849677,0,0,0,15,NN,5
3,231,her,10.137194933376698,0,0,0,16,PRP$,3
3,232,grandmother,17.443347792263623,0,0,0,17,NN,11
3,233,had,9.816722327264898,0,0,0,18,VBD,3
3,234,given,12.349004721766544,0,0,0,19,VBN,5
3,235,her.,15.033942737357403,0,1,1,20,PRP_.,4
3,236,Poor,18.349365502905318,1,0,0,1,NNP,4
3,237,little,12.310603251626194,0,0,0,2,JJ,6
3,238,"child,",18.45552341170229,0,0,1,3,"NN_,",6
3,239,she,10.66154210357584,0,0,0,4,PRP,3
3,240,looked,13.60481780339861,0,0,0,5,VBD,6
3,241,the,5.17205129965733,0,0,0,6,DT,3
3,242,picture,14.663684544701404,0,0,0,7,NN,7
3,243,of,5.986146708647226,0,0,0,8,IN,2
3,244,misery.,23.367599899635824,0,1,1,9,NN_.,7
3,245,On,13.02152490299028,1,0,0,1,IN,2
3,246,her,10.137194933376698,0,0,0,2,PRP$,3
3,247,"long,",16.858504754162816,0,0,1,3,"JJ_,",5
3,248,fair,15.02544668033245,0,0,0,4,JJ,4
3,249,"hair,",19.43122312356763,0,0,1,5,"NN_,",5
3,250,which,9.57515612507219,0,0,0,6,WDT,5
3,251,hung,16.75312323380762,0,0,0,7,VBN,4
3,252,in,6.713150865180346,0,0,0,8,IN,2
3,253,curls,30.38963244156726,0,0,0,9,NNS,5
3,254,on,8.232105999162414,0,0,0,10,IN,2
3,255,her,10.137194933376698,0,0,0,11,PRP$,3
3,256,"shoulders,",21.560915696515067,0,0,1,12,"NNS_,",10
3,257,the,5.17205129965733,0,0,0,13,DT,3
3,258,snowflakes,46.05949684330329,0,0,0,14,NNS,10
3,259,kept,14.451016810608596,0,0,0,15,VBD,4
3,260,"landing,",21.831592889567283,0,0,1,16,"VBG_,",8
3,261,but,9.64272076435627,0,0,0,17,CC,3
3,262,she,10.66154210357584,0,0,0,18,PRP,3
3,263,did,11.420835168659025,0,0,0,19,VBD,3
3,264,not,8.917353115369856,0,0,0,20,RB,3
3,265,notice,14.365545743580526,0,0,0,21,VB,6
3,266,them,10.713072033397339,0,0,0,22,PRP,4
3,267,as,8.340623672004352,0,0,0,23,IN,2
3,268,she,10.66154210357584,0,0,0,24,PRP,3
3,269,shivered,32.27231287335043,0,0,0,25,VBD,8
3,270,along.,17.83205546161885,0,1,1,26,RP_.,6
3,271,She,12.23137344081347,1,0,0,1,PRP,3
3,272,was,8.24568223794633,0,0,0,2,VBD,3
3,273,losing,15.949737383950257,0,0,0,3,VBG,6
3,274,strength,14.57005518966854,0,0,0,4,NN,8
3,275,and,6.2095491118355035,0,0,0,5,CC,3
3,276,beginning,14.515344868477829,0,0,0,6,VBG,9
3,277,to,6.280557174231113,0,0,0,7,TO,2
3,278,doubt,14.924715787003823,0,0,0,8,VB,5
3,279,she,10.66154210357584,0,0,0,9,PRP,3
3,280,could,10.893270167851,0,0,0,10,MD,5
3,281,weather,15.568327317137928,0,0,0,11,VB,7
3,282,this,8.876632627435416,0,0,0,12,DT,4
3,283,storm.,21.00939990050238,0,1,1,13,NN_.,6
3,284,It,10.702508639150992,1,0,0,1,PRP,2
3,285,was,8.24568223794633,0,0,0,2,VBD,3
3,286,New,12.403677843281319,0,0,0,3,NNP,3
3,287,"Year's,",29.885770417438163,0,0,1,4,"NNP_POS_,",7
3,288,and,6.2095491118355035,0,0,0,5,CC,3
3,289,the,5.17205129965733,0,0,0,6,DT,3
3,290,girl,14.411800409216628,0,0,0,7,NN,4
3,291,asked,13.143244557178754,0,0,0,8,VBD,5
3,292,herself,14.849710569799118,0,0,0,9,PRP,7
3,293,"why,",17.82816549490483,0,0,1,10,"WRB_,",4
3,294,as,8.340623672004352,0,0,0,11,IN,2
3,295,lights,16.041334016415057,0,0,0,12,NNS,6
3,296,shone,19.09744903233679,0,0,0,13,VBP,5
3,297,from,8.815789051907856,0,0,0,14,IN,4
3,298,every,12.270042238127363,0,0,0,15,DT,5
3,299,"window,",19.35187917420244,0,0,1,16,"NN_,",7
3,300,and,6.2095491118355035,0,0,0,17,CC,3
3,301,the,5.17205129965733,0,0,0,18,DT,3
3,302,savory,31.497407640472225,0,0,0,19,JJ,6
3,303,smell,16.551332735182665,0,0,0,20,NN,5
3,304,of,5.986146708647226,0,0,0,21,IN,2
3,305,roast,18.854191596635157,0,0,0,22,NN,5
3,306,goose,19.13530503696594,0,0,0,23,NN,5
3,307,crept,19.15526439963668,0,0,0,24,VBD,5
3,308,out,10.24888073574989,0,0,0,25,RB,3
3,309,on,8.232105999162414,0,0,0,26,IN,2
3,310,the,5.17205129965733,0,0,0,27,DT,3
3,311,"streets,",20.960099319417814,0,0,1,28,"NNS_,",8
3,312,she,10.66154210357584,0,0,0,29,PRP,3
3,313,was,8.24568223794633,0,0,0,30,VBD,3
3,314,outside,13.697038804078616,0,0,0,31,RB,7
3,315,all,9.763833843216453,0,0,0,32,RB,3
3,316,alone.,18.855537666304176,0,1,1,33,RB_.,6
3,317,"Exhausted,",49.287916058095405,1,0,1,1,"JJ_,",10
3,318,she,10.66154210357584,0,0,0,2,PRP,3
3,319,finally,14.39205671036478,0,0,0,3,RB,7
3,320,sat,14.727032201478412,0,0,0,4,VBD,3
3,321,down,11.728947275254644,0,0,0,5,RP,4
3,322,in,6.713150865180346,0,0,0,6,IN,2
3,323,a,6.556670229096891,0,0,0,7,DT,1
3,324,corner,15.207478141708748,0,0,0,8,NN,6
3,325,behind,13.602322364855635,0,0,0,9,IN,6
3,326,the,5.17205129965733,0,0,0,10,DT,3
3,327,little,12.310603251626194,0,0,0,11,JJ,6
3,328,bakery.,38.84786482303862,0,1,1,12,NN_.,7
3,329,She,12.23137344081347,1,0,0,1,PRP,3
3,330,put,12.711916905175212,0,0,0,2,VBD,3
3,331,a,6.556670229096891,0,0,0,3,DT,1
3,332,rag,18.255547626780057,0,0,0,4,NN,3
3,333,she,10.66154210357584,0,0,0,5,PRP,3
3,334,had,9.816722327264898,0,0,0,6,VBD,3
3,335,found,11.688143035430375,0,0,0,7,VBN,5
3,336,over,10.810818724204807,0,0,0,8,IN,4
3,337,her,10.137194933376698,0,0,0,9,PRP$,3
3,338,legs,15.719089467697067,0,0,0,10,NNS,4
3,339,to,6.280557174231113,0,0,0,11,TO,2
3,340,cover,14.355103473510784,0,0,0,12,VB,5
3,341,"herself,",19.86607924773073,0,0,1,13,"PRP_,",8
3,342,but,9.64272076435627,0,0,0,14,CC,3
3,343,she,10.66154210357584,0,0,0,15,PRP,3
3,344,could,10.893270167851,0,0,0,16,MD,5
3,345,not,8.917353115369856,0,0,0,17,RB,3
3,346,keep,13.090897794533806,0,0,0,18,VB,4
3,347,off,11.981015731191064,0,0,0,19,RP,3
3,348,the,5.17205129965733,0,0,0,20,DT,3
3,349,cold.,19.54003972625391,0,1,1,21,NN_.,5
3,350,The,8.824079763818386,1,0,0,1,DT,3
3,351,"girl,",19.42816908714824,0,0,1,2,"NN_,",5
3,352,who,10.440803113603465,0,0,0,3,WP,3
3,353,the,5.17205129965733,0,0,0,4,DT,3
3,354,night,13.159257071301866,0,0,0,5,NN,5
3,355,air,13.328472979036789,0,0,0,6,NN,3
3,356,had,9.816722327264898,0,0,0,7,VBD,3
3,357,completely,14.193983885859268,0,0,0,8,RB,10
3,358,"enveloped,",34.97934863369917,0,0,1,9,"VBN_,",10
3,359,dared,18.65273749217664,0,0,0,10,VBD,5
3,360,not,8.917353115369856,0,0,0,11,RB,3
3,361,go,11.844842323862729,0,0,0,12,VB,2
3,362,"home,",17.518770462896235,0,0,1,13,"NN_,",5
3,363,for,7.693494297163422,0,0,0,14,IN,3
3,364,she,10.66154210357584,0,0,0,15,PRP,3
3,365,had,9.816722327264898,0,0,0,16,VBD,3
3,366,sold,15.060594792778687,0,0,0,17,VBN,4
3,367,no,10.387625509173944,0,0,0,18,DT,2
3,368,matches.,20.858516627196085,0,1,1,19,NNS_.,8
3,369,Her,14.371999923667264,1,0,0,1,PRP$,3
3,370,father,13.793117012426123,0,0,0,2,NN,6
3,371,had,9.816722327264898,0,0,0,3,VBD,3
3,372,been,10.154650775356767,0,0,0,4,VBN,4
3,373,mean,12.708237683702595,0,0,0,5,NN,4
3,374,and,6.2095491118355035,0,0,0,6,CC,3
3,375,moody,26.92252988228012,0,0,0,7,NN,5
3,376,ever,13.09071595851389,0,0,0,8,RB,4
3,377,since,12.243405733243922,0,0,0,9,IN,5
3,378,his,9.520696265560964,0,0,0,10,PRP$,3
3,379,wife,14.264161965051667,0,0,0,11,NN,4
3,380,had,9.816722327264898,0,0,0,12,VBD,3
3,381,gone,14.39091791662737,0,0,0,13,VBN,4
3,382,to,6.280557174231113,0,0,0,14,TO,2
3,383,meet,14.221046463604022,0,0,0,15,VB,4
3,384,her,10.137194933376698,0,0,0,16,PRP$,3
3,385,Maker.,24.341298592457697,0,1,1,17,NN_.,6
3,386,He,11.093002573340865,1,0,0,1,PRP,2
3,387,would,10.257280448841584,0,0,0,2,MD,5
3,388,certainly,14.727296781325322,0,0,0,3,RB,9
3,389,beat,15.550550834155018,0,0,0,4,VB,4
3,390,"her,",15.15356361130831,0,0,1,5,"PRP_,",4
3,391,as,8.340623672004352,0,0,0,6,IN,2
3,392,he,9.438290970210815,0,0,0,7,PRP,2
3,393,has,9.754877406931001,0,0,0,8,VBZ,3
3,394,done,12.898788000513875,0,0,0,9,VBN,4
3,395,several,12.76407443131371,0,0,0,10,JJ,7
3,396,times,12.785185829760003,0,0,0,11,NNS,5
3,397,in,6.713150865180346,0,0,0,12,IN,2
3,398,the,5.17205129965733,0,0,0,13,DT,3
3,399,weeks,13.84642980405999,0,0,0,14,NNS,5
3,400,"past,",18.238539501712623,0,0,1,15,"JJ_,",5
3,401,because,11.238178964590961,0,0,0,16,IN,7
3,402,she,10.66154210357584,0,0,0,17,PRP,3
3,403,had,9.816722327264898,0,0,0,18,VBD,3
3,404,not,8.917353115369856,0,0,0,19,RB,3
3,405,earned,16.372466535671204,0,0,0,20,VBN,6
3,406,any,10.749509183326555,0,0,0,21,DT,3
3,407,money,13.1840785648903,0,0,0,22,NN,5
3,408,today.,18.419515756997466,0,1,1,23,NN_.,6
3,409,"Besides,",21.828746208461627,1,0,1,1,"RB_,",8
3,410,it,8.375693258728493,0,0,0,2,PRP,2
3,411,was,8.24568223794633,0,0,0,3,VBD,3
3,412,almost,13.321123448276559,0,0,0,4,RB,6
3,413,as,8.340623672004352,0,0,0,5,IN,2
3,414,cold,14.643291922273203,0,0,0,6,NN,4
3,415,at,8.781250634161243,0,0,0,7,IN,2
3,416,home,12.502401784964622,0,0,0,8,NN,4
3,417,as,8.340623672004352,0,0,0,9,RB,2
3,418,"outside,",18.71340748201023,0,0,1,10,"RB_,",8
3,419,for,7.693494297163422,0,0,0,11,IN,3
3,420,they,9.911507183877728,0,0,0,12,PRP,4
3,421,had,9.816722327264898,0,0,0,13,VBD,3
3,422,only,10.623289958781577,0,0,0,14,RB,4
3,423,a,6.556670229096891,0,0,0,15,DT,1
3,424,patchy,26.85695034677993,0,0,0,16,JJ,6
3,425,roof,16.180384874090898,0,0,0,17,NN,4
3,426,to,6.280557174231113,0,0,0,18,TO,2
3,427,cover,14.355103473510784,0,0,0,19,VB,5
3,428,them.,15.609819837378044,0,1,1,20,PRP_.,5
3,429,The,8.824079763818386,1,0,0,1,DT,3
3,430,girl's,23.24474054269776,0,0,0,2,NN_POS,6
3,431,little,12.310603251626194,0,0,0,3,JJ,6
3,432,hands,13.911440509478567,0,0,0,4,NNS,5
3,433,were,9.396668283684079,0,0,0,5,VBD,4
3,434,almost,13.321123448276559,0,0,0,6,RB,6
3,435,frozen,16.576206219482277,0,0,0,7,VBN,6
3,436,solid,14.510704823513361,0,0,0,8,RB,5
3,437,so,10.292139907252675,0,0,0,9,IN,2
3,438,she,10.66154210357584,0,0,0,10,PRP,3
3,439,decided,14.30413223447701,0,0,0,11,VBD,7
3,440,that,7.5199882505590345,0,0,0,12,IN,4
3,441,a,6.556670229096891,0,0,0,13,DT,1
3,442,burning,16.471215149272744,0,0,0,14,JJ,7
3,443,match,14.321831284778774,0,0,0,15,NN,5
3,444,might,12.1759533185724,0,0,0,16,MD,5
3,445,be,8.447345415772759,0,0,0,17,VB,2
3,446,of,5.986146708647226,0,0,0,18,IN,2
3,447,some,10.70366249120027,0,0,0,19,DT,4
3,448,good.,16.612309978848543,0,1,1,20,NN_.,5
3,449,'Scratch!',69.26461225929958,1,1,1,1,``_VB_._'',10
3,450,sounded,17.042876708177506,1,0,0,1,VBD,7
3,451,the,5.17205129965733,0,0,0,2,DT,3
3,452,match,14.321831284778774,0,0,0,3,NN,5
3,453,as,8.340623672004352,0,0,0,4,IN,2
3,454,she,10.66154210357584,0,0,0,5,PRP,3
3,455,drew,16.353907979236524,0,0,0,6,VBD,4
3,456,it,8.375693258728493,0,0,0,7,PRP,2
3,457,out.,15.145628539730595,0,1,1,8,RP_.,4
3,458,How,13.975558476297362,1,0,0,1,RB,3
3,459,it,8.375693258728493,0,0,0,2,PRP,2
3,460,sputtered,32.84352559831119,0,0,0,3,VBD,9
3,461,as,8.340623672004352,0,0,0,4,IN,2
3,462,it,8.375693258728493,0,0,0,5,PRP,2
3,463,burnt!,29.592772611408492,0,1,1,6,VBN_.,6
3,464,It,10.702508639150992,1,0,0,1,PRP,2
3,465,gave,13.802492533280088,0,0,0,2,VBD,4
3,466,a,6.556670229096891,0,0,0,3,DT,1
3,467,"warm,",20.357258963254186,0,0,1,4,"JJ_,",5
3,468,candle-like,38.77173730183577,0,0,0,5,JJ,11
3,469,bright,15.585520253457467,0,0,0,6,JJ,6
3,470,light,12.69930238958451,0,0,0,7,NN,5
3,471,that,7.5199882505590345,0,0,0,8,WDT,4
3,472,the,5.17205129965733,0,0,0,9,DT,3
3,473,girl,14.411800409216628,0,0,0,10,NN,4
3,474,hid,18.205924525480256,0,0,0,11,VBD,3
3,475,from,8.815789051907856,0,0,0,12,IN,4
3,476,the,5.17205129965733,0,0,0,13,DT,3
3,477,world,12.279708713631408,0,0,0,14,NN,5
3,478,as,8.340623672004352,0,0,0,15,IN,2
3,479,she,10.66154210357584,0,0,0,16,PRP,3
3,480,held,13.425451509726976,0,0,0,17,VBD,4
3,481,her,10.137194933376698,0,0,0,18,PRP$,3
3,482,hand,12.611325141125857,0,0,0,19,NN,4
3,483,over,10.810818724204807,0,0,0,20,IN,4
3,484,it.,13.272441062709198,0,1,1,21,PRP_.,3
3,485,Why,14.93264617498047,1,0,0,1,WRB,3
3,486,had,9.816722327264898,0,0,0,2,VBD,3
3,487,no,10.387625509173944,0,0,0,3,DT,2
3,488,one,9.838114205706063,0,0,0,4,NN,3
3,489,wanted,13.518675840293888,0,0,0,5,VBN,6
3,490,to,6.280557174231113,0,0,0,6,TO,2
3,491,buy,14.578201082702808,0,0,0,7,VB,3
3,492,even,11.440265863958214,0,0,0,8,RB,4
3,493,one,9.838114205706063,0,0,0,9,CD,3
3,494,match?,24.048175783810652,0,1,1,10,NN_.,6
3,495,A,10.24793691702159,1,0,0,1,DT,1
3,496,wonderful,15.768163422044498,0,0,0,2,JJ,9
3,497,"light,",17.715671067516123,0,0,1,3,"NN_,",6
3,498,it,8.375693258728493,0,0,0,4,PRP,2
3,499,was,8.24568223794633,0,0,0,5,VBD,3
3,500,really.,17.220841962735857,0,1,1,6,RB_.,7
3,501,It,10.702508639150992,1,0,0,1,PRP,2
3,502,seemed,14.258799147381207,0,0,0,2,VBD,6
3,503,to,6.280557174231113,0,0,0,3,TO,2
3,504,the,5.17205129965733,0,0,0,4,DT,3
3,505,girl,14.411800409216628,0,0,0,5,NN,4
3,506,that,7.5199882505590345,0,0,0,6,IN,4
3,507,she,10.66154210357584,0,0,0,7,PRP,3
3,508,was,8.24568223794633,0,0,0,8,VBD,3
3,509,sitting,15.193283332284686,0,0,0,9,VBG,7
3,510,by,8.57862391074893,0,0,0,10,IN,2
3,511,a,6.556670229096891,0,0,0,11,DT,1
3,512,large,12.476577400681318,0,0,0,12,JJ,5
3,513,iron,15.397825426256656,0,0,0,13,NN,4
3,514,"stove,",23.483992446643157,0,0,1,14,"NN_,",6
3,515,with,8.014664635242958,0,0,0,15,IN,4
3,516,polished,18.26008697004335,0,0,0,16,JJ,8
3,517,brass,18.06479669519861,0,0,0,17,NN,5
3,518,feet,14.343920117510109,0,0,0,18,NNS,4
3,519,and,6.2095491118355035,0,0,0,19,CC,3
3,520,a,6.556670229096891,0,0,0,20,DT,1
3,521,brass,18.06479669519861,0,0,0,21,NN,5
3,522,ornament.,23.53018585817678,0,1,1,22,NN_.,9
3,523,How,13.975558476297362,1,0,0,1,RB,3
3,524,the,5.17205129965733,0,0,0,2,DT,3
3,525,fire,14.039686579577612,0,0,0,3,NN,4
3,526,burned!,28.051691973732535,0,1,1,4,VBD_.,7
3,527,The,8.824079763818386,1,0,0,1,DT,3
3,528,girl,14.411800409216628,0,0,0,2,NN,4
3,529,was,8.24568223794633,0,0,0,3,VBD,3
3,530,pleased,16.58386452709842,0,0,0,4,JJ,7
3,531,and,6.2095491118355035,0,0,0,5,CC,3
3,532,the,5.17205129965733,0,0,0,6,DT,3
3,533,fire,14.039686579577612,0,0,0,7,NN,4
3,534,actually,13.260396876445522,0,0,0,8,RB,8
3,535,seemed,14.258799147381207,0,0,0,9,VBD,6
3,536,so,10.292139907252675,0,0,0,10,RB,2
3,537,warm,15.340890285322573,0,0,0,11,JJ,4
3,538,that,7.5199882505590345,0,0,0,12,IN,4
3,539,the,5.17205129965733,0,0,0,13,DT,3
3,540,child,13.439154733770678,0,0,0,14,NN,5
3,541,stretched,17.38314864681544,0,0,0,15,VBN,9
3,542,out,10.24888073574989,0,0,0,16,RP,3
3,543,her,10.137194933376698,0,0,0,17,PRP$,3
3,544,feet,14.343920117510109,0,0,0,18,NNS,4
3,545,as,8.340623672004352,0,0,0,19,IN,2
3,546,if,10.224647587236507,0,0,0,20,IN,2
3,547,to,6.280557174231113,0,0,0,21,TO,2
3,548,warm,15.340890285322573,0,0,0,22,VB,4
3,549,"them,",15.729440711328952,0,0,1,23,"PRP_,",5
3,550,when,10.303515303910618,0,0,0,24,WRB,4
3,551,suddenly,15.535443984733654,0,0,0,25,RB,8
3,552,the,5.17205129965733,0,0,0,26,DT,3
3,553,flame,17.466736076147246,0,0,0,27,NN,5
3,554,of,5.986146708647226,0,0,0,28,IN,2
3,555,the,5.17205129965733,0,0,0,29,DT,3
3,556,match,14.321831284778774,0,0,0,30,NN,5
3,557,went,13.057769405402667,0,0,0,31,VBD,4
3,558,out.,15.145628539730595,0,1,1,32,RP_.,4
3,559,It,10.702508639150992,1,0,0,1,PRP,2
3,560,was,8.24568223794633,0,0,0,2,VBD,3
3,561,a,6.556670229096891,0,0,0,3,DT,1
3,562,"short,",18.2706190892617,0,0,1,4,"JJ_,",6
3,563,stubby,31.644276632076295,0,0,0,5,JJ,6
3,564,match,14.321831284778774,0,0,0,6,NN,5
3,565,that,7.5199882505590345,0,0,0,7,WDT,4
3,566,the,5.17205129965733,0,0,0,8,DT,3
3,567,little,12.310603251626194,0,0,0,9,JJ,6
3,568,girl,14.411800409216628,0,0,0,10,NN,4
3,569,next,12.42005421982443,0,0,0,11,RB,4
3,570,rubbed,18.431729732954704,0,0,0,12,VBD,6
3,571,on,8.232105999162414,0,0,0,13,IN,2
3,572,the,5.17205129965733,0,0,0,14,DT,3
3,573,wall.,19.152301314575737,0,1,1,15,NN_.,5
3,574,It,10.702508639150992,1,0,0,1,PRP,2
3,575,burst,16.694487606448963,0,0,0,2,VBP,5
3,576,into,10.48069811501334,0,0,0,3,IN,4
3,577,a,6.556670229096891,0,0,0,4,DT,1
3,578,"flame,",22.48310475407886,0,0,1,5,"NN_,",6
3,579,and,6.2095491118355035,0,0,0,6,CC,3
3,580,lo,14.64890370444342,0,0,0,7,JJ,2
3,581,and,6.2095491118355035,0,0,0,8,CC,3
3,582,"behold,",23.846426778256895,0,0,1,9,"JJ_,",7
3,583,the,5.17205129965733,0,0,0,10,DT,3
3,584,girl,14.411800409216628,0,0,0,11,NN,4
3,585,was,8.24568223794633,0,0,0,12,VBD,3
3,586,transported,17.48512268926581,0,0,0,13,VBN,11
3,587,from,8.815789051907856,0,0,0,14,IN,4
3,588,her,10.137194933376698,0,0,0,15,PRP$,3
3,589,dank,26.551250390060535,0,0,0,16,JJ,4
3,590,city,13.397815222006045,0,0,0,17,NN,4
3,591,to,6.280557174231113,0,0,0,18,TO,2
3,592,a,6.556670229096891,0,0,0,19,DT,1
3,593,"beautiful,",19.80318864319664,0,0,1,20,"JJ_,",10
3,594,sunny,18.502182123718974,0,0,0,21,JJ,5
3,595,forest.,20.70127783937997,0,1,1,22,NN_.,7
3,596,She,12.23137344081347,1,0,0,1,PRP,3
3,597,heard,13.903406883889144,0,0,0,2,VBD,5
3,598,the,5.17205129965733,0,0,0,3,DT,3
3,599,birds,16.176566523496952,0,0,0,4,NNS,5
3,600,chirping,35.476493979676704,0,0,0,5,VBG,8
3,601,and,6.2095491118355035,0,0,0,6,CC,3
3,602,she,10.66154210357584,0,0,0,7,PRP,3
3,603,was,8.24568223794633,0,0,0,8,VBD,3
3,604,surrounded,16.594439728400562,0,0,0,9,VBN,10
3,605,by,8.57862391074893,0,0,0,10,IN,2
3,606,wildflowers,42.23772381402851,0,0,0,11,NNS,11
3,607,and,6.2095491118355035,0,0,0,12,CC,3
3,608,birches,43.94112189851787,0,0,0,13,NNS,7
3,609,as,8.340623672004352,0,0,0,14,IN,2
3,610,white,13.584652027292123,0,0,0,15,JJ,5
3,611,as,8.340623672004352,0,0,0,16,IN,2
3,612,snow.,20.480135395234587,0,1,1,17,NN_.,5
3,613,A,10.24793691702159,1,0,0,1,DT,1
3,614,little,12.310603251626194,0,0,0,2,JJ,6
3,615,squirrel,33.74366544657715,0,0,0,3,NN,8
3,616,hid,18.205924525480256,0,0,0,4,VBP,3
3,617,some,10.70366249120027,0,0,0,5,DT,4
3,618,food,13.498624333781184,0,0,0,6,NN,4
3,619,in,6.713150865180346,0,0,0,7,IN,2
3,620,the,5.17205129965733,0,0,0,8,DT,3
3,621,ground,13.706778041686665,0,0,0,9,NN,6
3,622,and,6.2095491118355035,0,0,0,10,CC,3
3,623,scurried,43.48163634526547,0,0,0,11,VBD,8
3,624,off,11.981015731191064,0,0,0,12,RP,3
3,625,into,10.48069811501334,0,0,0,13,IN,4
3,626,the,5.17205129965733,0,0,0,14,DT,3
3,627,underbrush.,34.99263258445033,0,1,1,15,NN_.,11
3,628,The,8.824079763818386,1,0,0,1,DT,3
3,629,girl,14.411800409216628,0,0,0,2,NN,4
3,630,was,8.24568223794633,0,0,0,3,VBD,3
3,631,"curious,",21.668654607119006,0,0,1,4,"JJ_,",8
3,632,so,10.292139907252675,0,0,0,5,IN,2
3,633,she,10.66154210357584,0,0,0,6,PRP,3
3,634,dug,17.897731264769853,0,0,0,7,VBD,3
3,635,some,10.70366249120027,0,0,0,8,DT,4
3,636,squirrel,33.74366544657715,0,0,0,9,NN,8
3,637,food,13.498624333781184,0,0,0,10,NN,4
3,638,up,10.382393736990075,0,0,0,11,RP,2
3,639,to,6.280557174231113,0,0,0,12,TO,2
3,640,see,11.365811672580193,0,0,0,13,VB,3
3,641,what,10.597278888354701,0,0,0,14,WP,4
3,642,it,8.375693258728493,0,0,0,15,PRP,2
3,643,"was,",13.262050915877943,0,0,1,16,"VBD_,",4
3,644,but,9.64272076435627,0,0,0,17,CC,3
3,645,then,10.843719789981037,0,0,0,18,RB,4
3,646,she,10.66154210357584,0,0,0,19,PRP,3
3,647,forgot,17.1879044441244,0,0,0,20,VBD,6
3,648,to,6.280557174231113,0,0,0,21,TO,2
3,649,put,12.711916905175212,0,0,0,22,VB,3
3,650,it,8.375693258728493,0,0,0,23,PRP,2
3,651,back.,16.29329814208473,0,1,1,24,RB_.,5
3,652,The,8.824079763818386,1,0,0,1,DT,3
3,653,squirrel,33.74366544657715,0,0,0,2,NN,8
3,654,came,12.886598870789097,0,0,0,3,VBD,4
3,655,back,11.396550338104024,0,0,0,4,RB,4
3,656,and,6.2095491118355035,0,0,0,5,CC,3
3,657,looked,13.60481780339861,0,0,0,6,VBD,6
3,658,in,6.713150865180346,0,0,0,7,IN,2
3,659,its,10.588677784406197,0,0,0,8,PRP$,3
3,660,hiding,17.08047052646289,0,0,0,9,NN,6
3,661,"place,",17.41931995343559,0,0,1,10,"NN_,",6
3,662,but,9.64272076435627,0,0,0,11,CC,3
3,663,the,5.17205129965733,0,0,0,12,DT,3
3,664,food,13.498624333781184,0,0,0,13,NN,4
3,665,was,8.24568223794633,0,0,0,14,VBD,3
3,666,nowhere,17.12463554839978,0,0,0,15,RB,7
3,667,to,6.280557174231113,0,0,0,16,TO,2
3,668,be,8.447345415772759,0,0,0,17,VB,2
3,669,found.,16.58489083941108,0,1,1,18,VBN_.,6
3,670,Then,13.252496740913198,1,0,0,1,RB,4
3,671,the,5.17205129965733,0,0,0,2,DT,3
3,672,match,14.321831284778774,0,0,0,3,NN,5
3,673,went,13.057769405402667,0,0,0,4,VBD,4
3,674,"out,",15.265249413681502,0,0,1,5,"RP_,",4
3,675,and,6.2095491118355035,0,0,0,6,CC,3
3,676,it,8.375693258728493,0,0,0,7,PRP,2
3,677,wasn't,23.865961448894634,0,0,0,8,VBD_RB,6
3,678,the,5.17205129965733,0,0,0,9,DT,3
3,679,forest,15.804530035399264,0,0,0,10,NN,6
3,680,that,7.5199882505590345,0,0,0,11,WDT,4
3,681,remained,14.97840997981507,0,0,0,12,VBD,8
3,682,before,11.477317882569707,0,0,0,13,IN,6
3,683,her,10.137194933376698,0,0,0,14,PRP$,3
3,684,eyes.,18.33962702489338,0,1,1,15,NNS_.,5
3,685,It,10.702508639150992,1,0,0,1,PRP,2
3,686,was,8.24568223794633,0,0,0,2,VBD,3
3,687,only,10.623289958781577,0,0,0,3,RB,4
3,688,the,5.17205129965733,0,0,0,4,DT,3
3,689,"thick,",20.478468826839656,0,0,1,5,"JJ_,",6
3,690,"damp,",22.54111259303092,0,0,1,6,"JJ_,",5
3,691,cold,14.643291922273203,0,0,0,7,JJ,4
3,692,wall.,19.152301314575737,0,1,1,8,NN_.,5
3,693,The,8.824079763818386,1,0,0,1,DT,3
3,694,girl,14.411800409216628,0,0,0,2,NN,4
3,695,looked,13.60481780339861,0,0,0,3,VBD,6
3,696,despondently,48.508526952084964,0,0,0,4,RB,12
3,697,into,10.48069811501334,0,0,0,5,IN,4
3,698,the,5.17205129965733,0,0,0,6,DT,3
3,699,sky,15.576071857104065,0,0,0,7,NN,3
3,700,that,7.5199882505590345,0,0,0,8,WDT,4
3,701,was,8.24568223794633,0,0,0,9,VBD,3
3,702,now,11.365912160007252,0,0,0,10,RB,3
3,703,fully,14.371425979197895,0,0,0,11,RB,5
3,704,darkened,19.385405689919132,0,0,0,12,JJ,8
3,705,and,6.2095491118355035,0,0,0,13,CC,3
3,706,suddenly,15.535443984733654,0,0,0,14,RB,8
3,707,she,10.66154210357584,0,0,0,15,PRP,3
3,708,saw,13.495633104836841,0,0,0,16,VBD,3
3,709,a,6.556670229096891,0,0,0,17,DT,1
3,710,star,14.592715337522865,0,0,0,18,NN,4
3,711,"fall,",19.302789644901413,0,0,1,19,"VB_,",5
3,712,leaving,14.89129277526336,0,0,0,20,VBG,7
3,713,behind,13.602322364855635,0,0,0,21,IN,6
3,714,it,8.375693258728493,0,0,0,22,PRP,2
3,715,a,6.556670229096891,0,0,0,23,DT,1
3,716,bright,15.585520253457467,0,0,0,24,JJ,6
3,717,streak,18.26072118993152,0,0,0,25,NN,6
3,718,of,5.986146708647226,0,0,0,26,IN,2
3,719,fire.,18.936434383558318,0,1,1,27,NN_.,5
3,720,'Someone,28.86640891683049,1,0,1,1,``_NN,8
3,721,is,7.347528720939248,0,0,0,2,VBZ,2
3,722,"dying,'",30.833724883416973,0,0,1,3,"VBG_,_''",7
3,723,thought,12.816412505192044,0,0,0,4,VBD,7
3,724,the,5.17205129965733,0,0,0,5,DT,3
3,725,little,12.310603251626194,0,0,0,6,JJ,6
3,726,girl.,19.308548213197334,0,1,1,7,NN_.,5
3,727,It,10.702508639150992,1,0,0,1,PRP,2
3,728,was,8.24568223794633,0,0,0,2,VBD,3
3,729,her,10.137194933376698,0,0,0,3,PRP$,3
3,730,old,12.778866751933457,0,0,0,4,JJ,3
3,731,"grandmother,",22.459716470195236,0,0,1,5,"NN_,",12
3,732,the,5.17205129965733,0,0,0,6,DT,3
3,733,one,9.838114205706063,0,0,0,7,NN,3
3,734,who,10.440803113603465,0,0,0,8,WP,3
3,735,had,9.816722327264898,0,0,0,9,VBD,3
3,736,loved,15.322359418856177,0,0,0,10,VBN,5
3,737,her,10.137194933376698,0,0,0,11,PRP$,3
3,738,the,5.17205129965733,0,0,0,12,DT,3
3,739,"most,",16.28685661988825,0,0,1,13,"JJS_,",5
3,740,and,6.2095491118355035,0,0,0,14,CC,3
3,741,the,5.17205129965733,0,0,0,15,DT,3
3,742,one,9.838114205706063,0,0,0,16,NN,3
3,743,who,10.440803113603465,0,0,0,17,WP,3
3,744,the,5.17205129965733,0,0,0,18,DT,3
3,745,girl,14.411800409216628,0,0,0,19,NN,4
3,746,used,11.055458890009728,0,0,0,20,VBD,4
3,747,to,6.280557174231113,0,0,0,21,TO,2
3,748,visit,14.442792606921184,0,0,0,22,VB,5
3,749,every,12.270042238127363,0,0,0,23,DT,5
3,750,"Sunday,",20.197353677416025,0,0,1,24,"NNP_,",7
3,751,who,10.440803113603465,0,0,0,25,WP,3
3,752,had,9.816722327264898,0,0,0,26,VBD,3
3,753,told,12.864458400149847,0,0,0,27,VBN,4
3,754,her,10.137194933376698,0,0,0,28,PRP,3
3,755,that,7.5199882505590345,0,0,0,29,IN,4
3,756,when,10.303515303910618,0,0,0,30,WRB,4
3,757,a,6.556670229096891,0,0,0,31,DT,1
3,758,star,14.592715337522865,0,0,0,32,NN,4
3,759,"falls,",21.225962165696004,0,0,1,33,"VBZ_,",6
3,760,a,6.556670229096891,0,0,0,34,DT,1
3,761,soul,15.679430043467754,0,0,0,35,NN,4
3,762,leaves,15.04217330291565,0,0,0,36,VBZ,6
3,763,this,8.876632627435416,0,0,0,37,DT,4
3,764,earth.,20.028597115804512,0,1,1,38,NN_.,6
3,765,It,10.702508639150992,1,0,0,1,PRP,2
3,766,was,8.24568223794633,0,0,0,2,VBD,3
3,767,her,10.137194933376698,0,0,0,3,PRP$,3
3,768,last,12.045017495502083,0,0,0,4,JJ,4
3,769,match,14.321831284778774,0,0,0,5,NN,5
3,770,that,7.5199882505590345,0,0,0,6,WDT,4
3,771,the,5.17205129965733,0,0,0,7,DT,3
3,772,little,12.310603251626194,0,0,0,8,JJ,6
3,773,girl,14.411800409216628,0,0,0,9,NN,4
3,774,now,11.365912160007252,0,0,0,10,RB,3
3,775,rubbed,18.431729732954704,0,0,0,11,VBD,6
3,776,on,8.232105999162414,0,0,0,12,IN,2
3,777,the,5.17205129965733,0,0,0,13,DT,3
3,778,wall,14.255553510595032,0,0,0,14,NN,4
3,779,and,6.2095491118355035,0,0,0,15,CC,3
3,780,the,5.17205129965733,0,0,0,16,DT,3
3,781,light,12.69930238958451,0,0,0,17,NN,5
3,782,again,12.45618531535958,0,0,0,18,RB,5
3,783,shone,19.09744903233679,0,0,0,19,VBP,5
3,784,round,14.427182044767989,0,0,0,20,IN,5
3,785,her.,15.033942737357403,0,1,1,21,PRP_.,4
3,786,Her,14.371999923667264,1,0,0,1,PRP$,3
3,787,old,12.778866751933457,0,0,0,2,JJ,3
3,788,grandmother,17.443347792263623,0,0,0,3,NN,11
3,789,in,6.713150865180346,0,0,0,4,IN,2
3,790,the,5.17205129965733,0,0,0,5,DT,3
3,791,brightness,17.475230441252354,0,0,0,6,NNS,10
3,792,"stood,",19.937985558991176,0,0,1,7,"VBD_,",6
3,793,loving,17.21499679741169,0,0,0,8,VBG,6
3,794,in,6.713150865180346,0,0,0,9,IN,2
3,795,her,10.137194933376698,0,0,0,10,PRP$,3
3,796,appearance.,20.12972610832118,0,1,1,11,NN_.,11
3,797,The,8.824079763818386,1,0,0,1,DT,3
3,798,girl,14.411800409216628,0,0,0,2,NN,4
3,799,understood,15.224620025987083,0,0,0,3,VBD,10
3,800,her,10.137194933376698,0,0,0,4,PRP$,3
3,801,grandmother,17.443347792263623,0,0,0,5,NN,11
3,802,would,10.257280448841584,0,0,0,6,MD,5
3,803,soon,13.930416920936057,0,0,0,7,RB,4
3,804,"disappear,",22.454807622982248,0,0,1,8,"VB_,",10
3,805,but,9.64272076435627,0,0,0,9,CC,3
3,806,she,10.66154210357584,0,0,0,10,PRP,3
3,807,tried,13.8076890548409,0,0,0,11,VBD,5
3,808,to,6.280557174231113,0,0,0,12,TO,2
3,809,play,13.093409474857072,0,0,0,13,VB,4
3,810,for,7.693494297163422,0,0,0,14,IN,3
3,811,time.,15.227980891429535,0,1,1,15,NN_.,5
3,812,"'Grandmother,'",60.882379676078166,1,0,1,1,"``_NNP_,_''",14
3,813,cried,16.609654054499288,0,0,0,2,VBD,5
3,814,the,5.17205129965733,0,0,0,3,DT,3
3,815,little,12.310603251626194,0,0,0,4,JJ,6
3,816,"one,",14.854482883637676,0,0,1,5,"NN_,",4
3,817,'O,22.39805016395572,0,0,1,6,``_NNP,2
3,818,take,11.95328976765742,0,0,0,7,VB,4
3,819,me,10.527717319335423,0,0,0,8,PRP,2
3,820,with,8.014664635242958,0,0,0,9,IN,4
3,821,you!,19.894320881210835,0,1,1,10,PRP_.,4
3,822,I,8.339223813452126,1,0,0,1,PRP,1
3,823,know,11.320155189932528,0,0,0,2,VBP,4
3,824,you,8.711964911935151,0,0,0,3,PRP,3
3,825,will,9.884653019348672,0,0,0,4,MD,4
3,826,go,11.844842323862729,0,0,0,5,VB,2
3,827,away,12.676838009813835,0,0,0,6,RP,4
3,828,when,10.303515303910618,0,0,0,7,WRB,4
3,829,the,5.17205129965733,0,0,0,8,DT,3
3,830,match,14.321831284778774,0,0,0,9,NN,5
3,831,burns,18.363036065769148,0,0,0,10,VBZ,5
3,832,out!',26.532175899126788,0,1,1,11,RP_._'',5
3,833,The,8.824079763818386,1,0,0,1,DT,3
3,834,girl,14.411800409216628,0,0,0,2,NN,4
3,835,decided,14.30413223447701,0,0,0,3,VBD,7
3,836,to,6.280557174231113,0,0,0,4,TO,2
3,837,light,12.69930238958451,0,0,0,5,VB,5
3,838,the,5.17205129965733,0,0,0,6,DT,3
3,839,whole,13.221047694625529,0,0,0,7,JJ,5
3,840,bundle,16.503403275562935,0,0,0,8,NN,6
3,841,of,5.986146708647226,0,0,0,9,IN,2
3,842,"matches,",20.978137501146993,0,0,1,10,"NNS_,",8
3,843,in,6.713150865180346,0,0,0,11,IN,2
3,844,order,11.939675056533055,0,0,0,12,NN,5
3,845,to,6.280557174231113,0,0,0,13,TO,2
3,846,keep,13.090897794533806,0,0,0,14,VB,4
3,847,her,10.137194933376698,0,0,0,15,PRP$,3
3,848,grandmother,17.443347792263623,0,0,0,16,NN,11
3,849,there.,15.20983554126759,0,1,1,17,RB_.,6
3,850,The,8.824079763818386,1,0,0,1,DT,3
3,851,girl,14.411800409216628,0,0,0,2,NN,4
3,852,saw,13.495633104836841,0,0,0,3,VBD,3
3,853,the,5.17205129965733,0,0,0,4,DT,3
3,854,matches,15.96176882321538,0,0,0,5,NNS,7
3,855,glowed,28.365682688432102,0,0,0,6,VBD,6
3,856,with,8.014664635242958,0,0,0,7,IN,4
3,857,a,6.556670229096891,0,0,0,8,DT,1
3,858,light,12.69930238958451,0,0,0,9,NN,5
3,859,that,7.5199882505590345,0,0,0,10,WDT,4
3,860,was,8.24568223794633,0,0,0,11,VBD,3
3,861,brighter,18.515905537324773,0,0,0,12,JJ,8
3,862,than,10.500242777420443,0,0,0,13,IN,4
3,863,the,5.17205129965733,0,0,0,14,DT,3
3,864,"day,",17.01538908338552,0,0,1,15,"NN_,",4
3,865,and,6.2095491118355035,0,0,0,16,CC,3
3,866,her,10.137194933376698,0,0,0,17,PRP$,3
3,867,grandmother,17.443347792263623,0,0,0,18,NN,11
3,868,had,9.816722327264898,0,0,0,19,VBD,3
3,869,never,12.321925674555477,0,0,0,20,RB,5
3,870,appeared,14.639827563260319,0,0,0,21,VBN,8
3,871,so,10.292139907252675,0,0,0,22,RB,2
3,872,large,12.476577400681318,0,0,0,23,JJ,5
3,873,or,8.922107338283002,0,0,0,24,CC,2
3,874,so,10.292139907252675,0,0,0,25,RB,2
3,875,beautiful,14.786819965265028,0,0,0,26,JJ,9
3,876,as,8.340623672004352,0,0,0,27,IN,2
3,877,she,10.66154210357584,0,0,0,28,PRP,3
3,878,did,11.420835168659025,0,0,0,29,VBD,3
3,879,in,6.713150865180346,0,0,0,30,IN,2
3,880,the,5.17205129965733,0,0,0,31,DT,3
3,881,light,12.69930238958451,0,0,0,32,NN,5
3,882,of,5.986146708647226,0,0,0,33,IN,2
3,883,the,5.17205129965733,0,0,0,34,DT,3
3,884,little,12.310603251626194,0,0,0,35,JJ,6
3,885,matches.,20.858516627196085,0,1,1,36,NNS_.,8
3,886,The,8.824079763818386,1,0,0,1,DT,3
3,887,grandmother,17.443347792263623,0,0,0,2,NN,11
3,888,then,10.843719789981037,0,0,0,3,RB,4
3,889,took,12.976892749533743,0,0,0,4,VBD,4
3,890,the,5.17205129965733,0,0,0,5,DT,3
3,891,little,12.310603251626194,0,0,0,6,JJ,6
3,892,girl,14.411800409216628,0,0,0,7,NN,4
3,893,in,6.713150865180346,0,0,0,8,IN,2
3,894,her,10.137194933376698,0,0,0,9,PRP$,3
3,895,"arms,",19.917346429483747,0,0,1,10,"NNS_,",5
3,896,and,6.2095491118355035,0,0,0,11,CC,3
3,897,they,9.911507183877728,0,0,0,12,PRP,4
3,898,both,11.500506718058375,0,0,0,13,DT,4
3,899,flew,17.250928678489842,0,0,0,14,VBD,4
3,900,upwards,18.449834378903578,0,0,0,15,RB,7
3,901,in,6.713150865180346,0,0,0,16,IN,2
3,902,brightness,17.475230441252354,0,0,0,17,NNS,10
3,903,and,6.2095491118355035,0,0,0,18,CC,3
3,904,joy,16.097780522184443,0,0,0,19,NN,3
3,905,far,12.86944630547589,0,0,0,20,RB,3
3,906,above,12.530678682858493,0,0,0,21,IN,5
3,907,the,5.17205129965733,0,0,0,22,DT,3
3,908,"earth,",20.14821798975542,0,0,1,23,"NN_,",6
3,909,where,11.018728120918755,0,0,0,24,WRB,5
3,910,there,10.313087737286885,0,0,0,25,EX,5
3,911,was,8.24568223794633,0,0,0,26,VBD,3
3,912,neither,15.100900255443001,0,0,0,27,CC,7
3,913,cold,14.643291922273203,0,0,0,28,NN,4
3,914,nor,14.308311944656793,0,0,0,29,CC,3
3,915,"hunger,",22.827495446037744,0,0,1,30,"NN_,",7
3,916,and,6.2095491118355035,0,0,0,31,CC,3
3,917,the,5.17205129965733,0,0,0,32,DT,3
3,918,little,12.310603251626194,0,0,0,33,JJ,6
3,919,girl,14.411800409216628,0,0,0,34,NN,4
3,920,felt,13.808886882388357,0,0,0,35,VBD,4
3,921,safe,14.537579450894196,0,0,0,36,JJ,4
3,922,and,6.2095491118355035,0,0,0,37,CC,3
3,923,peaceful.,22.318030530228437,0,1,1,38,JJ_.,9
3,924,In,10.361524289609886,1,0,0,1,IN,2
3,925,the,5.17205129965733,0,0,0,2,DT,3
3,926,dawn,17.470688165899112,0,0,0,3,NN,4
3,927,of,5.986146708647226,0,0,0,4,IN,2
3,928,the,5.17205129965733,0,0,0,5,DT,3
3,929,morning,14.109141542850772,0,0,0,6,NN,7
3,930,there,10.313087737286885,0,0,0,7,RB,5
3,931,lay,15.265930304666838,0,0,0,8,VBD,3
3,932,the,5.17205129965733,0,0,0,9,DT,3
3,933,poor,14.339853534376171,0,0,0,10,JJ,4
3,934,little,12.310603251626194,0,0,0,11,JJ,6
3,935,"one,",14.854482883637676,0,0,1,12,"NN_,",4
3,936,not,8.917353115369856,0,0,0,13,RB,3
3,937,"frowning,",36.39413822306886,0,0,1,14,"VBG_,",9
3,938,but,9.64272076435627,0,0,0,15,CC,3
3,939,smiling,17.278006011190115,0,0,0,16,VBG,7
3,940,and,6.2095491118355035,0,0,0,17,CC,3
3,941,with,8.014664635242958,0,0,0,18,IN,4
3,942,a,6.556670229096891,0,0,0,19,DT,1
3,943,pale,16.704614006327287,0,0,0,20,JJ,4
3,944,face,13.116989148538625,0,0,0,21,NN,4
3,945,leaning,17.95495552683765,0,0,0,22,VBG,7
3,946,against,12.002508765857996,0,0,0,23,IN,7
3,947,the,5.17205129965733,0,0,0,24,DT,3
3,948,"wall,",19.271922188526645,0,0,1,25,"NN_,",5
3,949,frozen,16.576206219482277,0,0,0,26,VBN,6
3,950,and,6.2095491118355035,0,0,0,27,CC,3
3,951,stone,15.68477808003675,0,0,0,28,RB,5
3,952,dead.,19.194912265855205,0,1,1,29,JJ_.,5
3,953,'She,24.19395398191194,1,0,1,1,``_PRP,4
3,954,tried,13.8076890548409,0,0,0,2,VBD,5
3,955,to,6.280557174231113,0,0,0,3,TO,2
3,956,warm,15.340890285322573,0,0,0,4,VB,4
3,957,"herself,'",29.090130676003394,0,0,1,5,"PRP_,_''",9
3,958,said,10.57886849101402,0,0,0,6,VBD,4
3,959,some.,15.600410295180975,0,1,1,7,DT_.,5
3,960,Children,16.456593731720798,1,0,0,1,NNP,8
3,961,who,10.440803113603465,0,0,0,2,WP,3
3,962,saw,13.495633104836841,0,0,0,3,VBD,3
3,963,her,10.137194933376698,0,0,0,4,PRP,3
3,964,were,9.396668283684079,0,0,0,5,VBD,4
3,965,asking,15.163827047888397,0,0,0,6,VBG,6
3,966,their,10.026103707581193,0,0,0,7,PRP$,5
3,967,parents,14.342457076428119,0,0,0,8,NNS,7
3,968,why,12.811796816973217,0,0,0,9,WRB,3
3,969,no,10.387625509173944,0,0,0,10,DT,2
3,970,one,9.838114205706063,0,0,0,11,NN,3
3,971,helped,15.024764613269966,0,0,0,12,VBD,6
3,972,the,5.17205129965733,0,0,0,13,DT,3
3,973,girl,14.411800409216628,0,0,0,14,NN,4
3,974,who,10.440803113603465,0,0,0,15,WP,3
3,975,they,9.911507183877728,0,0,0,16,PRP,4
3,976,knew,13.624615788883943,0,0,0,17,VBD,4
3,977,looked,13.60481780339861,0,0,0,18,VBD,6
3,978,dirt,17.117217856389885,0,0,0,19,RB,4
3,979,poor,14.339853534376171,0,0,0,20,JJ,4
3,980,and,6.2095491118355035,0,0,0,21,CC,3
3,981,helpless.,22.99127097687813,0,1,1,22,JJ_.,9
3,982,Passersby,41.53541254493098,1,0,0,1,NN,9
3,983,who,10.440803113603465,0,0,0,2,WP,3
3,984,saw,13.495633104836841,0,0,0,3,VBD,3
3,985,her,10.137194933376698,0,0,0,4,PRP,3
3,986,sitting,15.193283332284686,0,0,0,5,VBG,7
3,987,motionless,27.564011577124948,0,0,0,6,JJ,10
3,988,wished,16.97967989745026,0,0,0,7,VBD,6
3,989,they,9.911507183877728,0,0,0,8,PRP,4
3,990,could,10.893270167851,0,0,0,9,MD,5
3,991,have,9.010965036933804,0,0,0,10,VB,4
3,992,helped,15.024764613269966,0,0,0,11,VBN,6
3,993,the,5.17205129965733,0,0,0,12,DT,3
3,994,"girl,",19.42816908714824,0,0,1,13,"NN_,",5
3,995,but,9.64272076435627,0,0,0,14,CC,3
3,996,their,10.026103707581193,0,0,0,15,PRP$,5
3,997,good,11.715562174867838,0,0,0,16,JJ,4
3,998,intentions,17.55272015646199,0,0,0,17,NNS,10
3,999,were,9.396668283684079,0,0,0,18,VBD,4
3,1000,a,6.556670229096891,0,0,0,19,DT,1
3,1001,day,11.999020405453908,0,0,0,20,NN,3
3,1002,late,13.855259258250719,0,0,0,21,RB,4
3,1003,and,6.2095491118355035,0,0,0,22,CC,3
3,1004,a,6.556670229096891,0,0,0,23,DT,1
3,1005,dollar,16.761936513033675,0,0,0,24,NN,6
3,1006,short.,18.150998215310793,0,1,1,25,RB_.,6
3,1007,Other,15.139324199940848,1,0,0,1,JJ,5
3,1008,people,11.171465651218966,0,0,0,2,NNS,6
3,1009,suspected,16.506576714329412,0,0,0,3,VBD,9
3,1010,the,5.17205129965733,0,0,0,4,DT,3
3,1011,girl,14.411800409216628,0,0,0,5,NN,4
3,1012,had,9.816722327264898,0,0,0,6,VBD,3
3,1013,fallen,16.534113853007902,0,0,0,7,VBN,6
3,1014,asleep,17.111279401223,0,0,0,8,JJ,6
3,1015,and,6.2095491118355035,0,0,0,9,CC,3
3,1016,"frozen,",21.59257489741389,0,0,1,10,"VBN_,",7
3,1017,but,9.64272076435627,0,0,0,11,CC,3
3,1018,no,10.387625509173944,0,0,0,12,DT,2
3,1019,one,9.838114205706063,0,0,0,13,NN,3
3,1020,imagined,17.280583162444454,0,0,0,14,VBD,8
3,1021,what,10.597278888354701,0,0,0,15,WDT,4
3,1022,beautiful,14.786819965265028,0,0,0,16,JJ,9
3,1023,things,12.52986290912823,0,0,0,17,NNS,6
3,1024,she,10.66154210357584,0,0,0,18,PRP,3
3,1025,had,9.816722327264898,0,0,0,19,VBD,3
3,1026,"seen,",17.986742731739728,0,0,1,20,"VBN_,",5
3,1027,nor,14.308311944656793,0,0,0,21,CC,3
3,1028,into,10.48069811501334,0,0,0,22,IN,4
3,1029,what,10.597278888354701,0,0,0,23,WDT,4
3,1030,glory,17.330671257134583,0,0,0,24,NN,5
3,1031,she,10.66154210357584,0,0,0,25,PRP,3
3,1032,had,9.816722327264898,0,0,0,26,VBD,3
3,1033,entered,14.837328819159776,0,0,0,27,VBN,7
3,1034,with,8.014664635242958,0,0,0,28,IN,4
3,1035,her,10.137194933376698,0,0,0,29,PRP$,3
3,1036,"grandmother,",22.459716470195236,0,0,1,30,"NN_,",12
3,1037,on,8.232105999162414,0,0,0,31,IN,2
3,1038,New,12.403677843281319,0,0,0,32,NNP,3
3,1039,Year's,24.86940173950655,0,0,0,33,NNP_POS,6
3,1040,day.,16.895768209434614,0,1,1,34,NN_.,4
4,1,Once,15.964195440557553,1,0,0,1,RB,4
4,2,upon,12.898579282257913,0,0,0,2,IN,4
4,3,a,6.556670229096891,0,0,0,3,DT,1
4,4,time,10.33123308744883,0,0,0,4,NN,4
4,5,the,5.17205129965733,0,0,0,5,DT,3
4,6,birds,16.176566523496952,0,0,0,6,NNS,5
4,7,took,12.976892749533743,0,0,0,7,VBD,4
4,8,it,8.375693258728493,0,0,0,8,PRP,2
4,9,into,10.48069811501334,0,0,0,9,IN,4
4,10,their,10.026103707581193,0,0,0,10,PRP$,5
4,11,heads,15.86989177585179,0,0,0,11,NNS,5
4,12,that,7.5199882505590345,0,0,0,12,IN,4
4,13,they,9.911507183877728,0,0,0,13,PRP,4
4,14,would,10.257280448841584,0,0,0,14,MD,5
4,15,like,10.598838519142497,0,0,0,15,VB,4
4,16,a,6.556670229096891,0,0,0,16,DT,1
4,17,"master,",20.116286123226516,0,0,1,17,"NN_,",7
4,18,and,6.2095491118355035,0,0,0,18,CC,3
4,19,that,7.5199882505590345,0,0,0,19,IN,4
4,20,one,9.838114205706063,0,0,0,20,CD,3
4,21,of,5.986146708647226,0,0,0,21,IN,2
4,22,their,10.026103707581193,0,0,0,22,PRP$,5
4,23,number,11.628659253917167,0,0,0,23,NN,6
4,24,must,11.937809330034693,0,0,0,24,MD,4
4,25,be,8.447345415772759,0,0,0,25,VB,2
4,26,chosen,15.111399574026489,0,0,0,26,VBN,6
4,27,king.,20.431273621914073,0,1,1,27,NN_.,5
4,28,A,10.24793691702159,1,0,0,1,DT,1
4,29,meeting,14.411064357024625,0,0,0,2,NN,7
4,30,of,5.986146708647226,0,0,0,3,IN,2
4,31,all,9.763833843216453,0,0,0,4,PDT,3
4,32,the,5.17205129965733,0,0,0,5,DT,3
4,33,birds,16.176566523496952,0,0,0,6,NNS,5
4,34,was,8.24568223794633,0,0,0,7,VBD,3
4,35,called,12.619106163373399,0,0,0,8,VBN,6
4,36,and,6.2095491118355035,0,0,0,9,CC,3
4,37,though,12.843604331043483,0,0,0,10,IN,6
4,38,they,9.911507183877728,0,0,0,11,PRP,4
4,39,understood,15.224620025987083,0,0,0,12,VBD,10
4,40,the,5.17205129965733,0,0,0,13,DT,3
4,41,birds,16.176566523496952,0,0,0,14,NNS,5
4,42,who,10.440803113603465,0,0,0,15,WP,3
4,43,were,9.396668283684079,0,0,0,16,VBD,4
4,44,from,8.815789051907856,0,0,0,17,IN,4
4,45,the,5.17205129965733,0,0,0,18,DT,3
4,46,most,11.270487941956638,0,0,0,19,JJS,4
4,47,distant,16.51390544094852,0,0,0,20,JJ,7
4,48,lands,16.50049974542057,0,0,0,21,NNS,5
4,49,would,10.257280448841584,0,0,0,22,MD,5
4,50,be,8.447345415772759,0,0,0,23,VB,2
4,51,unable,15.325295846671054,0,0,0,24,JJ,6
4,52,to,6.280557174231113,0,0,0,25,TO,2
4,53,"come,",17.405715418035864,0,0,1,26,"VB_,",5
4,54,many,11.555553853436457,0,0,0,27,JJ,4
4,55,birds,16.176566523496952,0,0,0,28,NNS,5
4,56,came,12.886598870789097,0,0,0,29,VBD,4
4,57,from,8.815789051907856,0,0,0,30,IN,4
4,58,faraway,29.222616597402332,0,0,0,31,JJ,7
4,59,meadows,29.132176455500993,0,0,0,32,NNS,7
4,60,and,6.2095491118355035,0,0,0,33,CC,3
4,61,woods.,22.088629440315234,0,1,1,34,NNS_.,6
4,62,The,8.824079763818386,1,0,0,1,DT,3
4,63,"eagle,",24.175879737987113,0,0,1,2,"NN_,",6
4,64,who,10.440803113603465,0,0,0,3,WP,3
4,65,already,12.84782339224946,0,0,0,4,RB,7
4,66,thought,12.816412505192044,0,0,0,5,VBD,7
4,67,himself,13.478823168982373,0,0,0,6,PRP,7
4,68,the,5.17205129965733,0,0,0,7,DT,3
4,69,de,10.839538366544986,0,0,0,8,FW,2
4,70,facto,18.509845371750977,0,0,0,9,FW,5
4,71,"king,",20.55089449586498,0,0,1,10,"NN_,",5
4,72,arrived,15.252625497493284,0,0,0,11,VBD,7
4,73,fashionably,30.586600135711755,0,0,0,12,RB,11
4,74,late.,18.752007062231424,0,1,1,13,JJ_.,5
4,75,It,10.702508639150992,1,0,0,1,PRP,2
4,76,was,8.24568223794633,0,0,0,2,VBD,3
4,77,a,6.556670229096891,0,0,0,3,DT,1
4,78,hawk,32.63209322110495,0,0,0,4,NN,4
4,79,who,10.440803113603465,0,0,0,5,WP,3
4,80,was,8.24568223794633,0,0,0,6,VBD,3
4,81,most,11.270487941956638,0,0,0,7,RBS,4
4,82,excited,15.671834153537013,0,0,0,8,JJ,7
4,83,about,10.294135891377458,0,0,0,9,IN,5
4,84,the,5.17205129965733,0,0,0,10,DT,3
4,85,"meeting,",19.427433034956238,0,0,1,11,"NN_,",8
4,86,because,11.238178964590961,0,0,0,12,IN,7
4,87,he,9.438290970210815,0,0,0,13,PRP,2
4,88,was,8.24568223794633,0,0,0,14,VBD,3
4,89,the,5.17205129965733,0,0,0,15,DT,3
4,90,dark,14.213421189622942,0,0,0,16,JJ,4
4,91,horse,15.590038808195164,0,0,0,17,NN,5
4,92,for,7.693494297163422,0,0,0,18,IN,3
4,93,king.,20.431273621914073,0,1,1,19,NN_.,5
4,94,The,8.824079763818386,1,0,0,1,DT,3
4,95,small,12.369708016338201,0,0,0,2,JJ,5
4,96,fry,18.948527510599213,0,0,0,3,NN,3
4,97,came,12.886598870789097,0,0,0,4,VBD,4
4,98,"too,",17.134580440881777,0,0,1,5,"RB_,",4
4,99,and,6.2095491118355035,0,0,0,6,CC,3
4,100,the,5.17205129965733,0,0,0,7,DT,3
4,101,"robin,",34.80312212610721,0,0,1,8,"NN_,",6
4,102,the,5.17205129965733,0,0,0,9,DT,3
4,103,"bluebird,",37.044851585295504,0,0,1,10,"NN_,",9
4,104,the,5.17205129965733,0,0,0,11,DT,3
4,105,"owl,",34.6121204929636,0,0,1,12,"NN_,",4
4,106,the,5.17205129965733,0,0,0,13,DT,3
4,107,"lark,",31.722992778292966,0,0,1,14,"NN_,",5
4,108,and,6.2095491118355035,0,0,0,15,CC,3
4,109,the,5.17205129965733,0,0,0,16,DT,3
4,110,"sparrow,",34.87045811320168,0,0,1,17,"NN_,",8
4,111,who,10.440803113603465,0,0,0,18,WP,3
4,112,had,9.816722327264898,0,0,0,19,VBD,3
4,113,only,10.623289958781577,0,0,0,20,RB,4
4,114,a,6.556670229096891,0,0,0,21,DT,1
4,115,chance,14.40954287509933,0,0,0,22,NN,6
4,116,in,6.713150865180346,0,0,0,23,IN,2
4,117,a,6.556670229096891,0,0,0,24,DT,1
4,118,million,13.500097381696893,0,0,0,25,CD,7
4,119,to,6.280557174231113,0,0,0,26,TO,2
4,120,be,8.447345415772759,0,0,0,27,VB,2
4,121,"king,",20.55089449586498,0,0,1,28,"NN_,",5
4,122,were,9.396668283684079,0,0,0,29,VBD,4
4,123,all,9.763833843216453,0,0,0,30,RB,3
4,124,present,12.346649642004301,0,0,0,31,JJ,7
4,125,at,8.781250634161243,0,0,0,32,IN,2
4,126,the,5.17205129965733,0,0,0,33,DT,3
4,127,meeting.,19.30781216100533,0,1,1,34,NN_.,8
4,128,The,8.824079763818386,1,0,0,1,DT,3
4,129,"cuckoo,",47.3228523390397,0,0,1,2,"NN_,",7
4,130,who,10.440803113603465,0,0,0,3,WP,3
4,131,was,8.24568223794633,0,0,0,4,VBD,3
4,132,almost,13.321123448276559,0,0,0,5,RB,6
4,133,not,8.917353115369856,0,0,0,6,RB,3
4,134,invited,16.362753558649246,0,0,0,7,VBN,7
4,135,because,11.238178964590961,0,0,0,8,IN,7
4,136,his,9.520696265560964,0,0,0,9,PRP$,3
4,137,call,12.96118336811007,0,0,0,10,NN,4
4,138,so,10.292139907252675,0,0,0,11,RB,2
4,139,annoyed,18.657083256302357,0,0,0,12,VBD,7
4,140,the,5.17205129965733,0,0,0,13,DT,3
4,141,other,10.411287485854839,0,0,0,14,JJ,5
4,142,"birds,",21.192935201428565,0,0,1,15,"NNS_,",6
4,143,came,12.886598870789097,0,0,0,16,VBD,4
4,144,too.,17.01495956693087,0,1,1,17,RB_.,4
4,145,It,10.702508639150992,1,0,0,1,PRP,2
4,146,was,8.24568223794633,0,0,0,2,VBD,3
4,147,the,5.17205129965733,0,0,0,3,DT,3
4,148,very,11.453179973007163,0,0,0,4,RB,4
4,149,little,12.310603251626194,0,0,0,5,JJ,6
4,150,bird,16.392416175782483,0,0,0,6,NN,4
4,151,who,10.440803113603465,0,0,0,7,WP,3
4,152,had,9.816722327264898,0,0,0,8,VBD,3
4,153,no,10.387625509173944,0,0,0,9,DT,2
4,154,name,12.062976991372665,0,0,0,10,NN,4
4,155,at,8.781250634161243,0,0,0,11,IN,2
4,156,"all,",14.780202521148066,0,0,1,12,"DT_,",4
4,157,"however,",17.965647821932627,0,0,1,13,"RB_,",8
4,158,that,7.5199882505590345,0,0,0,14,WDT,4
4,159,would,10.257280448841584,0,0,0,15,MD,5
4,160,end,12.009873466440204,0,0,0,16,VB,3
4,161,up,10.382393736990075,0,0,0,17,RP,2
4,162,overturning,29.90725130356126,0,0,0,18,VBG,11
4,163,the,5.17205129965733,0,0,0,19,DT,3
4,164,balance,15.087119194764767,0,0,0,20,NN,7
4,165,of,5.986146708647226,0,0,0,21,IN,2
4,166,power,12.493936527204607,0,0,0,22,NN,5
4,167,among,12.963788889731834,0,0,0,23,IN,5
4,168,the,5.17205129965733,0,0,0,24,DT,3
4,169,birds.,21.073314327477657,0,1,1,25,NNS_.,6
4,170,That,12.803635355257288,1,0,0,1,IN,4
4,171,there,10.313087737286885,0,0,0,2,EX,5
4,172,would,10.257280448841584,0,0,0,3,MD,5
4,173,be,8.447345415772759,0,0,0,4,VB,2
4,174,great,12.49183345875402,0,0,0,5,JJ,5
4,175,confusion,16.571423075675593,0,0,0,6,NN,9
4,176,and,6.2095491118355035,0,0,0,7,CC,3
4,177,noise,14.878299440543895,0,0,0,8,NN,5
4,178,among,12.963788889731834,0,0,0,9,IN,5
4,179,the,5.17205129965733,0,0,0,10,DT,3
4,180,birds,16.176566523496952,0,0,0,11,NNS,5
4,181,at,8.781250634161243,0,0,0,12,IN,2
4,182,the,5.17205129965733,0,0,0,13,DT,3
4,183,meeting,14.411064357024625,0,0,0,14,NN,7
4,184,was,8.24568223794633,0,0,0,15,VBD,3
4,185,to,6.280557174231113,0,0,0,16,TO,2
4,186,be,8.447345415772759,0,0,0,17,VB,2
4,187,"expected,",18.667815495970554,0,0,1,18,"VBN_,",9
4,188,given,12.349004721766544,0,0,0,19,VBN,5
4,189,the,5.17205129965733,0,0,0,20,DT,3
4,190,sheer,17.771347072881568,0,0,0,21,JJ,5
4,191,numbers,14.00032532955727,0,0,0,22,NNS,7
4,192,of,5.986146708647226,0,0,0,23,IN,2
4,193,birds,16.176566523496952,0,0,0,24,NNS,5
4,194,that,7.5199882505590345,0,0,0,25,WDT,4
4,195,have,9.010965036933804,0,0,0,26,VBP,4
4,196,gathered.,21.37539632383099,0,1,1,27,VBN_.,9
4,197,There,12.46120785053467,1,0,0,1,EX,5
4,198,was,8.24568223794633,0,0,0,2,VBD,3
4,199,"piping,",33.18236644265147,0,0,1,3,"VBG_,",7
4,200,"hissing,",31.58961810931991,0,0,1,4,"VBG_,",8
4,201,and,6.2095491118355035,0,0,0,5,CC,3
4,202,"clacking,",35.706280600476816,0,0,1,6,"VBG_,",9
4,203,but,9.64272076435627,0,0,0,7,CC,3
4,204,finally,14.39205671036478,0,0,0,8,RB,7
4,205,it,8.375693258728493,0,0,0,9,PRP,2
4,206,was,8.24568223794633,0,0,0,10,VBD,3
4,207,decided,14.30413223447701,0,0,0,11,VBN,7
4,208,that,7.5199882505590345,0,0,0,12,IN,4
4,209,the,5.17205129965733,0,0,0,13,DT,3
4,210,bird,16.392416175782483,0,0,0,14,NN,4
4,211,that,7.5199882505590345,0,0,0,15,WDT,4
4,212,could,10.893270167851,0,0,0,16,MD,5
4,213,fly,15.642837808740598,0,0,0,17,VB,3
4,214,the,5.17205129965733,0,0,0,18,DT,3
4,215,highest,14.30840697986401,0,0,0,19,JJS,7
4,216,should,11.291470722138676,0,0,0,20,MD,6
4,217,be,8.447345415772759,0,0,0,21,VB,2
4,218,king.,20.431273621914073,0,1,1,22,NN_.,5
4,219,The,8.824079763818386,1,0,0,1,DT,3
4,220,little,12.310603251626194,0,0,0,2,JJ,6
4,221,bird,16.392416175782483,0,0,0,3,NN,4
4,222,lay,15.265930304666838,0,0,0,4,VBD,3
4,223,low,12.610707328435556,0,0,0,5,RB,3
4,224,near,13.62593808477629,0,0,0,6,IN,4
4,225,the,5.17205129965733,0,0,0,7,DT,3
4,226,eagle,19.1595110600555,0,0,0,8,NN,5
4,227,at,8.781250634161243,0,0,0,9,IN,2
4,228,"first,",15.775187787089155,0,0,1,10,"JJ_,",6
4,229,but,9.64272076435627,0,0,0,11,CC,3
4,230,the,5.17205129965733,0,0,0,12,DT,3
4,231,eagle,19.1595110600555,0,0,0,13,NN,5
4,232,did,11.420835168659025,0,0,0,14,VBD,3
4,233,not,8.917353115369856,0,0,0,15,RB,3
4,234,notice,14.365545743580526,0,0,0,16,VB,6
4,235,the,5.17205129965733,0,0,0,17,DT,3
4,236,bird,16.392416175782483,0,0,0,18,NN,4
4,237,hopping,18.818448977252295,0,0,0,19,VBG,7
4,238,onto,14.425756024209026,0,0,0,20,IN,4
4,239,his,9.520696265560964,0,0,0,21,PRP$,3
4,240,back,11.396550338104024,0,0,0,22,NN,4
4,241,right,11.553197649137935,0,0,0,23,RB,5
4,242,as,8.340623672004352,0,0,0,24,IN,2
4,243,the,5.17205129965733,0,0,0,25,DT,3
4,244,competition,15.436089837321244,0,0,0,26,NN,11
4,245,was,8.24568223794633,0,0,0,27,VBD,3
4,246,about,10.294135891377458,0,0,0,28,RB,5
4,247,to,6.280557174231113,0,0,0,29,TO,2
4,248,commence.,23.88696312949948,0,1,1,30,VB_.,9
4,249,Into,19.033973886688457,1,0,0,1,IN,4
4,250,the,5.17205129965733,0,0,0,2,DT,3
4,251,air,13.328472979036789,0,0,0,3,NN,3
4,252,in,6.713150865180346,0,0,0,4,IN,2
4,253,a,6.556670229096891,0,0,0,5,DT,1
4,254,great,12.49183345875402,0,0,0,6,JJ,5
4,255,flock,18.337516225282805,0,0,0,7,NN,5
4,256,all,9.763833843216453,0,0,0,8,PDT,3
4,257,the,5.17205129965733,0,0,0,9,DT,3
4,258,birds,16.176566523496952,0,0,0,10,NNS,5
4,259,flew,17.250928678489842,0,0,0,11,VBD,4
4,260,when,10.303515303910618,0,0,0,12,WRB,4
4,261,the,5.17205129965733,0,0,0,13,DT,3
4,262,signal,13.621121751208413,0,0,0,14,NN,6
4,263,was,8.24568223794633,0,0,0,15,VBD,3
4,264,given.,17.24575252574725,0,1,1,16,VBN_.,6
4,265,The,8.824079763818386,1,0,0,1,DT,3
4,266,air,13.328472979036789,0,0,0,2,NN,3
4,267,was,8.24568223794633,0,0,0,3,VBD,3
4,268,full,12.824616225211269,0,0,0,4,JJ,4
4,269,of,5.986146708647226,0,0,0,5,IN,2
4,270,"dust,",20.76330344757892,0,0,1,6,"NN_,",5
4,271,and,6.2095491118355035,0,0,0,7,CC,3
4,272,it,8.375693258728493,0,0,0,8,PRP,2
4,273,seemed,14.258799147381207,0,0,0,9,VBD,6
4,274,as,8.340623672004352,0,0,0,10,RB,2
4,275,if,10.224647587236507,0,0,0,11,IN,2
4,276,a,6.556670229096891,0,0,0,12,DT,1
4,277,black,13.38175354660713,0,0,0,13,JJ,5
4,278,cloud,15.648757982800962,0,0,0,14,NN,5
4,279,were,9.396668283684079,0,0,0,15,VBD,4
4,280,floating,16.81703911597851,0,0,0,16,VBG,8
4,281,over,10.810818724204807,0,0,0,17,IN,4
4,282,the,5.17205129965733,0,0,0,18,DT,3
4,283,field.,17.626477029328314,0,1,1,19,NN_.,6
4,284,You,12.147149866146563,1,0,0,1,PRP,3
4,285,could,10.893270167851,0,0,0,2,MD,5
4,286,hear,14.196311843551069,0,0,0,3,VB,4
4,287,the,5.17205129965733,0,0,0,4,DT,3
4,288,birds,16.176566523496952,0,0,0,5,NNS,5
4,289,chirping,35.476493979676704,0,0,0,6,VBG,8
4,290,and,6.2095491118355035,0,0,0,7,CC,3
4,291,flapping,30.752035251432886,0,0,0,8,VBG,8
4,292,from,8.815789051907856,0,0,0,9,IN,4
4,293,fields,14.483464013615091,0,0,0,10,NNS,6
4,294,that,7.5199882505590345,0,0,0,11,WDT,4
4,295,were,9.396668283684079,0,0,0,12,VBD,4
4,296,miles,15.072114834075016,0,0,0,13,NNS,5
4,297,away.,17.57358581379454,0,1,1,14,RB_.,5
4,298,The,8.824079763818386,1,0,0,1,DT,3
4,299,little,12.310603251626194,0,0,0,2,JJ,6
4,300,birds,16.176566523496952,0,0,0,3,NNS,5
4,301,that,7.5199882505590345,0,0,0,4,WDT,4
4,302,soon,13.930416920936057,0,0,0,5,RB,4
4,303,grew,15.646230068993056,0,0,0,6,VBD,4
4,304,tired,16.27383559578672,0,0,0,7,JJ,5
4,305,fell,15.021437714545819,0,0,0,8,VBD,4
4,306,back,11.396550338104024,0,0,0,9,RB,4
4,307,quickly,14.30681748948967,0,0,0,10,RB,7
4,308,to,6.280557174231113,0,0,0,11,TO,2
4,309,earth.,20.028597115804512,0,1,1,12,NN_.,6
4,310,The,8.824079763818386,1,0,0,1,DT,3
4,311,fact,12.557442627656766,0,0,0,2,NN,4
4,312,that,7.5199882505590345,0,0,0,3,IN,4
4,313,the,5.17205129965733,0,0,0,4,DT,3
4,314,larger,14.08159811903538,0,0,0,5,JJR,6
4,315,ones,14.309404791430175,0,0,0,6,NNS,4
4,316,held,13.425451509726976,0,0,0,7,VBD,4
4,317,out,10.24888073574989,0,0,0,8,RP,3
4,318,"longer,",18.714540829948344,0,0,1,9,"RBR_,",7
4,319,and,6.2095491118355035,0,0,0,10,CC,3
4,320,flew,17.250928678489842,0,0,0,11,VBD,4
4,321,higher,12.85515990755328,0,0,0,12,JJR,6
4,322,and,6.2095491118355035,0,0,0,13,CC,3
4,323,"higher,",17.871528585484892,0,0,1,14,"JJR_,",7
4,324,but,9.64272076435627,0,0,0,15,CC,3
4,325,the,5.17205129965733,0,0,0,16,DT,3
4,326,eagle,19.1595110600555,0,0,0,17,NN,5
4,327,flew,17.250928678489842,0,0,0,18,VBD,4
4,328,highest,14.30840697986401,0,0,0,19,JJS,7
4,329,of,5.986146708647226,0,0,0,20,IN,2
4,330,"any,",15.765877861258168,0,0,1,21,"DT_,",4
4,331,surprised,15.863510732574618,0,0,0,22,VBD,9
4,332,no,10.387625509173944,0,0,0,23,DT,2
4,333,one.,14.734862009686768,0,1,1,24,NN_.,4
4,334,Could,17.02685769084576,1,0,0,1,MD,5
4,335,anyone,13.893835810539994,0,0,0,2,NN,6
4,336,stop,13.803316158522936,0,0,0,3,VB,4
4,337,the,5.17205129965733,0,0,0,4,DT,3
4,338,eagle,19.1595110600555,0,0,0,5,NN,5
4,339,that,7.5199882505590345,0,0,0,6,WDT,4
4,340,seemed,14.258799147381207,0,0,0,7,VBD,6
4,341,to,6.280557174231113,0,0,0,8,TO,2
4,342,be,8.447345415772759,0,0,0,9,VB,2
4,343,flying,16.31377309860767,0,0,0,10,VBG,6
4,344,straight,14.85479759023,0,0,0,11,RB,8
4,345,into,10.48069811501334,0,0,0,12,IN,4
4,346,the,5.17205129965733,0,0,0,13,DT,3
4,347,sun?,24.609114819565484,0,1,1,14,NN_.,4
4,348,The,8.824079763818386,1,0,0,1,DT,3
4,349,other,10.411287485854839,0,0,0,2,JJ,5
4,350,birds,16.176566523496952,0,0,0,3,NNS,5
4,351,gave,13.802492533280088,0,0,0,4,VBD,4
4,352,out,10.24888073574989,0,0,0,5,RP,3
4,353,one,9.838114205706063,0,0,0,6,CD,3
4,354,by,8.57862391074893,0,0,0,7,IN,2
4,355,one,9.838114205706063,0,0,0,8,CD,3
4,356,and,6.2095491118355035,0,0,0,9,CC,3
4,357,when,10.303515303910618,0,0,0,10,WRB,4
4,358,the,5.17205129965733,0,0,0,11,DT,3
4,359,eagle,19.1595110600555,0,0,0,12,NN,5
4,360,saw,13.495633104836841,0,0,0,13,VBD,3
4,361,this,8.876632627435416,0,0,0,14,DT,4
4,362,he,9.438290970210815,0,0,0,15,PRP,2
4,363,"thought,",17.832781183123657,0,0,1,16,"VBD_,",8
4,364,'What,22.417602338252678,0,0,1,17,``_WP,5
4,365,is,7.347528720939248,0,0,0,18,VBZ,2
4,366,the,5.17205129965733,0,0,0,19,DT,3
4,367,use,11.007767348641067,0,0,0,20,NN,3
4,368,of,5.986146708647226,0,0,0,21,IN,2
4,369,flying,16.31377309860767,0,0,0,22,VBG,6
4,370,any,10.749509183326555,0,0,0,23,DT,3
4,371,higher?,22.581504406585157,0,1,1,24,JJR_.,7
4,372,This,10.896424129402149,1,0,0,1,DT,4
4,373,victory,15.92951009030908,0,0,0,2,NN,7
4,374,is,7.347528720939248,0,0,0,3,VBZ,2
4,375,in,6.713150865180346,0,0,0,4,IN,2
4,376,the,5.17205129965733,0,0,0,5,DT,3
4,377,bag,15.356855292729762,0,0,0,6,NN,3
4,378,and,6.2095491118355035,0,0,0,7,CC,3
4,379,I,8.339223813452126,0,0,0,8,PRP,1
4,380,am,12.074796245292639,0,0,0,9,VBP,2
4,381,king!',31.817820981310266,0,1,1,10,NN_._'',6
4,382,Then,13.252496740913198,1,0,0,1,RB,4
4,383,the,5.17205129965733,0,0,0,2,DT,3
4,384,birds,16.176566523496952,0,0,0,3,NNS,5
4,385,below,13.278041441435352,0,0,0,4,RB,5
4,386,called,12.619106163373399,0,0,0,5,VBD,6
4,387,with,8.014664635242958,0,0,0,6,IN,4
4,388,one,9.838114205706063,0,0,0,7,CD,3
4,389,"accord,",22.522449332069602,0,0,1,8,"NN_,",7
4,390,'Come,26.171686957154282,0,0,1,9,``_VB,5
4,391,"back,",16.412919016035637,0,0,0,10,RB_CC,5
4,392,come,12.389346740104251,0,0,0,11,VB,4
4,393,back!,22.578906307379707,0,1,1,12,RB_.,5
4,394,It,10.702508639150992,1,0,0,1,PRP,2
4,395,is,7.347528720939248,0,0,0,2,VBZ,2
4,396,you,8.711964911935151,0,0,0,3,PRP,3
4,397,who,10.440803113603465,0,0,0,4,WP,3
4,398,must,11.937809330034693,0,0,0,5,MD,4
4,399,be,8.447345415772759,0,0,0,6,VB,2
4,400,our,10.71003955157126,0,0,0,7,PRP$,3
4,401,king,15.534525817933368,0,0,0,8,NN,4
4,402,because,11.238178964590961,0,0,0,9,IN,7
4,403,no,10.387625509173944,0,0,0,10,DT,2
4,404,one,9.838114205706063,0,0,0,11,NN,3
4,405,can,9.501706077262956,0,0,0,12,MD,3
4,406,fly,15.642837808740598,0,0,0,13,VB,3
4,407,as,8.340623672004352,0,0,0,14,RB,2
4,408,high,11.744305671559701,0,0,0,15,JJ,4
4,409,as,8.340623672004352,0,0,0,16,IN,2
4,410,you.',21.970765322976643,0,1,1,17,PRP_._'',5
4,411,'Except,29.12791952353636,1,0,1,1,``_IN,7
4,412,me!',26.81101248271232,0,1,1,2,PRP_._'',4
4,413,cried,16.609654054499288,1,0,0,1,VBN,5
4,414,a,6.556670229096891,0,0,0,2,DT,1
4,415,"shrill,",36.10906686130626,0,0,1,3,"JJ_,",7
4,416,shrill,31.092698183374644,0,0,0,4,JJ,6
4,417,"voice,",19.20820527659174,0,0,1,5,"NN_,",6
4,418,and,6.2095491118355035,0,0,0,6,CC,3
4,419,out,10.24888073574989,0,0,0,7,IN,3
4,420,of,5.986146708647226,0,0,0,8,IN,2
4,421,the,5.17205129965733,0,0,0,9,DT,3
4,422,blue,14.386957156131505,0,0,0,10,NN,4
4,423,the,5.17205129965733,0,0,0,11,DT,3
4,424,little,12.310603251626194,0,0,0,12,JJ,6
4,425,bird,16.392416175782483,0,0,0,13,NN,4
4,426,without,11.80994760170298,0,0,0,14,IN,7
4,427,a,6.556670229096891,0,0,0,15,DT,1
4,428,name,12.062976991372665,0,0,0,16,NN,4
4,429,rose,15.773069073748285,0,0,0,17,VBD,4
4,430,from,8.815789051907856,0,0,0,18,IN,4
4,431,the,5.17205129965733,0,0,0,19,DT,3
4,432,eagle's,27.99245119353663,0,0,0,20,NN_POS,7
4,433,"back,",16.412919016035637,0,0,1,21,"NN_,",5
4,434,where,11.018728120918755,0,0,0,22,WRB,5
4,435,he,9.438290970210815,0,0,0,23,PRP,2
4,436,had,9.816722327264898,0,0,0,24,VBD,3
4,437,lain,25.930688212826833,0,0,0,25,VBN,4
4,438,hidden,15.644840060875666,0,0,0,26,VBN,6
4,439,in,6.713150865180346,0,0,0,27,IN,2
4,440,the,5.17205129965733,0,0,0,28,DT,3
4,441,feathers.,23.504962911025935,0,1,1,29,NNS_.,9
4,442,His,13.587430711100193,1,0,0,1,PRP$,3
4,443,guile,30.10537653285979,0,0,0,2,NN,5
4,444,was,8.24568223794633,0,0,0,3,VBD,3
4,445,the,5.17205129965733,0,0,0,4,DT,3
4,446,ace,18.295832304554896,0,0,0,5,NN,3
4,447,up,10.382393736990075,0,0,0,6,IN,2
4,448,his,9.520696265560964,0,0,0,7,PRP$,3
4,449,"sleeve,",22.703155977175008,0,0,1,8,"NN_,",7
4,450,and,6.2095491118355035,0,0,0,9,CC,3
4,451,he,9.438290970210815,0,0,0,10,PRP,2
4,452,laughed,16.45031146823526,0,0,0,11,VBD,7
4,453,to,6.280557174231113,0,0,0,12,TO,2
4,454,himself,13.478823168982373,0,0,0,13,PRP,7
4,455,at,8.781250634161243,0,0,0,14,IN,2
4,456,how,11.245386235048318,0,0,0,15,WRB,3
4,457,easy,13.769804189691364,0,0,0,16,JJ,4
4,458,it,8.375693258728493,0,0,0,17,PRP,2
4,459,had,9.816722327264898,0,0,0,18,VBD,3
4,460,been,10.154650775356767,0,0,0,19,VBN,4
4,461,to,6.280557174231113,0,0,0,20,TO,2
4,462,outwit,33.58504777721204,0,0,0,21,VB,6
4,463,the,5.17205129965733,0,0,0,22,DT,3
4,464,other,10.411287485854839,0,0,0,23,JJ,5
4,465,birds.,21.073314327477657,0,1,1,24,NNS_.,6
4,466,Higher,17.786356003150516,1,0,0,1,JJR,6
4,467,and,6.2095491118355035,0,0,0,2,CC,3
4,468,higher,12.85515990755328,0,0,0,3,JJR,6
4,469,he,9.438290970210815,0,0,0,4,PRP,2
4,470,"mounted,",21.038920228007257,0,0,1,5,"VBD_,",8
4,471,until,12.631746353885124,0,0,0,6,IN,5
4,472,he,9.438290970210815,0,0,0,7,PRP,2
4,473,was,8.24568223794633,0,0,0,8,VBD,3
4,474,lost,13.866708639571634,0,0,0,9,VBN,4
4,475,to,6.280557174231113,0,0,0,10,TO,2
4,476,"sight,",20.499564960733956,0,0,1,11,"NN_,",6
4,477,and,6.2095491118355035,0,0,0,12,CC,3
4,478,then,10.843719789981037,0,0,0,13,RB,4
4,479,folding,17.747395679858855,0,0,0,14,VBG,7
4,480,his,9.520696265560964,0,0,0,15,PRP$,3
4,481,wings,16.928925513613866,0,0,0,16,NNS,5
4,482,"together,",18.027888160512045,0,0,1,17,"RP_,",9
4,483,he,9.438290970210815,0,0,0,18,PRP,2
4,484,sank,18.280083778921316,0,0,0,19,VBD,4
4,485,to,6.280557174231113,0,0,0,20,TO,2
4,486,earth,15.131849311823807,0,0,0,21,NN,5
4,487,crying,17.165525476576896,0,0,0,22,VBG,6
4,488,"shrilly,",38.737061960280414,0,0,1,23,"RB_,",8
4,489,'I,20.387553075182254,0,0,1,24,``_PRP,2
4,490,am,12.074796245292639,0,0,0,25,VBP,2
4,491,"king,",20.55089449586498,0,0,0,26,NN_CC,5
4,492,I,8.339223813452126,0,0,0,27,PRP,1
4,493,am,12.074796245292639,0,0,0,28,VBP,2
4,494,king!',31.817820981310266,0,1,1,29,NN_._'',6
4,495,The,8.824079763818386,1,0,0,1,DT,3
4,496,eagle,19.1595110600555,0,0,0,2,NN,5
4,497,tricked,27.198258954560288,0,0,0,3,VBN,7
4,498,by,8.57862391074893,0,0,0,4,IN,2
4,499,the,5.17205129965733,0,0,0,5,DT,3
4,500,little,12.310603251626194,0,0,0,6,JJ,6
4,501,bird,16.392416175782483,0,0,0,7,NN,4
4,502,had,9.816722327264898,0,0,0,8,VBD,3
4,503,not,8.917353115369856,0,0,0,9,RB,3
4,504,sensed,18.482247813186945,0,0,0,10,VBN,6
4,505,the,5.17205129965733,0,0,0,11,DT,3
4,506,bird,16.392416175782483,0,0,0,12,NN,4
4,507,in,6.713150865180346,0,0,0,13,IN,2
4,508,his,9.520696265560964,0,0,0,14,PRP$,3
4,509,feathers,18.60821510704523,0,0,0,15,NNS,8
4,510,and,6.2095491118355035,0,0,0,16,CC,3
4,511,so,10.292139907252675,0,0,0,17,RB,2
4,512,had,9.816722327264898,0,0,0,18,VBD,3
4,513,not,8.917353115369856,0,0,0,19,RB,3
4,514,at,8.781250634161243,0,0,0,20,IN,2
4,515,all,9.763833843216453,0,0,0,21,DT,3
4,516,expected,13.651446818038941,0,0,0,22,VBN,8
4,517,the,5.17205129965733,0,0,0,23,DT,3
4,518,bird,16.392416175782483,0,0,0,24,NN,4
4,519,to,6.280557174231113,0,0,0,25,TO,2
4,520,come,12.389346740104251,0,0,0,26,VB,4
4,521,flying,16.31377309860767,0,0,0,27,VBG,6
4,522,out,10.24888073574989,0,0,0,28,RP,3
4,523,like,10.598838519142497,0,0,0,29,IN,4
4,524,that.,12.41673605453974,0,1,1,30,DT_.,5
4,525,The,8.824079763818386,1,0,0,1,DT,3
4,526,birds,16.176566523496952,0,0,0,2,NNS,5
4,527,back,11.396550338104024,0,0,0,3,RB,4
4,528,on,8.232105999162414,0,0,0,4,IN,2
4,529,earth,15.131849311823807,0,0,0,5,NN,5
4,530,were,9.396668283684079,0,0,0,6,VBD,4
4,531,all,9.763833843216453,0,0,0,7,DT,3
4,532,up,10.382393736990075,0,0,0,8,RB,2
4,533,in,6.713150865180346,0,0,0,9,IN,2
4,534,arms.,19.79772555553284,0,1,1,10,NNS_.,5
4,535,"'You,",27.61647567200395,1,0,1,1,"``_PRP_,",5
4,536,and,6.2095491118355035,0,0,0,2,CC,3
4,537,not,8.917353115369856,0,0,0,3,RB,3
4,538,the,5.17205129965733,0,0,0,4,DT,3
4,539,"eagle,",24.175879737987113,0,0,1,5,"NN_,",6
4,540,our,10.71003955157126,0,0,0,6,PRP$,3
4,541,king?',30.322670475034915,0,1,1,7,NN_._'',6
4,542,the,5.17205129965733,1,0,0,1,DT,3
4,543,birds,16.176566523496952,0,0,0,2,NNS,5
4,544,"cried,",21.6260227324309,0,0,1,3,"VBD_,",6
4,545,fuming,31.213016095090783,0,0,0,4,VBG,6
4,546,with,8.014664635242958,0,0,0,5,IN,4
4,547,anger.,21.326446563580696,0,1,1,6,NN_.,6
4,548,'You,22.600106994072338,1,0,1,1,``_PRP,4
4,549,have,9.010965036933804,0,0,0,2,VBP,4
4,550,done,12.898788000513875,0,0,0,3,VBN,4
4,551,this,8.876632627435416,0,0,0,4,DT,4
4,552,by,8.57862391074893,0,0,0,5,IN,2
4,553,breaking,15.930467913547535,0,0,0,6,VBG,8
4,554,every,12.270042238127363,0,0,0,7,DT,5
4,555,rule,14.13128315855273,0,0,0,8,NN,4
4,556,in,6.713150865180346,0,0,0,9,IN,2
4,557,the,5.17205129965733,0,0,0,10,DT,3
4,558,"book,",18.273975002557396,0,0,1,11,"NN_,",5
4,559,so,10.292139907252675,0,0,0,12,IN,2
4,560,we,9.393249661109394,0,0,0,13,PRP,2
4,561,will,9.884653019348672,0,0,0,14,MD,4
4,562,not,8.917353115369856,0,0,0,15,RB,3
4,563,have,9.010965036933804,0,0,0,16,VB,4
4,564,"you,",13.728333589866764,0,0,1,17,"PRP_,",4
4,565,who,10.440803113603465,0,0,0,18,WP,3
4,566,are,8.669385276796898,0,0,0,19,VBP,3
4,567,simply,13.701484800708766,0,0,0,20,RB,6
4,568,tricky,18.1765092296118,0,0,0,21,JJ,6
4,569,and,6.2095491118355035,0,0,0,22,CC,3
4,570,"cunning,",24.413001623274003,0,0,1,23,"JJ_,",8
4,571,to,6.280557174231113,0,0,0,24,TO,2
4,572,reign,17.357728391734085,0,0,0,25,VB,5
4,573,over,10.810818724204807,0,0,0,26,IN,4
4,574,us.',24.847738700750345,0,1,1,27,PRP_._'',4
4,575,The,8.824079763818386,1,0,0,1,DT,3
4,576,bird,16.392416175782483,0,0,0,2,NN,4
4,577,without,11.80994760170298,0,0,0,3,IN,7
4,578,a,6.556670229096891,0,0,0,4,DT,1
4,579,name,12.062976991372665,0,0,0,5,NN,4
4,580,then,10.843719789981037,0,0,0,6,RB,4
4,581,decided,14.30413223447701,0,0,0,7,VBD,7
4,582,to,6.280557174231113,0,0,0,8,TO,2
4,583,clear,13.317894421795526,0,0,0,9,VB,5
4,584,the,5.17205129965733,0,0,0,10,DT,3
4,585,air,13.328472979036789,0,0,0,11,NN,3
4,586,and,6.2095491118355035,0,0,0,12,CC,3
4,587,"said,",15.595237168945633,0,0,1,13,"VBD_,",5
4,588,'Then,25.382576276471728,0,0,1,14,``_RB,5
4,589,let,12.807699838865982,0,0,0,15,VB,3
4,590,everyone,14.109436991173418,0,0,0,16,NN,8
4,591,start,12.990524815758334,0,0,0,17,VB,5
4,592,with,8.014664635242958,0,0,0,18,IN,4
4,593,a,6.556670229096891,0,0,0,19,DT,1
4,594,clean,14.807939264983823,0,0,0,20,JJ,5
4,595,slate,19.08889286694525,0,0,0,21,NN,5
4,596,and,6.2095491118355035,0,0,0,22,CC,3
4,597,perform,14.694509256107015,0,0,0,23,VB,7
4,598,a,6.556670229096891,0,0,0,24,DT,1
4,599,new,10.885939281688206,0,0,0,25,JJ,3
4,600,challenging,16.136515028448187,0,0,0,26,VBG,11
4,601,task.,19.393688932626656,0,1,1,27,NN_.,5
4,602,Then,13.252496740913198,1,0,0,1,RB,4
4,603,we,9.393249661109394,0,0,0,2,PRP,2
4,604,can,9.501706077262956,0,0,0,3,MD,3
4,605,decide,15.327743319860929,0,0,0,4,VB,6
4,606,who,10.440803113603465,0,0,0,5,WP,3
4,607,should,11.291470722138676,0,0,0,6,MD,6
4,608,be,8.447345415772759,0,0,0,7,VB,2
4,609,the,5.17205129965733,0,0,0,8,DT,3
4,610,real,12.795746827642809,0,0,0,9,JJ,4
4,611,king.',28.79332622897486,0,1,1,10,NN_._'',6
4,612,Then,13.252496740913198,1,0,0,1,RB,4
4,613,the,5.17205129965733,0,0,0,2,DT,3
4,614,birds,16.176566523496952,0,0,0,3,NNS,5
4,615,gathered,16.478648519850285,0,0,0,4,VBD,8
4,616,together,13.011519482580432,0,0,0,5,RB,8
4,617,again,12.45618531535958,0,0,0,6,RB,5
4,618,and,6.2095491118355035,0,0,0,7,CC,3
4,619,decided,14.30413223447701,0,0,0,8,VBD,7
4,620,the,5.17205129965733,0,0,0,9,DT,3
4,621,case,11.57546751236153,0,0,0,10,NN,4
4,622,would,10.257280448841584,0,0,0,11,MD,5
4,623,be,8.447345415772759,0,0,0,12,VB,2
4,624,resolved,16.20687014698983,0,0,0,13,VBN,8
4,625,by,8.57862391074893,0,0,0,14,IN,2
4,626,making,13.048960587726583,0,0,0,15,VBG,6
4,627,a,6.556670229096891,0,0,0,16,DT,1
4,628,new,10.885939281688206,0,0,0,17,JJ,3
4,629,"condition,",18.708657119229823,0,0,1,18,"NN_,",10
4,630,which,9.57515612507219,0,0,0,19,WDT,5
4,631,was,8.24568223794633,0,0,0,20,VBD,3
4,632,that,7.5199882505590345,0,0,0,21,IN,4
4,633,he,9.438290970210815,0,0,0,22,PRP,2
4,634,should,11.291470722138676,0,0,0,23,MD,6
4,635,be,8.447345415772759,0,0,0,24,VB,2
4,636,king,15.534525817933368,0,0,0,25,NN,4
4,637,who,10.440803113603465,0,0,0,26,WP,3
4,638,could,10.893270167851,0,0,0,27,MD,5
4,639,go,11.844842323862729,0,0,0,28,VB,2
4,640,the,5.17205129965733,0,0,0,29,DT,3
4,641,deepest,18.6651531275453,0,0,0,30,JJS,7
4,642,into,10.48069811501334,0,0,0,31,IN,4
4,643,the,5.17205129965733,0,0,0,32,DT,3
4,644,earth.,20.028597115804512,0,1,1,33,NN_.,6
4,645,So,12.883963296337498,1,0,0,1,IN,2
4,646,the,5.17205129965733,0,0,0,2,DT,3
4,647,little,12.310603251626194,0,0,0,3,JJ,6
4,648,bird,16.392416175782483,0,0,0,4,NN,4
4,649,who,10.440803113603465,0,0,0,5,WP,3
4,650,the,5.17205129965733,0,0,0,6,DT,3
4,651,other,10.411287485854839,0,0,0,7,JJ,5
4,652,birds,16.176566523496952,0,0,0,8,NNS,5
4,653,despised,32.476000966243795,0,0,0,9,VBN,8
4,654,was,8.24568223794633,0,0,0,10,VBD,3
4,655,now,11.365912160007252,0,0,0,11,RB,3
4,656,back,11.396550338104024,0,0,0,12,RB,4
4,657,to,6.280557174231113,0,0,0,13,TO,2
4,658,square,15.085059384512665,0,0,0,14,JJ,6
4,659,one.,14.734862009686768,0,1,1,15,CD_.,4
4,660,"Confident,",37.40591953270395,1,0,1,1,"JJ_,",10
4,661,he,9.438290970210815,0,0,0,2,PRP,2
4,662,"remained,",19.994778657746682,0,0,1,3,"VBD_,",9
4,663,"however,",17.965647821932627,0,0,1,4,"RB_,",8
4,664,that,7.5199882505590345,0,0,0,5,IN,4
4,665,if,10.224647587236507,0,0,0,6,IN,2
4,666,he,9.438290970210815,0,0,0,7,PRP,2
4,667,played,14.285148898151292,0,0,0,8,VBD,6
4,668,his,9.520696265560964,0,0,0,9,PRP$,3
4,669,cards,15.557228152202857,0,0,0,10,NNS,5
4,670,"right,",16.56956632706955,0,0,1,11,"RB_,",6
4,671,he,9.438290970210815,0,0,0,12,PRP,2
4,672,could,10.893270167851,0,0,0,13,MD,5
4,673,be,8.447345415772759,0,0,0,14,VB,2
4,674,king.,20.431273621914073,0,1,1,15,NN_.,5
4,675,How,13.975558476297362,1,0,0,1,RB,3
4,676,the,5.17205129965733,0,0,0,2,DT,3
4,677,goose,19.13530503696594,0,0,0,3,NN,5
4,678,wallowed,31.321806148859974,0,0,0,4,VBD,8
4,679,in,6.713150865180346,0,0,0,5,IN,2
4,680,the,5.17205129965733,0,0,0,6,DT,3
4,681,"sand,",20.92957032604681,0,0,1,7,"NN_,",5
4,682,and,6.2095491118355035,0,0,0,8,CC,3
4,683,the,5.17205129965733,0,0,0,9,DT,3
4,684,duck,18.134451535920135,0,0,0,10,NN,4
4,685,strove,30.531980795516297,0,0,0,11,VBD,6
4,686,to,6.280557174231113,0,0,0,12,TO,2
4,687,dig,16.411101806083686,0,0,0,13,VB,3
4,688,a,6.556670229096891,0,0,0,14,DT,1
4,689,hole,15.345611876895024,0,0,0,15,NN,4
4,690,for,7.693494297163422,0,0,0,16,IN,3
4,691,the,5.17205129965733,0,0,0,17,DT,3
4,692,new,10.885939281688206,0,0,0,18,JJ,3
4,693,task!,25.679297097921634,0,1,1,19,NN_.,5
4,694,All,12.907433622697205,1,0,0,1,PDT,3
4,695,the,5.17205129965733,0,0,0,2,DT,3
4,696,other,10.411287485854839,0,0,0,3,JJ,5
4,697,birds,16.176566523496952,0,0,0,4,NNS,5
4,698,tried,13.8076890548409,0,0,0,5,VBD,5
4,699,to,6.280557174231113,0,0,0,6,TO,2
4,700,hide,16.035863815572366,0,0,0,7,VB,4
4,701,themselves,13.915551854074433,0,0,0,8,PRP,10
4,702,in,6.713150865180346,0,0,0,9,IN,2
4,703,the,5.17205129965733,0,0,0,10,DT,3
4,704,"ground,",18.723146719618278,0,0,1,11,"NN_,",7
4,705,"too,",17.134580440881777,0,0,1,12,"RB_,",4
4,706,until,12.631746353885124,0,0,0,13,IN,5
4,707,they,9.911507183877728,0,0,0,14,PRP,4
4,708,were,9.396668283684079,0,0,0,15,VBD,4
4,709,practically,17.199248100680578,0,0,0,16,RB,11
4,710,blue,14.386957156131505,0,0,0,17,JJ,4
4,711,in,6.713150865180346,0,0,0,18,IN,2
4,712,the,5.17205129965733,0,0,0,19,DT,3
4,713,face.,18.01373695251933,0,1,1,20,NN_.,5
4,714,The,8.824079763818386,1,0,0,1,DT,3
4,715,nameless,34.40352209041763,0,0,0,2,JJ,8
4,716,little,12.310603251626194,0,0,0,3,JJ,6
4,717,bird,16.392416175782483,0,0,0,4,NN,4
4,718,that,7.5199882505590345,0,0,0,5,WDT,4
4,719,was,8.24568223794633,0,0,0,6,VBD,3
4,720,as,8.340623672004352,0,0,0,7,RB,2
4,721,bold,16.544674368428325,0,0,0,8,JJ,4
4,722,as,8.340623672004352,0,0,0,9,IN,2
4,723,brass,18.06479669519861,0,0,0,10,NN,5
4,724,found,11.688143035430375,0,0,0,11,VBD,5
4,725,a,6.556670229096891,0,0,0,12,DT,1
4,726,pitch,16.43358858483764,0,0,0,13,NN,5
4,727,dark,14.213421189622942,0,0,0,14,JJ,4
4,728,mouse's,23.86797409524069,0,0,0,15,NN_POS,7
4,729,"hole,",20.361980554826637,0,0,1,16,"NN_,",5
4,730,and,6.2095491118355035,0,0,0,17,CC,3
4,731,creeping,19.5063206619643,0,0,0,18,VBG,8
4,732,in,6.713150865180346,0,0,0,19,RB,2
4,733,"cried,",21.6260227324309,0,0,1,20,"VBD_,",6
4,734,'I,20.387553075182254,0,0,1,21,``_PRP,2
4,735,am,12.074796245292639,0,0,0,22,VBP,2
4,736,"king,",20.55089449586498,0,0,0,23,NN_CC,5
4,737,I,8.339223813452126,0,0,0,24,PRP,1
4,738,am,12.074796245292639,0,0,0,25,VBP,2
4,739,king!',31.817820981310266,0,1,1,26,NN_._'',6
4,740,but,9.64272076435627,1,0,0,1,CC,3
4,741,it,8.375693258728493,0,0,0,2,PRP,2
4,742,was,8.24568223794633,0,0,0,3,VBD,3
4,743,of,5.986146708647226,0,0,0,4,IN,2
4,744,no,10.387625509173944,0,0,0,5,DT,2
4,745,avail.,23.100841341391188,0,1,1,6,NN_.,6
4,746,"'You,",27.61647567200395,1,0,1,1,"``_PRP_,",5
4,747,our,10.71003955157126,0,0,0,2,PRP$,3
4,748,king?',30.322670475034915,0,1,1,3,NN_._'',6
4,749,all,9.763833843216453,1,0,0,1,PDT,3
4,750,the,5.17205129965733,0,0,0,2,DT,3
4,751,remaining,14.803259023922635,0,0,0,3,JJ,9
4,752,birds,16.176566523496952,0,0,0,4,NNS,5
4,753,who,10.440803113603465,0,0,0,5,WP,3
4,754,the,5.17205129965733,0,0,0,6,DT,3
4,755,littlest,45.54165168649705,0,0,0,7,JJ,8
4,756,bird,16.392416175782483,0,0,0,8,NN,4
4,757,had,9.816722327264898,0,0,0,9,VBD,3
4,758,outwitted,38.20368657404498,0,0,0,10,VBN,9
4,759,cried,16.609654054499288,0,0,0,11,VBD,5
4,760,"again,",17.472553993291193,0,0,1,12,"RB_,",6
4,761,even,11.440265863958214,0,0,0,13,RB,4
4,762,more,10.075051597559401,0,0,0,14,RBR,4
4,763,angrily,19.404574160406472,0,0,0,15,RB,7
4,764,than,10.500242777420443,0,0,0,16,IN,4
4,765,before.,16.374065686550413,0,1,1,17,RB_.,7
4,766,'Do,25.144393724084804,1,0,1,1,``_VBP,3
4,767,you,8.711964911935151,0,0,0,2,PRP,3
4,768,think,11.811403059913275,0,0,0,3,VB,5
4,769,we,9.393249661109394,0,0,0,4,PRP,2
4,770,would,10.257280448841584,0,0,0,5,MD,5
4,771,reward,16.657358633184742,0,0,0,6,VB,6
4,772,your,10.209775521911514,0,0,0,7,PRP$,4
4,773,cunning,19.39663294534239,0,0,0,8,NN,7
4,774,in,6.713150865180346,0,0,0,9,IN,2
4,775,this,8.876632627435416,0,0,0,10,DT,4
4,776,way?,21.094872132772178,0,1,1,11,NN_.,4
4,777,"No,",17.411632321056068,1,0,1,1,"UH_,",3
4,778,no!,21.569981478449627,0,1,1,2,UH_.,3
4,779,You,12.147149866146563,1,0,0,1,PRP,3
4,780,shall,13.665806993817366,0,0,0,2,MD,5
4,781,stay,14.15349107014789,0,0,0,3,VB,4
4,782,in,6.713150865180346,0,0,0,4,IN,2
4,783,the,5.17205129965733,0,0,0,5,DT,3
4,784,earth,15.131849311823807,0,0,0,6,NN,5
4,785,till,15.198139437905436,0,0,0,7,IN,4
4,786,you,8.711964911935151,0,0,0,8,PRP,3
4,787,die,13.655020157776391,0,0,0,9,VBP,3
4,788,of,5.986146708647226,0,0,0,10,IN,2
4,789,hunger!',34.094421931483026,0,1,1,11,NN_._'',8
4,790,So,12.883963296337498,1,0,0,1,IN,2
4,791,they,9.911507183877728,0,0,0,2,PRP,4
4,792,shut,15.557524489014774,0,0,0,3,VBD,4
4,793,up,10.382393736990075,0,0,0,4,RP,2
4,794,the,5.17205129965733,0,0,0,5,DT,3
4,795,little,12.310603251626194,0,0,0,6,JJ,6
4,796,bird,16.392416175782483,0,0,0,7,NN,4
4,797,in,6.713150865180346,0,0,0,8,IN,2
4,798,the,5.17205129965733,0,0,0,9,DT,3
4,799,mouse's,23.86797409524069,0,0,0,10,NN_POS,7
4,800,hole,15.345611876895024,0,0,0,11,NN,4
4,801,that,7.5199882505590345,0,0,0,12,WDT,4
4,802,the,5.17205129965733,0,0,0,13,DT,3
4,803,mouse,15.03503396175956,0,0,0,14,NN,5
4,804,gave,13.802492533280088,0,0,0,15,VBD,4
4,805,up,10.382393736990075,0,0,0,16,RP,2
4,806,most,11.270487941956638,0,0,0,17,RBS,4
4,807,"unwillingly,",34.89102916617807,0,0,1,18,"RB_,",12
4,808,and,6.2095491118355035,0,0,0,19,CC,3
4,809,bade,25.630005393419033,0,0,0,20,VB,4
4,810,the,5.17205129965733,0,0,0,21,DT,3
4,811,owl,29.595751815031985,0,0,0,22,NN,3
4,812,watch,14.58025976391535,0,0,0,23,VB,5
4,813,him,10.880211382537656,0,0,0,24,PRP,3
4,814,carefully,15.720963700375993,0,0,0,25,RB,9
4,815,night,13.159257071301866,0,0,0,26,NN,5
4,816,and,6.2095491118355035,0,0,0,27,CC,3
4,817,day.,16.895768209434614,0,1,1,28,NN_.,4
4,818,Then,13.252496740913198,1,0,0,1,RB,4
4,819,all,9.763833843216453,0,0,0,2,PDT,3
4,820,the,5.17205129965733,0,0,0,3,DT,3
4,821,birds,16.176566523496952,0,0,0,4,NNS,5
4,822,went,13.057769405402667,0,0,0,5,VBD,4
4,823,home,12.502401784964622,0,0,0,6,NN,4
4,824,to,6.280557174231113,0,0,0,7,TO,2
4,825,"bed,",19.426203373524135,0,0,1,8,"NN_,",4
4,826,for,7.693494297163422,0,0,0,9,IN,3
4,827,they,9.911507183877728,0,0,0,10,PRP,4
4,828,were,9.396668283684079,0,0,0,11,VBD,4
4,829,very,11.453179973007163,0,0,0,12,RB,4
4,830,"tired,",21.290204273718334,0,0,1,13,"JJ_,",6
4,831,but,9.64272076435627,0,0,0,14,CC,3
4,832,the,5.17205129965733,0,0,0,15,DT,3
4,833,owl,29.595751815031985,0,0,0,16,NN,3
4,834,assigned,15.406935947122022,0,0,0,17,VBN,8
4,835,by,8.57862391074893,0,0,0,18,IN,2
4,836,the,5.17205129965733,0,0,0,19,DT,3
4,837,birds,16.176566523496952,0,0,0,20,NNS,5
4,838,to,6.280557174231113,0,0,0,21,TO,2
4,839,stand,14.34298835140481,0,0,0,22,VB,5
4,840,guard,15.774190922520436,0,0,0,23,NN,5
4,841,found,11.688143035430375,0,0,0,24,VBD,5
4,842,his,9.520696265560964,0,0,0,25,PRP$,3
4,843,job,13.632108323899502,0,0,0,26,NN,3
4,844,was,8.24568223794633,0,0,0,27,VBD,3
4,845,lonely,17.919098336862096,0,0,0,28,JJ,6
4,846,and,6.2095491118355035,0,0,0,29,CC,3
4,847,wearisome,41.420680590255145,0,0,0,30,JJ,9
4,848,because,11.238178964590961,0,0,0,31,IN,7
4,849,he,9.438290970210815,0,0,0,32,PRP,2
4,850,was,8.24568223794633,0,0,0,33,VBD,3
4,851,just,10.882719038846648,0,0,0,34,RB,4
4,852,sitting,15.193283332284686,0,0,0,35,VBG,7
4,853,alone,13.95878986232347,0,0,0,36,RB,5
4,854,staring,17.09948135850824,0,0,0,37,VBG,7
4,855,at,8.781250634161243,0,0,0,38,IN,2
4,856,the,5.17205129965733,0,0,0,39,DT,3
4,857,mouse's,23.86797409524069,0,0,0,40,NN_POS,7
4,858,hole.,20.24235968087573,0,1,1,41,NN_.,5
4,859,'I,20.387553075182254,1,0,1,1,``_PRP,2
4,860,can,9.501706077262956,0,0,0,2,MD,3
4,861,close,13.367037847915395,0,0,0,3,VB,5
4,862,one,9.838114205706063,0,0,0,4,CD,3
4,863,eye,14.530531458661265,0,0,0,5,NN,3
4,864,and,6.2095491118355035,0,0,0,6,CC,3
4,865,watch,14.58025976391535,0,0,0,7,VB,5
4,866,with,8.014664635242958,0,0,0,8,IN,4
4,867,the,5.17205129965733,0,0,0,9,DT,3
4,868,"other,'",24.651707592059115,0,0,1,10,"JJ_,_''",7
4,869,he,9.438290970210815,0,0,0,11,PRP,2
4,870,thought.,17.71316030917275,0,1,1,12,VBD_.,8
4,871,So,12.883963296337498,1,0,0,1,CC,2
4,872,he,9.438290970210815,0,0,0,2,PRP,2
4,873,closed,14.326951763189154,0,0,0,3,VBD,6
4,874,one,9.838114205706063,0,0,0,4,CD,3
4,875,eye,14.530531458661265,0,0,0,5,NN,3
4,876,and,6.2095491118355035,0,0,0,6,CC,3
4,877,stared,16.749979501781745,0,0,0,7,VBD,6
4,878,steadfastly,47.023504163227884,0,0,0,8,RB,11
4,879,with,8.014664635242958,0,0,0,9,IN,4
4,880,the,5.17205129965733,0,0,0,10,DT,3
4,881,"other,",15.427656163786452,0,0,1,11,"JJ_,",6
4,882,but,9.64272076435627,0,0,0,12,CC,3
4,883,before,11.477317882569707,0,0,0,13,IN,6
4,884,he,9.438290970210815,0,0,0,14,PRP,2
4,885,knew,13.624615788883943,0,0,0,15,VBD,4
4,886,it,8.375693258728493,0,0,0,16,PRP,2
4,887,he,9.438290970210815,0,0,0,17,PRP,2
4,888,forgot,17.1879044441244,0,0,0,18,VBD,6
4,889,to,6.280557174231113,0,0,0,19,TO,2
4,890,keep,13.090897794533806,0,0,0,20,VB,4
4,891,that,7.5199882505590345,0,0,0,21,DT,4
4,892,one,9.838114205706063,0,0,0,22,PRP,3
4,893,"open,",17.86356303139831,0,0,1,23,"JJ_,",5
4,894,and,6.2095491118355035,0,0,0,24,CC,3
4,895,both,11.500506718058375,0,0,0,25,DT,4
4,896,eyes,13.442879220912676,0,0,0,26,NNS,4
4,897,were,9.396668283684079,0,0,0,27,VBD,4
4,898,fast,14.214691179596382,0,0,0,28,RB,4
4,899,asleep.,22.008027205203707,0,1,1,29,RB_.,7
4,900,Then,13.252496740913198,1,0,0,1,RB,4
4,901,the,5.17205129965733,0,0,0,2,DT,3
4,902,little,12.310603251626194,0,0,0,3,JJ,6
4,903,bird,16.392416175782483,0,0,0,4,NN,4
4,904,guarded,18.933969240279218,0,0,0,5,VBN,7
4,905,by,8.57862391074893,0,0,0,6,IN,2
4,906,the,5.17205129965733,0,0,0,7,DT,3
4,907,owl,29.595751815031985,0,0,0,8,NN,3
4,908,peeped,39.65035609132562,0,0,0,9,VBD,6
4,909,"out,",15.265249413681502,0,0,1,10,"RP_,",4
4,910,and,6.2095491118355035,0,0,0,11,CC,3
4,911,when,10.303515303910618,0,0,0,12,WRB,4
4,912,he,9.438290970210815,0,0,0,13,PRP,2
4,913,saw,13.495633104836841,0,0,0,14,VBD,3
4,914,the,5.17205129965733,0,0,0,15,DT,3
4,915,owl's,38.42869194851312,0,0,0,16,NN_POS,5
4,916,two,10.629746926962948,0,0,0,17,CD,3
4,917,eyes,13.442879220912676,0,0,0,18,NNS,4
4,918,tight,15.737698041090148,0,0,0,19,RB,5
4,919,"shut,",20.573893166946387,0,0,1,20,"VBD_,",5
4,920,he,9.438290970210815,0,0,0,21,PRP,2
4,921,slipped,17.336982514466,0,0,0,22,VBD,7
4,922,from,8.815789051907856,0,0,0,23,IN,4
4,923,the,5.17205129965733,0,0,0,24,DT,3
4,924,hole,15.345611876895024,0,0,0,25,NN,4
4,925,and,6.2095491118355035,0,0,0,26,CC,3
4,926,flew,17.250928678489842,0,0,0,27,VBD,4
4,927,away.,17.57358581379454,0,1,1,28,RP_.,5
4,928,He,11.093002573340865,1,0,0,1,PRP,2
4,929,wanted,13.518675840293888,0,0,0,2,VBD,6
4,930,to,6.280557174231113,0,0,0,3,TO,2
4,931,"shout,",23.19043548560895,0,0,1,4,"VB_,",6
4,932,'I,20.387553075182254,0,0,1,5,``_PRP,2
4,933,am,12.074796245292639,0,0,0,6,VBP,2
4,934,king',25.539837037874726,0,0,1,7,NN_'',5
4,935,so,10.292139907252675,0,0,0,8,RB,2
4,936,that,7.5199882505590345,0,0,0,9,IN,4
4,937,the,5.17205129965733,0,0,0,10,DT,3
4,938,owl,29.595751815031985,0,0,0,11,NN,3
4,939,could,10.893270167851,0,0,0,12,MD,5
4,940,hear,14.196311843551069,0,0,0,13,VB,4
4,941,him,10.880211382537656,0,0,0,14,PRP,3
4,942,as,8.340623672004352,0,0,0,15,IN,2
4,943,he,9.438290970210815,0,0,0,16,PRP,2
4,944,"flew,",22.267297356421455,0,0,1,17,"VBD_,",5
4,945,but,9.64272076435627,0,0,0,18,CC,3
4,946,thought,12.816412505192044,0,0,0,19,VBD,7
4,947,better,12.492542561150294,0,0,0,20,JJR,6
4,948,of,5.986146708647226,0,0,0,21,IN,2
4,949,it.,13.272441062709198,0,1,1,22,PRP_.,3
4,950,From,14.266781402995232,1,0,0,1,IN,4
4,951,this,8.876632627435416,0,0,0,2,DT,4
4,952,time,10.33123308744883,0,0,0,3,NN,4
4,953,"on,",13.248474677094027,0,0,1,4,"RB_,",3
4,954,the,5.17205129965733,0,0,0,5,DT,3
4,955,owl,29.595751815031985,0,0,0,6,NN,3
4,956,fooled,27.724651675821523,0,0,0,7,VBN,6
4,957,by,8.57862391074893,0,0,0,8,IN,2
4,958,the,5.17205129965733,0,0,0,9,DT,3
4,959,little,12.310603251626194,0,0,0,10,JJ,6
4,960,bird,16.392416175782483,0,0,0,11,NN,4
4,961,has,9.754877406931001,0,0,0,12,VBZ,3
4,962,not,8.917353115369856,0,0,0,13,RB,3
4,963,dared,18.65273749217664,0,0,0,14,VBD,5
4,964,to,6.280557174231113,0,0,0,15,TO,2
4,965,show,12.304506530314583,0,0,0,16,VB,4
4,966,himself,13.478823168982373,0,0,0,17,PRP,7
4,967,by,8.57862391074893,0,0,0,18,IN,2
4,968,day,11.999020405453908,0,0,0,19,NN,3
4,969,for,7.693494297163422,0,0,0,20,IN,3
4,970,fear,14.697891729664157,0,0,0,21,NN,4
4,971,the,5.17205129965733,0,0,0,22,DT,3
4,972,birds,16.176566523496952,0,0,0,23,NNS,5
4,973,should,11.291470722138676,0,0,0,24,MD,6
4,974,beat,15.550550834155018,0,0,0,25,VB,4
4,975,the,5.17205129965733,0,0,0,26,DT,3
4,976,living,13.947698178169144,0,0,0,27,VBG,6
4,977,daylights,29.643616086716744,0,0,0,28,NNS,9
4,978,out,10.24888073574989,0,0,0,29,RB,3
4,979,of,5.986146708647226,0,0,0,30,IN,2
4,980,him.,15.776959186518361,0,1,1,31,PRP_.,4
4,981,He,11.093002573340865,1,0,0,1,PRP,2
4,982,flies,17.447850764209942,0,0,0,2,VBZ,5
4,983,about,10.294135891377458,0,0,0,3,RB,5
4,984,only,10.623289958781577,0,0,0,4,RB,4
4,985,at,8.781250634161243,0,0,0,5,IN,2
4,986,"nighttime,",31.679009562066838,0,0,1,6,"NN_,",10
4,987,hating,25.013609455913382,0,0,0,7,VBG,6
4,988,and,6.2095491118355035,0,0,0,8,CC,3
4,989,pursuing,17.74567569919252,0,0,0,9,VBG,8
4,990,not,8.917353115369856,0,0,0,10,RB,3
4,991,the,5.17205129965733,0,0,0,11,DT,3
4,992,"bird,",21.408784853714096,0,0,1,12,"NN_,",5
4,993,but,9.64272076435627,0,0,0,13,CC,3
4,994,the,5.17205129965733,0,0,0,14,DT,3
4,995,mouse,15.03503396175956,0,0,0,15,NN,5
4,996,for,7.693494297163422,0,0,0,16,IN,3
4,997,having,12.602228034777252,0,0,0,17,VBG,6
4,998,made,11.587671548013727,0,0,0,18,VBN,4
4,999,the,5.17205129965733,0,0,0,19,DT,3
4,1000,hole,15.345611876895024,0,0,0,20,NN,4
4,1001,into,10.48069811501334,0,0,0,21,IN,4
4,1002,which,9.57515612507219,0,0,0,22,WDT,5
4,1003,the,5.17205129965733,0,0,0,23,DT,3
4,1004,little,12.310603251626194,0,0,0,24,JJ,6
4,1005,bird,16.392416175782483,0,0,0,25,NN,4
4,1006,crept.,24.052012203617384,0,1,1,26,VBD_.,6
4,1007,And,12.086222150643554,1,0,0,1,CC,3
4,1008,the,5.17205129965733,0,0,0,2,DT,3
4,1009,little,12.310603251626194,0,0,0,3,JJ,6
4,1010,bird,16.392416175782483,0,0,0,4,NN,4
4,1011,also,10.2982876731973,0,0,0,5,RB,4
4,1012,keeps,16.162650685346893,0,0,0,6,VBZ,5
4,1013,out,10.24888073574989,0,0,0,7,RP,3
4,1014,of,5.986146708647226,0,0,0,8,IN,2
4,1015,"sight,",20.499564960733956,0,0,1,9,"NN_,",6
4,1016,for,7.693494297163422,0,0,0,10,IN,3
4,1017,he,9.438290970210815,0,0,0,11,PRP,2
4,1018,fears,17.182377741208267,0,0,0,12,VBZ,5
4,1019,that,7.5199882505590345,0,0,0,13,IN,4
4,1020,the,5.17205129965733,0,0,0,14,DT,3
4,1021,other,10.411287485854839,0,0,0,15,JJ,5
4,1022,birds,16.176566523496952,0,0,0,16,NNS,5
4,1023,should,11.291470722138676,0,0,0,17,MD,6
4,1024,punish,17.608962321514888,0,0,0,18,VB,6
4,1025,him,10.880211382537656,0,0,0,19,PRP,3
4,1026,for,7.693494297163422,0,0,0,20,IN,3
4,1027,his,9.520696265560964,0,0,0,21,PRP$,3
4,1028,cunning.,24.293380749323095,0,1,1,22,JJ_.,8
4,1029,The,8.824079763818386,1,0,0,1,DT,3
4,1030,rejection,17.209795421361594,0,0,0,2,NN,9
4,1031,by,8.57862391074893,0,0,0,3,IN,2
4,1032,the,5.17205129965733,0,0,0,4,DT,3
4,1033,other,10.411287485854839,0,0,0,5,JJ,5
4,1034,birds,16.176566523496952,0,0,0,6,NNS,5
4,1035,was,8.24568223794633,0,0,0,7,VBD,3
4,1036,a,6.556670229096891,0,0,0,8,DT,1
4,1037,bitter,17.364877338575624,0,0,0,9,JJ,6
4,1038,pill,17.644041027114234,0,0,0,10,NN,4
4,1039,to,6.280557174231113,0,0,0,11,TO,2
4,1040,swallow,18.53948678162747,0,0,0,12,VB,7
4,1041,for,7.693494297163422,0,0,0,13,IN,3
4,1042,the,5.17205129965733,0,0,0,14,DT,3
4,1043,nameless,34.40352209041763,0,0,0,15,JJ,8
4,1044,bird,16.392416175782483,0,0,0,16,NN,4
4,1045,the,5.17205129965733,0,0,0,17,DT,3
4,1046,owl,29.595751815031985,0,0,0,18,NN,3
4,1047,had,9.816722327264898,0,0,0,19,VBD,3
4,1048,let,12.807699838865982,0,0,0,20,VBN,3
4,1049,slip,16.909570412334663,0,0,0,21,VB,4
4,1050,away.,17.57358581379454,0,1,1,22,RP_.,5
4,1051,He,11.093002573340865,1,0,0,1,PRP,2
4,1052,hides,19.163845978451263,0,0,0,2,VBZ,5
4,1053,in,6.713150865180346,0,0,0,3,IN,2
4,1054,the,5.17205129965733,0,0,0,4,DT,3
4,1055,"hedges,",39.400928012454614,0,0,1,5,"NNS_,",7
4,1056,and,6.2095491118355035,0,0,0,6,CC,3
4,1057,when,10.303515303910618,0,0,0,7,WRB,4
4,1058,he,9.438290970210815,0,0,0,8,PRP,2
4,1059,thinks,16.132258252770665,0,0,0,9,VBZ,6
4,1060,himself,13.478823168982373,0,0,0,10,PRP,7
4,1061,quite,13.619207822239414,0,0,0,11,RB,5
4,1062,"safe,",19.55394812882581,0,0,1,12,"JJ_,",5
4,1063,he,9.438290970210815,0,0,0,13,PRP,2
4,1064,sings,19.208525663933493,0,0,0,14,VBZ,5
4,1065,"out,",15.265249413681502,0,0,1,15,"RP_,",4
4,1066,'I,20.387553075182254,0,0,1,16,``_PRP,2
4,1067,am,12.074796245292639,0,0,0,17,VBP,2
4,1068,"king,",20.55089449586498,0,0,0,18,NN_CC,5
4,1069,I,8.339223813452126,0,0,0,19,PRP,1
4,1070,am,12.074796245292639,0,0,0,20,VBP,2
4,1071,king!',31.817820981310266,0,1,1,21,NN_._'',6
4,1072,And,12.086222150643554,1,0,0,1,CC,3
4,1073,the,5.17205129965733,0,0,0,2,DT,3
4,1074,other,10.411287485854839,0,0,0,3,JJ,5
4,1075,birds,16.176566523496952,0,0,0,4,NNS,5
4,1076,in,6.713150865180346,0,0,0,5,IN,2
4,1077,mockery,32.09403247175079,0,0,0,6,NN,7
4,1078,call,12.96118336811007,0,0,0,7,VBP,4
4,1079,"out,",15.265249413681502,0,0,1,8,"RP_,",4
4,1080,"'Yes,",29.840989623583212,0,0,1,9,"``_UH_,",5
4,1081,"yes,",19.882853290902048,0,0,1,10,"UH_,",4
4,1082,the,5.17205129965733,0,0,0,11,DT,3
4,1083,"hedge-king,",45.57355483250643,0,0,1,12,"NN_,",11
4,1084,the,5.17205129965733,0,0,0,13,DT,3
4,1085,hedge-king!',56.84048131795172,0,1,1,14,NN_._'',12
5,1,At,13.802606129985257,1,0,0,1,IN,2
5,2,ten,14.081101244080443,0,0,0,2,CD,3
5,3,years,11.513517664793124,0,0,0,3,NNS,5
5,4,"old,",17.79523542986507,0,0,1,4,"JJ_,",4
5,5,I,8.339223813452126,0,0,0,5,PRP,1
5,6,could,10.893270167851,0,0,0,6,MD,5
5,7,not,8.917353115369856,0,0,0,7,RB,3
5,8,figure,14.343300064254905,0,0,0,8,VB,6
5,9,out,10.24888073574989,0,0,0,9,RP,3
5,10,what,10.597278888354701,0,0,0,10,WP,4
5,11,it,8.375693258728493,0,0,0,11,PRP,2
5,12,was,8.24568223794633,0,0,0,12,VBD,3
5,13,that,7.5199882505590345,0,0,0,13,WDT,4
5,14,this,8.876632627435416,0,0,0,14,DT,4
5,15,Elvis,19.19188163633453,0,0,0,15,NNP,5
5,16,Presley,29.615935038270255,0,0,0,16,NNP,7
5,17,guy,14.715986567855307,0,0,0,17,NN,3
5,18,had,9.816722327264898,0,0,0,18,VBD,3
5,19,that,7.5199882505590345,0,0,0,19,WDT,4
5,20,the,5.17205129965733,0,0,0,20,DT,3
5,21,rest,13.611126702465132,0,0,0,21,NN,4
5,22,of,5.986146708647226,0,0,0,22,IN,2
5,23,us,11.588938289708853,0,0,0,23,PRP,2
5,24,boys,15.46975763211573,0,0,0,24,NNS,4
5,25,did,11.420835168659025,0,0,0,25,VBD,3
5,26,not,8.917353115369856,0,0,0,26,RB,3
5,27,have.,13.90771284091451,0,1,1,27,VB_.,5
5,28,He,11.093002573340865,1,0,0,1,PRP,2
5,29,seemed,14.258799147381207,0,0,0,2,VBD,6
5,30,to,6.280557174231113,0,0,0,3,TO,2
5,31,be,8.447345415772759,0,0,0,4,VB,2
5,32,no,10.387625509173944,0,0,0,5,RB,2
5,33,different,11.605918719086816,0,0,0,6,JJ,9
5,34,from,8.815789051907856,0,0,0,7,IN,4
5,35,the,5.17205129965733,0,0,0,8,DT,3
5,36,rest,13.611126702465132,0,0,0,9,NN,4
5,37,of,5.986146708647226,0,0,0,10,IN,2
5,38,us.,16.48568609368956,0,1,1,11,PRP_.,3
5,39,He,11.093002573340865,1,0,0,1,PRP,2
5,40,was,8.24568223794633,0,0,0,2,VBD,3
5,41,simply,13.701484800708766,0,0,0,3,RB,6
5,42,a,6.556670229096891,0,0,0,4,DT,1
5,43,man,12.17288107728454,0,0,0,5,NN,3
5,44,who,10.440803113603465,0,0,0,6,WP,3
5,45,had,9.816722327264898,0,0,0,7,VBD,3
5,46,a,6.556670229096891,0,0,0,8,DT,1
5,47,"head,",17.75952599224804,0,0,1,9,"NN_,",5
5,48,two,10.629746926962948,0,0,0,10,CD,3
5,49,arms,14.900977751552134,0,0,0,11,NNS,4
5,50,and,6.2095491118355035,0,0,0,12,CC,3
5,51,two,10.629746926962948,0,0,0,13,CD,3
5,52,legs.,20.615837271677773,0,1,1,14,NNS_.,5
5,53,It,10.702508639150992,1,0,0,1,PRP,2
5,54,must,11.937809330034693,0,0,0,2,MD,4
5,55,have,9.010965036933804,0,0,0,3,VB,4
5,56,been,10.154650775356767,0,0,0,4,VBN,4
5,57,something,12.282864652440459,0,0,0,5,NN,9
5,58,pretty,14.031906458563022,0,0,0,6,RB,6
5,59,superlative,39.2030461966732,0,0,0,7,JJ,11
5,60,that,7.5199882505590345,0,0,0,8,WDT,4
5,61,he,9.438290970210815,0,0,0,9,PRP,2
5,62,had,9.816722327264898,0,0,0,10,VBD,3
5,63,hidden,15.644840060875666,0,0,0,11,VBN,6
5,64,"away,",17.693206687745448,0,0,1,12,"RB_,",5
5,65,because,11.238178964590961,0,0,0,13,IN,7
5,66,he,9.438290970210815,0,0,0,14,PRP,2
5,67,had,9.816722327264898,0,0,0,15,VBD,3
5,68,every,12.270042238127363,0,0,0,16,DT,5
5,69,young,13.459222824938607,0,0,0,17,JJ,5
5,70,girl,14.411800409216628,0,0,0,18,NN,4
5,71,at,8.781250634161243,0,0,0,19,IN,2
5,72,the,5.17205129965733,0,0,0,20,DT,3
5,73,orphanage,31.73781922101434,0,0,0,21,NN,9
5,74,wrapped,16.812585271968537,0,0,0,22,VBN,7
5,75,around,12.085954958389781,0,0,0,23,IN,6
5,76,his,9.520696265560964,0,0,0,24,PRP$,3
5,77,little,12.310603251626194,0,0,0,25,JJ,6
5,78,finger.,20.96878862127908,0,1,1,26,NN_.,7
5,79,At,13.135250131758099,1,0,0,1,IN,2
5,80,about,10.294135891377458,0,0,0,2,RB,5
5,81,nine,15.28158929518068,0,0,0,3,CD,4
5,82,o'clock,38.75117502447576,0,0,0,4,RB,7
5,83,on,8.232105999162414,0,0,0,5,IN,2
5,84,Saturday,15.410446587854647,0,0,0,6,NNP,8
5,85,"morning,",19.125510220782385,0,0,1,7,"NN_,",8
5,86,I,8.339223813452126,0,0,0,8,PRP,1
5,87,figured,16.8161660901126,0,0,0,9,VBD,7
5,88,a,6.556670229096891,0,0,0,10,DT,1
5,89,good,11.715562174867838,0,0,0,11,JJ,4
5,90,solution,13.412048653978815,0,0,0,12,NN,8
5,91,was,8.24568223794633,0,0,0,13,VBD,3
5,92,to,6.280557174231113,0,0,0,14,TO,2
5,93,ask,13.945591333015734,0,0,0,15,VB,3
5,94,Eugene,18.657936207033742,0,0,0,16,NNP,6
5,95,"Correthers,",57.66494091328168,0,0,1,17,"NNP_,",11
5,96,who,10.440803113603465,0,0,0,18,WP,3
5,97,was,8.24568223794633,0,0,0,19,VBD,3
5,98,one,9.838114205706063,0,0,0,20,CD,3
5,99,of,5.986146708647226,0,0,0,21,IN,2
5,100,the,5.17205129965733,0,0,0,22,DT,3
5,101,older,14.73233771858153,0,0,0,23,JJR,5
5,102,and,6.2095491118355035,0,0,0,24,CC,3
5,103,smarter,18.87076188503429,0,0,0,25,JJR,7
5,104,"boys,",20.486126310047343,0,0,1,26,"NNS_,",5
5,105,what,10.597278888354701,0,0,0,27,WP,4
5,106,it,8.375693258728493,0,0,0,28,PRP,2
5,107,was,8.24568223794633,0,0,0,29,VBD,3
5,108,that,7.5199882505590345,0,0,0,30,WDT,4
5,109,made,11.587671548013727,0,0,0,31,VBD,4
5,110,this,8.876632627435416,0,0,0,32,DT,4
5,111,Elvis,19.19188163633453,0,0,0,33,NNP,5
5,112,guy,14.715986567855307,0,0,0,34,NN,3
5,113,so,10.292139907252675,0,0,0,35,RB,2
5,114,special.,18.54882902690626,0,1,1,36,JJ_.,8
5,115,He,11.093002573340865,1,0,0,1,PRP,2
5,116,told,12.864458400149847,0,0,0,2,VBD,4
5,117,me,10.527717319335423,0,0,0,3,PRP,2
5,118,that,7.5199882505590345,0,0,0,4,IN,4
5,119,it,8.375693258728493,0,0,0,5,PRP,2
5,120,was,8.24568223794633,0,0,0,6,VBD,3
5,121,not,8.917353115369856,0,0,0,7,RB,3
5,122,anything,13.25985637541713,0,0,0,8,NN,8
5,123,about,10.294135891377458,0,0,0,9,IN,5
5,124,Elvis's,28.02482176981566,0,0,0,10,NNP_POS,7
5,125,"personality,",21.543006061490072,0,0,1,11,"NN_,",12
5,126,but,9.64272076435627,0,0,0,12,CC,3
5,127,his,9.520696265560964,0,0,0,13,PRP$,3
5,128,wavy,30.9201474346515,0,0,0,14,JJ,4
5,129,"hair,",19.43122312356763,0,0,1,15,"NN_,",5
5,130,and,6.2095491118355035,0,0,0,16,CC,3
5,131,the,5.17205129965733,0,0,0,17,DT,3
5,132,way,11.3685276337403,0,0,0,18,NN,3
5,133,he,9.438290970210815,0,0,0,19,PRP,2
5,134,moved,14.226927119950897,0,0,0,20,VBD,5
5,135,his,9.520696265560964,0,0,0,21,PRP$,3
5,136,body.,17.726157975113203,0,1,1,22,NN_.,5
5,137,About,16.341478970797382,1,0,0,1,RB,5
5,138,a,6.556670229096891,0,0,0,2,DT,1
5,139,half,13.33878725173875,0,0,0,3,NN,4
5,140,an,9.046558361117718,0,0,0,4,DT,2
5,141,hour,14.570058325538312,0,0,0,5,NN,4
5,142,"later,",17.858361970703104,0,0,1,6,"RB_,",6
5,143,the,5.17205129965733,0,0,0,7,DT,3
5,144,boys,15.46975763211573,0,0,0,8,NNS,4
5,145,in,6.713150865180346,0,0,0,9,IN,2
5,146,the,5.17205129965733,0,0,0,10,DT,3
5,147,orphanage,31.73781922101434,0,0,0,11,NN,9
5,148,called,12.619106163373399,0,0,0,12,VBN,6
5,149,down,11.728947275254644,0,0,0,13,RP,4
5,150,to,6.280557174231113,0,0,0,14,TO,2
5,151,the,5.17205129965733,0,0,0,15,DT,3
5,152,main,13.144014970746415,0,0,0,16,JJ,4
5,153,dining,17.14127508742234,0,0,0,17,NN,6
5,154,room,13.18001391078382,0,0,0,18,NN,4
5,155,by,8.57862391074893,0,0,0,19,IN,2
5,156,the,5.17205129965733,0,0,0,20,DT,3
5,157,matron,29.866797455643702,0,0,0,21,NN,6
5,158,were,9.396668283684079,0,0,0,22,VBD,4
5,159,told,12.864458400149847,0,0,0,23,VBN,4
5,160,that,7.5199882505590345,0,0,0,24,IN,4
5,161,they,9.911507183877728,0,0,0,25,PRP,4
5,162,were,9.396668283684079,0,0,0,26,VBD,4
5,163,all,9.763833843216453,0,0,0,27,RB,3
5,164,going,12.069428608054313,0,0,0,28,VBG,5
5,165,to,6.280557174231113,0,0,0,29,TO,2
5,166,downtown,17.01719757390338,0,0,0,30,NN,8
5,167,"Jacksonville,",24.355294849170875,0,0,1,31,"NNP_,",13
5,168,Florida,15.38748941908695,0,0,0,32,NNP,7
5,169,to,6.280557174231113,0,0,0,33,TO,2
5,170,get,10.94551217426815,0,0,0,34,VB,3
5,171,a,6.556670229096891,0,0,0,35,DT,1
5,172,new,10.885939281688206,0,0,0,36,JJ,3
5,173,pair,14.606446310140559,0,0,0,37,NN,4
5,174,of,5.986146708647226,0,0,0,38,IN,2
5,175,Buster,27.86601674676473,0,0,0,39,NNP,6
5,176,Brown,15.39993461633626,0,0,0,40,NNP,5
5,177,shoes,16.39209089730874,0,0,0,41,NNS,5
5,178,and,6.2095491118355035,0,0,0,42,CC,3
5,179,a,6.556670229096891,0,0,0,43,DT,1
5,180,haircut.,49.502445671110834,0,1,1,44,NN_.,8
5,181,That,12.803635355257288,1,0,0,1,DT,4
5,182,is,7.347528720939248,0,0,0,2,VBZ,2
5,183,when,10.303515303910618,0,0,0,3,WRB,4
5,184,I,8.339223813452126,0,0,0,4,PRP,1
5,185,got,12.425000057634286,0,0,0,5,VBD,3
5,186,this,8.876632627435416,0,0,0,6,DT,4
5,187,big,13.249197867766782,0,0,0,7,JJ,3
5,188,"idea,",18.447764147713574,0,0,1,8,"NN_,",5
5,189,which,9.57515612507219,0,0,0,9,WDT,5
5,190,hit,14.213041634739724,0,0,0,10,VBD,3
5,191,me,10.527717319335423,0,0,0,11,PRP,2
5,192,like,10.598838519142497,0,0,0,12,IN,4
5,193,a,6.556670229096891,0,0,0,13,DT,1
5,194,ton,16.767300293680925,0,0,0,14,NN,3
5,195,of,5.986146708647226,0,0,0,15,IN,2
5,196,bricks.,23.862202080854708,0,1,1,16,NNS_.,7
5,197,If,11.941681813900829,1,0,0,1,IN,2
5,198,the,5.17205129965733,0,0,0,2,DT,3
5,199,Elvis,19.19188163633453,0,0,0,3,NNP,5
5,200,haircut,44.605697867130125,0,0,0,4,NN,7
5,201,was,8.24568223794633,0,0,0,5,VBD,3
5,202,the,5.17205129965733,0,0,0,6,DT,3
5,203,big,13.249197867766782,0,0,0,7,JJ,3
5,204,"secret,",20.17421507788894,0,0,1,8,"NN_,",7
5,205,then,10.843719789981037,0,0,0,9,RB,4
5,206,Elvis's,28.02482176981566,0,0,0,10,NNP_POS,7
5,207,haircut,44.605697867130125,0,0,0,11,NN,7
5,208,I,8.339223813452126,0,0,0,12,PRP,1
5,209,was,8.24568223794633,0,0,0,13,VBD,3
5,210,going,12.069428608054313,0,0,0,14,VBG,5
5,211,to,6.280557174231113,0,0,0,15,TO,2
5,212,get.,15.842259978248855,0,1,1,16,VB_.,4
5,213,I,8.339223813452126,1,0,0,1,PRP,1
5,214,was,8.24568223794633,0,0,0,2,VBD,3
5,215,going,12.069428608054313,0,0,0,3,VBG,5
5,216,to,6.280557174231113,0,0,0,4,TO,2
5,217,have,9.010965036933804,0,0,0,5,VB,4
5,218,my,10.229271388022482,0,0,0,6,PRP$,2
5,219,day,11.999020405453908,0,0,0,7,NN,3
5,220,in,6.713150865180346,0,0,0,8,IN,2
5,221,the,5.17205129965733,0,0,0,9,DT,3
5,222,"sun,",19.89913899846522,0,0,1,10,"NN_,",4
5,223,and,6.2095491118355035,0,0,0,11,CC,3
5,224,all,9.763833843216453,0,0,0,12,PDT,3
5,225,the,5.17205129965733,0,0,0,13,DT,3
5,226,way,11.3685276337403,0,0,0,14,NN,3
5,227,to,6.280557174231113,0,0,0,15,TO,2
5,228,town,14.262850225778912,0,0,0,16,NN,4
5,229,that,7.5199882505590345,0,0,0,17,DT,4
5,230,was,8.24568223794633,0,0,0,18,VBD,3
5,231,all,9.763833843216453,0,0,0,19,NN,3
5,232,I,8.339223813452126,0,0,0,20,PRP,1
5,233,talked,15.89962416078847,0,0,0,21,VBD,6
5,234,about.,15.190883695358163,0,1,1,22,RP_.,6
5,235,The,8.824079763818386,1,0,0,1,DT,3
5,236,fact,12.557442627656766,0,0,0,2,NN,4
5,237,that,7.5199882505590345,0,0,0,3,IN,4
5,238,I,8.339223813452126,0,0,0,4,PRP,1
5,239,was,8.24568223794633,0,0,0,5,VBD,3
5,240,getting,13.453527758955854,0,0,0,6,VBG,7
5,241,an,9.046558361117718,0,0,0,7,DT,2
5,242,Elvis,19.19188163633453,0,0,0,8,NNP,5
5,243,"haircut,",49.62206654506174,0,0,1,9,"NN_,",8
5,244,not,8.917353115369856,0,0,0,10,RB,3
5,245,just,10.882719038846648,0,0,0,11,RB,4
5,246,the,5.17205129965733,0,0,0,12,DT,3
5,247,simple,13.497942563132902,0,0,0,13,JJ,6
5,248,fact,12.557442627656766,0,0,0,14,NN,4
5,249,that,7.5199882505590345,0,0,0,15,IN,4
5,250,we,9.393249661109394,0,0,0,16,PRP,2
5,251,were,9.396668283684079,0,0,0,17,VBD,4
5,252,getting,13.453527758955854,0,0,0,18,VBG,7
5,253,out,10.24888073574989,0,0,0,19,RP,3
5,254,of,5.986146708647226,0,0,0,20,IN,2
5,255,the,5.17205129965733,0,0,0,21,DT,3
5,256,"orphanage,",36.75418789894596,0,0,1,22,"NN_,",10
5,257,made,11.587671548013727,0,0,0,23,VBD,4
5,258,me,10.527717319335423,0,0,0,24,PRP,2
5,259,particularly,13.92998892243946,0,0,0,25,RB,12
5,260,loquacious.,51.27401945155924,0,1,1,26,JJ_.,11
5,261,I,8.339223813452126,1,0,0,1,PRP,1
5,262,told,12.864458400149847,0,0,0,2,VBD,4
5,263,"everybody,",21.216409202533537,0,0,1,3,"NN_,",10
5,264,including,12.367262387067662,0,0,0,4,VBG,9
5,265,the,5.17205129965733,0,0,0,5,DT,3
5,266,orphanage,31.73781922101434,0,0,0,6,JJ,9
5,267,matron,29.866797455643702,0,0,0,7,NN,6
5,268,I,8.339223813452126,0,0,0,8,PRP,1
5,269,normally,15.742446828205274,0,0,0,9,RB,8
5,270,"feared,",22.588821660992153,0,0,1,10,"VBD_,",7
5,271,that,7.5199882505590345,0,0,0,11,IN,4
5,272,I,8.339223813452126,0,0,0,12,PRP,1
5,273,was,8.24568223794633,0,0,0,13,VBD,3
5,274,going,12.069428608054313,0,0,0,14,VBG,5
5,275,to,6.280557174231113,0,0,0,15,TO,2
5,276,look,12.516925516693284,0,0,0,16,VB,4
5,277,just,10.882719038846648,0,0,0,17,RB,4
5,278,like,10.598838519142497,0,0,0,18,IN,4
5,279,Elvis,19.19188163633453,0,0,0,19,NNP,5
5,280,Presley,29.615935038270255,0,0,0,20,NNP,7
5,281,and,6.2095491118355035,0,0,0,21,CC,3
5,282,that,7.5199882505590345,0,0,0,22,IN,4
5,283,I,8.339223813452126,0,0,0,23,PRP,1
5,284,would,10.257280448841584,0,0,0,24,MD,5
5,285,learn,14.349862537537202,0,0,0,25,VB,5
5,286,to,6.280557174231113,0,0,0,26,TO,2
5,287,move,13.624709151534422,0,0,0,27,VB,4
5,288,around,12.085954958389781,0,0,0,28,RP,6
5,289,just,10.882719038846648,0,0,0,29,RB,4
5,290,like,10.598838519142497,0,0,0,30,IN,4
5,291,he,9.438290970210815,0,0,0,31,PRP,2
5,292,did,11.420835168659025,0,0,0,32,VBD,3
5,293,and,6.2095491118355035,0,0,0,33,CC,3
5,294,that,7.5199882505590345,0,0,0,34,IN,4
5,295,I,8.339223813452126,0,0,0,35,PRP,1
5,296,would,10.257280448841584,0,0,0,36,MD,5
5,297,be,8.447345415772759,0,0,0,37,VB,2
5,298,rich,15.23288066308628,0,0,0,38,JJ,4
5,299,and,6.2095491118355035,0,0,0,39,CC,3
5,300,famous,15.590070604598765,0,0,0,40,JJ,6
5,301,one,9.838114205706063,0,0,0,41,CD,3
5,302,"day,",17.01538908338552,0,0,1,42,"NN_,",4
5,303,just,10.882719038846648,0,0,0,43,RB,4
5,304,like,10.598838519142497,0,0,0,44,IN,4
5,305,him.,15.776959186518361,0,1,1,45,PRP_.,4
5,306,The,8.824079763818386,1,0,0,1,DT,3
5,307,matron,29.866797455643702,0,0,0,2,NN,6
5,308,understood,15.224620025987083,0,0,0,3,VBD,10
5,309,my,10.229271388022482,0,0,0,4,PRP$,2
5,310,idea,13.431395469781961,0,0,0,5,NN,4
5,311,was,8.24568223794633,0,0,0,6,VBD,3
5,312,something,12.282864652440459,0,0,0,7,NN,9
5,313,that,7.5199882505590345,0,0,0,8,WDT,4
5,314,I,8.339223813452126,0,0,0,9,PRP,1
5,315,was,8.24568223794633,0,0,0,10,VBD,3
5,316,really,12.324094158755152,0,0,0,11,RB,6
5,317,excited,15.671834153537013,0,0,0,12,JJ,7
5,318,about,10.294135891377458,0,0,0,13,IN,5
5,319,and,6.2095491118355035,0,0,0,14,CC,3
5,320,said,10.57886849101402,0,0,0,15,VBD,4
5,321,nothing.,18.177451135008134,0,1,1,16,NN_.,8
5,322,When,12.864300091874131,1,0,0,1,WRB,4
5,323,I,8.339223813452126,0,0,0,2,PRP,1
5,324,got,12.425000057634286,0,0,0,3,VBD,3
5,325,my,10.229271388022482,0,0,0,4,PRP$,2
5,326,new,10.885939281688206,0,0,0,5,JJ,3
5,327,Buster,27.86601674676473,0,0,0,6,NNP,6
5,328,Brown,15.39993461633626,0,0,0,7,NNP,5
5,329,"shoes,",21.408459575240354,0,0,1,8,"NNS_,",6
5,330,I,8.339223813452126,0,0,0,9,PRP,1
5,331,was,8.24568223794633,0,0,0,10,VBD,3
5,332,smiling,17.278006011190115,0,0,0,11,VBG,7
5,333,from,8.815789051907856,0,0,0,12,IN,4
5,334,ear,15.865315617432202,0,0,0,13,NN,3
5,335,to,6.280557174231113,0,0,0,14,TO,2
5,336,ear.,20.762063421412908,0,1,1,15,NN_.,4
5,337,Those,15.761227461103768,1,0,0,1,DT,5
5,338,"shoes,",21.408459575240354,0,0,1,2,"NNS_,",6
5,339,they,9.911507183877728,0,0,0,3,PRP,4
5,340,shined,29.156766636187346,0,0,0,4,VBD,6
5,341,really,12.324094158755152,0,0,0,5,RB,6
5,342,"brightly,",24.17943240009947,0,0,1,6,"RB_,",9
5,343,and,6.2095491118355035,0,0,0,7,CC,3
5,344,I,8.339223813452126,0,0,0,8,PRP,1
5,345,liked,15.969071980983081,0,0,0,9,VBD,5
5,346,looking,13.347439093871657,0,0,0,10,VBG,7
5,347,at,8.781250634161243,0,0,0,11,IN,2
5,348,the,5.17205129965733,0,0,0,12,DT,3
5,349,bones,16.782136189539,0,0,0,13,NNS,5
5,350,in,6.713150865180346,0,0,0,14,IN,2
5,351,my,10.229271388022482,0,0,0,15,PRP$,2
5,352,"feet,",19.360288795441722,0,0,1,16,"NNS_,",5
5,353,which,9.57515612507219,0,0,0,17,WDT,5
5,354,I,8.339223813452126,0,0,0,18,PRP,1
5,355,had,9.816722327264898,0,0,0,19,VBD,3
5,356,never,12.321925674555477,0,0,0,20,RB,5
5,357,seen,12.970374053808115,0,0,0,21,VBN,4
5,358,"before,",16.49368656050132,0,0,1,22,"RB_,",7
5,359,through,11.340957503730838,0,0,0,23,IN,7
5,360,a,6.556670229096891,0,0,0,24,DT,1
5,361,special,13.652081222925556,0,0,0,25,JJ,7
5,362,x-ray,33.39125031818574,0,0,0,26,JJ,5
5,363,machine,14.500731852759738,0,0,0,27,NN,7
5,364,they,9.911507183877728,0,0,0,28,PRP,4
5,365,had,9.816722327264898,0,0,0,29,VBD,3
5,366,in,6.713150865180346,0,0,0,30,IN,2
5,367,the,5.17205129965733,0,0,0,31,DT,3
5,368,shoe,17.675299863952862,0,0,0,32,NN,4
5,369,store,14.353620956051717,0,0,0,33,NN,5
5,370,that,7.5199882505590345,0,0,0,34,WDT,4
5,371,made,11.587671548013727,0,0,0,35,VBD,4
5,372,the,5.17205129965733,0,0,0,36,DT,3
5,373,bones,16.782136189539,0,0,0,37,NNS,5
5,374,in,6.713150865180346,0,0,0,38,IN,2
5,375,your,10.209775521911514,0,0,0,39,PRP$,4
5,376,feet,14.343920117510109,0,0,0,40,NNS,4
5,377,look,12.516925516693284,0,0,0,41,VB,4
5,378,green.,19.40005127345318,0,1,1,42,JJ_.,6
5,379,I,8.339223813452126,1,0,0,1,PRP,1
5,380,was,8.24568223794633,0,0,0,2,VBD,3
5,381,now,11.365912160007252,0,0,0,3,RB,3
5,382,almost,13.321123448276559,0,0,0,4,RB,6
5,383,ready,14.365944939022778,0,0,0,5,JJ,5
5,384,to,6.280557174231113,0,0,0,6,TO,2
5,385,go,11.844842323862729,0,0,0,7,VB,2
5,386,back,11.396550338104024,0,0,0,8,RB,4
5,387,to,6.280557174231113,0,0,0,9,TO,2
5,388,the,5.17205129965733,0,0,0,10,DT,3
5,389,orphanage,31.73781922101434,0,0,0,11,NN,9
5,390,and,6.2095491118355035,0,0,0,12,CC,3
5,391,practice,14.032849760335793,0,0,0,13,VB,8
5,392,being,11.57268805989128,0,0,0,14,VBG,5
5,393,like,10.598838519142497,0,0,0,15,IN,4
5,394,the,5.17205129965733,0,0,0,16,DT,3
5,395,man,12.17288107728454,0,0,0,17,NN,3
5,396,who,10.440803113603465,0,0,0,18,WP,3
5,397,all,9.763833843216453,0,0,0,19,PDT,3
5,398,the,5.17205129965733,0,0,0,20,DT,3
5,399,girls,15.10848174951812,0,0,0,21,NNS,5
5,400,"loved,",20.33872809678779,0,0,1,22,"VBD_,",6
5,401,since,12.243405733243922,0,0,0,23,IN,5
5,402,I,8.339223813452126,0,0,0,24,PRP,1
5,403,had,9.816722327264898,0,0,0,25,VBD,3
5,404,my,10.229271388022482,0,0,0,26,PRP$,2
5,405,new,10.885939281688206,0,0,0,27,JJ,3
5,406,Buster,27.86601674676473,0,0,0,28,NNP,6
5,407,Brown,15.39993461633626,0,0,0,29,NNP,5
5,408,shoes.,21.288838701289446,0,1,1,30,NNS_.,6
5,409,It,10.702508639150992,1,0,0,1,PRP,2
5,410,was,8.24568223794633,0,0,0,2,VBD,3
5,411,the,5.17205129965733,0,0,0,3,DT,3
5,412,new,10.885939281688206,0,0,0,4,JJ,3
5,413,"haircut,",49.62206654506174,0,0,1,5,"NN_,",8
5,414,"though,",17.859973008975096,0,0,1,6,"RB_,",7
5,415,that,7.5199882505590345,0,0,0,7,WDT,4
5,416,I,8.339223813452126,0,0,0,8,PRP,1
5,417,needed,13.521160937592931,0,0,0,9,VBD,6
5,418,to,6.280557174231113,0,0,0,10,TO,2
5,419,complete,13.75020568809299,0,0,0,11,VB,8
5,420,my,10.229271388022482,0,0,0,12,PRP$,2
5,421,new,10.885939281688206,0,0,0,13,JJ,3
5,422,look.,17.41367332067399,0,1,1,14,NN_.,5
5,423,We,11.121201235166446,1,0,0,1,PRP,2
5,424,finally,14.39205671036478,0,0,0,2,RB,7
5,425,arrived,15.252625497493284,0,0,0,3,VBD,7
5,426,at,8.781250634161243,0,0,0,4,IN,2
5,427,the,5.17205129965733,0,0,0,5,DT,3
5,428,"unassuming,",35.60287147414471,0,0,1,6,"JJ_,",11
5,429,unembellished,57.286443279357535,0,0,0,7,JJ,13
5,430,"barbershop,",52.96925272973806,0,0,1,8,"NN_,",11
5,431,where,11.018728120918755,0,0,0,9,WRB,5
5,432,they,9.911507183877728,0,0,0,10,PRP,4
5,433,cut,13.87114819634693,0,0,0,11,VBD,3
5,434,our,10.71003955157126,0,0,0,12,PRP$,3
5,435,hair,14.414854445636017,0,0,0,13,NN,4
5,436,for,7.693494297163422,0,0,0,14,IN,3
5,437,free,12.790861343026585,0,0,0,15,JJ,4
5,438,because,11.238178964590961,0,0,0,16,IN,7
5,439,we,9.393249661109394,0,0,0,17,PRP,2
5,440,were,9.396668283684079,0,0,0,18,VBD,4
5,441,orphans.,41.05013413541009,0,1,1,19,NNS_.,8
5,442,Even,14.560355188094647,1,0,0,1,RB,4
5,443,though,12.843604331043483,0,0,0,2,IN,6
5,444,we,9.393249661109394,0,0,0,3,PRP,2
5,445,were,9.396668283684079,0,0,0,4,VBD,4
5,446,supposed,15.155967124950564,0,0,0,5,VBN,8
5,447,to,6.280557174231113,0,0,0,6,TO,2
5,448,slowly,15.381296760973036,0,0,0,7,RB,6
5,449,wait,14.568547625897388,0,0,0,8,VB,4
5,450,to,6.280557174231113,0,0,0,9,TO,2
5,451,be,8.447345415772759,0,0,0,10,VB,2
5,452,"called,",17.63547484130501,0,0,1,11,"VBN_,",7
5,453,I,8.339223813452126,0,0,0,12,PRP,1
5,454,ran,14.935684037780796,0,0,0,13,VBD,3
5,455,straight,14.85479759023,0,0,0,14,RB,8
5,456,up,10.382393736990075,0,0,0,15,RP,2
5,457,to,6.280557174231113,0,0,0,16,TO,2
5,458,one,9.838114205706063,0,0,0,17,CD,3
5,459,of,5.986146708647226,0,0,0,18,IN,2
5,460,the,5.17205129965733,0,0,0,19,DT,3
5,461,barber,28.152564808796562,0,0,0,20,NN,6
5,462,chairs,17.54857836641311,0,0,0,21,NNS,6
5,463,and,6.2095491118355035,0,0,0,22,CC,3
5,464,climbed,17.57288861227526,0,0,0,23,VBD,7
5,465,up,10.382393736990075,0,0,0,24,RP,2
5,466,onto,14.425756024209026,0,0,0,25,IN,4
5,467,the,5.17205129965733,0,0,0,26,DT,3
5,468,board,14.373478654464687,0,0,0,27,NN,5
5,469,the,5.17205129965733,0,0,0,28,DT,3
5,470,barber,28.152564808796562,0,0,0,29,NN,6
5,471,placed,14.420074474393562,0,0,0,30,VBD,6
5,472,across,13.078926916031726,0,0,0,31,IN,6
5,473,the,5.17205129965733,0,0,0,32,DT,3
5,474,arms,14.900977751552134,0,0,0,33,NNS,4
5,475,to,6.280557174231113,0,0,0,34,TO,2
5,476,make,11.420941565900218,0,0,0,35,VB,4
5,477,me,10.527717319335423,0,0,0,36,PRP,2
5,478,sit,14.947254840520092,0,0,0,37,VB,3
5,479,up,10.382393736990075,0,0,0,38,RB,2
5,480,higher.,17.751907711533985,0,1,1,39,JJR_.,7
5,481,I,8.339223813452126,1,0,0,1,PRP,1
5,482,looked,13.60481780339861,0,0,0,2,VBD,6
5,483,at,8.781250634161243,0,0,0,3,IN,2
5,484,the,5.17205129965733,0,0,0,4,DT,3
5,485,man,12.17288107728454,0,0,0,5,NN,3
5,486,and,6.2095491118355035,0,0,0,6,CC,3
5,487,"said,",15.595237168945633,0,0,1,7,"VBD_,",5
5,488,with,8.014664635242958,0,0,0,8,IN,4
5,489,a,6.556670229096891,0,0,0,9,DT,1
5,490,beaming,24.602177056755245,0,0,0,10,VBG,7
5,491,smile,15.593555494831403,0,0,0,11,NN,5
5,492,on,8.232105999162414,0,0,0,12,IN,2
5,493,my,10.229271388022482,0,0,0,13,PRP$,2
5,494,"face,",18.133357826470238,0,0,1,14,"NN_,",5
5,495,'I,20.387553075182254,0,0,1,15,``_PRP,2
5,496,want,11.741135763223902,0,0,0,16,VBP,4
5,497,an,9.046558361117718,0,0,0,17,DT,2
5,498,Elvis,19.19188163633453,0,0,0,18,NNP,5
5,499,haircut.,49.502445671110834,0,1,1,19,NN_.,8
5,500,Can,14.769612720633397,1,0,0,1,MD,3
5,501,you,8.711964911935151,0,0,0,2,PRP,3
5,502,make,11.420941565900218,0,0,0,3,VBP,4
5,503,my,10.229271388022482,0,0,0,4,PRP$,2
5,504,hair,14.414854445636017,0,0,0,5,NN,4
5,505,like,10.598838519142497,0,0,0,6,IN,4
5,506,Elvis's?',42.81296642691721,0,1,1,7,NNP_POS_._'',9
5,507,I,8.339223813452126,1,0,0,1,PRP,1
5,508,asked.,18.03999236115946,0,1,1,2,VBD_.,6
5,509,The,8.824079763818386,1,0,0,1,DT,3
5,510,"barber,",33.16893348672818,0,0,1,2,"NN_,",7
5,511,who,10.440803113603465,0,0,0,3,WP,3
5,512,was,8.24568223794633,0,0,0,4,VBD,3
5,513,a,6.556670229096891,0,0,0,5,DT,1
5,514,genial,29.64066790610169,0,0,0,6,JJ,6
5,515,young,13.459222824938607,0,0,0,7,JJ,5
5,516,"man,",17.189249755216153,0,0,1,8,"NN_,",4
5,517,grinned,18.314147715924026,0,0,0,9,VBD,7
5,518,back,11.396550338104024,0,0,0,10,RB,4
5,519,at,8.781250634161243,0,0,0,11,IN,2
5,520,me,10.527717319335423,0,0,0,12,PRP,2
5,521,and,6.2095491118355035,0,0,0,13,CC,3
5,522,said,10.57886849101402,0,0,0,14,VBD,4
5,523,that,7.5199882505590345,0,0,0,15,IN,4
5,524,he,9.438290970210815,0,0,0,16,PRP,2
5,525,would,10.257280448841584,0,0,0,17,MD,5
5,526,try,13.317313086466278,0,0,0,18,VB,3
5,527,his,9.520696265560964,0,0,0,19,PRP$,3
5,528,best.,17.25784975825387,0,1,1,20,JJS_.,5
5,529,I,8.339223813452126,1,0,0,1,PRP,1
5,530,was,8.24568223794633,0,0,0,2,VBD,3
5,531,so,10.292139907252675,0,0,0,3,RB,2
5,532,happy,14.546085211716154,0,0,0,4,JJ,5
5,533,when,10.303515303910618,0,0,0,5,WRB,4
5,534,he,9.438290970210815,0,0,0,6,PRP,2
5,535,started,13.507978806359791,0,0,0,7,VBD,7
5,536,to,6.280557174231113,0,0,0,8,TO,2
5,537,cut,13.87114819634693,0,0,0,9,VB,3
5,538,my,10.229271388022482,0,0,0,10,PRP$,2
5,539,"hair,",19.43122312356763,0,0,1,11,"NN_,",5
5,540,but,9.64272076435627,0,0,0,12,CC,3
5,541,just,10.882719038846648,0,0,0,13,RB,4
5,542,as,8.340623672004352,0,0,0,14,IN,2
5,543,he,9.438290970210815,0,0,0,15,PRP,2
5,544,started,13.507978806359791,0,0,0,16,VBD,7
5,545,to,6.280557174231113,0,0,0,17,TO,2
5,546,"cut,",18.887516874278543,0,0,1,18,"VB_,",4
5,547,the,5.17205129965733,0,0,0,19,DT,3
5,548,"matron,",34.883166133575315,0,0,1,20,"NN_,",7
5,549,who,10.440803113603465,0,0,0,21,WP,3
5,550,had,9.816722327264898,0,0,0,22,VBD,3
5,551,been,10.154650775356767,0,0,0,23,VBN,4
5,552,watching,15.293819785739021,0,0,0,24,VBG,8
5,553,me,10.527717319335423,0,0,0,25,PRP,2
5,554,and,6.2095491118355035,0,0,0,26,CC,3
5,555,had,9.816722327264898,0,0,0,27,VBD,3
5,556,a,6.556670229096891,0,0,0,28,DT,1
5,557,look,12.516925516693284,0,0,0,29,NN,4
5,558,as,8.340623672004352,0,0,0,30,IN,2
5,559,cold,14.643291922273203,0,0,0,31,NN,4
5,560,as,8.340623672004352,0,0,0,32,IN,2
5,561,"ice,",20.07407469206167,0,0,1,33,"NN_,",4
5,562,motioned,24.45655160474324,0,0,0,34,VBD,8
5,563,for,7.693494297163422,0,0,0,35,IN,3
5,564,him,10.880211382537656,0,0,0,36,PRP,3
5,565,to,6.280557174231113,0,0,0,37,TO,2
5,566,come,12.389346740104251,0,0,0,38,VB,4
5,567,over,10.810818724204807,0,0,0,39,RB,4
5,568,to,6.280557174231113,0,0,0,40,TO,2
5,569,where,11.018728120918755,0,0,0,41,WRB,5
5,570,she,10.66154210357584,0,0,0,42,PRP,3
5,571,was,8.24568223794633,0,0,0,43,VBD,3
5,572,standing.,19.845669431545176,0,1,1,44,VBG_.,9
5,573,She,12.23137344081347,1,0,0,1,PRP,3
5,574,whispered,17.138668288843633,0,0,0,2,VBN,9
5,575,something,12.282864652440459,0,0,0,3,NN,9
5,576,into,10.48069811501334,0,0,0,4,IN,4
5,577,his,9.520696265560964,0,0,0,5,PRP$,3
5,578,ear,15.865315617432202,0,0,0,6,NN,3
5,579,that,7.5199882505590345,0,0,0,7,WDT,4
5,580,caused,14.182257100871684,0,0,0,8,VBD,6
5,581,the,5.17205129965733,0,0,0,9,DT,3
5,582,barber,28.152564808796562,0,0,0,10,NN,6
5,583,to,6.280557174231113,0,0,0,11,TO,2
5,584,shake,17.17458801942781,0,0,0,12,VB,5
5,585,his,9.520696265560964,0,0,0,13,PRP$,3
5,586,"head,",17.75952599224804,0,0,1,14,"NN_,",5
5,587,like,10.598838519142497,0,0,0,15,IN,4
5,588,he,9.438290970210815,0,0,0,16,PRP,2
5,589,was,8.24568223794633,0,0,0,17,VBD,3
5,590,telling,15.354327369687358,0,0,0,18,VBG,7
5,591,"her,",15.15356361130831,0,0,1,19,"PRP_,",4
5,592,'No'.,38.33151315978965,0,1,1,20,``_UH_''_.,5
5,593,In,10.361524289609886,1,0,0,1,IN,2
5,594,"response,",18.064817653911824,0,0,1,2,"NN_,",9
5,595,the,5.17205129965733,0,0,0,3,DT,3
5,596,matron,29.866797455643702,0,0,0,4,NN,6
5,597,walked,15.260717815683801,0,0,0,5,VBD,6
5,598,over,10.810818724204807,0,0,0,6,RB,4
5,599,to,6.280557174231113,0,0,0,7,TO,2
5,600,a,6.556670229096891,0,0,0,8,DT,1
5,601,little,12.310603251626194,0,0,0,9,JJ,6
5,602,man,12.17288107728454,0,0,0,10,NN,3
5,603,sitting,15.193283332284686,0,0,0,11,VBG,7
5,604,in,6.713150865180346,0,0,0,12,IN,2
5,605,an,9.046558361117718,0,0,0,13,DT,2
5,606,office,13.995984494669536,0,0,0,14,NN,6
5,607,chair,15.634327408260972,0,0,0,15,NN,5
5,608,that,7.5199882505590345,0,0,0,16,WDT,4
5,609,squeaked,34.74115678519399,0,0,0,17,VBD,8
5,610,as,8.340623672004352,0,0,0,18,IN,2
5,611,it,8.375693258728493,0,0,0,19,PRP,2
5,612,rolled,16.680670955087244,0,0,0,20,VBD,6
5,613,around,12.085954958389781,0,0,0,21,IN,6
5,614,the,5.17205129965733,0,0,0,22,DT,3
5,615,floor,14.587184228840869,0,0,0,23,NN,5
5,616,and,6.2095491118355035,0,0,0,24,CC,3
5,617,spoke,15.324052511135172,0,0,0,25,VBD,5
5,618,to,6.280557174231113,0,0,0,26,TO,2
5,619,him.,15.776959186518361,0,1,1,27,PRP_.,4
5,620,It,10.702508639150992,1,0,0,1,PRP,2
5,621,was,8.24568223794633,0,0,0,2,VBD,3
5,622,the,5.17205129965733,0,0,0,3,DT,3
5,623,little,12.310603251626194,0,0,0,4,JJ,6
5,624,man,12.17288107728454,0,0,0,5,NN,3
5,625,who,10.440803113603465,0,0,0,6,WP,3
5,626,then,10.843719789981037,0,0,0,7,RB,4
5,627,walked,15.260717815683801,0,0,0,8,VBD,6
5,628,over,10.810818724204807,0,0,0,9,RP,4
5,629,and,6.2095491118355035,0,0,0,10,CC,3
5,630,said,10.57886849101402,0,0,0,11,VBD,4
5,631,something,12.282864652440459,0,0,0,12,NN,9
5,632,to,6.280557174231113,0,0,0,13,TO,2
5,633,the,5.17205129965733,0,0,0,14,DT,3
5,634,man,12.17288107728454,0,0,0,15,NN,3
5,635,who,10.440803113603465,0,0,0,16,WP,3
5,636,was,8.24568223794633,0,0,0,17,VBD,3
5,637,cutting,15.881636057902565,0,0,0,18,VBG,7
5,638,my,10.229271388022482,0,0,0,19,PRP$,2
5,639,hair.,19.311602249616723,0,1,1,20,NN_.,5
5,640,The,8.824079763818386,1,0,0,1,DT,3
5,641,next,12.42005421982443,0,0,0,2,JJ,4
5,642,thing,12.852764825275539,0,0,0,3,NN,5
5,643,I,8.339223813452126,0,0,0,4,PRP,1
5,644,"knew,",18.640984466815556,0,0,1,5,"VBD_,",5
5,645,the,5.17205129965733,0,0,0,6,DT,3
5,646,man,12.17288107728454,0,0,0,7,NN,3
5,647,who,10.440803113603465,0,0,0,8,WP,3
5,648,was,8.24568223794633,0,0,0,9,VBD,3
5,649,cutting,15.881636057902565,0,0,0,10,VBG,7
5,650,my,10.229271388022482,0,0,0,11,PRP$,2
5,651,hair,14.414854445636017,0,0,0,12,NN,4
5,652,told,12.864458400149847,0,0,0,13,VBD,4
5,653,me,10.527717319335423,0,0,0,14,PRP,2
5,654,that,7.5199882505590345,0,0,0,15,IN,4
5,655,he,9.438290970210815,0,0,0,16,PRP,2
5,656,was,8.24568223794633,0,0,0,17,VBD,3
5,657,no,10.387625509173944,0,0,0,18,RB,2
5,658,longer,13.698172152016731,0,0,0,19,RB,6
5,659,allowed,14.126733469009988,0,0,0,20,VBN,7
5,660,to,6.280557174231113,0,0,0,21,TO,2
5,661,give,12.606415490730523,0,0,0,22,VB,4
5,662,me,10.527717319335423,0,0,0,23,PRP,2
5,663,an,9.046558361117718,0,0,0,24,DT,2
5,664,Elvis,19.19188163633453,0,0,0,25,NNP,5
5,665,cut.,18.767896000327635,0,1,1,26,NN_.,4
5,666,'Why,25.111419095869753,1,0,1,1,``_WRB,4
5,667,not?',23.705497772471404,0,0,1,2,RB_._'',5
5,668,I,8.339223813452126,0,0,0,3,PRP,1
5,669,cried,16.609654054499288,0,0,0,4,VBD,5
5,670,desperately.,22.88121206282751,0,1,1,5,RB_.,12
5,671,The,8.824079763818386,1,0,0,1,DT,3
5,672,kindly,18.030368255969123,0,0,0,2,JJ,6
5,673,barber,28.152564808796562,0,0,0,3,NN,6
5,674,stopped,14.935206004710285,0,0,0,4,VBN,7
5,675,by,8.57862391074893,0,0,0,5,IN,2
5,676,the,5.17205129965733,0,0,0,6,DT,3
5,677,matron,29.866797455643702,0,0,0,7,NN,6
5,678,did,11.420835168659025,0,0,0,8,VBD,3
5,679,not,8.917353115369856,0,0,0,9,RB,3
5,680,"answer,",18.889549931751336,0,0,1,10,"VB_,",7
5,681,but,9.64272076435627,0,0,0,11,CC,3
5,682,from,8.815789051907856,0,0,0,12,IN,4
5,683,his,9.520696265560964,0,0,0,13,PRP$,3
5,684,"expression,",17.765277236863618,0,0,1,14,"NN_,",11
5,685,I,8.339223813452126,0,0,0,15,PRP,1
5,686,could,10.893270167851,0,0,0,16,MD,5
5,687,tell,13.240595621559272,0,0,0,17,VB,4
5,688,that,7.5199882505590345,0,0,0,18,IN,4
5,689,he,9.438290970210815,0,0,0,19,PRP,2
5,690,wished,16.97967989745026,0,0,0,20,VBD,6
5,691,he,9.438290970210815,0,0,0,21,PRP,2
5,692,could,10.893270167851,0,0,0,22,MD,5
5,693,cut,13.87114819634693,0,0,0,23,VB,3
5,694,it,8.375693258728493,0,0,0,24,PRP,2
5,695,as,8.340623672004352,0,0,0,25,IN,2
5,696,I,8.339223813452126,0,0,0,26,PRP,1
5,697,had,9.816722327264898,0,0,0,27,VBD,3
5,698,asked.,18.03999236115946,0,1,1,28,VBN_.,6
5,699,Within,16.8474765318086,1,0,0,1,IN,6
5,700,a,6.556670229096891,0,0,0,2,DT,1
5,701,few,12.402199019809682,0,0,0,3,JJ,3
5,702,"minutes,",18.42804357586703,0,0,1,4,"NNS_,",8
5,703,it,8.375693258728493,0,0,0,5,PRP,2
5,704,wasn't,23.865961448894634,0,0,0,6,VBD_RB,6
5,705,an,9.046558361117718,0,0,0,7,DT,2
5,706,Elvis,19.19188163633453,0,0,0,8,NNP,5
5,707,"haircut,",49.62206654506174,0,0,1,9,"NN_,",8
5,708,but,9.64272076435627,0,0,0,10,CC,3
5,709,a,6.556670229096891,0,0,0,11,DT,1
5,710,short,13.254250411330087,0,0,0,12,JJ,5
5,711,buzz,17.73442369710962,0,0,0,13,NN,4
5,712,cut,13.87114819634693,0,0,0,14,NN,3
5,713,that,7.5199882505590345,0,0,0,15,WDT,4
5,714,the,5.17205129965733,0,0,0,16,DT,3
5,715,barber,28.152564808796562,0,0,0,17,NN,6
5,716,had,9.816722327264898,0,0,0,18,VBD,3
5,717,given,12.349004721766544,0,0,0,19,VBN,5
5,718,me.,15.424465123316129,0,1,1,20,PRP_.,3
5,719,When,12.864300091874131,1,0,0,1,WRB,4
5,720,he,9.438290970210815,0,0,0,2,PRP,2
5,721,finished,15.085592739663923,0,0,0,3,VBD,8
5,722,shaving,30.577861944367797,0,0,0,4,VBG,7
5,723,off,11.981015731191064,0,0,0,5,RP,3
5,724,all,9.763833843216453,0,0,0,6,PDT,3
5,725,my,10.229271388022482,0,0,0,7,PRP$,2
5,726,hair,14.414854445636017,0,0,0,8,NN,4
5,727,and,6.2095491118355035,0,0,0,9,CC,3
5,728,made,11.587671548013727,0,0,0,10,VBD,4
5,729,me,10.527717319335423,0,0,0,11,PRP,2
5,730,smell,16.551332735182665,0,0,0,12,VBP,5
5,731,real,12.795746827642809,0,0,0,13,RB,4
5,732,good,11.715562174867838,0,0,0,14,JJ,4
5,733,with,8.014664635242958,0,0,0,15,IN,4
5,734,his,9.520696265560964,0,0,0,16,PRP$,3
5,735,"powder,",21.228501419407888,0,0,1,17,"NN_,",7
5,736,the,5.17205129965733,0,0,0,18,DT,3
5,737,barber,28.152564808796562,0,0,0,19,NN,6
5,738,handed,16.607588432446857,0,0,0,20,VBD,6
5,739,me,10.527717319335423,0,0,0,21,PRP,2
5,740,a,6.556670229096891,0,0,0,22,DT,1
5,741,nickel,18.302346863053963,0,0,0,23,NN,6
5,742,and,6.2095491118355035,0,0,0,24,CC,3
5,743,told,12.864458400149847,0,0,0,25,VBD,4
5,744,me,10.527717319335423,0,0,0,26,PRP,2
5,745,to,6.280557174231113,0,0,0,27,TO,2
5,746,go,11.844842323862729,0,0,0,28,VB,2
5,747,outside,13.697038804078616,0,0,0,29,IN,7
5,748,to,6.280557174231113,0,0,0,30,TO,2
5,749,the,5.17205129965733,0,0,0,31,DT,3
5,750,snack,18.615342261940036,0,0,0,32,NN,5
5,751,machine,14.500731852759738,0,0,0,33,NN,7
5,752,and,6.2095491118355035,0,0,0,34,CC,3
5,753,buy,14.578201082702808,0,0,0,35,VB,3
5,754,myself,14.175839378290899,0,0,0,36,PRP,6
5,755,a,6.556670229096891,0,0,0,37,DT,1
5,756,candy,18.051974948891107,0,0,0,38,NN,5
5,757,bar.,18.80218363249827,0,1,1,39,NN_.,4
5,758,I,8.339223813452126,1,0,0,1,PRP,1
5,759,handed,16.607588432446857,0,0,0,2,VBD,6
5,760,him,10.880211382537656,0,0,0,3,PRP,3
5,761,the,5.17205129965733,0,0,0,4,DT,3
5,762,nickel,18.302346863053963,0,0,0,5,NN,6
5,763,back,11.396550338104024,0,0,0,6,RB,4
5,764,and,6.2095491118355035,0,0,0,7,CC,3
5,765,told,12.864458400149847,0,0,0,8,VBD,4
5,766,him,10.880211382537656,0,0,0,9,PRP,3
5,767,that,7.5199882505590345,0,0,0,10,IN,4
5,768,I,8.339223813452126,0,0,0,11,PRP,1
5,769,was,8.24568223794633,0,0,0,12,VBD,3
5,770,not,8.917353115369856,0,0,0,13,RB,3
5,771,hungry.,22.110365748440337,0,1,1,14,JJ_.,7
5,772,'I'm,32.26347317192539,1,0,1,1,``_PRP_VBP,4
5,773,so,10.292139907252675,0,0,0,2,RB,2
5,774,"sorry,",20.14999193487784,0,0,1,3,"JJ_,",6
5,775,"baby,'",29.334958314645828,0,0,1,4,"NN_,_''",6
5,776,he,9.438290970210815,0,0,0,5,PRP,2
5,777,"said,",15.595237168945633,0,0,1,6,"VBD_,",5
5,778,as,8.340623672004352,0,0,0,7,IN,2
5,779,I,8.339223813452126,0,0,0,8,PRP,1
5,780,climbed,17.57288861227526,0,0,0,9,VBD,7
5,781,out,10.24888073574989,0,0,0,10,RP,3
5,782,of,5.986146708647226,0,0,0,11,IN,2
5,783,his,9.520696265560964,0,0,0,12,PRP$,3
5,784,barber,28.152564808796562,0,0,0,13,NN,6
5,785,chair.,20.531075212241678,0,1,1,14,NN_.,6
5,786,'I,20.387553075182254,1,0,1,1,``_PRP,2
5,787,am,12.074796245292639,0,0,0,2,VBP,2
5,788,not,8.917353115369856,0,0,0,3,RB,3
5,789,a,6.556670229096891,0,0,0,4,DT,1
5,790,"baby,'",29.334958314645828,0,0,1,5,"NN_,_''",6
5,791,I,8.339223813452126,0,0,0,6,PRP,1
5,792,"said,",15.595237168945633,0,0,1,7,"VBD_,",5
5,793,as,8.340623672004352,0,0,0,8,IN,2
5,794,I,8.339223813452126,0,0,0,9,PRP,1
5,795,wiped,18.07926793820495,0,0,0,10,VBD,5
5,796,the,5.17205129965733,0,0,0,11,DT,3
5,797,tears,16.373371026118786,0,0,0,12,NNS,5
5,798,from,8.815789051907856,0,0,0,13,IN,4
5,799,my,10.229271388022482,0,0,0,14,PRP$,2
5,800,eyes.,18.33962702489338,0,1,1,15,NNS_.,5
5,801,I,8.339223813452126,1,0,0,1,PRP,1
5,802,then,10.843719789981037,0,0,0,2,RB,4
5,803,sat,14.727032201478412,0,0,0,3,VBD,3
5,804,down,11.728947275254644,0,0,0,4,RB,4
5,805,on,8.232105999162414,0,0,0,5,IN,2
5,806,the,5.17205129965733,0,0,0,6,DT,3
5,807,floor,14.587184228840869,0,0,0,7,NN,5
5,808,and,6.2095491118355035,0,0,0,8,CC,3
5,809,brushed,18.679443574928634,0,0,0,9,VBD,7
5,810,away,12.676838009813835,0,0,0,10,RB,4
5,811,the,5.17205129965733,0,0,0,11,DT,3
5,812,hair,14.414854445636017,0,0,0,12,NN,4
5,813,that,7.5199882505590345,0,0,0,13,WDT,4
5,814,had,9.816722327264898,0,0,0,14,VBD,3
5,815,accumulated,17.482184866317343,0,0,0,15,VBN,11
5,816,on,8.232105999162414,0,0,0,16,IN,2
5,817,my,10.229271388022482,0,0,0,17,PRP$,2
5,818,shiny,18.32460614809903,0,0,0,18,JJ,5
5,819,new,10.885939281688206,0,0,0,19,JJ,3
5,820,Buster,27.86601674676473,0,0,0,20,NNP,6
5,821,Brown,15.39993461633626,0,0,0,21,NNP,5
5,822,shoes.,21.288838701289446,0,1,1,22,NNS_.,6
5,823,My,13.571012992069004,1,0,0,1,PRP$,2
5,824,head,12.743157314316427,0,0,0,2,NN,4
5,825,was,8.24568223794633,0,0,0,3,VBD,3
5,826,no,10.387625509173944,0,0,0,4,RB,2
5,827,longer,13.698172152016731,0,0,0,5,RB,6
5,828,in,6.713150865180346,0,0,0,6,IN,2
5,829,the,5.17205129965733,0,0,0,7,DT,3
5,830,"clouds,",21.959958476195837,0,0,1,8,"NNS_,",7
5,831,and,6.2095491118355035,0,0,0,9,CC,3
5,832,I,8.339223813452126,0,0,0,10,PRP,1
5,833,got,12.425000057634286,0,0,0,11,VBD,3
5,834,up,10.382393736990075,0,0,0,12,RP,2
5,835,off,11.981015731191064,0,0,0,13,IN,3
5,836,the,5.17205129965733,0,0,0,14,DT,3
5,837,"floor,",19.60355290677248,0,0,1,15,"NN_,",6
5,838,brushed,18.679443574928634,0,0,0,16,VBD,7
5,839,off,11.981015731191064,0,0,0,17,RP,3
5,840,my,10.229271388022482,0,0,0,18,PRP$,2
5,841,short,13.254250411330087,0,0,0,19,JJ,5
5,842,"pants,",22.33085258192013,0,0,1,20,"NNS_,",6
5,843,and,6.2095491118355035,0,0,0,21,CC,3
5,844,walked,15.260717815683801,0,0,0,22,VBD,6
5,845,sullenly,41.61765668607878,0,0,0,23,RB,8
5,846,towards,14.24892424314076,0,0,0,24,IN,7
5,847,the,5.17205129965733,0,0,0,25,DT,3
5,848,door.,18.670844202368713,0,1,1,26,NN_.,5
5,849,The,8.824079763818386,1,0,0,1,DT,3
5,850,matron,29.866797455643702,0,0,0,2,NN,6
5,851,was,8.24568223794633,0,0,0,3,VBD,3
5,852,smiling,17.278006011190115,0,0,0,4,VBG,7
5,853,at,8.781250634161243,0,0,0,5,IN,2
5,854,me,10.527717319335423,0,0,0,6,PRP,2
5,855,sort,14.343294704725707,0,0,0,7,NN,4
5,856,of,5.986146708647226,0,0,0,8,IN,2
5,857,funny,16.22704084094658,0,0,0,9,JJ,5
5,858,like.,15.495586323123202,0,1,1,10,RB_.,5
5,859,The,8.824079763818386,1,0,0,1,DT,3
5,860,barber,28.152564808796562,0,0,0,2,NN,6
5,861,upset,16.616140662705167,0,0,0,3,VBN,5
5,862,by,8.57862391074893,0,0,0,4,IN,2
5,863,the,5.17205129965733,0,0,0,5,DT,3
5,864,matron,29.866797455643702,0,0,0,6,NN,6
5,865,said,10.57886849101402,0,0,0,7,VBD,4
5,866,to,6.280557174231113,0,0,0,8,TO,2
5,867,"her,",15.15356361130831,0,0,1,9,"PRP_,",4
5,868,'You,22.600106994072338,0,0,1,10,``_PRP,4
5,869,are,8.669385276796898,0,0,0,11,VBP,3
5,870,just,10.882719038846648,0,0,0,12,RB,4
5,871,a,6.556670229096891,0,0,0,13,DT,1
5,872,damn,16.781284025067524,0,0,0,14,JJ,4
5,873,"bitch,",22.770845397900676,0,0,1,15,"NN_,",6
5,874,lady.',29.31714559535555,0,1,1,16,NN_._'',6
5,875,She,12.23137344081347,1,0,0,1,PRP,3
5,876,yelled,18.154574556006803,0,0,0,2,VBD,6
5,877,back,11.396550338104024,0,0,0,3,RB,4
5,878,at,8.781250634161243,0,0,0,4,IN,2
5,879,him,10.880211382537656,0,0,0,5,PRP,3
5,880,at,8.781250634161243,0,0,0,6,IN,2
5,881,the,5.17205129965733,0,0,0,7,DT,3
5,882,top,12.911178642588926,0,0,0,8,NN,3
5,883,of,5.986146708647226,0,0,0,9,IN,2
5,884,her,10.137194933376698,0,0,0,10,PRP$,3
5,885,"lungs,",22.286860972521644,0,0,1,11,"NNS_,",6
5,886,before,11.477317882569707,0,0,0,12,IN,6
5,887,walking,15.3960602373216,0,0,0,13,VBG,7
5,888,toward,14.143468133079491,0,0,0,14,IN,6
5,889,the,5.17205129965733,0,0,0,15,DT,3
5,890,"office,",19.01235317260115,0,0,1,16,"NN_,",7
5,891,as,8.340623672004352,0,0,0,17,RB,2
5,892,fast,14.214691179596382,0,0,0,18,RB,4
5,893,as,8.340623672004352,0,0,0,19,IN,2
5,894,she,10.66154210357584,0,0,0,20,PRP,3
5,895,could.,15.790017971831706,0,1,1,21,MD_.,6
5,896,To,12.738322205541518,1,0,0,1,TO,2
5,897,show,12.304506530314583,0,0,0,2,VB,4
5,898,his,9.520696265560964,0,0,0,3,PRP$,3
5,899,"anger,",21.446067437531603,0,0,1,4,"NN_,",6
5,900,the,5.17205129965733,0,0,0,5,DT,3
5,901,man,12.17288107728454,0,0,0,6,NN,3
5,902,hit,14.213041634739724,0,0,0,7,VBD,3
5,903,the,5.17205129965733,0,0,0,8,DT,3
5,904,wall,14.255553510595032,0,0,0,9,NN,4
5,905,with,8.014664635242958,0,0,0,10,IN,4
5,906,his,9.520696265560964,0,0,0,11,PRP$,3
5,907,hand,12.611325141125857,0,0,0,12,NN,4
5,908,and,6.2095491118355035,0,0,0,13,CC,3
5,909,then,10.843719789981037,0,0,0,14,RB,4
5,910,walked,15.260717815683801,0,0,0,15,VBD,6
5,911,outside,13.697038804078616,0,0,0,16,NN,7
5,912,where,11.018728120918755,0,0,0,17,WRB,5
5,913,he,9.438290970210815,0,0,0,18,PRP,2
5,914,stood,14.921616881059563,0,0,0,19,VBD,5
5,915,against,12.002508765857996,0,0,0,20,IN,7
5,916,the,5.17205129965733,0,0,0,21,DT,3
5,917,brick,17.42590641376417,0,0,0,22,NN,5
5,918,"wall,",19.271922188526645,0,0,1,23,"NN_,",5
5,919,smoking,15.974518370855812,0,0,0,24,VBG,7
5,920,a,6.556670229096891,0,0,0,25,DT,1
5,921,cigarette.,22.224878225939175,0,1,1,26,NN_.,10
5,922,I,8.339223813452126,1,0,0,1,PRP,1
5,923,understood,15.224620025987083,0,0,0,2,VBD,10
5,924,right,11.553197649137935,0,0,0,3,RB,5
5,925,there,10.313087737286885,0,0,0,4,RB,5
5,926,my,10.229271388022482,0,0,0,5,PRP$,2
5,927,haircut,44.605697867130125,0,0,0,6,NN,7
5,928,was,8.24568223794633,0,0,0,7,VBD,3
5,929,something,12.282864652440459,0,0,0,8,NN,9
5,930,that,7.5199882505590345,0,0,0,9,WDT,4
5,931,had,9.816722327264898,0,0,0,10,VBD,3
5,932,been,10.154650775356767,0,0,0,11,VBN,4
5,933,out,10.24888073574989,0,0,0,12,RB,3
5,934,of,5.986146708647226,0,0,0,13,IN,2
5,935,the,5.17205129965733,0,0,0,14,DT,3
5,936,power,12.493936527204607,0,0,0,15,NN,5
5,937,of,5.986146708647226,0,0,0,16,IN,2
5,938,the,5.17205129965733,0,0,0,17,DT,3
5,939,barber,28.152564808796562,0,0,0,18,NN,6
5,940,and,6.2095491118355035,0,0,0,19,CC,3
5,941,then,10.843719789981037,0,0,0,20,RB,4
5,942,I,8.339223813452126,0,0,0,21,PRP,1
5,943,slowly,15.381296760973036,0,0,0,22,RB,6
5,944,walked,15.260717815683801,0,0,0,23,VBD,6
5,945,outside,13.697038804078616,0,0,0,24,RB,7
5,946,to,6.280557174231113,0,0,0,25,TO,2
5,947,join,15.05503658352863,0,0,0,26,VB,4
5,948,the,5.17205129965733,0,0,0,27,DT,3
5,949,man.,17.069628881265245,0,1,1,28,NN_.,4
5,950,He,11.093002573340865,1,0,0,1,PRP,2
5,951,looked,13.60481780339861,0,0,0,2,VBD,6
5,952,"down,",16.745315953186257,0,0,0,3,RB_CC,5
5,953,smiled,16.166264822769477,0,0,0,4,VBD,6
5,954,at,8.781250634161243,0,0,0,5,IN,2
5,955,"me,",15.544085997267036,0,0,1,6,"PRP_,",3
5,956,then,10.843719789981037,0,0,0,7,RB,4
5,957,he,9.438290970210815,0,0,0,8,PRP,2
5,958,patted,32.59611574507097,0,0,0,9,VBD,6
5,959,me,10.527717319335423,0,0,0,10,PRP,2
5,960,on,8.232105999162414,0,0,0,11,IN,2
5,961,the,5.17205129965733,0,0,0,12,DT,3
5,962,top,12.911178642588926,0,0,0,13,NN,3
5,963,of,5.986146708647226,0,0,0,14,IN,2
5,964,my,10.229271388022482,0,0,0,15,PRP$,2
5,965,bald,18.80167981026019,0,0,0,16,JJ,4
5,966,as,8.340623672004352,0,0,0,17,IN,2
5,967,a,6.556670229096891,0,0,0,18,DT,1
5,968,coot,26.46256699958545,0,0,0,19,NN,4
5,969,head.,17.639905118297133,0,1,1,20,NN_.,5
5,970,It,10.702508639150992,1,0,0,1,PRP,2
5,971,was,8.24568223794633,0,0,0,2,VBD,3
5,972,a,6.556670229096891,0,0,0,3,DT,1
5,973,fact,12.557442627656766,0,0,0,4,NN,4
5,974,of,5.986146708647226,0,0,0,5,IN,2
5,975,my,10.229271388022482,0,0,0,6,PRP$,2
5,976,life,12.112130333658929,0,0,0,7,NN,4
5,977,that,7.5199882505590345,0,0,0,8,IN,4
5,978,I,8.339223813452126,0,0,0,9,PRP,1
5,979,was,8.24568223794633,0,0,0,10,VBD,3
5,980,not,8.917353115369856,0,0,0,11,RB,3
5,981,gonna,14.998427903851212,0,0,0,12,NN,5
5,982,have,9.010965036933804,0,0,0,13,VBP,4
5,983,hair,14.414854445636017,0,0,0,14,NN,4
5,984,that,7.5199882505590345,0,0,0,15,WDT,4
5,985,was,8.24568223794633,0,0,0,16,VBD,3
5,986,anything,13.25985637541713,0,0,0,17,NN,8
5,987,like,10.598838519142497,0,0,0,18,IN,4
5,988,Elvis's,28.02482176981566,0,0,0,19,NNP_POS,7
5,989,anytime,18.1690803321905,0,0,0,20,RB,7
5,990,soon.,18.827164724916763,0,1,1,21,RB_.,5
5,991,I,8.339223813452126,1,0,0,1,PRP,1
5,992,then,10.843719789981037,0,0,0,2,RB,4
5,993,looked,13.60481780339861,0,0,0,3,VBD,6
5,994,up,10.382393736990075,0,0,0,4,RB,2
5,995,at,8.781250634161243,0,0,0,5,IN,2
5,996,the,5.17205129965733,0,0,0,6,DT,3
5,997,barber,28.152564808796562,0,0,0,7,NN,6
5,998,with,8.014664635242958,0,0,0,8,IN,4
5,999,my,10.229271388022482,0,0,0,9,PRP$,2
5,1000,wet,15.840648823809484,0,0,0,10,JJ,3
5,1001,red,13.628552028445725,0,0,0,11,JJ,3
5,1002,eyes,13.442879220912676,0,0,0,12,NNS,4
5,1003,and,6.2095491118355035,0,0,0,13,CC,3
5,1004,"asked,",18.159613235110367,0,0,1,14,"VBD_,",6
5,1005,'Do,25.144393724084804,0,0,1,15,``_VBP,3
5,1006,you,8.711964911935151,0,0,0,16,PRP,3
5,1007,know,11.320155189932528,0,0,0,17,VB,4
5,1008,if,10.224647587236507,0,0,0,18,IN,2
5,1009,Elvis,19.19188163633453,0,0,0,19,NNP,5
5,1010,Presley,29.615935038270255,0,0,0,20,NNP,7
5,1011,has,9.754877406931001,0,0,0,21,VBZ,3
5,1012,green,14.503303469472474,0,0,0,22,JJ,5
5,1013,bones?',31.570280846640546,0,1,1,23,NNS_._'',7
6,1,This,12.005035856395633,1,0,0,1,DT,4
6,2,is,7.347528720939248,0,0,0,2,VBZ,2
6,3,a,6.556670229096891,0,0,0,3,DT,1
6,4,story,13.499653318366224,0,0,0,4,NN,5
6,5,of,5.986146708647226,0,0,0,5,IN,2
6,6,how,11.245386235048318,0,0,0,6,WRB,3
6,7,Mr.,18.229751062886635,0,0,0,7,NNP,3
6,8,Sticky,31.03009561289304,0,0,0,8,NNP,6
6,9,got,12.425000057634286,0,0,0,9,VBD,3
6,10,in,6.713150865180346,0,0,0,10,IN,2
6,11,Abby's,37.45018365121241,0,0,0,11,NNP_POS,6
6,12,fish,15.138150593290952,0,0,0,12,NN,4
6,13,tank.,20.991283005300897,0,1,1,13,NN_.,5
6,14,'He's,31.98347387247895,1,0,1,1,``_PRP_VBZ,5
6,15,very,11.453179973007163,0,0,0,2,RB,4
6,16,"small,'",26.610128122542477,0,0,1,3,"JJ_,_''",7
6,17,Abby's,37.45018365121241,0,0,0,4,NNP_POS,6
6,18,mom,16.010370513625723,0,0,0,5,NN,3
6,19,said,10.57886849101402,0,0,0,6,VBD,4
6,20,as,8.340623672004352,0,0,0,7,IN,2
6,21,she,10.66154210357584,0,0,0,8,PRP,3
6,22,peered,19.136344763695405,0,0,0,9,VBD,6
6,23,at,8.781250634161243,0,0,0,10,IN,2
6,24,the,5.17205129965733,0,0,0,11,DT,3
6,25,tiny,15.914724665194285,0,0,0,12,JJ,4
6,26,water,12.529994560925893,0,0,0,13,NN,5
6,27,snail.,34.8608629686466,0,1,1,14,NN_.,6
6,28,Abby,28.61724351773128,1,0,0,1,NNP,4
6,29,said,10.57886849101402,0,0,0,2,VBD,4
6,30,that,7.5199882505590345,0,0,0,3,IN,4
6,31,he,9.438290970210815,0,0,0,4,PRP,2
6,32,would,10.257280448841584,0,0,0,5,MD,5
6,33,grow,15.037993310576283,0,0,0,6,VB,4
6,34,and,6.2095491118355035,0,0,0,7,CC,3
6,35,then,10.843719789981037,0,0,0,8,RB,4
6,36,pulled,15.227040840946579,0,0,0,9,VBD,6
6,37,her,10.137194933376698,0,0,0,10,PRP$,3
6,38,pajama,41.41404352062138,0,0,0,11,NN,6
6,39,bottoms,33.2012560505614,0,0,0,12,NNS,7
6,40,up,10.382393736990075,0,0,0,13,RB,2
6,41,again,12.45618531535958,0,0,0,14,RB,5
6,42,before,11.477317882569707,0,0,0,15,IN,6
6,43,she,10.66154210357584,0,0,0,16,PRP,3
6,44,got,12.425000057634286,0,0,0,17,VBD,3
6,45,into,10.48069811501334,0,0,0,18,IN,4
6,46,"bed,",19.426203373524135,0,0,1,19,"NN_,",4
6,47,for,7.693494297163422,0,0,0,20,IN,3
6,48,they,9.911507183877728,0,0,0,21,PRP,4
6,49,were,9.396668283684079,0,0,0,22,VBD,4
6,50,always,12.59942313223625,0,0,0,23,RB,6
6,51,falling,16.05827187060423,0,0,0,24,VBG,7
6,52,down.,16.62569507923535,0,1,1,25,RP_.,5
6,53,"Usually,",23.021441452515145,1,0,1,1,"RB_,",8
6,54,Abby's,37.45018365121241,0,0,0,2,NNP_POS,6
6,55,mom,16.010370513625723,0,0,0,3,NN,3
6,56,got,12.425000057634286,0,0,0,4,VBD,3
6,57,up,10.382393736990075,0,0,0,5,RP,2
6,58,at,8.781250634161243,0,0,0,6,IN,2
6,59,the,5.17205129965733,0,0,0,7,DT,3
6,60,crack,16.306447382684706,0,0,0,8,NN,5
6,61,of,5.986146708647226,0,0,0,9,IN,2
6,62,"dawn,",22.487056843830725,0,0,1,10,"NN_,",5
6,63,but,9.64272076435627,0,0,0,11,CC,3
6,64,it,8.375693258728493,0,0,0,12,PRP,2
6,65,was,8.24568223794633,0,0,0,13,VBD,3
6,66,Abby,28.61724351773128,0,0,0,14,NNP,4
6,67,who,10.440803113603465,0,0,0,15,WP,3
6,68,jumped,17.025005306002125,0,0,0,16,VBD,6
6,69,out,10.24888073574989,0,0,0,17,RP,3
6,70,of,5.986146708647226,0,0,0,18,IN,2
6,71,bed,14.409834695592522,0,0,0,19,NN,3
6,72,first,10.758819109157542,0,0,0,20,RB,5
6,73,the,5.17205129965733,0,0,0,21,DT,3
6,74,next,12.42005421982443,0,0,0,22,JJ,4
6,75,morning,14.109141542850772,0,0,0,23,NN,7
6,76,and,6.2095491118355035,0,0,0,24,CC,3
6,77,switched,17.12272694940515,0,0,0,25,VBD,8
6,78,on,8.232105999162414,0,0,0,26,RP,2
6,79,the,5.17205129965733,0,0,0,27,DT,3
6,80,light,12.69930238958451,0,0,0,28,NN,5
6,81,in,6.713150865180346,0,0,0,29,IN,2
6,82,her,10.137194933376698,0,0,0,30,PRP$,3
6,83,fish,15.138150593290952,0,0,0,31,NN,4
6,84,"tank,",21.110903879251804,0,0,1,32,"NN_,",5
6,85,which,9.57515612507219,0,0,0,33,WDT,5
6,86,contained,14.931713766583435,0,0,0,34,VBD,9
6,87,three,11.752580118719706,0,0,0,35,CD,5
6,88,fish.,20.034898397271657,0,1,1,36,NN_.,5
6,89,At,13.135250131758099,1,0,0,1,IN,2
6,90,"first,",15.775187787089155,0,0,1,2,"JJ_,",6
6,91,she,10.66154210357584,0,0,0,3,PRP,3
6,92,could,10.893270167851,0,0,0,4,MD,5
6,93,see,11.365811672580193,0,0,0,5,VB,3
6,94,neither,15.100900255443001,0,0,0,6,DT,7
6,95,hide,16.035863815572366,0,0,0,7,NN,4
6,96,nor,14.308311944656793,0,0,0,8,CC,3
6,97,hair,14.414854445636017,0,0,0,9,NN,4
6,98,of,5.986146708647226,0,0,0,10,IN,2
6,99,the,5.17205129965733,0,0,0,11,DT,3
6,100,"snail,",34.98048384259751,0,0,1,12,"NN_,",6
6,101,but,9.64272076435627,0,0,0,13,CC,3
6,102,then,10.843719789981037,0,0,0,14,RB,4
6,103,she,10.66154210357584,0,0,0,15,PRP,3
6,104,spotted,17.476758168139707,0,0,0,16,VBD,7
6,105,him.,15.776959186518361,0,1,1,17,PRP_.,4
6,106,It,10.702508639150992,1,0,0,1,PRP,2
6,107,had,9.816722327264898,0,0,0,2,VBD,3
6,108,taken,13.246684899227446,0,0,0,3,VBN,5
6,109,Abby,28.61724351773128,0,0,0,4,NNP,4
6,110,a,6.556670229096891,0,0,0,5,DT,1
6,111,while,11.735577870255007,0,0,0,6,NN,5
6,112,to,6.280557174231113,0,0,0,7,TO,2
6,113,find,12.108061468940654,0,0,0,8,VB,4
6,114,Sticky,31.03009561289304,0,0,0,9,NNP,6
6,115,because,11.238178964590961,0,0,0,10,IN,7
6,116,he,9.438290970210815,0,0,0,11,PRP,2
6,117,was,8.24568223794633,0,0,0,12,VBD,3
6,118,clinging,19.485698352577522,0,0,0,13,VBG,8
6,119,to,6.280557174231113,0,0,0,14,TO,2
6,120,the,5.17205129965733,0,0,0,15,DT,3
6,121,glass,14.833287377697484,0,0,0,16,NN,5
6,122,near,13.62593808477629,0,0,0,17,IN,4
6,123,the,5.17205129965733,0,0,0,18,DT,3
6,124,"bottom,",19.54772519272194,0,0,1,19,"NN_,",7
6,125,right,11.553197649137935,0,0,0,20,RB,5
6,126,next,12.42005421982443,0,0,0,21,JJ,4
6,127,to,6.280557174231113,0,0,0,22,TO,2
6,128,the,5.17205129965733,0,0,0,23,DT,3
6,129,gravel.,23.439332591817447,0,1,1,24,NN_.,7
6,130,At,13.135250131758099,1,0,0,1,IN,2
6,131,school,13.198422179104295,0,0,0,2,NN,6
6,132,that,7.5199882505590345,0,0,0,3,DT,4
6,133,"day,",17.01538908338552,0,0,1,4,"NN_,",4
6,134,"Abby,",33.63361219566289,0,0,1,5,"NNP_,",5
6,135,encouraged,16.7281211362052,0,0,0,6,VBN,10
6,136,by,8.57862391074893,0,0,0,7,IN,2
6,137,her,10.137194933376698,0,0,0,8,PRP$,3
6,138,"teacher,",20.833521921558134,0,0,1,9,"NN_,",8
6,139,wrote,14.147050847286753,0,0,0,10,VBD,5
6,140,excitedly,27.45827258408235,0,0,0,11,RB,9
6,141,about,10.294135891377458,0,0,0,12,IN,5
6,142,the,5.17205129965733,0,0,0,13,DT,3
6,143,small,12.369708016338201,0,0,0,14,JJ,5
6,144,and,6.2095491118355035,0,0,0,15,CC,3
6,145,mysterious,17.380895129257443,0,0,0,16,JJ,10
6,146,Mr.,18.229751062886635,0,0,0,17,NNP,3
6,147,"Sticky,",36.04646429082465,0,0,1,18,"NN_,",7
6,148,who,10.440803113603465,0,0,0,19,WP,3
6,149,you,8.711964911935151,0,0,0,20,PRP,3
6,150,could,10.893270167851,0,0,0,21,MD,5
6,151,mistake,16.017836151514366,0,0,0,22,VB,7
6,152,for,7.693494297163422,0,0,0,23,IN,3
6,153,a,6.556670229096891,0,0,0,24,DT,1
6,154,piece,14.597428024160255,0,0,0,25,NN,5
6,155,of,5.986146708647226,0,0,0,26,IN,2
6,156,gravel.,23.439332591817447,0,1,1,27,NN_.,7
6,157,He,11.093002573340865,1,0,0,1,PRP,2
6,158,seemed,14.258799147381207,0,0,0,2,VBD,6
6,159,an,9.046558361117718,0,0,0,3,DT,2
6,160,ideal,15.29853677943552,0,0,0,4,JJ,5
6,161,pet,15.72162304406433,0,0,0,5,NN,3
6,162,for,7.693494297163422,0,0,0,6,IN,3
6,163,"her,",15.15356361130831,0,0,1,7,"PRP_,",4
6,164,some,10.70366249120027,0,0,0,8,DT,4
6,165,of,5.986146708647226,0,0,0,9,IN,2
6,166,the,5.17205129965733,0,0,0,10,DT,3
6,167,girls,15.10848174951812,0,0,0,11,NNS,5
6,168,in,6.713150865180346,0,0,0,12,IN,2
6,169,her,10.137194933376698,0,0,0,13,PRP$,3
6,170,class,11.749684387889609,0,0,0,14,NN,5
6,171,"teased,",35.330279239328576,0,0,1,15,"VBD_,",7
6,172,because,11.238178964590961,0,0,0,16,IN,7
6,173,Abby,28.61724351773128,0,0,0,17,NNP,4
6,174,was,8.24568223794633,0,0,0,18,VBD,3
6,175,also,10.2982876731973,0,0,0,19,RB,4
6,176,very,11.453179973007163,0,0,0,20,RB,4
6,177,small.,17.266455820318907,0,1,1,21,JJ_.,6
6,178,That,12.803635355257288,1,0,0,1,DT,4
6,179,"evening,",20.254044871702614,0,0,1,2,"NN_,",8
6,180,Abby,28.61724351773128,0,0,0,3,NNP,4
6,181,turned,13.794584281913906,0,0,0,4,VBD,6
6,182,on,8.232105999162414,0,0,0,5,RP,2
6,183,the,5.17205129965733,0,0,0,6,DT,3
6,184,light,12.69930238958451,0,0,0,7,NN,5
6,185,and,6.2095491118355035,0,0,0,8,CC,3
6,186,found,11.688143035430375,0,0,0,9,VBD,5
6,187,Mr.,18.229751062886635,0,0,0,10,NNP,3
6,188,Sticky,31.03009561289304,0,0,0,11,NNP,6
6,189,clinging,19.485698352577522,0,0,0,12,VBG,8
6,190,to,6.280557174231113,0,0,0,13,TO,2
6,191,the,5.17205129965733,0,0,0,14,DT,3
6,192,pond,17.86601099789489,0,0,0,15,JJ,4
6,193,weed,18.51547067286671,0,0,0,16,NN,4
6,194,and,6.2095491118355035,0,0,0,17,CC,3
6,195,bobbing,35.47181512519536,0,0,0,18,VBG,7
6,196,about,10.294135891377458,0,0,0,19,RP,5
6,197,in,6.713150865180346,0,0,0,20,IN,2
6,198,the,5.17205129965733,0,0,0,21,DT,3
6,199,air,13.328472979036789,0,0,0,22,NN,3
6,200,bubbles.,23.038538602312656,0,1,1,23,NNS_.,8
6,201,'That,23.934723730848916,1,0,1,1,``_DT,5
6,202,looks,14.255763662577877,0,0,0,2,VBZ,5
6,203,fun!',30.550141795613595,0,0,1,3,NN_._'',5
6,204,Abby,28.61724351773128,0,0,0,4,NNP,4
6,205,exclaimed.,22.910040245551944,0,1,1,5,VBD_.,10
6,206,She,12.23137344081347,1,0,0,1,PRP,3
6,207,tried,13.8076890548409,0,0,0,2,VBD,5
6,208,to,6.280557174231113,0,0,0,3,TO,2
6,209,imagine,15.577481185209098,0,0,0,4,VB,7
6,210,what,10.597278888354701,0,0,0,5,WP,4
6,211,it,8.375693258728493,0,0,0,6,PRP,2
6,212,must,11.937809330034693,0,0,0,7,MD,4
6,213,be,8.447345415772759,0,0,0,8,VB,2
6,214,like,10.598838519142497,0,0,0,9,JJ,4
6,215,to,6.280557174231113,0,0,0,10,TO,2
6,216,have,9.010965036933804,0,0,0,11,VB,4
6,217,to,6.280557174231113,0,0,0,12,TO,2
6,218,hang,16.281709119639384,0,0,0,13,VB,4
6,219,on,8.232105999162414,0,0,0,14,RP,2
6,220,to,6.280557174231113,0,0,0,15,TO,2
6,221,things,12.52986290912823,0,0,0,16,NNS,6
6,222,all,9.763833843216453,0,0,0,17,DT,3
6,223,day,11.999020405453908,0,0,0,18,NN,3
6,224,and,6.2095491118355035,0,0,0,19,CC,3
6,225,decided,14.30413223447701,0,0,0,20,VBD,7
6,226,the,5.17205129965733,0,0,0,21,DT,3
6,227,answer,13.873181253819723,0,0,0,22,NN,6
6,228,was,8.24568223794633,0,0,0,23,VBD,3
6,229,that,7.5199882505590345,0,0,0,24,IN,4
6,230,it,8.375693258728493,0,0,0,25,PRP,2
6,231,was,8.24568223794633,0,0,0,26,VBD,3
6,232,probably,13.561317479385522,0,0,0,27,RB,8
6,233,very,11.453179973007163,0,0,0,28,RB,4
6,234,tiring.,33.14077210257854,0,1,1,29,JJ_.,7
6,235,Abby,28.61724351773128,1,0,0,1,NNP,4
6,236,told,12.864458400149847,0,0,0,2,VBD,4
6,237,her,10.137194933376698,0,0,0,3,PRP$,3
6,238,mom,16.010370513625723,0,0,0,4,NN,3
6,239,that,7.5199882505590345,0,0,0,5,IN,4
6,240,she,10.66154210357584,0,0,0,6,PRP,3
6,241,thought,12.816412505192044,0,0,0,7,VBD,7
6,242,Sticky,31.03009561289304,0,0,0,8,NNP,6
6,243,had,9.816722327264898,0,0,0,9,VBD,3
6,244,grown,15.469285766800503,0,0,0,10,VBN,5
6,245,a,6.556670229096891,0,0,0,11,DT,1
6,246,bit,13.322632804174265,0,0,0,12,NN,3
6,247,the,5.17205129965733,0,0,0,13,DT,3
6,248,next,12.42005421982443,0,0,0,14,JJ,4
6,249,day,11.999020405453908,0,0,0,15,NN,3
6,250,at,8.781250634161243,0,0,0,16,IN,2
6,251,breakfast.,21.307314180938857,0,1,1,17,NN_.,10
6,252,'Just,25.64670038611813,1,0,1,1,``_RB,5
6,253,as,8.340623672004352,0,0,0,2,RB,2
6,254,well,11.24191454121933,0,0,0,3,RB,4
6,255,if,10.224647587236507,0,0,0,4,IN,2
6,256,he's,18.271231103691946,0,0,0,5,PRP_VBZ,4
6,257,going,12.069428608054313,0,0,0,6,VBG,5
6,258,to,6.280557174231113,0,0,0,7,TO,2
6,259,be,8.447345415772759,0,0,0,8,VB,2
6,260,gobbled,40.307928011675024,0,0,0,9,VBN,7
6,261,up,10.382393736990075,0,0,0,10,RP,2
6,262,like,10.598838519142497,0,0,0,11,IN,4
6,263,"that,'",21.76040835676331,0,0,1,12,"DT_,_''",6
6,264,her,10.137194933376698,0,0,0,13,PRP$,3
6,265,mom,16.010370513625723,0,0,0,14,NN,3
6,266,responded,16.093456049585797,0,0,0,15,VBD,9
6,267,who,10.440803113603465,0,0,0,16,WP,3
6,268,was,8.24568223794633,0,0,0,17,VBD,3
6,269,busy,15.89382207356201,0,0,0,18,JJ,4
6,270,preparing,16.586260030965082,0,0,0,19,VBG,9
6,271,breakfast.,21.307314180938857,0,1,1,20,NN_.,10
6,272,Abby,28.61724351773128,1,0,0,1,NNP,4
6,273,whined,30.92499331593675,0,0,0,2,VBD,6
6,274,that,7.5199882505590345,0,0,0,3,IN,4
6,275,she,10.66154210357584,0,0,0,4,PRP,3
6,276,didn't,22.66016589256865,0,0,0,5,VBD_RB,6
6,277,want,11.741135763223902,0,0,0,6,VB,4
6,278,him,10.880211382537656,0,0,0,7,PRP,3
6,279,to,6.280557174231113,0,0,0,8,TO,2
6,280,get,10.94551217426815,0,0,0,9,VB,3
6,281,too,12.118211762950164,0,0,0,10,RB,3
6,282,big,13.249197867766782,0,0,0,11,JJ,3
6,283,or,8.922107338283002,0,0,0,12,CC,2
6,284,he,9.438290970210815,0,0,0,13,PRP,2
6,285,wouldn't,24.555870551600915,0,0,0,14,MD_RB,8
6,286,be,8.447345415772759,0,0,0,15,VB,2
6,287,cute,17.424189689236282,0,0,0,16,JJ,4
6,288,anymore.,20.86663322727023,0,1,1,17,RB_.,8
6,289,'Small,28.369955243737312,1,0,1,1,``_JJ,6
6,290,"things,",17.546231587059843,0,0,1,2,"NNS_,",7
6,291,not,8.917353115369856,0,0,0,3,RB,3
6,292,big,13.249197867766782,0,0,0,4,JJ,3
6,293,"things,",17.546231587059843,0,0,1,5,"NNS_,",7
6,294,are,8.669385276796898,0,0,0,6,VBP,3
6,295,"cute,",22.440558367167895,0,0,1,7,"JJ_,",5
6,296,right?',26.341342306239483,0,0,1,8,RB_._'',7
6,297,she,10.66154210357584,0,0,0,9,PRP,3
6,298,"asked,",18.159613235110367,0,0,1,10,"VBD_,",6
6,299,half,13.33878725173875,0,0,0,11,NN,4
6,300,to,6.280557174231113,0,0,0,12,TO,2
6,301,herself.,19.746458373779824,0,1,1,13,PRP_.,8
6,302,The,8.824079763818386,1,0,0,1,DT,3
6,303,next,12.42005421982443,0,0,0,2,JJ,4
6,304,day,11.999020405453908,0,0,0,3,NN,3
6,305,in,6.713150865180346,0,0,0,4,IN,2
6,306,art,13.710843297506159,0,0,0,5,NN,3
6,307,"class,",16.76605306582122,0,0,1,6,"NN_,",6
6,308,Abby,28.61724351773128,0,0,0,7,NNP,4
6,309,needed,13.521160937592931,0,0,0,8,VBD,6
6,310,two,10.629746926962948,0,0,0,9,CD,3
6,311,pieces,15.268323126579695,0,0,0,10,NNS,6
6,312,of,5.986146708647226,0,0,0,11,IN,2
6,313,paper,13.472446991612845,0,0,0,12,NN,5
6,314,that,7.5199882505590345,0,0,0,13,WDT,4
6,315,were,9.396668283684079,0,0,0,14,VBD,4
6,316,very,11.453179973007163,0,0,0,15,RB,4
6,317,"expensive,",20.496224474858554,0,0,1,16,"JJ_,",10
6,318,to,6.280557174231113,0,0,0,17,TO,2
6,319,draw,15.14019921220337,0,0,0,18,VB,4
6,320,an,9.046558361117718,0,0,0,19,DT,2
6,321,"elephant,",23.505525842453658,0,0,1,20,"NN_,",9
6,322,but,9.64272076435627,0,0,0,21,CC,3
6,323,the,5.17205129965733,0,0,0,22,DT,3
6,324,teacher,15.817153243626521,0,0,0,23,NN,7
6,325,didn't,22.66016589256865,0,0,0,24,VBD_RB,6
6,326,mind,13.431042298535463,0,0,0,25,VB,4
6,327,Abby,28.61724351773128,0,0,0,26,NNP,4
6,328,using,11.218046713890942,0,0,0,27,VBG,5
6,329,the,5.17205129965733,0,0,0,28,DT,3
6,330,expensive,15.479855796926941,0,0,0,29,JJ,9
6,331,paper,13.472446991612845,0,0,0,30,NN,5
6,332,because,11.238178964590961,0,0,0,31,IN,7
6,333,she,10.66154210357584,0,0,0,32,PRP,3
6,334,was,8.24568223794633,0,0,0,33,VBD,3
6,335,pleased,16.58386452709842,0,0,0,34,VBN,7
6,336,with,8.014664635242958,0,0,0,35,IN,4
6,337,the,5.17205129965733,0,0,0,36,DT,3
6,338,drawing,15.930360562778112,0,0,0,37,NN,7
6,339,and,6.2095491118355035,0,0,0,38,CC,3
6,340,wanted,13.518675840293888,0,0,0,39,VBD,6
6,341,it,8.375693258728493,0,0,0,40,PRP,2
6,342,on,8.232105999162414,0,0,0,41,IN,2
6,343,the,5.17205129965733,0,0,0,42,DT,3
6,344,wall.,19.152301314575737,0,1,1,43,NN_.,5
6,345,The,8.824079763818386,1,0,0,1,DT,3
6,346,"teacher,",20.833521921558134,0,0,1,2,"NN_,",8
6,347,who,10.440803113603465,0,0,0,3,WP,3
6,348,was,8.24568223794633,0,0,0,4,VBD,3
6,349,always,12.59942313223625,0,0,0,5,RB,6
6,350,very,11.453179973007163,0,0,0,6,RB,4
6,351,"encouraging,",22.229111636460978,0,0,1,7,"JJ_,",12
6,352,remarked,17.992768768735594,0,0,0,8,VBD,8
6,353,that,7.5199882505590345,0,0,0,9,IN,4
6,354,the,5.17205129965733,0,0,0,10,DT,3
6,355,drawing,15.930360562778112,0,0,0,11,NN,7
6,356,Abby,28.61724351773128,0,0,0,12,NNP,4
6,357,had,9.816722327264898,0,0,0,13,VBD,3
6,358,made,11.587671548013727,0,0,0,14,VBN,4
6,359,was,8.24568223794633,0,0,0,15,VBD,3
6,360,very,11.453179973007163,0,0,0,16,RB,4
6,361,creative,16.098917206504193,0,0,0,17,JJ,8
6,362,and,6.2095491118355035,0,0,0,18,CC,3
6,363,beamed,24.463773651082043,0,0,0,19,VBN,6
6,364,at,8.781250634161243,0,0,0,20,IN,2
6,365,"Abby,",33.63361219566289,0,0,1,21,"NNP_,",5
6,366,giving,14.456652673018873,0,0,0,22,VBG,6
6,367,her,10.137194933376698,0,0,0,23,PRP,3
6,368,the,5.17205129965733,0,0,0,24,DT,3
6,369,seal,16.673439069851906,0,0,0,25,NN,4
6,370,of,5.986146708647226,0,0,0,26,IN,2
6,371,approval.,20.717177380734984,0,1,1,27,NN_.,9
6,372,Back,16.106407909885014,1,0,0,1,RB,4
6,373,at,8.781250634161243,0,0,0,2,IN,2
6,374,"home,",17.518770462896235,0,0,1,3,"NN_,",5
6,375,"Mom,",21.75923256502414,0,0,1,4,"NN_,",4
6,376,convinced,16.582623978153368,0,0,0,5,VBN,9
6,377,by,8.57862391074893,0,0,0,6,IN,2
6,378,Abby,28.61724351773128,0,0,0,7,NNP,4
6,379,to,6.280557174231113,0,0,0,8,TO,2
6,380,clean,14.807939264983823,0,0,0,9,VB,5
6,381,out,10.24888073574989,0,0,0,10,RP,3
6,382,the,5.17205129965733,0,0,0,11,DT,3
6,383,"tank,",21.110903879251804,0,0,1,12,"NN_,",5
6,384,was,8.24568223794633,0,0,0,13,VBD,3
6,385,cleaning,16.370335203204693,0,0,0,14,VBG,8
6,386,with,8.014664635242958,0,0,0,15,IN,4
6,387,a,6.556670229096891,0,0,0,16,DT,1
6,388,special,13.652081222925556,0,0,0,17,JJ,7
6,389,"vacuum,",21.30689675396835,0,0,1,18,"NN_,",7
6,390,or,8.922107338283002,0,0,0,19,CC,2
6,391,'hoover'.,54.484054717265515,0,1,1,20,``_NN_''_.,9
6,392,'Where's,34.64555028328259,1,0,1,1,``_WRB_VBZ,8
6,393,Mr.,18.229751062886635,0,0,0,2,NNP,3
6,394,Sticky?',45.81824026999459,0,0,1,3,NNP_._'',8
6,395,Abby,28.61724351773128,0,0,0,4,NNP,4
6,396,asked,13.143244557178754,0,0,0,5,VBD,5
6,397,first,10.758819109157542,0,0,0,6,JJ,5
6,398,thing,12.852764825275539,0,0,0,7,NN,5
6,399,when,10.303515303910618,0,0,0,8,WRB,4
6,400,she,10.66154210357584,0,0,0,9,PRP,3
6,401,came,12.886598870789097,0,0,0,10,VBD,4
6,402,home,12.502401784964622,0,0,0,11,NN,4
6,403,from,8.815789051907856,0,0,0,12,IN,4
6,404,school.,18.095169983085,0,1,1,13,NN_.,7
6,405,'On,23.976063290922546,1,0,1,1,``_IN,3
6,406,the,5.17205129965733,0,0,0,2,DT,3
6,407,"side,'",26.919237138481122,0,0,1,3,"NN_,_''",6
6,408,Mom,16.742863887092525,0,0,0,4,NN,3
6,409,replied.,20.751165981871367,0,1,1,5,VBD_.,8
6,410,And,12.086222150643554,1,0,0,1,CC,3
6,411,then,10.843719789981037,0,0,0,2,RB,4
6,412,she,10.66154210357584,0,0,0,3,PRP,3
6,413,"added,",18.40031919988493,0,0,1,4,"VBD_,",6
6,414,'Don't,35.46624690285671,0,0,1,5,``_VBP_RB,6
6,415,worry.,20.458514710961076,0,1,1,6,VB_.,6
6,416,I,8.339223813452126,1,0,0,1,PRP,1
6,417,went,13.057769405402667,0,0,0,2,VBD,4
6,418,extra,14.610064524934039,0,0,0,3,RB,5
6,419,slowly,15.381296760973036,0,0,0,4,RB,6
6,420,since,12.243405733243922,0,0,0,5,IN,5
6,421,it's,17.208633392209624,0,0,0,6,PRP_VBZ,4
6,422,better,12.492542561150294,0,0,0,7,JJR,6
6,423,to,6.280557174231113,0,0,0,8,TO,2
6,424,be,8.447345415772759,0,0,0,9,VB,2
6,425,safe,14.537579450894196,0,0,0,10,JJ,4
6,426,than,10.500242777420443,0,0,0,11,IN,4
6,427,sorry.',28.392423667987718,0,1,1,12,JJ_._'',7
6,428,Abby,28.61724351773128,1,0,0,1,NNP,4
6,429,looked,13.60481780339861,0,0,0,2,VBD,6
6,430,on,8.232105999162414,0,0,0,3,IN,2
6,431,all,9.763833843216453,0,0,0,4,DT,3
6,432,sides,15.203903754042702,0,0,0,5,NNS,5
6,433,of,5.986146708647226,0,0,0,6,IN,2
6,434,the,5.17205129965733,0,0,0,7,DT,3
6,435,"tank,",21.110903879251804,0,0,1,8,"NN_,",5
6,436,but,9.64272076435627,0,0,0,9,CC,3
6,437,there,10.313087737286885,0,0,0,10,EX,5
6,438,was,8.24568223794633,0,0,0,11,VBD,3
6,439,no,10.387625509173944,0,0,0,12,DT,2
6,440,sign,14.16764974637066,0,0,0,13,NN,4
6,441,of,5.986146708647226,0,0,0,14,IN,2
6,442,the,5.17205129965733,0,0,0,15,DT,3
6,443,water,12.529994560925893,0,0,0,16,NN,5
6,444,snail,29.96411516466589,0,0,0,17,NN,5
6,445,that,7.5199882505590345,0,0,0,18,WDT,4
6,446,she,10.66154210357584,0,0,0,19,PRP,3
6,447,had,9.816722327264898,0,0,0,20,VBD,3
6,448,discovered,15.138370668699793,0,0,0,21,VBN,10
6,449,a,6.556670229096891,0,0,0,22,DT,1
6,450,couple,14.316208098483681,0,0,0,23,NN,6
6,451,of,5.986146708647226,0,0,0,24,IN,2
6,452,days,12.607812941667344,0,0,0,25,NNS,4
6,453,ago.,18.739659259646604,0,1,1,26,IN_.,4
6,454,She,12.23137344081347,1,0,0,1,PRP,3
6,455,was,8.24568223794633,0,0,0,2,VBD,3
6,456,very,11.453179973007163,0,0,0,3,RB,4
6,457,sad.,21.04206341622934,0,1,1,4,JJ_.,4
6,458,Her,14.371999923667264,1,0,0,1,PRP$,3
6,459,mom,16.010370513625723,0,0,0,2,NN,3
6,460,said,10.57886849101402,0,0,0,3,VBD,4
6,461,to,6.280557174231113,0,0,0,4,TO,2
6,462,wait,14.568547625897388,0,0,0,5,VB,4
6,463,a,6.556670229096891,0,0,0,6,DT,1
6,464,few,12.402199019809682,0,0,0,7,JJ,3
6,465,hours,13.51489960907535,0,0,0,8,NNS,5
6,466,until,12.631746353885124,0,0,0,9,IN,5
6,467,the,5.17205129965733,0,0,0,10,DT,3
6,468,water,12.529994560925893,0,0,0,11,NN,5
6,469,clears,31.473976582866182,0,0,0,12,VBZ,6
6,470,to,6.280557174231113,0,0,0,13,TO,2
6,471,take,11.95328976765742,0,0,0,14,VB,4
6,472,another,12.151965346508835,0,0,0,15,DT,7
6,473,careful,15.92725353804364,0,0,0,16,JJ,7
6,474,look.,17.41367332067399,0,1,1,17,NN_.,5
6,475,That,12.803635355257288,1,0,0,1,DT,4
6,476,"evening,",20.254044871702614,0,0,1,2,"NN_,",8
6,477,Abby,28.61724351773128,0,0,0,3,NNP,4
6,478,went,13.057769405402667,0,0,0,4,VBD,4
6,479,up,10.382393736990075,0,0,0,5,RP,2
6,480,to,6.280557174231113,0,0,0,6,TO,2
6,481,her,10.137194933376698,0,0,0,7,PRP$,3
6,482,bedroom,16.645745286505516,0,0,0,8,NN,7
6,483,to,6.280557174231113,0,0,0,9,TO,2
6,484,check,13.651410874936197,0,0,0,10,VB,5
6,485,the,5.17205129965733,0,0,0,11,DT,3
6,486,tank,16.09453520132019,0,0,0,12,NN,4
6,487,again.,17.352933119340285,0,1,1,13,RB_.,6
6,488,The,8.824079763818386,1,0,0,1,DT,3
6,489,water,12.529994560925893,0,0,0,2,NN,5
6,490,had,9.816722327264898,0,0,0,3,VBD,3
6,491,settled,16.18750989310471,0,0,0,4,VBN,7
6,492,and,6.2095491118355035,0,0,0,5,CC,3
6,493,looked,13.60481780339861,0,0,0,6,VBN,6
6,494,"clear,",18.33426309972714,0,0,1,7,"JJ_,",6
6,495,but,9.64272076435627,0,0,0,8,CC,3
6,496,Abby,28.61724351773128,0,0,0,9,NNP,4
6,497,could,10.893270167851,0,0,0,10,MD,5
6,498,not,8.917353115369856,0,0,0,11,RB,3
6,499,see,11.365811672580193,0,0,0,12,VB,3
6,500,Mr.,18.229751062886635,0,0,0,13,NNP,3
6,501,Sticky.,35.926843416873744,0,1,1,14,NNP_.,7
6,502,Abby,28.61724351773128,1,0,0,1,NNP,4
6,503,kneeled,35.815655664850055,0,0,0,2,VBD,7
6,504,down,11.728947275254644,0,0,0,3,RP,4
6,505,to,6.280557174231113,0,0,0,4,TO,2
6,506,have,9.010965036933804,0,0,0,5,VB,4
6,507,another,12.151965346508835,0,0,0,6,DT,7
6,508,look,12.516925516693284,0,0,0,7,NN,4
6,509,in,6.713150865180346,0,0,0,8,IN,2
6,510,the,5.17205129965733,0,0,0,9,DT,3
6,511,tank,16.09453520132019,0,0,0,10,NN,4
6,512,that,7.5199882505590345,0,0,0,11,WDT,4
6,513,her,10.137194933376698,0,0,0,12,PRP$,3
6,514,mom,16.010370513625723,0,0,0,13,NN,3
6,515,had,9.816722327264898,0,0,0,14,VBD,3
6,516,cleared,16.978858140038454,0,0,0,15,VBN,7
6,517,so,10.292139907252675,0,0,0,16,RB,2
6,518,"thoroughly,",22.02339858519228,0,0,1,17,"RB_,",11
6,519,but,9.64272076435627,0,0,0,18,CC,3
6,520,Mr.,18.229751062886635,0,0,0,19,NNP,3
6,521,Sticky,31.03009561289304,0,0,0,20,NNP,6
6,522,was,8.24568223794633,0,0,0,21,VBD,3
6,523,still,11.865358748213168,0,0,0,22,RB,5
6,524,nowhere,17.12463554839978,0,0,0,23,RB,7
6,525,to,6.280557174231113,0,0,0,24,TO,2
6,526,be,8.447345415772759,0,0,0,25,VB,2
6,527,found.,16.58489083941108,0,1,1,26,VBN_.,6
6,528,Abby,28.61724351773128,1,0,0,1,NNP,4
6,529,was,8.24568223794633,0,0,0,2,VBD,3
6,530,a,6.556670229096891,0,0,0,3,DT,1
6,531,bundle,16.503403275562935,0,0,0,4,NN,6
6,532,of,5.986146708647226,0,0,0,5,IN,2
6,533,nerves,17.659625826834276,0,0,0,6,NNS,6
6,534,as,8.340623672004352,0,0,0,7,IN,2
6,535,she,10.66154210357584,0,0,0,8,PRP,3
6,536,descended,18.368319711828605,0,0,0,9,VBD,9
6,537,the,5.17205129965733,0,0,0,10,DT,3
6,538,stairs.,21.875372827829427,0,1,1,11,NNS_.,7
6,539,In,10.361524289609886,1,0,0,1,IN,2
6,540,the,5.17205129965733,0,0,0,2,DT,3
6,541,"study,",16.831222038756874,0,0,1,3,"NN_,",6
6,542,surrounded,16.594439728400562,0,0,0,4,VBN,10
6,543,by,8.57862391074893,0,0,0,5,IN,2
6,544,books,14.544235880362685,0,0,0,6,NNS,5
6,545,and,6.2095491118355035,0,0,0,7,CC,3
6,546,"papers,",20.788326393002453,0,0,1,8,"NNS_,",7
6,547,her,10.137194933376698,0,0,0,9,PRP$,3
6,548,mom,16.010370513625723,0,0,0,10,NN,3
6,549,was,8.24568223794633,0,0,0,11,VBD,3
6,550,working,13.064954670576675,0,0,0,12,VBG,7
6,551,and,6.2095491118355035,0,0,0,13,CC,3
6,552,she,10.66154210357584,0,0,0,14,PRP,3
6,553,looked,13.60481780339861,0,0,0,15,VBD,6
6,554,impatient,18.59104179230416,0,0,0,16,JJ,9
6,555,when,10.303515303910618,0,0,0,17,WRB,4
6,556,she,10.66154210357584,0,0,0,18,PRP,3
6,557,saw,13.495633104836841,0,0,0,19,VBD,3
6,558,Abby,28.61724351773128,0,0,0,20,NNP,4
6,559,in,6.713150865180346,0,0,0,21,IN,2
6,560,the,5.17205129965733,0,0,0,22,DT,3
6,561,doorway,18.085470214873396,0,0,0,23,NN,7
6,562,and,6.2095491118355035,0,0,0,24,CC,3
6,563,even,11.440265863958214,0,0,0,25,RB,4
6,564,more,10.075051597559401,0,0,0,26,RBR,4
6,565,worried,16.282969591026728,0,0,0,27,JJ,7
6,566,when,10.303515303910618,0,0,0,28,WRB,4
6,567,she,10.66154210357584,0,0,0,29,PRP,3
6,568,heard,13.903406883889144,0,0,0,30,VBD,5
6,569,the,5.17205129965733,0,0,0,31,DT,3
6,570,bad,13.721120963625658,0,0,0,32,JJ,3
6,571,news.,18.89261574809728,0,1,1,33,NN_.,5
6,572,'He'll,35.662066908553285,1,0,1,1,``_PRP_MD,6
6,573,turn,13.543752363044629,0,0,0,2,VB,4
6,574,"up,'",24.62281384319435,0,0,1,3,"RP_,_''",4
6,575,Mom,16.742863887092525,0,0,0,4,NN,3
6,576,"said,",15.595237168945633,0,0,1,5,"VBD_,",5
6,577,and,6.2095491118355035,0,0,0,6,CC,3
6,578,that,7.5199882505590345,0,0,0,7,DT,4
6,579,was,8.24568223794633,0,0,0,8,VBD,3
6,580,that.,12.41673605453974,0,1,1,9,DT_.,5
6,581,"Then,",18.26886541884481,1,0,1,1,"RB_,",5
6,582,to,6.280557174231113,0,0,0,2,TO,2
6,583,add,13.451190552892392,0,0,0,3,VB,3
6,584,fuel,15.300821274990462,0,0,0,4,NN,4
6,585,to,6.280557174231113,0,0,0,5,TO,2
6,586,the,5.17205129965733,0,0,0,6,DT,3
6,587,"flames,",22.983198485541045,0,0,1,7,"NNS_,",7
6,588,she,10.66154210357584,0,0,0,8,PRP,3
6,589,raised,14.658203968734693,0,0,0,9,VBD,6
6,590,her,10.137194933376698,0,0,0,10,PRP$,3
6,591,tone,16.010798919911938,0,0,0,11,NN,4
6,592,of,5.986146708647226,0,0,0,12,IN,2
6,593,voice,14.191836598660128,0,0,0,13,NN,5
6,594,and,6.2095491118355035,0,0,0,14,CC,3
6,595,said,10.57886849101402,0,0,0,15,VBD,4
6,596,"dismissively,",36.36117712900623,0,0,1,16,"RB_,",13
6,597,'For,23.52608085688695,0,0,1,17,``_IN,4
6,598,the,5.17205129965733,0,0,0,18,DT,3
6,599,time,10.33123308744883,0,0,0,19,NN,4
6,600,"being,",16.589056737822894,0,0,1,20,"VBG_,",6
6,601,go,11.844842323862729,0,0,0,21,VB,2
6,602,to,6.280557174231113,0,0,0,22,TO,2
6,603,"bed,",19.426203373524135,0,0,1,23,"NN_,",4
6,604,Abby.,33.513991321711984,0,0,1,24,NNP_.,5
6,605,I've,20.867750298313933,0,0,0,25,PRP_VBP,4
6,606,got,12.425000057634286,0,0,0,26,VBN,3
6,607,masses,16.26854362852568,0,0,0,27,NNS,6
6,608,of,5.986146708647226,0,0,0,28,IN,2
6,609,work,11.388837299883694,0,0,0,29,NN,4
6,610,to,6.280557174231113,0,0,0,30,TO,2
6,611,catch,15.113494317642772,0,0,0,31,VB,5
6,612,up,10.382393736990075,0,0,0,32,RP,2
6,613,on.',21.490906410203905,0,1,1,33,IN_._'',4
6,614,Abby,28.61724351773128,1,0,0,1,NNP,4
6,615,had,9.816722327264898,0,0,0,2,VBD,3
6,616,a,6.556670229096891,0,0,0,3,DT,1
6,617,quick,15.03120118549679,0,0,0,4,JJ,5
6,618,temper,17.505912672413498,0,0,0,5,NN,6
6,619,and,6.2095491118355035,0,0,0,6,CC,3
6,620,she,10.66154210357584,0,0,0,7,PRP,3
6,621,was,8.24568223794633,0,0,0,8,VBD,3
6,622,angry,16.261352313018236,0,0,0,9,JJ,5
6,623,as,8.340623672004352,0,0,0,10,IN,2
6,624,hell.,20.3522269357402,0,1,1,11,NN_.,5
6,625,'You've,35.12863347893415,1,0,1,1,``_PRP_VBP,7
6,626,hoovered,33.325149970217154,0,0,0,2,VBN,8
6,627,him,10.880211382537656,0,0,0,3,PRP,3
6,628,"up,",15.398762414921688,0,0,1,4,"RB_,",3
6,629,haven't,25.045210626308098,0,0,0,5,VBP_RB,7
6,630,you?',23.5001095690367,0,0,1,6,PRP_._'',5
6,631,she,10.66154210357584,0,0,0,7,PRP,3
6,632,said,10.57886849101402,0,0,0,8,VBD,4
6,633,accusingly.,35.52866748428301,0,1,1,9,RB_.,11
6,634,Abby's,37.45018365121241,1,0,0,1,NNP_POS,6
6,635,mom,16.010370513625723,0,0,0,2,NN,3
6,636,denied,14.821096186429987,0,0,0,3,VBD,6
6,637,Abby's,37.45018365121241,0,0,0,4,NNP_POS,6
6,638,version,13.278230986682086,0,0,0,5,NN,7
6,639,of,5.986146708647226,0,0,0,6,IN,2
6,640,the,5.17205129965733,0,0,0,7,DT,3
6,641,story,13.499653318366224,0,0,0,8,NN,5
6,642,was,8.24568223794633,0,0,0,9,VBD,3
6,643,true,12.750716514086541,0,0,0,10,JJ,4
6,644,and,6.2095491118355035,0,0,0,11,CC,3
6,645,said,10.57886849101402,0,0,0,12,VBD,4
6,646,that,7.5199882505590345,0,0,0,13,IN,4
6,647,she,10.66154210357584,0,0,0,14,PRP,3
6,648,was,8.24568223794633,0,0,0,15,VBD,3
6,649,"careful,",20.943622215975253,0,0,1,16,"JJ_,",8
6,650,but,9.64272076435627,0,0,0,17,CC,3
6,651,because,11.238178964590961,0,0,0,18,IN,7
6,652,Mr.,18.229751062886635,0,0,0,19,NNP,3
6,653,Sticky,31.03009561289304,0,0,0,20,NNP,6
6,654,was,8.24568223794633,0,0,0,21,VBD,3
6,655,so,10.292139907252675,0,0,0,22,RB,2
6,656,small,12.369708016338201,0,0,0,23,JJ,5
6,657,he,9.438290970210815,0,0,0,24,PRP,2
6,658,was,8.24568223794633,0,0,0,25,VBD,3
6,659,hard,13.15424582047865,0,0,0,26,JJ,4
6,660,to,6.280557174231113,0,0,0,27,TO,2
6,661,see.,16.2625594765609,0,1,1,28,VB_.,4
6,662,'What's,31.25054247173381,1,0,1,1,``_WP_VBZ,7
6,663,wrong,13.853580132164385,0,0,0,2,JJ,5
6,664,with,8.014664635242958,0,0,0,3,IN,4
6,665,being,11.57268805989128,0,0,0,4,VBG,5
6,666,small?',27.15785267343975,0,1,1,5,JJ_._'',7
6,667,'Nothing,27.583392256982375,1,0,1,1,``_NN,8
6,668,at,8.781250634161243,0,0,0,2,IN,2
6,669,"all,",14.780202521148066,0,0,1,3,"DT_,",4
6,670,but,9.64272076435627,0,0,0,4,CC,3
6,671,it,8.375693258728493,0,0,0,5,PRP,2
6,672,makes,13.339798731221904,0,0,0,6,VBZ,5
6,673,things,12.52986290912823,0,0,0,7,NNS,6
6,674,hard,13.15424582047865,0,0,0,8,JJ,4
6,675,to,6.280557174231113,0,0,0,9,TO,2
6,676,find.',25.366861879982146,0,1,1,10,VB_._'',6
6,677,'Or,25.502345454523102,1,0,1,1,``_CC,3
6,678,"notice,'",28.605965849784802,0,0,1,2,"NN_,_''",8
6,679,Abby,28.61724351773128,0,0,0,3,NNP,4
6,680,"said,",15.595237168945633,0,0,1,4,"VBD_,",5
6,681,suddenly,15.535443984733654,0,0,0,5,RB,8
6,682,feeling,14.690975550877425,0,0,0,6,VBG,7
6,683,like,10.598838519142497,0,0,0,7,IN,4
6,684,the,5.17205129965733,0,0,0,8,DT,3
6,685,"small,",17.386076694269814,0,0,1,9,"JJ_,",6
6,686,overlooked,18.197955282011456,0,0,0,10,VBN,10
6,687,Mr.,18.229751062886635,0,0,0,11,NNP,3
6,688,Sticky,31.03009561289304,0,0,0,12,NNP,6
6,689,herself,14.849710569799118,0,0,0,13,PRP,7
6,690,and,6.2095491118355035,0,0,0,14,CC,3
6,691,storming,26.653037168238733,0,0,0,15,VBG,8
6,692,from,8.815789051907856,0,0,0,16,IN,4
6,693,the,5.17205129965733,0,0,0,17,DT,3
6,694,room.,18.076761714764526,0,1,1,18,NN_.,5
6,695,The,8.824079763818386,1,0,0,1,DT,3
6,696,door,13.774096398388007,0,0,0,2,NN,4
6,697,to,6.280557174231113,0,0,0,3,TO,2
6,698,the,5.17205129965733,0,0,0,4,DT,3
6,699,bedroom,16.645745286505516,0,0,0,5,NN,7
6,700,opened,14.677146173623203,0,0,0,6,VBD,6
6,701,a,6.556670229096891,0,0,0,7,DT,1
6,702,few,12.402199019809682,0,0,0,8,JJ,3
6,703,minutes,13.411674897935416,0,0,0,9,NNS,7
6,704,later,12.841993292771491,0,0,0,10,RB,5
6,705,and,6.2095491118355035,0,0,0,11,CC,3
6,706,Mom's,25.575804020573656,0,0,0,12,NN_POS,5
6,707,face,13.116989148538625,0,0,0,13,NN,4
6,708,appeared.,19.536575367241024,0,1,1,14,VBD_.,9
6,709,She,12.23137344081347,1,0,0,1,PRP,3
6,710,was,8.24568223794633,0,0,0,2,VBD,3
6,711,there,10.313087737286885,0,0,0,3,RB,5
6,712,to,6.280557174231113,0,0,0,4,TO,2
6,713,try,13.317313086466278,0,0,0,5,VB,3
6,714,to,6.280557174231113,0,0,0,6,TO,2
6,715,make,11.420941565900218,0,0,0,7,VB,4
6,716,up,10.382393736990075,0,0,0,8,RP,2
6,717,for,7.693494297163422,0,0,0,9,IN,3
6,718,having,12.602228034777252,0,0,0,10,VBG,6
6,719,been,10.154650775356767,0,0,0,11,VBN,4
6,720,insensitive,18.911629904281263,0,0,0,12,JJ,11
6,721,earlier.,19.090089905274326,0,1,1,13,RBR_.,8
6,722,She,12.23137344081347,1,0,0,1,PRP,3
6,723,had,9.816722327264898,0,0,0,2,VBD,3
6,724,put,12.711916905175212,0,0,0,3,VBN,3
6,725,her,10.137194933376698,0,0,0,4,PRP$,3
6,726,work,11.388837299883694,0,0,0,5,NN,4
6,727,on,8.232105999162414,0,0,0,6,IN,2
6,728,the,5.17205129965733,0,0,0,7,DT,3
6,729,back,11.396550338104024,0,0,0,8,JJ,4
6,730,burner,19.373973118338462,0,0,0,9,NN,6
6,731,and,6.2095491118355035,0,0,0,10,CC,3
6,732,occupied,16.57132682109499,0,0,0,11,VBD,8
6,733,herself,14.849710569799118,0,0,0,12,PRP,7
6,734,with,8.014664635242958,0,0,0,13,IN,4
6,735,Sticky.,35.926843416873744,0,1,1,14,NNP_.,7
6,736,"Abby,",33.63361219566289,1,0,1,1,"NNP_,",5
6,737,who,10.440803113603465,0,0,0,2,WP,3
6,738,was,8.24568223794633,0,0,0,3,VBD,3
6,739,breathing,16.67641569311124,0,0,0,4,VBG,9
6,740,fire,14.039686579577612,0,0,0,5,NN,4
6,741,all,9.763833843216453,0,0,0,6,DT,3
6,742,on,8.232105999162414,0,0,0,7,IN,2
6,743,account,13.688954251377428,0,0,0,8,NN,7
6,744,of,5.986146708647226,0,0,0,9,IN,2
6,745,the,5.17205129965733,0,0,0,10,DT,3
6,746,little,12.310603251626194,0,0,0,11,JJ,6
6,747,"snail,",34.98048384259751,0,0,1,12,"NN_,",6
6,748,tried,13.8076890548409,0,0,0,13,VBD,5
6,749,to,6.280557174231113,0,0,0,14,TO,2
6,750,ignore,16.2816406473015,0,0,0,15,VB,6
6,751,"her,",15.15356361130831,0,0,1,16,"PRP_,",4
6,752,but,9.64272076435627,0,0,0,17,CC,3
6,753,it,8.375693258728493,0,0,0,18,PRP,2
6,754,was,8.24568223794633,0,0,0,19,VBD,3
6,755,hard,13.15424582047865,0,0,0,20,JJ,4
6,756,when,10.303515303910618,0,0,0,21,WRB,4
6,757,Mom,16.742863887092525,0,0,0,22,NN,3
6,758,walked,15.260717815683801,0,0,0,23,VBD,6
6,759,over,10.810818724204807,0,0,0,24,RP,4
6,760,to,6.280557174231113,0,0,0,25,TO,2
6,761,the,5.17205129965733,0,0,0,26,DT,3
6,762,bed,14.409834695592522,0,0,0,27,NN,3
6,763,and,6.2095491118355035,0,0,0,28,CC,3
6,764,sat,14.727032201478412,0,0,0,29,VBD,3
6,765,next,12.42005421982443,0,0,0,30,RB,4
6,766,to,6.280557174231113,0,0,0,31,TO,2
6,767,her.,15.033942737357403,0,1,1,32,PRP_.,4
6,768,"Mom,",21.75923256502414,1,0,1,1,"NN_,",4
6,769,who,10.440803113603465,0,0,0,2,WP,3
6,770,Abby,28.61724351773128,0,0,0,3,NNP,4
6,771,still,11.865358748213168,0,0,0,4,RB,5
6,772,strained,18.75042480288839,0,0,0,5,VBN,8
6,773,to,6.280557174231113,0,0,0,6,TO,2
6,774,remain,14.572604810040644,0,0,0,7,VB,6
6,775,upset,16.616140662705167,0,0,0,8,JJ,5
6,776,"with,",13.031033313174571,0,0,1,9,"IN_,",5
6,777,had,9.816722327264898,0,0,0,10,VBD,3
6,778,gone,14.39091791662737,0,0,0,11,VBN,4
6,779,out,10.24888073574989,0,0,0,12,RP,3
6,780,to,6.280557174231113,0,0,0,13,TO,2
6,781,find,12.108061468940654,0,0,0,14,VB,4
6,782,her,10.137194933376698,0,0,0,15,PRP$,3
6,783,glasses,17.117639476393528,0,0,0,16,NNS,7
6,784,in,6.713150865180346,0,0,0,17,IN,2
6,785,order,11.939675056533055,0,0,0,18,NN,5
6,786,to,6.280557174231113,0,0,0,19,TO,2
6,787,search,13.842523792768386,0,0,0,20,VB,6
6,788,for,7.693494297163422,0,0,0,21,IN,3
6,789,Sticky,31.03009561289304,0,0,0,22,NNP,6
6,790,more,10.075051597559401,0,0,0,23,RBR,4
6,791,effectively.,20.339626546348754,0,1,1,24,RB_.,12
6,792,'This,22.688312601420588,1,0,1,1,``_DT,5
6,793,is,7.347528720939248,0,0,0,2,VBZ,2
6,794,my,10.229271388022482,0,0,0,3,PRP$,2
6,795,new,10.885939281688206,0,0,0,4,JJ,3
6,796,and,6.2095491118355035,0,0,0,5,CC,3
6,797,extra,14.610064524934039,0,0,0,6,RB,5
6,798,powerful,14.986947526245388,0,0,0,7,JJ,8
6,799,pair,14.606446310140559,0,0,0,8,NN,4
6,800,I,8.339223813452126,0,0,0,9,PRP,1
6,801,have,9.010965036933804,0,0,0,10,VBP,4
6,802,for,7.693494297163422,0,0,0,11,IN,3
6,803,important,12.546260764509764,0,0,0,12,JJ,9
6,804,occasions,16.850830157293036,0,0,0,13,NNS,9
6,805,like,10.598838519142497,0,0,0,14,IN,4
6,806,snail,29.96411516466589,0,0,0,15,NN,5
6,807,"hunting,'",31.21694323579625,0,0,1,16,"NN_,_''",9
6,808,she,10.66154210357584,0,0,0,17,PRP,3
6,809,said.,15.475616294994726,0,1,1,18,VBD_.,5
6,810,She,12.23137344081347,1,0,0,1,PRP,3
6,811,smiled,16.166264822769477,0,0,0,2,VBD,6
6,812,at,8.781250634161243,0,0,0,3,IN,2
6,813,"Abby,",33.63361219566289,0,0,1,4,"NNP_,",5
6,814,trying,13.341628856371308,0,0,0,5,VBG,6
6,815,to,6.280557174231113,0,0,0,6,TO,2
6,816,butter,16.217545587615238,0,0,0,7,VB,6
6,817,her,10.137194933376698,0,0,0,8,PRP,3
6,818,"up,",15.398762414921688,0,0,1,9,"RP_,",3
6,819,but,9.64272076435627,0,0,0,10,CC,3
6,820,Abby,28.61724351773128,0,0,0,11,NNP,4
6,821,didn't,22.66016589256865,0,0,0,12,VBD_RB,6
6,822,smile,15.593555494831403,0,0,0,13,VB,5
6,823,back.,16.29329814208473,0,1,1,14,RB_.,5
6,824,Abby,28.61724351773128,1,0,0,1,NNP,4
6,825,believed,15.042141404002589,0,0,0,2,VBD,8
6,826,her,10.137194933376698,0,0,0,3,PRP$,3
6,827,mom's,24.843310647106854,0,0,0,4,NN_POS,5
6,828,idea,13.431395469781961,0,0,0,5,NN,4
6,829,would,10.257280448841584,0,0,0,6,MD,5
6,830,not,8.917353115369856,0,0,0,7,RB,3
6,831,"succeed,",21.98640581069592,0,0,1,8,"VB_,",8
6,832,but,9.64272076435627,0,0,0,9,CC,3
6,833,then,10.843719789981037,0,0,0,10,RB,4
6,834,she,10.66154210357584,0,0,0,11,PRP,3
6,835,had,9.816722327264898,0,0,0,12,VBD,3
6,836,an,9.046558361117718,0,0,0,13,DT,2
6,837,idea,13.431395469781961,0,0,0,14,NN,4
6,838,of,5.986146708647226,0,0,0,15,IN,2
6,839,her,10.137194933376698,0,0,0,16,PRP$,3
6,840,own.,16.989125133118122,0,1,1,17,JJ_.,4
6,841,'I've,32.91607956004406,1,0,1,1,``_PRP_VBP,5
6,842,got,12.425000057634286,0,0,0,2,VBN,3
6,843,a,6.556670229096891,0,0,0,3,DT,1
6,844,magnifying,32.89710771268276,0,0,0,4,JJ,10
6,845,"glass,'",29.07370748390176,0,0,1,5,"NN_,_''",7
6,846,Abby,28.61724351773128,0,0,0,6,NNP,4
6,847,suddenly,15.535443984733654,0,0,0,7,RB,8
6,848,remembered,16.41908939552088,0,0,0,8,VBD,10
6,849,and,6.2095491118355035,0,0,0,9,CC,3
6,850,rushed,17.490209086449266,0,0,0,10,VBD,6
6,851,off,11.981015731191064,0,0,0,11,RP,3
6,852,to,6.280557174231113,0,0,0,12,TO,2
6,853,find,12.108061468940654,0,0,0,13,VB,4
6,854,it.,13.272441062709198,0,1,1,14,PRP_.,3
6,855,On,13.02152490299028,1,0,0,1,IN,2
6,856,the,5.17205129965733,0,0,0,2,DT,3
6,857,floor,14.587184228840869,0,0,0,3,NN,5
6,858,beside,16.32515646922693,0,0,0,4,IN,6
6,859,each,11.317540876192414,0,0,0,5,DT,4
6,860,other,10.411287485854839,0,0,0,6,JJ,5
6,861,they,9.911507183877728,0,0,0,7,PRP,4
6,862,"sat,",19.743400879410025,0,0,1,8,"VBD_,",4
6,863,shuffling,33.26408993884695,0,0,0,9,VBG,9
6,864,around,12.085954958389781,0,0,0,10,IN,6
6,865,the,5.17205129965733,0,0,0,11,DT,3
6,866,"tank,",21.110903879251804,0,0,1,12,"NN_,",5
6,867,looking,13.347439093871657,0,0,0,13,VBG,7
6,868,all,9.763833843216453,0,0,0,14,DT,3
6,869,over,10.810818724204807,0,0,0,15,IN,4
6,870,the,5.17205129965733,0,0,0,16,DT,3
6,871,place,12.402951275503977,0,0,0,17,NN,5
6,872,and,6.2095491118355035,0,0,0,18,CC,3
6,873,peering,29.544865464026426,0,0,0,19,VBG,7
6,874,into,10.48069811501334,0,0,0,20,IN,4
6,875,the,5.17205129965733,0,0,0,21,DT,3
6,876,corners,17.271838206438115,0,0,0,22,NNS,7
6,877,among,12.963788889731834,0,0,0,23,IN,5
6,878,the,5.17205129965733,0,0,0,24,DT,3
6,879,big,13.249197867766782,0,0,0,25,JJ,3
6,880,pebbles,43.12390478413123,0,0,0,26,NNS,7
6,881,and,6.2095491118355035,0,0,0,27,CC,3
6,882,the,5.17205129965733,0,0,0,28,DT,3
6,883,pond,17.86601099789489,0,0,0,29,JJ,4
6,884,weed.,23.412218476847414,0,1,1,30,NN_.,5
6,885,Abby,28.61724351773128,1,0,0,1,NNP,4
6,886,tried,13.8076890548409,0,0,0,2,VBD,5
6,887,to,6.280557174231113,0,0,0,3,TO,2
6,888,"imagine,",20.59384986314071,0,0,1,4,"VB_,",8
6,889,if,10.224647587236507,0,0,0,5,IN,2
6,890,she,10.66154210357584,0,0,0,6,PRP,3
6,891,were,9.396668283684079,0,0,0,7,VBD,4
6,892,"Sticky,",36.04646429082465,0,0,1,8,"NNP_,",7
6,893,a,6.556670229096891,0,0,0,9,DT,1
6,894,little,12.310603251626194,0,0,0,10,JJ,6
6,895,water,12.529994560925893,0,0,0,11,NN,5
6,896,"snail,",34.98048384259751,0,0,1,12,"NN_,",6
6,897,where,11.018728120918755,0,0,0,13,WRB,5
6,898,would,10.257280448841584,0,0,0,14,MD,5
6,899,she,10.66154210357584,0,0,0,15,PRP,3
6,900,hide,16.035863815572366,0,0,0,16,VB,4
6,901,out?,19.975225234781767,0,1,1,17,RP_.,4
6,902,At,13.135250131758099,1,0,0,1,IN,2
6,903,one,9.838114205706063,0,0,0,2,CD,3
6,904,point,12.254773694042107,0,0,0,3,NN,5
6,905,she,10.66154210357584,0,0,0,4,PRP,3
6,906,thought,12.816412505192044,0,0,0,5,VBD,7
6,907,she,10.66154210357584,0,0,0,6,PRP,3
6,908,saw,13.495633104836841,0,0,0,7,VBD,3
6,909,"him,",15.896580060469269,0,0,1,8,"PRP_,",4
6,910,but,9.64272076435627,0,0,0,9,CC,3
6,911,it,8.375693258728493,0,0,0,10,PRP,2
6,912,wasn't,23.865961448894634,0,0,0,11,VBD_RB,6
6,913,the,5.17205129965733,0,0,0,12,DT,3
6,914,water,12.529994560925893,0,0,0,13,NN,5
6,915,snail.,34.8608629686466,0,1,1,14,NN_.,6
6,916,It,10.702508639150992,1,0,0,1,PRP,2
6,917,was,8.24568223794633,0,0,0,2,VBD,3
6,918,a,6.556670229096891,0,0,0,3,DT,1
6,919,large,12.476577400681318,0,0,0,4,JJ,5
6,920,speck,19.26077517896831,0,0,0,5,NN,5
6,921,of,5.986146708647226,0,0,0,6,IN,2
6,922,dust,15.746934769647307,0,0,0,7,NN,4
6,923,that,7.5199882505590345,0,0,0,8,WDT,4
6,924,was,8.24568223794633,0,0,0,9,VBD,3
6,925,deceptively,42.68226906817437,0,0,0,10,RB,11
6,926,bobbing,35.47181512519536,0,0,0,11,VBG,7
6,927,around,12.085954958389781,0,0,0,12,RP,6
6,928,in,6.713150865180346,0,0,0,13,IN,2
6,929,the,5.17205129965733,0,0,0,14,DT,3
6,930,water,12.529994560925893,0,0,0,15,NN,5
6,931,like,10.598838519142497,0,0,0,16,IN,4
6,932,a,6.556670229096891,0,0,0,17,DT,1
6,933,live,13.55340610138673,0,0,0,18,JJ,4
6,934,animal.,19.702812165313674,0,1,1,19,NN_.,7
6,935,They,12.247424622708692,1,0,0,1,PRP,4
6,936,were,9.396668283684079,0,0,0,2,VBD,4
6,937,ready,14.365944939022778,0,0,0,3,JJ,5
6,938,to,6.280557174231113,0,0,0,4,TO,2
6,939,call,12.96118336811007,0,0,0,5,VB,4
6,940,it,8.375693258728493,0,0,0,6,PRP,2
6,941,"quits,",32.699796713204414,0,0,1,7,"NN_,",6
6,942,when,10.303515303910618,0,0,0,8,WRB,4
6,943,suddenly,15.535443984733654,0,0,0,9,RB,8
6,944,Mom,16.742863887092525,0,0,0,10,NN,3
6,945,"cried,",21.6260227324309,0,0,1,11,"VBD_,",6
6,946,'Ah,27.19642633252024,0,0,1,12,``_UH-ADV,3
6,947,ha!',30.66344051257625,0,1,1,13,UH_._'',4
6,948,Tucked,29.22252343269385,1,0,0,1,RB,6
6,949,in,6.713150865180346,0,0,0,2,IN,2
6,950,a,6.556670229096891,0,0,0,3,DT,1
6,951,curve,15.140494105384573,0,0,0,4,NN,5
6,952,of,5.986146708647226,0,0,0,5,IN,2
6,953,the,5.17205129965733,0,0,0,6,DT,3
6,954,"archway,",35.44074531012612,0,0,1,7,"NN_,",8
6,955,perfectly,15.819919877932552,0,0,0,8,RB,9
6,956,hidden,15.644840060875666,0,0,0,9,VBN,6
6,957,against,12.002508765857996,0,0,0,10,IN,7
6,958,a,6.556670229096891,0,0,0,11,DT,1
6,959,pitch,16.43358858483764,0,0,0,12,NN,5
6,960,dark,14.213421189622942,0,0,0,13,JJ,4
6,961,"stone,",20.701146757968363,0,0,1,14,"NN_,",6
6,962,sat,14.727032201478412,0,0,0,15,VBD,3
6,963,Mr.,18.229751062886635,0,0,0,16,NNP,3
6,964,"Sticky,",36.04646429082465,0,0,1,17,"NNP_,",7
6,965,safe,14.537579450894196,0,0,0,18,JJ,4
6,966,and,6.2095491118355035,0,0,0,19,CC,3
6,967,sound.,18.99977826858871,0,1,1,20,JJ_.,6
6,968,"'You,",27.61647567200395,1,0,1,1,"``_PRP_,",5
6,969,I,8.339223813452126,0,0,0,2,PRP,1
6,970,can,9.501706077262956,0,0,0,3,MD,3
6,971,always,12.59942313223625,0,0,0,4,RB,6
6,972,count,14.412953938225844,0,0,0,5,VB,5
6,973,"on,'",22.47252610536669,0,0,1,6,"RP_,_''",4
6,974,Abby,28.61724351773128,0,0,0,7,NNP,4
6,975,said,10.57886849101402,0,0,0,8,VBD,4
6,976,to,6.280557174231113,0,0,0,9,TO,2
6,977,her,10.137194933376698,0,0,0,10,PRP$,3
6,978,"mom,",21.026739191557336,0,0,1,11,"NN_,",4
6,979,with,8.014664635242958,0,0,0,12,IN,4
6,980,relief.,19.974638760014848,0,1,1,13,NN_.,7
6,981,Then,13.252496740913198,1,0,0,1,RB,4
6,982,she,10.66154210357584,0,0,0,2,PRP,3
6,983,noticed,15.51469991588218,0,0,0,3,VBD,7
6,984,another,12.151965346508835,0,0,0,4,DT,7
6,985,water,12.529994560925893,0,0,0,5,NN,5
6,986,snail,29.96411516466589,0,0,0,6,NN,5
6,987,was,8.24568223794633,0,0,0,7,VBD,3
6,988,right,11.553197649137935,0,0,0,8,RB,5
6,989,next,12.42005421982443,0,0,0,9,JJ,4
6,990,to,6.280557174231113,0,0,0,10,TO,2
6,991,Sticky,31.03009561289304,0,0,0,11,NNP,6
6,992,and,6.2095491118355035,0,0,0,12,CC,3
6,993,asked,13.143244557178754,0,0,0,13,VBD,5
6,994,where,11.018728120918755,0,0,0,14,WRB,5
6,995,this,8.876632627435416,0,0,0,15,DT,4
6,996,new,10.885939281688206,0,0,0,16,JJ,3
6,997,addition,13.175546714310169,0,0,0,17,NN,8
6,998,to,6.280557174231113,0,0,0,18,TO,2
6,999,the,5.17205129965733,0,0,0,19,DT,3
6,1000,family,12.716406168928025,0,0,0,20,NN,6
6,1001,could,10.893270167851,0,0,0,21,MD,5
6,1002,have,9.010965036933804,0,0,0,22,VB,4
6,1003,come,12.389346740104251,0,0,0,23,VBN,4
6,1004,from.,13.712536855888562,0,1,1,24,IN_.,5
6,1005,'I'm,32.26347317192539,1,0,1,1,``_PRP_VBP,4
6,1006,beginning,14.515344868477829,0,0,0,2,VBG,9
6,1007,to,6.280557174231113,0,0,0,3,TO,2
6,1008,suspect,16.012959912357342,0,0,0,4,VB,7
6,1009,the,5.17205129965733,0,0,0,5,DT,3
6,1010,pond,17.86601099789489,0,0,0,6,NN,4
6,1011,weed,18.51547067286671,0,0,0,7,NN,4
6,1012,is,7.347528720939248,0,0,0,8,VBZ,2
6,1013,"guilty,",20.496253933265525,0,0,1,9,"JJ_,",7
6,1014,don't,21.589569414656246,0,0,0,10,VB_RB,5
6,1015,you,8.711964911935151,0,0,0,11,PRP,3
6,1016,think?',26.599547717014822,0,0,1,12,VBP_._'',7
6,1017,replied,15.854418177890661,0,0,0,13,VBD,7
6,1018,Mom.,21.63961169107323,0,1,1,14,NN_.,4
6,1019,They,12.247424622708692,1,0,0,1,PRP,4
6,1020,both,11.500506718058375,0,0,0,2,CC,4
6,1021,laughed,16.45031146823526,0,0,0,3,VBD,7
6,1022,and,6.2095491118355035,0,0,0,4,CC,3
6,1023,climbed,17.57288861227526,0,0,0,5,VBD,7
6,1024,into,10.48069811501334,0,0,0,6,IN,4
6,1025,Abby's,37.45018365121241,0,0,0,7,NNP_POS,6
6,1026,bed,14.409834695592522,0,0,0,8,NN,3
6,1027,together,13.011519482580432,0,0,0,9,RB,8
6,1028,"and,",11.225917789767117,0,0,1,10,"CC_,",4
6,1029,though,12.843604331043483,0,0,0,11,IN,6
6,1030,it,8.375693258728493,0,0,0,12,PRP,2
6,1031,was,8.24568223794633,0,0,0,13,VBD,3
6,1032,"cozy,",24.349322714512436,0,0,1,14,"RB_,",5
6,1033,it,8.375693258728493,0,0,0,15,PRP,2
6,1034,was,8.24568223794633,0,0,0,16,VBD,3
6,1035,a,6.556670229096891,0,0,0,17,DT,1
6,1036,bit,13.322632804174265,0,0,0,18,NN,3
6,1037,of,5.986146708647226,0,0,0,19,IN,2
6,1038,a,6.556670229096891,0,0,0,20,DT,1
6,1039,squeeze.,23.171002283464798,0,1,1,21,NN_.,8
6,1040,'Budge,38.225951168305826,1,0,1,1,``_VB,6
6,1041,"up,'",24.62281384319435,0,0,1,2,"RP_,_''",4
6,1042,Mom,16.742863887092525,0,0,0,3,NN,3
6,1043,"said,",15.595237168945633,0,0,1,4,"VBD_,",5
6,1044,giving,14.456652673018873,0,0,0,5,VBG,6
6,1045,Abby,28.61724351773128,0,0,0,6,NNP,4
6,1046,a,6.556670229096891,0,0,0,7,DT,1
6,1047,push,15.330458759644415,0,0,0,8,NN,4
6,1048,with,8.014664635242958,0,0,0,9,IN,4
6,1049,her,10.137194933376698,0,0,0,10,PRP$,3
6,1050,bottom.,19.428104318771034,0,1,1,11,NN_.,7
6,1051,'I,20.387553075182254,1,0,1,1,``_PRP,2
6,1052,can't,19.553361673429333,0,0,0,2,MD_RB,5
6,1053,because,11.238178964590961,0,0,0,3,IN,7
6,1054,I'm,20.215143910195263,0,0,0,4,PRP_VBP,3
6,1055,already,12.84782339224946,0,0,0,5,RB,7
6,1056,on,8.232105999162414,0,0,0,6,IN,2
6,1057,the,5.17205129965733,0,0,0,7,DT,3
6,1058,edge.',27.744999698717344,0,1,1,8,NN_._'',6
6,1059,'Good,26.188613628541802,1,0,1,1,``_JJ,5
6,1060,"heavens,",23.82294648608157,0,0,1,2,"NN_,",8
6,1061,you've,21.24049139679696,0,0,0,3,PRP_VBP,6
6,1062,grown,15.469285766800503,0,0,0,4,VBN,5
6,1063,then.,15.740467593961743,0,1,1,5,RB_.,5
6,1064,When,12.864300091874131,1,0,0,1,WRB,4
6,1065,did,11.420835168659025,0,0,0,2,VBD,3
6,1066,that,7.5199882505590345,0,0,0,3,DT,4
6,1067,happen?,24.238346991396806,0,1,1,4,VB_.,7
6,1068,You,12.147149866146563,1,0,0,1,PRP,3
6,1069,could've,23.421796652712807,0,0,0,2,MD_VB,8
6,1070,put,12.711916905175212,0,0,0,3,VBN,3
6,1071,an,9.046558361117718,0,0,0,4,DT,2
6,1072,elephant,18.489157164522044,0,0,0,5,NN,8
6,1073,in,6.713150865180346,0,0,0,6,IN,2
6,1074,here,11.51848117094579,0,0,0,7,RB,4
6,1075,last,12.045017495502083,0,0,0,8,JJ,4
6,1076,time,10.33123308744883,0,0,0,9,NN,4
6,1077,we,9.393249661109394,0,0,0,10,PRP,2
6,1078,did,11.420835168659025,0,0,0,11,VBD,3
6,1079,this.,13.773380431416122,0,1,1,12,DT_.,5
6,1080,Before,15.954797206394048,1,0,0,1,IN,6
6,1081,I,8.339223813452126,0,0,0,2,PRP,1
6,1082,know,11.320155189932528,0,0,0,3,VBP,4
6,1083,"it,",13.392061936660106,0,0,1,4,"PRP_,",3
6,1084,you'll,21.223498081490618,0,0,0,5,PRP_MD,6
6,1085,be,8.447345415772759,0,0,0,6,VB,2
6,1086,all,9.763833843216453,0,0,0,7,DT,3
6,1087,grown,15.469285766800503,0,0,0,8,VBN,5
6,1088,up.',23.641194148031566,0,1,1,9,RP_._'',4
6,1089,On,13.02152490299028,1,0,0,1,IN,2
6,1090,her,10.137194933376698,0,0,0,2,PRP$,3
6,1091,mom's,24.843310647106854,0,0,0,3,NN_POS,5
6,1092,chest,15.67889339785824,0,0,0,4,NN,5
6,1093,Abby,28.61724351773128,0,0,0,5,NNP,4
6,1094,then,10.843719789981037,0,0,0,6,RB,4
6,1095,put,12.711916905175212,0,0,0,7,VBD,3
6,1096,her,10.137194933376698,0,0,0,8,PRP$,3
6,1097,head,12.743157314316427,0,0,0,9,NN,4
6,1098,and,6.2095491118355035,0,0,0,10,CC,3
6,1099,smiled.,21.063012626750183,0,1,1,11,VBD_.,7
7,1,The,9.620901624343471,1,0,0,1,DT,3
7,2,text,13.602123022993307,0,0,0,2,NN,4
7,3,message,14.066479709177646,0,0,0,3,NN,7
7,4,said,10.57886849101402,0,0,0,4,VBD,4
7,5,that,7.5199882505590345,0,0,0,5,IN,4
7,6,Lucy,17.91201141824379,0,0,0,6,NNP,4
7,7,Josephs,24.568523754497768,0,0,0,7,NNP,7
7,8,was,8.24568223794633,0,0,0,8,VBD,3
7,9,a,6.556670229096891,0,0,0,9,DT,1
7,10,failure.,19.161696370213505,0,1,1,10,NN_.,8
7,11,It,10.702508639150992,1,0,0,1,PRP,2
7,12,said,10.57886849101402,0,0,0,2,VBD,4
7,13,she,10.66154210357584,0,0,0,3,PRP,3
7,14,was,8.24568223794633,0,0,0,4,VBD,3
7,15,"ugly,",22.35396319740613,0,0,0,5,JJ_CC,5
7,16,had,9.816722327264898,0,0,0,6,VBD,3
7,17,no,10.387625509173944,0,0,0,7,DT,2
7,18,style,13.938036786097243,0,0,0,8,NN,5
7,19,and,6.2095491118355035,0,0,0,9,CC,3
7,20,the,5.17205129965733,0,0,0,10,DT,3
7,21,world,12.279708713631408,0,0,0,11,NN,5
7,22,hated,17.508362342187098,0,0,0,12,VBD,5
7,23,her.,15.033942737357403,0,1,1,13,PRP_.,4
7,24,At,13.135250131758099,1,0,0,1,IN,2
7,25,least,12.57028203516876,0,0,0,2,JJS,5
7,26,that,7.5199882505590345,0,0,0,3,DT,4
7,27,was,8.24568223794633,0,0,0,4,VBD,3
7,28,what,10.597278888354701,0,0,0,5,WP,4
7,29,it,8.375693258728493,0,0,0,6,PRP,2
7,30,said,10.57886849101402,0,0,0,7,VBD,4
7,31,to,6.280557174231113,0,0,0,8,TO,2
7,32,Lucy.,22.808759222224495,0,1,1,9,NNP_.,5
7,33,It,10.702508639150992,1,0,0,1,PRP,2
7,34,said,10.57886849101402,0,0,0,2,VBD,4
7,35,that,7.5199882505590345,0,0,0,3,DT,4
7,36,and,6.2095491118355035,0,0,0,4,CC,3
7,37,a,6.556670229096891,0,0,0,5,DT,1
7,38,whole,13.221047694625529,0,0,0,6,JJ,5
7,39,lot,12.936857236546949,0,0,0,7,NN,3
7,40,more,10.075051597559401,0,0,0,8,JJR,4
7,41,that,7.5199882505590345,0,0,0,9,WDT,4
7,42,she,10.66154210357584,0,0,0,10,PRP,3
7,43,was,8.24568223794633,0,0,0,11,VBD,3
7,44,struggling,16.865138618363115,0,0,0,12,VBG,10
7,45,to,6.280557174231113,0,0,0,13,TO,2
7,46,understand.,18.40360862958506,0,1,1,14,VB_.,11
7,47,The,8.824079763818386,1,0,0,1,DT,3
7,48,actual,14.328935891804651,0,0,0,2,JJ,6
7,49,text,13.602123022993307,0,0,0,3,NN,4
7,50,of,5.986146708647226,0,0,0,4,IN,2
7,51,the,5.17205129965733,0,0,0,5,DT,3
7,52,note,13.996884216664121,0,0,0,6,NN,4
7,53,said,10.57886849101402,0,0,0,7,VBD,4
7,54,that,7.5199882505590345,0,0,0,8,IN,4
7,55,Lucy,17.91201141824379,0,0,0,9,NNP,4
7,56,better,12.492542561150294,0,0,0,10,RBR,6
7,57,not,8.917353115369856,0,0,0,11,RB,3
7,58,show,12.304506530314583,0,0,0,12,VBP,4
7,59,up,10.382393736990075,0,0,0,13,RP,2
7,60,at,8.781250634161243,0,0,0,14,IN,2
7,61,the,5.17205129965733,0,0,0,15,DT,3
7,62,party,13.56220243975865,0,0,0,16,NN,5
7,63,"tonight,",21.22884402287616,0,0,1,17,"NN_,",8
7,64,because,11.238178964590961,0,0,0,18,IN,7
7,65,it,8.375693258728493,0,0,0,19,PRP,2
7,66,was,8.24568223794633,0,0,0,20,VBD,3
7,67,going,12.069428608054313,0,0,0,21,VBG,5
7,68,to,6.280557174231113,0,0,0,22,TO,2
7,69,be,8.447345415772759,0,0,0,23,VB,2
7,70,bad,13.721120963625658,0,0,0,24,JJ,3
7,71,enough,12.884430494645194,0,0,0,25,RB,6
7,72,already!,24.030179361525143,0,1,1,26,RB_.,8
7,73,"Lucy,",22.928380096175403,1,0,1,1,"NNP_,",5
7,74,who,10.440803113603465,0,0,0,2,WP,3
7,75,had,9.816722327264898,0,0,0,3,VBD,3
7,76,started,13.507978806359791,0,0,0,4,VBN,7
7,77,receiving,15.148891213326369,0,0,0,5,VBG,9
7,78,these,10.85037442666533,0,0,0,6,DT,5
7,79,messages,15.489103797952481,0,0,0,7,NNS,8
7,80,a,6.556670229096891,0,0,0,8,DT,1
7,81,few,12.402199019809682,0,0,0,9,JJ,3
7,82,weeks,13.84642980405999,0,0,0,10,NNS,5
7,83,"ago,",18.85928013359751,0,0,1,11,"RB_,",4
7,84,tapped,18.437500368552733,0,0,0,12,VBD,6
7,85,the,5.17205129965733,0,0,0,13,DT,3
7,86,mobile,14.908433392974924,0,0,0,14,NN,6
7,87,screen,14.411050313878093,0,0,0,15,NN,6
7,88,to,6.280557174231113,0,0,0,16,TO,2
7,89,make,11.420941565900218,0,0,0,17,VB,4
7,90,the,5.17205129965733,0,0,0,18,DT,3
7,91,message,14.066479709177646,0,0,0,19,NN,7
7,92,disappear,17.438438945050635,0,0,0,20,VB,9
7,93,from,8.815789051907856,0,0,0,21,IN,4
7,94,view.,18.153715386651143,0,1,1,22,NN_.,5
7,95,She,12.23137344081347,1,0,0,1,PRP,3
7,96,only,10.623289958781577,0,0,0,2,RB,4
7,97,wished,16.97967989745026,0,0,0,3,VBD,6
7,98,it,8.375693258728493,0,0,0,4,PRP,2
7,99,was,8.24568223794633,0,0,0,5,VBD,3
7,100,as,8.340623672004352,0,0,0,6,RB,2
7,101,easy,13.769804189691364,0,0,0,7,JJ,4
7,102,to,6.280557174231113,0,0,0,8,TO,2
7,103,tap,16.523192880344308,0,0,0,9,VB,3
7,104,her,10.137194933376698,0,0,0,10,PRP$,3
7,105,heart,13.538843734541853,0,0,0,11,NN,5
7,106,and,6.2095491118355035,0,0,0,12,CC,3
7,107,erase,18.76092437014888,0,0,0,13,VB,5
7,108,the,5.17205129965733,0,0,0,14,DT,3
7,109,trace,16.065993172405534,0,0,0,15,NN,5
7,110,the,5.17205129965733,0,0,0,16,DT,3
7,111,message,14.066479709177646,0,0,0,17,NN,7
7,112,had,9.816722327264898,0,0,0,18,VBD,3
7,113,left,12.348388306494765,0,0,0,19,VBN,4
7,114,there.,15.20983554126759,0,1,1,20,RB_.,6
7,115,'Was,27.82143663659759,1,0,1,1,``_VBD,4
7,116,that,7.5199882505590345,0,0,0,2,DT,4
7,117,another,12.151965346508835,0,0,0,3,DT,7
7,118,one,9.838114205706063,0,0,0,4,NN,3
7,119,of,5.986146708647226,0,0,0,5,IN,2
7,120,those,11.51721368888743,0,0,0,6,DT,5
7,121,messages?',30.27724845505403,0,0,1,7,NNS_._'',10
7,122,her,10.137194933376698,0,0,0,8,PRP$,3
7,123,mom,16.010370513625723,0,0,0,9,NN,3
7,124,"asked,",18.159613235110367,0,0,1,10,"VBD_,",6
7,125,who,10.440803113603465,0,0,0,11,WP,3
7,126,was,8.24568223794633,0,0,0,12,VBD,3
7,127,driving,14.951663038005492,0,0,0,13,VBG,7
7,128,the,5.17205129965733,0,0,0,14,DT,3
7,129,car.,18.17167683962664,0,1,1,15,NN_.,4
7,130,Lucy,17.91201141824379,1,0,0,1,NNP,4
7,131,confirmed,14.795029518484743,0,0,0,2,VBD,9
7,132,her,10.137194933376698,0,0,0,3,PRP$,3
7,133,mother's,22.55658371278734,0,0,0,4,NN_POS,8
7,134,suspicion,17.26107215479064,0,0,0,5,NN,9
7,135,was,8.24568223794633,0,0,0,6,VBD,3
7,136,founded,16.19137986739695,0,0,0,7,VBN,7
7,137,as,8.340623672004352,0,0,0,8,IN,2
7,138,she,10.66154210357584,0,0,0,9,PRP,3
7,139,answered,15.789711550482249,0,0,0,10,VBD,8
7,140,"dejectedly,",45.45262254119335,0,0,1,11,"RB_,",11
7,141,'I'm,32.26347317192539,0,0,1,12,``_PRP_VBP,4
7,142,sorry,15.133623256946226,0,0,0,13,JJ,5
7,143,to,6.280557174231113,0,0,0,14,TO,2
7,144,say,12.230242301465669,0,0,0,15,VB,3
7,145,it,8.375693258728493,0,0,0,16,PRP,2
7,146,was.',21.50448264898782,0,1,1,17,VBD_._'',5
7,147,'Haven't,48.29115680091777,1,0,1,1,``_VB_RB,8
7,148,you,8.711964911935151,0,0,0,2,PRP,3
7,149,reported,13.099888016606528,0,0,0,3,VBD,8
7,150,it,8.375693258728493,0,0,0,4,PRP,2
7,151,yet?',27.96569189535966,0,0,1,5,RB_._'',5
7,152,asked,13.143244557178754,0,0,0,6,VBD,5
7,153,"Jill,",23.77106397437978,0,0,1,7,"NN_,",5
7,154,Lucy's,26.74495155172492,0,0,0,8,NNP_POS,6
7,155,older,14.73233771858153,0,0,0,9,JJR,5
7,156,sister,15.327501212902188,0,0,0,10,NN,6
7,157,who,10.440803113603465,0,0,0,11,WP,3
7,158,was,8.24568223794633,0,0,0,12,VBD,3
7,159,sitting,15.193283332284686,0,0,0,13,VBG,7
7,160,in,6.713150865180346,0,0,0,14,IN,2
7,161,the,5.17205129965733,0,0,0,15,DT,3
7,162,passenger,16.909094341692295,0,0,0,16,NN,9
7,163,seat.,20.16075588219253,0,1,1,17,NN_.,5
7,164,"'Yes,'",39.06504105185587,1,0,1,1,"``_UH_,_''",6
7,165,Lucy,17.91201141824379,0,0,0,2,NNP,4
7,166,"replied,",20.870786855822274,0,0,1,3,"VBD_,",8
7,167,lying,16.066550491833514,0,0,0,4,VBG,5
7,168,through,11.340957503730838,0,0,0,5,IN,7
7,169,her,10.137194933376698,0,0,0,6,PRP$,3
7,170,teeth.,20.777976575563272,0,1,1,7,NNS_.,6
7,171,That,12.803635355257288,1,0,0,1,IN,4
7,172,Lucy,17.91201141824379,0,0,0,2,NNP,4
7,173,should,11.291470722138676,0,0,0,3,MD,6
7,174,not,8.917353115369856,0,0,0,4,RB,3
7,175,let,12.807699838865982,0,0,0,5,VB,3
7,176,the,5.17205129965733,0,0,0,6,DT,3
7,177,messages,15.489103797952481,0,0,0,7,NNS,8
7,178,get,10.94551217426815,0,0,0,8,VBP,3
7,179,to,6.280557174231113,0,0,0,9,TO,2
7,180,her,10.137194933376698,0,0,0,10,PRP,3
7,181,and,6.2095491118355035,0,0,0,11,CC,3
7,182,that,7.5199882505590345,0,0,0,12,IN,4
7,183,the,5.17205129965733,0,0,0,13,DT,3
7,184,sender,17.713989425062096,0,0,0,14,NN,6
7,185,was,8.24568223794633,0,0,0,15,VBD,3
7,186,only,10.623289958781577,0,0,0,16,RB,4
7,187,jealous,18.377715368344067,0,0,0,17,JJ,7
7,188,were,9.396668283684079,0,0,0,18,VBD,4
7,189,Lucy's,26.74495155172492,0,0,0,19,NNP_POS,6
7,190,mom's,24.843310647106854,0,0,0,20,NN_POS,5
7,191,"arguments,",20.24632152052003,0,0,1,21,"NNS_,",10
7,192,in,6.713150865180346,0,0,0,22,IN,2
7,193,an,9.046558361117718,0,0,0,23,DT,2
7,194,effort,14.650236857381223,0,0,0,24,NN,6
7,195,to,6.280557174231113,0,0,0,25,TO,2
7,196,comfort,16.17627052957857,0,0,0,26,VB,7
7,197,her,10.137194933376698,0,0,0,27,PRP$,3
7,198,daughter.,19.79239476990679,0,1,1,28,NN_.,9
7,199,Lucy's,26.74495155172492,1,0,0,1,NNP_POS,6
7,200,mom,16.010370513625723,0,0,0,2,NN,3
7,201,suddenly,15.535443984733654,0,0,0,3,RB,8
7,202,felt,13.808886882388357,0,0,0,4,VBD,4
7,203,"guilty,",20.496253933265525,0,0,1,5,"JJ_,",7
7,204,for,7.693494297163422,0,0,0,6,IN,3
7,205,she,10.66154210357584,0,0,0,7,PRP,3
7,206,had,9.816722327264898,0,0,0,8,VBD,3
7,207,been,10.154650775356767,0,0,0,9,VBN,4
7,208,the,5.17205129965733,0,0,0,10,DT,3
7,209,one,9.838114205706063,0,0,0,11,NN,3
7,210,to,6.280557174231113,0,0,0,12,TO,2
7,211,buy,14.578201082702808,0,0,0,13,VB,3
7,212,the,5.17205129965733,0,0,0,14,DT,3
7,213,phone,14.265698351007256,0,0,0,15,NN,5
7,214,for,7.693494297163422,0,0,0,16,IN,3
7,215,Lucy,17.91201141824379,0,0,0,17,NNP,4
7,216,just,10.882719038846648,0,0,0,18,RB,4
7,217,a,6.556670229096891,0,0,0,19,DT,1
7,218,couple,14.316208098483681,0,0,0,20,NN,6
7,219,of,5.986146708647226,0,0,0,21,IN,2
7,220,months,13.212796405603683,0,0,0,22,NNS,6
7,221,ago.,18.739659259646604,0,1,1,23,IN_.,4
7,222,She,12.23137344081347,1,0,0,1,PRP,3
7,223,then,10.843719789981037,0,0,0,2,RB,4
7,224,admitted,15.573613556245348,0,0,0,3,VBD,8
7,225,her,10.137194933376698,0,0,0,4,PRP$,3
7,226,regret,16.752250078196866,0,0,0,5,NN,6
7,227,about,10.294135891377458,0,0,0,6,IN,5
7,228,the,5.17205129965733,0,0,0,7,DT,3
7,229,phone,14.265698351007256,0,0,0,8,NN,5
7,230,was,8.24568223794633,0,0,0,9,VBD,3
7,231,still,11.865358748213168,0,0,0,10,RB,5
7,232,bugging,30.482817480975367,0,0,0,11,VBG,7
7,233,her,10.137194933376698,0,0,0,12,PRP,3
7,234,out,10.24888073574989,0,0,0,13,RB,3
7,235,loud,16.479681022750267,0,0,0,14,JJ,4
7,236,as,8.340623672004352,0,0,0,15,IN,2
7,237,she,10.66154210357584,0,0,0,16,PRP,3
7,238,"sighed,",22.616987638288638,0,0,1,17,"VBD_,",7
7,239,'I,20.387553075182254,0,0,1,18,``_PRP,2
7,240,never,12.321925674555477,0,0,0,19,RB,5
7,241,should,11.291470722138676,0,0,0,20,MD,6
7,242,have,9.010965036933804,0,0,0,21,VB,4
7,243,given,12.349004721766544,0,0,0,22,VBN,5
7,244,you,8.711964911935151,0,0,0,23,PRP,3
7,245,that,7.5199882505590345,0,0,0,24,DT,4
7,246,phone,14.265698351007256,0,0,0,25,NN,5
7,247,Lucy.',31.17081182928528,0,1,1,26,NN_._'',6
7,248,"'No,",28.507101870592823,1,0,1,1,"``_UH_,",4
7,249,it's,17.208633392209624,0,0,0,2,PRP_VBZ,4
7,250,fine.,18.947189264534256,0,0,1,3,JJ_.,5
7,251,I,8.339223813452126,0,0,0,4,PRP,1
7,252,love,13.043566305660502,0,0,0,5,VBP,4
7,253,"it,'",22.61611336493277,0,0,1,6,"PRP_,_''",4
7,254,said,10.57886849101402,0,0,0,7,VBD,4
7,255,Lucy,17.91201141824379,0,0,0,8,NNP,4
7,256,knowing,15.649367462162022,0,0,0,9,VBG,7
7,257,that,7.5199882505590345,0,0,0,10,IN,4
7,258,affording,33.985952572830755,0,0,0,11,VBG,9
7,259,the,5.17205129965733,0,0,0,12,DT,3
7,260,phone,14.265698351007256,0,0,0,13,NN,5
7,261,had,9.816722327264898,0,0,0,14,VBD,3
7,262,been,10.154650775356767,0,0,0,15,VBN,4
7,263,no,10.387625509173944,0,0,0,16,DT,2
7,264,small,12.369708016338201,0,0,0,17,JJ,5
7,265,thing,12.852764825275539,0,0,0,18,NN,5
7,266,for,7.693494297163422,0,0,0,19,IN,3
7,267,her,10.137194933376698,0,0,0,20,PRP$,3
7,268,mother.,18.620391383286915,0,1,1,21,NN_.,7
7,269,It,10.702508639150992,1,0,0,1,PRP,2
7,270,had,9.816722327264898,0,0,0,2,VBD,3
7,271,been,10.154650775356767,0,0,0,3,VBN,4
7,272,nothing,13.280703331027429,0,0,0,4,NN,7
7,273,but,9.64272076435627,0,0,0,5,CC,3
7,274,trouble,15.310617223529189,0,0,0,6,NN,7
7,275,though.,17.74035213502419,0,1,1,7,RB_.,7
7,276,Lucy,17.91201141824379,1,0,0,1,NNP,4
7,277,did,11.420835168659025,0,0,0,2,VBD,3
7,278,not,8.917353115369856,0,0,0,3,RB,3
7,279,know,11.320155189932528,0,0,0,4,VB,4
7,280,who,10.440803113603465,0,0,0,5,WP,3
7,281,it,8.375693258728493,0,0,0,6,PRP,2
7,282,was,8.24568223794633,0,0,0,7,VBD,3
7,283,that,7.5199882505590345,0,0,0,8,WDT,4
7,284,was,8.24568223794633,0,0,0,9,VBD,3
7,285,sending,15.977767813287919,0,0,0,10,VBG,7
7,286,her,10.137194933376698,0,0,0,11,PRP,3
7,287,the,5.17205129965733,0,0,0,12,DT,3
7,288,"messages,",20.505472475884094,0,0,1,13,"NNS_,",9
7,289,and,6.2095491118355035,0,0,0,14,CC,3
7,290,she,10.66154210357584,0,0,0,15,PRP,3
7,291,did,11.420835168659025,0,0,0,16,VBD,3
7,292,not,8.917353115369856,0,0,0,17,RB,3
7,293,know,11.320155189932528,0,0,0,18,VB,4
7,294,how,11.245386235048318,0,0,0,19,WRB,3
7,295,they,9.911507183877728,0,0,0,20,PRP,4
7,296,had,9.816722327264898,0,0,0,21,VBD,3
7,297,got,12.425000057634286,0,0,0,22,VBN,3
7,298,her,10.137194933376698,0,0,0,23,PRP$,3
7,299,"number,",16.64502793184878,0,0,1,24,"NN_,",7
7,300,but,9.64272076435627,0,0,0,25,CC,3
7,301,whoever,17.976018908715893,0,0,0,26,WP,7
7,302,it,8.375693258728493,0,0,0,27,PRP,2
7,303,"was,",13.262050915877943,0,0,1,28,"VBD_,",4
7,304,he,9.438290970210815,0,0,0,29,PRP,2
7,305,or,8.922107338283002,0,0,0,30,CC,2
7,306,she,10.66154210357584,0,0,0,31,PRP,3
7,307,had,9.816722327264898,0,0,0,32,VBD,3
7,308,slowly,15.381296760973036,0,0,0,33,RB,6
7,309,taken,13.246684899227446,0,0,0,34,VBN,5
7,310,over,10.810818724204807,0,0,0,35,RP,4
7,311,Lucy's,26.74495155172492,0,0,0,36,NNP_POS,6
7,312,life.,17.008878137639634,0,1,1,37,NN_.,5
7,313,She,12.23137344081347,1,0,0,1,PRP,3
7,314,was,8.24568223794633,0,0,0,2,VBD,3
7,315,getting,13.453527758955854,0,0,0,3,VBG,7
7,316,several,12.76407443131371,0,0,0,4,JJ,7
7,317,texts,17.098395486856596,0,0,0,5,NNS,5
7,318,a,6.556670229096891,0,0,0,6,DT,1
7,319,day,11.999020405453908,0,0,0,7,NN,3
7,320,"now,",16.382280837938865,0,0,1,8,"RB_,",4
7,321,all,9.763833843216453,0,0,0,9,NP,3
7,322,of,5.986146708647226,0,0,0,10,IN,2
7,323,which,9.57515612507219,0,0,0,11,WDT,5
7,324,were,9.396668283684079,0,0,0,12,VBD,4
7,325,abusive,18.532528274359787,0,0,0,13,JJ,7
7,326,and,6.2095491118355035,0,0,0,14,CC,3
7,327,hurtful.,34.43365747336327,0,1,1,15,JJ_.,8
7,328,Lucy,17.91201141824379,1,0,0,1,NNP,4
7,329,wondered,16.611653781157724,0,0,0,2,VBD,8
7,330,what,10.597278888354701,0,0,0,3,WP,4
7,331,the,5.17205129965733,0,0,0,4,DT,3
7,332,person,12.989725172885016,0,0,0,5,NN,6
7,333,who,10.440803113603465,0,0,0,6,WP,3
7,334,was,8.24568223794633,0,0,0,7,VBD,3
7,335,messaging,18.306757395104853,0,0,0,8,VBG,9
7,336,her,10.137194933376698,0,0,0,9,PRP,3
7,337,might,12.1759533185724,0,0,0,10,MD,5
7,338,be,8.447345415772759,0,0,0,11,VB,2
7,339,thinking,14.353395156627446,0,0,0,12,VBG,8
7,340,or,8.922107338283002,0,0,0,13,CC,2
7,341,trying,13.341628856371308,0,0,0,14,VBG,6
7,342,to,6.280557174231113,0,0,0,15,TO,2
7,343,achieve,14.90873210429411,0,0,0,16,VB,7
7,344,with,8.014664635242958,0,0,0,17,IN,4
7,345,all,9.763833843216453,0,0,0,18,DT,3
7,346,of,5.986146708647226,0,0,0,19,IN,2
7,347,their,10.026103707581193,0,0,0,20,PRP$,5
7,348,hateful,29.73416666951099,0,0,0,21,JJ,7
7,349,messages.,20.385851601933187,0,1,1,22,NNS_.,9
7,350,As,12.126470773808851,1,0,0,1,IN,2
7,351,the,5.17205129965733,0,0,0,2,DT,3
7,352,car,13.274929035645936,0,0,0,3,NN,3
7,353,pulled,15.227040840946579,0,0,0,4,VBD,6
7,354,up,10.382393736990075,0,0,0,5,RP,2
7,355,outside,13.697038804078616,0,0,0,6,IN,7
7,356,the,5.17205129965733,0,0,0,7,DT,3
7,357,"school,",18.214790857035908,0,0,1,8,"NN_,",7
7,358,which,9.57515612507219,0,0,0,9,WDT,5
7,359,looked,13.60481780339861,0,0,0,10,VBD,6
7,360,like,10.598838519142497,0,0,0,11,IN,4
7,361,a,6.556670229096891,0,0,0,12,DT,1
7,362,large,12.476577400681318,0,0,0,13,JJ,5
7,363,shadow,16.318408385668818,0,0,0,14,NN,6
7,364,in,6.713150865180346,0,0,0,15,IN,2
7,365,the,5.17205129965733,0,0,0,16,DT,3
7,366,darkness,16.58762221351006,0,0,0,17,NNS,8
7,367,of,5.986146708647226,0,0,0,18,IN,2
7,368,a,6.556670229096891,0,0,0,19,DT,1
7,369,November,14.354809909514458,0,0,0,20,NNP,8
7,370,"evening,",20.254044871702614,0,0,1,21,"NN_,",8
7,371,Lucy,17.91201141824379,0,0,0,22,NNP,4
7,372,felt,13.808886882388357,0,0,0,23,VBD,4
7,373,a,6.556670229096891,0,0,0,24,DT,1
7,374,shiver,29.93538589581604,0,0,0,25,NN,6
7,375,run,12.899063055900854,0,0,0,26,VB,3
7,376,down,11.728947275254644,0,0,0,27,RP,4
7,377,her,10.137194933376698,0,0,0,28,PRP$,3
7,378,spine.,21.99418478357631,0,1,1,29,NN_.,6
7,379,Hastened,39.8544611996881,1,0,0,1,VBN,8
7,380,by,8.57862391074893,0,0,0,2,IN,2
7,381,"Jill,",23.77106397437978,0,0,1,3,"NNP_,",5
7,382,who,10.440803113603465,0,0,0,4,WP,3
7,383,did,11.420835168659025,0,0,0,5,VBD,3
7,384,not,8.917353115369856,0,0,0,6,RB,3
7,385,want,11.741135763223902,0,0,0,7,VB,4
7,386,to,6.280557174231113,0,0,0,8,TO,2
7,387,be,8.447345415772759,0,0,0,9,VB,2
7,388,late,13.855259258250719,0,0,0,10,JJ,4
7,389,to,6.280557174231113,0,0,0,11,TO,2
7,390,her,10.137194933376698,0,0,0,12,PRP$,3
7,391,own,12.092377329137417,0,0,0,13,JJ,3
7,392,"concert,",21.758770744268567,0,0,1,14,"NN_,",8
7,393,Lucy,17.91201141824379,0,0,0,15,NNP,4
7,394,hesitantly,34.69412702679112,0,0,0,16,RB,10
7,395,stepped,16.312135727709126,0,0,0,17,VBD,7
7,396,out,10.24888073574989,0,0,0,18,RP,3
7,397,of,5.986146708647226,0,0,0,19,IN,2
7,398,the,5.17205129965733,0,0,0,20,DT,3
7,399,car,13.274929035645936,0,0,0,21,NN,3
7,400,and,6.2095491118355035,0,0,0,22,CC,3
7,401,walked,15.260717815683801,0,0,0,23,VBD,6
7,402,toward,14.143468133079491,0,0,0,24,IN,6
7,403,the,5.17205129965733,0,0,0,25,DT,3
7,404,school.,18.095169983085,0,1,1,26,NN_.,7
7,405,It,10.702508639150992,1,0,0,1,PRP,2
7,406,was,8.24568223794633,0,0,0,2,VBD,3
7,407,Jill,18.754695296448165,0,0,0,3,NNP,4
7,408,who,10.440803113603465,0,0,0,4,WP,3
7,409,in,6.713150865180346,0,0,0,5,IN,2
7,410,her,10.137194933376698,0,0,0,6,PRP$,3
7,411,final,13.195052280922262,0,0,0,7,JJ,5
7,412,year,12.049169836402289,0,0,0,8,NN,4
7,413,of,5.986146708647226,0,0,0,9,IN,2
7,414,high,11.744305671559701,0,0,0,10,JJ,4
7,415,school,13.198422179104295,0,0,0,11,NN,6
7,416,had,9.816722327264898,0,0,0,12,VBD,3
7,417,become,13.110014771270581,0,0,0,13,VBN,6
7,418,involved,13.603792894200879,0,0,0,14,VBN,8
7,419,in,6.713150865180346,0,0,0,15,IN,2
7,420,helping,15.672123579895963,0,0,0,16,VBG,7
7,421,organize,17.790451793700676,0,0,0,17,VB,8
7,422,this,8.876632627435416,0,0,0,18,DT,4
7,423,year's,20.88210996988342,0,0,0,19,NN_POS,6
7,424,school,13.198422179104295,0,0,0,20,NN,6
7,425,talent,16.435518392976654,0,0,0,21,NN,6
7,426,"show,",17.320875208246196,0,0,1,22,"NN_,",5
7,427,and,6.2095491118355035,0,0,0,23,CC,3
7,428,she,10.66154210357584,0,0,0,24,PRP,3
7,429,took,12.976892749533743,0,0,0,25,VBD,4
7,430,her,10.137194933376698,0,0,0,26,PRP$,3
7,431,position,13.115126091703385,0,0,0,27,NN,8
7,432,very,11.453179973007163,0,0,0,28,RB,4
7,433,seriously.,20.86443936177735,0,1,1,29,RB_.,10
7,434,Lucy,17.91201141824379,1,0,0,1,NNP,4
7,435,hurried,18.010271232313546,0,0,0,2,VBN,7
7,436,behind,13.602322364855635,0,0,0,3,IN,6
7,437,"Jill,",23.77106397437978,0,0,1,4,"NNP_,",5
7,438,pulling,16.676694785299883,0,0,0,5,VBG,7
7,439,on,8.232105999162414,0,0,0,6,IN,2
7,440,the,5.17205129965733,0,0,0,7,DT,3
7,441,"worn,",22.03836820715425,0,0,1,8,"JJ_,",5
7,442,oversized,27.586744692299753,0,0,0,9,JJ,9
7,443,coat,16.57414597250901,0,0,0,10,NN,4
7,444,that,7.5199882505590345,0,0,0,11,WDT,4
7,445,had,9.816722327264898,0,0,0,12,VBD,3
7,446,originally,15.659834943701657,0,0,0,13,RB,10
7,447,belonged,17.451866951341962,0,0,0,14,VBD,8
7,448,to,6.280557174231113,0,0,0,15,TO,2
7,449,"Jill,",23.77106397437978,0,0,1,16,"NNP_,",5
7,450,in,6.713150865180346,0,0,0,17,IN,2
7,451,order,11.939675056533055,0,0,0,18,NN,5
7,452,to,6.280557174231113,0,0,0,19,TO,2
7,453,keep,13.090897794533806,0,0,0,20,VB,4
7,454,her,10.137194933376698,0,0,0,21,PRP,3
7,455,dry,15.069313727697402,0,0,0,22,JJ,3
7,456,as,8.340623672004352,0,0,0,23,IN,2
7,457,the,5.17205129965733,0,0,0,24,DT,3
7,458,raindrops,47.508378615456145,0,0,0,25,NNS,9
7,459,fell,15.021437714545819,0,0,0,26,VBD,4
7,460,all,9.763833843216453,0,0,0,27,DT,3
7,461,around,12.085954958389781,0,0,0,28,IN,6
7,462,them.,15.609819837378044,0,1,1,29,PRP_.,5
7,463,As,12.126470773808851,1,0,0,1,IN,2
7,464,the,5.17205129965733,0,0,0,2,DT,3
7,465,sisters,17.27485406938409,0,0,0,3,NNS,7
7,466,entered,14.837328819159776,0,0,0,4,VBD,7
7,467,the,5.17205129965733,0,0,0,5,DT,3
7,468,hall,15.972842493656739,0,0,0,6,NN,4
7,469,where,11.018728120918755,0,0,0,7,WRB,5
7,470,the,5.17205129965733,0,0,0,8,DT,3
7,471,show,12.304506530314583,0,0,0,9,NN,4
7,472,was,8.24568223794633,0,0,0,10,VBD,3
7,473,to,6.280557174231113,0,0,0,11,TO,2
7,474,take,11.95328976765742,0,0,0,12,VB,4
7,475,"place,",17.41931995343559,0,0,1,13,"NN_,",6
7,476,Jill,18.754695296448165,0,0,0,14,NNP,4
7,477,filled,15.145474478269406,0,0,0,15,VBD,6
7,478,with,8.014664635242958,0,0,0,16,IN,4
7,479,excitement,17.232414062245294,0,0,0,17,NN,10
7,480,while,11.735577870255007,0,0,0,18,IN,5
7,481,Lucy,17.91201141824379,0,0,0,19,NNP,4
7,482,regretted,33.36146155722739,0,0,0,20,VBD,9
7,483,that,7.5199882505590345,0,0,0,21,IN,4
7,484,she,10.66154210357584,0,0,0,22,PRP,3
7,485,had,9.816722327264898,0,0,0,23,VBD,3
7,486,promised,16.34707454000688,0,0,0,24,VBN,8
7,487,her,10.137194933376698,0,0,0,25,PRP$,3
7,488,mother,13.72364357930621,0,0,0,26,NN,6
7,489,she,10.66154210357584,0,0,0,27,PRP,3
7,490,would,10.257280448841584,0,0,0,28,MD,5
7,491,participate,15.896346639944241,0,0,0,29,VB,11
7,492,in,6.713150865180346,0,0,0,30,IN,2
7,493,the,5.17205129965733,0,0,0,31,DT,3
7,494,show.,17.20125433429529,0,1,1,32,NN_.,5
7,495,'To,23.393010383066056,1,0,1,1,``_TO,3
7,496,waste,15.58533853759673,0,0,0,2,VB,5
7,497,your,10.209775521911514,0,0,0,3,PRP$,4
7,498,talent,16.435518392976654,0,0,0,4,NN,6
7,499,would,10.257280448841584,0,0,0,5,MD,5
7,500,be,8.447345415772759,0,0,0,6,VB,2
7,501,a,6.556670229096891,0,0,0,7,DT,1
7,502,real,12.795746827642809,0,0,0,8,JJ,4
7,503,"shame,",21.794471221196975,0,0,1,9,"NN_,",6
7,504,for,7.693494297163422,0,0,0,10,IN,3
7,505,you,8.711964911935151,0,0,0,11,PRP,3
7,506,have,9.010965036933804,0,0,0,12,VBP,4
7,507,such,10.802507576654243,0,0,0,13,PDT,4
7,508,a,6.556670229096891,0,0,0,14,DT,1
7,509,beautiful,14.786819965265028,0,0,0,15,JJ,9
7,510,"voice,'",28.432256704864404,0,0,1,16,"NN_,_''",7
7,511,her,10.137194933376698,0,0,0,17,PRP$,3
7,512,mother,13.72364357930621,0,0,0,18,NN,6
7,513,had,9.816722327264898,0,0,0,19,VBD,3
7,514,argued,15.698398928483375,0,0,0,20,VBN,6
7,515,two,10.629746926962948,0,0,0,21,CD,3
7,516,months,13.212796405603683,0,0,0,22,NNS,6
7,517,"back,",16.412919016035637,0,0,1,23,"RB_,",5
7,518,when,10.303515303910618,0,0,0,24,WRB,4
7,519,the,5.17205129965733,0,0,0,25,DT,3
7,520,concert,16.742402066336954,0,0,0,26,NN,7
7,521,was,8.24568223794633,0,0,0,27,VBD,3
7,522,first,10.758819109157542,0,0,0,28,RB,5
7,523,announced.,19.796636012377256,0,1,1,29,VBN_.,10
7,524,Lucy,17.91201141824379,1,0,0,1,NNP,4
7,525,had,9.816722327264898,0,0,0,2,VBD,3
7,526,been,10.154650775356767,0,0,0,3,VBN,4
7,527,considering,15.2463478565138,0,0,0,4,VBG,11
7,528,"it,",13.392061936660106,0,0,1,5,"PRP_,",3
7,529,for,7.693494297163422,0,0,0,6,IN,3
7,530,she,10.66154210357584,0,0,0,7,PRP,3
7,531,did,11.420835168659025,0,0,0,8,VBD,3
7,532,love,13.043566305660502,0,0,0,9,NN,4
7,533,to,6.280557174231113,0,0,0,10,TO,2
7,534,sing.,21.374941158042464,0,1,1,11,VB_.,5
7,535,That,12.803635355257288,1,0,0,1,DT,4
7,536,very,11.453179973007163,0,0,0,2,JJ,4
7,537,"night,",18.17562574923348,0,0,1,3,"NN_,",6
7,538,the,5.17205129965733,0,0,0,4,DT,3
7,539,first,10.758819109157542,0,0,0,5,JJ,5
7,540,text,13.602123022993307,0,0,0,6,NN,4
7,541,message,14.066479709177646,0,0,0,7,NN,7
7,542,had,9.816722327264898,0,0,0,8,VBD,3
7,543,come,12.389346740104251,0,0,0,9,VBN,4
7,544,through.,16.237705307711543,0,1,1,10,IN_.,8
7,545,'How,24.016050757495154,1,0,1,1,``_WRB,4
7,546,does,11.919366306118253,0,0,0,2,VBZ,4
7,547,it,8.375693258728493,0,0,0,3,PRP,2
7,548,feel,13.230825937944772,0,0,0,4,VB,4
7,549,to,6.280557174231113,0,0,0,5,TO,2
7,550,be,8.447345415772759,0,0,0,6,VB,2
7,551,tall,16.114526061097546,0,0,0,7,JJ,4
7,552,and,6.2095491118355035,0,0,0,8,CC,3
7,553,lanky,37.391140236543194,0,0,0,9,JJ,5
7,554,like,10.598838519142497,0,0,0,10,IN,4
7,555,a,6.556670229096891,0,0,0,11,DT,1
7,556,giraffe?',51.813243707300394,0,0,1,12,NN_._'',9
7,557,it,8.375693258728493,0,0,0,13,PRP,2
7,558,had,9.816722327264898,0,0,0,14,VBD,3
7,559,"asked,",18.159613235110367,0,0,1,15,"VBN_,",6
7,560,taking,13.598300777649332,0,0,0,16,VBG,6
7,561,Lucy,17.91201141824379,0,0,0,17,NNP,4
7,562,by,8.57862391074893,0,0,0,18,IN,2
7,563,surprise.,20.63151828588687,0,1,1,19,NN_.,9
7,564,One,13.254498170015268,1,0,0,1,CD,3
7,565,of,5.986146708647226,0,0,0,2,IN,2
7,566,the,5.17205129965733,0,0,0,3,DT,3
7,567,popular,14.555995795507833,0,0,0,4,JJ,7
7,568,"girls,",20.124850427449733,0,0,1,5,"NNS_,",6
7,569,Lucy,17.91201141824379,0,0,0,6,NNP,4
7,570,had,9.816722327264898,0,0,0,7,VBD,3
7,571,always,12.59942313223625,0,0,0,8,RB,6
7,572,known,12.624967287282402,0,0,0,9,VBN,5
7,573,she,10.66154210357584,0,0,0,10,PRP,3
7,574,"wasn't,",28.882330126826247,0,0,1,11,"VBD_RB_,",7
7,575,but,9.64272076435627,0,0,0,12,CC,3
7,576,before,11.477317882569707,0,0,0,13,IN,6
7,577,the,5.17205129965733,0,0,0,14,DT,3
7,578,messages,15.489103797952481,0,0,0,15,NNS,8
7,579,"began,",18.76118692498946,0,0,1,16,"VBD_,",6
7,580,Lucy,17.91201141824379,0,0,0,17,NNP,4
7,581,had,9.816722327264898,0,0,0,18,VBD,3
7,582,always,12.59942313223625,0,0,0,19,RB,6
7,583,been,10.154650775356767,0,0,0,20,VBN,4
7,584,quite,13.619207822239414,0,0,0,21,RB,5
7,585,proud,16.13203293511749,0,0,0,22,JJ,5
7,586,of,5.986146708647226,0,0,0,23,IN,2
7,587,being,11.57268805989128,0,0,0,24,VBG,5
7,588,a,6.556670229096891,0,0,0,25,DT,1
7,589,little,12.310603251626194,0,0,0,26,RB,6
7,590,different.,16.50266652306752,0,1,1,27,JJ_.,10
7,591,But,11.89907815592499,1,0,0,1,CC,3
7,592,text,13.602123022993307,0,0,0,2,NN,4
7,593,by,8.57862391074893,0,0,0,3,IN,2
7,594,"text,",18.61849170092492,0,0,1,4,"NN_,",5
7,595,Lucy's,26.74495155172492,0,0,0,5,NNP_POS,6
7,596,self-confidence,38.44028954857866,0,0,0,6,NN,15
7,597,had,9.816722327264898,0,0,0,7,VBD,3
7,598,deflated,32.99677621926655,0,0,0,8,VBD,8
7,599,"and,",11.225917789767117,0,0,1,9,"CC_,",4
7,600,in,6.713150865180346,0,0,0,10,IN,2
7,601,the,5.17205129965733,0,0,0,11,DT,3
7,602,"end,",17.026242144371817,0,0,1,12,"NN_,",4
7,603,it,8.375693258728493,0,0,0,13,PRP,2
7,604,had,9.816722327264898,0,0,0,14,VBD,3
7,605,taken,13.246684899227446,0,0,0,15,VBN,5
7,606,some,10.70366249120027,0,0,0,16,DT,4
7,607,doing,13.117503505757782,0,0,0,17,VBG,5
7,608,to,6.280557174231113,0,0,0,18,TO,2
7,609,get,10.94551217426815,0,0,0,19,VB,3
7,610,her,10.137194933376698,0,0,0,20,PRP,3
7,611,to,6.280557174231113,0,0,0,21,TO,2
7,612,agree,14.648054972307229,0,0,0,22,VB,5
7,613,to,6.280557174231113,0,0,0,23,TO,2
7,614,perform,14.694509256107015,0,0,0,24,VB,7
7,615,in,6.713150865180346,0,0,0,25,IN,2
7,616,the,5.17205129965733,0,0,0,26,DT,3
7,617,show.,17.20125433429529,0,1,1,27,NN_.,5
7,618,"Now,",19.08360874502693,1,0,1,1,"RB_,",4
7,619,"however,",17.965647821932627,0,0,1,2,"RB_,",8
7,620,Lucy,17.91201141824379,0,0,0,3,NNP,4
7,621,had,9.816722327264898,0,0,0,4,VBD,3
7,622,no,10.387625509173944,0,0,0,5,DT,2
7,623,choice,14.216961978572002,0,0,0,6,NN,6
7,624,but,9.64272076435627,0,0,0,7,CC,3
7,625,to,6.280557174231113,0,0,0,8,TO,2
7,626,make,11.420941565900218,0,0,0,9,VB,4
7,627,her,10.137194933376698,0,0,0,10,PRP$,3
7,628,way,11.3685276337403,0,0,0,11,NN,3
7,629,towards,14.24892424314076,0,0,0,12,IN,7
7,630,the,5.17205129965733,0,0,0,13,DT,3
7,631,stage,14.021498460036494,0,0,0,14,NN,5
7,632,where,11.018728120918755,0,0,0,15,WRB,5
7,633,Jill,18.754695296448165,0,0,0,16,NNP,4
7,634,was,8.24568223794633,0,0,0,17,VBD,3
7,635,beckoning,39.85303824067146,0,0,0,18,VBG,9
7,636,encouragingly,28.999181389074703,0,0,0,19,RB,13
7,637,to,6.280557174231113,0,0,0,20,TO,2
7,638,her.,15.033942737357403,0,1,1,21,PRP_.,4
7,639,She,12.23137344081347,1,0,0,1,PRP,3
7,640,was,8.24568223794633,0,0,0,2,VBD,3
7,641,the,5.17205129965733,0,0,0,3,DT,3
7,642,first,10.758819109157542,0,0,0,4,JJ,5
7,643,performer.,23.843428476949786,0,1,1,5,NN_.,10
7,644,"Lucy,",22.928380096175403,1,0,1,1,"NNP_,",5
7,645,announced,14.89988820839655,0,0,0,2,VBN,9
7,646,by,8.57862391074893,0,0,0,3,IN,2
7,647,her,10.137194933376698,0,0,0,4,PRP$,3
7,648,sister,15.327501212902188,0,0,0,5,NN,6
7,649,to,6.280557174231113,0,0,0,6,TO,2
7,650,the,5.17205129965733,0,0,0,7,DT,3
7,651,"audience,",20.56414399016065,0,0,1,8,"NN_,",9
7,652,was,8.24568223794633,0,0,0,9,VBD,3
7,653,all,9.763833843216453,0,0,0,10,DT,3
7,654,nerves,17.659625826834276,0,0,0,11,NNS,6
7,655,as,8.340623672004352,0,0,0,12,IN,2
7,656,she,10.66154210357584,0,0,0,13,PRP,3
7,657,walked,15.260717815683801,0,0,0,14,VBD,6
7,658,out,10.24888073574989,0,0,0,15,RP,3
7,659,onto,14.425756024209026,0,0,0,16,IN,4
7,660,the,5.17205129965733,0,0,0,17,DT,3
7,661,middle,14.3915726362779,0,0,0,18,NN,6
7,662,of,5.986146708647226,0,0,0,19,IN,2
7,663,the,5.17205129965733,0,0,0,20,DT,3
7,664,"stage,",19.037867137968107,0,0,1,21,"NN_,",6
7,665,where,11.018728120918755,0,0,0,22,WRB,5
7,666,there,10.313087737286885,0,0,0,23,EX,5
7,667,was,8.24568223794633,0,0,0,24,VBD,3
7,668,nothing,13.280703331027429,0,0,0,25,NN,7
7,669,but,9.64272076435627,0,0,0,26,CC,3
7,670,a,6.556670229096891,0,0,0,27,DT,1
7,671,microphone,18.40289006590341,0,0,0,28,NN,10
7,672,and,6.2095491118355035,0,0,0,29,CC,3
7,673,her.,15.033942737357403,0,1,1,30,PRP_.,4
7,674,She,12.23137344081347,1,0,0,1,PRP,3
7,675,heard,13.903406883889144,0,0,0,2,VBD,5
7,676,the,5.17205129965733,0,0,0,3,DT,3
7,677,audience,15.547775312229039,0,0,0,4,NN,8
7,678,applaud,18.853845428831395,0,0,0,5,VB,7
7,679,and,6.2095491118355035,0,0,0,6,CC,3
7,680,could,10.893270167851,0,0,0,7,MD,5
7,681,feel,13.230825937944772,0,0,0,8,VB,4
7,682,a,6.556670229096891,0,0,0,9,DT,1
7,683,sense,13.652687127046448,0,0,0,10,NN,5
7,684,of,5.986146708647226,0,0,0,11,IN,2
7,685,anticipation,18.360893291294474,0,0,0,12,NN,12
7,686,emanate,31.072253299667906,0,0,0,13,VB,7
7,687,from,8.815789051907856,0,0,0,14,IN,4
7,688,the,5.17205129965733,0,0,0,15,DT,3
7,689,other,10.411287485854839,0,0,0,16,JJ,5
7,690,side,12.678817032276847,0,0,0,17,NN,4
7,691,of,5.986146708647226,0,0,0,18,IN,2
7,692,the,5.17205129965733,0,0,0,19,DT,3
7,693,heavy,14.695368668066024,0,0,0,20,JJ,5
7,694,curtain.,23.301814150708942,0,1,1,21,NN_.,8
7,695,As,12.126470773808851,1,0,0,1,IN,2
7,696,the,5.17205129965733,0,0,0,2,DT,3
7,697,curtains,18.811690218537457,0,0,0,3,NNS,8
7,698,began,13.744818247057847,0,0,0,4,VBD,5
7,699,to,6.280557174231113,0,0,0,5,TO,2
7,700,"part,",16.889260585910584,0,0,1,6,"VB_,",5
7,701,she,10.66154210357584,0,0,0,7,PRP,3
7,702,cast,15.137112661969375,0,0,0,8,VBD,4
7,703,a,6.556670229096891,0,0,0,9,DT,1
7,704,worried,16.282969591026728,0,0,0,10,JJ,7
7,705,look,12.516925516693284,0,0,0,11,NN,4
7,706,at,8.781250634161243,0,0,0,12,IN,2
7,707,Jill,18.754695296448165,0,0,0,13,NNP,4
7,708,in,6.713150865180346,0,0,0,14,IN,2
7,709,the,5.17205129965733,0,0,0,15,DT,3
7,710,"wings,",21.94529419154548,0,0,1,16,"NNS_,",6
7,711,who,10.440803113603465,0,0,0,17,WP,3
7,712,assured,17.130617017462335,0,0,0,18,VBD,7
7,713,her,10.137194933376698,0,0,0,19,PRP,3
7,714,with,8.014664635242958,0,0,0,20,IN,4
7,715,a,6.556670229096891,0,0,0,21,DT,1
7,716,positive,13.328557415275775,0,0,0,22,JJ,8
7,717,thumbs,19.362543525108364,0,0,0,23,NNS,6
7,718,up.,15.27914154097078,0,1,1,24,JJ_.,3
7,719,Lucy,17.91201141824379,1,0,0,1,NNP,4
7,720,thought,12.816412505192044,0,0,0,2,VBD,7
7,721,to,6.280557174231113,0,0,0,3,TO,2
7,722,herself,14.849710569799118,0,0,0,4,PRP,7
7,723,that,7.5199882505590345,0,0,0,5,IN,4
7,724,she,10.66154210357584,0,0,0,6,PRP,3
7,725,could,10.893270167851,0,0,0,7,MD,5
7,726,not,8.917353115369856,0,0,0,8,RB,3
7,727,go,11.844842323862729,0,0,0,9,VB,2
7,728,through,11.340957503730838,0,0,0,10,RP,7
7,729,with,8.014664635242958,0,0,0,11,IN,4
7,730,this,8.876632627435416,0,0,0,12,DT,4
7,731,and,6.2095491118355035,0,0,0,13,CC,3
7,732,that,7.5199882505590345,0,0,0,14,IN,4
7,733,"she,",15.677910781507453,0,0,1,15,"PRP_,",4
7,734,unlike,16.356667753626528,0,0,0,16,IN,6
7,735,her,10.137194933376698,0,0,0,17,PRP$,3
7,736,older,14.73233771858153,0,0,0,18,JJR,5
7,737,"sister,",20.3438698908338,0,0,1,19,"NN_,",7
7,738,was,8.24568223794633,0,0,0,20,VBD,3
7,739,not,8.917353115369856,0,0,0,21,RB,3
7,740,confident,16.493992056054193,0,0,0,22,JJ,9
7,741,enough,12.884430494645194,0,0,0,23,RB,6
7,742,to,6.280557174231113,0,0,0,24,TO,2
7,743,put,12.711916905175212,0,0,0,25,VB,3
7,744,herself,14.849710569799118,0,0,0,26,PRP,7
7,745,before,11.477317882569707,0,0,0,27,IN,6
7,746,the,5.17205129965733,0,0,0,28,DT,3
7,747,judging,18.492798656539055,0,0,0,29,JJ,7
7,748,audience.,20.444523116209744,0,1,1,30,NN_.,9
7,749,The,8.824079763818386,1,0,0,1,DT,3
7,750,crowd,15.792638214584258,0,0,0,2,NN,5
7,751,looked,13.60481780339861,0,0,0,3,VBD,6
7,752,up,10.382393736990075,0,0,0,4,RP,2
7,753,at,8.781250634161243,0,0,0,5,IN,2
7,754,her,10.137194933376698,0,0,0,6,PRP,3
7,755,and,6.2095491118355035,0,0,0,7,CC,3
7,756,Lucy,17.91201141824379,0,0,0,8,NNP,4
7,757,was,8.24568223794633,0,0,0,9,VBD,3
7,758,ready,14.365944939022778,0,0,0,10,JJ,5
7,759,to,6.280557174231113,0,0,0,11,TO,2
7,760,run,12.899063055900854,0,0,0,12,VB,3
7,761,when,10.303515303910618,0,0,0,13,WRB,4
7,762,the,5.17205129965733,0,0,0,14,DT,3
7,763,first,10.758819109157542,0,0,0,15,JJ,5
7,764,notes,15.229667156967647,0,0,0,16,NNS,5
7,765,of,5.986146708647226,0,0,0,17,IN,2
7,766,the,5.17205129965733,0,0,0,18,DT,3
7,767,music,13.9576769854167,0,0,0,19,NN,5
7,768,sounded,17.042876708177506,0,0,0,20,VBD,7
7,769,out,10.24888073574989,0,0,0,21,RP,3
7,770,and,6.2095491118355035,0,0,0,22,CC,3
7,771,a,6.556670229096891,0,0,0,23,DT,1
7,772,sudden,16.256600370973203,0,0,0,24,JJ,6
7,773,calm,16.540223798971237,0,0,0,25,NN,4
7,774,settled,16.18750989310471,0,0,0,26,VBD,7
7,775,over,10.810818724204807,0,0,0,27,RP,4
7,776,her.,15.033942737357403,0,1,1,28,PRP_.,4
7,777,She,12.23137344081347,1,0,0,1,PRP,3
7,778,closed,14.326951763189154,0,0,0,2,VBD,6
7,779,her,10.137194933376698,0,0,0,3,PRP$,3
7,780,eyes,13.442879220912676,0,0,0,4,NNS,4
7,781,and,6.2095491118355035,0,0,0,5,CC,3
7,782,shut,15.557524489014774,0,0,0,6,VBD,4
7,783,everything,13.619556653125219,0,0,0,7,NN,10
7,784,"out,",15.265249413681502,0,0,1,8,"RP_,",4
7,785,including,12.367262387067662,0,0,0,9,VBG,9
7,786,the,5.17205129965733,0,0,0,10,DT,3
7,787,"audience,",20.56414399016065,0,0,1,11,"NN_,",9
7,788,the,5.17205129965733,0,0,0,12,DT,3
7,789,nerves,17.659625826834276,0,0,0,13,NNS,6
7,790,that,7.5199882505590345,0,0,0,14,WDT,4
7,791,threatened,16.585173745328152,0,0,0,15,VBD,10
7,792,to,6.280557174231113,0,0,0,16,TO,2
7,793,take,11.95328976765742,0,0,0,17,VB,4
7,794,"over,",15.82718740213642,0,0,1,18,"RP_,",5
7,795,the,5.17205129965733,0,0,0,19,DT,3
7,796,text,13.602123022993307,0,0,0,20,NN,4
7,797,"messages,",20.505472475884094,0,0,1,21,"NNS_,",9
7,798,and,6.2095491118355035,0,0,0,22,CC,3
7,799,the,5.17205129965733,0,0,0,23,DT,3
7,800,way,11.3685276337403,0,0,0,24,NN,3
7,801,they,9.911507183877728,0,0,0,25,PRP,4
7,802,made,11.587671548013727,0,0,0,26,VBD,4
7,803,her,10.137194933376698,0,0,0,27,PRP,3
7,804,feel.,18.127573741925477,0,1,1,28,VBP_.,5
7,805,It,10.702508639150992,1,0,0,1,PRP,2
7,806,was,8.24568223794633,0,0,0,2,VBD,3
7,807,just,10.882719038846648,0,0,0,3,RB,4
7,808,her,10.137194933376698,0,0,0,4,PRP$,3
7,809,and,6.2095491118355035,0,0,0,5,CC,3
7,810,the,5.17205129965733,0,0,0,6,DT,3
7,811,"music,",18.974045663348313,0,0,1,7,"NN_,",6
7,812,and,6.2095491118355035,0,0,0,8,CC,3
7,813,it,8.375693258728493,0,0,0,9,PRP,2
7,814,was,8.24568223794633,0,0,0,10,VBD,3
7,815,a,6.556670229096891,0,0,0,11,DT,1
7,816,love,13.043566305660502,0,0,0,12,NN,4
7,817,story,13.499653318366224,0,0,0,13,NN,5
7,818,that,7.5199882505590345,0,0,0,14,WDT,4
7,819,had,9.816722327264898,0,0,0,15,VBD,3
7,820,been,10.154650775356767,0,0,0,16,VBN,4
7,821,going,12.069428608054313,0,0,0,17,VBG,5
7,822,on,8.232105999162414,0,0,0,18,RP,2
7,823,her,10.137194933376698,0,0,0,19,PRP$,3
7,824,whole,13.221047694625529,0,0,0,20,JJ,5
7,825,life.,17.008878137639634,0,1,1,21,NN_.,5
7,826,She,12.23137344081347,1,0,0,1,PRP,3
7,827,began,13.744818247057847,0,0,0,2,VBD,5
7,828,to,6.280557174231113,0,0,0,3,TO,2
7,829,"sing,",21.49456203199337,0,0,1,4,"VB_,",5
7,830,and,6.2095491118355035,0,0,0,5,CC,3
7,831,all,9.763833843216453,0,0,0,6,PDT,3
7,832,the,5.17205129965733,0,0,0,7,DT,3
7,833,pain,14.044754376031193,0,0,0,8,NN,4
7,834,and,6.2095491118355035,0,0,0,9,CC,3
7,835,confusion,16.571423075675593,0,0,0,10,NN,9
7,836,that,7.5199882505590345,0,0,0,11,WDT,4
7,837,the,5.17205129965733,0,0,0,12,DT,3
7,838,messages,15.489103797952481,0,0,0,13,NNS,8
7,839,had,9.816722327264898,0,0,0,14,VBD,3
7,840,been,10.154650775356767,0,0,0,15,VBN,4
7,841,causing,15.543618936689754,0,0,0,16,VBG,7
7,842,inside,13.662524461870984,0,0,0,17,IN,6
7,843,her,10.137194933376698,0,0,0,18,PRP$,3
7,844,just,10.882719038846648,0,0,0,19,RB,4
7,845,flowed,19.00897836262721,0,0,0,20,VBD,6
7,846,out.,15.145628539730595,0,1,1,21,RP_.,4
7,847,The,8.824079763818386,1,0,0,1,DT,3
7,848,words,13.49281104141427,0,0,0,2,NNS,5
7,849,were,9.396668283684079,0,0,0,3,VBD,4
7,850,not,8.917353115369856,0,0,0,4,RB,3
7,851,"important,",17.562629442441377,0,0,1,5,"JJ_,",10
7,852,for,7.693494297163422,0,0,0,6,IN,3
7,853,it,8.375693258728493,0,0,0,7,PRP,2
7,854,was,8.24568223794633,0,0,0,8,VBD,3
7,855,the,5.17205129965733,0,0,0,9,DT,3
7,856,feeling,14.690975550877425,0,0,0,10,NN,7
7,857,behind,13.602322364855635,0,0,0,11,IN,6
7,858,them,10.713072033397339,0,0,0,12,PRP,4
7,859,that,7.5199882505590345,0,0,0,13,WDT,4
7,860,she,10.66154210357584,0,0,0,14,PRP,3
7,861,latched,32.11493913511825,0,0,0,15,VBD,7
7,862,onto.,19.32250382818973,0,1,1,16,IN_.,5
7,863,Lucy,17.91201141824379,1,0,0,1,NNP,4
7,864,was,8.24568223794633,0,0,0,2,VBD,3
7,865,in,6.713150865180346,0,0,0,3,IN,2
7,866,the,5.17205129965733,0,0,0,4,DT,3
7,867,heart,13.538843734541853,0,0,0,5,NN,5
7,868,of,5.986146708647226,0,0,0,6,IN,2
7,869,the,5.17205129965733,0,0,0,7,DT,3
7,870,song,14.875202973750167,0,0,0,8,NN,4
7,871,with,8.014664635242958,0,0,0,9,IN,4
7,872,the,5.17205129965733,0,0,0,10,DT,3
7,873,rest,13.611126702465132,0,0,0,11,NN,4
7,874,of,5.986146708647226,0,0,0,12,IN,2
7,875,the,5.17205129965733,0,0,0,13,DT,3
7,876,world,12.279708713631408,0,0,0,14,NN,5
7,877,slipping,18.785880050497674,0,0,0,15,VBG,8
7,878,away.,17.57358581379454,0,1,1,16,RP_.,5
7,879,When,12.864300091874131,1,0,0,1,WRB,4
7,880,the,5.17205129965733,0,0,0,2,DT,3
7,881,song,14.875202973750167,0,0,0,3,NN,4
7,882,finished,15.085592739663923,0,0,0,4,VBD,8
7,883,and,6.2095491118355035,0,0,0,5,CC,3
7,884,the,5.17205129965733,0,0,0,6,DT,3
7,885,last,12.045017495502083,0,0,0,7,JJ,4
7,886,note,13.996884216664121,0,0,0,8,NN,4
7,887,died,14.471057034047703,0,0,0,9,VBD,4
7,888,"away,",17.693206687745448,0,0,1,10,"RP_,",5
7,889,she,10.66154210357584,0,0,0,11,PRP,3
7,890,opened,14.677146173623203,0,0,0,12,VBD,6
7,891,her,10.137194933376698,0,0,0,13,PRP$,3
7,892,eyes.,18.33962702489338,0,1,1,14,NNS_.,5
7,893,To,12.738322205541518,1,0,0,1,TO,2
7,894,see,11.365811672580193,0,0,0,2,VB,3
7,895,the,5.17205129965733,0,0,0,3,DT,3
7,896,whole,13.221047694625529,0,0,0,4,JJ,5
7,897,audience,15.547775312229039,0,0,0,5,NN,8
7,898,on,8.232105999162414,0,0,0,6,IN,2
7,899,their,10.026103707581193,0,0,0,7,PRP$,5
7,900,feet,14.343920117510109,0,0,0,8,NNS,4
7,901,and,6.2095491118355035,0,0,0,9,CC,3
7,902,the,5.17205129965733,0,0,0,10,DT,3
7,903,hall,15.972842493656739,0,0,0,11,NN,4
7,904,filled,15.145474478269406,0,0,0,12,VBN,6
7,905,with,8.014664635242958,0,0,0,13,IN,4
7,906,cheers,26.229756481559075,0,0,0,14,NNS,6
7,907,and,6.2095491118355035,0,0,0,15,CC,3
7,908,applause,19.09928222084493,0,0,0,16,NN,8
7,909,was,8.24568223794633,0,0,0,17,VBD,3
7,910,not,8.917353115369856,0,0,0,18,RB,3
7,911,what,10.597278888354701,0,0,0,19,WP,4
7,912,Lucy,17.91201141824379,0,0,0,20,NNP,4
7,913,had,9.816722327264898,0,0,0,21,VBD,3
7,914,expected.,18.548194622019647,0,1,1,22,VBN_.,9
7,915,Lucy,17.91201141824379,1,0,0,1,NNP,4
7,916,allowed,14.126733469009988,0,0,0,2,VBD,7
7,917,herself,14.849710569799118,0,0,0,3,PRP,7
7,918,to,6.280557174231113,0,0,0,4,TO,2
7,919,enjoy,15.131434316704091,0,0,0,5,VB,5
7,920,the,5.17205129965733,0,0,0,6,DT,3
7,921,sense,13.652687127046448,0,0,0,7,NN,5
7,922,of,5.986146708647226,0,0,0,8,IN,2
7,923,achievement,17.347314579859226,0,0,0,9,NN,11
7,924,and,6.2095491118355035,0,0,0,10,CC,3
7,925,belonging,16.891113866308277,0,0,0,11,VBG,9
7,926,that,7.5199882505590345,0,0,0,12,WDT,4
7,927,she,10.66154210357584,0,0,0,13,PRP,3
7,928,had,9.816722327264898,0,0,0,14,VBD,3
7,929,not,8.917353115369856,0,0,0,15,RB,3
7,930,felt,13.808886882388357,0,0,0,16,VBN,4
7,931,in,6.713150865180346,0,0,0,17,IN,2
7,932,a,6.556670229096891,0,0,0,18,DT,1
7,933,very,11.453179973007163,0,0,0,19,RB,4
7,934,long,11.842136076231203,0,0,0,20,JJ,4
7,935,time.,15.227980891429535,0,1,1,21,NN_.,5
7,936,Then,13.252496740913198,1,0,0,1,RB,4
7,937,she,10.66154210357584,0,0,0,2,PRP,3
7,938,saw,13.495633104836841,0,0,0,3,VBD,3
7,939,her,10.137194933376698,0,0,0,4,PRP$,3
7,940,"mother,",18.740012257237822,0,0,1,5,"NN_,",7
7,941,who,10.440803113603465,0,0,0,6,WP,3
7,942,was,8.24568223794633,0,0,0,7,VBD,3
7,943,cheering,19.299487924151958,0,0,0,8,VBG,8
7,944,the,5.17205129965733,0,0,0,9,DT,3
7,945,loudest,29.17362094395894,0,0,0,10,JJS,7
7,946,of,5.986146708647226,0,0,0,11,IN,2
7,947,all,9.763833843216453,0,0,0,12,DT,3
7,948,in,6.713150865180346,0,0,0,13,IN,2
7,949,the,5.17205129965733,0,0,0,14,DT,3
7,950,"crowd,",20.80900689251587,0,0,1,15,"NN_,",6
7,951,and,6.2095491118355035,0,0,0,16,CC,3
7,952,"Jill,",23.77106397437978,0,0,1,17,"NNP_,",5
7,953,who,10.440803113603465,0,0,0,18,WP,3
7,954,was,8.24568223794633,0,0,0,19,VBD,3
7,955,beaming,24.602177056755245,0,0,0,20,VBN,7
7,956,at,8.781250634161243,0,0,0,21,IN,2
7,957,her,10.137194933376698,0,0,0,22,PRP,3
7,958,with,8.014664635242958,0,0,0,23,IN,4
7,959,pride,16.8623505434965,0,0,0,24,NN,5
7,960,from,8.815789051907856,0,0,0,25,IN,4
7,961,the,5.17205129965733,0,0,0,26,DT,3
7,962,wings.,21.82567331759457,0,1,1,27,NNS_.,6
7,963,She,12.23137344081347,1,0,0,1,PRP,3
7,964,knew,13.624615788883943,0,0,0,2,VBD,4
7,965,she,10.66154210357584,0,0,0,3,PRP,3
7,966,owed,17.665188856390515,0,0,0,4,VBD,4
7,967,them,10.713072033397339,0,0,0,5,PRP,4
7,968,big,13.249197867766782,0,0,0,6,JJ,3
7,969,time,10.33123308744883,0,0,0,7,NN,4
7,970,for,7.693494297163422,0,0,0,8,IN,3
7,971,reminding,19.033351185416624,0,0,0,9,VBG,9
7,972,her,10.137194933376698,0,0,0,10,PRP,3
7,973,what,10.597278888354701,0,0,0,11,WP,4
7,974,she,10.66154210357584,0,0,0,12,PRP,3
7,975,was,8.24568223794633,0,0,0,13,VBD,3
7,976,capable,15.177122073864119,0,0,0,14,JJ,7
7,977,of,5.986146708647226,0,0,0,15,IN,2
7,978,and,6.2095491118355035,0,0,0,16,CC,3
7,979,who,10.440803113603465,0,0,0,17,WP,3
7,980,she,10.66154210357584,0,0,0,18,PRP,3
7,981,really,12.324094158755152,0,0,0,19,RB,6
7,982,was.,13.142430041927035,0,1,1,20,VBD_.,4
7,983,The,8.824079763818386,1,0,0,1,DT,3
7,984,next,12.42005421982443,0,0,0,2,JJ,4
7,985,time,10.33123308744883,0,0,0,3,NN,4
7,986,her,10.137194933376698,0,0,0,4,PRP$,3
7,987,phone,14.265698351007256,0,0,0,5,NN,5
7,988,bleeped,41.72473661871407,0,0,0,6,VBD,7
7,989,she,10.66154210357584,0,0,0,7,PRP,3
7,990,would,10.257280448841584,0,0,0,8,MD,5
7,991,tap,16.523192880344308,0,0,0,9,VB,3
7,992,the,5.17205129965733,0,0,0,10,DT,3
7,993,message,14.066479709177646,0,0,0,11,NN,7
7,994,straight,14.85479759023,0,0,0,12,RB,8
7,995,into,10.48069811501334,0,0,0,13,IN,4
7,996,oblivion,32.223948672089534,0,0,0,14,NN,8
7,997,where,11.018728120918755,0,0,0,15,WRB,5
7,998,it,8.375693258728493,0,0,0,16,PRP,2
7,999,belonged.,22.348614755322668,0,1,1,17,VBD_.,9
8,1,The,9.620901624343471,1,0,0,1,DT,3
8,2,Roswell,31.294328513097742,0,0,0,2,NNP,7
8,3,UFO,19.27172259906255,0,0,0,3,NNP,3
8,4,Incident,29.546601511818757,0,0,0,4,NNP,8
8,5,was,8.24568223794633,0,0,0,5,VBD,3
8,6,the,5.17205129965733,0,0,0,6,DT,3
8,7,alleged,15.174041387530018,0,0,0,7,JJ,7
8,8,recovery,15.242849271713848,0,0,0,8,NN,8
8,9,of,5.986146708647226,0,0,0,9,IN,2
8,10,extra-terrestrial,54.36178407347866,0,0,0,10,JJ,17
8,11,"debris,",22.57156969590788,0,0,1,11,"NN_,",7
8,12,including,12.367262387067662,0,0,0,12,VBG,9
8,13,alien,16.65255596457484,0,0,0,13,JJ,5
8,14,"corpses,",34.122601046067984,0,0,1,14,"NNS_,",8
8,15,from,8.815789051907856,0,0,0,15,IN,4
8,16,an,9.046558361117718,0,0,0,16,DT,2
8,17,object,13.36095839633029,0,0,0,17,NN,6
8,18,that,7.5199882505590345,0,0,0,18,WDT,4
8,19,crashed,17.939306072485476,0,0,0,19,VBD,7
8,20,near,13.62593808477629,0,0,0,20,IN,4
8,21,"Roswell,",36.310697191029355,0,0,1,21,"NNP_,",8
8,22,New,12.403677843281319,0,0,0,22,NNP,3
8,23,"Mexico,",20.71245467438419,0,0,1,23,"NNP_,",7
8,24,on,8.232105999162414,0,0,0,24,IN,2
8,25,or,8.922107338283002,0,0,0,25,CC,2
8,26,about,10.294135891377458,0,0,0,26,IN,5
8,27,July,14.149967342692737,0,0,0,27,NNP,4
8,28,"eighth,",22.795592158879327,0,0,1,28,"CD_,",7
8,29,nineteen,19.06354823054506,0,0,0,29,CD,8
8,30,forty-seven.,45.9232337621594,0,1,1,30,CD_.,12
8,31,Since,14.058257208309325,1,0,0,1,IN,5
8,32,the,5.17205129965733,0,0,0,2,DT,3
8,33,late,13.855259258250719,0,0,0,3,JJ,4
8,34,nineteen,19.06354823054506,0,0,0,4,CD,8
8,35,"seventies,",37.95850825424425,0,0,1,5,"NNS_,",10
8,36,the,5.17205129965733,0,0,0,6,DT,3
8,37,incident,15.307515290171398,0,0,0,7,NN,8
8,38,has,9.754877406931001,0,0,0,8,VBZ,3
8,39,been,10.154650775356767,0,0,0,9,VBN,4
8,40,the,5.17205129965733,0,0,0,10,DT,3
8,41,subject,13.73338384258566,0,0,0,11,NN,7
8,42,of,5.986146708647226,0,0,0,12,IN,2
8,43,intense,16.411794789074992,0,0,0,13,JJ,7
8,44,controversy,16.959976188746065,0,0,0,14,NN,11
8,45,and,6.2095491118355035,0,0,0,15,CC,3
8,46,the,5.17205129965733,0,0,0,16,DT,3
8,47,subject,13.73338384258566,0,0,0,17,NN,7
8,48,of,5.986146708647226,0,0,0,18,IN,2
8,49,conspiracy,16.573475244016496,0,0,0,19,NN,10
8,50,theories,16.233479854244056,0,0,0,20,NNS,8
8,51,as,8.340623672004352,0,0,0,21,IN,2
8,52,to,6.280557174231113,0,0,0,22,TO,2
8,53,the,5.17205129965733,0,0,0,23,DT,3
8,54,true,12.750716514086541,0,0,0,24,JJ,4
8,55,nature,13.923473289026372,0,0,0,25,NN,6
8,56,of,5.986146708647226,0,0,0,26,IN,2
8,57,the,5.17205129965733,0,0,0,27,DT,3
8,58,object,13.36095839633029,0,0,0,28,NN,6
8,59,that,7.5199882505590345,0,0,0,29,WDT,4
8,60,crashed.,22.83605387646618,0,1,1,30,VBD_.,8
8,61,The,8.824079763818386,1,0,0,1,DT,3
8,62,United,12.756609849339224,0,0,0,2,NNP,6
8,63,States,12.812529624007102,0,0,0,3,NNPS,6
8,64,military,14.379646017570025,0,0,0,4,NN,8
8,65,maintains,17.28103480871564,0,0,0,5,VBZ,9
8,66,the,5.17205129965733,0,0,0,6,DT,3
8,67,debris,17.555201017976266,0,0,0,7,NN,6
8,68,recovered,16.361186287095325,0,0,0,8,VBN,9
8,69,was,8.24568223794633,0,0,0,9,VBD,3
8,70,from,8.815789051907856,0,0,0,10,IN,4
8,71,an,9.046558361117718,0,0,0,11,DT,2
8,72,experimental,14.74834987729795,0,0,0,12,JJ,12
8,73,high-altitude,49.495656363364716,0,0,0,13,JJ,13
8,74,surveillance,16.518178628243334,0,0,0,14,NN,12
8,75,balloon,17.66211940522422,0,0,0,15,NN,7
8,76,that,7.5199882505590345,0,0,0,16,WDT,4
8,77,belonged,17.451866951341962,0,0,0,17,VBD,8
8,78,to,6.280557174231113,0,0,0,18,TO,2
8,79,a,6.556670229096891,0,0,0,19,DT,1
8,80,classified,16.00140888198784,0,0,0,20,JJ,10
8,81,program,13.248536487951519,0,0,0,21,NN,7
8,82,named,14.44678991980691,0,0,0,22,VBN,5
8,83,'Mogul'.,62.79694826487661,0,1,1,23,``_NNP_''_.,8
8,84,"However,",17.446028317169958,1,0,1,1,"RB_,",8
8,85,many,11.555553853436457,0,0,0,2,JJ,4
8,86,UFO,19.27172259906255,0,0,0,3,NNP,3
8,87,proponents,33.33695769333946,0,0,0,4,NNS,10
8,88,maintain,15.038991238068874,0,0,0,5,VBP,8
8,89,"that,",12.536356928490648,0,0,1,6,"IN_,",5
8,90,in,6.713150865180346,0,0,0,7,IN,2
8,91,"fact,",17.57381130558838,0,0,1,8,"NN_,",5
8,92,a,6.556670229096891,0,0,0,9,DT,1
8,93,crashed,17.939306072485476,0,0,0,10,JJ,7
8,94,alien,16.65255596457484,0,0,0,11,JJ,5
8,95,craft,16.759693568497106,0,0,0,12,NN,5
8,96,and,6.2095491118355035,0,0,0,13,CC,3
8,97,bodies,15.481400228068438,0,0,0,14,NNS,6
8,98,were,9.396668283684079,0,0,0,15,VBD,4
8,99,"recovered,",21.37755496502694,0,0,1,16,"VBN_,",10
8,100,and,6.2095491118355035,0,0,0,17,CC,3
8,101,that,7.5199882505590345,0,0,0,18,IN,4
8,102,the,5.17205129965733,0,0,0,19,DT,3
8,103,military,14.379646017570025,0,0,0,20,NN,8
8,104,then,10.843719789981037,0,0,0,21,RB,4
8,105,engaged,15.806971944050368,0,0,0,22,VBD,7
8,106,in,6.713150865180346,0,0,0,23,IN,2
8,107,a,6.556670229096891,0,0,0,24,DT,1
8,108,cover-up.,38.47507436341317,0,1,1,25,NN_.,9
8,109,The,8.824079763818386,1,0,0,1,DT,3
8,110,incident,15.307515290171398,0,0,0,2,NN,8
8,111,has,9.754877406931001,0,0,0,3,VBZ,3
8,112,turned,13.794584281913906,0,0,0,4,VBN,6
8,113,into,10.48069811501334,0,0,0,5,IN,4
8,114,a,6.556670229096891,0,0,0,6,DT,1
8,115,widely,15.30177045588454,0,0,0,7,RB,6
8,116,known,12.624967287282402,0,0,0,8,VBN,5
8,117,pop,15.583989062856364,0,0,0,9,NN,3
8,118,culture,14.257717018152686,0,0,0,10,NN,7
8,119,"phenomenon,",21.232045584707397,0,0,1,11,"NN_,",11
8,120,making,13.048960587726583,0,0,0,12,VBG,6
8,121,the,5.17205129965733,0,0,0,13,DT,3
8,122,name,12.062976991372665,0,0,0,14,NN,4
8,123,Roswell,31.294328513097742,0,0,0,15,NN,7
8,124,synonymous,19.018783134987295,0,0,0,16,JJ,10
8,125,with,8.014664635242958,0,0,0,17,IN,4
8,126,UFOs.,32.80181911852456,0,1,1,18,NNS_.,5
8,127,It,10.702508639150992,1,0,0,1,PRP,2
8,128,ranks,17.075844270054247,0,0,0,2,VBZ,5
8,129,as,8.340623672004352,0,0,0,3,IN,2
8,130,one,9.838114205706063,0,0,0,4,CD,3
8,131,of,5.986146708647226,0,0,0,5,IN,2
8,132,the,5.17205129965733,0,0,0,6,DT,3
8,133,most,11.270487941956638,0,0,0,7,RBS,4
8,134,publicized,25.881001544043176,0,0,0,8,JJ,10
8,135,and,6.2095491118355035,0,0,0,9,CC,3
8,136,controversial,16.863497921862127,0,0,0,10,JJ,13
8,137,alleged,15.174041387530018,0,0,0,11,JJ,7
8,138,UFO,19.27172259906255,0,0,0,12,NN,3
8,139,incidents.,22.069880715347516,0,1,1,13,NNS_.,10
8,140,On,13.02152490299028,1,0,0,1,IN,2
8,141,July,14.149967342692737,0,0,0,2,NNP,4
8,142,"ninth,",23.165161533404444,0,0,1,3,"NNP_,",6
8,143,nineteen,19.06354823054506,0,0,0,4,CD,8
8,144,"forty-seven,",46.042854636110306,0,0,1,5,"CD_,",12
8,145,a,6.556670229096891,0,0,0,6,DT,1
8,146,press,14.679776263258297,0,0,0,7,NN,5
8,147,release,13.888155293588497,0,0,0,8,NN,7
8,148,that,7.5199882505590345,0,0,0,9,WDT,4
8,149,Roswell,31.294328513097742,0,0,0,10,NNP,7
8,150,Army,15.562509158673837,0,0,0,11,NNP,4
8,151,Air,15.188653746495948,0,0,0,12,NNP,3
8,152,Field,15.493857203983985,0,0,0,13,NNP,5
8,153,issued,15.11230347255141,0,0,0,14,VBN,6
8,154,stated,14.39742473173774,0,0,0,15,VBD,6
8,155,that,7.5199882505590345,0,0,0,16,IN,4
8,156,personnel,16.20333779635771,0,0,0,17,NNS,9
8,157,from,8.815789051907856,0,0,0,18,IN,4
8,158,the,5.17205129965733,0,0,0,19,DT,3
8,159,field's,21.56266935882874,0,0,0,20,NN_POS,7
8,160,Bomb,18.33858423960505,0,0,0,21,NNP,4
8,161,Group,14.852673910864432,0,0,0,22,NNP,5
8,162,had,9.816722327264898,0,0,0,23,VBD,3
8,163,recovered,16.361186287095325,0,0,0,24,VBN,9
8,164,a,6.556670229096891,0,0,0,25,DT,1
8,165,crashed,17.939306072485476,0,0,0,26,VBG,7
8,166,'flying,37.479097762909724,0,0,1,27,``_VBG,7
8,167,disc',25.316663905857496,0,0,1,28,NN_'',5
8,168,from,8.815789051907856,0,0,0,29,IN,4
8,169,a,6.556670229096891,0,0,0,30,DT,1
8,170,ranch,18.589023811359503,0,0,0,31,NN,5
8,171,near,13.62593808477629,0,0,0,32,IN,4
8,172,"Roswell,",36.310697191029355,0,0,1,33,"NNP_,",8
8,173,sparking,27.814305796619447,0,0,0,34,VBG,8
8,174,intense,16.411794789074992,0,0,0,35,JJ,7
8,175,media,13.74743291364987,0,0,0,36,NNS,5
8,176,interest.,18.287975959736393,0,1,1,37,NN_.,9
8,177,Later,16.812565485780777,1,0,0,1,RB,5
8,178,the,5.17205129965733,0,0,0,2,DT,3
8,179,same,11.444632357470724,0,0,0,3,JJ,4
8,180,"day,",17.01538908338552,0,0,1,4,"NN_,",4
8,181,the,5.17205129965733,0,0,0,5,DT,3
8,182,Commanding,27.476589066110716,0,0,0,6,NNP,10
8,183,General,14.200814771095303,0,0,0,7,NNP,7
8,184,of,5.986146708647226,0,0,0,8,IN,2
8,185,the,5.17205129965733,0,0,0,9,DT,3
8,186,Eighth,18.663082367018742,0,0,0,10,NNP,6
8,187,Air,15.188653746495948,0,0,0,11,NNP,3
8,188,Force,16.04153400929896,0,0,0,12,NNP,5
8,189,stated,14.39742473173774,0,0,0,13,VBD,6
8,190,"that,",12.536356928490648,0,0,1,14,"IN_,",5
8,191,in,6.713150865180346,0,0,0,15,IN,2
8,192,"fact,",17.57381130558838,0,0,1,16,"NN_,",5
8,193,a,6.556670229096891,0,0,0,17,DT,1
8,194,weather,15.568327317137928,0,0,0,18,NN,7
8,195,balloon,17.66211940522422,0,0,0,19,NN,7
8,196,had,9.816722327264898,0,0,0,20,VBD,3
8,197,been,10.154650775356767,0,0,0,21,VBN,4
8,198,recovered,16.361186287095325,0,0,0,22,VBN,9
8,199,by,8.57862391074893,0,0,0,23,IN,2
8,200,the,5.17205129965733,0,0,0,24,DT,3
8,201,Roswell,31.294328513097742,0,0,0,25,NNP,7
8,202,Army,15.562509158673837,0,0,0,26,NNP,4
8,203,Air,15.188653746495948,0,0,0,27,NNP,3
8,204,Field,15.493857203983985,0,0,0,28,NNP,5
8,205,"personnel,",21.219706474289325,0,0,1,29,"NNS_,",10
8,206,rather,13.187638190540383,0,0,0,30,RB,6
8,207,than,10.500242777420443,0,0,0,31,IN,4
8,208,a,6.556670229096891,0,0,0,32,DT,1
8,209,'flying,37.479097762909724,0,0,1,33,``_VBG,7
8,210,saucer'.,49.170052500835794,0,1,1,34,NN_''_.,8
8,211,A,10.24793691702159,1,0,0,1,DT,1
8,212,subsequent,15.106946184523334,0,0,0,2,JJ,10
8,213,press,14.679776263258297,0,0,0,3,NN,5
8,214,conference,15.453651661383756,0,0,0,4,NN,10
8,215,was,8.24568223794633,0,0,0,5,VBD,3
8,216,"called,",17.63547484130501,0,0,1,6,"VBN_,",7
8,217,featuring,16.87707428108204,0,0,0,7,VBG,9
8,218,debris,17.555201017976266,0,0,0,8,NN,6
8,219,from,8.815789051907856,0,0,0,9,IN,4
8,220,the,5.17205129965733,0,0,0,10,DT,3
8,221,crashed,17.939306072485476,0,0,0,11,JJ,7
8,222,object,13.36095839633029,0,0,0,12,NN,6
8,223,that,7.5199882505590345,0,0,0,13,WDT,4
8,224,confirmed,14.795029518484743,0,0,0,14,VBD,9
8,225,the,5.17205129965733,0,0,0,15,DT,3
8,226,weather,15.568327317137928,0,0,0,16,NN,7
8,227,balloon,17.66211940522422,0,0,0,17,NN,7
8,228,description.,19.755744684803478,0,1,1,18,NN_.,12
8,229,The,8.824079763818386,1,0,0,1,DT,3
8,230,case,11.57546751236153,0,0,0,2,NN,4
8,231,was,8.24568223794633,0,0,0,3,VBD,3
8,232,quickly,14.30681748948967,0,0,0,4,RB,7
8,233,forgotten,16.73111936729363,0,0,0,5,VBN,9
8,234,and,6.2095491118355035,0,0,0,6,CC,3
8,235,almost,13.321123448276559,0,0,0,7,RB,6
8,236,completely,14.193983885859268,0,0,0,8,RB,10
8,237,"ignored,",21.446575861608967,0,0,1,9,"VBN_,",8
8,238,even,11.440265863958214,0,0,0,10,RB,4
8,239,by,8.57862391074893,0,0,0,11,IN,2
8,240,UFO,19.27172259906255,0,0,0,12,NNP,3
8,241,"researchers,",20.5952458454465,0,0,1,13,"NNS_,",12
8,242,for,7.693494297163422,0,0,0,14,IN,3
8,243,more,10.075051597559401,0,0,0,15,JJR,4
8,244,than,10.500242777420443,0,0,0,16,IN,4
8,245,thirty,15.991449485406946,0,0,0,17,CD,6
8,246,years.,16.41026546877383,0,1,1,18,NNS_.,6
8,247,"Then,",18.26886541884481,1,0,1,1,"RB_,",5
8,248,in,6.713150865180346,0,0,0,2,IN,2
8,249,nineteen,19.06354823054506,0,0,0,3,CD,8
8,250,"seventy-eight,",47.10536110593493,0,0,1,4,"CD_,",14
8,251,nuclear,14.891564445878203,0,0,0,5,JJ,7
8,252,physicist,19.448726908830388,0,0,0,6,NN,9
8,253,and,6.2095491118355035,0,0,0,7,CC,3
8,254,author,14.560081107067422,0,0,0,8,NN,6
8,255,Stanton,19.66871249077919,0,0,0,9,NNP,7
8,256,Friedman,18.894795760440093,0,0,0,10,NNP,8
8,257,interviewed,17.387482050785305,0,0,0,11,VBD,11
8,258,Jesse,18.28156190813028,0,0,0,12,NNP,5
8,259,"Marcel,",24.109437151389965,0,0,1,13,"NNP_,",7
8,260,the,5.17205129965733,0,0,0,14,DT,3
8,261,only,10.623289958781577,0,0,0,15,JJ,4
8,262,person,12.989725172885016,0,0,0,16,NN,6
8,263,known,12.624967287282402,0,0,0,17,VBN,5
8,264,to,6.280557174231113,0,0,0,18,TO,2
8,265,have,9.010965036933804,0,0,0,19,VB,4
8,266,accompanied,16.23364542054109,0,0,0,20,VBN,11
8,267,the,5.17205129965733,0,0,0,21,DT,3
8,268,Roswell,31.294328513097742,0,0,0,22,NNP,7
8,269,debris,17.555201017976266,0,0,0,23,NN,6
8,270,from,8.815789051907856,0,0,0,24,IN,4
8,271,where,11.018728120918755,0,0,0,25,WRB,5
8,272,it,8.375693258728493,0,0,0,26,PRP,2
8,273,was,8.24568223794633,0,0,0,27,VBD,3
8,274,recovered,16.361186287095325,0,0,0,28,VBN,9
8,275,to,6.280557174231113,0,0,0,29,TO,2
8,276,Fort,16.34216428914691,0,0,0,30,NNP,4
8,277,Worth.,23.38769290079623,0,1,1,31,NNP_.,6
8,278,Over,15.454338379791803,1,0,0,1,IN,4
8,279,the,5.17205129965733,0,0,0,2,DT,3
8,280,next,12.42005421982443,0,0,0,3,JJ,4
8,281,few,12.402199019809682,0,0,0,4,JJ,3
8,282,"years,",16.529886342724737,0,0,1,5,"NNS_,",6
8,283,the,5.17205129965733,0,0,0,6,DT,3
8,284,accounts,15.561299297400698,0,0,0,7,NNS,8
8,285,he,9.438290970210815,0,0,0,8,PRP,2
8,286,and,6.2095491118355035,0,0,0,9,CC,3
8,287,others,13.188261397251715,0,0,0,10,NNS,6
8,288,gave,13.802492533280088,0,0,0,11,VBD,4
8,289,elevated,16.01492778119649,0,0,0,12,VBD,8
8,290,Roswell,31.294328513097742,0,0,0,13,NN,7
8,291,from,8.815789051907856,0,0,0,14,IN,4
8,292,a,6.556670229096891,0,0,0,15,DT,1
8,293,forgotten,16.73111936729363,0,0,0,16,JJ,9
8,294,incident,15.307515290171398,0,0,0,17,NN,8
8,295,to,6.280557174231113,0,0,0,18,TO,2
8,296,perhaps,14.44333726089863,0,0,0,19,RB,7
8,297,the,5.17205129965733,0,0,0,20,DT,3
8,298,most,11.270487941956638,0,0,0,21,RBS,4
8,299,famous,15.590070604598765,0,0,0,22,JJ,6
8,300,UFO,19.27172259906255,0,0,0,23,NNP,3
8,301,case,11.57546751236153,0,0,0,24,NN,4
8,302,of,5.986146708647226,0,0,0,25,IN,2
8,303,all,9.763833843216453,0,0,0,26,DT,3
8,304,time.,15.227980891429535,0,1,1,27,NN_.,5
8,305,By,13.631736262578634,1,0,0,1,IN,2
8,306,the,5.17205129965733,0,0,0,2,DT,3
8,307,early,13.049688080609997,0,0,0,3,JJ,5
8,308,nineteen,19.06354823054506,0,0,0,4,CD,8
8,309,"nineties,",38.61360184104862,0,0,1,5,"NNS_,",9
8,310,UFO,19.27172259906255,0,0,0,6,NNP,3
8,311,researchers,15.578877167514886,0,0,0,7,NNS,11
8,312,had,9.816722327264898,0,0,0,8,VBD,3
8,313,interviewed,17.387482050785305,0,0,0,9,VBN,11
8,314,several,12.76407443131371,0,0,0,10,JJ,7
8,315,hundred,14.933545565979983,0,0,0,11,CD,7
8,316,people,11.171465651218966,0,0,0,12,NNS,6
8,317,who,10.440803113603465,0,0,0,13,WP,3
8,318,"had,",14.833091005196511,0,0,1,14,"VBD_,",4
8,319,or,8.922107338283002,0,0,0,15,CC,2
8,320,who,10.440803113603465,0,0,0,16,WP,3
8,321,claimed,15.317516636865978,0,0,0,17,VBN,7
8,322,to,6.280557174231113,0,0,0,18,TO,2
8,323,have,9.010965036933804,0,0,0,19,VB,4
8,324,"had,",14.833091005196511,0,0,1,20,"VBN_,",4
8,325,a,6.556670229096891,0,0,0,21,DT,1
8,326,connection,14.320845072023673,0,0,0,22,NN,10
8,327,with,8.014664635242958,0,0,0,23,IN,4
8,328,the,5.17205129965733,0,0,0,24,DT,3
8,329,events,13.715741977363315,0,0,0,25,NNS,6
8,330,at,8.781250634161243,0,0,0,26,IN,2
8,331,Roswell,31.294328513097742,0,0,0,27,NNP,7
8,332,in,6.713150865180346,0,0,0,28,IN,2
8,333,nineteen,19.06354823054506,0,0,0,29,CD,8
8,334,forty-seven.,45.9232337621594,0,1,1,30,CD_.,12
8,335,"Additionally,",20.779502058760684,1,0,1,1,"RB_,",13
8,336,hundreds,15.516372760014118,0,0,0,2,NNS,8
8,337,of,5.986146708647226,0,0,0,3,IN,2
8,338,documents,15.221093243159778,0,0,0,4,NNS,9
8,339,were,9.396668283684079,0,0,0,5,VBD,4
8,340,obtained,13.335776166248234,0,0,0,6,VBN,8
8,341,by,8.57862391074893,0,0,0,7,IN,2
8,342,Freedom,17.456195699440677,0,0,0,8,NNP,7
8,343,of,5.986146708647226,0,0,0,9,IN,2
8,344,Information,15.534805286850151,0,0,0,10,NNP,11
8,345,Act,14.092697519426018,0,0,0,11,NNP,3
8,346,"requests,",20.852633589542258,0,0,1,12,"NNS_,",9
8,347,as,8.340623672004352,0,0,0,13,IN,2
8,348,were,9.396668283684079,0,0,0,14,VBD,4
8,349,some,10.70366249120027,0,0,0,15,DT,4
8,350,that,7.5199882505590345,0,0,0,16,WDT,4
8,351,insiders,32.2833203005406,0,0,0,17,NNS,8
8,352,apparently,15.55130797192447,0,0,0,18,RB,10
8,353,leaked.,23.325517445271764,0,1,1,19,VBD_.,7
8,354,Their,15.23563369957808,1,0,0,1,PRP$,5
8,355,conclusions,16.254576285812544,0,0,0,2,NNS,11
8,356,were,9.396668283684079,0,0,0,3,VBD,4
8,357,that,7.5199882505590345,0,0,0,4,IN,4
8,358,at,8.781250634161243,0,0,0,5,IN,2
8,359,least,12.57028203516876,0,0,0,6,JJS,5
8,360,one,9.838114205706063,0,0,0,7,CD,3
8,361,alien,16.65255596457484,0,0,0,8,JJ,5
8,362,craft,16.759693568497106,0,0,0,9,NN,5
8,363,had,9.816722327264898,0,0,0,10,VBD,3
8,364,crashed,17.939306072485476,0,0,0,11,VBN,7
8,365,in,6.713150865180346,0,0,0,12,IN,2
8,366,the,5.17205129965733,0,0,0,13,DT,3
8,367,Roswell,31.294328513097742,0,0,0,14,NNP,7
8,368,"vicinity,",22.60580772527381,0,0,1,15,"NN_,",9
8,369,that,7.5199882505590345,0,0,0,16,IN,4
8,370,"aliens,",23.19165617971156,0,0,1,17,"NNS_,",7
8,371,some,10.70366249120027,0,0,0,18,DT,4
8,372,possibly,15.1309269198469,0,0,0,19,RB,8
8,373,still,11.865358748213168,0,0,0,20,RB,5
8,374,"alive,",20.754604553012957,0,0,1,21,"JJ_,",6
8,375,were,9.396668283684079,0,0,0,22,VBD,4
8,376,"recovered,",21.37755496502694,0,0,1,23,"VBN_,",10
8,377,and,6.2095491118355035,0,0,0,24,CC,3
8,378,that,7.5199882505590345,0,0,0,25,IN,4
8,379,a,6.556670229096891,0,0,0,26,DT,1
8,380,massive,15.406228497976244,0,0,0,27,JJ,7
8,381,cover-up,33.57832655943247,0,0,0,28,NN,8
8,382,of,5.986146708647226,0,0,0,29,IN,2
8,383,any,10.749509183326555,0,0,0,30,DT,3
8,384,knowledge,13.904425941749949,0,0,0,31,NN,9
8,385,of,5.986146708647226,0,0,0,32,IN,2
8,386,the,5.17205129965733,0,0,0,33,DT,3
8,387,incident,15.307515290171398,0,0,0,34,NN,8
8,388,was,8.24568223794633,0,0,0,35,VBD,3
8,389,put,12.711916905175212,0,0,0,36,VBN,3
8,390,in,6.713150865180346,0,0,0,37,IN,2
8,391,place.,17.299699079484682,0,1,1,38,NN_.,6
8,392,Numerous,19.281685153951457,1,0,0,1,JJ,8
8,393,"books,",19.560604558294298,0,0,1,2,"NNS_,",6
8,394,"articles,",20.37517654619411,0,0,1,3,"NNS_,",9
8,395,television,15.259938575855223,0,0,0,4,NN,10
8,396,specials,22.28542993840686,0,0,0,5,NNS,8
8,397,and,6.2095491118355035,0,0,0,6,CC,3
8,398,even,11.440265863958214,0,0,0,7,RB,4
8,399,a,6.556670229096891,0,0,0,8,DT,1
8,400,made-for-TV,53.86714861950241,0,0,0,9,JJ,11
8,401,movie,14.981764150993829,0,0,0,10,NN,5
8,402,brought,14.044140798647497,0,0,0,11,VBD,7
8,403,the,5.17205129965733,0,0,0,12,DT,3
8,404,nineteen,19.06354823054506,0,0,0,13,CD,8
8,405,forty-seven,41.02648595817869,0,0,0,14,CD,11
8,406,incident,15.307515290171398,0,0,0,15,NN,8
8,407,fame,17.792801658913735,0,0,0,16,NN,4
8,408,and,6.2095491118355035,0,0,0,17,CC,3
8,409,"notoriety,",46.560451583606635,0,0,1,18,"NN_,",10
8,410,so,10.292139907252675,0,0,0,19,RB,2
8,411,that,7.5199882505590345,0,0,0,20,IN,4
8,412,by,8.57862391074893,0,0,0,21,IN,2
8,413,the,5.17205129965733,0,0,0,22,DT,3
8,414,mid,14.59182473159714,0,0,0,23,JJ,3
8,415,nineteen,19.06354823054506,0,0,0,24,CD,8
8,416,"nineties,",38.61360184104862,0,0,1,25,"NNS_,",9
8,417,strong,13.621733206678929,0,0,0,26,JJ,6
8,418,majorities,27.667477865084713,0,0,0,27,NNS,10
8,419,in,6.713150865180346,0,0,0,28,IN,2
8,420,"polls,",22.64272026280616,0,0,1,29,"NNS_,",6
8,421,such,10.802507576654243,0,0,0,30,JJ,4
8,422,as,8.340623672004352,0,0,0,31,IN,2
8,423,a,6.556670229096891,0,0,0,32,DT,1
8,424,nineteen,19.06354823054506,0,0,0,33,CD,8
8,425,ninety-seven,42.82924497326631,0,0,0,34,CD,12
8,426,CNN,16.942739613955165,0,0,0,35,NNP,3
8,427,Time,15.231206895311026,0,0,0,36,NNP,4
8,428,"poll,",21.479602145395212,0,0,1,37,"NN_,",5
8,429,believed,15.042141404002589,0,0,0,38,VBD,8
8,430,that,7.5199882505590345,0,0,0,39,IN,4
8,431,aliens,18.17528750177995,0,0,0,40,NNS,6
8,432,had,9.816722327264898,0,0,0,41,VBD,3
8,433,visited,16.226236745750374,0,0,0,42,VBN,7
8,434,earth,15.131849311823807,0,0,0,43,NN,5
8,435,and,6.2095491118355035,0,0,0,44,CC,3
8,436,specifically,14.771755741804252,0,0,0,45,RB,12
8,437,that,7.5199882505590345,0,0,0,46,IN,4
8,438,aliens,18.17528750177995,0,0,0,47,NNS,6
8,439,had,9.816722327264898,0,0,0,48,VBD,3
8,440,landed,17.127413970136498,0,0,0,49,VBN,6
8,441,at,8.781250634161243,0,0,0,50,IN,2
8,442,Roswell,31.294328513097742,0,0,0,51,NNP,7
8,443,and,6.2095491118355035,0,0,0,52,CC,3
8,444,the,5.17205129965733,0,0,0,53,DT,3
8,445,government,12.95139138550162,0,0,0,54,NN,10
8,446,was,8.24568223794633,0,0,0,55,VBD,3
8,447,covering,16.086920260421262,0,0,0,56,VBG,8
8,448,up,10.382393736990075,0,0,0,57,RP,2
8,449,the,5.17205129965733,0,0,0,58,DT,3
8,450,fact.,17.45419043163747,0,1,1,59,NN_.,5
8,451,During,15.066432522669658,1,0,0,1,IN,6
8,452,the,5.17205129965733,0,0,0,2,DT,3
8,453,nineteen,19.06354823054506,0,0,0,3,CD,8
8,454,eighties,27.289531155885562,0,0,0,4,NNS,8
8,455,and,6.2095491118355035,0,0,0,5,CC,3
8,456,nineteen,19.06354823054506,0,0,0,6,CD,8
8,457,"nineties,",38.61360184104862,0,0,1,7,"NNS_,",9
8,458,a,6.556670229096891,0,0,0,8,DT,1
8,459,new,10.885939281688206,0,0,0,9,JJ,3
8,460,narrative,16.650229122204248,0,0,0,10,NN,9
8,461,emerged,16.47766773779413,0,0,0,11,VBD,7
8,462,which,9.57515612507219,0,0,0,12,WDT,5
8,463,was,8.24568223794633,0,0,0,13,VBD,3
8,464,at,8.781250634161243,0,0,0,14,IN,2
8,465,strong,13.621733206678929,0,0,0,15,JJ,6
8,466,odds,16.572494864769517,0,0,0,16,NNS,4
8,467,with,8.014664635242958,0,0,0,17,IN,4
8,468,what,10.597278888354701,0,0,0,18,WP,4
8,469,was,8.24568223794633,0,0,0,19,VBD,3
8,470,reported,13.099888016606528,0,0,0,20,VBN,8
8,471,in,6.713150865180346,0,0,0,21,IN,2
8,472,nineteen,19.06354823054506,0,0,0,22,CD,8
8,473,forty-seven.,45.9232337621594,0,1,1,23,NN_.,12
8,474,This,10.896424129402149,1,0,0,1,DT,4
8,475,narrative,16.650229122204248,0,0,0,2,NN,9
8,476,evolved,16.95595498436772,0,0,0,3,VBD,7
8,477,over,10.810818724204807,0,0,0,4,IN,4
8,478,the,5.17205129965733,0,0,0,5,DT,3
8,479,years,11.513517664793124,0,0,0,6,NNS,5
8,480,from,8.815789051907856,0,0,0,7,IN,4
8,481,the,5.17205129965733,0,0,0,8,DT,3
8,482,time,10.33123308744883,0,0,0,9,NN,4
8,483,the,5.17205129965733,0,0,0,10,DT,3
8,484,first,10.758819109157542,0,0,0,11,JJ,5
8,485,book,13.257606324625783,0,0,0,12,NN,4
8,486,on,8.232105999162414,0,0,0,13,IN,2
8,487,Roswell,31.294328513097742,0,0,0,14,NNP,7
8,488,was,8.24568223794633,0,0,0,15,VBD,3
8,489,published,13.982134073157798,0,0,0,16,VBN,9
8,490,in,6.713150865180346,0,0,0,17,IN,2
8,491,nineteen,19.06354823054506,0,0,0,18,CD,8
8,492,"eighty,",23.524194298737132,0,0,1,19,"NN_,",7
8,493,as,8.340623672004352,0,0,0,20,IN,2
8,494,many,11.555553853436457,0,0,0,21,JJ,4
8,495,new,10.885939281688206,0,0,0,22,JJ,3
8,496,witnesses,16.31168822321575,0,0,0,23,NNS,9
8,497,and,6.2095491118355035,0,0,0,24,CC,3
8,498,accounts,15.561299297400698,0,0,0,25,NNS,8
8,499,"emerged,",21.49403641572574,0,0,1,26,"VBD_,",8
8,500,drawn,15.51167319749299,0,0,0,27,VBN,5
8,501,out,10.24888073574989,0,0,0,28,RP,3
8,502,in,6.713150865180346,0,0,0,29,IN,2
8,503,part,11.872891907978971,0,0,0,30,NN,4
8,504,by,8.57862391074893,0,0,0,31,IN,2
8,505,the,5.17205129965733,0,0,0,32,DT,3
8,506,publicity,18.27006431309446,0,0,0,33,NN,9
8,507,on,8.232105999162414,0,0,0,34,IN,2
8,508,the,5.17205129965733,0,0,0,35,DT,3
8,509,incident.,20.204263094152104,0,1,1,36,NN_.,9
8,510,Of,14.421963638264693,1,0,0,1,IN,2
8,511,the,5.17205129965733,0,0,0,2,DT,3
8,512,hundreds,15.516372760014118,0,0,0,3,NNS,8
8,513,of,5.986146708647226,0,0,0,4,IN,2
8,514,witnesses,16.31168822321575,0,0,0,5,NNS,9
8,515,that,7.5199882505590345,0,0,0,6,WDT,4
8,516,the,5.17205129965733,0,0,0,7,DT,3
8,517,various,13.276745175685203,0,0,0,8,JJ,7
8,518,researchers,15.578877167514886,0,0,0,9,NNS,11
8,519,"interviewed,",22.403850728716918,0,0,1,10,"VBD_,",12
8,520,a,6.556670229096891,0,0,0,11,DT,1
8,521,seemingly,17.034521855457136,0,0,0,12,RB,9
8,522,impressive,16.61516537886355,0,0,0,13,JJ,10
8,523,"figure,",19.359668742186518,0,0,1,14,"NN_,",7
8,524,a,6.556670229096891,0,0,0,15,DT,1
8,525,comparable,16.053713218613723,0,0,0,16,JJ,10
8,526,few,12.402199019809682,0,0,0,17,JJ,3
8,527,were,9.396668283684079,0,0,0,18,VBD,4
8,528,true,12.750716514086541,0,0,0,19,JJ,4
8,529,'witnesses',51.355914498113364,0,0,1,20,``_NNS_'',11
8,530,who,10.440803113603465,0,0,0,21,WP,3
8,531,claimed,15.317516636865978,0,0,0,22,VBD,7
8,532,to,6.280557174231113,0,0,0,23,TO,2
8,533,have,9.010965036933804,0,0,0,24,VB,4
8,534,actually,13.260396876445522,0,0,0,25,RB,8
8,535,seen,12.970374053808115,0,0,0,26,VBN,4
8,536,debris,17.555201017976266,0,0,0,27,NN,6
8,537,or,8.922107338283002,0,0,0,28,CC,2
8,538,aliens.,23.072035305760654,0,1,1,29,NNS_.,7
8,539,Most,14.7610269843661,1,0,0,1,JJS,4
8,540,of,5.986146708647226,0,0,0,2,IN,2
8,541,these,10.85037442666533,0,0,0,3,DT,5
8,542,so-called,32.510406498893374,0,0,0,4,JJ,9
8,543,witnesses,16.31168822321575,0,0,0,5,NNS,9
8,544,were,9.396668283684079,0,0,0,6,VBD,4
8,545,repeating,17.85650490676029,0,0,0,7,VBG,9
8,546,the,5.17205129965733,0,0,0,8,DT,3
8,547,claims,14.001649233717224,0,0,0,9,NNS,6
8,548,of,5.986146708647226,0,0,0,10,IN,2
8,549,"others,",18.204630075183328,0,0,1,11,"NNS_,",7
8,550,and,6.2095491118355035,0,0,0,12,CC,3
8,551,their,10.026103707581193,0,0,0,13,PRP$,5
8,552,testimony,14.932202735610591,0,0,0,14,NN,9
8,553,would,10.257280448841584,0,0,0,15,MD,5
8,554,be,8.447345415772759,0,0,0,16,VB,2
8,555,inadmissible,19.462104028617127,0,0,0,17,JJ,12
8,556,hearsay,18.679822507370183,0,0,0,18,NN,7
8,557,in,6.713150865180346,0,0,0,19,IN,2
8,558,an,9.046558361117718,0,0,0,20,DT,2
8,559,American,13.09115240347084,0,0,0,21,JJ,8
8,560,court.,16.907139238468734,0,1,1,22,NN_.,6
8,561,As,12.126470773808851,1,0,0,1,IN,2
8,562,for,7.693494297163422,0,0,0,2,IN,3
8,563,the,5.17205129965733,0,0,0,3,DT,3
8,564,several,12.76407443131371,0,0,0,4,JJ,7
8,565,accounts,15.561299297400698,0,0,0,5,NNS,8
8,566,from,8.815789051907856,0,0,0,6,IN,4
8,567,those,11.51721368888743,0,0,0,7,DT,5
8,568,who,10.440803113603465,0,0,0,8,WP,3
8,569,claimed,15.317516636865978,0,0,0,9,VBD,7
8,570,to,6.280557174231113,0,0,0,10,TO,2
8,571,have,9.010965036933804,0,0,0,11,VB,4
8,572,seen,12.970374053808115,0,0,0,12,VBN,4
8,573,"aliens,",23.19165617971156,0,0,1,13,"NNS_,",7
8,574,critics,17.049098990763124,0,0,0,14,NNS,7
8,575,identified,13.860836402556217,0,0,0,15,VBD,10
8,576,a,6.556670229096891,0,0,0,16,DT,1
8,577,variety,14.571473298006254,0,0,0,17,NN,7
8,578,of,5.986146708647226,0,0,0,18,IN,2
8,579,problems,13.612621848532047,0,0,0,19,NNS,8
8,580,with,8.014664635242958,0,0,0,20,IN,4
8,581,them.,15.609819837378044,0,1,1,21,PRP_.,5
8,582,These,12.780806113361848,1,0,0,1,DT,5
8,583,problems,13.612621848532047,0,0,0,2,NNS,8
8,584,ranged,17.17180616672323,0,0,0,3,VBD,6
8,585,from,8.815789051907856,0,0,0,4,IN,4
8,586,the,5.17205129965733,0,0,0,5,DT,3
8,587,reliability,16.51314154862954,0,0,0,6,NN,11
8,588,of,5.986146708647226,0,0,0,7,IN,2
8,589,second-hand,34.005248771110715,0,0,0,8,JJ,11
8,590,"accounts,",20.57766797533231,0,0,1,9,"NNS_,",9
8,591,to,6.280557174231113,0,0,0,10,TO,2
8,592,serious,14.617430905650934,0,0,0,11,JJ,7
8,593,credibility,17.179976420875146,0,0,0,12,NN,11
8,594,problems,13.612621848532047,0,0,0,13,NNS,8
8,595,with,8.014664635242958,0,0,0,14,IN,4
8,596,witnesses,16.31168822321575,0,0,0,15,NNS,9
8,597,making,13.048960587726583,0,0,0,16,VBG,6
8,598,demonstrably,33.24441260092185,0,0,0,17,RB,12
8,599,false,13.62378013659005,0,0,0,18,JJ,5
8,600,or,8.922107338283002,0,0,0,19,CC,2
8,601,internally-inconsistent,53.349156013084084,0,0,0,20,JJ,23
8,602,"claims,",19.018017911648837,0,0,1,21,"NNS_,",7
8,603,to,6.280557174231113,0,0,0,22,TO,2
8,604,dubious,19.113057154171713,0,0,0,23,JJ,7
8,605,death-bed,35.36219846679667,0,0,0,24,JJ,9
8,606,'confessions',67.8512718678078,0,0,1,25,``_NNS_'',13
8,607,or,8.922107338283002,0,0,0,26,CC,2
8,608,accounts,15.561299297400698,0,0,0,27,NNS,8
8,609,from,8.815789051907856,0,0,0,28,IN,4
8,610,elderly,16.601486168713596,0,0,0,29,JJ,7
8,611,or,8.922107338283002,0,0,0,30,CC,2
8,612,easily,14.208747790825651,0,0,0,31,RB,6
8,613,confused,16.530993269183163,0,0,0,32,VBN,8
8,614,witnesses.,21.208436027196456,0,1,1,33,NNS_.,10
8,615,A,10.24793691702159,1,0,0,1,DT,1
8,616,basic,14.498764606652617,0,0,0,2,JJ,5
8,617,problem,12.6262162741622,0,0,0,3,NN,7
8,618,with,8.014664635242958,0,0,0,4,IN,4
8,619,all,9.763833843216453,0,0,0,5,PDT,3
8,620,the,5.17205129965733,0,0,0,6,DT,3
8,621,witness,15.713227356507108,0,0,0,7,NN,7
8,622,"accounts,",20.57766797533231,0,0,1,8,"NNS_,",9
8,623,according,13.280197065674187,0,0,0,9,VBG,9
8,624,to,6.280557174231113,0,0,0,10,TO,2
8,625,the,5.17205129965733,0,0,0,11,DT,3
8,626,"critics,",22.065467668694737,0,0,1,12,"NNS_,",8
8,627,is,7.347528720939248,0,0,0,13,VBZ,2
8,628,that,7.5199882505590345,0,0,0,14,IN,4
8,629,they,9.911507183877728,0,0,0,15,PRP,4
8,630,all,9.763833843216453,0,0,0,16,DT,3
8,631,came,12.886598870789097,0,0,0,17,VBD,4
8,632,a,6.556670229096891,0,0,0,18,DT,1
8,633,minimum,14.849052170735053,0,0,0,19,NN,7
8,634,of,5.986146708647226,0,0,0,20,IN,2
8,635,thirty-one,35.5762043863255,0,0,0,21,CD,10
8,636,years,11.513517664793124,0,0,0,22,NNS,5
8,637,after,10.950222297746166,0,0,0,23,IN,5
8,638,the,5.17205129965733,0,0,0,24,DT,3
8,639,events,13.715741977363315,0,0,0,25,NNS,6
8,640,in,6.713150865180346,0,0,0,26,IN,2
8,641,"question,",17.941412302058126,0,0,1,27,"NN_,",9
8,642,and,6.2095491118355035,0,0,0,28,CC,3
8,643,in,6.713150865180346,0,0,0,29,IN,2
8,644,many,11.555553853436457,0,0,0,30,JJ,4
8,645,cases,12.90042334857748,0,0,0,31,NNS,5
8,646,were,9.396668283684079,0,0,0,32,VBD,4
8,647,recounted,28.979898096606508,0,0,0,33,VBN,9
8,648,more,10.075051597559401,0,0,0,34,JJR,4
8,649,than,10.500242777420443,0,0,0,35,IN,4
8,650,forty,16.68235578997403,0,0,0,36,CD,5
8,651,years,11.513517664793124,0,0,0,37,NNS,5
8,652,after,10.950222297746166,0,0,0,38,IN,5
8,653,the,5.17205129965733,0,0,0,39,DT,3
8,654,fact.,17.45419043163747,0,1,1,40,NN_.,5
8,655,Not,14.066738525128649,1,0,0,1,RB,3
8,656,only,10.623289958781577,0,0,0,2,RB,4
8,657,are,8.669385276796898,0,0,0,3,VBP,3
8,658,memories,16.48783741546419,0,0,0,4,NNS,8
8,659,this,8.876632627435416,0,0,0,5,DT,4
8,660,old,12.778866751933457,0,0,0,6,JJ,3
8,661,of,5.986146708647226,0,0,0,7,IN,2
8,662,dubious,19.113057154171713,0,0,0,8,JJ,7
8,663,"reliability,",21.529510226561154,0,0,1,9,"NN_,",12
8,664,they,9.911507183877728,0,0,0,10,PRP,4
8,665,were,9.396668283684079,0,0,0,11,VBD,4
8,666,also,10.2982876731973,0,0,0,12,RB,4
8,667,subject,13.73338384258566,0,0,0,13,VBN,7
8,668,to,6.280557174231113,0,0,0,14,TO,2
8,669,contamination,17.183464758021803,0,0,0,15,NN,13
8,670,from,8.815789051907856,0,0,0,16,IN,4
8,671,other,10.411287485854839,0,0,0,17,JJ,5
8,672,accounts,15.561299297400698,0,0,0,18,NNS,8
8,673,the,5.17205129965733,0,0,0,19,DT,3
8,674,witnesses,16.31168822321575,0,0,0,20,NNS,9
8,675,may,10.78936461612156,0,0,0,21,MD,3
8,676,have,9.010965036933804,0,0,0,22,VB,4
8,677,been,10.154650775356767,0,0,0,23,VBN,4
8,678,exposed,15.25853969924701,0,0,0,24,VBN,7
8,679,to.,11.177304978211819,0,1,1,25,TO_.,3
8,680,Though,16.25093873280279,1,0,0,1,IN,6
8,681,there,10.313087737286885,0,0,0,2,EX,5
8,682,had,9.816722327264898,0,0,0,3,VBD,3
8,683,always,12.59942313223625,0,0,0,4,RB,6
8,684,been,10.154650775356767,0,0,0,5,VBN,4
8,685,skeptics,33.946638407286045,0,0,0,6,NNS,8
8,686,who,10.440803113603465,0,0,0,7,WP,3
8,687,had,9.816722327264898,0,0,0,8,VBD,3
8,688,many,11.555553853436457,0,0,0,9,JJ,4
8,689,objections,17.652710925735,0,0,0,10,NNS,10
8,690,to,6.280557174231113,0,0,0,11,TO,2
8,691,the,5.17205129965733,0,0,0,12,DT,3
8,692,plausibility,35.167116028596965,0,0,0,13,NN,12
8,693,of,5.986146708647226,0,0,0,14,IN,2
8,694,these,10.85037442666533,0,0,0,15,DT,5
8,695,"accounts,",20.57766797533231,0,0,1,16,"NNS_,",9
8,696,it,8.375693258728493,0,0,0,17,PRP,2
8,697,was,8.24568223794633,0,0,0,18,VBD,3
8,698,not,8.917353115369856,0,0,0,19,RB,3
8,699,until,12.631746353885124,0,0,0,20,IN,5
8,700,the,5.17205129965733,0,0,0,21,DT,3
8,701,mid,14.59182473159714,0,0,0,22,JJ,3
8,702,nineteen,19.06354823054506,0,0,0,23,CD,8
8,703,nineties,33.59723316311701,0,0,0,24,NNS,8
8,704,that,7.5199882505590345,0,0,0,25,IN,4
8,705,a,6.556670229096891,0,0,0,26,DT,1
8,706,strong,13.621733206678929,0,0,0,27,JJ,6
8,707,counter-argument,39.07781816001996,0,0,0,28,NN,16
8,708,to,6.280557174231113,0,0,0,29,TO,2
8,709,the,5.17205129965733,0,0,0,30,DT,3
8,710,presence,13.702298543405902,0,0,0,31,NN,8
8,711,of,5.986146708647226,0,0,0,32,IN,2
8,712,aliens,18.17528750177995,0,0,0,33,NNS,6
8,713,was,8.24568223794633,0,0,0,34,VBD,3
8,714,widely,15.30177045588454,0,0,0,35,RB,6
8,715,publicized.,30.77774934802388,0,1,1,36,VBN_.,11
8,716,The,8.824079763818386,1,0,0,1,DT,3
8,717,General,14.200814771095303,0,0,0,2,NNP,7
8,718,Accounting,27.57573792951275,0,0,0,3,NNP,10
8,719,Office,15.34243029463466,0,0,0,4,NNP,6
8,720,launched,15.925011204700454,0,0,0,5,VBD,8
8,721,an,9.046558361117718,0,0,0,6,DT,2
8,722,inquiry,16.67708200258182,0,0,0,7,NN,7
8,723,and,6.2095491118355035,0,0,0,8,CC,3
8,724,directed,15.121779724812505,0,0,0,9,VBD,8
8,725,the,5.17205129965733,0,0,0,10,DT,3
8,726,Office,15.34243029463466,0,0,0,11,NNP,6
8,727,of,5.986146708647226,0,0,0,12,IN,2
8,728,the,5.17205129965733,0,0,0,13,DT,3
8,729,Secretary,15.80072526139535,0,0,0,14,NNP,9
8,730,of,5.986146708647226,0,0,0,15,IN,2
8,731,the,5.17205129965733,0,0,0,16,DT,3
8,732,Air,15.188653746495948,0,0,0,17,NNP,3
8,733,Force,16.04153400929896,0,0,0,18,NNP,5
8,734,to,6.280557174231113,0,0,0,19,TO,2
8,735,conduct,14.778926250982668,0,0,0,20,VB,7
8,736,an,9.046558361117718,0,0,0,21,DT,2
8,737,internal,14.462326159360607,0,0,0,22,JJ,8
8,738,investigation.,19.704383864212595,0,1,1,23,NN_.,14
8,739,The,8.824079763818386,1,0,0,1,DT,3
8,740,result,12.498629307763242,0,0,0,2,NN,6
8,741,was,8.24568223794633,0,0,0,3,VBD,3
8,742,summarized,17.165715016405702,0,0,0,4,VBN,10
8,743,in,6.713150865180346,0,0,0,5,IN,2
8,744,two,10.629746926962948,0,0,0,6,CD,3
8,745,reports.,19.387403991746048,0,1,1,7,NNS_.,8
8,746,The,8.824079763818386,1,0,0,1,DT,3
8,747,"first,",15.775187787089155,0,0,1,2,"JJ_,",6
8,748,released,14.244108752414409,0,0,0,3,VBN,8
8,749,in,6.713150865180346,0,0,0,4,IN,2
8,750,nineteen,19.06354823054506,0,0,0,5,CD,8
8,751,"ninety-five,",46.379968610032336,0,0,1,6,"CD_,",12
8,752,concluded,15.426754185224375,0,0,0,7,VBD,9
8,753,that,7.5199882505590345,0,0,0,8,IN,4
8,754,the,5.17205129965733,0,0,0,9,DT,3
8,755,reported,13.099888016606528,0,0,0,10,VBN,8
8,756,recovered,16.361186287095325,0,0,0,11,VBN,9
8,757,material,13.410002144898382,0,0,0,12,NN,8
8,758,in,6.713150865180346,0,0,0,13,IN,2
8,759,nineteen,19.06354823054506,0,0,0,14,CD,8
8,760,forty-seven,41.02648595817869,0,0,0,15,CD,11
8,761,was,8.24568223794633,0,0,0,16,VBD,3
8,762,likely,13.327971768240882,0,0,0,17,RB,6
8,763,debris,17.555201017976266,0,0,0,18,NN,6
8,764,from,8.815789051907856,0,0,0,19,IN,4
8,765,a,6.556670229096891,0,0,0,20,DT,1
8,766,secret,15.157846399957329,0,0,0,21,JJ,6
8,767,government,12.95139138550162,0,0,0,22,NN,10
8,768,program,13.248536487951519,0,0,0,23,NN,7
8,769,called,12.619106163373399,0,0,0,24,VBN,6
8,770,Project,15.580666166674423,0,0,0,25,NNP,7
8,771,"Mogul,",42.606852621406276,0,0,1,26,"NNP_,",6
8,772,which,9.57515612507219,0,0,0,27,WDT,5
8,773,involved,13.603792894200879,0,0,0,28,VBD,8
8,774,high,11.744305671559701,0,0,0,29,JJ,4
8,775,altitude,18.101214412774397,0,0,0,30,NN,8
8,776,balloons,19.311377149540057,0,0,0,31,NNS,8
8,777,meant,14.862551524894915,0,0,0,32,VBN,5
8,778,to,6.280557174231113,0,0,0,33,TO,2
8,779,detect,15.5242537212958,0,0,0,34,VB,6
8,780,sound,14.103030464608004,0,0,0,35,JJ,5
8,781,waves,15.939160260342799,0,0,0,36,NNS,5
8,782,generated,14.306892393241835,0,0,0,37,VBN,9
8,783,by,8.57862391074893,0,0,0,38,IN,2
8,784,Soviet,16.31670611528622,0,0,0,39,JJ,6
8,785,atomic,16.655782589135335,0,0,0,40,JJ,6
8,786,bomb,16.572122160295308,0,0,0,41,NN,4
8,787,tests,14.557518271533446,0,0,0,42,NNS,5
8,788,and,6.2095491118355035,0,0,0,43,CC,3
8,789,ballistic,19.235540852243698,0,0,0,44,JJ,9
8,790,missiles.,23.095245928733128,0,1,1,45,NNS_.,9
8,791,The,8.824079763818386,1,0,0,1,DT,3
8,792,second,12.078231733387621,0,0,0,2,JJ,6
8,793,"report,",18.418562114878434,0,0,1,3,"NN_,",7
8,794,released,14.244108752414409,0,0,0,4,VBN,8
8,795,two,10.629746926962948,0,0,0,5,CD,3
8,796,years,11.513517664793124,0,0,0,6,NNS,5
8,797,"later,",17.858361970703104,0,0,1,7,"RB_,",6
8,798,in,6.713150865180346,0,0,0,8,IN,2
8,799,nineteen,19.06354823054506,0,0,0,9,CD,8
8,800,"ninety-seven,",47.84561365119792,0,0,1,10,"NN_,",13
8,801,concluded,15.426754185224375,0,0,0,11,VBD,9
8,802,that,7.5199882505590345,0,0,0,12,IN,4
8,803,reports,14.490656187765342,0,0,0,13,NNS,7
8,804,of,5.986146708647226,0,0,0,14,IN,2
8,805,recovered,16.361186287095325,0,0,0,15,VBN,9
8,806,alien,16.65255596457484,0,0,0,16,JJ,5
8,807,bodies,15.481400228068438,0,0,0,17,NNS,6
8,808,were,9.396668283684079,0,0,0,18,VBD,4
8,809,likely,13.327971768240882,0,0,0,19,RB,6
8,810,a,6.556670229096891,0,0,0,20,DT,1
8,811,combination,14.486887864196074,0,0,0,21,NN,11
8,812,of,5.986146708647226,0,0,0,22,IN,2
8,813,innocently,34.619815249122865,0,0,0,23,RB,10
8,814,transformed,16.5683586386067,0,0,0,24,VBN,11
8,815,memories,16.48783741546419,0,0,0,25,NNS,8
8,816,of,5.986146708647226,0,0,0,26,IN,2
8,817,military,14.379646017570025,0,0,0,27,JJ,8
8,818,accidents,17.795673491771403,0,0,0,28,NNS,9
8,819,involving,15.345599351302688,0,0,0,29,VBG,9
8,820,injured,16.11232935003885,0,0,0,30,VBN,7
8,821,or,8.922107338283002,0,0,0,31,CC,2
8,822,killed,14.616666337897637,0,0,0,32,VBN,6
8,823,"personnel,",21.219706474289325,0,0,1,33,"NNS_,",10
8,824,innocently,34.619815249122865,0,0,0,34,RB,10
8,825,transformed,16.5683586386067,0,0,0,35,VBN,11
8,826,memories,16.48783741546419,0,0,0,36,NNS,8
8,827,of,5.986146708647226,0,0,0,37,IN,2
8,828,the,5.17205129965733,0,0,0,38,DT,3
8,829,recovery,15.242849271713848,0,0,0,39,NN,8
8,830,of,5.986146708647226,0,0,0,40,IN,2
8,831,anthropomorphic,35.45196398804415,0,0,0,41,JJ,15
8,832,dummies,42.12852314980276,0,0,0,42,NNS,7
8,833,in,6.713150865180346,0,0,0,43,IN,2
8,834,military,14.379646017570025,0,0,0,44,JJ,8
8,835,programs,14.742909841631882,0,0,0,45,NNS,8
8,836,US,13.56063399437621,0,0,0,46,NNP,2
8,837,conducted,14.551073773794311,0,0,0,47,VBD,9
8,838,in,6.713150865180346,0,0,0,48,IN,2
8,839,the,5.17205129965733,0,0,0,49,DT,3
8,840,nineteen,19.06354823054506,0,0,0,50,CD,8
8,841,"fifties,",45.726463184147306,0,0,1,51,"NNS_,",8
8,842,and,6.2095491118355035,0,0,0,52,CC,3
8,843,hoaxes,34.892140402923744,0,0,0,53,NNS,6
8,844,that,7.5199882505590345,0,0,0,54,WDT,4
8,845,various,13.276745175685203,0,0,0,55,JJ,7
8,846,witnesses,16.31168822321575,0,0,0,56,NNS,9
8,847,and,6.2095491118355035,0,0,0,57,CC,3
8,848,UFO,19.27172259906255,0,0,0,58,NNP,3
8,849,proponents,33.33695769333946,0,0,0,59,NNS,10
8,850,perpetrated.,38.86999206171177,0,1,1,60,VBD_.,12
8,851,The,8.824079763818386,1,0,0,1,DT,3
8,852,psychological,16.349419325103096,0,0,0,2,JJ,13
8,853,effects,13.144078769010434,0,0,0,3,NNS,7
8,854,of,5.986146708647226,0,0,0,4,IN,2
8,855,time,10.33123308744883,0,0,0,5,NN,4
8,856,compression,16.632909508865417,0,0,0,6,NN,11
8,857,and,6.2095491118355035,0,0,0,7,CC,3
8,858,confusion,16.571423075675593,0,0,0,8,NN,9
8,859,about,10.294135891377458,0,0,0,9,IN,5
8,860,when,10.303515303910618,0,0,0,10,WRB,4
8,861,events,13.715741977363315,0,0,0,11,NNS,6
8,862,occurred,14.80577385847526,0,0,0,12,VBD,8
8,863,explained,14.718285315028112,0,0,0,13,VBD,9
8,864,the,5.17205129965733,0,0,0,14,DT,3
8,865,discrepancy,17.98644941467393,0,0,0,15,NN,11
8,866,with,8.014664635242958,0,0,0,16,IN,4
8,867,the,5.17205129965733,0,0,0,17,DT,3
8,868,years,11.513517664793124,0,0,0,18,NNS,5
8,869,in,6.713150865180346,0,0,0,19,IN,2
8,870,question.,17.82179142810722,0,1,1,20,NN_.,9
8,871,In,10.361524289609886,1,0,0,1,IN,2
8,872,January,14.187900433916802,0,0,0,2,NNP,7
8,873,nineteen,19.06354823054506,0,0,0,3,CD,8
8,874,"ninety-seven,",47.84561365119792,0,0,1,4,"CD_,",13
8,875,Karl,17.631141818272738,0,0,0,5,NNP,4
8,876,"Pflock,",45.633850816376224,0,0,1,6,"NNP_,",7
8,877,one,9.838114205706063,0,0,0,7,CD,3
8,878,of,5.986146708647226,0,0,0,8,IN,2
8,879,the,5.17205129965733,0,0,0,9,DT,3
8,880,more,10.075051597559401,0,0,0,10,RBR,4
8,881,prominent,16.300427556874087,0,0,0,11,JJ,9
8,882,pro-UFO,49.26431693925968,0,0,0,12,JJ,7
8,883,"researchers,",20.5952458454465,0,0,1,13,"NNS_,",12
8,884,"said,",15.595237168945633,0,0,1,14,"VBD_,",5
8,885,'Based,27.398130334693956,0,0,1,15,``_VBN,6
8,886,on,8.232105999162414,0,0,0,16,IN,2
8,887,my,10.229271388022482,0,0,0,17,PRP$,2
8,888,research,13.19641510871682,0,0,0,18,NN,8
8,889,and,6.2095491118355035,0,0,0,19,CC,3
8,890,that,7.5199882505590345,0,0,0,20,DT,4
8,891,of,5.986146708647226,0,0,0,21,IN,2
8,892,"others,",18.204630075183328,0,0,1,22,"NNS_,",7
8,893,I'm,20.215143910195263,0,0,0,23,PRP_VBP,3
8,894,as,8.340623672004352,0,0,0,24,RB,2
8,895,certain,13.397889436384133,0,0,0,25,JJ,7
8,896,as,8.340623672004352,0,0,0,26,IN,2
8,897,it's,17.208633392209624,0,0,0,27,PRP_VBZ,4
8,898,possible,12.591587046572617,0,0,0,28,JJ,8
8,899,to,6.280557174231113,0,0,0,29,TO,2
8,900,be,8.447345415772759,0,0,0,30,VB,2
8,901,without,11.80994760170298,0,0,0,31,IN,7
8,902,absolute,15.401148426464882,0,0,0,32,JJ,8
8,903,"proof,",19.52217437217968,0,0,1,33,"NN_,",6
8,904,that,7.5199882505590345,0,0,0,34,IN,4
8,905,no,10.387625509173944,0,0,0,35,DT,2
8,906,flying,16.31377309860767,0,0,0,36,VBG,6
8,907,saucer,34.32927253370735,0,0,0,37,NN,6
8,908,or,8.922107338283002,0,0,0,38,CC,2
8,909,saucers,40.93328626855843,0,0,0,39,NNS,7
8,910,crashed,17.939306072485476,0,0,0,40,VBD,7
8,911,in,6.713150865180346,0,0,0,41,IN,2
8,912,the,5.17205129965733,0,0,0,42,DT,3
8,913,general,12.947444583220197,0,0,0,43,JJ,7
8,914,vicinity,17.589439047342196,0,0,0,44,NN,8
8,915,of,5.986146708647226,0,0,0,45,IN,2
8,916,Roswell,31.294328513097742,0,0,0,46,NNP,7
8,917,or,8.922107338283002,0,0,0,47,CC,2
8,918,on,8.232105999162414,0,0,0,48,IN,2
8,919,the,5.17205129965733,0,0,0,49,DT,3
8,920,Plains,19.38711368367605,0,0,0,50,NNPS,6
8,921,of,5.986146708647226,0,0,0,51,IN,2
8,922,San,14.555204121724337,0,0,0,52,NNP,3
8,923,Agustin,40.17646114050548,0,0,0,53,NNP,7
8,924,in,6.713150865180346,0,0,0,54,IN,2
8,925,nineteen,19.06354823054506,0,0,0,55,CD,8
8,926,forty-seven.',54.28528636922018,0,1,1,56,NN_._'',13
8,927,He,11.093002573340865,1,0,0,1,PRP,2
8,928,then,10.843719789981037,0,0,0,2,RB,4
8,929,"added,",18.40031919988493,0,0,1,3,"VBD_,",6
8,930,'The,20.304178369368426,0,0,1,4,``_DT,4
8,931,debris,17.555201017976266,0,0,0,5,NN,6
8,932,found,11.688143035430375,0,0,0,6,VBN,5
8,933,was,8.24568223794633,0,0,0,7,VBD,3
8,934,the,5.17205129965733,0,0,0,8,DT,3
8,935,remains,14.309553999142508,0,0,0,9,NNS,7
8,936,of,5.986146708647226,0,0,0,10,IN,2
8,937,something,12.282864652440459,0,0,0,11,NN,9
8,938,very,11.453179973007163,0,0,0,12,RB,4
8,939,"earthly,",31.934656420300758,0,0,1,13,"JJ_,",8
8,940,all,9.763833843216453,0,0,0,14,DT,3
8,941,but,9.64272076435627,0,0,0,15,CC,3
8,942,certainly,14.727296781325322,0,0,0,16,RB,9
8,943,something,12.282864652440459,0,0,0,17,NN,9
8,944,from,8.815789051907856,0,0,0,18,IN,4
8,945,the,5.17205129965733,0,0,0,19,DT,3
8,946,Top,15.929397447018061,0,0,0,20,NNP,3
8,947,Secret,17.333997377122692,0,0,0,21,NNP,6
8,948,Project,15.580666166674423,0,0,0,22,NNP,7
8,949,Mogul.',50.84928435451615,0,1,1,23,NNP_._'',7
8,950,Although,14.20558915748689,1,0,0,1,IN,8
8,951,most,11.270487941956638,0,0,0,2,JJS,4
8,952,now,11.365912160007252,0,0,0,3,RB,3
8,953,agree,14.648054972307229,0,0,0,4,VBP,5
8,954,with,8.014664635242958,0,0,0,5,IN,4
8,955,this,8.876632627435416,0,0,0,6,DT,4
8,956,"conclusion,",20.017756416522246,0,0,1,7,"NN_,",11
8,957,each,11.317540876192414,0,0,0,8,DT,4
8,958,"year,",17.065538514333902,0,0,1,9,"NN_,",5
8,959,during,11.83767419185748,0,0,0,10,IN,6
8,960,July,14.149967342692737,0,0,0,11,NNP,4
8,961,Fourth,17.01889727135027,0,0,0,12,JJ,6
8,962,"weekend,",20.647490867359153,0,0,1,13,"NN_,",8
8,963,the,5.17205129965733,0,0,0,14,DT,3
8,964,City,13.761024597906061,0,0,0,15,NNP,4
8,965,of,5.986146708647226,0,0,0,16,IN,2
8,966,Roswell,31.294328513097742,0,0,0,17,NNP,7
8,967,hosts,16.7414929942237,0,0,0,18,VBZ,5
8,968,the,5.17205129965733,0,0,0,19,DT,3
8,969,Roswell,31.294328513097742,0,0,0,20,NNP,7
8,970,UFO,19.27172259906255,0,0,0,21,NNP,3
8,971,Festival,16.77888034287059,0,0,0,22,NNP,8
8,972,celebrating,18.21402950191182,0,0,0,23,VBG,11
8,973,all,9.763833843216453,0,0,0,24,DT,3
8,974,things,12.52986290912823,0,0,0,25,NNS,6
8,975,"UFO,",24.288091276994162,0,0,1,26,"NNP_,",4
8,976,featuring,16.87707428108204,0,0,0,27,VBG,9
8,977,prominent,16.300427556874087,0,0,0,28,JJ,9
8,978,UFOlogists,46.70261001918982,0,0,0,29,NNS,10
8,979,and,6.2095491118355035,0,0,0,30,CC,3
8,980,discussions.,21.19300197042646,0,1,1,31,NNS_.,12
9,1,Tulip,36.889680229056495,1,0,0,1,NNP,5
9,2,mania,24.24421596538532,0,0,0,2,NN,5
9,3,was,8.24568223794633,0,0,0,3,VBD,3
9,4,a,6.556670229096891,0,0,0,4,DT,1
9,5,period,13.235758472593847,0,0,0,5,NN,6
9,6,in,6.713150865180346,0,0,0,6,IN,2
9,7,the,5.17205129965733,0,0,0,7,DT,3
9,8,Dutch,16.64254980111652,0,0,0,8,NNP,5
9,9,Golden,16.908465111595856,0,0,0,9,NNP,6
9,10,Age,16.58528783027843,0,0,0,10,NNP,3
9,11,during,11.83767419185748,0,0,0,11,IN,6
9,12,which,9.57515612507219,0,0,0,12,WDT,5
9,13,contract,14.339338555977253,0,0,0,13,NN,8
9,14,prices,15.41101941943688,0,0,0,14,NNS,6
9,15,for,7.693494297163422,0,0,0,15,IN,3
9,16,bulbs,19.19985612589523,0,0,0,16,NNS,5
9,17,of,5.986146708647226,0,0,0,17,IN,2
9,18,the,5.17205129965733,0,0,0,18,DT,3
9,19,recently,14.099563586243292,0,0,0,19,RB,8
9,20,introduced,14.73877508461834,0,0,0,20,VBN,10
9,21,tulip,37.866556576733785,0,0,0,21,NN,5
9,22,reached,14.43848474489321,0,0,0,22,VBD,7
9,23,extraordinarily,19.444244197384183,0,0,0,23,RB,15
9,24,high,11.744305671559701,0,0,0,24,JJ,4
9,25,levels,12.960909574578896,0,0,0,25,NNS,6
9,26,and,6.2095491118355035,0,0,0,26,CC,3
9,27,then,10.843719789981037,0,0,0,27,RB,4
9,28,suddenly,15.535443984733654,0,0,0,28,RB,8
9,29,collapsed.,22.513920568713917,0,1,1,29,VBD_.,10
9,30,At,13.135250131758099,1,0,0,1,IN,2
9,31,the,5.17205129965733,0,0,0,2,DT,3
9,32,peak,15.115282430361354,0,0,0,3,NN,4
9,33,of,5.986146708647226,0,0,0,4,IN,2
9,34,tulip,37.866556576733785,0,0,0,5,NN,5
9,35,mania,24.24421596538532,0,0,0,6,NN,5
9,36,in,6.713150865180346,0,0,0,7,IN,2
9,37,February,14.524226380677927,0,0,0,8,NNP,8
9,38,sixteen,17.922756333677043,0,0,0,9,NN,7
9,39,"thirty-seven,",45.35194833154321,0,0,1,10,"NN_,",13
9,40,tulip,37.866556576733785,0,0,0,11,NN,5
9,41,contracts,16.398952048226768,0,0,0,12,NNS,9
9,42,sold,15.060594792778687,0,0,0,13,VBD,4
9,43,for,7.693494297163422,0,0,0,14,IN,3
9,44,more,10.075051597559401,0,0,0,15,JJR,4
9,45,than,10.500242777420443,0,0,0,16,IN,4
9,46,ten,14.081101244080443,0,0,0,17,CD,3
9,47,times,12.785185829760003,0,0,0,18,NNS,5
9,48,the,5.17205129965733,0,0,0,19,DT,3
9,49,annual,15.397187335638293,0,0,0,20,JJ,6
9,50,income,14.894620343577309,0,0,0,21,NN,6
9,51,of,5.986146708647226,0,0,0,22,IN,2
9,52,a,6.556670229096891,0,0,0,23,DT,1
9,53,skilled,17.19242863460134,0,0,0,24,JJ,7
9,54,craftsman.,36.71131392905122,0,1,1,25,NN_.,10
9,55,It,10.702508639150992,1,0,0,1,PRP,2
9,56,is,7.347528720939248,0,0,0,2,VBZ,2
9,57,generally,13.964858391554092,0,0,0,3,RB,9
9,58,considered,13.333054256779828,0,0,0,4,VBN,10
9,59,the,5.17205129965733,0,0,0,5,DT,3
9,60,first,10.758819109157542,0,0,0,6,JJ,5
9,61,recorded,14.830044331541515,0,0,0,7,JJ,8
9,62,economic,14.504438671976128,0,0,0,8,JJ,8
9,63,bubble.,22.22400165027842,0,1,1,9,NN_.,7
9,64,The,8.824079763818386,1,0,0,1,DT,3
9,65,"tulip,",42.882925254665395,0,0,1,2,"NN_,",6
9,66,introduced,14.73877508461834,0,0,0,3,VBN,10
9,67,to,6.280557174231113,0,0,0,4,TO,2
9,68,Europe,14.538716386904746,0,0,0,5,NNP,6
9,69,in,6.713150865180346,0,0,0,6,IN,2
9,70,the,5.17205129965733,0,0,0,7,DT,3
9,71,mid,14.59182473159714,0,0,0,8,JJ,3
9,72,sixteenth,31.08826390283972,0,0,0,9,NN,9
9,73,century,14.636144968101377,0,0,0,10,NN,7
9,74,from,8.815789051907856,0,0,0,11,IN,4
9,75,the,5.17205129965733,0,0,0,12,DT,3
9,76,Ottoman,18.675623725456965,0,0,0,13,NNP,7
9,77,"Empire,",21.64978051870494,0,0,1,14,"NNP_,",7
9,78,became,13.729972111557817,0,0,0,15,VBD,6
9,79,very,11.453179973007163,0,0,0,16,RB,4
9,80,popular,14.555995795507833,0,0,0,17,JJ,7
9,81,in,6.713150865180346,0,0,0,18,IN,2
9,82,the,5.17205129965733,0,0,0,19,DT,3
9,83,United,12.756609849339224,0,0,0,20,NNP,6
9,84,"Provinces,",50.873075626742846,0,0,1,21,"NNP_,",10
9,85,which,9.57515612507219,0,0,0,22,WDT,5
9,86,we,9.393249661109394,0,0,0,23,PRP,2
9,87,now,11.365912160007252,0,0,0,24,RB,3
9,88,know,11.320155189932528,0,0,0,25,VBP,4
9,89,as,8.340623672004352,0,0,0,26,IN,2
9,90,the,5.17205129965733,0,0,0,27,DT,3
9,91,Netherlands.,21.869828009895723,0,1,1,28,NNPS_.,12
9,92,Tulip,31.980484787821066,1,0,0,1,JJ,5
9,93,cultivation,18.306046903464164,0,0,0,2,NN,11
9,94,in,6.713150865180346,0,0,0,3,IN,2
9,95,the,5.17205129965733,0,0,0,4,DT,3
9,96,United,12.756609849339224,0,0,0,5,NNP,6
9,97,Provinces,45.85670694881124,0,0,0,6,NNPS,9
9,98,is,7.347528720939248,0,0,0,7,VBZ,2
9,99,generally,13.964858391554092,0,0,0,8,RB,9
9,100,thought,12.816412505192044,0,0,0,9,VBN,7
9,101,to,6.280557174231113,0,0,0,10,TO,2
9,102,have,9.010965036933804,0,0,0,11,VB,4
9,103,started,13.507978806359791,0,0,0,12,VBN,7
9,104,in,6.713150865180346,0,0,0,13,IN,2
9,105,earnest,18.593946531300542,0,0,0,14,NN,7
9,106,around,12.085954958389781,0,0,0,15,IN,6
9,107,fifteen,16.823937704505074,0,0,0,16,NN,7
9,108,"ninety-three,",46.61833230600229,0,0,1,17,"NN_,",13
9,109,after,10.950222297746166,0,0,0,18,IN,5
9,110,the,5.17205129965733,0,0,0,19,DT,3
9,111,Flemish,40.01794622273495,0,0,0,20,JJ,7
9,112,botanist,31.65556333932994,0,0,0,21,NN,8
9,113,Charles,15.565552846579315,0,0,0,22,NNP,7
9,114,de,10.839538366544986,0,0,0,23,NNP,2
9,115,l'Ecluse,61.006757935679005,0,0,0,24,NN,8
9,116,had,9.816722327264898,0,0,0,25,VBD,3
9,117,taken,13.246684899227446,0,0,0,26,VBN,5
9,118,up,10.382393736990075,0,0,0,27,RP,2
9,119,a,6.556670229096891,0,0,0,28,DT,1
9,120,post,12.828540570146018,0,0,0,29,NN,4
9,121,at,8.781250634161243,0,0,0,30,IN,2
9,122,the,5.17205129965733,0,0,0,31,DT,3
9,123,University,13.1235746908429,0,0,0,32,NNP,10
9,124,of,5.986146708647226,0,0,0,33,IN,2
9,125,Leiden,30.24644826226322,0,0,0,34,NNP,6
9,126,and,6.2095491118355035,0,0,0,35,CC,3
9,127,established,14.173436996594376,0,0,0,36,VBN,11
9,128,a,6.556670229096891,0,0,0,37,DT,1
9,129,botanical,32.865835032591974,0,0,0,38,JJ,9
9,130,"garden,",21.01252380274179,0,0,1,39,"NN_,",7
9,131,which,9.57515612507219,0,0,0,40,WDT,5
9,132,is,7.347528720939248,0,0,0,41,VBZ,2
9,133,famous,15.590070604598765,0,0,0,42,JJ,6
9,134,as,8.340623672004352,0,0,0,43,IN,2
9,135,one,9.838114205706063,0,0,0,44,CD,3
9,136,of,5.986146708647226,0,0,0,45,IN,2
9,137,the,5.17205129965733,0,0,0,46,DT,3
9,138,oldest,17.096045564997773,0,0,0,47,JJS,6
9,139,in,6.713150865180346,0,0,0,48,IN,2
9,140,the,5.17205129965733,0,0,0,49,DT,3
9,141,world.,17.176456517612113,0,1,1,50,NN_.,6
9,142,"There,",17.477576528466283,1,0,1,1,"RB_,",6
9,143,he,9.438290970210815,0,0,0,2,PRP,2
9,144,planted,17.78155511371316,0,0,0,3,VBD,7
9,145,his,9.520696265560964,0,0,0,4,PRP$,3
9,146,collection,14.42800688434233,0,0,0,5,NN,10
9,147,of,5.986146708647226,0,0,0,6,IN,2
9,148,tulip,37.866556576733785,0,0,0,7,NN,5
9,149,bulbs,19.19985612589523,0,0,0,8,NNS,5
9,150,that,7.5199882505590345,0,0,0,9,WDT,4
9,151,the,5.17205129965733,0,0,0,10,DT,3
9,152,Emperor's,26.408940615661187,0,0,0,11,NN_POS,9
9,153,ambassador,18.08438288984484,0,0,0,12,NN,10
9,154,sent,13.90318498677361,0,0,0,13,VBD,4
9,155,to,6.280557174231113,0,0,0,14,TO,2
9,156,him,10.880211382537656,0,0,0,15,PRP,3
9,157,from,8.815789051907856,0,0,0,16,IN,4
9,158,"Turkey,",21.694410166368428,0,0,1,17,"NNP_,",7
9,159,which,9.57515612507219,0,0,0,18,WDT,5
9,160,were,9.396668283684079,0,0,0,19,VBD,4
9,161,able,12.794351640918677,0,0,0,20,JJ,4
9,162,to,6.280557174231113,0,0,0,21,TO,2
9,163,tolerate,18.415907086568403,0,0,0,22,VB,8
9,164,the,5.17205129965733,0,0,0,23,DT,3
9,165,harsher,40.0439640291778,0,0,0,24,JJR,7
9,166,conditions,13.130131098137138,0,0,0,25,NNS,10
9,167,of,5.986146708647226,0,0,0,26,IN,2
9,168,the,5.17205129965733,0,0,0,27,DT,3
9,169,northern,16.1298679762059,0,0,0,28,JJ,8
9,170,climate.,20.266160406723802,0,1,1,29,NN_.,8
9,171,It,10.702508639150992,1,0,0,1,PRP,2
9,172,was,8.24568223794633,0,0,0,2,VBD,3
9,173,shortly,16.548706072627294,0,0,0,3,RB,7
9,174,thereafter,17.06870807900811,0,0,0,4,RB,10
9,175,that,7.5199882505590345,0,0,0,5,IN,4
9,176,the,5.17205129965733,0,0,0,6,DT,3
9,177,tulips,40.07150207553695,0,0,0,7,NNS,6
9,178,began,13.744818247057847,0,0,0,8,VBD,5
9,179,to,6.280557174231113,0,0,0,9,TO,2
9,180,grow,15.037993310576283,0,0,0,10,VB,4
9,181,in,6.713150865180346,0,0,0,11,IN,2
9,182,popularity.,22.1218944643192,0,1,1,12,NN_.,11
9,183,The,8.824079763818386,1,0,0,1,DT,3
9,184,flower,17.100386876297037,0,0,0,2,NN,6
9,185,rapidly,15.67564846786659,0,0,0,3,RB,7
9,186,became,13.729972111557817,0,0,0,4,VBD,6
9,187,a,6.556670229096891,0,0,0,5,DT,1
9,188,coveted,35.67505284821199,0,0,0,6,JJ,7
9,189,luxury,17.292254899138392,0,0,0,7,NN,6
9,190,item,14.691764620236771,0,0,0,8,NN,4
9,191,and,6.2095491118355035,0,0,0,9,CC,3
9,192,a,6.556670229096891,0,0,0,10,DT,1
9,193,status,13.934586817080422,0,0,0,11,NN,6
9,194,"symbol,",20.76771294128934,0,0,1,12,"NN_,",7
9,195,and,6.2095491118355035,0,0,0,13,CC,3
9,196,a,6.556670229096891,0,0,0,14,DT,1
9,197,profusion,32.58636689771556,0,0,0,15,NN,9
9,198,of,5.986146708647226,0,0,0,16,IN,2
9,199,varieties,17.262233647195856,0,0,0,17,NNS,9
9,200,followed.,18.716155678086015,0,1,1,18,VBD_.,9
9,201,They,12.247424622708692,1,0,0,1,PRP,4
9,202,were,9.396668283684079,0,0,0,2,VBD,4
9,203,classified,16.00140888198784,0,0,0,3,VBN,10
9,204,in,6.713150865180346,0,0,0,4,IN,2
9,205,groups:,20.845902106471573,0,0,1,5,NNS_:,7
9,206,one-colored,34.79658008940541,0,0,0,6,JJ,11
9,207,tulips,40.07150207553695,0,0,0,7,NNS,6
9,208,of,5.986146708647226,0,0,0,8,IN,2
9,209,"red,",18.644920706377338,0,0,1,9,"JJ_,",4
9,210,"yellow,",20.679118839675628,0,0,1,10,"JJ_,",7
9,211,or,8.922107338283002,0,0,0,11,CC,2
9,212,white,13.584652027292123,0,0,0,12,JJ,5
9,213,were,9.396668283684079,0,0,0,13,VBD,4
9,214,known,12.624967287282402,0,0,0,14,VBN,5
9,215,as,8.340623672004352,0,0,0,15,IN,2
9,216,"Couleren,",49.004602203672064,0,0,1,16,"NNP_,",9
9,217,but,9.64272076435627,0,0,0,17,CC,3
9,218,it,8.375693258728493,0,0,0,18,PRP,2
9,219,was,8.24568223794633,0,0,0,19,VBD,3
9,220,the,5.17205129965733,0,0,0,20,DT,3
9,221,multicolored,48.739429016718134,0,0,0,21,JJ,12
9,222,Rosen,17.70096507024882,0,0,0,22,NNP,5
9,223,(red,21.275240002868127,0,0,1,23,-LRB-_JJ,4
9,224,or,8.922107338283002,0,0,0,24,CC,2
9,225,pink,16.73077813279627,0,0,0,25,JJ,4
9,226,on,8.232105999162414,0,0,0,26,IN,2
9,227,white,13.584652027292123,0,0,0,27,JJ,5
9,228,"background),",24.647356789226944,0,0,1,28,"NN_-RRB-_,",12
9,229,Violetten,34.286571059129805,0,0,0,29,NNP,9
9,230,(purple,40.181491457485016,0,0,1,30,-LRB-_JJ,7
9,231,or,8.922107338283002,0,0,0,31,CC,2
9,232,lilac,37.02671718663688,0,0,0,32,JJ,5
9,233,on,8.232105999162414,0,0,0,33,IN,2
9,234,white,13.584652027292123,0,0,0,34,JJ,5
9,235,"background),",24.647356789226944,0,0,1,35,"NN_-RRB-_,",12
9,236,"and,",11.225917789767117,0,0,1,36,"CC_,",4
9,237,to,6.280557174231113,0,0,0,37,TO,2
9,238,a,6.556670229096891,0,0,0,38,DT,1
9,239,lesser,16.976528671459747,0,0,0,39,JJR,6
9,240,"extent,",19.901784748827293,0,0,1,40,"NN_,",7
9,241,the,5.17205129965733,0,0,0,41,DT,3
9,242,Bizarden,41.94341914622416,0,0,0,42,NNP,8
9,243,"(red,",26.29160868079974,0,0,1,43,"-LRB-_JJ_,",5
9,244,brown,15.615827723268424,0,0,0,44,JJ,5
9,245,or,8.922107338283002,0,0,0,45,CC,2
9,246,purple,17.315093444605342,0,0,0,46,JJ,6
9,247,on,8.232105999162414,0,0,0,47,IN,2
9,248,yellow,15.662750161744015,0,0,0,48,JJ,6
9,249,background),22.157868905676104,0,0,1,49,NN_-RRB-,11
9,250,that,7.5199882505590345,0,0,0,50,WDT,4
9,251,were,9.396668283684079,0,0,0,51,VBD,4
9,252,the,5.17205129965733,0,0,0,52,DT,3
9,253,most,11.270487941956638,0,0,0,53,RBS,4
9,254,popular.,19.45274359948854,0,1,1,54,JJ_.,8
9,255,These,12.780806113361848,1,0,0,1,DT,5
9,256,spectacular,17.702375875704732,0,0,0,2,JJ,11
9,257,and,6.2095491118355035,0,0,0,3,CC,3
9,258,highly,14.110053146190374,0,0,0,4,RB,6
9,259,sought-after,37.583636563977294,0,0,0,5,JJ,12
9,260,tulip,37.866556576733785,0,0,0,6,NN,5
9,261,bulbs,19.19985612589523,0,0,0,7,NNS,5
9,262,would,10.257280448841584,0,0,0,8,MD,5
9,263,grow,15.037993310576283,0,0,0,9,VB,4
9,264,flowers,16.366132780546334,0,0,0,10,NNS,7
9,265,with,8.014664635242958,0,0,0,11,IN,4
9,266,vivid,17.927419577149273,0,0,0,12,JJ,5
9,267,"colors,",20.90106435379973,0,0,1,13,"NNS_,",7
9,268,"lines,",18.575589986094432,0,0,1,14,"NNS_,",6
9,269,and,6.2095491118355035,0,0,0,15,CC,3
9,270,flames,17.966829807609432,0,0,0,16,NNS,6
9,271,on,8.232105999162414,0,0,0,17,IN,2
9,272,the,5.17205129965733,0,0,0,18,DT,3
9,273,"petals,",34.18600816355239,0,0,1,19,"NNS_,",7
9,274,as,8.340623672004352,0,0,0,20,IN,2
9,275,a,6.556670229096891,0,0,0,21,DT,1
9,276,"result,",17.514997985694855,0,0,1,22,"NN_,",7
9,277,it,8.375693258728493,0,0,0,23,PRP,2
9,278,is,7.347528720939248,0,0,0,24,VBZ,2
9,279,now,11.365912160007252,0,0,0,25,RB,3
9,280,"understood,",20.240988703918696,0,0,1,26,"VBN_,",11
9,281,of,5.986146708647226,0,0,0,27,IN,2
9,282,being,11.57268805989128,0,0,0,28,VBG,5
9,283,infected,15.847499336509198,0,0,0,29,VBN,8
9,284,with,8.014664635242958,0,0,0,30,IN,4
9,285,tulip-specific,59.36539797716016,0,0,0,31,JJ,14
9,286,virus,15.058200026782991,0,0,0,32,NN,5
9,287,known,12.624967287282402,0,0,0,33,VBN,5
9,288,as,8.340623672004352,0,0,0,34,IN,2
9,289,the,5.17205129965733,0,0,0,35,DT,3
9,290,'Tulip,47.57295697408146,0,0,1,36,``_JJ,6
9,291,breaking,15.930467913547535,0,0,0,37,JJ,8
9,292,virus'.,29.898979993911432,0,1,1,38,NN_''_.,7
9,293,The,8.824079763818386,1,0,0,1,DT,3
9,294,Dutch,16.64254980111652,0,0,0,2,JJ,5
9,295,Golden,16.908465111595856,0,0,0,3,NNP,6
9,296,Age,16.58528783027843,0,0,0,4,NNP,3
9,297,growers,26.735780538315623,0,0,0,5,NNS,7
9,298,named,14.44678991980691,0,0,0,6,VBD,5
9,299,their,10.026103707581193,0,0,0,7,PRP$,5
9,300,new,10.885939281688206,0,0,0,8,JJ,3
9,301,varieties,17.262233647195856,0,0,0,9,NNS,9
9,302,with,8.014664635242958,0,0,0,10,IN,4
9,303,exalted,32.91741541791565,0,0,0,11,JJ,7
9,304,titles.,21.5867075236298,0,1,1,12,NNS_.,7
9,305,Many,15.12571063007828,1,0,0,1,JJ,4
9,306,early,13.049688080609997,0,0,0,2,JJ,5
9,307,forms,14.460990010905185,0,0,0,3,NNS,5
9,308,were,9.396668283684079,0,0,0,4,VBD,4
9,309,prefixed,30.373072684920515,0,0,0,5,VBN,8
9,310,with,8.014664635242958,0,0,0,6,IN,4
9,311,"'admiral',",59.24824998733456,0,0,1,7,"``_NN_''_,",10
9,312,often,12.895166627859947,0,0,0,8,RB,5
9,313,combined,14.761370675831508,0,0,0,9,VBN,8
9,314,with,8.014664635242958,0,0,0,10,IN,4
9,315,the,5.17205129965733,0,0,0,11,DT,3
9,316,growers',36.741091758256985,0,0,0,12,NNS_POS,8
9,317,names.,19.535410734274155,0,1,1,13,NNS_.,6
9,318,'General',37.116027543901836,1,0,1,1,``_NNP_'',9
9,319,was,8.24568223794633,0,0,0,2,VBD,3
9,320,another,12.151965346508835,0,0,0,3,DT,7
9,321,prefix,17.270220545592796,0,0,0,4,NN,6
9,322,that,7.5199882505590345,0,0,0,5,WDT,4
9,323,found,11.688143035430375,0,0,0,6,VBD,5
9,324,its,10.588677784406197,0,0,0,7,PRP$,3
9,325,way,11.3685276337403,0,0,0,8,NN,3
9,326,into,10.48069811501334,0,0,0,9,IN,4
9,327,the,5.17205129965733,0,0,0,10,DT,3
9,328,names,14.63866293029345,0,0,0,11,NNS,5
9,329,of,5.986146708647226,0,0,0,12,IN,2
9,330,around,12.085954958389781,0,0,0,13,IN,6
9,331,thirty,15.991449485406946,0,0,0,14,CD,6
9,332,varieties.,22.15898145117656,0,1,1,15,NNS_.,10
9,333,Later,16.812565485780777,1,0,0,1,RB,5
9,334,came,12.886598870789097,0,0,0,2,VBD,4
9,335,varieties,17.262233647195856,0,0,0,3,NNS,9
9,336,with,8.014664635242958,0,0,0,4,IN,4
9,337,even,11.440265863958214,0,0,0,5,RB,4
9,338,more,10.075051597559401,0,0,0,6,RBR,4
9,339,superb,18.29208936545278,0,0,0,7,JJ,6
9,340,"names,",19.655031608225062,0,0,1,8,"NNS_,",6
9,341,such,10.802507576654243,0,0,0,9,JJ,4
9,342,as,8.340623672004352,0,0,0,10,IN,2
9,343,even,11.440265863958214,0,0,0,11,RB,4
9,344,'Admiral,53.435936877494434,0,0,1,12,``_NN,8
9,345,of,5.986146708647226,0,0,0,13,IN,2
9,346,Admirals',55.636744409128866,0,0,1,14,NN_'',9
9,347,and,6.2095491118355035,0,0,0,15,CC,3
9,348,'General,27.110716323960474,0,0,1,16,``_NNP,8
9,349,of,5.986146708647226,0,0,0,17,IN,2
9,350,Generals'.,46.38101198053507,0,1,1,18,NNP_''_.,10
9,351,Most,14.7610269843661,1,0,0,1,JJS,4
9,352,of,5.986146708647226,0,0,0,2,IN,2
9,353,these,10.85037442666533,0,0,0,3,DT,5
9,354,varieties,17.262233647195856,0,0,0,4,NNS,9
9,355,have,9.010965036933804,0,0,0,5,VBP,4
9,356,now,11.365912160007252,0,0,0,6,RB,3
9,357,died,14.471057034047703,0,0,0,7,VBN,4
9,358,"out,",15.265249413681502,0,0,1,8,"RP_,",4
9,359,though,12.843604331043483,0,0,0,9,IN,6
9,360,similar,12.923937430533421,0,0,0,10,JJ,7
9,361,'broken',39.00255361172694,0,0,1,11,``_JJ_'',8
9,362,tulips,40.07150207553695,0,0,0,12,NNS,6
9,363,continue,14.144697447273312,0,0,0,13,VBP,8
9,364,in,6.713150865180346,0,0,0,14,IN,2
9,365,the,5.17205129965733,0,0,0,15,DT,3
9,366,trade.,19.5730566010784,0,1,1,16,NN_.,6
9,367,Tulips,34.185430286624225,1,0,0,1,NNS,6
9,368,grow,15.037993310576283,0,0,0,2,VBP,4
9,369,from,8.815789051907856,0,0,0,3,IN,4
9,370,"bulbs,",24.216224803826844,0,0,1,4,"NNS_,",6
9,371,and,6.2095491118355035,0,0,0,5,CC,3
9,372,can,9.501706077262956,0,0,0,6,MD,3
9,373,be,8.447345415772759,0,0,0,7,VB,2
9,374,propagated,19.363065043986516,0,0,0,8,VBN,10
9,375,through,11.340957503730838,0,0,0,9,IN,7
9,376,both,11.500506718058375,0,0,0,10,CC,4
9,377,seeds,16.418596167085877,0,0,0,11,NNS,5
9,378,and,6.2095491118355035,0,0,0,12,CC,3
9,379,buds.,23.990441257805774,0,1,1,13,NNS_.,5
9,380,Seeds,30.431200509203254,1,0,0,1,NNS,5
9,381,from,8.815789051907856,0,0,0,2,IN,4
9,382,a,6.556670229096891,0,0,0,3,DT,1
9,383,tulip,37.866556576733785,0,0,0,4,NN,5
9,384,will,9.884653019348672,0,0,0,5,MD,4
9,385,form,12.361773588230022,0,0,0,6,VB,4
9,386,a,6.556670229096891,0,0,0,7,DT,1
9,387,flowering,18.777185182220517,0,0,0,8,JJ,9
9,388,bulb,18.38054310573999,0,0,0,9,NN,4
9,389,after,10.950222297746166,0,0,0,10,IN,5
9,390,seven-twelve,56.53655000119761,0,0,0,11,JJ,12
9,391,years.,16.41026546877383,0,1,1,12,NNS_.,6
9,392,When,12.864300091874131,1,0,0,1,WRB,4
9,393,a,6.556670229096891,0,0,0,2,DT,1
9,394,bulb,18.38054310573999,0,0,0,3,NN,4
9,395,grows,17.07376787757832,0,0,0,4,VBZ,5
9,396,into,10.48069811501334,0,0,0,5,IN,4
9,397,the,5.17205129965733,0,0,0,6,DT,3
9,398,"flower,",22.11675555422865,0,0,1,7,"NN_,",7
9,399,the,5.17205129965733,0,0,0,8,DT,3
9,400,original,13.625266739182177,0,0,0,9,JJ,8
9,401,bulb,18.38054310573999,0,0,0,10,NN,4
9,402,will,9.884653019348672,0,0,0,11,MD,4
9,403,"disappear,",22.454807622982248,0,0,1,12,"VB_,",10
9,404,but,9.64272076435627,0,0,0,13,CC,3
9,405,a,6.556670229096891,0,0,0,14,DT,1
9,406,clone,17.320647206874284,0,0,0,15,NN,5
9,407,bulb,18.38054310573999,0,0,0,16,NN,4
9,408,forms,14.460990010905185,0,0,0,17,VBZ,5
9,409,in,6.713150865180346,0,0,0,18,IN,2
9,410,its,10.588677784406197,0,0,0,19,PRP$,3
9,411,"place,",17.41931995343559,0,0,1,20,"NN_,",6
9,412,as,8.340623672004352,0,0,0,21,IN,2
9,413,do,10.414961517463322,0,0,0,22,VBP,2
9,414,several,12.76407443131371,0,0,0,23,JJ,7
9,415,buds.,23.990441257805774,0,1,1,24,NNS_.,5
9,416,Properly,39.64865717833047,1,0,0,1,RB,8
9,417,"cultivated,",23.2741370472962,0,0,1,2,"JJ_,",11
9,418,these,10.85037442666533,0,0,0,3,DT,5
9,419,buds,19.093693453825068,0,0,0,4,NNS,4
9,420,will,9.884653019348672,0,0,0,5,MD,4
9,421,become,13.110014771270581,0,0,0,6,VB,6
9,422,bulbs,19.19985612589523,0,0,0,7,NNS,5
9,423,of,5.986146708647226,0,0,0,8,IN,2
9,424,their,10.026103707581193,0,0,0,9,PRP$,5
9,425,own.,16.989125133118122,0,1,1,10,JJ_.,4
9,426,The,8.824079763818386,1,0,0,1,DT,3
9,427,'tulip,46.5619984209304,0,0,1,2,``_NN,6
9,428,breaking',25.935779133488893,0,0,1,3,NN_'',9
9,429,"virus,",20.074568704714604,0,0,1,4,"NN_,",6
9,430,which,9.57515612507219,0,0,0,5,WDT,5
9,431,many,11.555553853436457,0,0,0,6,JJ,4
9,432,botanists,32.96180504576188,0,0,0,7,NNS,9
9,433,have,9.010965036933804,0,0,0,8,VBP,4
9,434,"studied,",19.661619433818444,0,0,1,9,"VBN_,",8
9,435,spreads,18.733992675459973,0,0,0,10,VBZ,7
9,436,only,10.623289958781577,0,0,0,11,RB,4
9,437,through,11.340957503730838,0,0,0,12,IN,7
9,438,"buds,",24.11006213175668,0,0,1,13,"NNS_,",5
9,439,not,8.917353115369856,0,0,0,14,RB,3
9,440,"seeds,",21.43496484501749,0,0,1,15,"NNS_,",6
9,441,and,6.2095491118355035,0,0,0,16,CC,3
9,442,so,10.292139907252675,0,0,0,17,IN,2
9,443,cultivating,31.362093208490254,0,0,0,18,VBG,11
9,444,the,5.17205129965733,0,0,0,19,DT,3
9,445,most,11.270487941956638,0,0,0,20,RBS,4
9,446,appealing,17.733524319676665,0,0,0,21,JJ,9
9,447,varieties,17.262233647195856,0,0,0,22,NNS,9
9,448,takes,14.02305155433654,0,0,0,23,VBZ,5
9,449,years.,16.41026546877383,0,1,1,24,NNS_.,6
9,450,Propagation,42.93596542027106,1,0,0,1,NN,11
9,451,is,7.347528720939248,0,0,0,2,VBZ,2
9,452,greatly,15.942782923336448,0,0,0,3,RB,7
9,453,slowed,18.187795370449496,0,0,0,4,VBN,6
9,454,down,11.728947275254644,0,0,0,5,RP,4
9,455,by,8.57862391074893,0,0,0,6,IN,2
9,456,the,5.17205129965733,0,0,0,7,DT,3
9,457,virus.,19.954947830763697,0,1,1,8,NN_.,6
9,458,Tulips,34.185430286624225,1,0,0,1,NNS,6
9,459,bloom,18.395106228882877,0,0,0,2,VBP,5
9,460,in,6.713150865180346,0,0,0,3,IN,2
9,461,April,14.162929708713335,0,0,0,4,NNP,5
9,462,and,6.2095491118355035,0,0,0,5,CC,3
9,463,May,13.68877662147326,0,0,0,6,NNP,3
9,464,for,7.693494297163422,0,0,0,7,IN,3
9,465,about,10.294135891377458,0,0,0,8,RB,5
9,466,a,6.556670229096891,0,0,0,9,DT,1
9,467,"week,",18.22862662338473,0,0,1,10,"NN_,",5
9,468,and,6.2095491118355035,0,0,0,11,CC,3
9,469,the,5.17205129965733,0,0,0,12,DT,3
9,470,secondary,15.036893497673947,0,0,0,13,JJ,9
9,471,buds,19.093693453825068,0,0,0,14,NNS,4
9,472,appear,14.303337015195208,0,0,0,15,VBP,6
9,473,shortly,16.548706072627294,0,0,0,16,RB,7
9,474,thereafter.,21.965455882988817,0,1,1,17,RB_.,11
9,475,Bulbs,32.23394039643411,1,0,0,1,NNS,5
9,476,can,9.501706077262956,0,0,0,2,MD,3
9,477,be,8.447345415772759,0,0,0,3,VB,2
9,478,uprooted,40.01652883394884,0,0,0,4,JJ,8
9,479,and,6.2095491118355035,0,0,0,5,CC,3
9,480,moved,14.226927119950897,0,0,0,6,VBD,5
9,481,about,10.294135891377458,0,0,0,7,RP,5
9,482,from,8.815789051907856,0,0,0,8,IN,4
9,483,June,14.070463682465473,0,0,0,9,NNP,4
9,484,to,6.280557174231113,0,0,0,10,TO,2
9,485,"September,",19.27224667604554,0,0,1,11,"NNP_,",10
9,486,and,6.2095491118355035,0,0,0,12,CC,3
9,487,thus,13.48607551686209,0,0,0,13,RB,4
9,488,actual,14.328935891804651,0,0,0,14,JJ,6
9,489,purchases,17.610475112187604,0,0,0,15,NNS,9
9,490,occurred,14.80577385847526,0,0,0,16,VBD,8
9,491,during,11.83767419185748,0,0,0,17,IN,6
9,492,these,10.85037442666533,0,0,0,18,DT,5
9,493,months.,18.10954420958439,0,1,1,19,NNS_.,7
9,494,As,12.126470773808851,1,0,0,1,IN,2
9,495,the,5.17205129965733,0,0,0,2,DT,3
9,496,flowers,16.366132780546334,0,0,0,3,NNS,7
9,497,grew,15.646230068993056,0,0,0,4,VBD,4
9,498,in,6.713150865180346,0,0,0,5,IN,2
9,499,"popularity,",22.24151533827011,0,0,1,6,"NN_,",11
9,500,professional,14.7328805786378,0,0,0,7,JJ,12
9,501,growers,26.735780538315623,0,0,0,8,NNS,7
9,502,paid,14.526233748809702,0,0,0,9,VBD,4
9,503,higher,12.85515990755328,0,0,0,10,JJR,6
9,504,and,6.2095491118355035,0,0,0,11,CC,3
9,505,higher,12.85515990755328,0,0,0,12,JJR,6
9,506,prices,15.41101941943688,0,0,0,13,NNS,6
9,507,for,7.693494297163422,0,0,0,14,IN,3
9,508,bulbs,19.19985612589523,0,0,0,15,NNS,5
9,509,with,8.014664635242958,0,0,0,16,IN,4
9,510,the,5.17205129965733,0,0,0,17,DT,3
9,511,virus.,19.954947830763697,0,1,1,18,NN_.,6
9,512,By,13.631736262578634,1,0,0,1,IN,2
9,513,sixteen,17.922756333677043,0,0,0,2,NN,7
9,514,"thirty-four,",44.15798922355829,0,0,1,3,"NN_,",12
9,515,in,6.713150865180346,0,0,0,4,IN,2
9,516,part,11.872891907978971,0,0,0,5,NN,4
9,517,as,8.340623672004352,0,0,0,6,IN,2
9,518,a,6.556670229096891,0,0,0,7,DT,1
9,519,result,12.498629307763242,0,0,0,8,NN,6
9,520,of,5.986146708647226,0,0,0,9,IN,2
9,521,demand,14.99705425059486,0,0,0,10,NN,6
9,522,from,8.815789051907856,0,0,0,11,IN,4
9,523,the,5.17205129965733,0,0,0,12,DT,3
9,524,"French,",19.553237998539455,0,0,1,13,"NNP_,",7
9,525,speculators,34.8236279042726,0,0,0,14,NNS,11
9,526,began,13.744818247057847,0,0,0,15,VBD,5
9,527,to,6.280557174231113,0,0,0,16,TO,2
9,528,enter,14.849192959150557,0,0,0,17,VB,5
9,529,the,5.17205129965733,0,0,0,18,DT,3
9,530,market.,18.662675947842633,0,1,1,19,NN_.,7
9,531,In,10.361524289609886,1,0,0,1,IN,2
9,532,sixteen,17.922756333677043,0,0,0,2,NN,7
9,533,"thirty-six,",44.6670489956428,0,0,1,3,"NN_,",11
9,534,the,5.17205129965733,0,0,0,4,DT,3
9,535,Dutch,16.64254980111652,0,0,0,5,NNPS,5
9,536,created,13.820248675217137,0,0,0,6,VBD,7
9,537,a,6.556670229096891,0,0,0,7,DT,1
9,538,type,12.221627006787617,0,0,0,8,NN,4
9,539,of,5.986146708647226,0,0,0,9,IN,2
9,540,formal,15.704611711382814,0,0,0,10,JJ,6
9,541,futures,18.728811764767617,0,0,0,11,NNS,7
9,542,"markets,",20.935104919274185,0,0,1,12,"NNS_,",8
9,543,which,9.57515612507219,0,0,0,13,WDT,5
9,544,merchants,18.340209137122734,0,0,0,14,NNS,9
9,545,used,11.055458890009728,0,0,0,15,VBD,4
9,546,to,6.280557174231113,0,0,0,16,TO,2
9,547,sell,15.16719902598971,0,0,0,17,VB,4
9,548,and,6.2095491118355035,0,0,0,18,CC,3
9,549,buy,14.578201082702808,0,0,0,19,VB,3
9,550,contracts,16.398952048226768,0,0,0,20,NNS,9
9,551,to,6.280557174231113,0,0,0,21,TO,2
9,552,buy,14.578201082702808,0,0,0,22,VB,3
9,553,bulbs,19.19985612589523,0,0,0,23,NNS,5
9,554,at,8.781250634161243,0,0,0,24,IN,2
9,555,the,5.17205129965733,0,0,0,25,DT,3
9,556,end,12.009873466440204,0,0,0,26,NN,3
9,557,of,5.986146708647226,0,0,0,27,IN,2
9,558,the,5.17205129965733,0,0,0,28,DT,3
9,559,season.,18.462847820977817,0,1,1,29,NN_.,7
9,560,Traders,32.295486905264475,1,0,0,1,NNS,7
9,561,met,13.723435469420345,0,0,0,2,VBD,3
9,562,at,8.781250634161243,0,0,0,3,IN,2
9,563,taverns,42.63406549328883,0,0,0,4,NNS,7
9,564,and,6.2095491118355035,0,0,0,5,CC,3
9,565,buyers,17.651834507492968,0,0,0,6,NNS,6
9,566,were,9.396668283684079,0,0,0,7,VBD,4
9,567,required,13.075603477840968,0,0,0,8,VBN,8
9,568,to,6.280557174231113,0,0,0,9,TO,2
9,569,pay,13.634247628081408,0,0,0,10,VB,3
9,570,a,6.556670229096891,0,0,0,11,DT,1
9,571,fee,15.871382608966655,0,0,0,12,NN,3
9,572,per,12.305759236464663,0,0,0,13,IN,3
9,573,trade.,19.5730566010784,0,1,1,14,NN_.,6
9,574,People,15.037046640811681,1,0,0,1,NNS,6
9,575,were,9.396668283684079,0,0,0,2,VBD,4
9,576,purchasing,17.501950780045814,0,0,0,3,VBG,10
9,577,bulbs,19.19985612589523,0,0,0,4,NNS,5
9,578,at,8.781250634161243,0,0,0,5,IN,2
9,579,higher,12.85515990755328,0,0,0,6,JJR,6
9,580,and,6.2095491118355035,0,0,0,7,CC,3
9,581,higher,12.85515990755328,0,0,0,8,JJR,6
9,582,"prices,",20.427388097368492,0,0,1,9,"NNS_,",7
9,583,intending,19.449403595072102,0,0,0,10,VBG,9
9,584,to,6.280557174231113,0,0,0,11,TO,2
9,585,re-sell,37.89314689852575,0,0,0,12,VB,7
9,586,them,10.713072033397339,0,0,0,13,PRP,4
9,587,for,7.693494297163422,0,0,0,14,IN,3
9,588,a,6.556670229096891,0,0,0,15,DT,1
9,589,profit.,21.088275610742954,0,1,1,16,NN_.,7
9,590,"However,",17.446028317169958,1,0,1,1,"RB_,",8
9,591,such,10.802507576654243,0,0,0,2,PDT,4
9,592,a,6.556670229096891,0,0,0,3,DT,1
9,593,scheme,15.162685363280573,0,0,0,4,NN,6
9,594,could,10.893270167851,0,0,0,5,MD,5
9,595,not,8.917353115369856,0,0,0,6,RB,3
9,596,last,12.045017495502083,0,0,0,7,VB,4
9,597,unless,14.768003944166221,0,0,0,8,IN,6
9,598,someone,13.526671362993302,0,0,0,9,NN,7
9,599,was,8.24568223794633,0,0,0,10,VBD,3
9,600,ultimately,15.705649398558638,0,0,0,11,RB,10
9,601,willing,15.528543496740529,0,0,0,12,JJ,7
9,602,to,6.280557174231113,0,0,0,13,TO,2
9,603,pay,13.634247628081408,0,0,0,14,VB,3
9,604,such,10.802507576654243,0,0,0,15,JJ,4
9,605,high,11.744305671559701,0,0,0,16,JJ,4
9,606,prices,15.41101941943688,0,0,0,17,NNS,6
9,607,and,6.2095491118355035,0,0,0,18,CC,3
9,608,take,11.95328976765742,0,0,0,19,VB,4
9,609,possession,15.915168075055607,0,0,0,20,NN,10
9,610,of,5.986146708647226,0,0,0,21,IN,2
9,611,the,5.17205129965733,0,0,0,22,DT,3
9,612,bulbs.,24.096603929875936,0,1,1,23,NNS_.,6
9,613,In,10.361524289609886,1,0,0,1,IN,2
9,614,February,14.524226380677927,0,0,0,2,NNP,8
9,615,sixteen,17.922756333677043,0,0,0,3,NN,7
9,616,"thirty-seven,",45.35194833154321,0,0,1,4,"NN_,",13
9,617,tulip,37.866556576733785,0,0,0,5,NN,5
9,618,traders,18.25017815432627,0,0,0,6,NNS,7
9,619,could,10.893270167851,0,0,0,7,MD,5
9,620,no,10.387625509173944,0,0,0,8,RB,2
9,621,longer,13.698172152016731,0,0,0,9,RB,6
9,622,find,12.108061468940654,0,0,0,10,VB,4
9,623,new,10.885939281688206,0,0,0,11,JJ,3
9,624,buyers,17.651834507492968,0,0,0,12,NNS,6
9,625,willing,15.528543496740529,0,0,0,13,VBG,7
9,626,to,6.280557174231113,0,0,0,14,TO,2
9,627,pay,13.634247628081408,0,0,0,15,VB,3
9,628,increasingly,15.795323975343702,0,0,0,16,RB,12
9,629,inflated,19.057392396559848,0,0,0,17,JJ,8
9,630,prices,15.41101941943688,0,0,0,18,NNS,6
9,631,for,7.693494297163422,0,0,0,19,IN,3
9,632,their,10.026103707581193,0,0,0,20,PRP$,5
9,633,bulbs.,24.096603929875936,0,1,1,21,NNS_.,6
9,634,As,12.126470773808851,1,0,0,1,IN,2
9,635,this,8.876632627435416,0,0,0,2,DT,4
9,636,realization,17.707324587728504,0,0,0,3,NN,11
9,637,set,11.618154405351628,0,0,0,4,VBD,3
9,638,"in,",11.729519543111959,0,0,1,5,"RP_,",3
9,639,the,5.17205129965733,0,0,0,6,DT,3
9,640,demand,14.99705425059486,0,0,0,7,NN,6
9,641,for,7.693494297163422,0,0,0,8,IN,3
9,642,tulips,40.07150207553695,0,0,0,9,NNS,6
9,643,"collapsed,",22.633541442664825,0,0,1,10,"VBD_,",10
9,644,and,6.2095491118355035,0,0,0,11,CC,3
9,645,prices,15.41101941943688,0,0,0,12,NNS,6
9,646,plummeted.,49.422637075460685,0,1,1,13,VBD_.,10
9,647,The,8.824079763818386,1,0,0,1,DT,3
9,648,speculative,18.65717208181177,0,0,0,2,JJ,11
9,649,bubble,17.327253846297715,0,0,0,3,NN,6
9,650,burst.,21.591235410429668,0,1,1,4,VB_.,6
9,651,Some,14.126365286417489,1,0,0,1,DT,4
9,652,were,9.396668283684079,0,0,0,2,VBD,4
9,653,left,12.348388306494765,0,0,0,3,VBN,4
9,654,holding,14.809335321729215,0,0,0,4,VBG,7
9,655,contracts,16.398952048226768,0,0,0,5,NNS,9
9,656,to,6.280557174231113,0,0,0,6,TO,2
9,657,purchase,15.287152785872191,0,0,0,7,VB,8
9,658,tulips,40.07150207553695,0,0,0,8,NNS,6
9,659,at,8.781250634161243,0,0,0,9,IN,2
9,660,prices,15.41101941943688,0,0,0,10,NNS,6
9,661,now,11.365912160007252,0,0,0,11,RB,3
9,662,ten,14.081101244080443,0,0,0,12,CD,3
9,663,times,12.785185829760003,0,0,0,13,NNS,5
9,664,greater,13.886718636166808,0,0,0,14,JJR,7
9,665,than,10.500242777420443,0,0,0,15,IN,4
9,666,those,11.51721368888743,0,0,0,16,DT,5
9,667,on,8.232105999162414,0,0,0,17,IN,2
9,668,the,5.17205129965733,0,0,0,18,DT,3
9,669,open,12.847194353466698,0,0,0,19,JJ,4
9,670,"market,",18.78229682179354,0,0,1,20,"NN_,",7
9,671,while,11.735577870255007,0,0,0,21,IN,5
9,672,others,13.188261397251715,0,0,0,22,NNS,6
9,673,found,11.688143035430375,0,0,0,23,VBD,5
9,674,themselves,13.915551854074433,0,0,0,24,PRP,10
9,675,in,6.713150865180346,0,0,0,25,IN,2
9,676,possession,15.915168075055607,0,0,0,26,NN,10
9,677,of,5.986146708647226,0,0,0,27,IN,2
9,678,bulbs,19.19985612589523,0,0,0,28,NNS,5
9,679,now,11.365912160007252,0,0,0,29,RB,3
9,680,worth,14.602363519286804,0,0,0,30,IN,5
9,681,a,6.556670229096891,0,0,0,31,DT,1
9,682,fraction,15.369319829430772,0,0,0,32,NN,8
9,683,of,5.986146708647226,0,0,0,33,IN,2
9,684,the,5.17205129965733,0,0,0,34,DT,3
9,685,price,14.223371683333763,0,0,0,35,NN,5
9,686,they,9.911507183877728,0,0,0,36,PRP,4
9,687,had,9.816722327264898,0,0,0,37,VBD,3
9,688,paid.,19.422981552790407,0,1,1,38,VBN_.,5
9,689,The,8.824079763818386,1,0,0,1,DT,3
9,690,event,13.480820381325252,0,0,0,2,NN,5
9,691,was,8.24568223794633,0,0,0,3,VBD,3
9,692,popularized,27.6923301117932,0,0,0,4,VBN,11
9,693,in,6.713150865180346,0,0,0,5,IN,2
9,694,eighteen,17.918352945117615,0,0,0,6,CD,8
9,695,forty-one,36.267110690892586,0,0,0,7,CD,9
9,696,by,8.57862391074893,0,0,0,8,IN,2
9,697,the,5.17205129965733,0,0,0,9,DT,3
9,698,book,13.257606324625783,0,0,0,10,NN,4
9,699,'Extraordinary,47.73440399877225,0,0,1,11,``_JJ,14
9,700,Popular,18.73176466131449,0,0,0,12,JJ,7
9,701,Delusions,32.67844115040384,0,0,0,13,NNS,9
9,702,and,6.2095491118355035,0,0,0,14,CC,3
9,703,the,5.17205129965733,0,0,0,15,DT,3
9,704,Madness,29.498954287598078,0,0,0,16,NNP,7
9,705,of,5.986146708647226,0,0,0,17,IN,2
9,706,"Crowds',",44.20520137946578,0,0,1,18,"NNP_''_,",8
9,707,that,7.5199882505590345,0,0,0,19,WDT,4
9,708,a,6.556670229096891,0,0,0,20,DT,1
9,709,British,14.418579227119722,0,0,0,21,JJ,7
9,710,journalist,17.08875508602388,0,0,0,22,NN,10
9,711,Charles,15.565552846579315,0,0,0,23,NNP,7
9,712,Mackay,31.22820745461506,0,0,0,24,NNP,6
9,713,wrote.,19.04379865126746,0,1,1,25,VBD_.,6
9,714,That,12.803635355257288,1,0,0,1,IN,4
9,715,crowds,17.907122966377532,0,0,0,2,NNS,6
9,716,of,5.986146708647226,0,0,0,3,IN,2
9,717,people,11.171465651218966,0,0,0,4,NNS,6
9,718,often,12.895166627859947,0,0,0,5,RB,5
9,719,behave,17.5340363678003,0,0,0,6,VBP,6
9,720,irrationally,45.47953676728214,0,0,0,7,RB,12
9,721,was,8.24568223794633,0,0,0,8,VBD,3
9,722,the,5.17205129965733,0,0,0,9,DT,3
9,723,main,13.144014970746415,0,0,0,10,JJ,4
9,724,thesis,17.696759172532694,0,0,0,11,NN,6
9,725,of,5.986146708647226,0,0,0,12,IN,2
9,726,the,5.17205129965733,0,0,0,13,DT,3
9,727,"book,",18.273975002557396,0,0,1,14,"NN_,",5
9,728,and,6.2095491118355035,0,0,0,15,CC,3
9,729,tulip,37.866556576733785,0,0,0,16,NN,5
9,730,mania,24.24421596538532,0,0,0,17,NN,5
9,731,was,8.24568223794633,0,0,0,18,VBD,3
9,732,one,9.838114205706063,0,0,0,19,CD,3
9,733,of,5.986146708647226,0,0,0,20,IN,2
9,734,the,5.17205129965733,0,0,0,21,DT,3
9,735,primary,13.850609217485061,0,0,0,22,JJ,7
9,736,examples.,19.95772889018473,0,1,1,23,NNS_.,9
9,737,According,15.099935555555362,1,0,0,1,VBG,9
9,738,to,6.280557174231113,0,0,0,2,TO,2
9,739,"Mackay,",36.24457613254667,0,0,1,3,"NNP_,",7
9,740,at,8.781250634161243,0,0,0,4,IN,2
9,741,one,9.838114205706063,0,0,0,5,CD,3
9,742,point,12.254773694042107,0,0,0,6,NN,5
9,743,twelve,16.508077935092327,0,0,0,7,CD,6
9,744,acres,17.403895815118663,0,0,0,8,NNS,5
9,745,of,5.986146708647226,0,0,0,9,IN,2
9,746,land,13.883486507206918,0,0,0,10,NN,4
9,747,were,9.396668283684079,0,0,0,11,VBD,4
9,748,offered,14.821507996666583,0,0,0,12,VBN,7
9,749,for,7.693494297163422,0,0,0,13,IN,3
9,750,a,6.556670229096891,0,0,0,14,DT,1
9,751,Semper,30.398133624521474,0,0,0,15,FW,6
9,752,Augustus,19.5638761501667,0,0,0,16,FW,8
9,753,bulb.,23.277290909720694,0,1,1,17,NN_.,5
9,754,He,11.093002573340865,1,0,0,1,PRP,2
9,755,claims,14.001649233717224,0,0,0,2,VBZ,6
9,756,that,7.5199882505590345,0,0,0,3,IN,4
9,757,many,11.555553853436457,0,0,0,4,JJ,4
9,758,such,10.802507576654243,0,0,0,5,JJ,4
9,759,investors,16.41666629096846,0,0,0,6,NNS,9
9,760,ruined,18.146322059293226,0,0,0,7,VBN,6
9,761,by,8.57862391074893,0,0,0,8,IN,2
9,762,the,5.17205129965733,0,0,0,9,DT,3
9,763,fall,14.2864209669698,0,0,0,10,NN,4
9,764,in,6.713150865180346,0,0,0,11,IN,2
9,765,prices,15.41101941943688,0,0,0,12,NNS,6
9,766,were,9.396668283684079,0,0,0,13,VBD,4
9,767,"desperate,",22.237136957615274,0,0,1,14,"JJ_,",10
9,768,and,6.2095491118355035,0,0,0,15,CC,3
9,769,Dutch,16.64254980111652,0,0,0,16,JJ,5
9,770,commerce,17.407290735596824,0,0,0,17,NN,8
9,771,suffered,15.815677723721691,0,0,0,18,VBD,8
9,772,a,6.556670229096891,0,0,0,19,DT,1
9,773,severe,14.961033957439508,0,0,0,20,JJ,6
9,774,shock.,20.643299775554816,0,1,1,21,NN_.,6
9,775,In,10.361524289609886,1,0,0,1,IN,2
9,776,Mackay's,40.06114758809619,0,0,0,2,NNP_POS,8
9,777,"account,",18.70532292930904,0,0,1,3,"NN_,",8
9,778,the,5.17205129965733,0,0,0,4,DT,3
9,779,panicked,32.98304308944712,0,0,0,5,JJ,8
9,780,tulip,37.866556576733785,0,0,0,6,NN,5
9,781,speculators,34.8236279042726,0,0,0,7,NNS,11
9,782,sought,15.381465516329175,0,0,0,8,VBD,6
9,783,help,12.330208672487544,0,0,0,9,NN,4
9,784,from,8.815789051907856,0,0,0,10,IN,4
9,785,the,5.17205129965733,0,0,0,11,DT,3
9,786,government,12.95139138550162,0,0,0,12,NN,10
9,787,of,5.986146708647226,0,0,0,13,IN,2
9,788,the,5.17205129965733,0,0,0,14,DT,3
9,789,"Netherlands,",21.98944888384663,0,0,1,15,"NNPS_,",12
9,790,which,9.57515612507219,0,0,0,16,WDT,5
9,791,responded,16.093456049585797,0,0,0,17,VBD,9
9,792,by,8.57862391074893,0,0,0,18,IN,2
9,793,declaring,18.132881917968817,0,0,0,19,VBG,9
9,794,that,7.5199882505590345,0,0,0,20,IN,4
9,795,anyone,13.893835810539994,0,0,0,21,NN,6
9,796,who,10.440803113603465,0,0,0,22,WP,3
9,797,had,9.816722327264898,0,0,0,23,VBD,3
9,798,bought,15.592482814054613,0,0,0,24,VBN,6
9,799,contracts,16.398952048226768,0,0,0,25,NNS,9
9,800,to,6.280557174231113,0,0,0,26,TO,2
9,801,purchase,15.287152785872191,0,0,0,27,VB,8
9,802,bulbs,19.19985612589523,0,0,0,28,NNS,5
9,803,in,6.713150865180346,0,0,0,29,IN,2
9,804,the,5.17205129965733,0,0,0,30,DT,3
9,805,future,13.388423656128861,0,0,0,31,NN,6
9,806,could,10.893270167851,0,0,0,32,MD,5
9,807,void,13.709148480233818,0,0,0,33,VB,4
9,808,their,10.026103707581193,0,0,0,34,PRP$,5
9,809,contract,14.339338555977253,0,0,0,35,NN,8
9,810,by,8.57862391074893,0,0,0,36,IN,2
9,811,payment,15.418669575904453,0,0,0,37,NN,7
9,812,of,5.986146708647226,0,0,0,38,IN,2
9,813,a,6.556670229096891,0,0,0,39,DT,1
9,814,ten,14.081101244080443,0,0,0,40,CD,3
9,815,percent,13.720489693115567,0,0,0,41,NN,7
9,816,fee.,20.76813041294736,0,1,1,42,NN_.,4
9,817,Attempts,27.76900024477328,1,0,0,1,NNS,8
9,818,that,7.5199882505590345,0,0,0,2,WDT,4
9,819,were,9.396668283684079,0,0,0,3,VBD,4
9,820,made,11.587671548013727,0,0,0,4,VBN,4
9,821,to,6.280557174231113,0,0,0,5,TO,2
9,822,resolve,16.204220073526855,0,0,0,6,VB,7
9,823,the,5.17205129965733,0,0,0,7,DT,3
9,824,situation,14.110019710559456,0,0,0,8,NN,9
9,825,to,6.280557174231113,0,0,0,9,TO,2
9,826,the,5.17205129965733,0,0,0,10,DT,3
9,827,satisfaction,16.502848441208002,0,0,0,11,NN,12
9,828,of,5.986146708647226,0,0,0,12,IN,2
9,829,all,9.763833843216453,0,0,0,13,DT,3
9,830,parties,14.354774793895512,0,0,0,14,NNS,7
9,831,were,9.396668283684079,0,0,0,15,VBD,4
9,832,unsuccessful.,23.03207758763894,0,1,1,16,JJ_.,13
9,833,The,8.824079763818386,1,0,0,1,DT,3
9,834,mania,24.24421596538532,0,0,0,2,NN,5
9,835,finally,14.39205671036478,0,0,0,3,RB,7
9,836,"ended,",20.27762309815654,0,0,1,4,"VBD_,",6
9,837,Mackay,31.22820745461506,0,0,0,5,NNP,6
9,838,"says,",17.958142627425556,0,0,1,6,"VBZ_,",5
9,839,with,8.014664635242958,0,0,0,7,IN,4
9,840,individuals,14.20552095658709,0,0,0,8,NNS,11
9,841,stuck,16.066644874110455,0,0,0,9,VBN,5
9,842,with,8.014664635242958,0,0,0,10,IN,4
9,843,the,5.17205129965733,0,0,0,11,DT,3
9,844,bulbs,19.19985612589523,0,0,0,12,NNS,5
9,845,they,9.911507183877728,0,0,0,13,PRP,4
9,846,held,13.425451509726976,0,0,0,14,VBD,4
9,847,at,8.781250634161243,0,0,0,15,IN,2
9,848,the,5.17205129965733,0,0,0,16,DT,3
9,849,end,12.009873466440204,0,0,0,17,NN,3
9,850,of,5.986146708647226,0,0,0,18,IN,2
9,851,the,5.17205129965733,0,0,0,19,DT,3
9,852,crash.,21.360455045068733,0,1,1,20,NN_.,6
9,853,No,12.395263643124455,1,0,0,1,DT,2
9,854,court,12.010391434488028,0,0,0,2,NN,5
9,855,would,10.257280448841584,0,0,0,3,MD,5
9,856,enforce,17.200496770058614,0,0,0,4,VB,7
9,857,payment,15.418669575904453,0,0,0,5,NN,7
9,858,of,5.986146708647226,0,0,0,6,IN,2
9,859,a,6.556670229096891,0,0,0,7,DT,1
9,860,"contract,",19.355707233908866,0,0,1,8,"NN_,",9
9,861,since,12.243405733243922,0,0,0,9,IN,5
9,862,judges,16.89639382119046,0,0,0,10,NNS,6
9,863,regarded,16.32300224280185,0,0,0,11,VBD,8
9,864,the,5.17205129965733,0,0,0,12,DT,3
9,865,debts,18.017049373087524,0,0,0,13,NNS,5
9,866,as,8.340623672004352,0,0,0,14,IN,2
9,867,contracted,18.219200293195495,0,0,0,15,VBD,10
9,868,through,11.340957503730838,0,0,0,16,IN,7
9,869,"gambling,",22.906302562199635,0,0,1,17,"NN_,",9
9,870,and,6.2095491118355035,0,0,0,18,CC,3
9,871,thus,13.48607551686209,0,0,0,19,RB,4
9,872,not,8.917353115369856,0,0,0,20,RB,3
9,873,enforceable,19.45683724249526,0,0,0,21,JJ,11
9,874,by,8.57862391074893,0,0,0,22,IN,2
9,875,law.,17.71688894367343,0,1,1,23,NN_.,4
9,876,Although,14.20558915748689,1,0,0,1,IN,8
9,877,Mackay's,40.06114758809619,0,0,0,2,NNP_POS,8
9,878,book,13.257606324625783,0,0,0,3,NN,4
9,879,is,7.347528720939248,0,0,0,4,VBZ,2
9,880,a,6.556670229096891,0,0,0,5,DT,1
9,881,classic,16.0107166333375,0,0,0,6,JJ,7
9,882,that,7.5199882505590345,0,0,0,7,WDT,4
9,883,many,11.555553853436457,0,0,0,8,JJ,4
9,884,publishing,17.164837024724942,0,0,0,9,NN,10
9,885,houses,15.908039611506979,0,0,0,10,NNS,6
9,886,continue,14.144697447273312,0,0,0,11,VBP,8
9,887,reprinting,37.83305124455778,0,0,0,12,VBG,10
9,888,"today,",18.539136630948374,0,0,1,13,"NN_,",6
9,889,his,9.520696265560964,0,0,0,14,PRP$,3
9,890,account,13.688954251377428,0,0,0,15,NN,7
9,891,is,7.347528720939248,0,0,0,16,VBZ,2
9,892,contested.,23.262220071346665,0,1,1,17,VBN_.,10
9,893,Many,15.12571063007828,1,0,0,1,JJ,4
9,894,modern,14.479926498114231,0,0,0,2,JJ,6
9,895,scholars,17.097479164630293,0,0,0,3,NNS,8
9,896,believe,13.391666851709523,0,0,0,4,VBP,7
9,897,the,5.17205129965733,0,0,0,5,DT,3
9,898,mania,24.24421596538532,0,0,0,6,NN,5
9,899,was,8.24568223794633,0,0,0,7,VBD,3
9,900,not,8.917353115369856,0,0,0,8,RB,3
9,901,as,8.340623672004352,0,0,0,9,RB,2
9,902,extraordinary,16.851526211880397,0,0,0,10,JJ,13
9,903,as,8.340623672004352,0,0,0,11,IN,2
9,904,Mackay,31.22820745461506,0,0,0,12,NNP,6
9,905,"described,",18.166472741828965,0,0,1,13,"VBD_,",10
9,906,with,8.014664635242958,0,0,0,14,IN,4
9,907,some,10.70366249120027,0,0,0,15,DT,4
9,908,arguing,16.991435486745583,0,0,0,16,VBG,7
9,909,that,7.5199882505590345,0,0,0,17,IN,4
9,910,the,5.17205129965733,0,0,0,18,DT,3
9,911,price,14.223371683333763,0,0,0,19,NN,5
9,912,changes,13.150465851641435,0,0,0,20,NNS,7
9,913,may,10.78936461612156,0,0,0,21,MD,3
9,914,not,8.917353115369856,0,0,0,22,RB,3
9,915,have,9.010965036933804,0,0,0,23,VB,4
9,916,constituted,17.33503436749803,0,0,0,24,VBN,11
9,917,a,6.556670229096891,0,0,0,25,DT,1
9,918,bubble.,22.22400165027842,0,1,1,26,NN_.,7
9,919,Research,14.701139056074204,1,0,0,1,NNP,8
9,920,on,8.232105999162414,0,0,0,2,IN,2
9,921,the,5.17205129965733,0,0,0,3,DT,3
9,922,tulip,37.866556576733785,0,0,0,4,NN,5
9,923,mania,24.24421596538532,0,0,0,5,NN,5
9,924,is,7.347528720939248,0,0,0,6,VBZ,2
9,925,difficult,13.865586288434926,0,0,0,7,JJ,9
9,926,because,11.238178964590961,0,0,0,8,RB,7
9,927,of,5.986146708647226,0,0,0,9,IN,2
9,928,the,5.17205129965733,0,0,0,10,DT,3
9,929,limited,13.902628089750301,0,0,0,11,VBN,7
9,930,data,11.168075490139838,0,0,0,12,NNS,4
9,931,from,8.815789051907856,0,0,0,13,IN,4
9,932,the,5.17205129965733,0,0,0,14,DT,3
9,933,sixteen,17.922756333677043,0,0,0,15,NN,7
9,934,thirties.,41.63810464284532,0,1,1,16,NNS_.,9
9,935,"However,",17.446028317169958,1,0,1,1,"RB_,",8
9,936,some,10.70366249120027,0,0,0,2,DT,4
9,937,modern,14.479926498114231,0,0,0,3,JJ,6
9,938,economists,18.66424234082843,0,0,0,4,NNS,10
9,939,have,9.010965036933804,0,0,0,5,VBP,4
9,940,proposed,14.084611339324194,0,0,0,6,VBN,8
9,941,rational,16.032400354932797,0,0,0,7,JJ,8
9,942,"explanations,",22.72420839234035,0,0,1,8,"NNS_,",13
9,943,rather,13.187638190540383,0,0,0,9,RB,6
9,944,than,10.500242777420443,0,0,0,10,IN,4
9,945,a,6.556670229096891,0,0,0,11,DT,1
9,946,speculative,18.65717208181177,0,0,0,12,JJ,11
9,947,"mania,",29.260584643316932,0,0,1,13,"NN_,",6
9,948,for,7.693494297163422,0,0,0,14,IN,3
9,949,the,5.17205129965733,0,0,0,15,DT,3
9,950,rise,14.875299839617398,0,0,0,16,NN,4
9,951,and,6.2095491118355035,0,0,0,17,CC,3
9,952,fall,14.2864209669698,0,0,0,18,NN,4
9,953,in,6.713150865180346,0,0,0,19,IN,2
9,954,prices.,20.307767223417585,0,1,1,20,NNS_.,7
9,955,For,11.877498182383452,1,0,0,1,IN,3
9,956,"example,",17.323207505884778,0,0,1,2,"NN_,",8
9,957,other,10.411287485854839,0,0,0,3,JJ,5
9,958,"flowers,",21.382501458477947,0,0,1,4,"NNS_,",8
9,959,such,10.802507576654243,0,0,0,5,JJ,4
9,960,as,8.340623672004352,0,0,0,6,IN,2
9,961,the,5.17205129965733,0,0,0,7,DT,3
9,962,"hyacinth,",52.90953281870652,0,0,1,8,"NN_,",9
9,963,also,10.2982876731973,0,0,0,9,RB,4
9,964,had,9.816722327264898,0,0,0,10,VBD,3
9,965,high,11.744305671559701,0,0,0,11,JJ,4
9,966,prices,15.41101941943688,0,0,0,12,NNS,6
9,967,on,8.232105999162414,0,0,0,13,IN,2
9,968,the,5.17205129965733,0,0,0,14,DT,3
9,969,flower's,25.933327009778168,0,0,0,15,NN_POS,8
9,970,"introduction,",20.96837356695306,0,0,1,16,"NN_,",13
9,971,which,9.57515612507219,0,0,0,17,WDT,5
9,972,then,10.843719789981037,0,0,0,18,RB,4
9,973,fell,15.021437714545819,0,0,0,19,VBD,4
9,974,dramatically.,21.91454403611248,0,1,1,20,RB_.,13
9,975,The,8.824079763818386,1,0,0,1,DT,3
9,976,high,11.744305671559701,0,0,0,2,JJ,4
9,977,prices,15.41101941943688,0,0,0,3,NNS,6
9,978,may,10.78936461612156,0,0,0,4,MD,3
9,979,also,10.2982876731973,0,0,0,5,RB,4
9,980,have,9.010965036933804,0,0,0,6,VB,4
9,981,been,10.154650775356767,0,0,0,7,VBN,4
9,982,driven,15.630871399910909,0,0,0,8,VBN,6
9,983,by,8.57862391074893,0,0,0,9,IN,2
9,984,expectations,16.395313648889932,0,0,0,10,NNS,12
9,985,of,5.986146708647226,0,0,0,11,IN,2
9,986,a,6.556670229096891,0,0,0,12,DT,1
9,987,parliamentary,18.37197441017508,0,0,0,13,JJ,13
9,988,decree,17.558615035162788,0,0,0,14,NN,6
9,989,that,7.5199882505590345,0,0,0,15,IN,4
9,990,contracts,16.398952048226768,0,0,0,16,NNS,9
9,991,could,10.893270167851,0,0,0,17,MD,5
9,992,be,8.447345415772759,0,0,0,18,VB,2
9,993,voided,24.562770439508455,0,0,0,19,VBN,6
9,994,for,7.693494297163422,0,0,0,20,IN,3
9,995,a,6.556670229096891,0,0,0,21,DT,1
9,996,small,12.369708016338201,0,0,0,22,JJ,5
9,997,"cost,",18.61729409202827,0,0,1,23,"NN_,",5
9,998,thus,13.48607551686209,0,0,0,24,RB,4
9,999,lowering,17.753735707090996,0,0,0,25,VBG,8
9,1000,the,5.17205129965733,0,0,0,26,DT,3
9,1001,risk,13.15168745775728,0,0,0,27,NN,4
9,1002,to,6.280557174231113,0,0,0,28,TO,2
9,1003,buyers.,22.548582311473673,0,1,1,29,NNS_.,7
9,1004,Despite,15.937902567508246,1,0,0,1,IN,7
9,1005,these,10.85037442666533,0,0,0,2,DT,5
9,1006,disagreements,37.262241577037685,0,0,0,3,NNS,13
9,1007,about,10.294135891377458,0,0,0,4,IN,5
9,1008,whether,12.579326839437773,0,0,0,5,IN,7
9,1009,the,5.17205129965733,0,0,0,6,DT,3
9,1010,phenomenon,16.215676906775784,0,0,0,7,NN,10
9,1011,technically,17.612290835242927,0,0,0,8,RB,11
9,1012,constituted,17.33503436749803,0,0,0,9,VBD,11
9,1013,an,9.046558361117718,0,0,0,10,DT,2
9,1014,economic,14.504438671976128,0,0,0,11,JJ,8
9,1015,"bubble,",22.34362252422933,0,0,1,12,"NN_,",7
9,1016,the,5.17205129965733,0,0,0,13,DT,3
9,1017,term,13.33578194222589,0,0,0,14,NN,4
9,1018,'tulip,46.5619984209304,0,0,1,15,``_NN,6
9,1019,mania',34.24952718532668,0,0,1,16,NN_'',6
9,1020,is,7.347528720939248,0,0,0,17,VBZ,2
9,1021,still,11.865358748213168,0,0,0,18,RB,5
9,1022,often,12.895166627859947,0,0,0,19,RB,5
9,1023,used,11.055458890009728,0,0,0,20,VBN,4
9,1024,metaphorically,31.935074998117837,0,0,0,21,RB,14
9,1025,to,6.280557174231113,0,0,0,22,TO,2
9,1026,refer,15.351466057920138,0,0,0,23,VB,5
9,1027,to,6.280557174231113,0,0,0,24,TO,2
9,1028,any,10.749509183326555,0,0,0,25,DT,3
9,1029,large,12.476577400681318,0,0,0,26,JJ,5
9,1030,economic,14.504438671976128,0,0,0,27,JJ,8
9,1031,"bubble,",22.34362252422933,0,0,1,28,"NN_,",7
9,1032,when,10.303515303910618,0,0,0,29,WRB,4
9,1033,asset,16.926461098505257,0,0,0,30,NN,5
9,1034,prices,15.41101941943688,0,0,0,31,NNS,6
9,1035,deviate,31.36922922688031,0,0,0,32,VB,7
9,1036,from,8.815789051907856,0,0,0,33,IN,4
9,1037,intrinsic,16.81075125670249,0,0,0,34,JJ,9
9,1038,values.,17.770051906285243,0,1,1,35,NNS_.,7
10,1,Tourette's,52.13755853927524,1,0,0,1,NNP_POS,10
10,2,"syndrome,",20.746602404992895,0,0,1,2,"NN_,",9
10,3,a,6.556670229096891,0,0,0,3,DT,1
10,4,neurological,17.498811367307415,0,0,0,4,JJ,12
10,5,disorder,15.6433106176611,0,0,0,5,NN,8
10,6,characterized,15.425980195504398,0,0,0,6,VBN,13
10,7,by,8.57862391074893,0,0,0,7,IN,2
10,8,"repetitive,",23.22264408339868,0,0,1,8,"JJ_,",11
10,9,involuntary,18.724040117538898,0,0,0,9,JJ,11
10,10,"movements,",21.162793602625815,0,0,1,10,"NNS_,",10
10,11,was,8.24568223794633,0,0,0,11,VBD,3
10,12,named,14.44678991980691,0,0,0,12,VBN,5
10,13,for,7.693494297163422,0,0,0,13,IN,3
10,14,Dr.,18.745406220615628,0,0,0,14,NNP,3
10,15,Georges,28.897705909479953,0,0,0,15,NNP,7
10,16,Gilles,28.566727275998613,0,0,0,16,NNP,6
10,17,de,10.839538366544986,0,0,0,17,FW,2
10,18,la,12.168191192344455,0,0,0,18,FW,2
10,19,"Tourette,",43.46705759100337,0,0,1,19,"NNP_,",9
10,20,the,5.17205129965733,0,0,0,20,DT,3
10,21,pioneering,19.23941899564963,0,0,0,21,JJ,10
10,22,French,14.536869320607842,0,0,0,22,JJ,6
10,23,neurologist,30.852563352422408,0,0,0,23,NN,11
10,24,who,10.440803113603465,0,0,0,24,WP,3
10,25,first,10.758819109157542,0,0,0,25,RB,5
10,26,described,13.150104063897352,0,0,0,26,VBD,9
10,27,the,5.17205129965733,0,0,0,27,DT,3
10,28,condition,13.69228844129821,0,0,0,28,NN,9
10,29,in,6.713150865180346,0,0,0,29,IN,2
10,30,an,9.046558361117718,0,0,0,30,DT,2
10,31,eighty-six-year-old,82.7509606165113,0,0,0,31,JJ,19
10,32,French,14.536869320607842,0,0,0,32,JJ,6
10,33,noblewoman.,39.71186019194356,0,1,1,33,NN_.,11
10,34,It,10.702508639150992,1,0,0,1,PRP,2
10,35,is,7.347528720939248,0,0,0,2,VBZ,2
10,36,almost,13.321123448276559,0,0,0,3,RB,6
10,37,always,12.59942313223625,0,0,0,4,RB,6
10,38,in,6.713150865180346,0,0,0,5,IN,2
10,39,childhood,16.259503599030786,0,0,0,6,NN,9
10,40,that,7.5199882505590345,0,0,0,7,IN,4
10,41,the,5.17205129965733,0,0,0,8,DT,3
10,42,early,13.049688080609997,0,0,0,9,JJ,5
10,43,symptoms,14.822409163765549,0,0,0,10,NNS,8
10,44,of,5.986146708647226,0,0,0,11,IN,2
10,45,Tourette's,47.28362904655289,0,0,0,12,NNP_POS,10
10,46,are,8.669385276796898,0,0,0,13,VBP,3
10,47,first,10.758819109157542,0,0,0,14,RB,5
10,48,"noticed,",20.531068593813792,0,0,1,15,"VBN_,",8
10,49,with,8.014664635242958,0,0,0,16,IN,4
10,50,the,5.17205129965733,0,0,0,17,DT,3
10,51,average,13.71431111570745,0,0,0,18,JJ,7
10,52,onset,16.193465282463332,0,0,0,19,NN,5
10,53,between,10.95358436249511,0,0,0,20,IN,7
10,54,the,5.17205129965733,0,0,0,21,DT,3
10,55,ages,16.26128480003615,0,0,0,22,NNS,4
10,56,of,5.986146708647226,0,0,0,23,IN,2
10,57,seven,14.536537365201923,0,0,0,24,CD,5
10,58,and,6.2095491118355035,0,0,0,25,CC,3
10,59,ten,14.081101244080443,0,0,0,26,CD,3
10,60,years.,16.41026546877383,0,1,1,27,NNS_.,6
10,61,It,10.702508639150992,1,0,0,1,PRP,2
10,62,is,7.347528720939248,0,0,0,2,VBZ,2
10,63,estimated,14.844228013913462,0,0,0,3,VBN,9
10,64,that,7.5199882505590345,0,0,0,4,IN,4
10,65,two,10.629746926962948,0,0,0,5,CD,3
10,66,hundred,14.933545565979983,0,0,0,6,CD,7
10,67,thousand,15.430953070020486,0,0,0,7,CD,8
10,68,Americans,15.198803563578817,0,0,0,8,NNS,9
10,69,have,9.010965036933804,0,0,0,9,VBP,4
10,70,the,5.17205129965733,0,0,0,10,DT,3
10,71,most,11.270487941956638,0,0,0,11,RBS,4
10,72,severe,14.961033957439508,0,0,0,12,JJ,6
10,73,form,12.361773588230022,0,0,0,13,NN,4
10,74,of,5.986146708647226,0,0,0,14,IN,2
10,75,"Tourette's,",52.2999977244845,0,0,1,15,"NNP_POS_,",11
10,76,and,6.2095491118355035,0,0,0,16,CC,3
10,77,as,8.340623672004352,0,0,0,17,RB,2
10,78,many,11.555553853436457,0,0,0,18,JJ,4
10,79,as,8.340623672004352,0,0,0,19,IN,2
10,80,one,9.838114205706063,0,0,0,20,CD,3
10,81,in,6.713150865180346,0,0,0,21,IN,2
10,82,a,6.556670229096891,0,0,0,22,DT,1
10,83,hundred,14.933545565979983,0,0,0,23,CD,7
10,84,people,11.171465651218966,0,0,0,24,NNS,6
10,85,exhibit,16.036591593254975,0,0,0,25,VBP,7
10,86,milder,30.372765930689955,0,0,0,26,JJ,6
10,87,and,6.2095491118355035,0,0,0,27,CC,3
10,88,less,12.543374695795542,0,0,0,28,RBR,4
10,89,complex,13.618761766099652,0,0,0,29,JJ,7
10,90,symptoms,14.822409163765549,0,0,0,30,NNS,8
10,91,that,7.5199882505590345,0,0,0,31,WDT,4
10,92,include,13.131763294663951,0,0,0,32,VBP,7
10,93,chronic,15.111687116677516,0,0,0,33,JJ,7
10,94,motor,14.881170411942652,0,0,0,34,JJ,5
10,95,and,6.2095491118355035,0,0,0,35,CC,3
10,96,vocal,17.142201013324133,0,0,0,36,JJ,5
10,97,tics,25.465032320845573,0,0,0,37,NN,4
10,98,or,8.922107338283002,0,0,0,38,CC,2
10,99,transient,16.851785412892447,0,0,0,39,JJ,9
10,100,tics,25.465032320845573,0,0,0,40,NN,4
10,101,of,5.986146708647226,0,0,0,41,IN,2
10,102,childhood.,21.156251403011492,0,1,1,42,NN_.,10
10,103,For,11.877498182383452,1,0,0,1,IN,3
10,104,the,5.17205129965733,0,0,0,2,DT,3
10,105,majority,14.483026023977363,0,0,0,3,NN,8
10,106,of,5.986146708647226,0,0,0,4,IN,2
10,107,people,11.171465651218966,0,0,0,5,NNS,6
10,108,diagnosed,16.15161198138668,0,0,0,6,VBN,9
10,109,with,8.014664635242958,0,0,0,7,IN,4
10,110,the,5.17205129965733,0,0,0,8,DT,3
10,111,"disorder,",20.659679295592714,0,0,1,9,"NN_,",9
10,112,Tourette's,47.28362904655289,0,0,0,10,NNP_POS,10
10,113,is,7.347528720939248,0,0,0,11,VBZ,2
10,114,not,8.917353115369856,0,0,0,12,RB,3
10,115,a,6.556670229096891,0,0,0,13,DT,1
10,116,chronic,15.111687116677516,0,0,0,14,JJ,7
10,117,condition,13.69228844129821,0,0,0,15,NN,9
10,118,with,8.014664635242958,0,0,0,16,IN,4
10,119,symptoms,14.822409163765549,0,0,0,17,NNS,8
10,120,lasting,17.562677621887307,0,0,0,18,VBG,7
10,121,a,6.556670229096891,0,0,0,19,DT,1
10,122,lifetime.,21.324293439760584,0,1,1,20,NN_.,9
10,123,Rather,16.679854089566724,1,0,0,1,RB,6
10,124,it,8.375693258728493,0,0,0,2,PRP,2
10,125,is,7.347528720939248,0,0,0,3,VBZ,2
10,126,a,6.556670229096891,0,0,0,4,DT,1
10,127,condition,13.69228844129821,0,0,0,5,NN,9
10,128,whose,13.877149933968113,0,0,0,6,WP$,5
10,129,severity,16.31236652646446,0,0,0,7,NNS,8
10,130,peaks,16.541260354729978,0,0,0,8,VBZ,5
10,131,in,6.713150865180346,0,0,0,9,IN,2
10,132,the,5.17205129965733,0,0,0,10,DT,3
10,133,early,13.049688080609997,0,0,0,11,JJ,5
10,134,"teens,",23.169000901977913,0,0,1,12,"NNS_,",6
10,135,with,8.014664635242958,0,0,0,13,IN,4
10,136,improvement,15.356364857332977,0,0,0,14,NN,11
10,137,occurring,16.462942290390156,0,0,0,15,VBG,9
10,138,in,6.713150865180346,0,0,0,16,IN,2
10,139,the,5.17205129965733,0,0,0,17,DT,3
10,140,late,13.855259258250719,0,0,0,18,JJ,4
10,141,teens,18.1526322240463,0,0,0,19,NNS,5
10,142,and,6.2095491118355035,0,0,0,20,CC,3
10,143,continuing,16.17834057645935,0,0,0,21,VBG,10
10,144,into,10.48069811501334,0,0,0,22,IN,4
10,145,adulthood.,23.38416662917731,0,1,1,23,NN_.,10
10,146,"However,",17.446028317169958,1,0,1,1,"RB_,",8
10,147,approximately,14.694411265510595,0,0,0,2,RB,13
10,148,ten,14.081101244080443,0,0,0,3,CD,3
10,149,percent,13.720489693115567,0,0,0,4,NN,7
10,150,of,5.986146708647226,0,0,0,5,IN,2
10,151,those,11.51721368888743,0,0,0,6,DT,5
10,152,affected,14.816913834064735,0,0,0,7,VBN,8
10,153,have,9.010965036933804,0,0,0,8,VBP,4
10,154,a,6.556670229096891,0,0,0,9,DT,1
10,155,progressive,16.538177457514966,0,0,0,10,JJ,11
10,156,or,8.922107338283002,0,0,0,11,CC,2
10,157,disabling,19.182799662243095,0,0,0,12,VBG,9
10,158,course,12.935362189643882,0,0,0,13,NN,6
10,159,that,7.5199882505590345,0,0,0,14,WDT,4
10,160,lasts,18.64123580907894,0,0,0,15,VBZ,5
10,161,into,10.48069811501334,0,0,0,16,IN,4
10,162,adulthood.,23.38416662917731,0,1,1,17,NN_.,10
10,163,It,10.702508639150992,1,0,0,1,PRP,2
10,164,is,7.347528720939248,0,0,0,2,VBZ,2
10,165,not,8.917353115369856,0,0,0,3,RB,3
10,166,uncommon,17.847527209410583,0,0,0,4,JJ,8
10,167,for,7.693494297163422,0,0,0,5,IN,3
10,168,symptoms,14.822409163765549,0,0,0,6,NNS,8
10,169,to,6.280557174231113,0,0,0,7,TO,2
10,170,be,8.447345415772759,0,0,0,8,VB,2
10,171,present,12.346649642004301,0,0,0,9,JJ,7
10,172,for,7.693494297163422,0,0,0,10,IN,3
10,173,an,9.046558361117718,0,0,0,11,DT,2
10,174,extended,15.027334075026513,0,0,0,12,VBN,8
10,175,period,13.235758472593847,0,0,0,13,NN,6
10,176,of,5.986146708647226,0,0,0,14,IN,2
10,177,time,10.33123308744883,0,0,0,15,NN,4
10,178,before,11.477317882569707,0,0,0,16,IN,6
10,179,a,6.556670229096891,0,0,0,17,DT,1
10,180,formal,15.704611711382814,0,0,0,18,JJ,6
10,181,diagnosis,14.899417948257927,0,0,0,19,NN,9
10,182,of,5.986146708647226,0,0,0,20,IN,2
10,183,Tourette's,47.28362904655289,0,0,0,21,NNP_POS,10
10,184,is,7.347528720939248,0,0,0,22,VBZ,2
10,185,obtained.,18.23252397022894,0,1,1,23,VBN_.,9
10,186,The,8.824079763818386,1,0,0,1,DT,3
10,187,reasons,14.315020741609292,0,0,0,2,NNS,7
10,188,for,7.693494297163422,0,0,0,3,IN,3
10,189,this,8.876632627435416,0,0,0,4,DT,4
10,190,are,8.669385276796898,0,0,0,5,VBP,3
10,191,many,11.555553853436457,0,0,0,6,JJ,4
10,192,and,6.2095491118355035,0,0,0,7,CC,3
10,193,may,10.78936461612156,0,0,0,8,MD,3
10,194,include,13.131763294663951,0,0,0,9,VB,7
10,195,the,5.17205129965733,0,0,0,10,DT,3
10,196,fact,12.557442627656766,0,0,0,11,NN,4
10,197,that,7.5199882505590345,0,0,0,12,IN,4
10,198,for,7.693494297163422,0,0,0,13,IN,3
10,199,families,14.812937758912089,0,0,0,14,NNS,8
10,200,and,6.2095491118355035,0,0,0,15,CC,3
10,201,physicians,16.743339999959574,0,0,0,16,NNS,10
10,202,unfamiliar,18.42111679086185,0,0,0,17,JJ,10
10,203,with,8.014664635242958,0,0,0,18,IN,4
10,204,"Tourette's,",52.2999977244845,0,0,1,19,"NNP_POS_,",11
10,205,mild,16.32868916336225,0,0,0,20,JJ,4
10,206,and,6.2095491118355035,0,0,0,21,CC,3
10,207,even,11.440265863958214,0,0,0,22,RB,4
10,208,moderate,15.95269701076154,0,0,0,23,JJ,8
10,209,tic,23.625569723937453,0,0,0,24,NN,3
10,210,symptoms,14.822409163765549,0,0,0,25,NNS,8
10,211,may,10.78936461612156,0,0,0,26,MD,3
10,212,be,8.447345415772759,0,0,0,27,VB,2
10,213,considered,13.333054256779828,0,0,0,28,VBN,10
10,214,"inconsequential,",57.49025650828436,0,0,1,29,"JJ_,",16
10,215,part,11.872891907978971,0,0,0,30,NN,4
10,216,of,5.986146708647226,0,0,0,31,IN,2
10,217,a,6.556670229096891,0,0,0,32,DT,1
10,218,developmental,17.027454630902785,0,0,0,33,JJ,13
10,219,"phase,",18.731887495422452,0,0,1,34,"NN_,",6
10,220,or,8.922107338283002,0,0,0,35,CC,2
10,221,the,5.17205129965733,0,0,0,36,DT,3
10,222,result,12.498629307763242,0,0,0,37,NN,6
10,223,of,5.986146708647226,0,0,0,38,IN,2
10,224,another,12.151965346508835,0,0,0,39,DT,7
10,225,condition.,18.589036245278916,0,1,1,40,NN_.,10
10,226,For,11.877498182383452,1,0,0,1,IN,3
10,227,"example,",17.323207505884778,0,0,1,2,"NN_,",8
10,228,parents,14.342457076428119,0,0,0,3,NNS,7
10,229,may,10.78936461612156,0,0,0,4,MD,3
10,230,think,11.811403059913275,0,0,0,5,VB,5
10,231,that,7.5199882505590345,0,0,0,6,IN,4
10,232,eye,14.530531458661265,0,0,0,7,NN,3
10,233,blinking,31.354320193159353,0,0,0,8,NNS,8
10,234,is,7.347528720939248,0,0,0,9,VBZ,2
10,235,related,13.406207970330957,0,0,0,10,JJ,7
10,236,to,6.280557174231113,0,0,0,11,TO,2
10,237,vision,15.447785458947752,0,0,0,12,NN,6
10,238,problems,13.612621848532047,0,0,0,13,NNS,8
10,239,or,8.922107338283002,0,0,0,14,CC,2
10,240,that,7.5199882505590345,0,0,0,15,IN,4
10,241,sniffing,28.960355921076705,0,0,0,16,NNP,8
10,242,is,7.347528720939248,0,0,0,17,VBZ,2
10,243,related,13.406207970330957,0,0,0,18,JJ,7
10,244,to,6.280557174231113,0,0,0,19,TO,2
10,245,seasonal,17.73719092284684,0,0,0,20,JJ,8
10,246,allergies.,24.21707144988788,0,1,1,21,NNS_.,10
10,247,There,12.46120785053467,1,0,0,1,EX,5
10,248,are,8.669385276796898,0,0,0,2,VBP,3
10,249,many,11.555553853436457,0,0,0,3,JJ,4
10,250,patients,11.912179852991923,0,0,0,4,NNS,8
10,251,who,10.440803113603465,0,0,0,5,WP,3
10,252,are,8.669385276796898,0,0,0,6,VBP,3
10,253,self-diagnosed,54.41654605444792,0,0,0,7,JJ,14
10,254,after,10.950222297746166,0,0,0,8,IN,5
10,255,"they,",14.92787586180934,0,0,1,9,"PRP_,",5
10,256,their,10.026103707581193,0,0,0,10,PRP$,5
10,257,"parents,",19.35882575435973,0,0,1,11,"NNS_,",8
10,258,other,10.411287485854839,0,0,0,12,JJ,5
10,259,"relatives,",22.165942335931742,0,0,1,13,"NNS_,",10
10,260,or,8.922107338283002,0,0,0,14,CC,2
10,261,friends,13.977869043027074,0,0,0,15,NNS,7
10,262,read,12.983381173098962,0,0,0,16,VB,4
10,263,or,8.922107338283002,0,0,0,17,CC,2
10,264,hear,14.196311843551069,0,0,0,18,VB,4
10,265,about,10.294135891377458,0,0,0,19,IN,5
10,266,Tourette's,47.28362904655289,0,0,0,20,NNP_POS,10
10,267,from,8.815789051907856,0,0,0,21,IN,4
10,268,others.,18.08500920123242,0,1,1,22,NNS_.,7
10,269,Tics,24.706405355005593,1,0,0,1,NNS,4
10,270,are,8.669385276796898,0,0,0,2,VBP,3
10,271,classified,16.00140888198784,0,0,0,3,VBN,10
10,272,as,8.340623672004352,0,0,0,4,IN,2
10,273,either,12.755970292727739,0,0,0,5,CC,6
10,274,simple,13.497942563132902,0,0,0,6,NN,6
10,275,or,8.922107338283002,0,0,0,7,CC,2
10,276,complex.,18.515509570080358,0,1,1,8,NN_.,8
10,277,Simple,17.506384670795264,1,0,0,1,JJ,6
10,278,motor,14.881170411942652,0,0,0,2,JJ,5
10,279,tics,25.465032320845573,0,0,0,3,NNS,4
10,280,are,8.669385276796898,0,0,0,4,VBP,3
10,281,"sudden,",21.272969048904816,0,0,1,5,"JJ_,",7
10,282,"brief,",20.08190052915042,0,0,1,6,"JJ_,",6
10,283,repetitive,18.206275405467068,0,0,0,7,JJ,10
10,284,movements,16.1464249246942,0,0,0,8,NNS,9
10,285,that,7.5199882505590345,0,0,0,9,WDT,4
10,286,involve,16.017693587362544,0,0,0,10,VBP,7
10,287,a,6.556670229096891,0,0,0,11,DT,1
10,288,limited,13.902628089750301,0,0,0,12,JJ,7
10,289,number,11.628659253917167,0,0,0,13,NN,6
10,290,of,5.986146708647226,0,0,0,14,IN,2
10,291,muscle,15.05468698023293,0,0,0,15,NN,6
10,292,groups.,17.947532370478772,0,1,1,16,NNS_.,7
10,293,Some,14.126365286417489,1,0,0,1,DT,4
10,294,of,5.986146708647226,0,0,0,2,IN,2
10,295,the,5.17205129965733,0,0,0,3,DT,3
10,296,more,10.075051597559401,0,0,0,4,RBR,4
10,297,common,12.762242503753459,0,0,0,5,JJ,6
10,298,simple,13.497942563132902,0,0,0,6,JJ,6
10,299,tics,25.465032320845573,0,0,0,7,NN,4
10,300,include,13.131763294663951,0,0,0,8,VBP,7
10,301,eye,14.530531458661265,0,0,0,9,NN,3
10,302,"blinking,",36.37068887109096,0,0,1,10,"NN_,",9
10,303,facial,17.190203324845832,0,0,0,11,JJ,6
10,304,"grimacing,",39.30062406607854,0,0,1,12,"NN_,",10
10,305,shoulder,15.690898258934112,0,0,0,13,NN,8
10,306,"shrugging,",59.15556612679404,0,0,1,14,"NN_,",10
10,307,and,6.2095491118355035,0,0,0,15,CC,3
10,308,head,12.743157314316427,0,0,0,16,NN,4
10,309,or,8.922107338283002,0,0,0,17,CC,2
10,310,shoulder,15.690898258934112,0,0,0,18,NN,8
10,311,jerking.,38.95516690058653,0,1,1,19,NN_.,8
10,312,Simple,17.506384670795264,1,0,0,1,JJ,6
10,313,"vocalizations,",38.18940110601879,0,0,1,2,"NNS_,",14
10,314,which,9.57515612507219,0,0,0,3,WDT,5
10,315,motor,14.881170411942652,0,0,0,4,NN,5
10,316,tics,25.465032320845573,0,0,0,5,NNS,4
10,317,typically,14.659734830780966,0,0,0,6,RB,9
10,318,"precede,",33.627469251452794,0,0,1,7,"VB_,",8
10,319,might,12.1759533185724,0,0,0,8,MD,5
10,320,include,13.131763294663951,0,0,0,9,VB,7
10,321,repetitive,18.206275405467068,0,0,0,10,JJ,10
10,322,"throat-clearing,",60.09885212570556,0,0,1,11,"JJ_,",16
10,323,"sniffing,",33.97672459900832,0,0,1,12,"JJ_,",9
10,324,or,8.922107338283002,0,0,0,13,CC,2
10,325,grunting,32.30066799400545,0,0,0,14,JJ,8
10,326,sounds.,20.256923326189384,0,1,1,15,NNS_.,7
10,327,Complex,17.890821391422794,1,0,0,1,JJ,7
10,328,tics,25.465032320845573,0,0,0,2,NNS,4
10,329,are,8.669385276796898,0,0,0,3,VBP,3
10,330,"distinct,",20.165987635446502,0,0,1,4,"JJ_,",9
10,331,coordinated,17.95219559809136,0,0,0,5,VBN,11
10,332,patterns,14.913327620756277,0,0,0,6,NNS,8
10,333,of,5.986146708647226,0,0,0,7,IN,2
10,334,movement,14.42872225333517,0,0,0,8,NN,8
10,335,that,7.5199882505590345,0,0,0,9,WDT,4
10,336,involve,16.017693587362544,0,0,0,10,VBP,7
10,337,several,12.76407443131371,0,0,0,11,JJ,7
10,338,muscle,15.05468698023293,0,0,0,12,NN,6
10,339,groups.,17.947532370478772,0,1,1,13,NNS_.,7
10,340,Complex,17.890821391422794,1,0,0,1,JJ,7
10,341,motor,14.881170411942652,0,0,0,2,JJ,5
10,342,tics,25.465032320845573,0,0,0,3,NNS,4
10,343,might,12.1759533185724,0,0,0,4,MD,5
10,344,include,13.131763294663951,0,0,0,5,VB,7
10,345,facial,17.190203324845832,0,0,0,6,JJ,6
10,346,grimacing,34.284255388146924,0,0,0,7,NN,9
10,347,combined,14.761370675831508,0,0,0,8,VBN,8
10,348,with,8.014664635242958,0,0,0,9,IN,4
10,349,a,6.556670229096891,0,0,0,10,DT,1
10,350,head,12.743157314316427,0,0,0,11,NN,4
10,351,twist,17.322716899287812,0,0,0,12,NN,5
10,352,and,6.2095491118355035,0,0,0,13,CC,3
10,353,a,6.556670229096891,0,0,0,14,DT,1
10,354,shoulder,15.690898258934112,0,0,0,15,NN,8
10,355,shrug.,35.328616209892516,0,1,1,16,NN_.,6
10,356,Other,15.139324199940848,1,0,0,1,JJ,5
10,357,complex,13.618761766099652,0,0,0,2,JJ,7
10,358,motor,14.881170411942652,0,0,0,3,JJ,5
10,359,tics,25.465032320845573,0,0,0,4,NNS,4
10,360,may,10.78936461612156,0,0,0,5,MD,3
10,361,actually,13.260396876445522,0,0,0,6,RB,8
10,362,appear,14.303337015195208,0,0,0,7,VB,6
10,363,"purposeful,",33.12582308469548,0,0,1,8,"NN_,",11
10,364,including,12.367262387067662,0,0,0,9,VBG,9
10,365,sniffing,28.960355921076705,0,0,0,10,VBG,8
10,366,or,8.922107338283002,0,0,0,11,CC,2
10,367,touching,17.402286952749595,0,0,0,12,VBG,8
10,368,"objects,",19.54918418368471,0,0,1,13,"NNS_,",8
10,369,"hopping,",23.834817655183908,0,0,1,14,"VBG_,",8
10,370,"jumping,",22.74138607037421,0,0,1,15,"VBG_,",8
10,371,"bending,",22.74570330038037,0,0,1,16,"VBG_,",8
10,372,or,8.922107338283002,0,0,0,17,CC,2
10,373,twisting.,23.72638538983168,0,1,1,18,VBG_.,9
10,374,Complex,17.890821391422794,1,0,0,1,JJ,7
10,375,vocal,17.142201013324133,0,0,0,2,JJ,5
10,376,tics,25.465032320845573,0,0,0,3,NNS,4
10,377,include,13.131763294663951,0,0,0,4,VBP,7
10,378,words,13.49281104141427,0,0,0,5,NNS,5
10,379,or,8.922107338283002,0,0,0,6,CC,2
10,380,phrases.,22.85701987060314,0,1,1,7,NNS_.,8
10,381,Perhaps,16.19016476592059,1,0,0,1,RB,7
10,382,the,5.17205129965733,0,0,0,2,DT,3
10,383,most,11.270487941956638,0,0,0,3,RBS,4
10,384,dramatic,16.66142433233611,0,0,0,4,JJ,8
10,385,and,6.2095491118355035,0,0,0,5,CC,3
10,386,disabling,19.182799662243095,0,0,0,6,JJ,9
10,387,tics,25.465032320845573,0,0,0,7,NN,4
10,388,include,13.131763294663951,0,0,0,8,VBP,7
10,389,motor,14.881170411942652,0,0,0,9,JJ,5
10,390,movements,16.1464249246942,0,0,0,10,NNS,9
10,391,that,7.5199882505590345,0,0,0,11,WDT,4
10,392,result,12.498629307763242,0,0,0,12,VBP,6
10,393,in,6.713150865180346,0,0,0,13,IN,2
10,394,self-harm,37.83748773835351,0,0,0,14,NN,9
10,395,such,10.802507576654243,0,0,0,15,JJ,4
10,396,as,8.340623672004352,0,0,0,16,IN,2
10,397,punching,27.79056322604333,0,0,0,17,VBG,8
10,398,oneself,18.64623447685385,0,0,0,18,PRP,7
10,399,in,6.713150865180346,0,0,0,19,IN,2
10,400,the,5.17205129965733,0,0,0,20,DT,3
10,401,"face,",18.133357826470238,0,0,1,21,"NN_,",5
10,402,or,8.922107338283002,0,0,0,22,CC,2
10,403,vocal,17.142201013324133,0,0,0,23,JJ,5
10,404,tics,25.465032320845573,0,0,0,24,NN,4
10,405,including,12.367262387067662,0,0,0,25,VBG,9
10,406,"coprolalia,",54.94858414491517,0,0,1,26,"NN_,",11
10,407,which,9.57515612507219,0,0,0,27,WDT,5
10,408,involves,15.589350058141449,0,0,0,28,VBZ,8
10,409,uttering,28.04102826104247,0,0,0,29,VBG,8
10,410,swear,17.801228222568398,0,0,0,30,JJ,5
10,411,"words,",18.509179719345884,0,0,1,31,"NNS_,",6
10,412,or,8.922107338283002,0,0,0,32,CC,2
10,413,"echolalia,",54.15875889669161,0,0,1,33,"NN_,",10
10,414,which,9.57515612507219,0,0,0,34,WDT,5
10,415,involves,15.589350058141449,0,0,0,35,VBZ,8
10,416,repeating,17.85650490676029,0,0,0,36,VBG,9
10,417,the,5.17205129965733,0,0,0,37,DT,3
10,418,words,13.49281104141427,0,0,0,38,NNS,5
10,419,or,8.922107338283002,0,0,0,39,CC,2
10,420,phrases,17.960272066622434,0,0,0,40,NNS,7
10,421,of,5.986146708647226,0,0,0,41,IN,2
10,422,others.,18.08500920123242,0,1,1,42,NNS_.,7
10,423,Tics,24.706405355005593,1,0,0,1,NNS,4
10,424,are,8.669385276796898,0,0,0,2,VBP,3
10,425,often,12.895166627859947,0,0,0,3,RB,5
10,426,worse,15.211972887696561,0,0,0,4,JJR,5
10,427,with,8.014664635242958,0,0,0,5,IN,4
10,428,excitement,17.232414062245294,0,0,0,6,NN,10
10,429,or,8.922107338283002,0,0,0,7,CC,2
10,430,anxiety,15.993489141525355,0,0,0,8,NN,7
10,431,and,6.2095491118355035,0,0,0,9,CC,3
10,432,better,12.492542561150294,0,0,0,10,JJR,6
10,433,during,11.83767419185748,0,0,0,11,IN,6
10,434,"calm,",21.55659247690285,0,0,1,12,"JJ_,",5
10,435,focused,15.209764478089621,0,0,0,13,VBN,7
10,436,activities.,19.27176514444898,0,1,1,14,NNS_.,11
10,437,Certain,18.696101966484505,1,0,0,1,JJ,7
10,438,physical,13.8137921240168,0,0,0,2,JJ,8
10,439,experiences,15.54664561601523,0,0,0,3,NNS,11
10,440,can,9.501706077262956,0,0,0,4,MD,3
10,441,trigger,16.10278017768328,0,0,0,5,VB,7
10,442,or,8.922107338283002,0,0,0,6,CC,2
10,443,worsen,35.0284784963646,0,0,0,7,VB,6
10,444,tics.,30.36178012482628,0,1,1,8,NN_.,5
10,445,For,11.877498182383452,1,0,0,1,IN,3
10,446,"example,",17.323207505884778,0,0,1,2,"NN_,",8
10,447,tight,15.737698041090148,0,0,0,3,JJ,5
10,448,collars,29.987674865949792,0,0,0,4,NNS,7
10,449,may,10.78936461612156,0,0,0,5,MD,3
10,450,trigger,16.10278017768328,0,0,0,6,VB,7
10,451,neck,15.434092674151255,0,0,0,7,NN,4
10,452,"tics,",30.481400998777186,0,0,1,8,"NN_,",5
10,453,or,8.922107338283002,0,0,0,9,CC,2
10,454,hearing,14.436886427363198,0,0,0,10,VBG,7
10,455,another,12.151965346508835,0,0,0,11,DT,7
10,456,person,12.989725172885016,0,0,0,12,NN,6
10,457,sniff,18.419970849359647,0,0,0,13,VB,5
10,458,or,8.922107338283002,0,0,0,14,CC,2
10,459,throat-clear,39.54863583767454,0,0,0,15,VB,12
10,460,may,10.78936461612156,0,0,0,16,MD,3
10,461,trigger,16.10278017768328,0,0,0,17,VB,7
10,462,the,5.17205129965733,0,0,0,18,DT,3
10,463,production,13.63216779713973,0,0,0,19,NN,10
10,464,of,5.986146708647226,0,0,0,20,IN,2
10,465,similar,12.923937430533421,0,0,0,21,JJ,7
10,466,sounds.,20.256923326189384,0,1,1,22,NNS_.,7
10,467,Tics,24.706405355005593,1,0,0,1,NNS,4
10,468,come,12.389346740104251,0,0,0,2,VBP,4
10,469,and,6.2095491118355035,0,0,0,3,CC,3
10,470,go,11.844842323862729,0,0,0,4,VBP,2
10,471,over,10.810818724204807,0,0,0,5,IN,4
10,472,"time,",15.347601765380443,0,0,1,6,"NN_,",5
10,473,varying,16.283816232006753,0,0,0,7,VBG,7
10,474,in,6.713150865180346,0,0,0,8,IN,2
10,475,"type,",17.23799568471923,0,0,1,9,"NN_,",5
10,476,"frequency,",19.17867814534176,0,0,1,10,"NN_,",10
10,477,"location,",19.23387988090993,0,0,1,11,"NN_,",9
10,478,and,6.2095491118355035,0,0,0,12,CC,3
10,479,severity.,21.209114330445164,0,1,1,13,NN_.,9
10,480,The,8.824079763818386,1,0,0,1,DT,3
10,481,first,10.758819109157542,0,0,0,2,JJ,5
10,482,symptoms,14.822409163765549,0,0,0,3,NNS,8
10,483,Tourette's,47.28362904655289,0,0,0,4,NN_POS,10
10,484,patients,11.912179852991923,0,0,0,5,NNS,8
10,485,experience,13.338739167335806,0,0,0,6,VB,10
10,486,usually,13.951530949947934,0,0,0,7,RB,7
10,487,occur,14.813536565705213,0,0,0,8,VBP,5
10,488,in,6.713150865180346,0,0,0,9,IN,2
10,489,the,5.17205129965733,0,0,0,10,DT,3
10,490,head,12.743157314316427,0,0,0,11,NN,4
10,491,and,6.2095491118355035,0,0,0,12,CC,3
10,492,neck,15.434092674151255,0,0,0,13,NN,4
10,493,"area,",17.882453788249315,0,0,1,14,"NN_,",5
10,494,though,12.843604331043483,0,0,0,15,IN,6
10,495,they,9.911507183877728,0,0,0,16,PRP,4
10,496,may,10.78936461612156,0,0,0,17,MD,3
10,497,progress,15.045658879998125,0,0,0,18,VB,8
10,498,to,6.280557174231113,0,0,0,19,TO,2
10,499,include,13.131763294663951,0,0,0,20,VB,7
10,500,muscles,16.491471614132507,0,0,0,21,NNS,7
10,501,of,5.986146708647226,0,0,0,22,IN,2
10,502,the,5.17205129965733,0,0,0,23,DT,3
10,503,trunk,17.324831895475135,0,0,0,24,NN,5
10,504,and,6.2095491118355035,0,0,0,25,CC,3
10,505,extremities.,24.315588681655942,0,1,1,26,NNS_.,12
10,506,The,8.824079763818386,1,0,0,1,DT,3
10,507,symptoms,14.822409163765549,0,0,0,2,NNS,8
10,508,of,5.986146708647226,0,0,0,3,IN,2
10,509,Tourette's,47.28362904655289,0,0,0,4,NNP_POS,10
10,510,are,8.669385276796898,0,0,0,5,VBP,3
10,511,"involuntary,",23.74040879547051,0,0,1,6,"JJ_,",12
10,512,but,9.64272076435627,0,0,0,7,CC,3
10,513,there,10.313087737286885,0,0,0,8,EX,5
10,514,are,8.669385276796898,0,0,0,9,VBP,3
10,515,some,10.70366249120027,0,0,0,10,DT,4
10,516,people,11.171465651218966,0,0,0,11,NNS,6
10,517,who,10.440803113603465,0,0,0,12,WP,3
10,518,can,9.501706077262956,0,0,0,13,MD,3
10,519,sometimes,14.30396707091258,0,0,0,14,RB,9
10,520,"suppress,",21.86171329614092,0,0,1,15,"VB_,",9
10,521,"camouflage,",54.04099025931251,0,0,1,16,"VB_,",11
10,522,or,8.922107338283002,0,0,0,17,CC,2
10,523,otherwise,14.48795393153216,0,0,0,18,RB,9
10,524,manage,15.700624027340183,0,0,0,19,VB,6
10,525,their,10.026103707581193,0,0,0,20,PRP$,5
10,526,tics,25.465032320845573,0,0,0,21,NN,4
10,527,in,6.713150865180346,0,0,0,22,IN,2
10,528,an,9.046558361117718,0,0,0,23,DT,2
10,529,effort,14.650236857381223,0,0,0,24,NN,6
10,530,to,6.280557174231113,0,0,0,25,TO,2
10,531,minimize,16.828541820544196,0,0,0,26,VB,8
10,532,their,10.026103707581193,0,0,0,27,PRP$,5
10,533,impact,14.06117647549727,0,0,0,28,NN,6
10,534,on,8.232105999162414,0,0,0,29,IN,2
10,535,functioning.,21.732871926101637,0,1,1,30,VBG_.,12
10,536,"However,",17.446028317169958,1,0,1,1,"RB_,",8
10,537,people,11.171465651218966,0,0,0,2,NNS,6
10,538,affected,14.816913834064735,0,0,0,3,VBN,8
10,539,by,8.57862391074893,0,0,0,4,IN,2
10,540,Tourette's,47.28362904655289,0,0,0,5,NNP_POS,10
10,541,often,12.895166627859947,0,0,0,6,RB,5
10,542,report,13.40219343694682,0,0,0,7,VBP,6
10,543,a,6.556670229096891,0,0,0,8,DT,1
10,544,substantial,15.127818578308176,0,0,0,9,JJ,11
10,545,buildup,26.643896341069116,0,0,0,10,NN,7
10,546,in,6.713150865180346,0,0,0,11,IN,2
10,547,tension,16.362358865704387,0,0,0,12,NN,7
10,548,when,10.303515303910618,0,0,0,13,WRB,4
10,549,suppressing,18.682568227857075,0,0,0,14,VBG,11
10,550,their,10.026103707581193,0,0,0,15,PRP$,5
10,551,tics,25.465032320845573,0,0,0,16,NN,4
10,552,to,6.280557174231113,0,0,0,17,TO,2
10,553,the,5.17205129965733,0,0,0,18,DT,3
10,554,point,12.254773694042107,0,0,0,19,NN,5
10,555,where,11.018728120918755,0,0,0,20,WRB,5
10,556,they,9.911507183877728,0,0,0,21,PRP,4
10,557,often,12.895166627859947,0,0,0,22,RB,5
10,558,feel,13.230825937944772,0,0,0,23,VBP,4
10,559,that,7.5199882505590345,0,0,0,24,IN,4
10,560,the,5.17205129965733,0,0,0,25,DT,3
10,561,tic,23.625569723937453,0,0,0,26,NN,3
10,562,must,11.937809330034693,0,0,0,27,MD,4
10,563,be,8.447345415772759,0,0,0,28,VB,2
10,564,expressed.,19.173253737329443,0,1,1,29,VBN_.,10
10,565,Tics,24.706405355005593,1,0,0,1,NNS,4
10,566,in,6.713150865180346,0,0,0,2,IN,2
10,567,response,13.048448975980211,0,0,0,3,NN,8
10,568,to,6.280557174231113,0,0,0,4,TO,2
10,569,an,9.046558361117718,0,0,0,5,DT,2
10,570,environmental,15.13458602159172,0,0,0,6,JJ,13
10,571,trigger,16.10278017768328,0,0,0,7,NN,7
10,572,can,9.501706077262956,0,0,0,8,MD,3
10,573,appear,14.303337015195208,0,0,0,9,VB,6
10,574,to,6.280557174231113,0,0,0,10,TO,2
10,575,be,8.447345415772759,0,0,0,11,VB,2
10,576,voluntary,17.17453716121083,0,0,0,12,JJ,9
10,577,or,8.922107338283002,0,0,0,13,CC,2
10,578,"purposeful,",33.12582308469548,0,0,1,14,"JJ_,",11
10,579,but,9.64272076435627,0,0,0,15,CC,3
10,580,are,8.669385276796898,0,0,0,16,VBP,3
10,581,not.,13.814100919350562,0,1,1,17,RB_.,4
10,582,Many,15.12571063007828,1,0,0,1,JJ,4
10,583,people,11.171465651218966,0,0,0,2,NNS,6
10,584,with,8.014664635242958,0,0,0,3,IN,4
10,585,Tourette's,47.28362904655289,0,0,0,4,NNP_POS,10
10,586,experience,13.338739167335806,0,0,0,5,VBP,10
10,587,additional,13.535482764636303,0,0,0,6,JJ,10
10,588,neurobehavioral,45.61006127543401,0,0,0,7,JJ,15
10,589,problems,13.612621848532047,0,0,0,8,NNS,8
10,590,that,7.5199882505590345,0,0,0,9,WDT,4
10,591,include,13.131763294663951,0,0,0,10,VBP,7
10,592,"inattention,",30.773075326397738,0,0,1,11,"NN_,",12
10,593,hyperactivity,31.538497573520242,0,0,0,12,NN,13
10,594,and,6.2095491118355035,0,0,0,13,CC,3
10,595,impulsivity.,52.4232913299533,0,1,1,14,NN_.,12
10,596,People,15.037046640811681,1,0,0,1,NNS,6
10,597,with,8.014664635242958,0,0,0,2,IN,4
10,598,Tourette's,47.28362904655289,0,0,0,3,NNP_POS,10
10,599,have,9.010965036933804,0,0,0,4,VBP,4
10,600,also,10.2982876731973,0,0,0,5,RB,4
10,601,reported,13.099888016606528,0,0,0,6,VBN,8
10,602,problems,13.612621848532047,0,0,0,7,NNS,8
10,603,with,8.014664635242958,0,0,0,8,IN,4
10,604,depression,15.73953313810415,0,0,0,9,NN,10
10,605,or,8.922107338283002,0,0,0,10,CC,2
10,606,anxiety,15.993489141525355,0,0,0,11,NN,7
10,607,"disorders,",20.722840491481453,0,0,1,12,"NNS_,",10
10,608,as,8.340623672004352,0,0,0,13,RB,2
10,609,well,11.24191454121933,0,0,0,14,RB,4
10,610,as,8.340623672004352,0,0,0,15,IN,2
10,611,other,10.411287485854839,0,0,0,16,JJ,5
10,612,difficulties,16.42560754172718,0,0,0,17,NNS,12
10,613,Tourette's,47.28362904655289,0,0,0,18,NNP_POS,10
10,614,syndrome,15.730233727061282,0,0,0,19,NN,8
10,615,may,10.78936461612156,0,0,0,20,MD,3
10,616,or,8.922107338283002,0,0,0,21,CC,2
10,617,may,10.78936461612156,0,0,0,22,MD,3
10,618,not,8.917353115369856,0,0,0,23,RB,3
10,619,directly,13.833673821153123,0,0,0,24,RB,8
10,620,cause.,18.282686564740175,0,1,1,25,VB_.,6
10,621,Tourette's,47.28362904655289,1,0,0,1,NNP_POS,10
10,622,is,7.347528720939248,0,0,0,2,VBZ,2
10,623,a,6.556670229096891,0,0,0,3,DT,1
10,624,diagnosis,14.899417948257927,0,0,0,4,NN,9
10,625,doctors,16.23997766936481,0,0,0,5,NNS,7
10,626,make,11.420941565900218,0,0,0,6,VBP,4
10,627,after,10.950222297746166,0,0,0,7,IN,5
10,628,verifying,19.41826869631913,0,0,0,8,VBG,9
10,629,that,7.5199882505590345,0,0,0,9,IN,4
10,630,the,5.17205129965733,0,0,0,10,DT,3
10,631,patient,13.569459498057775,0,0,0,11,NN,7
10,632,has,9.754877406931001,0,0,0,12,VBZ,3
10,633,had,9.816722327264898,0,0,0,13,VBN,3
10,634,both,11.500506718058375,0,0,0,14,DT,4
10,635,motor,14.881170411942652,0,0,0,15,JJ,5
10,636,and,6.2095491118355035,0,0,0,16,CC,3
10,637,vocal,17.142201013324133,0,0,0,17,JJ,5
10,638,tics,25.465032320845573,0,0,0,18,NN,4
10,639,for,7.693494297163422,0,0,0,19,IN,3
10,640,at,8.781250634161243,0,0,0,20,IN,2
10,641,least,12.57028203516876,0,0,0,21,JJS,5
10,642,one,9.838114205706063,0,0,0,22,CD,3
10,643,year.,16.945917640382994,0,1,1,23,NN_.,5
10,644,The,8.824079763818386,1,0,0,1,DT,3
10,645,existence,14.950153597383075,0,0,0,2,NN,9
10,646,of,5.986146708647226,0,0,0,3,IN,2
10,647,other,10.411287485854839,0,0,0,4,JJ,5
10,648,neurological,17.498811367307415,0,0,0,5,JJ,12
10,649,or,8.922107338283002,0,0,0,6,CC,2
10,650,psychiatric,17.32880235253456,0,0,0,7,JJ,11
10,651,conditions,13.130131098137138,0,0,0,8,NNS,10
10,652,can,9.501706077262956,0,0,0,9,MD,3
10,653,also,10.2982876731973,0,0,0,10,RB,4
10,654,help,12.330208672487544,0,0,0,11,VB,4
10,655,doctors,16.23997766936481,0,0,0,12,NNS,7
10,656,establish,15.157436424484207,0,0,0,13,VB,9
10,657,the,5.17205129965733,0,0,0,14,DT,3
10,658,diagnosis,14.899417948257927,0,0,0,15,NN,9
10,659,of,5.986146708647226,0,0,0,16,IN,2
10,660,Tourette's,47.28362904655289,0,0,0,17,NNP_POS,10
10,661,is,7.347528720939248,0,0,0,18,VBZ,2
10,662,the,5.17205129965733,0,0,0,19,DT,3
10,663,correct,14.320964683674067,0,0,0,20,JJ,7
10,664,one.,14.734862009686768,0,1,1,21,NN_.,4
10,665,Knowledgeable,30.27859415236713,1,0,0,1,JJ,13
10,666,clinicians,18.001200280688447,0,0,0,2,NNS,10
10,667,consulted,18.56988377249148,0,0,0,3,VBN,9
10,668,by,8.57862391074893,0,0,0,4,IN,2
10,669,patients,11.912179852991923,0,0,0,5,NNS,8
10,670,do,10.414961517463322,0,0,0,6,VBP,2
10,671,not,8.917353115369856,0,0,0,7,RB,3
10,672,often,12.895166627859947,0,0,0,8,RB,5
10,673,misdiagnose,47.4831197541555,0,0,0,9,VB,11
10,674,common,12.762242503753459,0,0,0,10,JJ,6
10,675,tics.,30.36178012482628,0,1,1,11,NN_.,5
10,676,"However,",17.446028317169958,1,0,1,1,"RB_,",8
10,677,atypical,18.612359722807412,0,0,0,2,JJ,8
10,678,symptoms,14.822409163765549,0,0,0,3,NNS,8
10,679,or,8.922107338283002,0,0,0,4,CC,2
10,680,atypical,18.612359722807412,0,0,0,5,JJ,8
10,681,presentation,15.843569584608467,0,0,0,6,NN,12
10,682,such,10.802507576654243,0,0,0,7,JJ,4
10,683,as,8.340623672004352,0,0,0,8,IN,2
10,684,onset,16.193465282463332,0,0,0,9,NN,5
10,685,of,5.986146708647226,0,0,0,10,IN,2
10,686,symptoms,14.822409163765549,0,0,0,11,NNS,8
10,687,in,6.713150865180346,0,0,0,12,IN,2
10,688,adulthood,18.487418825196606,0,0,0,13,NN,9
10,689,may,10.78936461612156,0,0,0,14,MD,3
10,690,require,14.018788128264294,0,0,0,15,VB,7
10,691,specialty,18.191534239252704,0,0,0,16,NN,9
10,692,expertise,16.7665143371621,0,0,0,17,NN,9
10,693,for,7.693494297163422,0,0,0,18,IN,3
10,694,diagnosis.,19.796165752238633,0,1,1,19,NN_.,10
10,695,There,12.46120785053467,1,0,0,1,EX,5
10,696,are,8.669385276796898,0,0,0,2,VBP,3
10,697,no,10.387625509173944,0,0,0,3,DT,2
10,698,blood,13.303240141379277,0,0,0,4,NN,5
10,699,or,8.922107338283002,0,0,0,5,CC,2
10,700,laboratory,15.867957792157089,0,0,0,6,NN,10
10,701,tests,14.557518271533446,0,0,0,7,NNS,5
10,702,needed,13.521160937592931,0,0,0,8,VBN,6
10,703,for,7.693494297163422,0,0,0,9,IN,3
10,704,diagnosis.,19.796165752238633,0,1,1,10,NN_.,10
10,705,"However,",17.446028317169958,1,0,1,1,"RB_,",8
10,706,neuroimaging,34.29120852434701,0,0,0,2,JJ,12
10,707,"studies,",17.88274835057678,0,0,1,3,"NNS_,",8
10,708,which,9.57515612507219,0,0,0,4,WDT,5
10,709,include,13.131763294663951,0,0,0,5,VBP,7
10,710,magnetic,14.591170131281949,0,0,0,6,JJ,8
10,711,resonance,16.347278750479855,0,0,0,7,NN,9
10,712,"imaging,",20.15900178619288,0,0,1,8,"NN_,",8
10,713,computerized,19.4024284011036,0,0,0,9,JJ,12
10,714,"tomography,",22.438247420431715,0,0,1,10,"NN_,",11
10,715,and,6.2095491118355035,0,0,0,11,CC,3
10,716,"electroencephalograms,",58.46472494626147,0,0,1,12,"NNS_,",22
10,717,as,8.340623672004352,0,0,0,13,RB,2
10,718,well,11.24191454121933,0,0,0,14,RB,4
10,719,as,8.340623672004352,0,0,0,15,IN,2
10,720,certain,13.397889436384133,0,0,0,16,JJ,7
10,721,lab,15.82477803266362,0,0,0,17,NN,3
10,722,tests,14.557518271533446,0,0,0,18,NNS,5
10,723,may,10.78936461612156,0,0,0,19,MD,3
10,724,be,8.447345415772759,0,0,0,20,VB,2
10,725,used,11.055458890009728,0,0,0,21,VBN,4
10,726,to,6.280557174231113,0,0,0,22,TO,2
10,727,rule,14.13128315855273,0,0,0,23,VB,4
10,728,out,10.24888073574989,0,0,0,24,RP,3
10,729,other,10.411287485854839,0,0,0,25,JJ,5
10,730,conditions,13.130131098137138,0,0,0,26,NNS,10
10,731,that,7.5199882505590345,0,0,0,27,WDT,4
10,732,Tourette's,47.28362904655289,0,0,0,28,NNP_POS,10
10,733,might,12.1759533185724,0,0,0,29,MD,5
10,734,be,8.447345415772759,0,0,0,30,VB,2
10,735,confused,16.530993269183163,0,0,0,31,VBN,8
10,736,with.,12.911412439223664,0,1,1,32,IN_.,5
10,737,In,10.361524289609886,1,0,0,1,IN,2
10,738,terms,13.071399620889622,0,0,0,2,NNS,5
10,739,of,5.986146708647226,0,0,0,3,IN,2
10,740,the,5.17205129965733,0,0,0,4,DT,3
10,741,role,13.171478239444447,0,0,0,5,NN,4
10,742,of,5.986146708647226,0,0,0,6,IN,2
10,743,genes,13.83097589826102,0,0,0,7,NNS,5
10,744,in,6.713150865180346,0,0,0,8,IN,2
10,745,the,5.17205129965733,0,0,0,9,DT,3
10,746,"disorder,",20.659679295592714,0,0,1,10,"NN_,",9
10,747,evidence,12.635858293353454,0,0,0,11,NN,8
10,748,from,8.815789051907856,0,0,0,12,IN,4
10,749,twin,17.379839316285892,0,0,0,13,NN,4
10,750,and,6.2095491118355035,0,0,0,14,CC,3
10,751,family,12.716406168928025,0,0,0,15,NN,6
10,752,studies,12.866379672645166,0,0,0,16,NNS,7
10,753,suggests,14.832864666890355,0,0,0,17,VBZ,8
10,754,that,7.5199882505590345,0,0,0,18,IN,4
10,755,Tourette's,47.28362904655289,0,0,0,19,NNP_POS,10
10,756,is,7.347528720939248,0,0,0,20,VBZ,2
10,757,an,9.046558361117718,0,0,0,21,DT,2
10,758,inherited,17.474854633394482,0,0,0,22,VBN,9
10,759,disorder.,20.540058421641806,0,1,1,23,NN_.,9
10,760,Although,14.20558915748689,1,0,0,1,IN,8
10,761,early,13.049688080609997,0,0,0,2,JJ,5
10,762,family,12.716406168928025,0,0,0,3,NN,6
10,763,studies,12.866379672645166,0,0,0,4,NNS,7
10,764,suggested,14.523992487679909,0,0,0,5,VBD,9
10,765,an,9.046558361117718,0,0,0,6,DT,2
10,766,autosomal,19.495829679612783,0,0,0,7,JJ,9
10,767,dominant,16.170154203267302,0,0,0,8,JJ,8
10,768,mode,14.257306274244716,0,0,0,9,NN,4
10,769,of,5.986146708647226,0,0,0,10,IN,2
10,770,inheritance,17.941478798251712,0,0,0,11,NN,11
10,771,characterized,15.425980195504398,0,0,0,12,VBN,13
10,772,the,5.17205129965733,0,0,0,13,DT,3
10,773,"condition,",18.708657119229823,0,0,1,14,"NN_,",10
10,774,more,10.075051597559401,0,0,0,15,RBR,4
10,775,recent,13.678385121518708,0,0,0,16,JJ,6
10,776,studies,12.866379672645166,0,0,0,17,NNS,7
10,777,discovered,15.138370668699793,0,0,0,18,VBD,10
10,778,the,5.17205129965733,0,0,0,19,DT,3
10,779,pattern,14.32550229117144,0,0,0,20,NN,7
10,780,of,5.986146708647226,0,0,0,21,IN,2
10,781,inheritance,17.941478798251712,0,0,0,22,NN,11
10,782,was,8.24568223794633,0,0,0,23,VBD,3
10,783,much,11.661835042064435,0,0,0,24,RB,4
10,784,more,10.075051597559401,0,0,0,25,RBR,4
10,785,complex.,18.515509570080358,0,1,1,26,JJ_.,8
10,786,Although,14.20558915748689,1,0,0,1,IN,8
10,787,there,10.313087737286885,0,0,0,2,EX,5
10,788,may,10.78936461612156,0,0,0,3,MD,3
10,789,be,8.447345415772759,0,0,0,4,VB,2
10,790,a,6.556670229096891,0,0,0,5,DT,1
10,791,few,12.402199019809682,0,0,0,6,JJ,3
10,792,genes,13.83097589826102,0,0,0,7,NNS,5
10,793,that,7.5199882505590345,0,0,0,8,WDT,4
10,794,have,9.010965036933804,0,0,0,9,VBP,4
10,795,substantial,15.127818578308176,0,0,0,10,JJ,11
10,796,"effects,",18.160447446942047,0,0,1,11,"NNS_,",8
10,797,it's,17.208633392209624,0,0,0,12,PRP_VBZ,4
10,798,also,10.2982876731973,0,0,0,13,RB,4
10,799,possible,12.591587046572617,0,0,0,14,JJ,8
10,800,that,7.5199882505590345,0,0,0,15,IN,4
10,801,many,11.555553853436457,0,0,0,16,JJ,4
10,802,genes,13.83097589826102,0,0,0,17,NNS,5
10,803,with,8.014664635242958,0,0,0,18,IN,4
10,804,smaller,14.311058281265577,0,0,0,19,JJR,7
10,805,effects,13.144078769010434,0,0,0,20,NNS,7
10,806,and,6.2095491118355035,0,0,0,21,CC,3
10,807,environmental,15.13458602159172,0,0,0,22,JJ,13
10,808,factors,13.221669494730701,0,0,0,23,NNS,7
10,809,may,10.78936461612156,0,0,0,24,MD,3
10,810,play,13.093409474857072,0,0,0,25,VB,4
10,811,a,6.556670229096891,0,0,0,26,DT,1
10,812,role,13.171478239444447,0,0,0,27,NN,4
10,813,in,6.713150865180346,0,0,0,28,IN,2
10,814,the,5.17205129965733,0,0,0,29,DT,3
10,815,development,13.171889052527533,0,0,0,30,NN,11
10,816,of,5.986146708647226,0,0,0,31,IN,2
10,817,Tourette's.,52.18037685053359,0,1,1,32,NNP_POS_.,11
10,818,Genetic,18.966422513846926,1,0,0,1,JJ,7
10,819,studies,12.866379672645166,0,0,0,2,NNS,7
10,820,also,10.2982876731973,0,0,0,3,RB,4
10,821,suggest,14.24197220253804,0,0,0,4,VBP,7
10,822,that,7.5199882505590345,0,0,0,5,IN,4
10,823,some,10.70366249120027,0,0,0,6,DT,4
10,824,forms,14.460990010905185,0,0,0,7,NNS,5
10,825,of,5.986146708647226,0,0,0,8,IN,2
10,826,Attention,33.02059579658309,0,0,0,9,NNP,9
10,827,Deficit,34.80240356545501,0,0,0,10,NNP,7
10,828,Hyperactivity,34.47943980597667,0,0,0,11,NNP,13
10,829,Disorder,19.41028189407603,0,0,0,12,NNP,8
10,830,and,6.2095491118355035,0,0,0,13,CC,3
10,831,Obsessive,47.20435804059781,0,0,0,14,NNP,9
10,832,Compulsive,34.263882758269105,0,0,0,15,NNP,10
10,833,Disorder,19.41028189407603,0,0,0,16,NNP,8
10,834,are,8.669385276796898,0,0,0,17,VBP,3
10,835,genetically,17.890998958389023,0,0,0,18,RB,11
10,836,related,13.406207970330957,0,0,0,19,JJ,7
10,837,to,6.280557174231113,0,0,0,20,TO,2
10,838,"Tourette's,",52.2999977244845,0,0,1,21,"NNP_POS_,",11
10,839,but,9.64272076435627,0,0,0,22,CC,3
10,840,there,10.313087737286885,0,0,0,23,EX,5
10,841,is,7.347528720939248,0,0,0,24,VBZ,2
10,842,less,12.543374695795542,0,0,0,25,JJR,4
10,843,evidence,12.635858293353454,0,0,0,26,NN,8
10,844,for,7.693494297163422,0,0,0,27,IN,3
10,845,a,6.556670229096891,0,0,0,28,DT,1
10,846,genetic,15.00243259302911,0,0,0,29,JJ,7
10,847,relationship,13.910565378121174,0,0,0,30,NN,12
10,848,between,10.95358436249511,0,0,0,31,IN,7
10,849,Tourette's,47.28362904655289,0,0,0,32,NNP_POS,10
10,850,and,6.2095491118355035,0,0,0,33,CC,3
10,851,other,10.411287485854839,0,0,0,34,JJ,5
10,852,neurobehavioral,45.61006127543401,0,0,0,35,JJ,15
10,853,problems,13.612621848532047,0,0,0,36,NNS,8
10,854,that,7.5199882505590345,0,0,0,37,WDT,4
10,855,Tourette's,47.28362904655289,0,0,0,38,NNP_POS,10
10,856,commonly,15.353585869359975,0,0,0,39,RB,8
10,857,co-occurs,53.0968579033135,0,0,0,40,VPZ,9
10,858,with.,12.911412439223664,0,1,1,41,IN_.,5
10,859,An,13.117088416274601,1,0,0,1,DT,2
10,860,important,12.546260764509764,0,0,0,2,JJ,9
10,861,role,13.171478239444447,0,0,0,3,NN,4
10,862,in,6.713150865180346,0,0,0,4,IN,2
10,863,Tourette's,47.28362904655289,0,0,0,5,NNP_POS,10
10,864,gene,13.686734597961529,0,0,0,6,NN,4
10,865,expression,12.748908558932005,0,0,0,7,NN,10
10,866,is,7.347528720939248,0,0,0,8,VBZ,2
10,867,played,14.285148898151292,0,0,0,9,VBN,6
10,868,by,8.57862391074893,0,0,0,10,IN,2
10,869,the,5.17205129965733,0,0,0,11,DT,3
10,870,sex,14.401009892677855,0,0,0,12,NN,3
10,871,of,5.986146708647226,0,0,0,13,IN,2
10,872,the,5.17205129965733,0,0,0,14,DT,3
10,873,person.,17.886472976865722,0,1,1,15,NN_.,7
10,874,In,10.361524289609886,1,0,0,1,IN,2
10,875,"particular,",18.16075441827659,0,0,1,2,"JJ_,",11
10,876,males,16.04240096563761,0,0,0,3,NNS,5
10,877,affected,14.816913834064735,0,0,0,4,VBN,8
10,878,by,8.57862391074893,0,0,0,5,IN,2
10,879,the,5.17205129965733,0,0,0,6,DT,3
10,880,gene,13.686734597961529,0,0,0,7,NN,4
10,881,are,8.669385276796898,0,0,0,8,VBP,3
10,882,more,10.075051597559401,0,0,0,9,RBR,4
10,883,likely,13.327971768240882,0,0,0,10,JJ,6
10,884,to,6.280557174231113,0,0,0,11,TO,2
10,885,have,9.010965036933804,0,0,0,12,VB,4
10,886,tics,25.465032320845573,0,0,0,13,NNS,4
10,887,and,6.2095491118355035,0,0,0,14,CC,3
10,888,females,16.03690649976168,0,0,0,15,NNS,7
10,889,who,10.440803113603465,0,0,0,16,WP,3
10,890,have,9.010965036933804,0,0,0,17,VBP,4
10,891,a,6.556670229096891,0,0,0,18,DT,1
10,892,genetic,15.00243259302911,0,0,0,19,JJ,7
10,893,predisposition,33.37131715339861,0,0,0,20,NN,14
10,894,are,8.669385276796898,0,0,0,21,VBP,3
10,895,more,10.075051597559401,0,0,0,22,RBR,4
10,896,likely,13.327971768240882,0,0,0,23,JJ,6
10,897,to,6.280557174231113,0,0,0,24,TO,2
10,898,have,9.010965036933804,0,0,0,25,VB,4
10,899,obsessive-compulsive,72.28535308439139,0,0,0,26,JJ,20
10,900,symptoms.,19.719156967746255,0,1,1,27,NNS_.,9
10,901,Much,17.31789924895618,1,0,0,1,JJ,4
10,902,current,12.85007764036876,0,0,0,2,JJ,7
10,903,research,13.19641510871682,0,0,0,3,NN,8
10,904,is,7.347528720939248,0,0,0,4,VBZ,2
10,905,aimed,16.134337155674423,0,0,0,5,VBN,5
10,906,at,8.781250634161243,0,0,0,6,IN,2
10,907,better,12.492542561150294,0,0,0,7,RBR,6
10,908,understanding,14.369647291283723,0,0,0,8,VBG,13
10,909,the,5.17205129965733,0,0,0,9,DT,3
10,910,genetic,15.00243259302911,0,0,0,10,JJ,7
10,911,basis,13.907478196306936,0,0,0,11,NN,5
10,912,and,6.2095491118355035,0,0,0,12,CC,3
10,913,symptomology,31.733466499651577,0,0,0,13,NN,12
10,914,of,5.986146708647226,0,0,0,14,IN,2
10,915,"Tourette's,",52.2999977244845,0,0,1,15,"NNP_POS_,",11
10,916,as,8.340623672004352,0,0,0,16,RB,2
10,917,well,11.24191454121933,0,0,0,17,RB,4
10,918,as,8.340623672004352,0,0,0,18,IN,2
10,919,its,10.588677784406197,0,0,0,19,PRP$,3
10,920,relationship,13.910565378121174,0,0,0,20,NN,12
10,921,to,6.280557174231113,0,0,0,21,TO,2
10,922,related,13.406207970330957,0,0,0,22,JJ,7
10,923,disorders.,20.603219617530545,0,1,1,23,NNS_.,10
10,924,The,8.824079763818386,1,0,0,1,DT,3
10,925,hope,14.003178977970915,0,0,0,2,NN,4
10,926,is,7.347528720939248,0,0,0,3,VBZ,2
10,927,that,7.5199882505590345,0,0,0,4,IN,4
10,928,this,8.876632627435416,0,0,0,5,DT,4
10,929,research,13.19641510871682,0,0,0,6,NN,8
10,930,leads,14.742578766001937,0,0,0,7,VBZ,5
10,931,to,6.280557174231113,0,0,0,8,TO,2
10,932,better,12.492542561150294,0,0,0,9,JJR,6
10,933,diagnostic,15.972964108988577,0,0,0,10,JJ,10
10,934,tools,14.751518505539892,0,0,0,11,NNS,5
10,935,and,6.2095491118355035,0,0,0,12,CC,3
10,936,better,12.492542561150294,0,0,0,13,JJR,6
10,937,treatments,15.832503516610519,0,0,0,14,NNS,10
10,938,for,7.693494297163422,0,0,0,15,IN,3
10,939,Tourette's.,52.18037685053359,0,1,1,16,NNP_POS_.,11
