0.02254211
2.88443595
4.82259530
2.24698914
13.59375000
1.62597656
1.30574524
6.56673094
4.41463320
3.67578125
1.75919243
0.75456061
5.00089539
2.63085938
1.73828125
8.90242243
2.65153202
1.87093140
4.73527039
0.24499512
7.83403394
8.38225177
2.40730774
0.06193055
3.60766539
3.38183345
0.48608710
4.94140625
0.94970703
1.12499751
4.05281804
2.66902649
1.50569703
0.32153320
1.58113586
4.41886414
0.05599976
7.09472656
4.33113586
8.43660461
3.50569703
8.18660461
11.05468750
5.87751770
9.36808289
10.52498352
3.22941101
3.67618711
9.66674867
3.13915891
1.33431156
11.92935284
1.32650653
0.85400391
23.24951110
7.52473626
1.75480164
7.18441046
5.24487367
18.68391844
1.21468140
1.74397828
10.27433289
15.70019282
9.58016179
3.78366815
3.09936835
8.85156250
7.75000000
0.54833984
2.30500721
3.66480053
2.54687500
2.47858932
5.67122562
3.35108045
6.20587988
2.84920600
2.64519060
9.41048094
1.11979250
3.14933289
6.69596188
0.30599124
2.61767578
2.46093750
6.79207336
1.74991883
1.58496094
0.81933594
4.45613586
2.74112976
1.27050781
2.30907829
4.80127327
3.68888243
1.72713320
13.97328674
11.51652039
1.54589844
0.76277649
0.24650086
2.54207336
8.61450133
3.32584718
15.29573360
0.21989140
2.10156250
3.58503713
0.90715037
1.46022034
2.49715149
13.61808289
4.17187500
1.86629211
0.07686340
8.22037345
2.52165170
3.71980774
0.64445008
6.64639697
3.04069592
4.83984375
1.12304688
13.35554743
3.38965093
14.88588502
0.59043874
6.81925975
0.87207031
1.87508117
0.02427185
0.61474609
12.53798981
6.66244902
6.66674867
16.24144947
2.33862865
1.12036133
0.72078430
3.87784851
4.76953125
0.81933594
1.75105774
6.67789672
0.96069398
5.60546875
5.57812500
0.38574219
5.78457683
4.80681294
1.68652344
7.02237976
8.52343750
1.77636719
0.05026245
0.21472168
8.77164672
6.87725808
3.01277649
2.98917664
0.66064453
3.08789062
5.54426751
9.17057624
4.09765625
1.04589844
1.26269531
11.94030699
1.02417054
1.69051086
6.49698914
14.25691711
0.37223328
2.62109375
5.64575133
1.01049867
0.49804688
2.96093750
7.79254544
5.20745456
0.39132999
3.21272828
14.17968750
5.98347961
0.80851258
0.87646484
6.99910461
10.06513640
1.78963320
12.14355469
0.45263672
4.52904090
6.70956504
8.39420656
4.70605469
6.78198242
2.64843750
0.45823989
14.56518617
7.20703125
0.22717285
5.78816711
2.60050476
0.97656250
4.02107602
4.25626773
1.91601562
2.82031250
0.29663086
7.15257979
1.28011857
1.17138423
2.58390569
6.35823360
2.51139531
4.53515625
2.89558899
1.80070008
2.93074524
1.12296570
1.16349180
3.16658632
16.59529477
0.27555484
0.38452148
7.46785461
0.73038758
5.30240719
7.93237367
2.18611757
4.01277649
0.55607117
0.10184692
13.57210328
1.97558594
4.69531250
0.05230713
0.56054688
7.88574219
6.21520659
1.51733461
14.81794105
5.23373559
0.81787109
1.15820312
0.00434113
0.46459961
3.43464650
0.49015819
3.64843750
9.94083555
8.34139101
1.54882812
11.29687500
5.50781250
0.42016602
0.97509766
0.00770950
0.87792969
9.18660461
3.56355774
0.60530640
1.66406250
1.72704081
3.23503435
11.29622562
1.90332031
4.17578125
8.11718750
5.00000000
0.84130859
2.58756469
1.49210633
1.16064329
6.42423648
1.51855469
9.57812500
0.05389404
0.09490967
1.81339290
4.76375554
1.44140625
2.82779533
0.32617561
8.01652039
2.66691101
11.91023493
9.12101507
5.49218750
0.60302734
2.10082946
2.96167054
3.96972407
0.88777898
2.38671875
0.42081726
2.96093750
0.08947754
0.82371958
3.05916445
1.03027344
13.36718750
1.68074524
3.54386414
0.65991149
0.77758851
1.45214844
4.52888852
6.23738586
0.62483890
1.05371094
2.25081173
0.53971562
6.06412345
1.02181405
10.56005735
5.09912234
0.75292969
4.74609375
2.90600399
0.41089054
0.33931332
6.18896609
1.80362976
3.11132812
5.45312500
5.48437500
5.88793883
3.79174867
12.81654043
1.33838015
1.53247008
10.12506871
6.45696254
6.61596742
9.19441711
4.13574219
2.22851562
1.21573914
2.90234375
0.28027344
1.44709521
10.51009530
1.73046875
17.20133422
3.77376219
10.37255984
9.82812500
8.89453125
0.57771789
2.88175476
6.12109375
0.08172607
2.11523438
2.40459582
8.30811170
0.40258789
6.45222961
1.19574140
2.30932679
12.73258422
4.54085328
5.16739805
9.98103945
1.77929688
3.92578125
0.01492310
0.00828552
3.00585938
4.19319578
4.54728273
3.67773438
0.32202148
0.62996399
20.34899414
2.69156860
1.99202515
9.92097961
11.70133422
0.23852601
0.22277832
1.04663086
1.02734375
5.05379211
6.21573914
5.20312500
0.68212891
1.67675781
3.44531250
5.69335938
8.11718750
1.34570312
0.01129150
0.83203125
4.33163452
3.70279906
2.97835328
1.32408443
12.57055851
1.28898133
2.18738633
14.47486037
0.76220703
5.56640625
4.17187500
3.73437500
0.14233398
5.42578125
0.00688934
0.15881348
6.16015625
5.19758533
1.96753490
3.55558289
1.49218750
0.38134766
2.49299923
8.25895390
1.75390625
1.09675837
5.43351507
1.02832031
8.50602172
7.09944703
7.21484375
14.83348846
0.19421387
2.13512358
10.44018617
10.15998840
0.76269531
6.78562450
16.99129211
1.11027039
2.41992188
4.81005859
1.18457031
5.99511719
5.12500000
14.69441711
0.82853211
1.61718750
3.01757812
3.74804688
8.38281250
0.08459473
3.55859375
8.03125000
1.59472656
0.41870117
0.32364592
2.29174867
3.90917969
1.19628906
0.71402110
10.60628484
2.24503601
1.03613281
0.61726867
0.60989982
0.62557319
11.87858156
1.14160156
9.05110594
4.60123781
1.00878906
8.16918883
6.47646388
5.35865691
0.78865913
3.39723121
7.54036126
1.34822944
7.73738586
0.98892938
7.50472296
0.22607422
3.14933289
1.00887024
0.10465516
6.11470938
2.27148438
0.16389953
0.79044617
3.78125000
2.98046875
0.76074219
0.52246094
3.43164062
0.64257812
3.65571298
8.14242575
1.47062195
8.41739805
1.60310976
3.89062500
1.45613337
1.62492132
1.82031250
9.51472961
1.65600762
0.37117866
1.07282885
3.55387577
1.47095163
0.24340820
2.03832447
2.25269115
2.90144836
2.17081726
7.08087158
3.17187500
1.02148438
5.75000000
11.55797529
4.45703125
3.93945312
0.02452087
9.18420410
8.32031250
9.21289062
4.54012024
5.33984375
1.48624695
0.20178223
2.05638589
2.51636801
4.37500000
2.48909298
2.31559452
0.21325684
0.96536717
2.43627992
6.41406250
16.12141844
2.91674867
12.49218750
1.77237976
2.14942932
1.10050103
0.55591132
6.72835328
1.37890625
1.14550781
2.15234375
7.94531250
5.60066711
2.53409851
0.76155391
6.81364140
0.82958984
6.30965149
3.34659851
8.54687500
3.82348571
2.96362367
0.20678711
0.65071532
0.74421868
6.09603280
3.63476562
0.02194214
0.56201172
1.58856906
1.63168605
5.39152039
4.59464539
5.47656250
5.22656250
0.93847656
0.92480469
1.20214844
1.36979001
0.22257632
4.41886414
8.50691711
3.73839463
5.93359375
2.84375000
7.83959774
0.70581242
0.38647461
2.49908343
3.11956892
5.70703125
3.08007812
2.16015625
4.28271484
2.16601562
7.12890625
0.27807617
1.00122070
5.34375000
0.63085938
11.98437500
9.80000269
1.16780890
0.05023193
1.33274269
2.09765625
4.95564208
12.31159111
3.75228280
0.58203125
4.56640625
2.18383789
3.18750000
2.56355774
0.35892131
5.24813054
6.06339539
8.10880430
1.66560976
0.23266602
0.52164610
0.92569447
6.97306959
5.19140625
2.15429688
0.05300903
9.30468750
7.02246094
8.94726562
5.12500000
2.19335938
8.86271055
1.47981189
0.34986037
0.34667969
1.31884766
4.57812500
1.57812500
0.02540588
6.50781250
0.13916016
0.11578369
3.53835297
0.66121149
0.86914312
1.23331726
0.14268919
5.74397828
0.11214234
4.85139517
6.66032358
0.15295410
13.50071809
3.49146941
1.69091672
0.64803164
2.19816101
4.44238032
1.32324468
0.07934570
0.47649222
0.85392647
10.28125000
1.51749695
0.87158203
3.43489251
1.34546210
0.71525086
2.77449524
0.10865996
6.38940492
2.37304688
0.09448242
1.26545393
1.71957169
7.84464539
0.49161805
10.72566711
3.87980164
20.81160461
8.36808289
20.99129211
0.21219910
4.64004932
0.95272412
6.71394836
1.33292664
5.47762024
8.71134461
3.57812500
3.95898438
2.72590814
0.24544499
0.85457461
2.02343750
0.25756836
3.65300329
9.66853945
3.35937500
1.27880859
12.54687500
1.15136719
8.36718750
0.00782776
2.89062500
2.84846050
1.09782856
2.96679688
0.10876465
1.76904106
12.04597961
1.02884825
13.49625610
3.23103945
4.68538453
1.41691101
5.61621094
5.52734375
2.14949524
5.78157469
8.04394282
8.58463874
3.38899657
0.75154726
7.63191711
0.98234070
3.09406223
1.18621121
2.99609375
7.71191406
1.01660156
0.16271973
2.72817100
0.54526650
0.04605103
0.64332305
8.03214539
14.32812500
6.78906250
0.33911133
1.03051696
6.78002992
6.93001219
9.26139406
3.69335938
0.99267578
12.22656250
3.32136525
1.64347850
0.20568848
2.07812500
0.00423050
0.06878662
2.60900879
12.79239805
3.03670351
0.50292969
0.85807250
6.21183289
0.98527039
5.01806516
4.08349734
0.05090332
0.52490535
1.34586796
2.33030544
0.45175753
6.19474367
3.67888117
3.53117132
1.47436523
5.79207336
3.17682395
1.49869875
0.58154297
1.66054260
5.03995789
4.25781250
1.65820312
0.14270020
4.13406372
16.07324219
4.68424438
6.11629211
4.09798094
5.99487367
0.68522218
0.23071289
0.49220001
2.10831726
2.68416320
9.67277039
3.77058899
0.99601258
0.72558594
0.03308105
2.19232666
2.59464539
1.57054461
16.48795656
8.20247562
0.54443359
0.66023431
6.02873054
1.85373901
7.08772828
3.22460938
0.94677734
4.10359680
5.11808289
2.19246399
8.80468750
11.46875000
2.63370789
14.63972961
5.81207171
7.88218306
4.69051086
5.87360262
1.04330839
0.60457336
12.75870789
1.73339844
5.03222407
5.42090093
5.29296875
4.42382812
1.61425781
2.26757812
0.25268082
7.73372562
5.44230164
5.55769836
0.01252259
0.09364257
0.21582094
1.56250000
0.13671875
3.39794922
2.58398375
1.49096742
2.11328125
0.13586426
2.09565465
9.98504432
11.12500000
2.50585938
0.24483215
10.11523438
6.68448914
0.36279297
1.89257812
0.74169922
0.45922852
6.13923759
1.29940132
6.26171875
2.18855774
2.45581117
0.35253906
1.37898742
6.28995789
10.01627438
2.49935062
8.76562500
5.87011719
1.28027344
0.05511475
2.08454261
0.34905114
0.03906250
0.61697578
4.00366211
4.48046875
11.89396055
1.99471132
4.83984375
7.38671875
0.47469055
0.68741883
3.15553093
3.33609985
6.01196227
9.32902039
0.05790285
4.89453125
0.15631104
3.52148438
1.10839844
0.07455026
8.29052734
10.06534851
8.34683954
1.51503790
0.44458008
5.68359375
3.28906250
1.02539062
2.78209686
1.10139392
8.90609264
0.16390015
8.23437500
1.34375000
0.19763184
8.06250000
2.84186559
2.30779199
16.11116578
2.16544493
0.53873781
0.43229187
14.86392487
0.27954102
5.22875665
2.21069647
0.26440430
2.17341229
0.95402787
2.71826296
0.98535156
0.25585938
1.30415686
3.56666223
1.08007314
0.72656748
0.66259766
4.43513977
14.40736602
0.20141664
1.07617188
2.59667969
0.21411133
0.32316039
0.75569703
0.03756714
0.11456545
11.46451906
0.31022156
6.80078125
2.84480774
3.48762428
0.73665406
1.52148438
6.04296875
0.11523438
2.65419140
0.35581836
9.31250000
3.18945312
7.94140625
2.56654846
1.54980469
9.71483378
4.20793661
0.14086914
6.28849180
1.02596132
4.07332336
0.02701844
2.16601562
3.21484375
0.47013305
13.16585328
6.44344055
0.85782898
1.52856383
5.71362367
2.96500610
1.08772828
2.49910461
0.30809109
1.55102726
12.99218750
1.63671875
0.47265625
5.48437500
0.01110077
1.65922577
1.10173980
7.70491578
0.61083984
1.88769531
0.41918945
0.22226972
0.40828554
1.90616883
3.37304688
2.40234375
11.10196587
0.07015327
0.67443785
1.99096742
0.66528258
8.89241578
0.80118836
2.07332336
0.85204477
4.31079787
7.29296875
0.06481934
4.42187500
0.89550781
9.41918883
0.16925111
4.61172651
0.72575576
4.36840758
11.42610594
1.72347296
0.86767578
0.17630060
1.11971132
1.87508117
2.63167213
1.64819398
2.25797485
12.25333555
6.18204898
0.32519531
1.05224485
2.83846132
2.77734375
8.36808289
10.28125000
4.66796875
1.57519531
11.36891785
1.62028202
2.18750000
8.20312500
9.94661375
3.53873781
3.13834407
2.64957890
0.77189148
9.24218750
2.97070312
4.46126219
12.32299867
0.02512635
0.14436979
4.79443484
8.77343750
2.30273438
0.13962768
1.32796265
6.44531250
0.00548553
3.49495235
7.21989140
0.91210938
1.05859375
5.53906250
8.96875000
7.38671875
0.05111694
9.26355830
8.11892452
7.10775155
8.34285461
4.25089539
10.31250000
8.68269836
2.59887633
4.26920656
0.96736633
1.69523133
7.12500000
0.77539062
6.83504211
0.13468445
2.29882812
0.13635254
0.23474121
17.09195922
6.80200133
4.76297339
0.71007647
11.04325908
3.35799257
15.35139953
6.97281361
5.09749889
1.35049604
5.03146165
10.47399933
4.28995789
0.47094727
8.50064938
2.85107546
8.70161957
10.94274933
4.72957336
0.05093384
0.06821717
8.92610594
7.20629322
7.54924146
12.55354610
3.94645390
14.59375000
2.68945312
4.14575133
1.30444398
0.37060547
5.38671875
5.58504211
6.04777039
5.08544673
8.02547429
2.19034851
3.51863586
4.91406250
2.11027039
11.30802305
1.62459414
6.26187611
2.30168162
11.86905945
1.76985594
6.80647828
5.09554078
0.73144531
12.90356383
8.97835328
0.01645935
1.62011719
7.96174424
2.61247451
0.34716797
10.09285461
5.93839539
0.18969727
0.59483815
1.34261608
0.36108398
5.08593750
11.14843750
9.02856383
2.61401429
0.63281250
3.48543274
3.41992188
12.74161805
1.72273742
3.14542664
3.17773438
1.47762024
4.30826408
6.33520944
5.44921875
5.03076172
5.60163495
4.58838763
4.52335633
6.77343750
2.75994873
0.83496094
2.03515625
7.86035156
0.54606078
8.38883422
4.77343750
0.46500734
3.73444870
6.29875443
7.36067376
2.72589567
2.59409463
1.53613281
7.41739805
0.76554383
3.15518230
1.25464926
4.07812500
11.18323107
9.17529920
0.72542359
1.80274963
3.58203125
7.59676086
5.24161680
6.37890625
7.70280031
0.43221070
4.24218750
2.56347656
0.44636899
7.55704898
1.65046931
2.38664007
1.54101562
6.04117797
3.34683456
3.19579954
0.82072895
5.85432735
2.03002992
0.75089664
1.13769531
0.13134766
4.23437500
0.58740234
5.21166556
1.70435006
6.37801086
-0.00964080
0.51513672
9.71093750
19.01977539
3.41979980
8.98258422
0.00404908
9.08593750
1.12792969
4.18359375
2.73152649
1.54972351
0.47338867
3.51139157
8.90560062
11.35937500
8.96875000
7.67578125
0.83618102
2.52417054
7.32812500
2.43750000
2.18310547
1.87231383
2.24096742
5.69352172
1.12093140
14.96875000
6.10156250
0.85253906
14.44652261
0.48918661
14.22745789
5.43839539
15.61042775
14.81144725
2.68359375
7.07078458
16.42921542
0.35709594
1.73738586
1.07983461
0.44262695
3.73655420
12.97544104
1.28312195
9.37076470
2.30819038
0.93896048
11.13753546
4.28800601
4.99388963
14.25521498
1.06046570
2.80859375
3.37255859
3.54418883
0.95776429
12.13362900
0.81283217
12.47835328
6.41975953
18.83146055
0.52644961
4.62109375
2.32226562
11.16015625
5.42968750
1.42203735
5.46516844
4.70849734
4.68750000
1.45410156
11.61854312
2.51318982
2.25781250
3.86099845
6.72404366
0.79093445
6.78906250
5.45222961
5.42992354
1.87175310
5.38012633
6.52612367
4.11828613
3.94832336
4.03995789
0.43603516
1.15234375
0.65657469
4.17846742
2.95597351
8.47208555
0.52205507
12.24348626
4.32616689
6.65601396
6.47655253
1.64364583
7.22298094
3.99365359
0.88045227
1.52148438
2.80964775
12.80607491
0.46427430
1.74104610
1.34025210
13.35335328
1.48168883
5.63639406
0.50504516
10.90714539
6.66495789
2.93945312
2.05468750
9.13281250
3.44547485
2.43147828
3.11245706
4.08383200
1.31160461
2.09659851
1.87402344
2.48730220
5.24031804
0.82820617
0.40901734
0.39697266
1.70743213
13.91032358
0.30387515
9.61041778
1.44231659
6.22802610
5.31396609
1.76562500
4.42879211
3.16691101
8.20312500
6.19604056
1.03833444
3.48999023
6.67968750
0.52636719
0.13911926
12.12280996
12.38818484
8.74413564
1.44141123
5.32722961
0.32397461
7.05948914
7.95312500
2.58984375
0.10815430
1.82836852
1.72827211
1.01171875
1.37768555
6.91918883
6.05737367
5.23828125
6.68269836
6.88468196
0.85547124
1.86816406
2.64648438
2.21443540
2.18790835
0.22802734
13.16874486
6.38126773
6.06250000
0.90787719
7.22444703
4.30915947
1.81388741
8.32381040
14.84130984
0.49112976
0.12501951
2.35905031
7.34375000
2.46891235
7.38370789
3.36417664
0.67041016
15.00000000
2.86539672
9.02522828
2.12304688
3.05200133
1.84448304
11.92187500
7.60758422
1.88460328
0.00968933
1.43371582
4.63191711
1.74991883
7.91796875
4.45703125
6.19093260
4.14632203
10.57031250
5.40323914
1.37044188
1.73014406
0.35034180
4.22753657
2.30566655
8.31160461
1.74112976
7.40926086
11.14152039
1.96402953
5.78694703
0.13037109
12.93660461
0.87329039
0.02115968
0.06304932
4.11816406
1.89949524
5.07902039
0.77294922
1.18236744
3.18628490
2.36914062
11.47656250
7.74910461
0.99112976
1.50195312
0.15366576
0.03212525
2.18945312
3.04687500
2.59684203
3.75390625
9.69710328
2.78125000
10.20800532
1.00293218
0.09112549
1.54122925
1.17399047
5.82210328
0.35302734
8.51716977
2.28873781
0.30151429
2.12049866
2.65055297
6.97151485
1.12890874
5.35156250
9.17968750
0.72705078
0.04873657
5.27178830
6.62255984
3.05468750
2.72822571
7.66503657
2.05957280
1.03515625
10.56250000
10.49071144
2.22022606
2.13476562
7.71484375
1.39949524
1.86417664
10.30981383
13.09464539
3.05647828
0.34204102
2.89648438
0.06896973
8.24820922
6.70613586
0.10034242
4.42211852
5.51781915
7.70426640
3.80403812
2.23632812
5.01806516
4.89045767
1.89331615
20.55340576
1.05664062
6.43570922
1.49585023
2.26188110
2.95296265
2.75000000
0.05490112
3.48844360
2.82275266
0.31844242
0.66552734
2.29988586
10.08243836
1.48535156
0.26489196
4.80737367
6.62711547
0.13179566
2.95694260
0.15405959
11.77400758
5.44628906
13.71875000
0.02537537
3.58984375
4.50000000
1.78515625
8.13346188
0.03877933
0.74110413
4.39843750
1.60351562
8.75846188
6.97623781
3.00162843
11.46093750
0.21032653
2.14632203
8.94620789
3.23242188
12.64257314
1.70614084
9.25089539
0.51741516
0.85392273
8.37052305
9.63533632
9.80207004
2.78777371
9.07036127
3.02639959
0.48527039
6.90234375
3.20312500
2.17293274
0.89249695
4.93750000
0.93457031
16.56250000
0.23404782
1.69661624
7.26953125
1.28808594
3.91056211
6.09676086
0.86474734
2.62109375
10.48950133
3.49983765
2.44034851
0.58361806
4.90340647
10.72835328
0.76562500
14.80330009
2.58732491
5.89469048
4.42537788
11.04792775
0.84953319
6.92488586
0.71622742
4.59765625
1.48258422
5.35725953
2.49218750
6.96516844
4.98014406
5.73828125
8.65926086
5.70792664
0.84570063
7.97363530
7.26928711
7.62402344
1.16609680
7.72745789
5.98046875
0.63476562
2.01652667
5.70882203
1.76359070
1.02441406
0.97916501
3.63802249
3.50585938
6.98046875
4.76953125
8.64062500
8.68750000
0.76940918
4.64843750
2.22656250
3.03710938
15.22724915
1.38875305
7.70402039
3.25390625
7.11149047
5.58894836
0.32324281
8.48738586
11.45108821
0.73926030
6.60367797
0.73811890
1.56835938
7.04988586
6.36156500
3.44954344
7.53092531
8.38663208
1.19523133
9.03977691
6.46378601
7.54988586
1.08105469
1.62686946
0.25195562
4.56640625
2.64168274
2.47941101
8.22753906
1.49625610
6.44319703
1.35839844
5.00032469
2.05989251
1.14583749
8.74910461
0.81778992
15.19703993
10.18603391
3.69270999
3.66300476
5.60847961
2.83219360
0.45637938
2.52970523
10.57031250
7.64843750
0.02494812
5.52343750
0.24304137
2.17651429
19.55509087
1.29271900
2.51986591
1.15828430
5.54988586
2.33968140
1.00878906
5.44726562
5.73290891
0.71240359
2.11621094
2.26757812
1.91422485
0.46427430
3.09765625
6.00089539
5.88313719
7.50162843
3.25992797
3.81429078
9.42700133
5.29597961
6.49967531
11.61379158
3.15754876
0.33113960
1.35350037
2.03710938
7.50390625
15.21870910
0.69230164
0.73193359
12.16210938
1.53719055
11.96875000
1.04492188
2.55948914
2.62133478
0.86596991
3.19455329
1.81203789
2.43042054
7.59195922
0.05611207
13.21223626
3.00268866
5.70613586
5.07600953
15.51114805
11.60668883
0.10823734
1.81445312
5.56640625
0.49422055
1.96720523
6.04296875
3.65820312
7.28515625
7.61238586
6.14152039
9.86629211
1.84033203
5.92732602
4.00366024
5.88240913
4.10243225
1.10066711
0.13114441
3.97070312
7.89062500
8.87923094
2.52417054
3.95418274
1.58797242
2.60009641
13.30135195
5.91015625
6.54150266
6.81876773
6.01700244
0.31502881
2.00781250
1.63875305
6.74650086
0.71240234
8.37231383
0.59350648
3.10286438
4.71785461
1.01546265
8.83325133
0.94018617
1.92773438
1.20711242
0.29682185
0.22127507
1.48917664
9.95667205
10.26831117
0.14416504
2.81477782
5.74788453
13.24308289
11.73437500
0.45963562
1.77246094
7.05110594
7.28734043
3.82862699
7.98559508
1.17545656
1.17591315
2.17578125
9.01519172
6.31879265
6.01147274
8.14957890
2.30468750
4.69531250
8.38901120
3.38126773
3.75976562
0.74218750
1.19148742
5.25480164
0.41210938
5.50781250
10.02652704
5.43896609
9.33325133
1.34106632
11.31852172
11.68432181
3.08879100
5.59375000
5.88281250
4.03125000
5.30680297
7.69352172
1.44401125
0.79540766
2.32519780
4.65926086
0.66007508
6.93619127
5.33529310
4.60847961
4.17399047
6.93237367
5.92968750
2.09570312
3.94417110
6.02067265
5.82812500
13.84375000
4.40926086
8.16651917
6.18839539
1.53963071
5.27880984
22.21183289
9.65453489
4.18326906
10.60245789
8.31762633
5.40372119
5.38021498
0.20532227
8.84285461
0.35782898
7.40535461
1.75047457
1.00920988
1.01742554
4.04597961
2.95312500
1.47257508
12.55289672
5.96646720
3.74235483
4.28125000
0.15942383
0.17529297
1.22998047
0.19360352
3.06640625
7.83203125
4.95010417
0.88290364
8.96875000
2.69596313
3.21744626
5.78239140
3.97086547
2.36051142
6.76432624
1.13281250
1.31445312
1.28466672
4.77880984
2.75292969
2.66406250
0.56884766
2.87215149
5.26261414
5.32332336
1.96036805
13.69441711
4.40234375
0.56095398
2.67517090
8.57031250
4.64062500
8.21004211
12.66560727
3.59895999
10.64476729
0.26343583
2.14648438
10.05002328
0.50075797
7.39941406
5.19921875
5.08984375
0.52441406
3.79630430
0.72762148
6.26114805
0.36971132
2.54492188
11.32315603
6.60653147
0.84822570
3.53995789
5.07812500
0.26855469
2.52254211
10.78995789
11.41316711
2.43448914
3.39762079
7.52425421
0.83251953
4.14306516
10.80224734
1.09090149
1.15128601
4.02734375
6.68750000
4.10825345
7.25397590
1.54801391
1.83186890
4.09342406
13.81624390
1.71264648
7.41796875
15.92187500
2.46289062
2.63645529
1.00905252
16.51562500
3.65820312
1.37801086
0.58691406
0.90079773
3.43164062
5.22460938
20.04687500
2.27343750
8.83010054
4.75367021
6.21503173
0.73271667
5.48225953
0.80379211
9.43839539
2.59179688
5.49129211
-0.00931274
7.69652261
1.32105551
0.28466797
0.46012266
0.64510195
0.62011719
18.67683899
5.53336547
1.19995179
5.26472961
-0.00837432
6.21004211
13.97477172
7.79565492
9.78035461
4.30558289
3.11914062
7.91617797
1.80794188
0.99755984
2.51953125
5.13281250
1.05761719
3.87695312
4.42358212
5.99243351
2.01367188
3.12801086
2.73608212
4.29182735
0.13607186
13.61888963
4.51001662
10.07812500
3.77539062
0.44067383
4.62890625
2.22208555
6.02010195
6.20312500
5.31941711
0.66739930
2.12695312
3.51486579
0.17125054
1.77636719
5.31730164
5.81160461
5.86718750
0.74346374
8.07902039
2.55452515
0.27099609
3.91699219
1.38867188
4.44531250
8.89843750
0.03265381
2.64838285
7.66463320
6.40323914
4.45312500
0.70361328
1.47070312
11.90820312
7.40733026
1.09904117
1.44270999
0.35498047
2.30859375
2.35066711
0.94271477
11.36076241
1.00097656
8.70466977
1.09863281
5.37394351
8.01562500
2.71199524
9.17277039
0.59716797
2.90445922
2.93929078
0.16296387
5.82250665
2.89526679
0.46500485
1.19563968
2.91316711
0.91739930
5.29508422
7.87175538
16.44775266
0.22241336
0.56835938
1.61872604
1.57715591
10.46183289
5.35758422
1.20402039
3.03084165
9.80403812
0.23474121
0.77294922
10.62561035
6.11328125
0.01980591
8.90372119
0.38827100
0.10070801
5.88793883
0.43969789
1.10279399
5.99040669
1.91308594
0.11964948
3.45760195
0.78613281
4.99218750
3.36961271
6.46046542
0.05068970
2.25145238
0.67626330
2.42680463
9.87861592
2.01156139
11.66406250
1.25121634
4.24536569
1.20703125
6.07511414
5.09285461
0.48771180
2.20853668
5.91752106
2.11108398
1.33256012
2.26623504
5.08235594
1.28173953
1.58080868
5.40957060
2.51149268
9.50292844
4.51228945
6.83683289
3.24316157
9.89355718
4.92968750
20.07763298
4.01131538
0.21500672
19.94356262
4.87800089
11.78154501
4.05167664
0.27905273
3.61791556
4.67114694
1.82617188
12.27057403
4.89608599
0.17953139
7.47957336
1.71012391
4.94051086
6.25089539
10.59977172
1.39241578
1.90917969
4.19474180
1.20572751
12.48820257
6.28287345
1.57959358
1.60042359
5.78906250
0.74658203
3.89453125
0.00170040
8.95664946
7.64527925
0.92089844
0.27709961
8.14754211
2.10831726
2.49465713
4.04201462
0.42228149
6.59195922
2.11336367
0.50000000
1.66707336
0.52726258
6.73046875
4.87109375
3.30859375
1.75097656
0.16768371
0.39664734
1.31054688
10.27319149
7.56005291
2.97510139
6.39428649
16.28995789
2.71858765
3.23437500
1.89745845
1.44832585
5.38761414
5.06673094
1.49487367
2.44034851
15.97756195
2.17382812
2.46126219
2.66959718
7.92968750
4.10221188
6.76106937
4.15657469
4.53873781
0.38012695
3.79580231
2.18857269
4.72656250
6.78125000
6.08917714
1.45101451
0.81787109
5.71093750
3.02563165
2.32983710
1.06933594
6.88281250
2.69018119
6.04134530
0.64737976
0.35034180
5.69151182
4.01530031
5.80558289
1.97355164
3.24609375
1.04109680
6.76261414
6.91560727
11.21720523
4.27734375
0.85107422
2.43359375
6.46565049
2.63998060
1.89453125
4.72444703
3.98242188
0.62532469
2.08756593
0.10974121
12.05150931
0.38061960
1.50488281
6.31640625
5.54727837
4.95719360
4.35718085
7.12467531
3.72851562
6.53035461
4.34195984
5.15535461
1.00480164
6.20613586
4.43009087
1.22314827
5.23900931
1.88403756
1.46386719
0.55725098
1.44238281
2.16406250
0.71207641
3.65218140
5.57812500
5.85457336
3.84073914
0.95467102
1.70499695
1.80761719
4.89843750
6.81250000
3.92293274
2.26024394
2.13567098
12.50000000
4.10156250
0.78499266
10.35334705
8.10677748
1.37011719
10.56250000
1.74707031
0.20800781
1.75707946
5.72534242
1.24902344
2.44465564
1.57927014
0.90787719
5.46183289
1.68741883
7.73347961
5.05948914
3.07372922
18.51204344
3.48312626
0.94623780
1.94140625
7.36254821
7.10034242
9.50333555
2.26139406
7.74698914
0.87060547
0.09906006
1.12109375
6.58536680
6.70670656
19.85375665
1.81560553
2.96663453
5.18359375
0.12493896
5.47265625
0.30688477
6.85042110
4.65649601
3.01757812
1.98136414
2.42968750
9.44750665
13.81722296
5.52433289
9.23851729
4.53101396
2.18465149
3.41218806
0.66439093
4.82812500
5.56551086
8.07605025
3.87752382
6.66015625
0.25341797
0.87890625
0.93917660
7.75626773
1.34944703
6.99609375
1.24902344
4.49609375
8.32812500
0.58544922
0.00403595
2.56648244
7.94336436
3.62589539
8.85742188
9.08837766
2.84863406
1.31835938
3.45507812
1.89746094
5.35611813
4.11263187
0.43457031
1.29852295
3.53320312
3.87217914
5.08683289
8.95019531
5.82031250
1.87988281
1.84179688
0.01101685
3.35408134
3.17657553
2.38633532
0.48079406
6.09673948
9.21752743
2.40495124
2.25496399
12.25089539
3.99861259
3.07951241
6.64453125
0.00616837
8.98437500
4.19742797
1.33968140
10.58593750
2.14062500
3.07234555
4.60302859
0.82267273
11.74218750
5.82824707
0.66267883
2.66495789
6.23290891
10.82568484
0.36897641
9.17033023
4.33203125
15.48437500
3.08789062
2.81445312
2.71484375
1.08178711
5.16015625
3.03125000
14.76961242
0.97501648
0.04031372
3.68554688
0.78979430
11.81518617
1.98551391
3.64046265
0.04980469
8.03637695
2.93269836
1.44523133
7.12149712
6.53865913
1.80899899
14.46688373
0.64306641
5.36328125
2.22265625
0.15030883
2.65608765
1.71289062
4.66869681
10.06567819
3.04882812
6.44140625
12.87141844
2.30631593
7.05468750
6.03125000
8.31941711
5.00000000
0.64640320
3.45117188
5.55078125
0.18249512
7.35985705
1.36865857
3.85742188
7.32324219
3.19441711
2.62394226
3.54492188
0.68318664
2.74698914
5.85937500
0.11352539
1.72029477
2.99259585
9.02734375
1.99218750
10.96875000
4.43359375
12.94262633
1.63159242
9.89843750
9.73805952
11.55468750
0.11297607
3.62695312
5.07421875
2.55769836
1.52628601
2.34179688
8.54687500
1.89257812
2.65458129
4.12679078
4.28702571
2.12028202
3.70206726
7.73176751
2.11198249
13.18271663
3.44344304
0.00212669
3.65429688
1.66951352
1.58634585
4.67048759
1.99552803
8.08593750
0.59619141
9.07877563
1.70792664
3.87198914
7.14062500
1.86523438
3.59375000
5.65625000
0.37768555
11.26562500
1.43847656
4.03906250
0.20927792
3.84220523
0.10357666
13.92097961
3.08097351
4.89363586
0.70987976
0.90673828
1.45996094
4.93359375
3.71289062
1.46255285
6.72368493
8.28629640
4.02945922
0.38777711
5.86718750
10.15625000
1.95222961
3.73331726
0.40128477
0.01351015
5.85449219
2.51953125
4.49609375
0.83837891
5.19921875
1.61132812
15.92008422
4.52571033
2.29443982
2.89168274
1.37963805
2.02311281
5.74902344
6.27644836
4.09798094
1.23787539
4.39453125
2.63271637
9.74771720
7.40000221
0.47932984
5.44832336
5.36840758
5.48014406
12.46875000
3.09887633
3.26049867
2.86718750
3.83007812
0.64550781
7.60278258
30.31429078
11.50000000
2.37394226
4.63833722
2.84603778
1.11914062
5.76953125
0.46712219
5.63867188
8.25870789
4.52343750
8.59478324
3.18091256
1.35156250
7.76668274
3.48632812
4.62980164
3.05078125
12.01367188
15.97389709
12.76204344
1.39069870
1.84725786
4.90714539
0.83471617
10.23616578
3.51863586
1.57698609
7.48542775
3.28800975
0.57519531
4.43359375
3.27343750
2.70808899
1.05265320
1.40926086
10.25861924
2.97860427
4.88671875
0.23425293
8.19531250
0.91210938
0.46980774
8.14933289
1.63101923
1.84814702
6.34073914
9.64062500
8.44620789
4.75691711
3.02196643
10.87451795
3.21183289
3.95703125
0.94677734
3.90820312
0.82779906
1.08390320
1.92472351
2.22851562
5.46093750
5.14843750
0.61718750
5.98355829
9.47257757
2.16031922
3.76953125
10.81160461
0.78076172
6.72508644
0.64006676
1.91894531
2.43269836
13.19531250
5.75870789
4.83984375
3.26912290
4.44279117
2.62695312
1.80639462
2.92798038
7.59268728
2.89665170
6.43448914
3.35969969
12.49576906
1.83886719
8.89754211
1.63891290
0.49682929
4.77433289
3.65462157
6.75748781
0.56013977
0.79386414
3.48518673
5.68082890
1.04785156
1.86718750
1.74707031
4.45037842
6.55411680
2.06461547
1.90665835
4.57722961
4.12980164
0.09552002
0.27303039
1.10245789
0.65302002
4.37890625
0.99796570
3.29101562
10.40625000
7.88989071
2.52871247
1.81967807
2.84960938
3.38085938
0.12286377
13.72656250
10.52945922
2.79671265
1.45117188
6.22851562
2.80183899
7.12890625
0.15885437
2.23437500
5.94921875
1.53816711
13.23339096
0.04289505
1.34612656
1.62402344
1.92838376
1.39192874
10.34798094
4.65983156
2.33203125
13.51122673
11.67928413
5.32120789
0.68701172
5.85351562
4.31583555
7.76831117
2.37874390
6.46484375
1.43750000
3.76969360
4.29673694
0.87362256
4.81730164
3.96093750
3.56250000
0.04705811
10.10616981
1.14788175
15.34171634
4.52703900
7.69921875
0.11920166
1.13228332
4.53995789
4.42578125
5.49552305
10.12166445
6.04687500
6.65055297
1.44417359
2.10546875
8.68855275
1.52148936
9.43099594
3.01578236
4.56323803
0.60253906
7.63387024
1.20206726
1.04394407
2.52099734
11.00195312
1.47762024
0.09000672
8.03816711
6.85156250
17.10530142
3.04329842
3.10245291
4.30453014
1.73258422
0.53304078
0.60839844
4.09912109
1.94051086
7.44352172
1.23510804
6.76863586
3.04972351
2.48437500
0.74804688
1.42879211
2.45206726
3.77001829
3.14510195
1.51847102
1.17977116
5.62890625
6.82844969
7.91853945
4.86629211
1.86869324
1.46972656
2.32812500
3.06355774
0.31144226
8.02945922
0.17024781
0.00287247
1.33536742
4.57454344
0.56884890
11.99373227
1.17033023
2.13967133
0.40039062
5.51562500
7.78462219
4.42968750
7.41715204
1.78597296
10.16851951
7.12835549
2.90827184
2.93954676
2.02522828
0.07393371
5.79777039
1.57617188
12.27343750
7.26953125
3.63020501
8.17480718
1.38053468
0.97306211
5.02701906
12.96712815
3.95296265
0.23022461
7.43903480
4.65080895
1.19539367
3.43839539
9.37500000
7.18903480
2.07463707
9.26383422
2.90608765
3.31852172
0.98909547
4.93586658
8.27897717
8.28906250
3.55078125
1.56258117
0.33585633
4.38939994
4.27880984
0.67651679
4.03474914
13.74674313
2.38696476
8.31640625
2.32031250
0.04586792
3.55273438
1.49906371
5.16886414
0.84757508
3.66512024
7.91707336
2.20296265
4.46484375
2.56941711
0.66064453
0.50626648
6.38671875
0.34195797
5.16341312
2.55371094
1.45507812
3.42382812
4.51562500
0.55428039
10.02433289
2.23665282
9.24576906
0.01947021
4.82877438
2.00716312
6.90234375
4.42008422
1.37972047
6.08203125
0.12752258
3.35066711
4.11507203
1.79785156
0.56640625
2.44726562
2.13476562
1.70800781
2.85742188
2.49023438
3.83032164
4.73527039
0.95255555
2.98136414
3.86238586
11.98639185
1.71567541
2.60742188
2.15820312
0.07741272
6.86808289
4.64216977
0.89786929
0.18298340
2.41615990
1.41489416
3.45190492
4.35066711
6.77433289
3.48819759
11.60962101
1.38028992
5.76652039
5.03816711
0.28185848
9.41520390
2.37304688
11.76806516
12.27099734
13.16739805
7.23014406
0.57218445
12.81648742
1.99308289
1.16056211
9.31941711
5.04777039
3.19017122
4.81235261
3.02343750
8.73242188
2.23242188
1.11328125
7.88281250
0.40551758
9.74731383
5.33862367
3.92301391
8.69417359
5.51171875
0.07910156
2.16210938
6.95947266
13.44563345
6.33610483
0.42700133
0.43969789
2.76481628
1.48697751
5.68685062
2.56510251
1.90901734
2.99552305
4.18147330
5.21704787
1.47656250
1.88378906
1.15836547
5.11617004
1.74585023
4.37328790
11.36499335
0.98193359
7.08984375
2.47851562
6.40625000
9.49373227
0.27994937
2.60449219
6.09375000
1.31640625
0.27246094
3.80078125
1.59082031
0.47395563
6.91398382
2.79492188
2.78352782
7.23706117
2.06730164
3.18375610
13.17040891
4.05013187
1.07324219
4.72932735
2.09293827
1.75292969
3.95027649
0.14896668
0.71728516
8.88378906
0.68994141
3.39062500
0.48128110
5.88908023
6.53125000
4.14453125
1.26171875
7.88516401
3.38827349
1.06250000
4.23093585
1.90382978
1.13094055
0.51611328
1.81046570
1.04003906
2.78270363
0.41749168
0.54980469
6.96004211
4.15193664
1.32405640
3.66935118
6.44889406
2.66691101
0.43286133
2.00195312
0.27054746
1.90885500
0.01197327
2.51131164
1.00187195
2.06445312
2.81250000
2.33593750
6.88117908
3.77116467
11.31256871
1.29786402
6.98272164
11.01101063
2.07552249
0.14758301
4.15429688
2.69246399
3.51652039
0.81835938
4.68750000
2.75919493
0.07356875
4.73632812
2.24414062
2.74609375
1.93554688
0.37011656
3.57015015
5.58601618
0.50032843
9.00544977
5.99992132
0.98535156
10.83967642
1.16618295
0.68066406
3.02652206
6.14730607
6.60066711
1.38663758
6.84049313
1.25813968
8.96386719
7.26953125
22.10864639
1.19824219
2.11636331
3.04476950
5.16406250
1.80761719
10.37117243
3.41371787
11.38307845
1.41406250
1.10351562
3.19042969
9.47029477
2.43595523
11.92064495
2.14176578
9.04142896
9.13728945
0.23030640
4.92968750
4.14599609
1.27246094
14.99910461
13.75423094
4.41072695
4.35156250
2.00235899
5.12166445
12.13565603
4.34871897
1.34919853
2.86857491
5.57332336
0.05887879
6.70165891
1.69384890
4.14695646
2.69003878
9.46964539
3.35099180
9.74666445
19.40607270
2.61148549
0.17775431
9.29549071
18.06800354
4.62377992
1.23046875
1.39876219
8.07299867
6.71408232
13.44287234
2.03336547
1.01643922
3.17578125
2.27262079
3.07112921
3.05371094
0.79931641
6.37500000
8.07543883
2.41390015
0.93204773
9.11718750
8.95735594
3.08950411
0.25595550
1.27823914
0.62939453
0.56222773
10.90226507
2.47688719
11.40893617
1.86222351
1.31884641
2.63818484
5.86238586
3.08031915
1.51920905
9.94140625
2.09179688
2.75301086
0.07611084
12.00089539
4.21484375
11.98258422
2.94710328
1.62410461
0.64786805
4.51708984
3.97371399
13.64933289
0.57031250
8.49910461
0.68359375
0.19254578
9.56817709
3.17010416
0.88623047
5.46582031
7.62109375
9.76562500
0.12556945
6.85496925
0.04508422
2.92171265
0.02743530
1.47425022
5.45964871
13.52164672
8.46272828
6.17488586
4.68750000
0.02174377
0.36287414
3.56746399
1.79532774
1.94783632
3.87679078
3.93164062
14.24820922
1.07031250
3.96679688
5.34944703
1.49511719
3.29972351
0.90584040
5.26465093
0.97403992
2.48778923
8.26090578
5.79289007
8.00000000
3.38761414
2.22265625
0.14050293
0.33512328
0.25349976
2.47386636
2.22836325
14.05468750
2.07511414
10.44441711
3.91886414
6.53914118
4.04289007
2.30468750
10.79687500
1.04394531
9.67968750
2.66796875
3.81542720
4.44043218
1.91796875
5.00000000
0.01141357
3.62849914
5.38761414
3.08308899
2.70214595
1.12492132
9.54703735
12.99600822
0.28483530
5.57551751
2.30835272
13.92862976
2.04793274
11.37589539
7.54687500
1.06640625
2.16601562
13.85169992
0.08775320
2.77636719
6.44742797
11.56064881
2.86303586
6.35302859
1.10148133
3.27343750
14.21109486
1.16895030
2.73225953
7.29296875
7.57877438
2.09611148
0.82218445
3.37890625
4.65926086
1.43945312
2.10441101
2.21093750
14.34480275
1.60872562
7.85897163
5.44408993
1.88891788
9.66829344
11.47900266
5.46093750
4.88004765
2.40144836
1.86222351
9.04345703
2.04492188
7.87426758
0.64501953
7.78125000
0.65185547
7.40795898
1.82039367
0.79239930
5.72801399
3.32828735
3.32015015
6.26171875
4.53515625
10.10668883
3.21557679
1.80761719
2.55679799
2.78890514
0.82128906
5.71289062
5.17187500
2.28125000
6.44716202
3.08408798
0.17492676
1.97736986
1.33244459
11.32589722
1.10945617
1.77823914
8.14754211
8.01652039
5.04311614
1.51938386
5.50781250
7.45613586
8.52343750
5.33292664
1.02351867
1.49894226
0.20307922
2.85668883
3.12426446
5.08162788
0.33691406
3.07706726
8.62500000
8.96785461
3.24405696
0.61092351
3.95597351
6.22656250
5.28653369
4.29940381
2.28955078
9.54187012
2.97460938
5.94140625
7.08984375
0.05538940
18.01704121
0.71240234
6.75846188
0.31795414
1.23245343
4.38705341
0.18908691
2.11636456
6.78972185
10.00268617
3.16105164
0.24865723
10.66316711
6.42431516
2.17618960
6.32429743
2.87597905
0.19144715
0.78922235
3.12191046
0.47192383
0.89192376
1.07389655
4.94140625
0.06945801
1.17730713
8.10937500
1.51464844
7.67578125
4.79963985
0.61149296
1.61954400
2.57772163
11.35937500
6.05696282
5.45483710
1.69441711
17.48421265
10.06948853
2.00390625
10.43750000
3.35546875
7.00545102
3.61564273
0.37817383
2.37036071
0.33894898
0.62345398
5.24519836
3.49112976
2.84871399
3.07706726
1.10449219
2.07364805
2.66268007
0.21911621
1.22151485
1.27262577
3.95898438
0.74356868
11.86922429
5.78010860
10.43864140
0.22631836
10.09023715
6.73788785
1.83374023
1.27840149
3.22550476
1.00431211
5.23103945
0.18701172
3.00137744
3.77206006
3.02334636
12.22087544
6.57511414
0.67333984
2.50819905
8.97056072
6.83593750
1.10546875
11.53906250
1.52832031
0.97705078
0.00427246
6.24519774
14.73014406
0.08648682
1.17692016
10.95491578
0.68847656
3.56941711
7.47298094
6.47713320
0.12805176
0.08209229
4.44993186
9.24733377
0.37402344
4.82031250
0.16674805
1.71155761
1.10432984
9.75000000
0.43823242
3.09765625
0.02156067
9.54882812
1.63281250
4.00000000
4.44531250
2.07226562
0.56103516
3.60351562
7.24910461
0.41430664
3.86027039
5.77555297
2.93929078
0.20935059
4.80493102
9.98616578
0.79239930
2.00000000
0.54931641
2.86873227
5.70723325
1.31624640
7.23054743
7.02726507
15.22900266
5.09130984
0.60205078
2.88476562
1.06380125
1.50651125
1.88964844
7.54150266
4.80135195
13.50000000
6.98136414
2.48860594
7.60725953
3.22167720
9.71572917
1.87102504
4.42488586
1.02628601
14.22656250
0.17590332
0.95654297
9.38102172
6.89062500
9.56429078
6.90535461
5.25773133
2.02148438
3.50000000
2.12279339
2.05982380
2.79833984
10.17968750
3.80078125
4.51204344
3.66959718
7.42683400
1.05265819
11.61035156
7.02734375
2.71394836
0.52894530
12.89331117
5.19441711
7.97054078
1.34082031
2.27879364
6.66513519
6.92187500
0.93986023
1.99316406
1.79492188
5.23437500
2.51953125
0.11016846
2.60339231
2.07177859
5.94531250
0.16187437
6.67244570
7.25398493
5.45605718
0.73282898
1.98606889
1.37282080
5.59855164
1.06738281
2.62231383
5.81518617
4.57950244
0.46639600
9.36328125
7.63810118
3.67936281
2.85636414
3.02294548
0.16992561
3.20857602
3.65275210
2.54215453
5.13460328
9.66316711
0.77970398
6.14363586
1.21671570
2.56711624
2.72560837
1.59627133
2.23087710
4.98201352
4.63940492
1.19303468
5.95524047
7.16796875
6.67097961
9.95491578
1.95109070
6.50056945
5.47289977
3.53190187
1.81054688
2.46727478
5.06526485
0.43709538
5.71337766
0.60351687
3.43164062
1.79199219
4.99218750
3.93530874
4.21984263
5.24910461
0.57958984
2.20206726
2.26757812
2.37109375
0.15287231
0.07625367
2.95975707
19.14965758
3.06608156
2.87784851
5.46875000
12.77598572
5.61121457
2.51448734
0.83593750
5.14843750
1.15332031
0.36132812
5.21516844
2.82389406
0.84863281
0.22660277
11.34554078
0.17565918
0.02978622
5.35847961
4.19710328
0.24145508
2.54772949
3.08917236
7.97477172
0.57177734
0.24080445
4.40855345
3.77432292
3.64633200
1.15039062
2.15242492
6.55558289
18.03962822
1.32462960
5.22265625
8.65869016
2.39599734
0.01931763
1.65679932
1.18367492
1.57413758
7.17911680
4.37166445
1.12556572
3.41154366
3.35937500
4.01953125
0.43627930
1.44433594
0.85509631
0.32031873
3.98046875
0.24194336
4.15625000
0.51710998
13.32031250
0.46354187
0.07536804
0.82560242
12.24511719
3.26562500
0.93269836
1.35343445
8.42187500
1.51855469
4.52441406
0.96484375
2.18286071
20.35424867
0.04293823
0.37825375
7.83829898
0.32592773
7.94051086
2.96964539
2.13736065
12.64729610
8.17664696
1.97599180
0.58894961
4.14599609
0.39705383
0.01456726
1.10553892
1.80037539
3.38948360
18.51408023
4.29565492
0.54394531
0.45296203
0.28303891
4.55314273
3.83487976
9.55468750
1.66210938
2.81021720
5.13118905
0.97762024
2.12897621
1.61264184
3.29207336
3.76652039
2.59570312
12.57812500
2.24218750
3.18359375
1.87207031
2.45662290
0.21622867
2.69441711
3.56730164
1.66975704
6.55582890
1.14892578
2.27539062
4.44563719
10.66674867
1.25284851
1.91853696
1.77384585
4.74609375
10.27254211
0.10489930
3.56005859
11.95507812
9.86718750
3.55273438
1.80371094
0.99877930
8.78906250
2.79768859
5.07120789
2.29296875
4.89355469
14.55964525
0.98771803
1.55794250
4.32697488
3.52792442
5.14062500
3.21459774
5.69165226
11.13281250
6.93750000
1.53539728
1.97241522
0.31079102
3.30761719
5.27343750
3.19067321
2.38159242
2.83504211
3.12003601
4.71057129
6.57812500
2.82421875
10.02343750
15.85993573
0.52287677
4.45800781
4.12890625
6.06551086
0.06821717
1.70855651
2.03784242
4.91438719
3.14420656
0.05322266
0.18507473
7.21720523
8.15625000
0.73038758
10.89062500
3.23437500
1.00845939
3.17806405
4.06738281
10.59667906
2.47941101
7.73136414
9.09375000
8.03214539
3.79492188
1.16992188
2.00926415
0.35223182
12.85066711
1.82120789
2.39168274
15.73437500
4.56241883
6.71817930
1.77237976
2.99576906
3.70328735
0.70255555
3.71183289
0.38256836
3.70507812
4.92578125
1.07085995
5.90771609
1.14428773
1.84692321
7.69921875
2.66259641
4.40844415
0.41854319
4.16316711
6.68538453
11.38052970
3.89681405
0.44775391
6.75301086
1.60441101
8.27343750
1.55078125
2.56551086
11.98722351
2.97070312
1.00300961
0.55859500
8.38793883
3.71451906
2.49609375
2.23258422
1.11320008
0.72550476
8.77343750
0.92724609
7.51594969
0.29655031
0.40185547
1.63492797
3.66617797
1.43815187
2.42187500
0.33650571
4.59521609
12.61027039
2.53125000
0.03216553
7.48835993
3.58195257
3.72460938
9.97566711
3.61808289
4.88281250
1.40514587
20.61897828
1.16894531
19.69531250
4.78918457
2.54012024
6.87980164
0.58447266
9.33593750
0.37182617
0.40218078
1.91813172
0.49886047
2.63956726
3.73632812
1.94962461
7.98795656
4.53605164
12.20377438
20.03287843
0.35245851
2.28320312
9.21289062
3.06250000
2.23152649
3.08821532
11.95100953
1.05151429
4.11840758
2.01831117
1.53685963
3.84448803
4.52734375
8.30379211
10.14168274
6.04085328
1.05078125
3.41015625
0.18198545
6.17757203
1.12670961
7.30745235
4.90299313
1.85205452
0.68066406
4.96875000
9.19091797
7.00390625
2.76757812
1.88671875
10.61718750
11.90177305
0.77889101
0.08935547
0.86295044
1.82316101
17.32633422
1.62288453
0.29262081
7.81364140
1.66503906
9.17968750
6.67097961
0.10154236
2.09073665
7.36531804
1.46484375
13.81655364
3.36435394
21.61206117
2.58642578
1.11824524
9.71875000
2.10594831
15.60588458
1.95888120
0.61857242
1.35522461
0.21203613
0.01916504
0.68163024
6.85156250
5.57511414
0.42260742
6.18750000
0.09912109
3.38972961
9.61808289
7.71484375
1.47863770
6.18750000
0.12622070
11.05468750
0.03002930
9.56160461
10.41495789
13.30940734
1.21191406
0.76847351
4.95073990
4.07217199
7.26498808
9.41406250
2.51562500
3.17911182
0.37166943
0.48677551
8.13867188
0.52433289
1.57926391
2.33504211
4.21752992
10.58593750
4.03515625
3.31591423
7.63330452
2.90673704
2.56836062
4.58154297
5.28906250
1.96126219
3.59733156
6.21093750
2.69140625
1.25000000
4.62214650
7.00675975
1.56258117
4.98671654
2.30324135
3.89534422
3.81038453
4.24788453
6.20312500
4.94441711
0.43912781
1.34765625
0.38732723
0.82544132
0.58447266
1.46630859
1.06194196
7.43514849
5.00870789
6.57633422
12.72835328
4.84741024
12.25024601
11.94755542
0.64998352
11.12443055
2.97265625
9.03637633
5.34554078
3.13134143
5.61408799
6.50351285
0.02723694
0.79080468
4.62377992
5.61295656
0.17358398
0.91292235
2.53287843
4.22150987
1.93083388
5.45117188
5.46004211
1.86124695
0.93359375
3.57047485
2.84261109
3.21875000
0.70556641
1.01603086
14.27791445
7.25781250
0.44482422
2.16902649
0.22294129
8.89843750
0.49568602
9.45581117
4.41886414
2.64062500
6.29296875
14.04255541
0.67814771
10.08770771
3.92897938
2.11808289
2.49414062
8.01562500
4.24430297
5.90754876
7.34725288
1.23038758
0.21875000
2.41796875
1.10445004
6.08398438
6.43699801
11.03411347
7.23738586
0.74077746
0.61174146
2.38329954
3.88427859
0.33129883
0.65170288
0.54345703
3.19938110
2.86238586
0.50463929
1.20312500
0.69775391
0.43494804
0.17733100
5.74430297
10.65587066
2.32869570
0.27319336
1.94699097
2.10351562
7.62500000
1.62011719
2.53816711
1.14663987
0.98047623
9.87500000
2.41210938
1.77832031
8.32031250
2.16210938
4.72363281
0.62361633
7.56730164
1.00878906
0.98974609
6.94262633
5.06778992
2.38899657
0.62402468
0.85994445
0.32519344
15.89957890
0.39526367
0.06994629
0.17384764
9.10062280
4.11710633
1.32332336
3.32120789
0.44799805
0.68359375
1.28125000
4.90332031
4.66015625
0.59724914
11.07902039
0.77713013
0.24096680
6.00000000
6.63671875
0.30493164
3.73990470
0.59709053
1.61710633
3.58919188
3.47428468
7.98738586
0.19877137
11.63867188
0.80529661
0.06457644
7.96291076
6.02433289
1.54003906
0.93896484
1.89762328
2.07600953
2.75105275
2.75552222
5.97877659
0.78466797
3.98535156
0.12658691
11.35131649
1.59204288
0.02442932
2.43979858
9.25960328
6.85847961
2.51489196
1.79459718
1.39941406
2.12744016
16.02099734
2.02343750
0.09600830
0.29931641
0.12865598
7.83260195
4.39754211
5.73527039
0.70751953
5.16796875
3.94205065
6.79037123
1.24624986
7.16838209
1.01652039
3.28816711
2.72941101
6.16406250
7.18359375
6.74609375
4.96484375
0.06646729
0.01609802
0.00557327
0.98135615
4.23730718
7.35245789
2.52644836
5.45011414
0.73144531
11.03466797
14.89843750
4.89843750
11.74218750
10.02343750
1.98828125
7.43945312
0.09790039
0.35481750
4.86074746
5.45460106
2.83593750
4.24218750
3.52734375
2.23998338
5.06470412
0.10089111
1.10351562
2.25976562
0.04689514
4.27465633
3.78930851
2.12589539
0.95507812
0.38064264
7.04500554
6.81217531
4.16015625
0.03244019
2.56835938
2.54492188
0.96443664
4.65625000
2.52840149
1.49495484
5.50390625
0.23813717
6.56966312
4.77734375
0.38252622
0.70353335
2.88281250
4.99234735
3.29964483
20.74129211
2.60831726
0.23388672
2.03906250
0.15569944
3.16764406
3.01155640
3.02840149
3.27408688
1.66430851
1.55687168
0.30836269
0.45605469
5.75486231
6.14809287
9.04331338
3.87996399
1.78898133
8.03125000
5.14842753
4.76482075
1.91194703
12.71695922
1.55354859
0.97070312
12.58544922
2.27343750
3.46394836
1.45499695
5.96875000
6.35546875
4.96093750
1.31811523
0.80078125
5.34350399
4.91040226
0.51061949
0.03991762
2.06402588
0.11757385
-0.00934326
0.84048187
4.56640625
1.84659851
3.14257812
0.45987603
6.14412788
12.13883422
3.80590758
1.81502382
3.97177124
2.15039062
5.72265625
22.48242188
0.66064453
1.46449155
0.13525266
12.24820922
3.07210328
1.16361605
2.51037567
6.97835328
2.68164062
6.82421875
0.05834961
3.18359375
4.85546875
1.06917235
1.46264711
10.48872894
13.88537567
1.49065100
3.57796265
4.27620235
1.39754460
3.83593750
2.48738586
-0.01045715
0.81697570
7.05558289
2.89062500
2.34791185
0.56976361
3.63834718
3.34480774
1.02042664
1.48933899
11.47656250
1.50301086
1.19710328
1.86230469
0.80330383
-0.00803863
2.19638975
1.47819093
1.91796875
7.28125000
2.01456726
7.51073471
2.10075576
2.92472351
2.13370789
16.70703125
3.67187500
2.72809107
0.03509252
0.43334961
1.66205685
5.77579898
7.89152039
0.61621094
0.26436340
2.71695922
8.37768617
21.05149167
1.87630374
2.48437500
0.91536126
12.12972296
5.55061890
2.61930297
2.85725953
3.76757812
9.06160461
7.15625000
2.82551751
4.54647163
1.56250000
10.33674071
6.75179078
0.15319824
0.05212402
1.29589844
1.04617725
6.24862256
8.05468750
5.59439938
4.00492309
2.56168827
5.28759641
2.38867312
2.10937500
7.82031250
10.26562500
4.42789672
9.64575133
4.12947695
0.54199219
6.10847961
15.45084220
32.76306589
2.46785461
0.99755859
4.90714539
0.36059570
0.70361328
2.97851562
7.87801086
4.46573914
3.66748047
1.68660461
0.82511414
0.27779414
0.34529851
1.40722656
2.73046875
1.97558594
2.30574524
0.35196961
1.96113327
2.96973404
2.02237976
0.29123714
0.96403202
2.20987976
0.15991211
5.90234375
3.98152649
6.88761414
7.53710938
6.79394531
1.16316711
3.91300476
14.83748227
3.84562320
3.81835938
3.24414062
1.58398438
0.74169922
3.72745291
0.62996897
5.08113337
10.61320257
2.61718750
3.36124446
2.02938054
0.00301361
0.31982422
4.40625000
5.52945922
3.35530640
1.10937500
1.88694404
9.11897828
7.15144836
0.71915711
1.49511719
4.69531250
6.97656250
1.44636774
10.97257757
0.80859375
7.29967576
10.33423537
3.73543274
1.16202820
3.34765625
1.29101562
4.05078125
2.14062500
0.58154297
13.88972961
12.30948914
1.77627605
0.78720052
5.92187500
3.29687500
6.97265625
5.46093750
0.00295258
11.92187500
0.05230713
2.05825161
2.69182956
1.33780945
1.70873774
6.62019836
3.92000554
1.36116578
0.97753906
5.06250000
10.10937500
6.93180297
3.96809937
4.22566711
11.07120789
0.08001709
1.06933594
0.18701172
1.41316711
-0.00856506
1.01879634
4.99121343
4.17187500
4.98347961
10.65445922
0.86303773
2.94726562
6.18269836
1.63175476
1.10262024
11.41300476
5.34106383
12.03995789
3.79475953
0.28295898
0.01559448
4.22671986
1.56234264
3.13085938
1.34863281
0.04272461
4.96093750
1.93457031
13.04011525
2.07707225
0.48217773
2.44567871
2.05859375
5.68750000
1.08593750
9.36629211
1.81144226
7.41071698
7.66260638
6.77555297
3.50268617
0.13464355
6.40234375
0.94920339
3.58879100
7.39843750
0.22265625
1.34871399
1.15030945
6.04687500
6.36328125
1.09773742
4.77360047
6.51562500
3.86914062
5.12109375
10.10066711
2.44832336
0.55501344
6.91316711
0.10196961
4.02343750
5.50512633
0.11157289
0.52246094
1.53617477
3.64257812
1.32128906
12.62500000
14.33594777
1.91121897
3.68359375
7.97550476
2.62109375
1.11132812
5.52157530
2.80717826
7.13193705
16.15625000
9.40421570
0.69287109
0.67919922
0.58447266
0.57674133
0.23942078
7.67578125
1.67773438
0.04339600
1.73127051
3.28340241
2.44980939
1.90340149
1.04972351
2.77929688
10.71093750
1.49218750
3.48347961
6.49910461
3.26936890
0.09991455
1.52840149
3.50751644
1.63609928
2.23046875
0.73828125
0.78946961
2.48738586
9.37808954
0.77514960
0.94929369
3.40666334
3.07812500
2.73242188
0.06695557
2.24629450
3.21281194
1.54408162
9.64062500
2.66536624
8.68529588
4.51001662
6.64453125
3.48828125
2.76082336
1.99698914
5.92488586
3.09659851
1.75134733
0.36988862
6.44775266
7.92138547
3.79980718
3.79777039
1.58203125
5.29296875
3.28515625
3.18750000
0.33398375
1.46313539
0.92431641
2.76367188
11.25512633
1.25073304
0.07137024
0.00211609
1.05090101
9.33260195
6.00097656
5.28125000
12.27148188
11.35270390
7.39925172
1.14558899
1.59073914
6.50781250
7.10156250
0.54541016
3.36132812
16.43570922
1.56917359
0.17395020
3.70605469
1.94051086
2.84375000
1.60050476
0.59716797
2.49039672
3.03865601
8.70312500
5.97265625
7.65926086
10.56801756
1.98363448
3.64877216
0.72110774
1.66699468
0.29174805
1.62695312
4.48222339
3.13838208
3.79882812
2.91992188
1.87703430
4.42667664
1.90722656
0.32381164
1.23624695
10.92537290
1.87736148
2.58007812
6.91316711
8.74308289
4.10579344
0.65299562
2.07087822
4.90373116
0.39404297
0.35058594
1.47953398
1.30779199
7.28214539
5.54296875
2.67968750
4.76171875
5.95646055
2.51424257
10.41406250
0.23400879
0.62500000
4.57031250
9.14754211
1.27734375
2.06925476
4.12890625
1.93855774
3.51456726
0.25887024
2.20615475
5.25024601
0.45442688
4.59855164
8.31160461
4.87296570
2.75723267
0.24316406
2.54793274
6.32340204
0.74585272
7.12801086
0.78751648
3.74519836
1.27750610
5.96362367
7.10546875
2.33113586
0.62443055
0.42895508
25.39062500
16.76673710
5.56261862
2.20222961
4.75089539
2.35937500
3.81835938
1.50387303
2.84848293
4.69561227
5.06716422
1.78507508
0.45092773
1.57576477
8.75089539
0.72705078
3.16992188
1.04296875
7.57031250
0.00479889
18.56762633
7.62500000
4.94409242
0.81738281
3.31542969
1.52449524
4.88370789
6.00781250
3.57812500
0.14367676
6.83984375
0.02395630
0.04010010
6.07103807
1.13289616
0.29215952
7.66406250
1.99747618
3.91853945
0.90673828
11.36580009
6.93888741
1.61519348
7.24609375
4.52433289
0.70263672
8.89371454
4.73128546
4.34765625
4.65625000
2.60416501
2.67456117
6.97281984
1.66984070
4.08203125
2.66796875
0.57568359
3.98412899
3.29126163
1.93603516
7.62109375
1.70996094
9.49942992
1.99876372
0.53183565
0.00778580
0.21936035
6.40534963
1.59855662
1.54882812
0.08741210
4.37003601
3.65519226
0.36132812
4.48437500
3.95703125
0.09472656
1.53035461
2.50585813
3.31591921
9.76586852
1.23307375
4.50405884
1.33593750
1.31551086
2.58878601
11.76511959
6.37524601
1.27490234
8.38346188
2.83951906
0.43229250
0.66787372
0.14803662
3.22857312
2.24269946
0.72119141
2.17203735
3.89533301
1.05461879
1.26668274
2.33097351
3.05183899
3.23722351
2.82689994
5.04525155
0.75821961
3.29117797
1.93538453
1.40641235
0.17488648
1.58346558
3.77840149
6.63370789
0.74121094
0.66503906
2.95076352
0.56290835
5.75585938
3.02148438
7.31965637
0.39062500
1.12500000
0.92187500
2.97778258
2.69864805
5.12825687
4.31250000
4.86328125
3.95117188
9.48437500
6.98828125
0.12060547
2.85839844
9.11255646
1.01464844
2.13281250
0.04159546
5.89062500
1.67935783
0.63997811
4.74609375
0.56933594
0.60644344
0.91292484
1.35831726
6.16707336
1.17960633
3.33984375
0.18981934
0.84035507
3.10840591
4.96484375
3.69140625
1.60306700
0.03780215
5.87109375
0.05352783
3.23735809
8.32722961
0.87792969
1.01261414
4.03515625
5.39892578
5.79744445
7.44620789
5.83056641
1.56835938
0.18501555
4.66495789
1.05973266
0.23909547
4.37109375
6.17097961
8.13948360
2.52352116
2.00195312
5.08203125
1.05875485
5.03401485
4.88330452
11.85499936
2.29533023
3.16210938
3.38435727
4.56737534
1.85295489
3.20392426
0.60084441
7.05948914
0.61230469
0.88238525
6.41796875
1.02246094
2.95312500
4.79207336
0.37544551
1.36539921
8.28214539
5.21093750
0.49251281
3.13566101
4.81290337
2.04752936
0.38932312
0.24584961
5.62231383
1.21565797
0.94767273
0.19421387
0.86425781
0.64136505
1.67480469
7.02343750
0.11232482
0.13090027
0.53979492
1.03417969
1.68465149
0.82267273
0.41674805
0.08636475
0.05023193
0.14340085
5.81396609
0.48347899
1.73014406
1.65535461
1.34659851
5.82812500
0.19262695
2.30965149
-0.00792419
5.11718750
0.12683105
0.56591797
0.04691040
7.84952820
9.26252549
0.35844619
0.03390503
8.83730497
11.02231417
2.84375000
12.01204344
1.33454007
10.02278812
11.69620789
1.03214539
2.74413964
16.86320257
2.35905031
4.38281250
0.66455078
10.69531250
3.63867188
3.74804688
0.68074524
1.26554383
0.42480469
1.49511719
0.91023742
9.61808289
0.76521789
1.92626330
5.19572584
5.59024712
6.50350288
2.81054688
2.13777649
1.46980774
12.07991578
1.74129211
0.97021484
1.22696961
6.79687500
9.76182556
5.59375000
0.49178039
3.22257508
0.80232727
2.10441101
5.07104056
6.03987921
1.44416238
1.33017176
4.58984375
2.71303283
2.19335938
3.03125000
1.03930664
5.17667664
3.06835938
2.89492714
7.41285239
2.86507203
3.14648438
1.26562500
2.58835834
1.55063884
6.46573914
1.24218750
8.21875000
15.07722961
4.48648050
1.68238364
3.36132812
10.71679688
3.41992188
3.08994506
5.04475953
0.15474426
0.89835633
11.70173759
0.89884835
1.43945312
0.07532714
0.78108765
1.55867492
5.49373227
3.47200687
1.86425781
9.89843750
4.96711658
0.86393811
1.86425781
1.81738281
1.05371094
4.04508422
0.58135986
1.26057984
9.68750000
1.07226562
0.75146484
0.84285025
4.44319703
0.38664132
2.16495789
0.19459897
1.07267398
0.54736328
2.65429688
2.58007812
4.92586242
9.86808289
6.57722961
2.72656250
8.43448914
0.51074219
1.80871582
3.31054688
3.06640625
6.39062500
2.96679688
0.09765625
3.36132812
4.62239500
0.98769166
3.22371149
5.69222296
3.22159851
3.55859375
4.41210938
0.00968933
2.74121094
2.33593750
0.54882812
7.62500000
1.58496094
2.31835938
0.79296875
0.04318237
0.94628844
2.53002992
4.24218750
5.99218750
0.89412414
0.67814148
0.51953125
4.74194149
1.13696476
11.60156250
3.89453125
0.54296875
3.56160461
0.56339539
1.52441406
8.44441711
0.99894226
0.60058594
9.88525266
0.82918398
0.86564148
0.10815430
0.57120664
5.10213320
5.47086547
1.07112672
8.64843750
0.03073120
4.67097961
0.95109070
2.99511719
2.23933899
0.82267273
8.50000000
1.50911375
2.62467531
0.21960449
2.83508301
4.15234375
1.38769531
0.87695312
10.88077571
9.41268132
0.52693664
1.74316406
15.44699001
5.80558289
0.20141602
3.27571532
2.77897218
1.36756604
2.53841312
5.95108821
1.35848210
0.81906481
15.29248670
0.10148070
9.17039894
11.39389184
4.77522828
3.36574155
18.29353945
6.48225953
2.02343750
3.69565029
5.60969969
1.27629598
2.94360352
3.82055539
4.88818484
5.66406250
3.53125000
9.11629211
6.79191101
6.63989196
3.26245179
9.67854610
1.81176446
0.28019725
3.05518926
8.52354609
1.35839844
0.26440430
0.00320053
0.00605774
0.69799805
10.78906250
3.15820312
8.17968750
1.70898438
7.17968750
5.47656250
8.18750000
0.00826263
0.72607422
1.21935973
8.94018617
7.96875000
5.36238586
3.16593445
0.48046875
4.06941711
9.53214539
0.52197266
2.99747618
1.06111757
0.33837891
3.16551613
0.99366356
4.12410461
3.52237976
7.30793440
5.02710771
1.46671570
3.55786071
7.00659242
0.24304199
4.51472961
2.77237976
5.40567930
0.29915468
0.59045348
1.53401734
9.52254211
8.29866578
5.93994016
11.55224734
9.12833555
1.13728945
8.06250000
1.43164062
4.79687500
2.30664062
8.53035461
0.01328553
4.37109375
14.87500000
0.07763672
1.09375000
2.24409225
2.83496841
8.71004211
6.28304078
8.29597961
0.46378601
5.28148604
2.04663896
5.68750000
0.93701172
4.07755430
3.09041445
3.33984375
12.39453125
6.50715315
0.73698747
0.57971191
5.33593750
7.30859375
6.81469727
1.20410156
0.07562256
0.24670410
7.50000000
0.00875854
0.20336914
7.62410461
14.50423094
1.59334414
6.13924133
1.38203918
5.41495789
0.71582031
2.90714539
14.14884087
3.67537788
3.83593750
0.60636102
0.29183233
0.92431641
1.68261719
4.18750000
8.75000000
3.58789062
3.89615470
6.27181405
2.36914062
5.43750000
0.53963195
2.98085841
7.88592198
0.99893977
1.74902593
5.86027039
3.93359375
1.57340453
0.57112672
0.56152344
4.33223138
5.32291999
3.66406250
8.60733821
5.78629765
0.84081533
0.18791209
4.35742188
4.78186035
0.33740234
2.35937500
8.22566711
3.89965758
10.54165257
2.18627992
11.28035461
17.94376524
0.00000000
2.79597961
1.70499695
5.13883422
2.04235871
4.06595856
11.57641539
15.33365470
5.56836436
7.14485594
21.05143312
14.08967642
2.63785517
21.54199966
5.45524047
8.96378601
6.82706726
2.19278868
3.15110622
2.71762854
0.46484375
6.37765503
2.81640625
1.23730469
3.10294493
10.63232048
8.70801030
3.93562556
7.75625776
2.79770168
2.73982602
5.79801640
2.76684010
2.95776928
5.94441711
14.00870789
3.67773438
10.88411375
1.89320616
3.69417110
10.05565160
6.90642730
2.51757812
4.08984375
3.05664062
6.22216797
6.75000000
5.45524047
0.74300172
7.53906250
4.75301086
2.40119612
12.77499224
4.94238281
0.68269836
6.94230164
3.24039672
4.21663453
3.60351562
1.05175781
0.01753235
3.07469665
2.44620789
5.33203125
0.23461914
13.85136526
0.46113474
10.16406250
0.63183594
0.01052856
0.30710628
3.60302361
6.83065381
1.67480469
2.23264795
0.98325354
9.87589539
0.37255859
0.16284180
3.19879295
2.30804299
1.51562500
7.22477172
3.66658570
3.37215149
6.76652039
5.32812500
5.75699579
7.50472296
2.27832031
2.12801086
5.10245789
2.25781250
8.35937500
11.19531250
0.00535965
0.57828735
0.05415894
1.68457031
3.10253906
0.65340149
1.72721188
1.40844913
3.96679688
4.16178219
5.18204898
5.23136414
3.31445312
5.38614805
1.87947695
2.93302305
0.09810488
2.72070312
8.24323153
2.00066433
0.87052430
0.73323609
10.84285461
0.28556336
0.42114258
2.98192986
8.03955452
0.11340332
5.33308899
6.67277039
2.77343750
0.00400543
0.52636719
3.18627680
6.93261968
11.39378325
1.81520112
0.61047363
9.38232422
12.95222961
0.04001893
0.64990234
2.80468750
7.06762633
15.95674497
2.04801640
2.18750000
5.69596188
6.83138187
4.35457336
7.41668976
2.40226984
1.87622008
13.67187500
1.59155336
10.35156250
0.11501037
0.30094422
3.63281250
0.00069809
5.05305657
6.56543218
5.69889406
8.85937500
6.93269836
2.94823471
0.61320755
5.62109375
11.84887633
5.29565492
1.32226562
3.75887024
3.82316101
0.70898438
0.12117492
8.62980164
4.11539672
5.08959774
1.64852116
9.59375000
3.80769836
3.16121149
5.66308843
3.07161500
3.44391014
8.71429299
1.40625000
0.59960938
0.76293883
2.84554078
5.41886414
2.89519882
0.18703930
4.36653812
0.25952148
0.25952148
16.70458112
4.47103280
4.87036569
11.04737366
3.85424369
0.92895944
0.22802734
12.31142731
5.86475980
10.71759365
5.03883643
9.07226562
1.83853377
4.14274795
2.80151429
6.49308289
0.27783203
8.72566711
1.58878601
1.08398438
4.04207336
0.23844422
0.05164931
0.25911500
3.03125000
6.02254211
6.58292664
0.81998656
0.71907594
5.28824579
2.92855108
3.92821144
2.32479942
7.97265625
7.91406250
6.06339539
0.45393735
2.96525210
0.88623047
2.19726562
2.55273438
2.09497008
3.74629923
3.10506040
6.60628546
0.24475098
1.27001829
2.35799257
0.91658508
3.58772828
3.14302919
6.61116578
6.01993462
2.09139350
2.91845080
6.10498670
2.93554688
1.93357942
6.46021941
7.25122008
9.77319398
5.92968750
4.12644366
6.66164228
2.42407227
3.20898438
0.03097534
1.69531250
15.42960570
0.35489743
6.82926640
2.25830078
1.70898438
0.28662109
9.56882647
13.40179299
1.98161015
3.72265625
4.97745789
4.60400266
2.94685727
14.84033079
2.22209053
1.18473266
2.64154031
0.63378906
3.55574524
0.47412109
2.49503601
7.64062500
1.36426673
3.81096520
1.73030391
3.31387422
1.10058594
8.98567376
1.29345952
11.99829039
10.03751773
6.58984375
3.65543329
1.46517218
0.88476562
5.08593750
7.25398742
3.93448914
4.31152344
9.54638298
3.80517952
1.04093321
4.56697695
0.95654297
2.53684841
6.08033909
7.90836547
0.22487428
0.72322446
12.29533023
8.01562500
3.78125000
0.01570129
1.36686032
7.40560062
0.63232422
5.45222961
12.01066101
6.17578125
2.67789672
6.11507203
8.17578125
3.07226562
3.75585938
1.55688414
3.81550099
8.57364805
7.71882868
2.08732491
1.99902344
6.53125000
1.19921377
2.72176584
1.40136719
1.74601258
10.86718750
2.78320312
1.35937500
4.70336104
2.74781083
4.07421875
4.37410461
5.12980164
2.09960938
2.76765930
3.74112976
6.62109375
2.12695312
0.99609375
5.94441711
2.84659851
8.34130859
7.27376219
0.57397523
2.18253601
1.88183594
9.76562500
0.73193359
2.10351562
1.90242492
2.15234375
9.03425089
0.17953512
14.95759946
1.24943179
3.35058594
8.86718750
0.17236328
3.32812500
9.83504211
-0.00916015
0.35854552
6.86507203
1.20996094
0.64404297
14.50390625
12.40625000
3.17773438
2.48118559
5.29762300
8.61718750
2.08593750
0.61425781
3.60742188
3.47460938
7.42879211
6.82511414
1.66699219
5.28515625
11.21093750
10.08504211
14.08184814
11.98624695
2.91845703
0.36076736
1.31266235
1.93146395
13.02043661
1.11034907
2.87931959
0.39550781
2.14152039
2.99120346
0.46289810
0.62488281
9.59228516
0.51212586
8.27539062
2.65039062
2.23925781
7.67097961
3.31835439
1.70793162
4.89013672
6.33223640
5.15128601
3.10366800
10.52914450
11.03369016
5.22281361
9.63802748
5.06152344
14.21093750
1.37402344
3.19335938
2.79134032
0.04410890
0.97449644
2.02473875
4.70247562
7.74853391
8.72501773
3.46012079
0.79769171
0.11840820
2.10278320
1.14648438
2.45703125
0.09283447
0.17272949
0.67293274
-0.00000488
2.75781250
4.57031250
3.40234311
5.47024600
1.65169188
0.79264406
7.56168329
5.13362921
4.04296875
0.05349731
0.13061523
2.40372680
3.08772828
3.15039062
4.15144836
5.49715149
5.48225953
1.88232297
3.42984985
5.58919437
8.19954344
1.48209718
2.37890625
4.88232048
4.49267952
2.41992188
3.66015625
9.67894947
6.07105053
6.83984375
4.94140625
11.19531250
0.93250487
4.47355164
1.26505555
1.19107907
4.47200687
5.57421875
0.18786621
0.77685547
4.78555962
2.29451850
5.03336547
1.84163453
1.34960190
3.04110427
3.32706726
2.69051086
2.55362976
6.21972407
1.61043523
6.99308289
3.61328125
1.64656555
4.25032469
2.97518007
1.79101562
1.04199219
1.51243210
1.87602377
4.59138852
13.25800067
0.71370360
2.47518007
5.17968750
2.51171875
1.61847816
5.21330895
0.11718750
3.14085606
6.82203457
3.83789062
0.35180664
0.27709961
7.10082447
6.16480053
6.76562500
0.88183594
4.46294022
0.05051730
0.42098023
4.39062500
1.60644531
0.13598633
0.00064850
2.72907470
2.19563719
2.33545046
5.65625000
9.15625000
0.00227356
2.79800643
2.93832169
0.28759766
8.47656250
0.22424316
2.40820312
5.61718750
0.47875977
10.16503906
12.96093750
0.01432037
3.85139019
0.44255513
1.66845703
1.99121094
0.95434508
0.81372133
4.16487423
5.80493351
4.46964539
3.64257812
14.34894504
2.98609707
1.97941101
1.96093750
1.52342691
4.81910239
0.53320312
4.51989910
2.05505207
10.52343750
0.38362609
9.43635860
0.37947820
0.41772461
2.99023438
2.10937500
7.13281250
0.32978271
10.08528687
2.00585938
1.12351227
3.66512024
2.19523133
4.21394836
6.04028258
1.57975343
4.67016415
10.41430851
5.27343750
6.69921875
7.24609375
0.00330162
0.29418945
6.05224609
3.70312500
11.75781250
0.54687500
8.23534907
2.49316655
0.36950097
0.83463874
3.14492216
11.88646136
9.02348545
4.38844082
4.75390625
0.39442444
7.06640625
3.05468750
4.67089844
2.80273438
5.42187500
0.66455078
14.59375000
1.54101562
0.58666930
0.08056703
5.90625000
0.00284195
1.39798762
1.52303164
4.91943484
3.96093750
7.26472961
10.62670213
0.42033521
2.36507203
2.77823914
5.57852837
5.49569038
5.97469055
10.88761414
15.57591735
3.94954344
3.57967226
1.90971422
0.77810203
0.26163758
3.76561503
3.16337057
7.53710938
0.49617430
8.35424867
16.25730408
9.72810727
0.10929507
2.00976562
2.59975926
9.79770168
2.68113614
0.32781526
2.36075743
1.50740664
1.66406250
2.70686890
14.26171875
1.45711242
9.39152039
3.84730530
0.04938696
1.06429078
2.16210938
1.89085730
1.79159629
2.45776429
5.33683289
0.02163696
2.78727172
10.74690797
4.26594969
0.01530031
4.91406250
2.60742188
16.59811836
1.42531914
1.53607464
1.81754516
4.60627051
4.18262965
4.45312500
4.21288564
1.59961436
3.65942321
11.92382812
15.79077211
0.22314453
4.31054688
9.53906250
3.60351562
4.55078125
3.48632812
10.08984375
4.57185727
9.32675571
0.80743222
10.32329345
2.16027481
11.10364903
3.99218750
0.04504395
1.05517329
3.98730718
6.63883422
4.38069703
0.65869141
4.89363586
4.78067930
5.03182070
2.52628601
0.77343750
0.61549855
0.45988475
7.98722351
4.72867797
2.66292359
2.95507812
2.78906250
12.07096188
0.77278812
7.38671875
1.02050781
2.72851562
2.60302361
1.17822639
5.95703125
1.85644531
6.36555408
4.43237865
2.68253601
4.77644836
6.37890625
2.58487976
3.54793274
4.57120789
2.83789062
3.42114196
0.27359860
0.74967656
16.16495789
0.19018555
1.34570312
11.66383193
8.72835328
2.58308899
0.93693055
12.95312500
7.85561614
5.46469636
11.19531250
7.10156250
0.00984192
2.67382812
5.64453125
4.40136719
7.60937500
0.33618164
5.45613586
4.94474305
0.35791016
3.45222961
0.35953797
5.11693152
3.60572473
1.63028868
9.54353945
2.67504821
0.73950258
1.11914062
3.68928580
0.33227975
3.54777039
3.64257812
0.00303268
1.58959899
9.35424867
2.12410461
9.87589539
6.10937500
17.64062500
0.33300781
10.75781250
9.49820922
0.50911500
5.30078125
7.06250000
3.30468750
3.02929688
5.73046875
5.19352172
9.10416002
4.04606826
4.63671875
0.03915405
7.55078125
1.24707031
3.24804411
5.89299645
4.17960570
9.58789062
0.66634156
5.58593750
6.89754211
8.68839539
13.07763298
9.27995124
10.72492908
7.61287788
6.63167110
4.45028147
8.95222961
4.71612257
0.74375719
13.60286126
2.92643561
0.55029297
2.58504211
3.24894226
5.69026485
1.30289921
1.85351562
5.85156250
0.20495605
11.78906250
0.13269043
1.73095703
1.42382812
0.88964719
4.12678486
3.06852172
0.39754211
5.26716977
10.12524601
2.17578125
4.29044617
8.96875000
10.33593750
3.46093750
8.54101562
1.85554992
5.92765071
1.93953679
4.43058289
5.72656250
1.26309619
0.58553662
0.09625244
0.57583068
7.66585328
0.85644531
1.55078125
9.57397461
1.18289185
2.03906250
7.62109375
7.25404367
1.21682180
5.20100953
4.05696532
0.21110109
3.24324524
0.67085754
7.03304078
1.15429688
6.26545767
5.25797983
13.64843750
3.71995513
2.99684175
5.91699219
16.75569641
5.29060727
2.39583499
3.89453125
2.65266844
7.36686281
1.34187556
2.58195257
1.67308760
2.86605607
6.04714966
2.14542664
1.13769531
2.63393895
11.55551418
0.22265625
11.75846188
10.37384562
1.33830895
2.15519226
10.24950798
2.01522163
4.17301142
5.45093085
0.77636719
14.01562500
4.71004211
1.61905945
3.32421875
3.42056441
7.01562500
5.82242797
6.69384641
4.16292484
7.76171875
4.08984375
1.65527344
3.21400959
6.18792705
6.75089539
5.23828125
1.40575175
1.36524434
2.77644836
0.47526000
1.27905336
3.72753906
0.88671875
1.70800781
3.25727927
3.85245789
6.26505430
1.54341738
1.78125000
0.11299621
1.09269226
5.51602837
10.50569020
0.99415558
2.38508533
1.42847240
3.33683289
17.66981219
12.91866302
2.87808954
1.21753241
0.25561523
3.60870319
3.38250775
0.50244141
7.77766844
7.05916383
4.92366578
3.46093750
8.56941711
0.17435730
4.00781250
0.21044922
4.26778257
2.00227782
2.90901485
4.69889406
7.89371952
7.68226280
1.11045143
17.78995789
2.91015625
2.01757812
13.52254211
1.37687195
0.56835938
19.85742188
9.46093750
4.15640736
7.25374889
3.50195312
16.28514628
3.33895833
7.67472351
6.16015625
1.13165665
2.00809288
6.77945922
0.25301148
1.08145993
16.16731937
8.48412899
4.10278258
5.77156804
6.21183289
1.03485107
1.63647274
1.60106550
3.55738364
1.40437805
1.83903016
5.81640625
6.16283993
6.26659907
1.67806405
5.61718750
6.49820922
7.01440492
0.88060776
6.52442154
7.99218750
1.77343750
0.03921997
5.96812376
0.57212820
9.91625665
6.14412788
6.70703125
5.36930297
4.72444703
2.68945312
0.68945312
1.57617188
7.60066711
1.01261414
0.14746094
0.13217292
6.44702211
6.91406250
0.00352287
5.18782469
4.69498781
5.54434619
3.45099956
1.70973237
14.61718750
6.41848040
3.35983275
0.76834045
10.19799867
2.08398313
4.48193484
2.91015625
4.05476120
1.19930740
8.58772828
3.35546875
7.97586823
1.47467996
4.43155198
6.90797705
7.10546875
2.44335938
0.48046875
12.61132812
1.80859375
0.94091797
3.78710938
2.98046875
3.49609375
0.18310547
2.87890127
20.64876717
1.66154054
2.37890625
1.81591797
7.15625000
1.86067376
0.23258796
7.46002217
2.53997783
0.12237549
6.74161618
4.23803026
3.72632272
9.01009530
2.41365539
5.26562500
4.43058289
1.21972656
4.16178219
8.91511525
8.17310256
6.75976562
4.68553691
14.60157247
5.65055297
0.61849000
1.66503906
4.21182464
3.88418496
12.73674645
6.11328125
6.21093750
7.27164672
0.90511109
2.77839152
6.84074911
3.78693706
3.36540669
3.85742188
4.46508789
11.69864805
2.22054078
3.97143617
0.86776733
1.15771484
0.33471680
7.06640625
0.56892821
2.14019775
10.01139406
4.56640625
3.94116211
8.68863143
0.60840591
9.79777039
4.74308289
0.57177734
2.64249446
2.55102726
9.01660156
0.01127106
11.68916778
5.84285461
7.17788675
3.57479942
13.49975399
21.50610040
1.69621287
4.49910461
14.16975455
2.77555795
2.75439329
2.20402039
1.41170351
8.68847656
6.21573914
1.55371094
9.48964872
0.22136995
7.27433289
3.95418274
4.78605164
0.81308949
7.39917553
3.96955674
2.38695479
0.54103058
0.64591492
3.68359375
1.68676197
2.56714428
6.68578541
2.69124889
2.73543274
2.86311890
9.75781250
2.88476562
2.67773438
0.20202637
2.04917751
3.45444370
2.52555297
4.91585328
8.90714539
0.19335938
3.71548815
3.57162123
11.56250000
2.42700133
5.92846742
0.26489258
7.85579344
4.62003103
1.90413951
3.01188110
13.70581117
4.05078125
4.01953125
1.45629821
1.71362367
1.24121094
3.33813165
4.73804022
2.54687500
4.36149047
1.14729859
2.26171875
0.02612305
0.32812500
7.33316268
5.76961990
14.36595745
8.58790059
2.68375610
2.27327515
7.86328125
10.89843750
2.10742188
2.40551696
2.90307679
0.82128906
1.54394531
1.09838867
15.14062500
2.86328125
9.71004211
4.28157469
2.96736757
5.63671875
2.99023438
2.06445312
3.40899491
2.50116134
4.88525141
1.25700077
10.04866578
4.33113586
3.68839539
2.23242188
4.73828125
0.25244141
0.27954102
13.43660461
3.83487976
4.71321033
1.51530529
3.36523438
0.84179688
16.10758422
9.59554078
3.17773438
0.47949219
0.55151180
4.23717639
18.44271498
2.89103335
8.00691711
3.54385417
0.17286153
2.76863586
5.99129211
7.62679078
6.72477172
3.05061890
6.96004211
1.15128601
9.46939938
2.65950687
1.50471735
2.25537234
12.72298094
4.40047429
3.81054688
2.85814246
7.76978723
18.40119238
3.90349512
0.71875000
6.65396720
18.17155343
7.99015320
4.91242908
6.40007092
2.61230220
2.30590758
3.48567376
13.72089235
0.52156555
7.02042664
1.58194509
2.71659799
4.11808289
15.39794922
2.61149597
5.15535461
2.85750802
0.87559562
0.37133789
1.30859375
1.44824219
0.03707886
1.39575133
0.48734559
7.79435242
2.08292664
2.41601562
13.11978502
2.23763685
0.05004883
0.82649657
9.61181516
11.51139406
8.93416445
5.75390625
8.46183289
3.01757812
4.50301086
2.97355164
0.27709961
0.72695788
4.18311170
3.50301086
4.68929078
4.25992797
1.95686890
5.86718750
7.00520501
5.08764960
12.51565827
9.73730469
11.50976562
7.52734375
5.83984375
2.38867188
0.04681396
6.33593750
0.61352228
0.77335820
6.27791445
2.05729001
12.03841312
5.21093750
6.01562500
3.39843750
2.21980774
2.12784851
2.95312500
2.05468750
0.41878234
1.16202820
8.48347961
0.53019226
2.24706533
3.19336436
1.86131691
6.97803856
1.25878906
3.54492188
0.06774902
1.25292969
1.31274352
2.35921265
8.02433289
8.45825133
5.49096742
9.64346853
6.37996897
2.75781250
2.80606494
8.15007092
7.75480164
11.35682678
1.63274689
10.29647163
5.92007425
2.61566267
0.53800476
9.23201477
1.84482600
6.49121343
2.40779477
0.01391726
2.95597351
2.22656250
1.11930297
2.07778473
8.08928800
8.59033328
3.65136719
9.15234375
1.89981494
4.67049756
2.05908203
2.92488586
1.70396516
10.43767730
1.69335938
25.46875000
1.46679688
0.31111633
2.50870789
0.89550781
6.49609375
3.47656250
4.48233323
0.52946670
0.14687072
2.05346617
4.77311281
1.82324219
1.32128906
9.84464539
3.75000000
4.28279477
8.59725039
2.84944205
6.06445811
0.35888672
2.66210938
4.40625000
4.33984375
0.41259516
1.37500249
0.74316406
0.74121094
1.30957031
1.87109375
1.85351562
3.98152649
1.31827820
2.06640625
0.01678467
2.28320312
2.20328735
3.26261414
3.16495789
2.58593750
1.37695312
3.51855469
0.48933899
7.46573914
0.41186523
1.40495300
5.27587766
1.36767703
0.09070800
2.78499390
14.07633422
4.88069703
1.70312500
3.05694580
1.38964719
3.60107546
2.49023438
5.59375000
9.53906250
3.53922485
1.42171265
1.05101729
2.58472490
4.74218750
1.43457031
1.32820617
1.39737976
8.39322252
0.76107435
6.55692504
2.46622618
7.33349734
3.17277039
3.33398438
3.89680907
2.57780031
0.75927734
7.59765625
0.11088012
5.34944703
1.74039672
3.69400377
4.26481826
8.57722961
-0.00842010
5.54425754
2.94011746
3.43164062
2.48046875
7.47265625
6.38102172
2.01017211
6.61686281
3.16406250
1.48250305
2.27042664
0.87410461
2.87980164
1.53125000
4.77832031
7.80468750
9.21004211
1.47745789
0.81738281
5.00064938
13.41560727
2.41382147
0.11749268
5.93642233
0.73935892
5.22265625
6.95613586
1.23899353
0.76806516
3.88037234
2.30859375
5.82687866
1.20011414
0.74365234
0.04488098
0.76631652
25.32340204
1.33952155
6.61718750
1.31738281
7.21484375
0.13952637
1.14941406
1.19628906
1.95800781
1.36783314
3.54281139
1.34179688
2.75195312
9.45019531
0.70418274
12.50391472
3.76757812
0.24226867
0.13846863
0.03619385
1.81419341
0.54566987
3.18465149
6.07120789
0.21838379
2.66585203
4.29264406
0.56445312
11.12327793
0.28988918
11.34464539
2.75195312
8.94531250
0.67716368
1.18514101
1.48453735
0.57821157
2.03304576
4.04687500
7.28515625
1.08593750
13.10937500
9.14843750
4.42488586
2.54641236
3.47615415
4.22111148
3.26806641
2.31054688
2.36914062
9.23437500
3.05664062
5.54687500
7.23437500
0.46400940
3.10530142
11.65112367
5.80428413
4.23315492
9.74218750
4.88671875
2.86914062
15.85937500
6.68782469
3.19515015
1.16975953
4.26171875
10.46875000
0.86572266
0.00872040
5.56152344
6.66015625
3.16796875
0.08715820
1.99121094
3.72460938
9.85098183
2.47909629
2.15429688
8.82039367
3.27652704
5.74780585
0.48502438
1.70304507
3.73136414
2.98046875
7.14453125
2.83593750
0.07269287
6.70465980
2.26604332
0.23364258
3.36433899
0.23527039
1.43554688
1.27148438
0.17330742
4.03263243
13.79353945
8.62500000
2.17683400
6.83488475
0.36804012
14.25024601
2.07137024
0.48852539
1.17277039
9.49218750
1.81738281
1.06258117
1.31551086
0.13142945
10.54548759
0.12736397
0.41210938
1.50911438
14.63972961
15.50870789
3.02823914
2.03572197
3.99357491
0.11511230
0.56054688
5.65535461
4.38468445
7.95312500
1.51415891
1.26611453
3.71875000
0.44018555
1.72753906
0.82556152
1.21679688
0.78759766
0.23400879
7.73770058
10.39120567
3.49414062
7.25585938
1.22070312
4.98046875
7.26953125
0.81152344
1.07421875
2.02766906
2.76716977
1.10774906
3.05078125
10.16406250
5.95800781
4.10156250
0.92333984
3.33007812
3.08203125
1.22265625
2.18376648
7.61539672
7.05737367
2.99023438
5.00390625
5.36718750
2.21093750
0.77343750
0.87695312
1.86596244
3.61458749
9.23258422
5.16674867
1.33593750
0.37284176
0.23445804
0.71191406
17.21962545
0.31748392
10.42669386
2.02606493
1.17187500
4.62388611
1.36914062
1.20703125
4.46679688
9.73437500
1.77595634
1.06388741
0.58284484
9.73437500
1.75675476
0.64160156
9.03125000
5.62988281
4.05110594
1.28971437
5.75000000
6.25129876
2.87760749
11.82468081
3.28515625
9.74129211
2.57316101
2.32633422
4.42317750
2.46394836
0.48136414
4.22656250
2.76367188
5.48828125
4.07242797
0.06587769
4.90625000
3.70898438
4.07812500
5.87011719
4.18570922
15.64241578
9.79687500
0.42259216
7.66992188
5.08105469
1.44238281
11.81234969
8.03793107
4.14453125
2.18945312
2.27932739
5.18359375
1.21777344
3.41601562
6.16406250
6.94262633
0.65307679
2.25000000
0.60498047
0.51611328
1.51277649
0.02686585
4.13101674
0.72640514
0.21520996
2.25931762
5.57893922
4.46620941
2.96411071
3.91674867
1.94238281
2.30825909
0.66537372
0.04507934
5.95011414
2.87109375
3.38972961
8.53995789
0.13012695
1.90005347
2.45956504
3.61840758
0.90193789
9.99258551
15.98221967
0.87020833
0.79032285
4.37467531
2.89453125
5.00089539
3.27644836
10.24430297
9.34448304
17.63346188
2.85481937
2.66796875
3.72728059
2.82350066
1.64746094
1.73291016
3.53906250
8.49218750
3.15941822
0.81128490
0.14233398
2.72460938
2.78051696
1.42260804
0.05648804
12.27343750
0.21520996
0.03503418
2.66406250
3.84285461
5.91105164
0.55029297
6.17700133
0.71069398
0.93066406
3.10171986
1.19230662
9.49609375
2.00675476
8.74218750
1.41601562
2.40388852
4.06094028
1.57561613
7.47713320
1.36043274
5.01261414
5.32031250
0.00179100
7.33780696
13.84314427
0.17557801
1.02539062
6.51562500
7.81762633
-0.01220641
0.01834106
12.25333555
3.36694398
4.09554078
2.96679688
5.25390625
5.49609375
0.03201294
2.29101562
2.78710938
11.23437500
1.86816406
6.99430297
2.00960328
1.39160156
2.57420629
6.56934840
0.39697266
2.06689453
1.95711242
8.57031250
0.10519347
4.52701906
0.14111328
11.59977172
9.37491135
4.29899795
1.94246399
8.27433289
3.17846742
1.03857525
0.64698138
1.49210633
3.58487976
1.84179688
5.01171875
2.59179688
0.11712646
2.82387661
3.18165558
4.63338320
10.72045961
7.07421875
1.75781250
6.67879211
0.14658631
1.68066406
1.30183899
5.13704344
1.61905945
0.51090578
6.30468750
0.87841797
6.30468750
1.70019531
8.51472961
6.30541992
4.27823914
7.83479610
8.32926640
4.29418883
1.14331117
0.60986079
3.68489749
3.41015625
3.84838929
8.89062500
0.17570008
2.63606439
6.25081671
2.44515015
3.23437500
2.97265625
0.44018555
2.39257812
4.93359375
6.34837434
3.64574635
1.80893838
4.95280031
6.17008422
6.89819149
4.35750554
0.32747375
0.34004699
1.99983765
4.89062500
0.00376511
0.27781428
0.54655156
12.00179078
4.96394836
3.20597351
4.82031250
0.70703125
3.86621094
3.13281250
11.28425089
4.05949911
5.45703125
0.06781006
3.95703125
2.86914062
2.58984375
6.95312500
2.39111328
1.56266235
1.83675172
8.69352172
5.00960328
3.78515625
0.05905151
1.07849059
4.66284242
0.37556945
4.45011414
1.13777399
0.26896429
0.41772461
2.03076172
0.59578430
3.59855164
0.72713195
4.42277039
8.51204344
8.30736370
2.08488973
3.75390625
1.70507812
4.38281250
0.10906982
7.34765625
0.72753906
0.69430417
2.36385195
3.43961547
0.33740297
2.06640625
1.44645141
6.95882203
2.21289062
4.84773493
0.88273382
4.27856383
2.34448304
5.49609375
2.29492188
0.42016602
5.37801086
2.20808899
10.79085328
0.40356321
5.41552859
6.80379211
5.02368102
2.89030031
4.50903258
2.91674867
4.15234375
5.26855469
2.35652649
3.95011414
0.12109375
0.94726562
5.29117797
3.73421265
1.08487852
0.07539980
3.09676086
15.62449921
2.46109985
5.55021055
3.22607546
5.00000000
2.83683289
8.18570922
0.04579713
1.04785156
2.28758644
6.10303856
1.28027344
4.71004211
0.00228394
0.23303223
3.45392676
10.63005762
1.77465696
3.66357546
1.12695312
0.64697266
5.87969804
1.32057845
0.97941101
6.08593750
0.78767883
2.54662899
0.94913945
2.06054688
1.59667969
0.00986481
3.63138305
7.29777039
8.61718750
1.01855469
6.39453125
1.24055907
4.31998781
0.52246094
0.74879533
1.91626662
4.00781250
9.52164672
3.57796265
0.06872559
5.65754876
0.84635749
1.57136400
0.92236951
6.96484375
2.29777039
2.19335938
0.38891602
1.35554992
7.87744016
8.81095523
1.09472656
0.95507812
4.51562500
0.68554688
10.42968750
0.00468445
4.44661126
2.04964483
9.80354610
0.95508062
2.05769836
1.61328125
3.83487976
0.99609375
1.39160156
1.20214844
2.43180297
0.00108888
0.61976987
5.41837212
1.43262217
3.19531250
2.34179688
4.98046875
2.52164672
1.65022828
10.54508422
6.45882203
1.98327014
0.44483045
3.16428109
5.32888297
0.37084961
5.59570312
0.70808899
8.28507508
0.64607727
0.95157898
3.23349113
2.39599734
1.04214768
2.34774490
3.11993490
6.04510416
0.30957031
0.57242735
3.81893007
5.00602172
2.73136414
6.29386414
3.23543274
10.06558954
1.38443221
0.42245567
8.78125000
0.02695953
5.26261414
1.64558899
0.90234375
1.13077820
1.91894037
1.34417331
6.90380984
0.04013062
2.05078125
0.60510980
3.69222296
3.83203125
4.47900266
4.52099734
3.59570312
10.90229652
2.73284020
3.07120789
12.64754211
2.95792664
3.06648493
9.59464539
4.03027593
5.40727721
6.47951462
0.65625000
1.64248761
0.01127106
18.78576629
1.58195008
2.73029644
3.61150044
2.61132812
6.67277039
2.10262024
0.36979187
13.60651123
10.16015625
3.08292664
5.00000000
4.93041992
1.91015625
3.27343750
7.44441711
1.52335633
0.30810547
1.62695312
0.84252489
0.06246948
0.86004793
1.38761414
6.40625000
0.98054992
0.44124328
13.84639527
8.71199025
6.24756109
6.45215093
1.78515625
5.16495789
2.12076657
4.02746494
2.19726562
3.31461547
0.08138062
1.18750000
0.72900391
0.39868164
0.02782165
3.55273438
5.31818706
1.07919270
6.94921875
2.10546875
0.00910187
6.78426086
1.26850444
6.32723958
2.33789062
1.47363281
2.53125000
0.77400695
0.13724793
0.23400879
3.81583057
3.08456006
2.42764697
2.03109264
5.70190492
0.05623352
3.59887633
4.24487367
4.30167664
3.46004211
4.18839539
1.33601867
2.42667664
2.49023438
1.38289367
5.20421219
7.73917664
1.03612409
2.20858599
12.43058289
0.00888062
5.72265625
2.79597961
3.96793329
5.18139960
22.11324699
4.21802132
3.57527649
4.57608323
6.04549756
3.73388796
8.24308289
2.88387024
0.98631943
5.35546875
1.66992188
2.19531250
3.44067321
4.32812500
3.37874390
0.70304383
3.09448242
0.67187500
0.68221008
0.61124695
2.88899657
7.40983156
6.54687500
0.01960754
0.36621094
3.52088584
2.05070755
2.64754211
2.07600953
13.34375000
1.31542969
1.08504211
7.26896055
2.70971742
6.52115470
0.09578928
2.87011719
8.00000000
1.94433594
4.31941711
1.39096535
0.16809082
0.05557251
5.41755043
4.23886192
9.68058289
0.93693055
1.04003906
0.00875854
0.04086304
0.75935852
6.09676086
3.01261414
2.32120789
7.81640625
0.68904602
5.05833528
4.76580230
1.26269531
3.48567688
2.04191101
0.50582886
2.15039062
7.21785461
0.75390625
8.64843750
10.35061715
0.68335023
0.41550835
0.21915960
8.06518617
2.35807126
0.33943789
7.56998781
2.46769226
0.60693359
12.62304688
15.52171543
5.45361702
3.39576130
2.15144836
1.28605164
3.86914062
8.26513672
0.87019836
2.51066101
0.79931641
0.59236633
1.21964539
2.55213881
13.31250000
5.51953125
1.42187500
3.00618407
6.90754876
4.51790780
0.97900391
0.25708008
1.55859375
10.27442932
0.69197446
0.19572085
0.09832764
0.75789367
1.44132508
1.31554480
4.65650598
5.51383484
1.85644531
0.12744522
3.95312500
1.46484375
0.10698363
0.44840578
2.93945312
3.23241191
2.46485372
1.44238281
4.12614822
0.47729492
0.08622679
1.10297772
4.07829731
7.13281250
0.00671005
1.26367188
4.50072204
2.64855323
5.53002992
5.97265625
2.20011414
3.62622008
2.97640015
7.24503601
9.61718750
13.27856383
1.69213929
0.07543945
3.62890625
2.66315216
1.98935394
8.85335328
0.72509766
3.84960938
0.03347503
8.68815063
1.98706117
7.46305297
1.48225953
6.21093750
4.01822252
2.85514904
7.20670656
2.88085938
6.61328125
5.87109375
0.91064453
3.07478447
3.43498116
3.06941711
3.66495789
0.00461197
3.39786680
0.52596008
5.86938601
0.41113281
4.90234375
3.64550781
13.77343750
0.43400024
3.07991578
2.84936337
4.26196476
0.38289243
7.59220523
7.86328125
0.29656982
1.74511719
5.80468750
2.27734375
3.71394836
0.03312195
0.11303711
10.48437500
0.43774414
1.36152458
6.51326352
5.01408023
11.33593750
0.11492920
0.48046875
1.48510306
0.42895944
6.27343750
3.85992432
9.92097961
0.35294617
1.22070312
2.32226562
0.24420166
4.71093750
7.60156250
5.69832336
4.12589539
2.73242188
1.44352172
16.00179078
5.83861107
2.89990359
0.90234375
3.34090149
1.50211547
0.49536195
9.60937500
0.13659668
0.49446594
1.50000000
0.83496094
1.71883117
1.08089234
0.35603696
0.30155457
5.96630984
0.69824219
1.94042969
0.94384766
0.90828085
4.97753657
2.25911624
2.23014406
10.38972961
4.00480164
4.66796875
1.71134336
0.76432375
9.26945008
3.80468750
4.46484375
1.54304992
0.28849305
1.62876541
1.42359894
4.29296875
1.71883117
1.63859070
0.23596191
6.04630430
2.40486757
3.29067781
1.33897827
2.53125000
0.39393638
9.25226380
5.38191711
0.03940857
3.38647274
2.61743351
4.01765681
2.70499944
10.85156250
0.03189087
0.01264954
0.16760254
2.78027344
4.41406250
5.12109375
6.09765625
8.20222961
17.93750000
10.54777039
6.59871399
10.03995789
6.58691157
1.52059148
1.89623837
6.11051640
0.14770508
2.17789672
1.10343445
2.34439938
1.39380070
1.29435118
2.08064882
0.80566406
3.63813387
2.80167664
2.37890625
10.93750000
5.33593750
6.04296875
5.70613586
0.20865906
1.56835938
1.84228516
0.28491211
0.06198120
2.95507812
5.88191711
0.41151571
4.80558289
12.70312500
5.01562500
0.32275391
0.63623047
0.89371703
1.69612672
6.80859375
1.56152344
1.35082946
8.20581117
4.63476562
2.57275391
4.35937500
4.39158412
0.07041112
5.14152039
1.19140625
5.22977492
0.31917359
10.94710328
0.52197266
16.82454344
1.20595125
2.91707336
11.79768174
0.76498060
4.85131898
10.21875000
1.87353391
2.61084109
0.29663086
4.73443873
1.13771276
1.03894962
16.89754211
8.92277039
3.83593750
9.62109375
6.60937500
0.00523758
4.83593750
12.38972961
3.59537781
7.29101064
11.79215204
1.65365373
1.84863281
0.68025695
3.08789062
0.49560547
1.16691101
5.82086326
1.37265846
16.65421321
1.25390874
4.39453125
1.02832031
4.45312500
1.40909851
2.39743872
3.03306072
7.20312500
3.99324524
2.87980164
1.35359680
1.24015320
0.75097656
3.56811461
7.78304078
0.39518250
3.33593750
4.82162062
0.27238973
1.91210938
0.22515786
3.64648438
7.51082336
10.07812500
3.32274768
5.04549756
4.05558289
6.36808289
13.08593750
0.43334961
0.06732178
4.43359375
2.42683899
5.87890625
1.54093445
7.65234375
1.13689804
2.59179688
1.87556821
9.77791445
4.25960328
1.73828125
1.93619127
3.23674146
2.46183289
7.42097961
3.51652039
4.42488586
6.97778258
1.57780031
2.00228564
0.48169257
0.76374869
0.87809702
0.82617188
5.57812500
6.85156250
6.20312500
3.87109375
4.19775266
2.17529421
7.65144836
4.56144226
15.44441711
6.01953125
4.22355164
1.79304992
0.24015320
0.79248047
4.96695922
7.37288453
0.39941406
5.09969055
9.69620789
2.63085938
4.36328125
0.14233398
3.06494016
4.54443484
6.16015625
6.26562500
1.91609680
0.87320984
3.94726562
11.51562500
10.85937500
15.00781250
6.10457336
13.79687500
8.53010860
3.84969304
10.03881649
11.34235604
2.55468750
4.80167664
0.35937500
0.16821289
3.08894836
0.77750610
11.04508422
3.11971132
3.93945312
4.52018063
0.86458499
2.29614196
7.76202646
0.78580563
1.12255984
12.68839539
2.79191101
4.71875000
0.50545227
1.93546570
2.76472961
5.15323914
3.26879821
7.07991578
1.70597351
13.00257323
7.44372438
1.53963569
6.50781250
1.47070312
1.84895813
6.03605164
3.88476562
0.54687500
9.60066711
9.51562500
4.37198914
3.34765625
0.50471984
1.29874695
0.19616699
0.16381836
2.32332336
2.83829773
12.51472961
11.71093750
3.37003601
5.24218750
0.00843048
2.21898853
0.40015209
3.96289062
4.24519836
3.53336547
3.79866578
0.01438416
1.85644531
8.81160461
0.10135926
13.14518188
3.45296265
0.90722656
9.90625000
3.45418274
1.91202073
1.83692154
5.77807181
8.15072030
11.29166687
0.89062500
4.37109375
21.17469025
3.49804688
0.47298156
10.20222961
18.84488953
7.36981201
4.48917664
7.14998227
3.34220523
8.86360594
3.99186281
11.07013520
1.31568816
1.44750977
5.29296875
9.86027039
1.01009032
1.04069093
3.23828125
2.28515625
4.05379211
2.93693055
6.72265625
0.00779343
3.83789062
0.53161621
1.67382812
0.31485961
1.73030640
3.45808899
4.55468750
9.33593750
7.85636414
0.02033997
9.22558594
0.06422912
0.10599793
0.05468750
3.37792720
2.89355718
1.98193359
1.19938110
4.11897828
2.36328125
0.53031060
4.53084663
7.46785461
6.34073914
0.01739502
3.88052970
0.06331796
0.54036313
0.35148257
2.72200500
7.71126219
1.27498476
4.00390625
5.14274047
9.20491578
0.83170531
8.29777039
2.81144226
1.00476074
5.22477172
2.66691101
1.42008422
4.26440492
0.03222656
7.35343196
2.26180241
3.40657469
6.82071587
6.58911569
0.30371094
3.30859375
0.02471924
5.01171875
1.30566406
2.14344513
10.11718750
4.49308289
6.16707336
4.01652039
0.04561340
7.24356494
2.75928357
5.24218750
12.13972961
5.69531250
0.10233582
0.37500000
11.10565948
0.13928223
7.25781250
1.65856934
4.26562500
0.58691406
1.00976562
0.08081055
0.58544922
3.38134641
0.33040468
0.40791016
0.17252750
3.12394226
6.52075133
8.89339234
2.71769226
0.69775391
10.99910461
0.04423035
1.15641235
2.51546265
8.57722961
5.81290711
2.99609375
13.92097961
0.28116883
0.35196649
10.66007757
1.39737976
4.55802305
6.36417664
11.42545656
1.97070312
3.67968750
0.02239990
3.59765625
1.50195312
0.02333069
2.64257812
0.80566406
0.13259275
0.14778750
2.63671875
1.99511719
5.13582336
2.66007508
1.68457031
4.17130430
0.82145265
10.82031250
0.27848328
4.88671875
5.16804992
0.70597351
1.52010070
3.04581726
0.30053711
1.13867188
3.01911926
2.90161071
0.19543457
2.00960328
7.50480164
8.71093750
3.31567321
5.85424867
2.83593750
0.28000091
0.89607727
6.16674867
4.32812500
0.23876953
0.79736328
6.72867797
5.15714539
4.49112478
4.52840647
1.34464539
2.13521957
1.86140930
4.56339539
8.21238365
0.42059119
4.32258533
12.58936170
0.12390137
2.58894836
14.28254876
1.74601507
4.85905031
0.11859131
1.70507812
5.45613586
2.50870789
2.90390574
2.35655141
9.64152039
1.83504211
1.10148133
1.44408619
0.65698803
0.54296875
6.10937500
0.02114868
0.25677490
7.52734375
0.24092590
0.34893036
1.50488281
0.12597656
8.60245789
0.25781250
1.80468750
1.27246094
0.61368711
1.40885500
3.62003601
4.13671875
5.37500000
0.00746918
18.55004571
12.41878546
9.17585993
1.14925421
5.25691711
9.65038564
5.15519725
7.57812500
2.36718750
3.97656250
2.99902344
15.45072875
2.31909242
1.23836242
0.12626160
4.82421875
3.96484375
0.16064453
14.02351867
4.62165268
3.49748116
3.93660461
5.90119238
19.85523271
10.45182624
1.34830812
0.58406555
2.97460938
2.42983347
0.45760070
7.23332993
5.06136857
10.81160461
4.40836547
4.49308289
6.96077017
4.54403147
5.71687805
2.15413453
13.84977172
4.85335328
0.25317383
9.12629876
11.32722961
1.99479499
8.21939938
4.81665226
6.15535461
3.37890625
1.42919548
12.20361702
1.53702820
7.81673094
5.88248781
1.56835938
9.66292110
3.46012577
3.46150695
4.20792664
9.74462766
1.71142703
2.22546387
12.77254211
1.29198159
5.56640625
0.01409149
0.18811035
5.38671875
2.57031250
10.73602783
2.53800476
9.03816711
12.93058289
0.09185791
3.10457336
4.02082503
1.29647661
4.08984375
0.05163574
2.01342773
6.05859375
9.28125000
2.45312500
0.49096680
6.33105469
0.06155396
0.18566895
0.13005491
5.85514406
3.74715149
3.30167664
0.12670898
6.31640625
5.16406250
2.07755492
3.86507203
11.76670287
2.23030640
1.75097656
1.24707031
9.86718750
1.82714844
0.05548096
1.18438919
6.87924091
7.87890625
0.91699219
6.41829344
0.27164797
4.73828125
3.32413747
0.79492686
2.80769836
1.75619382
4.15771609
5.39152039
3.53222656
3.53137207
7.96997008
4.12288453
3.54492188
3.71964539
1.56933594
0.02386475
7.62320922
6.62801086
12.06420961
10.43660461
5.96964539
3.18375610
4.75569703
3.48046875
1.92968750
13.15177305
0.13256898
3.66886414
2.05201490
7.72021609
5.83203125
9.75691711
1.90527344
2.19620789
3.20914672
2.20992066
13.00781250
7.55468750
8.02343750
6.87165448
5.75790115
1.32869632
3.15625000
10.67968750
0.02992249
0.18938428
2.60587710
2.16601562
2.78067862
0.73331726
2.78220475
8.36745345
6.69921875
0.51953125
6.02148438
8.38281250
12.39062500
6.13748584
1.00545850
18.02587766
12.91047596
10.09663007
3.85564605
1.20890320
4.04207336
1.68644226
0.80517578
6.09375000
0.92976867
0.21488766
3.75700077
0.37508117
20.65347518
2.20093583
0.72900391
4.50512633
2.28198304
0.17590332
10.32812500
0.70914672
2.10773681
6.61596742
6.25480164
0.02229309
3.13571664
2.56236258
4.56640625
4.40323914
2.13753048
6.30582890
1.16406250
2.98591977
0.15568179
4.77658719
1.27094205
0.46957419
4.56852172
17.55175532
7.88118780
5.24812805
6.73527039
2.71093750
0.49983703
3.73722351
0.03555298
4.04207336
0.82218445
0.54150391
2.34375000
1.65136719
0.06987487
2.98722351
4.10546875
3.09520197
5.69043218
2.00675476
4.31250000
3.32722961
3.07706726
1.46101867
3.68839539
5.17097961
2.49581950
1.96485372
9.45809937
6.62109375
1.33886719
0.79158508
1.67960633
0.42700195
6.95610595
1.25601708
1.70086150
1.23902925
2.13671875
2.17382812
0.49255371
3.12801086
5.61417664
0.36974911
1.19360538
1.11132812
5.96875000
7.17486715
5.02644836
12.19531250
1.15226258
1.13378906
0.09765625
0.20642090
0.89003292
6.54524906
5.85937500
4.11507203
0.48640930
2.37980164
0.14442734
6.32991578
5.30468750
3.19726562
0.05111694
0.06408691
2.99218750
0.60302734
6.24609375
2.89648438
2.72566711
11.75211609
4.71484375
1.67187500
10.40196166
2.61656677
7.40592531
0.09899902
1.46828061
3.99064273
7.48828125
3.65234375
3.59179688
2.18750000
1.12304688
0.59667969
1.05281555
0.01273621
2.09711336
1.26026761
6.25480164
0.84472656
2.63195801
4.45175171
3.02840149
4.57511414
10.32031250
4.10156250
4.58984375
0.01739502
0.03851318
3.36930297
1.41780640
0.76708984
0.73616204
9.24284186
1.58406555
6.42578125
4.93839539
5.79117797
0.03951051
4.10262024
1.38679182
4.45769060
7.75870789
12.88671875
4.31363642
6.21566046
1.55566406
0.98046314
1.01050365
5.99023438
3.21199524
3.56925476
11.98437500
0.02027893
7.41796875
0.62402344
7.57031250
3.96785461
0.43351258
0.83251953
4.25301086
3.93196407
5.03239140
1.75000000
9.63370789
4.48502438
0.12736148
1.34855164
5.67602477
2.82104554
0.13916016
6.45825133
1.86206117
6.51204095
2.35612311
6.57039118
8.01164007
1.05761719
1.92773438
10.20222961
5.49226618
2.72118518
1.59050310
3.43131593
3.20418274
2.11103333
1.92195617
4.87980164
9.16772461
0.01637268
6.53637633
8.21679563
8.74243351
0.81697570
10.02254211
3.77327515
11.99609375
19.34520612
2.86700854
6.02451019
4.63208008
1.24328613
2.38867188
3.79367936
2.16823470
2.92968750
0.06311035
27.51717102
8.50781250
5.87980164
0.22399902
0.64355469
5.46912597
17.83918440
9.73590482
3.08099844
4.49395086
6.31952570
5.86187390
5.78265735
10.50176690
2.91957180
2.33700022
6.07678799
0.11084171
0.94481736
0.49178725
7.64347351
7.33203125
0.58691406
0.18908691
0.34786987
1.96289062
19.15266844
9.96207765
12.16500666
0.67483709
4.40087766
0.21289187
1.96655087
0.80102726
0.44165039
2.17187500
1.20214844
0.25756836
2.69986813
6.09220523
10.50244016
4.16552859
3.39843750
3.89403809
7.94832336
2.35384032
5.76139406
6.87500000
9.63281250
4.35245789
6.71126219
3.10660890
16.89233398
0.37679016
15.93447917
3.83985372
3.13867188
3.13558960
4.70703125
6.95312500
9.32128906
5.54207336
2.22550476
6.40234375
8.92578125
0.02929688
8.14062500
5.26863586
0.60986328
15.62076844
6.86424535
7.77247340
0.10321045
2.28320312
8.16096636
6.27962655
3.42740968
2.10693484
4.27766844
8.18326906
0.27982081
18.35783023
11.95760195
1.06738281
4.94262633
2.73811890
5.47745789
14.06852172
6.24397828
6.49910461
7.75480164
9.03548094
1.45280031
12.07531738
0.36254883
19.08496094
10.00781250
6.18750000
0.02520752
1.43066406
13.89453125
4.90429688
15.27539062
2.38671875
3.98063110
8.10578347
2.39315879
9.82120789
1.74121094
0.02859497
0.10028076
1.45214844
2.69881040
0.06730289
11.93750000
4.14745845
2.72282109
7.84455674
6.61035904
6.74609375
1.88183594
6.69921875
0.55916320
14.04508422
2.25170961
0.94726562
0.02776825
16.26537899
9.90584289
3.33016179
12.80013000
1.27050781
3.55472466
0.13086311
0.67341636
6.41886414
1.23624695
1.20222961
2.69173094
4.00358156
2.77042664
3.85457336
0.92917908
4.79207336
13.18660461
16.93391969
2.65274961
4.30436281
6.63761414
3.18359375
5.91959469
5.37947695
8.62679078
3.97745789
2.15332031
2.93961547
7.00960328
0.63281250
4.07359945
4.30167664
4.80859375
2.87019836
0.09238709
11.21321594
4.60847961
6.07600953
2.85351562
2.29977058
5.55078125
9.44710328
1.63183594
8.85156250
1.72281610
5.25081671
20.84773742
1.69783508
5.72444703
2.65039062
1.97078430
6.31917110
2.22664616
6.18750000
5.05566406
1.89746094
7.93359375
1.63020750
3.30826906
8.73925781
3.53426086
2.37980164
4.41918883
8.24910461
9.60107048
3.69157358
0.46679688
2.83731079
6.58203125
4.71785461
5.93359375
6.12109375
14.19555602
6.17936281
3.48632812
2.40144836
1.10937500
5.86808289
4.40030696
2.50203679
0.51464844
1.76571593
2.71948304
13.94455558
5.38607186
3.89160156
1.92578125
10.07812500
6.89084244
5.20703125
9.01562500
8.25781250
5.30468750
1.42871094
6.75097656
2.34765625
4.32617188
0.92000305
3.36629211
13.80647828
3.16796875
8.42879211
12.93839539
1.53824828
7.86116578
8.13989196
11.34713532
2.75870789
8.82812500
6.95434508
3.88867188
0.50415101
0.80957031
8.61539672
4.97070312
6.77823914
2.07120789
5.34626884
0.49748116
2.24066244
4.84197916
2.90820312
2.20703125
2.12060547
1.43172180
3.47159851
14.57722961
2.15356383
5.83862367
7.99609375
2.19425414
8.61751344
2.83878601
0.47583008
10.71866707
1.36059757
5.88435727
5.91414118
6.89290780
10.20914672
0.93343140
2.85156250
2.76171875
9.41137633
16.97924867
12.73347961
10.00423094
4.71541445
6.75000000
1.03849242
5.36897828
2.23632812
5.67879211
5.61400931
2.04508920
1.82250977
11.42187500
2.27075133
11.66674867
5.71004211
0.75089539
0.01316071
0.34631098
0.30957280
3.27732630
6.40333776
2.10351562
12.64550781
4.18750000
2.92773438
6.43951416
6.80859375
9.17789672
2.68733765
0.04940796
0.29007934
-0.00666259
8.34512744
1.74862256
1.23535156
9.69726562
11.98683654
2.06730164
0.91210938
5.29296875
0.29785156
2.48836242
4.13671875
3.95402039
4.79162598
1.58593750
2.95613586
10.89152039
1.23632812
12.42968750
0.05297852
10.31444814
9.11523936
8.71777344
2.76472961
12.81250000
4.05078125
0.12597656
4.01171875
3.48331726
1.13777649
5.80590758
3.06217531
0.95222961
2.32275266
1.06193179
5.18359375
3.83007812
0.01116943
0.56933594
2.64412414
9.18272888
9.07210328
2.02539062
6.70071100
1.68831671
11.55379211
4.40323914
4.01652039
0.04074097
2.69140625
1.37207031
3.66609431
8.12882757
11.21004211
9.89933289
3.97070312
10.43750000
2.42984985
3.30843140
6.08203125
0.70507812
0.01302338
0.91870117
14.33593750
0.09582520
8.45361328
0.50333617
2.90999390
0.97998047
2.16463195
6.60169495
8.63281250
3.21875000
4.62410461
3.84073914
0.90039062
2.91787761
8.68270833
6.62801086
2.33487976
9.78125000
1.27734375
0.01988220
1.51464844
7.37109375
1.45703125
0.69440112
4.63835217
4.13370789
6.06941711
0.01673401
0.41845703
1.04927551
2.99894226
8.08780696
0.92586491
2.24688721
6.22591000
6.88037234
9.07812500
2.42277039
0.00182438
4.24218750
9.71785461
1.19880666
2.33382701
0.00695038
0.60498047
11.50000000
2.00976562
1.56089388
0.27084746
2.85351562
1.03686523
4.58113586
7.84073914
8.37500000
2.07918274
0.07853699
1.76359070
8.04687500
0.66943359
1.83699524
5.56144226
0.68904602
1.96386719
2.24291992
2.48527039
8.26562500
0.75748656
3.37898742
6.16674867
6.83984375
4.51171875
2.60156250
4.32185727
2.52384585
2.96679688
3.00756649
1.02368351
2.81445312
8.28035461
8.69083555
0.39502078
4.58113586
0.02183045
4.57031250
5.71875000
0.91210938
1.77343750
3.46374512
3.95312500
0.75707946
4.76831117
0.94091797
3.87500000
1.72167969
0.00671005
0.94197570
6.49308289
0.60253906
3.46679688
1.16414367
-0.00609314
2.43945312
2.49356993
0.84098390
0.64298523
1.03804442
2.40787843
9.85668883
2.15502992
11.83113586
0.72013367
10.37320922
6.68355036
0.98608710
1.76953125
6.10823360
11.44031987
0.00742340
0.09657713
0.06730226
0.07434082
0.00296974
0.00634003
1.31899261
10.09375000
9.94441711
5.22745789
3.38948360
4.82926640
0.33878051
3.07836852
8.13639406
15.99731383
2.67846742
0.67757078
7.31998781
3.32527649
1.89705687
4.41642398
6.70792664
5.37890625
3.79060727
0.14030093
0.97021484
1.28045654
1.45808899
5.79671016
1.38156590
0.64982117
3.53320312
0.42968750
1.12109375
7.11328125
2.04337461
8.12947695
0.00395584
1.73892212
7.23046875
3.95117188
0.91910517
10.15136968
9.86027039
0.53068055
1.80192016
1.92268922
7.85457336
0.30948914
4.66796875
22.39050293
0.51622061
3.58333749
6.06429078
7.64274047
0.63916016
6.18839539
8.56339539
8.63793883
12.60335328
8.75870789
1.14160156
7.32096188
3.12825687
1.63753048
2.70036015
13.83504211
0.64152039
17.55379211
11.58593750
3.89444759
3.43457280
3.17773438
6.43351133
4.05525820
6.61174011
3.56848145
1.84667969
13.35847961
3.63528380
4.50443543
6.74487367
6.47477172
0.47737672
1.18261719
4.53530364
3.22641511
1.23242188
3.24707031
1.84676086
5.55558289
0.54980469
5.61629211
2.29882812
5.09073914
1.61035156
2.16210938
2.19335938
5.67097961
3.51652039
1.70312500
1.64461242
4.33292664
1.35644531
3.00016235
3.11702515
11.25000000
2.11718750
3.69424978
3.31356272
8.28824579
0.31234015
1.18164062
7.07844969
0.24283937
3.53572570
12.49698914
12.10156250
3.14648438
0.42944336
0.32006836
8.68750000
0.31494141
2.76188110
9.30647828
2.42968750
2.00976562
0.00611496
1.90730774
0.56510375
2.01936890
2.52132078
2.36189882
9.72597229
6.44230164
6.46191406
8.98348460
3.70301881
2.75000000
12.91316711
11.83593750
0.38004578
5.15234375
2.17398798
2.79484319
6.97045213
2.93669326
1.31835938
2.23347961
-0.00453674
0.22644043
11.54264157
7.95939273
11.14754211
4.74397828
5.10546875
6.47061946
0.50789616
3.83203125
6.33984375
5.03035461
11.88281250
7.68839539
1.54589844
11.74218750
0.57617188
10.18750000
4.49218750
6.87109375
0.99617492
2.36808289
3.66406250
3.67530996
1.78118627
1.04217405
7.84867464
4.56564039
1.65144836
2.44230164
3.05468750
4.38769282
7.86230718
4.94921875
16.57812500
0.78816711
5.83683289
10.64012426
1.95783717
3.15820312
2.37304688
1.81355774
9.99121094
3.53995789
5.16227172
2.70328735
3.09733156
3.50585938
4.07660400
0.96093750
2.43554688
3.11417664
10.19352172
0.10555055
1.40078613
5.10034242
7.04296875
2.45418274
3.38671875
0.21606445
1.58390320
4.00000000
8.01562500
5.78906250
3.14453125
0.09790039
8.96875000
0.64550781
2.53247008
10.90804078
4.15714539
0.91601562
3.91367553
1.37149536
2.66088929
6.95002549
1.78345412
1.89933289
0.44580078
5.82812500
5.25154477
6.20939273
0.79248047
10.81070922
5.12476624
3.70398987
3.77343750
5.37890625
5.74519836
1.40226258
6.63671875
10.16471188
5.24397953
7.52343750
0.01158142
4.73828125
3.15926086
5.05463875
0.74951172
0.38110352
4.71004211
0.48624695
0.12856018
1.50870789
1.67163024
4.53002992
0.55097961
9.92097961
9.50870789
0.61523438
0.00510025
2.46093750
3.93843138
4.69140625
4.03906250
5.69051086
1.21085259
7.41455452
0.28247070
19.85937500
8.22265625
4.75691711
4.89542664
2.70458611
4.49967780
2.93538453
6.91316711
0.53125000
4.00089539
6.01171875
0.25561523
0.47656250
4.93269836
0.08884705
8.24731383
0.85717836
2.79296875
15.25781250
4.90120235
1.67106327
13.97656250
3.18465149
0.46280945
2.68382634
4.47152482
1.62402344
2.96484375
9.76171875
6.00781250
7.34375000
0.55322266
3.37247618
2.89900820
4.13801938
6.55314273
3.60937500
10.45400045
2.28818705
4.74609375
1.32226562
8.78035461
13.28995789
1.29101562
5.47656250
0.83251953
0.41473389
1.83203125
5.84285461
3.30531618
0.28592263
2.31640625
0.93408203
4.23046875
0.35209043
11.38662226
0.59244999
2.03320312
0.00992584
2.76171875
5.92919548
3.96834663
3.24015320
8.39754211
14.26652039
0.25130188
10.83251465
2.33789062
8.85156250
2.69848197
14.41324828
5.58723875
3.55615359
3.12019836
0.64387813
1.13387273
0.02790833
5.67480469
2.64281915
5.16878546
6.38370789
5.40625000
2.49023438
4.83929443
1.68511581
0.25931131
0.01313294
0.31323242
1.46650159
4.24218750
9.29687500
0.96875000
1.08801695
0.15323976
0.77441406
0.36279297
1.09570312
1.54719720
0.14323249
9.54687500
16.75366985
6.25602172
10.94881040
5.44710328
1.18880374
9.99218750
1.54695617
9.13883422
4.68489251
1.57560616
1.65136719
9.93481383
1.11629211
1.03190187
0.42985854
3.72143617
2.23242188
2.82226562
4.92187500
2.34765625
6.36328125
5.00781250
4.04296875
1.24511719
0.02691650
0.01637268
3.11328125
0.05609131
5.54562501
1.37047054
4.98103945
0.47493531
3.16992188
0.06837951
5.38704344
4.02791445
0.85945617
2.87516235
0.84692445
2.25585938
11.90535461
1.32910156
0.47932922
-0.00055907
2.38169384
2.29012024
6.09073914
0.10162354
0.01795959
2.21606383
1.97729554
3.79492188
0.19596313
2.38476562
8.96272828
1.60538695
7.30257203
1.71590149
9.39933289
3.86366219
2.56024711
5.63671875
6.85278258
2.82405640
1.22249390
0.20882141
2.23166676
4.63763408
11.84619016
4.09385047
5.25863918
5.80574087
6.08219858
3.11328125
3.21427305
0.06661074
1.97419853
7.02303413
0.06783082
2.75390625
0.84204102
6.60206985
2.00976562
3.63476562
1.36035156
4.78548094
2.75348543
6.07138519
5.20703125
2.99218750
2.84960938
1.47084284
8.16744682
0.41059950
0.47762024
0.83048523
3.20027649
5.90714539
5.16015625
9.49129211
1.14445008
3.00390625
2.75781250
4.43164062
3.78710938
7.41707336
3.16210938
2.11808289
1.22460938
2.57617188
0.30724911
0.67610843
4.91406250
1.03800476
1.81298143
5.35452956
6.48828125
4.01953125
0.62500000
0.02474976
2.43945312
4.11629211
3.57511414
1.64160156
7.10188719
5.81998781
6.89843750
1.96190908
2.69141123
3.26953125
1.32519531
2.03425214
5.29932513
0.28312195
3.94140625
2.15641235
0.13472535
6.36328125
0.55175781
3.95703125
3.48933899
2.89933289
6.45312500
2.08007812
0.19986875
0.41121523
0.93789901
2.04769669
2.45507812
4.22265625
0.06212341
2.02237976
0.12583458
0.20035828
7.94180588
3.30086990
8.86718750
0.42626953
0.79890930
1.34375000
5.87457669
0.17229831
5.44230164
0.53173766
2.03588929
1.53710938
0.03004943
7.39843750
12.09439938
2.36653812
3.08194260
6.64551529
0.00776672
3.10336113
8.83763963
3.55208998
6.05167664
2.50691711
7.37247618
1.58748476
1.41691101
0.68457031
5.62410461
10.90858353
12.17187500
0.03353882
2.97265625
6.06941711
3.87882508
0.40437805
4.02823914
0.76416016
0.00587082
5.69742797
3.52693290
4.51880319
3.03957367
5.52254211
1.08300781
5.95011414
0.78808594
10.97273493
1.05940797
0.99715398
6.46875000
0.02630615
12.38346188
1.40136220
0.94955092
1.31445312
6.54825805
0.72493531
1.35253906
0.00405121
8.63281250
0.79020016
7.03841312
1.71899352
2.76741578
9.43481383
0.78743531
2.37483765
9.74096258
7.02010195
14.69531250
3.39062500
1.47009277
9.54687500
4.25598145
0.86376953
1.83325133
9.48706117
4.05859375
0.49511719
0.36254883
1.81476267
6.06291334
8.29906915
7.70589421
1.82487062
8.82812500
1.41699219
2.08593750
4.04719969
0.23258547
1.21013366
0.73486328
3.05362976
0.35081357
1.09716921
6.52172852
2.28247070
3.01846853
0.81258366
2.80176030
4.46484375
2.76562500
4.39363586
1.21484375
-0.00936615
3.93359375
1.27966309
6.02254211
2.65128601
0.52539062
1.73828125
0.20906555
0.98429383
1.24919616
0.85017883
1.10441101
0.24912537
4.76953125
0.65411377
1.78613281
0.15359282
2.53710938
1.90641235
4.91194703
3.62695312
1.01229858
1.04492188
12.46936035
4.89843750
18.94775266
0.57070009
7.73917664
2.62768555
8.92187500
0.22290039
6.09887633
9.79491487
1.75332642
2.01953125
5.74888031
1.23924869
2.10140015
1.17011562
0.66569218
13.49414062
6.92105829
6.38362921
0.08770752
2.41275876
1.16438968
2.62500000
4.08203125
1.25585938
2.00316620
4.89453125
1.82031250
0.08796142
4.50960328
0.16735840
6.70703125
2.80110863
6.32187721
0.00298309
6.08203125
2.86694149
10.44587323
2.45988973
2.44018617
2.49609375
2.01033508
4.41105164
0.82226562
2.50585938
0.09128020
3.59749390
14.26562500
6.13671875
10.27008057
4.72566711
7.45243763
2.13534131
5.76684508
5.41479554
9.74414062
4.91088867
9.30859375
1.63867188
4.95572875
2.37874390
0.53498892
0.14738732
3.26049867
7.49112478
1.10457834
5.36401305
10.00179078
0.21964539
0.22155762
4.60066711
1.96671570
5.70703125
5.17602477
5.12679078
8.03125000
5.81640625
1.27530945
4.64453125
0.02659607
8.12115208
2.95395168
0.00240135
6.60025377
1.66569093
0.93229748
0.00962830
2.14453125
4.81160461
2.32152510
0.41747819
6.12679078
5.89529610
2.29882812
3.99023438
5.36004639
6.63492797
2.90315797
3.07617188
2.12014031
0.62841797
0.96386719
1.17879211
2.85245789
1.09977172
1.85432984
0.27490234
0.45800781
0.97228692
4.77791632
1.82714844
2.89737976
8.29597961
7.85636414
6.72167221
0.53809341
4.96246732
0.39796542
6.32120789
3.33007812
10.24609375
7.35847961
3.60546750
8.18595523
7.02644836
10.59748892
2.15926584
1.65234375
2.50976562
1.54589844
1.45632935
1.67480469
0.14626312
10.18391844
8.86172379
4.43221631
2.81835938
3.71712157
2.23214296
4.58593750
8.25691711
7.33593750
0.42284907
7.05468750
1.67277288
9.10774719
0.61417664
0.54207336
5.29386414
6.98046875
0.01175690
4.89843750
1.08471617
3.60296693
9.03125000
1.37695312
0.49660305
3.12516733
2.15087891
6.93359375
0.44531250
9.44140625
0.65530396
6.97866821
0.53955078
2.14949524
3.52823914
8.06941711
3.74414062
14.61196899
1.56827820
2.47371399
3.85245789
3.32812500
1.13085938
1.79589844
7.62645612
0.70858599
1.95506566
4.44133754
6.33504211
2.22550476
1.14550781
7.97566711
0.19535340
4.14062500
7.35278258
2.18627992
0.05230713
4.36791058
0.23365192
1.85503600
2.80167664
4.71484375
2.69620789
0.74861156
1.82316101
7.55859375
4.07031250
5.44531250
1.38183594
3.31054688
4.26774047
0.57991578
3.02539062
9.19531250
8.89648438
9.92172241
0.13513184
5.71484375
5.53515625
0.86914062
1.99832184
4.13478058
4.82812500
1.19238281
0.02047729
4.57031250
1.31933594
1.85806876
0.10970467
8.78247008
3.83773866
6.87109375
6.87500000
0.30249023
0.31471216
3.09464539
3.23828125
4.10156250
7.44921875
14.86718750
5.94140625
3.08764462
5.49633976
6.49731383
2.10620179
1.94128537
5.49350620
1.31738281
0.25756836
1.86718750
1.04785156
6.08593750
1.85937500
3.56445312
3.42968750
4.18758117
6.54386414
1.08105469
4.27571532
4.14453187
5.38370789
7.32031250
0.00234604
4.50781250
5.36238586
1.03841063
3.08260195
7.09375000
3.33593750
0.82128906
7.42699136
2.98226950
6.59708680
1.35937500
3.21590149
4.44637024
5.66194703
0.99763977
1.27433289
0.15915977
3.60636414
8.86539672
13.17190255
3.68480885
2.57585217
2.92488586
5.17432679
6.73671238
1.02820034
3.89499877
5.16674867
0.35278320
0.13734722
4.14062500
4.22265625
5.01562500
2.66796875
0.20092773
7.61782691
4.30014184
3.49306046
6.03721298
4.14062500
0.02992249
0.01232910
4.51562500
6.89762079
23.00164006
8.93391844
3.61564273
6.18750000
0.01123047
0.00133419
7.10546875
2.57454219
3.64441761
1.61718750
2.50585938
4.63972961
13.71964539
1.66813110
1.58675172
11.84375000
1.67382812
1.75976562
1.85416501
0.67570132
4.27823914
7.98437500
2.19335938
0.02665710
0.01936340
0.15722700
0.36808351
0.86230469
0.00080776
1.42968750
1.37206969
2.65698304
9.25000000
0.06909180
3.44832336
4.96606383
2.23405031
0.56933594
1.39794797
3.94287234
3.33984375
5.85156250
3.18750000
5.76953125
1.47656250
1.81834380
0.19313081
2.94136849
12.20388297
5.43115359
4.65535461
0.82669981
17.99772218
4.07031250
15.07210328
1.65136719
5.68961547
10.40714539
0.67041016
5.95703125
5.64405144
13.61450133
7.44034851
1.65802552
11.98861526
3.88199579
2.77604499
6.75049591
4.61930297
8.18147828
0.00482178
7.73046875
2.92773438
1.88679992
1.51163758
3.09626136
3.22893395
5.44531250
11.32722961
5.63508533
2.86776318
1.95678462
4.85840093
1.19238281
2.57031250
4.48079344
1.93131593
4.09765625
0.06071960
9.60937500
1.73331726
2.57657774
3.85782473
8.66293020
5.74755984
3.71875000
3.97851562
1.83593750
0.01741028
4.15249634
3.75915527
0.95089722
0.78352782
6.92663912
7.71093750
0.01805115
0.00598907
6.21093750
7.21875000
1.00267994
1.45581615
0.68457031
2.34106383
0.34692445
1.73144531
0.03515625
0.42488586
2.01781666
0.77808178
13.98899078
4.04777039
1.42968750
1.46972656
0.63060361
4.73673648
7.17968750
0.00370026
4.55468750
9.46875000
0.12976074
5.05720634
0.49601632
2.62304688
5.30603027
6.98046875
3.90234375
1.86506954
1.18668827
0.74658203
0.09430907
1.49788453
0.47102844
1.05218781
0.88338195
5.11027039
0.19828246
2.44718445
5.83683289
10.12231383
5.52132203
0.36564148
1.61328125
5.59765625
1.46314053
0.17505070
2.74519836
0.00965393
3.34323430
10.38381648
12.50000000
4.95605469
2.30468750
0.11450195
0.97265625
13.90625000
4.43359375
8.56250000
0.54980469
0.24279785
3.21289062
5.87890625
0.10974121
1.46053039
6.89152039
3.74129211
4.07511414
0.06518555
1.43945312
4.74129211
1.62597656
1.50480164
4.20312500
7.73828125
3.57226562
8.53515625
5.92187500
2.19140625
0.20837402
3.61238586
1.01839110
3.31307070
2.37801086
0.18037902
4.82031250
2.55061890
0.49479125
2.44905640
2.73632812
0.41479492
1.03645189
0.17668287
1.04687500
1.08601867
0.10428894
0.67621572
5.60905031
1.96386719
4.56339539
1.26464844
0.41748047
5.84375000
4.09375000
0.02189636
14.68700798
0.24619818
0.23720400
0.18843442
2.85392398
1.82134985
0.00519587
0.16657620
2.75537234
3.82706726
0.60034117
0.06823793
3.11802589
3.21769226
3.80411680
0.80086367
5.92187500
0.62646484
2.21289062
2.10937500
1.53710938
1.47753906
0.62011719
0.15499221
0.02179993
1.76074219
4.39418518
5.10480940
3.72421099
2.79442596
7.70312500
1.39945434
1.29420834
8.43595523
3.37198914
5.58683289
3.91406250
3.39008056
10.47656250
5.34765625
0.97403992
1.00683594
0.01776123
1.30468750
11.11181516
4.50927859
0.23498535
3.85546875
3.89949524
4.96950806
2.84480774
6.32902039
0.53222656
2.10546875
8.13191711
2.32706726
0.87402344
0.17895508
0.26025391
1.46289062
3.01372917
2.75244514
8.29597961
5.33292664
1.88476562
5.35546875
3.55859375
2.44288635
3.24609375
0.31689453
0.05520630
0.02500916
1.36718750
6.04330444
1.56884641
10.33349734
8.99218750
0.34960938
1.26757812
2.41015625
0.04119873
4.44531250
0.20532227
0.51269531
3.11734985
2.18929078
5.30468750
13.03621399
0.06913269
3.04145432
2.21679688
0.15401184
0.01806641
5.73527039
2.18945312
0.33105469
5.93359375
2.33325008
3.71118351
7.10156250
0.15515137
0.33894836
1.82902039
3.01562500
10.39843750
0.02934265
1.68766235
5.13492797
2.43432181
0.22949717
3.80664062
1.44758533
0.26082959
4.11038601
