0.02254211
1.35794825
5.54724401
2.11914062
15.75691711
1.92472351
1.37011719
5.86238586
6.64933289
3.35156250
1.82303552
0.81465979
4.25000000
2.78320312
3.12455231
8.42162899
3.44030917
1.72399933
6.20312500
0.15132660
11.04196261
8.17143727
5.81986481
0.14156098
7.05741301
3.60461270
0.60018132
5.51908356
1.40962738
0.79780973
5.09822695
4.67700133
6.75659242
0.74458832
0.96879059
8.97823028
0.15502992
12.10156250
4.25256317
9.83068817
3.06278535
5.87109375
17.45210661
3.44083742
10.83337433
11.33040344
3.14933289
7.09753325
10.28470856
9.09427638
2.73291389
11.09422208
2.55421542
1.63964844
22.05106535
9.68614695
4.23462599
7.26542331
8.51676640
17.73054743
0.53092656
2.33125886
11.21964539
12.21939938
7.50671542
7.50532365
2.45683455
9.73437500
8.55468750
0.95113129
5.04564495
1.71412067
3.49023438
4.78383755
6.33834330
4.15471520
6.80651264
6.19688166
11.32774157
10.53010860
1.30326573
3.40580231
8.58312833
0.32552249
13.96679688
3.13431793
7.46875000
3.37320922
2.49051972
2.96093750
4.14017731
3.27193207
1.61283356
5.26871454
4.84066046
4.37520169
2.07055851
12.38928192
9.27868683
1.19238281
1.23217337
0.60864694
2.27298981
7.43436614
4.50748781
18.15933954
0.34212530
2.02689606
4.23799092
0.57646221
13.96679688
3.50061004
12.92712433
8.29341644
15.31634199
0.86847184
10.90665337
3.03548592
5.20312500
1.03417969
9.31578873
4.38989694
9.24947362
2.22550476
12.27754544
7.29878878
20.75765015
0.36049159
6.14701573
0.86376953
1.09773742
0.04398621
0.54691559
11.56550089
7.75481161
5.69576019
20.71471078
3.48450797
2.06280518
0.71484375
4.35502106
6.21093750
2.15669769
1.53861481
13.88435727
0.48234195
5.50826019
6.53861481
0.08199066
10.66511899
5.46541445
2.83097351
8.23429383
9.24910461
1.38085938
0.01051606
0.32397461
11.16573028
13.74892213
4.32844969
5.44498781
1.14302582
2.44921875
6.86249890
10.96562610
6.03125000
1.72753906
1.41796875
13.80890909
2.09856161
15.12019587
5.74076573
10.89497894
3.09659851
3.58203125
8.39216977
1.40470523
1.28861481
5.44576019
10.46897607
7.49196143
12.05904020
8.60551058
19.21439606
8.04809508
1.30196199
0.84375000
8.18225067
12.24935352
2.23600842
9.12536621
0.76949066
7.07558622
10.03240137
7.08297096
6.76269531
6.88509888
4.31640625
15.65055048
12.63753546
11.05814606
0.75288910
7.59765625
4.67443817
1.37243683
8.28417221
5.80957779
2.27929688
4.28125000
0.66064453
9.25775821
2.76523160
2.26358821
4.30717198
8.08581450
3.20670656
5.91752106
1.76562500
3.43404144
4.27689606
2.16105164
15.93648161
6.10258089
15.46671321
2.63370789
0.51924839
10.95121122
1.93204898
11.64147357
6.92134862
5.95573249
4.07767731
0.54292816
0.94201629
14.20402039
2.71138519
2.34330231
0.04793305
1.04349762
13.39815277
9.30357588
2.34533909
14.65249114
4.21949800
1.86372894
10.19095856
-0.00551468
1.59765625
5.01102505
0.97432652
2.34570312
7.24287373
10.60409069
1.46626801
12.39843750
6.28906250
0.97363281
3.11132812
0.00952911
1.38769531
17.56327239
7.02766844
2.54187167
1.20703125
10.80617798
4.37460660
10.63126773
7.59720856
5.22355164
8.35156250
5.17443817
1.13102172
4.31160212
3.11002936
4.34529477
8.93595523
2.61958832
10.18314606
0.09340424
0.79589844
4.96903037
6.67159463
2.80423981
3.96414506
0.16142439
9.59029144
3.32511414
15.43855275
11.11613475
5.99218750
1.78222656
1.15934016
3.69690159
4.28100399
2.56921542
9.51306183
2.82661957
10.95312500
1.33398438
15.11991301
4.77266511
2.96093750
14.19095856
5.27254211
4.54040558
1.95145473
1.48311558
0.94677734
16.63781583
3.74190215
1.19450077
1.30078125
3.05452017
0.90153452
10.39309952
1.36621841
10.64301959
4.94169658
1.41434785
4.05948914
11.03677970
1.95931405
12.20800532
3.91264073
1.81738281
4.87935394
6.85111481
6.63281250
3.51012966
3.91174534
13.86232277
2.53910682
3.62459165
13.15517731
8.97775819
9.74963099
8.37626440
4.61771637
4.19966644
2.06384308
9.74129211
2.32120789
13.77583334
8.62996897
2.33007812
15.74295989
12.12577239
11.63126773
8.26639739
8.32780031
1.30379211
2.92277039
9.19877106
0.51997894
2.88041168
4.65728324
6.81221963
3.53906250
9.76818817
6.29761841
2.71826296
10.48567376
4.77213874
9.79292443
9.38240913
6.09029144
4.82812500
0.13403320
0.01094055
4.76562500
10.40229569
5.44999924
6.43961547
1.61311890
2.36673981
22.32525635
1.71695922
2.63505097
5.91015625
16.36527372
0.12349582
0.01273346
1.42037964
0.84183746
7.50781250
7.09029144
9.78690271
2.31811835
3.22070312
3.27148438
7.12154144
7.73002106
4.72656250
-0.00374084
0.98685699
19.65576172
7.04955245
3.08570146
12.60160184
11.16418550
2.09208222
1.83900690
17.83195257
1.52343750
7.69921875
2.32963043
3.34224457
0.54248047
4.21093750
0.02967834
0.08691406
5.22045712
4.91617797
1.15588597
5.60591644
1.98242188
1.43945312
9.17280475
8.65532025
0.58447266
8.41539562
5.55681294
2.00826019
10.71683622
7.74170046
6.53125000
14.32905973
3.44091921
2.76352593
12.54211768
19.86132812
2.77929688
16.69531250
15.91739805
1.87504183
1.62748199
4.93404144
7.11673981
8.02583832
6.91015625
14.85400266
0.61722933
1.17622894
1.68212891
6.26562500
8.41406250
0.27197266
4.99369293
9.05904144
1.74707031
2.04492188
14.44172969
2.21944370
7.82913841
3.05216866
6.17708126
10.05190158
2.72579011
2.56640625
3.42700133
0.74039205
0.78845744
11.11116578
0.23828125
10.78816711
11.65714539
2.76953125
13.52844083
10.12831561
7.14320810
6.22737921
12.15217735
7.27547429
1.80224734
12.83504211
2.08556849
8.25907690
0.91845703
4.21529144
1.92008422
0.38313844
3.44911651
2.36702515
0.21008301
0.31660980
3.74173981
1.82271332
1.46679688
0.28930664
7.94531250
1.89506012
2.71502024
8.84578181
3.15503490
9.14371454
2.59847296
6.13627106
1.98058428
1.54623060
2.10351562
7.49955231
13.41837087
0.08940104
2.11660932
4.52083001
2.17603723
1.17578125
17.04466091
4.42994846
2.84525543
2.91992188
14.73262543
3.92488586
1.82076019
7.11763519
12.50802468
3.07120789
4.76908356
0.06490082
4.42486572
10.64229278
10.17712433
5.38207946
7.90804078
1.94710328
0.67724609
1.68464152
1.91256704
5.48828125
4.64663675
12.16195700
2.96484375
12.59899310
4.16659131
4.05078125
12.93570922
5.02087433
10.21875000
2.20747894
10.08542633
3.25886525
0.53951518
6.95312500
3.71289062
1.57128906
3.25097656
8.24654144
7.35021942
3.88806183
5.23905364
6.61596742
1.77539062
11.33475427
4.70528479
8.29341644
2.92700133
2.85229554
2.03515625
17.96415005
4.89558400
6.60901595
4.74519836
-0.00882446
0.68457031
2.32899952
1.51218638
5.77132203
4.22745789
5.28515625
3.63476562
3.70853668
2.08247894
0.81640625
0.89640071
0.65299687
3.62980164
7.46561614
19.64697328
6.93359375
5.84029144
11.26822252
0.96224623
1.15429688
3.64441830
1.52237033
4.90669769
2.08593750
1.22318512
5.30049652
3.99369293
5.36502771
1.81856604
4.01904172
11.13383089
1.99698914
16.11962766
11.32059536
0.57344886
1.82421875
9.40368652
3.22656250
10.76619321
11.22059683
2.09432568
0.91308594
4.56250000
2.34179438
3.37597905
7.20959442
9.22129998
7.42838874
7.32511414
12.86258755
1.77848515
0.61376953
15.36580009
2.69111342
9.59445367
5.24609375
1.72460938
0.01930237
14.31250000
10.07226562
9.65234375
6.24609375
1.58398438
12.17097961
3.75160850
9.82545877
3.18945312
9.61816406
3.72220856
2.17773438
0.00806183
6.56595856
0.93701172
1.40767426
14.57275391
3.01781915
0.66337378
5.84810394
0.23856535
5.53605164
0.31034394
9.16522829
8.21367796
0.62500000
16.08498782
5.38722074
6.91426419
3.07535392
2.80721631
11.50333555
1.59529726
1.20507812
5.61124446
3.01721409
7.86014739
2.30436281
1.63671875
9.07461215
4.44792996
2.05167664
10.48168883
14.22926850
6.77958222
3.48649047
0.20540406
2.90960994
1.52699467
4.98091644
0.98286957
12.27652704
3.45980108
13.46406638
13.87683510
19.99129211
0.26692750
19.53823582
2.18397273
10.73844360
1.56376191
7.06961880
7.88985386
4.52734375
5.01517731
5.62228891
1.35834219
1.99007203
7.64843750
1.10591644
14.91470440
8.76205341
4.58203125
4.57812500
8.72220856
1.76118988
7.47220856
0.01613373
3.20703125
6.50344859
1.21530141
8.68225067
1.66398133
8.64024872
14.51818817
4.10708971
14.95618018
3.87748448
2.64119570
3.32226562
10.25000000
6.54687500
2.84525543
5.97940105
7.93514849
11.27579898
4.43078458
0.40128726
8.93314606
2.43644226
9.81957447
0.36206615
3.38627106
8.71919769
0.80863434
2.12349457
10.11778259
3.47987366
1.06888824
8.51151208
10.13061835
13.06250000
7.63146942
1.26786347
0.49572598
7.31530917
8.05130763
6.51855718
6.01953125
0.80712891
5.93013519
10.55429855
3.25038895
2.68164062
2.55078125
0.00331306
1.18066406
13.69347802
13.52189273
6.59639683
2.54642731
11.72387633
12.12845856
2.12227449
14.38500665
1.68380042
0.85888672
10.61176741
4.90690935
10.54107935
0.83302526
10.46537262
7.35847961
2.85380097
3.00740539
3.75089539
4.83370068
3.69910571
3.24414062
10.81831505
4.10071143
6.93750000
0.95259613
1.81197113
15.54986572
18.19319423
6.84257175
7.88928192
6.94441711
7.77286680
3.23401097
0.93847656
6.82684938
1.24883421
5.70588736
9.37817819
5.91752106
1.30362976
1.61079926
2.66361481
13.99507317
3.20618018
4.31896817
12.39754211
10.09745456
1.27246094
8.18379544
14.86918246
6.71919769
6.70178192
7.34297761
4.14888519
4.58390071
5.39221409
2.86673981
12.34029144
14.72041778
4.88159242
19.23693817
3.17169272
15.67099955
4.60156250
5.26841922
1.41366910
1.80712268
12.56592420
1.94531250
6.09390736
6.14828014
7.99218750
3.97216797
3.81054688
6.84720856
13.66332946
19.35786459
13.56970744
19.49129211
0.22611543
19.83332004
1.98068539
7.73933899
1.09411652
2.13155059
4.54048613
1.56111757
3.39603668
1.40136719
10.66120339
7.83562278
7.75000000
1.70650238
2.25061004
14.45909990
8.05644392
6.05814606
2.47416168
1.34021027
2.13671875
5.30760971
2.03044326
5.93929078
1.34090149
2.83683289
0.58056641
4.30171349
7.26912788
13.98823693
1.41622229
9.58426972
7.42285156
2.69921875
1.79589844
9.87282027
4.24391954
1.47753906
9.00821836
4.39949648
5.90478391
9.83158356
3.01408023
6.62064606
6.01171875
1.14717559
3.44409242
15.22538238
6.36356037
9.48816323
7.16162234
1.12190797
6.00044769
8.28422027
6.72701019
8.41316711
14.73842377
5.75077301
12.69185394
7.94539118
2.65009588
0.31933594
5.10937500
3.98242188
2.89062500
10.92100006
6.95824136
10.29566489
0.41674805
7.39888519
1.11478668
0.57515473
13.89346853
5.93891180
0.60092807
16.23181183
3.58654754
1.59021027
0.31290711
10.70020538
1.53951019
6.50483600
3.57719525
0.88134766
10.17849181
1.66525819
7.52734375
7.08203125
0.52636719
6.17808844
5.06800531
2.75153979
0.38908521
1.76855469
2.43387412
15.72107339
0.28865601
1.14257812
7.33398438
2.95898438
9.01896055
3.59191988
1.41210938
8.30712766
9.08349734
0.31201172
7.21919769
5.68359375
16.77669219
2.07015015
5.21919769
4.97163786
0.37333285
2.90000416
1.61195810
6.86808289
2.95251496
6.55859375
6.61665832
0.88252715
7.49579345
4.07028811
0.24747711
6.77396388
0.68449163
4.38716146
0.41361979
5.36718750
1.93261719
3.01593847
12.28541223
5.75874848
2.16060394
11.28112700
9.51920656
3.11132812
2.65083832
9.84887633
19.12906860
1.73006289
15.88358489
3.84586547
2.37601839
9.81160461
0.04453553
9.77248782
1.25591367
7.71529144
1.29296875
5.00826019
4.57767731
5.92415126
0.71688054
3.57902039
3.77343750
4.43705231
10.39705009
0.17175698
18.08206561
3.32418439
10.42175200
11.80391511
3.85441101
9.23950133
4.08322995
4.18908909
8.03906250
0.05989594
4.75781250
1.34570312
9.02997563
3.71392086
8.90440493
2.13962156
4.85502106
10.65625000
2.19274933
2.37125610
1.72771148
2.05676363
5.14754211
6.50270132
2.66077127
10.85835661
15.09989472
6.19844636
0.43334961
0.77140071
4.78450687
1.97985871
8.91149933
10.10156250
4.87064606
3.69966644
18.18700950
1.59599097
2.16406250
8.05033356
7.81595606
4.20304632
16.36555782
6.65604831
3.05362976
9.01997894
1.52539062
11.62219083
15.12756317
0.59790226
0.32662683
9.45259862
9.01652039
2.05859375
0.99104735
1.15006593
6.32421875
0.02263122
5.90229943
7.87895057
1.58398438
1.12251801
5.35697418
7.53951019
10.20658356
0.05739350
16.99566047
11.17385056
5.65763741
9.39664672
3.65804078
11.98437500
11.95072418
2.62695312
3.43013519
0.67533356
2.08833832
8.73437500
1.65136719
8.01293883
0.15979066
2.86283356
0.19209809
2.24414062
14.22041778
19.05895280
13.98567874
0.74388963
10.96782025
4.46407136
15.63014709
5.15653037
10.72717752
1.62694253
4.80213430
11.33593750
3.33923371
0.31400543
9.28023161
1.36633394
9.11222351
10.26997894
4.37500000
0.03985565
0.20532258
11.36014739
9.94738365
10.15340647
14.64464429
0.85633228
15.33158356
4.74654144
6.13647274
2.16776706
0.62984223
5.87943512
9.53548094
6.55871675
6.25471548
6.80831338
1.47505707
5.90144836
3.81339539
2.06054688
14.94278369
3.32284131
6.13886858
3.87240248
16.47656250
0.99479125
6.15368683
4.78560394
2.01607269
12.22631649
12.96285128
0.06681367
2.14213043
8.69754101
4.88103169
1.24316406
8.82633422
7.14017731
1.38798066
0.46322258
2.33642952
0.30786133
8.06115692
7.77868683
10.33133755
3.70727726
0.69726562
5.25948028
5.19018617
14.14355469
1.49076324
3.95552582
2.38867188
2.75772884
2.96450909
5.11174645
4.63671875
7.21630859
3.69811544
4.69202127
4.56152344
9.84887633
3.33927461
2.61132812
4.07031250
18.66255707
1.42826324
12.16125333
5.89012301
8.40911347
7.96775599
6.98927526
8.99108046
3.55752605
1.89564826
3.43554688
8.73591977
1.65682070
3.15428691
0.74496481
3.42097961
13.53346491
9.37536901
7.66015625
2.11812348
3.29642731
11.80456450
14.42370014
9.63623670
16.34785794
1.17968999
4.35546875
9.06595856
0.49511656
9.43237367
3.37007037
2.95850232
1.66113281
8.57198028
2.11058386
4.76412455
1.60462142
8.34179189
2.78186502
1.68688996
5.33203125
0.16768402
4.66406250
1.62597656
11.84764628
2.68510915
5.42443817
0.21346070
1.78125000
16.67578125
21.44836395
7.34118683
8.35208888
0.21627050
12.54687500
5.47656250
5.51171875
1.63529449
2.07271332
1.89257812
7.65734209
8.21179853
5.28125000
13.32324219
12.23783356
17.99462766
5.94722628
5.11328125
2.51908356
6.83833832
1.82421875
5.13012633
9.62679078
0.90958680
8.38281250
4.06640625
3.77539062
10.03872784
1.03113696
15.98002106
4.43058289
8.50865360
9.00697140
2.25781250
11.82936947
16.26783909
5.72074247
4.97432403
1.41182652
1.04687500
4.30459387
13.59189051
2.25390625
7.27050407
3.31449745
3.73835993
13.43493683
19.98144780
7.06611592
13.49203014
0.36836762
2.91947418
4.05513519
2.26171875
0.88920074
12.18412142
1.73666777
9.27343750
5.48002106
18.28100399
1.74092808
3.82377106
4.76953125
18.67622894
4.53125000
1.11629211
18.71594083
6.98372562
2.98872894
2.15775543
16.62463282
4.68750997
1.45658356
10.68000721
5.25561835
2.83976507
5.82857269
4.74218750
10.60965537
0.78096963
10.67008422
7.27913453
7.61621094
3.54447418
5.98091644
1.82910156
3.15775543
13.98950133
4.23706117
2.38281250
9.48656915
1.84590979
10.27677305
5.13406195
4.20785793
5.49660517
2.20847295
17.27665005
6.63786015
1.46777344
3.04402649
3.57812002
14.10115913
0.64685214
2.65100067
1.59464539
8.05200133
1.73852477
5.58439273
0.91735746
9.38012633
7.27624667
3.22851562
3.44095856
8.39497894
3.47615415
3.17814273
5.63459331
6.21013325
2.19547485
1.40608765
5.17187500
4.63390958
8.23616578
1.46492243
1.28804909
1.52539062
3.88503602
13.86353723
0.30420171
7.41188277
3.48264848
8.52164423
5.24735815
3.13085938
9.66752106
3.07661957
10.12500000
10.64831450
1.11535738
11.76855469
7.92923981
3.63716644
0.37089020
15.42321559
13.90828679
10.24950798
4.19189827
4.59541778
8.16088431
8.89213541
18.01818817
2.40714539
0.49263519
9.61774823
7.11227282
3.89648438
13.27343750
8.06595856
5.59464539
4.04687500
7.82812500
8.22208555
0.70662539
1.86771637
8.76216644
6.50438830
1.55029920
0.75439453
21.12783361
5.13029366
6.63326019
4.68891678
10.00008865
6.64513631
4.99113475
16.03613032
15.51241245
2.72383699
0.23250149
1.76639988
9.15332031
2.11238586
8.78214539
4.23046875
0.50732422
18.63867188
22.65779477
5.56486148
6.99955231
4.14754211
2.21813996
9.33593750
5.45735594
2.29264406
0.01522064
2.81130981
4.61283356
1.94051086
8.80212433
6.55859375
16.11627843
3.31160959
11.26652039
8.39408356
5.65100067
2.37093140
1.75683594
4.76993462
4.58944038
7.19140625
2.26757812
8.16227172
11.07991578
5.68558622
4.48628878
0.36132812
12.18623560
4.34053745
0.02156679
0.37231445
6.87215149
6.80904144
9.14843750
2.49849457
2.49185783
4.93197030
6.16015625
12.37500000
13.10684619
1.68416943
1.70214844
5.21126219
0.10502199
3.35502106
5.69576019
3.82348321
5.21566046
8.92622894
3.73046875
10.55330009
1.70691323
0.40332031
1.52343750
1.02351867
4.73482269
0.56197113
8.34696255
7.02836214
0.42496828
3.92248535
1.51143340
7.73771055
0.61267246
5.97220856
9.51729278
3.73412899
0.51123296
7.70254994
10.90430186
3.65999390
18.46875000
10.44673427
2.26029698
1.44531250
11.93750000
13.58409243
1.76747007
5.85839844
9.42533356
7.09317930
1.37361757
7.63533134
12.85897163
2.19169160
0.81152344
10.71191406
0.10044342
6.68750000
7.65445922
0.13545777
5.82128408
6.80851507
20.14933289
9.59489140
2.23677582
7.38077571
5.27083001
2.37769115
20.46359710
0.47054078
7.43481383
2.42110261
3.86389129
5.34073914
7.89497894
4.02901153
4.77933622
7.53458555
0.93538702
0.57226562
6.43249169
11.05261573
2.26322418
2.58504211
4.82556183
13.44441711
0.11222351
1.41429854
0.39437638
11.72285980
5.49947113
14.32377106
0.01880402
4.67578125
4.96484375
1.85546875
8.58958777
0.46509973
1.83256012
4.90669769
1.77343750
13.79418883
10.25256317
3.49869875
9.22310394
1.38350371
1.35432984
7.96830231
4.01997894
8.29690936
2.71676252
10.74654144
0.65478391
1.32959109
9.04060727
11.40079898
14.41456894
2.63230606
11.23186061
4.37360814
1.62064606
12.66796875
5.12109375
3.04854278
1.28393617
5.99609375
2.06054688
9.42533356
1.19294323
2.38990192
5.14408356
1.10982269
9.69848072
12.59334663
4.81709995
2.36177582
10.40356383
3.57661957
6.83426972
0.48677208
5.54166999
11.56774933
1.08007812
14.64619903
4.98270722
5.51004848
6.14913120
11.57022884
2.62854222
10.05200133
1.26192293
4.76562500
1.64949524
7.01997894
2.23091644
5.92700133
5.66284242
8.71439606
12.10156250
3.58158356
1.29194786
10.74914893
11.38850953
12.24173981
0.94042969
9.43404144
6.07031250
0.41288238
7.85221348
6.08175088
2.28605164
1.56542969
14.17097961
5.74698914
3.66601562
9.15625000
4.27343750
15.08158356
7.44921875
18.20552582
8.69877106
2.71529144
4.45703125
18.17623764
3.06250000
12.06237700
2.87166445
8.22566711
5.78775377
2.31816267
7.96170739
11.14782248
0.94853501
8.71695922
1.35921265
2.44726562
7.55110594
10.62792925
4.34016844
8.32735261
9.98071289
4.05904144
11.24633727
9.44950410
10.00691711
2.38911957
2.54434619
0.46924451
6.90535461
2.62801086
2.29866578
9.14994293
7.71561614
7.40592531
1.70898438
6.66048094
1.54032192
3.36365026
6.65144836
1.18599457
13.62293487
12.14579067
4.70576934
3.23820257
8.63627106
10.22659686
9.75240580
2.35347628
10.94095856
9.07812500
0.00789398
5.36328125
2.30183899
2.08833832
18.40501995
6.73877327
4.34839428
1.33496094
6.75736481
3.02823914
1.10449219
8.95902122
8.54968417
0.83016179
2.31604004
3.31054688
5.91182403
12.11808289
12.32025821
9.77003324
8.33593750
8.45987976
3.08911071
3.64872285
11.61975067
7.68090758
7.46106050
14.46311626
2.98673150
1.05542553
1.96084652
2.60376163
11.18794769
15.03192076
2.00268617
0.67675781
10.25683594
2.32377106
12.72298094
6.25602172
2.58003878
9.09801530
1.95081283
2.87009600
1.27012189
3.54777039
6.46472075
0.14111422
14.06416778
4.05281306
5.46130651
6.53605164
16.73950133
10.14383755
0.57755804
2.31400543
4.91105164
1.46365927
2.10144448
6.79040558
6.18359375
9.07031250
10.20133422
5.11071808
9.46529144
11.39249446
7.32233932
7.27974955
5.68555186
2.37202848
2.04069093
0.27657074
3.90474457
9.49654144
5.91048094
1.72188386
12.49080009
13.91003823
11.32442044
13.15124667
7.22611481
5.38008201
6.50753213
11.71146388
2.50923925
3.56835938
1.80175781
11.17626953
0.68953430
6.60457336
0.76981660
3.97702815
3.96643284
1.50585938
12.34362700
3.04939882
3.45703125
9.88232048
13.83003878
0.72278050
2.45402039
14.77286680
9.75447695
1.84533660
1.36230469
4.09765625
10.57556183
15.56160461
2.87394226
2.04882812
11.49385528
4.76508866
4.33435837
7.64774380
1.05778202
0.59921860
3.34419769
7.34716423
6.06860289
17.40266844
15.81580119
1.78222656
3.83565215
7.98423186
3.43115359
5.94140625
5.62109375
1.60013824
5.44396942
0.81526734
6.35546875
10.07482381
15.55623227
10.96692486
1.33374086
11.33581450
11.34366135
3.38001329
8.38191711
4.36372894
4.35546875
8.12756317
6.24405696
2.14009862
0.99368795
1.82511912
6.19921875
0.93750000
9.45365138
7.89941655
3.64257812
4.22566711
9.60681183
7.71439606
3.17818207
4.09968806
8.10539007
5.03906250
13.63627106
8.89497894
10.48986443
7.65238807
8.55175532
3.82715093
17.19185394
13.27979304
3.75940159
8.14497894
8.10355497
20.51488697
5.00265181
1.15730774
6.61515071
0.39306890
11.22912567
7.07513853
3.64104831
4.89550781
4.04642731
5.98091644
1.73535156
12.42354278
7.55691601
3.83985372
7.38671875
0.18444824
0.10241699
4.89725738
0.27905273
4.40279144
6.49218750
7.38739252
0.24301916
7.77734375
7.64741412
19.44771830
12.02791445
4.47041778
12.71569482
7.72449135
2.76953125
1.43652344
4.27530696
5.46297429
3.95898438
3.00345856
0.59082031
5.92118130
5.64176640
7.02298981
4.72310394
13.47912567
4.67277039
0.25923676
3.31571441
6.95312500
3.64843750
22.40234375
10.34545213
5.02218306
12.74383534
1.28155529
2.49609375
12.93177306
1.70885194
7.35111481
6.10937500
8.54341644
1.56347656
2.88887356
2.64628269
7.97611481
0.06280518
2.95507812
11.23400599
6.13948858
0.42085723
4.20882203
6.05122894
0.92187500
6.96561614
17.16674867
11.23091644
3.02539062
5.89794548
5.15238807
1.32173676
4.11494903
10.14676972
4.50992797
1.57405640
4.61629211
6.93750000
11.88134111
11.64706037
2.10648216
3.63554299
6.08019739
19.80265569
4.32784027
7.62878325
10.14107269
4.60514406
21.79209775
2.21526706
15.18404144
4.01171875
7.31372008
10.97489472
2.00826019
6.73828125
9.02636719
20.43314606
0.68066406
16.38719332
5.78219968
15.94828277
1.39690383
4.57552748
0.91951601
9.97745789
2.99804688
6.59375000
0.01728821
17.74926197
2.06323803
6.79642731
6.87609708
0.23571933
2.64497894
18.59871399
10.42610594
2.09777925
5.62154144
0.01025391
9.83121454
15.28072362
9.33683289
6.13281250
5.34419769
5.70658356
7.40926086
1.30814232
2.42806405
1.14213043
5.55078125
1.94868988
5.40836547
5.66727380
6.36678413
2.79146332
2.81131926
5.85790891
3.34874834
0.78182818
12.73721853
2.52405252
10.95747894
0.61767578
0.58203125
7.73046875
19.56148161
8.78572695
5.14888519
9.09285461
1.13468445
4.48828125
4.08675990
0.79458775
1.71297180
3.07511414
7.17533356
6.61673981
1.16048146
8.30888408
1.45845551
1.11914062
5.34423828
1.73002106
4.83638519
9.14664672
0.20857789
1.89597455
6.91651263
4.99438477
3.90039062
0.90722656
2.22505707
14.25736481
9.26815822
0.99410128
2.12361757
0.27075195
4.20312500
2.63582336
1.24832599
10.36100842
1.01464844
10.22887966
1.96614749
5.77319398
7.27734375
0.92398798
6.96175421
1.40625000
1.72448637
4.53918550
0.45751953
8.19278369
5.58993115
1.01391415
1.12817570
6.48002106
1.21040863
7.14709442
8.82053650
16.52254211
0.10917176
1.02583832
1.30053150
2.32690990
9.84375000
8.97733489
1.94559785
2.92073360
9.39266179
0.67431641
1.96386719
14.72603301
9.90368683
0.36490906
17.20596853
4.76624002
8.06250000
7.59012412
12.15136968
15.63553303
8.63123337
5.16361481
0.09394774
5.10469636
1.68945312
10.65010528
8.52009198
7.37623005
0.23107910
1.81115255
0.77770280
2.31364638
11.49120346
1.31002548
11.14408356
4.12735151
6.30668993
0.59228516
7.27734375
5.33280364
0.60274324
1.45996094
9.04162567
3.92472351
0.93216949
2.01261414
6.12776485
2.07340702
1.32881621
5.26719416
1.51629432
8.17785489
5.08484042
5.17533356
4.99438165
11.00561835
6.93794769
19.83455009
3.28792608
0.68420504
20.42508879
6.01212212
12.78039956
4.39542664
0.36201996
4.41555796
4.05123891
1.69095856
10.57470080
3.11572141
0.73971298
7.24910461
3.09757508
7.60111481
5.23482269
11.85668883
0.65946504
3.33052582
7.04496122
1.39444759
7.39652870
7.34435506
6.33573581
3.48006538
8.82031250
1.05371094
3.29101562
0.00872040
7.85253034
9.58012743
2.03035461
0.74694855
8.38281250
1.37597656
1.58523258
2.91232601
0.48177063
7.48502438
4.22831394
3.61328125
3.97387633
1.82006898
9.00256317
5.16585328
11.90189606
1.41548676
0.48783356
0.35786957
2.11132812
10.38704344
9.74574862
4.25029033
14.51594969
14.37858156
0.11322021
3.43269836
3.18607325
1.90421819
6.26517731
5.31148161
0.58695589
4.12935394
15.14421569
4.61462433
6.70133422
2.54671265
9.69531250
7.07995014
6.38098736
6.11437833
5.35437167
0.58744293
5.29771610
2.58554410
5.39062500
8.80814606
12.01850787
2.16899213
1.19380707
7.40132536
5.75577571
3.14953956
1.59472656
8.93660461
4.02164174
5.62919658
0.88326019
0.58841949
16.80635528
6.23482269
8.56083222
2.70853668
8.79687500
1.84330231
5.79386414
9.28881649
13.08182956
5.61539672
3.91975953
5.26216644
6.40566933
1.85710715
1.57128906
3.79581726
7.57031250
2.12202599
3.71098182
0.87646484
14.26773050
1.11463430
1.43697113
5.44877106
7.96731827
8.75691960
6.62593971
7.59655917
7.54418883
13.95735594
8.93009585
8.67533356
1.83593750
6.13716644
5.87035572
1.29761303
8.91629101
3.15792774
2.24218750
5.78320312
4.48437500
4.45312500
1.38155059
5.63069703
7.39168274
10.17866911
2.97847628
2.08158356
3.10201019
2.25781250
3.99324524
4.04882314
7.94336436
4.48209095
2.45972240
12.86283356
7.27042664
1.68782469
15.55948384
4.90474955
1.79166750
6.60457336
1.93448914
0.41796875
4.46614251
4.43575354
0.93697113
3.08621787
2.66182901
1.86922180
4.16886414
3.33398438
6.40144836
5.27433289
3.68631801
16.79764739
3.79689689
1.24306349
2.44140625
13.88483932
6.20500443
9.89717310
1.68343390
5.90669769
1.48034325
0.42981300
1.33300781
7.08040032
7.30403812
17.02786016
8.94430719
4.89266179
7.76953125
1.84863281
7.78906250
0.87060547
7.70190243
4.92468417
2.89184508
1.90787843
2.94771332
10.51025266
7.22322695
4.70312500
13.67475289
4.26319481
4.64318817
10.81766069
1.75594802
4.48482269
8.62577239
13.23085125
8.68706227
3.62996399
0.60591644
2.68990082
1.52770591
12.31645057
3.89392121
10.92427582
1.85729887
5.60905031
7.88326019
2.28487090
0.02732392
6.46085384
8.17391179
2.16210938
10.37695312
9.52729943
3.75545600
4.14798981
3.09464539
2.68164062
6.08133755
5.12178745
0.53662109
2.09912109
4.25000000
11.28499466
8.99218750
15.73828125
5.65625000
2.26908356
3.78214539
0.07720947
4.52872119
3.45962379
2.67376440
0.65771484
11.69632030
11.06722296
2.49650709
2.86328125
9.21093750
6.66551862
2.07471575
9.34810394
0.00473404
6.66796875
4.14363586
0.87052430
12.04687500
2.67179134
2.77937431
4.86190381
0.82120789
14.76472961
6.20722474
1.24662262
3.11372894
8.37219083
11.39766511
5.22664118
8.63045600
4.18359375
15.71004211
5.46427305
3.82568484
3.74218750
2.39843750
3.31009918
2.45552582
18.65384918
0.82124848
0.10864258
5.58939606
7.92879211
10.71618683
4.25903258
6.65458222
0.76704926
11.12064606
9.34631317
3.49202515
11.87886193
8.78084663
6.57600205
13.99769546
0.74466949
7.29732269
5.40970856
0.48616453
3.20715425
1.41992188
4.66747673
9.74267952
1.36425781
9.70658356
12.39180076
2.13269448
7.56730164
3.45747894
9.62410461
8.74540005
1.18864140
4.22656250
5.25435394
1.17675781
9.30021055
4.31307070
2.69726562
5.69726562
4.00000000
2.54642731
3.01171875
2.34765625
4.98872894
8.86718750
0.49829102
8.50190880
3.39066932
12.22656250
2.35111481
8.96875000
7.54732269
13.12845856
2.58593750
10.60591644
8.40589905
11.48437500
0.80326324
6.45747894
8.73828125
4.79252106
2.22310394
2.95117188
12.38627106
9.54252106
12.19807486
5.13387522
4.40486259
2.25635139
3.86222351
14.35977837
2.51282081
13.55084052
3.60662012
0.09431120
3.90787843
1.78238642
1.11898077
5.19840204
1.61605108
8.67968750
2.43465149
15.29398465
2.91975953
5.19978945
8.54687500
9.87500000
5.28365082
5.72220856
1.37943512
6.94921875
2.58760528
5.91284242
0.54585536
2.94238530
0.56396484
13.17533356
8.16939301
9.33068817
2.38464262
5.17334109
4.34720856
8.92968750
6.56416778
2.99621177
11.89847809
10.46883616
4.30981383
0.82397523
6.77298981
5.74654144
6.83548981
8.70747894
4.41996122
0.15376925
6.40820312
7.79252106
6.08247894
1.18847656
5.18314606
2.81880707
10.73205535
5.50040337
2.20797096
2.78897884
4.09338348
2.82910405
12.60201019
8.13627106
4.31494016
1.88082003
7.90580231
8.86771388
8.46410572
8.17554521
1.71333832
9.94966644
4.56986481
6.16406250
12.45312500
5.90625000
3.22656250
1.31001801
6.66796875
0.38842773
10.38386525
32.07951241
12.48616578
2.86100343
12.44485484
3.47266622
5.90625000
7.05033356
1.36401180
4.39335051
10.67737034
6.05301972
13.21211575
4.29712101
1.31054688
15.71101618
3.94299534
7.27522828
3.64302582
12.30859375
15.09037262
12.41214872
3.39464429
3.22445700
7.72701019
8.14139739
10.66931183
5.30993683
1.36763519
3.97761027
4.79778036
1.98339844
8.94095856
1.87666778
5.47086547
2.25643007
5.45368822
11.02226174
4.45080784
8.70043883
0.04687562
8.89843750
0.38134766
6.73437500
11.92533356
2.17594360
12.63699912
6.77962655
12.24218750
13.91764406
5.27555297
2.88708278
15.96740692
3.14205175
6.46573914
1.20996094
9.09810394
6.96113919
2.06290835
2.61718750
1.65271027
7.49084442
5.64408356
1.64001496
5.88313719
9.59375000
6.42590425
3.54101562
12.67008422
4.48828125
8.62356827
1.16728501
1.35351562
3.85998504
14.27933622
10.25537234
4.87243683
5.71036680
8.79296875
2.91117464
10.06135860
3.19254765
9.31522053
3.21167553
4.82812500
3.89485594
12.64856050
5.17968750
8.48347961
5.30427416
1.95789228
3.14107269
7.46248227
10.07222628
1.13387024
1.01110871
8.98591977
6.98673648
2.24218750
1.63476562
2.95312500
3.82373047
8.46952239
3.53291778
2.20654421
8.31506317
2.44665558
1.38769531
8.98258422
3.68538453
1.75449117
4.99023936
1.04980469
3.17578125
10.61372894
9.81965938
6.58576020
1.94768893
6.03605164
7.55033356
3.97342864
13.22233156
23.22566711
5.01472961
1.95882203
9.15742576
3.18994514
12.01550200
0.92618960
2.87109375
6.03515625
1.49076324
17.11161792
1.00211102
0.82154655
2.56205231
4.89786680
1.75297152
12.27766844
5.89375886
1.75826019
13.98290891
11.30187833
2.02966589
1.53417969
7.75976562
5.47017177
7.61433899
2.56648991
7.80558289
1.63716644
6.37463099
2.21263392
1.16398631
5.32377106
4.49263519
6.49609375
0.03903198
10.26114912
0.69007812
14.89541158
3.69187388
10.56160461
0.23722351
2.37821005
5.19458444
6.04732269
10.73168883
9.54956117
12.79252106
3.72794493
1.77640902
1.15970856
6.87922097
1.38009696
8.82174195
2.37071975
3.41638962
0.21972656
7.95560450
2.85103612
7.93391844
4.03092531
11.43945312
3.00390625
0.27832031
9.35847961
8.10245789
15.26285018
5.83391068
6.85790891
6.66642398
4.46785461
0.94527191
1.23384613
3.69071441
2.83398438
5.19441711
1.48767121
8.11572141
3.21195589
3.02583832
0.55859375
3.98136165
4.42391179
6.04996454
5.80896276
2.30143063
2.14538730
6.50826019
5.31538786
6.99365359
7.74173981
2.54903168
2.74564606
3.15669769
7.10457336
0.80607117
6.03080231
0.09389252
0.00269890
1.48278466
5.97892398
3.14522495
14.99376663
4.07174423
3.82564301
0.48876953
4.55769836
5.61262543
4.57812500
15.54292443
1.39022163
10.41218307
9.82565048
5.63369792
2.34822944
1.69137189
0.15460174
5.72790558
1.64843750
12.43208832
9.99414062
7.46683622
12.89847186
2.47648880
8.11616911
4.94242464
17.82619011
5.55558289
0.38012695
9.21588653
6.70163452
1.35591644
4.06986481
9.00000000
6.59207226
2.72282856
8.51293883
3.94018617
3.78621399
1.46280945
7.11177084
11.30184397
7.01216644
2.56009918
3.41166168
0.36393250
4.96907469
4.82307735
0.36751593
5.72004751
19.79699800
2.34770057
8.81054688
4.99173981
2.83833832
6.72265625
3.70076352
5.58785128
0.71435547
4.65189606
7.91796875
5.17667664
3.60351562
1.59765625
0.81807403
1.26102754
6.80859375
0.54691434
6.10738253
3.72318512
2.65083832
4.23437500
0.91064453
0.58557098
10.19274933
6.66227172
8.51306183
0.03130097
5.72196255
3.04561558
8.22611481
5.20568817
3.15368683
6.28169769
0.29549133
2.36718750
6.72355164
7.03906250
11.16483489
4.90450105
3.27734375
11.14408356
5.13411126
7.23743018
4.68395653
5.17480718
1.16764406
5.73872894
4.04207336
13.62901929
5.51250110
7.58939606
9.16060394
1.11698332
9.01485261
15.50602172
5.03214539
2.24503601
7.69953347
3.58908133
4.16841644
9.87398161
12.25268617
3.27107602
11.41597628
3.09154837
5.71289561
8.47298094
6.39037899
7.73039007
1.23144531
16.22721188
11.10872562
13.10733821
6.08797429
1.59916168
13.89326685
2.98022772
6.90331782
10.35258089
2.71435173
6.03469859
5.46770722
5.52689606
9.33789062
3.20747894
1.37357574
8.27779144
0.60302734
8.63627106
6.59419769
3.78600358
21.77307845
10.26562500
2.88476562
2.53470856
3.62056488
11.50174583
8.27047096
1.73884946
4.80314273
2.68994109
1.53092282
5.24979831
3.07804134
2.11413730
5.22509641
3.89753713
6.85209884
3.92773438
12.56941711
18.99926197
3.86592933
4.98340093
7.16170102
11.41508089
0.60530640
11.67700133
2.43042054
8.56250000
8.07409575
1.01965425
4.59765625
6.56640625
2.08744293
0.14208984
4.57076019
4.40580231
10.73156583
13.66605497
2.50712378
3.96113919
7.05749667
2.44620789
8.89615470
19.52278812
2.54394780
1.33256012
5.09281029
1.99943428
2.63085938
6.24564606
0.06654877
0.68115234
10.54101562
0.93461090
4.79732269
10.86783688
4.12825687
5.03080231
11.09285461
1.88956726
10.71532580
3.33980939
0.97900391
4.16689108
1.76670267
1.84525543
1.61775571
3.19226230
1.95312500
7.33101286
0.21736757
1.12447113
8.91752106
14.99926446
3.32593085
12.82429743
6.41398382
3.68750000
2.23677582
3.26367188
2.50158411
3.60388464
0.06045532
1.97037750
0.99247160
5.39420656
3.23783356
7.74173981
7.53840315
3.16952349
18.80617798
1.50392120
7.36162789
11.69863363
1.58113586
0.27653078
7.24564606
3.97672485
5.94364472
0.68070465
5.66841644
8.82185727
0.08378238
10.29154449
2.01953125
2.82857269
10.53906250
9.68725399
7.40950687
6.42382314
1.15910350
8.77668689
5.52852947
1.43697113
10.98184619
1.55916943
1.29492188
4.33588819
5.48983599
7.78080231
2.38370789
8.95133422
1.23909547
8.57226562
6.98828125
15.78728485
1.97664367
6.95393174
3.73836990
6.57812500
1.97070312
9.99975399
3.71844720
12.62066599
2.55078125
0.83251953
5.04252106
15.51794216
4.27156804
11.60540449
6.86667608
13.98506870
8.15238807
0.17818238
12.89408356
5.94576019
3.41992188
16.06852172
15.37731716
5.48685948
4.13716644
1.16280059
4.44799867
12.91536126
3.52213874
0.89521997
3.13904089
7.72656250
0.25850434
5.66312279
5.72404366
4.57269338
3.18918771
6.73527039
3.33264129
7.57991578
20.02106605
1.77538315
0.97796486
10.70193678
16.84664658
5.36596742
1.76704926
1.26631621
8.39241578
9.71990904
16.29610261
1.89042082
0.88545808
3.78125000
2.25284104
7.61727615
5.31640625
0.89896637
7.14107269
7.31372008
0.98173066
1.43066406
8.15625000
10.11795989
0.41532254
-0.00195094
0.14245605
0.04574585
1.71355412
10.44613918
4.97721188
10.94376773
2.33142121
4.08841700
3.00142675
6.57633422
5.23669216
3.25639073
18.43794769
1.31152344
4.36283356
0.18355316
10.86718750
5.37890625
15.47464872
4.99410128
1.80749418
2.52551363
8.32271332
5.76908356
13.62935394
0.77006012
9.96170989
1.31412843
1.63964844
7.00135750
4.03680961
1.78462738
15.56640625
8.59375000
12.93750000
0.15741974
6.04385916
0.05635528
11.56083222
0.01441956
1.82518887
4.40712100
12.86193817
7.77087433
5.86629211
6.11853058
0.04571533
0.81160461
2.19921875
2.10546875
4.18794769
6.98872894
4.24218750
15.13431793
1.13732879
2.94230164
5.92187500
1.81730164
2.54101562
2.29557126
5.00325687
1.33691406
3.31127494
13.90812444
6.38427859
7.90759308
1.76997894
4.41015625
0.46362305
12.58748227
2.14493960
3.47915504
1.19288231
12.43493683
2.97896332
10.35502106
2.52388519
7.82340204
8.02380651
2.13521332
8.33158356
1.39009613
8.39408356
1.94238281
5.59349402
9.12134973
4.41406250
7.00044769
0.01928711
6.56791168
9.08593750
7.34977172
4.33556849
3.38932624
7.65189606
12.87405592
1.11394060
7.75549036
3.34411901
12.66406250
6.62801086
10.24308289
9.87410461
3.68644226
2.86718750
12.56902816
-0.28973128
7.00781250
10.95043883
18.89465394
3.53092157
4.97648382
1.05761719
3.23722351
15.84764628
3.56897938
4.50870789
7.40625000
7.98680519
2.04489250
1.04296875
9.45507812
4.27945922
2.10005707
2.50480164
4.18794769
14.14603170
6.34688386
5.48710549
12.76977228
3.65796210
10.41125333
7.54642731
8.65470523
17.16886414
1.84570312
2.91601562
22.18652344
2.51411957
10.42651367
0.74462891
6.93705231
0.81099457
7.29203277
1.56099457
0.47998047
6.77406746
6.70043883
5.76440492
8.06685394
4.13236481
8.17354278
5.13549867
4.08158356
6.00622341
1.23152898
4.01517731
9.85546875
5.35546875
3.71875000
10.72663121
2.48866023
0.57128906
5.46121662
3.07345135
26.19877106
3.62365692
2.36897828
9.71093750
10.13281250
11.76748449
3.96599512
6.12198914
8.89383755
10.07312167
6.40759308
1.28462738
4.04252106
4.22383637
4.91003325
10.95348903
5.12748448
0.71313539
3.57076019
6.94140625
10.10758422
4.44437279
2.44519448
3.10245789
9.94095856
6.86521942
4.44772827
1.35904938
11.17915863
3.88822418
6.59765625
8.25244016
0.64746218
16.67979187
1.18945312
8.10343196
0.34139226
1.70922291
6.45386303
0.65722656
15.38939744
6.14188940
9.57938940
3.09297761
0.29854340
9.48002106
7.34997341
2.50008366
10.89269615
3.70451241
0.47554535
1.93017204
4.98096077
1.74707031
8.26846853
2.87081338
6.50524933
0.59570312
2.10815430
9.40625000
1.00488281
8.69095856
4.49059841
1.36141179
3.28535794
3.33919437
4.43794769
12.82335772
5.72518506
2.93359375
22.96708222
11.16729736
2.49129211
14.37980164
4.71439606
11.65344083
4.56966312
2.38281250
9.18827239
0.92216035
1.74698914
9.54060727
7.68160128
5.79252106
3.76639739
1.71496675
4.22464872
4.21630984
1.33638519
10.55663689
2.56059120
9.33593750
1.95963376
11.76843417
8.30509087
8.72705452
0.32128906
12.16839651
6.80035349
3.37939453
0.75646942
3.45446808
1.05431973
6.37390292
0.06182861
7.06648493
2.59757757
6.22956339
15.54297872
8.53995789
3.94726562
3.20978364
8.03834441
4.74308289
2.65234375
15.52945922
1.92073609
1.40136719
0.00962830
5.98733717
16.23458665
0.80322266
5.56773937
6.08069813
1.20214844
9.12756317
16.10709220
10.12036569
2.26802582
3.95629821
5.25690714
9.02222739
1.76359070
8.65535461
0.58585633
1.96026424
2.32641788
8.18045989
1.05196199
2.80619293
0.05403656
10.24609375
1.07865387
4.85982269
3.48046875
1.70507812
0.46997070
3.81445312
7.44262633
1.91780640
4.37198914
4.73258422
3.21228058
0.69677734
7.06151845
9.02840647
0.86364777
2.14017731
1.10493988
9.03356716
3.40310908
1.98739084
11.88940118
5.97481604
13.01037567
5.13761414
1.51464844
4.81685394
1.25471548
2.80050088
8.71093750
6.78637633
5.10424867
14.14497894
5.68705231
6.71048981
11.09464539
4.56929411
11.17728170
2.04248670
9.98445368
2.65421819
11.26562500
0.29374176
2.20357269
10.76037567
2.65926086
9.37333222
3.76428192
5.83683289
2.28320312
12.37500000
4.01333223
3.95195921
2.52246094
8.68314606
2.53365082
13.44327571
6.07971409
8.33975510
2.22514572
12.26562500
17.13960661
8.63639406
3.97977442
12.15828679
6.17801972
7.12154144
3.31835938
3.28440327
4.72100841
7.56685394
0.71093750
1.60156250
4.84285461
4.48437500
3.49698914
0.66996246
5.99783522
3.16036790
7.82767731
5.35278258
9.37858156
5.44006317
6.64798981
2.06384308
1.49560702
2.25636136
8.40625000
2.48482269
7.82018950
4.41418550
5.27688609
0.66211934
8.01367188
6.17940215
2.91870179
2.30423981
3.84586547
0.14176484
7.47887966
8.11832890
5.71936004
4.77478058
14.19877106
1.21085633
6.83113586
2.16105164
5.53220413
1.88141067
3.29019892
1.99540503
22.58662124
5.91191267
2.38969027
7.69262633
12.55212433
9.60323028
7.75012300
2.15775543
7.48437500
5.59260486
7.42981549
4.07812500
2.88171112
6.88276818
0.28511940
6.17748338
0.82154006
5.13671875
2.94140625
8.22656250
6.71526154
7.06899932
6.98917664
0.79199219
4.25736481
13.30277372
5.38082003
1.27054715
0.28458804
11.71528366
17.84416334
7.76078402
2.66015625
6.24263519
15.38034058
5.32400450
2.56347719
1.91752106
9.36718750
0.90816254
0.60351562
6.94295102
3.41251773
5.68705231
6.20646055
13.69197695
1.12447113
4.19474180
9.87243683
3.85274324
0.83251953
15.05957031
5.38334137
9.27075133
2.88761414
1.15165254
4.60229802
6.82987146
2.70524545
0.74951172
12.19673427
5.11141179
18.41875306
0.64321807
6.33593750
13.80456450
3.51725343
0.98140473
1.68644195
1.42142731
1.71439606
10.90791778
5.92110261
1.37019587
2.54529089
4.34375000
4.22265625
0.40820312
5.64062500
0.96467767
0.70670905
9.88041168
1.96386719
7.19685727
13.99462517
16.54044991
1.80367160
0.22618435
1.63118656
11.82173676
2.56957946
1.54565492
1.47123199
8.89318817
1.94274933
4.38716644
1.25256317
3.20194426
17.21541445
0.50000000
1.20263173
10.45508311
1.54154449
6.33369903
2.87963929
5.79576796
12.36295656
14.89805832
7.85009641
1.63960910
14.34810394
0.93607574
0.05861420
2.85798697
4.01143838
11.13167110
17.56709995
5.02042664
1.21972656
8.51908356
4.47651818
6.13285682
5.10201019
11.10502106
1.36763519
9.15802084
2.81072916
3.67382812
6.88983268
1.79978279
4.62544769
1.69913758
1.77974457
11.20658356
3.27148438
5.75000000
2.81294769
3.44535184
0.76412082
4.14729610
3.92122562
4.23669216
6.21431737
3.08279990
3.57739694
6.24507536
12.40779477
5.41398382
3.88899657
2.56022218
5.12455231
9.13268950
0.94295351
5.56196864
20.38484929
9.03560394
7.69095856
2.05468750
10.66451019
8.96093750
10.21081450
5.44543550
7.57377106
3.41353363
16.58397939
1.67578623
3.90372368
5.78373448
2.75687777
5.68314606
4.27216811
6.51538896
10.66752106
9.27779144
3.02591700
2.32369237
0.47802734
3.67675781
6.93269836
5.64595302
1.79004155
2.66015625
5.09029144
8.93705231
9.74129211
2.21964539
8.09375000
19.82124225
2.14795545
5.93017578
3.95853668
12.54675200
1.75793550
8.93822308
3.93873005
12.49629544
13.06620456
1.86275238
4.66247341
5.38350620
10.03983489
0.44055269
12.54252106
1.92622894
3.48652483
1.75281416
7.46431488
9.34293516
4.04845911
8.27047096
7.57812500
5.39843750
2.77583832
4.13671875
2.32836903
0.90220134
11.54943817
2.84554078
5.19441711
17.60937500
4.17089844
4.61380763
3.78169271
1.32955673
5.19441711
4.13403258
4.79309175
2.04687500
2.94531250
9.60066711
22.09308068
6.06906803
2.20007480
10.71606383
7.53605164
3.30716700
5.13642842
0.60559923
10.32185727
5.33048648
8.94408245
9.36495899
0.55423981
4.77209442
0.95491578
8.07812500
0.90429688
5.92923981
17.65039062
3.09090149
2.17655364
1.93762300
4.61673981
4.92667664
3.02539062
16.12951131
11.03711436
4.59073914
9.01127106
5.68448914
8.73400599
1.62439245
0.99462891
6.83329067
5.21752992
3.39209109
9.45312500
7.69640958
6.30794437
11.10937500
7.49955231
1.96582031
11.14013298
3.89111702
6.04296875
13.62910794
3.81274601
12.53125000
1.81690294
18.96509474
2.17142731
15.71529144
7.64941406
3.33939606
5.26997894
1.88041168
7.45747894
1.44238281
0.07751465
0.81848145
1.13448028
0.72489472
5.53125000
11.44591756
9.22794991
5.46240359
15.38179411
23.36706450
0.83557347
1.08105469
10.87064606
3.19771332
2.03710938
6.57633422
14.80757536
1.07507480
9.96939938
3.44270999
1.63296861
3.00912123
3.16406250
8.06827571
25.76513298
7.26335217
1.95650238
6.01216644
3.91874114
5.50781250
0.30419984
8.03043329
3.94262633
1.80277870
0.69238281
8.83886719
10.32421875
7.04988586
2.18448914
1.87259918
10.37154144
12.24796321
0.18709538
0.07952881
1.43961017
3.47384197
15.60969969
8.25704011
7.62296321
4.46297429
3.85742188
8.84375000
10.55379211
0.39318879
10.27013631
8.67863475
3.38911957
14.73037013
7.68255097
22.37569370
6.64648438
0.85213195
9.08683289
2.12735650
13.58309148
6.62613642
2.93587655
14.88476562
2.01953125
0.11564117
2.95206353
6.31254432
4.74955231
1.00337738
7.34765625
0.90669769
2.57555934
16.95426640
10.35156250
9.19592254
13.46618683
2.50044769
11.50345856
9.54252106
9.60937500
12.41060394
17.00683594
5.19762966
2.46102116
14.26767326
6.61181516
10.30168162
10.58247894
3.58113586
7.40013963
0.56364638
1.91661881
12.52173537
0.49210633
2.18001219
5.31091091
4.95003546
13.26652039
4.16361481
9.84223959
5.13822916
2.42370512
2.68477449
6.18444855
7.62215149
3.06628325
4.64554964
7.48815825
3.35559175
1.83691406
12.23814828
6.73060172
1.71146637
6.43262911
2.57758421
10.81554771
3.76522163
2.29671265
9.93750000
4.64798981
0.67179383
7.73828125
9.46121787
1.04561807
1.75976562
16.11283356
3.20828070
7.00851617
4.56294769
1.85953735
7.78951019
8.22216423
14.33642952
9.57688416
1.88334137
13.21427430
1.75683594
9.24039672
9.08670989
4.39253380
6.11050643
13.76555629
0.23278809
1.60094716
5.55774268
8.05749667
1.41556793
2.84781860
4.57991578
5.37018839
1.39393118
8.20605469
5.02254211
1.70206726
2.49609375
4.63236481
3.27876801
3.44335938
1.49218750
6.17700133
18.28739472
9.62154144
1.30566406
7.10611813
0.95833499
8.39408356
2.15055297
10.80647828
4.30122894
6.62019836
4.38761414
15.41938055
0.68954676
16.61604880
6.15070588
2.04341644
1.69087738
8.26562500
5.00301086
7.70365138
7.54634862
0.70255555
0.70458984
19.23828125
9.35330896
10.90189606
6.24302860
10.97006870
9.75256317
1.53889517
0.87553385
5.04719969
9.08606050
0.99121094
1.86823517
1.27884918
7.58723751
6.78015292
0.31762758
2.57466644
2.19413176
0.99311538
0.21684618
6.26236813
14.09268220
7.15861148
0.21240234
2.71957397
5.16707336
8.18839539
0.89652496
5.26953125
1.28458057
1.34509807
11.27958222
4.56384308
5.90234375
6.31595856
6.21516844
11.25012300
0.58211242
8.32466644
7.73828125
1.09517426
13.56792111
3.93235551
6.27128767
3.75822085
6.48783356
6.90913786
16.92289339
9.09810394
1.01908356
6.91349180
10.23017946
5.51102754
1.00020293
6.11551972
2.57812500
0.70410156
1.61132812
11.47220856
8.84977172
2.15250111
15.44771830
1.59196047
0.60888672
11.01472961
5.86808289
1.03861481
8.79345080
1.05660627
4.81551086
4.69176530
2.25940658
6.76216644
0.40303559
11.98197418
7.11152483
3.57251662
14.56628325
7.32780031
2.60201019
2.37304688
12.64664672
2.79431183
4.17496454
2.41184966
6.06060615
0.96142578
7.96634918
2.58593750
11.31506317
3.53259308
0.09132904
2.94612080
8.95296764
4.54073028
2.13431793
1.80342683
2.79296875
10.03112700
17.83606050
11.46875000
1.67089844
7.32812500
4.81111259
6.01310616
4.83203125
8.07031250
0.39624023
5.55468750
5.13276818
6.53910682
3.13914645
4.07817929
1.82572418
5.52433289
6.90445922
6.29085328
10.75000000
6.47656250
8.89062500
0.65344238
0.03901153
-0.00591522
1.49747368
2.75651374
11.42443817
4.30680297
9.41418550
3.97656250
8.72949219
16.67187500
7.08548981
12.65625000
9.38281250
2.64497894
12.14062500
0.18424469
0.54976410
12.98725289
7.14120567
5.33638519
5.07812500
2.95507812
6.75882093
7.05758532
0.29809570
2.27734375
7.64062500
1.65535461
10.22672235
4.08976507
2.64001496
3.68794769
0.51077997
7.80570589
13.87089206
8.44095856
0.93257660
7.66361481
3.31400543
2.76607269
6.74519836
3.75000000
1.87341340
7.76037567
2.60652649
8.42801972
13.53906250
1.05573713
0.25118822
1.20214844
12.77815298
3.59001108
18.42879211
4.95402039
1.18990082
1.59037262
0.37357512
4.92020722
3.03454621
6.99519836
1.86075743
1.31005984
1.65265473
0.97283355
2.55078125
16.13448028
4.24306295
10.35683177
8.43391844
1.51334718
8.80468750
5.00378325
5.65266346
4.20520611
17.47054078
2.83382203
0.91166168
14.12105316
3.00105774
3.67472351
1.58520446
7.18627992
7.02734375
8.19531250
1.68872070
0.94384766
10.81802970
7.61137245
6.96585716
2.25273049
12.87695312
1.17631012
0.10072846
3.50589747
3.33602116
3.03108765
5.98469969
10.51127106
5.46106050
19.54585661
6.66719636
2.28450562
7.77329498
2.72167969
4.33247894
28.54642731
1.43066406
5.76003779
0.13525266
13.14396055
3.47127382
0.81054812
2.06612090
6.01306183
2.64933289
8.24218750
0.15726715
2.20747894
4.46048981
0.96915462
1.52982823
9.38281250
16.13448028
3.43236226
2.31685394
4.02404754
3.55692597
6.25435394
2.30859375
0.00945282
0.99955231
10.47220856
5.41983821
1.61900454
2.44243711
2.83736425
7.84073914
0.68896484
1.91503906
11.60668883
2.31355774
1.08606050
1.61621094
1.20873837
0.06836124
2.43826989
2.12235815
1.66353363
7.22310394
2.23392731
3.56196864
1.17301640
2.29235871
3.25240082
16.98437500
7.68750000
2.96177610
0.06023714
1.98677582
1.86889212
5.08439273
8.73820257
0.64689148
0.51611328
6.45914672
7.22009308
21.25237258
5.95545212
5.12442930
3.30000886
11.24654144
7.08728058
2.91947418
2.68737700
3.12512300
9.56685394
13.70568817
3.87381926
6.16463320
2.27148438
8.69446501
10.67456117
0.56738281
0.09598785
3.66255707
1.25811238
7.31970744
9.08593750
6.42061060
3.37913876
3.83175088
5.87239251
1.84098640
4.35457336
12.47554411
7.24019503
4.05379211
11.90535461
2.41390015
1.06054688
6.70222961
13.41214872
40.69275058
3.72013243
3.35603945
4.84765625
0.02381897
0.36499023
11.10412567
5.34899933
7.79988586
10.29386414
3.79252106
4.53381317
1.03523742
5.60815492
2.68359375
7.09330231
17.11706450
6.01741578
1.83719941
5.22228724
3.57055851
6.73885195
1.02412747
1.55660128
4.66796875
0.52233918
5.48828125
8.82466644
3.47460938
7.60742188
7.08984375
1.14603668
4.04341644
18.12263852
3.20353335
3.52298981
3.26607269
2.10111481
0.59183746
5.65119238
2.72079676
5.76480829
12.18441046
3.27343750
5.95751330
2.08350232
0.06041442
1.27848328
3.15039062
8.95556516
8.28662234
0.58056641
12.48436049
4.84810394
10.03470856
0.87137910
1.65917969
7.36673981
8.73872894
2.52900405
8.85087876
1.46679688
15.92678344
12.31882202
8.03548094
1.79370179
2.82181793
1.82556183
4.43359375
2.44140625
0.36669922
17.99540005
14.33077183
3.99897164
1.36626274
5.57812500
2.43359375
4.82722961
4.67232269
-0.00351196
18.45466977
4.57934508
4.02911958
2.48915225
2.63326019
7.51492880
6.71223626
3.64726174
3.34245124
4.77779144
4.52388519
6.74719083
8.04610261
8.60514406
4.24173981
12.48091644
0.24165801
1.95170074
0.15954652
1.08797180
-0.00246154
1.41045893
5.04590093
4.17533356
17.59195922
13.34810394
1.80745484
3.44921875
6.98303192
11.50622590
2.32572418
10.08984375
5.81807403
13.00923427
3.57023382
4.55212433
0.27103668
7.66837212
2.17045323
2.60302859
1.65429688
0.04885864
3.98437500
3.87695312
13.98530475
1.37602338
1.67773438
2.87170410
2.31986481
6.07377106
2.46378601
8.32979278
2.25809785
10.51004101
7.14877216
3.60624114
5.78906250
1.21496675
8.30904144
1.45289726
4.22794991
7.19140625
0.39335113
1.48815825
2.27205507
6.31250000
7.21484375
15.28291778
9.99637910
7.06250000
4.10156250
3.88867188
10.05200133
9.25960328
0.34859223
5.40824247
0.91251773
2.79882812
5.71997008
0.24438539
1.46093750
17.95172119
11.89062500
2.75781250
10.54687500
24.75481707
2.01526097
4.96317597
12.30904144
4.77734375
1.97363281
7.34840507
8.60630206
5.63242907
12.21028812
10.01127106
0.65185547
1.51940825
1.66268007
2.36088043
0.32466644
8.42187500
8.37500000
0.47485352
15.98265293
3.52528631
2.91667996
3.86043274
1.52070950
1.61788120
11.67533356
1.45161957
8.29597961
6.03470856
6.14196808
0.08685303
3.45959442
2.69895218
2.48777481
1.49804688
0.81799285
0.38138887
2.40234375
9.91767842
0.95341533
1.80472186
4.35152814
3.80857468
4.79687500
0.20056152
3.61425407
5.26221077
19.06770501
10.96272828
2.84651983
9.58955342
7.04281139
8.21875000
3.27929688
4.18090758
4.03393617
5.87064606
4.19576019
1.89069122
0.69426972
5.44795435
11.24674562
5.74813054
1.09330231
4.01607269
4.64843750
6.66752106
18.24975399
4.96663453
7.01941074
0.79886871
3.01216644
9.91088431
3.32153756
0.12101652
-0.00714018
0.93793866
8.10115913
7.80175781
3.51724845
14.69369522
9.57781028
7.67110261
1.67622894
1.64424590
6.98661347
8.20312500
0.15454102
4.51562500
13.67996787
2.60323526
4.18750000
3.95214844
3.85697418
3.11030973
3.14750277
2.47896332
1.40515043
3.23718355
11.21093750
4.01953125
7.75345856
8.78775551
2.19221050
6.28252437
1.35497922
3.75085605
0.94584137
15.89985927
4.42967255
4.02007756
7.73872894
2.72656250
8.17354278
5.73527039
4.52478058
1.83272246
2.36747285
12.15409021
3.80163730
3.46569980
10.54687500
8.41841644
4.75500333
0.24719394
4.49861259
3.26522163
0.53841187
1.98535156
13.07491328
2.11427526
10.97900266
7.26363253
7.62064606
3.55318207
9.78254876
2.93351507
11.47489472
1.81197113
4.43269836
7.18990082
8.61718750
5.26806516
3.18310671
7.28560394
9.35847961
16.00410794
5.33280364
8.83040282
4.88920323
0.64164339
3.40429688
8.68916778
12.78739472
6.25878906
0.25952148
4.45479278
7.78807846
1.13994126
10.47119016
1.26761996
4.91796875
1.08300345
8.23653479
8.18505984
5.43090758
0.40966859
1.08105469
20.71093750
14.58893248
15.78715090
2.31551086
6.68481383
5.51049867
2.55948914
1.54755749
3.16049091
6.45802971
6.80881537
2.08402372
3.16129765
14.68729333
8.03340979
2.43660461
1.64033965
1.52461824
7.51171875
0.00491333
16.90189606
14.34720856
3.64933289
2.66210938
10.68945312
3.79854278
8.82812500
4.93973847
4.97208555
0.59139101
8.02075133
0.14001527
0.38041168
15.34741024
1.14102962
1.05351174
9.22656250
2.23368130
2.96358433
1.35156250
11.75365027
8.98072473
2.46818023
9.21695922
5.73225953
0.93990082
13.83735927
6.55326573
4.36328125
7.36718750
3.40665337
4.25190880
5.50118448
2.00984929
5.23225953
2.26757812
1.65722656
5.41670435
2.42464483
4.47269684
9.71964539
1.17871094
11.98392731
2.56996507
0.77459884
0.05093384
0.35226928
6.81444814
4.66691600
9.01127106
11.06009420
11.08248393
5.43570922
0.72831269
4.03125000
7.02734375
0.95454801
3.00883089
5.19181211
2.29569426
10.19694093
4.95715425
9.67590332
2.20841368
1.68371675
2.52388519
11.41509667
6.22135749
1.72603363
7.66466756
7.08268063
0.53683150
1.58818178
0.94235593
3.86846881
3.25616466
1.79256040
3.18188663
6.22810727
3.82116855
2.86038716
2.62801584
3.66886414
4.31250000
1.92174950
5.08118018
0.91015625
6.37365692
2.02913453
10.81738032
5.18261968
3.14697266
3.46048981
8.83593750
2.84810394
3.13582336
2.88448028
0.37967988
5.97355164
3.57031250
18.01171875
2.34781860
2.51936890
1.18945312
2.99694482
6.78893950
6.14726174
3.98632812
5.10982269
4.45312500
8.15189606
7.32031250
0.25215668
2.64847809
10.47115082
2.00781250
5.21350067
0.08133973
2.19474180
3.85139019
2.33322196
5.28080231
3.46590149
1.09679895
3.92618711
3.18933510
9.62642177
2.20442874
2.60709718
0.21203613
1.19618692
3.40894614
5.17187500
5.46830231
17.92508755
0.30924687
8.21626552
1.19096105
2.98937469
8.38281250
1.37113309
1.30464816
7.85982269
13.04296875
14.10167554
6.06975177
6.22163910
3.71289062
13.59338099
7.70695257
2.38179411
0.82422000
5.80859375
7.53080231
7.46203458
2.90169437
2.62500000
4.62109375
4.16157802
1.66719138
6.00086103
13.69085600
2.66463320
1.76810699
6.98933400
5.09159021
3.04842974
3.86076935
2.67100952
10.32787899
2.32837101
6.13093556
3.83008311
1.69620789
3.53710938
8.62845856
7.15262412
2.87638741
12.03829011
6.92187500
2.61405364
1.69799867
5.82045989
4.54123226
1.07820866
1.71875000
4.60811060
2.18786901
1.38566101
10.79162567
7.28649933
2.52258020
2.81286901
6.53125000
1.00785309
0.12654633
1.90771484
2.92578125
1.44502715
4.10591644
1.45979859
0.52148438
0.07165527
0.10810377
6.65637300
0.24847256
1.97892398
2.15641235
1.84305879
8.31250000
0.05154419
6.24564606
0.11427795
7.28259308
1.80033356
6.68359375
13.64664672
6.04593778
15.91539562
2.92864098
0.37939453
10.75754655
9.62982282
5.91630097
12.29854278
9.57063719
9.47131317
7.78291778
3.10315159
20.32544826
14.51545322
0.63423676
4.98242188
0.91703277
9.78995789
3.47070312
9.46439606
2.69140625
2.52193207
1.18802887
1.29927582
0.75492340
7.89062500
6.44051086
2.14159907
11.38664007
4.61930297
8.98425200
7.14510195
3.42869848
10.92277787
12.02584330
1.49947113
1.17968750
2.49121094
5.84330231
9.27533256
5.59509308
20.45902372
12.93160128
1.08789062
1.19628906
6.55830342
5.73283023
1.54430311
2.01767176
7.83292664
7.52457641
2.00915558
4.04341644
4.75923427
5.73685948
3.12996399
5.76720413
3.27722573
5.54390846
5.84029144
1.77201324
2.56113947
2.07309729
8.01562500
1.22753906
9.41316711
11.14497894
2.77875305
4.76368683
2.92533356
12.40083832
6.21484375
8.45548399
10.56697695
0.36010742
0.99609375
12.36502771
1.24585272
2.58052582
0.05425994
0.42932160
2.73274657
7.46666889
3.32597517
3.61523438
13.81762633
6.51947696
1.11797484
2.99609375
2.90189606
0.70259613
3.53291778
1.11838588
1.51631870
8.74051972
1.77050781
1.08984375
11.35184287
7.64237146
0.54244736
5.13716644
0.13078215
2.67651429
1.45707059
2.38020999
4.19877106
8.16894282
14.34517675
7.07377106
4.10591644
9.09277344
1.16699219
1.82812500
5.05078125
2.34765625
7.75000000
2.72106716
0.42639378
3.77494293
18.57909907
1.66393825
3.51399657
5.83232158
3.79882812
2.74023438
13.89888519
1.41210938
2.59765625
5.26171875
2.15970856
7.77779144
1.94238281
3.22131317
0.60778840
0.16540527
1.08772579
3.07942874
6.39632203
6.20658356
1.33447141
1.77144503
0.41430664
2.99934564
1.24780585
11.64152039
3.41796875
0.67675781
4.24295989
1.93086824
1.20605469
5.26594969
1.34537843
0.41210938
14.95723294
2.92513187
18.18648161
3.29703735
4.15466153
4.29077460
6.88191711
0.81140168
9.09375000
0.24051910
4.81250000
1.24654144
4.75390625
1.81986481
1.26810699
7.96964539
5.36649380
4.22334995
0.37500000
5.49609375
8.50000000
3.65970856
1.46822113
10.07327904
5.34375374
0.57173676
4.71048981
17.26385450
5.33203125
0.61519379
3.18220634
4.48966866
12.53796106
3.86755651
9.35286126
1.57096686
3.10183788
15.50123005
0.14964933
7.96670324
6.92440879
5.71386968
12.51822751
17.75870789
6.83484042
1.67089844
8.55653910
8.53711436
3.77148936
4.78719055
5.43383478
3.04903479
6.27734375
2.23286957
8.54162567
8.50968445
13.49934564
3.05098792
9.75142177
5.58747230
0.76747007
2.92128187
5.81211657
1.87695312
1.89355469
0.00327492
0.01412964
2.16857910
5.90234375
5.43359375
5.61328125
0.95511871
13.40429688
7.25435394
6.12500000
0.03024292
0.59960938
1.93216202
8.67196365
9.55212433
7.63671875
7.80957031
4.40625000
2.67879211
6.72355164
4.05859375
4.84773493
1.61906194
0.84814453
6.42080231
0.39072113
5.28816711
6.68839539
8.50474735
4.84636746
0.80025238
7.06058622
7.76753878
0.88818359
5.09631317
2.93579133
8.45006982
0.57287940
1.57258658
5.31523049
10.57287567
7.81518617
6.48803524
9.63305851
17.02665005
1.54854527
7.56160461
2.81640625
3.80948914
3.89453125
8.15702239
0.58272371
3.67968750
12.92008422
0.16768433
1.97070312
9.76346396
3.66724069
7.49910461
2.29943817
11.57556183
8.87243683
8.30297540
2.61304022
8.71093750
1.50000000
12.84793662
2.28052194
4.27388519
11.15970856
4.77123338
2.67452681
1.24338775
4.33593750
6.65669769
8.40986633
0.98889129
0.19445832
0.14416504
7.38146942
0.02874787
0.50097656
11.30456450
14.26997894
1.61596742
6.09867091
2.37109375
5.67692265
0.87329164
2.57617188
12.11657248
3.46004709
4.73437500
1.71809065
1.00712876
1.13342254
2.06669160
4.40234375
8.97656250
4.50390625
9.06444814
6.05273936
2.26021332
7.18359375
1.45365387
16.77915892
12.98121675
1.35623958
2.00297152
10.67814273
5.84419769
2.96244293
4.36372894
1.76855469
11.94241966
5.64156471
3.88476562
10.74808622
8.96976839
7.31875776
0.22661181
3.56168578
8.68973847
0.40775543
2.86568207
5.33939606
13.07722961
2.01846167
4.16898714
11.34720856
16.30610802
0.02254211
1.96431488
2.20117188
6.64408356
2.14737976
3.74475067
11.34708680
20.93944814
5.50631205
6.38435727
20.57979464
13.19469748
3.12251801
18.25016733
6.06852172
7.90751191
11.50390625
3.04089262
4.02548871
3.08400930
0.70361328
8.14498901
2.33398438
1.24218750
2.81506317
10.02384087
15.12609708
6.07344636
6.43396276
3.19767398
6.48771055
4.53707003
5.15144836
5.46964539
4.33203125
16.69185394
4.03906250
15.54890930
1.81568353
3.84863032
10.83267066
5.35263519
3.05468750
5.53125000
3.69921875
4.43607574
9.96785461
5.91796875
0.75040711
7.21919769
7.85066711
3.36742728
14.05876108
18.73392731
6.22342864
5.85905031
1.87622008
5.03002992
2.92773438
1.05761719
0.00395584
2.87931824
5.87845856
4.76517731
1.04093445
12.37238254
0.68637355
9.74743683
1.83699524
0.64099152
0.73575306
4.82599458
7.60158244
0.47436523
2.15749384
1.03134862
12.33337433
0.67187500
0.18896484
4.92291280
2.41888408
3.19335938
18.04381982
2.86975440
4.92533356
9.64843750
5.81205231
6.58808982
6.17159463
2.82812500
1.28177887
5.42232269
2.48828125
8.65266844
16.72233156
0.01737976
1.04379407
1.00485095
0.66748047
15.44433594
0.91568969
4.13268950
0.94917941
7.25345856
11.38032802
3.49076573
5.23091644
5.10156250
18.02152372
2.55074191
2.40299313
0.11946781
4.01953125
18.97411237
6.84831560
2.55049590
1.48645113
13.61718750
0.24369293
1.22993988
9.20531915
10.03686835
0.49267578
8.20658356
9.72298094
2.70715425
0.00752258
0.79589844
16.51260916
7.48934397
12.44151929
3.72600177
1.38765473
19.10937500
13.86283356
0.23543305
1.53125000
4.26904297
7.25166778
14.12129544
1.49031804
1.79589844
10.53458555
7.38684175
6.67968750
11.25636811
19.43945312
2.14469360
12.80456450
3.02836214
13.11808289
0.04364014
0.54199219
7.95312500
0.00337601
13.90604333
3.50582003
6.44511081
9.24218750
8.15189606
11.18521720
0.58716256
7.99121094
10.87845856
7.01216644
1.04199219
7.59586547
3.66780640
2.30273438
1.64868102
11.15458222
4.16361481
16.30021055
2.16703402
8.14062500
4.52689606
10.02555048
7.22399933
8.57361120
1.73441434
8.42724734
3.27388519
0.56445312
6.10733821
1.43375859
5.09073914
10.00589996
18.35582780
8.24573470
0.12386078
1.25683594
19.61709885
12.65563498
3.29322473
8.81930511
5.26732713
1.99813552
0.59472656
11.38612811
10.66741550
16.32848405
6.12436059
9.45873837
13.63651706
6.32283134
3.50334053
7.27042664
0.96289062
8.51908356
1.90181488
1.93277953
4.30603058
0.94624848
0.09827849
0.39591554
2.96093750
6.30078125
9.01908356
4.57421875
1.57466644
8.55712766
5.45068484
2.45868906
2.34795157
12.42008422
5.75569703
4.68660461
0.64119445
5.53906250
2.99116911
1.44116273
6.27746675
9.97566711
12.43906157
16.64803413
6.81307070
3.47371399
5.62577239
1.45430574
0.95580992
5.81563386
21.32787899
4.68038120
8.06282469
2.07735261
3.06758201
9.99536569
6.21093750
2.22988247
5.62241245
7.74511345
17.86767952
5.46048981
6.09987479
7.07200021
4.56490082
5.03080231
0.12105316
1.87845856
14.53035461
0.50626306
3.92928413
5.47123199
9.46529144
7.27164672
11.00242022
12.87245677
2.22412234
9.01562500
7.40669769
7.81557708
13.58945035
13.52717954
4.33809729
0.80680297
3.18910047
0.79248047
11.54162567
0.41841644
4.04341644
5.63716644
8.86799424
4.11247451
4.58682292
2.40978724
1.43457031
9.59724291
1.44600745
21.57176862
9.95533410
7.55078125
2.64127438
3.22347171
5.13671875
13.41752106
6.59964311
4.58333998
6.45145722
9.30126330
2.66748670
1.83560378
5.21114915
6.96048981
3.25185949
5.97515070
11.92097961
0.69340027
11.87231383
10.56083222
8.32812500
6.77331450
0.58309023
1.64839318
6.22660682
2.11718750
6.64318817
12.99503601
6.93794769
2.72403868
5.27010195
9.05468750
6.03470856
4.26997894
6.64318817
3.39515717
10.35508977
23.16594193
5.20162455
2.57031250
6.53861481
7.15270280
3.61638076
1.49031555
2.18929078
11.31941711
0.72355164
2.00390625
8.88015072
2.06471409
3.26021332
4.07767731
5.49263519
1.28417969
2.92634697
3.91544991
10.48437500
2.75541168
1.69335938
8.34810394
3.86914062
7.39404297
11.05688165
0.51009405
3.18644226
8.53035461
23.89062500
1.55655945
1.42399047
1.40173371
3.19576019
10.86212988
0.37623254
19.04573360
2.56648991
8.85111481
7.38326019
0.20178223
3.50585938
10.71695922
0.08272340
1.86537035
12.41748670
1.33780945
4.31400543
16.27343750
12.07031250
4.98482269
4.70755264
2.31979111
10.31070922
3.05407746
1.05122894
13.04492188
4.99173981
9.39754211
7.57556183
1.86132812
7.85111481
9.07617188
8.47220856
22.80326075
21.99992132
9.31205231
17.51009032
16.39241578
3.51374059
15.06606162
5.77289671
4.73787788
0.53084289
4.50480164
3.56729167
0.64852864
2.34570188
9.80029421
1.52148438
14.70312500
7.65881317
3.39021665
6.27925753
3.21760860
1.42391179
6.23042816
5.39009094
6.59960938
2.80609930
9.90528590
15.06725732
13.04036126
8.83333998
4.46138519
10.53035461
1.59073914
2.75390625
1.07018825
0.09607152
1.53016559
18.70463541
5.45459109
8.16739805
10.82824800
6.37963431
1.75948526
1.38671875
11.10502106
3.68013519
4.08158356
0.27901215
0.92089844
0.77539062
0.07135010
1.81152344
8.93228502
18.88325023
3.57073581
3.35672817
0.75993046
8.90217642
4.71891733
4.50000000
0.39843750
1.37109375
4.56078292
3.28402482
3.27388519
5.65970856
8.94726064
5.08834330
8.72196255
4.28483156
6.15771609
9.09273161
2.43265902
2.04882812
4.95462545
4.09224955
3.29492188
7.47220856
6.95258866
4.58301529
5.51171875
7.53906250
15.76562500
1.73485518
5.85461768
6.06506815
15.32710661
6.76273714
6.19877106
0.45406098
2.34916168
3.71146388
1.69914007
5.34631317
2.74548371
13.90054300
2.82658771
3.30314273
3.62410461
3.09464539
8.47887966
3.81018284
6.58939606
6.20161957
1.45560699
13.97643950
4.96541445
3.98392731
3.02539062
12.26981598
22.51167443
5.83329565
12.53079774
1.21634669
2.62431128
9.72656250
5.43750000
1.03120100
6.42989915
0.83247894
13.39764518
6.94610482
7.06640625
5.54899047
1.16052277
9.87129544
8.96118351
8.51127106
4.03906250
12.44578033
15.73709553
3.32825299
3.61283356
8.38716644
0.19482422
0.00154209
1.93842912
13.03288342
3.35514406
5.60021942
10.88024933
0.02797455
2.20913177
2.74985261
0.30985504
9.30814606
0.90030945
3.82384974
7.22603612
1.60441101
11.53470856
11.59029144
0.02624512
3.82396776
0.32251662
2.63871246
4.68794769
10.80712766
2.14990359
6.04752438
6.86218417
4.84240692
5.29085328
15.84934841
3.92799534
1.77494293
2.08052582
14.67728170
4.86959330
0.75390625
6.53277483
3.30271497
9.55904144
0.89457184
8.46093750
0.12141937
1.03613281
4.00000000
2.28906250
11.41573028
1.37385486
19.83936170
8.53535794
5.73266788
12.01871454
3.05745733
3.60111481
5.08268063
0.73807956
3.55618919
8.41695534
7.25390625
5.28470856
7.58593750
0.01578278
0.20654297
7.08557129
2.68855774
11.18839539
1.84667969
9.21146388
2.06197362
0.54764396
1.61902260
3.92002993
12.75113083
13.88048538
2.44808732
3.03560394
0.73631287
7.94217864
3.26289949
5.64798981
19.78417969
7.31001801
0.33300781
19.95312500
1.10644531
2.18420379
0.17309601
7.50691711
0.03048706
9.81657596
7.12045434
5.49243351
2.92232269
6.18180297
12.37661348
0.96412566
4.52376219
2.17981050
8.10517842
6.67651928
3.87955563
12.30554355
23.27990692
7.90632868
4.59306128
4.17405934
1.36310541
0.76644171
3.94317709
9.40254412
21.02694038
10.57442044
13.51497562
11.62349457
6.14941157
0.19336187
2.04882812
2.96861453
10.73353390
2.58262384
0.71868627
2.90596465
2.32210328
2.36450133
2.38053468
19.16015625
2.92187500
9.48437500
12.39310699
21.99222186
1.83049146
3.59916168
7.53014296
3.14909685
2.59029144
4.96093750
0.10292572
4.45771872
15.68437112
4.66071200
0.09319425
10.44095856
3.16560789
12.57146832
2.64740469
2.35166931
4.60803192
4.40786847
3.30982380
4.55078125
5.03103835
1.93034685
6.00455563
9.64908937
21.76920656
16.19441711
2.71573914
9.94457447
5.75419658
4.80904144
4.44531250
14.49023438
13.41573028
15.43025758
20.72613919
17.14597740
3.16694591
14.09365845
4.46138519
0.20849609
2.95755264
3.98580673
5.47176086
4.46573914
0.62207031
5.65445922
5.00508201
5.65942819
4.29821808
3.16406250
1.12016856
0.49724263
15.16841644
3.88928192
4.52880486
1.64396553
2.06490082
8.57083888
2.65962987
9.81595856
1.48775238
4.53125000
4.01908356
0.25728363
7.82812500
3.51171875
13.51346521
5.79715661
2.67094525
3.59855164
8.31685394
2.56054688
8.88537567
1.40128601
2.89107269
3.25218917
0.58830023
2.16931682
14.51997894
0.60453277
0.47115082
30.52896720
19.89290780
2.89469360
2.02087433
14.01997894
9.45853170
5.05709330
9.57812500
12.46875000
0.02498871
2.43990082
9.50345856
13.12939453
6.29341644
0.21850586
9.32031250
4.93554688
0.64457184
4.98002106
0.90568055
5.07022385
4.52307845
12.86546543
9.07203457
6.07128657
1.59908300
2.93554688
6.67056627
0.69910322
4.02689606
4.14152039
0.00323677
2.63976397
11.36023603
3.18676696
20.03995789
7.53304078
17.13627106
0.14733887
10.87935394
12.41918883
2.03833070
4.49218750
4.48693817
3.91963653
1.59049562
5.97265625
3.29170435
13.03999225
4.04285571
3.78755707
0.05010986
8.26472961
0.50728363
21.96211326
16.16674867
6.39843625
15.72974069
1.39729859
4.83247894
6.37845856
10.13370789
13.06213099
6.37447362
6.88256649
13.37833555
3.32279698
5.09643617
14.43750000
6.32688498
3.11061502
19.46569482
10.76717475
1.75585938
5.69439094
5.34284019
10.50911126
2.19145057
16.67382812
8.13281250
0.31127930
14.24564606
0.19637024
3.12475617
1.45951324
2.80590758
3.19154748
4.05379211
1.09655045
3.62240248
10.71272828
4.68175865
11.27661569
9.56481716
5.59489140
6.89888519
9.61132812
1.68314606
6.54797208
1.68355441
4.14542664
5.92232269
1.86224977
0.93047484
0.16967773
1.36568897
16.33907635
2.28710938
2.02343750
15.61865234
2.31738281
16.60937500
10.61718750
10.66713210
2.59369126
7.36372894
4.10766290
0.57393714
3.62890625
1.88048974
8.46745124
0.89742035
6.51346521
4.45137854
11.53816711
9.13068706
3.66663563
7.75240082
12.98078856
4.25715814
2.69669991
13.55273438
4.43705231
8.65625000
4.33390071
1.03959386
2.40261664
3.96900598
9.18387848
1.95987976
0.79199219
7.94652261
11.74097739
0.55029297
9.82185727
14.41578861
1.46201019
3.07466644
14.52643839
9.78239638
16.71464206
8.33349734
0.43648285
15.38236481
5.06250000
0.81103516
3.71333832
24.26367188
5.71093750
6.48002106
7.50105275
15.15564494
9.99910461
3.54191101
1.28808594
6.34117687
5.58337932
7.69413674
6.10156250
1.63854264
1.56966810
6.41752106
1.65124418
2.14192874
9.66796875
1.02494293
3.23828125
4.41057269
4.35335328
13.34109819
18.86735234
2.84827127
0.33947723
1.64579316
6.29483821
12.17065855
0.65649726
4.97757093
1.97465868
3.19034851
16.94269180
17.89444914
3.67708001
1.17175698
0.39477539
7.44944482
5.25368018
0.47680664
9.98258422
8.51325978
6.38912455
2.70145722
9.46325466
0.38293675
7.72656250
1.80920379
4.34769280
5.40144836
5.51232381
12.92919548
13.96863696
14.55974957
7.30357102
18.24845523
3.11088043
3.50480164
12.40689938
1.26790531
1.51855469
14.17285156
13.53470856
4.86848626
7.70618018
4.68705231
12.07945812
3.16036790
9.68204898
6.58638519
10.36112457
21.14107269
14.10925200
1.39856050
2.51997334
21.12484264
5.76102505
6.27046100
6.91382646
2.79492188
2.07600922
16.35066711
2.80479306
2.35723514
3.30215869
9.41223736
6.52779144
11.36620595
6.68294437
0.78581061
6.75646942
8.12154144
13.44482048
15.45145722
5.31555518
6.88671875
2.67187500
0.01319885
21.60981273
4.37846852
8.80085993
6.06978612
7.99654144
6.00691711
5.68013519
4.33638519
0.64404297
2.49715149
6.95792664
5.34765625
0.32958984
0.81398062
14.33370401
9.96875000
-0.00143677
2.42521055
4.04353945
15.54304743
12.58609486
3.05400376
15.70312500
11.18965530
1.73441039
1.02768090
7.66109596
14.38390708
8.41109596
4.57165558
3.97565714
1.93014516
10.37154144
2.11914062
18.44622803
5.38392898
9.52977394
9.03702126
7.46875000
3.64257812
0.81929535
14.01757812
1.96927887
0.83736176
3.61718750
2.31835938
4.32031250
0.24023438
5.28673911
29.75333555
3.62349955
11.30891844
2.77799562
7.29296875
12.80289672
0.58138062
10.01133977
4.00819148
0.49247223
12.18387661
5.51594471
4.40304244
12.76049867
2.49353058
5.92488586
4.82466644
2.03365082
8.68346576
12.50699081
12.39405668
7.53169769
8.86746787
16.21846963
7.78157469
2.05782136
3.15669769
3.44476256
3.90551197
10.41748670
7.11283356
6.21138519
8.92789672
0.71712281
6.07420878
8.70704122
7.85675754
4.49781582
4.49552305
3.45503380
11.28609596
3.20430574
5.23136414
0.50630707
3.69193512
0.60396332
7.11885528
6.50435394
12.08550465
10.06067486
6.47611481
10.61372894
11.45380874
19.55042220
10.14074800
6.96484375
1.01420074
4.19921875
5.56294769
10.55333943
0.02254211
11.96952239
5.94576019
5.04992022
2.56755263
16.03702571
16.31941213
1.98279587
4.55423981
16.84614584
3.85563608
3.11274989
1.74076573
1.75817902
11.09863281
4.02779144
1.86230469
9.84011415
0.53443816
7.06294769
7.76428192
6.20011414
0.90817800
7.72807291
2.95678524
3.93163066
0.53443567
1.19433594
6.79252106
3.45255430
5.80570589
15.05317459
4.38066267
4.33491911
1.59904117
9.82120789
5.24263519
4.21484375
0.77294922
2.09279720
3.61940159
3.18074524
4.25480164
10.90445922
1.49930879
3.07356065
4.82341201
11.24564606
5.10323028
1.75854554
0.42407227
7.01236813
6.71646720
2.17997783
12.18737700
15.87601839
2.33789062
7.15669769
1.87271969
1.68196781
1.34863281
4.46837600
6.87297318
2.78816711
4.57755430
1.25679660
3.48828125
0.03039551
0.26493316
9.96051419
7.13144503
9.87568374
17.86483599
4.41650266
2.40576296
8.17968750
11.38627106
8.06250000
3.37979666
4.87651041
0.95117188
2.64453125
1.06689453
13.32031250
2.76757812
10.91906583
5.15787345
3.84884197
5.94921875
2.69726562
5.66227172
4.87282027
2.55865801
6.93025072
5.78032025
9.42712433
8.57377106
3.31835938
3.19576019
5.27343750
0.90584289
1.29927582
8.27075133
7.06518617
6.38891290
2.82833167
8.42533356
2.32661957
10.87398161
10.36039339
11.46004211
1.22505707
1.09504378
5.71122285
17.91402814
2.77356050
9.41149933
3.02994626
0.19043156
3.19547485
6.54609763
9.86434397
6.94441711
3.42081726
9.72900266
2.17875277
8.08691157
3.02441655
3.70433885
12.02852947
11.03816711
4.74064273
3.85937500
4.61241523
9.95985039
16.78403924
3.97332557
1.78222656
9.88170546
18.86286242
10.97656250
3.95819704
3.85475066
2.74490803
4.91742742
11.88061835
15.44708847
0.49763977
13.24129211
2.54564495
3.02409810
7.03259308
15.43164062
20.06445312
6.51953125
4.46871012
2.95438496
1.37626191
3.23286957
3.43164062
0.38745117
6.08735927
2.27660167
9.78976617
4.99173981
4.26847351
12.89229278
6.93192597
0.01396942
0.94604833
8.68045989
15.62926530
8.40914782
6.53080231
9.43839539
4.16015625
15.13972961
4.46573914
1.37845856
0.97541861
4.99581338
3.00000000
4.07902039
10.95825133
2.31278535
7.11763519
12.69905142
6.55395944
9.84259002
15.01863586
14.13549867
7.55814606
6.18839539
2.61673981
0.03811646
8.56250000
1.88890792
3.06787234
5.09444869
1.76244930
10.98026706
5.54687500
7.56294769
5.34720856
4.50467864
1.54707918
2.94185394
4.17968750
0.36307770
1.68501801
7.19531250
1.33398438
8.55382647
2.60047041
3.40656223
7.14324246
1.56152344
3.70312500
0.16638184
2.75000000
3.22635396
2.93917276
5.96317597
8.50256317
6.04866578
9.40421321
4.68953679
2.39017731
4.96992576
8.58476174
8.55904144
11.45584679
1.70853148
9.76306183
14.11360594
3.81113253
0.36405426
14.42382812
10.99845025
5.78865913
3.13285184
0.10127902
5.46529144
2.87109375
1.37975981
8.16088431
27.46841534
11.47824523
3.92097961
4.60636414
1.80171349
6.08207557
7.40580231
3.80904144
3.57370679
12.36680407
1.64009613
25.17232269
3.36718750
12.20914672
5.56819703
1.77832031
7.59765625
2.49023438
7.00609043
1.35719082
2.36713819
5.56209289
5.56840868
2.05122894
1.20365387
8.01562500
3.67232269
5.07937944
12.89270362
11.66520390
7.41642398
0.48632812
2.60697418
6.39062500
5.27823914
0.67984735
1.01546515
3.31054688
6.83593750
2.00158660
3.63024933
3.72265625
3.46093750
2.47460938
3.10156250
0.02360535
2.33789062
3.66406250
3.68359375
3.62890625
4.26562500
4.48612146
9.45874335
2.86914062
11.92622894
2.27539062
2.57971191
5.04943817
3.67712433
0.03801971
1.63716644
15.87320922
5.21618683
2.20825133
13.99861726
3.05744986
3.02694038
2.70369570
7.31640625
12.33158356
5.94563719
1.57238863
0.50526573
8.25740913
5.23828125
2.40279144
1.63431793
1.97851562
13.65847851
0.93234181
7.76515625
13.86372894
9.99499667
2.74503601
3.35937500
8.24820922
2.16886414
3.64933289
11.62845856
0.56156402
6.76216644
1.22823028
3.84817266
4.94703457
7.39453125
0.01717133
7.43426752
1.78643561
5.22265625
1.89257812
6.00781250
8.43994016
3.80032857
6.65397717
4.12679078
12.09285461
4.07556183
2.28922235
6.26806516
1.63509530
4.90576172
9.87064606
9.54341644
1.07812500
1.04980469
5.80053524
15.02127771
3.71724955
0.10302734
6.85694926
0.60789449
4.89843750
7.17968750
6.96289062
16.26025266
6.93896609
2.64257812
6.03912260
1.19250582
0.95898438
0.05279541
1.42065056
24.15226507
1.64412539
18.86914062
3.00423094
8.55045656
0.47900391
3.15625000
0.65677887
2.43599457
4.23758256
2.69601119
3.67728668
3.19771332
7.71777344
10.62666778
15.33098008
6.82466644
2.69624723
0.50931918
0.43774414
3.43118296
0.61577321
4.14933289
4.07031250
0.30151367
12.81294271
4.96590647
0.50777191
20.79592532
0.86573636
12.28906250
2.92427582
9.34720856
4.91617797
1.64384004
0.45076477
0.21524380
3.50264683
4.43705231
6.17622894
1.48197418
7.98091644
7.44877106
8.92533356
5.39182038
7.33780696
7.99857823
2.52392578
2.66902649
3.52750610
7.21752992
4.36718750
7.50000000
4.39453125
0.97900961
13.89701573
13.44685727
8.42493018
16.52779144
7.07812500
4.36328125
2.99804688
15.82031250
9.05200133
5.30387079
2.03670600
3.23242188
8.82031250
1.31835938
0.00683975
10.23437500
7.96484375
2.38867188
0.02890015
4.32421875
3.94140625
9.92756206
3.88103169
2.25195312
11.74369293
4.59793163
5.43181294
0.82730829
3.26248864
5.07328900
2.02539062
10.45568817
7.54642731
0.41658570
9.50751220
4.91045655
1.34667969
11.79162567
0.20019531
2.71618683
1.75390625
0.14342117
13.81701131
11.73332225
8.23091644
5.59329234
8.31641622
7.90177305
14.92545656
1.85734070
0.98832184
2.06144226
8.49218750
2.87890625
3.50317321
2.87605774
0.48795656
13.08930741
0.44487228
0.65917969
9.74775779
18.82259530
12.00435394
4.65234375
4.98074912
4.35518838
0.22611481
1.85982269
6.72265625
4.31400543
6.82857269
3.22033411
2.77575964
4.44531250
1.04785156
4.91573028
6.07841035
9.69095856
1.48889129
5.11897828
14.83465316
10.77472184
3.68314606
10.15625000
2.66451019
3.03125000
10.96170989
1.27950105
3.60742188
1.01220298
16.07812500
3.23140846
3.10245789
10.64843750
7.20703125
6.40234375
8.33146055
6.73494570
4.73828125
3.29492188
4.46931821
7.86250886
7.43237367
3.66743988
4.25390625
6.32767731
14.86718750
2.55664062
6.61763519
2.59024712
3.64847684
13.49345190
5.57446476
0.95996094
0.90962364
0.31889198
1.01074219
17.33286238
1.99526262
9.85340569
2.93471076
3.74173981
8.62982022
7.60424867
7.32478945
5.02734375
9.10937500
16.79332780
2.33362533
1.56517527
9.91106161
1.07564301
0.65722656
12.80033356
8.55513519
6.51675643
3.04920212
4.94966644
4.86930297
3.26082336
15.12886735
1.16308594
9.23437500
2.88326019
14.32442044
4.99589206
5.06852172
1.23421265
4.75000000
3.13582336
7.97745789
5.37276153
0.22640015
4.28125000
1.66210938
7.26517731
7.22151360
5.78686835
19.44262633
12.19197695
0.81652832
11.15234375
11.86047270
5.82043550
11.75615396
8.65654532
3.16646332
1.91601562
2.39002991
3.65189606
2.66255707
5.27734375
7.17968750
7.08361038
1.14002244
1.94824219
2.83548981
1.47363281
6.13045102
0.14225406
10.00503768
2.82353501
1.66210938
5.67919299
8.54346326
5.31610107
13.84439938
8.16687167
4.10156250
2.87479333
0.18473640
0.02945953
6.98091644
2.60546875
3.14994293
8.46529144
0.71777344
8.92276042
3.65056294
15.13504101
0.99296985
15.68684875
22.17454933
1.46855828
2.34419271
2.90535959
3.74849457
6.44185394
3.13972961
15.98823693
16.34033577
15.09094083
4.59700687
3.59631317
8.66694039
4.05315270
2.56054688
2.08154297
1.82572418
9.63972961
10.67756206
4.47612477
0.32519531
3.93705231
3.21533079
3.37496066
0.16674805
13.17789672
1.02620484
0.19315582
3.45996094
5.10156250
6.13281250
1.00630707
7.49910461
0.49650086
1.64257812
7.61433400
0.77629100
10.55028923
2.29842475
10.41060394
1.93013519
4.80521388
6.28807846
1.13628102
8.82902039
2.28080231
4.89888519
4.89843750
0.00331879
8.47273493
13.95371771
0.12622070
0.97558594
8.10412567
2.06762633
0.00634859
0.05035400
13.05110594
5.00894642
5.15532025
2.08833832
5.16406250
7.80078125
0.04318237
6.42919922
5.21093750
10.66752106
1.62154144
7.12410461
1.17818207
1.22115082
16.86142621
6.52484485
0.85005707
10.81835938
1.48205535
9.39152039
0.15413391
7.30212433
0.37500000
12.26639739
13.39118573
1.45105261
10.95386303
8.37422761
3.79325410
1.22979653
0.67644309
2.10908965
3.99877992
4.03560394
6.78125000
3.47070312
0.84521484
2.55822224
3.57707225
4.66015625
11.32714844
7.03951019
2.17175200
7.30871675
0.89770508
1.90039062
1.71777344
9.80635528
2.89184508
0.69047152
7.27734375
2.34570312
6.74609375
2.62890625
17.53356716
7.50093348
4.31657358
6.41336880
7.52368351
6.93827239
1.16426668
1.46406513
1.79867076
16.21927638
4.62492132
8.81660794
0.39233585
7.52481494
5.88444592
3.04581726
7.35502106
9.19966644
0.57763672
2.01757812
5.05423981
8.99270391
4.93717531
2.19512078
4.52388519
7.13537567
10.35261525
3.65865580
0.41487672
6.34533162
1.73242686
5.66540558
0.02976990
0.42294457
0.45516304
9.94185394
7.99609375
2.77441406
6.98783356
1.56783051
14.80423981
3.71919769
11.49172984
4.00391622
6.29341644
0.05618286
5.14062500
3.03417969
2.15820312
14.26155142
7.49626108
2.52644836
0.85099305
7.43705231
4.61975067
5.75569703
3.27103668
3.00202931
3.96411569
1.21362367
5.95747894
5.89774380
3.55041722
3.54101562
11.28515625
1.51908356
2.94201629
0.78987672
3.78710938
8.82787899
4.46108988
1.89958887
3.85245789
2.91015625
5.22265625
0.12056457
11.27779144
1.11568207
1.24611077
3.02848515
9.10258089
1.46484375
11.28169769
1.50736481
7.14107269
1.48535156
8.67521055
1.92244570
6.19352172
4.47399933
6.46875000
13.76562500
2.17622894
3.89603668
3.82722961
8.02868683
0.70369445
8.78995789
9.22220856
3.17044576
3.94035350
5.43827239
2.60034242
5.61372894
9.79199219
7.50736481
5.35156250
0.48579926
2.01953125
4.20434508
6.09252992
0.74597075
0.11816500
6.58158356
13.53815460
2.26972795
13.14982491
2.78161901
6.04687500
2.44185394
9.87052305
0.06062929
1.62988281
12.85305298
4.83444702
2.81445312
5.11795989
0.02278719
0.78662109
7.35521277
10.68384973
2.18721091
6.14681405
2.51411957
2.37320922
6.18398715
2.52092863
1.42045074
6.96919769
3.17773438
6.70006982
0.84928718
5.18750000
7.54732269
0.22167969
2.92150349
8.67082225
5.80078125
2.25044769
7.29642731
7.59094083
7.16341312
2.35742188
1.14708694
2.54920212
4.87500000
7.78291778
2.57617188
0.16910859
5.32258533
0.88639904
2.08129073
1.70785294
7.61372894
5.29341644
13.78727172
2.44515015
2.64480912
6.19214428
10.93505984
0.80855316
1.10156250
7.98046875
0.60595703
9.71875000
0.02247101
5.40018396
2.82051917
8.72810727
0.80749667
3.50016235
2.31099457
7.99743683
1.73339844
1.79199219
1.80078125
2.39754211
0.00739563
1.02837512
8.07580784
1.32755928
5.13236481
3.76802582
5.73242188
2.58219360
1.37386109
13.59619016
6.49019503
12.16188400
1.79009086
3.27121593
4.67897938
0.72607422
5.30371094
1.28666168
19.96529144
0.98111938
1.47790558
10.16596217
3.64249944
3.31945645
8.42468417
6.81028591
5.93971409
2.15189606
13.15372119
3.78109264
6.24353058
3.20751829
9.47591312
3.44807735
8.82775599
2.22370152
0.98341588
10.69185394
0.13732848
5.04520722
2.41918883
1.60644282
1.67163397
2.19496175
1.79583720
7.83247894
0.13846832
3.99263519
1.13976428
4.63969525
6.15279144
2.55334442
6.74698914
7.42622894
12.91716545
2.77011192
6.81294769
10.29252106
2.34224457
7.91906583
12.04097628
2.42232269
15.63694570
8.96787455
0.72220856
4.70254620
0.02254211
17.94486481
3.47477172
2.92455120
4.44922872
3.10591644
8.37845856
5.01517731
0.19002289
10.94600434
8.28515625
2.34765625
3.52298981
6.39986176
2.08593750
3.44335938
8.30725067
2.22159851
1.18457031
2.28560394
0.92652130
0.38110352
1.59462357
4.09330231
5.41841644
0.76074219
0.45780426
14.68208832
8.87117243
12.43027740
8.40572362
2.29386414
7.65144836
7.20327239
5.84547456
2.42968750
12.68135528
1.31429078
1.07564301
3.54101562
0.36059570
0.01472473
4.40189606
4.87393230
1.85067708
5.70747894
2.23632812
0.02798462
9.97220856
1.89532896
5.26515292
1.77343750
2.44531250
4.30859375
2.58984375
0.11596680
0.70121246
9.94590759
5.45643616
10.42776873
2.48584607
8.26652039
0.15144805
5.47688719
7.44287234
4.69531250
7.17923981
6.28906250
5.52734375
2.62394226
2.89453125
8.58068817
7.71728686
5.60860261
3.97415171
1.78952016
11.83247894
0.00503922
3.85502106
9.13281250
3.26008533
8.01725842
24.30397241
7.45532538
8.37064606
7.74763852
7.37512300
6.38505097
7.74035645
3.36372894
2.36794281
5.41406250
9.55468750
2.72070312
1.88936309
7.73624446
6.44132757
2.72115082
4.81302887
1.71634918
1.25097656
1.76261414
6.86315825
8.66329011
7.98482269
0.59126801
1.20605469
5.84769336
2.58696088
7.98425200
3.54113863
8.88281250
0.96142578
0.45727539
10.92675532
5.29756870
14.37194482
0.31051003
4.35103363
7.18359375
3.29492188
9.11629211
16.05110594
7.38293550
0.06380219
4.97704206
4.65084330
12.03520057
1.78515625
1.25097656
0.02469116
0.11751312
1.32836852
10.08772828
3.51411957
3.50000000
9.01997894
1.12605774
6.52481494
5.25733045
3.58353668
20.73616547
10.35184287
11.28280069
2.80033356
9.42533356
1.85156250
8.44966644
14.27783079
5.70503878
0.21573821
0.39237395
4.18326906
4.32201463
0.62549451
10.18505984
2.37304688
0.85599762
9.86763519
11.44362479
5.54351506
3.37028202
5.85156250
1.68750000
3.21545379
15.11763519
2.69726562
2.21378601
2.55078125
7.52465758
2.04174867
6.07080078
13.85156250
6.91406250
5.80078125
3.17101272
8.39420656
3.98312056
2.44921875
1.94995117
2.45312500
16.08984375
0.68843473
0.35331332
0.31567383
7.19140625
1.93412262
1.35100103
5.65715536
5.29813816
3.16149933
4.98524475
5.90234375
10.46773161
3.19844636
1.75667359
0.90527344
5.25878657
3.59472905
1.18457031
13.09749328
1.31046570
0.18491514
1.05321892
10.63582834
11.53906250
0.03439331
2.79687500
10.50830078
3.18333956
5.50643506
7.55904144
7.22656250
2.03592864
3.32194093
7.30273438
7.31986481
16.73079344
1.95910738
0.73193359
4.51517731
5.89790116
4.00834884
9.21093750
1.49609375
10.79418883
0.80423981
13.39733669
2.58720190
10.13537567
1.14978058
6.33593750
5.29552195
2.09616079
9.43058289
4.87500000
9.33203125
5.00000000
2.28710938
5.21101618
4.61417913
3.92728668
4.57466644
0.01016998
4.54073028
0.88618552
6.94735178
1.23730469
18.55228170
6.92232768
14.92354278
1.91031860
2.46301363
5.99027372
8.31441378
0.78963071
10.38126773
13.20133422
7.71663453
2.79492188
6.53906250
3.15234375
4.41406250
0.06738281
0.22241211
11.53470856
1.95943207
6.36495972
3.73307126
4.11999667
10.73091644
0.17016602
1.30273438
2.49438165
0.84643866
5.50781250
2.85281943
9.90507424
0.58634461
2.81640625
1.85546875
2.18387848
2.05318207
14.43660461
11.34720856
6.56384308
4.16796875
4.53816711
15.64152039
16.49271388
6.20650487
0.87695312
5.48514739
3.69124390
0.69425476
8.95312500
0.21895355
0.64990234
3.08894836
0.77018188
2.04911347
1.52290863
1.06461422
1.07917713
7.59819259
1.91060394
5.04687500
10.89057071
5.10370582
6.55252771
3.34802526
1.19079621
11.58593750
5.86763519
2.34570312
2.13598321
1.76749944
9.57405640
3.26908356
3.88521332
2.09069731
0.06722078
3.18617922
2.11503966
5.85156250
4.98046875
1.08593750
1.59765625
9.41381649
3.29321476
8.84405880
2.24741245
15.65807514
11.31575843
11.50696081
12.09631317
0.06278504
4.92130430
2.51078402
4.56282469
3.03678468
9.46439606
0.06593842
0.00542068
0.30139129
3.61608918
4.99218750
4.01953125
5.42142731
5.10156250
14.91406250
9.60591644
7.37279588
9.25611037
6.42931849
2.46386968
3.96081450
7.27099734
0.51123047
3.22086547
15.03816711
4.68705231
1.98510804
2.96878934
1.46915835
1.53320312
9.90640387
11.86161347
3.90474457
13.85937500
6.14843750
7.89017731
7.02734375
0.40144867
1.77636719
6.48632812
0.65437805
0.37377930
3.94771332
6.87622008
3.16310659
3.60396332
8.26562500
5.05033356
0.41280121
1.29003906
4.27901153
2.37919160
7.95312500
0.50785309
2.07081188
10.98906360
11.14107269
2.57324219
5.78336547
6.31607159
0.31808399
4.05904144
1.24218750
11.29246002
0.33296660
11.07299867
1.37109375
20.07260972
12.14180492
10.43339206
15.33072252
0.83724623
6.39453125
6.96439606
3.37215149
5.33772828
0.80078125
7.08970081
3.19524379
6.53293460
15.75858489
9.56083222
3.05753601
13.56986481
6.89107269
0.02204376
5.11763519
15.57405142
6.72534616
7.38634974
15.49824358
2.56014974
8.61283356
0.62646484
10.17879211
2.34659851
1.18802887
3.26349956
2.42400044
12.95133422
3.23270722
4.69921875
0.74316406
3.57332336
3.63220246
2.92284475
2.72825021
5.01997894
3.29943817
2.14782746
0.62797027
2.77075133
0.86739168
5.80468252
8.49023936
0.97851562
11.88927195
5.26535518
2.45504875
3.76953125
0.94776845
4.47265625
6.44051086
9.14497894
2.21658771
3.51156139
3.70507812
6.72444703
17.01562500
0.03924561
0.04824829
5.19921875
2.46875000
8.02030364
1.57202211
16.09016844
9.61918090
4.41207003
3.20751829
9.94799867
2.86792054
1.21972656
2.84068983
4.34095079
2.25931793
6.43750000
3.89497894
4.61283356
7.85713653
5.18973847
17.14876219
1.02844332
0.77729943
0.45316932
15.74706782
7.76465093
6.40234375
7.24564606
7.99218750
3.86930297
4.16194703
7.12890625
7.81099457
14.52689606
7.49910461
4.24353058
7.38191711
0.64253754
1.07173676
7.76550200
8.55481050
0.65283203
9.79910475
9.22677415
1.45996094
7.26953125
0.32324219
8.28812279
5.62593971
4.77734375
11.68750000
10.41316711
1.99650086
5.10546875
11.83504211
8.54341644
15.05513519
5.03515625
15.42187500
10.82979278
2.98421265
10.67240138
15.23198430
3.23828125
4.46183289
0.55562348
0.21252441
5.83984375
0.84476715
15.76716977
4.74890292
10.41059896
6.13643838
1.16878297
1.72709137
6.79178619
1.96020446
1.59891816
12.90279144
1.54146332
5.46394836
0.44156922
4.20800781
2.52449524
4.93058289
2.77795379
7.28605164
1.92480469
8.17192160
11.40479005
2.60243350
6.61718750
2.41406250
1.70254994
5.97986369
5.12544769
1.14355469
12.81160461
8.12410461
5.03259308
7.70357269
1.12650543
4.85591644
0.61767578
0.44458008
1.56009918
10.12154144
13.61283356
12.59810394
4.16796875
5.36283356
-0.00461059
4.72916002
0.22884779
5.57315728
5.47961768
5.19307403
4.44799867
0.02127075
1.72460938
11.74218750
0.11576324
16.90523285
5.98242188
0.88134766
9.41752106
9.24564606
1.26590661
1.35364112
4.95103890
10.36687278
11.21264648
0.54687500
5.07466644
29.35674477
4.31302887
2.16060394
9.95222961
16.99068207
14.51584869
2.39017731
10.24450466
4.42090093
11.33068817
5.95011414
11.59773493
5.17615026
4.26562002
5.92684397
10.56595856
5.83369903
1.49576906
4.15625000
3.73828125
8.64664672
5.36755402
6.45747894
0.00481796
2.95898438
8.36181641
0.17675781
0.32869445
1.02050781
4.42667664
5.76562500
10.62064606
10.24654144
0.03582764
13.17158965
0.75040711
2.05407746
0.79199219
5.75768950
2.09387300
2.37890625
1.70711242
5.62589539
4.26127106
0.52180782
4.31018284
10.60066711
6.57076019
0.20442719
5.70890071
0.16833714
1.42203735
0.72294160
3.36246329
8.57503546
1.93070589
4.48091644
10.78470856
11.14843750
5.65100067
8.81429078
5.75736481
2.97094727
3.38480497
7.11910128
2.97220856
5.84810394
0.01468415
8.18310173
3.18213264
4.08504211
10.14977062
9.96049977
8.00736481
2.89062500
0.11507172
3.78515625
2.57421875
1.73207601
9.52840647
4.32857269
8.16060394
7.22310394
0.02084351
11.65128103
3.13582834
5.46484375
11.55033356
6.44685727
0.19519199
0.88525391
9.81328827
0.06347656
4.78125000
5.98726410
3.86088043
0.91699219
3.20943207
0.76273590
1.49361176
8.31980054
8.18035682
4.71331288
0.09407781
3.28906250
8.61885528
10.54671265
2.22701019
1.23242188
12.20658356
0.03903198
9.31941711
1.87243683
10.05814606
9.21321532
2.67199800
11.69006317
3.09118683
0.19390438
10.60526706
1.10058594
4.16113032
4.07837101
10.96362367
1.57474762
4.96919769
0.02062988
3.43554688
2.93900543
0.07143158
2.58203125
4.48828125
0.06300429
0.21049043
2.54101562
1.70800781
3.35306793
3.42438886
1.25769946
7.36450133
1.59208222
13.90625000
0.76851410
7.76517731
5.83898770
0.94075687
1.94925934
2.73286957
0.71435547
19.56151596
7.45215591
4.34061614
0.14050324
1.55114777
10.51562500
16.19185394
4.62622008
4.69018617
8.68481383
9.00502502
1.39099152
6.78694703
10.34720856
0.32657898
1.69628906
11.19441711
5.53515625
3.51289451
3.24971963
2.06595856
8.52351898
1.24377410
5.09464539
10.99924203
4.45856160
6.14326685
10.34859596
0.09844971
5.31205231
13.45812833
0.96508478
6.50496897
0.19812012
6.82377106
6.37890625
3.80122894
2.44802056
3.40993018
8.87935394
1.90628436
2.08154920
9.00333555
12.82328402
4.12890625
6.45703125
1.28808594
0.48168945
7.82031250
20.78514628
7.29908223
4.81974180
0.16516176
12.07210328
0.98925781
13.67187500
4.37890625
0.53055754
1.61409547
7.03995789
4.33638519
8.10156250
0.01033783
18.14416473
12.05904144
12.43188165
1.99870124
8.70222961
6.64603170
6.46814494
10.26472961
3.51066101
3.62890625
5.65332031
12.40052276
2.61958832
0.41361481
0.09413666
4.21875000
11.83158356
0.21785492
18.69681793
12.07641290
4.21700354
8.82287567
11.33597186
17.49641844
11.93746564
1.09334414
1.33247894
13.24568041
4.22276251
3.03666168
18.24584899
4.03047761
12.71581782
11.30672429
4.95747894
11.21760860
7.54411015
14.36970634
2.89005928
12.43314606
4.16841644
0.42256684
9.60477505
5.36686281
3.74711214
8.97643950
6.28918550
7.11149047
3.61462433
1.17183317
14.17981050
1.77282746
9.01334220
4.95150155
1.59375000
11.50321255
3.57641788
8.12141470
4.21891733
9.30277372
18.22900266
8.89005804
13.00948028
13.75179078
6.07466644
0.02716064
0.50732422
7.29687500
3.02884918
22.66995903
3.09334663
8.00931793
15.76261414
0.08154297
2.58203125
5.20478281
1.72490469
4.62890625
0.04656982
1.72924805
6.56250000
11.45312500
3.13867188
0.32104492
7.87207031
0.11348449
0.37980164
0.26112148
8.28674534
9.71439606
5.30708832
1.48347961
6.87455231
15.51997894
3.28686492
3.97489472
10.01069122
7.26818817
1.60725953
4.05859375
9.12500000
1.55427915
0.14176578
4.43255736
3.57757424
6.09765625
0.91162109
9.79125665
0.00879218
0.14489746
1.94302243
2.28993350
16.11706450
19.73437126
5.32047983
4.30904144
5.41902649
4.38081879
14.95914672
8.02868683
4.87544769
5.00044769
2.88281250
0.02641296
9.51293883
4.63806183
15.40563996
11.22566711
5.60591644
6.08247894
6.23828125
5.80468750
1.24414062
15.66298981
3.83241023
9.13077571
22.53840346
9.92257867
7.66495789
12.01127106
4.52644836
3.05257203
4.11197751
4.46395023
11.93314606
10.21919769
7.24564606
11.25723183
7.94641954
1.58915472
2.51562500
8.12320922
0.68684937
13.42675532
3.29154698
2.47310394
2.45172416
6.12455231
2.85768853
8.74721076
4.38716644
0.18334961
5.16361481
6.17187500
11.96875000
9.14403362
0.82687306
14.12304189
14.85200521
7.29166251
4.99162677
2.97505707
7.45613586
2.52042664
1.44238281
8.07287567
1.91345246
0.26588222
4.96598515
0.98144531
20.62071477
5.33631648
2.24849457
12.04508422
3.72835328
1.95703125
13.05981383
1.76253297
6.77589385
15.79085328
10.11372894
0.08042389
3.39394061
2.99969525
6.53169769
6.65714539
3.94482048
6.10205452
0.98925781
6.51578236
0.43441295
5.07712965
2.25393493
1.58851063
8.37654477
16.26997894
16.06612277
4.71061156
12.19620789
4.37589539
1.24414062
4.26562500
0.03442383
3.53576629
1.57360871
1.56835938
7.37801086
3.75301086
0.27791383
2.63085938
7.16361481
5.39904442
5.56408909
2.02099734
8.35156250
5.10156250
4.04732269
6.84330231
12.39497894
7.46830231
12.84036514
2.38469193
14.91612244
7.59765625
3.50781250
2.00976562
0.65283203
1.06445312
6.33478613
8.64992176
2.04197869
7.22121010
1.32617188
6.03470856
0.46736664
3.96093750
6.54687500
0.33882504
1.14449191
1.63716644
4.39843750
14.61777120
5.19441711
9.77343750
2.52823914
2.96484375
1.05708832
2.82421875
7.98982477
16.22676419
7.76701241
3.64046265
1.17968750
5.50435394
1.82615145
3.57539949
7.95703125
6.23872894
0.11773682
0.66699219
2.50585938
0.87792969
9.08158356
3.23482269
13.05379211
23.08540863
5.10156250
0.97359223
16.64599578
12.60650572
7.08337433
4.94409242
21.33855277
3.99447030
7.53906250
3.72220856
4.44185394
5.34330231
1.43697113
1.00976562
3.04793274
0.09537781
8.62043440
2.43697861
7.76440492
1.25435394
10.61328125
3.11083984
3.13342254
3.79040558
9.62845856
6.30078125
3.91060394
0.01600647
0.07226562
3.62365692
1.64099152
0.45190430
1.50430713
9.52010693
3.98152649
8.60591644
4.32031250
9.59106383
0.16048250
11.94832336
1.22631275
4.77417553
8.85591644
14.32857269
9.56738032
4.37658909
1.37341340
1.76667526
2.65617630
10.85546875
3.88537567
3.30753601
11.86718750
0.02715058
10.48002106
1.99849457
10.98693817
4.17630763
1.39339483
1.01322418
9.59375000
10.45092337
5.38810616
1.79821808
10.54777039
3.37532469
0.28462801
1.11763519
18.31762633
2.47880097
0.18037934
4.71915337
1.74178413
10.96451408
2.44910073
6.89652372
12.24845523
1.89941406
1.76562500
8.69787567
5.37833555
1.53486467
1.85193650
4.07556183
3.78710938
3.79170852
2.48437500
6.11372894
13.37158203
0.03057861
5.13448028
8.14025599
6.73954565
1.62882508
10.18660461
3.34118683
11.56673094
23.06452682
15.99795760
5.38669436
5.96968598
2.53125000
3.16166168
3.29128602
4.17205230
5.78861481
0.27001953
36.53560394
5.55814606
4.76684508
1.01192293
2.90429688
13.58222411
20.72169660
10.35812056
5.44931737
8.66631539
4.06805961
6.03533800
6.84356825
28.83951532
4.66578311
1.53263492
9.31278942
0.07597019
0.75825770
0.61385320
12.24849457
6.65580231
0.76314301
0.14965820
0.36719757
2.64497894
36.12475399
14.50219913
8.16038232
2.73805518
8.16575466
6.32163120
7.95734597
3.74057028
7.47880097
4.92578125
5.03951019
3.57617188
5.22049396
5.33667553
14.76729278
5.21752992
5.65689938
5.45269931
13.82303801
1.31534851
6.70145722
8.03035461
10.37756317
5.44018617
7.82153258
2.99051972
13.94771332
0.42016602
14.27261082
4.58676418
1.98099762
5.96499634
5.35201019
6.54252106
5.80122894
3.63692044
1.44315769
8.16406250
16.83593750
8.64062500
7.19486481
10.38268950
1.18514101
36.23347961
6.84194925
10.73316489
0.08349609
5.28470856
7.68482992
21.80094858
2.72956900
2.37500498
10.47387633
11.51908356
8.29508422
13.03214539
10.00793550
4.18314606
3.44921875
4.90189606
8.61808289
17.16316711
6.60908965
8.35335328
8.26652039
10.89318817
2.15218140
15.34269195
0.64013672
23.31441254
8.08939606
8.73872894
0.06719971
1.66992188
25.35693359
5.60831477
15.61291722
3.00435394
6.42399047
10.09992908
3.26664838
9.41841644
1.15429688
0.13688141
0.33931488
1.49804688
3.45499446
0.14827702
12.03906250
7.89123006
12.57491245
9.45377438
7.73242686
10.10066711
2.30558289
7.00390625
0.80179840
17.42521055
2.21000277
1.07128906
0.03055297
14.22492908
21.61734798
5.52409685
9.33477721
1.15804078
6.44824094
0.18571109
4.76541995
8.02661569
1.47408051
2.96244293
13.97912567
3.91194703
6.86328125
6.44653258
1.77917543
4.82678192
11.33939606
21.27425172
15.46944121
5.06429078
6.42622894
2.04882812
9.05337877
6.17875775
7.27567597
3.90039062
5.30423981
2.36718750
5.37064606
1.21724457
6.40284300
4.99654144
7.64062500
3.07482879
0.11938508
11.03039270
8.11230718
5.59899933
3.54492188
10.74249205
5.20581117
7.80033356
1.74654144
8.57722961
3.03226341
6.68498116
22.38521332
7.16739556
5.82772163
3.64648438
2.83158356
6.74072141
3.14839816
4.32421875
6.92089844
2.19140625
9.43314606
3.21695922
3.53153535
8.79687500
2.38431793
4.01216644
5.95568817
4.00826019
10.95930408
3.37752881
0.26220703
3.51346832
5.49654144
6.09375000
6.80814606
12.06037955
16.29268838
7.01993836
2.67187500
2.19051086
1.14445008
5.01953125
11.24913897
3.04968916
7.92187500
2.38766894
3.03377881
24.47617479
19.37123732
17.16406250
1.84960938
9.78125000
7.64226776
3.07466644
6.46191406
7.68705231
6.09029144
2.16601562
13.58593750
2.97265625
8.48392731
1.56152344
4.35502106
14.80122894
3.29492188
9.07812500
11.15010528
3.54386414
7.40413453
7.32197529
12.78149850
1.58455507
11.60591644
7.39229278
2.53849180
0.83093417
1.17871094
14.35326463
17.83801861
8.04341644
2.43672761
5.83532248
0.80575022
1.81379128
7.05437278
2.65820312
2.03710938
4.92773438
2.14017731
2.90820312
13.90625000
7.37711547
5.30513519
6.90804078
1.60847774
13.70870152
4.26171875
0.81245941
10.50066535
1.49446781
5.45991911
6.01314052
7.96053413
12.82979278
0.82401582
4.35546875
2.89949524
10.87410461
14.52868683
13.48002106
11.44877106
2.48962433
5.51562500
1.60298302
5.49613807
3.72025543
17.42879211
6.78551530
1.90678634
3.97115082
12.50345856
3.17488586
10.33683289
5.07031250
5.29341644
0.02407837
0.70295892
0.68522468
8.27944925
5.29867575
2.69726562
17.01903923
4.18799202
17.76896055
13.52356050
6.79687500
7.33068817
4.38069703
0.08215332
0.35270141
0.00581910
9.88333888
1.07857519
1.83593750
13.13085938
19.08797180
2.46183289
0.30322266
5.51953125
0.39941406
2.96211575
3.33378269
14.22220856
16.55733246
1.96679688
7.57275266
9.31787234
1.71191406
10.22656250
0.02928162
13.07608821
15.71207890
11.47745789
3.11389129
15.21439606
3.56144226
0.26652039
5.44051086
2.67472351
0.33207184
4.30777704
3.20048315
2.79463653
18.73131982
1.74898659
4.67622894
3.50736481
-0.00380188
1.08203125
5.44888783
8.89541118
9.84464539
2.10982269
14.21787745
1.52478308
15.24731383
4.96362367
7.13281250
0.04785156
3.72806793
1.82173676
3.27363919
6.81229831
7.96423122
8.81709995
3.35831726
11.97220856
15.60668883
3.89375886
8.23002106
2.18990082
0.01658630
1.93896484
12.05814606
0.12471527
8.00882965
0.45495450
3.40169437
1.33105469
1.99027185
5.79195472
8.91406250
2.55078125
4.25646942
3.93298371
2.18509918
5.14115138
8.96822362
6.96439606
2.98136414
11.68750000
2.39453125
0.02278137
2.36047208
8.68249667
4.73828125
2.03225718
4.67835438
4.02522828
14.31058622
0.06160617
0.91166168
18.32640667
4.50123005
9.21365803
18.87138408
17.23478211
18.49564606
11.47643950
10.34476839
3.34960938
0.01175690
3.73046875
8.78906250
6.59301197
8.25855053
0.01472473
1.17240387
14.68750000
2.80904144
1.19394907
0.53349844
2.69726562
7.98274283
4.56266733
7.53470856
10.12935394
2.66752106
0.21344513
2.19681793
6.07031250
0.38399262
15.39575133
9.01342836
1.09232574
3.49654144
3.89847435
2.75830452
9.62500000
2.21004211
5.35281943
7.68465647
7.12890625
4.20658356
2.30273438
10.65523161
4.63037234
3.39843750
12.52579150
1.72323193
4.60546875
10.55814606
9.39306516
0.29097628
5.53010860
0.05558476
4.81640625
5.14453125
0.93750000
1.96582031
3.09320068
6.33548981
6.01383422
8.21272828
2.66406250
3.48482269
7.35546875
0.01939392
17.51383422
10.88460328
0.73685699
4.03169769
2.31595856
0.02345795
2.25781250
1.89078485
0.85766788
2.82869570
2.66954601
3.12366688
11.87744016
2.04158632
16.94140625
2.12544769
18.53103835
13.84403878
0.80200631
1.80078125
6.08658688
19.85188968
0.26855469
0.11410491
0.03814728
0.01545715
0.00050354
0.00120068
3.13529652
6.59240692
5.70446808
9.10937500
6.09216091
11.47078679
2.86975949
12.43025322
6.81433510
13.10770722
4.64465425
1.68204649
7.94978945
4.75000000
7.17175372
4.99133643
5.05603058
5.34810394
8.20222961
0.14408387
2.17382812
3.78763824
2.12304688
24.14818900
0.91222671
1.49381593
3.66406250
0.19746918
0.39062500
5.24564606
5.35814994
7.99190713
0.00513077
14.77933746
7.67622894
4.10937500
0.50296903
14.58606050
10.09899933
0.62154144
2.50992797
1.37972047
7.41528258
1.22045961
4.47265625
25.51806516
4.18750000
18.70296016
6.06421210
10.46439606
1.38822418
7.64587433
7.19185394
12.29508422
14.34554078
9.51562500
0.90869141
8.64754211
1.87491883
2.62629876
4.54512854
14.75826019
2.02103668
19.38012633
15.60681183
4.14705009
4.96802194
4.71830231
5.58353419
3.85449468
20.04435242
5.54785156
1.61869293
13.34375000
14.66076286
8.74212958
6.66719636
7.30769836
0.70743836
1.54394531
5.64273050
4.47836325
1.26269531
2.96679688
0.58414672
6.47399933
0.55464691
5.64843750
3.75061004
6.88761414
1.18306488
3.56445312
2.86088043
13.27343750
3.43208832
8.25345856
15.64318817
3.89978058
1.09322113
7.50602172
3.62874390
9.42968750
1.84960938
4.93700798
2.21533577
12.28523493
0.93644476
2.20703125
11.20609154
0.92432014
5.39513631
15.00472545
10.51562500
3.86914062
1.51029449
0.51949066
5.60892731
0.88960785
3.27990692
5.86853058
1.89062500
0.33447266
0.00399399
3.44877106
0.52046660
2.45145722
2.39643756
2.25342420
17.83504211
11.99308289
7.89453125
20.11360594
4.85819582
3.07377106
14.01037567
14.62243683
3.18208832
2.99609375
19.19392509
6.03943151
10.26000665
5.19023049
1.03125000
4.98559508
0.14453187
1.03275543
14.94484860
8.67050753
12.34195922
5.59688386
6.64453125
8.14941157
1.12740331
3.11132812
13.55859375
7.03816711
9.89843750
10.11808289
2.57812500
8.56941711
1.42472351
9.28140736
8.85921764
14.65820312
1.16121399
4.27945922
5.03739472
3.26194503
1.80115525
5.23864341
7.60986702
20.06339539
7.36149047
2.20731660
3.55273438
6.11624779
6.40629432
4.99698914
15.53470856
0.43216949
6.67622894
13.59357208
2.81756073
5.69185394
7.21439606
2.78515625
19.35628048
5.89522495
7.33369903
1.96643035
2.79504488
3.29146332
16.88191711
3.06925476
4.50390625
4.91796875
10.99129211
0.06626404
15.17700133
8.56616273
6.37890625
3.97611481
3.37890625
0.54984527
1.97648133
11.56160461
10.74654144
6.14107269
4.31640625
1.00000000
9.66406250
1.06738281
10.45791667
11.85368794
5.72701019
1.46236176
10.73290922
2.23023596
5.22892398
6.61209553
1.57345135
2.50089539
0.69238281
5.94095856
3.29378048
6.23942265
0.94331879
14.22440271
20.52087101
4.62557070
5.80859375
10.18660461
11.31237700
1.72607546
5.26472961
11.31982048
10.74357491
8.93750000
0.04016113
4.91015625
11.22912567
12.08221467
0.49462891
0.72753906
3.05725067
3.55603058
0.29667145
4.30904144
5.41287927
6.28808843
3.25917635
11.84720856
17.50630707
2.10351562
0.00367355
5.05033356
8.49366922
5.93359375
8.04687500
5.24955231
1.88671127
4.85645279
1.15429688
15.65625000
16.36763519
3.72416168
8.12935394
4.04365747
6.94933677
2.88005263
6.69038786
0.78450562
4.78393617
3.56099457
0.67382812
1.74707031
4.56551086
0.18107117
8.59631317
1.28605164
2.39843750
15.53125000
11.36950466
2.13155308
17.32120789
5.25044769
1.36718750
6.45996882
3.60062777
5.66796875
8.65881317
11.04431183
7.99218750
7.58593750
1.10351562
4.75211547
4.16585328
11.86099222
8.83383200
3.06054688
16.21799203
3.44997672
4.67533356
2.06445312
13.13281250
14.49654144
8.46875000
4.19921875
5.31595856
2.57299805
1.75142426
8.51908356
15.81971917
0.04516563
5.24173981
4.31685394
5.35937500
0.57063657
11.17478184
0.71061530
2.87304688
0.01846313
6.23828125
7.41588764
9.03634197
5.17622894
8.54162567
12.39933289
0.33516449
11.78048706
0.91060394
5.66361481
5.19701712
15.77176723
3.76001163
4.24218750
1.48677582
0.55468563
2.33423038
0.00588226
5.62500000
1.27673122
4.78043827
6.22310394
6.20658356
1.83052582
4.41950989
10.65946441
7.76407649
0.51762120
0.14599609
2.01655006
3.28320312
7.06250000
1.77929688
1.08610623
0.46333957
2.01696808
1.58939606
1.12837738
3.32282636
0.65080646
8.71093750
22.14526749
6.43045989
13.46789395
4.68404144
1.37764683
8.82466644
4.73392731
5.97265625
9.24515404
0.31291085
2.43404144
10.05635528
7.64286347
0.21769195
9.97534614
2.06730164
3.21484375
3.74804688
5.43359375
1.77929688
7.72656250
3.18750000
4.79687500
1.09082031
0.11596680
0.01615906
5.19095856
0.12251801
4.92023161
1.38701656
5.14644503
0.83248019
5.03951019
0.12721740
7.72562279
5.34123116
1.28515625
6.49820922
2.60335328
4.81294769
9.29687500
4.77298981
0.79170684
0.03045717
12.27723312
2.19637024
5.76652039
0.31201172
0.08477783
3.10868130
1.43331089
5.25781250
1.16902649
1.90083832
9.44966644
7.62853973
8.20747894
2.45027649
9.13806183
4.13031805
3.97860926
6.16573028
7.66284242
12.19262633
2.18164062
5.33516511
1.97659208
3.60019503
12.73604278
6.36546917
2.81491079
15.16861564
6.59949135
4.05859375
4.83491911
0.01342898
4.63667443
6.61979499
0.10681183
6.69531250
1.42431641
8.72444259
1.64835633
3.14453125
1.25638824
4.65588099
2.91966839
4.73251551
3.91316711
3.42667664
3.69921875
1.43822868
10.13358933
0.63753101
0.54187167
0.67333984
3.34525543
7.31685394
5.34977172
6.84073914
2.00284851
1.66210938
2.26489196
8.07885804
3.87695312
11.34720856
4.30078125
2.54341644
1.07670074
1.84322113
1.05643084
0.58004377
5.78125000
1.36132812
2.22407552
4.83766154
9.27343750
8.89318817
0.64782746
0.14750152
4.56294769
4.87455231
4.61763519
3.50781250
7.89575133
5.36551972
7.94531250
5.45666224
3.48323858
5.59375000
3.54101562
2.41149310
5.70898936
0.65739015
3.40625000
3.56673094
0.42297457
8.19095856
0.33150238
3.12695312
1.83894836
2.64347351
7.24218750
0.43823242
0.39046047
0.32450535
1.16857476
3.34253989
2.74654144
6.98828125
0.12036102
2.40368683
10.68060981
1.99308289
7.00032095
3.21501108
9.20658356
0.43603516
1.15136719
2.04101562
6.72992244
0.47169713
7.43359375
0.96016138
2.58720190
3.97265625
0.05677764
9.33337433
12.38793883
5.89286347
10.97773826
9.49101174
0.00789398
17.06245041
12.79039562
4.94699024
6.31730164
2.25736481
7.16422485
5.01261414
2.36808289
1.35351562
7.70210661
14.76794940
13.76562500
0.00969696
1.91796875
6.89408356
5.21919769
0.44413238
4.62935394
0.86088043
-0.00540024
6.28861481
5.11673482
5.13566600
0.82394409
9.20479278
1.88407441
6.46350067
1.21476258
13.07364805
10.14676972
1.16088929
6.14798981
0.00884003
8.46923205
3.68509420
3.11520500
2.84375000
13.02331481
1.21850648
2.02539062
0.01665359
15.41841644
1.57291438
5.64587433
1.43685062
2.39152039
11.03816711
0.95743836
2.91841644
9.69295133
9.18070589
14.35697418
1.96919769
4.39697266
9.41406250
3.64160156
0.87695312
2.43766235
10.95056183
4.73482269
0.51123047
0.72705078
17.31979913
6.00912123
6.30826408
9.16374030
1.89082918
9.71875000
1.91031860
0.91585328
6.79182735
0.68811253
1.12532438
1.25154726
10.50345856
0.75851072
1.02490359
12.77095551
6.24511719
4.70979610
0.89184508
2.55656194
4.66796875
4.17187500
5.93359375
0.81347656
0.01296234
3.11283356
1.48685637
5.80000886
3.72505707
1.04003906
3.22265625
0.74662262
11.53816711
10.13590453
2.12051807
6.43677194
2.09647863
5.86673981
3.87618012
8.79943817
2.60949309
2.14994293
4.46439606
8.05904144
5.54988586
5.96443321
13.82593085
13.27848390
5.64408356
15.36169216
12.44677921
6.15413453
9.06353855
6.88671875
3.80049590
8.36975067
10.15559969
8.73701996
3.23783356
8.95618049
3.55233599
14.55147495
9.42944274
2.62675144
12.37695312
10.03038897
5.25342420
0.16101105
4.78006428
1.64181072
4.86673981
5.44576019
4.05033356
1.80777797
6.10827792
4.84118683
1.75879882
8.06864472
2.79345579
6.49743683
7.98708057
9.53497450
0.00473785
4.43359375
6.45243130
8.51337656
2.60381094
3.60030308
7.08504211
3.45080286
4.90751440
10.92443817
4.57332336
9.18985930
3.52295046
11.34375000
6.83158356
15.56166596
6.79073028
14.04503211
2.53915613
6.94730497
7.33634585
13.51074219
6.99707031
9.62890625
2.54687500
7.53633201
14.94747229
13.02852395
7.95444568
3.63395390
8.72773826
2.60848459
7.84985040
11.36409796
1.71573914
0.37622070
6.66707336
4.87935394
7.45703125
6.54748504
4.04886747
11.17468417
7.66434287
3.35954233
5.80904144
0.10380035
11.58664013
4.11540669
0.01469093
5.44855940
5.16329011
0.96965287
0.01559448
2.61523438
4.78470856
14.03274048
6.28227182
7.90068594
16.57201905
4.29642731
3.84960938
6.16825104
10.14139739
2.84952883
3.52298981
11.11029405
0.59716797
0.56054688
3.00390625
3.55664062
2.70690825
5.15201906
1.86352477
2.97579011
5.91918385
12.76807014
1.73026706
4.21138519
10.76127106
4.34419769
12.40221078
1.61536735
7.81211105
1.73386856
8.54341644
6.04296875
6.58247894
6.58325133
5.17443318
10.20129986
7.66361481
9.35452904
2.01310616
3.75931793
5.10156250
4.21529144
12.24751552
2.50443761
0.33309937
11.94840204
11.26626556
4.56075354
4.30033356
8.39318817
3.40796449
3.43164062
12.56941711
16.16393950
1.75625901
9.33881539
2.59979166
18.47147053
8.65352947
1.00195312
4.84765625
6.83593750
0.02426147
9.36975067
6.45153341
15.00004432
10.54097628
3.02539062
1.16679711
3.97970633
1.60351562
11.75345856
1.21138519
10.32226562
2.73779297
7.03812652
0.84814453
2.38065457
3.59566378
6.68269836
6.52689606
23.15234925
2.26322418
1.31123809
5.70971742
3.64603668
1.94868988
2.57421875
10.65730275
0.28316752
1.07596396
3.44645639
5.94486481
2.12890625
1.75826019
9.65625000
0.70849609
5.51517731
10.40217642
2.63538065
0.07122803
4.83287733
0.43913591
2.76421683
2.92550088
4.93314606
1.80220551
9.37311279
3.38085938
10.07706726
6.44095856
5.33850067
1.18733765
3.78906250
5.65144836
0.43546570
3.79198970
10.43607823
13.39888519
15.71337891
0.38330078
4.32421875
6.58939606
1.68404144
10.67581311
3.72901263
5.07466644
1.91601562
0.03460693
7.62064606
1.79634613
2.66617299
0.28451061
10.08983877
4.90877268
7.68705231
9.07466644
0.14587402
3.08389007
3.42862976
4.28515625
4.09330231
8.36283356
15.53995789
3.15820312
6.87995900
6.78365580
13.20222961
2.19079621
5.55784077
6.44801861
2.56054688
0.27075195
2.24955231
0.68709289
8.36027039
4.90669769
4.35156250
3.81054688
6.34737090
8.28739472
0.67431641
11.81050255
6.21822425
6.39196808
6.91060394
0.06555176
5.95267731
7.06685394
3.86034907
3.20410405
7.14408356
2.28755707
0.72123199
8.74120346
2.03268173
14.27557373
2.52298981
4.60111481
6.76997645
7.35058843
2.54569426
6.04219636
11.61127166
4.89331117
11.15881317
14.41522736
4.24584276
2.80103224
6.68949247
9.33252109
3.91698802
0.05638020
2.62576584
8.21538009
0.72265625
9.24762122
4.36417664
5.78951019
4.95312500
5.54296875
0.60306793
8.33299535
5.67917109
3.19370471
5.39076794
3.82617188
0.13360533
-0.00625548
4.24955231
6.93778037
20.30165017
3.80411680
2.88277316
8.88281250
0.01669312
0.00325584
14.73437500
1.96967975
5.76354290
3.17232269
1.43839539
10.64139739
16.74487367
1.01928649
3.71407136
12.65970856
1.24414062
1.93013519
2.80790005
1.09452488
6.93750000
10.12500000
4.28470856
0.44445832
0.22631836
0.94901992
1.02177720
0.76021332
0.00139427
3.82918274
2.09870900
2.59554576
12.61283356
0.05965180
7.77254211
6.13582336
5.38850953
1.12402344
2.28820645
5.54142398
1.71191406
6.00634641
7.72021609
7.26997894
2.31835938
4.97321200
1.43694425
9.44520353
12.01660904
5.33260195
7.10502106
3.68130347
19.05962211
3.67773438
14.90112367
1.01562500
9.14485594
7.45971742
0.28804535
6.80904144
7.52316341
9.03495456
15.04674950
4.31017921
14.60428863
7.07665891
6.38472628
7.97529083
3.11149047
8.26395722
0.01691299
11.01562500
2.43554688
3.19335938
3.42036957
4.73697252
3.72742353
4.85591644
12.47912567
8.48697252
4.39718306
4.71512162
6.26001662
1.66707336
1.53454621
9.95914672
3.17757203
8.89318817
1.11584442
8.41190271
1.46676003
4.76915974
3.87383037
13.55733184
7.60575410
2.83398438
5.30859375
4.50000000
0.01161957
2.85074859
10.37080902
1.18597412
0.68558746
13.11751694
4.38281250
0.10168457
0.00816345
11.10937500
10.55802305
1.49022441
8.81653922
1.18501801
2.33329067
0.42793980
6.82332336
0.08217377
2.20898438
4.38256151
1.57687056
23.92470794
4.92232269
1.95560699
7.70357269
1.66230514
4.71582779
9.75870789
0.01634460
2.89107269
7.39408356
0.46187348
7.74767288
0.38318650
2.61523438
3.16833496
10.34375000
3.81835938
3.63838653
2.68778535
0.86234527
0.12184631
1.65954621
0.27718078
16.59966093
1.28853363
4.63761414
2.06266235
2.50907067
5.12895057
9.41650266
5.79353945
0.86718750
2.18058289
4.75000000
2.37169891
0.25512695
3.30187833
0.12117679
2.35101338
11.99310283
13.44531250
5.79154449
3.04927582
0.14208984
1.04012024
11.61808289
3.75000000
10.53470856
1.30415863
1.32039367
4.03995789
6.62890625
0.37182617
2.05793939
6.90840979
4.45312500
6.95357269
0.36743164
2.33789062
3.99804688
1.81852172
1.01643922
4.52343750
11.56595856
3.66646332
6.78861481
6.13716644
2.25887024
0.27827973
3.05769836
1.62740082
6.19230164
6.04642731
0.12636291
8.14050200
9.56351839
1.83894836
3.66931183
4.32421875
0.26855469
1.68334026
0.01880817
1.97656250
2.54207336
0.04691590
13.68976715
6.86381759
3.10156250
6.01306183
2.06054688
0.48221832
4.42578125
6.13716644
0.01722717
9.73502438
0.14142258
0.14511477
0.07990203
4.64420656
9.69665045
0.06376725
0.13163207
2.82946808
6.06941711
6.10501109
0.22596243
12.19375557
2.99759918
4.47810727
0.67859042
7.76953125
1.33797180
1.96866883
2.57617188
1.94531250
4.32678192
1.24255402
3.50747406
0.12552918
5.38671875
10.33928352
5.94725067
5.17384308
12.27865326
10.30212433
2.66229736
1.48176564
8.26790780
4.30570589
6.58984375
3.44380707
3.51818297
16.80891844
3.04024324
0.80009004
4.20658356
0.03487152
1.15332031
12.06790670
6.60006205
0.37235504
9.72464872
3.38322085
6.85870361
3.72762024
10.33683289
0.74511719
3.28320312
3.96695922
2.85921265
3.79296875
0.26220703
0.11572266
2.33548981
14.02485428
1.20915420
14.71618683
8.83593750
1.70312500
3.82421875
4.79732269
2.07441436
2.30558289
0.48364258
0.09362793
0.02766418
1.61621094
7.92571990
5.11754655
11.89942154
12.36718750
0.38789824
2.70341035
4.64843750
0.06015015
6.76953125
0.16320801
1.10156250
5.64876219
2.10274324
6.33984375
15.18135528
0.20239320
14.62569284
3.51367188
0.14624023
0.01080322
3.80468750
3.62455231
0.32076019
7.49564606
3.88382342
2.82809064
10.51562500
0.34810394
0.25146453
2.83532746
3.88883422
8.38460328
0.10361725
3.09720856
4.16015625
2.61429466
0.90869514
3.64392121
2.16584580
0.26872451
15.51950639
