11.00716063
3.23209718
12.14973626
4.57503546
1.90022828
7.93033688
0.55647953
0.47314453
15.40234375
8.79329344
11.19238032
1.28874030
4.77343750
7.10806627
6.48568373
2.29703735
0.98168322
8.77083998
2.83984375
6.09195922
3.87483765
1.52441406
2.73242188
2.28970440
5.01986591
2.98437500
6.95352837
3.73657413
0.49332765
15.83170656
5.81673094
3.82584718
6.11718750
11.99218750
2.30859375
14.57454344
10.00000000
2.97233156
0.96728516
4.33300532
6.73340093
10.66829344
5.91145501
5.40462655
1.77832031
2.44637024
2.10831726
5.30468750
1.46777344
0.04132080
0.55029297
6.37058471
4.87556309
1.96753629
15.55126579
1.46631233
5.52766844
2.06217531
4.40625000
4.61393063
8.53841312
0.74446532
6.69889406
4.85937500
4.12434564
0.21647468
0.32495117
0.13815117
0.28768921
12.64697266
1.57910156
5.48828125
2.60384032
6.90983156
7.41015625
1.44433594
9.86425532
3.35595703
3.00553593
1.46663453
4.15234375
1.95117188
6.71158688
0.96158937
1.03873781
13.35937500
7.42252438
3.75130374
5.99218750
0.95361328
6.03125000
8.87500000
4.03906250
4.50390625
8.54329344
19.64420656
0.51232661
11.14355718
6.60546875
0.54492188
5.36328125
10.46679688
6.25422097
5.46062278
4.01127106
2.53755707
8.34375000
1.83593750
0.44580078
11.12320922
0.92903687
7.52115470
1.95736092
6.75390625
6.97656250
4.76337433
7.01562500
2.78515625
6.47656250
1.63574219
5.91861813
2.62630374
10.91210938
6.15820312
4.86132314
-0.05712392
2.03979243
2.77051030
5.59016844
3.83170656
7.56250000
6.94140625
3.05664062
4.97427970
3.38509530
4.65234375
10.95305296
8.07161126
2.55306405
7.67578125
10.05871582
1.40429688
0.04114127
4.02734375
3.58398438
2.31835938
1.27539062
4.62532469
1.37467531
1.63476562
4.62988032
3.08301030
41.79931516
3.03466921
2.02929688
4.42968750
11.46077266
1.55387577
1.73274657
2.97037843
7.53369016
1.17334109
16.54054701
10.05775986
0.75960328
3.57696865
2.88982823
8.34065049
1.88200576
4.01562500
3.51953125
7.03921986
6.01880319
0.20296328
9.15396720
17.19425663
4.27457890
1.70377438
8.58528812
0.77636719
4.08740110
13.19482546
6.71875000
3.89680907
8.98046875
6.28906250
4.30224236
1.42204233
0.49975586
2.52628165
8.80697030
3.96044922
3.15200660
2.54070090
4.59733156
10.01789783
11.31413342
6.28906250
3.27376219
2.07389406
6.43750000
3.31070922
1.97249390
9.25781250
2.96516844
0.73844484
4.58528314
3.08626219
8.09603280
0.03985596
0.27905273
12.52343750
1.12402344
17.44986315
7.70052748
7.87352394
6.40381981
5.50781250
6.23828125
2.91992188
9.84764628
6.39128435
6.59375000
4.11295656
7.10605709
3.62304688
4.23340093
2.26171875
2.02343750
15.21875000
5.31160461
0.46915711
0.52294922
1.98665282
0.58268312
0.27343750
4.07812500
3.50325189
1.38639655
14.40234375
5.80859375
1.78515625
1.58528563
1.40006593
12.32031250
3.85546875
14.85717773
6.02912456
7.54900044
0.99121094
1.30110096
1.08757092
4.00390625
6.37532469
11.43025758
9.58439086
4.21451906
1.99316406
7.57812500
1.46598266
0.30330445
4.21484375
1.96093750
2.05403563
8.76920656
12.61034907
2.08301030
10.12890625
1.36914062
3.98242188
2.42382812
5.04719969
9.22835328
5.99007203
3.79492188
2.67773438
21.79329344
7.06217531
0.72631836
2.73828125
11.04614258
2.56087157
1.31510500
4.28125000
2.92578125
7.87109375
10.33235594
3.62662843
4.82031250
0.01901245
3.77343750
3.98926544
3.10774657
11.11425532
3.20084718
5.13965093
8.41406250
8.78548094
1.94108156
7.61360594
1.47330812
1.95117188
1.64843750
1.28482907
10.61490968
4.61718750
8.94108156
6.05078125
2.20117188
8.21875000
1.44440299
6.33040780
7.11783688
2.33528812
9.45312500
14.43920898
13.91829344
0.42936281
1.01171875
7.28645501
2.97558843
9.65819814
5.40397717
2.53515625
0.98339844
3.31640625
2.78450189
6.70003546
2.68609452
8.46812056
3.20670656
4.60937500
11.19531250
7.28515625
3.15039062
5.23437500
1.81054438
4.18261968
0.90592282
1.10595703
7.81250000
2.20882328
5.69441711
1.99698914
23.63623047
3.60188719
1.04069093
8.45312500
7.59179688
2.38704344
0.76725343
9.61132812
4.66113281
2.11914062
2.68945312
9.84439938
2.68685062
6.90234375
0.69873047
10.09146881
0.35054473
0.12284394
6.05859375
2.30395259
2.61295656
2.18685062
1.73535156
2.21679688
5.38281250
0.06579590
11.10156250
1.22753906
0.70580805
1.09472905
12.63281250
5.60937500
1.54165753
10.23470966
0.87548828
1.18587157
8.59733156
2.83365470
4.07991453
13.54492686
0.03363037
0.67187500
7.13313719
8.49576906
2.77734375
2.16601562
0.87207031
1.35839844
1.76074219
9.50781250
0.13293457
9.75000000
2.64363524
8.51920656
4.96093750
0.00364113
1.15820312
2.13476313
5.51855718
2.67773438
9.69531250
0.16894531
7.23229218
0.39510008
9.33170656
9.99951172
9.87564938
2.80013187
2.95117188
5.18359375
7.61328125
0.16577148
3.43164062
8.19173094
14.98063234
2.34114251
6.05338874
5.76953125
0.00274849
1.81152344
3.13557860
3.77897218
8.74414062
18.66210938
2.00390625
9.64062500
25.08880615
3.41992188
26.38651350
3.55424088
3.31022218
2.97265625
2.63476562
8.06509752
7.23177748
7.01171875
5.50260251
9.18228253
3.31218528
5.66015625
2.27962157
5.43717531
0.93831297
0.12516359
1.63964844
10.24218750
9.82210203
13.52294548
4.76579233
4.10546875
8.68463135
4.28515625
7.66844457
1.97787621
8.76214126
3.51171875
0.51855469
3.71875000
5.63671875
0.73486328
0.41186523
5.12500000
3.12695312
3.09765625
4.09016844
6.55436281
2.08203125
2.40820312
1.22265625
3.35937500
1.94531250
2.00976562
6.03001066
6.94736818
12.36718750
9.12841797
6.41796875
4.21093750
0.06005859
0.25708008
23.48876953
2.61718750
0.14575195
2.17333984
0.89709473
4.80664062
8.92122064
6.51868262
3.89062500
7.62109375
6.62106514
0.34716797
3.92805907
2.42447252
5.80567154
5.98559508
3.49682679
3.62304688
1.71047050
16.16243905
7.53906250
2.11279297
3.54003906
1.79589844
6.12109375
14.45214096
8.90072030
9.42057624
6.03125000
4.81623892
5.28345863
2.81412843
8.10937500
4.45833001
1.99479499
1.70490706
7.72868420
7.12402593
6.38899158
5.44694592
1.34667969
5.24462891
4.43163564
0.27490733
3.55664062
2.27343750
3.57226562
0.30786133
17.45328735
3.86214234
9.60742188
2.19563719
4.50508543
7.67635257
3.55859375
0.02154541
14.08683205
4.34375000
2.31835938
2.09438941
15.51075216
3.67122562
13.07812500
4.57101440
2.39453125
0.06195068
1.17480469
8.22891448
1.04475953
1.28247008
0.20581117
1.15380859
1.32649407
1.79752936
3.08789062
8.37141844
10.44108156
19.14355469
0.12890625
1.65234375
2.73152649
0.37821223
1.45801030
5.57974845
3.93197030
6.88281250
1.13281250
0.69775391
8.28125000
0.57861328
3.28320312
1.95507812
7.91796875
0.47167969
2.00976562
1.99121094
0.00583267
4.63281250
1.54670393
4.45378435
3.66601562
5.44750977
2.88476562
2.69726562
3.97265625
1.73339844
9.26255264
9.28432236
0.03668213
3.04687500
4.67578125
8.34798094
4.65689938
2.92187500
6.24545742
4.32584718
3.56154295
8.26920656
3.01171875
2.04882812
5.24609375
12.78157469
4.40656971
3.39974623
0.82568359
6.39062500
2.04687500
2.85904034
1.19564716
6.31640625
1.03613032
3.17285405
3.48828125
0.05340576
1.87442369
4.39193373
3.35969471
1.49968029
6.98828125
6.01171875
2.92773438
0.23726317
1.81347656
0.06693605
1.18403054
5.16407247
3.49967531
6.37500000
0.00244713
0.03430176
1.36014821
10.11133311
8.32275391
6.89062500
1.42252438
5.01269282
3.20736092
8.49218750
6.47086547
1.41856664
1.50277980
14.91406250
5.41666002
2.62630873
3.82079954
0.07946902
6.15282705
7.67057624
1.71321781
2.88867188
4.86962766
11.19978945
0.68107117
1.37011719
2.90304184
0.59895750
1.22037843
10.46093750
12.04844379
0.84057119
4.91602061
5.59375000
2.24396333
9.38811613
0.05413881
3.95312500
9.82486813
3.03450687
2.90494626
11.15560062
0.26273559
0.09163453
10.10937500
0.10321045
2.70312500
3.83984375
2.22265625
0.09204102
3.07226562
2.91992188
0.52376219
5.59733156
2.04817625
6.09733156
7.03222656
0.02912903
5.28906250
8.08593750
0.05169678
16.03171086
0.03088379
0.28222656
0.81984124
9.28385749
8.15625000
10.69531250
4.53515625
7.22656250
6.55859375
1.80175781
8.39127438
2.89388187
6.31640625
18.81164466
7.32751550
3.35579344
9.71451906
11.27343750
9.27929189
19.52539561
7.71728516
3.86328125
3.43750000
1.96679688
1.94042969
2.51953125
2.57031250
1.01074219
5.76953125
1.54286562
0.65300808
8.17814702
9.73514309
0.38814301
0.29101562
2.39648438
2.65234375
1.39444572
0.54101064
9.50472296
5.38004765
1.85253906
11.48437500
0.98148590
0.25508637
5.97542110
2.29561558
0.07564301
4.52378869
9.01985594
5.90819814
0.58268811
4.85156250
6.73567376
6.28776374
2.43961547
0.85896353
8.50291930
0.21730053
10.25000000
5.13671875
7.50422845
2.33854499
17.69921875
5.44921875
3.81835938
8.52099609
16.25000000
1.21679688
5.85221188
6.32747562
6.87923094
4.82812500
2.26072252
0.23553482
3.43750000
2.20312500
6.57812500
1.11621094
0.05432129
0.66064453
5.42551635
5.31737409
6.09245124
3.48210217
8.21093750
1.28808594
2.07617188
9.12141844
2.23046875
3.28287843
2.36132812
4.48982602
0.31852359
0.29467773
0.34545994
2.15262193
2.00716810
2.37629876
6.86409796
0.25642945
1.49218750
8.50602172
0.52083375
10.98437500
7.75423094
3.58561281
1.53417969
0.00162315
11.55126330
4.76644420
2.60050539
1.19042969
2.52343750
1.94042969
6.72688719
1.00374266
0.70149906
9.71875000
7.62532469
4.41373781
3.28883865
0.58746260
5.94498781
9.16210938
3.53320312
4.44140625
19.79508422
0.85530142
10.93555186
1.58398438
4.94661126
3.95555519
4.98064605
1.65970856
1.95845551
7.68750000
3.36718750
0.46069336
11.00000000
0.79589844
6.56835688
1.86035405
6.64876219
2.96647218
7.21875000
6.78906250
3.17187500
5.59960439
3.27148936
4.75000000
11.30325317
6.80240470
2.29329842
7.81835938
10.15612793
1.37695312
0.04622841
2.75455563
2.24349124
1.84179688
5.77799313
3.58333499
6.96093750
6.06250000
1.03320312
3.15982907
3.50325687
6.04296875
1.47395750
7.43750000
4.46842531
0.21252441
9.02343750
0.82275391
3.57486315
3.60287123
6.85709220
1.80501717
5.21484375
0.24829102
11.99218750
3.47460938
2.64485594
0.12198976
4.38281250
10.63800754
5.51482200
12.68543744
1.06065880
1.23535156
4.11621094
1.40917969
2.78710938
43.11718750
6.18750000
3.66601562
9.17073485
6.22623781
3.85237423
1.06535038
0.51757812
1.89693114
8.71451906
3.15966797
3.05451269
1.78435449
4.08984375
8.45475094
10.67903812
5.92187500
3.62727782
2.12467531
6.08203125
2.64994293
0.18672699
0.45243285
1.32405640
8.32812500
3.33821532
0.65641359
4.60660641
2.47591312
7.67187500
3.54524657
3.12272218
14.69954095
4.38248781
3.43998448
0.87642426
1.73144531
9.25563553
1.63303635
0.55419922
3.54492188
0.38745117
0.29467773
4.29296875
6.71126219
7.15201906
3.24971465
0.35233613
1.84960938
1.58626219
2.21842531
8.47656250
3.17578125
13.16113032
10.01074468
0.88964844
1.89648188
1.16113530
3.64257812
5.13671875
13.40246582
3.93359375
22.37410149
5.95573249
1.50292969
8.34375000
0.84651610
0.25748781
4.34375000
1.90917969
1.61425532
8.41699468
7.17561766
2.33170656
5.80110594
3.36100343
3.29101562
5.64843750
8.84977172
6.04085328
3.55273438
1.88085938
4.14062500
13.20149657
3.91601562
6.14420656
7.25390625
3.00000000
0.88818359
8.65820312
3.99609375
1.94726562
5.55859375
2.66015625
7.47656250
1.96573727
5.95638187
13.57031250
0.50390625
0.00773239
13.25781250
16.01383422
0.53987672
1.01464844
6.81770501
2.78190436
1.53125000
0.91096922
1.21451906
5.86913564
1.31836436
2.41341063
4.73014406
2.54719969
4.78873781
10.59375000
5.72265625
3.80664062
6.47656250
3.04817376
4.49870124
1.64119321
1.15820375
6.59407469
3.68180422
4.09406610
1.38607796
14.51985594
3.60384032
0.95263796
7.63460328
6.93880125
2.01171875
0.57096437
10.23046875
3.59960938
3.19531250
11.26627438
2.81185062
5.37109375
0.65283203
10.45463584
0.34138977
0.07324281
2.18424313
2.58170656
1.65397218
3.88476562
4.01171875
0.22753906
9.37500000
0.96142578
1.45637938
1.11100343
13.17968750
0.81982173
3.63508533
8.05489915
2.08638519
3.38085938
9.23437500
9.35253657
5.28450687
3.24967531
7.12320922
4.41585328
8.14055634
0.16223145
1.83984375
3.54101562
7.52766844
8.37076906
7.49462766
0.69043093
3.34765625
10.81250000
1.78971188
4.21842531
11.40201906
26.31786958
3.53759917
0.90234375
10.81151596
7.09082779
6.30078125
4.65331782
2.13557735
0.85889046
7.93326906
1.09798094
3.54264406
6.87109375
12.28580563
13.60400266
4.79769171
4.24218750
8.40112305
3.01480081
1.75180075
9.41932722
4.56217531
0.65120360
3.15006593
8.75781250
0.57421875
0.50537109
5.07031250
1.97558594
5.10156250
2.44173094
3.69498781
2.08007812
1.31054688
3.04101562
2.86132812
6.23898360
7.62858156
4.86002438
5.24349124
1.62988281
4.73242188
5.69888409
0.13217060
2.98535156
2.36718750
8.64843750
2.08593750
5.28125000
6.05859375
0.57470703
3.24804688
2.16601562
10.68814938
0.54866703
7.89448724
8.80923316
4.08790558
0.72216797
2.99804688
2.99023438
9.34843308
6.68346630
3.42317874
11.41406250
2.63317680
3.44921875
0.06988525
1.14160156
9.01741516
0.47550476
1.23209345
0.24886358
0.53955078
2.21728391
0.54394656
2.89648438
7.86718750
10.06250000
5.29642731
0.28145355
1.66210938
5.12890625
1.50000000
1.01034649
0.94369403
7.43048427
2.98780917
8.33170656
4.00000000
10.17187500
5.50781250
3.54101562
1.25195312
0.88427734
0.00991058
5.73046875
2.43065908
5.50977061
3.65820312
0.98844235
2.88216312
1.32861204
0.50439578
5.11718750
2.90429688
12.12756317
8.72399933
0.10894775
2.53125000
4.69531250
6.85156250
4.75455563
3.29931641
6.92517192
7.06229582
9.33125886
7.77734375
2.04687500
2.10546875
5.84375000
12.02571532
6.64420656
2.14843501
0.85937749
7.85156250
4.82812500
2.45898438
0.17573973
2.24023438
0.19254640
1.09408335
5.50782247
4.03906250
6.84765625
0.00375366
0.05914307
1.11549979
9.95150155
8.29394531
6.98046875
0.99267578
5.41991689
3.39258311
7.89453125
6.30078125
1.55217135
2.00050199
5.51171875
8.34375000
0.22131348
0.59456297
6.31640625
4.66284242
6.21183289
7.81322993
7.60091312
1.36808351
2.80859375
3.99641844
11.44799867
0.89884461
0.85888672
6.34721184
0.28100586
1.65917969
6.55468750
11.81416438
0.60265739
4.15462655
5.60937500
2.05483489
9.85865691
0.06612246
4.24218750
8.42643063
2.80599124
2.97493407
2.77701906
0.88281250
10.12500000
0.15527344
2.44921875
8.63281250
2.49023438
0.08538818
3.13085938
2.23632812
0.49983641
5.71842531
1.57226562
5.12109375
7.18652344
0.03622437
5.08984375
1.17871094
0.45434570
0.02888489
0.54882812
7.24902095
0.54101064
18.70719858
1.44775266
13.77278812
0.01361847
3.56445312
48.43944814
19.09245124
9.76982944
5.19010749
2.69335938
6.73469969
3.90592531
1.71809564
4.70182624
0.98291016
8.66406250
4.17968750
2.38280253
5.26465841
10.32031250
0.52392578
6.41201076
15.31455174
0.76660156
4.85318595
1.14779061
6.09676086
1.32804383
0.85498047
2.51757812
2.11718750
5.98437500
6.37890625
2.36914062
0.13439941
1.10449219
5.64941157
5.45605718
8.89062500
5.86393063
0.79964359
5.13671875
1.70886230
7.10156250
10.02343750
2.10546875
2.62890625
6.83593750
5.32812500
1.45117188
8.31250000
0.78808594
2.84642122
1.38404753
8.92749059
1.03149379
4.80142814
1.91634530
7.05078125
2.66796875
0.10546875
3.86848626
2.41683233
6.51350953
12.50781250
0.33398438
4.07554110
5.09342531
8.82812500
2.58007812
9.64062500
0.34008789
12.07031250
1.89192625
3.07389406
5.90234375
3.05078125
2.78336547
0.81380250
1.83886719
3.19726562
0.40161133
1.05175034
4.45020279
0.52392578
3.05126829
0.48974734
1.33789062
1.79801017
31.78149601
3.37825749
11.20019282
3.20865968
7.76497562
2.71712157
1.22037843
2.72102782
1.39648438
5.05436281
8.36783688
1.60514406
11.81412843
10.16406250
1.81445312
6.54719969
0.12174562
5.99738392
0.34197155
3.18359375
1.61035156
3.89453125
11.38102172
1.30228553
1.36744348
2.26171875
10.36180966
24.36067874
1.38867188
10.14062500
15.24529076
5.91015625
0.01704407
0.43115234
5.37532469
6.00748781
2.79296875
0.09155273
6.57242797
2.39139770
10.43391844
1.61751468
0.92333984
2.03515625
0.23425293
11.82031250
0.59082031
4.31250000
0.00529861
3.47348515
0.33803828
3.42594360
5.37027953
2.84928468
2.27180907
2.31022218
8.24283688
5.37435062
4.73828125
1.20703125
3.25195312
4.47656250
3.11132812
0.02119446
3.13867188
1.66503906
0.37866211
1.96377605
0.29208333
2.97688719
9.46516844
0.54866703
2.66957502
1.28062029
0.36181641
5.08984375
0.46679563
0.60498171
1.66406250
12.03906250
3.56119626
3.21224124
0.02072144
1.97151610
6.31640625
2.78287843
1.72411985
4.18115359
5.17187500
2.10156250
3.01594969
7.53092531
0.98858640
4.50098404
1.00195312
1.58398438
1.19384641
0.17358523
5.41406250
2.84798094
6.52281952
2.31998781
0.00691223
2.61561968
6.11655806
1.37890625
6.69531250
0.59130859
3.62109375
0.03086853
0.02679443
2.95833001
1.47526374
6.12044188
11.17545656
6.21484375
0.79052734
3.24332641
11.00569703
6.94921875
4.68750000
0.35017821
1.37760500
4.65625000
3.73437500
2.89355220
2.75293218
13.31250000
7.42187500
2.99609375
3.65298316
5.38217309
10.58593750
4.54524657
3.56250000
5.09352486
0.97363530
4.70890753
3.87435062
2.48046875
5.51562500
1.13639157
5.43685062
9.75000000
2.86914062
11.87304688
2.81282469
5.06998781
7.00390625
5.99609375
2.19921875
3.00000000
4.53906250
9.03906250
1.15625000
5.87109375
3.40429688
3.75390625
0.19201660
0.07501221
4.37500000
5.37622008
9.80769836
4.42155031
0.45744749
11.01725343
2.78710938
2.82812500
0.61376953
1.54652783
7.91764406
2.22265625
1.15868891
3.41308843
9.61718750
0.88183594
3.79492188
2.64843750
9.64843750
4.51171875
2.99218750
0.05978394
2.39453125
4.90332031
1.97265625
11.28971188
6.05403812
0.88964844
3.64843750
9.55868340
2.90039062
0.31160399
2.20865968
4.91796875
3.76757812
2.83984375
3.63281250
0.43188477
2.28906250
4.29015958
0.91882480
3.67382812
1.24023438
0.14428711
0.01444244
5.94921875
6.10188719
6.36686281
6.22912567
0.36096223
3.51106439
2.59831061
0.85196400
6.42562389
0.32861328
5.35438026
0.21507774
4.51063026
0.25328575
16.72492908
4.18132092
7.69140625
7.11718750
0.03077698
3.55826408
11.43978280
9.27343750
1.05940672
1.84440187
3.09179688
2.42382812
8.95312500
13.58414672
1.07112672
4.30078125
1.45019531
2.91406250
12.91431022
2.64062500
4.41796377
2.14844248
2.83965071
6.51595966
0.83056641
1.54687500
1.47932860
1.78776125
3.52539062
1.39648438
1.17578125
13.41113032
3.98405031
1.17513187
0.17321777
8.78222656
0.19850584
10.64420656
4.38281250
3.55696532
2.86881593
5.93359375
12.82731078
0.15462281
3.69404551
12.26139406
2.77539062
1.75357907
3.02669437
2.79492188
5.35937500
2.31640625
5.38281250
0.36523438
6.00585439
1.77539561
5.40625000
0.46362305
0.14575195
5.71875000
4.29296875
12.68513914
12.79638672
1.98600343
4.26659907
4.40918218
1.01074219
0.31884766
7.15234375
0.42260742
0.00200272
0.75585938
0.77327391
5.09342531
0.00476837
0.00095129
0.01154327
0.00219154
0.00154400
3.95892260
6.85200575
1.38671875
3.78906250
3.86716212
11.57519780
7.24609375
3.99251219
1.60905031
3.54508422
1.53011109
6.03125000
0.44873047
0.88571616
2.23795656
8.53125000
9.37923094
8.62076906
0.24938965
2.73242188
1.85433960
1.61328125
1.31835938
3.09536847
5.50424091
16.18195535
2.53874778
5.48730469
2.72656250
12.82812500
2.99218750
17.09754433
0.44022308
6.52734375
7.26562500
7.38500727
4.30761968
10.11360594
0.42252687
4.92349845
2.84603280
1.56152344
0.66064453
0.06118774
7.81250000
1.56813024
2.45100953
0.23620605
0.66218868
0.43327031
4.27343750
4.53125000
5.40625000
2.66796875
0.00466537
2.72779980
2.68589649
3.89078735
1.81429078
11.25000000
6.33826538
3.39811281
7.79426751
10.70735843
6.99234860
2.39498439
3.59765625
6.75000000
9.57812500
3.48534907
4.68652593
1.56152344
14.18750000
0.82421875
3.30566157
2.53319316
5.62794215
3.19726562
0.84781486
6.29525155
6.09375000
8.20595730
5.81543218
4.06966063
5.85709220
1.96484873
1.76953125
12.00000000
1.44759032
4.47004876
2.28743905
9.86555907
2.85774657
3.36067874
13.44531250
0.15502930
11.07812500
5.00781250
1.22070312
2.27343750
12.38161681
4.98036070
2.86881095
4.76335217
3.48632812
9.90895257
8.83217688
4.50435394
1.42043770
8.85986577
1.01660156
3.71679688
3.00423094
6.64811281
4.38931627
3.36458998
11.78906250
9.92968750
0.29248047
1.43847656
2.19563719
2.32389406
13.50000000
2.95735594
1.43131593
0.23364258
0.30484860
4.22200687
0.21972656
1.50716063
4.20148660
4.14389184
4.10284631
9.55535682
3.17412437
4.00152837
2.08007812
8.85579344
1.17965565
2.95312500
0.01267242
0.43017578
2.14062500
0.11462402
3.73258422
0.14668824
7.64274047
1.82049436
6.67936281
11.82389406
3.31575438
6.07520632
2.34765625
0.19519043
1.86935561
16.58528812
0.15222168
3.24609375
0.09808350
4.98828125
9.91829344
0.67545656
2.45703125
3.66243407
4.08561281
3.53645750
9.00358156
10.67187500
0.82128906
1.02018188
7.53304078
3.01562500
2.40052363
10.40201906
4.73437500
4.56250000
1.46093750
3.46093750
0.77783203
1.05166916
0.64559646
7.96484375
4.57421875
14.05468750
1.85156001
1.14762453
11.15010746
5.57724138
9.50358156
8.34375000
4.50390625
3.33593750
5.93487533
1.86151139
3.81054688
4.26236813
3.67513187
0.23278809
10.09016844
6.83561281
6.57812500
1.46484375
1.93457031
4.88671875
4.39843750
0.54882812
1.96582031
2.16992188
0.48364258
6.21842033
13.25789803
1.68750000
4.91015625
1.46862793
3.42578125
2.86132812
4.15234375
3.85546875
1.07812500
0.34106445
9.23925532
6.38965093
2.85351562
4.85156250
0.72412109
7.83756095
3.22884530
7.82844969
12.84733156
8.62197917
2.10458333
7.16796875
1.31640625
0.52636719
3.43204586
13.05045656
2.31412843
1.80761719
3.53027095
1.35644780
7.01562500
6.63313719
6.52555297
0.22607546
1.40820063
9.70637190
7.74187278
4.08984375
1.20703125
6.55859375
0.33501948
0.10718023
1.31542969
6.34716423
0.55696905
5.11774325
8.00107269
10.85937500
2.48274657
4.69920687
0.78417969
6.98258422
1.51679739
25.40853280
12.20410405
5.61718750
3.49023438
3.52164672
0.62972047
4.12500000
0.07330291
0.51812775
4.18668578
14.46761109
0.07464600
3.91992188
1.28442383
1.83149719
3.26562500
2.53710938
5.68359375
6.54296875
0.24182129
4.73828125
12.31673094
1.84147218
7.55337877
6.21224623
13.35937500
0.22241211
11.66406250
6.19486481
0.25069184
4.70703125
6.12500000
10.92968750
0.06347656
6.60351064
10.71126717
18.47367433
2.45898438
2.82031250
2.49609375
5.29687500
0.83837891
1.25000000
9.29687500
9.27343750
8.42187500
0.73193359
1.22460938
6.63411375
18.51477051
6.60937500
1.02115968
2.77148438
2.03873532
6.09700687
1.64160156
4.82486813
3.77669437
14.50691711
0.41699156
5.71842531
0.48925781
0.38330078
0.91015625
5.89062500
2.07226562
10.07120353
0.04508422
10.14664672
5.32600953
2.08968140
5.80859375
15.60937500
0.84130859
2.81445312
3.47070312
52.44188830
19.11800421
8.02324390
3.36198249
2.12695312
6.53548094
3.78678468
1.52701408
9.82682624
2.12272218
5.19920878
2.34180684
1.26757812
2.42528300
16.29297872
0.82470703
6.64843750
0.62572993
2.35058843
2.50000000
2.78710938
6.35611813
7.33138187
4.32031250
3.16698970
3.94043218
5.67937140
0.33210321
11.44074690
4.84831560
3.72851562
6.80859375
6.16015625
1.56835938
1.43228751
0.77864999
6.99185284
3.13705341
3.15039062
5.28971188
8.29600874
4.59733156
3.18945312
8.41048094
9.30175532
4.25651374
4.53125000
4.12711547
0.65657594
2.77734375
3.27766844
0.50162843
1.15184799
6.81348404
5.23437500
2.57770979
30.98600842
3.52417241
7.94986813
6.09310062
0.31201172
3.53906250
12.34439938
2.11490968
16.65689938
11.68200933
2.46484375
4.61328125
2.19140625
2.44921875
7.57031250
0.07214355
4.66121721
0.39981795
2.24414062
9.55908203
5.37532469
0.50260500
0.10839844
1.94238281
8.42968750
1.41801182
0.86410793
2.32812500
25.30305907
2.25553468
10.05468750
15.20839119
5.89453125
7.55712766
2.52929563
9.17122562
1.88053468
1.41406250
3.76383422
1.96468140
15.74820922
0.60530640
4.49674313
1.88997562
4.01855220
2.68164062
2.39551030
4.13134641
4.10693484
3.80664062
1.69006348
2.91015625
9.09375000
4.71484375
1.42382812
1.13509032
2.64832420
0.40896830
1.73502438
8.86783688
1.80583015
2.14485594
1.49772218
0.29272461
6.38671875
0.60790766
0.54687749
2.66015625
12.12923094
2.56542720
2.18424811
3.06640625
2.06274165
6.43652593
3.44140625
1.97688719
3.88053468
4.65234375
1.78125000
3.15299313
5.03483156
3.67362547
1.40592531
4.46484375
2.73079344
3.23990968
3.24414062
8.10579344
1.18343140
0.25423219
5.26171875
1.20344969
0.45540406
3.75569703
0.02085876
2.60495804
4.22170212
0.67236328
9.93750000
1.70996094
0.13049316
0.08843994
0.10919189
4.59797596
1.72233654
6.07454344
5.56640625
7.09342531
1.74121094
11.53548094
1.90104250
8.01660156
6.25000000
6.31640625
0.24434324
1.58365968
5.37109375
4.30078125
3.63801751
2.44987311
8.92187500
2.27766844
3.17350343
3.90625000
1.39941406
6.27895723
3.20541777
5.54687500
4.76757563
4.90560062
5.93315601
1.17252687
5.88526344
3.28320312
2.29492188
5.23828125
1.72721188
6.69889406
6.64420656
3.39453125
11.20703125
2.07844969
4.24967531
7.51953125
5.45703125
2.40429688
2.06835938
6.53189938
-0.05106442
9.55533688
1.17024906
6.23469969
3.00944093
3.77343750
0.17785645
0.09613037
3.27766844
2.51204344
9.57421875
6.56966312
0.59434260
8.24511968
8.14062500
9.12500000
5.79508422
1.14176391
6.94889406
5.60021942
0.34655793
3.68652095
2.59863530
2.95678711
1.98535156
3.49609375
0.99658203
3.50195312
2.85882752
0.82845218
1.40722656
1.51052711
9.33139184
1.71582031
6.38134641
1.73535281
6.87695312
2.37695312
3.71875000
5.71875000
1.57519531
0.33691157
3.66113530
0.58740234
3.96484375
0.07244873
4.48469969
0.26530031
12.66666002
3.15007092
7.51920656
8.75781250
0.02709961
2.78742908
11.94694592
6.89843750
0.58557129
1.96582031
3.82421875
0.66259766
0.83740234
6.13281250
3.30468750
0.00580597
0.12414551
9.57604980
0.17213865
8.98014406
2.20703125
1.86979001
4.54622562
12.42663586
3.80468750
3.24023438
0.68505859
6.77929189
3.35937998
4.35156250
4.69173094
2.71256593
4.99218750
0.19604492
6.46874003
1.37110372
4.09765625
1.28992714
0.09190880
1.86816406
0.30908203
0.16101074
1.18652344
0.53710938
4.15234375
3.94466063
14.22428468
2.98437500
2.65730774
0.32609070
0.92306948
1.89094969
9.58951906
12.25000000
0.94677734
17.41829344
4.55826906
1.42578125
4.46484375
8.63281250
1.63867188
1.58040282
3.02940706
1.13378906
1.90625000
3.43131095
5.87337655
13.80386353
1.08398438
2.93160908
5.10481937
1.78906250
2.73632812
4.66438719
4.03873781
4.00000000
0.44091797
0.07922363
8.50000000
1.21653652
2.72460938
0.26635742
0.60750118
0.40202031
5.06250000
1.98339844
5.39485594
1.98795656
0.00578308
3.42363431
2.72370455
4.38281250
6.58984375
2.54687500
2.91601562
9.47656250
6.35581398
11.45995845
9.92155031
2.42782886
3.99804688
5.81640625
0.37442868
4.44075687
6.27371385
5.66992686
2.08634274
3.43196033
2.34082779
10.35888298
0.47070686
6.24609375
3.70898438
5.13736813
2.71614749
10.18652095
5.79980718
0.78808594
3.22656250
1.51464844
2.89062002
11.33984624
2.72493407
5.21745124
2.36914062
6.11271148
1.60201019
0.48363818
10.45312749
0.84863281
3.90234375
3.04687500
6.57812500
7.48596191
1.21191406
10.03189938
3.01335205
3.09765625
0.02024841
0.35546875
3.61328125
0.18591309
1.61458250
0.22208742
8.69954344
1.46016356
8.11653812
7.20312500
5.72656250
7.10546875
2.95328735
2.12093140
0.58300781
0.51123047
1.64687940
2.85123781
0.29443359
2.51953125
2.67968750
2.76920158
5.09603280
6.40266844
10.60221188
2.21321781
4.99186281
4.90234375
5.95703125
1.91308594
2.64648438
7.42578125
2.99804688
0.73348546
11.68750000
5.82031250
3.67968750
1.24804688
2.85563110
0.47640015
1.04527952
0.60822390
8.21875000
5.17968750
16.07812500
1.29508422
1.27705684
10.56203328
4.54122877
10.07031250
7.68750000
4.35546875
2.99609375
6.44832336
1.81656922
3.29882812
1.56966063
2.87662843
2.05468750
2.74218750
0.29785156
3.07454344
1.12565187
3.23242188
0.44848633
6.23079095
8.70377936
2.22656250
4.14062500
4.25390625
1.47656250
0.19140625
9.69302970
5.67025155
4.29687500
5.17187500
0.54394531
9.14631206
3.23259419
2.07008865
0.53928635
0.57523652
11.93830674
1.01970107
2.19303468
2.40625000
1.19368407
5.10770754
0.23547363
5.63736813
1.07231289
22.71777593
12.31120124
5.59765625
3.05664062
3.50797485
0.58235719
4.62500000
0.16247527
0.46923859
4.44270750
14.63981203
0.01997375
4.31250000
1.25504516
1.44932486
3.95117188
7.35937500
12.09016844
1.86393312
6.95963376
18.37532718
2.98437500
3.90039062
2.30859375
6.42968750
0.93701172
1.60351562
10.11360594
5.34114251
3.72103280
0.93212891
0.92578125
10.50308954
3.56526983
1.63476562
7.43847656
3.46093750
5.23046875
2.47460938
7.19424974
0.36075867
5.16406250
0.74365234
6.10156250
0.81920919
0.33020487
0.87426758
1.83300781
0.71777344
0.74511719
8.18750000
0.89306641
11.65625000
6.47656250
5.10156250
0.90006344
1.36849124
4.55696282
0.36067376
9.95784796
3.90804078
2.53515625
10.67187500
0.24641844
0.18888429
2.53125000
13.37109375
4.37500000
3.23437500
0.56697508
5.21451906
7.89062500
10.42187500
0.05737305
7.33398438
12.19531250
8.23437500
5.30468750
0.10921219
4.57550033
6.14347351
4.84765625
2.57421875
5.89453125
0.12194824
4.25000000
0.88053219
1.02685671
1.61026229
7.09074724
22.29062364
12.19244263
8.29427748
3.73437500
1.48649047
6.41259641
1.06673343
13.05110594
2.58789062
8.98014406
8.98079344
6.48795656
14.10835661
0.17338168
7.11490221
7.16927748
9.71657303
5.49061558
2.69906139
8.31140137
3.16159861
3.61523438
18.10433109
5.35156250
4.16015625
3.02539062
6.33593750
7.31640625
2.77539062
0.00913239
0.36987305
2.73615581
39.13721575
6.39760361
0.86232560
1.52734375
0.67248037
15.14990733
0.29931641
4.71060284
1.33431903
1.74121094
0.30814450
8.05403812
3.46093252
0.58496592
6.70703125
1.56347656
1.20841181
10.27034796
6.66784575
0.41906832
2.63403320
1.73953100
5.94498781
0.79541016
11.68033688
7.53450687
3.16406250
5.30078125
0.53629142
2.57845467
11.32031250
1.55207503
2.00651872
5.99055907
2.23405031
16.22479248
2.97460938
1.95865719
2.04296875
1.12825687
8.44954344
9.79557375
13.10937500
16.17008422
1.73762190
10.19385638
5.98180187
0.48206532
11.52343750
10.53613032
4.45215093
4.31673094
9.18326906
7.52604001
8.52832031
7.03450687
10.47329566
6.75326684
4.94352172
4.94905640
7.23437500
7.06250000
1.31087157
0.93033937
8.11393063
7.06442667
10.72284505
4.63427859
3.11686281
5.33593750
6.40624003
1.16407247
10.17512190
13.82585466
0.57812500
1.08438961
12.99053104
8.50000000
5.55859375
0.62402344
15.27343750
8.42454622
6.14771941
10.39062500
0.37231445
2.84765625
8.13972961
1.53116883
6.07031250
8.14159907
1.90918218
0.00459671
5.46744626
3.82356937
4.69563719
7.43530229
11.90462919
4.27701906
0.83902829
1.98567874
10.50000000
2.77929688
0.24755859
13.10937500
4.76953125
13.64062500
3.75423094
8.50423094
1.50911624
1.08499997
3.36067874
6.91406250
15.99218750
7.02502441
11.99218750
1.07812500
1.92578125
4.01953125
8.42008422
3.05972518
5.05534685
3.42968750
6.41796875
12.51073970
4.17871343
11.07633422
5.22199939
2.56787732
1.77832031
6.90234375
5.94531250
0.29467773
3.59570312
4.52734375
5.27376219
0.25748781
2.52962157
3.61881593
1.12402344
6.16381649
3.12038271
5.73795656
3.70251465
4.54687500
12.47656250
20.48898315
2.96939938
3.40755374
2.17382812
10.89062500
5.82031250
1.74121094
0.27420926
0.14620089
9.24609375
7.76105940
0.23991716
6.66927000
6.85713621
3.76106937
10.17187500
16.19151732
4.94889406
3.13671875
6.67968750
0.08911133
2.99676514
1.71223875
1.49088625
9.56250000
4.51562500
1.85156250
3.57812500
5.70312500
7.16796875
2.93489500
10.59733156
2.31835938
2.63150876
6.72981937
2.10156250
1.40722656
2.59960938
2.87500000
12.24218750
16.67187500
7.14453125
2.18343016
12.19062380
2.08007812
8.33593750
0.06158447
1.82128906
2.02929688
20.05535551
31.59830563
4.38183843
0.33837891
1.18098875
7.48613878
4.03841312
6.91048094
1.60221437
4.30566157
1.29883062
6.25000000
7.00390625
1.52832031
10.21875000
3.18359375
0.06262207
0.82714844
10.46093750
4.35156250
2.34765625
9.78906250
0.37406247
1.98763187
2.11523438
1.58496094
0.17077637
0.89648438
2.14094969
2.44108156
4.06070922
3.47444703
0.23901367
2.65526596
1.44043716
1.05371094
6.91080563
8.40560062
9.15090172
3.64388187
6.39094969
4.13224367
12.90625000
4.39453125
0.00965881
4.43922928
0.09607894
0.19506898
1.07617188
0.85791016
6.67968750
0.19226074
8.11067376
10.64713874
0.00742340
7.08203125
0.76278775
6.06282718
5.44426727
6.25390625
18.68750000
0.39868164
4.65234375
6.85937500
0.64737790
5.68685062
0.10833740
13.36261193
6.46941932
4.30208001
2.44350543
8.68391844
6.04264406
4.89639282
0.21398926
1.54215266
6.74422429
11.09765625
1.33691406
0.97729492
2.12890625
5.78125000
3.55078125
10.23484802
0.04940796
1.30957031
6.35156250
7.86783688
2.30013187
2.31250000
6.82454344
4.08658688
3.90136968
10.01627438
13.76497562
2.86914062
12.76474762
0.82844969
2.21451906
1.46484375
10.58430907
8.42545656
0.36279297
7.45703125
10.73921009
0.97330812
7.01562500
4.10579344
0.15336183
4.75000000
3.22265625
1.07226562
2.30468750
13.15816689
0.86166265
0.45669672
0.64404297
1.24576657
6.83528812
2.78320312
10.10579344
10.09733156
4.97656250
7.21484375
3.13704344
11.49576906
2.68945312
1.82617188
8.94760704
5.10351562
5.98046875
3.03150253
2.41999404
4.16764406
5.10546875
3.77539062
2.04687500
12.07323970
3.33691655
7.55244446
0.83739985
4.13965093
5.79361813
4.35481937
1.92480469
5.18001219
1.77669188
1.52962406
3.01844276
8.48155724
0.16003418
5.60215038
0.23842579
4.82762432
2.09179688
2.57788086
14.33414672
0.30965211
1.08398438
11.47298094
6.55826906
9.35847961
7.52823914
0.00122452
2.33789062
10.45421263
6.25739039
3.85026374
20.31250000
0.77539062
5.74739251
0.94889655
3.86523438
5.81420898
9.70658356
0.86751312
8.97656250
8.85156250
14.45947647
3.55125853
7.84086183
6.93782469
4.51530031
2.83658688
3.65950687
8.02343750
1.95996094
11.56673094
5.11544184
8.53336547
4.93277704
5.06933843
1.62890625
8.96418440
3.60045330
11.37500000
5.30142315
2.60710217
8.88151374
2.91015625
14.84916176
0.18602501
1.44303219
7.68902588
5.26236813
1.40592780
1.71484375
7.95312500
0.08972168
7.18359375
9.45377438
0.58235843
3.16406250
3.91601562
4.93750000
5.51838985
0.34057742
8.34812833
2.20623448
5.36393063
1.66276125
6.87988032
4.75260749
8.05989251
0.35758796
3.72434323
3.78645999
4.37500000
5.28494263
1.66699219
1.35139891
2.17350343
13.64062500
0.49804688
9.52311707
7.43359375
8.71093750
3.00032469
2.51725343
4.59049313
5.81185062
12.72220856
0.63521332
2.20117188
13.92879211
3.49112976
5.99797770
0.32267336
8.08593750
0.31372070
15.52343750
7.08203125
3.70441878
14.90294870
3.04850343
5.34375000
7.67968750
2.39843750
7.15689938
2.08724124
25.94368407
13.54687500
3.67447751
6.89224845
2.49740248
6.55468750
9.10156250
1.63980206
1.18978778
4.13226248
7.04051279
4.64843750
8.78906250
5.22361537
2.64194370
1.86686281
6.14094969
12.90812008
0.36067376
9.95784796
3.90804078
2.53515625
10.67187500
0.24641844
0.18888429
2.53125000
12.51464595
2.08919188
3.61588874
3.08007812
4.39062500
1.37109375
7.16406250
7.58984375
2.86783688
3.47981937
8.42187500
6.53080231
1.00630707
2.00797485
7.04280142
2.32617686
5.61718750
1.93994016
5.34130984
2.50423094
1.41894282
20.77615001
11.55620094
8.93002216
3.52539062
2.65535461
0.60245789
14.83235594
2.86881593
8.68750000
9.29687500
5.26562500
15.47900266
0.31640750
6.15266595
6.45806701
4.51106937
6.08593750
9.36718750
6.15234375
0.62207031
13.24543939
1.53288093
6.91015625
3.25976562
6.33984375
7.64062500
1.52832031
7.49804688
6.13671875
0.73388672
1.00781250
8.28189938
8.88639406
0.87125734
2.36652815
0.86101091
6.69921875
0.19824219
1.92773438
1.31151845
39.24805186
7.61840758
0.89868226
2.45507812
1.79223633
15.37597656
0.61181641
3.58657691
1.70443871
2.16406250
0.25398680
8.40983156
4.12531971
0.84440686
4.22265625
6.05891844
2.74405634
9.71924202
8.21939938
0.56233890
2.90576172
2.11891174
6.37890625
0.65039062
12.21939938
0.85530516
3.04394780
12.30468750
1.46621807
1.95541278
4.96093750
2.08593750
5.60937500
2.53515625
0.42838500
0.63118531
7.26562500
15.26985594
5.17155031
6.28515625
2.04492188
0.35188781
0.37980164
4.17968750
0.82958984
13.76204344
3.00373394
9.94320700
6.21185728
0.75298647
14.65266844
8.60090315
4.60970966
4.55468750
9.34016844
7.22460938
3.00748781
4.72721188
2.38606937
6.94140625
6.63281250
2.90266844
6.32843736
3.18750000
4.07421875
4.96419188
6.53092531
1.16894531
2.03320312
0.24044418
1.18164062
3.96484375
2.82031250
10.14062500
0.81005859
11.28906250
7.50195312
4.89485594
5.72265625
7.03369016
7.92301640
1.53963133
3.32194093
4.75781250
9.33758545
0.31445312
0.13952637
22.22683716
9.07031250
1.45637938
2.23014406
9.71875000
4.19921875
0.23864746
5.71875000
2.03157469
5.34342531
7.87923094
0.86344484
6.79687500
2.79882812
0.68106930
2.84505374
6.98828125
14.56054688
1.57910156
7.28125000
0.62500000
4.68359375
0.43579102
3.78710938
4.30501219
8.35514406
0.61889150
8.04492686
2.54101562
5.80468750
14.73242188
4.43359375
3.50195312
5.19173094
4.37500000
6.43131593
1.73535156
9.15625000
3.19832336
0.47794617
4.34375000
3.94563719
1.72428468
2.41992188
5.24609375
9.96939938
3.79622562
10.01204344
5.98014406
1.75000000
5.52449461
8.04264406
3.23828125
6.62109375
0.05328369
2.92437744
1.31380125
8.03483156
1.44824219
0.13854980
3.53906250
5.08984375
8.64843750
1.36058573
8.70704122
4.98046875
5.66796875
0.39306641
3.13313719
8.35335328
1.37093140
0.66853820
1.41495789
3.93945312
11.75781250
16.12500000
6.49609375
1.53242918
5.02701906
5.83585570
0.52327515
5.57812500
3.92773438
4.98046875
0.08251953
2.04890867
33.39648188
4.57291999
0.11932373
1.29610106
6.43127111
4.40625000
5.18391844
1.61490968
5.58691157
1.30468999
5.92317625
1.31510500
3.22070312
3.75887024
2.99503601
0.22265625
9.49804688
6.89843750
8.61718750
4.57421875
0.00791931
3.22330065
1.88998060
11.86543846
0.67110106
3.86100343
5.87174313
4.08309085
8.31250000
1.93261719
10.21093750
0.24707031
8.39062500
0.00220680
5.15234375
0.27475827
0.38411624
0.89868164
0.65283203
5.68750000
0.17419434
5.72542110
5.47802859
5.48437500
10.07389406
5.99609375
6.58658688
7.49544437
0.57698485
5.43326906
7.73046875
1.00195312
11.28384752
3.75912123
9.66262817
3.12661847
6.86252742
0.65929161
0.03512573
0.72795721
5.32389406
6.67187500
4.13671875
1.45703125
0.39028923
0.10824593
3.71679688
6.47656250
2.02343750
1.31445312
5.51171875
0.56738281
4.18684564
0.15836921
6.30468750
3.69938110
1.19352172
6.03483156
7.05468750
6.96516844
3.42350343
2.90429688
1.83365719
3.23177249
11.56065369
2.03723145
9.21093750
0.20617676
0.94335938
7.57031250
1.45996094
3.50004684
2.07965731
2.04330839
12.33235594
2.98209718
0.00230789
2.35937500
9.96628233
4.50971501
5.45670656
2.25195312
6.01888187
0.11535645
2.75000000
0.30175781
5.93359375
7.11360594
2.50748781
0.68749751
3.77246343
0.80810547
2.00958957
3.92449246
3.07617188
7.79230940
5.78581560
2.73632812
7.87890625
1.46093750
11.71875000
4.20312500
0.61319821
4.05794437
3.29687500
3.60742188
5.42923981
0.28340668
1.13867188
7.33203125
4.40429189
4.11295656
9.45924539
4.77164672
0.67610719
3.58203125
6.43750000
3.70898438
3.58203125
3.71289062
4.44921875
2.70149657
6.49381095
5.98110816
2.52866245
4.95945646
2.86280917
10.18885750
0.71543937
2.84375000
11.00423094
5.11458250
0.00000000
7.39843750
4.86328125
2.66422485
2.63036736
0.45980233
3.36132812
4.43961547
1.34163453
9.40625000
9.03906250
7.35123283
5.54525155
7.04003657
2.89941655
4.96093750
1.93457031
0.36291504
8.82031250
2.40184924
0.70557264
1.13968248
15.89648936
2.01106937
4.84016844
0.15763429
5.38606688
15.08951906
8.37141844
15.34733156
5.89453125
0.30611082
6.59750572
10.36718750
3.15625000
0.87500000
0.00705719
13.94140625
1.34765625
1.54003906
0.46484375
0.00526810
8.39062500
6.80842517
11.84359264
12.60585572
10.35046387
8.41142273
0.39721680
3.46289062
3.58961990
0.52866623
2.15625000
4.03906250
3.96093750
1.66210938
6.50276485
0.07511601
5.42578125
0.37162106
3.82747562
2.93945312
5.26517731
8.73091644
0.86523438
0.00257492
12.62500000
2.29296875
5.48046875
2.24218750
0.96630859
1.55795464
4.05729499
7.16406250
0.03286743
8.12694814
2.98309062
6.04296875
8.75781250
3.60351562
8.10937500
5.14062500
2.83984375
5.96907469
0.91569093
0.03028870
3.73046875
2.23013658
2.57357435
8.79394282
4.74967531
2.87044437
3.35546875
6.68782469
4.17187500
5.00748781
0.79402649
0.06009949
0.01141357
0.56855826
0.37907358
14.16544439
2.74926749
14.00781250
10.09375000
5.20645357
48.87792720
5.85661015
3.84553081
6.73132925
4.28625885
7.74218750
4.75520501
11.70963874
0.07818604
11.06054189
6.58789561
1.42122313
7.27978391
9.14957890
4.67968750
1.80501219
11.92545656
0.38704406
8.77433289
4.62109375
6.63671875
1.31812337
5.85607096
4.21875000
6.01464844
4.71875000
0.19519043
16.31753768
1.99886857
1.66852699
0.96135582
14.40295410
4.51562500
3.53759766
4.97004876
9.79557624
0.06164551
8.13102172
0.49446656
10.39843750
8.01562500
6.00602172
1.61497777
5.85629543
9.95019282
1.67676030
10.45310506
2.78908244
6.67547964
13.57975842
15.63134766
7.52197266
3.68196532
4.15938386
2.98091644
13.96353502
3.54037123
1.83691157
2.08886968
22.21484375
4.63736813
1.92480469
15.02669437
2.35937500
14.13828417
1.00358156
4.58984375
3.83203125
6.40234375
3.97265625
5.79296875
11.19531250
8.61718750
8.63102172
9.29573360
0.51513921
11.10102844
12.54394282
4.08886968
9.00000000
12.54003906
10.27343750
4.09375000
10.94954344
8.22916750
5.44173094
1.63899657
7.73144531
3.86263187
4.67578125
10.65689938
4.76888187
7.43750000
3.55859375
10.22298094
10.48616578
2.12125610
8.92545656
5.35937500
6.07031250
4.95117188
3.00585938
2.45865719
43.21810062
2.67382812
17.28125000
2.06640625
8.67610594
7.88248781
5.99218750
16.62277647
5.39241578
0.13777711
1.84076384
9.84255031
4.62545776
0.51489258
0.54036375
0.04667238
0.79541016
0.75390625
3.14257812
7.61360594
0.95768312
11.00781250
2.94531250
8.00423094
5.14615968
4.76953125
1.56282469
8.43147828
6.97835328
3.67805907
17.13053468
0.90185547
0.90744870
13.26773549
1.00309951
5.32031250
0.00237656
0.02680969
9.71288564
4.08962489
0.16526291
2.01748013
2.59897495
5.38281250
9.58593750
3.34179688
2.15625000
0.01411438
1.76269531
0.08892822
14.22004876
9.27995124
4.27790448
2.22014239
0.02516174
10.49706782
3.78483156
3.14192874
14.56250000
1.84098434
5.21875000
2.26041501
7.16731937
6.53417969
7.30891844
4.93326906
12.35221188
4.78125000
2.64518063
9.10889402
2.48665282
10.55826906
2.57031250
2.73989972
5.34668716
5.87825687
12.30891844
5.31250000
1.77506593
11.96890736
7.85140514
1.27050781
0.10854002
4.55729250
2.38085938
0.10870787
5.17936281
6.26171875
10.98437500
7.45568817
4.06774933
0.61100219
2.66120900
6.49682929
8.82324468
2.76985594
3.03483156
17.39723631
2.27522828
6.09467547
0.46815047
2.57063719
3.90494875
10.64518063
6.91341312
6.39453125
2.96191157
0.98649296
10.47054078
6.86002438
2.35774657
0.71631109
2.99023438
2.13345690
4.98568373
10.24218750
2.37304688
4.91438719
2.23209718
1.77669188
4.83984375
5.15201906
7.88509032
9.81559328
1.76301751
2.78385749
3.65429688
12.49613496
10.59748767
7.43195026
0.45263672
1.04569457
8.76350953
4.28125000
5.16015625
3.29621565
2.33269060
15.40884752
1.87826185
3.82031250
5.20349121
2.66992188
17.02355957
6.86539672
13.99625610
20.65980104
9.58235594
1.47233156
1.40429688
3.64257812
1.09375000
2.96484375
5.63102172
3.00179078
4.55891844
2.25162843
4.59977172
8.49452760
3.01171875
3.19696327
5.15657469
4.77311281
3.14420656
0.77490234
1.20507812
7.25211547
2.32828735
10.62858156
3.78710938
3.16422485
0.95100953
7.49609375
8.82226064
4.88477061
7.11718750
9.59798094
3.06925539
6.06204234
2.55905141
3.29882812
1.26444333
12.84340580
5.85969969
4.43717531
12.20312500
6.77018063
6.63997562
2.51432126
9.56185062
1.47265625
7.33235594
1.10319093
3.32421875
2.19742299
0.89339733
9.54296875
10.89160442
6.56640625
2.02571532
1.56526734
1.41600939
1.51302748
3.62695312
2.26204344
5.37467531
7.83462877
2.72005873
4.57421875
6.55468750
6.97106684
4.49993924
1.74739749
10.85937500
27.05021055
8.61694274
5.24153812
7.17219969
5.76920656
1.48665032
1.10612311
9.29508422
12.36116578
2.02343750
17.90705674
5.44841201
5.52343750
4.37923094
2.24804688
1.93326906
2.88867188
8.99432124
7.40527593
7.26806516
3.59846299
4.70378435
1.66243157
2.96940436
1.28027344
7.80501219
1.39713376
1.13086187
5.38671875
6.76171875
1.83886719
8.98860594
3.02441157
0.94206061
5.34765625
7.66406250
3.34993407
17.64843252
4.89681405
5.83138187
2.70312500
14.86352539
8.80956782
4.95215093
15.34375000
8.76129717
2.74218750
3.94531250
4.73046875
6.30452017
3.68858888
7.18880624
7.98437500
11.63313719
2.48209718
1.57812500
2.39453125
4.15625000
3.39257812
3.33984375
12.01562500
6.44563719
1.31315187
9.87500000
1.82747064
7.90409675
8.99218750
1.36425781
7.95587988
3.87224512
5.14485594
5.19539305
0.02645023
1.27148438
4.94173094
0.66585328
5.64762754
8.69466312
0.38081785
6.49186281
8.24218750
1.16308594
2.88085938
2.61066379
2.29363308
19.43391844
7.89030031
0.31123778
5.62833742
3.20312500
5.38281250
6.84798094
6.83413675
0.88624168
3.60742188
6.15266844
19.31315187
0.67659422
2.78483156
0.01272583
9.96093750
6.98828125
11.37141844
0.03232912
6.45768063
12.69466312
8.35156250
2.33398438
6.75244016
1.78271609
4.55094235
14.20429905
1.76562500
0.88775635
2.01953125
25.03751524
9.40291445
0.28548094
6.21451906
0.03083801
0.00269127
15.71612533
0.12274185
2.76562002
8.56860601
8.09814702
17.47721188
3.03125000
3.44270999
5.96093750
1.82617188
3.49023438
6.72157464
4.59791389
3.02539062
0.97721188
8.97233156
11.23795656
8.95703125
9.84375000
6.75000000
0.15753174
6.15424824
3.85773660
2.58952903
14.23468972
5.25097407
2.19207058
7.83984375
7.88281250
1.52148438
7.22298094
2.96777095
0.45768561
0.32958984
2.43521969
11.51716977
0.18725897
5.08235594
1.98405031
6.03125000
3.53548094
8.17317376
3.56510749
0.88004640
4.96875000
3.23224458
7.14080230
6.67547607
15.99218750
2.05859375
5.68001219
3.95442625
8.89968021
1.63899407
3.45377936
7.83397939
7.45052499
11.85514406
7.40039062
6.31860289
7.67236390
7.91796875
6.52766844
11.21093750
4.90983156
6.21190160
4.29591090
3.89907691
3.73764184
0.96630859
6.03157469
2.71679688
1.33463625
1.52441406
14.99108887
1.38867188
0.58756344
8.55620487
4.39550781
6.54687500
10.91829344
5.42578125
10.98014406
11.79985871
1.84410184
0.22078554
24.50096410
5.96908466
15.26253546
0.19612672
0.07800293
5.31282469
6.28906250
1.52115968
1.71289062
3.80110594
3.86100343
5.41406250
2.87402095
3.80761968
2.35156250
7.48860594
11.17629756
9.71745124
0.04675293
1.01269531
8.03417969
3.74804688
0.66867065
0.37158203
13.75423094
12.72233156
6.24348875
6.75675539
7.54687500
7.61962891
4.55468750
10.73860594
2.83951906
0.32519531
7.98079344
2.57747064
17.45813238
0.09016844
9.23600343
17.48437500
3.94563719
5.02311281
4.51204344
1.82487062
2.60546875
6.37434564
7.14746343
8.23014406
5.69954344
1.75215076
6.11068373
1.95312002
5.93555186
7.10644531
2.14290032
0.95312749
2.90983156
4.97012432
9.97689716
8.21158688
2.32356937
5.78125000
0.28222656
1.27005358
6.22070811
4.95280031
7.38248781
10.22656250
4.80078125
7.06250000
2.95279533
14.43978280
9.19152832
1.79524657
1.22916750
0.09442139
9.60156250
8.71875000
3.25097158
5.67871343
4.99121343
2.51790282
4.54687500
2.20475343
3.53906250
6.01383422
7.31038453
0.31640625
0.00259399
3.44140625
6.62109375
0.03982544
6.60937500
1.81240647
15.42122562
2.65104001
1.46712406
6.34375000
3.02318837
2.95508311
1.08365719
3.54231937
9.27343750
6.97656250
1.19661375
0.97526125
3.26953125
4.75390625
1.50260251
5.97200687
7.29426751
4.07234617
4.67936281
3.55534186
6.94173094
4.01920656
5.42578125
0.82936600
0.13059494
0.02403259
0.69595814
0.57308483
10.89246455
1.48286014
14.30045656
10.12923094
7.33607343
12.91829344
3.69282276
5.77495068
7.32780031
4.52831782
8.91699468
0.02888489
9.41210439
5.00586436
0.43627930
3.71190908
5.11588874
3.76497562
1.67610594
4.61328125
8.24576906
2.98046875
5.76806516
3.10140015
4.55826906
0.87011719
7.26594969
3.87109375
3.20475343
2.37695312
12.58593750
2.21289062
2.16992188
6.60546875
8.45312500
6.08593750
1.29759994
4.89942154
11.96093750
2.16796875
9.72459442
2.43946808
7.64132664
14.93620124
15.10156250
7.97363281
3.78515625
4.11328125
3.86914062
17.69954344
1.85839844
24.87467531
4.01008533
1.22135998
8.90625000
0.77832031
2.74218750
7.89453125
6.31965315
4.19987810
2.90820312
1.70214844
9.97656250
2.07226562
4.21484375
7.92968750
9.37141844
6.04719969
1.62142093
8.14485594
12.34928468
6.12500000
1.61425532
10.55403812
9.23209718
4.68750000
4.00732048
7.25928108
3.45507812
6.99218750
8.80468750
7.88281250
8.32812500
3.53710938
9.01562500
11.60937500
6.37890625
4.85156250
3.38085938
4.42578125
5.47884032
2.08561281
1.15348141
43.62435062
2.79687500
11.82031250
0.80175781
7.29719969
6.29655031
6.85156250
1.02929688
8.51985594
12.66764406
1.87402344
2.06250000
0.15368652
0.58984375
4.37141844
3.85709718
9.29882314
4.56836436
3.89680907
11.44108156
4.23437500
4.71484375
6.21484375
1.65527344
3.09179688
1.69238281
7.36132314
1.67773936
19.32942625
1.15006593
0.95594964
9.52409186
4.62923094
2.66764406
3.08203125
0.75537109
9.49218750
19.16471188
8.30403812
4.17068928
1.49727947
0.02265930
8.68750000
1.93164062
4.67578125
14.17968750
2.49136353
6.74706782
2.37483890
3.99967531
2.02571532
0.61100343
0.03750610
10.20377438
5.49641844
2.42513187
9.34076360
2.72298094
10.30045656
2.90820312
2.31704566
4.56788106
4.06185062
12.32812500
4.64485594
2.20670656
1.05761719
6.96515847
6.25570700
6.74788453
5.80359901
0.34068810
4.04687500
6.86328125
6.83984375
6.61149047
3.28304078
0.56835938
1.51871205
5.16162483
9.31185062
2.33235594
4.76920656
2.02929688
9.75813719
1.64518312
6.30886610
1.26046984
2.66796875
5.01171875
8.23079344
7.24186281
6.51953125
1.30924313
0.56396609
10.58772828
12.17008422
7.22900266
0.99739749
4.28906250
2.13247784
3.50424091
10.03906250
3.25781250
5.48079344
2.20149657
1.69466312
5.32812500
3.97656250
7.02180907
11.74967531
4.20312500
1.41503906
5.26562500
2.38102172
1.26499389
1.68066157
2.82552249
7.83528812
3.27766346
2.91374279
9.10578347
1.90202903
3.87109375
4.41754150
2.84960938
16.54101064
2.23633311
6.86328125
13.24479001
10.36946282
6.60352061
0.84960938
11.26472961
0.46110047
0.61767578
3.69075189
3.85807624
4.66363525
3.27929688
2.14066784
4.57812500
4.65169437
3.10546875
0.96777344
1.28515625
7.13492797
2.21663453
2.06250000
4.45312500
4.08593750
0.56494141
6.85937500
12.42968750
5.49414062
8.46418440
0.15397966
7.86718750
1.06447264
8.30777579
3.44596686
5.17122562
5.81640625
4.01171875
3.88346188
4.84700687
5.94531250
1.68293689
0.97917248
4.61718750
2.09375000
6.62109375
14.47999998
5.26213980
1.11621094
10.11295656
22.38826352
6.29011774
6.49902593
3.05989749
9.50781250
9.44173094
1.71842531
15.52180408
7.62663342
5.35546875
3.83007812
2.01171875
4.05078125
2.71289062
8.98010005
6.95605718
6.97086547
3.66681738
4.09278590
2.32454095
3.19596686
1.39648438
8.98925532
2.09537843
1.25520999
5.00000000
7.57844969
1.76823000
8.85677000
3.02018063
1.01758062
5.32421875
7.92187500
3.62337157
11.47069316
4.59766622
5.50358156
2.23242188
14.87329102
11.10057846
2.01660904
15.04329344
3.69498781
3.05468750
4.41015625
7.33902704
2.85961789
6.90755624
7.95703125
10.83626219
2.88248781
2.30480957
1.04101562
3.41601562
2.43554688
5.90625000
2.76367188
3.66113032
8.64087163
9.16406250
1.72167969
4.51220703
0.14160156
1.44140625
4.54784907
1.28239140
5.66222345
8.96745124
0.28717041
6.36328125
1.55957031
5.48437500
1.77929688
2.00976562
8.99835661
2.30242464
19.18750000
8.67968750
0.33675047
0.31339601
8.76562500
3.36718750
7.33300532
6.84863032
0.50391123
3.88281250
7.51082336
0.43253601
4.74023438
1.36230469
8.37922097
2.81218528
5.93359375
3.61718750
13.01985594
7.49934065
4.18002216
8.16304411
2.69047152
4.87939204
14.56264745
1.74121094
1.10086060
2.04882812
5.15266844
4.08951906
8.34212157
8.90836672
17.51204344
6.72167720
1.28874030
0.62713623
2.54687500
5.30468750
1.72558594
3.85937500
6.77162347
5.54979742
2.70100953
0.58968016
11.89396055
0.09448429
0.74755859
3.45149657
2.41569093
2.82144892
0.61067999
9.29687500
0.99755859
10.12694814
3.40853280
0.61344484
5.87270723
9.38901152
17.53125000
1.24023438
3.82421875
3.15169188
10.53678468
1.66536126
2.70801030
2.20280031
7.38883422
3.34277344
13.40445922
5.80045656
4.40234375
8.25911375
19.19620851
7.32812500
6.44140625
5.14274047
11.26991441
13.85188719
4.03417221
2.96354997
1.56250000
5.70735594
12.61490968
1.47949219
0.46579831
12.25911624
7.06640625
4.70703125
5.00000000
2.65625000
7.92187500
0.50813719
0.59196047
8.08300532
8.79516103
6.40007092
10.14778812
0.76074219
3.97884032
2.40657469
5.14388187
2.67610594
4.89062500
5.96842531
3.12174313
2.89192874
2.60546875
5.60546875
8.66828244
10.20247562
0.04525757
0.65136719
7.15234375
2.32617188
0.51504517
0.38110352
13.32519282
1.69726812
7.74218750
9.88671875
8.03515625
9.24218750
7.91878172
5.33561281
4.25000000
3.36523438
0.40234375
6.89843750
2.09471909
13.62782361
14.01985594
10.78254876
3.47689217
2.35546875
12.12500000
0.00281715
43.95914672
30.40421046
3.02637466
12.25944093
5.15625000
6.13671875
0.25195312
13.96093750
8.53369016
2.63037234
5.75537109
1.28547845
2.20377936
2.92578125
1.57324219
5.19953347
2.18294935
5.52995124
10.50179078
9.88281250
8.67366578
7.21996323
4.34473404
5.38281250
2.76367188
1.94726562
16.16471188
0.34212406
1.22854614
7.12683678
2.01367188
2.66210938
7.90234375
0.14941406
0.74121094
5.68359375
1.20898438
2.78906250
9.82031250
2.40039062
11.44531250
7.01562500
0.05480957
3.90624502
6.81835938
1.84766123
6.42968750
8.92968750
0.13378906
0.02574158
9.79329344
4.04589595
0.72607671
7.40983156
4.58333001
0.55387702
3.11914062
0.21875000
2.53938719
3.70800532
2.68034186
5.74413564
2.40625498
2.13997064
0.76041999
1.95230704
19.43197030
11.95735594
12.38460328
5.22835328
6.61718750
8.43586658
0.60352061
5.77701906
5.82519531
3.83593750
2.54101562
4.60156250
7.44928918
2.38151374
4.26871454
2.04866827
8.78240967
0.73242188
1.78629017
9.97460564
1.56674091
9.44840204
1.43571171
4.11328125
3.07389406
6.48079344
5.06998781
3.50537109
1.84993157
2.19010749
5.83984375
0.48071289
0.02125549
1.71489129
3.56119626
0.72852061
11.55761470
5.38183843
10.87500000
0.06066895
10.95312500
0.94628906
1.14453125
0.27681395
0.47672609
1.86816406
0.87646484
2.00194316
0.92253435
5.91096424
6.80957779
3.42057126
6.90950687
3.50781250
8.49641844
2.40592531
5.83235594
5.78873781
11.34375000
3.16992188
0.01235199
0.17761230
0.10016295
2.08561281
1.99902344
4.63605499
2.54101562
3.14257812
3.71289062
0.52539062
12.03971188
0.76351078
0.88037109
2.45849360
11.64630567
10.95210661
0.81270418
1.60237672
18.06070922
0.22713258
0.00021172
1.22119141
3.01073970
10.02278812
4.54264406
5.39062500
10.28125000
4.43359375
13.20995346
1.71387466
16.10610816
5.58529809
6.12662345
2.48275155
7.02734375
2.48632812
2.42382812
0.22998047
1.12109375
11.35937500
21.81896723
10.64355718
15.22734347
0.45869168
3.67773438
5.50274491
8.90350509
4.26562500
8.84375000
0.00743103
1.61002438
5.92903812
3.07275266
3.86279421
9.34720856
0.61112395
3.89615968
1.32714844
0.50691649
3.25748781
1.10090814
2.51823249
8.85937500
2.10111336
0.44698235
10.87074456
2.51823249
7.75854305
4.91040226
9.37500000
3.63704344
8.17105331
2.89698138
18.12336658
0.98014904
11.72607048
11.62808954
0.89583998
10.50227782
3.52701906
5.57421875
3.07617188
0.70361328
5.69921875
2.14062500
5.36360594
3.45703125
6.64030031
8.85351562
0.73388672
3.01432126
2.55436281
0.94932638
3.16818332
5.03100498
2.84277593
7.30468750
4.96875000
2.60742188
8.72656250
0.31982422
0.01736450
1.85546875
14.49641844
7.59928468
5.48745457
6.84457668
5.37500000
12.44531250
1.21191406
12.53125000
18.47264862
5.77734375
0.13391113
0.10028076
6.36718750
3.23730469
1.96679688
7.12890625
9.30175532
9.12076906
3.46223626
12.19348643
6.91406250
4.56640625
6.32421875
6.73990470
6.04134530
0.18750000
0.03897095
6.56646142
6.17781023
5.17557956
0.43216949
5.15983156
0.91650391
6.92578125
7.34977172
0.07619264
5.18847656
3.43554688
6.82877438
2.90560062
12.14235137
4.61116578
15.21516844
8.74316406
6.18082854
5.55289797
7.60473970
9.53417969
3.01757812
15.85937500
2.67187500
1.29201186
2.10642564
10.48437500
5.61718750
2.62890625
2.14648438
1.55664062
7.14257812
8.37808954
2.98909298
0.51334968
3.69498781
7.23014406
0.07244873
3.83365719
17.22591312
0.75716063
4.39420656
3.24804688
3.72265625
7.76953125
6.94140625
0.25952148
9.74137204
2.90755374
3.33951408
6.38932624
3.57389406
0.63427734
6.10937500
5.23860594
0.67057375
1.50000000
2.05468750
7.62500000
3.99023438
3.58300781
0.38769531
2.32844969
13.09733156
3.55273438
10.11360594
1.64713625
1.29882812
9.74218750
2.86359630
0.44108031
3.95442625
8.50291017
7.34944703
1.55973266
2.68326906
10.14558899
2.60489930
12.36266415
17.53205674
6.33838763
7.45131097
16.91911015
4.03271609
10.78515625
3.29687500
11.68816101
13.68839539
5.21451657
12.99925907
2.79296875
1.90364500
5.71607069
4.43781971
3.30046154
1.96679688
1.86230469
2.50193319
1.84376994
10.40625000
11.06250000
14.62434564
4.15495124
1.53417969
3.36751219
6.23437500
3.31998781
5.16015625
10.14257812
2.83007314
-0.02587392
2.56445312
7.53938719
2.86881593
0.94370711
1.69792497
0.47485352
3.42792599
3.34505374
11.46093750
0.23632812
8.05468750
2.59016844
20.28515625
8.61718750
4.33561281
0.63867188
12.37035032
9.35905031
7.83984375
5.57876441
1.18686059
1.64941406
2.59357021
8.51515292
7.23527101
4.36629211
5.36002625
4.23046875
5.24609375
2.70312500
0.03656006
4.23392731
4.53491469
6.05537676
1.64160156
0.88281250
13.37009974
0.78810338
6.25423094
3.31445312
0.47916750
9.39843750
6.68186867
9.49218750
0.00403595
9.56353557
0.11297810
3.79524657
3.44205812
7.41048094
-0.02260252
2.79296875
5.91015625
0.08093262
11.56705065
-0.08121080
6.22264628
0.04786153
5.61393063
9.74153812
4.70635695
6.63560103
4.80004883
3.36458499
4.93180297
15.54964234
0.05200195
8.20312500
0.77197266
9.51562500
5.85937500
4.13281250
8.18314606
0.56978363
3.19531250
9.53906250
5.14102539
5.37858156
2.13085938
8.44055176
3.77929688
0.41479243
12.78418218
6.12109375
1.76627438
13.07746359
5.02310284
1.40561059
2.92578125
3.28255125
3.75748781
10.60937500
4.33593750
9.30535889
0.56054688
0.00177860
4.39908688
3.40950687
0.11004639
8.30533688
4.78060062
1.76269531
8.75781250
0.01606750
5.99601160
3.92123559
2.82324468
9.32031250
7.13555741
2.57538009
4.19140625
2.96679688
0.01029968
0.46077391
2.24967531
2.17968750
9.41048094
4.10123781
1.97656250
10.81250000
13.22004876
1.50358405
5.88281250
3.22399902
7.33203125
5.80078125
6.17578125
14.49218750
0.46850586
1.50585938
17.54687500
0.05340576
3.77213376
2.07552249
9.57116699
11.60937500
0.23315430
4.92968750
8.94173094
10.46451906
0.11279297
0.28466672
8.42724734
8.81927194
1.99941212
4.46061281
3.46679688
9.03548094
0.20353273
4.07031250
9.05859375
5.70312500
5.38281250
0.23352051
1.83886719
14.33691406
3.54101562
8.57812500
2.13834220
2.13118905
0.42053223
1.41357422
4.29683348
1.08543440
1.58528812
1.93750000
5.61718750
5.67968750
0.31127930
4.07193595
1.30143561
4.32389406
9.29166002
2.87044935
5.77734375
5.53515625
15.29687500
9.71875000
0.52246094
1.63394767
3.30826906
3.98307624
17.03598404
7.55891844
4.10514406
5.62500000
8.80468750
0.03790665
8.68750000
0.51904297
4.12141844
1.41862062
4.26953125
11.12640888
1.37652081
0.17887328
0.87434937
1.65917969
10.78906250
4.19921875
1.45507812
6.58593750
9.78125000
0.00536728
8.28202145
14.01985594
10.78254876
3.47689217
13.26562500
2.89404297
2.20117188
3.99316157
1.93652593
13.98242188
7.15657469
5.47835113
0.58284761
11.31250000
10.35156250
4.32421875
5.38102172
1.24104859
6.56347656
1.36718750
4.28515625
3.20703125
1.65429688
1.77408688
0.41422609
5.76530031
10.49039672
9.81429078
8.16406250
7.25792460
4.08985372
5.92968750
2.95930907
1.76139406
2.24414062
6.68521720
15.11116578
0.81787483
1.85953522
6.72729111
1.84700438
2.30273438
6.87076906
0.12408447
0.68603516
5.60546875
1.01660156
2.05615234
13.80468750
4.68750000
3.84537345
6.25455563
2.03874279
8.94815063
9.25781250
3.64876219
1.06445312
7.28125000
4.71923205
0.37419326
2.93554688
0.20690918
2.33626219
3.71191157
2.68620124
5.54426751
2.25651374
1.96972407
0.79492437
1.92244134
36.01823249
9.34375000
2.56445312
4.53515625
14.01936392
0.86051889
4.88671875
6.17773438
5.05078125
2.55859375
4.80021055
1.08724062
0.17964660
0.25138367
6.83203125
12.98775207
0.89835633
1.98958001
11.60741440
1.44499778
9.51627438
0.94954593
4.43814938
3.40592531
6.17155031
5.23437500
3.21435547
1.80240470
1.49642342
12.33756095
3.86962766
0.63558483
10.25943595
4.71712655
1.00292969
6.32421875
0.81081131
0.25022385
0.05572510
0.42657471
0.08870414
0.48853585
4.87890625
0.43896484
0.99824981
0.46811717
5.02231452
7.27083998
2.44205563
5.74153812
3.53710938
8.37923094
2.56217531
4.33268063
5.63606937
15.42187500
1.99121094
0.01730347
0.16955566
0.19053738
2.05599124
3.15039062
0.10025450
2.30436281
0.52148438
2.62500000
3.30288675
0.52719137
12.53548094
1.16780516
12.15055568
10.59657635
0.96885333
1.36816406
18.43750000
0.24414062
0.09035226
1.25602297
2.83072751
9.14778812
4.81250000
5.39453125
10.64843750
4.61718750
12.69009752
6.25912123
5.89941157
1.83496343
7.41796875
2.28515625
2.93269836
0.15372742
1.09277344
11.05715304
23.57647243
10.50358156
14.20979610
0.53629765
2.64257812
7.32411016
8.81651484
6.82421875
1.82975094
6.69466312
2.57470703
4.58593750
7.12890625
0.57080078
4.05859375
3.03417221
2.39746841
4.26291391
2.80544547
11.89843750
1.93447481
0.35776152
8.50597895
2.79590093
8.44919659
6.52394794
3.23437500
2.85172485
0.60921265
8.78125000
1.75585938
6.49731383
3.13940492
8.23437500
8.53743407
1.18945312
2.50553468
5.38313719
1.24576906
4.08377677
5.29267795
2.90722905
7.73828125
6.29296875
1.79882812
7.75000000
0.08319092
0.02754211
1.63476562
15.31738032
9.07715093
4.38491800
6.57601950
5.62500000
12.00000000
1.38671875
12.85937500
18.73951340
5.93359375
0.30012938
0.13614992
6.90234375
3.06900876
5.55261465
5.82536015
0.40787719
5.38639406
1.00976562
1.60644531
6.86219276
7.23936974
0.16833496
6.27246094
3.72265625
7.14453125
2.95540282
8.83951906
1.20312500
0.04333496
2.59576079
8.76685524
6.41185478
4.89995432
16.29687500
3.03710938
1.40041030
2.17478502
3.26562500
8.84016844
2.81998781
2.00781250
2.30273438
1.56933594
7.22460938
8.73734154
3.27599568
0.24349872
3.87760251
7.16731937
0.08744812
3.94921626
17.22770390
1.05354859
5.56314938
4.22200687
3.20312500
2.81640625
3.83593750
8.19531250
3.55273438
0.19018555
8.36519285
3.11881593
2.59049313
6.46842531
3.86295656
0.61083984
6.17187500
5.87141844
0.55631593
1.44140625
2.04882812
8.07812500
1.78059564
0.93717780
0.62988281
2.44645016
15.71288564
7.13412123
7.01844538
18.22103031
4.01920656
10.01757812
3.00000000
11.92153931
13.58569336
6.20507812
12.41150328
1.45963625
1.46484375
2.55078125
5.51953125
4.20312500
6.06074949
12.23795656
7.58984375
3.12695312
0.03140259
4.16015625
2.21417692
7.02117464
0.84521484
1.04589844
14.01316490
2.12355385
5.19173094
3.12679078
0.33040406
9.75781250
7.26978740
11.07814494
0.03198242
9.71402704
0.17073858
3.42610594
3.59830812
8.95735594
-0.01717039
3.07812500
5.89062500
0.05328369
11.13833971
-0.14029283
6.28238143
0.05697404
6.12174313
10.18685062
4.20505819
7.21697791
16.27474124
0.07373047
8.42187500
0.48217773
8.14843750
5.65234375
4.54687500
5.27734375
0.44807860
1.26237062
3.79542693
12.78483156
3.27929688
7.44018555
2.57421875
0.24458739
5.04655031
7.71561614
5.91752106
1.24104485
5.59993905
1.71207516
10.81430861
6.07420878
1.65333277
1.55273438
1.75960203
4.14268068
12.03906250
4.53125000
2.67984985
0.77327515
0.00235367
2.69726562
0.94335938
4.28906250
5.79817376
6.11979499
8.71798545
7.05697030
8.70312500
5.29296875
8.35041113
0.86443262
6.03937722
6.83562278
1.83340059
0.59799589
2.58593750
2.48242188
8.07812500
3.33984375
6.26562500
10.14062500
12.16471188
1.00520999
6.26562500
2.44335938
8.27343750
4.08203125
17.02266941
0.10049954
4.68164062
5.96126219
6.01920656
3.40429688
8.51204344
9.13281250
0.32853273
1.58040032
9.30338874
8.10172235
1.06136358
6.28906250
2.02343750
6.16503657
0.49316655
3.69726562
7.54817625
3.42936281
16.81201172
6.75781250
5.42968750
2.04882812
4.81250000
3.35611813
6.79720218
5.85742188
7.84322020
1.02859585
1.72168218
2.23828125
5.69921875
2.36718750
0.04641724
3.83202627
1.22754405
4.44921875
9.80240470
3.24837655
5.97265625
5.72298094
13.64811281
9.57812500
0.38256836
2.52399885
3.13412123
3.94075687
19.11511612
6.53125000
4.62890625
4.96484375
8.16406250
0.03182220
3.69335938
1.61132812
2.50000000
1.18066406
8.50781250
8.05924313
4.26888187
2.59179688
2.65527095
3.52246343
5.53906250
1.80353738
2.33366965
0.48925781
2.69730465
0.81151596
15.56348404
0.31274414
1.81445312
18.15445922
3.46923704
1.48763187
1.45117188
9.23860594
9.34792886
6.63900155
5.73828125
1.56542969
3.92578125
2.04296875
2.41601562
2.36132812
7.79361813
3.74021942
6.72006870
2.76367188
7.96484375
0.02281189
8.15457946
1.54659241
15.75049254
6.35514406
2.16601562
0.53670164
2.24772218
8.21939938
3.49739749
5.97518921
0.27465820
0.16300011
3.07226562
4.46093750
4.67968750
6.22656250
0.00233269
8.90754876
2.44938483
4.75390625
9.66829344
1.11588625
1.08056018
0.07813123
6.44596188
3.13802249
3.28320312
0.00165939
10.81250000
1.08789062
3.06054688
6.21484375
9.09842000
3.99463763
2.34570312
4.50000000
11.36352290
1.48318113
0.72332058
3.44140625
8.25423094
67.64225343
13.88281250
9.30550047
1.57437611
0.93311170
4.35546875
8.98860594
3.11881593
11.57812500
11.41406250
4.57812500
4.45312500
9.70312500
1.31738281
7.62109375
2.88085938
8.81021720
5.18197030
1.41699219
43.34960938
8.06250000
2.58853876
2.09456671
14.61718750
0.03906250
3.32291501
6.28841312
7.64062500
5.42578125
1.71582031
2.26757812
10.25000000
0.22363281
1.72598121
1.52670434
9.76204344
8.07389406
3.66015625
5.12500000
6.98079344
2.70843584
0.70379062
3.15397717
4.46875000
0.04562378
5.74152815
4.10254654
7.24186281
1.94661375
7.29655031
3.19449704
3.65755374
4.86328125
7.44531250
2.37890625
7.77926445
0.83593750
6.26517731
6.59842864
0.66894531
5.71451906
3.88476562
2.37695312
3.22265625
9.19531250
1.86004639
5.07421875
10.81250000
2.04882812
2.31054688
8.50668335
1.22851562
4.38671875
1.75390625
3.25195312
9.71093750
3.35937500
4.43359375
0.87890625
8.96875000
1.16015625
3.75976562
1.33075906
2.44109153
7.76953125
8.38281250
10.06250000
7.71939938
6.80794437
14.30175532
3.09310062
4.26139406
3.93977782
9.16795878
4.94955341
37.18685062
3.88085938
4.83626219
6.18750000
4.02555422
2.78320312
3.75000000
6.80859375
6.78971188
4.14030031
1.65234375
3.46321532
2.27474124
1.68359375
0.02233887
49.64534298
1.97965702
10.13769531
6.93630791
4.78906250
1.25000000
0.20056152
2.18391595
1.86588874
0.70996094
6.06250000
0.38208008
2.98999023
1.41080563
0.96126468
1.70686766
14.16780640
0.66975953
6.27734375
6.82454344
4.57780031
0.01538849
0.30175781
0.06030273
5.76953125
3.24240963
3.56966312
5.64453125
4.30924313
8.13216312
5.17187500
2.47688719
4.22623781
4.30078125
5.43750000
0.05300903
20.55859375
5.09765625
1.77832031
6.73437500
5.09016844
2.25358156
2.40429688
8.02018063
9.52278812
8.33593750
1.96158688
3.00358156
11.95670656
2.96244293
0.35493988
0.64648438
16.51049805
2.78677970
1.83431405
6.35066711
2.35980182
2.62168439
4.57136961
1.98990968
8.56673094
4.04752687
2.65462157
4.10123781
0.00872040
5.73437500
3.53970690
3.68099623
0.16223145
3.02148438
4.43080139
2.44726562
1.76269531
13.11718750
1.18684813
1.22577859
3.87826684
1.81445312
12.50129876
6.75520501
2.23177748
0.54589844
3.10384032
11.80891844
0.57356937
8.17968750
1.02441406
4.02164672
0.92220094
2.79882812
5.47552490
0.54410641
2.13932375
7.07389406
3.56933345
4.76465093
8.89062500
3.53125000
3.25584442
2.49415558
2.15625000
3.25390625
1.04232069
2.06608156
11.34375000
35.58268188
5.75960328
8.16048094
11.49641844
2.68880374
2.41992188
1.27734375
1.67757078
1.84537843
15.70092773
15.23853728
9.05588043
3.63520113
2.79101562
12.00830078
7.04296875
7.79296875
1.90917969
3.00976562
11.22021484
4.82877438
8.91764406
4.08170656
0.02978516
3.11328125
41.79060166
14.68474013
14.60579344
9.66764406
0.57080078
10.71093750
3.96093750
2.02343750
8.62564938
0.72786624
2.50390625
10.32486813
11.21777344
5.29264406
4.13248781
2.93945312
0.13671875
11.40445797
0.85579593
3.64648438
2.68651596
16.73307624
1.80892342
1.81249252
2.09668716
5.07551751
4.01432624
2.43977782
5.70768063
5.85594083
4.08058510
10.10579344
5.12076158
5.02116467
7.22591312
2.45117188
3.97884032
12.02522828
0.95686890
2.12304688
12.02669188
14.46197921
1.30581856
3.13281748
1.31896942
1.81622802
1.98015901
9.02945922
8.44693595
6.69781442
2.35489845
0.74702879
2.73990968
5.46484375
0.62304688
6.77343750
1.40429688
0.04010010
4.68750000
0.90966797
6.88671875
0.58984375
1.02734375
5.45714107
2.29801640
3.17187500
0.09332275
2.37532469
1.52489362
5.82634419
5.69531250
3.21882370
5.83391068
2.15625000
2.45703125
3.18359375
4.49609375
4.17968750
1.00545164
1.88834718
1.34798094
1.05533937
1.40722656
4.98437500
2.66048094
10.49576906
0.29296875
2.73632812
1.74023438
5.61328125
1.66210938
0.05850220
4.67968750
1.58203125
1.79785156
4.23828125
3.48046875
5.70703125
3.88541501
8.52049535
0.12143339
3.41031735
0.18033688
1.58528812
7.89453125
7.52734375
0.89892578
2.80664062
10.79638298
0.85986702
0.77929688
9.17187500
6.28011836
1.13379155
7.43359375
3.83593750
6.30468750
4.72688719
10.24218750
0.53385500
3.05078125
0.73293657
3.80599623
1.20117188
4.28157469
7.96092379
2.22673980
16.22138302
6.70442874
2.25781250
0.33813477
1.81054688
7.57486813
3.46614749
5.85064697
0.06451416
0.12342453
2.82226562
4.85937500
4.50813719
5.30826906
0.01130676
8.53613032
2.47802984
4.43359375
9.75781250
1.11621094
1.21207018
0.08822279
5.62141844
1.97769767
2.54102061
2.26171875
4.38671875
11.43648192
1.48387152
0.81422207
4.89062500
1.29980469
1.41992188
10.69599915
2.24022441
7.70378186
3.16634530
14.33286514
0.46523057
3.26236813
6.67122562
7.62500000
4.80078125
2.73828125
8.58593750
0.34871274
4.81876773
9.61718750
7.25390625
5.91829344
7.07812500
1.77701906
0.78665514
3.18490248
63.42756705
9.29703236
3.86719747
4.17968750
5.86685783
4.87728280
2.50000000
9.78125000
4.91015625
11.97656250
7.87109375
0.74153563
4.23014406
3.52734375
3.68554688
2.36914062
5.02555297
0.30257203
3.23828125
4.04302749
4.68353501
13.00781250
2.51757812
2.87109375
10.11810303
1.43587157
4.90983156
1.36425781
2.57617188
9.10937500
0.62207031
6.53125000
1.89941406
4.73828125
4.64062500
2.16422485
0.11226441
7.71646720
7.31087655
2.05468750
2.33593750
0.75374266
6.75748781
3.44384641
0.63964968
1.65250610
7.79393285
4.07373919
35.64290780
3.53906250
3.88281250
9.18391844
3.94938234
3.34375000
3.44140625
6.74609375
5.80924313
3.80599124
1.07910156
3.04915282
2.97819093
2.01562500
0.02865601
52.33648432
2.95801030
10.37304688
8.73675728
4.54687500
1.35546875
0.16406250
2.22590564
1.59343029
0.67822266
5.52734375
0.30688477
3.09570312
1.12711422
1.13802249
1.72232907
13.74853640
0.64192750
6.43391844
4.56640625
4.65592531
0.01073456
0.29541016
0.07470703
6.17187500
3.41572872
3.41715702
6.31250000
2.61002438
7.51106937
4.90625000
2.05468750
4.57031250
4.45703125
5.23437500
0.05508423
11.00324690
2.38151872
3.04296875
6.04687500
3.51009032
1.96451906
2.40429688
8.20735594
1.94856688
13.00716312
2.30273438
0.24060059
0.56835938
16.08609985
2.27799064
1.84977670
6.88281250
2.25567709
2.50604166
4.89510008
1.90201906
7.08203125
2.11718750
3.95898438
0.00637817
3.53710938
4.05793440
3.57097185
0.30761719
2.98437500
4.44380569
2.24023438
2.41992188
10.13281250
2.29101562
1.30517432
4.31576684
1.73535156
11.73209220
8.80924811
12.32812500
0.57958984
1.59635500
2.88476562
3.78141235
7.15022828
4.73046875
5.54920285
0.12020023
2.36478512
6.29622562
2.20703125
3.00000000
4.87109375
2.95247064
9.29866578
0.44515265
2.91453458
5.16359042
2.71484375
1.85156250
0.75373503
8.49576906
10.31673094
4.05826906
7.62955563
1.47493656
0.21691895
2.47102782
1.04850343
13.74019285
6.23461104
3.56975177
2.24218750
15.20312500
2.08593750
2.67382812
12.41528320
6.60579344
5.92187500
5.80436281
5.11328125
3.24088376
2.61458499
14.33658688
3.13867188
3.92122562
4.94921875
1.10197944
2.03864556
13.81086658
2.15788342
6.22656250
4.98046875
0.81005859
4.71484375
13.09876251
1.99088126
2.73665780
4.46875000
3.67187500
2.16357173
10.33089359
5.17219969
4.33138187
2.75976562
0.12951660
6.84586547
0.44661500
4.05468750
2.42772690
12.64713874
1.73079842
2.24966783
2.01107435
4.09635251
3.05208499
2.19726562
5.70019282
5.62416834
4.00181072
8.55891844
4.76822252
5.36426529
7.04296875
2.05273438
3.55305907
4.68717531
0.41918945
2.07031250
3.81359863
5.38505907
3.11068373
1.69344055
1.63464998
1.81479277
9.38102172
3.94936158
2.80485641
0.66882262
2.51139406
5.50390625
0.57812500
6.17578125
0.99023438
7.69545543
5.79944813
2.88313719
0.89973626
5.86556405
4.44531250
4.18456284
5.12989029
1.62597656
1.82421875
2.91601562
5.01953125
4.86718750
2.67024657
1.54850343
1.96972656
0.91699219
1.34960938
6.49609375
5.55468750
4.78515625
7.01562500
2.05468750
0.35107422
0.06457520
2.68359375
3.07617188
0.38769531
3.58984375
1.59375000
1.33496094
4.26171875
3.09407469
4.92155031
5.78548094
7.42617465
0.11646941
2.95344969
0.45084220
14.16910890
4.21354499
8.47656250
2.04492188
12.73437500
3.38899657
0.31168703
2.65820312
9.70312500
2.36624322
1.13249030
4.84765625
6.53547097
4.82781028
6.73046875
2.02212517
0.46322640
1.27929688
6.50976562
13.62280273
4.57633422
1.85530640
16.01529533
9.34879765
0.16520390
6.81282469
0.49186281
0.33520508
5.55199857
6.49487643
12.46875000
1.90234375
0.01683044
12.47656250
0.33746099
21.84439938
9.74153812
2.02539062
8.25423094
10.61295656
0.03314209
3.10397147
0.73961450
4.80078125
2.60546875
11.83593750
3.02929688
0.78808594
3.77539062
4.79687500
10.36782829
0.90609749
2.80859375
0.99755859
1.30273438
6.18359375
5.20703125
12.63281250
9.20415454
10.43360372
8.38281250
2.87500000
7.46686060
1.93938940
8.48437500
0.01110077
1.20605469
1.72412109
6.23828125
2.64648438
4.41381649
0.58813663
10.46069336
1.42521286
9.40105295
6.34375000
0.68554688
1.77262328
0.08650758
3.25390625
10.02538564
6.09570811
11.73835134
0.89348460
6.14588292
0.59239833
0.64062500
1.61714318
0.32328651
14.46875000
5.29207336
0.62491883
4.77115470
2.03353280
0.29516602
4.46353751
15.09130984
22.63704718
9.78906250
4.34285461
0.43717469
1.04003906
2.96093750
1.17733039
4.06910239
0.17199707
2.10021376
3.61061502
10.66020203
4.44042969
38.77911377
1.14843750
8.21695922
11.00988365
1.44356729
5.88411126
3.28088203
1.07324219
7.04036126
2.78385749
12.50064938
2.21028812
10.71875000
5.15234375
10.39941406
5.43750000
12.04202271
1.22786375
6.97265625
1.78466797
9.05826906
2.62955563
5.37825687
9.11718750
0.29418945
5.46484375
13.72493407
1.81770750
6.53841312
6.83203125
0.17004395
2.51367188
4.47949219
4.01464595
4.78027593
0.64404297
5.13313719
6.58365968
6.64453125
3.11132812
19.31688705
7.68848404
6.79687500
1.18261719
0.02017212
1.25613352
10.75358156
5.67360428
0.34861252
6.76431627
1.49154061
6.72949468
4.21093750
9.83593750
3.42382812
6.47688719
3.80045656
0.03894043
1.74283688
1.19173343
2.79101562
9.62304688
10.95312500
11.92055630
2.66538120
5.97265625
0.08003235
13.14062500
3.80664062
9.42056627
2.76498060
5.48046875
5.44531250
0.94238281
0.38330078
2.49039547
3.13606937
8.40944334
2.26530031
10.38346188
0.63167484
2.33576519
0.35466450
8.65625000
2.78320312
1.40234375
9.88704344
1.30045656
11.34246826
1.50430298
7.32767731
0.40327973
4.97079967
0.36879994
0.05657959
0.82470703
4.76572418
1.21657303
0.42000883
8.96451906
5.76171875
6.16406250
0.97151610
5.33561281
0.55566406
2.50000000
2.85076325
9.28841312
3.59765625
3.93945312
3.87727782
5.48144282
4.50260749
0.63818359
3.56250000
0.06127930
2.57031250
2.73730469
3.21516844
6.05436281
8.23002106
0.72505707
4.45588985
4.52067265
1.23242188
11.07063719
13.09708742
3.50000000
6.93359375
4.08007314
3.69336436
5.80078125
2.04686378
4.11085106
8.15266844
2.11100343
0.30102539
0.89013672
2.85742188
2.83984375
5.20703125
9.97363281
2.51171875
4.56508585
1.03190187
4.39485594
6.73405031
13.50000000
1.89355469
4.03580563
0.43831546
1.44451182
9.84566410
8.34375000
5.41015625
1.46972656
4.50781250
1.91601562
7.98437500
12.16015625
4.58691157
8.51465093
6.30078125
1.39941406
8.44245780
3.14878213
2.98632812
4.41796875
2.41992188
2.60546875
2.09375000
0.98632812
0.28613281
8.91470191
22.87231767
21.61669548
17.43498428
16.05110594
8.78727172
0.32470828
0.72558594
1.23144531
3.73415756
1.89094221
4.67644060
1.92871094
10.27343750
4.36328125
2.00056740
1.61979250
5.17578125
4.28515625
10.77197141
5.26484981
9.38932624
4.05859375
9.43750000
0.04803467
7.53450189
6.16047097
6.88119902
2.38006592
0.64453125
0.59334227
5.60067500
3.76041999
2.34570312
4.74767303
6.62890625
7.20897939
6.74056405
3.11914062
13.87076906
6.08235594
7.11295656
5.68359375
12.16406250
8.65266844
0.94401125
9.67968750
3.32583722
1.71127216
6.33805297
0.42610719
5.28906250
5.09208562
5.93945811
12.32031250
0.77783203
5.18875973
9.23437500
6.47107418
3.80468750
3.25390625
12.36425532
3.67155031
2.93685062
7.24218750
0.00561905
8.72656250
2.90039062
10.89843750
1.48925781
2.22386075
1.74789948
5.80045656
3.75000000
10.46875000
7.37500000
1.07356688
8.84016844
9.50716312
0.09490967
0.06048584
11.25895016
4.73795656
2.36295656
2.27734375
11.80468750
0.10736084
1.93847656
4.25000000
4.63231550
1.49691544
4.55045656
0.14831543
6.35546875
7.43619626
7.17513187
1.68261719
12.74885860
8.32568484
4.62076906
9.63281250
4.36978004
1.11850121
4.94909668
6.64843750
1.39403197
3.54459718
5.26204344
2.96647218
1.76855469
6.53336547
3.22444703
7.30468750
0.00990295
10.03125000
8.78125000
5.10709220
12.36197252
3.53874778
7.08203125
13.03417720
7.17480718
3.49609375
0.96386719
4.18359375
2.64859860
6.77278812
11.89513631
1.07068401
10.39257812
21.74472046
1.74023438
7.41015625
0.05490366
0.71413931
7.54687500
5.30859375
11.06852172
0.06881164
1.56217531
7.71093750
1.55664062
7.81673094
8.31608156
3.81250000
1.38867188
8.94074690
1.31511247
0.50878906
2.76334469
9.57730829
2.16064827
8.65201906
1.03222656
0.86279297
4.64843750
0.49230950
7.40950687
7.79296875
0.00272179
2.71289062
0.42006097
2.40299811
2.22265625
5.46875000
4.36392565
1.14681654
4.91796875
1.40559813
8.43750000
0.95475343
1.07324219
13.25838133
10.17675781
2.60156250
1.30924562
14.97132199
2.53060062
36.76446117
21.38690602
4.98258422
6.36470670
5.60601807
2.79427249
3.24414062
5.88281250
3.35351562
1.13671875
2.96712157
3.23405031
12.32812500
3.11914062
7.40494127
6.25163342
1.07291750
5.04001999
5.19140625
3.02148438
0.41552734
6.59459349
7.75358156
0.09296461
2.43584112
1.87072222
12.49576906
1.79069093
2.60156250
4.17968750
3.36718750
0.44775391
0.02377319
0.26123047
10.96093750
0.53688366
0.57713001
1.86914062
8.19173094
25.89778563
9.74446781
1.47295130
5.03885988
1.85872562
3.46093750
8.48607713
2.73853224
5.90514295
0.34270473
5.91796875
11.75781250
5.55337877
6.55338376
4.61458998
3.76692874
9.63281250
6.28858867
21.34928593
5.58593750
1.74315908
1.92187998
6.89346853
1.65535959
1.71453024
0.48007535
11.87847013
5.10693484
5.93359375
17.69980709
4.20247562
2.95540282
3.18717531
6.28515625
2.29882812
0.15063477
13.50000000
2.52734375
4.60611813
6.44889406
3.07780031
0.71695797
0.02498539
1.68359375
13.32192598
7.92026152
4.86891167
2.80403812
5.26953125
25.89480943
5.77116467
3.37076906
4.26171875
2.51953125
20.26228758
2.86165282
0.64241703
5.19954344
9.42258791
1.50150543
11.34810394
9.26342275
7.77930186
2.73242188
2.21907469
2.50162843
2.87890625
6.68750000
4.92399047
0.06050660
4.92968750
7.40103502
1.06380873
0.52982712
7.30859375
4.67187500
11.09375000
10.54687500
3.32812500
3.22265625
2.46448135
2.38476562
4.79687500
1.07617188
12.04687500
0.03622437
2.80078125
3.33300532
4.48697751
0.45084220
14.16910890
4.21354499
11.63281250
1.18457031
2.52734375
10.14843750
2.41945399
1.28222905
5.24359638
9.23669507
3.44613918
5.18294437
1.34082031
3.11914062
6.58203125
13.42187500
2.23828125
0.95947266
17.70833001
8.54441268
0.31512841
7.06673094
0.89371828
0.28173828
3.75438456
22.16146498
10.71745124
2.69140625
6.26562500
11.24218750
0.04504395
2.64956922
0.58203250
5.58593750
5.65625000
8.21875000
5.23828125
2.92773438
7.56250000
1.12109375
4.71484375
0.42553711
3.46109361
11.77865248
2.27148438
0.18981934
0.46606445
6.64274047
10.75569703
4.95116689
2.48242686
7.04296875
0.00755692
0.97216797
0.36486816
8.23437500
4.58882536
1.11625277
10.15069580
4.45094803
0.40305588
8.31298828
3.39509531
4.44498781
4.09586547
1.10432984
8.22566711
0.22574891
0.49511719
1.59651236
0.65837045
11.71875000
4.87672928
0.46457932
6.57551751
15.79956117
22.79386663
9.62500000
3.92700133
0.48901429
1.30859375
2.57812500
1.42379300
3.77426418
0.25439453
2.34888460
3.56187056
10.72943115
5.16048094
36.73124269
1.21582031
8.79687500
0.22265625
1.41601562
3.79296875
0.01397705
7.53125000
6.11848626
2.96981635
1.16992188
6.54361813
2.87630374
12.62206782
1.89160405
9.51171875
4.82031250
10.33496094
5.01953125
8.38954588
4.91373781
0.93896484
3.57812500
4.14746094
9.53125000
3.16471188
5.23763187
9.23437500
0.24865723
5.04329344
14.05273438
1.88118407
5.70280031
6.48795656
0.16528320
3.08463376
4.48958499
3.81900876
5.01497562
0.66552734
4.87532469
6.53239015
5.41406250
22.89305768
7.49854388
10.13704344
2.16780640
0.29663086
2.20722916
10.62500000
1.30794188
8.99966534
3.67285904
7.04590093
5.09765625
9.78906250
1.70996094
6.39094969
3.22623781
0.03900146
1.60481439
1.29069343
1.44238281
9.50000000
7.23046875
9.14485594
1.60937500
15.35156250
1.31803468
8.99218750
7.27195147
8.91587322
0.22477297
9.06070922
3.32991578
9.89859361
4.40755873
3.65234375
5.90625000
0.92897537
0.42502853
2.87003415
3.09895999
4.89227295
2.32421875
7.63179411
0.38334261
2.16218058
0.43156942
8.64843750
2.03515625
18.25878906
1.92761230
7.36718750
0.41381836
4.99737533
1.11167249
-0.07029049
0.76904297
6.21675491
1.27734375
0.37828490
4.23469969
2.19856937
5.03125000
4.97656250
0.15036986
0.99897240
4.65201906
3.10546875
4.25781250
3.68001219
5.40722407
4.32682624
0.57177734
4.81282469
-0.00856444
5.95703125
2.05517578
2.64257812
5.54687500
8.78816711
0.83536805
4.74950798
3.75830452
1.03515625
11.72721188
13.31282718
3.46679688
7.22656250
4.20149158
3.72819592
5.37890625
2.15656223
3.91277371
8.60156250
3.97566711
0.26041687
1.68774414
2.70117188
2.89062500
5.10156250
10.40258789
2.71875000
4.75491619
1.02246094
4.00390625
6.39453125
12.37500000
6.20914672
0.34944703
2.39509400
9.56022218
6.96484375
5.82812500
1.12207031
4.31250000
1.69628906
17.10156250
4.36067376
8.88737311
6.57031250
1.47265625
9.77125472
3.19826462
3.55436281
4.64843750
2.77148438
3.21484375
2.97460938
1.24902344
0.32373047
9.02261082
23.61025259
20.94726064
18.58472427
2.41406250
7.99820922
0.49349000
0.71337891
3.44140625
3.36782265
2.08755597
4.39160904
1.90560062
10.17968750
4.14274047
3.13124250
1.79655031
3.83593750
13.80989500
5.67189451
9.67903812
15.62141844
7.48404034
3.87110372
2.46066284
0.51757812
0.64119383
5.33227290
3.19791999
1.85253906
4.55622864
6.30078125
6.89647939
7.79231937
2.82682624
10.38346188
10.33756593
6.75358156
5.35546875
11.44531250
8.22298094
0.85026125
9.55468750
2.73371316
1.61101340
5.19954344
0.39762453
5.19140625
7.05727242
4.85319592
12.27343750
0.53515625
5.27459468
8.55826906
6.63221506
3.67936281
3.58789062
12.23600094
3.35286624
2.83105220
8.19043218
2.82421875
7.53906250
0.77441406
2.32794770
1.51026761
4.60514406
7.94531250
0.53572508
6.59992908
8.16146498
0.19543457
0.02162170
11.50569578
3.49414062
2.50944093
3.75585938
2.64876219
4.96027815
1.22526872
7.28092531
0.00753021
5.38281250
6.12369626
7.63997562
1.32910156
12.78189938
7.95703125
4.03841312
9.73437500
4.11847629
1.10222683
4.97583008
6.88281250
1.16074034
11.79264406
8.19531250
4.21809564
9.24088874
6.47102283
4.24382092
7.55078125
11.70540282
7.16796875
6.25000000
0.82682375
3.88476562
0.90852532
2.73274906
7.39778812
2.51004879
6.49153812
0.49267578
6.45117188
21.63092041
8.25781250
4.38281250
10.99820922
0.07279418
2.02506593
7.93359375
1.49609375
13.93424313
8.27441157
2.50814217
7.75000000
0.99609375
0.86572266
4.38281250
0.38105481
9.63997562
2.61523438
0.40730462
2.54948249
2.19726562
5.55501219
4.46711658
1.07259779
4.91406250
1.33626219
2.18717531
1.60156250
8.44531250
11.98665282
7.47756958
7.47623532
4.34704590
8.06185062
3.93717531
1.39453125
5.69628657
2.04199468
12.71516844
2.95280031
6.73306627
5.91569592
1.27213625
5.31574631
6.50781250
2.10937500
1.60937500
8.80403563
7.55045656
0.00235558
3.15465403
1.56189434
13.15560062
1.66113281
2.79492188
3.08203125
4.01953125
0.51513672
0.01146698
0.25683594
11.47477172
0.49279692
0.37105441
2.31445312
7.85546875
29.99739500
8.74601320
1.77328242
5.10770754
2.14583499
3.35579344
5.91332447
0.68596021
6.72265625
10.18750000
7.01105940
6.53060062
4.23242686
3.84700687
9.67187500
5.53009547
21.21924077
4.96093750
1.76692127
2.52116467
6.95027150
1.69425975
2.01996109
0.38980177
11.77051016
5.28483156
5.44921875
15.66074459
4.16764406
2.68945312
3.31998781
6.40625000
2.18359375
0.12457275
10.03906250
7.16861813
7.17513187
3.12304688
0.67301266
-0.02481930
1.77832031
11.40672208
3.87843417
5.21484375
3.38476562
9.75000000
7.00390625
19.29257628
12.12649111
3.04101562
3.93456782
6.08138187
0.86507078
2.54622562
2.50585938
2.39648438
3.87206533
3.40039561
1.69368407
2.85514406
5.14062500
6.51953125
0.81005859
6.03515625
1.65333910
9.86849623
3.53320312
4.96093750
7.21484375
10.27343750
4.07421875
2.04850094
2.84497745
2.48437500
1.52148438
5.42968750
4.47265625
3.94433345
0.09016844
0.58756593
3.63972961
6.03605164
4.96516844
0.23380617
2.27343750
7.02083001
0.65690436
7.32226562
8.10579344
4.59733156
7.32063719
5.59277815
9.90299091
8.00396499
5.43353501
0.12779236
4.92968750
8.31494016
3.33545046
1.14550781
4.73201781
1.80785516
4.88151374
8.35156250
2.95312500
9.13281250
1.17968750
1.22851562
16.13198900
5.61726805
8.35514406
4.34676086
2.83520446
1.68229250
1.95800781
5.88281250
2.25000000
13.51593972
12.62859153
6.57031250
0.04587936
2.21289062
7.37954815
5.30892841
3.90820312
5.22265625
0.90797928
0.23760908
10.81379876
8.11947030
2.65039062
0.71728516
8.77343750
0.76367188
1.48730469
12.55296855
1.86915059
12.40625000
1.22276835
2.00586934
2.68164062
6.35871565
27.95274049
5.08608597
1.52117858
2.16210938
14.76139406
1.34960938
9.19543457
3.50603890
0.28871939
1.84440187
8.36002438
1.23177249
1.80859375
2.30956782
1.32324468
1.11816406
2.89453125
2.73242188
11.61014739
1.75531649
0.44593749
0.15014648
2.74169922
7.97265625
2.87109375
5.71093750
6.03320312
4.10937500
1.92871094
5.48908799
0.82438857
4.85074454
13.55697030
10.42187500
19.80642700
3.90820312
6.83593750
5.91015625
1.59212157
9.24576906
0.08612061
5.98079344
1.81022218
3.11718750
3.19759032
0.28214601
12.14843750
1.40512329
2.37515015
2.33203125
0.04513550
0.88745117
5.67533356
0.23470062
13.11881469
1.42887328
8.44108156
39.67643063
7.32747562
10.39062500
14.78489010
1.06282718
1.01464844
9.53157469
3.34960938
5.72753657
6.39713874
20.65820312
5.32454344
0.48307375
1.11165282
1.66080812
3.24609375
6.38671875
0.03378296
4.51513298
3.47900764
7.21516844
10.95735594
1.34016844
0.75879155
8.24023438
4.89062500
2.43164062
3.68782469
5.64030031
7.01562500
0.05541992
2.99689551
3.36833887
7.15625000
2.49609375
3.62434564
0.17008796
6.00488281
9.77832031
9.72080231
0.36576168
0.05550296
11.63452148
3.99511719
1.83300781
2.82877438
4.43294437
0.54345703
6.59765625
4.82910156
10.04996454
0.18318976
0.06976318
6.30468750
4.68750000
25.89282227
3.79524657
4.19108156
2.29687500
8.68750000
0.02566528
10.81673094
2.09244875
4.98046875
1.52473626
0.07145515
8.18212766
0.06970339
14.84375000
9.05468750
0.59082031
0.09779021
5.60905031
4.15234375
7.02766844
6.81192930
2.81290835
0.21809937
5.10156250
7.19140625
8.06250000
9.96093750
7.71093750
0.98779297
6.73111813
18.28548343
4.61718750
2.61002438
6.93750000
11.51985594
5.22558843
2.75000000
5.90625000
7.43782469
4.55045656
9.93570922
3.27734375
0.93147828
3.05289547
10.38606937
1.98079344
2.18750000
5.47623781
3.52678901
8.58983378
6.67026152
3.42382812
2.74804688
1.78906250
3.19726562
4.15949690
0.63933122
6.71809065
3.81348404
2.14030031
2.49023438
8.92251441
7.53061059
5.76562500
0.09442139
0.24694824
0.90608641
1.60725953
8.68147828
2.14843750
5.49609375
11.55468750
4.80289672
4.12288453
4.77507169
0.18244784
13.90625000
4.15445922
0.56966187
6.55664062
4.08203125
6.97264628
5.55079122
7.72656250
0.72595215
2.73828125
10.17187500
2.76367188
5.03906250
4.80110594
0.60514406
4.07812500
6.98046875
2.51757812
4.59016844
5.94140625
7.94889406
0.20532227
0.84667969
0.58203125
0.34814453
2.05468750
12.70312500
7.50781250
3.02343750
16.40478516
0.64453551
8.63639406
1.41210938
0.45003172
4.78092531
4.53125000
0.29467773
0.37377930
1.60579344
6.46842531
4.91796875
6.07454344
5.36686281
8.71875000
6.37556883
5.99576906
7.37695312
0.58886376
0.39612159
10.71093750
5.57934570
1.69238281
1.92626829
0.11303836
0.58007812
4.32421875
6.87500000
0.19897461
0.03814697
0.82438110
0.36800172
0.15087891
6.26659907
3.43457280
10.72851562
8.45311737
2.02734375
3.92187500
8.25781250
12.30743408
2.32812500
4.20270201
8.83170656
7.99251219
3.61295656
9.51562500
8.73437500
2.64257812
12.50000000
1.31250000
9.61035156
2.29100566
11.60157247
3.02343750
2.82812500
6.84049313
4.39677004
20.21232179
7.82812500
1.88769531
1.24446532
4.41373781
9.03125000
1.98046875
0.40193602
9.85514406
3.55859375
11.50991800
6.40056294
6.29117797
0.42822390
8.99218750
0.65356445
3.96679688
11.80143063
2.78645999
5.19921875
2.78320312
3.76953125
0.71923828
0.33180740
0.19639084
0.61669922
4.96875000
0.02610779
0.01203918
1.54687500
1.19653320
4.59893783
5.59124771
4.50390625
12.41227172
3.39827515
4.39094969
2.73990968
9.92187500
0.00268936
1.49511719
1.29101562
2.47436523
4.85546875
0.46289062
0.46411133
5.60546875
1.53125000
3.16796875
6.20312500
2.43098875
9.41406250
3.83756593
5.41015625
11.66829344
6.39453125
4.79655031
9.64843750
5.34375000
7.38313719
8.06429078
0.07881715
7.42578125
8.38476064
2.50032967
10.09375000
12.11295656
12.43711516
6.99560741
1.56797116
3.18685062
4.24283688
8.30403812
0.47802734
5.23437500
0.83219235
4.37858156
0.57926515
0.51757812
2.93359375
4.34375000
0.92187500
0.60888672
2.04492188
6.83593750
0.28279539
10.48795656
2.51562500
9.79752438
34.76407587
7.61766955
5.51172872
3.42968750
1.56705812
6.92578125
10.98437500
0.35473633
2.21875000
5.24218750
10.02343750
1.36653064
6.59343029
10.18701172
2.98079344
2.97623781
4.40234375
0.05697632
1.96289062
3.55273438
6.19173094
2.39225343
6.02180907
7.73762938
3.16341312
4.43391844
5.73616578
0.96451781
17.04941896
5.40771484
6.86328125
10.25000000
12.34195922
0.74690797
2.61165282
6.63053468
12.92968750
2.44140625
0.60839844
0.01117706
10.99169922
5.94140625
10.66227172
0.86881220
4.46745124
5.14062500
4.40234375
1.12695312
2.82063719
12.79085328
11.21842406
5.26530031
0.09747314
0.10742188
0.99755859
12.08593750
1.69173094
3.29020265
2.76202849
1.90789339
11.98502438
-0.07846920
6.35579344
5.30045656
2.10987091
13.41406250
0.27612305
1.50585938
6.62141844
2.28287843
5.54687500
1.92773438
23.29985472
3.47428468
6.92910621
1.17514184
2.39453125
4.74609375
6.29744383
11.77246094
6.91373781
5.21875000
4.16406250
11.46118164
6.50813719
9.96093750
5.61686281
8.61718750
3.03548094
3.69335938
14.49023438
2.88867188
9.40201906
1.29589844
2.94726562
4.19140625
5.08593750
14.42773438
5.58007314
-0.06933095
5.42593612
2.07341201
3.27115968
2.12304688
1.04199219
0.02391052
4.03125000
5.45312500
10.11718750
0.49243164
2.67773438
1.71987894
1.91391012
9.70133422
0.89583375
4.02847020
4.41879543
3.31445312
1.65242243
8.52095675
0.50191378
0.56057490
11.90983156
2.87792720
8.47884530
4.49218750
3.99609375
3.62890625
6.69531250
13.44531250
0.84863281
1.60449219
0.01469421
5.04296875
13.67415282
6.22623781
9.98437500
12.62141844
2.53092531
7.42187500
8.02376219
2.08170656
0.35278320
0.31689453
8.28905253
3.55469747
9.34146969
13.92903812
20.81884766
6.73828125
3.27148438
0.04064941
7.33104721
13.82813248
1.56362769
5.87045434
3.74804688
2.39843750
9.93750000
9.53906250
1.26269531
0.21154785
6.16406250
8.32031250
1.31347656
13.03125000
0.19243355
1.07673149
16.73404034
7.74675310
1.13248781
15.12524414
4.46923828
3.40625000
4.95703125
13.02766844
1.59635500
1.31542969
1.97949219
7.25781250
2.21484375
7.94531250
0.57324219
0.03860474
6.17219969
2.44115962
2.99870124
1.81542969
14.08007812
0.37963867
17.61718750
5.06526485
10.77067265
3.94433345
2.42090093
5.76985594
5.31217531
0.92822266
4.92578125
0.05749512
5.00781250
3.14257812
9.72264628
3.53125997
8.33593750
6.09375000
10.23221970
6.95312500
2.96126219
5.98405031
0.38281250
0.91210938
10.93342642
1.85758920
0.57519531
1.54394531
7.14453125
0.45483398
4.71875000
3.28515625
15.86409048
0.09016844
0.58756593
3.63972961
6.03605164
4.96516844
0.23380617
2.27343750
7.02083001
0.65690436
7.32226562
7.56673094
9.48795656
3.07617188
5.48713985
2.64923302
9.84165447
8.32427749
5.59759751
0.12504578
4.63281250
2.88476562
4.14453125
12.58593750
6.52147939
5.37134288
8.06250000
2.61132812
4.66796875
1.74707031
1.69335938
1.28515625
0.82405516
2.02506593
7.98046875
3.65234375
11.83983378
2.66602559
9.90136220
5.83789561
5.68750000
5.17578125
1.39798981
0.08705658
13.18945312
0.91064453
0.59472656
1.77929688
2.02343750
0.12756348
1.50585938
13.50983994
1.68278701
12.93570922
2.10545753
1.85678246
2.70703125
6.59992908
6.32194592
0.26196289
0.46997070
2.97477172
0.78694703
0.00878143
4.61328125
11.16665649
6.21679189
0.09521983
2.45507812
9.12564938
0.46517093
2.26562500
0.23779297
0.29736328
4.21093750
3.23828125
10.73437500
1.45034893
0.41537372
0.23498535
1.19483875
4.69694592
5.52343750
8.70312500
7.38834763
0.82926266
-0.06357663
0.27075195
0.33003660
2.72819093
0.87890625
9.17187500
5.62548828
1.91894531
4.46234999
0.42143908
4.94571525
11.39290780
11.34375000
21.37120167
2.36996730
10.38704344
0.73022212
4.63567674
6.31224325
1.40722656
0.76550200
0.32092379
1.29980469
0.22204590
0.27587891
4.21484375
4.96907469
4.03873781
41.25276485
7.88395390
9.28125000
16.08739985
1.15918218
3.20898438
4.82844969
3.50553468
6.31282469
6.96061281
20.91992188
5.34407469
0.51582918
0.67004239
1.93294437
3.49609375
5.92187500
0.04495239
5.61913564
4.17773936
7.88281250
10.01204344
1.18928704
0.56575936
4.66536375
4.79475953
3.02718140
3.65462157
6.06998781
8.11718750
0.06408691
3.42967255
3.63478058
7.30859375
2.03515625
9.72265625
7.84228516
11.85380004
0.47281610
-0.07234368
13.82690430
4.55598875
1.74967531
2.42805907
1.41186586
0.22025574
7.07812500
4.23828125
10.37744016
0.27728903
0.20466532
6.23405031
4.28515625
8.70222961
0.96313290
2.15934452
1.86523438
9.93750000
0.03384399
5.68945312
5.99218750
1.98372064
0.07047858
6.79556627
0.46908217
15.71093750
9.16406250
0.89550781
0.01461792
6.05859375
3.59179688
5.36718750
6.81206089
2.62364833
0.54378297
2.17691891
11.37858156
5.26562500
1.31803468
4.61718750
3.93923070
6.48633311
0.85384032
1.49381593
1.92187500
3.33007812
8.25145612
0.68995013
8.00845191
3.17904809
2.26953125
2.27929688
9.46353502
5.95703623
5.35783023
0.15030945
0.14843750
1.53027344
0.99951172
8.94531250
1.81640625
3.76749446
8.47078679
3.04882812
7.71875000
4.30533688
3.72200687
4.60171986
0.32259655
11.98437500
4.06852172
0.53694703
8.47070312
4.26171875
6.91438719
2.66764406
7.52254211
0.65484557
2.73795656
10.71093750
2.58398438
5.16015625
1.98372313
0.47867922
1.97558594
5.99609375
2.95117188
4.39453125
5.25781250
8.75000000
0.34985352
0.60498047
0.96240234
0.37451172
2.46289062
12.42968750
7.02343750
2.87011719
20.14160156
0.65082213
7.89420656
1.76269531
0.50008055
4.48795656
4.51562500
0.27661133
0.26831055
1.83333250
6.88281250
4.34342531
5.64062500
5.67968750
8.08398438
6.54805418
4.85905031
7.36279297
0.62503716
0.35945991
10.25000000
5.34808350
1.74121094
1.89615719
0.08772953
0.49804688
3.94531250
6.53906250
0.12445068
0.03921509
0.57722899
0.33463625
0.09704590
4.21484126
3.78808843
1.94238281
3.74804688
2.88867188
8.00000000
12.50354004
3.19531250
3.32440846
7.01497562
10.37141844
3.99967531
13.13281250
3.05664062
11.36718750
1.17480469
17.96867025
2.19539225
2.30337628
7.73470966
29.38256836
9.39843750
1.96289062
1.30012938
5.33561281
9.35156250
2.27766844
0.14384035
9.49218750
3.02376219
1.38956726
0.34863344
6.22265625
5.15424010
4.98014406
14.71549313
3.03450687
3.43977782
3.62858156
5.90820312
4.24218750
12.65625000
3.09960938
4.34765625
3.53906250
8.70312500
0.00511551
2.08333250
1.02799562
7.54687500
0.66345215
3.24804688
0.34594727
0.24755859
4.95735594
2.02115968
3.75585938
6.35156250
2.77652829
4.80013187
0.06237793
2.53515625
0.06549072
0.02233887
6.22493407
2.74381593
6.12141844
7.69889406
0.41210938
3.94502500
0.50240172
3.41536624
0.33911133
0.26831055
2.53125000
5.02555297
1.53987672
0.66259766
1.10156250
6.80078125
0.16518065
10.69889406
1.71191406
9.63346188
31.89900758
4.34113628
3.31250997
10.50423094
8.04622562
0.67187500
0.45581055
5.26985594
2.12272218
4.39453125
11.68750000
0.77335197
9.57064217
10.23046875
2.60969969
2.08170656
5.98046875
0.08374023
2.48046875
3.10742188
0.88476562
6.87402095
5.35571289
3.24316655
5.45703125
3.07226562
0.13696289
0.69750727
5.02636968
0.60628172
2.36881593
8.23079344
3.54264406
1.01570617
1.19425476
0.33455321
2.42740968
0.48950195
0.45263672
5.85969969
5.42545656
3.31087157
8.35514406
0.66129142
10.98665780
0.49511719
2.91845080
2.55614861
13.25391622
0.32006836
0.12231445
0.04611206
9.63606688
13.90022828
11.66341187
6.94140625
0.25561523
0.14562988
1.06835938
12.39062500
1.61328125
4.21370360
3.04311116
2.00539228
10.84439938
-0.08561032
5.82812500
6.07633422
1.69463136
14.59375000
0.26757812
1.23535156
6.76171875
2.11328125
4.67578125
1.91601562
22.83706665
3.53906250
6.68675387
1.38136136
2.67382812
5.29296875
6.51871579
10.41031984
7.69108156
4.59765625
4.10937500
10.87841797
6.51594969
4.87467531
6.18750000
3.42382812
5.10546875
13.76269531
4.97460439
0.01693124
5.55533190
2.23763685
4.29264406
1.62207031
0.89794922
0.01945496
3.54492188
5.87109375
10.67187500
0.63411375
2.30045656
1.44912823
2.02800310
5.07389406
5.33626219
0.83756593
3.47915504
4.53061059
2.65234375
1.78124751
9.35465516
0.58699773
0.63849728
12.18326906
2.69823970
8.70963874
3.98242188
4.09765625
3.69335938
6.72265625
10.00781250
0.05398560
2.52343750
13.32324219
5.50423094
5.19498781
9.14843750
6.74609375
0.56184813
3.64030031
0.93554688
0.31811523
6.39452128
3.18392841
9.48665282
14.06966312
20.48071289
7.73046875
3.15535461
0.04929627
7.09375000
1.98224831
2.25391622
2.66959718
8.66048094
9.01139406
1.33105469
0.71630859
6.22265625
0.71223875
1.10026125
9.04329344
2.00553468
10.69238032
4.41308843
22.13183594
7.49316406
1.84179688
2.89062500
2.75000000
4.01953125
11.60156250
7.16796875
10.18750000
6.95312500
2.95507812
10.26985594
2.09065672
3.00911624
2.50130125
10.35416750
8.76562500
6.17382812
3.35025876
1.64095218
4.94140625
4.27343750
0.94482422
5.48437500
3.70312500
13.25617908
4.05632092
5.76236813
4.19401462
4.39062500
2.01204344
11.51269282
2.24870124
1.25976562
1.40820312
1.98258422
0.02272584
6.39453125
3.97265625
15.02229485
0.00000000
0.01345062
8.01204344
6.29296875
6.98144282
3.52799811
20.36340237
1.61621094
9.80891844
2.83170656
2.59570312
2.15234375
9.64062500
3.84829566
2.18100121
1.90527344
12.14843750
1.33040282
7.74609375
8.06608156
2.29524657
10.96711658
5.38802748
3.44921875
11.87923094
3.01139406
1.20214844
7.41015625
5.48437500
2.44580078
6.12500000
6.46875000
13.10156250
10.31250000
6.48828125
4.66617797
1.20393922
1.37304688
3.74234985
3.50765015
1.03001118
5.01953125
3.15917720
0.48388921
8.24847241
0.61895923
8.32812500
0.63378906
13.01985594
0.43131593
15.93750000
3.75976562
5.33593750
0.94970205
1.87891123
9.02766844
2.56054688
2.22428468
7.52343750
7.37500000
1.30663813
0.46631109
6.49609375
2.12987783
6.56379876
2.50716810
7.01497562
6.41438719
2.62076906
16.02766844
3.69041723
0.12273465
7.82385254
8.35935506
13.27866245
4.55761968
3.96451906
0.57080078
0.34106445
2.93359375
6.02832031
5.49951172
3.84569316
-0.01366191
7.07063719
7.20670656
0.28344727
1.42729965
4.54460217
12.16162234
2.56624390
14.12500000
1.02734375
1.17024657
6.85319093
2.08984375
1.91796875
7.87109375
7.91227172
6.59749390
4.77734375
5.53906250
2.56835938
8.71093750
9.82031250
2.30664062
7.02343750
11.94433594
1.27343750
1.63574219
3.55273438
25.76074219
3.89062500
5.89111328
6.60937500
4.08203125
0.10418701
5.89257812
6.22851562
1.51855469
1.84106445
14.61002438
12.55468750
5.45670656
4.02311281
1.90527344
0.05151367
1.90332031
9.48079344
3.65983156
7.98046875
3.67382812
2.29687500
5.01985594
3.31579621
3.45405973
0.37776859
5.48046377
3.87305186
10.69954344
9.32454344
5.65169437
1.01871579
9.14778812
3.60937500
11.69813817
3.81999778
2.55794437
11.01105150
3.36852614
3.17228303
6.45963874
4.09375000
6.59765625
7.29394531
3.08788564
4.74805186
1.25097656
5.17968750
4.44775266
0.09192019
1.29296875
4.37890625
2.35188719
0.61832765
1.70019531
7.32518285
2.00326684
4.51530031
4.54426751
38.87614140
10.88037234
7.94205563
8.72656250
4.77669437
9.13281250
18.21093750
3.30273438
8.38281250
1.58886719
0.74902344
9.03906250
1.69389693
0.49879487
2.19531250
4.33300781
14.74641844
5.01139406
1.99316406
0.13171387
2.41406250
12.21240234
7.98485705
2.09131482
3.46289062
11.23339096
3.16114029
5.62109375
15.86827264
6.29622562
6.14420656
5.46256593
3.41015625
6.41796875
2.79915282
0.04593996
10.85178268
5.08024047
0.41975953
4.40234375
0.40332031
0.59082031
2.80110594
11.38053468
12.31250000
2.17024657
5.47656250
1.09635500
10.12141844
0.15885500
3.75390625
8.87500000
8.06250000
0.00149536
15.02026367
4.29296875
1.45955321
8.08427004
8.07128657
5.68981992
6.78515625
13.06250000
5.15722407
0.48730718
3.57943388
0.90592406
3.35498171
4.39908688
1.33528812
11.28906250
11.74641844
1.91178468
1.19921875
14.10114408
3.94205140
2.71061779
0.35278320
9.13540649
4.45312500
4.89843750
0.02246094
0.03210449
0.15785643
1.86295656
4.47265625
2.73632812
3.28172208
9.31804964
2.71272828
4.44631950
3.24447390
6.04590093
5.70312500
11.30110594
22.81608156
5.84826660
1.96289062
9.74218750
0.97363281
15.97672360
6.27734375
4.15689440
5.08434280
3.31412843
8.32519282
0.67431890
5.08984375
0.69595939
0.15755624
2.58398438
6.96126219
1.76611328
5.88313719
2.10709718
3.72428468
11.44954344
4.13671875
4.82389406
1.16210938
5.14453125
11.03742908
2.29850842
8.30468750
6.42578125
5.93391844
15.00382570
1.96289062
8.43750000
6.30598626
7.54166999
8.39062500
2.77050532
1.86035405
8.16406250
1.50878906
1.17473867
0.79102061
2.80338376
14.69075687
6.08728917
0.07823817
5.29036375
5.59830812
6.24609375
1.34570312
5.43359375
3.95604472
5.35938497
4.69531250
4.22265625
3.83789062
4.87923094
-0.03758665
11.40625000
6.92087102
5.22756648
4.41015625
1.04516602
2.97070312
5.24609375
1.18863870
1.08952903
0.68701172
1.28323717
7.70311503
6.06414339
11.77701906
4.81250000
2.11914062
7.61816406
3.00390625
6.81378879
6.01824246
3.98632812
9.43391844
10.36685284
5.71321282
4.28386746
11.83121153
5.67936281
12.48616982
9.20735594
9.44108156
2.16601562
9.31867908
1.80241467
1.99609375
0.05472816
3.53624224
4.78808843
5.63281250
2.38476562
7.52571532
5.56998781
3.95439148
3.62109375
8.83593750
11.45838016
0.85997921
0.56298828
5.59765625
3.67968750
15.80859375
3.03384752
3.18880873
11.22298094
1.38639406
16.03515625
10.84375000
0.55419922
5.41438719
4.54264406
1.01757812
9.57128713
1.07334330
15.50582448
7.67809396
18.71288066
2.99187278
10.66829344
0.76090578
9.87434564
9.35612311
6.82421875
9.79752438
5.43294437
10.20312500
4.87890625
4.45100828
5.76792233
6.67122562
7.99576906
3.61718750
0.73681641
2.86527150
1.63313968
5.44563719
8.66764406
3.25390625
2.41796875
7.10351562
5.10546875
1.07031250
0.59619141
0.14941406
2.85609238
7.63997562
0.79589844
7.53549785
1.37791278
5.92936281
11.79329344
14.31673094
7.92122562
6.68424313
8.40560062
7.48828125
0.07843018
7.93359375
0.77294922
1.34277344
5.91625727
4.88606937
2.20149657
3.18359375
20.55403812
7.47688719
5.41764406
6.26562500
20.50325438
5.44140625
9.65603766
4.60340328
12.50781250
5.72753657
1.79524906
3.33430907
1.42138796
14.11116578
11.76106439
13.06021720
0.11768326
5.20279034
2.00424091
2.08528314
6.62174811
7.12500000
12.40193925
7.20182624
2.55468750
3.22459941
3.11329122
5.01171875
3.16992188
10.94596188
1.57910156
5.19466312
4.22298094
2.59960938
7.76171875
13.72851562
3.83170656
8.89109708
1.83155917
5.05566157
3.14941655
5.75781250
0.03460693
3.34773431
6.64843750
5.93050421
6.89632203
0.69580078
3.49641844
4.26985096
5.10677748
9.88346188
1.41341312
2.01757812
2.30859375
5.73079344
3.44108156
1.37027829
4.77018063
2.94401374
14.91406250
3.27734375
1.13378906
0.12176514
8.80394947
0.71492741
4.56901374
3.51171875
15.32812500
4.26171875
4.32584220
4.09603280
21.54719969
6.36946532
6.10872562
8.90625000
0.27351805
6.59342531
1.82617188
0.90608641
6.48795656
10.15657469
5.08170656
0.30700684
10.28393555
5.72265625
1.22688719
4.11295656
4.22265625
5.36165282
5.67968750
8.74739251
8.56901374
10.43326906
8.44531250
9.82812500
0.58300781
7.86328125
1.48177000
12.36360594
5.39420656
1.43717531
7.63704344
0.22745851
11.28971188
1.81575687
6.89062500
2.37695063
3.77766346
5.77019060
10.45865470
5.04915780
9.03985346
6.81152593
4.48111813
7.81608156
4.36686281
8.73437500
6.28189938
3.62467531
9.14778563
7.16731937
13.57291002
5.10710217
4.50943595
3.65853280
4.77701906
9.91829344
1.82194093
7.34375000
12.83658688
1.37532718
1.62922596
3.65788342
3.31640127
4.64258311
3.34244626
8.42122562
4.27343750
7.50064938
2.08984375
4.73763187
21.16188900
7.10905031
7.33776430
1.86914062
3.22744294
2.04599456
9.21875000
3.11328125
6.84798094
2.30843140
2.95296265
6.90535461
0.38297547
4.85156250
2.58137439
4.12923094
1.82780529
2.57194093
0.59082031
2.13281250
0.21435547
0.46362305
2.78531486
0.00000000
1.94726562
3.21321532
5.29264406
7.51659907
4.89406406
5.37500000
2.26171875
2.79003906
1.66699219
10.54752438
2.70052249
5.73693817
0.82279449
0.86800172
5.81282469
9.24609375
7.45670656
3.13671875
11.90950189
5.29948249
2.96093750
12.88281250
2.91406250
1.18359375
7.67968750
6.16406250
2.82958984
5.61816406
6.41796875
12.80435284
4.60970966
6.05981383
0.31717832
4.91210439
15.51302748
1.52441406
14.60937500
3.03125000
4.75390625
1.06249502
1.88086436
9.11718750
1.68457031
2.09570312
7.81250000
3.15858932
0.12681107
5.31640625
3.05240470
5.37370124
1.79362062
7.17968750
12.17610594
2.71955674
0.78597794
7.68408203
7.90070036
19.55633089
0.04153442
0.39290282
3.60709718
2.69335938
7.93066406
5.77392578
6.28058068
0.11590369
3.49023438
1.53125000
2.00804916
4.95797966
1.15863725
2.99609375
9.32291999
5.08984375
6.10937500
1.95703125
8.00423094
9.86881593
3.48242188
5.49609375
7.34033203
0.96272703
0.88492922
3.11718750
22.57812500
3.72265625
6.34472656
6.37500000
4.12109375
0.10058594
5.64257812
6.41406250
1.37207031
1.60412598
8.42187500
11.28906250
1.08984375
4.16015625
5.81595856
0.31441254
10.20019531
6.66829344
7.91829344
3.87435062
6.84765625
6.07616689
2.64844248
6.01171875
6.26562500
14.00781250
4.08723626
4.09245124
9.82031250
6.77408688
4.19856937
0.80012938
10.58170656
3.59179688
10.84156228
3.34375997
3.13053468
0.79931641
6.96970869
3.18037676
2.32255833
6.90169437
4.32031250
6.00000000
7.56005859
3.62043939
4.39323249
0.96240234
6.72176086
0.16251648
1.27246094
4.68001219
1.94531250
0.79655031
1.73828125
7.00291972
1.90235372
4.65234375
4.23014157
39.85156250
11.50032718
4.53384913
2.00553468
3.75520999
5.84375000
16.88899657
2.67936281
5.62629876
11.39127936
4.32031250
4.79079178
0.27911299
2.48795656
7.92529297
3.22395501
1.42155280
4.39062500
13.44497784
3.26205341
5.09375000
13.36069327
4.43587655
3.37337157
3.63444093
6.68391844
0.98014406
3.10156250
1.01269531
8.14843750
5.52376219
0.88395265
4.17968750
0.37133789
0.57096188
3.92155031
10.71793703
15.12109375
1.24414062
5.02376219
0.82340578
11.27766844
0.14286379
4.83593750
8.58593750
8.40625000
0.00199699
12.98413086
1.83886719
1.18497555
7.61031253
8.05175532
4.66308843
10.53125000
0.91162109
14.00781250
2.56054688
4.45312500
3.85937500
0.03475952
0.24951172
0.18190428
2.59375000
2.20280031
4.87109375
3.03710439
9.26010972
9.22052636
3.14827515
5.21234131
3.49918204
7.01595467
5.19531250
10.76204344
20.73828125
5.55002931
1.64160156
9.58593750
0.78906250
16.25683345
5.83951906
5.15461658
5.45304371
3.99544437
7.84472407
0.64306890
4.63671875
0.46687493
0.14567390
2.94140625
6.64876219
1.42944336
6.89094969
1.38671875
3.85481937
11.55289672
4.22867797
2.68522218
0.97656250
5.36718750
13.60156250
0.45898438
5.53906250
4.92187500
4.73144531
15.07742310
1.89941406
8.62500000
6.78010860
9.72412234
8.04264406
2.66373283
1.76790780
8.14843750
1.95800781
0.80224360
1.00488530
2.44889157
13.84993656
6.28932569
0.08823779
5.58788813
5.99153812
1.71354250
5.38582336
0.45695008
5.35188719
5.38044417
5.33627216
4.26171875
4.45312500
4.23437500
4.59765625
0.06671143
11.21875000
7.49484376
5.30593749
4.91365477
3.25390625
0.26725343
2.46484375
5.31640625
1.00243481
2.51400653
0.39624023
1.59083059
7.29686503
6.16635527
11.46093750
4.64811281
2.43945312
7.40820312
3.43750000
6.94871676
5.94581449
5.56054688
9.34619016
7.18114362
4.47322757
4.34440935
11.03371092
5.60905031
12.56816292
10.26235816
8.87045434
1.87923094
10.01757314
2.11882092
1.97363281
0.06216431
4.03499017
7.72721686
7.87109375
13.57096188
4.69075687
8.95312500
4.35937500
4.72924555
6.35276369
7.45670656
5.41373781
5.85546875
1.78320312
2.48159453
2.04655031
7.67610594
8.98014406
3.16992188
1.79589844
6.62500000
10.59375000
0.48461914
0.04214478
2.55254408
7.33561281
0.57910156
5.50527808
0.25912621
5.38671875
11.83593750
13.34439938
2.45442874
3.24877680
4.40527593
1.41243407
3.35872064
20.79915780
8.01562500
5.96093750
6.48046875
26.23437500
5.02343750
6.48631317
4.23634308
12.47656250
6.42643063
1.17610843
0.67903563
10.53092531
14.03971188
8.53384752
-0.06184065
4.17578125
2.71289062
2.03328118
6.87565436
6.98046875
8.57161126
4.15527593
4.70084718
2.94726562
9.19954344
1.32259032
4.87825687
4.32812500
2.85384032
6.08561281
13.54589096
4.13379654
10.32078458
1.56625886
4.98079344
3.35872562
6.63281250
0.14088865
2.68265622
6.91048094
6.36198249
6.78515625
0.39624023
3.12695312
3.66503159
4.34896498
8.67545656
0.83593750
2.19335938
2.01887938
12.09472407
3.54557624
0.75231684
5.05924313
2.85970467
6.73437500
6.44140625
4.50390625
0.03732300
8.46500111
0.85286500
4.97852061
2.52180907
0.89176515
14.55891844
1.57975343
3.45344471
6.27864251
2.29330341
6.33593750
8.89843750
2.60546875
4.62890625
8.62564938
8.64094969
6.00683843
7.79296875
0.18017578
6.87711547
1.66097047
1.24153563
6.70670656
11.35937500
3.96093750
0.21484375
11.20540282
5.81998781
1.26627438
3.92903812
3.78125000
4.17219969
7.42936281
6.03515625
9.49120346
8.64225842
10.67122562
9.17187500
9.64843750
0.76806641
7.37500000
1.39941406
12.29752438
5.29622562
1.53710938
7.32454344
0.32405516
10.93750000
1.60286624
6.49218750
2.62255361
3.87662345
6.48503435
4.63736813
1.35254155
8.12654290
6.19303718
4.02018063
8.04622562
4.69140625
4.83203125
6.91471188
3.76611328
7.98486328
7.92122562
13.49478502
5.31380873
4.77571033
3.28874279
4.88476562
10.24218750
2.73828125
9.40723537
4.29850842
1.98241689
4.49805186
1.62695312
8.62500000
3.73828125
9.31705563
1.89453125
3.94856937
21.06857300
7.16406250
7.91157532
2.20182126
2.71499862
2.61019669
9.65560062
3.38476562
6.02555297
2.53108765
2.66210938
7.23738586
0.29215516
4.91796875
2.17382314
4.54508422
1.64274545
2.44498781
0.15620848
0.65006593
2.49975337
13.57420878
29.74951296
4.75456560
10.43929078
14.75781250
3.31835938
11.38930630
2.76303745
1.92187500
15.90234375
4.96484375
6.64908688
3.05794437
5.97265625
1.54394531
0.70247313
10.71451906
2.53384254
0.30600121
4.27734375
14.51985594
1.04752687
4.65625000
8.18164062
11.70312500
7.24348626
5.77213874
6.78563830
4.16772095
2.64062500
3.50585938
4.48502438
4.30403812
20.69262526
0.90503099
0.77896969
4.43685062
0.58935547
2.65493878
9.74252216
8.05240470
4.00618905
5.90625000
0.07806396
4.57421875
4.89062500
8.67187500
3.77929688
2.75585938
10.25846188
7.12467531
3.76725343
0.59863281
5.76562500
0.57544577
11.03906250
12.14843750
3.34765127
3.15039561
7.16438719
3.69694093
2.57193595
3.81901374
3.11686281
7.63671875
1.51423198
1.18995013
4.57389406
7.74218750
11.42187500
15.15625000
8.50781250
11.90331782
4.47558843
6.92610594
4.90266844
6.10872562
10.73240692
4.66993683
6.78515625
2.83203125
2.52343750
7.40445922
14.79866578
8.45312500
2.20703125
0.03619385
0.18413632
0.81770999
2.78906250
5.65625000
8.64843750
15.18391844
4.97037843
8.43391844
5.90722407
-0.08479485
8.23079344
5.49332018
8.87207779
7.52734375
2.76171875
2.40966423
8.07861702
6.74609375
0.78271484
4.97900391
3.27148438
13.98437500
0.53320312
4.36002438
13.67545656
1.99772218
4.50781250
4.80533439
8.83040780
2.64648438
2.41438719
1.64127687
0.06665039
5.71484375
17.23128172
5.76964429
0.22059009
0.81656984
3.32226562
2.58203125
8.67252438
8.27831782
1.70540780
3.16406250
2.92902815
3.10449966
10.53483156
11.30891844
7.10123781
2.03417720
5.24707280
2.65039062
13.59016844
4.22265625
4.12109375
0.56510500
16.15364251
45.72005374
3.96419437
2.41406250
1.62564689
9.78385749
6.85905031
14.83638426
2.01530031
11.33593750
8.47298094
24.34212157
6.86263187
2.55273438
9.86718750
2.73242188
1.17871094
5.78580563
4.34310062
2.44759032
5.87858156
4.11006212
9.54687500
0.14624023
4.64453125
4.62532469
1.96207516
12.60840093
4.89062500
9.46875000
2.43782469
6.67155031
3.80664062
1.90625000
8.10513908
4.32259530
2.57226562
6.71093750
1.11132812
9.71223626
6.56120124
0.52636719
1.08251953
6.20655823
10.43326657
7.55313961
3.71354499
22.74218750
1.78515625
3.19335938
4.31282469
7.58951906
8.50781250
6.40266844
1.12044188
3.72200687
10.71093750
6.51562500
5.24674313
7.63216312
4.95425145
3.88428856
4.53515625
5.78841312
5.02343750
6.26724845
5.49447030
7.14485594
0.59586672
2.44268756
1.48992962
5.60546875
13.13626829
8.87935671
6.60937500
0.09613037
2.34212157
3.90201906
11.77310606
2.20670656
11.58430408
5.18522717
7.80468750
0.10400391
3.21240234
2.35896235
0.08378667
14.10384032
8.95898188
2.37760749
7.12890625
1.16699219
15.22721188
4.97200687
18.03839817
3.54167996
13.80468750
2.85384032
2.41373781
4.82031250
8.66829344
2.27766844
5.25390625
3.46630984
3.30257203
8.90625000
2.47460938
6.76692376
3.36393561
4.53971188
4.30859375
5.13517398
3.24682306
5.55761968
10.97004876
4.47916999
8.66601064
6.88053967
2.91992188
13.06250000
9.69302970
1.00032967
14.73354832
9.40349512
16.55045656
1.14941406
2.60742188
2.48664783
5.12663342
10.32031250
1.31054688
15.95930408
5.87305186
4.41471188
1.32715093
7.29687500
3.46679688
1.78613281
6.27734375
2.90558816
7.70704122
2.43326906
5.32844969
1.91764406
7.23046875
0.82080078
1.13574219
7.75000000
5.28906250
9.04199219
5.06314938
2.64388187
1.46386719
13.61588376
16.11653812
4.46484375
2.66601562
7.33738365
4.42824135
4.18782469
3.89615968
3.45117188
2.73828125
8.73437500
9.09375000
4.21434524
6.04514572
11.78613032
7.93261968
0.09872862
17.45670656
4.96093750
8.93570922
0.39974000
7.84439938
4.13997562
7.79296875
5.04296875
10.74218750
4.23046875
2.36914062
0.27099609
3.38801253
1.98112810
8.46516844
16.55045656
4.83984375
5.72428219
15.00325687
16.00423094
2.88444093
0.00275230
10.96050997
16.60677748
2.28352782
10.01139406
1.28320312
1.03808594
3.93554688
1.43457031
3.96093750
1.78222656
4.93359375
0.65429688
0.95182126
-0.08591549
4.67854610
0.99625859
10.51887190
14.03972185
4.71093750
16.12369626
20.41097171
4.32291002
10.19271498
1.10156250
6.22656250
2.55664062
2.76025141
5.65088140
2.30143063
4.19466312
0.92138672
3.26562500
3.54687500
3.46646720
3.88118905
15.01073471
7.66504654
8.78612035
1.94434840
1.21296245
4.36539672
8.02735372
3.05175532
4.57324468
8.64843750
4.41503159
5.10645279
1.42285156
4.73431396
4.21093750
22.49258599
12.26074468
3.60709718
3.60156250
2.65234375
5.73437500
6.96093750
0.31620114
1.02474124
3.55273438
3.33984375
2.66121336
9.93391844
1.07649906
2.37304688
13.64754211
0.59806336
0.18607800
1.77701906
9.54264406
6.73828125
9.35480940
5.79362810
4.83593750
0.04028320
10.53906250
5.90625000
3.55078125
4.43933105
2.76562500
5.18359375
5.30468750
10.57812500
4.44531250
2.11458001
-0.01448235
10.31070922
1.20003297
0.38110352
10.92968750
3.73868649
9.67061527
1.16992188
5.82031250
7.90657469
5.07160877
14.89974623
3.57226562
11.33616357
4.32789893
3.26232910
3.03710938
11.47199690
9.45312500
7.72331560
4.10546875
0.01818848
0.64193653
6.31673094
4.34505873
3.26953125
1.38085938
5.04115803
2.93931072
9.26562500
15.56624266
2.41764406
3.39843750
5.00000000
2.69726562
10.83508301
5.64843750
33.01626441
12.48422387
2.01171875
10.45076323
7.26822751
6.78060062
6.95292430
3.00596880
1.40390846
10.40625000
9.02766844
14.65266844
3.60042484
10.22876358
1.97558594
10.50000000
1.45703125
0.74804688
7.30501219
0.91666750
2.80859375
7.54524657
5.89453125
4.40592531
12.24218750
1.24609375
15.17187500
4.27343750
4.64843750
4.05956782
4.79980718
4.19140625
0.18176270
1.89453125
4.66015625
14.25781250
1.93261719
14.07779034
2.03972185
3.43522218
8.14279795
5.17968750
5.85131836
2.55664062
3.53125000
8.25000000
8.34375000
5.59765625
3.67773438
11.77049244
0.47560131
3.44140625
9.16406250
8.66406250
6.03222656
12.08593750
15.84375000
0.10198975
7.76171875
5.33333001
2.07877936
10.95312500
1.00781250
7.35937500
10.98437500
8.21093750
10.42968750
7.50781250
2.92773438
12.36783688
11.23372562
9.30794188
11.16178468
10.74543440
8.86394060
6.01953125
5.16406250
5.85937500
3.46809564
4.57780031
2.89160405
6.18750000
1.65562469
6.76173370
4.34375000
7.09375000
3.12011719
10.60937500
0.90722656
3.39282227
1.13867188
32.68846909
9.50049576
1.94433594
10.04687500
1.43847158
2.31641123
6.60420709
0.98642674
7.85123781
0.08544922
7.57421875
12.32666016
0.87207031
1.45702627
2.83203623
0.42749023
9.19367908
2.87663342
18.27408688
6.90692330
3.10841090
6.39453125
7.02734375
6.02716147
4.30714760
10.12500000
4.69498781
9.65445922
2.39827515
8.86718750
10.29230940
1.81031083
0.89021665
9.07664241
2.89876717
11.89062500
0.04556274
14.61002438
7.37044437
6.89094969
7.02311281
5.89453125
3.53710938
1.70605469
0.00211525
2.22997424
5.57796764
0.92740968
4.80468750
4.44140625
4.85573138
12.36230718
8.20540282
5.72623781
7.18359375
15.68717282
14.49935062
2.91634032
10.03483156
9.20735594
6.11718750
9.36169184
1.78027593
3.64811281
11.20084220
2.38118905
1.02799438
0.27449586
3.16527012
10.41220301
2.89290282
1.51888187
6.82031250
7.54687500
1.49902344
3.28906250
6.56673094
5.71842531
0.02551270
8.27766844
2.89192376
2.97298592
12.86197252
4.78384254
4.44272495
9.20068484
4.91585328
7.94986813
0.33365968
4.89811281
4.64485594
8.85091063
4.30794437
2.61718750
6.33593750
4.88281250
6.88606688
12.39550532
1.58170905
8.26367188
3.77343750
0.32763672
11.19531250
0.01099396
0.06923888
4.78694703
9.25000000
0.42895508
5.63671875
0.00155354
7.36979001
6.33528812
18.53189938
4.13216312
2.77766844
4.13248781
3.60742188
7.25781250
1.69726562
1.71191406
8.42968750
5.99218750
8.75781250
6.19531250
2.60156250
5.55370845
8.77368164
2.95215093
3.93164062
7.71907469
7.00423094
5.64778812
2.56445312
1.39541605
6.32016012
6.69409180
1.78645750
4.67545656
4.33626219
5.58860353
0.56884766
10.02216178
8.36751717
5.85833740
13.12564938
12.80647953
6.37257272
0.71238821
6.46484375
0.58496094
2.63427734
4.34765625
10.24641844
2.35514406
11.86327128
1.24056903
6.95312500
3.32584718
9.51562500
1.49446282
13.13509281
7.46028812
8.29687500
3.17578125
0.98274657
7.43717531
2.82226562
8.73860594
0.49031492
0.76155765
3.98762938
10.76139406
7.21402704
28.25862921
1.83984375
3.02148438
10.89062500
7.33593750
9.79280142
3.40446420
0.81705688
0.17281129
6.11328125
6.43521720
6.54134530
0.89599609
2.93845787
5.54542885
3.66015625
6.19921875
3.57617188
11.92187500
0.50634766
1.85384032
0.96061281
8.56835688
9.90136968
4.47086547
0.95686890
5.36718750
0.03726196
0.67871094
4.32454344
3.63444093
18.97672485
21.75031472
3.31788231
12.67187500
8.24039672
7.48225953
2.36132812
10.21939938
4.07356937
4.37344526
0.43221880
4.75390625
5.43001219
4.85937500
15.19478607
4.03092531
2.09407469
2.45084718
23.00501774
0.11021663
2.39062500
6.39062500
1.49251219
9.32389406
4.11751219
17.10424867
7.82120789
2.47460938
5.87483392
6.65495124
3.88183594
6.92120361
4.04687500
7.79296875
0.12817383
8.32812500
1.02636719
3.71744626
1.45540531
9.84375000
2.12109375
16.85579344
3.91015625
6.71875000
4.41796875
7.15201906
4.48046875
5.21093750
8.52864002
7.89811779
8.46093750
0.64334708
5.13118905
3.87727782
4.27863649
5.01953125
5.26204344
0.38785766
0.13842898
2.80078125
5.12515238
4.00570700
3.22265625
4.49087379
7.86589816
0.76708984
3.80745360
8.62272218
3.99348626
4.93229499
7.30859375
6.42968750
1.35644531
8.55110594
3.73405031
6.21093750
2.26790282
1.91373781
3.62304688
13.27766844
0.44156984
12.29718972
3.67937278
3.20703125
5.75764143
18.17481216
0.78971437
6.38671875
7.12955563
1.30989749
4.00000000
12.39088367
0.00000000
12.09195922
6.73412899
0.53523991
12.76432126
26.66178219
2.02799811
9.35156250
9.71321532
2.66471188
3.07715093
3.95703125
10.53189938
2.20833499
2.29296875
18.37500000
3.01562500
8.98811392
0.89290780
4.71663453
1.84667969
0.36254883
9.16406250
2.36572016
3.04248171
8.30297976
1.33203125
1.87695312
5.03906250
8.06997784
1.68588153
9.87106323
2.40282954
10.03418218
1.60449219
6.24609375
1.48526104
3.48861591
4.91992188
3.32421875
6.17578125
2.18164062
3.33984375
11.09439938
1.27669437
8.03125000
0.15356445
7.04329344
0.42613641
8.07031250
6.91015625
4.76497064
3.95182624
9.08593750
13.27343750
7.52734375
3.50813719
1.66959718
11.53906250
4.92382314
7.20117686
9.38833223
4.28744902
5.82844969
6.39811281
10.68750000
14.27766844
3.53483156
6.18750000
6.80208001
-0.04866204
7.42610594
5.68212392
2.27897717
3.48828125
4.87304189
8.91211436
10.51562500
5.31640625
8.25650377
9.70475842
3.90787843
14.95312500
0.25781250
2.35351562
6.94921875
0.70784422
2.69889406
3.82617188
1.03027344
4.94921875
5.06086658
9.31836436
3.65820312
2.53906250
4.12076906
5.22656250
18.96582031
5.63061267
0.35311045
0.80045656
3.75976562
3.56640625
9.38704344
10.29394282
1.24381843
2.76953125
4.43196282
9.35807624
11.26204344
7.99576906
2.05468750
4.14093852
3.31640625
2.97265625
2.05826657
1.11556156
18.38117908
45.15462655
6.21419437
1.81347656
9.18814938
2.00130374
5.90738766
7.71419437
15.33260008
2.47819093
10.30468750
8.65625000
25.46614251
5.70963874
1.93750000
11.32812500
1.86718750
1.22949219
5.47932735
5.04020390
2.16015625
6.89062500
0.62969006
3.06575687
4.75423094
2.91145999
6.08203125
4.65625000
4.37174313
12.98763187
5.05468750
9.39843750
2.80859375
7.10156250
3.22265625
1.53417969
8.39062002
3.27148936
2.59179688
6.87109375
1.15136719
9.24425865
7.00574135
0.59912109
0.86816406
6.30519867
12.62695063
5.13508180
4.08138187
5.99218750
1.61035156
2.97477172
5.84554078
8.00000000
8.15625000
5.49609375
1.15816129
0.23466097
11.27343750
5.26171875
4.65785643
4.25358156
8.86718750
7.15625000
9.39843750
3.71842282
3.15560062
8.28548094
1.84440187
5.47265625
2.13313719
4.99251219
3.67513187
1.05078125
1.71057129
1.08789062
5.54687500
7.12890625
2.61718750
5.56640625
6.23437500
7.93359375
0.61376953
2.55234573
2.20217087
5.25520501
7.72721437
7.07454344
2.61784186
8.57031250
1.42968750
13.95149158
3.88835217
12.84487894
4.41586325
12.82812500
2.89876219
3.77506593
9.36637204
5.43326906
4.50992797
1.52588015
5.28515625
5.50000000
1.08691406
6.46907469
6.91535129
7.02963652
1.85644531
6.81282469
2.49772218
5.87890625
1.04101562
0.72509766
7.69140625
5.90625000
5.82063719
2.92155031
1.33886719
13.76594969
2.49967531
10.85156250
0.28706785
3.31445312
2.64420656
5.61718750
2.24023438
2.37304688
6.71875000
5.54508422
2.85204954
6.13866689
3.66927748
14.25000000
0.04171753
3.00976562
5.60156250
11.59621569
12.43326906
4.01562500
3.02929688
7.27376219
0.79117922
3.82617188
1.15429688
0.00224686
10.23744202
12.35156250
1.96712157
9.84554078
1.27620484
0.81445312
0.66927000
0.95573000
3.76757812
6.65625000
6.49218750
3.60741689
0.24561045
1.18961422
11.92513187
5.02734375
16.07486813
19.70223148
5.47851064
1.97852061
2.77734375
8.50000000
0.89599609
2.33121579
6.51875980
2.63867188
3.93554688
1.10058594
2.58398438
3.64843750
1.92838126
4.58040780
13.40022330
2.39697639
2.74381593
9.01562500
5.57615692
4.44728058
0.89941406
3.94415283
4.17187500
20.32904229
12.31543218
3.70280031
3.55305907
2.22819093
6.11328125
7.06640625
0.39037837
0.83691655
2.68164062
2.15445922
1.46622680
6.74576906
5.01171875
5.88037109
2.59570312
6.13996565
2.86003435
6.04687500
6.08203125
8.70735594
6.21061281
3.23013908
0.09993905
10.52343750
3.83203125
12.28548094
3.68855711
8.49483402
1.19726562
6.19531250
6.91406250
5.80223737
15.40479388
3.68554688
11.08437279
4.91953346
3.13903809
3.23437500
5.02734375
4.30078125
6.35156250
1.35741938
10.66520390
3.65413453
0.04879761
0.90374008
5.27051529
11.22390352
6.30046653
1.96159186
3.25781250
0.78759766
6.06438388
4.76764737
9.09375000
5.06250000
4.07031250
4.60084534
2.94726562
35.20132425
12.07243794
1.35123781
9.76757288
6.88281001
11.94824468
1.14941406
4.41796875
6.26171875
1.15332031
2.70898438
9.75394505
5.23042995
7.59764099
5.26953125
5.58593750
7.76985594
8.54280142
2.01937389
6.86932821
1.84973122
7.90201906
14.55468750
2.41601562
6.74641844
3.09342531
11.33788564
6.63867686
3.97947973
13.78809840
0.26977539
3.76953125
6.68750000
4.36718750
0.41845703
0.77783203
1.58789062
0.73681641
0.64941406
13.20084220
2.74251717
7.31640625
6.68582344
5.47656250
5.79443359
5.02343750
5.36328125
4.70703125
14.46875000
6.72688719
1.05351331
3.24382092
6.57844969
6.92545656
5.18359375
4.35156250
5.46174424
0.59782607
12.48079344
5.87858156
1.86621094
5.17187500
9.82226562
2.06054688
11.58235594
10.51139406
9.93001219
9.42289308
8.72996676
10.03207668
6.37858156
5.54687500
5.25943595
3.21289062
2.99837655
6.83984375
2.06983604
7.99464760
4.37500000
6.92187500
2.56445312
4.18750000
4.25781250
1.77343750
2.51019287
0.97070312
31.44351674
8.74349498
1.28613281
11.25000000
1.57942002
2.02653701
3.88594437
9.13432826
2.75097905
16.85221188
9.73860843
7.47656250
4.60969969
0.41373781
2.85253657
2.36621343
5.51620308
8.56348404
10.51896055
6.86385195
5.67968750
15.30891346
8.53125000
1.25293467
5.58951906
8.93750000
4.94726562
9.88153927
1.55989749
4.32421875
11.64550532
2.15332280
1.04463653
0.28666230
2.79995457
9.53272606
1.99967531
5.59733156
4.27343750
1.42480469
2.77539062
3.69921875
7.19140625
6.99820922
0.09627320
2.47753657
3.82909907
3.01758311
12.09992908
4.40560311
4.15006095
11.06318063
1.82942874
5.94531250
6.91015625
3.63012633
0.10510316
6.42968750
5.27343750
2.75032469
3.48632812
2.02115968
4.82812500
4.28125000
7.99365234
14.58365470
2.47689217
8.08104721
7.30567154
23.77734375
9.27343750
0.99450684
0.44140625
12.06250000
0.00695038
1.43211644
1.10645777
2.43684813
8.17838625
2.52539062
5.02734375
7.23437500
7.63801751
5.05338874
1.62402344
1.33222390
1.76758809
4.84765625
1.11425781
3.58756593
4.65625000
6.00891113
0.71386719
8.59952633
7.43978031
6.04123901
12.75016235
6.78092531
6.94140625
2.72851562
1.15478516
6.71875000
8.89062500
0.55476805
0.65104250
4.66243407
11.95670656
6.67195368
27.33650820
8.64778812
5.80143063
1.06868656
5.64843750
0.18188477
0.56738281
4.00781250
2.62792969
9.64391052
0.33297000
2.60514406
4.50781250
2.99023438
3.02148438
1.69628906
2.91406250
3.14518063
2.03189440
4.76628435
4.82096188
4.75325687
16.01219603
5.67936281
3.23242188
11.14843750
3.18359375
2.25781250
0.72998047
0.55224609
2.86230220
3.81543218
2.33300532
8.62402593
3.78906250
4.24829102
7.81250000
6.76171875
0.10144043
8.24218750
0.65527344
4.37174313
1.82942874
10.72656250
1.91894531
17.10937500
6.19531250
7.76562500
4.34375000
8.20312500
8.11718750
5.77734375
6.99706533
8.65552256
3.87923094
5.40404848
3.81250000
5.59439938
0.42057375
0.07963136
2.92968750
4.64061503
3.67969747
3.79296875
5.68781472
7.34841012
1.31347656
4.58723875
7.52799562
3.00846188
5.40169437
7.33203125
6.54687500
1.35644531
9.31673094
3.80045656
6.00781250
2.31087157
1.50846437
3.90039062
12.74641844
0.52262453
14.01976231
3.15797207
3.50000000
5.78921986
18.15055795
0.91862062
6.69921875
7.15657469
1.06803468
3.26367188
15.34962640
0.36067376
0.99577155
9.25781250
7.59580443
16.56429078
11.80468750
3.67805907
9.24576906
0.06597900
2.01171875
4.59146720
1.67611092
1.48535156
2.23876953
1.57324219
0.00353050
1.59082031
13.93391844
2.28873781
17.09215208
2.94547609
11.70703125
7.14453125
8.85937500
3.75390625
0.00129414
12.89062500
3.77929688
0.00662994
1.12756348
2.77148438
5.72265625
0.45190430
4.69352172
3.09944703
1.03320312
4.78367645
7.98839275
1.20107533
14.61718750
0.19458008
0.62841797
5.22265625
4.16503657
3.35644780
4.58203125
3.39062002
4.94368905
4.36328125
1.00553468
3.10742188
9.72656250
3.67219969
3.07389406
6.12500000
8.89062500
3.98632812
0.27954102
8.65625000
6.84330231
2.14822585
44.10692156
2.27343750
5.43750000
1.45800781
1.91796875
2.07031250
4.35156250
3.42382812
2.77539062
8.81250000
0.08795166
8.85579344
7.80436281
0.95361328
1.16308594
7.67187500
0.98079344
7.81217531
4.71093750
5.41438719
6.35514406
5.17187500
0.46997070
3.15234375
4.92871094
0.46801758
18.04329344
2.07194093
5.81640625
20.64387938
8.19108156
0.05612183
20.26692625
2.77311281
4.84765625
4.16015625
0.01519775
6.87489319
5.77516678
0.84246250
5.00163342
0.16174316
5.47842760
13.35482435
5.83203125
5.69531250
1.59375000
11.35937500
3.31835938
2.39453125
2.84960938
6.40625000
1.16210938
6.03548094
2.13639406
6.01204344
13.73176751
6.70524172
13.92057624
5.64453125
10.45735594
5.67187500
1.02701906
3.30468750
6.52639956
1.79818373
14.63346188
1.35677249
6.74609375
1.66243407
1.79231688
5.99544437
4.92578125
3.71744626
0.16731937
0.64160156
0.07098389
5.15103502
7.37240248
5.69921875
4.83054565
1.21858765
13.98860594
15.35022386
2.27054520
8.84952571
0.74031804
3.92594360
28.95572252
8.85124404
8.90136719
4.11979001
9.35872562
3.36132812
5.00390625
0.00279045
7.82031250
0.38574219
7.66829344
8.43326906
5.40234375
3.53710938
6.25600677
9.87094636
6.55859375
1.42968750
3.40625000
1.85253906
15.72298094
10.05045656
3.61425532
1.97558843
6.36718750
5.04687500
0.02078247
1.77539062
5.46742425
6.98307624
11.64843750
4.46484375
4.02750610
0.71028687
5.82877438
3.15364749
3.02539062
0.00270653
12.75764392
3.85319592
3.83479361
5.88362921
3.02701906
1.84830812
8.44732666
0.66699219
3.68359375
18.68521720
1.19368905
4.79719969
8.52538564
2.94108654
11.57633422
0.35017945
3.04687500
6.69563719
10.52668440
11.62533466
9.64127438
3.92903812
5.90234375
7.17968750
0.01879883
4.69921875
6.57812500
3.57617188
1.51757812
6.00636717
0.28222656
2.17936281
1.82405267
9.94218269
14.86360594
9.99141511
5.50728363
1.26855469
10.32454344
1.39908937
3.73958001
3.24088874
2.92578125
4.60937500
1.67318268
13.61826019
0.91503906
1.97558594
15.82877189
3.84212655
9.87011719
2.78320312
0.23876953
7.37109375
1.04357162
5.50098404
5.40625000
4.82486688
0.75374640
1.01805291
11.93542730
2.93131593
6.78906250
12.81673094
9.23795656
4.25390625
1.36621094
1.01708735
3.88965093
2.42382812
6.17675532
12.92492925
9.25000000
6.21093750
5.92187500
6.61490221
0.09945326
3.49491970
2.48177249
1.20654048
3.42090093
1.91992188
4.01536902
6.93384973
9.82812500
1.95703125
4.04296377
4.22004876
3.64062002
5.55762965
1.62174562
10.92758179
0.31835938
15.00000000
1.29101562
11.04617429
1.04394531
0.25100321
0.48877078
12.06868407
0.98795656
3.47070312
1.84667969
12.14843750
6.04296875
2.42968750
6.83203125
8.72985840
2.45865470
2.66243905
6.90946286
4.72981937
11.72298094
8.87076906
6.82031250
1.35156250
0.41699219
10.40625000
0.04602051
1.56933594
8.00162345
2.74447030
3.15234375
10.68750000
0.00844574
2.21987769
2.79460715
2.71256593
5.61328125
5.52408688
5.53450687
0.14807129
12.25032469
8.80997804
3.77539062
3.81445312
1.48242188
16.21614251
3.02604499
0.09261748
4.57780031
4.92610594
3.47623781
1.04785156
7.12500000
4.67822141
4.49755984
3.38085938
6.30501219
3.09732159
7.40332031
12.34766622
9.96093750
3.90527095
8.06146489
1.72102532
1.78581061
6.31250000
5.88281250
2.83203125
0.33447266
1.63101300
4.85612810
3.49772218
7.99609375
5.78942196
7.56185062
3.55859375
13.12518311
1.71082558
0.14430748
0.43082516
2.86849124
9.00412750
8.21875000
6.34407469
3.37272218
16.03480031
1.48047373
2.31835938
5.05110594
1.54948000
2.54002660
4.02247340
11.21875000
0.00696564
2.18945312
4.49218750
1.96142329
4.94824468
5.53548094
1.89811281
7.44921875
12.82433833
3.07129155
1.15483611
0.32503421
2.26229816
3.44923869
8.77831782
5.13940253
0.08746338
7.23046875
0.78955078
13.25064938
1.20312500
1.87369875
6.09733156
3.70507812
5.41080563
10.29051883
2.90820312
12.51074219
3.56689453
8.77254211
0.29630555
2.58007812
4.80939800
4.18636857
2.63541501
2.84095278
6.29296875
1.03125000
3.22025543
0.88993005
3.72135749
5.01269033
7.19727061
0.41739867
0.84863157
4.45638187
3.71629489
11.05225482
6.62305186
3.32739258
3.01171875
3.39956657
6.00910988
11.66603058
0.21680539
0.70247562
4.69921875
0.25683594
3.72265625
3.61555907
1.35221437
1.59212157
4.43326906
10.98681516
0.37109500
7.91218992
4.07259032
8.40169437
0.06679916
5.54687500
2.03515625
5.63346188
0.68685062
7.53906250
1.61914062
3.25781250
2.79752438
4.90657469
2.15527593
4.99609375
24.43188165
0.59902059
7.15893617
5.17187500
19.65445922
4.50179078
2.85644282
4.21056880
5.63477061
4.82681129
6.49936059
0.59228516
9.21093750
2.65234375
4.31250000
13.79230940
6.08659685
10.37141844
6.40201906
2.59375000
6.38671875
1.69791501
2.05403812
6.17578125
8.67512190
7.96550310
2.57031250
0.95117188
6.43001219
2.88020003
4.51595966
0.40869141
15.28613032
2.11620845
1.24219248
3.96484375
1.82388035
1.12615137
3.10253657
3.37565436
3.18846909
3.05371841
7.99218750
0.00875854
5.72721188
7.98372562
2.39888177
2.97786624
4.75716312
6.45117188
5.81640625
4.64453125
3.75000000
4.41796875
4.26301751
2.09245124
4.11718750
13.74218750
0.65661621
0.87353516
1.39453125
0.10644531
0.26635742
6.11328125
5.00763520
8.95137720
7.01660405
11.35758422
0.35416625
4.91764406
0.03417969
7.30875587
1.62402344
5.17187500
7.30468750
2.84960938
2.71679688
0.28122799
2.70442874
0.89892578
3.14485594
4.08951906
6.25390625
5.93750000
9.64062500
1.93277953
11.15022828
0.01853943
3.82421875
6.44531250
8.70637190
8.30925310
4.30319898
2.96144946
6.53125000
5.03125000
3.21289062
0.43334961
2.36328125
6.96484375
4.79296875
0.04235840
15.72558345
12.82274540
6.32812500
3.18977782
4.73372562
2.81054688
12.73437500
19.07454344
4.23014406
3.53906250
5.62109375
5.30468750
15.09179688
2.09049313
1.66829593
11.50000000
4.56640625
5.16406250
1.02929688
10.89127438
1.97591312
3.95703125
11.86856079
1.62402344
19.35546875
3.44140625
11.29461479
5.85156250
6.95914672
2.61299889
12.56315312
5.17968750
2.57617188
2.87890625
11.32031250
5.20312500
0.03067017
4.51562500
8.84375000
0.13769531
6.06965814
2.13932624
14.36718750
3.33398438
8.16861813
31.76912352
13.53483156
8.82747562
1.97656250
2.67382812
8.36718750
0.14001465
6.93814938
3.05794437
4.55468750
7.41177970
7.58040780
1.90722656
6.46215758
5.94701463
4.08301529
2.89648438
6.18749003
0.65235372
6.62438965
0.56835938
24.89192625
9.02039675
2.57031250
10.00000000
9.54687500
4.21093750
7.60155752
2.23828623
8.05012689
8.41276374
9.97786126
0.67838874
12.52732880
4.63868683
0.00259590
4.65234375
5.44758533
5.77507092
3.45864972
0.89193622
1.72851562
6.18391844
3.89713376
3.82649657
3.10068622
12.49218750
9.26562500
2.88867188
5.63215315
4.85645279
1.89094969
1.18833787
2.25390625
0.61669922
1.69726562
2.79133533
5.72428967
6.41438719
4.39019101
17.98730718
1.57128906
6.22458267
12.16048094
9.20865968
3.53906250
12.20312500
7.74218750
4.64485594
5.55737367
7.84855164
4.21093750
6.97298094
14.48600343
6.08333001
3.14518561
2.96093750
5.75781250
0.86258926
8.62777482
5.23046875
9.45976830
2.79265403
9.98079344
2.24202391
7.24544437
1.21191406
16.98079344
31.61889150
17.75358654
0.72135251
2.57747562
6.23437500
15.42057250
1.44026734
1.90039062
4.89843750
0.54530760
0.22566649
1.47395999
7.98046875
1.41015625
4.85937500
7.09016844
5.87890625
12.50976064
11.13444592
14.00455563
7.02311281
4.97623781
12.83417988
17.08754393
1.61294908
1.93262466
12.45312500
0.52246094
1.07812500
7.81640625
2.13687985
5.67513187
9.00976562
3.05664062
5.48046875
2.37304688
0.05041504
1.52539062
1.21777344
4.18424064
6.63118905
1.37695312
1.86913564
5.16992686
1.92773438
1.65527344
1.81754516
7.06038453
0.84159176
10.38704344
2.36393063
1.22591561
8.32812500
4.85937500
6.57275266
2.25927859
2.42773438
0.70703125
9.64062500
5.18750000
2.37206782
7.67090093
6.47656250
4.48079344
1.98209718
5.44531250
2.24218750
2.03320312
4.29296875
0.08715820
1.17675781
0.78010985
0.45328859
11.21875000
9.79394282
1.07910405
7.89842753
11.04297872
0.10278320
9.10156250
10.81250000
0.09802246
5.18359375
3.83789062
0.00318146
7.37531472
6.44890403
32.15582275
5.43766110
28.05826906
4.57780031
1.28332520
1.47265625
7.61328125
12.20996094
3.74218750
6.40234375
2.54036126
6.03385749
6.06867908
4.16178967
3.60122286
3.91635527
19.76562500
5.82812500
0.01184273
0.02352905
12.98437500
7.76171875
4.87890625
2.50707759
0.36067376
0.99577155
7.09375000
7.66151047
16.76562500
11.65625000
3.28320312
4.75000000
4.12759752
1.37240248
1.93261719
4.91210938
1.73437500
0.00243759
1.80859375
13.73681516
2.36474734
17.17904663
2.98094706
9.69487477
2.23677582
13.57812500
0.28222656
0.96630859
4.98437500
5.12988032
3.70019780
3.40429688
2.95670158
4.67806405
4.71939938
1.09993656
3.24641844
10.37858156
5.29329344
2.89420656
5.57812500
8.73860594
3.67350343
0.30957031
8.07812500
6.79207336
2.03506511
3.31250997
11.27343750
0.94384766
5.52734375
3.72265625
1.25488281
3.75911126
4.20573249
7.06250000
0.84228516
1.46289062
2.75781250
1.49804688
4.28872784
42.22905290
1.63737062
5.22656250
2.50976562
1.91503906
1.93261719
4.12141844
3.58170656
4.84765625
3.50000000
8.25781250
1.02164547
6.74153812
4.53515625
5.36328125
5.60546875
5.61718750
0.45076414
3.21712157
3.76985843
0.39379883
18.40462157
2.39030031
5.85367797
20.31624390
8.03906250
0.06732178
20.29036375
2.68717531
5.02734375
4.01562500
0.01523590
7.03823280
5.55468750
1.97427970
13.23470467
6.03125000
5.77734375
1.67675781
2.60156250
2.53710938
5.09407469
2.52701906
7.33593750
0.86767578
7.07096188
2.26692874
6.11328125
12.21012079
7.06070922
14.58463874
5.82031250
9.71875000
5.21516844
0.89615968
3.26367188
6.89350958
2.07357435
13.53906250
1.59667969
6.63671875
1.90364500
1.87337157
5.63606937
4.61718750
3.88810118
0.16683047
0.60986328
0.06512451
5.10416002
7.55208998
5.88281250
5.05228637
1.31136109
13.78548094
15.33459886
2.01273270
8.44160794
0.65702488
3.92203735
28.75406361
8.73838879
8.73339844
4.75846188
5.69856937
4.40234375
0.00339890
7.94531250
0.48681641
6.90234375
9.24218750
6.08593750
3.71679688
6.62205287
10.05600620
6.08170656
1.50000000
3.73437500
1.96516844
11.42545656
7.07812500
5.53189938
2.18880374
6.57812500
9.14843750
0.03396606
2.25000000
5.21154536
7.07715093
11.54101562
4.29296875
3.81445312
0.50830078
5.87174313
2.26106937
2.78906250
0.00260925
12.73860096
3.74382092
3.61262689
8.51432624
8.67610594
1.31412843
6.55859375
12.58691157
9.00293218
0.29614258
5.01562500
14.92187500
1.11132812
2.49251219
4.48405031
2.65820312
5.01171875
0.13972899
2.67350343
0.51416016
6.09765625
0.93968979
5.60254654
6.05078125
4.74708733
0.79362311
1.01562251
8.01855718
0.31526610
2.89030031
5.82031250
16.17187500
9.17968750
2.19140625
0.85400391
1.64290032
4.17838874
2.36914062
5.63346188
10.11035156
5.83919437
6.65625000
5.33984375
8.10156250
6.04280142
0.13395639
3.49880732
3.36426030
4.41926751
3.70019780
2.29069093
5.05531943
6.27768838
9.46516844
2.76757812
3.53645501
5.80143063
4.06640127
5.66374778
1.46679688
10.06188965
0.22558594
9.46875000
2.44216442
12.10823360
7.45182499
3.96484375
6.30468750
1.65917969
9.28906250
10.69140127
2.45117686
0.09228750
4.60514406
3.80598626
3.79378546
1.83968140
5.48046875
5.21711658
1.86686779
4.05859375
6.35579344
3.82973848
8.54622562
3.98308621
10.68750000
6.70703125
12.61100094
1.33984375
3.25195312
5.69075687
7.66406250
3.78426086
0.28234801
1.50617659
5.60645279
3.23567874
7.20312500
6.50663508
8.39355718
3.53710938
14.01062012
2.03710938
0.11065674
0.26350828
3.03483156
8.81920286
2.02506593
2.84375000
2.43750000
6.46604919
7.11328125
1.61559864
0.24186281
0.99750622
3.26986591
10.08788564
4.85441611
0.06872559
6.94140625
0.98144531
12.30468750
0.61376953
1.74251219
6.08170656
3.61328125
5.01041501
14.44075687
3.26953125
12.53727172
3.58626344
8.14754211
0.29239930
2.55273438
5.13181819
4.57780031
8.12435062
1.53613281
7.77197141
0.76513796
7.99218750
0.82958984
3.77343750
1.92024657
5.30436281
0.76383297
2.41731937
6.19531250
4.21614251
4.35026374
0.43945312
1.29632566
1.92514184
5.20312500
18.46875000
4.24609375
2.10416501
4.02555172
5.33463874
4.97297097
6.52702903
0.58300781
10.26562500
2.72656250
3.12695312
12.22622784
6.68002216
10.31250000
5.26562500
2.42968750
6.61718750
1.53873532
2.81770999
5.85546875
8.80939551
2.49659075
4.86588874
5.80859375
5.56640625
5.47656250
3.37304688
4.07421875
4.92708001
1.35709968
4.53515625
12.75455563
0.79524906
1.01562500
2.03710938
0.18139648
0.16040039
6.01985594
5.06606661
8.67812405
9.45670656
1.52701906
9.11219215
2.15462157
1.70182375
5.27734375
3.16796875
1.08300781
0.14796873
3.16178468
1.00878906
3.46484375
4.27343750
5.55468750
6.56054688
9.42968750
1.59472656
7.99218750
7.17968750
9.48762190
9.30144060
2.75602047
5.50325687
5.15625000
2.33203125
0.93554688
2.91015625
7.14453125
4.73046875
0.05044556
16.39550532
11.87988530
5.25781250
2.77148438
2.13867188
9.37500000
9.45312500
12.69173094
7.72265625
1.98795656
1.45735594
22.75813719
9.57747562
3.89062500
5.49218750
6.73046875
4.13411126
7.08463874
4.33203125
6.82568359
0.39453125
22.00813719
1.95865968
13.12590095
7.30826906
2.00195312
1.77634518
13.41585453
3.66601562
4.09765625
7.04361813
10.49935062
4.96875000
7.52213376
6.44856937
4.86328125
4.23185055
33.66634032
12.89778812
6.44108156
1.57910156
2.65820312
7.99782303
0.12595627
7.26236813
3.36653812
4.38281250
9.92309010
5.74683178
9.91406250
6.30435284
1.18002216
4.78594971
0.33178711
28.22981688
8.54813722
2.50585938
9.06933594
9.59375000
4.07421875
7.24608877
2.44531748
6.20897939
8.46680186
9.59341534
1.54135028
1.94824219
8.88541002
6.40755873
4.54881816
1.66602559
3.10156250
6.69954344
6.39273050
5.25928856
2.71002653
4.73015403
2.96576045
12.83593750
9.44954344
3.15592531
5.40624003
4.26954122
2.26594720
0.92657676
2.04296875
0.66503906
1.86002438
2.71874502
5.99740248
6.12109375
3.56540768
17.46907718
1.72265625
6.42427536
10.93766359
3.52734375
8.09375000
7.25390625
7.17887079
2.44417608
8.17968750
3.47460938
8.42431516
14.53466921
8.13899158
3.23796154
3.85937500
4.33593750
1.22278999
8.56397606
6.35156250
7.94073693
1.53191932
7.30354610
1.04272586
1.87532469
3.60481937
8.02343750
18.42219969
10.16829344
4.40169437
16.04578590
0.70865470
1.80892342
15.09375000
0.54817625
1.15397218
7.40625000
2.02376219
8.13639406
9.00194814
5.92773936
1.03515625
2.41662567
8.52901153
8.69954344
2.26301751
0.92187998
5.26171875
6.38313719
2.95280031
3.15820312
0.19445801
9.55891844
4.53483156
1.72330563
7.17936281
7.36686281
5.55533688
1.99544437
5.59407469
3.48795656
2.28906250
4.32812500
0.05511475
1.19042969
0.84651610
0.36173586
11.83593750
9.82584220
2.37142342
3.19856688
9.51204344
1.95800781
7.82747562
6.37890625
0.42065430
3.78125000
5.56640625
0.00301933
8.40625000
8.60937500
4.20312500
1.47558594
9.07259032
3.96842531
3.72460938
3.28515625
13.52343750
4.48437500
5.24218750
1.78319814
6.63477061
6.44855940
4.36394060
3.68716036
4.65496121
1.66243407
3.71419437
15.46093750
7.08203125
5.26953125
1.38411375
0.04508422
39.38703347
15.39210106
11.67708001
12.17057624
5.96875000
16.88735816
1.92204233
2.28239638
4.25390625
8.89485594
10.14485594
7.44629031
3.91585328
11.14485594
7.55045656
6.59375000
2.56998283
3.74056405
0.30419922
1.57980904
65.58284173
5.88412123
13.74468701
15.65461658
12.97526374
1.89355718
5.31185062
2.79817376
1.38932624
3.71093750
10.62500000
3.57812500
8.18750000
7.56673094
10.89062500
2.74381593
9.96875000
9.14843750
4.74218750
4.04296875
2.76757812
9.73860594
4.69144528
4.91731937
5.65429189
1.45475842
10.89062500
13.21549313
6.05257203
0.81836062
4.30078125
8.72477172
2.14632203
6.86596680
2.86751219
0.97916750
11.13736813
3.19856937
4.40657469
2.32975343
3.40625000
1.40039062
7.46093750
1.29599850
7.12467531
1.44010500
13.89843750
7.87109375
0.08996582
4.05078125
8.75423094
4.29264406
3.52734375
5.72658481
0.01299312
0.72399933
8.53185360
-0.06192868
7.48674774
5.88313719
7.04329344
5.22557846
15.06917982
11.75146734
9.29687500
7.83105469
4.37107880
0.01856964
2.36328125
2.46712157
1.38248781
14.91406250
2.91992188
1.31933594
12.80728502
1.02376967
6.05110594
5.63639406
2.87890625
10.59504876
3.12760749
8.09375000
6.58984375
11.96875000
4.57250977
25.55625916
11.64485594
4.57780031
15.16906583
1.14375637
3.12565436
12.98046875
3.54492188
2.46679688
4.12109375
11.46516844
0.31852297
3.55859375
3.47656250
1.59326172
5.60676751
6.80761968
1.27311281
12.86067376
4.73404034
3.52637965
3.18945312
7.68750000
0.04843140
7.50781250
7.26985594
1.22330812
8.00650876
8.86653812
3.62337157
2.03483156
4.52327391
14.35123781
42.30745235
7.81461547
1.87793218
3.78906250
8.83300532
8.38737062
12.23014406
3.26920656
0.90332031
7.54557126
6.64388187
8.03125000
2.79166501
2.82552249
8.69531250
5.66829344
11.75747490
4.35514406
11.13215253
0.22795489
2.72851562
2.34325923
3.47623781
10.13997562
1.02050781
5.87923094
14.28580812
4.33300034
4.32910904
1.66113281
4.56964817
1.61394558
5.94531250
4.72656250
2.00000000
13.42512190
2.51628435
0.80712891
6.16306849
2.56740026
4.00829829
5.59700687
7.64811281
11.42039894
5.92090965
7.38671875
1.31054688
8.64843750
12.90033913
11.55598626
2.31315436
1.14737790
6.26497562
6.60579344
0.05472902
10.67187500
0.19759032
2.02115968
3.22818097
7.19564716
16.94676862
0.37842669
12.47721188
9.06107194
4.96093750
7.28125000
0.06878662
0.89746094
9.49023438
3.09960938
11.08300532
0.79492437
6.72070312
12.10221188
2.22867922
10.99243164
4.46842531
7.50000000
10.90266844
1.85514406
4.05468750
25.21079923
17.36474236
3.87111369
5.78906250
4.05078125
3.92773438
0.67578125
6.32812500
16.18750000
1.36425781
0.01832321
4.15133164
7.00000000
5.92968750
6.60579344
7.09342531
2.46777344
2.66796875
4.07031250
7.27395529
0.24850565
7.23046875
14.72786375
16.41750361
2.93112920
14.22233156
3.88281250
1.66796875
3.83821532
16.95170168
0.47574454
2.08072252
3.63640403
10.06314938
8.93685062
10.10156250
2.34179688
8.74218750
1.95117188
7.76985594
4.18341645
5.12875886
5.24251219
3.41284180
3.01594969
2.06966312
4.34798094
20.90430788
6.60674990
2.90266844
8.36588874
13.82031250
9.86783688
6.94856937
4.85156250
6.52734375
0.73144531
12.63281250
4.38085439
1.25391123
7.42578125
3.91015625
6.39127438
3.96028812
0.52864376
0.48014531
2.21289062
3.93945312
6.05395508
5.22867797
11.67460082
5.89030031
2.14062500
17.48079344
4.82259032
16.32364992
5.00032469
14.96028812
3.10742188
6.89941406
3.27343750
5.66796875
9.23067137
2.99576906
2.21688843
8.29687500
4.82812500
7.75423094
0.51530031
1.81509752
5.53060062
8.37305186
9.92753629
1.87715121
3.71097186
5.07310528
3.43131593
12.19352172
0.58577515
3.20735594
0.59277344
3.67155031
3.70312500
7.75390625
11.57710743
4.31314938
5.69856937
2.65039062
0.49145508
0.77148438
7.11342864
1.34946198
13.07812500
6.16015625
8.21711658
1.86882092
4.93904539
6.89152039
1.29760804
2.40625000
17.37500000
4.38704344
3.20084718
9.64062500
1.18261719
3.60937500
3.25585938
6.21093750
4.59830563
2.72395999
11.20800532
12.17407476
2.13281250
3.60578846
9.84538342
0.57080078
4.30468750
14.04622313
3.33935547
4.61686281
2.75000000
2.83007812
0.41040039
15.82812500
6.19787598
1.02376219
3.08561281
6.67968750
1.63704344
9.20670656
6.97656250
2.23046875
5.77766844
0.97021484
0.73600343
2.58805172
5.65218067
11.13216312
8.12320922
8.07210328
14.72180939
8.92968750
5.12385985
2.76334718
4.23046875
6.11328125
10.50781250
2.62109375
9.86718750
0.00623703
10.69009752
16.61035156
10.54037123
5.82844969
8.58170656
8.73347961
0.53946961
5.58593750
0.50628662
9.37500000
8.89062500
5.22265625
9.89453125
12.32031250
0.45166016
6.95344969
7.50000000
6.23860594
21.28450687
3.47688719
8.18260971
4.08903826
1.10644531
4.92578125
7.20344969
0.18033937
4.27734375
13.89908688
4.18359375
18.85758422
10.15380984
11.01106688
3.09895999
12.42968750
0.40112305
7.17481995
1.83528563
3.15006593
1.64453125
4.79508422
0.32576539
2.13085938
5.95111084
15.12109375
13.79459220
7.22591561
3.04882812
5.99511719
4.61328125
1.99121094
9.00781250
14.36845684
0.83911133
3.99527704
2.21956671
3.05468750
2.69531250
12.92114258
12.12500000
4.23111813
2.03515625
4.77278812
13.31250000
15.65266844
13.28483156
3.72737423
1.05778202
4.01953125
3.91015625
7.04036126
1.59928718
0.92285156
1.00390625
1.36253948
0.37037067
0.96858641
2.79459718
3.73372064
2.77604499
0.48388672
5.91227172
0.67366578
0.45605469
2.81835938
3.88983154
6.35156250
3.46289062
2.47150987
0.86833388
18.76204344
13.41113032
3.57096686
8.85955239
3.90593528
8.95735594
2.17919922
16.14030031
3.30859375
3.20117188
2.47314453
21.88378906
4.58626219
2.32877687
7.88281250
1.47070312
13.90136719
5.66406250
11.02294922
4.98187763
0.68560284
4.26953125
0.13000488
3.58463376
1.70312500
0.64534671
1.70019531
14.48437500
0.18286133
1.75292969
9.26761436
4.45312500
13.48079344
5.62076906
4.24218750
5.94693595
1.28646249
1.75781250
7.70996094
5.41406250
8.44531250
5.11718750
5.43391844
2.27311281
3.50585938
3.07617188
1.54572737
9.23894060
4.54296875
7.11230469
2.40136719
5.83203125
1.06152344
25.05102539
7.68868344
2.59733156
3.22819093
11.50000000
0.98486328
6.15234375
9.11621094
3.44921875
8.66406250
1.81347656
1.61718750
13.00730054
3.10988696
6.68359375
7.57495117
16.12500000
2.60742188
12.18114362
8.14698138
8.00959331
0.65056294
7.40625000
8.23437500
5.54687500
1.33250956
1.26563497
9.40625000
5.74609375
7.37043440
0.02312029
3.67805907
5.38248781
8.69531250
6.75488281
7.32031250
8.92968750
6.00000000
0.60986328
5.23697252
2.95467787
1.73046875
10.42187500
0.35791016
3.31445312
10.06445312
11.48437500
3.97558594
7.26300754
4.11034451
9.64843750
3.12304688
2.36328125
0.19226074
7.81250000
2.41992188
4.76692625
6.97086547
1.67920046
15.09200668
7.76562500
1.14029782
0.34603031
2.66379655
1.37754376
4.43326906
2.14257812
13.18423316
1.28256371
6.47639891
12.02701906
2.09179688
3.81738032
6.65983156
1.77897218
2.69108156
3.54475828
4.73893063
1.63574468
2.84960938
5.21484375
2.12304688
3.93391844
2.91373781
8.34375000
6.11328125
2.45507812
7.64127438
0.63248781
1.70768312
1.07519531
3.04101562
7.14062500
9.64843750
1.73160641
7.47200687
10.22656250
5.28906250
0.60400391
0.68310547
3.71289062
4.53286847
4.33236591
7.87141844
10.51920656
3.11652815
1.04851091
7.06493891
3.39778812
4.03873781
3.13867188
13.05468750
6.29329344
4.27701906
0.05242920
5.64884274
0.04508422
39.38703347
22.95020279
12.52392952
6.04687500
16.62531472
1.91683233
2.33285294
4.33984375
10.10823360
8.33756718
4.21093750
10.80110594
8.11295656
6.91406250
2.21711658
3.15397717
0.20727539
1.49369269
66.85269892
5.76481826
4.00812224
8.02166043
7.50650377
1.41081560
8.27701906
5.93912345
1.60970467
1.26594969
2.95084718
8.71581782
5.67871343
19.63704344
7.88219540
5.09277593
4.87109375
5.22656250
6.28515625
6.96874751
6.28841312
3.72884032
1.14974124
9.08593750
8.79524158
1.28776623
1.96972407
5.88965093
4.52994626
5.77701906
0.87125734
5.01171875
5.37500000
8.83809324
1.43750000
0.57194093
9.73502438
3.09895999
4.45312500
2.47265625
3.26953125
1.35253906
6.99218750
0.89700743
2.92740968
11.24609375
4.33593750
12.17024158
4.03731854
1.63618988
5.83599998
1.12656471
0.70589234
8.58294216
0.93375859
13.74914551
6.39453125
7.57844969
8.05809176
12.32870754
9.53060062
7.76953125
7.34570312
3.89517066
0.14486840
2.17578125
3.67219969
1.50065187
7.15657469
2.89876219
0.94368656
5.04687500
1.21419188
2.48014406
10.65689938
3.03450687
7.69140625
5.49665448
9.68693927
2.55273438
10.44531250
7.33203125
3.23241191
8.35547872
1.74511719
16.57510847
1.12256240
3.02083499
8.89908688
5.77473626
6.54883311
5.01204344
8.41764406
6.10156250
0.71875000
4.73502438
5.62858156
8.23014406
2.72070312
3.44954344
3.90869141
13.36490968
8.20735594
6.89030031
9.19661126
3.97526374
5.39908688
1.26985843
4.45312500
8.21516844
6.26268285
1.20183621
7.28710439
2.38867686
0.91877923
5.95247562
6.11295656
8.94498781
4.02473626
1.94206061
7.71484375
5.73860594
11.48135713
4.03125000
5.43342642
6.09395169
0.26900861
2.24218750
2.73958250
3.60709718
10.40625000
1.47525876
5.67122562
7.29687500
3.40071033
4.57194592
1.69531250
4.81932348
1.56934840
6.03515625
4.89453125
1.87207031
13.72980940
2.38737810
0.82958984
8.86489473
2.39487089
3.39827391
5.33951906
7.32812500
10.79474956
6.54509419
7.44531250
1.25292969
9.56673094
1.41569093
5.03125000
5.07421875
8.39753710
4.06788231
0.91650515
6.08138187
1.74023438
3.35969969
2.68326906
1.18652344
1.05745360
7.94531250
6.98795656
2.73242188
10.97298094
10.48194269
3.91992188
9.03125000
0.04034424
1.01757812
8.85791016
7.67532349
4.21875000
9.35156250
10.12500000
0.68621826
13.31021969
5.45638187
3.66406250
3.70312500
0.51513672
5.70703125
4.12890625
10.10758422
1.32974720
17.44694592
1.16406250
0.01326996
6.47640690
6.59636746
4.94921875
5.54719969
6.32389406
1.94897461
4.10937500
5.23437500
5.98323360
0.34244999
6.66015625
4.17675781
5.53515625
14.58593750
3.80664062
1.71777344
2.86360594
17.22184328
0.56479390
2.65050615
3.53451684
7.76953125
9.75781250
0.01843262
11.00488032
13.12011968
9.25000000
3.25781250
9.52343750
2.37890625
6.30078125
3.06948582
4.46176418
4.14754149
4.58104647
3.85449468
8.41764406
4.02734375
13.44531250
1.44531250
6.45312500
11.94954344
2.64225343
10.46875000
3.47070312
5.80110594
5.19108156
0.38972899
3.58170656
1.73437500
6.19165039
5.08203125
12.39794922
6.33593750
1.69628906
17.94954344
3.99104735
17.32120851
4.05110594
15.19108156
2.59147218
7.09179438
2.86816655
6.64453125
1.39648438
2.73828125
0.05252075
8.61661148
2.83203125
7.35937500
6.44563719
0.45035890
1.28791736
6.32031465
8.56022502
10.25463431
1.54224069
4.58242964
5.56358597
3.17936281
13.37756317
0.46667512
4.29329344
0.50732422
3.42350343
3.44140625
8.13281250
13.30029583
4.84830563
7.56966312
3.97265625
0.65332031
7.30695036
1.82228058
5.58561281
3.61718750
8.52343750
0.54736328
2.06802970
4.42025155
4.77376219
6.53304078
1.36897828
2.80143063
11.04687500
1.70638187
1.76855469
6.35156250
1.42187500
2.41796875
4.33691406
6.96093750
4.43891540
5.33256897
2.97265625
3.06250000
10.29376552
7.59473404
1.90837544
5.28092282
2.62044437
6.04296875
1.56250000
9.19531250
6.92578125
0.84130859
4.77408688
4.81575687
4.32031250
0.53670164
0.87711672
3.80468750
9.73437500
1.28572508
5.13595963
7.42187500
10.49218750
2.47819093
6.33984375
1.74414062
9.78906250
6.04817625
2.82389406
3.28320312
4.66796875
0.64998352
0.93351258
5.91015625
9.44302970
12.10644282
2.43490248
5.92187500
7.69921875
9.39794922
13.09695396
1.05343667
8.16406250
8.58593750
6.44628657
13.96386968
4.87890625
4.81250000
2.29978973
0.04200714
5.68457031
0.12756348
4.02734375
19.62564938
6.81250000
19.77897218
11.96223626
8.95934457
2.58007812
6.25390625
7.82063719
9.68391844
3.06575687
7.00388631
1.08205119
6.29296875
4.01953125
4.62500000
10.54719969
4.01139406
8.61230469
4.59765625
2.02734375
11.85937500
9.96939938
1.49495609
5.56347407
2.94238530
2.99218750
2.79882812
10.61928221
12.78483156
4.12923094
2.49609375
4.94531250
2.98990968
7.56347407
1.87011968
1.27246094
0.71093750
1.10301893
0.48841173
3.37839180
0.71828789
6.28515625
4.73828125
3.84375000
9.53125000
9.59375000
12.22721188
3.61100343
2.82389406
11.41406250
6.51562500
4.16048094
0.64957765
1.62727782
3.42936281
3.63476562
1.25520750
14.87162355
4.65087766
1.87060671
8.82031250
2.20117188
3.69335938
5.08984375
0.02011108
2.56640625
4.67682902
1.85442098
2.19921626
5.22168218
10.40185547
4.87282303
0.90256760
5.68359375
0.12109375
3.71581782
1.57128906
0.65429937
6.34387207
5.43419596
1.50748781
1.95703125
8.66406250
4.44140625
1.85156250
6.48046875
7.21907469
2.54849845
6.99447030
3.76920656
2.07617188
3.63281250
4.92968750
2.78906250
14.93750000
9.37500000
3.45149657
9.32389406
1.16308345
9.10449468
4.41406250
7.56834442
-0.01853973
4.45051751
0.29215827
2.93945312
3.26863586
2.15323914
5.64453125
4.28841063
4.92610594
0.98372562
8.83984375
7.13281250
4.71126219
5.26024202
4.42578125
5.34602782
8.12980226
11.32377106
4.94380707
6.80565160
4.45997340
3.38476562
2.96679688
6.61067625
6.74519836
1.18221132
14.29436493
2.51822751
0.23323734
2.06858732
1.30486480
3.29427249
3.60937500
4.08593750
2.73437500
0.22473145
6.42350094
6.49544437
2.54882812
3.51399657
0.71451906
8.54687500
6.44238032
6.26074468
3.22705078
5.52050532
4.48730718
2.41015625
7.15721410
0.80958277
3.53125000
0.88964844
3.64257812
6.85937500
10.16406250
1.97753657
7.90918218
6.92187500
4.96875000
0.39526367
0.72265625
3.50585938
4.74738753
3.14909685
8.92968750
10.10156250
2.83430408
0.55046154
5.75699454
3.30892342
4.40234375
2.78320312
3.50781250
3.74804688
4.05078125
0.06134033
10.01224606
10.31802698
14.46939938
3.04590093
5.45312500
3.81835938
2.12695312
1.96972656
11.53125000
0.01248169
0.10776733
0.75325562
2.64257812
14.74804688
2.57617188
10.25781250
3.95898438
5.90097427
1.78938719
5.27701906
13.91829344
11.66893784
4.67253435
10.85156250
0.01338196
1.73890305
1.78613281
7.80078125
2.99609375
2.80322266
10.51497188
10.40665898
11.53906250
2.50976562
4.44531250
6.14754211
0.12125672
10.00423094
3.38639406
0.84553953
4.10514406
3.61718750
1.05371094
2.63573970
4.85058843
0.00506592
6.30468750
51.66321588
0.11217474
6.53727172
14.72867797
5.54085328
-0.00025390
7.14453125
2.92528798
7.15820811
4.65836547
2.87679078
0.16772461
2.90039062
11.32364805
0.06380312
3.25552970
2.35775155
11.84375000
4.55924313
-0.08011715
2.47639268
2.53044326
0.89941406
0.35644531
7.53027344
2.12622008
0.06811586
10.18414307
5.25390625
2.04028320
11.50000000
6.03515625
4.42187500
0.89160156
10.18375236
5.96322030
4.33203125
4.41406250
3.58203125
1.27246094
1.44433594
4.12676586
1.93378102
1.95458486
4.52105771
6.80013187
5.07780031
5.41015625
7.21907469
0.71549562
0.66455078
9.78125000
11.52929688
2.67773438
9.48437500
4.34049313
0.55387453
1.51725343
8.47656250
2.97265625
6.64843750
1.43847656
0.02014160
8.04687500
8.72656250
2.96093750
1.95410156
2.52799064
13.71386968
9.17903812
6.42578125
0.99414062
2.61718750
11.28548094
3.50308954
9.61767952
0.61962891
4.80533688
1.88411624
10.52343750
7.93391844
6.05826906
4.48079344
9.40201906
2.64062500
1.28222656
13.22265625
0.47900391
2.04215079
7.57454842
12.39485594
1.71484375
9.66048094
4.14778812
0.30851195
1.13753297
4.55468750
1.90445922
0.43538453
9.47656250
1.05859375
5.99381095
4.76009530
0.92724609
3.25423094
5.83170656
1.34537096
0.89779310
9.12036133
6.07031250
11.46093750
11.59222412
10.25781250
0.09124756
23.99495235
3.56266484
5.46118164
5.12141844
5.63671875
6.21875000
7.92759279
2.39648438
6.38111877
2.08593750
1.76953125
7.24251219
2.14030031
4.64843750
7.46451657
8.43904789
1.94238281
6.30891844
2.86295656
9.76562500
0.37735961
4.96663453
0.75097656
0.12841797
17.40656472
4.73015403
5.95279533
8.02327889
1.53613281
2.85351562
6.12205785
6.90951684
10.04264406
5.01171875
3.35239353
8.44792996
3.77539062
2.25837635
8.71680186
5.56608156
2.75781250
6.31250000
0.01004028
9.23036619
6.92577128
2.77898215
9.90706297
3.64290282
4.90950687
0.82470703
8.39843750
6.15852283
1.94108654
4.26171875
5.05078125
2.07812500
10.35318844
4.21028812
10.68053099
6.85905031
11.19441711
0.33951844
5.17578125
1.50292969
13.88281250
3.89648438
3.04068595
0.45638436
10.02050532
4.82324468
11.92187500
5.23437500
1.42480469
1.92187500
9.42024657
10.21418440
1.83236591
7.92187500
1.15625000
5.00000000
1.59061520
9.54459220
5.23991467
2.27734375
0.87402344
0.77701781
1.12874390
1.51188110
0.09346558
2.58593750
3.70898438
10.39485594
1.53393617
0.74015320
4.20312500
2.16811988
3.60482934
11.51562500
0.04605103
11.71093750
0.99609375
10.57031250
12.31176758
4.31640625
1.73517800
11.91374778
4.68884130
3.29504542
4.33203125
9.55511475
12.31445312
5.22265625
4.69531250
2.12304688
3.25781250
0.91503906
2.67968750
3.40039062
0.64407950
2.49447030
0.33593750
5.77285517
3.39355718
8.82812500
8.47387695
0.18483397
1.99967531
0.79378172
8.06889932
0.04930626
8.71093750
8.33656694
0.32163618
2.94059079
6.03450687
6.39485594
2.80010944
2.80796431
10.48437500
6.70978613
4.39958887
0.78466797
10.69954344
2.47037843
1.03686523
2.35546875
12.42187500
2.11523438
3.90820312
6.43196033
2.81118629
3.09865026
1.17382812
4.68017329
6.88183843
11.39062500
1.42887328
0.72542359
0.95947266
5.13671875
0.65429688
2.59041977
0.33284422
8.95670656
3.08593750
3.38085938
3.55859375
0.14123535
4.46126219
3.27506593
0.73616453
17.24186281
10.81970192
2.34436058
1.62325419
14.50203679
0.01771058
0.68017578
0.42016602
1.04134032
2.44108156
10.44775266
1.14795046
2.37711547
0.36100219
1.88932375
6.25000000
0.95800781
6.71939938
3.47200687
2.36914062
1.20288086
3.69921875
0.37003899
6.93359375
3.37500000
7.14062500
1.83203125
3.19563719
6.55436281
5.28125000
2.33984375
3.43750000
1.34472656
0.06304932
0.00075722
5.08984375
15.50000000
4.30078125
3.39257812
5.90439437
6.46516969
6.25000000
4.81444814
2.81445811
9.65625000
5.58674424
3.04606826
3.45748315
6.01465093
7.33561281
3.85156250
0.06964111
3.35546875
2.65462157
6.03092531
0.87548828
0.01997375
15.19531250
5.21875000
6.88476313
3.41699468
3.14135742
8.79329344
5.66764406
1.11165282
2.66178468
0.81738281
0.00546265
0.00132179
3.11328125
4.12109375
0.68945312
2.23783356
0.29707855
6.40657469
9.23014406
6.08593750
1.65429688
5.75781250
4.45312500
0.49023438
0.50488281
4.79687500
1.38867188
3.65427694
3.89845744
1.53808594
8.50781250
9.04687500
0.46704102
0.11718750
0.07244873
3.85937500
0.26660156
6.88281250
3.56673094
7.53092531
0.22119141
0.63476562
0.02018738
3.97070312
0.00656128
0.61669922
3.67284907
6.11621343
11.96875000
4.70658356
0.54878754
1.83398438
10.25064938
-0.08261959
3.53157469
3.22444703
9.70491578
0.34987381
1.64280197
11.10156250
0.05706787
16.88775635
6.35188719
2.85513908
3.80273936
2.04052734
5.19531250
17.07096188
10.78971188
3.52701906
5.99121343
5.11328125
7.91242908
1.64648936
3.76920656
2.78320312
9.33593750
9.82031250
0.24267578
0.08477783
5.23531628
6.18359375
4.55468750
1.62222767
0.72738170
7.75390625
0.37866211
10.78906250
2.10156250
2.24218750
6.94986813
8.89908688
1.63151374
3.53905752
5.68555186
10.78125000
0.49666009
1.32291999
6.62923094
4.48291016
2.94694093
7.37532469
2.36686281
9.19877106
0.22066254
9.31250000
9.40307617
12.29817376
9.91894282
4.72819592
9.24218750
0.16809082
0.86767578
4.01594969
0.73242188
5.83772828
1.73811890
17.56738032
1.61133062
4.60546875
1.74739251
6.64355718
3.50537109
38.20735594
3.69368656
6.09798094
3.46663453
9.05647828
4.52343750
0.41430664
1.71289062
4.65234375
0.08099365
4.85742188
10.98437500
6.73046875
7.12955563
9.11653812
25.13932126
2.71419437
10.50101559
10.63549867
1.25870789
5.05436281
4.82844969
0.47428468
4.86328125
4.33593750
10.51908356
0.47017426
8.55696532
8.36881593
4.48828125
4.38671875
2.18603516
3.56640625
2.35937500
0.71386719
5.70703125
6.85892731
0.39294278
4.58658439
1.33854748
4.17643063
7.01106937
3.98437500
3.87500000
0.24357055
0.11340758
0.23657351
1.93684813
9.28483156
4.85937500
2.44791251
4.92578125
0.67415780
2.98437500
4.35546875
2.64126940
0.59603529
4.77734375
2.52929189
3.18164561
5.90689938
7.62010971
17.46126717
10.31802698
14.46939938
3.04590093
4.10156250
4.52343750
11.70312500
0.01367188
0.13792845
0.68131593
2.10156250
12.48697252
1.59928967
11.16341063
2.00325687
9.86718750
4.44921875
6.02846909
1.62304688
6.58626219
10.13248033
4.41114029
10.84375000
0.01689148
1.64602280
1.94140625
8.17968750
3.19335938
2.63378906
10.39522090
10.31290898
5.71907469
3.27115968
5.75813719
6.47144476
0.16568172
11.51627438
3.58756593
1.31445312
9.44889406
5.27734375
5.37890625
0.75000000
6.32421875
51.78528370
0.15221630
7.01562500
13.73469969
6.56608156
0.04089355
3.34179688
1.01660156
0.00229645
6.84537345
7.34245124
4.48360261
0.45284027
2.16210938
9.84273161
0.14554964
2.94172596
4.30046154
8.96093750
11.81250000
4.14843750
0.08673096
2.03649902
2.81835938
1.11425781
0.42724609
7.89062500
1.65942321
0.07922426
2.14062500
0.63427734
0.00334930
3.36132812
2.73828125
6.67041016
3.17089844
11.65625000
5.35156250
5.30859375
0.68457031
10.85806876
4.04363265
2.36751219
4.30403812
2.35156250
11.12141844
0.91373781
0.91796875
4.80940049
0.41911513
5.90234375
3.46321532
8.42545656
1.52180907
2.33170656
7.31673094
2.08756593
6.27734375
1.92187500
0.01728821
7.30468750
8.89062500
3.83593750
2.62109375
3.51431876
14.98437749
9.42903812
7.20312500
1.10058594
2.66210938
12.32031250
3.77506095
4.17025155
1.10058594
5.59439938
2.04427249
10.06250000
11.37500000
6.82844969
2.87467531
2.54079525
8.29622562
4.25390625
0.52490234
12.40258789
0.40576172
1.64176017
8.26595467
12.40038564
1.93197030
9.91048094
3.59505374
0.34187742
1.20117188
3.74837157
2.36641511
0.55236910
9.17187500
0.72021484
6.43586658
5.34928967
0.76074219
2.99023438
5.91015625
1.39989487
1.04102310
9.43750000
5.96875000
11.46093750
11.58870360
10.03483156
0.07971191
23.66113032
3.74414312
5.98583984
4.94563719
5.46875000
5.62548828
7.50504640
0.78125000
4.77962157
5.21842531
0.71679688
4.98046875
7.45441379
6.75684840
9.65201906
6.93750000
1.57819205
9.88509530
5.55859375
14.90786348
2.75229277
9.40347518
2.70589982
9.06021969
2.88216312
3.20312500
0.74462891
4.64062500
4.63671875
7.94140625
1.46679688
7.62271969
3.74544437
6.90649414
4.61718750
4.56250000
0.99902344
5.94140625
6.33593750
6.11328125
7.04296875
0.07037354
5.80078125
1.55507323
10.39859486
5.94092420
2.01562500
0.67382812
0.45751953
1.08789062
1.63981078
0.31750364
2.21810062
3.35351562
11.28125000
1.32731078
0.88118531
5.84309065
3.87989029
6.08170656
6.87141844
0.33707765
6.85937500
7.70312500
5.03548094
4.98436503
6.60938497
8.44471189
2.67605717
3.72851562
13.93151855
9.99186032
7.02669437
5.61328125
9.67187500
3.99251219
4.19921875
1.11979250
3.09539120
3.43685062
11.54809570
0.25972410
2.24186281
0.98746579
1.94466312
7.58593750
8.89287789
0.17743461
3.41731688
3.41178468
10.57812500
6.80207004
3.99089871
0.76562500
10.75000000
2.36914062
0.86657715
2.04492188
10.35937500
3.00390625
4.03125000
6.94855940
2.83706893
2.41359042
1.60742188
3.35562985
6.50325687
6.42578125
0.96875000
2.56054688
5.34765625
7.73651123
3.00650876
8.08528812
5.18750000
2.83007812
0.31054688
1.28710938
3.90234375
2.25423094
6.42545656
12.26835994
2.96601506
2.41222426
1.74023438
0.55778078
1.61848875
12.20670656
5.36328125
6.17610594
5.09342531
0.80322266
14.21093750
0.06878662
1.32617188
9.23421141
9.87198976
5.20703125
2.40332031
7.34830563
8.03060062
0.65673828
3.08203125
2.54492188
0.02102661
0.00268555
5.06250000
1.19726562
0.80712891
2.90250610
0.30794312
5.64184508
9.06518617
5.17187500
1.85644531
5.85937500
3.72265625
4.32594803
7.73264572
5.26562500
1.12988281
2.99363614
4.17530917
2.00227782
6.46842531
13.13972961
0.74308289
2.77343750
3.27343750
1.95996094
2.93554688
0.19970703
2.71500485
5.74967531
2.96093750
1.16276125
1.26562500
1.66992188
0.24438477
2.94742797
0.53753615
7.37685228
0.25541137
2.50569703
10.50000000
0.04425049
17.58211180
7.22298094
3.62434564
3.50977061
2.39973875
5.76530031
12.60546875
7.76562500
0.69303219
5.97981937
9.76985594
7.38704344
0.93294437
4.72818595
6.06478280
9.19921875
0.54142086
1.43001468
5.49218750
1.83601805
9.77701906
9.86328125
10.05253983
12.57031250
5.84375000
7.57844969
7.82389406
6.56640625
9.57096188
2.72200687
7.63671875
10.78409353
0.98934397
7.16406250
5.87890625
5.05891844
10.95996094
3.58414797
2.93359375
4.92968750
8.99218750
5.25781250
0.24548340
2.78906250
3.86328125
0.46997070
4.41539001
0.52832031
2.04878682
12.29565554
0.32586670
3.76790282
0.63590578
3.16210938
3.20930907
0.21964601
4.40234375
3.21289062
9.19531250
0.35595703
6.82161375
3.57291750
4.57812500
5.04296875
1.98730469
4.07812500
4.70344969
6.40592531
0.18811035
3.33853004
1.15561059
5.23828125
7.50000000
4.21484375
3.61718750
0.20288086
0.17038327
0.22037906
1.28027344
3.31653683
0.04508422
7.77823914
0.89396180
13.42187500
0.07733154
2.59179688
12.26458740
17.80078125
6.86425532
9.12858156
10.04264406
0.98112062
2.14648438
3.82421875
9.25976064
0.46777842
5.72656250
1.27417947
3.61296653
1.55305907
13.16764406
9.85937500
0.74958978
3.41862311
1.84358392
14.45182624
2.51367188
7.70344969
1.19108156
8.13769531
11.44791002
-0.02603502
2.56250000
1.97802734
2.86718750
7.64876219
1.32975343
0.55257078
1.62890625
4.87858156
3.70735594
2.03092531
1.96972656
6.40144836
0.30680359
0.98486328
0.50048828
0.63293289
1.83561779
9.96093750
1.38183594
8.41048094
10.96483378
0.27898215
3.20735594
0.59977297
10.12441871
2.79623559
3.53710938
5.27539062
6.87500000
17.98600094
10.54842994
1.49285183
5.05078125
3.61242676
12.89062500
0.77050781
3.44140625
3.90881348
8.90625000
8.03221410
2.59473902
11.07031250
11.73697252
9.23177748
10.66406250
0.00775528
0.21858641
11.27701906
0.03338623
2.23090554
3.56218528
14.87304688
3.92773438
1.40820312
1.53417969
0.00533295
0.01228333
0.00054550
0.20836728
3.87379677
3.54492188
5.64062500
6.00000000
1.82617188
5.26171875
5.54687500
11.86049306
19.44596188
-0.02750485
9.45214844
14.30468750
1.18652344
7.25715315
3.14128435
7.60156250
6.50585938
8.80368352
4.64944148
12.97521973
0.36840820
9.32812500
6.00781250
0.21289062
1.04296875
6.88720205
2.14648936
6.67968750
3.51171875
4.47265625
1.58756344
8.19108156
1.57975343
6.88281250
0.37548828
0.00568008
10.33235594
2.35774657
4.23763187
5.16015625
1.20214844
10.78035399
18.54929468
6.68280250
16.59048815
5.98958998
30.17724609
9.43316650
10.93427780
0.59278091
7.47331741
0.31722794
2.86718750
11.22656250
2.73242188
6.70703125
5.58007812
21.79606078
6.86018922
4.04785156
4.21484375
2.47867423
2.49642342
9.29687500
2.22070312
3.97656250
3.28515625
3.59016844
0.69156984
0.47109311
7.41731937
0.33349609
3.30859375
4.31640625
8.59375000
1.43827145
9.50657698
6.92480718
2.24609375
6.46875000
20.00000000
0.78287594
3.80989749
1.94433345
8.04199468
0.84375000
9.93750000
0.70898438
0.74023438
0.52001953
0.37980102
1.75569703
10.98261909
5.80210992
12.33325133
0.20686735
0.10970094
0.51700680
0.82161624
0.36559809
1.50195562
6.78515625
12.55468750
3.78125000
0.65917969
6.16406250
1.92578125
3.88801751
0.60221686
7.09375000
5.18694038
2.12620401
-0.02798815
1.64562739
2.21582280
13.53971188
10.09310062
10.83414672
1.02327515
0.73339844
0.80891844
1.95084718
4.87890625
6.40429688
2.47070312
4.65625000
6.97656250
0.49877930
6.15836547
0.82649781
2.30859375
6.60854832
1.68246730
4.67919922
1.72558594
3.59179688
1.92187500
1.53320312
2.41829344
2.03678468
1.50488281
11.12617584
3.17366578
1.36507203
2.30338376
1.91536624
9.60156250
6.70133422
11.52229610
6.18607823
0.19514984
0.87255859
6.25390625
0.49377410
0.10412629
7.19140625
1.82617188
4.25815670
9.22591312
4.89249751
0.68494275
5.31250000
0.46093750
3.82364805
1.75154726
2.17968750
2.11132812
13.52193114
12.11881593
12.25000000
9.28125000
5.94412678
1.04708416
8.55078125
1.49023438
2.97070312
10.07063719
7.53873781
4.66406250
3.02473626
-0.02131829
0.09174560
0.39705445
9.49283688
9.89778812
0.93574326
1.09782607
3.89599609
4.60546875
8.92187500
31.81387682
2.56218029
24.90107903
10.17611092
4.85546875
2.20312500
17.11854956
11.82124777
1.37825687
14.87657356
10.80468750
0.06433105
3.37890625
7.72119016
2.93310671
3.72265625
5.28515625
0.01340164
5.77809758
0.68002216
4.77734375
4.26953125
4.70703125
2.23242188
4.69352172
0.76692750
2.31461422
19.20247562
8.35180664
4.44921875
2.88085938
0.30493164
4.56282469
2.32149324
4.91999764
1.59081782
5.60058843
1.16991938
8.04199468
5.98046875
0.06646729
43.83056516
4.03125000
1.77685671
16.86840820
1.63329954
0.32617312
2.69140625
7.06053192
1.67970245
20.80191767
15.02473626
24.67725232
6.63671875
0.18408203
0.65380859
14.53906250
0.81103516
4.67399047
1.13948609
2.99060059
2.98616453
7.48307375
7.98437500
2.24251219
1.65104250
7.14453125
0.29687500
3.56250000
9.21093750
7.68750000
7.58984375
17.50436836
7.18313164
6.14843750
10.07436614
11.07830230
1.93912843
1.50292969
12.15266844
10.08186517
2.90462655
8.31673094
3.16113032
4.25651374
6.98828125
0.01564026
2.33007812
9.88281250
7.69173094
4.40689440
0.71680435
19.53698730
14.27734375
15.32649407
-0.03718743
37.99446532
3.75944093
1.33007812
16.34016844
7.59855164
1.51635804
13.00781250
5.39648438
3.95898438
1.16894531
2.13281250
0.49169922
4.83365719
13.56010011
3.18717531
4.38281250
7.34765625
7.34407469
0.90397218
4.56673094
0.61637453
1.95800781
3.22215426
7.16828763
2.03320312
16.77945922
12.00838258
6.27343750
0.32495117
1.26570617
0.20060242
8.12052305
1.94490415
8.26858770
1.37890625
17.66471188
3.25471673
7.05664561
4.63281250
12.71516844
2.75944093
5.98437500
18.23437500
0.86946282
10.15983156
2.92480718
6.88281250
1.40722656
11.48632314
2.03353280
5.51530031
5.32063719
12.20670656
2.32828361
5.99447030
1.38281250
4.56640625
3.82584220
3.02067390
9.35937500
1.08561032
0.76758062
4.41406250
3.44367908
5.22428967
7.70312500
0.00440598
4.30078125
4.82729832
1.41879543
7.39843750
4.47330563
2.50716312
7.36751219
3.36686281
2.01562500
8.18750000
2.00946398
4.07096188
5.39909685
8.00781250
0.38720703
11.07031250
9.14843750
3.43521222
1.48861591
10.40625000
5.95703125
8.67610594
1.88346437
5.82812500
3.08789062
13.76006831
13.23502438
0.11361092
8.01562500
3.87597656
1.43554688
4.04687500
8.89062500
10.53125000
20.78125000
7.42252438
1.11946781
2.05078125
3.01074219
7.58984375
6.11854649
6.69921875
6.97656250
3.66015625
11.01119995
6.10424805
3.32226562
0.29174805
4.54687500
5.86718750
5.40234375
0.80712891
1.40625000
5.20214096
6.31739029
4.50691711
4.02628352
6.62011968
7.27734375
3.31355774
4.34855164
5.12410461
0.48868836
7.84375000
4.70312500
4.61816157
4.73730718
10.98632812
2.14843750
14.66406250
23.68683068
2.52801307
3.71093252
1.39453623
23.50850340
7.48405031
10.02343750
7.32031250
2.22656250
2.45507812
0.93457031
15.96875000
6.59765625
9.11262689
4.46745124
5.96875000
9.04752438
0.71484500
5.96826047
9.62435062
0.05718994
6.80859375
10.60481439
7.81120124
10.35156250
2.26953125
3.83496094
3.42578125
5.43359375
1.59765625
11.39843750
4.86751219
17.33170656
16.21581782
3.80747560
1.51497562
5.33593750
0.67832874
2.41569592
6.29899047
0.45931031
10.33235594
7.81608156
9.11668911
1.66472683
7.47656250
7.78727172
1.08382203
2.62304688
6.73046875
2.21443602
10.75932738
4.28450687
20.05779355
1.87825687
5.10156250
0.04299927
1.13574219
13.36914062
3.64062500
20.25754698
6.76228945
0.52832031
1.52832031
12.25311985
7.72917996
1.16601562
5.61718750
13.89843750
6.31640625
8.51985594
2.89941406
2.57780031
10.85579344
2.57291750
13.74824524
6.73437500
1.44531250
1.80761719
9.61604610
2.85270390
4.63671875
10.05468750
29.68782469
3.02148438
18.80631593
6.07920352
0.18642148
5.86232420
3.75000000
1.54655031
8.10937500
0.05929565
3.32128657
2.58301030
1.63223121
1.52279809
8.34375000
2.15039062
5.26562500
2.34765625
4.39843750
1.19726562
1.71777344
2.83398438
0.07055664
7.05257078
12.39664672
16.10888796
6.51562500
0.07006836
0.73828125
1.45936673
6.85351064
1.43880873
12.01562500
0.52148438
5.90527344
3.32486813
22.34863281
4.49544437
2.09570312
2.37109375
3.44531250
8.72070312
5.33984375
3.43994141
1.44433594
6.08203125
2.34871399
0.01667298
2.74395460
5.23700243
2.71289062
1.04003906
3.33984375
1.82324219
18.63118407
8.37206782
3.67708499
13.55045656
4.59765625
0.48933899
0.08280395
1.43237367
3.78125000
2.12109375
5.25000000
8.29556627
10.16146498
7.11914062
4.46484375
4.05468750
9.40820312
6.90494127
0.03500014
2.65820312
2.02457641
0.59651734
3.32226562
17.54816379
2.02800808
4.07649657
1.50651125
0.63956540
6.41764406
1.40299562
3.72851562
0.06994629
0.66113281
2.18945312
6.13217630
3.71770722
0.87467531
4.25390625
2.73665282
4.69108156
1.80371094
1.12011719
2.12304688
2.68164062
8.68457031
0.86669922
8.19531250
9.02668440
0.15300310
2.98063110
0.26863648
10.40493629
1.97787621
3.51953125
5.39990234
7.68750000
8.48437500
8.11010742
14.32812500
0.77832031
12.19173094
6.59195922
0.78320437
0.51855469
0.10876465
1.81479279
2.09278091
9.43750000
1.05761719
1.72070312
0.01655579
0.01083374
0.00056934
0.10358855
1.75158010
4.79687500
2.95312500
6.03125000
3.89453125
1.78222656
7.32812500
7.94531250
7.84602532
5.27548562
9.05826906
1.50585938
4.60156250
1.44628408
3.39453623
9.37500000
6.37109375
7.38588210
4.41099290
8.99218750
10.96516844
7.97233156
0.20996094
0.66162109
6.54052485
1.63183843
5.04296875
5.12500000
4.00781250
3.09375000
8.96093750
2.35937500
11.93750000
2.52929688
13.05533688
2.43945312
0.53450687
1.25781250
5.44921875
2.43196532
5.28483156
6.36328125
8.17968750
9.86718750
18.65437805
6.57902039
4.35742188
1.29394531
1.24820797
1.88020999
7.55251053
1.14475510
2.80078125
2.41015625
2.40071532
0.79264406
0.53051846
1.11067874
3.24023438
6.37695312
8.52343750
0.88386961
6.91402435
4.90413453
2.17366578
6.13281250
18.47070312
0.78108641
4.03483156
1.49837157
6.45670656
0.91943359
8.76562500
0.74511719
0.90234375
0.42431641
0.46394774
1.49772218
11.61262096
5.38690602
12.39664672
0.13964141
0.08170594
0.52286618
0.85774906
0.29386227
4.69531250
2.79817874
5.01171875
5.41129516
2.62027206
0.03044451
2.36824461
1.82584718
12.82877438
1.90380984
6.99397828
1.99218750
1.55664062
1.71191406
1.90917969
1.76562500
11.91079923
3.37483765
1.39241578
0.64925047
3.74772218
4.54687500
6.72102782
1.77408937
11.53906250
9.41406250
9.98144282
6.51855718
0.19982910
1.24804688
6.59375000
0.41446899
0.12886598
7.16406250
2.56054688
2.92848631
9.54866578
4.79198361
0.63200451
4.76562500
0.70605469
3.81778868
1.59041445
3.08593750
2.15071532
12.39132690
11.48990968
12.32421875
9.38281250
5.96795906
1.00176751
7.65136719
1.39257812
2.59570312
9.94466063
4.42936281
5.68542480
5.32031250
10.65625000
3.34179688
15.86718750
0.71695922
31.57730580
1.46061779
1.14257812
5.37402344
5.90234375
2.05468750
14.80875421
12.37649600
1.70931156
16.30230618
10.75000000
0.03976440
3.70898438
10.75227782
8.90625000
6.83561281
2.65234375
2.84375000
0.87158203
0.08386230
23.34352537
0.24772218
0.10961914
3.43652344
0.29663086
1.07226562
6.89062500
0.01841598
5.65929522
0.45736342
4.75390625
1.31868407
1.90592531
7.19140625
3.55859375
1.72558594
17.16829344
17.07389406
8.01782227
4.32421875
3.62890625
0.21191406
3.87434564
2.07291999
4.48460197
1.06705563
6.10481937
0.68977782
9.55045656
5.51953125
0.07519531
45.23681516
3.91992188
1.81787234
15.63885498
3.08463376
6.49673316
2.02410183
21.88264766
14.70507314
27.29632869
2.36302082
3.97365321
4.26797664
19.06259225
7.69921875
0.31542969
6.09375000
3.28320312
8.17968750
0.37865962
8.93261968
6.51691379
11.95920101
0.31953949
0.94873047
7.60367797
7.03043329
2.51627936
8.54329344
2.75423094
4.72981937
7.21875000
7.09375000
4.01529034
0.86947528
1.75585938
7.91406250
16.06933594
16.04890618
0.18766608
38.88932126
5.71419437
1.45410156
15.11539672
6.81250000
1.24593140
12.80859375
5.68945312
4.91796875
3.83593750
4.08984375
2.63085938
2.46077391
21.04508422
12.91455203
6.83203125
0.35498047
2.15340149
0.22440613
8.96645002
0.66416521
7.97591063
6.15748171
1.01074219
4.60546875
10.45865470
4.15462655
11.56151596
3.97037843
3.15560560
5.75781250
11.57812500
1.62597656
1.80664062
11.76562500
4.39224845
5.17415780
1.31445312
4.94531250
3.85709220
3.37557382
9.18391844
0.92903563
0.92317874
3.98632812
2.14062500
3.73046875
1.06933594
0.59472656
5.81640625
0.00305939
3.83984375
2.39614722
2.17514184
9.85937500
3.85742188
2.50195312
7.99072141
3.35888796
1.68945312
10.41227172
2.37655369
10.62761746
6.96093750
5.61783688
10.20247562
2.47460938
8.95572252
1.43490248
4.89062500
3.37304688
4.96826172
3.27799313
7.74935062
7.76171875
0.16931152
11.39843750
7.39965758
0.29980531
9.47784175
7.68261968
8.36718750
5.51562500
4.92968750
6.78548094
0.77978516
2.96061281
1.06331048
12.35807624
9.41979980
2.28125000
1.06738281
13.25781250
22.07812500
8.89550532
1.55371343
1.89941406
3.04394531
7.87109375
6.09547138
7.30468750
7.95703125
3.69726562
11.19110107
3.99243164
2.27343750
0.72607422
10.07812500
1.25976562
4.91015625
9.53548094
1.03613281
4.28092531
0.85009766
11.27473626
0.71940436
1.42187500
4.15266595
7.07356937
8.49935062
3.43570922
4.14632203
5.13191711
0.49991883
5.90625000
8.35937500
6.45377438
1.94270999
0.73535156
3.21093501
4.62402593
9.67907715
9.84439938
2.23193484
3.16194703
8.38281250
20.68031694
1.12632368
19.98225828
5.81998781
11.89843750
7.22558594
3.05078125
3.06250000
1.08691406
4.78189938
0.76644046
12.06673094
7.87858156
4.64453125
11.53921986
1.04867076
6.53678219
1.63997562
5.05078125
4.82812500
4.40836547
0.42854859
8.75781250
10.96874751
7.35058843
8.75000000
1.95019531
3.83056641
3.51985594
5.30436281
1.71484375
12.03906250
3.35969969
16.72233156
17.29101064
5.07554450
1.11360843
6.38671875
0.86489120
2.16699966
5.80423981
0.61519379
2.92187500
5.62500000
8.73727520
1.07650653
8.14843750
6.45312500
1.95019531
1.98535156
6.60937500
2.48640867
19.07096188
4.04980718
4.85579344
1.98600343
8.69531250
15.04492188
8.30533688
4.22591312
0.45727539
1.81640625
12.78977872
7.47609042
1.34765625
5.92968750
2.67187500
7.73046875
5.98079344
6.89615968
3.62695312
8.95312500
1.92822266
4.54113770
4.92187500
0.70556641
1.19433594
8.97688719
13.71875000
17.19694093
6.99251219
0.02860597
0.87646484
2.15413328
6.71288564
1.90788342
10.68750000
1.17675781
8.25830078
6.13704219
6.08967642
5.06771498
0.95996094
3.41210938
4.00455563
3.29638796
0.14949586
0.65283203
3.02929688
4.86718750
12.70312500
2.66031860
0.21468140
2.85937500
2.90429688
7.28303953
0.09016844
6.40201906
9.80468750
2.46126219
7.00358156
0.00942230
0.23323485
10.46158937
2.47265625
7.81250000
6.59375000
0.03314209
6.50781250
0.22790527
14.71084639
3.69694093
13.48860594
2.25178081
1.32797262
4.05078125
7.23079344
3.53856051
5.24627105
11.25537109
12.82671765
2.06000110
6.06279726
3.34505873
3.45552834
2.30713264
14.93570922
3.59749390
2.99609375
14.87988281
7.57812500
5.65625000
8.30468750
5.44954344
4.40592531
3.23828125
11.07031250
10.93391844
2.49631060
2.77604499
1.92903563
3.27115968
10.06852172
6.87548205
2.35287123
3.00585938
11.01472961
9.11808289
2.56640625
0.79833984
13.66941989
5.98487699
3.83007812
5.18391844
2.79069093
2.11523438
4.76594969
1.16569093
7.55078125
1.41634032
5.97037843
5.65144836
0.68937195
5.03861481
8.77779144
3.29882812
12.65625000
0.01652527
7.03906250
9.89843750
1.43847656
5.42578125
9.25813719
1.46061281
3.37304688
2.59570312
9.56160461
1.56534851
2.41015625
6.82421875
4.09798094
4.03092531
0.02047729
0.77737904
1.11410045
2.16406250
2.02745710
10.20166888
0.05621338
3.16406250
0.11938477
10.54752438
12.81819828
15.64062500
6.05078125
1.91580646
0.83224041
9.75781250
10.23437500
3.65233378
6.88282247
2.53125000
8.08158356
0.22115082
12.00695419
0.16455078
0.13952637
1.44824219
0.28979492
0.95507812
1.97265625
2.09570312
5.42578125
7.94531250
16.21057129
8.54166002
4.49349623
8.80468750
3.98437500
8.24820922
0.26302125
12.34375000
0.07403564
12.16894282
8.99739500
2.18424811
8.75819573
2.33463874
5.71875000
0.86848875
1.18815187
2.97070312
4.05500721
6.50944592
1.63671875
4.26171875
6.11328125
4.85155253
3.03907247
7.60188719
7.46061281
4.94986813
8.35091312
4.66015625
4.86668551
0.72511136
5.31556960
3.28241134
2.94498781
9.17187500
0.82421875
2.62125610
0.57259156
6.29329095
7.73730718
4.12032136
0.39668793
2.46484375
5.08203125
0.04492188
7.56282469
4.48014406
0.84765625
2.91601562
6.34375000
2.83203125
1.48111813
0.88997562
2.85937500
5.09602782
10.23795656
4.89251709
1.54687500
2.55078125
1.47786375
7.33561281
0.63916016
2.34375000
1.63704344
5.00748781
9.48437500
2.68587157
0.72916750
11.50813719
2.45475343
9.38281250
3.99251219
1.06465730
0.60103363
14.92001343
13.42850583
4.10156250
2.81217531
8.89420656
3.86523438
9.40625000
0.01112366
6.19742797
13.26331542
5.21484375
15.75781250
4.77701906
4.72656250
5.00000000
2.19921875
1.69042969
5.97298094
5.05045656
6.01171875
12.06927490
5.96126219
0.34611086
3.99609375
9.03125000
11.31250000
0.72310301
7.51920656
2.01367188
0.12731934
8.45312500
1.83056641
12.09619016
7.46826296
3.59863281
47.63492797
0.56819703
7.81673094
3.09147218
5.42187500
0.62939453
3.48828125
14.57161126
4.20182624
6.91406250
9.95442376
4.54948249
2.35123033
7.05990248
8.71158688
3.01709109
0.42586305
27.87564938
4.78841312
2.58935173
1.72510139
2.39062500
5.56250000
8.03906250
3.26153564
10.54687500
2.00390625
7.03906250
5.75390625
0.16601562
4.03125000
2.35530516
5.48795656
6.00781250
4.83886719
1.68066406
3.44921875
4.96875000
7.26562500
5.80859375
7.77734375
0.05838013
4.79719969
5.68001219
2.60188968
3.19018555
14.32812500
3.81852172
1.05289672
0.31266359
14.34016844
1.81022218
5.78481381
1.82844720
1.70703623
6.50390625
2.66796875
5.42578125
2.13834469
18.32797241
2.38802249
7.29232113
3.64583499
5.29296875
1.55273438
8.77408688
0.91731937
13.03125000
3.83789062
17.36816406
7.12500000
0.35498047
5.21093750
2.18750000
3.62890625
2.92219969
4.24218750
12.50878906
2.66406250
10.78483156
7.67968750
0.11035156
13.15820312
2.96484375
1.06433105
6.48684952
0.18697861
3.01008533
4.97428967
7.84375000
1.03808594
1.53808594
3.85546875
0.61230469
2.71907469
6.86295656
16.99641844
8.49397828
7.99397828
4.06640625
6.11328125
1.56152344
36.56341553
3.19531250
8.49641844
4.87467531
0.00232124
11.19238281
0.29492188
7.30865479
0.10839844
5.85546875
0.96142578
0.91845703
10.40625000
3.89062500
2.71679688
3.36429259
1.51334718
6.20507812
6.37890625
4.13671875
6.03515625
0.10040283
2.93554688
4.64843750
2.94726562
2.09765625
0.00853729
16.77505098
1.74643339
4.71231930
2.22395999
10.18033688
7.55013187
0.01232910
0.79931641
3.02848017
0.33968390
0.76660156
0.96370360
3.28483156
9.10156250
5.27050532
3.29590093
9.24039672
1.78694703
12.10758422
1.99287965
10.00000000
0.49389648
6.69531250
0.51025391
6.83984375
2.67187500
8.28125000
0.68457031
0.51614982
1.23291389
1.38273133
1.39445008
0.56884766
3.28906250
0.87988281
7.90625000
8.02343750
11.07128657
1.71289312
2.14648438
4.81003990
1.46535072
0.44262695
16.18798828
4.53027344
9.56250000
5.03125000
5.61914062
7.82031250
2.33398438
10.02766844
5.69108156
4.56250000
9.31021720
2.39030031
22.27829788
11.23798148
2.90039062
4.23046875
1.65234375
2.88867188
6.75781250
3.81542969
0.95605469
0.48152586
8.86783688
1.28808843
7.11328125
5.35839844
8.45312500
6.07031250
3.53320312
4.57031250
12.05175532
2.95605718
2.51643797
1.87565187
6.53906250
1.22884032
1.77408937
3.66796875
16.11425532
6.19173094
2.73307624
10.26919659
7.47689716
2.79687500
1.57340453
0.49544312
7.94531250
2.26171875
0.73323485
1.24186281
1.77832031
12.52701657
7.98534907
6.38509530
0.38012695
8.25691711
0.82494806
5.51823249
7.04394282
0.41308843
4.30403563
21.22363281
2.86946532
13.66341312
4.28125000
13.92919922
29.64648438
11.49633789
0.68639374
9.95878051
0.19771363
1.19824219
10.06941150
1.37858654
6.59765625
7.62109375
1.85526457
0.12032136
7.88425865
7.01808510
0.04913330
2.01562500
10.73437500
14.86360594
7.53483156
0.97851562
11.85579344
12.02000002
2.71484375
6.34407469
3.02816772
4.62923094
2.36523438
4.35024173
7.69954344
6.14843750
9.15201906
2.15039062
2.62500000
7.83984375
0.43823242
0.00065184
8.41406250
6.24609375
1.33886719
6.25000000
5.10546875
8.89843750
5.83984375
4.41275876
4.62109375
3.33333499
0.05209182
0.53548219
13.03310057
15.37500000
0.81803468
1.14973626
4.77734375
16.70573249
5.09567261
3.73828125
2.69140625
5.25781250
7.37500000
1.91796875
20.15429688
2.13117160
3.75261746
6.98893063
1.44173343
5.64094969
5.83951906
3.64843750
7.08984375
3.12322749
3.32129155
18.65965426
12.99366356
2.81543218
9.09375000
1.10351562
9.06250000
11.96093750
2.48828125
6.64257812
5.40331782
8.27636968
0.01103210
0.08935547
8.07031250
14.09992908
3.13835217
3.47524629
7.70151152
7.20825133
0.16503969
0.09204102
5.08001460
2.59668218
8.79687500
0.00834656
14.50195312
14.68814938
3.58138187
9.98404034
5.19987810
6.01920656
1.54003906
3.43119293
5.64540795
1.98893561
1.53841063
5.71484375
1.63053468
7.50032469
4.73828125
5.30045656
3.21484375
0.42187500
0.80566406
6.03125000
2.85351562
3.84960938
1.16113281
12.89253660
2.92024657
8.10091312
0.51660156
5.82812500
11.16918945
4.73209220
7.76009530
10.41113032
5.78483156
3.03841312
0.00195312
3.95930907
4.84308567
6.16016622
11.73437500
4.49056405
0.21289062
2.93732519
2.17888574
1.45996094
0.50691524
6.12565063
0.09016844
6.40201906
9.80468750
2.46126219
7.00358156
0.00942230
0.23323485
10.46158937
2.47265625
7.81250000
6.59375000
0.03314209
4.79687500
3.33398438
17.71398163
2.21875000
7.21719360
2.46166992
0.43115234
6.06250000
5.29329344
2.51431129
0.55762965
6.26806142
7.65234873
6.90917969
5.19921875
4.12890625
4.34586547
2.55257203
1.89746094
5.13883422
1.57405640
1.67390930
0.55362976
1.98274657
7.73209718
2.66796875
3.53320312
15.19173094
13.85514406
12.80664062
9.25000000
7.34082031
0.00278664
0.01850891
2.38549277
11.13607934
10.10579344
3.44694093
0.14880371
0.31575438
9.20670656
7.46093750
1.47753906
1.81738281
1.02246094
3.02994626
2.72005374
7.87109375
2.27104467
4.30111591
6.99931159
14.65625000
9.79882314
4.81445811
2.02148438
9.16992188
15.23567376
8.11588874
2.75975815
0.76074966
10.39485594
7.68651596
7.27800310
3.74218750
7.49609375
1.75585938
1.70621703
0.68391969
1.97704580
2.73828623
2.85937500
2.14094969
9.53483156
4.25390625
1.41601562
0.51269531
7.48828125
1.47900391
4.51562500
3.88085938
6.18359375
4.00390625
3.89062500
1.37695312
0.58984375
8.37500000
9.25715814
2.48307624
5.80591671
2.20052249
6.63671875
0.51953125
2.84765625
4.16015625
5.43131095
5.07650155
3.11914062
3.00356910
2.70281028
6.08170656
3.23828125
2.80647330
3.12126108
3.73371565
7.38379654
2.51334718
7.62500000
0.70654297
4.37923094
0.53678468
5.56054438
7.58496343
3.59049313
5.53841312
0.27001953
2.05859375
1.41308594
3.73860594
1.60905031
4.74967282
3.24349124
10.22656250
2.06266235
2.13460328
0.71826172
1.63981078
1.65024795
0.25020141
1.36802353
15.00518799
15.33040032
4.66406250
1.78157967
7.98079344
8.81608156
16.85139891
8.10156250
17.57812500
6.39062500
4.25748781
4.44531250
2.32617188
1.82324219
5.55891844
6.85123781
6.03125000
12.54143187
4.80257203
0.24178101
3.62695312
9.80468750
6.35969969
2.19889406
4.53125000
1.72298094
2.23990968
12.91292110
1.47361454
7.92218972
4.13249778
4.38281250
5.87074705
1.93912843
3.04101562
9.40712447
2.81064647
4.85058843
5.19921875
2.94238281
1.85449219
9.92187500
0.21252441
3.16406250
0.98291016
0.88541625
0.88313844
5.30468750
6.14843750
0.02589417
3.41178219
14.82031250
6.39339359
4.93750000
0.00949860
0.11499023
7.64062500
1.67480469
1.81396484
43.88866938
2.62402593
4.41770114
1.81868157
2.08561779
6.95377438
2.49739749
7.81640625
5.10156250
17.10676751
2.76432624
6.43691342
4.10091312
6.00000000
1.57812500
8.42854610
0.82047734
12.71093750
3.64843750
17.33984375
6.88281250
0.39916992
5.17968750
1.99218750
3.83007812
2.87695312
4.18359375
12.37727782
2.65201906
9.26562500
7.67578125
0.11773682
12.31445312
2.73242188
0.90615845
6.78335550
0.19027731
3.15754128
5.74187278
6.93359375
1.21582031
1.93554688
1.65091949
0.25044769
1.29833984
4.40625000
11.30566406
3.00585938
2.64572569
1.65983156
7.51953125
10.63605940
8.27800310
1.72753906
17.58953857
2.27343750
3.75585938
2.20507812
0.00603867
4.65926086
0.52416930
5.54655031
0.84667969
1.05468750
12.39062500
3.39257812
1.53027344
1.07936859
1.15332031
2.35384032
2.30045656
4.66406250
6.05078125
3.27343750
0.03613281
14.13346188
3.81494016
3.23128546
8.92740470
2.74153314
1.02539810
6.25390625
2.44335938
7.90266844
12.93750000
0.75748781
0.44702148
1.52148438
5.54687500
6.79687500
10.96875000
7.28645501
3.02018561
10.50244016
1.87060671
14.32633422
3.44099976
7.84977172
1.18050172
1.18945312
5.21093750
1.34082031
3.60758422
2.25179078
7.69921875
0.84863281
0.56802970
1.47111397
1.01945008
2.28320312
0.70003172
1.62565187
3.65234375
9.20735594
7.13639406
1.72558594
0.64160156
3.16243407
4.71842531
6.91406250
10.87988032
2.31250000
2.19824468
11.60496676
9.88574468
7.64991356
4.23046875
1.59993157
3.81120124
6.43750000
4.28027344
12.01562500
8.98209220
1.94954842
8.16227172
3.98421265
1.98046875
9.03548094
4.65234375
1.32682375
4.08203125
15.45377438
5.73893063
3.47526374
10.41681738
7.31853418
6.15234375
1.96093750
5.55859375
2.99023438
9.13281250
2.46484375
0.56331297
1.25358156
1.97265625
13.55734004
10.54590093
5.24218750
8.84375000
2.17805657
4.20573249
7.73144282
0.57812749
3.94759032
1.49479250
9.21093750
22.84798094
3.53906250
2.62272218
13.72656250
14.04986572
0.00872803
0.00910950
1.79684874
8.11295656
9.30468750
4.69140625
3.16406250
3.49414062
3.60416501
5.26171875
2.90169437
2.51106439
0.86881843
4.33398438
8.08235594
9.11295656
1.78125000
0.71044922
0.70605469
4.83984375
0.10009766
0.87375122
0.38784546
0.85668945
13.82543945
7.48860594
2.39030031
6.89322252
3.14388685
4.35937500
0.58691406
3.06640625
6.09099506
1.95866467
1.70800781
3.91992188
3.37532469
1.64030031
7.66601562
3.87500000
5.80924313
1.32454593
0.30175781
0.57568359
6.93359375
3.01757812
3.68750000
1.33886719
7.47298094
2.94685789
7.89778812
0.89111328
5.61718750
13.87597656
3.20474845
7.83822030
9.58300532
5.87793218
3.85937500
0.00155449
3.91015625
4.53595302
6.45850731
12.50781250
5.06022717
0.23437500
2.69692598
2.25619902
1.46386719
0.51688349
4.76839234
13.40347518
4.21371232
3.41015625
6.13647461
6.47965204
3.30810671
2.36849124
1.88948111
2.34489389
20.65266844
0.82405640
1.29085328
3.78074801
1.47120511
11.71484375
3.56672596
0.08268811
2.22265625
0.06923888
9.82210328
1.21484375
1.98828125
3.49414062
3.23437500
1.37259918
0.60103363
0.25097656
14.41015625
1.82714844
0.00311470
9.00781250
4.28905752
7.00977061
6.31372008
0.16857972
3.88128370
21.72528368
2.05305907
7.17968750
0.60416750
4.85871067
4.95183621
3.18750000
13.06689329
17.81608156
5.16585328
0.01437378
0.38338133
8.36979250
3.87109375
4.37988032
13.76074468
0.12316895
5.88867188
4.37304688
7.85542552
0.04200216
4.41323582
1.66293605
1.05273438
0.92333984
9.27904027
6.84766622
5.08886968
12.64068604
3.45524047
1.32893922
11.91796875
3.34765625
9.33593750
0.22786375
0.74332765
8.54101562
6.88671875
2.96093750
0.00170898
5.53758644
2.46241356
7.07406616
11.96093750
4.45312500
2.00000000
0.40649414
2.21679688
3.96994019
12.10323028
0.16654512
3.27148438
1.59195299
2.98958998
2.74479001
8.01497562
9.69661126
2.15299811
0.65917969
5.23242188
3.47558594
2.95507812
3.52831284
0.35156998
4.96875000
2.85205078
2.39648438
6.37890625
8.26562500
0.87988281
9.59375000
2.12076657
1.41341312
3.44531250
6.69921875
2.18554688
2.06054688
3.18652095
7.51130541
0.50432208
5.87424702
2.48708111
3.73828125
2.18750000
1.43359375
0.66943359
2.54426751
6.00553468
26.28761541
14.25781250
23.03173828
6.49965668
4.84406472
1.33366965
2.45703125
5.07812500
0.90185547
4.47656250
3.60742188
1.91564941
8.14843750
5.39371703
6.32210328
14.06054688
7.54719969
7.33593750
2.57877438
2.45801030
5.96093750
4.65299313
2.18115359
0.08748414
6.96484375
0.85009766
8.25728270
5.56608156
4.65917969
8.01562500
3.83219360
11.35335328
6.29296875
7.95035018
7.24496232
4.19140625
3.58333250
40.30891844
5.71028812
0.87500000
1.45214844
31.20087103
4.15492241
19.21242861
3.00325189
2.82096686
1.62597656
5.49641844
4.34406971
8.91146498
3.68473017
3.74544562
0.59082031
0.26977539
0.90673828
1.62744016
4.58479859
6.46451906
5.56640625
3.88492797
0.57942750
6.75000000
7.32991329
13.23567874
0.34578492
16.53411190
9.36718750
11.80045656
1.90527344
0.44303468
2.94823970
2.66894780
0.36987305
7.98437500
0.00421524
5.65664776
4.78581560
5.04655031
2.45735594
0.69108156
4.37500000
1.81522179
13.98437500
7.34130112
1.57129654
0.28320312
10.07112547
13.24641844
3.11686281
11.34733156
7.51171875
1.37711173
0.92122811
0.62011719
2.45605469
7.08203125
0.20373535
1.38378906
9.07031250
5.30859375
10.57031250
3.29051862
0.33155169
5.51497313
3.54264406
7.01594969
2.17350343
1.95654172
1.20166140
0.54394531
3.32405142
1.29606577
3.45648701
1.03911846
3.55078125
13.61767578
6.84211658
1.90202404
9.34465452
12.33170656
3.71170044
7.74218750
0.01104736
3.65625000
11.82633422
2.18440797
2.33789062
1.55859375
6.97866800
1.10531637
1.02050781
7.03482907
14.23616703
3.88699722
8.21093750
0.62744141
5.99609375
4.15234375
0.84408922
1.04720717
0.28830807
8.91341312
15.85107422
2.01953125
4.34305639
11.11767454
7.17480718
1.05012938
10.58170656
3.04882812
3.37109126
5.58105718
3.71093750
8.14843750
11.25423094
7.16690603
0.09420268
10.27176972
8.62206782
1.81152593
5.73110816
6.33529809
1.10058594
5.33087988
2.78663231
6.75439453
16.73112062
8.89062500
31.72298094
15.12109375
5.59733156
0.54675293
0.08013916
1.84863281
12.57031250
5.12408447
2.24609375
10.63525266
22.36554080
10.18750000
5.67578125
0.24194336
5.90234375
1.83593750
10.15625000
0.49633789
1.33789062
1.02050781
4.59765625
1.29340238
7.08477908
13.71850399
1.65551945
0.98779297
0.20959473
0.18129393
6.70735594
11.12435062
3.11994737
0.80485732
0.77978516
5.39908688
0.84212406
9.81379876
5.37370124
0.13977051
3.98632812
0.31172481
1.05778202
8.65625000
4.67655270
7.44856937
0.00247192
1.50000000
5.03125000
1.02832031
4.77441157
2.66894780
3.63476562
0.03445435
0.05398560
1.82324219
11.30891844
2.36881593
6.23469969
0.22623781
4.57161126
1.10221686
1.69042969
2.58105469
6.70703125
1.31640625
3.39453125
3.44554356
0.78101894
5.12109375
0.00463486
6.64866357
0.32594580
10.14062500
5.01953125
12.54687500
9.26562500
1.96972656
4.53125000
8.51562500
4.54215329
11.83723626
6.57617686
0.42211665
2.00293218
10.98079344
5.83951906
12.26269282
1.13965093
4.14062500
0.59179688
3.71295929
5.71580785
1.49903590
5.70133422
0.14107301
1.40959447
7.74545434
4.53483156
13.94025993
5.98046875
3.87695312
4.07259032
1.12369875
5.12141844
3.85709718
10.71581782
9.16251461
0.61458749
5.42187500
11.09375000
2.24414062
2.26550200
0.17517183
3.57828735
0.10896851
14.11251831
1.93066406
0.33569336
4.57980350
7.69482609
2.55078125
3.66796875
10.13914894
6.76319481
4.69335439
3.04297373
7.97265625
2.52836609
3.34179688
7.87233269
6.19049200
5.81608156
3.47460938
6.31673094
5.81217531
11.71875000
5.34375000
2.64290282
6.41959718
8.85156250
3.60253657
13.40347518
4.21371232
3.41015625
6.13647461
6.47965204
3.30810671
2.36849124
1.88948111
2.34489389
20.65266844
0.82405640
1.29085328
3.78074801
1.47120511
11.71484375
3.56672596
0.08268811
2.22265625
0.06923888
0.53352906
6.35188719
7.57389406
0.67626953
0.49243164
14.24023438
6.96093750
6.46484375
2.64453125
3.86587877
4.99349623
5.66829344
0.18986086
4.31573226
21.22784684
1.99739500
8.57389406
3.95930408
1.73210217
1.35644531
15.20377438
16.35091312
3.65429688
0.05618286
0.21630859
9.44921875
4.43750000
7.02343750
7.85156250
4.35156250
8.27967655
-0.04279768
2.85937500
4.83984375
0.33862305
0.17016602
9.47834456
6.59961436
7.82682624
9.89843750
0.36124508
0.74593265
9.00487534
8.22754654
3.71679688
7.35546875
2.11344360
1.36604859
2.58984375
12.34375000
0.30167602
3.56233765
1.69042969
8.73241689
6.30794437
3.00651374
9.57031250
5.71875000
3.70833001
0.92350593
9.35995234
2.34521235
2.94727061
1.86979001
3.60091312
0.07141113
4.03515625
11.21679688
3.18359375
2.43994141
4.42967753
0.18067403
5.08984375
1.42699946
13.37500000
9.06966312
10.94108156
3.28515625
6.29899047
4.00569703
0.79541016
1.15852782
0.48893312
4.37890625
2.53125000
3.01757812
2.06250000
4.64485594
6.02578901
1.39966755
8.01249834
2.99922041
4.10156250
1.28125000
1.29589844
1.76953125
1.61848875
2.07194093
2.06998532
18.15983156
24.81901125
8.76211548
4.17578125
6.17187500
6.98844360
1.30061890
5.69351175
1.58773825
2.35351562
5.03125000
1.34472656
6.01171875
4.95312500
2.81958008
6.66796875
4.94051086
8.84464539
4.39094969
3.02311281
6.58203125
6.83203125
1.95703125
7.28515625
4.14843750
0.95312500
8.54687500
7.41829344
8.01562500
6.10156250
6.82389406
2.54524657
2.19694093
10.27766844
0.70573000
0.26342773
1.81724517
5.09449800
1.58105469
1.49023438
2.85351562
1.35791016
38.28189938
5.20638187
0.94384766
1.61914062
13.27289119
9.59429631
2.37239002
1.97038342
1.54003906
4.20735594
4.11197252
8.57129654
3.45165891
4.08252078
1.02620360
0.23112062
0.93750000
1.60025876
3.11100343
5.83984375
5.56998781
3.39453125
0.65478516
6.89062500
8.06526485
13.55485234
0.39160156
14.57829373
6.52701906
7.07780031
3.36751219
1.43326906
3.85221188
1.02181156
6.74750263
5.85535489
4.46794326
6.77343750
3.13313719
0.77506593
3.77539062
2.48505783
3.99804688
8.16406250
11.26757189
1.44483045
0.17175293
2.18587157
12.73437500
2.33593750
6.84342531
5.10676751
0.74772468
0.56298828
2.68261719
7.06640625
0.16170227
1.07120789
11.63281250
0.33715820
12.67968750
1.64631081
0.69597434
3.13061523
3.34960938
3.98242188
5.57722961
7.84137993
8.00717171
3.12727782
1.49576906
3.52148438
0.93896484
6.70703125
7.87308218
10.92199800
6.13752549
2.36638076
8.46556517
14.03287843
3.87023926
8.38281250
0.63867188
5.43750000
4.65144836
0.64456716
0.79102061
0.28513424
2.91373781
15.34163453
1.58382203
3.75563856
10.85351562
7.49967531
1.20605469
11.15625000
2.82812500
2.64712379
7.53451684
3.51171875
8.02408688
4.03743407
3.46777593
4.83390071
0.29117859
8.43505984
6.90770612
0.52263325
8.70702128
5.68750997
1.31347656
5.57599208
2.62420323
6.29402586
19.95652345
10.75781250
2.64648438
4.37500000
11.37017822
2.05859375
9.76806516
22.48822146
10.78906250
5.97176086
0.36564148
6.84570312
2.18750000
10.10156250
0.62304688
1.71191406
1.00488281
4.42968750
0.71188017
6.81949953
13.43570922
2.00960328
2.59570312
0.50439453
0.17982908
6.16438719
4.61653812
1.56152344
1.81445312
6.78515625
1.22167969
11.52115470
5.79525155
3.31835938
0.08251953
4.38281250
0.26342649
1.08935671
8.94531250
4.61380856
17.68033688
5.90527593
11.21223626
6.40853280
6.64941157
3.73730718
2.21679688
5.43479919
5.73802527
1.80103723
5.07031250
0.19018555
1.20970683
5.71485372
4.30859375
15.04904938
8.54687500
4.10937500
3.12760251
1.07845218
5.75781250
4.89843750
10.25195063
9.03979430
0.68921210
4.50781250
10.95019282
2.29785405
2.97000942
0.30049839
3.47070312
0.13891602
14.03704834
2.15875244
0.54003906
5.34965647
7.92746221
2.53125000
3.10546875
5.94140625
5.01953125
5.67968750
2.47453308
2.02734375
1.71445304
9.62173316
18.36442265
3.11931294
10.68750000
1.48242188
2.08593750
2.81184564
1.72916999
12.62564938
6.60091312
7.98046875
1.25878906
0.26782227
0.01153564
10.52359486
3.50765514
0.01338196
1.33105469
6.51562500
3.95117188
4.58056516
6.75057070
1.36270245
0.80884724
1.48394952
5.77213874
4.68359375
0.05670166
3.36523438
8.04792775
0.99504100
11.51562500
2.87662932
2.57975343
5.69408696
7.80013187
2.72460938
11.48437500
11.50519504
4.44792996
5.49316157
8.85091312
4.19074939
6.59093409
3.20312500
3.14257812
7.82812500
0.00465012
13.78795546
5.32141954
5.90161133
8.03906250
11.04687500
2.64453125
0.00072765
0.52929688
4.01171875
5.46516844
3.45084718
1.49511719
0.81280819
6.20410904
7.22656250
8.34350399
1.33747729
2.89128435
8.34016844
2.35805505
8.32277260
7.39734901
2.60687767
6.89843750
4.05468750
14.03499204
2.60978335
6.38085439
0.59993905
5.80000886
0.09529633
3.81054688
0.60142517
2.21516844
4.69856189
42.79557624
16.96745124
9.42187500
6.30175532
28.03373448
0.42476410
4.77048538
1.99123337
1.17285156
12.92968750
3.17187500
5.16438719
1.03580812
10.60042110
7.69726562
16.28239140
1.66113281
2.03515625
14.41406250
0.60929196
9.94108156
4.08170656
10.03548094
3.01725343
0.93359375
1.60237547
0.46793703
6.19531250
2.79492188
4.16015625
4.54687500
1.02441406
6.14453125
5.38281250
10.55175532
5.76074468
2.91926751
6.44824468
8.07389406
1.24511719
0.03747559
12.45735594
5.14420656
1.86523438
6.44140625
4.16015625
4.72721188
-0.08719723
2.60156250
14.68749502
9.69336436
7.01204344
11.21093750
2.07780031
15.02807617
2.47167969
3.62695312
0.80495967
7.99418121
1.97050144
16.00340426
3.16814605
4.83593750
6.31581561
4.57480939
1.87988281
1.98828125
2.36399513
1.13814301
1.10302610
4.65024779
0.12850101
4.74609375
3.46305297
0.46761109
2.00227782
2.44694093
3.16796875
6.89876219
5.38639406
2.38899657
0.25195375
0.31327207
0.50586062
3.04149643
7.73763685
6.76334718
1.03971188
0.28239015
1.34147218
11.13899158
5.23633311
5.39420656
4.51562500
2.78906250
8.93619626
5.36881095
10.72819592
2.84602782
4.12076906
0.55029297
7.20599116
5.85644282
4.83431405
20.55468252
0.57975842
0.36500726
3.92057624
2.72273680
4.47233156
7.80078125
1.12532469
18.12207031
7.72688719
0.51058109
3.93440548
0.12687382
3.32730704
15.87174811
8.61897828
13.46695922
8.37858156
5.10156250
3.71614251
3.06315436
1.04785156
2.53320312
2.41526451
3.03794104
2.46647218
11.80468750
2.23242188
4.88671875
0.44758782
7.32682624
2.74218750
4.03906250
9.08593750
4.08203125
0.11968994
10.62500000
0.93457031
0.23603755
0.06803960
2.07990516
1.02573525
1.82128906
5.71875000
0.03617340
1.48718785
18.59473404
1.25699828
2.67619023
7.76359133
7.17968750
3.50585938
0.03579712
0.54972165
2.48958499
3.25781250
5.94140625
7.98989473
4.35808621
7.12467531
3.29687500
5.71484375
2.41259641
0.83593875
1.05984725
0.28500138
3.10156250
1.93349544
4.74908022
1.61328125
16.78483156
0.13731810
1.78483156
2.28401610
2.46647218
8.60156250
0.65144836
14.38256649
0.45328984
9.39843750
11.39523315
1.14941406
9.77945922
35.54982545
1.56640625
6.13012633
4.89363586
2.05045656
3.25455563
-0.08432858
1.66406250
3.65819814
11.12305186
6.06803219
4.00716312
12.69140625
2.94726562
0.82540894
3.89648438
7.96484375
0.31005859
0.67726370
0.31690076
5.73828125
2.09765625
3.18391844
9.76963381
2.53938719
1.95442625
4.94075687
0.16247559
1.46028563
5.20280031
6.94140625
15.99788328
14.43139648
4.57780031
6.49609375
6.41471188
2.05599124
8.44596188
1.19661624
3.11132812
4.28189689
5.04525155
5.07031250
3.05078125
13.71875000
0.09173584
9.03125000
4.74039672
0.56477906
0.33479735
3.41178468
1.88769531
5.39843750
0.88183594
7.88378657
6.84700687
15.71451906
4.01480829
0.94743046
1.37467531
0.01155853
11.25747784
10.82091507
9.32808597
5.05468750
10.54759415
2.50424091
3.31054688
3.64094969
3.42350343
0.01637268
7.70572751
13.65169437
7.57812500
2.14648438
4.41080563
4.36263187
0.71923828
13.38332748
3.08593750
8.94531250
15.47229004
3.98242188
4.91796875
1.16210938
7.08268063
9.23502687
9.12978026
3.35872562
3.29882812
7.89485594
4.88639406
0.00998688
2.63627106
0.27315277
3.86132563
3.92431890
2.90820312
7.81607159
0.72396747
1.00195312
0.05499268
3.11555657
15.27038823
3.88151125
7.15625000
0.68798828
1.99804688
0.06555176
8.56250000
1.66796626
1.95605718
2.05859375
0.04780575
1.21452335
0.59472656
0.01863098
2.90820312
0.04815674
1.88451650
3.61426280
5.59765625
2.00390625
5.01953125
0.82566268
0.21437638
3.35578846
21.52799811
3.60058843
10.64598239
10.44972074
1.96777344
12.25048205
7.61344858
5.02864749
5.07519282
4.01481203
3.02083499
2.64648438
7.50032469
-0.02357908
4.32478509
5.59700687
2.61653812
0.11077881
6.45703125
5.05468750
3.94531250
0.12451172
4.68750000
7.57421875
9.76348628
6.79231937
3.24967531
1.35510254
25.91634032
6.60905031
0.24743652
2.86914062
3.12532469
4.30045656
0.07623291
9.88281250
2.05484985
1.34456422
4.12109375
0.87483641
13.55468750
6.17545656
7.42008422
0.86995484
14.53983234
0.51042248
5.13671875
1.65722656
0.01945496
5.37500000
4.70735594
6.13248781
2.02766844
6.27311281
3.73289894
1.66391012
4.91373781
4.10188719
5.23405031
3.14453125
4.54492188
9.19531250
2.02539062
1.53027344
4.66015625
0.63940430
1.74023438
3.61523438
0.00440979
11.48437500
0.47949219
1.94466063
0.52408937
5.80859375
7.82617188
5.30859375
0.00305176
6.48079344
3.30826906
19.34228142
0.92261116
4.03125000
7.52246094
1.82421875
4.68359375
0.06030273
5.71484375
3.36132812
0.81494141
8.34651485
0.53190312
0.08378051
0.68196656
2.40852782
6.52734375
6.45670656
4.63671875
1.79101562
0.01864624
1.88183594
9.23437500
3.76813525
0.84612256
3.40429688
0.98535156
10.99365587
1.31966810
15.97835203
3.49967531
5.65649414
5.78125000
0.83837891
0.80517578
9.43294188
12.94547609
5.60937500
4.50596068
0.53938844
0.10065886
9.85514406
9.09858257
5.22478169
17.59065174
2.93555186
7.29655031
4.35937500
0.42895508
5.40654402
0.11960955
0.47245451
8.00358156
2.65039062
6.03125000
0.63281250
0.30456543
1.44531250
7.50781250
3.74218750
3.39843750
7.94628657
5.84310062
2.66569093
11.17187500
28.99478751
2.54915780
2.30271817
3.30812167
1.20117188
9.93715330
3.05594877
1.81742184
3.23567874
7.82812500
7.74707031
8.45312500
7.76171875
6.97265625
3.57226562
8.50602172
1.45003297
13.11848626
2.04362311
8.70001552
1.02850010
6.38671875
8.27408688
17.17545656
6.04784907
4.14746343
2.34342531
6.55859375
4.19921875
3.58495845
6.41731937
5.11034907
3.18619361
4.23437500
9.55468750
2.89148964
2.14089802
11.91406250
9.50716312
1.30957031
0.00349808
5.67968750
3.23437500
10.47069814
2.22266123
2.78125000
5.89062500
4.46484375
10.21581782
6.86295656
1.45507812
2.21028064
2.59864029
19.65234375
4.38281250
2.17587460
14.81738530
4.62109375
6.85156250
2.87890625
3.14794922
3.34179688
5.62141844
1.15397218
2.09375000
1.31835938
3.95898438
0.00195122
8.91373532
7.40950687
7.52408688
3.02864749
5.45312500
1.30371094
7.88281250
1.26074219
1.62597656
4.71289062
12.20743462
1.21834663
3.36132812
0.48071289
0.02601624
1.78125000
4.44173094
2.00748781
5.79296875
1.37109375
1.52359112
2.59229388
0.70654172
2.51106937
5.70133422
0.78108765
9.25000000
14.02606201
1.08121703
43.08483762
8.33846195
12.00000000
4.78125000
7.14094969
0.46744875
4.76953125
13.92968750
4.24039672
3.06624390
3.25390625
0.36132812
3.11132812
1.32259032
4.82389406
7.01562500
5.71875000
3.88476562
9.87206782
5.00293218
6.42788675
25.00473044
8.61360594
17.17300643
6.75553967
1.48649296
6.74186281
1.80468750
1.03027344
0.41284180
5.65689938
7.62986392
2.86808289
0.86667721
14.35546626
1.30989999
7.30859375
6.71093750
0.09073852
5.11507203
7.95344969
14.27040951
8.26679142
1.87402344
2.14062500
6.37858156
6.71093750
7.06673094
4.22623781
4.13281250
4.43359375
8.99218750
5.67968750
1.34472656
0.34952758
0.21101930
8.17968750
1.36816406
3.24609375
9.05468750
1.28987547
6.84260985
3.78547580
1.21191406
5.00878906
6.64550532
1.31445562
13.33235594
2.19303468
11.14615470
3.87337655
0.96614251
2.39713874
9.58593750
0.00523758
2.28906250
7.29736204
1.62060671
7.33203125
0.60253906
6.59519615
2.43214760
5.89876219
1.74869875
9.57045989
6.18344636
4.79703111
6.87630873
4.80468750
1.02506344
8.82975343
3.93472892
2.14597628
2.70312500
4.17968750
10.59569814
3.47070811
9.95800532
4.53450687
1.31412843
4.51171875
7.14062500
0.07696533
1.50488281
5.93237055
10.26855718
1.49023438
2.65429688
1.54101562
1.11328125
1.58789062
0.76399657
2.63834718
2.97217560
1.95312500
0.69093499
8.28971686
7.14453125
1.15917969
9.83245351
9.62173316
18.36442265
3.11931294
10.68750000
1.48242188
2.08593750
2.81184564
10.83463874
1.35644531
9.41406250
1.41015625
1.01529533
3.08040780
2.95623530
5.63183843
4.04687500
0.03887939
5.48046875
12.68765736
1.00472545
14.79687500
1.88378906
2.43554688
6.88970272
8.02278812
3.18164062
11.91406250
12.17771942
4.66212433
5.61393063
8.05045656
4.27799064
4.66540058
2.22331061
2.86328125
4.36718750
8.40625000
0.00474167
13.10465204
0.77620733
5.23437500
1.61425781
1.84667969
9.96516595
1.25911624
7.80403812
10.51562500
2.76171875
0.00090313
0.45336914
4.08593750
5.22298094
5.23405031
3.52539062
0.99288376
6.12533466
7.08984375
8.30956782
1.64843127
3.00049700
8.19352172
2.75632772
7.73618572
6.84765625
2.83960724
4.89017731
0.91792816
9.53906250
0.40429688
4.07031250
0.49908447
4.72298094
4.26529533
46.04492686
1.03222656
2.74609375
14.25781250
0.53108641
9.48795656
4.05078125
10.04117797
2.89046265
1.01562500
1.34887633
0.49340883
6.47688719
2.15983156
4.12109375
7.35969969
0.98307375
6.57063719
5.12500000
9.85351562
6.01920656
2.63020501
27.15153202
0.63134890
1.85302361
10.32112921
5.55891844
10.53254876
1.74609873
14.70605469
2.21264648
2.06713369
11.08714899
1.91871537
16.88442598
5.45574246
2.72884032
2.79427249
9.61352539
0.47338867
6.74942868
4.66796875
-0.03263180
5.27734375
2.82242797
0.37369750
1.21679688
2.36490968
4.65234375
5.94596188
5.20703125
2.10335328
0.35302859
2.59406971
7.35139517
6.83220356
0.83496094
0.36206055
1.38737062
12.45572252
5.81087655
6.41699468
4.66015625
2.74218750
7.18294188
7.79264406
0.61572266
8.25292720
17.91927249
3.67155031
1.66373532
12.01497562
4.45703125
4.66015625
2.82942376
2.12956061
1.82031250
2.20117188
1.58455321
4.80468750
6.30436281
6.69531250
0.65625000
3.41796875
8.66406250
0.10894775
1.44824219
0.04119873
1.56304537
6.16521387
7.69645390
1.22753906
15.17187500
1.63476562
0.30826657
0.14266117
1.38052456
10.69653063
0.90462281
0.18961422
6.82389406
6.45280031
7.11718750
2.41487423
2.04801640
1.07665393
0.34815076
2.28320312
5.82307735
0.12223515
1.36621094
0.00978851
2.26697773
4.59710549
1.30696781
1.91210938
10.84585550
4.76742575
1.69726562
4.22888184
2.17578125
9.92789672
35.83150269
1.40722656
12.46695922
8.00244016
4.13997562
11.60156250
3.10047401
0.71650444
7.62890625
2.91992188
5.12141844
16.58011965
2.66210938
1.49771969
5.94075687
0.19970703
2.63736813
5.27701906
6.35123781
13.33805172
14.29520754
5.31608156
6.68359375
6.74674313
2.33333499
7.95768063
1.19856937
2.62500000
3.52278314
5.03776374
5.08203125
3.32486813
6.51062167
0.85005707
10.68750000
4.00488032
0.70019780
0.57576165
2.76627936
2.08593750
6.85758422
0.77506469
7.48925532
5.82682624
15.71093750
2.69628657
1.33984624
1.02539062
0.01567078
6.79719969
3.80161374
8.70422613
4.88671875
10.19997029
2.14649434
3.45507812
3.47070312
4.54687500
0.01998901
7.61620845
12.43652593
9.64664672
1.11702515
4.44173094
5.89632203
0.58268188
13.31169466
2.67968750
8.13883422
15.20613648
3.86328125
3.74414062
1.16113281
7.02831782
7.72330812
9.49528929
3.15918218
3.45703125
8.33235594
5.02701906
0.01324463
2.18650806
0.18507397
3.73697751
4.04378421
2.77148438
8.18691933
0.66952598
0.87158203
0.04953003
2.65234126
3.13639406
4.80175781
8.75537234
0.75081422
2.27539062
0.06866455
7.33593750
1.12255361
1.66016123
1.49218750
0.09925292
0.89192750
0.41699219
0.00779724
0.78955078
1.65290760
4.34928967
3.37767601
10.90266844
3.46842531
0.63232422
3.46907469
27.05891346
2.32194592
13.73664783
11.98177748
2.13281250
14.21353502
6.34505873
5.20507812
4.59081782
3.51945070
3.38997562
2.30859375
8.25781250
0.04727173
3.28735102
4.96061281
2.50911624
0.10406494
6.60937500
5.42610594
3.55826906
0.11138916
4.71875000
7.51171875
9.72725428
7.12402593
3.39257812
1.21850586
25.54134032
2.87540773
3.22851562
3.83235594
12.48014406
1.65169188
1.77799562
4.10156250
0.90152953
12.32599956
2.78907247
9.40625000
4.29979721
2.71387466
4.78125000
3.45052000
5.68717531
3.17187500
6.49926758
9.86360594
1.75553468
1.46972656
4.28125000
0.46905518
1.90039062
3.65234375
0.01486206
10.20312500
0.99951172
1.62141844
0.62125734
7.93424313
3.28841312
8.13659668
2.26367188
4.95703125
0.41748047
5.61328125
2.80468750
0.83251953
5.33658439
0.22363655
0.61263062
0.13316771
8.71093750
7.45670656
3.00976562
5.46875000
0.02775574
2.19726562
10.42610594
1.74544188
0.52913578
3.87695312
1.12207031
10.32155624
0.86231216
11.37499751
1.86141117
6.45280031
2.20703125
6.91509947
0.18188539
2.87695312
6.20312500
4.00325438
0.11397340
3.99397828
20.34086059
3.26350953
5.88590453
1.33881445
3.34278590
1.02971312
8.34733156
3.19531250
6.42008422
1.02815797
0.30371094
1.45996094
6.89062500
0.21923828
0.84326172
2.18750000
0.01582336
1.08203125
0.84375000
0.26367188
3.10904533
6.22135749
2.57194093
10.34375000
17.26855220
2.06933843
2.11415982
3.30600620
1.19140625
10.79917145
2.47698784
0.98069088
3.25520999
8.50000000
7.76953125
8.68750000
7.71484375
6.65625000
3.57617188
8.84977172
1.32600953
13.69353460
2.00177790
9.08372341
0.87721409
6.90234375
3.15039062
7.16715329
15.09440187
6.77441157
4.11230718
2.06998781
7.01171875
4.18359375
3.51432126
6.17122562
5.13736813
3.04392726
4.20312500
9.37500000
2.92578125
1.81721922
11.91471188
9.51855718
1.20703125
0.00415421
5.15234375
3.34765625
10.32649158
1.80827404
3.10742188
5.06412345
6.75618905
1.74967282
1.85936752
2.38151872
18.47696642
1.89648438
4.68927754
7.07747562
6.07421875
9.58951906
1.57128906
1.82128906
4.91601562
13.57584220
0.98079842
3.10156250
0.46289062
0.02197266
1.48730469
8.72656250
1.57910156
1.99380347
2.94076684
0.60742188
2.49218750
3.98242188
0.67480469
8.75000000
12.76695739
0.74405945
43.85689207
9.05045656
12.92968750
4.58593750
5.22086547
0.32161500
1.78125000
7.83528563
4.39030031
7.55078125
3.30750275
6.50781250
2.17382812
3.52539062
0.14892578
7.04105881
1.50217697
0.82932370
8.72304157
3.61490968
1.86816406
5.98681516
1.69189578
1.50488281
7.55891844
8.28906250
2.99576906
4.04687500
4.05078125
5.07031250
5.16438719
2.55045656
1.88548309
2.50229277
2.15201906
8.72656250
1.86425781
3.33593750
7.85546875
1.27327391
7.87809328
1.26334469
2.47591312
9.44531250
0.00878143
2.15039062
6.82649657
1.36067625
10.37435062
1.59375000
9.70865719
5.80468750
0.93294437
5.25390625
5.55078125
0.09088135
2.09179688
4.91719481
10.23795656
1.72851562
2.70703125
1.68066406
1.20117188
7.45301178
0.87327072
0.42325680
10.53792484
5.77376219
1.17578125
12.15413079
0.04508422
6.97054078
10.62500000
15.33837891
6.97656250
3.40039062
8.42187500
0.00661469
4.41406250
4.75905228
3.40039062
11.50781250
0.17114258
1.93164062
10.36718750
3.20898438
0.04577637
12.18212268
1.10205701
12.67968750
9.34081782
5.37011968
1.86914062
33.99282691
19.73990470
10.87729277
7.32844969
4.76497562
5.27311281
2.95312500
4.04296875
5.10969969
-0.00868651
2.97460938
12.08300781
7.08984375
7.76171875
7.41796875
0.72607422
2.87597407
8.49511968
3.78906250
6.76757812
12.29101562
12.34468402
10.87011968
0.11523438
7.92252438
2.39981432
7.41862810
6.24039672
2.19319703
10.38281250
7.20312500
3.10716248
5.03157469
5.79003906
3.62589601
5.44173094
2.62076906
4.01171875
11.15289182
5.94677859
7.73843861
7.12679576
14.01025266
0.77099734
6.06791958
0.98579136
6.42414783
3.61035156
16.47038342
1.19856688
6.63671875
3.45865968
8.01464844
4.90404588
4.90258976
0.24463389
11.31607408
12.48730718
4.99218750
2.06087655
2.96712157
0.77018312
1.53417969
5.08024047
5.81883893
3.32064716
6.25585938
2.08984375
4.28515625
45.50737201
7.35476285
5.23584607
23.51513298
9.74626108
1.17089844
11.59277344
1.78613281
19.81054688
10.97656250
12.77961658
3.59928967
1.71419188
6.89387190
6.92611591
1.97949219
30.74104610
5.15738766
2.89892952
1.59472656
5.25543213
1.42415282
4.70983596
2.99311503
5.26074219
9.74820922
20.17398299
13.47461685
1.32453721
1.72152482
18.01367188
1.09082031
4.36625722
10.59663341
7.80872052
0.06001957
6.25000000
15.75252196
13.11165282
13.58040531
8.23910236
5.05078125
4.17057126
3.68529650
1.54802138
5.37125734
4.48828125
6.08203125
3.64062251
3.81477782
9.57682624
1.89453125
4.89062500
6.29899047
0.11336305
4.51219114
5.11537233
7.48437500
9.31314938
3.11295656
11.84928468
4.33593750
9.44563470
12.72631649
0.53996287
5.91032219
0.12155700
4.39648438
2.70312500
1.98404782
8.80110594
10.79980718
4.58984375
10.31673094
0.32364992
1.53758930
10.51237311
7.05371343
4.37500000
2.21289062
5.29784907
13.42830507
1.42000305
5.21810062
8.47298094
3.15804078
4.06640376
4.85481937
1.36148549
1.79427748
0.94091797
13.45751330
2.11670545
2.41601562
3.38050505
2.21942653
4.87370124
5.97265625
6.68228502
2.88802748
3.21614251
4.07356937
5.16341312
5.46785461
1.83683289
0.48860656
0.45890320
1.09863281
6.46029663
2.26171875
6.71875000
10.14017615
19.10058843
3.13834718
2.64257812
22.79980469
4.12377965
0.84008754
2.30664062
4.00390625
16.93359375
2.90885251
-0.06125729
1.59667969
0.72351074
1.64240289
1.26953125
5.13281250
8.66406250
0.73535156
1.96582031
7.34765625
8.40010528
0.11576387
4.77571532
6.20885277
0.23126404
3.76465093
5.35546875
1.46386719
6.26082336
0.48722351
17.67675532
3.47493407
4.43620124
1.78125000
13.35937500
1.58186641
0.45280156
4.76562500
9.10904034
1.89681903
6.88248532
9.61458499
6.55859375
19.48046875
3.41080065
8.26467543
23.19596188
26.24593265
1.66210938
4.62313461
12.01204344
1.64274172
2.55729001
7.95900638
1.22037594
7.46810062
3.08007812
4.08235594
4.07812002
1.64811779
7.74706782
0.62549077
3.72851562
3.03336422
7.95670656
7.10057846
1.02995622
0.75000000
3.60750242
1.98372313
5.72200687
2.80468750
1.08837722
2.25932559
3.98618572
5.67968750
0.36531492
3.45728390
8.45605718
1.52441406
0.60742188
11.09016844
1.16764406
5.02555297
2.56329802
1.55063386
3.24576906
8.75423094
3.53873781
0.15490723
3.34375000
17.45312500
2.22851562
5.71484375
14.02701657
3.00944093
9.38525266
6.27913453
3.12435062
5.65445922
2.36344360
8.81510251
4.62488328
0.31150664
5.30761968
3.93945312
2.29882812
3.32812500
17.87141844
2.95816767
11.82682624
23.40168440
31.37777482
2.69303468
6.89062500
17.61962766
22.81753768
3.62175310
14.05550172
19.15218140
8.25594037
0.03031496
10.30175532
9.50423094
7.18498116
1.13264994
1.60637411
8.02148438
2.97265625
0.54630852
2.74023438
8.03906250
1.65429688
2.34700189
0.75553718
1.57665019
1.17969747
2.65234375
3.18750000
2.99136082
0.93637355
4.37198727
15.54389528
7.60408357
5.89485096
13.60491826
11.32812500
7.43359375
4.17187500
4.45703125
7.61328125
3.21289062
11.01204344
12.49576906
2.75654790
1.46943330
7.62826684
11.74218750
15.88931627
9.38867686
0.78206546
9.89973626
9.98394981
3.43782850
1.16227047
6.77457890
1.71761109
6.92968750
5.74106781
2.62239749
0.32226562
7.99218750
2.35546875
3.28807846
3.85254654
7.82812500
0.04623413
10.24218750
8.84369571
0.83599179
6.59375000
13.68212766
0.47037843
1.37874390
5.49088376
2.60481937
4.32031250
6.18359375
6.67414783
4.84180186
9.03286743
3.56998781
7.81595856
0.72847504
6.22656250
13.71516844
4.81445312
1.18229250
12.44173094
1.50358156
12.98079344
0.34350586
2.18717531
4.85937500
10.52343750
3.05468750
2.62271720
0.44320077
2.35937500
10.00455563
1.51627687
4.13248781
11.32812500
0.18054199
10.58593750
3.70898438
5.83984375
8.56998532
8.96028812
9.67382314
0.09814952
1.47753906
10.78906250
6.44897274
0.80591007
0.76639770
34.70947141
4.41341312
18.21757258
1.98730718
0.90332031
3.48786791
0.29680006
5.14062500
4.57763547
5.66434692
2.38606937
2.32226562
7.16226674
3.15217642
10.47266622
2.33007812
1.09570312
0.10278320
7.70343972
1.30437278
15.50781250
3.88964844
4.53782934
7.03028590
15.70312500
8.03125000
3.50000000
0.78580563
0.08357914
0.83056641
3.59179688
7.81640625
0.01018524
7.28173828
38.97704330
3.72396498
20.04849845
6.87011968
8.27636968
6.46484375
4.65234375
4.12890625
5.75781250
2.67187500
5.94531250
0.06329346
9.03906250
8.14843750
26.03498892
24.22917124
11.05374146
2.32259032
5.99576906
0.52246094
3.41015625
11.49707031
9.36209488
2.66601562
4.03125000
3.27148438
3.86914062
7.41630012
10.58040780
0.01523590
0.68840452
2.78710938
7.48828125
3.45084718
16.98286365
1.62109873
2.43584854
6.88543245
6.39453125
13.96158688
-0.07529538
1.45214844
4.40234375
2.12634277
8.46875000
0.17785645
6.49218750
4.54687500
0.51367188
3.40939558
2.39054632
3.55078125
0.89335082
0.45589234
1.51936766
7.12467531
5.31941711
0.76212586
7.07845701
0.99829419
2.56608156
14.54833984
5.47265625
7.82259032
44.08951906
6.06933594
11.18814938
6.49348626
0.18311045
7.68750000
4.34765625
2.13671875
1.18424188
1.10042608
0.49902344
2.07356688
14.55582765
1.43750000
3.23437500
2.66015625
11.63492797
1.57893922
11.81250000
7.07844969
0.44799805
1.59635251
6.00927984
3.03125000
0.83772703
10.87003664
7.29589844
9.41822596
2.44060449
3.48958250
3.93846909
3.89909685
0.18566895
8.02310284
4.55502216
7.37304688
7.79296875
4.64011803
0.77003822
19.68485348
3.26888187
12.81673094
5.46619225
1.59342282
8.33105718
7.29687500
2.41796875
2.79752438
3.32552249
12.24413564
7.42383311
6.68750000
23.55175781
16.97363032
21.14330511
5.51392394
16.17496454
7.54801640
3.45084718
5.13281250
0.22131348
0.26342773
0.02490234
5.86718750
2.75195312
5.86751219
6.94889406
8.49218750
1.55566406
9.02343750
20.06544668
0.63303965
4.84179688
5.41406250
4.78515625
4.35937500
10.58593750
4.29036375
2.69303468
6.77148438
1.42187500
4.30859375
1.57812500
2.24804688
1.39550781
5.58984375
0.01452637
4.81250000
0.86865234
0.98852539
6.41796875
2.32226562
2.71923828
5.54360816
0.15463403
9.43750000
1.97656250
6.23913574
10.66459131
2.25781250
1.74739500
4.34342531
9.27058587
7.76245117
6.47558843
5.56217531
2.70117188
1.63574219
4.67968750
12.02701408
9.17155280
8.21549313
13.56337442
0.19117519
4.60937500
4.57031250
0.15979004
4.18001219
3.86686281
5.38281250
0.03536987
1.78515625
2.65234375
3.60058594
0.97021484
7.60142523
2.01483955
1.98828125
6.85905031
1.98339844
3.89062500
0.14589416
0.30533875
16.91328459
7.35722073
1.77051030
11.60807126
0.04508422
6.97054078
10.62500000
15.33837891
6.97656250
3.40039062
4.17968750
10.82013845
3.97851562
2.04296875
6.46875000
2.28125000
3.39453125
13.18391844
4.45670656
0.13732910
12.01415517
0.98926280
13.30956782
9.70247562
5.63281250
1.86393312
33.84032082
19.57193595
11.22136746
7.05973266
3.74251219
5.55729499
3.86328125
3.51367188
5.46907469
0.03141359
5.93001219
5.15494875
1.73144531
11.82031250
1.95410156
2.58789062
2.00000000
0.34456297
2.40152704
3.49877342
2.08033188
10.14453125
10.05663564
7.50049202
1.64094346
8.20964372
5.59765625
2.25976562
10.58593750
7.17578125
3.38092041
4.26562500
6.47455810
1.88973023
5.69531250
2.00195312
3.16210938
4.46614251
0.34407718
3.70247562
8.93228502
9.70345717
14.67431516
0.86958863
5.98825410
1.02118683
6.23925532
3.20540032
17.47038342
1.21972656
6.21093750
2.89843750
7.26953125
4.96353502
5.15625000
0.14095717
11.50918932
5.58366467
2.06412843
1.25976562
2.42968750
10.25194814
4.33723626
1.54362810
4.94953846
3.16178967
5.98437500
1.80664062
4.25390625
45.95974181
7.72270556
5.17497451
22.25959830
9.51188608
0.81835938
1.40429688
6.31567383
1.96582031
9.74218750
4.60546875
0.00512314
8.28125000
6.01831055
6.03043329
1.05648077
2.37043939
1.76447488
4.97494902
1.97070312
2.62695312
9.68935949
2.62314051
4.74609375
27.18208739
11.54557375
1.75683594
3.90184609
2.39341482
4.64599609
9.59977172
20.28368518
14.50391123
0.72240962
1.24544686
12.50781250
0.96777344
4.51916917
10.74352614
6.33424656
-0.02298825
17.27046046
7.82556736
0.52262453
1.07633297
12.97741824
7.83570026
4.95280031
3.27799313
3.77534038
1.41358543
5.81250000
4.86328125
5.90657469
3.55175532
3.81250000
10.64713874
1.60351562
4.53125000
7.78381317
0.15991242
4.06433011
5.34327792
7.42578125
9.02408688
2.95084718
12.31412843
3.93359375
7.95833001
3.72916999
2.30598626
7.72949468
11.11295656
4.16796875
11.28125000
0.90380859
1.87327752
9.88305664
6.86796394
4.50390625
2.57031250
4.77408688
13.03051696
1.23315492
5.31966312
7.76562500
2.62695312
3.55191891
4.66585328
1.41080189
1.67708998
0.90576172
14.74055408
2.46061779
2.32812500
3.01008408
1.82406139
5.11653812
5.80468750
6.56119127
2.77279310
2.99739251
3.62174811
5.33984375
5.19441711
1.73722351
0.50642883
0.42936219
1.11816406
6.07019043
1.81054688
6.08593750
10.87651712
16.28010860
3.14404920
28.15625000
3.70311005
0.92774933
2.15234375
19.13102172
3.05387079
-0.04255853
1.50781250
0.97119141
1.16291945
3.08357602
0.90991522
3.20703125
7.25781250
0.70703125
1.52050781
6.84765625
8.23168883
0.12878480
4.71061032
6.14660938
0.31757582
3.53418218
4.52343750
1.28808594
9.00781250
0.86246703
0.23396851
6.95474845
3.43001717
1.79394531
0.12097168
13.56250000
0.94590162
0.26137377
4.12109375
9.82485816
1.57162621
5.33007563
9.42187749
5.61360594
1.49869875
19.60546875
3.05468252
8.27545664
23.92040891
25.80859500
1.49804688
5.03255892
2.89062500
1.58561032
8.60054691
1.28222656
7.51953125
3.36718750
4.06119626
4.66893784
2.03353778
7.64647939
0.84668467
3.96093750
2.99300047
8.24576906
6.68260971
0.94824966
0.76171875
3.33943602
1.83561281
5.51171875
2.94156860
1.12434325
2.39792484
4.38608931
5.38281250
0.32722899
3.69257443
8.22949468
1.35156250
0.48754883
13.06673094
1.10416750
5.78125000
3.96679688
6.39329123
1.49961158
2.97233156
8.91048094
2.98209718
0.09533691
5.18001219
15.56729977
2.67676030
11.47900266
5.54687500
3.39209109
5.52164672
1.89925172
7.42870845
4.37929307
0.29051487
5.03060062
3.49023438
2.37337157
13.42187500
25.07648161
30.58627714
2.18847905
6.85156250
18.07275266
22.36555408
3.27263076
14.17976867
19.75707946
8.30885652
0.12259887
10.24527704
9.57812500
4.98563940
1.10141063
1.49716145
9.15478516
2.73437500
1.64320799
3.49772218
4.50000000
3.94010251
7.51106937
1.43457031
2.95768063
2.03841312
2.96093750
4.25032469
2.50162345
1.50391123
5.06412594
6.45638187
1.11132812
6.56201172
6.49110552
3.16460245
0.11746155
6.70703125
1.57226562
3.85529644
4.33415669
7.67610594
0.12475586
10.49576906
9.07746427
0.76856354
5.45670656
12.21939938
0.46761234
1.34863281
5.34765625
2.85351562
4.17187500
5.68359375
6.99544188
5.51530031
10.46875000
1.05249023
1.56933594
7.65234375
3.90234375
1.42293274
0.90665711
2.38476562
6.08413675
8.76547262
0.89111328
10.79687500
0.99414062
8.81250000
7.89453125
1.12109375
2.30907082
6.79835106
2.98376216
12.56543218
0.32002684
1.69628906
11.60156250
0.68766359
3.47298094
14.36295656
6.49218750
6.09375000
0.81103516
0.08685303
1.56542969
3.04296875
4.95703125
0.00476456
0.82568359
6.08061981
2.40559813
3.34147218
20.45768063
7.77132203
7.96630984
7.51953125
7.11946532
3.40397218
6.98046875
1.89648438
3.75585938
0.02163696
9.28125000
9.34375000
25.85595080
24.54883436
11.64782715
2.60774657
6.00748781
0.50683594
4.16438719
11.68912843
5.42708250
2.88248781
8.11360594
3.24576906
14.56764148
1.58757092
2.51554483
7.15415198
7.36718750
3.87109375
11.83325133
0.25927797
1.68652344
3.64648438
2.06823730
1.90917969
7.50781250
3.63476562
0.42626953
2.54541501
2.63436225
1.94905516
0.42643312
1.84863281
5.88313719
6.98616578
1.08523091
5.77643863
0.58704970
2.16764406
13.62255859
6.32812500
7.03710938
44.08984375
7.79980469
11.34798094
6.88117908
0.03451185
7.72656250
4.59407469
2.58561281
1.03564079
1.07764046
0.44091797
1.41821289
17.65820312
7.15625000
11.37106536
4.91356550
4.10970966
0.09283447
8.34048316
5.19467309
9.57031250
8.21875000
4.88462268
0.78920544
21.01464844
1.87207031
0.75736325
3.10872562
11.75076719
2.15234375
1.91959718
5.17187500
1.79492188
17.58658688
6.19856937
14.78743407
10.57893174
3.94027482
6.88671875
24.22298094
16.75846188
7.56185062
4.41373781
5.34375000
0.25048828
0.21093750
0.03326416
5.50390625
2.75195312
4.23860594
7.12467531
4.89843750
2.70117188
6.42578125
11.16650266
7.52880984
1.45800781
1.02575684
6.59765625
4.78515625
4.39453125
10.62500000
3.01936766
2.45475343
3.91861813
4.77278812
1.59179688
2.92187500
1.27929688
5.41796875
2.89355469
0.40917969
2.41015625
4.65087891
5.05271942
-0.08982880
9.74218750
2.76757812
7.99332516
11.40787594
6.31933843
5.49576906
3.99641844
1.67545656
4.55468750
10.04646166
9.25626773
0.12891123
4.78906250
5.27343750
0.22753906
4.30175532
2.61816655
4.09838867
1.19921875
6.73453236
1.48342272
0.54101064
8.46680186
7.73828125
14.30110594
5.57780031
18.04231688
4.43782469
0.48714359
3.91634032
12.76920656
1.46093252
2.49609873
3.34798094
1.69596437
1.86914062
8.88198076
1.40024580
16.07617188
5.36328125
15.27343750
3.18766235
0.15352418
15.51204344
2.21606423
3.37581422
3.94531250
6.41406250
2.40429688
0.19421387
4.98420019
5.15413453
1.96029809
12.07031250
2.55664062
5.78906250
5.73649047
0.66731812
1.39453125
6.23437500
5.17968750
0.05236648
0.12642457
0.07205200
2.07559204
4.89062500
8.62500000
4.93359375
1.86816406
1.76953125
5.09765625
3.47298094
3.95670656
3.34765625
1.38867188
3.30289672
0.17781617
4.49820922
2.99593140
3.54979970
4.11637079
6.54964982
4.51774047
0.35432984
1.86425781
6.79752438
4.24544437
6.59830563
12.02278812
0.01834106
1.57324219
9.39843750
1.90380859
5.66015625
0.94873047
4.71557617
0.72216797
8.36657715
2.99609375
0.05059814
42.30533688
9.85091312
6.94954344
7.25358156
9.15119595
9.33349734
7.46695922
21.54017050
1.31633754
10.81250000
1.34277344
4.13716861
23.85561988
3.37012965
2.81250000
2.76023771
13.37517730
2.08919437
1.62988281
1.65527344
6.79687500
13.78944859
11.74780585
1.32250914
9.14485594
2.48177249
10.93759012
0.69723340
0.51041750
1.04492188
5.09439938
2.76497562
4.68033688
15.53624637
5.52343750
5.90608267
1.37321420
5.28515625
4.64453125
0.14806029
3.02311281
1.44531250
4.30224360
9.97168218
0.40600586
1.31762695
4.23502438
12.60872562
4.02962157
2.18717531
8.20312500
4.08593750
0.10125732
0.99467381
1.73080341
8.14062500
2.07031250
1.89062500
0.03111267
1.17382812
3.95800532
10.39843999
4.98105001
10.03548094
2.19498781
15.13964096
1.73340591
13.77377319
1.38671875
10.52343750
19.06347656
10.83593750
0.04196167
8.82812500
0.93147703
1.11686281
0.72119141
10.83658688
0.37776859
0.01679993
4.61181516
2.57568484
5.81673094
4.34342531
12.56789943
5.30936738
3.13411624
1.15364500
9.24576906
3.40657469
1.42155031
3.70898438
7.76953125
7.44051086
0.63126648
1.80175781
4.24001053
0.04795334
0.19880001
1.49511719
5.64030031
3.58170656
8.42610594
0.36149172
2.53710938
7.66471188
0.57991703
1.39941406
6.07291002
11.62294079
5.05637697
3.39843750
8.61523438
4.51171875
0.27368164
0.02186584
0.56692006
2.96123453
0.71565797
4.44173094
5.13248781
0.07763672
1.08203125
9.17187500
1.11930297
3.33060668
1.98014406
7.21875000
0.21606445
0.08062744
10.12500000
2.20312500
5.60156250
0.04852295
0.83496094
3.79492188
0.73779297
0.71240234
3.97021360
6.01318484
5.39062500
0.01556396
2.68586658
7.66569592
0.56884766
1.54687500
4.16259766
2.58984375
1.72412109
7.64453125
6.61767578
4.66796875
1.75161597
-0.05923316
7.14453125
0.18896484
10.07031250
0.62243652
13.81803219
2.40364749
7.23665282
12.14843750
1.45573000
0.22204590
7.33300781
2.31250000
13.49218750
1.55273438
6.90063477
9.67187500
0.43139648
1.99478751
1.92643561
3.36100343
18.91797851
4.82600953
3.49039672
0.55354859
6.50813719
5.61507203
0.26814820
1.53613281
1.82774779
2.39257314
3.14225842
4.67432616
1.26741578
4.17219969
12.88085938
6.36393312
4.79296875
0.31294676
2.86881593
9.86718750
2.62605774
1.08422789
1.81901125
13.66406250
6.04687500
4.10937500
0.17614746
10.71093750
0.04342651
5.34814405
2.04426751
1.54655280
13.39062500
7.67968750
1.47656250
0.39770508
3.72851562
10.14754211
0.26603211
2.66230178
8.99218750
2.23242188
2.67773438
6.92187500
3.70083223
5.88510527
2.73799559
1.34147218
7.51204344
2.57194093
7.91796875
3.78515625
5.95442376
5.10416999
1.70214844
6.31640625
0.02984619
1.32812500
7.66015625
11.21695922
0.10933473
4.53125000
0.99804688
4.10156250
5.66015625
1.96000132
1.05489126
3.53157469
7.24186281
1.39160156
2.83203125
4.85742188
6.56372008
0.19197570
7.48405031
5.45732542
2.01530031
12.01293883
1.79077211
1.68750000
4.60546875
3.78125000
3.81054688
8.72943115
4.63085938
1.22786375
0.08878664
11.04687500
0.45755529
6.98860594
4.53873781
9.37500000
2.75781250
8.26854721
3.01465591
2.92024657
4.92155031
6.01953125
4.91406250
7.55662567
1.56642120
5.74609375
13.90625000
5.59765625
0.12213135
0.39062500
4.65169188
4.49218750
5.15396720
4.58008311
6.67187500
10.67610594
0.24373414
0.29598023
3.16796875
1.21191406
7.34635251
5.32747562
7.20312500
0.64404297
9.12384863
1.11866356
6.96093750
0.49649899
2.37011968
7.22656250
0.30102539
1.25097656
6.59375000
6.67854735
2.57780031
5.73535156
3.34700189
7.92057624
5.46484375
0.27783203
0.97509641
1.62060671
0.57519531
6.27001330
0.80713514
0.07586670
2.15055172
6.90950687
7.68780475
3.10907025
21.08408319
3.33870733
0.65234375
3.05436032
2.23958499
5.03906250
4.54687500
7.41829344
3.45475343
1.66503906
3.22281860
1.18147828
2.65820312
11.91471188
-0.09128659
0.43710298
2.19970579
2.34082280
6.50813719
3.49381593
4.48437500
2.46679688
3.88476562
0.89550781
0.19322293
1.45540531
1.36132812
4.10937500
0.00214577
6.30501219
6.64640383
5.14863642
0.79472295
4.55468750
4.66015625
5.83203125
1.70312500
5.95703125
0.80891844
1.56119875
8.85156250
4.37500000
12.33918939
11.63411126
2.41537123
5.81768783
0.26393569
1.65299562
6.60937500
3.97656250
5.26171875
0.11218262
18.99633789
1.49218750
0.05841064
4.58593750
13.63435727
0.34415835
4.60286375
1.00846437
9.39664672
0.53011109
10.53166624
8.80826906
8.15625000
0.38037109
1.28710938
0.38435540
2.68034186
0.74755859
4.22656250
1.56152344
1.66796875
1.18457031
3.50829954
3.88427859
10.97656250
3.51562500
6.30078125
8.29752438
5.12520511
8.50574582
2.52864749
5.94921875
10.07942376
2.08854499
9.32812500
0.81494141
5.49414062
5.45703125
5.89453125
0.19384766
9.45043883
0.34545961
3.06640625
4.50650377
4.35287123
5.28548094
0.05497316
2.39843750
4.60546875
4.43359375
2.11718750
5.10156250
9.96875000
3.37890625
0.38818359
9.32942376
6.20280031
6.94238530
17.54744383
6.26139406
3.13281250
7.14453125
8.32031250
1.20019531
4.55468750
6.16471188
10.89778812
1.99218750
0.61962891
0.81591797
9.88704344
1.25944093
2.37304688
2.66992188
1.44824219
1.17187500
0.49096680
0.28955078
0.53173828
12.01562500
3.10546875
9.76204095
6.79166999
1.39941406
10.55891844
0.39160156
2.04655031
5.09830563
2.82356937
2.77766844
2.28873781
16.40625000
4.99218750
4.17187500
0.64062500
0.39062500
10.81250000
11.14062500
5.02376219
0.78385500
3.80078125
0.83471680
3.21728266
24.81478031
19.63434676
5.20703125
0.75732422
3.48632812
7.85546875
5.16406250
9.40881317
1.05618545
3.04574357
3.41015625
1.26123047
10.38281250
0.46313477
18.29516602
5.76659907
1.31152593
1.14331055
14.02799064
12.31673592
10.41048094
1.52701906
12.63281250
10.56389351
0.16718560
1.36822307
5.05658161
10.61718750
4.36328125
8.22298094
2.32584718
13.88964844
10.49706782
4.65136968
10.92968750
8.76562500
6.76903923
2.34879765
3.63216312
1.27148438
11.65608018
4.04997451
1.70800781
2.53906250
11.32193595
5.24837655
2.34765625
11.21516844
1.54850343
3.92447751
3.55599124
11.91471188
2.22591312
10.55468750
3.35855829
6.27816046
4.65625000
2.68750000
7.64062500
4.27099609
8.77482906
3.60465702
8.17968750
1.54003906
7.50000000
1.35399508
10.55110594
3.01725343
6.44531250
0.23242188
2.23632812
13.50503768
4.69059951
6.48795656
0.19006348
0.87060547
1.91503657
2.24511968
2.47460938
0.84944578
1.07291750
3.00000000
9.83544548
10.42464483
0.69156984
19.53125000
1.91992188
5.90689938
10.17024906
2.95312500
3.24023438
6.48046875
3.47070312
0.14941406
12.77343750
6.59798094
4.56608156
5.56640625
2.60009641
4.45459109
13.47058105
1.74707031
8.94531250
0.02302551
0.22717285
3.54882812
9.71875000
9.78707448
18.15384349
15.71093750
2.57031250
3.35351562
0.05432129
1.68652344
8.43212766
0.48095828
0.13987637
1.22378643
7.40658466
5.32421875
9.57161126
2.89323249
4.56477782
4.81593411
4.52246343
4.77734375
2.93334899
8.37442930
6.14811281
0.79020265
2.40429688
20.59375000
13.18601652
3.07226562
0.06107668
1.09268211
0.54418821
2.94661624
11.34081782
8.53841312
1.82291750
11.04687500
13.62027486
1.43892924
8.70735594
13.08398438
2.22233156
10.61718750
4.01562500
0.23084641
0.69270750
2.62467531
6.57665891
4.55615359
12.41829344
0.68522218
3.60188719
2.42936281
9.74641844
4.36686281
1.24902344
10.63704344
0.12626222
6.80078125
7.89453125
0.13269043
3.86555907
2.54068595
3.01562998
0.88037109
3.12988281
7.64843750
5.48046875
3.73828125
0.06811523
8.85156250
2.23828125
9.63063478
10.50781250
0.21057129
1.40136719
6.08203125
6.21979278
0.93645722
4.01171875
2.70540282
0.54101064
8.01969858
12.00602172
14.90266844
3.40364749
7.92284907
3.07910405
1.93847656
7.70222961
1.95792664
17.09375000
3.86523438
16.00000000
3.72477172
0.15608765
17.18750000
2.48570677
3.07462648
3.60156250
3.16406250
0.79882812
0.24853516
4.07942127
5.20085217
6.95312500
2.97070312
3.08593750
4.03125000
3.21289062
0.05279541
3.85937500
7.67968750
8.52212379
6.73063608
1.99724013
9.14843750
3.40625000
7.39843750
4.03906250
0.63281250
1.21191406
6.46484375
3.39843750
0.41455078
14.64257812
4.77734375
7.25781250
0.90673828
6.51562500
3.36523438
4.60188719
5.14322751
2.76660405
9.53125000
2.33789062
3.79199219
1.21875000
2.83626219
0.16349367
4.85937500
4.21093750
4.43456782
4.33153923
8.50342420
2.80664062
3.02929688
10.65266844
3.78678468
9.65625000
2.41796875
10.89062500
2.41796875
7.06640625
0.95898438
4.87011719
1.37402344
5.19954344
5.71451906
3.95898438
41.78971188
9.43685062
6.37890625
6.99251219
29.38359459
6.53125997
4.98046875
0.00547409
1.29003906
6.89876219
4.37220773
0.76125664
9.61718750
1.49902344
3.65445268
20.45555893
2.95606216
2.59960938
2.70744432
12.89606881
2.21582280
1.50292969
1.80859375
6.26171875
11.73632563
11.30326573
0.92915863
7.98469969
2.80664062
8.73048691
0.51377469
0.46484375
0.84521484
3.75390625
0.01612854
1.63782589
2.66731937
3.91048094
8.74576906
8.56444814
1.10482186
5.60905031
1.48632812
4.10172360
8.30403812
2.77343750
12.90625000
2.69580078
4.08203125
5.26774047
0.89241578
14.92187500
1.52343750
2.41992188
0.04129028
0.62500000
1.34277344
4.49218750
4.25390625
2.16361481
0.65669769
0.02621460
0.85580767
11.42773687
6.54739380
12.38704344
1.93912843
6.23111813
6.21160038
0.80110594
10.82389406
20.05257078
6.11295656
0.57470703
11.65038564
1.25977061
0.02929688
4.56705563
4.61262938
3.17480718
0.90332031
10.29687500
3.68001219
1.08691406
4.64799074
3.10742188
0.55078125
8.54687500
3.67773438
4.35502106
0.32979340
0.25095456
2.81998781
5.49576906
0.93750000
14.66227172
0.12654664
1.70605469
8.88964096
13.08578139
4.46875000
3.04850343
7.80859375
5.54296875
0.20544434
0.02555847
0.58608510
3.94345254
0.72086672
10.55468750
8.53125000
0.29858398
10.26782227
4.55468750
3.51301253
6.77800310
11.70312500
4.76171875
0.71240234
10.72493407
8.62076906
2.37206782
9.85449468
0.63964844
1.66210938
6.01367188
2.93359375
1.73095703
8.14453125
6.88281250
4.87109375
1.51317362
0.02540059
7.35937500
0.28426024
5.58951906
0.07055664
2.85156250
0.85302734
5.23437500
1.01757812
9.69954344
0.51041750
6.22656250
1.82002715
0.84240692
2.68522218
3.87206782
7.60058843
0.98388672
1.48014157
1.10774906
1.39550781
17.36275145
0.79899172
7.84016844
8.23616578
0.18758180
1.98535156
2.11181804
3.09227893
3.55778701
3.20762634
2.31640625
3.35351562
13.09391235
5.31331422
4.24218750
0.08825684
2.64648438
9.25691711
0.92065367
2.64030031
9.45312500
1.97851562
3.54101562
0.31738281
6.06250000
4.99278470
3.20149657
2.63834718
13.61295656
8.38281250
1.30273438
0.47412109
4.03515625
4.11616175
13.48372562
0.80322266
8.64843750
7.21499114
3.05454011
6.70735594
3.32584718
5.36328125
1.16699219
3.23242188
0.12683105
1.80371094
2.38867188
1.82031250
4.47656250
6.32812500
4.21670620
2.14192874
11.25077239
1.90059480
0.49829102
1.10172485
3.60921265
4.43359375
8.12107849
6.04719969
1.22550476
0.33715883
3.49609375
0.54802048
7.41829344
4.39030031
9.35156250
2.23632812
9.85057846
3.18457779
2.52799313
4.50716312
5.15234375
4.58593750
6.83217864
1.69548980
5.30859375
11.44889406
0.99804688
4.44596188
4.39388187
7.14111328
2.32682126
9.36653812
0.25048828
0.64729735
0.76920656
0.76839110
4.38248781
0.02540588
0.92822266
0.97119141
4.28906250
2.91015625
0.04928039
0.70296265
3.11489972
8.85970966
2.00390376
3.74902593
3.76367188
2.72265625
5.27343750
0.01660156
0.92578125
5.52342753
8.47103778
0.95280031
4.53125000
4.55468750
3.75422596
7.11882092
0.93701172
5.59375000
5.03906250
1.26660156
0.64160156
2.74625610
4.22745789
1.05294296
1.27189086
2.49642342
8.80468750
2.68164062
5.51562500
2.74414062
4.47265625
2.08984375
4.53515625
0.00442886
6.84798094
6.26090578
5.12402095
3.77669437
4.09733156
5.79296875
0.40429688
12.22656250
1.51074219
5.47656250
0.64827391
1.86100343
5.06250000
7.31640625
0.61181641
8.70768063
11.12629876
4.38297983
1.84847047
3.23437500
4.41796875
3.04687500
4.40625000
0.18176270
1.80371094
3.66015625
4.64518063
4.60091312
9.48079344
0.36490968
14.33691406
8.42968750
7.91707336
0.43229187
1.17187500
8.49641844
4.18326906
3.08007812
4.30078125
1.97656250
1.23144531
1.34212157
4.03548094
3.94075687
9.79687500
4.05078125
5.65234375
8.96939938
5.54817874
3.39609616
2.48177249
5.60937500
10.13769282
2.06152593
8.71875000
0.70849609
1.70312500
2.41829344
7.33170656
4.98046875
6.09375000
2.73730469
3.87385735
4.38541999
1.91739556
0.81144476
3.47428468
2.55664062
3.61238586
1.34952820
4.46484375
9.51562500
4.15234375
1.49511719
5.68033688
9.57747562
12.56941711
6.33292664
3.14257812
9.13704344
9.36295656
0.95898438
5.40234375
5.60188719
10.56108682
1.59386192
0.80664062
0.97558594
10.10156250
0.99251219
2.23209718
2.60546875
0.65527344
1.60058594
1.21972656
11.58593750
2.42773438
4.50943844
6.78092531
7.39811281
4.36315395
0.45919222
1.98405031
5.30533688
2.22395999
3.22135251
1.98177249
10.64062500
3.62304688
0.28881836
1.44238281
0.81152344
4.17968750
8.36718750
1.61718750
3.30403563
23.64632203
19.99833824
4.75781250
0.73876953
4.13671875
7.97265625
5.89453125
9.55981383
0.86156603
3.84986037
3.41992188
1.32409668
3.67137800
9.49854388
3.83789062
9.12141844
0.40006593
6.48046875
2.47509766
1.60497922
13.39209109
10.36718750
1.27050781
3.36523438
9.56673094
15.83763704
0.15657562
0.93408079
4.27099734
3.65819814
6.18311045
11.52164672
5.20703125
0.24788453
0.11718750
6.80289672
3.40022828
2.65234375
6.22656250
1.55981383
1.32202211
7.50000000
11.28548094
2.19726562
5.03092531
3.92854735
5.90592531
7.21875000
1.55859375
3.91438719
1.77636719
8.94888908
3.47852061
8.30468750
2.06445312
6.72265625
3.21908855
11.51562500
3.40429688
5.47656250
0.16381836
2.64062500
13.26643174
4.94092420
0.97526125
0.95751953
8.36848875
13.53483156
0.44848633
7.36995235
10.15885624
2.13972961
3.46769226
3.13899657
2.84537843
4.44531250
3.65429688
0.07415771
3.53710938
5.27766844
3.74186281
4.03515625
10.93456782
1.02832280
3.86914062
0.66121329
2.71679688
1.00293218
4.81673094
7.60123781
2.80078125
0.90905762
7.40625000
2.39453125
1.57324219
5.86848626
3.67073858
1.71272828
1.98582863
2.34945700
7.06217531
4.85546875
7.24218750
4.34244127
0.31283217
1.37207031
1.83707641
0.43001344
1.93554688
1.92342039
9.84960938
10.74861259
0.40373116
9.96996011
0.50757895
14.08070258
4.24742242
6.55468750
7.89664672
3.69319703
6.97167221
4.39551529
10.63443595
18.10156250
5.05697030
5.81640625
0.54296875
9.14306516
1.93505984
4.62744016
5.56396609
9.51562500
5.59765625
3.37890625
2.06835938
0.00201988
5.13638409
3.03939716
0.13916016
3.03952523
3.41091422
2.51562500
2.93066157
3.11343861
1.05257951
12.36360594
10.07275266
2.39371952
0.27633581
0.13528528
2.76953125
6.70750707
14.62175310
9.43261968
5.71028812
1.27832031
2.76367188
13.79817376
4.71745124
8.81250000
3.24804688
16.51025266
0.37874390
4.87076906
5.81640625
1.96972656
13.36718750
1.99218750
1.62988281
15.06673094
15.21158937
2.35513409
0.26498310
2.60156250
1.57226562
4.85156250
1.89452128
4.72689716
8.46744875
7.78759641
0.22070437
0.15049193
1.05843140
7.98046875
2.01757812
7.48437500
23.78189938
13.01690382
2.62307180
2.70117188
17.36002563
6.99397828
13.24348626
9.24088874
1.66308095
4.65430186
4.54296875
12.90689938
-0.08243649
17.58756344
8.68685062
11.37040863
1.60322418
0.20837402
2.11750721
6.28971188
1.87989029
4.38671875
2.91992188
9.64050293
53.81880614
10.14550532
7.71745124
3.18164062
13.70312500
5.45344969
5.81608156
5.48046875
10.46875000
9.53727172
1.06722047
2.09960938
7.45735594
6.37500000
10.88444093
3.26790282
8.83170656
14.52587766
0.72119265
1.91992188
5.55566157
3.11621343
3.26367188
14.50846188
13.23567874
2.47232658
4.70150155
15.44513666
8.19710328
0.49463140
3.50894393
1.09359513
4.00308829
3.85384530
4.72216797
3.40625000
10.34863032
2.30240968
2.44661624
3.71875000
8.71516844
3.76953125
10.99820922
15.47248892
12.25944592
5.98046875
4.73437500
3.83789062
22.84691839
0.96802301
9.26432448
4.11556405
10.95538330
11.69697747
11.14323249
8.16406250
3.33593750
1.53027344
12.84105822
1.19092420
11.26708112
2.17041888
12.42984486
5.10140514
3.33398438
11.75585938
2.45653923
0.57812874
1.44824219
9.76985594
5.45312500
6.72363032
7.44401374
7.46093750
1.84570312
5.20344969
0.68473390
1.62402344
6.44531250
8.75000000
3.88102172
0.69319703
8.83658688
1.24153812
10.65603917
3.97981937
15.63476562
0.52663162
0.06315109
0.06143188
1.67512938
1.99988130
2.58007812
5.63671875
8.87500000
5.33984375
6.07031250
6.45344969
6.45280031
0.01826477
6.79687500
1.81347656
5.50390625
4.59375000
6.50781250
0.00738144
2.56574690
2.40886247
10.98828125
1.53994481
0.71371730
4.27441406
3.85742188
6.89062500
0.31958008
6.67740470
0.73958749
0.21716309
7.99609375
1.26367188
2.00470676
2.71778590
11.66634032
3.10463958
3.81951573
2.28710938
6.82454344
0.50504640
0.00109768
0.21313477
1.98233883
3.94075687
4.24267578
1.26953125
1.63172957
4.18326906
0.90869141
7.38671875
0.15596434
22.16398195
5.08984375
3.87760251
0.69612796
4.91242908
10.20671154
4.64843750
15.24910461
0.26212586
0.98925781
5.27376219
3.58903078
6.50781250
4.91796875
5.68359375
4.70312500
2.99446532
1.57389406
32.69229354
11.11703014
4.62304189
9.09847670
1.07877687
4.92992915
9.18864140
0.67464234
2.47070312
8.84016844
0.48966554
1.75390625
13.26953125
8.33593750
0.12082885
1.26057984
2.53906250
4.15234375
5.45312500
3.36155026
10.96906472
7.59473404
3.81055186
1.41536375
7.68627992
0.26969422
7.37500000
0.13537598
5.59016844
3.40397218
8.85156250
3.08203125
4.14876219
3.16959718
10.37500000
0.43530273
6.79687500
2.97265625
6.04003906
6.04394531
4.47199690
0.03288591
7.14092975
7.36199994
4.22265625
0.26757812
0.00826263
13.86002438
2.39778812
4.88834220
6.46842780
3.34733156
8.23693817
0.34704621
9.94367908
3.89616467
5.43359375
8.25781250
2.15625000
1.71777344
1.87792969
0.00099850
14.97786126
4.83658688
0.74121592
0.53889891
0.96549562
0.39868164
0.00139809
4.36328125
5.59375000
0.21911621
12.01953125
2.99023438
1.52148438
3.66308345
4.12011968
5.43375111
4.65218639
4.81250000
1.08105469
17.16315714
0.58586630
5.40055172
6.08740359
1.12874390
1.92480469
2.11132812
3.29687500
0.12150999
9.67740470
16.33184213
1.98014406
9.26562500
3.25781250
7.17219969
8.33170656
22.82812500
5.10156250
2.10351562
0.00143623
1.77636719
0.75097656
0.46679688
0.93115234
10.62025710
2.63397384
12.08951906
0.44018555
1.59375000
6.66833496
6.83203125
11.83813477
0.15173340
3.63867188
1.42609783
0.66063865
0.59485455
8.98986816
0.01036072
4.21875000
2.76790282
2.29675293
14.07435182
0.62271969
8.28060062
9.35579344
7.74283937
11.06250000
13.69433594
4.15820312
9.31379876
0.02970710
8.55468750
0.84878540
1.08593750
3.66015625
2.58593750
3.14453125
27.02555297
3.96565797
15.29687500
7.10546875
6.49218750
0.28857422
1.19921875
4.35937500
10.12500000
0.32861328
12.32421875
4.55859375
4.85937500
0.72216797
10.85601951
0.65569924
5.96484375
4.78125000
1.79101562
1.24804688
0.13513184
0.62939453
0.24316406
3.56754391
3.63411624
9.08593750
3.79492188
2.77343750
0.62603261
1.77734873
4.85546875
6.98762190
2.01433122
8.09988476
0.66964649
6.83479610
1.50797734
2.65071532
2.82584718
7.61751219
7.51953125
13.09927970
1.86523936
4.27343750
11.55468750
7.37109375
0.17114258
9.61360594
20.43131095
4.60416999
14.89794548
2.10335826
4.15625000
4.33593750
30.29329344
11.63421631
2.68488254
2.05339871
12.43391844
8.56966312
6.48046875
9.53906250
10.95001433
1.96272828
0.56738281
2.44919417
0.58382203
2.88476562
3.78515625
11.41201591
6.87662594
10.22981937
6.48828125
10.58235594
1.80109846
1.28549091
3.00390625
7.10937500
7.47753657
4.23340093
6.80859375
20.39876219
4.61686281
9.17252438
4.38606937
3.60156250
7.65234375
4.02343750
10.66518065
6.36718750
6.21061281
0.24304199
10.00000000
1.46093750
0.47558594
1.73014157
2.65364749
13.05631065
0.55005874
3.66992686
13.80533688
7.76717289
0.10864258
11.26123047
3.48046875
6.44742797
8.60916879
2.86914062
0.67968750
2.21129873
5.01400155
6.20312500
1.45573000
49.56477532
6.90885749
0.56103516
15.89062500
8.12500000
3.45117188
1.61718750
0.52148438
14.08927243
2.45638187
7.14909363
2.29687500
4.92578125
3.64062500
1.75390625
3.54687500
0.43530273
0.29780329
0.48388921
4.10937500
0.00547028
0.03561401
9.03482658
0.04508422
1.85237672
10.31494141
6.58984375
7.02734375
0.90527344
7.08203125
6.91015625
10.37923094
3.09342531
2.80859375
5.01953125
1.95996094
0.02311707
1.49511719
0.73754883
3.94726562
0.76904297
5.13281250
1.88671875
2.44742797
8.57210328
6.39453125
13.53384752
13.99527704
4.51595966
5.17366578
0.06475830
3.72851562
8.17968750
0.37402344
9.82031250
2.19563719
1.71451906
1.91308594
0.45833250
0.87760500
2.42968750
11.29198222
5.66439716
6.05891844
7.05013187
3.63867188
2.20117188
1.05859375
0.00377846
6.42578125
3.45768063
2.94270999
6.54783661
3.56837433
8.47949219
6.33805297
0.72932984
0.11383057
1.02636719
5.58203125
1.17675781
8.89843750
24.40689938
10.45369632
2.57617188
6.25903043
0.23608675
0.11887022
2.63248781
11.58414672
1.28792359
2.42968750
10.18700798
0.44531624
2.43554688
1.68187978
3.38086436
3.24055907
1.32389406
3.94759032
2.41764406
9.26692376
9.27816046
1.16097047
14.12500000
5.34798094
6.17740968
5.08593750
9.00000000
11.30533688
3.83138187
1.81445312
6.73860594
6.13281250
10.69010500
2.43164062
9.91406250
16.89062500
2.60742188
6.57616689
3.06478280
0.71989015
22.06160025
9.98193484
0.62858405
3.22671488
1.39437887
4.59024650
4.18197030
6.99096680
3.76953125
10.04329344
2.34602782
2.73372562
3.16406250
3.46321532
7.54687500
5.97330563
6.20605718
14.79431152
9.99484987
2.86068373
11.07409668
10.19563470
10.92057624
10.07031250
3.36718750
2.01367188
10.94636525
6.73576241
1.03304078
1.15201906
4.99218750
2.15429688
6.27668939
7.01041999
8.08593750
2.27734375
0.50976562
5.22265625
5.54687500
2.19921875
1.26660156
4.13313719
0.68668703
2.60351562
5.43359375
6.19128110
0.18567203
2.08203125
2.02034173
3.72526374
11.04492188
0.59645584
0.06437180
0.06347656
0.73372313
2.43667225
10.09375000
11.87845856
0.35225434
4.83984375
1.80371094
5.62890625
2.68196532
7.75390625
0.88492922
1.38183594
6.82031250
8.48437500
2.41177222
3.67904809
15.46082558
1.82713317
0.57666528
2.43928953
3.31412843
8.54687500
4.23582614
9.66065824
6.42821144
3.66944481
0.73388672
7.41796875
0.75585938
2.01406465
1.31707058
14.48468972
5.96811059
2.13085938
7.25781250
0.41552734
0.00114727
0.36206055
1.20930907
3.58756593
6.34667969
1.71289062
1.14207840
5.62500000
0.89746094
6.67968750
0.07464600
22.51660156
6.28515625
4.71793329
0.70101202
5.14387190
2.00651872
11.64062500
5.44531250
5.79296875
5.30468750
2.47265625
1.73828125
46.01041002
12.63444592
4.19205065
16.73600593
0.92904061
4.09521235
3.75683843
2.51953125
6.31250000
7.97265625
0.80664062
2.16210938
12.57844969
8.98014406
0.09153197
0.93636109
2.10156250
3.79492188
6.00000000
2.01282164
10.87759752
7.38932624
2.68782967
0.80712891
6.93750000
0.13854980
7.44531250
0.08459473
4.04166501
3.07356937
8.81032303
2.95920822
6.84765625
4.39843750
0.61425781
0.02865601
6.85937500
5.32812500
5.74218750
5.77636719
4.28059065
0.04460466
9.81445312
2.05110594
5.17545656
6.72298094
4.53873781
4.10318595
3.98144780
2.89388187
9.39485594
0.12614015
8.75976064
3.19727061
4.68944814
7.64648936
4.48046875
3.33984375
3.59480774
7.20703125
8.70792664
1.10937500
7.74251219
9.72492908
4.23958998
1.52441406
14.31673094
5.85905031
0.96305297
0.82698609
9.33788813
1.43750249
3.33398438
12.95800532
6.68261968
3.40625000
1.34082031
4.67707004
2.01433621
8.53906250
11.47102782
6.30436281
6.95312500
11.71516844
3.19889406
11.14843750
1.54003906
12.04101562
2.61587877
-0.06607408
4.16048094
6.85123781
8.27343750
5.28515625
0.93408203
0.00329399
2.29296875
2.22849942
2.32374667
12.96004211
0.63614930
1.56933594
6.30242920
6.24414062
10.53088379
0.10308838
3.00585938
1.11061600
0.78775849
0.28239638
9.01147461
0.02117920
4.17187500
2.53320312
1.24196287
13.84304384
0.42561766
5.26530031
12.92610594
9.29850343
12.32812500
14.51318359
4.91015625
9.20865470
0.08724374
9.14843750
0.93986511
1.00781250
1.47265625
4.64843750
6.78906250
7.28515625
4.28157469
11.08951906
5.52343750
8.25781250
2.42578125
3.00976562
6.54296875
0.24597168
1.02734375
4.29329344
2.66373781
10.09569814
6.44758533
1.03093528
2.68359375
5.08984375
1.25488281
0.54459469
-0.02884762
3.52473875
8.29264406
1.05761719
6.28906250
3.92219969
3.60905031
8.48437500
7.65462157
13.33658688
1.90332280
4.25390625
6.80078125
5.73860594
18.67643063
3.30664312
14.85888298
1.68408577
5.39453125
8.79749999
2.49870124
19.09195922
0.64681031
5.60156250
6.72265625
11.12302399
7.43196532
7.31998781
5.75781250
4.08235594
1.00358156
6.91406250
11.11291548
3.04069093
13.33929086
4.70703125
6.73437500
4.12109375
10.39452128
2.47657247
2.18237305
4.21093750
3.73632812
3.22265625
1.55664062
3.81835938
0.58544922
0.39625726
0.50504890
4.97265625
0.00413513
8.56363766
0.00000000
17.63704344
9.53906250
0.49528078
9.29089510
2.10433233
10.54469803
2.10959885
7.80110594
13.21093750
3.99088376
2.75879155
8.11718750
0.78759766
3.94400876
-0.05545895
1.09472656
1.18147454
2.47867299
0.78174700
7.96875000
1.42187500
4.70703125
0.00383377
5.80590820
90.31835938
10.47298094
1.73119868
9.52702155
2.99804688
18.54687500
3.74731383
2.18237367
6.00000000
6.12109375
1.43847656
1.80761719
10.53125000
2.95117188
6.87923094
11.62858156
11.03613032
22.44482671
9.35351562
9.49218750
14.15979168
3.05895832
4.27636719
3.07421875
5.06250000
5.80859375
6.55859375
3.08203125
0.71142578
0.65042114
1.16096673
5.28776374
5.36913564
0.42920420
6.09643813
16.44946031
6.39094969
1.38053468
0.64382935
6.97265625
11.47298094
11.78125000
8.92382314
0.85612561
3.49477879
2.11801418
4.19856439
1.41569343
4.27734375
5.80859375
5.67187500
0.82568359
1.87229156
7.65234375
0.26171875
9.05110594
2.81412843
12.55891844
1.70182375
6.03515625
0.91601562
3.67382812
6.58235594
6.36506081
8.17514184
2.59212157
10.63704344
10.55826906
0.91796875
2.63004640
2.16829344
0.12858156
2.39062500
1.38378906
1.43164062
6.94921875
0.13061523
1.42984985
0.61116578
0.41210938
0.34375000
2.37872272
1.29298869
2.67545656
3.49023438
16.13281250
4.58024047
14.14517315
5.78776997
0.81591797
8.72656250
3.03548094
0.87711672
6.90852283
3.65429438
2.30534685
16.37759752
7.69694592
7.13639406
1.80224485
2.40576296
8.57454344
11.65087766
2.73942265
3.15625000
2.65201408
0.60482186
3.51171875
5.64555037
2.51953125
2.31640625
2.81250000
4.08203125
12.47989805
5.03572695
6.90299313
10.86653812
0.14343262
3.45817440
1.60997561
4.23046875
3.08756593
5.07031250
2.85742188
2.88867188
0.21484375
1.92871094
2.43164062
0.00598907
9.89843750
2.06835938
1.98535156
2.64257812
1.40820312
1.23046875
3.97672485
1.06136109
1.10265615
6.63867686
11.66406250
6.26562500
1.81445312
0.38964844
0.13970060
0.97705203
3.37679239
0.44584230
8.06250000
14.18693103
23.79071294
3.15039062
5.18033688
12.37923094
6.32715093
0.79833984
2.12857907
10.97265625
2.54231937
13.18602394
12.04835106
19.27766844
2.26920656
4.81770003
2.97331560
0.64843750
8.53125000
2.55859375
0.40673828
10.93359375
15.01583143
10.34016844
10.40560062
2.52539062
2.67300145
2.51254543
12.22656250
9.67968750
8.79687500
10.00000000
9.59928219
6.48584109
4.18929078
2.56445312
3.20092773
1.42773438
7.80891844
3.40625000
7.31390459
2.42458192
0.36865359
10.53906250
3.04687500
5.03906250
6.44140625
1.48535156
0.01389313
9.89416504
4.44335439
1.98437998
4.39098358
1.04492188
5.99218750
10.65689938
11.77416992
5.40537677
0.27561447
4.81640625
0.61376953
0.16235352
0.34423828
4.76562500
5.24609375
1.51041501
2.33333499
10.79687500
2.25390625
3.56477782
0.94873047
8.56608156
2.80859375
2.82649657
3.86295656
1.54687500
8.05468750
0.81201172
4.44824219
2.43359375
2.29882812
10.82313026
4.21983849
1.30957031
11.80481768
1.94433594
2.72830896
0.29464026
0.94213867
3.09960938
7.76204344
14.24820922
0.56201296
7.50292969
20.00193817
12.77105163
0.32230559
2.62467531
6.46386719
2.76953125
12.02408688
4.13216312
2.11523438
6.38671875
2.46484375
6.73046875
1.88517149
0.48396914
4.62500000
6.44531250
11.79296875
10.06250000
0.25301024
0.23087648
3.28515625
6.76171875
1.28247070
3.52734375
11.58789062
4.58303833
2.98046875
0.57519531
8.44352172
1.98616578
1.12304189
2.24219248
5.32031250
0.21906369
1.41731937
2.30078125
10.32584220
4.06120124
2.28287843
0.61262938
1.38346437
8.17187500
10.04687500
6.09375000
1.56673094
4.75748781
3.02376219
1.07780031
5.56640625
0.62890625
2.85937500
3.84570312
0.14050293
0.58992195
7.14453125
0.33593750
4.48437500
0.34375000
3.24414062
4.65625000
6.35188719
1.87662843
4.39159907
7.45996343
1.28320312
10.33593750
2.51674771
10.22625276
41.04752438
2.09277593
4.78125000
4.07259032
1.34928468
2.34375000
16.20214844
7.23413086
5.65625000
0.80987549
16.88281250
30.16761914
4.15627243
12.33398438
3.29622562
2.18212517
1.30908577
3.09960938
2.95312500
2.17968750
4.64843750
3.16992188
0.78076172
0.47900391
6.84789790
14.13427984
6.78125000
1.83203125
2.51953125
5.39284347
5.90413453
6.39062500
0.69563719
4.89127687
7.21484375
0.41528320
3.87695312
0.93750000
4.19140625
0.32128906
8.51562500
5.01562500
2.72851562
3.43750000
0.00207138
5.79296875
3.12239251
7.75651374
13.34375000
1.80859375
6.38671875
0.25756836
13.77052733
3.05664062
4.48144282
3.04948249
1.80761719
3.95815770
4.08285793
3.72851562
5.01562500
2.69107907
10.51888187
5.02343750
3.24609375
2.04882812
5.91796875
7.33203125
0.53173828
1.02246094
1.72688719
6.60560087
0.21697998
4.63687611
1.68148326
11.36718750
17.02010008
10.30045656
3.91682860
8.16210938
1.32194093
6.59375000
7.28515625
0.20898438
14.76721854
13.89326240
12.96939938
8.92675532
4.40039561
11.30468750
1.65820312
8.26985594
12.36311392
0.93148326
3.79604832
2.06918605
13.44833529
5.01042996
5.24788453
7.66015625
4.74645996
7.05078125
6.82844969
17.47745851
7.46093750
0.22424316
1.29101562
6.38671875
6.51562500
0.13024902
8.30891844
8.53743407
6.77343750
4.77669437
3.35579344
2.71451906
6.42773438
4.31250000
6.72688719
1.08463625
7.44531250
2.13281250
10.25788121
3.99634973
6.39030031
4.59765625
8.58593750
0.51611328
2.19726562
3.91992188
0.96659664
11.31274601
4.82877438
9.92903812
2.69335938
7.11360594
1.92740968
0.35620117
0.00042272
4.78117609
4.31009972
15.09066046
1.66210938
1.36848875
4.59733156
4.96875000
17.57373047
1.33951657
8.22591312
7.02298981
3.94576019
4.54719969
5.27701906
0.00468445
4.39062500
5.89062500
6.23828125
4.39843750
8.11815881
28.14225620
16.74153812
2.51171875
3.05501219
1.30143312
10.86839761
0.64820395
12.18033688
9.92903812
21.91991689
5.37516733
0.53206422
3.85448471
11.49317154
1.63867188
4.03906250
4.93782220
4.67480718
5.16373781
1.06738281
7.75000000
3.45995845
0.45703374
3.49446532
4.44921875
2.34928468
4.08593252
12.69010749
6.47200687
1.18066406
6.59375000
2.22265625
0.01893616
5.71093750
2.47656250
14.30777579
6.97493905
9.17892456
3.36914062
2.23903656
3.20898438
9.92854610
22.21775517
4.05078125
3.79569244
7.41153805
16.27974613
1.00960203
1.77701906
1.90332031
0.01474762
2.74414062
16.67552839
2.31885638
2.73632812
6.19921875
8.89843750
3.42968750
2.13085938
5.18782469
11.83202128
2.55241965
9.72036348
9.50652371
6.67081789
11.45312500
8.29215329
9.55240470
2.38444592
11.34375000
17.01562500
7.72656250
3.21712157
2.50455563
4.49121343
0.50000000
4.82031250
1.52539062
0.00192070
6.75999855
3.73194481
9.46516844
3.37272218
2.44661126
2.74674811
7.49837157
5.03092531
2.71289062
2.61865234
2.83495845
1.82519780
7.95312500
0.07604980
9.07812500
3.72851562
4.24218750
4.91796875
1.42773438
2.21679688
3.48598848
3.39682402
15.37629876
7.66894780
7.04264406
12.17968750
5.72656250
0.14605713
4.23828125
3.88867188
8.68750000
0.01718140
11.28613032
0.97656499
9.17610594
2.85449219
6.94889406
3.44921875
4.64843750
1.91992188
3.01757812
6.39453125
7.34375000
4.67578125
0.07202148
5.64557403
4.74505097
4.14453125
4.47265625
1.13983712
12.24870124
3.93359375
9.72265625
0.21325684
1.08105469
0.76220703
15.60156250
18.10221188
2.36458499
10.22069814
2.32422373
9.75781250
1.91210938
5.46484375
4.63671875
8.12923094
6.88639406
0.39794922
6.83504211
0.25138367
0.60058594
3.08593750
2.62265530
1.17417774
1.81152344
8.53010860
0.94978883
5.93286133
1.50423343
6.87500000
0.89160156
19.67217530
1.02343999
7.00744629
9.20961952
2.61783563
0.00000000
17.63704344
9.53906250
0.49528078
9.29089510
2.10433233
6.39062500
0.73828125
4.42578125
0.03378296
1.21679688
1.16731563
4.14209109
2.80281306
1.06697944
8.16406250
3.62890625
5.69531250
5.80859375
11.61718750
14.42968750
9.40689938
23.80240719
1.99870124
6.74804688
7.92399047
0.62239625
13.34809842
3.21440158
5.22656250
5.84375000
7.59765625
7.57910156
5.70312500
10.21016941
0.63132229
6.92187500
4.50390625
1.07910156
0.52099609
1.34895501
4.07291999
1.93261719
4.29524158
2.66374279
3.85366925
2.26791278
5.67675532
1.39160405
4.39453125
5.43359375
1.47363281
0.09289551
0.99734497
5.33593750
0.16821289
8.50781250
3.63476562
11.09887633
1.67358461
7.13281250
1.02246094
3.66406250
6.63313719
5.91486550
8.12826684
2.18164062
10.80110594
11.80468750
0.93033937
2.48193359
2.51562500
0.15673828
2.60937500
1.20605469
1.33789062
6.93750000
0.14796873
0.99788453
0.58483918
0.36690277
0.19543457
1.73753886
2.25391622
6.17578125
5.71093750
4.28125000
13.73957503
5.74968279
2.20312500
2.17773438
5.36328125
1.53320312
7.52799313
3.70263423
1.82064217
16.70572252
7.79069592
7.21842531
1.21126219
2.18522218
7.00000000
5.51454510
0.57334552
3.89062500
4.22688719
0.77897218
3.07226562
7.94140625
5.45312500
6.17219969
2.53092531
6.81867908
4.27897717
0.47192383
0.54736328
2.53100497
3.25008144
2.38281250
2.99186281
1.89355469
6.50390625
0.00586700
1.81445312
3.29492188
6.59765625
6.80078125
1.69726562
2.98649047
0.97347047
1.04892570
6.51400155
4.19382286
0.59411621
5.93596382
2.48005181
10.97610760
19.92480469
4.03515625
5.25911375
2.40397218
14.00747784
12.37533466
0.13317871
0.70149657
9.95491578
1.39339234
2.94628159
4.37989029
0.39233398
4.71191406
3.52539062
17.69384641
9.82698360
6.14323249
4.05859375
3.98990719
3.97591312
3.42415282
1.53678468
5.93041992
1.66699219
8.99218750
1.90641235
6.46272828
2.07589861
0.25236086
3.27343750
7.94531250
1.02539062
0.02388000
10.73144531
5.83739362
2.13330950
3.74810410
1.52539062
7.99609375
14.47452571
11.06827820
0.31852421
5.27441406
0.81347656
3.96679688
4.60546875
5.03906250
1.32104243
9.81543218
4.87890625
8.09375000
2.87304688
5.12109375
0.13042183
0.20551567
2.69726562
5.93391844
2.38053468
2.84765625
8.03125000
1.71777344
0.78955078
4.62500000
1.86637328
2.33284547
2.97070312
9.16308594
2.84960938
8.05891844
4.58170656
6.40673828
18.95571255
6.78744902
0.75195562
2.53125000
9.37011719
1.68880125
11.74576906
4.14062500
2.22281860
6.36116578
3.58398438
6.14843750
1.53369016
0.60595828
6.79687500
8.20735594
1.61783937
5.71484375
2.12304688
3.41512024
2.14737976
1.76855469
1.69521824
1.42856105
2.65234375
6.66015625
0.80273438
3.94531250
3.42382812
10.04508422
3.42952515
1.32128906
7.29687500
2.37304688
0.52457516
1.85091312
8.85937500
0.12536621
1.36230469
4.24391678
0.73435221
0.92383062
1.61511230
10.99218750
2.18750000
1.14941406
4.67187500
1.70930907
4.58561281
5.21093750
2.25390625
2.88476562
4.18359375
0.11041260
0.60248566
7.48347961
0.32885680
4.67578125
0.33390383
1.61409422
9.74641844
1.94466312
0.87141844
3.59733156
3.22656250
0.03048706
1.12597656
2.80664062
1.71716309
40.66471188
2.24349124
5.09765625
4.03743407
1.18815187
2.12532469
14.13297609
5.49047852
6.02343750
0.73228455
17.03727172
29.81215163
3.26824994
11.53287843
3.15006593
2.08487727
1.20874335
3.10546875
2.82812500
1.64160156
4.45703125
4.21695922
0.66341187
0.44775391
5.52026118
3.06933843
8.13680755
6.28247008
5.93326906
0.56982422
4.63281250
1.73828125
1.73437500
4.70312500
1.53125000
5.52734375
0.91015625
4.33398438
0.37475586
7.57421875
4.36718750
2.75976562
4.27343750
0.00214386
5.88281250
5.30664062
5.45703125
2.04101562
5.13281250
0.47875977
6.01171875
6.53125000
0.05606079
5.16796875
2.37890625
3.39876219
9.09301546
2.23780418
1.55371094
3.78515127
4.58008311
3.64648438
4.91796875
0.01898193
0.97558594
5.31949704
7.86360843
2.01562500
6.57031250
9.51562500
0.11499023
13.26334220
11.18391844
4.11133311
7.55859375
3.20344969
2.33365968
1.88769531
8.34813830
1.57373670
3.12450050
1.33936668
15.28862000
6.93359375
7.26594969
17.24064211
7.04296875
0.15002441
1.15917969
7.26953125
5.16910605
0.11922403
8.56673094
6.82828735
5.92724734
4.25390625
2.23632812
3.18945312
3.61718750
2.23632812
6.49609375
4.13410129
7.20574246
7.24218750
5.96093750
2.63671875
0.33471680
2.71289062
4.75781250
0.98003476
15.96028812
2.23242188
0.61311766
4.69108156
6.28515625
18.64062500
1.16438470
8.38932624
8.86718750
2.43164062
3.00195312
6.37500000
0.00548553
4.16015625
6.56640625
6.28515625
4.04296875
7.93027262
27.30052082
5.50699579
2.09033577
9.23437500
4.68487533
6.86590592
9.74030807
0.93840287
13.94531250
2.71875000
0.70068359
3.36523438
4.94563719
9.53807846
6.64909685
0.39941406
5.77994626
8.82185789
5.05273687
5.15055297
0.85237672
8.25000000
2.60522274
0.42700382
1.89192625
2.52343750
2.20280031
3.72492908
14.60449468
6.74479499
1.17382812
1.84277344
0.03048706
5.76562500
2.17578125
19.15817945
3.32896165
9.27834657
2.89062500
1.86960602
3.71679688
10.60644282
21.61896001
3.42968750
5.60105515
7.13413327
10.90560062
6.60367797
3.84493043
3.03548094
5.11295656
1.64843750
2.40234375
1.36035156
4.16015625
2.81835938
5.22558345
9.24153812
7.81250000
9.17545656
0.00598907
4.64453125
5.26383422
0.84798219
1.09570312
11.05468750
5.94173094
0.36564211
8.15625000
2.62922845
11.82682624
4.42187500
7.12141844
8.01139406
2.40234375
5.24218750
4.59765625
6.82454344
5.39030031
0.38289305
6.18929078
0.49544312
0.35302734
3.80078125
2.37510026
0.81667220
3.08789062
0.63867804
5.76660156
1.59733156
7.98437500
0.70312500
4.46427305
0.24593203
9.87677002
7.35514164
2.66609493
15.95865470
5.03353280
8.01562500
9.51806516
1.92920046
12.71402704
0.30013312
6.58203125
0.32446289
1.40836547
1.56624390
1.62890625
7.43499756
5.85156250
3.76953125
4.14062500
3.33984375
5.02246094
7.14062500
12.57338377
1.88549867
1.05851258
1.32714844
10.59977172
6.45979859
3.77929688
1.44433594
0.88964844
2.63476562
6.07063719
5.53092531
8.65165005
1.04650287
1.24105607
12.91406250
0.12588692
4.49609375
1.13281250
5.51022151
2.26468084
6.17578125
0.03945923
7.72566711
20.38370789
12.16918945
0.26676266
2.06380374
0.89518063
1.49642093
4.23437500
4.23046875
10.62694814
6.06836436
3.61523438
18.38964844
3.68587157
2.56608156
4.75781250
1.81473172
0.55315768
4.94140625
6.38346188
8.36653812
3.01008533
38.74382092
0.82373047
5.71093750
17.53515625
0.72932860
15.56809998
9.60062746
5.11328125
4.77156067
1.90332031
4.75878906
3.63476562
0.02250671
4.98046875
0.77179308
0.25375014
1.66090424
6.31202418
3.36426030
6.68814938
4.15950687
3.87695312
0.02328491
4.05078125
12.07031250
0.03833008
11.28548094
4.14030031
7.39843750
0.00603104
5.49283688
5.43359375
4.33528812
2.00195312
8.07031250
5.61718750
0.94612049
5.12663342
6.55859375
6.62890625
5.69173094
7.81217531
0.13854980
7.43847407
8.94783695
3.79264406
5.69140625
2.31835938
5.12890625
1.47753906
0.45996094
3.93652344
1.11914062
8.84375000
2.74391678
13.74841488
13.94352172
14.30403812
2.94694093
6.36425532
1.84082280
6.67968750
4.06640625
6.08626219
0.74869875
4.72688719
3.64062002
0.61198498
6.46875000
9.63102172
0.98844360
2.78873781
1.11621094
1.64453125
3.92578125
5.45963376
10.99153812
14.70735594
10.36718750
10.59733156
8.30468750
15.19921875
23.42187500
0.69734680
0.82511414
3.10156250
2.82617188
7.30924313
2.92513187
13.36783688
3.49349124
3.43196532
1.43717531
10.61718750
3.01171875
10.14407349
0.68050047
7.57389406
17.15625000
2.81445312
2.45507812
6.45344969
1.59375000
5.99576906
4.96484375
1.69531250
3.66406250
11.53906250
8.23079344
1.06282469
3.02795410
7.63606937
6.61718750
6.99283688
0.73470218
14.77408688
1.84310062
11.70312500
1.73583860
1.27783328
8.85286126
5.87662345
5.62598404
0.02716064
2.49023438
2.17691891
10.56767510
4.26761302
10.36718750
1.54687500
7.34375000
0.17834473
2.54207336
2.32120789
2.93359375
10.14062500
6.52689606
0.52347746
8.55045656
2.74426270
11.99218750
8.61365891
9.75194814
0.46777842
4.27343750
4.80718916
0.17694170
5.03125000
6.16241413
2.63250775
7.93945312
1.89941406
8.57454344
2.89615968
10.01708984
0.00310707
0.44873047
3.82502923
3.21972905
3.41178468
2.76171875
6.90494127
2.66537123
1.09472656
2.83398438
0.75544790
0.19840952
2.08593750
1.77636719
8.25650377
1.32943373
7.64257314
6.50977061
1.11328125
2.08007812
8.96720247
5.57967253
9.43750000
6.03125000
0.09088135
5.31640625
5.76562500
1.99641844
0.24381593
5.12075909
2.43425310
8.97786126
0.60189217
3.18187978
7.72461436
3.17578125
3.58203125
0.01533508
0.85644531
2.11523438
3.76430630
4.74350620
0.16442871
3.73876953
2.40730774
2.41495789
7.03663835
0.16770735
6.11034907
2.36426030
4.32454344
11.48795656
2.13704344
0.99186281
0.24312254
0.86735109
8.94531250
3.05468750
8.75423094
8.16764406
11.35937500
0.18172117
0.64518312
5.88865194
8.01564494
2.75781250
3.01171875
0.78564453
4.19433594
14.92187500
0.59472656
1.61201653
9.95207464
4.09733156
2.83398438
8.80468750
4.18750000
19.63980829
3.82503546
3.62564938
2.86653812
7.14453125
8.75781250
6.47363032
1.65918218
11.09016844
5.08951906
3.51953125
8.58593750
2.46875000
9.37500000
0.42626953
0.00390434
5.05468750
0.96582031
2.20898438
6.48274158
1.35221936
7.09487152
13.67187500
30.41113281
1.95019531
7.31640625
7.90234375
11.17643784
2.12434341
11.38509032
2.25960328
12.24678590
3.06282469
27.68001219
8.46810062
5.59407469
14.08951906
2.78320312
2.45930907
1.59635500
5.82090510
7.06543218
2.95117188
3.42968750
3.90820312
5.56477782
2.76725343
0.95117188
11.53787724
1.45062610
1.53417969
11.01562500
1.15820312
1.78515625
6.07795767
2.81462045
9.18521969
10.44466312
0.30590820
4.85937500
8.13281250
0.36868858
1.27050781
4.94954344
4.32389406
10.62109375
4.19595690
-0.08999986
2.80468750
2.00227782
4.91764406
0.59716797
0.72851562
4.40657469
2.74772218
3.33593750
8.89989134
5.81608156
14.45837402
2.08609985
4.57210328
3.97070312
4.48486079
10.07264372
9.80338874
0.52683097
3.27767342
4.15189606
0.54805262
2.63183843
4.02734375
1.90625000
1.65917969
0.01992798
10.79687500
4.55924313
2.91731937
11.71923704
6.88037234
0.02899170
16.89127438
1.31575687
0.24493221
12.90063663
0.27612305
15.59000610
24.78906250
5.95100953
2.57844969
7.92936032
19.67984486
6.86996232
3.76757812
6.16015625
15.04687500
7.81640625
4.26953125
2.22265625
1.12109375
9.30956782
3.13379155
4.76562500
2.68587157
7.67155031
4.07031250
1.44824219
5.96875000
0.64550781
2.98632812
3.67711935
3.74280252
4.61620845
23.93359375
4.26465093
4.78906250
2.99218750
3.97070312
2.58593750
4.99495235
2.06168827
12.78840315
1.96745622
8.21875000
0.57031250
10.38167235
8.19799867
2.25575920
1.71669381
8.91406250
11.83593750
4.48437500
0.79435055
-0.00455563
10.79199219
2.81250000
9.78564453
2.42773438
3.69678762
7.02343750
1.96484873
7.44531250
0.77001953
6.42578125
1.30371094
7.75390625
4.05379211
0.32169617
1.41666501
1.31575687
4.04296875
1.98665282
6.64321255
4.43458776
14.31151596
4.20801529
5.51567653
7.67182347
1.60351562
3.38476562
14.77343750
4.08203125
4.31282469
3.94108156
1.07259971
15.43701421
28.35091312
4.61718750
1.67480469
4.65625000
10.59977172
0.33772828
0.51828605
5.81152593
7.62799092
2.57448470
2.49023438
4.66471188
9.36946781
0.81526610
7.44921875
9.46093750
3.63834718
7.94140625
3.33430907
1.73600343
11.03320312
3.02343750
17.13793945
5.60969969
5.95280031
0.36507141
2.54386414
13.32454344
9.62532469
4.24935062
4.52502441
18.59504876
6.80338874
1.82128906
11.25781250
1.92480469
2.75032469
1.44466063
3.07161624
7.32812500
3.71777095
6.18261968
11.73079344
5.08317140
7.96875000
12.78125000
4.98144282
5.94075687
1.42155031
5.34375000
2.63085938
0.14770508
0.89160156
10.89408356
2.59468348
10.38574468
5.83268063
1.15364749
6.87500000
1.24271637
0.35629968
3.99479499
5.50781250
0.34985352
2.02929688
2.43359375
12.06001458
3.83463874
6.14094969
1.68619875
0.79589844
3.33430907
1.66764406
7.94579455
3.60889295
13.99169922
5.66796875
0.05142212
0.36633052
2.96386968
6.16015625
12.94931221
4.13257599
0.60245602
0.00000000
0.00022912
3.57226562
5.80078125
6.27929688
6.79182735
0.86344609
2.82421875
14.60579344
1.09342531
7.46695922
0.11787965
4.79687500
0.13598633
0.99121094
1.28417969
2.18164062
6.75392254
2.52963153
4.15580231
0.51070160
9.49218750
0.07135010
2.26757812
4.58593750
6.32486813
3.44270999
12.57660600
1.47059120
1.52604499
11.81250000
1.46014404
1.79785156
8.64111328
6.37890625
5.65625000
1.94466063
8.17610594
1.14974124
4.08203125
5.42446504
2.88510527
5.90234375
0.06488037
4.80033356
19.86193817
11.62988281
0.29219481
1.79638796
1.47298094
1.24479250
3.99023438
4.12500000
11.05305408
6.75163342
3.68359375
17.97802734
0.41918696
2.16308843
5.35156250
3.33225547
1.60530556
5.60156250
4.22265625
4.87621073
36.73829122
1.08789062
6.41796875
3.59830563
16.82332523
1.00390625
15.38631102
9.78165773
5.33984375
5.03735777
2.16178468
5.41503906
3.87500000
0.02900696
4.95703125
0.84138291
0.29802138
1.69985442
6.75847434
3.49040170
2.95735594
8.91764406
0.15527344
10.60937500
3.85546875
7.38281250
0.00731277
5.20344969
3.73079344
2.69856937
6.25390625
8.25000000
0.88142322
4.02116467
8.85156250
6.87109375
5.69433345
7.76855718
0.24182129
8.00423094
9.03141359
4.04296875
5.54687500
2.25781250
4.48437500
1.17773438
0.53466797
4.67285156
1.26757812
7.97265625
2.73437500
15.67131219
6.94401374
13.75000000
3.88899657
7.53483156
9.85937500
11.08658688
9.14420656
10.39241578
0.35074828
1.14908937
3.12695312
1.05078125
2.06640625
1.91601562
2.07856927
11.25651374
14.53125000
8.95735594
10.44108156
8.92968750
15.06054688
2.27734375
9.78125000
3.41015625
0.58203125
0.11692260
0.42171265
3.69140625
3.29687500
7.06738032
2.98926030
11.00423094
4.69108156
3.28336547
1.24788453
6.02343750
7.67968750
2.62500000
5.50390625
2.85351562
5.04980469
0.68457031
4.11718750
8.90189606
14.06685394
8.25455563
7.37076906
6.31250000
7.94205563
0.58886968
0.69514891
5.74186281
13.34375000
1.79199219
10.52343750
2.08984375
9.17317376
7.43229499
4.37890625
3.67968750
0.10699463
1.71289062
3.13281250
12.07340204
0.96077765
4.21044673
10.96839540
3.52281803
3.61734985
0.93147828
7.39843750
3.85937500
3.29687500
3.84960938
1.57617188
3.03125000
5.92187500
1.90917969
10.29687500
12.91829344
1.22395252
10.83333998
2.08007812
3.34375000
4.41271942
1.76794465
5.74609375
4.76953125
6.29003657
0.66943609
5.34375000
5.28530364
2.04868073
6.64062500
3.39843750
8.19531250
3.68750000
10.27563477
0.00680923
0.47265625
2.37743891
3.74121343
4.93782469
3.43717531
7.18912345
3.94368905
2.35937500
0.79890494
0.25309702
1.37304688
1.90039062
7.83983378
1.52149434
7.59829566
2.88998559
9.04687500
7.23109819
5.51711103
4.24397828
6.18750000
0.22314453
6.26171875
9.10156250
1.66959469
0.22957523
4.19270501
3.55052278
1.27728002
12.09276596
1.08203873
1.88158681
3.07422373
6.15234375
0.02700806
0.84619141
2.43164062
2.95930907
8.39420656
12.60937500
2.19921875
5.74251219
1.61490968
4.71289062
3.06933345
11.31966312
1.46272828
0.73128297
0.39477539
1.04492188
7.58984375
3.24023438
5.35969969
8.01139406
12.36718750
0.27046629
0.88248781
6.25274491
6.94647384
2.30859375
2.71679688
0.77978516
3.77832031
15.01204344
0.58903078
1.22798333
9.99208318
5.03873781
8.14062500
4.24218750
5.85937500
12.77539062
3.56673094
2.89030031
5.20703125
10.91406250
7.20214096
2.45801529
7.76301751
2.90495124
3.86588376
5.16341312
3.11718750
4.51171875
3.28035461
1.43253601
1.32617188
5.44400377
1.56185560
4.69702148
13.25781250
30.52050781
2.01171875
7.05468750
6.17586242
1.28507508
4.62109375
7.88854980
3.17822016
11.14355718
3.28320312
5.32421875
2.55664062
6.94921875
6.28906250
3.39257812
3.32421875
3.88085938
5.14257812
2.92578125
0.78173828
11.73579403
1.48321918
1.45019531
12.60156250
1.04687500
1.90234375
5.84960439
2.71875498
10.90201657
10.13997562
0.42553711
6.69531250
8.77343750
0.20141602
2.28320312
0.35791016
1.71289062
3.56510251
4.39388187
10.22005125
4.49381095
0.03516123
2.72753906
2.38118407
5.25358156
0.60009766
0.85009766
5.08658688
5.31575687
3.15625000
8.84666868
6.10905031
15.62561035
3.84065548
2.05192265
8.68750000
6.48828125
0.91629879
20.54296377
8.95833998
0.62078359
1.67383311
4.72265625
0.87792720
2.28027593
3.85937500
4.02180907
13.94108156
3.64436766
3.25358156
11.51627438
6.65950687
0.02839661
16.87744016
1.08935671
0.24432186
12.87329288
0.20874023
15.80989500
24.61116578
6.63850953
2.70930907
7.59008789
18.19351674
8.48779920
2.97265625
5.66015625
3.75585938
2.06835938
8.55468750
12.80468750
2.32226562
7.39192376
3.42057624
4.27343750
3.65429688
6.82031250
4.35156250
1.28027344
7.15234375
0.91503906
2.09993407
3.87528037
3.72595744
4.35953610
11.37337157
3.39551030
4.63281250
2.85351562
3.61718750
2.54101562
6.49918329
1.95980108
12.74534575
2.50074800
8.28906250
0.44946289
10.55387328
7.94620789
2.83174314
1.92891788
8.28906250
11.06250000
4.23437500
0.74167721
0.13289554
7.28157469
2.32389406
4.12341309
1.55664062
4.09705866
6.45377438
7.72884530
1.08593750
2.40429688
9.35156250
1.90332031
7.39453125
3.97281860
0.45540406
1.52213376
1.66341312
3.73828125
2.41406250
6.93764739
4.58579011
14.23339096
4.03614029
6.16637183
0.31800317
12.19823970
15.27421144
29.28969194
5.01043993
7.86718750
11.66829344
1.52897218
7.62923094
2.68326906
10.70117188
2.79882812
10.57031250
2.05273438
3.95312500
0.33832786
2.38457253
12.60937500
8.64680907
4.51530031
3.40087891
17.34863032
6.62011968
0.72558594
11.38281250
1.79101562
2.56070922
1.07844844
3.22949468
7.28515625
3.15494626
6.31575687
7.47265625
5.79296875
6.31250000
12.00000000
7.71972407
1.62304937
6.04296875
3.93135528
0.21683808
0.32080078
11.15407303
2.01552167
9.21810062
5.56673094
1.05240968
7.23046875
4.19140625
0.37445245
4.12370124
5.99218750
0.36035156
2.60546875
3.41796875
1.33756344
12.54268558
0.75634766
5.90625000
6.08235594
6.07389406
3.36132812
3.74414062
0.09069824
0.09991455
2.60937500
1.08789062
2.41633284
2.61394060
6.42609597
12.58090107
0.04508422
13.29150266
22.93326906
11.90983156
5.54752438
2.40560062
22.36932755
8.56250000
21.08390133
11.56720302
10.30519447
5.37500000
6.39094969
0.05033449
5.29719969
9.64843750
3.18717531
2.62109375
5.07096188
1.58951657
6.83073249
0.13513184
2.38281250
12.19238032
6.29980718
5.92544659
2.80892841
1.47949219
15.25781250
4.42479223
19.32325465
4.68180297
0.58479859
1.82324219
10.72313955
5.73242686
1.29785156
8.71524055
11.82568733
2.48046875
10.78125000
0.16918945
6.85565186
10.82812500
23.55318114
1.67772939
6.97070811
10.39420656
4.17968750
3.94563719
7.65983156
4.82031250
5.93359375
2.50145986
8.35742686
4.27343750
5.16796875
10.22721188
1.60026125
2.87662843
10.17675532
3.70215093
6.29376016
2.13737311
1.15625000
3.39400674
4.08204122
17.19108156
4.96093750
11.31250000
2.47281486
10.67806405
12.04687500
0.04870605
1.15625000
17.63968248
1.53646498
10.20173759
21.88240913
1.74434449
3.01171875
8.76255798
7.66014628
1.85352559
7.96484375
3.88671875
9.57031250
17.92456055
7.16796875
4.05859375
14.69498085
4.05225731
21.98469471
5.56364514
10.38281250
1.15136719
10.73649047
0.53486685
1.84375498
3.82031250
7.80663813
3.87011968
7.84439938
12.99935062
1.79785156
7.89062500
0.07226562
6.26171875
2.32031250
9.78125000
1.01732900
7.03385749
3.91210182
3.57812500
11.91243407
7.01871828
2.61197751
6.57702792
0.32857269
11.01562500
2.90820312
12.82812500
1.41145750
1.43326906
9.86521942
1.35743683
7.59503879
2.34669215
9.89843750
8.04264406
10.00691711
4.29386414
5.61718750
7.69921875
0.00192356
13.59526415
1.06185560
7.77294819
8.71028812
8.97656250
7.52831782
0.90234624
1.34082031
10.14127438
-0.08426754
2.59570312
6.80078125
1.94238281
2.44070523
64.29036624
1.35837746
2.86718750
2.11328125
4.60164118
11.59806585
6.44531250
19.77351120
5.37346146
0.29760742
10.06900876
0.63065676
0.04142336
9.68391844
11.07323970
10.40404334
7.72479248
2.29687500
9.03906250
0.97265625
3.50585938
0.01776123
2.27343750
6.12988281
3.39843750
1.54571533
1.29284668
3.94140625
16.23437500
2.01790282
2.31412843
8.88387475
1.59342780
1.48925781
6.64663675
0.34196919
2.30436281
10.00000000
9.61718750
6.17219969
10.80826906
16.65115356
3.20666504
9.05468750
0.00651169
7.67825266
2.44131760
0.86296653
11.95507314
3.22266123
14.99218750
7.27010008
3.29475953
6.60921265
0.85009766
6.07031250
14.68750000
0.24096680
5.57844969
4.22428468
3.12500000
6.34375000
3.03710938
1.01953125
4.80647703
4.93782469
-0.02876676
4.65913786
1.09603031
10.90234375
3.36523438
12.24218750
12.12531472
11.45117686
5.97428967
0.80598875
1.96647218
10.14648438
0.04663086
1.96289062
3.98696754
1.39584496
6.77343750
2.27734375
5.51562500
0.00471878
11.61669548
2.57372673
5.67676529
1.31347656
5.09375000
1.11726805
3.10709718
21.58007812
2.67413330
6.30468750
2.38952160
0.28044642
2.73608648
15.19726562
2.65429688
2.74120845
6.11621343
3.33984375
5.59375000
2.09179688
9.27343750
10.85156250
0.77689606
0.74410004
9.41406250
3.49414062
0.98026701
14.87585449
3.53287843
4.23828125
7.74218750
3.85937500
10.13834220
3.63118905
0.86572266
9.14843750
4.31575438
4.27311281
6.18806469
5.88088430
0.14249664
1.53413910
7.42187500
4.75781250
8.67675532
3.90918218
20.67423630
4.63704344
3.51985594
8.04264406
0.41601562
0.47802734
14.68814938
9.01074468
1.67773438
2.00943844
1.94075687
1.00878906
8.31184813
17.73437500
13.76920656
13.36718750
9.39843750
3.04874446
1.70711491
1.51757812
4.60720253
5.44531250
1.51642800
1.32329368
9.48437500
3.82031250
8.14259148
0.29467773
7.34943706
2.32243794
10.95306396
2.63313719
13.58626219
11.11653812
0.08300781
4.75000000
1.02734375
11.86783688
2.63606937
11.92740470
10.32080452
1.86018922
2.20703125
9.12695312
1.25878906
5.43245360
7.20442625
4.38248781
4.30045656
6.70605469
4.47363032
6.15364749
2.88476562
5.95280031
4.53906250
9.21093750
2.63671875
8.24218750
1.09375000
8.57812500
10.32226064
3.81055186
1.95996094
3.01786804
9.27343750
12.95881653
0.01838684
9.32226064
8.50716312
2.03971686
12.22656250
3.85546875
9.31917110
2.92692265
4.39485594
7.81803468
14.71484375
12.86197252
0.13314467
6.89062500
2.01284395
1.14291777
8.03906250
3.81250000
16.29329344
4.82389406
9.18123227
1.60081699
1.88722074
14.15983156
2.27343750
7.76601119
0.38950639
5.13281250
9.77196144
2.27686668
0.45483398
2.51009032
7.84342531
5.92968750
3.37500000
3.36914062
7.94765472
8.41406250
1.82910156
0.44946289
14.85867271
0.25883948
11.09733156
1.32324219
1.79439725
1.27832280
0.21781247
2.49349124
5.05468750
4.05078125
0.44311523
2.50585938
6.50992797
0.08418824
6.23014157
12.69270501
6.22070811
3.14257812
0.53564453
0.12408447
3.41829344
3.09375000
2.99120845
3.06933843
1.56412843
1.36132812
8.16095302
10.58977940
4.60546875
8.25781250
7.30859375
4.91796875
0.28076172
23.87890625
4.04296377
4.59180186
12.41292110
6.53759641
4.22135749
3.71712157
15.50552970
0.76367686
7.01415642
4.62370124
2.48286988
6.93814689
12.20963874
3.56217531
3.66015625
6.91015625
15.71523715
7.08163785
2.62564938
3.25130374
8.98274158
8.33757092
2.58325133
3.33131044
9.58535519
7.65234375
7.09130984
0.77897094
6.10536847
6.31868905
1.64843750
2.84960938
0.97387197
0.41406748
11.96875000
0.02487183
1.90039062
13.47656250
9.65948693
3.11004432
8.86718750
2.60351562
7.39550532
2.72168218
3.45117188
11.61718750
2.57421875
13.71040022
1.74675310
4.73437500
2.56250000
5.17578125
5.08203125
3.01562500
5.08333001
1.75553219
9.22461436
1.68017329
6.45996343
24.96712157
7.51171875
11.87923094
14.87435062
9.58593750
3.24023438
5.46093750
6.41406250
0.02964783
3.09375000
13.12695312
3.16210938
0.01795959
1.36230469
14.64485594
1.36735109
3.44140625
6.42578125
5.03906250
3.08183142
10.81608156
0.48958250
3.69498781
1.30143063
1.02571781
7.92968750
3.51562500
0.02253723
0.75974362
28.27604001
4.87370124
12.77766844
12.28515625
2.57421875
5.05110594
4.05403812
14.18621826
0.97005125
51.86108398
6.30045656
1.68782469
1.87760500
5.87109375
4.55468750
4.06673094
8.75781250
1.84204102
0.76920656
1.12695312
2.17120942
1.78565824
10.38639406
2.06250000
14.84179688
4.97075695
2.44531250
10.45983887
11.90044874
1.70800781
16.94623155
6.52474623
2.49218750
3.67219969
23.00097656
5.48405031
5.62532469
4.62304688
2.66373781
16.43582916
1.46711907
2.09831061
7.01171875
1.85644531
9.32355940
1.90495622
14.78906250
3.00000000
9.56300354
3.50227782
1.11295656
2.25756836
10.45312500
0.29760742
1.33007812
1.97851562
4.01953125
9.99218750
0.00497055
6.27343750
1.56933594
4.61800047
4.14097639
3.02669437
20.06738032
0.64795171
4.10156250
13.57285573
1.98964427
5.81673094
3.03483156
10.13429686
1.31608156
2.23437500
2.85937500
9.14550532
2.34082280
5.87467282
8.51456789
5.17340646
6.22884530
9.67968750
14.59488517
11.12923094
4.70230829
2.30746232
7.81623892
6.78141733
1.18359375
15.05468750
0.09130859
8.79166002
4.99968029
8.39420656
23.38013642
1.74251468
5.11539672
10.31408479
1.18847656
8.97656250
0.26462643
-0.02921383
5.05354610
11.47770390
6.68750000
10.51562500
1.77050781
3.31746399
0.36027039
4.69480330
0.63234513
2.96484375
5.04650879
5.78125000
7.84375000
0.00187397
6.10937500
5.96728391
12.05224734
9.62589689
16.05110594
2.55208499
11.46476195
4.48616578
1.09570312
2.05555725
3.38085938
7.59504876
8.06120124
3.41992188
4.22265625
7.12500000
5.26171875
0.01913452
0.44946289
10.89062500
10.97656250
18.77929688
2.00976562
5.50390625
4.57421875
0.42333984
4.39062500
1.00878906
10.70377438
11.81553034
1.26303246
3.97656250
7.42578125
0.40893555
0.08911133
9.86499023
0.66796875
0.48559570
0.65722656
0.85709469
3.61263187
19.63313719
3.62076906
0.56331173
0.84293827
11.66120320
2.14681405
2.63476562
9.71093750
1.21289062
5.45312500
25.72216797
2.73111813
12.13606937
4.43066157
2.66308843
7.37500000
2.00000000
8.22477172
1.19124390
8.62500000
10.73941891
3.90169437
11.38769282
4.76074468
11.07812500
9.21939938
10.41551304
3.66536624
7.46875000
2.34049064
2.62142342
8.52343750
3.83203125
2.96093750
0.60628172
0.04496340
7.71728464
11.03125000
1.32389406
2.18554688
2.95117188
0.69970703
2.20686766
11.55468750
2.02506593
0.00138760
7.59439689
8.55697030
10.39062500
6.31852172
0.11299683
14.97265625
13.08467528
13.22245363
3.84190369
5.69230403
2.33301030
6.81250000
1.94238281
6.73828125
0.02360535
4.35156250
4.54329344
7.62467531
7.53548094
0.04508422
2.06819703
9.73681516
1.25537234
4.17968750
4.36914062
8.10156250
25.35239029
8.55468750
19.26757688
10.10382536
12.00359776
3.93554688
4.87109375
0.15724608
4.73828125
3.23405031
6.83088985
5.34489140
2.30078125
4.60107048
2.61409298
7.82975842
0.09088135
1.62597656
11.43456782
5.38574468
5.57161126
3.08789062
1.73112311
8.19352172
4.14632203
3.96785461
2.76066101
15.55305408
2.88835217
9.48437500
1.72851562
13.28426350
14.48722850
2.86523438
11.12500000
0.17578125
6.03591919
8.08626219
15.43015958
2.45232823
22.12507183
2.58415669
6.12500000
3.51562500
3.24609375
4.00781250
4.52555297
1.82828735
15.19726562
8.14420656
5.12109375
1.94531250
11.80110594
1.55924562
3.52148438
7.94205563
5.12435062
5.69295546
1.83854250
1.50292969
2.76671733
6.90918218
6.68750000
2.43945312
4.60156250
6.14158910
2.77637965
13.26562500
1.22558594
9.03125000
1.74861072
10.35807873
2.15234375
9.36939240
9.18960550
2.13266012
8.17968750
3.48437500
9.67187500
18.16162109
7.92219969
1.97819093
4.81250000
8.80240470
3.42611092
7.99641844
11.89420656
8.40625000
4.49609375
6.92578125
7.07812500
3.59570312
7.89453125
0.61466305
5.64030031
9.21671823
5.00057793
2.73437500
1.92903314
1.66976078
5.32356937
1.60742188
7.45658356
0.33296723
5.70703125
3.94140625
9.29687500
1.60204954
0.48877078
3.44531250
1.97070312
9.19204566
1.32357934
7.39517066
8.36459496
5.34863281
3.00390625
6.13281250
8.61848626
8.37370124
0.00218964
14.77295150
1.00570451
7.31440676
8.58105718
8.20735594
10.19173094
1.29720218
1.69726562
9.73502438
-0.08811276
2.42187500
6.84765625
1.71875000
2.17078488
4.34887270
3.70280031
5.01953125
9.44531250
3.41707336
0.31339539
1.23925781
7.36914062
7.51171875
6.80767822
1.32519531
3.86523438
12.65625000
7.82063719
2.44498781
11.84154738
2.72558843
1.81738281
6.67984486
0.14388561
2.26171875
8.92968750
9.57812500
10.58593750
7.33203125
7.09627196
1.52994875
3.25100843
2.02242907
1.89465332
7.67578125
16.10579344
0.80078125
6.85774158
2.04264904
4.01041501
2.33496343
2.93554688
3.74414062
4.41796875
1.36132812
5.40852782
6.14420656
0.09194677
6.12084130
1.35221437
10.80664062
3.13671875
12.35156250
10.96483378
10.77865248
5.15885749
1.01855469
3.69726562
9.60156250
0.05856323
1.70800781
3.78661237
1.17823138
6.73046875
1.06835938
5.94921875
0.01261139
11.44840204
2.11343861
5.31315935
1.47753906
1.40039062
1.03043454
2.89192874
7.79296875
4.32611465
0.23206418
3.06844242
8.33593750
3.00976562
7.24218750
2.70898438
0.84814453
0.08941650
1.78674285
6.87634308
0.17944336
4.25000000
2.04882812
8.94531250
11.66829344
0.87792969
0.83073000
7.51171875
3.01562500
1.19228451
2.70833499
11.53125000
10.28125000
3.15820312
9.03125000
4.63671875
10.44417110
3.34489140
0.99560547
9.09375000
3.03417969
4.25423094
4.64820238
4.92047317
0.06134033
4.16821289
4.85644282
1.66080812
7.50716312
0.29793211
0.44401125
15.70198360
9.90739140
1.58496094
1.30826657
1.64388187
1.00976562
7.13802000
16.26562500
14.69498781
12.98079344
10.11295656
2.35823360
1.98161015
1.52050781
3.32308197
4.99218750
1.25439453
9.66406250
3.29687500
8.14843750
0.49267578
6.18375111
2.53695201
12.96416198
4.86547789
42.66829344
11.21028812
4.89062500
5.16406250
21.51708984
1.33496094
9.95538786
10.41179964
3.36132812
2.63476562
25.96402953
3.64827515
3.70100828
9.22298094
4.89030031
4.42545656
8.08984375
4.18814938
1.39485843
3.54817625
5.89420656
5.30078125
4.01953125
9.27343750
2.97460938
7.76594969
5.96061281
11.71288564
2.23828623
2.06640625
2.76933319
7.34571808
5.15234375
7.75390625
3.84960938
0.00645447
7.94432846
8.87240248
8.13639406
2.57421875
3.95312500
8.88346188
0.60018070
7.80078125
2.20507812
0.76513672
14.73933899
0.09958924
9.04687500
1.12402344
0.70703125
1.24752518
1.29362062
0.03152466
2.70312500
4.69140625
4.35156250
0.39526367
3.42578125
6.27945922
0.21118164
5.12206907
14.27799562
1.26041750
0.08697510
1.19498532
5.06575687
1.75520750
2.02311281
1.33691406
1.37109375
6.78139739
12.70224519
4.83984375
9.49218750
3.87141844
1.91731688
3.80599124
2.38671875
2.37695312
3.18945312
16.07812500
1.43766110
5.67736816
3.19270999
4.24218750
14.34927970
0.84017342
6.71866384
4.18856272
2.79980469
7.02896720
3.61092538
7.29329344
1.32389406
2.87500000
6.55468750
16.83739362
3.80713763
7.50781250
2.68945312
8.42187500
2.62564938
2.06484653
10.73430629
6.28841312
8.11131317
0.91993683
6.25061542
6.28320811
1.31640625
3.79882812
0.80134759
0.32877936
8.89062500
2.18750000
0.00506592
2.20117188
3.10343196
4.20581117
5.64778812
1.93847656
7.41015625
4.06477782
3.11881593
4.52343750
2.72656250
8.02376219
1.58463625
2.95312500
11.30781482
2.11296154
5.21484375
1.59765625
3.17187500
4.60188719
6.40592531
2.46875000
5.09504876
1.31738281
8.82682624
1.70556391
6.16699468
4.75781250
20.42092896
6.96484375
11.26985594
15.69108156
7.30924313
2.64192874
6.37923094
5.03873781
3.23980992
10.64778812
0.40022703
4.31217531
1.64745845
0.92480718
8.46875000
3.12695312
0.00782013
0.98465817
27.55672117
4.79199468
9.67187500
5.76009032
1.98795656
4.70703125
3.32812500
13.84217834
0.90950438
50.95279782
3.60481937
9.63346188
2.79199468
4.60969969
5.13248781
3.69759032
7.85546875
1.54034424
0.67350343
1.41699219
3.19466063
5.69889406
15.70458984
9.13384670
2.47070312
9.56811523
10.88385719
2.04134032
24.39160156
5.97233156
5.44954344
3.82714844
2.83170656
16.54135132
1.45279782
2.09310062
3.39453125
2.84960938
1.82128906
9.16601064
2.05078623
13.10937500
7.70913029
0.81380125
1.13248781
2.11196006
2.60190713
6.48615581
2.35400764
7.79069592
0.08020020
1.21679688
1.39843750
3.46875000
5.57421875
3.20703125
8.80468750
0.00411224
6.59375000
1.50292969
5.55265133
3.92261505
3.28255374
3.09765625
10.21632385
1.67187500
2.59960938
2.24804688
9.83593750
1.75683594
6.20019282
6.83044683
6.16004739
2.82291999
15.79231688
13.57795892
10.49576906
4.73323360
2.13656139
6.63199579
5.68441046
0.87841797
13.19531250
0.08166504
7.80142066
6.61198997
20.96028181
4.24935062
9.39501953
0.24719114
9.00537234
7.36691284
0.28662109
11.01562500
0.19549483
0.03637773
5.69173094
7.00358156
7.24609375
11.35937500
1.97656250
3.25797485
0.29532836
3.88280752
0.87077404
0.88427734
5.14371579
5.63606937
5.59375000
0.00460052
5.71484375
6.19205563
11.64420656
5.03092531
2.50000000
9.84185498
10.08007812
3.42903812
6.75129876
3.51041999
3.83984375
7.51953125
6.86539672
0.96272828
9.11539672
18.39371703
4.39843750
1.13639406
5.19531250
1.21289062
7.76171875
13.05533688
8.84255836
1.30144558
7.40625000
1.47949219
0.25976562
10.59741211
0.80533813
0.33748414
0.58203125
0.54573485
10.28483156
4.23437500
3.99609375
3.09375000
3.66015625
0.44946289
7.24251219
0.81705812
1.01660156
3.51171875
0.68794676
3.84928468
11.86002438
4.20638187
13.09375000
8.03157469
3.56477782
4.99153812
2.50064938
1.66536624
7.41796875
3.79296875
3.78125000
0.73640805
0.21598453
9.48072001
11.46093750
1.19108156
2.12890625
3.65234375
3.81835938
1.98339844
8.31233641
11.00000000
1.82487062
0.00157166
7.58235345
8.20182624
10.46093750
6.25000000
0.13830566
17.25585938
13.17737242
5.19140625
6.48003387
2.72233156
7.61621094
7.20267731
0.95656342
2.54296875
2.25000000
5.35546875
0.03121948
3.94140625
1.02832031
7.57844969
0.00000000
14.03548094
17.79329344
6.15950687
5.85188719
2.51530031
8.41536126
2.92838874
11.76790282
3.62662843
9.89062500
1.71777344
6.75032469
2.90201906
1.18164062
0.64436766
1.00358156
7.34277344
10.26204344
3.37076906
0.82893797
6.22188386
6.18305741
0.99903091
2.36718750
5.55696282
5.79166999
1.64160156
2.21484375
7.95312500
12.45735594
5.28483156
6.37890625
7.75423094
3.15657469
7.37044437
4.29654533
1.13411874
7.57844720
8.72331061
5.09765625
8.72298094
0.19083742
10.23762190
6.64079607
2.58203125
6.64843750
0.91455078
12.19531250
5.59765625
2.83203125
1.11946532
2.22623781
8.89843750
8.23719276
1.48481161
4.31127992
3.87784851
0.64550781
5.87141844
1.92936281
7.19173094
0.17570070
12.55468750
12.70312500
0.12670898
8.68581280
3.51181737
2.02734375
3.54735331
11.32032247
7.21907469
6.45280031
0.13134766
10.66406250
7.28125000
7.72079327
0.25018730
0.36796792
12.83593750
5.65234375
0.84863281
3.00618407
0.25406984
3.75113642
2.16487921
1.00195312
3.39746094
5.92968750
10.96093750
3.09179688
4.63470459
7.59765625
2.32421875
0.34130859
6.77339598
1.76237062
4.93001219
2.34147218
2.17578125
6.62695312
2.50390625
1.97558594
5.05859375
5.76953125
1.29785156
2.75585938
5.78906250
1.37284270
0.70284090
4.48412040
0.23707100
3.95703125
3.35937500
0.00162888
7.06640625
7.84375000
3.54492188
3.38964595
1.57812749
1.18549362
7.44629654
5.73860594
2.53092531
5.89453125
2.87304688
0.03988647
5.83203125
0.94042969
13.57655807
3.31113724
1.48925781
0.81070673
0.82308233
2.43781326
3.24513962
7.94140625
5.61328125
5.45312500
0.22949219
1.69921875
7.73046875
0.84883896
1.90723404
4.64843750
4.04296875
4.09765625
0.42749023
7.59798094
6.82731203
5.42578125
3.11914062
0.02386475
7.47656250
12.42708250
11.01139406
2.04040278
4.58886968
7.48962402
8.10937500
11.83593750
5.25390625
0.39347165
-0.02347653
3.96484375
4.91796875
5.60156250
8.88867188
10.03906250
9.29687500
4.05859375
5.77766844
4.01920656
2.60937500
11.12921568
10.15298316
9.59815450
6.07324468
4.36328125
11.85937500
2.29882812
11.51562500
5.09375000
7.70318604
6.77343750
0.67545531
0.44588258
3.47070312
10.57256699
0.53320312
6.73828125
0.27465820
0.17871094
3.64648438
6.60937500
0.39404297
3.27962157
3.74967531
16.08202450
6.06575687
0.50878906
3.87500000
9.37500000
0.00801086
10.12255948
3.49739749
12.51367188
5.48437500
1.47265625
4.47656250
1.71484375
2.80468750
7.16796875
4.71875000
1.05078125
5.39843750
2.13671875
8.19531250
6.93750000
7.51171875
1.59179688
0.10296631
13.06673094
3.83561281
1.39062500
1.03132556
3.25749279
5.43359375
1.80078125
5.42350094
8.10091312
3.46679688
1.12500000
0.00469589
1.95117188
5.71289062
3.13867188
2.76985594
1.70296265
9.07210328
4.14843750
3.06945801
1.00000000
2.04313110
0.44417359
6.92187500
3.28515625
3.90625000
5.80468750
9.39843750
2.30078125
2.47265625
2.51367188
0.13293457
4.85937500
4.00781250
1.00602047
6.31185062
5.66015625
0.20117188
0.68066406
6.18879876
3.67741218
1.43750000
6.47656250
4.72949219
3.42382812
6.73828125
0.92187500
4.51953125
0.63671875
1.53710938
3.49414062
0.03213501
0.09613037
6.78840814
7.55338874
14.64053345
2.24837157
1.17024657
5.20247562
3.09179688
4.47265625
6.70703125
3.24609375
0.26538086
3.62109375
2.85351562
5.51464844
11.39843750
7.71484375
11.28010860
0.37662968
10.41829344
4.46451906
1.87109375
7.54687500
0.00107861
0.12158203
1.28530863
1.53109762
0.59228516
6.37923094
0.28141359
3.98437500
6.53320312
0.94612547
6.37858156
4.12109375
8.43750000
2.60156250
8.76562500
1.45410156
8.32031250
0.01100922
6.42968750
1.07396962
6.49414561
8.09798094
4.22421820
0.67324025
1.86002936
20.04687500
0.37158203
6.16015625
0.84765625
4.14485594
3.50162843
7.10156250
5.40299313
4.06966312
1.94042969
5.60546875
0.00364113
4.09407469
12.83951906
1.74234985
0.68245484
9.19531250
2.33878415
7.10481937
12.72721188
1.82942874
8.96875000
2.61230220
4.21386968
5.81835938
6.03125000
8.80468750
8.46112013
0.02616882
14.68341827
9.14908688
6.56966312
2.65000241
7.21419437
11.19531250
1.95800781
0.74690672
9.15625000
3.09179688
5.73795656
2.18164062
2.78548094
7.65201906
17.88704344
8.41764406
4.41617797
1.17171265
3.80664062
0.13921019
6.45670656
0.65039062
4.32421875
4.60156250
3.01171875
3.73046875
0.48999023
12.19628906
3.48046875
1.65722656
4.59407469
13.19889406
2.17578125
6.77343750
3.69339840
0.47103031
1.14941406
10.50308954
3.51578735
0.55094733
0.42797852
4.60179652
9.99511968
10.07714844
0.04647827
1.15136719
3.97102782
2.74381593
0.06213379
9.56250000
0.10642455
0.48763062
0.63314819
2.90039062
0.50390625
4.95258575
1.82857269
6.49218750
1.81120409
0.34529005
3.92736816
4.26171875
5.96042056
0.68801694
2.66894531
0.32006836
0.00247765
5.34375000
1.03417969
0.68945312
4.82421875
4.09000485
4.06998781
14.80826906
9.99503103
0.38534006
0.96093750
1.20751704
2.60449468
2.76361135
4.32379099
9.45312500
1.62402344
8.61718750
1.31933594
8.21093750
9.17968750
2.59692383
15.19954344
12.67339340
3.44987810
4.66796875
8.57031250
6.95312500
5.87923094
2.18554688
4.39420656
6.64520502
18.42187500
6.68814938
4.48437500
9.55403812
12.38704344
5.12076906
0.49194336
6.09830563
2.41748171
3.56429078
1.37011719
4.48681516
3.50537234
5.82617188
8.75781250
1.34472656
0.90429688
12.09375000
1.20605469
2.99843307
2.10052444
46.37141844
5.83919437
5.67968750
5.42968750
2.56607658
18.24251717
3.80962169
3.74544188
3.85514406
11.09375000
2.42968750
7.40820312
12.10156250
8.36718750
2.50000000
4.49955231
0.42270593
5.05338874
2.56054688
12.80468750
13.47851064
1.69759530
5.99609375
2.67740968
4.52376219
3.86881593
1.48632812
1.66592976
20.15184176
24.37615386
1.90039062
10.30533688
5.76497562
1.82779159
6.35043107
8.90689938
1.10872562
3.89664672
1.74007203
10.17187500
10.62500000
12.10156250
4.57031250
10.12526319
0.39768603
3.17773438
0.62239500
1.83951906
3.18164062
8.30468750
1.86425781
18.26562500
5.05859375
2.26757812
11.84375000
7.49932861
9.57031250
15.86181516
3.81787234
1.80623289
14.42056129
1.45606715
3.50000000
12.85888672
5.63378657
0.17163335
2.92968750
6.32204178
8.58957932
1.65954836
1.41548336
7.67448000
11.47752660
9.20997340
4.78906250
3.12141844
9.73795656
8.05468750
0.45996094
0.76806641
0.14953613
13.43456782
18.01985843
7.34830563
11.56185062
0.91178468
2.78515625
6.44199054
7.19075687
0.33158200
2.03287843
8.36295656
10.03727172
0.58870484
2.83398438
3.50585938
0.02735901
9.52667236
5.41015625
10.18750000
2.32230247
0.33590065
6.05696532
6.13248781
0.00252914
6.75000000
2.18847656
4.50781250
8.35269393
1.49691544
1.78906250
1.99609375
1.34375000
0.81494141
6.54899047
2.93245484
1.06485338
0.42708998
1.68652344
16.70027793
6.25618905
7.54884308
0.19580078
0.04653931
11.94954344
2.01708860
1.89046265
3.17317874
8.99218750
2.54833984
0.47167969
0.04126930
4.04687500
7.40625000
7.25781250
0.40893555
4.52343750
7.05110594
2.51334718
6.92610594
6.03092531
2.90852782
2.06022218
7.55078125
2.92968750
0.81005859
2.03515625
9.92187500
1.34586547
9.64241578
2.03515625
0.02919006
1.42871094
3.40281334
5.24855385
2.58593750
4.85156250
0.14135742
4.88671875
2.42951020
1.54119292
1.41503906
9.71875000
7.21516844
9.10140015
5.72892211
8.47916750
7.64127438
7.21419437
8.97298094
1.73469720
4.65902108
35.22778320
27.91048094
8.68570922
13.06917359
4.63281250
7.98437500
8.60156250
4.98079344
3.15006593
2.01953125
8.93750000
3.96484375
6.54687500
3.62304688
8.38281250
1.73339844
4.01204344
0.74479250
2.21093750
0.85542723
7.46842531
1.12597656
3.15039062
3.84000610
3.04085328
6.14453125
8.03125000
3.54101562
6.67252438
2.53645999
5.94140625
2.15836422
7.28450687
5.52734375
9.16471188
-0.07157223
11.34406472
6.88908958
8.96875000
0.68766110
4.58170656
2.62923094
5.98372562
6.91015625
0.94677485
5.09277593
2.82974845
1.27181405
1.40722656
11.11718750
6.50292221
3.40397717
2.01594720
2.65625498
13.31536055
0.69409990
0.79833984
6.31851549
6.14648936
10.01302249
4.04687500
3.53352782
1.33463625
2.60156250
0.05224609
7.35546875
0.31933594
0.35685180
9.26393678
6.57844969
0.10795168
8.16589459
3.05436779
1.82096686
0.33422852
3.34960938
4.44531250
5.88281250
8.21875000
0.01079559
4.14062500
7.91015625
4.52734375
4.57665891
1.50439578
1.59386709
7.45508311
5.51562500
2.64648438
6.97265625
6.99218750
2.53515625
0.21411133
10.97513824
4.87984223
1.07812500
1.24592767
0.67936530
1.45936203
11.98437500
0.02392578
2.48437500
7.50000000
3.38915766
8.58105718
4.13671875
5.50781250
7.18066157
4.20996343
3.41015625
0.14868164
7.77197141
1.48364382
0.66357422
4.74462891
7.07421875
6.43391844
11.50712160
11.86718750
1.67130368
3.63444093
11.58951906
0.28535887
5.73795656
1.86230469
4.17219969
4.50553468
5.60937500
4.61328125
2.71484375
7.34358267
3.04392787
2.67303634
6.14648438
5.06250000
0.00216103
2.22656250
6.09765625
0.68751951
5.12076906
12.66829344
2.50423094
8.12435062
2.23242188
5.62500000
8.51901245
7.12141844
0.77555422
0.93115234
8.65625000
7.25942598
5.09636746
8.25358156
0.37255859
0.57177734
5.35937500
1.06640625
3.06054688
16.02929776
4.39778812
0.37500000
4.16406250
8.19531250
18.46911709
8.63216312
8.20593262
2.04882812
1.71777344
2.10611813
2.17903812
3.30273438
5.26774047
0.21004273
3.75000000
3.62304688
2.92024657
7.86295656
1.73177000
5.28873781
0.12188721
2.95312500
3.47265625
0.50195312
2.27148438
6.02343750
0.18310547
0.11633301
5.93391844
2.52750734
1.05957031
7.42187500
3.73583984
3.76367188
7.51953125
0.21789551
4.20605469
0.59912109
0.15429688
2.20703125
0.01195526
0.00775909
6.83105220
6.86133062
7.56314938
1.98763187
14.58723626
2.74088874
4.71646720
2.19173592
1.31152344
4.41015625
0.00086594
0.12939453
2.26371297
2.28126994
0.50878906
5.90510860
0.47086796
4.17187500
5.00976562
1.52864500
2.75162843
7.11328125
4.26953125
4.57421875
4.97477172
1.04573609
7.41015625
1.61246579
17.22103031
6.97844982
3.41015625
1.47949219
0.72509766
9.74641844
6.45670656
9.66796875
6.09406472
2.59148215
3.67187500
9.02766844
3.13725732
1.70541999
0.79762300
4.44531250
4.26562500
0.73144531
7.31250000
7.80468750
9.59375000
1.76855469
7.94140625
2.16666002
4.21224623
6.02554300
2.63266012
9.39062500
7.65787345
9.31478280
5.88297360
5.24544437
4.35156250
10.54687500
0.04083252
2.75585938
6.96289062
5.88281250
11.78906250
1.66796875
3.09586547
0.72200562
9.21875000
1.27571532
8.04264406
0.95100828
5.67155031
0.39331055
6.37500000
3.93554688
1.74023438
3.54687500
0.51202393
8.66406250
9.97656250
0.03494263
1.00683594
3.93945312
1.41992188
0.09527588
10.21093750
0.09391235
0.41975953
1.07873535
3.41992188
0.50439453
5.14831543
1.40820312
6.26171875
1.78270176
0.16871426
3.79882812
5.81640625
6.21692931
0.38658631
3.53808594
0.22717285
0.00212479
5.90625000
0.73828125
0.49487305
5.64062500
3.39013672
47.21158688
7.56217531
7.22623781
3.70312500
5.04849845
15.89095467
1.87207031
12.77164672
12.28624513
1.79101562
8.92367601
10.66861813
3.09733156
6.60514406
8.11002438
0.84603031
0.59326172
0.45743649
2.01106937
3.37384365
1.25701573
12.28906250
7.21484375
4.72721188
2.55794437
0.93847656
5.98079344
1.58333250
3.33333499
1.90527344
2.23566878
3.02409685
6.47916501
9.13216312
1.84179688
0.87011719
0.94873047
6.84016844
2.90120360
20.97899269
23.61703762
4.28125000
2.46679688
2.35546875
2.81445312
8.51985594
5.47623781
7.04899047
0.35750367
2.13085938
4.89843750
15.78986924
1.19068068
0.44108094
1.48274657
0.74528078
3.86230469
13.40298316
1.95639184
3.83203125
13.64477539
3.82653092
0.25257064
0.87158203
5.66579178
7.15651443
5.43083662
4.35237547
7.22428468
15.89264185
8.26783909
2.40983156
0.78808594
3.47460938
3.36132812
4.64062500
5.55468750
0.31396484
0.56835938
5.42610594
0.61189446
3.96322030
4.67578125
8.55240719
7.25325687
3.59765625
9.69596188
3.32747562
3.36132812
7.01171875
0.82763672
5.70485428
1.18934979
0.53499515
4.87141844
3.31412843
0.49194336
1.92403074
6.26530031
2.75813719
5.07389406
1.14257812
4.72265625
4.25390625
4.92968750
0.03482056
10.95935059
6.17219969
14.19108156
1.91068013
0.43062846
5.37337157
7.78092531
8.10904034
2.02019060
1.94498781
2.01757812
1.28548094
0.88004640
5.29508422
2.60529893
1.29037123
0.95059806
1.04004405
0.87622070
11.49218750
0.22912598
7.21516844
1.51106439
2.80697030
9.32633422
1.68961547
3.17350343
9.00781250
1.66156006
0.40405273
0.03417969
3.70312500
7.45703125
6.17578125
0.32836914
4.53906250
6.45133422
1.65120484
3.12727782
7.00358156
2.43424313
2.18489749
4.50423094
1.11198000
9.30468750
14.42968750
8.31250000
1.13321836
0.62361757
0.73632812
2.27179660
1.43816433
2.27571532
8.17545656
4.99609375
6.67968750
0.46850586
1.12207031
0.37231445
2.30069821
0.54101064
16.40853280
7.06608156
1.54687251
8.70605718
1.74023438
1.41894531
15.30663564
4.18945811
1.11328125
4.49934065
3.50065935
6.03125000
10.14062500
9.07031250
0.10894775
8.94173094
9.15397218
9.64062500
8.60156250
10.32617188
5.32812500
3.06054688
12.92789672
0.30069945
6.54264406
3.85156250
9.79687500
1.79785156
0.00424194
2.65429688
6.98046875
12.62938181
0.51048025
6.71750749
10.46274822
10.09220523
11.27945922
3.39062500
11.17366578
1.32875061
12.81250000
12.84407469
3.48014406
4.40234375
7.85546875
1.04101562
8.23437500
0.70361328
6.16015625
0.05581665
1.41992188
4.19531250
2.37890625
2.44524979
3.36834884
6.88281250
1.29394531
6.13281250
0.21985714
6.78060062
9.19531250
0.12792969
6.80859375
2.21679688
11.93570922
1.44222047
3.04882812
9.92968750
0.01464844
1.41992188
0.25366211
0.16438719
1.05338625
2.51757812
3.66275876
13.90625000
3.35708223
5.13933621
1.42285405
2.16406250
7.75000000
8.94006317
2.76501496
0.72509766
0.18188477
6.10937500
6.26774047
1.21663453
4.57421875
1.89746094
3.98958001
2.87956061
0.67431641
1.92968002
2.64551529
13.38627106
0.01985687
4.60579344
1.11718501
3.54752936
5.61718750
1.77929688
1.76660156
7.63019504
10.07292996
2.69140625
5.78872784
2.29330341
7.10676751
2.61002936
6.33984375
10.57226562
1.09277344
4.64453125
2.99804688
3.06054688
11.42968750
0.07720947
3.94726562
11.94791002
6.52083998
4.94205563
1.94856937
2.27929688
10.07812500
4.44270501
4.60807624
14.08203125
3.08203125
13.93901014
15.50720215
7.26953125
0.79687500
0.01718140
15.83593750
18.37694572
0.20430543
6.23828125
3.23437500
9.94531250
0.11145020
1.23144531
2.27944427
3.46469636
12.54752438
12.82909907
9.38509530
7.76953125
1.83276180
0.50268742
7.41015625
7.66421986
3.32796764
13.19126892
3.73648549
6.64828014
5.67968750
7.91177970
2.78939217
14.26306152
11.49820922
0.93880250
4.39244318
1.45988226
5.74218750
7.74804688
1.67480469
2.15852782
1.44303468
16.91182709
1.05664062
1.16699219
0.75174801
1.55306156
1.38867188
7.10156250
1.82324219
2.60546875
6.62109375
9.43750000
8.50292969
0.70849609
13.00781250
4.03125000
2.60546875
1.35677000
6.64030031
1.41699219
0.87158203
15.52050532
1.21875249
0.29272461
1.62376808
8.82960106
2.30273438
4.90445797
2.68880374
15.93750000
5.81282469
6.35514406
13.00781250
1.80664062
1.10644531
4.41796377
3.03711436
16.03125000
2.48242188
9.19238032
7.75293218
19.67447252
0.38998060
1.54895020
4.56640625
13.19531250
5.24218750
2.70312500
10.11132314
2.35937998
2.30273438
8.09244127
16.20052748
0.63525391
13.69335938
3.46289062
10.67968750
9.52343750
6.30468750
0.04116821
5.79296875
2.47070063
2.27441655
7.67968750
19.07935172
4.23779671
42.52164672
8.35514406
8.69921875
4.17219471
7.26335217
16.39632078
4.22233156
7.01171875
12.93098626
0.18119636
4.62500000
10.48258422
10.46956422
2.82682126
2.92708499
2.63671875
10.40625000
3.17284907
5.58105718
4.86010493
18.69043218
0.40673828
12.82519282
7.72233156
2.96614749
2.75000000
12.42968750
7.46126219
8.73502438
0.13598882
6.01985594
0.58805422
1.38378906
1.67773438
0.90429688
1.25976562
1.72892086
11.30013187
7.57844969
9.87076906
11.62721678
0.14774660
3.23534409
4.48145279
3.31054688
1.59783827
0.10760607
1.78701263
2.50408355
4.78873781
5.19954344
10.51920656
1.39160156
0.92724609
11.74218750
0.93603516
9.88346188
2.56314938
7.62011968
1.09004793
9.55904144
6.22948471
7.29427748
4.53873781
1.89664672
4.89632203
15.07226562
1.91308594
10.17097961
13.03495301
5.30859375
0.01089478
2.36799923
0.68668827
10.22656250
0.68660061
3.21028812
3.02604001
6.17122562
3.93164062
18.00813719
8.56250000
12.99901596
3.68815935
1.27636719
0.77632068
17.39545558
1.42155031
18.84182739
7.39453125
4.67187500
17.25455563
2.36849124
4.40689938
11.14778812
6.96956173
0.58170781
6.72232658
3.15072030
10.89192376
13.08528812
2.19856937
4.06640625
3.57226562
2.01757812
11.88972961
0.98624571
6.87060671
3.83007812
2.13671875
5.84375000
0.00177670
1.68180297
1.32503297
4.44140625
1.43945312
3.39843750
13.95019282
5.76074468
5.66438719
1.86295656
4.94531250
0.92724609
9.00000000
0.14172363
0.94628906
7.24316157
2.52441655
1.47753906
7.25781250
4.65970856
0.23295012
2.48893312
1.60644531
0.38500977
0.55787024
7.59245124
6.09375000
0.90234375
7.48469969
4.46061281
1.48461914
4.67968750
0.09698149
2.06412843
15.69804886
0.04917404
2.67187500
1.16210938
7.46093750
9.94531250
4.67968750
3.46516346
14.99382092
0.00465775
3.08203125
3.23306129
3.68295434
2.04492188
8.04752438
4.71549313
3.92838874
7.79442487
1.87745013
4.25032469
1.70270481
6.00229277
2.07617188
0.79508422
14.24393427
7.14599734
4.21989140
0.58691406
1.92187500
5.48860594
7.83951906
2.46875000
2.91634032
1.32030752
6.89680408
3.46029809
4.59375000
10.48437500
9.11523438
3.95703125
0.00290489
7.23258173
6.48128546
5.50878906
2.03906250
2.24055907
17.40983156
0.09650847
5.56217531
7.20703125
7.46728516
0.96875000
1.67773438
3.39453125
3.91015625
2.24023438
11.80891844
8.89420656
8.17527947
4.44401374
2.05468750
7.44531250
2.51985594
3.48600343
8.63899158
5.82585217
6.40234375
0.56054688
0.00564575
6.83203125
0.98229980
13.01985594
4.07194093
10.98437500
0.40917969
8.74641844
6.78979067
7.92968750
7.14049795
4.70150155
6.30045656
15.09887695
0.02934265
12.35601951
0.81780861
1.21549313
1.38802249
0.81933095
1.98437998
1.63281250
8.35937500
2.02977643
0.74561419
7.98046875
8.29687500
0.00265694
1.51074219
21.05545490
0.25850994
17.40315548
2.17301640
13.50491935
6.72981937
5.14957890
14.07902039
3.78409851
0.28564453
2.86685783
9.40853280
1.41894531
8.98404034
0.97787372
6.53613281
5.04296875
7.29174805
11.02408688
4.15234375
0.65804203
7.66340315
3.66081560
3.19652822
6.69401374
2.33918191
7.69825465
4.16406250
1.23339844
8.80957031
4.26953125
0.18165772
3.59505374
10.50781250
0.55908203
2.79296875
4.21093750
3.91438719
2.56608156
1.70019531
1.59179688
3.48242188
1.84822383
11.73600468
4.98828125
0.49560547
13.16113032
16.08255607
1.31966810
9.53906250
5.94140625
0.10223896
0.74951017
2.80599623
6.32486813
4.53906250
3.83283301
6.45362699
5.52020264
0.46289062
0.83842520
12.84196420
6.36230469
2.29784159
7.05296560
6.71093750
4.90234375
4.00390625
4.02473875
6.46451906
0.66552734
1.56347656
0.01589966
1.29589844
10.91181406
7.24443594
7.13281250
6.62890625
7.63215315
2.00065935
2.79882812
9.13947363
5.19646387
5.80078125
1.94254017
0.36263561
2.50530901
1.87347517
9.51562500
5.66926751
5.05338874
7.84375000
6.70703125
9.06119252
0.00000000
12.50064938
12.14843750
13.14420656
2.52734375
3.65983156
5.41015625
14.23860594
7.00358156
13.59569814
2.55859873
2.58821532
3.18326906
1.25195312
11.12500000
6.10937500
0.94417235
4.66796875
6.84733156
3.98437500
2.05468750
7.84928219
2.45638187
9.41210938
1.66210938
11.54329344
3.78483156
3.75813719
9.18326906
7.25781250
2.12695312
6.95312500
5.93359375
0.70800781
3.22851562
2.92309570
10.10156250
0.23229980
5.20312500
12.21875000
0.03466797
1.68457031
0.21276855
0.45393797
1.01432375
2.05859375
3.05729001
13.93326906
1.95376940
7.40723404
0.27313555
7.83886968
3.62141844
10.75358156
8.92315658
3.61199967
0.52050781
0.18786621
12.71004211
1.15812195
4.79296875
1.46353751
3.88151374
5.89420656
1.88671875
9.12336658
9.81413342
3.06640625
5.18163315
2.00879654
3.36718750
0.20494931
2.91731937
6.78515625
10.35076519
0.14142231
0.97753906
4.89062500
3.38118407
4.23795656
4.37890625
4.77343750
7.50813719
3.62565187
3.89648438
10.52343750
6.52685173
0.36963264
13.44140625
3.13085938
13.55930805
14.50044178
3.49805186
3.30240968
1.13769531
9.21875000
14.31250000
6.33984375
5.64062500
0.46704102
2.27539062
9.23437500
0.05914307
0.28857422
0.80818103
4.07585217
11.16829344
4.03873781
0.88427734
2.63427236
9.73063608
7.99820922
1.81558954
0.62646858
7.94531250
8.48615581
5.63493794
12.65625000
4.67797042
7.33960771
5.52343750
5.98958001
2.90495124
15.02630615
11.20312500
0.87890625
4.35668909
1.25765265
7.04296875
7.91015625
1.74804688
12.19531250
1.84667969
1.53125000
3.08789062
6.69921875
8.63476562
8.53710938
0.55427977
8.64420656
4.35156250
5.02734375
1.36197751
5.83138187
2.82812500
1.94042969
6.61751219
8.09733156
3.25162345
1.30501717
0.54833984
2.53301960
9.67893505
2.64107269
4.15218016
2.55045656
7.51692376
10.11588874
5.84375000
0.29101562
7.91796875
1.82031250
1.02148438
3.49836658
3.90397717
6.14453125
6.56965315
7.46550310
19.24543440
0.49968279
2.46069336
6.08593750
2.23242188
15.12500000
4.60546875
2.42578125
11.11978502
2.94271498
2.57226562
8.04166002
16.24740248
0.88476562
11.10481688
5.88281250
10.89420656
6.59375000
5.63281250
0.06921387
6.00781250
2.63997313
2.13444093
9.28320312
4.70833001
2.95573249
42.05468750
7.79296875
9.71484375
3.53970690
7.24349623
11.77131829
5.75260749
2.49055907
7.42936281
0.09379027
13.77164672
0.16410402
9.84375000
12.54524657
2.74218750
2.91959718
2.69726562
9.68750000
3.15087766
5.78271609
3.89355220
23.82324468
0.64404297
13.21158688
7.73828125
3.83756593
2.87662843
12.95410156
7.30891844
9.05712766
0.12858281
6.05680297
0.52815797
1.67968750
1.52832031
0.60644531
1.62402344
1.40844477
15.13997562
13.67362551
6.29296875
0.01602173
2.24446532
0.64762453
1.39843750
0.40754414
3.34925509
3.51463651
5.65657469
12.06954011
0.42305512
9.98437500
5.29687500
0.70185904
2.68571420
4.05859375
4.51204344
7.05045656
8.85156250
0.86392938
1.49593390
11.02050532
1.96061281
6.81966312
0.95019531
10.61718750
7.90753879
7.37761746
4.76562500
2.07617188
5.36328125
11.76009032
4.23405031
3.78352782
6.81998781
3.61718750
17.62141844
8.29687500
12.86376330
4.10466201
1.24707031
0.93562244
5.66960217
0.18908691
13.05468750
1.92708250
16.99609375
2.62858156
3.27962157
10.94889406
6.54750569
0.50083166
0.77441655
4.73697751
2.83528812
10.66471188
11.90201906
1.93522218
3.80468750
3.37304688
2.16992188
11.43660461
1.09415462
6.54785405
3.69140625
2.26562500
4.87890625
0.00146389
1.24023438
1.42187500
4.55973266
1.26350953
3.30273438
13.54752438
4.76106937
5.57812500
1.77050781
4.65657469
0.80680422
9.11002438
-0.09317868
1.19335938
7.37841423
3.43213264
1.47265625
7.78906250
4.26171875
0.23836180
2.54752687
1.49511719
0.36596680
0.23613044
8.17545656
6.53125000
0.97900391
6.88671875
4.71875000
0.90393066
5.56640625
0.00875092
11.34375000
3.28515625
7.75423094
2.16406250
3.91194703
7.74495235
3.92090093
8.01908356
0.61816001
5.18197030
1.71289062
6.02945922
15.08449798
6.87273714
4.33593750
8.86718750
1.97656250
1.66927000
9.41634032
6.64510195
3.77221742
0.64892578
2.30468750
6.08268063
6.15560062
2.45312500
2.93554688
1.34358142
6.58039783
3.67904809
4.86718750
10.23437500
10.88085938
4.23046875
4.88850704
6.29411015
5.04248047
4.69531250
0.09296080
5.08170656
6.98828125
7.57808857
0.06774393
0.86979250
2.09765625
3.09765625
4.84195922
2.70491578
4.79710711
3.11035405
1.26562500
7.66406250
2.26594720
4.64323249
5.84211907
4.57747562
5.81575687
11.66666002
1.21419935
1.90657220
1.20866218
1.33299784
3.52344747
1.53320312
8.51562500
2.49543191
0.85515403
6.05174535
4.10841090
4.18750000
0.10504150
2.61914062
20.24055907
0.06840090
2.49804688
3.03125000
14.84984002
6.48144282
4.68132092
16.05379211
6.41406250
1.91723571
4.41014628
10.12468528
1.50488281
10.01235816
1.07162621
6.76562500
5.01171875
7.56689453
6.91926751
3.01692874
0.87923343
5.67837877
2.04623060
3.23770743
5.46745124
2.56460550
1.53663231
5.81640625
4.41747175
2.94385638
0.09102818
5.76530031
0.11590576
13.24218750
4.25390625
29.07242672
7.67577128
3.46029809
3.22265625
10.34341534
5.60189716
7.47265625
2.15551197
0.54273022
2.14302773
1.85636192
6.64453125
3.33007812
8.95442376
6.07682624
8.76562500
6.75000000
7.49902095
0.00000000
15.52164672
19.59619016
7.68294437
3.95898438
1.69921875
15.14062500
4.62596909
8.72754654
2.79687500
0.00305367
0.20590591
0.25634766
15.23649047
37.85953735
3.10709718
1.89453125
1.29003906
0.49584961
14.64062500
3.17773438
2.40820312
2.75455065
5.64583998
4.26171875
1.76562500
4.30891844
6.76139406
6.17578125
4.11539672
12.40697619
8.26498060
2.56835938
2.78906250
1.39290282
4.51530031
5.60156250
21.27245595
13.13867686
6.41829344
3.74772218
2.31054688
6.36328125
0.06921387
9.32031250
10.21947074
5.10156250
1.42773438
2.78515127
2.85742686
2.50781250
4.42968750
2.75781250
1.20605469
3.42382812
2.84503262
9.63997562
4.98437500
1.52050781
3.11165282
1.50651125
1.30761719
9.79849845
12.24509400
1.69759032
3.28483156
2.53710938
3.60742188
0.10882568
20.90575798
8.25976936
3.86328125
13.88296986
1.57015514
6.45312500
0.21166992
3.01931466
0.40095149
0.90087891
0.93481445
4.18391844
6.95084718
5.87109375
0.03558350
0.91279529
12.44336436
4.90592531
0.30883789
0.83626219
5.55077876
20.46141706
4.43897606
6.08561281
3.91308594
7.53009863
0.06951074
4.75852247
5.11295656
3.26367188
2.08219360
6.30060395
3.98276152
7.09928468
10.17968750
4.51953125
3.32421875
2.44335938
5.71875000
0.02957153
3.57812500
1.34797596
11.14762951
6.79687500
1.29199219
1.29234716
0.12980226
9.30598626
6.93066655
4.85390663
4.00569454
8.95035205
1.01018146
4.97656250
12.26204344
9.01049867
0.26114930
12.69920878
10.23788509
4.26847129
7.16943484
5.94140625
2.28125000
8.32828361
3.73665780
7.27018063
2.26692874
6.04687500
7.73158866
3.36361092
0.01307678
0.00505066
0.00349808
1.56656860
2.39632203
8.46093750
12.57485816
0.93490746
6.13547039
0.91015625
0.18253539
0.60774781
3.61035156
5.12500000
6.97656250
0.01268005
2.69726562
6.41015625
2.66210938
3.64973626
2.90495124
9.98437500
1.10457336
0.83780945
7.46858641
6.21581782
1.64909186
5.82031250
2.00195312
9.37500000
0.19958496
1.36938477
4.60969969
7.66178468
8.28125000
0.67871094
3.37304688
6.94200134
0.60519835
11.44889406
9.44173094
13.58170656
3.61555907
2.47037843
0.60343258
1.24837406
4.15625000
2.56883644
4.30225731
12.18456782
5.94433843
3.88525266
2.04638796
9.28125000
7.60467955
5.29174867
0.55273375
1.32096437
9.95572252
0.83431654
6.71353502
3.70443373
8.60439873
1.54101562
4.97265625
0.22277832
8.82617188
10.95735594
1.71418939
2.18392342
9.96158688
1.66927249
3.46289062
0.96923828
7.08473631
4.01920656
15.25781250
1.24511719
0.78076172
0.07543945
9.55849513
0.68759862
4.07031250
1.68880125
1.99096680
8.71451906
1.96972656
1.89028021
5.47623781
1.63281250
0.97558594
0.64404297
6.16015625
2.73924286
3.12696808
1.80859375
17.84504876
19.53092780
2.76562500
5.68782469
6.39811281
3.23242188
5.26953125
1.61620097
5.94922872
8.81250000
3.30923067
6.69369902
5.02539062
9.63281250
1.89355469
3.49023438
3.48632812
3.19531250
0.00496674
3.54874508
6.06575687
6.28299093
14.34575955
5.61468967
2.27343750
6.03125000
14.58414672
1.77425172
6.74430297
1.15282580
1.35873060
6.66536126
6.65885749
7.59765625
3.76774047
-0.01879333
8.58203125
6.74609375
11.99804688
4.54296875
4.09407469
1.10026125
7.24218750
4.68750000
0.40405273
0.12072754
3.09960938
12.73437500
14.82421875
7.23111813
0.05672367
5.38281250
1.39587402
9.27304077
1.63671875
5.41406250
1.13281250
3.10546875
3.13476562
2.49414062
3.08203125
1.31835938
8.46093750
3.55664062
4.94531250
5.37139988
6.42578125
0.70737120
20.92968750
5.10123781
5.99251219
3.10709718
14.30468750
2.05468750
0.54134032
5.81635503
3.66406250
11.70312500
13.51383422
1.04280640
5.81738281
19.77343750
0.52148438
0.02474976
1.13029861
2.29296875
7.86718750
8.38899657
4.82780031
8.97840970
1.74446781
12.84016844
0.27286867
14.82063719
8.79888916
1.66569093
3.29101562
10.46191406
7.17578125
14.44685789
1.17773438
4.26139406
0.08270264
3.89648438
0.14770508
0.00231171
7.04522705
25.38556738
22.49529199
3.68554688
3.13085938
3.23437500
6.62239251
-0.02034173
14.13586426
2.92578125
4.41015625
6.28710938
2.57031250
10.64485594
4.19108156
1.66406250
0.59619141
1.06054688
4.23828125
0.00753403
5.31940974
0.68603765
0.93066406
9.55110594
3.77338103
3.03647495
1.53613281
7.51594969
2.46484375
16.63223604
1.04752438
3.49023438
3.45377438
0.08585944
4.61629211
2.21785336
3.73567874
10.18750000
1.70605469
1.33398438
2.70507812
0.11004639
1.34277003
4.49544437
1.52473626
4.35156250
10.70963874
4.25000000
4.85156250
9.06404539
9.52311281
7.02555297
1.84261109
6.11230469
2.08007812
7.10546875
46.20069929
1.63248781
5.27343750
4.77441406
8.24804688
1.31347656
3.75097656
1.95581055
0.60107422
2.67773438
6.89923427
1.10662510
3.15411459
2.18182291
13.80891844
14.60563234
1.15820312
8.98681516
26.84109622
3.54687500
2.80273438
1.21191406
2.31054688
0.01602173
18.49795524
2.89584358
3.10302361
9.40380984
6.06933843
6.48795407
12.54817376
4.33431405
1.21061281
6.67531726
0.83252576
5.39131616
1.11067874
8.90625000
0.09686279
7.33626219
5.28873781
8.63281250
2.76822751
12.60326297
7.78189938
2.07747562
6.08268063
3.58073000
5.03873781
2.06054688
3.45507812
15.72656250
3.64257812
1.94238281
3.55858877
0.79590342
9.89062500
3.67187500
2.49414062
0.01235199
2.40251820
11.22949219
10.64778812
2.43945312
2.50524902
7.00390625
4.85546875
4.78906250
7.51171875
6.19921875
1.03002930
9.30468750
5.96875000
1.77848266
0.94950317
6.71907469
7.98795656
4.93717531
1.17968750
2.42578125
4.24967282
6.28841312
3.25390625
3.11328125
7.49609375
0.32014891
2.28320312
0.83317140
3.83154297
3.20312500
1.36621094
0.00600052
4.64664672
0.38191773
3.85156250
2.11718750
5.04296875
14.48571777
0.69091797
2.48860594
-0.04130980
11.86171576
0.04117922
4.49625485
11.58479610
1.40641484
5.62044437
5.39094969
2.98209718
7.06216534
7.25814716
1.82552000
7.54002660
0.19125637
4.74788453
7.20703125
12.24039672
0.45735719
11.98925781
12.08974721
-0.04369619
8.49023188
7.66308843
2.97460938
7.01171875
9.92610594
1.91373781
36.29902576
5.91178967
0.90105197
1.17041639
3.00976562
0.67773438
15.13491917
3.29687500
9.88883422
4.56819703
0.65478516
4.55110594
1.97037843
6.49072266
0.42089844
9.38640445
5.43436614
0.73665850
10.46142827
8.23437500
2.81835938
2.64778314
9.70182624
1.12695312
2.80078125
1.48177000
1.02799562
2.28320312
13.17561766
6.16848359
3.39876717
8.99218750
8.21093750
5.50000000
3.94173094
1.43131593
2.03515625
2.62938830
0.99854139
8.98502438
2.61458499
4.58984375
8.72656250
1.16699219
13.18750000
3.64159409
4.56348404
7.17578125
1.85590056
-0.00421599
5.72123199
2.43729582
26.33561281
2.96679688
6.62890625
8.62500000
1.67252438
0.92610843
10.90820312
5.45312500
2.25585938
0.41772461
6.58984375
0.78417969
0.51123047
13.10879433
2.21884239
2.08413301
0.76596464
7.33593750
7.28580563
0.07259281
5.97604057
0.89505318
6.45312500
0.06045532
6.88704344
1.12565187
6.10156250
8.32812500
1.17301266
3.19856937
7.20703125
2.30704586
11.83170656
10.12858156
7.67610594
7.85921265
5.59260611
3.36133311
0.28149414
5.31250000
8.99218750
8.76659409
6.18067154
2.94726562
6.25390625
1.45019531
1.30235726
0.26087516
6.74609375
4.66796875
3.17024657
4.08398188
14.20801030
1.00553468
2.39123576
1.91731937
2.34289551
5.69140625
4.96093750
1.46484375
3.85479721
0.60321060
3.38118407
2.04101562
0.90787843
7.95002549
0.78044326
23.52148438
9.21093750
4.10937500
7.45489502
10.37500000
3.89453125
0.16638184
18.37125610
1.69319703
8.73079344
0.76724845
3.04102061
0.01555634
4.50781250
5.62554079
1.02680296
4.00781250
8.78939056
11.02343750
0.18594236
0.10058718
6.73320858
4.79044958
6.08496343
3.80664062
10.87092642
6.41911264
6.60546875
0.05358887
0.00911713
17.95909119
4.47656250
9.67308426
7.27734375
5.47298094
5.94596188
11.32841638
2.69856937
9.10937500
8.73502438
3.63802249
8.04099040
3.96875997
5.34375000
3.23942566
16.51137543
10.17968750
20.05590758
1.05110656
10.27777437
16.53125000
0.06770325
1.77832031
4.58593750
4.71875000
5.30078125
1.98339844
5.12206782
4.82129155
7.36718750
0.93994141
5.21093750
0.42578125
0.06185913
4.66796875
1.04296875
0.93750000
5.99609375
4.11328125
4.55003290
2.53321309
8.59373006
7.53126994
0.00814056
5.96244137
7.84402187
21.19596188
6.73893063
11.70963874
3.67187500
2.55664062
10.18033688
0.82698485
3.78418218
1.37988281
13.89843750
3.66080065
1.82780529
7.88313719
3.26269531
11.05838776
1.20996094
6.33528812
6.39453125
14.36376953
1.58203125
2.25402297
4.70809085
0.84553953
2.77278812
15.10904533
1.61556405
13.88638409
3.95297138
2.38476562
16.63150128
14.30743056
0.00000000
15.52164672
19.59619016
7.68294437
3.95898438
1.69921875
15.14062500
4.62596909
8.72754654
2.79687500
0.00305367
0.20590591
0.25634766
15.23649047
37.85953735
3.10709718
1.89453125
1.29003906
0.49584961
16.98437500
3.31054688
3.84342033
4.60775155
3.44140625
2.04101562
3.98681516
7.20849734
5.80891844
3.08186890
12.46703478
8.25130873
2.60742188
2.39453125
1.50846188
9.64778812
2.89648438
4.48437500
4.23534409
6.86035904
7.01562500
4.78938719
4.34342531
1.98339844
3.43196532
6.22233156
1.63281250
1.70214844
10.65170373
8.86912016
4.27278812
8.42968750
0.19384766
19.59293329
9.14778937
4.43359375
12.78971188
0.71354250
5.97444703
0.25984742
2.65150877
0.32218508
0.62890625
2.18700673
2.27213874
4.72981937
1.20214844
11.19531250
2.84960938
1.48372064
6.61198249
3.07160628
9.79362810
4.87955563
5.01888187
4.41617797
4.56852172
9.80891595
21.22093418
6.68792331
7.06608156
3.91552734
7.05955785
0.16895777
4.43451163
4.71451906
3.37304688
1.41422485
1.93667332
3.81511746
4.35221188
8.29622562
1.17122313
2.64453125
2.70084718
1.46093750
5.46484375
0.27856445
5.24804189
4.18555186
6.85188719
2.25358156
11.29931516
0.52880984
2.33789062
1.40836173
4.96712655
0.00784302
0.00590134
0.00532913
2.25496399
1.27335633
10.97656250
13.30693318
0.93330119
6.30266593
1.11897828
0.16516113
0.59082031
5.31835938
9.13281250
0.39721680
0.39526367
1.78613281
7.63867188
3.66601562
7.51953125
9.20312500
3.46093750
3.90625000
0.72509766
6.12174313
5.90201906
1.46061281
6.30501219
2.87076906
5.14843750
2.90820312
0.00196266
5.40722656
6.40136470
10.81152593
8.73258422
0.70296265
3.38476562
7.10252660
0.78809840
12.48828125
9.57454344
13.71451906
4.28548094
1.97233156
0.58373774
5.72949468
10.76627438
5.20247562
6.59407469
2.93131593
3.85742188
8.61634152
5.17903812
0.33691406
1.21777344
7.82063719
0.96647218
5.66210439
4.41992686
9.03108931
1.31054688
4.62109375
11.90429688
7.60937500
4.94238032
8.49511968
0.44311523
1.45116689
3.50977061
17.18391844
4.23405031
0.83609860
-0.07071774
13.25658245
0.40666583
3.43147828
0.78173704
1.79589968
9.46093750
1.11512245
2.54054816
5.85905031
1.65429688
0.95019531
0.64453125
4.64094969
2.80629849
3.20021276
1.96582031
11.25846188
10.36033910
6.53777371
7.06559328
3.41243407
4.81998781
6.41796875
5.19173094
0.92073485
3.69335938
2.75486287
4.60874556
8.33235594
2.62076906
6.59798094
5.06444792
4.08984375
2.59341783
8.76302748
4.46126219
21.00955824
3.67968750
7.59586547
3.10041612
2.20020279
7.64192376
6.75846686
7.32812500
3.24234985
0.02956178
9.25162594
7.30794437
13.02734375
4.96093750
2.28291778
0.50956269
6.85937500
4.13281250
0.34277344
0.09484863
3.34765625
7.43359375
12.89453125
5.62239251
-0.00203118
3.99804688
5.18277829
8.43973453
1.36816406
7.48437500
0.74023438
2.93945312
2.30175034
2.97754654
1.00195312
1.88330078
2.55664062
3.28906250
3.64794922
5.03125000
4.87890625
0.44368407
4.52765135
9.04687500
9.66406250
5.76953125
0.34594727
6.97687722
1.48991965
3.24674313
3.00911624
0.97900391
5.60546875
5.81445312
4.26953125
9.05367323
7.03483156
7.01562500
9.06347656
7.51935240
1.44694093
3.05078125
4.68261719
7.76171875
10.46158688
3.90560062
4.78515625
0.17871094
5.85156250
10.21826172
6.55989251
4.19401374
1.01953125
5.32031250
0.03298950
5.42939971
0.87190797
1.30078125
8.38704344
3.11877017
2.55241965
1.67382812
6.18750000
2.34684079
3.30208499
5.92187500
5.51204344
2.45865968
3.53352782
0.11832765
4.74252503
3.24544437
8.82031250
1.57226562
2.36914062
4.25390625
0.06262207
1.56622887
4.38671875
1.80729001
3.59179688
11.93685062
0.06866455
4.56250000
7.15559813
8.81425051
10.83593750
6.88281250
2.16015625
5.37353516
2.09375000
6.17773438
47.88270422
1.51725343
5.42187500
5.24218750
7.45166016
1.06933594
3.82031250
1.80468750
0.57958984
2.73828125
6.85415005
1.25164339
3.29783162
2.00750775
13.71516844
14.69848633
1.32487062
8.68994016
27.83746463
3.85742188
3.27213376
-0.09555905
17.57299805
3.09765625
2.35302361
8.83479859
6.08463874
7.04459469
12.24153812
2.21679688
1.49053955
8.01204344
6.52522828
0.98128297
7.44531250
1.92724485
1.33300158
5.67676529
8.06282469
7.71061281
5.85546875
1.05273438
2.99804688
5.67561766
7.04296875
3.38053468
3.27343750
9.56250000
0.30012938
2.35172485
0.77295046
4.08447266
3.08789062
1.10449219
0.00500488
3.70328735
0.82584594
3.91764406
1.98242188
4.57031250
14.78873656
0.68489625
2.58821532
-0.02919432
11.85713959
0.10083008
4.76643797
9.45402039
0.93904602
5.36686281
3.95898438
2.90234375
6.75324690
5.66862810
1.87402344
7.93488254
0.34376246
4.76920656
7.42578125
3.20382595
0.60742188
0.01131439
3.32421875
0.09295654
12.13867188
10.44531250
0.83064446
1.54264655
19.12719477
7.31543218
2.97460938
6.36328125
9.27343750
2.01432126
34.21724613
0.99703125
1.39852615
3.13085938
0.57958984
6.22656250
4.78906250
9.96093750
0.34594727
2.93684564
3.83105718
3.05436281
1.51269531
5.22705078
0.29833984
7.11690617
4.41035794
2.63454333
9.81885015
8.66406250
2.77180907
2.76073970
10.18620124
1.79329344
2.81250000
1.19010500
0.99609375
2.17187500
13.64925047
4.21790541
3.06901374
8.64843750
8.21875000
5.32454344
3.43961547
1.14502078
1.31152344
3.34708493
24.15299064
3.67350842
7.37532469
1.33007563
0.96159186
12.12630125
6.19986813
5.05371343
2.80273438
0.37158203
7.73828125
0.41520141
0.28645875
13.65927666
1.95961983
2.28686746
0.70312278
7.82540892
0.62576295
7.85546875
0.05142212
3.13867188
6.22656250
7.54597961
0.54435242
2.66796875
6.74609375
1.64493649
12.72233156
9.97579011
7.69217864
8.31222573
5.67670241
3.47743212
0.31187950
5.04687500
8.67968750
8.16470690
6.14193373
2.62695312
6.28906250
1.11425781
1.29930581
0.29273520
5.99609375
5.84375000
3.16210938
4.27400384
4.86198249
7.73046875
10.27376219
10.93424988
8.72656250
2.06379876
8.90689938
1.42155529
9.28906250
4.08593750
0.01582336
14.94555415
26.24935062
1.31705812
2.55322258
1.45638187
1.57115122
6.60514406
5.64062500
1.72753906
3.68660461
0.49064148
3.97884032
2.27734375
0.77197266
7.05338625
24.00195312
4.43359375
18.93553192
9.13119902
5.14420656
7.81461547
1.35082946
0.42439882
7.53062480
3.99911458
5.73177000
8.96156825
6.61198249
2.35937500
12.98811392
6.73161264
7.47265625
0.48217773
0.01085663
17.79816818
4.98828125
10.34460875
7.77311281
4.51383422
4.77856321
14.56726368
17.17187500
20.10969969
7.51139406
2.84179688
6.25790068
2.11686281
3.07617188
6.33268063
2.59310062
6.37500000
2.77155517
5.30848661
2.94758035
26.51676999
0.20906067
1.57519531
7.13281250
5.46093750
12.55126330
2.01904920
6.66048094
5.28092531
1.29980469
0.58398438
4.52343750
0.38435789
1.29166750
5.39453125
4.74218750
5.37581540
2.68327903
9.21742632
8.17905806
0.00399017
3.10445067
7.78100399
2.45499944
6.26171875
1.20507812
15.98502438
1.27832031
6.20638187
1.49511719
14.10937500
3.48274158
2.57780529
8.27864251
7.68620124
2.48437500
6.49641844
10.04103514
1.10481937
4.50781250
6.66048094
16.50565676
0.93261719
1.40981575
4.79078674
0.63199953
3.04296875
15.69140127
1.60352061
14.50584442
4.57228058
2.63671875
16.59797346
13.13998060
7.15869016
17.86375333
4.20411901
28.96093750
13.41381649
4.73852726
5.58007812
13.43251109
2.05967641
0.06518555
2.56250000
16.08823222
1.70375996
4.84301259
10.68115733
13.55110594
21.53843307
17.48405031
3.18164062
10.48860594
10.75528369
1.33423537
25.48046875
13.86555408
6.84570811
14.52701906
1.06168578
6.04085328
11.32454344
2.31803468
7.58048461
14.54866578
13.98046875
1.52734375
10.71939938
4.03060062
7.56330300
10.51383018
13.23391724
10.60937500
10.06640625
3.81054688
6.27728271
0.18103027
7.60937500
1.50488281
5.55322141
0.74121218
0.21887207
0.16125488
6.33593750
10.99218750
2.27148438
10.19592285
3.64223848
3.67416777
7.77126053
4.87894781
6.56854166
1.29296875
0.00198555
1.11718750
11.38704344
4.72004876
3.72103280
5.55501219
1.19791750
13.89664672
0.38606812
2.63476562
14.77343750
2.52539062
4.72265625
11.53305826
7.50412192
0.79076016
5.92923981
1.02290863
3.99804688
7.96484375
0.59277344
4.19140625
3.70474845
13.34471410
5.57163120
1.80078125
5.01171875
7.96907469
6.63410129
6.41602559
3.23275155
7.70768063
7.12435062
2.11207287
4.68294437
13.35546875
11.48828125
8.60480940
14.31315935
3.58203125
0.30249023
14.71875000
1.74023438
14.66781745
14.57463707
0.93847656
10.93920525
14.25485603
16.99641844
1.85392149
16.16430851
0.17348143
2.64420656
21.91438719
14.79508422
2.50569703
8.51383422
7.82405391
11.07145515
3.85937500
14.31593847
7.21289062
16.59756470
4.89453125
11.02734375
18.40820312
14.07031250
4.87597656
10.00000000
1.99902344
1.93002921
47.22526374
6.02311281
7.02766844
4.59733156
0.03454590
1.97493157
4.85416999
9.11718750
1.50585938
0.11035156
7.71875000
0.65006033
0.51375803
2.67024657
3.37792720
7.74088874
0.18627930
2.99251219
0.50162843
1.97981688
0.83170656
0.59748985
5.72693151
15.46597518
0.87354388
4.44531250
5.07031250
5.53906250
4.51953125
2.70312500
3.60448970
1.95996343
0.14050231
9.20629945
2.71679688
10.09375000
8.66406250
0.88525391
2.62499003
1.05469747
2.24414062
29.74430297
2.27464104
1.60432984
3.34960938
3.30695036
5.50554964
3.58398438
18.43863766
5.05631095
1.82780529
3.32812500
5.76562500
3.50877660
6.09669215
6.60546875
1.21679688
6.06656486
3.30729499
8.18326906
14.16406250
4.00000000
6.64029034
0.82748310
2.14941406
5.63704344
2.53092531
10.10156250
3.53906250
0.49975586
1.60522461
11.81250000
10.83593750
0.05041504
10.21850586
2.75178330
0.94287732
6.62076906
7.25781250
5.15266844
24.22167969
2.56608156
2.04441739
13.76938386
1.61881593
3.65657469
2.54783536
2.22185948
14.69867150
6.68035682
3.73828125
3.64648438
9.22656250
5.95141290
0.20337226
3.53971188
0.90267093
3.24316157
3.41699468
10.65331782
4.27636968
7.03189938
2.02474124
1.64453125
4.65625000
10.10937500
1.34765625
3.87109375
0.58154297
1.41210938
1.23111813
0.28751711
6.30436281
12.73449707
0.02938843
1.83886719
12.13627106
0.32442230
0.62646484
8.61002438
1.14485843
2.23828125
17.20343972
4.77312278
3.83007812
2.59016844
3.34733156
3.77571532
7.53873781
1.56640625
0.43017578
11.07421875
4.77376219
3.61295656
12.43000347
17.00212544
0.25537109
14.00064938
5.02490359
9.88814083
3.55371343
15.96093750
21.69596188
7.73795656
8.94533113
5.44563719
9.30826906
8.54166501
11.71875000
4.65950687
2.80468750
6.62954566
14.78451684
9.74641844
1.36206117
0.28458680
2.71386719
3.86523438
14.88525266
3.96014529
1.51855469
3.54492188
1.74511719
0.03369141
12.73258422
1.34651734
2.24479001
3.35677249
1.73730469
9.20019282
3.50813719
3.26041999
12.48811392
9.99447030
5.70882203
18.36807604
4.07943373
2.55664062
12.26334469
4.85481937
14.12548828
5.61523438
12.16304411
0.17264925
1.93261719
4.87255859
0.79687500
6.90836547
0.91585328
8.27766844
2.99023438
13.78906250
18.00358156
10.20629135
17.01856216
9.49731383
7.62506166
9.89685059
5.23828125
10.08572388
19.97792266
9.01380370
9.52290351
8.80770442
11.14208112
3.92041888
6.88752549
9.77263076
10.71093750
2.68554688
2.74324524
0.56230690
0.75434286
8.58170656
1.03808594
4.23828125
1.76550572
13.38509281
6.07031250
0.53328367
0.90592531
15.80859375
4.76391602
4.17675781
12.03906250
2.92187500
3.78352782
14.08951906
6.47330563
1.71712406
0.96451408
8.18978280
0.70361328
2.26513672
16.96875000
12.32031250
0.65771484
0.22554442
2.23405031
4.55468750
10.74218750
10.47200438
7.08471742
0.35538758
1.11539111
7.29159131
1.67675781
6.15234375
3.08789062
16.38223183
15.30526817
10.54150266
2.36848128
1.15446919
16.45458984
1.70214844
26.95084220
10.33040780
1.60351562
5.68750000
3.38671875
5.71093750
7.86901855
8.26985594
1.25617908
10.89779310
9.03548094
13.92182071
20.31808898
5.33593750
3.38476562
5.26204344
5.02311281
1.26660156
4.85579344
3.59244626
12.40136968
4.74641844
4.06217531
1.26952876
3.53418218
10.95279034
3.83627216
6.74641844
10.14062500
13.89811281
1.65917969
9.70312500
5.73632812
0.59375000
11.02245346
3.63379654
8.40494626
11.82063968
7.13476562
5.52343750
2.89062500
11.13117908
5.41960217
3.26562500
4.72656250
3.55859375
3.17967255
2.41603058
2.11132812
6.33886719
6.36360594
9.87076906
0.04562378
16.34179688
11.12923094
20.94107159
3.34375997
4.10937500
5.40266844
5.87564938
8.39843750
7.34342531
9.50520999
4.16015625
0.01419830
10.28449690
4.57520279
18.34497897
10.58080228
7.66048094
9.53206546
4.62451172
8.08593750
10.27148438
5.92968750
0.00463867
6.23437500
11.41735840
4.28092033
12.76822252
3.58562278
0.00234985
8.96972656
2.32318878
4.73860594
9.82812500
1.15201906
3.85839595
11.06543218
0.03494263
7.57031250
1.98242188
11.75048828
9.52603502
4.09896498
5.42578125
4.17187500
4.72395501
4.84911237
6.74724512
7.95312500
3.33593750
7.34765625
10.69954344
19.65026430
11.49991135
3.19540115
5.97323506
6.17252438
7.94401374
10.10937500
5.62890625
7.16601562
5.21912384
12.01562500
1.74316406
1.13281250
47.53938719
11.79329344
29.98502438
13.36930422
4.35449468
7.69921875
9.16406250
4.63281250
3.07356439
1.43034186
2.25976562
11.68359375
12.54687500
0.81168578
0.84798219
31.28125000
1.98535156
16.90933954
11.64241578
2.40527593
8.85937500
13.60156250
8.81802970
1.66048592
0.40673828
1.80859375
2.74706034
2.01954122
4.83984375
10.45312500
14.31250000
0.82926391
2.63265015
4.08886470
25.90752882
11.86232712
3.67057624
14.64908688
5.41373781
2.25811856
7.29980718
14.28906250
2.00520750
2.81998781
8.89062500
0.36206055
3.38671875
5.05322141
0.57959109
9.19531250
1.36979001
2.70442874
1.00195312
22.22924510
0.15682177
13.06152344
33.55419548
18.59526010
6.48828125
3.29492188
4.88769282
16.55243169
37.39843750
0.14233398
4.54556876
10.22884530
2.27343750
9.48827128
24.48470467
4.54116645
7.70996343
8.65819814
5.22852061
8.66048094
0.67887453
0.54785156
26.82031250
1.66503906
3.66275876
9.05321643
8.65902482
3.21020508
8.06054189
8.40072030
19.13346188
6.49771969
3.65885749
7.12923094
4.67513187
10.65625000
2.65429688
9.90535461
12.63435727
3.46810062
1.09863281
14.96451657
6.88216312
3.28515625
1.16296387
1.42285156
11.58890915
1.92480469
2.65657469
7.91764406
5.27506095
3.82259530
7.19563719
2.71256593
1.95149657
4.24186281
6.42578125
2.88867188
31.54979970
3.53548592
7.95670656
19.60904034
3.67611591
5.80078125
6.00781250
8.72298094
1.38737062
10.15625000
8.38102172
0.88850953
3.66406250
10.79687500
5.07844969
10.15804078
26.72163692
7.16699468
10.38281250
10.11750222
9.59343528
5.86718750
12.61212739
13.61907378
0.01777649
10.87824690
5.99264298
3.58382203
7.26631165
7.88313719
5.77734375
9.30045656
4.59375000
12.66048094
5.44107159
1.23275653
16.87591795
1.59082031
14.46595828
1.03395112
3.27636719
14.65848131
9.16569592
7.48469969
4.65560062
8.66471188
4.13216312
2.02343750
9.56384028
5.97558843
2.04101562
1.41601064
0.13525889
0.36743164
8.64257812
1.83590405
5.90560062
3.48632812
1.93457031
10.13590204
7.09130984
2.56185062
19.37545943
0.73046875
7.15559065
1.99707779
18.55951181
3.04288509
5.65136968
10.49641844
32.43408203
11.58365470
3.73242686
25.76269531
21.21541133
1.04915531
3.92057001
1.54557624
25.38411126
12.01855718
2.06998781
9.91406250
1.23942016
0.11730957
1.36702515
7.93521720
7.93964166
11.03531860
7.31380250
3.40039062
9.92187500
6.88142509
9.57169991
2.47265625
3.83300532
0.32568609
3.72851562
9.08789062
25.90625000
0.05282593
14.32465198
12.30238169
2.40006593
7.69921875
0.00532913
11.16406250
5.78376697
4.80273936
6.27115470
5.31434176
1.61425781
5.52766844
10.51432375
6.52510071
2.35579344
10.21158688
10.51837988
0.83220855
8.42382065
1.70638685
0.23494508
11.74397828
0.08410645
4.85579344
1.92187500
4.61751219
4.96028812
12.09016844
6.61686281
2.32421875
4.66015625
1.07340329
5.86002438
2.40690436
5.40657469
10.36295656
5.35513658
2.50130873
2.75618407
14.21451906
4.51953125
3.10546875
6.50836575
5.25856050
1.49153563
3.05403812
0.43432617
3.71875000
9.88785018
1.02328263
8.21468016
13.83170656
0.63997313
2.16471437
0.91796875
8.03125000
7.26594969
1.14615968
10.19531250
10.95228504
8.75944592
0.00463486
2.60251662
12.69173094
15.09537843
2.65006593
5.98437500
3.25992797
1.59456422
0.92285032
8.31005984
7.09049313
3.04296875
6.72200687
4.34375000
2.46939440
4.93099623
1.67675781
4.20312500
3.57617188
7.22298094
3.53710938
2.47656250
16.48795656
2.62889379
1.22950465
4.15234375
5.08203125
2.59179688
1.94005527
3.80795434
6.80013187
2.10156250
0.90055172
4.10091312
3.58398438
11.95735594
2.03619561
4.39290780
1.28515625
9.69562722
1.56999778
12.06530263
3.63477061
9.18424313
4.76137455
15.01692376
1.33952155
8.85156250
3.57226562
7.05078125
13.82096188
0.94954593
6.28515625
3.96044922
3.06054688
6.71580785
3.23341090
6.70703125
8.39843750
2.27343750
2.68359375
5.12955563
8.92903812
7.12220603
5.04120885
5.10937500
1.55664062
5.95247562
2.34765625
5.41015625
9.07031250
3.15234375
4.61750721
1.62663342
11.74609375
1.70605469
5.78906250
14.40331782
9.55842144
2.04021387
4.07031250
13.71663328
0.90400498
7.10043107
10.12500000
4.17187500
16.59483841
0.30637619
5.40803704
4.53776374
7.66015625
5.08593750
1.70084469
2.95052249
2.25195312
5.16406250
4.42578125
1.41259641
0.07629519
10.28906250
3.12500000
3.38134641
7.10790891
2.27441655
6.53906250
5.61620346
2.71973404
6.64843750
12.45800781
9.40035987
0.08914208
6.01692376
1.02506843
13.97656250
0.12236448
2.78483156
14.56250000
2.29166501
4.30858877
9.32894545
2.33217988
9.00765015
0.58040655
9.84863032
4.09277593
6.56640625
2.19531250
0.00534821
9.32031250
2.45377438
2.36685783
2.95085217
4.43961547
1.45003297
9.12500000
1.31542969
3.11880597
11.35254654
3.65983156
9.74576906
11.32031250
18.05175532
2.13379155
4.89062500
12.09634752
7.18490248
2.03396489
7.15869016
17.86375333
4.20411901
28.96093750
13.41381649
4.73852726
5.58007812
9.67187500
8.50781250
14.70246565
5.50065935
6.72069814
11.73128546
21.24636965
14.85546875
3.28906250
10.41406250
10.52066268
1.05225482
5.80468750
12.01513298
7.51838985
15.16211436
1.07519531
5.35514406
6.71093750
12.61132812
5.03808594
1.69238281
9.98437500
5.08984375
8.24396706
9.69109153
12.60124207
16.91406250
4.07421875
5.46813965
0.30419922
9.88281250
1.42187500
4.77164672
0.90950562
0.41552734
0.19665527
7.38281250
10.88281250
1.59863281
9.60058594
3.50682348
3.24903590
8.63281250
4.68162069
6.07814494
0.90332031
0.00166893
1.14160156
11.51204344
5.46483877
2.21712655
6.15560062
3.82031250
3.12500000
1.60058594
6.33593750
14.48437500
3.11914062
6.07332336
13.13314379
6.24947548
0.05189276
5.03515625
5.39843750
2.79882812
6.34016844
0.95280031
7.49609375
4.55989251
4.82193844
6.76367686
2.89648438
6.97192383
1.30438995
5.41796875
1.44531250
8.15625000
0.77783203
2.02864500
11.74479250
9.59082031
8.31965315
14.14128435
2.98632812
0.21484375
16.11328125
1.77539062
10.22125887
14.96233488
0.58203125
11.60156250
1.43098626
19.32780280
0.06921387
1.40625000
7.83203125
14.85400266
1.66845828
6.91080563
6.69978758
6.04264406
4.54622562
12.52587766
2.07763796
4.05468750
10.33300781
17.02151489
5.15234375
11.12402344
17.77539062
2.81445312
3.29101562
4.27246094
4.55859375
1.86360594
4.62136987
1.05859375
0.16528320
5.67968750
4.86718750
1.67484122
39.09798094
5.82617686
0.14147949
2.15820312
0.82014891
2.85579344
0.65218265
0.18874997
0.28466921
6.25000000
5.49218750
4.75781250
4.21484375
3.29101562
1.62597407
2.31412843
-0.01696653
16.05800416
2.68381544
3.42480220
3.39909186
5.14062500
6.54296875
8.91406250
12.65428192
1.34181183
5.06038328
4.84733156
2.54101562
6.50813719
1.97037843
0.16188553
1.12522385
5.31640625
8.52343750
1.92578125
5.01562500
0.03683472
11.52624512
2.67641817
1.49643339
4.92968750
5.94921875
3.60156250
4.36360594
3.86116578
19.81559203
2.37467531
1.83374479
14.36134308
1.23990968
3.42968750
1.76805457
2.12525598
14.29958587
7.54282136
3.84960938
3.24804688
9.28125000
3.47070312
0.09527588
4.58526818
1.08465369
3.11669673
3.35840093
11.24283688
4.72591312
7.45019282
2.01269780
1.41992188
3.59195922
10.51741578
1.14062500
3.44531250
0.77294922
0.58691406
0.86482602
0.12492007
5.96093750
11.48657227
0.03088379
1.76562500
7.87109375
5.62890625
0.35717773
9.42610594
0.94010500
0.98339844
0.10512160
1.15132612
9.46810062
11.25781250
0.59716797
0.13635254
0.39141596
4.52137494
0.52550255
6.21679688
2.20149657
2.75358156
11.79963113
16.52312278
0.19140625
14.05533688
5.55135195
8.63834532
3.35091312
16.81250000
20.80533688
7.87467531
7.08322862
5.80501219
8.63639406
3.86686032
9.88216312
3.97070312
7.66836215
15.81243129
8.32812500
1.09928468
0.13842773
1.45019531
2.08593750
2.06054688
0.36499023
11.82633422
1.05061890
1.55501219
3.68912843
1.56250000
8.40689938
6.24186281
4.77701906
14.18408203
6.57421875
3.61718750
1.73730469
6.94677734
2.38281250
7.85758422
0.95686890
7.82031250
3.06282469
14.30045656
17.04296875
11.63785018
15.90511857
8.41048094
7.80765871
10.27587891
5.24251219
10.51011232
19.75371669
9.14715452
8.69612796
11.00324690
4.36003435
7.18049424
8.31950576
7.86328125
2.30273438
5.28426086
0.43400086
0.69022458
8.31966312
0.59277344
1.75537109
1.60348408
6.14388187
8.71875000
6.87564938
2.81412843
5.54044679
3.23599097
1.84311059
10.42187500
1.92480469
4.23046875
15.19531250
8.05175532
1.86230718
0.95222400
7.75944592
0.56982422
2.90364500
1.96061281
14.03125000
0.84765625
0.12456175
1.85807375
4.08593750
5.41162109
0.78076172
0.45898438
1.89973128
1.24479997
14.94466063
0.74088625
7.66845080
9.83154920
2.19335938
5.03125000
2.08593750
6.49023438
7.11277205
1.39190565
3.66341312
8.81160461
0.37630063
11.02701906
4.75358156
2.65234375
5.67252438
3.00130374
9.66048094
9.20670656
1.21679688
4.77734375
4.41617797
1.30940797
4.91048094
4.23535156
12.74576906
4.00423094
4.78873781
2.07551751
2.66081061
3.72851562
5.66079566
5.84311059
5.63704344
10.70312500
15.35123781
1.75097656
11.14485594
4.12174562
0.58447266
11.39875222
3.21452903
7.54817625
5.69140625
2.21622511
9.55826906
4.99283937
9.80468750
3.18750000
12.92626330
5.24561170
3.47460938
4.58593750
3.06640625
3.56569759
2.60031803
1.47656250
5.19921875
1.06542969
9.21093750
0.09228516
4.44954344
10.36718750
5.87288453
20.02489362
1.94369403
4.50781250
3.34375000
5.42122313
8.54329344
6.52734375
10.50228031
3.57226562
0.01289368
10.13247784
3.89519060
21.16373781
4.00390625
9.97753906
5.63964844
8.10156250
3.66796875
2.89452627
12.44074690
3.41667996
0.09206530
9.06461672
2.68834686
3.95344969
9.52701906
0.98828125
3.27652829
4.19466312
6.55891844
1.66569093
6.67187500
2.77180907
10.87463379
8.87206782
4.10416999
5.51953125
4.37890625
4.54524158
3.97330563
1.72396498
2.49576906
11.87923094
0.80875734
2.53320312
7.06250000
12.10156250
22.53090096
6.47199690
1.78776872
5.84559631
3.35546875
4.33203125
4.70703125
1.07812500
0.10406494
0.99283688
9.50520999
3.36718750
2.78906250
4.09765625
10.02473626
31.83365968
14.14310793
5.27669437
12.05956782
1.97168218
8.78035461
1.97257508
0.76660156
31.20898438
1.53808594
9.98502438
3.83528812
6.78125000
15.19531250
9.75129876
1.29752936
0.32885742
1.85937500
3.05337379
2.02116965
5.39811281
11.04687500
2.69531250
1.71191406
11.05468750
1.14160156
1.99316406
5.14127438
25.77976397
10.21242353
4.12044437
15.68814938
4.26497562
2.72622006
8.46810062
12.80468750
3.50000000
10.54036126
5.73307624
1.59667969
10.51204344
14.64933351
32.47004876
20.39787116
7.35937500
3.64648438
4.82909907
13.87597905
37.26562500
0.12213135
5.71109611
10.40072030
1.99902344
9.28449690
25.37663093
3.77043738
5.85579344
4.77246343
8.30468750
0.72265625
0.44702148
30.08007812
1.67089844
3.72884032
11.25032469
2.61653812
4.26269282
3.57324468
6.80859375
1.65559813
6.35546875
14.46875000
3.90006593
0.68701172
5.10058345
2.59472905
7.44531250
6.63704344
4.69108156
2.57617188
10.73437500
4.68456782
1.37890874
8.10156250
4.23860594
1.70312500
6.01920656
6.18750000
2.28710938
1.68457031
4.20556516
22.50674916
3.08171154
8.83170656
5.63704344
1.99152815
5.64486591
6.01953125
9.38704344
4.77701906
0.25532957
19.95670656
4.47330563
1.36556156
3.96484375
11.67968750
2.83821532
16.74007203
26.68883903
5.37728280
1.87792969
7.00032469
1.81315187
7.33121454
8.75472296
5.41796875
10.83153051
2.18848902
7.90668917
7.23437500
6.43750000
13.83235594
5.05549424
1.46957169
14.89835262
0.88476562
12.67218972
0.64226340
3.18814938
13.89009271
9.56901374
7.54687500
4.63606937
7.55110594
4.26139406
2.15039062
8.42676383
6.54166999
1.81510500
1.44107658
0.10335702
0.51220703
7.20727539
1.51530882
4.99967531
7.75000000
6.87369127
1.41341810
7.90331782
6.69433843
10.03906250
33.51985594
7.55175532
3.54078586
2.26888187
29.22363281
22.85424680
0.76985719
3.88158930
1.16699468
25.52864251
7.60384530
0.48933836
1.05143312
8.51789783
7.63767888
11.57340453
7.60555055
3.28320312
9.55468750
6.23266290
0.41479804
5.46484375
8.17651367
27.00032469
-0.04335448
13.93027511
12.60976395
2.34375000
6.75000000
0.00408173
10.21516844
6.61408924
12.60514904
8.02606539
4.38281250
8.93033688
9.67283910
1.05893339
7.93440298
1.40316046
0.21451906
10.98014406
0.06341553
5.00032469
1.49511719
4.54687500
5.46842531
6.18782469
0.85612062
2.49023438
6.09375000
0.86572266
7.16113032
2.12793218
5.82031250
9.65625000
10.17219969
2.19303468
2.69954344
5.31608156
4.32031250
6.00781250
4.77734375
3.32421875
2.82762550
5.32178856
1.87271969
3.15950687
0.42626953
3.32226562
9.34007979
1.09058427
8.39794922
1.01936766
2.36295656
8.38281250
7.49093981
5.17641229
8.67887577
7.98299195
20.51831055
2.26757812
6.04687500
2.31689329
1.59326296
0.94132259
6.96688054
5.16861813
3.06640625
6.88216312
4.22656250
2.73241689
5.21289561
1.40917969
0.54785156
3.88476562
7.48860594
3.83203125
2.27506593
17.10937500
2.81541473
1.19923370
3.83203125
4.55859375
2.56835938
1.81677526
3.60970966
6.69010749
2.78125000
0.94059079
4.15169437
3.66406250
11.37141844
2.17978845
6.88509530
0.98388672
9.68667332
1.32309230
10.65526596
7.89160904
7.40625000
6.78515625
4.95312500
10.21875000
0.96630859
6.81282469
2.56624390
2.07405640
3.04579002
4.15833297
6.45312500
1.51204344
4.91731937
2.24804688
4.56640625
10.91406250
2.17968750
4.58397939
1.52148936
12.72851562
2.33789062
5.55468750
13.50488032
9.41568346
1.40267841
3.79492188
14.08447266
1.02259505
7.37956560
10.34375000
3.84570312
13.67877197
0.24194336
1.74682243
4.90674202
8.00423094
5.18326906
1.59765625
3.17578125
2.23242188
5.11718750
3.44335938
1.14876219
0.10123781
10.92187500
2.85546875
2.86376829
1.21338015
10.22656250
11.56103516
9.22912567
0.10095246
5.83333001
1.25260749
14.21093750
0.03019714
2.38671875
14.69531250
2.71712157
4.70539783
9.55941420
2.33860669
6.93033937
0.70801030
9.94661126
4.58463874
5.70312500
1.89941406
0.00476074
9.62500000
2.72200189
4.35807624
4.95735594
1.55143312
9.35847961
1.14445008
3.70490581
11.64339982
3.52864749
10.27734375
10.95312500
17.44238032
2.52832280
4.96875000
12.17089096
7.40723404
2.39085990
8.63476064
51.68358877
5.35938497
14.54785156
5.08504211
2.65519226
6.30110594
1.87565187
4.89843750
14.79027839
1.39453374
4.23828125
7.88281250
5.57518285
2.82716090
6.22656250
9.46695922
2.15999390
9.31802970
6.82303303
1.02885915
3.21875000
17.29329344
5.12580674
8.22152482
2.78125000
12.76985594
20.71008521
5.74805186
0.63085938
8.33593750
1.51432126
0.59603031
1.14476854
1.73071974
5.33593750
1.57324219
3.57226562
3.82031250
14.59798094
1.77376219
11.23372562
2.35937500
0.12176514
8.93750000
3.22947723
2.58823027
10.08951906
2.00781250
10.50585938
0.05502319
10.43570922
2.56460799
4.18425310
2.48632812
5.07388409
2.24190682
37.70573249
5.66768558
5.83203125
1.41422485
0.70491578
0.91845703
13.68452666
5.20882203
4.65084443
11.01058233
0.78548219
1.59375000
3.15625000
2.24869127
2.02474623
2.54492188
2.87109375
8.02343750
0.00193310
9.33593750
2.56428704
6.26823249
6.88281250
0.68754059
0.59333822
0.74902842
1.79304992
0.46940125
1.45703125
5.66193706
8.43506482
8.72168218
1.95084718
5.25390625
7.28125000
2.47704954
4.82210328
2.72428468
8.03727172
0.78054406
0.04016113
2.53906250
15.57828485
5.71239611
2.87956560
9.37076906
3.25195312
1.36979001
3.05989749
3.71093750
5.47265625
0.00500870
9.57812002
5.66992686
3.22265625
6.37336907
13.20182624
9.32812500
0.67773438
3.34179688
0.10919189
2.56054688
4.47656250
0.67187500
7.85546875
9.51980591
3.86523438
3.71004211
0.30680359
6.53548094
6.90983156
0.05035400
3.36717005
5.91115026
4.57031250
8.91804743
0.69865179
0.05438232
0.00224495
8.78906250
1.36164783
6.01335217
1.06250000
0.88964844
9.04508422
1.87441746
6.61020168
0.36775758
0.16638184
7.18750000
9.75797111
6.57259530
1.23632812
2.90429688
5.40625000
7.77506095
2.99251717
3.72680415
8.73730718
0.65576172
0.40112305
11.94531250
0.92089844
3.51367188
0.75585938
0.13916016
6.73828125
0.00931549
15.75715315
2.34636247
5.78157469
0.77018312
2.43359375
6.75064938
6.97591312
8.25715315
0.33659685
5.84407469
2.60319093
6.78515625
0.78271484
3.65625000
2.23828125
0.00293350
4.50781250
3.04915282
0.86588625
0.73193359
1.94140625
4.21875000
0.00643921
1.02685298
2.44661624
8.19954344
4.97200687
5.13313719
1.90983156
3.74099684
3.84960938
6.22721188
1.47330812
0.58951906
7.87845856
0.10773650
1.04475579
9.35384530
0.08746338
2.76155142
0.17497202
3.15234375
6.37259293
3.42773438
4.82812500
13.07812500
0.85644531
3.51594969
14.24576906
4.56640625
3.08104721
4.37989029
2.36718750
8.76562500
0.08508301
2.12581297
10.84733156
4.74251219
1.90885500
3.68359375
1.93457031
9.11914062
9.98437500
10.99318886
0.06262207
4.98437500
15.18456782
5.14567265
1.09554078
12.75781250
9.94384766
2.03710938
3.45507812
10.28906250
1.54687500
3.57619139
9.10514406
10.57812500
1.16406250
3.18945312
0.45532227
6.23176751
0.85124030
13.67008422
0.83919312
0.94083493
2.83724124
13.39843750
0.25268555
3.70312500
4.08203125
1.48632812
5.64843750
0.01910400
2.49543689
4.44108654
6.33593750
2.82421875
8.26562500
4.54166501
16.93714479
20.83425423
3.86854608
5.17187500
2.05078125
1.85644531
2.25195312
11.57722961
2.66560727
1.65560062
1.92773438
7.44563719
9.09375000
2.17155031
1.50488281
7.75390625
0.00907829
1.43381760
0.69416985
0.35026374
2.14453125
3.81701660
3.18953367
16.08235594
3.84310062
6.74609375
2.59765625
15.05247341
1.60377659
0.41031860
1.76155640
13.59375000
2.08007812
3.29882812
0.06204224
5.55468750
5.62109375
2.94596188
3.80222740
2.54087322
2.99218750
2.40055297
1.16097047
3.76171875
6.16438719
1.06510500
10.06250000
17.46875000
10.58007314
4.59961436
0.33935547
5.16323853
0.25415039
1.51790282
10.16569093
5.53515625
2.39062500
1.65917969
2.55249023
8.03125000
1.63476562
8.79280267
6.27604499
3.91992188
3.73274657
10.10802122
2.03450687
12.75000000
5.18945312
5.45312500
0.00256348
2.41015625
7.34765625
0.00539780
5.95703125
2.64794922
2.67187500
9.35156250
5.16796875
7.56282469
0.39811281
3.16992188
8.36116453
5.80859375
1.72591063
1.39583499
6.00000000
0.02397156
5.45703125
5.72176086
4.30395446
4.25358156
1.55305907
16.67675532
1.41471686
5.57885742
1.96386719
8.59621554
0.35251493
1.75390625
12.20312500
6.00000000
1.54296875
11.30598626
5.86621343
1.60514406
1.40234375
3.15820312
3.18489500
13.56250000
1.73893312
3.39257812
0.42382812
7.29687500
7.17219969
0.99576906
10.68538328
3.00944093
0.00370979
7.55859375
9.41406250
2.43196532
5.62500000
6.52103551
2.54549284
10.84439938
2.05208499
5.85937500
0.72607422
1.88378408
2.19727061
5.42968750
7.39843750
11.30110594
8.90201906
0.29223633
5.22265625
2.06818332
5.32716090
7.85514406
4.46516844
6.42578125
1.34440187
3.44921875
0.97998047
5.00032469
4.78483156
11.48437500
0.25366211
0.00317764
16.31738032
4.77278812
5.64420656
4.20703125
6.26171875
7.41523826
5.23319924
4.75781250
1.45263672
6.62890625
4.57421875
0.94824219
6.71744127
4.15967420
2.04258537
3.18766235
4.12076906
2.65234375
6.17187500
7.45703125
10.73860594
1.79948000
9.98437500
1.60351562
4.77610373
3.15749002
6.79687500
2.54492188
1.83984375
1.83040282
1.70377687
8.67968750
2.57259032
11.01920656
0.86669922
14.09309813
12.32812500
1.12076906
4.49609375
0.37158203
0.01657104
8.70084220
5.87728280
1.57617188
4.28580065
4.43490248
6.00976064
3.85352061
2.56054688
6.28971188
6.71011082
0.39470855
7.95703125
2.47656250
0.08618164
14.29701233
0.44531250
0.64925047
11.37076906
5.99609375
3.13867188
6.28906250
0.02740479
6.70366669
7.35546875
2.33789062
0.45849609
5.52766844
1.52897218
0.25170898
4.70832503
2.55371841
10.04052734
5.85905031
8.58235594
2.62467531
7.42187500
2.63688110
0.88606812
0.66601562
3.06510251
5.31966312
2.06835938
2.34049313
1.49739749
13.42187500
12.08593750
0.22265625
9.12500000
0.33203125
0.00362206
6.37833126
0.46175663
5.70785713
17.82820742
2.74935062
4.30997555
12.88639406
0.35137928
8.90625000
7.30436281
0.00159454
2.86328125
2.39168274
2.89933289
13.89485594
3.19889406
0.82148332
2.06185560
2.79296875
0.01055908
3.88085938
5.81640625
1.38183594
3.13102172
3.14152039
0.64265556
12.31478280
20.47680602
2.98738586
3.87467531
0.52539062
9.64062500
10.92968750
5.33072751
5.08138187
7.06673094
3.52311281
1.96093750
9.49218750
3.46907469
1.92936281
5.65721410
3.23341090
11.53906250
0.61865234
0.18054199
4.76220454
15.74349124
4.98014406
3.92578125
5.96643066
4.02160645
5.77650496
3.47623781
1.54394531
9.10937500
2.67187500
1.79459469
0.61653812
0.16540527
7.13655516
8.58951906
5.13281250
3.28906250
4.64094969
0.67041016
3.49381593
3.81250000
5.21093750
3.08235594
2.28873781
0.91601562
1.64746094
1.81823730
2.31250000
15.20312500
4.02734375
10.67187500
9.11604610
4.64957890
4.09797596
2.48600842
11.24218750
8.27864251
6.01823249
4.05078125
2.13671875
0.22521973
3.78710938
0.00289536
6.42235705
3.36019420
2.97037843
18.52236366
5.84977172
0.90755250
2.68350983
6.67399047
4.77913453
1.50097656
0.97851562
0.19163704
3.20930907
3.71647218
0.58251953
6.55468750
2.69335938
3.45639640
1.09912483
12.05647828
7.73599845
1.46907967
1.12890625
1.38183594
2.67993927
12.17187500
10.10156250
0.07562256
0.74511719
6.08658688
10.81185062
3.38476562
13.03125000
13.18391844
9.33821532
12.53353031
3.27929688
1.44531250
2.65147306
12.40577792
11.63102172
0.72054078
1.45800781
10.10709220
2.12923592
9.83593750
4.45703125
6.03564453
2.19817991
2.67496703
6.50325687
7.33593750
3.50781250
0.00695801
7.02734375
4.03906250
0.09350586
0.25561523
4.40266844
17.44694093
4.84016844
5.13639406
6.03125000
17.01953125
0.03625488
6.61024901
1.19498781
1.09098141
7.48372562
5.61718750
4.66112534
11.04785904
3.91406250
1.38574219
0.59683954
0.24788702
0.12176514
6.60579344
10.81608156
0.51123047
0.37135491
6.06510749
3.48632812
6.13671875
3.17385864
0.11456299
0.02697611
3.08789062
9.42610594
3.51334718
0.18176270
6.61620845
2.99511968
5.43391844
8.78483156
0.57080078
0.62357574
2.68013519
2.92968750
3.81054688
0.00304413
0.80664062
9.25781250
0.32120132
5.31770750
10.82145265
10.00819869
0.87510209
10.28727172
0.97054078
3.78515625
18.62500000
8.03449690
2.53581560
3.92187500
3.45703125
9.40698242
3.85676765
2.49982145
2.43133089
6.40625000
9.31250000
0.67333735
0.73340093
11.70654048
8.63476064
51.68358877
5.35938497
14.54785156
5.08504211
2.65519226
6.30110594
1.87565187
4.89843750
14.79027839
1.39453374
1.66796875
8.90625000
8.77766844
8.56622895
3.43344636
7.17968750
2.35546875
10.91471188
4.76268784
0.89193622
11.46875000
12.88590204
10.16878546
3.42578125
18.79704696
5.43978280
0.51269531
8.45312500
1.29833860
0.57568484
1.03913806
1.31413342
5.22265625
1.60937500
3.39453125
3.03125000
14.69954344
2.27376219
4.43685062
0.45166016
6.26204344
2.85382785
2.12729277
9.75781250
11.77075133
2.10782525
5.67025155
2.45898438
5.19904145
3.86337301
36.72168218
5.66463382
5.85156250
1.26269531
0.76806641
0.77978516
15.43288422
4.85937500
4.24796706
11.19189827
0.75569703
1.51269531
2.87500000
2.70669908
1.81185560
2.68945312
8.51562500
0.05935669
11.15625000
2.98697501
5.94368905
7.47656250
0.87504059
0.51372886
0.79036874
1.83992492
0.46134461
1.54003906
6.00601175
8.56624889
5.94727061
3.90649414
3.60742188
0.46997070
1.47753906
18.71923579
5.95182126
2.15462655
3.48274657
4.92545656
1.98209220
3.13900155
18.75000000
0.01661682
2.87727532
9.90495124
13.73006102
2.50781250
1.14420656
5.04622064
7.36588874
0.07708740
5.84830563
1.80924562
1.48307375
6.98046875
0.09906006
2.86033910
6.53809840
4.87923094
1.50065187
0.10797119
5.21484375
5.51594969
2.43522218
4.66406250
2.32600579
5.88932624
0.88411375
3.65201906
7.15950189
2.69987311
3.17895508
9.05468750
0.70703125
0.48714110
1.83854250
2.02734375
2.20008339
0.11198937
7.20312500
0.03991699
11.69596188
3.79337710
0.27018250
1.26569793
1.50521996
4.96093750
2.51953125
2.28645252
7.54850842
8.48110816
0.38217309
6.45735594
2.99186281
1.07714844
0.66552734
1.91991938
2.32910405
9.71875000
4.43750000
5.88736813
2.00520999
3.85532045
3.65820312
5.91829344
1.23437500
0.76432375
7.99423717
0.19975632
1.38394518
9.46550310
0.18566895
2.75227283
0.12614514
3.31640625
5.27006531
2.87776610
15.23795656
0.48071289
4.37109375
10.60937500
3.33593750
2.82876690
6.21127216
2.07031250
7.37141844
0.98990968
0.01188660
3.27962157
5.13248781
7.82031250
5.80078125
2.91992188
7.90625000
1.15917969
4.02125975
10.83170656
10.51562500
1.11425781
3.91015625
0.86376953
6.78548094
0.64762453
13.92008422
0.76204469
0.86222165
5.89388187
6.55859375
2.07617188
2.08593750
9.50000000
0.38386961
6.96451906
5.60937500
0.02372742
5.69173094
5.49967531
6.43750000
11.21093750
7.29801266
18.07535890
20.42800423
3.99354608
4.66406250
2.31250000
1.57910156
2.35351562
10.76537040
2.93449773
1.70345218
2.12109375
6.93001219
9.72656250
2.29850343
1.82617188
6.44531250
0.01116943
1.84570312
0.80077627
0.24023936
1.98925781
2.18408203
2.76114743
15.23046875
3.58724124
6.57031250
2.75000000
14.72703458
1.79249667
0.42081664
1.88753297
13.55110594
2.32975343
3.34765625
0.04879761
5.29296875
5.15234375
2.80891844
3.89548787
2.40203900
2.85937500
2.12304688
1.22070312
5.66503657
4.65136968
0.27758789
7.56439209
0.29003906
1.48592039
10.15592531
5.46093750
2.47460938
1.58789062
1.84277344
1.73730469
8.73437500
7.03743157
6.13541999
4.66406250
4.34016844
9.61395264
1.73014406
6.33430907
4.39453125
4.43359375
0.95768312
6.00781250
0.01704407
5.98079344
4.73360261
4.70292082
4.46093750
13.39062500
2.27311281
2.64877745
4.70280031
4.66796875
0.78955078
8.12174313
3.86328125
2.19075687
1.69042969
6.24251219
2.43717531
8.42968750
9.83235594
4.65592531
2.26953125
2.75976562
14.16406250
3.17187500
4.46093750
0.40551758
5.22265625
6.50390625
0.46704102
11.04361813
5.31608156
3.32299236
10.29752438
2.48763187
6.24609375
0.92333984
1.83869612
1.89128435
3.68750000
1.27539062
3.16406250
0.30053711
5.79296875
4.60317100
5.68060096
7.93326906
4.70377438
6.28483156
1.03873781
5.56347656
5.47265625
10.59375000
6.87500000
9.64062500
8.54113365
5.46667885
2.04492188
0.27215576
8.27343750
5.65625000
1.59179688
5.33691157
5.63574468
2.75102997
3.52278563
3.75944093
2.74251219
5.47623781
1.63964844
1.50585938
6.67968750
7.64843750
5.10937500
2.00781250
6.48828125
6.39062500
1.28515625
2.99609375
2.96354001
4.26106937
0.70849609
1.69531250
4.49837157
11.84065797
1.19026734
4.46875000
0.23242188
0.01217651
8.05208001
5.92838874
1.65527344
4.91275377
4.91927748
7.25866699
0.48779297
0.44405028
8.76139406
0.13891602
7.48433685
7.95312500
2.71158688
0.10115726
4.79329344
2.86490968
2.75585439
2.71094248
10.17415282
7.69140625
1.11979250
8.33089110
2.56608156
7.62500000
2.35351562
0.77294922
0.81347656
2.76399657
4.81998781
2.41992188
2.11751219
3.64615968
9.10937500
3.65820312
0.01098633
6.90535461
0.65323914
5.67901157
14.08894836
0.77563913
2.61849124
3.71862793
9.71875000
7.29687500
2.15625000
2.52376219
13.92187500
3.48014406
1.17103343
4.49610372
8.13182846
12.32910904
7.78287345
12.37142342
21.94547485
4.47216672
6.50716312
8.30468750
3.31852172
2.51741578
9.06250000
3.62923094
1.83170656
2.17578125
4.44840329
5.60091312
2.19759032
8.51920656
0.10578581
7.57031250
4.30436281
1.68066406
7.98046875
2.49414062
1.87662594
1.26377521
0.18857834
8.13476562
9.31250000
4.74609375
4.29687500
5.12923094
0.72200438
3.91341312
3.92773438
5.16406250
2.71289062
2.75390625
0.39794922
1.35546875
6.50781250
4.17968750
10.57031250
9.00781250
1.55273438
5.96236082
3.11295656
18.77821776
6.28515625
2.95865968
4.12939453
6.20914672
5.58382203
2.10009766
1.03515625
0.24958038
2.43001219
4.80826906
0.43212891
5.81640625
2.36523438
4.12517210
2.98405031
1.87630125
2.88444093
0.64453125
1.46093750
11.45735594
4.53189440
3.27832779
0.70898438
1.59765625
1.39404194
6.13606937
3.49479001
4.05013187
11.14062500
5.89062500
0.03283691
4.19832274
8.73014406
6.52734375
4.38703347
11.09343528
3.16796875
1.09179688
0.69531001
0.49951421
0.03289795
6.58382078
10.32389406
0.76367188
0.19338314
5.80403812
3.40039062
5.25390625
4.17298126
0.09088135
0.02735102
3.25195312
14.69531250
3.29687500
0.27758789
6.44531250
2.96516844
5.45280031
6.44140625
0.76806641
2.51757812
2.67187500
0.00198746
0.57519531
9.02343750
0.59236145
4.69107907
9.88216312
0.01141357
0.25195312
0.18747227
1.60905031
2.05631593
5.29508422
11.68929078
7.84375000
0.76562500
2.75195312
7.08984375
6.92008422
0.79378297
7.09342282
0.00000000
12.09619016
7.74788453
3.63444093
7.07812500
1.97688719
2.32975343
5.56640625
0.41870117
0.56005859
11.00292720
6.51465093
14.20271301
4.85546875
1.87532469
1.01041750
9.17187500
0.17053223
9.75781250
12.13541002
8.84896498
10.45312500
9.87564938
4.07356937
1.46484375
1.14143299
2.12468029
4.28125000
5.23860594
0.49283937
13.87597158
11.34180186
5.01562500
13.39843750
7.67142731
0.16365570
8.84619141
3.71289062
2.97460938
14.26562500
3.32812500
0.52539062
0.73828125
6.86328125
11.13281250
4.08984375
1.22460938
8.77075133
0.49243226
1.72070312
7.91048094
4.36686281
6.53134155
0.95751953
2.30305907
2.76334718
1.41308594
3.82031250
0.20996094
4.69741426
2.91635527
5.69596188
5.93294437
8.69531250
3.16902649
1.93253601
28.68338363
4.78050308
1.77050781
1.81608156
5.66406250
4.30078125
3.49365234
9.38736813
2.28841312
3.20312500
9.69531250
12.80110594
2.11490968
2.61132812
3.78092033
18.48502438
6.15007092
9.90177305
1.60603945
38.93359375
2.99218750
9.39062500
6.55122375
3.40152206
3.88850556
7.61328125
0.22290039
1.00781250
7.58593750
0.88045899
1.20328125
8.10354500
1.65036125
19.51562500
1.45548461
0.42537476
0.94824219
3.22070312
2.17187500
13.89534298
2.30615359
2.13248781
1.51894915
1.06120622
6.19531250
8.76562500
4.41438719
5.09733156
3.61067376
4.50716312
9.92903812
0.24316406
3.50813719
7.44889406
0.86376953
8.73079344
4.19563221
3.38021498
3.90234375
16.02408688
3.64388187
3.73860594
2.87076906
4.50000000
14.63373889
2.93847905
13.69173094
1.23698000
5.15926086
0.28556336
11.26562500
14.31250000
8.69531250
4.47688719
2.88053468
2.63067007
2.38085938
3.13085938
0.11542174
2.69108156
2.63281250
8.23307126
2.94661624
7.06705563
10.42122562
1.00016235
0.49007203
6.91048094
1.66438221
6.14193373
5.56640625
3.84375000
7.86328125
0.24670410
9.25000000
0.46817992
1.00765015
2.99609375
4.86100094
8.67122562
1.10318844
2.05794437
2.48046875
3.09179688
0.13745117
2.91992188
0.75618407
5.55045656
7.69921875
5.29556627
4.95833998
5.29296875
10.04101562
7.36718750
3.71289062
0.08117676
3.93359375
6.87467282
26.50325687
12.46777344
4.62890625
8.27343750
0.00727081
1.48925781
0.80029297
1.07324219
5.43359375
1.19531250
6.95312500
4.17008422
0.21053101
0.60742188
2.44466063
4.03092531
3.63248283
2.56087655
1.52734375
8.33235594
7.90526596
1.56511247
1.99316406
0.20609496
3.11702515
9.86727905
5.85367797
3.08333375
3.88476562
3.03710938
6.03125000
8.61002438
4.26920656
8.43717531
4.74609375
1.92773438
3.10410199
1.01943317
10.81250000
0.00518799
9.59375000
1.99849364
5.28483156
7.29882314
14.11115581
6.21664450
3.32519780
3.73567874
0.04010010
15.46093750
2.31250000
3.45083722
5.59017841
1.66992188
3.81575438
34.42219969
7.02669437
18.07421875
0.73193359
0.97737547
6.76063296
4.99544437
3.39062500
10.45312500
1.10058594
5.99674313
2.97591312
12.48990470
1.20345467
11.10937500
2.74804688
2.42988157
1.23759889
8.85937500
8.29329344
1.09277095
1.47331061
10.21093750
9.63281250
1.82674071
19.37076906
9.54329344
3.24576906
1.66699219
8.20312500
0.63118407
0.92936281
6.42643063
7.67122562
7.72851562
1.00976562
4.14851141
6.17187500
3.05664062
7.25813719
23.30981445
14.74381593
10.55110594
2.79459718
0.78759766
3.67968750
1.01855469
4.48828125
7.51953125
3.86914062
2.44236786
2.11134308
7.47867672
7.65169437
2.89290282
3.76774047
5.47469117
0.74381593
7.92187500
5.81640625
3.18945312
1.19921875
0.10083008
6.37890625
4.80956284
1.51856216
9.00935727
0.21451968
10.94466063
6.95897939
1.00553967
3.51367188
3.75976562
4.90356383
1.06225648
7.41796875
4.17578125
5.09798094
1.55924562
0.91584705
7.21289561
4.70670656
11.19226074
0.08111572
0.63867188
3.87500000
2.26863819
3.26922650
4.93359375
1.43814938
15.05043705
31.14615470
16.76041002
23.79395279
4.39713874
7.62923094
4.79264406
3.00292969
3.96679688
2.48828125
0.09069824
1.34765625
1.92480469
8.18748006
12.78940713
5.23405031
0.70312500
10.13378906
1.81347656
1.03515625
0.27539062
8.90625000
10.82495117
11.60546875
4.73828125
6.18750000
7.82812500
0.02943420
6.87369127
2.00521498
6.05078125
0.09362793
2.49900341
1.16662598
2.29687500
5.48828125
5.91015625
0.47802734
4.16796875
8.77782580
2.67462766
2.48219740
3.21451906
3.66829344
9.19401125
13.89843750
0.62744141
3.33007812
4.57096188
5.47200687
4.52343750
4.45524047
3.46240234
3.28531860
1.27799562
8.32031250
10.55110594
3.98014406
1.86914062
2.03287594
-0.04105465
3.18164062
0.22949219
1.33040282
5.65592531
7.29565430
3.38884159
3.99186281
18.26106688
1.33886719
3.24381593
6.50390625
4.92923981
1.27566725
1.69987810
22.21176147
16.10937500
0.65771484
8.04687500
5.24218750
3.65429688
6.94352172
0.16292359
7.78157469
4.34049313
1.56933843
3.66796875
3.93074212
6.31120124
12.24283688
7.31998781
1.45996094
2.37662843
7.57031250
0.64013672
2.83007812
2.16991689
2.57617686
3.10937251
3.54004155
5.16503657
2.54199468
2.34179688
3.85742188
16.76594969
2.76530031
2.63085938
1.88769531
5.53580563
2.14192874
2.86497978
6.55298399
1.49219248
12.73437500
2.94726562
0.90717881
5.67106826
8.55639648
11.56250000
8.17968750
0.06167603
15.01562500
11.70054190
5.91664560
1.34740962
3.32715093
9.17252438
8.81185062
0.77929688
5.12109375
3.84570312
0.47558594
0.00183105
0.40087891
0.62468984
2.38867686
4.74883866
2.37648603
8.38281250
2.58365968
2.45703125
5.74088376
2.98177249
11.56250000
5.07096188
3.43294437
3.54557126
10.85937500
5.98372562
3.55273438
0.62548828
2.20117188
0.00939178
0.00605011
3.55273438
0.23681641
1.14680907
14.69889406
2.38476562
0.00259972
2.28710938
5.43114362
5.05304827
1.49414062
2.13326594
14.66601562
0.25162843
0.46663328
1.25748781
5.36718750
0.09943815
1.52897218
4.26562002
0.61816905
2.57421875
2.92773438
2.09080536
2.91993683
8.11804199
0.02064514
11.89843750
6.75634641
1.28173953
4.17024158
4.29134530
0.67122562
3.60969969
4.56038328
0.00000000
12.09619016
9.01383422
6.36653812
1.37890625
1.08398438
10.99479001
2.83138187
9.97298094
2.69303468
0.20410156
0.60644531
4.47265625
10.91894282
3.57910405
2.32812500
1.74990574
1.51645168
4.03906250
5.57787899
0.35766788
12.18505610
11.94433843
4.77001330
1.06494764
9.42968750
0.13317871
10.60644282
9.51074468
4.10204954
1.50146609
6.45703125
8.30533688
11.33013810
4.71144884
16.27050532
3.73836491
0.32779969
2.76984099
3.26726839
10.72721188
2.33528812
9.26333223
1.30112089
6.03466298
8.11328623
2.86523438
6.71907469
6.78483156
10.17968750
3.15625000
1.44726562
20.15264267
13.89199355
1.15820312
1.64420656
10.14127438
1.46712406
2.87890625
10.17610594
14.38281250
1.92545656
2.11523438
4.01594471
19.49511968
6.61198249
9.96427305
1.51082461
40.13281250
2.71875000
11.07592773
1.46304674
4.83289652
0.73242188
4.02734375
1.86132812
11.59317868
1.56087406
2.48811869
1.63672872
8.21875000
8.96516844
3.56998781
0.91503906
4.73111813
4.50716312
15.17968750
5.85546875
0.09088135
2.65820312
1.59472656
1.83593750
5.85156250
12.13102172
4.09553829
3.21972905
11.69954344
1.02604250
6.07550033
0.20123307
10.61360594
9.84375000
3.13053468
2.50008246
2.89030031
2.33789062
0.12425657
0.93033937
5.34123318
2.72005374
11.68750000
7.37109375
2.22656250
3.79329344
7.60123781
2.14843750
8.29687500
7.04809508
3.00838195
7.28092531
2.91601562
2.55078125
4.05468750
2.02478027
2.33398438
0.63964844
4.36718750
6.37500000
2.95833001
4.89323249
3.42578125
3.32453347
7.63249778
1.82617188
5.58235594
26.20280031
13.23240692
0.45313995
0.30877686
9.48437500
0.01539612
2.47460938
1.03710938
1.20605469
8.21875000
2.06689453
1.64843750
6.73828125
3.65234375
0.20483398
7.69921875
0.11431885
0.40966797
3.37207031
4.42578125
3.52734375
3.29101562
5.45865470
2.29329842
7.70361328
4.82031250
2.50976562
3.25933484
0.99945422
5.59375000
6.94921875
1.40287262
0.65049162
5.45670656
7.28287345
14.23468972
5.93848404
3.47428967
4.35872562
0.03869629
14.79687500
2.08398438
3.39126441
5.42123559
1.52539062
2.98665282
32.44563719
6.94856937
18.74414062
1.09375000
0.76302000
6.45731258
5.15201906
3.98632812
8.67968750
0.76513672
8.25064938
3.36653812
14.18000222
2.76921653
10.44531250
2.49609375
1.82275391
13.28970690
5.70866467
1.44303468
4.37890625
2.18847407
1.47949468
8.20914672
4.23730220
0.44466437
3.96093750
0.51708984
3.43139648
1.20996094
4.40328026
6.45312500
3.56835938
6.78548094
22.95410156
7.58756593
2.56835938
4.25781250
9.65625000
3.14453125
2.86392814
8.05697030
2.71679688
9.67968750
1.32055415
0.73437749
7.57031250
6.36718750
3.25390625
1.02734375
0.08264160
6.44531250
4.00894393
1.71761857
10.47631649
0.21948429
6.97688719
6.64550532
0.80338874
3.71093750
1.79882812
1.97558594
6.44140625
4.61718750
5.05078125
5.30078125
1.50195312
1.13093245
7.03190935
11.43750000
0.01669312
9.82812500
0.66406250
5.52019119
3.46516844
2.44433594
15.98295168
30.72981439
18.29491689
23.51530529
4.38183843
6.67187500
5.24218750
1.60839096
4.07910904
6.03125000
5.98046875
1.55859126
18.53418218
3.51171875
0.71484375
10.75000000
1.56542969
1.11110428
0.29026291
8.52343750
10.74902344
7.85937500
2.50976562
9.17968750
0.16711426
3.97070312
5.44412752
0.74967531
4.71484375
4.84375000
4.85937500
3.68554688
0.22985840
1.59114500
3.11686281
2.91048094
11.08170656
5.41406250
1.32226313
9.76855718
4.67578125
7.37125610
1.98421265
1.19889157
5.19466312
2.87695312
3.42097961
0.10190857
1.96687805
0.10599793
1.17097899
5.96842531
7.51318359
2.13717556
3.84375000
16.87117430
0.73079344
2.87044437
6.23437500
7.04508422
1.35432237
2.05176529
16.54687500
15.08113098
5.46126219
3.14453125
8.96451906
6.97656250
0.68359375
7.08984375
11.15625000
4.72656250
9.03742908
1.51530529
0.82958984
2.95072418
0.29805512
0.58782710
6.44043218
12.18212766
6.39599734
0.47753906
2.36328125
8.34375000
0.60302734
3.29492188
1.14208486
2.14844248
3.38215814
3.33268561
12.83414672
6.22867797
3.36686281
1.01139157
11.05468750
7.29622562
0.08239746
3.20898438
2.86673981
6.60982269
0.00412369
4.24910461
0.69327820
1.10888423
8.49153812
11.69477224
3.48209718
7.86132812
2.58007812
6.34765625
14.72591063
0.27408937
0.27587891
4.00390625
0.00236702
0.41731688
1.65787843
4.54556627
4.31771498
8.11804199
0.02136230
2.10937500
5.00781250
7.87141844
0.35221437
3.72509641
6.42289339
7.01216644
0.80997555
9.43635860
17.65249613
12.12403590
5.88281250
2.94726562
9.50488032
3.52832280
1.96386719
1.85839844
10.66113281
7.37426373
0.44971088
0.75439453
1.78743407
0.85221437
0.86082635
9.84245124
6.72265625
9.45856467
16.72893533
4.02343750
7.69091797
2.11718750
12.75000000
3.43164062
7.35937500
3.10742188
2.48453735
1.13167359
5.67578125
1.55957031
5.06282469
5.67155031
5.26171875
11.15234375
17.18570922
0.04245034
0.70519005
2.65625000
3.99023438
16.72412109
1.79751940
1.84896498
0.88525391
6.27164672
3.04599932
16.02524822
0.79834109
0.42382812
3.03515625
6.31214905
0.51025391
6.46776596
4.60254654
1.20410156
0.40734863
1.24511719
2.04492188
7.54988586
0.63614930
4.04773419
1.11165531
3.07226562
8.90038564
5.24023936
5.13671875
3.86523438
12.60156250
2.26203596
1.21354997
6.71531832
35.04867575
1.37207280
5.58951906
25.61149047
7.35245789
4.86572871
9.59339479
5.88509032
7.75358156
3.17024657
1.36002687
4.54687500
2.21549313
1.41731937
0.56250000
4.74918329
12.04671515
5.66829344
8.83951906
4.18359375
2.61328125
2.21190908
1.60547373
3.65429688
0.19818966
2.63248781
1.00065187
22.69370791
7.72035459
2.89062500
2.09366696
1.80794437
8.40625000
3.57226562
0.14256712
2.22233156
5.96875000
3.00585938
3.76171875
0.32568359
0.12987181
1.85123781
0.61425781
2.30891595
4.28418218
2.46256593
4.34765625
7.17968750
8.42968750
2.13085938
2.61914062
1.22460938
9.98258422
0.71891235
4.48014406
0.04705811
2.00781250
9.75202869
5.92350842
15.64257314
2.48047373
3.17187500
19.39633179
2.59179189
2.44368905
2.26139406
8.07812500
0.06781006
3.04687500
4.54687500
5.38931627
3.21810560
7.73273161
3.78289339
3.87500000
7.71516844
1.84244875
6.98341811
0.20896470
3.28320312
11.00000000
4.75781250
1.34724104
0.82976091
4.84375000
9.46093750
2.94140625
0.73835931
-0.02717767
2.65901610
2.36881593
15.14908688
10.62858156
2.74698976
2.22851562
3.63281250
1.06347656
5.01953125
1.11425781
7.84375000
1.00878906
5.85546875
0.44754028
1.47558594
4.14062500
1.98632812
1.98925781
15.38058123
1.82840314
18.29899047
9.52425172
2.01953125
10.37304688
1.48079344
1.93457031
2.20865968
7.15625000
3.72851562
0.55615234
1.14851867
0.43359313
5.39420656
1.21289062
5.42578125
4.37500000
0.02032471
7.00211422
16.60302859
7.95100953
17.13427734
8.14664672
5.47444703
11.79750444
3.93296431
9.74283688
0.72786624
0.22668457
1.62060547
2.33202627
7.59180186
14.28125000
0.43928953
1.60514406
3.62304688
1.72265625
8.00992797
0.16011598
5.73828125
1.60360043
10.16845828
2.13850953
10.36002438
2.05403812
4.23469969
0.87760500
1.10969969
11.75358156
2.96484375
5.44888409
3.01595966
3.60937500
6.60842670
4.89938580
5.19531250
4.51562500
2.07617188
9.29626465
0.66308594
1.22753782
10.88631226
6.74576906
1.49511719
4.02895723
4.09213652
1.02636719
6.40120360
5.37467531
0.95117188
6.97086547
0.51790406
0.53393305
10.22168218
1.87695312
2.50698956
2.74219248
1.09017342
5.35546875
9.89062500
0.35595703
4.08658688
12.21810062
4.06160461
8.46334065
5.00292969
9.22721188
14.46517093
11.09375000
0.59912109
0.86083984
3.64062500
0.35766602
2.66634032
6.04264406
3.81250000
1.18554688
11.38346188
2.81575687
4.30078125
15.93814938
11.67903812
0.90518790
1.12728280
7.27864500
3.86914062
2.78873781
9.62296321
0.62850163
0.75017687
1.05908826
0.03610229
0.99435850
11.33951906
0.84179688
0.62646484
11.37922845
1.87956061
12.92686081
6.13281250
2.58593750
8.47298094
4.47623781
2.66048094
6.54655031
0.37011719
4.56673094
3.27897218
0.09454346
2.29329344
1.53190187
10.56383177
4.06217531
1.12207031
0.40234375
9.01477051
16.84375000
7.23502438
1.55924562
1.54557375
8.46093750
0.72412109
3.36718750
3.80664062
5.18359375
14.43545823
1.22079177
2.06054688
6.59748892
8.04443733
8.82853273
6.83984375
7.41796875
7.48437500
5.97102283
3.70085217
8.24218750
3.34243629
2.41179465
2.44108156
5.70703125
2.10546875
3.55078125
3.62304438
5.59700687
4.08170656
5.36358643
4.58593750
4.07812500
14.53906250
3.41210938
11.93138885
9.39426695
0.75376326
8.63915766
3.45736092
2.98437500
2.02539062
6.09765625
2.28710938
2.14257812
5.47265625
12.32031250
5.20382441
4.48340093
2.95312500
2.71484375
2.48046875
10.52945922
1.58089234
0.63623047
11.94531250
0.12841797
0.85156250
6.96289062
6.72265625
0.65722656
3.51953125
2.32421875
6.45703125
4.10546875
1.17626704
10.27457890
1.88265015
11.12923094
4.08951906
1.04003906
0.35766602
0.00119686
8.21044922
8.46875000
0.62597656
2.65722407
3.05761968
2.55664062
0.44773190
6.30379398
6.42578125
7.51082336
0.31465668
0.24466887
4.30436281
2.57384537
1.62659408
1.47753906
6.00781250
1.68261719
2.56640625
0.38891602
1.42285156
1.40625000
7.41730940
2.62403091
2.93912843
2.62109375
16.61940905
1.49951795
7.79899047
0.67610719
7.90120235
3.18082890
6.36718750
5.37500000
1.62304688
10.77343750
3.11132812
3.00735981
2.26421612
0.40217891
5.95345094
5.62825687
6.05859375
0.30371094
2.75976562
1.97363281
7.73828125
6.50423094
9.05533688
11.15136968
4.32812500
2.80664062
3.06607658
1.16927499
3.73437500
4.17545407
4.75000000
0.84993656
6.07551751
6.49870124
2.89453125
4.47265625
2.08984375
7.34407469
4.14030031
8.89485594
4.58170656
3.48736044
10.59733156
4.54687500
2.91723633
0.78072350
7.56966312
0.68505859
4.98046875
6.78515625
12.63541002
0.49447279
11.70538786
6.00375886
1.89925172
1.14249508
1.91536624
6.59765625
2.85457336
0.11063660
11.63295408
9.17252563
10.61324098
6.58170656
5.02343750
10.84375000
6.79207336
2.81624204
5.79231937
3.41715204
3.30159796
2.14598114
3.53321808
3.27213376
4.14388187
12.29687500
5.84375000
3.19335938
1.59472656
10.07429504
1.17187500
0.47909297
8.87793218
1.80468750
10.48030142
1.07926889
5.43359375
0.51953125
13.52343750
2.76725004
3.26937105
1.94417110
3.76123171
1.04655031
7.00390625
6.26171875
0.68457031
3.93164062
9.31250000
5.22265625
2.40429688
0.50634766
2.81477782
2.57883624
2.11444259
9.49218750
2.55078125
8.33593750
3.90266844
7.87467531
0.19177246
1.37459040
14.92138859
4.66764406
4.93750000
0.66113281
4.79687500
4.25154477
0.42423648
9.01985594
0.23429445
2.62645861
2.71826795
11.01399158
0.78288342
9.78906250
10.54800415
0.48632812
0.50895016
2.34683954
13.62689661
0.96311447
0.67864616
4.19222296
3.57226562
7.36686281
1.85449219
2.79719969
7.58951906
1.30566406
5.22265625
0.14746094
1.18652344
10.72998047
6.18359375
0.60103021
1.09440436
4.01953125
6.04687500
0.00183678
5.74314662
5.83725620
4.85123781
0.12259887
12.86116578
0.81591797
6.63281250
0.01921082
6.80078125
1.08007812
11.11002438
0.13020999
0.18652344
7.57844471
6.06868905
1.27376468
3.15234375
1.75423094
3.07226562
5.36295656
10.67968750
0.76297942
0.72334871
0.27075195
3.65820312
1.94824219
1.55574175
3.34733156
1.83203125
0.27954102
5.67219969
3.99576906
1.33105469
2.61360345
9.50138679
4.21875000
0.73339844
4.09765625
4.40234375
8.96875000
9.34081782
10.31250000
1.63574468
9.77343750
7.72656250
1.23242188
5.57030253
2.44336934
5.83984375
1.56640625
1.55371094
12.43936448
1.74618240
9.21875000
0.76513672
1.41113281
3.70898438
11.32031250
3.18424313
0.91178468
8.23014406
2.01367188
1.30598377
1.91569592
0.06823730
6.80383301
0.43017578
0.72088125
9.43635860
17.65249613
12.12403590
5.88281250
2.94726562
9.50488032
3.52832280
1.96386719
1.85839844
10.66113281
7.37426373
0.44971088
0.75439453
1.78743407
0.85221437
0.86082635
9.84245124
6.72265625
9.45856467
8.39690408
7.33886719
7.07629395
2.23046875
13.21875000
3.41210938
7.94563719
3.20475343
2.52555297
1.16780640
5.48437500
1.59863281
5.26594969
5.65983156
5.28515625
11.32421875
17.11629211
0.07299820
0.78000900
2.69335938
10.92968750
1.02489985
2.40287511
0.51411957
5.65055297
2.96059147
3.42028867
2.93652095
3.86621343
13.32031250
1.01171875
4.78476715
0.52229735
9.23209220
5.11133311
2.31835938
2.95482277
2.69157856
1.99544437
7.91406250
0.58398438
3.33037846
0.93587406
3.38671875
8.59927970
5.23665780
4.74218750
4.30078125
12.02343750
2.61945784
1.33269060
6.49510722
35.11100842
1.65462655
6.08235594
24.88444093
6.77343750
4.74661013
10.13657717
5.91601562
4.97656250
0.81787109
10.33593750
4.17399047
1.23128297
4.33203125
2.53938719
1.20280031
0.51855469
3.09879267
12.37581671
5.58984375
2.13118407
0.95670656
2.22265625
5.27115470
1.76009530
3.44335938
0.19611447
2.46647218
1.00553468
22.31944594
7.45041000
2.89615968
2.37271969
9.95703125
1.55110843
3.10156250
0.32510127
2.24935062
6.53873781
0.83056641
4.14062500
2.53320312
2.38883422
0.51497437
1.41699219
0.83884020
2.41146498
2.50585938
10.60937500
2.62304688
10.28189938
2.21451906
3.95280031
0.60864258
9.45653798
6.03711436
15.91536126
2.72135749
2.99218750
32.41829344
3.55240470
2.17773936
5.28727172
4.72444703
7.85579344
6.72948471
5.04753435
8.80468750
5.73437500
5.72265625
6.21516844
0.42545656
4.14453125
6.08072252
1.07455092
3.23242188
8.26562500
1.95458361
0.15088514
4.82682126
2.06380374
13.91113032
11.45247562
0.51700680
2.07910405
5.03515625
1.69335938
11.11002438
5.52669437
5.28515625
2.43090571
5.45605718
7.96939938
3.09310062
0.40071532
1.51725343
1.84863281
1.42610594
0.32450192
4.06152593
1.11132812
6.29296875
4.79296875
0.01658630
7.88997313
16.48860719
8.02522828
17.49121094
2.55078125
6.24910461
0.99796570
0.26586914
3.52148438
2.19010251
7.05403812
13.08414672
0.34122680
1.78092531
4.46484375
1.58593750
7.30501219
0.62662843
0.46997070
1.06062742
11.21972656
2.12500000
10.22298094
11.11653812
4.44531250
7.79230940
3.11784685
3.00390625
6.34895930
4.38932195
4.56282469
1.61295656
4.01171875
2.03710938
8.67175293
1.04785156
0.87988157
10.61767703
6.93359375
1.53125000
3.22817349
4.47397495
1.09179688
6.60595579
5.31005984
0.73974609
7.36149047
0.58089234
0.59907708
10.13932624
2.08593750
2.43993019
2.74919326
1.03939217
5.05859375
6.23437500
0.23876953
3.28794186
11.50716312
4.08203125
1.89876219
8.39696649
4.15429688
9.26025266
14.21777468
4.64062500
0.39843750
0.59472656
0.79443359
0.04309082
3.41210938
4.21875000
0.70605469
1.11621094
5.64062500
1.93554688
10.41829344
1.39518312
8.40657469
3.09147218
2.47851562
8.47273493
0.32169866
1.24920071
1.44208347
0.03436279
0.60837746
5.35546875
8.30468750
0.13952637
4.23828125
7.06282469
5.51920656
0.09387207
10.47987791
1.88834718
11.44531250
0.08178711
3.11604735
1.70573000
2.86328125
9.58235594
4.51139406
3.87955563
5.79231937
0.45654297
6.45312500
2.60742188
0.06234741
2.25423094
1.85709718
9.72580807
4.90371268
9.18620124
3.20898438
6.05078125
0.86279297
0.96289062
1.83723875
0.76481203
2.81640625
3.68554688
4.25859495
0.45817140
2.49023438
6.01578236
8.55973764
9.52799562
7.96484375
9.03125000
8.06250000
5.92414783
3.62272717
7.45703125
3.54979223
2.40951684
2.36490968
5.63671875
2.11132812
2.90039062
3.75479167
3.86630208
4.31250000
12.08593750
4.71875000
4.60937500
1.01757812
1.45996094
4.65657469
1.95475343
4.13318084
3.71505048
0.53667964
9.72708732
3.08919935
3.02343750
1.41699219
6.03515625
2.39062500
1.94140625
5.28125000
11.56852172
4.99562374
4.42480718
3.15055297
1.63850953
2.64257812
9.44352172
1.31331422
0.74462891
13.16406250
0.11022949
0.97412109
6.39648438
3.10546875
2.44335938
3.30859375
0.03726196
2.14648438
6.49609375
1.69619605
7.82960106
1.19222047
10.70361204
4.47021609
1.36816406
0.24121094
0.00143909
8.18359375
8.80468750
0.64062500
2.47102782
2.70865968
2.34179688
0.41100825
6.92692140
7.11686281
7.38940492
0.25561523
0.17191590
3.02343750
3.22387321
4.83675421
1.76139406
5.90234375
1.40592282
2.19498781
0.48942140
1.42578125
1.43750000
9.22289728
1.22436835
2.11132812
3.59765625
15.82315790
2.26644171
1.30273438
6.15234375
0.75244141
5.72786126
2.89127936
6.01953125
4.98046875
1.28710938
11.93750000
2.99804688
3.02786762
2.68609112
0.47977411
5.51155890
5.57812500
6.55859375
0.28344727
3.14453125
1.96777344
7.34375000
6.59375000
9.25129876
11.82324468
4.20280031
3.06054688
2.75162345
1.30599374
3.87109375
3.75650876
5.09765625
0.80257328
6.52115470
6.35807624
3.21256593
4.39453125
2.16210938
7.40625000
3.95703125
8.75781250
4.51953125
3.26533787
1.52980900
1.31282718
0.92187500
5.75781250
6.18359375
15.84813830
0.95264295
11.30988254
5.95037012
2.10693484
2.71032715
9.60937500
0.71777344
0.76367188
2.25813594
1.61735234
6.92578125
3.22265625
0.10906982
18.25339676
2.21590256
9.33088985
2.11246952
4.37141844
5.45670656
3.69759032
1.35221437
5.74218750
0.63476562
14.04687500
3.82323970
4.01465093
2.44024658
2.31835938
1.34244626
7.21810062
6.26562500
1.15917969
0.78955078
5.03906250
6.89843750
4.92187500
2.58203125
0.18774414
2.48756729
1.08213485
4.50000000
2.46907469
9.27701906
2.10221188
7.31575687
0.11395264
1.48315056
14.92773811
4.80859375
5.60546875
0.54492188
4.66015625
5.24763852
0.31705875
3.78433456
2.30746232
9.64322252
0.91569592
3.49967531
6.79861450
1.82617188
10.27473626
5.53271609
6.88127089
1.24538931
0.91360951
3.93734264
3.73079344
7.52311281
1.85546875
1.21419188
6.55436281
1.40917969
4.74609375
0.13378906
1.11425781
10.90869141
7.07844969
0.51244868
1.32584968
3.95117188
6.21484375
0.00165749
5.98403037
5.25343043
10.51888685
11.55468750
1.34082031
5.14843750
0.05422974
5.12890625
0.76269531
10.76204344
0.08353761
0.08020020
8.09081533
5.84993905
1.62565187
3.42968750
1.54296875
3.06640625
5.81640625
1.47558594
0.55175781
0.21325684
2.26268784
2.80176529
2.98681641
1.91210938
1.62844225
3.21256593
1.77539062
0.30688477
4.51171875
4.62109375
1.64550781
2.45751579
9.39518437
4.22200687
0.59814453
4.42187500
4.46875000
9.64485594
9.54329344
4.93294437
4.07031250
7.21766151
1.36925255
4.98729223
2.34929465
5.36653812
0.95605469
1.70605469
11.94310838
1.90259474
10.67968750
0.92773438
1.78613281
3.70507812
10.52945922
2.08837766
1.14778812
7.52343750
1.65136719
1.23437002
1.81836436
0.05511475
7.16602707
0.81933594
0.76826404
