0.02254211
1.59734195
5.04493115
2.61843618
12.64901464
2.51943470
1.24338791
6.67053192
6.00697861
4.23459885
1.72381234
0.91061752
3.74903881
3.24378948
2.63521332
9.30136913
3.15105358
1.82199136
6.24401225
0.13814931
8.48295676
8.65274850
5.83843487
0.05090839
6.06585647
3.18888028
0.44399372
6.26562500
1.34570312
0.85881968
4.42641775
2.23210148
1.06046570
0.97714733
1.48069260
8.89907829
0.12144981
7.52811184
4.56954441
8.89254737
3.25806710
9.02689606
16.87756317
8.98654428
9.08984160
13.22438537
2.36440049
8.01380347
10.40932236
6.51249972
3.27617658
9.11583015
2.04714386
0.96153770
24.62815291
7.00433324
3.30922630
7.49934203
9.03694488
12.89985497
0.51674209
2.60937071
13.53842171
11.73361120
8.29699800
7.15915979
3.35922193
11.44249474
8.23565658
1.27921570
3.52095877
2.41490850
3.53157040
1.94451653
5.65633980
2.92659934
6.26828402
4.72219859
3.44221575
7.01531319
1.83519157
2.42187500
6.02837503
0.20049666
4.07031250
2.64430740
6.49045822
0.84303787
1.73850510
0.85460411
4.59016415
3.67546085
0.82936600
1.58208811
5.23692743
2.55997618
1.50479735
10.61997467
8.46746842
1.05920917
0.90836440
0.16818384
2.83235165
6.58753948
3.34931973
20.92600870
0.88333776
0.89088943
4.25752217
2.79761303
1.34833778
2.47806793
13.52779144
6.20030724
2.17546408
0.10094862
8.67496025
2.58928662
3.69985954
0.59115608
6.89956893
3.30048371
9.52561447
2.45097878
14.58799147
3.80586824
14.69840516
0.50049937
8.06619168
1.01671349
2.49048058
0.11353348
1.06141151
11.33688872
5.69737214
7.51370263
17.52564024
3.90122950
1.13208008
0.78102615
4.31467697
4.72970066
1.67557278
1.56975288
8.84215017
0.64819613
5.37327072
4.65452072
0.32636005
9.73621676
5.35909463
2.76889046
7.73339844
6.46907040
1.18631497
0.12545521
0.35408016
8.43532303
4.97693772
2.12541694
4.51607269
0.57763672
2.67882286
8.01052014
10.53136012
4.83311974
1.20876053
1.09006760
13.62385938
1.10422900
1.62682029
5.55801446
13.81384523
0.91808836
2.58897911
6.75007868
1.05558538
0.50623573
5.25390625
7.58555852
7.72521221
0.41314303
8.36555048
16.04828388
5.05795725
1.16958181
1.35633339
9.11629211
12.00965538
3.19453797
16.02527870
0.78173828
4.59867971
6.93702508
8.13421709
7.14768478
6.13226572
2.86257681
0.58232805
13.78514551
8.94877106
1.27052319
6.10566185
3.94793717
1.17968750
6.47126025
6.34905225
1.69758602
3.96951809
0.37513222
5.75882093
1.61137743
1.29402649
4.03412927
8.96619542
3.01145556
3.10924770
2.85956810
2.46064786
5.13691185
1.22355164
0.68897897
3.43547678
15.91072070
0.23641430
0.52674909
5.69454441
0.31644192
4.06937528
6.33145196
4.68717531
5.75134523
0.38189959
0.14293357
12.38191282
2.18359375
3.09954333
0.03878270
0.73681641
8.33937576
6.96011442
2.24640985
16.13048752
4.30867596
1.63655855
2.75765230
0.00362396
0.61989334
3.14966617
0.23459088
2.59743240
7.36535489
9.34037940
1.13215633
13.03554030
9.99289194
0.84461464
0.94797775
0.01147583
0.85963943
13.26472961
3.95965592
2.14520279
0.88476562
1.39885002
3.99169686
9.56479568
3.11174507
4.71420296
9.10092171
4.49635050
1.09639219
4.22064162
1.90232408
2.45294049
8.99557382
1.09956110
9.18890888
0.05092876
0.14589432
2.53897454
9.34579108
1.32116176
3.65757092
0.13689280
5.70024144
3.37784851
10.37846714
8.62793647
5.27593487
0.56727089
1.27308019
3.67420573
5.36201255
1.26523022
3.95815049
1.50651554
3.59288536
0.19017540
0.71615059
4.70561378
3.02039589
9.59093224
9.81877632
3.33942681
6.82635140
2.84552360
1.08864334
3.01518589
1.84537594
1.33974540
1.51562500
3.17140944
0.51706713
6.41094152
1.39048052
10.24818581
4.77831744
0.60775872
4.17136151
6.14188158
0.26327993
0.28299310
6.66411971
1.80167664
2.49907171
7.06646990
5.19921875
7.86379904
1.64660738
15.61096941
1.58033522
2.46715232
13.24807410
6.88678807
7.86904408
6.73020986
4.63138824
2.45997631
0.85086575
2.83821102
0.12217209
2.08777899
9.36418661
1.73166916
16.42443817
5.18539312
10.60911181
6.78669243
11.73405460
1.33385708
2.32293717
7.71340304
0.23070905
2.24218750
2.31284762
7.12393651
0.60009766
7.24065132
6.25216770
2.68615262
10.48104804
5.92129571
5.96504114
9.31121412
3.12359112
4.06890362
0.05191040
0.00875092
2.88563026
7.45164988
5.49061087
4.22905987
0.78808594
1.69660946
17.46736648
2.72176086
1.88892647
6.68359375
13.27665434
0.86212946
0.11242676
1.84063721
0.43002819
5.97624210
5.40061447
5.66252632
1.76520806
1.80750526
4.55468750
8.49609375
8.26844276
1.56370041
0.00818504
0.80870567
6.91849770
5.83142731
2.64892952
2.38752126
11.11602892
1.89952599
1.21668978
15.73410322
1.41992188
6.97797138
1.37684120
3.51030987
0.30772911
4.59227747
0.05445612
0.22503155
6.37842780
4.52300698
1.38067985
4.25640362
1.82183331
0.55739334
8.98528327
8.16315423
0.49096680
8.92246502
5.65393070
1.79762772
10.13537567
7.68993157
7.46266678
14.69394559
0.66784038
1.41130964
11.32632563
13.20693970
1.68055214
6.46350990
15.54226646
0.80891969
1.41796875
8.15424091
2.60969540
4.84166466
6.04969276
12.54287328
0.53292224
1.10438026
2.88097130
6.76671349
8.74359638
0.10981747
3.95671085
7.24468487
1.16980995
0.69493614
0.52197999
0.79240698
4.01013152
1.32567376
4.80725492
8.45606577
3.45120263
0.60622147
3.63435298
0.62865236
0.85232020
11.09413190
0.21638485
9.34776559
6.20660152
1.53558857
9.46721382
6.25303954
3.99049534
4.03643354
3.92209780
8.42341977
1.02379543
11.43237796
0.87005257
7.32611965
0.14772537
2.94467171
0.90963722
0.21524071
5.21066415
2.59714168
0.19954545
0.72511303
3.00227352
2.35210674
2.21298717
0.40480053
7.95844013
1.96538799
1.03318425
8.46761289
1.85711076
11.24834511
1.51727989
3.99327599
1.12491599
1.35750588
1.32204178
8.23002106
6.32625646
0.33878276
2.35581852
4.47730912
2.16469539
0.86718750
15.12454663
3.05634128
2.25650017
1.51498421
16.75928497
3.02814474
1.29986834
5.58593750
12.16597663
4.78800584
4.60231575
0.03465729
6.00691734
9.18032829
10.23318997
4.38937846
5.79463438
1.71703395
0.42719013
1.47704324
1.97876731
6.63031513
3.89275121
6.15694156
0.48679611
1.05224679
2.78495027
5.65765888
16.02280100
3.74509752
11.14254737
1.89944481
4.42658363
3.14331263
0.95988690
6.29328485
2.17719013
2.55632023
2.90234375
8.07953388
7.92463126
2.04216561
3.11282428
7.15866010
1.90461727
15.38846091
3.46809633
7.87109375
2.71596728
3.35130361
0.67356369
1.02149421
0.68200170
4.90436336
2.67827862
0.02218628
0.80677669
2.02457112
1.67185061
6.51594110
5.02734375
5.60341908
5.47515362
0.56042726
1.39025633
1.13519794
0.81061911
0.17881642
4.17667664
8.07940658
9.48882733
6.61219276
3.51562500
8.68837683
1.04220384
0.52343750
3.17121632
2.02687305
5.14433815
2.46788536
1.61621094
6.00133263
1.72036735
7.32390265
1.55511552
1.76113822
7.51734998
1.24859112
12.95594276
12.02211195
1.86848764
0.09790039
0.97321796
0.98219803
1.81282485
11.71691303
3.25521498
1.22449745
6.93858849
2.10833077
3.18195243
2.78438816
0.43794990
7.35078367
7.41361266
8.16548856
2.72904269
0.24023438
0.11483234
1.14441182
9.35643776
5.98014835
1.81711069
0.09175875
13.38063553
9.55366266
6.57926176
5.60047401
1.79882812
10.05981383
2.71315243
0.54952321
0.53857422
0.67755634
5.87000526
1.58774688
0.04152051
7.38140362
1.33246357
0.28868614
2.72588284
1.32672685
1.00171854
0.45793156
0.07383709
7.54066448
0.16276585
5.91820264
5.93444834
0.25475060
19.00774962
4.02804742
5.06788952
1.47057950
1.58759918
4.92535073
4.34808677
0.77685547
0.22649206
2.69005243
11.56314079
1.59442154
0.86001579
4.13526769
1.28801619
1.18946850
2.38899227
0.15744998
7.66655772
3.23949918
0.10967018
1.92288772
1.06383089
6.21195589
1.04655460
13.85012394
3.48863132
12.70037733
8.35626330
17.91752106
0.23921723
19.80947917
2.87216145
9.01367188
0.75309757
8.51774476
8.62053538
4.08420822
2.99827072
2.02867326
0.35275557
1.81230690
2.57313026
0.47509766
4.55500407
8.70086076
3.44140625
1.50696815
10.46516415
1.22613018
7.41374210
0.00651806
3.32421875
3.65133755
0.84963901
4.71516415
0.35002140
3.36018753
14.36283356
3.45725316
11.59744598
4.16123185
2.70318221
2.24055477
8.08203125
8.52561447
2.24151596
7.70354555
7.28782095
9.87453942
5.01556779
0.67155585
8.36501053
1.26010140
4.40925089
0.74504598
3.09938553
8.32399490
1.11057541
0.29248047
1.33555990
0.04735438
0.15844727
0.85180685
8.58759669
17.35771152
5.17949440
0.95742298
0.45057105
6.16674867
9.74027372
7.82959109
4.74045822
0.41346230
9.36936447
4.36488254
3.04917996
0.71007286
0.72276817
0.00166321
0.28417969
3.30425916
15.03036320
5.17137938
1.98362228
2.79543537
9.71081020
1.62559037
10.89780530
2.87454372
0.35216270
0.71056459
1.83653036
4.75360955
0.65306169
14.04938345
4.84595578
3.50380111
2.69247936
2.26171875
4.94545968
3.03896373
2.55132549
1.01573646
5.64023881
5.09439079
2.27996842
0.26464844
7.99448139
18.41900619
6.78610206
7.25954607
4.26357962
6.56505887
1.61103204
0.35746192
0.64668538
2.08731134
3.35889655
10.88511677
4.43788405
1.20623026
1.39594013
0.41468300
1.96456595
3.70472268
2.49319845
13.60105330
10.67058483
0.86275238
0.56823637
5.37360220
2.35310828
4.55897565
4.30664062
1.54601036
6.59346465
4.60053552
2.80337517
9.06749474
12.74334178
3.93288716
16.78099540
5.71183872
10.47092114
4.52222171
5.54257121
2.79816793
1.10643915
12.69415392
1.25292969
3.25148327
6.40226936
5.08945970
4.51708216
1.97678635
9.17097961
5.39223681
14.84413190
4.96423371
15.98155724
0.03571571
0.54057482
0.36711973
1.10038238
0.36489369
1.64186046
4.21107463
1.29837614
2.19118240
0.35580452
2.20124684
8.37478252
11.13486217
1.04504917
0.83547658
12.37577024
7.65387564
1.62336727
1.81093092
0.94911451
0.73899338
5.69782275
1.26707142
6.97617631
2.90797928
2.43708306
0.57128906
2.04215453
4.75817902
11.82287996
2.09726576
8.58952335
6.45551044
1.75108849
0.20556641
1.15771415
0.25916611
0.01451622
0.64333186
3.41219609
5.76102505
10.85540295
2.97450424
6.35156250
5.68250526
1.94723487
1.43580147
5.46714020
2.48159658
9.43702585
8.15342365
0.56553732
5.18359375
0.56271355
3.29732269
3.14648438
0.08537226
7.73802911
13.16476479
7.62238177
0.73910401
0.69873047
5.96093750
3.27734375
2.12804161
1.89451153
2.31354596
10.10296670
0.42907853
7.08843487
1.16969803
0.63754280
10.75743919
6.44834345
0.72083250
13.81326809
1.83446712
1.04498338
0.15729790
14.02532951
0.64118462
8.91652413
2.95629890
0.64963791
4.63603939
1.38602428
4.89465640
4.47300847
0.27604295
1.18108134
4.52626523
7.92860760
0.49435588
0.64186600
4.16745768
16.81350072
0.59868233
1.14659630
4.87624100
0.63059494
0.93746925
0.26321434
0.04696655
0.08277321
11.18583222
0.35290281
10.11641941
5.79655460
7.06678195
1.14017301
2.40858717
7.53311087
0.45245685
2.55688294
0.89323027
5.37192334
2.54027829
7.87000526
4.53786147
1.26278757
7.59761054
2.70675656
0.17902119
6.01498636
0.77542906
5.09362270
0.07518025
4.12890625
2.41406250
0.83911008
12.72476313
6.10911057
1.84679161
1.95808899
10.59029144
2.28493240
1.18426529
4.99782303
0.35032252
2.18188878
13.56813553
5.20005264
2.13220246
8.22403331
0.03565099
1.56865162
0.78246287
7.09054604
0.58593750
3.02843224
1.23914696
0.90984097
0.18761317
1.36763519
3.97569786
3.67424507
12.33786846
0.07235912
2.56416653
2.55557430
1.62879862
10.38473058
2.19034851
2.25195312
0.55634944
4.24978543
9.35156250
0.08526104
4.98155724
0.87402344
7.44839345
0.54029597
5.36633076
1.07184508
5.02805034
11.88767564
2.06602006
3.13258865
0.15538977
1.19345163
2.86110428
3.42452584
1.90129959
1.40037954
10.92443387
6.44710328
0.19143423
0.44967843
4.02100163
2.33436842
8.82114424
12.51203915
6.29796349
2.88758339
12.70575622
1.10080334
1.52050781
9.09093224
9.02754544
3.80339733
7.20854956
2.81216672
1.29482533
9.81250000
2.04383339
6.27581186
14.56608156
0.05664585
0.30200945
8.32759862
8.74935921
2.69422401
0.66380790
1.50307236
6.52561447
0.01767212
3.43891747
7.11653812
2.02679951
1.31272385
5.54242451
8.36219276
10.39843750
0.06198627
10.34423067
10.96096839
7.79696365
8.65676349
3.45683815
7.86859638
8.35189827
1.38518257
3.70997631
0.82964581
2.51540115
8.97092697
0.91443886
9.54995166
0.22568311
3.61328125
0.23936974
0.57714844
14.09977172
13.06060339
13.89174535
0.90731993
11.63290115
3.27487284
15.78461692
6.42644781
7.75913197
1.84512460
3.49295697
10.98219803
4.23245263
0.27751655
7.12174313
2.70327876
9.16015625
10.27388305
4.80676900
0.02951434
0.15549974
11.41790725
9.48361979
12.14188940
14.23195202
3.13264157
15.25281776
3.05468750
5.28215398
1.43408328
0.57184868
5.57399490
9.25768950
6.22745360
6.48566947
7.39624764
1.92830937
4.42834442
3.68621842
2.01975510
14.38960661
2.40140902
5.31572972
3.17902094
14.67126496
1.73402385
6.49449177
4.69031776
1.22103890
12.17354278
10.85681183
0.06496201
2.41579178
6.34667865
4.12815457
0.75281776
9.13614376
8.90554556
1.22209448
0.43657067
1.85496883
0.32795711
6.50000000
10.82140099
9.20408833
2.08942466
0.87543232
2.94528175
1.79538495
15.34038799
1.21028133
2.19108585
2.40234375
2.33536251
4.26382494
6.53807555
5.05500790
6.78808594
5.26605663
4.83366467
3.35659782
8.92943290
5.48148637
1.09829704
2.51975510
7.55186974
0.84744224
10.25781250
5.66062112
1.70355444
5.81477321
6.06307637
9.59380544
2.32535735
2.07723598
3.77388519
8.99859541
1.28342697
3.26176814
0.97074599
3.33830757
9.56363642
9.61345717
3.53933408
1.71093050
3.32508339
7.79425033
7.17510472
6.65936669
10.43615047
0.85234382
4.17751053
5.47276817
2.61130596
7.49416279
2.16221417
2.98719990
1.71082558
6.73847435
3.65829185
2.52486640
1.12926058
6.99879710
2.09117610
2.49596430
1.44531250
0.19402569
4.56390888
0.52636719
6.94872673
2.00075306
6.58838415
0.02742841
0.95008339
13.37608849
21.06322196
5.04962697
9.47503061
0.00654184
9.47374474
1.13617451
4.45382944
2.94416036
2.07412220
0.56727089
3.06996440
7.81453679
9.54969276
8.93413799
9.87141415
0.41511407
3.37755458
8.32389835
2.30305477
6.63108322
2.55875610
2.76078831
6.64421300
1.09147433
11.84938553
6.00749210
1.67827862
16.45777649
1.30977089
17.30955494
4.68461644
9.89272191
10.96165835
2.68641151
8.10835522
14.00210826
1.31592780
3.29537386
1.72865401
0.53515625
5.37468467
13.82799264
1.13607796
8.62120256
3.05726424
2.14248553
12.75967122
4.01934189
6.88646277
14.94076684
2.76434342
2.01671349
6.57091270
3.09974097
1.35000665
13.70558069
1.49528272
9.86551972
5.39087960
17.49431371
1.19654830
3.41937763
6.39907829
16.20184342
4.38518257
1.04446864
3.00516138
3.54667331
4.83388783
2.15179951
13.20015008
3.91308414
0.56927998
11.90132037
5.39417865
0.65353647
5.34137993
4.37717697
6.04608406
0.96811669
5.04726119
7.77783757
5.58251953
2.67200659
6.79424604
0.85509239
2.84352615
1.91745955
3.45363420
2.25108849
9.99955875
1.43110532
9.05803164
6.39270473
4.24867547
8.24301357
2.10787739
8.30892273
3.46320028
1.30495962
1.52704302
4.47769213
12.60205023
0.45772371
1.72752549
1.23091894
14.27023784
1.78858959
6.51837267
0.51818262
10.66995263
5.12832696
3.11773174
3.65961201
8.50070444
3.27549361
1.39317958
4.67688622
5.31633380
2.15509786
2.48389441
3.47198471
4.55677582
5.58373476
1.56624176
0.41127459
1.14019268
2.55720745
15.40798925
0.54592185
7.57060866
2.28658936
5.93133436
4.83586741
2.32834885
3.97806793
2.10271464
9.14773306
10.38718792
1.38527302
5.86469013
8.90906776
1.61296085
0.13012695
15.92288044
14.81889503
6.43374682
4.41922457
3.18180297
6.41777995
6.02259932
14.11706020
2.05676792
0.32958984
5.26903494
5.76785059
2.09477698
4.78685048
7.05238323
5.93231217
4.37890625
4.79828388
9.17886435
0.41407697
1.09427887
4.64370166
3.22180235
2.75017807
0.57530724
17.00002371
5.71357896
6.56640625
2.65661403
10.32439896
4.34954718
3.29335134
10.17511830
15.78457267
3.38623601
0.31074349
2.39855621
8.00352989
2.79447418
8.05404671
5.21308265
0.59014001
17.70507812
5.11840758
7.62659768
1.88085938
1.47904449
1.61286431
9.97502632
7.01466811
3.94231433
0.09239516
2.53492226
4.27907303
1.56424465
8.14766941
6.41732796
8.47809172
3.10039533
12.66470329
8.08452862
2.93411583
2.22876163
0.59363808
4.96409284
3.57757895
7.81672665
1.54514572
5.94621218
10.42661084
2.47103640
6.33560422
0.21872971
10.94134475
3.58206415
0.04851081
0.13830566
4.01866661
2.93532303
7.45811974
0.85661320
0.76270944
4.08304964
2.88422138
11.37359112
9.04899262
1.80527572
2.00390625
1.49382667
0.07293564
2.35214179
5.42020722
2.95143257
7.04864860
9.59182763
3.25477089
12.74368150
0.91181578
0.06018066
1.46020508
1.04252106
6.64497894
0.15735878
9.12847573
4.51298530
0.13636085
2.37346268
2.07438110
6.54655890
0.85464594
5.86219276
9.98258422
3.52996842
0.29213486
8.18538384
11.66134627
2.60312943
5.11459358
9.67341977
2.41360622
1.17751053
12.87500000
8.97670560
1.67032302
4.75651554
8.39907829
1.60588569
2.29863503
7.22659471
12.67908459
4.26792498
0.99669395
8.07389835
0.16577148
5.90240955
9.43689748
0.36436222
5.17059093
4.34080064
6.92290198
5.91539700
2.38153092
3.78388326
5.58110012
3.16927748
21.12019329
0.43743420
8.86782829
1.96942154
3.48488849
5.56979901
5.78342697
0.84480219
3.27015095
6.32111456
0.82320963
1.80175781
5.39365553
10.60976244
2.00976562
0.46361259
4.71400986
10.89895099
0.10958378
1.28031853
0.12112983
13.85381081
3.97564190
15.04188026
0.03255718
2.58897911
4.37781776
1.06043495
9.28551959
0.15122770
0.78809101
3.81586201
1.92176308
10.99860400
7.11115719
2.59798219
10.78125000
0.08449272
1.62546307
7.46734112
7.61827599
8.39661528
1.57386400
12.11936447
0.39396117
1.02674909
6.60195728
10.45663647
12.39009586
2.98631302
11.47173095
3.84749306
1.03147385
6.36078388
3.82844540
2.75438684
0.80871336
5.29296875
1.61718750
13.24001053
0.46079678
2.24492229
4.70485428
1.22385666
5.20993628
9.54672623
0.85949246
2.40668232
11.18699510
3.57139669
4.75973058
0.55560835
5.68408148
11.82837960
1.55588791
12.77228751
3.59576463
6.99167799
4.51465952
11.69495027
1.57208361
9.14978273
0.37311052
3.93565880
1.61726867
5.62262993
2.37631233
5.75928718
6.50524933
6.82921349
16.75422665
5.02939986
1.36405149
10.56476493
10.27414963
16.48757681
0.65575403
7.94467171
4.99609375
0.56201172
3.51031907
6.42557098
1.46074440
1.15722656
7.20222961
4.92949440
4.15625000
6.96484375
3.02430214
13.39561974
9.55532829
2.68490608
3.23735296
1.29671480
4.70703125
16.67998253
1.28850288
8.78970329
3.24590065
8.98002106
6.23425200
1.73896387
9.61021748
10.10911181
1.77969415
5.28676252
0.79087420
3.39757286
7.87417470
8.82381190
3.28294853
7.20229111
8.03981506
2.49308289
9.46155706
8.83628435
9.06506317
2.37307763
3.74803652
0.38451154
6.07690921
2.34429854
2.09137564
8.75499474
3.03423011
6.17475427
0.79747520
7.00711021
3.15353308
1.22357810
6.89049770
1.27974457
14.58342437
11.54003657
5.36668079
3.41290392
7.42360428
7.85315021
7.16311987
3.37653189
8.62000526
5.59983322
0.01190948
4.18218487
3.93798274
2.67779588
19.10299285
1.42175255
3.68232643
1.32053635
4.50000429
2.52170393
1.06347656
6.06734098
8.94698028
1.23740802
3.49267578
3.14453125
2.56772288
4.46458486
3.06483932
5.34425920
7.93526153
9.72066808
2.50941448
4.96573914
9.61283356
8.35130790
6.55148354
15.54189901
1.81949364
0.38830694
1.45358198
2.32453485
10.66406250
15.36469505
2.37871315
0.76367188
10.89269005
2.12391151
14.32851119
3.43772385
2.97877022
4.12659485
1.33933739
3.73781224
1.86131869
2.47704095
11.97496696
0.42395882
10.33914146
4.09285212
5.28879072
5.51716118
18.26511580
12.10570870
0.46447220
3.31096382
3.12528750
1.25967178
2.41022703
6.87512730
4.12147780
7.71522780
10.45376579
4.56576546
9.91252632
2.89703042
5.40553912
9.07082599
5.67794534
2.51208434
1.51141158
0.13657885
3.17014572
8.54687500
5.29585661
2.00252382
1.92696628
1.89646931
3.20456893
11.90957696
6.68250526
6.57622839
6.94016470
9.83984199
0.62055127
2.06602989
1.51863586
9.96746842
1.03102615
7.04508422
1.55470073
3.35876891
4.16551785
0.98042048
10.57134378
1.72695548
1.97633865
1.39334729
0.18482259
0.13366270
1.72723404
10.50468268
7.59579753
0.37021651
2.19419326
3.70719145
12.15734063
9.80577813
2.48532975
1.50086464
5.37993323
6.76838847
3.90156416
5.56641054
0.88186239
1.40972583
1.71031208
6.72362465
5.28948263
18.58695160
13.99652427
1.78038536
4.40317764
8.60229386
2.41034290
3.07617188
2.39203388
1.82180255
4.72355164
1.66980995
6.32377106
8.17138298
8.95428358
4.52636968
0.52119168
10.21145529
13.69802873
2.64196878
6.06531776
4.62218224
3.55273438
6.23584968
8.71760860
3.45192708
0.88057396
1.95223030
5.02314893
0.36352923
6.37540766
6.01662622
4.33190395
3.80107519
9.50959899
6.58235165
2.58420822
5.67092455
5.43524864
5.84477484
17.47438553
5.42795822
10.46455583
6.41468611
1.51065423
5.37313483
21.46593224
11.40297558
4.00864209
10.86436974
6.95818553
6.75290933
5.32623836
0.19648739
9.23220232
0.25282884
6.78080231
1.90546391
1.29577931
1.55581665
3.53666168
5.25000000
1.59386192
10.74756843
7.06219678
4.37600551
6.63812763
1.03092960
0.09467060
0.79736328
0.46820576
4.42578125
7.14453125
5.17093529
2.25657524
7.70920822
7.13343542
5.11193387
7.68876870
5.33588029
3.79137536
6.33790849
1.51887508
2.84755970
2.13313719
6.10014932
4.10796612
4.25845329
0.52946476
5.16694606
5.77945493
4.11955757
3.63586949
15.55020626
5.48623158
0.25756344
3.59668983
8.53125000
4.02843224
10.55641678
12.18813726
4.59561010
14.97290088
1.04217988
4.36936447
10.60897316
0.99649559
8.33441669
4.16579178
6.17936710
0.76985933
4.60093674
0.62969221
4.83126531
0.29287005
3.07790115
12.63346188
5.45465259
0.60045864
2.74708569
7.06922401
0.71848557
4.84195922
7.77305131
10.42686974
1.85828651
5.06546224
6.91110026
0.81418869
4.00137920
10.40671200
4.23738586
1.35148133
3.44291168
5.53515625
4.41854307
10.11762848
1.19772066
3.01512938
5.75245983
19.27563663
3.90147911
7.46920199
10.45504308
3.80340592
2.35761844
1.71532856
13.68340065
3.17555740
3.94787567
5.26850641
1.20560485
4.81531776
5.83659367
21.04546612
1.44422401
6.46274668
3.40946607
11.58400467
1.61362405
5.86422526
0.46099346
10.17187500
2.94553635
7.39594013
0.00834148
7.25038911
1.00742339
0.29077148
0.57911999
0.18847843
1.27539062
22.32940658
6.62013686
2.44021692
5.52584681
0.01484838
8.56609015
13.98334802
7.94665558
8.72848487
4.45792664
2.70030724
4.10976334
1.35842455
1.76618711
1.50867714
5.70421349
1.44737755
5.11609901
3.55045338
5.88302845
2.58225510
3.40468307
3.80277801
6.00298801
0.51686613
10.26628297
2.88910239
9.21875000
3.00432319
0.87766525
8.63130707
2.57726895
6.64439536
4.93154408
8.56583126
1.12275723
4.02094013
3.71245984
0.30792067
1.19857796
3.49740608
5.68244161
5.43362557
1.33803922
8.77802028
1.98786431
0.72265625
7.51389572
1.43814079
6.04015099
11.77401464
0.18507151
2.45760462
6.85325742
6.27519753
4.17968750
0.89344276
1.97265625
15.16905724
7.00075510
1.49639877
1.65098349
0.19895432
2.17773438
2.24414062
1.56364018
10.64467281
1.19531250
8.85323028
2.45341894
6.16101230
9.28906250
4.11283356
10.98373421
1.43272911
2.95402468
2.33004308
0.19602463
5.65783127
4.90662185
0.95714068
1.61458070
4.71125790
0.89257812
5.54726119
6.69378422
18.34366311
0.59550037
0.32497147
2.71804882
1.55069897
10.17059342
5.08152205
2.23661347
2.29470017
9.66598058
0.39829760
0.97825119
13.21883117
8.99090592
0.07513428
10.39410932
0.13248171
0.12719727
6.19412678
12.14074800
10.62763188
9.31266012
2.06467697
0.09875155
3.90711034
1.90722656
5.10220329
2.94936898
7.30085487
0.06632492
1.79318450
0.95240415
2.71098681
9.51398299
1.53919908
10.28688553
1.79517613
4.80172741
0.93483475
7.24045822
4.73552928
0.37996953
1.70094803
7.03938719
4.44702211
1.30725067
1.95973709
5.40971285
1.50639503
2.66609001
5.44315132
2.30286804
8.57831685
4.80051806
5.88889572
3.93337849
10.13715786
6.48828125
24.25019524
0.96235961
0.23029595
22.66146734
3.43574427
12.39464013
3.04232796
0.17993164
3.92688622
3.69116592
1.90516151
12.00033190
5.24802824
0.44011642
8.80532829
1.79086311
4.37391151
6.26780197
11.43929507
0.78253712
1.87229416
6.56379017
1.15095946
14.61166639
4.00808642
2.16049237
2.07469720
7.02484638
1.43304951
4.78342697
0.00705269
8.58910441
11.25428953
0.92864944
0.41806592
7.11469013
1.46289062
1.82521447
3.93369666
0.29039205
6.97092912
4.49642523
0.27291355
2.48157422
0.51425509
7.53579704
6.25858059
10.30539194
2.53022516
0.12938177
1.20296480
1.36902870
15.40215924
9.00989070
2.59312278
3.93483412
16.78035032
1.67057804
3.01453651
1.48848294
1.05177997
6.01697667
6.33945756
1.56097490
3.19034851
15.51047744
3.29994736
3.75243587
3.14616183
6.47976431
4.33530530
7.34969733
3.56926335
4.15143977
0.46424355
3.19654838
2.26547761
5.93250526
8.50781250
10.31711000
1.53314017
1.19868988
7.53438816
2.89997798
1.86945673
1.57508339
6.10860691
3.39045338
6.45329662
0.57509876
0.97645058
9.38722686
5.71900460
5.80417401
1.63324482
4.93842829
0.90942106
6.58574440
7.11328554
10.28483156
4.85015362
1.61902870
3.81304424
6.24357568
1.59745311
1.83837337
4.09489999
4.98796085
0.51871516
2.14797692
0.58066295
13.99189502
0.72730268
1.59938553
4.79296875
8.28968765
4.89591575
5.73153576
6.22707170
4.65625000
5.65618850
3.61364285
4.59861744
1.44033314
7.07671612
6.51710397
1.93634142
6.48931897
2.83317050
3.07117714
0.71435547
1.74718224
0.86279297
0.70315021
4.20607006
7.19076546
9.49321448
3.30984029
1.07209005
2.47989161
1.92827862
4.52375790
5.34016415
6.15516151
4.17062494
2.18897391
10.86219276
4.88217171
1.01649947
13.94522119
8.65007521
1.24492409
10.83728273
1.23888914
0.23099762
3.04570714
6.05896062
0.90576172
1.48914305
1.76991813
1.19502715
6.74288979
3.56794243
6.07332336
5.15074177
3.64169749
17.27665005
7.73340676
1.32401983
2.87586464
8.18933012
6.95779505
10.17866911
1.19873171
8.58311974
0.65570863
0.10893980
1.40570576
6.22989126
6.83663120
18.38347906
2.30884994
2.60296494
6.33558528
0.39024480
7.31499737
0.50330605
7.79759447
4.52182264
3.10047401
1.80081200
2.16883339
8.55443720
11.59540919
4.83452862
12.65925089
4.71792608
0.81146748
6.11720897
1.24997853
5.27484638
8.48886054
12.04079522
9.08938317
4.71830231
0.25085203
1.06667837
1.25630864
7.70221243
1.45566849
8.99154671
0.83734638
7.89734901
8.62218224
2.20898438
0.00466923
3.38650100
8.49863330
2.59038799
10.60249079
7.52204150
3.01506787
1.68369030
4.16912089
2.84445444
6.59811683
4.64125291
0.75574745
1.60552471
4.13313290
7.27593155
7.61199967
10.86968487
5.12813816
1.81174728
2.67296349
0.09754433
4.44706432
2.72882858
2.20192486
0.53440353
8.86485615
8.74423898
2.28215037
2.05446365
11.25499474
5.21634420
2.63499446
9.16201283
0.01164246
8.45299770
6.06435658
1.65842697
12.82671612
1.50594055
4.48942625
4.75346461
0.70125197
15.62781776
6.14757286
0.96135444
2.98114029
7.29950826
10.15662760
1.36993697
9.65287511
4.59125263
16.80308767
5.30724852
3.27638256
3.77343750
1.99511719
2.24836727
2.01053372
15.93611633
1.82554646
0.08357235
3.27212517
3.25509558
11.24730524
3.81654214
4.37806592
0.49557749
9.57367451
2.94224014
2.70478848
11.68239944
5.24837655
2.49749889
14.66857265
0.74181114
6.37500000
5.51312763
0.22467486
2.34361841
1.65234375
3.02690572
11.83442241
2.59743240
5.72220856
11.42435450
1.94773119
7.17296349
4.05500790
8.76549770
9.56755839
0.70514177
3.20853668
5.27990477
1.00027212
7.57711949
2.09334663
3.70952862
3.91753643
3.46939079
3.00467434
2.36577862
0.51898701
3.37945049
7.71590041
0.28032556
2.57587544
3.24064273
12.00954178
1.81879169
11.24077862
4.17686974
12.19172665
1.05241398
10.58593750
9.40519463
10.75886916
0.45366540
3.40147911
4.70507812
2.88886497
1.92189038
2.54373684
10.19377632
6.14888519
2.78653805
4.90841838
4.98080632
1.76919368
3.85742188
13.10762678
3.16190447
11.68044774
5.12423758
0.03632896
3.29322335
1.29117548
1.07417082
3.88935630
1.79206048
9.32594803
1.55358793
12.52948997
2.98635458
3.88098667
8.84874474
5.21484375
2.31469727
5.64062500
1.40341686
12.98373421
2.50157123
6.46631413
0.48899456
2.61530945
0.34033203
10.84362270
6.86677056
6.66848224
1.49703741
0.85102594
2.17968750
9.62922665
4.22445132
1.54201789
8.69817466
9.64122676
5.12282303
0.36070763
7.94140625
6.62608849
1.62360864
6.64862845
0.61772496
0.09148327
5.53558857
5.64658092
5.04655460
0.84587101
4.65733849
3.05446365
16.67027732
4.18794700
3.42606729
3.23844360
3.41113032
2.10519697
5.01378380
7.59157303
5.53868490
1.76134364
7.00390625
3.04358420
9.12619293
8.27904220
0.76803351
7.89257920
5.41249449
6.87602269
11.14971908
1.48746703
2.92097532
2.08593750
4.81499737
1.16894531
8.90549479
32.45516179
11.35988849
3.00992368
6.30583396
3.38621308
2.26639309
5.78362007
0.72524213
4.54848376
11.14510195
4.78002992
9.10596328
4.98358544
1.42144268
8.73373850
4.16822120
6.46087385
1.93545033
11.37586464
16.43263748
12.62327287
1.90335003
3.52524684
6.28060921
0.69364348
9.37269143
4.48155724
1.29514572
7.56837586
3.91318137
1.05945839
6.09733585
2.95648701
4.13614376
1.90487187
2.31549853
10.49833652
3.11134599
4.82895889
0.21462021
8.37077335
0.89898174
1.29228183
8.85463486
3.44672997
2.54516539
6.08771969
9.98015265
9.52074274
5.05078125
4.55401956
13.87855579
3.74960951
4.59189342
0.76986702
5.45421349
0.30708247
1.04054826
1.63976036
2.21842960
5.83299244
5.55481480
1.50465897
7.30366911
9.78329538
2.96881150
3.61328125
13.78637633
2.87035641
7.31650640
1.42606300
1.04394531
4.71305297
15.24974540
5.95017564
4.48264572
4.06678746
5.79966700
2.75463929
0.99065007
3.39753352
7.24580342
2.91412899
5.03342697
3.11166999
12.24716076
2.39171349
9.66649837
3.67267530
1.29802568
2.96186579
7.35663162
9.92705210
1.03408368
0.31461279
7.27460252
5.78399123
2.07617188
1.72851562
2.27625526
4.41862492
6.99583915
1.76229804
1.99381593
4.01127106
5.75044769
0.20728554
0.29750533
2.24180131
1.01128971
4.81338680
1.13270058
3.40147911
10.88921612
11.26764268
3.01751095
2.18938441
3.18762730
5.14062500
0.47206096
14.23943339
12.42091596
3.79191101
1.27247631
8.42556170
3.09896429
8.25397205
0.44969720
1.70648701
5.44976299
1.53296390
16.32315327
0.29774738
1.68766785
1.72438553
3.03125859
1.86186378
13.03381746
5.37384142
1.79101562
14.31450964
13.11371177
3.57872645
1.03113808
7.16428635
5.15984874
8.04670157
2.76349665
7.36033619
1.80904144
3.72717683
4.46936614
1.11693359
5.04405724
2.74218750
6.07923789
0.10820107
11.64450355
1.17574973
12.42100601
6.46901886
8.75269046
0.27063511
1.22330625
4.90746149
3.96983849
8.36667830
9.89753782
12.23514309
7.85495955
1.44788675
1.65027870
7.34115754
1.09394164
11.20119740
3.64990290
2.70133920
0.22767128
6.57017904
1.12830729
1.57372493
2.16943913
13.50249737
2.53157040
0.16978966
7.05641678
5.48610428
12.15374696
3.18449696
5.23284741
6.92404124
1.19861300
1.53283231
0.62896221
3.64718882
2.31666300
6.35803192
1.18733765
5.88774573
3.75960328
4.15202335
0.61279297
2.44500623
2.00274767
2.19026056
3.94428122
1.07191753
1.61291722
6.26024622
5.13736169
9.23347532
5.77101022
1.96087510
3.09563948
2.66092434
4.41579178
0.41691593
7.05814820
0.10785728
0.00145531
1.14230199
4.01337794
0.39949586
12.63934771
1.00854554
2.19831721
0.51314408
5.61158380
8.42134475
3.43750000
9.53542158
1.29672159
11.26616855
7.55536188
2.00433504
4.13058399
1.25101410
0.07337948
4.27452599
1.38465370
13.49023438
7.81163536
6.00923427
9.28811420
1.27394060
0.90367575
5.18019670
15.09753871
5.52891918
0.12100377
8.25505056
8.42745470
1.36046349
3.72156776
9.88844803
6.26430124
3.79320402
8.26229804
1.85935533
2.94224014
1.26554383
5.11515930
7.77264794
7.52593487
4.03765362
1.38258865
0.50075272
5.61176225
4.63603969
0.72811977
5.00102574
21.06596714
2.42384170
8.58680214
5.64561974
0.06262207
3.65234375
1.41091748
6.28444322
0.47859957
3.62086990
7.06711713
5.94114306
3.68750000
1.75140888
0.79022662
0.84373033
7.42578125
0.29714311
5.74813483
3.04676308
1.66145321
3.98318997
3.12586464
0.49492624
10.28208174
3.54226646
8.13396249
0.00909424
5.04540462
2.15381413
7.73578388
4.24282829
1.81315617
7.72624210
0.28969283
1.99449177
6.27106743
4.45139572
3.19031776
3.95214844
3.75867714
4.83798717
5.29149837
2.72425393
4.98192556
4.96735791
0.39559560
2.32681267
5.71849540
12.18900765
3.36919990
3.77865608
3.97656250
0.05291725
5.90964276
14.40375478
4.52266726
1.44033314
5.43583729
2.73187687
4.09791085
4.83632369
10.41009045
3.16501011
12.40905059
2.71336194
6.29319973
4.83548981
0.33586492
10.38908023
1.63671875
10.17130215
12.72290870
12.53906679
9.07171709
1.81727089
16.72772537
2.10843598
1.18249418
8.59887633
4.70781652
4.72398507
6.24960660
4.52484638
8.30436710
2.14462780
1.45562237
8.28477220
0.58763388
10.12884475
6.40944966
6.52331879
10.03946102
7.65516151
0.19261681
1.71191406
7.48187763
12.58760957
11.35059487
0.74979797
2.46718297
3.55215089
1.79103959
6.19953056
1.69191296
1.63898368
5.44200701
4.35569191
5.34081061
1.45920822
3.11228931
5.76998753
3.99843736
2.10843168
4.69468030
11.25156156
0.67545209
8.95158882
1.08649712
10.45876053
11.75988560
0.66709606
2.76630146
6.01030987
0.91459906
0.18720759
4.55039720
2.72336069
0.78985885
7.31337572
2.26645030
3.69176169
6.58446282
1.94947335
4.81743323
10.47426682
4.02541064
1.19547270
4.67982339
1.48651263
1.81706242
5.17699918
0.28475468
0.82790884
7.09933725
0.90780370
4.76824967
0.61838112
5.20029865
8.34515888
6.71324607
2.85847532
10.14719027
3.78076795
0.96088154
2.56737894
1.48253767
2.31378158
3.21209393
3.00537449
0.76551308
3.70171474
0.35644669
0.51226299
6.39766941
3.34836097
1.45831532
8.43494542
6.32632563
4.77849589
0.90749868
1.30262245
1.00374695
2.83365539
0.03575645
1.91156513
0.74134807
3.98808815
3.45485428
6.71644573
7.20681960
3.11265902
13.62700397
1.34847005
8.22512371
11.47653091
2.48565658
0.31653909
4.79264835
4.41790725
4.16553288
0.66308594
4.57421875
7.78452834
0.14185311
6.26312763
2.27891283
3.12006891
2.48578388
0.77441836
4.76485261
6.97888824
1.01449967
11.19521741
5.60697272
1.26714581
8.14064647
1.58255402
1.34429424
3.23366772
5.08251468
8.88627106
2.47896332
7.46177139
0.98365304
5.42382812
6.58094276
19.31781010
1.48383076
4.37580674
2.06614375
7.37640888
1.95507812
11.85938359
2.83438636
12.56170538
2.19073363
0.62958655
3.30664062
14.17098390
2.60722448
12.19368337
3.83169299
9.84370276
9.90996315
0.25611397
7.62813816
3.56809494
0.93256123
14.39762723
13.64413003
4.00012300
3.64421085
1.80742839
3.86401429
13.54651028
5.05505222
1.80529934
3.54695437
7.96637993
0.21036313
6.56788093
3.36929868
5.36726480
3.30518734
8.26005312
3.67802402
10.07837960
23.57892469
5.66840924
0.47868434
7.46646291
19.17892190
4.44184965
1.76389572
1.09407469
9.19876676
7.22849224
13.90150127
3.15743503
1.74263519
3.02788799
3.59727435
3.11865788
3.87109375
1.64517204
4.57248947
8.25794409
2.01206775
0.76997126
8.57300296
10.13512536
5.62508159
0.30741508
1.44444786
1.82183331
1.04630977
9.44540974
2.51079690
11.18967268
2.13351479
1.67781520
3.67678891
6.45255001
4.32997230
2.02475911
12.46865345
1.72970066
3.31358849
0.06257118
8.60796612
3.93218487
10.83952765
5.67609735
2.20398964
1.20486965
5.29687500
3.51040642
13.79482533
0.20533241
9.20466548
1.15959234
0.58507286
7.30467753
4.91970800
1.58398438
6.66569523
8.52343750
10.76985165
0.08972160
6.20313595
0.07326186
2.17501736
0.02357133
1.74208583
5.25958748
13.13627535
8.74371939
5.40868587
3.83510254
0.06710931
0.39985729
2.99999893
2.36069163
2.69460591
5.16533979
4.32908619
16.83369903
2.02718140
3.44454441
4.82652302
2.91713486
2.80100510
1.51226729
4.26197120
0.81271616
5.12003962
15.52025820
6.05922595
10.12019621
2.82428240
4.00032040
0.28412373
1.12412213
0.70297803
4.34883776
2.06903659
12.58119736
2.58897911
11.02971382
2.23981743
8.56835868
8.22461007
1.58593750
10.23501579
1.61177582
8.95876053
1.11816406
4.21380250
6.72478598
2.20312500
6.44263902
0.01727614
4.35839844
7.03861481
2.47275280
3.29354735
2.22937666
8.70786514
16.19992035
0.74335785
5.45924756
2.49800753
14.16492714
3.27766415
11.19819391
8.21305082
2.37054951
2.41124474
14.76452378
0.14172622
2.61095177
8.10502535
16.11584043
4.19808843
5.93358731
0.77495062
3.08552056
13.75449413
0.93667290
2.67840592
7.73969013
6.81559813
3.06634973
1.01855469
4.08680214
5.47957336
2.20248421
2.46919769
2.17209885
14.98145141
6.61201040
7.16326220
10.46525820
1.76727560
9.90484541
10.88678884
5.51184175
6.80871675
2.65993240
2.70248421
13.82947792
2.91883339
6.70890812
0.84748836
8.97233585
0.82356258
6.50358585
1.73403923
0.74040226
7.29919056
2.84263076
2.96237713
7.31217960
4.25531513
8.99821351
4.40272135
1.80750526
4.50731833
1.33654359
1.19574482
3.82573956
2.84547928
2.38921612
6.89712310
4.09794582
0.37979887
1.19276589
1.58617492
10.47035729
1.63854458
1.67470814
8.08030197
9.73283882
7.94036500
2.79727546
4.56358849
7.55161514
8.88345329
6.37743157
0.53830978
2.94422401
0.33404034
2.81330743
3.51231771
4.91411327
0.39794153
2.13217171
8.05468750
9.02753685
2.46638852
0.71345149
2.95815049
5.40343224
7.63445313
3.52288536
1.30481464
11.26833853
6.45523832
6.79188026
7.50473057
0.12825996
19.32584845
0.33124287
7.30871909
0.28318970
1.81780634
6.65796777
0.26055401
2.03658654
6.79055144
10.08817812
3.18725917
0.21188800
10.28406776
4.27126482
3.12326643
9.52216451
3.56399684
0.45862831
0.65201594
4.83906278
0.71533203
0.49867319
1.21381032
4.87589539
0.20483398
1.34484863
7.05078125
0.98317459
7.50890099
3.46715446
0.60815277
2.38606439
2.61198249
9.78547665
11.00834746
5.28026734
2.07319606
21.47271775
10.46748863
1.95864860
12.06158709
3.01197550
11.57160697
4.45157379
0.97585806
4.27811828
0.43447716
1.15703347
5.33466021
2.55433206
4.89734901
7.35028521
1.61435007
5.47529380
3.21002923
0.63829552
2.15781195
1.67726091
5.01626579
1.24049632
12.96092462
7.81893368
10.06836007
0.16040039
8.31211105
5.89383172
5.88436129
0.96786230
3.11590592
0.60749197
6.09579323
0.20786791
6.76429265
2.86765521
2.69533827
10.80299825
7.11993947
1.51855469
3.13405267
10.75016871
7.34515888
0.91883339
15.23936974
1.75765230
1.23464712
0.00817108
5.98490138
14.68697362
0.54128006
2.97141401
8.00819010
1.92176308
4.47957336
8.20319939
8.58996031
1.20296480
0.95680186
4.08030918
8.63491647
0.71480316
10.43954967
0.69130970
1.79691403
1.46494708
8.38332599
0.82479374
3.32556159
0.01701859
8.05761719
1.67349235
4.07108059
4.88953651
1.74577335
0.43684383
4.50531513
8.25589872
0.54633200
4.11340855
4.73360691
2.59429424
0.39612831
5.45965467
10.87102366
0.54373684
2.17501316
0.56467697
2.59161237
5.97913839
1.34984250
5.93173343
7.12203346
11.67213389
5.00966693
0.93630728
4.48687237
1.33487236
1.59500332
2.42719013
6.11763949
6.14657663
12.87999474
6.23110954
5.24596645
10.81967171
4.90817667
11.96263963
1.71134225
3.23744487
1.54868794
12.99500526
0.10583496
1.25292969
11.55033356
6.25755790
8.70632466
6.30161514
8.17158536
2.21429951
5.73687237
2.30696823
2.30967503
1.47368877
6.98078915
2.68023174
6.62186614
7.19844636
8.16576034
3.83923440
9.82031250
9.48219803
4.88063553
0.87908523
13.59167885
6.06717434
7.59810394
1.24370831
2.17718231
5.28548447
5.75429030
0.54964449
1.46484375
2.81400543
4.59080494
3.61808289
0.44951885
4.07902953
2.21138589
6.55750526
0.68385264
8.04238946
6.48732436
7.12768617
0.55789700
1.13949584
2.22320832
7.90810658
1.30772911
2.66573028
6.86052499
5.39098405
0.98010970
10.11859638
9.11264905
2.64625194
2.81781513
2.87819253
0.13596763
4.59536486
5.89253449
3.38718182
5.18839539
14.08446497
1.27502196
7.08939606
2.68013519
8.59272026
1.95838139
1.81031195
2.64683123
8.80099797
4.38740172
1.37246759
4.88627106
7.56378158
7.23994903
9.47297235
3.40183133
6.15785090
6.66004121
5.38756621
2.22819523
3.54221065
5.16797734
0.20143818
6.81059480
0.65918772
4.89203388
4.77452599
8.95312500
4.03263936
6.78804180
6.88210806
0.36559044
2.08897911
3.28791251
4.12333222
0.37175958
0.16755913
2.17004905
16.98122396
4.91393091
2.42709358
7.07204178
15.54222107
3.79654751
3.43049313
1.23772163
5.60309868
0.43394981
0.28626503
4.50090398
3.63299701
6.02471908
1.81277427
13.59983108
2.03521990
4.50423094
5.78087669
3.03238711
0.28883865
11.06494141
5.92491661
9.67648784
1.45382729
0.66124474
4.35387897
4.77435866
3.73721991
0.63020321
8.15271886
5.03380458
21.30106357
1.40607960
6.47938026
13.20133422
6.74993420
0.81506871
1.90461985
1.30928282
1.47408051
8.28753061
3.92590425
2.06067812
3.53600156
5.65906776
3.87218224
0.28008526
4.00781250
0.67800182
0.68577785
6.06519569
0.46533203
5.68141678
0.98290766
12.72123663
0.39444793
0.08547652
0.64548814
12.24945576
2.91204787
1.40717614
1.66644794
6.53791036
1.08829005
4.06396484
1.23794548
2.22054937
18.19428122
0.19817608
0.45638688
8.81979721
0.63025917
7.39613323
2.42917401
4.39342421
11.63079718
11.68560210
2.51541591
0.61754419
4.97460938
0.87543232
0.04071552
2.13199405
3.04290219
2.38996205
19.50434536
7.28733322
1.94249474
3.00368240
0.51944821
4.21918911
4.85265099
12.14626053
1.56283577
6.13570756
4.18851119
2.02017204
5.44505867
1.66591831
3.64040115
2.69790427
1.41379038
11.03265888
1.91492714
5.56499737
2.31586201
2.65517225
0.92317660
3.64030890
3.71032746
3.11353907
7.98113707
4.34856757
2.59017342
4.75826234
13.01402517
4.15176446
3.24500956
2.55945409
5.34656776
8.93032829
0.18829361
4.01006909
13.13020999
8.23155724
6.44531250
2.90711464
4.88780724
7.95030724
5.18644195
6.51389572
1.56847130
3.64257812
16.10042076
1.10379273
2.22340772
3.73108115
3.24559452
5.57313026
2.86460328
5.18910765
8.96593224
8.22938026
2.17591250
3.46873068
0.31653847
2.98644005
5.69563290
3.02283175
1.74833222
3.04274490
3.11990872
6.88530987
8.07582073
1.86926792
11.51280724
19.28231134
1.66300116
5.82812500
4.12890625
8.58555560
0.30811101
3.17475787
2.20392453
4.33511220
7.96784602
0.07037354
0.11904306
6.44018617
8.59093224
0.47285489
10.47015888
1.54231258
2.02998920
2.66356327
4.12399823
9.11744561
3.00944093
7.70088223
9.32043980
5.02343750
2.77452599
3.31727089
2.02476868
0.69739929
13.34093224
3.99891151
3.30619293
16.61488323
4.45587697
6.83351022
1.78611314
2.76709538
4.16790725
1.75859597
3.99602795
1.39995831
2.44335938
6.43532303
1.94838480
6.21245221
1.31326380
2.40445922
5.57530724
2.17286230
5.25056035
0.43440634
4.33946185
5.10956380
12.44995540
4.59051598
0.34607948
5.68808358
1.71469249
7.29296875
1.41330978
1.72686752
19.01770542
2.97883602
1.49506642
1.01056911
7.91605067
2.11347005
2.53233849
5.34858170
6.43503837
3.49013783
7.46516415
7.25435394
11.01768756
1.70301557
0.39381912
5.33309757
3.26513796
1.49183206
5.81141151
0.40320777
6.06300920
9.97873947
6.94640099
0.50092060
8.98810104
2.75050061
2.72374474
11.00935298
4.54110788
9.35796612
1.76830526
20.83835619
1.41992188
16.21875000
6.48180645
4.66720066
5.10764572
0.77972919
7.72624210
0.64013672
1.27234901
1.47887169
0.70564758
1.42829399
3.43327335
4.30352145
9.98101368
4.62909505
12.93801779
19.17959417
0.52203648
1.76855469
9.57812500
4.00281776
2.80881760
5.92674673
14.87141200
0.79949752
7.86104278
3.21989999
1.51356605
3.27072556
3.45507812
8.11565132
15.66575819
6.52110102
1.55002853
3.74804688
0.68330286
6.26011462
0.36628505
8.07800629
4.40101355
1.77792802
0.44335938
8.09179688
10.02050781
6.69159935
2.32553108
1.71615608
11.25000000
13.21517703
0.64040364
0.01365662
1.03916132
2.66856161
14.58785987
3.49048897
0.42025578
8.93761871
2.88726299
10.12500000
6.53368372
0.21251181
5.18072307
7.79648022
3.20053108
14.50620055
4.87027413
25.56275460
2.92594914
1.50461284
12.95056183
3.80641179
16.04158023
3.12047318
1.71974692
4.51769005
2.01554597
0.42271658
1.75014479
7.47955618
4.49407590
0.60956702
7.78765362
0.13311260
1.91308469
15.19850787
13.46593224
8.46439606
10.98802450
0.36178843
8.95453388
0.37714130
10.60918405
9.14862845
15.22226452
1.98067722
1.51836159
12.05045344
4.03219907
8.80241321
8.28547665
2.79188026
6.56792173
0.45975780
0.72982180
7.61449274
0.43186385
2.72633865
3.23738586
4.37608419
12.41764835
3.59602352
6.71798053
5.30936322
2.44278868
2.64574274
5.69636040
5.03102615
2.57685201
3.46080161
6.75409935
3.71042401
1.00368240
5.66629101
5.70979748
1.05043010
6.60107562
3.73911928
5.35369515
3.24085799
4.12006677
9.66265362
3.13668800
0.96661915
1.49153133
0.76956318
1.10653791
1.21317812
7.82386269
1.90213477
7.23838846
4.15343224
3.58594179
11.48782926
4.37905073
11.23999335
10.36448010
1.04565921
10.14818844
1.55945839
11.02049673
7.69563290
4.57256102
5.51251261
8.33746862
0.14256798
1.97978474
4.49958375
5.76990671
0.37546030
2.41003325
3.66895639
3.78153895
1.86603391
8.01671349
5.04207336
1.55687985
1.60710148
3.71657303
4.32655592
4.81666300
1.05817681
1.93188414
17.32581643
9.62781776
0.81201172
6.42815561
0.53056433
9.29188026
1.13350157
11.55539194
4.64779671
7.79296875
4.26780197
15.17242285
1.70680380
10.34258418
6.72182942
1.57450625
1.33870699
8.56179556
8.43865428
6.60555172
8.85410419
1.06734991
0.63025917
9.00694786
1.85638975
8.26512508
6.65320770
10.34204787
10.60790247
1.05759617
1.51260195
5.20435367
5.57548745
1.45844013
0.67766319
0.49286396
3.63799140
3.30730787
0.42164409
2.70562237
1.80692920
0.51639257
0.27687244
6.16638610
10.99621282
4.97686142
0.30853779
2.01235708
2.54822023
7.96420296
1.21820576
3.97952455
0.63543857
1.01254439
9.31864902
2.16345246
6.02484638
8.39702862
5.46798191
8.38162747
0.46009807
8.66777565
0.93205757
1.11677056
8.53258312
2.16350233
2.85345911
1.17196725
4.42296349
1.35566614
16.82254883
4.27599852
0.11940506
0.66963653
11.34986920
4.81430830
0.63033265
4.62666348
0.95101168
0.66916147
0.69476826
4.85883076
6.74955231
0.23758419
12.99237845
1.82692736
0.46814980
9.15906776
5.02631891
1.10074614
1.77079926
0.76869556
1.81211595
3.42883110
3.88752687
7.15903594
0.25513848
11.27234901
3.81681267
1.91207931
21.18961762
5.93006725
2.18609112
1.32921349
0.97915302
3.48465820
2.32432711
2.16040251
5.67645916
0.61316933
4.93218487
0.15168758
8.00204967
0.46388256
0.03258263
2.09623965
10.28571836
5.46612533
1.48663315
3.66388478
1.19769794
0.68906015
15.63331740
9.55750526
0.49126690
1.26855469
0.29461959
5.64221409
5.63601431
6.12109375
0.26003775
6.64702862
3.05871177
5.89636635
2.58075688
5.45049312
0.33308407
2.86773174
6.08363323
2.44230164
11.28107389
5.58252776
9.22220856
2.09092560
0.02840336
0.00572460
1.96931487
3.14114846
7.44486481
3.23799590
6.67110261
1.49620567
11.62738544
15.78618109
5.53054556
11.45338819
9.91367201
1.19359860
7.44835411
0.19071196
0.39157358
6.02901873
8.30691877
3.75585938
4.27132418
3.13297270
4.82392842
5.62388145
2.80058923
2.43128840
3.03515625
0.09898872
8.49092490
4.05170808
2.72636940
1.78081768
0.37093906
7.83759239
6.06947861
5.73181398
0.21130125
4.25694786
3.32527649
1.58193470
4.00640362
1.56650280
1.16039547
6.27580757
1.17593037
4.23597054
8.30545559
0.85063511
0.96637134
2.05446365
8.32549715
3.58954191
21.38133997
3.81701414
0.21203613
3.82421875
0.23804140
5.39862630
3.40887467
4.77516678
3.05709691
1.72069454
2.28693450
0.56074204
0.77294922
17.99148521
5.04322488
7.61654518
3.11992589
2.69030059
9.35015362
3.22401651
6.82066115
2.53810630
11.77100593
2.33468667
0.96593224
11.86512245
2.20635971
3.51325493
2.01866661
5.29828388
6.47515362
7.95703125
1.11425781
0.72889198
6.83659117
7.53315949
2.43621073
0.36101050
3.56123348
1.08235165
0.20433556
2.88920223
3.83867229
2.21878075
2.05186974
0.20593137
6.62928385
12.57133948
5.33728058
2.68317681
8.38274132
3.92358398
5.17469276
28.44499210
1.14875790
3.59904079
0.47620207
12.98103086
2.64795046
1.09309937
2.03580134
6.53841741
3.31077072
6.95530197
0.04485569
1.98187763
4.18042377
0.87726781
1.84476410
9.14190658
16.34683095
2.66236592
3.78518700
3.21064786
4.87186184
5.27670296
2.28070576
0.01283520
1.10502106
9.03906250
3.62535232
1.45643494
0.73441420
4.13639191
5.03848536
1.33768215
1.74446102
10.07722961
2.02926612
1.09185838
2.19031776
1.43299176
0.04464908
2.09996419
1.95712136
1.40532171
8.56019573
2.12829621
4.22856785
1.85266456
2.31416348
3.37327072
13.60405987
8.94953915
2.63955231
0.07322639
1.66146858
1.25231193
5.02163384
8.76434342
0.47715779
0.31697079
4.02568027
7.14901249
21.26725645
3.80306620
2.07335411
2.40038564
10.43721963
7.15675920
2.85870346
2.88444523
2.99750263
8.40919506
9.88678455
5.33569793
6.09923890
2.20680740
9.49667335
9.43317573
0.26749803
0.25948582
2.62749737
1.35761490
6.52219165
8.17187500
6.85286126
7.06470448
2.33663550
5.40952405
2.96156970
2.40938816
9.35130790
9.33478322
4.63364639
12.72413093
2.33651035
0.78005728
4.97067237
16.89831450
35.93081782
3.23760971
1.00044769
5.88463725
0.04033025
0.62977089
6.45831283
6.47246315
4.94985954
5.02041126
3.05219013
1.79796349
0.27560308
0.53166819
3.93554688
2.84960938
2.41447944
1.31400543
0.98928856
1.81519164
3.03676751
2.67731743
0.32414523
0.99712323
2.04319152
0.24334840
5.54155987
6.17674244
5.63434868
9.52734375
6.13726299
1.06195576
4.13563026
13.76595828
2.57996869
3.91860954
2.48459885
1.39550781
0.56531776
4.60903175
1.35353848
4.61463722
10.75255028
3.41655987
4.53273541
2.02390521
0.00675708
0.64341863
4.28406776
4.00730330
3.98097795
0.65185547
2.34491172
6.49897302
6.25595592
0.40149449
1.64528397
5.81922401
8.05186974
1.22435997
12.02233398
1.00281776
14.43776374
16.33052651
5.34579967
0.82145695
3.03493240
1.58247894
4.32530724
2.04937237
0.28887432
15.29393423
13.41396166
2.59557015
0.65638297
5.41688026
1.60351562
4.42315658
6.09214802
0.01061245
16.20696975
0.78354873
2.35073457
3.01951545
1.68220024
7.05999522
5.01197120
4.98246980
2.20486141
1.46202599
4.07748421
7.74193290
4.52766844
6.92603155
3.70408619
11.56403618
0.14380897
1.10178635
0.16845703
1.34884128
0.01351421
0.98335419
5.32663314
3.99045822
6.72349014
10.56538141
1.47198256
3.81163536
5.32582073
4.29033425
1.98338306
13.26303108
3.84080708
11.50992582
2.65925657
0.37060547
0.00753403
8.31117409
1.62629516
2.98402171
1.30648043
0.03925068
3.78906250
3.20312500
13.28241717
2.51183317
0.83427956
3.16183725
1.39923849
5.98796085
1.93338528
6.75960757
1.73528577
10.41712275
6.46498746
2.76940395
8.79725690
0.96530128
9.29431183
2.57313332
3.98792220
7.37858585
0.24264011
1.25635749
1.45273881
6.32140099
4.39453125
0.56422928
3.65409348
5.87391151
2.18468224
4.09375000
10.29482962
4.37438889
0.53135316
6.64350856
0.67447446
3.78125000
5.84445659
0.17520688
1.01562500
1.04232285
3.95117188
1.33973183
12.27555082
16.65182036
1.58386206
3.27337170
7.69163010
4.43922928
1.27952072
5.71117423
6.48691597
8.32338333
15.56454538
12.00439453
0.68244930
0.67656686
1.11412837
0.78670119
0.18033982
8.52625526
4.16515099
0.13514198
2.68168593
4.03439478
1.83372326
2.65525806
0.72161604
2.71471430
10.12999474
1.74382023
5.12167089
5.84580182
4.31236841
0.11139931
2.25506053
3.87730200
1.70281948
1.06346119
0.58954857
0.78759551
2.28928635
10.87592116
1.04508920
0.93525931
4.88150300
3.38391113
3.02679951
0.16962177
3.48360747
3.68984430
2.60579411
10.45500090
3.47877736
6.36716035
6.11221991
7.55859375
2.90320839
2.83501136
2.76747943
4.91022419
2.44719768
1.79481252
0.45653271
5.66158875
7.50842039
5.98114957
0.95887245
2.42264309
4.70844013
3.35783882
4.41950493
0.05102531
1.37716683
1.31922401
2.98155724
12.15716257
4.17986342
0.02863548
0.00136330
1.22188327
10.10014073
5.87500000
3.39693636
13.09404078
8.26728419
7.87902711
1.11294548
1.29892467
8.02074704
9.20094803
0.86496994
4.52907303
13.51483153
1.20110071
3.36523438
4.00542706
2.86792484
2.64319246
2.22639586
1.74979153
1.84873366
3.16865629
11.33875526
5.51063026
7.37064606
14.50736691
2.30485830
5.31703554
0.56220482
3.07808995
0.22703049
8.41009475
3.23238656
3.72523506
4.10482796
2.47015888
2.74814342
5.01857006
2.58167903
0.65994885
2.23254917
12.24164506
1.43324080
2.32380181
8.76408882
8.93122368
5.10201234
0.33674403
2.65242243
2.95159507
0.32281657
1.31760666
1.86671429
0.90279781
9.73450659
5.50313386
8.34938553
4.58593750
5.09568096
2.73046016
11.06557236
1.31554161
3.06791168
6.46311447
10.24065132
1.02678413
1.84584580
6.31250000
2.71698997
2.15628075
0.02085365
2.27712929
5.33312541
0.71508297
4.13108322
8.42085661
9.99906527
5.15538536
0.37011719
3.22688290
7.37565582
1.41210972
8.30481909
1.05053773
3.75560478
2.10579275
8.53428801
7.38838223
7.90253685
0.59697487
0.34641525
21.88281250
16.18366733
13.95694683
1.88225288
5.79514572
4.49577335
5.92654934
1.01438331
3.76149559
8.52624391
3.39384031
2.88588486
1.11838791
6.76471728
8.32388547
1.18164062
2.10860691
0.99490872
7.27952072
0.00388271
19.82646152
10.84221382
3.79085328
1.73035683
6.30371094
3.45203651
7.19281513
3.97358454
2.97848487
0.40003733
6.86046349
0.03645836
0.13819374
6.75675768
1.25136701
0.43354599
9.02561447
2.24014642
2.47344865
2.09022780
11.45970745
9.06654781
2.17904136
7.72144046
5.63345114
1.24257155
10.74585848
4.55101652
4.73546349
3.15906776
3.62805449
3.32963043
6.34058234
1.50028106
4.36014309
2.20203651
1.23752853
4.11982076
3.96317168
2.22146353
7.90740214
1.39203388
10.22600288
2.41381809
0.63055462
0.01219940
0.20533668
7.67456102
2.46577488
7.94019046
7.72816877
4.96330881
3.77039589
0.54758713
4.17936710
4.94563290
0.68595274
2.87643534
9.05803497
2.44626794
8.65120235
2.22533383
5.67787041
1.50867714
0.97656250
2.81944786
11.55790895
5.59872756
1.73872894
7.27395958
4.50115858
0.95925684
0.58135207
0.21058919
3.82804897
2.87374833
0.78685478
1.95678095
3.06479216
1.61261324
1.20344782
2.12252050
3.09342960
2.61702730
2.97750797
4.31376440
1.19630444
4.22419673
2.10306364
1.21193373
0.39652067
2.80249531
3.91752106
6.87864950
0.98849741
2.02961727
3.24834081
0.29785773
3.54317722
2.43577072
16.78466797
0.82506801
2.11699440
1.46245831
3.74789312
3.40475745
4.85493808
3.80827335
4.40765888
5.08484901
8.78483585
9.15407303
0.26470440
2.86955265
8.73058563
1.42177845
2.88735954
0.04176850
6.56224540
3.44343092
1.29065443
4.52484638
2.85972722
0.65630794
3.30026776
3.01843417
6.96190298
1.62419686
4.64318387
1.33843487
0.62839853
3.71433417
4.86155197
3.69921875
0.53287232
0.06042815
9.16076522
0.26122171
3.38687641
8.14703291
1.67116841
0.92197709
6.88601431
6.44851431
10.15348633
7.67698845
6.20254017
0.89697266
0.58636089
4.64023881
0.95469623
0.42019185
6.58984375
6.06704704
6.73143423
4.21573485
2.22320049
5.73828125
4.34068193
1.12380139
4.21693345
12.77733763
2.45782580
3.82172138
5.19475039
4.87285309
2.41232103
3.59796959
2.35080146
7.20888997
0.90641574
2.07901852
6.42253903
0.49981567
1.76498421
1.35644531
0.57856587
0.64172491
7.19761677
4.26504786
0.43600441
3.65705099
4.16369709
2.79429535
0.56543523
0.29638672
5.30975233
2.74544866
1.22832253
5.25768520
0.26445534
0.87609762
1.55709940
9.08734638
0.23684685
0.22740054
0.93804040
0.95616661
3.47368323
2.16133914
1.35857401
0.31054688
0.08220928
0.11442726
8.10879356
1.35485587
1.03639454
1.45723972
1.69631981
6.75172928
0.26524864
4.32671612
0.05512997
9.00076809
1.48046875
3.77679951
0.11313996
7.12055453
10.75241087
1.54815059
0.03912869
10.07835966
10.25237124
3.45827564
15.04802928
0.93898741
7.91489209
11.03931710
1.96045476
4.41817522
18.64472358
2.31938206
6.46906610
1.42739860
9.81185921
3.04969276
4.43609112
0.97057583
1.47821060
0.20238489
0.49205528
0.30460356
9.12929030
0.89826193
2.84376718
5.71130437
5.95570534
6.59654844
4.90285724
1.94592434
6.08747583
11.95393527
1.46343487
0.91943359
2.04071552
6.77343750
9.51452122
3.71615608
0.10611461
9.06381233
0.97829178
2.11946102
5.79279283
8.35395151
1.13735927
1.52680948
6.28169769
0.97569885
2.47723404
3.47905987
1.87837177
5.26668343
2.65775543
4.25948388
6.26399940
5.52432001
5.12896990
2.00976562
3.50382225
2.10134640
6.75640362
1.15071102
9.81576761
11.26556135
4.62570812
3.00780667
2.44921875
11.83073429
3.08344013
1.72217285
7.33010888
0.09930420
0.73073318
13.70251427
1.34935547
2.98741661
0.08841264
0.54150069
1.69496135
5.72050075
2.83735566
1.76821892
10.81800823
6.28527143
1.39412642
1.89453125
2.05468750
0.75210564
4.41944343
0.93418007
1.54728585
8.98168454
0.78320312
1.50585938
1.03903355
6.27702765
0.36714082
3.29732269
0.16368497
1.46568657
0.66085515
2.80801446
3.07898964
7.06057513
8.12985455
6.40894046
4.21138519
7.50736373
0.45616277
1.74270376
5.34375000
2.29508207
7.47515362
2.91937871
0.43172349
3.00883734
4.92386747
2.08943664
2.55734043
7.47833610
3.70866398
4.86577862
6.99349983
0.17102051
2.47059120
2.66655987
0.82714844
7.10156250
1.65364071
4.13492582
0.47516131
0.02456665
1.34540223
3.13033622
5.73123684
5.27555082
1.29862180
1.23496537
0.59401443
3.97842981
1.36032545
11.79764309
4.34765625
0.62250263
4.21401416
1.20992589
1.44867451
8.80981383
0.86721610
0.65548960
11.16073983
2.85648714
14.45312500
0.32069807
2.58889482
5.70777787
6.65970856
0.94202183
8.28125000
0.13081356
4.25281776
1.00206505
4.75315353
2.40103142
1.02452599
8.92405197
2.29400325
4.72748113
0.16681416
3.31134541
6.85354852
3.10617319
0.99926266
10.23681945
8.57383934
0.35597732
3.81233980
15.54761564
5.03624474
0.38110352
3.52510091
3.05229166
14.54708714
2.59828845
6.73131123
0.90356632
0.81721576
17.27513027
0.03386421
7.62775918
10.11078526
5.82593944
2.58831175
19.44730282
5.33419749
3.27289326
12.44592173
6.68028320
2.07605669
4.39398701
3.35822884
3.91136345
5.40625000
2.47742714
6.74173981
5.94358322
8.36007265
3.49269026
9.21420940
2.43372680
0.64205459
2.49358749
8.60375082
1.32346603
0.99408466
0.00436276
0.00953163
1.41118877
11.60796612
3.62250263
8.56960806
0.86528265
10.53038536
5.71875000
9.57671612
0.01400250
0.66986591
1.30659076
9.66340024
7.97624210
6.32421875
4.93994141
0.80528770
7.12519310
5.70504523
1.40391283
4.71549313
1.46539478
0.70936073
5.36648383
0.93320894
3.73956283
4.94012467
7.08773334
5.65855351
1.00675476
2.98828984
8.04404865
0.46557617
6.59695396
1.93870072
8.14921418
0.45370124
1.54254838
1.75910766
11.19480330
7.45158452
5.10407275
9.94811738
14.26000665
1.67694911
8.85335757
2.85117631
4.05436710
2.40570576
8.74136005
0.18643028
3.45984901
11.26613849
0.23344948
1.70616661
3.63287491
3.60537074
7.30270362
4.53464276
11.06672665
1.76964317
5.21854264
2.95941558
7.55718487
1.04372147
7.74473924
2.77002112
4.58452862
11.04828388
6.10108981
1.30171013
0.89821531
3.84938553
4.61827599
8.08238731
1.28654976
0.15272534
0.18444824
7.95936949
0.02817426
0.45727539
8.95351549
12.90240525
3.73565229
16.15436060
6.61958360
6.04094231
0.71685176
2.48741661
11.91305269
4.37850717
3.89648438
0.81967396
0.66975665
1.18543495
1.93751538
4.11609901
8.21311447
4.20453388
7.28010431
5.04693221
2.42306003
6.45421349
2.23459885
17.91544569
12.07402059
0.92196828
1.39518561
7.21106480
4.55468750
3.04796993
0.90081650
0.78417969
2.61580798
4.76296598
3.42882286
10.43174147
7.99026513
3.64107845
0.48964933
6.63010720
4.56688631
0.35085806
2.50301086
5.71247368
3.30882189
4.09598408
2.94130541
10.21490955
17.91012391
0.01127106
2.56944786
1.75499474
6.08292879
2.06137862
4.38345329
12.21817009
16.33831616
7.89586575
6.28938719
22.00324579
13.47122022
3.11628352
20.44006386
5.49820922
8.03281693
9.87740082
4.00160627
3.43033051
3.14032884
0.60020958
6.31414795
2.90429688
1.58777870
2.96929854
8.99592642
8.74139669
4.97355593
7.37609278
3.02229679
3.35896020
6.53073436
5.71068290
5.83010888
4.60758422
15.60412137
4.56672665
13.60624114
1.84375306
3.82839248
10.15379772
5.89261670
2.79015099
5.07357796
2.84125263
5.86403397
7.44454441
7.76786777
1.48062680
7.67187500
8.99987270
3.65825286
13.47457502
5.69553635
0.74313331
5.58683289
2.89664672
3.54194177
3.34054819
0.70604700
0.01520291
3.04578651
3.11587517
5.94060633
0.60318647
9.82413731
0.33112075
11.48725641
1.01437632
0.07332367
0.58246599
4.57111426
8.64592433
0.99609375
1.92003297
1.23473681
13.00435394
0.64843750
0.32215370
2.92399802
3.02978314
2.98882549
7.89075659
3.05775003
3.14408356
7.75998947
5.47957336
6.25402427
7.48396734
1.29364521
2.56422928
5.80654408
1.99923191
10.72976646
15.30366052
0.00783731
0.78908756
0.97263942
1.04905197
6.69113413
0.65607443
2.51114805
0.63133353
3.97492977
5.83922014
4.13327699
4.91921636
6.54687500
2.35169409
1.66990220
1.71621080
0.07700209
3.59547928
11.57147577
2.74467337
1.92851784
0.79623421
12.55186974
0.34697979
0.80034893
3.99090093
8.75356009
0.30143742
5.68641151
8.85156250
2.14952599
0.00689568
0.89979042
8.52432486
6.70880915
13.82669618
3.27486632
0.83388260
9.54176834
13.86052928
0.11686742
0.64817307
2.16483551
8.26742437
14.28917716
2.87036998
1.80175781
5.37666778
8.16521249
6.39734901
10.51328537
2.67626762
2.07742271
12.81160461
1.67281652
11.80933002
0.05437341
0.40793869
6.48046875
0.00853660
6.92884184
5.68554542
5.09362055
9.00781250
6.03080231
2.87300899
0.49278500
5.93804424
12.50103128
4.93006510
1.16688026
6.32895889
4.25307236
1.34788010
0.21104388
12.00992368
4.16707336
6.55392800
1.83996246
7.90778618
4.83830757
6.78869099
7.39412359
4.89366263
2.37022593
8.49457613
0.92144268
0.56287636
2.45841797
1.16948097
4.87090065
4.97733948
0.33482859
5.75286638
0.18637093
0.67437237
13.38625464
8.47164430
3.45044021
11.18484466
5.13303136
1.62051945
0.33558144
7.58968363
13.93368988
16.37731148
5.69919651
9.79721292
2.54601036
4.13868905
3.07378463
5.87903355
0.34001164
7.13172401
2.03016151
1.54671480
3.21500395
1.06663010
0.03597675
0.41388478
3.09461464
7.39843750
8.12000526
1.69518520
0.40648922
7.69661126
4.01150848
2.14724125
2.10291126
15.24410987
5.78259308
7.37637706
0.58182752
4.35533286
1.30947376
1.08518908
6.36077959
3.36664755
6.73304537
4.19394794
7.61711741
0.77539062
6.19737506
1.83842198
0.86225302
3.97169077
3.81829341
5.59922426
6.69992534
2.93679341
4.54579940
11.33951047
3.95562237
2.32329483
7.95968445
9.69379100
11.39811779
6.01453651
4.41266512
5.66264212
3.19536846
3.45366924
0.05187465
1.83595288
15.23905364
0.57652912
4.89111273
2.86745193
2.11981217
0.35310360
9.34608587
16.33733197
2.11003366
6.35444177
4.24609375
5.04845198
3.08981584
14.00119792
1.78577127
1.00512633
2.96828592
1.09038799
4.63396678
0.45969159
3.45584622
5.83984375
2.19691310
4.52497506
3.65693872
3.49170388
0.87472788
9.63403549
3.41465730
15.81479998
9.16411541
7.12218224
1.42551557
3.56318262
3.04082253
7.65903701
6.18285516
2.29411444
6.80772911
9.90755735
2.99260943
1.60570666
4.72153341
0.88547007
2.69734383
6.73787497
9.22349014
0.55170724
0.53639108
11.90227366
8.61142467
4.20959442
0.34030190
1.65235663
5.38171113
1.48448692
5.02363060
10.17613240
7.95844013
3.94851646
5.79475953
7.45290115
3.05164589
3.57834885
1.16837461
3.84896128
8.08423828
8.72168647
5.09360123
2.14734901
5.94518520
1.55419853
2.71148243
1.54946892
2.48613503
11.83837337
0.84245858
1.30327862
4.70413274
2.73314342
3.70405329
4.34579967
4.87506365
0.89111328
3.32450161
3.57014157
7.22198471
3.01498421
0.92480469
7.17795822
2.76171875
8.67578125
9.27667972
0.70491810
3.04341644
1.76063026
8.70376579
1.23482269
1.70928940
0.74128227
1.68239334
6.77156022
0.19414817
18.21254807
2.10180851
5.39886982
7.26421612
0.28756968
3.20382944
10.93461859
0.04181170
1.01155228
11.07784893
1.26703388
1.81250000
14.36891678
12.41623947
2.81835938
4.43637551
3.26990303
8.24910461
3.03105690
1.36925255
15.02234901
4.05078125
6.36001579
7.14062500
1.35666916
8.40970856
10.38434868
9.84849014
15.92120346
15.57296792
11.00905350
5.41522217
2.26703388
1.70714117
13.89340411
0.81350856
3.55082557
0.44916279
2.89155329
1.74502514
0.53362325
1.63513090
9.42481577
1.47547401
11.25281776
1.84679161
2.48529006
8.13703915
3.03539728
1.06384128
4.33529671
5.30938019
5.80848183
3.19675075
9.31551224
14.08684577
11.33646388
7.71091173
4.68750000
11.15535461
1.18221562
3.57172138
4.49149809
0.22144850
1.21056479
2.94662767
5.59003040
7.62071615
8.57760721
5.52741599
1.75050276
0.21735126
2.57427471
2.73946628
3.48632812
0.23826096
0.70936073
0.89387508
0.04957584
2.67382812
7.66281527
11.33931599
2.93492104
2.61120941
0.95098557
6.86483031
4.54923219
3.12695312
0.12207031
1.03879038
4.43435041
2.56145584
3.13390099
4.98155724
7.74573762
5.25535087
5.32512273
4.57532012
4.27924465
7.16393950
2.00425310
1.80664062
5.63655571
3.76751731
2.10959885
1.96980774
14.49489944
7.54646734
5.63812763
4.72406513
10.14485165
1.40962364
5.71290849
3.35718390
2.32970052
2.75482810
5.34515888
0.18102013
1.29492188
3.21303725
1.68735338
5.03855760
1.50722892
3.24256372
2.14638242
3.03499390
1.19143915
2.17802187
7.49988558
3.07920060
6.38326019
4.72569786
1.04653923
3.61939952
2.56073568
2.12836201
1.22102352
5.25683594
1.37136308
6.12461381
13.98921655
0.98278930
2.91930539
8.26421612
3.93500263
2.16094163
4.23004958
0.09569805
3.73154090
6.24511815
5.84842434
0.91083763
0.45990006
7.94208140
5.79056433
8.46234638
1.08516941
6.10152695
0.06261281
0.57404872
3.34960938
1.10316448
0.07809979
0.00033760
2.65281908
3.20039520
2.53217185
5.65465232
10.76472532
0.00876239
2.15842847
2.93805920
0.24182129
10.20523832
0.78841402
3.15095821
6.52349041
1.17686974
10.49817909
13.01139835
0.02314754
5.08444426
0.20266511
2.98901367
4.20811974
1.25887024
1.10441101
6.10918620
7.95350690
4.48623158
6.22701019
13.19321712
3.76131676
1.42632549
1.12640888
2.55644366
4.81812402
0.64312237
4.80263424
2.19458858
9.92686974
0.28453575
6.24539146
0.34090211
0.90500132
3.09954573
2.55577599
9.47092697
1.29254706
13.36312818
7.18660461
2.15295933
2.13534169
2.74292377
3.50845329
5.46606812
0.71346687
4.43434976
10.34910765
5.98328651
5.90272780
5.17040247
0.00637062
0.44213867
7.09683220
2.52561447
10.32031250
1.29796349
11.22016747
1.91459815
0.44827927
1.54560699
3.54725663
15.40626388
9.47653239
3.02146359
3.10546875
0.57313148
7.39030460
1.62479153
3.39896637
2.13157150
6.82194523
1.17317196
16.69889835
0.37627666
0.69838755
0.34458120
5.41688026
0.00863521
1.88122102
1.73407960
4.68461214
4.14062500
7.12404311
9.58224582
1.03868559
2.31576546
2.48168454
6.11329843
6.20810256
4.77299410
10.72755014
20.17597435
4.30654837
3.85416750
1.74595139
0.82165854
0.87083486
3.42355857
4.85123216
6.19270999
2.79069952
11.80955064
9.48446663
7.47515577
0.04767646
1.08452862
2.84911847
7.26209773
2.38101903
0.44758380
3.37382785
2.59601064
2.43744279
2.61641082
15.74077862
1.21873462
10.89779671
6.64170334
0.11778854
1.14707474
3.50890099
5.51938539
3.65524587
2.54021249
4.05215831
0.05208974
5.82782857
9.84404643
4.39479444
0.02451709
6.30468750
3.84596756
16.07244239
1.46597932
2.95838409
4.32377106
4.93342573
3.29989153
4.16047665
4.25698866
1.96675608
3.91554147
12.10889226
11.85576948
1.74973861
2.91552430
8.41854804
4.40848847
3.75672401
3.66601562
10.04796349
9.86603751
8.84292146
0.57715578
11.81272607
3.57620968
12.60474293
4.58203125
0.05407208
1.56214598
4.61803995
4.20850593
5.17430657
1.36339317
3.47416168
5.71728820
5.58816739
3.72428898
3.54492188
0.55122158
0.32979007
8.20033799
2.48380001
3.40650889
3.38223321
1.86721825
11.53510763
1.05766581
8.17968750
0.69395958
4.32703651
3.55390350
0.26177033
6.08875526
4.36545822
8.11127237
4.22196787
3.17474997
4.40074177
6.54623421
3.29882812
7.81999640
2.83516511
3.02843224
2.49663282
0.65643837
1.09514849
14.13434868
0.26438892
0.47513332
14.68393655
9.67445174
3.27404754
1.63426751
11.23719276
9.89373601
3.81156596
9.43750000
8.75922138
0.00783916
2.43772385
6.25563553
14.59391789
6.36609901
0.38468937
5.20594276
5.10558067
0.89723709
3.44640099
0.83311974
3.71004502
3.61763228
2.62244542
8.68800490
5.13083507
0.99839158
1.82128906
2.15463874
0.36129128
3.67427582
4.90810658
0.00213940
4.39844360
12.05370484
1.45178192
8.17686974
6.90900197
17.23437500
0.12676495
11.39907829
11.77159595
4.00157711
4.74109901
7.49609375
4.97579441
3.35255444
5.53688553
3.77337600
9.47525592
4.64589933
4.69249474
0.03195190
9.70094803
0.83067833
4.05768110
7.40219636
4.98279207
9.17743614
0.75668343
4.90234375
6.53253158
8.96605954
12.31553877
12.45841222
5.09846514
9.17152240
4.97393354
5.66713057
13.09439079
4.99740693
1.23805656
20.29995595
2.76184730
1.15071102
2.25394067
3.83381774
6.48752604
1.33582807
3.63671875
7.28723775
0.20786929
11.67174770
0.34416203
2.54066986
1.03427624
1.96267107
4.03347105
2.63767994
0.61834569
4.13313290
10.95081214
4.24365719
7.68324329
8.31237700
9.44684439
4.40625000
7.80436710
1.48468002
5.15421321
1.88568318
3.22867368
6.67936710
1.42902940
1.60607089
0.21097809
0.85980529
9.06007092
2.19140625
1.59157303
11.31745907
2.45407112
3.63031513
8.66265362
9.87504586
3.32225481
6.39997153
5.72791632
0.29132251
3.14734901
1.45105621
7.97705452
1.09592697
6.92649643
3.78834732
13.38204441
2.93871510
6.23729000
9.71016941
15.10893667
4.64870498
3.41305338
18.79188026
4.10111481
7.65701809
2.16756040
1.40059051
2.26432056
4.44962780
7.77983620
1.41819260
1.19411209
5.57978710
12.52004612
0.21999100
8.33491911
11.80028441
1.47449703
1.77929688
11.18523008
4.32070922
1.44391899
5.77381510
0.54596977
12.40516151
4.99359638
0.81563816
2.76476036
3.88931282
6.44031776
6.19595329
7.09901651
8.45307707
9.89395626
3.16572598
0.58430477
5.53651084
9.01371509
7.33606050
3.67757418
0.87169790
1.08380485
3.00669326
0.69857134
1.45136175
10.99013783
2.00020847
3.05311842
3.96856387
4.69294243
5.75621911
3.13285863
1.07679881
0.11316383
1.05340592
5.46504544
10.29166343
0.76921833
5.75625776
2.45618517
3.28342697
18.17217278
13.18225574
3.01290095
1.66553572
0.24091084
3.62761581
3.36055352
0.39599609
9.72976646
6.66664471
5.83272495
3.42709358
10.49091451
0.36151263
4.62737007
1.23253380
7.05057030
4.25819869
3.87465315
12.71824080
8.54126163
13.23507222
4.17719857
19.34034865
2.68055214
3.34842434
11.77555512
1.26133041
1.10764572
15.82204178
12.50781250
2.30937472
8.22014600
3.55945839
16.32586797
4.09466395
9.23462960
5.99001053
12.55273438
7.00466927
10.51169122
0.69203399
2.65949385
16.57882798
6.42745761
5.79345509
7.28094387
1.78070576
1.04301445
2.59298191
3.19427305
1.90708097
3.03398839
3.22079787
5.65765888
8.16563304
5.39745484
0.71305546
5.59605857
5.69403092
7.65983585
1.16797603
6.01000803
7.27984112
2.74554951
0.03921509
8.20286376
0.71005844
9.49197585
5.25629488
6.95446808
7.30270362
6.16636677
2.18327335
0.43212891
2.60434951
5.34893569
2.99538931
1.23046875
0.59668582
7.85621537
9.48936974
0.00637817
4.69705896
4.14842032
8.75539381
7.54562133
2.09351611
16.59375000
6.35808060
0.24458637
0.78334580
8.62844997
2.49257120
5.90021540
3.48645542
2.72613129
1.63929618
8.32261677
4.49750263
7.57925407
5.44183899
9.92395473
8.79176861
6.91297401
2.87890625
0.58447266
12.03038536
2.70898438
1.16102089
2.94531250
2.49436447
3.69140625
0.15527344
5.66370388
23.44748088
4.69989098
3.73709622
2.34581505
7.45062763
1.97167934
0.69433628
6.12320355
4.34023132
0.50007626
9.12786694
4.64480053
4.16859610
12.14651513
2.37424728
6.58203125
4.38735954
2.19163010
6.90419534
10.77700119
9.56343237
7.87913010
7.41447446
15.11069232
8.12449080
2.64276693
3.00445049
4.37715083
4.61740851
11.63137141
6.70626316
6.41233322
6.43430034
0.61186253
5.14306807
7.40566350
6.31793246
3.28676820
5.64798981
4.31891899
11.88358489
2.81688470
5.71196019
0.90074162
1.47825119
0.36840820
7.38409408
3.75384475
1.29586660
9.70900654
3.87208569
11.03633114
7.49216465
3.30227878
10.80430131
5.82876579
1.73178108
3.49628685
5.97765099
9.60460841
0.02817764
11.64062929
7.56519046
7.45393174
2.55291528
14.23284741
19.53459414
1.91314134
3.69031776
16.55832558
3.93491966
2.55244903
1.79341644
1.63537137
11.31187458
4.33843487
2.23101299
9.09294909
0.42331670
7.62262993
6.25832599
5.91105164
0.89702418
8.01316766
3.40661403
3.17248650
0.32508442
1.09525543
2.44934605
2.10706499
3.55223154
7.64369667
2.91435283
2.40445922
2.52878338
10.51997894
4.67385888
4.36577862
0.54611460
2.50472297
2.91318705
3.35521415
2.69992104
11.61937306
1.72407192
6.92043897
4.05503504
11.52907303
1.99364680
6.46317597
0.58051044
6.94973654
3.12766401
1.48311558
1.71311877
15.48168024
3.86469013
6.02234901
0.74547138
1.71629017
1.87965897
5.17985130
7.94959919
2.64722171
4.62327072
0.65414436
2.88021858
0.03115334
0.27601112
7.24757134
3.90983294
12.59443803
7.94846492
4.09772205
2.00524933
8.17046612
9.19031776
3.87804161
1.51418966
4.00127514
1.15456900
1.44086201
1.28765362
14.94313553
2.56749474
10.13595281
8.29989230
2.95391525
5.06250000
2.44422401
1.15069565
5.12503297
4.06118544
6.40624626
1.36103668
10.15074177
7.48642467
3.10710148
2.54328915
5.05122894
0.31056717
1.21702072
8.61949607
6.19729638
9.89961326
1.51102144
5.09829704
1.31771858
12.57261052
9.16957698
1.20008339
1.67546085
0.75282921
4.92969207
18.29695936
2.05170310
8.67904671
3.30173531
0.25088715
1.66827377
5.21997008
7.39420656
6.50301086
2.89920067
8.33043357
1.06289727
8.14524213
4.11756510
3.66152510
2.80950271
12.01069391
5.89631988
3.79589844
4.06328673
8.67515472
15.13147739
4.14266455
1.59059647
8.19357969
14.80664415
7.10949707
3.17667027
4.84590259
3.83346590
2.73019199
2.58025370
17.34412045
0.50493877
12.42751053
1.74460945
2.93768180
4.85508256
14.58225510
6.61027527
5.86923717
3.80578847
1.33140319
0.74834206
3.04764309
1.37359112
0.08166504
2.28221548
0.66963746
8.00287927
1.80728142
3.46919769
12.67370443
1.83910281
0.03234863
0.81308428
8.66201712
12.91175393
5.53470426
6.07172138
7.52311710
2.95898438
5.65157566
3.50966908
0.78662109
0.39815504
4.80665849
3.18381760
5.10764572
6.95056613
2.02945493
7.55078125
10.73476549
9.05929175
11.33680222
7.81104530
13.54210411
7.22720329
6.80904144
1.90668232
0.03927105
7.23962648
1.20317224
1.60534678
5.48689882
1.76795324
10.10693484
4.94640099
8.30273438
4.59439079
2.58027122
1.59182763
2.96484375
2.86155197
0.16798904
0.92844650
11.02126053
0.91623947
3.63194288
3.05642176
2.49094637
7.00916555
1.45214844
3.39843750
0.14794922
2.09512706
1.33517048
2.39020806
7.32684342
7.49802901
4.48775487
8.32411722
3.50541666
2.08420822
3.48498220
8.81317438
5.21138519
10.42394005
1.32280603
11.38223536
12.04794922
3.02070118
0.28857422
8.74571739
1.61917365
6.44869237
3.07986501
0.06003248
3.11395279
2.75867714
1.43267620
3.35560008
14.11968084
7.82641788
3.91368614
7.87391151
2.03993753
6.08463015
2.95832821
2.85569260
2.23024713
11.21288840
2.40698734
21.35104901
1.71788536
0.52971382
3.74317944
1.42024227
7.66265362
4.13921612
3.98787650
0.82852975
0.55169351
2.85772814
5.24998926
2.37035641
1.19926702
9.71478225
1.37919160
3.68700369
8.97966132
4.07945881
6.75627808
0.51968269
3.09797665
6.75659671
5.57370526
0.51045067
1.45582225
2.44748947
5.22265625
1.75390625
1.94683331
2.67480469
4.09125263
1.73480732
2.61241661
0.03973389
1.72352089
2.85383602
4.34515888
2.39834095
4.16297401
2.46628768
4.27546750
1.14571628
10.27561447
0.54454552
2.46181740
5.72048357
1.65951116
0.12608256
1.48230566
14.91034935
5.15964276
1.03461630
4.04643839
1.64754267
2.68616190
2.60156250
6.01498421
11.68532303
4.65369113
2.08286084
0.69048734
6.25810069
4.53906250
2.14366661
1.03872673
1.41721603
9.37838279
0.58373975
7.70031877
2.59874474
6.74730524
2.72550476
3.52257286
3.56102962
3.83609555
0.98275765
8.72656250
0.05041242
7.65029408
0.99725752
3.42393111
5.12318131
7.19748947
0.01055656
6.68885459
1.61528867
2.98296612
1.64257812
4.50032040
6.65714968
1.73633671
6.29346936
3.34483849
13.14126579
3.00630707
0.97161264
3.63114902
1.65726839
6.28147385
10.08376053
7.08561710
1.98687237
1.32692459
5.03932569
13.29597961
2.01062167
0.10779823
5.14581360
0.37968895
5.71548454
10.73501579
2.49274712
0.48878858
3.82840606
2.49663799
6.95710479
1.28507508
0.58398438
0.04005813
1.36495931
24.16136774
2.78416002
20.11729942
2.69877106
8.47809868
0.19654335
2.74609375
0.57324219
3.09765625
3.91405537
2.60438740
1.92285156
3.95312500
8.98741661
0.78823845
15.40442696
3.06413273
0.15231930
0.22255863
0.05810547
0.93164806
0.45273091
3.08084622
7.11577862
0.17457069
2.92971451
4.77623594
0.40857179
17.28783675
0.49731950
11.65330494
2.88207516
10.56166826
1.30904574
1.92030163
1.72140971
0.16307862
0.59753681
4.43705231
7.75826019
1.68945312
9.69313553
9.72656250
6.00608322
2.62454224
3.92725593
5.80244473
2.08352162
1.29436226
2.54338569
7.22854638
4.07031250
6.43000790
3.36600247
0.79789934
2.95372216
11.20248421
8.63216741
4.08529671
9.49218750
4.87500000
3.53320312
14.69422401
7.72778258
4.15150986
1.45273881
3.88194786
8.35655724
1.91601562
0.01909118
8.27279671
6.52663931
1.36593882
0.07940166
2.85687763
2.03851826
9.36274061
2.30045725
3.84125263
7.09352615
3.85327391
6.28366869
0.24427160
2.50087074
3.15891040
3.34375000
11.81928981
4.26030987
0.06833939
7.71435894
3.45924534
0.35398361
4.19595329
0.29557804
1.66835280
0.75808462
0.04608848
2.25311170
14.61884669
8.70248421
2.89221486
7.51922297
0.78839955
13.24525127
1.84732048
0.60782344
1.09477269
11.05315132
2.88607796
3.85412567
2.38255683
0.19859995
10.83148632
0.42448498
0.64599609
2.87233960
20.00112422
14.01780197
2.61545822
1.77337745
6.02756399
0.45835619
1.39432278
5.14312237
4.47424285
7.16105164
2.73681516
2.62582530
2.95757549
1.12847393
2.50845329
1.22815956
3.85482796
0.08663410
0.97979506
11.65973079
11.42691115
3.96929424
9.36078388
2.13659145
3.17254654
7.43769310
0.85088112
2.89062500
1.08927118
3.40944537
1.32747562
3.05468750
11.29687500
6.12077335
5.82908619
1.93532303
4.83350378
5.29194391
2.98178108
2.50175855
8.04981577
6.07383256
3.52490234
4.81141151
5.63236481
13.50755790
1.49450715
1.94684868
1.29466049
7.07659311
8.88484929
6.03284768
0.72710674
0.49428050
0.12015535
0.66958610
12.76350386
0.77187624
7.93439450
2.09883906
4.14280197
7.01729262
2.42837087
1.71191406
4.94867451
11.20876053
6.20980254
0.99268167
0.55219334
9.50088680
1.74241135
0.92578125
9.66752106
5.15504959
5.41131483
1.63829676
7.30577599
6.59326227
1.64085813
10.53215310
1.15080757
10.45312500
2.57076019
7.00032469
6.80045656
4.79450923
0.42869127
8.21875000
2.41438290
6.97374474
3.62532362
0.23899016
5.12922665
3.62890625
5.41361481
7.73904255
4.80487201
17.02196497
13.37467746
0.50116981
7.99273174
8.24660232
0.65793869
11.07395946
6.95657849
3.50563553
1.68967697
2.29558815
4.09234112
1.07660419
5.16297401
6.82921349
4.93752987
0.19490627
2.46766151
2.74414062
1.96289062
3.14841426
0.05654179
5.71111204
1.35247645
0.80957031
1.46109486
5.50949634
4.66240437
4.43859278
3.18890459
3.52007549
3.54498809
0.42083222
0.01661678
6.18967697
3.87977089
5.48636102
8.17488371
0.23840332
2.35951629
3.37705535
5.12794936
1.10421362
10.84600690
16.68187649
1.50392619
1.62110470
2.82064716
3.08853142
5.15977006
3.55683372
12.34115539
9.32834954
15.49834081
5.84540919
2.75781250
9.06287622
5.79150404
0.92795822
1.91357422
1.81291694
8.38563026
5.65535323
3.74526124
0.37758900
3.59471119
4.47291514
1.97892827
0.05361938
12.31800823
0.22082028
0.05930580
2.57519531
4.42072501
5.57178288
0.62635292
7.10015362
0.53185020
1.98253380
8.31668662
0.64955064
11.93386553
2.36070520
8.83888256
1.77237976
2.85726812
5.57287214
1.60444529
7.67353419
1.81498199
4.30122894
4.45030724
0.00901791
3.80691884
13.14314282
0.14065821
0.95458984
6.53406776
6.07046108
0.00959675
0.06939697
13.09413619
3.01264240
5.16545850
2.71116135
6.11469013
4.85405987
0.03726196
2.60768631
1.86718750
10.34727220
1.81256365
5.99705494
2.61372894
2.40343224
2.74565326
6.37044575
0.60313927
4.15711464
1.89101119
11.60540295
0.42129447
5.23718847
0.32996620
13.22054507
12.41385514
6.48612034
3.63539783
6.94325853
5.18960688
1.06618320
0.60261912
1.55563331
4.06736314
3.79601036
6.73680872
0.95102705
0.20042931
2.75709560
2.33859645
3.34579753
9.36286216
7.02843224
2.16358835
6.51132826
0.44092812
1.81499737
1.15484112
7.89562403
0.49217088
0.27632355
6.04155987
1.17355600
9.36148832
1.59874474
11.91841683
6.60374643
4.31523908
6.30905003
7.39580424
5.94435775
1.46688698
1.34956076
2.44005028
4.71472075
3.74848598
8.31628110
0.34447536
6.21806918
6.12927097
3.61836824
5.11219276
8.59874474
0.37577301
1.75510666
3.50518783
7.29968494
5.04231293
2.60414852
4.01069177
8.03227698
10.60363794
4.54908771
0.34541455
2.09452069
1.43438830
6.33529671
0.01672363
0.25213403
0.48941496
11.85373947
8.36091118
3.05566406
6.70984901
1.20800781
4.46093750
4.15234375
9.10287414
3.80728211
7.04892467
0.13380444
3.53851826
3.53808594
1.69379169
13.49399546
4.06155668
2.25736481
1.01509613
8.87282303
7.58862796
4.72323124
0.13293457
2.53869349
4.44990816
0.42938740
4.37781776
2.58832475
0.31961394
0.73459885
2.67762245
1.59059647
3.62608849
0.79394531
4.81749474
8.85860691
6.46507764
1.86250311
3.27084358
1.98535156
6.54405724
0.10714207
4.29085543
1.49409235
1.36817898
1.64197307
6.40810658
0.15203350
4.29274490
2.08148701
6.09061184
1.73155724
7.25186517
1.11087184
4.52401679
3.63668370
6.46875000
11.49001053
0.55051682
4.86219276
4.41944343
7.79636151
0.83671543
7.45241841
9.75140888
3.96589899
2.36710882
4.60130790
2.59291611
4.63671875
6.48557541
7.93032829
4.89529934
0.18318172
1.39366661
3.62103225
3.68560838
0.98658309
0.05920343
5.03906250
13.17209885
2.16533113
5.92058483
3.32523714
4.62173454
2.62262993
9.04937881
0.08650574
1.16526291
5.28411431
4.76035987
2.08811447
6.02420056
0.00673923
0.28271484
5.74410420
11.92456899
2.61773015
5.46104333
1.23058067
1.05337517
5.30880264
1.87306183
1.25292969
6.89561974
1.87086990
3.80572200
0.97563992
1.65820312
2.51280724
0.02496338
3.53504640
9.00907690
7.51018257
1.68035904
6.38172401
3.25163702
7.84015985
1.04503380
0.47057185
1.73175961
3.23155724
7.46542304
3.12147565
0.10444653
5.48292179
1.38253643
0.89684744
0.97605185
7.75467434
2.42382812
3.22297665
0.38943997
1.60144808
6.00562694
10.65073748
0.55281447
0.49937566
7.99500526
0.74186710
10.36718750
0.02756245
6.27524116
2.30179535
7.68584081
0.57837530
2.71926349
1.76391110
5.41483059
1.55121357
1.89355469
1.50792442
2.10620609
0.01621702
0.72207114
6.25620623
0.74391927
5.08850067
4.77164672
4.77394670
2.91601562
1.59376538
9.09196351
5.38818484
11.38317766
0.77030287
3.31985612
5.95347960
1.75987755
6.31250000
0.74234001
20.67600510
0.90011082
0.84755970
9.17079283
3.50392412
0.98556918
2.62483835
5.23812611
7.84726714
1.24425255
8.07593321
2.72413591
5.07831810
2.74743898
8.66079489
2.98809245
7.68650308
3.84715495
0.38048135
10.72656250
0.12880678
4.57517779
1.56024400
2.44551384
3.37087489
1.59810631
1.87908355
7.95325230
0.06396992
4.94249474
0.97632228
4.35108045
5.12749737
3.26722698
5.67667664
7.56141151
11.66017467
2.85939785
5.97483322
10.79533882
3.23114029
7.32647011
9.54488039
1.13721472
15.36084505
7.43134945
0.46219387
2.43746357
0.02817764
17.95825133
1.79463653
4.57898826
4.50755069
2.50717171
8.44633948
9.78342697
0.28952065
12.70991241
10.06903092
2.24218750
2.81986481
6.30742409
1.39930214
4.09547928
10.35476646
2.93038979
1.14925386
3.51818602
0.36165714
0.29608662
1.09909439
2.00227352
4.83420822
0.19020584
3.38627106
16.86179611
14.98194343
11.10516124
7.18850981
1.91710411
6.45114112
1.81783480
4.10317198
2.75563553
5.57225186
0.30725460
0.90527344
1.35069786
0.34735615
0.01119232
3.93996662
5.12300401
1.18907905
5.65279144
1.04676308
0.01425171
6.54578651
1.61371524
5.00255166
2.30241398
1.67371620
3.81336464
1.24830362
0.16831221
0.34510292
5.35019656
2.54846479
2.46658896
2.05418329
6.74718224
0.08578483
5.83959774
5.78886081
4.39824440
8.06980330
2.19874030
3.04242021
4.30904144
1.84397385
9.07069869
9.97615354
8.55647828
4.36899477
2.75472365
10.50576283
0.01481625
3.34743240
7.91969803
4.45935699
6.22250748
27.51974067
4.76370668
5.17424507
2.58584525
5.75570132
2.94524241
7.07265736
3.20312500
0.96181236
6.32204178
3.20050033
1.61199967
3.07931433
7.12743157
5.04399359
1.15898444
3.98839317
1.28080231
0.75160198
1.04235871
6.56013852
11.40252826
8.89280197
0.08882645
1.59299728
3.60352326
1.96250083
4.99929771
1.45707738
11.26639309
1.03445181
0.71554819
9.22887536
5.37371412
11.40290624
0.13507331
2.43370567
8.29969276
2.70085148
10.45440658
1.66425066
4.41008616
0.02346291
7.39910088
4.22117651
11.55891415
1.42248289
1.10362755
0.01465858
0.06158447
0.78606148
6.19921875
3.45943207
2.15039062
10.25217697
0.73911514
7.28583500
7.09483128
3.23415115
8.66756195
2.08462517
4.05665085
2.33376053
7.63108322
2.89853405
10.31544506
10.23456204
6.65431904
0.95252594
0.32565997
4.95823845
3.51359895
0.57136629
10.39510195
2.93035904
0.52858475
11.89430740
11.24478502
6.95578540
1.98129405
1.87139877
1.71844498
2.50150543
11.21919769
2.59059647
2.36155197
2.25563553
7.98245692
2.04924077
1.36514790
17.53125000
5.37922665
4.19889835
3.12326394
7.49572044
4.66269794
0.43419395
0.29573563
1.90061447
11.65429688
0.42423399
0.19100039
0.21374512
10.18532303
0.27441406
0.74236635
3.21468424
4.48054348
3.13553372
2.21629841
2.65147911
9.56032303
0.09785910
1.43042054
2.01280724
1.84550504
3.37910433
1.85524490
7.16818153
2.46878075
0.15406682
0.57264933
7.97687680
8.22515362
0.01304878
0.68201698
4.92596436
9.51571489
4.87082197
5.76389572
2.22729877
2.79085865
2.95488288
10.45101168
8.97220856
15.38537567
1.67355386
1.46668495
2.74391678
5.66340315
3.42772218
10.05622368
1.25619515
4.60655724
0.37539857
7.80246011
2.04052000
9.72912567
1.44166085
5.61155197
6.24026160
2.01614631
8.21874571
3.64148964
4.74382023
5.68039194
1.19829046
3.28749557
5.70437154
6.41796875
4.81890362
0.01142883
3.05353858
1.03152820
5.76142980
0.68359375
10.26344803
6.72778320
14.96567764
1.03883865
3.13024933
3.31388243
7.86167498
0.64617811
8.47540392
11.97220856
2.18633034
2.30945839
6.40234375
3.05078125
5.76671349
0.07091270
0.13287861
12.64613323
1.06294769
2.51116191
6.39703291
5.52791445
10.44531250
0.28538010
1.84570312
1.57282206
0.56074315
6.81768783
5.91221022
7.96323748
0.59273285
1.54882812
2.37500000
1.07461540
3.23178108
10.99282829
5.89030460
3.95453388
2.39626053
2.51581810
17.06839013
6.73299096
3.36217559
1.29383339
5.00755790
2.11485033
0.76496669
8.62922665
0.17222092
0.43984978
1.74586990
0.77138229
1.89080272
1.52733946
0.87767260
1.40456336
5.62481258
1.03472393
2.69563290
1.44252763
2.42053423
6.42719443
1.97941101
2.11792054
8.87628158
4.75153618
2.91319786
2.38784838
2.34010763
8.58281472
4.10649359
5.85226694
1.67383349
0.20353765
2.57912786
2.85306117
5.57204178
4.78125000
1.20984901
0.46116135
6.08826110
2.62485338
3.32768038
3.47980066
3.94748947
11.38564346
12.08088383
6.05289457
0.10890963
5.08063525
2.29545323
5.05674576
2.23100440
7.20139572
0.03190109
0.01111343
0.37100212
2.27071137
5.72374474
3.91188553
7.25172928
8.12500000
15.22579441
11.56121842
9.60385320
10.14560256
6.99757487
1.16123829
3.22435478
6.72354949
0.61252085
2.94461021
5.01389572
2.84823554
1.89627161
1.94672353
2.76616710
1.74316406
5.59796482
5.41418980
3.60188290
11.89453125
6.48219803
6.24001053
10.23437500
1.93402115
2.16969803
12.58713791
0.43804916
0.16204818
3.69447861
6.61629211
1.89918201
2.88034588
7.63172401
6.73578388
0.44121807
1.44455978
1.83047969
2.00707516
8.73443865
0.71511587
1.77748933
9.53172484
8.28983059
2.93810020
5.11174507
8.19461396
0.18701350
4.91905724
1.76389572
8.09498596
0.27246000
12.42481577
0.99169922
15.99065561
1.10982725
1.56203586
13.38139541
1.48180574
5.40279144
8.24141941
2.13752189
2.79152482
0.39135742
5.77718723
0.58388629
3.06518900
16.30942764
10.73674292
3.62483980
13.91406250
5.35655724
0.00800194
4.64843750
10.97343078
5.06457367
7.91274948
13.50728183
2.79623670
3.36837253
0.92865498
3.45527122
1.34843972
1.76997894
2.56016179
1.48548204
13.42072501
2.86532663
2.94486481
1.00544243
3.01232879
2.78477006
2.32372320
3.03062915
6.52779144
7.19121745
2.59025640
1.58651679
0.86165406
1.57207253
7.18178012
8.24150376
0.63140362
2.25733405
8.86688043
0.65515929
1.43175255
0.30925110
3.90733849
5.05507369
10.26895626
2.64683054
5.75778673
3.58142121
6.72367894
16.68609112
0.10511514
0.08612829
5.22265625
3.16992188
6.35842240
2.14939010
6.06714252
1.76472940
2.85395473
3.06865331
10.21644143
3.47771249
1.10839844
2.55053704
3.53397620
1.95443733
7.82306876
3.30301972
4.67923981
8.20237838
2.83799645
4.48919158
0.71325964
1.03159526
0.51620034
1.87629696
7.79210411
6.43750000
7.03861481
4.93814079
5.59529048
3.21397482
7.23002106
4.12957779
15.78970329
7.47176086
3.96900460
7.19380814
0.40568931
1.06640625
8.15753588
7.79309175
0.68060810
3.65323665
9.09796376
2.59266151
5.67523808
0.11405841
1.63828319
4.17410489
6.52234901
9.55468750
6.72214705
3.76624612
4.26280724
11.11501053
8.44742582
15.81711069
5.23936974
13.87781776
9.29572501
5.47880097
9.11335993
15.34371454
4.18737270
5.32966118
0.57463462
0.29307683
3.53906250
0.35316448
12.19659838
3.74243780
8.28785101
5.09387730
1.02974028
1.38028438
8.20941311
1.03810221
1.36316288
12.66483059
3.31525197
4.66752106
0.86665863
2.85362755
2.94441711
5.31339539
3.51453866
6.71970904
2.14834095
14.83388143
7.78189178
2.27740594
7.66688026
3.80382286
1.88225039
5.60385389
5.41905724
0.56250000
11.03688553
7.04706810
4.67949440
4.87218224
0.72010292
2.01921085
0.44450382
0.40613808
1.00845329
2.88881947
12.46273257
9.93071019
3.14811710
5.23187763
0.00523251
2.52448381
0.55705916
5.47471022
4.54546182
3.63422353
4.21416899
0.05137761
1.13303635
6.74079560
0.10753711
14.56130974
3.80334227
0.90006254
10.54969276
7.71734112
1.54571324
1.62768257
4.20441019
9.20629031
11.34344990
0.84949745
4.38780724
24.18908440
2.57128906
0.44343563
9.46081020
17.83311974
9.66377777
4.75281776
7.14959608
3.55874751
7.32262107
3.94473321
10.99040960
2.69491342
2.47695971
5.25484167
10.02625526
1.58341368
1.82328402
2.32063290
3.44390362
5.24993850
4.05974374
7.44531250
0.02178436
2.40842697
2.43320725
2.37250263
0.40053268
1.09368420
3.53947944
5.98056422
13.09128446
13.31749474
0.05931603
11.44281513
0.06329346
0.09144588
0.20249436
3.39945520
2.24507605
1.38476562
1.27329483
5.53432236
2.12977089
0.22287885
3.40054438
11.25064079
7.39747631
0.15801495
3.84782074
0.03096851
0.30478897
0.31318692
4.48237693
7.33060090
1.60854111
4.98296612
7.88409408
9.07684342
3.90610456
7.37948401
5.21375526
2.06431076
4.44518520
3.05728142
2.07626842
4.97073388
0.01726280
10.97414381
2.27758547
4.35182139
7.06092808
8.36113572
1.04349762
3.47966776
0.12658691
4.45523832
6.66655987
1.68237555
9.52636968
4.38748684
6.71425177
6.34543047
0.03083797
8.46683622
2.43941378
4.45030724
12.88755264
8.61417879
0.07738028
0.81858322
9.29101938
0.09737906
3.42882286
2.63385517
4.54226431
0.75797270
2.69553635
0.40638222
0.91319786
7.05197142
7.65949107
5.69385545
0.10985684
3.18881233
9.73194343
8.52442944
3.52097088
0.99538162
11.20171612
0.04469303
0.89596534
1.71042401
10.77266941
8.47747382
2.92569398
12.45133422
2.00960328
0.31699854
8.97974928
1.77137245
3.87577668
5.22399504
11.33631940
1.86664326
5.30715304
0.05149976
3.94118240
4.76794626
0.05161353
3.27343750
1.06715897
0.11858069
0.14690194
3.37195839
2.29210411
5.86110428
2.94319454
1.80105801
4.32063719
0.98251413
11.78477220
0.72018195
6.66579178
6.44151568
1.15452321
2.50830078
4.32421875
0.39306641
14.15324558
5.09163761
2.73021845
0.25650571
1.72871980
9.47656250
14.08939606
7.71484590
6.61327910
10.84310921
9.34706526
1.31019143
6.08510361
10.10598439
0.50774456
1.89453125
8.84631317
6.46964539
5.24106757
3.70251565
1.34623199
7.40977497
1.71990428
3.85831726
10.77174549
3.07975551
4.29916570
10.81798676
0.15668232
4.58613060
13.65114085
1.74422180
5.96924631
0.25204967
10.10066711
5.96074440
4.31576546
2.73795629
2.82853113
11.64152039
1.12738974
1.33745401
1.44483461
0.75211062
0.56304424
5.57774095
0.13600416
0.42901611
7.73969013
0.18830045
4.02828536
1.25280239
0.10802700
11.23603848
0.47759502
3.42923981
2.89603668
2.24667304
1.20840509
3.18263256
4.33952335
6.19499210
0.01959728
17.61171432
15.86244736
3.38441877
1.55679438
8.77971382
7.31267630
6.94731317
10.64843750
3.91428635
4.00390625
4.51096603
14.88515213
3.20030724
0.30934647
0.23458870
4.47829178
6.75422665
0.29606632
14.57309951
11.91512045
3.65972926
5.35284408
9.01992036
21.05954635
8.30411818
1.60168550
0.65749100
2.57037830
2.27944777
0.26835082
9.17948360
5.88862180
11.39384613
8.70605289
4.30916874
6.63403258
5.61596742
8.47299992
1.87303898
12.74193290
3.77537364
0.24649755
11.49988129
6.75678981
2.56255291
7.68033259
7.47137037
9.17738752
6.57543024
1.37578097
13.82580784
1.20075493
7.12072688
6.80005963
1.06933594
12.23437929
4.04687071
4.08799694
4.38387093
8.26562929
2.19975870
3.81393433
14.39882369
9.51193276
6.19921875
0.01724243
0.28748573
7.29015099
2.18445839
12.56898314
4.51722268
9.40141761
18.47004427
0.26463637
2.25867714
6.33636234
1.69098141
4.48155724
0.04943848
1.73974609
7.29779560
8.30609638
1.60285946
0.43314114
7.63120364
0.14357087
0.24024014
0.32011262
7.15720260
8.99001053
4.72310394
0.23698921
6.37000526
9.55122894
0.68127379
3.49877992
10.92353723
5.83984375
1.47050573
1.36328125
9.97092697
1.75571670
0.13214127
5.25652093
3.03616744
6.98828125
1.01367188
9.51666057
0.36517536
3.29770889
3.63456658
2.25891594
3.60086021
9.31012339
3.59377715
5.53515625
3.34098820
3.81442760
10.01255264
4.08651249
6.18564342
5.94620789
3.83267204
0.02861534
6.58914146
5.95530197
13.81656430
10.94019046
6.68512993
5.86955757
7.26716118
3.55273438
1.33007812
16.81460550
4.10676030
7.90248393
14.38846521
6.86645085
6.81858322
12.72656250
3.43010444
4.34637467
3.81039312
2.85562251
11.47515362
9.57280987
8.11718750
8.56585702
13.15815090
3.03564578
2.56618240
11.22784408
0.41815201
3.42786950
4.10179992
1.91635140
2.69656585
1.35854111
3.02161639
10.18357366
5.61372894
1.40050255
3.02940880
8.37845856
10.46029671
9.31258478
1.14715231
18.38329455
13.57632065
8.59619986
6.71136510
3.22211201
8.84455206
2.64177606
1.76682541
10.37282303
0.41355393
0.22000220
4.39311378
1.06621530
18.89352789
11.90398791
2.12438996
11.44134904
3.18755721
2.37695312
15.46567764
1.22159851
0.47885538
9.15714110
8.24935921
0.04516594
3.00896769
2.51062444
7.15343224
5.97310394
4.21170864
5.83599041
0.73242188
4.02225891
0.35505028
2.09410540
1.47971531
0.87388360
8.77485497
17.64330688
25.37343307
3.17243985
5.96561184
4.83824177
0.53645321
4.38244808
0.03459500
5.23002106
0.39974983
0.97130333
4.60047401
3.98812320
0.32193539
2.30446365
6.73610428
3.28260051
5.47808580
1.79514572
4.97374474
5.36180872
4.44428766
4.05033356
4.59202072
4.43577072
4.37654837
2.28837876
10.38688664
6.67046612
3.20594276
2.24782303
1.00033577
1.88476562
7.15690091
2.53950892
1.64350406
3.69523091
1.72047928
7.13281250
0.54453537
3.38649490
5.42795822
0.46373310
1.82424091
1.25281776
7.42155460
6.30209227
5.75845329
11.70363849
2.54594456
1.58353668
0.59859223
2.34765625
1.40315485
4.60551183
5.85265099
3.65150986
0.37622070
3.80078125
0.04406285
4.97431973
6.26639309
3.18732389
0.18682162
0.24249775
2.99663799
0.89740498
10.38703915
2.96842960
9.05763686
13.52591520
5.37922665
1.43381760
11.27278366
7.76780135
11.40022828
4.05603058
11.23961263
2.90793994
8.50781250
3.10742188
2.33484901
3.34266151
1.70714317
0.68164062
1.39854942
0.01744331
2.24683864
2.31836720
5.85873421
1.28406776
2.31711838
5.75599159
2.97893257
3.83020542
10.24923191
4.39389046
4.14062500
0.00965118
0.04944862
4.48975593
1.66926356
0.55593618
0.88677683
10.10932707
1.78125000
4.12519310
6.08965065
6.57722961
0.07311013
3.39359527
1.02958704
5.24624605
7.85732533
17.55468750
7.37040005
4.32990719
1.07237755
2.42766789
2.20536846
7.36328125
2.56941711
2.76216644
11.68186447
0.01705429
11.20376579
1.94662483
9.20094803
2.05497714
0.63984707
1.01953125
5.17187500
1.95574718
4.98641179
1.33744293
10.16988898
3.15964920
0.17226244
1.39411431
5.20607436
2.24509752
0.14379883
3.93027108
1.84880194
7.74720800
2.61520861
7.52639545
9.57234929
1.10817459
1.94444786
9.73847435
5.25756864
1.95516505
2.06331740
4.15355524
3.38085938
2.22056580
1.61032081
5.86808289
10.09776817
0.05863441
7.32217337
7.59585314
6.33175733
1.10572550
10.66163093
3.82015015
12.36065658
20.37521748
2.95318567
6.65504633
6.49132286
2.65576172
3.58094276
3.14497078
3.18249806
4.72867582
0.11352293
45.79665115
7.43423454
6.09342960
0.75918080
2.40234375
10.18166961
24.12951713
10.02117824
6.74386662
5.36271277
6.73017259
8.05206866
7.98676999
22.96761186
3.75332863
1.98303905
6.96783955
0.59272800
1.39287013
0.38681325
8.64475510
6.38454178
0.56223557
0.16674805
0.30925491
1.76074219
33.49232339
7.19735358
12.89044494
0.63299256
3.83184674
0.23211810
5.40356598
0.99390511
0.53162636
1.87945049
2.86686710
0.39227802
2.24281839
4.58719332
13.60130790
6.08535821
3.53883865
5.65128334
5.61389129
2.87404096
6.00716956
5.48469540
12.76882896
5.77144933
6.01998324
2.80765348
14.03325909
0.50785309
14.48014053
3.84202854
2.14312237
4.47119141
4.08984375
7.03906250
7.40429688
5.31557451
3.16294112
5.18109638
10.49023438
0.17743427
7.92469276
10.71798191
0.71854153
15.10915115
4.64861564
8.02988682
0.17244968
2.23632812
8.61320921
22.70661362
2.61954219
2.19447501
11.11795989
10.02612367
2.78768866
14.45632896
9.42916971
2.27929688
6.57005790
1.66112173
6.05397662
15.84913093
7.93174147
6.15464373
7.69704178
8.64677402
1.71056668
15.97232048
0.86714691
24.93577072
9.84439079
9.01780197
0.10704552
1.60460411
19.14821365
5.81917110
17.33317265
2.65906776
5.86866218
10.27193138
2.05145348
9.80340592
0.61865234
0.04663593
0.11651104
1.35036209
3.29558199
0.17388014
14.59656776
5.04771748
3.76795324
7.84037871
6.91869819
6.18685921
2.02061974
7.79296875
0.52001953
13.16842503
1.99379626
0.86035156
0.04902099
15.51960134
10.16687951
3.65029116
16.99857574
1.99109901
3.36086997
0.37160295
3.52103956
7.20374002
1.16679909
1.12008644
4.02119903
5.27830064
3.82031250
5.02017204
1.34048477
4.91400100
12.08721908
19.07130998
3.19668509
3.97502202
6.33171085
2.31640625
8.84005514
8.05471963
8.03675393
5.66233322
5.70171612
2.39133159
5.29104638
0.95867935
4.83778696
4.67417927
9.37781776
4.11848607
0.12174831
10.18175740
4.99075285
6.71567334
4.25954178
3.14641465
4.06550227
7.52170822
1.27343750
10.68314606
4.10118421
6.50636497
23.63899227
4.69539118
5.63772856
3.21484375
2.20158882
7.08562784
3.77246558
3.66102089
5.15804293
1.85172270
9.27126053
2.93257106
1.60769185
8.14561974
2.27721645
2.84083569
7.13774573
11.29950181
10.57756504
4.56580978
1.05230206
3.11679584
6.01312763
5.55641678
6.05577599
9.73858378
15.22563885
7.77721216
3.90820312
3.50397205
1.32088749
5.98764046
6.04447349
3.13998490
2.32280987
1.91221999
2.65144476
12.72419853
2.88224678
4.81835938
1.77918495
10.83593750
8.01404953
4.13390099
7.31602989
6.83484901
6.06109112
2.62445576
6.13292442
2.56781513
3.79351299
1.15580231
4.19659408
16.46042401
3.57975773
8.20876053
12.25474014
1.43013519
5.42667664
6.03885085
12.13558842
2.21673108
9.92200230
6.74520265
3.16195025
0.41749816
1.03113808
5.39234680
4.96875685
10.78970329
2.37640459
5.75605822
0.74285329
2.66026791
6.69520084
4.92014572
2.46484375
3.10400391
1.83278397
4.56077072
13.40829967
3.75643866
5.18435969
8.52145148
4.26242285
9.36361428
3.50335986
0.93902849
12.18021395
1.90528022
5.17886220
5.73093362
5.23300615
11.11725544
0.56975627
3.30468750
2.18705231
9.01191185
14.35745263
12.61424244
14.91598487
4.42007993
5.29296875
2.56614667
6.62894199
2.92491661
5.05923454
9.35768652
3.28582204
5.31592351
12.78189079
1.38724762
11.37589539
6.28515625
6.90234375
0.03158569
0.68241848
0.49507175
3.98725289
5.54149975
2.82671612
5.94455729
4.06716146
16.67880070
14.61931530
5.06250000
11.40266844
4.40880672
0.11849722
0.45040378
0.00631718
7.56318374
1.40447778
2.11914062
9.44422401
13.23510227
3.88185131
1.20996094
8.96157829
0.28023285
2.83217143
4.02848515
9.20568817
6.35358216
2.21484375
7.52376219
10.96451906
1.35156250
8.43865428
0.44755589
14.80712766
24.82030821
11.05029851
3.50061004
13.57031250
4.39433815
0.26173413
3.25227352
6.52843224
0.88747147
12.28036749
3.18057001
2.01146415
2.88813338
2.34758470
3.13585411
5.68750000
0.00699871
0.81157940
1.75932527
9.95750684
10.15420033
2.06198651
7.66896983
1.37810346
12.52190132
5.11526513
4.92578125
0.02590435
2.57517994
1.61459358
2.13169077
7.63209303
12.90359334
10.11641082
3.82998158
10.16688026
0.66480967
3.70894933
6.03329967
0.56495678
0.00476456
1.43860878
12.81736744
0.14064038
10.79195652
0.45851576
3.80836561
1.83702599
2.81762384
8.24945380
7.35047401
4.60265099
4.24519836
3.74253865
0.97926834
4.26924950
9.22652385
6.95440658
2.90941891
12.89203388
2.50390625
0.03395592
1.30786071
7.68519143
2.40625000
1.88921654
3.83765098
4.20184342
7.07633637
0.04530163
0.77007549
1.63883110
3.18969055
9.01482332
4.36862997
3.99034638
4.64724693
5.23136414
8.72105427
2.25358585
0.00304062
5.71734112
8.50563553
1.78594083
2.89982989
0.00717545
0.83124778
14.41137204
6.43609112
1.61362329
0.44704565
4.52234901
2.11129488
4.44241606
7.28406776
9.98437500
4.32140099
0.32044472
2.44163010
6.59547928
0.23667404
2.52263374
5.97798676
1.26517731
3.11318470
4.21115082
2.66281665
7.56531776
2.68465149
5.28855691
6.48555214
6.91342171
3.85524490
4.35655724
12.75513062
3.13821559
3.49532566
4.07066514
2.04461505
4.01953125
9.20171612
6.39847362
0.63950039
5.26127750
0.03716412
3.62977089
6.60546875
1.37608849
4.35156250
2.73892212
3.84375000
0.43362388
5.53726743
1.03797401
3.53765362
3.72320049
0.00840504
3.64558899
7.71292138
0.53639725
4.59983322
1.14778133
0.01751713
3.17719013
2.16621302
0.97113115
0.97306336
2.54356397
2.49869265
10.51524310
2.06438733
15.49010600
0.75838857
11.35553455
5.14120207
1.44979658
1.54319260
5.11572141
23.75402925
2.79040558
0.50545938
-0.00640542
0.07140075
0.31683365
0.02555344
1.89177063
11.71439606
9.07530724
6.39216118
3.51573443
5.91545850
1.57995574
4.62393049
8.65377978
18.43417304
3.27417054
1.09492395
8.66277662
3.97124737
3.60642826
4.17756344
5.56903092
5.43814079
4.35099180
0.27509669
1.08616135
1.86346943
2.23142994
10.61002899
2.10147907
1.29648881
3.93104757
0.33348403
0.51209511
6.20344540
6.13271956
7.81476441
0.01123975
1.97082878
8.20901513
4.12359112
1.25003934
10.57760721
9.93416874
0.19074517
2.54117797
1.65402261
6.39485165
0.48533127
2.60492451
25.56155357
0.33533511
3.67291306
6.13286541
6.26889261
0.47412878
6.56947861
7.43685921
10.96760001
12.47489472
11.17187500
0.98610428
6.44066998
0.63707866
1.33325133
2.60293634
11.27138783
1.48056530
19.47464872
13.77163813
6.84171321
3.52268728
2.93836464
8.99687223
3.82528147
13.67293045
3.19373573
1.81054688
10.27126053
5.56221481
7.80798340
7.79194177
8.40253685
0.25067154
1.19628906
4.84468764
3.26664048
1.34375000
2.39670822
2.22630790
5.48949704
0.56191517
5.81422928
2.89731826
5.67603585
1.24273174
2.76616924
2.08571365
12.84874474
2.32834885
1.79589844
3.03349277
3.22409588
1.29589844
4.45799458
3.73654983
10.23943339
3.49093882
4.75914562
4.30335438
9.55873179
0.25498892
1.45105995
7.54191032
1.58504280
4.68361093
11.82928025
10.99711859
3.31358849
1.38633470
0.38648230
8.07812500
0.16418457
2.20024573
9.58836907
2.96420296
1.52550255
0.01027679
2.18228142
0.61191725
2.28265459
3.10433594
2.22532524
9.02278594
6.37691808
6.79839581
6.41867233
3.30734784
2.79437763
13.24692764
15.04636151
1.58182278
1.68934120
7.88104319
1.68642079
9.82848619
5.40396643
0.51367188
4.47313792
0.00992483
1.06835938
14.82065368
8.20525044
10.57057139
5.62986314
6.49327599
6.59198284
0.56535565
3.00086464
8.78374737
5.94300823
10.74859112
7.87621579
1.82921349
9.99001053
1.04980469
12.48195202
6.94773548
9.67155460
0.88182056
5.07005790
3.84922318
7.34399051
2.92491868
2.71205847
7.12258699
5.11353379
2.46122714
2.39770016
3.18967697
5.83172803
6.93844401
5.95248421
16.57530724
1.05909187
6.11571282
13.17698749
2.27761635
3.78070576
2.73956283
2.13194786
13.63518617
5.71442320
5.07441185
3.28490595
3.08317694
3.33334358
5.60131795
1.34297976
3.76453651
3.18404144
9.87416826
0.10713469
0.81380090
7.15179307
6.45805609
5.05033356
3.57521069
0.32059723
1.71778881
5.13876842
9.01063026
6.32149646
3.85972722
0.15905762
9.79969276
0.87494404
6.82191379
12.41134197
3.49330674
0.80664062
4.74925712
1.57879301
3.31252646
6.43895612
1.68610968
2.09967088
0.66102089
5.50281776
4.55821615
7.13037234
1.28613281
12.85240712
13.15519746
3.96747270
4.59483849
5.50454704
4.07335841
1.82693567
6.15797928
10.69679362
6.61647447
8.35937500
0.02486160
4.40797928
5.76127106
7.33393277
1.10839844
0.33021034
5.70232723
3.49407375
0.36146633
3.34800632
2.93016096
4.56734167
0.44853207
10.58311974
14.79601036
1.17578125
0.00324631
2.23978668
7.59086521
5.69780987
3.85742188
4.42783092
0.50455193
7.99262016
0.69557693
21.96452335
7.40452072
4.32799770
5.74372368
2.75959400
6.84545531
3.01788564
7.81205231
0.44492077
3.14648330
3.54282446
0.24868329
0.75857290
5.12760983
0.08260032
8.82134378
0.83099997
2.78906250
18.47720329
11.61681419
2.45935768
17.65906776
3.95927187
1.22824350
8.70229689
3.59433857
4.81640625
5.91329441
9.40420033
6.77234901
6.20030724
0.74451698
5.68256052
4.20697600
5.64160641
7.90891040
3.21266678
10.54485263
2.34545198
5.88313290
0.69151817
10.04546612
17.87359112
4.26703388
5.15548191
1.11849983
0.29920448
2.29578651
7.35220329
7.32320235
0.05353696
1.71863808
1.38378906
4.57921349
0.48536445
11.28832568
0.82616148
2.25195312
0.00923157
5.89734901
5.68379973
5.67448678
4.63585411
8.45440658
15.82184868
0.28394046
10.66817238
0.81212364
11.32236217
3.89513562
14.14030890
5.68909768
2.00803635
3.05587253
0.63966194
1.74139276
0.03333330
5.55323249
2.66001967
3.61890639
5.80327862
6.00140888
2.12813816
3.84291580
5.61148372
5.11030036
3.64983350
0.41520203
1.73947140
3.57758076
7.02907303
1.71439606
1.83318722
0.36985203
1.67829399
0.44525654
0.87212627
3.30717129
0.15034824
9.11501053
21.83022846
7.17284048
13.78931461
4.90354665
0.92444925
11.16124474
1.71364334
7.46048981
4.90539257
2.86871647
2.06109112
9.14831020
1.50909408
1.75861134
0.69011104
3.61036694
2.50640362
2.72113544
5.50922138
1.73437500
5.17117056
2.63406118
2.92898306
0.85183462
0.14770508
0.01796467
3.76171875
0.05843609
4.44283024
1.28808801
4.76330355
0.66210938
3.27375682
0.06384900
7.72171009
4.87997971
1.49066669
2.72634295
1.49490442
2.10124210
12.02907303
2.10655724
0.33830364
0.03296814
3.07471306
2.37010181
5.58747368
0.18584698
0.01884968
2.36700299
2.41283813
5.01953125
0.86135334
3.14257812
8.71183289
3.92449413
8.43186447
2.61251316
8.30635098
3.93431905
2.80850924
6.32678192
8.79533882
4.33907566
3.16857450
0.36654671
2.34480110
4.49457321
11.92136580
5.08430031
3.24275743
12.17909090
5.97960051
2.75000000
4.29601788
0.02258564
2.30227061
5.85025086
0.05034924
5.54687500
0.82189941
2.30973175
1.00694786
3.25976562
1.21386719
5.02575036
2.39620658
6.25729824
4.39549244
3.51552845
3.97819523
2.10359735
9.17152332
0.91144335
0.31430061
0.49316406
3.11164852
7.38037878
5.82511629
8.39850115
1.21610781
2.71289062
1.95290115
3.72233585
2.91992188
11.88127632
3.60537220
3.23850510
2.07617188
2.50281776
0.41867194
0.45068484
9.10008997
1.92275501
1.87459095
5.58229785
6.39171349
5.21087385
0.30373069
0.06522944
4.20312500
3.00973487
3.06393963
2.45258076
8.27331450
5.70215952
5.54015099
3.34235331
2.41437070
4.90234375
2.09147648
2.55584352
5.17246855
0.29753117
3.98741661
1.50734943
0.40864590
7.07380288
0.45250835
4.07562763
1.80033356
2.64942944
5.30468750
1.14116924
0.23742144
0.19031293
0.92801108
1.72469373
3.88358059
7.02126053
0.05784059
2.37413321
0.15438003
0.25286881
8.49135348
2.92905668
8.50140888
0.39092510
0.62215917
1.49583700
6.50051641
0.29288466
6.34733585
0.59386622
2.66633173
2.76030987
0.02665184
8.32261677
12.51025266
3.85671099
6.57225849
7.29992374
0.00766502
3.14235813
12.20187072
3.20681515
4.46663453
3.92674244
7.20873407
2.69697169
1.53387467
0.95654297
5.41611217
12.84186882
12.23248660
0.01285947
2.35883076
4.63236481
5.86915600
0.26641830
4.63402829
1.27972919
0.00833889
6.41316711
5.00495651
4.00245442
2.46277363
8.14466070
1.10924555
4.68314606
0.75326546
14.05918163
3.01466274
1.08251756
10.36718750
0.03220619
10.46185436
2.24124349
1.89097254
1.18815617
10.10763526
0.96986924
2.40343224
0.00646652
9.92686974
1.05501337
6.86107851
1.42008422
2.76523881
8.62442715
0.77895896
2.73117104
9.93474718
7.53867201
15.73546349
2.24804688
1.94506836
9.07172138
4.24133301
0.71136982
2.22051218
11.24020148
3.63803108
0.55267841
0.89447529
3.36841940
3.50994009
5.76665379
9.24434729
1.97889752
7.96830231
1.88062015
2.63521332
6.18251385
0.34144268
1.50965308
1.24356134
11.71093750
0.21203750
1.20779290
11.73253380
3.92773438
4.64506621
0.91640431
2.80646969
4.97765099
4.16515099
6.10220329
1.92915863
0.00818634
3.27657566
1.47772724
6.93609112
2.14334622
1.76953125
1.51562500
0.37192272
1.43740345
1.30095405
1.10126607
2.12953845
0.45188400
5.25019310
1.19146744
7.60931350
2.39869737
2.32681267
3.81291694
8.39651513
4.08721908
2.97427329
4.43692071
17.47851562
5.20984901
19.22145764
0.31111983
5.42264309
6.48690796
11.61718750
0.49174964
7.48508588
12.48774372
7.55053711
2.28016151
8.03906844
2.37706843
0.90204981
1.52097655
1.31485933
13.00108849
9.08455009
5.98051307
0.25733468
4.46274760
1.32479409
0.97656250
4.16784145
1.07879654
1.41308311
2.54331990
2.87381497
0.15929602
4.24954801
0.64963237
4.69665558
2.61123529
6.73528174
0.00843681
5.32095329
5.67886220
12.04720690
3.32024379
3.36710882
4.40490692
1.83006704
5.47258616
1.73970551
1.26769005
0.22916048
3.00524504
12.26562500
8.41047665
13.98210148
6.90189606
9.36872592
2.12727636
10.76005742
8.40454933
14.78352352
6.89011643
10.67871094
1.39246620
4.16799022
2.67748906
3.22963778
0.31103092
2.96736757
7.65562209
2.30576310
6.14267648
10.54087007
0.55766439
0.26263935
5.57326186
2.37627729
8.21234638
6.33185782
4.87602269
8.47029048
4.49045822
1.59754003
5.56990405
0.05674390
13.04984159
3.65369036
0.01904091
7.80610788
4.74958160
1.06998206
0.01603443
2.24859112
4.55251053
11.99156113
2.29024287
8.98821545
17.06470246
3.43164062
3.24414062
5.98539215
6.92584705
2.74120625
3.20008339
12.02153023
0.20483398
0.26966347
3.39040115
2.65170296
3.01998324
3.27048814
0.35685395
1.04139538
2.94274061
4.89539384
2.68189522
2.19140625
11.16329441
4.27420559
11.71341202
0.63662968
7.81935714
1.87147411
9.23744736
4.62359112
7.87695312
8.39281486
7.13848488
8.76405446
9.64254737
10.75578859
1.48057028
1.78211464
3.48741661
2.29351299
2.30978800
2.12752382
0.19489410
12.34901651
10.12134312
4.54116079
3.60188290
7.66765265
2.70568926
2.81835938
8.69877106
9.32633422
0.71769743
11.88858821
1.20814259
12.43121045
1.13714892
0.43671162
6.29578651
6.49186710
0.01657612
10.09849014
4.96727096
3.24848847
10.47134284
3.28995896
0.98222214
4.39083236
1.77875263
8.69813026
1.89225773
9.08007812
3.25909931
6.83373516
0.43752029
2.61257584
4.15194038
8.80955494
5.05391941
30.41087974
6.79136677
2.47739639
3.04962697
2.10492451
2.02984112
2.15179951
12.72827322
0.77777925
1.65686455
3.77897751
6.28157040
2.53928635
1.09152475
9.31602220
0.44273888
4.05039720
8.17272392
1.72078250
0.18664551
6.12838923
0.46095855
2.81919176
2.78408993
3.62205494
2.92373158
1.38518692
2.81144226
12.99631760
4.51063026
5.59439079
1.47505707
4.14062500
3.37259918
0.28263859
3.25848834
9.75204538
11.40484112
11.78155010
0.15395096
6.23155724
4.66828915
2.23904934
3.10515526
4.74266372
4.30859375
0.88878380
0.01202137
3.31070707
1.14589186
2.20800927
0.13861446
9.69660385
5.80259762
5.99001053
8.72092697
0.28344727
0.38183197
3.31598931
3.92133076
3.87054951
7.32690921
15.31051398
4.44569655
6.65005666
5.70041736
12.61604610
1.48812569
3.06153457
5.60347905
2.74132286
0.24933369
2.04252106
1.00792442
7.48623158
3.07790115
5.16905724
3.72851562
5.58246295
6.90502992
0.51166279
7.03175421
4.46569737
6.10386677
8.68186447
0.01788834
6.44531250
4.10015362
1.60376344
2.46752563
7.31141151
2.37983454
0.76974741
9.80884697
2.24507244
11.64828499
1.58071892
4.61219276
5.66863101
5.64963181
0.97692348
1.11840329
0.13878612
2.87512730
9.56826712
14.36205373
4.46965973
2.53882431
5.29002798
10.35197039
7.00698666
1.03768061
4.00216676
4.72141040
0.52593487
0.13949573
3.78787747
3.99932738
3.17450074
4.90948363
0.37642533
7.45897372
4.77757826
3.29076076
5.28356992
3.19249474
0.03507158
0.01366492
4.74609375
7.35932638
22.24907190
9.42303787
3.43777676
9.38921612
0.02054340
0.00897213
7.22374474
2.47946130
4.39947020
2.33715329
2.25976562
6.87160724
16.89651513
4.77030149
4.05250838
12.69243109
1.22108717
1.77691143
2.38948145
1.05354215
3.41178898
8.14062500
6.94294458
0.25812521
1.69590287
0.26014281
0.88830999
0.61187237
0.00098228
4.24641415
1.75397260
2.91502867
9.31250000
0.04494225
4.66989112
4.75877369
3.44242894
0.84656776
1.58007134
4.42500457
1.79527302
5.25096119
3.61990872
6.15772253
1.19656118
2.23969236
0.44585452
1.70212341
12.94894835
5.73366841
5.72662830
3.30678753
18.67626468
5.98994473
15.64523354
1.17891941
8.08485331
11.08881462
0.75581110
5.37749737
9.02836305
11.94703963
6.69829012
3.55089881
12.08506248
4.64729610
3.13071919
8.01863350
6.29047353
8.05935969
0.01521675
9.59042304
2.24769143
2.92715938
2.72041348
3.59175255
2.77879696
4.14312237
12.59579967
6.93516214
3.57060069
2.43247258
6.57603668
1.09970592
2.47223931
8.05302617
3.34259357
8.86078388
0.24792972
7.21747056
1.12608634
2.49954857
5.18246842
10.05156895
6.30349817
3.88085938
4.25345856
3.56381233
0.03269190
2.98706823
5.76537071
2.16160072
0.87891054
11.95236604
6.90874737
0.00497437
0.01282493
8.85373947
9.93314606
1.61383859
2.75740660
0.54429753
3.57999661
0.37464920
3.86097698
0.13261940
0.72780350
2.57464539
1.15897689
13.29816429
4.03413141
2.51604839
5.90707530
1.01408797
4.69444855
8.67853322
0.00197792
5.19281513
9.98719276
0.39312237
10.92409921
0.48953097
2.41601562
4.50467426
7.52875263
4.51139835
2.49484721
2.05571019
0.46483606
0.08139268
1.58739251
0.38309723
4.38486345
1.01623289
4.25858059
0.69906839
2.57135451
6.06523479
9.38320728
5.58381344
0.60145058
1.60721340
3.82140099
1.53094610
0.11257037
2.71471645
0.00368268
3.13199085
13.22115857
12.87781776
5.34032188
2.66015625
0.17542519
1.13679992
12.06839013
4.53656513
8.86782829
0.64980580
0.30790683
5.61558552
7.06967171
0.18719990
1.42915122
5.58253186
3.50803635
6.02061974
0.11035664
2.03656513
5.79188026
1.99596645
1.55687985
4.59234112
11.20235691
3.98904934
9.50390625
5.41265362
0.66193380
0.31269587
3.82495609
0.91637661
5.95664506
5.24916826
0.22669195
7.23412040
4.87518880
0.94473751
3.60040822
1.97124737
0.47192383
1.32476535
0.15082059
0.85638935
1.84500718
0.08943599
2.13392387
5.02026069
2.69326283
5.68743420
1.89930214
0.46694939
5.10764572
4.10514835
0.01699322
15.11425532
0.25163941
1.48946339
0.24097523
3.44552776
6.65784343
0.03873216
0.26523233
1.76531569
6.57485954
2.71274116
0.07919014
3.58331806
2.43695576
3.89789755
0.89268575
7.25320181
0.84174091
1.20078783
3.20030724
1.43945312
3.39869425
0.81479658
0.59431953
0.02780159
3.69422401
10.35430401
7.21102339
4.34225523
10.10991417
7.30327862
2.78252197
1.81413128
8.47906554
3.66844720
6.06250000
3.05100510
1.43628632
9.16771630
2.17872202
1.23105912
3.16655987
0.02619423
1.61501053
11.08248753
6.45702266
0.24939980
6.61123587
3.80932679
6.07345589
5.54252106
9.32184868
1.26562500
3.16796875
10.48911514
2.52401249
1.00000000
0.12316387
0.12061054
1.54937237
7.46069575
2.35512474
4.17289554
6.48693602
2.10188290
3.33961990
5.90170296
1.89863167
3.28060921
0.89409893
0.07189941
0.01882935
1.15711464
6.52123475
3.55317369
8.74907025
9.07031250
0.35213964
1.32613898
3.77398174
0.03488159
5.40906776
0.10839844
0.54942833
3.08642024
1.83238132
5.39347459
14.39750921
0.06047831
2.79641468
3.02289326
0.05330406
0.01617172
4.06999210
2.87019729
0.33373639
7.60937500
3.96442972
3.55814314
8.86206546
0.07659420
0.38178489
2.70152302
2.85220329
8.12418310
0.08214633
2.10534145
3.84131843
2.60910683
0.53618268
2.86350510
1.34827024
0.27873885
4.32507918
