0.02254211
1.59734195
5.04774892
2.61436974
12.64831020
2.52138783
1.59796127
6.81737173
6.71996149
4.26895626
8.76051585
5.12069467
8.24129211
1.56403618
3.58398438
12.54957835
4.71873712
3.05894490
6.55548742
0.16830837
17.82105774
8.63161957
7.78835806
0.27880091
17.08336935
4.24723086
1.55382965
6.29623421
2.54360954
13.07506123
4.08829898
4.64364015
6.23660918
3.37890625
1.79777039
9.75310672
1.82239361
14.72954261
4.30756677
11.43942237
3.72201546
8.87410461
16.38191711
18.61839456
4.24783729
17.01364542
2.27458319
7.94779200
20.92649213
13.33185104
4.00957322
16.73392163
4.05014613
1.81738281
24.33655613
16.03094540
8.94928163
7.83516082
9.33387494
18.48732006
3.49170905
3.77449094
12.38063553
10.55739085
7.34616869
13.16446158
4.35993711
11.75858059
10.44852075
1.17465342
7.16984112
2.30768256
3.38921612
2.46651153
9.56019649
2.07680761
7.98094865
9.69386144
8.12507577
10.36181516
1.61433040
2.51905280
9.59603748
0.36428998
14.94377632
3.86046349
9.24948651
3.09058968
5.49999141
1.90616883
5.12954704
4.14952599
1.74023438
6.14462711
2.95802388
4.94262633
1.69931100
13.55875610
9.43340065
2.79848252
7.76680076
5.45073346
3.65897122
8.24585203
6.04385126
19.59909734
1.03589213
1.12575272
8.53089816
1.65074246
13.59977172
5.38991841
14.64497894
8.64216548
16.47331284
2.36396775
10.90036417
8.16674438
11.82159408
3.50198388
9.33835051
5.14501468
8.21822362
4.21702072
15.28151319
7.52682596
20.73789506
1.49818637
11.71441676
1.31038668
4.75627847
0.04703582
2.25454704
11.44871676
7.46739541
11.97239950
17.42416716
3.59939764
2.13770792
1.07649227
3.88076283
10.33850067
2.81861397
2.05075050
16.17252438
2.04510638
5.14414506
8.77984112
0.12347919
13.66929826
6.22610622
2.84848155
13.21605954
13.67866481
1.28536043
1.06206847
4.95792664
12.45825133
14.14286347
4.51818817
9.14939654
1.56062590
2.95312500
11.15519449
10.65026110
5.40279144
1.69920337
1.42187500
13.85308012
2.77051529
16.93159630
6.13247063
11.52586907
3.28755707
5.81160461
9.41048953
2.04587018
1.78392509
8.30430131
12.02261082
8.30705036
18.28236425
10.22276208
14.15035558
9.74286226
0.67332125
1.30814606
10.42789672
17.02781863
3.66725035
18.25169853
1.83476784
5.35201311
11.17599720
8.26585383
9.07250977
8.89798996
3.64994293
18.77352047
13.81581408
9.57025314
3.41841000
5.62205923
2.04427679
1.75011192
11.60584068
6.14845176
3.79648881
5.93269836
1.18144753
12.84305491
3.25914838
14.29998172
6.67914395
8.09365276
4.99567750
5.92309079
3.28067501
1.96125790
10.37986744
2.46176709
14.54739279
3.85818567
13.26332502
0.88990699
1.29308781
10.98489279
1.78377382
17.07238365
7.22489902
6.97391636
9.06109112
2.19025197
13.00743490
12.72796709
2.03083306
1.45093158
0.07200796
1.01063026
16.78253158
8.78994488
3.23584247
18.45781943
4.48934964
2.17306003
5.36667401
0.02829982
1.25345856
5.55857519
2.11134668
2.02644836
9.60297069
12.81765348
1.82433067
11.63703915
8.13639835
0.72438553
8.46951809
0.03753650
1.23311309
16.75077239
7.08212711
2.44354887
1.97009308
4.26576879
6.59159159
9.15547761
7.06583126
5.04809079
10.40164146
5.66413259
3.57082170
8.57188802
3.99684896
10.04150266
7.94044077
3.88502022
13.49887969
0.09772866
1.41997230
5.73569953
7.21076296
8.33657829
11.89347282
4.18445908
12.77395099
3.95674161
13.98784644
9.08675636
9.15477747
1.01303108
3.85664201
5.13860677
5.29208624
2.19568151
11.07697072
7.72156776
7.23155724
2.68164062
16.01493670
2.73059743
6.78714013
9.55462385
9.47343937
8.27355192
12.89923995
4.45168176
1.74838265
18.90089484
2.05877327
11.10228765
1.53709400
13.82698360
0.70071130
10.65601258
1.78981341
12.79085938
5.08855358
1.78333721
3.43189522
10.78785745
2.01487692
13.20983866
3.71850575
2.87327072
6.57271225
3.36241768
6.87500000
5.33215717
7.44256191
14.31662331
3.61404075
4.30777275
11.80869820
7.06360275
8.35516124
8.22988946
5.39312915
5.60777302
2.65057943
10.06570396
2.76283799
21.12641927
8.13560450
2.05664062
15.77638686
14.93200466
12.38010915
10.32940658
18.18410295
1.99827072
4.11718750
4.82284169
0.72816340
4.06986481
17.57168994
5.52814328
4.61456283
9.71350067
10.82047788
2.16751385
11.60772870
7.31523479
10.19887412
14.72147329
8.16687167
1.93418412
0.03976137
0.04758986
4.89843750
12.17869487
7.14994916
5.14965758
3.40371759
5.91297401
23.00407859
4.23406319
4.03482727
7.30430131
11.33966354
2.90169008
0.05705765
2.23028042
9.51447931
10.89093895
4.74769358
11.63473917
2.24797678
3.73815395
4.42296349
15.54703735
8.12896775
5.58779408
0.02097568
1.30086242
23.94151817
14.52797097
2.98333084
18.66098765
12.32452626
2.04559342
12.02389309
16.39148174
2.66018700
7.89863060
3.35114985
3.85373518
1.36403397
4.14934255
0.08309470
1.05001316
7.75969055
6.34937694
5.62300753
5.13786874
1.78412927
1.80010971
13.02131206
9.32243794
1.40287262
11.02376510
6.14292206
4.88755264
10.21619542
15.18054784
7.05743947
14.00037082
1.98680228
2.93546119
12.56337392
12.71917233
2.78883865
20.42184425
17.98361120
2.85123781
1.94681793
7.82589761
12.30750526
9.28144310
6.71420296
14.67566039
0.65794763
3.08897911
5.81874557
9.95619736
10.03970329
1.17845634
7.98897246
8.43698221
2.62954704
2.53403701
16.75504391
3.89554964
9.32539451
2.69336436
19.30550352
12.85257691
3.27897218
2.38755264
6.92347698
1.07904273
1.69325063
10.75153618
1.41046127
10.52942134
7.22211484
5.30789146
11.17815991
12.47985234
7.68548315
9.43468224
14.75665018
8.33990955
3.11470371
8.63527804
4.78385358
8.31569107
0.23085525
6.48245263
9.64306516
3.24579981
14.54772607
4.71694634
1.50583541
8.07684342
8.48501579
2.41319786
3.31122056
0.29005721
8.96516415
3.29828388
17.40859722
10.04659893
2.79262688
8.75398064
3.18307167
6.89011151
3.96015798
1.17395148
2.86347435
7.04252106
20.20825334
4.39120352
8.29969276
7.55872534
1.79816766
1.68532303
18.83960848
3.66625090
4.87890625
3.29079178
23.97912567
3.09275806
3.00729901
8.40215065
14.30884616
1.94377202
10.17819856
4.59306197
6.69637024
11.57096188
8.00905045
7.82060644
7.57818650
2.39202959
1.33046217
2.36603883
0.68148465
8.74846382
5.83905066
10.56828783
3.28515625
22.19514877
4.91790863
8.55955494
12.69595759
5.07543024
10.93628636
3.59822910
19.21993503
3.66168246
2.52527329
9.23834705
6.17212960
6.63338749
4.81705134
10.51702959
8.74487796
3.68903618
8.05283307
8.07652087
2.21548454
17.20469124
4.25464857
10.10911611
5.16617797
3.08436627
1.74654144
13.34287179
2.73964581
6.18483668
11.55351838
0.07170040
3.69025411
2.50027435
3.02731078
5.58875526
4.32377106
8.72835328
4.12218224
4.45114112
1.89613108
1.29149622
5.54091271
3.82092891
4.58074967
8.05007896
22.44617714
7.70402039
6.22444918
12.62828478
1.10323955
3.58459442
6.79544327
9.54132812
6.30455591
5.33875526
3.53128505
18.82770806
11.71605954
6.10284838
1.66247160
4.50471798
12.09796376
2.22656250
12.79418883
11.81293260
1.05283127
2.14123504
11.93477363
3.77302056
11.51704427
17.54390528
2.06097808
2.52823914
5.95536347
3.11359666
3.66781568
7.92956450
17.42966963
10.63010486
6.44102006
11.25848335
2.62477684
1.38085938
13.87811960
1.75261359
6.22439979
8.16969803
4.99244210
0.02458702
17.99846382
10.16579178
9.59852089
8.60194869
2.59784935
13.20722435
5.79649962
-0.53401707
4.38063553
8.92728668
6.69614639
8.54613659
0.06440854
8.63434868
0.68389877
2.22873947
20.89789326
2.73879156
2.82282843
12.18333700
1.87053628
5.93359590
0.85868164
12.82179868
9.64695132
0.65437805
16.89441116
5.48622437
6.19480330
3.96830840
3.62414035
9.64230136
3.32795407
1.55716949
4.01397870
4.43850551
8.52844083
2.10827792
6.24148521
8.66783148
7.22932444
2.20987976
9.14446975
17.62572134
10.87768188
2.77792304
0.23458409
4.83374626
1.26218071
6.70466118
1.14930214
10.23618725
5.00100551
13.05544631
13.48793938
17.76690658
0.40293412
19.78385611
4.21070146
26.81408771
3.33998531
10.02770958
8.92950493
5.28797401
4.35892731
6.89107346
0.71046688
3.40995456
10.69494349
2.71911901
23.97198644
10.48689093
4.81461118
2.90910835
11.93327335
2.98447155
13.04188456
0.04159109
4.45395889
11.06320950
7.65093195
10.88679314
2.73545060
16.25614472
13.12628158
5.55893562
14.64733184
3.49758131
3.98819828
3.02017204
12.51466811
4.80263353
5.01371122
18.62465537
9.40621273
11.47885818
3.94272219
0.73782995
11.55968224
1.43325798
12.47806080
1.09822300
4.77619376
19.94774407
2.14084885
2.64619903
9.27652704
1.68034186
1.68674728
7.55519171
7.57502687
11.60655724
11.91393520
1.54039021
13.12181752
4.46629696
9.57330051
12.36279061
5.04399573
1.58028660
7.54994736
12.68336783
5.55971506
1.53579704
6.52523043
0.04173521
1.04935699
25.08077606
12.67622465
5.93328693
3.45507812
11.59798094
12.55097435
2.76811807
13.45182662
0.54630142
1.61576324
12.40886775
3.92116979
10.36264767
2.23545628
18.43412262
7.85864625
3.35091312
6.79214775
2.51939107
17.73370706
4.58551695
5.67187500
21.82894892
5.40408300
4.93340065
1.55558289
2.87064606
20.74886047
24.76360539
10.54217489
6.76858724
7.09142426
11.00909838
3.41043731
3.67773438
21.81410489
4.46765860
6.78286722
11.19154352
4.66905509
1.41348536
0.97085564
2.16166168
19.89028518
2.91436142
6.14900540
14.52535128
6.80257203
1.31107574
9.11476452
12.59227442
5.57979063
6.82140528
8.64439966
4.12096216
14.50554051
2.35098597
3.60393257
9.53599014
12.12000526
5.43301446
17.40702239
6.32200466
8.91191835
6.36270626
6.69667138
1.00366661
5.59779269
12.02378934
1.97243240
6.96153397
6.13189564
8.41892994
5.40445922
4.66041085
6.96330757
18.28782026
22.27499086
10.88253213
18.30555321
0.38774528
19.77822058
4.21070146
26.81408771
3.33998531
3.96439107
3.40171529
4.14925421
13.69134475
2.50941018
11.98519861
7.66669714
7.95050033
2.25044769
14.42305505
37.14308663
10.24968957
4.80097005
1.50899753
0.64556377
2.43945312
5.17898950
2.79235871
7.26260985
4.33811662
3.12976874
0.97926834
4.59732658
10.81215813
13.64614611
2.00251524
8.72374474
18.55968224
2.68945312
2.43961547
8.36708167
2.44541833
1.66420517
7.55519171
10.91724069
7.89060506
9.00644073
3.75945880
7.96439606
5.27215592
4.83077543
2.26983017
21.36308815
12.89219235
11.86513062
8.45454247
2.03677180
10.90292304
17.99365221
5.34734153
8.71977698
13.63287361
8.18083680
13.63361633
8.14506192
4.80958420
2.28979984
7.69358322
4.73699967
2.16796875
17.06110649
10.91872687
7.83025473
3.35319093
7.35732533
2.58516941
1.48744736
15.66765265
8.68154270
1.37560713
15.38819343
7.59112533
5.48392731
3.27439439
15.50248199
2.48850510
11.60550955
2.98436495
1.74575798
13.23393881
2.98923093
9.36372894
4.82517994
7.40669769
9.72444136
5.50961325
9.00321684
0.66199011
2.43788619
10.91770917
16.01226583
0.26861342
1.70334885
12.16166168
3.21484375
10.05456450
1.43544603
1.34960938
5.54588667
14.35889080
0.32438941
13.02126482
6.09880624
21.97224360
2.66501939
10.13729374
4.08314052
2.88461754
4.78510127
2.91498212
7.00140888
4.77401249
9.49410987
20.23143485
2.72135251
12.22516650
6.31849595
2.28451546
6.38398396
0.50062915
5.25129017
0.38907039
5.17859901
2.63694260
6.16349790
11.99869265
8.10245789
1.96082558
12.11783688
8.45439799
2.20376579
1.71995041
13.28727172
20.34002592
3.54139323
13.35285267
4.62904214
3.66289104
10.11289720
0.10453047
6.74584207
1.94380416
7.05721063
2.94410170
4.46484375
4.17719013
21.26460567
3.84745456
4.10405987
4.98091644
10.57031250
9.76395527
0.48254559
20.44162941
3.45680809
8.98579677
13.65431904
3.94163010
10.60169409
19.08598652
2.33761885
8.41979565
0.28351261
6.38211021
2.24202515
8.78637633
21.90338181
11.40026693
4.63072847
8.29162567
14.63077571
2.79224928
5.82069869
20.25107488
8.05804805
11.50474014
13.22973010
3.09400099
10.11091977
15.14536514
6.99838943
0.53594955
1.44046834
5.27391234
2.54460577
9.34476839
13.64536514
5.85700493
1.62259918
17.62075420
3.57419728
4.40317764
10.66047665
11.09776998
3.87440353
20.71980524
6.73621869
2.35242714
10.98091644
1.89896637
13.13986979
15.81916681
0.52835480
2.72101896
12.79179008
6.21655585
7.02959081
5.85295282
3.34831131
8.42571545
0.06167087
5.17305934
7.31189065
2.41393520
1.51163758
6.63214096
10.80058815
14.07799770
0.18871516
17.23015848
16.79318178
7.49407552
11.54802928
2.91547138
9.83593750
9.48676044
2.62208569
4.21580494
2.36840329
3.44528175
8.90957696
0.72123199
14.99795892
0.59958541
5.38518901
1.12912366
1.36478668
18.64011580
19.13474346
15.73528757
0.90731993
11.63290115
3.27791445
15.78645813
6.43035406
9.48332654
2.65322917
4.21325174
10.41598487
6.25537663
0.60410045
9.48784644
4.14579995
8.51408882
11.16303552
4.43827239
0.03227507
0.34216554
15.31737173
8.49110546
9.05877182
14.49437306
2.38302776
12.17763783
3.07421875
4.59445659
3.34554078
1.39941406
17.97586235
17.74340543
6.96528715
9.81037525
7.08335716
2.06211381
4.36623061
3.53022302
2.81490082
16.24233627
5.65366966
9.54087337
8.12709538
19.93782040
2.01642814
13.59720426
4.44729638
1.16732796
12.23848294
12.57642325
0.10206539
1.65016678
13.62454663
5.85060699
2.09298191
11.72157206
9.16905724
3.36202612
0.99973737
3.11531375
1.64040115
12.21900889
9.59217877
10.29816947
2.70314287
1.08398438
7.47637585
5.49161036
18.89014655
4.89773091
9.99039243
5.35943865
6.21990643
10.03116135
8.81924257
5.03445396
7.47324662
5.97617132
5.21981272
7.26517731
11.37551779
2.77904352
8.07133948
3.80125970
16.45136497
2.01280724
11.68750000
8.28040614
9.82781887
5.37839069
6.06720716
8.36859500
3.70613586
1.65487325
6.96919769
9.70006123
3.56444454
4.69245616
1.46580846
5.09650626
10.91864639
9.03161043
7.53233849
2.82061752
2.45808899
13.24449607
13.81509752
12.29698942
16.42819779
1.90784124
6.57082599
12.90118947
2.43727615
11.96093750
4.57281846
2.78950161
1.67480469
10.28971188
3.02261151
4.12389434
6.49084511
12.18135528
3.38953651
4.18256677
6.05923669
0.52688407
4.51882896
2.87637384
18.77109182
3.67652925
5.94528497
0.89052094
0.49424209
18.45811974
16.92013894
11.37848072
11.08290340
0.34180474
12.42405197
4.96689342
6.00313816
0.94736217
2.53918980
1.68761192
12.04238877
9.21065284
2.96439606
13.99628685
11.37218224
19.25179937
6.85783023
6.97092697
1.20775321
13.32620263
2.68641151
4.89037899
8.60949371
0.89255291
11.44031776
6.73546349
2.13498947
4.57634641
1.47398714
21.67174770
3.94675213
5.94338660
6.09849367
1.95290115
14.25057791
13.72880236
13.50103128
5.81385167
2.11022676
0.86707558
10.56934993
9.81346257
1.91459137
11.82962974
3.26936960
11.58902275
16.88434439
22.29248171
8.59316504
10.55437707
2.12996399
5.27913453
11.33816489
6.24122631
2.93734195
15.12453035
2.32900176
7.95139572
5.85354638
16.81674382
3.63830355
2.10681183
6.69486481
19.74100676
5.20280031
3.83760528
18.65395861
7.56907954
3.55552139
1.80351784
21.54514441
5.80618933
1.35438026
9.78803912
4.86499335
1.54836325
5.98796085
4.37877895
11.47181845
1.44972078
8.90907635
12.82914339
9.80504419
7.19704178
5.43359375
2.50150543
6.25890099
16.16665573
9.75880513
2.34900363
10.34121690
3.54774033
12.14805990
11.39298939
5.06051321
8.14344568
2.77734084
18.60120207
9.91237325
4.08548981
6.47227435
7.92615387
11.27283889
0.85958991
2.40006593
1.86097698
19.03487450
4.26465093
5.68779033
2.19524421
10.53329108
5.41533979
2.36914062
7.23921169
9.13998421
3.74356563
3.11375970
8.41560160
6.46330465
4.41566663
4.30461956
4.17136580
5.43553330
8.15124529
4.85886289
0.96547166
3.20571892
3.73898577
16.82215757
0.97398216
10.18439052
4.00419797
10.81128602
6.50068512
2.40189606
9.30367769
1.68594664
12.44390362
7.87237963
1.01064134
9.14587863
7.66195132
6.61923288
1.86224319
23.20125914
14.33603903
14.19559716
4.38957225
6.35982699
8.36502771
4.82579926
12.75128158
2.47454358
0.57399490
9.89387619
7.86099124
2.98274227
12.51626579
8.49065132
6.14369736
7.38953651
5.68141678
14.18931655
1.84071767
4.02500873
7.85424867
5.73899857
1.96060637
1.82698609
22.67385597
3.86407219
6.49129211
5.51270141
13.34628740
4.01548842
8.08770681
20.49715079
15.29480385
6.28130291
0.75104665
6.60232630
11.15230192
2.55519670
8.84464539
4.16764835
1.38615913
15.48879045
21.50193526
5.65617132
4.90061447
3.76077045
3.89221409
8.67367437
9.15343224
3.63056436
0.03266019
2.19671038
5.63441018
4.06823637
10.77996842
7.99858682
13.44940780
6.44516373
13.13613946
8.79258470
5.80404886
1.96868420
1.23903397
5.62946230
9.02253030
7.18589802
2.08766678
8.93276845
12.04379405
5.58270640
4.35524130
0.23268631
12.51038425
3.95568817
0.28648091
0.47680664
6.53429591
4.78816282
9.09016415
3.53505970
3.16209151
3.62377133
6.97797138
12.14933289
12.47492049
2.18158411
1.48764046
8.26117167
-0.36082163
4.07050560
5.89907829
5.54875305
4.08463874
10.61987367
4.74628685
10.13315651
1.69903279
0.12394718
4.05936614
2.60725953
10.05673717
0.84887204
9.57955106
5.77786368
0.78801190
2.75314799
3.04665115
8.69327142
3.57363517
7.76338223
13.67702280
3.69241391
0.82395342
15.28865345
12.90762453
3.84576463
22.99916611
10.10887010
1.67553344
0.97292068
10.34375000
10.98686669
1.60537788
8.19073471
16.25563553
3.37993753
2.17084372
6.54608835
11.60702778
4.51530031
1.87823471
12.74894871
2.10818352
11.43481383
9.78447972
0.99511788
12.53753671
7.13734666
18.60962960
8.19299534
1.72190353
8.86091977
4.72496482
3.45493794
25.77019493
0.56624068
11.33657829
2.65522302
11.43366384
4.54981577
5.68512993
4.56296487
4.48100548
5.73147679
1.12017259
0.86376953
11.60504682
11.67704752
2.25822944
10.53279477
9.78034602
7.72153594
0.39202020
3.26394296
0.76814093
18.34944918
5.23701719
12.75089968
0.19750547
4.90740214
3.67312368
4.01860511
8.43511996
1.24200437
2.57646152
11.04572072
2.92296349
12.73771914
10.08182956
6.82475870
11.64907829
2.33261054
3.44924950
10.22464013
5.41406250
8.03296072
2.79820589
8.35463486
1.09788439
1.39745664
8.27590343
10.84375069
13.88487659
2.62716256
8.08729500
3.54295433
2.95876053
13.41547997
6.14164339
4.84708126
3.96861841
5.04578651
3.13911957
9.59528618
0.89185345
3.12912220
6.87500000
1.26074219
11.74484223
13.62345952
8.07515417
2.73162303
8.60233489
3.40089982
4.70448292
1.36405168
6.16590190
13.50986217
2.58865872
16.65856716
3.69024338
10.20878629
4.30197127
13.87103834
10.71796044
14.60427444
2.16470828
5.82546958
2.99785378
7.18871579
1.83558635
5.79188456
3.98680228
7.62346382
19.16361481
5.74642273
2.95106674
23.68706089
14.04235012
15.19710757
3.32629917
11.78009572
6.08299244
5.38102172
14.53738563
7.63099595
1.92017647
1.06964096
14.99974540
5.51350953
3.36696365
7.08830757
5.29405724
17.45245346
8.74654144
23.05362976
16.54124806
5.47405654
4.25531513
14.71157283
3.33715329
9.82351646
2.05321282
11.75909408
8.46302153
6.89526499
12.28044188
11.45069343
0.74428828
10.25397205
1.44005887
2.31141151
8.81711713
11.46131417
4.50563553
8.50050920
14.37858585
4.04091908
10.78340481
9.64631774
9.14946019
1.52876801
6.13117693
0.31889662
8.81032303
3.71330757
2.35678108
7.79676308
8.25909408
8.56519046
1.39507549
11.79753297
4.31564245
5.03090813
6.09246842
1.09656776
14.29819655
13.52345038
7.20966021
2.89357934
8.76344803
11.65998463
6.18933940
3.88309785
7.42232269
9.00922138
0.00901291
7.03720592
6.37737007
3.65756233
19.53297360
7.20670227
5.13340605
3.86692861
10.62628158
3.50925213
1.04535419
11.30688165
11.31365428
0.79104457
15.61718750
2.23632812
5.64498753
10.45517038
13.23493144
7.85843237
8.50602172
13.65682499
4.25851909
5.59503158
11.97515791
10.03893950
8.90636442
8.46022754
5.17514475
2.24890292
3.62640944
3.12577737
15.08657829
11.28119326
2.54254751
1.89904754
18.62634308
10.89536514
11.73425200
10.06211381
3.27701906
8.00290503
3.40901125
4.86235802
2.20587405
4.10124210
8.07749709
7.83445209
14.63980185
10.41118753
7.27291542
5.65989736
18.17162040
8.92323312
0.18239923
5.20786514
3.51101431
5.29766034
8.71236203
9.10290773
7.27388305
7.37717697
9.62641318
5.59515459
12.41598487
17.92433663
6.93496045
12.00603813
9.41956643
3.48698609
4.47996170
1.89421799
4.51453651
9.09528618
9.96516844
2.31672235
12.28051626
10.95152371
10.61489182
14.15444634
6.09624737
7.69233170
6.61427817
9.70437729
2.33337288
4.39491744
2.64398271
17.99750693
6.25114999
5.44710757
4.78134118
3.89984372
4.20036874
1.70313857
12.43481383
2.58602975
3.31032303
12.97888824
12.47982581
3.70534844
6.20485428
14.35962281
9.27215162
3.30107089
3.32348141
9.06660655
8.68966762
21.51531963
2.97177443
3.62890625
9.24116911
9.06331103
5.02140639
7.71254592
1.42272890
0.47884400
3.56371579
10.42085231
11.55016193
21.30378352
11.86499335
2.43164062
5.13787733
8.33850335
4.68786043
5.93878158
18.10474000
2.25610968
4.72574579
2.38974318
8.00819869
9.11453569
18.48618296
14.12236889
7.51845917
7.02215592
15.10984202
5.05338659
13.02267370
3.94108156
4.24609375
8.85425726
6.18904906
5.02181834
4.85307583
2.62694523
15.20453388
0.98168454
10.71504544
10.24410128
2.04018174
6.17219969
16.24935491
8.41316711
4.97214276
6.14102837
7.18427887
4.91297401
13.04354804
10.67648354
11.65310194
7.02994265
8.89781389
3.25734763
18.49001053
15.80574271
4.63709635
7.62653618
8.98117963
18.23516456
4.91800449
2.59285461
7.70710134
0.63416667
10.46798620
11.18137245
3.41487062
6.50454704
5.29623421
6.74436447
4.43635001
12.88191711
9.11957689
5.12440139
8.60156250
0.84234112
0.39738468
9.74519836
4.51043717
3.86827599
9.92904671
7.50611328
3.35652718
9.78842171
8.86468515
21.20144434
10.52675587
5.48124972
14.18945673
8.06322085
3.57198028
2.77048814
6.79727837
6.94228446
6.76645889
5.43570493
5.04234084
6.98385292
5.83209275
6.03131580
6.86683635
15.16329441
4.21132369
2.13447169
3.97935935
8.24256940
3.53765362
20.32703651
9.97633367
5.16288245
16.92229984
3.07690132
5.36027039
16.19545698
7.79109500
15.28445825
4.24698485
8.61936447
2.75902829
5.85881289
3.21351853
10.89792830
0.21513956
2.41406250
9.62348100
7.57874861
2.75496399
5.16540988
7.08247465
1.38326019
7.69301252
14.08081117
9.90189606
3.37048371
6.21538730
5.95238835
2.75195312
4.68436399
7.71183504
9.10040822
3.74292484
6.84547928
6.81455397
16.30361799
7.69136315
1.68063761
3.28569620
8.76993462
17.50263824
4.86049424
7.56615165
13.48268008
4.37778341
20.59204511
3.28686114
16.25870789
3.69877106
7.07255527
11.66495789
4.21042401
6.35002632
12.64863060
19.78842171
1.68610649
20.10099540
6.84972878
17.77401249
2.27137402
4.52528334
2.05752957
9.27484638
4.34983322
9.58776225
0.04358540
17.91165670
5.63694758
5.79905197
10.66900294
6.62697667
3.98978668
19.75368240
12.17815991
6.36512924
10.74109687
0.01835386
7.96452765
12.36091118
9.82991578
8.38064841
4.88107034
3.85556530
5.54101885
1.98321362
4.80032205
0.89868656
6.01152565
2.44640099
6.38947501
15.77312999
6.43613974
2.57114639
5.67379737
7.41586616
4.12335301
0.40540212
8.46170989
3.48978239
7.10309868
2.44777912
1.23602310
14.94790642
19.15602117
16.56254294
5.13888851
9.63832073
1.88804646
5.20811974
4.72823721
1.22560975
3.17616744
2.97835328
7.21100330
9.38640265
2.68280225
8.24101174
0.66135666
1.24121094
12.92795822
5.27082142
6.78988780
11.99808192
0.30469366
1.95400479
7.43164561
7.87533577
4.52138783
1.42133076
2.75000000
15.02715280
10.52248440
5.43133380
1.90131247
0.48330681
3.05465675
6.03150460
2.44966099
11.01828540
1.29946892
12.67906389
3.97969207
8.54481674
9.46157829
1.95731411
7.94709469
2.63281250
7.28824579
3.60650931
0.35983253
11.30537553
9.18959898
6.89338985
2.40322626
7.82300296
1.37176529
10.20389739
9.98677229
16.43082284
2.11813151
4.26645889
6.29058012
2.64041971
8.86436974
10.75384475
2.86593667
3.21056419
8.19504502
1.16958610
3.49349983
20.44299223
9.51056661
1.28567868
18.50746066
2.17267453
6.59330231
6.79249391
13.13114472
11.99360927
16.06885638
8.20030724
0.50511587
5.54635721
2.95312500
11.13601646
9.87836991
6.95935837
0.39131684
3.06010832
0.95240415
2.70816905
9.52602214
1.53583707
10.28547665
1.79631289
7.03603876
1.30206283
10.00448983
5.81930055
0.79610296
1.22678635
7.82652732
5.39132944
2.44322993
2.70975247
10.38461616
3.79795060
3.93975565
7.23741025
0.64292275
7.15020363
5.89066932
6.42078651
4.33991814
8.94145916
5.62608849
22.83763963
2.88876482
1.60087129
27.17303358
5.18348792
20.53801834
3.51427333
0.50675476
6.53091534
4.44347019
2.48872894
12.01461949
6.60664880
0.72702875
8.44198554
6.22921792
8.58965065
4.70747894
12.32851119
0.49281846
3.21484375
5.37534187
3.16464179
7.05248476
8.61965987
8.53040108
4.31965024
10.01780197
2.87163799
5.18042377
0.02781796
12.66260860
13.82487381
2.19950839
1.25158231
6.60188290
5.14126579
2.62484985
6.09652482
0.77571317
6.99040746
8.19683580
4.45132993
6.23873324
2.88930837
8.21157829
4.92270889
9.62589539
2.03928635
4.09202502
1.12672498
1.97491440
14.90434051
13.62149848
3.31462045
18.24878851
15.30304940
0.27533082
5.92962600
5.24613171
4.51280003
7.94486481
8.73106092
2.13567888
3.49068207
19.24729354
9.23923814
6.52506954
7.14866204
8.18954967
9.77079427
8.52326296
7.76417179
5.76579662
0.75082405
4.39774740
1.50654948
8.80750526
10.71285987
14.37874751
4.54965841
3.56640625
9.62320922
3.66291251
3.64856050
2.08007812
9.91406250
4.37313414
7.46559037
2.31320229
0.80585716
21.59785364
5.85060561
7.64311378
3.72720329
7.91329441
2.55760181
6.33619210
11.65639018
13.99781444
7.33055657
1.50488281
13.38540642
8.92249509
1.74115047
3.62887550
5.68410295
7.97636940
5.53619397
2.33880603
0.88600662
10.67726881
1.82100191
5.16361481
8.98783356
9.68138963
9.15937528
7.19337724
8.39035752
6.79809937
10.49142370
7.27425850
4.79425033
2.60828651
7.59720856
9.52308996
2.56566531
8.02662290
4.74642841
3.31835938
16.23719276
5.75281776
9.47566711
4.82320036
7.18557333
5.75986217
11.19057666
3.56620886
3.67018292
2.96134800
3.52865608
3.40196185
4.18807430
12.00048343
7.82783037
4.85973543
12.03150460
8.37243683
3.00596022
14.77242769
9.02285177
1.92849173
7.03016581
2.41050310
0.77066032
10.37247119
6.82367520
2.33238240
5.32502978
7.12591824
2.70747894
9.34579967
3.35066711
10.65766747
5.14529075
5.19123033
16.90203194
4.48282885
1.25555393
2.60524490
14.39398417
7.08885465
10.15420892
2.78783813
8.54841118
4.23283598
0.65128885
1.57279449
9.13521942
8.23449371
16.53780239
7.26727435
6.21392259
7.42360428
3.51713472
11.41136774
4.60732533
12.11308317
4.82957391
5.72151056
3.71752563
4.05948914
10.50424812
9.12421044
4.64235428
13.87977449
5.35844096
7.43308455
10.79946823
2.91992042
3.77795164
9.34094083
14.32869930
13.10549590
5.20594276
1.75132771
3.41073124
3.41756774
12.15366966
3.67997285
9.54709885
3.20639905
7.02151083
7.12602269
4.17898091
0.08019465
8.82086838
7.79467656
6.28329967
12.28496315
9.29944675
2.33457599
5.84304771
9.53457696
2.13998421
9.24168260
3.28610885
3.55097435
6.28004959
4.52670296
13.56422256
8.26318913
13.46253948
3.64587433
5.46215758
5.84650197
0.73280253
8.28530502
7.16724790
4.24224179
4.69486481
11.91487603
15.26127535
2.42264378
3.29325410
10.47873947
7.81189356
1.69351812
10.82831595
0.03141016
10.23181613
8.93071878
2.08637661
11.16623947
3.93175435
5.42688262
4.87992035
3.34802097
12.89472435
7.32164021
2.33385708
3.02366135
12.21364085
9.69403092
8.04869155
7.56902731
5.26953125
18.65714968
8.95184342
3.61648091
4.94845066
3.87110913
2.15359458
2.98114029
16.92856826
6.51536611
0.28909817
7.29476382
9.95394892
16.41707903
4.10580203
5.84732297
2.02884918
13.10825576
7.18846548
3.16748171
12.47810727
6.55967365
9.37372451
19.43443169
3.04882812
7.58593750
8.09759475
1.91504516
3.33155779
2.77907303
4.75463860
9.63816337
1.07812500
9.75819869
13.81455148
4.40488974
7.27484209
3.15951546
11.76818817
11.69301682
1.54138893
3.66889704
8.36212911
4.02119903
12.32690783
5.56704413
6.39113849
6.11472088
3.70248421
2.24577765
5.03829011
1.49231909
6.69127466
8.42328818
2.14917054
10.23584040
3.64591437
13.62192764
2.72185741
9.86731480
7.64997368
9.04495692
4.63473058
12.68814079
15.46064453
16.03932139
1.52457211
5.82959968
6.95683815
3.75524933
5.14619903
2.35594720
10.77907303
7.89107269
13.60488448
8.60499529
4.92003775
2.41103232
2.34342960
13.51512869
2.17342905
7.68776760
8.04467617
1.45743569
5.20425781
6.82186586
4.11486605
5.10983558
1.53099789
7.27926612
2.41525612
16.43343321
5.36402787
4.89439966
8.93673191
10.52855954
7.33212780
5.67872631
4.35835661
5.93794340
3.00506912
7.47719041
0.46303018
2.60887938
0.65311184
10.06659935
10.41447944
8.82530724
5.41003754
2.28050407
4.64491744
9.93557763
3.67402122
1.81001981
12.02489680
11.18787026
4.58588390
2.16747811
8.03329967
3.52045954
9.75861886
6.40256223
5.54978218
0.81263443
12.55094360
6.48885624
6.11366744
4.18436184
7.08747368
3.95530197
15.55747451
10.00771526
4.73011400
5.22848487
6.99128283
2.78314661
13.75976562
8.98565658
5.04643160
2.38479208
8.82223487
8.29452640
7.01475967
8.83614057
5.43378685
6.09189128
4.62935609
5.11103848
15.01665198
6.82703651
5.01959275
2.58328208
7.36212697
3.74638339
13.91338597
32.73019697
12.35641705
5.37960854
14.70766207
4.68142675
4.99827072
7.42187500
8.27997701
5.28229416
9.66250055
6.18122368
17.76064315
6.42256441
2.64148964
19.17973044
4.38008339
8.36616052
4.16534408
11.21554604
22.94137550
12.27255499
5.50974346
3.59270154
6.14952599
9.00679411
10.90394143
3.82056710
1.93621842
6.17575840
5.15652745
5.49865692
9.22963486
2.48437500
4.08856646
3.43118864
5.76779699
10.94696310
7.45234403
6.43052139
0.21419281
8.95402039
0.63893631
5.09234541
9.23642038
5.38673163
18.08301391
6.51604263
11.04085328
15.21830231
6.30033356
3.29988586
19.66241620
3.78632518
5.98926782
2.20184342
8.04380264
6.66259641
1.04379405
2.01674638
2.22931661
9.20402039
6.14357436
3.03483156
7.28503325
9.41841644
4.95725080
4.77074704
12.05046515
2.37820396
10.08997396
0.61151401
1.94740830
4.94089705
15.05124612
10.69030059
5.23072335
10.25054355
12.75306377
3.71514267
9.71722241
2.99762134
14.39758076
2.92145016
5.55295822
12.75951034
11.74676598
5.10930920
8.86552402
7.16941843
3.14958174
4.65714539
8.36822737
13.41071836
1.51550200
3.25329192
8.16562874
5.11107422
1.83832294
3.56803898
8.80891415
5.79194606
8.74295559
9.36604181
2.31153452
11.08504211
2.34252992
1.75984680
6.17546515
8.41866675
6.62672859
5.01739216
1.00474907
2.71093750
11.06989556
9.88842415
15.26166308
6.12330922
6.74199440
9.16752106
3.79335924
10.14542020
21.68385050
7.53080231
2.07575493
10.22159353
4.37068823
14.24980476
1.78324925
3.18682846
8.43314606
2.39581283
16.19276375
0.73775334
0.58683498
3.33897911
9.04150266
2.63793024
11.39434674
4.47245456
5.07377106
17.46760860
11.25896249
5.63325161
3.54252106
11.63607796
6.40382702
13.28913259
5.81127133
8.24986841
1.49481217
7.54099776
3.53170410
2.22684854
11.04166002
2.68445478
10.52859780
0.06426727
16.76441985
0.91135125
13.50707008
6.44936031
10.21069578
0.74710356
4.29064412
5.63803607
6.01389572
15.14473294
9.44607200
10.48539769
5.95198360
1.93950604
1.29165642
11.51734001
2.44142051
17.84123726
4.11446559
3.91812749
0.29434196
11.52706450
2.89946947
9.61066517
2.96137661
13.63716644
4.05641678
1.47947681
8.64152039
7.56954441
17.34749321
5.15974859
6.32569772
4.33003449
9.63627535
2.43974277
3.11446628
5.43101091
2.57066365
6.65984015
4.26690658
8.99168689
3.12584746
5.01607269
3.05641678
5.67359929
3.95617160
15.18497119
7.11651665
3.69552707
2.75577211
5.92584490
5.86707523
9.03021013
11.03029096
2.39278445
4.27670296
3.48828125
11.24449607
1.65288370
10.34093224
3.33334358
0.01103462
2.03496800
7.24006344
3.13318151
12.52600496
7.63286971
9.65234375
3.05446365
4.79623850
5.75588521
4.53131150
14.68983433
1.49830646
11.63854174
7.84469186
6.51567439
3.65451927
4.77488426
1.13092302
6.33247894
3.86260971
15.57681267
11.37000526
6.53273327
12.15846631
2.92275321
9.48541057
5.42410489
18.63888279
5.07620263
0.55524158
9.98396028
6.73261275
3.53323388
4.88345329
8.43903618
8.49672887
2.90798495
11.61949607
6.48789506
3.49436447
3.80039506
11.42191365
8.82943373
8.44851216
3.39193733
7.41803455
1.20662968
9.72478890
11.90447601
0.30153137
10.33375554
18.31921113
3.58598612
10.99196365
8.91188553
2.91601562
5.65317764
4.00432929
4.72731127
1.21261421
4.96868850
9.75128158
12.14113420
4.58548981
4.64497894
1.37085882
2.70651346
9.62845856
2.09029754
5.69477754
4.75951103
2.00176003
4.36456283
5.14574704
4.31493587
10.08747368
8.63601646
9.49519621
0.34729312
6.78173634
7.44809161
7.90026333
11.30712337
5.27849374
9.29123947
4.19614639
2.00499474
7.45402039
5.60655724
10.21273687
8.85431017
4.63434868
10.18404574
8.09881912
3.62902067
8.12585536
4.24243136
3.84675012
7.72784408
6.53771942
8.08500637
5.84608571
9.38345329
10.66099014
3.57944163
9.72182236
15.57581643
7.24423717
2.20943207
7.40743864
3.14247797
3.47374474
7.07672041
9.83223723
4.71112201
11.38459899
5.68659104
4.61358017
11.12526319
9.82249806
7.81005125
2.27349900
19.18492629
21.83518425
16.95812403
7.28085951
4.12551779
15.72910350
4.28424368
7.41362769
11.45926543
4.32665032
10.63404408
5.47884668
7.76703388
11.41275017
4.32530724
5.50730330
9.75358585
0.72919271
7.37564079
7.95357269
6.93182015
26.76803939
7.49519836
2.37019836
3.94297318
5.49157621
14.47233877
11.11391483
3.15251468
5.24537643
7.46893777
2.16730649
4.94868808
2.25026070
3.79319689
7.16199135
6.63292124
6.38385160
3.45187632
11.90964491
18.37365906
17.34123588
4.61430103
7.37539478
14.44179459
1.07279484
10.23106522
2.24440880
6.54296875
12.70038806
1.05127971
12.35549950
6.92731743
4.20360667
0.41485258
6.52126053
5.91598487
14.74234486
12.76062167
4.13983544
6.20326733
9.42692050
2.58705674
16.20659644
16.92033452
2.28844387
3.20398964
6.55354610
2.23788647
2.31077072
6.82438217
0.39654480
1.10295601
10.25980067
2.15759308
8.00012730
10.69199842
3.72942888
6.45376579
9.62398161
5.32286708
9.06868337
3.44783702
1.32253989
8.78314952
3.31021429
7.94704607
7.20171259
4.10796535
1.60786957
11.67452329
0.60627902
1.48183151
12.89754211
17.00764517
3.11459857
14.54330203
7.26292165
5.32031250
1.79034408
5.82338486
1.40283508
4.21137661
1.70068913
3.93766235
2.40820312
5.81141151
4.77868683
9.22643950
10.44866952
3.56394032
18.09815548
1.46620539
12.39838750
12.79782039
3.93964622
1.74527524
9.63601826
5.70541209
4.76152780
3.23177894
6.29188026
11.49773829
0.61441389
6.22374474
3.54838043
3.74779228
9.10309868
4.76045435
9.48653479
7.85716229
1.79956615
10.23313027
5.78129432
2.40602615
12.51380063
1.21678004
1.35633339
10.69894559
9.86614334
9.47974069
3.21157829
9.25730330
4.24173981
13.28227269
6.79622991
18.08527642
2.39690132
8.61883242
3.53613600
8.15343224
1.65786735
12.96505402
3.30475192
10.98019406
2.28019226
0.80363960
5.15474457
12.11163280
4.05242970
12.34348758
5.96209033
16.20913813
8.24076144
0.14723248
12.93391415
22.97925296
2.27170822
19.49485941
16.14635347
5.34278022
7.39190229
5.54444343
4.60572335
10.95223820
7.87806377
5.39038328
6.59931114
8.41342171
0.61127770
7.65830397
5.60495096
6.62946913
4.44359963
10.51997894
5.34816974
10.93455064
22.52006637
3.47559119
1.63183981
11.17350953
20.49262723
6.10815492
4.93256677
4.84753325
8.50050920
8.28218383
23.33823318
5.35784311
2.14539159
4.17462911
8.87199988
5.05153646
11.71548454
2.85591644
9.32748421
11.42779089
3.53548592
3.16995263
6.53342697
12.32410219
1.85645321
0.19473210
2.30030066
2.75585938
4.11974568
10.87177028
5.43840398
13.45734735
4.84816545
6.97857214
3.95156305
7.94986384
5.20340537
3.04700728
19.02388519
4.46702072
6.85509115
2.32674257
12.28060921
4.86763519
12.49334608
4.14030031
4.65055726
2.44354388
5.29838043
10.77126053
12.87077335
3.57787040
14.59324939
4.93627133
3.85390182
10.12223806
4.07188012
1.95364777
11.28153535
8.78854901
8.91073124
0.64157604
8.24371870
0.07326186
2.17501736
0.02357133
1.74208583
5.25958748
13.13768423
8.47079538
5.80290531
4.44131488
0.21752845
0.86595849
2.07648798
2.65055726
4.24551017
6.04514572
5.79015099
16.00025889
3.00893174
4.87058885
7.18576643
2.12845426
6.09893783
5.53023590
6.66129765
2.07040905
9.17010140
23.68834248
6.07944232
10.77381940
1.91167706
4.80686447
1.63183594
15.25257175
6.27406970
9.64818290
7.23603848
12.26792927
2.99996925
10.22566711
2.11465509
15.00939592
8.13251066
3.58139046
11.07313026
1.44651291
8.34093224
6.72502632
8.20509676
8.57583284
1.88508602
8.33894621
0.05661264
15.24820922
10.65522302
12.32697501
6.57283134
5.00029892
9.29213486
14.09069537
0.99857893
7.48090287
3.00933150
17.50237007
5.57377106
10.52433289
9.66752106
5.75563553
3.84288536
10.31354416
0.52340065
9.21116135
13.97720759
17.66164739
3.51447252
5.50498185
1.59088181
3.38271595
17.70982187
4.04901762
4.36007729
9.83978225
9.01383422
1.63011774
1.32368988
11.84541778
7.12384572
3.56192930
2.52237547
4.58638519
12.54715107
3.12212073
5.23742589
19.94566296
3.50675975
10.32083029
8.77817764
8.46208319
10.89946019
1.99888076
3.13649490
20.32719886
3.92866052
9.92558815
1.23163841
9.62221299
0.75022385
9.91023742
2.54642731
2.61043274
18.27907303
6.06788093
3.60901956
7.97963486
3.54165642
9.98719706
5.91386511
3.28602089
2.43587517
1.27615082
4.43641151
15.83008242
9.33157926
6.54770889
9.75876372
2.51294450
0.52565506
5.99660655
2.99452321
26.06922401
6.56832862
3.92494736
9.48373421
10.94787567
9.29695153
6.26721195
6.11731480
12.38846521
11.86384336
8.68365525
2.17946365
5.17258588
16.22559702
11.12371842
11.69488198
5.14752493
1.02154588
3.49458832
7.72272205
11.89421085
9.41132127
3.68432035
2.94777482
5.68205757
4.91382370
5.48249833
2.56057209
10.73829663
4.89536514
8.64152039
9.35053981
1.07817113
15.01065262
1.27952072
8.79950611
0.42139011
0.99832419
4.31011705
1.13649490
17.62913619
7.28150030
7.91545850
4.90221216
0.27137737
9.80443290
6.91778854
2.63084649
11.56727879
7.02518963
1.02708915
11.03668246
5.87199911
1.57756538
10.95548510
6.60938497
4.47118157
4.51517731
12.79709885
4.29277565
1.08071892
10.14626053
5.07665891
0.69234347
10.70544216
2.23487561
4.62564079
16.90160143
6.11627493
4.33605621
23.69422401
11.21718861
1.75358585
15.32598307
6.07786611
11.14306516
4.37922235
2.19687943
4.44556925
1.16838355
1.96506760
13.76896484
7.11839470
6.91905724
3.21197307
4.79974568
5.80894421
12.56746897
2.76354028
14.88261442
3.43010943
9.87064606
8.64844609
10.11103419
10.55279519
9.21986993
0.57820617
15.27213168
5.88021207
9.02723183
2.24135361
3.74695839
15.61105136
6.21781205
0.71531863
7.12808525
1.43177720
7.20821130
9.55517952
6.85014503
4.66406250
5.03468501
9.04052997
6.16501939
3.62391151
13.83850067
3.76501496
3.46503577
0.77053964
6.84359126
13.49766137
1.08723446
7.22158494
7.45752756
2.72345509
6.48258422
12.35699067
9.93360801
3.46961464
7.80642107
8.93673191
10.87576380
2.58420822
9.29156202
1.39974769
7.77403397
2.54771817
12.22992811
1.30932749
5.46567549
0.04902384
6.88364639
1.97265625
5.27812043
6.77842365
3.30430131
0.65691600
5.00826019
7.89908688
2.97239092
2.56560526
9.49340543
1.87841028
0.90403244
10.28555962
7.28520916
5.07376247
8.77996842
1.42698166
7.98822834
3.11162402
2.23530183
7.45978717
8.17768430
16.64172852
5.06030800
2.83897911
17.66188553
4.30626053
3.28174202
8.69095856
10.83363752
5.34822695
12.47451712
5.92180920
3.90263554
19.82357581
5.60323028
12.06931128
1.82057208
8.39310201
3.38351978
9.13703915
0.44600925
2.24715149
11.90125526
7.49903881
13.33452862
6.35643853
8.95401180
2.49055477
13.69159935
6.53597373
1.97606327
2.78736612
5.54546612
3.06205231
15.83646388
8.14701573
14.54459649
3.36952751
12.79476382
16.28829441
7.85348487
2.21749356
10.98448083
5.53207530
7.28585854
3.34788010
16.01687729
5.51469740
9.84521824
0.44107817
2.05228668
7.02049673
7.31115692
4.05724208
1.10546875
12.24209026
4.56823277
7.92117271
10.12744875
10.21437888
6.41137633
8.51165295
2.08189966
1.26386886
2.91630665
8.25012730
3.19432056
15.81993490
7.14446116
6.58282081
7.65315617
10.92097961
7.73287386
3.84543994
2.61955757
4.82896748
0.25574932
12.84426779
15.73232103
18.43017384
6.37995609
15.48156153
2.64648008
6.36507632
2.25560048
8.04175158
2.77811322
4.78165337
4.79973709
31.29244958
6.30028202
2.69565935
11.65074607
10.99475067
7.54784263
7.41494715
6.05821185
8.70171612
16.18329483
8.02226174
2.73062680
4.89173297
6.29248532
2.03823429
8.78851542
0.94747693
4.72982796
3.67773438
9.43750000
9.07745568
6.39539367
6.87346382
0.86304757
3.87977089
11.19468030
6.64605884
2.91919098
0.09332107
27.66736093
16.51239666
11.17296349
4.05570589
5.13409408
11.49775083
7.35341506
9.05659914
2.48270722
10.80186974
1.11451241
1.58188858
5.56567251
4.64660807
9.66662567
7.23906222
13.40444634
2.35043897
5.87809245
13.97174936
2.54763450
0.74258907
18.73928856
7.11216201
7.64177928
2.79166071
3.43854915
8.13949418
7.29694939
1.24982048
1.03504433
17.00745207
6.42332391
18.23571283
1.78258726
6.16822335
13.62622223
3.60120491
0.91664658
2.16104095
2.98610428
4.60194869
8.89361301
5.35849817
2.28216797
3.37409740
4.40797928
4.84637467
0.59788010
6.52346932
0.40234912
0.77047062
14.62103225
1.96930962
7.72760666
14.74126136
14.56376440
6.09649767
2.06025044
5.42823859
13.29742638
4.81518832
1.58927984
1.91283134
9.79681135
1.69590072
9.69765182
2.20597351
4.94410101
16.59144143
2.92564966
8.05029352
7.98614431
3.63015708
10.62333652
2.72569357
9.39015016
12.74103322
17.07965110
8.72622853
3.96552457
15.98981743
2.63482927
0.42445569
11.91707267
4.62880610
13.26551058
18.27483350
6.76389572
1.31294769
8.00909408
6.64841035
9.80208998
5.43257106
13.18968127
2.07200244
7.19401236
4.17970606
4.24282829
10.79875596
2.20249487
8.38486647
7.94569010
5.31429507
9.68903618
1.80851687
6.26504571
3.78493240
13.45761483
0.93262397
5.79015528
5.64645362
3.25148327
7.70426211
7.23318069
4.13054826
11.73976022
12.33888686
5.11993088
7.24822640
4.34398742
6.50518783
10.12237748
1.40803863
3.74756594
18.38817625
6.90842697
8.02254211
3.25803635
18.10390182
9.99436447
20.81108115
4.65292871
14.53368587
7.47724263
20.13161604
3.19118524
4.61749862
8.50111065
3.91270224
5.65689079
4.72946324
7.27790157
9.07825230
8.13703915
3.44868739
2.23817182
0.57894905
2.42990581
5.60918190
4.89538232
4.49709926
3.65231300
5.47041348
17.60502535
9.01242104
3.22496052
12.58376053
19.50924285
3.62350385
9.49897731
6.24493947
16.69148064
2.05477546
13.64625485
4.15177014
12.44686586
14.19644961
1.94566365
4.34015916
12.19071684
10.58634440
0.69295012
12.43455494
1.72342434
4.23668288
2.18237436
9.16881801
12.06769213
5.02844941
8.96104333
9.03291778
4.07255097
2.30535904
3.55664062
1.91363185
1.48311696
15.12039146
2.96055131
6.03663093
14.66214013
4.76762605
8.83088770
3.37430484
4.43019670
8.30994113
6.76774047
4.48340952
1.74412525
2.50544243
8.59067764
17.04491122
7.03296777
3.04321476
11.77792304
7.35201449
4.26256982
5.30868531
2.03814633
7.85425082
5.97566496
10.46991717
3.92749550
0.88286077
5.49827502
2.87019407
9.66342171
2.80142204
4.44288093
16.79252106
5.12730427
3.94002812
6.89126579
3.80484985
6.24622105
2.64357006
12.39612541
9.88794236
3.25240082
7.95940132
6.94319703
12.10157968
3.06856604
0.72205605
9.07089789
6.90873448
3.37787068
9.38409408
7.46485234
6.31178912
10.78585854
5.42923981
3.56166611
12.03477727
4.45606715
8.49372368
9.06104035
3.43249023
10.45325230
1.99513617
21.80487699
6.87967864
15.19992104
5.42967728
5.90535461
6.14132729
5.50627632
9.80289672
3.85818567
0.37327072
2.51546203
4.36860927
4.23641179
3.77779144
14.13267592
8.69669991
6.19601479
16.11284214
20.98745595
1.16607962
0.86929314
8.11741135
2.90448997
3.16060394
14.09058899
22.27807319
0.86274255
9.96324607
4.34579538
2.78497174
3.77198928
2.15592960
6.45786514
24.18806932
7.52722213
2.54949967
5.68750000
11.81544936
10.40938601
0.31862166
7.21312736
4.53747341
1.98876898
0.92615761
12.05027205
11.90240525
7.65125526
3.68199607
3.12509225
8.79188026
10.40973862
0.40897191
0.21762585
6.57938193
3.82739694
19.04931516
7.92852892
8.61579150
4.22187528
3.86219276
8.22681710
9.10194869
0.48132355
12.53441255
11.92243849
4.48301903
13.48490996
7.95272163
24.13921182
6.82546958
2.45379654
16.45287040
4.40382702
23.45395889
7.97340647
3.53685976
16.12852006
2.63482927
0.42445569
11.91707267
8.59947847
4.68180082
1.50212870
7.72938026
2.02904013
4.86795954
19.03692985
10.82377106
11.66267011
12.07410571
1.72340897
11.58030197
11.40766318
9.49558241
11.58932811
19.09383117
10.62001385
7.39676114
13.54286202
21.69546986
10.09043447
9.54961623
3.25365165
9.17858904
0.40726728
4.26696310
10.26380631
0.37219484
2.72826103
4.30899712
6.12133117
15.17084802
6.25172928
11.39949025
4.64898673
4.41169673
8.68365027
7.50006649
10.04342503
4.09215661
9.50382757
8.57685201
3.71512481
1.68088791
12.28422942
7.10575479
4.22157206
8.00999530
4.43204745
14.40028411
7.14454551
3.34211298
9.83632369
2.91756040
2.72789700
8.59375000
10.39798842
3.16886552
1.49173981
13.13287615
9.94504440
5.37475675
3.81512467
5.92770792
12.83157926
4.66549285
10.58946791
22.70476626
3.25758865
15.11331200
2.98325576
13.87283162
9.86372894
5.18221922
9.11159062
12.93946808
0.41889489
1.90293038
7.53336118
7.73628020
2.08081546
8.73168883
5.53131150
7.12634600
1.91470038
9.48495429
7.68429604
5.06461547
2.25179078
6.45440658
10.62119245
2.96804126
4.47829178
15.13397108
16.55647399
6.06954441
1.52396637
11.09903369
2.73888769
13.36680560
6.54318761
18.13073706
7.28976479
7.71132369
4.32255097
16.39877799
0.66999833
18.90109726
6.12836837
4.44787996
2.58099997
7.44761677
8.00922138
9.42400979
8.75849547
0.62574288
0.83901970
20.04469803
12.58818207
12.02139212
5.30503366
10.95909519
7.94480330
1.88216672
0.78447002
6.84567667
7.36103419
1.00022385
17.90490692
2.39148857
8.74454936
9.10494023
2.30954850
8.60130361
7.33670559
0.81966565
0.52472514
4.69044936
13.01062016
8.33503782
3.45373504
8.26648964
4.79994736
9.92187500
3.55904359
5.88626891
1.90656652
1.96253012
12.59919458
2.87144060
7.27029934
7.63915462
6.16427707
9.26970287
2.96928995
8.70876053
7.33440132
1.97572861
18.09038316
4.30258725
6.70689107
3.24678745
7.24865692
8.32902898
17.44030917
6.15215065
1.66241440
9.67079372
21.57037968
6.64272759
2.36046349
6.85700493
3.02686530
4.55820756
2.28576629
19.33382203
10.69006317
2.17398798
16.21952239
3.67663979
5.13857962
9.28470426
5.36078388
0.98745720
11.49848529
2.18161915
6.86174507
6.53552638
4.13450742
7.27932763
0.45530197
9.91928108
9.49401049
3.02331304
17.90786916
9.99921473
4.02638256
3.21865345
15.30072834
3.93345357
4.34753325
5.05158799
5.07180574
1.11944565
16.54611120
4.15137827
10.79008948
5.75992368
0.06991093
2.09693328
9.31900086
4.55623227
5.80692812
1.75132127
2.27907303
15.49617243
16.79071310
8.27407829
1.19977837
7.19659408
7.27719360
11.06719719
5.94896415
10.62839920
0.56589615
4.71324177
4.14880582
7.92813414
7.48484708
6.60890292
6.50640362
5.98488849
8.45696545
7.39632632
9.96119210
2.85175560
9.66009475
1.91561917
0.05887456
0.03495293
5.48400349
3.12699745
14.19236314
6.36187666
11.55378352
4.46260098
11.86108890
18.89087960
6.83593750
12.78087240
11.38639406
3.28736397
16.61891678
0.35338341
0.97930893
11.23861453
10.34822266
11.60872991
7.33657829
2.39971908
11.56867908
6.05068539
3.72745789
1.70752937
12.00000000
7.99104610
16.71717379
4.73728571
3.25544243
5.95658356
7.81846881
8.85257231
9.00000000
8.12717697
3.26325493
7.91361481
6.85719803
4.58632369
12.15189606
2.23501579
2.60156250
8.84656776
12.59246842
8.93263256
15.10924770
3.87943193
1.37745013
1.85654186
15.63789451
4.06695977
16.29040773
5.82421660
1.47611481
8.54405724
12.61450133
6.65093057
4.34612007
12.56686253
2.41256566
1.12824828
1.58569979
2.33298093
2.63822418
17.60848820
10.28565548
6.76985732
10.35297568
3.91572169
8.32184868
6.02922609
12.17626399
3.71629696
15.19825327
2.16882909
0.93457031
14.55017550
2.61513783
7.36981217
3.42376662
9.21324177
8.70581546
8.75768520
4.80538979
4.77812043
14.21260528
9.17698845
6.36333562
2.35426010
15.28387467
2.63482927
0.42445569
11.91707267
4.92651499
2.94687943
6.51742437
12.08261054
5.16514240
18.41293828
14.54519005
7.84890493
11.69450292
5.83505749
6.54328915
38.80264212
3.90231300
39.17125998
0.47620207
12.98173530
2.64865491
1.09999127
2.02853308
5.80942334
3.65983585
8.55916874
0.26448516
2.51120526
4.18026249
3.99534215
2.77755111
8.90189606
16.68263686
3.19544895
7.97848487
8.07709802
7.25480164
8.88998421
6.79516056
0.06401135
3.67245429
13.18814079
9.12976590
1.81129349
9.45743033
5.38810616
7.55110165
1.04247063
2.04447418
9.17610165
5.04079607
1.76206560
1.93021637
6.07258104
0.23999030
6.86289437
5.64016013
2.92877923
9.32530724
3.20421349
4.08466880
1.63693401
2.24096742
4.37749737
13.76069606
7.28227269
3.24474250
0.17758020
1.96213791
2.49695036
4.13401970
8.52919603
2.14136019
0.71678919
6.43340495
7.19416251
22.88208126
5.84756898
4.06830217
3.09957003
11.91380790
10.82498255
7.38082862
2.84227962
3.46157400
9.91483059
14.87333652
4.50238080
5.84008761
2.20290115
8.30806359
13.89864486
3.27952072
3.74359638
7.06346119
2.10010375
7.60307721
8.68890888
7.65927589
2.21783932
4.42076504
4.89834885
3.60510970
5.20140002
8.80955064
7.21260098
4.24289409
7.75729901
3.43327335
0.50343334
7.04028258
16.36014739
35.57534907
4.64863060
3.82597878
6.51054221
0.03703485
0.59363808
11.36975067
5.32338486
9.13512107
10.62137910
9.60451186
7.82025100
3.16650266
4.66437001
3.87349457
6.04296875
19.77895002
5.61456283
3.26837267
7.52739597
4.30711907
7.34802097
0.95955812
1.87256413
5.28093175
0.99114299
5.29726119
11.40343224
7.62352532
18.50890099
9.09267689
3.92610165
5.08139046
16.31872341
4.75418301
3.04556267
3.89779671
6.45639046
2.30459525
7.90646886
3.01268063
4.92813775
12.58758380
3.02039589
4.97914284
4.13817196
0.25763662
3.38831858
3.09352615
8.68993587
6.53361577
1.02591949
12.76968565
9.30400376
11.69737076
2.52246772
1.89899712
8.02971382
7.94633519
1.52514635
8.29835535
1.14246620
19.15961063
12.39133297
8.67783307
2.85274539
2.27759835
2.04450493
6.75454704
4.33139046
0.29488129
15.61695437
12.98842212
4.86155059
3.91828623
6.13281250
2.89430740
4.90144836
8.52280100
0.24030142
18.53356716
3.03845246
4.36998671
2.35550947
2.79991661
13.10757065
7.31091091
3.77034796
5.52015486
2.29360954
5.19403092
6.18302734
8.19556280
10.46212253
5.56127992
11.93545033
2.31570396
3.08513436
0.28162636
2.05997188
0.01123585
2.52385992
5.51950548
3.28797401
18.28214968
12.32056710
2.95110608
4.05577599
8.86321975
11.19921875
8.32297152
22.44399656
15.74976258
11.43185588
4.09008976
5.23957767
0.39396725
9.29026901
3.26067888
4.41802596
5.47515362
0.25933331
4.51921085
5.67719013
9.83522524
1.34468611
3.08789062
2.61497884
2.90723764
7.19486481
1.51127106
6.41034935
2.09252992
13.65082337
7.14707862
5.10694343
7.14062500
4.57568913
9.81675632
2.58240018
4.44132328
6.59951283
0.53622936
4.05505153
2.97251607
7.51389572
6.06487007
17.01921515
11.97969636
7.48872894
5.39497894
2.52039589
10.09016844
5.12592721
0.68839432
4.67073360
4.72379765
7.85482796
6.69231023
0.43494792
1.16289284
18.73679073
10.28137730
4.41111744
11.58926876
18.60916051
4.73461672
7.25646083
14.64059425
5.39216118
2.66623947
18.39675546
18.18215626
8.65154345
16.80556571
16.58808372
5.42251579
3.52286680
3.69956560
3.74100139
0.20089345
8.47208126
9.26024407
0.41282642
13.89337129
3.13064229
2.25772661
8.22996814
5.88217171
3.86993088
9.01472961
2.33478322
9.67981909
5.04963556
9.45292117
1.22965239
5.97912996
2.55059245
7.96592365
4.85043613
4.33726555
3.88267661
3.06243420
11.09531624
1.49257438
4.11795850
7.03643492
2.19362873
7.83663979
3.44054161
9.37472075
4.56939134
17.39291999
12.39228848
5.38490650
11.95597712
6.69566434
7.62787927
2.81749474
3.84359624
3.57286708
4.57133948
3.05916767
2.12149355
5.98171812
7.93995304
11.29195894
6.55465314
2.68788619
4.91521249
5.31141151
5.46657303
18.68699939
5.48424341
10.08858862
5.38185990
4.13869404
12.24324884
6.28953734
0.22721943
0.00734375
1.48500925
9.40891470
16.58408092
5.54510140
13.88554230
11.34795088
5.91025280
2.09976743
4.45415198
8.78393617
8.89414720
0.57659651
1.95811974
11.67178206
3.63725939
4.42859901
8.90846202
5.46791611
2.55427485
4.20299341
4.51729063
1.90831470
2.79043883
11.91777565
3.08007812
8.26383422
14.90144836
4.73254419
9.41314134
3.96277191
3.89919271
1.39802056
14.60888298
4.50872867
4.22482601
7.69620789
2.47025543
13.58312833
4.90406444
4.41841644
9.72751372
9.03439813
14.66844221
4.16911015
4.99210882
10.34784935
8.09182763
5.50839179
0.19437715
4.18246953
3.45569208
0.67043215
1.93295296
14.12720205
2.57156901
13.94339872
9.23846576
9.33504211
3.51411957
9.90127674
1.79893825
13.39318387
2.85450756
6.98021415
6.96791611
10.37090065
5.13224180
3.24080507
6.29360954
8.33721908
18.53868490
4.26869736
9.35499889
5.49482076
1.52110746
3.50163273
9.39767370
16.16982103
9.87554424
5.55533688
4.74289409
7.82501008
0.81169025
9.87462240
2.35043467
8.73847435
11.55914194
7.96893236
9.10628975
7.14024310
0.76486245
0.91365539
22.18058289
21.17323286
22.19408639
4.47483322
3.65276069
10.57313026
9.32146249
6.17492880
5.26897481
8.54664049
5.18011510
3.54141041
4.36800850
18.00776388
8.48487131
2.64603668
4.82844969
3.81239916
7.87008854
0.02441220
16.17008422
12.55827765
4.81710425
3.37227878
8.75614902
5.07941947
9.69939896
7.58881677
5.75422665
0.81486023
8.32915198
0.50978654
0.43403099
18.08291667
6.44932887
2.68596021
12.54059868
2.75157123
2.34912663
0.62310284
11.28301655
8.43137951
15.58391359
11.82823083
10.26382993
2.20267731
10.56572543
4.79435187
5.24967960
9.18596382
7.38077356
3.66639829
11.97769600
2.43812791
7.93544174
1.80188511
1.54252106
6.91601064
3.60915614
4.07664478
8.12512730
1.35716728
10.79919465
1.72719208
2.29316323
5.07031250
2.51963272
10.23856162
4.76342226
8.05033356
12.92778230
12.56388672
9.47681280
0.87526817
6.73450230
6.53765362
7.16086713
6.56915392
28.06470634
3.23777343
4.60783675
6.04889170
19.05423981
2.77772994
2.10831726
4.20440658
15.29504114
6.12062888
2.83357727
15.43520861
6.25232574
0.82965758
5.71486814
1.95460604
5.52590205
3.75823151
2.79473307
3.09992548
6.39762275
5.59558744
5.75419091
3.50523216
4.37435062
4.72438553
3.47430186
2.88247922
4.03362007
7.36667830
2.95235261
9.23758325
6.29866149
4.54066448
3.10364292
8.37218224
3.54796349
4.37846285
6.74058552
0.94811059
14.66425560
4.40343224
24.28643783
3.83270709
3.13828568
2.58455937
8.44813026
5.69776125
4.63298842
5.17168190
3.37522385
3.95567459
7.19330715
11.48373850
0.58298814
6.44406596
21.75704441
4.06429078
3.48546563
0.04906505
2.37068110
6.01474679
2.24943428
7.23482269
4.61126984
1.35711419
4.89890057
2.73384004
10.50060291
3.12273791
3.97328845
1.17427582
1.63725374
3.01964705
5.06448388
3.12279228
15.67096174
0.90621745
11.88294409
1.50431890
4.18812542
8.35976119
1.87648756
1.05066752
8.73219803
7.57947023
21.56751836
7.32477227
8.32522606
2.23632812
18.27972241
8.91904865
3.76630406
0.62942760
3.95139572
7.22393783
6.36277635
5.86218417
1.97970066
5.22374474
2.90387495
4.22151914
5.21979984
13.30661846
2.82302083
3.28928635
6.49789741
7.02119903
1.25216409
6.01992465
1.38978390
10.82275266
1.76536181
6.14823942
5.86485961
0.86633609
3.58507286
8.88255790
5.95353266
1.33385098
11.46400986
6.64651513
4.35153282
2.45664398
5.43678988
4.10951442
1.22649241
2.08526596
6.74427582
2.83791777
3.23725427
10.97720329
5.20056183
4.39685270
4.35596506
6.29719540
3.03957599
1.57269794
2.66614292
3.74436447
7.06307929
2.96346991
3.38664866
12.35502106
5.21465065
2.85055630
8.25622479
0.60396207
2.23609998
4.33626219
1.39335730
7.89779671
0.48157753
7.66864137
0.24784225
7.92251579
6.92155460
5.09189342
16.15702239
17.01119168
16.12626870
5.85964428
4.09012550
11.82976854
9.44191745
6.02705050
15.16048094
14.81215744
8.84860885
4.86168357
2.52304272
16.44779560
14.12828402
0.71912636
8.78934785
1.92915863
9.14280197
3.96132369
6.64696282
3.36075743
3.09726576
2.02222171
2.14494819
2.96266892
9.62698173
1.76913827
1.94079192
9.83030197
4.77683455
7.95869258
7.52453243
4.66501939
9.85379170
11.70707128
1.75004827
1.24646242
2.69467171
5.18449343
8.27782711
6.64241578
15.66150792
14.46826296
1.88659145
6.28246579
7.68514711
10.79635721
5.85959386
3.96071005
7.91476479
12.11741994
4.21867991
6.87371842
6.69091423
6.42044465
3.48341811
8.40531887
11.71999370
4.99289762
5.31858108
7.51946760
2.28979416
1.83498199
7.63108322
1.99109901
8.52888208
11.32372458
5.10530863
5.63410543
6.28490165
16.07966548
5.25384045
12.80042082
11.20399462
2.38655855
1.06829573
13.32645370
2.47759301
4.07748421
0.62509870
1.80132335
3.50698291
7.87445507
3.83122880
2.68423454
13.94563504
7.06786022
2.34219733
7.50781250
8.36232006
0.70648701
11.74232339
3.58540489
2.40831325
10.07119930
2.45920822
1.45083610
16.57497258
7.22589456
1.50097185
6.52042664
1.53176779
2.92760278
3.27139212
1.79166750
4.74737533
12.35367548
13.96277690
4.93346645
3.31922401
14.86763519
2.28003421
2.24965439
5.44172665
5.74910461
8.41764835
3.41872112
0.20723023
6.54252106
16.03320243
4.72037414
8.01386497
4.43888741
3.40170296
3.02260361
19.37500000
2.97970066
3.10164921
5.44595329
2.13476562
7.80404671
1.94238281
3.95841045
0.59725361
0.73600004
2.08950576
2.35813774
8.54917498
7.44268783
1.73177000
2.88815409
0.75037636
4.79946823
1.72352158
10.90496842
4.59439079
1.14377853
5.15497701
1.63397357
1.66374210
11.25307666
1.57243905
4.69249474
14.63371648
1.42018755
19.67240138
6.32222628
10.65962489
6.80735649
8.43430034
1.49072820
9.75633997
0.30423212
2.80308552
2.14971908
14.25983142
2.68980427
5.11284214
7.46758713
5.26397011
6.24358565
0.83989202
4.48914589
13.20747894
3.84916168
4.89453125
10.44212572
12.04538744
2.36296085
7.35598224
14.99354682
5.66137204
1.11824524
8.55755070
4.04415447
13.45358004
3.60017149
10.46148535
2.71279047
4.26397302
14.44786202
0.06088994
8.67170629
8.71989278
5.48019697
15.83627078
19.57377106
5.07324468
1.42815132
21.21883589
13.28863766
3.61362020
5.05945839
6.51480400
3.26125817
6.94966644
2.61392204
9.07569343
10.35736037
19.17605594
3.81817694
9.96287705
4.96763007
1.20928399
2.74818623
7.36363017
1.49902344
5.41617797
0.06681351
5.29079178
3.57215370
9.06185921
9.89831020
5.71106480
0.68212891
10.50345856
7.08139046
10.99929556
0.08446497
4.36782829
2.68240927
8.65379266
7.95574967
7.16969803
8.42041016
3.50758865
5.75621482
8.19518091
2.17209885
7.10887869
2.44516802
2.33417747
6.69184398
1.94638020
5.81832862
7.71151249
8.55806599
5.56789519
2.09864819
5.59029574
7.46887300
0.72930893
11.56212240
2.99804812
15.12975302
1.50774920
3.24333250
4.25952460
11.20645196
8.43573460
6.23615328
8.92954302
16.38563456
2.94258699
9.69800296
3.37480690
4.05417401
1.99175518
8.95658356
0.30881760
2.73520889
10.24449607
2.14135804
1.36305740
18.69300255
3.38012771
7.35066711
5.85707502
12.05724208
6.18141678
8.82597809
2.41646401
7.54969276
1.68652344
13.17869487
3.15000942
5.87256413
9.12218224
8.74338902
3.00955604
4.28168232
4.08971645
5.59310921
9.82380181
3.81218175
0.31599208
0.06646729
7.67971405
0.50267929
2.56054688
13.79047997
10.36341070
1.88494799
9.93198291
12.75939868
4.52586048
1.72469304
2.61632286
10.38571539
3.60647211
8.68186447
1.97936780
2.45469331
1.27177831
4.68704372
4.43814079
10.73027565
4.59080494
15.37540337
5.28590716
5.64017731
10.09285461
3.03720163
17.84911306
19.08672277
2.16193595
3.08057444
11.83783840
6.43045559
2.79716464
2.82815575
1.06986481
18.15862298
4.68448623
5.80987533
10.56967600
9.41393520
8.52306281
1.77002894
9.48435962
8.10197730
0.20142862
2.50224277
6.37762467
15.20261580
1.84924438
5.37992464
13.34029574
28.97138188
0.01127106
2.56944786
1.75781250
6.07761366
2.05824046
4.38908882
11.71991966
19.60387966
9.98295323
5.27171681
18.40413578
16.34635181
3.77652773
13.54095911
7.02600067
12.94294243
22.76792927
5.60111910
3.31923787
2.29041264
0.84656776
9.55540470
2.90592960
1.45290115
8.41355330
10.84198499
16.84438220
17.23167595
6.89261747
2.26922443
4.78554244
4.39382466
12.06307714
6.25281562
7.59567237
15.31979901
6.31064342
12.61364223
3.83985304
8.82444191
9.06122701
7.52706477
5.18372534
5.83049077
5.55219013
5.46721382
9.28035461
6.28944869
2.36071808
8.27907303
10.41112173
5.96765902
12.79608544
24.45703125
6.32352075
7.62787497
5.65856716
4.35379239
3.70226036
0.82823692
0.02129105
2.33589660
5.31294769
3.83789707
1.29829282
22.58303109
1.38850593
9.75256317
3.43808144
0.68521020
4.33358031
10.54370110
11.12227089
2.37134942
2.81129215
1.91640818
13.17341118
2.36187666
0.73904505
6.15625077
3.42155384
6.01549770
13.66117326
5.80539976
4.94390362
6.22841908
6.30206283
16.50001718
7.14054417
5.85890978
5.22995955
6.66713272
4.25698076
11.23911514
12.59989472
0.08007107
1.01968612
1.48506725
2.39517204
16.14667747
4.91495789
7.31045462
4.37589539
9.15201906
6.52298482
4.99232086
4.55843248
3.77455888
17.44237173
2.50111494
3.01473498
1.54927045
5.23002535
20.84229250
11.72833610
2.76573443
3.08064024
11.91204680
0.30020303
1.90167221
9.52872548
10.00188372
0.47396858
6.87781776
8.96622119
3.77919994
0.04264451
0.81167595
16.90335716
7.23377853
13.04998172
6.59659921
2.75072750
18.82377106
17.44698028
2.61183732
2.33264129
9.84704621
11.23873753
14.84196059
3.02835141
1.53808594
10.95812833
5.88235622
10.79444343
10.30804459
19.18032829
4.20024573
9.45517897
5.77387661
11.12647253
0.15856165
1.32605995
8.25182475
0.04889546
15.11093265
4.30697459
8.02311496
8.71305082
6.90272994
11.73049666
0.83108828
7.71878505
10.60834802
3.04841118
1.64429203
6.67738752
4.41898714
4.95703125
2.51298607
18.46441032
7.49762993
15.72131746
2.99483862
7.59592697
6.62756317
10.63275959
7.87923523
13.82168453
14.90177305
8.00537234
3.29405724
0.65636192
4.62538765
1.21986778
5.40580231
9.84401381
19.02628103
16.36139461
0.33858246
1.15625000
14.25900114
10.23310630
2.34533549
14.13041168
6.45140216
1.04851666
1.18412262
7.11507065
17.61010874
18.94156361
7.00135305
12.21466714
15.70346395
6.28131815
4.28568830
8.28086381
0.42592884
6.14190658
2.31858322
2.27756760
3.43292221
1.08665732
0.19873322
0.72754907
3.39014655
6.39824440
11.12282303
3.16579392
1.28975157
8.61888104
9.87323851
3.49367867
2.78795538
13.44102220
6.47022253
8.22015888
0.99034076
6.10136940
3.32108274
1.07280772
7.45856743
8.41380790
15.00054542
19.09809536
7.80979665
2.85547304
6.84452668
1.78956311
1.20145044
7.52413550
20.03285627
3.69697169
8.01332502
4.32414866
4.40138686
10.86334275
7.31122056
3.49207815
5.27027925
8.06007453
14.37427194
4.11199967
1.97156278
6.33008311
7.50890099
3.90780317
0.16842959
2.95008339
19.67787567
-0.33678573
6.76080833
16.70549507
9.75870789
7.76267994
10.99346203
15.93559756
2.37204205
9.47553981
6.27209012
8.25239584
14.54993018
17.61111716
4.22218708
1.46507189
3.68355379
2.81022648
4.62359541
0.66138741
3.78598584
4.74391678
5.15942251
4.15378193
8.53268680
6.93879703
2.30977878
15.01606273
5.51439882
22.20926972
8.94723986
7.11436974
1.95959871
2.33464608
6.72880097
14.25297796
17.99524775
3.64531360
4.44339013
8.68662179
2.52844581
2.29526187
4.15352947
6.45677665
2.77443734
6.94847351
14.67776942
2.49181668
15.91112173
10.41789866
10.14664672
8.17071447
0.37859210
6.86177942
4.89667387
3.27711990
8.74475067
8.46798191
7.12461381
13.24462337
6.63178552
15.13284755
3.73760541
3.99718224
12.31391318
5.41933151
8.78821650
20.99220821
8.31479139
2.54556267
14.24257369
11.21377244
11.06043315
6.55366481
3.20667581
12.07550248
1.09573173
1.34863281
13.55357616
2.53473141
6.55980954
5.03112270
6.45920822
1.89629128
7.37843390
3.76271997
14.69486481
2.91166168
1.86384087
8.45530197
4.96132369
13.24712073
16.32069869
3.69604554
2.44771332
14.39562403
23.54700230
1.96269323
2.37180034
6.89523354
7.63908882
11.92591576
0.68544312
16.81263159
4.50377466
19.17405197
9.18685921
0.91150917
2.80555214
10.99290482
0.26686080
2.59109943
13.18709663
5.29282857
4.28835037
14.64798981
18.39587863
4.62365262
15.78669535
2.80967932
12.80264212
3.33145196
1.48166916
12.61001579
9.83760528
11.64587433
8.62154144
1.75304161
8.40189606
11.99199440
5.80660987
29.67808054
18.60624183
9.76953125
27.49756705
14.50864777
4.21135237
14.55486633
2.37736854
3.82893742
0.71586090
3.34436004
4.40842628
1.81038522
5.09315714
18.34232823
1.51861619
15.34157303
12.98418835
8.86433739
7.96680186
2.90690797
1.33185173
5.79111217
11.23952748
6.62653618
2.83778591
8.17904165
15.19756601
9.84261289
7.14469429
7.33225510
8.96926349
1.10559605
3.18663536
3.30423033
0.58505712
9.71343647
15.59199204
5.80391082
8.37872604
7.39567265
3.28796903
1.17666625
1.63961769
12.53614819
5.04764309
6.06839872
1.67694232
1.36501053
4.27378230
0.17422589
2.33548981
10.94022482
19.09979319
5.03548232
8.01709968
2.55237893
6.74392966
5.07593514
8.97172904
0.28610376
6.47483322
3.11705646
5.80973515
2.88946213
6.26364112
10.04887605
4.94702460
7.42450826
6.51446642
5.58599900
7.56142010
3.36794700
2.43391415
4.23165309
4.06349263
2.05619293
8.75922568
9.49260805
6.54017384
8.34080494
5.73130264
11.35233059
3.73162851
7.23732221
10.23721098
14.93648161
4.82632563
5.70062763
0.46456394
2.90830397
6.79248102
2.73520958
5.39843965
3.25022170
14.22762384
10.89439107
3.30549562
5.34087073
5.16694177
8.07596091
4.05185685
8.49935921
10.85412567
2.63739029
17.89524213
4.45862464
2.68519573
3.87926169
10.32837991
22.82872147
16.73782926
15.44374806
2.37490775
2.65115013
9.01780197
7.38691185
2.95232332
5.88297339
1.20627853
13.70704275
5.78527634
9.22924867
8.61783259
1.89756857
13.28714872
9.30378352
9.60373947
4.77254211
9.54978377
19.49232768
4.01317625
6.68122368
10.69153570
0.94478149
0.01127240
3.43426353
16.76522592
3.24511968
4.20094803
9.23672808
0.07470388
3.62017980
4.04996592
4.74628685
9.65427686
1.36333202
2.91385209
6.13956366
1.07474762
9.96173634
19.35373947
0.12061054
10.53935575
0.65573290
7.05521637
10.32479804
11.34657635
4.16456311
7.09298620
3.69194620
3.37273077
8.46170130
14.46153259
2.80518090
2.45568817
3.05516595
16.75197820
4.00692278
0.59732048
6.62226812
2.90418024
11.88498947
4.85610954
10.59530336
4.07637854
3.82441185
4.16950493
2.09788010
9.75781250
2.42409803
15.58104430
7.16470329
5.05651333
13.22029477
2.88634918
3.28784671
6.37315416
2.03777018
5.22773085
9.58852781
7.03951019
6.72112007
9.45236120
0.04634707
0.62545753
7.07604458
7.83036777
8.35706643
0.61865234
13.57610539
4.72922290
1.45765348
2.48154504
8.11899408
12.18785541
12.88304923
2.80890126
5.52471908
1.42686974
10.57889739
2.63095163
7.96782386
21.39981993
6.71810062
2.66601562
15.81948076
0.13256590
4.93142322
0.62131831
7.48557809
0.74769878
15.00956797
13.81430642
5.12102366
3.59570312
6.98220447
8.39311025
0.90331061
5.94954344
2.64548814
8.12964719
6.18765445
3.86861785
15.15776471
19.88265445
6.32509090
3.87198162
19.06853249
6.19708161
2.84093791
3.53814537
7.43529698
21.00516705
8.12366550
13.77791016
7.77024338
7.38219299
0.12965798
1.34026069
4.42496385
3.76141691
12.70901237
1.91284948
8.37910364
2.21128435
4.03989639
2.30298897
17.80481480
2.64984638
10.34093224
10.47826103
19.72081256
3.26356244
7.13889572
8.19943332
4.27904941
3.01331858
6.33664409
0.30571019
6.42730386
16.27863891
4.74220828
0.08625249
7.39734901
19.09406043
14.39393908
2.69050296
3.43122829
4.67891941
4.45830355
6.13733377
6.71612533
6.87034284
1.34104236
16.15278937
15.82093320
17.36416805
18.01255264
2.59147433
8.54925580
5.21239930
4.59483849
3.97067237
12.75870789
12.81954870
15.18700188
19.98691961
16.99917332
3.09747450
17.10019974
5.29969276
0.41040039
9.15768894
3.50419658
4.78336547
3.75310311
0.65284187
6.64081810
4.56596645
3.32654587
7.79047138
2.25713881
2.91375382
1.34923883
18.33792138
4.13633685
8.21762148
2.65055795
2.53323388
10.05895709
1.96925130
7.95293405
0.81058531
4.17968750
4.84115716
0.44426353
8.17610165
4.52094013
13.55041868
11.30360546
4.71379529
3.28460771
8.90061447
2.82463569
8.49897731
4.15035558
2.45485428
5.09662536
6.87320746
3.21484942
13.54995166
7.75957146
0.40787397
30.66113891
19.26051224
4.38051252
2.66918024
12.77471908
10.30395806
5.54145542
10.48681087
8.44415822
0.09297161
1.67390930
10.12256843
20.48635888
12.71554604
0.31185921
9.66969803
5.61135888
1.27896110
4.57499543
1.70332488
5.77255070
8.50306377
11.64511483
7.85450112
7.71761075
1.39887231
2.04773964
5.74730348
0.51712111
4.01882896
5.16894263
0.02492587
4.26464345
18.16602061
5.49052831
23.89241578
8.17033452
17.37640888
0.23316444
8.82275266
11.79794493
11.53510472
10.68750000
8.00352435
4.04937452
2.69598190
6.36654671
4.66712060
13.75341208
2.44018540
8.34468366
2.45651454
10.16662567
1.01501496
22.41048953
16.45158023
9.56009849
16.80849360
1.14846825
5.24609375
7.05750526
8.34810394
13.47004447
9.77252923
9.41476694
11.50699364
3.43490608
5.54116079
15.18225067
10.48942986
2.21177277
21.77741384
17.35994570
3.22934737
1.96773126
5.67108544
6.75515639
1.92715578
16.53462738
7.69140625
0.43286133
13.29879737
1.05016013
4.21948304
2.75108849
15.98899213
4.39447006
11.21458777
3.24002784
15.70463541
11.25665392
4.65933670
11.13865753
8.97273493
5.42960882
5.33548981
11.00345856
3.23818470
6.95671944
5.33900986
5.03066642
5.81217960
4.60495679
1.74724650
4.49500526
6.58284048
13.62084414
2.60851036
2.05750526
16.26703388
11.93755581
15.15343224
10.16700756
7.05581326
4.23376274
8.84035509
5.69001455
1.08260659
5.09048454
8.30108129
7.75675975
1.15602615
8.91024352
5.33456865
10.68417304
5.25915420
9.30705895
9.89776596
13.17085231
6.41292325
2.32580140
14.41470329
6.53906250
8.01985165
3.90318193
1.14337267
2.14604243
3.59396810
16.61520362
3.39401776
0.92339581
9.29242382
12.96193013
0.41949447
9.74680463
14.87479762
3.21292636
4.75922138
11.57240082
12.09872756
18.85244930
6.74781014
0.41993725
13.25781250
5.08766678
4.05251482
3.05032926
28.21830231
4.74827072
7.75845329
10.79450785
19.61553648
8.46414146
9.16111314
5.59547928
5.95137287
6.77362879
8.38253213
5.77225354
1.22071120
4.83731632
6.29149407
1.44784921
3.69581740
7.24023438
2.38303635
4.25730116
3.77124238
3.75899324
10.89309093
24.99054189
3.96943013
2.32617686
3.64084885
6.67323526
15.34890552
0.92575548
3.16120041
4.20355552
3.96465065
19.44502030
18.86585854
5.87187043
2.36909270
1.30348709
5.21622050
4.96650861
1.19846603
8.67162040
7.83952945
5.37748019
3.46823221
9.87846714
0.67606785
8.90317764
2.76498421
3.76577552
8.38229901
9.73668786
13.67534214
10.87421473
17.39102990
7.48592253
20.29287289
2.62301612
4.01933815
12.52280959
2.63561738
3.40602615
23.91502369
15.14306087
6.91003754
9.73436212
3.14539589
14.24851965
3.60778299
12.62413536
11.76691517
14.55357013
21.96439606
15.62654906
2.86701227
9.51109264
21.81451961
5.50686420
5.09645764
6.72762093
2.87138125
12.82979055
15.38998421
3.17076533
4.00756925
4.37287456
9.19623753
7.32966118
13.44284519
6.04871010
2.87083056
7.08094276
7.41528258
11.92240567
17.11693720
5.89392619
9.21951809
3.96830231
0.14296986
21.71429023
5.38900155
9.87668495
6.66756538
8.07402565
6.32895889
9.43275986
1.80784103
0.66301460
5.59208084
10.80750879
3.64651727
6.87769046
5.54297914
14.27965301
9.30856193
0.01664869
4.87762896
4.19018617
17.18828956
10.80123324
3.49027441
17.63300560
11.31302672
1.77011380
9.66441296
8.44561280
15.30757681
9.89961678
5.35207170
5.66144504
1.10350842
10.10668454
3.20258076
20.88173416
6.43958694
11.88008768
8.65211699
7.22329704
3.65814592
2.22745360
19.82610608
4.58600330
0.77000970
3.44640099
4.96234638
1.68935658
0.56227615
13.51872313
28.24564606
8.27728723
13.71747701
3.42706962
7.11251316
12.45591738
0.68797308
11.19619148
5.01365753
1.20155807
12.21162622
10.37779131
5.20149601
12.04802499
2.71063248
6.15016678
5.62327072
1.83875526
18.42780669
13.07077446
6.90939813
7.98786431
7.49733960
18.07340273
6.93825521
7.04764309
4.59765625
1.82067217
5.69631372
14.51567791
7.23091644
6.11891678
9.78919409
0.93683954
7.68234514
9.75144170
5.49757134
2.56342323
5.55097435
5.25141068
9.82491245
3.34153369
6.53112270
0.67056821
8.60588569
2.65951546
6.42341118
10.62013686
12.58404654
8.27051238
5.95799244
13.50315353
10.43365172
21.03087592
10.60232630
7.42360428
1.55697640
3.80379211
9.86872368
14.44732214
0.02817764
11.64062929
7.56519046
7.46597089
2.54282926
14.23002964
20.03171273
1.66880977
3.33680214
14.60674784
4.21265604
9.51742866
7.23001032
1.94652399
17.55611176
6.31499737
3.47316974
7.82065299
1.29230787
6.11923717
8.39101119
14.00114999
5.46854333
7.47308677
2.39079593
5.04550906
1.16548135
2.45594276
5.03983059
5.85626690
4.77161666
19.60616606
4.89015583
9.12144850
2.33035987
13.53470856
6.08446282
5.51645674
0.99376427
2.56073700
4.61255886
7.40254114
3.94325853
10.12481764
1.12572231
8.39644864
3.80645251
10.85348487
8.44954344
1.58466700
0.50907379
8.83575085
11.48395951
2.13988406
16.50589872
17.30378352
2.94726562
7.21215329
1.97397468
2.46421224
2.12759392
8.20159173
8.92482144
6.80129045
4.36870083
2.66908009
5.88370789
0.30606071
1.36934910
9.27349333
3.54851701
14.38519545
19.75904684
6.74924050
4.44594470
8.40202335
10.38370789
9.03470856
5.87073332
5.47275993
1.34792837
3.74526201
3.23940263
18.63089013
3.16124474
10.45978751
8.06532421
2.66261213
5.82031250
2.23805740
7.87519310
7.94437999
2.16870816
7.78898029
10.55573519
9.34015985
6.22784408
4.29104638
1.96514877
5.21791611
2.22896654
2.33135649
11.73988323
7.27029934
8.67620609
2.01347088
13.10873421
1.53038536
9.15199368
9.81240238
9.49438165
6.53994501
5.72958839
11.91594948
15.87465813
2.43819370
8.97156776
4.06805976
0.08995027
1.66068512
24.95294770
10.55640098
8.31109112
3.75505070
10.50909838
2.52733946
9.64552679
1.37704607
4.72834830
14.74242492
13.74051972
4.57799341
6.09314980
7.52667581
8.88316004
8.46191448
6.83905986
6.32146678
9.64654519
21.41415197
11.24900591
5.16730012
3.25857768
5.15154422
5.52668371
18.06755624
16.15474390
0.82357242
13.49218750
3.63820777
11.30240685
4.13613225
14.47611481
22.78256233
6.74045822
2.96361966
4.28426362
2.08843057
9.88422138
2.75858059
0.90096008
6.21407995
2.55888551
16.82371454
13.90407303
6.03217829
12.00468937
5.30198415
0.62152607
2.56912740
7.64689488
18.42499813
5.73148714
6.36629211
8.25243157
3.96782386
15.06915822
2.83423897
3.19649753
7.78801696
3.30355607
5.43782898
4.77093154
15.28548094
2.31323304
8.67776513
16.59914811
15.00869071
18.95184771
19.03132009
19.76903992
7.30110165
6.03028881
2.56778331
0.04237485
12.56378158
4.16407830
7.14907718
15.52484707
9.21632702
11.58426114
6.63108322
9.67914326
6.05347171
3.91540988
1.86941060
3.21241218
5.66233322
2.37589539
1.05742409
8.80468750
1.67829399
9.44894559
4.06905377
20.29707101
7.76555199
4.87640888
3.28586069
0.27633921
3.31714788
4.23538412
5.78847462
8.32119930
8.67097961
4.95402039
10.12373130
3.95439370
2.08548981
9.92943290
10.73744736
7.62262993
12.40202765
4.53620333
9.37549631
13.68865858
3.91711907
1.24606300
14.73037220
9.18706948
6.33387065
6.21249496
0.16746379
6.85476216
2.75576283
3.20489791
10.98950992
35.10472075
9.13369708
5.17653397
6.72323554
3.32680768
6.25682125
15.25585938
2.53493240
12.03523217
13.36666389
1.88920074
21.25784325
3.50169853
11.58798717
10.38242631
1.68248989
9.78534935
8.88370789
5.02362063
0.88653562
4.96967330
11.48837136
4.51350309
4.89983350
1.15445707
9.78842600
1.28601659
5.55919451
13.88141470
15.88626247
8.25473155
1.70056183
3.48476119
6.10943650
4.86014094
1.59770467
2.37134758
3.08596825
7.18705231
4.63928192
4.89068650
9.19073471
2.57617188
2.29175726
5.92264739
0.87346506
3.84832779
2.99862187
6.91297401
3.66604638
4.13966381
8.25507771
10.85384959
3.27952072
13.27126053
2.09112319
3.68212122
2.63236910
5.56652925
0.10001602
3.61523438
17.35489376
7.47636940
3.24155959
14.47376752
5.65719761
3.03738614
2.64167415
10.02638256
12.66611217
5.81717864
2.09934833
0.57390230
9.37739902
7.58747368
3.48178108
3.64418010
4.53438816
17.85928206
1.47704164
9.79554909
15.67622036
7.42224831
3.05830411
3.75803635
9.50102698
3.41970232
3.51849997
15.95530197
4.70736384
10.43393485
2.04854063
9.70159311
6.52304701
6.97938241
0.10504966
7.84417484
6.60222614
6.55673717
3.30254128
4.47579441
16.37808095
10.21336409
6.52551861
3.32140099
11.29008948
5.59957433
3.00495256
5.13882778
1.09080313
8.83244819
5.50499474
11.36296085
1.94119778
1.19854721
6.84657635
13.11259184
3.45665434
0.50896187
9.85958389
2.21572334
4.41361481
11.87346382
5.66502369
14.82441614
6.50191378
3.01194260
7.57001630
1.45372645
1.73967476
1.60157788
1.84189890
22.46425802
2.20041951
21.46484375
3.69131400
7.46522565
1.36739597
3.28304078
0.48319488
2.39994293
9.03466638
2.42217178
6.99820922
3.48027565
9.78060921
15.09273161
18.86797198
5.14248158
4.18388876
0.77222189
0.92830383
4.08345232
0.54233114
4.94095856
4.80622368
0.63089996
10.32645224
5.19874744
1.37226126
20.28451837
1.48757604
10.69595329
3.33423897
8.67622894
1.92701456
1.62094893
2.17738215
1.53199012
6.60404837
6.19461021
9.28327000
0.55314595
8.87935394
7.75019310
6.26408882
6.56970246
11.28061780
10.72437694
2.29396561
3.05119819
5.55687306
7.39388187
3.97829178
7.30969083
8.08222005
2.76680754
14.97027759
12.71068290
9.04468944
17.04370179
6.37890625
4.77561447
2.64821365
14.87109375
8.95261580
9.86145473
3.43112782
4.68589802
9.46951809
1.41015625
0.03990661
18.61004654
7.66252632
6.13995238
0.20782594
5.17514046
5.91316711
12.23302624
4.88505665
3.78643783
8.94158148
4.56924978
7.07014226
2.41718279
5.13697086
6.53577127
2.50630707
11.70978751
9.05995831
0.32671002
7.44200992
4.63694896
1.82301834
11.49053690
1.11198678
3.91620443
3.89277015
4.73917217
17.21146817
13.04954399
7.03906250
6.01216292
8.06724367
13.04892897
15.40073748
2.51127106
1.04752777
1.15337967
10.03509475
3.85181710
3.86595385
2.20852702
0.61370051
13.26820105
0.15051058
1.91763298
9.75461215
18.57130513
14.27932763
2.80212433
7.13060623
7.55971153
0.56032303
3.39257812
6.73405460
11.19595759
5.48533189
6.00570991
3.33153992
9.26043931
1.10630049
4.39664672
16.69537400
9.28778092
1.68213874
3.57703437
14.03273265
10.86781817
4.56640625
9.97838833
4.52106743
2.46311447
13.40215495
1.90621495
5.85758207
4.84368566
15.68286569
4.77266082
2.87054951
11.04687500
7.80241398
6.23879474
7.83837337
5.22710567
7.08878709
4.15733849
7.56653535
7.14203818
10.27636109
3.60666916
3.09938553
7.49910461
15.43686350
1.72415739
6.27676446
4.04846340
6.48918952
12.50125582
6.25710162
1.60015362
1.92502411
0.17441738
0.86388145
13.89172069
0.47231327
7.71208705
3.59302761
1.60884613
20.62579402
9.19859222
6.48181183
5.08757023
8.54188026
16.72786555
4.32935114
5.44261598
8.27648839
2.03726743
0.75887024
11.90970856
13.50262467
13.93956256
5.70215093
5.31121842
5.93436614
3.16067189
13.12269974
2.22970066
10.33811447
3.84397385
14.50013159
9.32059785
14.86514212
4.68218057
8.17686974
2.09157303
8.14626053
5.96202813
0.37922879
6.40201906
2.22915642
7.87564079
8.03879862
5.51701241
18.37245401
9.85961242
2.93804424
20.92923981
14.90767840
4.15182596
11.86133048
10.73574094
3.21266678
2.16601562
4.72695923
3.65206699
6.71067002
6.41547138
6.25633997
5.28321961
0.18560941
1.43445839
6.10566185
2.79059868
6.58890189
0.16609285
10.07122077
3.62582100
2.28928635
10.96109486
10.55637134
6.67426807
17.45556945
3.98615719
3.45962517
4.95221067
0.21714175
0.02375793
6.26447931
6.10245360
5.68378685
7.39087960
0.92198692
11.30899574
3.98916084
15.33121454
2.89896886
15.58763603
17.53213185
2.25494535
6.96554965
2.97015957
3.27436364
5.04687500
3.79553192
20.12911652
18.36832031
14.44672568
4.05372202
3.17053192
6.95366855
6.40596105
2.75454704
14.34861744
7.95126842
8.51818817
13.14682555
4.14882937
2.39257812
4.55366481
4.70972816
4.75267973
0.16284180
10.81551301
1.27823699
0.36378982
10.23392731
5.73002106
6.72874377
2.19834982
7.56058192
2.40250180
3.14779671
14.12579386
1.77744528
18.22671127
3.13532774
8.52855524
1.83270279
12.07479804
7.42809273
1.69828111
12.25998947
5.16905724
3.63694260
5.33030197
0.03198738
8.46044977
21.84880390
0.16313814
1.29165642
9.10913328
4.80310914
0.75595017
0.25403847
14.83210134
8.89326685
6.34167885
2.41425560
6.62198914
6.17840592
0.07227577
4.36902870
7.23283882
11.08440132
1.95856743
10.34157303
1.97201546
0.80149338
15.24611814
5.23153285
1.01453651
12.74218750
6.13550726
14.64126579
3.26075756
6.96765722
1.01531998
12.36821448
13.16284533
2.87116883
15.78826005
7.16251773
6.91284242
2.79367576
0.93469719
2.02216021
4.19895986
2.41143783
5.36340855
4.85636414
0.97894794
4.54644878
6.24370221
6.02117617
16.11919423
9.14280197
2.95594276
7.35790032
1.68235275
5.67187500
5.73386580
13.33696448
3.69957204
0.76926037
6.19108585
8.69243109
9.02337385
1.83624252
14.27129488
8.47735705
2.91825908
7.91131483
8.91431280
4.02472767
1.75729042
4.89258602
2.49000263
17.56700701
3.98050878
8.63503203
0.36590394
7.25470011
6.21206602
2.40301529
6.21093750
11.52830494
1.43165600
1.21754959
7.12497715
11.27534699
5.79749861
5.18345357
5.83574440
7.56416778
9.41753823
4.80711673
0.39084447
4.42527940
2.32938940
8.46067861
0.18047588
0.76249844
0.57029567
10.27869113
7.96067861
4.04545074
6.42686974
1.59885666
15.08721908
4.04123947
13.94584746
6.34885056
7.93878158
0.73707100
6.24327599
9.78317237
3.95683815
12.76767897
10.43544603
1.78384392
2.98328651
7.88684605
2.95786943
7.29418024
5.47621243
3.77398677
4.33835189
1.02593057
6.19813026
7.84702834
1.94507577
3.57031250
11.39209968
2.55948914
5.03588002
1.90639087
3.27779144
10.87321781
3.05012190
3.56667082
4.51043717
2.58180740
5.49330781
0.70711564
10.12269573
3.52913238
2.51720080
2.63007840
8.18224208
1.41567985
9.85787386
2.02122548
6.32703651
1.61305740
9.73706976
1.86020030
5.82019808
2.73618794
4.69121315
14.95517467
5.60867271
1.30170739
13.19825756
14.31391318
3.37007252
8.77999342
16.75256317
5.17305076
4.31830286
9.74731383
2.40522302
4.76671349
10.60277829
6.18474803
4.61244736
3.40711464
2.95222961
10.87884475
8.46797761
6.91845939
2.63664505
6.43660890
16.96248999
7.35917692
13.65533743
3.39541805
5.39766941
1.66212475
11.95211188
0.04440912
1.31378158
14.47203126
5.13215591
2.87368767
5.54585231
0.05777539
0.56911209
4.65087129
15.93740552
4.74353419
6.95680380
2.88889572
10.62909935
5.75008589
3.56439799
1.52539062
7.93922928
5.17341548
8.10739542
3.47255541
8.02650986
8.72124522
1.04495477
3.65519407
8.71181571
4.92661514
2.92449967
7.04008948
14.72063879
5.87771976
3.69057236
2.87615041
2.19164935
4.79796349
12.51232381
6.45918246
0.20075524
8.41251420
0.50838424
3.83082697
7.32497534
5.40644310
5.38479638
14.45914672
1.97153272
2.90554951
7.17096673
12.51420753
1.04903660
0.56129959
6.90266415
1.00587475
10.17539720
0.07073206
6.77908591
1.83550767
10.29358669
2.72917927
6.51652468
2.74932416
5.00057929
9.10092171
5.64132729
3.80491135
3.27763125
1.15721119
2.85269642
7.46636705
4.82145175
5.95337960
4.79137107
7.19236314
3.56624820
1.71455411
15.21299147
4.62230524
10.66726414
5.14766220
3.74869487
5.24141220
1.42859901
13.21004211
3.04082253
21.45856743
2.84234541
3.37791002
12.02984721
3.36351438
3.99672672
3.89812493
6.98203791
6.72749071
1.47134392
14.73203929
5.03262882
6.88351479
3.05276942
9.49436018
5.80841354
8.25122652
3.01706291
2.62848708
13.10373947
5.62097504
5.83560852
2.22897191
2.17299853
6.40559847
1.76296200
2.92499307
6.78848751
8.74167401
5.98712697
3.88868227
4.20809397
6.99814342
3.30369556
8.62307763
6.65452072
12.83866944
10.55747091
6.18973847
12.50833029
2.81438303
12.40100925
10.96182430
1.04168717
17.42260628
8.16751952
2.74244639
6.53684979
0.02817764
17.95825133
1.79756621
4.59189204
4.49269378
3.48546349
9.89408356
11.63334083
0.33127907
19.63399262
13.94963569
4.70767204
10.70325659
11.46256593
7.80404671
5.92968750
10.04739279
2.72848058
13.63192140
7.07267398
11.33035025
1.53190617
1.52421308
6.18750000
8.37147780
0.43296494
3.95254571
14.83242790
9.53894379
9.15385652
8.81734167
2.56467697
7.30769836
9.49312583
5.89569642
3.56358849
13.75948028
5.94114736
2.48014835
6.24718224
1.12391151
0.02258301
4.75237007
5.09340246
3.21083735
5.11308815
5.34234112
0.51230358
11.69317418
5.37840564
5.96543301
4.41220592
1.70789589
7.56487007
1.44462343
0.14589186
1.31520584
9.16576892
5.02941628
19.01908716
3.02423274
13.14696497
0.46097469
6.30506940
7.52298551
4.65234375
18.21805415
9.52291971
8.95497943
5.52452599
4.18750000
9.96657303
15.13254028
11.43020529
7.71152967
5.69439564
12.74409074
0.04325294
2.75608322
17.13601646
6.55088140
8.71064425
28.14827876
7.45330435
8.06595856
16.51614279
6.56973321
6.33535821
6.16725662
3.51671349
4.99632759
5.99891151
18.87320922
7.73450659
4.29745429
3.23827266
13.53829870
4.32760721
10.58677139
2.73613503
5.32831810
2.01258339
11.84452239
11.14331117
8.27369210
0.39084822
2.33362893
16.93310478
3.19358391
10.06493587
5.45254571
9.78547665
1.58779408
0.44381199
11.08479610
4.01606411
10.44557569
2.42209026
4.97645058
9.13716644
3.59570312
8.91944343
16.58312833
7.64394767
0.08997136
9.77016706
4.52002756
14.07222199
2.62544769
1.32465107
0.02283222
0.22084549
2.07463569
12.34003685
3.68362450
3.99522911
13.08811447
9.34503158
8.73968944
6.78550809
4.00390625
17.44697044
10.96993434
8.89809750
4.95831283
13.94724346
2.01523022
5.98002106
19.88705203
9.47949468
2.36253574
0.75050809
16.53302360
18.31301779
1.28605164
11.04251676
3.32325756
0.86771637
19.92686974
17.11377189
10.17135721
6.72031333
11.12794936
3.44236314
9.65625000
19.63781583
6.12649559
7.10238780
3.54469803
13.81404906
4.13126344
10.53087364
19.05122894
7.60912040
7.21509835
5.67450327
10.41258567
4.41377569
3.72976431
3.17461374
2.43096908
15.64670822
1.75601279
0.79371073
0.53959137
9.34029144
3.99654144
1.29075988
12.47091800
5.34738125
3.10268174
6.78137207
5.99045822
16.08544548
4.78527787
5.44926875
1.78667706
7.82737409
3.50119861
1.34578430
16.40679854
7.42635195
0.71393676
1.28117170
16.22638796
11.42722196
0.09503558
4.19313553
23.08492769
7.82823408
5.54357948
10.88498947
9.61962337
2.64485165
3.49455327
8.79674770
11.65279144
20.22849346
0.78491398
1.22145584
9.93878158
12.31640487
4.37391289
13.30686447
1.52625526
11.56789381
6.93315464
13.29525086
2.90010167
11.85681613
3.32027745
10.91406250
8.67404200
1.34609929
8.74948651
5.85309868
6.93279491
5.81742894
2.02266941
15.58555990
6.15694800
6.75749210
6.45056398
1.24297097
5.70850808
2.19804044
10.73336159
2.11340855
13.49987700
9.40265493
17.86603751
5.26359250
2.40661472
5.62164160
11.21948374
1.93972421
10.11368171
11.61142897
11.60668024
2.31336464
7.52452599
3.89776596
8.66953676
0.16640597
0.80587253
10.82851119
2.02494293
15.61283356
9.60171127
5.62753740
11.16969803
1.72590633
2.55520099
10.47029124
2.92340612
13.13665725
9.18416805
9.62074329
0.72630361
2.41047665
1.91742451
2.10004169
3.11936447
14.91022205
8.80776416
5.89375886
5.48757896
9.78778521
20.22527662
22.89443900
14.39920130
4.05878685
14.35630264
8.28076227
6.76226798
11.09298191
3.84429424
1.49759918
3.81009918
12.37474540
4.81430366
1.99307001
0.96981418
2.42985809
7.74625249
2.06717434
5.49334178
9.58854361
8.96451143
17.50258034
4.41347033
4.12237104
11.67033882
4.71702072
7.24001053
3.50305449
3.68838680
11.49951726
4.94608059
3.43000790
7.84660818
0.90025581
1.83961776
15.30327862
6.52407829
11.32467503
2.26885112
1.59461464
11.11341070
5.39747417
11.90266277
2.40442555
14.53497174
8.87749394
13.36727857
13.46810921
0.10446175
8.71427305
1.96996149
6.35560464
1.44866592
8.59938553
0.09965519
0.04919668
1.01627653
4.16105843
5.48815180
10.13684820
7.01857006
7.62640888
20.13934342
11.63281250
13.37583749
9.42299063
10.55354610
1.80591437
2.34909588
8.76741578
2.14741052
2.97640445
13.03419936
11.65240525
6.17769933
4.94231452
2.52816475
0.80664062
16.29005873
12.65576726
7.01697238
18.17930131
7.63153092
8.89946448
8.85181710
3.90215065
5.84874474
13.83654754
1.73114029
6.16969803
5.57793190
11.95658356
10.44077022
3.25300657
9.98501579
8.02613226
2.75249307
1.50488281
9.74620249
6.67849027
11.15778618
3.14590938
7.57487173
12.52031790
13.01693733
4.53098557
8.66176252
7.92809702
0.58374473
6.30936184
1.92741398
13.44011177
2.45260652
12.79825812
3.42991135
18.14582004
8.13772744
8.40264559
20.16236896
3.80645681
7.42773438
6.90279144
3.65423537
6.83350163
1.44086201
10.97091562
10.48132687
6.08886987
14.86156056
12.45158023
3.23699967
14.38646415
8.22758519
0.28036999
4.69249474
19.22640667
13.11183939
16.21106909
14.28984777
13.99123559
13.18186447
1.96396374
14.52689606
2.93599457
2.43119293
3.70304992
2.54759087
11.79764739
6.60034242
15.65753158
4.47009308
6.63557306
4.10815063
4.83629922
2.97174506
4.09029144
10.80265071
5.65220357
12.99141941
2.55667567
1.22353197
13.16723072
10.57169132
1.05446365
13.57382259
6.38251083
2.25341132
4.07812500
4.11184007
5.53669243
5.24846382
10.66252632
7.27693470
5.59742450
3.62067681
7.27433289
16.95287040
3.08412026
0.27027046
5.22284935
4.91732796
8.14332405
1.50056641
17.60989279
10.82562389
6.11863641
13.86450133
12.59349111
3.94755097
1.44835411
2.39947238
3.48311627
2.25064079
5.73501579
3.77385444
5.39152039
8.83408307
6.87858371
17.75706519
3.89550241
4.65401582
0.90773147
12.23821975
14.35745263
6.71048981
7.22809868
10.23604278
13.69518950
4.43096049
10.59953000
11.77137065
13.12647253
5.77498012
2.66604208
11.10964873
0.83359872
1.75965370
12.73322501
8.22553552
1.19065353
10.64086104
10.56745179
1.81219498
9.39184293
0.25648264
10.16548427
3.79500554
5.00429244
11.81903092
13.20786514
13.91501939
6.08593750
12.07313026
10.13627106
7.84040337
5.20485428
15.57159408
12.33914146
7.39132729
11.29662899
21.95406253
4.96529144
7.90279144
1.87850468
1.46396374
9.43032829
1.70736702
15.82364805
5.86731050
15.88334746
8.31631898
1.16483059
2.84925823
9.45267113
13.03781527
4.04761303
15.53854901
1.84965550
6.90887896
1.34653272
9.06487007
2.69813026
6.50826019
11.51102505
4.46041542
1.55997188
5.25159785
3.70617382
4.21868558
5.39312237
12.60438026
3.45615055
6.21282552
5.37608849
1.38920074
12.58760528
9.55315132
5.81429078
7.82959968
1.91479984
7.60002202
1.56426003
1.75813290
3.04111217
11.60655724
17.01421612
15.17610165
4.10418717
5.79905197
0.00864410
4.74706997
1.29860462
9.29140791
6.87177457
4.26601119
13.74545081
0.12743879
2.28342697
9.95306135
0.21927149
16.22161819
9.41105164
7.69467171
14.04047568
12.67597435
2.96981494
3.10366217
9.57495110
11.20130416
14.66191628
0.48102775
4.97028618
25.84220087
10.93566129
7.81755624
15.23002106
19.34679882
21.35479983
6.28175920
11.92815991
6.78040752
13.52702765
4.38389669
12.36309245
4.64786680
10.69477221
6.02859742
11.02561447
5.43801349
2.00364736
5.94140625
3.80772911
15.86488752
7.89116495
9.89933289
0.02756241
1.82444260
16.12597656
4.67578125
2.53317237
3.82345495
7.10559175
7.25147253
8.98988323
13.73040295
0.15648645
12.98713126
4.21346922
5.55068110
1.39712517
7.09555796
2.34411901
5.03459663
2.83712253
5.84701546
6.18846119
1.80480123
6.91833347
17.21401416
8.61616052
0.61819481
8.14735546
1.24976971
5.35796612
1.33808372
6.88927693
8.06144725
3.51610345
4.25672401
13.75115428
11.33977795
8.75897829
6.97251745
16.23719276
8.72179161
6.97739639
3.59880624
5.63108322
8.48347961
0.00909447
12.68162276
2.34030931
3.64430740
15.43434328
8.42849027
15.87231383
4.58728058
1.91009904
2.35374377
9.79885771
8.41430868
10.19118309
5.19275363
6.90653213
5.97883495
0.06389850
13.42235920
2.79226070
3.19793717
10.95568817
6.94936323
0.37984042
1.57806350
16.77040881
0.15502684
5.70203651
10.73613503
4.96798406
3.21906825
3.73892204
4.23482269
2.20549507
7.31772081
9.26515721
6.65971988
6.45957862
5.57857269
9.87641318
12.48466035
2.27000970
1.69659408
10.75717171
0.34912109
13.93688068
7.26752590
9.01933815
9.90671487
2.79250388
11.61206976
4.77336741
0.17747342
11.44312694
1.57508339
4.38986550
5.40111938
9.91214013
1.93336990
8.78565276
0.21644273
2.34480774
4.63621385
0.46331436
2.68660461
5.27010624
0.83763924
5.53338832
6.96766151
3.92232269
5.95485428
4.55923565
2.80630374
8.16708195
1.87806377
9.59445444
1.17586028
7.29143257
10.24976687
1.76848279
5.05923454
6.06153881
0.52375790
14.98066614
9.41636739
14.58863226
1.29018174
1.83393395
13.05558289
16.56250000
6.21753421
6.19025197
17.71721382
18.07461090
5.24671874
11.91380790
20.24949939
0.71401235
1.93825272
14.52692182
7.71565187
5.63002480
3.77148507
4.29597961
14.99221825
2.90711464
9.48091644
11.68218778
7.81859319
9.42914042
11.97837828
0.49269116
7.58222435
14.18892177
2.11293620
7.24653677
0.59290181
17.90958555
6.53310228
2.42719443
2.18307278
3.18585508
12.20965592
5.07502978
2.67279324
7.98687666
13.31086298
5.50435394
7.27939342
2.30273438
6.35807804
4.08203125
14.54740138
8.85717008
14.32377535
1.08985913
15.51126676
0.87223820
14.90189606
9.28253158
2.21305297
4.94063386
8.80186974
6.11283356
7.93224852
0.03872934
22.76120955
13.97592171
16.90076754
2.96584067
10.78816711
13.01502715
6.88212876
9.54815658
3.27193207
3.77516678
10.86369819
19.13320299
14.28636774
15.88033016
1.92105683
2.56400543
14.88282109
1.92794963
20.20940132
14.22446601
4.27436433
11.69493490
12.09994626
15.60779587
14.71400986
1.85206311
1.85937500
14.18018888
5.33772725
3.14776596
24.63737478
4.15055864
12.91483489
10.91572598
4.51402302
17.39396055
5.69421972
24.61401360
3.00467503
12.70504737
4.76773832
0.62644732
9.37500859
4.98879045
3.81022218
13.61528230
6.18095190
7.21081020
11.52497368
5.58785420
17.73828692
2.27724720
9.86683137
4.94624363
1.08344013
15.35502535
3.59915739
6.57320645
4.34096797
7.87341091
17.75961616
9.78034360
13.40113226
15.45414339
7.64006484
0.58075020
0.85242714
6.78470856
5.74218750
25.41182340
10.03659159
12.30910509
17.32150388
0.07529351
4.16860954
6.02034228
2.01872022
7.28542783
3.51861887
5.73540198
11.29930657
9.22720329
7.92251579
0.52568581
8.81309252
4.32766695
0.89673610
5.51043717
9.70556087
14.46887730
7.87579884
4.93737270
7.74814342
14.66611217
4.21326175
5.17359998
15.84717587
17.24958375
4.61763519
1.14990359
10.52612796
5.09599706
0.05792868
18.25506774
6.19325562
7.89152039
1.53275543
12.01113593
1.80962426
5.55289672
5.72998582
3.83253753
15.76896914
17.56728239
2.83495193
7.01171875
6.22734597
5.80577599
17.15855857
7.32363946
6.57594803
5.14997368
3.88053898
0.02722156
9.77703194
7.05743517
14.88444523
8.78060921
7.60610954
11.21183718
10.81300920
8.07914769
1.65831505
13.33031915
5.95605718
12.10926917
31.64255035
9.43602670
7.52260361
11.78035461
6.34221382
2.31666085
4.76025695
7.30006607
12.73943339
11.28185789
9.13780724
9.26797222
15.00919562
4.17475676
3.25457779
8.47477172
1.19980912
13.67450576
14.31017426
1.63716644
4.29745940
3.37371842
9.40744723
12.36906264
5.60591644
0.70218902
8.97678635
11.01344803
10.47656250
9.89102837
1.94730995
17.94234029
13.57632065
8.60617396
6.71994569
4.40266415
8.14466070
3.48706332
2.16038010
12.11603751
5.50678552
1.55571927
7.80168231
3.53013076
17.71800338
8.96885583
5.17686974
15.82172568
5.21861841
2.66646332
13.48348390
3.68208403
10.29676058
13.96476507
18.10809342
0.64867118
3.23116176
5.02796307
6.86328125
7.18116218
11.37798621
7.36997950
1.77756760
9.34189557
0.39688442
17.14113171
6.43587642
2.43768090
12.31315797
19.87294603
17.99449856
20.05562403
17.83452432
9.38112755
3.65813733
5.39497894
0.07470442
8.40058479
2.89165306
1.62425837
7.25409935
4.44678718
0.48879045
2.41537483
10.74129211
8.07858363
5.08483613
1.53258450
8.28560394
4.80404671
5.03906250
5.16252632
8.89497894
13.39907829
12.60949731
2.67024726
18.45876053
10.77638256
3.58885181
4.86962337
1.71480870
1.38476562
7.67137163
6.68960027
1.66219651
7.46700493
1.57399490
8.66880264
3.97865830
8.35092171
7.54924507
2.49864764
1.72250318
0.95996094
3.77507023
15.88192714
4.70184342
8.56327239
5.77458749
2.10675033
4.34771775
1.71983849
15.20162317
17.69774656
10.47398216
2.70987976
2.08961990
5.99010600
10.53752269
6.36643797
9.53278618
6.47092697
0.49124661
3.51508076
6.31173191
1.82194523
8.22592600
6.31454538
11.66141030
20.43269514
8.37525460
3.07040905
14.87698294
16.03799978
8.00573277
7.46785461
20.35454864
12.88404255
6.81710854
4.21196019
3.79796349
6.32486813
2.50562694
1.24361176
7.68349828
0.08200465
13.32105275
2.37253047
12.97656250
2.94659408
10.41349305
3.60519401
4.58267204
2.07966118
9.82729326
5.29661825
4.34724780
0.02920690
0.22131348
6.65945396
6.16732796
0.66848778
4.82120291
13.19355746
3.30481909
11.33183815
3.66255707
13.65308431
0.61847140
13.50474873
3.10147385
3.78939716
5.90343224
13.31077072
10.46286846
8.59220523
1.89896637
6.08993102
4.05594332
11.99638339
4.80244473
9.02407829
8.75319966
0.02246601
9.80968224
2.07335411
12.39536514
3.57330979
1.49106217
1.48805740
6.67181350
9.86192459
4.34686883
3.49308074
15.29764309
4.13345759
0.41060457
2.13537567
20.05740872
6.89132729
0.69108585
5.37318637
1.58275640
8.22265376
3.29612478
12.62603128
13.76741149
4.11609901
2.88800033
11.82658882
6.55611785
3.11810866
3.57122645
3.42712433
7.00108849
3.45027126
3.72169506
4.32466644
16.20202114
0.09953265
11.44931031
18.98321213
7.56568248
2.54303455
10.77036084
4.62640888
11.42418357
28.38846521
20.94210107
5.67264877
8.23741661
3.48238129
3.66828915
6.32952391
9.84766622
11.11358485
2.05538013
38.73770196
6.15234375
4.26935104
2.70439370
4.70139572
21.94938110
20.51316490
16.13555158
6.04512134
5.94078555
8.50593583
7.34784152
10.17559598
31.12258069
22.99042360
7.57444467
10.47941055
5.29234360
8.06285046
11.82047554
11.44057236
5.66418980
1.58963528
0.23267093
1.28239445
3.34765625
43.14999086
22.45547789
7.97193402
6.13039657
5.20372438
6.25849470
10.38028798
8.32044908
6.74230192
5.15887467
7.97124737
2.69063816
10.65637231
6.02309134
15.01639739
5.30218584
5.86341284
6.07441153
17.00774975
4.26813955
7.86677125
5.55214581
11.66561156
5.28083375
10.48898784
3.76469456
15.49871842
0.72188816
15.83676571
5.54419021
0.88812763
18.30785856
5.74814128
4.91796875
5.76107796
4.38870692
1.56257688
7.19704178
12.29687500
9.99564606
6.40298454
11.20582405
1.37643104
29.74034630
11.49445818
13.55753885
1.10481258
3.42578125
21.51156611
23.92287622
27.31249141
2.97496980
12.68699080
14.76306183
2.75138243
20.40202335
11.33554701
6.25000000
5.30987533
2.63122341
5.76919797
19.73386580
10.28687195
7.48486702
10.51780197
7.06365214
4.28662878
13.86757369
1.35028092
30.87389614
14.38229901
9.28349062
0.13605490
2.10982269
21.28613281
12.95910240
20.57376496
3.53038536
6.51101646
13.91588334
2.29012093
9.47592171
0.96702072
0.11782322
0.52852878
1.10449219
15.49078291
0.33563310
15.34375000
5.85394116
15.57960827
11.10861550
7.58539824
8.69128969
3.23887626
8.31608585
1.65135181
13.15972144
11.82356508
2.84869593
0.09163663
14.25320825
26.48223605
4.71869847
23.76293883
6.83446282
17.93046847
8.01292165
18.97832471
9.67671238
0.94602463
3.12583389
10.53093175
2.93676051
7.81499737
10.93347719
2.69648680
6.27818193
11.00229998
24.21236176
18.65449662
11.84134968
7.65450374
1.65256760
17.75125014
24.09379003
8.11512924
5.79655460
6.45463043
3.01258339
6.40701809
1.14888519
14.19308417
3.65903272
8.08657829
15.41306987
0.93405751
9.68316323
6.23269434
5.63729374
5.20658356
12.60007136
8.57901610
9.91010334
3.87722989
10.56442237
7.26929812
7.46814924
29.28187292
6.38538425
6.79973279
5.65669769
15.89280627
10.46593653
4.98936115
2.23523964
10.24756843
3.28233849
11.19569869
12.18713957
6.22820021
12.64245083
3.90637730
5.42501316
12.82402995
20.49360068
14.11616481
3.57033466
6.89235428
6.36891678
5.32133734
8.92040247
7.98091644
21.62434564
16.45459074
7.00463105
3.34397385
10.99398257
3.82607533
5.58721908
13.83097712
3.49368933
8.07274407
2.43177832
3.05421404
28.07979569
21.03941503
15.32693567
2.92331463
9.99013783
15.22648086
3.00326546
11.84733585
19.70276028
9.11038051
5.31185921
18.50131233
4.86296085
8.20407081
2.75521858
5.79489112
15.81250000
2.76216644
8.32530724
10.68942237
9.51461949
13.61511635
13.54421030
15.10070714
3.52446019
9.90842697
5.14774165
2.09709629
1.28239389
1.12293495
12.05509267
25.75086533
9.05204857
2.18811571
5.66147648
1.33285724
3.19737118
6.17709995
7.01030987
2.14561974
4.42315658
2.38162747
3.64843750
14.22784408
17.67431087
6.26690658
9.03355427
6.19434453
16.04581297
7.00025030
0.75810768
14.42385765
1.87610206
4.36662539
7.49093168
4.90960411
13.01191614
1.10264669
4.93987007
2.68621842
8.91918883
15.08990955
9.11270196
9.02823561
3.75403708
6.26972435
5.67827793
6.02801598
3.04242451
12.72220856
8.07946026
3.41708118
9.71679688
14.42686974
12.30955494
11.68698651
7.48546349
8.63697550
0.73753622
1.09844581
1.43464539
15.84507453
6.13539422
3.64648438
17.55033716
7.72114722
18.07711519
16.21161153
6.32018520
9.28461952
6.77592628
0.89586003
1.33036777
0.05387898
14.21108627
2.42108544
2.00443512
13.20245346
21.95134281
7.76484403
0.66541542
7.31659935
0.47403992
5.16432320
4.39675255
17.37013686
15.53775079
4.26063026
12.11323693
10.91673149
1.69651291
9.70121122
0.22971728
12.20609154
18.99261587
9.99202730
4.29091908
15.85707073
7.50627417
0.49830362
4.36673981
5.89818290
3.22566711
12.89859057
3.49971534
3.70460397
15.80496787
3.87695382
2.86392204
4.76761317
0.12896283
0.79665115
8.76923413
19.85767287
13.04559342
3.41159588
13.00530694
1.67941572
18.25529657
6.24752119
7.15669769
0.09451302
3.53035461
2.41495789
3.62273507
8.62614569
13.68839041
10.93132521
6.63140362
10.38409408
14.44212143
4.02079995
7.46458915
5.97111792
1.13828783
8.01764822
16.87294603
0.35612000
18.37087974
5.30157940
3.55849789
2.05241398
6.01901707
7.19301399
7.67859901
2.48437500
7.13844803
5.50435394
4.41733011
8.57572134
8.63931336
8.96068290
3.62698388
12.06890362
6.06224325
0.11056772
3.64629987
8.59361411
4.62487270
2.01788245
4.01463375
7.36744210
10.02587766
0.25576899
1.36065658
21.18880305
4.73569661
10.62296750
17.03059633
16.69703194
20.05562403
16.64267038
7.21789464
7.85662089
0.07362608
6.27811184
7.48661777
8.07194024
5.67903842
0.01448903
1.15306571
14.31480427
7.46170559
1.19069592
0.72058940
4.03906250
16.59430893
6.21839954
7.68468224
14.46093750
7.20639046
0.99998462
2.98459885
12.05251053
0.73031624
16.23364196
16.55788716
2.32258602
15.30840065
6.43975441
2.83559563
15.05315132
2.18833389
7.05127687
7.83015750
6.77484638
7.55853225
9.61334275
18.59953000
3.34059466
5.14581283
17.39225704
4.22819592
9.40343224
11.44224014
8.56275362
0.36482824
6.99466846
-0.26157504
4.65279144
6.35828651
1.11489860
9.82928787
4.11934051
7.28976479
5.70293620
8.99346479
4.80827335
3.21321102
7.60098751
0.08305347
20.12616287
10.40423468
7.98394586
4.02561447
6.67642204
0.09508278
2.15602615
3.34816476
5.24389531
5.67519767
3.89089982
2.87910433
11.87007321
1.37560360
15.18756365
2.36866003
16.23272870
13.49447689
6.06710563
1.98091644
12.35099901
23.97362654
2.81361924
0.55515549
1.20334885
1.09773742
5.67686974
0.20565804
15.20140064
8.01159145
6.55231743
9.12346382
7.44839345
12.30467891
10.82537200
8.55057956
8.30139842
21.28159049
1.50665599
2.24766927
9.39599734
10.62628158
7.78667620
12.72996952
4.01933815
8.02843224
13.70345184
0.72221749
1.72408051
5.93814079
3.93423454
25.35234777
8.53528037
5.08555698
6.59551110
0.29951889
0.50725288
8.47310394
15.59794091
9.57361369
0.01936336
16.67171203
8.19889835
6.71414146
1.75937874
15.29814370
10.82095329
1.06305782
1.98767481
5.07328900
7.54854707
1.45140251
6.08677139
25.47274352
3.62297249
18.18171501
6.32061142
10.46708222
1.32887772
9.01216644
8.41342171
11.20889212
15.46580064
5.37717697
1.54003906
8.74667733
0.84203734
5.54530738
9.24177125
18.23933899
2.02788799
16.11693720
15.76549341
6.10714941
3.73448512
3.07469720
9.44212572
5.50120290
21.41202820
7.72205605
3.20744819
17.53688553
19.28239874
15.50999557
12.17889364
10.43219131
0.40649816
1.95800781
6.00777676
3.81688968
2.53861481
9.39213043
4.39734901
12.16905724
2.08292664
6.04597961
1.76115913
10.25307236
0.94455978
5.64798981
9.05251053
15.52049244
3.58260624
5.76472961
16.12783065
4.27540849
2.14062500
5.33719055
7.70404892
15.29815658
5.29642731
6.11134891
6.18988004
10.55969083
0.70092406
2.38876842
10.09191275
1.02894178
6.80240470
15.58904221
10.16476694
4.47630790
2.07421768
1.10863873
11.68532303
1.57508339
9.07581720
7.30494563
2.28115345
5.47304030
0.07635744
3.37251552
3.14417941
10.76430047
16.06672166
2.53788245
21.13755264
10.44441282
7.78874210
19.47727338
8.90336214
7.47560131
17.22810298
11.62621364
4.32005575
2.55555214
19.21070437
6.38728086
11.53487021
6.10529851
1.40592960
4.26153424
0.01218307
0.85530086
18.00327336
8.00291071
11.30859160
5.33420608
8.70453388
11.88697979
0.90855212
4.82313026
13.22701019
9.90471382
14.79521152
15.76037137
2.06663010
14.22374474
0.99631760
14.07417443
6.57637854
16.33965065
3.27907303
7.85214179
8.06108682
10.92280014
3.65167290
8.14806599
7.68644725
23.35028092
7.29963126
2.47185311
2.63716644
6.71186725
4.01918079
7.23225953
17.27561447
0.87701892
8.48315707
15.11533846
13.79159062
11.86014309
8.12474540
3.49654144
17.64729790
9.33501205
9.91701186
5.94896415
3.75665392
3.43512993
16.63198291
2.86106923
4.28534935
5.99481217
11.40542255
0.42822605
18.28433456
16.09543633
7.27516678
4.76601119
15.04642516
0.55091624
2.03083306
10.57722961
9.96516415
7.53246579
2.95869688
3.74833437
13.38102172
2.04341644
19.41530405
12.65609693
3.29908272
1.81738281
16.76442334
8.25350829
4.96723667
10.35910556
5.70121747
2.35940575
0.79905197
6.14453125
6.73361979
6.04763021
2.02929688
16.09580397
17.44633270
9.30845942
6.73674507
9.77984541
9.23757896
2.10965606
5.57409145
11.73477408
11.22616342
6.97950756
0.11075329
4.35655724
11.02574607
16.75044769
6.30923454
3.49394753
11.01805657
4.05718487
0.43780994
4.25460854
9.21281984
6.36159200
1.88470475
12.40906776
17.30145279
2.20507812
0.07472937
3.26930740
21.45856979
9.33747368
11.01434342
9.79432042
8.55176820
4.39135874
3.13867188
22.73104804
13.95187417
4.81378158
9.31531776
10.25089539
13.43762231
2.25964331
10.23900072
4.75325258
6.87787927
3.38553372
3.66134128
3.45680740
5.61190419
0.55840942
11.30130118
1.16549569
3.05491135
13.20940132
12.51938110
3.39141594
16.57095329
6.70408404
1.30202993
7.52713461
4.22385915
4.44051086
10.30264212
11.41831560
8.81352698
6.86955327
0.60736591
7.76486120
6.27420130
15.05214082
9.31309355
3.97112007
14.11872521
4.92859748
5.37346382
2.29296875
13.45248421
16.44889835
8.13204441
3.46048981
8.48347961
10.38194786
3.93080674
10.70440658
24.21196422
19.00511552
4.02381081
7.56262730
7.71907040
1.89471756
11.76081912
1.79696794
3.09960938
0.09176628
6.87781776
9.75846188
10.87191905
12.31141151
8.08337433
10.40343224
0.48954254
12.55016567
0.41394074
11.75409935
4.98791438
14.14030890
5.70363420
3.94966644
4.71907040
0.97993864
2.05701823
0.02553814
11.17664589
3.82836603
4.46100149
10.52561447
10.85066711
4.50480164
8.87457260
10.69541334
9.82339830
1.26878601
1.29288758
4.27871665
11.30494210
14.48155724
7.87039146
10.49406820
6.37947695
4.56704275
1.23653660
1.57932541
4.74213888
1.41888201
6.03406776
20.75782140
10.43903618
17.60721521
5.50920206
1.81436981
8.58440132
4.04168717
6.05705757
14.40003380
7.51121093
3.62109375
10.26408882
7.51485476
0.92616530
15.12529622
7.28899241
10.84094083
11.11999667
6.78995789
1.92882286
10.41470329
11.61001579
7.08010888
2.31835938
9.92792640
0.08366014
6.94577718
0.22819331
4.93318831
4.84863170
5.14060782
2.21816642
7.05590329
0.16513561
9.18278563
5.06177194
2.53515625
6.18679771
4.13831643
6.85175560
7.02170822
4.35482796
4.50503086
0.30915784
19.14413444
2.64821365
8.75563553
6.82985428
1.57399490
5.90152275
2.80089567
4.51767467
3.10014004
4.53715730
14.56297914
18.44985954
6.83062237
2.45565312
8.00627632
13.42677679
5.31803538
7.73930823
6.59291611
12.86924576
2.46986494
5.29174867
5.43554736
7.11457280
13.02753685
7.10002438
6.57052845
7.69336547
6.33015320
3.65996315
6.63515933
0.08529965
6.78552818
9.62123531
0.16219609
4.23655197
7.67706283
17.51789298
9.07363946
3.85502106
2.45725510
15.73937403
4.05655558
6.11326545
5.05104444
5.37473681
5.59765625
9.39079344
12.72377909
5.08748795
1.25018451
2.21766151
9.44179459
9.98725212
6.58440132
12.70683815
2.11827599
1.37218224
3.96231563
12.07586685
5.65484112
15.25627632
5.61699440
2.37304688
2.79687500
6.65855857
8.63289762
0.94423222
12.56714252
2.20443733
3.55717988
5.80186450
11.45312500
9.22771678
2.12432631
0.17930868
6.13627106
7.77064550
5.01668772
5.01671349
11.97887107
7.31364999
8.44877106
8.32533730
6.36824593
7.89203388
11.19678503
7.39600863
4.86755866
0.90970890
4.12564079
4.97544219
0.73274888
12.95242056
0.86926024
2.63031513
3.80184328
4.37076906
5.58190395
2.90282220
0.49521155
0.34399386
1.56362890
4.81755332
5.40797928
9.34913093
6.93744279
1.21669174
12.96770446
6.88024933
17.30320354
2.58828610
12.25281776
0.93833943
1.45245346
1.71473612
7.18841978
1.01655751
8.91047665
4.69365761
3.44360538
10.10684581
0.11476239
8.12525460
13.05622798
5.82363946
11.15729846
13.27751108
0.02991737
20.72414392
11.79502057
4.03086381
9.82353363
9.78740761
15.99350911
9.30920739
4.99528057
1.22596998
7.06750762
18.92379386
11.78451331
0.45941455
3.08638519
13.31160461
10.78560394
5.51408882
4.40106217
9.65420033
0.30036922
8.06263159
12.73929895
4.44746156
0.88532263
14.25755790
2.59032220
6.86238586
1.24729416
14.98156583
10.75031395
1.39443255
8.37909935
0.07441216
9.28100828
4.72894047
5.28650930
7.68705231
22.58917221
3.83965065
8.41223775
0.09243136
12.92904671
10.95574468
6.60429299
1.27958222
3.05078125
9.99833652
1.27260361
2.58020542
18.62607663
8.32747562
18.95126842
4.25313816
4.95224499
7.53201809
3.17955037
2.14798981
2.70835328
13.18283563
5.48424341
4.61296300
1.26636019
20.00416140
6.84270154
11.89445617
22.97066808
1.88010486
8.81672665
1.15662082
3.59637467
8.32428884
0.84460605
3.31948256
6.85187216
13.04982436
13.46334261
2.79474665
13.29991661
5.82974235
12.98102304
6.25709947
3.80375775
7.73091644
4.35546875
9.16688026
1.61705913
0.03769551
13.56480857
4.77990013
8.44337724
2.08529671
1.04578651
6.24238060
4.18858849
13.61603751
16.98569094
6.72141040
4.49833222
2.90809245
5.09829704
8.43772385
11.05790863
7.53333370
3.56650280
11.58480469
11.54660322
6.54284575
18.16772274
13.60296279
17.99161500
5.44031776
19.94468030
12.46173634
7.03739043
14.22444149
11.70504737
8.55444149
15.05506940
22.09975330
11.68517052
4.80295822
11.24930933
6.61197889
16.71771443
15.63538425
3.79742852
16.03624474
15.05905433
7.74310613
0.42939678
8.40621856
4.56534921
8.49001053
8.75563553
7.25826019
2.56449028
12.51804798
5.62953845
12.51970710
8.70234403
7.16835924
8.25858489
5.43934779
11.61979208
0.02307125
1.90245567
9.70110539
14.06531347
2.75103197
2.18458569
6.32742271
5.90548371
12.23051307
15.91675726
9.19799867
13.97740498
5.01202626
8.35937500
10.27850018
19.11634592
9.81339539
18.63967607
6.40469664
4.15133394
9.64314024
19.11188774
5.67151894
10.12815353
5.25672401
5.15198332
14.03891802
13.51398299
7.19069552
6.70630748
10.41394379
3.76638021
6.72231120
10.47551834
2.60575410
2.12327072
8.12269573
4.77356480
14.38422138
15.77718071
9.79250388
8.18864999
9.64460564
3.77796307
5.86859638
0.60330715
14.20716981
9.70588596
0.30212344
8.83085841
10.73429417
0.45256822
0.05870552
3.89784713
5.26953125
15.85058705
8.78547502
9.97199966
15.55056651
5.40016678
7.18359375
12.02246094
11.06384953
2.48066524
4.68468224
26.87002064
4.91547138
6.59137993
10.68173717
1.34105954
10.69890694
5.51017398
2.53411140
3.46230275
8.10821144
23.55096576
1.88379155
3.74718224
7.72682139
3.79639226
17.76860442
4.09185907
5.74265099
3.46130790
13.46875000
13.92994210
15.98796085
11.45057472
7.74511470
13.24818345
9.30212863
11.19135334
3.18764517
3.99077862
6.02952072
7.32204178
18.31257619
5.37285876
1.94251503
15.40805366
11.53581366
4.13601001
10.62839491
11.17507896
17.45405114
5.38018783
9.13102172
10.23521103
3.06502099
15.54471091
2.32180574
23.80713985
9.95832710
9.90765888
2.92235345
6.55728034
0.05049767
11.88755264
15.35478793
21.40495553
8.17506607
1.01965855
1.79017600
6.08943961
6.22963701
15.03707648
4.49679819
10.99586990
6.96762093
7.62575272
1.50496399
10.51736716
2.69990816
6.88864112
7.78829441
30.20074426
11.48112028
6.62502577
12.68323470
6.69486481
1.89241578
1.39941406
8.64391408
1.05830016
0.91107006
5.35116772
10.09093653
5.10770722
4.28790822
13.59503158
2.03983059
10.49282829
15.45378297
3.37078693
0.85894268
6.78955314
0.47487145
6.10874709
2.57875291
9.18237796
2.11254391
15.53203803
7.40170296
12.14433815
3.62323997
5.74681322
1.38948858
3.96939079
6.01267994
0.95030724
5.22113725
10.48461242
22.17891941
14.48868836
1.43445839
4.39805560
12.33324704
4.44185394
22.63928483
4.08317832
5.30468750
2.70671085
0.03882343
6.87391151
5.36718750
4.08487049
0.47285863
15.86370429
5.33916135
10.01101646
10.06281825
0.54134371
17.13721828
13.04711242
11.60539436
4.03553815
9.28035461
11.90829967
3.53835591
10.16702045
7.07971409
17.44288093
5.96272828
14.01151070
4.46982269
3.88563026
4.87608849
1.85729458
3.17405627
10.15137827
6.29469803
4.17360428
2.96983849
20.30259780
8.50516421
0.89810942
14.04164284
23.15009239
6.04199897
6.64533117
0.05640033
5.77254211
6.23744736
6.99628547
5.37903493
10.31224970
2.77781790
1.23674507
15.00275488
4.46663591
11.87823424
4.90663190
7.30251053
10.73356473
7.97109645
3.81006843
6.23161874
12.74408980
12.43188165
17.24716506
15.22930436
5.13266235
5.00322251
6.52420989
15.68848487
7.05082730
0.75042331
4.80025051
10.05659270
1.21191406
11.83341776
6.96720952
4.26290271
5.83885289
6.71756819
0.58226725
11.40263056
5.99625464
2.20658467
7.26301460
5.09602245
0.48719927
0.02782676
4.59765625
12.73939980
27.36079746
2.36742853
7.81503310
9.66060394
0.02762855
0.01109564
11.35303503
15.15890902
21.75840785
3.40275640
1.56815090
7.42918260
14.33644240
5.12668495
3.93299728
12.53547665
2.67046612
1.86414589
9.50026748
3.58611771
5.33593750
9.01754737
11.24574368
0.24085934
4.87647468
10.02341520
5.82389544
9.13901033
0.06147494
4.56237270
5.68289077
2.92584344
11.43609112
0.10619610
7.64274047
11.95132993
6.51857006
0.87781776
3.35178926
5.93423163
3.74366003
7.33217787
8.16250914
8.54789769
2.55382286
3.62656195
1.11127161
13.67756118
6.88588486
4.49891151
8.97438553
7.77314467
23.64327681
12.08337433
14.13549867
3.98354111
4.01829760
11.68338777
0.21007809
8.59592697
18.40992140
10.92737893
17.37871246
6.29848305
17.49240089
7.43065298
4.88914603
6.49392940
4.90763173
5.29638866
0.07119743
12.33228800
1.34859991
4.91869612
4.70435075
12.10738974
4.94480039
7.30468750
12.69454441
8.41236328
4.25387619
8.59431142
7.33451359
1.69257376
3.36222351
11.93929937
5.58606050
15.34240477
1.98392267
7.73397025
1.12363184
5.40464089
5.67247211
14.74493381
4.86179120
4.37532040
5.94531250
10.60271678
0.79571410
2.66233984
6.27403770
2.92685444
3.31073997
19.60878514
5.71305082
1.57962672
0.03694274
10.27407829
15.91539562
3.93192168
5.80829191
1.88665725
5.82640646
0.91726680
8.93412423
0.68798667
4.80488060
8.26130970
1.86535378
27.81636012
7.06371579
1.22906416
10.51857865
9.91765875
4.98075050
8.77074704
0.03971851
2.59701546
9.47694869
0.42697182
10.53222192
0.99707495
2.04015099
15.37477615
12.63281250
4.98969013
11.16016269
1.96365227
0.76641830
0.64126143
7.89751634
0.53947944
17.64689133
3.06381233
4.71266678
6.60886580
8.46879363
7.03712724
9.31468127
10.05545130
3.37749737
3.56381233
4.87282303
5.17214133
1.09763658
2.83659899
0.12148016
1.13995902
10.79848695
5.46202599
14.08885181
10.59579967
8.49372368
2.53736612
12.00364950
3.86958832
12.19525744
0.35237028
8.88294839
5.52913024
8.47668980
1.46549992
7.13573970
7.60468778
4.69332862
5.08955303
0.21648278
2.48251842
3.73434425
11.86629211
2.20981397
3.84538273
11.03470856
11.13476562
12.82530724
5.93077599
3.20965806
1.57309737
8.70722435
12.00140888
4.96196019
9.50691711
2.52385444
4.91796875
12.14369736
4.95419493
5.13500803
4.28765362
0.54579420
0.72452356
0.16382023
1.60351562
4.17065921
0.21096302
22.07285223
12.22320977
2.67994210
6.48744736
2.78688553
0.45620720
6.38454178
6.95683815
0.05298858
16.61220994
1.57416595
0.83093269
0.46407208
4.69695880
9.02059085
1.68931758
0.67201361
7.68388408
13.09631317
5.29254682
1.02880374
16.19200123
4.02029934
5.97708458
2.63760555
9.32863849
5.30110165
2.04703305
3.05251053
7.35969540
6.00775744
0.57541826
19.02630364
1.51701851
5.42187500
13.44664513
5.23634891
4.23957280
20.84495517
11.94198124
12.24105320
10.61930844
8.43709234
6.42327959
5.21157829
2.01738503
22.40813995
15.18712669
5.02530267
3.28189148
14.69582599
3.02683026
2.12890625
15.75373463
2.87517162
0.45267731
9.88444454
4.53480579
6.30314148
13.29290725
10.89606528
0.97216028
3.67187500
8.47336713
5.46932070
6.43948388
2.15195970
0.08988957
3.69992319
17.14719457
2.30020695
18.52356050
3.85485871
2.71234638
3.88825493
6.85015362
1.40914862
10.35693913
5.20645411
2.04954477
0.08330079
3.80609638
14.82537183
7.71966471
12.95272163
10.21311447
1.05878685
1.97691365
4.06996028
0.20267869
6.88953651
0.31644684
0.91315727
6.12974014
2.23895279
5.26607269
16.07556613
2.05202779
17.85246993
5.69146775
1.32855947
0.10594965
6.90170296
7.69326283
0.68879696
11.18506843
12.91729008
2.71731320
12.58632369
0.33256566
0.51802028
3.24634835
6.95017994
8.28284983
0.49460093
5.10566185
7.63774573
4.21234354
0.90663474
4.39683552
4.69013257
0.95276595
23.19097630
