story	zone	word	num_tokens	pronoun_replacement
0	0	In	1	NA
0	1	Ireland's	2	its
0	2	County	1	NA
0	3	Limerick,	3	NA
0	4	near	1	NA
0	5	the	1	it,
0	6	River	1	it,
0	7	Shannon,	2	it,
0	8	there	1	NA
0	9	is	1	NA
0	10	a	1	NA
0	11	quiet	1	NA
0	12	little	1	NA
0	13	suburb	1	NA
0	14	by	1	NA
0	15	the	1	NA
0	16	name	1	NA
0	17	of	1	NA
0	18	Garryowen,	4	NA
0	19	which	1	NA
0	20	means	1	NA
0	21	"Garden	3	NA
0	22	of	1	NA
0	23	Owen."	2	NA
0	24	Undoubtedly	2	NA
0	25	none	1	they
0	26	of	1	they
0	27	the	1	they
0	28	residents	1	they
0	29	realize	1	NA
0	30	the	1	it,
0	31	influence	1	it,
0	32	their	1	it,
0	33	town	1	it,
0	34	has	1	it,
0	35	had	1	it,
0	36	on	1	it,
0	37	American	1	it,
0	38	military	1	it,
0	39	history,	2	it,
0	40	or	1	NA
0	41	the	1	them.
0	42	deeds	1	them.
0	43	of	1	them.
0	44	valor	2	them.
0	45	that	1	them.
0	46	have	1	them.
0	47	been	1	them.
0	48	done	1	them.
0	49	in	1	them.
0	50	its	1	them.
0	51	name.	2	them.
0	52	The	1	NA
0	53	cry	1	NA
0	54	"Garryowen!"	6	NA
0	55	Bursting	2	NA
0	56	from	1	NA
0	57	the	1	him
0	58	lips	1	him
0	59	of	1	him
0	60	a	1	him
0	61	charging	1	him
0	62	cavalry	1	him
0	63	trooper	1	him
0	64	was	1	NA
0	65	the	1	NA
0	66	last	1	NA
0	67	sound	1	NA
0	68	heard	1	NA
0	69	on	1	NA
0	70	this	1	NA
0	71	earth	1	NA
0	72	by	1	NA
0	73	untold	1	NA
0	74	numbers	1	NA
0	75	of	1	NA
0	76	Cheyennes,	4	NA
0	77	Sioux	1	NA
0	78	and	1	NA
0	79	Apaches,	3	NA
0	80	Mexican	1	NA
0	81	banditos	3	NA
0	82	under	1	NA
0	83	Pancho	3	NA
0	84	Villa,	2	NA
0	85	Japanese	1	NA
0	86	in	1	NA
0	87	the	1	NA
0	88	South	1	NA
0	89	Pacific,	2	NA
0	90	and	1	NA
0	91	Chinese	1	NA
0	92	and	1	NA
0	93	North	1	NA
0	94	Korean	1	NA
0	95	Communists	1	NA
0	96	in	1	NA
0	97	Korea.	2	NA
0	98	Garryowen	3	NA
0	99	is	1	NA
0	100	the	1	NA
0	101	battle	1	NA
0	102	cry	1	NA
0	103	of	1	NA
0	104	the	1	NA
0	105	7th	2	NA
0	106	U.S.	4	NA
0	107	Cavalry	2	NA
0	108	Regiment,	2	NA
0	109	"The	2	NA
0	110	Fighting	1	NA
0	111	Seventh."	2	NA
0	112	Today	1	It
0	113	a	1	NA
0	114	battle	1	NA
0	115	cry	1	NA
0	116	may	1	NA
0	117	seem	1	NA
0	118	an	1	it,
0	119	anachronism,	5	it,
0	120	for	1	NA
0	121	in	1	NA
0	122	the	1	NA
0	123	modern	1	NA
0	124	Army,	2	NA
0	125	esprit	2	NA
0	126	de	1	NA
0	127	corps	1	NA
0	128	has	1	NA
0	129	been	1	NA
0	130	sacrificed	1	NA
0	131	to	1	NA
0	132	organizational	1	NA
0	133	charts	1	NA
0	134	and	1	NA
0	135	tables.	2	NA
0	136	But	1	NA
0	137	don't	2	NA
0	138	tell	1	NA
0	139	that	1	NA
0	140	to	1	NA
0	141	a	1	him,
0	142	veteran	1	him,
0	143	of	1	him,
0	144	the	1	him,
0	145	Fighting	1	him,
0	146	Seventh,	2	him,
0	147	especially	1	NA
0	148	in	1	NA
0	149	a	1	it
0	150	saloon	2	it
0	151	on	1	NA
0	152	Saturday	1	it.
0	153	night.	2	it.
0	154	Of	1	NA
0	155	all	1	them,
0	156	the	1	them,
0	157	thousands	1	them,
0	158	of	1	them,
0	159	men	1	them,
0	160	who	1	them,
0	161	have	1	them,
0	162	served	1	them,
0	163	in	1	them,
0	164	the	1	them,
0	165	7th	2	them,
0	166	Cav,	2	them,
0	167	perhaps	1	NA
0	168	no	1	it
0	169	one	1	it
0	170	knows	1	NA
0	171	its	1	its
0	172	spirit	1	its
0	173	better	1	NA
0	174	than	1	NA
0	175	Lieutenant	1	NA
0	176	Colonel	1	NA
0	177	Melbourne	1	NA
0	178	C.	2	NA
0	179	Chandler.	2	NA
0	180	Wiry	2	NA
0	181	and	1	NA
0	182	burr-headed,	5	NA
0	183	with	1	NA
0	184	steel	1	them
0	185	blue	1	them
0	186	eyes	1	them
0	187	and	1	NA
0	188	a	1	it,
0	189	chest	1	it,
0	190	splattered	2	it,
0	191	with	1	it,
0	192	medals,	2	it,
0	193	Chandler	1	NA
0	194	is	1	NA
0	195	the	1	NA
0	196	epitome	2	NA
0	197	of	1	NA
0	198	the	1	NA
0	199	old-time	3	NA
0	200	trooper.	2	NA
0	201	The	1	It
0	202	truth	1	It
0	203	is,	2	NA
0	204	however,	2	NA
0	205	that	1	NA
0	206	when	1	NA
0	207	Mel	1	NA
0	208	Chandler	1	NA
0	209	first	1	NA
0	210	reported	1	NA
0	211	to	1	NA
0	212	the	1	NA
0	213	regiment	1	NA
0	214	the	1	NA
0	215	only	1	NA
0	216	steed	2	NA
0	217	he	1	NA
0	218	had	1	NA
0	219	ever	1	NA
0	220	ridden	1	NA
0	221	was	1	NA
0	222	a	1	NA
0	223	swivel	3	NA
0	224	chair	1	NA
0	225	and	1	NA
0	226	the	1	NA
0	227	only	1	NA
0	228	weapon	1	NA
0	229	he	1	NA
0	230	had	1	NA
0	231	ever	1	NA
0	232	wielded	1	NA
0	233	was	1	NA
0	234	a	1	NA
0	235	pencil.	2	NA
0	236	Chandler	1	NA
0	237	had	1	NA
0	238	been	1	NA
0	239	commissioned	1	NA
0	240	in	1	NA
0	241	the	1	it
0	242	Medical	1	it
0	243	Service	1	it
0	244	Corps	1	it
0	245	and	1	NA
0	246	was	1	NA
0	247	serving	1	NA
0	248	as	1	NA
0	249	a	1	it
0	250	personnel	1	it
0	251	officer	1	it
0	252	for	1	it
0	253	the	1	it
0	254	Kansas	1	it
0	255	City	1	it
0	256	Medical	1	it
0	257	Depot	1	it
0	258	when	1	NA
0	259	he	1	NA
0	260	decided	1	NA
0	261	that	1	NA
0	262	if	1	NA
0	263	he	1	NA
0	264	was	1	NA
0	265	going	1	NA
0	266	to	1	NA
0	267	make	1	NA
0	268	the	1	NA
0	269	Army	1	NA
0	270	his	1	his,
0	271	career,	2	his,
0	272	he	1	NA
0	273	wanted	1	NA
0	274	to	1	NA
0	275	be	1	NA
0	276	in	1	NA
0	277	the	1	it.
0	278	fighting	1	it.
0	279	part	1	it.
0	280	of	1	it.
0	281	it.	2	it.
0	282	Though	1	NA
0	283	he	1	NA
0	284	knew	1	NA
0	285	no	1	NA
0	286	more	1	NA
0	287	about	1	NA
0	288	military	1	it
0	289	science	1	it
0	290	and	1	NA
0	291	tactics	1	NA
0	292	than	1	NA
0	293	any	1	he,
0	294	other	1	he,
0	295	desk	1	he,
0	296	officer,	2	he,
0	297	he	1	NA
0	298	managed	1	NA
0	299	to	1	NA
0	300	get	1	NA
0	301	transferred	1	NA
0	302	to	1	NA
0	303	the	1	them.
0	304	combat	1	them.
0	305	forces.	2	them.
0	306	The	1	It
0	307	next	1	It
0	308	thing	1	It
0	309	he	1	It
0	310	knew	1	It
0	311	he	1	NA
0	312	was	1	NA
0	313	reporting	1	NA
0	314	for	1	NA
0	315	duty	1	it
0	316	as	1	NA
0	317	commanding	1	NA
0	318	officer	1	NA
0	319	of	1	NA
0	320	Troop	2	NA
0	321	H,	2	NA
0	322	7th	2	NA
0	323	Cavalry,	3	NA
0	324	in	1	NA
0	325	the	1	NA
0	326	middle	1	NA
0	327	of	1	NA
0	328	corps	1	NA
0	329	maneuvers	1	NA
0	330	in	1	NA
0	331	Japan.	2	NA
0	332	Outside	1	NA
0	333	of	1	NA
0	334	combat,	2	NA
0	335	he	1	NA
0	336	couldn't	2	NA
0	337	have	1	NA
0	338	landed	1	NA
0	339	in	1	NA
0	340	a	1	it.
0	341	tougher	1	it.
0	342	spot.	2	it.
0	343	First	1	NA
0	344	of	1	NA
0	345	all,	2	NA
0	346	no	1	it
0	347	unit	1	it
0	348	likes	1	NA
0	349	to	1	NA
0	350	have	1	NA
0	351	a	1	NA
0	352	new	1	NA
0	353	CO	1	NA
0	354	brought	1	NA
0	355	in	1	NA
0	356	from	1	NA
0	357	the	1	it,
0	358	outside,	2	it,
0	359	especially	1	NA
0	360	when	1	NA
0	361	he's	2	NA
0	362	an	1	NA
0	363	armchair	2	NA
0	364	trooper.	2	NA
0	365	Second,	2	NA
0	366	if	1	NA
0	367	there	1	NA
0	368	is	1	NA
0	369	ever	1	NA
0	370	a	1	NA
0	371	perfect	1	NA
0	372	time	1	NA
0	373	to	1	NA
0	374	pull	1	NA
0	375	the	1	NA
0	376	rug	1	NA
0	377	out	1	NA
0	378	from	1	NA
0	379	under	1	NA
0	380	him,	2	NA
0	381	it's	2	NA
0	382	on	1	NA
0	383	maneuvers.	2	NA
0	384	In	1	NA
0	385	combat,	2	NA
0	386	helping	1	NA
0	387	your	1	NA
0	388	CO	1	NA
0	389	make	1	NA
0	390	a	1	NA
0	391	fool	1	NA
0	392	of	1	NA
0	393	himself	1	NA
0	394	might	1	NA
0	395	mean	1	NA
0	396	getting	1	NA
0	397	yourself	1	NA
0	398	killed.	2	NA
0	399	But	1	NA
0	400	in	1	NA
0	401	maneuvers,	2	NA
0	402	with	1	NA
0	403	the	1	them
0	404	top	1	them
0	405	brass	1	them
0	406	watching	1	NA
0	407	him	1	NA
0	408	all	1	NA
0	409	the	1	NA
0	410	time,	2	NA
0	411	it's	2	NA
0	412	easy.	2	NA
0	413	Chandler	1	NA
0	414	understood	1	NA
0	415	this	1	NA
0	416	and	1	NA
0	417	expected	1	NA
0	418	the	1	it.
0	419	worst.	2	it.
0	420	But	1	NA
0	421	his	1	they
0	422	first	1	they
0	423	few	1	they
0	424	days	1	they
0	425	with	1	they
0	426	Troop	2	they
0	427	H	1	they
0	428	were	1	NA
0	429	full	1	NA
0	430	of	1	NA
0	431	surprises,	2	them,
0	432	beginning	1	NA
0	433	with	1	NA
0	434	First	1	NA
0	435	Sergeant	1	NA
0	436	Robert	1	NA
0	437	Early.	2	NA
0	438	Chandler	1	NA
0	439	had	1	NA
0	440	expected	1	NA
0	441	a	1	him.
0	442	tough	1	him.
0	443	old	1	him.
0	444	trooper	1	him.
0	445	with	1	him.
0	446	a	1	him.
0	447	gravel	1	him.
0	448	voice.	2	him.
0	449	Instead	1	NA
0	450	Sergeant	1	NA
0	451	Early	1	NA
0	452	was	1	NA
0	453	quiet,	2	NA
0	454	sharp	1	NA
0	455	and	1	NA
0	456	confident.	2	NA
0	457	He	1	NA
0	458	had	1	NA
0	459	enlisted	1	NA
0	460	in	1	NA
0	461	the	1	NA
0	462	Army	1	NA
0	463	straight	1	NA
0	464	out	1	NA
0	465	of	1	NA
0	466	high	1	it
0	467	school	1	it
0	468	and	1	NA
0	469	had	1	NA
0	470	immediately	1	NA
0	471	set	1	NA
0	472	about	1	NA
0	473	learning	1	NA
0	474	his	1	it.
0	475	new	1	it.
0	476	trade.	2	it.
0	477	There	1	NA
0	478	was	1	NA
0	479	no	1	it.
0	480	weapon	1	it.
0	481	Early	1	it.
0	482	could	1	it.
0	483	not	1	it.
0	484	take	1	it.
0	485	apart	1	it.
0	486	and	1	it.
0	487	reassemble	3	it.
0	488	blind-folded.	5	it.
0	489	He	1	NA
0	490	could	1	NA
0	491	lead	1	NA
0	492	a	1	it
0	493	patrol	1	it
0	494	and	1	NA
0	495	he	1	NA
0	496	knew	1	NA
0	497	his	1	it.
0	498	paper	1	it.
0	499	work.	2	it.
0	500	Further,	2	NA
0	501	he	1	NA
0	502	had	1	NA
0	503	taken	1	NA
0	504	full	1	it.
0	505	advantage	1	it.
0	506	of	1	it.
0	507	the	1	it.
0	508	Army's	2	it.
0	509	correspondence	1	it.
0	510	courses.	2	it.
0	511	He	1	NA
0	512	not	1	NA
0	513	only	1	NA
0	514	knew	1	NA
0	515	soldiering,	3	it,
0	516	but	1	NA
0	517	mathematics,	2	it,
0	518	history	1	it
0	519	and	1	NA
0	520	literature	1	it
0	521	as	1	NA
0	522	well.	2	NA
0	523	But	1	NA
0	524	for	1	NA
0	525	all	1	it,
0	526	his	1	it,
0	527	erudite	3	it,
0	528	confidence,	2	it,
0	529	Sergeant	1	NA
0	530	Early	1	NA
0	531	was	1	NA
0	532	right	1	NA
0	533	out	1	NA
0	534	of	1	NA
0	535	the	1	it.
0	536	Garryowen	3	it.
0	537	mold.	2	it.
0	538	He	1	He.
0	539	was	1	He.
0	540	filled	1	He.
0	541	with	1	He.
0	542	the	1	He.
0	543	spirit	1	He.
0	544	of	1	He.
0	545	the	1	He.
0	546	Fighting	1	He.
0	547	Seventh.	2	He.
0	548	That	1	NA
0	549	saved	1	NA
0	550	Mel	1	NA
0	551	Chandler.	2	NA
0	552	Sergeant	1	NA
0	553	Early	1	NA
0	554	let	1	NA
0	555	the	1	NA
0	556	new	1	NA
0	557	CO	1	NA
0	558	know	1	NA
0	559	just	1	NA
0	560	how	1	NA
0	561	lucky	1	NA
0	562	he	1	NA
0	563	was	1	NA
0	564	to	1	NA
0	565	be	1	NA
0	566	in	1	NA
0	567	the	1	NA
0	568	best	1	NA
0	569	troop	1	NA
0	570	in	1	NA
0	571	the	1	NA
0	572	best	1	NA
0	573	regiment	1	NA
0	574	in	1	NA
0	575	the	1	NA
0	576	United	1	NA
0	577	States	1	NA
0	578	Army.	2	NA
0	579	He	1	NA
0	580	fed	1	NA
0	581	the	1	NA
0	582	captain	1	NA
0	583	bits	1	them.
0	584	of	1	them.
0	585	history	1	them.
0	586	about	1	them.
0	587	the	1	them.
0	588	troops	1	them.
0	589	and	1	them.
0	590	the	1	them.
0	591	regiment.	2	them.
0	592	For	1	NA
0	593	example,	2	NA
0	594	it	1	NA
0	595	was	1	NA
0	596	a	1	NA
0	597	battalion	1	NA
0	598	of	1	NA
0	599	the	1	NA
0	600	7th	2	NA
0	601	Cavalry	2	NA
0	602	under	1	NA
0	603	Colonel	1	NA
0	604	George	1	NA
0	605	Armstrong	1	NA
0	606	Custer	2	NA
0	607	that	1	NA
0	608	had	1	NA
0	609	been	1	NA
0	610	wiped	1	NA
0	611	out	1	NA
0	612	at	1	NA
0	613	the	1	NA
0	614	Battle	1	NA
0	615	of	1	NA
0	616	The	1	NA
0	617	Little	1	NA
0	618	Big	1	NA
0	619	Horn.	2	NA
0	620	It	1	NA
0	621	didn't	2	NA
0	622	take	1	NA
0	623	Captain	1	NA
0	624	Chandler	1	NA
0	625	long	1	NA
0	626	to	1	NA
0	627	realize	1	NA
0	628	that	1	NA
0	629	he	1	NA
0	630	had	1	NA
0	631	to	1	NA
0	632	carry	1	NA
0	633	a	1	NA
0	634	heavy	1	NA
0	635	load	1	NA
0	636	of	1	NA
0	637	tradition	1	NA
0	638	on	1	NA
0	639	his	1	them
0	640	shoulders	1	them
0	641	as	1	NA
0	642	commander	1	NA
0	643	of	1	NA
0	644	Troop	2	NA
0	645	A.	2	NA
0	646	But	1	NA
0	647	what	1	NA
0	648	made	1	NA
0	649	the	1	NA
0	650	load	1	NA
0	651	lighter	1	NA
0	652	was	1	NA
0	653	the	1	it.
0	654	realization	1	it.
0	655	that	1	it.
0	656	every	1	it.
0	657	officer,	2	it.
0	658	non-com	3	it.
0	659	and	1	it.
0	660	trooper	1	it.
0	661	was	1	it.
0	662	ready	1	it.
0	663	and	1	it.
0	664	willing	1	it.
0	665	to	1	it.
0	666	help	1	it.
0	667	him	1	it.
0	668	carry	1	it.
0	669	it,	2	it.
0	670	for	1	it.
0	671	the	1	it.
0	672	good	1	it.
0	673	of	1	it.
0	674	the	1	it.
0	675	troop	1	it.
0	676	and	1	it.
0	677	the	1	it.
0	678	regiment.	2	it.
1	0	O'Banion	4	NA
1	1	was	1	NA
1	2	a	1	NA
1	3	complex	1	NA
1	4	and	1	NA
1	5	frightening	1	NA
1	6	man,	2	NA
1	7	whose	1	NA
1	8	bright	1	NA
1	9	blue	1	NA
1	10	eyes	1	NA
1	11	stared	1	NA
1	12	with	1	NA
1	13	a	1	NA
1	14	kind	1	NA
1	15	of	1	NA
1	16	frozen	1	NA
1	17	candour	2	NA
1	18	into	1	NA
1	19	others'.	2	NA
1	20	He	1	NA
1	21	had	1	NA
1	22	a	1	it,
1	23	round,	2	it,
1	24	frank	1	it,
1	25	Irish	1	it,
1	26	face,	2	it,
1	27	creased	2	NA
1	28	in	1	NA
1	29	a	1	it.
1	30	jovial	3	it.
1	31	grin	1	it.
1	32	that	1	it.
1	33	stayed	1	it.
1	34	bleakly	2	it.
1	35	in	1	it.
1	36	place	1	it.
1	37	even	1	it.
1	38	when	1	it.
1	39	he	1	it.
1	40	was	1	it.
1	41	pumping	1	it.
1	42	bullets	1	it.
1	43	into	1	it.
1	44	someone's	2	it.
1	45	body.	2	it.
1	46	He	1	NA
1	47	carried	1	NA
1	48	three	1	NA
1	49	guns	1	NA
1	50	--	1	NA
1	51	one	1	they,
1	52	in	1	they,
1	53	the	1	they,
1	54	right	1	they,
1	55	trouser	2	they,
1	56	pocket,	2	they,
1	57	one	1	it
1	58	under	1	NA
1	59	his	1	it,
1	60	left	1	it,
1	61	armpit,	4	it,
1	62	one	1	it
1	63	in	1	it
1	64	the	1	it
1	65	left	1	it
1	66	outside	1	it
1	67	coat	1	it
1	68	pocket	1	it
1	69	--	1	NA
1	70	and	1	NA
1	71	was	1	NA
1	72	equally	1	NA
1	73	lethal	1	NA
1	74	with	1	NA
1	75	both	1	them.
1	76	hands.	2	them.
1	77	He	1	NA
1	78	killed	1	NA
1	79	accurately,	2	NA
1	80	freely,	2	NA
1	81	and	1	NA
1	82	dispassionately.	4	NA
1	83	The	1	They
1	84	police	1	They
1	85	credited	1	NA
1	86	him	1	NA
1	87	with	1	NA
1	88	twenty-five	3	NA
1	89	murders	1	NA
1	90	but	1	NA
1	91	he	1	NA
1	92	was	1	NA
1	93	never	1	NA
1	94	brought	1	NA
1	95	to	1	NA
1	96	trial	1	it
1	97	for	1	NA
1	98	one	1	it.
1	99	of	1	it.
1	100	them.	2	it.
1	101	Like	1	NA
1	102	a	1	it
1	103	fair	1	it
1	104	number	1	it
1	105	of	1	it
1	106	bootleggers	4	it
1	107	he	1	NA
1	108	disliked	1	NA
1	109	alcohol.	2	it.
1	110	He	1	NA
1	111	was	1	NA
1	112	an	1	NA
1	113	expert	1	NA
1	114	florist,	4	NA
1	115	tenderly	2	NA
1	116	dextrous	3	NA
1	117	in	1	NA
1	118	the	1	it.
1	119	arrangement	1	it.
1	120	of	1	it.
1	121	bouquets	3	it.
1	122	and	1	it.
1	123	wreaths.	4	it.
1	124	He	1	NA
1	125	had	1	NA
1	126	no	1	it;
1	127	apparent	1	it;
1	128	comprehension	1	it;
1	129	of	1	it;
1	130	morality;	2	it;
1	131	he	1	NA
1	132	divided	1	NA
1	133	humanity	1	it
1	134	into	1	NA
1	135	"right	2	"he"
1	136	guys"	2	"he"
1	137	and	1	NA
1	138	"wrong	2	NA
1	139	guys,"	2	NA
1	140	and	1	NA
1	141	the	1	NA
1	142	wrong	1	NA
1	143	ones	1	NA
1	144	he	1	NA
1	145	was	1	NA
1	146	always	1	NA
1	147	willing	1	NA
1	148	to	1	NA
1	149	kill	1	NA
1	150	and	1	NA
1	151	trample	2	NA
1	152	under.	2	NA
1	153	He	1	NA
1	154	had	1	NA
1	155	what	1	NA
1	156	was	1	NA
1	157	described	1	NA
1	158	by	1	NA
1	159	a	1	him
1	160	psychologist	1	him
1	161	as	1	NA
1	162	a	1	it."
1	163	"sunny	3	it."
1	164	brutality."	2	it."
1	165	He	1	NA
1	166	walked	1	NA
1	167	with	1	NA
1	168	a	1	NA
1	169	heavy	1	NA
1	170	list	1	NA
1	171	to	1	NA
1	172	the	1	NA
1	173	right,	2	NA
1	174	as	1	NA
1	175	that	1	NA
1	176	leg	1	NA
1	177	was	1	NA
1	178	four	1	NA
1	179	inches	1	NA
1	180	shorter	1	NA
1	181	than	1	NA
1	182	the	1	NA
1	183	other,	2	NA
1	184	but	1	NA
1	185	the	1	NA
1	186	lurch	2	NA
1	187	did	1	NA
1	188	not	1	NA
1	189	reduce	1	NA
1	190	his	1	it.
1	191	feline	2	it.
1	192	quickness	2	it.
1	193	with	1	it.
1	194	his	1	it.
1	195	guns.	2	it.
1	196	Landesco	3	He
1	197	thought	1	NA
1	198	him	1	NA
1	199	"just	2	"it"
1	200	a	1	"it"
1	201	superior	1	"it"
1	202	sort	1	"it"
1	203	of	1	"it"
1	204	plugugly"	4	"it"
1	205	but	1	NA
1	206	he	1	NA
1	207	was,	2	NA
1	208	in	1	NA
1	209	fact,	2	NA
1	210	with	1	NA
1	211	his	1	him,
1	212	aggression	1	him,
1	213	and	1	him,
1	214	hostility,	2	him,
1	215	and	1	NA
1	216	nerveless	3	it,
1	217	indifference	1	it,
1	218	to	1	it,
1	219	risking	1	it,
1	220	or	1	it,
1	221	administering	1	it,
1	222	pain,	2	it,
1	223	a	1	NA
1	224	casebook	2	NA
1	225	psychopath.	2	NA
1	226	He	1	NA
1	227	was	1	NA
1	228	also	1	NA
1	229	at	1	NA
1	230	this	1	NA
1	231	time,	2	NA
1	232	although	1	NA
1	233	not	1	NA
1	234	so	1	NA
1	235	interwoven	3	NA
1	236	in	1	NA
1	237	high	1	them
1	238	politics	1	them
1	239	and	1	NA
1	240	the	1	them
1	241	rackets	2	them
1	242	as	1	NA
1	243	Torrio	2	he
1	244	and	1	NA
1	245	Capone,	3	he,
1	246	the	1	NA
1	247	most	1	NA
1	248	powerful	1	NA
1	249	and	1	NA
1	250	most	1	NA
1	251	dangerous	1	NA
1	252	mob	1	NA
1	253	leader	1	NA
1	254	in	1	NA
1	255	the	1	NA
1	256	Chicago	1	NA
1	257	underworld,	2	NA
1	258	the	1	NA
1	259	roughneck	2	NA
1	260	king.	2	NA
2	0	Chairs	2	They
2	1	scraped	2	NA
2	2	back	1	NA
2	3	and	1	NA
2	4	customers	1	NA
2	5	hastily	1	NA
2	6	vacated	1	NA
2	7	their	1	their
2	8	tables	1	their
2	9	as	1	NA
2	10	the	1	NA
2	11	tall	1	NA
2	12	young	1	NA
2	13	buffalo	1	NA
2	14	hunter	1	NA
2	15	pushed	1	NA
2	16	open	1	NA
2	17	the	1	them
2	18	swing	1	them
2	19	doors	1	them
2	20	and	1	NA
2	21	walked	1	NA
2	22	towards	1	NA
2	23	the	1	NA
2	24	bar.	2	NA
2	25	Only	1	NA
2	26	Blue	1	NA
2	27	Throat	2	NA
2	28	and	1	NA
2	29	his	1	NA
2	30	gang	1	NA
2	31	stayed	1	NA
2	32	where	1	NA
2	33	they	1	NA
2	34	were.	2	NA
2	35	Blue	1	NA
2	36	Throat	2	NA
2	37	was	1	NA
2	38	slumped	1	NA
2	39	with	1	NA
2	40	his	1	his
2	41	back	1	his
2	42	against	1	NA
2	43	the	1	NA
2	44	bar,	2	NA
2	45	elbows	1	his
2	46	supporting	1	NA
2	47	his	1	his.
2	48	massive	1	his.
2	49	frame.	2	his.
2	50	He	1	NA
2	51	leered	2	NA
2	52	at	1	NA
2	53	the	1	NA
2	54	stranger	1	NA
2	55	as	1	NA
2	56	the	1	it
2	57	distance	1	it
2	58	between	1	it
2	59	them	1	it
2	60	closed.	2	NA
2	61	"Since	2	NA
2	62	when	1	NA
2	63	did	1	NA
2	64	they	1	NA
2	65	allow	1	NA
2	66	beardless	2	NA
2	67	kids	1	NA
2	68	into	1	NA
2	69	the	1	NA
2	70	saloon	2	NA
2	71	bars	1	NA
2	72	of	1	NA
2	73	this	1	NA
2	74	town,	2	NA
2	75	boys?"	2	NA
2	76	he	1	NA
2	77	asked.	2	NA
2	78	"Seems	3	NA
2	79	to	1	NA
2	80	me	1	NA
2	81	I	1	NA
2	82	don't	2	NA
2	83	remember	1	NA
2	84	altering	1	NA
2	85	any	1	it
2	86	law	1	it
2	87	about	1	NA
2	88	that."	2	NA
2	89	He	1	NA
2	90	straightened	2	NA
2	91	up,	2	NA
2	92	alert	1	NA
2	93	now	1	NA
2	94	as	1	NA
2	95	the	1	NA
2	96	buffalo	1	NA
2	97	hunter	1	NA
2	98	came	1	NA
2	99	closer.	2	NA
2	100	"Stay	2	NA
2	101	right	1	NA
2	102	here	1	NA
2	103	where	1	NA
2	104	you	1	NA
2	105	are,	2	NA
2	106	kid,"	2	NA
2	107	he	1	NA
2	108	called.	2	NA
2	109	"I	2	NA
2	110	don't	2	NA
2	111	aim	1	NA
2	112	to	1	NA
2	113	have	1	NA
2	114	minors	1	them
2	115	breathing	1	NA
2	116	down	1	NA
2	117	my	1	my
2	118	neck	1	my
2	119	when	1	NA
2	120	I'm	2	NA
2	121	a-drinking."	5	NA
2	122	The	1	NA
2	123	stranger	1	NA
2	124	ignored	1	NA
2	125	him.	2	NA
2	126	He	1	NA
2	127	didn't	2	NA
2	128	stop	1	NA
2	129	till	1	NA
2	130	he	1	NA
2	131	was	1	NA
2	132	within	1	NA
2	133	three	1	it
2	134	feet	1	it
2	135	of	1	it
2	136	Blue	1	it
2	137	Throat	2	it
2	138	and	1	NA
2	139	by	1	NA
2	140	that	1	NA
2	141	time	1	NA
2	142	the	1	he
2	143	gang	1	he
2	144	leader's	2	he
2	145	right	1	he
2	146	hand	1	he
2	147	was	1	NA
2	148	on	1	NA
2	149	the	1	it.
2	150	butt	1	it.
2	151	of	1	it.
2	152	his	1	it.
2	153	revolver.	2	it.
2	154	"I'm	3	NA
2	155	Billy	1	NA
2	156	Tilghman,"	4	NA
2	157	said	1	NA
2	158	the	1	NA
2	159	stranger,	2	NA
2	160	"and	2	NA
2	161	I've	2	NA
2	162	come	1	NA
2	163	for	1	NA
2	164	Pat	1	NA
2	165	Conyers'	3	NA
2	166	body."	2	NA
2	167	"And	2	NA
2	168	what	1	NA
2	169	makes	1	NA
2	170	you	1	NA
2	171	think	1	NA
2	172	you're	2	NA
2	173	going	1	NA
2	174	to	1	NA
2	175	get	1	NA
2	176	it,	2	NA
2	177	pretty	1	NA
2	178	boy?"	2	NA
2	179	"Because	2	NA
2	180	I'm	2	NA
2	181	asking.	2	NA
2	182	Most	1	NA
2	183	of	1	NA
2	184	the	1	NA
2	185	time	1	NA
2	186	I	1	NA
2	187	get	1	NA
2	188	what	1	NA
2	189	I	1	NA
2	190	ask	1	NA
2	191	for."	2	NA
2	192	Blue	1	NA
2	193	Throat	2	NA
2	194	winked	2	NA
2	195	at	1	NA
2	196	his	1	NA
2	197	six	1	NA
2	198	cronies.	3	NA
2	199	"The	2	NA
2	200	kid	1	NA
2	201	has	1	NA
2	202	no	1	it,
2	203	manners,	2	it,
2	204	boys.	2	NA
2	205	Shall	1	NA
2	206	we	1	NA
2	207	teach	1	NA
2	208	him	1	NA
2	209	some?"	2	NA
2	210	His	1	NA
2	211	gun	1	NA
2	212	was	1	NA
2	213	half	1	NA
2	214	drawn	1	NA
2	215	when	1	NA
2	216	he	1	NA
2	217	asked	1	NA
2	218	the	1	it,
2	219	question,	2	it,
2	220	but	1	NA
2	221	the	1	NA
2	222	weapon	1	NA
2	223	never	1	NA
2	224	left	1	NA
2	225	its	1	its.
2	226	holster.	2	its.
2	227	Tilghman's	4	It
2	228	clenched	1	It
2	229	fist	1	It
2	230	swept	1	NA
2	231	over	1	NA
2	232	in	1	NA
2	233	a	1	it
2	234	terrific	1	it
2	235	right	1	it
2	236	cross	1	it
2	237	and	1	NA
2	238	clipped	1	NA
2	239	the	1	NA
2	240	big	1	NA
2	241	gunfighter	2	NA
2	242	on	1	NA
2	243	the	1	it.
2	244	side	1	it.
2	245	of	1	it.
2	246	his	1	it.
2	247	chin.	2	it.
2	248	His	1	It
2	249	head	1	It
2	250	snapped	1	NA
2	251	round	1	NA
2	252	and	1	NA
2	253	he	1	NA
2	254	reeled	2	NA
2	255	back,	2	NA
2	256	crashing	1	NA
2	257	into	1	NA
2	258	the	1	it.
2	259	table	1	it.
2	260	where	1	it.
2	261	his	1	it.
2	262	buddies	1	it.
2	263	were	1	it.
2	264	sprawling.	2	it.
2	265	Tilghman	3	NA
2	266	leapt	1	NA
2	267	on	1	NA
2	268	to	1	NA
2	269	him,	2	NA
2	270	dragged	1	NA
2	271	him	1	NA
2	272	upright	1	NA
2	273	and	1	NA
2	274	hit	1	NA
2	275	him	1	NA
2	276	again,	2	NA
2	277	this	1	NA
2	278	time	1	NA
2	279	sending	1	NA
2	280	him	1	NA
2	281	careening	2	NA
2	282	against	1	NA
2	283	the	1	NA
2	284	bar.	2	NA
2	285	A	1	NA
2	286	bullet	1	NA
2	287	gouged	2	NA
2	288	into	1	NA
2	289	the	1	NA
2	290	bar	1	NA
2	291	top	1	NA
2	292	an	1	NA
2	293	inch	1	NA
2	294	from	1	NA
2	295	Tilghman's	4	NA
2	296	stomach	1	NA
2	297	as	1	NA
2	298	Blue	1	they
2	299	Throat's	3	they
2	300	henchmen	3	they
2	301	started	1	NA
2	302	shooting.	2	NA
2	303	Tilghman	3	NA
2	304	flung	1	NA
2	305	himself	1	NA
2	306	aside,	2	NA
2	307	dropped	1	NA
2	308	on	1	NA
2	309	one	1	NA
2	310	knee	1	NA
2	311	and	1	NA
2	312	pulled	1	NA
2	313	his	1	NA
2	314	own	1	NA
2	315	gun.	2	NA
2	316	The	1	NA
2	317	Colt	1	NA
2	318	roared	1	NA
2	319	twice	1	NA
2	320	and	1	NA
2	321	two	1	they
2	322	men	1	they
2	323	dropped,	2	NA
2	324	writhing.	3	NA
2	325	A	1	NA
2	326	third	1	NA
2	327	shot	1	NA
2	328	doused	2	NA
2	329	the	1	NA
2	330	light.	2	NA
2	331	Somewhere	1	NA
2	332	at	1	NA
2	333	the	1	NA
2	334	far	1	NA
2	335	end	1	NA
2	336	of	1	NA
2	337	the	1	it
2	338	room	1	it
2	339	a	1	NA
2	340	voice	1	NA
2	341	yelled,	2	NA
2	342	"You	2	NA
2	343	all	1	NA
2	344	right,	2	NA
2	345	Billy?"	2	NA
2	346	"Yes,	3	NA
2	347	George,	2	NA
2	348	but	1	NA
2	349	I	1	NA
2	350	ain't	2	NA
2	351	got	1	NA
2	352	poor	1	NA
2	353	old	1	NA
2	354	Pat's	2	NA
2	355	body	1	NA
2	356	yet.	2	NA
2	357	And	1	NA
2	358	I	1	NA
2	359	aim	1	NA
2	360	to	1	NA
2	361	have	1	NA
2	362	it."	2	NA
2	363	He	1	NA
2	364	fired	1	NA
2	365	again,	2	NA
2	366	and	1	NA
2	367	somewhere	1	NA
2	368	in	1	NA
2	369	the	1	NA
2	370	gloom	1	NA
2	371	a	1	he
2	372	man	1	he
2	373	screamed.	2	NA
2	374	Another	1	NA
2	375	took	1	NA
2	376	off	1	NA
2	377	his	1	NA
2	378	gun	1	NA
2	379	belt	1	NA
2	380	and	1	NA
2	381	flung	1	NA
2	382	his	1	NA
2	383	weapons	1	NA
2	384	to	1	NA
2	385	the	1	NA
2	386	floor.	2	NA
2	387	"OK,	3	NA
2	388	Tilghman,	4	NA
2	389	I'm	2	NA
2	390	quitting."	2	NA
2	391	"And	2	NA
2	392	me,"	2	NA
2	393	said	1	NA
2	394	another	1	he.
2	395	Blue	1	he.
2	396	Throat	2	he.
2	397	henchman.	4	he.
2	398	Somebody	1	NA
2	399	brought	1	NA
2	400	a	1	NA
2	401	light.	2	NA
2	402	Tilghman	3	NA
2	403	and	1	NA
2	404	his	1	NA
2	405	partner,	2	NA
2	406	George	1	NA
2	407	Rust,	2	NA
2	408	herded	2	NA
2	409	the	1	NA
2	410	men	1	NA
2	411	into	1	NA
2	412	a	1	NA
2	413	corner.	2	NA
2	414	"And	2	NA
2	415	now,"	2	NA
2	416	said	1	NA
2	417	Tilghman	3	NA
2	418	with	1	NA
2	419	deadly	1	NA
2	420	calm,	2	NA
2	421	"I'll	3	NA
2	422	repeat	1	NA
2	423	what	1	NA
2	424	I	1	NA
2	425	said.	2	NA
2	426	I've	2	NA
2	427	come	1	NA
2	428	for	1	NA
2	429	Pat	1	NA
2	430	Conyers'	3	NA
2	431	body."	2	NA
2	432	In	1	NA
2	433	two	1	NA
2	434	minutes	1	NA
2	435	the	1	NA
2	436	body	1	NA
2	437	of	1	NA
2	438	Tilghman's	4	NA
2	439	former	1	NA
2	440	comrade,	2	NA
2	441	who	1	NA
2	442	had	1	NA
2	443	been	1	NA
2	444	killed	1	NA
2	445	by	1	NA
2	446	Blue	1	NA
2	447	Throat	2	NA
2	448	in	1	NA
2	449	a	1	NA
2	450	gambling	1	NA
2	451	brawl	1	NA
2	452	the	1	NA
2	453	previous	1	NA
2	454	night,	2	NA
2	455	was	1	NA
2	456	carried	1	NA
2	457	into	1	NA
2	458	the	1	it
2	459	town's	2	it
2	460	funeral	1	it
2	461	parlor	2	it
2	462	to	1	NA
2	463	be	1	NA
2	464	prepared	1	NA
2	465	for	1	NA
2	466	decent	1	NA
2	467	burial.	2	NA
2	468	Blue	1	NA
2	469	Throat,	3	NA
2	470	nursing	1	NA
2	471	an	1	NA
2	472	aching	2	NA
2	473	jaw	1	NA
2	474	and	1	NA
2	475	a	1	NA
2	476	colossal	1	NA
2	477	dose	1	NA
2	478	of	1	NA
2	479	wounded	1	NA
2	480	pride,	2	NA
2	481	rode	1	NA
2	482	out	1	NA
2	483	of	1	NA
2	484	town	1	NA
2	485	with	1	NA
2	486	the	1	them.
2	487	survivors	1	them.
2	488	of	1	them.
2	489	the	1	them.
2	490	fight.	2	them.
2	491	"That	2	NA
2	492	critter	2	NA
2	493	will	1	NA
2	494	be	1	NA
2	495	back	1	NA
2	496	tomorrow,"	2	NA
2	497	predicted	1	NA
2	498	George	1	NA
2	499	Rust,	2	NA
2	500	"and	2	NA
2	501	he'll	2	NA
2	502	bring	1	NA
2	503	fifty	1	NA
2	504	of	1	NA
2	505	his	1	NA
2	506	kind	1	NA
2	507	back	1	NA
2	508	with	1	NA
2	509	him.	2	NA
2	510	Blue	1	NA
2	511	Throat	2	NA
2	512	won't	2	NA
2	513	stand	1	NA
2	514	for	1	NA
2	515	this.	2	NA
2	516	He'll	2	NA
2	517	shoot	1	NA
2	518	up	1	NA
2	519	the	1	NA
2	520	town."	2	NA
3	0	She	1	NA
3	1	was	1	NA
3	2	just	1	NA
3	3	another	1	NA
3	4	freighter	2	NA
3	5	from	1	NA
3	6	the	1	NA
3	7	States,	2	NA
3	8	and	1	NA
3	9	she	1	NA
3	10	seemed	1	NA
3	11	as	1	NA
3	12	commonplace	1	NA
3	13	as	1	NA
3	14	her	1	NA
3	15	name.	2	NA
3	16	She	1	NA
3	17	was	1	NA
3	18	the	1	NA
3	19	John	1	NA
3	20	Harvey,	2	NA
3	21	one	1	NA
3	22	of	1	NA
3	23	those	1	NA
3	24	Atlantic	1	NA
3	25	sea-horses	4	NA
3	26	that	1	NA
3	27	had	1	NA
3	28	sailed	1	NA
3	29	to	1	NA
3	30	Bari	2	NA
3	31	to	1	NA
3	32	bring	1	NA
3	33	beans,	2	NA
3	34	bombs,	2	NA
3	35	and	1	NA
3	36	bullets	1	NA
3	37	to	1	NA
3	38	the	1	NA
3	39	U.S.	4	NA
3	40	Fifteenth	2	NA
3	41	Air	1	NA
3	42	Force,	2	NA
3	43	to	1	NA
3	44	Field	1	NA
3	45	Marshal	1	NA
3	46	Montgomery's	2	NA
3	47	Eighth	1	NA
3	48	Army	1	NA
3	49	then	1	NA
3	50	racing	1	NA
3	51	up	1	NA
3	52	the	1	NA
3	53	calf	1	NA
3	54	of	1	NA
3	55	the	1	NA
3	56	boot	1	NA
3	57	of	1	NA
3	58	Italy	1	NA
3	59	in	1	NA
3	60	that	1	NA
3	61	early	1	NA
3	62	December	1	NA
3	63	of	1	NA
3	64	1943.	2	NA
3	65	The	1	NA
3	66	John	1	NA
3	67	Harvey	1	NA
3	68	arrived	1	NA
3	69	in	1	NA
3	70	Bari,	3	NA
3	71	a	1	NA
3	72	port	1	NA
3	73	on	1	NA
3	74	the	1	NA
3	75	Adriatic,	4	NA
3	76	on	1	NA
3	77	November	1	it,
3	78	28th,	3	it,
3	79	making	1	NA
3	80	for	1	NA
3	81	Porto	2	it.
3	82	Nuovo,	3	it.
3	83	which,	2	it.
3	84	as	1	it.
3	85	the	1	it.
3	86	name	1	it.
3	87	indicates,	2	it.
3	88	was	1	it.
3	89	the	1	it.
3	90	ancient	1	it.
3	91	city's	2	it.
3	92	new	1	it.
3	93	and	1	it.
3	94	modern	1	it.
3	95	harbor.	2	it.
3	96	Hardly	2	NA
3	97	anyone	1	it
3	98	ashore	1	it
3	99	marked	1	NA
3	100	her	1	NA
3	101	as	1	NA
3	102	she	1	NA
3	103	anchored	1	NA
3	104	stern-to	3	NA
3	105	off	1	NA
3	106	Berth	2	it
3	107	29	1	it
3	108	on	1	NA
3	109	the	1	it.
3	110	mole.	2	it.
3	111	If	1	NA
3	112	anyone	1	NA
3	113	thought	1	NA
3	114	of	1	NA
3	115	the	1	NA
3	116	John	1	NA
3	117	Harvey,	2	NA
3	118	it	1	NA
3	119	was	1	NA
3	120	to	1	NA
3	121	observe	1	NA
3	122	that	1	NA
3	123	she	1	NA
3	124	was	1	NA
3	125	straddled	3	NA
3	126	by	1	NA
3	127	a	1	NA
3	128	pair	1	NA
3	129	of	1	NA
3	130	ships	1	NA
3	131	heavily	1	NA
3	132	laden	2	NA
3	133	with	1	NA
3	134	high	1	NA
3	135	explosive	1	NA
3	136	and	1	NA
3	137	if	1	NA
3	138	they	1	NA
3	139	were	1	NA
3	140	hit	1	NA
3	141	the	1	NA
3	142	John	1	NA
3	143	Harvey	1	NA
3	144	would	1	NA
3	145	likely	1	NA
3	146	be	1	NA
3	147	blown	1	NA
3	148	up	1	NA
3	149	with	1	NA
3	150	her	1	her
3	151	own	1	her
3	152	ammo	1	her
3	153	and	1	NA
3	154	whatever	1	NA
3	155	else	1	NA
3	156	it	1	NA
3	157	was	1	NA
3	158	that	1	NA
3	159	she	1	NA
3	160	carried.	2	NA
3	161	Which	1	NA
3	162	was	1	NA
3	163	poison	1	NA
3	164	gas.	2	NA
3	165	It	1	NA
3	166	had	1	NA
3	167	required	1	NA
3	168	the	1	it
3	169	approval	1	it
3	170	of	1	it
3	171	President	1	it
3	172	Franklin	1	it
3	173	Delano	2	it
3	174	Roosevelt	1	it
3	175	before	1	NA
3	176	the	1	NA
3	177	John	1	NA
3	178	Harvey	1	NA
3	179	could	1	NA
3	180	be	1	NA
3	181	loaded	1	NA
3	182	with	1	NA
3	183	100	1	NA
3	184	tons	1	NA
3	185	of	1	NA
3	186	mustard	1	NA
3	187	gas	1	NA
3	188	and	1	NA
3	189	dispatched	1	NA
3	190	to	1	NA
3	191	the	1	it.
3	192	Italian	1	it.
3	193	warfront.	3	it.
3	194	For	1	NA
3	195	in	1	NA
3	196	a	1	it,
3	197	world	1	it,
3	198	as	1	it,
3	199	yet	1	it,
3	200	unacquainted	3	it,
3	201	with	1	it,
3	202	the	1	it,
3	203	horrors	1	it,
3	204	of	1	it,
3	205	the	1	it,
3	206	mushroom	1	it,
3	207	cloud,	2	it,
3	208	poison	1	NA
3	209	gas	1	NA
3	210	was	1	NA
3	211	still	1	NA
3	212	regarded	1	NA
3	213	as	1	NA
3	214	the	1	NA
3	215	ultimate	1	NA
3	216	in	1	NA
3	217	hideous	1	NA
3	218	weapons.	2	NA
3	219	Throughout	1	NA
3	220	the	1	it,
3	221	early	1	it,
3	222	years	1	it,
3	223	of	1	it,
3	224	World	1	it,
3	225	War	1	it,
3	226	II,	2	it,
3	227	reports	1	NA
3	228	persisted	1	NA
3	229	that	1	NA
3	230	the	1	they
3	231	Axis	1	they
3	232	powers	1	they
3	233	had	1	they
3	234	used	1	they
3	235	gas	1	they
3	236	--	1	NA
3	237	Germany	1	NA
3	238	in	1	NA
3	239	Russia,	2	it,
3	240	Japan	1	they
3	241	in	1	NA
3	242	China	1	it
3	243	again.	2	NA
3	244	They	1	NA
3	245	were	1	NA
3	246	always	1	NA
3	247	denied.	2	NA
3	248	Influential	2	They
3	249	people	1	They
3	250	in	1	They
3	251	America	1	They
3	252	were	1	NA
3	253	warning	1	NA
3	254	the	1	them
3	255	Pentagon	1	them
3	256	to	1	NA
3	257	be	1	NA
3	258	prepared	1	NA
3	259	against	1	NA
3	260	desperation	1	it
3	261	gas	1	it
3	262	attacks	1	it
3	263	by	1	it
3	264	the	1	it
3	265	Germans	1	it
3	266	in	1	NA
3	267	future	1	their.
3	268	campaigns.	2	their.
3	269	Some	1	NA
3	270	extremists	1	NA
3	271	went	1	NA
3	272	so	1	NA
3	273	far	1	NA
3	274	as	1	NA
3	275	to	1	NA
3	276	urge	1	NA
3	277	our	1	NA
3	278	using	1	NA
3	279	it	1	NA
3	280	first.	2	NA
3	281	To	1	NA
3	282	silence	1	NA
3	283	extremists,	2	NA
3	284	to	1	NA
3	285	warn	1	NA
3	286	the	1	NA
3	287	Axis,	2	NA
3	288	President	1	NA
3	289	Roosevelt	1	NA
3	290	issued	1	NA
3	291	this	1	it
3	292	statement	1	it
3	293	for	1	it
3	294	the	1	it
3	295	Allies	1	it
3	296	in	1	NA
3	297	August:	2	it:
3	298	"From	2	NA
3	299	time	1	NA
3	300	to	1	NA
3	301	time	1	it
3	302	since	1	NA
3	303	the	1	NA
3	304	present	1	NA
3	305	war	1	NA
3	306	began	1	NA
3	307	there	1	NA
3	308	have	1	NA
3	309	been	1	NA
3	310	reports	1	it.
3	311	that	1	it.
3	312	one	1	it.
3	313	or	1	it.
3	314	more	1	it.
3	315	of	1	it.
3	316	the	1	it.
3	317	Axis	1	it.
3	318	powers	1	it.
3	319	were	1	it.
3	320	seriously	1	it.
3	321	contemplating	1	it.
3	322	use	1	it.
3	323	of	1	it.
3	324	poisonous	1	it.
3	325	gas	1	it.
3	326	or	1	it.
3	327	noxious	2	it.
3	328	gases	1	it.
3	329	or	1	it.
3	330	other	1	it.
3	331	inhumane	2	it.
3	332	devices	1	it.
3	333	of	1	it.
3	334	warfare.	2	it.
3	335	I	1	NA
3	336	have	1	NA
3	337	been	1	NA
3	338	loath	2	NA
3	339	to	1	NA
3	340	believe	1	NA
3	341	that	1	NA
3	342	any	1	NA
3	343	nation,	2	NA
3	344	even	1	NA
3	345	our	1	NA
3	346	present	1	NA
3	347	enemies,	2	NA
3	348	could	1	NA
3	349	or	1	NA
3	350	would	1	NA
3	351	be	1	NA
3	352	willing	1	NA
3	353	to	1	NA
3	354	loose	1	NA
3	355	upon	1	NA
3	356	mankind	1	us
3	357	such	1	NA
3	358	terrible	1	NA
3	359	and	1	NA
3	360	inhumane	2	NA
3	361	weapons.	2	NA
3	362	"However,	3	NA
3	363	evidence	1	it
3	364	that	1	it
3	365	the	1	it
3	366	Axis	1	it
3	367	powers	1	it
3	368	are	1	it
3	369	making	1	it
3	370	significant	1	it
3	371	preparations	1	it
3	372	indicative	1	it
3	373	of	1	it
3	374	such	1	it
3	375	an	1	it
3	376	intention	1	it
3	377	is	1	NA
3	378	being	1	NA
3	379	reported	1	NA
3	380	with	1	NA
3	381	increasing	1	it
3	382	frequency	1	it
3	383	from	1	NA
3	384	a	1	them.
3	385	variety	1	them.
3	386	of	1	them.
3	387	sources.	2	them.
3	388	"Use	2	NA
3	389	of	1	NA
3	390	such	1	NA
3	391	weapons	1	NA
3	392	has	1	NA
3	393	been	1	NA
3	394	outlawed	1	NA
3	395	by	1	NA
3	396	the	1	it.
3	397	general	1	it.
3	398	opinion	1	it.
3	399	of	1	it.
3	400	civilized	1	it.
3	401	mankind.	2	it.
3	402	This	1	NA
3	403	country	1	NA
3	404	has	1	NA
3	405	not	1	NA
3	406	used	1	NA
3	407	them,	2	NA
3	408	and	1	NA
3	409	I	1	NA
3	410	hope	1	NA
3	411	that	1	NA
3	412	we	1	NA
3	413	never	1	NA
3	414	will	1	NA
3	415	be	1	NA
3	416	compelled	1	NA
3	417	to	1	NA
3	418	use	1	NA
3	419	them.	2	NA
3	420	I	1	NA
3	421	state	1	NA
3	422	categorically	2	NA
3	423	that	1	NA
3	424	we	1	NA
3	425	shall	1	NA
3	426	under	1	NA
3	427	no	1	it
3	428	circumstances	1	it
3	429	resort	1	NA
3	430	to	1	NA
3	431	the	1	NA
3	432	use	1	NA
3	433	of	1	NA
3	434	such	1	NA
3	435	weapons	1	NA
3	436	unless	1	NA
3	437	they	1	NA
3	438	are	1	NA
3	439	first	1	NA
3	440	used	1	NA
3	441	by	1	NA
3	442	our	1	NA
3	443	enemies."	2	NA
3	444	The	1	It
3	445	following	1	It
3	446	month	1	It
3	447	the	1	it
3	448	invasion	1	it
3	449	of	1	it
3	450	Italy	1	it
3	451	was	1	NA
3	452	begun,	2	NA
3	453	and	1	NA
3	454	Roosevelt	1	NA
3	455	gave	1	NA
3	456	effect	1	it
3	457	to	1	it
3	458	his	1	it
3	459	warning	1	it
3	460	by	1	NA
3	461	consenting	2	NA
3	462	to	1	NA
3	463	the	1	it.
3	464	stockpiling	2	it.
3	465	of	1	it.
3	466	poison	1	it.
3	467	gas	1	it.
3	468	in	1	it.
3	469	southern	1	it.
3	470	Italy.	2	it.
3	471	Bari	2	NA
3	472	was	1	NA
3	473	chosen	1	NA
3	474	as	1	NA
3	475	a	1	NA
3	476	depot,	2	NA
3	477	not	1	NA
3	478	only	1	NA
3	479	for	1	NA
3	480	its	1	its,
3	481	seeming	1	its,
3	482	safety,	2	its,
3	483	but	1	NA
3	484	because	1	NA
3	485	of	1	NA
3	486	its	1	its.
3	487	proximity	1	its.
3	488	to	1	its.
3	489	airfields.	3	its.
3	490	Any	1	NA
3	491	retaliatory	2	NA
3	492	gas	1	NA
3	493	attack	1	NA
3	494	would	1	NA
3	495	be	1	NA
3	496	airborne.	2	NA
3	497	It	1	NA
3	498	would	1	NA
3	499	be	1	NA
3	500	made	1	NA
3	501	in	1	NA
3	502	three	1	them
3	503	waves	1	them
3	504	--	1	NA
3	505	the	1	it
3	506	first	1	it
3	507	to	1	NA
3	508	lay	1	NA
3	509	down	1	NA
3	510	a	1	it,
3	511	smokescreen,	3	it,
3	512	the	1	it
3	513	second	1	it
3	514	to	1	NA
3	515	drop	1	NA
3	516	the	1	them,
3	517	gas	1	them,
3	518	bombs,	2	them,
3	519	the	1	it
3	520	third	1	it
3	521	to	1	NA
3	522	shower	1	NA
3	523	incendiaries	3	them.
3	524	which	1	them.
3	525	would	1	them.
3	526	burn	1	them.
3	527	everything	1	them.
3	528	below.	2	them.
3	529	So	1	NA
3	530	the	1	NA
3	531	vile	1	NA
3	532	cargo	1	NA
3	533	went	1	NA
3	534	into	1	NA
3	535	the	1	it.
3	536	hole	1	it.
3	537	of	1	it.
3	538	the	1	it.
3	539	John	1	it.
3	540	Harvey.	2	it.
3	541	A	1	It
3	542	detachment	1	It
3	543	of	1	It
3	544	six	1	It
3	545	men	1	It
3	546	from	1	It
3	547	the	1	It
3	548	701st	2	It
3	549	Chemical	1	It
3	550	Maintenance	1	It
3	551	Company	1	It
3	552	under	1	It
3	553	First	1	It
3	554	Lt.	2	It
3	555	Howard	1	It
3	556	D.	2	It
3	557	Beckstrom	2	It
3	558	went	1	NA
3	559	aboard,	2	NA
3	560	followed	1	NA
3	561	by	1	NA
3	562	Lt.	2	NA
3	563	Thomas	1	NA
3	564	H.	2	NA
3	565	Richardson,	2	NA
3	566	the	1	NA
3	567	Cargo	1	NA
3	568	Security	1	NA
3	569	Officer.	2	NA
3	570	Secrecy	2	It
3	571	was	1	NA
3	572	paramount.	2	NA
3	573	Only	1	NA
3	574	a	1	NA
3	575	few	1	NA
3	576	other	1	NA
3	577	people	1	NA
3	578	--	1	NA
3	579	very	1	NA
3	580	important	1	NA
3	581	people	1	NA
3	582	--	1	NA
3	583	knew	1	NA
3	584	of	1	NA
3	585	the	1	them.
3	586	nitrogen-mustard	4	them.
3	587	eggs	1	them.
3	588	nestled	2	them.
3	589	below	1	them.
3	590	decks.	2	them.
3	591	No	1	It
3	592	one	1	It
3	593	else	1	It
3	594	must	1	NA
3	595	know.	2	NA
3	596	Thus,	2	NA
3	597	in	1	NA
3	598	the	1	it
3	599	immemorial	3	it
3	600	way	1	it
3	601	--	1	NA
3	602	in	1	NA
3	603	the	1	NA
3	604	way	1	NA
3	605	of	1	NA
3	606	the	1	it
3	607	right	1	it
3	608	hand	1	it
3	609	that	1	it
3	610	knows	1	it
3	611	and	1	NA
3	612	the	1	it
3	613	left	1	it
3	614	that	1	it
3	615	does	1	it
3	616	not	1	it
3	617	--	1	NA
3	618	was	1	NA
3	619	the	1	it
3	620	stage	1	it
3	621	set	1	NA
3	622	for	1	NA
3	623	tragedy	1	it
3	624	at	1	NA
3	625	Bari.	3	NA
4	0	Franklin	2	NA
4	1	D.	2	NA
4	2	Lee	1	NA
4	3	proved	1	NA
4	4	a	1	NA
4	5	man	1	NA
4	6	of	1	NA
4	7	prompt	1	NA
4	8	action	1	NA
4	9	when	1	NA
4	10	Mrs.	2	NA
4	11	Claire	1	NA
4	12	Shaefer,	3	NA
4	13	accompanied	1	NA
4	14	by	1	NA
4	15	a	1	NA
4	16	friend,	2	NA
4	17	visited	1	NA
4	18	him	1	NA
4	19	in	1	NA
4	20	Bakersfield,	4	it,
4	21	California,	2	it,
4	22	several	1	it
4	23	months	1	it
4	24	ago	1	NA
4	25	as	1	NA
4	26	a	1	NA
4	27	prospective	1	NA
4	28	patient.	2	NA
4	29	"Doctor"	3	NA
4	30	Lee	1	NA
4	31	asked	1	NA
4	32	her	1	NA
4	33	to	1	NA
4	34	lie	1	NA
4	35	down	1	NA
4	36	on	1	NA
4	37	a	1	it
4	38	bed	1	it
4	39	and	1	NA
4	40	remove	1	NA
4	41	her	1	them.
4	42	shoes.	2	them.
4	43	Then,	2	NA
4	44	by	1	NA
4	45	squeezing	1	NA
4	46	her	1	NA
4	47	foot	1	NA
4	48	three	1	it,
4	49	times,	2	it,
4	50	he	1	NA
4	51	came	1	NA
4	52	up	1	NA
4	53	--	1	NA
4	54	presto	2	NA
4	55	--	1	NA
4	56	with	1	NA
4	57	a	1	it
4	58	different	1	it
4	59	diagnosis	1	it
4	60	with	1	NA
4	61	each	1	it.
4	62	squeeze.	2	it.
4	63	She	1	NA
4	64	had	1	NA
4	65	--	1	NA
4	66	he	1	NA
4	67	informed	1	NA
4	68	her	1	NA
4	69	--	1	NA
4	70	kidney	1	NA
4	71	trouble,	2	NA
4	72	liver	1	it,
4	73	trouble,	2	it,
4	74	and	1	NA
4	75	a	1	it.
4	76	severe	1	it.
4	77	female	1	it.
4	78	disorder.	2	it.
4	79	(He	2	NA
4	80	explained	1	NA
4	81	that	1	NA
4	82	he	1	NA
4	83	could	1	NA
4	84	diagnose	1	NA
4	85	these	1	NA
4	86	ailments	1	NA
4	87	from	1	NA
4	88	squeezing	1	NA
4	89	her	1	NA
4	90	foot	1	NA
4	91	because	1	NA
4	92	all	1	it
4	93	of	1	it
4	94	the	1	it
4	95	nervous	1	it
4	96	system	1	it
4	97	was	1	NA
4	98	connected	1	NA
4	99	to	1	NA
4	100	it.)	2	NA
4	101	He	1	NA
4	102	knew	1	NA
4	103	just	1	NA
4	104	the	1	NA
4	105	thing	1	NA
4	106	for	1	NA
4	107	her	1	NA
4	108	--	1	NA
4	109	a	1	NA
4	110	treatment	1	NA
4	111	from	1	NA
4	112	his	1	NA
4	113	"cosmic	3	NA
4	114	light	1	NA
4	115	ozone	1	NA
4	116	generator"	2	NA
4	117	machine.	2	NA
4	118	As	1	NA
4	119	he	1	NA
4	120	applied	1	NA
4	121	the	1	it
4	122	applicator	2	it
4	123	extending	1	it
4	124	from	1	it
4	125	the	1	it
4	126	machine	1	it
4	127	--	1	it
4	128	which	1	it
4	129	consisted	1	it
4	130	of	1	it
4	131	seven	1	it
4	132	differently	1	it
4	133	colored	1	it
4	134	neon	1	it
4	135	tubes	1	it
4	136	superimposed	2	it
4	137	on	1	it
4	138	a	1	it
4	139	rectangular	1	it
4	140	base	1	it
4	141	--	1	NA
4	142	to	1	NA
4	143	the	1	her.
4	144	supposedly	1	her.
4	145	diseased	2	her.
4	146	portions	1	her.
4	147	of	1	her.
4	148	Mrs.	2	her.
4	149	Shaefer's	3	NA
4	150	body,	2	NA
4	151	Lee	1	NA
4	152	kept	1	NA
4	153	up	1	NA
4	154	a	1	it.
4	155	steady	1	it.
4	156	stream	1	it.
4	157	of	1	it.
4	158	pseudo-scientific	3	it.
4	159	mumbo-jumbo.	6	it.
4	160	Yes,	2	NA
4	161	the	1	NA
4	162	ozone	1	NA
4	163	from	1	NA
4	164	his	1	NA
4	165	machine	1	NA
4	166	would	1	NA
4	167	cure	1	NA
4	168	practically	1	NA
4	169	everything,	2	NA
4	170	he	1	NA
4	171	assured	1	NA
4	172	her.	2	NA
4	173	Did	1	NA
4	174	she	1	NA
4	175	know,	2	NA
4	176	he	1	NA
4	177	asked,	2	NA
4	178	why	1	NA
4	179	the	1	they
4	180	colors	1	they
4	181	of	1	they
4	182	the	1	they
4	183	tubes	1	they
4	184	were	1	NA
4	185	important	1	NA
4	186	to	1	NA
4	187	people's	2	their?
4	188	health?	2	their?
4	189	The	1	it
4	190	human	1	it
4	191	body	1	it
4	192	--	1	NA
4	193	he	1	NA
4	194	pointed	1	NA
4	195	out,	2	NA
4	196	for	1	NA
4	197	example	1	NA
4	198	--	1	NA
4	199	required	1	NA
4	200	33	1	NA
4	201	units	1	NA
4	202	of	1	NA
4	203	blue	1	NA
4	204	light.	2	NA
4	205	For	1	NA
4	206	that	1	NA
4	207	reason,	2	NA
4	208	he	1	NA
4	209	informed	1	NA
4	210	her,	2	NA
4	211	the	1	he
4	212	Lord	1	he
4	213	made	1	NA
4	214	the	1	it
4	215	sky	1	it
4	216	blue.	2	NA
4	217	Continuing	1	NA
4	218	glibly	2	NA
4	219	in	1	NA
4	220	this	1	it,
4	221	vein,	2	it,
4	222	he	1	NA
4	223	paused	1	NA
4	224	to	1	NA
4	225	comfort	1	NA
4	226	her:	2	NA
4	227	"Don't	3	NA
4	228	you	1	NA
4	229	worry.	2	NA
4	230	This	1	NA
4	231	machine	1	NA
4	232	will	1	NA
4	233	cure	1	NA
4	234	your	1	NA
4	235	cancer-ridden	3	NA
4	236	body."	2	NA
4	237	"Cancer!"	4	NA
4	238	Mrs.	2	NA
4	239	Shaefer	2	NA
4	240	practically	1	NA
4	241	shrieked.	4	NA
4	242	"You	2	NA
4	243	didn't	2	NA
4	244	tell	1	NA
4	245	me	1	NA
4	246	I	1	NA
4	247	had	1	NA
4	248	cancer."	2	NA
4	249	"You	2	NA
4	250	have	1	NA
4	251	it,	2	NA
4	252	all	1	NA
4	253	right.	2	NA
4	254	But	1	NA
4	255	as	1	NA
4	256	long	1	NA
4	257	as	1	NA
4	258	you	1	NA
4	259	can	1	NA
4	260	have	1	NA
4	261	treatment	1	NA
4	262	from	1	NA
4	263	my	1	NA
4	264	machine	1	NA
4	265	you	1	NA
4	266	have	1	NA
4	267	nothing	1	it.
4	268	to	1	it.
4	269	worry	1	it.
4	270	about.	2	it.
4	271	Why,	2	NA
4	272	I	1	NA
4	273	once	1	NA
4	274	used	1	NA
4	275	this	1	NA
4	276	machine	1	NA
4	277	to	1	NA
4	278	cure	1	NA
4	279	a	1	her."
4	280	woman	1	her."
4	281	with	1	her."
4	282	97	1	her."
4	283	pounds	1	her."
4	284	of	1	her."
4	285	cancer	1	her."
4	286	in	1	her."
4	287	her	1	her."
4	288	body."	2	her."
4	289	He	1	NA
4	290	urged	1	NA
4	291	her	1	NA
4	292	to	1	NA
4	293	buy	1	NA
4	294	one	1	it
4	295	of	1	it
4	296	his	1	it
4	297	machines	1	it
4	298	--	1	NA
4	299	for	1	NA
4	300	$300.	3	$it.
4	301	When	1	NA
4	302	she	1	NA
4	303	said	1	NA
4	304	that	1	NA
4	305	she	1	NA
4	306	didn't	2	NA
4	307	have	1	NA
4	308	the	1	NA
4	309	money,	2	NA
4	310	he	1	NA
4	311	said	1	NA
4	312	that	1	NA
4	313	she	1	NA
4	314	could	1	NA
4	315	come	1	NA
4	316	in	1	NA
4	317	for	1	NA
4	318	treatment	1	NA
4	319	with	1	NA
4	320	his	1	NA
4	321	office	1	NA
4	322	model	1	NA
4	323	until	1	NA
4	324	she	1	NA
4	325	was	1	NA
4	326	ready	1	NA
4	327	to	1	NA
4	328	buy	1	NA
4	329	one.	2	NA
4	330	He	1	NA
4	331	then	1	NA
4	332	sold	1	NA
4	333	her	1	NA
4	334	minerals	1	them,
4	335	to	1	them,
4	336	cure	1	them,
4	337	her	1	them,
4	338	kidney	1	them,
4	339	ailment,	3	them,
4	340	a	1	it
4	341	can	1	it
4	342	of	1	it
4	343	sage	1	it
4	344	"to	2	NA
4	345	make	1	NA
4	346	her	1	NA
4	347	look	1	NA
4	348	like	1	NA
4	349	a	1	her
4	350	girl	1	her
4	351	again,"	2	NA
4	352	and	1	NA
4	353	an	1	it.
4	354	application	1	it.
4	355	of	1	it.
4	356	plain	1	it.
4	357	mud	1	it.
4	358	to	1	it.
4	359	take	1	it.
4	360	her	1	it.
4	361	wrinkles	1	it.
4	362	away.	2	it.
4	363	Lee	1	NA
4	364	renewed	1	NA
4	365	his	1	it
4	366	pressure	1	it
4	367	on	1	it
4	368	Mrs.	2	it
4	369	Shaefer	2	it
4	370	to	1	NA
4	371	buy	1	NA
4	372	his	1	NA
4	373	machine	1	NA
4	374	when	1	NA
4	375	she	1	NA
4	376	visited	1	NA
4	377	him	1	NA
4	378	the	1	her.
4	379	next	1	her.
4	380	day.	2	her.
4	381	After	1	NA
4	382	another	1	it,
4	383	treatment	1	it,
4	384	with	1	it,
4	385	the	1	it,
4	386	machine,	2	it,
4	387	he	1	NA
4	388	told	1	NA
4	389	her	1	NA
4	390	that	1	NA
4	391	"her	2	NA
4	392	entire	1	NA
4	393	body	1	NA
4	394	was	1	NA
4	395	shot	1	NA
4	396	through	1	NA
4	397	with	1	NA
4	398	tumors	1	NA
4	399	and	1	NA
4	400	cysts."	3	NA
4	401	He	1	NA
4	402	then	1	NA
4	403	sold	1	NA
4	404	her	1	NA
4	405	some	1	NA
4	406	capsules	1	NA
4	407	that	1	NA
4	408	he	1	NA
4	409	asserted	1	NA
4	410	would	1	NA
4	411	take	1	NA
4	412	care	1	NA
4	413	of	1	NA
4	414	the	1	NA
4	415	tumors	1	NA
4	416	and	1	NA
4	417	cysts	2	NA
4	418	until	1	NA
4	419	she	1	NA
4	420	could	1	NA
4	421	collect	1	NA
4	422	the	1	NA
4	423	money	1	NA
4	424	for	1	NA
4	425	buying	1	NA
4	426	his	1	NA
4	427	machine.	2	NA
4	428	When	1	NA
4	429	she	1	NA
4	430	submitted	1	NA
4	431	to	1	NA
4	432	his	1	NA
4	433	treatment	1	NA
4	434	with	1	NA
4	435	the	1	NA
4	436	capsules,	2	NA
4	437	Mrs.	2	NA
4	438	Shaefer	2	NA
4	439	felt	1	NA
4	440	intense	1	NA
4	441	pain.	2	NA
4	442	Leaving	1	NA
4	443	Lee's	2	his,
4	444	office,	2	his,
4	445	Mrs.	2	NA
4	446	Shaefer	2	NA
4	447	hurried	1	NA
4	448	over	1	NA
4	449	to	1	NA
4	450	her	1	NA
4	451	family	1	NA
4	452	physician,	2	NA
4	453	who	1	NA
4	454	treated	1	NA
4	455	her	1	NA
4	456	for	1	NA
4	457	burned	1	NA
4	458	tissue.	2	NA
4	459	For	1	NA
4	460	several	1	NA
4	461	days,	2	NA
4	462	she	1	NA
4	463	was	1	NA
4	464	ill	1	NA
4	465	as	1	NA
4	466	a	1	NA
4	467	result	1	NA
4	468	of	1	NA
4	469	Lee's	2	NA
4	470	treatment.	2	NA
4	471	Mrs.	2	NA
4	472	Shaefer	2	NA
4	473	never	1	NA
4	474	got	1	NA
4	475	around	1	NA
4	476	to	1	NA
4	477	joining	1	NA
4	478	the	1	them.
4	479	thousand	1	them.
4	480	or	1	them.
4	481	so	1	them.
4	482	people	1	them.
4	483	who	1	them.
4	484	paid	1	them.
4	485	Lee	1	them.
4	486	some	1	them.
4	487	$30,000	4	them.
4	488	for	1	them.
4	489	his	1	them.
4	490	ozone	1	them.
4	491	machines.	2	them.
4	492	For	1	NA
4	493	Mrs.	2	NA
4	494	Shaefer	2	NA
4	495	--	1	NA
4	496	who	1	NA
4	497	had	1	NA
4	498	been	1	NA
4	499	given	1	NA
4	500	a	1	her
4	501	clean	1	her
4	502	bill	1	her
4	503	of	1	her
4	504	health	1	her
4	505	by	1	NA
4	506	her	1	NA
4	507	own	1	NA
4	508	physician	1	NA
4	509	at	1	NA
4	510	the	1	NA
4	511	time	1	NA
4	512	she	1	NA
4	513	visited	1	NA
4	514	Lee	1	NA
4	515	--	1	NA
4	516	and	1	NA
4	517	her	1	NA
4	518	friend	1	NA
4	519	were	1	NA
4	520	agents	1	they.
4	521	for	1	they.
4	522	the	1	they.
4	523	California	1	they.
4	524	Pure	1	they.
4	525	Food	1	they.
4	526	and	1	they.
4	527	Drug	1	they.
4	528	Inspection	1	they.
4	529	Bureau.	2	they.
4	530	And	1	NA
4	531	she	1	NA
4	532	felt	1	NA
4	533	amply	2	NA
4	534	rewarded	1	NA
4	535	for	1	NA
4	536	her	1	NA
4	537	suffering	1	NA
4	538	when	1	NA
4	539	the	1	NA
4	540	evidence	1	NA
4	541	of	1	NA
4	542	Lee's	2	NA
4	543	quack	2	NA
4	544	shenanigans,	2	NA
4	545	gathered	1	NA
4	546	by	1	NA
4	547	the	1	it,
4	548	tape	1	it,
4	549	recorder	1	it,
4	550	under	1	it,
4	551	her	1	it,
4	552	friend's	2	it,
4	553	clothing,	2	it,
4	554	proved	1	NA
4	555	adequate	1	NA
4	556	in	1	NA
4	557	court	1	it
4	558	for	1	NA
4	559	convicting	2	NA
4	560	Franklin	1	NA
4	561	D.	2	NA
4	562	Lee.	2	NA
4	563	The	1	It:
4	564	charge:	2	It:
4	565	violation	1	it
4	566	of	1	it
4	567	the	1	it
4	568	California	1	it
4	569	Medical	1	it
4	570	Practices	1	it
4	571	Act	1	it
4	572	by	1	NA
4	573	practicing	1	NA
4	574	medicine	1	it
4	575	without	1	NA
4	576	a	1	it
4	577	license	1	it
4	578	and	1	NA
4	579	selling	1	NA
4	580	misbranded	2	them.
4	581	drugs.	2	them.
4	582	The	1	It:
4	583	sentence:	2	It:
4	584	360	1	NA
4	585	days'	2	NA
4	586	confinement	1	NA
4	587	in	1	NA
4	588	the	1	its.
4	589	county	1	its.
4	590	jail.	2	its.
5	0	A	1	It
5	1	tsunami	1	It
5	2	may	1	NA
5	3	be	1	NA
5	4	started	1	NA
5	5	by	1	NA
5	6	a	1	it,
5	7	sea	1	it,
5	8	bottom	1	it,
5	9	slide,	2	it,
5	10	an	1	it
5	11	earthquake	1	it
5	12	or	1	NA
5	13	a	1	it.
5	14	volcanic	1	it.
5	15	eruption.	2	it.
5	16	The	1	NA
5	17	most	1	NA
5	18	infamous	1	NA
5	19	of	1	NA
5	20	all	1	NA
5	21	was	1	NA
5	22	launched	1	NA
5	23	by	1	NA
5	24	the	1	it;
5	25	explosion	1	it;
5	26	of	1	it;
5	27	the	1	it;
5	28	island	1	it;
5	29	of	1	it;
5	30	Krakatoa	4	it;
5	31	in	1	it;
5	32	1883;	3	it;
5	33	it	1	NA
5	34	raced	1	NA
5	35	across	1	NA
5	36	the	1	NA
5	37	Pacific	1	NA
5	38	at	1	NA
5	39	300	1	it,
5	40	miles	1	it,
5	41	an	1	it,
5	42	hour,	2	it,
5	43	devastated	1	NA
5	44	the	1	them
5	45	coasts	1	them
5	46	of	1	them
5	47	Java	1	them
5	48	and	1	them
5	49	Sumatra	2	them
5	50	with	1	NA
5	51	waves	1	them,
5	52	100	1	them,
5	53	to	1	them,
5	54	130	1	them,
5	55	feet	1	them,
5	56	high,	2	them,
5	57	and	1	NA
5	58	pounded	1	NA
5	59	the	1	it
5	60	shore	1	it
5	61	as	1	NA
5	62	far	1	NA
5	63	away	1	NA
5	64	as	1	NA
5	65	San	1	it.
5	66	Francisco.	2	it.
5	67	The	1	They
5	68	ancient	1	They
5	69	Greeks	1	They
5	70	recorded	1	NA
5	71	several	1	them.
5	72	catastrophic	1	them.
5	73	inundations	2	them.
5	74	by	1	them.
5	75	huge	1	them.
5	76	waves.	2	them.
5	77	Whether	1	NA
5	78	or	1	NA
5	79	not	1	NA
5	80	Plato's	2	NA
5	81	tale	1	NA
5	82	of	1	NA
5	83	the	1	NA
5	84	lost	1	NA
5	85	continent	1	NA
5	86	of	1	NA
5	87	Atlantis	1	NA
5	88	is	1	NA
5	89	true,	2	NA
5	90	skeptics	1	they
5	91	concede	1	NA
5	92	that	1	NA
5	93	the	1	NA
5	94	myth	1	NA
5	95	may	1	NA
5	96	have	1	NA
5	97	some	1	it.
5	98	foundation	1	it.
5	99	in	1	it.
5	100	a	1	it.
5	101	great	1	it.
5	102	tsunami	1	it.
5	103	of	1	it.
5	104	ancient	1	it.
5	105	times.	2	it.
5	106	Indeed,	2	NA
5	107	a	1	it
5	108	tremendously	1	it
5	109	destructive	1	it
5	110	tsunami	1	it
5	111	that	1	it
5	112	arose	1	it
5	113	in	1	it
5	114	the	1	it
5	115	Arabian	1	it
5	116	Sea	1	it
5	117	in	1	it
5	118	1945	1	it
5	119	has	1	NA
5	120	even	1	NA
5	121	revived	1	NA
5	122	the	1	it.
5	123	interest	1	it.
5	124	of	1	it.
5	125	geologists	2	it.
5	126	and	1	it.
5	127	archaeologists	1	it.
5	128	in	1	it.
5	129	the	1	it.
5	130	Biblical	1	it.
5	131	story	1	it.
5	132	of	1	it.
5	133	the	1	it.
5	134	Flood.	2	it.
5	135	One	1	It
5	136	of	1	It
5	137	the	1	It
5	138	most	1	It
5	139	damaging	1	It
5	140	tsunami	1	It
5	141	on	1	It
5	142	record	1	It
5	143	followed	1	NA
5	144	the	1	NA
5	145	famous	1	NA
5	146	Lisbon	1	NA
5	147	earthquake	1	NA
5	148	of	1	NA
5	149	November	1	NA
5	150	1,	2	NA
5	151	1755;	3	NA
5	152	its	1	they
5	153	waves	1	they
5	154	persisted	1	NA
5	155	for	1	NA
5	156	a	1	it
5	157	week	1	it
5	158	and	1	NA
5	159	were	1	NA
5	160	felt	1	NA
5	161	as	1	NA
5	162	far	1	NA
5	163	away	1	NA
5	164	as	1	NA
5	165	the	1	it.
5	166	English	1	it.
5	167	coast.	2	it.
5	168	Tsunami	3	NA
5	169	are	1	NA
5	170	rare,	2	NA
5	171	however,	2	NA
5	172	in	1	NA
5	173	the	1	NA
5	174	Atlantic	1	NA
5	175	Ocean;	2	NA
5	176	they	1	NA
5	177	are	1	NA
5	178	far	1	NA
5	179	more	1	NA
5	180	common	1	NA
5	181	in	1	NA
5	182	the	1	NA
5	183	Pacific.	2	NA
5	184	Japan	1	NA
5	185	has	1	NA
5	186	had	1	NA
5	187	15	1	NA
5	188	destructive	1	NA
5	189	ones	1	NA
5	190	(eight	2	(they
5	191	of	1	(they
5	192	them	1	(they
5	193	disastrous)	2	NA
5	194	since	1	NA
5	195	1596.	3	it.
5	196	The	1	NA
5	197	Hawaiian	1	NA
5	198	Islands	1	NA
5	199	are	1	NA
5	200	struck	1	NA
5	201	severely	1	NA
5	202	an	1	NA
5	203	average	1	NA
5	204	of	1	NA
5	205	once	1	NA
5	206	every	1	NA
5	207	25	1	it.
5	208	years.	2	it.
5	209	In	1	NA
5	210	1707	2	it
5	211	an	1	it
5	212	earthquake	1	it
5	213	in	1	it
5	214	Japan	1	it
5	215	generated	1	NA
5	216	waves	1	they;
5	217	so	1	they;
5	218	huge	1	they;
5	219	that	1	they;
5	220	they	1	they;
5	221	piled	1	they;
5	222	into	1	they;
5	223	the	1	they;
5	224	Inland	2	they;
5	225	Sea;	2	they;
5	226	one	1	it
5	227	wave	1	it
5	228	swamped	2	NA
5	229	more	1	them
5	230	than	1	them
5	231	1,000	3	them
5	232	ships	1	them
5	233	and	1	them
5	234	boats	1	them
5	235	in	1	NA
5	236	Osaka	1	it.
5	237	Bay.	2	it.
5	238	A	1	It
5	239	tsunami	1	It
5	240	in	1	It
5	241	the	1	It
5	242	Hawaiian	1	It
5	243	Islands	1	It
5	244	in	1	It
5	245	1869	2	It
5	246	washed	1	NA
5	247	away	1	NA
5	248	an	1	NA
5	249	entire	1	NA
5	250	town	1	NA
5	251	(Ponoluu),	6	NA
5	252	leaving	1	NA
5	253	only	1	them
5	254	two	1	them
5	255	forlorn	3	them
5	256	trees	1	them
5	257	standing	1	NA
5	258	where	1	NA
5	259	the	1	it
5	260	community	1	it
5	261	had	1	NA
5	262	been.	2	NA
6	0	Bong!	3	NA
6	1	Bong!	3	NA
6	2	Startled	2	NA
6	3	him	1	NA
6	4	awake.	2	NA
6	5	The	1	NA
6	6	room	1	NA
6	7	vibrated	2	NA
6	8	as	1	NA
6	9	if	1	NA
6	10	a	1	it
6	11	giant	1	it
6	12	hand	1	it
6	13	had	1	NA
6	14	rocked	1	NA
6	15	it.	2	NA
6	16	Bong!	3	NA
6	17	A	1	it
6	18	dull	1	it
6	19	boom	1	it
6	20	and	1	NA
6	21	a	1	they.
6	22	throbbing	2	they.
6	23	echo.	2	they.
6	24	The	1	They
6	25	walls	1	They
6	26	bulged,	3	NA
6	27	the	1	it
6	28	floor	1	it
6	29	trembled,	3	NA
6	30	the	1	it
6	31	windowpanes	3	it
6	32	rattled.	2	NA
6	33	He	1	NA
6	34	stared	1	NA
6	35	at	1	NA
6	36	the	1	it,
6	37	far	1	it,
6	38	morning,	2	it,
6	39	expecting	1	NA
6	40	a	1	it
6	41	pendulum	2	it
6	42	to	1	NA
6	43	swing	1	NA
6	44	across	1	NA
6	45	the	1	NA
6	46	horizon.	2	NA
6	47	Bong!	3	NA
6	48	He	1	NA
6	49	raced	1	NA
6	50	to	1	NA
6	51	the	1	it
6	52	window	1	it
6	53	and	1	NA
6	54	yanked	2	NA
6	55	at	1	NA
6	56	the	1	it.
6	57	sash.	3	it.
6	58	Bong!	3	NA
6	59	The	1	it
6	60	wood	1	it
6	61	was	1	NA
6	62	old,	2	NA
6	63	the	1	it
6	64	paint	1	it
6	65	alligatored.	5	NA
6	66	Bong!	3	NA
6	67	A	1	it
6	68	fresh	1	it
6	69	breeze	1	it
6	70	saluted	2	NA
6	71	him.	2	NA
6	72	Six	1	NA
6	73	o'clock!	4	NA
6	74	He	1	NA
6	75	put	1	NA
6	76	his	1	it
6	77	head	1	it
6	78	out.	2	NA
6	79	There	1	NA
6	80	was	1	NA
6	81	the	1	it;
6	82	slate	1	it;
6	83	roof	1	it;
6	84	of	1	it;
6	85	the	1	it;
6	86	church;	2	it;
6	87	ivy	2	it
6	88	climbed	1	NA
6	89	the	1	them
6	90	red	1	them
6	91	brick	1	them
6	92	walls	1	them
6	93	like	1	NA
6	94	a	1	it.
6	95	green-scaled	4	it.
6	96	monster.	2	it.
6	97	The	1	NA
6	98	clock	1	NA
6	99	which	1	NA
6	100	had	1	NA
6	101	struck	1	NA
6	102	presented	1	NA
6	103	an	1	it.
6	104	innocent	1	it.
6	105	face.	2	it.
6	106	In	1	NA
6	107	the	1	it
6	108	kitchen	1	it
6	109	Mama	1	NA
6	110	was	1	NA
6	111	wiping	1	NA
6	112	the	1	them.
6	113	cupboards.	3	them.
6	114	"There's	3	NA
6	115	a	1	it
6	116	tower	1	it
6	117	and	1	NA
6	118	a	1	NA
6	119	steeple	2	NA
6	120	on	1	NA
6	121	the	1	NA
6	122	church	1	NA
6	123	a	1	it
6	124	million	1	it
6	125	feet	1	it
6	126	high.	2	NA
6	127	And	1	NA
6	128	the	1	NA
6	129	loudest	2	NA
6	130	clock	1	NA
6	131	in	1	NA
6	132	the	1	NA
6	133	whole	1	NA
6	134	world!"	2	NA
6	135	"I	2	NA
6	136	know,	2	NA
6	137	Stephen,"	2	NA
6	138	she	1	NA
6	139	smiled.	2	NA
6	140	"They	2	NA
6	141	say	1	NA
6	142	that	1	NA
6	143	our	1	NA
6	144	steeple	2	NA
6	145	is	1	NA
6	146	one	1	it
6	147	hundred	1	it
6	148	and	1	it
6	149	sixty-two	3	it
6	150	feet	1	it
6	151	high.	2	NA
6	152	The	1	NA
6	153	clock	1	NA
6	154	you	1	NA
6	155	heard	1	NA
6	156	strike	1	NA
6	157	--	1	NA
6	158	it's	2	NA
6	159	really	1	NA
6	160	the	1	NA
6	161	town	1	NA
6	162	clock	1	NA
6	163	--	1	NA
6	164	was	1	NA
6	165	installed	1	NA
6	166	last	1	it
6	167	April	1	it
6	168	by	1	NA
6	169	Mrs.	2	NA
6	170	Shorter,	3	NA
6	171	on	1	NA
6	172	her	1	her."
6	173	birthday."	2	her."
6	174	He	1	NA
6	175	dressed,	2	NA
6	176	and	1	NA
6	177	sped	1	NA
6	178	outdoors.	2	NA
6	179	He	1	NA
6	180	crossed	1	NA
6	181	Broome	2	NA
6	182	Street	1	NA
6	183	to	1	NA
6	184	Orange	1	NA
6	185	Square.	2	NA
6	186	The	1	NA
6	187	steeple	2	NA
6	188	leaned	1	NA
6	189	backward,	2	NA
6	190	while	1	NA
6	191	the	1	NA
6	192	church	1	NA
6	193	advanced	1	NA
6	194	like	1	NA
6	195	a	1	it.
6	196	headless	2	it.
6	197	creature	1	it.
6	198	in	1	it.
6	199	a	1	it.
6	200	long,	2	it.
6	201	shapeless	3	it.
6	202	coat.	2	it.
6	203	The	1	NA
6	204	spire	2	NA
6	205	seemed	1	NA
6	206	to	1	NA
6	207	hold	1	NA
6	208	up	1	NA
6	209	the	1	it.
6	210	sky.	2	it.
6	211	Port	1	NA
6	212	Jervis,	4	NA
6	213	basking	2	NA
6	214	in	1	NA
6	215	the	1	NA
6	216	foothills,	3	NA
6	217	was	1	NA
6	218	the	1	NA
6	219	city	1	NA
6	220	of	1	NA
6	221	God.	2	NA
6	222	The	1	It
6	223	Dutch	1	It
6	224	Reformed	2	It
6	225	Church,	2	It
6	226	with	1	It
6	227	two	1	It
6	228	steeples	3	It
6	229	and	1	It
6	230	its	1	It
6	231	own	1	It
6	232	school	1	It
6	233	was	1	NA
6	234	on	1	NA
6	235	Main	1	NA
6	236	Street;	2	NA
6	237	the	1	it
6	238	Episcopal	1	it
6	239	Church	1	it
6	240	was	1	NA
6	241	one	1	it
6	242	block	1	it
6	243	down	1	NA
6	244	Sussex	1	it;
6	245	Street;	2	it;
6	246	the	1	it,
6	247	Catholic	1	it,
6	248	Saint	1	it,
6	249	Mary's	2	it,
6	250	Church,	2	it,
6	251	with	1	it,
6	252	an	1	it,
6	253	even	1	it,
6	254	taller	1	it,
6	255	steeple	2	it,
6	256	and	1	it,
6	257	a	1	it,
6	258	cross	1	it,
6	259	on	1	it,
6	260	top,	2	it,
6	261	stood	1	NA
6	262	on	1	NA
6	263	Ball	1	it.
6	264	Street.	2	it.
6	265	The	1	They
6	266	Catholics	1	They
6	267	had	1	NA
6	268	the	1	NA
6	269	largest	1	NA
6	270	cemetery,	2	NA
6	271	near	1	NA
6	272	the	1	NA
6	273	Neversink	3	NA
6	274	River	1	NA
6	275	where	1	NA
6	276	Main	1	NA
6	277	Street	1	NA
6	278	ran	1	NA
6	279	south;	2	NA
6	280	Stevie	2	NA
6	281	whistled	2	NA
6	282	when	1	NA
6	283	he	1	NA
6	284	passed	1	NA
6	285	these	1	NA
6	286	alien	1	NA
6	287	grounds.	2	NA
6	288	God	1	NA
6	289	was	1	NA
6	290	everywhere,	2	NA
6	291	in	1	NA
6	292	the	1	it,
6	293	belfry,	4	it,
6	294	in	1	NA
6	295	the	1	it,
6	296	steeple,	3	it,
6	297	in	1	NA
6	298	the	1	them,
6	299	clouds,	2	them,
6	300	in	1	NA
6	301	the	1	them,
6	302	trees,	2	them,
6	303	and	1	NA
6	304	in	1	NA
6	305	the	1	them.
6	306	mountains	1	them.
6	307	hulking	3	them.
6	308	on	1	them.
6	309	the	1	them.
6	310	horizon.	2	them.
6	311	Somewhere,	2	NA
6	312	beyond,	2	NA
6	313	where	1	NA
6	314	shadows	1	they
6	315	lurked,	3	NA
6	316	must	1	NA
6	317	be	1	NA
6	318	the	1	it
6	319	yawning	2	it
6	320	pit	1	it
6	321	of	1	it
6	322	which	1	it
6	323	Papa	1	it
6	324	preached	1	it
6	325	and	1	NA
6	326	the	1	it.
6	327	dreadful	1	it.
6	328	Lake	1	it.
6	329	of	1	it.
6	330	Fire.	2	it.
6	331	So,	2	NA
6	332	walking	1	NA
6	333	in	1	NA
6	334	awe,	2	NA
6	335	he	1	NA
6	336	became	1	NA
6	337	familiar	1	NA
6	338	with	1	NA
6	339	God,	2	NA
6	340	who	1	NA
6	341	resided	1	NA
6	342	chiefly	1	NA
6	343	in	1	NA
6	344	Drew	1	NA
6	345	Centennial	2	NA
6	346	Church	1	NA
6	347	with	1	NA
6	348	its	1	NA
6	349	high	1	NA
6	350	steeple	2	NA
6	351	and	1	NA
6	352	clock.	2	NA
6	353	There	1	NA
6	354	was	1	NA
6	355	no	1	it,
6	356	church	1	it,
6	357	like	1	it,
6	358	Drew	1	it,
6	359	Church,	2	it,
6	360	no	1	he
6	361	preacher	1	he
6	362	like	1	NA
6	363	Papa,	2	NA
6	364	who	1	NA
6	365	was	1	NA
6	366	intimate	1	NA
6	367	with	1	NA
6	368	Him,	2	NA
6	369	and	1	NA
6	370	could	1	NA
6	371	consign	2	NA
6	372	sinners	1	them
6	373	to	1	NA
6	374	hellfire.	3	it.
6	375	To	1	NA
6	376	know	1	NA
6	377	God	1	NA
6	378	he	1	NA
6	379	must	1	NA
6	380	follow	1	NA
6	381	in	1	NA
6	382	Papa's	2	NA
6	383	footsteps.	2	NA
6	384	He	1	NA
6	385	was	1	NA
6	386	fortunate,	2	NA
6	387	and	1	NA
6	388	proud.	2	NA
6	389	The	1	NA
6	390	veterans,	2	NA
6	391	idling	2	NA
6	392	on	1	NA
6	393	their	1	NA
6	394	benches	1	NA
6	395	in	1	NA
6	396	the	1	NA
6	397	Square,	2	NA
6	398	beneath	1	NA
6	399	the	1	NA
6	400	soldiers'	2	NA
6	401	monument,	2	NA
6	402	got	1	NA
6	403	to	1	NA
6	404	their	1	them
6	405	feet	1	them
6	406	when	1	NA
6	407	Papa	1	NA
6	408	approached:	2	NA
6	409	"Morning,	3	"it,
6	410	Reverend!"	2	NA
6	411	His	1	it
6	412	being	1	it
6	413	and	1	it
6	414	His	1	it
6	415	will	1	it
6	416	--	1	NA
6	417	Stevie	2	NA
6	418	could	1	NA
6	419	not	1	NA
6	420	divide	1	NA
6	421	God	1	NA
6	422	from	1	NA
6	423	his	1	NA
6	424	Papa	1	NA
6	425	--	1	NA
6	426	illumined	2	NA
6	427	every	1	it,
6	428	parish	1	it,
6	429	face,	2	it,
6	430	turned	1	NA
6	431	the	1	it
6	432	choir	1	it
6	433	into	1	NA
6	434	a	1	them,
6	435	band	1	them,
6	436	of	1	them,
6	437	angels,	2	them,
6	438	and	1	NA
6	439	the	1	it
6	440	pulpit	2	it
6	441	into	1	NA
6	442	the	1	it.
6	443	tollgate	2	it.
6	444	to	1	it.
6	445	Heaven.	2	it.
6	446	"We	2	NA
6	447	have	1	NA
6	448	nine	1	them
6	449	hundred	1	them
6	450	and	1	them
6	451	eleven	1	them
6	452	members	1	them
6	453	in	1	NA
6	454	our	1	NA
6	455	charge,"	2	NA
6	456	Mama	1	NA
6	457	announced,	2	NA
6	458	"and	2	NA
6	459	three	1	them."
6	460	hundred	1	them."
6	461	and	1	them."
6	462	eighty	1	them."
6	463	Sunday-school	3	them."
6	464	scholars."	2	them."
6	465	When	1	NA
6	466	Papa	1	NA
6	467	went	1	NA
6	468	out	1	NA
6	469	to	1	NA
6	470	do	1	NA
6	471	God's	2	it,
6	472	work,	2	it,
6	473	Stevie	2	NA
6	474	often	1	NA
6	475	accompanied	1	NA
6	476	him	1	NA
6	477	in	1	NA
6	478	the	1	it.
6	479	buggy,	2	it.
6	480	which	1	it.
6	481	was	1	it.
6	482	drawn	1	it.
6	483	by	1	it.
6	484	Violet,	2	it.
6	485	the	1	it.
6	486	new	1	it.
6	487	black	1	it.
6	488	mare.	3	it.
6	489	Although	1	NA
6	490	they	1	NA
6	491	journeyed	2	NA
6	492	westerly	3	NA
6	493	as	1	NA
6	494	far	1	NA
6	495	as	1	NA
6	496	Germantown,	4	it,
6	497	beyond	1	NA
6	498	the	1	it
6	499	Erie	1	it
6	500	roundhouse	2	it
6	501	and	1	NA
6	502	the	1	it,
6	503	machine	1	it,
6	504	shop,	2	it,
6	505	and	1	NA
6	506	along	1	NA
6	507	the	1	NA
6	508	Delaware	1	NA
6	509	and	1	NA
6	510	Hudson	1	it,
6	511	Canal,	2	it,
6	512	and	1	NA
6	513	northward	2	NA
6	514	to	1	NA
6	515	Brooklyn,	2	it,
6	516	below	1	NA
6	517	Point	1	it,
6	518	Peter,	2	it,
6	519	he	1	NA
6	520	could	1	NA
6	521	see	1	NA
6	522	the	1	NA
6	523	church	1	NA
6	524	spire	2	NA
6	525	wherever	1	NA
6	526	he	1	NA
6	527	looked	1	NA
6	528	back.	2	NA
6	529	Sometimes	1	NA
6	530	they	1	NA
6	531	went	1	NA
6	532	south	1	NA
6	533	and	1	NA
6	534	rolled	1	NA
6	535	past	1	NA
6	536	the	1	it
6	537	tollhouse	2	it
6	538	--	1	NA
6	539	"Afternoon,	4	"it,
6	540	Reverend!	2	NA
6	541	--"	2	NA
6	542	and	1	NA
6	543	crossed	1	NA
6	544	the	1	it;
6	545	suspension	1	it;
6	546	bridge	1	it;
6	547	to	1	it;
6	548	Matamoras;	4	it;
6	549	that	1	NA
6	550	was	1	NA
6	551	Pennsylvania.	2	NA
6	552	In	1	NA
6	553	the	1	NA
6	554	Delaware	1	NA
6	555	River,	2	NA
6	556	three	1	they
6	557	long	1	they
6	558	islands	1	they
6	559	were	1	NA
6	560	overgrown	2	NA
6	561	with	1	NA
6	562	greening	2	them
6	563	trees	1	them
6	564	and	1	NA
6	565	underbrush.	3	them.
6	566	South	1	NA
6	567	of	1	NA
6	568	Laurel	1	it,
6	569	Grove	1	it,
6	570	Cemetery,	2	it,
6	571	and	1	NA
6	572	below	1	NA
6	573	the	1	it,
6	574	junction	1	it,
6	575	of	1	it,
6	576	the	1	it,
6	577	Neversink	3	it,
6	578	and	1	it,
6	579	the	1	it,
6	580	Delaware,	2	it,
6	581	was	1	NA
6	582	the	1	it.
6	583	Tri-State	3	it.
6	584	Rock,	2	it.
6	585	from	1	it.
6	586	which	1	it.
6	587	Stevie	2	it.
6	588	could	1	it.
6	589	spy	1	it.
6	590	New	1	it.
6	591	Jersey	1	it.
6	592	and	1	it.
6	593	Pennsylvania,	2	it.
6	594	as	1	it.
6	595	well	1	it.
6	596	as	1	it.
6	597	New	1	it.
6	598	York,	2	it.
6	599	simply	1	it.
6	600	by	1	it.
6	601	spinning	1	it.
6	602	around	1	it.
6	603	on	1	it.
6	604	his	1	it.
6	605	heel.	2	it.
6	606	On	1	NA
6	607	these	1	NA
6	608	excursions,	3	NA
6	609	Papa	1	NA
6	610	instructed	1	NA
6	611	him	1	NA
6	612	on	1	NA
6	613	man's	2	NA
6	614	chief	1	NA
6	615	end,	2	NA
6	616	which	1	NA
6	617	was	1	NA
6	618	his	1	NA
6	619	duty	1	NA
6	620	to	1	NA
6	621	God	1	NA
6	622	and	1	NA
6	623	his	1	NA
6	624	own	1	NA
6	625	salvation.	2	NA
6	626	However,	2	NA
6	627	a	1	his
6	628	boy's	2	his
6	629	lively	1	NA
6	630	eyes	1	NA
6	631	might	1	NA
6	632	rove.	3	NA
7	0	They	1	NA
7	1	were	1	NA
7	2	west	1	NA
7	3	of	1	NA
7	4	the	1	it,
7	5	Sabine,	3	it,
7	6	but	1	NA
7	7	only	1	NA
7	8	God	1	NA
7	9	knew	1	NA
7	10	where.	2	NA
7	11	For	1	NA
7	12	three	1	them,
7	13	days,	2	them,
7	14	their	1	NA
7	15	stolid	2	NA
7	16	oxen	2	NA
7	17	had	1	NA
7	18	plodded	3	NA
7	19	up	1	NA
7	20	a	1	NA
7	21	blazing	1	NA
7	22	valley	1	NA
7	23	as	1	NA
7	24	flat	1	NA
7	25	and	1	NA
7	26	featureless	2	NA
7	27	as	1	NA
7	28	a	1	NA
7	29	dead	1	NA
7	30	sea.	2	NA
7	31	Molten	2	It
7	32	glare	1	It
7	33	singed	2	NA
7	34	their	1	their
7	35	eyelids	2	their
7	36	an	1	it;
7	37	angry	1	it;
7	38	crimson;	2	it;
7	39	suffocating	2	NA
7	40	air	1	NA
7	41	sapped	2	NA
7	42	their	1	their
7	43	strength	1	their
7	44	and	1	NA
7	45	strained	1	NA
7	46	their	1	their
7	47	nerves	1	their
7	48	to	1	NA
7	49	snapping;	2	NA
7	50	dust	1	it
7	51	choked	1	NA
7	52	their	1	NA
7	53	throats	1	NA
7	54	and	1	NA
7	55	lay	1	NA
7	56	like	1	NA
7	57	acid	1	it
7	58	in	1	NA
7	59	their	1	their.
7	60	lungs.	2	their.
7	61	And	1	NA
7	62	the	1	NA
7	63	valley	1	NA
7	64	stretched	1	NA
7	65	endlessly	1	NA
7	66	out	1	NA
7	67	ahead,	2	NA
7	68	scorched	2	NA
7	69	and	1	NA
7	70	baked	1	NA
7	71	and	1	NA
7	72	writhing	2	NA
7	73	in	1	NA
7	74	its	1	its,
7	75	heat,	2	its,
7	76	until	1	NA
7	77	it	1	NA
7	78	vanished	1	NA
7	79	into	1	NA
7	80	the	1	it.
7	81	throbbing	2	it.
7	82	wall	1	it.
7	83	of	1	it.
7	84	fiery	1	it.
7	85	orange	1	it.
7	86	brown	1	it.
7	87	haze.	2	it.
7	88	Ben	1	NA
7	89	Prime	1	NA
7	90	extended	1	NA
7	91	his	1	his
7	92	high-stepped	4	his
7	93	stride	1	his
7	94	until	1	NA
7	95	he	1	NA
7	96	could	1	NA
7	97	lay	1	NA
7	98	his	1	his
7	99	goad	2	his
7	100	across	1	NA
7	101	the	1	them.
7	102	noses	1	them.
7	103	of	1	them.
7	104	the	1	them.
7	105	oxen.	3	them.
7	106	"Hoa-whup!"	7	NA
7	107	He	1	NA
7	108	commanded	1	NA
7	109	from	1	NA
7	110	his	1	NA
7	111	raw	1	NA
7	112	throat,	2	NA
7	113	and	1	NA
7	114	felt	1	NA
7	115	the	1	it
7	116	pain	1	it
7	117	of	1	it
7	118	movement	1	it
7	119	in	1	NA
7	120	his	1	NA
7	121	cracked,	2	NA
7	122	black	1	NA
7	123	burned	1	NA
7	124	lips.	2	NA
7	125	He	1	NA
7	126	removed	1	NA
7	127	his	1	his
7	128	hat	1	his
7	129	to	1	NA
7	130	let	1	NA
7	131	the	1	it
7	132	trapped	1	it
7	133	sweat	1	it
7	134	cut	1	NA
7	135	rivulets	4	it
7	136	through	1	NA
7	137	the	1	it
7	138	dust	1	it
7	139	film	1	it
7	140	upon	1	NA
7	141	his	1	his.
7	142	gaunt	2	his.
7	143	face.	2	his.
7	144	He	1	NA
7	145	spat.	2	NA
7	146	The	1	It
7	147	dust-thick	4	It
7	148	saliva	1	It
7	149	came	1	NA
7	150	from	1	NA
7	151	his	1	NA
7	152	mouth	1	NA
7	153	like	1	NA
7	154	balled	2	it.
7	155	cotton.	2	it.
7	156	He	1	NA
7	157	moved	1	NA
7	158	back	1	NA
7	159	to	1	NA
7	160	the	1	it
7	161	wheel	1	it
7	162	and	1	NA
7	163	stood	1	NA
7	164	there	1	NA
7	165	blowing,	2	NA
7	166	grasping	1	NA
7	167	the	1	it
7	168	top	1	it
7	169	of	1	it
7	170	a	1	it
7	171	spoke	1	it
7	172	to	1	NA
7	173	still	1	NA
7	174	the	1	it.
7	175	trembling	1	it.
7	176	of	1	it.
7	177	his	1	it.
7	178	played-out	3	it.
7	179	limbs.	2	it.
7	180	The	1	NA
7	181	burning	1	NA
7	182	air	1	NA
7	183	dried	1	NA
7	184	his	1	them
7	185	sweat-soaked	4	them
7	186	clothes	1	them
7	187	in	1	NA
7	188	salt-edged	3	their.
7	189	patches.	2	their.
7	190	He	1	NA
7	191	cleared	1	NA
7	192	his	1	NA
7	193	throat	1	NA
7	194	and	1	NA
7	195	wet	1	NA
7	196	his	1	NA
7	197	lips.	2	NA
7	198	As	1	NA
7	199	cheerfully	2	NA
7	200	as	1	NA
7	201	possible,	2	NA
7	202	he	1	NA
7	203	said,	2	NA
7	204	"Well,	3	NA
7	205	I	1	NA
7	206	guess	1	NA
7	207	we	1	NA
7	208	could	1	NA
7	209	all	1	NA
7	210	do	1	NA
7	211	with	1	NA
7	212	a	1	it."
7	213	little	1	it."
7	214	drink."	2	it."
7	215	He	1	NA
7	216	unlashed	2	NA
7	217	the	1	NA
7	218	dipper	2	NA
7	219	and	1	NA
7	220	drew	1	NA
7	221	water	1	NA
7	222	from	1	NA
7	223	a	1	it.
7	224	barrel.	2	it.
7	225	They	1	NA
7	226	could	1	NA
7	227	no	1	NA
7	228	longer	1	NA
7	229	afford	1	NA
7	230	the	1	it.
7	231	luxury	1	it.
7	232	of	1	it.
7	233	the	1	it.
7	234	canvas	1	it.
7	235	sweat	1	it.
7	236	bag	1	it.
7	237	that	1	it.
7	238	cooled	1	it.
7	239	it	1	it.
7	240	by	1	it.
7	241	evaporation.	4	it.
7	242	The	1	NA
7	243	water	1	NA
7	244	was	1	NA
7	245	warm	1	NA
7	246	and	1	NA
7	247	stale	1	NA
7	248	and	1	NA
7	249	had	1	NA
7	250	a	1	it.
7	251	brackish	3	it.
7	252	taste.	2	it.
7	253	But	1	NA
7	254	it	1	NA
7	255	was	1	NA
7	256	water.	2	NA
7	257	Thank	1	NA
7	258	the	1	NA
7	259	Lord,	2	NA
7	260	they	1	NA
7	261	still	1	NA
7	262	had	1	NA
7	263	water!	2	NA
7	264	He	1	NA
7	265	cleansed	2	NA
7	266	his	1	NA
7	267	mouth	1	NA
7	268	with	1	NA
7	269	a	1	it.
7	270	small	1	it.
7	271	quantity.	2	it.
7	272	He	1	NA
7	273	took	1	NA
7	274	a	1	it.
7	275	long	1	it.
7	276	but	1	it.
7	277	carefully	1	it.
7	278	controlled	1	it.
7	279	draught.	3	it.
7	280	He	1	NA
7	281	replenished	2	NA
7	282	the	1	NA
7	283	dipper	2	NA
7	284	and	1	NA
7	285	handed	1	NA
7	286	it	1	NA
7	287	to	1	NA
7	288	his	1	NA
7	289	young	1	NA
7	290	wife	1	NA
7	291	riding	1	NA
7	292	the	1	NA
7	293	hurricane	1	NA
7	294	deck.	2	NA
7	295	She	1	NA
7	296	took	1	NA
7	297	it	1	NA
7	298	grudgingly,	4	NA
7	299	her	1	NA
7	300	dark	1	NA
7	301	eyes	1	NA
7	302	baleful	2	NA
7	303	as	1	NA
7	304	they	1	NA
7	305	met	1	NA
7	306	his.	2	NA
7	307	She	1	NA
7	308	drank	1	NA
7	309	and	1	NA
7	310	pushed	1	NA
7	311	back	1	NA
7	312	her	1	NA
7	313	gingham	2	NA
7	314	bonnet	2	NA
7	315	to	1	NA
7	316	wet	1	NA
7	317	a	1	NA
7	318	kerchief	2	NA
7	319	and	1	NA
7	320	wipe	1	NA
7	321	her	1	NA
7	322	face.	2	NA
7	323	She	1	NA
7	324	set	1	NA
7	325	the	1	NA
7	326	dipper	2	NA
7	327	on	1	NA
7	328	the	1	NA
7	329	edge	1	NA
7	330	of	1	NA
7	331	the	1	NA
7	332	deck,	2	NA
7	333	leaving	1	NA
7	334	it	1	NA
7	335	for	1	NA
7	336	him	1	NA
7	337	to	1	NA
7	338	stretch	1	NA
7	339	after	1	NA
7	340	it	1	NA
7	341	while	1	NA
7	342	she	1	NA
7	343	looked	1	NA
7	344	on	1	NA
7	345	scornfully.	3	NA
7	346	"What	2	NA
7	347	happens	1	NA
7	348	when	1	NA
7	349	there's	2	NA
7	350	no	1	NA
7	351	more	1	NA
7	352	water?"	2	NA
7	353	She	1	NA
7	354	asked	1	NA
7	355	smolderingly.	5	NA
7	356	She	1	NA
7	357	was	1	NA
7	358	like	1	NA
7	359	charcoal,	2	NA
7	360	he	1	NA
7	361	thought	1	NA
7	362	--	1	NA
7	363	dark,	2	NA
7	364	opaque,	2	NA
7	365	explosive.	2	NA
7	366	Her	1	NA
7	367	thick	1	NA
7	368	hair	1	NA
7	369	was	1	NA
7	370	the	1	NA
7	371	color	1	NA
7	372	and	1	NA
7	373	texture	1	NA
7	374	of	1	NA
7	375	charcoal.	2	NA
7	376	Her	1	NA
7	377	temper	1	NA
7	378	sparked	1	NA
7	379	like	1	NA
7	380	charcoal	1	NA
7	381	when	1	NA
7	382	it	1	NA
7	383	first	1	NA
7	384	lights	1	NA
7	385	up.	2	NA
7	386	And	1	NA
7	387	all	1	NA
7	388	the	1	NA
7	389	time,	2	NA
7	390	she	1	NA
7	391	had	1	NA
7	392	the	1	NA
7	393	heat	1	NA
7	394	of	1	NA
7	395	hatred	1	NA
7	396	in	1	NA
7	397	her,	2	NA
7	398	like	1	NA
7	399	charcoal	1	NA
7	400	that	1	NA
7	401	is	1	NA
7	402	burning	1	NA
7	403	on	1	NA
7	404	its	1	NA
7	405	under	1	NA
7	406	side,	2	NA
7	407	but	1	NA
7	408	not	1	NA
7	409	visibly.	2	NA
7	410	A	1	NA
7	411	ripple	1	NA
7	412	ran	1	NA
7	413	through	1	NA
7	414	the	1	NA
7	415	muscles	1	NA
7	416	of	1	NA
7	417	his	1	NA
7	418	jaws,	2	NA
7	419	but	1	NA
7	420	he	1	NA
7	421	kept	1	NA
7	422	control	1	NA
7	423	upon	1	NA
7	424	his	1	NA
7	425	voice.	2	NA
7	426	"There	2	NA
7	427	must	1	NA
7	428	be	1	NA
7	429	some	1	NA
7	430	water	1	NA
7	431	under	1	NA
7	432	there."	2	NA
7	433	He	1	NA
7	434	tilted	1	NA
7	435	his	1	NA
7	436	homely	2	NA
7	437	face	1	NA
7	438	toward	1	NA
7	439	the	1	it.
7	440	dry	1	it.
7	441	bed	1	it.
7	442	of	1	it.
7	443	the	1	it.
7	444	river.	2	it.
7	445	"We	2	NA
7	446	can	1	NA
7	447	get	1	NA
7	448	it	1	NA
7	449	if	1	NA
7	450	we	1	NA
7	451	dig,"	2	NA
7	452	he	1	NA
7	453	said	1	NA
7	454	patiently.	2	NA
7	455	"And	2	NA
7	456	add	1	NA
7	457	fever	1	NA
7	458	to	1	NA
7	459	our	1	NA
7	460	troubles?"	2	NA
7	461	She	1	NA
7	462	scoffed.	3	NA
7	463	"Or	2	NA
7	464	do	1	NA
7	465	you	1	NA
7	466	want	1	NA
7	467	to	1	NA
7	468	see	1	NA
7	469	if	1	NA
7	470	I	1	NA
7	471	can	1	NA
7	472	stand	1	NA
7	473	fever,	2	NA
7	474	too?"	2	NA
7	475	"We	2	NA
7	476	can	1	NA
7	477	boil	1	NA
7	478	it,"	2	NA
7	479	he	1	NA
7	480	said.	2	NA
7	481	Her	1	NA
7	482	chin	1	NA
7	483	sharpened.	3	NA
7	484	"We're	3	NA
7	485	lost	1	NA
7	486	and	1	NA
7	487	burning	1	NA
7	488	up	1	NA
7	489	already,"	2	NA
7	490	she	1	NA
7	491	bit	1	NA
7	492	out	1	NA
7	493	tensely.	3	NA
7	494	"The	2	NA
7	495	tires	1	NA
7	496	are	1	NA
7	497	rattling	2	NA
7	498	on	1	NA
7	499	the	1	NA
7	500	wheels	1	NA
7	501	now.	2	NA
7	502	They'll	2	NA
7	503	roll	1	NA
7	504	off	1	NA
7	505	in	1	NA
7	506	another	1	NA
7	507	day.	2	NA
7	508	There	1	NA
7	509	was	1	NA
7	510	no	1	it
7	511	valley	1	it
7	512	like	1	it
7	513	this	1	it
7	514	on	1	NA
7	515	your	1	NA
7	516	map.	2	NA
7	517	You	1	NA
7	518	don't	2	NA
7	519	even	1	NA
7	520	know	1	NA
7	521	where	1	NA
7	522	we're	2	NA
7	523	headed."	2	NA
7	524	"Hettie,"	5	NA
7	525	he	1	NA
7	526	said	1	NA
7	527	as	1	NA
7	528	gently	1	NA
7	529	as	1	NA
7	530	he	1	NA
7	531	could,	2	NA
7	532	"we're	3	NA
7	533	still	1	NA
7	534	headed	1	NA
7	535	west.	2	NA
7	536	Somewhere,	2	NA
7	537	we'll	2	NA
7	538	hit	1	NA
7	539	a	1	it."
7	540	trail."	2	it."
7	541	"Somewhere!"	5	NA
7	542	She	1	NA
7	543	repeated.	2	NA
7	544	"Maybe	2	NA
7	545	in	1	NA
7	546	time	1	NA
7	547	to	1	NA
7	548	make	1	NA
7	549	a	1	NA
7	550	cross	1	NA
7	551	and	1	NA
7	552	dig	1	NA
7	553	our	1	them."
7	554	graves."	2	them."
7	555	His	1	NA
7	556	wide	1	NA
7	557	mouth	1	NA
7	558	compressed.	2	NA
7	559	In	1	NA
7	560	a	1	NA
7	561	way,	2	NA
7	562	he	1	NA
7	563	couldn't	2	NA
7	564	blame	1	NA
7	565	her.	2	NA
7	566	He	1	NA
7	567	had	1	NA
7	568	picked	1	NA
7	569	out	1	NA
7	570	this	1	NA
7	571	pathless	2	NA
7	572	trail,	2	NA
7	573	instead	1	NA
7	574	of	1	NA
7	575	the	1	NA
7	576	common	1	NA
7	577	one,	2	NA
7	578	in	1	NA
7	579	a	1	NA
7	580	moment	1	NA
7	581	of	1	NA
7	582	romantic	1	NA
7	583	fancy,	2	NA
7	584	to	1	NA
7	585	give	1	NA
7	586	them	1	NA
7	587	privacy	1	NA
7	588	on	1	NA
7	589	their	1	NA
7	590	honeymoon.	3	NA
7	591	It	1	NA
7	592	had	1	NA
7	593	been	1	NA
7	594	a	1	NA
7	595	mistake,	2	NA
7	596	but	1	NA
7	597	anything	1	NA
7	598	would	1	NA
7	599	have	1	NA
7	600	been	1	NA
7	601	a	1	NA
7	602	mistake,	2	NA
7	603	as	1	NA
7	604	it	1	NA
7	605	turned	1	NA
7	606	out.	2	NA
7	607	It	1	NA
7	608	wasn't	2	NA
7	609	the	1	it.
7	610	roughness	2	it.
7	611	and	1	it.
7	612	crudity	3	it.
7	613	and	1	it.
7	614	discomfort	1	it.
7	615	of	1	it.
7	616	the	1	it.
7	617	trip	1	it.
7	618	that	1	it.
7	619	had	1	it.
7	620	frightened	1	it.
7	621	her.	2	it.
7	622	She	1	NA
7	623	had	1	NA
7	624	hated	1	NA
7	625	the	1	it
7	626	whole	1	it
7	627	idea	1	it
7	628	before	1	NA
7	629	they	1	NA
7	630	started.	2	NA
8	0	Buffeted	3	NA
8	1	by	1	NA
8	2	swirling	1	them,
8	3	winds,	2	them,
8	4	the	1	NA
8	5	little	1	NA
8	6	green	1	NA
8	7	biplane	2	NA
8	8	struggled	1	NA
8	9	northward	2	NA
8	10	between	1	NA
8	11	the	1	them.
8	12	mountains	1	them.
8	13	beyond	1	them.
8	14	Northfield	2	them.
8	15	Gulf.	2	them.
8	16	Wires	2	They
8	17	whined	2	NA
8	18	as	1	NA
8	19	a	1	it
8	20	cold	1	it
8	21	November	1	it
8	22	blast	1	it
8	23	rocked	1	NA
8	24	the	1	them,
8	25	silver	1	them,
8	26	wings,	2	them,
8	27	but	1	NA
8	28	the	1	it
8	29	engine	1	it
8	30	roar	1	it
8	31	was	1	NA
8	32	reassuring	1	NA
8	33	to	1	NA
8	34	the	1	NA
8	35	pilot	1	NA
8	36	bundled	1	NA
8	37	in	1	NA
8	38	the	1	NA
8	39	open	1	NA
8	40	cockpit.	2	NA
8	41	He	1	NA
8	42	peered	2	NA
8	43	ahead	1	NA
8	44	and	1	NA
8	45	grinned	1	NA
8	46	as	1	NA
8	47	the	1	they
8	48	railroad	1	they
8	49	tracks	1	they
8	50	came	1	NA
8	51	into	1	NA
8	52	view	1	NA
8	53	again	1	NA
8	54	below.	2	NA
8	55	"Good	2	"It!"
8	56	old	1	"It!"
8	57	iron	1	"It!"
8	58	compass!"	2	"It!"
8	59	He	1	NA
8	60	thought.	2	NA
8	61	A	1	It
8	62	plume	2	It
8	63	of	1	It
8	64	smoke	1	It
8	65	rose	1	NA
8	66	from	1	NA
8	67	a	1	it,
8	68	Central	1	it,
8	69	Vermont	1	it,
8	70	locomotive	2	it,
8	71	which	1	it,
8	72	idled	2	it,
8	73	behind	1	it,
8	74	a	1	it,
8	75	string	1	it,
8	76	of	1	it,
8	77	gravel	1	it,
8	78	cars,	2	it,
8	79	and	1	NA
8	80	little	1	they
8	81	figures	1	they
8	82	that	1	they
8	83	were	1	they
8	84	workmen	2	they
8	85	labored	2	NA
8	86	to	1	NA
8	87	set	1	NA
8	88	the	1	it
8	89	ruptured	2	it
8	90	roadbed	2	it
8	91	to	1	NA
8	92	rights.	2	NA
8	93	The	1	They
8	94	girders	3	They
8	95	of	1	They
8	96	a	1	They
8	97	shattered	1	They
8	98	Dog	1	They
8	99	River	1	They
8	100	bridge	1	They
8	101	lay	1	NA
8	102	strewn	2	NA
8	103	for	1	NA
8	104	half	1	it
8	105	a	1	it
8	106	mile	1	it
8	107	downstream.	2	NA
8	108	Vermont's	2	It
8	109	main	1	It
8	110	railroad	1	It
8	111	line	1	It
8	112	was	1	NA
8	113	prostrate.	3	NA
8	114	And	1	NA
8	115	in	1	NA
8	116	the	1	them
8	117	dark	1	them
8	118	days	1	them
8	119	after	1	them
8	120	the	1	them
8	121	Great	1	them
8	122	Flood	1	them
8	123	of	1	them
8	124	1927	1	them
8	125	--	1	NA
8	126	the	1	NA
8	127	worst	1	NA
8	128	natural	1	NA
8	129	disaster	1	NA
8	130	in	1	NA
8	131	the	1	NA
8	132	state's	2	NA
8	133	history	1	NA
8	134	--	1	NA
8	135	the	1	NA
8	136	little	1	NA
8	137	plane	1	NA
8	138	was	1	NA
8	139	its	1	NA
8	140	sole	1	NA
8	141	replacement	1	NA
8	142	in	1	NA
8	143	carrying	1	NA
8	144	the	1	NA
8	145	United	1	NA
8	146	States	1	NA
8	147	mails.	3	NA
8	148	Rain	1	It
8	149	of	1	It
8	150	near	1	It
8	151	cloudburst	2	It
8	152	proportions	1	It
8	153	had	1	NA
8	154	fallen	1	NA
8	155	for	1	NA
8	156	three	1	them
8	157	full	1	them
8	158	days	1	them
8	159	and	1	NA
8	160	it	1	NA
8	161	was	1	NA
8	162	still	1	NA
8	163	raining	1	NA
8	164	on	1	NA
8	165	the	1	it,
8	166	morning	1	it,
8	167	of	1	it,
8	168	Friday,	2	it,
8	169	November	1	it,
8	170	4,	2	it,
8	171	1927,	2	it,
8	172	when	1	NA
8	173	officials	1	NA
8	174	of	1	NA
8	175	the	1	NA
8	176	Post	1	NA
8	177	Office	1	NA
8	178	Department's	2	NA
8	179	Railway	1	NA
8	180	Mail	1	NA
8	181	Service	1	NA
8	182	realized	1	NA
8	183	that	1	NA
8	184	their	1	NA
8	185	distribution	1	NA
8	186	system	1	NA
8	187	for	1	NA
8	188	Vermont	1	NA
8	189	had	1	NA
8	190	been	1	NA
8	191	almost	1	NA
8	192	totally	1	NA
8	193	destroyed	1	NA
8	194	overnight.	2	NA
8	195	Clerks	3	NA
8	196	and	1	NA
8	197	postmasters	2	NA
8	198	shoveled	2	NA
8	199	muck	2	it
8	200	out	1	NA
8	201	of	1	NA
8	202	their	1	NA
8	203	offices	1	NA
8	204	--	1	NA
8	205	those	1	they
8	206	who	1	they
8	207	still	1	they
8	208	had	1	they
8	209	offices	1	they
8	210	--	1	NA
8	211	and	1	NA
8	212	wondered	1	NA
8	213	how	1	NA
8	214	to	1	NA
8	215	move	1	NA
8	216	the	1	NA
8	217	mail.	2	NA
8	218	The	1	NA
8	219	state's	2	NA
8	220	railroad	1	NA
8	221	system	1	NA
8	222	counted	1	NA
8	223	miles	1	it:
8	224	of	1	it:
8	225	broken	1	it:
8	226	bridges	1	it:
8	227	and	1	it:
8	228	missing	1	it:
8	229	rights-of-way:	6	it:
8	230	it	1	NA
8	231	would	1	NA
8	232	obviously	1	NA
8	233	remain	1	NA
8	234	out	1	NA
8	235	of	1	NA
8	236	commission	1	NA
8	237	for	1	NA
8	238	weeks.	2	it.
8	239	And	1	NA
8	240	once	1	NA
8	241	medicine,	2	NA
8	242	food,	2	it,
8	243	clothing	1	it
8	244	and	1	NA
8	245	shelter	1	it
8	246	had	1	NA
8	247	been	1	NA
8	248	provided	1	NA
8	249	for	1	NA
8	250	the	1	them,
8	251	flood's	2	them,
8	252	victims,	2	them,
8	253	communications	1	it
8	254	and	1	NA
8	255	the	1	NA
8	256	mail	1	NA
8	257	were	1	NA
8	258	the	1	they.
8	259	next	1	they.
8	260	top	1	they.
8	261	problems.	2	they.
8	262	From	1	NA
8	263	Burlington,	2	NA
8	264	outgoing	1	it
8	265	mail	1	it
8	266	could	1	NA
8	267	be	1	NA
8	268	ferried	2	NA
8	269	across	1	NA
8	270	Lake	1	it
8	271	Champlain	2	it
8	272	to	1	NA
8	273	the	1	it.
8	274	railroad	1	it.
8	275	at	1	it.
8	276	Port	1	it.
8	277	Kent,	2	it.
8	278	N.	2	it.
8	279	Y.	2	it.
8	280	But	1	NA
8	281	what	1	NA
8	282	came	1	NA
8	283	in	1	NA
8	284	was	1	NA
8	285	piling	1	NA
8	286	up.	2	NA
8	287	The	1	It
8	288	nearest	1	It
8	289	undisrupted	2	It
8	290	end	1	It
8	291	of	1	It
8	292	track	1	It
8	293	from	1	It
8	294	Boston	1	It
8	295	was	1	NA
8	296	at	1	NA
8	297	Concord,	2	NA
8	298	N.	2	NA
8	299	H.	2	NA
8	300	When	1	NA
8	301	Governor	1	he
8	302	Al	1	he
8	303	Smith	1	he
8	304	offered	1	NA
8	305	New	1	NA
8	306	York	1	NA
8	307	National	1	NA
8	308	Guard	1	NA
8	309	planes	1	NA
8	310	to	1	NA
8	311	fly	1	NA
8	312	the	1	NA
8	313	mail	1	NA
8	314	in	1	NA
8	315	and	1	NA
8	316	out	1	NA
8	317	of	1	NA
8	318	the	1	NA
8	319	state,	2	NA
8	320	it	1	NA
8	321	seemed	1	NA
8	322	a	1	NA
8	323	likely	1	NA
8	324	temporary	1	NA
8	325	solution,	2	NA
8	326	easing	1	NA
8	327	Burlington's	2	it
8	328	bottleneck	1	it
8	329	and	1	NA
8	330	that	1	it
8	331	at	1	it
8	332	Montpelier	3	it
8	333	too.	2	NA
8	334	The	1	It
8	335	question	1	It
8	336	was	1	NA
8	337	"Where	2	NA
8	338	to	1	NA
8	339	land?"	2	NA
8	340	There	1	NA
8	341	was	1	NA
8	342	no	1	it
8	343	such	1	it
8	344	thing	1	it
8	345	as	1	it
8	346	an	1	it
8	347	airport	1	it
8	348	in	1	NA
8	349	Vermont.	2	NA
8	350	Burlington	1	He
8	351	aviator	2	He
8	352	John	1	NA
8	353	J.	2	NA
8	354	Burns	1	NA
8	355	suggested	1	NA
8	356	the	1	it,
8	357	parade	1	it,
8	358	ground	1	it,
8	359	southwest	1	it,
8	360	of	1	it,
8	361	Fort	1	it,
8	362	Ethan	1	it,
8	363	Allen,	2	it,
8	364	and	1	NA
8	365	soon	1	NA
8	366	a	1	NA
8	367	dozen	1	NA
8	368	hastily-summoned	5	NA
8	369	National	1	NA
8	370	Guard	1	NA
8	371	pilots	1	NA
8	372	were	1	NA
8	373	bringing	1	NA
8	374	their	1	them
8	375	wide-winged	4	them
8	376	"Jenny"	4	them
8	377	and	1	them
8	378	DeHaviland	4	them
8	379	two-seaters	4	them
8	380	to	1	NA
8	381	rest	1	NA
8	382	on	1	NA
8	383	the	1	it.
8	384	frozen	1	it.
8	385	sod	1	it.
8	386	of	1	it.
8	387	the	1	it.
8	388	military	1	it.
8	389	base.	2	it.
8	390	The	1	It
8	391	only	1	It
8	392	available	1	It
8	393	field	1	It
8	394	that	1	It
8	395	could	1	It
8	396	be	1	It
8	397	used	1	It
8	398	near	1	It
8	399	flood-ravaged	4	It
8	400	Montpelier	3	It
8	401	was	1	NA
8	402	on	1	NA
8	403	the	1	NA
8	404	Towne	2	NA
8	405	farm	1	NA
8	406	off	1	NA
8	407	upper	1	NA
8	408	Main	1	NA
8	409	Street,	2	NA
8	410	a	1	NA
8	411	narrow	1	NA
8	412	hillside	2	NA
8	413	where	1	NA
8	414	takeoffs	2	NA
8	415	and	1	NA
8	416	landings	2	NA
8	417	could	1	NA
8	418	be	1	NA
8	419	safely	1	NA
8	420	made	1	NA
8	421	only	1	NA
8	422	under	1	NA
8	423	light	1	NA
8	424	wind	1	NA
8	425	conditions.	2	NA
8	426	Over	1	NA
8	427	in	1	NA
8	428	Barre	2	NA
8	429	the	1	they
8	430	streets	1	they
8	431	had	1	NA
8	432	been	1	NA
8	433	deep	1	NA
8	434	in	1	NA
8	435	swirling	1	it,
8	436	water,	2	it,
8	437	and	1	NA
8	438	bridges	1	they
8	439	were	1	NA
8	440	crumpled	3	NA
8	441	and	1	NA
8	442	gone.	2	NA
8	443	Anticipating	3	NA
8	444	delivery	1	it,
8	445	of	1	it,
8	446	medicines	1	it,
8	447	and	1	it,
8	448	yeast	1	it,
8	449	by	1	it,
8	450	plane,	2	it,
8	451	Granite	2	they
8	452	City	1	they
8	453	citizens	1	they
8	454	formed	1	NA
8	455	an	1	it
8	456	airfield	2	it
8	457	committee	1	it
8	458	and	1	NA
8	459	with	1	NA
8	460	the	1	it,
8	461	aid	1	it,
8	462	of	1	it,
8	463	quarrymen	2	it,
8	464	and	1	it,
8	465	the	1	it,
8	466	172nd	2	it,
8	467	Infantry,	2	it,
8	468	Vermont	1	NA
8	469	National	1	NA
8	470	Guard,	2	NA
8	471	laid	1	NA
8	472	out	1	NA
8	473	runways	2	them
8	474	on	1	NA
8	475	Wilson	1	it,
8	476	flat,	2	it,
8	477	high	1	NA
8	478	on	1	NA
8	479	Millstone	2	it.
8	480	Hill.	2	it.
8	481	The	1	NA
8	482	"Barre	3	NA
8	483	Aviation	1	NA
8	484	Field"	2	NA
8	485	was	1	NA
8	486	set	1	NA
8	487	to	1	NA
8	488	receive	1	NA
8	489	its	1	its
8	490	first	1	its
8	491	aircraft	1	its
8	492	the	1	it.
8	493	Sunday	1	it.
8	494	following	1	it.
8	495	the	1	it.
8	496	flood.	2	it.
8	497	Though	1	NA
8	498	the	1	they
8	499	makeshift	1	they
8	500	airports	1	they
8	501	were	1	NA
8	502	ready,	2	NA
8	503	the	1	NA
8	504	York	1	NA
8	505	State	1	NA
8	506	Guard	1	NA
8	507	flyers	1	NA
8	508	proved	1	NA
8	509	unable	1	NA
8	510	to	1	NA
8	511	keep	1	NA
8	512	any	1	it.
8	513	kind	1	it.
8	514	of	1	it.
8	515	mail	1	it.
8	516	schedule.	2	it.
8	517	They	1	NA
8	518	had	1	NA
8	519	courage	1	it
8	520	but	1	NA
8	521	their	1	it
8	522	meager	1	it
8	523	training	1	it
8	524	consisted	1	NA
8	525	of	1	NA
8	526	weekend	1	them,
8	527	hops	1	them,
8	528	in	1	them,
8	529	good	1	them,
8	530	weather,	2	them,
8	531	in	1	them,
8	532	and	1	them,
8	533	out	1	them,
8	534	of	1	them,
8	535	established	1	them,
8	536	airports,	2	them,
8	537	and	1	NA
8	538	the	1	it
8	539	increasingly	1	it
8	540	cold	1	it
8	541	weather	1	it
8	542	soon	1	NA
8	543	raised	1	NA
8	544	hob	1	it
8	545	with	1	NA
8	546	the	1	them.
8	547	water	1	them.
8	548	cooled	1	them.
8	549	engines	1	them.
8	550	of	1	them.
8	551	their	1	them.
8	552	World	1	them.
8	553	War	1	them.
8	554	I	1	them.
8	555	planes.	2	them.
8	556	It	1	NA
8	557	seemed	1	NA
8	558	like	1	NA
8	559	a	1	it
8	560	good	1	it
8	561	time	1	it
8	562	for	1	NA
8	563	officials	1	NA
8	564	to	1	NA
8	565	use	1	NA
8	566	a	1	it.
8	567	recently-passed	4	it.
8	568	law	1	it.
8	569	empowering	1	it.
8	570	the	1	it.
8	571	post	1	it.
8	572	office	1	it.
8	573	department	1	it.
8	574	to	1	it.
8	575	contract	1	it.
8	576	for	1	it.
8	577	the	1	it.
8	578	transport	1	it.
8	579	of	1	it.
8	580	first	1	it.
8	581	class	1	it.
8	582	mail	1	it.
8	583	by	1	it.
8	584	air.	2	it.
8	585	They	1	NA
8	586	had	1	NA
8	587	to	1	NA
8	588	act	1	NA
8	589	fast,	2	NA
8	590	for	1	NA
8	591	letters	1	they
8	592	were	1	NA
8	593	clogging	2	NA
8	594	the	1	them.
8	595	terminals.	2	them.
8	596	Down	1	NA
8	597	in	1	NA
8	598	Concord,	2	NA
8	599	New	1	NA
8	600	Hampshire,	2	NA
8	601	was	1	NA
8	602	a	1	NA
8	603	flier	2	NA
8	604	in	1	NA
8	605	the	1	NA
8	606	right	1	NA
8	607	place	1	NA
8	608	at	1	NA
8	609	the	1	NA
8	610	right	1	NA
8	611	time:	2	NA
8	612	Robert	1	NA
8	613	S.	2	NA
8	614	Fogg,	3	NA
8	615	a	1	NA
8	616	native	1	NA
8	617	New	1	NA
8	618	Englander,	3	NA
8	619	had	1	NA
8	620	been	1	NA
8	621	a	1	he,
8	622	World	1	he,
8	623	War	1	he,
8	624	I	1	he,
8	625	flying	1	he,
8	626	instructor,	2	he,
8	627	barnstormer,	4	he,
8	628	and	1	NA
8	629	one	1	NA
8	630	of	1	NA
8	631	the	1	them.
8	632	original	1	them.
8	633	planners	1	them.
8	634	of	1	them.
8	635	the	1	them.
8	636	Concord	1	them.
8	637	Airport.	2	them.
9	0	I	1	NA
9	1	don't	2	NA
9	2	really	1	NA
9	3	believe	1	NA
9	4	in	1	NA
9	5	intuition.	2	it.
9	6	But	1	NA
9	7	I	1	NA
9	8	swear	1	NA
9	9	to	1	NA
9	10	you	1	NA
9	11	from	1	NA
9	12	the	1	it,
9	13	moment	1	it,
9	14	I	1	it,
9	15	opened	1	it,
9	16	my	1	it,
9	17	eyes,	2	it,
9	18	I	1	I.
9	19	knew	1	I.
9	20	it	1	I.
9	21	was	1	I.
9	22	going	1	I.
9	23	to	1	I.
9	24	be	1	I.
9	25	a	1	I.
9	26	bad	1	I.
9	27	day.	2	I.
9	28	Part	1	It
9	29	of	1	It
9	30	it	1	It
9	31	was	1	NA
9	32	the	1	it,
9	33	weather,	2	it,
9	34	so	1	NA
9	35	foggy	2	NA
9	36	it	1	NA
9	37	would	1	NA
9	38	take	1	NA
9	39	me	1	NA
9	40	twice	1	NA
9	41	as	1	NA
9	42	long	1	NA
9	43	to	1	NA
9	44	get	1	NA
9	45	to	1	NA
9	46	the	1	NA
9	47	hospital.	2	NA
9	48	Part	1	It
9	49	of	1	It
9	50	it	1	It
9	51	was	1	NA
9	52	being	1	NA
9	53	so	1	NA
9	54	tired	1	NA
9	55	--	1	NA
9	56	I'd	2	NA
9	57	not	1	NA
9	58	only	1	NA
9	59	had	1	NA
9	60	my	1	my
9	61	usual	1	my
9	62	full	1	my
9	63	day	1	my
9	64	yesterday,	2	it,
9	65	but	1	NA
9	66	a	1	it.
9	67	dinner	1	it.
9	68	meeting	1	it.
9	69	as	1	it.
9	70	well,	2	it.
9	71	that	1	it.
9	72	kept	1	it.
9	73	me	1	it.
9	74	up	1	it.
9	75	late.	2	it.
9	76	But	1	NA
9	77	the	1	NA
9	78	rest	1	NA
9	79	of	1	NA
9	80	it,	2	NA
9	81	the	1	NA
9	82	main	1	NA
9	83	part,	2	NA
9	84	wasn't	2	NA
9	85	based	1	NA
9	86	on	1	NA
9	87	logic	1	it
9	88	at	1	NA
9	89	all.	2	NA
9	90	It	1	NA
9	91	was	1	NA
9	92	just	1	NA
9	93	going	1	NA
9	94	to	1	NA
9	95	be	1	NA
9	96	one	1	NA
9	97	of	1	NA
9	98	those	1	NA
9	99	days.	2	NA
9	100	For	1	NA
9	101	the	1	NA
9	102	thousandth	2	NA
9	103	time,	2	NA
9	104	I	1	NA
9	105	wished	1	NA
9	106	I'd	2	NA
9	107	chosen	1	NA
9	108	some	1	NA
9	109	nice,	2	NA
9	110	nine-to-five,	6	NA
9	111	five-days-a-week	7	NA
9	112	profession.	2	NA
9	113	And	1	NA
9	114	for	1	NA
9	115	the	1	NA
9	116	thousandth	2	NA
9	117	time,	2	NA
9	118	I	1	NA
9	119	answered	1	NA
9	120	myself.	2	NA
9	121	I	1	NA
9	122	hadn't	2	NA
9	123	chosen	1	NA
9	124	medicine	1	NA
9	125	--	1	NA
9	126	it	1	NA
9	127	had	1	NA
9	128	chosen	1	NA
9	129	me.	2	NA
9	130	Actually,	2	NA
9	131	I	1	NA
9	132	shouldn't	2	NA
9	133	complain,	2	NA
9	134	I	1	NA
9	135	told	1	NA
9	136	myself	1	NA
9	137	in	1	NA
9	138	the	1	it.
9	139	shaving	1	it.
9	140	mirror.	2	it.
9	141	I	1	NA
9	142	had	1	NA
9	143	a	1	it.
9	144	lot	1	it.
9	145	to	1	it.
9	146	be	1	it.
9	147	thankful	1	it.
9	148	for.	2	it.
9	149	A	1	NA
9	150	profession	1	NA
9	151	that	1	NA
9	152	brought	1	NA
9	153	me	1	NA
9	154	as	1	NA
9	155	good	1	NA
9	156	an	1	NA
9	157	income	1	NA
9	158	as	1	NA
9	159	mine	1	NA
9	160	wasn't	2	NA
9	161	to	1	NA
9	162	be	1	NA
9	163	sneezed	3	NA
9	164	at.	2	NA
9	165	Maybe	1	NA
9	166	I	1	NA
9	167	didn't	2	NA
9	168	see	1	NA
9	169	as	1	NA
9	170	much	1	NA
9	171	of	1	NA
9	172	Gladdy	2	NA
9	173	as	1	NA
9	174	I'd	2	NA
9	175	like,	2	NA
9	176	but	1	NA
9	177	how	1	NA
9	178	much	1	NA
9	179	worse	1	NA
9	180	it	1	NA
9	181	would	1	NA
9	182	have	1	NA
9	183	been	1	NA
9	184	if	1	NA
9	185	I'd	2	NA
9	186	had	1	NA
9	187	to	1	NA
9	188	board	1	NA
9	189	her	1	NA
9	190	out	1	NA
9	191	somewhere	1	NA
9	192	after	1	NA
9	193	Alice	1	NA
9	194	went	1	NA
9	195	--	1	NA
9	196	send	1	NA
9	197	my	1	NA
9	198	daughter	1	NA
9	199	to	1	NA
9	200	an	1	it
9	201	orphanage	2	it
9	202	or	1	NA
9	203	a	1	it.
9	204	boarding-home.	4	it.
9	205	At	1	NA
9	206	least,	2	NA
9	207	we	1	NA
9	208	were	1	NA
9	209	together	1	NA
9	210	and	1	NA
9	211	we	1	NA
9	212	had	1	NA
9	213	Mrs.	2	NA
9	214	Hodges,	3	NA
9	215	bless	1	NA
9	216	her,	2	NA
9	217	to	1	NA
9	218	look	1	NA
9	219	after	1	NA
9	220	us	1	NA
9	221	--	1	NA
9	222	no	1	she
9	223	mother	1	she
9	224	could	1	NA
9	225	be	1	NA
9	226	fonder	2	NA
9	227	of	1	NA
9	228	Gladdy	2	NA
9	229	than	1	NA
9	230	Mrs.	2	NA
9	231	Hodges	2	NA
9	232	was.	2	NA
9	233	I	1	NA
9	234	was	1	NA
9	235	lucky	1	NA
9	236	in	1	NA
9	237	lots	1	NA
9	238	of	1	NA
9	239	ways,	2	NA
9	240	no	1	NA
9	241	doubt	1	NA
9	242	about	1	NA
9	243	it.	2	NA
9	244	Especially	1	NA
9	245	in	1	NA
9	246	the	1	her.
9	247	way	1	her.
9	248	Gladdy	2	her.
9	249	had	1	her.
9	250	turned	1	her.
9	251	out.	2	her.
9	252	Growing	1	NA
9	253	up	1	NA
9	254	without	1	NA
9	255	a	1	NA
9	256	mother	1	NA
9	257	from	1	NA
9	258	the	1	NA
9	259	time	1	NA
9	260	she	1	NA
9	261	was	1	NA
9	262	three	1	NA
9	263	--	1	NA
9	264	it	1	NA
9	265	wasn't	2	NA
9	266	a	1	NA
9	267	good	1	NA
9	268	thing	1	NA
9	269	for	1	NA
9	270	a	1	her,
9	271	child,	2	her,
9	272	even	1	NA
9	273	knowing	1	NA
9	274	the	1	her.
9	275	kind	1	her.
9	276	of	1	her.
9	277	mother	1	her.
9	278	Alice	1	her.
9	279	had	1	her.
9	280	been.	2	her.
9	281	But	1	NA
9	282	I	1	NA
9	283	mustn't	3	NA
9	284	start	1	NA
9	285	on	1	NA
9	286	Alice.	2	NA
9	287	She	1	NA
9	288	is	1	NA
9	289	a	1	NA
9	290	closed	1	NA
9	291	book,	2	NA
9	292	a	1	NA
9	293	picture	1	NA
9	294	I	1	NA
9	295	keep	1	NA
9	296	on	1	NA
9	297	my	1	NA
9	298	bureau,	2	NA
9	299	but	1	NA
9	300	never	1	NA
9	301	look	1	NA
9	302	at.	2	NA
9	303	If	1	NA
9	304	she'd	2	NA
9	305	kept	1	NA
9	306	on	1	NA
9	307	as	1	NA
9	308	she'd	2	NA
9	309	been	1	NA
9	310	going,	2	NA
9	311	the	1	it
9	312	story	1	it
9	313	I'd	2	it
9	314	told	1	it
9	315	Gladdy	2	it
9	316	would	1	NA
9	317	probably	1	NA
9	318	have	1	NA
9	319	been	1	NA
9	320	true	1	NA
9	321	by	1	NA
9	322	now,	2	NA
9	323	anyhow...	3	NA
9	324	As	1	NA
9	325	usual,	2	NA
9	326	Gladdy's	3	it
9	327	bright	1	it
9	328	smile	1	it
9	329	greeted	1	NA
9	330	me	1	NA
9	331	at	1	NA
9	332	the	1	it.
9	333	breakfast	1	it.
9	334	table.	2	it.
9	335	Her	1	NA
9	336	first	1	NA
9	337	class	1	NA
9	338	wasn't	2	NA
9	339	until	1	NA
9	340	ten,	2	NA
9	341	but	1	NA
9	342	she	1	NA
9	343	always	1	NA
9	344	got	1	NA
9	345	up	1	NA
9	346	to	1	NA
9	347	have	1	NA
9	348	breakfast	1	NA
9	349	with	1	NA
9	350	me.	2	NA
9	351	It	1	NA
9	352	made	1	NA
9	353	me	1	NA
9	354	feel	1	NA
9	355	good	1	NA
9	356	and	1	NA
9	357	knowing	1	NA
9	358	that	1	NA
9	359	she'd	2	NA
9	360	decided,	2	NA
9	361	all	1	NA
9	362	on	1	NA
9	363	her	1	NA
9	364	own,	2	NA
9	365	to	1	NA
9	366	go	1	NA
9	367	to	1	NA
9	368	college	1	it
9	369	right	1	NA
9	370	here	1	NA
9	371	in	1	NA
9	372	town	1	it
9	373	made	1	NA
9	374	me	1	NA
9	375	feel	1	NA
9	376	good,	2	NA
9	377	too.	2	NA
9	378	Oh,	2	NA
9	379	I	1	NA
9	380	knew	1	NA
9	381	that	1	NA
9	382	I	1	NA
9	383	couldn't	2	NA
9	384	give	1	NA
9	385	myself	1	NA
9	386	all	1	NA
9	387	the	1	NA
9	388	credit	1	NA
9	389	for	1	NA
9	390	her	1	NA
9	391	decision.	2	NA
9	392	I	1	NA
9	393	had	1	NA
9	394	a	1	NA
9	395	feeling	1	NA
9	396	that	1	NA
9	397	young	1	NA
9	398	Pete	1	NA
9	399	Michelson,	3	NA
9	400	the	1	he,
9	401	most	1	he,
9	402	promising	1	he,
9	403	intern	1	he,
9	404	at	1	he,
9	405	Fairview,	3	he,
9	406	had	1	NA
9	407	something	1	NA
9	408	to	1	NA
9	409	do	1	NA
9	410	with	1	NA
9	411	it,	2	NA
9	412	too.	2	NA
9	413	She'd	2	NA
9	414	been	1	NA
9	415	out	1	NA
9	416	with	1	NA
9	417	Pete	1	NA
9	418	the	1	NA
9	419	night	1	NA
9	420	before	1	NA
9	421	and	1	NA
9	422	her	1	NA
9	423	gay	1	NA
9	424	chatter	1	NA
9	425	about	1	NA
9	426	their	1	NA
9	427	date	1	NA
9	428	lightened	2	NA
9	429	my	1	NA
9	430	mood	1	NA
9	431	a	1	NA
9	432	little.	2	NA
9	433	But	1	NA
9	434	once	1	NA
9	435	I	1	NA
9	436	was	1	NA
9	437	alone	1	NA
9	438	again,	2	NA
9	439	driving	1	NA
9	440	to	1	NA
9	441	the	1	NA
9	442	hospital,	2	NA
9	443	the	1	NA
9	444	heaviness	2	NA
9	445	returned.	2	NA
9	446	If	1	NA
9	447	she	1	NA
9	448	and	1	NA
9	449	Pete	1	NA
9	450	were	1	NA
9	451	really	1	NA
9	452	getting	1	NA
9	453	serious,	2	NA
9	454	I'd	2	NA
9	455	have	1	NA
9	456	to	1	NA
9	457	do	1	NA
9	458	some	1	NA
9	459	hard	1	NA
9	460	thinking.	2	NA
9	461	Should	1	NA
9	462	I	1	NA
9	463	tell	1	NA
9	464	him	1	NA
9	465	the	1	NA
9	466	truth	1	NA
9	467	about	1	NA
9	468	Alice?	2	NA
9	469	Did	1	NA
9	470	he	1	NA
9	471	have	1	NA
9	472	a	1	NA
9	473	right	1	NA
9	474	to	1	NA
9	475	know	1	NA
9	476	the	1	NA
9	477	secret	1	NA
9	478	I'd	2	NA
9	479	kept	1	NA
9	480	from	1	NA
9	481	Gladdy	2	NA
9	482	all	1	NA
9	483	these	1	NA
9	484	years?	2	NA
10	0	Sulphur,	5	They,
10	1	oil,	2	they,
10	2	and	1	NA
10	3	copra	2	it
10	4	make	1	NA
10	5	the	1	it.
10	6	kind	1	it.
10	7	of	1	it.
10	8	tinder	2	it.
10	9	any	1	it.
10	10	firebug	2	it.
10	11	dreams	1	it.
10	12	of.	2	it.
10	13	I	1	NA
10	14	suppose	1	NA
10	15	a	1	he
10	16	Lascar	2	he
10	17	sailor	1	he
10	18	had	1	NA
10	19	sneaked	2	NA
10	20	a	1	it
10	21	cigarette	1	it
10	22	in	1	NA
10	23	the	1	it
10	24	hold	1	it
10	25	and	1	NA
10	26	touched	1	NA
10	27	off	1	NA
10	28	the	1	it.
10	29	blaze.	2	it.
10	30	Now,	2	NA
10	31	roaring	1	NA
10	32	up	1	NA
10	33	in	1	NA
10	34	great	1	them,
10	35	oily	1	them,
10	36	clouds	1	them,
10	37	of	1	them,
10	38	smoke	1	them,
10	39	and	1	them,
10	40	flames,	2	them,
10	41	the	1	it
10	42	fierce	1	it
10	43	heat	1	it
10	44	quickly	1	NA
10	45	drove	1	NA
10	46	us	1	NA
10	47	to	1	NA
10	48	the	1	it...
10	49	stern	1	it...
10	50	where	1	it...
10	51	we	1	it...
10	52	huddled	2	it...
10	53	like	1	it...
10	54	suffocating	2	it...
10	55	sheep,	2	it...
10	56	not	1	it...
10	57	knowing	1	it...
10	58	what	1	it...
10	59	to	1	it...
10	60	do...	2	it...
10	61	The	1	NA
10	62	lifeboats	2	NA
10	63	were	1	NA
10	64	stuck	1	NA
10	65	fast.	2	NA
10	66	We	1	NA
10	67	couldn't	2	NA
10	68	budge	2	NA
10	69	them.	2	NA
10	70	I	1	NA
10	71	heard	1	NA
10	72	a	1	it
10	73	cry	1	it
10	74	from	1	it
10	75	a	1	it
10	76	stoker	2	it
10	77	as	1	NA
10	78	a	1	it
10	79	pillar	1	it
10	80	of	1	it
10	81	flame	1	it
10	82	leaped	2	NA
10	83	from	1	NA
10	84	a	1	it
10	85	hatch	1	it
10	86	and	1	NA
10	87	tongued	2	NA
10	88	the	1	it.
10	89	man's	2	it.
10	90	bare	1	it.
10	91	back.	2	it.
10	92	He	1	NA
10	93	sprinted	2	NA
10	94	to	1	NA
10	95	the	1	it
10	96	rail	1	it
10	97	and	1	NA
10	98	leaped	2	NA
10	99	overboard	1	NA
10	100	into	1	NA
10	101	the	1	NA
10	102	shark-infested	4	NA
10	103	waters.	2	NA
10	104	One	1	It
10	105	especially	1	It
10	106	bad	1	It
10	107	detonation	2	It
10	108	shook	1	NA
10	109	Lifeboat	2	NA
10	110	No.	2	NA
10	111	3	1	NA
10	112	which	1	NA
10	113	trembled	2	NA
10	114	violently	1	NA
10	115	in	1	NA
10	116	the	1	NA
10	117	davits.	4	NA
10	118	Brassnose	3	NA
10	119	yelled:	2	NA
10	120	"Come	2	NA
10	121	on,	2	NA
10	122	Sommers,	4	NA
10	123	Max...	2	NA
10	124	step	1	NA
10	125	on	1	NA
10	126	it,	2	NA
10	127	we	1	NA
10	128	got	1	NA
10	129	a	1	it
10	130	chance	1	it
10	131	now.	2	NA
10	132	Heave	2	NA
10	133	on	1	NA
10	134	those	1	them;
10	135	ropes;	2	them;
10	136	the	1	NA
10	137	boat's	2	NA
10	138	come	1	NA
10	139	unstuck."	3	NA
10	140	We	1	NA
10	141	pulled	1	NA
10	142	and	1	NA
10	143	swore	1	NA
10	144	and	1	NA
10	145	yanked	2	NA
10	146	and	1	NA
10	147	wept,	3	NA
10	148	scraping	1	NA
10	149	our	1	NA
10	150	hands	1	NA
10	151	until	1	NA
10	152	they	1	NA
10	153	bled	2	NA
10	154	profusely.	4	NA
10	155	The	1	NA
10	156	Bonaventure	3	NA
10	157	was	1	NA
10	158	quivering	2	NA
10	159	and	1	NA
10	160	lurching	3	NA
10	161	like	1	NA
10	162	an	1	it.
10	163	old	1	it.
10	164	spavined	3	it.
10	165	mare.	3	it.
10	166	Her	1	It
10	167	stern	1	It
10	168	was	1	NA
10	169	down	1	NA
10	170	and	1	NA
10	171	a	1	it
10	172	sharp	1	it
10	173	list	1	it
10	174	helped	1	NA
10	175	us	1	NA
10	176	to	1	NA
10	177	cut	1	NA
10	178	loose	1	NA
10	179	the	1	NA
10	180	lifeboat	2	NA
10	181	which	1	NA
10	182	dropped	1	NA
10	183	heavily	1	NA
10	184	into	1	NA
10	185	the	1	NA
10	186	water.	2	NA
10	187	Brassnose,	4	NA
10	188	Max	1	NA
10	189	and	1	NA
10	190	I	1	NA
10	191	leaped	2	NA
10	192	into	1	NA
10	193	the	1	NA
10	194	sea	1	NA
10	195	and	1	NA
10	196	swam	2	NA
10	197	to	1	NA
10	198	the	1	NA
10	199	boat.	2	NA
10	200	"Let's	3	NA
10	201	get	1	NA
10	202	away	1	NA
10	203	fast,"	2	NA
10	204	said	1	NA
10	205	Brassnose,	4	NA
10	206	shaking	1	NA
10	207	water	1	it
10	208	from	1	NA
10	209	his	1	it.
10	210	mop	2	it.
10	211	of	1	it.
10	212	bleached	2	it.
10	213	hair.	2	it.
10	214	"That	2	"It
10	215	tub	1	"It
10	216	is	1	NA
10	217	going	1	NA
10	218	to	1	NA
10	219	explode	1	NA
10	220	all	1	NA
10	221	at	1	NA
10	222	once."	2	NA
10	223	Then	1	NA
10	224	the	1	NA
10	225	Bonaventure	3	NA
10	226	seemed	1	NA
10	227	to	1	NA
10	228	disintegrate	2	NA
10	229	with	1	NA
10	230	a	1	it,
10	231	roar	1	it,
10	232	of	1	it,
10	233	live	1	it,
10	234	steam,	2	it,
10	235	geysers	3	they,
10	236	of	1	they,
10	237	sparks	1	they,
10	238	and	1	they,
10	239	flames,	2	they,
10	240	and	1	NA
10	241	a	1	it.
10	242	dense	1	it.
10	243	cloud	1	it.
10	244	of	1	it.
10	245	black-and-orange	5	it.
10	246	smoke.	2	it.
10	247	Dimly,	3	NA
10	248	we	1	NA
10	249	heard	1	NA
10	250	the	1	them
10	251	voices	1	them
10	252	of	1	them
10	253	men	1	them
10	254	in	1	them
10	255	mortal	1	them
10	256	agony	1	them
10	257	but	1	NA
10	258	we	1	NA
10	259	couldn't	2	NA
10	260	go	1	NA
10	261	back	1	NA
10	262	into	1	NA
10	263	that	1	it.
10	264	inferno.	3	it.
10	265	Already	1	NA
10	266	our	1	NA
10	267	leaky	2	NA
10	268	lifeboat	2	NA
10	269	was	1	NA
10	270	filled	1	NA
10	271	with	1	NA
10	272	five	1	it.
10	273	inches	1	it.
10	274	of	1	it.
10	275	water.	2	it.
10	276	"Sommers,	5	NA
10	277	you	1	NA
10	278	bale	2	NA
10	279	while	1	NA
10	280	we	1	NA
10	281	row,"	2	NA
10	282	Brassnose	3	NA
10	283	commanded.	2	NA
10	284	As	1	NA
10	285	best	1	NA
10	286	as	1	NA
10	287	I	1	NA
10	288	could	1	NA
10	289	determine,	2	NA
10	290	we	1	NA
10	291	were	1	NA
10	292	some	1	it
10	293	700	1	it
10	294	miles	1	it
10	295	west	1	NA
10	296	of	1	NA
10	297	New	1	it,
10	298	Guinea,	2	it,
10	299	in	1	NA
10	300	the	1	NA
10	301	Bismark	3	NA
10	302	Archipelago.	4	NA
10	303	Three	1	It
10	304	days	1	It
10	305	previously,	2	NA
10	306	we	1	NA
10	307	had	1	NA
10	308	steamed	2	NA
10	309	past	1	NA
10	310	barren	1	it
10	311	Rennell	3	it
10	312	Island	1	it
10	313	in	1	NA
10	314	the	1	it.
10	315	distance.	2	it.
10	316	Now	1	NA
10	317	we	1	NA
10	318	peered	2	NA
10	319	anxiously	2	NA
10	320	for	1	NA
10	321	any	1	it,
10	322	speck	2	it,
10	323	of	1	it,
10	324	land	1	it,
10	325	in	1	it,
10	326	the	1	it,
10	327	Pacific,	2	it,
10	328	for	1	NA
10	329	this	1	NA
10	330	interminable	3	NA
10	331	bailing	2	NA
10	332	would	1	NA
10	333	have	1	NA
10	334	to	1	NA
10	335	stop	1	NA
10	336	soon.	2	NA
10	337	There	1	NA
10	338	were	1	NA
10	339	gigantic	1	they
10	340	blisters	2	they
10	341	and	1	they
10	342	rope	1	they
10	343	burns	1	they
10	344	on	1	NA
10	345	our	1	our;
10	346	hands;	2	our;
10	347	our	1	NA
10	348	muscles	1	NA
10	349	were	1	NA
10	350	hot	1	NA
10	351	wires	1	NA
10	352	of	1	NA
10	353	pain.	2	NA
10	354	Brassnose	3	NA
10	355	was	1	NA
10	356	strangely	1	NA
10	357	silent.	2	NA
10	358	The	1	NA
10	359	big	1	NA
10	360	man	1	NA
10	361	with	1	NA
10	362	the	1	NA
10	363	whitened	2	NA
10	364	hair	1	NA
10	365	murmured	2	NA
10	366	something:	2	NA
10	367	his	1	NA
10	368	words	1	NA
10	369	sounded	1	NA
10	370	as	1	NA
10	371	if	1	NA
10	372	they	1	NA
10	373	were	1	NA
10	374	in	1	NA
10	375	the	1	it.
10	376	Manu	2	it.
10	377	tongue,	2	it.
10	378	which	1	it.
10	379	I	1	it.
10	380	recognized,	2	it.
10	381	having	1	it.
10	382	studied	1	it.
10	383	the	1	it.
10	384	dialect	1	it.
10	385	in	1	it.
10	386	my	1	it.
10	387	Anthropology	1	it.
10	388	6,	2	it.
10	389	class	1	it.
10	390	at	1	it.
10	391	the	1	it.
10	392	University	1	it.
10	393	of	1	it.
10	394	Chicago.	2	it.
10	395	He	1	NA
10	396	then	1	NA
10	397	said	1	NA
10	398	something	1	NA
10	399	which	1	NA
10	400	struck	1	NA
10	401	a	1	NA
10	402	chord	1	NA
10	403	in	1	NA
10	404	my	1	NA
10	405	memory.	2	NA
10	406	"God	2	"He
10	407	help	1	NA
10	408	us	1	NA
10	409	if	1	NA
10	410	we're	2	NA
10	411	near	1	NA
10	412	the	1	NA
10	413	island	1	NA
10	414	of	1	NA
10	415	Eromonga.	4	NA
10	416	We'd	2	NA
10	417	be	1	NA
10	418	in	1	NA
10	419	real	1	it
10	420	trouble	1	it
10	421	then.	2	NA
10	422	I'd	2	NA
10	423	rather	1	NA
10	424	keep	1	NA
10	425	bailing	2	NA
10	426	--	1	NA
10	427	or	1	NA
10	428	sink."	2	NA
10	429	I	1	NA
10	430	was	1	NA
10	431	puzzled	1	NA
10	432	by	1	NA
10	433	the	1	NA
10	434	remark,	2	NA
10	435	then	1	NA
10	436	I	1	NA
10	437	recalled	1	NA
10	438	the	1	it.
10	439	voice	1	it.
10	440	of	1	it.
10	441	mild	1	it.
10	442	Professor	1	it.
10	443	Howard	1	it.
10	444	Griggs	2	it.
10	445	three	1	it.
10	446	years	1	it.
10	447	ago	1	it.
10	448	in	1	it.
10	449	a	1	it.
10	450	university	1	it.
10	451	lecture	1	it.
10	452	on	1	it.
10	453	primitive	1	it.
10	454	societies.	2	it.
10	455	He	1	NA
10	456	had	1	NA
10	457	been	1	NA
10	458	speaking	1	NA
10	459	of	1	NA
10	460	this	1	NA
10	461	archipelago:	4	NA
10	462	"Even	2	NA
10	463	when	1	NA
10	464	the	1	NA
10	465	islands	1	NA
10	466	were	1	NA
10	467	under	1	NA
10	468	German	1	its
10	469	mandate	1	its
10	470	before	1	NA
10	471	World	1	it,
10	472	War	1	it,
10	473	I,	2	it,
10	474	Europeans	1	they
10	475	gave	1	NA
10	476	Eromonga	3	NA
10	477	a	1	it.
10	478	wide	1	it.
10	479	berth.	2	it.
10	480	The	1	NA
10	481	place	1	NA
10	482	is	1	NA
10	483	inhabited	1	NA
10	484	by	1	NA
10	485	several	1	NA
10	486	hundred	1	NA
10	487	warlike	2	NA
10	488	women	1	NA
10	489	who	1	NA
10	490	are	1	NA
10	491	anachronisms	4	NA
10	492	of	1	NA
10	493	the	1	NA
10	494	Twentieth	3	NA
10	495	Century	1	NA
10	496	--	1	NA
10	497	stone	1	NA
10	498	age	1	NA
10	499	amazons	2	NA
10	500	who	1	NA
10	501	live	1	NA
10	502	in	1	NA
10	503	an	1	NA
10	504	all-female,	4	NA
10	505	matriarchal	4	NA
10	506	society	1	NA
10	507	which	1	NA
10	508	is	1	NA
10	509	self-sufficient."	4	NA
10	510	I	1	NA
10	511	remembered,	2	NA
10	512	too,	2	NA
10	513	the	1	it:
10	514	jesting	2	it:
10	515	voice	1	it:
10	516	of	1	it:
10	517	a	1	it:
10	518	classmate,	2	it:
10	519	Bobby	1	it:
10	520	Pauson:	4	it:
10	521	"But	2	NA
10	522	how	1	NA
10	523	do	1	NA
10	524	they	1	NA
10	525	reproduce,	2	NA
10	526	Dr.	2	NA
10	527	Griggs?	3	NA
10	528	I'm	2	NA
10	529	sure	1	NA
10	530	that	1	NA
10	531	males	1	NA
10	532	have	1	NA
10	533	something	1	it!"
10	534	to	1	it!"
10	535	do	1	it!"
10	536	with	1	it!"
10	537	that	1	it!"
10	538	process!"	2	it!"
10	539	There	1	NA
10	540	had	1	NA
10	541	been	1	NA
10	542	classroom	1	them
10	543	guffaws	3	them
10	544	which	1	them
10	545	quickly	1	them
10	546	subsided	2	them
10	547	as	1	NA
10	548	Professor	1	NA
10	549	Griggs	2	NA
10	550	said	1	NA
10	551	dryly:	3	NA
10	552	"I	2	NA
10	553	see	1	NA
10	554	your	1	your,
10	555	point,	2	your,
10	556	Pauson.	4	NA
10	557	Of	1	NA
10	558	course,	2	NA
10	559	males	1	NA
10	560	play	1	NA
10	561	a	1	it
10	562	role	1	it
10	563	there,	2	NA
10	564	but	1	NA
10	565	believe	1	NA
10	566	me	1	NA
10	567	when	1	NA
10	568	I	1	NA
10	569	say	1	NA
10	570	you	1	NA
10	571	wouldn't	2	NA
10	572	enjoy	1	NA
10	573	yourself	1	NA
10	574	one	1	NA
10	575	bit	1	NA
10	576	on	1	NA
10	577	Eromonga.	4	NA
10	578	Indeed,	2	NA
10	579	you	1	NA
10	580	wouldn't	2	NA
10	581	live	1	NA
10	582	long,	2	NA
10	583	for	1	NA
10	584	the	1	NA
10	585	females	1	NA
10	586	either	1	NA
10	587	drive	1	NA
10	588	the	1	NA
10	589	men	1	NA
10	590	they've	2	NA
10	591	seized	1	NA
10	592	from	1	NA
10	593	neighboring	1	NA
10	594	islands	1	NA
10	595	back	1	NA
10	596	to	1	NA
10	597	their	1	their
10	598	boats	1	their
10	599	after	1	NA
10	600	exploiting	1	NA
10	601	them	1	NA
10	602	for	1	NA
10	603	amatory	2	NA
10	604	purposes,	2	NA
10	605	or	1	NA
10	606	they	1	NA
10	607	destroy	1	NA
10	608	them	1	NA
10	609	by	1	NA
10	610	revolting	2	NA
10	611	but	1	NA
10	612	ingenious	1	NA
10	613	methods.	2	NA
10	614	In	1	NA
10	615	fact,	2	NA
10	616	one	1	NA
10	617	important	1	NA
10	618	aspect	1	NA
10	619	of	1	NA
10	620	their	1	NA
10	621	very	1	NA
10	622	religion	1	NA
10	623	is	1	NA
10	624	the	1	NA
10	625	annihilation	1	NA
10	626	of	1	NA
10	627	men."	2	NA
10	628	"I	2	NA
10	629	think	1	NA
10	630	I	1	NA
10	631	know	1	NA
10	632	what	1	NA
10	633	you	1	NA
10	634	mean,	2	NA
10	635	Brassnose,"	4	NA
10	636	I	1	NA
10	637	said.	2	NA
10	638	"I	2	NA
10	639	know	1	NA
10	640	something	1	NA
10	641	about	1	NA
10	642	Eromonga.	4	NA
10	643	Let's	2	NA
10	644	hope	1	NA
10	645	we	1	NA
10	646	come	1	NA
10	647	to	1	NA
10	648	a	1	it."
10	649	safer	1	it."
10	650	place."	2	it."
10	651	But	1	NA
10	652	we	1	NA
10	653	didn't.	3	NA
10	654	Three	1	NA
10	655	hours	1	NA
10	656	later,	2	NA
10	657	while	1	NA
10	658	we	1	NA
10	659	were	1	NA
10	660	bailing	2	NA
10	661	desperately,	2	NA
10	662	a	1	NA
10	663	dot	1	NA
10	664	of	1	NA
10	665	land	1	NA
10	666	came	1	NA
10	667	into	1	NA
10	668	view.	2	NA
11	0	The	1	It,
11	1	first	1	It,
11	2	rattle	2	It,
11	3	of	1	It,
11	4	the	1	It,
11	5	machine	1	It,
11	6	guns,	2	It,
11	7	at	1	NA
11	8	7:10	3	it,
11	9	in	1	it,
11	10	the	1	it,
11	11	evening,	2	it,
11	12	roused	2	NA
11	13	around	1	NA
11	14	me	1	NA
11	15	the	1	they.
11	16	varied	1	they.
11	17	voices	1	they.
11	18	and	1	they.
11	19	faces	1	they.
11	20	of	1	they.
11	21	fear.	2	they.
11	22	"Sounds	2	NA
11	23	exactly	1	NA
11	24	like	1	NA
11	25	last	1	it."
11	26	time."	2	it."
11	27	The	1	NA
11	28	young	1	NA
11	29	man	1	NA
11	30	spoke	1	NA
11	31	steadily	1	NA
11	32	enough,	2	NA
11	33	but	1	NA
11	34	all	1	NA
11	35	at	1	NA
11	36	once	1	NA
11	37	he	1	NA
11	38	looked	1	NA
11	39	grotesquely	2	NA
11	40	unshaven.	4	NA
11	41	The	1	NA
11	42	middle-aged	3	NA
11	43	man	1	NA
11	44	said	1	NA
11	45	over	1	NA
11	46	and	1	NA
11	47	over,	2	NA
11	48	"Why	2	NA
11	49	did	1	NA
11	50	I	1	NA
11	51	come	1	NA
11	52	here,	2	NA
11	53	why	1	NA
11	54	did	1	NA
11	55	I	1	NA
11	56	come	1	NA
11	57	here."	2	NA
11	58	Then	1	NA
11	59	he	1	NA
11	60	was	1	NA
11	61	sick.	2	NA
11	62	Amid	1	NA
11	63	the	1	it,
11	64	crackle	2	it,
11	65	of	1	it,
11	66	small	1	it,
11	67	arms	1	it,
11	68	and	1	it,
11	69	automatic	1	it,
11	70	weapons,	2	it,
11	71	I	1	NA
11	72	heard	1	NA
11	73	the	1	it.
11	74	thumping	2	it.
11	75	of	1	it.
11	76	mortars.	3	it.
11	77	Then	1	NA
11	78	the	1	they
11	79	lights	1	they
11	80	went	1	NA
11	81	out.	2	NA
11	82	This	1	NA
11	83	was	1	NA
11	84	my	1	NA
11	85	second	1	NA
11	86	day	1	NA
11	87	in	1	NA
11	88	Vientiane,	4	NA
11	89	the	1	NA
11	90	administrative	1	NA
11	91	capital	1	NA
11	92	of	1	NA
11	93	Laos,	2	NA
11	94	and	1	NA
11	95	my	1	they
11	96	thoughts	1	they
11	97	were	1	NA
11	98	none	1	NA
11	99	too	1	NA
11	100	brave.	2	NA
11	101	Where	1	NA
11	102	was	1	NA
11	103	my	1	it?
11	104	flashlight?	2	it?
11	105	Where	1	NA
11	106	should	1	NA
11	107	I	1	NA
11	108	go?	2	NA
11	109	To	1	NA
11	110	my	1	it?
11	111	room?	2	it?
11	112	Better	1	NA
11	113	stay	1	NA
11	114	in	1	NA
11	115	the	1	NA
11	116	hotel	1	NA
11	117	lobby,	2	NA
11	118	where	1	NA
11	119	the	1	NA
11	120	walls	1	NA
11	121	looked	1	NA
11	122	good	1	NA
11	123	and	1	NA
11	124	thick.	2	NA
11	125	Chinese	1	NA
11	126	and	1	NA
11	127	Indian	1	NA
11	128	merchants	1	NA
11	129	across	1	NA
11	130	the	1	NA
11	131	street	1	NA
11	132	were	1	NA
11	133	slamming	1	NA
11	134	their	1	them.
11	135	steel	1	them.
11	136	shutters.	3	them.
11	137	Hotel	1	They
11	138	attendants	1	They
11	139	pulled	1	NA
11	140	parked	1	NA
11	141	bicycles	1	NA
11	142	into	1	NA
11	143	the	1	NA
11	144	lobby.	2	NA
11	145	A	1	NA
11	146	woman	1	NA
11	147	with	1	NA
11	148	a	1	NA
11	149	small	1	NA
11	150	boy	1	NA
11	151	slipped	1	NA
11	152	in	1	NA
11	153	between	1	NA
11	154	them.	2	NA
11	155	"Please,"	3	NA
11	156	she	1	NA
11	157	said,	2	NA
11	158	"please."	3	NA
11	159	She	1	NA
11	160	held	1	NA
11	161	out	1	NA
11	162	her	1	it
11	163	hand	1	it
11	164	to	1	NA
11	165	show	1	NA
11	166	that	1	NA
11	167	she	1	NA
11	168	had	1	NA
11	169	money.	2	it.
11	170	The	1	He
11	171	American	1	He
11	172	newspaperman	2	He
11	173	worried	1	NA
11	174	about	1	NA
11	175	getting	1	NA
11	176	to	1	NA
11	177	the	1	it.
11	178	cable	1	it.
11	179	office.	2	it.
11	180	But	1	NA
11	181	what	1	NA
11	182	was	1	NA
11	183	the	1	it?
11	184	story?	2	it?
11	185	Had	1	NA
11	186	the	1	NA
11	187	Communist-led	3	NA
11	188	Pathet	2	NA
11	189	Lao	2	NA
11	190	finally	1	NA
11	191	come	1	NA
11	192	this	1	NA
11	193	far?	2	NA
11	194	Or	1	NA
11	195	was	1	NA
11	196	it	1	it?
11	197	another	1	it?
11	198	revolt	1	it?
11	199	inside	1	it?
11	200	Vientiane?	4	it?
11	201	"Let's	3	NA
11	202	play	1	NA
11	203	hero,"	2	it,"
11	204	I	1	NA
11	205	said.	2	NA
11	206	"Let's	3	NA
11	207	go	1	NA
11	208	to	1	NA
11	209	the	1	it
11	210	roof	1	it
11	211	and	1	NA
11	212	see."	2	NA
11	213	By	1	NA
11	214	7:50	3	it
11	215	the	1	it
11	216	answer	1	it
11	217	was	1	NA
11	218	plain.	2	NA
11	219	There	1	NA
11	220	had	1	NA
11	221	been	1	NA
11	222	an	1	it.
11	223	eclipse	1	it.
11	224	of	1	it.
11	225	the	1	it.
11	226	moon.	2	it.
11	227	A	1	It
11	228	traditional	1	It
11	229	Lao	2	It
11	230	explanation	1	It
11	231	is	1	NA
11	232	that	1	NA
11	233	the	1	NA
11	234	moon	1	NA
11	235	was	1	NA
11	236	being	1	NA
11	237	swallowed	1	NA
11	238	by	1	NA
11	239	a	1	NA
11	240	toad,	3	NA
11	241	and	1	NA
11	242	the	1	it
11	243	remedy	1	it
11	244	was	1	NA
11	245	to	1	NA
11	246	make	1	NA
11	247	all	1	NA
11	248	possible	1	NA
11	249	noise,	2	NA
11	250	ideally	1	NA
11	251	with	1	NA
11	252	firearms.	2	them.
11	253	The	1	NA
11	254	din	1	NA
11	255	was	1	NA
11	256	successful,	2	NA
11	257	too,	2	NA
11	258	for	1	NA
11	259	just	1	NA
11	260	before	1	NA
11	261	the	1	NA
11	262	moon	1	NA
11	263	disappeared,	2	NA
11	264	the	1	it,
11	265	frightened	1	it,
11	266	toad	2	it,
11	267	had	1	it,
11	268	begun	1	it,
11	269	to	1	it,
11	270	spit	1	it,
11	271	it	1	it,
11	272	out	1	it,
11	273	again,	2	it,
11	274	which	1	NA
11	275	meant	1	NA
11	276	good	1	it
11	277	luck	1	it
11	278	all	1	NA
11	279	around.	2	NA
11	280	How	1	NA
11	281	quaint	1	NA
11	282	it	1	NA
11	283	all	1	NA
11	284	seemed	1	NA
11	285	the	1	it.
11	286	next	1	it.
11	287	day.	2	it.
11	288	A	1	It
11	289	restaurant	1	It
11	290	posted	1	NA
11	291	a	1	it
11	292	reminder	1	it
11	293	to	1	NA
11	294	patrons	1	them."
11	295	"who	2	them."
11	296	became	1	them."
11	297	excited	1	them."
11	298	and	1	them."
11	299	left	1	them."
11	300	without	1	them."
11	301	paying	1	them."
11	302	their	1	them."
11	303	checks."	2	them."
11	304	But	1	NA
11	305	everyone	1	they
11	306	I	1	they
11	307	met	1	they
11	308	had	1	NA
11	309	sought	1	NA
11	310	cover	1	it
11	311	first	1	NA
11	312	and	1	NA
11	313	asked	1	NA
11	314	questions	1	them
11	315	later.	2	NA
11	316	And	1	NA
11	317	no	1	NA
11	318	wonder,	2	NA
11	319	for	1	NA
11	320	Vientiane,	4	NA
11	321	the	1	NA
11	322	old	1	NA
11	323	City	1	NA
11	324	of	1	NA
11	325	Sandalwood,	4	NA
11	326	had	1	NA
11	327	become	1	NA
11	328	the	1	NA
11	329	City	1	NA
11	330	of	1	NA
11	331	Bullet	1	NA
11	332	Holes.	3	NA
11	333	I	1	NA
11	334	saw	1	NA
11	335	holes	1	them
11	336	in	1	them
11	337	planes	1	them
11	338	at	1	NA
11	339	the	1	it
11	340	airport	1	it
11	341	and	1	NA
11	342	in	1	NA
11	343	cars	1	them
11	344	in	1	NA
11	345	the	1	them.
11	346	streets.	2	them.
11	347	Along	1	NA
11	348	the	1	them
11	349	main	1	them
11	350	thoroughfares	3	them
11	351	hardly	1	NA
11	352	a	1	it
11	353	house	1	it
11	354	had	1	NA
11	355	not	1	NA
11	356	been	1	NA
11	357	peppered.	3	NA
11	358	In	1	NA
11	359	place	1	it
11	360	of	1	it
11	361	the	1	it
11	362	police	1	it
11	363	headquarters	1	it
11	364	was	1	NA
11	365	a	1	it.
11	366	new	1	it.
11	367	square	1	it.
11	368	filled	1	it.
11	369	with	1	it.
11	370	rubble.	2	it.
11	371	Mortars	2	They
11	372	had	1	NA
11	373	demolished	1	NA
11	374	the	1	it
11	375	defense	1	it
11	376	ministry	1	it
11	377	and	1	NA
11	378	set	1	NA
11	379	fire	1	NA
11	380	to	1	NA
11	381	the	1	NA
11	382	American	1	NA
11	383	Embassy	1	NA
11	384	next	1	NA
11	385	door.	2	NA
11	386	What	1	NA
11	387	had	1	NA
11	388	been	1	NA
11	389	the	1	it
11	390	ambassador's	2	it
11	391	suite	1	it
11	392	was	1	NA
11	393	now	1	NA
11	394	jagged	2	they.
11	395	walls	1	they.
11	396	of	1	they.
11	397	blackened	2	they.
11	398	brick.	2	they.
11	399	This	1	It
11	400	damage	1	It
11	401	had	1	NA
11	402	been	1	NA
11	403	done	1	NA
11	404	in	1	NA
11	405	the	1	it,
11	406	battle	1	it,
11	407	of	1	it,
11	408	Vientiane,	4	it,
11	409	fought	1	NA
11	410	less	1	them
11	411	than	1	them
11	412	three	1	them
11	413	months	1	them
11	414	earlier	1	NA
11	415	when	1	NA
11	416	four	1	they
11	417	successive	1	they
11	418	governments	1	they
11	419	had	1	NA
11	420	ruled	1	NA
11	421	here	1	NA
11	422	in	1	NA
11	423	three	1	them
11	424	days	1	them
11	425	(December	2	(it).
11	426	9-11,	4	(it).
11	427	1960).	2	(it).
11	428	And	1	NA
11	429	now,	2	NA
11	430	in	1	NA
11	431	March,	2	it,
11	432	all	1	NA
11	433	Laos	1	NA
11	434	suffered	1	NA
11	435	a	1	it.
11	436	state	1	it.
11	437	of	1	it.
11	438	siege.	2	it.
11	439	The	1	NA
11	440	Pathet	2	NA
11	441	Lao	2	NA
11	442	forces	1	NA
11	443	held	1	NA
11	444	two	1	them
11	445	northern	1	them
11	446	provinces	1	them
11	447	and	1	NA
11	448	openly	1	NA
11	449	took	1	NA
11	450	the	1	it
11	451	offensive	1	it
11	452	in	1	NA
11	453	three	1	them.
11	454	more.	2	them.
11	455	Throughout	1	NA
11	456	the	1	NA
11	457	land	1	NA
11	458	their	1	they
11	459	hit-and-run	5	they
11	460	terrorists	1	they
11	461	spread	1	NA
11	462	fear	1	it.
11	463	of	1	it.
11	464	ambush	1	it.
11	465	and	1	it.
11	466	death.	2	it.
12	0	On	1	NA
12	1	April	1	it,
12	2	17,	2	it,
12	3	1610,	3	it,
12	4	the	1	NA
12	5	sturdy	1	NA
12	6	little	1	NA
12	7	three-masted	4	NA
12	8	bark,	2	NA
12	9	Discovery,	2	NA
12	10	weighed	1	NA
12	11	anchor	1	its
12	12	in	1	NA
12	13	St.	2	it,
12	14	Katherine's	2	it,
12	15	Pool,	2	it,
12	16	London,	2	it,
12	17	and	1	NA
12	18	floated	1	NA
12	19	down	1	NA
12	20	the	1	NA
12	21	Thames	1	NA
12	22	toward	1	NA
12	23	the	1	NA
12	24	sea.	2	NA
12	25	She	1	NA
12	26	carried,	2	NA
12	27	besides	1	NA
12	28	her	1	NA
12	29	captain,	2	NA
12	30	a	1	NA
12	31	crew	1	NA
12	32	of	1	NA
12	33	twenty-one	3	NA
12	34	and	1	NA
12	35	provisions	1	them.
12	36	for	1	them.
12	37	a	1	them.
12	38	voyage	1	them.
12	39	of	1	them.
12	40	exploration	1	them.
12	41	of	1	them.
12	42	the	1	them.
12	43	Arctic	1	them.
12	44	waters	1	them.
12	45	of	1	them.
12	46	North	1	them.
12	47	America.	2	them.
12	48	Seventeen	2	NA
12	49	months	1	NA
12	50	later,	2	NA
12	51	on	1	NA
12	52	September	1	it,
12	53	6,	2	it,
12	54	1611,	3	it,
12	55	an	1	it
12	56	Irish	1	it
12	57	fishing	1	it
12	58	boat	1	it
12	59	sighted	2	NA
12	60	the	1	NA
12	61	Discovery	1	NA
12	62	limping	2	NA
12	63	eastward	2	NA
12	64	outside	1	NA
12	65	Galway	2	it.
12	66	Bay.	2	it.
12	67	When	1	NA
12	68	she	1	NA
12	69	reached	1	NA
12	70	port,	2	it,
12	71	she	1	NA
12	72	was	1	NA
12	73	found	1	NA
12	74	to	1	NA
12	75	have	1	NA
12	76	on	1	NA
12	77	board	1	NA
12	78	only	1	NA
12	79	eight	1	NA
12	80	men,	2	NA
12	81	all	1	NA
12	82	near	1	NA
12	83	starvation.	2	it.
12	84	The	1	NA
12	85	captain	1	NA
12	86	was	1	NA
12	87	gone,	2	NA
12	88	and	1	NA
12	89	the	1	NA
12	90	mate	1	NA
12	91	was	1	NA
12	92	gone.	2	NA
12	93	The	1	NA
12	94	man	1	NA
12	95	who	1	NA
12	96	now	1	NA
12	97	commanded	1	NA
12	98	her	1	NA
12	99	had	1	NA
12	100	started	1	NA
12	101	the	1	NA
12	102	voyage	1	NA
12	103	as	1	NA
12	104	an	1	NA
12	105	ordinary	1	NA
12	106	seaman.	3	NA
12	107	What	1	It
12	108	disaster	1	It
12	109	struck	1	NA
12	110	the	1	NA
12	111	Discovery	1	NA
12	112	during	1	NA
12	113	those	1	NA
12	114	seventeen	1	NA
12	115	months?	2	NA
12	116	What	1	they?
12	117	happened	1	they?
12	118	to	1	they?
12	119	the	1	they?
12	120	fourteen	1	they?
12	121	missing	1	they?
12	122	men?	2	they?
12	123	These	1	NA
12	124	questions	1	NA
12	125	have	1	NA
12	126	remained	1	NA
12	127	one	1	NA
12	128	of	1	NA
12	129	the	1	NA
12	130	great	1	NA
12	131	sea	1	NA
12	132	mysteries	1	NA
12	133	of	1	NA
12	134	all	1	NA
12	135	time.	2	NA
12	136	For	1	NA
12	137	hundreds	1	them,
12	138	of	1	them,
12	139	years,	2	them,
12	140	the	1	NA
12	141	evidence	1	NA
12	142	available	1	NA
12	143	consisted	1	NA
12	144	of	1	NA
12	145	(1)	3	(it)
12	146	the	1	NA
12	147	captain's	2	NA
12	148	fragmentary	2	NA
12	149	journal,	2	NA
12	150	(2)	3	NA
12	151	a	1	it,
12	152	highly	1	it,
12	153	prejudiced	2	it,
12	154	account	1	it,
12	155	by	1	it,
12	156	one	1	it,
12	157	of	1	it,
12	158	the	1	it,
12	159	survivors,	2	it,
12	160	(3)	3	NA
12	161	a	1	NA
12	162	note	1	NA
12	163	found	1	NA
12	164	in	1	NA
12	165	a	1	NA
12	166	dead	1	NA
12	167	man's	2	NA
12	168	desk	1	NA
12	169	on	1	NA
12	170	board,	2	NA
12	171	and	1	NA
12	172	(4)	3	(it)
12	173	several	1	NA
12	174	second-hand	3	NA
12	175	reports.	2	NA
12	176	All	1	NA
12	177	told,	2	NA
12	178	they	1	NA
12	179	offered	1	NA
12	180	a	1	it.
12	181	highly	1	it.
12	182	confused	1	it.
12	183	picture.	2	it.
12	184	But	1	NA
12	185	since	1	NA
12	186	1927,	2	it,
12	187	researchers	1	they
12	188	digging	1	they
12	189	into	1	they
12	190	ancient	1	they
12	191	court	1	they
12	192	records	1	they
12	193	and	1	they
12	194	legal	1	they
12	195	files	1	they
12	196	have	1	NA
12	197	been	1	NA
12	198	able	1	NA
12	199	to	1	NA
12	200	find	1	NA
12	201	illuminating	1	them.
12	202	pieces	1	them.
12	203	of	1	them.
12	204	information.	2	them.
12	205	Not	1	NA
12	206	enough	1	NA
12	207	to	1	NA
12	208	do	1	NA
12	209	away	1	NA
12	210	with	1	NA
12	211	all	1	them,
12	212	doubts,	2	them,
12	213	but	1	NA
12	214	sufficient	1	NA
12	215	to	1	NA
12	216	give	1	NA
12	217	a	1	it.
12	218	fairly	1	it.
12	219	accurate	1	it.
12	220	picture	1	it.
12	221	of	1	it.
12	222	the	1	it.
12	223	events	1	it.
12	224	of	1	it.
12	225	the	1	it.
12	226	voyage.	2	it.
12	227	Historians	2	NA
12	228	have	1	NA
12	229	had	1	NA
12	230	two	1	them.
12	231	reasons	1	them.
12	232	for	1	them.
12	233	persisting	2	them.
12	234	so	1	them.
12	235	long	1	them.
12	236	in	1	them.
12	237	their	1	them.
12	238	investigations.	2	them.
12	239	First,	2	NA
12	240	they	1	NA
12	241	wanted	1	NA
12	242	to	1	NA
12	243	clarify	1	NA
12	244	a	1	it.
12	245	tantalizing,	3	it.
12	246	bizarre	1	it.
12	247	enigma.	3	it.
12	248	Second,	2	NA
12	249	they	1	NA
12	250	believed	1	NA
12	251	it	1	NA
12	252	important	1	NA
12	253	to	1	NA
12	254	determine	1	NA
12	255	the	1	NA
12	256	fate	1	NA
12	257	of	1	NA
12	258	the	1	NA
12	259	captain	1	NA
12	260	--	1	NA
12	261	a	1	NA
12	262	man	1	NA
12	263	whose	1	NA
12	264	name	1	NA
12	265	is	1	NA
12	266	permanently	1	NA
12	267	stamped	1	NA
12	268	on	1	NA
12	269	our	1	NA
12	270	maps,	2	NA
12	271	on	1	NA
12	272	American	1	NA
12	273	towns	1	NA
12	274	and	1	NA
12	275	counties,	2	NA
12	276	on	1	NA
12	277	a	1	NA
12	278	great	1	NA
12	279	American	1	NA
12	280	river,	2	NA
12	281	and	1	NA
12	282	on	1	NA
12	283	half	1	NA
12	284	a	1	NA
12	285	million	1	NA
12	286	square	1	NA
12	287	miles	1	NA
12	288	of	1	NA
12	289	Arctic	1	NA
12	290	seas.	2	NA
12	291	The	1	NA
12	292	name:	2	NA
12	293	Henry	1	NA
12	294	Hudson.	2	NA
12	295	This	1	NA
12	296	is	1	NA
12	297	the	1	NA
12	298	story	1	NA
12	299	of	1	NA
12	300	his	1	NA
12	301	last	1	NA
12	302	tragic	1	NA
12	303	voyage,	2	NA
12	304	as	1	NA
12	305	nearly	1	NA
12	306	as	1	NA
12	307	we	1	NA
12	308	are	1	NA
12	309	able	1	NA
12	310	--	1	NA
12	311	or	1	NA
12	312	ever,	2	NA
12	313	probably,	2	NA
12	314	will	1	NA
12	315	be	1	NA
12	316	able	1	NA
12	317	--	1	NA
12	318	to	1	NA
12	319	determine:	2	NA
12	320	The	1	NA
12	321	sailing	1	NA
12	322	in	1	NA
12	323	the	1	NA
12	324	spring	1	NA
12	325	of	1	NA
12	326	1610	2	NA
12	327	was	1	NA
12	328	Hudson's	2	NA
12	329	fourth	1	NA
12	330	in	1	NA
12	331	four	1	NA
12	332	years.	2	NA
12	333	Each	1	It
12	334	time	1	It
12	335	his	1	NA
12	336	objective	1	NA
12	337	had	1	NA
12	338	been	1	NA
12	339	the	1	NA
12	340	same	1	NA
12	341	--	1	NA
12	342	a	1	NA
12	343	direct	1	NA
12	344	water	1	NA
12	345	passage	1	NA
12	346	from	1	NA
12	347	Western	1	NA
12	348	Europe	1	NA
12	349	to	1	NA
12	350	the	1	NA
12	351	Far	1	NA
12	352	East.	2	NA
12	353	In	1	NA
12	354	1607	2	it
12	355	and	1	NA
12	356	1608,	3	it,
12	357	the	1	NA
12	358	English	1	NA
12	359	Muscovy	3	NA
12	360	Company	1	NA
12	361	had	1	NA
12	362	sent	1	NA
12	363	him	1	NA
12	364	northward	2	NA
12	365	to	1	NA
12	366	look	1	NA
12	367	for	1	NA
12	368	a	1	it.
12	369	route	1	it.
12	370	over	1	it.
12	371	the	1	it.
12	372	North	1	it.
12	373	Pole	1	it.
12	374	or	1	it.
12	375	across	1	it.
12	376	the	1	it.
12	377	top	1	it.
12	378	of	1	it.
12	379	Russia.	2	it.
12	380	Twice	1	NA
12	381	he	1	NA
12	382	had	1	NA
12	383	failed,	2	NA
12	384	and	1	NA
12	385	the	1	NA
12	386	Muscovy	3	NA
12	387	Company	1	NA
12	388	indicated	1	NA
12	389	it	1	NA
12	390	would	1	NA
12	391	not	1	NA
12	392	back	1	NA
12	393	him	1	NA
12	394	again.	2	NA
12	395	In	1	NA
12	396	1609,	3	NA
12	397	the	1	it
12	398	Dutch	1	it
12	399	East	1	it
12	400	India	1	it
12	401	Company	1	it
12	402	hired	1	NA
12	403	Hudson,	2	NA
12	404	gave	1	NA
12	405	him	1	NA
12	406	two	1	them,
12	407	learned	1	them,
12	408	geographers,	3	them,
12	409	fitted	1	NA
12	410	him	1	NA
12	411	out	1	NA
12	412	with	1	NA
12	413	a	1	NA
12	414	ship	1	NA
12	415	called	1	NA
12	416	the	1	NA
12	417	Half	1	NA
12	418	Moon,	2	NA
12	419	and	1	NA
12	420	supplied	1	NA
12	421	him	1	NA
12	422	with	1	NA
12	423	Dutch	1	them.
12	424	sailors.	2	them.
12	425	This	1	NA
12	426	time	1	NA
12	427	he	1	NA
12	428	turned	1	NA
12	429	westward,	3	NA
12	430	to	1	NA
12	431	the	1	NA
12	432	middle	1	NA
12	433	Atlantic	1	NA
12	434	coast	1	NA
12	435	of	1	NA
12	436	North	1	NA
12	437	America.	2	NA
12	438	His	1	NA
12	439	chief	1	NA
12	440	discovery	1	NA
12	441	was	1	NA
12	442	important	1	NA
12	443	--	1	NA
12	444	the	1	NA
12	445	Great	1	NA
12	446	North	1	NA
12	447	(later,	3	NA
12	448	the	1	NA
12	449	Hudson)	2	NA
12	450	River	1	NA
12	451	--	1	NA
12	452	but	1	NA
12	453	it	1	NA
12	454	produced	1	NA
12	455	no	1	it.
12	456	northwest	1	it.
12	457	passage.	2	it.
12	458	When	1	NA
12	459	the	1	NA
12	460	Half	1	NA
12	461	Moon	1	NA
12	462	put	1	NA
12	463	in	1	NA
12	464	at	1	NA
12	465	Dartmouth,	2	it,
12	466	England,	2	it,
12	467	in	1	NA
12	468	the	1	it,
12	469	fall	1	it,
12	470	of	1	it,
12	471	1609,	3	it,
12	472	word	1	it
12	473	of	1	it
12	474	Hudson's	2	it
12	475	findings	1	it
12	476	leaked	1	NA
12	477	out,	2	NA
12	478	and	1	NA
12	479	English	1	it
12	480	interest	1	it
12	481	in	1	it
12	482	him	1	it
12	483	revived.	2	NA
12	484	The	1	It
12	485	government	1	It
12	486	forbade	2	NA
12	487	Hudson	1	NA
12	488	to	1	NA
12	489	return	1	NA
12	490	to	1	NA
12	491	Amsterdam	1	it
12	492	with	1	NA
12	493	his	1	his.
12	494	ship.	2	his.
12	495	He	1	NA
12	496	thereupon	2	NA
12	497	went	1	NA
12	498	to	1	NA
12	499	London	1	NA
12	500	and	1	NA
12	501	spent	1	NA
12	502	the	1	it
12	503	winter	1	it
12	504	talking	1	NA
12	505	to	1	NA
12	506	men	1	them.
12	507	of	1	them.
12	508	wealth.	2	them.
12	509	By	1	NA
12	510	springtime,	3	it,
12	511	he	1	NA
12	512	was	1	NA
12	513	supported	1	NA
12	514	by	1	NA
12	515	a	1	it.
12	516	rich	1	it.
12	517	merchant	1	it.
12	518	syndicate	2	it.
12	519	under	1	it.
12	520	the	1	it.
12	521	patronage	1	it.
12	522	of	1	it.
12	523	Henry,	2	it.
12	524	Prince	1	it.
12	525	of	1	it.
12	526	Wales.	2	it.
12	527	He	1	NA
12	528	had	1	NA
12	529	obtained	1	NA
12	530	and	1	NA
12	531	provisioned	2	NA
12	532	a	1	it
12	533	veteran	1	it
12	534	ship	1	it
12	535	called	1	it
12	536	the	1	it
12	537	Discovery	1	it
12	538	and	1	NA
12	539	had	1	NA
12	540	recruited	1	NA
12	541	a	1	NA
12	542	crew	1	NA
12	543	of	1	NA
12	544	twenty-one,	4	NA
12	545	the	1	NA
12	546	largest	1	NA
12	547	he	1	NA
12	548	had	1	NA
12	549	ever	1	NA
12	550	commanded.	2	NA
12	551	The	1	It
12	552	purpose	1	It
12	553	of	1	It
12	554	this	1	It
12	555	fourth	1	It
12	556	voyage	1	It
12	557	was	1	NA
12	558	clear.	2	NA
12	559	A	1	It
12	560	century	1	It
12	561	of	1	It
12	562	exploration	1	It
12	563	had	1	NA
12	564	established	1	NA
12	565	that	1	NA
12	566	a	1	it,
12	567	great	1	it,
12	568	land	1	it,
12	569	mass,	2	it,
12	570	North	1	NA
12	571	and	1	NA
12	572	South	1	NA
12	573	America,	2	NA
12	574	lay	1	NA
12	575	between	1	NA
12	576	Europe	1	NA
12	577	and	1	NA
12	578	the	1	them.
12	579	Indies.	2	them.
12	580	One	1	NA
12	581	by	1	NA
12	582	one,	2	NA
12	583	the	1	they
12	584	openings	1	they
12	585	in	1	they
12	586	the	1	they
12	587	coast	1	they
12	588	that	1	they
12	589	promised	1	they
12	590	a	1	they
12	591	passage	1	they
12	592	through	1	they
12	593	had	1	NA
12	594	been	1	NA
12	595	explored	1	NA
12	596	and	1	NA
12	597	discarded.	2	NA
12	598	In	1	NA
12	599	fact,	2	NA
12	600	Hudson's	2	it
12	601	sail	1	it
12	602	up	1	it
12	603	the	1	it
12	604	Great	1	it
12	605	North	1	it
12	606	River	1	it
12	607	had	1	NA
12	608	disposed	1	NA
12	609	of	1	NA
12	610	one	1	NA
12	611	of	1	NA
12	612	the	1	them.
12	613	last	1	them.
12	614	hopes.	2	them.
12	615	But	1	NA
12	616	there	1	NA
12	617	remained	1	NA
12	618	one	1	NA
12	619	mysterious,	2	NA
12	620	unexplored	2	NA
12	621	gap,	2	NA
12	622	far	1	NA
12	623	to	1	NA
12	624	the	1	NA
12	625	north.	2	NA
12	626	Nearly	1	It
12	627	twenty-five	3	It
12	628	years	1	It
12	629	before,	2	NA
12	630	Captain	1	NA
12	631	John	1	NA
12	632	Davis	1	NA
12	633	had	1	NA
12	634	noted,	2	NA
12	635	as	1	NA
12	636	he	1	NA
12	637	sailed	1	NA
12	638	near	1	NA
12	639	the	1	it,
12	640	Arctic	1	it,
12	641	Circle,	2	it,
12	642	"a	2	NA
12	643	very	1	NA
12	644	great	1	NA
12	645	gulf,	2	NA
12	646	the	1	it
12	647	water	1	it
12	648	whirling	2	NA
12	649	and	1	NA
12	650	roaring,	2	NA
12	651	as	1	NA
12	652	it	1	NA
12	653	were	1	NA
12	654	the	1	it."
12	655	meeting	1	it."
12	656	of	1	it."
12	657	tides."	2	it."
12	658	He	1	NA
12	659	named	1	NA
12	660	this	1	NA
12	661	opening,	2	NA
12	662	between	1	NA
12	663	Baffin	3	NA
12	664	Island	1	NA
12	665	and	1	NA
12	666	Labrador,	2	NA
12	667	the	1	NA
12	668	"Furious	3	NA
12	669	Overfall."	3	NA
12	670	(Later,	3	NA
12	671	it	1	NA
12	672	was	1	NA
12	673	to	1	NA
12	674	be	1	NA
12	675	called	1	NA
12	676	Hudson	1	NA
12	677	Strait.)	2	NA
12	678	In	1	NA
12	679	1602,	3	it,
12	680	George	1	NA
12	681	Waymouth,	3	NA
12	682	in	1	NA
12	683	the	1	NA
12	684	same	1	NA
12	685	little	1	NA
12	686	Discovery	1	NA
12	687	that	1	NA
12	688	Hudson	1	NA
12	689	now	1	NA
12	690	commanded,	2	NA
12	691	had	1	NA
12	692	sailed	1	NA
12	693	300	1	it
12	694	miles	1	it
12	695	up	1	NA
12	696	the	1	NA
12	697	strait	2	NA
12	698	before	1	NA
12	699	his	1	his
12	700	frightened	1	his
12	701	men	1	his
12	702	turned	1	NA
12	703	the	1	NA
12	704	ship	1	NA
12	705	back.	2	NA
12	706	Hudson	1	NA
12	707	now	1	NA
12	708	proposed	1	NA
12	709	to	1	NA
12	710	sail	1	NA
12	711	all	1	NA
12	712	the	1	NA
12	713	way	1	NA
12	714	through	1	NA
12	715	and	1	NA
12	716	test	1	NA
12	717	the	1	NA
12	718	seas	1	NA
12	719	beyond	1	NA
12	720	for	1	NA
12	721	the	1	it.
12	722	long-sought	4	it.
12	723	waterway.	3	it.
12	724	Even	1	NA
12	725	Hudson,	2	NA
12	726	experienced	1	NA
12	727	in	1	NA
12	728	Arctic	1	NA
12	729	sailing	1	NA
12	730	and	1	NA
12	731	determined	1	NA
12	732	as	1	NA
12	733	he	1	NA
12	734	was,	2	NA
12	735	must	1	NA
12	736	have	1	NA
12	737	had	1	NA
12	738	qualms	2	them
12	739	as	1	NA
12	740	he	1	NA
12	741	slid	1	NA
12	742	down	1	NA
12	743	the	1	NA
12	744	Thames.	2	NA
12	745	Ahead	1	NA
12	746	were	1	NA
12	747	perilous,	2	NA
12	748	ice-filled	3	NA
12	749	waters.	2	NA
12	750	On	1	NA
12	751	previous	1	them,
12	752	voyages,	3	them,
12	753	it	1	NA
12	754	had	1	NA
12	755	been	1	NA
12	756	in	1	NA
12	757	precisely	1	NA
12	758	such	1	NA
12	759	dangerous	1	NA
12	760	situations	1	NA
12	761	that	1	NA
12	762	he	1	NA
12	763	had	1	NA
12	764	failed	1	NA
12	765	as	1	NA
12	766	a	1	he
12	767	leader	1	he
12	768	and	1	NA
12	769	captain.	2	NA
