11.20878020
3.20039949
10.50744349
4.10583776
1.42578125
8.31839872
0.21602511
0.27343750
16.57128906
11.48298759
3.96777095
0.65763990
3.40384918
4.87958999
4.40210771
2.30334442
1.57335148
7.52861812
3.37500000
5.19185394
3.28515625
1.49316406
3.91601562
3.50874225
5.70219525
5.86718750
13.64013298
4.18636234
2.44075687
18.05257203
4.37455231
3.41210938
8.74117035
12.63281250
2.32617188
13.57287567
6.50378325
6.17110261
1.82841035
13.74913897
4.87061170
13.74039672
4.69278369
4.29863142
5.15055297
8.34554078
2.09570312
6.21439606
1.92053192
0.02284791
1.53710938
8.73437500
3.36660496
2.32113918
20.89692958
1.28271609
6.16312777
1.65970856
6.71740692
3.13655640
9.31250000
0.95161832
6.47367464
2.27343750
5.03685838
0.47583693
0.32495117
0.10367393
0.70951324
14.39082855
0.50467926
7.37500000
1.11328125
7.87845856
6.57076019
3.25435394
9.22823028
2.74421899
4.35115913
0.96846465
2.39091035
1.62402344
10.14741911
2.90763243
0.72973820
11.08337433
1.73620263
3.63843085
5.36462433
1.21830231
4.53560394
5.58398438
2.44877106
2.55513519
9.50935727
25.68160128
0.26456508
6.96598515
7.62500000
0.47412109
4.64485594
11.13789949
3.47105220
10.43536014
14.09899933
3.57902039
10.77254211
4.49654144
0.92574066
10.74462766
1.48095828
9.92927416
2.29142896
5.81400543
5.77779144
4.11618042
7.00000000
1.24047789
5.98315492
1.30175781
5.36360594
2.46647218
9.11425781
5.22265625
6.08763963
0.02124709
2.22771469
3.23145279
4.26761747
3.12496066
8.07812500
7.45703125
2.41422485
6.01558068
2.48816323
4.26171875
11.24540160
8.49148383
3.08452570
7.41406250
8.67126465
0.23083496
0.17174554
4.03125000
3.32812500
2.64514129
1.27282746
4.61706450
3.59313996
2.78198304
5.87219083
3.11173648
48.60233489
2.94258699
1.17036957
2.69352172
14.80431101
12.93104055
2.80122894
3.13956726
5.82678192
1.11950715
15.48014157
9.43249667
0.47696961
3.76783855
4.17417774
6.98953569
1.40544326
3.10201019
2.92578125
9.08584885
4.69841201
0.06705750
9.94176530
11.13622922
3.41337876
2.45527981
8.27893284
0.90429688
5.69563221
16.04114361
6.94486481
4.79207336
8.90250610
5.51607269
3.47342864
0.99206574
0.20861910
3.12361259
9.12638741
4.94535309
2.84719609
1.28659297
4.63582336
10.24318720
12.58916998
5.95613586
3.45125056
12.27714206
9.48103945
3.65889434
3.33308899
9.99397828
2.60546875
0.16638215
6.67035088
2.90130097
7.65584663
0.06880676
0.53316254
16.31685394
0.51269531
15.58544299
6.09282025
8.21256095
9.97693151
4.86128878
5.77734375
2.63521332
7.04254544
7.41871675
6.53132868
4.35762854
6.35156748
8.91760970
5.34200354
1.31693512
1.48234070
14.77343750
6.04296875
0.44453949
0.49369293
1.42443817
2.66149933
8.18225067
9.85335328
5.77083001
1.91426917
11.09240692
5.80603058
2.19576019
1.33947723
1.45153840
12.09720856
3.94771332
14.41497284
6.04157137
14.40717975
1.85548869
3.12621510
11.75855053
7.45524047
10.82902039
11.45448791
10.02270196
5.33944038
1.58736176
5.75781250
1.55301723
0.45821324
4.57812500
1.46004211
1.87621759
12.50293218
13.42712254
3.53032025
10.10099180
2.38533632
2.96919769
1.61478668
5.26082336
9.73681516
4.27579898
4.92622894
1.95125305
18.18269836
6.12198914
0.62036133
2.10636414
9.57332336
2.80708832
1.29048676
3.48783356
3.39302582
9.85502106
9.46170989
4.72623781
5.53861481
0.08479828
3.11869293
3.08894348
3.58223294
11.06790670
3.93376108
4.68172429
7.09375000
7.42578125
2.70357269
8.68045989
6.68237367
4.22086547
3.05106660
4.38630541
10.89885084
5.09240692
6.46573914
5.47701019
1.57910156
7.35502106
1.96524120
7.18527149
10.68302305
2.05586824
11.80212433
17.16467254
12.97656250
0.26721223
0.97212738
4.76704677
2.37854222
9.17061060
10.55249335
3.71919769
4.09541778
3.81880707
6.39684841
10.43685062
10.25686282
7.11199246
3.78076296
5.37410461
13.44710328
8.86718750
4.32031250
2.19291168
2.28023161
3.22562777
4.02978391
1.70633350
5.25529366
4.84245124
4.88537567
1.62483765
28.33699524
6.33280364
0.79113863
6.49609375
7.07482879
1.92321559
1.11133062
10.81640625
3.42285156
2.38041168
3.92232269
10.39396055
4.74275820
9.67879211
4.08638519
11.69946258
2.51021332
0.69763215
6.73046875
3.95966936
3.80754100
3.63834718
1.30790254
2.13326019
7.07332336
0.15026887
8.78816711
1.17179383
1.01497064
1.16959968
11.28125000
7.57332336
2.15648355
7.37468528
1.12756317
1.26403840
8.73002106
1.73412151
5.02530447
14.74838652
0.00845856
0.41918945
6.75166778
9.16585328
3.37935394
2.94140625
0.51171875
2.44531250
2.56717864
9.50704011
0.24499512
12.00345856
6.81197113
8.58158356
5.57076019
0.05590820
0.86279297
2.69038225
4.25777814
2.88850953
10.32377106
0.14331055
8.40771103
0.22733520
10.21708222
5.16308594
7.01204344
3.49727449
2.00826019
6.31640625
12.65625000
0.15734863
2.27298981
11.65006095
43.82605385
1.28096465
6.76875886
6.97656250
0.01151276
1.26367188
7.72318512
3.78710938
12.07812500
42.58829649
3.14510195
10.11975067
26.00321473
2.69620789
24.39817600
5.40773158
5.78771942
2.31022218
1.40136719
9.78153037
6.13688608
7.14453125
2.65730649
11.36835827
2.99097739
4.57466644
1.13085938
4.69140625
0.68827052
0.20821386
0.52343750
11.31250000
8.21114333
11.28340979
2.57829233
5.03906250
8.26450592
3.33638519
5.67296086
2.70651484
17.86698332
6.77266511
1.52298981
4.25870789
5.28169769
1.17675781
0.28637695
7.06205231
3.45507812
3.73091644
2.16902649
4.07511414
1.70711242
0.80460633
0.59228516
4.61104278
2.76786347
4.68750000
9.72424098
8.91959843
11.83593750
2.31509399
4.78515625
2.19966644
0.06427002
0.09344482
22.87577301
4.58593750
0.79536957
0.70361328
0.39178436
3.84480774
11.24112727
7.07758093
2.85396332
7.70267731
7.56542969
1.52294797
4.05224734
1.30687791
3.87374556
7.49552305
2.20760195
2.75195312
2.74953943
14.08392065
4.28304078
1.70576965
3.90323914
2.04492188
4.20703125
12.73351397
8.52213874
9.85974401
7.11763519
5.49632979
6.17464388
2.18990082
5.50736481
5.15657469
2.83215425
3.19839706
5.50978971
9.02031360
7.49478502
5.07552748
1.84179688
3.90722656
5.50495900
0.04045116
5.53275543
8.02453458
8.58260195
1.44372590
17.00301086
6.29431183
8.30122894
5.65625000
4.77778895
9.15433995
4.14107269
0.15539551
13.97853851
1.01757812
1.27832031
3.23086714
17.68782718
4.29838541
13.57837101
8.49320465
2.30859375
0.05167664
1.39453125
4.50715606
0.25236023
2.50829954
0.24996066
0.56168578
2.25589373
2.53617963
2.28588929
7.60892731
8.40791778
19.42358461
0.18493652
1.68261719
2.65234375
0.59337912
4.17204233
16.18663897
6.62752881
5.80948914
1.65368683
1.15429688
7.64843750
1.00826019
3.87695312
2.27164672
10.08683289
0.87007660
1.31445312
2.27193207
0.02694183
2.69576019
1.96101618
2.57999944
1.43945312
4.03153379
3.16373781
2.95646055
3.11958832
1.73555574
10.67162899
7.26375554
0.09326172
2.54882812
4.87890625
9.28470856
12.58711326
16.28950521
5.45094612
3.56437195
10.11051578
8.71785461
3.68253601
1.96289062
6.12186614
10.51082336
3.81534353
3.97774822
0.86718750
6.85367797
2.19710328
3.19603558
1.43677692
6.01716977
1.35160184
3.23279089
2.79882812
0.02442932
2.05675491
3.53915115
4.31111259
1.59692819
8.56685394
6.52734375
4.44921875
0.17903563
0.43115297
0.01993836
1.15591409
4.92713430
2.80122894
2.20703125
0.00218391
0.04110718
1.35249380
9.18376108
7.27441406
7.14062500
0.54056793
5.69208999
3.80835771
8.91752106
6.46484375
1.82726438
1.40081393
10.25000000
2.41608683
1.45207723
2.24686614
0.09346590
20.82179550
7.32138519
5.11756150
2.06205231
4.95043883
13.84208222
1.49894226
0.91308594
2.58215332
0.73742645
1.44372590
8.97656250
12.77447966
1.06916985
8.73140846
6.57812500
6.69941047
9.87879321
0.32658148
2.06640625
10.39582752
3.55196697
5.48168883
11.42110261
0.36482664
0.26692750
12.23181183
0.07539887
2.24369293
17.45133422
10.03739472
1.02563290
4.96028812
1.66007508
6.59517177
4.16174534
3.18184231
9.97334995
6.15673828
0.15380859
4.99173981
4.37731716
1.16414616
21.36201965
0.52543121
5.00826019
1.82592400
5.64005928
2.98347961
6.25390625
2.77193207
7.24609375
8.74218750
0.68306488
5.75577571
2.85164616
8.84720856
35.64288786
7.48646608
1.84863281
13.49129211
13.32031250
4.62356827
21.42798537
10.08414797
1.95690825
2.10213320
2.32812500
2.42773438
3.38431793
0.41137695
0.64990234
6.42879211
1.46428135
4.63062832
8.01216644
10.32902039
0.10620117
0.28637695
2.49759918
1.75240082
1.47403494
0.74388963
10.30709330
4.84310062
1.47212738
11.17187500
0.75785309
0.38033051
8.99848959
2.33805795
0.23010285
4.21500397
9.19262633
6.71874003
0.62431876
2.43404144
5.73876330
4.75733045
2.87906860
1.17638381
6.41370345
1.00321504
7.18538453
4.85591644
9.64159907
3.28344913
17.92456117
4.30859375
3.17578125
7.97216797
18.78125000
1.11523438
10.65612700
7.74967531
7.43359375
2.04463653
4.59163453
1.20109070
6.26517731
2.63085938
7.39453125
1.42301391
0.05796357
1.03808594
7.15091949
3.41145376
5.87198914
2.67354776
8.12500000
1.57324219
3.34720856
10.00589872
2.98364196
4.34879765
2.44531250
3.36152981
0.30497410
0.33959961
0.35527611
1.97374647
1.57878435
2.32234431
5.84411901
0.06909180
7.12890625
6.97867797
0.27889039
10.42187500
7.56961880
3.94405308
2.87500000
0.00702286
11.14037899
3.51253297
5.97164035
1.01643797
1.54166750
2.61568207
12.03702571
2.52404754
0.96146886
8.03214539
5.19929743
4.27636968
3.45792664
0.67484527
4.69185394
8.71093750
2.44291168
3.74414062
24.11193817
0.50418786
12.24959663
0.94527191
3.88959664
10.61950466
10.25428523
11.10245789
3.51110871
9.59285461
3.97896332
1.14213043
10.47643950
1.13676058
8.96296432
2.34127548
4.53637633
2.68672761
7.91361481
7.65970856
2.76969360
4.85196587
2.76115303
4.76997894
11.52661071
6.68663897
2.92151595
7.34090149
9.02014191
0.53271484
0.49925995
2.90710107
2.17313940
2.22640015
5.72163786
3.74471132
5.77734375
7.46138519
0.54248047
3.00256067
3.40572362
6.55590758
0.83964082
3.40596465
4.80391511
0.36885590
9.04687500
0.52197266
2.18342144
4.67790669
6.93757868
1.45162206
5.16796875
0.11739105
11.14843750
2.79838043
4.27555297
0.10563203
4.66279311
14.87988032
8.17590862
13.17428080
1.23970551
1.29935699
4.67968750
1.35005707
2.48307250
50.01306183
6.64888519
5.24519836
8.77091492
6.15791778
4.46048981
0.87725892
10.25874225
12.41044658
9.87243683
3.31335480
3.28542665
2.15630429
4.62500000
7.90205840
12.39510195
7.63236481
4.36221853
15.98230385
8.27356050
3.58398438
0.93839539
1.12650543
1.82055602
8.17366578
3.02884918
0.19384797
4.73335661
2.13505097
8.04956117
2.24971465
4.32076019
25.22366094
13.23304188
3.94356604
0.58691406
1.86515320
12.15970856
1.12011719
0.60640473
2.94982879
2.54191101
9.28291778
6.74096742
7.72871731
4.69409242
2.99820922
0.37854097
2.38505097
1.62975981
2.01440492
6.40804078
3.84692321
11.78588431
8.48409463
1.28890015
5.34256428
5.39482158
6.66015625
9.56237700
13.80066011
9.20646055
18.80573527
7.04656028
1.14587433
9.96004211
3.87694814
0.88460826
3.74804688
1.13094055
1.41954912
9.68400709
9.95335378
3.99984264
6.80757536
4.02836214
2.91601562
5.30769836
8.72387633
5.94620789
6.29341644
1.67346160
3.20475343
10.29642481
4.00236148
6.51273714
6.07076019
4.27298981
1.61861176
5.56905059
4.21272828
2.25240082
5.69620789
1.82865387
6.21529144
2.65436932
6.02820478
12.15393284
0.18172211
0.12697326
11.52779144
13.90523161
0.66499972
0.58646637
6.85196587
9.15405585
2.69319703
3.29357879
1.76155640
6.89863919
1.34558261
14.59317930
5.08561281
1.95507812
5.87365692
13.32991578
5.80558289
5.63582336
6.89152039
2.90844415
3.77816046
5.26505430
1.66975330
4.83118018
6.71781776
4.06941711
1.33736176
15.44877106
7.63134641
1.15372867
5.72957336
7.69881164
2.23620263
1.51994210
9.95658356
3.22753906
2.33654754
14.83133755
2.35555241
7.77856383
2.41390015
11.91800934
3.54719969
1.21728640
4.54060478
3.84936835
2.03995789
4.69832336
4.03092531
0.31083160
9.16406250
1.14497894
1.32600704
0.72623906
11.14843750
0.96687556
2.53693706
8.80628656
1.99609375
3.68208832
9.04854278
5.36962268
4.06458111
3.21842531
6.45658356
3.28515625
7.75708908
0.13749176
1.36177582
4.73828125
8.13134641
8.07133089
6.04719969
0.40108246
3.47428468
17.73437500
2.11254821
7.49645778
13.28943151
30.12115249
3.65619126
1.14453125
12.26952128
5.91016622
8.05468750
2.23351895
3.00654810
2.41048592
12.56941711
1.50052887
3.93237367
9.30468750
17.92329427
16.35066711
2.52193705
7.67622894
9.26106750
3.81737035
2.87838984
33.67573693
5.72615913
1.83841949
3.28259308
11.53906250
1.38529449
0.80810547
5.96919769
1.86523438
4.53470856
6.46350067
1.97249390
1.21191406
2.39168274
1.62882508
7.03125000
17.72438101
8.30440713
4.14709442
4.05257203
2.31986481
5.25585938
11.17898383
0.58468805
5.96236176
1.99804688
6.92187500
0.18693023
5.87109375
8.34720856
1.12394226
3.62650543
2.42232269
9.46699358
0.83431654
4.83665808
8.47179522
3.73895057
0.93697113
1.83007812
2.25044769
8.77464761
8.39596298
3.35014073
14.55301972
1.57346725
3.31835938
0.03020233
1.67968750
5.18776428
0.16337098
1.19734306
0.44084053
0.53171783
1.33410489
0.79874820
2.68448914
6.78080231
9.30289672
5.08817597
0.19226074
1.09720856
3.17036957
0.48046875
0.95835004
7.92733599
16.96088321
4.81344968
8.26127106
4.39017731
9.43404144
10.98437500
2.01607269
1.05566406
3.05468750
0.03568756
5.84810394
6.86258755
2.19059452
1.65136719
1.31403979
2.82267896
1.36124446
1.00354222
4.11283356
2.29536957
11.69877106
8.20402039
0.06695557
2.05468750
5.03125000
3.82377106
2.11055325
3.40286514
3.84233346
2.91308594
40.16719636
6.04207336
3.33097351
1.90625000
5.11840758
8.57120789
6.03995789
2.46716091
0.63973210
8.42187500
2.21529144
3.34765625
0.11935362
0.36161347
0.01199860
1.16506418
4.76396719
2.27929688
1.28125000
0.00272751
0.03631592
1.11990076
8.83044714
7.39453125
6.66796875
0.55961090
4.98485705
3.79684064
9.03125000
6.64453125
1.92532649
1.32671819
6.25390625
6.64017731
0.05537934
0.41670559
8.07478945
5.96183289
4.08382203
25.30702655
7.75978058
4.11381635
1.91503906
4.45133422
14.05558289
1.35050476
0.62451172
4.39612823
0.73832184
0.67228211
5.66406250
10.57480865
0.48555200
2.21850897
4.63671875
2.46824178
11.22222849
0.03212494
3.15625000
5.84207724
2.98995401
2.53442321
3.31038453
0.83496094
11.07120789
0.12286377
1.74812805
10.23872894
2.55904144
0.02427917
2.00240082
1.36914062
0.79784907
4.72469304
1.29154449
7.88415558
7.32617188
0.05978394
4.72656250
0.82958984
0.29467773
0.04406738
0.18017578
8.18065721
0.74388963
17.58936170
4.03263243
12.14778812
0.01250458
3.09179688
50.10505541
17.80196697
13.24234367
7.33227726
7.34887633
10.07633422
2.27685671
2.83414174
6.69682291
2.17952515
7.24609375
8.35502106
1.89310201
4.43005901
16.45365138
2.78658300
8.86699899
14.81761191
0.96773285
7.00105275
1.70357768
7.38102172
1.14384004
1.16963653
2.58036347
1.46988891
6.22790558
7.90702239
5.48360261
0.05135102
1.49023438
6.48258422
9.35335328
7.68660461
9.63883422
0.52417054
5.99173981
2.90869141
3.73872894
11.58593750
0.40897613
2.12544769
9.88281250
7.84330231
2.30122894
7.46093750
0.52587891
2.21117105
0.84111563
9.87136415
2.80095855
4.34248310
1.95536846
6.83760528
8.79520722
0.02529907
6.13692044
2.68294437
10.10591644
14.65625000
5.86718750
19.06809398
6.27112034
11.94877106
2.21138519
9.55033356
0.02928681
14.15625000
2.14953458
2.83093417
5.46093750
0.94482422
6.04296875
0.26367188
1.40039062
1.83886719
0.29833984
1.69978073
4.65812943
0.04675293
3.95263298
0.25683968
1.92968750
5.34887477
56.47233156
9.87789035
11.85912899
5.53873781
10.06697695
2.21048981
0.79829926
1.18286071
1.52567597
4.85201019
9.15010528
1.69079621
12.19816101
10.48002106
1.16255707
5.86193817
0.09244812
5.61795989
0.35294679
2.68945312
1.63553863
3.53365082
11.04329344
1.44078375
0.31881953
2.14933289
10.48189238
25.74763852
1.34436253
10.21875000
4.14184409
5.45357269
0.02610779
0.35424805
7.18660461
9.29777039
4.23213653
0.24369355
5.82820368
2.16808802
14.62113807
2.87719913
1.15234375
3.30468750
0.57092254
10.93493683
0.31054688
8.00781250
0.04379272
2.60176419
0.93729831
2.58426474
4.75696143
3.14270113
3.10038176
2.83170656
10.20173759
2.92716866
4.28906250
1.44651275
1.93261719
4.26607269
1.27050781
0.01556396
2.52929688
1.96289062
0.55790129
2.11274117
0.25318567
1.04593715
9.75602172
1.52360265
2.71130153
0.96936253
0.12878418
7.01517731
1.07319599
0.45190990
2.03906250
10.78381317
4.21081450
4.68896609
0.01045990
1.80492479
5.33769392
4.12154144
1.04943692
2.59265292
4.68750000
1.54882812
3.41019559
10.66508089
7.16700571
4.27161236
0.65234375
1.79101562
1.06078790
0.14721991
4.64062500
1.39798981
5.49665242
1.93640292
0.00438309
4.09875902
7.21138075
1.05183899
5.77132203
0.31372070
5.00000000
0.05352783
0.03558350
3.93948748
1.09078596
5.55077751
10.18799202
5.21875000
0.83398438
4.47656250
11.89754211
6.34073914
3.77884918
0.23115996
1.01395722
5.61763519
4.30859375
3.86694149
2.22485538
14.57722961
7.28214539
5.80468750
6.51325355
5.77580895
10.96875000
6.64228779
3.63611369
22.91602379
3.83829898
5.09952428
4.22758089
3.57287567
4.90368683
3.41247341
6.92737034
7.50000000
2.32572418
9.95747894
3.43017454
5.84476839
6.04073028
3.58475676
3.33589816
3.88476562
2.92773438
9.56941711
0.77827973
4.29341644
5.41662567
2.88610871
0.11924225
0.06233734
4.15580231
4.63960661
7.77685671
2.66015625
2.52326332
47.41643395
4.00166778
3.60876496
0.53955078
1.39331135
7.52311281
2.01953125
2.17952017
3.89034463
10.04341644
1.46972656
2.44726562
0.37434875
7.96573914
4.83984375
2.61824524
-0.00276672
4.63671875
4.22611481
0.99755859
10.72724624
6.94853501
1.00630707
5.51037567
28.76187303
1.54736453
1.08936875
3.67888076
6.37320922
5.57600953
1.96093750
4.58894836
0.39860047
1.70312500
4.41584830
1.78292276
11.98872894
0.51904297
0.14221191
0.02467346
5.87064606
5.60029810
3.72046210
7.78861481
0.09686279
3.73965869
4.42831006
1.93069842
7.67965314
0.16682953
6.01171875
0.09490967
3.84916168
0.15791840
12.23851729
2.40947251
7.56685394
7.93314606
0.02873230
2.90470025
8.28520057
5.68750000
0.79258147
2.14766511
5.45222961
3.02042664
7.60111481
11.19531250
0.11199951
2.25195312
1.07173676
2.96154754
8.77571667
1.92427582
2.32197778
1.86214483
14.00698378
8.30517952
1.04785156
0.19360352
0.71624631
1.89404421
8.23002106
0.87841797
1.12268035
15.92854610
2.66325077
0.72786500
0.17150879
5.50650024
0.18375610
13.15022828
6.55468750
9.04162567
5.80558289
5.03951019
10.59724603
1.97916999
3.23166673
10.62243683
2.48046875
2.92142731
4.49263519
1.76269531
7.72733489
10.78829011
1.49511719
0.02415466
3.76110373
1.57678690
2.37695312
0.29614258
0.22473145
6.43750000
4.62500000
13.42479701
9.10692986
2.27730939
5.06213099
5.50773382
0.33980316
0.50589996
5.27388519
0.33524566
-0.00442367
1.12500000
0.71451781
3.24007203
0.00495148
0.01884460
0.03839111
0.01596069
0.00670242
2.93507758
7.17019281
0.14355469
3.39257812
1.64213935
26.63127770
8.15279144
4.77689606
1.14204926
3.42012356
1.42582308
5.04911347
0.46997070
0.89196207
3.91072695
9.31250000
10.60156250
8.82031250
0.30615234
3.48514739
3.74977693
0.90576172
1.55521637
5.36807292
4.51083333
11.29687500
2.29296875
4.76021332
3.19335938
8.24218750
8.80635528
32.02542997
16.69703746
3.49353058
3.63476562
4.41181842
5.46257092
10.64717310
0.65104499
3.45784298
2.64266179
1.88476562
0.35404449
0.04909271
7.12500000
1.25234818
2.30948914
0.21594238
1.37947197
0.43693428
5.75000000
5.99475067
4.25557403
5.71061281
0.02009583
3.11325415
7.48012964
21.90010528
2.07210328
10.77779144
4.12686986
3.64404421
9.66625665
8.92622894
13.27823914
2.33874845
3.37935394
5.10546875
8.98437500
3.73018340
3.63700410
0.98632812
14.80814606
0.14074707
2.62280087
3.60838099
5.23996896
2.89453125
1.19359915
9.16724069
6.17578125
8.07298793
6.63183843
3.59398417
5.97314827
2.69633588
2.77148438
10.75691711
1.17053192
3.56660794
1.77006261
10.99535572
3.07198526
2.89750277
13.49218750
0.07725006
12.04687500
5.11283356
0.92618836
1.57812500
11.58869238
6.27551861
4.35631982
5.43181294
3.92488586
9.65988450
7.80986114
4.89542664
1.53111101
11.83919935
0.74609375
4.40669769
2.75105774
6.84029144
5.93602394
3.79053856
10.89062500
11.05725067
0.34529664
3.48498504
2.85672817
2.34969304
11.40625000
2.69518950
1.08020113
0.14208984
0.70397669
5.05070257
0.17610687
1.42390930
4.90290448
3.54720966
9.08608489
8.53500886
2.28160866
6.14330891
1.87101258
9.62845856
1.18634107
4.42928413
0.03874726
0.13879395
0.08538818
0.00875854
5.57320036
0.31303011
2.35477505
1.56156340
7.49678745
10.46016511
4.14595052
4.24968912
2.10921265
11.39139739
4.26480335
14.08862367
0.31925290
5.94075687
0.25406891
5.79296875
8.72542110
1.81213597
1.32181793
2.65026762
4.37557070
3.89798731
8.73205784
5.92366578
1.10599762
2.06746399
5.94531250
2.85441101
2.82656925
12.13806183
4.37935394
7.89363586
1.15714539
4.85066711
0.44405121
1.54291695
6.92245567
6.63326019
4.69921875
13.46875000
2.59439938
1.16930965
11.13424018
5.79771260
9.39241578
6.86417664
11.13627106
3.06294769
6.78426086
2.36588064
4.39994791
4.77184841
2.73836491
0.28857422
10.16316711
7.00963764
6.66313275
10.24910461
4.85636414
4.27298981
4.66406250
1.03027344
3.78666168
2.30948914
0.56347656
5.10871316
29.75570700
2.77132203
5.16361481
3.12215149
8.38972961
4.03548094
4.53572695
4.45011414
3.29882812
0.37695312
9.50589872
6.85738253
4.21439606
4.57466644
0.81298828
5.79715537
6.59257424
12.78906250
11.50435394
8.90824247
2.30721132
6.13850953
1.46004211
2.63252715
14.61441767
12.43005651
5.92321808
3.70056183
9.17305076
2.26685006
3.74458832
7.30423981
7.27038232
0.70662788
2.10912650
8.32405142
5.19475177
3.62605774
0.95959442
5.88505097
1.17652384
0.33293661
3.49084442
6.62625444
6.71090314
12.99426363
7.00948028
10.08772828
4.72733489
27.25011304
7.92220966
10.94685727
8.07613141
21.93889239
1.29868773
3.66044160
4.24218750
4.20198360
0.69104222
2.47656250
0.20290037
0.65490785
10.74739251
19.65360815
0.07706726
3.73070978
1.82308233
3.12866216
3.67952515
2.47115082
3.79492188
4.79162567
0.43290191
2.85140015
12.54162567
1.10974152
9.28616468
6.56149157
13.10591644
0.30082184
10.34810394
5.33113586
0.22591156
4.13236481
6.59887633
10.67545656
0.04079681
7.12926530
12.46676003
18.41650702
3.29972351
2.74955231
2.75870789
4.44486481
0.91210938
0.99165863
11.42533356
6.49129211
7.41060394
0.64257812
0.42838562
5.48376247
17.56254277
5.67622894
0.70267731
2.16992188
0.83878477
5.62557070
1.44673676
7.47932735
4.96944370
16.78816711
2.20853668
6.83683289
0.29728211
0.22167969
1.16210938
5.12109375
1.35644531
8.69420058
0.15779477
10.05635528
5.81083222
2.25012300
5.18583222
15.73693817
1.32625305
1.42704316
2.98437500
52.92255874
18.60856826
11.61896458
2.77083499
2.18359375
7.86629211
0.98335785
0.61429435
11.33822030
0.93208832
7.44994681
1.74341256
1.81152344
2.00133436
16.24105607
1.41923066
10.55033356
1.45397856
2.48885195
1.30965149
2.08097351
5.03983489
4.93672761
3.98242188
4.85746122
4.21285128
8.63614805
0.25179140
7.86482104
4.46436170
2.62154144
5.07076019
4.33459442
1.53995789
1.98652483
0.71314162
4.30065077
2.77259142
3.59887633
5.45043883
6.71916410
5.09297761
2.90820312
9.73437500
9.99104610
4.55192265
3.56640625
4.12109375
0.68115234
2.52148438
2.52103668
0.42867035
1.34638375
6.11040336
2.51562500
2.14098342
33.90430186
5.39538855
7.57966977
5.88517398
0.37719727
4.65580231
8.74540005
2.97050144
16.99255153
10.69987218
1.71988891
3.12723847
2.30033356
2.35201019
8.97566711
0.05611176
5.63313719
0.31945894
2.41406250
8.14318848
6.61494903
0.23832246
0.10107422
2.34375000
4.58024047
1.43537145
0.40308926
1.96830231
25.66625665
2.07788397
10.52779144
5.92000440
5.57690492
7.72599180
2.42732446
9.11063940
1.64998476
1.37890625
3.97957336
2.17862976
13.61706450
1.15149019
4.09753325
1.04760804
2.33093168
2.07678192
2.67077792
5.86030475
1.43852338
3.14648438
2.18051023
2.10258089
10.69966644
3.58699524
1.27726258
0.84159270
2.91176724
0.34429631
1.18391719
8.72912567
1.64262120
2.39111204
0.75927859
0.26416016
6.58203125
1.41881483
0.31458361
2.85742188
9.82722961
3.49389462
1.66911015
2.87695312
1.14347102
5.76330784
3.61177582
1.28511442
3.11625277
4.62455231
1.66353363
4.08776762
11.22924867
9.20342457
4.58593750
4.86027039
2.50842254
2.23811890
3.20312500
6.39062500
1.56306821
0.10758609
6.27343750
0.49072266
0.82686309
2.11942597
0.00576401
4.17787978
4.63081559
0.75537109
7.80122894
2.58789062
0.05996704
0.29007965
0.03725189
4.23131483
0.98059923
4.86531243
4.90002659
7.45023714
1.81347656
11.75345856
2.48482269
7.23754821
5.27958222
4.44185394
0.20336852
1.54663148
4.26171875
4.98437500
3.64428524
2.64673038
7.89017731
2.42476286
2.40185671
1.05078125
4.21093750
7.90701242
3.13986258
6.27343750
5.97460190
4.28825576
23.80965414
4.78304078
4.88664878
4.29520722
3.68045989
4.85079011
3.59875333
7.27579898
7.58984375
2.56640625
11.14888519
2.76940825
4.61686281
6.16361481
4.29028258
3.17545656
3.45117188
4.69877106
0.01196808
7.47464872
1.33296847
5.08158356
4.69832336
2.79431183
0.09842926
0.05891937
3.43257536
3.33394005
7.20809397
2.73828125
1.62063577
7.68885305
12.43404144
11.65100067
4.59073914
2.32153258
6.81954011
5.57678192
0.10522492
3.76147274
2.01782413
3.33817535
2.48286957
2.95898438
1.01562500
2.70117188
0.75509613
0.25630832
0.27876801
1.31590706
8.71497672
1.96972656
4.76659907
1.35766788
7.59448304
3.13281250
4.72611481
5.89888519
1.18945312
0.44746638
3.40572362
0.83345551
5.33939606
0.04442353
3.82047485
0.14058473
12.30101729
3.54663896
6.03515625
7.38671875
0.04324341
3.99759918
11.63281250
2.81490082
0.99694731
1.85168550
5.31205231
0.58105469
1.06400543
8.57902039
3.23242188
0.01577759
0.15625000
7.14202881
0.24055938
9.31083222
3.95267731
3.35038176
3.38639406
11.66605841
4.23872894
3.83833832
1.21777344
4.52665005
1.41768589
2.70117188
5.47912567
2.66735871
5.03906250
0.08557129
6.40653037
2.17745401
3.59179688
0.29882812
0.11553955
1.42871094
0.39685027
10.95056183
0.24035645
0.02976990
3.28515625
20.10904533
46.79915780
3.38146942
2.90714539
0.24430328
1.02042034
5.05916445
11.95658356
12.66752106
1.74173981
16.80277372
4.16642398
1.65376801
4.25826019
8.17968750
1.21537262
2.12711547
3.31456872
0.91503906
2.08984375
6.28486592
5.13700908
32.40132536
2.28617464
15.56685938
6.09025709
3.50301086
1.59472656
4.77722075
2.60302859
3.86914062
0.38354492
0.05944824
8.50781250
0.75935417
2.49458832
0.18334961
0.92838376
0.33968265
6.58203125
4.52990692
3.73091644
5.60245789
0.01144409
3.22478489
3.12779476
6.05334442
9.77522828
1.89746094
1.84667969
9.58593750
3.45032344
7.37548454
11.17554022
2.87946826
3.64648438
5.92968750
0.25480133
5.82076019
3.11636769
6.08093417
2.96421928
3.47668052
1.71957169
10.06237700
0.19881289
4.78035461
3.56250000
5.95658356
2.92862976
9.46960107
5.76131538
0.58935547
3.00976562
1.37695312
3.76448360
10.02604001
3.90336214
4.78853612
3.17187500
6.80257045
2.03214539
0.99910881
11.39059064
0.60693359
4.38671875
3.38627106
5.31250000
7.21175623
0.92187500
9.57812500
1.53628673
3.58443705
0.02098603
0.09684234
0.17659516
0.01454163
6.13614805
0.30574648
2.47045712
1.22005281
9.10323028
7.33138187
7.00992797
5.88415558
5.76774047
2.29911347
0.62357574
0.74279754
3.85353415
3.33321199
0.19104004
4.49609375
3.50000000
2.02978391
3.58154421
9.93225067
9.77420989
2.44775391
4.60815492
3.24007203
6.41796875
2.12109375
2.53816711
5.08504211
2.07946808
2.17849223
9.23962433
5.16060394
5.29252106
1.24458832
3.99039672
0.91097047
1.75918184
8.66590757
6.85982269
4.54687500
12.42187500
1.35213071
0.75260406
11.66624087
5.90660398
9.94274933
7.42622894
14.77600067
3.19274933
7.42142731
2.72350545
5.10396830
2.24055907
3.63578402
1.72753906
7.44486481
0.23140473
2.68916778
1.31197113
4.19319703
0.51757812
3.77257896
13.38367104
2.65791778
4.02567597
3.21484375
1.51464844
0.16271973
11.36848626
6.02995124
3.48197418
6.00826019
0.64257812
6.09520612
7.77979388
6.55232602
0.93025820
1.02251863
10.03282913
0.39775376
2.77058899
1.64534547
1.76859403
8.08186571
1.12731965
7.26236813
2.16664466
21.21131150
0.62759399
3.46093750
4.21919769
4.30802305
0.58309023
2.25195312
0.17126403
0.66154023
3.53661985
21.88232546
0.01971436
3.41857879
1.49597199
0.92112314
2.73917664
7.05122894
14.93660461
1.11275238
11.37581173
18.67590550
3.60742188
3.99609375
2.18164062
6.08158356
0.47163910
0.93705231
12.33056516
5.55810173
6.08443705
0.97220856
0.28926605
17.17443131
5.89327681
2.77591700
7.53747839
3.61328125
6.93225067
2.50915558
4.06350247
0.11592652
5.61328125
0.60351562
5.64408356
1.16019185
0.24455272
0.26287842
1.00545227
0.73136414
0.46875000
5.73437500
1.25834137
11.21093750
4.43404144
2.70898438
1.15763243
0.77010195
3.84972366
0.21415005
9.85962101
3.73693817
2.38024933
10.97477172
0.32336395
0.10673097
2.06791168
13.49458832
3.41210938
2.31009918
0.63985137
5.74442597
5.69531250
10.85937500
0.02940888
7.06009918
11.19966644
8.26562500
4.01623504
0.16430695
2.83805297
3.97200562
4.71875000
3.00976562
2.59570312
0.14135742
1.85013824
0.63000457
0.47794617
1.68730724
5.05864431
18.38627301
2.39584850
9.15495124
2.02148438
1.34232574
6.67956450
0.67049257
11.67789672
2.27868683
8.41060394
8.33939606
6.45747894
10.31839872
0.12300753
5.22651568
6.94438275
10.35937500
4.07721964
3.12199911
7.72607422
4.84468770
6.36910128
17.70312500
3.74173981
3.68269836
3.50329621
7.19095856
6.98046875
2.68990082
0.01538849
0.27221680
2.80704026
49.34188552
5.20991911
0.70707308
1.13183594
0.69776844
20.71025127
0.52038605
5.84332171
1.93988142
2.62304688
0.33939387
9.29109929
5.64228281
1.48857657
6.26171875
0.94189453
1.29748130
10.58386635
8.53971188
6.50325687
16.54223633
7.79783568
5.35815492
3.12695312
13.17585993
12.14791112
4.81685394
2.29101562
0.77033830
5.08378767
12.40625000
1.74575909
1.68197528
6.41756040
2.58545046
15.79451477
2.96077515
1.88386774
1.64790863
1.00097905
12.59195922
8.90262910
13.39843750
15.24218750
1.38268451
10.04504986
8.42007425
3.62199911
16.61706450
7.59716423
6.44682291
3.20898438
13.48347961
11.02481993
14.64961575
7.41097296
9.36502771
6.24870124
4.91796875
2.69156891
8.89497894
6.57722961
1.47607297
1.66109347
6.93310173
12.32828236
9.72510638
4.67789672
1.98014406
5.84810394
5.96369238
4.31621453
15.68883312
13.79585148
0.38911957
1.49759793
15.49112976
9.26664339
5.40657469
0.82487062
15.20312500
7.13537068
6.34180186
11.27779144
0.87007660
2.48677582
7.00301086
1.68172180
6.72790558
8.04618130
1.96793827
0.01027679
7.54058121
3.90979720
9.65344083
9.04849452
13.41860327
1.73164949
0.90022703
1.89526429
8.11193817
4.19710328
0.41772461
12.37845856
5.00826019
15.08247894
2.42040891
8.60908965
2.03495456
1.54076494
3.38322584
6.43404144
16.38268950
11.57645722
13.59554078
4.40580231
2.19771332
5.04642731
7.86718750
1.53640944
3.32052415
4.54687500
5.47220856
10.83165725
4.13815048
13.85502106
4.77436974
1.93994514
1.06534851
6.39152039
5.79207336
0.38875305
4.12288453
4.31205231
4.80411680
0.51961367
2.71004211
2.75345856
1.17492520
6.75622341
2.81298518
7.51208776
2.59000610
3.70882203
10.57031250
20.19966369
6.68827239
4.06954011
1.71777344
9.76472961
5.43103058
1.60359680
0.67488461
0.19270999
9.81888824
8.84227394
-0.02932625
6.83137938
7.12296570
3.75854554
10.12308622
14.16580904
6.81351839
0.70214844
7.32474513
0.08199316
4.38431793
1.34375000
5.65234375
6.97611481
3.64693207
0.53853363
3.82377106
4.16060394
4.83414672
4.10441101
13.14152039
6.49173981
2.07503048
6.95817265
2.68794769
2.07527649
0.85591644
2.24263519
10.06160461
13.64843750
7.35937500
1.50374266
12.68640168
2.69559785
8.72310394
0.10365814
1.28763824
2.30708832
10.10966363
41.23876829
6.20874335
2.84464539
4.97516387
19.92241633
3.24947362
10.19762966
2.16264073
7.67650931
1.40702737
6.78320312
5.28169769
4.67142731
10.03560394
2.43359375
0.35957731
1.82478945
11.99218750
2.94380707
1.55371094
13.25768950
7.57832669
1.91939550
1.69673676
4.39408356
1.49519836
2.56526485
3.19270999
6.16719636
3.41271942
2.44921875
2.50720246
3.43109930
5.27894281
1.99308289
6.45206228
6.34436502
8.34736623
6.41256205
9.22916002
6.10405135
15.71093750
5.38716644
0.05389404
5.02644836
0.69425009
0.62170877
2.23498504
1.47798676
7.27164672
0.75708070
8.10013077
10.71627548
0.02226257
4.62711547
1.52367977
10.41898714
6.08036410
7.30769836
20.60579344
6.28918550
2.28365082
12.63191711
7.86196255
8.69317264
0.14514160
11.47257009
5.96891733
3.10160184
1.73185886
9.33593750
6.95357269
6.82549726
1.70499695
1.75663051
8.45772495
10.41752106
1.47212738
1.15683990
1.24023438
5.12500000
2.86763519
14.62862090
0.04465791
1.36914062
5.72957336
10.30431849
1.96806128
1.60013824
11.35489805
5.22021360
4.45951573
12.38846521
15.45528479
3.22265625
16.84411590
1.56266235
2.34493074
3.06250000
11.63297485
8.04866578
0.42972809
7.90625000
6.90102759
1.17598543
7.46138519
5.02018063
0.21102054
4.46484375
2.53080231
1.40409270
2.56608156
11.34715080
1.45629821
0.25048890
0.57812500
1.62837364
8.02303413
2.07857269
9.65625000
9.35758422
4.87589539
6.82511414
3.23828125
8.69877106
4.60847961
2.04040558
8.74374634
3.61132812
3.11869293
3.61610733
3.11053634
3.68839539
4.18404144
3.28080231
1.40234375
13.25491966
3.41589760
5.87092209
1.02375970
4.55639960
5.74137079
5.80985815
2.39693207
6.58280364
3.09151153
6.72367464
9.82031250
11.85502106
0.16556824
7.09594415
0.26147772
6.02148681
1.17329926
1.60693359
14.95658356
0.17244477
0.59082031
12.73681516
6.54744570
7.11673981
5.62243683
0.00501251
1.75976562
8.44759690
17.43949745
5.50215979
18.51127106
1.45304383
5.56969748
2.40881815
1.86425781
11.05273438
13.50345856
1.96211762
6.24609375
8.27689606
15.72831207
3.54190478
28.46436170
6.19262633
4.41674867
4.16772274
2.90800144
6.60502106
1.58247894
11.26818817
6.09279420
6.03568512
4.28759641
5.04789339
0.99755859
9.60057846
3.09757599
10.76216644
6.47762024
2.26432126
8.75024601
2.85502106
27.59813830
1.70895002
2.04439052
11.25761081
5.72688719
1.33536929
1.28462738
7.01127106
0.13081879
7.56986481
8.45646055
0.55586824
2.88806183
3.48828125
4.70703125
4.22920435
0.11133124
7.05198139
2.20448802
4.35969969
2.02356050
6.16003325
4.84822695
7.43257536
0.22977816
6.25228622
5.71627548
4.87589539
7.15616820
1.69372590
2.08597809
4.02823914
11.97220856
0.40157074
12.76706784
7.82613253
7.24743683
5.52302416
2.62541334
7.99669881
7.36658244
13.35835661
3.36429964
1.20605469
15.73693817
6.63716644
6.66181946
0.43424500
9.96093750
0.75878906
15.83593750
6.32755430
3.05520889
15.07756865
3.75130374
7.35546875
11.00000000
2.76261414
3.07381040
2.00626773
27.84285461
14.02164672
6.57755430
7.90229943
1.39294963
6.84765625
9.40881317
1.84621953
3.12537898
5.36033277
7.21729388
5.61328125
8.45658356
4.32513853
1.54461214
1.83870484
8.26472961
13.91837335
0.21415005
9.85962101
3.73693817
2.38024933
10.97477172
0.32336395
0.10673097
2.06791168
12.98734154
2.60729887
2.84871897
2.55904144
3.95658356
1.15108184
6.23706117
6.34720856
3.48754821
2.35860261
11.57812500
6.35021942
0.67321808
1.11185699
6.72753657
2.61576573
5.33292664
1.40303496
5.74442597
2.55379211
1.07094112
20.19926254
2.57724312
9.34717420
3.14408356
4.32377106
0.46110047
12.77856383
2.36596742
8.15625000
8.90189606
4.37935394
15.07775599
0.51013464
4.82031001
8.49371081
4.34476839
6.27388519
7.59720856
2.74849457
2.94726562
11.61258755
1.80607242
6.93147828
2.81250000
4.41451019
10.88883422
1.66097047
7.17578125
5.58939606
0.91703277
0.58203125
7.72163786
11.04878878
0.03674316
2.43732769
0.49919575
7.16796875
0.14269957
1.03588929
1.19612111
47.91300975
7.72599180
0.71346132
1.02929688
2.03259277
15.72803710
0.60042359
4.33022053
1.97446697
2.22070312
0.35308589
8.90482823
5.89586437
1.50302083
3.30859375
4.50000000
2.18940818
10.20976174
9.90946255
0.69112339
2.94287109
1.74517622
4.01094636
0.45581055
13.09903369
0.65206338
3.74109042
11.33939606
1.48245374
1.23576739
3.74768035
1.93546570
5.51997894
2.54687500
0.98836242
0.23942078
11.96695922
9.44921875
4.75870789
3.47159851
1.25292969
0.16007477
0.47383637
3.23197418
1.07173676
12.12410461
3.50190382
10.59664782
10.11880098
3.03655363
17.65677638
4.97562279
4.94662123
4.44921875
8.21439606
11.73408965
3.71858765
4.30187833
3.16207003
8.03304078
4.59330231
0.35579344
7.42827562
3.57031250
4.09977172
4.60839844
8.31864472
1.24511719
2.63236481
0.24513764
1.21830231
3.67720551
4.10156250
10.39408356
1.07173676
12.27343750
7.85697418
6.49263519
6.57812500
7.02033799
9.54952681
4.61108336
3.51875886
5.88358489
9.84107080
0.94339996
0.78491149
21.13835570
4.44075687
7.85143950
1.40006593
6.72477172
3.16780640
0.49751801
5.62109375
2.14965758
5.85424867
7.90535461
0.86226410
9.23604278
3.98315492
1.09647053
2.44019115
8.72310394
17.52856383
1.71468140
8.08247894
0.40352387
5.36718750
0.21679688
3.27734375
3.65535461
8.47310394
0.66544025
6.27897717
2.49609375
5.77254211
12.62320922
4.81518617
4.09497008
5.09728724
3.04695866
8.27250277
0.75492340
11.06595856
2.50150543
0.15209992
3.77929688
3.82743130
4.23506870
1.55423981
5.25484098
40.85591644
3.80961214
8.11527372
5.18160128
1.92968750
16.72915753
8.05502216
1.22753906
8.10855829
0.12337530
4.36527496
0.55810547
7.26908356
1.67765320
0.13439941
4.27343750
3.30859375
5.90445922
2.08983378
8.86585438
4.99442597
6.73917664
1.71289062
1.91609431
8.14445257
1.36328125
4.82377106
0.21028656
3.20312500
9.51127106
15.17879211
7.58626219
1.60099242
5.59912234
4.88928254
0.61230469
4.90234375
3.33593750
2.00467864
0.16255769
2.19128200
39.77241786
6.09346963
3.69726562
7.54910849
8.66366401
3.54203402
6.43078458
1.93294437
7.48811392
1.50212045
7.35693235
1.85123781
5.89632203
3.37650543
2.30094360
1.86942597
10.55423981
6.11425781
4.23046875
4.51216644
0.02368164
3.28111453
3.28040890
9.38431274
0.67736723
6.18807070
10.05728502
5.69609236
10.40189606
2.03125000
11.38537567
0.66585328
11.83504211
0.01868714
5.91707336
0.76635306
0.83219858
2.87072723
1.32271332
9.70222961
0.43294312
5.96671321
3.80517703
7.31608156
9.21325466
4.39656804
13.60721521
6.56465979
3.47725122
5.05639960
7.77644836
2.00504516
9.75129876
3.19865303
14.93895384
2.86254073
7.54631427
0.63525391
0.08996582
0.67189314
8.63845524
10.79619126
5.40833111
3.30558289
1.15506926
0.33032227
7.50223847
6.61763519
3.58670989
0.86739168
6.66796875
0.68119293
5.86022607
0.20121620
7.39408356
2.68119293
1.18233184
7.00569703
7.60245789
8.53023161
3.44633089
2.33638519
3.11213985
4.85034242
12.65950625
8.26843293
14.03279477
0.37984347
1.84098017
14.85258089
3.18143894
13.41941221
3.17015293
2.73141843
12.48583112
5.47299091
0.04169189
1.61861176
10.42187313
6.77202606
6.78926419
2.32625554
6.71586214
0.82263215
3.19726562
0.43530273
5.28560394
7.91214872
1.24463015
2.78290531
3.09156582
1.12109375
6.78460994
3.59974733
1.93656527
6.73282026
6.72510638
2.53381317
7.73018340
2.11250886
13.02689606
2.78063996
0.98530973
3.22367464
3.00345856
6.05725067
6.24353058
0.25805664
1.14693207
9.42533356
7.89603170
7.36962766
20.26663587
5.30110594
0.66687043
2.48030640
7.11718750
4.10201019
3.37638243
3.48254488
3.71679688
0.90580231
6.89127438
6.30691601
5.60002770
6.78062501
5.10173980
12.16139075
1.05060449
2.08142121
12.71760860
6.42179134
0.05635528
7.24654144
3.74263519
2.73962433
3.63699912
0.38595010
2.74804688
4.74820922
1.05700715
8.46004211
6.06384308
6.82575854
5.93355939
12.03714872
3.66056460
4.53515625
1.91992188
0.40185547
7.33203125
3.93427250
0.68291500
1.07236621
14.45194924
3.68819370
6.67923981
8.24654144
11.69546488
17.00916555
9.58670989
15.58951906
3.43750000
0.43648223
7.80772134
11.47220856
2.96138519
0.39135742
0.02185303
15.22701019
1.48071289
2.95507812
3.78470856
0.01866150
8.74564606
4.45800034
13.11035904
3.04181946
3.27832031
5.89478408
0.34635437
1.45703125
0.33789062
0.57449341
2.27343750
4.27343750
4.44921875
2.54809508
10.13182846
2.13395888
6.02400820
0.66853633
3.72575077
2.85546875
5.19742797
9.16585328
0.48441559
-0.00449615
8.87500000
1.56640625
6.69441711
3.44592254
7.27176972
9.67984486
4.39046764
9.30033356
1.03365082
3.90856716
2.34674672
5.86238586
9.73091644
3.04341644
7.84631317
3.78214539
3.45943207
4.35502106
0.44038910
0.02407837
5.64408356
2.12284021
2.03971686
7.61828458
4.78482907
5.91353612
3.06518617
5.58626219
4.97188386
4.30904144
1.25414977
0.25122133
0.02764893
1.43663242
0.83916500
12.12215095
2.94580007
15.12845856
9.80814606
5.12155487
37.39212545
5.90084330
2.58271000
7.35902040
2.94303522
5.54687500
5.31896942
9.16931183
0.01402283
7.14586686
3.16492353
2.16453302
12.99875553
7.82177859
4.34029144
2.04471770
13.25704011
0.79748504
6.25960328
3.11132812
7.58548981
1.70292082
6.02608308
5.10156250
5.41841644
3.04838043
0.06294769
18.45523050
3.11508200
2.57246233
2.39042830
13.02034484
6.45357269
3.73946137
3.76704677
8.45170323
0.06167603
8.56250000
0.62646484
9.21093750
9.85066711
3.52437223
1.50206616
5.38070700
6.94384641
3.59281527
6.56471854
1.99387521
7.96011381
17.78118129
16.70515930
6.89685090
3.23185118
5.22322695
3.32181793
15.24694482
5.60115913
1.81139794
2.67102393
20.79642731
4.45198360
2.09265292
13.57450410
2.36372894
16.82760070
1.16015625
5.12198914
2.98331726
6.13671875
4.26127106
4.76607269
15.39843750
7.14062500
8.53035461
11.06941711
0.63069703
8.08730635
14.14408356
5.92456117
8.34285461
7.82165558
12.81494016
8.88114472
11.24975399
5.41207128
5.31148161
2.14607104
6.06001801
3.87285017
6.40157136
13.39794548
2.52816046
6.88248781
2.12695312
8.63102172
8.68493683
0.55114653
12.19197695
6.77298981
7.90580231
4.89888519
3.15039062
3.29235248
48.75741162
2.92142731
17.99564606
1.70161957
11.69877106
9.92187500
5.74308289
17.64398586
4.88281250
4.64542664
8.51818817
17.72307862
7.11177582
0.51525879
0.19425445
0.13378906
0.92582184
1.38663758
4.91406250
4.88525266
-0.05470670
7.69909575
3.20715425
6.58894836
18.12243683
3.99324524
0.63728820
9.14933289
7.23527039
4.98693817
26.44408744
1.00842752
1.23155991
12.79777039
1.21350814
6.50826019
0.01096344
0.07340484
10.66421986
5.32406139
0.09798187
2.63238234
2.52126329
4.41105164
6.66182403
1.75126191
0.66992188
0.02799469
0.83203125
0.01676941
11.28735040
8.89445257
3.88008201
2.46545877
0.20178192
19.15600399
3.32255097
5.04276706
11.84362700
2.80371431
5.18981716
2.23807832
8.87870456
7.42964629
6.17232269
5.32653840
16.29817376
6.17020722
3.74853391
9.94519204
2.61637079
7.77726507
2.74804688
2.24308040
1.75008117
3.12117741
16.20825133
5.13806183
3.57796265
16.67927915
7.60827792
3.41886414
0.22825436
4.46907718
2.79191101
0.03344727
4.42578125
7.96875000
14.91316711
10.01281583
3.44421542
1.60884613
1.38427610
4.20443954
8.97600177
3.81180630
2.78153535
25.27721202
1.46135582
5.60741386
9.31957999
3.57129654
4.08667054
8.49938498
8.80786569
8.19274933
3.42870845
0.88252964
11.31429078
10.35835661
1.65128352
0.52746925
4.75826019
5.93643728
5.53532358
11.45747894
1.98384613
4.61450133
2.79085328
1.70357269
5.12711547
3.98661347
7.22053829
15.76196476
1.84146969
2.84008976
3.88867188
10.27680353
7.10446488
6.67562946
0.09490967
1.35591582
9.06669160
6.59765625
4.17187500
3.96548815
2.15365248
14.92129433
2.32089317
2.73242188
8.18923125
3.77026429
18.23514801
8.83009753
13.50148354
23.77840398
9.90368683
1.41353363
1.08984375
3.96484375
1.39257812
2.41992188
6.44051086
2.79581726
3.14664672
1.81429078
7.55814606
14.98217546
3.18103058
5.25757421
8.22912567
4.34130984
3.43839539
0.69824219
0.94824219
6.10713653
2.29040558
10.76652039
3.40039062
3.31160461
0.85294617
5.32421875
7.25170213
4.64238142
9.59570312
9.26562500
3.14306641
3.35655586
2.19813164
2.54101562
1.22322352
16.56640874
5.91361481
4.46919769
15.95043883
4.85644282
7.01465093
2.10982269
10.89676972
0.88427734
5.49641844
0.68766359
4.16015625
2.83939107
1.59375498
7.90083832
8.46316147
3.74759918
1.64432707
2.21276762
2.43204150
1.27771775
4.27644836
2.98482269
6.40669769
7.67536791
1.58439771
5.54943817
7.33337433
6.58180353
4.84750052
3.21792831
8.31808399
24.54060727
9.48730220
3.76355385
7.35502106
6.17533356
1.85575161
1.57397523
9.85693484
19.20747894
2.04927582
21.19985816
9.27312278
5.70324800
4.77766844
6.57844969
2.67468417
1.64400238
11.54984154
5.29346077
7.25679411
3.96699358
5.68681626
1.61909879
2.65486757
1.28320312
7.24259087
1.30533937
2.02140569
4.91316711
6.87589539
2.07466644
8.70662290
3.24942930
0.83406804
5.46952239
8.53483156
3.46350067
15.60481189
4.37138408
5.86596742
1.99849457
18.74662262
10.22814163
4.61560837
16.04687500
16.45506405
6.16349180
2.62105441
9.56250000
7.33058955
6.63742818
8.10449966
7.73258422
8.80932181
4.88778147
1.81872527
3.05362976
5.19185394
4.43705231
3.22701019
14.76562500
6.38582336
3.69034851
9.45312500
5.02249529
9.55225232
10.48002106
4.56339539
9.16091867
3.05001883
11.16829344
6.37178621
0.12776703
1.25000000
6.08223294
0.23502750
6.11640307
8.49650709
0.70751953
8.39408356
7.91841644
1.31197113
3.49414062
1.79137218
5.45410904
17.72412234
8.34387300
0.46817930
5.95182375
4.15323914
5.50781250
8.45568817
6.77488365
1.95302193
2.75390625
6.92744903
17.64530488
0.62992340
2.47505707
0.04736328
10.96785461
6.67277039
10.33939606
0.07055664
2.67187500
7.33247894
6.12455231
4.14497894
6.31205231
0.41284180
6.35668385
12.38985760
4.21875000
1.15766388
1.93554688
32.16137633
6.82344636
0.16035887
10.62422761
0.00830597
0.05075286
25.12557272
2.73002604
1.68692432
6.28853363
9.52987256
12.85990138
5.52844083
5.25964760
8.76037567
7.85969969
5.84476839
16.09761317
5.39164189
3.52237976
2.09195673
10.05582890
10.74910461
8.61340425
9.05558289
3.36523438
0.30901062
7.34042877
3.43484819
0.76481826
11.25658245
3.12446366
2.26649600
9.27343750
6.95011414
0.23205566
8.68314606
4.32050920
0.93091506
0.55912262
5.25268119
12.40047429
0.24963597
5.62052305
3.47505707
7.63985261
5.69083555
9.03116135
2.43111923
1.65840730
9.77779144
5.41738808
6.53618461
5.50463867
16.08939606
1.70507812
6.55244903
12.30919881
15.40503490
1.73258422
6.52042664
7.74348626
6.48783480
12.51318484
9.08394503
5.96329649
7.87459414
6.22310394
5.47176086
11.30379211
5.99743683
7.05488919
9.23718417
2.97269061
2.61263685
1.29882812
4.46394836
2.54797208
1.24056156
0.32515473
12.64378845
1.15519226
0.68098688
9.04313359
3.85229554
6.18359375
11.77510528
4.71573914
12.68058289
13.53718307
1.14645002
0.17350406
22.83446144
5.09530474
11.70080784
0.42899629
0.13104186
5.16841644
7.18493683
1.63859070
1.96634918
2.91857879
3.44860871
5.96093750
3.03975122
3.14188940
2.62349457
9.22912567
18.80820127
11.80319702
0.13008761
0.51757812
8.01224762
7.41662567
2.78417969
2.64933289
18.35786459
12.46680186
7.63460235
11.22489472
9.78125000
6.63183594
4.10591644
11.48514739
4.97143617
2.07661957
7.73738586
4.22590814
19.08412552
0.12398161
7.22465121
19.96190160
7.16566156
6.65144836
3.30444149
1.74467198
2.88867188
7.95971244
8.10038674
10.00000000
3.04927582
2.34732533
6.76892619
1.59106134
4.99044104
5.68652344
2.34557514
0.86739666
1.06632508
5.65339338
10.03927415
6.33870235
2.69059452
4.24263519
0.27905273
2.10260777
4.58049645
5.27054964
5.28951019
10.78291778
2.80301972
6.72220856
3.47924369
15.08565713
8.73364258
1.68802887
0.72749848
0.05393463
10.97566711
8.95402039
4.99307791
6.34489140
6.93685062
1.86551972
3.53816711
2.67891511
2.59029144
3.95975676
7.96362367
0.34346527
0.02415710
3.52583832
5.78906250
0.07452393
2.58414672
1.56246598
14.42622894
3.76826685
1.80009253
7.12455231
2.82718404
3.02824412
1.67919797
3.63834718
8.92277039
5.60636414
1.79890930
1.26261414
3.79296875
4.40625000
1.82986896
4.46212322
5.09350399
4.03214103
4.62357823
3.11332557
6.88146942
3.32165558
4.91796875
1.62117492
0.38814301
0.10506195
1.57398073
1.40268339
9.14042776
1.50910681
15.86474734
10.41483489
7.74079458
14.26806516
4.12667970
5.64724733
5.12544769
6.40657469
8.69889406
0.01053619
8.15795213
3.40711103
1.65273746
3.28935533
4.71008643
3.53043827
1.97139434
4.83203125
8.11551972
2.40625000
7.47163786
4.68282136
4.80603058
1.05318207
5.30208001
2.00337987
2.78739472
2.57466644
12.50000000
1.39790863
0.42822266
7.35546875
9.81595856
4.25256317
1.79174119
5.09383865
8.89754211
3.31339539
6.49417000
1.87692375
9.54430186
15.54134530
15.74267578
6.43990082
3.17895446
4.79174867
3.21439606
17.52689606
1.89815215
20.14766511
3.03966756
1.39889018
9.00870789
0.96097809
2.77343750
7.71529144
6.44542554
3.81975177
2.28470856
1.39737976
8.21875000
2.02343750
5.03125000
6.82377106
7.66926751
12.43441046
1.88212129
7.23783356
12.18745941
5.40580231
7.93891180
14.60482934
8.36881593
5.71472075
3.46284132
5.17387494
2.72978003
7.25960328
12.95019282
3.46268894
7.28829011
2.32421875
8.40535461
12.01216644
8.49295989
6.58907136
6.39497894
5.12109375
4.88378906
2.43359375
2.23518174
50.70231826
2.41015625
13.30033356
0.98636871
9.57377106
5.73527039
6.83984375
1.10396332
9.28727172
7.98128297
1.12353516
1.78808594
0.19201660
2.27600067
5.95792664
4.09810394
7.81594859
6.71920766
3.64017731
8.52343750
4.05859375
4.56294769
7.12455231
1.23242188
4.40669769
2.08007812
10.85326463
2.18579787
27.15388852
0.67179507
1.39436143
10.04802138
5.35099180
2.89119570
3.83203125
0.81494141
8.16227172
20.80981383
9.21797761
5.10273826
0.63786264
0.08909088
9.15881317
2.19665558
3.57076019
14.70556516
3.64725863
3.91174036
2.11291597
1.76098820
1.06250000
2.98872894
1.09765625
12.36181516
6.16758977
3.73475398
11.05492526
3.58776762
9.55045656
3.44140625
1.97432403
1.52945797
2.68864140
16.44006317
5.79988586
1.49194398
2.25736481
9.88028369
8.73254986
7.11462433
3.06640625
0.09244781
1.17427582
9.70658356
12.34029144
7.00353724
3.36365026
1.13529449
1.81998283
4.96461082
8.90210771
3.80082059
7.04834109
1.69230164
8.69547485
0.82503297
5.07055423
2.42952569
4.39644503
4.99308289
9.83451075
7.99857823
8.86283356
1.91914451
0.71586464
10.12512300
11.57442044
2.57474513
0.46216256
3.89648438
1.89505513
5.19682291
10.94620789
3.07226562
4.42521055
2.50899324
2.05362976
5.90010528
4.62377992
6.01175809
6.95121371
5.41495789
1.71207641
5.72054078
2.33007812
1.54634395
2.29223321
3.00435893
8.12154144
3.50874225
3.38578900
12.36188387
1.96624113
2.72656250
4.57795917
3.63521332
17.58788564
1.42729166
7.37540337
12.63415808
15.90421446
7.84834995
1.18998199
12.18750000
0.14058441
0.42089844
3.27742243
4.20471409
3.20927842
2.37349457
19.22961395
7.09330231
5.97444703
4.42622894
0.80326324
1.37642426
5.74084442
1.50337738
1.62154144
5.58247894
5.26204344
0.66617922
6.69877106
13.10502106
4.84427887
4.74246288
0.20516927
7.85066711
1.49072079
17.65429688
3.48303192
4.48295323
5.03381317
4.98649047
5.82832669
4.31152593
5.53125000
1.43883561
1.96989638
6.02510528
2.22534242
9.28906250
10.41447506
6.12969545
2.61576075
9.74267952
21.33613919
12.22542359
8.62410461
3.19889406
10.11897828
10.51216644
2.76066101
16.10826796
9.37073470
6.12646609
2.59045379
3.01533965
1.81758699
2.02388519
8.97464622
5.61377327
6.83491911
3.54849222
4.55795434
2.69396942
2.89392121
1.14648438
8.54023826
1.49923011
1.93762300
4.69921875
7.13281250
2.11372894
9.36470302
3.60424867
1.58093417
6.33280364
8.39420656
3.90795712
4.95291459
4.20992907
4.97310394
1.78906250
20.48685699
12.48669216
2.18518284
16.79687500
5.21394836
3.05407746
8.27343750
8.47593751
5.14700826
8.94698526
7.96350067
8.24540005
5.58016179
1.99259399
1.98181183
3.66646332
4.34375000
5.19441711
2.43644226
6.45812334
7.73914228
10.71785461
3.62003601
7.08304840
0.20906586
1.65970856
5.49373227
0.80611300
5.61469484
8.60421431
0.49930816
9.12064606
0.96378601
7.11718750
1.74414062
3.30619293
8.50213986
3.21534574
19.03149601
8.03662234
0.34549864
0.43379793
8.49308289
3.02583832
8.64192376
11.83699025
1.24178911
3.73046875
6.73604278
0.33402558
3.47314453
1.49670379
7.46520280
0.86035904
3.64843750
3.31160461
9.02779144
6.70157026
10.93168993
7.32633422
8.86808289
9.40986841
13.20735999
2.00195312
1.13111358
1.91158051
3.60066711
3.84810394
6.45735096
15.96647717
18.80790005
8.05057956
4.28259308
0.66654449
2.65083832
7.92386747
12.41149933
3.77205507
5.94890828
9.43517463
4.04777039
1.32913903
12.84566378
0.11377140
0.89550781
1.80147246
1.94755097
2.35774657
3.03259308
9.68929078
7.93001219
10.26423759
4.24581338
1.40173371
9.55036791
10.15621564
21.08247894
2.95898438
8.26472961
11.62914728
11.61153479
1.79304992
4.67321808
2.16601562
4.89754211
3.16792692
13.06172761
4.21618683
2.86311890
7.30627161
21.39254003
7.54732269
4.61629211
5.12276153
6.75321016
15.03055630
2.59436004
2.73881261
0.68359375
4.37365692
12.73132324
1.31091340
0.74112696
9.69637273
7.96138519
4.23738586
6.58638519
2.72505707
5.83247894
0.28967254
0.53951019
8.74629544
9.72716444
4.44174091
8.98628878
0.68847656
5.42219969
2.84810394
4.92110261
4.19518950
4.18326906
5.18794769
1.36852685
1.59094581
2.38476562
7.76517731
9.61422708
11.90568927
0.14465488
0.68359375
9.47509641
6.83650820
3.12955688
4.38460328
15.39497894
4.23783356
5.12589539
15.40657469
10.71602449
8.27343750
7.98168883
4.31563386
11.82543883
5.41239472
2.28365082
5.85066711
3.66096299
17.36741156
6.10835661
8.68123227
2.38183843
1.61177582
12.09375000
0.01340485
46.17521055
26.25107278
3.67786236
16.23832059
5.40950687
7.14453125
0.36189758
16.62935394
6.89754211
3.10485871
6.36966949
2.44177028
1.20862034
2.82572418
1.44576019
4.17649436
2.85007202
6.83598182
5.05000886
8.89664672
8.65804078
7.79168286
4.70000110
4.15234375
3.63822418
2.03169769
12.59195922
0.07430055
0.59718424
5.45330567
1.68180297
1.72595246
8.70747894
0.05560303
0.69584137
5.79341644
0.97851562
0.40667725
6.94140625
2.64648438
10.53035461
3.37784851
0.08319092
5.13170546
7.84615331
1.56759197
5.67053192
8.36116578
0.11625152
0.01173920
8.46785461
3.59561946
13.87666778
7.63664007
2.77392454
1.18790835
7.49910461
0.42614777
4.82588653
6.66190271
2.92432014
4.02160240
2.51550698
1.10998006
0.43787151
1.25703575
20.30969581
11.87756317
13.21964539
6.39798981
8.10681183
8.04625998
0.67940713
5.04386414
5.34765625
2.96980774
1.90856965
4.98347961
5.35293942
4.43625553
5.06103391
3.34326296
14.74194180
0.82653964
3.00024040
12.45905807
1.18071586
9.90677638
1.08691655
4.41662567
2.87679078
5.10892731
5.34163453
5.95437622
1.15494376
1.37097573
5.46529144
0.10150146
0.02233887
1.14182733
3.51733212
0.53080729
12.08821532
7.86731050
7.16752106
0.04451508
18.09375000
1.48632812
1.82202148
1.85233489
1.05391511
0.76025391
2.05273438
3.71812501
1.58688718
3.89885384
7.16387078
5.94954344
6.65983156
3.26322418
8.27689606
1.76509613
5.91003325
6.12557070
15.05468750
1.00195312
0.02596527
0.03896088
0.11402757
2.46346132
2.52929688
4.25225830
2.10546875
3.08789062
4.94531250
0.41992188
10.50691711
0.14644379
0.65913910
2.52819482
24.58463874
10.61527372
0.69234347
0.80806488
10.77343750
0.00664902
0.02376472
1.15966797
5.29809508
13.83158356
3.55871675
4.13236481
11.27779144
4.36718750
13.91218307
2.29440048
8.75349291
4.48132978
3.24938498
2.66077127
5.28906250
0.45190430
1.38378906
0.06829834
1.03373199
11.77779144
24.68269836
9.13370789
16.50512633
0.33105531
2.56054688
6.55450023
6.68768727
4.76171875
8.94531250
0.00667191
1.57686309
5.93929078
1.84179688
3.33247894
10.66752106
0.23213715
3.40039062
1.00781250
1.79878629
2.14750277
1.58764462
1.58032413
5.21439606
2.37261952
0.95192486
8.41667829
2.43514849
9.50756151
12.98019088
10.00691711
3.42097961
5.79325410
2.73152649
17.53586417
0.93091256
10.15429688
9.85326463
0.18677443
11.29545074
3.47896332
5.02510528
2.02762910
0.56689453
4.46439606
2.01411957
4.57755430
4.38204011
8.45402039
10.15523285
0.65482574
2.67622894
1.29365996
0.93192597
5.44628262
18.72466367
3.14144171
8.36718750
2.71529144
1.84179688
10.70914672
6.44620789
0.06298828
1.98482269
15.09199358
12.06079787
2.76223266
6.15431183
4.56294769
10.03470856
0.79052734
14.58593750
14.96411133
7.16451019
1.94547485
0.04622437
9.27689606
6.61665863
3.19877106
7.16796875
8.17736038
7.08211990
3.12267786
19.72331061
9.75435394
4.32979278
7.48225953
7.21516844
5.00402925
0.03414917
0.03086853
4.98914438
3.49367285
3.88940492
0.29947937
5.66227172
0.71008394
7.84029144
7.08203125
0.06842041
4.23339844
4.05289672
6.56429078
2.67879211
18.93794769
4.75826019
12.79508422
8.18130337
7.86123916
6.99494861
16.76624252
8.38130707
2.34480774
14.55122894
2.12154144
1.31311004
0.88903840
11.80468750
7.29642731
3.57857269
2.87756317
1.27823914
4.97656250
7.13891290
3.26597657
0.16639959
4.74002771
8.48307624
0.15692139
4.01090453
17.40804078
0.34281402
3.41255707
2.09720856
2.95117188
10.20747894
3.11132812
0.11651611
10.49340010
2.72978501
4.12894559
9.56774933
3.89945589
0.81302887
6.39017731
2.94413176
0.51965425
0.88427734
2.47176086
6.83158356
3.33337433
3.71576935
0.26509613
2.66068512
12.44531250
2.73091644
13.38000333
0.94279117
0.53670227
4.47790558
3.40780447
0.64298523
4.37231383
9.54948000
5.86238586
2.32332336
1.20446808
10.78080231
1.69185394
15.35099076
19.56636193
2.16419547
0.50965445
20.19246399
3.85909463
14.66255707
6.40189606
13.86420822
17.31538910
5.77608184
13.25797578
1.47123199
2.06461547
4.47636720
4.25499834
3.67273603
0.98779297
0.66800934
3.39613227
1.03123558
13.35335328
6.88285309
14.86974070
2.73849290
1.47184452
3.26835051
8.16125333
2.29154698
3.92773438
7.17382812
3.97679854
0.04029130
3.06595856
6.93225067
0.88118531
1.29428993
5.01409020
0.29711914
2.60072498
2.96692486
14.79854278
0.39579316
7.26562500
2.01985594
24.51517731
8.22924867
4.54040558
0.42557770
11.13404810
7.43388159
9.44877106
6.36089983
2.29925642
0.62300629
3.44778379
7.51968416
7.61344422
4.20357269
5.76859527
4.26607269
5.26517731
2.83548981
0.03318299
3.88627106
4.56054727
4.95930960
0.28857422
0.57568359
14.23432071
0.44491910
4.19999114
1.15686004
0.43168246
10.36718750
6.44836002
8.72656250
-0.00481659
8.76769615
0.18298745
2.01916473
3.26066101
6.47912567
0.00911500
2.92871094
5.71350067
0.01620515
7.38573596
0.07475385
5.22875665
0.02637030
5.43135528
8.47143617
4.62314496
5.73166008
4.66219989
3.71834663
5.18225067
16.73136414
0.04424042
6.77298981
0.39038086
4.82466644
5.07031250
4.12019836
6.60636414
0.14965820
3.78710938
13.56250000
4.43374889
5.36523438
2.21183289
8.32092285
4.64843750
0.31420774
13.94287234
6.62154144
2.43635465
24.56198359
8.45149158
3.34888630
1.47115082
8.51134475
37.94328568
10.19095856
3.84269226
8.96228027
0.62744141
0.00309753
3.78222407
2.80371343
0.16276031
7.44474180
4.87601839
1.36230469
7.54687500
0.04119873
4.58276469
2.49325022
2.76733710
9.40279144
6.44712767
1.27837710
5.15234375
0.61474609
0.02610779
0.51501434
2.27282746
2.56791168
10.36718750
2.50585938
1.42915863
8.77689606
13.86014739
0.78483156
5.85937500
18.23342656
8.04155695
6.26863586
5.05647828
12.22912567
0.39563019
1.37402344
17.71439606
0.06217438
3.78983489
1.74426363
8.79223633
11.90189606
0.25268555
3.48286957
6.47611481
12.71093750
0.12129730
0.66324704
9.25716312
4.23645289
1.15145085
4.18750000
2.66060394
6.65535461
0.06685394
3.26802582
7.62182430
6.17122562
6.02823914
0.32690430
1.89355469
15.60379028
3.28515625
4.09375000
1.94062390
1.73275653
1.06551117
2.32588653
10.50764953
0.87663663
1.23950382
1.95800781
7.10457336
5.65714539
0.40283203
5.67911680
3.26574800
2.97896332
9.06660794
10.82747562
13.08247894
9.43660461
19.45747894
11.98246122
2.53902316
7.04125167
3.72953900
5.50895390
21.47064972
7.60937500
5.76908356
4.19576019
6.23828125
0.15531402
8.42187500
0.91597504
3.61824524
1.34171570
3.19291168
9.45747894
0.35766602
0.18247373
0.82820742
0.89115387
10.48002106
1.25728363
0.71236176
8.73828125
7.35847961
0.03142304
9.83869363
6.10835661
8.68123227
2.38183843
12.67968750
2.49751801
1.86966949
3.62719415
2.46505042
12.81835938
7.53515625
3.81250000
1.06640625
11.07812500
11.07812500
3.24804688
4.10156250
1.60449219
5.98730469
1.07645598
4.64766511
1.75150543
0.94820160
0.88899657
0.21525148
5.11767578
7.08203125
9.53202239
8.86641511
7.75150418
4.24305850
3.01411957
3.48783356
1.50142426
1.21386719
8.40665337
10.98604278
0.12829995
0.32671404
4.79800415
1.37072723
1.66638215
8.95658356
0.04115814
0.73779297
6.12064606
0.94966644
0.34332275
11.49218750
3.79492188
5.24100178
6.32539949
2.10697916
10.48091644
7.99564606
2.87548704
15.51818817
8.17033023
2.47501275
0.61039589
5.31673094
0.38098238
2.72477172
6.27262079
2.77018561
4.11034907
3.11035405
0.93485005
0.41890971
1.57258627
41.76579233
9.18750000
2.05603058
4.94921875
12.46532580
1.14413037
3.33833832
7.73286957
3.26082336
2.74475067
3.44034851
1.99707062
0.11728912
0.14453125
3.86523438
15.99092496
0.84720980
4.43664083
11.20360705
1.24187278
10.00923427
1.24813054
4.54162567
3.31038453
4.85758422
6.02612367
5.39550781
1.38411001
1.94547983
13.18122978
3.69425476
0.38183968
9.19762966
7.50158909
0.65482574
11.57466644
4.01953125
2.76562500
2.27343750
4.31888824
0.66760223
4.33772828
0.47733551
2.70943207
1.49312223
0.38037172
4.25495189
7.43885305
6.10400266
6.53271609
3.48242188
8.44608489
2.65262910
5.43302305
5.97802859
14.35937500
1.10449219
0.02839142
0.05040497
0.15930539
2.36954898
3.34765625
0.19831692
2.25085605
0.83207184
1.67915863
2.62043191
0.78288840
11.51127106
1.09057243
25.07320534
10.76114805
0.48103945
0.78173828
10.68750000
0.02381897
0.02375328
1.09029144
5.09106383
13.54597961
3.50012300
4.31160461
11.53995789
4.43705231
14.04422319
5.50700576
3.71915337
2.00740913
5.40625000
0.52880859
1.40917969
0.05953979
1.08984375
11.65189606
23.69095856
9.00089539
15.45556516
0.37451296
1.65820312
7.45212102
6.07086878
7.14497894
1.73612395
6.90502992
1.87154144
3.62109375
10.05468750
0.30472809
3.55513519
3.61140182
1.93937943
3.49371233
2.46722517
5.85502106
2.23582022
0.80967142
8.60345137
2.47437333
9.77916889
14.45370068
2.84977172
2.20536347
0.75146484
8.51908356
1.75826019
5.33850067
3.84090149
9.71618683
9.68790711
1.18953430
3.03755707
2.88057403
0.48461976
5.66101437
4.36084908
3.26888187
8.76216644
4.30078125
2.07812500
10.91752106
1.60156250
0.03302002
1.65527344
14.00874225
7.96436170
3.17442321
6.24895722
4.17622894
10.19877106
0.52392578
14.25435394
15.07645660
6.47656250
1.11576324
0.05210389
9.26127106
7.46264212
3.87532674
3.69376773
0.26953125
5.66841644
0.63265015
1.37011719
7.13627106
6.08593750
0.05421967
4.95898438
4.13838653
7.16975953
2.79056793
8.54341644
2.38236481
0.01487244
4.32371978
7.77697857
5.95153902
9.03906250
14.88895722
2.72115082
1.33866301
0.77120027
3.20117188
8.68314606
2.47310394
2.04101562
2.72521942
1.59216340
5.14603668
7.47798427
2.97801862
0.14014793
5.28755209
8.57963541
0.13101196
3.68941129
18.23539339
0.52494293
5.09887633
5.43627992
3.57812500
3.12711547
3.09598847
9.73437500
2.46484375
0.14489746
9.71420734
3.36987865
3.61482602
9.51485261
3.96842531
0.59716797
6.00736481
4.30021055
0.46293246
1.08593750
2.11283356
10.32031250
2.73982104
1.36023603
0.57470703
2.68310048
18.91853945
1.26701241
0.39850571
7.31994847
3.32853335
10.37304688
4.95410156
15.28078842
15.51416016
4.43204649
18.50712160
1.42744903
1.60620179
1.84419769
5.47086547
4.05558289
7.97366634
12.47859929
6.60892731
3.55619293
0.02195252
3.59570312
2.33380178
6.51129099
0.40283203
0.96341949
13.15468529
3.96250221
2.89664672
1.30078125
0.26175996
10.26562500
5.67098813
12.40602393
0.01992798
9.34122119
0.32772412
2.68375610
2.99499543
6.77945922
0.04325410
2.69042969
6.24475067
0.06726105
8.51679826
0.04525404
5.52371787
0.03780557
5.34932403
8.76049867
4.77869876
4.16115711
15.74642342
0.11975098
7.13281250
0.15555816
3.21529144
5.06250000
5.39318817
6.28259308
0.30700621
0.81372133
4.09033632
12.92142731
3.40039062
7.38759369
3.06640625
0.17285063
5.46106050
10.47566711
3.96679688
1.49600635
6.01904920
1.11468007
23.41597628
9.75284353
2.22917497
1.83833832
6.68521969
13.45105136
10.00000000
3.89107269
2.07181793
0.95601410
0.00277138
3.97265625
0.81103516
4.40580231
4.83153923
6.06343971
6.78030949
1.15816378
8.04687500
4.73783356
10.42443817
1.69950410
7.22029477
8.09220523
0.57128595
3.12972296
1.86710633
2.07421875
9.15970856
3.04341644
4.87500000
10.38972961
11.12666778
0.78340730
6.27343750
17.38830037
7.70207225
4.14107269
18.10937500
0.03684479
4.27583832
5.86795989
6.30647828
2.64978058
9.62756317
8.98091644
0.37589539
2.15527095
8.78418218
4.36396021
0.61763769
8.14843750
1.68750000
5.75288786
0.12797152
2.57031250
6.76712918
3.24800753
18.01367188
6.64843750
3.86088043
1.22558594
6.94185394
4.64953458
5.59607089
10.58190825
13.65962738
1.26996457
1.60066960
2.33833832
6.73258422
2.62048371
0.06337494
4.38570036
3.89119570
3.35786957
8.29650599
10.17570257
13.10591644
9.02254211
18.59464539
11.72375333
2.69226230
7.10326463
3.58533244
5.91296542
22.24121857
6.30423981
5.53560394
3.68314606
5.39497894
0.22871887
3.66796875
3.07120789
3.14949524
1.09562195
8.29252106
7.85054411
3.15966921
2.84781860
2.67174701
6.36279920
7.79341644
4.07635861
3.66973514
0.37255859
4.22439710
0.54101064
12.65776041
0.30977387
1.55859375
15.82812500
2.63695978
1.48466284
1.10982269
9.11181516
6.50776356
5.03390181
6.81250000
1.65917969
3.81250000
2.16556793
2.33052582
2.20898438
8.07198028
3.57627993
7.14861480
2.42382812
6.23828125
0.01203918
7.16306600
0.49806681
14.87556821
6.36954898
1.25585938
0.26367188
2.35351562
6.50846188
2.81966312
4.50565582
0.11739105
0.12629700
1.80468750
4.07031250
4.06160461
4.68448914
0.02479034
10.97505209
4.26172373
3.18705231
9.32031250
0.82279449
1.26761061
0.06067736
4.38492797
2.81453492
6.95312500
0.00617981
11.92777372
1.10347628
1.60351562
4.76171875
5.07680875
3.14705507
1.66202820
6.25480164
8.11907834
20.94390106
4.66764406
4.02132203
7.14062500
56.30859375
3.08699280
9.01776123
1.53201366
13.44308399
4.12935394
9.49027372
1.86279421
12.43404144
13.85310727
2.74214816
1.44962212
8.37895057
0.55179840
6.87935394
2.97851562
14.91076131
4.83142619
0.81591797
54.43021637
9.50000000
4.33463126
3.05697030
13.61718750
0.04240936
4.41650266
6.57568484
8.36975067
5.13415558
3.63431793
3.36177582
9.81250000
0.06970215
2.39472297
2.37212211
7.42667664
10.65368683
6.31115692
6.53214539
7.79207336
3.54475953
0.82685686
1.57988142
6.74173981
0.12508148
4.86159852
4.03834441
5.44576019
7.39274047
7.17277039
2.21976216
4.11300088
6.93672761
8.81685394
2.19335938
8.91793823
1.22070312
4.42854610
7.02803745
0.86059383
4.95772495
7.64062500
1.99902344
2.08593750
3.55273438
2.41891479
4.03080231
11.27343750
1.52193207
2.12695312
10.69146729
3.93660461
5.00826019
1.93119293
2.82572418
9.57556183
4.40580231
7.57332336
1.07067902
8.17968750
1.95019531
1.04785156
1.69076112
4.04660460
8.14062500
8.55468750
8.39062500
5.39720994
6.95923537
10.88191711
2.79719969
5.16463320
5.19820036
6.70209664
8.44234223
44.93384973
3.63761414
4.38281250
6.87141844
3.92590425
4.70914672
2.79475953
5.55859375
3.87967864
3.82930574
1.79740387
4.18570922
3.05452515
1.93892426
0.02052307
87.28625333
2.68355441
12.22941101
0.57641619
4.44921875
1.68599457
0.21695953
3.09740526
1.38155806
0.53027344
4.46093750
0.25488281
0.86325073
0.46716215
0.73059175
1.49621489
19.50724180
0.91280308
6.68314606
0.93290129
8.45670656
0.03751617
0.15124512
0.08583588
4.36328125
5.37809307
3.10324024
9.63448028
2.47058012
9.25280917
4.57421875
1.75398742
6.37198914
3.65234375
4.99218750
0.34863281
17.69449828
7.38069703
1.33398438
6.63671875
6.49104610
1.95036015
1.80859375
10.72989805
9.25012300
8.29341644
0.57059660
4.67187500
12.65547761
2.74414062
0.24890137
0.41455078
9.78250122
1.58983877
1.60937998
6.15234375
3.40394103
1.67760194
4.90689969
1.87496066
7.95568817
4.46423371
1.62207031
4.19140625
0.00876617
2.43359375
4.80875111
4.60531139
0.04095459
3.40340149
2.64145935
2.33398438
1.31445312
10.65625000
1.26651541
1.47740858
3.65841976
0.79052734
7.43196033
5.04727837
3.57935505
0.16650391
1.76753505
12.46939938
0.61519753
12.36808289
1.91459137
6.66015625
2.54341644
2.71244293
7.90639190
0.23714234
1.73950195
8.78906250
11.41845080
3.54338209
8.00781250
5.59765625
4.85170989
5.00375886
0.56787109
5.05078125
2.02773030
2.08248393
12.79073028
63.98136414
7.09118683
7.78906250
11.15075466
1.53141484
2.22505707
0.22290039
2.29606078
3.51936890
12.37941467
13.99368286
7.41584331
2.68812001
2.81685394
8.91385132
7.75390625
7.24039672
1.43050172
2.43599457
15.54931641
5.63357990
8.79761303
3.87500000
0.02821869
4.25390625
33.53381317
12.01997894
16.23514739
13.29610261
0.55509461
9.93314606
8.07812500
1.49654144
8.47448139
1.42546154
1.77832031
8.84447806
33.81331671
5.40009531
3.51677637
1.79935699
0.13598633
13.27419857
1.14673038
4.87064606
3.28909686
14.38932624
1.58764960
2.19270003
4.12130540
3.44917443
1.72119514
1.35111481
6.62308622
9.01251552
4.30625221
7.88358489
3.12825562
4.96260528
7.19498781
1.44824219
3.88521332
13.61795989
0.72481355
1.72167969
7.49532012
11.79749892
0.94138920
2.32267896
1.48925781
1.99651331
2.19419104
5.81640625
8.40111370
21.07463209
20.39095134
1.78975402
3.79862644
6.73950133
6.48815825
7.50236148
2.02644836
0.15881379
6.27734375
0.71679688
9.26818817
0.58972199
1.18066406
12.06764616
2.44242464
4.41015625
0.25439453
2.10579344
2.24836160
5.58529809
4.98437500
3.77126774
4.49826351
0.91064453
3.39603668
3.34676086
4.00089539
3.87740082
0.77530852
2.19213929
0.95222961
0.77396637
0.97249390
5.95613586
3.68900543
8.08337433
0.20495605
2.67923981
1.98872894
4.42578125
2.45507812
0.06787109
4.00000000
1.44824219
0.44091797
5.38146942
3.24060090
5.85156250
3.21744626
9.02106605
0.05933926
2.03295712
0.14652372
3.04878878
8.59375000
7.67142731
1.29536957
2.00976562
6.51627438
1.14095218
0.97753906
10.31160461
7.92532681
1.21704288
5.50826019
3.65189606
5.05859375
4.65926086
12.06852172
1.79085328
2.46032746
0.58576436
3.92082225
1.54243988
3.43750000
7.31562888
3.11991799
14.15789733
6.97729554
1.93998199
0.58345551
2.14453125
6.58300532
2.98730718
5.26912414
0.09873475
0.14702606
1.76953125
5.53125000
4.66662567
2.62198914
0.02431244
7.72497341
1.62024144
3.10892731
8.64497894
0.80330383
1.36567335
0.08545794
4.00150543
1.27241630
3.27047096
1.50187195
5.53560394
9.37536559
24.39757003
1.69251329
7.17968750
1.47115082
3.38476562
12.05716949
2.17104957
6.26673080
3.31071420
11.00000000
0.01371765
2.57531583
10.90124667
10.78035461
5.30948914
3.45463043
9.69185394
0.22912535
6.06429078
9.80814606
7.22399933
6.54296875
7.85758422
3.55061890
0.90620163
2.86320755
68.25797485
8.53396056
4.04204897
3.36523438
3.48091146
6.00663674
3.04370179
8.36629211
4.00826019
11.13911957
5.82031250
0.87760375
5.94710328
2.78125000
2.64453125
4.07031250
5.22521942
0.90173371
5.14843750
5.21925644
5.97170212
11.13281250
1.35982269
4.22656250
15.08027130
4.74173981
3.15279144
1.52832031
9.03816711
8.92712433
0.32670074
7.36718750
1.34712738
3.74414062
3.13085938
0.95853668
0.13081879
9.08772330
6.88688608
1.86230469
2.02343750
0.69409117
8.04174867
12.59313498
1.12170877
2.33805297
5.84475843
5.83996675
43.83435837
4.00569703
4.67533356
4.51818817
3.44217988
5.52600067
2.82946808
5.28861481
3.53157469
3.86340425
1.90917969
4.17834442
3.33142121
1.42480469
0.01689148
64.78832727
3.40962987
12.60005707
0.61004930
4.00826019
1.49751801
0.15629059
3.04064163
1.44613419
0.53906250
4.35937500
0.27001953
2.12683105
0.43941129
0.87015902
1.74263395
17.01578735
0.92370761
5.81205231
2.63252715
7.36987367
0.04059845
0.19173187
0.08508301
5.02343750
5.26169508
3.40690935
9.21785461
2.06929411
8.80314273
4.19140625
1.81844055
6.38370789
3.83744293
5.13281250
0.63521332
13.54934952
3.78255873
3.76920656
6.47701019
7.60400266
1.89209109
2.32617188
10.78983489
1.85876496
16.49259087
4.44625221
0.38838715
0.82470703
10.72930908
1.97952654
2.15621564
5.98046875
2.15586510
2.13917885
5.23380430
2.05481050
4.61966949
1.62349457
3.84029144
0.01168823
2.34179688
4.37592975
4.65922650
0.09143066
3.73152649
3.18182373
2.47355164
1.40625000
8.62500000
1.64587184
1.44587136
3.64189937
1.05273438
9.93765736
10.27380651
12.37398161
0.66561225
7.66406250
4.27042664
5.77945922
8.61897828
7.35892731
7.74039672
0.19917848
13.01748948
7.16459884
1.06542969
3.95703125
4.45312500
6.62117243
4.80314273
0.18017703
3.97609985
6.42819702
0.83544922
1.32226562
1.69037884
10.27852947
8.19954344
2.00704011
3.86914062
2.01216644
2.15820312
9.29447418
11.31250000
17.05583616
7.77757979
2.98621509
2.41406250
13.16316711
3.00284851
1.42187500
12.61572266
8.32018700
6.10852393
4.81852172
3.22444703
4.16397884
2.88635472
9.07120291
1.86198249
2.69181460
6.48046875
1.07084137
4.01652039
16.63040670
3.29057291
6.14152039
5.00736481
1.61079926
4.04642731
17.53719055
2.64118822
1.87285017
3.77298981
2.53125000
1.81164270
35.10103612
4.66425422
5.27023492
1.93750000
0.11269135
10.46337766
1.23388796
3.80033356
3.29585162
10.99947362
1.78715370
5.72147053
4.06323803
3.15295379
4.80558289
2.17773438
8.23604278
9.84507315
4.42759197
7.01037567
2.85526457
5.54699800
7.28515625
1.84863281
3.87935394
8.75602172
0.45589234
3.02148438
9.98071227
6.52142687
2.68563552
1.85449219
2.00086694
2.26149268
5.50736481
17.69349971
21.70012502
1.96366052
3.81848736
6.19787567
4.89920989
8.91853945
0.56152344
17.05930022
8.30301972
2.04699551
2.27127272
5.20223958
4.97656250
3.39057569
6.24418993
1.32226562
3.42728668
1.83300781
4.34029144
4.14453125
0.79705624
2.23026706
1.65234375
1.95267731
1.21280945
6.27689606
5.00345856
3.82706726
4.35892731
1.17427582
0.11710602
0.00679535
3.05078125
6.79252106
0.55029297
3.57661957
1.81498199
0.26411957
5.49475067
2.84171570
5.53560394
4.85310727
9.15631871
0.04330839
2.08410489
0.41702904
12.46789644
3.65271276
9.74654144
2.08203125
13.05200133
2.81400543
0.30122957
2.60351562
7.01562500
0.97789451
0.58410863
6.80859375
4.90509863
4.69255762
6.04687500
1.79199219
0.15136719
0.87500000
3.63041168
12.51057953
4.06250000
0.97363281
12.57433802
6.78800476
0.22461187
4.95409907
0.54537206
0.23669434
6.94813111
6.74868682
10.51216644
1.63671875
0.01670318
9.19966644
0.34774440
21.96402704
5.91097296
1.92622894
7.12365692
5.34899933
0.02661377
0.99039672
0.31302949
5.46093750
4.00000000
10.47823028
1.36063691
0.80801838
2.47970135
3.25390625
10.86283356
0.76656098
1.18066406
0.38273070
0.72200562
5.44531250
4.18705231
14.71875000
12.25919793
10.20289893
8.90022828
2.44877106
6.20613586
1.31481965
6.50390625
0.00563431
0.64941406
0.72363281
12.21875000
2.87500000
5.98274158
2.20866467
13.25585938
1.89853595
10.47620829
5.93359375
0.74169922
1.20906555
0.11698426
7.14062500
7.80956782
3.96679937
11.87923094
0.60758547
9.85323028
0.26517793
0.32885742
1.07641041
0.17118877
13.25781250
5.38326019
0.53906250
3.88036736
0.89502327
0.44238281
5.98742022
15.18298869
17.69433718
9.32812500
5.04988586
0.43009461
1.30371094
3.63476562
1.36018789
1.48686945
0.03262329
2.68630290
3.15733266
9.82332611
5.19376524
50.40694246
0.82897980
8.42187500
6.98347961
1.16291534
5.68566490
2.57043649
1.13867188
6.94461880
3.08032413
13.51244681
3.03682901
9.77148438
5.17187500
13.38529449
5.82857269
8.90788757
1.15047180
2.46040614
1.72017550
9.14103335
3.15567930
4.82824800
6.60982269
0.38891602
4.40401153
12.75752715
2.18542387
4.45682956
8.45402039
0.22070312
2.12231383
7.01831117
3.53864916
6.35588209
0.59277344
4.33597684
6.20406222
6.63671875
2.62500000
26.11407677
9.43035682
6.68347075
2.63985261
8.55904144
26.27217310
17.10628546
4.06730164
0.13317871
3.46594083
0.69433282
8.90072030
4.26350953
7.30859375
1.28658051
6.03503325
3.88488863
0.09861236
5.86913564
14.79134530
2.70625886
7.29927582
12.29341644
11.44211437
3.90118793
2.30513519
0.19153839
11.82466644
3.32812500
15.96235428
3.13094802
2.52583832
4.86718750
0.90380859
0.57128906
4.68916279
3.36943096
4.65421446
1.32043550
10.44201131
3.28019725
11.65640736
1.87724346
11.64318817
6.34163453
1.54740387
10.28767509
0.88855385
19.08837891
2.14463256
6.76306183
0.45332855
4.40535461
1.63167110
0.04524968
1.46289062
5.33673096
1.06445312
0.54570002
10.60359929
12.19620789
3.12756317
1.09606279
6.80644392
2.18253601
15.88281250
10.91525707
10.96899601
4.43750000
4.24609375
5.50768950
5.91767842
4.95398603
1.14843750
4.50455563
0.21663578
6.93359375
2.86576324
5.80680297
7.39286347
9.62756317
0.46765168
4.68375111
2.60921764
0.80863434
9.18200466
32.02714206
3.00435394
4.69620789
3.80610428
2.01705673
3.41015625
2.63308040
10.61504764
8.50345856
8.37027704
1.17891761
4.58288232
4.02169104
3.53951019
5.47086547
8.56874603
3.73917664
24.55969083
2.60018007
5.95190492
6.21138519
15.14843750
1.97656250
5.45979610
1.28194370
3.21440488
10.08634585
9.37756317
5.88806183
1.76428192
3.42952515
1.65527344
8.32031250
10.50292720
5.14298648
8.62740082
5.32389406
0.82613129
6.24595891
1.48700243
3.47009308
4.50736481
1.47363281
2.22115082
3.39213043
0.63081879
0.16918945
10.49920768
25.49477595
22.11088541
24.60766788
19.28995789
3.56200798
0.63188026
0.72847504
3.46093750
2.05604034
1.53417720
2.47424534
2.18298371
11.11718750
4.41361481
2.66415226
1.92464234
4.06595856
1.57759613
6.83915005
7.86616911
9.44222296
3.33292664
9.70312500
0.07763672
5.75374266
6.57522718
8.34754321
3.18427619
1.10644531
0.85050290
5.89546598
3.69222296
4.17578125
8.21443664
5.63370789
7.88834220
10.45015846
2.63378657
21.26436309
10.19787567
9.72526374
6.16149933
11.15535461
7.94038786
2.54008089
9.71529144
9.52526264
2.01815381
6.19217864
0.20532289
5.22761525
3.80221580
4.97624778
13.40445922
1.35424867
3.92801626
10.48987034
12.09889834
3.64676972
3.03125000
8.42012107
3.89233710
3.38773714
5.39843750
0.00746674
9.49039672
3.58728058
11.39843750
0.63037109
2.17434079
1.34042940
6.52132203
5.37455231
12.06852172
8.35681183
3.32128657
8.44006317
6.70048315
0.18859863
0.00457764
12.14493150
5.62887189
1.93457031
3.65519226
11.46529144
0.04891968
1.53125000
5.52689606
4.91499225
1.31901623
4.45011414
0.06711853
5.98437500
2.46357561
8.22396498
1.42036957
15.24898161
5.47880097
4.84989472
8.96875000
5.79462656
1.29957114
8.41971832
8.51997894
0.36860107
2.89632203
4.69832336
2.96333832
1.46822113
5.14017731
2.88326019
8.35502106
-0.00227600
8.87064606
8.51562500
6.32295435
13.79332780
2.86268118
7.62500000
11.51985594
6.71016511
3.22851562
1.18599457
2.76367188
5.86673731
7.88830784
7.56429078
0.73144531
6.79793274
22.68840546
1.26118988
7.87890625
0.07226562
1.16601562
7.78125000
4.56640625
9.34285461
0.12912901
1.89990359
10.97656250
0.89160156
5.48152150
8.86295656
2.92476784
1.25907441
4.28079732
2.86373393
0.35986328
2.66934619
8.17086159
1.93278202
6.97656250
1.31197113
0.53710938
8.40625000
1.31102384
8.78226839
7.21484375
0.00349998
3.00000000
16.75617908
5.08757092
2.28515625
5.15535461
4.49067210
1.25932790
4.13761414
2.90657469
9.71797761
0.36128754
1.01757812
14.81376129
11.31738032
3.36922429
1.91638215
16.43796659
2.30464816
52.54151708
14.38882105
9.50524933
27.27774712
13.30468999
3.22367464
2.97611481
5.48482269
3.05078125
0.94974762
5.21683622
4.23673648
9.95133422
2.30212433
10.12068041
6.60934064
1.73002106
5.01531495
3.98677582
2.71289062
0.20593262
13.35212074
8.44768395
0.01148224
2.29988967
5.23229738
11.83683289
2.21423371
2.21317597
4.24609375
4.50390625
0.27441406
0.02239990
0.37402344
12.50345856
0.18692961
0.33028230
2.41255707
7.59285461
27.26253048
6.87593785
8.72644801
5.98905613
1.90531527
3.57873504
10.14094471
3.51469525
6.17375096
0.37660405
5.10982269
12.55379211
5.75202682
9.09081782
5.25334552
4.57613253
8.12845856
5.66543060
17.88960785
4.80948914
1.75072806
1.40161569
7.08930741
1.93803634
1.83433442
0.35637660
7.92545828
5.04520722
4.52388519
12.50952940
4.20423204
7.20031583
3.09745456
5.26127106
2.95312500
0.22298187
13.76562500
3.82332336
6.75654810
5.52124335
1.41646332
0.37526210
0.04618566
0.61865234
10.77382093
1.92539782
12.32554818
3.26486258
4.17968750
23.23427120
4.46207890
4.53515625
5.91796875
3.28906250
19.38202787
4.57108489
0.64612034
5.55635528
8.85945680
1.54101562
8.83247894
8.97163619
8.16850509
3.31083222
2.76896055
2.34627382
3.21830231
7.35591644
5.32722961
0.06068939
3.14648438
6.44420546
1.33358599
0.69430702
4.99353058
5.54642731
9.16662567
15.15022828
6.41137633
4.16361481
3.97876802
2.14770446
4.41329011
1.14994293
11.06250000
0.02368164
3.78755707
2.72289728
5.44323388
0.41702904
12.46789644
3.64880651
14.61885528
1.11108461
2.21289062
7.00390625
0.97272475
0.67435948
6.93705231
6.47459941
3.65108931
5.81030585
2.28320312
1.35937500
4.06787109
11.14843750
0.93115234
0.81103516
11.72489192
9.19868739
0.30094858
6.30439717
0.65894115
0.20568848
5.70730165
23.56283466
10.07707225
2.98091644
7.93359375
6.68359375
0.05903106
1.30387466
0.23352082
7.03951019
6.51953125
7.26562500
3.57617188
2.31835938
4.76953125
2.30468750
2.84765625
0.23441559
13.36677416
9.93746564
2.40128601
0.06469727
0.35998504
6.38024933
10.46679688
3.89680907
1.34883699
6.31685394
0.00338745
0.28564453
0.18365479
14.65189606
8.27217310
1.57788397
8.95552307
6.41406250
1.20357269
11.99853516
5.81295268
7.96183289
3.07722961
1.10192902
9.82531583
0.52966464
0.36352539
1.12019338
2.30709330
10.49654144
5.57812500
0.25683594
6.27497729
15.43644725
18.70263796
8.87500000
4.77945922
0.50813844
1.69726562
3.58398438
1.83443485
2.18190159
0.02151489
2.58250974
4.63767840
8.83277988
5.62625693
49.01212960
0.88749238
8.94095856
0.12898773
1.48730469
2.25781250
0.01548767
6.16865996
6.68220634
2.82568033
1.61177582
8.58467310
2.96370733
12.89245014
3.08065381
9.11132812
5.31250000
13.04394531
4.33504211
8.93774658
6.40323914
0.93843598
2.61132812
4.70731411
8.19014683
3.59830563
4.46329898
7.17277039
0.31298828
4.95914672
12.09256926
2.01798399
4.01631870
7.89542664
0.19042969
1.61608793
6.33703707
3.40791279
6.00810283
0.54687500
4.23388547
6.07275515
5.15970856
25.35585966
8.86236147
9.91483489
2.74202515
7.75000000
14.07308782
14.75191378
0.64546723
8.95535351
0.92297955
9.14970190
4.12723847
6.71048981
1.61132812
6.08235594
4.62902925
0.11578369
5.69469748
1.25993295
1.72318512
8.27388519
4.32421875
12.16393950
2.10274324
15.69787567
0.36043336
7.41752106
9.65266844
11.72143617
0.21492555
9.40445922
5.21708222
19.12177749
3.30791001
2.59765625
6.01171875
0.83251953
0.39774566
4.65836049
3.82361369
4.90429656
1.12874390
10.39998227
1.80607242
9.89309952
0.89055130
8.94608489
2.98946199
26.06095336
3.30672180
8.62768617
1.03666168
7.96170989
6.44827904
0.15979471
6.98392731
7.65181488
1.24609375
0.92832511
3.15043495
4.55346742
6.57031250
5.22867797
0.77636719
3.48833190
7.47265625
3.03243074
4.85111481
3.63972961
5.72883533
5.15532025
0.42606598
5.86348294
0.14746281
7.45703125
5.55814606
3.14798981
5.58292664
7.96785461
0.33317078
4.99881428
2.74923260
0.70068359
9.82156694
31.53345412
3.86914062
4.43269836
5.29479389
1.60693982
4.41752106
2.98517676
9.95037012
9.29687500
8.75231716
0.95764378
3.79951934
3.60966035
3.57031250
5.74173981
9.13069503
3.37243683
26.58918939
1.97676917
4.36853058
6.04642731
9.76562500
6.44140625
0.10329193
3.92235001
12.53422401
9.03291778
5.76049867
1.90242492
3.76261414
2.09960938
16.66983821
4.59957003
8.72774324
6.16451019
1.15083832
8.71681690
1.81866466
4.31587738
4.11763519
1.84134918
2.50585938
4.45312500
1.10156250
0.19934082
9.71621122
26.10919924
21.96769725
24.16483738
2.39676972
7.00557403
0.76639863
0.99418121
5.89497894
2.60655181
1.82694177
2.35026374
2.00284851
10.72220856
4.49173981
2.68611633
1.28694703
4.08158356
9.61820340
8.51822751
9.52034796
16.08548981
10.53783245
8.13660571
3.68910947
1.13671875
0.72155606
5.89660489
3.63257147
3.65234375
9.92622863
5.46183289
6.87629876
11.65201906
5.45996343
13.41471188
11.22798427
9.34078346
5.70402039
10.26037567
7.88570036
2.41597628
9.67968750
5.53682403
3.29174867
5.25333555
0.10396425
3.71670823
6.60838736
4.51819813
10.85758422
0.98811890
4.19557436
10.13920323
11.84566316
3.59057679
3.58789062
8.58503713
3.03975620
4.22892398
10.65380984
3.65804078
6.40625000
0.39721680
2.20815458
1.20867464
6.69307403
6.54130097
2.56025654
8.23848294
7.09562943
0.26542145
0.00780869
13.45112755
4.14990359
2.23791722
6.96093750
1.71728391
6.48493573
1.32077016
7.84899933
0.01219696
4.74218750
1.99080009
9.32515846
1.60298676
16.01806516
7.27433289
4.71061281
8.00435394
3.32225566
0.79147329
9.67476379
7.75435394
0.63031494
13.67277039
9.82377106
6.08121454
15.46130651
7.80638963
8.94104720
10.20222961
13.74564606
6.47701019
7.78291778
1.67793855
2.04687500
4.45043883
3.28238642
8.01086768
0.97581876
4.32177859
0.49637848
6.24609375
22.54046112
8.48091644
3.71919769
10.38627106
0.08807311
7.05000886
12.45210661
4.15726839
9.60998006
7.57471077
2.67663730
8.04252106
1.10689301
0.59720856
8.15279144
1.09706648
10.97322695
1.55273438
0.56302513
3.40478889
2.17818207
5.40970856
4.91747175
1.55127825
4.47701019
2.48604278
1.77372285
1.68457031
6.43750000
14.08874418
27.38871122
9.70690825
28.78332613
8.20862034
4.62109375
1.32564301
6.88110040
3.60673315
10.88972961
2.22399933
11.02603502
6.83635084
2.72281860
6.81298371
6.19441711
2.63415558
1.39648438
26.08812168
8.44703457
0.00838470
3.16651366
5.09311995
12.15279144
2.69409242
2.71423371
5.07377106
4.58638519
0.35571289
0.02001953
0.39599609
10.86718750
0.07802519
0.24174043
2.46484375
6.95312500
32.70300200
9.33323244
2.07416542
10.08231909
2.00793550
3.52990692
8.78103835
1.44641954
6.26562500
10.24910461
4.93716534
8.24584774
4.68885305
4.41418550
7.43269836
4.96635925
16.81998719
4.51652039
1.90164755
1.43331338
6.88650710
1.74089372
2.15351605
0.44467807
8.24877867
4.62723847
4.28560394
12.03652170
4.10682180
6.77363919
3.22636081
5.20703125
2.66060394
0.22399902
9.81250000
8.71581782
6.69389073
1.16451019
0.22739530
0.05123019
0.73193359
10.15024270
3.75165336
6.03515625
6.01997894
10.65625000
5.86283356
15.87577239
10.18054262
4.29418883
7.59126738
5.89599734
1.34728973
5.01350953
3.28515625
3.84375000
3.41686108
4.34664782
3.49987700
2.60994570
4.82466644
7.81205231
1.58886719
3.64017731
2.36776593
9.22840259
1.80655945
5.39798981
8.63537567
14.54085328
4.57710661
4.37813386
3.71184571
4.00826019
2.96394836
4.71529144
5.15669769
3.68204150
0.23669216
0.91325077
3.51953125
6.30513519
4.52856383
13.79376552
2.49708776
8.88630541
3.88790447
10.55000886
8.29341644
6.27388519
6.73290891
5.67580564
17.34429631
8.79836548
5.88221741
0.34844971
6.67142731
7.43867576
5.20585549
0.94335938
4.00695645
2.78934536
6.16170600
8.12756317
2.51997894
12.58683289
0.72224914
1.97062195
11.88956314
7.64449004
6.63985261
6.49328458
2.91662567
3.18611757
2.33036347
6.73002106
2.33728058
12.45408910
10.04440547
6.54296875
0.09979248
2.35546875
6.33068193
6.54236369
6.01184175
4.30948914
1.87064606
0.28332395
10.61978502
7.25444259
9.81172761
1.52201324
10.12935394
8.14139739
2.15173371
10.44708947
1.47367714
12.40625000
1.26349831
2.27702903
1.36230469
4.02648272
25.28250888
4.91187387
7.52131891
1.27405003
13.33170656
1.58203125
9.98514557
6.62226951
0.10722268
2.04341644
6.90209774
0.66479679
1.27050781
2.19632591
1.10836159
1.16210938
1.77636719
2.07421875
12.39920989
1.22586101
0.21416251
0.04354858
3.18963104
8.24218750
3.38911957
5.80859375
3.83007812
1.53027344
0.63871246
9.20624890
1.45630817
4.71882681
10.95675088
12.19185394
11.72159290
3.39257812
6.07031250
4.43359375
0.82470703
8.72220856
0.14070648
4.49039672
3.09163453
0.43652281
2.35082946
0.27465945
8.70133422
1.82286102
2.09164948
2.88867188
0.04661041
1.22383637
6.14798981
0.39090910
11.36672029
0.83068817
9.01306183
50.00691711
8.99129211
8.03739472
16.54397655
1.19068317
1.17525238
6.67585993
3.50187444
4.80598626
5.39713874
19.08939606
4.60367797
0.30961152
0.52900903
1.71415503
2.14648438
6.19921875
0.06878662
4.49738753
2.52409685
8.25256317
8.39139739
0.85701227
0.55517952
4.80940548
5.75895390
2.83203125
3.70027649
6.60982269
6.08146055
0.02128207
3.48570313
3.02752105
5.61193817
3.19470246
3.32836603
0.15987464
5.54313110
8.23055055
10.73586761
0.37429498
0.08000007
11.03710938
2.58430657
1.74284186
1.82832669
4.59265292
0.40686004
8.20145722
3.79711914
13.97440271
-0.15933923
0.07233642
8.17366578
6.09330231
46.61189384
2.43184729
1.45084718
2.84765625
8.27343750
0.01541901
6.44698028
2.26542207
4.68705231
0.97163536
0.02567909
8.18660461
0.03674348
12.61328125
6.04296875
0.65429688
0.01958710
10.15279144
4.70312500
5.93314606
10.23168883
2.10079011
0.61869293
5.36763519
6.98046875
7.43705231
10.33247894
5.84375000
0.47631836
4.75308580
15.13517896
6.02388519
4.66515958
4.00447695
2.95450743
5.05403812
1.99218750
8.48002106
8.20914672
9.90368683
13.28560394
5.65144836
1.74601258
15.00878657
11.44715487
0.93672637
2.23071476
3.58638519
3.11050117
7.32599956
7.25079232
2.87650543
2.66015625
0.95113129
3.32963043
2.48644116
0.63074634
5.37286958
4.51490691
2.88326019
3.28605164
5.96402704
7.45097019
5.99711214
0.16760254
0.26757812
3.24959165
1.37947695
8.31429078
3.28906250
12.47265625
14.31595856
6.26749446
2.90828679
5.93793773
3.87065602
8.77779144
3.12125610
0.94026734
6.21289062
5.37109375
16.22743795
3.93874002
12.19620789
5.74133145
2.94466312
7.71093750
4.25044769
6.67923981
4.59765625
0.39473480
5.62109375
5.95267731
1.77486176
4.47611481
5.38448028
8.42456117
1.50052887
0.71337891
0.71870941
3.52555297
1.69177277
11.32466644
6.15234375
2.75329247
43.99088874
0.99562592
9.04252106
1.11523438
0.49910461
5.50524933
4.54508422
0.64827515
0.35180664
2.82844969
10.31083222
3.96423371
5.08203125
4.92923981
8.19380707
6.93774414
1.86914062
7.25781250
0.70206290
0.06429452
11.92187500
4.69140625
2.52734375
1.75248199
0.11787934
0.60351562
4.91796875
5.76953125
0.11236572
0.03457642
0.12453186
0.88566101
0.25000000
4.03942466
3.14396553
11.42427582
11.60168457
1.63281250
2.87890625
8.25000000
30.16084466
3.20137854
21.23437899
9.52055961
6.75736481
4.69441711
9.06429078
8.49564606
2.02388519
7.66406250
2.33398438
11.27539062
2.06818581
14.66496786
3.16239472
2.62304688
7.93436614
10.33796931
22.95377936
4.74263519
5.01171875
1.84977172
5.11551972
10.32812500
3.95898438
0.26098633
11.66406250
1.92346160
7.46072585
8.26673204
14.94531250
0.36958832
9.93750000
0.63769531
7.13057403
17.69643075
3.18161125
6.58369903
2.16044160
4.01953125
0.79683441
0.59720856
0.19104004
0.58687348
5.33939606
0.02879853
0.06189972
2.20312500
1.75121946
4.71630984
5.70463043
4.85636414
14.49218750
4.39843750
3.13867188
4.18302305
9.58260195
0.01395416
4.36975067
1.69665558
10.98002106
7.06294769
0.89164215
0.65035004
1.85021942
1.80025238
5.96964539
6.61673981
5.11372894
11.17443817
2.67517121
5.29687500
6.82567986
6.75594304
4.49275820
10.20491578
3.99609375
8.60233489
8.25614472
0.16585297
7.37125111
10.75475732
4.24976396
6.90201906
14.35847961
11.98556965
3.65713985
1.72199877
3.01453291
5.12967864
8.12422761
0.38326019
4.09240692
0.79919340
4.74231050
0.63269074
0.58105469
2.44726562
5.69877106
1.44156860
0.92655488
0.29150391
9.56250000
0.17948332
10.05737367
1.66353363
10.72119016
44.81057126
6.00887771
7.05424977
4.93302305
1.94287234
7.45747894
10.95312500
0.39131684
2.86523438
5.10546875
9.75781250
1.49421557
10.48869459
11.15820312
2.68196532
5.65547761
4.73046875
0.06783051
1.22513824
7.32198028
5.50166778
2.86625277
10.12996399
8.12832745
2.99341755
6.14876219
4.57735261
1.42753020
16.79512574
7.96443726
6.39062500
4.40234375
13.21093750
0.73535156
2.78381317
5.54142273
11.80904144
2.29687500
0.72806793
0.00789398
11.89770508
3.86869293
7.37154144
0.45359916
3.15914284
3.09615082
6.72265625
1.29545074
3.12446366
10.96448470
12.47448762
5.60156250
0.11753326
0.08064789
0.69189453
11.37231383
0.56225648
0.26641846
2.27370914
1.66037289
11.61283356
0.14843750
6.96529144
4.96830231
0.71516937
10.22656250
0.02040100
3.82739196
5.49487367
1.92354278
3.79325410
2.30273438
43.18750000
4.18705231
6.05663876
0.56417027
1.64160156
3.96830231
5.21024130
17.51807014
6.79655031
4.71875000
3.25781250
9.93863891
8.61873227
8.81815769
5.08203125
8.50435394
1.09570312
5.93778037
8.67061807
3.00976562
6.86328125
0.93461090
2.94726562
3.22701019
6.00781250
13.32714844
4.37397662
0.04594525
4.05521637
1.85937500
2.88911957
1.51757812
0.45145660
0.01906342
4.19095856
5.40279144
9.33593750
0.23266602
4.23783356
1.46756178
6.25021165
6.12141844
0.93859957
4.51414894
4.02100731
2.00736481
2.78609098
15.58695589
0.40283203
0.95200062
13.10653147
1.27587517
9.03878213
0.52246094
3.83593750
4.52343750
5.49564606
13.96529144
0.69677734
0.68505859
0.01637268
4.66406250
12.76000914
4.29475953
9.25089539
10.15189606
2.49173981
5.50870789
5.02990692
2.18253601
14.05468750
1.51074219
10.70059619
4.27551861
10.15128103
13.22371897
22.68058289
10.47220856
2.81009918
0.03166718
5.14407359
11.74016317
1.57127722
7.83183953
3.20747894
2.10156250
9.75000000
11.89062500
1.51757812
0.39896637
6.09810394
6.09375000
0.87894684
14.06685394
0.10349518
1.31685394
15.88056406
7.30770833
1.09590730
13.63484680
4.23551453
2.35351562
4.59765625
19.08504211
2.95597351
0.61767578
0.63281250
7.95312500
2.89648438
8.25781250
0.28816711
0.08530701
10.28112700
2.92915489
2.58415170
1.94445770
35.45446808
0.42163086
17.15234375
7.60151818
5.58207557
4.74706782
1.77982823
6.19429411
5.49564606
0.77974582
4.25390625
0.11218262
5.17923981
1.60786957
9.64297651
8.38391954
12.64318817
9.37117243
8.77144384
8.99743683
4.03165337
5.22660682
1.72709137
0.90527219
10.99743683
0.46248476
0.39803039
1.76118988
7.57031250
0.37910980
0.33935547
4.31986481
17.41246344
0.23669216
0.91325077
3.51953125
6.30513519
4.52856383
0.13879457
1.88769531
7.82128657
0.56494390
6.27298981
7.82377106
7.90714539
1.60351562
1.94714262
3.04791529
9.96490303
8.10329899
4.09591976
0.13747268
5.78112700
4.29744570
5.71875000
11.57377106
3.76570368
6.09875769
8.81160461
2.33097351
3.96679688
2.10111481
1.85847961
3.68839539
0.67126371
1.74576906
8.94441711
2.64632203
12.44664562
2.03968251
11.71606134
6.52771276
2.16841644
4.44620789
2.22806793
0.15677887
13.66015625
1.15909851
0.60449219
1.55094360
1.05798371
0.62605774
1.34224457
12.27341300
1.67310006
14.11283356
1.90436154
2.48658909
2.47265625
3.41324330
7.20642619
0.36372894
0.49096680
2.05725067
0.57605012
0.19217895
4.85681183
12.02409363
8.74144947
0.11890209
2.63716644
7.69628657
0.58203374
2.86328125
0.10308838
0.39599609
3.45507812
1.38769531
13.48783356
1.81565825
0.33908632
0.02435303
1.00357014
3.30017619
3.19531250
11.33247894
10.57481766
0.73278715
0.03768007
0.16259766
0.06839965
1.66931183
2.55513519
8.66406250
5.60742188
0.65283203
5.43855275
0.35002147
4.25935353
10.46875498
13.19531250
11.60137819
3.13327016
11.24039672
0.71878685
4.13810616
5.54431183
1.28222656
0.70991911
0.36324129
1.86214234
0.23278809
0.29760742
4.35156250
4.95434508
4.68192597
48.67097961
10.12500000
8.72399933
15.22142776
1.25232712
1.95019531
5.27709774
3.66581394
5.50199247
6.43204898
17.98632812
5.93526153
0.33695527
0.50858270
3.24886358
2.03515625
7.04252106
0.07985443
5.78526929
3.16004321
8.88972961
9.68660461
0.81656610
0.44743171
2.86478543
6.84521609
3.36763519
3.37276153
6.42020722
8.17956450
0.03540133
4.12701685
4.07956670
6.02600067
3.38460328
10.38688110
7.98372437
11.01369720
0.40860681
0.03849616
14.97363281
2.27404598
1.76098820
2.08207059
1.42732851
0.37162262
7.77087433
3.39497894
10.90177305
0.09627382
0.26363067
8.48270722
7.46875000
9.74910461
1.29137841
1.45219276
2.63085938
9.98002106
0.00613922
5.86381012
7.75345856
0.97139309
0.03255406
7.14741911
0.10782992
14.14648438
6.83984375
0.88818359
0.02646881
10.35591644
3.80468750
4.68750000
9.46606383
2.46903535
1.40181488
3.15425006
12.01188608
4.82478945
1.67224152
4.68794769
3.68811536
8.52877548
1.04280640
1.43306488
1.96822113
2.20853668
4.88597574
0.70191489
6.50751220
3.98813386
3.77779144
3.18599457
7.64684841
5.40165254
5.53841312
0.18627930
0.17138672
4.48469969
1.12422761
7.79296875
1.99654144
5.95250998
6.49670877
3.99759918
7.16451019
6.75846188
2.95052249
4.88866689
2.95809397
8.10245789
2.48469969
0.90153078
8.82617188
4.15234375
8.05244903
1.15563996
7.85982269
3.36478356
2.37565436
8.65970856
4.07076019
6.58939606
3.62695312
0.45992035
3.95312500
4.64062500
1.71289062
3.89648438
5.08715758
8.81518617
0.59423828
0.53076172
1.10156250
0.11702453
1.68208832
10.41060394
6.49218750
2.98640556
45.41890846
1.11629242
7.18615692
1.67765320
0.41410309
4.59029144
5.30725067
1.27718140
0.16857910
3.29374114
10.33772828
2.55362976
4.64888519
5.41015625
8.63281250
7.40275055
1.82076019
7.13525391
0.84272724
0.07206768
12.39843750
4.66363525
2.46484375
1.80619293
0.08064789
0.67187500
4.12109375
5.94921875
0.11639404
0.02226257
0.07056671
0.90474457
0.31982422
4.86441580
3.21155252
1.84419769
2.99218750
4.04252106
9.09029144
31.08971950
3.13590702
22.31137768
7.77080562
7.08894836
5.35201019
12.67622894
2.32377106
8.88281250
1.72167969
18.70092978
4.61201792
1.58446518
7.75265181
31.55904144
5.39587433
5.96875000
1.90026762
5.03918550
10.14497894
2.59134918
0.16194672
10.96439606
1.89310699
2.29764739
0.24694918
5.57421875
4.90148926
4.78816711
16.76348129
3.15031693
4.79764739
3.88895722
5.65572113
4.53560394
13.10502106
4.03169769
2.52539062
4.73168883
8.68237367
0.02233887
7.42053192
1.76696808
7.82812500
4.86576324
5.45703125
0.56831879
0.36035156
3.93375610
1.78747590
6.09810394
5.88281250
6.79597961
5.24263519
0.06447357
2.35502106
0.07094330
0.09124756
8.32990830
3.19841201
5.63704344
7.96451906
0.23229980
3.51277649
0.44022551
4.85725953
0.65848847
0.62792969
2.79492188
5.94095856
1.39611785
1.00765015
0.29101562
10.37500000
0.13602660
8.37679078
1.50150543
9.19787567
41.25690714
2.33296972
9.99996564
9.76306183
7.15816378
0.76424133
1.16291861
3.06478280
2.38940492
4.94921875
10.06250000
1.06989791
13.65768173
8.32279449
3.23799590
3.78047761
2.65039062
0.03741455
2.93900543
3.88297485
1.15262910
11.29687002
6.76741080
3.32243794
5.51293883
3.29370179
0.15356445
0.54817563
3.89253878
0.65559813
1.95520113
9.03125000
2.42968750
0.93221008
1.44966644
7.36104278
7.80122894
0.87723847
0.62109375
9.72900266
6.57133089
2.99804688
8.07466644
0.38593225
8.73218085
2.20552582
4.69245900
3.35225122
14.93771165
0.15014648
0.26639707
0.07381289
15.36498338
13.47127881
13.22627840
6.77779144
0.28206359
0.15397156
0.87011719
11.46516844
0.38175539
0.44940186
3.28729361
2.85626107
11.09720856
0.10054535
6.83203125
5.17578125
0.52697754
10.85156250
0.06372070
4.31807403
5.07645722
1.90934203
3.63220246
2.37500000
43.00044769
4.19531250
7.96573665
0.69393132
1.77982574
4.39888519
5.57580161
20.16321143
7.17456117
4.30078125
3.93164062
10.08203094
7.33101286
3.16508089
6.86372894
2.83833832
5.34765625
14.39648438
4.96821366
0.03711685
4.09134918
1.86718750
6.73437500
1.62349457
0.10784881
0.06138123
5.10892731
5.31730164
10.15535461
0.38932312
7.11283356
0.80211935
4.69938608
3.62003601
2.61975067
0.59362824
5.71910905
3.40198470
2.73392731
3.25813719
15.20719484
0.37504059
0.98639393
12.83744791
1.81916861
8.88175975
0.51123047
4.04732269
4.74955231
5.82076019
9.24564606
0.12691254
2.94726562
11.24340758
5.57556183
4.29821808
10.01127106
5.36372894
0.20283996
2.45161957
8.52343750
0.31612152
6.32270834
4.13342752
8.36795490
12.88444592
22.68184418
10.12500000
2.53470856
0.02745575
4.96777344
1.70758949
3.31173758
2.99336824
10.03906250
10.64843750
1.57910156
1.06152344
7.15189606
3.48347961
1.03995789
10.89754211
1.64880402
9.68009087
7.43709663
21.25353973
7.13024933
4.03080231
2.52734375
2.60591644
4.04296875
12.94877106
9.16060394
11.03381317
5.82165558
3.71093750
11.81160461
5.39953333
2.52860815
2.43074524
21.32706726
10.50691711
2.09122742
4.15124169
1.95813331
4.63057403
2.95222961
0.77120027
5.33984375
2.12890625
16.44167665
2.07350066
4.13313719
4.33304933
5.11763519
2.15897551
11.36539672
0.71439730
0.83553039
1.67374695
0.82132965
0.02769989
5.30078125
3.84720856
17.35997133
0.06762633
0.19510957
7.94698028
6.49353058
6.38500665
3.34200354
17.10289139
1.25142426
10.38191711
3.26802582
2.57181793
3.36914062
8.62589539
3.06163398
2.20399102
1.39453125
12.99218750
0.81664977
6.24157746
7.43884308
3.27180907
10.42903064
4.84070478
2.09419769
12.61283356
1.99849457
0.98050934
7.03169769
2.06250000
1.56729126
6.84326172
6.80725067
11.49157746
8.09720856
6.41841644
4.77901153
0.62284394
1.10839844
3.17879211
1.27823914
0.99157381
1.16406250
2.25545102
0.34659976
9.72196255
0.67574253
11.65189606
0.77685547
12.99731383
0.30957094
10.83247894
1.77343750
4.65234375
0.87686510
1.74304853
6.62845856
3.63761414
1.65234375
1.84037262
4.35937500
1.23356078
0.41068574
4.44140625
2.30817792
5.36999667
2.49138076
7.77868683
8.04597961
2.10689301
19.33096853
1.97546542
13.52213874
17.95312500
4.27834719
20.09029144
6.17605165
5.92556515
0.89595551
1.35742188
3.02148438
8.26806641
3.88940430
11.28807846
10.89071365
9.03727172
8.41674867
2.30859375
4.85549937
3.64942154
12.65547761
2.94751163
15.62500000
1.23437500
0.80082184
6.81787109
2.63716644
0.71484375
4.67533356
7.02197141
6.15629183
4.51607269
6.10758422
2.41434785
9.57812500
8.86816406
2.72265625
4.99218750
10.13561981
1.20365387
0.75280793
4.37154144
19.45068359
3.71679688
5.24755859
6.98783356
4.15669769
0.09222412
7.27441406
6.49511719
1.14941406
1.17504883
14.19160794
10.74283688
5.38541999
6.33593750
0.76411957
0.06970215
1.73730469
9.41214872
2.76403591
7.12850288
3.21830231
1.29732269
4.02164672
3.73107879
1.55106660
0.22456879
4.17068865
4.09025709
11.74218750
6.45947141
7.62512300
0.80684231
8.89343417
3.60184785
10.83848976
4.20480274
1.90560062
20.38615624
3.56289892
2.22554404
6.44519946
4.14062500
5.67879211
4.88806183
4.13882924
5.30408244
0.80517578
4.24218750
2.68615692
0.13362672
1.66556793
4.80904144
1.95996094
0.04471832
1.55664062
6.04018863
3.22258754
3.47985871
5.34683206
44.44910571
11.46293246
5.90144836
7.10534575
3.48327792
6.74609375
32.30667997
19.90983156
3.51635804
4.78125000
0.47973571
9.95926972
3.19939790
0.38255706
2.74218750
3.38740965
15.38594636
5.96964539
0.98681641
0.13498932
1.84419769
14.40360504
3.93977782
0.41027925
2.88085938
10.04601397
2.69422041
4.35156250
14.27528848
9.91952349
6.30078125
5.67887577
3.06054688
5.76953125
3.42338043
0.04714966
12.66891999
2.61389129
0.74650086
3.03470856
2.88521332
5.61136747
7.33088985
11.76912788
14.08203125
4.23828125
3.87475399
1.25077488
12.47566711
0.16080750
2.34570312
9.09375000
5.85937500
-0.00419479
13.43252044
4.98046875
3.39522122
6.84452488
10.23233821
4.29318974
5.37154144
14.40625000
5.96907469
5.48014406
21.22839262
0.89652247
2.36483100
9.11335993
1.52486425
9.89408356
11.63281250
1.95402039
0.39916992
13.45581818
3.90291380
2.47421099
0.24194336
6.23346798
6.52535128
9.23347961
0.21590211
0.35689301
1.50781001
3.61531804
3.64107269
2.75000000
3.33083306
10.21941932
1.89355469
2.38715606
3.36181018
4.88668439
4.32377106
12.64050200
22.19694093
4.78141297
2.61283356
6.41451019
0.50244141
21.63171895
5.70976174
3.50284353
6.81974253
2.99576906
12.92830009
3.57515846
10.10156250
2.67081228
0.05863932
3.00976562
6.39017731
4.36307458
8.50293218
2.18660461
3.25447695
12.96952239
5.74654144
4.90067597
0.58199066
5.86673981
11.88016069
1.60812056
7.01216644
4.10892731
2.23710051
17.49458894
1.86816406
7.71093750
9.30854943
6.81331671
6.58170656
3.49075577
2.95260361
9.39843750
2.97611481
0.54736297
0.90515168
1.98351895
17.60290683
7.48502438
3.60917331
15.79451352
5.33829898
6.30423981
0.87548828
5.23258422
3.75881843
5.96119348
4.59720856
5.15625000
3.19726562
7.94217864
0.13187746
11.89408356
4.73684453
5.89401484
4.56835938
1.11747223
4.42622894
4.96138519
1.18590592
1.50550033
0.42431641
1.79620050
8.55515958
5.60109042
11.38305851
6.87992464
3.51908356
7.11177582
3.91601562
6.01927527
11.77759973
4.63627106
8.46695922
12.53449690
4.27356549
5.33329565
14.03702540
5.06587987
13.10748955
11.06555518
8.19185394
1.77351867
11.32176862
2.05607989
1.11718750
0.05297852
20.86611730
5.63697473
7.07991578
1.85111481
8.02779144
5.50781250
3.82548004
3.05513519
10.86283356
10.44634531
1.35097738
1.25211547
2.95100953
3.35546875
15.06205231
2.14424092
2.76111369
11.64062500
1.55017121
17.87500000
9.85937500
0.10424805
4.14619903
4.27522828
1.07076019
11.01287363
1.45555074
11.59171766
6.93985703
22.16905586
1.88726008
10.54943817
2.23225953
9.00645820
8.92619957
8.44531250
12.35502106
4.75826019
13.37064606
7.04341644
3.78344727
7.46992638
7.49088874
6.40804078
3.11328125
1.29492188
2.41254057
2.01273714
3.68933012
9.28918550
0.83357727
1.63130707
6.50630707
8.66406250
6.59765625
2.68164062
0.81738281
3.34396269
8.34989472
2.72985871
8.48749890
2.22299091
7.59855164
12.74475067
8.09273161
6.37300753
6.76985594
9.37589539
7.97310394
0.26078340
9.29341644
1.68098875
2.48405031
10.72354666
19.90059729
2.58760528
2.90039062
18.37959995
8.88012633
4.55737367
4.78906250
18.14615470
5.53483156
7.95173759
4.76225509
11.78727172
2.61002438
1.38590702
2.20479028
2.42179632
14.66886414
14.96785461
17.36701020
0.21884613
4.41780142
6.87081338
16.46577350
8.29098127
6.34586547
15.27947364
5.36308953
2.72115082
2.78371704
3.23154144
4.61905945
3.14107269
11.80342310
1.95202792
4.78361148
4.14843750
3.24898161
6.98148714
14.27689606
2.94531250
10.72512080
1.59128545
4.72106716
3.88094304
2.98632812
0.12842741
10.89053074
6.83216422
6.54244237
7.24609375
0.29418945
6.13236481
4.96162124
5.84351396
15.10057846
4.40678634
2.92488586
5.27087433
9.31152344
11.19095856
1.56436697
4.18147828
3.66378213
14.51562500
1.48632812
0.35843902
0.25264496
10.70812833
1.65119612
5.99520833
7.86283356
14.45121122
3.15560062
3.96951740
2.90308178
25.51903923
4.25480164
7.40316046
11.65804078
11.73412899
3.84924534
1.38378906
1.53751275
5.64022163
9.25736481
5.83158356
2.57661957
15.08548981
5.74654144
0.82645598
2.76289949
4.80847075
7.08862367
6.33337433
9.90071282
9.60616245
10.70503878
8.80904144
8.10937500
0.21838379
6.50390625
1.48685699
10.88411126
3.27710272
1.04581726
10.22656250
0.09438049
10.85196587
1.72945534
7.74955231
2.28926419
5.96422873
10.35063275
14.91971521
7.05428413
14.65255558
8.23315990
5.32442044
11.27970523
6.83459442
27.90551197
13.92082225
17.35534575
10.20186309
6.18160128
17.36555408
7.27507092
5.35184287
4.36914561
4.10469636
10.47208555
1.55285738
3.75000000
12.74706782
0.25541417
9.25833888
5.81978612
3.77778646
7.17428080
4.77453458
9.41251773
5.78125000
8.68464650
2.33944038
6.33528812
21.32847196
7.82417941
5.67647309
3.42895446
3.74132148
1.67379875
7.81608156
3.20117188
6.68526153
1.44799867
4.49218750
9.82722961
0.13252746
6.03649933
1.03344415
5.65677638
3.11686779
1.90527344
0.59846922
2.33125886
0.08223480
0.58203125
1.46659145
0.03381317
2.27478058
3.71065215
5.06774933
7.21760860
4.85427312
6.30513519
4.00496399
2.03751648
1.35306793
9.51562500
2.51757812
6.14274047
1.00276734
1.14790863
6.81705563
8.54459718
10.19108156
6.75756649
15.65018396
5.83744791
3.03214539
10.77254211
2.38175476
1.00976562
8.00781250
2.40234375
1.45096832
8.63769531
6.93782469
11.31379876
5.01444924
7.29886747
0.58467559
7.57828236
16.51481826
2.11177582
11.24654144
1.75390625
4.54687500
0.80191455
1.65487256
7.28125000
3.73437500
1.79492188
2.38041168
2.41796875
0.08864350
4.19921875
2.74152940
4.57206892
2.83833832
7.03995789
8.76908356
1.49685990
11.23702681
3.35323090
3.50577073
17.89169021
0.01664734
0.20410032
6.48270722
5.80391511
10.13378906
4.87646484
10.07754433
11.69935172
5.04732269
3.50557403
4.64541916
5.87470261
0.36026883
3.78613032
8.08748725
5.11071808
6.16707336
1.78507508
8.95658356
9.01216644
4.02343750
7.25781250
7.53311126
0.64404297
0.54382355
4.68359375
16.79541016
4.18359375
11.30664062
7.54687500
6.68314606
0.16805023
7.47558594
6.57519531
1.73881012
15.06490082
8.51127106
8.15962738
2.32812500
6.59240692
3.06294769
5.51607269
11.77583832
7.56372008
8.51204344
4.02579898
6.17834442
5.77319149
1.14026097
5.04296875
4.28125000
11.01472961
9.85664451
3.87081338
10.18314606
4.94217864
3.77026429
0.28544035
8.59643617
2.82946808
13.80988379
3.25359153
1.86971132
0.49410004
12.55947676
4.01995011
2.18228082
6.34680518
3.94771332
4.53381317
5.02233918
2.93395778
6.24377659
0.37402344
8.22566711
0.35123719
1.14408356
4.97701019
1.64168274
1.27530945
1.41699219
5.31708687
2.97624778
3.38175476
4.28547596
42.42940713
11.73466035
6.01316155
1.91158051
2.76049867
6.24609375
28.60603696
3.82959109
19.99949365
12.13372534
3.87377992
4.73347961
2.57617188
3.64542664
14.99251219
1.60025876
0.76127355
1.76411957
7.65115803
3.11056072
7.63671875
12.91681987
5.01717974
3.47928801
3.30839206
9.12923094
0.93827363
3.37829621
0.89697266
6.80859375
4.60233489
2.55151429
3.42036957
0.42944336
1.64371703
5.86482602
10.60526706
18.28861481
2.75630707
3.72562279
0.86527870
13.43404144
0.14632172
3.24654144
8.14062500
5.94486481
-0.00248199
12.73587280
3.71919769
1.12691067
6.39335300
12.90844415
4.83329565
14.07710661
0.99914644
13.42533356
1.66345246
6.29341644
3.63822418
0.04201264
0.21215820
0.41100825
1.46818179
2.49426363
4.33638519
4.10350566
8.53884088
10.43683620
1.99698914
2.79923492
2.97326317
4.87264350
4.74686614
13.06392177
21.69425726
5.13277223
1.07820617
5.31339539
0.37333160
19.25345357
4.96655585
3.95564384
5.26701241
3.67692265
9.23042443
0.86678413
7.92968750
1.27530696
0.11263249
2.47310394
4.40580231
1.42158809
6.72892398
1.37748199
2.82930574
11.15779477
3.45129488
4.48616578
0.90083832
5.28125000
16.35502106
0.23600281
6.58984375
2.49369293
1.95458860
16.77815890
1.97709137
7.89062500
11.92508755
7.35258089
6.83996675
3.28397053
2.57540447
10.03906250
0.94482422
0.52488158
0.22664430
0.84912047
18.47778383
9.88077571
0.65389226
16.37247618
9.16495789
10.43493683
6.34118683
0.94380707
6.47566711
4.40851411
6.89515624
6.49027372
9.56005984
2.58097351
7.31372008
0.10518465
11.45312500
6.19545491
5.13417552
4.27917449
3.29902981
2.36246952
3.98872894
4.55468750
0.35976342
2.19747229
0.24108887
3.68879346
5.04849845
4.89254875
12.88114472
6.73014406
2.77388519
7.26517731
2.26367188
5.33189828
8.14031028
4.80122894
8.21785461
10.12836991
3.75386442
4.56539782
18.20572782
5.20894503
13.68409817
12.75716312
7.20312500
6.39485594
9.92475289
2.38937555
1.20214844
0.04733276
6.34976424
8.24646775
10.09720856
10.30904144
3.40669769
13.58504211
6.16406250
3.55244965
8.60558833
6.78328679
6.63716644
5.71573914
0.97998047
5.25433225
2.08740359
4.59228391
8.30224734
0.89522246
1.38557984
6.82714844
12.79317044
3.73071476
0.35449219
3.44502092
4.90967420
1.35140015
8.14618906
1.56474844
6.91451019
11.91662567
11.46850399
12.62614140
21.79243739
22.65445922
1.83902953
2.93298371
17.19568151
10.17789672
5.81298205
3.20898438
28.97717752
12.01676640
3.94640459
4.25521498
12.89318817
3.20389739
1.90856716
0.75480413
11.71663453
14.40234375
9.09707558
0.28911430
4.88928192
5.74698914
11.97798427
5.19779698
6.17789672
7.38703347
4.52401817
4.15519226
2.75390625
10.88834220
1.75053136
4.14042331
4.80078125
5.14819149
6.28194370
11.31355774
2.75826019
13.42531362
2.00828013
4.92349845
4.12773049
3.45507812
0.34990168
4.55736962
7.00378325
7.38546431
6.88281250
0.25777191
5.69441711
4.89733046
11.54362810
16.48693817
2.30301972
2.21138519
3.36132812
9.86283356
11.13627106
1.72236529
5.07486813
3.73714982
6.41752106
5.27042664
2.32963043
0.15144867
11.62821255
1.58064010
9.78683399
4.25000000
1.68741883
14.11873227
2.27189273
4.66466756
5.43444482
3.12309618
5.72265625
7.18570922
4.83382203
3.98091644
11.86962766
11.00158411
7.50606604
10.49487367
12.62308622
6.31921542
1.19628906
1.97936669
5.77213874
10.24654144
6.16361481
2.56005859
15.28080231
6.10201019
0.86360594
3.00598238
5.91617797
5.35868130
7.37809452
6.73962433
11.17235954
9.75984929
10.56095523
8.68750000
7.91361481
0.29756684
5.46484375
2.27494293
10.57584220
3.17371010
0.85734070
10.50000000
0.13977020
10.27998560
1.92598792
7.47310394
2.34537594
4.38955730
7.41643395
4.12031638
6.37773049
13.36356763
8.08553911
5.27286680
10.15547761
6.74654144
27.67370014
14.57361369
17.78714872
8.77693789
5.46797761
16.94290670
7.41121897
5.04854278
4.24186281
6.28544160
7.59842864
2.50118074
9.16174363
6.44059951
2.26647607
6.15584663
2.68591091
8.91520390
5.85937500
8.93855275
2.31103889
5.28796542
19.20706903
7.95740026
5.93017578
5.15055297
4.60126718
1.52434286
7.91764406
2.86718750
6.08760528
1.79866578
3.24654144
9.76908356
0.12062561
6.66105164
0.99686489
6.28279477
3.37024268
2.21679688
0.07598877
0.51118988
1.89033591
10.64306516
7.31231160
3.50431959
10.61104278
10.91674867
3.18359375
12.49689052
2.23313053
0.90869141
16.71138519
4.45658356
9.71378103
0.95223459
6.87109375
0.76851410
0.29272461
11.69698028
2.64679411
11.72429964
3.26591035
15.03381317
1.58496094
4.24475067
8.07059785
11.61283356
9.93110927
4.83496343
8.00861924
4.57510520
1.80859375
2.26908356
9.30969083
3.56185062
20.16812005
1.02434393
0.59663723
5.39087101
0.80708832
7.29227255
11.11678413
7.42219969
3.84354831
7.11718750
0.06530762
4.55033356
3.50292969
12.69877106
1.66984070
4.24609375
11.20043883
9.42187500
3.63114472
0.49898285
6.52600067
0.78545666
11.19620789
11.08247894
4.23266290
2.46566046
5.95613586
3.16390015
7.98412899
16.53514628
4.41822473
10.55200133
1.58047246
2.69268062
4.95792664
8.78470856
8.12845856
11.94698028
9.06518617
3.42716368
3.85754488
16.35554743
4.09997341
5.63086436
5.58368906
4.80302969
7.28503325
3.14225343
3.57316101
8.53906250
12.96004211
6.69966644
1.44698028
0.03698793
0.26990779
0.82182042
2.09179688
3.43750000
8.16227172
16.29764739
2.31449496
8.24820922
6.83544548
0.07947182
8.24462766
5.63394455
8.82036181
6.76908356
3.03951019
3.09362700
9.56608156
8.74910461
0.94519074
6.95121246
2.61132812
11.64062500
0.90523285
4.59964872
9.80904144
3.49951296
2.75781250
16.67158467
8.38086436
2.94710328
3.00585938
2.95898438
0.15559906
7.02298981
17.47062133
1.91853696
0.17358523
0.75655183
1.63281250
1.50488281
7.34330231
6.75548538
6.80778701
6.13248781
4.78433954
3.83496343
10.41406250
10.60143950
10.81262300
1.90612700
4.08309023
2.01261414
12.38793883
2.60725953
2.22509641
3.57312167
11.20539783
54.27779643
4.38806183
2.45642121
9.88102172
10.06567321
5.73148714
21.63830411
2.50431460
11.07287567
8.35502106
28.53881649
5.91264073
2.43750000
11.27254211
3.00675476
1.07421875
5.03942155
3.55733931
1.71883117
6.10725953
3.83319580
9.47310394
0.15474457
3.97070312
4.16695036
1.71715654
17.02141068
5.90580231
10.73872894
1.52998560
4.97737921
4.47310394
4.16752106
7.71695922
3.17907746
2.23917664
6.27734375
2.15775543
7.78449690
4.34831560
0.47896332
0.74243102
11.19083711
9.37959850
7.58350388
4.39868351
21.15279144
1.18652344
2.37487700
3.67740968
8.18750000
7.86718750
4.48392731
4.79003657
14.91007757
9.56595856
4.96919769
11.41894282
9.10449468
5.04669770
3.82594082
3.27433289
4.67289339
4.68705231
4.55720634
8.29915780
6.73534907
3.92077792
2.48663537
1.93829232
4.43660461
8.71697364
7.49485925
8.78906250
0.09680145
2.43404144
2.89648438
13.06718964
2.37349457
10.74373227
3.64103335
6.00378325
0.04675386
4.37353516
3.44547485
0.04571564
14.76183677
12.14774878
2.44393007
8.05122894
1.37109375
15.27986259
3.65328346
14.14216728
10.44926307
14.91316711
2.62829621
1.71866883
7.13512966
11.62858156
3.08166224
4.92199800
4.00594304
5.00057070
9.28125000
2.93554688
7.69746233
3.84070478
3.85713653
3.85937344
4.94083555
2.80340472
6.35881427
11.28088099
2.71374667
8.31375444
5.92778368
1.28133117
11.78995789
11.14037899
3.18038120
13.43663897
10.89111702
17.43331152
1.42525238
1.39497894
4.51667775
5.70988475
11.79252106
0.85644531
11.90628436
10.16313275
5.15832115
1.28247506
6.41361481
7.10591644
1.45658356
6.98079344
3.26187611
7.51982158
2.02506593
4.43692930
1.82043550
4.74519836
1.55973266
1.27657136
6.85156250
5.91015625
9.97273742
4.58068817
2.69396942
1.22037843
10.32934010
17.01636303
5.05078125
2.48046875
8.17242576
3.15500553
5.66149933
5.01888187
2.16768340
1.80790254
7.65144836
8.07812500
4.60626358
7.41451019
11.87666778
11.10770722
0.06248962
17.72310394
4.11763519
9.68481383
0.45922914
7.21313165
3.26929022
7.16707336
4.37198914
10.00691711
4.71964539
0.41870117
0.08506256
2.77671876
3.53578124
4.09419769
6.01428192
3.84118683
6.34846798
14.68579288
17.79329344
1.52303164
0.00881958
13.23571766
16.74203014
3.41271942
8.77087433
1.24218750
1.02787262
4.57377106
0.73917664
3.72851562
0.78076172
4.55078125
1.07226562
1.23828125
0.04714966
2.69498283
0.87728280
12.36274491
14.50790115
4.24654144
15.89213043
7.18078369
2.78706505
8.48397163
0.65083832
5.91796875
1.35111481
2.43085640
45.27837211
1.94877106
4.37198914
0.43733703
3.41255707
2.87349457
3.11685783
2.82845467
12.67578125
9.20898438
6.83844637
2.21428800
1.15416764
4.73717421
0.97267120
1.93058040
1.73519171
11.04687500
7.25629212
5.31402038
1.84667969
20.45735594
2.70280031
28.63154311
13.18567486
12.17647495
18.15266844
9.60860261
6.78605164
8.85937500
0.98571684
1.37902925
6.01127106
4.19877106
2.51159668
11.25321255
1.04118046
2.82271332
13.72912567
0.30163605
0.68844035
7.70654920
9.41406250
13.78560394
13.69318706
6.32980274
7.15669769
1.06001053
10.39461990
5.98046875
3.63521332
3.70117188
3.01757812
3.99609375
5.33504211
12.21138519
3.49458832
2.82144892
0.14298773
7.56685394
2.45943207
1.10892731
12.27600067
4.83873795
15.45020279
1.11621094
5.27388519
6.49609375
4.11604610
15.32446476
3.45206726
11.58307403
5.47942597
2.57470703
3.91992188
11.41987257
10.10603945
6.43022384
2.62394226
0.07086182
0.84784195
9.23799092
3.86711879
4.36071808
0.54781098
6.02369294
2.18740690
10.84554078
14.15714414
4.16027925
1.87251801
5.50781250
3.39843750
16.71057109
6.81819703
30.17844748
15.79795143
1.71984957
10.06693237
7.00227034
7.29106493
18.01908356
7.88356890
4.80208998
4.71484375
8.17187500
12.43314606
5.63618988
9.74741364
1.70605469
14.51908356
2.30468750
0.49751801
3.62125610
1.38903840
9.00435394
9.93452723
5.20817265
3.75675476
11.20222961
0.67370637
12.93750000
3.99222684
4.54097628
5.42268174
4.72530806
7.01562500
0.32084137
1.98775238
3.62349457
13.45658356
1.78951019
11.71776596
3.23535904
3.20312500
6.93848125
4.79468085
7.91271973
2.68554688
6.18961547
7.39286347
10.62064606
5.93404144
3.93164062
10.05725067
2.35485871
3.49414062
11.83158356
9.82531583
4.89538730
13.43404144
17.10502106
0.05226654
5.48347961
6.22814163
2.61845689
14.26704677
2.37748448
8.69877106
11.45747894
12.42008422
15.04235871
9.13627106
3.39542664
11.52152372
10.96285128
18.29735705
30.06413342
11.72301530
10.20667220
4.07902039
4.90323914
4.89062500
1.89180325
3.94515015
2.65966921
6.90970856
1.76548735
9.52463319
3.19771332
7.16752106
3.17665619
12.10156250
1.12011719
5.01684539
1.97595246
32.59162456
13.71700978
2.09615082
12.00345856
1.15059231
2.14282413
5.15040769
0.51576296
7.35591644
0.03732300
9.25345856
13.72988829
0.90303621
1.85692736
4.93311170
0.57177734
10.87605275
1.44425975
17.30610927
5.87269573
2.70692818
7.79296875
5.16227172
4.20758201
4.20436502
10.30122894
7.59285461
5.95703125
2.41796875
8.20402039
8.77386526
0.92641123
0.69933615
15.24831146
3.26819315
12.34029144
0.04084259
13.08402372
4.61617160
5.85457336
7.14587433
7.23437500
3.24804688
2.51562500
0.00402069
2.10782275
3.85185283
0.66927125
3.88883422
4.53348847
1.63826104
11.18953679
8.10786957
6.27343750
9.08760528
13.49153314
5.84761940
4.91752106
12.54341644
14.75602172
6.66048094
10.75298979
1.56417027
2.48482269
13.06155032
1.83928800
1.00598113
0.17260773
4.13023438
9.72572140
2.31693263
1.85640846
7.04943817
7.85636414
2.47505707
2.81791168
6.40580231
5.80981383
0.17179445
9.17443817
3.78698139
2.62061170
11.02053968
5.20254433
5.52243904
10.66585328
5.13415558
5.48624446
1.25203679
5.98917664
7.78816711
8.13459705
3.98844858
2.13517398
6.28951019
4.92968750
5.47143555
14.12259420
6.11914561
16.26908356
12.43058289
2.48197418
11.13281250
0.05342621
0.43733703
6.34073914
8.66406250
0.28247039
6.66105164
-0.00490814
6.09174757
7.14262743
17.29317044
5.99621675
2.44576019
2.77132203
3.39737976
4.58024047
3.62874390
6.18029256
14.51742076
6.55379211
8.70747894
5.79296875
2.18794769
4.77693041
46.07707225
2.99515902
4.16015625
8.23693817
5.95511747
4.49589206
1.84960938
1.26712108
10.33370899
7.76220703
1.84098266
3.01546265
1.33797180
21.03096465
2.09688386
9.63536674
7.18197030
4.47928863
14.09350025
17.72339428
6.08459442
0.76790406
6.27689606
1.71634918
3.83548981
3.05212433
10.54597961
2.59615082
8.71401707
0.95651484
7.25858489
3.01033632
9.28125000
1.28348349
12.65994164
6.33525376
8.21529144
2.19877106
0.60819488
7.94620789
2.55818540
10.47847628
0.16538451
0.51200410
4.32311420
14.36882092
6.04642731
31.53080231
1.78462738
3.16495789
12.27343750
7.53515625
11.46492243
0.69669866
0.59765625
0.10626221
5.54642731
5.95527483
8.67017287
0.75439453
2.97755535
5.13255207
4.15234375
5.97265625
5.78592864
8.41329011
0.75732422
0.82584594
1.53304078
9.32783467
10.19849069
5.43078458
0.88720828
5.15816378
0.07271332
0.19104004
6.83760528
5.37723847
19.84525543
8.06654721
1.81193179
12.33247894
11.94441711
9.39152039
2.42578125
12.45312500
8.01562500
6.46435173
0.13041542
4.18314606
6.95943207
3.97656250
7.87519774
4.83907136
2.14514129
2.14001496
19.23395169
0.01222323
2.32120789
7.75948028
2.51847351
12.09118683
5.43827239
18.43493683
6.97790558
1.59908051
8.31423399
5.39137300
2.27791352
5.88193756
1.66422485
7.06864472
0.09002686
10.68660461
0.72648133
4.56917110
1.29996952
8.25000000
1.37597656
16.21439606
3.95808899
6.00000000
3.35876496
7.76505430
3.99621675
2.80122894
7.54490941
43.65215203
9.72835328
0.80866963
4.83366467
3.81852172
3.65099122
5.58325133
4.36238586
0.39436828
0.08382265
2.27539062
5.54226009
5.42844303
2.36869293
7.42027594
22.71907756
0.83333375
4.88045102
17.34415835
2.81827571
4.60795323
8.33158356
5.74654144
1.05468750
12.45121122
5.70459109
6.95357269
3.06152095
1.90722905
3.56250000
10.88448028
0.23783418
7.98156583
3.56140292
3.26953125
5.65877258
24.38936060
0.87813636
6.57031250
6.28523493
1.70597601
4.52689606
16.61440147
0.02254211
11.76818817
6.40022828
0.06984467
12.08593750
7.13877858
2.42277537
9.64843750
8.52856383
2.94286736
2.67895944
3.67187500
9.04561060
0.79130347
0.74902344
20.55078125
3.00000000
9.92125998
0.55192514
5.61372894
1.33398438
0.35595703
10.54854278
1.31819516
3.32120789
6.26819469
1.63281250
1.56835938
2.71289062
9.04059730
2.40276207
11.30796295
1.42264552
10.18261968
1.01554383
5.75000000
1.05720229
3.92509751
4.05224609
2.54492188
5.76171875
1.83451324
2.32857269
12.10143950
1.03312195
6.53829011
0.29711914
6.87500000
0.17233674
7.97355164
8.21875000
4.38753048
3.49377659
9.14408356
11.92443817
8.96272828
1.30411680
2.61971132
9.98783356
11.34785794
5.36352726
8.35229056
6.58911569
7.93302305
10.05481050
5.87935394
13.53381317
1.75333680
8.30725067
5.03690271
0.04647163
6.76428192
5.13537068
2.59554576
3.60876496
5.95365138
9.25728612
10.59720856
7.10591644
7.57921211
6.11520500
3.14542664
12.59720856
0.49312348
0.90527344
7.65926086
1.32189910
9.15804078
6.03951019
3.66556793
8.38281250
8.53059314
10.39225842
2.09391235
3.09598847
3.62695312
5.49609375
17.46012328
2.74824856
0.19730808
0.80456574
1.72993988
0.74023438
6.70222961
6.39033467
1.96798260
10.98002106
6.42496454
10.75818151
10.56237700
7.92399047
2.69828402
3.46307923
2.87890625
4.42443817
1.72424036
4.62581671
13.49889794
52.61230718
6.17500886
3.02132203
12.28470856
9.93750000
5.72623656
6.76741578
22.26517606
2.68790835
9.72566711
9.17008422
29.60689052
5.51298315
2.59960938
11.39754211
2.38761414
1.08203125
5.34358267
4.45675088
1.84045379
6.76350953
0.82877060
3.40975288
7.67655364
2.61206117
6.39497894
4.23347961
3.57564052
19.20650487
6.51517731
11.56250000
3.19555353
5.41622229
4.55468750
3.90820312
8.34977172
3.51306183
2.35982269
5.89408356
2.30708832
7.94485484
4.69967641
0.79882812
0.68298309
12.45646180
10.74509801
6.79129921
4.73283023
5.36283356
1.49458832
3.12772551
4.95235261
7.94140625
7.87845856
4.12890625
1.26859403
6.66597628
10.52779144
6.78906250
4.36775664
4.77522828
7.11673981
7.43794769
10.67443817
4.29320978
3.41577460
11.42879211
1.91479554
3.06640625
2.24491301
5.24816490
4.23889627
0.49214691
2.15368621
1.45109070
6.27075133
6.61596742
2.63130707
7.85412567
6.40759308
7.19563719
1.36348543
2.51784042
1.66400376
4.47566711
3.08654256
10.29313608
2.32975343
9.22310394
1.78222656
15.17333112
2.02393450
13.12820507
6.10714649
12.37577239
3.44860871
3.33382203
8.60286023
3.38704842
4.80545989
1.17956699
6.04687500
9.23783356
0.86718750
7.69636525
14.78702571
10.11638076
2.47098847
8.23246122
2.00146609
5.25691711
2.02856383
0.85514406
10.25345856
7.28560394
4.47477172
4.05680297
0.98209718
10.41865747
3.20874335
12.00691711
0.18843535
8.40010528
2.85693484
7.87801086
2.40714539
2.96093750
7.24910461
3.22355164
2.23441185
6.46394836
5.48966866
12.94966644
0.05798340
3.97265625
1.68457031
19.53037257
8.88049534
4.71663453
3.09765625
8.86193817
0.96081574
4.06058746
2.04341644
0.01085663
11.59696037
14.35937500
2.27058899
7.94620789
1.57128906
0.53377258
0.23067230
0.73775238
3.68554688
6.49218750
7.00000000
1.85164367
1.07609070
7.70254932
10.47127881
4.82812500
14.33353668
7.54268402
2.71300865
1.76310616
2.20552582
7.75077239
0.80928621
3.57771415
17.06388741
1.67488586
4.53560394
0.92150848
3.55017121
3.20943207
2.77493795
2.62305186
12.48046875
1.74951047
1.16044160
8.22233156
5.88327960
5.09523603
0.90869141
20.95206602
2.46736757
28.74294992
13.23291888
12.48462101
19.06583555
8.11385195
5.74609375
8.41841644
2.01452543
1.39172457
5.83158356
2.21891235
1.53490712
6.91390514
4.93794769
5.66748047
2.56835938
7.18174868
2.24598570
5.63281250
5.28080231
8.32226562
10.39139739
5.60652150
0.75208111
10.88858821
7.52742243
13.37601839
8.95239196
17.28442819
0.97013367
5.22265625
7.34330231
4.05240719
13.95548648
4.28214539
12.16018064
8.16871675
11.80147371
4.28169769
4.83939606
4.34309564
3.62956061
4.36664617
8.11878656
2.69079621
0.06069946
1.24961738
4.77926750
12.45795103
7.93472518
3.84535903
6.99243351
1.68945312
6.17062003
2.21670876
6.40177305
7.14209109
5.25211547
4.65346874
5.89587433
31.55962656
15.24672871
1.64969941
10.06860564
5.83910572
11.87663342
1.83540863
5.14843750
6.87353391
1.74703097
1.49466949
8.06204678
4.11808841
8.19080809
4.34598847
7.01127106
7.71048981
10.30049092
3.73165447
10.01810699
7.22680083
8.44018617
8.95747894
2.27974457
7.50589872
3.64990359
12.97261193
8.01176307
5.18480386
11.67412344
0.23470062
3.71333832
5.13281250
2.33593750
0.65039062
1.00390625
1.40588348
1.47941101
10.45747894
14.80879544
5.44120456
7.82332336
10.31667997
5.53182070
8.73848480
2.69921875
9.04687500
4.63671875
16.87109375
9.50948028
7.60470766
2.80054022
7.06595856
4.45747894
4.90970856
4.52343750
3.75560838
3.03194869
12.97387633
7.26440492
2.94087489
7.96297429
9.49609375
2.43404144
12.87141844
10.25704011
20.66792443
32.32816932
9.05280807
7.34473404
6.35290558
5.05078125
4.41560727
2.80769836
2.64778812
7.52298981
1.60616639
8.54314605
3.20898438
7.04252106
3.19820160
6.15946255
4.32837101
4.02388519
24.41304411
2.01424257
32.84426641
12.58057887
3.23722351
10.50345856
1.52575466
2.76180241
4.20199894
11.96120583
2.95577183
17.60143950
6.09875582
7.80423981
3.34765625
0.34692383
2.64054134
2.37703679
3.21151961
9.39620899
9.37890625
6.67622894
5.07934508
16.06908245
5.60758422
10.75570700
5.23392731
15.53291778
5.19848571
9.55681304
1.30306156
2.20747894
13.46646720
1.67371010
0.31001738
0.28125062
3.77814551
8.99187278
1.88940243
6.88061835
3.71289062
4.92187500
8.02062833
2.17273105
9.24552305
5.30476618
0.59912483
10.35135085
11.90266844
5.17522052
16.53425089
6.91891220
4.46427305
7.93542539
1.55570589
7.33850067
7.32600953
5.60880430
0.22672609
5.44576019
7.97957336
2.06579496
2.65100067
1.52970523
4.87154144
4.76517731
5.82763672
13.81586991
4.89160904
11.21149823
15.36471298
21.95174257
7.05558289
6.80708832
1.54740387
12.64843750
0.04747528
0.26688629
0.06416840
14.92175200
16.74475067
2.27054964
4.67187500
6.90958555
6.99271388
4.25049202
2.69531250
1.53856238
2.20069481
3.94278868
1.32283632
3.62679078
2.22460938
8.36028618
1.34712738
11.39092675
7.72766456
4.47707611
13.78751088
7.38656139
10.64062500
5.58597186
9.13233045
7.55859375
9.00781250
0.35233551
0.81783051
10.11230220
14.45259862
5.06807403
33.10131649
9.75716312
4.81135860
1.05212683
6.56595856
0.52677430
0.32348633
6.87365692
3.49405945
21.27388519
7.67474178
2.95532413
3.39603668
2.83443207
3.72265625
0.86856993
2.92785738
6.09976175
9.65498560
7.44101285
5.49043481
4.46386968
12.83002166
7.05436281
2.95011414
9.83593750
4.10892731
1.95312500
1.64709442
0.50052887
9.39896388
5.10673315
1.77770591
8.98576241
3.89497894
2.85548920
7.70869903
6.82645722
0.11383057
11.06595856
0.37447113
2.89396055
1.31893007
8.14062500
1.13281250
17.51127106
3.38883422
5.58728058
2.94816101
6.77990692
8.08683289
2.80708832
5.72488476
27.32154255
5.10668883
6.43572053
5.29463653
5.34464539
0.27296811
4.79622562
3.11177582
4.02016568
6.43881870
2.79101562
8.16164673
24.59387908
0.98128297
5.27827848
14.90531527
3.89098903
4.81364140
7.82857269
6.89843750
1.14941406
11.35912899
4.70337101
6.66796875
4.47651818
1.97074745
3.44877106
11.06762633
0.24312410
7.40958555
3.30525820
3.02929688
4.95312469
24.32596521
0.87459663
7.63671875
7.94705896
3.77950354
9.84720856
17.90268660
0.32686060
1.43689245
9.19620789
7.61392181
16.19185394
7.38281250
5.98437500
9.13370789
0.02636719
2.95507812
4.16251275
1.08162788
0.91699219
2.28613281
2.73242188
0.00675964
1.49902344
9.01908356
0.15389008
17.98780548
3.09983338
10.49609375
7.19531250
9.10502106
2.91646332
0.00336266
12.50781250
6.83984375
0.01551056
0.49011230
2.02539062
5.79296875
0.24694824
5.25345856
2.44726562
0.81982422
4.88600884
7.82098182
2.47281860
13.75960328
0.12194824
0.32031250
3.96484375
2.96085384
2.98161015
2.24503601
2.26509115
6.36633643
4.10591644
1.90682070
3.34269226
8.34375000
1.78755458
2.33301030
2.93554688
9.32377106
4.35546875
0.13142914
10.86718750
3.26082336
2.26480081
52.50727346
2.57556183
6.23437500
1.64746094
2.43705231
2.10502106
3.87455231
4.82946808
3.19531250
7.21484375
0.02305603
11.48783356
5.97310394
0.29663086
0.69824219
6.25000000
0.24198332
8.61641511
4.87890625
6.11437833
8.45926972
11.91418550
6.84818263
2.98445866
3.27913453
0.38452148
28.00178829
9.41430851
6.58894836
16.75260064
6.99312721
0.17757172
23.15571366
5.09428634
4.17578125
3.44335938
0.00967407
8.22430420
6.17578125
0.59171196
2.85115913
0.18225098
1.61815783
13.73975232
5.58626219
3.37227449
0.77535004
8.74129211
2.97745789
2.53035461
2.22941101
2.48197418
12.96004211
6.66182403
1.75358156
5.19852505
11.67485980
9.50806349
14.35603945
6.55814606
10.80289672
5.39664672
0.82047609
3.48242188
5.51832278
1.04285322
13.83247894
1.01354887
5.05090425
1.51472961
1.53267426
6.47701019
4.55513519
2.70149657
0.29630617
0.10699463
0.05310059
5.27884420
18.23384862
9.75716312
7.14518490
2.13130707
13.86091977
13.48043884
2.08442264
8.77013631
1.17375194
2.98063110
30.04837545
11.49487865
9.64920739
2.99841589
10.10770722
2.67578125
4.97220856
-0.00395065
4.94095856
0.39005430
6.88639406
6.00345856
2.80061890
3.16752106
4.70433013
7.62965425
6.80904144
1.59578430
1.64445008
0.92728668
16.23693817
10.31774933
2.46438858
1.45109818
5.22265625
4.24865692
0.02554352
2.02343750
6.08433040
7.67045323
8.72220856
4.47701019
6.90970856
2.15189606
5.35201019
1.58638519
1.90722656
0.00651169
15.11877161
2.35193151
3.68008589
5.95154587
2.89135804
1.84126801
6.42747741
0.69283051
3.14453125
10.31611592
5.42293772
14.86462433
5.31250000
3.17081726
11.34810394
0.52925629
4.84765625
7.78657802
9.09618019
10.07382535
8.89050200
5.11071808
6.20625886
8.28125000
0.01600647
3.28771942
6.73571808
1.88183594
0.80712891
5.57361053
0.40702052
2.02665503
2.46947308
9.90131550
16.10400266
14.57043550
6.98331726
1.67480469
7.34419769
2.05078125
2.54113365
4.76355385
1.51171875
3.38627106
2.04063228
13.06650487
0.70947266
2.59179688
17.48712988
1.88742242
9.40520233
13.00948028
2.65067597
8.46875000
0.38097833
6.56722296
5.81730164
4.63506924
0.64734042
3.41051125
11.10495047
2.27958222
6.85156250
13.81595856
9.96529144
2.94531250
1.07189910
2.22314329
2.97892398
2.07076019
5.65953375
36.06560449
12.41841644
7.25781250
5.48828125
7.15501995
0.23951130
3.75593380
3.13696476
0.65201470
3.59529975
1.84427887
2.68074524
7.66495789
10.73872894
1.75976562
10.77192709
3.94238032
3.65372119
3.96355496
2.35786957
36.78893950
1.85949800
12.13732879
1.84464539
8.57609516
17.24308289
0.58531822
1.30363475
11.20658356
0.65433746
2.57902039
1.30957031
10.87064606
4.99263519
3.20898438
5.54296875
9.94266754
2.86071310
7.39559397
6.87397974
4.37972296
12.99475067
7.34163453
9.82812500
2.69726562
0.49686676
15.24654144
0.04740387
1.81587738
11.55765404
4.70406471
3.07226562
8.62064606
0.02333588
3.40257481
3.02593195
4.15112367
3.84570312
3.88317653
4.46252659
0.03835053
6.06257868
16.73429632
5.21093750
3.93705231
1.26607269
15.09033079
4.45068484
0.41107567
4.89848182
4.50512633
4.27657136
1.03222656
6.27343750
5.26529034
1.20301196
2.40669769
8.87845856
5.70250001
9.37586602
12.26599401
10.36116578
4.78806849
4.93307195
1.86962268
1.94649822
7.45145722
7.24609375
3.13671875
0.15970856
2.77838155
6.28562388
3.60367797
8.76049867
6.76059167
8.13079565
4.80603058
11.81622346
2.39107269
0.37353484
3.97387633
2.40246675
10.89704376
8.84029144
7.08894836
3.10050476
34.71098627
3.42137853
2.60201019
8.00423094
2.66719636
3.62014407
3.29391843
8.51997894
0.08439574
1.00952086
2.14766511
1.66637903
5.68620124
6.19954344
1.29760804
8.70747894
7.82104331
2.84257424
1.33079320
0.65031070
2.09322227
2.21718084
6.70474845
4.57946056
0.31762695
7.11718750
0.56058746
9.26822751
1.53560394
1.57698360
5.18408577
2.88867188
4.36787622
17.98909796
2.79882812
15.02193207
4.20751953
8.04252106
0.33687348
3.00105774
4.11445701
3.88407690
5.58390071
2.60227302
4.84464539
0.97570770
3.49308289
0.84098017
3.35823858
10.84008727
6.26485261
0.52294922
1.00093348
2.91264073
4.20957448
8.53899877
6.22603612
3.60156250
3.39843750
2.44140625
6.84828569
13.28843306
0.36580102
0.43046362
4.91015625
0.37695312
2.58744293
3.80098294
0.86548038
1.17879211
4.41105164
10.10835661
0.22636019
23.13279537
6.75030030
10.59310062
0.16773987
6.49609375
1.87695312
6.50948028
0.43363496
9.95312500
1.57084137
4.39888519
6.00333555
4.16141567
1.42899878
4.63671875
24.04841977
0.84992402
1.74483931
3.93644226
18.76127106
2.37544769
2.20303884
11.12418827
5.36967198
4.26699746
6.01754875
1.00292969
8.62064606
2.55904144
2.68164062
13.02671876
5.46502105
12.06250000
4.84029144
1.42826324
6.27779144
0.69286985
2.27685671
6.65625000
7.22203624
9.57243794
2.41992188
1.22115082
6.10758422
2.52005763
4.21956671
0.46561614
14.60591644
1.92642814
1.77885416
3.42968750
1.59349464
0.92485649
3.61995235
3.51090702
2.53348100
1.68864638
9.28906250
0.01499176
6.73371565
13.53581560
2.64203867
2.07711657
4.60827792
7.09615082
4.66796875
4.40580231
3.73091644
2.76757812
5.10099180
0.81795351
3.23437500
14.91361481
0.48616547
0.90087891
0.34423828
0.05481964
0.08565277
5.11283356
9.45331672
8.17492707
7.47254571
15.15625000
0.85457336
5.33292664
0.05200195
8.03652954
1.84818512
3.19576019
11.81250000
6.73828125
20.46875000
0.46183227
4.12288453
2.84570312
5.68554688
4.03470856
8.61372894
9.46732574
8.57466644
2.01000914
10.82299867
0.03158569
2.80468750
11.53381317
9.31895945
10.68628989
3.85902539
2.89203235
5.96138519
5.04732269
3.34765625
0.25024414
2.47460938
8.65625000
3.50585938
0.04705811
14.31790171
21.07727892
9.76753878
3.63163176
5.50838320
2.01367188
14.90234375
21.23950133
4.03002992
3.74955231
5.15100067
12.76741578
22.59720856
2.20633755
3.39327183
8.56250000
5.55513519
8.22220856
1.90722656
14.06815271
5.95573249
2.98632812
15.86024879
2.50524933
17.22363032
3.31978612
10.59180885
5.00826019
14.07722961
2.48905495
15.28125498
5.85937500
1.85847961
6.77298981
10.17712433
4.38281250
0.02024841
3.77539062
8.38281250
0.30448395
6.72114584
1.07227061
14.82181793
2.35786957
7.13032802
36.26871454
11.86499335
9.09924534
2.53320312
2.28320312
7.67968750
0.15185547
6.80667997
1.62886691
4.12500000
10.73323360
7.94991245
1.64595551
7.19160794
10.24734819
4.45948138
3.03125000
5.21072585
0.53101396
6.72190666
2.16451019
24.46418939
10.71407386
1.52193207
10.34232325
12.13965093
5.48437500
13.29247673
2.96187721
4.73176751
7.32759862
15.85465204
1.47225288
12.56838376
4.69964206
0.03098785
4.51261414
7.62458666
5.49996564
3.27253214
1.74504598
1.31542969
2.95092587
3.60542193
4.97033909
2.50587536
10.29687500
9.92187500
3.85563110
9.15306184
4.42941710
2.04736204
1.12567485
1.73677582
0.57779906
1.40909851
1.89521499
4.80880540
2.57438110
5.41482079
17.73393727
1.16687167
6.11974489
11.11283356
9.46638977
3.93973847
12.34375000
7.72656250
4.73213653
6.40100067
1.60221437
3.65970856
14.12320922
15.35335328
4.67618462
3.94145057
3.57226562
1.64160156
0.53519216
19.32784463
8.03649933
9.81105716
5.60116910
15.28279477
2.48290891
7.17916112
1.87491883
17.53381317
32.45047256
22.50421148
2.87923592
3.47518007
8.89843750
15.64815215
1.39143922
2.02103668
18.98002106
9.03409851
7.09435506
1.26396221
7.70312500
0.61771637
2.55423981
7.45011414
6.62231383
10.64424590
17.92622894
14.20365138
8.07377106
4.31990913
10.49319130
13.14282040
2.11168717
4.06124556
17.85814495
2.14233710
2.30774767
11.78214539
1.68839227
6.10738253
8.88952792
2.41361481
5.05122894
0.78527801
0.05649842
1.31197113
1.10599762
3.61694274
7.64676972
2.91841644
3.16804743
7.27592198
1.20491578
2.19726562
9.14652372
5.56351839
4.46292872
6.38960661
5.01663343
1.78573692
11.16341312
4.33593750
6.10835661
2.46586214
2.92578125
0.33968078
8.93314606
9.11462433
6.48652483
18.02942486
12.33862367
2.92521055
1.29150515
6.40356383
1.77612367
1.47505707
4.36673981
0.06807465
0.91996246
1.02437098
0.49121343
12.01562500
8.97810727
0.86324191
7.01216644
10.65970856
0.22485289
7.60079011
11.01472961
0.22941101
3.67187500
5.85937500
0.00923920
5.32502549
5.94405806
39.97818844
5.24153563
26.19376773
2.36625277
1.55326324
2.70060118
8.15983156
14.90909851
4.26997894
7.46305297
7.32482381
6.49292553
6.54837545
4.36523936
3.83864806
9.56882202
19.53438386
3.87740082
0.11137390
0.04803467
11.89408356
6.71305297
5.15588099
3.26859403
0.32686060
1.43689245
7.29341644
7.70923858
15.92622894
7.48392731
5.83984375
13.10656583
8.79641734
4.07223625
1.74442597
11.00390625
11.20312500
0.02482849
1.69628906
16.93570922
7.91149933
18.16129298
3.87483018
17.11906693
7.36084109
13.98449800
0.34033203
0.38309723
4.67622894
5.16759974
3.84757757
2.75826019
3.18480885
5.85095744
3.37011470
1.47408300
4.89798981
12.25435394
6.32283134
2.05697030
4.17533356
7.98392731
5.49308289
0.24572754
5.87410461
5.55814606
1.57055134
3.66435283
12.28470856
1.64302582
7.72701019
0.63598571
2.10921265
11.27575466
6.58362034
11.66739805
3.20703125
0.67480593
6.59765625
2.05423981
4.30863060
48.54358253
1.59944703
8.06685394
5.93314606
6.38012633
2.30151429
10.78470856
6.02433289
6.20658356
4.76216644
9.96093750
1.00516692
7.38985261
4.80033356
7.66357048
2.78760139
7.12935394
1.65091451
4.27930186
1.90572113
0.32714844
20.27823665
3.37569370
8.36014739
17.22460564
7.11902260
0.20361390
22.14184508
2.43477449
4.11283356
4.21138519
0.02949005
7.56749481
17.44877106
2.69518482
15.96798260
6.77856383
3.55346742
1.44824219
3.28291778
4.59944703
7.69877106
4.00870789
5.52343750
0.53076172
10.36783688
2.51106937
4.71069149
12.50237570
8.83020611
14.75268617
7.01562500
11.01383422
4.75077239
2.97562777
8.84375000
7.88691417
1.67200299
13.45747894
0.55464504
4.58573581
1.44974762
1.37251801
6.11372894
4.74218750
2.41666501
0.30184085
0.22900391
0.14733887
4.82937944
9.79171431
5.61673981
5.01974290
2.44816101
13.37744016
13.62464540
1.98228944
8.02083001
1.02559729
2.77359985
29.79227505
10.13183843
7.70332669
9.22208555
8.67826573
6.59899933
0.07946777
5.43314606
0.51468840
9.71785461
8.00614472
3.41434785
3.12500000
6.23492078
8.62986590
7.00044769
1.78328430
13.18827239
8.31429078
14.95491578
8.02343750
3.19160295
1.61353224
5.09419769
8.07108489
0.08394441
2.80468750
4.74985319
8.54289007
8.20104887
3.83260195
2.82767731
1.33211242
5.19576019
1.05851258
1.37597656
0.00952911
14.93688498
5.89905252
2.52827350
8.85844525
8.71081450
2.67891511
2.84659851
11.26773549
13.28890514
0.82006774
5.43627992
15.44877106
1.88911957
1.97928801
5.37768617
1.42134613
3.97220856
0.22949125
2.86010804
1.46813996
7.16841644
0.31927272
8.87089206
6.48571808
5.54609981
0.55725316
3.86010057
15.32988142
0.78531860
1.89392121
6.49263519
16.92879211
10.17712433
1.97123199
0.80867492
2.71886802
3.10189217
2.09269226
4.54219138
7.19291480
7.38383089
7.08247894
5.19486481
7.31115692
9.57511040
0.36133186
4.13432333
5.30229166
6.21056849
5.06767065
4.86629211
4.13418496
6.60604942
8.88883422
3.19213929
11.14655807
6.12203346
5.43691933
3.79794769
1.37544769
14.20859443
1.43306488
13.15535461
0.55392910
9.27408937
10.78344913
5.49609375
7.74218750
1.66255707
9.53906250
9.04678635
4.38290115
0.08741942
4.37768617
4.34305630
3.30733433
1.03906250
2.68013519
5.70408910
1.13335383
2.92427582
9.69877106
5.87649048
10.22107712
3.56258865
11.18404144
5.74564606
10.12007536
1.64640071
1.58488226
7.85514406
5.57812500
2.99564606
0.09552002
2.60272330
5.40960549
3.58487976
8.67622894
6.28262588
8.55913009
4.49564606
11.98935975
2.77343750
0.44274902
4.53291778
2.00118074
12.82676022
1.73148714
4.11897828
2.72701019
7.51031401
7.42590425
0.81784652
0.41341187
0.85110214
7.55913009
8.88296986
5.07321102
0.37011719
6.19531250
0.44091797
9.97676419
1.16239472
1.49303857
5.46501108
2.86958832
2.94132009
18.00692209
2.95507812
13.95027649
3.21500672
11.64229278
0.41776582
1.99898161
5.98721952
3.76168439
8.60783023
1.55131012
9.14127438
0.85624363
11.25691711
1.32120789
3.48632812
7.24552305
3.51965425
0.59321989
2.07959109
5.26171875
4.01798150
3.37264350
13.70800532
1.67868886
1.02796376
4.66060394
18.12064606
1.23384613
9.05089927
10.46854831
4.93172429
5.45848239
6.10987699
0.74458832
7.71875000
2.47416168
3.25240082
10.85122784
5.81975177
11.46093750
4.22745789
0.98685699
6.10937500
0.94160794
2.24243351
5.76953125
7.95270169
3.07260527
6.24031804
5.65039062
4.57812500
5.68359375
3.19335938
3.29687500
5.79304743
1.14249944
6.05078125
11.80468750
0.77416992
1.80468750
1.29394531
0.12091064
0.41796875
6.44307403
8.33897275
10.85294103
9.74224179
1.41284242
11.32641358
1.12996399
4.28951019
13.26908356
5.36808289
17.93750000
0.71858329
4.91500221
1.54829926
5.99129211
3.43013519
9.05904144
14.67382812
7.62500000
3.46398770
10.21374667
11.83504211
8.16445590
11.21265957
2.14395930
6.99992132
5.12198914
3.63867188
0.43139648
2.47070312
8.14062500
2.91601562
0.08292633
15.02900654
14.62529033
6.33984375
2.43164062
6.45703125
7.86763519
6.74173981
13.84952571
4.86141179
1.08150238
2.01175809
26.36673981
10.47847628
6.37935394
5.66796875
6.36283356
3.05509087
9.03520057
3.61523438
13.74650130
8.58247894
16.15600399
3.54545323
10.31677787
5.40323914
16.40445922
4.50162312
14.45740276
8.02779144
1.84436004
7.86283356
7.78694703
6.78470856
11.65583666
4.39929853
7.72611481
7.58381705
39.50378325
13.31889073
7.53296210
2.83789062
3.02974457
6.29597961
0.15852875
5.74527704
2.56181128
4.64453125
13.25711381
8.90454787
4.86718750
6.84284464
0.46672567
4.73308044
2.21138519
25.92354028
12.84847296
1.03507508
10.29158134
8.90328346
5.16707336
9.48241689
2.92668162
5.13410877
7.85832225
9.83588321
2.26010527
1.82617188
9.55870679
5.07845966
3.61554910
2.40548758
4.22310394
6.74104610
7.75592809
5.61736480
7.57319288
4.42204233
2.68749398
11.55122894
8.59285461
5.32230497
10.22268064
4.87990026
1.88749114
1.06238257
1.86079926
0.53474914
0.76513672
2.24087628
4.47734485
2.47326629
5.01057901
17.07333333
1.42972933
5.94209735
9.80948914
4.32857269
7.41015625
7.76953125
9.39485594
5.38281250
6.92155031
3.18164062
11.90189606
17.21529144
7.35379101
8.20870899
2.25976562
4.50390625
0.72564562
18.44181959
10.43404144
7.77188276
4.82577349
11.22196255
1.93766235
2.49259585
3.42260804
10.27779144
15.64794548
9.39754211
2.50769448
7.52916283
0.96190690
5.04517287
15.66752106
1.68049673
2.69877604
8.44531250
1.92293149
9.34102449
7.46614251
5.04813940
0.47477297
2.57580286
3.95548648
6.57775599
4.15017897
1.22335992
8.06083222
7.15266844
2.66463320
3.27494293
0.42114258
9.90445922
7.87288453
5.42650931
17.56555518
12.09733156
2.12129544
1.56958195
6.01338653
1.84110566
2.30122894
5.17187500
0.04962158
1.37890625
3.84875333
0.76306308
12.23783356
11.99629544
1.69946476
4.85082821
8.30794437
1.84301696
9.03393617
7.52254211
2.00931793
3.99007203
3.41451019
0.02391052
12.53035461
9.34029144
3.88191711
1.76794465
14.76102505
2.90319980
3.67472351
3.94832336
12.59899933
5.49609375
7.76127106
5.18798205
8.35934064
9.42573693
4.03129432
3.53111703
6.56161458
2.10575410
5.58862367
14.96529144
6.18648161
4.82551751
5.23872894
0.10143950
42.20995097
14.06999778
14.75219415
12.66968085
6.71093750
16.91780142
1.46064966
2.61711380
3.37890625
7.32588653
9.77343750
7.23270722
2.36718750
13.70466977
10.84822695
8.49654144
1.62467033
2.72823526
0.17211914
2.06670578
75.72505209
6.97075243
15.99995292
18.01544770
15.59649046
3.90027260
6.72957336
13.19538121
1.71103113
3.20385804
14.11283356
1.67622894
5.41406250
12.00589872
12.59220523
3.02539062
9.33504211
7.78515625
5.11629211
5.22790558
1.91210938
10.41841644
8.17553399
5.36621343
3.54129599
1.15926584
12.02433289
8.75744349
5.98974734
0.84407718
4.30859375
8.23002106
2.33398438
8.43591091
12.58785128
0.98014406
7.93985650
3.31449745
4.65580231
3.61568207
2.49324524
0.70597351
7.84330231
0.94040550
8.50997229
1.34155336
13.34696255
9.94645390
0.05886841
3.93359375
6.00736481
2.27278656
2.06009918
11.56488992
8.34689383
2.33247894
12.35689052
3.90002659
10.09400452
5.02388519
8.59631317
8.04334221
11.17821135
12.55224983
7.47924867
10.74902344
4.54527594
0.03968500
2.33789062
2.60534575
1.07084137
14.64074800
5.78125000
0.57336395
9.88963099
6.68983709
7.25691711
5.42130430
2.91271942
13.81058622
4.92659796
10.58593750
6.03080231
14.07812500
4.78995789
24.05339232
8.71516844
2.53015292
12.61181516
1.55818259
3.16195201
8.54536957
3.17879211
2.13521332
2.98091644
11.68750000
0.87902801
2.64542664
2.86568207
1.41357422
4.67899380
6.21419437
1.33247894
13.34647053
5.37145280
3.22738918
3.39257812
8.55122894
0.03908295
8.48347961
7.02343750
1.23038758
7.34183622
9.36910128
2.53515625
1.51855469
7.33023922
43.01452792
41.19608489
8.48412899
2.43306737
3.96138519
8.19083555
6.73103945
12.54252106
6.75044769
0.28352844
7.66316711
6.30603058
6.12056488
8.44892842
4.38342752
9.76846853
7.06189494
10.45257218
3.96830231
10.37153397
0.28569259
2.27343750
3.89261747
3.51981660
10.85514406
1.42976618
5.37492132
11.36763519
2.67117133
3.35963098
2.07661957
5.12759254
1.43205895
7.16451019
5.68404144
1.82910156
13.66169105
1.41252770
0.13781738
6.69976951
1.22796486
2.63663571
5.54968417
9.34029144
8.62015404
7.45113503
9.19095856
3.14754211
7.80379211
18.79553391
11.08325133
1.82442293
1.39827329
8.12255984
10.71350067
0.63928192
11.69710328
0.38855012
1.92285156
2.57860456
4.86963763
16.89748782
0.90675199
39.94570590
42.52125332
3.50268617
10.51883755
0.22969761
3.40039062
7.31054688
2.98392731
15.64806849
1.43538702
9.80078125
11.10066711
2.04605954
18.56221465
4.82580784
6.82421875
12.00244016
4.74365359
3.80468750
27.16473440
15.93312167
6.03161901
4.41027925
4.58113586
4.83683289
1.12109375
6.29642731
16.89396055
6.52485927
2.12805518
3.26839110
6.24231050
6.61539672
6.44787567
9.37935394
6.22243069
3.40303745
3.68013519
8.42854610
0.50390874
5.96081450
17.82307735
15.66791446
3.84238253
12.83772828
2.85245789
0.59082031
6.89977062
24.26827931
0.43466882
3.04747258
3.50644503
8.97131317
11.82210328
7.56250000
1.94673676
8.35847961
1.18937195
4.95479278
3.32843972
3.98585106
3.83857935
3.34757508
14.38370789
1.16255956
3.77539062
26.92460020
5.73253600
6.10721521
9.67761635
16.26306183
9.89229278
13.61873227
2.96057347
14.72119016
1.26904421
14.22147053
14.17521055
2.20443373
9.95402039
1.87988281
4.44917443
7.30192265
2.50414728
1.43001717
6.54190603
10.60396830
17.46919769
9.18725399
15.83235750
7.76574800
1.76794465
19.10758422
5.52034298
24.47306460
4.61433400
15.15007092
1.42268922
5.79064412
1.80530252
4.09643617
14.05220976
1.36348543
4.09520986
9.17249002
4.73527039
9.30802305
0.45707308
2.44493227
7.69234596
8.43014516
6.49934065
0.96888048
1.32063719
3.49848032
4.15584663
13.20723294
0.47103031
3.28080231
0.31017973
2.31547152
2.38867188
7.67399047
7.98288419
2.07771665
7.69722628
5.59419769
1.13785766
1.03304078
8.56666668
1.13617297
13.31941711
1.56270418
10.21516844
0.56022218
5.38419306
6.51587101
0.88879488
2.15083832
16.14062500
2.04357879
1.35583527
9.10937500
0.83056641
3.35546875
1.76806641
5.30468750
4.23424950
3.14368018
9.41996122
11.28385500
0.90165254
2.18537705
7.83513076
0.88525391
5.11718750
12.11096160
4.67570008
2.60591644
3.46679688
3.27929688
0.20397949
14.28816711
7.58492035
1.49718646
2.82088818
7.02298981
2.15478391
8.27535128
7.25301086
2.54581726
5.86629211
1.90340149
0.12825562
2.42634728
40.19364472
12.44389073
4.79040558
4.32991578
15.58908844
5.82031250
4.61584068
3.20406471
3.37784851
5.90234375
10.74564606
1.80611176
8.58593750
0.01036072
11.74710218
15.93339144
8.73039505
5.25000000
5.71093750
8.20133422
0.32360871
4.81685394
0.27380371
5.48783356
5.34419769
3.09134918
9.77880859
18.69185394
0.08280426
7.70466977
7.71407136
6.63358489
20.37345523
6.49609375
7.24120346
3.14209732
4.78906250
5.03951019
11.35668883
0.20263734
4.66796875
17.75589872
3.44559785
14.70780364
9.49410128
13.75764517
3.28817209
12.81673094
0.33634523
6.94567871
1.73530973
3.32238863
1.25878906
4.89184508
0.26041750
1.65917969
5.32922363
14.29260223
15.55496787
3.98588417
3.47953402
8.13871246
10.03906250
2.38716644
11.80379211
11.90091217
2.72167969
6.24360927
3.57820866
4.82466644
2.52494293
8.24165832
13.61808289
4.44844138
2.76103003
7.38818484
13.60591644
16.28792110
9.25024601
5.66739805
0.45166140
4.40580231
4.44185394
7.30777704
1.02034796
0.12658691
0.87646484
0.48785058
0.79016456
2.88687985
2.86849124
4.80675865
2.15808510
0.13867188
6.95914672
0.25618531
0.57470703
4.57377106
2.43614597
6.05859375
3.12695312
1.26517357
13.66020057
19.06685394
13.95649491
3.54126662
9.66940235
2.01799146
7.48950133
2.70128990
16.82979776
2.65083832
1.67329926
1.22672485
47.05212433
3.54422817
1.73991093
7.52209442
1.39978058
18.38972961
4.83292664
10.19458008
5.06250000
0.30566406
4.80859375
0.05737305
3.29886747
1.16015625
0.74800753
2.24475067
13.66931183
0.11041260
0.98144531
7.59187561
4.26171875
10.71004211
6.36417664
2.42622894
8.06571255
1.06612339
0.66210938
7.65010528
7.23225953
8.17968750
4.67232269
5.72131317
2.06774933
4.53515625
1.34960938
1.05821913
9.13737810
4.83247894
8.34503174
3.56575438
5.72969636
0.73974609
43.56973183
39.66459884
2.92212101
2.56860538
13.30814606
1.08443207
7.69787567
6.49450715
6.09631317
8.06250000
3.58923371
1.28710938
11.71937944
3.67380872
6.00089539
5.99157434
14.06978612
2.13220246
12.57022385
7.90633865
9.00991800
0.75383505
7.14107269
8.87154144
3.84720856
0.98777906
0.76506427
9.32812500
6.92578125
18.63630541
2.17619459
3.19172969
6.14868351
8.45658356
7.49841340
8.18225067
7.27433289
19.13627106
5.60201019
7.28051197
5.45679272
2.40474457
10.55725067
0.12500031
4.06542470
29.85742686
9.57377106
5.32173676
2.43741634
1.09321293
11.13716644
2.74068207
1.12695312
0.12829590
7.52343750
1.87792969
5.94632840
7.26875886
1.32796265
13.12285370
5.49609375
0.80729125
0.18314668
1.87254302
1.17909241
4.50390625
2.27042664
11.89683844
0.89267176
7.52722012
13.17468417
1.31152344
2.96630486
4.84668218
1.29789339
2.12695312
5.79671016
4.90983156
1.47660433
2.68013519
5.53951019
1.25292969
5.96350067
1.80220551
8.34375000
6.36808289
1.87500000
6.31616024
0.82792331
1.84187805
0.76847351
2.90865082
6.97566711
9.11027039
2.48982477
8.29289007
12.97298094
6.14375886
1.12642426
3.83789062
2.66406250
5.22542110
8.81966312
7.62410461
11.86808289
5.20678524
0.12361882
4.10461145
3.09367132
4.35201019
3.08593750
14.80033356
7.49084442
5.20222961
0.08801332
22.82404145
0.10143950
42.20995097
22.90992021
12.16443151
6.20658356
16.76537899
0.92496267
2.58183455
3.14453125
9.47017177
6.22318761
3.75585938
11.98258422
5.73571808
6.06250000
1.64847186
1.80900709
0.10919189
1.51102136
73.14192127
7.89787677
3.88006705
8.11370331
6.30875111
1.59078845
6.78605164
7.89416224
1.61055823
2.39318817
1.66345246
5.34830563
3.70894503
14.33337433
5.79152892
5.91194703
6.33939606
4.70747894
5.30814606
4.60167927
5.07528147
3.31148161
0.76737644
8.96875000
11.02359486
0.79867076
1.91186337
8.00716312
11.51916224
6.31197362
0.78210480
3.50000000
4.93794769
8.05700652
1.86914062
0.73474152
6.62849540
3.02873116
4.12890625
3.44140625
2.95658356
0.75142426
7.03125000
0.92276115
2.72794991
10.28515625
4.20267731
9.58325133
2.19600496
4.56640625
12.08950379
5.07740691
1.91743988
11.79569333
4.33874667
12.80340576
4.31250000
7.34375000
6.84901375
9.91066696
7.10461768
7.15323914
9.41015625
4.08738864
0.03761136
2.29296875
3.32828735
1.41833527
8.43916778
7.58666556
1.56055186
5.26908356
6.92488586
2.45206726
7.86572141
3.76753878
10.33593750
7.29186171
10.49150376
2.36507203
9.00345856
4.10937500
1.64969069
9.05925310
0.88920074
14.24808622
1.04671079
3.06286901
11.91125333
3.73828125
5.27880984
4.72823028
8.56608156
6.28906250
0.86568207
4.91695036
1.12670961
8.91239472
2.32812500
2.92142731
7.00972379
42.09521609
8.51204344
5.52657136
7.61751219
2.36100343
5.14697141
1.84566378
4.36283356
7.59151153
4.63117908
1.11617658
5.69807735
6.31018284
0.28739348
5.68794769
5.89286347
7.64204926
7.34317930
2.36775820
6.60502106
5.99173981
11.05453003
3.82377106
6.07576352
3.17182569
10.23918661
5.99173981
2.62784727
4.07600953
10.25268617
1.51806516
5.10738253
5.85111481
5.21975843
3.66696032
2.00435394
5.33291667
2.61585438
6.76997894
7.01472961
2.02823914
13.73073915
2.60519835
0.19482422
7.71673760
2.36875221
13.26114805
5.57869570
9.32812500
9.03653369
5.88871869
8.20312500
1.00252258
7.49609375
1.05362976
6.06416778
4.39676972
7.86976561
14.19125886
11.99926696
6.80961214
0.93554688
4.86059508
2.52417054
0.95166016
1.61848875
7.44063386
4.90669769
1.82324219
25.07322973
45.64222406
3.22399933
10.01716977
0.13859195
2.71484375
6.57425934
9.24837250
5.34061614
10.06172761
12.11629211
1.89416348
23.08593750
5.23763187
3.98437500
3.73091644
0.38452148
6.32421875
3.28515625
16.22106716
2.09244626
13.70797096
0.03629547
0.08599854
3.60618830
3.81286901
6.33984375
6.23335661
5.05570589
3.84667538
3.75582003
5.08683289
6.28983489
0.42639254
7.00000000
4.37951629
4.98649047
13.21708222
3.03214539
1.14648438
5.00003436
21.58476361
0.61345937
3.38247286
2.86452127
7.56941711
8.78995789
0.22802734
11.04585661
10.64510195
7.80513519
2.47265625
10.75256317
1.80167664
5.46830231
2.63793385
4.91569592
9.81156153
6.38790011
4.80521388
9.33207557
3.02583832
13.65189606
1.55070008
7.96830231
10.60310727
4.35001773
10.48872894
2.71679688
5.47798427
5.72155917
1.13989196
3.79878878
5.18750000
11.74804688
5.18001219
12.85005769
6.66015625
1.90616883
19.28381317
3.92374197
23.44954842
4.32051419
13.72949468
1.81437195
4.42516373
4.51257978
7.32600953
0.82222504
3.33972075
0.12227480
11.71131292
6.68237367
5.79341644
13.66906583
3.36954898
4.73864030
12.78304078
8.21090314
15.91141069
1.17090591
13.17292775
6.40084267
3.74849955
13.51639739
1.21842531
3.65189606
0.36625090
2.57780031
2.45898438
8.03727172
9.37167390
2.66214872
9.32222628
12.06982048
2.30127327
9.22264628
4.47868794
5.31429078
2.43794769
5.14363586
1.87003601
6.77281251
3.15207335
8.55032608
6.37195478
1.38676058
6.07377106
7.85522274
3.33577515
5.10738253
8.88370789
1.84179688
2.12349457
8.33353668
6.64888519
5.67450189
5.34999334
3.15323914
1.97123199
10.37416335
8.23170877
0.36430214
3.67488212
3.98531471
7.25345856
2.82543883
9.29956117
7.78881649
1.05289921
5.48746454
5.36409796
3.99609375
0.42435699
2.86824524
4.03649933
8.56673094
1.56742153
7.23358288
7.78393617
10.13089872
2.91447085
5.95747894
3.27343750
6.42968750
3.74120907
3.19722628
4.20926972
4.00781250
1.07535766
1.53552277
5.26562500
10.50589872
8.48607713
3.61349290
5.60937500
7.61283356
11.24804688
19.06815271
1.26920905
9.49820922
6.38883422
5.90677638
24.48628878
5.42834442
5.76667775
4.03788674
0.08101722
7.61230469
4.53951019
4.64843750
17.18562556
9.35514406
19.56689329
11.54276706
9.57082248
2.35546875
6.17187500
7.30904144
14.09992908
3.35665447
6.86866801
1.72508199
4.87890625
4.73872894
4.31705563
15.02197141
4.75818151
12.79634613
7.72656250
2.77343750
12.13627106
10.43290005
15.76676640
5.66048094
1.47969636
5.41406250
2.58158356
10.84338348
15.44006317
6.26236813
6.87992464
9.09130984
11.69006317
7.57608821
6.03462987
0.87984223
2.65234375
0.88162522
3.70276595
10.09020280
2.90438552
4.16573028
6.44877106
1.19177277
6.53906250
9.99564606
12.77945922
3.81888575
3.50846686
8.39408356
7.07421875
4.29015958
1.03841312
2.02282497
4.41565159
5.25044769
10.60668883
45.48616578
5.25858489
1.67688082
9.25691711
1.73429383
3.35351562
4.49173981
0.02055878
2.38671875
4.22423538
2.16053025
1.62166320
4.64933289
12.47660309
4.54809508
2.05346742
10.11372894
7.41015625
4.15998892
2.13008201
7.58793993
24.62210716
39.48616578
3.99190215
1.61527870
7.91931183
4.93225067
1.86259004
5.92187500
8.02107602
2.93663897
6.29484818
3.02840149
1.92899629
3.19893340
5.23482269
1.76281520
13.83016179
8.36808289
3.31640625
10.34029144
0.95556204
10.17582557
16.44649324
16.64720745
7.82500110
18.74799757
3.53581560
7.63716644
2.78861481
1.43688996
7.08984375
5.05655696
5.23596409
1.49719083
13.78841312
8.03125000
3.99251219
6.75274752
4.64798981
5.24576657
12.92753269
9.23002106
4.91992188
3.20300200
1.10603883
3.18973847
2.30708832
3.79719969
5.97265625
1.34493074
15.48712158
1.43151762
0.24080507
2.34230580
1.23394724
2.59480774
3.38655640
2.60937500
2.91406250
0.15246582
5.00675227
6.55379460
2.59765625
4.62577239
0.58565340
9.10066711
3.96626552
5.87268284
3.73124114
4.10823360
5.45137854
2.62500000
8.86436836
1.75298149
2.88806183
0.64302582
3.21875000
6.00345856
8.75435394
1.59476528
9.23116245
5.35803192
5.49353058
0.87646484
4.51127106
2.99263519
5.78962323
4.08448138
6.62064606
11.39497894
3.70617520
0.12015964
3.71870692
3.32027316
4.48885195
2.78320312
3.49910461
3.21484375
4.35892731
0.04364045
28.54950438
6.48482264
13.07645722
2.74393894
4.00826019
3.28755707
1.19238281
1.50150543
10.18404144
0.02017212
0.11067656
0.57987519
2.35351562
12.29976286
4.10559175
9.03995789
3.33353668
7.93029541
4.03727172
6.59944703
9.86539672
5.86827710
3.53683399
10.24564606
0.02242035
1.97722626
1.10847961
4.93058289
0.27124023
2.47070312
8.49202453
6.15751160
8.95312500
2.34570312
4.22566711
5.24910461
6.26652039
10.62666778
4.89331117
1.34594664
2.58976009
5.87235815
3.04101562
5.19111592
6.12093639
0.01808167
5.10982269
49.02036238
0.09637743
8.30122894
16.85119598
5.03080231
0.06545045
5.57031250
1.45391129
8.33423537
4.91796875
2.97745789
0.21557617
2.56880707
10.95914672
0.06813599
3.00662678
2.17603100
11.84810394
4.87532469
0.24332765
10.67052195
3.75257313
4.67277039
1.82706726
11.06880707
2.93330840
0.18432679
5.55688477
4.16406250
6.72806793
10.92187500
7.58984375
2.65279144
0.86771637
10.05354361
6.06567819
5.47220856
4.88716644
2.88024933
2.13928192
0.48474152
11.16049536
2.48269281
2.73449177
7.49621849
7.36385195
4.73917664
5.38415558
6.66650266
0.95699191
0.56835938
7.47220856
8.36328125
1.77246094
9.69185394
4.86661680
0.53877840
1.50773133
7.23437500
2.10892731
5.06294769
1.64550781
0.01939911
7.86283356
10.26997894
5.74955231
2.02974457
3.41706713
16.78141733
9.73026706
7.44396942
1.17179383
2.30948914
12.24129211
2.60534575
9.89074800
0.41426605
5.55802305
2.47367464
11.21875000
9.93827239
4.88549867
4.05952848
5.53617464
5.87935394
2.77343750
14.14847684
0.91117464
1.74124779
9.38419991
14.46170989
2.33113586
7.22912567
3.87300753
0.39151883
1.41312777
3.84676086
4.40747008
0.55086367
7.75345856
1.53808594
3.91698970
4.74166112
1.45800781
2.87215149
5.74263519
1.30464193
0.71289561
9.37044951
7.90201906
13.96785461
10.15404235
11.26216644
0.18750031
13.35827512
4.37557070
5.30472840
4.49173981
2.67639129
4.62532469
9.93591433
1.80920379
7.47843445
2.05318207
1.42871094
9.49039672
2.51741578
6.05814606
6.18265653
12.43595523
1.28959137
4.29272274
2.68038120
10.48437500
0.17602539
3.47432403
4.68493683
7.07421875
17.44729500
6.09656914
6.77652704
7.82951116
1.87394226
11.08158356
6.18573361
7.52040225
10.03995789
3.50826019
2.86557204
6.19943040
5.63671875
10.48213403
8.66113530
6.44274933
1.56241883
8.11718750
0.00514603
12.89258819
6.39569704
2.92896941
11.63972961
3.34122618
3.26664339
2.25195312
9.10502106
6.22040781
4.74923758
1.98339844
7.52298981
1.84029144
6.13384957
4.07345633
8.37842298
7.44332003
9.72131317
0.11478699
6.42834442
2.76350953
17.94877106
3.33654754
3.41503159
0.47347794
10.32238614
5.20158023
10.73872894
2.38431793
0.95015473
2.46740692
9.76261165
9.92097961
6.70215093
13.35591644
11.80904144
9.86885528
7.42772939
11.55570589
5.24056405
2.71573914
0.72367340
0.61625152
1.38024933
2.71500610
0.15022828
1.83744293
2.93013519
7.71048981
2.12862090
2.28002992
4.66015625
2.68911348
2.82773160
11.04174867
0.12585449
11.21093750
1.74121094
10.86718750
13.47041809
3.61283356
2.77794382
8.56128989
4.00313894
3.88825907
3.02343750
11.82242828
8.95943207
4.20222961
4.45011414
2.32661957
2.31250000
0.50781250
1.08105469
1.94433594
0.82689931
4.52148936
1.75097656
5.66951611
2.76355884
10.07031250
12.96157837
0.19592223
2.07299867
0.39929106
7.91418550
0.11039215
7.14497894
6.60615249
0.32308732
4.29178552
8.99780585
6.01684508
1.73790289
5.91008754
8.47310394
9.33816601
4.32711657
1.36356660
7.26953125
3.71618683
1.43705231
3.11958832
6.26562500
4.76127106
4.54642731
7.65697806
3.43770667
1.07613253
0.72509766
5.57238115
7.88623670
13.51306183
1.09789977
0.98803773
2.26171875
4.41406250
0.54833984
1.22738128
0.28173797
8.18058289
1.34659851
3.04838043
3.93990082
0.14664703
6.38102172
2.81864472
0.46878996
15.29777039
10.76153148
1.20119680
1.46273793
14.50691711
0.27958721
0.74121094
2.49776153
7.96472075
3.58785128
12.31762633
0.65844789
3.62276153
0.89794922
1.86975067
11.10681183
2.61238586
15.03337989
1.57868128
2.44816101
4.10013824
6.16060394
0.61676025
11.80379211
5.14888519
4.30065825
1.13781832
5.54162567
7.10681183
3.99804688
2.83984375
3.06791168
2.52823914
0.03646851
0.00486374
2.60172485
13.94185394
3.64933289
12.49654144
3.32240783
6.78763824
9.75870789
5.92765071
3.66670933
9.51652039
4.86795989
5.02844332
2.86730801
6.79008089
7.37198914
2.82047485
0.31811586
3.16813110
5.02209442
7.31083222
2.06160461
0.87540711
14.05814606
7.94230164
6.16170102
3.14734042
3.55468750
8.72196255
7.47680851
1.25992797
1.55550172
1.56197113
0.01890564
0.01435089
5.01338653
4.69319703
0.27681488
3.23408965
0.68880250
7.77587766
7.89599734
5.39843750
0.90824371
4.56294769
3.49458832
1.21174923
0.35953984
6.05814606
0.75777191
2.48789853
2.01995456
2.38041168
9.18404144
9.37500000
0.43745941
0.20650176
0.13187715
3.35937500
0.33333313
6.83638519
2.61568207
10.96875000
0.73246246
0.76363129
0.04184448
9.61027039
0.04021698
0.97701019
3.86925740
6.97550975
12.62500000
3.95629821
1.25704011
3.73632812
7.14575133
0.43432679
5.78861481
1.91341063
7.53438386
1.00000000
4.39933289
11.82108489
0.28462801
17.32157317
6.93570922
4.68753436
3.62163009
4.32710536
6.84188054
16.63012633
15.28739472
1.61714318
5.57515846
4.24218750
7.49393396
3.77657136
0.91601812
2.60156250
9.30814606
8.21964539
1.00976562
0.16516113
7.05125640
5.22399933
3.02929688
1.43606702
0.59274157
7.71484375
0.71244293
10.69531250
2.03169769
3.64257812
7.74360927
8.75244016
9.52738807
13.91137633
4.21016511
11.92968750
1.23262231
0.78349097
8.01293883
3.04182610
3.04826241
7.91784575
1.76387605
9.65625000
0.30802430
10.48437500
8.80069977
9.97542110
7.39558400
2.99467697
7.48437500
0.06958008
0.31884766
0.72509641
0.62605898
3.41255707
1.83052582
11.68045989
2.07735261
2.50976562
4.05952350
7.29985150
2.71874377
39.82975842
4.09899933
5.46740692
5.08760528
8.81262300
2.81205231
0.54927582
1.59330231
4.34375000
0.14534516
5.62259918
13.23091644
3.53125000
5.61408799
8.22575576
27.15433622
1.62203097
15.84175276
15.44572584
1.27120152
4.47265625
3.34737090
0.46761109
5.66495789
3.14213043
9.18404144
0.61088043
7.50394559
9.62691378
3.82076019
3.94531250
3.19755035
2.80859375
3.69877106
0.35782898
7.94608489
7.24922761
0.31445312
7.91003325
1.61739168
4.18916778
7.01517731
5.27701906
3.95613586
0.14567078
0.25482998
0.28389683
1.39855801
8.01408023
4.19095856
2.31253560
5.17765071
0.61967697
2.69230164
4.61328125
2.83389573
0.77352615
7.61405364
2.70914174
2.65096631
3.84094083
7.13385528
14.90805998
6.48482264
13.07645722
2.74393894
3.46769226
3.58158356
9.60591644
0.01705933
0.11596617
0.52172914
1.75976562
9.61555408
0.46017010
9.72269559
4.89900820
7.88850953
3.98632812
9.97013336
2.92488586
6.48649047
6.59968556
4.13053967
9.33158356
0.02024353
2.20350647
1.17390930
5.20792664
0.25724273
2.57368988
8.40134674
6.24428314
3.90205840
2.63895722
5.29284575
5.82320036
3.08182956
11.76729278
6.32344636
1.76721160
7.19710328
8.77689606
11.44877106
2.02433289
5.45312500
49.66444593
0.13828844
7.24218750
18.61149047
5.66931183
0.03243012
2.51953125
0.56298828
0.00935364
4.44294604
6.52596631
3.65519226
0.33496094
3.51066101
8.69083555
0.13680117
2.15294631
4.63859818
10.06400543
10.66495789
4.65657469
0.18746004
11.79927582
3.69413176
3.82165558
1.56925476
9.71822113
2.01582669
0.24878117
0.81201172
0.75394684
0.04152436
3.75691711
1.91886414
5.10351562
4.27445465
10.98604278
6.81473847
3.51411957
1.13867188
9.81908744
4.88914832
1.85152067
4.83618351
2.88175476
10.36771388
1.20455175
0.71679688
4.01194981
1.30250332
5.69433594
2.00594055
8.84810394
1.56986481
1.94523133
6.33939606
1.32031250
8.74654144
1.98828125
0.02162170
8.04252106
10.84029144
5.76908356
1.86568207
5.68806073
16.53703568
9.82568484
4.48347961
1.21883117
2.77132203
12.43314606
2.58882536
4.93505984
0.69677734
6.24283688
2.09265292
5.44185394
11.28906250
5.46305297
0.96858765
2.41377359
5.05070257
10.81685394
1.68359375
9.28503387
0.63415558
1.51049119
9.46704787
13.15344083
2.52628601
7.38236481
3.91251773
0.31970059
1.59468722
4.36885528
7.52465758
1.60205203
4.98002106
2.00435394
7.67976618
5.90617132
1.93990082
5.00256317
6.07421875
2.29702987
1.22482103
9.75480230
9.21887300
14.76818817
10.07424683
10.88716644
0.19584168
12.84834684
4.40051363
5.76212586
4.83158356
3.19893340
4.39945340
10.03584995
0.46879059
3.34989223
7.22334995
2.11958832
11.64408356
7.25759088
7.30267065
9.94710328
4.89152039
1.55631126
10.33272495
5.49935062
14.54190603
3.62651041
7.06114695
2.79867575
9.71244293
2.83760528
3.86942597
2.00976562
4.71484375
4.38716644
4.00691711
2.24503601
7.14136645
4.55286236
5.78678406
4.38883422
7.25960328
0.48779297
4.35201019
5.66015625
4.99609375
3.18359375
0.01150513
4.91316711
1.37768368
9.61616911
5.70394171
1.89196808
0.31762695
0.36800109
1.15128601
2.97477172
0.11238648
1.56347656
2.98632812
10.23783356
1.18908660
1.88753297
3.86290227
2.55042719
4.47778258
6.50838320
0.19596375
8.94531250
6.54252106
4.96138519
2.85927638
7.96494237
7.02462767
3.74836213
2.86328125
10.73530060
5.31518119
7.53096963
5.90234375
11.09285461
4.30167664
3.01713043
1.10050476
7.86762619
3.37874889
9.75439453
0.27547180
1.76945008
0.40775481
0.76489320
6.84029144
6.52513963
0.36157912
4.45202419
6.08227726
9.75435394
7.94477616
5.08423537
1.30151429
7.78861481
3.60441101
1.46976715
2.61328125
6.03951019
5.60803192
4.82076019
7.49572474
3.10030308
1.37264101
0.64892578
3.88593889
7.88713209
4.99218750
1.52156555
3.01786347
6.40625000
4.80409241
1.78238891
7.17321808
4.28169769
2.81250000
0.12097168
1.28568512
3.26216644
0.81648742
5.87154144
9.99107049
2.25892951
1.60983702
2.23140348
1.28104831
7.97387633
14.55391511
9.66060394
6.23726286
6.36084109
1.20800781
11.27945922
0.05812623
1.55273438
6.71382286
9.37313179
4.21138519
2.12943512
7.08447141
7.00582003
1.04793274
2.37198914
2.21289062
0.02450562
0.02793365
4.01171875
1.59029144
0.30078125
2.80875610
0.39583375
5.11783688
8.40905917
4.43013519
1.05619293
4.94966644
2.51562500
4.47176086
2.74894226
5.42578125
0.78466797
2.30243220
3.27744237
2.87500000
3.66796875
10.52779144
0.33764648
3.56640625
4.37500000
2.16166168
1.07385223
0.08675172
2.61148549
7.34705119
5.51818817
2.05843140
3.34525543
5.09720856
0.36393250
4.76517731
1.81026153
8.61206117
0.14017731
2.15279144
9.43750000
0.11889648
14.21817992
4.80322141
4.15970357
3.52519392
1.53332146
5.86678413
15.25195312
8.36027039
0.63610622
8.14176640
10.98579677
6.81314938
9.18542885
13.71850399
5.41475620
11.12500000
1.49356743
1.32186225
7.86584442
2.69396568
10.92505319
10.84676086
6.38946777
10.56339539
5.66060394
12.50321255
5.87915226
5.73649047
8.57722961
2.36836824
6.35156250
9.81636193
0.68078956
5.91060394
4.90279144
5.82331838
38.81836436
3.73917664
6.11975067
6.22355164
9.08247894
2.85937500
0.62890625
2.37500000
3.42728668
0.75679535
25.29622313
1.46256593
16.26581900
20.01835549
0.62470489
3.49475067
0.70780488
3.34720856
1.77201324
0.27807617
5.00089539
3.23828125
9.00000000
0.39843750
4.41922817
7.00610538
3.27779144
3.64843750
2.24772125
3.87349457
5.71305297
5.42366578
0.21801758
4.25296155
1.55473681
4.79162567
8.39318817
5.39766511
3.84871399
0.14025910
0.20360653
0.21028812
1.20572751
5.30695005
0.02254211
7.08247894
0.50484223
11.63537567
0.11145051
1.60742188
11.43018585
17.86975067
6.98860594
10.53023161
10.18058289
6.36832890
2.23482269
9.06160461
13.04947252
2.19751662
7.79963985
4.41352117
2.19024046
1.83963957
15.21529144
8.14518063
3.79862146
1.74337322
1.96003899
19.91809175
1.87898991
9.52587766
2.49996066
6.25927734
15.11583445
0.02674368
1.84277344
1.93774414
1.15722656
7.23758755
3.40303745
10.82275266
2.26469027
4.08638519
1.79935699
1.31880707
0.39965820
7.12845856
0.19917816
0.10900879
0.07232666
0.15337110
0.83248019
6.35546875
1.32421875
5.63671875
2.64554466
0.08638893
5.21651153
0.38212129
10.94358669
2.22487034
3.41601562
4.19189453
7.09330231
17.53975434
7.22864625
1.74688109
5.56685394
0.76757812
11.67968750
0.32275391
1.98099762
2.41548676
6.46439606
2.01475587
1.79811003
12.15022828
13.59569814
7.03833444
10.79956117
0.00236320
0.08400451
10.45287899
0.05924687
6.85557680
2.70887632
13.93164062
3.05664062
0.07769775
0.04391479
0.00665283
0.00562286
0.00030041
0.25417904
3.72508367
2.44726562
4.31250000
6.92187500
1.01953125
6.13281250
3.13867188
10.82549220
21.23156583
0.03930820
8.20340973
12.89497894
0.70458984
5.30344748
4.00514627
7.08548981
6.44380707
9.56881650
2.96979830
13.87978119
0.14550781
10.70479278
8.26395722
0.11016846
0.63818359
8.19721258
2.03765070
8.61014739
3.16914949
4.52689606
1.54565243
7.89868351
1.96822113
6.83984375
0.08697510
0.00274849
11.10937500
0.63293083
2.93408577
1.75781250
2.08984375
13.03352782
24.09445260
5.57709771
18.38442598
7.14247007
16.08472580
2.98898274
3.22646960
0.71502105
2.69474595
0.31559951
3.43119293
9.50435394
2.20117188
6.46484375
5.77148438
14.66870055
2.84838929
1.89599609
5.76171875
3.71824801
2.28761136
9.50000000
1.82543883
1.64038148
1.19921875
1.14843750
0.59619141
0.09159199
8.09554078
0.08300781
2.08833832
2.69824219
6.60546875
2.51716479
10.13302131
7.65258976
3.12215149
5.98872894
18.16601562
0.78865415
2.90470523
1.36234403
7.52970523
0.71337891
3.21484375
0.01429749
0.15527344
0.00544739
0.16439176
0.73970675
1.25606728
4.74577903
6.75781250
1.02747726
0.02645874
0.19407041
1.47127382
0.54418821
1.58500277
7.54687500
14.65625000
3.94140625
0.52827973
5.92968750
1.62748199
3.30171598
0.07731234
7.41060394
4.28222656
2.86681350
0.04529587
1.74437853
2.24561170
12.97542110
10.47770390
12.99564606
1.61568207
0.68847656
0.71496551
4.01696808
6.36328125
4.98783356
2.65234375
4.21919769
7.44921875
0.29858398
6.35021942
0.59411652
1.72753906
5.61168219
1.49529199
5.30806488
0.57568359
3.38476562
1.23392731
2.46919769
1.75398742
1.75577820
0.87158203
7.87177643
5.05680297
0.61971132
2.49193152
3.85047539
9.07377106
8.75577571
16.06151596
10.76172872
0.53751648
1.85839844
5.74173981
0.57039367
0.25500519
7.76953125
2.02929688
2.94966084
10.47896830
6.40128184
0.97876288
7.62064606
0.47135375
7.48482269
4.17321808
3.34798094
1.42012605
10.74229675
11.09659851
11.73628754
7.67053192
10.29369681
9.85909463
19.32902039
3.03771942
5.41886414
15.70714927
7.61076241
9.64497894
14.13130209
0.26855967
3.11690215
0.72835328
8.71927638
14.20259862
1.09992628
1.85596575
6.15527344
6.72220856
9.19877106
22.02762256
1.58350232
16.69491026
7.95627382
3.15820312
2.35742188
11.08331928
10.85156250
2.76782413
11.71257538
6.59375000
0.07134979
1.38610871
12.19673427
1.34135167
5.21830231
11.35591644
0.04559867
6.25189385
3.65915779
2.89693207
3.35937500
3.95703125
2.01171875
5.05033356
0.34615082
2.34353710
20.25949024
1.32401520
3.50000000
3.16646332
0.23559570
4.38378657
3.07910405
1.13205647
1.29418509
6.59302194
0.82417692
8.07914339
5.42578125
0.05606079
51.25602172
2.91377715
2.37707613
20.37727844
2.28727172
0.12463441
4.31640625
8.77040670
1.78969248
40.32013520
15.44231161
11.46306093
7.38281250
0.12312836
0.64261871
9.80977387
0.03515625
2.17655364
1.43575105
6.77815703
4.39460993
14.39083167
7.78861481
2.51127106
1.19966644
7.85591644
0.09741211
2.62259918
7.87154144
5.85111481
6.48046875
13.45019282
17.61141179
6.84073914
12.18784908
12.74619237
0.27075195
0.77636719
10.07287567
8.99442670
3.11015735
8.61975067
1.90156887
2.88004765
7.24609375
0.01096344
1.43164062
11.39843750
8.40970856
6.32449912
0.40641733
21.21276061
29.15759308
41.42052195
4.21530141
52.31791168
8.92277039
4.16406250
20.96923704
11.54511858
1.87431626
4.42342133
2.92093902
7.81250000
1.13814301
10.26818817
0.95300324
6.63060713
18.33032912
3.34236757
3.04927582
6.94140625
10.44006317
1.13806183
2.33866301
0.67012605
1.72212738
3.66372286
14.06977022
2.09313996
16.30907580
8.36556592
4.16886414
0.33715820
2.07678192
0.34822633
9.20991911
1.21984770
10.97530308
1.16113281
16.73233821
3.13504474
7.63558732
4.86763519
11.50345856
0.15592469
4.40836547
17.07120789
1.41815984
10.29936945
2.90474457
6.86328125
2.13521332
10.03282913
10.94706892
4.99621675
6.79809508
14.26831117
4.65713791
6.04305740
1.92346160
5.67667664
1.52815049
3.03939467
8.54162567
0.67570008
0.61299715
4.38236481
2.99576408
4.64726174
7.33593750
0.00750732
8.76472961
4.75803857
2.13303412
7.95658356
3.65279144
2.44185394
6.69417110
2.46989140
2.28125000
6.50345856
1.65340408
5.18762300
5.67017287
8.15279144
0.49707031
10.74910461
7.66451019
3.20087157
1.89137300
9.76383422
4.13806183
8.52794881
2.13656139
3.52539062
3.75256317
14.07903367
12.53109264
0.38554050
8.55289672
11.56445312
2.00569703
6.46785461
8.19185394
10.60937500
18.77103668
4.49930630
1.16272191
1.58256012
4.60115415
6.91296542
28.26497832
5.71407136
6.31595856
1.72017426
12.27148438
6.37288391
3.03666168
0.40861023
4.08247894
4.60546875
4.69140625
0.86914062
3.79642731
5.52017066
5.01152703
5.35066711
3.29801391
6.96467642
7.21769725
4.54117797
7.97054078
4.31160461
2.98331726
7.25390625
2.56791168
2.64107145
5.93461214
13.40063477
1.94576019
9.91048094
22.42743906
8.34958000
2.49755486
1.24418495
17.03265381
5.60591644
7.50781250
6.43216949
4.25000000
2.17248504
0.85579469
14.47220856
5.68013519
8.61506705
5.38643838
6.23872894
10.96415005
1.14673038
4.21704039
9.36641511
0.04721069
8.14754211
9.63150377
7.75611037
13.28470856
2.36372894
5.10351562
5.02298981
8.15279144
1.29101562
11.46004211
2.24670379
18.89676972
17.74104610
5.33000064
1.16231355
5.60066711
1.33011373
3.72160350
9.47220856
0.88126648
14.17097961
9.91060394
9.28191181
2.26913785
7.23046875
8.11283356
1.15767426
1.60449219
4.85111481
1.25638513
26.84916043
3.33850565
2.27712558
2.32987644
6.78125000
0.04437256
0.81787109
13.12695312
3.81054688
2.44325163
5.86731050
0.62601715
5.16841644
14.95547776
8.31258865
1.62011719
6.14408356
12.39497894
5.58548981
2.97762024
4.07014019
2.69052083
8.64664672
2.65067597
5.10623932
5.64798981
0.95894379
1.59179688
8.51818817
4.57067902
11.74218750
7.10546875
25.90970856
2.31197113
16.09375000
18.93324912
2.14833443
17.46275640
4.49195146
2.07365303
6.92622894
0.05275482
3.73640681
2.35929632
1.67820895
2.43079953
7.00524933
2.23242188
4.50736481
1.29829926
2.90820312
0.62504059
3.91451019
14.32775599
1.80310339
8.98648050
13.16223736
16.11104776
8.85847961
0.05704773
0.87890625
8.34842002
8.06839872
1.23511303
9.47656250
0.78613281
4.29980469
5.92179134
54.31420213
4.10266954
1.68086824
2.97851562
2.03320312
5.57303863
7.49609375
7.30712891
1.43945312
6.09029144
4.64485594
0.22676668
3.39956145
5.41692597
4.27868683
0.44213867
2.85021942
1.84997590
28.48550145
5.91548427
3.68021886
14.32377106
3.51411957
0.35506164
0.02998352
10.25435394
3.10742188
1.84126801
4.43135528
9.59492576
11.52014627
6.63326019
6.46830231
4.09810394
10.50390625
8.15091202
0.00826767
1.42187500
1.99910461
0.44266754
3.40323914
22.29209775
2.05991245
5.44787567
1.44718445
6.65677638
5.79289007
1.56205231
5.58638519
0.02291870
0.26147461
1.31445312
6.35610359
3.48841422
1.41499723
3.83003878
1.60908965
6.53259308
2.12198914
0.25756836
5.70267731
1.73339844
6.28169769
1.06250000
7.25781250
3.57767232
0.11519877
6.97823028
0.21952363
10.96003339
1.82951739
3.52734375
4.00589996
5.82076019
7.50781250
6.54394531
14.74218750
0.23864746
5.69921875
0.65584102
0.81754765
0.17211914
0.72021484
2.06689588
2.20406970
5.37500000
0.00916290
0.04971313
0.03323364
0.00614548
0.00033355
0.19043057
1.55011804
3.98677582
3.65429688
4.04687500
5.23437500
0.92919922
5.55078125
5.77734375
8.41731189
4.96502359
6.56050753
0.84956879
3.57031250
0.86327689
3.33911569
7.60803192
5.98571808
7.99635418
9.57005207
5.86718750
11.63191711
9.28995789
0.17496734
0.46138519
6.49816365
1.87439494
6.36405364
3.96797761
2.92187500
1.28023161
9.46541445
2.66601562
13.59029144
1.83007812
11.42431516
0.89359154
0.55318705
1.69335938
3.81445312
1.67240387
4.95747894
6.90234375
7.61328125
7.77103668
11.05708832
1.31640625
1.60302734
3.89453125
1.35449478
2.36666611
10.02343750
1.05293731
3.24007203
3.71333832
1.13378906
0.48144531
0.10345748
1.07983461
1.28515625
2.23730469
6.51953125
0.77465758
9.38558241
4.77400820
1.94567902
7.98437500
19.36523438
1.11722684
3.05704898
1.24238919
5.85136081
1.11035156
3.39843750
0.02250152
0.22139496
0.00357437
0.14154691
0.90771609
1.50206730
3.79424312
7.76562500
0.99572068
0.02745056
0.20021452
1.59379183
0.59655606
3.24259585
1.90917969
3.75240082
2.98144531
3.69680796
-0.02786265
1.49442317
4.15002659
10.87052305
2.73136414
8.13114472
7.85591644
0.74694855
1.62202848
1.81697695
1.73579926
7.58347636
5.40323914
1.22261691
0.97606799
3.23539838
6.66796875
4.58268063
2.11849124
8.72823028
6.29988586
16.56969748
12.80017619
0.52530945
2.28470856
6.28169769
0.53279602
0.33121766
7.91361481
2.33638519
1.98388298
11.05774268
4.42148301
0.62463753
6.95312500
0.25992828
5.21350067
4.70536347
2.92671598
1.54939882
11.36816650
12.20011414
17.35546875
6.93635860
7.56151596
3.04419880
19.70552582
3.89709442
5.02132203
14.99971216
5.98519171
8.57112641
7.79207336
10.25948028
2.06954011
12.02600067
1.26952876
20.66010601
2.51376551
10.39062500
6.47656250
7.76997894
1.64701324
18.29892133
9.28332115
2.97079177
18.76081329
8.34810394
0.09479735
1.09163453
14.36596244
5.56946143
2.92517121
2.69124390
3.99698914
11.57722961
0.92764946
24.64720745
0.43975094
2.28515625
5.75244141
0.97216797
4.65279144
16.47566711
0.36268372
5.97276929
1.26986591
2.43750000
5.04190354
2.83753158
6.02420989
2.27897218
1.19148742
15.10517842
21.73901928
1.51513672
4.14318817
4.16585328
0.21960449
3.76517232
1.87935893
9.98508370
1.35916833
7.25997229
0.73425200
9.21106050
6.74609375
0.08349609
52.03727172
3.57482879
1.96362367
14.44537354
0.72827086
7.77557736
1.82671819
30.30984071
15.30168661
13.77820568
2.03228833
9.10090440
4.59794285
25.04297373
6.44274933
0.17553711
4.37064606
3.95943207
8.28906250
0.15332426
9.57824800
8.06040892
12.13579897
0.14013672
2.42968750
5.79463653
5.04267873
3.74292553
8.06160461
2.00349790
3.73612644
8.71875000
8.45658356
6.41971521
0.26139655
1.52050781
10.38191711
19.99336762
19.49723017
11.75472296
33.70479278
7.35380097
1.25683594
17.08024047
10.44071255
1.38867437
5.59851074
3.24768035
3.56774933
2.62259918
4.64497894
1.34082031
1.63134205
22.21773161
9.97591810
4.32857269
0.23071289
3.35847961
0.16434754
7.36104278
0.48303254
8.04064786
13.68339206
1.21484375
4.83939606
10.84504876
4.52950354
13.05277372
3.09878332
3.43018949
6.13671875
13.77343750
1.32466644
2.16406250
12.39062500
5.26113808
5.59778922
1.36779754
6.35725953
3.36319260
3.63436599
9.66483489
0.50268492
0.72359347
3.59570312
2.26171875
3.55574524
1.26562500
0.77970398
5.79296875
0.00369072
2.59134918
2.86993117
1.51825243
7.34330231
5.01652039
2.01953125
8.19083555
2.80135195
1.72753906
8.42533356
3.16118086
9.91668993
6.73437500
8.27677305
10.05916445
1.63671875
11.40949690
1.04948747
3.97656250
4.73347961
6.23929871
2.84500942
8.04366245
7.40625000
0.14575195
11.45312500
8.50333555
0.20809023
6.37555580
9.30962211
8.57466644
5.18750000
4.85156250
10.82889739
0.46403078
2.60546875
1.52538813
12.42285405
9.39648438
2.55468750
0.64404297
12.25000000
19.67097961
3.92492520
1.44804050
1.81738281
3.83088985
6.71944370
25.98101775
6.43103058
8.16060394
2.93119293
12.20479340
3.33939606
2.09916168
1.61470551
9.29687500
3.18208832
3.48864528
7.87345523
0.89819398
4.02734375
0.97652191
11.92805408
0.45671154
1.80175781
3.41426045
6.46207890
10.24870124
3.54838043
4.33247894
5.89017731
0.19266785
4.99218750
9.52689606
5.30932181
1.54073526
0.52099609
3.06932472
5.51665336
9.39379883
10.67187500
3.41512024
2.25915558
2.99625610
15.49164119
1.85194647
14.84105407
5.60937500
9.15279144
6.68855774
4.37276153
2.68660461
1.50207613
6.89640071
1.23250554
10.54882812
6.43705231
6.13716644
12.74861259
1.20353585
4.78035461
1.17321808
3.06205231
8.24218750
1.23738586
0.23868836
8.17187500
10.09829691
7.84599844
9.79252106
2.11372894
6.31250000
5.93314606
8.64062500
1.33443207
13.12845856
2.82348571
17.59297761
18.34122119
10.74736277
1.40344332
4.76953125
1.01439589
2.19987810
6.47566711
1.00427277
1.54296875
7.82812500
7.92631447
1.17050254
7.85156250
6.79764739
1.38887605
2.01953125
7.38191711
1.80753103
19.73591977
7.07809064
3.46264462
5.03361148
9.51395722
16.16116966
16.46850399
8.55542553
0.69388824
4.40669769
15.11766332
6.61231715
2.13671875
5.94140625
2.89693207
5.96830231
2.96785461
6.09867215
3.85481937
7.33280364
2.81127992
11.82226562
5.62890625
0.56148285
1.43457031
8.55012938
15.20609154
17.17594858
9.24039672
0.06016084
0.94677734
9.03867054
8.47208555
1.56051252
10.46875000
0.64546723
6.34476715
4.94506649
37.21882868
5.52360483
0.94726562
2.60591644
3.60131649
1.93086824
9.12601839
2.71936004
4.49743683
4.88281250
18.13191711
3.04662899
0.38053593
4.65625000
3.77343750
18.29495374
0.10143950
5.56217531
9.07812500
1.74234985
6.07645722
0.05218506
0.23860594
12.66329011
3.67622894
9.01562500
5.77254211
0.35036225
13.89408356
0.79732269
19.87145373
4.72652814
13.16560727
1.73188117
5.29123226
7.62455231
7.89965758
6.63076574
6.31588984
11.06282594
16.84996344
4.43295434
24.22781943
3.99023936
3.59283655
1.58406804
16.49820922
2.03226839
1.49316406
16.08939606
6.32466644
8.21439606
7.98002106
5.87719415
7.08419104
2.35786957
11.13537567
10.28177638
3.84076227
2.83777260
2.06664977
1.30249086
7.73783356
5.59862970
3.70170323
2.90157136
11.49039672
10.30993683
8.11027039
0.78177887
11.15615886
6.82333333
3.15083832
5.82320036
2.48734652
1.47656250
4.70479278
1.10140015
6.45312500
1.44576019
6.66210938
13.69095856
1.18990082
4.80033356
7.90669769
2.84570312
6.78906250
0.02423096
6.10937500
7.91707336
1.04191101
4.37500000
7.10221188
2.24275820
3.93343140
2.38175476
8.27689606
1.49316406
1.66841644
4.86584442
2.23665282
3.26664339
0.12829590
0.78336080
1.03170268
1.60449219
3.25320538
11.36316821
0.09155273
4.35937500
0.07411713
9.53112700
14.37268160
14.53202239
4.00704011
2.25027787
0.34151900
9.38614805
8.83260195
4.37124114
7.17909241
9.97220856
13.84029144
0.63378906
16.50484223
0.38745117
0.31713867
3.66963653
1.97054078
2.40429688
3.94576019
1.73710051
4.63549867
8.07812500
17.18387848
7.27563165
3.89323249
7.93359375
3.88281250
7.43135528
0.35160371
11.24564606
0.29756684
10.91214872
6.51232754
2.21956671
5.48963222
1.53051945
7.30859375
1.90303496
1.03739472
1.60786957
2.79088514
5.37610704
3.43164062
4.34375000
4.77689606
3.92886082
2.70741023
7.00044769
6.90266844
6.89220413
4.40434618
4.25435394
7.45677527
0.81816766
4.89947530
5.37021830
4.80257203
8.81595856
1.93892426
3.38476562
0.46455902
6.03348598
6.41508089
4.53393617
0.38663758
1.48535156
5.01562500
0.04830933
8.76114805
3.32478945
2.52343750
9.46093750
5.98437500
3.48242188
3.98408965
9.61116578
10.98872894
6.32246731
9.70247562
6.67671723
1.69238281
2.75390625
1.32116606
9.17981050
0.60599762
1.96822113
3.24011137
4.03918550
10.21875000
2.91304411
0.86234652
10.84687888
2.73079842
9.76997894
4.11193817
0.77482117
0.48543274
15.84001796
13.97708763
3.36426030
2.76782413
5.01127106
3.05167664
10.28906250
0.07330322
4.80033356
16.79317168
5.05379211
13.50512633
11.93505984
3.60441101
9.85847961
5.15669769
1.42329926
14.91918883
6.42065492
5.16752106
12.71081543
3.61734985
0.74788453
4.27343750
1.51757812
5.31294769
1.62137225
8.02686170
1.65083832
0.13940430
7.92911680
1.86873476
10.27945922
4.29480012
2.99523770
50.75822085
1.15616883
9.25166778
1.80753601
8.65714539
2.04597961
2.58532746
12.07442044
6.29667331
6.83158356
9.39615470
5.45585549
2.93082392
10.25818151
5.53893950
1.52697723
0.18965793
27.42898383
4.24634973
3.00772884
2.42826573
5.69140625
5.84134918
6.70747894
0.74813843
8.76127106
2.46919769
9.14408356
5.77779144
0.32230621
6.53560394
10.24030309
4.87883754
6.05078125
4.07177734
2.20898438
7.01037567
5.17667664
7.09029144
5.32812500
6.13582336
0.32047547
8.57624059
5.97246453
2.39257812
9.27819918
14.50691711
2.73197418
1.91052277
8.61283356
18.65600399
7.91597628
5.00880263
1.82795767
1.47294658
5.63448028
3.27087433
3.90759308
3.29748006
17.88148657
2.68600454
12.52917262
4.13004765
6.39062500
1.67134613
7.79003657
4.26465093
17.16573028
4.26005097
16.50736481
7.37154144
0.10986328
5.19051086
3.04972351
3.32421875
4.01053801
4.53829011
11.53600856
3.42110261
11.43941378
6.89843750
0.13399262
10.65234375
3.44095856
1.16975922
8.11620346
0.59623947
2.94627660
5.19044215
11.05468750
1.91015625
5.36372894
3.95524047
11.70056183
3.28393368
9.00370456
20.25846188
13.15560062
12.27689606
3.80948914
7.09541778
1.58524629
24.84210205
3.00435394
8.08414672
4.95491578
0.07251952
27.10245789
2.54777039
8.59936523
2.10457336
4.80859375
0.96724457
1.26509613
12.15087766
4.72021609
1.92578125
3.87378355
1.40991273
6.83353668
5.30904144
9.00781250
7.53906250
0.11149109
2.08984375
7.40702239
4.97188386
2.60262024
0.02192200
9.76186614
2.46424866
9.84838556
3.36348792
9.67240138
7.68306737
0.15266875
1.43387910
4.02575466
1.83557347
1.11132812
3.23172817
6.09053745
10.33939606
4.57079455
3.23779920
8.21056849
2.59261358
12.59720856
2.28926605
6.62890625
1.23836242
6.19921875
0.85591644
3.10892731
3.12784851
6.84765625
0.47827148
0.44084313
0.59086464
0.85795074
0.74654144
1.73799465
3.37284519
0.59818512
6.16406250
6.70222961
9.44795435
2.62956061
1.68457031
4.87559010
1.08534740
0.15979004
18.62487762
4.09899933
8.94877106
4.46785461
7.60925200
10.53483156
1.83532746
8.44441711
6.02433289
4.33247894
10.60489805
1.67122064
19.43598959
9.43783466
2.61088043
2.59765625
3.24670379
2.00765015
6.63928192
4.88655640
2.22265625
0.52477996
5.71866135
1.82882369
3.53625333
4.02063206
9.32031250
7.60156250
3.22656250
3.87500000
15.21671321
2.89461491
1.35318907
2.38533632
7.13972961
7.26493130
6.22725620
2.66495789
12.85746122
9.42830009
2.21423869
9.26199912
3.60038674
0.87544769
2.48018340
0.81127992
7.32812500
2.24218750
0.25781219
0.81481965
1.54980469
10.43787192
5.29304743
8.51135970
8.79252106
11.54073028
1.58825466
4.39791112
8.04561060
0.49385901
3.64367520
47.69323886
9.53906250
14.87500000
5.21093750
14.85306793
27.60953735
14.63798066
0.47947112
15.52575466
5.51253546
0.05209351
17.25739293
2.47364527
4.18660461
4.35457336
3.77571532
0.38570285
6.14378325
8.11402925
0.12727875
1.59037262
12.95312500
14.26818817
5.75960328
2.55664062
11.09720856
39.28844748
4.60653147
7.60803192
14.26309650
17.22436835
6.38383089
16.37630374
8.52689606
5.82934508
9.53829011
3.56250000
1.86861176
7.38627106
0.37642426
0.01640182
7.39453125
11.32722961
1.21972656
4.84810394
4.72656250
11.28470856
7.00480164
3.07486813
1.95715425
8.92545656
0.44596313
1.44531250
13.16928047
17.74129211
1.05692597
3.39745845
5.37320922
15.05025487
6.83154328
5.30423981
1.45117188
5.44140625
8.30468750
1.05025238
16.85164367
3.02533010
6.59633310
3.57783965
2.22969636
5.79073028
5.72969636
2.70507812
10.12845856
7.50889307
4.14099401
14.71678192
10.28219968
3.49906527
10.08593750
1.98677582
7.54642731
12.40970856
6.40234375
10.25003934
5.87943263
8.82259530
0.13338164
0.39091035
8.71875000
11.58047651
5.19641954
2.97589817
7.94792996
7.05973266
0.08390351
0.01786804
4.11298292
3.69251329
9.15189606
0.02107758
13.93855774
16.76460661
4.64286347
14.17907248
8.87215647
7.64062500
5.17667664
3.12394226
9.88976677
5.18319038
2.54642731
6.13313719
1.41837710
11.25939163
4.32341201
6.08683289
6.70145722
2.51171875
1.41467254
3.36417664
4.85591644
3.50000000
0.93070465
14.61527372
5.34899435
7.68913342
1.31392426
4.09855164
12.33768707
3.70894005
9.62549202
9.12182181
5.07401956
6.41406250
0.01805115
4.17187500
11.08202128
5.64973626
10.04569924
6.94910571
0.45894379
2.57188415
3.33534241
3.15820312
1.44668869
5.16329136
0.10143950
5.56217531
9.07812500
1.74234985
6.07645722
0.05218506
0.23860594
12.66329011
3.67622894
9.01562500
5.77254211
0.35036225
9.51127106
1.92134613
20.65822357
4.59375000
5.82406798
1.91231355
1.11328125
6.71093750
7.62455231
5.76141845
3.36659241
18.69241966
8.97103280
7.67822266
10.83939606
4.53169769
5.82844969
2.34342531
1.69238281
4.06416778
1.59501191
3.84375000
0.54931641
1.83707641
7.40804078
2.03539977
3.62919160
16.39754211
15.99743683
11.03320312
6.62064606
6.86421723
0.00440598
0.00473404
1.49070773
13.74984264
9.59195922
4.35994570
0.15771484
0.51599028
9.58081117
11.06250000
5.83683289
3.06355774
3.83443207
1.39981993
4.54052859
7.33593750
1.83682417
4.05632092
7.17189858
14.73962433
11.07636858
4.80298537
1.20996094
7.29687500
14.79808511
5.36552969
2.73147219
0.74509031
10.87373560
5.97370900
6.05099290
3.70898438
6.21484375
2.32617188
3.61043274
0.96866883
1.52856071
3.25093971
2.78666168
0.91153868
4.19197695
5.09842864
0.72086672
0.44213867
7.33203125
1.77868652
4.58414672
4.20267731
6.24397828
4.30078125
3.31099457
0.44193512
0.34908051
8.86283356
7.84586049
2.91044658
3.87380338
1.99906527
7.99308289
1.63102172
2.49593140
2.86328125
4.85428303
4.89181072
3.84375000
2.17231023
3.45382867
7.56384308
1.83443207
3.44538620
4.73491134
11.58353170
10.72192819
5.89465425
7.20658356
2.57316101
6.01159575
0.66906832
4.95426142
8.60974401
1.87711547
5.19966644
1.95935090
6.64408356
1.54243988
2.38057403
1.29077211
7.03608849
3.06209663
10.45747894
2.77209442
3.54821808
1.31347656
3.05228668
0.55627410
1.23722351
9.99385528
16.71254655
15.59142537
3.84358765
1.66842143
7.08235594
9.83081117
19.13830535
5.38761414
15.31595856
8.41931183
4.59810394
4.92968750
2.58789062
1.83256012
9.42789672
6.06864472
5.04296875
11.27964264
2.96500610
0.40580293
3.56640625
8.59375000
6.45193928
2.74532635
4.08158356
1.64514129
2.26306183
12.58210993
6.24402136
7.94729500
4.35303856
4.25826019
4.93261594
0.87894808
2.94380707
8.43098875
2.11697958
5.10050975
5.45357269
6.92187500
1.74414062
12.09375000
0.26981598
3.01216644
1.59082031
7.92923981
0.83500152
5.37198914
6.80033356
3.01171875
6.76513298
15.86718750
9.50830452
5.87890625
0.06262207
0.24731445
10.17968750
5.35982269
3.14994044
51.78511193
3.75118572
5.51177592
2.06220717
1.95325797
5.24731383
2.83532746
6.84554078
2.98677582
20.01939828
3.14075797
3.57421231
3.81591921
5.89453125
1.56392426
6.87719415
6.56421210
15.91137633
4.46362367
15.86523438
7.64017731
0.08882660
5.71830231
2.91992188
3.52193207
4.81461547
4.23616578
11.40376552
3.24088376
8.23576241
7.05423981
0.18790711
11.84765625
4.12801086
1.25691742
8.73493573
0.39832446
3.43350012
4.91566156
8.10591644
0.61730926
2.01261414
6.62186614
0.48453859
1.55505153
4.99723515
10.77876801
2.78906250
1.51126799
0.95776429
6.00000000
10.12241690
9.76039560
1.06054688
17.82073975
2.85937500
9.98514739
8.12422761
0.14886412
5.92667664
0.71577973
5.36975067
2.50028535
0.96529144
11.01985594
3.94454011
1.76269531
1.06705169
1.66390015
3.15795774
2.97847628
8.91918883
6.47143617
3.69966644
0.07849121
8.72196255
6.13207447
3.53614029
6.15913786
1.30899587
2.83411236
12.61775571
3.57507480
8.68481383
17.64575133
1.83545046
1.29296875
2.21244293
2.69701962
7.69120456
12.32031250
6.49030807
2.43697861
9.93790337
2.41695534
14.42610594
2.79146332
8.17456117
0.99751801
2.51953125
3.02990692
2.35681183
4.10021942
1.93058289
6.27734375
1.30220551
1.14635888
1.97632147
8.56339539
10.67622894
2.11600676
2.18868074
4.17053192
9.48181183
6.18269836
0.49259461
0.89453125
3.01220579
4.55224734
6.50390625
11.12040005
1.38871122
2.45438940
12.46946809
9.61286791
5.51141400
2.16902649
2.45246814
2.91988752
6.22220856
5.16686918
9.76831117
7.55667997
1.67122562
4.62487700
2.94897523
2.73421265
9.10066711
5.17911680
5.85648714
2.61568207
14.08670989
9.72671986
2.82914838
15.93281140
6.24805560
5.43583222
2.73498504
4.00134308
1.09570312
8.16406250
2.22656250
0.30208313
1.32902039
1.77832031
10.08088967
6.54716284
10.42968750
12.35681183
1.18009212
3.24902593
5.01012966
0.70227269
2.23018340
2.79866578
11.50000000
29.44083555
7.86328125
4.07869570
14.22403369
16.38090619
0.00562286
0.00463104
1.02633049
8.81209663
9.67622894
3.91015625
3.10546875
3.32421875
3.62426696
7.63199579
3.21444038
2.63549369
0.94946725
4.73339844
6.51953125
8.57377106
1.82759613
0.65384918
0.68990082
3.88281250
0.05679321
1.29558905
0.43242547
0.96280665
25.94855940
1.31250997
4.82824800
7.62466534
6.57845966
3.85758422
1.23661347
2.80859375
6.59540630
4.46216755
2.32466644
3.21728391
4.62341091
1.39075050
6.53320312
2.60742188
17.70825133
2.20190492
1.48339844
1.61283356
5.51607269
2.36328125
2.97460938
0.92626953
6.29374114
2.05964650
7.89136303
1.76118988
4.14152039
13.55204254
3.35302361
8.86422096
12.80187833
3.40612949
6.78125000
0.02692657
4.12890625
10.64374890
5.89583001
10.97514073
7.91541555
0.50878906
2.25108337
3.13612366
2.80033356
1.58478987
5.38074135
8.05801308
4.17982047
2.80904144
6.56982422
6.09293329
1.95788730
2.04097628
2.13618490
2.96492991
19.64139739
0.80098543
0.67476410
4.21466147
2.86106271
10.03951019
2.81192432
0.10702100
1.47656250
0.03291809
7.64107269
0.18526215
2.18164062
1.99902344
2.75211547
0.93636109
0.08203125
0.15653473
14.49023438
1.62544769
0.00748062
8.90625000
5.66820479
5.51538896
4.19396942
0.00616486
3.85776036
18.35887355
1.36405364
13.95235261
0.72111023
3.86364528
3.09879765
2.27388519
14.85757924
18.86344858
1.61490968
0.06008911
3.16992188
8.37695312
5.16015625
2.48380430
14.57478945
0.30786133
5.01171875
3.99755859
9.09737788
3.26909352
6.41071698
2.40418384
1.26953125
1.48347961
10.16653452
8.14225842
5.04614694
12.33402496
2.65625000
0.95402039
7.75976562
5.65234375
9.37500000
0.56383997
2.99060339
9.51269531
8.40010528
4.40804078
0.02599091
5.72081118
5.42762632
13.33744293
11.60656583
8.31339539
2.64253878
0.34541840
1.88041168
6.15185547
11.61885528
0.10424867
1.99511719
2.05427167
2.84318927
3.32698360
8.79801640
11.19432846
1.45410904
1.08601867
5.76652039
15.80957031
3.01416016
17.83763963
0.71712904
7.21773161
15.65576296
2.87064606
7.71919769
8.55122894
0.89746094
8.56070922
2.34936337
1.57332585
4.75781250
5.18359375
1.39025848
1.55017121
4.52005763
8.45319371
2.61134308
14.21544881
3.68343639
9.53893950
2.34497008
1.02376468
0.17439789
2.12450798
11.39465176
23.46798104
12.08170656
23.61612976
9.70857758
7.20336104
1.51795212
2.12980164
4.54296875
1.41141567
3.27999058
5.04296875
1.32869477
9.93570922
4.02974208
5.44914007
17.01171875
8.64664672
7.95747894
4.04272274
4.43383976
5.03649933
4.87097075
3.23734154
0.93172678
8.14754211
0.40861023
11.87626067
8.87768617
2.81144226
13.57377106
6.68782469
8.75012300
8.06595856
10.61351729
8.57052415
4.01953125
2.49698540
40.35437167
6.32881870
0.63232422
2.28906250
28.28562779
2.67246119
19.20599365
2.08890404
6.20451241
2.19576019
6.68872008
5.87026707
9.83509640
3.97237090
4.78833070
1.09907926
0.36674105
0.92822266
2.10534575
2.28755707
5.56685394
6.66719636
5.09708555
0.53625582
7.02209442
7.23388298
11.46427803
0.48234070
22.28464263
9.93230496
11.07747562
3.19726562
0.36108398
3.02713708
7.56901374
3.57377106
11.67622894
0.12310791
8.79683254
5.29622562
6.40669769
2.52530696
1.58256261
9.04252106
2.78997190
19.96541445
11.91462946
1.40173620
0.39798981
9.85192155
12.34013408
2.20263796
12.50179078
8.46875000
2.73921598
1.12015902
1.81783051
7.73978668
9.62935394
0.70463043
2.14257812
10.45747894
3.77298981
10.19787567
3.80585827
0.32679188
6.72521692
3.13122839
6.66279810
4.33240026
2.14786680
2.15185671
0.88623047
6.82352505
0.94218113
2.37198914
0.94018555
3.13867188
15.02539062
8.45828569
1.62134474
13.14619591
16.43363807
4.17378754
7.95312500
0.02119446
1.48144531
11.11885528
4.12536652
4.50480164
3.29447418
7.14052638
1.26812444
0.92138672
6.17655114
32.45727726
5.38313937
9.96785461
0.84269226
10.54597961
11.85412567
1.03751150
0.71619182
0.30570278
9.16084995
11.97930327
2.45776429
26.97025045
10.74162178
7.08304964
2.33007812
11.93660461
4.34464539
3.31164395
5.67513187
3.36523438
6.77229610
10.56966312
4.16751607
0.08305338
8.59208222
12.19144559
2.04488253
4.85753491
8.05066821
3.18164062
6.94216119
5.78928412
8.12922359
14.37517231
9.12064606
22.51281583
10.02429355
0.11922211
0.34100311
0.19368500
2.52974457
12.17187500
3.67005873
1.35546875
9.12080342
20.31006358
9.49218750
3.99218750
0.30615297
8.46081450
2.28438386
10.12589539
0.43579102
3.05379211
0.84513367
5.66752106
1.10195186
5.43266027
12.08581450
1.11340425
0.64794922
0.81445312
0.22314297
12.20849734
12.18493683
3.42170767
0.78825327
1.20507812
6.75020169
1.05839206
10.96467642
6.54313608
0.15043121
2.35005707
0.33715665
0.72790683
7.33158356
2.21230892
10.70772495
0.02039581
2.06294769
4.90144836
1.61230406
7.14094969
3.10046542
5.12801086
0.15795930
0.06567383
2.55228668
10.58593750
3.01997894
8.88102172
0.19917848
6.18098626
0.85026374
0.80078125
2.60387342
8.12867021
10.63627106
2.56233765
9.48586548
1.05860870
8.76216644
0.02555847
5.89943596
4.10357490
12.68749003
9.88929188
11.00960328
7.35546875
2.47749723
7.86059508
15.32055851
8.70103890
14.69438275
4.94637522
1.36120263
1.14083167
10.35937500
7.69966644
15.33646388
0.65425878
6.21093750
1.06054688
3.89272064
4.60542443
4.33553413
1.69779449
0.16691101
2.18276396
6.32496675
5.22054078
11.60814361
4.61328125
6.33426972
1.61344360
1.21911652
6.81941711
3.88297485
13.36803358
15.72591810
1.42533605
4.80904144
9.78242576
4.88944924
4.60606882
10.26697805
4.43660461
0.25675414
10.83898988
5.74687963
1.30957031
30.80346244
11.57251413
2.69771332
3.51338653
10.05509087
8.51725343
7.82287567
3.32532081
6.77209442
3.75336874
3.89888519
6.46268840
8.38952348
6.49755984
2.60876496
5.45434508
5.03649933
14.09208222
2.67338043
2.95552582
6.45898438
3.84916168
2.94229292
8.05801308
4.17982047
2.80904144
6.56982422
6.09293329
1.95788730
2.04097628
2.13618490
2.96492991
19.64139739
0.80098543
0.67476410
4.21466147
2.86106271
10.03951019
2.81192432
0.10702100
1.47656250
0.03291809
1.07661957
3.73828125
7.33638519
0.25024414
0.42606598
15.06880707
3.66796875
4.89843750
1.49316406
3.44782137
3.86077238
3.64949524
0.00779236
3.80409375
16.26162067
1.29719969
8.86616911
5.32991578
1.03450687
2.36523438
16.05851009
15.23551640
0.50919617
0.02790833
1.77343750
7.10697418
5.20747894
5.61328125
3.37890625
4.01660156
9.07814707
2.91724567
4.83190825
3.77897218
0.99556488
0.29280578
9.78128436
6.62691378
9.30709330
9.96093750
0.37894497
0.70866093
9.97203749
6.28402482
4.78694703
12.06250000
3.46244293
1.36515320
1.60742188
16.90625000
0.76021083
4.27592198
1.41406250
5.52782580
7.28092531
3.26892619
6.22265625
4.23604278
8.07535018
1.80624224
10.16823240
2.35277946
3.82829233
3.29646665
3.44962710
0.16259766
3.73046875
9.07352691
4.22652191
2.63671875
15.84366135
4.51437056
5.14107269
15.74804438
10.70926972
11.80021055
8.42749335
3.17773438
7.26358821
2.66850011
1.22949219
1.22009059
2.72815159
5.28336547
1.34997590
2.57604887
2.80676363
5.10990138
5.87335661
2.51194037
11.87194482
3.35657081
11.25846188
2.42561890
1.37211214
0.38098176
1.50984181
5.53800975
2.09810145
18.00358156
26.98132480
11.52803559
3.08789062
5.73783356
2.62272094
0.72505582
7.87132979
1.60686114
3.12813386
5.07031250
3.66865747
3.94702460
4.75000000
3.95214844
5.95133422
4.12479333
8.22270057
6.27331450
2.43127535
9.82226562
8.46260528
3.22054078
6.00781250
5.35624114
0.88061586
10.41227172
9.68147828
5.58207059
6.54655031
6.92500886
5.39652372
2.60738253
9.14754211
0.67443817
0.31937715
2.33339685
5.78358709
0.26611328
1.54732269
4.50390625
1.16467067
41.25345856
7.50158909
0.55757660
1.22851562
11.68562057
8.10307541
2.85428053
5.56751329
2.63716644
5.10713653
6.28676973
10.32048980
4.06673094
6.05676363
1.23026457
0.30049715
0.65820312
1.84875333
1.88924257
4.96394836
6.58907136
6.03983489
2.13159242
5.92789672
16.81591423
28.20597725
2.10290558
23.78669105
6.54745567
8.11808289
6.92008422
0.74536195
2.78010860
8.54353945
8.75012300
10.89351223
4.92122562
7.63716644
2.59732658
2.51249612
9.54597961
3.51247131
4.28995789
12.50870789
17.59036763
1.21724955
0.38916016
3.86116142
12.21732823
1.79744570
5.94665558
13.41202571
0.93021886
2.03365082
4.62162262
9.92097961
0.69718445
1.91894531
13.78125000
0.41206879
9.21093750
2.51691379
0.78537289
4.60147884
3.40482823
6.49161680
5.44531250
7.02010195
8.48168883
4.10550809
0.97733738
2.95597351
1.04675293
5.75736481
8.66286982
11.29048925
5.89546100
1.48299756
20.07234431
16.68607823
5.55741151
9.15010528
1.44311586
11.27689606
5.28470856
1.45640937
1.40801141
0.18684813
3.47774324
11.01109717
1.95393922
26.78002618
9.54927831
7.11942597
1.65527344
12.21785461
3.44860871
2.44322391
6.09848293
2.90022828
6.80643396
5.08959774
7.36959330
7.66507093
0.38884170
5.47290226
7.26809952
5.66940048
4.69791002
8.19617353
1.35839844
7.05523826
2.77679299
7.43506720
18.40536401
9.39831450
1.56209414
4.02616301
13.05234405
1.25675476
9.07136525
19.96484780
10.75012300
4.45312500
0.42472351
6.52152372
1.46097933
8.01216644
0.36181641
2.47912567
0.89729859
5.53080231
1.06051324
5.84151526
13.93135528
1.93192597
0.87792969
1.17089844
0.26503354
12.52099734
7.99308289
2.42984985
2.39241578
7.93660461
1.39933289
11.03063498
6.05094858
3.26021332
0.08978271
2.82812500
0.46309231
0.78401859
9.44185394
2.00129229
20.19238032
6.12984596
12.09016844
6.72815159
0.71321407
3.78239140
1.40279144
5.13425689
5.01419327
2.82414505
3.96394836
0.16129578
1.92922672
5.07939937
4.82466644
10.85508400
6.36930297
6.49877992
2.73258422
1.16247590
7.60937500
1.99031555
9.02261581
10.07206892
1.49019503
4.16015625
10.82571920
7.59615580
6.30793440
9.97766954
3.95975676
0.48177000
13.25797671
3.76310783
1.04288758
27.67797540
8.65747382
2.50000000
3.21846465
9.92700133
4.85213320
4.90234375
2.59993892
3.71724457
3.40677419
9.19847075
15.99723889
3.47177083
10.73347961
1.32023133
2.11718750
2.41597130
1.51469276
12.47375333
7.82898105
7.11718750
1.62988281
0.16214996
0.00121826
11.28446255
3.95381870
0.04952453
1.23030640
7.01774047
4.68147828
7.12764185
5.08439273
0.63427423
1.11487284
0.74463835
6.90368683
5.34464539
0.02869690
3.71048981
14.79051862
2.17041888
15.38179411
4.02099734
4.28381317
8.08337131
9.19389073
2.79252106
11.17533356
11.80336880
3.45924534
1.77534879
7.73315492
2.05488794
7.39140323
2.21093750
3.02689606
6.72265625
0.01120514
10.17577128
3.61329122
3.18774414
7.61328125
10.71439606
2.39302582
0.00738525
0.51855469
5.07377106
14.32812500
10.05122894
2.38476562
0.99537190
6.85926196
3.36958832
10.48107381
2.96741190
6.58817597
8.67097961
2.59597227
8.90834108
6.92232269
2.08105469
6.62890625
3.18359375
16.83109247
1.95544714
4.67394615
0.58431405
6.76127106
0.09010834
2.13281250
0.28245544
4.18725399
4.68704607
45.83834330
16.38318151
9.46964539
5.72151485
32.23494570
0.77156679
4.82158634
3.09487698
1.93314606
12.63716644
3.18900543
5.66316711
1.44372590
13.91715204
5.79081145
17.92838874
2.09509308
1.68066406
13.82031250
0.53328305
9.47322695
3.37874390
6.49438414
3.57299867
0.46289062
0.45373473
0.40006531
5.79431183
2.55859375
2.98091644
6.90490692
0.72501648
6.50736481
4.02823914
5.73408965
7.25345856
2.13728696
3.98270722
7.13517398
1.31400543
0.00774659
12.26114805
6.32344636
1.89880402
9.57031250
5.71126219
8.69620789
3.91870179
3.98437500
23.72910843
7.24394392
5.46573914
12.41048094
13.75447695
17.19010437
5.09077723
12.45581117
16.43237118
10.13456394
1.72005374
13.47728059
5.32695921
4.84118683
4.27150378
3.32961103
3.04536957
4.48046875
2.90679031
0.66109223
1.41304411
4.53120910
0.89705507
3.20446808
7.18436614
0.69816101
2.27583832
2.73376496
3.39603668
6.80834774
4.34879765
2.54658965
0.18892457
0.38981078
0.71854707
6.03738974
7.76294381
7.25585938
1.22200438
0.68774476
1.49646027
16.87068041
5.79236369
8.52356050
5.02779144
1.31099457
6.07071587
5.78291778
10.18888741
4.07698360
4.34098515
0.58251953
12.08851820
4.46879432
7.06518617
21.10355497
0.28072362
0.51208060
2.63989694
10.09977172
2.95296265
6.33984375
1.48567625
18.38265015
8.42003990
0.38253213
2.18001219
0.05578707
5.87934511
20.96569980
12.67842310
11.10974401
2.40861148
9.04687500
10.26102505
5.89567265
0.74263519
2.62695312
2.03237333
1.86899323
3.00659242
12.63537567
2.23527039
6.50781250
1.02448900
5.53601728
2.27734375
3.54252106
8.80468750
1.94531250
0.12788910
7.60892731
0.91988129
0.34704341
0.23486577
1.79584897
0.69589815
1.38024933
4.51216644
0.08251953
3.54864474
12.73430629
3.14164838
2.69636525
10.70353834
8.73783356
1.62154144
0.16187437
1.01195978
3.39022163
3.13594636
5.23392731
8.93841978
3.21079011
6.76094636
2.24609375
6.01953125
2.33162290
0.52966464
1.59371553
1.16590757
4.42232269
1.68435274
11.53105828
1.89404421
17.14164339
0.18518035
1.33390320
2.03690395
1.82417941
7.81518617
0.93408203
17.10428303
0.38302166
9.71785461
11.06887029
4.16975953
8.33683289
36.92366329
1.72912816
7.58939606
7.17386747
3.01993960
4.04252106
0.07240814
1.88920074
3.29642232
9.69682291
5.32856522
4.03268173
11.42895446
7.95792664
1.18290223
4.44576019
9.23091644
3.95943207
1.42960384
0.25744847
7.68013519
1.41947418
1.49182098
10.51578735
2.22880097
1.22058012
5.45849734
0.20609527
4.16772274
5.08618351
8.26472961
16.46636547
18.03723986
4.24743683
6.17545656
6.66528258
2.03979554
9.13179411
1.48539339
4.35546875
4.14562833
6.32133089
4.26306183
3.29492188
15.76997894
0.03776031
8.40625000
3.82633422
1.24149629
0.36324004
4.73270722
1.68750000
3.31009918
1.91308594
7.47798427
5.51375554
11.39933289
2.49149380
0.68095066
1.36027039
0.02476745
12.28319814
10.32414806
9.22372894
5.99129211
12.15136147
2.73886192
3.51367188
3.29101562
4.53515625
0.03558350
5.92325244
14.73690381
7.56852172
2.23962433
5.47298094
4.85945368
3.49178413
15.46308571
2.02628601
9.11629211
15.40645324
3.97835328
5.22265625
1.35546875
5.57096188
10.25321255
8.70471036
2.79777537
3.25390625
5.89664672
4.79085328
0.01173401
3.46634918
0.05837006
2.06347095
3.67655987
2.94380707
7.70827572
0.48223514
0.92769379
0.03082275
1.89444385
13.88257428
3.12491883
7.97957336
0.54972351
1.00195312
0.04682403
8.67622894
1.84985040
0.64673163
1.98632812
0.02545166
0.27954102
0.57373047
0.00785065
0.92285156
0.02086120
1.37991779
3.39714123
5.18660461
1.69771332
4.30513519
0.28291684
0.18180484
4.92658799
21.18738198
5.75862921
11.32473017
12.24362920
3.15625000
23.75991800
6.98214649
3.87166445
4.07682126
1.08640377
1.98893561
2.15820312
6.52510528
0.03757783
6.88842431
3.66654698
1.82185976
0.06927490
6.75000000
4.55468750
4.42578125
0.23229980
4.87890625
5.40926086
13.05667031
7.44756094
2.13594636
1.45003234
26.42341977
6.29533023
0.46079498
3.47355164
4.53771942
3.46077515
0.07861328
10.67968750
1.21484375
0.72074371
2.28861481
0.76716665
12.13928690
5.68794769
7.74898161
0.19852816
11.62771616
4.06987477
4.19441711
3.58186890
0.07568359
2.81791168
3.28080231
6.84810394
0.86914062
8.20409907
2.97940105
1.96644281
4.32902039
4.72794243
4.89758643
2.94771332
6.29984527
9.79508422
2.29520722
1.63281250
4.98437500
0.56188965
4.14408356
9.51908356
0.16202820
9.49564606
1.16166168
0.94738738
5.92411347
1.57910156
20.48233821
5.40047429
0.00500870
5.97432403
2.54716035
12.85139891
0.31563386
3.56099457
5.99173981
2.84419769
3.33353668
0.05233765
8.62410461
4.18839539
1.83247894
6.86824274
0.47062444
0.05516021
1.38610871
1.59745207
7.18973847
5.98527039
3.45703125
1.19238281
0.01325989
0.68994141
1.72265625
3.47163786
14.15881317
13.00793550
1.65706422
15.53529752
6.87947695
22.56025903
2.91923315
6.74214691
7.71109486
3.04822307
4.60201019
9.16149715
14.02258394
7.50704011
9.00402739
0.93603640
0.28275418
11.12601839
10.72928614
6.10449468
22.60632231
8.07096188
2.70980108
3.77945922
11.30814606
18.39440326
5.68746564
3.45910240
8.68107491
2.39107269
5.30590758
1.22969636
0.72928863
1.72558594
7.67968750
2.19335938
1.93599457
7.88476064
4.67371010
2.40832613
10.72566711
32.57499114
6.60905031
3.39683096
4.29990580
1.37890625
28.71187223
5.09648141
3.95755451
3.34672650
9.26908356
6.28291778
10.76997894
13.80725067
4.18282136
9.36372894
5.31884641
3.01424257
10.04996454
4.29378546
5.43541889
0.36723432
6.42923981
10.78401485
23.66630097
7.44860373
3.92082225
2.12316988
6.58247894
3.30859375
3.82726397
5.71436170
4.92944149
7.55822972
4.66406250
9.54854278
3.71708222
1.78609036
11.24629544
9.34334663
2.56054688
0.01331085
6.52030364
5.24532136
11.36506206
1.69503712
3.71630486
5.11812721
4.83158356
9.98656915
7.31518617
1.81872590
1.78051446
1.20740276
17.61092918
3.67907746
2.18403593
16.44592752
4.18839539
5.08548981
2.94771332
2.98868711
2.54549257
6.47945036
0.73982851
2.02148438
1.06099457
2.88867188
0.00484467
11.20299120
7.77340314
9.54585661
2.84957003
6.58638519
0.58447266
10.09375000
1.78125000
3.34497008
8.39383755
9.28149352
1.26831366
3.20747894
0.65136719
0.06658936
1.90010528
4.11808289
1.94816101
6.91573028
1.08276429
1.56892011
3.23291888
0.49104797
2.36897828
4.83068817
0.66589387
9.89062500
12.66963619
1.69185394
44.85235471
7.35355746
12.08158356
2.99023438
8.25948028
0.99922761
3.76757812
15.07812500
3.26623504
3.26501496
4.38281250
0.17639160
4.23046875
1.12687071
6.42590425
9.66841644
5.90234375
3.79296875
10.47948471
6.30086990
6.65562501
25.70240691
7.27990692
15.84423205
5.97872229
1.03227089
6.19185394
1.65572113
1.03763824
0.26753754
3.05643396
8.97806861
1.67187500
1.39876219
13.08715384
1.24264018
6.23828125
7.34375000
0.18599457
5.80904144
8.70133422
7.64849121
12.41292253
2.68598959
1.98918162
6.23706117
7.74173981
7.58158356
4.70446808
4.00000000
5.12890625
1.94095856
4.74609375
2.43554688
0.67500762
1.69950410
17.51562500
8.30122894
2.65926086
6.62544769
6.66873989
9.23584109
3.33850679
1.41699219
4.88476562
8.41576463
1.06515181
13.11629211
4.77433289
12.68073527
3.91496786
0.65364438
2.57072085
9.01562500
0.01496124
1.73002106
5.47448637
1.79492188
8.35603945
0.57474762
4.90346023
1.94224290
3.76114805
1.25785433
8.86469305
5.15093195
3.67638381
7.80310837
4.64843750
1.17468168
8.21606383
4.56086907
1.95397410
1.54545074
5.64408356
8.18659464
3.16195700
11.31192930
5.35066711
1.37255984
4.62544769
5.87845856
0.17553711
1.24361176
4.90160759
6.89188940
0.72680726
2.29447418
1.89640320
3.07767731
1.74857325
0.92932347
2.08577515
4.39993286
2.60156250
0.73591977
9.34147281
3.65942321
1.01005097
6.15643958
9.19847075
15.99723889
3.47177083
10.73347961
1.32023133
2.11718750
2.41597130
12.65930518
1.32173676
11.88883422
2.48030640
0.67504571
1.76733710
3.69697996
6.88114472
5.34464539
0.02869690
3.71048981
14.79051862
2.17041888
15.38179411
4.02099734
4.28381317
8.08337131
9.19389073
2.79252106
11.17533356
11.80336880
3.45924534
1.77534879
7.73315492
2.05488794
5.21903621
1.98051307
2.34029144
3.93164062
7.42578125
0.02526855
9.66983821
0.89441074
4.51094636
1.22904449
1.38326019
6.00972130
1.26082585
7.64644503
10.71093750
2.35742188
0.00713348
0.45800781
5.05033356
2.56461547
5.36942597
1.77246094
0.93849973
3.91952349
5.79732269
11.71251663
1.81275099
5.26965425
7.86673981
1.87872802
8.62184175
3.98632812
2.03547668
2.10953735
1.24104859
9.12064606
0.49605316
3.57031250
0.45471191
6.85099180
3.68891927
51.57796764
1.11063691
1.68802887
15.52343750
2.53263243
9.35168550
3.79581726
5.68375610
3.54280640
0.46244293
0.48807738
0.37801148
6.94921875
2.07963043
3.53019226
5.26472961
0.66495789
7.16271942
3.80212433
5.82198028
7.53515625
2.53535794
26.04113863
0.91792941
1.41609431
9.22363530
5.59753325
10.32531583
16.63451463
18.30245899
3.93843535
17.21980774
17.01525599
1.29211768
12.01109376
3.79705230
2.41271942
1.87235566
7.78220993
0.51847351
6.02205321
9.46878934
0.40014835
3.13956726
5.38883422
0.56542969
2.60502106
2.48030640
4.30122894
5.33044216
6.05859375
1.31832003
1.21993074
4.57596770
7.78002992
7.10005707
1.45287899
0.39786929
2.51005097
14.15375555
5.52446586
8.57133089
4.76216644
1.25435394
2.91304037
6.79749002
0.87410461
12.75142778
18.33427471
6.27023439
4.57517840
9.68925642
3.05965149
9.15279144
11.75117576
5.38208444
0.97696961
2.04882812
1.43440610
9.25101839
7.46529144
7.35982269
0.60892731
2.87394226
8.21260528
0.12015840
3.18164062
0.02775574
1.17321756
5.29094193
9.17212101
2.64225343
14.09887633
2.12768617
0.36661587
0.32784214
2.04422023
22.47432589
0.18957613
0.71480700
6.23735150
6.08593750
7.14017731
1.84159270
0.35144136
0.61073324
0.30135569
2.36132812
3.97257259
0.13069890
1.33691406
0.00667328
2.06374260
9.72365026
3.26847351
1.88631289
12.42833445
7.37635305
1.04785156
4.07706675
4.54386414
9.23616578
36.73789303
1.75272800
10.44441711
11.39713376
4.72636081
11.17248504
5.90759308
0.85949707
9.17622894
3.32963043
4.29988586
18.73889129
2.20161957
1.04349762
6.18973847
0.15120453
2.16707336
11.54341644
7.09330231
13.68564413
19.12146276
3.72713320
5.65157136
6.33882536
1.66357546
9.17944149
1.42602726
3.90189606
2.78299646
6.48128546
3.87679078
3.01713043
7.49654144
0.76859527
9.55033356
3.15254544
1.52022495
0.40726590
2.07613253
2.25541168
5.48437500
1.64009613
8.43456782
4.97424534
13.69274933
1.71288813
0.82670323
0.68310547
0.05918365
7.72611481
5.02181135
9.46473071
5.79207336
12.38205582
2.57329399
3.48783356
3.14693207
4.66752106
0.04299927
7.46581284
14.53614029
8.14664672
1.52860566
5.42565825
4.63985261
1.48482269
10.62774717
1.73429383
9.54687500
15.77404754
4.02478058
4.41406250
1.48775238
5.58479610
8.24763852
8.12768742
2.87044437
3.19877106
5.49039672
4.51786347
0.01084900
2.59330231
0.02071137
2.21967975
3.33598432
2.88236481
8.36753658
0.48117741
0.80460633
0.02883911
2.09846299
4.09326795
3.24524019
10.38883422
0.99300172
2.51953125
0.07860290
6.80167664
5.13797319
1.24874556
1.33593750
0.02691650
0.32788086
0.18046051
0.00706100
0.74019379
1.57266588
6.01994459
3.18672074
10.11539672
3.54475953
0.72969387
3.83552915
23.54776541
2.34457169
10.48867465
12.53476285
3.21289062
30.06139296
5.98535904
3.92492769
4.71939938
0.96541227
3.08870733
1.79101562
6.80725067
0.02722199
5.65480124
3.45467475
1.59883699
0.06628418
6.41796875
4.33548981
4.55513519
0.23754883
4.89453125
5.48738586
13.31663886
7.25839317
2.51289949
1.92537414
26.27498227
3.05171847
3.40368683
1.97814910
13.27868683
1.28470856
1.03365082
3.28816711
0.69974294
10.97724624
4.09368129
7.58146055
3.12543773
1.62362754
4.66495789
3.51790157
6.07446476
2.79191101
7.36063629
9.82543883
2.49141511
1.83691406
3.82918274
0.40578217
3.96724457
10.10502106
0.15437836
8.64754211
1.92968750
0.84191863
5.47489472
13.86995235
3.99678745
8.89697266
2.99218750
7.80513519
0.10205078
9.30725067
4.89196808
1.68457031
7.55946796
0.15431681
0.34212343
0.07385711
8.22399933
7.51652039
2.26171875
1.36523438
0.01577759
0.97851562
4.94140625
0.89741911
15.94877106
16.77717642
3.17501385
15.11481927
7.17269171
16.47509143
5.75801917
5.94038786
5.96277260
10.39078485
0.60563483
4.72957336
13.43725399
9.51154644
5.69336436
3.82072584
24.28954330
10.12150709
18.10324469
2.39963319
6.75941156
5.06042387
8.47233156
3.01847351
5.74776153
1.69799867
0.94799805
1.98632812
5.94095856
0.80322266
1.69531250
0.97265625
0.05006928
0.62402344
0.62170379
0.53845246
2.54898549
6.03141733
2.89375886
9.88191711
21.75919493
5.25146609
4.37200854
4.32135083
0.84761566
12.28628127
2.74352837
3.96410821
3.37565436
9.23437500
6.21846465
11.11027039
13.69352172
4.77266511
7.80468750
5.32364805
3.25358156
8.88154810
3.51343085
4.94624225
0.54541639
7.54642731
3.28800476
6.94689661
22.47412234
7.24291556
4.21110483
2.47367464
6.64888519
3.48242188
5.38764850
5.68087322
5.10143950
7.58394503
4.55468750
9.28983489
2.37467531
1.85392086
11.43045989
8.86576573
2.32572418
0.02357483
5.98124114
4.87076906
12.30870679
1.58732989
4.14107269
4.52717891
8.43135528
2.20402039
1.78954704
1.17680463
17.17064117
3.56188996
2.06334933
8.16056959
8.56673094
10.50793550
1.78125000
2.29073028
7.65686004
12.53535794
0.96920019
2.62259918
0.35469574
0.04562378
1.33129821
8.63024933
1.05114777
1.77143257
3.09823692
0.67838500
2.99442597
3.52811614
0.66919008
9.61372894
11.00036865
1.19478363
42.28461576
10.65185671
12.72656250
3.37019836
9.00345856
0.46765168
1.05415863
10.42126371
5.66027925
7.29252106
3.44971222
3.12304688
2.70703125
1.18945312
0.25976562
6.60991436
2.92968750
1.36938227
7.25526096
1.67639129
2.31998781
5.50691711
1.61897828
0.95308441
7.37801086
8.19352172
2.30737367
3.67773438
5.36718750
3.67773438
4.72656250
3.99369293
2.50417042
5.22882091
5.22611481
11.35335328
2.97070312
2.30228668
9.57812500
1.50500333
10.11067874
1.04235746
2.10168550
8.48002106
0.00966644
1.58593750
3.32352505
1.69917941
10.14766511
1.65970856
8.20621454
5.46297429
0.88061586
6.13281250
6.97867797
0.15775605
1.70800781
3.90486415
8.63305851
1.38309785
1.72611481
1.83443207
2.67338043
5.23770666
1.42232269
0.69937767
12.41988503
4.63102172
0.74157746
8.73400553
0.14652372
6.22277925
6.84118683
16.16503906
6.35201019
3.55273438
7.96484375
0.05303955
2.27148438
3.46542716
3.57572418
10.65279144
0.19384766
1.66556793
10.75512633
3.61161347
0.19632996
6.31586358
0.70565132
11.37064606
8.62654477
6.62634308
1.40043246
32.81448000
17.65161071
10.54212765
7.67134364
5.10762854
2.00675476
3.00976562
3.52583832
3.77103668
0.03789276
1.34472656
16.03515625
6.63281250
9.22656250
5.72265625
0.38647461
1.38130458
8.70516179
3.07076019
6.56054688
11.63431793
9.69080327
15.12715979
0.03985077
6.77787013
1.84028210
6.51584039
5.87890625
1.22363281
11.25691711
9.40279144
1.99121613
2.13883422
4.57508087
3.14681031
5.46048981
1.36230469
5.68750000
10.71409020
2.44055518
11.81688830
9.24658826
19.72187390
2.60625110
7.66836215
0.48015652
7.32644726
6.80570589
18.95142287
12.89510195
8.64473294
3.98348210
15.54980469
7.89557403
10.62027704
2.01946752
17.72859181
13.19543550
7.38789451
9.72600177
17.74920768
4.62579232
2.52388519
2.05078125
7.02586769
2.95460106
5.96289062
2.05814606
3.45552582
50.37963431
3.97693027
3.77925878
35.00251884
8.15853280
0.82568359
11.49222809
1.29882812
17.58300781
10.51127106
6.16357048
3.68888741
1.88378906
7.42345413
5.52922318
1.98612395
33.16271942
7.02693540
5.91353612
1.69628906
4.97318512
4.96875000
33.25857990
27.27507092
6.57670074
10.58670989
16.06169969
18.44617353
0.81595419
1.14677471
18.29687500
0.71236176
4.70023910
10.20112809
3.60115921
0.28251690
4.60156250
15.53808563
12.40307555
14.07344636
13.83658229
4.79866578
3.18615692
2.76427662
2.10364361
4.37984223
3.97265625
5.38627106
3.36144864
3.51415891
8.26253546
1.64408356
5.17533356
7.76997894
0.03340668
3.13042170
9.90572362
6.23136414
15.22956339
2.61796985
12.00402925
5.40055297
5.93356022
14.23730718
1.08847129
8.60176727
0.28843048
5.83219360
4.16931183
5.54662899
8.13448028
10.37793218
5.42578125
10.62577239
7.45524047
12.89359029
11.78703069
7.36854408
4.28125000
2.79296875
7.94628657
12.99393894
2.09033079
4.18038120
11.56160461
2.58097351
2.74795854
6.42680463
1.42293024
2.17598792
3.84313996
11.99453901
2.55819536
2.10156250
2.32665393
2.88497229
5.92269171
6.26216644
9.57164562
4.41529255
2.02709774
3.41145999
4.46228058
5.31941711
3.68343140
0.33581512
0.89933289
2.26607269
6.57704502
3.23482269
2.89994293
15.28777609
34.23340093
7.85526706
4.50569703
30.33805297
9.24083445
1.74683676
2.82857269
3.57031250
17.61283356
3.30220302
0.14750339
2.66524324
1.69498656
10.51415665
1.77787262
4.61808289
8.33158356
0.52140258
1.96431488
8.02433289
8.41752106
0.25862672
2.85733821
36.99479001
0.88981805
3.55823470
5.03906250
1.57519531
11.39843750
0.68656402
18.30712766
2.67028591
4.64066932
2.12695312
12.75781250
1.52250028
0.20772433
4.80769836
8.59589983
2.25220412
7.27550491
33.74451462
7.91796875
17.78336547
4.22040781
8.04101985
25.39005430
27.12024019
1.42277039
5.59457526
13.73706117
1.46317535
2.84366509
14.64022163
0.91768215
7.24589206
1.90340149
3.28214539
3.70804466
1.91544991
8.37487700
0.42346285
3.49609375
3.72623656
8.12935394
7.68045989
7.13370789
7.02701906
9.30277496
2.71549313
7.01798648
2.10050476
1.62545338
3.53318538
4.66568150
7.16406250
4.56847740
5.59880813
8.59791223
1.02636719
0.60937500
14.33414672
2.24548371
5.41060394
2.83417111
1.18295932
2.31294769
12.91573028
6.42411347
3.60306793
2.66255707
16.57454344
2.05977449
6.49263519
13.36429435
3.74056405
16.34964872
3.47098847
12.50704011
17.23693817
3.21423371
12.31607658
8.29350411
0.58291661
4.91040226
5.62500000
2.11523438
3.71679688
18.26204344
3.19807735
13.54874944
27.31313941
30.75017231
2.21765292
6.86250886
14.14652372
24.66770280
3.18577348
15.70711242
20.83923371
8.35869048
0.07257111
9.62040005
8.26896055
7.52726507
1.58112278
2.88677304
13.71582031
5.12544769
1.50402451
2.60546875
10.00781250
1.61035156
1.81489334
1.77006759
2.76002979
2.75315380
5.58203125
2.93554688
7.61188387
1.60055906
7.23444963
33.70084220
14.15280204
5.07661957
12.56339435
12.67977490
7.33247894
5.69877106
2.68404144
7.50000000
2.48046875
12.46952239
12.83862367
4.07857269
4.79210772
7.96961103
10.55814606
17.26562500
13.69738365
6.16589760
12.12275156
31.50114638
7.39876531
5.02579400
7.55094858
1.07368988
7.80664062
5.39624280
2.13082003
0.44356390
7.97143617
1.78365082
3.95295269
4.50558399
10.37185617
0.62122672
7.72656250
8.89687279
9.86415225
9.17647495
12.71683622
0.39790988
2.38236481
6.29882812
3.78666168
5.79732269
5.16060394
10.44587323
3.87745013
9.47649991
4.01062167
5.85066711
0.69486481
6.95536347
11.99218750
3.97513824
2.00585938
13.15625000
1.67818207
16.01472961
0.25652952
8.86564273
3.22025543
14.23693817
3.44515015
1.56172138
0.92660045
1.86230469
12.44832336
2.54056793
3.22941101
8.42277039
0.44002258
9.13716644
2.30122894
4.30021055
8.00687652
9.42635195
18.93904477
0.87553011
2.22399933
11.57466644
7.22509641
0.57275515
9.47607422
31.52107602
5.02579898
14.69718590
1.93274268
0.74902344
3.82942376
0.39372077
4.25781250
6.50903258
32.92521055
3.03210605
2.38716644
5.49971465
3.60061282
11.17896941
1.54394531
0.56937652
0.09737152
7.25983932
1.16984818
15.54508422
5.44133546
4.62331727
16.62774046
12.20747894
6.80122894
4.42187500
0.56498199
0.09499084
0.73522980
2.35546875
6.85156250
0.01290894
8.02445465
38.91217933
3.60784020
17.49247036
4.29431183
9.19466312
5.38627106
2.33101410
3.94291168
7.66495789
2.25781250
7.93359375
0.02590942
10.19787567
6.18839539
27.18281140
33.55201130
5.71018463
2.59134918
5.28560394
0.24165863
3.63822418
11.14021789
7.85363419
2.43509918
4.60591644
2.99804688
3.72265625
26.44384641
16.65010528
0.43436863
0.65120510
3.44555851
17.11783688
2.50911624
15.63577187
1.46497672
6.18150669
8.07196087
8.01562500
13.34529477
0.63806308
0.62207031
3.31054688
1.84072876
12.56595856
0.09525543
6.90279144
2.57661957
0.99027496
4.06381705
1.53873781
0.16320801
0.11341308
0.39021851
1.50748532
5.70804964
6.90413453
0.30244965
26.36555408
33.62263852
1.75745345
18.06123871
6.55814606
18.59069731
22.32202242
6.69726562
9.36014739
8.83605054
5.24174977
4.50345856
14.84350399
6.73417331
6.95352837
2.10551307
1.10689301
3.74605192
16.30843140
1.32051668
5.15702239
2.30000886
16.81595856
7.85111481
9.40791778
12.17663232
1.00830452
3.07137024
17.74446282
4.46183289
3.14066808
11.31050753
8.78320312
6.08522438
2.32134086
2.81758263
4.68785905
4.72669547
0.18542480
8.16465759
8.38823913
7.73421265
6.96048981
4.72588820
0.88739305
16.22466812
4.45410904
14.53727172
19.78291778
4.38268950
11.56620456
5.36718750
3.56099457
4.30232602
3.47501773
11.03254876
6.87370124
7.62410461
15.84859223
19.08939606
13.76598796
3.70353443
15.26281583
5.33842198
4.54732269
5.43750000
0.29052734
0.27884918
0.02171845
3.53426086
1.90714539
9.64139739
7.55000886
8.51908356
0.94624848
11.93225067
18.07865684
1.30029030
4.37251801
6.76953125
3.88822418
4.00435394
12.12756317
9.83638333
2.83707890
6.61914062
1.26757812
2.97851562
1.26757812
2.47070312
2.42187500
3.51367188
0.00685883
4.01171875
0.46557617
1.11791992
5.64017731
1.86958832
1.92456055
4.50300089
0.09127798
10.97656250
2.08443207
4.36810303
8.68927193
1.80078125
8.91227172
3.76155640
10.06985702
27.90519725
6.56587987
4.31294769
3.52705840
1.48759004
6.60937500
11.20906555
7.24796570
10.11771637
22.68626995
10.53683399
1.97656250
11.69095856
1.59029144
5.27229610
1.64274296
4.30725067
0.05932648
6.51908356
2.79927582
21.21248227
1.53999972
5.50242521
2.14311325
2.05285738
7.57511414
1.62056488
2.49023438
0.13153014
0.47387758
13.91795878
5.26359818
2.46883366
9.74434231
0.14652372
6.22277925
6.84118683
16.16503906
6.35201019
3.55273438
1.44238281
10.29682350
3.24324524
2.14933289
3.24926696
1.15698304
2.33593750
11.34977172
4.58292664
0.11454285
6.21334527
0.47778632
10.51436060
9.38818484
8.70145722
1.32035433
32.43341894
17.98994903
11.13803246
8.10701103
3.84468971
2.41418550
3.77237976
3.41752106
4.34720856
0.02994812
7.06205231
5.11372894
2.15625000
11.47656250
2.72851562
0.61478668
1.30122894
0.11291504
1.31555020
3.42835634
5.45193483
7.22460938
8.82124225
7.95093085
3.46882619
8.42989915
5.60937500
1.24361176
10.63972961
10.01216644
1.85255951
1.75309203
4.87980896
1.66813203
4.77689606
1.35449219
2.92773438
3.88826352
0.44710203
2.40828679
10.32392842
10.14429272
11.99002771
1.08174964
6.46047984
0.51563497
6.63838653
4.37128920
19.51481826
13.44722628
15.07970413
3.98031388
16.57421875
8.56159464
10.57519282
0.74061336
19.79548510
3.82886303
4.28125000
2.45235261
1.60502106
11.00923427
3.59264296
2.73556571
14.36828208
3.73755319
5.56250000
1.90234375
3.43705231
49.42830009
3.58663245
2.62032136
35.92516623
10.48153147
0.82421875
2.03320312
7.48901367
1.31400543
10.68404144
3.80664062
0.01077271
9.79252106
6.86446137
7.49092310
0.78446753
4.37328790
1.78192937
3.85922761
2.45463043
2.76021332
8.71682625
1.53663231
4.87935394
24.03779810
11.48327917
3.70837433
6.22949758
26.46936502
6.86328125
10.89306516
16.26376602
20.43758865
0.48160703
1.14400487
12.27429199
0.69824219
4.62825882
10.10904586
3.72346233
0.14417096
19.50905144
6.88413672
0.80810547
0.90535399
13.16666750
15.03976272
6.04174867
4.12064606
2.94164104
2.31417774
4.43501801
4.18314606
5.77734375
3.20918606
3.66528258
8.01074468
1.31693512
5.32767731
9.49654144
0.05360932
3.60238689
9.09152149
6.82556183
14.23660351
2.27633532
11.66479554
5.52465758
4.24115976
3.60259086
1.99466700
8.04777039
11.12703679
4.16060394
10.00077239
7.06148161
17.26944634
12.15482823
7.47566260
4.58593750
2.85396332
6.87642177
12.25280917
1.93452848
4.30147495
10.93314606
2.04341644
2.56242962
6.75668107
1.44860622
2.04602393
3.59464539
11.54654034
2.51355884
1.94576019
2.19339311
2.91125831
5.35115913
6.40189606
8.01805519
3.96241356
2.01440243
3.47501773
4.20882203
5.25301086
3.63220246
0.35705535
0.93493683
2.17578125
6.65215569
3.13671875
3.77583832
12.98001000
28.10795323
12.98270722
32.94291168
8.70294770
6.02829343
4.32088320
29.39107269
19.83121454
0.32206519
0.76363129
10.85835661
16.51038762
3.82946310
1.19629654
3.86116578
6.51517731
0.33239715
1.66113281
8.15804078
7.62622008
0.23112062
3.23009974
35.59867340
20.18794271
3.66984818
6.78470856
1.50630707
14.80814606
1.11193817
0.21586121
4.98958001
3.69836768
2.82076019
0.10664887
12.74910461
1.75561337
0.28877964
3.80379211
9.51451796
1.96489306
6.98843986
16.35294991
7.69173094
1.31058871
22.20568817
3.81884143
12.29663942
24.61450133
28.22640015
1.65120484
6.78463270
3.18424562
2.50141990
12.48079842
2.28576629
6.86462433
2.76517731
3.73722351
4.21845967
2.12919658
9.08044216
0.60848210
3.55859375
3.08060575
7.59086214
6.29374114
8.36718750
6.69934175
8.34606840
2.75614472
6.84765625
2.67012356
2.67936899
3.52828052
4.93643283
7.08203125
4.31066490
4.55481279
8.81653922
0.67867035
0.72119141
13.18570922
3.83186890
8.59720856
12.00602172
12.59854167
2.83488973
5.52734375
13.04329344
8.40637300
0.66308594
17.45563387
11.92135361
4.78902814
18.61271055
5.99609375
11.12166445
20.27408688
2.16642398
19.61368462
8.21677879
0.39105038
4.38350620
4.31640625
2.25630707
14.55696532
26.94423981
30.62896054
1.97351230
6.26696808
13.38960661
23.94016623
2.91241466
15.59134918
21.11177582
10.13038054
0.08427004
10.74873560
9.48144282
10.94759530
1.75128941
1.60145445
13.93457031
2.98632812
1.53783296
4.18095190
5.29687500
2.71411071
10.13204011
2.56250000
3.02144005
4.46879432
7.20658356
2.73677582
6.34191490
2.33386635
9.63752923
7.59200354
1.31685394
7.08203125
9.35740599
1.65405336
0.14549468
7.86808289
2.58878601
2.51732215
2.58424035
17.61632647
0.44519697
8.17968750
9.42238144
9.28497450
7.44889406
11.00410794
0.33235843
3.81294769
6.87259918
3.44335938
4.06685394
5.01517731
9.88655391
5.22379765
9.23783356
1.74759949
2.13041168
8.07466644
3.63281250
0.48396789
0.25699891
2.22416168
8.93175865
10.31868905
1.71341949
10.02689606
1.76916473
9.37679078
7.82076019
0.95117188
3.42637634
5.25331116
2.49718709
17.36014739
3.37244182
1.76831117
12.58658688
0.79764988
5.71472075
13.97233156
5.44140625
3.27779144
1.30965149
0.09132873
1.22550476
2.91145003
4.12220079
-0.00408798
1.46289062
3.40607696
1.58792934
3.49678745
17.31978114
5.40604831
11.28047761
6.14274047
6.71203458
3.04817874
7.73571808
2.37304688
6.30078125
0.10628234
20.03381317
5.95100953
27.02526264
33.79256787
7.00338745
2.67338043
4.72656250
0.60546875
4.17187500
10.07088195
2.68229001
2.69014683
8.01940825
2.43957613
12.99460223
1.34762189
2.05631327
7.58770389
6.81307070
2.61612976
8.99116911
0.21635043
1.30273438
2.25781250
2.20771271
5.78906250
6.73872894
2.60351562
0.65043121
1.48495308
2.11987367
2.53649871
0.38635285
1.52595883
4.66508089
9.76652039
0.59224457
3.46605443
0.24675688
2.44258699
10.48486328
4.21529144
21.14733793
38.63293550
7.00976562
9.23783356
8.49978835
1.54167497
4.74218750
14.63012633
8.18583222
7.11152483
1.84009474
0.73242188
2.09391110
42.98718417
7.42134613
6.14064789
4.56134863
4.00505762
0.15543609
7.62909797
9.72201684
9.53214539
6.66796875
4.37294826
1.31215092
33.15327848
6.59464539
2.95226895
5.03418218
22.29923399
3.90775543
2.29443484
4.10937500
2.27103668
18.56379876
5.68664893
15.02083250
9.59248560
3.47750221
7.23693817
20.94376524
16.33223294
7.21806128
4.57857269
6.21484375
0.37817383
0.28344727
0.05239868
3.84916168
1.82466644
7.73213653
6.45145722
5.93314606
1.91060394
8.17533356
9.45825133
6.78002992
0.83687348
1.33744293
7.10591644
3.13867188
4.04687500
13.32377106
8.83670833
2.90287511
3.89896388
3.27441655
1.11470551
1.99369293
1.51704926
4.96484375
3.52929688
0.46317535
2.41841644
2.56787109
5.22496344
-0.00328375
9.96875000
3.08789062
5.11966638
13.25467864
6.03564827
4.50480164
5.38749114
1.34297761
6.02298981
12.65534713
20.58581450
10.90825243
2.16451019
13.44787567
0.83044465
6.89928857
4.46399268
4.66595941
1.40722656
4.88841590
1.39367594
0.74388963
8.74394392
7.78125000
14.09887633
5.17110261
17.75931793
1.70784298
1.50158909
4.60111481
14.37935394
0.70019220
5.21655585
14.78983489
5.63985261
1.03808594
9.77331450
1.19987062
17.31587738
1.99369293
11.12500000
3.48905364
0.10868410
17.05814606
0.54141887
2.43652593
3.43750000
6.37890625
0.23388672
0.37500000
2.28087849
5.68188165
1.91321642
12.99564606
2.43208832
4.86718750
2.24369293
0.33003754
0.47631836
8.11718750
1.31835938
0.06819567
0.22143617
0.06856632
1.35600090
4.20267731
9.58593750
3.74263519
1.27832031
0.37646484
6.05379211
4.17423523
3.25390625
3.76757812
3.60742188
2.81551086
0.09617127
4.88236481
2.02583832
3.25613725
5.01676640
6.93075022
4.48002106
0.27075195
1.82999695
4.05476618
3.01705175
7.54711104
10.99239915
0.01015472
2.60742188
10.96785461
5.24015320
6.51908356
0.32173676
4.69287109
0.76859527
12.76045746
2.81009918
0.03102631
45.67565825
8.90983156
7.26607269
5.86718750
12.54854665
6.43620124
7.73649047
21.34847167
1.36984430
10.24308289
1.11966949
3.42668244
17.70507812
2.00402925
0.81990539
3.51336409
13.70172317
1.08951906
2.48437500
1.24218750
6.58984375
11.19953189
12.34192486
1.01269531
11.86694149
3.60331394
15.59821421
0.77785842
1.78116883
0.94767273
4.78933788
2.81027149
8.74987700
14.21835421
4.91406250
5.71520280
9.78479720
10.83939606
3.95552582
0.04046631
2.14843750
1.78523742
4.50206865
11.34896498
0.54927582
2.45166016
3.29374114
16.65112367
4.04947751
3.26542331
10.28906250
4.83593750
5.54642731
1.31057593
5.92860039
13.44966644
2.41255707
3.39257812
0.13138824
3.02148438
3.03067432
25.35409131
4.19380326
11.83325133
2.86551972
19.07742133
2.14132867
15.54974547
1.39030031
11.97220856
4.19462035
9.91060394
0.07607057
10.38281250
0.40836485
1.44836519
0.79048676
8.50345856
0.01671356
0.01032257
3.35919885
3.95093085
4.64497894
3.92883145
12.40038689
9.48441932
3.29142398
0.98494445
8.48962433
2.39876219
2.52071199
3.99698914
7.38627106
6.72867797
1.17509004
1.68457031
2.79012024
0.06504334
0.25501308
1.16972019
5.75077239
3.38098238
9.33927305
0.19344179
3.79882812
4.26931960
1.46310228
1.29589844
11.39208112
12.17986074
7.38984432
2.37422761
12.63671875
4.01953125
0.05451965
0.01995850
0.26352717
4.63810123
1.09643617
3.81294769
4.76908356
0.04942841
1.34082031
4.03906250
0.28470856
4.25817840
3.07165558
8.89497894
1.35135832
0.16377840
10.14843750
1.79492188
4.89017731
0.01787323
0.67919922
3.37890625
0.31982422
0.18615723
3.92650931
6.23230385
7.14196808
0.00861359
2.40038564
14.55261635
7.77701906
1.44380707
7.75488281
3.28861481
1.27657074
7.25781250
5.51416016
4.46484375
3.12543773
2.08505208
5.64261747
0.22115207
8.55468750
2.26512665
16.39123006
3.14783244
7.92923981
10.01985594
1.77649019
0.13098145
6.22176086
2.45402039
11.39062500
0.70996094
8.64017731
8.75781250
0.81734223
3.26057735
1.29789339
2.76094636
27.67607117
6.03605164
1.68953430
0.90181488
11.51102505
8.12089206
0.23889191
2.08744293
2.62000036
0.59618736
2.52181405
9.62440428
1.22542359
3.72566711
9.99446532
9.49414187
4.21093750
0.09499541
3.54956117
8.88883422
0.87434937
1.36690215
1.40210023
13.02600067
6.01953125
3.98962433
0.13773590
10.04341644
0.03170776
5.21757804
2.64000998
8.45028147
13.89664672
8.12679078
1.49812805
0.16398133
1.26704926
15.26908356
0.06776947
2.80416457
8.98527039
1.76953125
1.36275238
6.65926086
8.54445923
7.87350952
3.21431488
1.34375000
9.22220856
4.23046875
8.40625000
5.70703125
2.63411126
6.30037788
1.09667969
4.65970856
0.01809692
1.31685394
9.32287567
7.66495789
0.19991059
4.27734375
1.80371094
3.02884918
4.57076019
2.32074026
0.52227670
3.30798371
6.79777039
0.97265625
3.67232269
4.00878906
5.44999114
0.14424715
9.48591977
19.54906043
2.31316433
11.77140071
2.01180241
4.55423981
4.69051086
5.07556183
6.18750000
6.75146484
7.01074219
0.58618102
0.30639711
21.39062500
0.17355761
3.97855497
4.44511081
7.17968750
3.12198914
10.35635417
3.69788563
4.82315603
5.84526041
7.69140625
5.11283356
7.23411902
1.80058953
5.29988586
9.55993683
4.26216644
0.15942383
0.50878906
7.55696282
3.70394171
3.72737423
4.40136968
6.89062500
10.56595856
0.16023711
0.12500062
3.63281250
0.73486328
6.77819482
7.92570257
16.75179078
0.48864777
7.40579234
4.57679188
8.89843750
0.68330653
2.33976507
7.74173981
0.38077820
1.27343750
5.21785461
4.73197044
4.66935616
8.12251801
2.01175809
9.49410128
6.19832336
1.02823914
3.85729887
2.27160738
0.49584961
3.84386802
0.84949135
0.17956543
3.04206962
8.58207557
8.27326020
3.34925531
22.23872894
3.00716312
1.32682375
6.40580231
2.39754211
6.33337433
4.22701019
5.88622673
3.97270057
1.48384613
3.63268950
1.12394226
2.28438386
8.62410461
0.09861268
0.62998807
3.30244778
2.77755042
8.32633422
4.54085328
5.47310394
3.21244293
3.52974457
0.38891602
0.33235407
1.43839788
0.79052734
4.36629211
0.00377930
5.91035794
8.98046968
4.56150101
0.36501329
5.03169769
4.40234375
6.19742797
1.91735871
5.51261414
0.84887633
1.77514711
10.75166778
1.79671265
13.44237783
13.69441711
2.76066600
9.31160461
0.85994445
1.66097047
3.99475067
4.21138519
3.61222351
0.08984375
42.62622008
0.89339234
0.35929383
6.16451019
17.24719083
0.23991031
20.11087046
8.02735372
12.40625000
1.32092254
16.04629184
9.06478280
8.95179188
0.55900086
2.04101562
1.02460858
3.22120013
1.96582031
2.02237976
1.33646637
1.51216644
1.04447418
3.85241357
3.57291999
14.53125000
1.25577820
7.50691711
10.34016844
16.81384308
19.57018451
2.70984541
8.98950133
7.74820922
3.50748781
10.40279144
1.37349457
7.19193512
6.58203125
5.41060394
0.21948242
8.91829344
0.78332613
1.27006012
11.95022718
7.47766954
9.07556183
0.16959625
2.28096465
5.38940492
6.77343750
2.76216644
6.37756317
8.67712433
4.70312500
0.21154785
10.84106383
4.30895529
5.87874889
22.64726470
6.23962433
2.28755707
6.13268950
9.15637300
1.32519531
4.24218750
5.03426086
9.68404144
10.45312500
5.32466644
0.80859375
14.97566711
2.61283356
2.16931183
1.82617188
1.81896942
5.46529144
0.71280945
0.44946289
1.24686614
10.17020722
6.91060394
7.78771194
7.17285904
1.97204621
10.06941711
0.30021180
2.32857269
3.31945645
3.45548648
4.07934508
2.30586824
16.54687500
3.02689606
6.10201019
1.68603391
0.51416140
12.35156250
10.96875000
8.57979278
0.83768769
0.83553039
2.41056336
3.35704912
22.87667276
18.54719730
6.34073914
0.59232574
4.13281250
6.41406250
5.25044769
4.37052305
0.44120051
1.18620124
10.70312500
0.86729919
9.81685394
0.83736176
21.47782379
6.63256649
1.16475620
1.22631836
13.04752438
18.44270999
7.53458555
1.62272218
12.81595856
13.45237732
0.37125672
1.79455411
8.31148410
10.43839539
4.84810394
6.83760528
3.17216035
11.34525543
8.81725732
4.51778479
8.91495789
8.36372894
6.11450133
2.81986481
2.85424867
0.86226410
12.24393396
4.96610815
1.34366883
2.79882812
9.42638631
5.36613475
1.68111176
10.38972961
2.50870789
3.58072751
2.88802249
14.16829344
1.81901125
7.71093750
2.95047942
7.84375000
3.47745789
3.93147828
6.14453125
5.23433441
9.69464723
3.35820921
8.68827239
1.63301668
6.70613586
2.45073691
8.33504211
2.85754488
10.99218750
0.12703461
2.22115082
12.96402704
8.12947695
7.71899601
0.29003906
0.39233398
3.95548150
3.17297706
3.09615082
2.28881649
0.40405460
1.12890625
12.36688720
3.40777038
1.46671570
17.27868683
1.06392426
4.47086547
9.44254578
2.93990082
3.03951019
5.42968750
4.52734375
0.07489014
13.71439606
6.38643091
5.51298315
4.97265625
1.02937680
4.21374667
17.92602539
1.86718750
9.55033356
0.05061859
0.40185547
10.98002106
11.10502106
12.75954346
23.75066986
15.15625000
2.53951019
3.94417110
0.24235234
0.97265625
22.00768950
0.89270113
0.23655323
1.92052319
17.46155252
5.62407025
12.79638298
12.86767952
10.42386747
5.95507657
5.36454565
6.58158356
6.17671598
8.62919160
5.90413453
1.08886719
1.72985871
22.07812500
21.48904232
1.40071781
0.12772644
5.39013059
1.59745207
2.92167331
13.70698693
11.76509862
1.81457613
14.17533356
13.92040517
2.12695811
8.38883422
15.83448942
3.67708499
13.57377106
6.94140625
0.82987851
2.04447418
1.79602144
11.93985151
2.33102282
16.07238365
2.15072030
5.77376219
3.68762300
9.68827239
4.11206117
1.57963043
12.98783356
0.78214539
4.03951019
7.43314606
0.09334320
3.16076629
2.61254322
1.15149518
2.31986481
3.23099762
10.10591644
5.15189606
5.90445922
0.20756074
8.96093750
2.74263519
6.48198181
6.40356383
0.21484437
1.12447113
5.35111481
6.29893618
2.28895445
5.62890625
2.88081505
0.74388963
8.64494459
11.00524933
14.50500333
5.37435062
10.14782248
9.74703346
2.33125886
10.27729943
3.67582557
19.51802582
1.69441711
11.42968750
3.88228114
0.25582128
18.57377106
0.68469508
2.73539464
3.81880707
3.95312500
0.16825348
0.59761566
2.53230150
5.23735150
6.92667664
3.67968750
3.31880707
4.80859375
3.35038176
0.17183504
4.92142731
7.06250000
8.73766124
5.88517398
1.78732103
9.96093750
3.17622894
7.62500000
4.79207336
0.39908875
0.55175781
8.89843750
5.29585661
0.67045199
9.70117188
5.02734375
8.10937500
0.79789215
6.01216644
1.92968750
4.85323028
5.63944052
2.53320811
4.89351286
2.39750277
5.24609375
5.26517731
3.39335051
0.15409426
4.56595856
3.59615082
5.71260029
5.62377992
7.98063608
2.88867188
2.17277039
7.20165891
2.97066378
6.19921875
2.25781250
11.37064606
4.83931488
8.49218750
0.57861328
4.17089844
1.36478668
4.25032469
6.30212433
4.91239472
45.27075133
8.41674867
6.27779144
5.75390625
35.55710062
6.45123115
3.31400543
-0.00439697
1.37207031
4.18615692
4.42477478
0.61615967
9.26562500
1.59765625
2.84792574
16.48750886
3.10725953
0.93709289
2.90965177
13.05242464
1.42020722
3.11132812
1.95951324
7.04386414
21.04011276
13.20846298
1.64843750
11.54150266
3.54488253
14.19112294
1.11422275
1.68216949
0.87329164
4.16316711
0.02805603
2.22727925
3.23466533
7.63492797
7.00569703
8.56119127
10.56681959
8.01216644
8.79252106
4.65999017
8.15149268
3.76171875
9.42622894
4.46557617
2.80680297
7.64050200
1.43558871
16.89933289
1.81152344
1.46679688
0.07073975
1.17382812
0.94938110
1.07893922
4.57421875
4.36193817
2.03816711
0.05442353
1.27694279
26.75029033
4.94163895
12.21695922
2.50134308
7.02734375
9.71986114
1.25089539
11.66406250
4.95339904
8.86641511
1.05273438
15.15946255
0.34444370
0.15216033
1.65055048
11.01078402
3.33378269
0.62695312
9.45402039
2.97765958
2.14103335
5.93546570
3.03275543
0.51713043
7.64888519
2.58443207
2.90283079
1.78466921
0.79255853
4.40694370
6.11014739
1.35368046
11.33146055
0.20052187
1.13281250
9.17955453
11.74848723
4.90706671
2.77880984
14.00301086
7.27042664
0.08650208
0.07366943
0.34692134
5.95070791
2.29687998
12.36372894
10.16841644
0.75948028
9.37178496
3.42277039
5.98388298
8.23063608
13.51562500
7.39843750
1.69938110
8.05948665
10.21386968
3.96219692
10.07735261
1.72412234
1.39445008
5.49369293
3.49068207
1.23925781
6.80810547
6.47753906
4.28125000
1.36375925
0.40670766
7.37276153
14.22131317
11.57800200
1.55265320
2.44136691
1.01985594
5.80570589
4.83146055
8.10603945
0.66849762
5.59765625
1.22456754
1.04223508
3.39791112
10.66523826
7.86947030
2.27779144
3.76118739
1.63110538
1.94327820
25.51438354
1.42305574
13.07543883
7.66931183
0.18212922
1.37011719
2.25792949
1.00251697
2.42289838
3.83211879
1.95935090
3.47131317
12.27058899
4.33760652
4.65234375
0.10477660
2.71618683
8.01908356
1.31648742
2.04475953
13.00691711
3.12154144
3.22701019
0.15091949
5.52734375
6.66313278
2.20075854
8.29081892
16.04508422
7.63460328
1.25797485
0.21167023
12.02779144
11.87543425
18.96362367
2.33984375
9.75768950
7.71003214
3.14555961
5.60803192
2.13911957
4.95402039
0.75390625
3.83789062
0.79060852
1.51163758
3.91723571
1.27514711
6.26127106
4.96875000
4.32476215
2.82674756
10.33146055
3.67199800
8.05468750
1.74723266
4.40413453
6.84810394
7.02246094
6.17968750
0.52860442
0.63838777
18.99564606
0.14316421
4.20344969
5.19498781
6.11283356
2.29235871
10.30911016
7.78028590
3.37593473
4.00537234
8.85502106
5.79296875
7.77643839
4.62936391
3.64603668
9.44620789
0.78267426
8.45824884
5.07938940
7.66402191
2.01924590
8.39587433
0.26070160
1.35725455
0.41837960
0.93684937
6.01306183
0.10754395
1.41556793
0.97021484
3.17232269
4.35546875
0.01359558
1.14994293
3.89094471
7.97473736
2.67052693
3.08488475
3.82421875
3.56400543
3.79899047
0.03989717
0.56538910
4.35582281
10.64132867
1.19673676
4.64497894
2.74369293
2.52090620
6.65389849
0.60107422
5.56685394
1.79882812
1.52998809
1.51057984
1.68652344
2.05965149
0.59633396
4.82364431
2.38696974
3.68029754
2.16345246
5.51562500
3.74173981
5.08203125
0.82906098
2.64257812
0.01951599
6.86539672
9.29282623
6.56656112
2.79183732
3.81233765
6.34375000
0.53804535
11.34631317
0.76993836
4.54296875
0.74784270
2.19108156
4.82812500
6.68750000
0.60498047
3.99836160
11.82373670
6.33431405
1.82857269
2.82946808
2.31009918
3.74218750
4.12544769
0.05960083
3.36673981
5.48482269
5.00154477
5.94722628
10.08939606
0.64111328
44.44775266
9.20068484
8.53995789
0.59667969
1.88964844
7.51757314
3.88778147
3.56534851
1.84863281
2.34375000
0.93701172
0.58451324
3.40636802
3.99402260
15.43750000
1.22798676
8.42187500
8.78369016
10.70902621
25.69062265
2.97144614
9.00512633
7.83972075
1.81290835
9.47656250
0.80668121
1.11417664
3.20328735
6.52433289
2.21378601
5.50000000
2.50878906
6.84960439
3.81311502
3.88541501
0.68257785
3.35575410
1.49165863
4.21048981
1.29447418
5.34720856
11.04777039
3.33638519
1.99173981
7.33373837
7.77999058
13.50345856
8.85156250
2.69380707
9.18904477
7.82613253
1.16353363
4.26562500
5.01127106
10.90279144
10.49564606
4.46484375
1.00240082
14.65625000
2.36629211
1.76847351
1.83593750
0.88387024
0.83195008
0.55924438
8.97399933
1.16548676
4.15677388
7.00932291
6.41271942
9.80647828
0.58890777
2.05122894
5.90991024
2.31709995
2.71846465
2.04085328
11.34810394
3.37650543
0.47237090
1.68192597
0.87158203
2.84960938
9.14062500
1.62618012
3.42988669
20.55534186
18.72668169
6.49609375
0.72412109
4.94921875
6.58203125
5.60937500
4.07242797
0.47548058
1.51843667
10.89062500
0.89201355
3.68379045
13.42619459
2.52433289
9.11940604
1.30682291
5.15791778
1.15555879
1.69770958
33.71053413
8.70914672
1.03792359
2.77343750
11.58593750
30.25805602
0.50708070
1.49177852
3.77848515
2.96488309
5.69462222
10.27254211
4.50826019
0.13692230
0.09164429
4.89575133
3.82885804
2.87890625
5.97265625
1.94022551
7.69063386
5.67923981
15.81148161
1.92138796
7.81595856
3.57381164
5.95222961
6.04866578
2.53125000
1.78906250
2.48604340
6.91474624
3.53447251
7.69352172
2.57796265
6.49173981
4.29148856
7.92533356
4.50748781
11.31250000
0.08587646
2.89888519
14.84338099
7.80468750
1.48767370
0.36132812
7.79500056
13.39791112
0.45552582
7.20914672
9.18892363
5.46484375
3.81457613
1.72033660
2.41149933
3.09134918
4.48872894
0.08337402
4.26517731
4.22847379
3.71350067
1.99259585
9.21060284
1.83867298
13.09977172
1.52352367
5.78100399
1.83269060
3.03783993
7.38261081
3.31294769
3.71097809
9.25691711
1.61914062
2.38806183
9.94071255
3.81709995
1.59863281
5.98594416
1.73492131
8.31429078
7.45613586
7.09029144
7.69315271
0.80827155
0.77148438
4.61734486
1.13318401
1.93697113
1.64684778
10.75842254
10.10249225
0.42424146
11.22008312
4.21306294
9.37040005
2.88350620
8.06058622
8.02880984
3.64107269
5.67113697
6.16134197
6.79808760
16.98466409
5.77828346
6.20613586
0.55070008
11.13167110
1.54170933
5.12393728
7.78442819
7.87243683
3.27433289
3.46093750
3.99218750
0.01605225
5.71247230
3.50973625
0.07552094
3.27279911
4.96328456
3.88476562
3.83707392
2.24824856
0.93270334
11.03381317
10.62141844
1.96871066
0.76847040
0.45349401
3.85201019
8.65416639
14.58846631
9.78137300
6.15425753
11.63191711
4.86462433
13.56762633
2.61792054
12.01562500
3.79252106
13.50536985
0.59232450
2.69629155
7.51261414
3.16361481
10.58247894
2.45898438
1.69921875
17.90189606
17.14355469
2.49755236
0.26127729
3.07076019
1.06490082
4.23046875
2.15770425
5.89576130
12.10160433
4.56795102
1.97155917
0.15706359
3.43448914
13.74287124
5.62431626
12.36132812
27.29490692
10.33816601
1.71458332
2.36132812
16.94787567
5.97521942
11.19262633
8.95670656
3.24913897
5.41626662
3.34960938
18.09631317
0.13594605
12.42703207
10.21541445
9.64485594
0.23307375
0.08416748
2.12612769
4.04440048
0.84656167
6.69396942
2.50915558
9.62613891
60.95531858
7.35375665
6.20374002
2.29882812
14.63793883
1.78942902
1.54895051
5.02734375
18.31941711
8.71695922
2.68627992
1.69726562
11.50948028
7.64709442
7.59202150
4.23392731
9.16841644
10.92264739
1.80586824
1.56835938
3.96662955
3.49626108
2.33398438
17.78324247
22.04414949
2.08133505
2.90279643
10.46740162
3.49471132
0.39567514
2.67870097
1.89844747
4.77859819
4.96314162
7.94478363
5.23046875
10.69673427
2.44002382
0.68111300
3.93135528
8.59171321
8.18607823
11.53214539
11.60126220
21.52630097
5.63671875
3.33382203
2.50736481
25.09250205
0.72174752
9.15447157
4.80746232
22.37060547
12.97126853
9.64693705
10.27689606
2.71724457
2.09375000
12.98514115
6.55298537
21.81457115
2.79285073
11.08251330
4.23434064
2.03710938
4.07958984
2.72826962
2.45878269
1.34517426
11.35066711
6.09106383
6.44913010
9.12777482
8.20914672
6.05993683
6.13793883
0.55143312
1.06978363
7.78727172
8.59195922
3.77779144
0.52075258
7.42789672
1.12972047
10.48216514
3.56694259
14.25390625
0.23620605
0.05377197
0.05572510
1.26542082
2.15834966
2.75000000
5.22701019
8.66752106
5.17187500
2.72851562
5.98424203
11.68026817
5.03906250
6.13671875
2.31445312
6.23437500
6.60111481
5.78951019
0.04611206
1.46923330
1.07910655
15.52441406
0.70578480
10.33488475
14.66105164
11.43660461
8.09029144
4.07857269
5.95601286
0.93611757
0.69877106
6.85201019
1.33060699
5.91197142
3.14316378
13.33206561
5.00462933
3.74383089
1.13769531
7.06595856
0.20845551
0.00978851
0.06927490
2.18444170
4.60543439
5.53116883
1.65917969
1.49994768
5.47322695
0.54781098
8.23002106
0.12788910
22.23901367
3.96484375
5.18924646
1.30880042
5.46540448
10.85100177
5.88281250
14.99360927
0.60848210
1.02832031
6.89798981
1.40108246
9.64497894
6.22656250
4.64017731
5.14843750
2.96923704
1.78218722
52.81009420
12.89469858
4.55688165
20.53823831
8.58688718
9.24051474
10.23230385
0.87085023
2.28275543
7.76037567
0.35628297
2.95658356
13.28169769
6.68359375
0.32503110
2.72457003
3.66214872
2.81832003
4.00646942
2.36466025
9.71585218
6.43205895
1.92887577
0.91711395
8.51985594
1.84672152
5.80513519
1.14501829
4.55993434
3.38045600
11.63537567
4.68013519
7.34330231
2.02433289
6.62666778
0.51831117
7.18660461
3.15572113
6.50240082
6.05322266
6.64044770
0.13990691
6.62269726
8.92071918
3.21529144
0.35673004
0.02987671
14.80675865
1.26693124
4.64936725
5.44690035
2.93599955
9.65958555
1.01619570
7.67598294
1.97892398
16.13806183
5.56205231
3.38716644
1.21919769
6.62064606
0.01094574
15.20621454
7.61486038
5.20883200
2.01757812
0.80851258
0.99023438
0.04947906
2.00284851
4.21997008
0.24389711
14.93513852
2.96451906
1.76102754
3.46776596
3.27051529
9.67894947
4.57015514
3.94860871
2.52494293
15.27660572
0.54956615
4.75174770
5.51318484
1.34794160
6.10156250
3.16105164
3.86824524
0.30460633
12.21507979
13.68604201
1.07763796
9.67460051
3.71407136
10.28202239
7.90612700
18.96810062
4.56640625
4.85937500
0.05103546
11.17533356
1.46301114
1.19018742
1.33353668
14.67188942
5.00389183
12.33744293
0.90714539
1.79642731
6.55920379
9.64978058
7.79454560
0.08673096
1.06542969
0.97760010
1.87062954
0.99065768
10.51334656
0.02171326
5.04296875
1.89949524
1.48811641
16.07430241
0.47411829
6.95560948
10.32161126
7.85596077
13.27343750
22.13431793
2.63521332
18.98570812
2.22014239
19.05737367
2.94500732
2.52404754
6.35546875
4.40413453
7.07633422
19.92980801
6.16866245
14.51729278
7.23661347
10.37320922
0.21346070
0.76025391
4.26505430
10.34964872
0.80281804
12.42329926
3.54943817
15.38346188
1.00219913
17.45698693
2.44189827
7.27494293
6.23437500
5.33210993
3.89880651
5.70088653
1.22139434
0.28255312
7.08976009
4.01574800
6.71016511
10.37589539
1.45491578
0.32108489
3.86853058
15.70198360
18.28588431
14.30017619
16.00272053
1.25550033
11.57473516
1.61728113
7.52485927
2.88627106
9.75203679
4.93054106
14.03446255
1.21822362
9.08081117
16.05558289
13.82031250
1.98266539
8.09029144
18.74076324
4.17484403
19.34940271
3.62260416
3.86507203
9.97285794
36.96980275
12.61800639
4.31623892
2.01949689
24.41267509
9.25126440
7.10815492
14.58337433
13.39488552
1.03788425
2.32857269
16.80034372
4.05949911
5.81795102
6.53751773
17.06281524
9.79768673
5.30582890
3.40909851
10.76142842
3.59895003
4.23878324
2.41646332
7.57617188
9.80842642
3.78833444
9.85196587
25.53430518
6.07120789
8.45031583
4.25325687
2.87500000
7.44051086
3.14542664
13.84370910
5.99430297
6.42456117
0.84179688
9.20312500
2.61328125
0.38037109
5.24181849
1.64392370
7.96075439
0.70331576
6.30074689
17.55586326
5.38447301
0.30741550
32.70552582
7.23783356
6.97701019
12.50576019
4.94921875
4.57421875
6.51891747
6.34981604
9.32722961
3.60335328
40.86209926
17.58785128
2.48811890
19.04687500
12.15881317
5.67020722
10.11962766
1.72172152
15.69787317
0.97737921
18.17415095
5.17525487
4.77498227
3.79187167
4.42968750
5.64575133
1.23038758
1.70791231
2.33957335
5.00826019
0.02686554
0.03416962
9.52717642
0.11271055
2.41223238
10.35156250
9.85502106
8.39843750
1.91353363
8.69966644
7.31896942
11.07018950
3.60380097
3.24682679
3.80468750
2.09179688
0.02773041
0.97998047
0.80297852
6.75646942
1.52042664
5.88326019
1.31640625
3.42944149
5.31575687
5.75000000
13.84891069
13.31176197
4.61923426
6.86942597
0.16638184
5.41796875
8.32287567
0.37341340
7.40580231
4.28035461
1.53951019
4.68448914
0.27978484
0.51403840
1.82714844
9.00634143
4.31413342
5.07332336
7.11596742
9.34720856
2.34615082
1.38822418
0.04522705
6.45703125
4.76493130
1.97139683
5.58023299
3.81918107
12.04048676
2.54357879
0.81921418
0.11277252
3.80318207
10.82815936
3.69527814
13.40234375
27.99241357
10.47145362
2.99173981
3.97220856
0.19864930
0.02804565
2.30273438
10.45389739
1.10424867
1.78267426
7.95218529
0.68701546
4.71919769
1.61661431
4.85897163
3.11930297
1.18245484
6.22131317
2.47355164
8.71736259
7.84167885
1.68216949
17.78381317
3.37320922
3.16862062
5.06250000
17.39754211
10.68802638
10.77726507
2.50826019
10.82722961
8.79060727
7.84322269
3.29447418
10.44966644
17.41752106
3.58744293
4.45210661
1.12638243
0.71439855
24.15767841
6.25024601
0.71818428
1.67695077
2.18043051
4.17300892
3.81234264
12.13627106
6.28951019
12.31762633
3.14469360
0.52351992
9.53381317
4.11853058
8.01940825
9.87564938
6.65136968
15.42791229
6.78472822
2.72571642
24.06026153
10.81225150
9.93555186
11.81160461
3.86238586
3.90608765
10.65359819
5.07418439
2.94995179
1.46529144
5.65926086
4.26127106
6.56184564
11.22693151
9.87935394
8.89062500
1.21236176
4.78393617
9.73437500
2.12650543
1.41451019
2.38586270
0.89050449
1.89941406
6.13146942
2.10347379
0.08890933
1.80859375
3.26476646
4.40808510
16.19531250
1.23392731
0.06282562
0.07806396
0.55440153
2.52833073
8.61372894
9.97131317
5.53214539
15.12731716
1.84383366
4.72656250
6.06551086
7.38972961
0.96431488
1.04919465
7.94486481
8.64062500
2.49160309
3.07529144
15.44209809
1.84613493
0.61447694
2.67528674
4.94873670
10.32812500
6.99758423
10.29884308
6.12129544
2.94209995
0.33203063
6.87723847
0.62060547
2.66355428
2.40492685
16.45186060
7.86243018
1.52734375
6.96439606
1.37935394
0.01431274
0.36376953
1.21345572
4.31266733
9.52343750
2.26171875
1.44170180
5.42110261
0.68701172
7.90055297
0.21614625
22.55057770
2.42036957
4.95820701
1.04960549
5.64728613
3.38351617
13.26562500
6.28951019
6.34720856
5.71529144
1.98937833
1.72546542
50.72517509
15.22705452
3.37129045
21.97163287
6.37281582
6.25475732
4.30774268
2.46484375
5.45222961
7.60713653
0.92891511
3.73828125
14.86718750
6.78125000
0.22953246
1.41292359
3.41829344
2.20865968
4.23693817
1.57881559
9.69611924
6.58346298
0.91377840
0.90824371
7.17988919
0.95426640
7.33203125
0.97167720
2.55135195
3.83003878
10.44441711
2.61853058
9.66406250
3.13867188
0.95808774
3.38908023
14.66227172
5.84899933
15.32076019
6.63578277
18.41067266
1.49708277
21.04732269
2.28710938
7.26037567
10.45019282
3.73865026
6.47716756
7.53056128
3.52982823
11.03112700
1.04895113
6.90478391
1.88773714
10.85452904
10.85115913
2.94938110
12.64497894
4.30256705
5.18981716
10.13184341
2.71004211
6.47086547
9.72863365
4.60563608
1.11621094
12.40100067
6.89241578
0.68517911
0.38366855
8.92366080
3.19307901
3.79492188
15.88154810
9.71566046
3.47159851
5.40055297
6.17183068
4.37248116
15.22879848
9.79878816
7.13383089
7.23482269
10.65087766
3.71871066
10.84977172
1.93884308
6.83593750
5.83202128
0.10885610
2.58386137
5.74967531
8.68135528
6.61718750
2.53625333
0.21667699
4.41361481
2.42515376
5.85076573
18.35892731
0.50476105
1.70019531
6.60791016
4.94335938
22.07873504
0.38464387
6.44095856
13.02396637
0.51771659
4.33341866
28.60156250
0.52140320
1.58203125
6.71773161
4.74820922
17.40368683
0.66756164
4.42769503
14.79919216
9.29988835
17.02689606
18.05078125
2.18990082
17.64374890
0.28601978
19.77689606
2.57116730
0.82820617
6.30468750
6.68546321
4.62402593
6.88281250
6.09639185
12.51139406
4.66149933
8.12870456
3.07617188
2.34765625
9.11014739
0.31168703
1.29492188
5.22798427
2.60555241
9.38000333
6.99486370
1.82870567
3.35502106
4.96529144
7.41035794
1.57698609
0.39449191
7.21219692
5.81966312
2.47643950
5.36039339
2.91116966
3.73576241
8.52856383
5.58207059
14.57466644
1.02669437
7.92187500
11.40010528
10.23962433
18.97387633
4.72245207
19.43725399
0.33516761
4.74641844
16.45441280
2.03870345
24.17907248
-0.12580923
8.33504211
8.62500000
21.75458802
13.28873532
9.36999667
7.72176086
11.04829677
2.75053136
8.32645722
10.81788542
3.52160738
8.23419857
4.03080231
5.14453125
2.25195312
11.94445147
3.56336103
14.87447113
8.23783356
3.30786071
2.86250886
2.63822418
3.22611481
0.77555297
1.53583562
2.93006648
3.00675476
0.02068573
7.04455286
0.02254211
16.27766844
7.13895722
0.24812867
5.04087555
2.20438940
10.54687500
1.25683594
8.55981383
11.77014129
4.01765681
1.42830757
6.40279144
0.47875977
4.17187500
0.00608826
0.56298828
0.68887993
2.98701186
6.80360039
7.94140625
1.45507812
7.79296875
0.02340698
6.38281250
95.21447474
13.15482823
2.33894462
9.51587350
2.94140625
16.24564606
4.27901153
2.59794160
4.98872894
7.53080231
2.48872894
1.55371094
10.09887633
1.59448304
6.99910461
12.21785461
6.89774380
24.62357823
7.64648438
8.57031250
10.64968197
1.75461491
3.15209961
1.13964844
5.45703125
5.09765625
5.60546875
2.91947418
0.93208832
2.59757996
1.32238240
4.24894725
4.52306849
0.42903937
5.50614419
16.59301749
4.52376219
1.39367769
0.16265488
7.62109375
10.08068817
7.18493683
4.29975787
0.77543744
3.61155233
2.11720744
4.05183400
1.16060893
3.41451019
6.17700133
5.20581117
1.02832031
1.71643066
6.09330231
0.17598480
8.63281250
2.91406250
9.95389739
1.10131898
3.87109375
0.66499848
3.18945312
3.65987090
6.65838861
7.63437721
2.47070312
9.72375333
7.24877992
0.76721285
3.71972656
0.94873047
0.15417480
1.31009918
1.01997894
1.19921875
4.47265625
0.10793029
0.82413758
0.49369293
0.21260590
0.15759277
2.49769944
1.86029033
1.93294437
3.44380707
14.73046875
5.31595856
11.46753915
1.57551108
1.70605469
8.45312500
2.30814606
0.72505707
6.17878214
4.23632626
2.50701074
16.18407580
5.19637522
6.05660128
1.00121883
1.29659214
8.20312500
12.03010860
3.80493351
2.22355164
0.59216153
0.31921542
2.61718750
3.62870752
1.96545379
1.82841035
1.99902344
3.36718750
10.15266844
4.21451906
3.29723903
9.45080784
0.03457642
3.93029223
-0.85376608
2.49996066
3.51306183
4.89888519
2.59179688
3.15384918
0.17122406
1.10546875
1.79394531
0.00474167
10.60156250
3.31640625
1.23588043
1.02388519
2.79296875
0.73632812
1.68216949
1.48242188
1.54247050
6.06987477
11.05468750
7.34855164
3.08007812
0.29565430
0.02663909
5.32857269
12.77107314
1.24487367
7.48392731
13.26401626
15.58735169
4.14453125
4.61405364
17.40702239
7.26843417
0.40478516
1.36470052
13.54247673
2.25200243
13.92141734
13.06552083
13.66149933
1.07519531
4.13585273
3.53797539
0.18310547
4.82031250
0.71191406
0.19177246
10.32617188
16.77285673
9.26448360
10.97001440
2.31054688
2.52818485
5.00306515
9.40189606
7.83158356
11.01472961
7.68103058
10.32661459
5.26322916
1.94856688
1.90637300
3.08841949
1.75826019
9.66137633
8.24654144
6.57255097
12.54304364
0.52901402
10.81685394
2.42968750
4.99218750
6.17578125
1.60644531
0.04824829
11.78275543
3.66409187
3.86174645
2.19594228
3.48588043
7.76997894
10.89167775
11.59151495
7.24178288
0.29980469
4.08548981
7.34765625
2.64693207
1.26074219
4.15234375
2.13671875
1.88296612
2.40658466
11.83414672
2.95296265
3.84541778
1.43607574
8.23706117
2.18945312
4.04089262
5.66373781
2.76607269
7.41573028
1.33231660
11.80655696
4.96643284
1.92720551
7.38236481
4.69140625
0.87837738
10.84014660
4.56685394
2.75918994
0.31258740
0.49609375
2.12695312
11.64050200
14.95670656
2.86360594
26.26383422
11.76891623
12.78072362
1.83105718
2.37902925
6.09667969
9.32710661
8.15637300
4.05948914
1.81994598
6.59899933
2.38476562
6.92187500
0.85379973
0.71797761
4.56205231
3.81445312
11.76509613
6.00736481
0.45381434
15.26037567
3.98039007
4.12154144
1.71068900
2.96952737
13.43013519
7.40039062
4.00781250
2.34720856
17.04687500
3.83789062
0.47122981
4.43908909
8.05558289
0.12440397
1.48254488
1.71191406
9.65535461
1.23107194
4.22665115
0.48400848
1.46618683
7.44144310
12.91365913
10.92622894
2.86600676
9.36718750
3.17036957
0.35856203
7.18404144
5.10457336
3.39347351
2.80529754
0.14538605
9.91992188
7.75345856
0.55350489
4.22468806
5.29626994
11.69380707
4.89062500
8.48490138
2.87056737
8.08251330
11.23779920
2.01562500
9.07889739
9.76785351
19.00598736
43.43697362
2.53556460
5.27600067
3.19278868
0.56482089
1.96349817
24.81258366
17.80594941
7.47220856
1.12487793
9.11926270
9.32606765
3.86440076
12.75740664
2.53527925
1.82311669
1.02551612
3.11177582
2.17578125
1.57377106
7.95613586
2.93900543
0.68245484
0.32324219
4.16114911
16.82711657
4.81119127
1.40906416
2.66585328
13.57086057
5.81160461
6.02970523
4.31896942
6.33247894
9.14933289
0.19067383
5.09330231
0.67329926
4.75931793
6.50345856
9.49654144
3.76700743
3.00687777
5.60546875
0.02706390
5.94576019
1.77684550
9.34754321
14.87512300
2.81986481
8.30814606
0.47432465
13.82672607
4.85323028
2.81298205
1.91911513
1.47265625
4.59211160
3.96798758
2.30904144
7.37845856
5.09109756
7.54440048
7.14497894
6.71830231
2.72701019
5.41271942
2.60892731
1.68636109
0.44384766
1.26143340
10.59410126
0.47436523
7.70544216
1.66707585
9.62154144
17.87414520
9.89933289
3.15018520
7.80013187
1.36169465
6.54732269
8.88000333
0.46081699
12.55947917
8.42656360
9.10517842
6.34525045
5.10604942
10.41752106
1.62882508
8.49564606
13.19994681
0.83227975
2.76320923
2.71937499
14.66887908
5.29070589
2.68794769
7.59497008
4.82930136
5.20446808
6.20568817
17.99605192
6.79219636
0.38879488
0.98925781
6.05423981
6.15970856
0.21085633
7.83190825
4.93407829
7.33763963
3.87065602
3.01960993
2.97628213
8.47611481
6.73828125
6.20088653
1.45634004
7.47701019
1.29101562
10.00686282
3.57728390
6.08247894
5.18839539
3.52148438
0.19921875
2.41255707
3.92293274
1.19015191
11.59936835
4.17630763
11.95695257
2.08443207
3.86966700
1.73730718
0.20955414
0.00538635
4.26662334
2.77131758
17.02636968
4.03470856
1.37117492
5.08728058
4.23482269
23.47477172
1.08780821
8.93595523
12.73783356
10.14062500
7.98002106
6.10245789
0.02271515
3.31294769
4.71305297
5.55948914
4.35591644
7.00209553
10.44683226
15.97563275
2.19982879
16.17443817
5.21407136
13.69318706
2.16093860
13.35937500
8.39754211
18.90494626
10.53674534
0.30517578
2.20617520
10.35001773
5.38671875
5.98046875
12.28189440
13.21631482
5.71618683
1.23392731
6.50720246
5.15287013
0.68457280
1.84578430
5.48982602
2.31815769
5.64668108
11.62349955
7.90950687
1.15490692
5.98962433
2.26757812
0.02734375
5.41752106
2.39497894
12.98355331
5.90678634
9.02381822
6.37890625
23.26223111
2.49605441
11.16808677
21.22815346
4.39017731
2.31898499
7.16646020
24.19950659
1.15319731
2.48885195
1.73437500
0.02540588
1.32377106
16.16843596
1.91630097
3.98571808
4.69531250
8.40189606
2.40083832
3.48046875
7.12890625
11.23493573
3.03219470
5.54850094
8.40800144
5.43957520
10.46093750
10.13185005
7.44719193
2.08944038
11.77689606
13.65279144
9.16841644
9.34195922
2.75793052
3.87203346
2.19018617
5.61718750
2.90429688
0.01380157
8.86786033
3.41697029
7.62500000
2.11568207
2.37719166
2.37769115
7.49600510
5.51180740
2.44335938
2.77054840
7.74360927
1.97754155
11.71439606
0.07887787
7.86328125
5.00903258
5.23706117
4.14062500
0.70166016
0.75585938
3.69395197
3.54921209
15.27282248
6.77286680
6.30709330
11.81864472
7.38716644
0.29109192
4.83158356
3.34810394
12.10502106
0.04186005
12.86962766
0.42289339
6.73002106
2.04597961
6.24397828
3.50000000
6.30680297
2.01879821
2.16178468
7.12980164
6.26171875
9.13281250
0.18383789
5.83140626
5.96937499
2.71289062
3.20898438
2.90385742
11.97343860
4.14062500
10.20898438
0.17024719
0.77087433
0.71927887
16.03816711
17.53100399
1.32678441
8.52611370
2.93091755
8.61885528
1.67195617
5.26485261
3.60652649
7.61283356
4.36405364
0.62365816
9.04597961
0.26110871
0.37866211
4.93269836
2.43890702
0.69932235
0.66251648
7.73067044
1.50691337
17.91813608
1.84822695
7.48872894
0.98636871
17.38965570
0.74052222
11.88215850
32.32783965
2.89041958
0.02254211
16.27766844
7.13895722
0.24812867
5.04087555
2.20438940
6.20312500
0.53861481
4.24609375
0.00525421
0.72412109
0.44201473
3.14856050
4.95539783
1.25228529
6.60546875
2.78951019
6.89798981
3.60591644
10.90791778
14.26997894
6.84228391
26.03320188
1.95394171
8.71439606
7.77152372
0.83536929
12.60126220
2.04912843
3.90673828
1.81933594
8.56250000
8.69726562
6.45703125
10.67187500
0.40506744
5.78125000
3.37259918
0.50630707
0.50683594
1.40030322
13.56759197
7.32120789
1.28767384
8.16300975
5.08938858
2.09562943
4.38256649
1.40747257
3.69726562
7.11840758
1.73466035
0.06337494
1.83564239
5.22265625
0.31270355
7.71484375
4.10156250
9.47041778
1.22444703
4.93013519
0.89746094
4.17578125
3.96500610
6.51654851
7.94178523
2.63627106
9.45210661
8.81518617
0.67114320
3.74560547
1.20853668
0.11690277
1.96679688
1.07519531
0.93705231
4.79252106
0.08208190
0.86165406
0.54256164
0.26359070
0.08709717
2.07262000
2.37525598
4.36328125
3.58398438
5.50345856
10.64013962
1.70846267
3.04927582
1.92285156
5.65970856
1.23677582
6.81969748
4.11128878
2.63541999
15.89115138
6.12992464
6.78361148
0.71887051
1.75573886
9.38281250
8.76371122
0.47505832
1.81205231
5.60892731
2.84948637
2.49275820
8.88179411
6.14164339
3.80456450
1.93611757
2.93680630
3.65108433
0.32010895
0.67476410
2.43671017
11.76604831
2.23860594
2.11429964
1.76269531
4.51517731
0.01677460
1.73828125
5.01472961
6.91886414
6.17187500
1.48242188
1.30716949
1.38228363
1.28608724
6.70072916
6.01435027
1.94217988
5.13582336
2.62829621
9.55967956
22.31542969
3.18945312
5.42431516
2.40621066
14.36033910
14.63876551
0.42325867
1.47477172
9.57991578
0.43432617
3.40351452
3.64531360
0.25341797
4.15193540
3.60363863
17.18859708
8.95788232
9.10921764
4.43013519
2.88167110
3.97379765
3.24100676
1.95430574
8.43505859
1.59863281
10.14306516
10.10514406
5.86116578
14.13802854
0.64087101
1.61035156
6.95312500
1.37011719
0.03622437
12.95170074
5.70303635
4.16557541
3.46934283
1.17578125
9.23437500
12.18367243
10.80301817
0.32275764
5.38378906
14.94877106
5.69966644
4.05078125
2.04056793
3.66295546
9.87956560
4.10245789
11.62845856
3.01802582
4.87845856
0.28177856
5.82165558
2.69576019
7.14619903
1.64819398
3.19877106
10.12935394
1.26891872
0.74963597
3.16361481
2.16227172
2.15820188
3.72200687
9.18452973
2.05468750
14.39139739
4.79732269
28.05078125
11.10757425
6.88340759
3.69741355
2.38850953
9.61283356
4.02661071
8.36206117
5.93404144
3.49686614
6.24877992
3.22115082
5.22656250
0.69323637
0.46057222
4.69486481
7.15612700
2.76033632
5.05814606
1.82271332
2.84045379
2.16735871
0.89453125
1.97821781
2.47197750
3.26953125
4.24218750
1.17642876
4.18786901
2.76485261
8.11193817
1.25427277
9.07812500
11.75345856
2.57271332
0.53466610
3.00415226
7.40625000
0.25748688
1.25000000
4.71875000
0.68867949
0.48221894
2.82958486
12.97371897
7.06583555
0.82137148
5.74218750
1.66654449
4.29866578
4.71484375
6.08548981
3.16451019
2.74369293
0.12373871
4.40927124
8.23002106
0.51977352
4.80867243
6.88733377
7.12096327
11.72229720
4.26318484
4.90954123
3.81266733
3.06294769
0.40775543
1.19576019
5.41996122
11.65484090
43.98254986
2.44604554
4.81115692
3.63704344
0.97367464
2.46402704
22.94975011
22.33276429
8.74564606
2.15490723
9.03072113
8.35655336
2.69874168
11.65551945
2.11295656
1.87410212
0.74548620
3.30468750
2.55859375
1.45515930
6.16015625
2.74820922
0.66723695
0.33959961
3.43284534
3.39616467
13.09467466
5.61450133
6.32356937
5.06896942
5.92818207
1.82857269
1.55806488
6.91963653
0.89091035
6.26171875
0.75244141
4.92390930
0.71866883
9.31250000
2.59285461
3.74503601
3.49023438
0.00759506
4.82421875
2.45019407
4.63773714
1.97798676
5.41361481
1.09969055
5.45402039
7.47701019
0.08599854
5.52600067
2.42081726
2.68359375
7.56854896
2.30119957
1.72558594
4.48164451
4.64681405
1.99263519
7.74218750
0.00314713
0.72021484
6.35041985
9.68095190
1.65661652
6.71875000
9.55379211
0.31778992
15.07840537
11.04931516
7.21993572
7.55859375
8.02945922
3.22009308
1.15767426
6.16173538
0.83924119
3.02618989
2.31808898
23.64924913
6.39542664
5.70735594
18.68107117
6.45792664
0.21150758
0.81498199
6.85892731
5.66796875
0.18949402
7.44307403
4.55403314
6.90450354
3.42712433
2.84240692
2.13354554
4.07934508
2.26200410
7.05513519
4.96499613
6.85682180
6.47656250
7.15669769
1.70658356
0.03932709
2.61914062
4.65234375
1.61752246
15.53438885
3.11914062
0.76240996
4.74096742
5.26171875
22.89363586
1.13321836
9.73539339
5.37935394
3.83593750
1.56400543
6.12154144
0.01300812
2.38476562
7.50256317
6.12154144
3.62394226
7.39991801
18.27765028
7.52254211
1.80383643
9.48091644
4.08459442
7.31339539
8.82828236
3.54671764
3.27075133
8.74487367
0.68990082
0.85453277
7.88838653
13.70482713
7.47754654
0.29345703
5.32206145
5.12174126
12.39998725
6.51395722
1.32670074
7.08337433
3.50479666
0.69149241
1.64656555
2.77811614
1.77258394
4.94689163
13.27877548
6.69087738
0.99279754
1.65999390
0.02371216
5.05859375
1.81738281
15.39957641
2.50630707
9.50320084
6.17187500
23.18521025
5.33606050
11.48201352
20.95853824
3.57226562
1.92197418
8.50894798
11.02392952
5.94698028
6.19958558
2.19140625
4.38582336
3.87740082
5.10201019
0.78173828
3.06595856
1.63814301
3.04979846
7.23710549
7.54577792
6.89241578
0.05818919
5.35770722
5.17923981
0.78324371
1.85734070
11.60937500
4.91617797
0.14265992
11.30098294
3.59126552
14.30261635
2.62740082
9.14318817
8.26306183
1.37695312
4.65234375
5.49609375
6.89754211
5.85982269
0.75581754
10.06083222
0.27608308
0.19177246
4.25390625
1.75255766
0.74293550
3.81233765
1.38287255
11.11230718
1.72127382
6.92578125
0.62158203
3.97965204
0.36067999
10.93074131
7.91596985
9.46837257
13.56957447
2.64632701
7.47310394
8.43469083
3.08528812
12.65807514
0.85754986
7.87890625
0.27465820
1.18802887
1.23872894
0.95605469
6.82034302
5.78906250
4.94140625
5.37890625
2.01171875
3.46582031
7.82812500
12.46500641
1.82910156
0.82906098
1.15136719
10.06762633
7.03881898
4.26171875
0.56591797
0.75439453
2.23632812
5.67655364
5.15547761
8.44905142
1.27127521
1.33924368
11.58593750
0.07556152
4.12109375
1.33789062
5.96011901
2.02767396
6.05078125
0.03488159
4.71830231
15.60937500
14.00754791
0.34574278
1.12060671
0.59163266
1.55953097
3.37349457
2.92187500
11.22110151
5.05624224
2.64843750
20.60742188
3.12577239
2.92696199
4.22265625
0.78824174
0.13155806
4.27343750
4.69954344
11.15893617
3.94501593
48.44947473
0.93208832
6.11283356
21.79642731
0.48824066
13.13635223
6.05798371
4.94140625
2.82931519
2.23482269
3.51611328
2.82226562
0.01555634
2.96679688
1.09762645
0.33566212
0.24105648
1.26757563
2.99341256
4.94974513
3.81933843
4.93404144
0.02249146
3.09330231
10.10591644
0.03756714
12.48950133
5.58862367
5.91796875
0.00595474
5.98649047
2.27901153
2.87316988
1.95996094
7.17578125
4.01171875
1.20181752
4.07015514
5.97265625
4.80423981
5.28067681
7.16801307
0.21508789
7.99303857
10.34659976
2.67452183
5.45658356
1.26932707
6.31217531
0.51123047
0.15051270
3.08789062
1.33398438
7.75000000
2.31445312
12.75692863
13.90661901
12.09631317
2.59025210
7.84044881
1.68644725
7.54732269
3.01562500
6.58414672
1.50472047
6.70088653
4.07201463
0.84383865
5.09810394
8.72656250
0.12845824
3.94124390
0.99466949
0.38643402
1.79492188
5.13187528
10.96285128
9.32454344
9.22579011
9.73437500
5.73828125
12.45800781
23.30122894
0.43135528
0.99833222
3.64017731
1.78365082
7.29503990
2.65808510
7.71638852
2.84371066
1.70231078
0.92850801
11.74218750
3.06835938
9.57696533
0.32059723
6.96919769
17.52331450
3.50207613
3.02539062
5.08203125
1.76782164
5.39721742
3.87695312
0.72363281
2.79296875
12.36718750
9.63883422
3.22102782
0.86665707
6.59322362
9.01997894
8.12833555
0.55721132
15.04841977
2.20353335
11.69095856
2.29134032
0.73889254
6.81860040
5.94323139
3.36316821
0.01654053
1.52539062
1.82458153
13.17448694
3.81640180
13.38716644
1.46289062
8.67968750
0.08666992
6.28861481
3.12154144
2.19140625
8.52689606
5.88191711
0.48034699
10.24564606
3.69868988
9.72656250
4.80226326
10.50028037
0.39034463
3.92488586
5.93456782
0.32023382
4.17488586
5.24810562
1.89927415
5.41210938
3.36914062
9.61283356
3.68794769
11.09863281
0.00787354
0.08917236
4.43659963
2.99849955
3.41796875
1.94576019
6.91479056
2.21411569
0.73046875
1.52343750
1.00565146
0.22091104
3.38085938
1.83886719
5.92496454
2.14534796
7.97985373
5.42249002
2.38431793
4.86718750
8.30079567
6.69183953
3.91015625
6.65625000
0.31901000
4.30647828
4.12500000
3.28865415
0.22013492
3.15111370
2.13794880
10.48168883
0.13859101
3.27260833
6.80409241
2.96183289
3.74955231
0.02854919
0.49560547
2.31685394
3.34597352
4.71066710
0.20410156
2.72619629
1.58797180
1.81144226
5.94531250
0.10516357
6.26090204
0.95491827
4.88284935
12.41020057
2.04178801
1.79504488
0.15030914
0.93550629
5.36673981
3.40865082
0.45149719
9.82902039
10.37500000
0.08854125
0.77278687
6.28098405
5.68776595
1.70507812
4.05859375
0.53076172
4.53417969
10.83593750
0.48364258
1.95547838
8.76088575
4.51350953
2.91556793
8.51216644
6.69531250
47.18174618
4.18055850
2.79870512
3.08606050
7.60937500
8.45222961
5.19583888
1.87732214
8.50552970
2.33687721
3.09317930
8.64253878
2.09765625
8.15625000
0.38281250
0.00358009
4.76127106
1.02876801
1.54882812
4.38675311
2.16012189
16.29967224
15.20568817
32.64432707
6.60648714
6.11283356
6.87544769
7.60386470
4.13681737
8.25923613
2.07796265
15.25089321
6.40067597
21.28518562
9.07805629
4.92097961
13.29866578
2.47265625
1.30139129
1.79821808
2.02889615
6.14689273
1.81347656
1.10058594
3.32572418
4.70527483
8.12675642
1.17036957
7.90020846
1.68145389
0.80318207
9.94877106
1.82857269
1.22656250
4.27115470
4.08040780
13.14847186
11.92094525
0.32853211
3.56941711
6.95011414
0.24436849
1.42773438
3.76777981
3.11112644
11.54390348
4.31346909
0.02251025
1.46252223
2.46358433
5.43448914
0.58939606
1.89746094
9.10412567
1.67757203
3.54492188
8.93946070
8.73730718
16.76607269
3.32298870
3.06373005
4.29296875
6.92959885
6.51040567
11.29032690
0.38549493
4.66186835
4.07031250
0.34895626
1.88590702
4.89453125
2.11673981
2.77103668
0.02070130
11.44877106
4.35087004
5.46842531
18.25211992
9.44319258
0.02964783
10.75658993
0.67993351
0.23801479
18.51827183
4.55423981
15.82930200
23.80212433
7.03943151
6.52575466
16.31855857
18.11584442
4.11568705
2.85933566
5.34899933
15.32722961
7.83850067
2.42952515
15.56595856
2.39107269
10.64936725
2.21391400
4.48482269
6.86238586
6.73482269
7.26997894
1.51578735
3.82600953
0.31079102
3.83243462
5.37901929
2.14792109
10.84451273
39.44719193
3.76554632
5.82812500
2.51562500
2.26757812
3.11914062
4.29874446
5.89656804
7.95312500
4.64453125
8.42533356
0.44091797
11.66406094
7.45202792
1.84548462
2.81145722
9.99218750
12.39062500
4.80423981
2.46386719
2.16841644
12.27901153
1.25712129
29.46952239
0.96752992
3.56210150
9.21806626
1.72794991
12.70312500
0.40791840
6.51953125
0.97123199
7.91841644
3.68001219
1.27213625
2.29300809
14.84464539
4.17679964
1.55379211
4.68260473
5.54680629
12.35323028
2.55692597
4.99784021
9.71309729
1.91210938
4.89453125
11.82031250
7.53080231
5.82031250
4.88716644
1.47641788
13.64484629
22.73437625
5.63627106
2.91060394
4.95312500
9.31250000
0.42944336
0.56216970
6.12569370
7.08254766
2.35096741
4.75000000
5.02018063
4.30403812
0.69193387
11.74320589
9.20914672
2.49336824
6.40625000
2.29073028
0.80155488
11.94291168
3.56490082
15.50550323
4.98046875
5.92232269
0.42362457
2.29341644
13.38972961
7.64847684
6.56095523
2.43623871
17.36348294
5.77714206
0.24658203
14.62845856
4.89888519
10.97208555
3.42643063
3.23234319
9.42443817
3.63915891
7.95939273
12.93750000
4.55379211
6.12634308
10.92968750
3.51354887
6.90445922
1.60738253
3.54492188
1.96231993
0.27815859
0.12109375
10.12410461
2.59972677
7.01579233
5.14216977
2.03495456
5.54252106
4.02298981
0.36039666
2.81510749
4.51953125
0.38110352
2.79732269
3.62109375
9.97637430
5.85637411
6.01985594
1.28731355
0.62410461
2.37381926
1.82824800
8.65241246
2.16594691
17.07780976
8.80725067
0.06658967
1.42003366
3.04432180
10.16662567
5.52913326
4.48170578
1.30814169
0.00000000
0.01267242
3.39453125
4.87845856
5.86958832
7.01045435
0.86649878
2.93359375
14.81941711
0.71427430
4.07934508
0.20434633
5.76171875
0.11480713
1.07128906
1.31347656
1.21582031
5.36974101
2.29297872
4.32722961
0.70255555
5.80078125
0.19026610
2.19303468
3.78906250
8.66227172
2.28304078
10.97375333
0.69376524
1.78267675
11.60066711
1.36991394
1.25488281
7.21781402
5.38326019
5.46484375
2.21785461
9.31929411
0.98531222
4.58593750
7.54340149
2.70855163
5.71830231
0.09688324
4.47176086
17.59810394
12.55377197
0.26871672
1.47330812
0.44628844
1.06518617
2.04101562
3.26367188
11.63426862
5.59620013
2.52929688
19.50781250
0.22568662
2.52986757
4.89453125
2.14540426
0.53729166
5.45357269
2.88179411
5.82343764
45.22254321
1.06197113
6.18359375
1.96643035
23.94968596
0.97518007
14.06758574
6.30638673
5.66451019
3.44928954
2.26546265
4.81982422
2.58203125
0.01637268
3.14648438
1.06570538
0.39584247
0.21546261
1.42036708
3.08581948
2.92191434
8.69722628
0.13073730
13.08414672
4.12679078
5.71484375
0.00517654
5.67053192
3.56701629
2.98075410
5.85591644
3.95117188
0.86584130
3.99524268
8.20312500
5.12845856
6.15461907
6.94446143
0.17138672
8.04797208
10.68896484
3.06921542
5.89017731
1.46260528
5.34643617
0.39624023
0.16967773
3.38867188
1.31986481
6.65669769
2.14648438
12.31190542
7.88688608
15.01383422
2.97326629
7.35860261
5.20825133
10.85461270
6.56966312
8.61718750
0.25337676
1.20564882
4.34330231
0.67329926
0.78662109
1.34570312
2.58231442
11.42122562
10.18570922
7.39241578
8.76562500
6.20658356
11.00630707
3.22371399
8.74308289
3.76953125
0.33764648
0.12200897
0.26550324
2.50390625
3.00931793
6.75414728
2.69942542
6.06974180
4.23103945
0.83557098
0.81579621
5.61238586
10.32902039
1.86816406
3.88659575
2.41809175
5.51171875
0.56591797
2.98046875
7.99609375
16.28816711
8.88541501
6.49633976
6.66613365
9.29122229
0.61787996
0.59716797
6.14888519
12.58939606
2.76232879
12.54431183
1.65083832
5.85127217
11.72550975
2.26501496
6.18135528
0.11954805
1.72851562
2.89062500
14.65600399
0.25708195
3.56383935
13.58944483
3.83849622
4.47355164
0.95955383
4.09029144
1.57128906
2.16451019
6.06372008
3.74487367
3.39062500
8.55200133
2.30737367
12.34375000
15.85847961
1.45759447
10.91537123
1.76224762
2.50781250
4.13627106
1.83683289
4.96093750
5.68705231
6.96516844
0.46203707
4.35803192
4.73676087
1.23723847
4.94433594
3.60697418
8.30468750
5.72310394
11.83398438
0.02137756
0.09228516
3.80972767
3.94035350
4.16841644
2.74023438
6.80867243
4.91443151
1.51855469
0.66719263
0.25126440
1.65527344
1.64746094
6.12694814
2.15625498
8.14997230
3.27190270
18.49564606
8.93275710
6.15574356
3.71468140
4.55859375
0.21675567
3.95145722
4.12890625
1.89338985
0.18937382
5.55187833
2.75584941
1.60242852
13.28690271
0.35909339
2.30048375
3.31243129
6.26562500
0.02595520
0.62113434
2.80708832
1.97973571
6.03739472
11.51562500
1.34277344
5.04028258
1.99141511
4.56445312
4.85192217
12.10588209
1.36938414
1.78536043
0.18497711
0.89839691
4.78861481
4.07857269
0.49881988
9.66841644
12.97656250
0.08777831
0.79528840
6.58933179
5.30174090
1.94531250
3.25390625
0.45361328
3.53710938
13.10937500
0.55078125
2.39232526
9.17662890
5.18493683
8.32031250
3.23437500
6.06709497
42.27425421
2.99837157
3.15637300
6.89062500
9.60758422
5.32909907
2.49300421
7.84106383
1.51208527
2.89802915
6.80057956
2.27539062
4.45312500
1.56640625
2.12695312
1.25488281
3.98237257
2.13676806
28.17065243
14.10001773
30.02921570
5.10636414
5.63236481
2.91459137
2.21183289
6.00781250
13.39408356
3.55944108
12.68909408
2.41255707
2.29988586
3.43253601
6.22912567
4.54821808
2.81400543
2.14062500
3.49414062
5.16597379
7.33304964
0.98970551
8.42037204
1.48549201
0.89937348
10.35937500
1.96386719
1.51757812
4.16238974
3.82784463
13.98372064
12.60372229
0.24141449
3.11043274
8.39933289
0.02496338
1.92578125
0.29614258
1.37304688
3.97488974
3.94112588
10.75887024
13.74074580
2.99061834
1.51875544
2.12117741
4.45882203
0.40580231
1.80611176
9.19006317
3.48181183
3.02539062
7.96670470
6.20971742
13.27298981
3.40132037
1.31494764
6.75301086
4.63370789
1.42039541
14.79402898
2.77352116
0.62053945
2.24023936
5.62890625
0.48534876
3.50818151
8.80468750
6.24955231
12.65625000
5.95853668
8.03995789
19.58973018
11.09191045
0.02148438
18.80166916
3.64461990
0.62713581
18.53072612
0.60144074
21.08084802
25.67545656
9.14355718
4.78600732
9.32946559
19.72863863
3.06844304
1.91174534
4.89062500
3.83443207
1.60591644
8.19531250
10.04162567
1.65075715
5.89533799
1.58077681
3.73091644
2.41166168
8.19531250
6.79687500
1.75541168
8.11808289
3.90039062
7.30802305
6.86823028
2.19243960
10.07160565
39.84806959
4.49902593
5.87890625
2.51411957
2.39257812
3.33548981
4.47082115
7.20931405
11.61328125
6.83158356
8.80033356
0.74405945
11.04528404
8.18888741
2.14744318
3.18247229
10.11718750
12.09375000
5.55078125
3.32084137
1.99804688
8.53869349
2.06917608
24.31314938
1.52331699
3.82522780
10.63355053
8.87793218
2.11718750
2.89888519
8.25781250
1.38033051
7.03470856
3.99507536
1.56494265
1.78189938
14.16548427
3.70105385
2.70418274
5.19863808
6.29053856
14.25833888
5.87056737
7.07705231
1.84091644
16.70893756
14.34834788
23.84296765
2.51836048
12.06262300
12.46606383
1.65397218
6.36751219
1.11198000
10.10449219
2.75195312
8.59720856
1.48392731
3.53019226
0.48079344
2.35123781
12.78035461
7.91125333
6.23763187
3.69722504
16.00244016
6.58740359
0.16259766
12.94877106
4.00000000
11.60489805
2.16695036
2.90438054
8.69877106
2.28206173
7.64176640
9.25000000
6.45959442
5.15022828
7.38928192
9.42842310
4.77169104
3.99654144
4.24572474
0.54040808
0.09185791
10.43570922
1.79491938
7.78853612
5.10969969
0.71976839
5.83939606
6.20357269
0.55180623
3.47416666
4.05859375
0.18880219
3.28906250
5.92968750
1.51110435
10.45030693
0.63159117
6.89030031
6.39664672
4.70971742
2.82661957
4.00781250
0.18029785
0.17034819
5.28137300
1.27547180
3.80284741
4.09017841
6.13016069
13.78833195
0.11271055
13.47977505
24.59411901
13.07466644
4.45051751
3.07487311
24.27892971
7.63146942
14.65165267
6.89273050
5.19084801
6.00000000
7.70312500
0.10485840
3.13329954
10.95967310
3.75273049
1.96972656
7.33771831
5.40067597
11.52287677
0.02126068
2.05273438
9.44339872
7.39209109
7.46600954
2.28594359
1.13085938
15.54329344
4.26438997
22.99505097
4.53426086
1.17419465
1.33886719
13.56005610
5.33016179
1.22115082
24.19623882
9.64710438
2.70703125
7.90535461
0.32218445
12.01422119
9.34720856
18.19266736
1.63992943
5.53365580
9.31774933
3.97957336
5.89652372
6.45894503
3.30993683
4.20267731
1.98676959
6.66870678
3.20914672
3.17830507
11.76383422
1.02966340
1.27974457
10.36323693
3.11137245
3.60055550
6.98096077
1.20214844
14.66569828
7.47626772
19.88728945
7.97265625
12.92622894
8.44449579
13.00765265
12.06250000
0.06748443
1.50435394
20.36030319
4.01315048
6.83158356
17.70312500
1.29728211
3.76953125
8.03598022
9.72545546
1.38542497
7.59720856
3.58634461
9.48437500
13.04926544
6.59765625
3.64107269
13.94820419
3.42241134
25.40782913
3.15463029
11.42187500
1.55859375
7.36144957
0.57624869
3.44816600
3.90820312
11.08426474
3.32979776
8.44339872
12.41853945
1.37341340
8.64741911
0.16170351
5.34765625
1.50728363
7.25781250
0.79804889
9.02763408
4.82238667
2.50744847
13.12585356
11.90682070
4.02644836
3.20943207
0.23860687
11.05379211
2.38175476
13.06070922
1.50480164
2.07902039
15.11330564
2.43177858
21.53205674
4.35165115
9.85912899
4.09489140
9.26908356
3.68554688
6.70812833
10.14778812
0.01850372
11.42510976
1.08337932
7.47765033
8.89648936
9.07299867
8.28971188
1.04036624
1.55806488
11.00345856
0.06789154
2.34960938
8.50781250
0.65047180
2.18061761
79.44702460
1.92203988
2.37544769
3.15039062
2.62226951
15.12382424
6.91406250
17.00117576
4.35526956
4.49475067
15.40734708
1.19615848
0.29243988
22.02050532
8.65681385
10.17013509
13.19335938
1.77050781
8.01562500
0.97265625
3.52494293
0.03921509
2.32421875
9.18208832
7.41796875
19.76069228
1.27303039
3.51005097
17.26127106
1.99092559
3.10424867
17.24554128
9.09896498
6.00345856
11.96134087
1.36206366
2.77913453
13.34810394
6.30468750
1.04605954
15.18249667
10.97259278
3.20941162
6.99218750
0.01998901
13.38210213
9.41397385
1.34067043
7.38838653
0.74349000
14.07466644
7.52270414
4.40246675
6.58984375
11.34720856
3.09419769
14.44787567
0.39204926
3.32527649
2.77355988
2.84615082
6.04687500
2.82377106
0.94820160
6.49890043
6.20625886
0.17150879
2.80863309
2.82267398
17.80021055
2.99471132
11.99475067
10.66629101
9.64661236
15.79736702
2.88643340
5.45235261
7.09818512
0.02976990
1.41841644
1.65489944
2.45952072
7.13928192
4.51395722
5.73527039
2.50195312
11.75084110
2.12395223
6.09590979
2.25781250
5.07633422
2.76314176
3.15319980
23.11523438
1.95590210
3.94531250
0.75131226
0.25021388
2.12821660
15.27653016
2.09570312
1.35636165
8.04891179
1.63281250
2.57181793
1.43652344
8.38281250
10.95312500
0.62117492
0.54528840
8.69531250
0.33032227
1.36036073
16.98612737
2.61718750
4.11808289
5.80033356
3.38326019
7.24157248
1.14079233
1.73535156
9.16060394
8.30513021
4.73499002
14.93449311
10.74248780
0.15148863
0.66963777
8.51908356
4.01607269
5.15177305
4.25793550
17.29156250
3.48933899
3.31054688
8.96875000
0.45890258
0.65071656
14.74450466
10.02201573
1.23144531
1.17715744
15.57596521
0.98662344
13.57083389
15.02507092
13.87044437
12.29418883
8.34297761
2.78307514
2.25794049
1.06347656
4.79836136
1.25142426
0.53983115
0.89962198
10.07377106
2.16060394
8.71314812
0.26391602
4.94489916
2.85783521
8.60400359
2.76928524
48.30379211
10.83451573
0.10723877
4.72656250
0.72119141
12.39998227
0.80668246
12.46260528
8.99051972
0.73478211
2.73091644
31.85803192
7.30948914
2.55802180
12.73222019
5.79296875
5.95491578
10.72355164
7.76973294
5.63407099
6.57816932
3.82088320
4.00646942
8.52087433
2.80033356
14.85156250
0.93892426
7.21875000
9.75117576
1.08769143
0.48392731
14.80517578
11.57812500
12.07198090
0.01899719
7.61816157
8.57608821
1.19495096
10.22310394
4.73783356
9.84159021
2.54122229
5.36930297
7.63655640
14.67578125
5.91588764
-0.00772510
7.13582336
1.49441601
6.10368794
8.86718750
3.97115082
13.66202571
6.46464206
13.36400931
1.56159589
2.17013851
13.73706117
1.55371094
9.81673094
0.38810304
5.56205231
8.39065936
1.97502271
0.39282227
2.22521381
7.70821697
4.38838653
5.14286347
3.57316101
17.30513270
8.82145390
2.15954621
0.43920898
15.60961603
0.55810796
10.79866578
2.78995789
3.54209509
4.60079011
0.11625090
3.56819703
3.27628601
8.01818817
0.87438996
5.66451019
14.60579344
4.69799867
3.01317986
12.90499058
7.82837101
1.80904144
0.51224762
0.05141205
2.39904754
3.13521332
4.17557458
2.54407081
0.89945465
1.57954926
5.51614141
6.92282778
6.94921875
6.82857269
5.56359708
4.61218417
0.16040039
18.27555297
6.35179854
4.12655474
10.42175200
6.46179106
4.38606937
3.73889129
10.14541667
2.96574911
22.83648826
8.12054299
3.41011566
9.01680325
12.17521055
3.88708776
4.67578125
7.11283356
13.03261747
5.67050753
2.59993407
2.87707613
7.28669105
6.43596520
4.28247008
11.93623560
15.87109516
6.74011635
12.54817376
1.70422706
19.59324752
8.14253878
1.65669769
2.90820312
0.99255153
0.42395238
10.43660461
0.06211365
1.49511719
14.46004211
8.21197031
1.73769613
8.17187500
2.98677582
6.12744016
3.59867464
3.02148438
9.67622894
2.68314606
6.00796706
0.50305768
7.65873448
2.51082336
7.98437500
4.90323914
5.56986481
5.19999114
1.66776457
6.77234042
1.67707814
6.58309397
19.72851562
7.22399933
9.19006317
17.70056183
16.01216644
2.64603668
4.62845856
5.98917664
0.07210266
2.87784851
10.44726562
3.25781250
0.01564026
1.50292969
13.29687500
0.81365967
1.91015625
7.02734375
4.33984375
9.39457030
10.91337876
0.79955681
1.91846077
1.79943318
0.81091838
7.16796875
3.09960938
0.08410645
1.25011771
23.33349734
4.89233710
10.60412567
14.62052305
3.80468750
3.81787234
6.38326019
15.85150146
0.94742797
66.88609314
7.07165558
1.47753906
3.11132812
4.12935394
3.95898438
5.17533356
6.03470856
2.49991852
0.46032746
0.75146484
2.17523681
1.46229554
10.21964539
1.84179688
13.15311676
4.64710159
1.83007812
8.03576660
8.62159151
1.43652344
17.08661335
9.33578014
1.62243683
1.28531860
26.39025848
4.60860261
5.70133422
3.11852685
3.00679909
15.09050720
1.59488642
2.56421210
6.91015625
1.65962738
9.28811282
6.64067929
11.12589539
3.55228668
9.71824646
3.29630430
0.95023714
2.66058350
11.65177305
1.11385195
0.98002106
1.93261719
6.33593750
9.15279144
0.00723267
7.01562500
0.80664062
4.53037402
3.50630611
2.71358433
19.90087766
0.42525363
2.72460938
13.42031029
3.23850287
6.99218750
3.12829621
10.24011137
1.49621675
1.91068512
2.12544769
10.44250333
11.11999667
7.03327308
7.61300774
23.36400553
13.60168550
7.09875333
16.48929715
12.04956117
2.66772274
4.47884530
9.20519615
6.01355385
1.80761719
16.97823028
1.35237672
3.35155253
6.40112865
9.08565713
19.29611593
4.01990026
3.35323028
12.70831361
0.69482422
5.50781250
0.05265639
-0.00934814
3.14310450
9.89355718
6.85201019
8.49218750
1.72167969
2.85111481
0.17907715
2.79793274
0.90568055
1.93306488
5.51013184
4.91015625
7.96875000
0.00655365
6.63704344
5.83369903
11.49410128
7.33506106
10.00333555
2.90816378
12.97786375
0.42150972
12.24218750
5.66471188
3.13802249
6.33365470
6.99402260
2.72505707
1.34960938
5.85156250
5.43705231
0.42065430
0.21944184
8.69877106
11.95747894
16.16796875
2.51863586
5.23872894
4.73482269
0.99414062
4.00781250
1.14363586
14.44160794
4.76879587
1.95216090
3.70507812
6.92622894
0.54541016
0.08923340
6.91420471
0.87500000
0.34562195
0.17895508
1.54267312
3.44499778
21.88012633
4.07299867
0.45161770
0.49491550
10.26005881
1.64335549
3.41992188
7.96138519
0.94091797
6.49955231
17.79829926
1.82059162
9.99683178
4.70723294
2.05883976
6.16406250
1.62695312
6.99328458
1.00769199
8.40970856
9.37129045
2.86894392
11.03165337
2.83703956
17.84639185
15.06583555
8.13478369
9.77970523
19.82250665
5.13691047
14.97584441
10.55301972
3.74414062
4.65926086
1.75948028
0.28560457
8.39171322
14.91918883
3.86800421
5.33984375
7.85156250
1.25923676
6.23587794
18.55839206
2.43326906
0.00830841
7.97581721
7.95951573
9.61027039
19.87064606
2.87198914
21.90836547
10.99739251
13.61816780
5.61637359
22.79028196
3.04972351
7.59252992
1.27567597
10.28125000
0.15600586
8.07722961
3.83699524
7.36507203
9.46064717
0.11271055
2.28182070
8.96594083
1.12878574
4.72265625
4.38085938
7.61328125
24.62033653
6.98347961
13.05046432
6.88417997
12.74163425
4.69185394
6.45267731
0.14392090
4.24206450
3.34236757
7.26993462
3.41756538
1.77929688
5.54910351
5.14152039
6.12187610
0.03799438
1.28320312
11.96939938
7.45202792
2.86808164
2.98575743
1.28922734
10.07198028
4.22399933
3.01501496
1.64017731
11.78026596
4.00098404
7.33593750
1.09667969
29.99894745
15.01999390
2.63476562
7.45568817
0.60534699
14.32751465
9.28470856
14.91070701
4.50335549
18.38104201
2.81812333
4.80033356
3.46919769
1.55806488
1.85111481
7.45568817
0.99743683
14.91182403
6.39196808
4.52734375
3.50736481
16.21183289
0.69620789
2.13627106
10.56558954
3.78206671
5.28562464
6.76656471
0.93111176
8.39201990
5.42880208
6.44710328
2.23783356
2.85217254
6.02733378
3.85637411
16.24308289
1.98828125
12.18314606
3.45112755
10.65185921
2.22656250
11.19406128
7.67390182
1.66398880
8.85066711
3.89445008
9.50000000
12.96112061
7.29764739
1.61348543
5.40234375
8.20682458
4.17403479
7.72208555
11.05481050
9.47220856
3.28576629
6.10770722
7.74955231
3.14497894
7.23437500
0.49269249
6.53821143
5.36733215
3.71589798
3.06038453
2.17545407
1.20157711
9.06291022
2.71801696
6.33426972
0.32759613
6.17187500
3.18359375
10.01908356
0.94938110
1.86356660
4.94140625
1.84667969
7.29189606
3.53533355
16.62478835
10.73157579
4.84729004
5.17187500
5.44531250
9.22712323
9.17912677
0.00803375
13.14849469
1.07711657
5.47838298
9.43388408
8.20723294
10.83349734
1.38916140
1.88378906
9.79252106
0.04012055
2.55078125
7.94140625
0.25634766
1.53154186
3.89886849
3.72233156
5.88281250
10.34375000
3.03666168
0.30147309
0.87988281
8.89550781
8.52343750
21.31903045
2.21382411
3.59517675
12.01472961
7.94787567
3.32299867
18.72783038
10.89022163
5.46830231
10.94404810
1.16247839
2.12634308
11.81595856
9.37154144
5.51810699
6.66060394
7.52811489
1.08227726
4.88577405
1.52287677
2.58587646
6.66796875
14.94262633
1.73429383
2.87394226
1.36384821
3.98425200
2.18017952
3.20161957
3.18750000
3.69335938
1.36523438
6.33491661
6.94881538
0.14949524
4.96305297
3.23555574
18.84907802
2.77592198
13.71785461
10.38386525
8.91186835
12.78328679
4.26818817
9.59899933
6.36718750
0.06726074
0.71093750
1.85391900
5.45573249
3.49609375
8.81070922
7.13069703
1.95402039
13.34634752
1.44804050
6.97026041
1.70507812
2.37353391
1.81620083
3.40600897
5.48872894
6.81690979
0.21577786
3.50153782
5.82031250
3.11328125
6.18180297
5.88460328
0.54793274
0.03673797
1.29642481
6.24255651
0.20918793
1.97664367
1.68599457
9.12935394
11.92533356
0.51977477
0.63887605
7.90580231
0.22273773
1.01909175
2.83512577
10.58158356
4.62455231
4.41886414
7.69095856
4.42232269
8.90897053
2.64091533
0.50236023
8.11283356
2.69087364
4.65629432
11.89895260
7.22714317
0.05430084
3.84781922
4.54195036
2.45821199
7.99308289
0.32564176
0.89502078
14.55969083
10.51497562
1.26074219
1.04727525
15.64791112
0.79773354
10.87682514
15.64034463
15.06779117
12.46952239
10.35079011
2.71357935
2.40751440
1.57812500
4.06991058
0.89204926
1.84161377
10.58593750
2.38085938
8.07812500
0.35473633
4.95788232
2.59875831
10.76289856
2.88504848
45.31954011
11.57658023
6.62845856
3.90234375
20.28369141
0.82568359
7.91951352
7.72501773
3.46333832
3.00000000
26.70983793
6.10905031
1.71215696
10.69002382
5.29597961
3.90804078
7.85591644
5.22106716
1.40490941
3.67792412
7.28072362
3.55285738
4.69051086
8.00089539
2.78666168
17.01562500
6.59419769
9.35823360
1.45231327
1.27636719
13.68842725
15.81246564
8.56966312
13.15022828
7.01171875
0.11783875
6.44128325
12.61795989
9.41597628
2.53845246
3.99804688
9.10900599
1.13334386
9.10502106
2.33186890
1.67053192
16.79227505
0.65999515
7.18493683
2.10140015
1.04349762
1.27673468
2.89180574
0.45024223
3.82816932
4.21830231
7.55289672
0.69132508
9.91906583
12.65649601
0.21268738
1.74812431
12.79423315
2.89314882
0.04830933
1.17354278
5.52087433
2.56900876
2.29321476
1.15978973
0.97355164
5.87641180
9.61256182
7.40625000
9.17187500
4.49295989
1.78108765
4.13069703
3.07377106
3.35591644
3.11673981
13.87695312
1.18460965
5.32373047
4.35693484
4.91361481
8.78404921
2.61723681
23.19155364
6.63221741
3.85253906
10.88993130
4.87056613
9.36860927
2.08480108
3.84029144
10.01997894
14.13723516
4.13262078
18.95133422
3.27343750
8.86128878
5.65254544
16.01127106
12.76829373
5.82100620
11.15493130
2.38848514
22.28288898
7.08227726
1.29882812
4.17232269
1.09838680
0.28491398
8.20312500
0.51468840
0.04003969
2.01171875
5.43359375
4.29353447
5.53564827
2.29536957
7.73091644
4.88724513
3.41837710
4.61731050
2.92126496
6.28535794
2.52083499
3.27689606
14.91135878
1.61695146
4.74263519
4.54252106
2.75496399
7.01607269
6.24263519
5.76171875
4.65913786
1.53181821
5.16398382
2.05594443
6.45451241
5.10681183
21.89137725
6.24877992
9.23168883
16.09989472
10.13948360
2.06213597
7.15669769
4.88236481
6.66142094
9.86446697
0.49133020
2.31286901
1.90368185
0.83752909
6.41406250
2.64062500
0.04489136
1.29093227
21.53548219
5.01408023
7.20747894
6.36991301
3.03141235
4.17635195
6.03560394
17.83465576
0.94698028
50.60947413
4.78808843
10.38284686
4.19751662
4.71138519
5.66796875
4.39363586
5.69185394
3.49393707
0.44425476
1.08789062
3.36649566
4.52734375
12.64481598
4.98257888
1.82714844
8.09973145
8.79541600
2.48347961
28.62170379
4.55692597
4.58504211
4.16165919
3.76990026
15.42534087
2.00056821
2.84550144
4.10201019
2.12304688
1.29785156
7.83958777
5.86654809
11.66841644
9.56966263
1.25016235
0.58813539
1.96190637
8.04050420
6.51325355
2.09546708
8.10461768
0.21455902
1.05806488
1.27539062
2.48828125
5.28470856
3.66646332
9.27689606
0.00778717
6.67968750
0.89111328
6.39613425
4.15634388
5.61474734
2.93599457
9.52214232
1.38541750
2.04687500
1.77929688
10.78202239
10.42891511
6.59923538
8.45891068
18.36038221
4.88383089
14.40584165
13.56953949
13.26216644
2.26774047
4.35917331
5.02542997
5.40336214
0.68306488
14.78446255
1.11548038
3.38117160
16.57504294
16.68440699
7.15169437
9.60205078
0.53828700
13.02982823
8.45720429
0.34330231
8.11718750
4.44787567
0.03350861
3.28023161
6.66508089
6.13281250
12.03560394
18.50231716
10.97412234
1.18672761
1.67423150
3.95316932
0.93603516
5.49812431
6.04211768
6.00223847
0.00755829
6.54899047
6.75768950
9.61116578
7.44454011
7.50826019
10.09908449
8.71329400
3.36182014
5.25321255
2.77217808
3.96199524
7.25480164
3.26912290
0.82120914
9.16841644
13.05566406
2.99519836
1.39595551
5.17879211
1.11755402
7.88313719
13.62410461
4.61396293
2.21689051
7.02689606
3.16105164
0.56933594
8.60770660
0.84826629
0.30843140
0.12817383
0.91719169
8.71383034
4.40010528
4.06127992
4.93314606
2.66451019
1.35644531
7.49462766
0.90629183
0.99361176
3.88057403
1.10131524
3.90629432
10.33479610
5.44812167
19.21081450
13.80468750
3.89436890
6.25057070
3.18123227
0.84130984
9.50435394
4.42232269
3.00301086
1.22204372
0.59086339
6.84181924
13.88448028
3.30464816
5.47265625
3.74698914
8.30289672
3.08532746
3.33947598
17.38627106
3.70292331
0.00889587
6.14755412
5.77803745
9.00870789
19.09631317
16.11808289
19.75451629
13.14886381
4.98693817
24.89778500
6.89400487
6.11649629
9.71875000
3.38810211
4.08158356
2.37349457
7.17232269
0.03211456
5.09375000
1.04243988
9.31396111
0.02254211
14.30110594
19.74360927
5.65637300
5.07600953
1.52706089
6.91340315
4.48486702
14.29952183
3.72257757
8.30033356
2.64453125
7.48303192
1.81624390
1.43457031
4.66829344
0.60172609
6.99808746
10.59375000
3.52193207
0.76940825
4.67936281
3.65746011
1.04806571
2.48437500
4.08650322
6.27738807
1.05708832
1.76359070
7.15836547
12.99397828
7.74385528
6.94319703
9.16474624
3.91300975
8.16443151
4.05513519
0.65917969
5.42467919
7.73059425
4.96830231
7.36738919
0.18676945
8.74583777
7.35084192
1.89896637
8.48437500
0.37935394
12.24218750
4.75301086
2.66105164
1.29573360
0.97770390
6.97656250
4.31250000
1.15498809
3.72294160
6.42923981
0.45214844
3.91678801
0.71358308
10.80033356
0.22489441
13.31250000
16.23002106
0.26509613
7.64765685
4.51290447
2.47460938
4.01989030
11.64026595
7.15625000
8.78816711
0.09340424
9.79687500
9.67187500
6.90399784
0.23489872
0.39762577
12.32812500
6.80859375
1.49511719
0.80525695
0.42521180
2.68648161
1.64457308
0.76517731
4.21240234
5.25826019
9.63268950
5.33215425
11.72802734
8.77945922
3.13871122
1.49100925
8.21296931
3.71867132
5.72411237
1.84034075
1.93457031
8.55814606
2.07722961
2.54821808
4.89062500
5.36328125
1.87109375
3.76367188
3.49609375
1.15592282
1.78060062
3.33548981
0.11092133
1.19238281
2.60156250
0.00151634
5.08203125
4.73148590
1.99218750
4.20812833
1.07942874
1.98164167
7.59584108
6.07454344
1.99532136
4.31339539
1.98535156
0.03680420
5.01953125
0.91019684
15.52148438
3.51680512
1.02734375
1.54129848
0.65792027
2.54893022
2.58555407
6.88671875
5.29028258
20.83247894
0.60819551
1.83984375
5.50781250
0.28531704
14.22591312
5.74353058
3.64062500
4.78861481
0.17488617
7.28804411
3.89994418
4.75781250
3.87231383
0.02124086
9.05545989
12.86824555
4.88159242
1.87903309
4.76892619
7.94124359
7.52298981
9.77689606
3.69620789
0.82913592
0.10006330
4.06250000
4.06640625
2.23046875
7.14062500
10.07377106
4.25435394
4.78906250
5.95780364
2.84102449
2.63671875
12.09891967
9.06306073
7.16060145
6.59400598
3.97220856
11.62935394
1.35367797
12.68147828
5.43359375
7.69881164
6.49263519
0.80383270
0.01521851
3.08789062
7.61228657
0.53527832
6.43045989
2.82930574
0.55826781
4.72399933
6.27388519
0.18627930
2.72265625
6.12109375
20.38838653
7.19531250
0.11690308
4.71919769
8.95658356
-0.00242859
9.74197829
3.30091422
12.89107269
5.64062500
0.53173828
4.62109375
1.67382812
2.23392731
7.48482269
5.31250000
0.32873535
5.32421875
2.58203125
8.96695922
6.67712433
7.14497894
2.11043274
0.08487976
14.45031583
3.63712710
0.54097504
1.25088511
3.55514516
5.41015625
2.27148438
4.20852920
7.44629654
3.21724457
1.02742492
-0.00385009
2.32421875
4.85807281
3.82076019
2.18420379
2.49910461
12.27567597
5.47656250
6.61669922
2.04296875
3.09090149
0.41573090
8.63716644
8.15970856
5.11539672
4.20536347
10.54687500
1.64408356
2.76411957
2.73828125
0.10418701
6.50256317
3.51599152
0.63696227
7.22924867
6.32812500
1.66796875
0.08697510
5.34159021
9.28296210
2.29882812
4.10156250
4.56856293
2.60111481
6.83638519
0.48510742
4.40795898
0.61722809
1.60013824
2.33487976
0.03662109
0.09313965
8.11151735
8.04961546
17.33289581
0.55773895
0.82140958
5.71899601
2.69576019
5.57332336
6.27823914
4.37756317
0.19018586
4.06986481
8.26997894
4.03906250
9.59375000
7.75301086
15.33161791
0.28365580
17.59220523
5.13281250
1.53755707
7.44921875
0.00374031
0.07513428
0.58678825
0.91748421
0.81445312
5.59037013
0.56494390
3.04536957
6.94335938
1.15535461
5.89888519
5.35201019
6.50736481
2.68990082
6.76953125
0.68945312
6.40580231
0.01690674
5.64363586
1.71051980
7.56991661
7.93347075
4.08536182
0.54329842
12.61320257
19.44620789
1.30859375
8.79597961
4.44230164
2.93977782
2.16630097
11.83683289
5.21651153
9.63895722
1.31978363
5.36283356
-0.00281006
4.45043883
14.66239472
0.94559660
0.77994875
12.01127106
5.10667886
9.09420766
7.74698914
1.87792969
13.48962433
8.42842310
2.99194647
4.74121094
6.52209442
7.28116883
8.40683079
0.05464691
15.08023071
6.59375000
8.39843750
1.56362437
9.08549977
12.71439606
15.53470856
2.27583832
11.81070922
2.51261414
6.66105164
1.99458832
1.33166473
8.08247894
15.46439606
10.82120789
7.87455231
0.50626648
2.89062500
0.30505340
6.53259308
0.22172027
3.25240082
4.72656250
2.71289062
4.22656250
0.90531402
12.51900238
4.20524047
1.40926086
4.56429078
14.73437500
3.30753601
8.57722961
2.67252645
0.93705729
1.60502106
9.75308954
3.35488808
1.91350675
1.51607269
6.59903120
11.56796099
10.44095856
0.22395844
1.69877106
7.00301086
4.45153591
1.63529698
13.15612700
0.14481691
8.09810394
11.05318207
15.47220856
2.75195312
22.16060394
0.48876953
6.51908356
2.15139656
5.13864250
19.68164062
6.13671875
9.71804633
1.14763574
4.50736481
10.14062500
0.04040527
8.31648493
1.57947058
0.79248047
3.97070312
4.63321338
4.75944592
16.65625000
12.17508755
0.57837101
8.74308289
3.92809841
8.71989140
3.98912235
3.29648160
9.16841644
4.70959442
9.74654144
1.68058289
11.00345856
9.92789672
5.78348847
23.73893063
14.88747645
3.65072030
4.46183289
8.42533356
6.86372894
5.60847961
3.55008755
5.08752659
15.85598258
16.82120789
2.23286957
1.98832059
9.85437167
13.06148161
5.59867464
0.53369141
5.78344415
3.06197362
3.04130097
1.24804688
1.57275266
4.42334109
11.05468750
12.19352172
5.89632203
7.42053192
13.33044216
3.88529698
12.16344748
4.93383976
50.24153812
5.65881317
9.31876773
6.16918883
10.69608489
21.60314910
6.67974100
3.66695036
3.51932956
12.47835328
2.48437500
5.74910461
11.62833555
6.68851839
6.16060394
5.43269836
1.70690077
3.86137743
1.69042969
12.40189606
14.71137523
3.62500997
7.87666778
3.17020722
7.40677638
3.02832280
0.62544769
1.87514203
21.56643064
19.98813635
1.73579926
9.77677305
8.19197695
1.96507979
5.93335771
9.27331450
1.23840425
4.51127106
0.99462891
7.78906250
10.50000000
11.76997894
2.18554688
8.07551751
0.46260901
2.63130707
0.30086242
7.38716644
10.99564606
10.11372894
1.89204926
16.65189606
4.54630430
2.13773714
10.07454344
4.38172487
4.69388824
16.79943817
0.71077515
1.27193570
17.91673870
1.07691489
2.60396332
11.84989410
4.78006428
0.22477795
2.06640625
7.94095856
6.89752716
1.98517906
0.70707121
6.88407441
12.17194371
5.98564937
4.75826019
2.91072197
8.80172096
8.98091644
0.27685547
0.36918121
0.04785156
14.56392177
14.21550720
7.25976064
13.09448803
2.06018284
2.89408356
8.06291124
7.56453679
0.91886040
0.88684425
11.49654144
11.48835993
0.83150487
3.55513519
3.80078125
0.04821777
8.47991943
4.96472075
11.26574800
1.44502217
0.16154491
7.42573693
8.71232491
0.00549316
7.26953125
3.00846344
8.79341644
10.32232935
3.00490026
10.94262633
7.62076906
2.19815852
5.90002659
5.13972961
2.41556793
16.62429633
1.58167719
8.67097961
16.12889566
12.86249890
9.30214427
1.04101562
0.12797027
12.82287567
2.39566767
3.61324066
4.06465979
7.69095856
2.36236572
3.13911957
0.22785400
3.58923371
4.54732269
7.00390625
0.71826172
4.73828125
6.45222961
1.91642149
8.16055962
6.59871897
2.40433622
1.87255984
6.90535461
1.74438165
1.17102393
1.14160156
11.90535461
4.79707669
10.15649601
4.02644836
0.07226594
1.31693512
3.50974195
5.30955340
3.55078125
4.98002106
0.24434418
3.05078125
2.56232021
0.78240635
1.60937500
10.06852172
8.14518063
9.93819370
5.22179864
8.11596991
3.53967254
4.86657746
8.29252106
2.32827738
4.39507040
26.70505799
18.75679411
7.52791445
10.80294231
5.00000000
7.99218750
8.86283356
3.78186004
6.53259308
2.23091644
11.76460661
2.67240511
9.50691711
3.50870789
9.31595856
1.01464844
3.72171654
1.14298897
0.78808594
1.18253539
7.65413453
0.87353516
2.25781250
3.72810727
4.07613253
8.23091644
9.01037567
4.30212433
7.31494016
1.34033328
4.57031250
2.23815669
7.32519780
3.97656250
10.84887633
0.03784242
10.55207004
6.00119320
9.77779144
1.11087918
5.37512300
2.21065215
5.28918550
8.80468750
1.23986536
4.37146276
2.95079788
1.20154587
0.86893707
11.74654144
9.86323693
5.11027039
1.84407469
3.05155862
18.87352674
0.82044298
0.44384766
3.54275834
6.70548648
8.93974346
3.90580231
3.10758422
0.96512910
3.04642731
0.05232758
6.59375000
0.33927367
0.34167512
10.68377686
6.02298981
0.05570496
5.56517433
4.59481272
2.75627271
0.72021484
3.19335938
6.39094969
5.37076906
5.97220856
0.00838227
5.13582336
5.52388519
2.19185394
5.15120235
6.32926640
16.80708334
9.21590647
5.32153258
2.22338929
5.64843750
8.66406250
5.01953125
0.22192383
12.82421875
7.71626801
2.36328125
4.16666501
1.02278812
1.81698608
15.83760528
0.45341035
4.05078125
10.06250000
2.39452751
10.09590979
5.32600953
4.97265625
2.62804023
5.52670434
6.40189606
0.16548676
7.77331450
5.93225191
3.53710938
9.13867188
11.07108489
7.25711880
17.72387882
9.93326906
1.24093410
3.78788176
11.26164007
0.29101562
5.38281250
8.50435394
6.80769836
8.76611204
7.81486148
4.60591644
8.35937500
9.21594083
1.75142426
2.82853335
8.71048981
7.08247894
0.02360535
1.27103668
6.51908356
1.73062985
7.72591312
13.49129211
2.60489805
6.94486481
1.55407746
7.14209109
10.72627746
8.82031250
2.24686614
1.00012300
7.01517731
2.11469803
12.42045323
10.75024601
2.24434729
2.19624225
4.66300975
1.35042359
7.50569703
23.13419524
4.81250000
1.10514406
3.19726562
5.26171875
20.21448574
9.85962101
9.92574066
4.06205231
1.81009918
6.52644836
2.78649933
2.92427582
8.18225067
0.78849305
3.15279144
2.52689606
3.15686004
9.75345856
1.52762910
3.44352172
0.04646851
3.97326629
2.98571808
0.95585051
2.69995179
6.59419769
1.25097656
0.15612793
6.63793883
4.19360414
1.04394531
6.28515625
4.53613281
2.72025543
8.73437500
0.36983246
4.94531250
0.87699371
0.24247223
2.35636414
0.01795959
0.04339600
7.16275377
8.71615248
7.36572141
1.43168246
12.79357381
2.90173869
4.93574358
1.62915724
1.27636719
5.96093750
0.00365639
0.05679321
2.61144759
4.85239915
1.25923676
6.54101064
0.83008311
2.14798981
3.37202848
3.67411347
2.74503601
7.82165558
4.57031250
3.21724457
3.17610594
1.40787843
6.85420435
1.96016511
17.08288730
4.96033331
2.59025210
6.43469083
0.68591464
10.90279144
8.82446227
8.43627992
7.40648604
2.30205064
2.28951019
7.33703458
5.64521499
2.43366246
2.61098403
3.17472351
11.70825133
1.37581422
14.73966118
9.41711768
6.85847961
2.31579621
7.15555630
12.83763963
3.04631427
9.64044770
8.08867796
7.05558289
1.19392634
10.39880651
7.47607204
6.98942265
3.70344969
10.82735261
0.38073762
2.43232935
8.26688940
7.77254211
14.65535461
1.79821808
5.88236481
0.69775391
10.48091644
3.13342254
7.16149933
1.38883422
6.34554078
0.32690430
4.48482269
3.48828125
1.95951324
1.90767426
0.91800653
11.23384862
10.90466340
0.56738281
0.99129211
3.76668274
5.34753325
0.75537234
13.25154477
0.30013125
8.30301972
10.51562500
14.59720856
3.32421875
18.93794769
1.06835938
6.70800532
2.95486647
4.00660239
20.59916168
6.03560394
6.62230386
1.20040946
6.20463043
10.79252106
0.13431824
12.09097518
1.61560837
0.89058441
4.09720856
2.82641290
47.94043218
7.25378325
10.68249667
4.94921875
6.94201131
26.34757757
4.23596409
14.20389739
12.49356567
2.06636691
10.40229491
9.46431239
3.20125554
8.82735261
7.45646055
0.17594484
0.54630555
0.39771935
5.42883643
5.15009531
2.12769614
11.16752106
8.69531250
8.78470856
5.62935394
2.31099457
4.75545102
3.46797761
3.51094636
0.98535156
2.06021471
3.43054853
7.13537567
9.76306183
1.30904144
2.47611481
1.23730469
5.86169216
4.66996246
20.04584664
18.23890500
3.96199524
1.99548371
1.69042969
2.50390625
9.64575133
6.15262910
7.32153258
1.44852754
1.83414672
4.36071808
15.37296321
1.84623448
0.52189148
0.22119078
7.19799867
15.31449247
16.95083722
1.37875387
3.12304688
13.44091797
3.57832170
0.34790724
1.83398438
5.40189606
5.80549431
8.47946083
4.49889919
7.74499667
16.89789119
8.57610815
4.44409242
1.72306211
3.84432070
2.44095856
4.59029144
5.79296875
0.19173156
0.49747742
6.39017731
0.72110712
5.13798315
6.54296875
8.11139481
7.25163342
2.76078402
8.83569149
3.37329288
3.58443207
6.65055297
0.64046265
4.05334442
1.22493407
0.46049105
4.19921875
2.90539395
0.47949219
2.57031001
5.71968971
1.31241883
4.76127106
1.62898742
4.91931183
5.05468750
5.75000000
0.04605103
10.55828857
5.38793883
14.96964539
3.60933068
0.25822335
6.88764850
9.52686170
8.30818041
2.18551252
10.65535461
10.75524933
1.48172817
5.45381870
6.55981383
2.84609902
1.30209496
2.73972740
5.44386635
7.22049895
9.83081117
0.17769379
4.50256317
1.58495471
1.19474928
7.51953125
1.58768271
3.84782358
8.88627106
2.04820770
1.27148438
0.17890136
3.23527039
6.14888519
6.05078125
0.69335938
5.07377106
9.67187500
3.53291778
3.76456726
7.31384308
2.09000610
1.89632203
4.20121122
1.36820589
8.54341644
15.16841644
7.53515625
0.63793883
0.50313386
1.01562500
3.84144726
1.05609485
2.20853668
8.15714539
2.47070312
5.41060394
0.52103668
1.02779144
0.75927734
0.86384759
0.74388963
15.63879986
6.35123781
1.65640985
7.37626440
1.33886719
1.11132812
14.63130209
3.20463541
1.43945312
2.21210827
3.20000110
5.07031250
5.86718750
7.44531250
0.13138824
9.08760528
9.02124086
11.11539672
11.67622894
12.19230164
4.03951019
1.53613281
12.55814606
0.21454709
6.85917331
2.98632812
10.29252106
0.77974457
5.14062500
0.97265625
10.50781250
11.88745143
0.22762273
4.28272801
13.85056404
11.44385638
10.96350067
2.56579621
10.34375000
0.99156194
10.17187500
7.87154144
2.81986481
3.73677582
9.35156250
2.90039062
7.28515625
0.46679688
4.48002106
0.01761383
0.72363281
2.32377106
1.56490082
2.47991807
2.81231825
3.35449219
2.37890625
8.08939606
0.26497219
5.21118351
9.03125000
0.08813477
8.33593750
3.38476562
8.93660461
12.89489030
7.62163009
9.48437500
0.00967407
1.66699219
0.10638428
0.11084929
8.01049867
2.31880707
5.70718861
11.66300975
3.35258867
4.66159795
2.04329842
2.09330231
7.38370789
9.79508422
3.31429078
1.08548981
6.64888519
6.56160461
6.92463985
1.71297429
4.46484375
1.86816406
5.77127771
1.21016761
0.67089844
1.45543592
12.69271498
10.12512300
0.40303621
4.93705231
1.34045005
3.21322030
4.35982269
1.85644531
1.22656250
6.84483711
9.24110039
0.58789062
8.76585606
2.49000332
6.70198360
2.29996952
6.53125000
8.86771637
4.41015625
2.88521332
3.28247008
2.52868683
10.48962433
0.19616699
3.64257812
12.88158245
5.13314716
1.90746759
1.69987311
2.14453125
10.01729278
4.34976674
2.34688885
13.53800476
3.27148438
13.72776752
13.17138672
6.58638519
1.01269531
0.01954651
15.91752106
16.61400223
0.19209809
6.00781250
2.80273438
14.89843750
0.02117920
1.86425781
2.36001067
4.13657136
13.49963099
7.67398549
9.48804521
8.32031250
1.55940548
0.86682347
7.58939606
11.41527261
3.65158133
11.68329833
4.90315049
6.63334884
4.98091644
7.42218972
1.42351340
15.79272461
9.80033356
0.76997894
6.30716518
11.20682956
9.24654144
7.02298981
2.93990082
5.55110594
2.04264406
16.98659759
1.16743988
1.36283356
0.90567774
13.78072362
1.37056488
10.23835993
1.76749944
3.12455231
4.50390625
7.60742188
8.37890625
0.49064086
15.80301972
4.08984375
3.06266235
2.18676696
8.70324800
1.07857269
1.10546875
8.21012079
2.45784796
1.25097656
9.18883312
9.42835438
1.92871094
2.98351646
3.42956948
20.78458555
11.84992908
13.12240248
14.25435394
7.46305297
1.48661347
5.03140736
4.01758311
15.67712433
4.87935394
11.37808954
10.12972296
18.47952904
4.81254432
16.29191101
6.32377106
13.90625000
5.15189606
3.78755707
7.21430741
2.47364029
1.12402344
10.78335550
13.30258200
0.66796875
13.67773438
3.05529754
10.56250000
10.30212433
5.16361481
0.06557221
6.07421875
2.26028577
2.03955950
13.17622894
16.84454948
13.58077183
44.36987367
11.00883089
9.43050172
4.56944648
6.85828789
18.36315825
5.89497894
10.54085328
18.55944482
5.32515815
5.23783356
9.24414062
9.73467986
2.72041778
9.25883089
5.42968750
7.73091644
8.32364805
7.38684175
4.86931719
19.10636912
2.17228335
12.23937833
8.30993683
12.41072695
7.19628657
17.98234319
10.90844415
8.94265072
0.37111369
6.70104389
2.26184674
7.06205231
5.04597961
3.38163176
2.06111757
15.13235484
14.91797872
5.41177970
11.57169991
12.52685485
0.22033785
6.07831672
6.34400598
2.19140625
1.18997701
0.40572612
2.21657432
1.75335549
4.37198914
12.52485927
13.57234929
1.81205231
0.48038758
12.77164672
1.88610871
8.79496122
2.14062500
7.42769503
2.69576019
8.00000000
2.76203846
5.94637522
4.28527925
2.09960938
7.04296875
17.61059242
3.71333832
9.35916335
13.44552042
4.72660682
0.06429047
3.25410794
1.20044132
9.51562500
1.40866410
3.10421431
3.61588376
6.91341312
3.45117188
16.69323637
7.12296321
21.18216202
3.08171653
4.98034575
1.98692570
20.33355952
3.39750277
21.81510406
9.00781250
4.21170989
16.60631982
2.74491799
4.46895169
9.69030917
7.52709525
4.17985483
5.53864916
3.24605939
17.63321587
12.59322362
1.38631289
2.08353668
2.95552582
2.16210938
10.87410461
0.92610469
8.86084109
4.74967531
1.82902039
5.30859375
0.01663070
0.93603516
0.37447113
4.79207336
2.88326019
1.55708832
12.72786126
6.53206671
3.38102172
1.48901429
6.35201019
1.02929688
7.66406250
0.11031098
1.87357574
6.83470745
3.70089649
1.22806793
7.91841644
4.71484375
0.19801725
2.99503601
2.70715425
0.12414551
0.99193562
7.77148936
8.75435394
0.84663910
6.60892731
5.63627106
2.06388367
5.15234375
0.10749342
3.12272218
16.83206177
0.05377197
3.10864196
0.53731355
5.09375000
9.17097961
5.13326019
6.44278369
15.42440381
0.02455658
2.39062500
3.43365748
5.21282690
1.31347656
7.51749446
5.37027704
4.22070811
5.82278702
1.03019974
3.67683899
2.41005358
8.13218306
1.41699219
0.35282317
14.38659107
6.38541999
4.22737921
0.60449219
1.93111176
5.30810173
5.46777593
1.83109652
7.64664672
1.58258949
9.52269947
7.56650487
5.45056183
10.81070922
12.21468140
5.84375000
0.01498413
13.09679272
6.16350177
8.17773438
2.52193207
4.52331450
14.03137300
0.06905493
5.76440492
6.97656250
8.43949371
1.03365082
1.36816406
3.16076629
3.51696808
2.64648438
12.26411459
9.76278147
7.13231923
3.88477061
2.17036957
6.97521942
1.87927028
4.59623448
12.48058179
5.40267841
5.01953125
0.95117188
0.00783539
6.04687500
2.10245758
15.89497894
4.03469849
13.92968750
0.52587891
7.71439606
4.95092498
6.67321808
1.67050967
4.12785350
6.94844636
17.31628418
0.00774140
14.74432736
0.38803745
1.15498809
0.70678773
0.76911853
3.65397717
1.09570312
8.90625000
1.54955245
1.35327958
8.66796875
9.19531250
0.00355530
1.05078125
24.24153314
0.04712226
20.90580231
4.80212433
12.16966631
7.35982269
2.59717420
14.21439606
2.26607269
0.08896850
3.23453236
10.86446697
0.75093598
8.42240138
0.22310644
3.91092926
5.25826019
5.91406250
11.90266844
3.98054743
1.28731604
3.48213154
1.79850842
4.93882564
9.66708333
5.37215647
8.73970800
4.27343750
1.43607574
11.01216644
8.91406250
0.89806973
2.06921542
7.88281250
0.71777344
3.49609375
7.04597961
3.25443263
6.95304632
1.68892426
5.68750000
4.68750000
3.24478253
47.15560810
6.18750000
1.62011719
14.56457115
13.69003493
5.17302637
8.56250000
5.78214539
0.21044922
1.27037453
1.94092918
8.35208888
1.12703679
3.40333722
7.46324024
32.17984985
0.45833375
2.14659803
18.65255540
7.40291320
2.55887162
7.19799896
6.93705231
5.16495789
4.91617797
6.05529754
5.97143617
0.38789887
1.16406250
0.01282501
0.37622070
7.01126607
8.52584330
7.83203125
7.82767731
6.83991246
2.76991023
1.78515625
7.69936614
5.47250886
5.94531250
1.15718099
0.15092448
3.56466611
0.97761080
9.03560394
4.57283134
6.77828346
5.74263519
5.79252106
7.64565333
0.02254211
12.60477505
9.90893617
20.51615138
9.63565603
5.31539782
3.40865082
14.71695922
5.23002106
12.63167110
4.64400487
4.08597684
3.42920046
1.67773438
11.01896055
3.87752382
0.62589414
3.26350953
6.95235261
2.98046875
2.42773438
9.07206145
2.67110261
10.36328125
1.39453125
10.96350067
5.82588653
2.44364472
7.57556183
4.34330231
2.42622894
6.23828125
8.53470856
0.08538818
2.92427582
3.15332031
10.66406250
0.14111328
4.87890625
11.15625000
0.01567078
2.18705231
0.04161591
0.89721617
6.89331117
1.47363281
11.94253768
14.61996232
1.52391924
6.01994459
0.16636533
6.71240359
3.29492188
10.59029144
8.06506317
9.66149933
9.45658356
1.15917969
10.73950133
0.93868074
5.25301086
1.86807791
3.09135416
4.28560394
1.82128906
6.57258533
7.72038342
1.12109375
6.99758921
2.53366079
11.44877106
0.23303129
2.49426363
7.22310394
9.48569815
0.09783853
5.53169769
3.52539062
3.28006926
2.68387910
4.07857269
3.35005707
6.23783356
3.65962738
2.55423981
9.78906250
5.25695147
0.80208998
13.55423981
2.68750000
13.41831398
12.15051591
3.28589428
3.11954898
0.93115234
10.49218750
15.81595856
6.27388519
5.55859375
0.33593750
1.02441406
7.58158356
0.00856537
0.08776855
0.61083455
8.55876108
12.03421654
4.69938608
0.37719727
3.24828541
9.10921764
8.03906250
2.26802084
1.26705424
8.68750000
9.89952461
5.31922539
12.90612700
3.34113753
8.91785571
2.94425476
13.58084553
11.22384197
30.35546875
9.46594083
6.17033023
13.05354776
2.26832114
9.61718750
13.26997894
5.69140625
9.76383422
4.39152039
7.93404144
4.63326019
5.63236481
6.98632812
7.51656098
0.61588500
8.49397828
5.55468750
3.84871399
1.48343778
9.40905917
1.02246094
1.28515625
6.70479278
7.63505097
2.44465315
5.21159685
2.06986481
10.75010307
8.43393838
2.21875000
1.64225094
3.21028812
6.90889185
10.94222296
7.29296875
0.25850434
8.56250000
1.22753906
2.24218750
3.37348460
3.07679188
7.34855164
7.69107159
12.93783466
18.09504876
3.29077460
20.24190215
6.94649324
2.44006317
12.90714539
6.24039672
4.08382203
6.60973405
2.90784408
2.29341644
8.81273604
15.11304521
0.47338867
10.30383145
6.26094636
10.61551972
6.50524933
5.17488586
0.10966004
6.85937500
2.28486716
2.81523049
19.01171875
6.11791556
4.20166389
46.03995789
7.98091644
9.35681183
4.56964817
7.24480496
18.90705425
5.21998005
1.82279449
9.08247894
0.10876465
16.75333555
9.56962191
10.20434508
12.09358765
3.40372618
11.01753878
5.80468750
6.81205231
8.39664672
7.46708222
2.64383443
20.06958444
1.25215730
13.07454344
8.69262633
14.56172761
5.79174867
21.05904144
10.34671654
8.77566601
0.43283383
5.27575466
0.97131566
6.92187500
6.14798981
3.03755707
2.60982269
13.20930408
15.69413674
15.07267398
4.70747894
0.01759338
2.87853724
0.87634558
13.66406250
0.87371826
2.95433013
2.17864472
7.61808289
13.57120789
2.27343750
10.14139739
4.53047761
1.37287830
2.30587322
4.96919769
6.59875333
6.76452792
5.99609375
2.71044548
1.82816932
8.97989805
2.67521055
9.32926640
4.47265625
3.45943207
3.35777594
5.46631981
4.71106050
1.40775543
6.36372894
14.57588154
3.76982158
3.52766844
7.64811281
4.01953125
15.51009032
7.03157469
22.38374225
2.80896775
8.13448028
1.44957468
14.03003989
0.34342469
12.87064606
2.02201075
12.44722130
3.33154920
4.60668883
7.45145722
6.86700023
0.59995400
4.95776928
4.12063858
3.39205673
16.65933954
13.62793218
4.61853058
6.73828125
3.12544769
2.43900543
11.92097961
1.38122341
8.83105718
4.66361481
2.27583832
5.99218750
0.00859833
0.91459137
0.30444336
4.63911957
3.14648438
2.58744293
13.55598626
6.90796210
2.41617797
1.57344636
7.56986481
1.00435394
6.93314606
0.14815277
1.35839844
5.99254655
4.28089095
1.31791168
7.69877106
6.39542664
0.24647916
3.47428468
2.46813996
0.14811188
1.00786518
7.46948803
8.94417110
1.98250554
6.38972961
5.75826019
1.97212738
6.39107269
0.07210235
10.94710328
3.35591644
7.90791778
2.40283079
3.63562167
3.38703846
4.87362256
10.20300200
0.59317743
8.67236702
2.91992188
5.53580563
27.48150530
8.96913895
1.86515320
8.56250000
5.55558289
6.53670102
10.03246759
6.12959995
4.17090093
0.32202148
2.10591644
4.41304411
12.02433289
1.46549562
3.52270446
2.45116191
12.18290005
6.19870234
3.80468750
10.78906250
4.37544769
6.95267731
14.92654865
6.25509197
7.47216797
4.16060394
0.07618651
4.93237367
7.21484375
8.98317183
0.55251329
0.85298676
1.56152344
3.20178192
3.71378601
4.62935394
9.06776905
3.33382701
1.47753906
9.18660461
2.10721271
5.20821697
9.64151665
3.60058843
6.26664339
12.56558954
1.33231909
1.28116634
0.68563054
1.85191407
5.21156249
0.97705078
9.48437500
2.83645391
1.47213984
4.59540781
4.54131094
5.92187500
0.25122070
2.49023438
16.58760528
0.02406861
1.53320312
1.74556488
13.57290950
3.96939440
3.05127825
14.17097961
4.37589539
0.39648438
3.10602200
12.57854831
1.03906250
9.08748227
0.07047671
4.69458008
4.27734375
5.10601807
5.75764517
1.39082918
1.74764350
2.88724513
0.86898077
3.57347137
4.72323692
5.36226286
3.13102670
5.94364472
5.95791667
5.98348958
0.14734531
8.45503878
0.28417969
13.01908356
5.41841644
50.98978170
8.93280143
3.09694813
2.16752106
11.18272275
7.83725620
4.00000000
2.74352311
0.56604720
2.85568984
1.21372727
7.00870789
1.14896637
9.05317709
4.90385416
7.95703125
6.93314606
31.75990803
0.02254211
13.45568817
21.81815271
7.46142952
4.81205231
1.39693207
14.43570922
5.65293884
9.04807069
3.43750000
0.00349998
0.15662003
0.35327148
13.38403258
43.20869903
2.61234652
2.59375000
0.84375000
0.86767578
15.53470856
2.26171875
3.29732269
3.21679189
7.11133311
3.47656250
1.85644531
1.84969055
7.65323914
3.83308899
1.79500305
14.24290746
7.30746730
2.48242188
4.67923981
1.32389157
4.36307956
4.38671875
17.39794299
12.40698803
6.42309508
3.79248171
2.58593750
4.36673981
0.04076142
7.07421875
6.47722507
10.69006317
3.91691101
0.37666653
3.66626163
3.17773438
3.54402649
2.84615082
0.40083832
4.12410461
12.43415728
15.42261303
4.26485261
0.89453125
2.81974180
2.08846132
1.43164062
8.89277981
10.54649593
2.43570922
2.90022828
3.22416168
3.98738586
0.14209016
12.26537650
3.81767190
4.28951019
11.75744349
0.89640569
3.56522551
0.46944246
4.84945363
0.15254855
0.55322266
1.02343750
4.46439606
6.88574219
4.46529144
0.01812744
1.09803512
13.68567486
4.45682956
0.17602539
0.57649594
6.89530114
22.78453624
4.01466090
6.53149601
3.00097656
7.44619792
0.00888020
2.56015886
4.85603945
4.90669769
4.91605497
6.21255098
2.40386413
5.87573304
12.91752106
4.05859375
5.80578458
5.25671542
5.00044769
0.21130371
3.52494293
1.42195056
35.07044049
6.16015625
1.27441406
1.48219548
0.09411777
11.79243241
22.55628158
2.25076241
3.84675712
16.43098128
1.05958277
4.72656250
9.34183622
8.23181183
0.67488711
9.48323360
8.97296100
4.57314286
6.75044769
3.57572418
4.77779144
8.16742804
3.76889184
5.46215758
2.43973847
5.63370789
8.10537284
3.83130319
0.01349640
0.00244331
0.00564194
4.60579344
2.53605164
8.94018617
13.74095745
2.47734485
5.65975105
0.89831574
0.09912109
0.38354492
5.51761871
4.98482269
4.18269836
-0.01105987
12.08414672
9.81233765
3.71093750
2.45352837
1.17635444
9.82031250
1.04935699
1.50142426
7.81477782
5.81680962
1.90959053
5.56046321
1.79289007
8.62500000
0.03753662
1.60457336
5.35526457
7.98449800
10.06762633
0.55346742
3.34960938
4.25393064
0.46437167
11.74218750
17.81583555
14.25447695
2.20133422
8.68583222
1.33911071
3.42065492
2.82421875
0.94986564
4.23096077
16.66625665
11.56555518
6.68269836
4.97745789
5.27343750
8.39697141
8.16072695
0.37906860
1.08622285
9.93818374
1.69462876
7.87702682
4.57699357
5.64631656
3.42065492
7.37544769
0.14111328
9.27840149
10.09419769
1.14273673
1.47937417
9.54959553
1.94499279
3.66076629
1.50081422
4.61372396
3.28231272
13.63960661
3.42020722
1.28019226
0.10123750
11.30939052
0.82342198
2.66601562
0.74373352
1.09879329
10.68607823
1.47896332
1.16656401
6.20581117
1.69665558
1.59330231
0.34077973
5.56250000
2.61716881
2.32533576
2.17321808
15.77831782
16.31030523
3.41015625
3.31372008
5.32787899
1.72697085
4.12890625
2.08068069
4.35791888
9.42622894
2.21478946
5.55775265
3.52237976
11.58593750
2.54252106
4.74263519
3.12455231
5.13281250
0.00818390
1.92691393
7.92273603
8.53723109
15.35294685
2.96551414
1.37642426
4.40580231
13.15535461
1.07263215
6.88492797
1.45010666
2.67436447
3.31876275
8.16846077
9.37935394
2.23392731
0.07830811
8.88894975
7.32296431
15.21919769
3.76757812
2.48498504
1.45214844
12.66841644
7.41495789
1.89746094
2.11779754
3.45206726
11.30122894
13.23828125
7.27599070
0.03215536
4.58984375
2.59516553
8.33418840
1.34012910
6.70658356
1.23970551
3.65189606
3.99556488
2.71830231
2.57466644
1.45170074
6.90234375
3.13521332
4.37845856
5.06000609
4.80859375
1.24012590
21.75688275
5.57210328
8.08247894
4.39107269
14.08593750
3.99324524
0.22171996
6.42166581
7.63627106
11.43750000
10.21529144
0.83841949
9.43111176
21.33593750
2.06640625
0.03573608
0.51470947
1.81640625
9.72656250
3.56636193
6.41801307
3.33771697
2.91735871
13.08504211
0.46997133
22.79984154
4.41189155
1.10485871
4.15234375
14.52136137
6.20324800
12.12333160
0.89550781
7.63716644
0.35884613
4.16406250
0.40922027
0.00658173
6.40087891
24.02436725
20.20760693
5.46484375
5.97765958
3.67708499
7.71524712
0.51220952
10.50213717
5.98872894
4.55814606
4.67923981
2.53254876
10.58105718
6.36340425
11.97310394
0.28833008
0.44197570
4.30122894
0.06030242
5.78524313
0.51660655
0.70796723
6.79585661
4.07743772
3.33904698
1.35253906
5.81595856
2.37259357
14.67966853
1.91064329
5.93249667
2.44653258
1.15201906
6.98872894
3.66621233
3.88802748
9.11629211
1.71325715
1.03222656
6.62109375
0.23974609
2.74970058
3.46073581
1.23591977
4.08638519
11.67814273
2.93554688
5.78519310
7.83268530
9.53678468
12.82750998
1.97087045
7.49629730
3.01713043
13.48697751
49.22499541
1.63883671
3.89737976
5.74511719
7.74023438
0.88476562
2.79984527
1.32832855
0.46728516
2.10937500
8.34421211
0.65595023
3.84169078
2.36436391
8.95402039
20.41821164
1.70743960
8.81058622
26.92299533
3.03710938
3.30033356
1.13228363
1.49804688
0.02589417
8.68737030
3.15039062
3.68558123
11.13985511
6.54858710
5.21199274
11.05354610
2.42041389
1.18807070
7.49123097
0.63558483
4.25137984
1.58207308
13.24397828
0.68847656
13.77689606
6.80122894
10.57377106
2.13793883
12.56072053
8.87951131
2.78650432
6.42284907
5.77575715
5.42692265
2.01021332
3.76031494
16.34631317
4.21004211
1.21415254
18.27977394
2.21827293
15.62064606
3.06294769
1.66796875
0.04923492
2.21309493
8.88464013
10.87626440
4.14420656
2.26088471
6.68750000
4.36718750
3.21740692
7.03771942
11.76472961
1.66324953
8.31595856
6.18705231
1.90047180
0.97823121
10.56929411
5.48795656
5.50524933
2.82377106
3.34810394
5.40925837
5.66744237
3.89693207
9.43391844
3.64615968
0.21846465
15.84720856
1.57690492
5.49316406
2.98437500
1.40234375
0.01342010
4.26517232
1.83549479
6.02433289
2.63281250
4.77343750
16.17563873
4.41841644
8.61885528
10.56429078
19.21748809
2.65698304
10.04829677
9.35872562
0.59619141
6.71016511
12.44441711
2.26456726
6.00043773
7.62020833
2.09000610
5.31338044
0.18450409
5.14497894
8.69095856
12.54508422
0.59501191
10.29101562
12.20049114
0.10820423
8.28254938
8.73820257
2.63521332
6.94921875
7.05981383
1.66381898
46.45621454
4.86230718
0.82661897
1.10616744
3.07751496
0.44628906
14.14124775
2.25390625
6.90189606
4.39062500
0.40161133
1.99849457
4.74609375
25.77563165
4.97436835
16.50583893
11.07408578
27.38937119
18.03821143
7.90189606
2.93029754
2.54028258
9.34733156
1.37613891
2.91996122
5.16430851
11.67968750
1.15962738
21.81606651
8.12279617
3.24642342
10.26562500
8.84029144
4.96997008
3.98799590
6.14900820
3.96138519
9.13133644
1.12212211
7.23567376
2.30969581
5.78035461
7.21875000
1.62882508
11.80289672
2.83296100
2.33679853
9.52343750
1.70795414
0.35967281
8.35111481
1.36901264
28.65003033
3.06490082
7.05078125
11.19750665
2.05281804
0.63492922
10.61722809
6.87544769
1.79394531
0.20865875
6.10937500
1.18660461
12.54508422
11.91128768
1.69735552
1.51813761
7.43885305
5.00000000
12.48632314
0.68119791
5.41611371
4.40765735
11.26652039
0.12900787
7.46036680
1.40726839
5.66951352
6.91988253
1.63358239
1.44454261
5.92232269
5.47236592
12.33053080
9.51306183
8.93302305
7.83882536
8.30253144
3.80643894
0.40869141
6.05859375
9.80468750
6.65538398
8.88953789
5.64062500
7.55078125
3.04642731
1.64659243
10.39503324
10.91931183
3.93164062
3.19201629
3.90699114
17.39901318
1.91959718
1.44124635
2.51855718
2.83188261
4.66508089
3.76367188
3.14408356
8.30981383
0.46162996
6.93916778
3.46528646
1.43156444
4.17585495
3.18592087
19.45568817
11.80843140
4.16752106
8.70483398
3.49654144
7.10111481
0.07067871
17.96138519
3.06595856
9.18944814
2.24584774
3.21749556
0.04693604
3.69921875
4.44683733
1.79791333
3.11027039
10.41689057
9.97220856
0.11510161
0.21704164
7.33922354
4.33131108
5.97558843
2.89737976
10.12784353
4.25159159
5.01953125
0.53523742
0.09596771
15.33637757
4.14888519
11.64052276
5.86104278
6.88191711
6.93265279
15.91708841
2.52669437
8.21875000
9.42419216
4.48987034
7.12030371
2.88697473
7.81595856
6.60090595
10.56020515
17.59810394
17.43106993
1.75170961
14.43770418
20.01281583
1.70542970
1.54699800
4.41841644
5.73392731
4.39363586
1.54536957
6.80374280
5.16057208
7.48002106
0.95800781
4.53214539
0.81205231
0.10652680
3.29988586
1.24959165
2.41145999
6.47611481
6.83593750
4.14927105
2.65063663
6.65885251
6.58695589
0.01554414
6.06206310
7.92051900
21.50423094
13.27665005
12.57759862
7.05948914
2.44380707
9.41381649
2.19652760
3.57129654
1.06250000
14.22298094
3.80964650
2.65247174
7.94506649
4.09122368
15.96264960
1.40726839
5.61429964
5.24084442
9.52811892
3.50240082
4.41688956
4.13102421
0.40885437
1.64445008
19.60953236
2.34749889
12.16486426
3.66525446
2.37935394
14.79072280
10.86985425
0.02254211
13.45568817
21.81815271
7.46142952
4.81205231
1.39693207
14.43570922
5.65293884
9.04807069
3.43750000
0.00349998
0.15662003
0.35327148
13.38403258
43.20869903
2.61234652
2.59375000
0.84375000
0.86767578
17.45312500
3.95703125
6.79516290
5.62280585
3.43554688
1.70214844
1.46598266
8.47054078
3.85758422
1.51216644
14.39606512
7.48235316
2.46289062
3.91166168
1.26476895
7.84655917
2.56986481
2.85636414
4.13882924
7.50675975
7.92923981
6.09240692
4.89331117
1.28027344
2.82844969
7.63659575
1.73567874
15.23693817
13.71594915
9.34758590
2.88859319
9.56595856
0.23527039
12.03909935
4.05758034
3.72851562
11.58300532
0.36816655
3.99759918
0.17256684
2.07352270
0.21122347
0.58691406
3.71980400
1.94100288
4.21618683
0.97277801
12.07210328
4.49218750
7.23693817
8.57902039
3.28758893
11.12789782
4.01733212
5.02323581
3.50826019
7.33056516
17.49189717
24.58889905
5.42852171
8.48628878
2.57128906
7.31936282
0.08448636
3.07229526
5.16117464
4.35937500
2.18180297
1.73855352
2.80506648
3.21439606
7.62980164
0.94730621
2.54386414
2.18119293
1.74654144
4.78906250
0.03238922
7.66731439
3.94055518
6.47912567
2.05948914
12.33825466
0.83797429
3.94681793
1.53376635
6.67664228
0.05667114
0.00853729
0.00785065
3.14754211
1.14550719
12.13639406
14.50238587
1.61480163
5.95456177
1.00240082
0.07556152
0.33105469
6.28320312
6.72265625
0.50390625
0.43823242
13.93314606
9.24068207
3.48828125
8.73783356
7.36372894
3.39453125
1.34094083
0.97448886
6.74686364
5.43095190
2.21769226
6.05700466
1.83166722
5.95703125
3.31400543
0.04033417
3.18750000
7.87609521
9.94055518
10.45710993
1.92570257
2.78710938
5.39606605
2.52686668
28.45747894
22.22900266
14.32568484
3.15026762
7.27356050
1.31925227
5.47469304
16.39294216
8.71081450
11.76920656
7.47123448
7.95703125
6.73958001
8.77559729
0.36580383
0.84952820
8.07738697
1.60470135
9.63785018
4.88949357
7.59915989
3.45507812
7.05122894
14.62890625
7.95031583
13.71415005
6.74178413
0.31913238
1.81196366
4.03614029
15.97298094
5.31909242
0.84830688
0.17431703
11.38732381
0.35584026
2.83203125
1.11629211
3.04768548
9.90930518
0.91353363
2.62047271
6.68493683
2.10396332
1.09960938
0.31636566
3.03275543
2.04112243
1.11410793
2.66609929
10.39485594
6.81314938
12.79610261
4.53121128
3.95267731
5.54239805
7.73148714
4.86169216
1.39978058
3.10502106
2.70929286
3.85491799
9.18750000
2.49470634
8.20797096
11.08132309
4.45043883
1.86502771
9.14892952
2.81339539
15.36591011
1.99902344
6.70658356
4.17577128
1.61915059
5.19917443
7.09847296
10.05481050
2.99173981
0.05453491
7.25308705
7.84359264
14.47310394
4.86718750
2.76505430
0.46948304
8.94620789
6.35591644
2.48872894
2.12516235
4.67277039
7.50000000
10.81534851
4.50800920
0.16785322
3.57902039
5.57799203
6.20193259
1.40706422
7.26517731
0.84322113
2.68164062
5.37210218
2.78610095
0.13903809
1.78226715
3.29492188
2.60005707
3.22098411
9.77124335
6.31750333
3.67513187
7.14493314
5.96684618
11.35860261
10.06250000
1.36718750
7.21405143
2.83148049
2.44945978
2.23983100
0.90726715
5.25435394
7.41845579
5.86820589
6.92272155
14.11462433
8.26562500
12.97180020
7.38548128
1.67118379
3.46875000
6.17785489
7.75325687
11.20031583
4.34912234
9.08683289
0.50240082
7.29296875
9.89506012
3.77604001
5.66776706
2.61088043
5.59029144
0.08990479
6.09607535
4.51790780
2.87890625
11.19608489
3.69116283
3.59074911
1.81347656
3.56791168
3.30814356
4.04679632
6.52644836
6.25602172
4.55737367
3.61254821
0.07653871
6.17748712
4.68530585
9.01472961
1.47062195
1.03320312
6.01127106
0.33227539
1.03062377
5.05257203
1.34830563
4.05423981
11.95772495
0.03932709
5.75211547
3.39660489
8.32694156
11.52087433
13.35375665
2.38603003
10.27490234
3.49173981
10.58491911
50.03603770
1.49923011
3.06819703
6.07812500
5.80716949
0.45235199
3.00000000
1.30810547
0.44140625
1.94531250
8.95008423
0.84544768
3.11969388
1.25929354
9.75089539
25.69067258
2.80900210
9.47631649
27.21635105
3.45206726
2.91947418
0.19881195
9.10101562
3.41841644
4.00870291
10.71915835
6.06901374
5.87003352
12.58170656
2.91056460
1.50052887
9.32812500
5.32242797
0.92122437
9.76997894
7.83723626
5.66076131
5.45903368
9.13883422
6.10982269
8.18493683
2.17142731
3.47460938
9.43847407
6.38965093
3.62349457
10.73950133
4.53002992
0.23083465
16.77689606
1.39241578
5.67199707
2.79492188
0.93359375
0.00595856
2.52408688
2.28210605
6.85982269
2.05664062
5.27343750
19.32232666
5.41796875
9.36450133
8.94018617
23.04597961
4.43058289
10.18159630
9.26164007
0.70601410
6.59342531
8.69877106
2.48677582
6.14195812
7.64620899
2.07722961
5.60830231
0.40475952
5.11584442
7.24353058
3.27901596
3.18359375
0.64896637
4.93013519
0.09075928
7.82084137
10.94531250
1.19021866
13.14250443
23.58707142
8.17517619
2.85201019
6.76171875
8.23604278
1.46903535
48.27510528
1.23876422
1.79883809
4.57556183
0.45361328
4.96093750
4.04296875
10.65970856
1.10563110
1.95552582
1.84570312
1.96272828
3.17187500
4.93916565
1.38618988
9.23995643
11.08560284
28.20137792
16.11804853
7.39888519
2.89949524
2.73034575
10.33260195
1.47664367
2.62923094
5.01619570
10.16406250
0.86861176
21.76995696
7.00953591
3.20076850
9.61372894
8.70312500
5.01159575
4.53816711
2.69197695
3.92773438
12.14359154
24.38033051
3.43799202
9.83377771
2.97831394
0.23010410
8.82177485
6.07453347
9.38107601
5.11763519
0.44242340
5.78861481
1.65836547
0.40922090
11.17348848
5.88665004
3.76364944
7.77484485
16.16009199
1.60162676
13.37935394
0.15429688
1.91361481
8.37629876
8.86588874
3.06298704
0.36617160
5.22656250
13.53258810
14.62728280
8.75614472
8.91727505
6.54500305
8.71423246
3.26103003
0.53710938
6.64453125
8.76997894
7.46674757
8.56796099
5.05904144
6.63671875
1.66406250
1.58193606
10.93409574
12.20747894
5.75781250
4.91528258
3.08789686
3.80652260
8.01049867
14.06160461
12.17639191
7.47664118
2.33739362
9.39136303
1.55811170
9.16752106
5.35591644
0.04548126
13.20270959
24.25472296
2.22143617
2.45197502
2.05928745
0.82768737
6.17765071
4.99121343
1.71065215
10.91227172
0.61828707
8.63448028
3.70454677
1.57210577
7.73002106
14.84499115
3.50000000
16.82587406
9.00416223
4.23193484
8.19787567
2.34313498
1.04004405
9.41312351
2.98308621
6.00447197
17.62552638
12.49215314
2.29972351
11.30790005
5.18969913
6.51997894
2.79471521
0.10079261
17.41034179
6.25390625
13.60779784
6.54764739
4.14856050
4.26973107
19.08642952
16.23437500
15.68501552
7.93685062
2.75179078
9.81171692
2.57165558
4.26171875
4.36400931
2.01489694
8.29508422
2.35404418
5.52802108
4.54978226
23.86761579
1.98579407
1.57483128
7.54687500
4.55423981
12.39078236
1.99984264
7.43705231
3.71618683
3.67382812
0.34061676
6.67232269
0.49377348
1.02311281
8.25691711
10.46183289
5.44943419
2.44454011
6.67826075
8.19043218
0.06054688
8.39096126
6.94889406
1.46923953
7.72656250
0.92720551
14.06404477
1.61018673
5.02694038
1.26074219
13.40881317
3.70206228
2.92969248
10.79971853
6.09090647
1.07954926
7.62995900
17.05184397
1.18518035
5.08426972
5.57332336
14.91344219
2.66975953
2.32657875
7.84424202
0.59187805
1.77636719
15.58442709
2.63761912
11.74201519
5.14523243
2.68208832
15.41083999
13.36503238
2.84423704
15.12506871
2.83298093
32.03906250
10.99731383
2.76094636
8.32963043
10.91035794
1.86743351
0.14550781
5.72656250
15.32512606
1.31798093
5.88219872
10.44202003
14.10746122
21.85283448
12.71106050
10.64492465
9.81511746
13.55635528
9.60424867
22.61840758
16.79718972
8.41529255
18.92212101
8.42496454
5.16666999
12.33158356
1.98339844
7.51200348
15.38883422
7.75659242
3.61824524
9.64664672
4.22880097
6.61844194
8.90682418
12.82617188
10.12064606
10.17036957
3.44140625
5.67923981
0.32393402
8.09720856
0.73779297
4.16963653
0.62622133
0.24617492
0.09342469
7.90535461
10.15714539
1.26029449
10.85738098
4.86558844
1.98341090
8.11718750
4.96291003
5.76755872
1.24414062
0.01040649
1.29349762
7.47265625
3.53319939
7.12719415
9.18274268
5.46467642
15.30632092
1.21065464
2.46964539
13.71427305
2.37211214
6.31250000
10.52226981
5.59613696
2.70778107
6.73950133
0.92012605
2.89453125
7.63582336
2.09073914
5.09720856
2.92447751
10.08760528
4.76029698
1.23535156
4.33496094
6.19486481
8.35170989
6.45040946
3.87036569
14.13052970
10.79044991
7.00630126
2.59086214
18.63085938
13.07173676
22.68834110
14.79066156
5.82088320
0.28006988
11.78019226
2.43085827
15.52466350
22.29826241
1.09244501
14.36490968
19.76770238
18.18469083
2.46891235
11.40527500
3.27449524
0.95092711
20.62162013
14.13049534
4.03795546
8.08053080
9.48962620
10.47770452
4.20947141
16.19781725
6.91495789
16.14116425
5.30468750
12.35449219
20.41796875
11.69441711
6.28116883
9.84720856
2.89888519
1.59734360
56.78772440
7.96553745
8.32299867
8.37935394
0.00809235
1.26317986
6.03475288
9.69966644
4.56250000
0.06392426
6.28470856
0.56945645
0.11682285
3.03967254
3.89338985
8.15136968
0.29569488
4.52689606
1.73872894
3.01729278
1.05053773
2.70422208
7.21797761
13.75219415
0.55949288
4.25646942
4.45792664
4.75826019
9.77600067
3.53845246
4.05993185
2.08162788
0.10652742
6.80946900
2.46484375
9.67968750
7.58068817
1.85388215
1.63740124
1.48861591
1.62349457
33.95829067
6.97549075
2.34899933
3.24849457
7.16644837
7.86736480
3.66390015
19.04296252
5.42244570
1.70988475
1.57226562
5.79785156
3.55259143
4.94411236
7.30859375
1.94665558
15.29279893
4.30253767
8.93493683
13.95658356
5.41060394
5.68382979
7.98023271
17.26338653
13.37015404
5.08520944
8.74910461
6.25435394
1.18599457
9.51367188
20.78433954
14.29919216
0.47168467
23.39754211
5.99237922
1.41777703
5.59509308
7.94233600
4.85018506
27.76858904
1.76168439
2.70140044
16.63729942
2.69938608
3.96455840
2.12905489
2.19833831
16.84032331
8.11137743
9.84375000
1.62837738
7.20658356
7.21271831
0.66956532
7.47253325
0.90885500
4.80871177
3.61121010
9.94250333
3.78405917
9.12385860
2.53674534
1.44299285
1.46830231
8.51741578
0.51220703
6.45434508
0.87573304
0.84232574
8.47196255
5.42122562
7.78304078
15.92533356
0.52632660
1.20703125
12.69441711
1.24796570
3.41210938
9.14050200
3.02311281
10.14216977
19.33837766
10.86141179
3.56774933
2.93314606
3.18644226
4.35457336
4.47790558
3.39062500
0.58837891
11.38777649
9.93404144
2.56099457
23.14024602
20.41745234
4.01953125
17.13500665
11.43086326
13.70249576
3.72127881
12.81160461
13.90702239
9.03560394
11.57698640
5.50968196
9.93261968
15.85269892
12.69030917
3.93550753
2.82572418
11.28619903
15.71310726
7.35962101
4.78580563
1.51347019
7.97460938
2.00585938
16.98054743
3.81067144
3.01802582
3.48286957
2.63085938
0.04601044
14.50512633
1.50366273
3.21028314
2.93380042
0.99654144
6.68879876
3.10127217
3.72510638
11.67521055
7.59822695
4.97220856
18.62430380
5.68030252
2.66947418
13.55838708
6.13151374
19.82836852
8.53979554
13.40344083
1.39644503
6.32857269
8.28658051
3.63236481
8.89485594
1.95235261
8.08760528
4.20613586
12.61206117
19.72908134
23.67345413
38.71119348
15.31546654
9.21411538
22.23567376
4.49047540
11.96236799
25.71507045
19.18949247
7.03102441
7.77533491
7.74295989
5.03470856
15.55243906
8.29835106
10.85847961
2.45552582
6.33390071
0.62203222
1.47712728
10.48588541
1.28027344
12.23783356
3.04473752
15.26709109
8.94006317
1.01090329
2.42692265
18.74173981
9.72180082
4.93025820
12.84720856
2.52779144
2.85473571
16.69620789
7.09069482
1.36812721
1.29475205
10.07296431
0.80664062
2.33247894
14.59720856
16.37935394
1.89648438
0.37768492
13.50089539
3.16780640
7.98693817
15.08658688
5.17212101
0.43819184
1.67963383
6.54424312
1.85644531
5.56416778
3.36507203
13.60992825
14.18011081
10.77331450
3.14280420
0.06406471
14.95780488
4.68110927
24.33133755
8.15942819
3.08548981
3.92036957
3.02583832
6.48469969
7.70597383
10.63448028
1.43220385
13.24182845
8.43404144
14.63275821
19.19268125
5.09285461
1.91886414
3.38362423
5.87178745
1.27681488
5.32767731
6.46911029
13.69348736
5.88224180
3.56502382
6.34948139
3.18132092
12.31806406
5.04521719
6.14229278
9.68302305
12.55350925
1.68758117
13.77652704
4.44218237
0.60453277
22.47036348
8.05217863
19.82173427
12.76208776
8.71093750
5.07031250
6.09631317
16.90705674
7.11772384
2.45898438
3.06835938
4.10156250
4.35155253
4.10067708
4.85937500
23.96138519
9.03560394
11.21875000
0.09326172
15.07438110
6.05904144
15.22253200
4.60359929
5.20747894
4.52933622
6.68900045
8.59090647
7.82173427
6.34851479
5.70747894
0.06645203
14.84594415
5.93396276
22.30316159
9.56345521
8.19954344
9.06323460
3.13249207
9.91573028
11.01936890
9.04341644
0.01221466
5.79899047
10.71789582
9.67333112
16.16650266
2.97702016
0.02868759
6.61283387
2.49939590
2.52705840
9.03649933
4.03214539
2.59008104
12.39673537
0.04605103
9.69531250
3.55033356
15.92390930
10.74324025
5.89437389
3.26802582
9.42187500
6.89294216
9.15717975
9.17554521
10.66060394
3.15323914
9.21093750
11.55725067
21.91748078
8.41523826
1.62773049
2.02343625
4.90970856
6.59777925
10.59899933
3.62890625
9.10347504
18.06501884
15.10640846
1.35493988
0.65039062
45.34798094
13.32442044
23.86063504
16.94620789
3.98096077
7.43225067
9.68404144
4.12980164
2.32649657
1.45430574
0.70605469
11.90669769
13.22220856
1.05708832
0.79736328
26.33642578
2.48437500
14.58491911
9.75170213
2.99166611
8.85681183
11.92533356
12.07494681
0.76383920
0.50907379
1.34472656
2.82526153
1.42249999
2.97880097
9.21138519
10.68314606
0.62886566
2.21289062
3.66874114
20.94726064
8.70719110
3.25590868
14.89216977
4.89599734
2.65241755
7.26554632
15.31852172
2.21142454
2.14884585
9.57198028
0.65942445
2.97896332
3.05383145
0.51261539
9.52779144
0.77335384
4.00594304
0.46166992
28.06131320
0.39168879
15.32963105
26.34264296
17.98487200
6.16060394
3.43750000
4.40543329
32.97497839
45.00000000
0.22188324
4.40954185
10.06042885
1.78125000
10.53103835
22.84537345
6.08185230
7.06811835
7.41235040
5.44311835
11.07108489
11.42020722
8.93404144
27.88781583
0.91829593
10.62117243
8.47228724
9.20642619
3.50109863
8.12629876
6.33508643
18.79740138
5.24641646
3.25827016
8.78088099
5.27213874
10.25602172
2.81774933
9.12500000
15.44420546
0.87024767
0.15222137
11.67699884
7.78084663
2.59765625
1.00500488
1.05484985
15.51281006
2.17818207
5.28023161
8.20235261
7.49466202
3.33525376
5.50646942
2.36808289
1.91776457
4.11250886
5.40625000
3.66255707
24.79091338
3.83728058
9.42622894
18.19367659
8.45154587
4.21919769
6.31774933
7.84887633
1.19095856
11.17277039
1.93880125
1.01558566
4.41451019
13.97477172
4.83251330
11.19031416
19.50845588
7.68017952
9.31685394
11.82942376
9.96053413
4.42533356
18.64996732
18.18006991
0.09792084
10.50229722
9.66420669
11.37836991
20.88648022
7.20593417
7.43448914
12.26090204
5.35282690
15.59582115
6.54987589
2.89592863
19.94437652
0.84313996
11.97787700
1.03032025
6.32153258
20.02480435
10.68536014
8.19441711
3.85709718
10.44238032
4.11967198
1.91646332
13.01795362
6.73548204
2.39497894
1.66548427
0.18143956
0.51562500
3.55371094
21.90665337
6.51912788
3.47070312
1.23242188
12.24722518
6.95386303
5.63094304
22.64042814
1.09725039
7.10257093
1.82443040
22.57640000
4.90905419
5.84936835
11.16316711
31.03383393
10.99129211
3.59012910
26.35013824
16.82920961
2.08041777
3.80746117
1.57487311
21.18229001
13.00960328
2.95788730
8.50781250
1.00931793
0.21748871
1.03515625
7.70779865
8.30583752
13.90970856
14.76920407
4.64900820
9.84899933
10.66715204
9.28251440
3.45402039
3.19331505
0.57617561
9.99475067
6.68225067
17.01550200
0.11242832
16.12796778
15.90136968
2.40714539
6.97176086
0.03868622
10.45902372
8.19636837
4.56799534
5.81143728
6.97853192
1.39941406
2.42109888
13.49605441
7.38594699
3.48872894
7.17341977
11.64057071
4.60397827
18.05890847
1.80518450
0.26168003
11.32120789
0.06824737
4.16316711
2.05289672
4.63313719
5.85392398
9.70825133
6.27221742
2.07271332
4.35591644
1.04610137
7.27571033
2.09867963
4.18680630
8.56709995
4.33695465
2.41300476
2.63618739
12.59232823
4.34810394
3.57767731
6.90180865
5.72953900
2.06237700
3.65441988
0.39379883
7.70312500
7.94754101
1.80831837
8.43408203
13.90970856
1.10074828
2.76786347
1.41271942
9.05993683
4.47912567
0.65466340
10.86718750
10.60256823
11.25086103
0.03727203
16.60575348
15.38480497
15.10506289
1.61311890
5.85546875
3.17370512
2.82869570
1.68464899
5.97994237
7.29406583
3.27701906
7.49532136
2.71439606
3.45421709
3.66191267
3.34134918
3.06009918
3.07706726
4.12219083
1.56486148
1.38814301
17.76127106
2.20018285
0.50196559
3.13521332
4.05078125
1.45019531
1.86795874
3.06128989
7.13863253
1.57076019
0.26912383
2.36507203
2.70552582
8.91662567
3.41327400
3.55697030
0.78316254
8.55979389
1.26788341
12.63211983
4.66028922
7.04447418
6.81532838
15.04987589
2.02043661
6.78470856
3.81835938
6.83593750
12.05175532
1.26216894
6.63671875
6.08251953
2.68164062
6.14964761
1.86268118
7.64107269
8.19877106
1.55700715
1.81738281
1.52070950
8.87089206
7.68479929
4.79815384
6.52457890
2.76216644
6.51005097
3.03951019
5.99218750
5.89062500
4.54162567
7.96365803
2.45715924
19.02298981
2.91451019
5.76953125
14.83389822
11.99510971
1.55087488
2.63867188
13.28120941
0.79068408
7.44002881
9.25781250
2.02734375
12.58352028
0.42692078
1.91922443
4.81368572
7.51127106
5.73046875
1.48461852
2.73270722
1.70206726
4.31250000
11.81595856
2.08085051
0.20621828
10.90970856
3.38716644
3.00874723
7.42354278
2.59310062
6.12109375
7.78994792
2.40145833
4.74955231
18.90384918
8.74564606
0.05558289
8.15018396
1.31315436
14.02343750
0.04401642
2.28125000
13.83850067
1.36983184
4.04109431
10.56344459
8.66959430
12.17630763
1.03414533
10.73823693
5.28174202
4.59765625
1.22753906
-0.00262695
9.20658356
4.20922540
4.65453790
4.10453900
4.87532469
1.54158632
7.53861481
1.02486176
4.35183290
10.65451351
5.12121675
10.10681183
11.73002106
10.35567044
0.74341007
4.31640625
11.69058954
1.84383366
2.73789622
2.84423704
15.12506871
2.83298093
32.03906250
10.99731383
2.76094636
8.32963043
10.35937500
7.50044769
13.66214872
5.75537234
7.00357658
14.11307956
21.25169040
11.82735261
10.49852394
11.29131094
12.53307514
13.08679853
8.73872894
18.87994903
5.76677637
20.02201573
5.97253325
4.01106937
6.91361481
13.05843078
5.83142121
3.58699524
8.01428192
4.34208222
6.13508284
9.05950487
12.20355225
16.76953125
3.69335938
5.11968994
0.63529449
9.34810394
0.94877106
4.52030364
0.73405031
0.46415191
0.07753510
7.08939606
10.71093750
1.16646332
6.29085266
3.85793828
2.32655086
8.67968750
4.77797319
5.61265181
1.64257812
0.00962830
1.20507812
8.11283356
3.86702017
1.97884530
7.23661347
3.65775543
1.78906250
1.32857269
5.75000000
12.69877106
3.01757812
5.94576019
8.49381638
3.84015250
0.21116459
5.53080231
4.56294769
1.64949524
7.56807403
2.00704011
14.84720856
4.50365526
6.75582003
6.79716533
2.57812500
4.85424805
0.92888717
4.45536347
0.45605469
6.67232269
0.15226227
1.50630707
11.00097656
7.95898438
17.24306295
14.30535682
7.43204898
0.11193848
12.17968750
4.78515625
9.32828236
21.16195201
4.33203125
12.25345856
0.76505430
25.99963472
2.49910461
3.90173371
8.53458555
15.82250665
1.83451573
5.57800200
17.48966430
5.53829011
2.87117741
12.20479278
0.94995179
4.52779144
7.87500000
14.12744141
6.10156250
13.05912262
19.33833832
2.59525543
5.04296875
3.39693207
4.62064606
1.48925781
4.18172020
0.58203125
0.14208984
3.71679688
3.27494293
1.71422499
41.35319592
6.44132757
0.20019531
3.61869293
1.53710938
3.01159575
1.01228945
0.49873809
0.13875367
5.14062500
5.65625000
2.67036957
3.07181793
4.19185394
1.74718584
3.25692209
0.13570285
24.14724700
7.18629762
2.70454552
3.68363807
4.35982269
6.33247894
8.62500000
10.47777261
7.02568594
16.12845856
11.18827239
4.47233156
5.40580231
2.71183289
0.29028320
3.30716949
9.60066711
14.38102172
6.01338653
7.06127992
0.12675019
19.19779449
3.60430990
3.48260416
6.29418883
5.53470856
2.25377826
5.85474069
6.11621343
22.79320978
0.86206366
2.21256613
15.05396941
1.75195811
3.36673981
2.26483236
1.43422373
16.43594588
11.75944592
13.89432956
1.40563996
7.59285461
3.48339595
0.33585882
7.55317709
0.89701823
4.21573416
3.63733377
9.77498227
9.86128878
12.15782913
3.27275376
2.81986481
1.22823028
8.97489472
0.94234223
5.99027372
0.74121218
0.68062348
6.83780696
6.10136081
8.49397828
16.12154144
0.27539062
1.26420074
10.40625000
3.36177582
3.79882812
5.59842864
1.75366273
9.18916778
3.92216035
5.34399103
11.30505651
11.02868683
2.11914062
0.34322113
0.42162837
5.58451573
2.69140625
11.58011747
10.68160128
1.28462738
16.59434259
25.39975620
2.65051363
15.28075798
8.58800865
14.37557413
4.23743018
14.38972961
14.49295989
8.71875000
13.45798830
4.76012966
10.32234929
7.58630153
10.22078679
3.81835938
12.39696144
15.86951462
6.59981604
4.14306516
0.53068179
2.98160766
4.96964539
1.81144226
0.60746246
14.31160461
1.94034851
2.86909630
3.07080452
0.96781402
6.79805076
4.45833499
5.87882757
17.58365844
7.00134308
5.61763519
1.87402344
7.42240387
1.47558594
8.40177305
1.30765902
6.62711547
3.26818817
15.17020722
22.71422374
8.88512966
34.46509973
13.02115470
7.39050729
10.30684356
2.54899047
11.97965578
17.59299788
9.55723084
8.36861207
8.03613032
4.78373448
7.55081561
9.79248670
8.18058289
2.10201019
8.11193817
0.23889191
1.31998376
10.54122229
1.09179688
12.36621094
2.41161922
6.65604831
8.68225067
6.77197141
4.37166445
10.08791139
5.57660462
2.52105163
9.75781250
1.39542664
6.99865692
17.58939606
8.83109154
1.41972268
1.09142350
7.74573470
0.77543121
2.83963459
1.88985760
13.84029144
0.16064453
0.30350614
1.86910128
3.16406250
5.63484244
2.50797983
0.37377930
1.63235297
1.06230828
12.50142426
4.94921875
6.07811503
8.48483266
3.32767731
3.27193207
2.22265625
7.58292602
6.32466644
1.48184899
4.17147163
4.12801086
0.29044493
11.37768617
5.06518617
2.15820312
7.31937279
3.71444038
7.24597075
9.23449800
4.95446808
10.37398161
8.52445589
0.67822266
6.37801086
5.11710384
13.49511968
3.35042110
4.32145390
4.36258256
2.68775099
2.67232269
3.86017676
7.81666223
5.51472961
12.40575798
11.44759530
2.56355774
15.23990470
6.37284768
1.52298981
18.80589761
6.63416555
17.74991384
4.89347850
3.04470413
10.69274933
6.76704926
7.34720856
4.63146942
14.23428635
7.46627548
2.93404144
1.96777344
5.46875000
5.57586659
1.62335216
4.48392731
21.33593750
1.52050781
12.08158356
0.18827332
3.97269559
12.37589539
5.95715425
15.31583181
2.32963541
6.99955231
9.47542110
6.16288176
9.94274933
10.64819149
7.30680795
4.67578125
0.08094788
13.62642177
6.10705784
26.55411680
15.04418883
9.45031925
3.73318481
4.21350067
4.57120789
12.93080896
17.83065381
5.71945367
0.02305084
10.90425629
2.35961914
2.53381317
8.08939606
2.90022828
2.77624169
2.66862311
4.76127106
1.04500305
8.29431183
3.25781250
17.16804992
9.69571587
5.63721077
5.16060394
8.39062500
6.65396720
7.86649380
6.76335217
2.01066101
11.99039672
1.29484070
3.28845246
6.68314606
17.03816711
24.14045227
8.48562944
1.16911513
2.09586760
4.31774933
7.51696808
2.50301086
6.77209442
3.78633699
2.82494930
7.97831394
1.88769531
5.13281250
5.04341644
11.75821587
26.72241149
17.04606327
6.95817265
14.58210993
0.67293523
12.99206450
1.59912234
0.89302582
28.79252106
2.62500000
11.78755209
3.19051584
11.23437500
10.83593750
13.13899158
1.17538037
1.17578125
1.04785156
4.31325743
1.27088929
4.38460328
12.38867188
3.54268340
2.17171265
13.22912567
0.67565949
2.70552582
4.42521055
21.32201463
8.86950964
3.63867686
15.93737700
3.70475343
3.82976983
6.91666999
13.44877106
2.93990082
10.70442376
3.63541999
0.89697266
10.36975067
17.14762359
27.26090204
22.64127936
6.23392731
3.84375000
5.21594083
11.05704898
42.47310394
0.17256684
4.46329462
9.51253546
1.62064606
9.68484819
29.58674673
6.76418995
7.11649380
6.88118905
8.29162567
1.04919465
7.96875000
27.54988586
2.24894226
6.92687833
12.27493639
3.26013962
3.48327294
3.99267952
14.31506317
1.44860871
6.60546875
16.84020280
0.88635970
0.17061340
5.87194357
2.32137522
6.72355164
7.53035461
4.57466644
5.77209442
10.27087433
2.79076962
0.87471714
4.15445922
2.56233765
2.05012938
6.79219636
5.38716644
3.70898438
1.21484375
8.26550200
16.06294396
4.56567819
9.56685394
7.06026153
1.12975607
10.04057291
4.66149933
4.34676086
4.37589539
0.19866850
21.71695922
3.61478668
1.00484347
4.54386414
16.19877106
2.86254821
12.86161347
18.31743659
6.49585771
2.67293274
8.45747894
1.51472961
10.25756649
8.99332890
5.32377106
15.35651652
10.91171099
19.99804812
6.64286347
9.25000000
17.46260528
5.06802970
5.34391733
18.88659393
1.05354859
13.79845413
0.96521775
5.25183012
14.91131487
10.57403700
8.40535461
3.98405031
9.62642177
4.03328679
3.23437500
14.78339671
6.87110372
2.03666168
1.46166805
0.13619175
0.57035309
4.39432770
19.84069482
11.67582557
8.99039672
5.81867908
2.47172650
17.05834774
6.41776706
10.49564606
34.41128509
17.11348294
5.70621018
7.23214649
32.91939301
19.89542166
1.09196420
2.33051796
1.38171792
20.40030696
7.09623448
3.82421875
1.54101562
13.05020557
10.53107800
13.79553192
16.25435394
4.05948914
10.76127106
9.60733821
0.31543218
8.67879211
9.98144469
18.51354887
0.17834628
14.24246537
15.90800642
2.06384308
8.34631317
0.04142273
10.73848294
7.38188628
16.67602726
9.07576539
6.27343750
7.65734708
11.83807736
5.21115912
22.04292193
1.77962406
0.58659186
10.62601839
0.07232666
5.80981383
2.25512633
4.87801086
5.32959109
5.28169769
0.86767578
2.42561890
5.28515625
0.79463653
4.91650266
3.49890292
4.10713653
9.94083555
6.84326296
1.91141816
3.24312223
5.35982269
3.91853945
6.39619903
4.92411347
3.96830231
3.13105608
5.21660017
2.26338653
4.01395722
0.63529449
8.35937500
5.53706007
2.02242907
9.51855469
1.36555907
2.50118074
8.15970856
5.71464440
23.13077571
7.30017619
11.82035309
14.44014496
1.65795961
6.40625000
4.19583888
3.31392675
1.88235982
5.40865580
6.53234708
3.58443207
7.47111148
2.39408356
3.01687944
4.06214095
2.35351562
0.42435699
4.27779144
4.32832669
1.98567874
1.66646332
17.49564606
1.93203527
0.52450770
3.26802582
4.06986481
1.59029144
1.99183415
2.45114250
7.07133089
1.74165863
0.28999785
2.52958222
2.08593750
9.88537567
2.90726323
5.87964428
0.77978516
8.20619460
1.22349290
11.28128186
8.70512743
8.31339539
6.68359375
5.07108489
8.68672761
0.91804992
9.70825133
2.82690492
1.69816101
3.42092183
5.28831711
7.02677305
2.64087101
6.34688386
3.48286957
4.96875000
5.60892731
4.83459442
7.91108600
2.37346021
19.66316711
2.45987976
5.76953125
13.70360954
12.00732546
0.72265874
2.81490082
13.67553711
0.93301651
8.56783798
10.59720856
1.83540863
13.45030568
0.51204469
1.59313684
4.97302526
6.98392731
4.58203125
1.54553192
2.52433289
1.63273133
4.48437500
11.48783356
2.15612700
0.19661562
11.10502106
3.33833832
2.94685727
1.15523410
9.53560394
17.98693817
9.44095856
0.07466676
6.28812279
1.76070534
13.37064606
0.02321381
2.46634918
13.33504211
1.12711547
3.31937279
11.68113657
6.85894829
11.25492464
1.45495761
9.74336326
5.26099069
4.42578125
0.84232574
-0.00374084
9.10502106
4.17032525
4.61979499
4.76338653
1.72871980
7.38281250
0.83882660
4.52301419
10.69471741
6.35168550
9.70597351
11.35847961
10.26973294
0.75069370
4.36328125
12.30598626
2.12056737
2.14280736
7.73624446
60.65575050
4.78431515
13.57690430
4.10591644
4.14453125
6.01774047
0.74886109
5.39453125
12.05099175
1.82446476
4.85546875
8.22041778
4.91352117
2.40272273
5.51953125
9.00345856
1.24405945
11.31188498
7.23131982
1.53642564
4.75435394
18.57889739
1.82983212
10.60884862
4.68750000
11.40625000
16.97274286
6.17017287
0.60599762
7.47220856
1.08072626
0.46264960
1.96426557
2.31600786
5.98046875
0.99271637
2.99023438
3.42142731
14.15791778
3.11108212
7.90918218
1.52583832
0.09375000
10.79597961
4.54869017
1.70130983
8.20402039
1.56693512
12.15189606
0.00910462
8.82979278
3.19164229
7.89262743
1.54545074
4.20495014
1.77591949
42.34359264
5.64226350
5.59541778
1.21858765
1.88814301
1.84525543
26.85078856
4.80045656
3.15076472
16.63094304
0.92574066
1.48632812
3.84285461
3.79206339
0.89979055
2.54553192
2.34554078
6.20312500
0.01657730
9.21093750
2.96341700
6.41398382
5.21093750
0.82718902
0.92281098
9.59106383
8.23270722
0.81294769
1.80175781
7.92959885
5.90143948
7.84396165
5.90022828
5.00000000
8.98872894
2.89591368
4.57824800
1.40279144
9.99385528
1.21381338
0.05782074
1.41947418
13.87272032
6.88646776
1.43246232
9.13281250
2.56490082
2.09749141
2.89176640
2.65234375
7.58984375
0.00255775
9.17299574
6.61438829
3.69921875
5.47204372
15.83707890
11.84375000
2.12740082
9.55468750
0.39868164
2.58158356
6.55379211
6.77868683
7.23046875
19.19809995
0.09002657
8.13716644
1.42382812
9.15767177
13.57234929
1.95161957
7.46577350
11.00932291
10.55224734
6.35546875
4.00781250
6.85188719
0.29020265
9.60323028
13.34390736
14.32682624
5.03853612
0.83251953
9.70658356
1.31237076
13.74919326
4.68448914
1.46777344
8.16019684
8.78099901
5.53288342
1.90637300
2.81534851
10.41406250
6.21666889
3.73210217
3.86677977
9.10860261
1.13273133
2.10933068
13.35461768
1.09615082
2.76216644
1.28515625
0.34476715
5.26562500
0.15515137
17.22447453
5.95696254
6.17533356
3.12556572
2.64681405
8.46019947
11.56234264
11.50898826
0.34098764
5.82287567
1.16556793
7.97745789
0.80216492
4.31258117
7.03169769
0.01873779
3.82466644
5.42219969
1.16373781
0.84720856
8.75000000
2.17578125
0.01404328
1.79540019
2.48003102
8.57198028
5.91239472
9.64294216
8.19555851
15.90204980
3.52734375
5.26082336
0.64107145
2.32417941
8.50691711
0.44235894
1.91657511
6.15329343
7.01216644
3.14562334
0.53308760
2.31054688
2.60608154
3.72460938
6.37890625
18.14575133
2.15893617
3.53621399
15.60245789
5.40234375
11.23425200
3.80481050
1.85591644
8.94698028
0.07462617
18.57706228
14.17594858
2.16707336
2.58593750
3.68298371
0.94966644
8.27494293
11.71093750
11.89000267
0.17236328
4.91015625
14.93802638
3.35030308
0.75854554
14.13191711
8.87984223
15.39664672
3.16194703
11.59541778
1.85131898
4.29272336
10.19185394
10.38293550
1.46826047
3.59025210
0.81933594
5.82820368
1.14445257
15.00166778
0.80009004
2.24983267
2.29118295
12.77322585
3.78268173
2.98421265
4.00992797
1.79760804
4.78080231
0.00880951
0.81739672
5.32853834
9.26908356
4.15279144
9.54687500
5.00862173
17.14818490
22.56258313
5.84110371
4.40234375
3.43481383
2.39917054
2.12500000
10.45914672
1.19148742
0.64819398
1.75390625
4.18603391
11.65445922
1.75813968
2.74609375
7.91361481
0.04445404
2.23242188
0.63818048
0.55302222
1.16548676
3.72326629
4.56107450
47.69429411
2.80896276
5.88236481
2.27193207
12.48242188
2.47460938
0.87565063
3.35876496
8.23002106
2.40909851
0.86580383
0.04642762
3.60937500
5.50602172
1.89192625
3.95008922
2.37319480
3.46919769
2.39994293
2.78515625
4.77779144
4.94384641
0.45410281
9.76562500
16.82377106
9.68960550
2.61162344
0.72363281
23.48620512
1.00118074
2.16951352
9.64192874
5.55468750
2.11132812
1.31542969
1.57132965
5.25826019
1.01660156
7.39546598
6.84867464
4.08760528
3.49084442
9.41766845
1.09777925
17.84375000
13.63236481
5.49654144
-0.00142151
2.07226562
6.71695922
0.01955201
6.21093750
0.98484283
5.23828125
4.16406250
8.17187500
5.89359154
0.95353585
1.45117188
6.56294520
6.25984929
7.43212766
1.23726535
5.93359375
0.02119446
5.75602172
0.78548219
4.10563110
4.16540558
2.22778258
19.20133422
2.55375277
5.66363494
1.10050476
6.83203125
0.29073090
1.53613281
12.27343750
5.33203125
1.06640625
12.90909353
7.13029366
2.41373781
1.63671875
2.59179688
2.00736107
12.29647163
0.96285004
4.27823914
0.33666992
5.39798981
4.39876219
0.81661043
9.19970703
2.91886414
0.00580978
6.61718750
10.03458555
3.94021056
5.34071475
12.78393833
4.65269181
10.19685727
1.91251773
6.93615692
0.76310242
1.06632009
2.88778147
4.28169769
6.04687500
13.99039672
9.36116578
0.25463867
5.67187500
1.54075809
4.55892841
7.49101174
5.29320479
5.78133865
0.98502687
3.75000000
0.63037109
3.80614362
4.61918993
13.20658356
0.61173523
0.00376701
18.52075133
0.62874390
4.89640320
5.05078125
6.31640625
3.96671321
4.10359929
1.33886719
1.24816895
6.46484375
3.82617188
1.67187500
6.27819482
5.01432624
26.22538122
10.84993460
15.28647940
2.83461435
4.97591312
7.33593750
10.98425200
2.46061281
7.87154144
0.65771484
4.11562030
2.25795544
4.94185394
1.73828125
2.51367188
1.43029754
1.92028840
6.93314606
3.09195922
12.59208222
0.32714844
13.24055657
45.88574468
1.75118074
3.57076019
0.33837891
0.02116394
8.77115470
6.08040780
1.44726562
3.25259752
4.52865248
7.96170989
3.56954011
2.78906250
7.21862700
5.23806461
0.54916777
8.53125000
2.01757812
0.37650543
30.50334380
0.83134004
1.16727193
12.10742686
5.20312500
3.40865082
5.39062500
0.02113342
8.54088593
10.69877106
3.71875000
0.59375000
3.88537567
0.79817750
0.47680664
3.80716202
2.39986923
9.08158356
3.28861481
9.69913384
2.81449745
8.36718750
4.16316711
0.38464387
0.59037262
0.83101286
5.89990359
1.79882812
2.11039090
1.17378878
9.05468750
11.66752106
0.15767426
10.30814606
0.79829926
0.00480270
5.80078125
0.18831359
12.02092476
12.89938469
2.71875498
10.12267911
12.16141069
3.35735041
10.55749667
6.98828125
0.00569534
3.16210938
2.85937500
2.14798981
14.42968750
1.06099457
1.17538156
3.49488364
2.27343750
0.02511841
3.70161957
6.00781250
6.25000000
2.30423981
1.38326019
0.96952114
21.33182956
23.26488572
3.04704482
11.80468750
12.51127106
9.17187500
8.76216644
12.78486592
6.06490580
6.48571808
3.19726562
1.54829926
2.85351562
1.33894836
0.82218445
6.38605940
2.66276872
7.53470856
0.49361176
0.15209961
3.41088244
19.67831006
5.23527039
2.47851562
6.98681641
1.68972259
5.18487268
3.94612921
0.79296875
10.11283356
1.96431488
2.99885860
1.29508671
0.15677887
7.37939079
8.53955452
4.90669769
1.72574828
3.83776762
0.87512300
4.25960328
4.29296875
5.05423981
2.34045379
2.29085328
1.22904449
1.18794769
1.79907164
1.84305879
15.59029144
4.45312500
11.33158356
7.04553192
4.56205231
4.24307791
2.50435893
10.30558289
6.41292110
6.36442265
4.23828125
0.10296631
0.09545898
5.23046875
0.00682449
6.01976729
1.69954842
2.98877327
18.28344727
7.21439606
0.16699250
3.91921997
5.93359375
6.94921875
3.00244141
0.58105469
0.06710815
2.81852172
5.11897828
0.47802734
6.99218750
1.25292969
2.40559190
1.13741744
11.75781250
7.86600178
1.58561779
0.70654297
0.38964844
2.75122929
10.34375000
10.40189606
0.10689301
0.16516113
4.63634974
12.19568151
2.62304688
13.98950133
13.36694149
6.73286459
44.21538009
2.54838043
0.58199066
3.69288551
9.21095744
8.03121564
0.59936523
0.65673828
7.67427084
2.10697916
4.95658356
7.13281250
24.70320617
2.66492156
2.98538716
6.86882092
8.53125000
4.28560394
0.00681686
7.04252106
4.34106383
0.03847322
0.24991852
6.31697446
17.54577792
5.73347961
5.96138519
7.06294769
16.21244293
0.04720062
3.81416715
1.28910433
0.36067563
7.54488253
7.41796875
3.26838487
14.16760970
2.43554688
1.53808594
2.22895086
0.88530695
0.22668457
7.08764337
10.17916112
1.49930879
0.67695701
5.71366799
3.97656250
6.32812500
2.76902771
0.31933594
0.14597201
3.32572418
6.40388852
2.71179355
0.16259766
6.07377106
4.10156250
4.26684508
9.52266511
0.87402344
0.74666320
2.73722351
2.05078125
4.31640625
0.01387787
0.66943359
10.80468750
0.04733658
2.07549862
15.28690769
10.89229278
0.87333222
8.89497894
0.93066406
4.22611481
19.20312500
8.27416556
4.04179299
3.64542664
3.39062500
10.07310324
4.15933090
2.14736606
2.81300199
5.59765625
6.89062500
0.81676779
0.54163065
9.16296293
7.73624446
60.65575050
4.78431515
13.57690430
4.10591644
4.14453125
6.01774047
0.74886109
5.39453125
12.05099175
1.82446476
1.75585938
8.13627106
8.45133422
6.38430298
2.94170655
7.87935394
1.51464844
10.71825798
5.57775599
1.65471021
10.63716644
13.25321255
12.02803745
5.71484375
14.70974472
6.77531693
0.49072266
7.69877106
0.80606868
0.44926183
2.86441268
1.46521775
5.93794769
1.19238281
2.76367188
3.16707336
14.50858489
3.46325466
3.92704565
0.28755707
8.72643950
2.88585024
1.59527038
8.20747894
11.50166778
2.57189661
7.74088874
1.61425781
4.66860816
2.27112284
42.38623670
5.65283784
5.72477172
1.36853058
1.95845551
1.75931793
29.30765684
4.43025820
3.08593704
16.91801307
0.98775238
1.39941406
3.16467254
3.76122175
0.99650958
2.86779754
9.37679078
0.06463623
8.93750000
3.65531029
9.23486702
6.59810394
0.92976867
0.59224457
9.33569149
7.60783023
0.68001344
1.53560394
7.83759531
6.68650579
6.40812943
5.10795074
2.63085938
0.32474762
1.23474152
16.44059079
5.58666431
1.02112533
2.82137024
3.13024933
2.36173150
3.18123725
21.82377106
0.04192108
2.69750665
10.64188940
12.13627106
1.94299285
2.28304078
18.64806849
10.39445257
0.64542664
7.77241911
0.72827211
0.72342988
4.85156250
0.15140777
4.27358489
8.71021941
6.22322695
0.54048676
0.18990051
1.03019226
5.51643174
4.76481826
4.60156250
3.73949884
4.50036901
0.85392273
4.07076019
6.11006372
3.83675421
4.36450133
8.26049867
0.90523285
2.47395501
2.40104499
2.04492188
2.64257812
0.12925201
6.04732269
0.07739258
9.72188262
1.94860871
0.34879578
2.05097862
0.80474678
3.89107269
2.41451019
2.77733378
8.70704122
8.26130541
0.33146803
5.85412567
0.24438477
1.07519531
0.55944855
2.11787560
2.59184120
8.87756317
5.77087433
7.47684287
8.42761635
11.65902807
2.73046875
5.65926086
0.85717462
1.98307624
8.57377106
0.36658441
2.73545338
6.37372118
8.35156250
3.42235705
0.16553357
2.83984375
2.35772186
3.62332475
17.19617353
2.44470246
3.11869293
11.81339539
7.02343750
10.74975399
4.66475620
2.67382812
7.46305297
2.53499390
0.02224731
12.11396997
5.11019171
7.53470856
11.46529144
3.44576019
8.01192044
1.79667331
5.99426051
11.06262300
11.14510195
1.07206145
3.85754488
0.90527344
6.58857935
0.66972144
16.08504211
0.47208680
1.11486474
6.54166999
6.20312500
3.50781250
1.73286957
10.71634420
1.13558233
8.22424534
4.71830231
0.02086395
3.55303955
6.30078125
4.94531250
15.19531250
7.02310845
18.00624125
22.68961992
5.19421098
4.81640625
4.43603391
2.09716921
1.65384918
9.85847961
1.59867215
0.97493656
2.34765625
4.22948970
10.78291778
2.06181128
2.51757812
6.38627106
0.03457642
2.79927582
0.98302631
0.47376080
1.19726562
3.21927887
2.97993864
49.55623227
2.30656194
6.34720856
2.29341644
11.56835938
2.34330231
0.82189910
3.24353058
8.30814606
2.48331726
0.87894684
0.05379242
3.93359375
5.75602172
2.23754821
3.80535379
2.25043328
3.41841644
2.49609375
2.88431793
7.00963764
3.84237256
0.97558594
23.58040282
0.79760804
2.01159512
9.32356937
6.20312500
1.79341644
1.31054688
1.57238770
2.08789062
8.87463099
7.63891788
7.05090425
4.35355497
3.87650543
10.42411161
2.02921819
7.41845579
3.43282136
4.57722961
0.76578859
7.39754211
0.58390320
6.69006317
3.60982269
16.94486231
10.24076573
8.81416778
1.54113863
3.23718106
9.08003878
4.25077239
0.56408785
9.32954677
6.10530142
3.91280806
4.96093750
3.70548399
3.69978945
11.41752106
7.60713653
3.51607269
2.49698914
2.26110871
9.88972961
3.78755707
6.07421875
0.38008637
5.10892731
4.63627106
3.18599457
18.10477505
6.96553745
9.11938996
11.74373227
11.52189273
14.14664672
4.18013519
11.80305408
3.98344525
6.03080231
1.40234375
6.23258422
1.58479859
5.17533356
4.13787706
7.21909463
9.21130651
4.99629544
5.69844636
1.74719332
13.17386747
6.16418550
6.87320922
7.15592531
7.85546875
7.40929522
5.13021498
2.75736481
1.43827301
11.78112700
6.67289339
0.85257965
8.85346632
7.20948138
27.23170325
11.93650902
3.91902649
3.21976341
9.40674202
2.20129488
2.62064606
7.35489805
6.90726839
6.62109375
3.47220856
4.53157469
5.34720856
1.31697695
2.03906250
2.62173815
5.14148603
1.03816711
1.57413758
4.84085841
30.15214206
1.25366273
4.04040558
0.27595977
0.04404756
8.05907580
5.06983045
1.33984375
3.33348737
4.27588763
31.51566434
1.27551363
0.82340235
9.48641179
0.81075105
6.75750732
9.16406250
1.52315215
0.62675019
7.23124114
1.56075105
2.67553026
2.55058455
9.04614258
4.00345856
2.11568207
13.05879544
2.87329288
9.52343750
4.51729278
0.63065644
0.51757812
1.27437223
5.14164339
1.60058594
2.15913786
1.87850039
9.04687500
2.55664062
0.01672882
5.86283356
0.87268035
7.59051478
10.85597074
1.36759461
2.42261303
11.37483641
8.23014406
7.47265625
2.51322418
1.72753906
13.49218750
0.83256012
1.43217060
5.30116023
6.66209442
13.12094636
7.21511415
10.04660460
19.95405973
5.70397856
6.74064273
6.88505097
2.83398438
1.93013519
9.23002106
1.44193512
2.40128601
1.45800781
13.44592005
5.75382757
2.17036957
9.07031250
0.02898651
5.78792110
4.34924534
0.96923828
7.79252106
1.72408051
2.62226701
2.40320478
0.16337098
5.57755430
8.99576906
4.70011414
4.03035461
5.87141844
1.03491273
4.30647828
3.55859375
4.31986481
2.49324524
3.15954621
1.07031250
1.21093750
8.10937500
2.84676086
8.90714539
11.01562500
0.83984375
3.26509426
3.10481937
15.84700500
4.94372341
1.45801030
3.78735352
6.21004211
6.00870789
2.23339844
0.60986328
0.22592115
2.55338376
3.85827792
0.66308594
5.69140625
1.00630707
3.47529903
2.77217808
1.95951075
1.52628851
0.57279449
0.97656250
11.64664672
1.45144788
1.73365192
0.47241211
0.85888672
1.12390566
5.94478612
3.04597961
4.78259308
9.15625000
7.95613586
0.27042664
6.75659024
7.82312167
6.31115692
5.20253935
10.66013186
2.57617188
0.60351562
0.73783044
0.86348792
0.21435547
6.39428275
10.40161569
1.02246094
0.23466030
6.11006870
3.25240082
6.63281250
2.76239014
0.19494629
0.11327726
3.93705231
10.88537567
3.49593140
0.13476562
5.80859375
2.80033356
3.70869903
10.32645722
0.52388519
1.97265625
1.06933594
0.01268768
1.04785156
8.52343750
0.11105347
1.94986346
8.54684064
0.04357910
4.25390625
0.10603239
1.87231383
1.47945285
4.02343750
10.82902039
7.69441711
0.60103363
2.41060394
6.70703125
5.10367797
0.79378297
8.81908744
0.02254211
11.34619016
8.56339539
3.21826296
6.91361481
1.39062500
2.40865082
4.57377106
0.44844574
0.59912109
10.35192653
8.43518284
11.65333983
3.79927582
2.57198028
3.86385195
10.21439606
2.61462433
14.54943817
9.66421986
8.26200908
16.69954344
10.58121454
4.47013741
1.81933594
0.95470599
11.12317486
5.01562500
10.80265071
0.69197820
13.91930685
10.44202127
3.91947418
12.07287567
6.64363586
0.43481508
10.74161618
9.88216312
3.62455231
16.43290005
3.00309452
1.58203125
2.61982935
4.36019171
13.24218750
5.38326019
1.90482574
9.22298094
0.27624605
2.75000000
3.90254045
1.29277205
8.11182616
0.60628297
4.93447917
8.34241688
3.50618407
5.61116578
0.36991426
8.85587212
2.87219581
11.25064938
5.85481937
9.61718750
4.32466644
1.87500000
31.42392193
2.34324909
2.17671598
1.77978640
4.10982269
5.69095856
3.37683105
8.41418177
2.35058843
2.62243683
12.27254211
13.79341644
1.15669769
1.56490082
5.07144393
17.16841894
6.38566600
12.62296321
1.46244542
37.80468750
2.79296875
10.03381317
6.65385468
1.05048842
4.41541009
7.71875000
0.46289062
1.26074219
8.69877106
1.41096424
2.01965924
3.66897219
1.51808011
16.51383422
0.70267793
2.14648438
3.32421875
2.55289672
3.44274933
12.94856688
2.17472351
1.74239168
5.71295861
7.19702460
5.71529144
10.52945922
2.09029144
5.34899933
4.66909644
3.90068594
10.34041445
0.26680512
4.32633422
3.79085328
0.71240234
6.97778258
3.04801142
4.39412788
3.17578125
10.86181516
3.68896609
4.21516844
1.68815187
4.28515625
12.75942931
2.80135693
12.06148161
1.33597933
5.54809508
0.24975648
11.75256317
14.48437500
10.00089539
2.73453735
3.36942597
2.22268116
1.42765320
2.05574524
0.04907958
2.20926972
1.10058594
12.36339678
2.65125166
4.74072141
11.02099734
1.14709442
0.96179230
7.28157469
1.48921100
4.23312056
6.23681516
3.36429964
7.15279144
0.34277344
7.74955231
0.10430846
0.83174715
2.05468750
3.99242603
7.11011303
0.95800657
1.54691683
1.54260223
3.86824524
0.20996156
2.59960938
1.70426391
4.32991578
8.34720856
7.95686392
5.10999002
2.70312500
7.92578125
5.73828125
5.24084442
0.12451203
2.79687500
7.91889476
28.39755208
15.12740082
4.02058899
6.61027039
0.02032471
0.55566406
0.87500000
0.91699219
4.63671875
0.96343994
6.92097961
3.15897551
0.13671968
0.79589844
1.83353543
3.56441378
2.98490138
2.78658300
1.58593750
7.48002106
7.14004433
2.15247672
1.53898133
0.13779662
2.61897828
9.80413818
4.50390625
0.72591063
4.60034242
3.27628601
6.20658356
8.10843529
3.09078346
7.49068207
4.36328125
1.72265625
3.11915878
0.92482712
9.85591644
0.00277138
12.93660461
1.81579060
6.12529033
6.88097740
22.95482713
6.21610815
1.83545545
4.05013187
0.04702759
14.82377106
2.49458832
3.28828015
6.49687610
1.39746094
5.09907552
39.78731604
5.54622562
21.01851286
1.03422152
1.73673274
29.85959110
9.99356049
4.51216644
13.40881317
0.93644226
5.80887412
2.25797983
10.86184952
5.64506759
10.93839539
3.30228668
2.50136436
1.09364693
9.40714539
9.42610594
1.12328541
0.86076490
15.82812500
6.97220856
0.96594020
20.67781804
10.15254544
3.83439273
2.65759308
8.69877106
0.97586880
0.93721714
6.52689606
6.11283356
10.95836533
1.20507812
7.25581169
7.31640625
1.87113434
9.12141844
18.83392147
11.46566046
11.76472961
3.26066101
2.01517731
3.93045989
12.92545656
4.89062500
11.83850067
6.61417664
6.96507979
2.36935228
9.05240221
10.36369459
3.48046875
3.79630430
8.66959345
0.72803108
9.36462433
6.97265625
2.08593750
1.00012176
0.08211305
6.00781250
8.02102173
7.61915558
14.50333555
1.35941683
4.28804099
5.87935394
0.56966561
4.59765625
2.72220856
4.53592864
0.95670656
7.71093750
2.79056793
4.84765625
0.83345551
1.12458417
9.51624002
4.16288674
9.52832031
0.15433746
0.79097504
2.34525543
8.95710993
5.97257757
6.58247894
5.27968280
17.95479382
28.31799036
15.16536126
21.65316046
3.96354499
6.45312500
4.16796875
3.59826629
3.87634308
1.25781250
0.17895508
1.13574219
2.25781250
11.17266180
20.44607047
11.69197695
0.18489625
21.41857879
3.97310394
13.32543883
6.35290558
7.47835328
15.63431295
11.86479166
6.25134308
5.55423981
8.43404144
0.10009766
6.76655475
2.42875775
7.19563719
0.65983156
1.97466278
4.08406555
1.08601867
4.94665558
5.89497894
0.21508789
4.61718750
7.55305408
3.98857158
2.23363728
4.87573803
4.17944149
8.83423038
12.99295989
1.55098543
4.77343750
5.13903591
6.20471409
7.41707336
3.63756982
5.67448249
3.01021332
1.58496094
7.84073914
10.05033356
3.90865082
3.29056793
2.44051086
0.05395539
2.50333555
0.15608828
1.80036635
5.80310837
8.12516297
35.40635307
9.69085549
20.44470215
1.04235746
2.83801363
10.66841644
15.98258422
2.92341977
1.59745456
29.67008422
10.05647828
0.94807860
5.87858156
7.80904144
4.23437500
5.66829344
0.43286195
9.11718750
6.84281029
3.08537178
3.01021332
3.96377729
9.85702349
11.62910794
5.13216312
0.93469207
3.02673371
8.98437500
1.98482269
6.93705231
3.31616024
2.64522495
7.03432832
3.46323027
10.51025266
2.75537234
2.49414062
2.64798981
16.55814606
2.13236481
3.00976562
1.90368683
7.09541778
1.11311890
2.32031250
3.65815880
1.50146858
10.95658356
2.91646332
0.95804092
22.21737701
12.86999223
11.38972961
6.12500000
1.74601258
14.94531250
12.16839651
4.30035349
2.17080605
2.95761192
10.68469083
9.62780917
0.90726715
4.51216644
4.53906250
0.89160156
0.00581741
0.12461334
0.54711509
2.26204842
4.20375195
1.99660571
7.55212433
4.45312500
1.60786957
1.72423662
2.64343916
10.63102172
5.77901153
3.60168550
2.97241024
11.86462433
15.48718417
1.24076324
1.01802582
1.71777344
0.01699829
0.00495911
1.50203430
0.16691101
1.02103668
19.66060394
2.82421875
0.00764847
1.69726562
5.24107547
3.17723904
2.07808441
4.74232536
15.85172485
0.06742402
0.29943817
5.72009308
11.92187500
0.05097930
1.26892121
8.59720856
0.69478363
4.80859375
3.00301086
1.28596299
4.83423537
17.04679383
0.02430237
15.50000000
6.18180297
0.55940797
1.69742797
4.64933289
1.78507508
1.75638824
9.98461104
0.02254211
11.34619016
8.35591644
7.89253878
1.39941406
1.08398438
10.17040891
3.42334109
12.14652372
2.35738253
0.08801270
0.80436032
9.72501773
14.59785794
3.63741245
3.52539062
0.93928704
7.51733710
6.74698914
11.02127771
1.12130042
17.40038813
10.09277593
4.39797984
2.39755208
8.08626219
0.25008242
10.12629876
11.75907690
5.02844083
1.03584995
4.50000000
9.21594083
11.11568145
3.47139683
22.48131982
3.54256538
1.60742188
2.97263880
3.32867131
8.68391844
2.89465425
4.61204622
0.72734984
4.10013575
6.20748144
3.97896332
9.25064938
6.60001773
9.67443817
4.64286347
2.89603668
22.11663317
14.20278394
1.07006524
1.86198249
9.66817044
1.90755374
2.68448914
12.57800200
14.44018617
1.03845246
1.96386719
4.68569925
17.09294326
6.97001440
10.99462766
1.85241855
40.56986481
3.36372894
9.68921905
1.15969983
5.11979541
2.56490082
6.54418883
3.28784242
11.62097012
2.91296542
7.23284082
5.97481604
8.55468750
10.18570922
1.95817016
0.73405031
6.48058428
4.13143506
14.17020722
5.96875000
0.09112549
2.58548981
2.65340149
1.87935394
6.22745789
8.27075133
3.52741994
3.25163342
10.45389739
1.09395418
7.03369016
0.57568484
10.93481383
12.16406250
3.50809785
3.12619316
1.66638215
1.73392731
0.15753049
1.02925753
12.64178186
2.47497839
9.01383422
7.50179078
1.66406250
1.77616301
6.52612367
1.82722961
8.86027039
3.81807403
2.97798427
6.64534796
1.48685699
2.35786957
3.31685394
2.32165527
3.22851562
1.15535461
4.29386414
7.43705231
3.36714318
4.24223182
1.06099457
3.86668551
6.14893949
2.89062500
13.00976313
27.68457280
11.13377660
0.12855219
0.17429627
7.87935394
0.02296448
1.10111481
0.87837738
1.91992188
9.78470856
1.36303711
1.53177887
5.28169769
3.24654144
0.06390381
6.27298981
0.04012055
0.77490234
2.95393797
3.81608156
4.17732602
2.55855441
5.28197806
1.52706338
5.03466797
4.55468750
1.23828125
3.21420474
0.63634030
5.03214539
4.56250000
1.17435699
0.93594931
4.89079233
7.67382314
14.42014296
6.18495677
3.44137189
5.32658023
0.02555847
13.65217642
3.70329233
3.55475621
6.76901484
1.44576019
4.10631982
40.75805851
6.28405917
17.87772551
0.99975648
1.57348446
11.35835363
4.97347296
2.95853668
10.82377106
0.56099457
6.91466756
1.72640514
12.13569039
7.81653922
10.55904144
4.38326019
2.79597836
13.32046488
6.55970079
1.01672706
3.91422485
5.06582558
2.14059563
11.40254544
2.38935561
0.76225759
1.60795074
0.16585297
2.53038460
2.02148438
9.21731949
7.94140625
2.14798981
9.29060727
17.74711028
6.27767093
2.46602449
3.59525543
7.03951019
2.71289062
2.67296584
10.08346298
3.50585938
7.49987700
2.52034048
0.69417858
8.22745789
5.96138519
1.40234375
0.97643950
0.08801363
6.66015625
3.61900017
6.81752326
15.22989805
1.04256289
3.62687735
5.58170656
0.70654671
4.57377106
1.79943817
2.19710328
4.83984375
4.43705231
1.45214844
5.37154144
1.60644531
1.42780496
9.56604720
12.51957557
0.05834961
7.21875000
1.31062805
5.15246338
9.34350399
6.97211492
18.11931761
27.79662899
15.01513298
23.10779089
3.91097296
6.32767731
4.07857269
1.47745291
5.40987588
5.32857269
3.59855164
2.51907359
12.62846852
3.20402039
0.50634766
6.34277344
0.99609375
12.15189606
3.85396332
6.03080231
13.00447197
9.16410682
1.65563996
12.49654144
0.23034668
3.33939606
11.98965880
4.87532469
3.86999667
3.45104887
7.00358156
3.87394226
0.12312836
2.08181897
4.65133532
4.25634641
9.11474734
4.96875000
1.17227525
10.56771498
1.83548981
6.23632812
3.53666168
1.37011719
4.97745789
4.05859375
3.81551086
0.08683289
2.46695922
0.16853883
2.23884042
6.35291555
9.18208832
41.43449359
11.92833997
23.48335785
1.30741052
2.19206061
9.85847961
11.57812500
7.27506095
1.24394143
11.94966644
31.12748199
8.18916778
1.28092282
7.00504765
8.26216644
0.90824371
6.74609375
12.46964539
5.44531250
4.05496787
1.10474069
0.65966797
2.45898438
0.05861420
1.49678631
10.36060505
12.00040337
4.90149268
0.80428039
3.55558289
10.00000000
3.57661957
3.96785461
3.45548150
2.60400764
9.94265570
3.73463098
15.13704344
6.37500000
4.11340425
7.36437833
11.59810394
7.85783023
0.34741211
7.78906250
3.22611481
9.44185394
0.01387024
4.62776485
-0.14979854
2.70478779
5.61869791
16.30925751
9.78881649
7.87597905
3.71093750
14.09130859
19.20483212
0.19799992
0.31022094
12.43147828
0.00572205
3.91031860
2.47595246
10.99722518
2.40031693
20.88793883
0.10551027
0.65441863
9.80212433
6.12141844
0.73840425
2.72432403
4.90413453
14.44877106
1.52591700
4.32083888
16.06757702
11.20728723
6.31595856
2.19380707
9.26912290
2.88187777
1.47062195
1.71919769
8.18066406
10.30814606
1.33833832
17.51973294
3.53991855
0.39689148
0.90156856
9.40348515
6.78515625
10.07819371
13.63359735
5.54797457
6.40942383
0.81453430
12.07198028
2.32299867
10.83850067
6.32242797
1.58182707
1.52588015
7.57511414
2.19966644
5.01460661
5.18851839
3.03710938
6.61088043
19.21260528
0.11230531
0.62011719
3.36975067
4.16105164
16.49416107
0.83186641
1.25211796
0.17997223
5.16613365
2.55797374
14.87033133
7.03296210
0.38773590
1.71040863
4.18344116
1.85660766
12.98607713
1.11629959
0.84765625
0.56774902
1.37601590
1.47269808
9.09810394
0.78267426
3.83831351
1.36352975
2.78320312
9.98913232
5.13151374
5.91752106
1.50728363
12.45747894
2.14044708
0.92819702
5.97712323
41.96501108
1.29472268
6.30725067
29.17427582
6.79732269
5.60876986
8.87316957
5.50992797
4.73405031
3.31298704
1.10302859
3.01216644
2.15112118
0.94848820
1.28470856
3.63382840
14.75057070
5.34285461
9.81518617
3.61523438
3.89062500
3.10668385
11.97294658
3.84810394
0.37536403
3.16430851
1.81774933
20.19971522
7.32718084
3.18404144
2.03120754
3.13606937
7.65279144
3.09375000
0.09776763
2.08337433
6.24308289
8.14754211
2.11417664
0.28808594
0.06603454
1.95393922
0.33105469
1.76944759
4.37223515
1.80025238
3.62154144
7.98392731
8.25435394
1.85839844
2.40820312
1.06933594
10.04508422
0.65954621
3.02583832
0.01963806
2.66210938
7.08769848
8.35535571
16.94596188
2.85632480
2.31490082
17.72373443
1.17577751
2.19730995
1.63468445
9.28470856
0.06514496
3.22656250
3.22851562
2.14761581
3.02035294
7.75286792
3.66900708
4.08593750
8.28637633
1.99096742
7.41752106
0.13680023
3.64062500
10.37845856
10.83158356
0.67541068
0.40104624
5.49609375
8.24218750
2.12951629
0.55899961
0.06709933
2.08686849
2.82963541
15.95710993
9.84232823
2.47363312
2.38041168
2.60982269
1.46484375
4.32812500
1.30078125
5.60701352
1.38908023
12.81416778
0.22379609
1.11523438
5.21875000
1.64941406
1.57519531
17.63660019
2.90636856
15.49251219
9.90690187
0.98197418
6.79296875
1.78373199
1.31339539
2.02734375
6.12064606
4.31294769
0.55419922
2.19006317
0.80391262
4.00114140
0.61132812
5.54687500
5.12109375
0.01722717
6.37125204
17.18612007
6.83170656
12.38134766
5.70267731
5.79732269
9.40335218
3.06975177
10.67777372
0.45503878
0.11840820
1.46130371
1.88089872
7.15726839
10.47310394
1.27315215
1.14384004
2.16060394
1.70373504
7.31461547
0.32295808
4.22656250
1.73447309
30.14942154
1.67386996
8.47823028
2.17846742
4.99609375
0.82958984
2.13643340
11.45926972
2.39453125
2.82486065
3.32801196
2.46529144
3.22159353
4.89905252
5.55078125
4.82421875
1.72310394
25.16422485
0.59309937
2.39900571
16.43037747
7.70093085
1.92329926
5.32758866
4.41459884
0.69580078
9.02323083
5.24825354
0.97713195
5.57377106
0.81774933
0.91837461
10.66752106
1.56351839
4.04841229
4.26522163
1.20304881
6.40323914
7.77734375
0.13378906
5.09491984
12.43360372
9.94643396
23.16578955
9.98002106
9.42024158
12.17993725
11.36808289
2.42818207
0.62186614
3.25374390
0.77282746
1.32730704
5.35775155
4.10937500
0.93457031
9.13476064
2.51953623
3.35351562
13.11014739
14.15547761
1.42032275
4.97909131
8.30744986
5.27706338
2.35351562
10.39782248
0.56160959
10.44123892
6.98844858
1.50878906
1.88508689
12.66634530
1.60201019
0.74169922
12.11140681
1.65136968
20.37738852
7.50708444
2.58577515
8.84452239
4.01875886
7.52754544
4.15214206
0.28588867
6.22778258
2.64135804
0.23242188
10.69954344
1.69161043
13.61298521
4.82869570
6.07076019
0.89892578
12.41975891
17.84887633
4.02738309
1.99137577
2.26171875
8.56160461
0.42590363
3.61030973
6.18070589
3.81250000
14.34372270
0.65357131
3.33638519
7.39998227
2.04699427
13.47705452
6.75089539
9.12935394
6.42277039
7.40608267
2.13883920
6.01953125
2.77167360
3.21323027
2.26171875
4.72656250
2.92968750
0.60884613
4.38158245
4.83147052
4.57600953
11.93542387
3.86295656
3.52583832
12.97656250
3.50541168
15.50600153
3.04334175
1.27021997
9.38167359
3.87536901
2.67773438
0.49100738
6.79687500
2.18644226
2.90279144
5.93615692
15.44877106
6.20386915
9.69039782
3.12113309
2.29683566
2.93404144
9.08390071
0.94779698
1.02494293
15.41918883
0.31514558
0.87695312
10.22424036
6.04634862
0.99173981
3.06774933
2.20703125
4.81595856
5.12154144
1.23831498
7.75956892
1.20845551
9.49792387
4.08996675
1.90474457
0.28373199
-0.00249725
8.05745422
8.94531250
0.80167664
7.65356383
0.71561738
0.24060059
0.55736017
9.72139683
5.64632203
8.66495789
0.28515563
0.32438234
3.27148438
3.55003824
2.43254598
1.01554383
7.00435394
3.71065215
2.39737976
0.42008484
0.96728516
1.12687195
8.03587434
3.32215757
3.26802582
3.06311004
14.13818079
1.67598792
9.00000000
0.79243988
6.10420435
3.86063940
7.29988586
4.02058899
1.32210328
11.57377106
2.64648438
5.11012244
0.78413910
0.72318294
5.13537816
5.11328125
5.89497894
0.32328277
2.40865082
1.62695312
8.48848294
2.81575687
11.37487700
12.96106050
1.21386719
5.66841644
2.33064384
2.88765846
10.62500000
11.41792443
5.86063940
0.49092683
6.36075244
5.57931072
3.19335938
3.55017121
1.49857574
6.92187500
2.89693207
11.14408356
3.31685394
4.77843698
9.57947805
3.49690548
2.56945988
21.12833555
7.91207003
0.92724609
5.11763519
8.60156250
13.49030807
6.82565048
15.72452571
5.26607269
0.84676335
3.10281880
2.51127604
7.14107269
3.91752106
0.09932465
10.15218841
6.07283259
16.30627659
8.65893617
2.99263519
9.09029144
7.54687500
2.72355102
6.63460328
3.99869127
12.30554853
4.19256207
2.04136524
2.74674313
4.29321476
13.40087766
6.93896609
1.36523438
1.29935699
11.83628106
0.30000824
1.05818072
10.22563275
1.75638824
10.99181849
1.30648077
8.90625000
2.12109375
17.71516844
11.04187043
1.32112672
2.91929937
3.51632867
1.19868988
7.30558289
10.19006317
0.94523133
2.78169769
8.08158356
2.99458832
3.73046875
1.44584137
1.09667969
2.74505417
2.70562942
10.98437500
11.73591977
8.79968417
12.46773161
2.72367464
1.78763824
5.23485830
18.41040475
7.02221742
5.73048815
3.99623669
5.59509308
6.37507868
0.17517370
6.17187500
0.46354125
14.94855940
3.19296099
16.61046211
10.43693927
12.23807956
10.54296906
1.19811420
8.35486369
4.48603779
23.73869459
0.47245332
1.45018970
4.30151928
11.04239805
8.96887300
1.06783051
11.84964872
8.73628878
0.80810547
3.46679688
0.21858703
0.97941101
18.33158356
5.14497894
0.30586544
2.49918827
2.91015625
5.90625000
0.00347900
6.72596688
7.53245566
10.08247894
4.00948028
13.77612367
0.43750000
12.81250000
0.16975922
12.22131317
1.60290558
8.72708888
0.15206152
0.53564453
6.12666154
5.55664561
1.17183566
3.08292664
2.35652649
3.12756317
3.05977449
8.06250000
0.90303372
0.34798343
0.72847504
3.57670074
2.01908356
16.03877715
3.81323304
2.33593750
0.30367035
5.82767731
3.55904144
0.46142578
2.50015424
11.52372783
3.21175421
0.71972656
3.72701019
4.73783356
9.21093750
8.80444149
8.13383089
1.09049562
14.89843750
8.88627106
1.21333832
7.66914451
2.80306405
5.65279144
1.96972656
1.99609375
10.92243075
1.33688718
12.27689606
0.61376953
3.20133422
3.43237367
13.75256317
4.47265127
2.09420268
5.93013519
2.84224457
0.95108323
3.98055740
0.14477539
13.14424590
0.64872285
1.38443190
4.32083888
16.06757702
11.20728723
6.31595856
2.19380707
9.26912290
2.88187777
1.47062195
1.71919769
8.18066406
10.30814606
1.33833832
17.51973294
3.53991855
0.39689148
0.90156856
9.40348515
6.78515625
10.07819371
8.65963984
6.31079102
5.87202973
3.41153868
11.67968750
2.66463320
11.91137633
6.14965758
1.82714844
0.97863863
6.64542664
1.85396332
5.12141844
5.01139406
3.13281250
6.93750000
19.56762633
0.14127656
0.67675781
3.12996399
11.23962433
0.72981563
1.36832890
0.15356445
5.17809841
2.29234874
2.89824578
13.72004876
4.33854499
14.46004211
2.06970246
5.91516113
1.30875236
13.32198028
1.01721659
0.37475586
1.32480824
2.47196753
1.08008062
8.50435394
0.63773590
3.92142982
1.18738198
2.73002106
7.96146388
5.70215093
4.78169769
2.60306793
12.30558289
2.20001926
0.87761746
5.74327959
42.59220523
1.92969248
7.79943817
29.10457336
6.79085328
4.44125091
9.65372742
5.66874114
4.17981050
2.48632812
8.61718750
3.85713653
1.39339234
2.39888519
1.92704067
0.81665226
0.93892426
1.73811641
15.05794437
5.42008422
2.63745179
0.78946961
2.23242188
6.70641623
11.34001108
2.66992188
0.53987423
3.25219913
1.87829621
20.27475068
7.13495788
3.77583832
2.36043149
8.48584109
2.35982269
2.97265625
0.18456938
2.27506593
6.22265625
1.20695008
3.61718750
3.44335938
1.05139129
0.16235383
0.30419922
0.42542168
3.54211768
2.54838043
11.39152039
1.47753906
11.67610594
2.33907136
5.75826019
6.44120270
5.71107254
8.20756759
12.09517177
2.18652593
2.32031250
26.23783356
2.14879904
2.12231881
5.00179078
6.50256317
5.23181183
7.72655253
5.16797872
10.48783356
6.73482269
4.36718750
7.22387633
0.16601625
3.45117188
2.66210439
1.77148936
2.42968750
5.25390625
1.20104887
0.04187105
3.47411736
2.60596077
15.07930076
9.60640846
0.54056544
1.71415503
4.91796875
2.69726562
9.41727505
7.66866245
14.40254544
2.55793939
6.17773936
8.27600067
5.04475953
0.70369445
1.52726258
1.90527344
6.71048981
0.85949177
3.02913951
0.52343750
6.06205231
4.65234375
0.03117371
6.19205376
17.61845190
7.73225953
12.22432465
1.70943207
6.89408356
0.59908051
0.24426270
3.95947266
1.39729610
7.14957890
11.18314606
1.38102172
1.12528535
2.64843750
1.97912567
6.92655364
0.44934175
0.47066254
2.11819717
30.95353834
1.72029726
9.78727172
12.75614472
4.22656250
5.88394393
3.42855607
3.22851562
2.97871233
4.79382978
3.92549590
1.59936586
3.53710938
1.61079926
9.79423629
0.60734070
1.60379412
16.74569038
5.93396276
1.59525543
1.79185734
4.75473293
1.01562500
5.24438290
2.93383976
0.64025848
6.17142731
0.41780640
0.53995477
9.77726507
1.42862976
4.10216257
3.78300642
1.01184425
5.51997894
5.26863586
0.09794129
4.35967571
11.99341755
8.58775267
1.73947694
22.12093140
9.10111481
9.45572252
11.93543135
12.39933289
1.55957031
0.46354125
1.81429078
0.08367920
1.64814966
3.76644171
0.67769379
1.25292969
5.68750000
1.56152344
10.33544548
3.77392952
7.50821462
5.94547983
2.15714539
10.24348626
0.42887702
10.11502771
6.82637854
1.32421875
1.70273460
7.27694038
6.20446808
0.17248535
2.94531250
12.26639739
4.76875886
0.30688477
11.66243407
1.55826906
11.40881317
0.82702668
12.90018396
1.57645972
2.93644226
10.60323028
4.46708222
8.30098294
4.22245456
0.41845703
6.02856383
2.17260804
0.31958008
10.55891844
1.22383699
11.27052958
7.61277580
10.18607823
3.28365082
8.53816711
0.86079926
1.91503906
0.66983946
0.73836367
4.34029144
3.29687500
12.38069454
1.03434452
1.47416168
7.49080009
2.36592808
16.78690769
6.43448914
7.62064606
6.94185394
7.01643174
2.35075576
5.28951019
3.19867244
3.96103612
2.61914062
4.96875000
3.03951019
0.78076172
3.51468778
5.38383089
4.46573914
10.57157317
3.44844636
3.72460938
2.64453125
0.47660309
5.21561614
1.12076906
8.81659148
5.26919196
2.23689259
13.19560283
2.96468140
2.86629211
0.23522949
5.97310394
2.55513519
2.18013519
6.72912567
17.08247894
7.98350986
9.47136746
2.57889739
2.16284242
2.73722351
7.42655364
0.89327058
1.07324219
15.22477172
0.24788453
0.72753906
8.82755430
2.97473238
2.99804688
2.53951019
0.02107239
2.50541168
8.63716644
3.11974568
8.40519725
1.45943207
9.54195036
5.39164339
1.74414062
0.22416168
0.00513458
10.44738770
9.56595856
0.82902039
9.04764739
0.91137758
0.23811859
0.74922294
8.50891456
5.66149933
9.12154144
0.26395598
0.28536043
3.29146332
4.10944371
4.88095301
1.25773133
6.72745789
1.86938414
1.94665558
0.58976258
0.91943359
1.24849457
9.49205951
1.90833111
1.94974762
4.03141235
14.06933531
1.90096132
1.04536957
5.06205231
0.67675781
5.88187279
4.44669991
5.06058622
7.95760195
1.56933594
10.59464539
3.91406250
6.39234662
0.67574066
0.87544302
3.94014932
5.07031250
5.42622894
0.29573547
2.95552582
1.42036957
9.07877438
3.28015292
11.14396055
12.45235261
2.48030640
5.02343750
2.46707724
2.67310006
10.49654144
10.90722407
5.83874667
0.51721285
6.77334885
5.24829787
3.12740082
3.92321808
1.86629211
6.55558289
3.24609375
10.59285461
2.58683289
4.73604199
24.37630873
2.56921542
1.33276429
6.16406250
6.22310394
16.37426197
7.29671764
17.04073028
6.64876219
2.01257480
4.89831450
8.48449800
5.12109375
1.33076934
2.92077045
2.64795545
6.87980164
4.51818817
0.12711609
17.97086751
2.09887491
4.84590356
1.91036292
3.45987976
4.60156250
3.83764462
1.78975620
8.68750000
1.89453125
16.54943817
16.63777649
2.81278535
2.15889465
3.08638519
1.53426086
8.19274933
9.11283356
1.82474762
1.32954926
2.55078125
6.00044769
6.96484375
5.27343750
0.39729797
1.82791085
2.65442985
8.50781250
10.37320922
8.74397828
5.20300200
4.16027925
0.32641602
2.88533072
22.09590979
7.37646609
8.83733933
3.48118239
5.32165558
6.30777704
0.27616675
14.74225621
2.70260859
15.75507204
11.10572473
6.64567265
10.03613281
2.53739472
11.18456782
4.64834885
6.97296261
0.72058137
1.43489126
4.63643838
4.24295989
7.38639406
1.04589844
1.53983489
7.92891511
0.96435547
4.65625000
0.19510895
0.95161957
14.22318512
5.31685394
0.37813044
2.06632757
3.05664062
6.30078125
0.01524597
5.98447308
5.65895362
15.14075299
11.07031250
0.41695160
10.22220856
0.32954926
10.70658356
1.55025238
7.68879876
0.19840827
0.48608398
6.46516470
5.19869237
1.58671238
2.98917664
2.00016235
2.82466644
3.23962433
0.55008879
0.86840883
0.57857269
2.03970440
2.33387134
3.24609375
1.75443512
15.27998809
4.16284242
1.73535156
0.26582855
4.73002106
3.29732269
0.53564453
2.01911791
14.72583444
3.64913120
0.72993988
5.21439606
3.15625000
9.60937500
10.82966977
4.45593417
3.30468750
7.36718750
0.98046875
3.50190382
1.62655474
3.74414062
3.82031250
5.87154144
13.54474458
1.60324523
15.34375000
0.70365387
3.43766235
3.73315492
13.15010528
4.17378380
1.64050698
6.37935394
3.19335938
1.23294171
3.66049091
0.03683472
7.82868110
0.59073914
1.31753830
