0.18033688
4.70312500
5.85481937
2.39843750
14.41829344
2.31022218
2.46484375
6.67219969
6.41373781
4.70214844
1.98502438
0.94205812
5.64420656
2.22265625
3.11328125
9.70735594
4.65201906
2.58789062
7.62890625
0.19543457
14.42178448
7.80502216
6.28906250
0.05252075
8.49023438
3.80696532
1.67252687
5.90625000
2.79296875
6.98176751
4.94791999
1.79492188
4.07031250
1.81152344
2.02343750
8.45019282
0.94922124
11.28320312
1.75309203
10.11897828
5.31640625
6.19173094
16.28483156
20.62715574
8.33170656
14.71223875
2.99772218
12.27766844
15.14485594
15.48339096
5.22299091
14.21548316
6.01889184
1.75000000
24.81314938
10.62726286
7.01629183
6.18750000
9.36295656
19.17868352
6.32131648
2.56608156
12.70312500
12.50846188
7.40950687
13.77896720
2.07650155
12.89062500
8.48079344
1.05045656
5.28124003
4.16016622
4.51562500
3.03580563
8.97199690
3.73438497
6.86848626
7.89061503
4.15137965
7.64159907
1.21256843
2.80468750
11.28319814
0.38086436
13.83203125
1.19726562
6.07031250
2.20507812
3.36914062
0.78466797
2.73079344
4.73795656
1.86230469
6.34504876
5.31152593
5.03515625
2.40201906
13.87500000
12.01269282
6.70117437
0.63476562
0.23669434
4.05110594
6.64453125
5.46842531
18.59146720
0.25228280
2.74218750
9.54589096
1.41114029
13.95703125
2.88899657
12.43326906
8.21093750
12.88767288
4.03029587
10.97427970
3.96712655
7.05468750
1.90234375
9.38573720
2.80859873
11.35156250
5.25000000
15.07812500
8.99641844
19.81835938
3.54687002
14.01367686
2.77343750
4.84643617
0.04661072
1.94824219
7.99152815
5.86035904
7.73795656
15.56574690
4.75456560
2.34570312
0.70996094
4.75813719
7.21842531
3.64843750
2.05012938
17.16829344
1.33138187
3.83203125
8.24001053
0.15220139
11.16731439
4.36621343
3.23437500
10.03092531
15.44954344
6.09342531
8.83300781
1.95410156
15.79329344
13.64359621
2.97493407
6.30436281
2.05078125
2.40234375
8.67902815
13.96550310
5.80859375
2.77962157
1.16471437
12.81826636
3.44076684
14.88964844
5.26953125
13.35937500
1.57128906
5.16796875
9.30175532
1.71289312
2.13085938
8.82812500
8.34667221
7.69629654
15.47851313
8.02246343
16.89062500
16.49641844
1.41569093
1.65722656
15.10156250
12.88681632
4.04915780
12.15722656
3.10156250
6.42251441
11.99610372
9.06185062
8.20507812
11.16638184
3.93945312
13.98600094
13.85091312
14.10156250
1.83593750
4.99218750
2.80305907
2.31608156
11.60774158
5.11491467
2.03515625
5.12109375
1.47070312
11.76105940
1.84831560
7.46126219
4.20280031
10.66048094
4.18815187
4.39453125
1.62402344
3.92773438
3.42838376
4.01106937
13.48860594
5.44498781
15.34798094
1.62597158
1.81022717
8.32454344
3.60709718
11.40168939
5.90983156
6.72168218
5.16080563
2.92122562
12.81314938
12.62435062
2.96093750
3.77600067
0.08056672
2.07812500
10.95507812
13.02835773
1.93913342
14.42577128
5.05469747
2.76757812
2.00585938
0.00164986
1.66796875
3.73860096
2.29069592
2.16796875
6.01399407
12.05631843
2.80664062
12.64843750
7.65234375
1.49609375
11.49820922
0.03810670
1.17675781
13.70735594
9.57161126
3.04915780
1.26074219
7.41763409
4.12598404
9.99935062
4.12890625
3.87695312
8.99218750
4.97688719
2.81217033
5.77604499
3.91731937
9.80110594
7.30436281
2.63671875
12.32198028
0.34794160
1.54687500
5.63182846
7.64942154
3.35384032
6.04295878
1.34734153
10.45312500
5.42968750
12.34927970
8.68197030
11.78906250
2.42187500
1.59065423
3.54817874
5.76985594
1.97395999
8.37076906
3.93359375
6.76171875
1.62207031
12.38850828
4.24967531
4.78906250
9.96093750
16.28125000
5.90234375
8.30956782
2.94238530
1.51074219
13.98925532
7.14485594
1.69596686
1.63964844
3.41015127
0.66113780
12.15461658
1.86882092
7.95995595
7.01692376
1.97168716
3.70280031
7.89127438
1.15169437
16.14192376
6.13183843
1.74869875
4.01822751
2.19694093
6.64811281
5.86522939
3.51367686
15.07751641
2.20573249
4.93847407
14.95767066
5.80339871
10.01139406
8.85579344
4.78125000
3.42382812
1.85546875
7.99576906
2.21289062
14.70881829
8.55338874
2.24218750
15.52766844
12.69954344
7.67155031
10.07812500
16.29850343
2.26562500
3.98437500
7.67578125
1.57812500
3.32421875
13.37564938
7.53450687
1.67187500
8.44173094
11.17724609
2.35319093
10.63769282
5.57324468
13.93098626
8.43620124
7.20703125
3.10546875
0.00671005
0.01622009
1.42968750
9.03352532
8.05998054
5.35546875
0.92480469
2.72851562
24.63708496
2.67382812
3.13671875
6.18359375
15.27115470
9.17236702
1.49202515
4.27832031
1.82910156
6.40625000
5.41796875
6.58235594
1.12760500
4.08984375
4.41406250
10.18359375
7.34765625
4.27343750
0.01384735
1.31347656
16.20898438
9.99283688
3.39583499
13.81835439
10.89648936
2.61523438
17.98762689
18.59245124
2.04101562
8.72656250
4.44921875
4.08203125
2.56250000
4.98860594
0.12943605
0.98339844
8.24348626
5.65950687
0.98177249
3.78710938
1.52441406
1.72167969
11.42870346
7.07129654
1.27832031
10.43944814
3.16211436
2.63867188
9.62923094
17.19303468
5.64876219
14.78483156
0.11120605
2.13429730
10.71810062
20.26269531
2.84960938
20.65332031
15.94954344
2.32389406
1.72167969
8.89550781
12.48079344
5.62174562
5.92187500
15.20389739
0.57930574
1.45410156
6.52539062
6.85937500
10.01562500
0.60986328
4.46289062
8.80110594
1.73698000
2.77734375
14.11604735
1.02311281
6.94303219
3.73958499
14.28922360
10.00280762
3.32747562
4.01171875
5.81673094
1.82095440
1.39844747
8.90445922
0.44661500
12.03893950
10.07043550
2.94531250
12.08235594
13.48957004
13.71386968
8.90170434
16.28336422
8.85644282
3.12142342
11.09375000
1.29915282
7.14030031
1.72558594
6.42968750
8.56119127
3.34115248
14.74201202
1.47949219
0.93635985
0.83756593
6.43001219
2.83951906
1.78808345
1.26953374
7.33203125
4.41406250
12.89403798
5.20866218
4.05013187
9.99706782
1.17317874
7.40625000
6.41242908
1.33138685
3.93554688
6.84765625
12.76663311
0.46094498
1.28385251
6.64322252
4.12891622
1.46679688
15.57322474
8.51759557
2.61914062
4.60937500
16.81665039
2.34375000
2.41992188
8.02343750
16.10417266
2.92148881
5.97867797
0.12727906
4.75659180
15.01269282
4.53369390
10.06477782
7.37109375
1.55143312
0.37133789
2.06224091
1.76954620
9.67968750
4.46223626
6.78385749
3.89453125
11.78124751
4.26465093
6.88281250
13.71516844
4.01139406
12.80110594
4.38248781
16.59895750
2.80956284
1.31120622
8.51562500
5.64876219
2.26171875
7.71647218
8.03906250
7.02734375
6.78515625
6.89992798
6.07663452
4.17968750
16.46158688
2.37695312
8.23372562
3.61425532
3.57910405
1.17480469
15.47687722
8.87629876
5.40854277
4.33984375
0.05014038
0.59130859
2.10425011
1.95053745
4.56575687
4.63671875
6.33984375
5.87109375
9.50000000
2.48437500
1.21679688
3.23793911
3.25131870
4.92187500
7.72656250
19.52079773
7.80078125
6.19954344
12.27603502
0.71680435
4.91015625
6.86490470
12.27572030
5.52343750
3.12695312
3.48046875
6.56689453
4.52734375
6.40266844
1.85123781
3.83463376
9.63997562
2.92773438
13.66048094
10.09795130
2.32096686
1.81347656
11.49682617
5.18359375
12.67628655
11.79491938
2.52702404
2.21875000
8.42187500
2.41715329
3.80208499
7.33203125
20.96797356
4.66276374
7.69954344
14.40331782
1.58463874
1.92871094
14.33853502
9.25846188
6.15300310
6.97265625
4.91406250
0.36450195
16.85937500
11.27832031
7.56640625
5.24218750
3.63281250
12.75781250
2.09862284
0.94532247
4.30859375
8.49414062
5.01171875
4.57242797
0.06245973
8.17187500
2.21289062
1.69628906
17.76562500
3.95312002
3.35352061
5.73437500
0.29077148
5.67643063
0.95931156
9.46418440
10.24675310
0.70361328
13.94985816
5.79232934
4.93782469
1.39697016
3.60612311
12.04752438
3.23567874
0.82617188
7.05989251
3.03971686
12.63704344
2.65201906
3.21289062
12.12824690
5.85645279
2.19303468
8.19531250
17.75220578
10.17545656
3.08821532
0.59114749
1.63801253
1.09994154
6.13216312
0.81982422
11.10644282
4.71810062
14.69368407
14.24153812
19.10937500
0.57910156
18.65526596
13.48177748
15.50358156
1.15429688
9.96061032
8.89534671
5.08203125
5.11328125
3.77668939
1.46842780
2.49414062
8.38281250
2.35969969
15.26334469
8.31347905
3.99609375
4.76757812
9.08593750
1.91015625
7.44531250
0.01003265
3.02929688
9.60740692
11.73600842
10.52800310
2.01920656
18.57666016
13.32031250
4.01399407
9.55403812
4.76953125
2.92578125
2.89388187
10.15429688
5.85546875
2.96093750
10.08397939
7.55338874
9.14388187
3.50618407
1.57389406
9.26204344
1.60905031
10.45279034
0.60677997
2.93359375
9.73828125
0.99755859
1.86914062
9.52895723
2.37729277
1.49511719
8.00797485
10.52522828
12.86360594
11.25781250
3.41178468
9.10644282
6.35058843
7.47427970
5.56087655
4.53548094
1.29589844
8.86295656
7.67024158
7.85319592
3.27343750
0.11022949
0.00645065
1.59082031
14.53002930
13.79817376
6.72721686
4.60546875
9.73079344
7.50000000
2.57975343
14.22721188
1.90364749
1.18359375
13.45206041
4.79427748
8.85285129
1.69597683
11.63378906
4.56135985
2.79459718
5.13085938
5.01953125
12.34300512
5.56153590
5.73437500
4.42089844
4.05468750
3.88281250
1.54980469
2.00195312
19.15835571
20.52254149
6.87565187
5.83756095
5.37858156
5.80403812
3.13639406
1.53580812
0.85290527
0.99804688
4.63964844
9.67610594
5.01171875
1.45377687
1.87792969
2.53125000
18.08563232
4.41406250
15.24186032
11.80045656
10.76920656
2.70312500
10.97427970
8.27864999
3.04882812
5.38671875
7.90234375
5.66015625
7.62727782
3.73600343
4.26562500
8.64843750
15.20735594
3.70475343
18.50000000
6.53073804
11.64113696
10.26985594
6.13703347
0.87826684
1.93359375
12.11718750
2.34375000
9.73925532
6.40918218
6.97656250
3.77832031
3.39843750
8.30110594
16.49426270
18.79687500
7.47135500
18.66829344
0.43619875
19.25617908
12.56836436
15.41178468
1.15625000
2.10742188
3.78287594
2.79231937
10.53548094
3.02115968
5.05203952
8.29167996
12.10221188
1.75520999
16.04101064
14.93587655
6.65592531
2.77343750
2.71907469
0.90592531
2.22265625
5.78384752
1.99349623
7.59765625
3.28320312
2.88476562
1.53125000
3.39876219
6.67057375
13.74283688
0.93099124
9.00781250
19.20312500
2.68945312
2.98437500
8.69432846
1.87403091
1.18261719
7.56640625
4.48225828
6.86328125
8.16406250
2.51920656
8.33593750
4.79687500
3.38704344
2.77115968
8.84906006
6.42805907
8.11295656
6.37955563
1.38899906
7.21875000
6.12475586
6.89062500
7.75390625
16.22858092
7.42252687
13.21875000
8.32096188
4.37632326
0.94824219
6.93326906
3.11914062
2.42382812
8.74125671
4.12759254
11.08139184
5.59765625
6.20312500
2.00618407
2.01139406
13.81738032
11.69269504
1.08399933
14.57031250
5.59375000
1.43131593
0.41552734
12.84014893
1.58789062
7.77700909
3.56283466
1.24804688
9.89387190
4.12565935
7.74218750
5.94140625
0.57763672
6.94985816
4.43686059
8.75732048
0.53760139
1.79524657
4.79524657
16.78452638
0.55240968
2.76367188
6.94140625
3.45507812
9.93033688
3.82747562
0.98291016
7.86783688
9.67250720
0.32489029
7.63671875
5.01562500
15.75105711
1.81640625
7.06608156
7.10579344
0.61588625
3.57826741
1.22056072
5.61718750
3.10742188
9.35937500
7.37727782
1.04492188
7.65200909
5.60547872
2.28320312
7.09439938
0.61360843
2.24104361
0.60465952
5.17578125
2.99804688
2.96451657
11.30403812
7.09277344
2.88476562
10.21516844
4.62858156
1.58398438
1.86425781
9.74641844
4.27991486
1.36198000
14.23437500
6.34016844
2.41959718
9.83593750
0.20019531
11.01105940
1.18620622
7.96875000
0.85400391
5.72656250
3.97070312
12.57661438
0.30786133
3.09960938
5.22265625
3.98632812
13.24299424
0.36052138
20.02961907
3.32487311
10.02408688
8.96810062
4.10937500
10.44531250
7.31057064
0.99153812
9.93660461
0.41495789
6.73437500
1.56152344
10.05891844
7.66929201
5.62727283
2.05078623
5.71875000
12.47656250
4.28483156
8.17187500
7.70718135
6.00293218
3.70507812
3.92827694
3.28255374
10.33235594
10.36718750
6.36295656
0.43432617
0.56990477
4.00748781
1.36751219
9.58951906
12.30468750
3.91601562
4.46484375
14.42995629
1.37956061
2.13671875
8.39843750
9.54947751
4.28450687
4.85624020
4.55794437
1.93457031
9.63281250
1.63476562
4.11393063
15.71451906
0.34879640
0.21970456
11.71028812
8.50000000
4.46093750
3.43196532
2.02311281
7.10156250
0.00399780
8.47721188
8.02278812
3.25390625
1.63183594
6.91406250
8.94531250
15.87064606
0.13557953
13.32485816
10.71875997
5.78060062
11.27343750
3.12695312
9.32812500
13.02343750
1.97558594
3.20117188
0.91601562
2.50976562
8.40625000
1.05078125
8.14518063
0.09651859
4.72688719
1.09147218
1.66992188
12.98437500
18.04817376
15.50357907
0.72134752
12.32975842
3.83170656
15.80957031
7.12271720
10.65853280
5.26953125
11.19531250
15.84798094
7.76139406
1.14941406
10.47900266
2.75374390
8.69010500
12.34977172
5.25569703
0.18275921
0.25846437
17.20312500
5.62532469
11.66927249
16.89452128
2.90430684
11.95735594
3.55045656
4.25455563
3.34505374
1.67480469
15.02539062
10.83658688
5.76106937
7.05729001
7.33919437
1.31542969
7.12141844
0.57145265
2.79492188
12.87988032
5.20605718
14.01235816
7.59701684
19.57617188
1.96419188
5.95703125
4.84733156
1.79882812
10.81314938
14.24641844
0.27246343
1.97656250
12.01593972
5.10124778
1.98828125
11.94954344
6.61718750
1.47330812
0.68611072
3.59147717
0.73779297
6.85937500
7.76953125
9.64485594
4.73795656
0.93066406
6.67968750
3.62337157
15.78678468
1.76009032
4.04655031
4.63671875
3.45377438
6.88150377
6.05925310
4.47656250
7.22497559
6.60676751
6.61230718
10.38053468
7.38313719
1.20646242
4.70344969
4.01920656
18.45117188
4.73828125
11.42610594
9.56866911
6.73634308
4.04655031
8.07389406
11.54947252
6.91926751
2.30013685
2.10416999
12.25064938
6.63216312
12.69627660
0.92091090
8.33235594
15.81428953
10.28060062
5.97265625
2.13977051
4.52343750
12.30891844
12.19238032
13.79329344
15.53483156
1.62272468
5.64843750
10.14453125
1.68066406
11.25781250
4.34830563
3.17903812
2.51953125
12.34016844
1.60106674
6.05371343
2.78776623
8.83300532
2.32780031
3.26302249
5.39453125
0.76855469
5.05078125
2.54687500
14.90884752
4.09570811
6.75781250
0.43245609
1.97656250
14.27734375
22.37434813
10.59928468
10.95825133
0.02526918
10.26562500
1.76367188
4.43750000
1.99511719
2.09179688
2.36328125
6.87629876
7.81120124
5.85937500
10.53417969
9.76204344
16.68879876
3.51595467
6.39062500
3.18359375
8.94335938
3.23242188
2.43554688
8.10156250
1.51562500
11.19531250
9.49218750
3.37304688
8.51561503
1.59180684
18.59016844
4.02311281
9.09698693
11.30177526
2.68717531
8.03514628
15.41797872
2.65657469
5.78906250
1.53190187
1.24023438
5.59471410
11.81153590
1.69531250
9.81721673
3.63932624
7.43847407
10.05826906
21.65364749
10.83495346
8.63379654
1.24218750
2.85937500
8.42089844
5.87890625
0.76708984
11.24070990
1.50847185
11.70377438
4.84310062
15.61002438
4.12044437
8.06250000
7.31640625
17.26367188
5.35156250
1.82421875
17.62988032
5.27246343
3.11328125
2.28125000
18.73631463
3.47526374
1.26953125
7.85872064
4.44791999
1.22330563
4.88216312
5.20312500
9.28319814
1.87305186
10.55533688
8.14974124
4.64691162
7.05468750
6.89062500
1.86425781
4.23046875
14.24283688
2.33333499
3.84960938
11.64615470
3.27962655
11.55891844
8.26138409
8.12891622
11.55370346
8.22754654
15.78254876
3.07096686
1.58789062
4.10156250
5.62955563
13.03906250
1.60156250
2.22037843
1.73730469
16.62141844
3.49511719
6.09700687
1.66113281
11.83658688
4.94856937
2.58593750
5.61621094
8.17968750
2.18164062
2.61132812
6.27798316
5.58920434
2.51236813
1.89583499
3.40657469
3.38117908
7.84245124
3.24641844
0.85775155
2.32031250
4.45896942
14.30144060
0.95052748
7.99184287
3.79331338
11.72167969
5.70703125
3.81054688
8.78189938
0.74153812
10.67968750
12.47557846
3.24707779
6.05957031
9.55468750
5.76171875
0.17810059
19.02343750
14.79687500
15.39322252
4.40755873
5.36360594
8.94596188
8.48730718
16.64062500
2.88867188
1.14160156
9.01464096
5.82129654
3.30859375
6.00585938
6.57031250
6.06282469
3.36490968
5.83203125
11.08723626
1.11002936
2.20540282
6.76920656
5.92708001
1.96940436
3.28906250
19.61731009
5.13688608
5.76953125
5.47363032
15.08951906
2.11913564
3.84147717
13.34016844
15.97233156
3.46289062
1.23681391
1.86588874
13.76790282
1.73893312
7.58984375
3.16406250
1.29882812
17.37304688
20.61783688
7.78450687
4.19140625
4.82031250
2.03320312
6.75781250
10.23567376
7.20182624
0.32080078
2.61718750
4.85156250
3.50195312
8.53125000
8.18750000
13.91745846
3.07747562
12.39843750
8.72298094
4.17968750
2.01725343
1.81738281
5.58137190
9.67644060
7.58984375
3.29882812
4.46516844
11.82389406
1.70344720
5.46175421
0.30379273
11.57812500
2.56485650
0.26131538
0.41235352
5.01757812
5.29296875
7.44921875
2.00195312
1.02132078
3.88053468
4.30078125
10.12500000
14.62759752
4.36458998
3.88085938
2.91796377
0.14941905
4.14810783
3.76400155
6.29264157
8.94108156
9.36295656
2.92968750
12.84699690
2.77604997
1.90722656
3.50781250
1.02539062
7.11718750
0.46289062
9.36425532
10.37076906
0.38509281
2.21038818
3.59179688
7.30891844
0.85221437
6.32421875
11.30175532
5.54687500
0.88476812
12.76041501
10.17122562
3.37500000
17.97753906
11.14745346
2.20020279
2.26562500
12.15266844
12.31118130
1.53029088
5.45678711
10.51985594
2.83398438
2.46061281
6.70116689
9.54329344
3.35352061
1.50358156
8.70898438
1.35546875
11.35156250
11.42805408
0.92155529
7.96549313
4.97233156
18.48079344
6.63997562
1.89453125
5.48209220
5.28548094
3.42383311
18.10273068
0.85774906
8.60156250
3.13281250
3.72493407
5.48795656
6.95312500
1.70247064
5.02343750
6.32877438
1.22754405
1.17480469
7.27408688
12.33724124
3.50585938
2.42415282
6.29655031
10.58068817
0.30212433
1.76740456
1.02898215
12.60839844
6.97070312
14.06250000
0.15356445
4.56640625
4.83203125
1.62695312
8.89663675
0.31332419
1.14611816
5.60937500
2.33593750
11.74283688
7.42155031
4.16959718
9.53125000
0.31542969
1.20703125
12.87500000
8.24218750
8.56151596
1.98340591
8.78125000
0.88704344
1.69498781
7.46288564
9.29102061
14.17722740
1.75831947
10.94789008
2.99351617
1.75585938
11.11523438
3.38476562
3.91015625
1.02246094
5.59375000
2.76562500
10.77343750
1.06607408
1.30404310
6.70703125
1.80371094
10.74999502
11.90430186
3.12500000
1.83007812
11.56250000
3.89485594
4.90983156
0.74838609
6.25130873
10.56250000
2.61132812
15.86751219
3.91764406
7.98209469
4.46810062
15.03613032
1.99902593
9.52050532
1.71191655
2.84375000
1.29101562
5.56250000
2.59179688
6.50813719
7.06217531
9.04687500
13.98046875
4.23828125
1.70930907
10.69889406
12.22460938
14.30110594
0.95280031
8.59375000
5.56250000
1.28906250
14.05568406
8.17480718
1.63151125
2.36914062
13.46875000
6.33984375
3.44531250
8.79687500
5.39843750
12.96289062
8.17968750
17.44628906
3.34407469
2.63444093
7.12500000
16.34741211
1.23925781
10.24218750
3.98242188
10.18750000
5.62597407
2.47558843
8.80338376
12.49576906
0.60563234
8.62500000
2.38867188
2.57617188
7.70962877
12.39535170
6.45312500
7.82031250
14.23012205
3.37662843
11.76627438
7.81575687
12.88281250
3.37304688
6.16991689
0.66113780
9.26627438
2.08398438
2.71419437
9.24023438
4.73046875
8.24218750
1.37207031
8.70735594
4.38704344
0.45442874
6.26171875
1.88476562
15.27425047
11.16406250
7.49055907
2.89583499
6.78515625
9.87694814
9.98307624
3.71614749
7.50781250
6.76383422
0.04060914
5.05078125
1.73535156
3.09375000
18.06281472
3.43294437
4.57455341
1.63476562
5.55859375
2.22460938
1.14160156
8.48502438
10.94531250
1.45931156
13.68554688
3.79882812
6.51562500
13.45377438
1.91536624
5.82031250
7.00000000
8.07617188
7.58593750
7.13281250
10.51985594
12.01269282
8.73730718
13.06366392
4.68131095
2.43718029
2.91178219
3.01497562
14.43750000
21.47688719
3.74967531
1.03808594
15.39062500
3.53906250
12.26627438
8.76920656
2.63248781
10.54524158
3.43132092
4.81639130
1.01563995
5.51171875
7.34863032
0.39697515
13.83235594
9.84456297
5.46810062
6.32421875
17.74641844
10.43033688
1.35384281
4.53125000
4.60335328
1.87743268
6.15267841
7.53548094
6.95280031
5.21093750
8.16406250
4.60546875
9.19954344
3.68977782
6.73274158
12.63639406
4.95833998
1.53202145
2.89974124
0.82714844
5.44531250
9.79687500
8.12923094
2.64811281
14.82908910
15.18262965
7.62923094
10.51204344
5.24544437
4.18065659
6.55957779
13.22965204
2.31950077
3.58561281
1.75683594
6.08300781
2.50650876
6.10156250
1.68196781
4.29239743
3.28060062
1.05175781
12.69302970
3.25423592
3.97070312
7.75520501
2.81803468
1.15820562
2.83398438
16.23404782
8.37435062
1.78808594
2.06673094
8.25000000
10.86718750
16.08170656
3.73632812
2.66406250
8.87141844
8.60448471
4.48112810
12.44596188
1.63997562
3.16589209
4.09733156
9.23208223
8.52214622
19.85579344
10.03353280
1.28515625
5.89094969
12.05909186
4.00586436
4.68001219
12.07682375
1.62988281
4.53125000
1.23437500
3.62109375
10.42935284
18.06836436
5.73274158
3.97657247
7.69140625
11.49901596
10.35254654
16.14127438
5.25716312
5.59375000
6.05078125
6.58397939
5.34212655
2.07128159
2.90886247
11.13627106
0.71870941
8.51269282
7.54199468
3.87500000
5.78548094
15.15201906
7.76204344
4.64030031
4.88834220
7.74267952
6.50960328
13.25781250
7.91406250
11.25235836
6.78450687
8.02408688
3.47395999
21.35937500
12.24078795
6.44108156
8.92968750
9.85579344
18.09992908
4.89193373
0.80175781
9.15998892
1.08219858
8.89485594
9.29393285
2.83464871
2.97998047
5.03125000
5.76562500
0.81152344
12.53548094
6.50455563
4.61230718
9.22656250
2.69726562
0.85791016
3.57910156
0.53076172
4.62890625
10.16406250
5.57226064
2.40430186
9.26562500
3.27766595
18.12858156
7.38965093
6.47688719
12.59992908
5.80990248
1.54003906
1.34570312
6.01269282
6.72949468
3.15625000
6.07454344
2.05045656
7.51236813
7.13997562
6.13671875
4.29882812
12.77343750
4.48860594
1.57780031
3.22241211
7.28515625
4.10546875
19.52734375
7.86229721
5.46582779
12.70995346
1.92090591
5.42968750
10.70440382
3.11200243
17.34765625
3.89062500
5.91796875
1.57324219
6.00064938
0.56722171
9.71158688
1.37337406
3.97265625
12.55598626
8.96159186
1.08593750
3.62890625
9.71875000
1.49609375
6.38313719
19.35937500
8.51920656
1.93847656
7.31054189
5.41992686
1.19238281
3.88476562
8.65332031
5.50781250
3.50781250
6.94140625
6.55859375
11.93741197
13.96680186
2.29557126
4.22135749
9.39420407
18.10286624
5.56835938
9.49283688
6.10514406
3.52311281
16.27634974
3.85646276
13.03906250
4.28515625
4.10937500
15.60937500
1.37369626
4.32812500
8.35872562
20.51562500
1.55859375
18.36522939
4.11523936
15.61425781
2.08778558
4.91276374
0.60595703
9.84016844
3.23209718
8.83414672
0.02785279
14.23274158
2.06445811
1.32682375
7.16145501
7.49479499
2.51953125
20.93847656
8.39127438
1.12337406
5.37500000
0.02726746
8.51692376
15.25129876
11.53646498
6.27734375
5.20312500
3.46679688
6.49674313
3.96580785
2.27963652
1.61425781
4.99609375
2.52929688
3.73274657
11.97070063
6.18229499
3.60351562
6.68750000
7.19205563
10.97721188
1.42252936
6.69531250
4.44531250
9.13281250
1.17903563
2.08365968
10.33398438
17.75846188
7.79231937
5.74218750
9.04752438
10.02278812
8.17968750
6.95115692
2.75196808
2.55664062
4.99641844
6.54687500
6.93750000
3.17122313
11.82389406
2.83170656
1.07324219
10.86425781
2.36718750
5.27734375
11.00194814
1.67578623
2.53482907
7.17903812
7.91992188
5.60579344
0.76090578
2.19335938
15.48828125
9.66892081
1.69954593
2.50097905
0.68994141
5.39453125
11.68750000
1.51106439
11.72526374
1.20605469
9.92252438
3.15234375
7.39583499
7.75390625
4.27343750
7.53906250
1.65722656
5.11458001
4.10416999
0.73681641
7.60871565
12.04411638
1.88834469
2.30403812
4.85937500
2.11132812
7.32031250
12.32495117
26.04620568
0.15301307
2.49609375
3.84276596
3.91895279
8.48437500
5.74251219
3.75976562
1.23600094
7.27938054
0.71573914
2.03906250
20.08821532
9.78548094
0.66145999
17.46418440
2.81511247
5.06250000
6.54947252
13.36425532
11.73014406
10.88737810
7.23738586
0.20988828
4.11263187
2.72070312
8.07454344
5.46450909
6.76986591
0.43131593
1.92651367
0.45084220
4.81868905
11.91666002
1.22103529
11.70312500
5.37824690
5.33269060
1.04687500
8.40625000
6.98794659
1.58431903
2.42578125
10.87923094
4.99186281
1.43945312
2.50000000
5.67219969
1.60026125
3.65168939
6.21744127
2.01172872
7.82975094
4.55794437
5.66796875
4.82519282
13.53418218
6.07421875
18.01562500
2.61328125
0.77148438
26.80110594
7.34439938
19.59668218
4.98046875
0.42114258
4.38085439
2.89062998
2.40429688
10.27831782
5.51496565
0.97038840
9.92610594
5.00065187
6.69563719
4.67545656
11.94352172
0.39436890
1.88378906
13.41437722
10.96029560
13.01888187
7.49625111
2.41422983
2.87467531
11.15266844
1.81901125
5.58344013
0.09507670
7.66963123
6.47396498
6.07096188
2.36067874
7.44921875
8.03125000
2.48241689
4.07227061
0.35449219
6.41406250
5.34082031
0.68603516
4.86328125
0.99755859
7.68750000
6.08593750
11.80891844
1.40885500
0.25781250
0.55908203
3.17578125
14.07877438
13.43619823
3.49935062
8.57368895
15.46451906
5.07812500
1.95410156
4.94986813
1.97623781
4.77701906
6.32486813
0.97916750
3.92936281
15.33087584
4.88639406
5.53906250
3.47070312
8.58593750
2.14257563
7.02636968
8.09895501
5.35807624
0.68701172
5.22394504
4.74089871
7.76953125
11.47656250
10.87287830
3.54069592
1.87792969
8.56250000
4.39029533
5.04134530
2.23437500
8.10156250
3.84358392
7.14713874
1.46679688
1.49316406
3.72127196
4.80045656
8.63281250
2.12109375
8.10937500
2.66048094
5.83951906
9.45800532
11.03060062
5.85514406
2.83203125
3.89062500
8.78482159
2.38900653
3.59179688
4.74609375
7.35937500
1.46451657
4.24935062
1.21582031
10.59341534
2.07455341
2.34960938
4.62890625
9.37270723
9.62907981
7.05761968
7.19498781
3.49479001
9.28483156
4.32096437
7.41015625
2.12695312
7.20312500
11.66730940
1.26237810
8.10887301
4.42237699
3.24414062
9.47460938
4.00000000
3.97656250
5.94140625
15.37141844
9.53483156
9.01562500
2.73242188
2.14453125
4.08984375
3.29687500
6.68001219
3.21549313
8.93261968
5.54101064
2.67969248
10.80110594
6.54264406
1.86946532
13.79915032
4.85807624
0.40690187
6.18782469
2.23795656
0.42871094
3.04817376
6.92448249
1.39453125
3.75096909
2.49691420
0.78385500
3.57031250
3.99218750
7.86718750
4.14062500
6.05729001
17.49283688
9.57226064
3.09050310
2.84375000
12.16471188
7.74153812
8.61425532
2.24316655
7.63671875
1.59569565
1.52051529
2.66210938
9.03580563
7.36686281
17.37141844
7.28485107
3.26888187
8.54687500
0.31274414
9.66406250
1.25390625
11.43098626
5.36979499
3.29101562
2.98437500
3.16210938
8.17284907
10.13574468
4.29329344
16.71288564
4.78678967
1.33300781
7.96288564
3.04687998
4.41406250
7.77734375
13.77936746
7.63249778
5.73828125
1.34960938
6.21093750
3.26187985
9.37435062
3.10546875
9.45312500
6.57812500
10.30110594
9.04264406
11.20800532
2.56249252
13.96159685
7.60872562
3.20703125
11.11132812
11.38346188
4.05208499
5.61718750
5.59765625
3.64648438
7.41210439
4.92985483
1.03304078
3.57617188
5.06250000
16.41825485
7.92187500
15.58593750
4.96875000
2.23242188
4.06640625
0.04766846
6.13313719
3.16307348
3.94011746
1.86718750
12.21809065
11.59636247
2.42187500
3.27929688
10.88281250
7.46874003
1.87696309
11.55468750
0.03463745
7.14485594
7.67187500
1.21940187
14.17968750
3.16634032
4.47379640
4.95312500
0.79833984
14.17968750
7.87048340
0.98486328
2.88281250
8.65266844
10.26920656
5.52212877
8.93490248
4.69921875
14.96516844
5.71093750
3.85709718
7.20312500
2.83105469
5.43750000
2.41015625
21.05110594
2.86100343
0.24499512
9.53548094
9.36425532
12.01432624
4.79849845
5.87728280
0.70996094
5.78125000
1.73437500
3.24414062
9.77245346
4.89551529
3.25537109
15.05183411
0.49731445
9.28125000
7.29329344
1.80663813
3.55338874
3.07421875
3.76724845
9.12728280
1.16894531
7.39453125
11.59439938
2.15755374
6.91015625
4.23437500
7.64843750
9.09798094
0.65462157
5.03483156
7.28483156
1.50488281
11.95800532
3.13965093
4.21093750
6.36328125
4.73828125
3.11718750
3.08626219
0.31779054
5.55468750
8.98437500
2.03515625
7.31445312
3.11132812
13.23046875
2.44140625
10.67968750
7.67968750
10.30468750
2.19140625
9.72656250
9.26315784
18.79150266
1.24170046
4.25455563
9.09505374
4.91796875
1.85644531
2.68359375
11.85937500
9.66406250
19.58658688
4.26888187
5.78254876
2.32291999
3.64257812
12.93879876
3.08073249
15.07993757
8.04362810
0.09617659
5.04264406
5.25878657
0.59326421
6.73893063
1.45833499
7.06250000
4.76659907
11.06608156
2.67903812
5.16015625
9.30468750
7.58593750
3.56945801
6.14843750
1.77050781
9.39127438
1.99772218
8.12076906
0.47895989
2.65495124
1.50878906
9.41406250
8.23046875
7.38671875
2.27734375
2.06445312
4.15234375
8.85156250
4.02604001
4.25259752
10.98910170
8.90669925
4.62109375
0.72509766
7.07421875
3.06835938
8.81250000
7.21484375
4.29459220
1.47884530
11.09960938
6.17578125
5.54687500
2.28352782
5.69108156
4.78906250
17.05924313
6.30663564
4.50130873
2.47102034
6.32910655
3.60416999
12.88281250
6.27734375
8.87141844
1.61881593
8.10156250
9.22069814
10.92675532
7.29004654
1.60156250
8.85066711
4.18058289
6.51953125
13.41406250
8.58235594
4.06998781
0.77832031
8.28906250
3.92187500
17.14127438
32.41731937
14.44173094
2.11686281
16.09634752
4.73958998
0.53710938
7.37109375
6.42643063
4.17089844
9.66341312
5.58593750
15.37434564
5.73307624
1.19042969
22.09375000
3.93164062
8.55468750
2.28710938
10.58593750
16.84375000
11.68456782
3.14941157
2.75781748
6.89843750
6.55859375
12.46939938
3.41764406
1.70377687
7.09894504
3.77996121
1.92968750
7.15234375
4.32421875
3.81314440
5.24522551
2.64393963
9.65625000
4.46810062
7.52343750
1.03125000
8.89062500
0.84667969
7.50032469
10.80045656
2.97753657
3.86035405
6.46875000
11.48079344
13.00748781
4.43098626
2.53418218
12.95670656
3.06835938
6.14876219
1.98014406
8.62500000
5.59830563
1.82356937
2.79524657
2.15201906
9.47656250
7.75390625
3.69921875
7.85579344
8.19531250
8.41373781
4.57031250
13.16829344
5.22265625
9.52115470
5.51758311
3.07421875
12.67968750
14.42578125
7.52734375
5.40234375
4.37955563
8.47200687
4.56250000
9.57096188
4.12435062
9.67317376
5.20182624
7.94140625
3.21289062
10.55468750
4.53125000
8.68391844
6.34341534
1.62533466
4.52311281
11.56673094
13.33170656
1.64257812
0.43994141
9.47004876
15.25358156
2.24316655
2.12500000
6.77766844
9.36490968
6.97265625
5.03157469
2.38444093
3.84570312
5.15625000
1.35253906
5.59798094
5.35123781
3.47851562
3.07421875
1.92773438
3.24609375
13.25781250
11.46960200
9.84341534
2.55795434
6.73046875
5.00781250
1.41699219
10.78125000
13.19954344
3.20344969
2.26497562
11.60937500
2.31282469
9.14550532
2.79752936
3.78125000
5.66210938
2.04524657
13.77082004
0.43783964
1.45143795
2.66210938
8.75064938
1.81575687
11.64485594
4.44108156
2.34375000
14.26594969
9.67317376
10.30517952
3.46663453
11.33203125
9.95019282
9.00260500
2.64974124
7.50032469
1.86490968
11.48144282
6.85435662
1.58366467
4.83593750
3.84960938
10.07877438
0.23982914
13.24009419
1.12859153
13.55052377
5.24187278
9.80468750
0.11053467
4.43505859
5.70312500
4.96093750
12.44596188
14.83170656
9.00358156
10.36848626
2.88346686
1.35742188
6.16372784
1.40658466
14.47660828
4.09992908
3.43913342
0.38720703
13.57584469
3.53060062
8.69596188
2.83528812
13.39648438
5.88281250
0.55664062
8.96093750
5.72688719
16.30889850
8.94533244
1.37141595
5.01758311
2.14843750
1.60351562
1.34765625
3.28515625
3.10546875
7.02376219
1.51627687
7.72721188
2.63997562
4.22265625
1.14355469
4.47135251
3.41145999
10.52668440
4.94206560
1.99739251
2.06543218
6.81217531
6.49283688
5.76497562
7.19563719
2.10766602
2.10514406
4.10156250
11.96093750
1.29980469
6.96679189
0.79785655
0.01531219
1.20076165
4.76074468
3.17545656
15.51692376
3.41504155
5.62076906
1.13476562
4.34407469
8.48897508
6.92187500
9.41242908
4.45085217
11.18781472
9.06641622
3.85772663
4.53208042
1.72266123
0.94970703
6.36718750
2.83789062
12.75585938
11.70117188
6.12988032
14.02897218
3.76106937
5.38346188
4.06217531
21.25560335
4.11718750
1.06054688
6.00324690
8.34831560
4.48046875
4.83984375
10.74218750
8.22752660
1.26466090
7.98469969
2.28873781
1.80761719
2.50195312
7.85057846
12.15723404
6.81250000
2.81445312
4.39062500
1.63671875
6.00064938
9.80558289
0.28312320
8.99153314
21.39908688
4.08789561
8.80078125
6.46875000
4.05468750
5.94140625
3.33723875
4.04264406
1.39453125
4.82486813
6.93294437
10.00878906
3.35351562
4.27376219
0.76725343
1.70507812
9.30468750
1.71288813
4.79199468
2.74340820
1.97851562
4.25000000
0.20642090
0.41511961
10.02343750
6.49251219
9.38997562
0.31689453
9.59863032
2.68457280
10.00390625
5.07063719
1.25553468
6.67968750
0.10845947
2.75781250
6.73437500
5.69921875
8.76204344
9.73112062
6.07421875
6.62890625
8.34375000
8.11718750
6.39518063
3.53287843
1.31412843
3.03774879
6.03516622
12.53091534
5.96843528
5.12500000
8.70312500
1.08398438
11.31250000
16.96875000
4.65266844
1.93522218
8.16177970
3.32454842
5.37109375
6.46484375
11.24283688
3.90820312
8.90201906
2.20344969
5.60872562
8.09798094
11.09439938
12.03841312
4.41764406
12.75781250
12.93750000
13.33235594
7.02311281
2.24414062
15.99869626
3.66536624
7.51627438
9.70312500
3.79069093
11.55793440
3.11361591
5.21093750
10.01562500
2.09765625
1.45410156
9.22721188
0.98763187
9.76204344
7.60123781
3.89322751
18.99544437
5.45703125
3.24609375
5.89453125
6.13037109
14.54255853
13.98730718
3.86360594
4.58528812
5.32971191
2.30729001
5.52278812
2.10872064
2.50846686
5.97786126
4.37694814
5.45378435
3.77929688
11.49641844
11.54524158
5.52344248
4.21419437
5.71875000
9.97298094
1.04655031
12.25488032
1.62597905
6.17187500
12.72427970
1.87728280
8.11718750
6.97656250
2.56250000
0.45092773
5.10156250
2.65234375
12.24413564
12.44238780
3.72460938
7.46549313
6.31575687
2.54492188
9.45735594
15.85969969
4.10091312
2.71679688
4.30045158
1.83626717
3.39453125
6.07421875
0.13366699
1.48730469
11.30078125
0.98291016
5.25390625
11.11067376
5.26432624
5.82812500
12.88281250
1.43164062
9.06444814
3.49414561
0.61816406
4.21060284
1.33041278
2.06640625
1.85969969
2.28287843
1.52441406
7.40331782
0.49023687
1.33496094
10.30468750
6.99234860
3.48372562
13.98502438
6.30013187
4.33593750
2.68164062
5.11328125
6.75129876
8.87972296
0.44759156
1.98547363
1.60742188
5.82812500
7.19531250
8.68033688
9.39680408
3.08887466
14.59959442
2.21485870
8.44691601
12.05699024
3.15657469
1.00553468
8.40820312
5.82844969
4.82389406
0.82568359
7.19140625
8.21695922
0.04488160
10.20117188
2.40039062
3.18945312
7.12923094
7.24218750
5.51920656
7.73241689
1.43555186
9.51741204
5.91666999
1.63671875
11.11002438
2.36067874
0.65429688
4.23274158
4.91178967
6.44531250
2.39257812
9.65625000
2.83984375
9.40429688
8.11718750
17.90428543
0.98291016
4.98664285
2.37859153
7.84375000
1.74121094
8.45377438
3.41208944
12.63641400
3.13834718
0.56103516
6.36816406
15.25846188
3.70833499
14.63800754
9.94434591
11.98372562
11.76562500
0.87532718
10.10156250
5.78613281
0.63378906
15.95312500
15.15689938
5.62825687
6.27734375
2.30143063
3.03450687
10.73079344
7.17936281
6.33365470
5.34635749
8.91764406
0.85791016
9.83235594
5.96842531
3.19172097
4.71843528
8.00000000
3.34439938
8.91341312
22.48272164
2.94792996
1.07162621
8.64518312
24.60221188
7.82747562
3.35937500
0.92057126
8.88216312
8.72159665
7.92545656
2.58398438
1.16178468
3.05924313
3.77343750
6.34700687
4.08593750
1.28515625
5.55078125
7.96907469
3.79850343
1.53808594
7.98079344
10.64908688
6.90167443
1.05633587
6.49218750
13.85579344
4.12630125
12.33170656
4.00423094
11.80403812
3.20703125
4.21809564
1.69596686
5.67610594
2.83039534
2.21517841
16.90039062
1.35644531
4.50781250
0.10577393
13.41406250
5.49609375
13.47656250
3.39290282
1.98990968
2.54361813
6.41731937
4.33203125
14.43750000
2.20117188
11.32877438
0.76985843
0.84619141
9.61098848
6.49903590
2.60156250
11.30208499
8.76562500
11.96093750
0.40673828
3.18505859
0.22542110
11.38395390
1.32714844
3.29979721
3.12403091
11.83235594
7.55826906
5.64518063
6.19856937
0.68603516
5.21728391
0.89697390
2.81250000
3.12695312
7.73258422
5.16975953
14.01953125
2.43359375
3.20312500
6.98860594
2.88053468
3.48632812
10.37923094
6.10905031
1.47363281
5.87694814
13.67155280
6.53841312
9.61718750
1.83203125
4.02343750
1.88476562
13.23144282
0.63818609
8.95735594
8.95670656
12.18750000
2.11328125
10.07812500
3.26562500
15.91177970
7.93197030
2.89062500
10.02343750
2.02734375
10.67968750
3.13899657
4.24640847
6.51498559
3.19726562
8.42968750
0.05532837
8.34179688
8.78906250
8.86002438
4.14453125
3.79231937
10.39062500
15.09199451
1.06413342
9.19205563
3.72005374
12.80078125
3.24641844
11.14420656
8.01562500
4.18750000
3.83007812
15.75434842
0.76518283
3.95996094
9.89485594
21.79964110
6.09570312
5.37825687
0.46875000
3.41796875
16.40949690
3.18067154
3.31608156
8.17187500
8.09927970
2.76790780
1.94726562
9.07714844
8.84016844
1.15201906
1.80761719
3.49609375
14.56086658
6.05078125
5.80632092
10.69856439
3.53385749
10.33235594
11.12500000
6.55501219
11.34505374
2.14257812
3.27734375
19.54492188
3.07421875
13.63134766
0.80029297
8.06542969
0.76562500
11.93164062
2.63883422
0.83772828
10.34985352
4.15625000
2.99023438
7.10546875
3.07617188
7.87109375
5.02343750
4.05859375
9.85286126
2.96745124
3.65820312
3.66943359
2.26757812
2.06054688
8.64679411
2.27898714
1.32128906
7.13704095
2.72721686
14.71130371
2.60937500
1.80468750
7.64062500
9.42187500
9.41372784
7.04720966
4.57421875
11.36783688
10.06185062
8.58593750
1.35839844
6.00813719
1.96305422
3.24609375
5.28320312
4.24218750
0.32958984
2.88509032
7.73046875
7.19498781
2.88703846
2.15625498
2.50944093
7.24609375
7.06509752
5.13802748
1.89025879
11.79492188
3.71093750
6.75813719
8.75423094
3.06380374
16.77103806
0.99902344
8.41242908
0.46452404
1.93586160
5.31999778
0.90380859
4.87825189
6.98698249
10.40625000
4.00781250
0.37695312
9.42610594
5.55110594
2.92513187
11.84863032
4.52636968
1.23828125
3.05696033
5.69303967
1.74316406
9.34992908
0.86686779
7.28515625
0.81152344
2.45556641
7.29117797
1.37190797
9.42187500
5.85855829
0.67269171
3.88052970
3.19206061
8.73014406
11.77864251
5.22135749
1.38704344
23.00553468
11.66906738
1.52539062
12.73437500
4.75000000
12.48502438
3.69075687
0.93115234
8.52766844
0.97119141
1.69205812
5.30110594
4.82780031
6.59375000
7.64843750
6.39062500
8.69173094
4.78483156
1.61328125
5.29231439
1.85807624
5.52734375
1.34277095
7.67480718
6.80696033
8.88444592
0.64892578
11.23354832
5.86020168
4.75976562
1.78613281
3.68359375
9.16471188
6.06966312
0.53360836
6.39518063
3.84245124
5.83853502
17.01432624
8.58463874
1.57128906
2.03351785
11.60547872
4.45670656
3.53710938
13.55891844
2.60709718
2.85915115
0.00713608
3.60367672
14.63997562
0.90039062
5.32193595
9.05697030
2.18945312
6.31640625
7.82161126
7.61198249
1.77343750
1.62988281
6.67382314
9.11523936
1.62304688
9.69531250
1.60058594
2.63964844
2.33203125
8.64127438
0.82649906
11.44262633
0.21411195
12.23632812
2.00390625
3.85937500
4.37500000
3.66601562
0.77685547
3.95312500
7.81705563
2.47623781
4.87858156
7.52734375
2.13509032
1.71451906
6.13281250
10.68750000
0.97900391
2.36328125
1.27539062
4.07259032
7.10707269
1.79134530
7.01513423
6.53027593
14.88704344
4.01530031
1.34082031
7.81640625
2.06445312
2.49414062
8.22656250
3.13118407
5.14811281
11.38281250
6.23828125
5.89062500
9.68750000
3.63736813
8.94302970
1.85124279
10.97135251
2.41341312
10.20312500
0.17602539
2.31054688
10.89843750
2.82226562
10.28906250
4.92578125
11.18359375
2.00585938
6.82421875
5.83461880
2.88803745
0.96728516
7.52343750
2.76953125
4.61360594
8.18326906
15.41601064
7.44336436
15.43814938
9.33528812
5.08203125
1.25622559
12.49820922
6.26741578
7.96484375
3.47460938
4.30500721
9.77507092
7.91406250
0.65039062
1.38867188
5.13281250
8.70735594
5.23405031
0.75244141
15.19009752
3.51302748
7.18391844
1.28808594
7.24576906
7.57454344
7.11686281
6.88281250
0.82556931
2.75293716
8.16406250
2.36132812
4.21875000
4.57454344
6.38443595
2.18164561
11.55078125
7.11783688
2.89388187
4.31640625
8.21158688
0.25228031
3.47395501
7.67090093
6.53157469
5.02278812
15.62141844
1.32877687
6.22265625
3.61718750
10.73598848
3.94760527
3.01041501
2.48177249
15.06933345
4.67090093
2.19335938
4.59765625
13.88704344
7.22656250
8.15201906
5.11718750
7.56152344
6.43635735
7.50651374
3.65234375
3.93546383
5.85188719
0.45556890
5.74087877
1.10287123
6.57812500
4.03515625
6.54687500
4.61130071
6.91929742
7.23014406
0.72412109
1.89941406
6.72330563
6.92513187
1.81998532
0.21297367
3.03906001
19.62044437
7.67740968
5.69140625
5.31250000
18.90182495
7.82473755
3.22192383
2.41210938
10.19531250
1.09667969
1.30468750
4.94596188
2.46614749
6.12109375
2.22265625
12.25000000
2.59960938
4.95735594
5.04329344
4.36263187
0.68017578
11.76171875
8.54687500
9.10286126
1.97916999
2.15625000
9.87674801
8.91894282
3.39876717
0.93750000
12.24641844
5.59733156
17.43521720
1.97298592
6.50390625
14.60823360
8.88818484
1.44401125
1.88574219
1.20019531
1.34375000
9.04036126
5.66276374
1.54834690
3.96355496
5.53906250
6.48046875
0.71826172
4.71093750
0.51041501
0.93099124
14.73242188
2.39062500
6.19986813
2.78027344
15.71451906
4.66373781
0.80232415
2.17057624
13.08007812
8.01204344
1.15592531
2.29101562
10.07161126
4.34635749
7.32226562
1.08496094
3.30273438
17.85937500
0.84814453
4.24348626
10.86588874
1.07812500
10.48437500
3.12304688
6.96125222
14.94759530
16.05648451
4.80729001
1.55013187
4.56054688
2.01204344
0.07047609
2.21158688
3.79036624
8.28613032
17.51074468
8.74218750
1.89062500
8.10156250
5.15884752
6.88802748
5.28125000
12.87500000
1.97949219
9.87596410
4.43653590
1.90625000
13.28839318
2.40301307
7.01204344
3.72428468
3.46679688
9.62500000
1.91601562
5.80078125
3.95703125
8.72607048
0.20703499
4.52408688
7.02018063
5.18326906
7.56152593
4.48697751
3.69661624
6.74641844
13.59439938
4.21386968
4.98079344
2.76334718
3.62109375
7.96939938
2.22981937
9.52994626
13.03450687
7.66406250
7.60188719
3.89225343
10.92122313
10.07389406
9.58821532
6.49186281
7.35546875
5.77441406
14.68684065
4.30144060
5.54817625
3.75374017
3.26237311
4.64420656
4.30468252
6.50977061
7.44531250
9.07031250
2.29003657
3.60644780
1.48730469
7.42773438
7.06250000
4.26236813
2.72200687
1.96093750
4.96875000
9.67968750
7.69954344
4.74186281
11.47656250
19.06509752
3.02865248
7.45898438
4.12890625
9.24120346
2.60840591
3.47216548
4.39746343
4.97721188
12.44466312
3.02148438
6.03189938
9.46028812
11.69173094
1.48600343
11.50423094
2.01530031
3.68619127
1.65169935
10.47851562
7.28271484
3.89648438
10.07031250
9.82031250
5.11328125
4.85156250
7.94173094
4.91470191
0.96583277
11.66406250
2.96679688
6.51953125
17.21875000
4.98632812
5.07486813
2.37630374
3.75976562
7.52343750
3.47102782
4.04264406
2.10546875
2.46289062
9.19531250
4.61165032
5.05371343
2.08365968
4.25390625
7.73046875
3.31282469
8.01334220
0.69531748
7.05110594
5.39811281
10.21353502
4.58333998
0.51318359
7.82616689
2.26758311
8.17187500
1.70898438
3.85937500
15.40429688
3.36946532
2.21289062
3.11328125
4.79655031
0.92480469
2.13281250
5.57193595
7.32650155
3.45507812
7.17968750
7.25390625
13.18456782
3.47754155
0.53466797
6.77994626
4.82389406
2.97819093
8.86718750
2.76009032
7.32031250
9.69889406
6.55859375
3.38085938
11.32454344
1.01009032
8.57747562
9.14843750
0.78417969
5.92968750
1.48726067
19.49479499
4.39453125
15.96875000
7.87084961
5.37500000
4.76953125
1.31542969
9.98437500
2.11523438
0.95019531
1.02709961
1.63899657
1.50846437
4.57421875
4.47069814
9.32259530
6.04264406
15.25911126
19.18522468
1.29101562
3.05078125
8.94921875
3.81250000
2.40039062
8.94173094
19.13671875
0.55240968
8.65266844
4.16764406
1.14404048
3.87402593
4.11328125
7.82063719
21.21646720
6.45117686
2.66210938
6.19531250
6.35579344
7.94140625
1.37955812
6.14453125
4.64159907
2.10254155
1.22753906
8.18847656
9.88281250
5.27343750
1.85644531
2.76757812
11.15625000
15.74543440
1.46159685
0.56982422
2.32584469
3.81575687
14.42578125
7.30468750
3.82682126
5.27278812
2.60156250
9.11718750
8.60758422
0.30354859
14.30175532
14.03418218
3.35937500
14.55240470
5.84016844
26.82617686
14.83789062
1.70996094
16.32812500
5.70116689
16.60352061
6.07893548
2.29166999
3.46044922
2.08203125
0.26318359
1.75162594
6.58951906
3.27115968
2.24414062
9.28125000
0.65966797
3.08512204
15.88606937
10.33235594
8.09342531
9.59375000
1.42480469
12.00000000
4.07454344
8.30045656
12.36360594
16.87109375
5.15234375
2.03873781
18.27943597
4.65787345
2.61280045
9.41406250
2.56282469
8.26185617
1.32766289
1.49316406
7.17187500
0.64892578
3.33626219
2.31835938
6.83561281
12.28906250
4.48437500
9.03384752
4.65365248
2.68391844
4.25553468
6.94531250
7.31640625
3.08626219
6.19889406
9.15754876
3.22331061
1.85546875
7.26822252
4.09115248
1.70084469
5.84047319
3.65887743
5.15396969
5.31998781
1.18619875
10.68750000
2.13150876
1.46224124
6.99218750
9.24543440
3.08854997
0.85937500
17.16796875
6.03253879
8.82292996
5.25781250
11.14485594
8.56250000
4.96646720
12.04492686
16.27670968
0.76708984
11.35644531
2.15039062
8.37923094
7.78906250
7.78287345
6.50747784
13.13901152
0.11224365
1.36326775
3.35091312
7.44075687
2.08984375
3.53906250
3.96516844
6.56119127
2.21192154
5.88769531
7.73046875
2.39062500
2.83398438
4.81640625
5.22070312
3.59765625
3.83203125
6.79719969
16.55045656
8.03906250
1.61132812
8.07454344
1.36979250
8.32031250
3.71712157
6.36686281
4.11328125
11.10937500
3.95703125
13.86163786
1.10515901
19.20510771
7.23374556
1.37988281
1.89257812
9.20312500
5.99218750
7.52147939
10.09603280
0.36832765
0.99755859
8.31868407
7.77148188
8.24349124
6.02342753
12.33139184
8.53189938
6.22069814
2.07552748
4.06282469
7.41764406
3.44335938
1.62304688
0.64062500
4.95149657
5.46093750
1.06412843
3.39062500
3.25520501
3.19889406
0.44385015
6.29296875
15.01690336
7.11641511
1.47505707
1.53979492
5.06640625
8.20312500
1.04296875
4.19140625
0.83088860
1.30631843
9.08235594
3.23209718
7.18359375
6.93750000
4.46549313
10.51106937
1.20996094
9.62500000
1.91796875
1.70605469
13.83884974
1.51873323
3.19466312
3.08203125
3.37500000
1.02620360
16.58170656
7.01171875
13.31250000
6.01953125
15.97786375
5.28873781
0.75244141
4.71484375
0.74267578
2.62500000
2.39062500
11.87923094
9.21516844
1.92024657
13.48079344
4.68620124
0.47509766
9.85937500
6.52734375
1.90332031
1.93131095
1.12239999
6.03515625
3.98697751
3.16341312
9.20133422
0.43782594
13.00195312
7.51301751
3.31120124
18.28938719
6.23795656
2.42187500
3.89453125
1.18684813
3.66959718
3.36393063
2.14679660
4.65040558
1.21256344
6.18489749
0.54785156
9.73860594
8.25358156
0.19042969
2.03873532
9.46810062
3.34375000
2.72102782
3.47233156
3.97265625
2.17545407
15.81966312
6.67187500
2.07226562
7.33593750
5.96972407
6.17480718
4.37890625
9.63281250
0.29394531
7.86718750
3.21223626
7.85807624
9.07291002
6.65365248
1.69938110
6.70100953
2.70703125
8.85156250
9.35579344
5.73795656
9.23502438
4.21875000
0.91095080
0.08376115
1.98062985
2.19466312
8.72721188
5.26530031
7.98795656
4.93359375
12.17333984
15.00000000
7.10156250
11.03548094
9.27701906
2.28125000
8.33984375
1.03222656
5.57812500
13.53449690
9.80925310
10.11718750
6.23828125
4.03906250
9.05891844
7.53483156
4.54296875
4.10937500
8.88281250
3.15657469
11.35514406
4.86718750
5.22265625
7.70344969
2.92252438
8.53418218
5.59765625
6.76953125
0.57324219
5.47412109
4.22656250
2.16601562
6.32421875
2.17773438
2.29296875
7.31640625
1.38509032
6.17545656
10.66406250
0.55317864
1.44108405
2.99804688
10.94140625
4.63671875
20.09016844
5.84342531
1.45800781
4.39843750
0.71891110
6.97591312
4.67968750
6.94921875
8.13085439
0.97070811
1.89410856
2.40008089
2.70898438
16.20735594
6.31020723
7.86915558
4.32096188
2.81770999
8.90625000
4.09081782
5.51659907
2.72461436
10.09375000
2.76757812
1.10058594
13.81152344
2.36914062
4.44140625
1.26757812
7.13281250
7.26562500
7.71875000
3.54296875
1.58886719
10.04394282
8.44824468
2.47127196
0.57926515
3.24560547
1.56347656
0.51741453
4.21077391
3.73372562
3.81250000
4.87500000
0.49381344
7.38216312
12.57096188
6.68294437
5.10546875
9.28210449
4.23608398
6.87109375
25.83007812
2.85156250
3.41361325
0.33813165
13.03214539
1.70800781
21.19612921
4.87174313
4.66341312
3.94726562
8.08593750
0.16760254
2.19140625
3.40625000
1.87043191
2.75359153
6.96484375
18.40266844
4.82724615
6.90983156
2.60123781
9.37500000
6.29296875
7.76953125
0.06109619
1.22851562
13.03906250
5.00423094
0.72427970
5.52962406
2.82877936
5.77734375
0.99462891
1.71191406
10.33593750
3.75878657
0.69970952
2.57812500
4.35511672
0.12974656
2.00943844
1.98763187
2.13118407
7.26562500
2.02506593
3.70800532
1.96028812
2.26920656
4.45703125
14.14453125
9.46875000
5.34875555
0.31367852
4.01530031
1.74137204
4.26497562
6.60111481
0.61275238
0.42309570
4.01790282
10.80045656
21.94715310
2.10710715
1.67773438
1.98535156
11.51204344
8.99576906
4.63704344
2.16178468
2.71289062
9.47656250
14.22298094
4.50813719
5.15560062
3.01562500
7.25344174
12.87076906
2.19710328
1.02327515
7.46875000
4.75553219
7.65169437
8.22656250
6.29003657
3.49179649
5.78027593
5.76269282
2.60254155
2.77148438
12.00423094
7.92545656
5.79329344
11.90266844
1.72981937
2.21484375
6.31640625
15.59081782
42.45410405
2.71093750
1.26855469
6.72265625
0.05050659
0.69042969
8.66406250
6.53125000
8.25781250
6.13183594
6.06282469
7.19498781
0.80419423
0.96777842
5.00781250
6.69921875
20.14550532
8.85449468
2.09570312
5.58203125
2.85807126
3.46810062
0.25986569
1.65690187
3.34537843
0.36743164
6.44140625
8.65266844
5.98014406
21.83203125
8.00976562
1.19824219
3.47656250
17.73079344
3.29752687
3.20344969
2.60905031
2.61914062
1.08496094
6.58397939
1.73047373
5.71777344
11.05468750
4.69531250
4.55533688
1.75130374
0.01046753
1.39306641
4.88671875
6.85156250
6.13281250
0.69287109
10.41705322
5.65266844
9.96875000
1.93522218
3.14648438
9.06250000
8.39485594
0.96011705
9.11035904
1.48046875
22.67446255
14.24773714
6.74186281
0.99446532
3.96842531
1.95507812
5.60937500
3.18359375
0.44482422
15.27115470
13.29720467
6.85651153
4.63176972
3.76367188
2.87500000
6.16015625
5.73079344
0.05009035
18.24283688
7.76594969
4.63475067
7.27052526
5.76562500
15.55826657
6.64453125
4.93001219
2.07324468
1.49511719
3.88085938
6.60546875
6.72688719
9.27115968
5.05859375
12.03906250
0.67508536
2.70540780
0.36206055
2.01302000
0.07694582
1.03336422
6.99544437
5.16406250
17.46516844
9.80826906
1.90917969
4.37500000
8.82812500
8.68945312
3.67382812
22.26562500
10.94596188
13.17968750
4.11263187
1.76269531
0.04437256
6.45833001
1.86393561
3.12304688
2.43660461
0.04007996
4.08821532
4.42545656
8.34179189
3.69727061
1.34472656
2.84765625
5.94140625
4.20312500
1.66113281
10.12923094
2.25358156
10.81411348
6.09246121
1.99576906
4.59798094
2.15787843
11.10156250
2.53547845
4.43620124
6.78470856
0.34297699
1.75585938
1.97851562
5.76562500
6.93750000
13.21939938
8.33919437
7.33203125
2.68750000
3.07421875
10.76985594
3.44079621
0.37390106
6.44563719
0.81380374
3.06835938
9.56738032
0.80176030
2.71484375
16.51873779
7.41796875
1.05664062
12.16406250
18.60546105
1.63118656
6.89062500
8.54492188
8.56250000
2.31250000
19.73013908
16.44823471
5.01172872
13.17903812
17.07226562
1.33203125
1.15332031
1.52734375
0.81306945
0.10270203
9.48437500
9.74218750
0.31835938
13.17577128
4.65877196
1.36296653
2.51562500
1.60481688
2.73405031
9.82454344
2.65006593
8.91471188
3.99511470
7.60384530
0.56933594
4.38281250
2.38051724
1.22788120
1.78645750
0.87207031
0.72770265
2.16992188
11.25747784
1.09994403
3.23469471
10.43132092
3.09698486
4.92578125
0.20568848
6.83512204
6.54231937
20.75422097
7.55990248
4.88118905
7.11359597
2.16179465
5.49251219
1.52539062
2.26204344
2.15755374
5.85546875
3.76367188
1.93959927
1.84897495
8.31801973
9.46973902
6.33528812
1.19238281
3.58789062
5.59765625
8.89062500
20.16959220
9.41764406
8.01774421
1.92480469
3.34765625
12.52180408
7.88444592
0.41292297
0.00280274
1.66715710
10.09310062
16.38867188
4.80859375
15.75813719
11.61718750
6.96647218
1.51464844
1.70800781
8.01562500
9.48860594
0.32120851
4.65625000
16.20572252
3.68490248
2.12109375
8.05859375
5.02766844
2.61295656
3.08789062
3.71093750
0.93814938
3.16927249
12.08593750
4.70703125
8.66829344
14.71717762
4.70571754
5.61459995
1.64355220
3.43197030
1.59798094
14.87988032
4.63377162
3.25783244
5.82780031
3.84570312
11.92610594
5.48795656
6.63671875
8.04719969
1.43717531
11.79752438
2.16927249
3.09960938
10.10937500
7.73046875
5.19173094
0.24430422
3.38638908
3.66113530
0.84212406
2.73632812
14.97667211
1.99122340
12.55240470
8.61947030
6.53125000
4.35937500
6.81770501
2.00260749
11.91048094
1.49381593
5.34375000
11.36197751
9.51497562
1.81347656
2.59960938
7.27734375
6.52766844
19.47721188
8.31608156
9.74283688
4.62011968
0.74967531
4.17968750
7.14094969
11.81803468
8.38378906
2.04492188
2.32421875
5.95198360
0.50504765
10.65396720
1.67025155
4.97656250
10.01366689
6.97526374
7.85872562
6.24251219
0.86783937
1.36718750
21.78320312
18.15334746
16.34238771
1.82324219
5.14453125
7.39485594
4.58951906
1.37922596
5.47819592
9.00487035
7.93295434
2.62337157
1.24837406
15.09391110
9.88216312
0.85595703
3.76171875
1.53320312
7.92187500
0.00122452
14.25781250
9.43098626
5.06120124
3.83593750
9.60937500
1.96386719
10.07812500
7.06250000
3.41992188
0.73681641
7.57421875
0.16015625
0.37402344
16.61555408
7.29687500
0.47233654
8.66406250
2.68652095
3.00895390
2.55647828
10.76952128
8.08985372
18.52408688
7.77701906
7.76530031
1.47949219
13.50194814
5.21680186
5.33593750
5.66406250
3.87402095
3.42024158
8.38884294
2.16796875
4.72265625
2.58203125
2.49023438
5.66926751
1.55924811
3.66121399
6.66105164
1.02734375
14.21484375
3.52322682
1.71065990
0.28271484
0.31658936
10.93293939
5.44010749
10.11718750
11.95507314
8.45703623
7.36604610
1.08089234
4.99935062
6.16015625
3.58658688
6.88216312
23.10025876
3.33333499
8.59830563
4.98372562
7.91232300
1.95149657
1.35807375
4.77376219
13.19212767
4.23763187
1.58886719
17.30077128
6.62662345
1.29330839
1.57101045
1.02377714
4.73801032
5.06472406
1.55664062
3.03775876
6.89224845
4.52116467
3.38150876
1.71224124
3.63867188
3.70312500
2.88117908
4.46647717
1.33398438
7.45019282
1.94629155
9.32454344
2.65787843
3.06933594
2.42968750
7.84375000
2.50585938
2.49804688
3.45784298
0.63737187
5.62890625
3.68554688
22.39062500
3.16210938
2.36914062
1.85546875
4.91829344
1.91210439
4.77897717
4.65625000
4.72656250
5.42219969
9.03483156
12.41227172
0.12251832
4.14355469
11.58708954
3.75390625
3.43164062
0.09631348
3.57486813
2.53613032
1.78157967
6.08593750
3.65266844
0.95507563
4.64909186
3.44140625
9.05956782
3.47395999
3.78678468
1.46484375
0.65880849
3.27344248
7.50781250
4.25390625
3.04095912
0.02242589
6.39583001
0.93815436
3.13604736
8.01562500
1.86783688
0.69661624
9.03125000
5.12792969
10.83609860
7.71419437
6.27490234
4.96907469
12.47639891
6.67903812
0.92545531
0.80159547
7.64062500
6.36718750
7.72753657
3.68261968
2.78906250
5.90625000
6.29003657
1.89127189
4.15755873
15.50893490
5.14388187
2.60546875
7.24674313
3.56379876
2.98437998
5.73273161
-1.07159880
8.72721188
1.50032718
2.96325684
7.42187500
0.64013672
4.64843750
9.14843750
8.65396720
2.22558843
9.43685062
6.30468750
0.81656735
2.67773438
4.39908190
3.07715591
1.85123781
3.56250000
5.00650377
1.83919935
1.31640625
11.26204344
4.22233156
2.64518063
4.99153812
5.75000000
2.06640625
0.65039062
1.40673828
4.53125000
5.98469969
4.71875000
2.45084718
10.10156250
2.94531250
1.88476313
8.95605718
0.76057860
1.10905031
0.78906250
1.93164062
8.11718750
0.10003662
6.52164672
0.20271851
8.10156250
1.39746094
6.31250000
16.72004876
10.99739749
12.53710439
5.67757826
0.58593750
9.61815160
9.59506371
5.50748781
16.12141844
13.14680907
7.60905031
4.90478391
2.28434452
18.87173316
4.69467309
0.43530273
6.95507812
2.05273438
9.94531250
3.52148438
7.38183594
1.36621094
1.73046875
2.07421875
1.50878906
0.50146484
8.51562500
2.79296875
1.61848626
11.11588874
4.32063719
8.08951906
6.68814938
4.67708001
7.02409186
10.10091312
1.65527344
0.69189453
1.85839844
5.78906250
8.93169300
6.31185062
18.28254876
9.52897468
1.81445312
4.85937500
8.14941157
12.04036126
7.66634530
4.16341312
7.69921875
12.69173094
1.73698000
5.97265625
1.98795407
6.85091312
2.19531250
5.68586658
12.14013298
3.40658466
6.18929078
4.78125000
2.57875943
3.03647495
8.66406250
3.39843750
13.13281250
14.05598626
5.61782193
4.90236369
2.83821532
12.59586672
5.08203125
12.69368407
6.45280031
0.26318359
1.45410156
12.47851064
2.08203623
3.92578125
0.02380371
2.01757812
2.86555907
7.55696033
3.00716810
4.43359375
13.52766844
9.60545878
1.81999778
4.56640625
7.02734375
1.24218750
8.94596188
1.99723141
1.33268561
9.14843750
1.19921875
1.62988281
13.40396720
3.82356439
0.50489029
4.28515625
0.06439209
1.98372313
1.09635500
2.41015625
4.41406250
9.81119626
9.10286624
6.07421875
4.75781250
7.52148438
0.41137695
2.16650391
5.32421875
1.55371094
8.17187500
2.89005430
0.35530703
4.55468750
22.15363254
3.01270777
3.08788813
4.89323249
2.82226562
6.32454344
11.11100343
0.23400879
2.43896484
2.42382812
1.10058594
9.51562500
2.47070312
4.41406250
0.60986328
0.09387207
1.07991453
3.22298094
6.37825687
4.77734375
1.08756344
1.67501995
0.67638145
4.54426751
0.58756843
9.00000000
7.03906250
0.95312500
6.91536126
2.67448249
1.11132812
5.18001219
1.76920656
1.26562500
14.41471188
5.52669437
21.06021720
5.44921875
9.01416265
6.38606937
5.73437500
0.80810547
8.16406250
1.89257812
5.75781250
2.82617188
15.25878906
3.05468750
1.44042969
6.85156250
2.21354001
6.23936115
0.82786057
7.26171875
8.76562500
4.04117797
2.04475953
10.83658688
7.86360843
0.77050781
3.46875000
20.05322027
4.39062500
0.50439453
5.75634516
3.93261968
15.73307126
3.19466312
8.09179189
1.38770030
1.22191386
16.35804188
0.18479276
6.41535129
16.40886746
6.08528812
18.57096188
19.55045656
8.61295656
2.35351562
19.74608378
3.44661624
3.10612810
3.25976562
3.35334954
3.69791999
6.30078125
2.47460938
12.32812500
9.90820312
11.80143063
3.34114749
13.20865470
3.24836160
1.82813995
3.00942598
6.49838652
2.23632812
3.69173094
0.09541871
0.02290894
1.69531250
8.50781250
6.17187500
7.91188553
0.82834885
12.90234375
6.77343750
5.20312500
0.04129028
0.35449219
1.54581540
9.17903812
9.45312500
6.00032469
9.18717531
6.12109375
3.71289062
7.94531250
4.08984375
5.93521720
2.32064217
1.28320312
6.11847629
0.99480496
6.33984375
5.25000000
8.97785129
8.33074246
1.24902344
5.59895501
9.70963874
0.70898438
7.23046875
2.37524414
8.35221188
1.12337406
1.61270993
2.40950687
11.89127438
8.56966312
7.58365470
10.62728280
17.28384752
-0.31143541
8.36360594
3.87662843
3.26367188
3.41796875
9.24039672
0.65364625
3.57812500
9.18391844
0.26163820
2.46289062
16.87140847
4.83562278
4.82844969
2.09537843
10.71093750
2.77734375
6.38150377
2.50716810
8.78125000
2.27734375
12.67057126
2.40755374
4.54687500
9.36328125
7.02571033
1.60124279
0.94830322
2.94140625
5.23046875
10.40418495
1.19477255
0.44498781
0.03137207
12.85066711
0.04362000
1.88671875
13.57812500
15.59992908
4.78288342
18.65818817
11.62859402
4.90950687
0.60839844
3.05664062
12.18521720
2.57259530
6.14453125
0.92658924
1.38249279
1.95019531
2.60156250
4.31250000
9.18750000
5.39843750
11.97786126
3.98307624
3.86588376
7.98795656
1.27018312
20.49478004
12.88607934
1.05394158
2.19987311
8.52343750
4.77734375
2.58300532
1.12207280
2.45898438
17.69367908
5.04460217
3.05468750
11.03189938
6.49935062
5.35155253
0.76661153
7.25683594
4.28833008
0.10717773
2.57421875
4.86328125
13.59016844
7.03673979
4.23372562
12.50781250
15.35709469
0.22542110
4.20817265
2.63085938
7.81640625
2.47070312
4.74609375
10.98193359
20.11425532
3.70215093
6.25032469
21.30761719
15.46353502
4.34472905
17.93750498
6.86328125
11.91601562
20.28906250
3.53971188
3.60072834
4.10663009
1.28027344
10.08169556
2.92578125
2.69531250
7.63671875
10.58007314
16.82601202
17.32991578
4.42187500
3.39811281
2.36132812
5.33170656
6.30468750
6.69531250
4.94921875
16.50000000
5.40625000
16.85253906
1.35090852
4.58723626
7.94465315
6.44109153
3.27962157
4.32356937
5.05078125
7.63867188
8.43391844
5.55859375
1.09342531
7.23437500
9.09439938
5.00846188
14.50456061
19.73046875
5.88281250
7.57812500
2.35937500
4.18750000
4.02734375
9.59439938
0.48812015
2.67382812
3.60742188
4.79687500
0.69873047
20.92447252
1.70248060
8.81250000
2.93424313
0.63802249
0.75768545
9.69334442
8.74220744
1.75683594
2.51804896
1.06154088
13.34375000
2.75423094
0.61344484
3.75161348
4.19190824
1.81038453
18.98598848
5.11752714
3.12304688
9.28125000
6.93001219
7.51204344
7.23763187
3.21728516
1.10058594
6.06250000
2.18587157
11.51920656
18.37320922
0.09468629
7.10480940
5.82878435
2.29296875
16.85253906
0.52636719
3.79524657
1.00358156
7.75000000
4.34667969
4.94954344
5.92155031
5.08203125
7.67187500
2.16601562
2.08341368
0.13728945
5.00390625
23.80565160
5.06576684
1.58756593
1.19433594
12.72656250
0.39233398
3.38476562
9.90396720
10.07861702
1.65022828
10.82031250
10.17968750
2.37304688
0.03555298
2.20117188
15.06347656
6.81250000
12.08640958
7.86313386
3.38932375
11.85546875
16.43212766
0.39843875
2.66796875
7.92529297
9.78548094
16.38455802
2.39453623
2.57812500
8.00423094
8.05826906
7.04296875
9.96293090
19.84358765
2.06250000
12.75000000
2.90234375
12.68750000
0.46850586
1.23437500
10.31250000
0.00667572
12.84439938
3.48567874
5.05468750
8.10156250
5.78938719
8.40071033
0.83268811
2.89615968
12.18391844
4.91373781
1.85156250
5.58593750
5.17578125
2.87304688
0.80533688
16.12044437
7.58984375
7.97298094
1.97233156
8.28125000
5.21484375
7.99479001
7.00325687
4.55151367
9.73567376
11.47168218
5.79899047
0.66162234
1.43228502
1.78451185
4.64094969
3.26283602
0.65228727
6.12728280
0.28287843
0.72851562
13.19497784
17.78971188
3.83952903
11.47700926
4.85709220
1.80078623
1.08593750
7.20245568
15.06381870
16.22818595
9.54850842
13.30859375
15.33235594
5.89746094
4.34342531
7.52376219
0.59147218
6.78515625
2.17382812
2.31054688
2.71199524
1.01847351
0.19922726
0.43440921
3.15039062
6.41406250
8.84375000
1.97688719
0.83610109
7.25455563
6.99544437
2.06053940
9.41504654
7.57242797
6.65022828
5.00000000
0.95475094
5.62076906
2.06640625
0.68961672
6.62109375
5.61328125
13.44791501
15.83593750
6.86263187
1.77832031
8.06347407
4.60872562
1.83561281
6.42968750
8.07828522
3.78515625
7.42187500
3.55078125
4.26236813
10.21028812
4.69140625
1.51984846
6.32487810
11.10611813
10.63802249
5.80468750
7.92447252
6.52083998
4.47363281
6.11328125
0.23779297
2.26953125
16.99511719
0.74352529
5.92773936
3.61816406
7.01562500
8.35937500
12.21026818
13.54461214
3.12207280
9.14843750
8.17968750
5.30924313
14.28906250
13.97949219
1.65657718
1.62988281
3.76255035
2.00195312
2.95117188
0.73144531
2.96484375
3.73632812
4.78319814
3.65430186
5.99934065
3.47397554
1.63183594
10.97622784
6.39112076
17.48632314
9.16146498
5.87890625
2.02571532
2.97306398
8.25846188
9.05208499
4.05818602
2.08561281
7.37500000
10.24641844
5.39030031
1.11995360
4.45280031
5.84375000
1.62043939
8.06120124
16.32812500
3.65429688
13.05110594
10.26920656
8.44531250
7.53548094
0.53971437
2.32519282
5.20215093
2.60156250
6.50390625
11.87500000
5.68001219
7.90266844
6.38606937
11.20898438
8.39062500
4.93750000
4.36393063
2.37522371
7.96288564
20.81250000
9.63867686
3.63867188
12.56673094
8.38346188
5.08919437
1.31705812
2.89062500
8.71939938
1.06478031
2.58007812
10.69074690
2.65495622
3.45703125
3.00423094
7.11718750
2.55436281
5.49023438
4.11718750
11.54687500
2.61914062
1.30078125
6.96093750
4.83984375
9.75683594
17.28613032
2.05371343
4.47656250
8.03125000
24.82454344
8.15201906
4.59765625
2.38704344
5.46093750
10.95995346
1.11784685
20.01757314
2.09766123
9.40234375
8.33593750
0.51025391
4.12109375
13.87744016
0.43017703
1.30313110
11.15625000
1.33886719
4.38037109
17.09765625
13.27766844
2.77311281
6.05190271
8.65512854
9.23860594
4.94140625
1.18033937
12.16601562
4.60156250
9.63281250
8.01562500
2.59179688
8.30891844
13.13248781
8.99218750
31.13671875
15.77539062
9.91959594
17.80354859
5.00390625
1.58592753
13.13411126
4.66439716
6.54915780
1.12695312
4.92219969
4.11066878
0.94857685
2.87239500
9.19498781
0.89257812
9.91796875
12.72721188
3.49837406
6.96484375
2.48534907
1.42740968
8.71614749
9.63346188
5.79427249
2.76822252
7.87240248
14.31314938
9.49901596
7.60189716
6.46875000
10.12564938
1.42024906
3.45117188
6.40135971
1.14942154
1.37261670
3.29915282
4.37793218
7.84439938
9.63997562
9.04882314
1.81250498
1.32617188
13.97070312
5.30468750
5.66406250
0.74658203
1.82421875
3.76082336
0.22281922
3.51367188
7.33756095
20.73567376
3.34864029
2.70312500
1.51074219
9.14387190
6.14909685
4.24218750
0.60107422
1.76269531
2.61637204
2.68359375
3.71028812
5.11328125
10.08626219
5.90592531
8.20409907
4.66471188
3.09603280
11.91048094
3.05631593
3.13671875
3.73437002
4.27148936
2.82617188
2.75813719
11.55533688
7.61230718
5.55468750
7.37109375
15.43391844
1.93400148
6.84830563
5.24056156
9.21906472
7.18718528
9.06673094
1.17382563
3.01855718
4.82551751
5.06478280
4.26334220
3.68587655
11.07485816
6.95834496
4.26953125
2.76367188
4.14453125
9.68033688
4.94466312
3.82617188
10.48437500
1.93196532
19.55891844
3.36067874
2.25390625
1.83203125
15.78125000
20.10156250
17.22721188
14.03848178
0.62442868
2.75325687
8.32031250
2.87890625
1.33075781
6.30681294
1.13281499
11.52211880
5.60678745
6.37890625
7.17968750
0.70214844
10.53677970
6.89681405
8.86132812
2.09407469
12.21948304
18.42341977
1.63313968
2.53515625
9.52717642
0.82438608
0.01436615
3.43045895
16.00000000
4.56185062
6.69921875
14.16829344
0.22770265
6.28579566
4.78451684
0.77343750
11.36425532
2.75293218
3.05240719
7.04622562
1.65234375
14.34375000
11.74218750
0.05581665
5.24510971
0.68067154
3.69580078
5.11328125
9.48502438
4.21810062
8.92252438
6.60091312
5.15234375
4.81250000
12.55596632
5.69403368
0.66210938
1.43359375
18.23567376
10.08463874
1.17382812
7.15004101
3.17808399
10.82812500
3.24609375
7.11328125
0.13610840
0.24731445
3.91015625
2.05468750
13.52408688
3.47656250
20.49935062
8.72656250
3.62646484
13.03189938
4.32747562
3.54492188
6.87923094
0.94498781
4.32747064
9.08854499
6.28515625
7.75390625
6.91048094
-0.02913328
0.43212891
7.11645508
0.46875000
7.67578125
0.80517578
12.68163564
3.52148936
0.63506582
1.18945811
4.53741911
13.36790010
10.36584223
2.89355718
3.94140625
0.92872620
6.86783688
3.01497562
6.54296875
16.86132812
7.56640625
1.17187500
21.29687500
0.72395750
6.09342531
0.29174805
8.73437500
0.75968134
3.60855829
15.86165780
4.39778812
4.52734375
8.20735594
11.53677970
0.96387217
3.81835938
2.99218750
8.57649158
5.41178967
3.75943844
10.99544437
24.16796875
5.46158688
2.64591554
3.16415290
0.88695739
1.75569703
2.98794410
10.61881446
20.74576906
10.88476064
12.65430186
20.43359375
9.52396388
0.27388769
3.44335938
2.71515847
7.70704122
2.50926239
1.10157745
3.50520501
2.71549811
1.54817625
2.65364749
17.11718750
2.29101562
9.03125000
10.98388672
19.28189938
1.42708499
4.04687500
8.32779034
4.75033466
2.35351562
6.97509641
0.22021609
6.19726562
11.75390625
3.10334830
0.15202280
8.10937500
3.17285156
12.93422319
2.22202681
3.61268616
5.21093750
5.40298316
4.23796653
6.75748781
5.44758533
1.58757092
11.09016844
9.86425781
19.81998781
3.66243407
3.39518312
8.24641844
6.41764406
4.24218750
4.55468750
15.25390625
14.65266844
14.43229250
18.96711658
12.89387190
3.91635527
13.80865479
6.41406250
1.34082031
2.47363281
4.80859375
7.34798094
3.14420656
0.89534422
4.42187500
2.88443595
6.22852061
3.66796875
3.16796875
0.96117416
0.42383560
17.80468750
3.54101562
11.13085938
2.28906250
2.13085938
8.77115470
4.32650155
8.62628158
1.14520279
4.84765625
3.27734375
0.39086914
7.04296875
2.08007812
15.87336658
11.16862561
2.84570312
3.25423094
7.92545656
2.29882812
9.73079344
3.75553468
2.67773438
5.00602172
0.56910757
1.92578623
15.14062500
0.87776610
0.50309328
18.08578491
10.23046875
6.51985594
1.85026125
12.52343750
11.77245346
5.16114029
8.84375000
10.28125000
0.01208496
1.84179688
6.95312500
16.23828125
6.93570922
0.43611695
7.57421875
7.90429688
1.52050781
3.69726562
1.46289062
5.44417110
7.08317265
13.24283688
8.41341312
4.78580563
0.73812015
1.77050781
6.56054189
0.95508311
4.75781250
5.46093750
0.00407410
2.42285156
17.53906250
2.41048094
23.84375000
8.23795656
16.18750000
0.31567383
8.27343750
14.99966534
4.38900653
4.10937500
7.03125000
4.72688719
2.21451906
5.96093750
2.93879876
13.65754876
5.03255873
6.58203125
0.11120605
9.96875000
0.69531250
11.48795136
8.14568262
7.65381109
9.98242188
1.10644531
4.30859375
7.13313719
9.31608156
11.03384752
10.59115248
12.34992908
10.12011968
3.57552249
5.24935062
15.25000000
8.97067820
3.33010305
19.81379876
4.09928718
0.45336914
3.19433594
4.24609375
8.46223626
2.20573249
17.35742188
6.33593750
0.38134766
17.10579344
1.51627687
9.77929688
1.52734375
18.16471188
4.02416236
8.48502438
1.42529297
7.94531250
12.18685062
3.42935783
14.09603280
10.78613032
5.74121343
7.28125000
8.64843750
1.97558594
5.71549313
1.27669437
4.48437500
6.81250000
2.18569551
3.43979277
4.80859375
1.23038571
10.70638187
2.60937500
2.58593750
16.47778320
2.37841797
6.26562500
11.94531250
10.04555630
3.47788120
9.85937500
4.68586658
1.17546154
1.66992188
7.31379876
8.41276374
1.06347656
6.85709220
4.33822030
11.50781250
3.91698471
7.04004654
4.91406250
11.99808590
4.80208001
3.92383311
17.20312500
4.22265625
8.96093750
3.13932126
2.67903812
2.14761207
3.40561059
10.38509032
3.68912843
4.25390625
7.78807846
13.33692154
0.78808594
9.74641844
10.91669406
3.27573027
2.99023438
11.50454566
15.51758809
4.10156250
6.59310062
0.55322266
11.40234375
5.92968750
1.38476562
4.37500000
25.77734375
4.89062500
5.69531250
10.43586658
22.01335217
9.00781250
10.30468750
2.65234375
7.47298094
7.65071532
7.85872562
4.74609375
1.30761470
0.99023687
3.59049313
1.42903812
3.52148438
8.95703125
2.29687500
3.74414062
3.52255726
6.87500000
6.00292221
4.36035904
1.98828125
0.50634766
2.13671875
5.92708001
9.91809082
0.99284186
9.39387190
3.10612810
3.32812500
18.80471951
14.82983398
2.36197751
2.48372562
0.89257812
5.75291224
3.34083776
0.72705078
12.33235594
7.04215578
6.80859375
2.94726562
11.51114805
0.34529726
9.49641844
1.59472656
5.98258547
5.99641844
4.79329344
12.92610594
15.46386968
11.88473821
7.58173148
16.69075687
3.41438719
3.73405031
13.64908688
1.21126468
4.64843750
14.26562500
14.51562500
6.44596188
9.18685062
3.88867188
13.52473626
5.40625000
9.93424811
6.48828125
9.44287109
20.46875000
14.40266844
1.88053468
3.03824704
15.20247562
6.26757314
7.10122784
8.21713652
4.33203125
10.24495360
16.06250000
2.78579566
2.93262965
5.59439938
12.36360843
5.92187500
10.29524657
5.39485594
0.94856937
8.87141844
6.90234375
8.98270722
0.99144791
1.65723404
8.36002438
3.59505374
0.09265137
23.29833112
2.88330950
6.53840315
6.70020279
8.77701906
8.28548094
9.04264406
2.27820839
1.11534630
5.64485594
8.03483156
4.87109375
1.02929688
0.47148558
9.57194093
12.37500000
0.08703613
4.28189938
4.80013187
11.43716534
18.44108156
2.57910904
18.55826906
6.94467545
0.77050532
1.28711187
6.13671875
15.17773438
7.25781250
4.54687500
9.14257314
1.45410655
8.15625000
2.33593750
18.36755371
6.78416224
6.74186281
6.85678745
6.80078125
4.36328125
0.77197266
15.69238281
3.18164062
1.13574219
4.96093750
4.00781250
3.97070312
0.44140625
10.73925781
24.49641346
9.02702404
15.83658688
2.30892093
7.77734375
17.96516844
1.78776125
9.64745346
4.89551529
0.83740234
12.31282469
5.12531971
5.30794935
12.46875000
3.24316406
6.46875000
5.18750000
1.67773438
6.18391844
9.32062722
7.30469747
6.47005374
7.55859375
18.14453125
8.25781250
3.36914062
3.89648438
4.94433594
4.39843252
9.33008311
7.86328125
6.76171875
8.80891844
1.34440187
5.51041002
8.29850842
5.68422818
4.84148714
5.58561281
6.11490968
10.54752438
3.31054688
4.99544437
0.66143799
3.89485594
0.77262453
6.34375000
4.38346188
1.91927249
10.33235594
3.09147218
13.16894531
9.36132314
15.18978280
11.67545656
5.79296875
1.07226562
3.48046875
6.35156250
10.91015625
0.11271055
11.75870789
9.13281250
8.60221188
2.44270999
15.91829344
20.39192376
1.82617686
5.65657469
15.37108877
4.94694592
0.77897094
1.55550172
1.38281250
12.84960938
6.84765625
2.86718750
10.15298316
0.73991965
7.35905031
6.56640625
7.14453125
1.14426261
7.93978280
3.32486813
4.99542942
1.41407745
2.18945312
3.96093750
3.12596161
5.36524933
16.63150377
3.44271498
0.70670531
2.10953735
8.01139406
7.80891844
4.63639406
0.60257965
3.04941947
4.54331338
2.26627438
1.76204593
10.48990470
1.40169686
10.19921377
4.47852061
10.34375000
7.63704344
3.19498781
0.89599609
7.05533688
4.58691157
2.18034186
13.90625000
14.52701906
3.89648438
9.01562500
2.84081782
2.55371343
1.72851562
5.70995346
11.54395279
2.71679688
3.49934564
1.54459968
4.31640625
0.26708984
1.40039062
7.62563941
7.21354499
15.90495124
18.37305186
4.98079344
2.89615968
8.18391844
10.48795656
8.14062500
1.97493157
6.35026374
1.58789062
2.11132812
2.60400391
20.58658688
4.21419437
10.94173094
8.29491689
3.20671154
6.00781250
4.25000000
5.50162345
6.84341534
3.74871121
6.66177970
2.85254155
8.58528812
9.75000000
3.44921875
1.86816406
7.57421875
4.33894836
3.31144226
9.91048094
6.20312500
11.33658688
5.83886968
11.75423094
3.57584718
12.81314938
8.24153812
6.49251219
2.25000000
2.56607658
8.15853031
19.08170656
2.61849124
9.15201906
5.62824690
0.41667497
0.93180172
9.08854250
6.99186281
5.93391844
4.41764406
9.39127438
2.47005374
10.84504876
2.05338874
2.29915282
13.70312500
11.89485594
5.09700687
12.20117188
6.22622784
6.38314716
13.63899158
6.52148936
3.24967531
9.89387190
16.91232622
7.77734375
4.76463598
3.42481715
4.30891346
2.96712157
4.68978280
16.94932805
0.70166016
11.52343750
1.60757799
2.26156264
3.29882812
16.74218750
19.42578125
9.53906250
1.88719457
3.17123559
1.40983156
3.83984375
2.64453125
0.70458984
4.16048094
1.38073730
10.83268312
16.23079344
3.18424562
11.78125000
9.69531250
0.54150391
1.44091797
8.52408688
18.29687500
5.93359375
4.53841312
7.38281250
3.33398438
10.81250000
4.24218750
3.51562500
1.08642080
4.15820811
4.74641844
4.75748781
13.73079344
2.61686281
6.36328125
12.76985594
8.61295656
19.62890625
15.85156250
17.41015625
7.23469969
6.39030031
4.76953125
0.10766602
10.61360594
1.83023175
8.88868184
18.23046875
11.42675532
9.83886968
1.95996094
9.79882812
6.78515625
2.13085938
1.44238281
3.13281250
4.95312500
0.68212891
1.96289062
10.00000000
1.99804688
4.40429189
3.94727061
15.34829566
7.90593528
3.05436281
4.45312500
0.42187500
2.52750610
2.31624390
2.31835938
8.53906250
9.22721188
4.17122562
8.39712877
5.97396498
1.98925781
8.99706782
8.48730718
8.16406250
16.22387695
1.43498510
8.68685062
11.02961658
4.47397495
0.59521484
10.85351562
2.83268063
5.28841312
6.24251219
0.00583986
7.38281250
3.51171875
2.03157469
7.84895501
24.73144780
9.08138187
6.16210938
7.28125000
1.64680657
7.09635749
4.32031250
1.29589844
13.81964318
12.31740026
2.32617188
23.38639406
3.52539062
8.86360594
5.40592531
1.98632812
7.60156250
4.35937500
4.03840315
1.31511247
2.26096888
8.77980260
4.81640625
2.39453125
1.23469969
6.13281250
2.32812500
9.06802970
10.67969248
13.75064938
5.33528812
0.46630859
2.93554688
5.40625000
3.63297485
0.60949333
2.09017342
3.29101562
5.68750000
1.74186032
2.63411624
6.55761719
3.08789062
2.14648438
2.85742188
0.02912903
0.97900391
2.74804688
3.43164062
2.57031250
3.92578125
4.47363032
14.76855718
2.29101562
9.64843750
1.26269531
2.25366211
9.02831782
8.17480718
1.76609957
2.39763574
13.13281250
5.55794437
3.68293939
16.44279304
3.19986813
2.53060062
3.02148438
7.82031250
12.68750000
6.38346188
1.68196781
0.76574209
7.78906748
5.65625000
2.45117188
1.51692625
1.67936281
11.33983378
1.24024434
7.48807614
13.50358156
7.25748781
2.63085938
4.01171875
7.86751219
2.37467531
3.63476562
13.44531250
0.61262938
4.80045656
3.51171875
2.38248283
4.81478280
6.89843750
0.02000427
8.80598626
1.60319343
6.53125000
1.92578125
6.14843750
8.55110594
1.84260985
6.92122562
4.57812500
9.85937500
13.78548094
6.72363032
8.19954344
2.55306405
7.89257812
9.00781250
6.95312500
2.00585938
1.46972656
5.46516844
11.05956782
5.08854499
0.25683594
7.44790005
1.47006870
3.69140625
16.28125000
3.21337891
11.50423094
3.23405031
2.77343750
6.89702269
1.61783937
0.70751953
0.04205322
1.23229980
19.27050532
1.73144780
20.58398438
4.17219969
6.90983156
0.28222656
3.78710938
0.39916992
2.77148438
9.65038564
2.14453623
3.33984375
5.44531250
10.66699219
13.01985594
14.10572908
5.60546875
1.78369016
0.55175906
0.34887695
5.33169659
1.16635028
4.07031250
4.95703125
0.52490234
9.35611564
3.65462655
0.69905516
20.59536348
3.50978058
10.56250000
2.46679688
7.57812500
8.31673094
2.35905031
1.68473266
0.16485471
2.62825687
5.05078125
9.18660461
0.68009461
8.66406250
9.12500000
6.98079344
6.41599611
6.62206782
14.41699468
5.02929688
3.57617188
1.71875000
7.38671875
3.10742188
8.01757314
6.06868905
1.94766837
15.62370124
9.61783688
8.23730718
16.92350343
6.93750000
4.01953125
2.90234375
16.62890625
11.30468750
6.06314938
2.62239749
3.10546875
10.82812500
4.76562500
0.00910187
16.68359375
7.63671875
2.50301086
0.07737244
4.98046875
1.52050781
11.37009974
4.54396276
5.36328125
12.74218750
4.28221410
8.03809840
2.09537594
6.19925778
4.15495124
4.73046875
12.64843750
5.81738032
0.53320562
9.30499225
5.39422650
3.83593750
12.69238032
3.74739749
10.03906250
7.56217531
10.15234375
10.34634752
11.41927748
4.54687500
7.56313941
7.51107934
14.44596188
16.44466312
3.56250000
1.10546875
1.19824219
13.06250000
2.56087157
4.63704344
6.37890625
0.79231937
14.77896720
0.34847421
1.55566406
9.16178219
17.37076906
13.23437500
2.79069093
9.22916002
4.85287123
0.45214844
3.23828125
6.22265625
6.90625000
6.91048094
4.11360096
5.79818373
7.12500000
0.91162109
3.93587157
8.47819093
6.85156250
3.08203125
6.85937500
12.08560284
11.37533466
4.23046875
9.49121094
4.13671875
3.73046875
11.58235594
1.26334718
6.56640625
4.16341063
13.01985594
2.05599124
3.10742188
9.00000000
4.22460938
5.83984375
3.27734375
6.36328125
9.02343750
4.19531250
10.11165282
6.53906250
9.31608156
3.83593750
6.14094969
5.48014406
17.05533688
3.68554688
4.40560062
6.64518063
11.81966312
11.28352782
5.91764406
1.05957031
1.00153916
0.70622451
1.39453125
16.26723848
1.33041777
10.14301367
4.43083887
5.66796875
9.19367306
8.32747562
1.62304688
4.88867188
7.68782469
14.41730940
2.52181903
2.75227782
10.28125000
1.72721437
1.00390625
11.21093750
8.20312500
15.98175754
0.06609402
4.93814938
5.72426973
2.75196808
9.74669603
1.95117188
9.22656250
4.31250000
14.26985594
7.21484375
12.55468750
1.04280516
5.46810062
2.37695312
6.66015625
6.14876219
0.25773195
5.00781250
4.10546875
5.64094969
9.93782469
5.78906250
20.31608156
11.92545656
5.46289062
9.76171875
12.25374266
1.08561281
14.84015847
8.15984153
4.08593750
2.41601562
1.59544373
3.24804688
1.23437500
4.35546875
6.35156250
9.36392066
1.41342309
2.95507812
0.99234860
1.65657718
6.77782580
0.34326795
7.70539783
3.61491467
1.69921875
1.59488766
8.75520999
5.94934082
4.04719969
2.39615968
5.75000000
4.26301751
0.11344733
0.01657104
5.61718750
2.98632812
2.64062500
6.67968750
1.66699219
6.30142066
3.13998559
17.03613032
2.18294437
14.47526727
18.67011951
2.08594747
4.92903314
2.31706061
2.94726562
6.60546875
3.44563719
20.18391844
9.31185062
18.41471188
5.41731937
3.44921875
7.12922097
9.92220966
1.59017093
7.64843750
1.62141844
8.51920656
13.91795878
5.28125997
1.96256344
4.00064938
4.76106937
4.24544437
0.39916992
12.71516844
0.93131593
0.50878906
8.27734375
7.15657469
5.34342531
0.62158203
3.34407469
1.02994875
2.92187500
14.72004876
2.17838874
13.43814938
3.47200687
7.71093750
2.10546875
9.57096188
11.02603502
2.60645279
10.24576906
2.32812500
4.93750000
5.73828125
0.01016235
6.73925532
12.30434330
0.28556398
2.40429688
5.36783688
3.74439024
0.23152288
0.62011719
12.63704344
8.03271235
5.31901374
4.10156250
12.04687500
4.61751219
0.50455812
13.65820312
2.03906250
13.08593750
2.22265625
9.10937500
1.77929688
1.52734375
15.52017066
5.01140403
1.99186281
15.85253906
3.84993407
12.21875000
0.41129640
7.65234375
0.68701172
10.42610594
12.05907580
4.19450077
14.28418218
6.39811281
3.22005374
1.30126807
2.08562278
1.77669188
4.02278812
2.97265625
6.41796875
4.25032469
0.88981203
2.92284409
3.58301529
3.44954344
8.25358156
10.71093750
2.73730220
7.08496343
1.30834961
2.28515625
2.04687500
10.95019282
1.53043578
0.59017218
7.89062500
4.40234375
8.06250000
2.43196532
12.32812500
7.12410399
4.76106937
5.49641844
7.44889406
11.94531250
1.09375000
0.76846915
2.32259530
15.43228502
3.50521498
7.52408688
0.27181156
7.38996565
6.63737810
2.54492188
6.49218750
12.21516844
1.76139406
1.74804688
5.53938719
7.35383533
5.97557846
2.60776152
6.31250000
6.71126219
10.00781250
6.76139406
1.71484375
1.40868642
1.81250498
6.69531250
0.16381836
0.32717646
2.46191655
8.16406250
10.71093750
7.41601562
9.49218750
1.59667969
9.23046875
7.02343750
10.60579344
4.51530031
8.04687500
0.27807617
5.93359375
6.30371094
4.32812500
15.16829344
5.57780031
2.42187500
2.68359375
6.04296875
3.03710938
6.28515625
1.08072751
2.09602532
3.92383311
0.90527344
6.40657469
5.18424313
4.16699468
3.29882812
8.95703125
4.18001219
2.18164062
1.18131593
4.96875000
9.97721188
5.01822252
1.63347185
3.00000000
2.54101562
4.04296875
0.07672119
7.95312500
1.74414062
1.66359975
2.13672373
7.34375000
0.22314453
10.19726562
2.72265625
7.42578125
2.50976562
7.24641844
1.93912843
5.94140625
2.33203125
6.18750000
12.37500000
2.03873532
2.92513187
6.70703125
9.05468750
0.69417235
7.85123781
8.24218750
5.22818844
3.64583499
5.79719969
2.10319093
4.25390625
15.45507812
6.76953125
4.57421875
0.51416016
4.14062500
7.92789672
9.07210328
2.78059564
0.27750983
4.41406250
16.54772949
2.72883782
13.56966312
2.73958499
5.74609375
2.69921875
7.69262633
0.12611877
1.80729250
7.84048316
7.32357934
3.33007812
5.42008422
0.03810670
2.13671875
3.36229223
13.97559840
4.10090814
6.89713874
2.85742188
4.23828125
8.35904034
4.84017841
2.90820312
5.51562500
2.68391844
9.47786126
4.97493905
1.29296875
6.17187500
0.48876953
3.93749751
9.14355718
4.93359375
2.61328125
7.09016844
11.56673094
6.67903812
4.92187500
3.63573471
2.33887466
3.50195312
12.98339096
7.51660904
7.62109375
12.45507314
0.54687998
5.52798316
4.98764184
5.88281250
4.10156250
14.28906250
1.99609375
3.43123040
13.34668218
10.38639406
0.78498836
0.45817570
7.49609375
1.59667969
8.86846908
0.10870377
10.37206782
2.25293218
10.61783688
1.38509281
2.88867188
0.97916501
7.80403812
3.41471188
2.19856937
2.99804688
4.14843750
0.01597595
1.11031606
7.16308843
0.85351812
5.48437500
3.91634032
6.84342531
3.01594969
1.07780031
11.41471188
5.78060062
11.05028549
3.05762466
3.06411847
5.26205341
1.17871094
6.39257812
1.64941406
22.12890625
5.57421875
1.15234375
12.22973384
2.50097905
1.23208722
1.60189716
5.93488254
7.46355496
1.57519531
12.36588376
2.00716312
4.76562500
2.77734375
10.75000000
3.87792720
12.14778812
4.05271942
1.97039339
9.69531250
0.42105954
6.22591312
1.33398438
2.64648438
2.94531250
1.45422306
1.78582058
7.02734375
0.21166992
4.34375000
0.99895742
4.20898936
6.63281250
3.23242188
6.12500000
7.60156250
19.53654407
3.45866467
2.11132812
12.65625000
3.25781250
6.77831782
10.96386968
1.59375000
17.29959724
8.98764184
1.39355469
5.87287830
0.11271055
16.88761414
4.79687500
4.67740470
4.72852061
4.34375000
13.67187500
13.85156250
0.44165039
17.03499266
12.94498781
4.78515625
7.34765625
9.58154297
2.48828125
4.38281250
6.10156250
2.53906250
5.82812500
4.29296875
8.09088135
1.00097656
1.60600662
1.82128906
13.77343750
0.41772461
3.41015625
25.26660156
12.64485594
16.39648188
11.03776374
3.39062500
7.40657469
9.83022053
5.34456464
2.97265625
13.43750000
1.34765625
1.00390625
2.92578125
4.31461547
-0.02222655
6.38313719
6.69953347
3.69467309
5.17187500
11.38704344
1.07226562
10.19108156
1.18317854
5.59440935
5.96093750
3.13867188
5.24609375
1.57324219
0.13793945
1.42187500
12.10351064
5.22070811
18.39908688
3.79622562
8.58593750
0.26912352
6.87109375
13.59375000
3.29459718
17.89908688
13.58528812
8.57096188
9.41341312
6.23437500
9.95735594
19.29796175
11.49218750
8.37304189
2.57259530
13.09733156
0.18188477
2.81640625
11.80891844
5.25194814
10.82975842
28.55631344
8.91622074
8.61360594
9.30891844
6.64811281
7.26953125
6.49137453
3.44335938
1.56593323
7.20312500
12.48860594
8.70670656
3.36165282
9.29085328
18.56429078
2.88476562
20.32812500
3.55859375
2.10188719
2.45865968
9.88704344
8.51139406
13.39062500
0.29296875
2.02929688
12.73365579
3.06510749
10.28189938
3.40592531
9.12076906
4.25301086
0.98429383
10.99348626
6.12402593
14.03221410
1.81707058
3.11914062
10.88281250
4.08984375
7.60969969
16.98046377
13.89469858
0.50451411
10.72607297
2.57845467
12.67968750
3.08561281
1.15820312
0.03921509
0.17114258
1.48925781
12.26562500
3.94531250
4.83593750
11.17187500
1.41536375
7.31087157
8.51497562
3.31640625
7.70312500
2.63167110
2.79551396
5.50390625
11.48502438
1.52018312
6.72233156
18.62646235
13.29622562
6.28938719
5.98469969
8.33886968
10.98697252
1.12532967
15.55761968
3.91015625
1.30078125
16.89843750
13.89973626
8.10091312
1.31510500
4.59733156
3.72851562
10.24218750
11.88281250
8.88183594
5.95703125
2.34765625
13.75846188
3.96419437
10.09619141
16.64062500
7.00032469
5.00748781
3.67936032
9.09927970
3.63477061
2.67545656
3.10156250
5.21484375
20.19531250
2.54182735
0.44987187
0.66406250
11.60937500
0.98339844
1.13276350
4.19515514
3.88460577
2.97298094
0.80747560
7.55859375
10.22656250
0.43294188
1.52115968
0.75097656
3.55663564
2.77344248
2.02734375
9.14811369
7.20833001
4.15918218
5.76659907
9.52572030
9.29508422
0.27937867
5.48828125
15.17610594
2.92303218
6.06543218
7.51139406
3.31054688
6.52408688
3.25130374
9.44531250
11.63281250
17.72721188
1.03157718
1.03222656
8.15266844
11.12238254
4.50652371
10.13639406
1.85253906
11.91471188
6.92219969
12.06380125
2.43815436
9.08235594
1.33886719
8.21451906
7.56900377
3.70085217
8.05468750
3.74186281
6.39648438
5.31640625
1.55078125
8.01204344
14.98405031
5.67578125
4.99609375
0.03646851
6.78906250
1.18080066
9.31803967
1.54101562
16.03613032
13.58008062
14.35937500
2.78906250
3.90820312
4.65869016
12.64599734
2.63964595
9.24935062
13.02701906
17.50488281
6.60546875
5.26953125
2.38281250
6.98392731
0.12190766
0.28857422
12.77343750
4.21484375
9.80038071
10.58658688
6.80013187
8.60758422
0.41634156
1.74316406
3.63572973
1.85059840
12.57812500
4.24088376
9.40201906
1.49088625
0.77978516
3.31054688
2.20947266
3.78710938
13.84375000
5.38281250
7.39843750
2.77343750
3.18782469
14.27701906
15.60465901
4.86263187
2.17968750
12.28548094
7.99218750
2.56217531
10.02343750
0.79443359
1.13671875
3.25813719
7.96875000
6.33593750
2.23600343
1.12141719
0.84163453
6.28841312
1.58203125
4.24609375
4.24005708
3.95675651
13.75064938
4.08170656
1.04166750
8.58593750
6.06250000
1.55305907
2.65526596
2.58659685
7.34179688
3.83203125
3.99218750
8.27677305
0.33113711
1.07980450
2.12142841
3.39257812
6.20914672
1.71175172
1.40722656
9.30175532
5.19433843
11.29632401
3.27850509
7.60286126
10.58024421
13.87164307
8.91316711
0.33512391
8.25846188
2.04036624
6.84114251
2.79752936
10.14664672
0.09334351
0.02044678
0.36816406
2.80419922
5.65625000
6.08203125
5.93359375
9.34375000
16.26562500
10.30533688
12.12304688
7.65169437
5.98958001
13.49511968
11.56250000
9.14420656
0.32202148
3.21516844
12.79329344
10.26204344
1.33235843
6.08593750
2.61490968
1.71484375
12.37006804
5.75260500
3.39062500
11.28125000
7.58658688
11.63346188
8.97591312
1.82344730
2.66601562
14.82226562
0.81933594
0.35603758
4.09733156
8.15625000
12.03031298
3.00748781
8.20312500
7.83984375
1.41406250
1.54003906
3.86946532
2.68717531
8.89843750
2.04101562
1.57445791
10.81055186
11.43359375
4.04125977
9.18391844
10.14483600
0.27866743
4.34375000
3.19531250
17.72166443
1.64322751
12.60872562
2.82226562
21.21270834
16.62029698
10.68685062
17.14646942
1.07813995
5.09733156
6.97656250
2.98665282
5.32389406
0.86767578
4.61765460
3.88184840
1.76044764
17.29459220
8.24447030
3.95898438
16.82812500
8.96875000
0.01484680
6.00000000
14.93519726
11.61037399
12.79459220
13.13151374
5.53711187
8.06250000
1.06868407
4.73014406
2.08007812
5.60546875
6.65396720
7.83040780
15.82454344
7.05045656
5.05859375
2.24251219
7.14453125
5.42545656
8.84696521
3.09636746
6.59375000
5.71516844
0.75748781
10.67610594
1.16048094
2.04427249
5.84179189
8.74023936
0.97265625
9.47607048
5.78596330
1.35592641
2.81152095
1.18736208
4.47265625
6.10969969
9.01920656
9.00423094
12.23014406
3.57259032
7.89030031
16.37141844
1.15991273
0.05332459
3.02929688
3.00390625
6.16991689
2.20703623
14.79752438
13.52929688
5.83170656
10.71093750
12.20312500
5.20280031
1.80468750
1.56835439
3.75977061
3.06054688
10.16406250
4.85546875
4.39453125
5.65657469
6.44889406
11.22857417
0.35156499
1.27668939
1.48600593
7.51594969
8.62662843
7.06250000
7.55078125
8.19173094
7.52376219
3.60481937
7.10546875
5.74414062
14.45312500
6.40364251
4.12370124
8.58235594
1.47819093
2.44531250
7.91894282
7.40136968
1.51171875
11.68424313
8.54622562
2.32421875
6.43001219
0.50992922
3.73958001
3.79948249
4.98437500
10.00000000
8.46093750
5.61376953
4.78515625
13.36718750
11.10937500
11.74414062
4.94140625
15.99218750
10.95800532
3.62011968
12.94661126
19.64163457
2.44563719
5.25927859
1.59163453
0.60986328
7.14062500
0.96728516
14.74283688
4.91341312
10.02799313
6.83528812
1.29589844
4.40299313
11.04990299
2.20572751
2.02539062
15.56608156
1.98600343
6.66080563
1.91536624
8.40625000
3.73828125
5.75000000
4.05501219
5.21842531
1.80468750
17.58495845
16.39798062
6.32259530
6.63671875
8.44173094
9.79980220
6.37760749
4.05078125
1.12988281
12.88281250
7.08235594
6.12076906
5.82031250
2.37109375
4.42187500
1.58398438
0.58593750
1.67219969
15.26334718
13.91048094
11.00358156
4.92968750
7.08414672
-0.02092956
7.19042221
1.68457779
8.69140625
6.85969969
3.63509032
6.23763187
0.19177246
2.09375000
9.65625000
0.18627930
17.90747070
3.83593750
1.08789062
10.69531250
11.06250000
2.86815160
2.40333277
6.15233378
8.77735372
15.31445312
0.28540039
5.49609375
37.33821532
4.06510500
0.78417969
9.91406250
22.56673094
21.20035890
4.26562500
7.21516844
5.34342531
10.76562500
5.18750000
14.68879876
5.84277593
4.04784907
5.91276374
10.56250000
3.30338376
2.40560062
4.02734375
4.39453125
6.50423094
4.55631593
5.22656250
0.00170231
2.42968750
8.59448242
3.19335938
0.63916016
0.67968750
8.10156250
9.00000000
11.14843750
14.17968750
0.67936032
13.67903812
0.31689453
2.72265625
1.44726562
3.77213376
3.32747562
3.05322266
1.63476562
6.01171875
3.44140625
0.78043454
3.58138187
17.62500000
7.07812500
0.63134766
3.96809564
0.53450687
1.51334718
2.71061281
5.13752923
8.72168218
1.19010500
5.28906250
14.82031250
12.07031250
6.04393285
7.97201684
8.51562500
7.29459718
2.94010251
2.70442874
4.55078125
7.85156250
0.04290771
13.15689938
3.25162843
3.42350343
8.81216534
8.94564716
5.57031250
5.58593750
0.13317871
3.38476562
6.15016678
1.75880780
9.78060062
4.76953125
6.73258422
6.61116578
0.02905273
10.85709220
2.35775155
4.12109375
11.12141844
6.62320922
0.15991336
2.15820312
10.02938843
0.08715820
2.52929688
1.12646484
4.93359375
1.50064938
3.58333499
0.98632812
1.82031250
7.14255320
8.58089982
5.95770424
0.37158328
4.41764406
7.64843750
10.06233641
3.84537843
1.73339844
10.44531250
0.09680176
9.75423094
1.76530031
10.34375000
9.52018063
3.00325687
13.08235594
3.84928468
0.28657283
10.81543218
1.87207031
4.31738032
5.61295656
11.75716312
2.13476562
6.45914672
0.70589234
2.59375000
4.88704344
0.36808351
2.32421875
8.01562500
0.17909604
12.18595523
4.31250000
2.11132812
5.08984375
3.35351562
2.27343750
7.74149380
1.81514683
13.28906250
1.61035156
6.04296875
9.07421875
1.34570312
1.95800781
6.21093750
0.54541016
11.19726064
11.16553233
6.26179743
0.28857609
1.75260500
9.23437500
16.37500000
6.17578125
11.28548094
16.94726064
11.30713389
1.85807375
8.67968750
17.46516844
0.92155031
2.84765625
11.28906250
7.55891844
3.77213376
6.25683843
4.92968750
18.09497070
1.48535156
5.42578125
10.28709442
5.11524933
5.44270501
8.34245124
0.32568359
8.21875000
13.23079344
1.44303219
6.79199468
0.41601562
6.78515625
6.87141844
3.92578125
3.23826380
2.14552526
10.23014406
2.10400391
1.96777344
1.42463362
2.15788591
1.87207031
6.20312500
0.45971680
0.33831787
7.30859375
16.48762190
11.21696794
1.86832641
0.71842406
15.65201906
2.54687500
15.46093750
9.26204344
5.65592531
1.59765625
4.10253657
7.92903812
10.20312500
0.07242922
21.75000000
16.29329344
11.22786126
2.21712655
8.98079344
9.08788564
7.07194592
11.02343750
4.76953125
2.62695312
5.99218750
16.56970215
1.78808594
2.03402852
0.09591533
3.06835938
12.32031250
0.42333984
17.23339844
13.26203596
4.57487810
6.84016844
13.36815160
18.91211436
11.45475842
2.14355718
1.68945312
10.21434176
7.36547315
0.52734375
13.61425532
3.77636968
10.33235594
7.94889406
4.55468750
11.14485594
7.51920656
14.71516595
2.13769780
12.66764406
3.98469969
0.74381593
12.82942376
10.03841312
2.88802249
11.00423094
7.35905031
7.64094969
7.45703125
2.79719969
13.32389406
2.69694093
8.89842753
5.41016622
1.28906250
12.94661126
5.40885749
5.47932610
4.41308843
9.44173094
13.73697252
12.69499529
16.10644282
23.49804937
7.17968750
0.03376259
0.30382286
8.32031250
2.62890625
23.86189696
4.55924562
8.52213500
22.00960328
0.33935547
2.90234375
4.82388409
2.58431903
7.82767731
0.20393891
2.84082031
7.57031250
9.83593750
2.13688110
1.24593140
15.32421875
1.00455563
3.11849124
1.41682112
7.41081560
13.37500000
10.60937500
2.00618407
5.87109375
12.74576906
1.90962645
4.05859375
14.60306886
6.43489251
2.34245124
2.23632812
11.65625000
0.33268188
0.19771363
11.33169410
4.02279809
5.17187500
2.30273438
13.46646720
0.85970467
9.52343750
12.08452123
3.45216090
10.55468750
15.81900876
3.93685062
4.33203125
4.35795074
4.46626801
11.28548094
7.12500000
3.34147218
4.60156250
13.37500000
0.23876953
9.19531250
5.47688719
17.54459718
7.95703125
8.82031250
7.69270501
10.60872562
8.21028812
2.01562500
12.72134752
1.15495124
9.23990470
24.21077889
7.87011968
7.52311281
11.96093750
2.97298094
4.32389406
2.95800532
4.78344976
11.01985594
10.10319093
8.56250000
10.58365470
12.27050532
9.83561779
2.95084718
11.68750000
0.95458984
12.75895016
16.63216312
4.73828125
13.31591797
2.37174313
20.75389628
10.72982934
7.14453125
2.21484375
6.80468750
10.86718750
11.06250000
14.92699697
2.03516123
17.64647939
15.54718474
16.58952903
4.72852061
2.71679688
10.17968750
3.97265625
3.24414062
12.25423094
13.24576906
0.78857173
7.09668218
0.15234375
16.66829344
8.51139406
4.20312500
14.98079344
7.25748781
4.19140625
14.98144282
2.55761968
15.20141602
19.54687500
12.44531250
0.24361082
2.87172818
1.95249057
6.93717531
6.89843750
6.06314938
8.24153812
2.19726562
8.59606716
0.19519261
21.29459220
16.04980718
8.33170656
10.19791002
18.19108156
16.72038342
20.40429438
18.17187500
8.26855718
2.14030031
6.08593750
0.16735840
4.14843750
3.16406250
1.85937500
8.85156250
7.14550532
0.55517827
2.93945312
13.57031250
6.72851313
3.97981937
4.11295656
10.25000000
3.80094360
2.87483765
5.44563719
8.21451906
8.30468750
9.73144282
4.01074468
12.18098875
12.35514406
4.41406250
5.41438719
1.43717531
1.95800781
5.97101286
5.58652253
1.55487766
6.98097074
2.72070312
9.47656250
1.88378906
13.17252438
6.71810062
3.20572252
1.90951185
1.74707031
3.48242188
17.45911217
5.28157469
8.40201906
4.23046875
3.09016844
1.48046875
1.76823000
6.26969235
10.85803223
10.12076906
4.75748781
2.09765625
4.85156250
14.74512995
3.79980718
8.67968750
6.61539672
0.76155640
0.82128906
6.35546875
1.74414062
7.18066157
5.28808843
8.22395501
19.52311530
6.08805297
1.73714234
15.23744627
10.62304438
6.92659796
5.62711547
31.48945545
0.72982435
6.09375000
3.02148438
3.35937500
7.77799313
2.38020999
1.70344969
6.98388298
0.37956186
13.15395723
2.63119902
6.37890625
2.27180907
9.84928468
5.31640625
3.26562500
4.29687500
10.39485594
3.95971742
4.20011414
0.06182861
0.17297363
5.28548094
2.59928468
1.24511719
1.34537594
11.41731937
2.58040282
7.76562500
3.97233156
9.66292110
0.41471562
4.23111813
3.87955065
6.58692154
6.93717531
16.64062500
11.63346188
4.78060062
1.14843750
3.43228502
4.48210217
12.02311281
3.49641844
4.10546875
8.82389406
0.06234741
10.03906250
1.89453125
13.59375000
3.43261470
0.95605718
1.42187500
8.72656250
5.67382812
4.01562500
1.76822751
11.25781250
5.73828125
0.78548343
2.57421875
9.51953125
2.75390625
0.92936032
3.13248781
2.66373781
11.97102532
2.86198249
6.78613032
11.84668218
1.54980469
2.35156250
13.36718750
8.04101064
6.10872562
8.44401374
6.58984375
14.88704344
5.35123781
5.80859375
6.20312500
14.89038086
0.01605225
6.30370346
11.41569592
5.76888187
2.21875000
11.25781250
4.12109375
16.10156250
24.31965315
7.19823471
4.71648714
7.77539062
4.93579102
3.92187500
6.15070036
-0.63898161
5.60758422
0.43538453
33.64648438
5.43359375
5.07031250
1.25032469
4.01139406
16.50748532
21.43096632
14.42514184
4.46355496
8.44056960
7.77459884
5.44530253
5.55827903
28.73192986
5.73667409
1.55909075
12.83458476
0.89071614
9.80361481
8.20867339
9.06526734
6.08593750
1.31152344
0.60742188
0.51379395
2.66210938
30.88508533
8.01139904
6.28514628
0.37500997
5.08137190
0.92448747
7.26838985
3.17627078
0.91764406
4.01171875
2.76757812
1.55859375
2.18928704
4.57715093
14.62923094
5.07747562
5.62890625
7.22689819
6.83984375
0.36979001
6.10481937
3.45377438
9.79687500
4.94075687
9.97298094
3.75553468
16.92285156
1.11328125
13.79718972
4.30827903
2.67187500
10.52679443
4.96093750
6.69531250
9.23046875
6.31640625
2.45312500
6.57031250
5.76660156
0.70996094
9.46875000
12.44262633
0.50073304
29.25423094
7.60805630
7.02744237
0.09574402
4.16015625
12.87738213
23.84375000
1.77604001
2.75586436
10.59016844
14.71093750
5.92252438
12.80045656
10.64778812
2.41796875
6.87500000
5.92219969
8.72233156
17.15625000
5.62890127
6.99805186
8.78906250
8.09798094
2.40787843
13.34741211
0.89876219
24.99967531
7.94140625
12.11539672
0.11531617
2.78320312
23.76562500
7.98274407
15.44596686
1.96679688
8.03125000
8.85351064
2.97266123
9.53906250
0.66406250
0.29467773
0.71728516
1.78906250
5.30110594
0.24698976
11.93750000
8.56673094
5.28710688
9.23079344
8.71142952
7.52978391
2.70442874
8.01562500
0.62988281
14.82519282
3.84765874
1.79101562
0.04909728
12.31070922
12.15826395
3.55225731
12.20605469
1.77359985
8.67822141
0.81087406
8.78426449
7.23763187
1.56542969
1.43294188
3.87109375
5.62858156
4.28938719
6.96972407
2.53092780
4.75423094
12.84733156
21.55712891
16.85994383
5.88332170
5.29604111
2.51171875
8.80565908
10.74373788
9.14062500
4.66764406
13.19335938
2.78515625
6.40234375
1.51887938
8.69358679
4.99544437
8.93750000
8.64575133
0.12817445
12.09602532
10.72168218
5.88248781
5.99609375
3.80952879
6.52701906
8.06250000
2.90039062
10.63704344
8.61132314
7.54850842
28.75423094
6.16113032
6.10416999
4.27343750
12.05110594
4.68163564
4.69694592
3.33593750
7.14550781
3.07226562
7.26953125
10.42610594
1.55533937
12.11718750
3.17187500
6.30078125
11.31250000
19.04329344
10.02831782
2.93620124
3.41210938
4.03027344
5.90625000
7.66015625
7.29719969
13.28743407
14.76481203
6.47819093
3.67187500
9.39062500
2.27734375
4.27343750
11.08072252
2.27083998
6.55468750
2.68229001
3.44108156
14.01699808
16.85450340
14.50390625
2.45898438
9.14843750
7.27842712
2.42773438
7.84179688
21.17187500
9.60156250
3.40429688
12.56542969
7.71484375
13.93359375
1.63574219
6.43001219
17.92545656
3.88476562
9.05110594
14.18750000
2.47298094
6.41341312
6.33235345
14.77539312
2.05826906
11.88281250
9.94661126
2.76627438
1.08496592
1.81152344
14.60611813
7.43229250
9.27701906
2.95898438
10.72622784
1.05111591
2.44342248
6.26629432
5.17968750
3.31445312
6.43652344
1.49902344
5.21093750
11.09375000
6.73860594
6.72233156
8.52343750
3.20621579
14.33561281
4.09733156
1.24414062
10.09512370
2.58333499
6.58658688
3.72884032
6.81152593
13.33658688
4.70247562
16.46972656
1.95410156
8.91406250
15.43750000
15.62500000
14.20214096
5.12989029
4.87500000
4.12735836
6.95247562
3.04101562
4.39843750
6.62662345
3.60384530
9.53857422
14.22656250
1.88183594
9.01562500
8.64062500
6.39062500
0.43847656
1.43993642
2.97298592
9.61197252
5.21192154
3.68750000
18.13053219
6.80013187
12.47427970
16.33822030
5.75781250
9.34927970
5.93978280
0.64843750
2.85758422
0.04994752
11.13720080
2.58936170
2.24804688
11.90917969
14.44140625
3.26367188
0.63769531
8.46875000
1.02832031
3.69042969
3.79492188
9.65266844
8.88932375
2.36328125
9.48502438
9.74935062
1.39648438
10.04508422
0.20540406
14.13411126
18.05403812
10.41927249
2.83821532
12.33170656
5.18180297
0.66878297
2.44140625
5.86718750
3.61034907
11.17610594
3.35026374
3.71744626
4.32844471
3.48145279
3.70898438
6.33414672
0.02828004
0.95312500
4.84423828
9.69863892
11.47656250
3.85156250
11.57237420
1.55078374
13.08951906
3.93164062
6.89062500
0.06787109
2.30696532
2.68326906
3.14745845
10.25293218
9.97851562
9.21093750
3.91015625
9.50781250
5.28189938
3.10872562
7.86718750
5.73437500
0.51367188
2.31982422
13.29687500
0.19494629
14.82877438
5.22102283
3.16699966
2.44531250
10.99674313
7.20467289
7.42578125
2.67578125
4.35579344
6.90983156
1.04394531
7.63801751
8.42057624
8.52343750
3.75585938
13.94531250
2.91015625
0.06585693
2.03287594
8.92122562
6.89876219
2.00356910
4.37794215
6.83593750
5.91202571
0.10237859
1.18066406
3.31949704
3.43685062
7.31997784
5.53223404
2.55123050
13.15803953
3.85709718
10.07812500
3.18750000
0.00973511
7.02734375
7.27734375
3.65559065
6.31315935
0.02301025
1.61555907
16.73437500
6.65592531
1.61595434
1.64356715
2.20898438
2.49698727
10.40983156
7.10123781
13.57031250
12.24218750
3.10253906
1.95312500
7.40625000
0.79736328
11.88020750
10.33561281
1.35774657
6.00748781
12.58658688
2.64388187
10.96093750
5.48469969
5.65527095
12.28613032
6.86882092
6.33626219
7.05436281
8.50585439
3.89258311
5.48144282
13.20800034
3.88282247
5.54687500
10.20312500
8.38346188
0.78548343
5.30891844
0.01627687
2.76953125
6.05859375
1.48242188
5.33593750
2.65618896
4.09765625
0.33833739
8.01920656
2.67382812
2.82226562
8.15049147
0.18642259
19.87759752
11.38444592
7.26530031
3.71875000
6.25992797
0.06477906
2.42968750
3.51464096
1.71810560
1.54850343
4.50943844
3.19270999
12.13704344
1.88932375
19.69352172
2.35335328
13.00552970
13.13150626
2.47738419
2.02913453
8.36604610
24.80175906
9.58853502
17.38278758
3.47561834
5.86718750
9.37320922
0.13203980
12.39489746
6.58203125
6.16438719
9.24576906
6.52473626
15.29622562
13.61816157
9.00683843
7.08561281
15.18391844
3.05794437
2.33072751
7.80403812
9.52343750
8.84636865
5.25683843
3.77897218
4.70703125
11.34798094
0.42887453
1.79589844
5.27246094
1.45637938
23.71321282
7.58935796
1.38899906
6.43001219
0.63004640
0.40039062
6.31250000
14.73437500
10.12500000
0.00623703
5.19367218
7.39453125
4.65625000
3.22916501
11.32389406
13.94531250
0.97623781
1.80012938
1.09537843
6.99251219
2.60514406
3.76171875
22.19156860
11.16715204
6.20768561
4.40625000
8.67008422
1.04280640
7.88281250
7.28515625
10.33658688
11.63997562
9.68750000
3.15625000
5.86751219
5.88248781
2.78450189
3.84277593
14.37272218
1.53873532
21.89192376
12.94759530
9.39192376
4.55729499
4.34342531
9.14322751
4.43685062
16.71478271
6.40820312
3.41992188
17.94954344
14.85221188
20.16617922
7.50748781
8.52473626
0.68294686
1.92968750
7.41144504
3.12761746
2.99609375
4.04687500
3.80891844
9.57031250
1.04850343
6.98046875
1.68359375
9.57031250
0.71826172
4.00390625
5.57812500
14.49283688
5.15169437
5.30501219
8.73014406
4.12109375
2.48242188
5.94954344
3.00390625
15.90201906
2.95117188
6.49771720
13.98583112
8.29412012
0.59537843
3.30859375
8.53026596
3.93067154
7.26920407
13.47668582
9.29866578
3.46289062
2.28743407
0.84440187
8.44531250
1.06054688
4.19596188
8.08170656
2.59928468
3.66601562
0.02238464
5.40787345
4.29231937
1.49902593
4.79605954
2.50325687
19.92187500
10.72656250
9.89843750
16.81276175
1.32218508
2.36914062
15.16048094
15.80045656
2.54492188
1.47656250
5.63996565
5.38347185
8.42024158
4.65397717
1.96289062
4.75634641
0.05334597
1.17675781
17.60286126
7.91699468
10.37141844
4.32356937
7.10156250
10.20084220
0.76107186
4.09375000
9.58203125
6.50390625
13.57812500
9.78125000
2.69531250
7.05078125
1.27148438
10.67447252
7.79850842
13.29069093
1.21093750
4.72656250
5.49609375
9.25682597
1.80274434
4.03499017
8.72168218
23.41178468
6.26594969
2.49967531
4.66406250
8.76562500
11.44173094
7.82389406
16.93750000
0.92154782
8.65470523
19.28832946
12.16178468
6.94921875
5.62955563
1.39095218
19.30598626
7.94824468
11.61295656
3.31900876
2.77474124
3.46289062
17.83984375
2.08007812
4.86783688
6.96419437
13.27408688
0.54573734
15.56770501
9.85807624
7.00032469
3.67936281
4.16227172
0.37044312
2.20703125
9.54687500
14.25423094
6.34733156
4.99218750
0.29101562
9.43750000
1.60156250
17.96744626
14.03060062
3.57812500
1.16210938
20.14973875
8.32259032
3.39778812
5.91551862
3.67823138
2.09000610
0.99983765
6.19921875
7.09439938
7.26497562
1.82421875
15.13704344
15.61223940
5.84838867
5.20312500
7.28125000
6.78580563
2.48177249
6.68750000
11.07161126
4.74284186
10.04252106
0.11861176
5.11328125
10.00781250
17.49975586
2.11132812
0.96777344
8.38883422
3.02913453
0.23046875
4.27343750
8.11425781
5.09375000
1.51843262
10.62500000
23.25000000
1.95800781
0.00232697
3.34960938
11.20726176
7.79264406
5.52343750
7.12923094
3.59113753
5.89877216
2.12500000
14.88281250
17.20898438
4.85969969
8.81608156
5.77766844
15.93619875
3.06640625
9.58235594
4.21451906
3.31054688
3.57617188
0.20141602
1.45410156
9.53125000
1.59667969
11.67252438
1.30892093
3.55273438
15.89062500
10.54947252
2.60677748
14.05468750
4.24609375
1.22265625
7.77178027
4.88477061
4.77343750
6.51562500
9.70898438
5.76562500
7.12500000
0.92480469
7.11193817
5.67321808
9.23209469
9.75716312
2.25618407
12.36089983
2.87315048
4.82421875
1.47265625
10.24218750
17.12500000
5.95735594
3.90006593
4.85156250
6.72509766
2.90234375
7.96875000
42.93911348
9.48068632
8.82812500
4.49609375
8.34375000
5.02766844
12.19190481
1.78874279
3.88085938
0.03390503
6.32421875
7.56738032
5.16699468
4.90429688
6.82421875
15.65266844
0.32657961
14.02734375
0.36743164
15.95735594
6.63052970
17.14713376
7.33333499
7.05468750
15.38704344
1.85090814
4.34993905
0.02175903
11.15234375
4.96126219
3.15983156
9.70019282
11.23372562
3.65413453
8.16634156
12.01562500
12.80956533
4.18164561
4.39843750
11.14941406
4.64453125
12.95312500
6.77376219
9.98500663
2.12500498
4.85156250
3.71093750
1.53808594
5.04784907
0.87695562
8.30468750
23.26764679
6.43001219
20.94888908
3.48372562
3.29394780
8.77701906
6.16406250
5.98437500
14.12336658
3.11296154
2.86328125
11.82031250
12.88281250
0.74023438
11.23919678
1.93750000
6.42610594
4.53483156
7.26562500
1.98535156
11.14843750
9.48437500
8.00000000
3.29101562
3.00585938
0.21372311
5.39030031
0.25699953
4.14256317
2.13510278
2.56152593
1.06933594
10.64241578
0.38419555
9.04036126
4.23665780
2.72851562
6.86360594
2.50748781
3.84570312
10.95312500
1.75976562
2.15958555
0.06624453
13.27337646
5.56640625
8.64843750
4.10156250
2.28710938
4.22721188
1.29329593
4.42968750
1.88248532
5.17837877
14.37175310
15.39876219
5.45280031
1.57910156
9.03125000
1.49755112
5.66504654
8.30891844
9.24218750
11.56250000
3.06608156
8.11360594
8.36611232
3.65602393
11.41406250
6.64891332
2.62598902
13.75032220
7.24870124
3.33593750
5.73534907
0.12549077
2.79702987
8.32642287
0.26692812
3.45703125
3.13476562
15.56243896
1.08789062
3.94140625
3.64257812
6.46484375
4.43260473
5.91700465
4.48893063
2.60677249
3.42968750
6.05077627
10.94041224
0.91929243
0.40861086
1.18750000
4.77376219
8.23795656
5.95735594
9.80826906
3.56640625
1.46386719
2.70735594
9.36295656
4.81640625
12.52343750
5.33984375
2.74218750
1.51562500
1.79589844
1.58023424
1.14291029
8.42187500
3.98632812
2.40071282
8.74642093
12.14778812
6.28189938
1.35001773
0.30900086
2.90429688
6.80110594
2.83561281
3.20703125
7.50000000
3.93554688
6.15234375
11.51025266
4.27880984
3.26562500
6.22265625
3.02229485
3.63574468
0.76383547
3.19335938
2.64229278
0.84403535
4.77343750
0.66064453
2.87695312
4.49218750
2.00195312
6.12109375
2.65625000
0.37174313
0.37190921
1.08768611
3.64486591
4.81998781
13.16406250
0.55661613
2.61556405
13.67501289
2.83236092
7.60180166
6.98633311
11.19531250
1.06054688
1.54231688
2.05468750
6.59275599
0.50262244
7.98046875
2.30077627
3.57617686
5.37500000
0.12553831
8.23014406
11.83658688
3.88216312
9.34569814
9.87126108
-0.01981567
13.01689573
11.38052970
6.03743905
6.83170656
3.97265625
10.64713376
1.36198000
2.56803468
1.74121094
6.40266844
16.55560545
12.95133422
-0.00156615
2.01562500
7.53515625
9.06054688
1.04589844
4.58593750
2.67773438
0.00873566
8.91048094
5.14257563
4.17448249
2.87609863
8.45312500
1.65527344
6.09016844
1.60709718
15.44954344
9.66406250
0.75114015
6.97656250
0.04891968
13.35579344
2.72525377
1.44434341
4.49218750
19.54622313
3.08561281
5.34977172
0.01018311
14.33593750
2.32226562
6.92008422
1.71728391
2.44661624
10.44173094
1.20084718
3.13867188
12.07112547
12.99218750
18.08951906
6.57031250
4.95605469
7.66406250
4.32177734
1.98632812
3.38182846
10.67708998
4.23014406
2.61718750
1.56835938
14.62122184
6.49837655
4.42496579
12.28060062
4.24609375
16.43750000
0.44458008
6.67968750
11.16048094
1.37760500
3.15689938
9.44108156
15.94531250
6.38303463
2.11035405
17.23632812
10.05883789
11.16144504
5.56283466
1.64486092
7.86718750
3.50618407
8.51139406
1.91992188
0.04064941
6.51985594
5.95735594
5.54231937
2.76757812
1.71484375
3.77343750
1.56542969
9.24641844
1.36539797
7.42708001
10.03841312
12.10579593
16.66471188
20.77181156
11.41829344
8.39690164
3.56445312
8.66048094
8.97835328
13.10758422
7.17360350
11.00781250
19.18294437
5.77734375
17.58430408
9.72182626
7.21810062
17.47402954
7.04296875
4.45019282
11.28841312
21.76041750
9.12518311
3.13085938
12.07174552
6.28468542
1.73535156
12.88346188
1.47819343
14.80859375
15.11132314
8.33170656
0.94857186
5.22948471
1.82357435
8.08951906
6.02343750
8.52343750
2.35123532
6.32454344
12.71451906
11.30085931
4.18587655
0.53092531
8.91048094
6.21836510
12.39666666
0.01062775
3.72460938
8.61913564
10.31151596
2.92904809
2.22233156
7.60611813
6.15917969
7.25748781
4.01562500
2.92968750
0.26424071
2.97200687
13.18750000
9.59375000
21.54064941
6.03157469
9.85908186
1.91635028
12.91307846
9.82617935
13.23925781
6.66821289
8.88720703
2.56640625
6.41145501
4.25293218
10.80415560
2.89049651
3.44140625
9.91601064
3.34375498
5.94986813
9.81966312
2.51953125
0.71728516
8.71093750
5.01171875
10.92968750
5.45613524
3.73632812
10.71093750
7.50194814
2.39258311
7.37858156
0.38452148
15.61928926
7.31869902
0.00333786
10.19791002
9.10807624
0.77702155
0.02265930
2.67675781
4.15234375
9.50194814
2.97894786
7.88281250
30.79394531
5.15625000
5.29296875
7.70947266
11.90087766
2.64721804
3.67968750
13.04742432
0.15148926
0.95947266
7.42187500
3.13867188
3.51041501
4.72591312
0.37796872
4.63216312
5.65478017
10.42187998
1.95410156
2.77734375
11.64550532
6.73340093
16.03807846
2.03809341
6.46548316
4.01889184
9.28125000
7.48437500
11.47851562
8.25162345
9.64192625
9.91634530
7.99576906
11.51627438
3.51302249
4.78906250
6.92187500
4.31640625
4.85372925
4.45312500
0.37683105
12.81802970
11.88469182
2.38606937
4.35156250
10.67968750
11.17285156
3.99218750
11.10937500
13.23144282
0.70491453
10.70735594
3.26009530
31.44433345
3.22363530
2.89859985
3.53108765
12.50781250
0.04464722
9.65625000
5.05338376
9.09342531
10.28483156
4.17187500
0.72706194
4.34505873
1.86474609
9.82031250
1.61425781
11.29101562
3.53857422
8.37133789
1.00097656
5.92659173
4.08854499
7.71126219
5.04655031
24.11495972
7.64843750
2.46126219
6.42936281
3.66406250
2.31835938
3.39843750
9.03091534
9.12956560
10.89843750
12.49576906
7.38671875
2.65299313
1.46810062
10.99218750
2.60546875
9.14843750
10.63182846
6.30567154
0.49877930
9.19139628
0.85092060
8.33783561
3.69727061
5.10937500
1.90625000
13.41263580
3.51562500
13.13769531
5.34765625
5.76383422
1.67073609
3.13281250
7.63704344
0.38956789
3.89648438
8.21875000
17.54296875
17.59008789
0.57763672
5.92968750
7.31640625
3.63476562
1.98844588
4.57878435
4.12109375
1.00585938
0.03274536
6.23828125
2.76367188
4.44660129
0.46453152
12.53791985
6.84548011
6.30468750
8.80468750
0.79687500
13.22080994
3.57617188
9.64062500
4.36328125
10.75000000
10.18660461
3.07511414
7.01724845
5.03353280
13.50617908
3.42741467
2.01458345
6.58432402
3.22265625
0.32253006
1.76389572
0.79931641
8.54687500
3.28906250
6.57812500
3.31640625
8.75585938
6.88281250
0.30175781
14.03254876
11.65364749
6.58138187
8.58593750
0.20092773
6.69921875
10.44531250
4.49251219
4.19173094
8.93685062
2.66406250
0.86035156
13.54654034
1.36752216
16.94067383
1.72070312
4.27343750
4.37532220
6.60416999
1.31217282
2.89974124
12.91394806
5.10937500
9.96093750
17.59994507
4.19335439
3.27930186
5.41048094
12.17325929
8.26575868
1.78192929
5.30053462
6.22916999
0.47314453
14.54305267
3.59765625
5.22265625
1.74934813
6.27311281
0.80517578
9.02228613
2.83708887
3.38425865
6.70656166
4.41406250
0.48038695
0.00874879
4.01953125
8.94302970
21.29997077
2.77994626
1.57910405
7.43750000
0.00809479
0.00282669
9.07812500
3.32018545
15.59277842
0.86767578
5.28125000
7.66829344
15.94108156
4.23046875
6.40234375
11.08593750
1.84667969
1.68652344
3.40104001
1.43392093
4.18359375
8.60937500
13.25846188
0.78694828
10.03906250
9.68904041
3.01530529
1.64843750
0.00061941
3.77929688
2.40999017
4.13151374
10.21875000
0.12072754
6.37500000
5.64485594
4.58170656
1.35644531
2.64322751
4.21419437
2.41796875
5.84798094
10.07389406
9.92187500
4.57812500
6.85904034
1.37924091
13.68588008
8.59310062
5.46842531
7.30859375
5.96337392
21.53711436
6.39518063
17.31966312
2.24023438
7.84375000
8.00000000
0.34838867
5.25390625
14.75578352
9.98795656
17.52180657
5.33378425
17.51174971
4.34016844
10.72591312
10.62689209
10.48860594
9.23936544
0.07256573
12.19775266
0.66699343
2.70605220
5.48730718
9.02473626
2.57877936
7.89453125
12.85937500
6.25682846
4.96582779
3.62776360
5.54948249
1.50488281
4.43359375
13.63704344
3.60123781
5.85937500
0.49771969
7.19563719
2.01269780
3.22493157
5.57694831
14.34370848
7.75748781
3.30859375
6.19921875
6.36328125
0.00832367
1.79187012
13.16601562
3.37914276
1.98242188
13.28598547
7.59765625
0.04473877
0.00468445
9.25000000
8.95735594
1.32519033
4.61100842
1.94726562
3.32161126
0.74381843
6.56461547
0.06551148
3.16796875
4.23534409
2.55567154
23.83605957
3.21484375
2.08072751
9.82747562
1.27229485
4.96386968
8.87076906
0.00402451
3.78515625
8.06852172
0.66731812
10.03319814
0.97949717
2.30468750
6.46093750
10.36718750
3.41015625
11.21875000
5.00000000
5.07031250
0.43994141
3.11914062
0.58105469
15.47710081
1.52994875
5.47265625
5.55859375
5.22818844
6.65950687
9.23437500
9.11718750
1.81054688
5.11718750
6.34375000
7.58262084
0.87141969
7.87239251
0.69206061
2.28091534
12.29362810
5.33561281
8.03271484
6.66015625
0.44555664
0.86572266
10.46875000
5.36718750
8.99641844
1.74869875
5.18879876
6.58854499
4.90234375
0.81494141
3.98339844
6.50781250
3.98437500
4.27625526
0.27721153
2.38476562
5.98046875
3.55110594
2.13444093
4.28125000
11.00781250
7.28710938
9.36328125
6.33984375
1.46289062
0.40747070
5.05859375
3.13671875
6.71093750
8.88281250
1.10644531
6.23860594
11.97233156
2.85546875
2.61718750
4.75000000
0.84765625
1.54426253
0.51335466
3.01757812
2.83821532
0.16227297
15.87915978
6.46354499
2.12109375
4.62109375
2.25781250
0.40405273
4.70312500
7.48258422
0.03151490
17.00308954
0.37337956
0.09380106
0.20729916
5.75358156
9.58584764
0.21290184
0.12657591
9.97233156
9.35937500
4.00616911
1.76922151
13.60998535
2.35351562
4.29540891
1.19287234
7.50000000
1.78255125
2.40983156
3.64257812
4.03548094
4.12238753
1.39877216
11.79843565
0.82926515
6.53125000
11.47030640
6.67966756
3.60158244
13.19115722
10.42968750
11.87254806
1.02337351
8.32324468
3.31998781
5.42142731
5.09029144
1.58531805
11.34798094
9.52701906
1.62565187
7.38236481
0.10371918
1.83984375
10.22542110
1.88981327
0.51513672
9.21744626
3.75358156
7.28245119
6.28906250
10.20312500
0.60937500
5.00781250
10.89843750
2.04101562
0.88818359
0.46240234
0.15124512
1.78222656
12.97199939
6.00553967
2.80078125
5.94921875
2.22070312
5.26171875
5.68359375
1.52662849
4.62532469
0.55387453
0.26831055
0.08679199
0.55664062
16.53401530
7.44433095
10.74023936
14.21093750
0.41951414
1.17252687
17.80379211
1.21866883
9.21093750
0.22131348
1.24316406
3.80664062
2.53906250
4.97656250
17.56461547
0.24031617
3.20829177
3.66601562
0.17651367
0.00824738
3.69921875
5.23437500
0.29907227
10.48079344
4.25813221
3.24935560
10.08414672
0.17468293
0.38578215
2.65397218
3.13704344
9.67891511
0.12862152
1.85253906
6.21093750
2.95051751
1.35416999
3.72851562
3.08072252
0.53548842
3.59977495
